os,cpu,gpu,ram,kernel,driver,cpuscheduler
Steam Runtime 4,Intel Core i7-7700HQ CPU @ 2.80GHz,NVIDIA GeForce GTX 1050 Ti,24468604,6.12.108-1-MANJARO,,schedutil
fps,frametime,cpu_load,cpu_power,gpu_load,cpu_temp,gpu_temp,gpu_core_clock,gpu_mem_clock,gpu_vram_used,gpu_power,ram_used,swap_used,process_rss,cpu_mhz,elapsed
48.274,20.7151,52.9412,0,100,89,0,0,0,0,0,11.4215,2.30991,0,3401,494697677
45.2735,22.088,52.9412,0,100,89,0,0,0,0,0,11.4215,2.30991,0,3401,516786983
48.0452,20.8137,52.9412,0,100,89,0,0,0,0,0,11.4215,2.30991,0,3401,537602043
47.2804,21.1504,52.9412,0,100,89,0,0,0,0,0,11.4215,2.30991,0,3401,558752480
43.8684,22.7955,52.9412,0,100,89,0,0,0,0,0,11.4215,2.30991,0,3401,581549917
49.3822,20.2502,52.9412,0,100,89,0,0,0,0,0,11.4215,2.30991,0,3401,601801111
43.1034,23.2,52.9412,0,100,89,0,0,0,0,0,11.4215,2.30991,0,3401,625003293
51.3562,19.4718,52.9412,0,100,89,0,0,0,0,0,11.4215,2.30991,0,3401,644488411
43.7494,22.8574,52.9412,0,100,89,0,0,0,0,0,11.4215,2.30991,0,3401,667333597
46.1374,21.6744,52.9412,0,100,89,0,0,0,0,0,11.4215,2.30991,0,3401,689008600
50.9382,19.6316,52.9412,0,100,89,0,0,0,0,0,11.4215,2.30991,0,3401,708640904
44.0978,22.6769,52.9412,0,100,89,0,0,0,0,0,11.4215,2.30991,0,3401,731319544
48.6048,20.5741,52.9412,0,100,89,0,0,0,0,0,11.4215,2.30991,0,3401,751894911
44.5647,22.4393,52.9412,0,100,89,0,0,0,0,0,11.4215,2.30991,0,3401,774334749
47.0364,21.2601,52.9412,0,100,89,0,0,0,0,0,11.4215,2.30991,0,3401,795596682
44.6703,22.3862,52.9412,0,100,89,0,0,0,0,0,11.4215,2.30991,0,3401,818006832
54.3404,18.4025,52.9412,0,100,89,0,0,0,0,0,11.4215,2.30991,0,3401,836394218
42.3626,23.6057,52.9412,0,100,89,0,0,0,0,0,11.4215,2.30991,0,3401,860016961
48.1472,20.7696,52.9412,0,100,89,0,0,0,0,0,11.4215,2.30991,0,3401,880769229
47.2678,21.156,52.9412,0,100,89,0,0,0,0,0,11.4215,2.30991,0,3401,901925624
46.3329,21.583,52.9412,0,100,89,0,0,0,0,0,11.4215,2.30991,0,3401,923510994
46.7187,21.4047,52.9412,0,100,89,0,0,0,0,0,11.4215,2.30991,0,3401,944918854
49.1197,20.3584,52.9412,0,100,89,0,0,0,0,0,11.4215,2.30991,0,3401,965279722
48.5132,20.6129,49.0291,0,100,89,69,1525,3153,1.96688,0,11.4366,2.30991,0,3409,985891281
44.7117,22.3655,49.0291,0,100,89,69,1525,3153,1.96688,0,11.4366,2.30991,0,3409,1008258927
49.7717,20.0917,49.0291,0,100,89,69,1525,3153,1.96688,0,11.4366,2.30991,0,3409,1028363623
47.5867,21.0143,49.0291,0,100,89,69,1525,3153,1.96688,0,11.4366,2.30991,0,3409,1049366551
45.8471,21.8116,49.0291,0,100,89,69,1525,3153,1.96688,0,11.4366,2.30991,0,3409,1071178970
41.8101,23.9176,49.0291,0,100,89,69,1525,3153,1.96688,0,11.4366,2.30991,0,3409,1095099630
56.06,17.838,49.0291,0,100,89,69,1525,3153,1.96688,0,11.4366,2.30991,0,3409,1112939168
48.8582,20.4674,49.0291,0,100,89,69,1525,3153,1.96688,0,11.4366,2.30991,0,3409,1133406137
45.2596,22.0948,49.0291,0,100,89,69,1525,3153,1.96688,0,11.4366,2.30991,0,3409,1155503163
48.3955,20.6631,49.0291,0,100,89,69,1525,3153,1.96688,0,11.4366,2.30991,0,3409,1176165880
49.0984,20.3673,49.0291,0,100,89,69,1525,3153,1.96688,0,11.4366,2.30991,0,3409,1196533614
44.9123,22.2656,49.0291,0,100,89,69,1525,3153,1.96688,0,11.4366,2.30991,0,3409,1218802271
47.7641,20.9362,49.0291,0,100,89,69,1525,3153,1.96688,0,11.4366,2.30991,0,3409,1239739257
44.4099,22.5175,49.0291,0,100,89,69,1525,3153,1.96688,0,11.4366,2.30991,0,3409,1262258398
50.3839,19.8476,49.0291,0,100,89,69,1525,3153,1.96688,0,11.4366,2.30991,0,3409,1282106407
46.3781,21.5619,49.0291,0,100,89,69,1525,3153,1.96688,0,11.4366,2.30991,0,3409,1303669778
47.0229,21.2662,49.0291,0,100,89,69,1525,3153,1.96688,0,11.4366,2.30991,0,3409,1324938973
48.5959,20.5779,49.0291,0,100,89,69,1525,3153,1.96688,0,11.4366,2.30991,0,3409,1345517011
33.0171,30.2873,49.0291,0,100,89,69,1525,3153,1.96688,0,11.4366,2.30991,0,3409,1375804802
43.988,22.7334,49.0291,0,100,89,69,1525,3153,1.96688,0,11.4366,2.30991,0,3409,1398561287
64.7147,15.4524,49.0291,0,100,89,69,1525,3153,1.96688,0,11.4366,2.30991,0,3409,1414014192
38.2674,26.1319,49.0291,0,100,89,69,1525,3153,1.96688,0,11.4366,2.30991,0,3409,1440148600
53.2463,18.7807,49.0291,0,100,89,69,1525,3153,1.96688,0,11.4366,2.30991,0,3409,1458951462
52.347,19.1033,49.0291,0,100,89,69,1525,3153,1.96688,0,11.4366,2.30991,0,3409,1478061701
45.4282,22.0128,71.3936,0,100,84,77,1695,3504,2.18542,0,11.4373,2.30991,0,1729,1500070356
48.3495,20.6827,71.3936,0,100,84,77,1695,3504,2.18542,0,11.4373,2.30991,0,1729,1520754239
45.6675,21.8974,71.3936,0,100,84,77,1695,3504,2.18542,0,11.4373,2.30991,0,1729,1542654869
44.4074,22.5188,71.3936,0,100,84,77,1695,3504,2.18542,0,11.4373,2.30991,0,1729,1565173250
56.0947,17.827,71.3936,0,100,84,77,1695,3504,2.18542,0,11.4373,2.30991,0,1729,1583023141
49.5905,20.1652,71.3936,0,100,84,77,1695,3504,2.18542,0,11.4373,2.30991,0,1729,1603347808
52.4944,19.0496,71.3936,0,100,84,77,1695,3504,2.18542,0,11.4373,2.30991,0,1729,1622240578
42.247,23.6703,71.3936,0,100,84,77,1695,3504,2.18542,0,11.4373,2.30991,0,1729,1645912945
45.9262,21.7741,71.3936,0,100,84,77,1695,3504,2.18542,0,11.4373,2.30991,0,1729,1667686032
50.8294,19.6737,71.3936,0,100,84,77,1695,3504,2.18542,0,11.4373,2.30991,0,1729,1687361285
49.6281,20.1499,71.3936,0,100,84,77,1695,3504,2.18542,0,11.4373,2.30991,0,1729,1707512215
42.8845,23.3185,71.3936,0,100,84,77,1695,3504,2.18542,0,11.4373,2.30991,0,1729,1730831365
52.63,19.0006,71.3936,0,100,84,77,1695,3504,2.18542,0,11.4373,2.30991,0,1729,1749834786
42.5051,23.5266,71.3936,0,100,84,77,1695,3504,2.18542,0,11.4373,2.30991,0,1729,1773383183
41.9184,23.8559,71.3936,0,100,84,77,1695,3504,2.18542,0,11.4373,2.30991,0,1729,1797231563
45.3911,22.0308,71.3936,0,100,84,77,1695,3504,2.18542,0,11.4373,2.30991,0,1729,1819251054
40.11,24.9314,71.3936,0,100,84,77,1695,3504,2.18542,0,11.4373,2.30991,0,1729,1844196761
34.4877,28.9958,71.3936,0,100,84,77,1695,3504,2.18542,0,11.4373,2.30991,0,1729,1873189939
45.1341,22.1562,71.3936,0,100,84,77,1695,3504,2.18542,0,11.4373,2.30991,0,1729,1895359958
38.8921,25.7122,71.3936,0,100,84,77,1695,3504,2.18542,0,11.4373,2.30991,0,1729,1921052748
34.5594,28.9357,71.3936,0,100,84,77,1695,3504,2.18542,0,11.4373,2.30991,0,1729,1949989887
37.5086,26.6605,71.3936,0,100,84,77,1695,3504,2.18542,0,11.4373,2.30991,0,1729,1976651597
47.5255,21.0413,71.3936,0,100,84,77,1695,3504,2.18542,0,11.4373,2.30991,0,1729,1997699936
39.7424,25.1621,78.7081,0,100,84,77,1683,3504,2.18542,0,11.4401,2.30991,0,1751,2022856135
45.2577,22.0957,78.7081,0,100,84,77,1683,3504,2.18542,0,11.4401,2.30991,0,1751,2044952209
40.011,24.9931,78.7081,0,100,84,77,1683,3504,2.18542,0,11.4401,2.30991,0,1751,2069946511
39.6735,25.2057,78.7081,0,100,84,77,1683,3504,2.18542,0,11.4401,2.30991,0,1751,2095154926
46.2699,21.6123,78.7081,0,100,84,77,1683,3504,2.18542,0,11.4401,2.30991,0,1751,2116768275
38.8695,25.7271,78.7081,0,100,84,77,1683,3504,2.18542,0,11.4401,2.30991,0,1751,2142497213
48.6935,20.5366,78.7081,0,100,84,77,1683,3504,2.18542,0,11.4401,2.30991,0,1751,2163054818
34.8881,28.663,78.7081,0,100,84,77,1683,3504,2.18542,0,11.4401,2.30991,0,1751,2191697894
46.8153,21.3605,78.7081,0,100,84,77,1683,3504,2.18542,0,11.4401,2.30991,0,1751,2213092769
36.458,27.4288,78.7081,0,100,84,77,1683,3504,2.18542,0,11.4401,2.30991,0,1751,2240524064
50.7019,19.7231,78.7081,0,100,84,77,1683,3504,2.18542,0,11.4401,2.30991,0,1751,2260271000
44.5713,22.436,78.7081,0,100,84,77,1683,3504,2.18542,0,11.4401,2.30991,0,1751,2282703210
41.8306,23.9059,78.7081,0,100,84,77,1683,3504,2.18542,0,11.4401,2.30991,0,1751,2306591928
36.6026,27.3205,78.7081,0,100,84,77,1683,3504,2.18542,0,11.4401,2.30991,0,1751,2333934607
38.9281,25.6884,78.7081,0,100,84,77,1683,3504,2.18542,0,11.4401,2.30991,0,1751,2359619972
52.4344,19.0715,78.7081,0,100,84,77,1683,3504,2.18542,0,11.4401,2.30991,0,1751,2378674885
41.4186,24.1437,78.7081,0,100,84,77,1683,3504,2.18542,0,11.4401,2.30991,0,1751,2402843348
49.5504,20.1815,78.7081,0,100,84,77,1683,3504,2.18542,0,11.4401,2.30991,0,1751,2423024294
37.6322,26.573,78.7081,0,100,84,77,1683,3504,2.18542,0,11.4401,2.30991,0,1751,2449598547
43.9309,22.763,78.7081,0,100,84,77,1683,3504,2.18542,0,11.4401,2.30991,0,1751,2472386382
40.8108,24.5033,78.7081,0,100,84,77,1683,3504,2.18542,0,11.4401,2.30991,0,1751,2496865752
45.0178,22.2134,78.7081,0,100,84,77,1683,3504,2.18542,0,11.4401,2.30991,0,1751,2519085518
40.4832,24.7016,75.1185,0,100,83,77,1683,3504,2.18542,0,11.4394,2.30991,0,1772,2543796571
45.1891,22.1293,75.1185,0,100,83,77,1683,3504,2.18542,0,11.4394,2.30991,0,1772,2565935859
30.7865,32.4817,75.1185,0,100,83,77,1683,3504,2.18542,0,11.4394,2.30991,0,1772,2598396890
62.4276,16.0185,75.1185,0,100,83,77,1683,3504,2.18542,0,11.4394,2.30991,0,1772,2614417884
26.6647,37.5027,75.1185,0,100,83,77,1683,3504,2.18542,0,11.4394,2.30991,0,1772,2651942335
97.0299,10.3061,75.1185,0,100,83,77,1683,3504,2.18542,0,11.4394,2.30991,0,1772,2662248707
40.9025,24.4484,75.1185,0,100,83,77,1683,3504,2.18542,0,11.4394,2.30991,0,1772,2686677399
41.3106,24.2068,75.1185,0,100,83,77,1683,3504,2.18542,0,11.4394,2.30991,0,1772,2710885480
40.926,24.4343,75.1185,0,100,83,77,1683,3504,2.18542,0,11.4394,2.30991,0,1772,2735320536
49.2202,20.3169,75.1185,0,100,83,77,1683,3504,2.18542,0,11.4394,2.30991,0,1772,2755663080
42.8402,23.3426,75.1185,0,100,83,77,1683,3504,2.18542,0,11.4394,2.30991,0,1772,2779004404
42.1804,23.7077,75.1185,0,100,83,77,1683,3504,2.18542,0,11.4394,2.30991,0,1772,2802703618
39.4476,25.3501,75.1185,0,100,83,77,1683,3504,2.18542,0,11.4394,2.30991,0,1772,2828042784
41.5898,24.0444,75.1185,0,100,83,77,1683,3504,2.18542,0,11.4394,2.30991,0,1772,2852114529
41.1392,24.3077,75.1185,0,100,83,77,1683,3504,2.18542,0,11.4394,2.30991,0,1772,2876436730
44.9091,22.2672,75.1185,0,100,83,77,1683,3504,2.18542,0,11.4394,2.30991,0,1772,2898703820
41.7577,23.9477,75.1185,0,100,83,77,1683,3504,2.18542,0,11.4394,2.30991,0,1772,2922653645
42.5812,23.4845,75.1185,0,100,83,77,1683,3504,2.18542,0,11.4394,2.30991,0,1772,2946151331
47.4169,21.0895,75.1185,0,100,83,77,1683,3504,2.18542,0,11.4394,2.30991,0,1772,2967229349
35.4097,28.2409,75.1185,0,100,83,77,1683,3504,2.18542,0,11.4394,2.30991,0,1772,2995470585
42.9612,23.2768,75.1185,0,100,83,77,1683,3504,2.18542,0,11.4394,2.30991,0,1772,3018756433
47.077,21.2418,75.1185,0,100,83,77,1683,3504,2.18542,0,11.4394,2.30991,0,1772,3040019519
42.5641,23.494,73.9659,0,100,83,73,1387,3504,2.18542,0,11.4391,2.30991,0,1732,3063508151
46.9589,21.2952,73.9659,0,100,83,73,1387,3504,2.18542,0,11.4391,2.30991,0,1732,3084782979
40.4943,24.6948,73.9659,0,100,83,73,1387,3504,2.18542,0,11.4391,2.30991,0,1732,3109509305
42.4179,23.5749,73.9659,0,100,83,73,1387,3504,2.18542,0,11.4391,2.30991,0,1732,3133055868
41.2712,24.23,73.9659,0,100,83,73,1387,3504,2.18542,0,11.4391,2.30991,0,1732,3157307469
43.244,23.1246,73.9659,0,100,83,73,1387,3504,2.18542,0,11.4391,2.30991,0,1732,3180412503
45.0378,22.2036,73.9659,0,100,83,73,1387,3504,2.18542,0,11.4391,2.30991,0,1732,3202638542
41.3765,24.1683,73.9659,0,100,83,73,1387,3504,2.18542,0,11.4391,2.30991,0,1732,3226786560
39.3277,25.4274,73.9659,0,100,83,73,1387,3504,2.18542,0,11.4391,2.30991,0,1732,3252238610
47.3612,21.1143,73.9659,0,100,83,73,1387,3504,2.18542,0,11.4391,2.30991,0,1732,3273350198
42.7477,23.3931,73.9659,0,100,83,73,1387,3504,2.18542,0,11.4391,2.30991,0,1732,3296744443
41.1628,24.2938,73.9659,0,100,83,73,1387,3504,2.18542,0,11.4391,2.30991,0,1732,3321039372
44.5726,22.4353,73.9659,0,100,83,73,1387,3504,2.18542,0,11.4391,2.30991,0,1732,3343475206
44.4834,22.4803,73.9659,0,100,83,73,1387,3504,2.18542,0,11.4391,2.30991,0,1732,3365956226
40.952,24.4188,73.9659,0,100,83,73,1387,3504,2.18542,0,11.4391,2.30991,0,1732,3390389364
42.3143,23.6327,73.9659,0,100,83,73,1387,3504,2.18542,0,11.4391,2.30991,0,1732,3414023604
41.2405,24.248,73.9659,0,100,83,73,1387,3504,2.18542,0,11.4391,2.30991,0,1732,3438259108
49.6775,20.1298,73.9659,0,100,83,73,1387,3504,2.18542,0,11.4391,2.30991,0,1732,3458389988
39.9687,25.0196,73.9659,0,100,83,73,1387,3504,2.18542,0,11.4391,2.30991,0,1732,3483410835
47.4698,21.066,73.9659,0,100,83,73,1387,3504,2.18542,0,11.4391,2.30991,0,1732,3504479515
40.9273,24.4336,73.9659,0,100,83,73,1387,3504,2.18542,0,11.4391,2.30991,0,1732,3528933623
40.4802,24.7034,73.9659,0,100,83,73,1387,3504,2.18542,0,11.4391,2.30991,0,1732,3553643964
43.7191,22.8733,73.2843,0,99,81,73,1417,3504,2.18542,0,11.4394,2.30991,0,1726,3576514197
46.5576,21.4788,73.2843,0,99,81,73,1417,3504,2.18542,0,11.4394,2.30991,0,1726,3597995895
42.8523,23.336,73.2843,0,99,81,73,1417,3504,2.18542,0,11.4394,2.30991,0,1726,3621332591
46.9738,21.2885,73.2843,0,99,81,73,1417,3504,2.18542,0,11.4394,2.30991,0,1726,3642638757
40.2552,24.8415,73.2843,0,99,81,73,1417,3504,2.18542,0,11.4394,2.30991,0,1726,3667475949
43.8152,22.8231,73.2843,0,99,81,73,1417,3504,2.18542,0,11.4394,2.30991,0,1726,3690305877
41.3944,24.1579,73.2843,0,99,81,73,1417,3504,2.18542,0,11.4394,2.30991,0,1726,3714446825
47.365,21.1126,73.2843,0,99,81,73,1417,3504,2.18542,0,11.4394,2.30991,0,1726,3735559541
43.9317,22.7626,73.2843,0,99,81,73,1417,3504,2.18542,0,11.4394,2.30991,0,1726,3758345330
41.5844,24.0475,73.2843,0,99,81,73,1417,3504,2.18542,0,11.4394,2.30991,0,1726,3782372088
48.0858,20.7961,73.2843,0,99,81,73,1417,3504,2.18542,0,11.4394,2.30991,0,1726,3803169834
39.6144,25.2434,73.2843,0,99,81,73,1417,3504,2.18542,0,11.4394,2.30991,0,1726,3828432137
45.3897,22.0314,73.2843,0,99,81,73,1417,3504,2.18542,0,11.4394,2.30991,0,1726,3850446760
40.577,24.6445,73.2843,0,99,81,73,1417,3504,2.18542,0,11.4394,2.30991,0,1726,3875093983
46.9738,21.2885,73.2843,0,99,81,73,1417,3504,2.18542,0,11.4394,2.30991,0,1726,3896382674
43.1587,23.1703,73.2843,0,99,81,73,1417,3504,2.18542,0,11.4394,2.30991,0,1726,3919553835
40.6222,24.6171,73.2843,0,99,81,73,1417,3504,2.18542,0,11.4394,2.30991,0,1726,3944170890
44.6525,22.3951,73.2843,0,99,81,73,1417,3504,2.18542,0,11.4394,2.30991,0,1726,3966566662
50.4964,19.8034,73.2843,0,99,81,73,1417,3504,2.18542,0,11.4394,2.30991,0,1726,3986393054
42.9748,23.2694,73.2843,0,99,81,73,1417,3504,2.18542,0,11.4394,2.30991,0,1726,4009664442
37.8041,26.4522,73.2843,0,99,81,73,1417,3504,2.18542,0,11.4394,2.30991,0,1726,4036118531
48.3526,20.6814,73.2843,0,99,81,73,1417,3504,2.18542,0,11.4394,2.30991,0,1726,4056806400
37.8876,26.3939,74.1206,0,99,81,73,1417,3504,2.18542,0,11.4393,2.30991,0,1737,4083197010
48.282,20.7116,74.1206,0,99,81,73,1417,3504,2.18542,0,11.4393,2.30991,0,1737,4103909806
51.371,19.4662,74.1206,0,99,81,73,1417,3504,2.18542,0,11.4393,2.30991,0,1737,4123375734
37.7643,26.48,74.1206,0,99,81,73,1417,3504,2.18542,0,11.4393,2.30991,0,1737,4149871030
54.3371,18.4036,74.1206,0,99,81,73,1417,3504,2.18542,0,11.4393,2.30991,0,1737,4168262401
41.0992,24.3314,74.1206,0,99,81,73,1417,3504,2.18542,0,11.4393,2.30991,0,1737,4192594441
45.8019,21.8332,74.1206,0,99,81,73,1417,3504,2.18542,0,11.4393,2.30991,0,1737,4214429595
40.8082,24.5049,74.1206,0,99,81,73,1417,3504,2.18542,0,11.4393,2.30991,0,1737,4238936059
41.6582,24.0049,74.1206,0,99,81,73,1417,3504,2.18542,0,11.4393,2.30991,0,1737,4262940442
44.7911,22.3258,74.1206,0,99,81,73,1417,3504,2.18542,0,11.4393,2.30991,0,1737,4285288226
47.1753,21.1975,74.1206,0,99,81,73,1417,3504,2.18542,0,11.4393,2.30991,0,1737,4306466127
42.5134,23.522,74.1206,0,99,81,73,1417,3504,2.18542,0,11.4393,2.30991,0,1737,4329990203
40.3741,24.7684,74.1206,0,99,81,73,1417,3504,2.18542,0,11.4393,2.30991,0,1737,4354760055
48.7043,20.5321,74.1206,0,99,81,73,1417,3504,2.18542,0,11.4393,2.30991,0,1737,4375305131
40.8572,24.4755,74.1206,0,99,81,73,1417,3504,2.18542,0,11.4393,2.30991,0,1737,4399769999
66.0608,15.1376,74.1206,0,99,81,73,1417,3504,2.18542,0,11.4393,2.30991,0,1737,4414907221
40.9489,24.4207,74.1206,0,99,81,73,1417,3504,2.18542,0,11.4393,2.30991,0,1737,4439331049
46.0515,21.7148,74.1206,0,99,81,73,1417,3504,2.18542,0,11.4393,2.30991,0,1737,4461048925
44.0449,22.7041,74.1206,0,99,81,73,1417,3504,2.18542,0,11.4393,2.30991,0,1737,4483750937
41.8488,23.8956,74.1206,0,99,81,73,1417,3504,2.18542,0,11.4393,2.30991,0,1737,4507649000
44.7582,22.3423,74.1206,0,99,81,73,1417,3504,2.18542,0,11.4393,2.30991,0,1737,4529990818
43.8815,22.7886,74.1206,0,99,81,73,1417,3504,2.18542,0,11.4393,2.30991,0,1737,4552781615
43.8886,22.7849,74.1206,0,99,81,73,1417,3504,2.18542,0,11.4393,2.30991,0,1737,4575572231
44.01,22.7221,66.6667,0,100,90,73,1417,3504,2.18542,0,11.4321,2.30991,0,3400,4598289775
43.6577,22.9055,66.6667,0,100,90,73,1417,3504,2.18542,0,11.4321,2.30991,0,3400,4621195683
40.6042,24.628,66.6667,0,100,90,73,1417,3504,2.18542,0,11.4321,2.30991,0,3400,4645825081
47.0042,21.2747,66.6667,0,100,90,73,1417,3504,2.18542,0,11.4321,2.30991,0,3400,4667101221
44.3341,22.556,66.6667,0,100,90,73,1417,3504,2.18542,0,11.4321,2.30991,0,3400,4689658985
41.7812,23.9342,66.6667,0,100,90,73,1417,3504,2.18542,0,11.4321,2.30991,0,3400,4713611151
45.9175,21.7782,66.6667,0,100,90,73,1417,3504,2.18542,0,11.4321,2.30991,0,3400,4735374643
45.4324,22.0107,66.6667,0,100,90,73,1417,3504,2.18542,0,11.4321,2.30991,0,3400,4757385890
43.3506,23.0677,66.6667,0,100,90,73,1417,3504,2.18542,0,11.4321,2.30991,0,3400,4780453640
42.3662,23.6037,66.6667,0,100,90,73,1417,3504,2.18542,0,11.4321,2.30991,0,3400,4804058038
44.4257,22.5095,66.6667,0,100,90,73,1417,3504,2.18542,0,11.4321,2.30991,0,3400,4826568982
44.2671,22.5901,66.6667,0,100,90,73,1417,3504,2.18542,0,11.4321,2.30991,0,3400,4849159749
41.6334,24.0191,66.6667,0,100,90,73,1417,3504,2.18542,0,11.4321,2.30991,0,3400,4873181020
45.9432,21.766,66.6667,0,100,90,73,1417,3504,2.18542,0,11.4321,2.30991,0,3400,4894965291
43.3051,23.092,66.6667,0,100,90,73,1417,3504,2.18542,0,11.4321,2.30991,0,3400,4918039916
44.3893,22.5279,66.6667,0,100,90,73,1417,3504,2.18542,0,11.4321,2.30991,0,3400,4940581598
43.0282,23.2406,66.6667,0,100,90,73,1417,3504,2.18542,0,11.4321,2.30991,0,3400,4963810608
43.5718,22.9506,66.6667,0,100,90,73,1417,3504,2.18542,0,11.4321,2.30991,0,3400,4986762842
45.0667,22.1894,66.6667,0,100,90,73,1417,3504,2.18542,0,11.4321,2.30991,0,3400,5008953085
44.6649,22.389,66.6667,0,100,90,73,1417,3504,2.18542,0,11.4321,2.30991,0,3400,5031343040
43.7484,22.858,66.6667,0,100,90,73,1417,3504,2.18542,0,11.4321,2.30991,0,3400,5054204929
42.0419,23.7858,66.6667,0,100,90,73,1417,3504,2.18542,0,11.4321,2.30991,0,3400,5077993889
44.7911,22.3259,42.3174,0,100,90,72,1418,3504,2.18542,0,11.4325,2.30991,0,3453,5100315636
46.1533,21.6669,42.3174,0,100,90,72,1418,3504,2.18542,0,11.4325,2.30991,0,3453,5121984044
42.7617,23.3854,42.3174,0,100,90,72,1418,3504,2.18542,0,11.4325,2.30991,0,3453,5145371087
44.5715,22.4359,42.3174,0,100,90,72,1418,3504,2.18542,0,11.4325,2.30991,0,3453,5167810126
40.7369,24.5477,42.3174,0,100,90,72,1418,3504,2.18542,0,11.4325,2.30991,0,3453,5192358603
50.6058,19.7606,42.3174,0,100,90,72,1418,3504,2.18542,0,11.4325,2.30991,0,3453,5212118886
42.6899,23.4247,42.3174,0,100,90,72,1418,3504,2.18542,0,11.4325,2.30991,0,3453,5235545292
42.9525,23.2815,42.3174,0,100,90,72,1418,3504,2.18542,0,11.4325,2.30991,0,3453,5258827489
44.4387,22.5029,42.3174,0,100,90,72,1418,3504,2.18542,0,11.4325,2.30991,0,3453,5281331852
45.0845,22.1806,42.3174,0,100,90,72,1418,3504,2.18542,0,11.4325,2.30991,0,3453,5303513589
43.2581,23.1171,42.3174,0,100,90,72,1418,3504,2.18542,0,11.4325,2.30991,0,3453,5326631956
43.9948,22.73,42.3174,0,100,90,72,1418,3504,2.18542,0,11.4325,2.30991,0,3453,5349362820
38.5708,25.9263,42.3174,0,100,90,72,1418,3504,2.18542,0,11.4325,2.30991,0,3453,5375291756
50.4821,19.809,42.3174,0,100,90,72,1418,3504,2.18542,0,11.4325,2.30991,0,3453,5395100873
44.1858,22.6317,42.3174,0,100,90,72,1418,3504,2.18542,0,11.4325,2.30991,0,3453,5417733904
44.0891,22.6813,42.3174,0,100,90,72,1418,3504,2.18542,0,11.4325,2.30991,0,3453,5440416360
42.3548,23.6101,42.3174,0,100,90,72,1418,3504,2.18542,0,11.4325,2.30991,0,3453,5464026675
43.5798,22.9464,42.3174,0,100,90,72,1418,3504,2.18542,0,11.4325,2.30991,0,3453,5486975139
46.7808,21.3763,42.3174,0,100,90,72,1418,3504,2.18542,0,11.4325,2.30991,0,3453,5508351926
41.7976,23.9248,42.3174,0,100,90,72,1418,3504,2.18542,0,11.4325,2.30991,0,3453,5532277886
45.7383,21.8635,42.3174,0,100,90,72,1418,3504,2.18542,0,11.4325,2.30991,0,3453,5554143119
41.8368,23.9024,42.3174,0,100,90,72,1418,3504,2.18542,0,11.4325,2.30991,0,3453,5578051720
46.2673,21.6135,43.8961,0,100,90,72,1420,3504,2.18542,0,11.4325,2.30991,0,3402,5599674195
44.1252,22.6628,43.8961,0,100,90,72,1420,3504,2.18542,0,11.4325,2.30991,0,3402,5622325874
43.7886,22.837,43.8961,0,100,90,72,1420,3504,2.18542,0,11.4325,2.30991,0,3402,5645163498
44.5994,22.4218,43.8961,0,100,90,72,1420,3504,2.18542,0,11.4325,2.30991,0,3402,5667585745
43.639,22.9153,43.8961,0,100,90,72,1420,3504,2.18542,0,11.4325,2.30991,0,3402,5690502184
45.4398,22.0071,43.8961,0,100,90,72,1420,3504,2.18542,0,11.4325,2.30991,0,3402,5712510478
43.4606,23.0094,43.8961,0,100,90,72,1420,3504,2.18542,0,11.4325,2.30991,0,3402,5735520758
43.9577,22.7492,43.8961,0,100,90,72,1420,3504,2.18542,0,11.4325,2.30991,0,3402,5758271532
44.9164,22.2636,43.8961,0,100,90,72,1420,3504,2.18542,0,11.4325,2.30991,0,3402,5780536173
43.45,23.015,43.8961,0,100,90,72,1420,3504,2.18542,0,11.4325,2.30991,0,3402,5803554477
44.7853,22.3287,43.8961,0,100,90,72,1420,3504,2.18542,0,11.4325,2.30991,0,3402,5825881910
44.0141,22.72,43.8961,0,100,90,72,1420,3504,2.18542,0,11.4325,2.30991,0,3402,5848603329
44.0721,22.6901,43.8961,0,100,90,72,1420,3504,2.18542,0,11.4325,2.30991,0,3402,5871295037
44.1218,22.6645,43.8961,0,100,90,72,1420,3504,2.18542,0,11.4325,2.30991,0,3402,5893960314
43.2392,23.1272,43.8961,0,100,90,72,1420,3504,2.18542,0,11.4325,2.30991,0,3402,5917089261
46.2011,21.6445,43.8961,0,100,90,72,1420,3504,2.18542,0,11.4325,2.30991,0,3402,5938733922
44.9727,22.2357,43.8961,0,100,90,72,1420,3504,2.18542,0,11.4325,2.30991,0,3402,5960971402
44.7286,22.3571,43.8961,0,100,90,72,1420,3504,2.18542,0,11.4325,2.30991,0,3402,5983330226
44.2133,22.6176,43.8961,0,100,90,72,1420,3504,2.18542,0,11.4325,2.30991,0,3402,6005949111
43.7611,22.8513,43.8961,0,100,90,72,1420,3504,2.18542,0,11.4325,2.30991,0,3402,6028803531
45.0857,22.18,43.8961,0,100,90,72,1420,3504,2.18542,0,11.4325,2.30991,0,3402,6050984340
42.4578,23.5528,43.8961,0,100,90,72,1420,3504,2.18542,0,11.4325,2.30991,0,3402,6074537929
43.4284,23.0264,43.8961,0,100,90,72,1420,3504,2.18542,0,11.4325,2.30991,0,3402,6097570242
39.9375,25.0391,42.9975,0,100,89,72,1420,3504,2.18542,0,11.4324,2.30991,0,3400,6122606869
49.5443,20.184,42.9975,0,100,89,72,1420,3504,2.18542,0,11.4324,2.30991,0,3400,6142791760
43.0221,23.2438,42.9975,0,100,89,72,1420,3504,2.18542,0,11.4324,2.30991,0,3400,6166038642
45.7638,21.8513,42.9975,0,100,89,72,1420,3504,2.18542,0,11.4324,2.30991,0,3400,6187890126
44.2733,22.587,42.9975,0,100,89,72,1420,3504,2.18542,0,11.4324,2.30991,0,3400,6210478564
41.3658,24.1746,42.9975,0,100,89,72,1420,3504,2.18542,0,11.4324,2.30991,0,3400,6234654229
48.0296,20.8205,42.9975,0,100,89,72,1420,3504,2.18542,0,11.4324,2.30991,0,3400,6255475481
43.4559,23.0118,42.9975,0,100,89,72,1420,3504,2.18542,0,11.4324,2.30991,0,3400,6278487932
46.046,21.7174,42.9975,0,100,89,72,1420,3504,2.18542,0,11.4324,2.30991,0,3400,6300207074
44.6491,22.3968,42.9975,0,100,89,72,1420,3504,2.18542,0,11.4324,2.30991,0,3400,6322605592
46.2842,21.6057,42.9975,0,100,89,72,1420,3504,2.18542,0,11.4324,2.30991,0,3400,6344211958
44.1552,22.6474,42.9975,0,100,89,72,1420,3504,2.18542,0,11.4324,2.30991,0,3400,6366861280
43.9538,22.7512,42.9975,0,100,89,72,1420,3504,2.18542,0,11.4324,2.30991,0,3400,6389613994
46.3016,21.5975,42.9975,0,100,89,72,1420,3504,2.18542,0,11.4324,2.30991,0,3400,6411212830
45.2025,22.1227,42.9975,0,100,89,72,1420,3504,2.18542,0,11.4324,2.30991,0,3400,6433337708
42.8943,23.3131,42.9975,0,100,89,72,1420,3504,2.18542,0,11.4324,2.30991,0,3400,6456652189
45.0722,22.1866,42.9975,0,100,89,72,1420,3504,2.18542,0,11.4324,2.30991,0,3400,6478838832
43.0689,23.2186,42.9975,0,100,89,72,1420,3504,2.18542,0,11.4324,2.30991,0,3400,6502058911
41.6051,24.0355,42.9975,0,100,89,72,1420,3504,2.18542,0,11.4324,2.30991,0,3400,6526094903
45.547,21.9554,42.9975,0,100,89,72,1420,3504,2.18542,0,11.4324,2.30991,0,3400,6548051917
44.76,22.3414,42.9975,0,100,89,72,1420,3504,2.18542,0,11.4324,2.30991,0,3400,6570396335
42.6767,23.432,42.9975,0,100,89,72,1420,3504,2.18542,0,11.4324,2.30991,0,3400,6593828156
48.4101,20.6569,42.9975,0,100,89,72,1420,3504,2.18542,0,11.4324,2.30991,0,3400,6614490395
44.8137,22.3146,45.7921,0,100,89,72,1422,3504,2.18542,0,11.4363,2.30991,0,3402,6636801879
44.2234,22.6125,45.7921,0,100,89,72,1422,3504,2.18542,0,11.4363,2.30991,0,3402,6659432645
41.4724,24.1124,45.7921,0,100,89,72,1422,3504,2.18542,0,11.4363,2.30991,0,3402,6683531337
43.9518,22.7522,45.7921,0,100,89,72,1422,3504,2.18542,0,11.4363,2.30991,0,3402,6706282825
46.0675,21.7073,45.7921,0,100,89,72,1422,3504,2.18542,0,11.4363,2.30991,0,3402,6727991158
46.0433,21.7187,45.7921,0,100,89,72,1422,3504,2.18542,0,11.4363,2.30991,0,3402,6749710698
45.1904,22.1286,45.7921,0,100,89,72,1422,3504,2.18542,0,11.4363,2.30991,0,3402,6771839722
43.4407,23.0199,45.7921,0,100,89,72,1422,3504,2.18542,0,11.4363,2.30991,0,3402,6794860913
47.0226,21.2664,45.7921,0,100,89,72,1422,3504,2.18542,0,11.4363,2.30991,0,3402,6816127283
41.4448,24.1285,45.7921,0,100,89,72,1422,3504,2.18542,0,11.4363,2.30991,0,3402,6840257462
48.106,20.7874,45.7921,0,100,89,72,1422,3504,2.18542,0,11.4363,2.30991,0,3402,6861045101
45.0689,22.1882,45.7921,0,100,89,72,1422,3504,2.18542,0,11.4363,2.30991,0,3402,6883234559
42.1898,23.7024,45.7921,0,100,89,72,1422,3504,2.18542,0,11.4363,2.30991,0,3402,6906937289
46.0035,21.7375,45.7921,0,100,89,72,1422,3504,2.18542,0,11.4363,2.30991,0,3402,6928676309
46.1663,21.6608,45.7921,0,100,89,72,1422,3504,2.18542,0,11.4363,2.30991,0,3402,6950338961
45.8518,21.8094,45.7921,0,100,89,72,1422,3504,2.18542,0,11.4363,2.30991,0,3402,6972149793
42.2905,23.646,45.7921,0,100,89,72,1422,3504,2.18542,0,11.4363,2.30991,0,3402,6995795710
47.1969,21.1878,45.7921,0,100,89,72,1422,3504,2.18542,0,11.4363,2.30991,0,3402,7016985924
43.1949,23.1509,45.7921,0,100,89,72,1422,3504,2.18542,0,11.4363,2.30991,0,3402,7040139236
46.578,21.4694,45.7921,0,100,89,72,1422,3504,2.18542,0,11.4363,2.30991,0,3402,7061607849
45.8994,21.7868,45.7921,0,100,89,72,1422,3504,2.18542,0,11.4363,2.30991,0,3402,7083397211
44.9296,22.2571,45.7921,0,100,89,72,1422,3504,2.18542,0,11.4363,2.30991,0,3402,7105654426
45.3244,22.0632,45.7921,0,100,89,72,1422,3504,2.18542,0,11.4363,2.30991,0,3402,7127724579
43.4574,23.0111,55.9701,0,100,90,72,1422,3504,2.18542,0,11.4306,2.30991,0,3414,7150732957
45.2804,22.0846,55.9701,0,100,90,72,1422,3504,2.18542,0,11.4306,2.30991,0,3414,7172817985
43.4564,23.0115,55.9701,0,100,90,72,1422,3504,2.18542,0,11.4306,2.30991,0,3414,7195843197
44.9467,22.2486,55.9701,0,100,90,72,1422,3504,2.18542,0,11.4306,2.30991,0,3414,7218083925
40.4177,24.7416,55.9701,0,100,90,72,1422,3504,2.18542,0,11.4306,2.30991,0,3414,7242827756
49.397,20.2442,55.9701,0,100,90,72,1422,3504,2.18542,0,11.4306,2.30991,0,3414,7263073193
44.7296,22.3565,55.9701,0,100,90,72,1422,3504,2.18542,0,11.4306,2.30991,0,3414,7285431114
44.2461,22.6009,55.9701,0,100,90,72,1422,3504,2.18542,0,11.4306,2.30991,0,3414,7308033460
43.4197,23.031,55.9701,0,100,90,72,1422,3504,2.18542,0,11.4306,2.30991,0,3414,7331065099
43.6661,22.901,55.9701,0,100,90,72,1422,3504,2.18542,0,11.4306,2.30991,0,3414,7353968035
43.929,22.764,55.9701,0,100,90,72,1422,3504,2.18542,0,11.4306,2.30991,0,3414,7376733184
43.2057,23.1451,55.9701,0,100,90,72,1422,3504,2.18542,0,11.4306,2.30991,0,3414,7399879723
46.7428,21.3937,55.9701,0,100,90,72,1422,3504,2.18542,0,11.4306,2.30991,0,3414,7421274614
45.3023,22.0739,55.9701,0,100,90,72,1422,3504,2.18542,0,11.4306,2.30991,0,3414,7443349631
45.0614,22.1919,55.9701,0,100,90,72,1422,3504,2.18542,0,11.4306,2.30991,0,3414,7465542765
44.1663,22.6417,55.9701,0,100,90,72,1422,3504,2.18542,0,11.4306,2.30991,0,3414,7488184952
46.699,21.4137,55.9701,0,100,90,72,1422,3504,2.18542,0,11.4306,2.30991,0,3414,7509600100
42.6117,23.4677,55.9701,0,100,90,72,1422,3504,2.18542,0,11.4306,2.30991,0,3414,7533068636
47.9938,20.836,55.9701,0,100,90,72,1422,3504,2.18542,0,11.4306,2.30991,0,3414,7553911215
47.8445,20.901,55.9701,0,100,90,72,1422,3504,2.18542,0,11.4306,2.30991,0,3414,7574811210
45.6302,21.9153,55.9701,0,100,90,72,1422,3504,2.18542,0,11.4306,2.30991,0,3414,7596728866
43.8258,22.8176,55.9701,0,100,90,72,1422,3504,2.18542,0,11.4306,2.30991,0,3414,7619547368
45.3486,22.0514,55.9701,0,100,90,72,1422,3504,2.18542,0,11.4306,2.30991,0,3414,7641608426
45.4213,22.0161,45.5224,0,100,90,72,1428,3504,2.18542,0,11.4229,2.30991,0,3404,7663617304
45.4923,21.9817,45.5224,0,100,90,72,1428,3504,2.18542,0,11.4229,2.30991,0,3404,7685600598
45.4939,21.981,45.5224,0,100,90,72,1428,3504,2.18542,0,11.4229,2.30991,0,3404,7707582021
46.0375,21.7214,45.5224,0,100,90,72,1428,3504,2.18542,0,11.4229,2.30991,0,3404,7729305838
46.2153,21.6378,45.5224,0,100,90,72,1428,3504,2.18542,0,11.4229,2.30991,0,3404,7750944477
46.3139,21.5918,45.5224,0,100,90,72,1428,3504,2.18542,0,11.4229,2.30991,0,3404,7772538024
43.8169,22.8222,45.5224,0,100,90,72,1428,3504,2.18542,0,11.4229,2.30991,0,3404,7795360903
46.6639,21.4298,45.5224,0,100,90,72,1428,3504,2.18542,0,11.4229,2.30991,0,3404,7816791628
46.7682,21.3821,45.5224,0,100,90,72,1428,3504,2.18542,0,11.4229,2.30991,0,3404,7838188384
47.0856,21.2379,45.5224,0,100,90,72,1428,3504,2.18542,0,11.4229,2.30991,0,3404,7859414702
43.6105,22.9303,45.5224,0,100,90,72,1428,3504,2.18542,0,11.4229,2.30991,0,3404,7882345725
46.4841,21.5127,45.5224,0,100,90,72,1428,3504,2.18542,0,11.4229,2.30991,0,3404,7903860762
46.8517,21.344,45.5224,0,100,90,72,1428,3504,2.18542,0,11.4229,2.30991,0,3404,7925204216
45.757,21.8546,45.5224,0,100,90,72,1428,3504,2.18542,0,11.4229,2.30991,0,3404,7947059403
46.3321,21.5833,45.5224,0,100,90,72,1428,3504,2.18542,0,11.4229,2.30991,0,3404,7968644604
45.1681,22.1395,45.5224,0,100,90,72,1428,3504,2.18542,0,11.4229,2.30991,0,3404,7990784049
45.9355,21.7696,45.5224,0,100,90,72,1428,3504,2.18542,0,11.4229,2.30991,0,3404,8012556869
46.7538,21.3886,45.5224,0,100,90,72,1428,3504,2.18542,0,11.4229,2.30991,0,3404,8033945748
43.9445,22.756,45.5224,0,100,90,72,1428,3504,2.18542,0,11.4229,2.30991,0,3404,8056703353
44.7001,22.3713,45.5224,0,100,90,72,1428,3504,2.18542,0,11.4229,2.30991,0,3404,8079076555
49.1594,20.342,45.5224,0,100,90,72,1428,3504,2.18542,0,11.4229,2.30991,0,3404,8099417663
41.8282,23.9073,45.5224,0,100,90,72,1428,3504,2.18542,0,11.4229,2.30991,0,3404,8123326412
45.2054,22.1213,45.5224,0,100,90,72,1428,3504,2.18542,0,11.4229,2.30991,0,3404,8145452933
47.869,20.8903,46.9287,0,100,91,72,1445,3504,2.18542,0,11.4231,2.30991,0,3413,8166341619
46.2226,21.6344,46.9287,0,100,91,72,1445,3504,2.18542,0,11.4231,2.30991,0,3413,8187977066
45.5675,21.9455,46.9287,0,100,91,72,1445,3504,2.18542,0,11.4231,2.30991,0,3413,8209924716
47.7148,20.9579,46.9287,0,100,91,72,1445,3504,2.18542,0,11.4231,2.30991,0,3413,8230883734
45.1352,22.1556,46.9287,0,100,91,72,1445,3504,2.18542,0,11.4231,2.30991,0,3413,8253039599
46.933,21.307,46.9287,0,100,91,72,1445,3504,2.18542,0,11.4231,2.30991,0,3413,8274346673
45.6023,21.9287,46.9287,0,100,91,72,1445,3504,2.18542,0,11.4231,2.30991,0,3413,8296276933
46.437,21.5346,46.9287,0,100,91,72,1445,3504,2.18542,0,11.4231,2.30991,0,3413,8317813010
45.6217,21.9194,46.9287,0,100,91,72,1445,3504,2.18542,0,11.4231,2.30991,0,3413,8339734276
45.6315,21.9147,46.9287,0,100,91,72,1445,3504,2.18542,0,11.4231,2.30991,0,3413,8361647952
45.7683,21.8492,46.9287,0,100,91,72,1445,3504,2.18542,0,11.4231,2.30991,0,3413,8383499890
44.3277,22.5593,46.9287,0,100,91,72,1445,3504,2.18542,0,11.4231,2.30991,0,3413,8406060079
46.6394,21.4411,46.9287,0,100,91,72,1445,3504,2.18542,0,11.4231,2.30991,0,3413,8427502425
45.3861,22.0332,46.9287,0,100,91,72,1445,3504,2.18542,0,11.4231,2.30991,0,3413,8449537026
45.6443,21.9086,46.9287,0,100,91,72,1445,3504,2.18542,0,11.4231,2.30991,0,3413,8471447584
46.7171,21.4054,46.9287,0,100,91,72,1445,3504,2.18542,0,11.4231,2.30991,0,3413,8492853733
46.7908,21.3717,46.9287,0,100,91,72,1445,3504,2.18542,0,11.4231,2.30991,0,3413,8514227260
46.11,21.6873,46.9287,0,100,91,72,1445,3504,2.18542,0,11.4231,2.30991,0,3413,8535915568
46.6329,21.4441,46.9287,0,100,91,72,1445,3504,2.18542,0,11.4231,2.30991,0,3413,8557360608
45.3407,22.0552,46.9287,0,100,91,72,1445,3504,2.18542,0,11.4231,2.30991,0,3413,8579416310
43.7274,22.869,46.9287,0,100,91,72,1445,3504,2.18542,0,11.4231,2.30991,0,3413,8602287672
45.4046,22.0242,46.9287,0,100,91,72,1445,3504,2.18542,0,11.4231,2.30991,0,3413,8624313973
45.5532,21.9524,46.9287,0,100,91,72,1445,3504,2.18542,0,11.4231,2.30991,0,3413,8646271510
46.5465,21.4839,46.75,0,100,91,73,1477,3504,2.18542,0,11.4231,2.30991,0,3400,8667751469
43.676,22.8959,46.75,0,100,91,73,1477,3504,2.18542,0,11.4231,2.30991,0,3400,8690648738
47.4724,21.0649,46.75,0,100,91,73,1477,3504,2.18542,0,11.4231,2.30991,0,3400,8711715363
45.567,21.9457,46.75,0,100,91,73,1477,3504,2.18542,0,11.4231,2.30991,0,3400,8733661743
44.5748,22.4342,46.75,0,100,91,73,1477,3504,2.18542,0,11.4231,2.30991,0,3400,8756097381
46.3642,21.5684,46.75,0,100,91,73,1477,3504,2.18542,0,11.4231,2.30991,0,3400,8777666816
46.5739,21.4713,46.75,0,100,91,73,1477,3504,2.18542,0,11.4231,2.30991,0,3400,8799156754
45.8644,21.8034,46.75,0,100,91,73,1477,3504,2.18542,0,11.4231,2.30991,0,3400,8820943942
44.3616,22.542,46.75,0,100,91,73,1477,3504,2.18542,0,11.4231,2.30991,0,3400,8843487644
44.6946,22.3741,46.75,0,100,91,73,1477,3504,2.18542,0,11.4231,2.30991,0,3400,8865862946
45.7059,21.879,46.75,0,100,91,73,1477,3504,2.18542,0,11.4231,2.30991,0,3400,8887742920
46.3613,21.5697,46.75,0,100,91,73,1477,3504,2.18542,0,11.4231,2.30991,0,3400,8909313683
45.2817,22.084,46.75,0,100,91,73,1477,3504,2.18542,0,11.4231,2.30991,0,3400,8931400209
44.8904,22.2765,46.75,0,100,91,73,1477,3504,2.18542,0,11.4231,2.30991,0,3400,8953676873
45.0498,22.1976,46.75,0,100,91,73,1477,3504,2.18542,0,11.4231,2.30991,0,3400,8975875911
45.2538,22.0976,46.75,0,100,91,73,1477,3504,2.18542,0,11.4231,2.30991,0,3400,8997974842
44.2242,22.6121,46.75,0,100,91,73,1477,3504,2.18542,0,11.4231,2.30991,0,3400,9020588653
44.4912,22.4764,46.75,0,100,91,73,1477,3504,2.18542,0,11.4231,2.30991,0,3400,9043066830
46.2891,21.6034,46.75,0,100,91,73,1477,3504,2.18542,0,11.4231,2.30991,0,3400,9064671896
46.2112,21.6398,46.75,0,100,91,73,1477,3504,2.18542,0,11.4231,2.30991,0,3400,9086330045
44.6627,22.3901,46.75,0,100,91,73,1477,3504,2.18542,0,11.4231,2.30991,0,3400,9108703034
42.1775,23.7093,46.75,0,100,91,73,1477,3504,2.18542,0,11.4231,2.30991,0,3400,9132416385
48.8258,20.481,46.75,0,100,91,73,1477,3504,2.18542,0,11.4231,2.30991,0,3400,9152898954
44.1485,22.6508,45.8438,0,100,88,73,1480,3504,2.18542,0,11.4233,2.30991,0,3400,9175547754
45.8177,21.8256,45.8438,0,100,88,73,1480,3504,2.18542,0,11.4233,2.30991,0,3400,9197377254
42.9807,23.2662,45.8438,0,100,88,73,1480,3504,2.18542,0,11.4233,2.30991,0,3400,9220643463
45.4474,22.0035,45.8438,0,100,88,73,1480,3504,2.18542,0,11.4233,2.30991,0,3400,9242647218
43.7568,22.8536,45.8438,0,100,88,73,1480,3504,2.18542,0,11.4233,2.30991,0,3400,9265502704
45.7719,21.8475,45.8438,0,100,88,73,1480,3504,2.18542,0,11.4233,2.30991,0,3400,9287350203
44.9508,22.2465,45.8438,0,100,88,73,1480,3504,2.18542,0,11.4233,2.30991,0,3400,9309598683
45.7062,21.8789,45.8438,0,100,88,73,1480,3504,2.18542,0,11.4233,2.30991,0,3400,9331479011
46.7137,21.407,45.8438,0,100,88,73,1480,3504,2.18542,0,11.4233,2.30991,0,3400,9352887508
43.8464,22.8069,45.8438,0,100,88,73,1480,3504,2.18542,0,11.4233,2.30991,0,3400,9375693892
43.4373,23.0217,45.8438,0,100,88,73,1480,3504,2.18542,0,11.4233,2.30991,0,3400,9398724744
47.6862,20.9704,45.8438,0,100,88,73,1480,3504,2.18542,0,11.4233,2.30991,0,3400,9419689066
42.3094,23.6354,45.8438,0,100,88,73,1480,3504,2.18542,0,11.4233,2.30991,0,3400,9443325648
46.5932,21.4624,45.8438,0,100,88,73,1480,3504,2.18542,0,11.4233,2.30991,0,3400,9464789748
43.497,22.9901,45.8438,0,100,88,73,1480,3504,2.18542,0,11.4233,2.30991,0,3400,9487780756
44.7239,22.3594,45.8438,0,100,88,73,1480,3504,2.18542,0,11.4233,2.30991,0,3400,9510142691
41.9561,23.8344,45.8438,0,100,88,73,1480,3504,2.18542,0,11.4233,2.30991,0,3400,9533977474
42.9309,23.2932,45.8438,0,100,88,73,1480,3504,2.18542,0,11.4233,2.30991,0,3400,9557272145
52.6041,19.0099,45.8438,0,100,88,73,1480,3504,2.18542,0,11.4233,2.30991,0,3400,9576283516
43.5761,22.9484,45.8438,0,100,88,73,1480,3504,2.18542,0,11.4233,2.30991,0,3400,9599233170
43.8998,22.7792,45.8438,0,100,88,73,1480,3504,2.18542,0,11.4233,2.30991,0,3400,9622013985
43.4998,22.9886,45.8438,0,100,88,73,1480,3504,2.18542,0,11.4233,2.30991,0,3400,9645002677
45.0714,22.187,45.8438,0,100,88,73,1480,3504,2.18542,0,11.4233,2.30991,0,3400,9667197369
44.7089,22.3669,50.4854,0,100,88,73,1480,3504,2.18542,0,11.4308,2.30991,0,3400,9689560806
44.9745,22.2348,50.4854,0,100,88,73,1480,3504,2.18542,0,11.4308,2.30991,0,3400,9711796900
45.9319,21.7714,50.4854,0,100,88,73,1480,3504,2.18542,0,11.4308,2.30991,0,3400,9733597808
43.4528,23.0135,50.4854,0,100,88,73,1480,3504,2.18542,0,11.4308,2.30991,0,3400,9756582745
44.5529,22.4452,50.4854,0,100,88,73,1480,3504,2.18542,0,11.4308,2.30991,0,3400,9779028787
44.2804,22.5834,50.4854,0,100,88,73,1480,3504,2.18542,0,11.4308,2.30991,0,3400,9801613691
44.6683,22.3872,50.4854,0,100,88,73,1480,3504,2.18542,0,11.4308,2.30991,0,3400,9824002907
43.7741,22.8446,50.4854,0,100,88,73,1480,3504,2.18542,0,11.4308,2.30991,0,3400,9846847533
44.6767,22.383,50.4854,0,100,88,73,1480,3504,2.18542,0,11.4308,2.30991,0,3400,9869231835
45.0574,22.1939,50.4854,0,100,88,73,1480,3504,2.18542,0,11.4308,2.30991,0,3400,9891446965
45.8113,21.8287,50.4854,0,100,88,73,1480,3504,2.18542,0,11.4308,2.30991,0,3400,9913256643
42.4042,23.5826,50.4854,0,100,88,73,1480,3504,2.18542,0,11.4308,2.30991,0,3400,9936842496
44.8353,22.3039,50.4854,0,100,88,73,1480,3504,2.18542,0,11.4308,2.30991,0,3400,9959146316
43.9291,22.764,50.4854,0,100,88,73,1480,3504,2.18542,0,11.4308,2.30991,0,3400,9981910526
45.2866,22.0816,50.4854,0,100,88,73,1480,3504,2.18542,0,11.4308,2.30991,0,3400,10003993552
46.1541,21.6666,50.4854,0,100,88,73,1480,3504,2.18542,0,11.4308,2.30991,0,3400,10025661158
42.5485,23.5026,50.4854,0,100,88,73,1480,3504,2.18542,0,11.4308,2.30991,0,3400,10049165418
43.7135,22.8762,50.4854,0,100,88,73,1480,3504,2.18542,0,11.4308,2.30991,0,3400,10072043104
45.701,21.8813,50.4854,0,100,88,73,1480,3504,2.18542,0,11.4308,2.30991,0,3400,10093927106
45.635,21.913,50.4854,0,100,88,73,1480,3504,2.18542,0,11.4308,2.30991,0,3400,10115841361
43.5441,22.9652,50.4854,0,100,88,73,1480,3504,2.18542,0,11.4308,2.30991,0,3400,10138807590
41.5501,24.0674,50.4854,0,100,88,73,1480,3504,2.18542,0,11.4308,2.30991,0,3400,10162875882
44.7748,22.334,50.4854,0,100,88,73,1480,3504,2.18542,0,11.4308,2.30991,0,3400,10185215835
45.2217,22.1133,49.1686,0,100,90,73,1480,3504,2.18542,0,11.431,2.30991,0,3404,10207325542
46.9201,21.3128,49.1686,0,100,90,73,1480,3504,2.18542,0,11.431,2.30991,0,3404,10228640024
41.0764,24.3449,49.1686,0,100,90,73,1480,3504,2.18542,0,11.431,2.30991,0,3404,10252986432
44.2163,22.6161,49.1686,0,100,90,73,1480,3504,2.18542,0,11.431,2.30991,0,3404,10275602803
41.9023,23.865,49.1686,0,100,90,73,1480,3504,2.18542,0,11.431,2.30991,0,3404,10299470023
45.8272,21.8211,49.1686,0,100,90,73,1480,3504,2.18542,0,11.431,2.30991,0,3404,10321292776
44.9972,22.2236,49.1686,0,100,90,73,1480,3504,2.18542,0,11.431,2.30991,0,3404,10343518156
43.3522,23.0669,49.1686,0,100,90,73,1480,3504,2.18542,0,11.431,2.30991,0,3404,10366584659
45.3167,22.0669,49.1686,0,100,90,73,1480,3504,2.18542,0,11.431,2.30991,0,3404,10388652935
44.6709,22.3859,49.1686,0,100,90,73,1480,3504,2.18542,0,11.431,2.30991,0,3404,10411040387
42.7512,23.3911,49.1686,0,100,90,73,1480,3504,2.18542,0,11.431,2.30991,0,3404,10434433053
41.3599,24.178,49.1686,0,100,90,73,1480,3504,2.18542,0,11.431,2.30991,0,3404,10458611057
49.8229,20.0711,49.1686,0,100,90,73,1480,3504,2.18542,0,11.431,2.30991,0,3404,10478684024
43.6445,22.9124,49.1686,0,100,90,73,1480,3504,2.18542,0,11.431,2.30991,0,3404,10501615390
40.5108,24.6848,49.1686,0,100,90,73,1480,3504,2.18542,0,11.431,2.30991,0,3404,10526284428
45.6116,21.9242,49.1686,0,100,90,73,1480,3504,2.18542,0,11.431,2.30991,0,3404,10548208732
46.3411,21.5791,49.1686,0,100,90,73,1480,3504,2.18542,0,11.431,2.30991,0,3404,10569788567
44.6933,22.3747,49.1686,0,100,90,73,1480,3504,2.18542,0,11.431,2.30991,0,3404,10592164989
44.0054,22.7245,49.1686,0,100,90,73,1480,3504,2.18542,0,11.431,2.30991,0,3404,10614891856
42.8242,23.3513,49.1686,0,100,90,73,1480,3504,2.18542,0,11.431,2.30991,0,3404,10638243054
45.2065,22.1207,49.1686,0,100,90,73,1480,3504,2.18542,0,11.431,2.30991,0,3404,10660365715
44.9106,22.2665,49.1686,0,100,90,73,1480,3504,2.18542,0,11.431,2.30991,0,3404,10682632866
44.9524,22.2458,49.1686,0,100,90,73,1480,3504,2.18542,0,11.431,2.30991,0,3404,10704884093
44.962,22.241,53.1553,0,100,90,73,1477,3504,2.18542,0,11.4309,2.30991,0,3400,10727122506
47.3657,21.1123,53.1553,0,100,90,73,1477,3504,2.18542,0,11.4309,2.30991,0,3400,10748235321
44.0811,22.6855,53.1553,0,100,90,73,1477,3504,2.18542,0,11.4309,2.30991,0,3400,10770922249
43.7846,22.8391,53.1553,0,100,90,73,1477,3504,2.18542,0,11.4309,2.30991,0,3400,10793761773
47.7111,20.9595,53.1553,0,100,90,73,1477,3504,2.18542,0,11.4309,2.30991,0,3400,10814723742
45.4642,21.9953,53.1553,0,100,90,73,1477,3504,2.18542,0,11.4309,2.30991,0,3400,10836719964
44.9969,22.2238,53.1553,0,100,90,73,1477,3504,2.18542,0,11.4309,2.30991,0,3400,10858945119
47.0204,21.2674,53.1553,0,100,90,73,1477,3504,2.18542,0,11.4309,2.30991,0,3400,10880213840
45.3539,22.0488,53.1553,0,100,90,73,1477,3504,2.18542,0,11.4309,2.30991,0,3400,10902263535
42.9344,23.2914,53.1553,0,100,90,73,1477,3504,2.18542,0,11.4309,2.30991,0,3400,10925555413
50.1544,19.9384,53.1553,0,100,90,73,1477,3504,2.18542,0,11.4309,2.30991,0,3400,10945495487
44.2883,22.5793,53.1553,0,100,90,73,1477,3504,2.18542,0,11.4309,2.30991,0,3400,10968075576
45.5816,21.9387,53.1553,0,100,90,73,1477,3504,2.18542,0,11.4309,2.30991,0,3400,10990015883
39.701,25.1883,53.1553,0,100,90,73,1477,3504,2.18542,0,11.4309,2.30991,0,3400,11015204337
51.7786,19.313,53.1553,0,100,90,73,1477,3504,2.18542,0,11.4309,2.30991,0,3400,11034518999
47.2024,21.1854,53.1553,0,100,90,73,1477,3504,2.18542,0,11.4309,2.30991,0,3400,11055706594
43.299,23.0952,53.1553,0,100,90,73,1477,3504,2.18542,0,11.4309,2.30991,0,3400,11078802091
45.0663,22.1896,53.1553,0,100,90,73,1477,3504,2.18542,0,11.4309,2.30991,0,3400,11100993714
46.6759,21.4243,53.1553,0,100,90,73,1477,3504,2.18542,0,11.4309,2.30991,0,3400,11122436689
43.4523,23.0137,53.1553,0,100,90,73,1477,3504,2.18542,0,11.4309,2.30991,0,3400,11145435656
47.044,21.2567,53.1553,0,100,90,73,1477,3504,2.18542,0,11.4309,2.30991,0,3400,11166710720
44.3727,22.5364,53.1553,0,100,90,73,1477,3504,2.18542,0,11.4309,2.30991,0,3400,11189230620
46.8703,21.3355,53.1553,0,100,90,73,1477,3504,2.18542,0,11.4309,2.30991,0,3400,11210570738
45.4757,21.9897,54.2787,0,100,92,73,1558,3504,2.18542,0,11.4308,2.30991,0,3399,11232559159
41.5179,24.086,54.2787,0,100,92,73,1558,3504,2.18542,0,11.4308,2.30991,0,3399,11256644457
48.0235,20.8231,54.2787,0,100,92,73,1558,3504,2.18542,0,11.4308,2.30991,0,3399,11277487921
40.5026,24.6898,54.2787,0,100,92,73,1558,3504,2.18542,0,11.4308,2.30991,0,3399,11302159300
51.1263,19.5594,54.2787,0,100,92,73,1558,3504,2.18542,0,11.4308,2.30991,0,3399,11321721108
46.7994,21.3678,54.2787,0,100,92,73,1558,3504,2.18542,0,11.4308,2.30991,0,3399,11343089651
41.0333,24.3705,54.2787,0,100,92,73,1558,3504,2.18542,0,11.4308,2.30991,0,3399,11367460425
47.2987,21.1422,54.2787,0,100,92,73,1558,3504,2.18542,0,11.4308,2.30991,0,3399,11388604688
42.7713,23.3802,54.2787,0,100,92,73,1558,3504,2.18542,0,11.4308,2.30991,0,3399,11411985213
48.0927,20.7932,54.2787,0,100,92,73,1558,3504,2.18542,0,11.4308,2.30991,0,3399,11432781598
44.3974,22.5238,54.2787,0,100,92,73,1558,3504,2.18542,0,11.4308,2.30991,0,3399,11455304999
44.3395,22.5532,54.2787,0,100,92,73,1558,3504,2.18542,0,11.4308,2.30991,0,3399,11477859301
45.5872,21.936,54.2787,0,100,92,73,1558,3504,2.18542,0,11.4308,2.30991,0,3399,11499797523
41.7853,23.9318,54.2787,0,100,92,73,1558,3504,2.18542,0,11.4308,2.30991,0,3399,11523730886
46.921,21.3124,54.2787,0,100,92,73,1558,3504,2.18542,0,11.4308,2.30991,0,3399,11545045656
44.4044,22.5203,54.2787,0,100,92,73,1558,3504,2.18542,0,11.4308,2.30991,0,3399,11567565003
42.5801,23.4852,54.2787,0,100,92,73,1558,3504,2.18542,0,11.4308,2.30991,0,3399,11591052204
46.7474,21.3916,54.2787,0,100,92,73,1558,3504,2.18542,0,11.4308,2.30991,0,3399,11612445363
43.7409,22.8619,54.2787,0,100,92,73,1558,3504,2.18542,0,11.4308,2.30991,0,3399,11635308193
41.9299,23.8493,54.2787,0,100,92,73,1558,3504,2.18542,0,11.4308,2.30991,0,3399,11659158950
45.319,22.0658,54.2787,0,100,92,73,1558,3504,2.18542,0,11.4308,2.30991,0,3399,11681225441
45.6983,21.8826,54.2787,0,100,92,73,1558,3504,2.18542,0,11.4308,2.30991,0,3399,11703110243
43.0747,23.2155,54.2787,0,100,92,73,1558,3504,2.18542,0,11.4308,2.30991,0,3399,11726333698
45.5532,21.9523,54.2169,0,100,92,73,1558,3504,2.18542,0,11.4306,2.30991,0,3400,11748282527
42.4062,23.5815,54.2169,0,100,92,73,1558,3504,2.18542,0,11.4306,2.30991,0,3400,11771863826
42.9179,23.3003,54.2169,0,100,92,73,1558,3504,2.18542,0,11.4306,2.30991,0,3400,11795165302
48.1251,20.7792,54.2169,0,100,92,73,1558,3504,2.18542,0,11.4306,2.30991,0,3400,11815945474
42.2261,23.6821,54.2169,0,100,92,73,1558,3504,2.18542,0,11.4306,2.30991,0,3400,11839629099
45.3712,22.0404,54.2169,0,100,92,73,1558,3504,2.18542,0,11.4306,2.30991,0,3400,11861671457
41.5197,24.085,54.2169,0,100,92,73,1558,3504,2.18542,0,11.4306,2.30991,0,3400,11885757849
43.6298,22.9201,54.2169,0,100,92,73,1558,3504,2.18542,0,11.4306,2.30991,0,3400,11908680277
45.5779,21.9405,54.2169,0,100,92,73,1558,3504,2.18542,0,11.4306,2.30991,0,3400,11930633256
45.0033,22.2206,54.2169,0,100,92,73,1558,3504,2.18542,0,11.4306,2.30991,0,3400,11952842646
43.7776,22.8427,54.2169,0,100,92,73,1558,3504,2.18542,0,11.4306,2.30991,0,3400,11975686160
41.9739,23.8243,54.2169,0,100,92,73,1558,3504,2.18542,0,11.4306,2.30991,0,3400,11999510936
43.0703,23.2178,54.2169,0,100,92,73,1558,3504,2.18542,0,11.4306,2.30991,0,3400,12022730704
45.3306,22.0601,54.2169,0,100,92,73,1558,3504,2.18542,0,11.4306,2.30991,0,3400,12044802129
45.7162,21.8741,54.2169,0,100,92,73,1558,3504,2.18542,0,11.4306,2.30991,0,3400,12066676863
40.7269,24.5538,54.2169,0,100,92,73,1558,3504,2.18542,0,11.4306,2.30991,0,3400,12091231920
46.028,21.7259,54.2169,0,100,92,73,1558,3504,2.18542,0,11.4306,2.30991,0,3400,12112958808
42.8813,23.3202,54.2169,0,100,92,73,1558,3504,2.18542,0,11.4306,2.30991,0,3400,12136282353
42.8099,23.3591,54.2169,0,100,92,73,1558,3504,2.18542,0,11.4306,2.30991,0,3400,12159640737
44.5875,22.4278,54.2169,0,100,92,73,1558,3504,2.18542,0,11.4306,2.30991,0,3400,12182070243
42.5098,23.524,54.2169,0,100,92,73,1558,3504,2.18542,0,11.4306,2.30991,0,3400,12205595369
47.651,20.9859,54.2169,0,100,92,73,1558,3504,2.18542,0,11.4306,2.30991,0,3400,12226589316
41.8864,23.8741,53.3163,0,100,87,74,1570,3504,2.18542,0,11.4304,2.30991,0,3400,12250457214
41.8827,23.8762,53.3163,0,100,87,74,1570,3504,2.18542,0,11.4304,2.30991,0,3400,12274335458
45.0735,22.186,53.3163,0,100,87,74,1570,3504,2.18542,0,11.4304,2.30991,0,3400,12296521983
43.2597,23.1162,53.3163,0,100,87,74,1570,3504,2.18542,0,11.4304,2.30991,0,3400,12319640060
43.7759,22.8436,53.3163,0,100,87,74,1570,3504,2.18542,0,11.4304,2.30991,0,3400,12342484886
37.1053,26.9503,53.3163,0,100,87,74,1570,3504,2.18542,0,11.4304,2.30991,0,3400,12369438678
50.9734,19.6181,53.3163,0,100,87,74,1570,3504,2.18542,0,11.4304,2.30991,0,3400,12389069162
43.9295,22.7637,53.3163,0,100,87,74,1570,3504,2.18542,0,11.4304,2.30991,0,3400,12411825086
42.5813,23.4845,53.3163,0,100,87,74,1570,3504,2.18542,0,11.4304,2.30991,0,3400,12435310950
44.5262,22.4587,53.3163,0,100,87,74,1570,3504,2.18542,0,11.4304,2.30991,0,3400,12457769476
45.2175,22.1154,53.3163,0,100,87,74,1570,3504,2.18542,0,11.4304,2.30991,0,3400,12479885884
40.5202,24.679,53.3163,0,100,87,74,1570,3504,2.18542,0,11.4304,2.30991,0,3400,12504569385
44.5974,22.4228,53.3163,0,100,87,74,1570,3504,2.18542,0,11.4304,2.30991,0,3400,12526992463
41.026,24.3748,53.3163,0,100,87,74,1570,3504,2.18542,0,11.4304,2.30991,0,3400,12551367189
46.9372,21.305,53.3163,0,100,87,74,1570,3504,2.18542,0,11.4304,2.30991,0,3400,12572674127
43.6159,22.9274,53.3163,0,100,87,74,1570,3504,2.18542,0,11.4304,2.30991,0,3400,12595602031
45.6503,21.9057,53.3163,0,100,87,74,1570,3504,2.18542,0,11.4304,2.30991,0,3400,12617510667
43.6291,22.9205,53.3163,0,100,87,74,1570,3504,2.18542,0,11.4304,2.30991,0,3400,12640435399
44.1408,22.6548,53.3163,0,100,87,74,1570,3504,2.18542,0,11.4304,2.30991,0,3400,12663088574
43.5472,22.9636,53.3163,0,100,87,74,1570,3504,2.18542,0,11.4304,2.30991,0,3400,12686052440
42.0991,23.7535,53.3163,0,100,87,74,1570,3504,2.18542,0,11.4304,2.30991,0,3400,12709806690
41.3911,24.1598,53.3163,0,100,87,74,1570,3504,2.18542,0,11.4304,2.30991,0,3400,12733974221
46.3506,21.5747,66.4216,0,100,87,74,1569,3504,2.18542,0,11.4304,2.30991,0,3400,12755543424
39.1889,25.5174,66.4216,0,100,87,74,1569,3504,2.18542,0,11.4304,2.30991,0,3400,12781061756
48.765,20.5065,66.4216,0,100,87,74,1569,3504,2.18542,0,11.4304,2.30991,0,3400,12801570174
44.3605,22.5426,66.4216,0,100,87,74,1569,3504,2.18542,0,11.4304,2.30991,0,3400,12824113973
42.0312,23.7918,66.4216,0,100,87,74,1569,3504,2.18542,0,11.4304,2.30991,0,3400,12847906727
42.1458,23.7271,66.4216,0,100,87,74,1569,3504,2.18542,0,11.4304,2.30991,0,3400,12871635047
44.3043,22.5711,66.4216,0,100,87,74,1569,3504,2.18542,0,11.4304,2.30991,0,3400,12894224972
44.2906,22.5782,66.4216,0,100,87,74,1569,3504,2.18542,0,11.4304,2.30991,0,3400,12916786927
43.5207,22.9776,66.4216,0,100,87,74,1569,3504,2.18542,0,11.4304,2.30991,0,3400,12939777765
43.989,22.733,66.4216,0,100,87,74,1569,3504,2.18542,0,11.4304,2.30991,0,3400,12962498736
42.6786,23.4309,66.4216,0,100,87,74,1569,3504,2.18542,0,11.4304,2.30991,0,3400,12985931563
41.7214,23.9685,66.4216,0,100,87,74,1569,3504,2.18542,0,11.4304,2.30991,0,3400,13009900394
43.9728,22.7413,66.4216,0,100,87,74,1569,3504,2.18542,0,11.4304,2.30991,0,3400,13032643963
43.2134,23.141,66.4216,0,100,87,74,1569,3504,2.18542,0,11.4304,2.30991,0,3400,13055786391
45.065,22.1902,66.4216,0,100,87,74,1569,3504,2.18542,0,11.4304,2.30991,0,3400,13077978276
40.8599,24.4739,66.4216,0,100,87,74,1569,3504,2.18542,0,11.4304,2.30991,0,3400,13102465411
46.5264,21.4932,66.4216,0,100,87,74,1569,3504,2.18542,0,11.4304,2.30991,0,3400,13123946821
44.2146,22.6169,66.4216,0,100,87,74,1569,3504,2.18542,0,11.4304,2.30991,0,3400,13146566673
41.1829,24.2819,66.4216,0,100,87,74,1569,3504,2.18542,0,11.4304,2.30991,0,3400,13170849686
45.9682,21.7542,66.4216,0,100,87,74,1569,3504,2.18542,0,11.4304,2.30991,0,3400,13192603612
41.3331,24.1937,66.4216,0,100,87,74,1569,3504,2.18542,0,11.4304,2.30991,0,3400,13216798425
43.5474,22.9635,66.4216,0,100,87,74,1569,3504,2.18542,0,11.4304,2.30991,0,3400,13239767947
43.6792,22.8942,55.5276,0,100,91,74,1569,3504,2.18542,0,11.4305,2.30991,0,3400,13262660328
40.7381,24.5471,55.5276,0,100,91,74,1569,3504,2.18542,0,11.4305,2.30991,0,3400,13287207599
44.2162,22.6161,55.5276,0,100,91,74,1569,3504,2.18542,0,11.4305,2.30991,0,3400,13309843138
43.6857,22.8908,55.5276,0,100,91,74,1569,3504,2.18542,0,11.4305,2.30991,0,3400,13332717350
41.8558,23.8916,55.5276,0,100,91,74,1569,3504,2.18542,0,11.4305,2.30991,0,3400,13356612293
41.4043,24.1521,55.5276,0,100,91,74,1569,3504,2.18542,0,11.4305,2.30991,0,3400,13380764858
46.7748,21.379,55.5276,0,100,91,74,1569,3504,2.18542,0,11.4305,2.30991,0,3400,13402145609
43.194,23.1514,55.5276,0,100,91,74,1569,3504,2.18542,0,11.4305,2.30991,0,3400,13425297959
43.8504,22.8048,55.5276,0,100,91,74,1569,3504,2.18542,0,11.4305,2.30991,0,3400,13448104511
42.9759,23.2688,55.5276,0,100,91,74,1569,3504,2.18542,0,11.4305,2.30991,0,3400,13471374558
44.5146,22.4645,55.5276,0,100,91,74,1569,3504,2.18542,0,11.4305,2.30991,0,3400,13493840314
39.335,25.4227,55.5276,0,100,91,74,1569,3504,2.18542,0,11.4305,2.30991,0,3400,13519281928
46.5542,21.4804,55.5276,0,100,91,74,1569,3504,2.18542,0,11.4305,2.30991,0,3400,13540757803
46.2157,21.6377,55.5276,0,100,91,74,1569,3504,2.18542,0,11.4305,2.30991,0,3400,13562384966
41.8756,23.8803,55.5276,0,100,91,74,1569,3504,2.18542,0,11.4305,2.30991,0,3400,13586265777
47.1857,21.1929,55.5276,0,100,91,74,1569,3504,2.18542,0,11.4305,2.30991,0,3400,13607459950
47.556,21.0278,55.5276,0,100,91,74,1569,3504,2.18542,0,11.4305,2.30991,0,3400,13628490240
44.01,22.7221,55.5276,0,100,91,74,1569,3504,2.18542,0,11.4305,2.30991,0,3400,13651225511
44.8735,22.2849,55.5276,0,100,91,74,1569,3504,2.18542,0,11.4305,2.30991,0,3400,13673498897
46.0546,21.7134,55.5276,0,100,91,74,1569,3504,2.18542,0,11.4305,2.30991,0,3400,13695213883
43.6596,22.9044,55.5276,0,100,91,74,1569,3504,2.18542,0,11.4305,2.30991,0,3400,13718118206
46.7752,21.3789,55.5276,0,100,91,74,1569,3504,2.18542,0,11.4305,2.30991,0,3400,13739500190
42.3678,23.6028,55.5276,0,100,91,74,1569,3504,2.18542,0,11.4305,2.30991,0,3400,13763108636
46.4475,21.5297,61.6307,0,100,91,74,1580,3504,2.18542,0,11.4305,2.30991,0,3400,13784633937
44.7764,22.3332,61.6307,0,100,91,74,1580,3504,2.18542,0,11.4305,2.30991,0,3400,13806969253
43.7435,22.8605,61.6307,0,100,91,74,1580,3504,2.18542,0,11.4305,2.30991,0,3400,13829847865
41.2996,24.2133,61.6307,0,100,91,74,1580,3504,2.18542,0,11.4305,2.30991,0,3400,13854045208
48.4825,20.626,61.6307,0,100,91,74,1580,3504,2.18542,0,11.4305,2.30991,0,3400,13874672101
45.8543,21.8082,61.6307,0,100,91,74,1580,3504,2.18542,0,11.4305,2.30991,0,3400,13896482817
43.9821,22.7365,61.6307,0,100,91,74,1580,3504,2.18542,0,11.4305,2.30991,0,3400,13919220858
42.7768,23.3771,61.6307,0,100,91,74,1580,3504,2.18542,0,11.4305,2.30991,0,3400,13942598762
45.1258,22.1603,61.6307,0,100,91,74,1580,3504,2.18542,0,11.4305,2.30991,0,3400,13964760248
47.6472,20.9876,61.6307,0,100,91,74,1580,3504,2.18542,0,11.4305,2.30991,0,3400,13985749284
43.4872,22.9953,61.6307,0,100,91,74,1580,3504,2.18542,0,11.4305,2.30991,0,3400,14008746161
45.5919,21.9337,61.6307,0,100,91,74,1580,3504,2.18542,0,11.4305,2.30991,0,3400,14030680351
46.7993,21.3678,61.6307,0,100,91,74,1580,3504,2.18542,0,11.4305,2.30991,0,3400,14052050335
45.5098,21.9733,61.6307,0,100,91,74,1580,3504,2.18542,0,11.4305,2.30991,0,3400,14074024721
43.2269,23.1338,61.6307,0,100,91,74,1580,3504,2.18542,0,11.4305,2.30991,0,3400,14097161665
44.194,22.6275,61.6307,0,100,91,74,1580,3504,2.18542,0,11.4305,2.30991,0,3400,14119791204
47.3429,21.1225,61.6307,0,100,91,74,1580,3504,2.18542,0,11.4305,2.30991,0,3400,14140912432
45.1251,22.1606,61.6307,0,100,91,74,1580,3504,2.18542,0,11.4305,2.30991,0,3400,14163075046
42.4296,23.5685,61.6307,0,100,91,74,1580,3504,2.18542,0,11.4305,2.30991,0,3400,14186643309
47.1319,21.2171,61.6307,0,100,91,74,1580,3504,2.18542,0,11.4305,2.30991,0,3400,14207862150
45.7901,21.8388,61.6307,0,100,91,74,1580,3504,2.18542,0,11.4305,2.30991,0,3400,14229701704
44.1436,22.6533,61.6307,0,100,91,74,1580,3504,2.18542,0,11.4305,2.30991,0,3400,14252356777
44.4919,22.476,61.6307,0,100,91,74,1580,3504,2.18542,0,11.4305,2.30991,0,3400,14274839941
46.3519,21.5741,58.8529,0,100,90,75,1655,3504,2.18542,0,11.4309,2.30991,0,3400,14296411426
45.5854,21.9369,58.8529,0,100,90,75,1655,3504,2.18542,0,11.4309,2.30991,0,3400,14318360013
45.1024,22.1718,58.8529,0,100,90,75,1655,3504,2.18542,0,11.4309,2.30991,0,3400,14340521338
44.867,22.2881,58.8529,0,100,90,75,1655,3504,2.18542,0,11.4309,2.30991,0,3400,14362810313
43.1319,23.1847,58.8529,0,100,90,75,1655,3504,2.18542,0,11.4309,2.30991,0,3400,14385995629
46.8499,21.3448,58.8529,0,100,90,75,1655,3504,2.18542,0,11.4309,2.30991,0,3400,14407341729
44.2227,22.6128,58.8529,0,100,90,75,1655,3504,2.18542,0,11.4309,2.30991,0,3400,14429969001
42.0936,23.7566,58.8529,0,100,90,75,1655,3504,2.18542,0,11.4309,2.30991,0,3400,14453717256
46.4683,21.5201,58.8529,0,100,90,75,1655,3504,2.18542,0,11.4309,2.30991,0,3400,14475238724
47.5161,21.0455,58.8529,0,100,90,75,1655,3504,2.18542,0,11.4309,2.30991,0,3400,14496288045
44.3445,22.5507,58.8529,0,100,90,75,1655,3504,2.18542,0,11.4309,2.30991,0,3400,14518838107
45.4862,21.9847,58.8529,0,100,90,75,1655,3504,2.18542,0,11.4309,2.30991,0,3400,14540825520
44.4086,22.5182,58.8529,0,100,90,75,1655,3504,2.18542,0,11.4309,2.30991,0,3400,14563343571
44.5291,22.4572,58.8529,0,100,90,75,1655,3504,2.18542,0,11.4309,2.30991,0,3400,14585802647
44.5126,22.4655,58.8529,0,100,90,75,1655,3504,2.18542,0,11.4309,2.30991,0,3400,14608268719
41.1241,24.3166,58.8529,0,100,90,75,1655,3504,2.18542,0,11.4309,2.30991,0,3400,14632586761
41.8891,23.8726,58.8529,0,100,90,75,1655,3504,2.18542,0,11.4309,2.30991,0,3400,14656459644
44.6828,22.38,58.8529,0,100,90,75,1655,3504,2.18542,0,11.4309,2.30991,0,3400,14678841881
42.7747,23.3783,58.8529,0,100,90,75,1655,3504,2.18542,0,11.4309,2.30991,0,3400,14702221078
40.0605,24.9622,58.8529,0,100,90,75,1655,3504,2.18542,0,11.4309,2.30991,0,3400,14727185203
40.656,24.5966,58.8529,0,100,90,75,1655,3504,2.18542,0,11.4309,2.30991,0,3400,14751784853
38.5778,25.9216,58.8529,0,100,90,75,1655,3504,2.18542,0,11.4309,2.30991,0,3400,14777711210
43.7652,22.8492,59.25,0,100,90,75,1655,3504,2.18542,0,11.4309,2.30991,0,3400,14800590926
41.862,23.888,59.25,0,100,90,75,1655,3504,2.18542,0,11.4309,2.30991,0,3400,14824447943
40.7416,24.5449,59.25,0,100,90,75,1655,3504,2.18542,0,11.4309,2.30991,0,3400,14848993826
36.6505,27.2847,59.25,0,100,90,75,1655,3504,2.18542,0,11.4309,2.30991,0,3400,14876281844
42.6321,23.4565,59.25,0,100,90,75,1655,3504,2.18542,0,11.4309,2.30991,0,3400,14899737593
26.5743,37.6303,59.25,0,100,90,75,1655,3504,2.18542,0,11.4309,2.30991,0,3400,14937391598
54.0998,18.4844,59.25,0,100,90,75,1655,3504,2.18542,0,11.4309,2.30991,0,3400,14955856262
27.769,36.0114,59.25,0,100,90,75,1655,3504,2.18542,0,11.4309,2.30991,0,3400,14991868186
35.0899,28.4982,59.25,0,100,90,75,1655,3504,2.18542,0,11.4309,2.30991,0,3400,15020366746
29.3758,34.0417,59.25,0,100,90,75,1655,3504,2.18542,0,11.4309,2.30991,0,3400,15054410922
26.6272,37.5556,59.25,0,100,90,75,1655,3504,2.18542,0,11.4309,2.30991,0,3400,15091968162
48.3806,20.6694,59.25,0,100,90,75,1655,3504,2.18542,0,11.4309,2.30991,0,3400,15112639285
32.6667,30.6122,59.25,0,100,90,75,1655,3504,2.18542,0,11.4309,2.30991,0,3400,15143251450
32.3542,30.9079,59.25,0,100,90,75,1655,3504,2.18542,0,11.4309,2.30991,0,3400,15174182063
35.9383,27.8255,59.25,0,100,90,75,1655,3504,2.18542,0,11.4309,2.30991,0,3400,15201987203
33.9497,29.4553,59.25,0,100,90,75,1655,3504,2.18542,0,11.4309,2.30991,0,3400,15231444911
44.4255,22.5096,59.25,0,100,90,75,1655,3504,2.18542,0,11.4309,2.30991,0,3400,15253955107
24.6985,40.4883,59.25,0,100,90,75,1655,3504,2.18542,0,11.4309,2.30991,0,3400,15294449237
45.4247,22.0144,81.401,0,100,84,75,1598,3504,2.18542,0,11.4307,2.30991,0,1728,15316481009
29.2554,34.1817,81.401,0,100,84,75,1598,3504,2.18542,0,11.4307,2.30991,0,1728,15350663894
27.8165,35.9499,81.401,0,100,84,75,1598,3504,2.18542,0,11.4307,2.30991,0,1728,15386616579
34.5188,28.9697,81.401,0,100,84,75,1598,3504,2.18542,0,11.4307,2.30991,0,1728,15415586643
32.8696,30.4233,81.401,0,100,84,75,1598,3504,2.18542,0,11.4307,2.30991,0,1728,15446032893
29.6978,33.6725,81.401,0,100,84,75,1598,3504,2.18542,0,11.4307,2.30991,0,1728,15479707895
44.9288,22.2574,81.401,0,100,84,75,1598,3504,2.18542,0,11.4307,2.30991,0,1728,15501989705
32.3221,30.9386,81.401,0,100,84,75,1598,3504,2.18542,0,11.4307,2.30991,0,1728,15532907001
40.5102,24.6851,81.401,0,100,84,75,1598,3504,2.18542,0,11.4307,2.30991,0,1728,15557593420
28.6893,34.8563,81.401,0,100,84,75,1598,3504,2.18542,0,11.4307,2.30991,0,1728,15592451024
34.1656,29.2692,81.401,0,100,84,75,1598,3504,2.18542,0,11.4307,2.30991,0,1728,15621720563
33.1025,30.2092,81.401,0,100,84,75,1598,3504,2.18542,0,11.4307,2.30991,0,1728,15651932429
31.3752,31.8723,81.401,0,100,84,75,1598,3504,2.18542,0,11.4307,2.30991,0,1728,15683804097
36.5981,27.3238,81.401,0,100,84,75,1598,3504,2.18542,0,11.4307,2.30991,0,1728,15711129257
28.3442,35.2806,81.401,0,100,84,75,1598,3504,2.18542,0,11.4307,2.30991,0,1728,15746433068
33.2377,30.0863,81.401,0,100,84,75,1598,3504,2.18542,0,11.4307,2.30991,0,1728,15776499742
38.0832,26.2583,81.401,0,100,84,75,1598,3504,2.18542,0,11.4307,2.30991,0,1728,15802764144
47.1655,21.2019,90.3148,0,100,84,75,1598,3504,2.18542,0,11.4307,2.30991,0,1725,15823988064
34.8832,28.6671,90.3148,0,100,84,75,1598,3504,2.18542,0,11.4307,2.30991,0,1725,15852644418
31.2327,32.0177,90.3148,0,100,84,75,1598,3504,2.18542,0,11.4307,2.30991,0,1725,15884649666
55.0014,18.1814,90.3148,0,100,84,75,1598,3504,2.18542,0,11.4307,2.30991,0,1725,15902831483
30.3139,32.9882,90.3148,0,100,84,75,1598,3504,2.18542,0,11.4307,2.30991,0,1725,15935821273
56.1966,17.7947,90.3148,0,100,84,75,1598,3504,2.18542,0,11.4307,2.30991,0,1725,15953637298
37.2642,26.8354,90.3148,0,100,84,75,1598,3504,2.18542,0,11.4307,2.30991,0,1725,15980495595
36.2725,27.5691,90.3148,0,100,84,75,1598,3504,2.18542,0,11.4307,2.30991,0,1725,16008045254
32.6961,30.5847,90.3148,0,100,84,75,1598,3504,2.18542,0,11.4307,2.30991,0,1725,16038631885
41.4856,24.1048,90.3148,0,100,84,75,1598,3504,2.18542,0,11.4307,2.30991,0,1725,16062738442
27.9228,35.813,90.3148,0,100,84,75,1598,3504,2.18542,0,11.4307,2.30991,0,1725,16098573824
61.1438,16.3549,90.3148,0,100,84,75,1598,3504,2.18542,0,11.4307,2.30991,0,1725,16114929148
40.5606,24.6545,90.3148,0,100,84,75,1598,3504,2.18542,0,11.4307,2.30991,0,1725,16139585891
39.4256,25.3643,90.3148,0,100,84,75,1598,3504,2.18542,0,11.4307,2.30991,0,1725,16164964621
43.3458,23.0703,90.3148,0,100,84,75,1598,3504,2.18542,0,11.4307,2.30991,0,1725,16188023155
34.627,28.8792,90.3148,0,100,84,75,1598,3504,2.18542,0,11.4307,2.30991,0,1725,16216902836
38.1457,26.2152,90.3148,0,100,84,75,1598,3504,2.18542,0,11.4307,2.30991,0,1725,16243119376
42.5568,23.498,90.3148,0,100,84,75,1598,3504,2.18542,0,11.4307,2.30991,0,1725,16266618113
39.6841,25.199,90.3148,0,100,84,75,1598,3504,2.18542,0,11.4307,2.30991,0,1725,16291831484
37.3449,26.7774,90.3148,0,100,84,75,1598,3504,2.18542,0,11.4307,2.30991,0,1725,16318624121
35.2684,28.354,89.2944,0,89,83,73,1455,3504,2.18542,0,11.4307,2.30991,0,1810,16346951818
41.0587,24.3554,89.2944,0,89,83,73,1455,3504,2.18542,0,11.4307,2.30991,0,1810,16371309123
32.3122,30.9481,89.2944,0,89,83,73,1455,3504,2.18542,0,11.4307,2.30991,0,1810,16402258382
32.7007,30.5803,89.2944,0,89,83,73,1455,3504,2.18542,0,11.4307,2.30991,0,1810,16432841926
38.4089,26.0356,89.2944,0,89,83,73,1455,3504,2.18542,0,11.4307,2.30991,0,1810,16458878107
45.8788,21.7966,89.2944,0,89,83,73,1455,3504,2.18542,0,11.4307,2.30991,0,1810,16480695562
44.1729,22.6383,89.2944,0,89,83,73,1455,3504,2.18542,0,11.4307,2.30991,0,1810,16503314582
35.4155,28.2362,89.2944,0,89,83,73,1455,3504,2.18542,0,11.4307,2.30991,0,1810,16531552114
34.1053,29.321,89.2944,0,89,83,73,1455,3504,2.18542,0,11.4307,2.30991,0,1810,16560892242
37.429,26.7172,89.2944,0,89,83,73,1455,3504,2.18542,0,11.4307,2.30991,0,1810,16587613457
33.9598,29.4466,89.2944,0,89,83,73,1455,3504,2.18542,0,11.4307,2.30991,0,1810,16617041191
32.5231,30.7474,89.2944,0,89,83,73,1455,3504,2.18542,0,11.4307,2.30991,0,1810,16647789488
54.7098,18.2783,89.2944,0,89,83,73,1455,3504,2.18542,0,11.4307,2.30991,0,1810,16666070362
30.8965,32.3661,89.2944,0,89,83,73,1455,3504,2.18542,0,11.4307,2.30991,0,1810,16698436487
30.1423,33.176,89.2944,0,89,83,73,1455,3504,2.18542,0,11.4307,2.30991,0,1810,16731614642
38.6059,25.9027,89.2944,0,89,83,73,1455,3504,2.18542,0,11.4307,2.30991,0,1810,16757518324
27.3017,36.6277,89.2944,0,89,83,73,1455,3504,2.18542,0,11.4307,2.30991,0,1810,16794147230
35.4823,28.1831,89.2944,0,89,83,73,1455,3504,2.18542,0,11.4307,2.30991,0,1810,16822338071
36.7535,27.2083,87.593,0,92,83,72,1432,3504,2.18542,0,11.4307,2.30991,0,1745,16849564299
42.3485,23.6136,87.593,0,92,83,72,1432,3504,2.18542,0,11.4307,2.30991,0,1745,16873170036
31.7224,31.5235,87.593,0,92,83,72,1432,3504,2.18542,0,11.4307,2.30991,0,1745,16904681607
41.6253,24.0239,87.593,0,92,83,72,1432,3504,2.18542,0,11.4307,2.30991,0,1745,16928707289
33.7275,29.6494,87.593,0,92,83,72,1432,3504,2.18542,0,11.4307,2.30991,0,1745,16958357085
39.3253,25.4289,87.593,0,92,83,72,1432,3504,2.18542,0,11.4307,2.30991,0,1745,16983786898
43.3433,23.0716,87.593,0,92,83,72,1432,3504,2.18542,0,11.4307,2.30991,0,1745,17006862388
30.7051,32.5679,87.593,0,92,83,72,1432,3504,2.18542,0,11.4307,2.30991,0,1745,17039429070
48.5012,20.618,87.593,0,92,83,72,1432,3504,2.18542,0,11.4307,2.30991,0,1745,17060070234
38.8425,25.745,87.593,0,92,83,72,1432,3504,2.18542,0,11.4307,2.30991,0,1745,17085794123
24.8032,40.3173,87.593,0,92,83,72,1432,3504,2.18542,0,11.4307,2.30991,0,1745,17126113738
58.5075,17.0918,87.593,0,92,83,72,1432,3504,2.18542,0,11.4307,2.30991,0,1745,17143228077
35.6838,28.0239,87.593,0,92,83,72,1432,3504,2.18542,0,11.4307,2.30991,0,1745,17171231695
42.8561,23.3339,87.593,0,92,83,72,1432,3504,2.18542,0,11.4307,2.30991,0,1745,17194567677
31.2002,32.0511,87.593,0,92,83,72,1432,3504,2.18542,0,11.4307,2.30991,0,1745,17226619198
46.0735,21.7044,87.593,0,92,83,72,1432,3504,2.18542,0,11.4307,2.30991,0,1745,17248325640
38.9641,25.6646,87.593,0,92,83,72,1432,3504,2.18542,0,11.4307,2.30991,0,1745,17274015757
29.9779,33.3579,87.593,0,92,83,72,1432,3504,2.18542,0,11.4307,2.30991,0,1745,17307352803
59.759,16.7339,87.593,0,92,83,72,1432,3504,2.18542,0,11.4307,2.30991,0,1745,17324090103
34.4154,29.0568,88.8889,0,92,83,72,1432,3504,2.18542,0,11.4459,2.30991,0,1760,17353146365
45.1501,22.1484,88.8889,0,92,83,72,1432,3504,2.18542,0,11.4459,2.30991,0,1760,17375296006
35.0373,28.541,88.8889,0,92,83,72,1432,3504,2.18542,0,11.4459,2.30991,0,1760,17403838056
41.3006,24.2127,88.8889,0,92,83,72,1432,3504,2.18542,0,11.4459,2.30991,0,1760,17428064266
40.4871,24.6992,88.8889,0,92,83,72,1432,3504,2.18542,0,11.4459,2.30991,0,1760,17452751687
39.5173,25.3054,88.8889,0,92,83,72,1432,3504,2.18542,0,11.4459,2.30991,0,1760,17478058000
35.0129,28.5609,88.8889,0,92,83,72,1432,3504,2.18542,0,11.4459,2.30991,0,1760,17506619077
25.1817,39.7113,88.8889,0,92,83,72,1432,3504,2.18542,0,11.4459,2.30991,0,1760,17546331992
56.7305,17.6272,88.8889,0,92,83,72,1432,3504,2.18542,0,11.4459,2.30991,0,1760,17563960725
26.0368,38.4072,88.8889,0,92,83,72,1432,3504,2.18542,0,11.4459,2.30991,0,1760,17602369659
52.4836,19.0536,88.8889,0,92,83,72,1432,3504,2.18542,0,11.4459,2.30991,0,1760,17621423850
37.7401,26.497,88.8889,0,92,83,72,1432,3504,2.18542,0,11.4459,2.30991,0,1760,17647922457
37.5049,26.6632,88.8889,0,92,83,72,1432,3504,2.18542,0,11.4459,2.30991,0,1760,17674608029
44.9631,22.2404,88.8889,0,92,83,72,1432,3504,2.18542,0,11.4459,2.30991,0,1760,17696848717
24.1386,41.4274,88.8889,0,92,83,72,1432,3504,2.18542,0,11.4459,2.30991,0,1760,17738289247
42.1555,23.7217,88.8889,0,92,83,72,1432,3504,2.18542,0,11.4459,2.30991,0,1760,17762027390
32.9853,30.3166,88.8889,0,92,83,72,1432,3504,2.18542,0,11.4459,2.30991,0,1760,17792316845
27.8522,35.9039,88.8889,0,92,83,72,1432,3504,2.18542,0,11.4459,2.30991,0,1760,17828252976
33.5718,29.7869,92.629,0,89,83,72,1460,3504,2.18542,0,11.4501,2.30991,0,1728,17858015183
46.6976,21.4144,92.629,0,89,83,72,1460,3504,2.18542,0,11.4501,2.30991,0,1728,17879427875
35.5933,28.0952,92.629,0,89,83,72,1460,3504,2.18542,0,11.4501,2.30991,0,1728,17907523255
35.0529,28.5283,92.629,0,89,83,72,1460,3504,2.18542,0,11.4501,2.30991,0,1728,17936053699
32.7768,30.5094,92.629,0,89,83,72,1460,3504,2.18542,0,11.4501,2.30991,0,1728,17966565837
33.0898,30.2208,92.629,0,89,83,72,1460,3504,2.18542,0,11.4501,2.30991,0,1728,17996808012
32.9263,30.3708,92.629,0,89,83,72,1460,3504,2.18542,0,11.4501,2.30991,0,1728,18027159176
45.695,21.8842,92.629,0,89,83,72,1460,3504,2.18542,0,11.4501,2.30991,0,1728,18049043980
35.0142,28.5598,92.629,0,89,83,72,1460,3504,2.18542,0,11.4501,2.30991,0,1728,18077606153
33.5786,29.7809,92.629,0,89,83,72,1460,3504,2.18542,0,11.4501,2.30991,0,1728,18107409969
12.0081,83.2773,92.629,0,89,83,72,1460,3504,2.18542,0,11.4501,2.30991,0,1728,18190689345
60.0479,16.6534,92.629,0,89,83,72,1460,3504,2.18542,0,11.4501,2.30991,0,1728,18207322352
30.5986,32.6813,92.629,0,89,83,72,1460,3504,2.18542,0,11.4501,2.30991,0,1728,18240004106
39.2871,25.4537,92.629,0,89,83,72,1460,3504,2.18542,0,11.4501,2.30991,0,1728,18265460099
32.5719,30.7013,92.629,0,89,83,72,1460,3504,2.18542,0,11.4501,2.30991,0,1728,18296161636
35.6384,28.0596,92.629,0,89,83,72,1460,3504,2.18542,0,11.4501,2.30991,0,1728,18324244133
35.598,28.0915,92.629,0,89,83,72,1460,3504,2.18542,0,11.4501,2.30991,0,1728,18352340816
36.5037,27.3945,95.2607,0,89,84,72,1460,3504,2.18542,0,11.474,2.30991,0,1726,18379733162
35.2774,28.3468,95.2607,0,89,84,72,1460,3504,2.18542,0,11.474,2.30991,0,1726,18408080883
38.7909,25.7792,95.2607,0,89,84,72,1460,3504,2.18542,0,11.474,2.30991,0,1726,18433862555
33.5043,29.8469,95.2607,0,89,84,72,1460,3504,2.18542,0,11.474,2.30991,0,1726,18463711582
37.0835,26.9662,95.2607,0,89,84,72,1460,3504,2.18542,0,11.474,2.30991,0,1726,18490678601
36.3785,27.4888,95.2607,0,89,84,72,1460,3504,2.18542,0,11.474,2.30991,0,1726,18518169631
34.6925,28.8247,95.2607,0,89,84,72,1460,3504,2.18542,0,11.474,2.30991,0,1726,18546993803
35.2898,28.3368,95.2607,0,89,84,72,1460,3504,2.18542,0,11.474,2.30991,0,1726,18575364162
40.375,24.7678,95.2607,0,89,84,72,1460,3504,2.18542,0,11.474,2.30991,0,1726,18600123980
37.8073,26.4499,95.2607,0,89,84,72,1460,3504,2.18542,0,11.474,2.30991,0,1726,18626553258
39.2082,25.5049,95.2607,0,89,84,72,1460,3504,2.18542,0,11.474,2.30991,0,1726,18652060015
28.4384,35.1637,95.2607,0,89,84,72,1460,3504,2.18542,0,11.474,2.30991,0,1726,18687223847
74.3439,13.451,95.2607,0,89,84,72,1460,3504,2.18542,0,11.474,2.30991,0,1726,18700697788
27.7628,36.0194,95.2607,0,89,84,72,1460,3504,2.18542,0,11.474,2.30991,0,1726,18736697436
44.9567,22.2436,95.2607,0,89,84,72,1460,3504,2.18542,0,11.474,2.30991,0,1726,18758944592
63.2263,15.8162,95.2607,0,89,84,72,1460,3504,2.18542,0,11.474,2.30991,0,1726,18774760539
31.6194,31.6261,95.2607,0,89,84,72,1460,3504,2.18542,0,11.474,2.30991,0,1726,18806389352
40.0578,24.9639,95.2607,0,89,84,72,1460,3504,2.18542,0,11.474,2.30991,0,1726,18831374391
39.5288,25.298,95.2607,0,89,84,72,1460,3504,2.18542,0,11.474,2.30991,0,1726,18856682868
30.2652,33.0412,93.0175,0,81,84,72,1493,3504,2.18542,0,11.4748,2.30991,0,1730,18889715559
39.548,25.2857,93.0175,0,81,84,72,1493,3504,2.18542,0,11.4748,2.30991,0,1730,18915047470
32.9288,30.3685,93.0175,0,81,84,72,1493,3504,2.18542,0,11.4748,2.30991,0,1730,18945416660
51.5541,19.3971,93.0175,0,81,84,72,1493,3504,2.18542,0,11.4748,2.30991,0,1730,18964815783
34.4353,29.04,93.0175,0,81,84,72,1493,3504,2.18542,0,11.4748,2.30991,0,1730,18993877809
27.9938,35.7222,93.0175,0,81,84,72,1493,3504,2.18542,0,11.4748,2.30991,0,1730,19029601347
30.0223,33.3086,93.0175,0,81,84,72,1493,3504,2.18542,0,11.4748,2.30991,0,1730,19062910617
44.5758,22.4337,93.0175,0,81,84,72,1493,3504,2.18542,0,11.4748,2.30991,0,1730,19085346601
38.2868,26.1187,93.0175,0,81,84,72,1493,3504,2.18542,0,11.4748,2.30991,0,1730,19111466667
37.183,26.894,93.0175,0,81,84,72,1493,3504,2.18542,0,11.4748,2.30991,0,1730,19138363621
35.2068,28.4036,93.0175,0,81,84,72,1493,3504,2.18542,0,11.4748,2.30991,0,1730,19166788906
39.8534,25.092,93.0175,0,81,84,72,1493,3504,2.18542,0,11.4748,2.30991,0,1730,19191862167
42.3594,23.6075,93.0175,0,81,84,72,1493,3504,2.18542,0,11.4748,2.30991,0,1730,19215470009
40.2658,24.8349,93.0175,0,81,84,72,1493,3504,2.18542,0,11.4748,2.30991,0,1730,19240306470
31.6701,31.5755,93.0175,0,81,84,72,1493,3504,2.18542,0,11.4748,2.30991,0,1730,19271883987
37.2892,26.8174,93.0175,0,81,84,72,1493,3504,2.18542,0,11.4748,2.30991,0,1730,19298702007
40.911,24.4433,93.0175,0,81,84,72,1493,3504,2.18542,0,11.4748,2.30991,0,1730,19323146285
36.857,27.1319,93.0175,0,81,84,72,1493,3504,2.18542,0,11.4748,2.30991,0,1730,19350279921
50.3857,19.8469,93.0175,0,81,84,72,1493,3504,2.18542,0,11.4748,2.30991,0,1730,19370133414
55.4797,18.0246,93.4466,0,81,83,72,1493,3504,2.18542,0,11.4783,2.30991,0,1847,19388180078
37.2657,26.8344,93.4466,0,81,83,72,1493,3504,2.18542,0,11.4783,2.30991,0,1847,19415010824
45.906,21.7836,93.4466,0,81,83,72,1493,3504,2.18542,0,11.4783,2.30991,0,1847,19436776958
45.5442,21.9567,93.4466,0,81,83,72,1493,3504,2.18542,0,11.4783,2.30991,0,1847,19458755418
45.4954,21.9802,93.4466,0,81,83,72,1493,3504,2.18542,0,11.4783,2.30991,0,1847,19480736979
47.6145,21.002,93.4466,0,81,83,72,1493,3504,2.18542,0,11.4783,2.30991,0,1847,19501718078
33.2948,30.0347,93.4466,0,81,83,72,1493,3504,2.18542,0,11.4783,2.30991,0,1847,19531754741
53.3721,18.7364,93.4466,0,81,83,72,1493,3504,2.18542,0,11.4783,2.30991,0,1847,19550491821
33.6736,29.6968,93.4466,0,81,83,72,1493,3504,2.18542,0,11.4783,2.30991,0,1847,19580189249
81.272,12.3044,93.4466,0,81,83,72,1493,3504,2.18542,0,11.4783,2.30991,0,1847,19592494363
37.139,26.9259,93.4466,0,81,83,72,1493,3504,2.18542,0,11.4783,2.30991,0,1847,19619443130
45.4094,22.0219,93.4466,0,81,83,72,1493,3504,2.18542,0,11.4783,2.30991,0,1847,19641443590
36.0642,27.7283,93.4466,0,81,83,72,1493,3504,2.18542,0,11.4783,2.30991,0,1847,19669187266
49.112,20.3616,93.4466,0,81,83,72,1493,3504,2.18542,0,11.4783,2.30991,0,1847,19689571288
51.4815,19.4245,93.4466,0,81,83,72,1493,3504,2.18542,0,11.4783,2.30991,0,1847,19708996477
35.3,28.3286,93.4466,0,81,83,72,1493,3504,2.18542,0,11.4783,2.30991,0,1847,19737326651
45.6163,21.922,93.4466,0,81,83,72,1493,3504,2.18542,0,11.4783,2.30991,0,1847,19759250370
44.657,22.3929,93.4466,0,81,83,72,1493,3504,2.18542,0,11.4783,2.30991,0,1847,19781666097
45.7275,21.8687,93.4466,0,81,83,72,1493,3504,2.18542,0,11.4783,2.30991,0,1847,19803535733
44.5916,22.4258,93.4466,0,81,83,72,1493,3504,2.18542,0,11.4783,2.30991,0,1847,19825942065
43.7025,22.882,93.4466,0,81,83,72,1493,3504,2.18542,0,11.4783,2.30991,0,1847,19848824337
44.6998,22.3715,93.4466,0,81,83,72,1493,3504,2.18542,0,11.4783,2.30991,0,1847,19871223693
39.4374,25.3566,85.6784,0,91,83,72,1432,3504,2.18542,0,11.4783,2.30988,0,1727,19896556737
46.0183,21.7305,85.6784,0,91,83,72,1432,3504,2.18542,0,11.4783,2.30988,0,1727,19918286184
38.877,25.7221,85.6784,0,91,83,72,1432,3504,2.18542,0,11.4783,2.30988,0,1727,19944009676
47.2748,21.1529,85.6784,0,91,83,72,1432,3504,2.18542,0,11.4783,2.30988,0,1727,19965164378
42.6171,23.4648,85.6784,0,91,83,72,1432,3504,2.18542,0,11.4783,2.30988,0,1727,19988630434
46.7687,21.3818,85.6784,0,91,83,72,1432,3504,2.18542,0,11.4783,2.30988,0,1727,20010013261
41.763,23.9446,85.6784,0,91,83,72,1432,3504,2.18542,0,11.4783,2.30988,0,1727,20033980210
43.8085,22.8266,85.6784,0,91,83,72,1432,3504,2.18542,0,11.4783,2.30988,0,1727,20056787227
38.1486,26.2133,85.6784,0,91,83,72,1432,3504,2.18542,0,11.4783,2.30988,0,1727,20083017277
46.053,21.7141,85.6784,0,91,83,72,1432,3504,2.18542,0,11.4783,2.30988,0,1727,20104732203
34.1394,29.2917,85.6784,0,91,83,72,1432,3504,2.18542,0,11.4783,2.30988,0,1727,20134026681
44.373,22.5362,85.6784,0,91,83,72,1432,3504,2.18542,0,11.4783,2.30988,0,1727,20156565888
52.8081,18.9365,85.6784,0,91,83,72,1432,3504,2.18542,0,11.4783,2.30988,0,1727,20175502326
39.7116,25.1815,85.6784,0,91,83,72,1432,3504,2.18542,0,11.4783,2.30988,0,1727,20200705294
43.3399,23.0734,85.6784,0,91,83,72,1432,3504,2.18542,0,11.4783,2.30988,0,1727,20223779646
34.1214,29.3071,85.6784,0,91,83,72,1432,3504,2.18542,0,11.4783,2.30988,0,1727,20253122202
40.4832,24.7016,85.6784,0,91,83,72,1432,3504,2.18542,0,11.4783,2.30988,0,1727,20277794115
43.766,22.8488,85.6784,0,91,83,72,1432,3504,2.18542,0,11.4783,2.30988,0,1727,20300665153
40.4382,24.7291,85.6784,0,91,83,72,1432,3504,2.18542,0,11.4783,2.30988,0,1727,20325416959
39.7818,25.1372,85.6784,0,91,83,72,1432,3504,2.18542,0,11.4783,2.30988,0,1727,20350557634
43.0841,23.2104,85.6784,0,91,83,72,1432,3504,2.18542,0,11.4783,2.30988,0,1727,20373792753
34.1655,29.2693,86.4865,0,91,82,72,1432,3504,2.18542,0,11.4784,2.30988,0,1729,20403060266
58.3806,17.129,86.4865,0,91,82,72,1432,3504,2.18542,0,11.4784,2.30988,0,1729,20420167422
41.8359,23.9029,86.4865,0,91,82,72,1432,3504,2.18542,0,11.4784,2.30988,0,1729,20444072438
49.67,20.1329,86.4865,0,91,82,72,1432,3504,2.18542,0,11.4784,2.30988,0,1729,20464227749
42.2325,23.6784,86.4865,0,91,82,72,1432,3504,2.18542,0,11.4784,2.30988,0,1729,20487885249
37.8841,26.3963,86.4865,0,91,82,72,1432,3504,2.18542,0,11.4784,2.30988,0,1729,20514304242
46.294,21.6011,86.4865,0,91,82,72,1432,3504,2.18542,0,11.4784,2.30988,0,1729,20535885249
45.7196,21.8724,86.4865,0,91,82,72,1432,3504,2.18542,0,11.4784,2.30988,0,1729,20557759421
39.1627,25.5345,86.4865,0,91,82,72,1432,3504,2.18542,0,11.4784,2.30988,0,1729,20583317070
51.3027,19.4922,86.4865,0,91,82,72,1432,3504,2.18542,0,11.4784,2.30988,0,1729,20602788234
43.121,23.1905,86.4865,0,91,82,72,1432,3504,2.18542,0,11.4784,2.30988,0,1729,20626001848
39.0321,25.6199,86.4865,0,91,82,72,1432,3504,2.18542,0,11.4784,2.30988,0,1729,20651601980
43.4468,23.0167,86.4865,0,91,82,72,1432,3504,2.18542,0,11.4784,2.30988,0,1729,20674640754
42.3435,23.6164,86.4865,0,91,82,72,1432,3504,2.18542,0,11.4784,2.30988,0,1729,20698237155
38.6497,25.8734,86.4865,0,91,82,72,1432,3504,2.18542,0,11.4784,2.30988,0,1729,20724112076
44.221,22.6137,86.4865,0,91,82,72,1432,3504,2.18542,0,11.4784,2.30988,0,1729,20746726691
46.8685,21.3363,86.4865,0,91,82,72,1432,3504,2.18542,0,11.4784,2.30988,0,1729,20768063922
36.5599,27.3524,86.4865,0,91,82,72,1432,3504,2.18542,0,11.4784,2.30988,0,1729,20795419402
53.6452,18.641,86.4865,0,91,82,72,1432,3504,2.18542,0,11.4784,2.30988,0,1729,20814073495
39.7431,25.1616,86.4865,0,91,82,72,1432,3504,2.18542,0,11.4784,2.30988,0,1729,20839243158
42.2145,23.6886,86.4865,0,91,82,72,1432,3504,2.18542,0,11.4784,2.30988,0,1729,20862911368
42.7845,23.373,86.4865,0,91,82,72,1432,3504,2.18542,0,11.4784,2.30988,0,1729,20886312214
33.7461,29.6331,79.6569,0,100,82,72,1418,3504,2.18542,0,11.4784,2.30988,0,1729,20915933825
48.9727,20.4195,79.6569,0,100,82,72,1418,3504,2.18542,0,11.4784,2.30988,0,1729,20936341070
50.2346,19.9066,79.6569,0,100,82,72,1418,3504,2.18542,0,11.4784,2.30988,0,1729,20956249149
40.3525,24.7816,79.6569,0,100,82,72,1418,3504,2.18542,0,11.4784,2.30988,0,1729,20981031776
38.1995,26.1783,79.6569,0,100,82,72,1418,3504,2.18542,0,11.4784,2.30988,0,1729,21007224014
48.5063,20.6159,79.6569,0,100,82,72,1418,3504,2.18542,0,11.4784,2.30988,0,1729,21027827969
41.6516,24.0087,79.6569,0,100,82,72,1418,3504,2.18542,0,11.4784,2.30988,0,1729,21051862242
41.2365,24.2504,79.6569,0,100,82,72,1418,3504,2.18542,0,11.4784,2.30988,0,1729,21076090185
43.549,22.9626,79.6569,0,100,82,72,1418,3504,2.18542,0,11.4784,2.30988,0,1729,21099053745
43.1033,23.2001,79.6569,0,100,82,72,1418,3504,2.18542,0,11.4784,2.30988,0,1729,21122267298
41.0017,24.3892,79.6569,0,100,82,72,1418,3504,2.18542,0,11.4784,2.30988,0,1729,21146645780
43.0705,23.2177,79.6569,0,100,82,72,1418,3504,2.18542,0,11.4784,2.30988,0,1729,21169885105
37.1612,26.9098,79.6569,0,100,82,72,1418,3504,2.18542,0,11.4784,2.30988,0,1729,21196795872
41.6673,23.9996,79.6569,0,100,82,72,1418,3504,2.18542,0,11.4784,2.30988,0,1729,21220796495
47.2828,21.1494,79.6569,0,100,82,72,1418,3504,2.18542,0,11.4784,2.30988,0,1729,21241946683
41.7078,23.9763,79.6569,0,100,82,72,1418,3504,2.18542,0,11.4784,2.30988,0,1729,21265946121
44.9788,22.2327,79.6569,0,100,82,72,1418,3504,2.18542,0,11.4784,2.30988,0,1729,21288179461
35.6719,28.0333,79.6569,0,100,82,72,1418,3504,2.18542,0,11.4784,2.30988,0,1729,21316236320
50.3164,19.8743,79.6569,0,100,82,72,1418,3504,2.18542,0,11.4784,2.30988,0,1729,21336131580
38.7564,25.8022,79.6569,0,100,82,72,1418,3504,2.18542,0,11.4784,2.30988,0,1729,21361914315
37.0347,27.0017,79.6569,0,100,82,72,1418,3504,2.18542,0,11.4784,2.30988,0,1729,21388954206
48.1244,20.7795,71.9902,0,99,82,72,1418,3504,2.18542,0,11.4786,2.30988,0,1786,21409702363
37.9986,26.3167,71.9902,0,99,82,72,1418,3504,2.18542,0,11.4786,2.30988,0,1786,21436019840
48.1793,20.7558,71.9902,0,99,82,72,1418,3504,2.18542,0,11.4786,2.30988,0,1786,21456798291
43.0332,23.2379,71.9902,0,99,82,72,1418,3504,2.18542,0,11.4786,2.30988,0,1786,21480016626
42.2059,23.6934,71.9902,0,99,82,72,1418,3504,2.18542,0,11.4786,2.30988,0,1786,21503726486
40.2827,24.8245,71.9902,0,99,82,72,1418,3504,2.18542,0,11.4786,2.30988,0,1786,21528536335
36.1727,27.6451,71.9902,0,99,82,72,1418,3504,2.18542,0,11.4786,2.30988,0,1786,21556183703
42.007,23.8055,71.9902,0,99,82,72,1418,3504,2.18542,0,11.4786,2.30988,0,1786,21580007536
46.7298,21.3996,71.9902,0,99,82,72,1418,3504,2.18542,0,11.4786,2.30988,0,1786,21601411147
37.6226,26.5798,71.9902,0,99,82,72,1418,3504,2.18542,0,11.4786,2.30988,0,1786,21627993068
51.7201,19.3349,71.9902,0,99,82,72,1418,3504,2.18542,0,11.4786,2.30988,0,1786,21647327381
35.309,28.3214,71.9902,0,99,82,72,1418,3504,2.18542,0,11.4786,2.30988,0,1786,21675651548
46.4618,21.5231,71.9902,0,99,82,72,1418,3504,2.18542,0,11.4786,2.30988,0,1786,21697197813
44.7373,22.3527,71.9902,0,99,82,72,1418,3504,2.18542,0,11.4786,2.30988,0,1786,21719530165
47.6795,20.9734,71.9902,0,99,82,72,1418,3504,2.18542,0,11.4786,2.30988,0,1786,21740526943
43.2125,23.1415,71.9902,0,99,82,72,1418,3504,2.18542,0,11.4786,2.30988,0,1786,21763669712
39.853,25.0922,71.9902,0,99,82,72,1418,3504,2.18542,0,11.4786,2.30988,0,1786,21788762790
39.6605,25.214,71.9902,0,99,82,72,1418,3504,2.18542,0,11.4786,2.30988,0,1786,21813978380
42.9346,23.2912,71.9902,0,99,82,72,1418,3504,2.18542,0,11.4786,2.30988,0,1786,21837270456
44.7747,22.334,71.9902,0,99,82,72,1418,3504,2.18542,0,11.4786,2.30988,0,1786,21859606666
44.8047,22.3191,71.9902,0,99,82,72,1418,3504,2.18542,0,11.4786,2.30988,0,1786,21881926547
33.6405,29.7261,71.9902,0,99,82,72,1418,3504,2.18542,0,11.4786,2.30988,0,1786,21911657975
53.5714,18.6667,82.2115,0,99,82,72,1418,3504,2.18542,0,11.4786,2.30988,0,1727,21930321484
37.0524,26.9888,82.2115,0,99,82,72,1418,3504,2.18542,0,11.4786,2.30988,0,1727,21957312903
47.0105,21.2718,82.2115,0,99,82,72,1418,3504,2.18542,0,11.4786,2.30988,0,1727,21978586504
49.7529,20.0993,82.2115,0,99,82,72,1418,3504,2.18542,0,11.4786,2.30988,0,1727,21998685298
39.3268,25.4279,82.2115,0,99,82,72,1418,3504,2.18542,0,11.4786,2.30988,0,1727,22024135883
43.8021,22.8299,82.2115,0,99,82,72,1418,3504,2.18542,0,11.4786,2.30988,0,1727,22046966907
40.6668,24.5901,82.2115,0,99,82,72,1418,3504,2.18542,0,11.4786,2.30988,0,1727,22071580034
38.9125,25.6987,82.2115,0,99,82,72,1418,3504,2.18542,0,11.4786,2.30988,0,1727,22097258732
37.5442,26.6352,82.2115,0,99,82,72,1418,3504,2.18542,0,11.4786,2.30988,0,1727,22123894794
54.795,18.2498,82.2115,0,99,82,72,1418,3504,2.18542,0,11.4786,2.30988,0,1727,22142166871
41.0488,24.3613,82.2115,0,99,82,72,1418,3504,2.18542,0,11.4786,2.30988,0,1727,22166508196
44.3981,22.5235,82.2115,0,99,82,72,1418,3504,2.18542,0,11.4786,2.30988,0,1727,22189053547
43.1864,23.1554,82.2115,0,99,82,72,1418,3504,2.18542,0,11.4786,2.30988,0,1727,22212189413
41.0448,24.3636,82.2115,0,99,82,72,1418,3504,2.18542,0,11.4786,2.30988,0,1727,22236553186
44.2996,22.5736,82.2115,0,99,82,72,1418,3504,2.18542,0,11.4786,2.30988,0,1727,22259129441
39.8083,25.1204,82.2115,0,99,82,72,1418,3504,2.18542,0,11.4786,2.30988,0,1727,22284250923
48.2051,20.7447,82.2115,0,99,82,72,1418,3504,2.18542,0,11.4786,2.30988,0,1727,22305009394
39.8538,25.0917,82.2115,0,99,82,72,1418,3504,2.18542,0,11.4786,2.30988,0,1727,22330102052
45.5483,21.9547,82.2115,0,99,82,72,1418,3504,2.18542,0,11.4786,2.30988,0,1727,22352045393
40.3824,24.7632,82.2115,0,99,82,72,1418,3504,2.18542,0,11.4786,2.30988,0,1727,22376841379
37.5315,26.6443,82.2115,0,99,82,72,1418,3504,2.18542,0,11.4786,2.30988,0,1727,22403477770
49.1925,20.3283,82.2115,0,99,82,72,1418,3504,2.18542,0,11.4786,2.30988,0,1727,22423788477
39.1321,25.5544,83.2524,0,100,82,72,1417,3504,2.18542,0,11.4786,2.30988,0,1733,22449340639
43.3442,23.0711,83.2524,0,100,82,72,1417,3504,2.18542,0,11.4786,2.30988,0,1733,22472414041
39.6697,25.2082,83.2524,0,100,82,72,1417,3504,2.18542,0,11.4786,2.30988,0,1733,22497623662
39.5387,25.2917,83.2524,0,100,82,72,1417,3504,2.18542,0,11.4786,2.30988,0,1733,22522915283
41.9388,23.8443,83.2524,0,100,82,72,1417,3504,2.18542,0,11.4786,2.30988,0,1733,22546761599
49.6875,20.1258,83.2524,0,100,82,72,1417,3504,2.18542,0,11.4786,2.30988,0,1733,22566889525
47.8527,20.8975,83.2524,0,100,82,72,1417,3504,2.18542,0,11.4786,2.30988,0,1733,22587787543
40.6465,24.6024,83.2524,0,100,82,72,1417,3504,2.18542,0,11.4786,2.30988,0,1733,22612411557
32.1092,31.1437,83.2524,0,100,82,72,1417,3504,2.18542,0,11.4786,2.30988,0,1733,22643536525
55.9571,17.8708,83.2524,0,100,82,72,1417,3504,2.18542,0,11.4786,2.30988,0,1733,22661409473
51.7529,19.3226,83.2524,0,100,82,72,1417,3504,2.18542,0,11.4786,2.30988,0,1733,22680733498
43.0836,23.2107,83.2524,0,100,82,72,1417,3504,2.18542,0,11.4786,2.30988,0,1733,22703958766
38.1361,26.2219,83.2524,0,100,82,72,1417,3504,2.18542,0,11.4786,2.30988,0,1733,22730186942
42.1089,23.748,83.2524,0,100,82,72,1417,3504,2.18542,0,11.4786,2.30988,0,1733,22753917746
43.7437,22.8604,83.2524,0,100,82,72,1417,3504,2.18542,0,11.4786,2.30988,0,1733,22776779895
43.9024,22.7778,83.2524,0,100,82,72,1417,3504,2.18542,0,11.4786,2.30988,0,1733,22799558794
39.3971,25.3826,83.2524,0,100,82,72,1417,3504,2.18542,0,11.4786,2.30988,0,1733,22824942970
45.5919,21.9337,83.2524,0,100,82,72,1417,3504,2.18542,0,11.4786,2.30988,0,1733,22846877623
44.3557,22.545,83.2524,0,100,82,72,1417,3504,2.18542,0,11.4786,2.30988,0,1733,22869424225
42.6278,23.4589,83.2524,0,100,82,72,1417,3504,2.18542,0,11.4786,2.30988,0,1733,22892883566
39.5658,25.2743,83.2524,0,100,82,72,1417,3504,2.18542,0,11.4786,2.30988,0,1733,22918159499
40.2526,24.8431,83.2524,0,100,82,72,1417,3504,2.18542,0,11.4786,2.30988,0,1733,22943026175
40.946,24.4224,80.3318,0,100,82,72,1417,3504,2.18542,0,11.4644,2.30988,0,1735,22967427671
44.4399,22.5023,80.3318,0,100,82,72,1417,3504,2.18542,0,11.4644,2.30988,0,1735,22989930942
39.4859,25.3255,80.3318,0,100,82,72,1417,3504,2.18542,0,11.4644,2.30988,0,1735,23015278484
44.8466,22.2982,80.3318,0,100,82,72,1417,3504,2.18542,0,11.4644,2.30988,0,1735,23037557821
47.4203,21.088,80.3318,0,100,82,72,1417,3504,2.18542,0,11.4644,2.30988,0,1735,23058656232
42.5878,23.4809,80.3318,0,100,82,72,1417,3504,2.18542,0,11.4644,2.30988,0,1735,23082128181
43.1272,23.1872,80.3318,0,100,82,72,1417,3504,2.18542,0,11.4644,2.30988,0,1735,23105342805
41.4508,24.125,80.3318,0,100,82,72,1417,3504,2.18542,0,11.4644,2.30988,0,1735,23129490881
39.8131,25.1173,80.3318,0,100,82,72,1417,3504,2.18542,0,11.4644,2.30988,0,1735,23154601014
46.3791,21.5614,80.3318,0,100,82,72,1417,3504,2.18542,0,11.4644,2.30988,0,1735,23176149401
39.9474,25.0329,80.3318,0,100,82,72,1417,3504,2.18542,0,11.4644,2.30988,0,1735,23201184056
44.7123,22.3652,80.3318,0,100,82,72,1417,3504,2.18542,0,11.4644,2.30988,0,1735,23223585901
38.317,26.0981,80.3318,0,100,82,72,1417,3504,2.18542,0,11.4644,2.30988,0,1735,23249674486
43.7022,22.8821,80.3318,0,100,82,72,1417,3504,2.18542,0,11.4644,2.30988,0,1735,23272556246
45.522,21.9674,80.3318,0,100,82,72,1417,3504,2.18542,0,11.4644,2.30988,0,1735,23294525445
42.9941,23.259,80.3318,0,100,82,72,1417,3504,2.18542,0,11.4644,2.30988,0,1735,23317784605
35.7946,27.9372,80.3318,0,100,82,72,1417,3504,2.18542,0,11.4644,2.30988,0,1735,23345723045
48.6552,20.5528,80.3318,0,100,82,72,1417,3504,2.18542,0,11.4644,2.30988,0,1735,23366297241
47.2023,21.1854,80.3318,0,100,82,72,1417,3504,2.18542,0,11.4644,2.30988,0,1735,23387486017
37.1403,26.9249,80.3318,0,100,82,72,1417,3504,2.18542,0,11.4644,2.30988,0,1735,23414388067
40.3728,24.7692,80.3318,0,100,82,72,1417,3504,2.18542,0,11.4644,2.30988,0,1735,23439158606
40.9029,24.4481,80.3318,0,100,82,72,1417,3504,2.18542,0,11.4644,2.30988,0,1735,23463633167
54.7945,18.25,73.494,0,100,82,72,1417,3504,2.18542,0,11.4635,2.30988,0,1719,23481857970
41.9179,23.8561,73.494,0,100,82,72,1417,3504,2.18542,0,11.4635,2.30988,0,1719,23505715562
41.6163,24.029,73.494,0,100,82,72,1417,3504,2.18542,0,11.4635,2.30988,0,1719,23529745674
42.365,23.6044,73.494,0,100,82,72,1417,3504,2.18542,0,11.4635,2.30988,0,1719,23553352242
32.7285,30.5544,73.494,0,100,82,72,1417,3504,2.18542,0,11.4635,2.30988,0,1719,23583929095
52.2335,19.1448,73.494,0,100,82,72,1417,3504,2.18542,0,11.4635,2.30988,0,1719,23603053524
43.2928,23.0986,73.494,0,100,82,72,1417,3504,2.18542,0,11.4635,2.30988,0,1719,23626153889
41.8112,23.917,73.494,0,100,82,72,1417,3504,2.18542,0,11.4635,2.30988,0,1719,23650072776
47.9275,20.8649,73.494,0,100,82,72,1417,3504,2.18542,0,11.4635,2.30988,0,1719,23670939107
37.5111,26.6587,73.494,0,100,82,72,1417,3504,2.18542,0,11.4635,2.30988,0,1719,23697618934
39.4426,25.3533,73.494,0,100,82,72,1417,3504,2.18542,0,11.4635,2.30988,0,1719,23722965661
38.969,25.6614,73.494,0,100,82,72,1417,3504,2.18542,0,11.4635,2.30988,0,1719,23748651839
47.7573,20.9392,73.494,0,100,82,72,1417,3504,2.18542,0,11.4635,2.30988,0,1719,23769556801
48.3271,20.6923,73.494,0,100,82,72,1417,3504,2.18542,0,11.4635,2.30988,0,1719,23790249959
42.9221,23.298,73.494,0,100,82,72,1417,3504,2.18542,0,11.4635,2.30988,0,1719,23813568520
37.9919,26.3214,73.494,0,100,82,72,1417,3504,2.18542,0,11.4635,2.30988,0,1719,23839871000
48.0247,20.8226,73.494,0,100,82,72,1417,3504,2.18542,0,11.4635,2.30988,0,1719,23860695981
38.7649,25.7965,73.494,0,100,82,72,1417,3504,2.18542,0,11.4635,2.30988,0,1719,23886492266
44.3722,22.5366,73.494,0,100,82,72,1417,3504,2.18542,0,11.4635,2.30988,0,1719,23909057190
36.4047,27.469,73.494,0,100,82,72,1417,3504,2.18542,0,11.4635,2.30988,0,1719,23936527061
59.0482,16.9353,73.494,0,100,82,72,1417,3504,2.18542,0,11.4635,2.30988,0,1719,23953475202
34.7997,28.7359,73.494,0,100,82,72,1417,3504,2.18542,0,11.4635,2.30988,0,1719,23982205765
47.2488,21.1645,75.8105,0,100,82,72,1417,3504,2.18542,0,11.457,2.30988,0,1748,24003387677
42.0886,23.7594,75.8105,0,100,82,72,1417,3504,2.18542,0,11.457,2.30988,0,1748,24027126567
43.6161,22.9273,75.8105,0,100,82,72,1417,3504,2.18542,0,11.457,2.30988,0,1748,24050055783
37.0547,26.9871,75.8105,0,100,82,72,1417,3504,2.18542,0,11.457,2.30988,0,1748,24077065161
42.6536,23.4447,75.8105,0,100,82,72,1417,3504,2.18542,0,11.457,2.30988,0,1748,24100489127
47.4086,21.0932,75.8105,0,100,82,72,1417,3504,2.18542,0,11.457,2.30988,0,1748,24121606284
39.2216,25.4962,75.8105,0,100,82,72,1417,3504,2.18542,0,11.457,2.30988,0,1748,24147083382
39.7817,25.1372,75.8105,0,100,82,72,1417,3504,2.18542,0,11.457,2.30988,0,1748,24172220702
47.7219,20.9547,75.8105,0,100,82,72,1417,3504,2.18542,0,11.457,2.30988,0,1748,24193197261
40.0998,24.9378,75.8105,0,100,82,72,1417,3504,2.18542,0,11.457,2.30988,0,1748,24218114754
45.8798,21.7961,75.8105,0,100,82,72,1417,3504,2.18542,0,11.457,2.30988,0,1748,24239931215
41.7614,23.9456,75.8105,0,100,82,72,1417,3504,2.18542,0,11.457,2.30988,0,1748,24263857857
42.9855,23.2637,75.8105,0,100,82,72,1417,3504,2.18542,0,11.457,2.30988,0,1748,24287144792
41.1752,24.2865,75.8105,0,100,82,72,1417,3504,2.18542,0,11.457,2.30988,0,1748,24311422383
40.9489,24.4207,75.8105,0,100,82,72,1417,3504,2.18542,0,11.457,2.30988,0,1748,24335851376
38.8825,25.7185,75.8105,0,100,82,72,1417,3504,2.18542,0,11.457,2.30988,0,1748,24361570232
48.9417,20.4325,75.8105,0,100,82,72,1417,3504,2.18542,0,11.457,2.30988,0,1748,24382005952
43.839,22.8108,75.8105,0,100,82,72,1417,3504,2.18542,0,11.457,2.30988,0,1748,24404819066
40.486,24.6999,75.8105,0,100,82,72,1417,3504,2.18542,0,11.457,2.30988,0,1748,24429518728
39.9485,25.0323,75.8105,0,100,82,72,1417,3504,2.18542,0,11.457,2.30988,0,1748,24454553752
40.1644,24.8977,75.8105,0,100,82,72,1417,3504,2.18542,0,11.457,2.30988,0,1748,24479451845
39.2987,25.4461,75.8105,0,100,82,72,1417,3504,2.18542,0,11.457,2.30988,0,1748,24504902143
39.5509,25.2838,77.6119,0,100,82,72,1417,3504,2.18542,0,11.4571,2.30988,0,1756,24530184722
57.2253,17.4748,77.6119,0,100,82,72,1417,3504,2.18542,0,11.4571,2.30988,0,1756,24547661568
36.3307,27.5249,77.6119,0,100,82,72,1417,3504,2.18542,0,11.4571,2.30988,0,1756,24575206942
38.4025,26.04,77.6119,0,100,82,72,1417,3504,2.18542,0,11.4571,2.30988,0,1756,24601227672
47.331,21.1278,77.6119,0,100,82,72,1417,3504,2.18542,0,11.4571,2.30988,0,1756,24622378475
40.3548,24.7802,77.6119,0,100,82,72,1417,3504,2.18542,0,11.4571,2.30988,0,1756,24647150587
42.4137,23.5773,77.6119,0,100,82,72,1417,3504,2.18542,0,11.4571,2.30988,0,1756,24670717250
37.3496,26.774,77.6119,0,100,82,72,1417,3504,2.18542,0,11.4571,2.30988,0,1756,24697492745
52.8175,18.9331,77.6119,0,100,82,72,1417,3504,2.18542,0,11.4571,2.30988,0,1756,24716439011
32.9032,30.3922,77.6119,0,100,82,72,1417,3504,2.18542,0,11.4571,2.30988,0,1756,24746820181
43.9401,22.7583,77.6119,0,100,82,72,1417,3504,2.18542,0,11.4571,2.30988,0,1756,24769592661
50.086,19.9657,77.6119,0,100,82,72,1417,3504,2.18542,0,11.4571,2.30988,0,1756,24789568875
45.3467,22.0523,77.6119,0,100,82,72,1417,3504,2.18542,0,11.4571,2.30988,0,1756,24811622099
44.7625,22.3401,77.6119,0,100,82,72,1417,3504,2.18542,0,11.4571,2.30988,0,1756,24833985106
41.5553,24.0643,77.6119,0,100,82,72,1417,3504,2.18542,0,11.4571,2.30988,0,1756,24858028089
44.4152,22.5148,77.6119,0,100,82,72,1417,3504,2.18542,0,11.4571,2.30988,0,1756,24880544648
36.5293,27.3753,77.6119,0,100,82,72,1417,3504,2.18542,0,11.4571,2.30988,0,1756,24907934511
42.1575,23.7205,77.6119,0,100,82,72,1417,3504,2.18542,0,11.4571,2.30988,0,1756,24931642013
44.9985,22.223,77.6119,0,100,82,72,1417,3504,2.18542,0,11.4571,2.30988,0,1756,24953867468
43.7519,22.8562,77.6119,0,100,82,72,1417,3504,2.18542,0,11.4571,2.30988,0,1756,24976736810
33.2777,30.0501,77.6119,0,100,82,72,1417,3504,2.18542,0,11.4571,2.30988,0,1756,25006790925
52.4811,19.0545,88.4712,0,100,82,72,1417,3504,2.18542,0,11.4575,2.30988,0,1736,25025865631
39.5205,25.3033,88.4712,0,100,82,72,1417,3504,2.18542,0,11.4575,2.30988,0,1736,25051148130
40.8483,24.4808,88.4712,0,100,82,72,1417,3504,2.18542,0,11.4575,2.30988,0,1736,25075631989
45.7132,21.8755,88.4712,0,100,82,72,1417,3504,2.18542,0,11.4575,2.30988,0,1736,25097527708
41.7243,23.9669,88.4712,0,100,82,72,1417,3504,2.18542,0,11.4575,2.30988,0,1736,25121477337
35.7659,27.9596,88.4712,0,100,82,72,1417,3504,2.18542,0,11.4575,2.30988,0,1736,25149435811
42.7883,23.3708,88.4712,0,100,82,72,1417,3504,2.18542,0,11.4575,2.30988,0,1736,25172820734
39.0268,25.6234,88.4712,0,100,82,72,1417,3504,2.18542,0,11.4575,2.30988,0,1736,25198433382
39.7352,25.1666,88.4712,0,100,82,72,1417,3504,2.18542,0,11.4575,2.30988,0,1736,25223744402
45.3654,22.0432,88.4712,0,100,82,72,1417,3504,2.18542,0,11.4575,2.30988,0,1736,25245665367
39.4696,25.336,88.4712,0,100,82,72,1417,3504,2.18542,0,11.4575,2.30988,0,1736,25271002366
38.4456,26.0108,88.4712,0,100,82,72,1417,3504,2.18542,0,11.4575,2.30988,0,1736,25297013996
56.7345,17.626,88.4712,0,100,82,72,1417,3504,2.18542,0,11.4575,2.30988,0,1736,25314641233
36.4429,27.4402,88.4712,0,100,82,72,1417,3504,2.18542,0,11.4575,2.30988,0,1736,25342082629
34.652,28.8583,88.4712,0,100,82,72,1417,3504,2.18542,0,11.4575,2.30988,0,1736,25370963508
48.2924,20.7072,88.4712,0,100,82,72,1417,3504,2.18542,0,11.4575,2.30988,0,1736,25391671318
47.0235,21.266,88.4712,0,100,82,72,1417,3504,2.18542,0,11.4575,2.30988,0,1736,25412961653
37.8637,26.4106,88.4712,0,100,82,72,1417,3504,2.18542,0,11.4575,2.30988,0,1736,25439371958
41.7008,23.9804,88.4712,0,100,82,72,1417,3504,2.18542,0,11.4575,2.30988,0,1736,25463353812
41.2356,24.2509,88.4712,0,100,82,72,1417,3504,2.18542,0,11.4575,2.30988,0,1736,25487604657
39.0583,25.6027,88.4712,0,100,82,72,1417,3504,2.18542,0,11.4575,2.30988,0,1736,25513214517
45.982,21.7476,86.8812,0,100,83,72,1417,3504,2.18542,0,11.4575,2.30988,0,1720,25534956662
37.6829,26.5372,86.8812,0,100,83,72,1417,3504,2.18542,0,11.4575,2.30988,0,1720,25561516868
33.4946,29.8555,86.8812,0,100,83,72,1417,3504,2.18542,0,11.4575,2.30988,0,1720,25591395427
47.9256,20.8657,86.8812,0,100,83,72,1417,3504,2.18542,0,11.4575,2.30988,0,1720,25612263865
42.0536,23.7791,86.8812,0,100,83,72,1417,3504,2.18542,0,11.4575,2.30988,0,1720,25636063953
42.5438,23.5052,86.8812,0,100,83,72,1417,3504,2.18542,0,11.4575,2.30988,0,1720,25659571505
33.1609,30.156,86.8812,0,100,83,72,1417,3504,2.18542,0,11.4575,2.30988,0,1720,25689728685
39.623,25.2379,86.8812,0,100,83,72,1417,3504,2.18542,0,11.4575,2.30988,0,1720,25714980160
52.8868,18.9083,86.8812,0,100,83,72,1417,3504,2.18542,0,11.4575,2.30988,0,1720,25733898141
32.4593,30.8078,86.8812,0,100,83,72,1417,3504,2.18542,0,11.4575,2.30988,0,1720,25764686451
41.5398,24.0733,86.8812,0,100,83,72,1417,3504,2.18542,0,11.4575,2.30988,0,1720,25788761101
40.8945,24.4531,86.8812,0,100,83,72,1417,3504,2.18542,0,11.4575,2.30988,0,1720,25813236933
46.3429,21.5783,86.8812,0,100,83,72,1417,3504,2.18542,0,11.4575,2.30988,0,1720,25834794501
29.4369,33.971,86.8812,0,100,83,72,1417,3504,2.18542,0,11.4575,2.30988,0,1720,25868788634
39.2285,25.4917,86.8812,0,100,83,72,1417,3504,2.18542,0,11.4575,2.30988,0,1720,25894283069
38.846,25.7427,86.8812,0,100,83,72,1417,3504,2.18542,0,11.4575,2.30988,0,1720,25920026961
29.2039,34.242,86.8812,0,100,83,72,1417,3504,2.18542,0,11.4575,2.30988,0,1720,25954270631
34.2572,29.191,86.8812,0,100,83,72,1417,3504,2.18542,0,11.4575,2.30988,0,1720,25983482985
34.8793,28.6703,86.8812,0,100,83,72,1417,3504,2.18542,0,11.4575,2.30988,0,1720,26012133513
60.1985,16.6117,86.8812,0,100,83,72,1417,3504,2.18542,0,11.4575,2.30988,0,1720,26028751425
34.7356,28.7889,90.1205,0,100,83,72,1417,3504,2.18542,0,11.4549,2.30988,0,1753,26057536042
44.3383,22.5538,90.1205,0,100,83,72,1417,3504,2.18542,0,11.4549,2.30988,0,1753,26080090739
40.574,24.6463,90.1205,0,100,83,72,1417,3504,2.18542,0,11.4549,2.30988,0,1753,26104753425
34.7364,28.7883,90.1205,0,100,83,72,1417,3504,2.18542,0,11.4549,2.30988,0,1753,26133544402
45.5413,21.9581,90.1205,0,100,83,72,1417,3504,2.18542,0,11.4549,2.30988,0,1753,26155523327
36.3688,27.4961,90.1205,0,100,83,72,1417,3504,2.18542,0,11.4549,2.30988,0,1753,26182998910
35.7717,27.955,90.1205,0,100,83,72,1417,3504,2.18542,0,11.4549,2.30988,0,1753,26210954779
49.3002,20.2839,90.1205,0,100,83,72,1417,3504,2.18542,0,11.4549,2.30988,0,1753,26231239508
40.2129,24.8676,90.1205,0,100,83,72,1417,3504,2.18542,0,11.4549,2.30988,0,1753,26256109597
46.8694,21.3359,90.1205,0,100,83,72,1417,3504,2.18542,0,11.4549,2.30988,0,1753,26277446512
41.1644,24.2928,90.1205,0,100,83,72,1417,3504,2.18542,0,11.4549,2.30988,0,1753,26301741157
45.5286,21.9642,90.1205,0,100,83,72,1417,3504,2.18542,0,11.4549,2.30988,0,1753,26323706774
41.2221,24.2589,90.1205,0,100,83,72,1417,3504,2.18542,0,11.4549,2.30988,0,1753,26347967981
43.2179,23.1386,90.1205,0,100,83,72,1417,3504,2.18542,0,11.4549,2.30988,0,1753,26371107441
44.9797,22.2322,90.1205,0,100,83,72,1417,3504,2.18542,0,11.4549,2.30988,0,1753,26393341826
36.3839,27.4847,90.1205,0,100,83,72,1417,3504,2.18542,0,11.4549,2.30988,0,1753,26420827164
45.8486,21.8109,90.1205,0,100,83,72,1417,3504,2.18542,0,11.4549,2.30988,0,1753,26442639208
29.32,34.1064,90.1205,0,100,83,72,1417,3504,2.18542,0,11.4549,2.30988,0,1753,26476747686
51.1949,19.5332,90.1205,0,100,83,72,1417,3504,2.18542,0,11.4549,2.30988,0,1753,26496281373
39.8314,25.1058,90.1205,0,100,83,72,1417,3504,2.18542,0,11.4549,2.30988,0,1753,26521409473
47.3088,21.1377,90.1205,0,100,83,72,1417,3504,2.18542,0,11.4549,2.30988,0,1753,26542551460
39.3331,25.4238,81.8408,0,100,82,72,1417,3504,2.18542,0,11.4565,2.30988,0,1741,26567974276
43.4046,23.039,81.8408,0,100,82,72,1417,3504,2.18542,0,11.4565,2.30988,0,1741,26591013948
36.6083,27.3162,81.8408,0,100,82,72,1417,3504,2.18542,0,11.4565,2.30988,0,1741,26618309977
50.4261,19.831,81.8408,0,100,82,72,1417,3504,2.18542,0,11.4565,2.30988,0,1741,26638142339
37.2771,26.8261,81.8408,0,100,82,72,1417,3504,2.18542,0,11.4565,2.30988,0,1741,26664969095
45.1949,22.1264,81.8408,0,100,82,72,1417,3504,2.18542,0,11.4565,2.30988,0,1741,26687110625
39.8853,25.0719,81.8408,0,100,82,72,1417,3504,2.18542,0,11.4565,2.30988,0,1741,26712170705
45.2995,22.0753,81.8408,0,100,82,72,1417,3504,2.18542,0,11.4565,2.30988,0,1741,26734268018
36.5006,27.3968,81.8408,0,100,82,72,1417,3504,2.18542,0,11.4565,2.30988,0,1741,26761666161
47.1963,21.1881,81.8408,0,100,82,72,1417,3504,2.18542,0,11.4565,2.30988,0,1741,26782847671
43.4279,23.0267,81.8408,0,100,82,72,1417,3504,2.18542,0,11.4565,2.30988,0,1741,26805882644
36.4971,27.3994,81.8408,0,100,82,72,1417,3504,2.18542,0,11.4565,2.30988,0,1741,26833263108
40.1452,24.9096,81.8408,0,100,82,72,1417,3504,2.18542,0,11.4565,2.30988,0,1741,26858186222
43.8344,22.8131,81.8408,0,100,82,72,1417,3504,2.18542,0,11.4565,2.30988,0,1741,26881022889
38.5844,25.9172,81.8408,0,100,82,72,1417,3504,2.18542,0,11.4565,2.30988,0,1741,26906918613
39.3435,25.4171,81.8408,0,100,82,72,1417,3504,2.18542,0,11.4565,2.30988,0,1741,26932337264
36.7607,27.2029,81.8408,0,100,82,72,1417,3504,2.18542,0,11.4565,2.30988,0,1741,26959554882
34.6584,28.853,81.8408,0,100,82,72,1417,3504,2.18542,0,11.4565,2.30988,0,1741,26988416411
58.5913,17.0674,81.8408,0,100,82,72,1417,3504,2.18542,0,11.4565,2.30988,0,1741,27005481875
35.6667,28.0374,81.8408,0,100,82,72,1417,3504,2.18542,0,11.4565,2.30988,0,1741,27033501654
33.9787,29.4302,81.8408,0,100,82,72,1417,3504,2.18542,0,11.4565,2.30988,0,1741,27062959847
69.2019,14.4505,80.6683,0,97,82,72,1421,3504,2.18542,0,11.4567,2.30988,0,1750,27077384572
30.7937,32.4741,80.6683,0,97,82,72,1421,3504,2.18542,0,11.4567,2.30988,0,1750,27109860464
54.4864,18.3532,80.6683,0,97,82,72,1421,3504,2.18542,0,11.4567,2.30988,0,1750,27128215490
43.2308,23.1317,80.6683,0,97,82,72,1421,3504,2.18542,0,11.4567,2.30988,0,1750,27151359713
34.395,29.074,80.6683,0,97,82,72,1421,3504,2.18542,0,11.4567,2.30988,0,1750,27180441901
53.3325,18.7503,80.6683,0,97,82,72,1421,3504,2.18542,0,11.4567,2.30988,0,1750,27199173802
33.4344,29.9093,80.6683,0,97,82,72,1421,3504,2.18542,0,11.4567,2.30988,0,1750,27229084009
30.5327,32.7518,80.6683,0,97,82,72,1421,3504,2.18542,0,11.4567,2.30988,0,1750,27261837541
50.6103,19.7588,80.6683,0,97,82,72,1421,3504,2.18542,0,11.4567,2.30988,0,1750,27281596455
48.4639,20.6339,80.6683,0,97,82,72,1421,3504,2.18542,0,11.4567,2.30988,0,1750,27302252289
41.0969,24.3327,80.6683,0,97,82,72,1421,3504,2.18542,0,11.4567,2.30988,0,1750,27326603711
41.0588,24.3553,80.6683,0,97,82,72,1421,3504,2.18542,0,11.4567,2.30988,0,1750,27350943494
36.8283,27.153,80.6683,0,97,82,72,1421,3504,2.18542,0,11.4567,2.30988,0,1750,27378098047
42.205,23.6939,80.6683,0,97,82,72,1421,3504,2.18542,0,11.4567,2.30988,0,1750,27401792183
44.1027,22.6744,80.6683,0,97,82,72,1421,3504,2.18542,0,11.4567,2.30988,0,1750,27424484009
38.7118,25.8319,80.6683,0,97,82,72,1421,3504,2.18542,0,11.4567,2.30988,0,1750,27450322623
46.678,21.4234,80.6683,0,97,82,72,1421,3504,2.18542,0,11.4567,2.30988,0,1750,27471725616
36.4559,27.4304,80.6683,0,97,82,72,1421,3504,2.18542,0,11.4567,2.30988,0,1750,27499177929
39.1558,25.539,80.6683,0,97,82,72,1421,3504,2.18542,0,11.4567,2.30988,0,1750,27524697903
42.9592,23.2779,80.6683,0,97,82,72,1421,3504,2.18542,0,11.4567,2.30988,0,1750,27547995977
40.8655,24.4705,80.6683,0,97,82,72,1421,3504,2.18542,0,11.4567,2.30988,0,1750,27572471099
36.521,27.3815,82.4258,0,99,81,72,1417,3504,2.18542,0,11.4569,2.30988,0,1784,27599871463
49.2337,20.3113,82.4258,0,99,81,72,1417,3504,2.18542,0,11.4569,2.30988,0,1784,27620162720
34.4225,29.0508,82.4258,0,99,81,72,1417,3504,2.18542,0,11.4569,2.30988,0,1784,27649215228
40.5644,24.6521,82.4258,0,99,81,72,1417,3504,2.18542,0,11.4569,2.30988,0,1784,27673868080
45.1299,22.1582,82.4258,0,99,81,72,1417,3504,2.18542,0,11.4569,2.30988,0,1784,27696089283
40.3176,24.8031,82.4258,0,99,81,72,1417,3504,2.18542,0,11.4569,2.30988,0,1784,27720853666
44.0545,22.6992,82.4258,0,99,81,72,1417,3504,2.18542,0,11.4569,2.30988,0,1784,27743532529
34.1596,29.2743,82.4258,0,99,81,72,1417,3504,2.18542,0,11.4569,2.30988,0,1784,27772819496
33.1388,30.1761,82.4258,0,99,81,72,1417,3504,2.18542,0,11.4569,2.30988,0,1784,27802985236
48.5067,20.6157,82.4258,0,99,81,72,1417,3504,2.18542,0,11.4569,2.30988,0,1784,27823603492
37.7879,26.4635,82.4258,0,99,81,72,1417,3504,2.18542,0,11.4569,2.30988,0,1784,27850087961
52.5321,19.036,82.4258,0,99,81,72,1417,3504,2.18542,0,11.4569,2.30988,0,1784,27869124181
41.8547,23.8922,82.4258,0,99,81,72,1417,3504,2.18542,0,11.4569,2.30988,0,1784,27893018618
38.8473,25.7418,82.4258,0,99,81,72,1417,3504,2.18542,0,11.4569,2.30988,0,1784,27918760127
36.3297,27.5257,82.4258,0,99,81,72,1417,3504,2.18542,0,11.4569,2.30988,0,1784,27946308158
40.3324,24.794,82.4258,0,99,81,72,1417,3504,2.18542,0,11.4569,2.30988,0,1784,27971183879
42.1358,23.7328,82.4258,0,99,81,72,1417,3504,2.18542,0,11.4569,2.30988,0,1784,27994837326
41.7619,23.9452,82.4258,0,99,81,72,1417,3504,2.18542,0,11.4569,2.30988,0,1784,28018783575
44.031,22.7113,82.4258,0,99,81,72,1417,3504,2.18542,0,11.4569,2.30988,0,1784,28041495957
29.4782,33.9234,82.4258,0,99,81,72,1417,3504,2.18542,0,11.4569,2.30988,0,1784,28075445973
51.2189,19.524,85.2792,0,99,81,72,1417,3504,2.18542,0,11.4573,2.30988,0,1779,28094967569
44.599,22.422,85.2792,0,99,81,72,1417,3504,2.18542,0,11.4573,2.30988,0,1779,28117370686
33.1367,30.178,85.2792,0,99,81,72,1417,3504,2.18542,0,11.4573,2.30988,0,1779,28147549033
59.5234,16.8001,85.2792,0,99,81,72,1417,3504,2.18542,0,11.4573,2.30988,0,1779,28164349647
34.8253,28.7148,85.2792,0,99,81,72,1417,3504,2.18542,0,11.4573,2.30988,0,1779,28193087197
33.708,29.6665,85.2792,0,99,81,72,1417,3504,2.18542,0,11.4573,2.30988,0,1779,28222776123
37.0411,26.997,85.2792,0,99,81,72,1417,3504,2.18542,0,11.4573,2.30988,0,1779,28249774031
46.3438,21.5779,85.2792,0,99,81,72,1417,3504,2.18542,0,11.4573,2.30988,0,1779,28271344433
42.5011,23.5288,85.2792,0,99,81,72,1417,3504,2.18542,0,11.4573,2.30988,0,1779,28294874686
36.2678,27.5727,85.2792,0,99,81,72,1417,3504,2.18542,0,11.4573,2.30988,0,1779,28322437217
47.4897,21.0572,85.2792,0,99,81,72,1417,3504,2.18542,0,11.4573,2.30988,0,1779,28343494222
37.2329,26.858,85.2792,0,99,81,72,1417,3504,2.18542,0,11.4573,2.30988,0,1779,28370375279
39.6804,25.2014,85.2792,0,99,81,72,1417,3504,2.18542,0,11.4573,2.30988,0,1779,28395555725
40.0725,24.9548,85.2792,0,99,81,72,1417,3504,2.18542,0,11.4573,2.30988,0,1779,28420511541
47.4927,21.0558,85.2792,0,99,81,72,1417,3504,2.18542,0,11.4573,2.30988,0,1779,28441569587
43.6484,22.9103,85.2792,0,99,81,72,1417,3504,2.18542,0,11.4573,2.30988,0,1779,28464479653
38.2231,26.1622,85.2792,0,99,81,72,1417,3504,2.18542,0,11.4573,2.30988,0,1779,28490666746
33.5092,29.8426,85.2792,0,99,81,72,1417,3504,2.18542,0,11.4573,2.30988,0,1779,28520491793
39.8093,25.1198,85.2792,0,99,81,72,1417,3504,2.18542,0,11.4573,2.30988,0,1779,28545626639
44.5022,22.4708,85.2792,0,99,81,72,1417,3504,2.18542,0,11.4573,2.30988,0,1779,28568084617
49.1968,20.3265,85.2792,0,99,81,72,1417,3504,2.18542,0,11.4573,2.30988,0,1779,28588415179
36.4949,27.4011,86.6983,0,99,83,72,1419,3504,2.18542,0,11.4573,2.30988,0,2037,28615832558
32.0499,31.2013,86.6983,0,99,83,72,1419,3504,2.18542,0,11.4573,2.30988,0,2037,28647029153
44.179,22.6352,86.6983,0,99,83,72,1419,3504,2.18542,0,11.4573,2.30988,0,2037,28669653147
40.3842,24.7622,86.6983,0,99,83,72,1419,3504,2.18542,0,11.4573,2.30988,0,2037,28694414895
44.0386,22.7074,86.6983,0,99,83,72,1419,3504,2.18542,0,11.4573,2.30988,0,2037,28717145009
38.9218,25.6926,86.6983,0,99,83,72,1419,3504,2.18542,0,11.4573,2.30988,0,2037,28742817667
34.4012,29.0687,86.6983,0,99,83,72,1419,3504,2.18542,0,11.4573,2.30988,0,2037,28771909341
39.048,25.6095,86.6983,0,99,83,72,1419,3504,2.18542,0,11.4573,2.30988,0,2037,28797498753
42.6643,23.4388,86.6983,0,99,83,72,1419,3504,2.18542,0,11.4573,2.30988,0,2037,28820938428
34.9922,28.5778,86.6983,0,99,83,72,1419,3504,2.18542,0,11.4573,2.30988,0,2037,28849518518
42.525,23.5156,86.6983,0,99,83,72,1419,3504,2.18542,0,11.4573,2.30988,0,2037,28873033452
41.2631,24.2347,86.6983,0,99,83,72,1419,3504,2.18542,0,11.4573,2.30988,0,2037,28897271602
39.6184,25.2408,86.6983,0,99,83,72,1419,3504,2.18542,0,11.4573,2.30988,0,2037,28922513041
37.0958,26.9573,86.6983,0,99,83,72,1419,3504,2.18542,0,11.4573,2.30988,0,2037,28949491591
39.8571,25.0896,86.6983,0,99,83,72,1419,3504,2.18542,0,11.4573,2.30988,0,2037,28974562632
38.1802,26.1916,86.6983,0,99,83,72,1419,3504,2.18542,0,11.4573,2.30988,0,2037,29000755705
47.8738,20.8883,86.6983,0,99,83,72,1419,3504,2.18542,0,11.4573,2.30988,0,2037,29021643993
31.3529,31.8949,86.6983,0,99,83,72,1419,3504,2.18542,0,11.4573,2.30988,0,2037,29053539612
57.1912,17.4852,86.6983,0,99,83,72,1419,3504,2.18542,0,11.4573,2.30988,0,2037,29071026452
32.8341,30.4562,86.6983,0,99,83,72,1419,3504,2.18542,0,11.4573,2.30988,0,2037,29101487755
32.4391,30.827,84.7291,0,99,83,72,1419,3504,2.18542,0,11.4573,2.30988,0,1749,29132333083
45.339,22.0561,84.7291,0,99,83,72,1419,3504,2.18542,0,11.4573,2.30988,0,1749,29154413897
40.4376,24.7294,84.7291,0,99,83,72,1419,3504,2.18542,0,11.4573,2.30988,0,1749,29179144146
40.7684,24.5288,84.7291,0,99,83,72,1419,3504,2.18542,0,11.4573,2.30988,0,1749,29203694957
40.0665,24.9585,84.7291,0,99,83,72,1419,3504,2.18542,0,11.4573,2.30988,0,1749,29228633849
35.1742,28.4299,84.7291,0,99,83,72,1419,3504,2.18542,0,11.4573,2.30988,0,1749,29257064195
32.1496,31.1046,84.7291,0,99,83,72,1419,3504,2.18542,0,11.4573,2.30988,0,1749,29288191611
38.3075,26.1046,84.7291,0,99,83,72,1419,3504,2.18542,0,11.4573,2.30988,0,1749,29314275395
46.0107,21.7341,84.7291,0,99,83,72,1419,3504,2.18542,0,11.4573,2.30988,0,1749,29336037573
26.5872,37.6121,84.7291,0,99,83,72,1419,3504,2.18542,0,11.4573,2.30988,0,1749,29373645995
41.9703,23.8263,84.7291,0,99,83,72,1419,3504,2.18542,0,11.4573,2.30988,0,1749,29397453443
24.5096,40.8003,84.7291,0,99,83,72,1419,3504,2.18542,0,11.4573,2.30988,0,1749,29438255878
55.049,18.1656,84.7291,0,99,83,72,1419,3504,2.18542,0,11.4573,2.30988,0,1749,29456420885
29.1066,34.3565,84.7291,0,99,83,72,1419,3504,2.18542,0,11.4573,2.30988,0,1749,29490778512
43.6253,22.9225,84.7291,0,99,83,72,1419,3504,2.18542,0,11.4573,2.30988,0,1749,29513722630
35.7109,28.0027,84.7291,0,99,83,72,1419,3504,2.18542,0,11.4573,2.30988,0,1749,29541727560
36.7111,27.2397,84.7291,0,99,83,72,1419,3504,2.18542,0,11.4573,2.30988,0,1749,29568968338
49.6629,20.1358,84.7291,0,99,83,72,1419,3504,2.18542,0,11.4573,2.30988,0,1749,29589104992
30.6961,32.5774,84.7291,0,99,83,72,1419,3504,2.18542,0,11.4573,2.30988,0,1749,29621710458
37.8385,26.4281,87.5,0,98,82,72,1423,3504,2.18542,0,11.4573,2.30988,0,1741,29648113605
40.0153,24.9905,87.5,0,98,82,72,1423,3504,2.18542,0,11.4573,2.30988,0,1741,29673107294
32.4211,30.8441,87.5,0,98,82,72,1423,3504,2.18542,0,11.4573,2.30988,0,1741,29703951503
49.9966,20.0014,87.5,0,98,82,72,1423,3504,2.18542,0,11.4573,2.30988,0,1741,29723954365
47.472,21.065,87.5,0,98,82,72,1423,3504,2.18542,0,11.4573,2.30988,0,1741,29745021079
26.6149,37.5729,87.5,0,98,82,72,1423,3504,2.18542,0,11.4573,2.30988,0,1741,29782594206
40.2264,24.8593,87.5,0,98,82,72,1423,3504,2.18542,0,11.4573,2.30988,0,1741,29807459076
38.8713,25.7259,87.5,0,98,82,72,1423,3504,2.18542,0,11.4573,2.30988,0,1741,29833184703
31.3249,31.9235,87.5,0,98,82,72,1423,3504,2.18542,0,11.4573,2.30988,0,1741,29865119813
46.5351,21.4892,87.5,0,98,82,72,1423,3504,2.18542,0,11.4573,2.30988,0,1741,29886597611
34.324,29.1341,87.5,0,98,82,72,1423,3504,2.18542,0,11.4573,2.30988,0,1741,29915757144
40.4467,24.7239,87.5,0,98,82,72,1423,3504,2.18542,0,11.4573,2.30988,0,1741,29940457569
26.2634,38.0758,87.5,0,98,82,72,1423,3504,2.18542,0,11.4573,2.30988,0,1741,29978556609
7.01943,142.462,87.5,0,98,82,72,1423,3504,2.18542,0,11.4573,2.30988,0,1741,30120999370
45.9985,21.7398,87.5,0,98,82,72,1423,3504,2.18542,0,11.4573,2.30988,0,1741,30142768929
33.9732,29.4349,88.9423,0,98,82,72,1423,3504,2.18542,0,11.4571,2.30988,0,1731,30172179086
66.2806,15.0874,88.9423,0,98,82,72,1423,3504,2.18542,0,11.4571,2.30988,0,1731,30187264616
47.0949,21.2337,88.9423,0,98,82,72,1423,3504,2.18542,0,11.4571,2.30988,0,1731,30208499762
41.4972,24.098,88.9423,0,98,82,72,1423,3504,2.18542,0,11.4571,2.30988,0,1731,30232600414
38.7211,25.8257,88.9423,0,98,82,72,1423,3504,2.18542,0,11.4571,2.30988,0,1731,30258428021
32.1019,31.1508,88.9423,0,98,82,72,1423,3504,2.18542,0,11.4571,2.30988,0,1731,30289579565
43.4676,23.0056,88.9423,0,98,82,72,1423,3504,2.18542,0,11.4571,2.30988,0,1731,30312585440
37.9643,26.3406,88.9423,0,98,82,72,1423,3504,2.18542,0,11.4571,2.30988,0,1731,30338926829
37.4003,26.7377,88.9423,0,98,82,72,1423,3504,2.18542,0,11.4571,2.30988,0,1731,30365666430
36.8807,27.1144,88.9423,0,98,82,72,1423,3504,2.18542,0,11.4571,2.30988,0,1731,30392780797
39.3932,25.3851,88.9423,0,98,82,72,1423,3504,2.18542,0,11.4571,2.30988,0,1731,30418167043
42.6346,23.4551,88.9423,0,98,82,72,1423,3504,2.18542,0,11.4571,2.30988,0,1731,30441626444
36.2671,27.5732,88.9423,0,98,82,72,1423,3504,2.18542,0,11.4571,2.30988,0,1731,30469199105
41.6234,24.0249,88.9423,0,98,82,72,1423,3504,2.18542,0,11.4571,2.30988,0,1731,30493239604
36.4966,27.3998,88.9423,0,98,82,72,1423,3504,2.18542,0,11.4571,2.30988,0,1731,30520626060
40.2594,24.8389,88.9423,0,98,82,72,1423,3504,2.18542,0,11.4571,2.30988,0,1731,30545469932
35.014,28.56,88.9423,0,98,82,72,1423,3504,2.18542,0,11.4571,2.30988,0,1731,30574029491
38.4936,25.9783,88.9423,0,98,82,72,1423,3504,2.18542,0,11.4571,2.30988,0,1731,30600008139
40.0964,24.9399,88.9423,0,98,82,72,1423,3504,2.18542,0,11.4571,2.30988,0,1731,30624950748
38.7119,25.8319,88.9423,0,98,82,72,1423,3504,2.18542,0,11.4571,2.30988,0,1731,30650789819
36.3079,27.5422,57.1776,0,74,89,71,1436,3504,2.18542,0,11.4643,2.30988,0,3400,30678327078
36.1253,27.6814,57.1776,0,74,89,71,1436,3504,2.18542,0,11.4643,2.30988,0,3400,30706015163
43.2406,23.1264,57.1776,0,74,89,71,1436,3504,2.18542,0,11.4643,2.30988,0,3400,30729140500
35.4321,28.223,57.1776,0,74,89,71,1436,3504,2.18542,0,11.4643,2.30988,0,3400,30757362994
40.4127,24.7447,57.1776,0,74,89,71,1436,3504,2.18542,0,11.4643,2.30988,0,3400,30782126265
37.7632,26.4808,57.1776,0,74,89,71,1436,3504,2.18542,0,11.4643,2.30988,0,3400,30808590689
37.9051,26.3817,57.1776,0,74,89,71,1436,3504,2.18542,0,11.4643,2.30988,0,3400,30834974266
38.2687,26.131,57.1776,0,74,89,71,1436,3504,2.18542,0,11.4643,2.30988,0,3400,30861108838
40.5109,24.6847,57.1776,0,74,89,71,1436,3504,2.18542,0,11.4643,2.30988,0,3400,30885792660
33.3111,30.02,57.1776,0,74,89,71,1436,3504,2.18542,0,11.4643,2.30988,0,3400,30915813744
42.5554,23.4988,57.1776,0,74,89,71,1436,3504,2.18542,0,11.4643,2.30988,0,3400,30939319711
37.7585,26.4841,57.1776,0,74,89,71,1436,3504,2.18542,0,11.4643,2.30988,0,3400,30965804730
39.6173,25.2415,57.1776,0,74,89,71,1436,3504,2.18542,0,11.4643,2.30988,0,3400,30991045522
36.6564,27.2804,57.1776,0,74,89,71,1436,3504,2.18542,0,11.4643,2.30988,0,3400,31018326905
36.0606,27.7311,57.1776,0,74,89,71,1436,3504,2.18542,0,11.4643,2.30988,0,3400,31046058005
43.5937,22.9391,57.1776,0,74,89,71,1436,3504,2.18542,0,11.4643,2.30988,0,3400,31068998374
38.5828,25.9183,57.1776,0,74,89,71,1436,3504,2.18542,0,11.4643,2.30988,0,3400,31094918411
36.2417,27.5925,57.1776,0,74,89,71,1436,3504,2.18542,0,11.4643,2.30988,0,3400,31122511626
39.991,25.0056,57.1776,0,74,89,71,1436,3504,2.18542,0,11.4643,2.30988,0,3400,31147530106
37.6844,26.5362,57.1776,0,74,89,71,1436,3504,2.18542,0,11.4643,2.30988,0,3400,31174071659
36.5989,27.3232,56.0197,0,98,89,72,1418,3504,2.18542,0,11.465,2.30988,0,3400,31201381956
40.0494,24.9692,56.0197,0,98,89,72,1418,3504,2.18542,0,11.465,2.30988,0,3400,31226351233
35.7712,27.9554,56.0197,0,98,89,72,1418,3504,2.18542,0,11.465,2.30988,0,3400,31254309210
40.1247,24.9223,56.0197,0,98,89,72,1418,3504,2.18542,0,11.465,2.30988,0,3400,31279233307
37.5279,26.6469,56.0197,0,98,89,72,1418,3504,2.18542,0,11.465,2.30988,0,3400,31305881354
37.4786,26.6819,56.0197,0,98,89,72,1418,3504,2.18542,0,11.465,2.30988,0,3400,31332563604
39.021,25.6273,56.0197,0,98,89,72,1418,3504,2.18542,0,11.465,2.30988,0,3400,31358193001
33.5848,29.7754,56.0197,0,98,89,72,1418,3504,2.18542,0,11.465,2.30988,0,3400,31387969815
41.6754,23.995,56.0197,0,98,89,72,1418,3504,2.18542,0,11.465,2.30988,0,3400,31411966188
38.4215,26.0271,56.0197,0,98,89,72,1418,3504,2.18542,0,11.465,2.30988,0,3400,31437994461
39.648,25.222,56.0197,0,98,89,72,1418,3504,2.18542,0,11.465,2.30988,0,3400,31463217803
36.3056,27.544,56.0197,0,98,89,72,1418,3504,2.18542,0,11.465,2.30988,0,3400,31490763264
37.5338,26.6427,56.0197,0,98,89,72,1418,3504,2.18542,0,11.465,2.30988,0,3400,31517406952
41.1125,24.3235,56.0197,0,98,89,72,1418,3504,2.18542,0,11.465,2.30988,0,3400,31541732708
33.5365,29.8182,56.0197,0,98,89,72,1418,3504,2.18542,0,11.465,2.30988,0,3400,31571553250
42.6941,23.4225,56.0197,0,98,89,72,1418,3504,2.18542,0,11.465,2.30988,0,3400,31594977063
38.2233,26.1621,56.0197,0,98,89,72,1418,3504,2.18542,0,11.465,2.30988,0,3400,31621139751
36.227,27.6037,56.0197,0,98,89,72,1418,3504,2.18542,0,11.465,2.30988,0,3400,31648745356
39.1712,25.5289,56.0197,0,98,89,72,1418,3504,2.18542,0,11.465,2.30988,0,3400,31674278663
41.3623,24.1766,67.7582,0,100,91,72,1419,3504,2.18542,0,11.4649,2.30988,0,3400,31698452131
37.6029,26.5937,67.7582,0,100,91,72,1419,3504,2.18542,0,11.4649,2.30988,0,3400,31725046173
35.9804,27.7929,67.7582,0,100,91,72,1419,3504,2.18542,0,11.4649,2.30988,0,3400,31752841819
39.9821,25.0112,67.7582,0,100,91,72,1419,3504,2.18542,0,11.4649,2.30988,0,3400,31777852184
35.2261,28.388,67.7582,0,100,91,72,1419,3504,2.18542,0,11.4649,2.30988,0,3400,31806242208
40.2927,24.8184,67.7582,0,100,91,72,1419,3504,2.18542,0,11.4649,2.30988,0,3400,31831073882
37.877,26.4012,67.7582,0,100,91,72,1419,3504,2.18542,0,11.4649,2.30988,0,3400,31857464811
35.8318,27.9081,67.7582,0,100,91,72,1419,3504,2.18542,0,11.4649,2.30988,0,3400,31885374156
37.9423,26.3558,67.7582,0,100,91,72,1419,3504,2.18542,0,11.4649,2.30988,0,3400,31911732422
38.2627,26.1351,67.7582,0,100,91,72,1419,3504,2.18542,0,11.4649,2.30988,0,3400,31937869290
41.0037,24.3881,67.7582,0,100,91,72,1419,3504,2.18542,0,11.4649,2.30988,0,3400,31962258906
35.2662,28.3558,67.7582,0,100,91,72,1419,3504,2.18542,0,11.4649,2.30988,0,3400,31990615247
39.2771,25.4602,67.7582,0,100,91,72,1419,3504,2.18542,0,11.4649,2.30988,0,3400,32016097938
36.057,27.7339,67.7582,0,100,91,72,1419,3504,2.18542,0,11.4649,2.30988,0,3400,32043830775
36.4569,27.4297,67.7582,0,100,91,72,1419,3504,2.18542,0,11.4649,2.30988,0,3400,32071264532
38.0804,26.2602,67.7582,0,100,91,72,1419,3504,2.18542,0,11.4649,2.30988,0,3400,32097525913
40.675,24.5851,67.7582,0,100,91,72,1419,3504,2.18542,0,11.4649,2.30988,0,3400,32122112569
40.4539,24.7195,67.7582,0,100,91,72,1419,3504,2.18542,0,11.4649,2.30988,0,3400,32146850832
34.1148,29.3128,67.7582,0,100,91,72,1419,3504,2.18542,0,11.4649,2.30988,0,3400,32176155361
40.9123,24.4425,57.4939,0,100,91,72,1417,3504,2.18542,0,11.4651,2.30988,0,3400,32200608979
37.1966,26.8842,57.4939,0,100,91,72,1417,3504,2.18542,0,11.4651,2.30988,0,3400,32227479464
35.3135,28.3178,57.4939,0,100,91,72,1417,3504,2.18542,0,11.4651,2.30988,0,3400,32255814369
42.721,23.4077,57.4939,0,100,91,72,1417,3504,2.18542,0,11.4651,2.30988,0,3400,32279205895
35.3429,28.2942,57.4939,0,100,91,72,1417,3504,2.18542,0,11.4651,2.30988,0,3400,32307500604
35.2031,28.4066,57.4939,0,100,91,72,1417,3504,2.18542,0,11.4651,2.30988,0,3400,32335909530
40.98,24.4022,57.4939,0,100,91,72,1417,3504,2.18542,0,11.4651,2.30988,0,3400,32360313173
34.7554,28.7725,57.4939,0,100,91,72,1417,3504,2.18542,0,11.4651,2.30988,0,3400,32389087627
41.7263,23.9657,57.4939,0,100,91,72,1417,3504,2.18542,0,11.4651,2.30988,0,3400,32413056217
38.5058,25.9701,57.4939,0,100,91,72,1417,3504,2.18542,0,11.4651,2.30988,0,3400,32439026822
37.2656,26.8344,57.4939,0,100,91,72,1417,3504,2.18542,0,11.4651,2.30988,0,3400,32465864355
37.8857,26.3952,57.4939,0,100,91,72,1417,3504,2.18542,0,11.4651,2.30988,0,3400,32492259578
37.3365,26.7835,57.4939,0,100,91,72,1417,3504,2.18542,0,11.4651,2.30988,0,3400,32519043254
38.3837,26.0527,57.4939,0,100,91,72,1417,3504,2.18542,0,11.4651,2.30988,0,3400,32545102988
36.7045,27.2446,57.4939,0,100,91,72,1417,3504,2.18542,0,11.4651,2.30988,0,3400,32572344087
37.4035,26.7355,57.4939,0,100,91,72,1417,3504,2.18542,0,11.4651,2.30988,0,3400,32599081161
37.5668,26.6193,57.4939,0,100,91,72,1417,3504,2.18542,0,11.4651,2.30988,0,3400,32625700999
39.2867,25.4539,57.4939,0,100,91,72,1417,3504,2.18542,0,11.4651,2.30988,0,3400,32651157425
37.6778,26.5408,57.4939,0,100,91,72,1417,3504,2.18542,0,11.4651,2.30988,0,3400,32677704510
34.2373,29.2079,57.1429,0,100,86,72,1417,3504,2.18542,0,11.4654,2.30988,0,3400,32706907666
41.9392,23.844,57.1429,0,100,86,72,1417,3504,2.18542,0,11.4654,2.30988,0,3400,32730753867
37.4045,26.7347,57.1429,0,100,86,72,1417,3504,2.18542,0,11.4654,2.30988,0,3400,32757489196
36.592,27.3284,57.1429,0,100,86,72,1417,3504,2.18542,0,11.4654,2.30988,0,3400,32784818799
36.4075,27.4669,57.1429,0,100,86,72,1417,3504,2.18542,0,11.4654,2.30988,0,3400,32812287374
39.3982,25.3818,57.1429,0,100,86,72,1417,3504,2.18542,0,11.4654,2.30988,0,3400,32837669963
36.9616,27.0551,57.1429,0,100,86,72,1417,3504,2.18542,0,11.4654,2.30988,0,3400,32864726758
37.8093,26.4485,57.1429,0,100,86,72,1417,3504,2.18542,0,11.4654,2.30988,0,3400,32891176868
35.4728,28.1906,57.1429,0,100,86,72,1417,3504,2.18542,0,11.4654,2.30988,0,3400,32919370800
41.7557,23.9488,57.1429,0,100,86,72,1417,3504,2.18542,0,11.4654,2.30988,0,3400,32943319290
35.8304,27.9093,57.1429,0,100,86,72,1417,3504,2.18542,0,11.4654,2.30988,0,3400,32971229959
35.1164,28.4767,57.1429,0,100,86,72,1417,3504,2.18542,0,11.4654,2.30988,0,3400,32999712948
39.0212,25.6271,57.1429,0,100,86,72,1417,3504,2.18542,0,11.4654,2.30988,0,3400,33025337574
38.5096,25.9675,57.1429,0,100,86,72,1417,3504,2.18542,0,11.4654,2.30988,0,3400,33051306308
36.6454,27.2885,57.1429,0,100,86,72,1417,3504,2.18542,0,11.4654,2.30988,0,3400,33078617042
37.7335,26.5016,57.1429,0,100,86,72,1417,3504,2.18542,0,11.4654,2.30988,0,3400,33105100671
36.7871,27.1835,57.1429,0,100,86,72,1417,3504,2.18542,0,11.4654,2.30988,0,3400,33132286912
39.3423,25.4179,57.1429,0,100,86,72,1417,3504,2.18542,0,11.4654,2.30988,0,3400,33157705661
36.5669,27.3471,57.1429,0,100,86,72,1417,3504,2.18542,0,11.4654,2.30988,0,3400,33185094981
37.3801,26.7522,55.4726,0,100,86,72,1417,3504,2.18542,0,11.4648,2.30988,0,3413,33211821491
37.2775,26.8258,55.4726,0,100,86,72,1417,3504,2.18542,0,11.4648,2.30988,0,3413,33238649268
36.4878,27.4064,55.4726,0,100,86,72,1417,3504,2.18542,0,11.4648,2.30988,0,3413,33266056543
39.8362,25.1028,55.4726,0,100,86,72,1417,3504,2.18542,0,11.4648,2.30988,0,3413,33291160246
37.7807,26.4686,55.4726,0,100,86,72,1417,3504,2.18542,0,11.4648,2.30988,0,3413,33317630640
40.1724,24.8927,55.4726,0,100,86,72,1417,3504,2.18542,0,11.4648,2.30988,0,3413,33342522814
36.3075,27.5425,55.4726,0,100,86,72,1417,3504,2.18542,0,11.4648,2.30988,0,3413,33370066832
39.1118,25.5677,55.4726,0,100,86,72,1417,3504,2.18542,0,11.4648,2.30988,0,3413,33395636823
38.2715,26.1291,55.4726,0,100,86,72,1417,3504,2.18542,0,11.4648,2.30988,0,3413,33421767817
37.6482,26.5617,55.4726,0,100,86,72,1417,3504,2.18542,0,11.4648,2.30988,0,3413,33448331357
39.4981,25.3176,55.4726,0,100,86,72,1417,3504,2.18542,0,11.4648,2.30988,0,3413,33473650041
38.7696,25.7934,55.4726,0,100,86,72,1417,3504,2.18542,0,11.4648,2.30988,0,3413,33499444762
39.3849,25.3905,55.4726,0,100,86,72,1417,3504,2.18542,0,11.4648,2.30988,0,3413,33524835588
34.3942,29.0747,55.4726,0,100,86,72,1417,3504,2.18542,0,11.4648,2.30988,0,3413,33553912059
44.2891,22.5789,55.4726,0,100,86,72,1417,3504,2.18542,0,11.4648,2.30988,0,3413,33576491604
38.3881,26.0498,55.4726,0,100,86,72,1417,3504,2.18542,0,11.4648,2.30988,0,3413,33602560114
37.2684,26.8324,55.4726,0,100,86,72,1417,3504,2.18542,0,11.4648,2.30988,0,3413,33629396074
38.8976,25.7085,55.4726,0,100,86,72,1417,3504,2.18542,0,11.4648,2.30988,0,3413,33655086429
37.2764,26.8267,55.4726,0,100,86,72,1417,3504,2.18542,0,11.4648,2.30988,0,3413,33681913550
41.5797,24.0502,55.4726,0,100,86,72,1417,3504,2.18542,0,11.4648,2.30988,0,3413,33705971039
39.1989,25.5109,57.8947,0,100,89,72,1417,3504,2.18542,0,11.465,2.30988,0,3400,33731479195
37.3466,26.7762,57.8947,0,100,89,72,1417,3504,2.18542,0,11.465,2.30988,0,3400,33758268142
38.4648,25.9978,57.8947,0,100,89,72,1417,3504,2.18542,0,11.465,2.30988,0,3400,33784254265
39.6946,25.1924,57.8947,0,100,89,72,1417,3504,2.18542,0,11.465,2.30988,0,3400,33809448074
37.8668,26.4083,57.8947,0,100,89,72,1417,3504,2.18542,0,11.465,2.30988,0,3400,33835857332
40.3603,24.7768,57.8947,0,100,89,72,1417,3504,2.18542,0,11.465,2.30988,0,3400,33860636168
36.6466,27.2877,57.8947,0,100,89,72,1417,3504,2.18542,0,11.465,2.30988,0,3400,33887923512
39.5077,25.3115,57.8947,0,100,89,72,1417,3504,2.18542,0,11.465,2.30988,0,3400,33913237093
37.5619,26.6227,57.8947,0,100,89,72,1417,3504,2.18542,0,11.465,2.30988,0,3400,33939868001
40.7687,24.5286,57.8947,0,100,89,72,1417,3504,2.18542,0,11.465,2.30988,0,3400,33964393277
36.3907,27.4796,57.8947,0,100,89,72,1417,3504,2.18542,0,11.465,2.30988,0,3400,33991873431
40.7258,24.5545,57.8947,0,100,89,72,1417,3504,2.18542,0,11.465,2.30988,0,3400,34016429439
37.1966,26.8842,57.8947,0,100,89,72,1417,3504,2.18542,0,11.465,2.30988,0,3400,34043315435
38.8901,25.7135,57.8947,0,100,89,72,1417,3504,2.18542,0,11.465,2.30988,0,3400,34069029589
39.1389,25.55,57.8947,0,100,89,72,1417,3504,2.18542,0,11.465,2.30988,0,3400,34094581208
38.5464,25.9428,57.8947,0,100,89,72,1417,3504,2.18542,0,11.465,2.30988,0,3400,34120525310
38.8385,25.7477,57.8947,0,100,89,72,1417,3504,2.18542,0,11.465,2.30988,0,3400,34146275016
37.7793,26.4695,57.8947,0,100,89,72,1417,3504,2.18542,0,11.465,2.30988,0,3400,34172745379
39.0073,25.6362,57.8947,0,100,89,72,1417,3504,2.18542,0,11.465,2.30988,0,3400,34198383016
38.3324,26.0876,57.8947,0,100,89,72,1417,3504,2.18542,0,11.465,2.30988,0,3400,34224475808
37.9703,26.3364,56.6586,0,100,89,72,1472,3504,2.18542,0,11.4657,2.30988,0,3400,34250809401
35.8874,27.8649,56.6586,0,100,89,72,1472,3504,2.18542,0,11.4657,2.30988,0,3400,34278675763
39.4468,25.3506,56.6586,0,100,89,72,1472,3504,2.18542,0,11.4657,2.30988,0,3400,34304029976
41.6322,24.0199,56.6586,0,100,89,72,1472,3504,2.18542,0,11.4657,2.30988,0,3400,34328050623
35.6115,28.0808,56.6586,0,100,89,72,1472,3504,2.18542,0,11.4657,2.30988,0,3400,34356132781
38.6411,25.8792,56.6586,0,100,89,72,1472,3504,2.18542,0,11.4657,2.30988,0,3400,34382014232
39.2708,25.4642,56.6586,0,100,89,72,1472,3504,2.18542,0,11.4657,2.30988,0,3400,34407477432
37.0217,27.0112,56.6586,0,100,89,72,1472,3504,2.18542,0,11.4657,2.30988,0,3400,34434496622
41.8529,23.8932,56.6586,0,100,89,72,1472,3504,2.18542,0,11.4657,2.30988,0,3400,34458388548
35.1485,28.4507,56.6586,0,100,89,72,1472,3504,2.18542,0,11.4657,2.30988,0,3400,34486839365
41.9024,23.865,56.6586,0,100,89,72,1472,3504,2.18542,0,11.4657,2.30988,0,3400,34510712226
36.228,27.603,56.6586,0,100,89,72,1472,3504,2.18542,0,11.4657,2.30988,0,3400,34538311365
38.9531,25.6719,56.6586,0,100,89,72,1472,3504,2.18542,0,11.4657,2.30988,0,3400,34563988103
39.1974,25.5119,56.6586,0,100,89,72,1472,3504,2.18542,0,11.4657,2.30988,0,3400,34589511867
38.8028,25.7713,56.6586,0,100,89,72,1472,3504,2.18542,0,11.4657,2.30988,0,3400,34615276618
40.6994,24.5704,56.6586,0,100,89,72,1472,3504,2.18542,0,11.4657,2.30988,0,3400,34639846324
37.2662,26.8339,56.6586,0,100,89,72,1472,3504,2.18542,0,11.4657,2.30988,0,3400,34666685517
40.1694,24.8946,56.6586,0,100,89,72,1472,3504,2.18542,0,11.4657,2.30988,0,3400,34691580205
35.2705,28.3523,56.6586,0,100,89,72,1472,3504,2.18542,0,11.4657,2.30988,0,3400,34719933719
39.9112,25.0556,56.6586,0,100,89,72,1472,3504,2.18542,0,11.4657,2.30988,0,3400,34745008692
38.1624,26.2038,60.6132,0,100,90,73,1468,3504,2.18542,0,11.4657,2.30988,0,3402,34771208271
38.3032,26.1075,60.6132,0,100,90,73,1468,3504,2.18542,0,11.4657,2.30988,0,3402,34797318195
38.3349,26.0859,60.6132,0,100,90,73,1468,3504,2.18542,0,11.4657,2.30988,0,3402,34823404016
38.892,25.7122,60.6132,0,100,90,73,1468,3504,2.18542,0,11.4657,2.30988,0,3402,34849118617
38.5085,25.9683,60.6132,0,100,90,73,1468,3504,2.18542,0,11.4657,2.30988,0,3402,34875087176
35.8801,27.8706,60.6132,0,100,90,73,1468,3504,2.18542,0,11.4657,2.30988,0,3402,34902985283
41.0438,24.3642,60.6132,0,100,90,73,1468,3504,2.18542,0,11.4657,2.30988,0,3402,34927341667
38.4079,26.0363,60.6132,0,100,90,73,1468,3504,2.18542,0,11.4657,2.30988,0,3402,34953360560
36.7442,27.2152,60.6132,0,100,90,73,1468,3504,2.18542,0,11.4657,2.30988,0,3402,34980576935
39.4942,25.3202,60.6132,0,100,90,73,1468,3504,2.18542,0,11.4657,2.30988,0,3402,35005897077
38.4595,26.0014,60.6132,0,100,90,73,1468,3504,2.18542,0,11.4657,2.30988,0,3402,35031901148
36.6163,27.3102,60.6132,0,100,90,73,1468,3504,2.18542,0,11.4657,2.30988,0,3402,35059211604
37.2569,26.8407,60.6132,0,100,90,73,1468,3504,2.18542,0,11.4657,2.30988,0,3402,35086112216
39.3743,25.3973,60.6132,0,100,90,73,1468,3504,2.18542,0,11.4657,2.30988,0,3402,35111467493
38.8951,25.7102,60.6132,0,100,90,73,1468,3504,2.18542,0,11.4657,2.30988,0,3402,35137165756
35.8234,27.9148,60.6132,0,100,90,73,1468,3504,2.18542,0,11.4657,2.30988,0,3402,35165081101
39.2397,25.4844,60.6132,0,100,90,73,1468,3504,2.18542,0,11.4657,2.30988,0,3402,35190566433
41.4847,24.1053,60.6132,0,100,90,73,1468,3504,2.18542,0,11.4657,2.30988,0,3402,35214679884
34.2191,29.2234,60.6132,0,100,90,73,1468,3504,2.18542,0,11.4657,2.30988,0,3402,35243917316
40.0879,24.9452,60.6132,0,100,90,73,1468,3504,2.18542,0,11.4657,2.30988,0,3402,35268851066
38.1817,26.1906,58.3333,0,100,90,73,1468,3504,2.18542,0,11.4658,2.30988,0,3402,35295039335
38.36,26.0688,58.3333,0,100,90,73,1468,3504,2.18542,0,11.4658,2.30988,0,3402,35321107677
38.3683,26.0632,58.3333,0,100,90,73,1468,3504,2.18542,0,11.4658,2.30988,0,3402,35347171549
39.7324,25.1684,58.3333,0,100,90,73,1468,3504,2.18542,0,11.4658,2.30988,0,3402,35372341180
36.4624,27.4255,58.3333,0,100,90,73,1468,3504,2.18542,0,11.4658,2.30988,0,3402,35399768022
37.7333,26.5018,58.3333,0,100,90,73,1468,3504,2.18542,0,11.4658,2.30988,0,3402,35426270228
37.2076,26.8762,58.3333,0,100,90,73,1468,3504,2.18542,0,11.4658,2.30988,0,3402,35453148996
39.5863,25.2613,58.3333,0,100,90,73,1468,3504,2.18542,0,11.4658,2.30988,0,3402,35478410013
37.31,26.8025,58.3333,0,100,90,73,1468,3504,2.18542,0,11.4658,2.30988,0,3402,35505213930
39.0298,25.6214,58.3333,0,100,90,73,1468,3504,2.18542,0,11.4658,2.30988,0,3402,35530836147
36.5201,27.3822,58.3333,0,100,90,73,1468,3504,2.18542,0,11.4658,2.30988,0,3402,35558220516
37.1828,26.8942,58.3333,0,100,90,73,1468,3504,2.18542,0,11.4658,2.30988,0,3402,35585115248
36.2299,27.6015,58.3333,0,100,90,73,1468,3504,2.18542,0,11.4658,2.30988,0,3402,35612717600
39.0561,25.6042,58.3333,0,100,90,73,1468,3504,2.18542,0,11.4658,2.30988,0,3402,35638322969
37.8015,26.4539,58.3333,0,100,90,73,1468,3504,2.18542,0,11.4658,2.30988,0,3402,35664780473
38.4471,26.0098,58.3333,0,100,90,73,1468,3504,2.18542,0,11.4658,2.30988,0,3402,35690790178
37.0287,27.0061,58.3333,0,100,90,73,1468,3504,2.18542,0,11.4658,2.30988,0,3402,35717803486
39.2582,25.4724,58.3333,0,100,90,73,1468,3504,2.18542,0,11.4658,2.30988,0,3402,35743272949
37.3019,26.8083,58.3333,0,100,90,73,1468,3504,2.18542,0,11.4658,2.30988,0,3402,35770088470
37.8561,26.4158,58.9552,0,100,90,73,1468,3504,2.18542,0,11.4654,2.30988,0,3400,35796501352
37.5868,26.6051,58.9552,0,100,90,73,1468,3504,2.18542,0,11.4654,2.30988,0,3400,35823108553
37.944,26.3547,58.9552,0,100,90,73,1468,3504,2.18542,0,11.4654,2.30988,0,3400,35849463010
38.7927,25.778,58.9552,0,100,90,73,1468,3504,2.18542,0,11.4654,2.30988,0,3400,35875252134
37.1898,26.8891,58.9552,0,100,90,73,1468,3504,2.18542,0,11.4654,2.30988,0,3400,35902132045
39.2145,25.5008,58.9552,0,100,90,73,1468,3504,2.18542,0,11.4654,2.30988,0,3400,35927634220
34.7943,28.7403,58.9552,0,100,90,73,1468,3504,2.18542,0,11.4654,2.30988,0,3400,35956376087
38.3609,26.0682,58.9552,0,100,90,73,1468,3504,2.18542,0,11.4654,2.30988,0,3400,35982445118
37.6023,26.5941,58.9552,0,100,90,73,1468,3504,2.18542,0,11.4654,2.30988,0,3400,36009042390
32.5833,30.6906,58.9552,0,100,90,73,1468,3504,2.18542,0,11.4654,2.30988,0,3400,36039732199
44.3303,22.5579,58.9552,0,100,90,73,1468,3504,2.18542,0,11.4654,2.30988,0,3400,36062291732
36.2994,27.5487,58.9552,0,100,90,73,1468,3504,2.18542,0,11.4654,2.30988,0,3400,36089842920
38.9111,25.6996,58.9552,0,100,90,73,1468,3504,2.18542,0,11.4654,2.30988,0,3400,36115542091
37.7084,26.5193,58.9552,0,100,90,73,1468,3504,2.18542,0,11.4654,2.30988,0,3400,36142065304
34.6253,28.8806,58.9552,0,100,90,73,1468,3504,2.18542,0,11.4654,2.30988,0,3400,36170946250
37.1883,26.8902,58.9552,0,100,90,73,1468,3504,2.18542,0,11.4654,2.30988,0,3400,36197838351
36.7959,27.177,58.9552,0,100,90,73,1468,3504,2.18542,0,11.4654,2.30988,0,3400,36225029853
40.1047,24.9347,58.9552,0,100,90,73,1468,3504,2.18542,0,11.4654,2.30988,0,3400,36249952644
37.8518,26.4188,58.9552,0,100,90,73,1468,3504,2.18542,0,11.4654,2.30988,0,3400,36276379891
35.099,28.4909,57.0352,0,100,90,73,1470,3504,2.18542,0,11.466,2.30988,0,3400,36304866185
41.6228,24.0253,57.0352,0,100,90,73,1470,3504,2.18542,0,11.466,2.30988,0,3400,36328899326
36.7216,27.2319,57.0352,0,100,90,73,1470,3504,2.18542,0,11.466,2.30988,0,3400,36356141205
38.3999,26.0417,57.0352,0,100,90,73,1470,3504,2.18542,0,11.466,2.30988,0,3400,36382169306
43.6252,22.9225,57.0352,0,100,90,73,1470,3504,2.18542,0,11.466,2.30988,0,3400,36405097921
37.7459,26.4929,57.0352,0,100,90,73,1470,3504,2.18542,0,11.466,2.30988,0,3400,36431588215
37.42,26.7236,57.0352,0,100,90,73,1470,3504,2.18542,0,11.466,2.30988,0,3400,36458314062
42.2293,23.6802,57.0352,0,100,90,73,1470,3504,2.18542,0,11.466,2.30988,0,3400,36482008270
34.4656,29.0144,57.0352,0,100,90,73,1470,3504,2.18542,0,11.466,2.30988,0,3400,36511012547
40.7208,24.5575,57.0352,0,100,90,73,1470,3504,2.18542,0,11.466,2.30988,0,3400,36535570218
41.0001,24.3902,57.0352,0,100,90,73,1470,3504,2.18542,0,11.466,2.30988,0,3400,36559960601
35.1956,28.4126,57.0352,0,100,90,73,1470,3504,2.18542,0,11.466,2.30988,0,3400,36588374019
41.5552,24.0644,57.0352,0,100,90,73,1470,3504,2.18542,0,11.466,2.30988,0,3400,36612439966
36.212,27.6151,57.0352,0,100,90,73,1470,3504,2.18542,0,11.466,2.30988,0,3400,36640056615
39.8145,25.1165,57.0352,0,100,90,73,1470,3504,2.18542,0,11.466,2.30988,0,3400,36665176902
38.639,25.8806,57.0352,0,100,90,73,1470,3504,2.18542,0,11.466,2.30988,0,3400,36691057544
38.3636,26.0664,57.0352,0,100,90,73,1470,3504,2.18542,0,11.466,2.30988,0,3400,36717126559
37.4658,26.691,57.0352,0,100,90,73,1470,3504,2.18542,0,11.466,2.30988,0,3400,36743817468
38.0773,26.2624,57.0352,0,100,90,73,1470,3504,2.18542,0,11.466,2.30988,0,3400,36770081271
39.9973,25.0017,57.0352,0,100,90,73,1470,3504,2.18542,0,11.466,2.30988,0,3400,36795087024
36.9123,27.0913,63.4845,0,100,90,73,1553,3504,2.18542,0,11.4666,2.30988,0,3401,36822175823
44.6661,22.3883,63.4845,0,100,90,73,1553,3504,2.18542,0,11.4666,2.30988,0,3401,36844570105
34.1609,29.2732,63.4845,0,100,90,73,1553,3504,2.18542,0,11.4666,2.30988,0,3401,36873847783
46.3196,21.5891,63.4845,0,100,90,73,1553,3504,2.18542,0,11.4666,2.30988,0,3401,36895434499
35.2273,28.387,63.4845,0,100,90,73,1553,3504,2.18542,0,11.4666,2.30988,0,3401,36923823283
39.5564,25.2803,63.4845,0,100,90,73,1553,3504,2.18542,0,11.4666,2.30988,0,3401,36949104305
37.8228,26.4391,63.4845,0,100,90,73,1553,3504,2.18542,0,11.4666,2.30988,0,3401,36975545442
39.4407,25.3545,63.4845,0,100,90,73,1553,3504,2.18542,0,11.4666,2.30988,0,3401,37000902945
39.2635,25.469,63.4845,0,100,90,73,1553,3504,2.18542,0,11.4666,2.30988,0,3401,37026373129
36.4046,27.4691,63.4845,0,100,90,73,1553,3504,2.18542,0,11.4666,2.30988,0,3401,37053842872
40.5601,24.6548,63.4845,0,100,90,73,1553,3504,2.18542,0,11.4666,2.30988,0,3401,37078498755
38.5816,25.9191,63.4845,0,100,90,73,1553,3504,2.18542,0,11.4666,2.30988,0,3401,37104420013
37.0035,27.0244,63.4845,0,100,90,73,1553,3504,2.18542,0,11.4666,2.30988,0,3401,37131445504
40.103,24.9358,63.4845,0,100,90,73,1553,3504,2.18542,0,11.4666,2.30988,0,3401,37156383944
37.9733,26.3343,63.4845,0,100,90,73,1553,3504,2.18542,0,11.4666,2.30988,0,3401,37182721893
37.5007,26.6662,63.4845,0,100,90,73,1553,3504,2.18542,0,11.4666,2.30988,0,3401,37209387547
36.9995,27.0274,63.4845,0,100,90,73,1553,3504,2.18542,0,11.4666,2.30988,0,3401,37236421975
40.5669,24.6507,63.4845,0,100,90,73,1553,3504,2.18542,0,11.4666,2.30988,0,3401,37261071508
37.8212,26.4402,63.4845,0,100,90,73,1553,3504,2.18542,0,11.4666,2.30988,0,3401,37287512608
40.3399,24.7894,63.4845,0,100,90,73,1553,3504,2.18542,0,11.4666,2.30988,0,3401,37312310268
38.483,25.9855,70.8831,0,100,90,73,1553,3504,2.18542,0,11.4594,2.30988,0,3400,37338289881
41.5968,24.0403,70.8831,0,100,90,73,1553,3504,2.18542,0,11.4594,2.30988,0,3400,37362332597
39.3714,25.3992,70.8831,0,100,90,73,1553,3504,2.18542,0,11.4594,2.30988,0,3400,37387735454
36.319,27.5338,70.8831,0,100,90,73,1553,3504,2.18542,0,11.4594,2.30988,0,3400,37415267504
41.3075,24.2087,70.8831,0,100,90,73,1553,3504,2.18542,0,11.4594,2.30988,0,3400,37439482607
37.3244,26.7921,70.8831,0,100,90,73,1553,3504,2.18542,0,11.4594,2.30988,0,3400,37466272106
37.6233,26.5793,70.8831,0,100,90,73,1553,3504,2.18542,0,11.4594,2.30988,0,3400,37492860500
39.0616,25.6006,70.8831,0,100,90,73,1553,3504,2.18542,0,11.4594,2.30988,0,3400,37518460198
38.3994,26.0421,70.8831,0,100,90,73,1553,3504,2.18542,0,11.4594,2.30988,0,3400,37544500759
38.2181,26.1656,70.8831,0,100,90,73,1553,3504,2.18542,0,11.4594,2.30988,0,3400,37570670730
40.2931,24.8181,70.8831,0,100,90,73,1553,3504,2.18542,0,11.4594,2.30988,0,3400,37595492339
37.2239,26.8645,70.8831,0,100,90,73,1553,3504,2.18542,0,11.4594,2.30988,0,3400,37622354703
40.8392,24.4862,70.8831,0,100,90,73,1553,3504,2.18542,0,11.4594,2.30988,0,3400,37646846646
34.0946,29.3302,70.8831,0,100,90,73,1553,3504,2.18542,0,11.4594,2.30988,0,3400,37676176187
35.8142,27.9219,70.8831,0,100,90,73,1553,3504,2.18542,0,11.4594,2.30988,0,3400,37704117754
46.6997,21.4134,70.8831,0,100,90,73,1553,3504,2.18542,0,11.4594,2.30988,0,3400,37725537255
33.3832,29.9552,70.8831,0,100,90,73,1553,3504,2.18542,0,11.4594,2.30988,0,3400,37755492446
39.3986,25.3816,70.8831,0,100,90,73,1553,3504,2.18542,0,11.4594,2.30988,0,3400,37780874531
39.5359,25.2934,70.8831,0,100,90,73,1553,3504,2.18542,0,11.4594,2.30988,0,3400,37806170028
38.7632,25.7976,70.8831,0,100,90,73,1553,3504,2.18542,0,11.4594,2.30988,0,3400,37831991066
37.2825,26.8222,64.5783,0,100,88,74,1569,3504,2.18542,0,11.4519,2.30988,0,3400,37858809874
36.0685,27.725,64.5783,0,100,88,74,1569,3504,2.18542,0,11.4519,2.30988,0,3400,37886536312
45.4201,22.0167,64.5783,0,100,88,74,1569,3504,2.18542,0,11.4519,2.30988,0,3400,37908560429
34.6365,28.8713,64.5783,0,100,88,74,1569,3504,2.18542,0,11.4519,2.30988,0,3400,37937430249
43.2593,23.1164,64.5783,0,100,88,74,1569,3504,2.18542,0,11.4519,2.30988,0,3400,37960553899
38.8712,25.726,64.5783,0,100,88,74,1569,3504,2.18542,0,11.4519,2.30988,0,3400,37986276204
36.548,27.3613,64.5783,0,100,88,74,1569,3504,2.18542,0,11.4519,2.30988,0,3400,38013640986
37.6346,26.5713,64.5783,0,100,88,74,1569,3504,2.18542,0,11.4519,2.30988,0,3400,38040212609
37.2806,26.8236,64.5783,0,100,88,74,1569,3504,2.18542,0,11.4519,2.30988,0,3400,38067037477
42.0484,23.7821,64.5783,0,100,88,74,1569,3504,2.18542,0,11.4519,2.30988,0,3400,38090820135
38.7305,25.8195,64.5783,0,100,88,74,1569,3504,2.18542,0,11.4519,2.30988,0,3400,38116640547
35.0042,28.568,64.5783,0,100,88,74,1569,3504,2.18542,0,11.4519,2.30988,0,3400,38145210813
37.4966,26.6691,64.5783,0,100,88,74,1569,3504,2.18542,0,11.4519,2.30988,0,3400,38171881690
39.5019,25.3152,64.5783,0,100,88,74,1569,3504,2.18542,0,11.4519,2.30988,0,3400,38197198037
38.6608,25.866,64.5783,0,100,88,74,1569,3504,2.18542,0,11.4519,2.30988,0,3400,38223067331
39.0383,25.6159,64.5783,0,100,88,74,1569,3504,2.18542,0,11.4519,2.30988,0,3400,38248683710
40.7174,24.5595,64.5783,0,100,88,74,1569,3504,2.18542,0,11.4519,2.30988,0,3400,38273244762
35.9452,27.8202,64.5783,0,100,88,74,1569,3504,2.18542,0,11.4519,2.30988,0,3400,38301067306
39.3516,25.4119,64.5783,0,100,88,74,1569,3504,2.18542,0,11.4519,2.30988,0,3400,38326480464
41.0897,24.337,64.5783,0,100,88,74,1569,3504,2.18542,0,11.4519,2.30988,0,3400,38350826406
39.0884,25.583,64.7482,0,100,88,74,1569,3504,2.18542,0,11.4524,2.30988,0,3400,38376404667
38.3204,26.0958,64.7482,0,100,88,74,1569,3504,2.18542,0,11.4524,2.30988,0,3400,38402505981
38.324,26.0933,64.7482,0,100,88,74,1569,3504,2.18542,0,11.4524,2.30988,0,3400,38428613022
38.3031,26.1076,64.7482,0,100,88,74,1569,3504,2.18542,0,11.4524,2.30988,0,3400,38454705822
35.7469,27.9745,64.7482,0,100,88,74,1569,3504,2.18542,0,11.4524,2.30988,0,3400,38482681569
43.5137,22.9812,64.7482,0,100,88,74,1569,3504,2.18542,0,11.4524,2.30988,0,3400,38505665175
35.9759,27.7964,64.7482,0,100,88,74,1569,3504,2.18542,0,11.4524,2.30988,0,3400,38533464307
40.2646,24.8357,64.7482,0,100,88,74,1569,3504,2.18542,0,11.4524,2.30988,0,3400,38558299163
39.4384,25.356,64.7482,0,100,88,74,1569,3504,2.18542,0,11.4524,2.30988,0,3400,38583675268
38.0845,26.2574,64.7482,0,100,88,74,1569,3504,2.18542,0,11.4524,2.30988,0,3400,38609933712
38.4778,25.989,64.7482,0,100,88,74,1569,3504,2.18542,0,11.4524,2.30988,0,3400,38635924781
36.8573,27.1317,64.7482,0,100,88,74,1569,3504,2.18542,0,11.4524,2.30988,0,3400,38663058768
40.5109,24.6847,64.7482,0,100,88,74,1569,3504,2.18542,0,11.4524,2.30988,0,3400,38687743622
40.292,24.8188,64.7482,0,100,88,74,1569,3504,2.18542,0,11.4524,2.30988,0,3400,38712564012
35.7484,27.9733,64.7482,0,100,88,74,1569,3504,2.18542,0,11.4524,2.30988,0,3400,38740538695
37.1857,26.8921,64.7482,0,100,88,74,1569,3504,2.18542,0,11.4524,2.30988,0,3400,38767434142
43.4849,22.9965,64.7482,0,100,88,74,1569,3504,2.18542,0,11.4524,2.30988,0,3400,38790431427
35.3503,28.2883,64.7482,0,100,88,74,1569,3504,2.18542,0,11.4524,2.30988,0,3400,38818721259
40.2542,24.8421,64.7482,0,100,88,74,1569,3504,2.18542,0,11.4524,2.30988,0,3400,38843564187
38.7827,25.7847,64.7482,0,100,88,74,1569,3504,2.18542,0,11.4524,2.30988,0,3400,38869354263
38.5009,25.9734,63.6364,0,100,90,74,1569,3504,2.18542,0,11.4451,2.30988,0,3400,38895325726
39.2575,25.4728,63.6364,0,100,90,74,1569,3504,2.18542,0,11.4451,2.30988,0,3400,38920800323
42.0629,23.7739,63.6364,0,100,90,74,1569,3504,2.18542,0,11.4451,2.30988,0,3400,38944576124
36.0434,27.7443,63.6364,0,100,90,74,1569,3504,2.18542,0,11.4451,2.30988,0,3400,38972320213
37.8994,26.3857,63.6364,0,100,90,74,1569,3504,2.18542,0,11.4451,2.30988,0,3400,38998709402
37.286,26.8197,63.6364,0,100,90,74,1569,3504,2.18542,0,11.4451,2.30988,0,3400,39025546999
44.8115,22.3157,63.6364,0,100,90,74,1569,3504,2.18542,0,11.4451,2.30988,0,3400,39047845632
36.6839,27.2599,63.6364,0,100,90,74,1569,3504,2.18542,0,11.4451,2.30988,0,3400,39075110461
44.1492,22.6505,63.6364,0,100,90,74,1569,3504,2.18542,0,11.4451,2.30988,0,3400,39097758503
35.0149,28.5593,63.6364,0,100,90,74,1569,3504,2.18542,0,11.4451,2.30988,0,3400,39126339284
38.4651,25.9976,63.6364,0,100,90,74,1569,3504,2.18542,0,11.4451,2.30988,0,3400,39152337125
40.8639,24.4715,63.6364,0,100,90,74,1569,3504,2.18542,0,11.4451,2.30988,0,3400,39176810386
40.1544,24.9039,63.6364,0,100,90,74,1569,3504,2.18542,0,11.4451,2.30988,0,3400,39201716289
40.994,24.3938,63.6364,0,100,90,74,1569,3504,2.18542,0,11.4451,2.30988,0,3400,39226111427
41.5654,24.0585,63.6364,0,100,90,74,1569,3504,2.18542,0,11.4451,2.30988,0,3400,39250172254
38.7497,25.8067,63.6364,0,100,90,74,1569,3504,2.18542,0,11.4451,2.30988,0,3400,39275981691
40.6217,24.6174,63.6364,0,100,90,74,1569,3504,2.18542,0,11.4451,2.30988,0,3400,39300597908
44.5277,22.4579,63.6364,0,100,90,74,1569,3504,2.18542,0,11.4451,2.30988,0,3400,39323057378
40.8771,24.4636,63.6364,0,100,90,74,1569,3504,2.18542,0,11.4451,2.30988,0,3400,39347526396
34.7228,28.7995,63.6364,0,100,90,74,1569,3504,2.18542,0,11.4451,2.30988,0,3400,39376346900
46.881,21.3306,62.4691,0,100,90,74,1569,3504,2.18542,0,11.4454,2.30988,0,3400,39397657050
45.1889,22.1293,62.4691,0,100,90,74,1569,3504,2.18542,0,11.4454,2.30988,0,3400,39419794889
39.677,25.2035,62.4691,0,100,90,74,1569,3504,2.18542,0,11.4454,2.30988,0,3400,39444996650
32.9318,30.3658,62.4691,0,100,90,74,1569,3504,2.18542,0,11.4454,2.30988,0,3400,39475379967
59.9963,16.6677,62.4691,0,100,90,74,1569,3504,2.18542,0,11.4454,2.30988,0,3400,39492036608
38.2473,26.1457,62.4691,0,100,90,74,1569,3504,2.18542,0,11.4454,2.30988,0,3400,39518179128
41.1323,24.3118,62.4691,0,100,90,74,1569,3504,2.18542,0,11.4454,2.30988,0,3400,39542493628
39.0903,25.5818,62.4691,0,100,90,74,1569,3504,2.18542,0,11.4454,2.30988,0,3400,39568076428
36.6784,27.264,62.4691,0,100,90,74,1569,3504,2.18542,0,11.4454,2.30988,0,3400,39595341283
42.8331,23.3464,62.4691,0,100,90,74,1569,3504,2.18542,0,11.4454,2.30988,0,3400,39618689204
44.678,22.3824,62.4691,0,100,90,74,1569,3504,2.18542,0,11.4454,2.30988,0,3400,39641075483
37.3093,26.8029,62.4691,0,100,90,74,1569,3504,2.18542,0,11.4454,2.30988,0,3400,39667879958
40.5838,24.6403,62.4691,0,100,90,74,1569,3504,2.18542,0,11.4454,2.30988,0,3400,39692519764
44.0126,22.7208,62.4691,0,100,90,74,1569,3504,2.18542,0,11.4454,2.30988,0,3400,39715242434
39.7643,25.1482,62.4691,0,100,90,74,1569,3504,2.18542,0,11.4454,2.30988,0,3400,39740392694
42.4054,23.5819,62.4691,0,100,90,74,1569,3504,2.18542,0,11.4454,2.30988,0,3400,39763985223
40.5303,24.6729,62.4691,0,100,90,74,1569,3504,2.18542,0,11.4454,2.30988,0,3400,39788653139
36.5453,27.3633,62.4691,0,100,90,74,1569,3504,2.18542,0,11.4454,2.30988,0,3400,39816018256
41.3304,24.1953,62.4691,0,100,90,74,1569,3504,2.18542,0,11.4454,2.30988,0,3400,39840214197
41.9992,23.81,62.4691,0,100,90,74,1569,3504,2.18542,0,11.4454,2.30988,0,3400,39864026204
38.7519,25.8052,62.4691,0,100,90,74,1569,3504,2.18542,0,11.4454,2.30988,0,3400,39889839157
42.1097,23.7475,63.3005,0,100,91,75,1652,3504,2.18542,0,11.4454,2.30988,0,3400,39913579659
42.379,23.5966,63.3005,0,100,91,75,1652,3504,2.18542,0,11.4454,2.30988,0,3400,39937178357
43.3858,23.049,63.3005,0,100,91,75,1652,3504,2.18542,0,11.4454,2.30988,0,3400,39960229163
37.555,26.6276,63.3005,0,100,91,75,1652,3504,2.18542,0,11.4454,2.30988,0,3400,39986858969
41.3207,24.2009,63.3005,0,100,91,75,1652,3504,2.18542,0,11.4454,2.30988,0,3400,40011059739
42.2953,23.6433,63.3005,0,100,91,75,1652,3504,2.18542,0,11.4454,2.30988,0,3400,40034704996
38.6587,25.8674,63.3005,0,100,91,75,1652,3504,2.18542,0,11.4454,2.30988,0,3400,40060576476
42.2531,23.6669,63.3005,0,100,91,75,1652,3504,2.18542,0,11.4454,2.30988,0,3400,40084241743
41.6292,24.0216,63.3005,0,100,91,75,1652,3504,2.18542,0,11.4454,2.30988,0,3400,40108265209
41.407,24.1505,63.3005,0,100,91,75,1652,3504,2.18542,0,11.4454,2.30988,0,3400,40132419922
44.5727,22.4353,63.3005,0,100,91,75,1652,3504,2.18542,0,11.4454,2.30988,0,3400,40154854778
36.2164,27.6118,63.3005,0,100,91,75,1652,3504,2.18542,0,11.4454,2.30988,0,3400,40182470192
42.0076,23.8052,63.3005,0,100,91,75,1652,3504,2.18542,0,11.4454,2.30988,0,3400,40206276836
42.3571,23.6088,63.3005,0,100,91,75,1652,3504,2.18542,0,11.4454,2.30988,0,3400,40229885583
44.6328,22.4051,63.3005,0,100,91,75,1652,3504,2.18542,0,11.4454,2.30988,0,3400,40252293022
36.6174,27.3094,63.3005,0,100,91,75,1652,3504,2.18542,0,11.4454,2.30988,0,3400,40279603104
41.6723,23.9968,63.3005,0,100,91,75,1652,3504,2.18542,0,11.4454,2.30988,0,3400,40303600637
44.7763,22.3332,63.3005,0,100,91,75,1652,3504,2.18542,0,11.4454,2.30988,0,3400,40325935441
39.0994,25.5758,63.3005,0,100,91,75,1652,3504,2.18542,0,11.4454,2.30988,0,3400,40351512928
44.944,22.2499,63.3005,0,100,91,75,1652,3504,2.18542,0,11.4454,2.30988,0,3400,40373764614
40.8493,24.4802,63.3005,0,100,91,75,1652,3504,2.18542,0,11.4454,2.30988,0,3400,40398251486
42.2321,23.6787,62.2222,0,100,91,75,1652,3504,2.18542,0,11.4453,2.30988,0,3400,40421925601
39.0041,25.6384,62.2222,0,100,91,75,1652,3504,2.18542,0,11.4453,2.30988,0,3400,40447565435
36.8072,27.1686,62.2222,0,100,91,75,1652,3504,2.18542,0,11.4453,2.30988,0,3400,40474734911
44.8143,22.3143,62.2222,0,100,91,75,1652,3504,2.18542,0,11.4453,2.30988,0,3400,40497054907
38.9546,25.6709,62.2222,0,100,91,75,1652,3504,2.18542,0,11.4453,2.30988,0,3400,40522727776
44.048,22.7025,62.2222,0,100,91,75,1652,3504,2.18542,0,11.4453,2.30988,0,3400,40545432939
38.3042,26.1068,62.2222,0,100,91,75,1652,3504,2.18542,0,11.4453,2.30988,0,3400,40571553890
41.6473,24.0112,62.2222,0,100,91,75,1652,3504,2.18542,0,11.4453,2.30988,0,3400,40595555033
46.0423,21.7191,62.2222,0,100,91,75,1652,3504,2.18542,0,11.4453,2.30988,0,3400,40617290663
46.6575,21.4328,62.2222,0,100,91,75,1652,3504,2.18542,0,11.4453,2.30988,0,3400,40638718997
20.7518,48.1887,62.2222,0,100,91,75,1652,3504,2.18542,0,11.4453,2.30988,0,3400,40686909567
23.7632,42.0819,62.2222,0,100,91,75,1652,3504,2.18542,0,11.4453,2.30988,0,3400,40728992187
59.7518,16.7359,62.2222,0,100,91,75,1652,3504,2.18542,0,11.4453,2.30988,0,3400,40745728893
19.206,52.067,62.2222,0,100,91,75,1652,3504,2.18542,0,11.4453,2.30988,0,3400,40797797516
111.243,8.98931,62.2222,0,100,91,75,1652,3504,2.18542,0,11.4453,2.30988,0,3400,40806789870
48.389,20.6659,62.2222,0,100,91,75,1652,3504,2.18542,0,11.4453,2.30988,0,3400,40827458344
46.2421,21.6253,62.2222,0,100,91,75,1652,3504,2.18542,0,11.4453,2.30988,0,3400,40849104467
40.2257,24.8598,62.2222,0,100,91,75,1652,3504,2.18542,0,11.4453,2.30988,0,3400,40873944964
39.4374,25.3566,62.2222,0,100,91,75,1652,3504,2.18542,0,11.4453,2.30988,0,3400,40899307661
50.6226,19.754,66.3391,0,100,91,76,1652,3504,2.18542,0,11.4262,2.30988,0,3400,40919060078
41.309,24.2078,66.3391,0,100,91,76,1652,3504,2.18542,0,11.4262,2.30988,0,3400,40943271201
40.943,24.4242,66.3391,0,100,91,76,1652,3504,2.18542,0,11.4262,2.30988,0,3400,40967693392
43.2482,23.1223,66.3391,0,100,91,76,1652,3504,2.18542,0,11.4262,2.30988,0,3400,40990816567
42.5939,23.4775,66.3391,0,100,91,76,1652,3504,2.18542,0,11.4262,2.30988,0,3400,41014295093
36.7031,27.2456,66.3391,0,100,91,76,1652,3504,2.18542,0,11.4262,2.30988,0,3400,41041542121
47.2159,21.1793,66.3391,0,100,91,76,1652,3504,2.18542,0,11.4262,2.30988,0,3400,41062722097
36.6814,27.2617,66.3391,0,100,91,76,1652,3504,2.18542,0,11.4262,2.30988,0,3400,41089985489
43.0678,23.2192,66.3391,0,100,91,76,1652,3504,2.18542,0,11.4262,2.30988,0,3400,41113212317
44.4059,22.5195,66.3391,0,100,91,76,1652,3504,2.18542,0,11.4262,2.30988,0,3400,41135729785
36.3754,27.4911,66.3391,0,100,91,76,1652,3504,2.18542,0,11.4262,2.30988,0,3400,41163220049
56.3999,17.7305,66.3391,0,100,91,76,1652,3504,2.18542,0,11.4262,2.30988,0,3400,41180953174
38.8625,25.7318,66.3391,0,100,91,76,1652,3504,2.18542,0,11.4262,2.30988,0,3400,41206684989
41.8135,23.9157,66.3391,0,100,91,76,1652,3504,2.18542,0,11.4262,2.30988,0,3400,41230603195
46.1745,21.657,66.3391,0,100,91,76,1652,3504,2.18542,0,11.4262,2.30988,0,3400,41252260862
44.1573,22.6463,66.3391,0,100,91,76,1652,3504,2.18542,0,11.4262,2.30988,0,3400,41274910527
41.9633,23.8303,66.3391,0,100,91,76,1652,3504,2.18542,0,11.4262,2.30988,0,3400,41298738793
46.5629,21.4763,66.3391,0,100,91,76,1652,3504,2.18542,0,11.4262,2.30988,0,3400,41320216910
38.2708,26.1296,66.3391,0,100,91,76,1652,3504,2.18542,0,11.4262,2.30988,0,3400,41346347903
60.6059,16.5,66.3391,0,100,91,76,1652,3504,2.18542,0,11.4262,2.30988,0,3400,41362848815
50.8338,19.6719,66.3391,0,100,91,76,1652,3504,2.18542,0,11.4262,2.30988,0,3400,41382521752
49.5375,20.1867,66.3391,0,100,91,76,1652,3504,2.18542,0,11.4262,2.30988,0,3400,41402714713
50.8853,19.652,66.2562,0,94,91,75,1656,3504,2.18542,0,11.3964,2.30988,0,3400,41422362341
49.3085,20.2805,66.2562,0,94,91,75,1656,3504,2.18542,0,11.3964,2.30988,0,3400,41442644175
46.5045,21.5033,66.2562,0,94,91,75,1656,3504,2.18542,0,11.3964,2.30988,0,3400,41464148014
50.5187,19.7946,66.2562,0,94,91,75,1656,3504,2.18542,0,11.3964,2.30988,0,3400,41483943401
47.4931,21.0557,66.2562,0,94,91,75,1656,3504,2.18542,0,11.3964,2.30988,0,3400,41505000866
47.5975,21.0095,66.2562,0,94,91,75,1656,3504,2.18542,0,11.3964,2.30988,0,3400,41526010936
49.1826,20.3324,66.2562,0,94,91,75,1656,3504,2.18542,0,11.3964,2.30988,0,3400,41546345967
47.8608,20.8939,66.2562,0,94,91,75,1656,3504,2.18542,0,11.3964,2.30988,0,3400,41567239860
47.52,21.0438,66.2562,0,94,91,75,1656,3504,2.18542,0,11.3964,2.30988,0,3400,41588284640
45.9796,21.7488,66.2562,0,94,91,75,1656,3504,2.18542,0,11.3964,2.30988,0,3400,41610035277
50.5021,19.8012,66.2562,0,94,91,75,1656,3504,2.18542,0,11.3964,2.30988,0,3400,41629836397
48.3849,20.6676,66.2562,0,94,91,75,1656,3504,2.18542,0,11.3964,2.30988,0,3400,41650504136
46.1705,21.6588,66.2562,0,94,91,75,1656,3504,2.18542,0,11.3964,2.30988,0,3400,41672164366
48.8237,20.4819,66.2562,0,94,91,75,1656,3504,2.18542,0,11.3964,2.30988,0,3400,41692648254
46.4198,21.5426,66.2562,0,94,91,75,1656,3504,2.18542,0,11.3964,2.30988,0,3400,41714190368
48.0138,20.8273,66.2562,0,94,91,75,1656,3504,2.18542,0,11.3964,2.30988,0,3400,41735018324
42.2532,23.6668,66.2562,0,94,91,75,1656,3504,2.18542,0,11.3964,2.30988,0,3400,41758686353
49.3506,20.2632,66.2562,0,94,91,75,1656,3504,2.18542,0,11.3964,2.30988,0,3400,41778951415
45.4079,22.0226,66.2562,0,94,91,75,1656,3504,2.18542,0,11.3964,2.30988,0,3400,41800973881
50.0526,19.979,66.2562,0,94,91,75,1656,3504,2.18542,0,11.3964,2.30988,0,3400,41820953714
46.9237,21.3112,66.2562,0,94,91,75,1656,3504,2.18542,0,11.3964,2.30988,0,3400,41842265272
47.252,21.1631,66.2562,0,94,91,75,1656,3504,2.18542,0,11.3964,2.30988,0,3400,41863430663
49.4353,20.2285,66.2562,0,94,91,75,1656,3504,2.18542,0,11.3964,2.30988,0,3400,41883660247
46.1891,21.6501,66.2562,0,94,91,75,1656,3504,2.18542,0,11.3964,2.30988,0,3400,41905315340
47.1665,21.2015,56.2189,0,100,89,76,1657,3504,2.21201,0,11.3696,2.30988,0,3400,41926513679
49.7281,20.1094,56.2189,0,100,89,76,1657,3504,2.21201,0,11.3696,2.30988,0,3400,41946624386
48.6806,20.5421,56.2189,0,100,89,76,1657,3504,2.21201,0,11.3696,2.30988,0,3400,41967168743
46.2996,21.5984,56.2189,0,100,89,76,1657,3504,2.21201,0,11.3696,2.30988,0,3400,41988767294
48.7923,20.495,56.2189,0,100,89,76,1657,3504,2.21201,0,11.3696,2.30988,0,3400,42009263881
48.3885,20.6661,56.2189,0,100,89,76,1657,3504,2.21201,0,11.3696,2.30988,0,3400,42029949008
49.9379,20.0249,56.2189,0,100,89,76,1657,3504,2.21201,0,11.3696,2.30988,0,3400,42049956402
46.9047,21.3198,56.2189,0,100,89,76,1657,3504,2.21201,0,11.3696,2.30988,0,3400,42071278218
49.1139,20.3608,56.2189,0,100,89,76,1657,3504,2.21201,0,11.3696,2.30988,0,3400,42091640591
48.7353,20.519,56.2189,0,100,89,76,1657,3504,2.21201,0,11.3696,2.30988,0,3400,42112159140
49.2519,20.3038,56.2189,0,100,89,76,1657,3504,2.21201,0,11.3696,2.30988,0,3400,42132464633
48.5229,20.6088,56.2189,0,100,89,76,1657,3504,2.21201,0,11.3696,2.30988,0,3400,42153073885
48.6279,20.5643,56.2189,0,100,89,76,1657,3504,2.21201,0,11.3696,2.30988,0,3400,42173639867
46.1743,21.6571,56.2189,0,100,89,76,1657,3504,2.21201,0,11.3696,2.30988,0,3400,42195298696
49.1882,20.3301,56.2189,0,100,89,76,1657,3504,2.21201,0,11.3696,2.30988,0,3400,42215629526
50.8262,19.6749,56.2189,0,100,89,76,1657,3504,2.21201,0,11.3696,2.30988,0,3400,42235304842
47.2341,21.1712,56.2189,0,100,89,76,1657,3504,2.21201,0,11.3696,2.30988,0,3400,42256477597
48.3166,20.6968,56.2189,0,100,89,76,1657,3504,2.21201,0,11.3696,2.30988,0,3400,42277175237
50.1368,19.9454,56.2189,0,100,89,76,1657,3504,2.21201,0,11.3696,2.30988,0,3400,42297121171
48.4195,20.6528,56.2189,0,100,89,76,1657,3504,2.21201,0,11.3696,2.30988,0,3400,42317774907
47.4163,21.0898,56.2189,0,100,89,76,1657,3504,2.21201,0,11.3696,2.30988,0,3400,42338865725
49.4143,20.237,56.2189,0,100,89,76,1657,3504,2.21201,0,11.3696,2.30988,0,3400,42359104282
49.4201,20.2347,56.2189,0,100,89,76,1657,3504,2.21201,0,11.3696,2.30988,0,3400,42379340331
49.788,20.0852,56.2189,0,100,89,76,1657,3504,2.21201,0,11.3696,2.30988,0,3400,42399426613
44.3086,22.569,56.2189,0,100,89,76,1657,3504,2.21201,0,11.3696,2.30988,0,3400,42422001115
44.5865,22.4283,58.3529,0,100,89,76,1670,3504,2.2179,0,11.3767,2.30988,0,3400,42444426454
58.3332,17.1429,58.3529,0,100,89,76,1670,3504,2.2179,0,11.3767,2.30988,0,3400,42461570758
46.4403,21.533,58.3529,0,100,89,76,1670,3504,2.2179,0,11.3767,2.30988,0,3400,42483105119
50.8965,19.6477,58.3529,0,100,89,76,1670,3504,2.2179,0,11.3767,2.30988,0,3400,42502754274
46.1607,21.6635,58.3529,0,100,89,76,1670,3504,2.2179,0,11.3767,2.30988,0,3400,42524417816
49.9373,20.0251,58.3529,0,100,89,76,1670,3504,2.2179,0,11.3767,2.30988,0,3400,42544444102
47.5379,21.0359,58.3529,0,100,89,76,1670,3504,2.2179,0,11.3767,2.30988,0,3400,42565480484
53.1548,18.813,58.3529,0,100,89,76,1670,3504,2.2179,0,11.3767,2.30988,0,3400,42584294816
46.6167,21.4516,58.3529,0,100,89,76,1670,3504,2.2179,0,11.3767,2.30988,0,3400,42605748076
46.3953,21.5539,58.3529,0,100,89,76,1670,3504,2.2179,0,11.3767,2.30988,0,3400,42627302016
51.7457,19.3253,58.3529,0,100,89,76,1670,3504,2.2179,0,11.3767,2.30988,0,3400,42646629247
47.3883,21.1022,58.3529,0,100,89,76,1670,3504,2.2179,0,11.3767,2.30988,0,3400,42667731909
49.9762,20.0095,58.3529,0,100,89,76,1670,3504,2.2179,0,11.3767,2.30988,0,3400,42687744091
49.5176,20.1948,58.3529,0,100,89,76,1670,3504,2.2179,0,11.3767,2.30988,0,3400,42707939096
48.7442,20.5153,58.3529,0,100,89,76,1670,3504,2.2179,0,11.3767,2.30988,0,3400,42728454913
45.9502,21.7627,58.3529,0,100,89,76,1670,3504,2.2179,0,11.3767,2.30988,0,3400,42750219258
44.2141,22.6172,58.3529,0,100,89,76,1670,3504,2.2179,0,11.3767,2.30988,0,3400,42772837948
58.9082,16.9756,58.3529,0,100,89,76,1670,3504,2.2179,0,11.3767,2.30988,0,3400,42789814291
47.9043,20.875,58.3529,0,100,89,76,1670,3504,2.2179,0,11.3767,2.30988,0,3400,42810689087
47.4838,21.0598,58.3529,0,100,89,76,1670,3504,2.2179,0,11.3767,2.30988,0,3400,42831751053
49.7825,20.0874,58.3529,0,100,89,76,1670,3504,2.2179,0,11.3767,2.30988,0,3400,42851839715
50.3369,19.8661,58.3529,0,100,89,76,1670,3504,2.2179,0,11.3767,2.30988,0,3400,42871706640
46.6582,21.4325,58.3529,0,100,89,76,1670,3504,2.2179,0,11.3767,2.30988,0,3400,42893140112
50.6595,19.7396,58.3529,0,100,89,76,1670,3504,2.2179,0,11.3767,2.30988,0,3400,42912879898
49.128,20.355,58.3529,0,100,89,76,1670,3504,2.2179,0,11.3767,2.30988,0,3400,42933240094
45.8369,21.8165,66,0,100,87,77,1695,3504,2.21554,0,11.3735,2.30988,0,3400,42955054319
50.701,19.7235,66,0,100,87,77,1695,3504,2.21554,0,11.3735,2.30988,0,3400,42974779863
49.22,20.3169,66,0,100,87,77,1695,3504,2.21554,0,11.3735,2.30988,0,3400,42995096727
48.8631,20.4654,66,0,100,87,77,1695,3504,2.21554,0,11.3735,2.30988,0,3400,43015563251
49.1621,20.3409,66,0,100,87,77,1695,3504,2.21554,0,11.3735,2.30988,0,3400,43035905190
47.1923,21.1899,66,0,100,87,77,1695,3504,2.21554,0,11.3735,2.30988,0,3400,43057095997
49.5673,20.1746,66,0,100,87,77,1695,3504,2.21554,0,11.3735,2.30988,0,3400,43077272902
48.6796,20.5425,66,0,100,87,77,1695,3504,2.21554,0,11.3735,2.30988,0,3400,43097816732
46.224,21.6338,66,0,100,87,77,1695,3504,2.21554,0,11.3735,2.30988,0,3400,43119450627
52.4002,19.0839,66,0,100,87,77,1695,3504,2.21554,0,11.3735,2.30988,0,3400,43138536300
48.0657,20.8049,66,0,100,87,77,1695,3504,2.21554,0,11.3735,2.30988,0,3400,43159343018
44.0924,22.6797,66,0,100,87,77,1695,3504,2.21554,0,11.3735,2.30988,0,3400,43182024127
50.174,19.9306,66,0,100,87,77,1695,3504,2.21554,0,11.3735,2.30988,0,3400,43201957054
50.6479,19.7442,66,0,100,87,77,1695,3504,2.21554,0,11.3735,2.30988,0,3400,43221702346
47.8336,20.9058,66,0,100,87,77,1695,3504,2.21554,0,11.3735,2.30988,0,3400,43242609597
47.219,21.1779,66,0,100,87,77,1695,3504,2.21554,0,11.3735,2.30988,0,3400,43263787970
51.8619,19.282,66,0,100,87,77,1695,3504,2.21554,0,11.3735,2.30988,0,3400,43283071592
46.7137,21.407,66,0,100,87,77,1695,3504,2.21554,0,11.3735,2.30988,0,3400,43304479110
45.9513,21.7622,66,0,100,87,77,1695,3504,2.21554,0,11.3735,2.30988,0,3400,43326243611
49.7097,20.1168,66,0,100,87,77,1695,3504,2.21554,0,11.3735,2.30988,0,3400,43346360308
55.8013,17.9207,66,0,100,87,77,1695,3504,2.21554,0,11.3735,2.30988,0,3400,43364281072
8.52027,117.367,66,0,100,87,77,1695,3504,2.21554,0,11.3735,2.30988,0,3400,43481666930
45.5192,21.9688,57.7011,0,100,87,78,1695,3504,2.21222,0,11.3477,2.30988,0,3400,43503621553
56.1149,17.8206,57.7011,0,100,87,78,1695,3504,2.21222,0,11.3477,2.30988,0,3400,43521443017
56.4242,17.7229,57.7011,0,100,87,78,1695,3504,2.21222,0,11.3477,2.30988,0,3400,43539168353
76.3295,13.1011,57.7011,0,100,87,78,1695,3504,2.21222,0,11.3477,2.30988,0,3400,43552269886
49.3597,20.2594,57.7011,0,100,87,78,1695,3504,2.21222,0,11.3477,2.30988,0,3400,43572531075
53.8922,18.5556,57.7011,0,100,87,78,1695,3504,2.21222,0,11.3477,2.30988,0,3400,43591105597
47.4941,21.0552,57.7011,0,100,87,78,1695,3504,2.21222,0,11.3477,2.30988,0,3400,43612143060
49.7609,20.0961,57.7011,0,100,87,78,1695,3504,2.21222,0,11.3477,2.30988,0,3400,43632241169
53.1138,18.8275,57.7011,0,100,87,78,1695,3504,2.21222,0,11.3477,2.30988,0,3400,43651069386
47.5131,21.0468,57.7011,0,100,87,78,1695,3504,2.21222,0,11.3477,2.30988,0,3400,43672136317
47.529,21.0398,57.7011,0,100,87,78,1695,3504,2.21222,0,11.3477,2.30988,0,3400,43693158483
49.9202,20.032,57.7011,0,100,87,78,1695,3504,2.21222,0,11.3477,2.30988,0,3400,43713190416
54.4394,18.369,57.7011,0,100,87,78,1695,3504,2.21222,0,11.3477,2.30988,0,3400,43731560559
46.583,21.4671,57.7011,0,100,87,78,1695,3504,2.21222,0,11.3477,2.30988,0,3400,43753030943
50.5727,19.7735,57.7011,0,100,87,78,1695,3504,2.21222,0,11.3477,2.30988,0,3400,43772825616
48.4743,20.6295,57.7011,0,100,87,78,1695,3504,2.21222,0,11.3477,2.30988,0,3400,43793434562
48.6444,20.5573,57.7011,0,100,87,78,1695,3504,2.21222,0,11.3477,2.30988,0,3400,43813992488
47.585,21.015,57.7011,0,100,87,78,1695,3504,2.21222,0,11.3477,2.30988,0,3400,43835009434
50.8448,19.6677,57.7011,0,100,87,78,1695,3504,2.21222,0,11.3477,2.30988,0,3400,43854677264
41.7877,23.9305,57.7011,0,100,87,78,1695,3504,2.21222,0,11.3477,2.30988,0,3400,43878609600
59.9975,16.6674,57.7011,0,100,87,78,1695,3504,2.21222,0,11.3477,2.30988,0,3400,43895278952
47.5686,21.0223,57.7011,0,100,87,78,1695,3504,2.21222,0,11.3477,2.30988,0,3400,43916301293
51.8106,19.3011,57.7011,0,100,87,78,1695,3504,2.21222,0,11.3477,2.30988,0,3400,43935604134
47.6462,20.988,57.7011,0,100,87,78,1695,3504,2.21222,0,11.3477,2.30988,0,3400,43956592326
46.4022,21.5507,57.7011,0,100,87,78,1695,3504,2.21222,0,11.3477,2.30988,0,3400,43978145378
40.7907,24.5154,57.7011,0,100,87,78,1695,3504,2.21222,0,11.3477,2.30988,0,3400,44002663702
36.8917,27.1064,58.5882,0,88,89,77,1695,3504,2.20906,0,11.349,2.30988,0,3400,44029767678
72.1848,13.8533,58.5882,0,88,89,77,1695,3504,2.20906,0,11.349,2.30988,0,3400,44043621715
68.5739,14.5828,58.5882,0,88,89,77,1695,3504,2.20906,0,11.349,2.30988,0,3400,44058206538
49.9217,20.0314,58.5882,0,88,89,77,1695,3504,2.20906,0,11.349,2.30988,0,3400,44078239376
43.037,23.2358,58.5882,0,88,89,77,1695,3504,2.20906,0,11.349,2.30988,0,3400,44101475677
47.6031,21.007,58.5882,0,88,89,77,1695,3504,2.20906,0,11.349,2.30988,0,3400,44122484661
60.5112,16.5259,58.5882,0,88,89,77,1695,3504,2.20906,0,11.349,2.30988,0,3400,44139010887
48.9585,20.4255,58.5882,0,88,89,77,1695,3504,2.20906,0,11.349,2.30988,0,3400,44159438567
37.7189,26.5119,58.5882,0,88,89,77,1695,3504,2.20906,0,11.349,2.30988,0,3400,44185952094
60.0301,16.6583,58.5882,0,88,89,77,1695,3504,2.20906,0,11.349,2.30988,0,3400,44202611338
57.5198,17.3853,58.5882,0,88,89,77,1695,3504,2.20906,0,11.349,2.30988,0,3400,44219997422
45.9193,21.7773,58.5882,0,88,89,77,1695,3504,2.20906,0,11.349,2.30988,0,3400,44241774895
52.3754,19.0929,58.5882,0,88,89,77,1695,3504,2.20906,0,11.349,2.30988,0,3400,44260868507
48.3023,20.7029,58.5882,0,88,89,77,1695,3504,2.20906,0,11.349,2.30988,0,3400,44281572317
47.6046,21.0064,58.5882,0,88,89,77,1695,3504,2.20906,0,11.349,2.30988,0,3400,44302580558
46.7908,21.3717,58.5882,0,88,89,77,1695,3504,2.20906,0,11.349,2.30988,0,3400,44323952897
50.4497,19.8217,58.5882,0,88,89,77,1695,3504,2.20906,0,11.349,2.30988,0,3400,44343778275
49.7639,20.0949,58.5882,0,88,89,77,1695,3504,2.20906,0,11.349,2.30988,0,3400,44363872339
47.4725,21.0648,58.5882,0,88,89,77,1695,3504,2.20906,0,11.349,2.30988,0,3400,44384937912
55.2382,18.1034,58.5882,0,88,89,77,1695,3504,2.20906,0,11.349,2.30988,0,3400,44403042412
44.8913,22.2761,58.5882,0,88,89,77,1695,3504,2.20906,0,11.349,2.30988,0,3400,44425319470
55.9923,17.8596,58.5882,0,88,89,77,1695,3504,2.20906,0,11.349,2.30988,0,3400,44443181543
48.4886,20.6234,58.5882,0,88,89,77,1695,3504,2.20906,0,11.349,2.30988,0,3400,44463805256
48.1109,20.7853,58.5882,0,88,89,77,1695,3504,2.20906,0,11.349,2.30988,0,3400,44484592516
48.1895,20.7514,58.5882,0,88,89,77,1695,3504,2.20906,0,11.349,2.30988,0,3400,44505346783
54.2444,18.4351,57.8818,0,88,89,77,1695,3504,2.20906,0,11.349,2.30988,0,3400,44523780171
47.3804,21.1058,57.8818,0,88,89,77,1695,3504,2.20906,0,11.349,2.30988,0,3400,44544887902
49.4035,20.2415,57.8818,0,88,89,77,1695,3504,2.20906,0,11.349,2.30988,0,3400,44565129212
49.015,20.4019,57.8818,0,88,89,77,1695,3504,2.20906,0,11.349,2.30988,0,3400,44585533586
48.7661,20.5061,57.8818,0,88,89,77,1695,3504,2.20906,0,11.349,2.30988,0,3400,44606040781
50.7508,19.7041,57.8818,0,88,89,77,1695,3504,2.20906,0,11.349,2.30988,0,3400,44625746082
50.4507,19.8213,57.8818,0,88,89,77,1695,3504,2.20906,0,11.349,2.30988,0,3400,44645568594
45.7224,21.8711,57.8818,0,88,89,77,1695,3504,2.20906,0,11.349,2.30988,0,3400,44667440941
51.6145,19.3744,57.8818,0,88,89,77,1695,3504,2.20906,0,11.349,2.30988,0,3400,44686817127
51.3403,19.4779,57.8818,0,88,89,77,1695,3504,2.20906,0,11.349,2.30988,0,3400,44706295580
47.0718,21.2441,57.8818,0,88,89,77,1695,3504,2.20906,0,11.349,2.30988,0,3400,44727541097
47.7656,20.9356,57.8818,0,88,89,77,1695,3504,2.20906,0,11.349,2.30988,0,3400,44748477772
50.3744,19.8513,57.8818,0,88,89,77,1695,3504,2.20906,0,11.349,2.30988,0,3400,44768330099
49.7165,20.114,57.8818,0,88,89,77,1695,3504,2.20906,0,11.349,2.30988,0,3400,44788445926
47.1297,21.218,57.8818,0,88,89,77,1695,3504,2.20906,0,11.349,2.30988,0,3400,44809665261
47.8874,20.8823,57.8818,0,88,89,77,1695,3504,2.20906,0,11.349,2.30988,0,3400,44830560449
55.6735,17.9619,57.8818,0,88,89,77,1695,3504,2.20906,0,11.349,2.30988,0,3400,44848523212
35.8764,27.8735,57.8818,0,88,89,77,1695,3504,2.20906,0,11.349,2.30988,0,3400,44876398828
76.1441,13.133,57.8818,0,88,89,77,1695,3504,2.20906,0,11.349,2.30988,0,3400,44889533397
47.0914,21.2353,57.8818,0,88,89,77,1695,3504,2.20906,0,11.349,2.30988,0,3400,44910769788
52.169,19.1685,57.8818,0,88,89,77,1695,3504,2.20906,0,11.349,2.30988,0,3400,44929939802
47.2329,21.1717,57.8818,0,88,89,77,1695,3504,2.20906,0,11.349,2.30988,0,3400,44951111822
44.8072,22.3179,57.8818,0,88,89,77,1695,3504,2.20906,0,11.349,2.30988,0,3400,44973431188
56.7402,17.6242,57.8818,0,88,89,77,1695,3504,2.20906,0,11.349,2.30988,0,3400,44991056598
48.9445,20.4313,57.8818,0,88,89,77,1695,3504,2.20906,0,11.349,2.30988,0,3400,45011492789
46.4458,21.5305,52.9268,0,100,87,78,1695,3504,2.1509,0,11.3489,2.30988,0,3402,45033022146
49.5522,20.1807,52.9268,0,100,87,78,1695,3504,2.1509,0,11.3489,2.30988,0,3402,45053201855
51.1635,19.5452,52.9268,0,100,87,78,1695,3504,2.1509,0,11.3489,2.30988,0,3402,45072747833
48.5548,20.5953,52.9268,0,100,87,78,1695,3504,2.1509,0,11.3489,2.30988,0,3402,45093343906
50.9571,19.6244,52.9268,0,100,87,78,1695,3504,2.1509,0,11.3489,2.30988,0,3402,45112969962
48.4685,20.632,52.9268,0,100,87,78,1695,3504,2.1509,0,11.3489,2.30988,0,3402,45133603866
49.9038,20.0386,52.9268,0,100,87,78,1695,3504,2.1509,0,11.3489,2.30988,0,3402,45153642680
47.1334,21.2164,52.9268,0,100,87,78,1695,3504,2.1509,0,11.3489,2.30988,0,3402,45174860299
52.4661,19.0599,52.9268,0,100,87,78,1695,3504,2.1509,0,11.3489,2.30988,0,3402,45193920552
50.0954,19.9619,52.9268,0,100,87,78,1695,3504,2.1509,0,11.3489,2.30988,0,3402,45213883684
47.7493,20.9427,52.9268,0,100,87,78,1695,3504,2.1509,0,11.3489,2.30988,0,3402,45234828179
45.5893,21.935,52.9268,0,100,87,78,1695,3504,2.1509,0,11.3489,2.30988,0,3402,45256763721
52.4564,19.0634,52.9268,0,100,87,78,1695,3504,2.1509,0,11.3489,2.30988,0,3402,45275829464
48.3754,20.6717,52.9268,0,100,87,78,1695,3504,2.1509,0,11.3489,2.30988,0,3402,45296500556
46.2325,21.6298,52.9268,0,100,87,78,1695,3504,2.1509,0,11.3489,2.30988,0,3402,45318131928
52.9385,18.8899,52.9268,0,100,87,78,1695,3504,2.1509,0,11.3489,2.30988,0,3402,45337023679
48.8682,20.4632,52.9268,0,100,87,78,1695,3504,2.1509,0,11.3489,2.30988,0,3402,45357487399
48.6841,20.5406,52.9268,0,100,87,78,1695,3504,2.1509,0,11.3489,2.30988,0,3402,45378030038
51.3525,19.4732,52.9268,0,100,87,78,1695,3504,2.1509,0,11.3489,2.30988,0,3402,45397503733
48.9234,20.4401,52.9268,0,100,87,78,1695,3504,2.1509,0,11.3489,2.30988,0,3402,45417944443
47.8049,20.9183,52.9268,0,100,87,78,1695,3504,2.1509,0,11.3489,2.30988,0,3402,45438864470
52.9504,18.8856,52.9268,0,100,87,78,1695,3504,2.1509,0,11.3489,2.30988,0,3402,45457750924
48.65,20.555,52.9268,0,100,87,78,1695,3504,2.1509,0,11.3489,2.30988,0,3402,45478307111
48.08,20.7987,52.9268,0,100,87,78,1695,3504,2.1509,0,11.3489,2.30988,0,3402,45499106518
33.401,29.9392,52.9268,0,100,87,78,1695,3504,2.1509,0,11.3489,2.30988,0,3402,45529052198
82.1579,12.1717,54.1063,0,100,87,78,1695,3504,2.11843,0,11.3601,2.30988,0,3400,45541220238
52.9406,18.8891,54.1063,0,100,87,78,1695,3504,2.11843,0,11.3601,2.30988,0,3400,45560110475
50.7634,19.6992,54.1063,0,100,87,78,1695,3504,2.11843,0,11.3601,2.30988,0,3400,45579811034
49.8663,20.0536,54.1063,0,100,87,78,1695,3504,2.11843,0,11.3601,2.30988,0,3400,45599866028
47.4093,21.0929,54.1063,0,100,87,78,1695,3504,2.11843,0,11.3601,2.30988,0,3400,45620959842
50.2147,19.9145,54.1063,0,100,87,78,1695,3504,2.11843,0,11.3601,2.30988,0,3400,45640875621
47.9856,20.8396,54.1063,0,100,87,78,1695,3504,2.11843,0,11.3601,2.30988,0,3400,45661716020
48.0523,20.8107,54.1063,0,100,87,78,1695,3504,2.11843,0,11.3601,2.30988,0,3400,45682528937
50.8642,19.6602,54.1063,0,100,87,78,1695,3504,2.11843,0,11.3601,2.30988,0,3400,45702190683
51.6119,19.3754,54.1063,0,100,87,78,1695,3504,2.11843,0,11.3601,2.30988,0,3400,45721567002
47.233,21.1716,54.1063,0,100,87,78,1695,3504,2.11843,0,11.3601,2.30988,0,3400,45742739414
51.213,19.5263,54.1063,0,100,87,78,1695,3504,2.11843,0,11.3601,2.30988,0,3400,45762267208
47.7727,20.9324,54.1063,0,100,87,78,1695,3504,2.11843,0,11.3601,2.30988,0,3400,45783200486
51.1528,19.5493,54.1063,0,100,87,78,1695,3504,2.11843,0,11.3601,2.30988,0,3400,45802751615
49.4829,20.209,54.1063,0,100,87,78,1695,3504,2.11843,0,11.3601,2.30988,0,3400,45822961703
49.7239,20.111,54.1063,0,100,87,78,1695,3504,2.11843,0,11.3601,2.30988,0,3400,45843074323
46.1559,21.6657,54.1063,0,100,87,78,1695,3504,2.11843,0,11.3601,2.30988,0,3400,45864740247
50.5372,19.7874,54.1063,0,100,87,78,1695,3504,2.11843,0,11.3601,2.30988,0,3400,45884528627
49.8134,20.0749,54.1063,0,100,87,78,1695,3504,2.11843,0,11.3601,2.30988,0,3400,45904605313
44.6104,22.4163,54.1063,0,100,87,78,1695,3504,2.11843,0,11.3601,2.30988,0,3400,45927022770
53.6999,18.622,54.1063,0,100,87,78,1695,3504,2.11843,0,11.3601,2.30988,0,3400,45945645723
51.8956,19.2694,54.1063,0,100,87,78,1695,3504,2.11843,0,11.3601,2.30988,0,3400,45964915229
48.721,20.525,54.1063,0,100,87,78,1695,3504,2.11843,0,11.3601,2.30988,0,3400,45985441608
47.6943,20.9669,54.1063,0,100,87,78,1695,3504,2.11843,0,11.3601,2.30988,0,3400,46006410404
49.2979,20.2848,54.1063,0,100,87,78,1695,3504,2.11843,0,11.3601,2.30988,0,3400,46026695604
50.7996,19.6852,54.1063,0,100,87,78,1695,3504,2.11843,0,11.3601,2.30988,0,3400,46046385206
49.7715,20.0918,54.1262,0,100,90,78,1695,3504,2.1058,0,11.3602,2.30988,0,3400,46066474496
35.468,28.1945,54.1262,0,100,90,78,1695,3504,2.1058,0,11.3602,2.30988,0,3400,46094672472
80.1468,12.4771,54.1262,0,100,90,78,1695,3504,2.1058,0,11.3602,2.30988,0,3400,46107150271
47.6988,20.9649,54.1262,0,100,90,78,1695,3504,2.1058,0,11.3602,2.30988,0,3400,46128116281
49.1982,20.326,54.1262,0,100,90,78,1695,3504,2.1058,0,11.3602,2.30988,0,3400,46148443600
49.5139,20.1963,54.1262,0,100,90,78,1695,3504,2.1058,0,11.3602,2.30988,0,3400,46168640754
50.751,19.704,54.1262,0,100,90,78,1695,3504,2.1058,0,11.3602,2.30988,0,3400,46188347456
49.1344,20.3523,54.1262,0,100,90,78,1695,3504,2.1058,0,11.3602,2.30988,0,3400,46208699534
48.6922,20.5372,54.1262,0,100,90,78,1695,3504,2.1058,0,11.3602,2.30988,0,3400,46229252078
50.4286,19.83,54.1262,0,100,90,78,1695,3504,2.1058,0,11.3602,2.30988,0,3400,46249069629
49.767,20.0936,54.1262,0,100,90,78,1695,3504,2.1058,0,11.3602,2.30988,0,3400,46269164808
48.9515,20.4284,54.1262,0,100,90,78,1695,3504,2.1058,0,11.3602,2.30988,0,3400,46289594246
46.0657,21.7081,54.1262,0,100,90,78,1695,3504,2.1058,0,11.3602,2.30988,0,3400,46311303615
53.1031,18.8313,54.1262,0,100,90,78,1695,3504,2.1058,0,11.3602,2.30988,0,3400,46330135744
48.6001,20.5761,54.1262,0,100,90,78,1695,3504,2.1058,0,11.3602,2.30988,0,3400,46350713097
49.6582,20.1377,54.1262,0,100,90,78,1695,3504,2.1058,0,11.3602,2.30988,0,3400,46370852749
44.7452,22.3488,54.1262,0,100,90,78,1695,3504,2.1058,0,11.3602,2.30988,0,3400,46393202122
56.0908,17.8282,54.1262,0,100,90,78,1695,3504,2.1058,0,11.3602,2.30988,0,3400,46411030934
42.2072,23.6926,54.1262,0,100,90,78,1695,3504,2.1058,0,11.3602,2.30988,0,3400,46434725891
48.7728,20.5032,54.1262,0,100,90,78,1695,3504,2.1058,0,11.3602,2.30988,0,3400,46455229841
56.4843,17.704,54.1262,0,100,90,78,1695,3504,2.1058,0,11.3602,2.30988,0,3400,46472934244
48.2084,20.7433,54.1262,0,100,90,78,1695,3504,2.1058,0,11.3602,2.30988,0,3400,46493679684
50.6374,19.7483,54.1262,0,100,90,78,1695,3504,2.1058,0,11.3602,2.30988,0,3400,46513428980
47.885,20.8834,54.1262,0,100,90,78,1695,3504,2.1058,0,11.3602,2.30988,0,3400,46534312675
48.5983,20.5769,54.1262,0,100,90,78,1695,3504,2.1058,0,11.3602,2.30988,0,3400,46554895998
55.4234,18.0429,55.1724,0,100,90,78,1695,3504,2.10198,0,11.3594,2.30988,0,3400,46572935286
46.3816,21.5603,55.1724,0,100,90,78,1695,3504,2.10198,0,11.3594,2.30988,0,3400,46594496525
50.2192,19.9127,55.1724,0,100,90,78,1695,3504,2.10198,0,11.3594,2.30988,0,3400,46614409700
52.5745,19.0206,55.1724,0,100,90,78,1695,3504,2.10198,0,11.3594,2.30988,0,3400,46633431687
41.2276,24.2556,55.1724,0,100,90,78,1695,3504,2.10198,0,11.3594,2.30988,0,3400,46657688057
52.4756,19.0565,55.1724,0,100,90,78,1695,3504,2.10198,0,11.3594,2.30988,0,3400,46676745669
57.9885,17.2448,55.1724,0,100,90,78,1695,3504,2.10198,0,11.3594,2.30988,0,3400,46693991904
54.99,18.1851,55.1724,0,100,90,78,1695,3504,2.10198,0,11.3594,2.30988,0,3400,46712177906
48.492,20.6219,55.1724,0,100,90,78,1695,3504,2.10198,0,11.3594,2.30988,0,3400,46732801409
54.5401,18.3351,55.1724,0,100,90,78,1695,3504,2.10198,0,11.3594,2.30988,0,3400,46751137221
52.5427,19.0321,55.1724,0,100,90,78,1695,3504,2.10198,0,11.3594,2.30988,0,3400,46770171452
50.367,19.8543,55.1724,0,100,90,78,1695,3504,2.10198,0,11.3594,2.30988,0,3400,46790025993
50.206,19.9179,55.1724,0,100,90,78,1695,3504,2.10198,0,11.3594,2.30988,0,3400,46809945562
52.4933,19.0501,55.1724,0,100,90,78,1695,3504,2.10198,0,11.3594,2.30988,0,3400,46828995935
51.7298,19.3312,55.1724,0,100,90,78,1695,3504,2.10198,0,11.3594,2.30988,0,3400,46848328204
50.4936,19.8045,55.1724,0,100,90,78,1695,3504,2.10198,0,11.3594,2.30988,0,3400,46868133368
51.9476,19.2502,55.1724,0,100,90,78,1695,3504,2.10198,0,11.3594,2.30988,0,3400,46887385639
51.0923,19.5724,55.1724,0,100,90,78,1695,3504,2.10198,0,11.3594,2.30988,0,3400,46906958175
49.3903,20.2469,55.1724,0,100,90,78,1695,3504,2.10198,0,11.3594,2.30988,0,3400,46927207937
55.2541,18.0982,55.1724,0,100,90,78,1695,3504,2.10198,0,11.3594,2.30988,0,3400,46945306414
46.8498,21.3448,55.1724,0,100,90,78,1695,3504,2.10198,0,11.3594,2.30988,0,3400,46966651920
54.059,18.4983,55.1724,0,100,90,78,1695,3504,2.10198,0,11.3594,2.30988,0,3400,46985151554
48.5205,20.6099,55.1724,0,100,90,78,1695,3504,2.10198,0,11.3594,2.30988,0,3400,47005762443
51.5897,19.3837,55.1724,0,100,90,78,1695,3504,2.10198,0,11.3594,2.30988,0,3400,47025147367
54.7651,18.2598,55.1724,0,100,90,78,1695,3504,2.10198,0,11.3594,2.30988,0,3400,47043408181
51.0835,19.5758,55.1724,0,100,90,78,1695,3504,2.10198,0,11.3594,2.30988,0,3400,47062991497
49.8449,20.0623,53.9952,0,100,91,79,1695,3504,2.10129,0,11.3591,2.30988,0,3400,47083047824
49.641,20.1446,53.9952,0,100,91,79,1695,3504,2.10129,0,11.3591,2.30988,0,3400,47103194238
50.6423,19.7463,53.9952,0,100,91,79,1695,3504,2.10129,0,11.3591,2.30988,0,3400,47122953218
51.8741,19.2775,53.9952,0,100,91,79,1695,3504,2.10129,0,11.3591,2.30988,0,3400,47142220991
54.7991,18.2485,53.9952,0,100,91,79,1695,3504,2.10129,0,11.3591,2.30988,0,3400,47160473166
49.836,20.0658,53.9952,0,100,91,79,1695,3504,2.10129,0,11.3591,2.30988,0,3400,47180538927
48.3077,20.7006,53.9952,0,100,91,79,1695,3504,2.10129,0,11.3591,2.30988,0,3400,47201239893
53.7974,18.5882,53.9952,0,100,91,79,1695,3504,2.10129,0,11.3591,2.30988,0,3400,47219830163
52.3359,19.1073,53.9952,0,100,91,79,1695,3504,2.10129,0,11.3591,2.30988,0,3400,47238938536
51.3032,19.492,53.9952,0,100,91,79,1695,3504,2.10129,0,11.3591,2.30988,0,3400,47258431432
49.365,20.2573,53.9952,0,100,91,79,1695,3504,2.10129,0,11.3591,2.30988,0,3400,47278690315
54.0713,18.4941,53.9952,0,100,91,79,1695,3504,2.10129,0,11.3591,2.30988,0,3400,47297185324
48.8445,20.4731,53.9952,0,100,91,79,1695,3504,2.10129,0,11.3591,2.30988,0,3400,47317659516
30.3717,32.9254,53.9952,0,100,91,79,1695,3504,2.10129,0,11.3591,2.30988,0,3400,47350586749
59.2188,16.8865,53.9952,0,100,91,79,1695,3504,2.10129,0,11.3591,2.30988,0,3400,47367473977
79.8637,12.5213,53.9952,0,100,91,79,1695,3504,2.10129,0,11.3591,2.30988,0,3400,47379996869
56.7897,17.6088,53.9952,0,100,91,79,1695,3504,2.10129,0,11.3591,2.30988,0,3400,47397606036
55.6546,17.968,53.9952,0,100,91,79,1695,3504,2.10129,0,11.3591,2.30988,0,3400,47415576620
52.1809,19.1641,53.9952,0,100,91,79,1695,3504,2.10129,0,11.3591,2.30988,0,3400,47434742193
51.0153,19.6019,53.9952,0,100,91,79,1695,3504,2.10129,0,11.3591,2.30988,0,3400,47454344567
47.9458,20.8569,53.9952,0,100,91,79,1695,3504,2.10129,0,11.3591,2.30988,0,3400,47475202012
52.5825,19.0177,53.9952,0,100,91,79,1695,3504,2.10129,0,11.3591,2.30988,0,3400,47494221728
49.1705,20.3374,53.9952,0,100,91,79,1695,3504,2.10129,0,11.3591,2.30988,0,3400,47514559236
49.9361,20.0256,53.9952,0,100,91,79,1695,3504,2.10129,0,11.3591,2.30988,0,3400,47534586125
42.718,23.4093,53.9952,0,100,91,79,1695,3504,2.10129,0,11.3591,2.30988,0,3400,47557997195
63.85,15.6617,53.9952,0,100,91,79,1695,3504,2.10129,0,11.3591,2.30988,0,3400,47573662676
53.1991,18.7973,53.6765,0,100,91,79,1695,3504,2.10067,0,11.3591,2.30988,0,3408,47592458352
50.7346,19.7104,53.6765,0,100,91,79,1695,3504,2.10067,0,11.3591,2.30988,0,3408,47612170541
51.48,19.425,53.6765,0,100,91,79,1695,3504,2.10067,0,11.3591,2.30988,0,3408,47631596065
49.96,20.016,53.6765,0,100,91,79,1695,3504,2.10067,0,11.3591,2.30988,0,3408,47651612936
51.2442,19.5144,53.6765,0,100,91,79,1695,3504,2.10067,0,11.3591,2.30988,0,3408,47671128368
46.516,21.498,53.6765,0,100,91,79,1695,3504,2.10067,0,11.3591,2.30988,0,3408,47692628270
54.3668,18.3936,53.6765,0,100,91,79,1695,3504,2.10067,0,11.3591,2.30988,0,3408,47711022754
50.126,19.9497,53.6765,0,100,91,79,1695,3504,2.10067,0,11.3591,2.30988,0,3408,47730973704
53.297,18.7628,53.6765,0,100,91,79,1695,3504,2.10067,0,11.3591,2.30988,0,3408,47749737089
51.3997,19.4554,53.6765,0,100,91,79,1695,3504,2.10067,0,11.3591,2.30988,0,3408,47769194294
48.3653,20.676,53.6765,0,100,91,79,1695,3504,2.10067,0,11.3591,2.30988,0,3408,47789872521
43.3776,23.0534,53.6765,0,100,91,79,1695,3504,2.10067,0,11.3591,2.30988,0,3408,47812926966
43.4326,23.0242,53.6765,0,100,91,79,1695,3504,2.10067,0,11.3591,2.30988,0,3408,47835951797
77.6419,12.8796,53.6765,0,100,91,79,1695,3504,2.10067,0,11.3591,2.30988,0,3408,47848832724
45.4577,21.9985,53.6765,0,100,91,79,1695,3504,2.10067,0,11.3591,2.30988,0,3408,47870832706
59.289,16.8665,53.6765,0,100,91,79,1695,3504,2.10067,0,11.3591,2.30988,0,3408,47887700458
40.2828,24.8245,53.6765,0,100,91,79,1695,3504,2.10067,0,11.3591,2.30988,0,3408,47912526932
63.5671,15.7314,53.6765,0,100,91,79,1695,3504,2.10067,0,11.3591,2.30988,0,3408,47928258785
52.0175,19.2243,53.6765,0,100,91,79,1695,3504,2.10067,0,11.3591,2.30988,0,3408,47947484067
40.1578,24.9017,53.6765,0,100,91,79,1695,3504,2.10067,0,11.3591,2.30988,0,3408,47972387652
59.0543,16.9336,53.6765,0,100,91,79,1695,3504,2.10067,0,11.3591,2.30988,0,3408,47989322233
55.2826,18.0889,53.6765,0,100,91,79,1695,3504,2.10067,0,11.3591,2.30988,0,3408,48007414073
52.9094,18.9002,53.6765,0,100,91,79,1695,3504,2.10067,0,11.3591,2.30988,0,3408,48026313802
51.9215,19.2599,53.6765,0,100,91,79,1695,3504,2.10067,0,11.3591,2.30988,0,3408,48045574765
48.0309,20.8199,53.6765,0,100,91,79,1695,3504,2.10067,0,11.3591,2.30988,0,3408,48066396884
53.3416,18.7471,53.6765,0,100,91,79,1695,3504,2.10067,0,11.3591,2.30988,0,3408,48085149047
48.2112,20.7421,56.8293,0,100,90,79,1695,3504,2.10034,0,11.3769,2.30988,0,3400,48105887110
55.6744,17.9616,56.8293,0,100,90,79,1695,3504,2.10034,0,11.3769,2.30988,0,3400,48123849548
44.5393,22.4521,56.8293,0,100,90,79,1695,3504,2.10034,0,11.3769,2.30988,0,3400,48146302932
51.4702,19.4287,56.8293,0,100,90,79,1695,3504,2.10034,0,11.3769,2.30988,0,3400,48165733149
58.7489,17.0216,56.8293,0,100,90,79,1695,3504,2.10034,0,11.3769,2.30988,0,3400,48182755771
47.7012,20.9638,56.8293,0,100,90,79,1695,3504,2.10034,0,11.3769,2.30988,0,3400,48203721626
55.0021,18.1811,56.8293,0,100,90,79,1695,3504,2.10034,0,11.3769,2.30988,0,3400,48221904550
47.7039,20.9626,56.8293,0,100,90,79,1695,3504,2.10034,0,11.3769,2.30988,0,3400,48242867358
47.5831,21.0158,56.8293,0,100,90,79,1695,3504,2.10034,0,11.3769,2.30988,0,3400,48263884831
54.1425,18.4698,56.8293,0,100,90,79,1695,3504,2.10034,0,11.3769,2.30988,0,3400,48282355234
42.5338,23.5107,56.8293,0,100,90,79,1695,3504,2.10034,0,11.3769,2.30988,0,3400,48305867771
57.5313,17.3818,56.8293,0,100,90,79,1695,3504,2.10034,0,11.3769,2.30988,0,3400,48323252208
52.6419,18.9963,56.8293,0,100,90,79,1695,3504,2.10034,0,11.3769,2.30988,0,3400,48342251040
50.3965,19.8426,56.8293,0,100,90,79,1695,3504,2.10034,0,11.3769,2.30988,0,3400,48362093351
47.1234,21.2209,56.8293,0,100,90,79,1695,3504,2.10034,0,11.3769,2.30988,0,3400,48383315568
52.8102,18.9357,56.8293,0,100,90,79,1695,3504,2.10034,0,11.3769,2.30988,0,3400,48402252369
49.0774,20.376,56.8293,0,100,90,79,1695,3504,2.10034,0,11.3769,2.30988,0,3400,48422628275
48.1501,20.7684,56.8293,0,100,90,79,1695,3504,2.10034,0,11.3769,2.30988,0,3400,48443399250
56.7007,17.6365,56.8293,0,100,90,79,1695,3504,2.10034,0,11.3769,2.30988,0,3400,48461036440
54.1431,18.4696,56.8293,0,100,90,79,1695,3504,2.10034,0,11.3769,2.30988,0,3400,48479507485
48.3337,20.6895,56.8293,0,100,90,79,1695,3504,2.10034,0,11.3769,2.30988,0,3400,48500198584
51.882,19.2745,56.8293,0,100,90,79,1695,3504,2.10034,0,11.3769,2.30988,0,3400,48519473044
44.7701,22.3363,56.8293,0,100,90,79,1695,3504,2.10034,0,11.3769,2.30988,0,3400,48541810690
50.3199,19.8728,56.8293,0,100,90,79,1695,3504,2.10034,0,11.3769,2.30988,0,3400,48561684906
51.9508,19.249,56.8293,0,100,90,79,1695,3504,2.10034,0,11.3769,2.30988,0,3400,48580934828
53.6834,18.6277,56.8293,0,100,90,79,1695,3504,2.10034,0,11.3769,2.30988,0,3400,48599568488
49.9003,20.04,63.145,0,100,90,79,1695,3504,2.10018,0,11.2912,2.30988,0,3401,48619605302
49.5825,20.1684,63.145,0,100,90,79,1695,3504,2.10018,0,11.2912,2.30988,0,3401,48639774275
46.0478,21.7166,63.145,0,100,90,79,1695,3504,2.10018,0,11.2912,2.30988,0,3401,48661492116
52.856,18.9193,63.145,0,100,90,79,1695,3504,2.10018,0,11.2912,2.30988,0,3401,48680412407
49.8715,20.0515,63.145,0,100,90,79,1695,3504,2.10018,0,11.2912,2.30988,0,3401,48700465343
50.4862,19.8074,63.145,0,100,90,79,1695,3504,2.10018,0,11.2912,2.30988,0,3401,48720273369
52.2915,19.1236,63.145,0,100,90,79,1695,3504,2.10018,0,11.2912,2.30988,0,3401,48739399718
52.1282,19.1835,63.145,0,100,90,79,1695,3504,2.10018,0,11.2912,2.30988,0,3401,48758583745
49.0901,20.3707,63.145,0,100,90,79,1695,3504,2.10018,0,11.2912,2.30988,0,3401,48778955733
46.8416,21.3485,63.145,0,100,90,79,1695,3504,2.10018,0,11.2912,2.30988,0,3401,48800304302
25.1059,39.8313,63.145,0,100,90,79,1695,3504,2.10018,0,11.2912,2.30988,0,3401,48840136547
38.3449,26.0791,63.145,0,100,90,79,1695,3504,2.10018,0,11.2912,2.30988,0,3401,48866216887
63.8295,15.6667,63.145,0,100,90,79,1695,3504,2.10018,0,11.2912,2.30988,0,3401,48881885417
100.169,9.98308,63.145,0,100,90,79,1695,3504,2.10018,0,11.2912,2.30988,0,3401,48891869893
46.0082,21.7353,63.145,0,100,90,79,1695,3504,2.10018,0,11.2912,2.30988,0,3401,48913605897
55.4891,18.0216,63.145,0,100,90,79,1695,3504,2.10018,0,11.2912,2.30988,0,3401,48931627967
45.5952,21.9321,63.145,0,100,90,79,1695,3504,2.10018,0,11.2912,2.30988,0,3401,48953560427
47.6713,20.977,63.145,0,100,90,79,1695,3504,2.10018,0,11.2912,2.30988,0,3401,48974538179
49.7048,20.1188,63.145,0,100,90,79,1695,3504,2.10018,0,11.2912,2.30988,0,3401,48994657693
56.7568,17.619,63.145,0,100,90,79,1695,3504,2.10018,0,11.2912,2.30988,0,3401,49012278722
49.2424,20.3077,63.145,0,100,90,79,1695,3504,2.10018,0,11.2912,2.30988,0,3401,49032605578
48.4561,20.6373,63.145,0,100,90,79,1695,3504,2.10018,0,11.2912,2.30988,0,3401,49053225999
51.0211,19.5997,63.145,0,100,90,79,1695,3504,2.10018,0,11.2912,2.30988,0,3401,49072826184
50.0847,19.9662,63.145,0,100,90,79,1695,3504,2.10018,0,11.2912,2.30988,0,3401,49092792988
50.4713,19.8132,63.145,0,100,90,79,1695,3504,2.10018,0,11.2912,2.30988,0,3401,49112611716
51.2766,19.5021,53.7897,0,98,91,79,1695,3504,2.09978,0,11.2947,2.30988,0,3400,49132111357
50.7177,19.717,53.7897,0,98,91,79,1695,3504,2.09978,0,11.2947,2.30988,0,3400,49151829823
45.7669,21.8499,53.7897,0,98,91,79,1695,3504,2.09978,0,11.2947,2.30988,0,3400,49173680392
56.9656,17.5544,53.7897,0,98,91,79,1695,3504,2.09978,0,11.2947,2.30988,0,3400,49191236281
37.345,26.7774,53.7897,0,98,91,79,1695,3504,2.09978,0,11.2947,2.30988,0,3400,49218015283
67.393,14.8383,53.7897,0,98,91,79,1695,3504,2.09978,0,11.2947,2.30988,0,3400,49232853462
48.7069,20.531,53.7897,0,98,91,79,1695,3504,2.09978,0,11.2947,2.30988,0,3400,49253385596
38.9502,25.6738,53.7897,0,98,91,79,1695,3504,2.09978,0,11.2947,2.30988,0,3400,49279060831
75.0445,13.3254,53.7897,0,98,91,79,1695,3504,2.09978,0,11.2947,2.30988,0,3400,49292387535
51.9524,19.2484,53.7897,0,98,91,79,1695,3504,2.09978,0,11.2947,2.30988,0,3400,49311637440
38.6854,25.8496,53.7897,0,98,91,79,1695,3504,2.09978,0,11.2947,2.30988,0,3400,49337488984
63.7386,15.6891,53.7897,0,98,91,79,1695,3504,2.09978,0,11.2947,2.30988,0,3400,49353178902
38.6325,25.885,53.7897,0,98,91,79,1695,3504,2.09978,0,11.2947,2.30988,0,3400,49379065058
76.8833,13.0067,53.7897,0,98,91,79,1695,3504,2.09978,0,11.2947,2.30988,0,3400,49392097649
42.9464,23.2849,53.7897,0,98,91,79,1695,3504,2.09978,0,11.2947,2.30988,0,3400,49415373121
52.7985,18.9399,53.7897,0,98,91,79,1695,3504,2.09978,0,11.2947,2.30988,0,3400,49434315205
50.6929,19.7266,53.7897,0,98,91,79,1695,3504,2.09978,0,11.2947,2.30988,0,3400,49454041313
45.1338,22.1564,53.7897,0,98,91,79,1695,3504,2.09978,0,11.2947,2.30988,0,3400,49476197612
54.637,18.3026,53.7897,0,98,91,79,1695,3504,2.09978,0,11.2947,2.30988,0,3400,49494505527
42.8825,23.3195,53.7897,0,98,91,79,1695,3504,2.09978,0,11.2947,2.30988,0,3400,49517822496
54.7936,18.2503,53.7897,0,98,91,79,1695,3504,2.09978,0,11.2947,2.30988,0,3400,49536074300
47.3434,21.1223,53.7897,0,98,91,79,1695,3504,2.09978,0,11.2947,2.30988,0,3400,49557197588
50.8705,19.6578,53.7897,0,98,91,79,1695,3504,2.09978,0,11.2947,2.30988,0,3400,49576855721
49.9352,20.026,53.7897,0,98,91,79,1695,3504,2.09978,0,11.2947,2.30988,0,3400,49596884467
46.9979,21.2775,53.7897,0,98,91,79,1695,3504,2.09978,0,11.2947,2.30988,0,3400,49618167407
51.3178,19.4864,58.5427,0,98,91,79,1695,3504,2.09978,0,11.3139,2.30988,0,3411,49637650698
43.5352,22.9699,58.5427,0,98,91,79,1695,3504,2.09978,0,11.3139,2.30988,0,3411,49660621218
53.7973,18.5883,58.5427,0,98,91,79,1695,3504,2.09978,0,11.3139,2.30988,0,3411,49679210967
34.1189,29.3093,58.5427,0,98,91,79,1695,3504,2.09978,0,11.3139,2.30988,0,3411,49708520654
46.2178,21.6367,58.5427,0,98,91,79,1695,3504,2.09978,0,11.3139,2.30988,0,3411,49730157699
48.1935,20.7497,58.5427,0,98,91,79,1695,3504,2.09978,0,11.3139,2.30988,0,3411,49750908094
23.6513,42.2809,58.5427,0,98,91,79,1695,3504,2.09978,0,11.3139,2.30988,0,3411,49793190751
68.1322,14.6774,58.5427,0,98,91,79,1695,3504,2.09978,0,11.3139,2.30988,0,3411,49807869249
81.6091,12.2535,58.5427,0,98,91,79,1695,3504,2.09978,0,11.3139,2.30988,0,3411,49820123503
43.1069,23.1982,58.5427,0,98,91,79,1695,3504,2.09978,0,11.3139,2.30988,0,3411,49843325837
57.3987,17.422,58.5427,0,98,91,79,1695,3504,2.09978,0,11.3139,2.30988,0,3411,49860747304
44.0786,22.6867,58.5427,0,98,91,79,1695,3504,2.09978,0,11.3139,2.30988,0,3411,49883437083
52.3894,19.0878,58.5427,0,98,91,79,1695,3504,2.09978,0,11.3139,2.30988,0,3411,49902523324
49.4267,20.232,58.5427,0,98,91,79,1695,3504,2.09978,0,11.3139,2.30988,0,3411,49922760777
46.0082,21.7353,58.5427,0,98,91,79,1695,3504,2.09978,0,11.3139,2.30988,0,3411,49944497806
49.1781,20.3342,58.5427,0,98,91,79,1695,3504,2.09978,0,11.3139,2.30988,0,3411,49964830197
44.7588,22.342,58.5427,0,98,91,79,1695,3504,2.09978,0,11.3139,2.30988,0,3411,49987174863
47.7591,20.9384,58.5427,0,98,91,79,1695,3504,2.09978,0,11.3139,2.30988,0,3411,50008115389
50.1619,19.9355,58.5427,0,98,91,79,1695,3504,2.09978,0,11.3139,2.30988,0,3411,50028052901
45.5398,21.9588,58.5427,0,98,91,79,1695,3504,2.09978,0,11.3139,2.30988,0,3411,50050011800
51.9827,19.2372,58.5427,0,98,91,79,1695,3504,2.09978,0,11.3139,2.30988,0,3411,50069249396
46.0726,21.7049,58.5427,0,98,91,79,1695,3504,2.09978,0,11.3139,2.30988,0,3411,50090962308
49.6695,20.1331,58.5427,0,98,91,79,1695,3504,2.09978,0,11.3139,2.30988,0,3411,50111096352
49.084,20.3733,58.5427,0,98,91,79,1695,3504,2.09978,0,11.3139,2.30988,0,3411,50131471890
41.7702,23.9405,61.8357,0,99,90,80,1695,3504,2.09442,0,11.312,2.30988,0,3430,50155409836
52.1678,19.1689,61.8357,0,99,90,80,1695,3504,2.09442,0,11.312,2.30988,0,3430,50174580617
47.2047,21.1843,61.8357,0,99,90,80,1695,3504,2.09442,0,11.312,2.30988,0,3430,50195765544
45.2706,22.0894,61.8357,0,99,90,80,1695,3504,2.09442,0,11.312,2.30988,0,3430,50217857343
45.4559,21.9994,61.8357,0,99,90,80,1695,3504,2.09442,0,11.312,2.30988,0,3430,50239856250
55.0147,18.177,61.8357,0,99,90,80,1695,3504,2.09442,0,11.312,2.30988,0,3430,50258034201
46.2574,21.6181,61.8357,0,99,90,80,1695,3504,2.09442,0,11.312,2.30988,0,3430,50279652858
50.3497,19.8611,61.8357,0,99,90,80,1695,3504,2.09442,0,11.312,2.30988,0,3430,50299515761
49.7486,20.1011,61.8357,0,99,90,80,1695,3504,2.09442,0,11.312,2.30988,0,3430,50319739135
43.8878,22.7854,61.8357,0,99,90,80,1695,3504,2.09442,0,11.312,2.30988,0,3430,50342404350
51.829,19.2942,61.8357,0,99,90,80,1695,3504,2.09442,0,11.312,2.30988,0,3430,50361700630
46.6054,21.4567,61.8357,0,99,90,80,1695,3504,2.09442,0,11.312,2.30988,0,3430,50383159631
45.559,21.9496,61.8357,0,99,90,80,1695,3504,2.09442,0,11.312,2.30988,0,3430,50405109845
49.4205,20.2345,61.8357,0,99,90,80,1695,3504,2.09442,0,11.312,2.30988,0,3430,50425346796
33.3007,30.0294,61.8357,0,99,90,80,1695,3504,2.09442,0,11.312,2.30988,0,3430,50455376399
51.2409,19.5157,61.8357,0,99,90,80,1695,3504,2.09442,0,11.312,2.30988,0,3430,50474914298
51.1076,19.5666,61.8357,0,99,90,80,1695,3504,2.09442,0,11.312,2.30988,0,3430,50494461792
52.3632,19.0974,61.8357,0,99,90,80,1695,3504,2.09442,0,11.312,2.30988,0,3430,50513560053
45.3183,22.0662,61.8357,0,99,90,80,1695,3504,2.09442,0,11.312,2.30988,0,3430,50535648784
44.1753,22.6371,61.8357,0,99,90,80,1695,3504,2.09442,0,11.312,2.30988,0,3430,50558265044
42.6397,23.4523,61.8357,0,99,90,80,1695,3504,2.09442,0,11.312,2.30988,0,3430,50581720007
54.7813,18.2544,61.8357,0,99,90,80,1695,3504,2.09442,0,11.312,2.30988,0,3430,50599996376
30.8032,32.4642,61.8357,0,99,90,80,1695,3504,2.09442,0,11.312,2.30988,0,3430,50632465591
60.631,16.4932,70.7196,0,97,90,79,1695,3504,2.08722,0,11.3061,2.30988,0,1724,50648935521
45.5598,21.9492,70.7196,0,97,90,79,1695,3504,2.08722,0,11.3061,2.30988,0,1724,50670885182
37.7467,26.4924,70.7196,0,97,90,79,1695,3504,2.08722,0,11.3061,2.30988,0,1724,50697379270
31.6095,31.6361,70.7196,0,97,90,79,1695,3504,2.08722,0,11.3061,2.30988,0,1724,50729016668
33.5446,29.811,70.7196,0,97,90,79,1695,3504,2.08722,0,11.3061,2.30988,0,1724,50758851177
44.5964,22.4233,70.7196,0,97,90,79,1695,3504,2.08722,0,11.3061,2.30988,0,1724,50781254600
36.0264,27.7574,70.7196,0,97,90,79,1695,3504,2.08722,0,11.3061,2.30988,0,1724,50809034571
46.161,21.6633,70.7196,0,97,90,79,1695,3504,2.08722,0,11.3061,2.30988,0,1724,50830698664
36.7157,27.2363,70.7196,0,97,90,79,1695,3504,2.08722,0,11.3061,2.30988,0,1724,50857937980
34.6644,28.848,70.7196,0,97,90,79,1695,3504,2.08722,0,11.3061,2.30988,0,1724,50886764997
39.5626,25.2764,70.7196,0,97,90,79,1695,3504,2.08722,0,11.3061,2.30988,0,1724,50912045840
46.0305,21.7247,70.7196,0,97,90,79,1695,3504,2.08722,0,11.3061,2.30988,0,1724,50933769604
38.0147,26.3056,70.7196,0,97,90,79,1695,3504,2.08722,0,11.3061,2.30988,0,1724,50960077134
37.3461,26.7766,70.7196,0,97,90,79,1695,3504,2.08722,0,11.3061,2.30988,0,1724,50986855619
45.2754,22.0871,70.7196,0,97,90,79,1695,3504,2.08722,0,11.3061,2.30988,0,1724,51008942745
41.3578,24.1792,70.7196,0,97,90,79,1695,3504,2.08722,0,11.3061,2.30988,0,1724,51033144155
39.9399,25.0376,70.7196,0,97,90,79,1695,3504,2.08722,0,11.3061,2.30988,0,1724,51058184040
40.2591,24.8391,70.7196,0,97,90,79,1695,3504,2.08722,0,11.3061,2.30988,0,1724,51083044301
36.0311,27.7538,70.7196,0,97,90,79,1695,3504,2.08722,0,11.3061,2.30988,0,1724,51110777079
43.4208,23.0305,70.7196,0,97,90,79,1695,3504,2.08722,0,11.3061,2.30988,0,1724,51133833360
46.4443,21.5312,84.8635,0,100,85,78,1527,3504,2.09536,0,11.291,2.30988,0,1723,51155340718
39.0298,25.6214,84.8635,0,100,85,78,1527,3504,2.09536,0,11.291,2.30988,0,1723,51180983829
43.2534,23.1196,84.8635,0,100,85,78,1527,3504,2.09536,0,11.291,2.30988,0,1723,51204105593
35.3999,28.2487,84.8635,0,100,85,78,1527,3504,2.09536,0,11.291,2.30988,0,1723,51232354686
42.6077,23.4699,84.8635,0,100,85,78,1527,3504,2.09536,0,11.291,2.30988,0,1723,51255825808
38.149,26.213,84.8635,0,100,85,78,1527,3504,2.09536,0,11.291,2.30988,0,1723,51282040144
44.6796,22.3816,84.8635,0,100,85,78,1527,3504,2.09536,0,11.291,2.30988,0,1723,51304423232
41.0307,24.372,84.8635,0,100,85,78,1527,3504,2.09536,0,11.291,2.30988,0,1723,51328824412
35.9306,27.8314,84.8635,0,100,85,78,1527,3504,2.09536,0,11.291,2.30988,0,1723,51356632016
48.1008,20.7897,84.8635,0,100,85,78,1527,3504,2.09536,0,11.291,2.30988,0,1723,51377444002
36.338,27.5194,84.8635,0,100,85,78,1527,3504,2.09536,0,11.291,2.30988,0,1723,51404942858
37.6632,26.5511,84.8635,0,100,85,78,1527,3504,2.09536,0,11.291,2.30988,0,1723,51431496357
46.7313,21.3989,84.8635,0,100,85,78,1527,3504,2.09536,0,11.291,2.30988,0,1723,51452897173
41.6066,24.0346,84.8635,0,100,85,78,1527,3504,2.09536,0,11.291,2.30988,0,1723,51476933558
35.912,27.8459,84.8635,0,100,85,78,1527,3504,2.09536,0,11.291,2.30988,0,1723,51504783347
39.9807,25.012,84.8635,0,100,85,78,1527,3504,2.09536,0,11.291,2.30988,0,1723,51529793928
36.3473,27.5124,84.8635,0,100,85,78,1527,3504,2.09536,0,11.291,2.30988,0,1723,51557308786
44.5028,22.4705,84.8635,0,100,85,78,1527,3504,2.09536,0,11.291,2.30988,0,1723,51579781689
38.5862,25.916,84.8635,0,100,85,78,1527,3504,2.09536,0,11.291,2.30988,0,1723,51605696705
45.0919,22.1769,84.8635,0,100,85,78,1527,3504,2.09536,0,11.291,2.30988,0,1723,51627875247
36.4248,27.4538,84.8635,0,100,85,78,1527,3504,2.09536,0,11.291,2.30988,0,1723,51655335038
40.9739,24.4058,77.6722,0,100,85,75,1389,3504,2.09711,0,11.3024,2.30988,0,1866,51679736398
32.2891,30.9703,77.6722,0,100,85,75,1389,3504,2.09711,0,11.3024,2.30988,0,1866,51710707973
50.7204,19.7159,77.6722,0,100,85,75,1389,3504,2.09711,0,11.3024,2.30988,0,1866,51730446536
41.6243,24.0244,77.6722,0,100,85,75,1389,3504,2.09711,0,11.3024,2.30988,0,1866,51754450435
37.8029,26.453,77.6722,0,100,85,75,1389,3504,2.09711,0,11.3024,2.30988,0,1866,51780905130
44.0585,22.6971,77.6722,0,100,85,75,1389,3504,2.09711,0,11.3024,2.30988,0,1866,51803602941
37.013,27.0175,77.6722,0,100,85,75,1389,3504,2.09711,0,11.3024,2.30988,0,1866,51830622241
41.5957,24.041,77.6722,0,100,85,75,1389,3504,2.09711,0,11.3024,2.30988,0,1866,51854664075
37.6643,26.5503,77.6722,0,100,85,75,1389,3504,2.09711,0,11.3024,2.30988,0,1866,51881215146
42.5757,23.4876,77.6722,0,100,85,75,1389,3504,2.09711,0,11.3024,2.30988,0,1866,51904702937
38.8422,25.7452,77.6722,0,100,85,75,1389,3504,2.09711,0,11.3024,2.30988,0,1866,51930470050
38.1988,26.1788,77.6722,0,100,85,75,1389,3504,2.09711,0,11.3024,2.30988,0,1866,51956629219
38.1684,26.1997,77.6722,0,100,85,75,1389,3504,2.09711,0,11.3024,2.30988,0,1866,51982851413
34.0996,29.3259,77.6722,0,100,85,75,1389,3504,2.09711,0,11.3024,2.30988,0,1866,52012179911
50.5637,19.777,77.6722,0,100,85,75,1389,3504,2.09711,0,11.3024,2.30988,0,1866,52031980294
42.2056,23.6935,77.6722,0,100,85,75,1389,3504,2.09711,0,11.3024,2.30988,0,1866,52055674449
35.9656,27.8043,77.6722,0,100,85,75,1389,3504,2.09711,0,11.3024,2.30988,0,1866,52083458530
37.5304,26.6451,77.6722,0,100,85,75,1389,3504,2.09711,0,11.3024,2.30988,0,1866,52110124569
46.0875,21.6979,77.6722,0,100,85,75,1389,3504,2.09711,0,11.3024,2.30988,0,1866,52131823048
31.1203,32.1334,77.6722,0,100,85,75,1389,3504,2.09711,0,11.3024,2.30988,0,1866,52163983158
43.4203,23.0307,70.5742,0,100,83,75,1389,3504,2.09711,0,11.2986,2.30988,0,1747,52186990078
42.2218,23.6845,70.5742,0,100,83,75,1389,3504,2.09711,0,11.2986,2.30988,0,1747,52210696517
39.0465,25.6105,70.5742,0,100,83,75,1389,3504,2.09711,0,11.2986,2.30988,0,1747,52236290448
37.7074,26.52,70.5742,0,100,83,75,1389,3504,2.09711,0,11.2986,2.30988,0,1747,52262808240
42.5516,23.5009,70.5742,0,100,83,75,1389,3504,2.09711,0,11.2986,2.30988,0,1747,52286309124
41.82,23.912,70.5742,0,100,83,75,1389,3504,2.09711,0,11.2986,2.30988,0,1747,52310223048
40.8715,24.4669,70.5742,0,100,83,75,1389,3504,2.09711,0,11.2986,2.30988,0,1747,52334690149
32.9674,30.333,70.5742,0,100,83,75,1389,3504,2.09711,0,11.2986,2.30988,0,1747,52365024292
40.8535,24.4777,70.5742,0,100,83,75,1389,3504,2.09711,0,11.2986,2.30988,0,1747,52389503232
38.733,25.8178,70.5742,0,100,83,75,1389,3504,2.09711,0,11.2986,2.30988,0,1747,52415343467
37.2713,26.8303,70.5742,0,100,83,75,1389,3504,2.09711,0,11.2986,2.30988,0,1747,52442154219
44.1398,22.6553,70.5742,0,100,83,75,1389,3504,2.09711,0,11.2986,2.30988,0,1747,52464831708
42.5839,23.4831,70.5742,0,100,83,75,1389,3504,2.09711,0,11.2986,2.30988,0,1747,52488315496
35.3176,28.3145,70.5742,0,100,83,75,1389,3504,2.09711,0,11.2986,2.30988,0,1747,52516632013
43.3732,23.0557,70.5742,0,100,83,75,1389,3504,2.09711,0,11.2986,2.30988,0,1747,52539667441
40.1206,24.9249,70.5742,0,100,83,75,1389,3504,2.09711,0,11.2986,2.30988,0,1747,52564593688
40.4558,24.7183,70.5742,0,100,83,75,1389,3504,2.09711,0,11.2986,2.30988,0,1747,52589312904
32.4557,30.8113,70.5742,0,100,83,75,1389,3504,2.09711,0,11.2986,2.30988,0,1747,52620126217
47.5867,21.0143,70.5742,0,100,83,75,1389,3504,2.09711,0,11.2986,2.30988,0,1747,52641141218
36.0121,27.7684,70.5742,0,100,83,75,1389,3504,2.09711,0,11.2986,2.30988,0,1747,52668938788
39.1412,25.5485,78.2828,0,100,83,75,1392,3504,2.09801,0,11.2943,2.30988,0,1736,52694481473
42.4056,23.5818,78.2828,0,100,83,75,1392,3504,2.09801,0,11.2943,2.30988,0,1736,52718064209
30.7907,32.4774,78.2828,0,100,83,75,1392,3504,2.09801,0,11.2943,2.30988,0,1736,52750521421
50.8986,19.6469,78.2828,0,100,83,75,1392,3504,2.09801,0,11.2943,2.30988,0,1736,52770182496
37.9068,26.3805,78.2828,0,100,83,75,1392,3504,2.09801,0,11.2943,2.30988,0,1736,52796551121
41.783,23.9332,78.2828,0,100,83,75,1392,3504,2.09801,0,11.2943,2.30988,0,1736,52820506667
41.5029,24.0947,78.2828,0,100,83,75,1392,3504,2.09801,0,11.2943,2.30988,0,1736,52844602309
36.684,27.2599,78.2828,0,100,83,75,1392,3504,2.09801,0,11.2943,2.30988,0,1736,52871863444
34.4014,29.0686,78.2828,0,100,83,75,1392,3504,2.09801,0,11.2943,2.30988,0,1736,52900932876
50.5955,19.7646,78.2828,0,100,83,75,1392,3504,2.09801,0,11.2943,2.30988,0,1736,52920701474
32.8429,30.448,78.2828,0,100,83,75,1392,3504,2.09801,0,11.2943,2.30988,0,1736,52951146897
44.5927,22.4252,78.2828,0,100,83,75,1392,3504,2.09801,0,11.2943,2.30988,0,1736,52973573788
37.9051,26.3817,78.2828,0,100,83,75,1392,3504,2.09801,0,11.2943,2.30988,0,1736,52999978882
39.3569,25.4085,78.2828,0,100,83,75,1392,3504,2.09801,0,11.2943,2.30988,0,1736,53025408411
36.7716,27.1949,78.2828,0,100,83,75,1392,3504,2.09801,0,11.2943,2.30988,0,1736,53052583966
38.1214,26.232,78.2828,0,100,83,75,1392,3504,2.09801,0,11.2943,2.30988,0,1736,53078838337
43.6655,22.9014,78.2828,0,100,83,75,1392,3504,2.09801,0,11.2943,2.30988,0,1736,53101720393
31.8176,31.4292,78.2828,0,100,83,75,1392,3504,2.09801,0,11.2943,2.30988,0,1736,53133149438
49.0158,20.4016,78.2828,0,100,83,75,1392,3504,2.09801,0,11.2943,2.30988,0,1736,53153553281
35.9928,27.7833,78.2828,0,100,83,75,1392,3504,2.09801,0,11.2943,2.30988,0,1736,53181340737
38.902,25.7057,77.724,0,100,85,75,1392,3504,2.09866,0,11.3076,2.30988,0,1777,53207044312
42.1437,23.7284,77.724,0,100,85,75,1392,3504,2.09866,0,11.3076,2.30988,0,1777,53230773529
36.6301,27.3,77.724,0,100,85,75,1392,3504,2.09866,0,11.3076,2.30988,0,1777,53258096380
46.5565,21.4793,77.724,0,100,85,75,1392,3504,2.09866,0,11.3076,2.30988,0,1777,53279554990
36.8327,27.1498,77.724,0,100,85,75,1392,3504,2.09866,0,11.3076,2.30988,0,1777,53306705816
39.899,25.0633,77.724,0,100,85,75,1392,3504,2.09866,0,11.3076,2.30988,0,1777,53331771229
35.9465,27.8191,77.724,0,100,85,75,1392,3504,2.09866,0,11.3076,2.30988,0,1777,53359591211
33.9113,29.4887,77.724,0,100,85,75,1392,3504,2.09866,0,11.3076,2.30988,0,1777,53389094168
48.294,20.7065,77.724,0,100,85,75,1392,3504,2.09866,0,11.3076,2.30988,0,1777,53409802056
35.0275,28.549,77.724,0,100,85,75,1392,3504,2.09866,0,11.3076,2.30988,0,1777,53438353139
44.6447,22.3991,77.724,0,100,85,75,1392,3504,2.09866,0,11.3076,2.30988,0,1777,53460754290
29.0327,34.4439,77.724,0,100,85,75,1392,3504,2.09866,0,11.3076,2.30988,0,1777,53495198197
41.2219,24.259,77.724,0,100,85,75,1392,3504,2.09866,0,11.3076,2.30988,0,1777,53519458368
47.6619,20.9811,77.724,0,100,85,75,1392,3504,2.09866,0,11.3076,2.30988,0,1777,53540441322
38.0057,26.3119,77.724,0,100,85,75,1392,3504,2.09866,0,11.3076,2.30988,0,1777,53566754360
26.6194,37.5666,77.724,0,100,85,75,1392,3504,2.09866,0,11.3076,2.30988,0,1777,53604323780
62.5884,15.9774,77.724,0,100,85,75,1392,3504,2.09866,0,11.3076,2.30988,0,1777,53620300587
35.9048,27.8515,77.724,0,100,85,75,1392,3504,2.09866,0,11.3076,2.30988,0,1777,53648153862
40.6251,24.6153,77.724,0,100,85,75,1392,3504,2.09866,0,11.3076,2.30988,0,1777,53672770233
45.0773,22.1841,77.724,0,100,85,75,1392,3504,2.09866,0,11.3076,2.30988,0,1777,53694984345
34.5117,28.9757,89.8795,0,100,85,75,1392,3504,2.09866,0,11.3255,2.30988,0,1767,53723933016
44.3857,22.5298,89.8795,0,100,85,75,1392,3504,2.09866,0,11.3255,2.30988,0,1767,53746462370
41.0806,24.3424,89.8795,0,100,85,75,1392,3504,2.09866,0,11.3255,2.30988,0,1767,53770807268
23.9753,41.7096,89.8795,0,100,85,75,1392,3504,2.09866,0,11.3255,2.30988,0,1767,53812518765
59.6845,16.7548,89.8795,0,100,85,75,1392,3504,2.09866,0,11.3255,2.30988,0,1767,53829296643
47.6521,20.9854,89.8795,0,100,85,75,1392,3504,2.09866,0,11.3255,2.30988,0,1767,53850282675
36.045,27.7431,89.8795,0,100,85,75,1392,3504,2.09866,0,11.3255,2.30988,0,1767,53878026816
39.1204,25.5621,89.8795,0,100,85,75,1392,3504,2.09866,0,11.3255,2.30988,0,1767,53903590254
40.4613,24.715,89.8795,0,100,85,75,1392,3504,2.09866,0,11.3255,2.30988,0,1767,53928307804
35.2435,28.374,89.8795,0,100,85,75,1392,3504,2.09866,0,11.3255,2.30988,0,1767,53956681950
41.4209,24.1424,89.8795,0,100,85,75,1392,3504,2.09866,0,11.3255,2.30988,0,1767,53980846646
34.6903,28.8265,89.8795,0,100,85,75,1392,3504,2.09866,0,11.3255,2.30988,0,1767,54009674966
52.6083,19.0084,89.8795,0,100,85,75,1392,3504,2.09866,0,11.3255,2.30988,0,1767,54028707999
30.0763,33.2488,89.8795,0,100,85,75,1392,3504,2.09866,0,11.3255,2.30988,0,1767,54061934684
55.0754,18.1569,89.8795,0,100,85,75,1392,3504,2.09866,0,11.3255,2.30988,0,1767,54080094005
28.4211,35.1851,89.8795,0,100,85,75,1392,3504,2.09866,0,11.3255,2.30988,0,1767,54115279766
52.559,19.0263,89.8795,0,100,85,75,1392,3504,2.09866,0,11.3255,2.30988,0,1767,54134307846
38.4782,25.9887,89.8795,0,100,85,75,1392,3504,2.09866,0,11.3255,2.30988,0,1767,54160297665
35.5274,28.1473,89.8795,0,100,85,75,1392,3504,2.09866,0,11.3255,2.30988,0,1767,54188445384
40.8165,24.4999,89.8795,0,100,85,75,1392,3504,2.09866,0,11.3255,2.30988,0,1767,54212952106
36.0253,27.7582,88.8361,0,100,85,74,1392,3504,2.0995,0,11.2868,2.30988,0,1744,54240707277
45.7142,21.875,88.8361,0,100,85,74,1392,3504,2.0995,0,11.2868,2.30988,0,1744,54262583523
36.0389,27.7478,88.8361,0,100,85,74,1392,3504,2.0995,0,11.2868,2.30988,0,1744,54290354215
34.3359,29.124,88.8361,0,100,85,74,1392,3504,2.0995,0,11.2868,2.30988,0,1744,54319459346
44.4544,22.495,88.8361,0,100,85,74,1392,3504,2.0995,0,11.2868,2.30988,0,1744,54341955042
38.0062,26.3115,88.8361,0,100,85,74,1392,3504,2.0995,0,11.2868,2.30988,0,1744,54368269483
36.9391,27.0716,88.8361,0,100,85,74,1392,3504,2.0995,0,11.2868,2.30988,0,1744,54395340689
36.2411,27.593,88.8361,0,100,85,74,1392,3504,2.0995,0,11.2868,2.30988,0,1744,54422935056
45.2754,22.087,88.8361,0,100,85,74,1392,3504,2.0995,0,11.2868,2.30988,0,1744,54445023141
34.384,29.0833,88.8361,0,100,85,74,1392,3504,2.0995,0,11.2868,2.30988,0,1744,54474107595
37.4425,26.7076,88.8361,0,100,85,74,1392,3504,2.0995,0,11.2868,2.30988,0,1744,54500815547
34.7566,28.7715,88.8361,0,100,85,74,1392,3504,2.0995,0,11.2868,2.30988,0,1744,54529609883
34.5196,28.9691,88.8361,0,100,85,74,1392,3504,2.0995,0,11.2868,2.30988,0,1744,54558558049
45.8342,21.8178,88.8361,0,100,85,74,1392,3504,2.0995,0,11.2868,2.30988,0,1744,54580398792
36.6927,27.2534,88.8361,0,100,85,74,1392,3504,2.0995,0,11.2868,2.30988,0,1744,54607632160
38.9852,25.6508,88.8361,0,100,85,74,1392,3504,2.0995,0,11.2868,2.30988,0,1744,54633284125
38.5024,25.9724,88.8361,0,100,85,74,1392,3504,2.0995,0,11.2868,2.30988,0,1744,54659279693
44.2674,22.59,88.8361,0,100,85,74,1392,3504,2.0995,0,11.2868,2.30988,0,1744,54681849959
36.1021,27.6992,88.8361,0,100,85,74,1392,3504,2.0995,0,11.2868,2.30988,0,1744,54709551407
33.132,30.1823,88.8361,0,100,85,74,1392,3504,2.0995,0,11.2868,2.30988,0,1744,54739761461
44.7852,22.3288,87.799,0,99,85,74,1392,3504,2.10028,0,11.2963,2.30988,0,1719,54762064831
33.3979,29.942,87.799,0,99,85,74,1392,3504,2.10028,0,11.2963,2.30988,0,1719,54792009122
44.2814,22.5828,87.799,0,99,85,74,1392,3504,2.10028,0,11.2963,2.30988,0,1719,54814614937
32.2635,30.9947,87.799,0,99,85,74,1392,3504,2.10028,0,11.2963,2.30988,0,1719,54845589816
45.5074,21.9744,87.799,0,99,85,74,1392,3504,2.10028,0,11.2963,2.30988,0,1719,54867565053
33.8808,29.5153,87.799,0,99,85,74,1392,3504,2.10028,0,11.2963,2.30988,0,1719,54897082128
38.2142,26.1683,87.799,0,99,85,74,1392,3504,2.10028,0,11.2963,2.30988,0,1719,54923265004
34.8114,28.7262,87.799,0,99,85,74,1392,3504,2.10028,0,11.2963,2.30988,0,1719,54951977868
44.0084,22.7229,87.799,0,99,85,74,1392,3504,2.10028,0,11.2963,2.30988,0,1719,54974702503
35.6339,28.0632,87.799,0,99,85,74,1392,3504,2.10028,0,11.2963,2.30988,0,1719,55002767274
42.1075,23.7487,87.799,0,99,85,74,1392,3504,2.10028,0,11.2963,2.30988,0,1719,55026545485
39.2779,25.4596,87.799,0,99,85,74,1392,3504,2.10028,0,11.2963,2.30988,0,1719,55051978978
40.9686,24.409,87.799,0,99,85,74,1392,3504,2.10028,0,11.2963,2.30988,0,1719,55076388849
31.5793,31.6664,87.799,0,99,85,74,1392,3504,2.10028,0,11.2963,2.30988,0,1719,55108078380
41.7864,23.9313,87.799,0,99,85,74,1392,3504,2.10028,0,11.2963,2.30988,0,1719,55132009654
28.6693,34.8805,87.799,0,99,85,74,1392,3504,2.10028,0,11.2963,2.30988,0,1719,55166892342
54.8874,18.2191,87.799,0,99,85,74,1392,3504,2.10028,0,11.2963,2.30988,0,1719,55185113341
36.8687,27.1233,87.799,0,99,85,74,1392,3504,2.10028,0,11.2963,2.30988,0,1719,55212235342
43.1579,23.1707,87.799,0,99,85,74,1392,3504,2.10028,0,11.2963,2.30988,0,1719,55235408231
34.6479,28.8618,87.799,0,99,85,74,1392,3504,2.10028,0,11.2963,2.30988,0,1719,55264277735
40.672,24.587,81.8182,0,100,84,74,1392,3504,2.10074,0,11.2901,2.30988,0,1739,55288880056
34.1702,29.2652,81.8182,0,100,84,74,1392,3504,2.10074,0,11.2901,2.30988,0,1739,55318146296
41.9802,23.8208,81.8182,0,100,84,74,1392,3504,2.10074,0,11.2901,2.30988,0,1739,55341968999
36.9916,27.0331,81.8182,0,100,84,74,1392,3504,2.10074,0,11.2901,2.30988,0,1739,55369024721
42.8978,23.3112,81.8182,0,100,84,74,1392,3504,2.10074,0,11.2901,2.30988,0,1739,55392337942
35.0804,28.5059,81.8182,0,100,84,74,1392,3504,2.10074,0,11.2901,2.30988,0,1739,55420844593
37.645,26.564,81.8182,0,100,84,74,1392,3504,2.10074,0,11.2901,2.30988,0,1739,55447432793
35.7398,27.98,81.8182,0,100,84,74,1392,3504,2.10074,0,11.2901,2.30988,0,1739,55475411774
37.497,26.6688,81.8182,0,100,84,74,1392,3504,2.10074,0,11.2901,2.30988,0,1739,55502081972
35.4117,28.2392,81.8182,0,100,84,74,1392,3504,2.10074,0,11.2901,2.30988,0,1739,55530324083
37.0594,26.9837,81.8182,0,100,84,74,1392,3504,2.10074,0,11.2901,2.30988,0,1739,55557307809
41.5735,24.0538,81.8182,0,100,84,74,1392,3504,2.10074,0,11.2901,2.30988,0,1739,55581363152
40.2527,24.8431,81.8182,0,100,84,74,1392,3504,2.10074,0,11.2901,2.30988,0,1739,55606207905
31.4873,31.7589,81.8182,0,100,84,74,1392,3504,2.10074,0,11.2901,2.30988,0,1739,55637990135
49.0236,20.3983,81.8182,0,100,84,74,1392,3504,2.10074,0,11.2901,2.30988,0,1739,55658367209
35.82,27.9173,81.8182,0,100,84,74,1392,3504,2.10074,0,11.2901,2.30988,0,1739,55686306611
37.5179,26.6539,81.8182,0,100,84,74,1392,3504,2.10074,0,11.2901,2.30988,0,1739,55712941142
39.7136,25.1803,81.8182,0,100,84,74,1392,3504,2.10074,0,11.2901,2.30988,0,1739,55738122704
35.7748,27.9526,81.8182,0,100,84,74,1392,3504,2.10074,0,11.2901,2.30988,0,1739,55766102047
35.0977,28.4919,74.6898,0,100,84,74,1392,3504,2.10074,0,11.2889,2.30988,0,1729,55794570558
40.2288,24.8578,74.6898,0,100,84,74,1392,3504,2.10074,0,11.2889,2.30988,0,1729,55819449577
37.7261,26.5068,74.6898,0,100,84,74,1392,3504,2.10074,0,11.2889,2.30988,0,1729,55845957982
40.0272,24.983,74.6898,0,100,84,74,1392,3504,2.10074,0,11.2889,2.30988,0,1729,55870962972
34.0405,29.3768,74.6898,0,100,84,74,1392,3504,2.10074,0,11.2889,2.30988,0,1729,55900340598
36.2682,27.5723,74.6898,0,100,84,74,1392,3504,2.10074,0,11.2889,2.30988,0,1729,55927892960
40.597,24.6323,74.6898,0,100,84,74,1392,3504,2.10074,0,11.2889,2.30988,0,1729,55952527746
41.7753,23.9376,74.6898,0,100,84,74,1392,3504,2.10074,0,11.2889,2.30988,0,1729,55976465945
36.561,27.3516,74.6898,0,100,84,74,1392,3504,2.10074,0,11.2889,2.30988,0,1729,56003819006
36.8702,27.1222,74.6898,0,100,84,74,1392,3504,2.10074,0,11.2889,2.30988,0,1729,56030942136
43.2195,23.1377,74.6898,0,100,84,74,1392,3504,2.10074,0,11.2889,2.30988,0,1729,56054080822
30.8876,32.3754,74.6898,0,100,84,74,1392,3504,2.10074,0,11.2889,2.30988,0,1729,56086456791
47.2904,21.1459,74.6898,0,100,84,74,1392,3504,2.10074,0,11.2889,2.30988,0,1729,56107605820
36.1209,27.6848,74.6898,0,100,84,74,1392,3504,2.10074,0,11.2889,2.30988,0,1729,56135291105
34.2625,29.1865,74.6898,0,100,84,74,1392,3504,2.10074,0,11.2889,2.30988,0,1729,56164479209
44.5191,22.4623,74.6898,0,100,84,74,1392,3504,2.10074,0,11.2889,2.30988,0,1729,56186942240
34.4308,29.0438,74.6898,0,100,84,74,1392,3504,2.10074,0,11.2889,2.30988,0,1729,56216011877
45.8862,21.793,74.6898,0,100,84,74,1392,3504,2.10074,0,11.2889,2.30988,0,1729,56237807574
36.3113,27.5397,74.6898,0,100,84,74,1392,3504,2.10074,0,11.2889,2.30988,0,1729,56265347038
35.3468,28.2911,74.6898,0,100,84,74,1392,3504,2.10074,0,11.2889,2.30988,0,1729,56293664302
29.116,34.3454,75.9434,0,100,84,74,1392,3504,2.10147,0,11.283,2.30988,0,1740,56328005810
52.6482,18.994,75.9434,0,100,84,74,1392,3504,2.10147,0,11.283,2.30988,0,1740,56347001021
43.0228,23.2435,75.9434,0,100,84,74,1392,3504,2.10147,0,11.283,2.30988,0,1740,56370246615
38.8837,25.7177,75.9434,0,100,84,74,1392,3504,2.10147,0,11.283,2.30988,0,1740,56395965593
34.2102,29.231,75.9434,0,100,84,74,1392,3504,2.10147,0,11.283,2.30988,0,1740,56425199032
43.2096,23.143,75.9434,0,100,84,74,1392,3504,2.10147,0,11.283,2.30988,0,1740,56448342476
26.433,37.8315,75.9434,0,100,84,74,1392,3504,2.10147,0,11.283,2.30988,0,1740,56486174529
65.765,15.2057,75.9434,0,100,84,74,1392,3504,2.10147,0,11.283,2.30988,0,1740,56501382052
34.5176,28.9708,75.9434,0,100,84,74,1392,3504,2.10147,0,11.283,2.30988,0,1740,56530374145
42.0861,23.7608,75.9434,0,100,84,74,1392,3504,2.10147,0,11.283,2.30988,0,1740,56554154434
34.5508,28.9429,75.9434,0,100,84,74,1392,3504,2.10147,0,11.283,2.30988,0,1740,56583093771
41.2122,24.2647,75.9434,0,100,84,74,1392,3504,2.10147,0,11.283,2.30988,0,1740,56607360181
38.1398,26.2193,75.9434,0,100,84,74,1392,3504,2.10147,0,11.283,2.30988,0,1740,56633579542
30.3683,32.9291,75.9434,0,100,84,74,1392,3504,2.10147,0,11.283,2.30988,0,1740,56666508884
46.4857,21.512,75.9434,0,100,84,74,1392,3504,2.10147,0,11.283,2.30988,0,1740,56688022297
36.6272,27.3022,75.9434,0,100,84,74,1392,3504,2.10147,0,11.283,2.30988,0,1740,56715346803
37.6497,26.5606,75.9434,0,100,84,74,1392,3504,2.10147,0,11.283,2.30988,0,1740,56741887597
41.8305,23.906,75.9434,0,100,84,74,1392,3504,2.10147,0,11.283,2.30988,0,1740,56765794236
34.3895,29.0786,75.9434,0,100,84,74,1392,3504,2.10147,0,11.283,2.30988,0,1740,56794879245
37.2725,26.8294,76.5152,0,100,84,74,1392,3504,2.10529,0,11.2827,2.30988,0,1787,56821705917
45.2981,22.076,76.5152,0,100,84,74,1392,3504,2.10529,0,11.2827,2.30988,0,1787,56843782618
31.0681,32.1873,76.5152,0,100,84,74,1392,3504,2.10529,0,11.2827,2.30988,0,1787,56875970324
45.5916,21.9339,76.5152,0,100,84,74,1392,3504,2.10529,0,11.2827,2.30988,0,1787,56897904859
37.5306,26.6449,76.5152,0,100,84,74,1392,3504,2.10529,0,11.2827,2.30988,0,1787,56924553904
31.7149,31.5309,76.5152,0,100,84,74,1392,3504,2.10529,0,11.2827,2.30988,0,1787,56956083050
48.2084,20.7433,76.5152,0,100,84,74,1392,3504,2.10529,0,11.2827,2.30988,0,1787,56976828277
37.8372,26.429,76.5152,0,100,84,74,1392,3504,2.10529,0,11.2827,2.30988,0,1787,57003259664
32.6838,30.5962,76.5152,0,100,84,74,1392,3504,2.10529,0,11.2827,2.30988,0,1787,57033856315
38.7671,25.795,76.5152,0,100,84,74,1392,3504,2.10529,0,11.2827,2.30988,0,1787,57059652664
42.3686,23.6024,76.5152,0,100,84,74,1392,3504,2.10529,0,11.2827,2.30988,0,1787,57083255891
37.7149,26.5147,76.5152,0,100,84,74,1392,3504,2.10529,0,11.2827,2.30988,0,1787,57109771862
41.3794,24.1666,76.5152,0,100,84,74,1392,3504,2.10529,0,11.2827,2.30988,0,1787,57133940815
32.7193,30.563,76.5152,0,100,84,74,1392,3504,2.10529,0,11.2827,2.30988,0,1787,57164504581
38.6557,25.8694,76.5152,0,100,84,74,1392,3504,2.10529,0,11.2827,2.30988,0,1787,57190396332
41.5039,24.0941,76.5152,0,100,84,74,1392,3504,2.10529,0,11.2827,2.30988,0,1787,57214470113
37.5667,26.6194,76.5152,0,100,84,74,1392,3504,2.10529,0,11.2827,2.30988,0,1787,57241091780
39.1539,25.5403,76.5152,0,100,84,74,1392,3504,2.10529,0,11.2827,2.30988,0,1787,57266634099
39.3017,25.4442,76.5152,0,100,84,74,1392,3504,2.10529,0,11.2827,2.30988,0,1787,57292079870
36.5773,27.3393,76.5152,0,100,84,74,1392,3504,2.10529,0,11.2827,2.30988,0,1787,57319425972
35.538,28.1389,75.7794,0,100,83,74,1392,3504,2.10529,0,11.279,2.30988,0,1728,57347582249
37.8171,26.4431,75.7794,0,100,83,74,1392,3504,2.10529,0,11.279,2.30988,0,1728,57374025808
40.2645,24.8358,75.7794,0,100,83,74,1392,3504,2.10529,0,11.279,2.30988,0,1728,57398881518
40.3298,24.7955,75.7794,0,100,83,74,1392,3504,2.10529,0,11.279,2.30988,0,1728,57423681564
37.0551,26.9868,75.7794,0,100,83,74,1392,3504,2.10529,0,11.279,2.30988,0,1728,57450670817
34.9981,28.573,75.7794,0,100,83,74,1392,3504,2.10529,0,11.279,2.30988,0,1728,57479256746
38.9263,25.6895,75.7794,0,100,83,74,1392,3504,2.10529,0,11.279,2.30988,0,1728,57504955937
39.129,25.5565,75.7794,0,100,83,74,1392,3504,2.10529,0,11.279,2.30988,0,1728,57530491951
43.4576,23.0109,75.7794,0,100,83,74,1392,3504,2.10529,0,11.279,2.30988,0,1728,57553504973
32.3886,30.8751,75.7794,0,100,83,74,1392,3504,2.10529,0,11.279,2.30988,0,1728,57584382644
41.4719,24.1127,75.7794,0,100,83,74,1392,3504,2.10529,0,11.279,2.30988,0,1728,57608516539
34.9322,28.6269,75.7794,0,100,83,74,1392,3504,2.10529,0,11.279,2.30988,0,1728,57637122857
43.7723,22.8455,75.7794,0,100,83,74,1392,3504,2.10529,0,11.279,2.30988,0,1728,57659970187
30.132,33.1873,75.7794,0,100,83,74,1392,3504,2.10529,0,11.279,2.30988,0,1728,57693159501
42.6182,23.4641,75.7794,0,100,83,74,1392,3504,2.10529,0,11.279,2.30988,0,1728,57716624737
44.0716,22.6903,75.7794,0,100,83,74,1392,3504,2.10529,0,11.279,2.30988,0,1728,57739316342
35.4885,28.1781,75.7794,0,100,83,74,1392,3504,2.10529,0,11.279,2.30988,0,1728,57767496137
39.0443,25.6119,75.7794,0,100,83,74,1392,3504,2.10529,0,11.279,2.30988,0,1728,57793107892
34.1359,29.2947,75.7794,0,100,83,74,1392,3504,2.10529,0,11.279,2.30988,0,1728,57822444016
49.5857,20.1671,73.6453,0,100,83,74,1392,3504,2.11826,0,11.2896,2.30988,0,1823,57842592560
33.0944,30.2166,73.6453,0,100,83,74,1392,3504,2.11826,0,11.2896,2.30988,0,1823,57872813063
38.1448,26.2159,73.6453,0,100,83,74,1392,3504,2.11826,0,11.2896,2.30988,0,1823,57899009596
44.2253,22.6115,73.6453,0,100,83,74,1392,3504,2.11826,0,11.2896,2.30988,0,1823,57921622111
38.0452,26.2845,73.6453,0,100,83,74,1392,3504,2.11826,0,11.2896,2.30988,0,1823,57947906909
32.8991,30.396,73.6453,0,100,83,74,1392,3504,2.11826,0,11.2896,2.30988,0,1823,57978303851
39.9777,25.0139,73.6453,0,100,83,74,1392,3504,2.11826,0,11.2896,2.30988,0,1823,58003319615
36.3786,27.4887,73.6453,0,100,83,74,1392,3504,2.11826,0,11.2896,2.30988,0,1823,58030809131
44.1558,22.6471,73.6453,0,100,83,74,1392,3504,2.11826,0,11.2896,2.30988,0,1823,58053478551
34.6103,28.8932,73.6453,0,100,83,74,1392,3504,2.11826,0,11.2896,2.30988,0,1823,58082351945
36.9101,27.0929,73.6453,0,100,83,74,1392,3504,2.11826,0,11.2896,2.30988,0,1823,58109445974
40.2963,24.8162,73.6453,0,100,83,74,1392,3504,2.11826,0,11.2896,2.30988,0,1823,58134262925
36.0237,27.7595,73.6453,0,100,83,74,1392,3504,2.11826,0,11.2896,2.30988,0,1823,58162023128
42.6978,23.4204,73.6453,0,100,83,74,1392,3504,2.11826,0,11.2896,2.30988,0,1823,58185444982
37.4316,26.7154,73.6453,0,100,83,74,1392,3504,2.11826,0,11.2896,2.30988,0,1823,58212161840
35.7136,28.0005,73.6453,0,100,83,74,1392,3504,2.11826,0,11.2896,2.30988,0,1823,58240185209
33.4828,29.8661,73.6453,0,100,83,74,1392,3504,2.11826,0,11.2896,2.30988,0,1823,58270051993
47.6025,21.0073,73.6453,0,100,83,74,1392,3504,2.11826,0,11.2896,2.30988,0,1823,58291040583
39.537,25.2927,73.6453,0,100,83,74,1392,3504,2.11826,0,11.2896,2.30988,0,1823,58316355758
33.7225,29.6538,73.6453,0,100,83,74,1392,3504,2.11826,0,11.2896,2.30988,0,1823,58345994444
36.8113,27.1656,71.7391,0,100,85,74,1392,3504,2.11913,0,11.2951,2.30988,0,1728,58373156336
43.4407,23.0199,71.7391,0,100,85,74,1392,3504,2.11913,0,11.2951,2.30988,0,1728,58396177054
37.5889,26.6036,71.7391,0,100,85,74,1392,3504,2.11913,0,11.2951,2.30988,0,1728,58422804072
38.3348,26.0859,71.7391,0,100,85,74,1392,3504,2.11913,0,11.2951,2.30988,0,1728,58448869077
39.3506,25.4126,71.7391,0,100,85,74,1392,3504,2.11913,0,11.2951,2.30988,0,1728,58474284709
37.3582,26.7679,71.7391,0,100,85,74,1392,3504,2.11913,0,11.2951,2.30988,0,1728,58501074456
32.2314,31.0257,71.7391,0,100,85,74,1392,3504,2.11913,0,11.2951,2.30988,0,1728,58532079091
45.4618,21.9965,71.7391,0,100,85,74,1392,3504,2.11913,0,11.2951,2.30988,0,1728,58554097353
40.1349,24.9159,71.7391,0,100,85,74,1392,3504,2.11913,0,11.2951,2.30988,0,1728,58578993998
37.8867,26.3945,71.7391,0,100,85,74,1392,3504,2.11913,0,11.2951,2.30988,0,1728,58605388302
36.2003,27.624,71.7391,0,100,85,74,1392,3504,2.11913,0,11.2951,2.30988,0,1728,58633035460
39.4788,25.33,71.7391,0,100,85,74,1392,3504,2.11913,0,11.2951,2.30988,0,1728,58658344781
40.7246,24.5552,71.7391,0,100,85,74,1392,3504,2.11913,0,11.2951,2.30988,0,1728,58682922401
36.949,27.0643,71.7391,0,100,85,74,1392,3504,2.11913,0,11.2951,2.30988,0,1728,58709966506
44.2894,22.5788,71.7391,0,100,85,74,1392,3504,2.11913,0,11.2951,2.30988,0,1728,58732547249
34.7195,28.8022,71.7391,0,100,85,74,1392,3504,2.11913,0,11.2951,2.30988,0,1728,58761349079
35.7213,27.9945,71.7391,0,100,85,74,1392,3504,2.11913,0,11.2951,2.30988,0,1728,58789345543
40.0358,24.9776,71.7391,0,100,85,74,1392,3504,2.11913,0,11.2951,2.30988,0,1728,58814325064
40.9293,24.4324,71.7391,0,100,85,74,1392,3504,2.11913,0,11.2951,2.30988,0,1728,58838770827
31.4543,31.7922,71.7391,0,100,85,74,1392,3504,2.11913,0,11.2951,2.30988,0,1728,58870556614
47.9138,20.8708,77.4347,0,100,85,74,1392,3504,2.12345,0,11.2779,2.30988,0,1782,58891423983
38.467,25.9963,77.4347,0,100,85,74,1392,3504,2.12345,0,11.2779,2.30988,0,1782,58917433556
31.935,31.3136,77.4347,0,100,85,74,1392,3504,2.12345,0,11.2779,2.30988,0,1782,58948758408
46.0785,21.7021,77.4347,0,100,85,74,1392,3504,2.12345,0,11.2779,2.30988,0,1782,58970440733
40.2465,24.8469,77.4347,0,100,85,74,1392,3504,2.12345,0,11.2779,2.30988,0,1782,58995309394
37.7307,26.5036,77.4347,0,100,85,74,1392,3504,2.12345,0,11.2779,2.30988,0,1782,59021793016
38.3671,26.064,77.4347,0,100,85,74,1392,3504,2.12345,0,11.2779,2.30988,0,1782,59047857785
37.9684,26.3377,77.4347,0,100,85,74,1392,3504,2.12345,0,11.2779,2.30988,0,1782,59074196409
36.6943,27.2522,77.4347,0,100,85,74,1392,3504,2.12345,0,11.2779,2.30988,0,1782,59101450041
39.1739,25.5272,77.4347,0,100,85,74,1392,3504,2.12345,0,11.2779,2.30988,0,1782,59126980217
35.7925,27.9388,77.4347,0,100,85,74,1392,3504,2.12345,0,11.2779,2.30988,0,1782,59154920015
40.4779,24.7049,77.4347,0,100,85,74,1392,3504,2.12345,0,11.2779,2.30988,0,1782,59179625032
42.1425,23.729,77.4347,0,100,85,74,1392,3504,2.12345,0,11.2779,2.30988,0,1782,59203357094
34.3692,29.0958,77.4347,0,100,85,74,1392,3504,2.12345,0,11.2779,2.30988,0,1782,59232453949
33.7792,29.604,77.4347,0,100,85,74,1392,3504,2.12345,0,11.2779,2.30988,0,1782,59262079716
39.3802,25.3935,77.4347,0,100,85,74,1392,3504,2.12345,0,11.2779,2.30988,0,1782,59287452686
19.8224,50.4479,77.4347,0,100,85,74,1392,3504,2.12345,0,11.2779,2.30988,0,1782,59337902245
51.695,19.3442,77.4347,0,100,85,74,1392,3504,2.12345,0,11.2779,2.30988,0,1782,59357248677
37.7433,26.4948,77.4347,0,100,85,74,1392,3504,2.12345,0,11.2779,2.30988,0,1782,59383747546
53.3284,18.7517,80.1471,0,100,84,74,1392,3504,2.12345,0,11.2967,2.30988,0,1730,59402496765
32.5426,30.7289,80.1471,0,100,84,74,1392,3504,2.12345,0,11.2967,2.30988,0,1730,59433247617
46.9842,21.2837,80.1471,0,100,84,74,1392,3504,2.12345,0,11.2967,2.30988,0,1730,59454512405
42.2374,23.6757,80.1471,0,100,84,74,1392,3504,2.12345,0,11.2967,2.30988,0,1730,59478201080
27.2852,36.65,80.1471,0,100,84,74,1392,3504,2.12345,0,11.2967,2.30988,0,1730,59514839543
54.8997,18.215,80.1471,0,100,84,74,1392,3504,2.12345,0,11.2967,2.30988,0,1730,59533056122
40.0627,24.9609,80.1471,0,100,84,74,1392,3504,2.12345,0,11.2967,2.30988,0,1730,59558017709
32.238,31.0193,80.1471,0,100,84,74,1392,3504,2.12345,0,11.2967,2.30988,0,1730,59589038271
70.8151,14.1213,80.1471,0,100,84,74,1392,3504,2.12345,0,11.2967,2.30988,0,1730,59603160503
35.978,27.7948,80.1471,0,100,84,74,1392,3504,2.12345,0,11.2967,2.30988,0,1730,59630958399
38.9327,25.6854,80.1471,0,100,84,74,1392,3504,2.12345,0,11.2967,2.30988,0,1730,59656642635
39.428,25.3627,80.1471,0,100,84,74,1392,3504,2.12345,0,11.2967,2.30988,0,1730,59682005522
37.4958,26.6696,80.1471,0,100,84,74,1392,3504,2.12345,0,11.2967,2.30988,0,1730,59708676645
37.2101,26.8744,80.1471,0,100,84,74,1392,3504,2.12345,0,11.2967,2.30988,0,1730,59735552104
37.148,26.9194,80.1471,0,100,84,74,1392,3504,2.12345,0,11.2967,2.30988,0,1730,59762472501
38.8771,25.7221,80.1471,0,100,84,74,1392,3504,2.12345,0,11.2967,2.30988,0,1730,59788195702
37.7486,26.4911,80.1471,0,100,84,74,1392,3504,2.12345,0,11.2967,2.30988,0,1730,59814687746
36.9993,27.0275,80.1471,0,100,84,74,1392,3504,2.12345,0,11.2967,2.30988,0,1730,59841717272
39.2342,25.488,80.1471,0,100,84,74,1392,3504,2.12345,0,11.2967,2.30988,0,1730,59867205999
37.7326,26.5023,80.1471,0,100,84,74,1392,3504,2.12345,0,11.2967,2.30988,0,1730,59893711568
40.1175,24.9267,64.0097,0,99,84,73,1396,3504,2.1252,0,11.2507,2.30988,0,3401,59918654429
39.2797,25.4584,64.0097,0,99,84,73,1396,3504,2.1252,0,11.2507,2.30988,0,3401,59944096230
38.8554,25.7364,64.0097,0,99,84,73,1396,3504,2.1252,0,11.2507,2.30988,0,3401,59969832727
34.4656,29.0145,64.0097,0,99,84,73,1396,3504,2.1252,0,11.2507,2.30988,0,3401,59998848343
37.6347,26.5712,64.0097,0,99,84,73,1396,3504,2.1252,0,11.2507,2.30988,0,3401,60025421621
36.6038,27.3195,64.0097,0,99,84,73,1396,3504,2.1252,0,11.2507,2.30988,0,3401,60052741781
34.1129,29.3144,64.0097,0,99,84,73,1396,3504,2.1252,0,11.2507,2.30988,0,3401,60082059206
45.2814,22.0841,64.0097,0,99,84,73,1396,3504,2.1252,0,11.2507,2.30988,0,3401,60104142859
39.9651,25.0218,64.0097,0,99,84,73,1396,3504,2.1252,0,11.2507,2.30988,0,3401,60129165761
35.4691,28.1936,64.0097,0,99,84,73,1396,3504,2.1252,0,11.2507,2.30988,0,3401,60157361005
41.5093,24.091,64.0097,0,99,84,73,1396,3504,2.1252,0,11.2507,2.30988,0,3401,60181452823
37.0972,26.9562,64.0097,0,99,84,73,1396,3504,2.1252,0,11.2507,2.30988,0,3401,60208411940
37.217,26.8694,64.0097,0,99,84,73,1396,3504,2.1252,0,11.2507,2.30988,0,3401,60235282537
38.437,26.0166,64.0097,0,99,84,73,1396,3504,2.1252,0,11.2507,2.30988,0,3401,60261299271
38.4158,26.031,64.0097,0,99,84,73,1396,3504,2.1252,0,11.2507,2.30988,0,3401,60287331531
35.4062,28.2436,64.0097,0,99,84,73,1396,3504,2.1252,0,11.2507,2.30988,0,3401,60315578289
39.8483,25.0952,64.0097,0,99,84,73,1396,3504,2.1252,0,11.2507,2.30988,0,3401,60340673312
39.0241,25.6252,64.0097,0,99,84,73,1396,3504,2.1252,0,11.2507,2.30988,0,3401,60366300792
39.5424,25.2893,64.0097,0,99,84,73,1396,3504,2.1252,0,11.2507,2.30988,0,3401,60391589682
39.5738,25.2692,64.0097,0,99,84,73,1396,3504,2.1252,0,11.2507,2.30988,0,3401,60416863497
31.9711,31.2782,61.5012,0,99,90,73,1386,3504,2.12673,0,11.3136,2.30988,0,3399,60448139569
48.2495,20.7256,61.5012,0,99,90,73,1386,3504,2.12673,0,11.3136,2.30988,0,3399,60468865296
38.4923,25.9792,61.5012,0,99,90,73,1386,3504,2.12673,0,11.3136,2.30988,0,3399,60494845845
36.7567,27.2059,61.5012,0,99,90,73,1386,3504,2.12673,0,11.3136,2.30988,0,3399,60522053037
38.6394,25.8803,61.5012,0,99,90,73,1386,3504,2.12673,0,11.3136,2.30988,0,3399,60547934753
38.3329,26.0873,61.5012,0,99,90,73,1386,3504,2.12673,0,11.3136,2.30988,0,3399,60574021942
39.7176,25.1777,61.5012,0,99,90,73,1386,3504,2.12673,0,11.3136,2.30988,0,3399,60599201543
29.2469,34.1917,61.5012,0,99,90,73,1386,3504,2.12673,0,11.3136,2.30988,0,3399,60633393045
50.9152,19.6405,61.5012,0,99,90,73,1386,3504,2.12673,0,11.3136,2.30988,0,3399,60653036516
37.2917,26.8156,61.5012,0,99,90,73,1386,3504,2.12673,0,11.3136,2.30988,0,3399,60679854225
35.1008,28.4893,61.5012,0,99,90,73,1386,3504,2.12673,0,11.3136,2.30988,0,3399,60708347988
42.4398,23.5628,61.5012,0,99,90,73,1386,3504,2.12673,0,11.3136,2.30988,0,3399,60731908269
38.497,25.9761,61.5012,0,99,90,73,1386,3504,2.12673,0,11.3136,2.30988,0,3399,60757886943
34.8096,28.7277,61.5012,0,99,90,73,1386,3504,2.12673,0,11.3136,2.30988,0,3399,60786614509
41.4271,24.1388,61.5012,0,99,90,73,1386,3504,2.12673,0,11.3136,2.30988,0,3399,60810758967
38.1421,26.2178,61.5012,0,99,90,73,1386,3504,2.12673,0,11.3136,2.30988,0,3399,60836976794
34.9614,28.6029,61.5012,0,99,90,73,1386,3504,2.12673,0,11.3136,2.30988,0,3399,60865586241
37.3254,26.7914,61.5012,0,99,90,73,1386,3504,2.12673,0,11.3136,2.30988,0,3399,60892373173
34.7125,28.808,61.5012,0,99,90,73,1386,3504,2.12673,0,11.3136,2.30988,0,3399,60921184480
35.5122,28.1593,47.1464,0,100,90,73,1392,3504,2.12885,0,11.3162,2.30988,0,3400,60949345549
38.4533,26.0055,47.1464,0,100,90,73,1392,3504,2.12885,0,11.3162,2.30988,0,3400,60975350972
36.4134,27.4624,47.1464,0,100,90,73,1392,3504,2.12885,0,11.3162,2.30988,0,3400,61002826616
35.6122,28.0803,47.1464,0,100,90,73,1392,3504,2.12885,0,11.3162,2.30988,0,3400,61030897627
40.411,24.7457,47.1464,0,100,90,73,1392,3504,2.12885,0,11.3162,2.30988,0,3400,61055642458
34.433,29.0419,47.1464,0,100,90,73,1392,3504,2.12885,0,11.3162,2.30988,0,3400,61084686415
40.5323,24.6717,47.1464,0,100,90,73,1392,3504,2.12885,0,11.3162,2.30988,0,3400,61109371140
41.8038,23.9213,47.1464,0,100,90,73,1392,3504,2.12885,0,11.3162,2.30988,0,3400,61133298748
19.5872,51.0537,47.1464,0,100,90,73,1392,3504,2.12885,0,11.3162,2.30988,0,3400,61184335111
28.0293,35.677,47.1464,0,100,90,73,1392,3504,2.12885,0,11.3162,2.30988,0,3400,61220013007
32.9101,30.3858,47.1464,0,100,90,73,1392,3504,2.12885,0,11.3162,2.30988,0,3400,61250399914
45.6781,21.8923,47.1464,0,100,90,73,1392,3504,2.12885,0,11.3162,2.30988,0,3400,61272293206
38.7225,25.8248,47.1464,0,100,90,73,1392,3504,2.12885,0,11.3162,2.30988,0,3400,61298118990
52.3418,19.1052,47.1464,0,100,90,73,1392,3504,2.12885,0,11.3162,2.30988,0,3400,61317225218
27.8694,35.8816,47.1464,0,100,90,73,1392,3504,2.12885,0,11.3162,2.30988,0,3400,61353107988
50.4639,19.8162,47.1464,0,100,90,73,1392,3504,2.12885,0,11.3162,2.30988,0,3400,61372937792
41.398,24.1557,47.1464,0,100,90,73,1392,3504,2.12885,0,11.3162,2.30988,0,3400,61397081078
45.6878,21.8877,47.1464,0,100,90,73,1392,3504,2.12885,0,11.3162,2.30988,0,3400,61418982922
53.6089,18.6536,47.1464,0,100,90,73,1392,3504,2.12885,0,11.3162,2.30988,0,3400,61437627992
38.6399,25.88,46.3183,0,99,86,73,1403,3504,2.1292,0,11.3212,2.30988,0,3400,61463504905
38.0907,26.2531,46.3183,0,99,86,73,1403,3504,2.1292,0,11.3212,2.30988,0,3400,61489759822
35.4076,28.2425,46.3183,0,99,86,73,1403,3504,2.1292,0,11.3212,2.30988,0,3400,61518003296
38.7465,25.8088,46.3183,0,99,86,73,1403,3504,2.1292,0,11.3212,2.30988,0,3400,61543812335
39.5567,25.2802,46.3183,0,99,86,73,1403,3504,2.1292,0,11.3212,2.30988,0,3400,61569094134
36.2154,27.6126,46.3183,0,99,86,73,1403,3504,2.1292,0,11.3212,2.30988,0,3400,61596708266
36.8555,27.133,46.3183,0,99,86,73,1403,3504,2.1292,0,11.3212,2.30988,0,3400,61623842850
38.2149,26.1678,46.3183,0,99,86,73,1403,3504,2.1292,0,11.3212,2.30988,0,3400,61650010952
37.7499,26.4901,46.3183,0,99,86,73,1403,3504,2.1292,0,11.3212,2.30988,0,3400,61676501262
37.9538,26.3478,46.3183,0,99,86,73,1403,3504,2.1292,0,11.3212,2.30988,0,3400,61702851032
37.3095,26.8028,46.3183,0,99,86,73,1403,3504,2.1292,0,11.3212,2.30988,0,3400,61729653877
37.0759,26.9717,46.3183,0,99,86,73,1403,3504,2.1292,0,11.3212,2.30988,0,3400,61756626903
39.3946,25.3842,46.3183,0,99,86,73,1403,3504,2.1292,0,11.3212,2.30988,0,3400,61782011626
36.7196,27.2334,46.3183,0,99,86,73,1403,3504,2.1292,0,11.3212,2.30988,0,3400,61809246905
37.7968,26.4573,46.3183,0,99,86,73,1403,3504,2.1292,0,11.3212,2.30988,0,3400,61835705072
36.8119,27.1651,46.3183,0,99,86,73,1403,3504,2.1292,0,11.3212,2.30988,0,3400,61862874303
36.4919,27.4033,46.3183,0,99,86,73,1403,3504,2.1292,0,11.3212,2.30988,0,3400,61890276625
37.8612,26.4123,46.3183,0,99,86,73,1403,3504,2.1292,0,11.3212,2.30988,0,3400,61916688890
36.1925,27.6301,46.3183,0,99,86,73,1403,3504,2.1292,0,11.3212,2.30988,0,3400,61944323834
36.3128,27.5385,40.0485,0,97,86,74,1392,3504,2.12929,0,11.3268,2.30988,0,3400,61971863279
38.4596,26.0013,40.0485,0,97,86,74,1392,3504,2.12929,0,11.3268,2.30988,0,3400,61997864060
36.7357,27.2214,40.0485,0,97,86,74,1392,3504,2.12929,0,11.3268,2.30988,0,3400,62025085833
35.8339,27.9066,40.0485,0,97,86,74,1392,3504,2.12929,0,11.3268,2.30988,0,3400,62052994450
39.4124,25.3728,40.0485,0,97,86,74,1392,3504,2.12929,0,11.3268,2.30988,0,3400,62078367594
38.7767,25.7887,40.0485,0,97,86,74,1392,3504,2.12929,0,11.3268,2.30988,0,3400,62104158601
37.6561,26.5561,40.0485,0,97,86,74,1392,3504,2.12929,0,11.3268,2.30988,0,3400,62130714251
37.9034,26.3829,40.0485,0,97,86,74,1392,3504,2.12929,0,11.3268,2.30988,0,3400,62157099502
37.7651,26.4795,40.0485,0,97,86,74,1392,3504,2.12929,0,11.3268,2.30988,0,3400,62183580556
34.7515,28.7757,40.0485,0,97,86,74,1392,3504,2.12929,0,11.3268,2.30988,0,3400,62212356958
38.0389,26.2889,40.0485,0,97,86,74,1392,3504,2.12929,0,11.3268,2.30988,0,3400,62238647745
36.7341,27.2227,40.0485,0,97,86,74,1392,3504,2.12929,0,11.3268,2.30988,0,3400,62265871379
38.2317,26.1563,40.0485,0,97,86,74,1392,3504,2.12929,0,11.3268,2.30988,0,3400,62292040627
37.1854,26.8923,40.0485,0,97,86,74,1392,3504,2.12929,0,11.3268,2.30988,0,3400,62318925683
36.3332,27.5231,40.0485,0,97,86,74,1392,3504,2.12929,0,11.3268,2.30988,0,3400,62346446499
36.4917,27.4035,40.0485,0,97,86,74,1392,3504,2.12929,0,11.3268,2.30988,0,3400,62373852074
39.4773,25.331,40.0485,0,97,86,74,1392,3504,2.12929,0,11.3268,2.30988,0,3400,62399184249
36.8282,27.1531,40.0485,0,97,86,74,1392,3504,2.12929,0,11.3268,2.30988,0,3400,62426337853
38.6102,25.8999,40.0485,0,97,86,74,1392,3504,2.12929,0,11.3268,2.30988,0,3400,62452243131
36.7805,27.1883,51.861,0,97,92,74,1392,3504,2.12929,0,11.3295,2.30988,0,3400,62479427406
37.0419,26.9965,51.861,0,97,92,74,1392,3504,2.12929,0,11.3295,2.30988,0,3400,62506424860
38.4212,26.0273,51.861,0,97,92,74,1392,3504,2.12929,0,11.3295,2.30988,0,3400,62532455952
38.5412,25.9463,51.861,0,97,92,74,1392,3504,2.12929,0,11.3295,2.30988,0,3400,62558401786
36.8797,27.1152,51.861,0,97,92,74,1392,3504,2.12929,0,11.3295,2.30988,0,3400,62585531221
37.9468,26.3527,51.861,0,97,92,74,1392,3504,2.12929,0,11.3295,2.30988,0,3400,62611871303
39.3477,25.4145,51.861,0,97,92,74,1392,3504,2.12929,0,11.3295,2.30988,0,3400,62637287216
39.0032,25.6389,51.861,0,97,92,74,1392,3504,2.12929,0,11.3295,2.30988,0,3400,62662926712
36.5818,27.336,51.861,0,97,92,74,1392,3504,2.12929,0,11.3295,2.30988,0,3400,62690264298
41.7235,23.9673,51.861,0,97,92,74,1392,3504,2.12929,0,11.3295,2.30988,0,3400,62714233727
37.4952,26.6701,51.861,0,97,92,74,1392,3504,2.12929,0,11.3295,2.30988,0,3400,62740906104
39.2847,25.4552,51.861,0,97,92,74,1392,3504,2.12929,0,11.3295,2.30988,0,3400,62766362018
36.9351,27.0745,51.861,0,97,92,74,1392,3504,2.12929,0,11.3295,2.30988,0,3400,62793440082
38.3302,26.0891,51.861,0,97,92,74,1392,3504,2.12929,0,11.3295,2.30988,0,3400,62819530920
37.2237,26.8646,51.861,0,97,92,74,1392,3504,2.12929,0,11.3295,2.30988,0,3400,62846395597
36.7068,27.2429,51.861,0,97,92,74,1392,3504,2.12929,0,11.3295,2.30988,0,3400,62873639170
35.2946,28.333,51.861,0,97,92,74,1392,3504,2.12929,0,11.3295,2.30988,0,3400,62901973061
40.8512,24.4791,51.861,0,97,92,74,1392,3504,2.12929,0,11.3295,2.30988,0,3400,62926453957
41.0559,24.357,51.861,0,97,92,74,1392,3504,2.12929,0,11.3295,2.30988,0,3400,62950816776
39.607,25.2481,51.861,0,97,92,74,1392,3504,2.12929,0,11.3295,2.30988,0,3400,62976075385
37.6435,26.565,55.0239,0,100,92,74,1411,3504,2.13082,0,11.3284,2.30988,0,3400,63002632887
35.5366,28.14,55.0239,0,100,92,74,1411,3504,2.13082,0,11.3284,2.30988,0,3400,63030771342
40.0836,24.9479,55.0239,0,100,92,74,1411,3504,2.13082,0,11.3284,2.30988,0,3400,63055722554
37.4451,26.7058,55.0239,0,100,92,74,1411,3504,2.13082,0,11.3284,2.30988,0,3400,63082427378
39.3357,25.4222,55.0239,0,100,92,74,1411,3504,2.13082,0,11.3284,2.30988,0,3400,63107850671
36.5872,27.332,55.0239,0,100,92,74,1411,3504,2.13082,0,11.3284,2.30988,0,3400,63135183450
37.4324,26.7148,55.0239,0,100,92,74,1411,3504,2.13082,0,11.3284,2.30988,0,3400,63161900034
36.2592,27.5792,55.0239,0,100,92,74,1411,3504,2.13082,0,11.3284,2.30988,0,3400,63189480049
35.849,27.8947,55.0239,0,100,92,74,1411,3504,2.13082,0,11.3284,2.30988,0,3400,63217375034
37.8301,26.434,55.0239,0,100,92,74,1411,3504,2.13082,0,11.3284,2.30988,0,3400,63243810370
37.5111,26.6588,55.0239,0,100,92,74,1411,3504,2.13082,0,11.3284,2.30988,0,3400,63270470133
37.1013,26.9533,55.0239,0,100,92,74,1411,3504,2.13082,0,11.3284,2.30988,0,3400,63297423566
39.7967,25.1277,55.0239,0,100,92,74,1411,3504,2.13082,0,11.3284,2.30988,0,3400,63322552528
37.269,26.8319,55.0239,0,100,92,74,1411,3504,2.13082,0,11.3284,2.30988,0,3400,63349386055
38.3767,26.0575,55.0239,0,100,92,74,1411,3504,2.13082,0,11.3284,2.30988,0,3400,63375444065
39.8698,25.0816,55.0239,0,100,92,74,1411,3504,2.13082,0,11.3284,2.30988,0,3400,63400527243
37.5217,26.6513,55.0239,0,100,92,74,1411,3504,2.13082,0,11.3284,2.30988,0,3400,63427179482
39.417,25.3698,55.0239,0,100,92,74,1411,3504,2.13082,0,11.3284,2.30988,0,3400,63452550433
34.1248,29.3042,55.0239,0,100,92,74,1411,3504,2.13082,0,11.3284,2.30988,0,3400,63481867754
42.7124,23.4124,60.199,0,100,91,74,1449,3504,2.14333,0,11.351,2.30988,0,3400,63505270363
36.8855,27.1109,60.199,0,100,91,74,1449,3504,2.14333,0,11.351,2.30988,0,3400,63532405166
36.8909,27.1069,60.199,0,100,91,74,1449,3504,2.14333,0,11.351,2.30988,0,3400,63559494938
41.5864,24.0463,60.199,0,100,91,74,1449,3504,2.14333,0,11.351,2.30988,0,3400,63583538831
33.8847,29.5118,60.199,0,100,91,74,1449,3504,2.14333,0,11.351,2.30988,0,3400,63613051570
49.8075,20.0773,60.199,0,100,91,74,1449,3504,2.14333,0,11.351,2.30988,0,3400,63633132838
38.6549,25.87,60.199,0,100,91,74,1449,3504,2.14333,0,11.351,2.30988,0,3400,63659001531
12.9146,77.4318,60.199,0,100,91,74,1449,3504,2.14333,0,11.351,2.30988,0,3400,63736436944
35.6981,28.0127,60.199,0,100,91,74,1449,3504,2.14333,0,11.351,2.30988,0,3400,63764452651
111.716,8.95127,60.199,0,100,91,74,1449,3504,2.14333,0,11.351,2.30988,0,3400,63773403591
46.2554,21.6191,60.199,0,100,91,74,1449,3504,2.14333,0,11.351,2.30988,0,3400,63795024790
37.0506,26.9901,60.199,0,100,91,74,1449,3504,2.14333,0,11.351,2.30988,0,3400,63822018254
42.8982,23.311,60.199,0,100,91,74,1449,3504,2.14333,0,11.351,2.30988,0,3400,63845328422
34.08,29.3427,60.199,0,100,91,74,1449,3504,2.14333,0,11.351,2.30988,0,3400,63874674553
47.0114,21.2715,60.199,0,100,91,74,1449,3504,2.14333,0,11.351,2.30988,0,3400,63895946225
37.0693,26.9765,60.199,0,100,91,74,1449,3504,2.14333,0,11.351,2.30988,0,3400,63922923699
37.7869,26.4642,60.199,0,100,91,74,1449,3504,2.14333,0,11.351,2.30988,0,3400,63949388705
38.5769,25.9223,60.199,0,100,91,74,1449,3504,2.14333,0,11.351,2.30988,0,3400,63975313182
40.897,24.4516,60.199,0,100,91,74,1449,3504,2.14333,0,11.351,2.30988,0,3400,63999771098
38.3791,26.0558,61.7433,0,100,91,74,1462,3504,2.18069,0,11.334,2.30988,0,3400,64025825734
40.1061,24.9339,61.7433,0,100,91,74,1462,3504,2.18069,0,11.334,2.30988,0,3400,64050763783
37.8409,26.4265,61.7433,0,100,91,74,1462,3504,2.18069,0,11.334,2.30988,0,3400,64077187680
38.1699,26.1987,61.7433,0,100,91,74,1462,3504,2.18069,0,11.334,2.30988,0,3400,64103387180
38.1081,26.2412,61.7433,0,100,91,74,1462,3504,2.18069,0,11.334,2.30988,0,3400,64129631533
38.6055,25.903,61.7433,0,100,91,74,1462,3504,2.18069,0,11.334,2.30988,0,3400,64155537900
39.6546,25.2178,61.7433,0,100,91,74,1462,3504,2.18069,0,11.334,2.30988,0,3400,64180755265
37.7584,26.4842,61.7433,0,100,91,74,1462,3504,2.18069,0,11.334,2.30988,0,3400,64207242204
40.201,24.875,61.7433,0,100,91,74,1462,3504,2.18069,0,11.334,2.30988,0,3400,64232116543
38.3278,26.0907,61.7433,0,100,91,74,1462,3504,2.18069,0,11.334,2.30988,0,3400,64258208931
39.8887,25.0698,61.7433,0,100,91,74,1462,3504,2.18069,0,11.334,2.30988,0,3400,64283280665
38.6373,25.8817,61.7433,0,100,91,74,1462,3504,2.18069,0,11.334,2.30988,0,3400,64309163209
37.7126,26.5163,61.7433,0,100,91,74,1462,3504,2.18069,0,11.334,2.30988,0,3400,64335681223
42.0038,23.8074,61.7433,0,100,91,74,1462,3504,2.18069,0,11.334,2.30988,0,3400,64359489831
38.2748,26.1268,61.7433,0,100,91,74,1462,3504,2.18069,0,11.334,2.30988,0,3400,64385620360
35.8737,27.8756,61.7433,0,100,91,74,1462,3504,2.18069,0,11.334,2.30988,0,3400,64413497453
40.001,24.9994,61.7433,0,100,91,74,1462,3504,2.18069,0,11.334,2.30988,0,3400,64438497003
39.2326,25.489,61.7433,0,100,91,74,1462,3504,2.18069,0,11.334,2.30988,0,3400,64463986396
39.6929,25.1934,61.7433,0,100,91,74,1462,3504,2.18069,0,11.334,2.30988,0,3400,64489180975
38.2292,26.158,61.7433,0,100,91,74,1462,3504,2.18069,0,11.334,2.30988,0,3400,64515343257
38.2028,26.1761,49.1484,0,93,88,73,1450,3504,2.2485,0,11.3452,2.30988,0,3400,64541516635
40.6058,24.627,49.1484,0,93,88,73,1450,3504,2.2485,0,11.3452,2.30988,0,3400,64566144508
35.7808,27.948,49.1484,0,93,88,73,1450,3504,2.2485,0,11.3452,2.30988,0,3400,64594095561
41.0097,24.3845,49.1484,0,93,88,73,1450,3504,2.2485,0,11.3452,2.30988,0,3400,64618497745
36.3001,27.5482,49.1484,0,93,88,73,1450,3504,2.2485,0,11.3452,2.30988,0,3400,64646036150
38.074,26.2647,49.1484,0,93,88,73,1450,3504,2.2485,0,11.3452,2.30988,0,3400,64672297634
39.7783,25.1394,49.1484,0,93,88,73,1450,3504,2.2485,0,11.3452,2.30988,0,3400,64697438105
36.1361,27.6732,49.1484,0,93,88,73,1450,3504,2.2485,0,11.3452,2.30988,0,3400,64725112277
38.7406,25.8127,49.1484,0,93,88,73,1450,3504,2.2485,0,11.3452,2.30988,0,3400,64750927535
36.5932,27.3275,49.1484,0,93,88,73,1450,3504,2.2485,0,11.3452,2.30988,0,3400,64778255311
40.7432,24.544,49.1484,0,93,88,73,1450,3504,2.2485,0,11.3452,2.30988,0,3400,64802799797
37.8361,26.4298,49.1484,0,93,88,73,1450,3504,2.2485,0,11.3452,2.30988,0,3400,64829232945
38.349,26.0763,49.1484,0,93,88,73,1450,3504,2.2485,0,11.3452,2.30988,0,3400,64855308090
39.3296,25.4262,49.1484,0,93,88,73,1450,3504,2.2485,0,11.3452,2.30988,0,3400,64880736690
38.9222,25.6923,49.1484,0,93,88,73,1450,3504,2.2485,0,11.3452,2.30988,0,3400,64906429193
38.2794,26.1237,49.1484,0,93,88,73,1450,3504,2.2485,0,11.3452,2.30988,0,3400,64932554331
37.1485,26.919,49.1484,0,93,88,73,1450,3504,2.2485,0,11.3452,2.30988,0,3400,64959474921
42.4912,23.5343,49.1484,0,93,88,73,1450,3504,2.2485,0,11.3452,2.30988,0,3400,64983011709
37.8801,26.3991,49.1484,0,93,88,73,1450,3504,2.2485,0,11.3452,2.30988,0,3400,65009410071
38.1155,26.236,49.1484,0,93,88,73,1450,3504,2.2485,0,11.3452,2.30988,0,3400,65035651571
38.5513,25.9395,60.8273,0,100,88,74,1445,3504,2.26018,0,11.3402,2.30988,0,3409,65061587599
40.9944,24.3936,60.8273,0,100,88,74,1445,3504,2.26018,0,11.3402,2.30988,0,3409,65085983955
40.3649,24.774,60.8273,0,100,88,74,1445,3504,2.26018,0,11.3402,2.30988,0,3409,65110760280
38.8974,25.7087,60.8273,0,100,88,74,1445,3504,2.26018,0,11.3402,2.30988,0,3409,65136474236
37.3649,26.7631,60.8273,0,100,88,74,1445,3504,2.26018,0,11.3402,2.30988,0,3409,65163235749
38.7205,25.8261,60.8273,0,100,88,74,1445,3504,2.26018,0,11.3402,2.30988,0,3409,65189081468
37.8354,26.4303,60.8273,0,100,88,74,1445,3504,2.26018,0,11.3402,2.30988,0,3409,65215511941
38.2961,26.1123,60.8273,0,100,88,74,1445,3504,2.26018,0,11.3402,2.30988,0,3409,65241608378
38.7823,25.785,60.8273,0,100,88,74,1445,3504,2.26018,0,11.3402,2.30988,0,3409,65267393382
37.9639,26.3408,60.8273,0,100,88,74,1445,3504,2.26018,0,11.3402,2.30988,0,3409,65293737268
38.1866,26.1872,60.8273,0,100,88,74,1445,3504,2.26018,0,11.3402,2.30988,0,3409,65319924476
40.6534,24.5982,60.8273,0,100,88,74,1445,3504,2.26018,0,11.3402,2.30988,0,3409,65344525715
39.8851,25.072,60.8273,0,100,88,74,1445,3504,2.26018,0,11.3402,2.30988,0,3409,65369599077
39.3921,25.3858,60.8273,0,100,88,74,1445,3504,2.26018,0,11.3402,2.30988,0,3409,65394985109
41.1291,24.3137,60.8273,0,100,88,74,1445,3504,2.26018,0,11.3402,2.30988,0,3409,65419299525
38.6583,25.8677,60.8273,0,100,88,74,1445,3504,2.26018,0,11.3402,2.30988,0,3409,65445168522
38.1349,26.2227,60.8273,0,100,88,74,1445,3504,2.26018,0,11.3402,2.30988,0,3409,65471392870
41.4457,24.128,60.8273,0,100,88,74,1445,3504,2.26018,0,11.3402,2.30988,0,3409,65495521566
39.1814,25.5223,60.8273,0,100,88,74,1445,3504,2.26018,0,11.3402,2.30988,0,3409,65521045561
38.4303,26.0212,60.8273,0,100,88,74,1445,3504,2.26018,0,11.3402,2.30988,0,3409,65547072543
40.9202,24.4378,55.1724,0,100,92,74,1450,3504,2.27252,0,11.3753,2.30988,0,3400,65571507317
39.9246,25.0472,55.1724,0,100,92,74,1450,3504,2.27252,0,11.3753,2.30988,0,3400,65596556065
44.6925,22.3751,55.1724,0,100,92,74,1450,3504,2.27252,0,11.3753,2.30988,0,3400,65618932659
30.2888,33.0155,55.1724,0,100,92,74,1450,3504,2.27252,0,11.3753,2.30988,0,3400,65651947954
58.7113,17.0325,55.1724,0,100,92,74,1450,3504,2.27252,0,11.3753,2.30988,0,3400,65668981849
40.6131,24.6226,55.1724,0,100,92,74,1450,3504,2.27252,0,11.3753,2.30988,0,3400,65693606150
39.6014,25.2516,55.1724,0,100,92,74,1450,3504,2.27252,0,11.3753,2.30988,0,3400,65718858270
41.3119,24.2061,55.1724,0,100,92,74,1450,3504,2.27252,0,11.3753,2.30988,0,3400,65743066054
17.5179,57.0844,55.1724,0,100,92,74,1450,3504,2.27252,0,11.3753,2.30988,0,3400,65800152108
115.168,8.683,55.1724,0,100,92,74,1450,3504,2.27252,0,11.3753,2.30988,0,3400,65808835524
44.8252,22.3089,55.1724,0,100,92,74,1450,3504,2.27252,0,11.3753,2.30988,0,3400,65831150372
40.9018,24.4488,55.1724,0,100,92,74,1450,3504,2.27252,0,11.3753,2.30988,0,3400,65855599146
43.6731,22.8974,55.1724,0,100,92,74,1450,3504,2.27252,0,11.3753,2.30988,0,3400,65878497796
42.7539,23.3897,55.1724,0,100,92,74,1450,3504,2.27252,0,11.3753,2.30988,0,3400,65901888466
42.3756,23.5985,55.1724,0,100,92,74,1450,3504,2.27252,0,11.3753,2.30988,0,3400,65925488309
39.5107,25.3096,55.1724,0,100,92,74,1450,3504,2.27252,0,11.3753,2.30988,0,3400,65950797606
44.0578,22.6974,55.1724,0,100,92,74,1450,3504,2.27252,0,11.3753,2.30988,0,3400,65973497677
41.5457,24.0699,55.1724,0,100,92,74,1450,3504,2.27252,0,11.3753,2.30988,0,3400,65997567701
41.0292,24.3729,55.1724,0,100,92,74,1450,3504,2.27252,0,11.3753,2.30988,0,3400,66021942221
42.507,23.5255,55.1724,0,100,92,74,1450,3504,2.27252,0,11.3753,2.30988,0,3400,66045467589
43.4664,23.0063,55.1724,0,100,92,74,1450,3504,2.27252,0,11.3753,2.30988,0,3400,66068480373
41.605,24.0356,62.7358,0,100,92,74,1486,3504,2.27307,0,11.3427,2.30988,0,3400,66092512129
40.8259,24.4943,62.7358,0,100,92,74,1486,3504,2.27307,0,11.3427,2.30988,0,3400,66117009406
40.6415,24.6054,62.7358,0,100,92,74,1486,3504,2.27307,0,11.3427,2.30988,0,3400,66141615367
42.8512,23.3366,62.7358,0,100,92,74,1486,3504,2.27307,0,11.3427,2.30988,0,3400,66164953815
41.2267,24.2561,62.7358,0,100,92,74,1486,3504,2.27307,0,11.3427,2.30988,0,3400,66189209584
43.2181,23.1384,62.7358,0,100,92,74,1486,3504,2.27307,0,11.3427,2.30988,0,3400,66212367699
41.1606,24.2951,62.7358,0,100,92,74,1486,3504,2.27307,0,11.3427,2.30988,0,3400,66236646058
39.3768,25.3957,62.7358,0,100,92,74,1486,3504,2.27307,0,11.3427,2.30988,0,3400,66262056192
45.1056,22.1702,62.7358,0,100,92,74,1486,3504,2.27307,0,11.3427,2.30988,0,3400,66284213807
40.2237,24.861,62.7358,0,100,92,74,1486,3504,2.27307,0,11.3427,2.30988,0,3400,66309076603
44.248,22.5999,62.7358,0,100,92,74,1486,3504,2.27307,0,11.3427,2.30988,0,3400,66331682848
41.4929,24.1005,62.7358,0,100,92,74,1486,3504,2.27307,0,11.3427,2.30988,0,3400,66355783686
41.8221,23.9108,62.7358,0,100,92,74,1486,3504,2.27307,0,11.3427,2.30988,0,3400,66379694316
41.5363,24.0753,62.7358,0,100,92,74,1486,3504,2.27307,0,11.3427,2.30988,0,3400,66403773084
41.605,24.0356,62.7358,0,100,92,74,1486,3504,2.27307,0,11.3427,2.30988,0,3400,66427808904
42.5104,23.5236,62.7358,0,100,92,74,1486,3504,2.27307,0,11.3427,2.30988,0,3400,66451333747
38.6788,25.8539,62.7358,0,100,92,74,1486,3504,2.27307,0,11.3427,2.30988,0,3400,66477188686
40.5145,24.6825,62.7358,0,100,92,74,1486,3504,2.27307,0,11.3427,2.30988,0,3400,66501873035
42.7662,23.383,62.7358,0,100,92,74,1486,3504,2.27307,0,11.3427,2.30988,0,3400,66525255945
44.0802,22.6859,62.7358,0,100,92,74,1486,3504,2.27307,0,11.3427,2.30988,0,3400,66547943515
42.4994,23.5298,62.7358,0,100,92,74,1486,3504,2.27307,0,11.3427,2.30988,0,3400,66571479940
41.4569,24.1215,44.75,0,97,91,75,1548,3504,2.27307,0,11.3618,2.30988,0,3431,66595596666
39.8787,25.076,44.75,0,97,91,75,1548,3504,2.27307,0,11.3618,2.30988,0,3431,66620674001
42.0363,23.789,44.75,0,97,91,75,1548,3504,2.27307,0,11.3618,2.30988,0,3431,66644463371
43.428,23.0266,44.75,0,97,91,75,1548,3504,2.27307,0,11.3618,2.30988,0,3431,66667490844
40.2389,24.8516,44.75,0,97,91,75,1548,3504,2.27307,0,11.3618,2.30988,0,3431,66692343339
42.2994,23.641,44.75,0,97,91,75,1548,3504,2.27307,0,11.3618,2.30988,0,3431,66715985463
42.047,23.7829,44.75,0,97,91,75,1548,3504,2.27307,0,11.3618,2.30988,0,3431,66739770268
40.7103,24.5638,44.75,0,97,91,75,1548,3504,2.27307,0,11.3618,2.30988,0,3431,66764334765
42.3344,23.6215,44.75,0,97,91,75,1548,3504,2.27307,0,11.3618,2.30988,0,3431,66787956675
42.7765,23.3773,44.75,0,97,91,75,1548,3504,2.27307,0,11.3618,2.30988,0,3431,66811335167
41.5505,24.0671,44.75,0,97,91,75,1548,3504,2.27307,0,11.3618,2.30988,0,3431,66835403371
42.384,23.5938,44.75,0,97,91,75,1548,3504,2.27307,0,11.3618,2.30988,0,3431,66858997381
41.1317,24.3122,44.75,0,97,91,75,1548,3504,2.27307,0,11.3618,2.30988,0,3431,66883311375
40.9175,24.4394,44.75,0,97,91,75,1548,3504,2.27307,0,11.3618,2.30988,0,3431,66907774216
39.7035,25.1867,44.75,0,97,91,75,1548,3504,2.27307,0,11.3618,2.30988,0,3431,66932942190
45.2404,22.1041,44.75,0,97,91,75,1548,3504,2.27307,0,11.3618,2.30988,0,3431,66955043799
39.9861,25.0087,44.75,0,97,91,75,1548,3504,2.27307,0,11.3618,2.30988,0,3431,66980054761
41.1415,24.3064,44.75,0,97,91,75,1548,3504,2.27307,0,11.3618,2.30988,0,3431,67004362192
43.5565,22.9587,44.75,0,97,91,75,1548,3504,2.27307,0,11.3618,2.30988,0,3431,67027321530
42.2715,23.6566,44.75,0,97,91,75,1548,3504,2.27307,0,11.3618,2.30988,0,3431,67050980257
41.997,23.8112,44.75,0,97,91,75,1548,3504,2.27307,0,11.3618,2.30988,0,3431,67074797449
41.1638,24.2932,42.7136,0,97,91,75,1548,3504,2.27307,0,11.3662,2.30988,0,3457,67099085861
40.8354,24.4885,42.7136,0,97,91,75,1548,3504,2.27307,0,11.3662,2.30988,0,3457,67123575584
43.8928,22.7828,42.7136,0,97,91,75,1548,3504,2.27307,0,11.3662,2.30988,0,3457,67146359454
41.0251,24.3753,42.7136,0,97,91,75,1548,3504,2.27307,0,11.3662,2.30988,0,3457,67170735526
42.547,23.5034,42.7136,0,97,91,75,1548,3504,2.27307,0,11.3662,2.30988,0,3457,67194241075
41.227,24.2559,42.7136,0,97,91,75,1548,3504,2.27307,0,11.3662,2.30988,0,3457,67218511109
41.9396,23.8438,42.7136,0,97,91,75,1548,3504,2.27307,0,11.3662,2.30988,0,3457,67242346357
42.0468,23.783,42.7136,0,97,91,75,1548,3504,2.27307,0,11.3662,2.30988,0,3457,67266130754
39.3815,25.3926,42.7136,0,97,91,75,1548,3504,2.27307,0,11.3662,2.30988,0,3457,67291524935
42.3553,23.6098,42.7136,0,97,91,75,1548,3504,2.27307,0,11.3662,2.30988,0,3457,67315136286
42.2214,23.6847,42.7136,0,97,91,75,1548,3504,2.27307,0,11.3662,2.30988,0,3457,67338822200
43.3779,23.0532,42.7136,0,97,91,75,1548,3504,2.27307,0,11.3662,2.30988,0,3457,67361875252
40.6179,24.6197,42.7136,0,97,91,75,1548,3504,2.27307,0,11.3662,2.30988,0,3457,67386495432
41.3331,24.1937,42.7136,0,97,91,75,1548,3504,2.27307,0,11.3662,2.30988,0,3457,67410692784
42.0329,23.7909,42.7136,0,97,91,75,1548,3504,2.27307,0,11.3662,2.30988,0,3457,67434483797
42.3709,23.6011,42.7136,0,97,91,75,1548,3504,2.27307,0,11.3662,2.30988,0,3457,67458086154
42.1947,23.6997,42.7136,0,97,91,75,1548,3504,2.27307,0,11.3662,2.30988,0,3457,67481786644
41.4561,24.1219,42.7136,0,97,91,75,1548,3504,2.27307,0,11.3662,2.30988,0,3457,67505910246
40.8087,24.5046,42.7136,0,97,91,75,1548,3504,2.27307,0,11.3662,2.30988,0,3457,67530415394
41.9764,23.8229,42.7136,0,97,91,75,1548,3504,2.27307,0,11.3662,2.30988,0,3457,67554250744
42.1672,23.7151,42.7136,0,97,91,75,1548,3504,2.27307,0,11.3662,2.30988,0,3457,67577964899
42.3154,23.632,46.384,0,100,90,75,1544,3504,2.27307,0,11.3896,2.30988,0,3400,67601594051
40.3611,24.7763,46.384,0,100,90,75,1544,3504,2.27307,0,11.3896,2.30988,0,3400,67626383047
43.3475,23.0694,46.384,0,100,90,75,1544,3504,2.27307,0,11.3896,2.30988,0,3400,67649442095
40.294,24.8176,46.384,0,100,90,75,1544,3504,2.27307,0,11.3896,2.30988,0,3400,67674260408
42.8967,23.3118,46.384,0,100,90,75,1544,3504,2.27307,0,11.3896,2.30988,0,3400,67697573729
40.9429,24.4243,46.384,0,100,90,75,1544,3504,2.27307,0,11.3896,2.30988,0,3400,67721998908
44.1243,22.6632,46.384,0,100,90,75,1544,3504,2.27307,0,11.3896,2.30988,0,3400,67744662859
41.4767,24.1099,46.384,0,100,90,75,1544,3504,2.27307,0,11.3896,2.30988,0,3400,67768773629
41.2848,24.222,46.384,0,100,90,75,1544,3504,2.27307,0,11.3896,2.30988,0,3400,67792996147
41.0341,24.37,46.384,0,100,90,75,1544,3504,2.27307,0,11.3896,2.30988,0,3400,67817366340
42.2664,23.6595,46.384,0,100,90,75,1544,3504,2.27307,0,11.3896,2.30988,0,3400,67841027547
42.2906,23.6459,46.384,0,100,90,75,1544,3504,2.27307,0,11.3896,2.30988,0,3400,67864674464
41.0967,24.3328,46.384,0,100,90,75,1544,3504,2.27307,0,11.3896,2.30988,0,3400,67889007887
42.061,23.775,46.384,0,100,90,75,1544,3504,2.27307,0,11.3896,2.30988,0,3400,67912786017
43.0494,23.2291,46.384,0,100,90,75,1544,3504,2.27307,0,11.3896,2.30988,0,3400,67936015492
41.6844,23.9898,46.384,0,100,90,75,1544,3504,2.27307,0,11.3896,2.30988,0,3400,67960006139
40.6059,24.627,46.384,0,100,90,75,1544,3504,2.27307,0,11.3896,2.30988,0,3400,67984634930
43.6183,22.9262,46.384,0,100,90,75,1544,3504,2.27307,0,11.3896,2.30988,0,3400,68007560459
40.6774,24.5837,46.384,0,100,90,75,1544,3504,2.27307,0,11.3896,2.30988,0,3400,68032147068
42.8449,23.34,46.384,0,100,90,75,1544,3504,2.27307,0,11.3896,2.30988,0,3400,68055487232
42.3115,23.6343,46.384,0,100,90,75,1544,3504,2.27307,0,11.3896,2.30988,0,3400,68079126959
41.1478,24.3026,43.7186,0,100,90,75,1545,3504,2.27307,0,11.3826,2.30988,0,3400,68103428363
40.9884,24.3971,43.7186,0,100,90,75,1545,3504,2.27307,0,11.3826,2.30988,0,3400,68127824923
42.7999,23.3645,43.7186,0,100,90,75,1545,3504,2.27307,0,11.3826,2.30988,0,3400,68151189997
41.4202,24.1428,43.7186,0,100,90,75,1545,3504,2.27307,0,11.3826,2.30988,0,3400,68175334659
43.0653,23.2205,43.7186,0,100,90,75,1545,3504,2.27307,0,11.3826,2.30988,0,3400,68198556873
42.8267,23.3499,43.7186,0,100,90,75,1545,3504,2.27307,0,11.3826,2.30988,0,3400,68221908345
39.7513,25.1564,43.7186,0,100,90,75,1545,3504,2.27307,0,11.3826,2.30988,0,3400,68247064992
43.4039,23.0394,43.7186,0,100,90,75,1545,3504,2.27307,0,11.3826,2.30988,0,3400,68270106216
41.9105,23.8604,43.7186,0,100,90,75,1545,3504,2.27307,0,11.3826,2.30988,0,3400,68293967311
41.2087,24.2667,43.7186,0,100,90,75,1545,3504,2.27307,0,11.3826,2.30988,0,3400,68318235555
41.5623,24.0603,43.7186,0,100,90,75,1545,3504,2.27307,0,11.3826,2.30988,0,3400,68342295725
43.5085,22.984,43.7186,0,100,90,75,1545,3504,2.27307,0,11.3826,2.30988,0,3400,68365280207
39.8316,25.1057,43.7186,0,100,90,75,1545,3504,2.27307,0,11.3826,2.30988,0,3400,68390387461
41.116,24.3214,43.7186,0,100,90,75,1545,3504,2.27307,0,11.3826,2.30988,0,3400,68414710009
44.6446,22.3991,43.7186,0,100,90,75,1545,3504,2.27307,0,11.3826,2.30988,0,3400,68437111367
42.2393,23.6746,43.7186,0,100,90,75,1545,3504,2.27307,0,11.3826,2.30988,0,3400,68460786371
40.2335,24.8549,43.7186,0,100,90,75,1545,3504,2.27307,0,11.3826,2.30988,0,3400,68485642690
42.3279,23.6251,43.7186,0,100,90,75,1545,3504,2.27307,0,11.3826,2.30988,0,3400,68509269140
42.9142,23.3023,43.7186,0,100,90,75,1545,3504,2.27307,0,11.3826,2.30988,0,3400,68532587591
40.4501,24.7218,43.7186,0,100,90,75,1545,3504,2.27307,0,11.3826,2.30988,0,3400,68557294716
40.0659,24.9589,43.7186,0,100,90,75,1545,3504,2.27307,0,11.3826,2.30988,0,3400,68582263003
42.4908,23.5345,43.7975,0,100,91,75,1544,3504,2.27307,0,11.3826,2.30988,0,3400,68605789978
45.3512,22.0501,43.7975,0,100,91,75,1544,3504,2.27307,0,11.3826,2.30988,0,3400,68627843440
43.7566,22.8537,43.7975,0,100,91,75,1544,3504,2.27307,0,11.3826,2.30988,0,3400,68650697763
44.3255,22.5604,43.7975,0,100,91,75,1544,3504,2.27307,0,11.3826,2.30988,0,3400,68673257940
44.3212,22.5626,43.7975,0,100,91,75,1544,3504,2.27307,0,11.3826,2.30988,0,3400,68695821202
41.4619,24.1185,43.7975,0,100,91,75,1544,3504,2.27307,0,11.3826,2.30988,0,3400,68719939826
47.6446,20.9887,43.7975,0,100,91,75,1544,3504,2.27307,0,11.3826,2.30988,0,3400,68740930208
41.8403,23.9004,43.7975,0,100,91,75,1544,3504,2.27307,0,11.3826,2.30988,0,3400,68764831816
42.7845,23.3729,43.7975,0,100,91,75,1544,3504,2.27307,0,11.3826,2.30988,0,3400,68788205055
46.7287,21.4001,43.7975,0,100,91,75,1544,3504,2.27307,0,11.3826,2.30988,0,3400,68809606224
43.0838,23.2106,43.7975,0,100,91,75,1544,3504,2.27307,0,11.3826,2.30988,0,3400,68832817585
42.6323,23.4564,43.7975,0,100,91,75,1544,3504,2.27307,0,11.3826,2.30988,0,3400,68856287228
43.6427,22.9134,43.7975,0,100,91,75,1544,3504,2.27307,0,11.3826,2.30988,0,3400,68879201781
44.385,22.5301,43.7975,0,100,91,75,1544,3504,2.27307,0,11.3826,2.30988,0,3400,68901719822
45.0062,22.2192,43.7975,0,100,91,75,1544,3504,2.27307,0,11.3826,2.30988,0,3400,68923940310
44.081,22.6855,43.7975,0,100,91,75,1544,3504,2.27307,0,11.3826,2.30988,0,3400,68946628143
40.6909,24.5755,43.7975,0,100,91,75,1544,3504,2.27307,0,11.3826,2.30988,0,3400,68971202809
47.744,20.945,43.7975,0,100,91,75,1544,3504,2.27307,0,11.3826,2.30988,0,3400,68992149475
43.5552,22.9594,43.7975,0,100,91,75,1544,3504,2.27307,0,11.3826,2.30988,0,3400,69015108928
43.417,23.0324,43.7975,0,100,91,75,1544,3504,2.27307,0,11.3826,2.30988,0,3400,69038145304
44.2705,22.5884,43.7975,0,100,91,75,1544,3504,2.27307,0,11.3826,2.30988,0,3400,69060745754
42.3088,23.6357,43.7975,0,100,91,75,1544,3504,2.27307,0,11.3826,2.30988,0,3400,69084374919
45.1399,22.1533,47.1178,0,100,91,76,1583,3504,2.27307,0,11.3786,2.30988,0,3404,69106525872
45.0757,22.1849,47.1178,0,100,91,76,1583,3504,2.27307,0,11.3786,2.30988,0,3404,69128710237
45.1985,22.1246,47.1178,0,100,91,76,1583,3504,2.27307,0,11.3786,2.30988,0,3404,69150835707
42.4775,23.5419,47.1178,0,100,91,76,1583,3504,2.27307,0,11.3786,2.30988,0,3404,69174378245
41.4984,24.0973,47.1178,0,100,91,76,1583,3504,2.27307,0,11.3786,2.30988,0,3404,69198494779
41.7944,23.9266,47.1178,0,100,91,76,1583,3504,2.27307,0,11.3786,2.30988,0,3404,69222405295
46.3377,21.5807,47.1178,0,100,91,76,1583,3504,2.27307,0,11.3786,2.30988,0,3404,69243987074
45.2315,22.1085,47.1178,0,100,91,76,1583,3504,2.27307,0,11.3786,2.30988,0,3404,69266096355
40.9323,24.4306,47.1178,0,100,91,76,1583,3504,2.27307,0,11.3786,2.30988,0,3404,69290527718
43.2182,23.1384,47.1178,0,100,91,76,1583,3504,2.27307,0,11.3786,2.30988,0,3404,69313667497
45.9898,21.7439,47.1178,0,100,91,76,1583,3504,2.27307,0,11.3786,2.30988,0,3404,69335412512
41.6074,24.0342,47.1178,0,100,91,76,1583,3504,2.27307,0,11.3786,2.30988,0,3404,69359447089
44.4286,22.508,47.1178,0,100,91,76,1583,3504,2.27307,0,11.3786,2.30988,0,3404,69381956807
42.0011,23.8089,47.1178,0,100,91,76,1583,3504,2.27307,0,11.3786,2.30988,0,3404,69405767128
44.1969,22.626,47.1178,0,100,91,76,1583,3504,2.27307,0,11.3786,2.30988,0,3404,69428393176
43.2594,23.1163,47.1178,0,100,91,76,1583,3504,2.27307,0,11.3786,2.30988,0,3404,69451511933
41.8064,23.9198,47.1178,0,100,91,76,1583,3504,2.27307,0,11.3786,2.30988,0,3404,69475431090
43.8727,22.7932,47.1178,0,100,91,76,1583,3504,2.27307,0,11.3786,2.30988,0,3404,69498225326
42.8868,23.3172,47.1178,0,100,91,76,1583,3504,2.27307,0,11.3786,2.30988,0,3404,69521544000
42.7531,23.3901,47.1178,0,100,91,76,1583,3504,2.27307,0,11.3786,2.30988,0,3404,69544936491
42.1269,23.7378,47.1178,0,100,91,76,1583,3504,2.27307,0,11.3786,2.30988,0,3404,69568674469
42.4269,23.57,47.1178,0,100,91,76,1583,3504,2.27307,0,11.3786,2.30988,0,3404,69592253240
45.8,21.834,50.1229,0,100,91,77,1643,3504,2.27307,0,11.3797,2.30988,0,3400,69614081892
42.7172,23.4098,50.1229,0,100,91,77,1643,3504,2.27307,0,11.3797,2.30988,0,3400,69637493350
42.9647,23.2749,50.1229,0,100,91,77,1643,3504,2.27307,0,11.3797,2.30988,0,3400,69660781705
42.6648,23.4385,50.1229,0,100,91,77,1643,3504,2.27307,0,11.3797,2.30988,0,3400,69684210533
43.3391,23.0739,50.1229,0,100,91,77,1643,3504,2.27307,0,11.3797,2.30988,0,3400,69707296922
45.6798,21.8915,50.1229,0,100,91,77,1643,3504,2.27307,0,11.3797,2.30988,0,3400,69729189334
42.6389,23.4528,50.1229,0,100,91,77,1643,3504,2.27307,0,11.3797,2.30988,0,3400,69752644356
43.8598,22.7999,50.1229,0,100,91,77,1643,3504,2.27307,0,11.3797,2.30988,0,3400,69775445947
42.9527,23.2814,50.1229,0,100,91,77,1643,3504,2.27307,0,11.3797,2.30988,0,3400,69798727549
41.3944,24.1578,50.1229,0,100,91,77,1643,3504,2.27307,0,11.3797,2.30988,0,3400,69822887018
45.2888,22.0805,50.1229,0,100,91,77,1643,3504,2.27307,0,11.3797,2.30988,0,3400,69844969411
41.6069,24.0345,50.1229,0,100,91,77,1643,3504,2.27307,0,11.3797,2.30988,0,3400,69869004163
45.9464,21.7645,50.1229,0,100,91,77,1643,3504,2.27307,0,11.3797,2.30988,0,3400,69890769995
41.9548,23.8352,50.1229,0,100,91,77,1643,3504,2.27307,0,11.3797,2.30988,0,3400,69914605278
44.2638,22.5918,50.1229,0,100,91,77,1643,3504,2.27307,0,11.3797,2.30988,0,3400,69937198993
43.8045,22.8287,50.1229,0,100,91,77,1643,3504,2.27307,0,11.3797,2.30988,0,3400,69960028295
43.0329,23.2381,50.1229,0,100,91,77,1643,3504,2.27307,0,11.3797,2.30988,0,3400,69983268339
42.3841,23.5938,50.1229,0,100,91,77,1643,3504,2.27307,0,11.3797,2.30988,0,3400,70006863090
44.4454,22.4995,50.1229,0,100,91,77,1643,3504,2.27307,0,11.3797,2.30988,0,3400,70029364600
42.9374,23.2897,50.1229,0,100,91,77,1643,3504,2.27307,0,11.3797,2.30988,0,3400,70052654191
42.8569,23.3335,50.1229,0,100,91,77,1643,3504,2.27307,0,11.3797,2.30988,0,3400,70075989937
44.4363,22.5041,50.1229,0,100,91,77,1643,3504,2.27307,0,11.3797,2.30988,0,3400,70098511448
42.8286,23.3489,45.6098,0,100,91,77,1645,3504,2.27307,0,11.3961,2.30988,0,3400,70121844460
45.3238,22.0635,45.6098,0,100,91,77,1645,3504,2.27307,0,11.3961,2.30988,0,3400,70143909757
41.6675,23.9995,45.6098,0,100,91,77,1645,3504,2.27307,0,11.3961,2.30988,0,3400,70167910820
44.2577,22.595,45.6098,0,100,91,77,1645,3504,2.27307,0,11.3961,2.30988,0,3400,70190506641
44.7266,22.3581,45.6098,0,100,91,77,1645,3504,2.27307,0,11.3961,2.30988,0,3400,70212865791
42.4572,23.5531,45.6098,0,100,91,77,1645,3504,2.27307,0,11.3961,2.30988,0,3400,70236419807
43.327,23.0803,45.6098,0,100,91,77,1645,3504,2.27307,0,11.3961,2.30988,0,3400,70259519881
43.5987,22.9364,45.6098,0,100,91,77,1645,3504,2.27307,0,11.3961,2.30988,0,3400,70282441821
42.0163,23.8003,45.6098,0,100,91,77,1645,3504,2.27307,0,11.3961,2.30988,0,3400,70306258996
46.9073,21.3187,45.6098,0,100,91,77,1645,3504,2.27307,0,11.3961,2.30988,0,3400,70327561081
42.3247,23.6268,45.6098,0,100,91,77,1645,3504,2.27307,0,11.3961,2.30988,0,3400,70351189175
44.9834,22.2304,45.6098,0,100,91,77,1645,3504,2.27307,0,11.3961,2.30988,0,3400,70373421408
41.8636,23.8871,45.6098,0,100,91,77,1645,3504,2.27307,0,11.3961,2.30988,0,3400,70397310126
45.9175,21.7782,45.6098,0,100,91,77,1645,3504,2.27307,0,11.3961,2.30988,0,3400,70419088720
43.1144,23.1941,45.6098,0,100,91,77,1645,3504,2.27307,0,11.3961,2.30988,0,3400,70442285446
44.6779,22.3824,45.6098,0,100,91,77,1645,3504,2.27307,0,11.3961,2.30988,0,3400,70464669209
44.6309,22.406,45.6098,0,100,91,77,1645,3504,2.27307,0,11.3961,2.30988,0,3400,70487076211
42.3976,23.5862,45.6098,0,100,91,77,1645,3504,2.27307,0,11.3961,2.30988,0,3400,70510665330
43.1062,23.1985,45.6098,0,100,91,77,1645,3504,2.27307,0,11.3961,2.30988,0,3400,70533862693
44.2473,22.6002,45.6098,0,100,91,77,1645,3504,2.27307,0,11.3961,2.30988,0,3400,70556464203
44.0273,22.7132,45.6098,0,100,91,77,1645,3504,2.27307,0,11.3961,2.30988,0,3400,70579178551
43.1643,23.1673,45.6098,0,100,91,77,1645,3504,2.27307,0,11.3961,2.30988,0,3400,70602352157
44.2682,22.5896,44.1396,0,100,88,77,1645,3504,2.27307,0,11.3961,2.30988,0,3400,70624938266
42.1428,23.7288,44.1396,0,100,88,77,1645,3504,2.27307,0,11.3961,2.30988,0,3400,70648669788
45.4045,22.0242,44.1396,0,100,88,77,1645,3504,2.27307,0,11.3961,2.30988,0,3400,70670694071
42.2063,23.6931,44.1396,0,100,88,77,1645,3504,2.27307,0,11.3961,2.30988,0,3400,70694388337
45.2817,22.084,44.1396,0,100,88,77,1645,3504,2.27307,0,11.3961,2.30988,0,3400,70716474029
45.2018,22.123,44.1396,0,100,88,77,1645,3504,2.27307,0,11.3961,2.30988,0,3400,70738597626
42.3553,23.6098,44.1396,0,100,88,77,1645,3504,2.27307,0,11.3961,2.30988,0,3400,70762208243
45.686,21.8885,44.1396,0,100,88,77,1645,3504,2.27307,0,11.3961,2.30988,0,3400,70784097299
44.8097,22.3166,44.1396,0,100,88,77,1645,3504,2.27307,0,11.3961,2.30988,0,3400,70806416045
43.6312,22.9194,44.1396,0,100,88,77,1645,3504,2.27307,0,11.3961,2.30988,0,3400,70829335756
42.0791,23.7648,44.1396,0,100,88,77,1645,3504,2.27307,0,11.3961,2.30988,0,3400,70853102145
45.0381,22.2034,44.1396,0,100,88,77,1645,3504,2.27307,0,11.3961,2.30988,0,3400,70875305451
41.6912,23.9859,44.1396,0,100,88,77,1645,3504,2.27307,0,11.3961,2.30988,0,3400,70899292912
39.4507,25.3481,44.1396,0,100,88,77,1645,3504,2.27307,0,11.3961,2.30988,0,3400,70924641940
47.9708,20.846,44.1396,0,100,88,77,1645,3504,2.27307,0,11.3961,2.30988,0,3400,70945490931
44.176,22.6367,44.1396,0,100,88,77,1645,3504,2.27307,0,11.3961,2.30988,0,3400,70968127917
40.614,24.6221,44.1396,0,100,88,77,1645,3504,2.27307,0,11.3961,2.30988,0,3400,70992763599
46.7886,21.3727,44.1396,0,100,88,77,1645,3504,2.27307,0,11.3961,2.30988,0,3400,71014125102
42.9604,23.2772,44.1396,0,100,88,77,1645,3504,2.27307,0,11.3961,2.30988,0,3400,71037402652
42.5995,23.4744,44.1396,0,100,88,77,1645,3504,2.27307,0,11.3961,2.30988,0,3400,71060877805
41.2212,24.2594,44.1396,0,100,88,77,1645,3504,2.27307,0,11.3961,2.30988,0,3400,71085157182
47.9591,20.8511,44.1396,0,100,88,77,1645,3504,2.27307,0,11.3961,2.30988,0,3400,71105994907
41.7994,23.9238,49.505,0,100,88,77,1645,3504,2.27307,0,11.4094,2.30988,0,3400,71129916718
42.9494,23.2832,49.505,0,100,88,77,1645,3504,2.27307,0,11.4094,2.30988,0,3400,71153200624
43.117,23.1927,49.505,0,100,88,77,1645,3504,2.27307,0,11.4094,2.30988,0,3400,71176394092
43.3435,23.0715,49.505,0,100,88,77,1645,3504,2.27307,0,11.4094,2.30988,0,3400,71199466878
45.0338,22.2055,49.505,0,100,88,77,1645,3504,2.27307,0,11.4094,2.30988,0,3400,71221672765
43.3115,23.0886,49.505,0,100,88,77,1645,3504,2.27307,0,11.4094,2.30988,0,3400,71244767266
39.3572,25.4083,49.505,0,100,88,77,1645,3504,2.27307,0,11.4094,2.30988,0,3400,71270173686
45.4043,22.0243,49.505,0,100,88,77,1645,3504,2.27307,0,11.4094,2.30988,0,3400,71292200407
42.557,23.4979,49.505,0,100,88,77,1645,3504,2.27307,0,11.4094,2.30988,0,3400,71315716281
43.0056,23.2528,49.505,0,100,88,77,1645,3504,2.27307,0,11.4094,2.30988,0,3400,71338952232
47.4385,21.0799,49.505,0,100,88,77,1645,3504,2.27307,0,11.4094,2.30988,0,3400,71360032402
43.9702,22.7427,49.505,0,100,88,77,1645,3504,2.27307,0,11.4094,2.30988,0,3400,71382777631
44.1144,22.6683,49.505,0,100,88,77,1645,3504,2.27307,0,11.4094,2.30988,0,3400,71405445783
42.5672,23.4922,49.505,0,100,88,77,1645,3504,2.27307,0,11.4094,2.30988,0,3400,71428939692
43.4632,23.008,49.505,0,100,88,77,1645,3504,2.27307,0,11.4094,2.30988,0,3400,71451949025
43.3043,23.0924,49.505,0,100,88,77,1645,3504,2.27307,0,11.4094,2.30988,0,3400,71475043736
49.7314,20.108,49.505,0,100,88,77,1645,3504,2.27307,0,11.4094,2.30988,0,3400,71495153097
43.8372,22.8117,49.505,0,100,88,77,1645,3504,2.27307,0,11.4094,2.30988,0,3400,71517965758
46.1405,21.6729,49.505,0,100,88,77,1645,3504,2.27307,0,11.4094,2.30988,0,3400,71539639801
45.8374,21.8162,49.505,0,100,88,77,1645,3504,2.27307,0,11.4094,2.30988,0,3400,71561457735
43.2339,23.13,49.505,0,100,88,77,1645,3504,2.27307,0,11.4094,2.30988,0,3400,71584588437
46.7622,21.3848,49.505,0,100,88,77,1645,3504,2.27307,0,11.4094,2.30988,0,3400,71605992333
44.8278,22.3076,49.505,0,100,88,77,1645,3504,2.27307,0,11.4094,2.30988,0,3400,71628287625
47.147,21.2103,53.938,0,100,87,78,1645,3504,2.27307,0,11.4013,2.30988,0,3403,71649494286
44.6469,22.398,53.938,0,100,87,78,1645,3504,2.27307,0,11.4013,2.30988,0,3403,71671892600
45.2371,22.1058,53.938,0,100,87,78,1645,3504,2.27307,0,11.4013,2.30988,0,3403,71694000322
42.8659,23.3286,53.938,0,100,87,78,1645,3504,2.27307,0,11.4013,2.30988,0,3403,71717329726
48.3769,20.671,53.938,0,100,87,78,1645,3504,2.27307,0,11.4013,2.30988,0,3403,71738001952
46.6728,21.4258,53.938,0,100,87,78,1645,3504,2.27307,0,11.4013,2.30988,0,3403,71759430104
43.7595,22.8522,53.938,0,100,87,78,1645,3504,2.27307,0,11.4013,2.30988,0,3403,71782282807
44.4649,22.4897,53.938,0,100,87,78,1645,3504,2.27307,0,11.4013,2.30988,0,3403,71804773535
46.9955,21.2786,53.938,0,100,87,78,1645,3504,2.27307,0,11.4013,2.30988,0,3403,71826054065
45.929,21.7727,53.938,0,100,87,78,1645,3504,2.27307,0,11.4013,2.30988,0,3403,71847827435
43.717,22.8744,53.938,0,100,87,78,1645,3504,2.27307,0,11.4013,2.30988,0,3403,71870704529
48.0902,20.7943,53.938,0,100,87,78,1645,3504,2.27307,0,11.4013,2.30988,0,3403,71891498380
44.8544,22.2944,53.938,0,100,87,78,1645,3504,2.27307,0,11.4013,2.30988,0,3403,71913793464
44.9671,22.2385,53.938,0,100,87,78,1645,3504,2.27307,0,11.4013,2.30988,0,3403,71936033703
45.874,21.7988,53.938,0,100,87,78,1645,3504,2.27307,0,11.4013,2.30988,0,3403,71957834273
46.2984,21.599,53.938,0,100,87,78,1645,3504,2.27307,0,11.4013,2.30988,0,3403,71979434209
44.8943,22.2745,53.938,0,100,87,78,1645,3504,2.27307,0,11.4013,2.30988,0,3403,72001709498
45.7112,21.8765,53.938,0,100,87,78,1645,3504,2.27307,0,11.4013,2.30988,0,3403,72023587709
46.1989,21.6455,53.938,0,100,87,78,1645,3504,2.27307,0,11.4013,2.30988,0,3403,72045234187
43.0729,23.2165,53.938,0,100,87,78,1645,3504,2.27307,0,11.4013,2.30988,0,3403,72068451811
48.3372,20.688,53.938,0,100,87,78,1645,3504,2.27307,0,11.4013,2.30988,0,3403,72089139845
43.0889,23.2078,53.938,0,100,87,78,1645,3504,2.27307,0,11.4013,2.30988,0,3403,72112348253
45.809,21.8298,53.938,0,100,87,78,1645,3504,2.27307,0,11.4013,2.30988,0,3403,72134183272
46.1038,21.6902,44.8363,0,100,87,78,1667,3504,2.27307,0,11.4021,2.30988,0,3403,72155869608
44.1314,22.6596,44.8363,0,100,87,78,1667,3504,2.27307,0,11.4021,2.30988,0,3403,72178530959
46.1357,21.6752,44.8363,0,100,87,78,1667,3504,2.27307,0,11.4021,2.30988,0,3403,72200207187
45.2623,22.0934,44.8363,0,100,87,78,1667,3504,2.27307,0,11.4021,2.30988,0,3403,72222318667
44.7422,22.3503,44.8363,0,100,87,78,1667,3504,2.27307,0,11.4021,2.30988,0,3403,72244651717
46.7821,21.3757,44.8363,0,100,87,78,1667,3504,2.27307,0,11.4021,2.30988,0,3403,72266028712
45.7436,21.861,44.8363,0,100,87,78,1667,3504,2.27307,0,11.4021,2.30988,0,3403,72287892104
46.3259,21.5862,44.8363,0,100,87,78,1667,3504,2.27307,0,11.4021,2.30988,0,3403,72309497588
44.7938,22.3245,44.8363,0,100,87,78,1667,3504,2.27307,0,11.4021,2.30988,0,3403,72331803776
46.5194,21.4964,44.8363,0,100,87,78,1667,3504,2.27307,0,11.4021,2.30988,0,3403,72353303158
45.3864,22.033,44.8363,0,100,87,78,1667,3504,2.27307,0,11.4021,2.30988,0,3403,72375337001
43.93,22.7635,44.8363,0,100,87,78,1667,3504,2.27307,0,11.4021,2.30988,0,3403,72398113015
45.1486,22.1491,44.8363,0,100,87,78,1667,3504,2.27307,0,11.4021,2.30988,0,3403,72420250787
46.6535,21.4346,44.8363,0,100,87,78,1667,3504,2.27307,0,11.4021,2.30988,0,3403,72441686209
46.7976,21.3686,44.8363,0,100,87,78,1667,3504,2.27307,0,11.4021,2.30988,0,3403,72463056337
46.3772,21.5623,44.8363,0,100,87,78,1667,3504,2.27307,0,11.4021,2.30988,0,3403,72484619020
45.2523,22.0983,44.8363,0,100,87,78,1667,3504,2.27307,0,11.4021,2.30988,0,3403,72506717932
46.1024,21.6909,44.8363,0,100,87,78,1667,3504,2.27307,0,11.4021,2.30988,0,3403,72528410409
45.6893,21.887,44.8363,0,100,87,78,1667,3504,2.27307,0,11.4021,2.30988,0,3403,72550297553
46.437,21.5346,44.8363,0,100,87,78,1667,3504,2.27307,0,11.4021,2.30988,0,3403,72571833491
45.8938,21.7894,44.8363,0,100,87,78,1667,3504,2.27307,0,11.4021,2.30988,0,3403,72593623946
45.2659,22.0917,44.8363,0,100,87,78,1667,3504,2.27307,0,11.4021,2.30988,0,3403,72615717359
44.9074,22.2681,44.8363,0,100,87,78,1667,3504,2.27307,0,11.4021,2.30988,0,3403,72638003128
48.3494,20.6828,45.679,0,100,87,79,1695,3504,2.27307,0,11.4021,2.30988,0,3441,72658670308
46.8252,21.356,45.679,0,100,87,79,1695,3504,2.27307,0,11.4021,2.30988,0,3441,72680027307
45.9692,21.7537,45.679,0,100,87,79,1695,3504,2.27307,0,11.4021,2.30988,0,3441,72701782014
43.908,22.7749,45.679,0,100,87,79,1695,3504,2.27307,0,11.4021,2.30988,0,3441,72724557453
47.6518,20.9856,45.679,0,100,87,79,1695,3504,2.27307,0,11.4021,2.30988,0,3441,72745554951
48.9376,20.4342,45.679,0,100,87,79,1695,3504,2.27307,0,11.4021,2.30988,0,3441,72765984686
44.8263,22.3083,45.679,0,100,87,79,1695,3504,2.27307,0,11.4021,2.30988,0,3441,72788292944
47.2648,21.1574,45.679,0,100,87,79,1695,3504,2.27307,0,11.4021,2.30988,0,3441,72809452213
45.4248,22.0144,45.679,0,100,87,79,1695,3504,2.27307,0,11.4021,2.30988,0,3441,72831466927
47.3292,21.1286,45.679,0,100,87,79,1695,3504,2.27307,0,11.4021,2.30988,0,3441,72852596252
44.707,22.3679,45.679,0,100,87,79,1695,3504,2.27307,0,11.4021,2.30988,0,3441,72874965337
49.1295,20.3544,45.679,0,100,87,79,1695,3504,2.27307,0,11.4021,2.30988,0,3441,72895320072
44.0766,22.6878,45.679,0,100,87,79,1695,3504,2.27307,0,11.4021,2.30988,0,3441,72918010480
47.4496,21.075,45.679,0,100,87,79,1695,3504,2.27307,0,11.4021,2.30988,0,3441,72939085918
45.8846,21.7938,45.679,0,100,87,79,1695,3504,2.27307,0,11.4021,2.30988,0,3441,72960880627
46.9578,21.2957,45.679,0,100,87,79,1695,3504,2.27307,0,11.4021,2.30988,0,3441,72982177114
45.1233,22.1615,45.679,0,100,87,79,1695,3504,2.27307,0,11.4021,2.30988,0,3441,73004353033
46.644,21.439,45.679,0,100,87,79,1695,3504,2.27307,0,11.4021,2.30988,0,3441,73025780209
44.45,22.4972,45.679,0,100,87,79,1695,3504,2.27307,0,11.4021,2.30988,0,3441,73048278314
49.6617,20.1362,45.679,0,100,87,79,1695,3504,2.27307,0,11.4021,2.30988,0,3441,73068415613
45.799,21.8345,45.679,0,100,87,79,1695,3504,2.27307,0,11.4021,2.30988,0,3441,73090251683
46.8125,21.3618,45.679,0,100,87,79,1695,3504,2.27307,0,11.4021,2.30988,0,3441,73111613419
44.5459,22.4487,45.679,0,100,87,79,1695,3504,2.27307,0,11.4021,2.30988,0,3441,73134063821
47.9499,20.8551,45.679,0,100,87,79,1695,3504,2.27307,0,11.4021,2.30988,0,3441,73154925340
45.8874,21.7925,45.5665,0,100,87,79,1695,3504,2.27307,0,11.4173,2.30988,0,3448,73176716112
46.2528,21.6203,45.5665,0,100,87,79,1695,3504,2.27307,0,11.4173,2.30988,0,3448,73198335384
44.1364,22.657,45.5665,0,100,87,79,1695,3504,2.27307,0,11.4173,2.30988,0,3448,73220992878
49.7536,20.099,45.5665,0,100,87,79,1695,3504,2.27307,0,11.4173,2.30988,0,3448,73241093434
44.0803,22.6858,45.5665,0,100,87,79,1695,3504,2.27307,0,11.4173,2.30988,0,3448,73263781040
45.3444,22.0534,45.5665,0,100,87,79,1695,3504,2.27307,0,11.4173,2.30988,0,3448,73285834992
46.3093,21.5939,45.5665,0,100,87,79,1695,3504,2.27307,0,11.4173,2.30988,0,3448,73307448723
49.0201,20.3998,45.5665,0,100,87,79,1695,3504,2.27307,0,11.4173,2.30988,0,3448,73327830729
44.4003,22.5224,45.5665,0,100,87,79,1695,3504,2.27307,0,11.4173,2.30988,0,3448,73350354698
46.8563,21.3418,45.5665,0,100,87,79,1695,3504,2.27307,0,11.4173,2.30988,0,3448,73371697703
46.6177,21.4511,45.5665,0,100,87,79,1695,3504,2.27307,0,11.4173,2.30988,0,3448,73393168465
47.1895,21.1911,45.5665,0,100,87,79,1695,3504,2.27307,0,11.4173,2.30988,0,3448,73414341796
46.3863,21.5581,45.5665,0,100,87,79,1695,3504,2.27307,0,11.4173,2.30988,0,3448,73435901546
46.1229,21.6812,45.5665,0,100,87,79,1695,3504,2.27307,0,11.4173,2.30988,0,3448,73457583410
45.5138,21.9713,45.5665,0,100,87,79,1695,3504,2.27307,0,11.4173,2.30988,0,3448,73479556325
46.3652,21.5679,45.5665,0,100,87,79,1695,3504,2.27307,0,11.4173,2.30988,0,3448,73501124487
41.7533,23.9502,45.5665,0,100,87,79,1695,3504,2.27307,0,11.4173,2.30988,0,3448,73525075435
53.6198,18.6498,45.5665,0,100,87,79,1695,3504,2.27307,0,11.4173,2.30988,0,3448,73543726363
45.1978,22.125,45.5665,0,100,87,79,1695,3504,2.27307,0,11.4173,2.30988,0,3448,73565853398
44.7539,22.3444,45.5665,0,100,87,79,1695,3504,2.27307,0,11.4173,2.30988,0,3448,73588198486
48.3996,20.6613,45.5665,0,100,87,79,1695,3504,2.27307,0,11.4173,2.30988,0,3448,73608861816
44.5472,22.4481,45.5665,0,100,87,79,1695,3504,2.27307,0,11.4173,2.30988,0,3448,73631310505
48.1738,20.7582,45.5665,0,100,87,79,1695,3504,2.27307,0,11.4173,2.30988,0,3448,73652069080
44.0969,22.6774,45.5665,0,100,87,79,1695,3504,2.27307,0,11.4173,2.30988,0,3448,73674754185
48.9915,20.4117,45.7627,0,100,91,80,1695,3504,2.27307,0,11.4173,2.30988,0,3416,73695161171
43.9111,22.7733,45.7627,0,100,91,80,1695,3504,2.27307,0,11.4173,2.30988,0,3416,73717935151
46.7793,21.377,45.7627,0,100,91,80,1695,3504,2.27307,0,11.4173,2.30988,0,3416,73739313489
43.4906,22.9935,45.7627,0,100,91,80,1695,3504,2.27307,0,11.4173,2.30988,0,3416,73762307409
49.2696,20.2965,45.7627,0,100,91,80,1695,3504,2.27307,0,11.4173,2.30988,0,3416,73782605986
47.4571,21.0717,45.7627,0,100,91,80,1695,3504,2.27307,0,11.4173,2.30988,0,3416,73803677453
44.6592,22.3918,45.7627,0,100,91,80,1695,3504,2.27307,0,11.4173,2.30988,0,3416,73826084231
44.7605,22.3411,45.7627,0,100,91,80,1695,3504,2.27307,0,11.4173,2.30988,0,3416,73848412841
48.093,20.7931,45.7627,0,100,91,80,1695,3504,2.27307,0,11.4173,2.30988,0,3416,73869206840
44.0935,22.6791,45.7627,0,100,91,80,1695,3504,2.27307,0,11.4173,2.30988,0,3416,73891887648
47.2588,21.1601,45.7627,0,100,91,80,1695,3504,2.27307,0,11.4173,2.30988,0,3416,73913048446
43.4433,23.0185,45.7627,0,100,91,80,1695,3504,2.27307,0,11.4173,2.30988,0,3416,73936067583
51.2419,19.5153,45.7627,0,100,91,80,1695,3504,2.27307,0,11.4173,2.30988,0,3416,73955583333
44.8399,22.3016,45.7627,0,100,91,80,1695,3504,2.27307,0,11.4173,2.30988,0,3416,73977885951
44.5064,22.4687,45.7627,0,100,91,80,1695,3504,2.27307,0,11.4173,2.30988,0,3416,74000355449
45.9887,21.7445,45.7627,0,100,91,80,1695,3504,2.27307,0,11.4173,2.30988,0,3416,74022118617
46.7235,21.4025,45.7627,0,100,91,80,1695,3504,2.27307,0,11.4173,2.30988,0,3416,74043504908
44.8874,22.2779,45.7627,0,100,91,80,1695,3504,2.27307,0,11.4173,2.30988,0,3416,74065782564
49.5174,20.1949,45.7627,0,100,91,80,1695,3504,2.27307,0,11.4173,2.30988,0,3416,74085979946
43.0783,23.2135,45.7627,0,100,91,80,1695,3504,2.27307,0,11.4173,2.30988,0,3416,74109207327
47.1906,21.1906,45.7627,0,100,91,80,1695,3504,2.27307,0,11.4173,2.30988,0,3416,74130385665
47.016,21.2694,45.7627,0,100,91,80,1695,3504,2.27307,0,11.4173,2.30988,0,3416,74151657276
41.209,24.2665,45.7627,0,100,91,80,1695,3504,2.27307,0,11.4173,2.30988,0,3416,74175929028
50.9936,19.6103,45.9799,0,100,91,80,1695,3504,2.27307,0,11.4324,2.30988,0,3404,74195539292
47.0757,21.2424,45.9799,0,100,91,80,1695,3504,2.27307,0,11.4324,2.30988,0,3404,74216779973
44.8315,22.3058,45.9799,0,100,91,80,1695,3504,2.27307,0,11.4324,2.30988,0,3404,74239089435
45.0286,22.2081,45.9799,0,100,91,80,1695,3504,2.27307,0,11.4324,2.30988,0,3404,74261296974
48.1902,20.7511,45.9799,0,100,91,80,1695,3504,2.27307,0,11.4324,2.30988,0,3404,74282063201
45.026,22.2094,45.9799,0,100,91,80,1695,3504,2.27307,0,11.4324,2.30988,0,3404,74304260916
47.3075,21.1383,45.9799,0,100,91,80,1695,3504,2.27307,0,11.4324,2.30988,0,3404,74325400430
46.2938,21.6012,45.9799,0,100,91,80,1695,3504,2.27307,0,11.4324,2.30988,0,3404,74347003361
44.8097,22.3166,45.9799,0,100,91,80,1695,3504,2.27307,0,11.4324,2.30988,0,3404,74369319982
46.2497,21.6218,45.9799,0,100,91,80,1695,3504,2.27307,0,11.4324,2.30988,0,3404,74390943538
43.4913,22.9931,45.9799,0,100,91,80,1695,3504,2.27307,0,11.4324,2.30988,0,3404,74413938244
47.6523,20.9853,45.9799,0,100,91,80,1695,3504,2.27307,0,11.4324,2.30988,0,3404,74434923737
48.3367,20.6882,45.9799,0,100,91,80,1695,3504,2.27307,0,11.4324,2.30988,0,3404,74455614376
45.1114,22.1674,45.9799,0,100,91,80,1695,3504,2.27307,0,11.4324,2.30988,0,3404,74477783011
46.3399,21.5797,45.9799,0,100,91,80,1695,3504,2.27307,0,11.4324,2.30988,0,3404,74499364380
46.3161,21.5908,45.9799,0,100,91,80,1695,3504,2.27307,0,11.4324,2.30988,0,3404,74520955748
45.7962,21.8359,45.9799,0,100,91,80,1695,3504,2.27307,0,11.4324,2.30988,0,3404,74542791700
45.4639,21.9955,45.9799,0,100,91,80,1695,3504,2.27307,0,11.4324,2.30988,0,3404,74564788777
44.0214,22.7162,45.9799,0,100,91,80,1695,3504,2.27307,0,11.4324,2.30988,0,3404,74587507719
48.715,20.5275,45.9799,0,100,91,80,1695,3504,2.27307,0,11.4324,2.30988,0,3404,74608038972
43.5275,22.974,45.9799,0,100,91,80,1695,3504,2.27307,0,11.4324,2.30988,0,3404,74631029343
47.5396,21.0351,45.9799,0,100,91,80,1695,3504,2.27307,0,11.4324,2.30988,0,3404,74652048291
43.3612,23.0621,45.9799,0,100,91,80,1695,3504,2.27307,0,11.4324,2.30988,0,3404,74675112958
23.3679,42.7937,45.9799,0,100,91,80,1695,3504,2.27307,0,11.4324,2.30988,0,3404,74717913288
192.488,5.19512,44.6262,0,100,94,80,1695,3504,2.27307,0,11.4324,2.30988,0,3400,74723103994
45.6708,21.8958,44.6262,0,100,94,80,1695,3504,2.27307,0,11.4324,2.30988,0,3400,74744999988
44.2083,22.6202,44.6262,0,100,94,80,1695,3504,2.27307,0,11.4324,2.30988,0,3400,74767639546
46.9046,21.3199,44.6262,0,100,94,80,1695,3504,2.27307,0,11.4324,2.30988,0,3400,74788942910
43.2351,23.1294,44.6262,0,100,94,80,1695,3504,2.27307,0,11.4324,2.30988,0,3400,74812073574
46.0353,21.7225,44.6262,0,100,94,80,1695,3504,2.27307,0,11.4324,2.30988,0,3400,74833796597
46.9235,21.3113,44.6262,0,100,94,80,1695,3504,2.27307,0,11.4324,2.30988,0,3400,74855109323
44.2705,22.5884,44.6262,0,100,94,80,1695,3504,2.27307,0,11.4324,2.30988,0,3400,74877705198
47.988,20.8385,44.6262,0,100,94,80,1695,3504,2.27307,0,11.4324,2.30988,0,3400,74898544086
45.7693,21.8487,44.6262,0,100,94,80,1695,3504,2.27307,0,11.4324,2.30988,0,3400,74920394129
44.9969,22.2237,44.6262,0,100,94,80,1695,3504,2.27307,0,11.4324,2.30988,0,3400,74942618048
44.5981,22.4225,44.6262,0,100,94,80,1695,3504,2.27307,0,11.4324,2.30988,0,3400,74965041885
47.8482,20.8994,44.6262,0,100,94,80,1695,3504,2.27307,0,11.4324,2.30988,0,3400,74985944995
43.9351,22.7608,44.6262,0,100,94,80,1695,3504,2.27307,0,11.4324,2.30988,0,3400,75008707238
46.7256,21.4016,44.6262,0,100,94,80,1695,3504,2.27307,0,11.4324,2.30988,0,3400,75030111135
43.9608,22.7475,44.6262,0,100,94,80,1695,3504,2.27307,0,11.4324,2.30988,0,3400,75052858400
45.6985,21.8826,44.6262,0,100,94,80,1695,3504,2.27307,0,11.4324,2.30988,0,3400,75074741204
47.0064,21.2737,44.6262,0,100,94,80,1695,3504,2.27307,0,11.4324,2.30988,0,3400,75096034154
45.1033,22.1713,44.6262,0,100,94,80,1695,3504,2.27307,0,11.4324,2.30988,0,3400,75118188108
45.1783,22.1345,44.6262,0,100,94,80,1695,3504,2.27307,0,11.4324,2.30988,0,3400,75140323276
44.3281,22.5591,44.6262,0,100,94,80,1695,3504,2.27307,0,11.4324,2.30988,0,3400,75162884133
44.5531,22.4451,44.6262,0,100,94,80,1695,3504,2.27307,0,11.4324,2.30988,0,3400,75185332284
48.473,20.6301,44.6262,0,100,94,80,1695,3504,2.27307,0,11.4324,2.30988,0,3400,75205962870
45.8738,21.7989,44.6262,0,100,94,80,1695,3504,2.27307,0,11.4324,2.30988,0,3400,75227768133
44.4721,22.486,45.614,0,100,94,80,1695,3504,2.27307,0,11.4409,2.30988,0,3403,75250249416
44.7162,22.3632,45.614,0,100,94,80,1695,3504,2.27307,0,11.4409,2.30988,0,3403,75272632815
44.9946,22.2249,45.614,0,100,94,80,1695,3504,2.27307,0,11.4409,2.30988,0,3403,75294840503
46.0603,21.7107,45.614,0,100,94,80,1695,3504,2.27307,0,11.4409,2.30988,0,3403,75316564987
46.9838,21.2839,45.614,0,100,94,80,1695,3504,2.27307,0,11.4409,2.30988,0,3403,75337838085
45.5677,21.9454,45.614,0,100,94,80,1695,3504,2.27307,0,11.4409,2.30988,0,3403,75359782599
43.6854,22.891,45.614,0,100,94,80,1695,3504,2.27307,0,11.4409,2.30988,0,3403,75382676412
47.1706,21.1997,45.614,0,100,94,80,1695,3504,2.27307,0,11.4409,2.30988,0,3403,75403876189
47.0222,21.2666,45.614,0,100,94,80,1695,3504,2.27307,0,11.4409,2.30988,0,3403,75425144129
44.1595,22.6452,45.614,0,100,94,80,1695,3504,2.27307,0,11.4409,2.30988,0,3403,75447791443
44.3137,22.5664,45.614,0,100,94,80,1695,3504,2.27307,0,11.4409,2.30988,0,3403,75470358454
47.6353,20.9928,45.614,0,100,94,80,1695,3504,2.27307,0,11.4409,2.30988,0,3403,75491351706
42.6597,23.4413,45.614,0,100,94,80,1695,3504,2.27307,0,11.4409,2.30988,0,3403,75514793830
47.121,21.222,45.614,0,100,94,80,1695,3504,2.27307,0,11.4409,2.30988,0,3403,75536017315
44.1333,22.6586,45.614,0,100,94,80,1695,3504,2.27307,0,11.4409,2.30988,0,3403,75558679184
45.9205,21.7768,45.614,0,100,94,80,1695,3504,2.27307,0,11.4409,2.30988,0,3403,75580456697
47.0914,21.2353,45.614,0,100,94,80,1695,3504,2.27307,0,11.4409,2.30988,0,3403,75601692528
46.3077,21.5947,45.614,0,100,94,80,1695,3504,2.27307,0,11.4409,2.30988,0,3403,75623288637
44.5005,22.4717,45.614,0,100,94,80,1695,3504,2.27307,0,11.4409,2.30988,0,3403,75645761895
46.5501,21.4822,45.614,0,100,94,80,1695,3504,2.27307,0,11.4409,2.30988,0,3403,75667256929
45.0399,22.2026,45.614,0,100,94,80,1695,3504,2.27307,0,11.4409,2.30988,0,3403,75689447191
47.1638,21.2027,45.614,0,100,94,80,1695,3504,2.27307,0,11.4409,2.30988,0,3403,75710652405
46.3755,21.5631,45.614,0,100,94,80,1695,3504,2.27307,0,11.4409,2.30988,0,3403,75732220588
45.5372,21.96,46.8672,0,99,88,80,1683,3504,2.27307,0,11.4409,2.30988,0,3400,75754194158
43.8792,22.7898,46.8672,0,99,88,80,1683,3504,2.27307,0,11.4409,2.30988,0,3400,75776967928
45.7564,21.8549,46.8672,0,99,88,80,1683,3504,2.27307,0,11.4409,2.30988,0,3400,75798826734
45.2044,22.1217,46.8672,0,99,88,80,1683,3504,2.27307,0,11.4409,2.30988,0,3400,75820947515
44.0483,22.7024,46.8672,0,99,88,80,1683,3504,2.27307,0,11.4409,2.30988,0,3400,75843651259
45.3865,22.033,46.8672,0,99,88,80,1683,3504,2.27307,0,11.4409,2.30988,0,3400,75865684764
49.2698,20.2964,46.8672,0,99,88,80,1683,3504,2.27307,0,11.4409,2.30988,0,3400,75885981519
43.4748,23.0018,46.8672,0,99,88,80,1683,3504,2.27307,0,11.4409,2.30988,0,3400,75908984452
47.3605,21.1147,46.8672,0,99,88,80,1683,3504,2.27307,0,11.4409,2.30988,0,3400,75930101271
43.2784,23.1062,46.8672,0,99,88,80,1683,3504,2.27307,0,11.4409,2.30988,0,3400,75953207204
46.6594,21.4319,46.8672,0,99,88,80,1683,3504,2.27307,0,11.4409,2.30988,0,3400,75974642080
44.3781,22.5337,46.8672,0,99,88,80,1683,3504,2.27307,0,11.4409,2.30988,0,3400,75997188383
48.2008,20.7466,46.8672,0,99,88,80,1683,3504,2.27307,0,11.4409,2.30988,0,3400,76017922973
43.924,22.7666,46.8672,0,99,88,80,1683,3504,2.27307,0,11.4409,2.30988,0,3400,76040692330
47.1499,21.209,46.8672,0,99,88,80,1683,3504,2.27307,0,11.4409,2.30988,0,3400,76061902172
44.8267,22.3081,46.8672,0,99,88,80,1683,3504,2.27307,0,11.4409,2.30988,0,3400,76084211933
48.1965,20.7484,46.8672,0,99,88,80,1683,3504,2.27307,0,11.4409,2.30988,0,3400,76104960598
43.2397,23.1269,46.8672,0,99,88,80,1683,3504,2.27307,0,11.4409,2.30988,0,3400,76128089286
47.237,21.1699,46.8672,0,99,88,80,1683,3504,2.27307,0,11.4409,2.30988,0,3400,76149261232
43.2594,23.1164,46.8672,0,99,88,80,1683,3504,2.27307,0,11.4409,2.30988,0,3400,76172377431
46.4729,21.5179,46.8672,0,99,88,80,1683,3504,2.27307,0,11.4409,2.30988,0,3400,76193897323
45.514,21.9712,46.8672,0,99,88,80,1683,3504,2.27307,0,11.4409,2.30988,0,3400,76215869412
39.8097,25.1195,46.8672,0,99,88,80,1683,3504,2.27307,0,11.4409,2.30988,0,3400,76240995416
51.0175,19.6011,41.0891,0,100,88,80,1683,3504,2.27307,0,11.4411,2.30988,0,3400,76260594906
46.1115,21.6865,41.0891,0,100,88,80,1683,3504,2.27307,0,11.4411,2.30988,0,3400,76282281048
44.6641,22.3893,41.0891,0,100,88,80,1683,3504,2.27307,0,11.4411,2.30988,0,3400,76304670901
44.3975,22.5238,41.0891,0,100,88,80,1683,3504,2.27307,0,11.4411,2.30988,0,3400,76327195990
48.0101,20.8289,41.0891,0,100,88,80,1683,3504,2.27307,0,11.4411,2.30988,0,3400,76348025569
42.8235,23.3516,41.0891,0,100,88,80,1683,3504,2.27307,0,11.4411,2.30988,0,3400,76371379003
46.3893,21.5567,41.0891,0,100,88,80,1683,3504,2.27307,0,11.4411,2.30988,0,3400,76392937346
45.4263,22.0137,41.0891,0,100,88,80,1683,3504,2.27307,0,11.4411,2.30988,0,3400,76414950904
48.5231,20.6087,41.0891,0,100,88,80,1683,3504,2.27307,0,11.4411,2.30988,0,3400,76435561019
43.0307,23.2392,41.0891,0,100,88,80,1683,3504,2.27307,0,11.4411,2.30988,0,3400,76458801726
44.1438,22.6532,41.0891,0,100,88,80,1683,3504,2.27307,0,11.4411,2.30988,0,3400,76481469079
49.0249,20.3978,41.0891,0,100,88,80,1683,3504,2.27307,0,11.4411,2.30988,0,3400,76501855136
41.7777,23.9362,41.0891,0,100,88,80,1683,3504,2.27307,0,11.4411,2.30988,0,3400,76525793463
48.3013,20.7034,41.0891,0,100,88,80,1683,3504,2.27307,0,11.4411,2.30988,0,3400,76546498516
33.4238,29.9188,41.0891,0,100,88,80,1683,3504,2.27307,0,11.4411,2.30988,0,3400,76576417994
49.5608,20.1772,41.0891,0,100,88,80,1683,3504,2.27307,0,11.4411,2.30988,0,3400,76596595344
42.7463,23.3939,41.0891,0,100,88,80,1683,3504,2.27307,0,11.4411,2.30988,0,3400,76619991223
51.348,19.475,41.0891,0,100,88,80,1683,3504,2.27307,0,11.4411,2.30988,0,3400,76639466782
41.0002,24.3901,41.0891,0,100,88,80,1683,3504,2.27307,0,11.4411,2.30988,0,3400,76663870622
40.154,24.9041,41.0891,0,100,88,80,1683,3504,2.27307,0,11.4411,2.30988,0,3400,76688762751
56.4522,17.7141,41.0891,0,100,88,80,1683,3504,2.27307,0,11.4411,2.30988,0,3400,76706478150
47.8304,20.9072,41.0891,0,100,88,80,1683,3504,2.27307,0,11.4411,2.30988,0,3400,76727387354
44.6049,22.4191,41.0891,0,100,88,80,1683,3504,2.27307,0,11.4411,2.30988,0,3400,76749812303
44.0669,22.6928,62.069,0,100,85,80,1683,3504,2.27307,0,11.4411,2.30988,0,1727,76772519056
44.0877,22.6821,62.069,0,100,85,80,1683,3504,2.27307,0,11.4411,2.30988,0,1727,76795184159
41.5794,24.0504,62.069,0,100,85,80,1683,3504,2.27307,0,11.4411,2.30988,0,1727,76819234987
48.9953,20.4101,62.069,0,100,85,80,1683,3504,2.27307,0,11.4411,2.30988,0,1727,76839668740
49.3346,20.2697,62.069,0,100,85,80,1683,3504,2.27307,0,11.4411,2.30988,0,1727,76859938324
45.7851,21.8411,62.069,0,100,85,80,1683,3504,2.27307,0,11.4411,2.30988,0,1727,76881781213
26.0109,38.4454,62.069,0,100,85,80,1683,3504,2.27307,0,11.4411,2.30988,0,1727,76920227330
61.5731,16.2409,62.069,0,100,85,80,1683,3504,2.27307,0,11.4411,2.30988,0,1727,76936503914
38.7249,25.8232,62.069,0,100,85,80,1683,3504,2.27307,0,11.4411,2.30988,0,1727,76962346167
32.672,30.6073,62.069,0,100,85,80,1683,3504,2.27307,0,11.4411,2.30988,0,1727,76992937349
39.2383,25.4853,62.069,0,100,85,80,1683,3504,2.27307,0,11.4411,2.30988,0,1727,77018422968
41.4913,24.1014,62.069,0,100,85,80,1683,3504,2.27307,0,11.4411,2.30988,0,1727,77042525143
35.3045,28.325,62.069,0,100,85,80,1683,3504,2.27307,0,11.4411,2.30988,0,1727,77070852364
45.4231,22.0152,62.069,0,100,85,80,1683,3504,2.27307,0,11.4411,2.30988,0,1727,77092867369
37.1076,26.9486,62.069,0,100,85,80,1683,3504,2.27307,0,11.4411,2.30988,0,1727,77119818051
38.4957,25.9769,62.069,0,100,85,80,1683,3504,2.27307,0,11.4411,2.30988,0,1727,77145813997
36.9556,27.0595,62.069,0,100,85,80,1683,3504,2.27307,0,11.4411,2.30988,0,1727,77172856574
37.3854,26.7484,62.069,0,100,85,80,1683,3504,2.27307,0,11.4411,2.30988,0,1727,77199605682
39.9026,25.0611,62.069,0,100,85,80,1683,3504,2.27307,0,11.4411,2.30988,0,1727,77224682248
42.0031,23.8078,62.069,0,100,85,80,1683,3504,2.27307,0,11.4411,2.30988,0,1727,77248514474
37.3566,26.769,62.069,0,100,85,80,1683,3504,2.27307,0,11.4411,2.30988,0,1727,77275266708
41.8013,23.9227,78.3019,0,100,85,78,1515,3504,2.27307,0,11.4429,2.30988,0,1752,77299209267
42.0321,23.7913,78.3019,0,100,85,78,1515,3504,2.27307,0,11.4429,2.30988,0,1752,77322991717
34.8248,28.7152,78.3019,0,100,85,78,1515,3504,2.27307,0,11.4429,2.30988,0,1752,77351695358
37.5261,26.6481,78.3019,0,100,85,78,1515,3504,2.27307,0,11.4429,2.30988,0,1752,77378344076
44.0326,22.7105,78.3019,0,100,85,78,1515,3504,2.27307,0,11.4429,2.30988,0,1752,77401055934
42.3904,23.5903,78.3019,0,100,85,78,1515,3504,2.27307,0,11.4429,2.30988,0,1752,77424669066
34.8365,28.7055,78.3019,0,100,85,78,1515,3504,2.27307,0,11.4429,2.30988,0,1752,77453375188
48.3811,20.6692,78.3019,0,100,85,78,1515,3504,2.27307,0,11.4429,2.30988,0,1752,77474027174
38.6048,25.9035,78.3019,0,100,85,78,1515,3504,2.27307,0,11.4429,2.30988,0,1752,77499949790
37.2828,26.822,78.3019,0,100,85,78,1515,3504,2.27307,0,11.4429,2.30988,0,1752,77526772847
42.5516,23.5009,78.3019,0,100,85,78,1515,3504,2.27307,0,11.4429,2.30988,0,1752,77550274716
41.2229,24.2583,78.3019,0,100,85,78,1515,3504,2.27307,0,11.4429,2.30988,0,1752,77574535121
33.9494,29.4556,78.3019,0,100,85,78,1515,3504,2.27307,0,11.4429,2.30988,0,1752,77603991813
41.3569,24.1797,78.3019,0,100,85,78,1515,3504,2.27307,0,11.4429,2.30988,0,1752,77628172573
39.8855,25.0718,78.3019,0,100,85,78,1515,3504,2.27307,0,11.4429,2.30988,0,1752,77653244606
37.3846,26.749,78.3019,0,100,85,78,1515,3504,2.27307,0,11.4429,2.30988,0,1752,77679995990
41.7402,23.9577,78.3019,0,100,85,78,1515,3504,2.27307,0,11.4429,2.30988,0,1752,77703955031
39.2966,25.4475,78.3019,0,100,85,78,1515,3504,2.27307,0,11.4429,2.30988,0,1752,77729403089
40.2926,24.8184,78.3019,0,100,85,78,1515,3504,2.27307,0,11.4429,2.30988,0,1752,77754244671
41.3833,24.1643,78.3019,0,100,85,78,1515,3504,2.27307,0,11.4429,2.30988,0,1752,77778413445
42.1917,23.7014,69.7733,0,100,85,78,1515,3504,2.27307,0,11.4435,2.30988,0,1765,77802092082
35.4629,28.1985,69.7733,0,100,85,78,1515,3504,2.27307,0,11.4435,2.30988,0,1765,77830292634
41.835,23.9034,69.7733,0,100,85,78,1515,3504,2.27307,0,11.4435,2.30988,0,1765,77854216989
38.3632,26.0667,69.7733,0,100,85,78,1515,3504,2.27307,0,11.4435,2.30988,0,1765,77880284822
44.4685,22.4879,69.7733,0,100,85,78,1515,3504,2.27307,0,11.4435,2.30988,0,1765,77902774258
36.0959,27.704,69.7733,0,100,85,78,1515,3504,2.27307,0,11.4435,2.30988,0,1765,77930480162
41.8615,23.8883,69.7733,0,100,85,78,1515,3504,2.27307,0,11.4435,2.30988,0,1765,77954369080
37.0616,26.9821,69.7733,0,100,85,78,1515,3504,2.27307,0,11.4435,2.30988,0,1765,77981353697
40.5601,24.6548,69.7733,0,100,85,78,1515,3504,2.27307,0,11.4435,2.30988,0,1765,78006008500
40.5322,24.6717,69.7733,0,100,85,78,1515,3504,2.27307,0,11.4435,2.30988,0,1765,78030681030
41.119,24.3197,69.7733,0,100,85,78,1515,3504,2.27307,0,11.4435,2.30988,0,1765,78055001525
36.3791,27.4883,69.7733,0,100,85,78,1515,3504,2.27307,0,11.4435,2.30988,0,1765,78082490861
38.9522,25.6725,69.7733,0,100,85,78,1515,3504,2.27307,0,11.4435,2.30988,0,1765,78108164019
43.327,23.0803,69.7733,0,100,85,78,1515,3504,2.27307,0,11.4435,2.30988,0,1765,78131245117
29.4082,34.0041,69.7733,0,100,85,78,1515,3504,2.27307,0,11.4435,2.30988,0,1765,78165250489
57.622,17.3545,69.7733,0,100,85,78,1515,3504,2.27307,0,11.4435,2.30988,0,1765,78182607368
40.0976,24.9391,69.7733,0,100,85,78,1515,3504,2.27307,0,11.4435,2.30988,0,1765,78207566261
38.473,25.9923,69.7733,0,100,85,78,1515,3504,2.27307,0,11.4435,2.30988,0,1765,78233560931
45.7486,21.8586,69.7733,0,100,85,78,1515,3504,2.27307,0,11.4435,2.30988,0,1765,78255400071
35.4786,28.186,69.7733,0,100,85,78,1515,3504,2.27307,0,11.4435,2.30988,0,1765,78283590157
39.7179,25.1776,70.8955,0,100,85,75,1392,3504,2.27307,0,11.4583,2.30988,0,1725,78308764735
40.4893,24.6979,70.8955,0,100,85,75,1392,3504,2.27307,0,11.4583,2.30988,0,1725,78333476522
42.7539,23.3897,70.8955,0,100,85,75,1392,3504,2.27307,0,11.4583,2.30988,0,1725,78356854388
39.0601,25.6016,70.8955,0,100,85,75,1392,3504,2.27307,0,11.4583,2.30988,0,1725,78382456633
36.2253,27.605,70.8955,0,100,85,75,1392,3504,2.27307,0,11.4583,2.30988,0,1725,78410086069
43.7102,22.878,70.8955,0,100,85,75,1392,3504,2.27307,0,11.4583,2.30988,0,1725,78432942186
40.6591,24.5947,70.8955,0,100,85,75,1392,3504,2.27307,0,11.4583,2.30988,0,1725,78457538127
36.4732,27.4174,70.8955,0,100,85,75,1392,3504,2.27307,0,11.4583,2.30988,0,1725,78484956440
46.5812,21.4679,70.8955,0,100,85,75,1392,3504,2.27307,0,11.4583,2.30988,0,1725,78506426095
36.497,27.3995,70.8955,0,100,85,75,1392,3504,2.27307,0,11.4583,2.30988,0,1725,78533839005
37.0276,27.0069,70.8955,0,100,85,75,1392,3504,2.27307,0,11.4583,2.30988,0,1725,78560833743
41.6774,23.9938,70.8955,0,100,85,75,1392,3504,2.27307,0,11.4583,2.30988,0,1725,78584829397
43.0464,23.2307,70.8955,0,100,85,75,1392,3504,2.27307,0,11.4583,2.30988,0,1725,78608061266
36.5923,27.3282,70.8955,0,100,85,75,1392,3504,2.27307,0,11.4583,2.30988,0,1725,78635411839
40.5362,24.6693,70.8955,0,100,85,75,1392,3504,2.27307,0,11.4583,2.30988,0,1725,78660059325
38.8682,25.728,70.8955,0,100,85,75,1392,3504,2.27307,0,11.4583,2.30988,0,1725,78685789480
15.5354,64.369,70.8955,0,100,85,75,1392,3504,2.27307,0,11.4583,2.30988,0,1725,78750179732
63.2843,15.8017,70.8955,0,100,85,75,1392,3504,2.27307,0,11.4583,2.30988,0,1725,78765962501
47.5627,21.0249,70.8955,0,100,85,75,1392,3504,2.27307,0,11.4583,2.30988,0,1725,78786993290
37.3494,26.7742,66.5012,0,100,85,75,1392,3504,2.27307,0,11.4585,2.30988,0,1732,78813762652
40.5622,24.6535,66.5012,0,100,85,75,1392,3504,2.27307,0,11.4585,2.30988,0,1732,78838438536
35.5315,28.144,66.5012,0,100,85,75,1392,3504,2.27307,0,11.4585,2.30988,0,1732,78866579251
53.7087,18.619,66.5012,0,100,85,75,1392,3504,2.27307,0,11.4585,2.30988,0,1732,78885181929
36.9037,27.0976,66.5012,0,100,85,75,1392,3504,2.27307,0,11.4585,2.30988,0,1732,78912280272
38.5091,25.9679,66.5012,0,100,85,75,1392,3504,2.27307,0,11.4585,2.30988,0,1732,78938250267
39.3187,25.4332,66.5012,0,100,85,75,1392,3504,2.27307,0,11.4585,2.30988,0,1732,78963707672
43.7844,22.8392,66.5012,0,100,85,75,1392,3504,2.27307,0,11.4585,2.30988,0,1732,78986559574
38.4713,25.9934,66.5012,0,100,85,75,1392,3504,2.27307,0,11.4585,2.30988,0,1732,79012544681
42.2931,23.6445,66.5012,0,100,85,75,1392,3504,2.27307,0,11.4585,2.30988,0,1732,79036176871
41.7944,23.9266,66.5012,0,100,85,75,1392,3504,2.27307,0,11.4585,2.30988,0,1732,79060106303
38.8753,25.7233,66.5012,0,100,85,75,1392,3504,2.27307,0,11.4585,2.30988,0,1732,79085830639
37.9672,26.3385,66.5012,0,100,85,75,1392,3504,2.27307,0,11.4585,2.30988,0,1732,79112171324
37.7768,26.4713,66.5012,0,100,85,75,1392,3504,2.27307,0,11.4585,2.30988,0,1732,79138642010
43.6534,22.9077,66.5012,0,100,85,75,1392,3504,2.27307,0,11.4585,2.30988,0,1732,79161552216
40.2675,24.8339,66.5012,0,100,85,75,1392,3504,2.27307,0,11.4585,2.30988,0,1732,79186387065
39.612,25.2449,66.5012,0,100,85,75,1392,3504,2.27307,0,11.4585,2.30988,0,1732,79211633937
40.0462,24.9712,66.5012,0,100,85,75,1392,3504,2.27307,0,11.4585,2.30988,0,1732,79236606055
42.3229,23.6279,66.5012,0,100,85,75,1392,3504,2.27307,0,11.4585,2.30988,0,1732,79260247622
42.6978,23.4204,66.5012,0,100,85,75,1392,3504,2.27307,0,11.4585,2.30988,0,1732,79283656562
40.0259,24.9838,66.5012,0,100,85,75,1392,3504,2.27307,0,11.4585,2.30988,0,1732,79308667103
39.4665,25.338,71.0526,0,100,85,75,1392,3504,2.27307,0,11.4738,2.30988,0,1741,79333981653
38.0846,26.2573,71.0526,0,100,85,75,1392,3504,2.27307,0,11.4738,2.30988,0,1741,79360239395
36.8589,27.1305,71.0526,0,100,85,75,1392,3504,2.27307,0,11.4738,2.30988,0,1741,79387373614
48.5541,20.5956,71.0526,0,100,85,75,1392,3504,2.27307,0,11.4738,2.30988,0,1741,79407990468
35.1183,28.4752,71.0526,0,100,85,75,1392,3504,2.27307,0,11.4738,2.30988,0,1741,79436465942
42.2164,23.6875,71.0526,0,100,85,75,1392,3504,2.27307,0,11.4738,2.30988,0,1741,79460155320
37.4179,26.7252,71.0526,0,100,85,75,1392,3504,2.27307,0,11.4738,2.30988,0,1741,79486881887
47.5276,21.0404,71.0526,0,100,85,75,1392,3504,2.27307,0,11.4738,2.30988,0,1741,79507923077
35.5804,28.1053,71.0526,0,100,85,75,1392,3504,2.27307,0,11.4738,2.30988,0,1741,79536030857
39.6059,25.2488,71.0526,0,100,85,75,1392,3504,2.27307,0,11.4738,2.30988,0,1741,79561281235
40.3666,24.773,71.0526,0,100,85,75,1392,3504,2.27307,0,11.4738,2.30988,0,1741,79586055482
38.0681,26.2687,71.0526,0,100,85,75,1392,3504,2.27307,0,11.4738,2.30988,0,1741,79612325822
37.9694,26.337,71.0526,0,100,85,75,1392,3504,2.27307,0,11.4738,2.30988,0,1741,79638664329
38.2845,26.1203,71.0526,0,100,85,75,1392,3504,2.27307,0,11.4738,2.30988,0,1741,79664785140
39.2828,25.4565,71.0526,0,100,85,75,1392,3504,2.27307,0,11.4738,2.30988,0,1741,79690242463
41.923,23.8533,71.0526,0,100,85,75,1392,3504,2.27307,0,11.4738,2.30988,0,1741,79714097351
39.6898,25.1954,71.0526,0,100,85,75,1392,3504,2.27307,0,11.4738,2.30988,0,1741,79739293174
34.7428,28.783,71.0526,0,100,85,75,1392,3504,2.27307,0,11.4738,2.30988,0,1741,79768077772
46.9795,21.2859,71.0526,0,100,85,75,1392,3504,2.27307,0,11.4738,2.30988,0,1741,79789387516
38.5327,25.952,71.0526,0,100,85,75,1392,3504,2.27307,0,11.4738,2.30988,0,1741,79815345550
42.3217,23.6286,74.75,0,97,86,75,1392,3504,2.27307,0,11.474,2.30988,0,1732,79838969823
36.5825,27.3355,74.75,0,97,86,75,1392,3504,2.27307,0,11.474,2.30988,0,1732,79866307674
41.7073,23.9766,74.75,0,97,86,75,1392,3504,2.27307,0,11.474,2.30988,0,1732,79890285649
49.3412,20.267,74.75,0,97,86,75,1392,3504,2.27307,0,11.474,2.30988,0,1732,79910553085
36.3388,27.5188,74.75,0,97,86,75,1392,3504,2.27307,0,11.474,2.30988,0,1732,79938074744
34.5683,28.9283,74.75,0,97,86,75,1392,3504,2.27307,0,11.474,2.30988,0,1732,79967003945
54.6317,18.3044,74.75,0,97,86,75,1392,3504,2.27307,0,11.474,2.30988,0,1732,79985308828
37.2853,26.8202,74.75,0,97,86,75,1392,3504,2.27307,0,11.474,2.30988,0,1732,80012130179
43.0835,23.2107,74.75,0,97,86,75,1392,3504,2.27307,0,11.474,2.30988,0,1732,80035342967
37.3262,26.7908,74.75,0,97,86,75,1392,3504,2.27307,0,11.474,2.30988,0,1732,80062155862
41.3616,24.177,74.75,0,97,86,75,1392,3504,2.27307,0,11.474,2.30988,0,1732,80086312474
41.9561,23.8344,74.75,0,97,86,75,1392,3504,2.27307,0,11.474,2.30988,0,1732,80110147675
38.8067,25.7688,74.75,0,97,86,75,1392,3504,2.27307,0,11.474,2.30988,0,1732,80135916939
41.3686,24.1729,74.75,0,97,86,75,1392,3504,2.27307,0,11.474,2.30988,0,1732,80160112678
36.4228,27.4553,74.75,0,97,86,75,1392,3504,2.27307,0,11.474,2.30988,0,1732,80187569853
46.8812,21.3305,74.75,0,97,86,75,1392,3504,2.27307,0,11.474,2.30988,0,1732,80208901033
37.0802,26.9686,74.75,0,97,86,75,1392,3504,2.27307,0,11.474,2.30988,0,1732,80235871677
43.8381,22.8112,74.75,0,97,86,75,1392,3504,2.27307,0,11.474,2.30988,0,1732,80258683056
36.9108,27.0923,74.75,0,97,86,75,1392,3504,2.27307,0,11.474,2.30988,0,1732,80285807209
38.8917,25.7124,74.75,0,97,86,75,1392,3504,2.27307,0,11.474,2.30988,0,1732,80311517557
40.528,24.6743,74.75,0,97,86,75,1392,3504,2.27307,0,11.474,2.30988,0,1732,80336195704
40.4786,24.7044,70.25,0,97,86,75,1392,3504,2.27307,0,11.474,2.30988,0,1729,80360915380
38.6137,25.8975,70.25,0,97,86,75,1392,3504,2.27307,0,11.474,2.30988,0,1729,80386795591
43.9531,22.7515,70.25,0,97,86,75,1392,3504,2.27307,0,11.474,2.30988,0,1729,80409568713
36.6666,27.2727,70.25,0,97,86,75,1392,3504,2.27307,0,11.474,2.30988,0,1729,80436822010
40.0216,24.9865,70.25,0,97,86,75,1392,3504,2.27307,0,11.474,2.30988,0,1729,80461831489
42.6745,23.4332,70.25,0,97,86,75,1392,3504,2.27307,0,11.474,2.30988,0,1729,80485262758
38.0401,26.288,70.25,0,97,86,75,1392,3504,2.27307,0,11.474,2.30988,0,1729,80511533487
34.6302,28.8765,70.25,0,97,86,75,1392,3504,2.27307,0,11.474,2.30988,0,1729,80540410211
41.5724,24.0544,70.25,0,97,86,75,1392,3504,2.27307,0,11.474,2.30988,0,1729,80564466101
41.8903,23.8719,70.25,0,97,86,75,1392,3504,2.27307,0,11.474,2.30988,0,1729,80588364948
38.2822,26.1218,70.25,0,97,86,75,1392,3504,2.27307,0,11.474,2.30988,0,1729,80614487422
38.0644,26.2713,70.25,0,97,86,75,1392,3504,2.27307,0,11.474,2.30988,0,1729,80640781431
43.3837,23.0501,70.25,0,97,86,75,1392,3504,2.27307,0,11.474,2.30988,0,1729,80663810756
39.0963,25.5779,70.25,0,97,86,75,1392,3504,2.27307,0,11.474,2.30988,0,1729,80689390204
36.5982,27.3237,70.25,0,97,86,75,1392,3504,2.27307,0,11.474,2.30988,0,1729,80716732862
37.738,26.4985,70.25,0,97,86,75,1392,3504,2.27307,0,11.474,2.30988,0,1729,80743215514
40.3828,24.763,70.25,0,97,86,75,1392,3504,2.27307,0,11.474,2.30988,0,1729,80767979504
36.7488,27.2118,70.25,0,97,86,75,1392,3504,2.27307,0,11.474,2.30988,0,1729,80795193167
45.2568,22.0961,70.25,0,97,86,75,1392,3504,2.27307,0,11.474,2.30988,0,1729,80817314066
41.9285,23.8502,70.25,0,97,86,75,1392,3504,2.27307,0,11.474,2.30988,0,1729,80841148701
38.0294,26.2954,65.4822,0,100,84,75,1401,3504,2.27307,0,11.474,2.30988,0,1744,80867438353
43.4171,23.0324,65.4822,0,100,84,75,1401,3504,2.27307,0,11.474,2.30988,0,1744,80890490034
36.9979,27.0286,65.4822,0,100,84,75,1401,3504,2.27307,0,11.474,2.30988,0,1744,80917502402
42.5915,23.4789,65.4822,0,100,84,75,1401,3504,2.27307,0,11.474,2.30988,0,1744,80941004007
31.9749,31.2745,65.4822,0,100,84,75,1401,3504,2.27307,0,11.474,2.30988,0,1744,80972258353
49.2417,20.308,65.4822,0,100,84,75,1401,3504,2.27307,0,11.474,2.30988,0,1744,80992587724
37.2149,26.871,65.4822,0,100,84,75,1401,3504,2.27307,0,11.474,2.30988,0,1744,81019438662
43.9807,22.7372,65.4822,0,100,84,75,1401,3504,2.27307,0,11.474,2.30988,0,1744,81042198097
38.363,26.0668,65.4822,0,100,84,75,1401,3504,2.27307,0,11.474,2.30988,0,1744,81068244910
42.6475,23.448,65.4822,0,100,84,75,1401,3504,2.27307,0,11.474,2.30988,0,1744,81091693770
38.9768,25.6563,65.4822,0,100,84,75,1401,3504,2.27307,0,11.474,2.30988,0,1744,81117371848
39.5525,25.2829,65.4822,0,100,84,75,1401,3504,2.27307,0,11.474,2.30988,0,1744,81142636285
39.7363,25.1659,65.4822,0,100,84,75,1401,3504,2.27307,0,11.474,2.30988,0,1744,81167802171
39.7332,25.1679,65.4822,0,100,84,75,1401,3504,2.27307,0,11.474,2.30988,0,1744,81192972781
42.6844,23.4278,65.4822,0,100,84,75,1401,3504,2.27307,0,11.474,2.30988,0,1744,81216422110
38.8246,25.7569,65.4822,0,100,84,75,1401,3504,2.27307,0,11.474,2.30988,0,1744,81242158763
39.9753,25.0155,65.4822,0,100,84,75,1401,3504,2.27307,0,11.474,2.30988,0,1744,81267175269
38.8639,25.7308,65.4822,0,100,84,75,1401,3504,2.27307,0,11.474,2.30988,0,1744,81292907014
40.8919,24.4547,65.4822,0,100,84,75,1401,3504,2.27307,0,11.474,2.30988,0,1744,81317385370
34.4641,29.0157,65.4822,0,100,84,75,1401,3504,2.27307,0,11.474,2.30988,0,1744,81346388538
36.8941,27.1046,68.7961,0,100,84,75,1402,3504,2.27307,0,11.4739,2.30988,0,1725,81373505498
52.8001,18.9394,68.7961,0,100,84,75,1402,3504,2.27307,0,11.4739,2.30988,0,1725,81392447781
36.3387,27.5189,68.7961,0,100,84,75,1402,3504,2.27307,0,11.4739,2.30988,0,1725,81419967604
43.6408,22.9143,68.7961,0,100,84,75,1402,3504,2.27307,0,11.4739,2.30988,0,1725,81442874255
37.5053,26.6629,68.7961,0,100,84,75,1402,3504,2.27307,0,11.4739,2.30988,0,1725,81469525427
43.1618,23.1686,68.7961,0,100,84,75,1402,3504,2.27307,0,11.4739,2.30988,0,1725,81492694720
37.8141,26.4452,68.7961,0,100,84,75,1402,3504,2.27307,0,11.4739,2.30988,0,1725,81519141305
42.3601,23.6071,68.7961,0,100,84,75,1402,3504,2.27307,0,11.4739,2.30988,0,1725,81542770238
38,26.3158,68.7961,0,100,84,75,1402,3504,2.27307,0,11.4739,2.30988,0,1725,81569089667
39.7278,25.1713,68.7961,0,100,84,75,1402,3504,2.27307,0,11.4739,2.30988,0,1725,81594273792
42.9414,23.2876,68.7961,0,100,84,75,1402,3504,2.27307,0,11.4739,2.30988,0,1725,81617551459
40.6612,24.5935,68.7961,0,100,84,75,1402,3504,2.27307,0,11.4739,2.30988,0,1725,81642145641
38.7796,25.7867,68.7961,0,100,84,75,1402,3504,2.27307,0,11.4739,2.30988,0,1725,81667932666
38.2534,26.1415,68.7961,0,100,84,75,1402,3504,2.27307,0,11.4739,2.30988,0,1725,81694074153
38.4083,26.036,68.7961,0,100,84,75,1402,3504,2.27307,0,11.4739,2.30988,0,1725,81720111181
45.5044,21.9759,68.7961,0,100,84,75,1402,3504,2.27307,0,11.4739,2.30988,0,1725,81742088875
37.2823,26.8224,68.7961,0,100,84,75,1402,3504,2.27307,0,11.4739,2.30988,0,1725,81768912200
34.146,29.286,68.7961,0,100,84,75,1402,3504,2.27307,0,11.4739,2.30988,0,1725,81798198946
49.5296,20.19,68.7961,0,100,84,75,1402,3504,2.27307,0,11.4739,2.30988,0,1725,81818389703
38.7665,25.7955,68.7961,0,100,84,75,1402,3504,2.27307,0,11.4739,2.30988,0,1725,81844186571
37.6484,26.5616,68.7961,0,100,84,75,1402,3504,2.27307,0,11.4739,2.30988,0,1725,81870777845
41.4342,24.1347,68.8995,0,100,85,75,1394,3504,2.27307,0,11.4739,2.30988,0,1729,81894885155
42.2678,23.6587,68.8995,0,100,85,75,1394,3504,2.27307,0,11.4739,2.30988,0,1729,81918545031
35.8999,27.8552,68.8995,0,100,85,75,1394,3504,2.27307,0,11.4739,2.30988,0,1729,81946420017
39.5401,25.2908,68.8995,0,100,85,75,1394,3504,2.27307,0,11.4739,2.30988,0,1729,81971712430
43.9806,22.7373,68.8995,0,100,85,75,1394,3504,2.27307,0,11.4739,2.30988,0,1729,81994469426
39.3033,25.4432,68.8995,0,100,85,75,1394,3504,2.27307,0,11.4739,2.30988,0,1729,82019915653
42.3869,23.5922,68.8995,0,100,85,75,1394,3504,2.27307,0,11.4739,2.30988,0,1729,82043509494
37.7383,26.4983,68.8995,0,100,85,75,1394,3504,2.27307,0,11.4739,2.30988,0,1729,82070009039
38.9789,25.6549,68.8995,0,100,85,75,1394,3504,2.27307,0,11.4739,2.30988,0,1729,82095666567
37.1081,26.9483,68.8995,0,100,85,75,1394,3504,2.27307,0,11.4739,2.30988,0,1729,82122614369
42.6427,23.4506,68.8995,0,100,85,75,1394,3504,2.27307,0,11.4739,2.30988,0,1729,82146066482
41.6959,23.9832,68.8995,0,100,85,75,1394,3504,2.27307,0,11.4739,2.30988,0,1729,82170051140
38.9266,25.6894,68.8995,0,100,85,75,1394,3504,2.27307,0,11.4739,2.30988,0,1729,82195759072
39.4193,25.3683,68.8995,0,100,85,75,1394,3504,2.27307,0,11.4739,2.30988,0,1729,82221110901
40.5502,24.6608,68.8995,0,100,85,75,1394,3504,2.27307,0,11.4739,2.30988,0,1729,82245772265
42.7304,23.4025,68.8995,0,100,85,75,1394,3504,2.27307,0,11.4739,2.30988,0,1729,82269175163
35.4947,28.1733,68.8995,0,100,85,75,1394,3504,2.27307,0,11.4739,2.30988,0,1729,82297370508
42.783,23.3738,68.8995,0,100,85,75,1394,3504,2.27307,0,11.4739,2.30988,0,1729,82320737415
38.8325,25.7516,68.8995,0,100,85,75,1394,3504,2.27307,0,11.4739,2.30988,0,1729,82346495333
41.2973,24.2146,68.8995,0,100,85,75,1394,3504,2.27307,0,11.4739,2.30988,0,1729,82370714416
37.0576,26.985,68.8995,0,100,85,75,1394,3504,2.27307,0,11.4739,2.30988,0,1729,82397705618
42.4781,23.5415,66.18,0,100,85,75,1394,3504,2.27307,0,11.4741,2.30988,0,1749,82421222974
37.9134,26.3759,66.18,0,100,85,75,1394,3504,2.27307,0,11.4741,2.30988,0,1749,82447601949
41.1192,24.3195,66.18,0,100,85,75,1394,3504,2.27307,0,11.4741,2.30988,0,1749,82471922708
41.0828,24.3411,66.18,0,100,85,75,1394,3504,2.27307,0,11.4741,2.30988,0,1749,82496263374
34.2988,29.1556,66.18,0,100,85,75,1394,3504,2.27307,0,11.4741,2.30988,0,1749,82525441647
46.4749,21.517,66.18,0,100,85,75,1394,3504,2.27307,0,11.4741,2.30988,0,1749,82546959971
38.0829,26.2585,66.18,0,100,85,75,1394,3504,2.27307,0,11.4741,2.30988,0,1749,82573240968
38.7673,25.7949,66.18,0,100,85,75,1394,3504,2.27307,0,11.4741,2.30988,0,1749,82599016016
41.1567,24.2974,66.18,0,100,85,75,1394,3504,2.27307,0,11.4741,2.30988,0,1749,82623326398
42.7296,23.403,66.18,0,100,85,75,1394,3504,2.27307,0,11.4741,2.30988,0,1749,82646718500
42.5372,23.5088,66.18,0,100,85,75,1394,3504,2.27307,0,11.4741,2.30988,0,1749,82670228182
39.3418,25.4183,66.18,0,100,85,75,1394,3504,2.27307,0,11.4741,2.30988,0,1749,82695647669
37.4812,26.68,66.18,0,100,85,75,1394,3504,2.27307,0,11.4741,2.30988,0,1749,82722328797
39.5781,25.2665,66.18,0,100,85,75,1394,3504,2.27307,0,11.4741,2.30988,0,1749,82747596871
38.0284,26.2962,66.18,0,100,85,75,1394,3504,2.27307,0,11.4741,2.30988,0,1749,82773893673
44.978,22.2331,66.18,0,100,85,75,1394,3504,2.27307,0,11.4741,2.30988,0,1749,82796127611
32.7157,30.5664,66.18,0,100,85,75,1394,3504,2.27307,0,11.4741,2.30988,0,1749,82826695001
54.75,18.2648,66.18,0,100,85,75,1394,3504,2.27307,0,11.4741,2.30988,0,1749,82844961472
32.3182,30.9423,66.18,0,100,85,75,1394,3504,2.27307,0,11.4741,2.30988,0,1749,82875917794
47.4315,21.083,66.18,0,100,85,75,1394,3504,2.27307,0,11.4741,2.30988,0,1749,82896989044
38.682,25.8518,66.18,0,100,85,75,1394,3504,2.27307,0,11.4741,2.30988,0,1749,82922846197
41.3081,24.2083,80.0959,0,100,85,74,1392,3504,2.27307,0,11.4824,2.30988,0,1726,82947052329
36.7349,27.2221,80.0959,0,100,85,74,1392,3504,2.27307,0,11.4824,2.30988,0,1726,82974287387
52.1157,19.1881,80.0959,0,100,85,74,1392,3504,2.27307,0,11.4824,2.30988,0,1726,82993463003
41.2166,24.2621,80.0959,0,100,85,74,1392,3504,2.27307,0,11.4824,2.30988,0,1726,83017744721
33.75,29.6296,80.0959,0,100,85,74,1392,3504,2.27307,0,11.4824,2.30988,0,1726,83047357937
41.5695,24.0561,80.0959,0,100,85,74,1392,3504,2.27307,0,11.4824,2.30988,0,1726,83071418157
46.6042,21.4573,80.0959,0,100,85,74,1392,3504,2.27307,0,11.4824,2.30988,0,1726,83092875880
38.2896,26.1168,80.0959,0,100,85,74,1392,3504,2.27307,0,11.4824,2.30988,0,1726,83118993490
38.9545,25.671,80.0959,0,100,85,74,1392,3504,2.27307,0,11.4824,2.30988,0,1726,83144678018
40.2352,24.8538,80.0959,0,100,85,74,1392,3504,2.27307,0,11.4824,2.30988,0,1726,83169520115
40.8067,24.5058,80.0959,0,100,85,74,1392,3504,2.27307,0,11.4824,2.30988,0,1726,83194028707
41.149,24.3019,80.0959,0,100,85,74,1392,3504,2.27307,0,11.4824,2.30988,0,1726,83218331025
40.3483,24.7842,80.0959,0,100,85,74,1392,3504,2.27307,0,11.4824,2.30988,0,1726,83243116843
39.3799,25.3937,80.0959,0,100,85,74,1392,3504,2.27307,0,11.4824,2.30988,0,1726,83268511366
36.8679,27.1238,80.0959,0,100,85,74,1392,3504,2.27307,0,11.4824,2.30988,0,1726,83295637356
42.8183,23.3545,80.0959,0,100,85,74,1392,3504,2.27307,0,11.4824,2.30988,0,1726,83318995027
38.3382,26.0837,80.0959,0,100,85,74,1392,3504,2.27307,0,11.4824,2.30988,0,1726,83345078567
30.6474,32.6292,80.0959,0,100,85,74,1392,3504,2.27307,0,11.4824,2.30988,0,1726,83377709167
53.3392,18.7479,80.0959,0,100,85,74,1392,3504,2.27307,0,11.4824,2.30988,0,1726,83396458927
51.5715,19.3906,80.0959,0,100,85,74,1392,3504,2.27307,0,11.4824,2.30988,0,1726,83415851246
37.0967,26.9565,80.0959,0,100,85,74,1392,3504,2.27307,0,11.4824,2.30988,0,1726,83442815207
40.8779,24.4631,77.2182,0,100,85,74,1392,3504,2.27307,0,11.4858,2.30988,0,1731,83467273934
36.9206,27.0852,77.2182,0,100,85,74,1392,3504,2.27307,0,11.4858,2.30988,0,1731,83494379408
39.1999,25.5103,77.2182,0,100,85,74,1392,3504,2.27307,0,11.4858,2.30988,0,1731,83519911898
44.6081,22.4174,77.2182,0,100,85,74,1392,3504,2.27307,0,11.4858,2.30988,0,1731,83542330873
43.8246,22.8182,77.2182,0,100,85,74,1392,3504,2.27307,0,11.4858,2.30988,0,1731,83565128140
32.7725,30.5134,77.2182,0,100,85,74,1392,3504,2.27307,0,11.4858,2.30988,0,1731,83595644091
47.3691,21.1108,77.2182,0,100,85,74,1392,3504,2.27307,0,11.4858,2.30988,0,1731,83616755624
42.8068,23.3608,77.2182,0,100,85,74,1392,3504,2.27307,0,11.4858,2.30988,0,1731,83640118159
40.6795,24.5824,77.2182,0,100,85,74,1392,3504,2.27307,0,11.4858,2.30988,0,1731,83664723258
43.5753,22.9488,77.2182,0,100,85,74,1392,3504,2.27307,0,11.4858,2.30988,0,1731,83687653458
40.85,24.4798,77.2182,0,100,85,74,1392,3504,2.27307,0,11.4858,2.30988,0,1731,83712154278
41.3929,24.1587,77.2182,0,100,85,74,1392,3504,2.27307,0,11.4858,2.30988,0,1731,83736316278
41.8049,23.9206,77.2182,0,100,85,74,1392,3504,2.27307,0,11.4858,2.30988,0,1731,83760214200
39.4439,25.3525,77.2182,0,100,85,74,1392,3504,2.27307,0,11.4858,2.30988,0,1731,83785568741
37.8109,26.4474,77.2182,0,100,85,74,1392,3504,2.27307,0,11.4858,2.30988,0,1731,83812017061
40.9097,24.4441,77.2182,0,100,85,74,1392,3504,2.27307,0,11.4858,2.30988,0,1731,83836462832
44.4062,22.5194,77.2182,0,100,85,74,1392,3504,2.27307,0,11.4858,2.30988,0,1731,83858982894
41.4996,24.0966,77.2182,0,100,85,74,1392,3504,2.27307,0,11.4858,2.30988,0,1731,83883080410
38.393,26.0464,77.2182,0,100,85,74,1392,3504,2.27307,0,11.4858,2.30988,0,1731,83909144939
43.3497,23.0682,77.2182,0,100,85,74,1392,3504,2.27307,0,11.4858,2.30988,0,1731,83932219085
37.6634,26.551,77.2182,0,100,85,74,1392,3504,2.27307,0,11.4858,2.30988,0,1731,83958775190
42.3018,23.6397,74.6231,0,100,84,74,1392,3504,2.27307,0,11.4878,2.30988,0,1777,83982391243
39.6061,25.2486,74.6231,0,100,84,74,1392,3504,2.27307,0,11.4878,2.30988,0,1777,84007639552
45.2935,22.0782,74.6231,0,100,84,74,1392,3504,2.27307,0,11.4878,2.30988,0,1777,84029738287
41.5785,24.0509,74.6231,0,100,84,74,1392,3504,2.27307,0,11.4878,2.30988,0,1777,84053802848
42.183,23.7062,74.6231,0,100,84,74,1392,3504,2.27307,0,11.4878,2.30988,0,1777,84077509787
37.4878,26.6753,74.6231,0,100,84,74,1392,3504,2.27307,0,11.4878,2.30988,0,1777,84104174455
45.8366,21.8166,74.6231,0,100,84,74,1392,3504,2.27307,0,11.4878,2.30988,0,1777,84126003613
37.6268,26.5768,74.6231,0,100,84,74,1392,3504,2.27307,0,11.4878,2.30988,0,1777,84152569379
43.7766,22.8432,74.6231,0,100,84,74,1392,3504,2.27307,0,11.4878,2.30988,0,1777,84175435335
40.622,24.6172,74.6231,0,100,84,74,1392,3504,2.27307,0,11.4878,2.30988,0,1777,84200032311
38.1165,26.2354,74.6231,0,100,84,74,1392,3504,2.27307,0,11.4878,2.30988,0,1777,84226290507
44.4624,22.4909,74.6231,0,100,84,74,1392,3504,2.27307,0,11.4878,2.30988,0,1777,84248783627
36.4717,27.4185,74.6231,0,100,84,74,1392,3504,2.27307,0,11.4878,2.30988,0,1777,84276206849
42.8171,23.3552,74.6231,0,100,84,74,1392,3504,2.27307,0,11.4878,2.30988,0,1777,84299559152
43.1648,23.167,74.6231,0,100,84,74,1392,3504,2.27307,0,11.4878,2.30988,0,1777,84322747982
41.2836,24.2227,74.6231,0,100,84,74,1392,3504,2.27307,0,11.4878,2.30988,0,1777,84346962572
36.347,27.5126,74.6231,0,100,84,74,1392,3504,2.27307,0,11.4878,2.30988,0,1777,84374464053
39.341,25.4188,74.6231,0,100,84,74,1392,3504,2.27307,0,11.4878,2.30988,0,1777,84399885347
45.3655,22.0432,74.6231,0,100,84,74,1392,3504,2.27307,0,11.4878,2.30988,0,1777,84421928461
43.1594,23.1699,74.6231,0,100,84,74,1392,3504,2.27307,0,11.4878,2.30988,0,1777,84445099479
34.3551,29.1078,74.6231,0,100,84,74,1392,3504,2.27307,0,11.4878,2.30988,0,1777,84474234316
46.4711,21.5188,69.7561,0,100,84,74,1394,3504,2.27307,0,11.488,2.30988,0,1721,84495728489
39.9517,25.0302,69.7561,0,100,84,74,1394,3504,2.27307,0,11.488,2.30988,0,1721,84520759457
39.4465,25.3508,69.7561,0,100,84,74,1394,3504,2.27307,0,11.488,2.30988,0,1721,84546111104
43.0321,23.2385,69.7561,0,100,84,74,1394,3504,2.27307,0,11.488,2.30988,0,1721,84569350403
43.5853,22.9435,69.7561,0,100,84,74,1394,3504,2.27307,0,11.488,2.30988,0,1721,84592316283
44.1172,22.6669,69.7561,0,100,84,74,1394,3504,2.27307,0,11.488,2.30988,0,1721,84614963543
36.3495,27.5107,69.7561,0,100,84,74,1394,3504,2.27307,0,11.488,2.30988,0,1721,84642493781
40.3854,24.7614,69.7561,0,100,84,74,1394,3504,2.27307,0,11.488,2.30988,0,1721,84667238841
38.923,25.6918,69.7561,0,100,84,74,1394,3504,2.27307,0,11.488,2.30988,0,1721,84692952919
42.2991,23.6412,69.7561,0,100,84,74,1394,3504,2.27307,0,11.488,2.30988,0,1721,84716592267
48.2393,20.73,69.7561,0,100,84,74,1394,3504,2.27307,0,11.488,2.30988,0,1721,84737306037
39.1429,25.5474,69.7561,0,100,84,74,1394,3504,2.27307,0,11.488,2.30988,0,1721,84762854649
44.7102,22.3662,69.7561,0,100,84,74,1394,3504,2.27307,0,11.488,2.30988,0,1721,84785221429
40.8479,24.4811,69.7561,0,100,84,74,1394,3504,2.27307,0,11.488,2.30988,0,1721,84809716151
42.0031,23.8077,69.7561,0,100,84,74,1394,3504,2.27307,0,11.488,2.30988,0,1721,84833510233
43.2888,23.1007,69.7561,0,100,84,74,1394,3504,2.27307,0,11.488,2.30988,0,1721,84856613915
42.5982,23.4751,69.7561,0,100,84,74,1394,3504,2.27307,0,11.488,2.30988,0,1721,84880090095
37.8108,26.4475,69.7561,0,100,84,74,1394,3504,2.27307,0,11.488,2.30988,0,1721,84906538965
44.5102,22.4667,69.7561,0,100,84,74,1394,3504,2.27307,0,11.488,2.30988,0,1721,84929006616
42.5526,23.5003,69.7561,0,100,84,74,1394,3504,2.27307,0,11.488,2.30988,0,1721,84952527764
36.4178,27.4591,69.7561,0,100,84,74,1394,3504,2.27307,0,11.488,2.30988,0,1721,84979991635
42.1973,23.6982,75.6962,0,100,83,74,1401,3504,2.27307,0,11.4761,2.30988,0,1746,85003686576
43.4098,23.0363,75.6962,0,100,83,74,1401,3504,2.27307,0,11.4761,2.30988,0,1746,85026745113
34.557,28.9377,75.6962,0,100,83,74,1401,3504,2.27307,0,11.4761,2.30988,0,1746,85055663651
49.7662,20.094,75.6962,0,100,83,74,1401,3504,2.27307,0,11.4761,2.30988,0,1746,85075780698
43.2109,23.1423,75.6962,0,100,83,74,1401,3504,2.27307,0,11.4761,2.30988,0,1746,85098901682
40.9667,24.4101,75.6962,0,100,83,74,1401,3504,2.27307,0,11.4761,2.30988,0,1746,85123333819
44.1784,22.6355,75.6962,0,100,83,74,1401,3504,2.27307,0,11.4761,2.30988,0,1746,85145950757
39.866,25.084,75.6962,0,100,83,74,1401,3504,2.27307,0,11.4761,2.30988,0,1746,85171046984
37.8024,26.4534,75.6962,0,100,83,74,1401,3504,2.27307,0,11.4761,2.30988,0,1746,85197489895
43.2948,23.0975,75.6962,0,100,83,74,1401,3504,2.27307,0,11.4761,2.30988,0,1746,85220588864
39.8286,25.1076,75.6962,0,100,83,74,1401,3504,2.27307,0,11.4761,2.30988,0,1746,85245719204
44.4023,22.5214,75.6962,0,100,83,74,1401,3504,2.27307,0,11.4761,2.30988,0,1746,85268240862
40.3336,24.7932,75.6962,0,100,83,74,1401,3504,2.27307,0,11.4761,2.30988,0,1746,85293014677
40.299,24.8145,75.6962,0,100,83,74,1401,3504,2.27307,0,11.4761,2.30988,0,1746,85317852172
42.9221,23.298,75.6962,0,100,83,74,1401,3504,2.27307,0,11.4761,2.30988,0,1746,85341141497
36.902,27.0988,75.6962,0,100,83,74,1401,3504,2.27307,0,11.4761,2.30988,0,1746,85368229613
50.7523,19.7036,75.6962,0,100,83,74,1401,3504,2.27307,0,11.4761,2.30988,0,1746,85387934422
41.2626,24.235,75.6962,0,100,83,74,1401,3504,2.27307,0,11.4761,2.30988,0,1746,85412169379
39.7259,25.1725,75.6962,0,100,83,74,1401,3504,2.27307,0,11.4761,2.30988,0,1746,85437343513
38.1573,26.2073,75.6962,0,100,83,74,1401,3504,2.27307,0,11.4761,2.30988,0,1746,85463551727
50.1329,19.947,75.6962,0,100,83,74,1401,3504,2.27307,0,11.4761,2.30988,0,1746,85483503781
36.6065,27.3176,69.3267,0,100,83,74,1401,3504,2.27307,0,11.4753,2.30988,0,1730,85510818350
41.7162,23.9715,69.3267,0,100,83,74,1401,3504,2.27307,0,11.4753,2.30988,0,1730,85534789386
46.1083,21.6881,69.3267,0,100,83,74,1401,3504,2.27307,0,11.4753,2.30988,0,1730,85556478345
45.3025,22.0738,69.3267,0,100,83,74,1401,3504,2.27307,0,11.4753,2.30988,0,1730,85578553247
33.6951,29.6779,69.3267,0,100,83,74,1401,3504,2.27307,0,11.4753,2.30988,0,1730,85608232954
45.6814,21.8907,69.3267,0,100,83,74,1401,3504,2.27307,0,11.4753,2.30988,0,1730,85630142060
42.8827,23.3194,69.3267,0,100,83,74,1401,3504,2.27307,0,11.4753,2.30988,0,1730,85653443941
42.4934,23.5331,69.3267,0,100,83,74,1401,3504,2.27307,0,11.4753,2.30988,0,1730,85676978570
43.0124,23.2491,69.3267,0,100,83,74,1401,3504,2.27307,0,11.4753,2.30988,0,1730,85700249906
54.8169,18.2426,69.3267,0,100,83,74,1401,3504,2.27307,0,11.4753,2.30988,0,1730,85718485127
42.7956,23.3669,69.3267,0,100,83,74,1401,3504,2.27307,0,11.4753,2.30988,0,1730,85741854385
43.4909,22.9933,69.3267,0,100,83,74,1401,3504,2.27307,0,11.4753,2.30988,0,1730,85764848051
40.3782,24.7658,69.3267,0,100,83,74,1401,3504,2.27307,0,11.4753,2.30988,0,1730,85789615068
43.4096,23.0364,69.3267,0,100,83,74,1401,3504,2.27307,0,11.4753,2.30988,0,1730,85812652570
37.8523,26.4185,69.3267,0,100,83,74,1401,3504,2.27307,0,11.4753,2.30988,0,1730,85839074373
46.3116,21.5928,69.3267,0,100,83,74,1401,3504,2.27307,0,11.4753,2.30988,0,1730,85860668537
41.4835,24.106,69.3267,0,100,83,74,1401,3504,2.27307,0,11.4753,2.30988,0,1730,85884786268
41.3561,24.1802,69.3267,0,100,83,74,1401,3504,2.27307,0,11.4753,2.30988,0,1730,85908966421
42.9685,23.2728,69.3267,0,100,83,74,1401,3504,2.27307,0,11.4753,2.30988,0,1730,85932240582
41.4676,24.1152,69.3267,0,100,83,74,1401,3504,2.27307,0,11.4753,2.30988,0,1730,85956356294
42.0263,23.7946,69.3267,0,100,83,74,1401,3504,2.27307,0,11.4753,2.30988,0,1730,85980153034
41.0578,24.3559,69.3267,0,100,83,74,1401,3504,2.27307,0,11.4753,2.30988,0,1730,86004515933
42.1676,23.7149,54.9398,0,100,92,74,1410,3504,2.27307,0,11.4752,2.30988,0,3422,86028226306
42.1311,23.7354,54.9398,0,100,92,74,1410,3504,2.27307,0,11.4752,2.30988,0,3422,86051962556
42.2867,23.6481,54.9398,0,100,92,74,1410,3504,2.27307,0,11.4752,2.30988,0,3422,86075624890
41.1326,24.3116,54.9398,0,100,92,74,1410,3504,2.27307,0,11.4752,2.30988,0,3422,86099925299
40.8007,24.5094,54.9398,0,100,92,74,1410,3504,2.27307,0,11.4752,2.30988,0,3422,86124434551
42.6783,23.4311,54.9398,0,100,92,74,1410,3504,2.27307,0,11.4752,2.30988,0,3422,86147869122
41.3568,24.1798,54.9398,0,100,92,74,1410,3504,2.27307,0,11.4752,2.30988,0,3422,86172049189
42.6526,23.4452,54.9398,0,100,92,74,1410,3504,2.27307,0,11.4752,2.30988,0,3422,86195495580
42.0663,23.772,54.9398,0,100,92,74,1410,3504,2.27307,0,11.4752,2.30988,0,3422,86219270767
42.1034,23.751,54.9398,0,100,92,74,1410,3504,2.27307,0,11.4752,2.30988,0,3422,86243022134
41.8136,23.9157,54.9398,0,100,92,74,1410,3504,2.27307,0,11.4752,2.30988,0,3422,86266950307
42.2706,23.6571,54.9398,0,100,92,74,1410,3504,2.27307,0,11.4752,2.30988,0,3422,86290596407
41.2991,24.2136,54.9398,0,100,92,74,1410,3504,2.27307,0,11.4752,2.30988,0,3422,86314810233
41.2146,24.2632,54.9398,0,100,92,74,1410,3504,2.27307,0,11.4752,2.30988,0,3422,86339075246
41.9021,23.8651,54.9398,0,100,92,74,1410,3504,2.27307,0,11.4752,2.30988,0,3422,86362943572
41.7324,23.9622,54.9398,0,100,92,74,1410,3504,2.27307,0,11.4752,2.30988,0,3422,86386906018
42.6493,23.447,54.9398,0,100,92,74,1410,3504,2.27307,0,11.4752,2.30988,0,3422,86410353364
40.5771,24.6445,54.9398,0,100,92,74,1410,3504,2.27307,0,11.4752,2.30988,0,3422,86434998758
42.2269,23.6816,54.9398,0,100,92,74,1410,3504,2.27307,0,11.4752,2.30988,0,3422,86458682470
40.0305,24.981,54.9398,0,100,92,74,1410,3504,2.27307,0,11.4752,2.30988,0,3422,86483663996
43.752,22.8561,54.9398,0,100,92,74,1410,3504,2.27307,0,11.4752,2.30988,0,3422,86506524854
41.6357,24.0179,37.6238,0,100,92,74,1417,3504,2.27307,0,11.4755,2.30988,0,3402,86530539193
41.4553,24.1223,37.6238,0,100,92,74,1417,3504,2.27307,0,11.4755,2.30988,0,3402,86554662978
42.8284,23.349,37.6238,0,100,92,74,1417,3504,2.27307,0,11.4755,2.30988,0,3402,86578013712
41.846,23.8971,37.6238,0,100,92,74,1417,3504,2.27307,0,11.4755,2.30988,0,3402,86601911862
41.6038,24.0363,37.6238,0,100,92,74,1417,3504,2.27307,0,11.4755,2.30988,0,3402,86625948541
40.1318,24.9179,37.6238,0,100,92,74,1417,3504,2.27307,0,11.4755,2.30988,0,3402,86650866958
43.6664,22.9009,37.6238,0,100,92,74,1417,3504,2.27307,0,11.4755,2.30988,0,3402,86673773412
42.6152,23.4658,37.6238,0,100,92,74,1417,3504,2.27307,0,11.4755,2.30988,0,3402,86697237523
40.5403,24.6668,37.6238,0,100,92,74,1417,3504,2.27307,0,11.4755,2.30988,0,3402,86721907771
42.2799,23.6519,37.6238,0,100,92,74,1417,3504,2.27307,0,11.4755,2.30988,0,3402,86745558566
41.2605,24.2363,37.6238,0,100,92,74,1417,3504,2.27307,0,11.4755,2.30988,0,3402,86769812608
41.607,24.0344,37.6238,0,100,92,74,1417,3504,2.27307,0,11.4755,2.30988,0,3402,86793830650
42.3371,23.62,37.6238,0,100,92,74,1417,3504,2.27307,0,11.4755,2.30988,0,3402,86817452297
40.9712,24.4074,37.6238,0,100,92,74,1417,3504,2.27307,0,11.4755,2.30988,0,3402,86841860673
41.5481,24.0685,37.6238,0,100,92,74,1417,3504,2.27307,0,11.4755,2.30988,0,3402,86865928901
41.7551,23.9492,37.6238,0,100,92,74,1417,3504,2.27307,0,11.4755,2.30988,0,3402,86889879456
42.9337,23.2917,37.6238,0,100,92,74,1417,3504,2.27307,0,11.4755,2.30988,0,3402,86913173058
39.4819,25.3281,37.6238,0,100,92,74,1417,3504,2.27307,0,11.4755,2.30988,0,3402,86938501862
42.7736,23.3789,37.6238,0,100,92,74,1417,3504,2.27307,0,11.4755,2.30988,0,3402,86961881716
42.1282,23.7371,37.6238,0,100,92,74,1417,3504,2.27307,0,11.4755,2.30988,0,3402,86985620542
41.8727,23.8819,37.6238,0,100,92,74,1417,3504,2.27307,0,11.4755,2.30988,0,3402,87009508895
42.0549,23.7785,42.6108,0,100,91,74,1417,3504,2.27307,0,11.4906,2.30988,0,3400,87033283329
42.3879,23.5917,42.6108,0,100,91,74,1417,3504,2.27307,0,11.4906,2.30988,0,3400,87056877173
40.5057,24.6879,42.6108,0,100,91,74,1417,3504,2.27307,0,11.4906,2.30988,0,3400,87081565417
42.3871,23.5921,42.6108,0,100,91,74,1417,3504,2.27307,0,11.4906,2.30988,0,3400,87105159115
40.0116,24.9928,42.6108,0,100,91,74,1417,3504,2.27307,0,11.4906,2.30988,0,3400,87130152753
42.7403,23.3971,42.6108,0,100,91,74,1417,3504,2.27307,0,11.4906,2.30988,0,3400,87153551351
42.397,23.5866,42.6108,0,100,91,74,1417,3504,2.27307,0,11.4906,2.30988,0,3400,87177139632
43.388,23.0479,42.6108,0,100,91,74,1417,3504,2.27307,0,11.4906,2.30988,0,3400,87200188013
40.9997,24.3904,42.6108,0,100,91,74,1417,3504,2.27307,0,11.4906,2.30988,0,3400,87224578917
41.7313,23.9628,42.6108,0,100,91,74,1417,3504,2.27307,0,11.4906,2.30988,0,3400,87248542480
42.0359,23.7892,42.6108,0,100,91,74,1417,3504,2.27307,0,11.4906,2.30988,0,3400,87272333425
41.0572,24.3562,42.6108,0,100,91,74,1417,3504,2.27307,0,11.4906,2.30988,0,3400,87296691574
42.1111,23.7467,42.6108,0,100,91,74,1417,3504,2.27307,0,11.4906,2.30988,0,3400,87320439772
41.7647,23.9437,42.6108,0,100,91,74,1417,3504,2.27307,0,11.4906,2.30988,0,3400,87344383534
41.8801,23.8777,42.6108,0,100,91,74,1417,3504,2.27307,0,11.4906,2.30988,0,3400,87368261390
42.5566,23.4981,42.6108,0,100,91,74,1417,3504,2.27307,0,11.4906,2.30988,0,3400,87391761220
41.0981,24.332,42.6108,0,100,91,74,1417,3504,2.27307,0,11.4906,2.30988,0,3400,87416096970
42.6314,23.4569,42.6108,0,100,91,74,1417,3504,2.27307,0,11.4906,2.30988,0,3400,87439552348
40.3534,24.7811,42.6108,0,100,91,74,1417,3504,2.27307,0,11.4906,2.30988,0,3400,87464352215
42.7654,23.3834,42.6108,0,100,91,74,1417,3504,2.27307,0,11.4906,2.30988,0,3400,87487719827
42.5332,23.511,42.6108,0,100,91,74,1417,3504,2.27307,0,11.4906,2.30988,0,3400,87511237100
40.9123,24.4425,40.8978,0,100,91,74,1417,3504,2.27307,0,11.4906,2.30988,0,3428,87535676431
41.5395,24.0735,40.8978,0,100,91,74,1417,3504,2.27307,0,11.4906,2.30988,0,3428,87559751946
42.9829,23.2651,40.8978,0,100,91,74,1417,3504,2.27307,0,11.4906,2.30988,0,3428,87583017048
40.7907,24.5154,40.8978,0,100,91,74,1417,3504,2.27307,0,11.4906,2.30988,0,3428,87607534232
42.8995,23.3103,40.8978,0,100,91,74,1417,3504,2.27307,0,11.4906,2.30988,0,3428,87630846264
41.433,24.1354,40.8978,0,100,91,74,1417,3504,2.27307,0,11.4906,2.30988,0,3428,87654991551
41.2765,24.2269,40.8978,0,100,91,74,1417,3504,2.27307,0,11.4906,2.30988,0,3428,87679219577
42.825,23.3509,40.8978,0,100,91,74,1417,3504,2.27307,0,11.4906,2.30988,0,3428,87702571025
41.2467,24.2444,40.8978,0,100,91,74,1417,3504,2.27307,0,11.4906,2.30988,0,3428,87726817624
42.0474,23.7827,40.8978,0,100,91,74,1417,3504,2.27307,0,11.4906,2.30988,0,3428,87750600788
42.9024,23.3087,40.8978,0,100,91,74,1417,3504,2.27307,0,11.4906,2.30988,0,3428,87773910715
40.5787,24.6435,40.8978,0,100,91,74,1417,3504,2.27307,0,11.4906,2.30988,0,3428,87798554734
40.7689,24.5285,40.8978,0,100,91,74,1417,3504,2.27307,0,11.4906,2.30988,0,3428,87823084949
43.8267,22.8171,40.8978,0,100,91,74,1417,3504,2.27307,0,11.4906,2.30988,0,3428,87845904013
40.5633,24.6528,40.8978,0,100,91,74,1417,3504,2.27307,0,11.4906,2.30988,0,3428,87870557631
42.9827,23.2652,40.8978,0,100,91,74,1417,3504,2.27307,0,11.4906,2.30988,0,3428,87893824557
41.9267,23.8511,40.8978,0,100,91,74,1417,3504,2.27307,0,11.4906,2.30988,0,3428,87917688173
41.3461,24.1861,40.8978,0,100,91,74,1417,3504,2.27307,0,11.4906,2.30988,0,3428,87941864441
40.786,24.5182,40.8978,0,100,91,74,1417,3504,2.27307,0,11.4906,2.30988,0,3428,87966382406
42.9863,23.2632,40.8978,0,100,91,74,1417,3504,2.27307,0,11.4906,2.30988,0,3428,87989647122
43.2824,23.1041,40.8978,0,100,91,74,1417,3504,2.27307,0,11.4906,2.30988,0,3428,88012759932
39.2326,25.489,42.25,0,100,92,74,1417,3504,2.27307,0,11.491,2.30988,0,3400,88038243968
42.8598,23.3319,42.25,0,100,92,74,1417,3504,2.27307,0,11.491,2.30988,0,3400,88061576848
44.7959,22.3235,42.25,0,100,92,74,1417,3504,2.27307,0,11.491,2.30988,0,3400,88083901397
41.1993,24.2723,42.25,0,100,92,74,1417,3504,2.27307,0,11.491,2.30988,0,3400,88108174456
42.6951,23.4219,42.25,0,100,92,74,1417,3504,2.27307,0,11.491,2.30988,0,3400,88131596943
40.6553,24.597,42.25,0,100,92,74,1417,3504,2.27307,0,11.491,2.30988,0,3400,88156195842
42.4725,23.5446,42.25,0,100,92,74,1417,3504,2.27307,0,11.491,2.30988,0,3400,88179741128
41.9399,23.8437,42.25,0,100,92,74,1417,3504,2.27307,0,11.491,2.30988,0,3400,88203604397
42.1377,23.7317,42.25,0,100,92,74,1417,3504,2.27307,0,11.491,2.30988,0,3400,88227319971
41.6213,24.0262,42.25,0,100,92,74,1417,3504,2.27307,0,11.491,2.30988,0,3400,88251348323
39.4095,25.3746,42.25,0,100,92,74,1417,3504,2.27307,0,11.491,2.30988,0,3400,88276736325
45.4387,22.0077,42.25,0,100,92,74,1417,3504,2.27307,0,11.491,2.30988,0,3400,88298732816
43.2673,23.1122,42.25,0,100,92,74,1417,3504,2.27307,0,11.491,2.30988,0,3400,88321847936
40.0098,24.9939,42.25,0,100,92,74,1417,3504,2.27307,0,11.491,2.30988,0,3400,88346853795
42.7299,23.4028,42.25,0,100,92,74,1417,3504,2.27307,0,11.491,2.30988,0,3400,88370247833
41.7093,23.9754,42.25,0,100,92,74,1417,3504,2.27307,0,11.491,2.30988,0,3400,88394224463
41.9359,23.8459,42.25,0,100,92,74,1417,3504,2.27307,0,11.491,2.30988,0,3400,88418072440
41.8092,23.9182,42.25,0,100,92,74,1417,3504,2.27307,0,11.491,2.30988,0,3400,88441989419
42.7073,23.4152,42.25,0,100,92,74,1417,3504,2.27307,0,11.491,2.30988,0,3400,88465406493
42.1777,23.7092,42.25,0,100,92,74,1417,3504,2.27307,0,11.491,2.30988,0,3400,88489116880
41.2278,24.2555,42.25,0,100,92,74,1417,3504,2.27307,0,11.491,2.30988,0,3400,88513376572
41.5164,24.0869,42.7136,0,100,92,74,1417,3504,2.27307,0,11.491,2.30988,0,3400,88537459962
42.1644,23.7167,42.7136,0,100,92,74,1417,3504,2.27307,0,11.491,2.30988,0,3400,88561180324
42.4029,23.5833,42.7136,0,100,92,74,1417,3504,2.27307,0,11.491,2.30988,0,3400,88584763695
42.0682,23.7709,42.7136,0,100,92,74,1417,3504,2.27307,0,11.491,2.30988,0,3400,88608537005
41.4219,24.1418,42.7136,0,100,92,74,1417,3504,2.27307,0,11.491,2.30988,0,3400,88632679427
42.5534,23.4999,42.7136,0,100,92,74,1417,3504,2.27307,0,11.491,2.30988,0,3400,88656178984
41.9586,23.833,42.7136,0,100,92,74,1417,3504,2.27307,0,11.491,2.30988,0,3400,88680013814
41.1129,24.3233,42.7136,0,100,92,74,1417,3504,2.27307,0,11.491,2.30988,0,3400,88704337488
42.5932,23.4779,42.7136,0,100,92,74,1417,3504,2.27307,0,11.491,2.30988,0,3400,88727817231
40.8384,24.4868,42.7136,0,100,92,74,1417,3504,2.27307,0,11.491,2.30988,0,3400,88752304940
37.8051,26.4515,42.7136,0,100,92,74,1417,3504,2.27307,0,11.491,2.30988,0,3400,88778781396
48.3806,20.6695,42.7136,0,100,92,74,1417,3504,2.27307,0,11.491,2.30988,0,3400,88799453746
41.4939,24.1,42.7136,0,100,92,74,1417,3504,2.27307,0,11.491,2.30988,0,3400,88823555651
42.2367,23.6761,42.7136,0,100,92,74,1417,3504,2.27307,0,11.491,2.30988,0,3400,88847231862
41.9498,23.838,42.7136,0,100,92,74,1417,3504,2.27307,0,11.491,2.30988,0,3400,88871072289
41.7654,23.9433,42.7136,0,100,92,74,1417,3504,2.27307,0,11.491,2.30988,0,3400,88895016028
45.7499,21.858,42.7136,0,100,92,74,1417,3504,2.27307,0,11.491,2.30988,0,3400,88916874868
43.3176,23.0853,42.7136,0,100,92,74,1417,3504,2.27307,0,11.491,2.30988,0,3400,88939960412
40.4939,24.6951,42.7136,0,100,92,74,1417,3504,2.27307,0,11.491,2.30988,0,3400,88964657747
47.172,21.199,42.7136,0,100,92,74,1417,3504,2.27307,0,11.491,2.30988,0,3400,88985870979
40.0589,24.9632,42.7136,0,100,92,74,1417,3504,2.27307,0,11.491,2.30988,0,3400,89010834693
38.8012,25.7724,42.7136,0,100,92,74,1417,3504,2.27307,0,11.491,2.30988,0,3400,89036615479
45.9391,21.7679,50.8475,0,100,91,74,1433,3504,2.27302,0,11.5096,2.30988,0,3400,89058377770
45.3385,22.0563,50.8475,0,100,91,74,1433,3504,2.27302,0,11.5096,2.30988,0,3400,89080436412
42.9027,23.3085,50.8475,0,100,91,74,1433,3504,2.27302,0,11.5096,2.30988,0,3400,89103745283
43.0653,23.2205,50.8475,0,100,91,74,1433,3504,2.27302,0,11.5096,2.30988,0,3400,89126966444
43.4431,23.0186,50.8475,0,100,91,74,1433,3504,2.27302,0,11.5096,2.30988,0,3400,89149985059
43.8314,22.8147,50.8475,0,100,91,74,1433,3504,2.27302,0,11.5096,2.30988,0,3400,89172800868
43.3176,23.0853,50.8475,0,100,91,74,1433,3504,2.27302,0,11.5096,2.30988,0,3400,89195887469
41.7389,23.9585,50.8475,0,100,91,74,1433,3504,2.27302,0,11.5096,2.30988,0,3400,89219847053
43.3928,23.0453,50.8475,0,100,91,74,1433,3504,2.27302,0,11.5096,2.30988,0,3400,89242893761
42.6736,23.4337,50.8475,0,100,91,74,1433,3504,2.27302,0,11.5096,2.30988,0,3400,89266328161
42.2684,23.6583,50.8475,0,100,91,74,1433,3504,2.27302,0,11.5096,2.30988,0,3400,89289987092
43.1703,23.1641,50.8475,0,100,91,74,1433,3504,2.27302,0,11.5096,2.30988,0,3400,89313152949
41.9627,23.8307,50.8475,0,100,91,74,1433,3504,2.27302,0,11.5096,2.30988,0,3400,89336984546
46.2855,21.605,50.8475,0,100,91,74,1433,3504,2.27302,0,11.5096,2.30988,0,3400,89358591099
40.9575,24.4155,50.8475,0,100,91,74,1433,3504,2.27302,0,11.5096,2.30988,0,3400,89383007903
43.057,23.225,50.8475,0,100,91,74,1433,3504,2.27302,0,11.5096,2.30988,0,3400,89406233451
44.3601,22.5428,50.8475,0,100,91,74,1433,3504,2.27302,0,11.5096,2.30988,0,3400,89428776819
43.7933,22.8346,50.8475,0,100,91,74,1433,3504,2.27302,0,11.5096,2.30988,0,3400,89451612364
43.6955,22.8857,50.8475,0,100,91,74,1433,3504,2.27302,0,11.5096,2.30988,0,3400,89474498103
41.3327,24.1939,50.8475,0,100,91,74,1433,3504,2.27302,0,11.5096,2.30988,0,3400,89498693111
43.4463,23.0169,50.8475,0,100,91,74,1433,3504,2.27302,0,11.5096,2.30988,0,3400,89521711123
42.5537,23.4997,50.8475,0,100,91,74,1433,3504,2.27302,0,11.5096,2.30988,0,3400,89545217478
42.4103,23.5792,45.8034,0,100,91,74,1433,3504,2.27302,0,11.5029,2.30988,0,3401,89568793622
42.6404,23.4519,45.8034,0,100,91,74,1433,3504,2.27302,0,11.5029,2.30988,0,3401,89592264422
43.0053,23.2529,45.8034,0,100,91,74,1433,3504,2.27302,0,11.5029,2.30988,0,3401,89615499840
44.7426,22.35,45.8034,0,100,91,74,1433,3504,2.27302,0,11.5029,2.30988,0,3401,89637852427
43.1016,23.201,45.8034,0,100,91,74,1433,3504,2.27302,0,11.5029,2.30988,0,3401,89661053476
42.5951,23.4769,45.8034,0,100,91,74,1433,3504,2.27302,0,11.5029,2.30988,0,3401,89684531278
43.2758,23.1076,45.8034,0,100,91,74,1433,3504,2.27302,0,11.5029,2.30988,0,3401,89707640586
43.4,23.0415,45.8034,0,100,91,74,1433,3504,2.27302,0,11.5029,2.30988,0,3401,89730684067
42.5117,23.5229,45.8034,0,100,91,74,1433,3504,2.27302,0,11.5029,2.30988,0,3401,89754208453
43.9916,22.7316,45.8034,0,100,91,74,1433,3504,2.27302,0,11.5029,2.30988,0,3401,89776957863
40.7715,24.5269,45.8034,0,100,91,74,1433,3504,2.27302,0,11.5029,2.30988,0,3401,89801468537
47.6963,20.966,45.8034,0,100,91,74,1433,3504,2.27302,0,11.5029,2.30988,0,3401,89822448643
30.1329,33.1864,45.8034,0,100,91,74,1433,3504,2.27302,0,11.5029,2.30988,0,3401,89855634962
28.8856,34.6193,45.8034,0,100,91,74,1433,3504,2.27302,0,11.5029,2.30988,0,3401,89890242552
51.7178,19.3357,45.8034,0,100,91,74,1433,3504,2.27302,0,11.5029,2.30988,0,3401,89909580507
69.882,14.3098,45.8034,0,100,91,74,1433,3504,2.27302,0,11.5029,2.30988,0,3401,89923891229
38.5783,25.9213,45.8034,0,100,91,74,1433,3504,2.27302,0,11.5029,2.30988,0,3401,89949813556
62.8885,15.9012,45.8034,0,100,91,74,1433,3504,2.27302,0,11.5029,2.30988,0,3401,89965715688
59.9783,16.6727,45.8034,0,100,91,74,1433,3504,2.27302,0,11.5029,2.30988,0,3401,89982389540
41.8205,23.9117,45.8034,0,100,91,74,1433,3504,2.27302,0,11.5029,2.30988,0,3401,90006302387
46.9667,21.2917,45.8034,0,100,91,74,1433,3504,2.27302,0,11.5029,2.30988,0,3401,90027595336
46.6593,21.432,45.8034,0,100,91,74,1433,3504,2.27302,0,11.5029,2.30988,0,3401,90049032135
45.9025,21.7853,49.4872,0,100,87,74,1455,3504,2.27301,0,11.4954,2.30988,0,3400,90070816303
24.822,40.2868,49.4872,0,100,87,74,1455,3504,2.27301,0,11.4954,2.30988,0,3400,90111107950
93.3824,10.7087,49.4872,0,100,87,74,1455,3504,2.27301,0,11.4954,2.30988,0,3400,90121814178
53.5294,18.6813,49.4872,0,100,87,74,1455,3504,2.27301,0,11.4954,2.30988,0,3400,90140495964
46.6541,21.4343,49.4872,0,100,87,74,1455,3504,2.27301,0,11.4954,2.30988,0,3400,90161931293
42.2338,23.6777,49.4872,0,100,87,74,1455,3504,2.27301,0,11.4954,2.30988,0,3400,90185610277
46.1434,21.6716,49.4872,0,100,87,74,1455,3504,2.27301,0,11.4954,2.30988,0,3400,90207282672
42.8626,23.3303,49.4872,0,100,87,74,1455,3504,2.27301,0,11.4954,2.30988,0,3400,90230613529
43.4707,23.004,49.4872,0,100,87,74,1455,3504,2.27301,0,11.4954,2.30988,0,3400,90253618532
45.1602,22.1434,49.4872,0,100,87,74,1455,3504,2.27301,0,11.4954,2.30988,0,3400,90275764281
45.1951,22.1263,49.4872,0,100,87,74,1455,3504,2.27301,0,11.4954,2.30988,0,3400,90297891840
35.3791,28.2652,49.4872,0,100,87,74,1455,3504,2.27301,0,11.4954,2.30988,0,3400,90326158109
56.9289,17.5658,49.4872,0,100,87,74,1455,3504,2.27301,0,11.4954,2.30988,0,3400,90343724553
45.6706,21.8959,49.4872,0,100,87,74,1455,3504,2.27301,0,11.4954,2.30988,0,3400,90365622173
44.4002,22.5224,49.4872,0,100,87,74,1455,3504,2.27301,0,11.4954,2.30988,0,3400,90388146361
44.9611,22.2415,49.4872,0,100,87,74,1455,3504,2.27301,0,11.4954,2.30988,0,3400,90410388120
43.1143,23.1942,49.4872,0,100,87,74,1455,3504,2.27301,0,11.4954,2.30988,0,3400,90433583528
44.7508,22.346,49.4872,0,100,87,74,1455,3504,2.27301,0,11.4954,2.30988,0,3400,90455930388
44.0644,22.6941,49.4872,0,100,87,74,1455,3504,2.27301,0,11.4954,2.30988,0,3400,90478625940
42.2651,23.6602,49.4872,0,100,87,74,1455,3504,2.27301,0,11.4954,2.30988,0,3400,90502287064
44.0748,22.6887,49.4872,0,100,87,74,1455,3504,2.27301,0,11.4954,2.30988,0,3400,90524977056
42.1252,23.7388,49.4872,0,100,87,74,1455,3504,2.27301,0,11.4954,2.30988,0,3400,90548716469
44.5238,22.4599,49.4872,0,100,87,74,1455,3504,2.27301,0,11.4954,2.30988,0,3400,90571192944
43.6305,22.9198,67.8571,0,99,87,74,1455,3504,2.27681,0,11.4955,2.30988,0,3400,90594098642
44.5665,22.4384,67.8571,0,99,87,74,1455,3504,2.27681,0,11.4955,2.30988,0,3400,90616538524
42.5606,23.4959,67.8571,0,99,87,74,1455,3504,2.27681,0,11.4955,2.30988,0,3400,90640035053
48.2665,20.7183,67.8571,0,99,87,74,1455,3504,2.27681,0,11.4955,2.30988,0,3400,90660753742
27.382,36.5203,67.8571,0,99,87,74,1455,3504,2.27681,0,11.4955,2.30988,0,3400,90697275990
56.0006,17.857,67.8571,0,99,87,74,1455,3504,2.27681,0,11.4955,2.30988,0,3400,90715145301
53.4659,18.7035,67.8571,0,99,87,74,1455,3504,2.27681,0,11.4955,2.30988,0,3400,90733838066
44.2522,22.5978,67.8571,0,99,87,74,1455,3504,2.27681,0,11.4955,2.30988,0,3400,90756438599
43.2966,23.0965,67.8571,0,99,87,74,1455,3504,2.27681,0,11.4955,2.30988,0,3400,90779535247
43.2633,23.1143,67.8571,0,99,87,74,1455,3504,2.27681,0,11.4955,2.30988,0,3400,90802652699
42.499,23.5299,67.8571,0,99,87,74,1455,3504,2.27681,0,11.4955,2.30988,0,3400,90826184568
43.5483,22.963,67.8571,0,99,87,74,1455,3504,2.27681,0,11.4955,2.30988,0,3400,90849146795
45.042,22.2015,67.8571,0,99,87,74,1455,3504,2.27681,0,11.4955,2.30988,0,3400,90871349704
44.2204,22.614,67.8571,0,99,87,74,1455,3504,2.27681,0,11.4955,2.30988,0,3400,90893966111
40.962,24.4129,67.8571,0,99,87,74,1455,3504,2.27681,0,11.4955,2.30988,0,3400,90918379484
44.0603,22.6962,67.8571,0,99,87,74,1455,3504,2.27681,0,11.4955,2.30988,0,3400,90941076772
43.2773,23.1068,67.8571,0,99,87,74,1455,3504,2.27681,0,11.4955,2.30988,0,3400,90964183570
42.6722,23.4345,67.8571,0,99,87,74,1455,3504,2.27681,0,11.4955,2.30988,0,3400,90987638061
45.051,22.1971,67.8571,0,99,87,74,1455,3504,2.27681,0,11.4955,2.30988,0,3400,91009817101
43.6507,22.9091,67.8571,0,99,87,74,1455,3504,2.27681,0,11.4955,2.30988,0,3400,91032728240
42.6736,23.4337,67.8571,0,99,87,74,1455,3504,2.27681,0,11.4955,2.30988,0,3400,91056163999
42.1057,23.7498,67.8571,0,99,87,74,1455,3504,2.27681,0,11.4955,2.30988,0,3400,91079918678
43.9425,22.757,63.285,0,99,91,74,1465,3504,2.27864,0,11.4955,2.30988,0,3400,91102671337
41.7224,23.968,63.285,0,99,91,74,1465,3504,2.27864,0,11.4955,2.30988,0,3400,91126640568
44.7572,22.3428,63.285,0,99,91,74,1465,3504,2.27864,0,11.4955,2.30988,0,3400,91148983558
42.8693,23.3267,63.285,0,99,91,74,1465,3504,2.27864,0,11.4955,2.30988,0,3400,91172329363
42.5829,23.4836,63.285,0,99,91,74,1465,3504,2.27864,0,11.4955,2.30988,0,3400,91195796358
44.5775,22.4328,63.285,0,99,91,74,1465,3504,2.27864,0,11.4955,2.30988,0,3400,91218229573
39.5161,25.3062,63.285,0,99,91,74,1465,3504,2.27864,0,11.4955,2.30988,0,3400,91243537246
49.1157,20.3601,63.285,0,99,91,74,1465,3504,2.27864,0,11.4955,2.30988,0,3400,91263899114
41.6238,24.0247,63.285,0,99,91,74,1465,3504,2.27864,0,11.4955,2.30988,0,3400,91287925599
42.8206,23.3532,63.285,0,99,91,74,1465,3504,2.27864,0,11.4955,2.30988,0,3400,91311279904
40.1717,24.8932,63.285,0,99,91,74,1465,3504,2.27864,0,11.4955,2.30988,0,3400,91336175846
46.1404,21.673,63.285,0,99,91,74,1465,3504,2.27864,0,11.4955,2.30988,0,3400,91357863022
42.6294,23.458,63.285,0,99,91,74,1465,3504,2.27864,0,11.4955,2.30988,0,3400,91381320649
40.9953,24.393,63.285,0,99,91,74,1465,3504,2.27864,0,11.4955,2.30988,0,3400,91405702454
50.3055,19.8785,63.285,0,99,91,74,1465,3504,2.27864,0,11.4955,2.30988,0,3400,91425582649
40.2585,24.8395,63.285,0,99,91,74,1465,3504,2.27864,0,11.4955,2.30988,0,3400,91450422638
40.8834,24.4598,63.285,0,99,91,74,1465,3504,2.27864,0,11.4955,2.30988,0,3400,91474883940
45.56,21.9491,63.285,0,99,91,74,1465,3504,2.27864,0,11.4955,2.30988,0,3400,91496833861
43.4387,23.021,63.285,0,99,91,74,1465,3504,2.27864,0,11.4955,2.30988,0,3400,91519855690
42.1254,23.7386,63.285,0,99,91,74,1465,3504,2.27864,0,11.4955,2.30988,0,3400,91543595644
43.5687,22.9523,63.285,0,99,91,74,1465,3504,2.27864,0,11.4955,2.30988,0,3400,91566548265
43.2194,23.1378,63.285,0,99,91,74,1465,3504,2.27864,0,11.4955,2.30988,0,3400,91589695354
45.1494,22.1487,59.0571,0,100,91,74,1455,3504,2.27065,0,11.4955,2.30988,0,3400,91611838448
42.0852,23.7613,59.0571,0,100,91,74,1455,3504,2.27065,0,11.4955,2.30988,0,3400,91635600439
42.2067,23.6929,59.0571,0,100,91,74,1455,3504,2.27065,0,11.4955,2.30988,0,3400,91659296088
43.1965,23.15,59.0571,0,100,91,74,1455,3504,2.27065,0,11.4955,2.30988,0,3400,91682445854
44.9105,22.2665,59.0571,0,100,91,74,1455,3504,2.27065,0,11.4955,2.30988,0,3400,91704715021
44.4427,22.5009,59.0571,0,100,91,74,1455,3504,2.27065,0,11.4955,2.30988,0,3400,91727216692
41.8035,23.9214,59.0571,0,100,91,74,1455,3504,2.27065,0,11.4955,2.30988,0,3400,91751140233
43.0034,23.254,59.0571,0,100,91,74,1455,3504,2.27065,0,11.4955,2.30988,0,3400,91774393882
43.105,23.1991,59.0571,0,100,91,74,1455,3504,2.27065,0,11.4955,2.30988,0,3400,91797596019
43.7192,22.8732,59.0571,0,100,91,74,1455,3504,2.27065,0,11.4955,2.30988,0,3400,91820469368
41.9632,23.8304,59.0571,0,100,91,74,1455,3504,2.27065,0,11.4955,2.30988,0,3400,91844301890
43.0728,23.2165,59.0571,0,100,91,74,1455,3504,2.27065,0,11.4955,2.30988,0,3400,91867520144
43.9779,22.7387,59.0571,0,100,91,74,1455,3504,2.27065,0,11.4955,2.30988,0,3400,91890259020
43.512,22.9822,59.0571,0,100,91,74,1455,3504,2.27065,0,11.4955,2.30988,0,3400,91913242854
43.185,23.1562,59.0571,0,100,91,74,1455,3504,2.27065,0,11.4955,2.30988,0,3400,91936401083
44.8509,22.2961,59.0571,0,100,91,74,1455,3504,2.27065,0,11.4955,2.30988,0,3400,91958696563
43.5252,22.9752,59.0571,0,100,91,74,1455,3504,2.27065,0,11.4955,2.30988,0,3400,91981673251
44.9576,22.2432,59.0571,0,100,91,74,1455,3504,2.27065,0,11.4955,2.30988,0,3400,92003919666
42.4407,23.5623,59.0571,0,100,91,74,1455,3504,2.27065,0,11.4955,2.30988,0,3400,92027494753
44.2193,22.6146,59.0571,0,100,91,74,1455,3504,2.27065,0,11.4955,2.30988,0,3400,92050097633
44.4107,22.5171,59.0571,0,100,91,74,1455,3504,2.27065,0,11.4955,2.30988,0,3400,92072616358
45.8422,21.814,59.0571,0,100,91,74,1455,3504,2.27065,0,11.4955,2.30988,0,3400,92094456608
43.3999,23.0415,56.5217,0,100,90,74,1462,3504,2.26838,0,11.4959,2.30988,0,3400,92117475407
47.8499,20.8987,56.5217,0,100,90,74,1462,3504,2.26838,0,11.4959,2.30988,0,3400,92138375448
46.6005,21.459,56.5217,0,100,90,74,1462,3504,2.26838,0,11.4959,2.30988,0,3400,92159835026
39.2116,25.5026,56.5217,0,100,90,74,1462,3504,2.26838,0,11.4959,2.30988,0,3400,92185339616
53.6982,18.6226,56.5217,0,100,90,74,1462,3504,2.26838,0,11.4959,2.30988,0,3400,92203963534
45.8033,21.8325,56.5217,0,100,90,74,1462,3504,2.26838,0,11.4959,2.30988,0,3400,92225797327
40.8655,24.4705,56.5217,0,100,90,74,1462,3504,2.26838,0,11.4959,2.30988,0,3400,92250267332
48.5139,20.6126,56.5217,0,100,90,74,1462,3504,2.26838,0,11.4959,2.30988,0,3400,92270882524
45.4223,22.0156,56.5217,0,100,90,74,1462,3504,2.26838,0,11.4959,2.30988,0,3400,92292897518
48.1873,20.7523,56.5217,0,100,90,74,1462,3504,2.26838,0,11.4959,2.30988,0,3400,92313653464
42.5145,23.5214,56.5217,0,100,90,74,1462,3504,2.26838,0,11.4959,2.30988,0,3400,92337175752
42.1819,23.7069,56.5217,0,100,90,74,1462,3504,2.26838,0,11.4959,2.30988,0,3400,92360884454
54.54,18.3352,56.5217,0,100,90,74,1462,3504,2.26838,0,11.4959,2.30988,0,3400,92379220146
47.859,20.8947,56.5217,0,100,90,74,1462,3504,2.26838,0,11.4959,2.30988,0,3400,92400116617
40.5559,24.6573,56.5217,0,100,90,74,1462,3504,2.26838,0,11.4959,2.30988,0,3400,92424775338
50.782,19.692,56.5217,0,100,90,74,1462,3504,2.26838,0,11.4959,2.30988,0,3400,92444468859
52.8633,18.9167,56.5217,0,100,90,74,1462,3504,2.26838,0,11.4959,2.30988,0,3400,92463387195
46.4731,21.5178,56.5217,0,100,90,74,1462,3504,2.26838,0,11.4959,2.30988,0,3400,92484905701
43.8744,22.7923,56.5217,0,100,90,74,1462,3504,2.26838,0,11.4959,2.30988,0,3400,92507699267
49.3716,20.2546,56.5217,0,100,90,74,1462,3504,2.26838,0,11.4959,2.30988,0,3400,92527955821
47.8818,20.8848,56.5217,0,100,90,74,1462,3504,2.26838,0,11.4959,2.30988,0,3400,92548841270
45.8685,21.8015,56.5217,0,100,90,74,1462,3504,2.26838,0,11.4959,2.30988,0,3400,92570643504
46.4549,21.5262,56.5217,0,100,90,74,1462,3504,2.26838,0,11.4959,2.30988,0,3400,92592171477
47.4922,21.0561,56.5217,0,100,90,74,1462,3504,2.26838,0,11.4959,2.30988,0,3400,92613233606
43.0802,23.2125,58.7112,0,100,90,74,1462,3504,2.26838,0,11.4959,2.30988,0,3400,92636444516
49.1858,20.3311,58.7112,0,100,90,74,1462,3504,2.26838,0,11.4959,2.30988,0,3400,92656775482
48.0108,20.8286,58.7112,0,100,90,74,1462,3504,2.26838,0,11.4959,2.30988,0,3400,92677604607
43.6669,22.9007,58.7112,0,100,90,74,1462,3504,2.26838,0,11.4959,2.30988,0,3400,92700506163
49.6297,20.1492,58.7112,0,100,90,74,1462,3504,2.26838,0,11.4959,2.30988,0,3400,92720657483
43.7809,22.841,58.7112,0,100,90,74,1462,3504,2.26838,0,11.4959,2.30988,0,3400,92743499689
46.8109,21.3625,58.7112,0,100,90,74,1462,3504,2.26838,0,11.4959,2.30988,0,3400,92764864604
45.4685,21.9933,58.7112,0,100,90,74,1462,3504,2.26838,0,11.4959,2.30988,0,3400,92786857842
48.769,20.5048,58.7112,0,100,90,74,1462,3504,2.26838,0,11.4959,2.30988,0,3400,92807365640
46.5512,21.4817,58.7112,0,100,90,74,1462,3504,2.26838,0,11.4959,2.30988,0,3400,92828847746
47.7,20.9644,58.7112,0,100,90,74,1462,3504,2.26838,0,11.4959,2.30988,0,3400,92849813304
45.9885,21.7446,58.7112,0,100,90,74,1462,3504,2.26838,0,11.4959,2.30988,0,3400,92871558096
45.7857,21.8409,58.7112,0,100,90,74,1462,3504,2.26838,0,11.4959,2.30988,0,3400,92893400689
42.0105,23.8036,58.7112,0,100,90,74,1462,3504,2.26838,0,11.4959,2.30988,0,3400,92917205791
46.4836,21.513,58.7112,0,100,90,74,1462,3504,2.26838,0,11.4959,2.30988,0,3400,92938719767
46.7385,21.3956,58.7112,0,100,90,74,1462,3504,2.26838,0,11.4959,2.30988,0,3400,92960117139
47.1054,21.229,58.7112,0,100,90,74,1462,3504,2.26838,0,11.4959,2.30988,0,3400,92981359872
41.2604,24.2363,58.7112,0,100,90,74,1462,3504,2.26838,0,11.4959,2.30988,0,3400,93005596953
49.8792,20.0485,58.7112,0,100,90,74,1462,3504,2.26838,0,11.4959,2.30988,0,3400,93025634120
45.8486,21.8109,58.7112,0,100,90,74,1462,3504,2.26838,0,11.4959,2.30988,0,3400,93047446247
42.9353,23.2909,58.7112,0,100,90,74,1462,3504,2.26838,0,11.4959,2.30988,0,3400,93070751903
46.4195,21.5427,58.7112,0,100,90,74,1462,3504,2.26838,0,11.4959,2.30988,0,3400,93092296100
48.8993,20.4502,58.7112,0,100,90,74,1462,3504,2.26838,0,11.4959,2.30988,0,3400,93112748621
44.1152,22.6679,58.7112,0,100,90,74,1462,3504,2.26838,0,11.4959,2.30988,0,3400,93135421106
48.1164,20.7829,59.9022,0,100,93,75,1561,3504,2.25043,0,11.4959,2.30988,0,3401,93156201917
46.1991,21.6454,59.9022,0,100,93,75,1561,3504,2.25043,0,11.4959,2.30988,0,3401,93177847664
43.9168,22.7703,59.9022,0,100,93,75,1561,3504,2.25043,0,11.4959,2.30988,0,3401,93200619335
47.951,20.8546,59.9022,0,100,93,75,1561,3504,2.25043,0,11.4959,2.30988,0,3401,93221475881
43.3989,23.042,59.9022,0,100,93,75,1561,3504,2.25043,0,11.4959,2.30988,0,3401,93244530150
46.7843,21.3747,59.9022,0,100,93,75,1561,3504,2.25043,0,11.4959,2.30988,0,3401,93265893534
45.7822,21.8426,59.9022,0,100,93,75,1561,3504,2.25043,0,11.4959,2.30988,0,3401,93287754392
47.2439,21.1667,59.9022,0,100,93,75,1561,3504,2.25043,0,11.4959,2.30988,0,3401,93308904684
46.2731,21.6108,59.9022,0,100,93,75,1561,3504,2.25043,0,11.4959,2.30988,0,3401,93330516239
46.0561,21.7127,59.9022,0,100,93,75,1561,3504,2.25043,0,11.4959,2.30988,0,3401,93352229922
48.4577,20.6366,59.9022,0,100,93,75,1561,3504,2.25043,0,11.4959,2.30988,0,3401,93372868854
44.4494,22.4975,59.9022,0,100,93,75,1561,3504,2.25043,0,11.4959,2.30988,0,3401,93395366892
39.6165,25.242,59.9022,0,100,93,75,1561,3504,2.25043,0,11.4959,2.30988,0,3401,93420608209
53.3845,18.732,59.9022,0,100,93,75,1561,3504,2.25043,0,11.4959,2.30988,0,3401,93439343547
49.1224,20.3573,59.9022,0,100,93,75,1561,3504,2.25043,0,11.4959,2.30988,0,3401,93459701401
45.1618,22.1426,59.9022,0,100,93,75,1561,3504,2.25043,0,11.4959,2.30988,0,3401,93481845184
47.2048,21.1843,59.9022,0,100,93,75,1561,3504,2.25043,0,11.4959,2.30988,0,3401,93503029888
33.668,29.7018,59.9022,0,100,93,75,1561,3504,2.25043,0,11.4959,2.30988,0,3401,93532732746
67.9041,14.7267,59.9022,0,100,93,75,1561,3504,2.25043,0,11.4959,2.30988,0,3401,93547460740
47.0056,21.2741,59.9022,0,100,93,75,1561,3504,2.25043,0,11.4959,2.30988,0,3401,93568738632
42.5048,23.5268,59.9022,0,100,93,75,1561,3504,2.25043,0,11.4959,2.30988,0,3401,93592264969
44.5195,22.4621,59.9022,0,100,93,75,1561,3504,2.25043,0,11.4959,2.30988,0,3401,93614727215
46.7687,21.3818,59.9022,0,100,93,75,1561,3504,2.25043,0,11.4959,2.30988,0,3401,93636114511
44.8176,22.3127,61.1111,0,100,93,76,1575,3504,2.22579,0,11.4956,2.30988,0,3400,93658424332
47.3907,21.1012,61.1111,0,100,93,76,1575,3504,2.22579,0,11.4956,2.30988,0,3400,93679528004
45.5899,21.9347,61.1111,0,100,93,76,1575,3504,2.22579,0,11.4956,2.30988,0,3400,93701464074
43.6723,22.8978,61.1111,0,100,93,76,1575,3504,2.22579,0,11.4956,2.30988,0,3400,93724362723
46.1297,21.678,61.1111,0,100,93,76,1575,3504,2.22579,0,11.4956,2.30988,0,3400,93746042402
46.4974,21.5066,61.1111,0,100,93,76,1575,3504,2.22579,0,11.4956,2.30988,0,3400,93767549867
43.7613,22.8512,61.1111,0,100,93,76,1575,3504,2.22579,0,11.4956,2.30988,0,3400,93790402894
47.7203,20.9554,61.1111,0,100,93,76,1575,3504,2.22579,0,11.4956,2.30988,0,3400,93811359735
46.8659,21.3375,61.1111,0,100,93,76,1575,3504,2.22579,0,11.4956,2.30988,0,3400,93832709897
52.9892,18.8718,61.1111,0,100,93,76,1575,3504,2.22579,0,11.4956,2.30988,0,3400,93851570681
24.017,41.6371,61.1111,0,100,93,76,1575,3504,2.22579,0,11.4956,2.30988,0,3400,93893209405
147.173,6.79473,61.1111,0,100,93,76,1575,3504,2.22579,0,11.4956,2.30988,0,3400,93900005099
73.975,13.5181,61.1111,0,100,93,76,1575,3504,2.22579,0,11.4956,2.30988,0,3400,93913524901
76.1904,13.125,61.1111,0,100,93,76,1575,3504,2.22579,0,11.4956,2.30988,0,3400,93926651146
70.0562,14.2742,61.1111,0,100,93,76,1575,3504,2.22579,0,11.4956,2.30988,0,3400,93940952999
61.6007,16.2336,61.1111,0,100,93,76,1575,3504,2.22579,0,11.4956,2.30988,0,3400,93957170959
72.997,13.6992,61.1111,0,100,93,76,1575,3504,2.22579,0,11.4956,2.30988,0,3400,93970872811
63.6854,15.7022,61.1111,0,100,93,76,1575,3504,2.22579,0,11.4956,2.30988,0,3400,93986575996
65.6981,15.2212,61.1111,0,100,93,76,1575,3504,2.22579,0,11.4956,2.30988,0,3400,94001798360
70.0329,14.279,61.1111,0,100,93,76,1575,3504,2.22579,0,11.4956,2.30988,0,3400,94016077760
64.6179,15.4756,61.1111,0,100,93,76,1575,3504,2.22579,0,11.4956,2.30988,0,3400,94031555488
62.0034,16.1282,61.1111,0,100,93,76,1575,3504,2.22579,0,11.4956,2.30988,0,3400,94047684581
65.8003,15.1975,61.1111,0,100,93,76,1575,3504,2.22579,0,11.4956,2.30988,0,3400,94062885060
73.0535,13.6886,61.1111,0,100,93,76,1575,3504,2.22579,0,11.4956,2.30988,0,3400,94076572982
60.4115,16.5532,61.1111,0,100,93,76,1575,3504,2.22579,0,11.4956,2.30988,0,3400,94093126640
62.3238,16.0452,61.1111,0,100,93,76,1575,3504,2.22579,0,11.4956,2.30988,0,3400,94109173321
74.7425,13.3793,61.1111,0,100,93,76,1575,3504,2.22579,0,11.4956,2.30988,0,3400,94122555458
63.9567,15.6356,61.1111,0,100,93,76,1575,3504,2.22579,0,11.4956,2.30988,0,3400,94138193454
67.956,14.7154,62.1891,0,100,89,76,1579,3504,2.22013,0,11.4862,2.30988,0,3400,94152906079
66.1467,15.1179,62.1891,0,100,89,76,1579,3504,2.22013,0,11.4862,2.30988,0,3400,94168024969
62.9433,15.8873,62.1891,0,100,89,76,1579,3504,2.22013,0,11.4862,2.30988,0,3400,94183914938
67.3748,14.8423,62.1891,0,100,89,76,1579,3504,2.22013,0,11.4862,2.30988,0,3400,94198759138
69.2681,14.4367,62.1891,0,100,89,76,1579,3504,2.22013,0,11.4862,2.30988,0,3400,94213196268
65.4001,15.2905,62.1891,0,100,89,76,1579,3504,2.22013,0,11.4862,2.30988,0,3400,94228488688
67.1737,14.8868,62.1891,0,100,89,76,1579,3504,2.22013,0,11.4862,2.30988,0,3400,94243376171
65.5637,15.2524,62.1891,0,100,89,76,1579,3504,2.22013,0,11.4862,2.30988,0,3400,94258629084
67.2786,14.8636,62.1891,0,100,89,76,1579,3504,2.22013,0,11.4862,2.30988,0,3400,94273494919
65.1813,15.3418,62.1891,0,100,89,76,1579,3504,2.22013,0,11.4862,2.30988,0,3400,94288837402
66.4951,15.0387,62.1891,0,100,89,76,1579,3504,2.22013,0,11.4862,2.30988,0,3400,94303875811
64.5349,15.4955,62.1891,0,100,89,76,1579,3504,2.22013,0,11.4862,2.30988,0,3400,94319393239
66.2469,15.0951,62.1891,0,100,89,76,1579,3504,2.22013,0,11.4862,2.30988,0,3400,94334469787
64.4362,15.5192,62.1891,0,100,89,76,1579,3504,2.22013,0,11.4862,2.30988,0,3400,94349990450
73.0923,13.6813,62.1891,0,100,89,76,1579,3504,2.22013,0,11.4862,2.30988,0,3400,94363671766
66.3833,15.064,62.1891,0,100,89,76,1579,3504,2.22013,0,11.4862,2.30988,0,3400,94378738168
62.7459,15.9373,62.1891,0,100,89,76,1579,3504,2.22013,0,11.4862,2.30988,0,3400,94394675900
65.5629,15.2525,62.1891,0,100,89,76,1579,3504,2.22013,0,11.4862,2.30988,0,3400,94409929287
72.6131,13.7716,62.1891,0,100,89,76,1579,3504,2.22013,0,11.4862,2.30988,0,3400,94423702795
65.4529,15.2782,62.1891,0,100,89,76,1579,3504,2.22013,0,11.4862,2.30988,0,3400,94438982439
65.2405,15.3279,62.1891,0,100,89,76,1579,3504,2.22013,0,11.4862,2.30988,0,3400,94454311018
59.5604,16.7897,62.1891,0,100,89,76,1579,3504,2.22013,0,11.4862,2.30988,0,3400,94471100944
68.6812,14.56,62.1891,0,100,89,76,1579,3504,2.22013,0,11.4862,2.30988,0,3400,94485663384
65.652,15.2318,62.1891,0,100,89,76,1579,3504,2.22013,0,11.4862,2.30988,0,3400,94500896361
64.7983,15.4325,62.1891,0,100,89,76,1579,3504,2.22013,0,11.4862,2.30988,0,3400,94516330385
70.3665,14.2113,62.1891,0,100,89,76,1579,3504,2.22013,0,11.4862,2.30988,0,3400,94530542485
63.7106,15.696,62.1891,0,100,89,76,1579,3504,2.22013,0,11.4862,2.30988,0,3400,94546240062
69.5198,14.3844,62.1891,0,100,89,76,1579,3504,2.22013,0,11.4862,2.30988,0,3400,94560625997
52.8754,18.9124,62.1891,0,100,89,76,1579,3504,2.22013,0,11.4862,2.30988,0,3400,94579539185
78.9349,12.6687,62.1891,0,100,89,76,1579,3504,2.22013,0,11.4862,2.30988,0,3400,94592210608
66.4348,15.0524,62.1891,0,100,89,76,1579,3504,2.22013,0,11.4862,2.30988,0,3400,94607264132
73.1733,13.6662,62.1891,0,100,89,76,1579,3504,2.22013,0,11.4862,2.30988,0,3400,94620933002
64.9221,15.4031,62.1891,0,100,89,76,1579,3504,2.22013,0,11.4862,2.30988,0,3400,94636336831
67.1017,14.9028,62.1891,0,100,89,76,1579,3504,2.22013,0,11.4862,2.30988,0,3400,94651241994
65.9874,15.1544,71.6381,0,98,89,75,1587,3504,2.21322,0,11.4613,2.30988,0,3436,94666394622
64.8673,15.4161,71.6381,0,98,89,75,1587,3504,2.21322,0,11.4613,2.30988,0,3436,94681812759
69.1429,14.4628,71.6381,0,98,89,75,1587,3504,2.21322,0,11.4613,2.30988,0,3436,94696275785
65.124,15.3553,71.6381,0,98,89,75,1587,3504,2.21322,0,11.4613,2.30988,0,3436,94711633664
67.5789,14.7975,71.6381,0,98,89,75,1587,3504,2.21322,0,11.4613,2.30988,0,3436,94726432659
63.7052,15.6973,71.6381,0,98,89,75,1587,3504,2.21322,0,11.4613,2.30988,0,3436,94742130963
67.9401,14.7189,71.6381,0,98,89,75,1587,3504,2.21322,0,11.4613,2.30988,0,3436,94756851004
68.714,14.5531,71.6381,0,98,89,75,1587,3504,2.21322,0,11.4613,2.30988,0,3436,94771405875
70.7957,14.1252,71.6381,0,98,89,75,1587,3504,2.21322,0,11.4613,2.30988,0,3436,94785531805
69.769,14.333,71.6381,0,98,89,75,1587,3504,2.21322,0,11.4613,2.30988,0,3436,94799865383
66.7521,14.9808,71.6381,0,98,89,75,1587,3504,2.21322,0,11.4613,2.30988,0,3436,94814849169
70.7138,14.1415,71.6381,0,98,89,75,1587,3504,2.21322,0,11.4613,2.30988,0,3436,94828992482
61.4753,16.2667,71.6381,0,98,89,75,1587,3504,2.21322,0,11.4613,2.30988,0,3436,94845259780
71.683,13.9503,71.6381,0,98,89,75,1587,3504,2.21322,0,11.4613,2.30988,0,3436,94859211093
67.1079,14.9014,71.6381,0,98,89,75,1587,3504,2.21322,0,11.4613,2.30988,0,3436,94874113175
67.3714,14.8431,71.6381,0,98,89,75,1587,3504,2.21322,0,11.4613,2.30988,0,3436,94888958029
72.6577,13.7632,71.6381,0,98,89,75,1587,3504,2.21322,0,11.4613,2.30988,0,3436,94902723119
56.3578,17.7438,71.6381,0,98,89,75,1587,3504,2.21322,0,11.4613,2.30988,0,3436,94920468684
84.9756,11.7681,71.6381,0,98,89,75,1587,3504,2.21322,0,11.4613,2.30988,0,3436,94932236978
61.2193,16.3347,71.6381,0,98,89,75,1587,3504,2.21322,0,11.4613,2.30988,0,3436,94948585546
72.1618,13.8577,71.6381,0,98,89,75,1587,3504,2.21322,0,11.4613,2.30988,0,3436,94962434089
72.0424,13.8807,71.6381,0,98,89,75,1587,3504,2.21322,0,11.4613,2.30988,0,3436,94976314537
68.0924,14.6859,71.6381,0,98,89,75,1587,3504,2.21322,0,11.4613,2.30988,0,3436,94991001002
68.2522,14.6516,71.6381,0,98,89,75,1587,3504,2.21322,0,11.4613,2.30988,0,3436,95005656876
72.7014,13.7549,71.6381,0,98,89,75,1587,3504,2.21322,0,11.4613,2.30988,0,3436,95019411712
69.7908,14.3285,71.6381,0,98,89,75,1587,3504,2.21322,0,11.4613,2.30988,0,3436,95033742953
69.1291,14.4657,71.6381,0,98,89,75,1587,3504,2.21322,0,11.4613,2.30988,0,3436,95048208632
71.9814,13.8925,71.6381,0,98,89,75,1587,3504,2.21322,0,11.4613,2.30988,0,3436,95062102041
65.2544,15.3246,71.6381,0,98,89,75,1587,3504,2.21322,0,11.4613,2.30988,0,3436,95077429397
69.0562,14.481,71.6381,0,98,89,75,1587,3504,2.21322,0,11.4613,2.30988,0,3436,95091908957
73.6085,13.5854,71.6381,0,98,89,75,1587,3504,2.21322,0,11.4613,2.30988,0,3436,95105495642
60.6457,16.4892,71.6381,0,98,89,75,1587,3504,2.21322,0,11.4613,2.30988,0,3436,95121986764
75.5616,13.2342,71.6381,0,98,89,75,1587,3504,2.21322,0,11.4613,2.30988,0,3436,95135222039
68.1617,14.671,71.6381,0,98,89,75,1587,3504,2.21322,0,11.4613,2.30988,0,3436,95149897493
73.952,13.5223,71.6381,0,98,89,75,1587,3504,2.21322,0,11.4613,2.30988,0,3436,95163422522
72.2181,13.8469,57.2139,0,100,89,76,1634,3504,2.20949,0,11.4381,2.30988,0,3418,95177265560
66.71,14.9902,57.2139,0,100,89,76,1634,3504,2.20949,0,11.4381,2.30988,0,3418,95192257256
66.5974,15.0156,57.2139,0,100,89,76,1634,3504,2.20949,0,11.4381,2.30988,0,3418,95207274612
69.8253,14.3215,57.2139,0,100,89,76,1634,3504,2.20949,0,11.4381,2.30988,0,3418,95221597245
71.1975,14.0454,57.2139,0,100,89,76,1634,3504,2.20949,0,11.4381,2.30988,0,3418,95235643305
67.4408,14.8278,57.2139,0,100,89,76,1634,3504,2.20949,0,11.4381,2.30988,0,3418,95250472238
71.9739,13.8939,57.2139,0,100,89,76,1634,3504,2.20949,0,11.4381,2.30988,0,3418,95264367329
72.0462,13.88,57.2139,0,100,89,76,1634,3504,2.20949,0,11.4381,2.30988,0,3418,95278248751
64.3217,15.5469,57.2139,0,100,89,76,1634,3504,2.20949,0,11.4381,2.30988,0,3418,95293795974
72.6639,13.762,57.2139,0,100,89,76,1634,3504,2.20949,0,11.4381,2.30988,0,3418,95307560185
68.7579,14.5438,57.2139,0,100,89,76,1634,3504,2.20949,0,11.4381,2.30988,0,3418,95322105205
68.0865,14.6872,57.2139,0,100,89,76,1634,3504,2.20949,0,11.4381,2.30988,0,3418,95336793483
71.5537,13.9755,57.2139,0,100,89,76,1634,3504,2.20949,0,11.4381,2.30988,0,3418,95350770813
65.7962,15.1984,57.2139,0,100,89,76,1634,3504,2.20949,0,11.4381,2.30988,0,3418,95365969774
70.2363,14.2377,57.2139,0,100,89,76,1634,3504,2.20949,0,11.4381,2.30988,0,3418,95380208389
74.5609,13.4119,57.2139,0,100,89,76,1634,3504,2.20949,0,11.4381,2.30988,0,3418,95393621097
68.3703,14.6262,57.2139,0,100,89,76,1634,3504,2.20949,0,11.4381,2.30988,0,3418,95408250808
66.1774,15.1109,57.2139,0,100,89,76,1634,3504,2.20949,0,11.4381,2.30988,0,3418,95423361715
65.9679,15.1589,57.2139,0,100,89,76,1634,3504,2.20949,0,11.4381,2.30988,0,3418,95438522654
71.1742,14.05,57.2139,0,100,89,76,1634,3504,2.20949,0,11.4381,2.30988,0,3418,95452573372
65.5663,15.2517,57.2139,0,100,89,76,1634,3504,2.20949,0,11.4381,2.30988,0,3418,95467826064
75.017,13.3303,57.2139,0,100,89,76,1634,3504,2.20949,0,11.4381,2.30988,0,3418,95481158446
58.6906,17.0385,57.2139,0,100,89,76,1634,3504,2.20949,0,11.4381,2.30988,0,3418,95498196704
86.096,11.6149,57.2139,0,100,89,76,1634,3504,2.20949,0,11.4381,2.30988,0,3418,95509812711
21.5347,46.4366,57.2139,0,100,89,76,1634,3504,2.20949,0,11.4381,2.30988,0,3418,95556252864
293.745,3.40432,57.2139,0,100,89,76,1634,3504,2.20949,0,11.4381,2.30988,0,3418,95559663905
55.4551,18.0326,57.2139,0,100,89,76,1634,3504,2.20949,0,11.4381,2.30988,0,3418,95577692192
42.6381,23.4532,57.2139,0,100,89,76,1634,3504,2.20949,0,11.4381,2.30988,0,3418,95601147273
57.5693,17.3704,57.2139,0,100,89,76,1634,3504,2.20949,0,11.4381,2.30988,0,3418,95618517719
83.3652,11.9954,57.2139,0,100,89,76,1634,3504,2.20949,0,11.4381,2.30988,0,3418,95630513514
48.6122,20.571,57.2139,0,100,89,76,1634,3504,2.20949,0,11.4381,2.30988,0,3418,95651084955
126.403,7.91123,57.2139,0,100,89,76,1634,3504,2.20949,0,11.4381,2.30988,0,3418,95658997070
45.2102,22.1189,57.2139,0,100,89,76,1634,3504,2.20949,0,11.4381,2.30988,0,3418,95681121388
92.3859,10.8242,54.7445,0,99,89,77,1661,3504,2.2099,0,11.4164,2.30988,0,3401,95691942820
36.2352,27.5975,54.7445,0,99,89,77,1661,3504,2.2099,0,11.4164,2.30988,0,3401,95719541089
183.642,5.44537,54.7445,0,99,89,77,1661,3504,2.2099,0,11.4164,2.30988,0,3401,95724987790
41.637,24.0171,54.7445,0,99,89,77,1661,3504,2.2099,0,11.4164,2.30988,0,3401,95749006673
107.237,9.32516,54.7445,0,99,89,77,1661,3504,2.2099,0,11.4164,2.30988,0,3401,95758333835
60.068,16.6478,54.7445,0,99,89,77,1661,3504,2.2099,0,11.4164,2.30988,0,3401,95774983629
39.3006,25.4449,54.7445,0,99,89,77,1661,3504,2.2099,0,11.4164,2.30988,0,3401,95800428971
99.3518,10.0652,54.7445,0,99,89,77,1661,3504,2.2099,0,11.4164,2.30988,0,3401,95810494257
57.0402,17.5315,54.7445,0,99,89,77,1661,3504,2.2099,0,11.4164,2.30988,0,3401,95828027410
66.414,15.0571,54.7445,0,99,89,77,1661,3504,2.2099,0,11.4164,2.30988,0,3401,95843084880
48.5842,20.5828,54.7445,0,99,89,77,1661,3504,2.2099,0,11.4164,2.30988,0,3401,95863670395
67.9051,14.7264,54.7445,0,99,89,77,1661,3504,2.2099,0,11.4164,2.30988,0,3401,95878400423
62.6987,15.9493,54.7445,0,99,89,77,1661,3504,2.2099,0,11.4164,2.30988,0,3401,95894349863
56.7784,17.6123,54.7445,0,99,89,77,1661,3504,2.2099,0,11.4164,2.30988,0,3401,95911971683
64.2533,15.5634,54.7445,0,99,89,77,1661,3504,2.2099,0,11.4164,2.30988,0,3401,95927532709
59.3576,16.847,54.7445,0,99,89,77,1661,3504,2.2099,0,11.4164,2.30988,0,3401,95944380042
53.4952,18.6933,54.7445,0,99,89,77,1661,3504,2.2099,0,11.4164,2.30988,0,3401,95963075602
61.7742,16.188,54.7445,0,99,89,77,1661,3504,2.2099,0,11.4164,2.30988,0,3401,95979268387
56.2591,17.7749,54.7445,0,99,89,77,1661,3504,2.2099,0,11.4164,2.30988,0,3401,95997041203
64.0541,15.6118,54.7445,0,99,89,77,1661,3504,2.2099,0,11.4164,2.30988,0,3401,96012656174
46.1984,21.6458,54.7445,0,99,89,77,1661,3504,2.2099,0,11.4164,2.30988,0,3401,96034302784
73.3354,13.636,54.7445,0,99,89,77,1661,3504,2.2099,0,11.4164,2.30988,0,3401,96047948089
59.1405,16.9089,54.7445,0,99,89,77,1661,3504,2.2099,0,11.4164,2.30988,0,3401,96064849960
61.6116,16.2307,54.7445,0,99,89,77,1661,3504,2.2099,0,11.4164,2.30988,0,3401,96081084889
60.2714,16.5916,54.7445,0,99,89,77,1661,3504,2.2099,0,11.4164,2.30988,0,3401,96097676063
56.9588,17.5565,54.7445,0,99,89,77,1661,3504,2.2099,0,11.4164,2.30988,0,3401,96115232867
62.135,16.094,54.7445,0,99,89,77,1661,3504,2.2099,0,11.4164,2.30988,0,3401,96131328870
55.8078,17.9186,54.7445,0,99,89,77,1661,3504,2.2099,0,11.4164,2.30988,0,3401,96149248663
54.7558,18.2629,54.7445,0,99,89,77,1661,3504,2.2099,0,11.4164,2.30988,0,3401,96167511631
60.5362,16.519,54.7445,0,99,89,77,1661,3504,2.2099,0,11.4164,2.30988,0,3401,96184037280
59.7614,16.7332,64.25,0,99,92,77,1661,3504,2.2099,0,11.3902,2.30988,0,3400,96200766821
64.9391,15.399,64.25,0,99,92,77,1661,3504,2.2099,0,11.3902,2.30988,0,3400,96216166731
58.3151,17.1482,64.25,0,99,92,77,1661,3504,2.2099,0,11.3902,2.30988,0,3400,96233315692
57.417,17.4165,64.25,0,99,92,77,1661,3504,2.2099,0,11.3902,2.30988,0,3400,96250732976
58.9443,16.9652,64.25,0,99,92,77,1661,3504,2.2099,0,11.3902,2.30988,0,3400,96267699922
57.4992,17.3915,64.25,0,99,92,77,1661,3504,2.2099,0,11.3902,2.30988,0,3400,96285093508
50.4184,19.834,64.25,0,99,92,77,1661,3504,2.2099,0,11.3902,2.30988,0,3400,96304928761
70.3622,14.2122,64.25,0,99,92,77,1661,3504,2.2099,0,11.3902,2.30988,0,3400,96319141802
33.823,29.5656,64.25,0,99,92,77,1661,3504,2.2099,0,11.3902,2.30988,0,3400,96348707987
48.038,20.8168,64.25,0,99,92,77,1661,3504,2.2099,0,11.3902,2.30988,0,3400,96369526492
42.2997,23.6408,64.25,0,99,92,77,1661,3504,2.2099,0,11.3902,2.30988,0,3400,96393169374
29.3735,34.0443,64.25,0,99,92,77,1661,3504,2.2099,0,11.3902,2.30988,0,3400,96427214415
223.684,4.47059,64.25,0,99,92,77,1661,3504,2.2099,0,11.3902,2.30988,0,3400,96431686030
50.6786,19.7322,64.25,0,99,92,77,1661,3504,2.2099,0,11.3902,2.30988,0,3400,96451418949
32.6951,30.5856,64.25,0,99,92,77,1661,3504,2.2099,0,11.3902,2.30988,0,3400,96482005647
67.9784,14.7106,64.25,0,99,92,77,1661,3504,2.2099,0,11.3902,2.30988,0,3400,96496716905
43.7326,22.8662,64.25,0,99,92,77,1661,3504,2.2099,0,11.3902,2.30988,0,3400,96519585609
324.374,3.08286,64.25,0,99,92,77,1661,3504,2.2099,0,11.3902,2.30988,0,3400,96522668588
36.2208,27.6085,64.25,0,99,92,77,1661,3504,2.2099,0,11.3902,2.30988,0,3400,96550281311
100.384,9.96174,64.25,0,99,92,77,1661,3504,2.2099,0,11.3902,2.30988,0,3400,96560241746
22.6871,44.0779,64.25,0,99,92,77,1661,3504,2.2099,0,11.3902,2.30988,0,3400,96604321225
223.528,4.47372,64.25,0,99,92,77,1661,3504,2.2099,0,11.3902,2.30988,0,3400,96608795920
42.4398,23.5628,64.25,0,99,92,77,1661,3504,2.2099,0,11.3902,2.30988,0,3400,96632359496
138.019,7.24538,64.25,0,99,92,77,1661,3504,2.2099,0,11.3902,2.30988,0,3400,96639606058
60.4443,16.5441,64.25,0,99,92,77,1661,3504,2.2099,0,11.3902,2.30988,0,3400,96656151504
59.2309,16.8831,64.25,0,99,92,77,1661,3504,2.2099,0,11.3902,2.30988,0,3400,96673035918
48.3857,20.6673,64.25,0,99,92,77,1661,3504,2.2099,0,11.3902,2.30988,0,3400,96693711399
64.2058,15.5749,61.3466,0,97,92,77,1655,3504,2.21021,0,11.3727,2.30988,0,3405,96709282045
59.72,16.7448,61.3466,0,97,92,77,1655,3504,2.21021,0,11.3727,2.30988,0,3405,96726027388
55.887,17.8933,61.3466,0,97,92,77,1655,3504,2.21021,0,11.3727,2.30988,0,3405,96743921556
60.4938,16.5306,61.3466,0,97,92,77,1655,3504,2.21021,0,11.3727,2.30988,0,3405,96760455628
58.301,17.1524,61.3466,0,97,92,77,1655,3504,2.21021,0,11.3727,2.30988,0,3405,96777608873
58.9167,16.9731,61.3466,0,97,92,77,1655,3504,2.21021,0,11.3727,2.30988,0,3405,96794581855
56.7034,17.6356,61.3466,0,97,92,77,1655,3504,2.21021,0,11.3727,2.30988,0,3405,96812220083
52.1919,19.1601,61.3466,0,97,92,77,1655,3504,2.21021,0,11.3727,2.30988,0,3405,96831381444
63.1795,15.8279,61.3466,0,97,92,77,1655,3504,2.21021,0,11.3727,2.30988,0,3405,96847210417
53.6092,18.6535,61.3466,0,97,92,77,1655,3504,2.21021,0,11.3727,2.30988,0,3405,96865864659
59.9356,16.6846,61.3466,0,97,92,77,1655,3504,2.21021,0,11.3727,2.30988,0,3405,96882550191
56.7502,17.6211,61.3466,0,97,92,77,1655,3504,2.21021,0,11.3727,2.30988,0,3405,96900172200
54.0278,18.509,61.3466,0,97,92,77,1655,3504,2.21021,0,11.3727,2.30988,0,3405,96918683389
58.2041,17.1809,61.3466,0,97,92,77,1655,3504,2.21021,0,11.3727,2.30988,0,3405,96935864357
56.2774,17.7691,61.3466,0,97,92,77,1655,3504,2.21021,0,11.3727,2.30988,0,3405,96953635488
41.2171,24.2618,61.3466,0,97,92,77,1655,3504,2.21021,0,11.3727,2.30988,0,3405,96977896829
58.7069,17.0338,61.3466,0,97,92,77,1655,3504,2.21021,0,11.3727,2.30988,0,3405,96994939716
90.4101,11.0607,61.3466,0,97,92,77,1655,3504,2.21021,0,11.3727,2.30988,0,3405,97005994514
54.9798,18.1885,61.3466,0,97,92,77,1655,3504,2.21021,0,11.3727,2.30988,0,3405,97024193316
56.2862,17.7664,61.3466,0,97,92,77,1655,3504,2.21021,0,11.3727,2.30988,0,3405,97041952261
58.4069,17.1213,61.3466,0,97,92,77,1655,3504,2.21021,0,11.3727,2.30988,0,3405,97059073391
59.5663,16.788,61.3466,0,97,92,77,1655,3504,2.21021,0,11.3727,2.30988,0,3405,97075862644
56.1465,17.8106,61.3466,0,97,92,77,1655,3504,2.21021,0,11.3727,2.30988,0,3405,97093674479
54.5014,18.3482,61.3466,0,97,92,77,1655,3504,2.21021,0,11.3727,2.30988,0,3405,97112024114
54.1948,18.452,61.3466,0,97,92,77,1655,3504,2.21021,0,11.3727,2.30988,0,3405,97130477125
59.9007,16.6943,61.3466,0,97,92,77,1655,3504,2.21021,0,11.3727,2.30988,0,3405,97147171591
59.523,16.8002,61.3466,0,97,92,77,1655,3504,2.21021,0,11.3727,2.30988,0,3405,97163973973
57.4502,17.4064,61.3466,0,97,92,77,1655,3504,2.21021,0,11.3727,2.30988,0,3405,97181381989
57.2563,17.4653,61.3466,0,97,92,77,1655,3504,2.21021,0,11.3727,2.30988,0,3405,97198868961
57.4693,17.4006,53.3835,0,94,86,77,1658,3504,2.21057,0,11.3715,2.30988,0,3400,97216251179
58.2066,17.1802,53.3835,0,94,86,77,1658,3504,2.21057,0,11.3715,2.30988,0,3400,97233430988
58.5693,17.0738,53.3835,0,94,86,77,1658,3504,2.21057,0,11.3715,2.30988,0,3400,97250505910
56.2473,17.7786,53.3835,0,94,86,77,1658,3504,2.21057,0,11.3715,2.30988,0,3400,97268287073
58.2379,17.1709,53.3835,0,94,86,77,1658,3504,2.21057,0,11.3715,2.30988,0,3400,97285458394
59.6192,16.7731,53.3835,0,94,86,77,1658,3504,2.21057,0,11.3715,2.30988,0,3400,97302231892
56.3906,17.7334,53.3835,0,94,86,77,1658,3504,2.21057,0,11.3715,2.30988,0,3400,97319966160
55.7139,17.9488,53.3835,0,94,86,77,1658,3504,2.21057,0,11.3715,2.30988,0,3400,97337928381
60.5646,16.5113,53.3835,0,94,86,77,1658,3504,2.21057,0,11.3715,2.30988,0,3400,97354428094
58.3502,17.1379,53.3835,0,94,86,77,1658,3504,2.21057,0,11.3715,2.30988,0,3400,97371568109
56.8683,17.5845,53.3835,0,94,86,77,1658,3504,2.21057,0,11.3715,2.30988,0,3400,97389153816
60.8237,16.441,53.3835,0,94,86,77,1658,3504,2.21057,0,11.3715,2.30988,0,3400,97405595859
57.4111,17.4182,53.3835,0,94,86,77,1658,3504,2.21057,0,11.3715,2.30988,0,3400,97423014338
58.3476,17.1387,53.3835,0,94,86,77,1658,3504,2.21057,0,11.3715,2.30988,0,3400,97440155316
58.0804,17.2175,53.3835,0,94,86,77,1658,3504,2.21057,0,11.3715,2.30988,0,3400,97457373611
55.3489,18.0672,53.3835,0,94,86,77,1658,3504,2.21057,0,11.3715,2.30988,0,3400,97475442168
57.119,17.5073,53.3835,0,94,86,77,1658,3504,2.21057,0,11.3715,2.30988,0,3400,97492951499
58.5976,17.0655,53.3835,0,94,86,77,1658,3504,2.21057,0,11.3715,2.30988,0,3400,97510016689
59.1568,16.9042,53.3835,0,94,86,77,1658,3504,2.21057,0,11.3715,2.30988,0,3400,97526921920
58.9547,16.9622,53.3835,0,94,86,77,1658,3504,2.21057,0,11.3715,2.30988,0,3400,97543886894
58.1231,17.2048,53.3835,0,94,86,77,1658,3504,2.21057,0,11.3715,2.30988,0,3400,97561090980
58.3811,17.1288,53.3835,0,94,86,77,1658,3504,2.21057,0,11.3715,2.30988,0,3400,97578221100
57.7635,17.312,53.3835,0,94,86,77,1658,3504,2.21057,0,11.3715,2.30988,0,3400,97595534836
57.0805,17.5191,53.3835,0,94,86,77,1658,3504,2.21057,0,11.3715,2.30988,0,3400,97613054483
57.9092,17.2684,53.3835,0,94,86,77,1658,3504,2.21057,0,11.3715,2.30988,0,3400,97630323391
57.7541,17.3148,53.3835,0,94,86,77,1658,3504,2.21057,0,11.3715,2.30988,0,3400,97647640247
57.2644,17.4629,53.3835,0,94,86,77,1658,3504,2.21057,0,11.3715,2.30988,0,3400,97665103091
57.8105,17.2979,53.3835,0,94,86,77,1658,3504,2.21057,0,11.3715,2.30988,0,3400,97682403827
58.9302,16.9692,53.3835,0,94,86,77,1658,3504,2.21057,0,11.3715,2.30988,0,3400,97699378482
56.7538,17.62,41.1168,0,98,86,78,1645,3504,2.20273,0,11.3864,2.30988,0,3406,97716994783
55.9254,17.8809,41.1168,0,98,86,78,1645,3504,2.20273,0,11.3864,2.30988,0,3406,97734876876
58.973,16.9569,41.1168,0,98,86,78,1645,3504,2.20273,0,11.3864,2.30988,0,3406,97751835133
61.1474,16.3539,41.1168,0,98,86,78,1645,3504,2.20273,0,11.3864,2.30988,0,3406,97768190050
58.526,17.0864,41.1168,0,98,86,78,1645,3504,2.20273,0,11.3864,2.30988,0,3406,97785294664
58.4981,17.0946,41.1168,0,98,86,78,1645,3504,2.20273,0,11.3864,2.30988,0,3406,97802371647
57.6984,17.3315,41.1168,0,98,86,78,1645,3504,2.20273,0,11.3864,2.30988,0,3406,97819717845
61.818,16.1765,41.1168,0,98,86,78,1645,3504,2.20273,0,11.3864,2.30988,0,3406,97835883200
56.8469,17.5911,41.1168,0,98,86,78,1645,3504,2.20273,0,11.3864,2.30988,0,3406,97853476074
63.5445,15.737,41.1168,0,98,86,78,1645,3504,2.20273,0,11.3864,2.30988,0,3406,97869213623
57.5565,17.3742,41.1168,0,98,86,78,1645,3504,2.20273,0,11.3864,2.30988,0,3406,97886589153
57.7323,17.3213,41.1168,0,98,86,78,1645,3504,2.20273,0,11.3864,2.30988,0,3406,97903911769
60.9319,16.4118,41.1168,0,98,86,78,1645,3504,2.20273,0,11.3864,2.30988,0,3406,97920323443
61.4937,16.2618,41.1168,0,98,86,78,1645,3504,2.20273,0,11.3864,2.30988,0,3406,97936601036
56.0664,17.836,41.1168,0,98,86,78,1645,3504,2.20273,0,11.3864,2.30988,0,3406,97954432064
60.9344,16.4111,41.1168,0,98,86,78,1645,3504,2.20273,0,11.3864,2.30988,0,3406,97970844354
58.7318,17.0265,41.1168,0,98,86,78,1645,3504,2.20273,0,11.3864,2.30988,0,3406,97987871230
59.8356,16.7125,41.1168,0,98,86,78,1645,3504,2.20273,0,11.3864,2.30988,0,3406,98004586134
57.9323,17.2615,41.1168,0,98,86,78,1645,3504,2.20273,0,11.3864,2.30988,0,3406,98021847904
59.8154,16.7181,41.1168,0,98,86,78,1645,3504,2.20273,0,11.3864,2.30988,0,3406,98038567544
57.3728,17.4299,41.1168,0,98,86,78,1645,3504,2.20273,0,11.3864,2.30988,0,3406,98056016520
61.4434,16.2751,41.1168,0,98,86,78,1645,3504,2.20273,0,11.3864,2.30988,0,3406,98072292306
62.3563,16.0369,41.1168,0,98,86,78,1645,3504,2.20273,0,11.3864,2.30988,0,3406,98088330033
55.7778,17.9283,41.1168,0,98,86,78,1645,3504,2.20273,0,11.3864,2.30988,0,3406,98106258662
60.0409,16.6553,41.1168,0,98,86,78,1645,3504,2.20273,0,11.3864,2.30988,0,3406,98122916441
57.795,17.3025,41.1168,0,98,86,78,1645,3504,2.20273,0,11.3864,2.30988,0,3406,98140219740
63.1034,15.847,41.1168,0,98,86,78,1645,3504,2.20273,0,11.3864,2.30988,0,3406,98156067293
55.0114,18.1781,41.1168,0,98,86,78,1645,3504,2.20273,0,11.3864,2.30988,0,3406,98174247084
59.0226,16.9426,41.1168,0,98,86,78,1645,3504,2.20273,0,11.3864,2.30988,0,3406,98191191396
35.1749,28.4294,41.1168,0,98,86,78,1645,3504,2.20273,0,11.3864,2.30988,0,3406,98219636990
199.073,5.02328,42.6108,0,100,85,78,1660,3504,2.19867,0,11.3866,2.30988,0,3704,98224644474
54.848,18.2322,42.6108,0,100,85,78,1660,3504,2.19867,0,11.3866,2.30988,0,3704,98242879100
64.1752,15.5823,42.6108,0,100,85,78,1660,3504,2.19867,0,11.3866,2.30988,0,3704,98258462569
55.7871,17.9253,42.6108,0,100,85,78,1660,3504,2.19867,0,11.3866,2.30988,0,3704,98276387825
65.194,15.3388,42.6108,0,100,85,78,1660,3504,2.19867,0,11.3866,2.30988,0,3704,98291728309
55.6003,17.9855,42.6108,0,100,85,78,1660,3504,2.19867,0,11.3866,2.30988,0,3704,98309714992
60.9902,16.3961,42.6108,0,100,85,78,1660,3504,2.19867,0,11.3866,2.30988,0,3704,98326113066
59.735,16.7406,42.6108,0,100,85,78,1660,3504,2.19867,0,11.3866,2.30988,0,3704,98342854548
59.3778,16.8413,42.6108,0,100,85,78,1660,3504,2.19867,0,11.3866,2.30988,0,3704,98359696856
58.7762,17.0137,42.6108,0,100,85,78,1660,3504,2.19867,0,11.3866,2.30988,0,3704,98376712777
57.3927,17.4238,42.6108,0,100,85,78,1660,3504,2.19867,0,11.3866,2.30988,0,3704,98394137287
60.2278,16.6036,42.6108,0,100,85,78,1660,3504,2.19867,0,11.3866,2.30988,0,3704,98410742143
55.3795,18.0572,42.6108,0,100,85,78,1660,3504,2.19867,0,11.3866,2.30988,0,3704,98428800135
62.1567,16.0884,42.6108,0,100,85,78,1660,3504,2.19867,0,11.3866,2.30988,0,3704,98444888991
59.6073,16.7765,42.6108,0,100,85,78,1660,3504,2.19867,0,11.3866,2.30988,0,3704,98461679295
61.7332,16.1987,42.6108,0,100,85,78,1660,3504,2.19867,0,11.3866,2.30988,0,3704,98477867465
56.3047,17.7605,42.6108,0,100,85,78,1660,3504,2.19867,0,11.3866,2.30988,0,3704,98495628999
61.9453,16.1433,42.6108,0,100,85,78,1660,3504,2.19867,0,11.3866,2.30988,0,3704,98511773593
53.7174,18.6159,42.6108,0,100,85,78,1660,3504,2.19867,0,11.3866,2.30988,0,3704,98530390385
60.9927,16.3954,42.6108,0,100,85,78,1660,3504,2.19867,0,11.3866,2.30988,0,3704,98546786797
63.6877,15.7016,42.6108,0,100,85,78,1660,3504,2.19867,0,11.3866,2.30988,0,3704,98562488763
58.9604,16.9605,42.6108,0,100,85,78,1660,3504,2.19867,0,11.3866,2.30988,0,3704,98579451409
55.8875,17.8931,42.6108,0,100,85,78,1660,3504,2.19867,0,11.3866,2.30988,0,3704,98597345064
49.5773,20.1705,42.6108,0,100,85,78,1660,3504,2.19867,0,11.3866,2.30988,0,3704,98617515784
72.5291,13.7876,42.6108,0,100,85,78,1660,3504,2.19867,0,11.3866,2.30988,0,3704,98631305543
57.9354,17.2606,42.6108,0,100,85,78,1660,3504,2.19867,0,11.3866,2.30988,0,3704,98648566922
59.4353,16.825,42.6108,0,100,85,78,1660,3504,2.19867,0,11.3866,2.30988,0,3704,98665392888
58.5971,17.0657,42.6108,0,100,85,78,1660,3504,2.19867,0,11.3866,2.30988,0,3704,98682484086
61.1904,16.3424,42.6108,0,100,85,78,1660,3504,2.19867,0,11.3866,2.30988,0,3704,98698804169
58.7502,17.0212,42.6108,0,100,85,78,1660,3504,2.19867,0,11.3866,2.30988,0,3704,98715826154
56.3255,17.7539,42.6108,0,100,85,78,1660,3504,2.19867,0,11.3866,2.30988,0,3704,98733584829
58.4513,17.1083,48.5437,0,100,85,79,1695,3504,2.19867,0,11.3941,2.30988,0,3422,98750692047
61.8952,16.1563,48.5437,0,100,85,79,1695,3504,2.19867,0,11.3941,2.30988,0,3422,98766848368
61.4719,16.2676,48.5437,0,100,85,79,1695,3504,2.19867,0,11.3941,2.30988,0,3422,98783117938
55.3873,18.0547,48.5437,0,100,85,79,1695,3504,2.19867,0,11.3941,2.30988,0,3422,98801192086
57.1167,17.508,48.5437,0,100,85,79,1695,3504,2.19867,0,11.3941,2.30988,0,3422,98818702195
65.2557,15.3243,48.5437,0,100,85,79,1695,3504,2.19867,0,11.3941,2.30988,0,3422,98834027652
56.7895,17.6089,48.5437,0,100,85,79,1695,3504,2.19867,0,11.3941,2.30988,0,3422,98851638847
59.0808,16.926,48.5437,0,100,85,79,1695,3504,2.19867,0,11.3941,2.30988,0,3422,98868566756
56.6967,17.6377,48.5437,0,100,85,79,1695,3504,2.19867,0,11.3941,2.30988,0,3422,98886204192
62.461,16.01,48.5437,0,100,85,79,1695,3504,2.19867,0,11.3941,2.30988,0,3422,98902214975
60.2381,16.6008,48.5437,0,100,85,79,1695,3504,2.19867,0,11.3941,2.30988,0,3422,98918816555
56.844,17.592,48.5437,0,100,85,79,1695,3504,2.19867,0,11.3941,2.30988,0,3422,98936408839
33.5856,29.7746,48.5437,0,100,85,79,1695,3504,2.19867,0,11.3941,2.30988,0,3422,98966188218
229.098,4.36494,48.5437,0,100,85,79,1695,3504,2.19867,0,11.3941,2.30988,0,3422,98970552057
58.6171,17.0599,48.5437,0,100,85,79,1695,3504,2.19867,0,11.3941,2.30988,0,3422,98987613641
57.8073,17.2989,48.5437,0,100,85,79,1695,3504,2.19867,0,11.3941,2.30988,0,3422,99004943166
61.4812,16.2651,48.5437,0,100,85,79,1695,3504,2.19867,0,11.3941,2.30988,0,3422,99021184642
56.8421,17.5926,48.5437,0,100,85,79,1695,3504,2.19867,0,11.3941,2.30988,0,3422,99038777797
59.5422,16.7948,48.5437,0,100,85,79,1695,3504,2.19867,0,11.3941,2.30988,0,3422,99055573907
61.1952,16.3411,48.5437,0,100,85,79,1695,3504,2.19867,0,11.3941,2.30988,0,3422,99071916874
56.1752,17.8014,48.5437,0,100,85,79,1695,3504,2.19867,0,11.3941,2.30988,0,3422,99089719470
59.8027,16.7216,48.5437,0,100,85,79,1695,3504,2.19867,0,11.3941,2.30988,0,3422,99106442749
58.5067,17.092,48.5437,0,100,85,79,1695,3504,2.19867,0,11.3941,2.30988,0,3422,99123535385
60.4769,16.5352,48.5437,0,100,85,79,1695,3504,2.19867,0,11.3941,2.30988,0,3422,99140071387
57.454,17.4052,48.5437,0,100,85,79,1695,3504,2.19867,0,11.3941,2.30988,0,3422,99157478425
57.6897,17.3341,48.5437,0,100,85,79,1695,3504,2.19867,0,11.3941,2.30988,0,3422,99174813080
60.6567,16.4862,48.5437,0,100,85,79,1695,3504,2.19867,0,11.3941,2.30988,0,3422,99191300131
56.2817,17.7678,48.5437,0,100,85,79,1695,3504,2.19867,0,11.3941,2.30988,0,3422,99209068484
58.1728,17.1902,48.5437,0,100,85,79,1695,3504,2.19867,0,11.3941,2.30988,0,3422,99226260656
62.1138,16.0995,48.5437,0,100,85,79,1695,3504,2.19867,0,11.3941,2.30988,0,3422,99242367283
54.0003,18.5184,41.2346,0,100,84,80,1695,3504,2.19867,0,11.3939,2.30988,0,3404,99260879950
61.8885,16.1581,41.2346,0,100,84,80,1695,3504,2.19867,0,11.3939,2.30988,0,3404,99277041034
58.8252,16.9995,41.2346,0,100,84,80,1695,3504,2.19867,0,11.3939,2.30988,0,3404,99294041257
54.6959,18.2829,41.2346,0,100,84,80,1695,3504,2.19867,0,11.3939,2.30988,0,3404,99312325275
64.5633,15.4887,41.2346,0,100,84,80,1695,3504,2.19867,0,11.3939,2.30988,0,3404,99327815496
54.9677,18.1925,41.2346,0,100,84,80,1695,3504,2.19867,0,11.3939,2.30988,0,3404,99346008203
63.0967,15.8487,41.2346,0,100,84,80,1695,3504,2.19867,0,11.3939,2.30988,0,3404,99361858879
59.9734,16.6741,41.2346,0,100,84,80,1695,3504,2.19867,0,11.3939,2.30988,0,3404,99378533292
55.2216,18.1089,41.2346,0,100,84,80,1695,3504,2.19867,0,11.3939,2.30988,0,3404,99396642947
59.0743,16.9278,41.2346,0,100,84,80,1695,3504,2.19867,0,11.3939,2.30988,0,3404,99413571668
57.9111,17.2679,41.2346,0,100,84,80,1695,3504,2.19867,0,11.3939,2.30988,0,3404,99430839919
61.2659,16.3223,41.2346,0,100,84,80,1695,3504,2.19867,0,11.3939,2.30988,0,3404,99447164871
58.8657,16.9878,41.2346,0,100,84,80,1695,3504,2.19867,0,11.3939,2.30988,0,3404,99464152773
56.6552,17.6506,41.2346,0,100,84,80,1695,3504,2.19867,0,11.3939,2.30988,0,3404,99481804972
59.0129,16.9454,41.2346,0,100,84,80,1695,3504,2.19867,0,11.3939,2.30988,0,3404,99498751474
57.9813,17.2469,41.2346,0,100,84,80,1695,3504,2.19867,0,11.3939,2.30988,0,3404,99515998495
61.1441,16.3548,41.2346,0,100,84,80,1695,3504,2.19867,0,11.3939,2.30988,0,3404,99532354748
58.8839,16.9826,41.2346,0,100,84,80,1695,3504,2.19867,0,11.3939,2.30988,0,3404,99549339051
58.6843,17.0403,41.2346,0,100,84,80,1695,3504,2.19867,0,11.3939,2.30988,0,3404,99566379525
56.5987,17.6682,41.2346,0,100,84,80,1695,3504,2.19867,0,11.3939,2.30988,0,3404,99584048617
59.2953,16.8647,41.2346,0,100,84,80,1695,3504,2.19867,0,11.3939,2.30988,0,3404,99600915074
58.6542,17.0491,41.2346,0,100,84,80,1695,3504,2.19867,0,11.3939,2.30988,0,3404,99617965767
58.2281,17.1739,41.2346,0,100,84,80,1695,3504,2.19867,0,11.3939,2.30988,0,3404,99635141967
56.6134,17.6636,41.2346,0,100,84,80,1695,3504,2.19867,0,11.3939,2.30988,0,3404,99652804621
60.5571,16.5133,41.2346,0,100,84,80,1695,3504,2.19867,0,11.3939,2.30988,0,3404,99669318952
57.6268,17.353,41.2346,0,100,84,80,1695,3504,2.19867,0,11.3939,2.30988,0,3404,99686674164
58.6508,17.0501,41.2346,0,100,84,80,1695,3504,2.19867,0,11.3939,2.30988,0,3404,99703725011
59.545,16.794,41.2346,0,100,84,80,1695,3504,2.19867,0,11.3939,2.30988,0,3404,99720519543
56.8046,17.6042,41.2346,0,100,84,80,1695,3504,2.19867,0,11.3939,2.30988,0,3404,99738125207
58.5762,17.0718,41.2346,0,100,84,80,1695,3504,2.19867,0,11.3939,2.30988,0,3404,99755215214
62.2667,16.06,36.2468,0,100,84,80,1695,3504,2.19867,0,11.3926,2.30988,0,3400,99771258744
53.5819,18.663,36.2468,0,100,84,80,1695,3504,2.19867,0,11.3926,2.30988,0,3400,99789923890
61.9407,16.1445,36.2468,0,100,84,80,1695,3504,2.19867,0,11.3926,2.30988,0,3400,99806069524
58.4257,17.1158,36.2468,0,100,84,80,1695,3504,2.19867,0,11.3926,2.30988,0,3400,99823185680
57.3934,17.4236,36.2468,0,100,84,80,1695,3504,2.19867,0,11.3926,2.30988,0,3400,99840610635
61.6309,16.2256,36.2468,0,100,84,80,1695,3504,2.19867,0,11.3926,2.30988,0,3400,99856837353
57.9119,17.2676,36.2468,0,100,84,80,1695,3504,2.19867,0,11.3926,2.30988,0,3400,99874104737
58.8197,17.0011,36.2468,0,100,84,80,1695,3504,2.19867,0,11.3926,2.30988,0,3400,99891106978
55.6662,17.9642,36.2468,0,100,84,80,1695,3504,2.19867,0,11.3926,2.30988,0,3400,99909072453
60.3256,16.5767,36.2468,0,100,84,80,1695,3504,2.19867,0,11.3926,2.30988,0,3400,99925650214
53.7058,18.62,36.2468,0,100,84,80,1695,3504,2.19867,0,11.3926,2.30988,0,3400,99944270778
60.1614,16.622,36.2468,0,100,84,80,1695,3504,2.19867,0,11.3926,2.30988,0,3400,99960894246
65.5533,15.2548,36.2468,0,100,84,80,1695,3504,2.19867,0,11.3926,2.30988,0,3400,99976150953
54.2202,18.4433,36.2468,0,100,84,80,1695,3504,2.19867,0,11.3926,2.30988,0,3400,99994594871
55.0893,18.1523,36.2468,0,100,84,80,1695,3504,2.19867,0,11.3926,2.30988,0,3400,100012749410
63.2553,15.809,36.2468,0,100,84,80,1695,3504,2.19867,0,11.3926,2.30988,0,3400,100028559737
60.2272,16.6038,36.2468,0,100,84,80,1695,3504,2.19867,0,11.3926,2.30988,0,3400,100045165336
56.0591,17.8383,36.2468,0,100,84,80,1695,3504,2.19867,0,11.3926,2.30988,0,3400,100063004816
56.0582,17.8386,36.2468,0,100,84,80,1695,3504,2.19867,0,11.3926,2.30988,0,3400,100080843673
58.3717,17.1316,36.2468,0,100,84,80,1695,3504,2.19867,0,11.3926,2.30988,0,3400,100097976968
61.6724,16.2147,36.2468,0,100,84,80,1695,3504,2.19867,0,11.3926,2.30988,0,3400,100114210605
60.8058,16.4458,36.2468,0,100,84,80,1695,3504,2.19867,0,11.3926,2.30988,0,3400,100130639612
58.6694,17.0447,36.2468,0,100,84,80,1695,3504,2.19867,0,11.3926,2.30988,0,3400,100147686021
58.9986,16.9496,36.2468,0,100,84,80,1695,3504,2.19867,0,11.3926,2.30988,0,3400,100164635491
37.5892,26.6034,36.2468,0,100,84,80,1695,3504,2.19867,0,11.3926,2.30988,0,3400,100191242045
129.77,7.70593,36.2468,0,100,84,80,1695,3504,2.19867,0,11.3926,2.30988,0,3400,100198947552
55.4162,18.0453,36.2468,0,100,84,80,1695,3504,2.19867,0,11.3926,2.30988,0,3400,100216993977
58.031,17.2322,36.2468,0,100,84,80,1695,3504,2.19867,0,11.3926,2.30988,0,3400,100234226181
55.0895,18.1523,36.2468,0,100,84,80,1695,3504,2.19867,0,11.3926,2.30988,0,3400,100252380049
60.553,16.5145,36.2468,0,100,84,80,1695,3504,2.19867,0,11.3926,2.30988,0,3400,100268900231
56.285,17.7667,53.5885,0,100,89,80,1695,3504,2.19867,0,11.3981,2.30988,0,3402,100286676078
60.2841,16.5881,53.5885,0,100,89,80,1695,3504,2.19867,0,11.3981,2.30988,0,3402,100303264807
57.8445,17.2877,53.5885,0,100,89,80,1695,3504,2.19867,0,11.3981,2.30988,0,3402,100320556136
60.8453,16.4351,53.5885,0,100,89,80,1695,3504,2.19867,0,11.3981,2.30988,0,3402,100336991642
58.5426,17.0816,53.5885,0,100,89,80,1695,3504,2.19867,0,11.3981,2.30988,0,3402,100354073357
55.1307,18.1387,53.5885,0,100,89,80,1695,3504,2.19867,0,11.3981,2.30988,0,3402,100372212739
63.8468,15.6625,53.5885,0,100,89,80,1695,3504,2.19867,0,11.3981,2.30988,0,3402,100387876897
57.0896,17.5163,53.5885,0,100,89,80,1695,3504,2.19867,0,11.3981,2.30988,0,3402,100405394762
54.8212,18.2411,53.5885,0,100,89,80,1695,3504,2.19867,0,11.3981,2.30988,0,3402,100423636465
59.1103,16.9175,53.5885,0,100,89,80,1695,3504,2.19867,0,11.3981,2.30988,0,3402,100440555109
57.9627,17.2525,53.5885,0,100,89,80,1695,3504,2.19867,0,11.3981,2.30988,0,3402,100457809792
57.3217,17.4454,53.5885,0,100,89,80,1695,3504,2.19867,0,11.3981,2.30988,0,3402,100475257060
55.8421,17.9076,53.5885,0,100,89,80,1695,3504,2.19867,0,11.3981,2.30988,0,3402,100493164312
59.8098,16.7197,53.5885,0,100,89,80,1695,3504,2.19867,0,11.3981,2.30988,0,3402,100509885659
58.5628,17.0757,53.5885,0,100,89,80,1695,3504,2.19867,0,11.3981,2.30988,0,3402,100526961927
56.6192,17.6619,53.5885,0,100,89,80,1695,3504,2.19867,0,11.3981,2.30988,0,3402,100544626642
60.5869,16.5052,53.5885,0,100,89,80,1695,3504,2.19867,0,11.3981,2.30988,0,3402,100561131876
55.1308,18.1387,53.5885,0,100,89,80,1695,3504,2.19867,0,11.3981,2.30988,0,3402,100579284925
58.9898,16.9521,53.5885,0,100,89,80,1695,3504,2.19867,0,11.3981,2.30988,0,3402,100596225185
57.582,17.3666,53.5885,0,100,89,80,1695,3504,2.19867,0,11.3981,2.30988,0,3402,100613592993
59.5246,16.7998,53.5885,0,100,89,80,1695,3504,2.19867,0,11.3981,2.30988,0,3402,100630393480
56.9027,17.5738,53.5885,0,100,89,80,1695,3504,2.19867,0,11.3981,2.30988,0,3402,100647967934
56.6585,17.6496,53.5885,0,100,89,80,1695,3504,2.19867,0,11.3981,2.30988,0,3402,100665618542
57.5261,17.3834,53.5885,0,100,89,80,1695,3504,2.19867,0,11.3981,2.30988,0,3402,100683003604
57.1241,17.5058,53.5885,0,100,89,80,1695,3504,2.19867,0,11.3981,2.30988,0,3402,100700509803
57.9654,17.2517,53.5885,0,100,89,80,1695,3504,2.19867,0,11.3981,2.30988,0,3402,100717762498
61.4154,16.2826,53.5885,0,100,89,80,1695,3504,2.19867,0,11.3981,2.30988,0,3402,100734046883
56.8006,17.6054,53.5885,0,100,89,80,1695,3504,2.19867,0,11.3981,2.30988,0,3402,100751652872
56.8948,17.5763,53.5885,0,100,89,80,1695,3504,2.19867,0,11.3981,2.30988,0,3402,100769237169
58.7183,17.0305,38.1074,0,100,89,80,1695,3504,2.19867,0,11.4058,2.30988,0,3400,100786263571
59.7643,16.7324,38.1074,0,100,89,80,1695,3504,2.19867,0,11.4058,2.30988,0,3400,100802996535
51.1847,19.5371,38.1074,0,100,89,80,1695,3504,2.19867,0,11.4058,2.30988,0,3400,100822551385
63.0964,15.8488,38.1074,0,100,89,80,1695,3504,2.19867,0,11.4058,2.30988,0,3400,100838400594
59.2737,16.8709,38.1074,0,100,89,80,1695,3504,2.19867,0,11.4058,2.30988,0,3400,100855256246
57.2995,17.4522,38.1074,0,100,89,80,1695,3504,2.19867,0,11.4058,2.30988,0,3400,100872709624
56.8409,17.593,38.1074,0,100,89,80,1695,3504,2.19867,0,11.4058,2.30988,0,3400,100890304308
54.3736,18.3913,38.1074,0,100,89,80,1695,3504,2.19867,0,11.4058,2.30988,0,3400,100908714008
60.1707,16.6194,38.1074,0,100,89,80,1695,3504,2.19867,0,11.4058,2.30988,0,3400,100925315873
58.4079,17.121,38.1074,0,100,89,80,1695,3504,2.19867,0,11.4058,2.30988,0,3400,100942437962
58.9208,16.9719,38.1074,0,100,89,80,1695,3504,2.19867,0,11.4058,2.30988,0,3400,100959411470
56.2857,17.7665,38.1074,0,100,89,80,1695,3504,2.19867,0,11.4058,2.30988,0,3400,100977191219
59.4296,16.8266,38.1074,0,100,89,80,1695,3504,2.19867,0,11.4058,2.30988,0,3400,100994006195
56.3912,17.7333,38.1074,0,100,89,80,1695,3504,2.19867,0,11.4058,2.30988,0,3400,101011739395
58.132,17.2022,38.1074,0,100,89,80,1695,3504,2.19867,0,11.4058,2.30988,0,3400,101028943343
58.3675,17.1328,38.1074,0,100,89,80,1695,3504,2.19867,0,11.4058,2.30988,0,3400,101046076923
55.9311,17.8791,38.1074,0,100,89,80,1695,3504,2.19867,0,11.4058,2.30988,0,3400,101063956352
58.3869,17.1271,38.1074,0,100,89,80,1695,3504,2.19867,0,11.4058,2.30988,0,3400,101081084969
59.2758,16.8703,38.1074,0,100,89,80,1695,3504,2.19867,0,11.4058,2.30988,0,3400,101097959060
56.4534,17.7137,38.1074,0,100,89,80,1695,3504,2.19867,0,11.4058,2.30988,0,3400,101115690721
56.2103,17.7903,38.1074,0,100,89,80,1695,3504,2.19867,0,11.4058,2.30988,0,3400,101133463673
61.674,16.2143,38.1074,0,100,89,80,1695,3504,2.19867,0,11.4058,2.30988,0,3400,101149678798
55.4036,18.0494,38.1074,0,100,89,80,1695,3504,2.19867,0,11.4058,2.30988,0,3400,101167728126
58.3452,17.1394,38.1074,0,100,89,80,1695,3504,2.19867,0,11.4058,2.30988,0,3400,101184868981
56.8133,17.6015,38.1074,0,100,89,80,1695,3504,2.19867,0,11.4058,2.30988,0,3400,101202472220
57.7078,17.3287,38.1074,0,100,89,80,1695,3504,2.19867,0,11.4058,2.30988,0,3400,101219802943
59.3,16.8634,38.1074,0,100,89,80,1695,3504,2.19867,0,11.4058,2.30988,0,3400,101236667745
56.6665,17.6471,38.1074,0,100,89,80,1695,3504,2.19867,0,11.4058,2.30988,0,3400,101254315004
56.5019,17.6985,38.1074,0,100,89,80,1695,3504,2.19867,0,11.4058,2.30988,0,3400,101272018962
58.5578,17.0772,34.8371,0,100,85,80,1683,3504,2.19867,0,11.406,2.30988,0,3400,101289092795
54.6881,18.2855,34.8371,0,100,85,80,1683,3504,2.19867,0,11.406,2.30988,0,3400,101307379787
63.5332,15.7398,34.8371,0,100,85,80,1683,3504,2.19867,0,11.406,2.30988,0,3400,101323122380
56.0919,17.8279,34.8371,0,100,85,80,1683,3504,2.19867,0,11.406,2.30988,0,3400,101340951150
56.2889,17.7655,34.8371,0,100,85,80,1683,3504,2.19867,0,11.406,2.30988,0,3400,101358717174
58.9721,16.9572,34.8371,0,100,85,80,1683,3504,2.19867,0,11.406,2.30988,0,3400,101375676487
58.015,17.2369,34.8371,0,100,85,80,1683,3504,2.19867,0,11.406,2.30988,0,3400,101392916385
55.8163,17.9159,34.8371,0,100,85,80,1683,3504,2.19867,0,11.406,2.30988,0,3400,101410832222
59.4865,16.8105,34.8371,0,100,85,80,1683,3504,2.19867,0,11.406,2.30988,0,3400,101427642878
58.4687,17.1032,34.8371,0,100,85,80,1683,3504,2.19867,0,11.406,2.30988,0,3400,101444748433
56.7457,17.6225,34.8371,0,100,85,80,1683,3504,2.19867,0,11.406,2.30988,0,3400,101462371094
59.9593,16.678,34.8371,0,100,85,80,1683,3504,2.19867,0,11.406,2.30988,0,3400,101479050538
54.2549,18.4315,34.8371,0,100,85,80,1683,3504,2.19867,0,11.406,2.30988,0,3400,101497483424
57.5769,17.3681,34.8371,0,100,85,80,1683,3504,2.19867,0,11.406,2.30988,0,3400,101514852491
58.915,16.9736,34.8371,0,100,85,80,1683,3504,2.19867,0,11.406,2.30988,0,3400,101531826597
57.6809,17.3368,34.8371,0,100,85,80,1683,3504,2.19867,0,11.406,2.30988,0,3400,101549165044
58.9069,16.9759,34.8371,0,100,85,80,1683,3504,2.19867,0,11.406,2.30988,0,3400,101566143080
57.075,17.5208,34.8371,0,100,85,80,1683,3504,2.19867,0,11.406,2.30988,0,3400,101583662993
56.8676,17.5847,34.8371,0,100,85,80,1683,3504,2.19867,0,11.406,2.30988,0,3400,101601249510
56.8657,17.5853,34.8371,0,100,85,80,1683,3504,2.19867,0,11.406,2.30988,0,3400,101618835823
55.4781,18.0251,34.8371,0,100,85,80,1683,3504,2.19867,0,11.406,2.30988,0,3400,101636862349
61.2018,16.3394,34.8371,0,100,85,80,1683,3504,2.19867,0,11.406,2.30988,0,3400,101653202945
56.4901,17.7022,34.8371,0,100,85,80,1683,3504,2.19867,0,11.406,2.30988,0,3400,101670919122
59.8132,16.7187,34.8371,0,100,85,80,1683,3504,2.19867,0,11.406,2.30988,0,3400,101687626605
56.9516,17.5588,34.8371,0,100,85,80,1683,3504,2.19867,0,11.406,2.30988,0,3400,101705186724
55.252,18.0989,34.8371,0,100,85,80,1683,3504,2.19867,0,11.406,2.30988,0,3400,101723298524
58.1631,17.193,34.8371,0,100,85,80,1683,3504,2.19867,0,11.406,2.30988,0,3400,101740480515
57.9005,17.271,34.8371,0,100,85,80,1683,3504,2.19867,0,11.406,2.30988,0,3400,101757753441
57.2721,17.4605,34.8371,0,100,85,80,1683,3504,2.19867,0,11.406,2.30988,0,3400,101775218196
57.9971,17.2422,35.6784,0,100,85,80,1683,3504,2.19867,0,11.4207,2.30988,0,3403,101792458986
54.8888,18.2186,35.6784,0,100,85,80,1683,3504,2.19867,0,11.4207,2.30988,0,3403,101810679681
57.65,17.3461,35.6784,0,100,85,80,1683,3504,2.19867,0,11.4207,2.30988,0,3403,101828028669
61.148,16.3538,35.6784,0,100,85,80,1683,3504,2.19867,0,11.4207,2.30988,0,3403,101844382424
53.8153,18.5821,35.6784,0,100,85,80,1683,3504,2.19867,0,11.4207,2.30988,0,3403,101862965178
60.1782,16.6173,35.6784,0,100,85,80,1683,3504,2.19867,0,11.4207,2.30988,0,3403,101879583269
57.6067,17.3591,35.6784,0,100,85,80,1683,3504,2.19867,0,11.4207,2.30988,0,3403,101896942829
54.7318,18.2709,35.6784,0,100,85,80,1683,3504,2.19867,0,11.4207,2.30988,0,3403,101915215820
62.1456,16.0912,35.6784,0,100,85,80,1683,3504,2.19867,0,11.4207,2.30988,0,3403,101931308675
55.6581,17.9668,35.6784,0,100,85,80,1683,3504,2.19867,0,11.4207,2.30988,0,3403,101949276476
59.1588,16.9036,35.6784,0,100,85,80,1683,3504,2.19867,0,11.4207,2.30988,0,3403,101966182103
57.2,17.4825,35.6784,0,100,85,80,1683,3504,2.19867,0,11.4207,2.30988,0,3403,101983666487
57.2782,17.4587,35.6784,0,100,85,80,1683,3504,2.19867,0,11.4207,2.30988,0,3403,102001126500
56.892,17.5772,35.6784,0,100,85,80,1683,3504,2.19867,0,11.4207,2.30988,0,3403,102018702555
59.5458,16.7938,35.6784,0,100,85,80,1683,3504,2.19867,0,11.4207,2.30988,0,3403,102035498053
57.1194,17.5072,35.6784,0,100,85,80,1683,3504,2.19867,0,11.4207,2.30988,0,3403,102053006351
54.8792,18.2218,35.6784,0,100,85,80,1683,3504,2.19867,0,11.4207,2.30988,0,3403,102071228374
56.5048,17.6976,35.6784,0,100,85,80,1683,3504,2.19867,0,11.4207,2.30988,0,3403,102088926703
56.6406,17.6552,35.6784,0,100,85,80,1683,3504,2.19867,0,11.4207,2.30988,0,3403,102106583765
61.7756,16.1876,35.6784,0,100,85,80,1683,3504,2.19867,0,11.4207,2.30988,0,3403,102122772833
53.1985,18.7975,35.6784,0,100,85,80,1683,3504,2.19867,0,11.4207,2.30988,0,3403,102141580773
57.6012,17.3607,35.6784,0,100,85,80,1683,3504,2.19867,0,11.4207,2.30988,0,3403,102158933553
59.1235,16.9137,35.6784,0,100,85,80,1683,3504,2.19867,0,11.4207,2.30988,0,3403,102175849127
58.8156,17.0023,35.6784,0,100,85,80,1683,3504,2.19867,0,11.4207,2.30988,0,3403,102192852143
58.5418,17.0818,35.6784,0,100,85,80,1683,3504,2.19867,0,11.4207,2.30988,0,3403,102209935259
57.2658,17.4624,35.6784,0,100,85,80,1683,3504,2.19867,0,11.4207,2.30988,0,3403,102227397161
53.619,18.6501,35.6784,0,100,85,80,1683,3504,2.19867,0,11.4207,2.30988,0,3403,102246050893
63.5188,15.7434,35.6784,0,100,85,80,1683,3504,2.19867,0,11.4207,2.30988,0,3403,102261814105
55.0152,18.1768,35.6784,0,100,85,80,1683,3504,2.19867,0,11.4207,2.30988,0,3403,102279987828
59.2643,16.8736,35.6436,0,100,85,80,1683,3504,2.19867,0,11.4201,2.30988,0,3416,102296865649
56.5689,17.6776,35.6436,0,100,85,80,1683,3504,2.19867,0,11.4201,2.30988,0,3416,102314524660
55.8935,17.8912,35.6436,0,100,85,80,1683,3504,2.19867,0,11.4201,2.30988,0,3416,102332417463
61.6157,16.2296,35.6436,0,100,85,80,1683,3504,2.19867,0,11.4201,2.30988,0,3416,102348648623
56.0115,17.8535,35.6436,0,100,85,80,1683,3504,2.19867,0,11.4201,2.30988,0,3416,102366502761
52.7045,18.9737,35.6436,0,100,85,80,1683,3504,2.19867,0,11.4201,2.30988,0,3416,102385479218
60.5982,16.5021,35.6436,0,100,85,80,1683,3504,2.19867,0,11.4201,2.30988,0,3416,102401999376
57.6507,17.3459,35.6436,0,100,85,80,1683,3504,2.19867,0,11.4201,2.30988,0,3416,102419328052
55.2008,18.1157,35.6436,0,100,85,80,1683,3504,2.19867,0,11.4201,2.30988,0,3416,102437444802
60.1318,16.6301,35.6436,0,100,85,80,1683,3504,2.19867,0,11.4201,2.30988,0,3416,102454074949
54.7222,18.2741,35.6436,0,100,85,80,1683,3504,2.19867,0,11.4201,2.30988,0,3416,102472350109
60.6733,16.4817,35.6436,0,100,85,80,1683,3504,2.19867,0,11.4201,2.30988,0,3416,102488832760
53.5844,18.6621,35.6436,0,100,85,80,1683,3504,2.19867,0,11.4201,2.30988,0,3416,102507622262
60.0833,16.6436,35.6436,0,100,85,80,1683,3504,2.19867,0,11.4201,2.30988,0,3416,102524266007
57.256,17.4654,35.6436,0,100,85,80,1683,3504,2.19867,0,11.4201,2.30988,0,3416,102541732132
59.3655,16.8448,35.6436,0,100,85,80,1683,3504,2.19867,0,11.4201,2.30988,0,3416,102558579808
53.4213,18.7191,35.6436,0,100,85,80,1683,3504,2.19867,0,11.4201,2.30988,0,3416,102577298955
61.0364,16.3837,35.6436,0,100,85,80,1683,3504,2.19867,0,11.4201,2.30988,0,3416,102593684430
56.4409,17.7176,35.6436,0,100,85,80,1683,3504,2.19867,0,11.4201,2.30988,0,3416,102611402806
59.1964,16.8929,35.6436,0,100,85,80,1683,3504,2.19867,0,11.4201,2.30988,0,3416,102628299253
53.553,18.6731,35.6436,0,100,85,80,1683,3504,2.19867,0,11.4201,2.30988,0,3416,102646971863
56.7182,17.631,35.6436,0,100,85,80,1683,3504,2.19867,0,11.4201,2.30988,0,3416,102664604388
61.0053,16.392,35.6436,0,100,85,80,1683,3504,2.19867,0,11.4201,2.30988,0,3416,102680996466
57.3921,17.424,35.6436,0,100,85,80,1683,3504,2.19867,0,11.4201,2.30988,0,3416,102698421596
53.6874,18.6263,35.6436,0,100,85,80,1683,3504,2.19867,0,11.4201,2.30988,0,3416,102717048500
62.8819,15.9028,35.6436,0,100,85,80,1683,3504,2.19867,0,11.4201,2.30988,0,3416,102732954313
55.7891,17.9247,35.6436,0,100,85,80,1683,3504,2.19867,0,11.4201,2.30988,0,3416,102750891589
58.2148,17.1778,35.6436,0,100,85,80,1683,3504,2.19867,0,11.4201,2.30988,0,3416,102768057849
54.7059,18.2796,35.6436,0,100,85,80,1683,3504,2.19867,0,11.4201,2.30988,0,3416,102786342824
60.0378,16.6562,36.4764,0,100,85,80,1683,3504,2.19867,0,11.4198,2.30988,0,3418,102802996109
56.0879,17.8291,36.4764,0,100,85,80,1683,3504,2.19867,0,11.4198,2.30988,0,3418,102820826454
56.9194,17.5687,36.4764,0,100,85,80,1683,3504,2.19867,0,11.4198,2.30988,0,3418,102838395653
59.512,16.8033,36.4764,0,100,85,80,1683,3504,2.19867,0,11.4198,2.30988,0,3418,102855201436
56.8092,17.6028,36.4764,0,100,85,80,1683,3504,2.19867,0,11.4198,2.30988,0,3418,102872804355
57.5485,17.3766,36.4764,0,100,85,80,1683,3504,2.19867,0,11.4198,2.30988,0,3418,102890181910
55.8038,17.9199,36.4764,0,100,85,80,1683,3504,2.19867,0,11.4198,2.30988,0,3418,102908103390
58.7154,17.0313,36.4764,0,100,85,80,1683,3504,2.19867,0,11.4198,2.30988,0,3418,102925135191
56.3175,17.7565,36.4764,0,100,85,80,1683,3504,2.19867,0,11.4198,2.30988,0,3418,102942892646
56.0192,17.851,36.4764,0,100,85,80,1683,3504,2.19867,0,11.4198,2.30988,0,3418,102960744738
59.2295,16.8835,36.4764,0,100,85,80,1683,3504,2.19867,0,11.4198,2.30988,0,3418,102977629056
57.1208,17.5067,36.4764,0,100,85,80,1683,3504,2.19867,0,11.4198,2.30988,0,3418,102995149294
59.6386,16.7677,36.4764,0,100,85,80,1683,3504,2.19867,0,11.4198,2.30988,0,3418,103011906108
56.1981,17.7942,36.4764,0,100,85,80,1683,3504,2.19867,0,11.4198,2.30988,0,3418,103029701357
52.1091,19.1905,36.4764,0,100,85,80,1683,3504,2.19867,0,11.4198,2.30988,0,3418,103048904867
61.8432,16.1699,36.4764,0,100,85,80,1683,3504,2.19867,0,11.4198,2.30988,0,3418,103065062223
59.413,16.8313,36.4764,0,100,85,80,1683,3504,2.19867,0,11.4198,2.30988,0,3418,103081897118
58.0356,17.2308,36.4764,0,100,85,80,1683,3504,2.19867,0,11.4198,2.30988,0,3418,103099127837
54.7819,18.2542,36.4764,0,100,85,80,1683,3504,2.19867,0,11.4198,2.30988,0,3418,103117396817
58.1604,17.1938,36.4764,0,100,85,80,1683,3504,2.19867,0,11.4198,2.30988,0,3418,103134578663
55.7104,17.95,36.4764,0,100,85,80,1683,3504,2.19867,0,11.4198,2.30988,0,3418,103152530655
58.2583,17.1649,36.4764,0,100,85,80,1683,3504,2.19867,0,11.4198,2.30988,0,3418,103169697330
55.8939,17.891,36.4764,0,100,85,80,1683,3504,2.19867,0,11.4198,2.30988,0,3418,103187587662
55.7851,17.9259,36.4764,0,100,85,80,1683,3504,2.19867,0,11.4198,2.30988,0,3418,103205515536
62.1725,16.0843,36.4764,0,100,85,80,1683,3504,2.19867,0,11.4198,2.30988,0,3418,103221601547
57.802,17.3005,36.4764,0,100,85,80,1683,3504,2.19867,0,11.4198,2.30988,0,3418,103238902244
56.2237,17.7861,36.4764,0,100,85,80,1683,3504,2.19867,0,11.4198,2.30988,0,3418,103256690250
55.3889,18.0542,36.4764,0,100,85,80,1683,3504,2.19867,0,11.4198,2.30988,0,3418,103274744114
57.0496,17.5286,36.4764,0,100,85,80,1683,3504,2.19867,0,11.4198,2.30988,0,3418,103292278766
58.9269,16.9702,35,0,100,84,80,1683,3504,2.19867,0,11.4196,2.30988,0,3400,103309245940
58.0175,17.2362,35,0,100,84,80,1683,3504,2.19867,0,11.4196,2.30988,0,3400,103326484033
55.6484,17.97,35,0,100,84,80,1683,3504,2.19867,0,11.4196,2.30988,0,3400,103344454875
57.4274,17.4133,35,0,100,84,80,1683,3504,2.19867,0,11.4196,2.30988,0,3400,103361869195
57.2347,17.4719,35,0,100,84,80,1683,3504,2.19867,0,11.4196,2.30988,0,3400,103379342919
58.0795,17.2178,35,0,100,84,80,1683,3504,2.19867,0,11.4196,2.30988,0,3400,103396560371
56.271,17.7711,35,0,100,84,80,1683,3504,2.19867,0,11.4196,2.30988,0,3400,103414333055
56.1803,17.7998,35,0,100,84,80,1683,3504,2.19867,0,11.4196,2.30988,0,3400,103432134064
56.2554,17.7761,35,0,100,84,80,1683,3504,2.19867,0,11.4196,2.30988,0,3400,103449911362
58.9145,16.9737,35,0,100,84,80,1683,3504,2.19867,0,11.4196,2.30988,0,3400,103466886289
55.2542,18.0982,35,0,100,84,80,1683,3504,2.19867,0,11.4196,2.30988,0,3400,103484985939
60.3347,16.5742,35,0,100,84,80,1683,3504,2.19867,0,11.4196,2.30988,0,3400,103501561910
55.8725,17.8979,35,0,100,84,80,1683,3504,2.19867,0,11.4196,2.30988,0,3400,103519459762
55.047,18.1663,35,0,100,84,80,1683,3504,2.19867,0,11.4196,2.30988,0,3400,103537627164
58.9208,16.9719,35,0,100,84,80,1683,3504,2.19867,0,11.4196,2.30988,0,3400,103554599472
55.7047,17.9518,35,0,100,84,80,1683,3504,2.19867,0,11.4196,2.30988,0,3400,103572551766
59.5398,16.7955,35,0,100,84,80,1683,3504,2.19867,0,11.4196,2.30988,0,3400,103589350427
55.4607,18.0308,35,0,100,84,80,1683,3504,2.19867,0,11.4196,2.30988,0,3400,103607381964
54.9258,18.2064,35,0,100,84,80,1683,3504,2.19867,0,11.4196,2.30988,0,3400,103625589441
61.0717,16.3742,35,0,100,84,80,1683,3504,2.19867,0,11.4196,2.30988,0,3400,103641965198
55.4903,18.0212,35,0,100,84,80,1683,3504,2.19867,0,11.4196,2.30988,0,3400,103659987417
58.9856,16.9533,35,0,100,84,80,1683,3504,2.19867,0,11.4196,2.30988,0,3400,103676943751
56.3208,17.7554,35,0,100,84,80,1683,3504,2.19867,0,11.4196,2.30988,0,3400,103694701527
60.8049,16.446,35,0,100,84,80,1683,3504,2.19867,0,11.4196,2.30988,0,3400,103711146768
54.6155,18.3098,35,0,100,84,80,1683,3504,2.19867,0,11.4196,2.30988,0,3400,103729475222
56.5543,17.6821,35,0,100,84,80,1683,3504,2.19867,0,11.4196,2.30988,0,3400,103747140155
59.9846,16.6709,35,0,100,84,80,1683,3504,2.19867,0,11.4196,2.30988,0,3400,103763812935
57.1233,17.506,35,0,100,84,80,1683,3504,2.19867,0,11.4196,2.30988,0,3400,103781322580
53.1923,18.7997,35,0,100,84,80,1683,3504,2.19867,0,11.4196,2.30988,0,3400,103800124564
59.688,16.7538,35.101,0,100,84,80,1683,3504,2.19867,0,11.4196,2.30988,0,3439,103816876384
56.9827,17.5492,35.101,0,100,84,80,1683,3504,2.19867,0,11.4196,2.30988,0,3439,103834427032
57.14,17.5009,35.101,0,100,84,80,1683,3504,2.19867,0,11.4196,2.30988,0,3439,103851929745
56.3345,17.7511,35.101,0,100,84,80,1683,3504,2.19867,0,11.4196,2.30988,0,3439,103869699652
57.5805,17.367,35.101,0,100,84,80,1683,3504,2.19867,0,11.4196,2.30988,0,3439,103887049698
56.2536,17.7766,35.101,0,100,84,80,1683,3504,2.19867,0,11.4196,2.30988,0,3439,103904827169
57.8573,17.2839,35.101,0,100,84,80,1683,3504,2.19867,0,11.4196,2.30988,0,3439,103922112156
56.5388,17.687,35.101,0,100,84,80,1683,3504,2.19867,0,11.4196,2.30988,0,3439,103939799999
57.7664,17.3111,35.101,0,100,84,80,1683,3504,2.19867,0,11.4196,2.30988,0,3439,103957112071
56.8437,17.5921,35.101,0,100,84,80,1683,3504,2.19867,0,11.4196,2.30988,0,3439,103974705391
57.7481,17.3166,35.101,0,100,84,80,1683,3504,2.19867,0,11.4196,2.30988,0,3439,103992023790
56.4984,17.6996,35.101,0,100,84,80,1683,3504,2.19867,0,11.4196,2.30988,0,3439,104009723804
54.628,18.3056,35.101,0,100,84,80,1683,3504,2.19867,0,11.4196,2.30988,0,3439,104028031523
60.2377,16.6009,35.101,0,100,84,80,1683,3504,2.19867,0,11.4196,2.30988,0,3439,104044632586
57.0402,17.5315,35.101,0,100,84,80,1683,3504,2.19867,0,11.4196,2.30988,0,3439,104062165332
53.6951,18.6237,35.101,0,100,84,80,1683,3504,2.19867,0,11.4196,2.30988,0,3439,104080790418
61.3227,16.3072,35.101,0,100,84,80,1683,3504,2.19867,0,11.4196,2.30988,0,3439,104097098034
57.4299,17.4125,35.101,0,100,84,80,1683,3504,2.19867,0,11.4196,2.30988,0,3439,104114512704
56.3388,17.7498,35.101,0,100,84,80,1683,3504,2.19867,0,11.4196,2.30988,0,3439,104132264089
57.7995,17.3012,35.101,0,100,84,80,1683,3504,2.19867,0,11.4196,2.30988,0,3439,104149565539
54.7007,18.2813,35.101,0,100,84,80,1683,3504,2.19867,0,11.4196,2.30988,0,3439,104167848043
57.4454,17.4078,35.101,0,100,84,80,1683,3504,2.19867,0,11.4196,2.30988,0,3439,104185257642
58.0646,17.2222,35.101,0,100,84,80,1683,3504,2.19867,0,11.4196,2.30988,0,3439,104202480822
59.2279,16.8839,35.101,0,100,84,80,1683,3504,2.19867,0,11.4196,2.30988,0,3439,104219366223
57.528,17.3828,35.101,0,100,84,80,1683,3504,2.19867,0,11.4196,2.30988,0,3439,104236750733
57.1127,17.5092,35.101,0,100,84,80,1683,3504,2.19867,0,11.4196,2.30988,0,3439,104254260543
54.583,18.3207,35.101,0,100,84,80,1683,3504,2.19867,0,11.4196,2.30988,0,3439,104272583250
56.9696,17.5532,35.101,0,100,84,80,1683,3504,2.19867,0,11.4196,2.30988,0,3439,104290137022
56.2579,17.7753,35.101,0,100,84,80,1683,3504,2.19867,0,11.4196,2.30988,0,3439,104307918549
57.1028,17.5123,36.5196,0,100,86,80,1683,3504,2.19867,0,11.4196,2.30988,0,3400,104325426891
55.8516,17.9046,36.5196,0,100,86,80,1683,3504,2.19867,0,11.4196,2.30988,0,3400,104343343904
57.9306,17.262,36.5196,0,100,86,80,1683,3504,2.19867,0,11.4196,2.30988,0,3400,104360608496
59.5137,16.8028,36.5196,0,100,86,80,1683,3504,2.19867,0,11.4196,2.30988,0,3400,104377411727
55.9176,17.8835,36.5196,0,100,86,80,1683,3504,2.19867,0,11.4196,2.30988,0,3400,104395296865
60.3285,16.5759,36.5196,0,100,86,80,1683,3504,2.19867,0,11.4196,2.30988,0,3400,104411873740
55.0689,18.1591,36.5196,0,100,86,80,1683,3504,2.19867,0,11.4196,2.30988,0,3400,104430033218
56.4206,17.724,36.5196,0,100,86,80,1683,3504,2.19867,0,11.4196,2.30988,0,3400,104447758402
57.522,17.3846,36.5196,0,100,86,80,1683,3504,2.19867,0,11.4196,2.30988,0,3400,104465144445
56.334,17.7513,36.5196,0,100,86,80,1683,3504,2.19867,0,11.4196,2.30988,0,3400,104482896234
57.2803,17.458,36.5196,0,100,86,80,1683,3504,2.19867,0,11.4196,2.30988,0,3400,104500355936
57.4392,17.4097,36.5196,0,100,86,80,1683,3504,2.19867,0,11.4196,2.30988,0,3400,104517766702
56.9407,17.5621,36.5196,0,100,86,80,1683,3504,2.19867,0,11.4196,2.30988,0,3400,104535330211
57.4328,17.4116,36.5196,0,100,86,80,1683,3504,2.19867,0,11.4196,2.30988,0,3400,104552744796
56.2768,17.7693,36.5196,0,100,86,80,1683,3504,2.19867,0,11.4196,2.30988,0,3400,104570514498
56.0055,17.8554,36.5196,0,100,86,80,1683,3504,2.19867,0,11.4196,2.30988,0,3400,104588370562
56.9368,17.5633,36.5196,0,100,86,80,1683,3504,2.19867,0,11.4196,2.30988,0,3400,104605935992
58.7898,17.0097,36.5196,0,100,86,80,1683,3504,2.19867,0,11.4196,2.30988,0,3400,104622946143
55.1828,18.1216,36.5196,0,100,86,80,1683,3504,2.19867,0,11.4196,2.30988,0,3400,104641068509
58.177,17.1889,36.5196,0,100,86,80,1683,3504,2.19867,0,11.4196,2.30988,0,3400,104658258958
58.8835,16.9827,36.5196,0,100,86,80,1683,3504,2.19867,0,11.4196,2.30988,0,3400,104675242501
54.097,18.4853,36.5196,0,100,86,80,1683,3504,2.19867,0,11.4196,2.30988,0,3400,104693730112
59.0765,16.9272,36.5196,0,100,86,80,1683,3504,2.19867,0,11.4196,2.30988,0,3400,104710657795
56.0588,17.8384,36.5196,0,100,86,80,1683,3504,2.19867,0,11.4196,2.30988,0,3400,104728510032
58.3989,17.1236,36.5196,0,100,86,80,1683,3504,2.19867,0,11.4196,2.30988,0,3400,104745621917
55.6068,17.9834,36.5196,0,100,86,80,1683,3504,2.19867,0,11.4196,2.30988,0,3400,104763624551
56.0803,17.8316,36.5196,0,100,86,80,1683,3504,2.19867,0,11.4196,2.30988,0,3400,104781439059
57.9334,17.2612,36.5196,0,100,86,80,1683,3504,2.19867,0,11.4196,2.30988,0,3400,104798701184
60.6796,16.48,36.5196,0,100,86,80,1683,3504,2.19867,0,11.4196,2.30988,0,3400,104815186541
54.0493,18.5016,37.9653,0,100,86,80,1683,3504,2.19867,0,11.4232,2.30988,0,3412,104833684917
58.4925,17.0962,37.9653,0,100,86,80,1683,3504,2.19867,0,11.4232,2.30988,0,3412,104850781815
50.3595,19.8572,37.9653,0,100,86,80,1683,3504,2.19867,0,11.4232,2.30988,0,3412,104870640551
65.4291,15.2837,37.9653,0,100,86,80,1683,3504,2.19867,0,11.4232,2.30988,0,3412,104885926587
53.145,18.8164,37.9653,0,100,86,80,1683,3504,2.19867,0,11.4232,2.30988,0,3412,104904743513
57.2048,17.481,37.9653,0,100,86,80,1683,3504,2.19867,0,11.4232,2.30988,0,3412,104922225750
60.8938,16.422,37.9653,0,100,86,80,1683,3504,2.19867,0,11.4232,2.30988,0,3412,104938648709
55.4708,18.0275,37.9653,0,100,86,80,1683,3504,2.19867,0,11.4232,2.30988,0,3412,104956678523
54.0821,18.4904,37.9653,0,100,86,80,1683,3504,2.19867,0,11.4232,2.30988,0,3412,104975169458
58.2083,17.1797,37.9653,0,100,86,80,1683,3504,2.19867,0,11.4232,2.30988,0,3412,104992349715
58.8328,16.9973,37.9653,0,100,86,80,1683,3504,2.19867,0,11.4232,2.30988,0,3412,105009348382
56.7534,17.6201,37.9653,0,100,86,80,1683,3504,2.19867,0,11.4232,2.30988,0,3412,105026972508
56.7375,17.625,37.9653,0,100,86,80,1683,3504,2.19867,0,11.4232,2.30988,0,3412,105044595730
56.0929,17.8276,37.9653,0,100,86,80,1683,3504,2.19867,0,11.4232,2.30988,0,3412,105062425895
57.9068,17.2691,37.9653,0,100,86,80,1683,3504,2.19867,0,11.4232,2.30988,0,3412,105079695392
55.5726,17.9945,37.9653,0,100,86,80,1683,3504,2.19867,0,11.4232,2.30988,0,3412,105097690755
55.7142,17.9487,37.9653,0,100,86,80,1683,3504,2.19867,0,11.4232,2.30988,0,3412,105115640296
56.7211,17.6301,37.9653,0,100,86,80,1683,3504,2.19867,0,11.4232,2.30988,0,3412,105133271306
57.6998,17.3311,37.9653,0,100,86,80,1683,3504,2.19867,0,11.4232,2.30988,0,3412,105150603342
55.0074,18.1794,37.9653,0,100,86,80,1683,3504,2.19867,0,11.4232,2.30988,0,3412,105168784499
51.2099,19.5275,37.9653,0,100,86,80,1683,3504,2.19867,0,11.4232,2.30988,0,3412,105188315271
61.3975,16.2873,37.9653,0,100,86,80,1683,3504,2.19867,0,11.4232,2.30988,0,3412,105204602567
56.9163,17.5697,37.9653,0,100,86,80,1683,3504,2.19867,0,11.4232,2.30988,0,3412,105222172465
60.608,16.4995,37.9653,0,100,86,80,1683,3504,2.19867,0,11.4232,2.30988,0,3412,105238672711
59.015,16.9448,37.9653,0,100,86,80,1683,3504,2.19867,0,11.4232,2.30988,0,3412,105255619739
55.6331,17.9749,37.9653,0,100,86,80,1683,3504,2.19867,0,11.4232,2.30988,0,3412,105273594838
54.5591,18.3287,37.9653,0,100,86,80,1683,3504,2.19867,0,11.4232,2.30988,0,3412,105291925645
53.1735,18.8063,37.9653,0,100,86,80,1683,3504,2.19867,0,11.4232,2.30988,0,3412,105310732419
58.875,16.9851,37.9653,0,100,86,80,1683,3504,2.19867,0,11.4232,2.30988,0,3412,105327725150
58.8982,16.9785,40.7407,0,100,87,80,1683,3504,2.19867,0,11.4291,2.30988,0,3411,105344698663
55.447,18.0352,40.7407,0,100,87,80,1683,3504,2.19867,0,11.4291,2.30988,0,3411,105362735690
57.395,17.4231,40.7407,0,100,87,80,1683,3504,2.19867,0,11.4291,2.30988,0,3411,105380158853
55.6555,17.9677,40.7407,0,100,87,80,1683,3504,2.19867,0,11.4291,2.30988,0,3411,105398128105
60.4578,16.5405,40.7407,0,100,87,80,1683,3504,2.19867,0,11.4291,2.30988,0,3411,105414671197
54.2168,18.4445,40.7407,0,100,87,80,1683,3504,2.19867,0,11.4291,2.30988,0,3411,105433116254
57.0642,17.5241,40.7407,0,100,87,80,1683,3504,2.19867,0,11.4291,2.30988,0,3411,105450641639
57.2866,17.4561,40.7407,0,100,87,80,1683,3504,2.19867,0,11.4291,2.30988,0,3411,105468100138
54.3592,18.3962,40.7407,0,100,87,80,1683,3504,2.19867,0,11.4291,2.30988,0,3411,105486496474
56.5054,17.6974,40.7407,0,100,87,80,1683,3504,2.19867,0,11.4291,2.30988,0,3411,105504197492
57.1528,17.497,40.7407,0,100,87,80,1683,3504,2.19867,0,11.4291,2.30988,0,3411,105521694679
53.8788,18.5602,40.7407,0,100,87,80,1683,3504,2.19867,0,11.4291,2.30988,0,3411,105540255383
58.0276,17.2332,40.7407,0,100,87,80,1683,3504,2.19867,0,11.4291,2.30988,0,3411,105557491374
59.5773,16.7849,40.7407,0,100,87,80,1683,3504,2.19867,0,11.4291,2.30988,0,3411,105574288325
60.8922,16.4225,40.7407,0,100,87,80,1683,3504,2.19867,0,11.4291,2.30988,0,3411,105590699897
54.6915,18.2844,40.7407,0,100,87,80,1683,3504,2.19867,0,11.4291,2.30988,0,3411,105608985128
57.5835,17.3661,40.7407,0,100,87,80,1683,3504,2.19867,0,11.4291,2.30988,0,3411,105626351679
55.4364,18.0387,40.7407,0,100,87,80,1683,3504,2.19867,0,11.4291,2.30988,0,3411,105644404422
57.5762,17.3683,40.7407,0,100,87,80,1683,3504,2.19867,0,11.4291,2.30988,0,3411,105661760854
56.356,17.7443,40.7407,0,100,87,80,1683,3504,2.19867,0,11.4291,2.30988,0,3411,105679506615
54.1492,18.4675,40.7407,0,100,87,80,1683,3504,2.19867,0,11.4291,2.30988,0,3411,105697975272
58.5135,17.0901,40.7407,0,100,87,80,1683,3504,2.19867,0,11.4291,2.30988,0,3411,105715066167
58.1582,17.1945,40.7407,0,100,87,80,1683,3504,2.19867,0,11.4291,2.30988,0,3411,105732263103
52.3199,19.1132,40.7407,0,100,87,80,1683,3504,2.19867,0,11.4291,2.30988,0,3411,105751376165
58.7538,17.0202,40.7407,0,100,87,80,1683,3504,2.19867,0,11.4291,2.30988,0,3411,105768415976
56.65,17.6522,40.7407,0,100,87,80,1683,3504,2.19867,0,11.4291,2.30988,0,3411,105786050645
58.5277,17.0859,40.7407,0,100,87,80,1683,3504,2.19867,0,11.4291,2.30988,0,3411,105803137445
56.4302,17.721,40.7407,0,100,87,80,1683,3504,2.19867,0,11.4291,2.30988,0,3411,105820859018
55.4563,18.0322,40.7407,0,100,87,80,1683,3504,2.19867,0,11.4291,2.30988,0,3411,105838895591
58.1627,17.1932,46.7312,0,100,87,80,1683,3504,2.19867,0,11.4374,2.30988,0,3402,105856088318
52.5299,19.0368,46.7312,0,100,87,80,1683,3504,2.19867,0,11.4374,2.30988,0,3402,105875124764
57.7681,17.3106,46.7312,0,100,87,80,1683,3504,2.19867,0,11.4374,2.30988,0,3402,105892436777
57.6969,17.332,46.7312,0,100,87,80,1683,3504,2.19867,0,11.4374,2.30988,0,3402,105909769632
57.7839,17.3059,46.7312,0,100,87,80,1683,3504,2.19867,0,11.4374,2.30988,0,3402,105927075900
55.2466,18.1007,46.7312,0,100,87,80,1683,3504,2.19867,0,11.4374,2.30988,0,3402,105945179344
56.1933,17.7957,46.7312,0,100,87,80,1683,3504,2.19867,0,11.4374,2.30988,0,3402,105962974716
57.1376,17.5016,46.7312,0,100,87,80,1683,3504,2.19867,0,11.4374,2.30988,0,3402,105980479510
54.5501,18.3318,46.7312,0,100,87,80,1683,3504,2.19867,0,11.4374,2.30988,0,3402,105998828580
60.2042,16.6101,46.7312,0,100,87,80,1683,3504,2.19867,0,11.4374,2.30988,0,3402,106015421729
56.7195,17.6306,46.7312,0,100,87,80,1683,3504,2.19867,0,11.4374,2.30988,0,3402,106033053153
54.1097,18.481,46.7312,0,100,87,80,1683,3504,2.19867,0,11.4374,2.30988,0,3402,106051535366
56.433,17.7201,46.7312,0,100,87,80,1683,3504,2.19867,0,11.4374,2.30988,0,3402,106069257164
56.4963,17.7003,46.7312,0,100,87,80,1683,3504,2.19867,0,11.4374,2.30988,0,3402,106086958205
56.2397,17.781,46.7312,0,100,87,80,1683,3504,2.19867,0,11.4374,2.30988,0,3402,106104739962
55.9696,17.8668,46.7312,0,100,87,80,1683,3504,2.19867,0,11.4374,2.30988,0,3402,106122607550
54.5184,18.3424,46.7312,0,100,87,80,1683,3504,2.19867,0,11.4374,2.30988,0,3402,106140950388
56.5301,17.6897,46.7312,0,100,87,80,1683,3504,2.19867,0,11.4374,2.30988,0,3402,106158641644
59.4132,16.8313,46.7312,0,100,87,80,1683,3504,2.19867,0,11.4374,2.30988,0,3402,106175474911
55.0176,18.176,46.7312,0,100,87,80,1683,3504,2.19867,0,11.4374,2.30988,0,3402,106193651874
59.1588,16.9037,46.7312,0,100,87,80,1683,3504,2.19867,0,11.4374,2.30988,0,3402,106210555939
53.4783,18.6992,46.7312,0,100,87,80,1683,3504,2.19867,0,11.4374,2.30988,0,3402,106229258028
57.1001,17.5131,46.7312,0,100,87,80,1683,3504,2.19867,0,11.4374,2.30988,0,3402,106246771678
56.617,17.6626,46.7312,0,100,87,80,1683,3504,2.19867,0,11.4374,2.30988,0,3402,106264434312
57.8887,17.2745,46.7312,0,100,87,80,1683,3504,2.19867,0,11.4374,2.30988,0,3402,106281710092
54.147,18.4682,46.7312,0,100,87,80,1683,3504,2.19867,0,11.4374,2.30988,0,3402,106300178527
56.9236,17.5674,46.7312,0,100,87,80,1683,3504,2.19867,0,11.4374,2.30988,0,3402,106317746788
55.4177,18.0448,46.7312,0,100,87,80,1683,3504,2.19867,0,11.4374,2.30988,0,3402,106335811437
54.9916,18.1846,46.7312,0,100,87,80,1683,3504,2.19867,0,11.4374,2.30988,0,3402,106353994652
59.2903,16.8662,36.3636,0,100,85,80,1683,3504,2.19867,0,11.4377,2.30988,0,3427,106370846155
54.2243,18.4419,36.3636,0,100,85,80,1683,3504,2.19867,0,11.4377,2.30988,0,3427,106389288710
57.6977,17.3317,36.3636,0,100,85,80,1683,3504,2.19867,0,11.4377,2.30988,0,3427,106406622026
56.5017,17.6986,36.3636,0,100,85,80,1683,3504,2.19867,0,11.4377,2.30988,0,3427,106424320793
58.3396,17.141,36.3636,0,100,85,80,1683,3504,2.19867,0,11.4377,2.30988,0,3427,106441466123
55.5838,17.9908,36.3636,0,100,85,80,1683,3504,2.19867,0,11.4377,2.30988,0,3427,106459456742
56.0798,17.8317,36.3636,0,100,85,80,1683,3504,2.19867,0,11.4377,2.30988,0,3427,106477288296
56.6339,17.6573,36.3636,0,100,85,80,1683,3504,2.19867,0,11.4377,2.30988,0,3427,106494947030
54.9214,18.2078,36.3636,0,100,85,80,1683,3504,2.19867,0,11.4377,2.30988,0,3427,106513168852
56.6109,17.6644,36.3636,0,100,85,80,1683,3504,2.19867,0,11.4377,2.30988,0,3427,106530825411
54.4687,18.3592,36.3636,0,100,85,80,1683,3504,2.19867,0,11.4377,2.30988,0,3427,106549182685
57.4963,17.3924,36.3636,0,100,85,80,1683,3504,2.19867,0,11.4377,2.30988,0,3427,106566576202
57.2935,17.454,36.3636,0,100,85,80,1683,3504,2.19867,0,11.4377,2.30988,0,3427,106584030861
56.545,17.685,36.3636,0,100,85,80,1683,3504,2.19867,0,11.4377,2.30988,0,3427,106601716904
56.5236,17.6917,36.3636,0,100,85,80,1683,3504,2.19867,0,11.4377,2.30988,0,3427,106619409773
55.6192,17.9794,36.3636,0,100,85,80,1683,3504,2.19867,0,11.4377,2.30988,0,3427,106637407404
56.9073,17.5724,36.3636,0,100,85,80,1683,3504,2.19867,0,11.4377,2.30988,0,3427,106654962815
55.9536,17.8719,36.3636,0,100,85,80,1683,3504,2.19867,0,11.4377,2.30988,0,3427,106672836177
58.1204,17.2057,36.3636,0,100,85,80,1683,3504,2.19867,0,11.4377,2.30988,0,3427,106690042387
56.2422,17.7802,36.3636,0,100,85,80,1683,3504,2.19867,0,11.4377,2.30988,0,3427,106707825277
55.303,18.0822,36.3636,0,100,85,80,1683,3504,2.19867,0,11.4377,2.30988,0,3427,106725909922
54.8445,18.2334,36.3636,0,100,85,80,1683,3504,2.19867,0,11.4377,2.30988,0,3427,106744142894
59.0599,16.932,36.3636,0,100,85,80,1683,3504,2.19867,0,11.4377,2.30988,0,3427,106761076896
56.4207,17.724,36.3636,0,100,85,80,1683,3504,2.19867,0,11.4377,2.30988,0,3427,106778801501
53.9759,18.5268,36.3636,0,100,85,80,1683,3504,2.19867,0,11.4377,2.30988,0,3427,106797329084
58.4674,17.1035,36.3636,0,100,85,80,1683,3504,2.19867,0,11.4377,2.30988,0,3427,106814432748
41.643,24.0137,36.3636,0,100,85,80,1683,3504,2.19867,0,11.4377,2.30988,0,3427,106838470741
58.9029,16.9771,36.3636,0,100,85,80,1683,3504,2.19867,0,11.4377,2.30988,0,3427,106855453405
56.1037,17.8241,37.9747,0,100,85,80,1683,3504,2.19867,0,11.452,2.30988,0,1782,106873252959
54.7839,18.2535,37.9747,0,100,85,80,1683,3504,2.19867,0,11.452,2.30988,0,1782,106891506391
64.405,15.5267,37.9747,0,100,85,80,1683,3504,2.19867,0,11.452,2.30988,0,1782,106907035583
54.5518,18.3312,37.9747,0,100,85,80,1683,3504,2.19867,0,11.452,2.30988,0,1782,106925388774
55.6884,17.9571,37.9747,0,100,85,80,1683,3504,2.19867,0,11.452,2.30988,0,1782,106943325248
42.9989,23.2564,37.9747,0,100,85,80,1683,3504,2.19867,0,11.452,2.30988,0,1782,106966603749
58.1904,17.185,37.9747,0,100,85,80,1683,3504,2.19867,0,11.452,2.30988,0,1782,106983769231
50.2099,19.9164,37.9747,0,100,85,80,1683,3504,2.19867,0,11.452,2.30988,0,1782,107003687107
55.2588,18.0967,37.9747,0,100,85,80,1683,3504,2.19867,0,11.452,2.30988,0,1782,107021785812
51.1692,19.543,37.9747,0,100,85,80,1683,3504,2.19867,0,11.452,2.30988,0,1782,107041341852
49.1864,20.3308,37.9747,0,100,85,80,1683,3504,2.19867,0,11.452,2.30988,0,1782,107061659952
44.6107,22.4161,37.9747,0,100,85,80,1683,3504,2.19867,0,11.452,2.30988,0,1782,107084078911
42.2321,23.6786,37.9747,0,100,85,80,1683,3504,2.19867,0,11.452,2.30988,0,1782,107107757590
47.8861,20.8829,37.9747,0,100,85,80,1683,3504,2.19867,0,11.452,2.30988,0,1782,107128663363
42.7557,23.3887,37.9747,0,100,85,80,1683,3504,2.19867,0,11.452,2.30988,0,1782,107152053537
52.9636,18.8809,37.9747,0,100,85,80,1683,3504,2.19867,0,11.452,2.30988,0,1782,107170934470
47.568,21.0225,37.9747,0,100,85,80,1683,3504,2.19867,0,11.452,2.30988,0,1782,107191959493
50.3708,19.8528,37.9747,0,100,85,80,1683,3504,2.19867,0,11.452,2.30988,0,1782,107211811989
42.8254,23.3506,37.9747,0,100,85,80,1683,3504,2.19867,0,11.452,2.30988,0,1782,107235311733
52.0133,19.2258,37.9747,0,100,85,80,1683,3504,2.19867,0,11.452,2.30988,0,1782,107254390937
46.194,21.6478,37.9747,0,100,85,80,1683,3504,2.19867,0,11.452,2.30988,0,1782,107276039378
55.333,18.0724,37.9747,0,100,85,80,1683,3504,2.19867,0,11.452,2.30988,0,1782,107294113413
40.1323,24.9176,37.9747,0,100,85,80,1683,3504,2.19867,0,11.452,2.30988,0,1782,107319054243
58.1839,17.1869,37.9747,0,100,85,80,1683,3504,2.19867,0,11.452,2.30988,0,1782,107336242655
46.9785,21.2863,37.9747,0,100,85,80,1683,3504,2.19867,0,11.452,2.30988,0,1782,107357538504
47.1264,21.2195,65.7143,0,100,84,80,1683,3504,2.19867,0,11.4521,2.30988,0,1727,107378750960
45.8147,21.827,65.7143,0,100,84,80,1683,3504,2.19867,0,11.4521,2.30988,0,1727,107400558501
55.0366,18.1697,65.7143,0,100,84,80,1683,3504,2.19867,0,11.4521,2.30988,0,1727,107418749321
45.3055,22.0724,65.7143,0,100,84,80,1683,3504,2.19867,0,11.4521,2.30988,0,1727,107440822252
46.3348,21.5821,65.7143,0,100,84,80,1683,3504,2.19867,0,11.4521,2.30988,0,1727,107462425085
55.8171,17.9157,65.7143,0,100,84,80,1683,3504,2.19867,0,11.4521,2.30988,0,1727,107480343433
48.8055,20.4895,65.7143,0,100,84,80,1683,3504,2.19867,0,11.4521,2.30988,0,1727,107500813418
50.5555,19.7802,65.7143,0,100,84,80,1683,3504,2.19867,0,11.4521,2.30988,0,1727,107520594301
47.009,21.2725,65.7143,0,100,84,80,1683,3504,2.19867,0,11.4521,2.30988,0,1727,107541880754
47.2432,21.167,65.7143,0,100,84,80,1683,3504,2.19867,0,11.4521,2.30988,0,1727,107563057293
53.7609,18.6009,65.7143,0,100,84,80,1683,3504,2.19867,0,11.4521,2.30988,0,1727,107581672390
47.7074,20.9611,65.7143,0,100,84,80,1683,3504,2.19867,0,11.4521,2.30988,0,1727,107602656236
48.2799,20.7126,65.7143,0,100,84,80,1683,3504,2.19867,0,11.4521,2.30988,0,1727,107623370438
46.6691,21.4275,65.7143,0,100,84,80,1683,3504,2.19867,0,11.4521,2.30988,0,1727,107644799262
53.5452,18.6758,65.7143,0,100,84,80,1683,3504,2.19867,0,11.4521,2.30988,0,1727,107663474865
50.0102,19.9959,65.7143,0,100,84,80,1683,3504,2.19867,0,11.4521,2.30988,0,1727,107683473094
42.7712,23.3802,65.7143,0,100,84,80,1683,3504,2.19867,0,11.4521,2.30988,0,1727,107706852916
56.2904,17.765,65.7143,0,100,84,80,1683,3504,2.19867,0,11.4521,2.30988,0,1727,107724619920
50.1384,19.9448,65.7143,0,100,84,80,1683,3504,2.19867,0,11.4521,2.30988,0,1727,107744587002
50.194,19.9227,65.7143,0,100,84,80,1683,3504,2.19867,0,11.4521,2.30988,0,1727,107764510427
47.9622,20.8498,65.7143,0,100,84,80,1683,3504,2.19867,0,11.4521,2.30988,0,1727,107785341381
47.4783,21.0623,65.7143,0,100,84,80,1683,3504,2.19867,0,11.4521,2.30988,0,1727,107806425496
45.5089,21.9737,65.7143,0,100,84,80,1683,3504,2.19867,0,11.4521,2.30988,0,1727,107828378237
47.9685,20.847,65.7143,0,100,84,80,1683,3504,2.19867,0,11.4521,2.30988,0,1727,107849249361
55.0131,18.1775,65.7143,0,100,84,80,1683,3504,2.19867,0,11.4521,2.30988,0,1727,107867409718
44.8672,22.288,65.8228,0,100,84,76,1359,3504,2.19867,0,11.4446,2.30988,0,1735,107889716867
51.4165,19.449,65.8228,0,100,84,76,1359,3504,2.19867,0,11.4446,2.30988,0,1735,107909145041
47.2457,21.1659,65.8228,0,100,84,76,1359,3504,2.19867,0,11.4446,2.30988,0,1735,107930312832
52.1775,19.1654,65.8228,0,100,84,76,1359,3504,2.19867,0,11.4446,2.30988,0,1735,107949480994
44.4843,22.4798,65.8228,0,100,84,76,1359,3504,2.19867,0,11.4446,2.30988,0,1735,107971982518
51.0068,19.6052,65.8228,0,100,84,76,1359,3504,2.19867,0,11.4446,2.30988,0,1735,107991609793
56.5474,17.6843,65.8228,0,100,84,76,1359,3504,2.19867,0,11.4446,2.30988,0,1735,108009295749
44.4902,22.4768,65.8228,0,100,84,76,1359,3504,2.19867,0,11.4446,2.30988,0,1735,108031775119
53.1223,18.8245,65.8228,0,100,84,76,1359,3504,2.19867,0,11.4446,2.30988,0,1735,108050600743
48.3386,20.6874,65.8228,0,100,84,76,1359,3504,2.19867,0,11.4446,2.30988,0,1735,108071289121
49.7458,20.1022,65.8228,0,100,84,76,1359,3504,2.19867,0,11.4446,2.30988,0,1735,108091413932
48.1183,20.7821,65.8228,0,100,84,76,1359,3504,2.19867,0,11.4446,2.30988,0,1735,108112177548
47.3359,21.1256,65.8228,0,100,84,76,1359,3504,2.19867,0,11.4446,2.30988,0,1735,108133304573
49.0607,20.3829,65.8228,0,100,84,76,1359,3504,2.19867,0,11.4446,2.30988,0,1735,108153689483
45.4164,22.0185,65.8228,0,100,84,76,1359,3504,2.19867,0,11.4446,2.30988,0,1735,108175707220
52.1818,19.1638,65.8228,0,100,84,76,1359,3504,2.19867,0,11.4446,2.30988,0,1735,108194872394
53.9452,18.5373,65.8228,0,100,84,76,1359,3504,2.19867,0,11.4446,2.30988,0,1735,108213409941
46.9742,21.2883,65.8228,0,100,84,76,1359,3504,2.19867,0,11.4446,2.30988,0,1735,108234699208
47.2126,21.1808,65.8228,0,100,84,76,1359,3504,2.19867,0,11.4446,2.30988,0,1735,108255881549
52.4627,19.0611,65.8228,0,100,84,76,1359,3504,2.19867,0,11.4446,2.30988,0,1735,108274944830
49.859,20.0565,65.8228,0,100,84,76,1359,3504,2.19867,0,11.4446,2.30988,0,1735,108295000861
49.2561,20.302,65.8228,0,100,84,76,1359,3504,2.19867,0,11.4446,2.30988,0,1735,108315305414
48.0602,20.8072,65.8228,0,100,84,76,1359,3504,2.19867,0,11.4446,2.30988,0,1735,108336126657
46.9136,21.3158,65.8228,0,100,84,76,1359,3504,2.19867,0,11.4446,2.30988,0,1735,108357430921
50.8614,19.6613,65.8228,0,100,84,76,1359,3504,2.19867,0,11.4446,2.30988,0,1735,108377096846
40.2382,24.852,64.5631,0,100,84,76,1392,3504,2.19867,0,11.4446,2.30988,0,1731,108401946876
53.1345,18.8202,64.5631,0,100,84,76,1392,3504,2.19867,0,11.4446,2.30988,0,1731,108420768568
49.8226,20.0712,64.5631,0,100,84,76,1392,3504,2.19867,0,11.4446,2.30988,0,1731,108440854760
46.7405,21.3947,64.5631,0,100,84,76,1392,3504,2.19867,0,11.4446,2.30988,0,1731,108462258692
53.1908,18.8003,64.5631,0,100,84,76,1392,3504,2.19867,0,11.4446,2.30988,0,1731,108481060696
55.5615,17.9981,64.5631,0,100,84,76,1392,3504,2.19867,0,11.4446,2.30988,0,1731,108499050119
45.6245,21.918,64.5631,0,100,84,76,1392,3504,2.19867,0,11.4446,2.30988,0,1731,108520978803
46.3803,21.5609,64.5631,0,100,84,76,1392,3504,2.19867,0,11.4446,2.30988,0,1731,108542520057
57.0867,17.5172,64.5631,0,100,84,76,1392,3504,2.19867,0,11.4446,2.30988,0,1731,108560038225
58.6681,17.045,64.5631,0,100,84,76,1392,3504,2.19867,0,11.4446,2.30988,0,1731,108577086300
47.8674,20.8911,64.5631,0,100,84,76,1392,3504,2.19867,0,11.4446,2.30988,0,1731,108597977358
48.112,20.7848,64.5631,0,100,84,76,1392,3504,2.19867,0,11.4446,2.30988,0,1731,108618762534
47.5073,21.0494,64.5631,0,100,84,76,1392,3504,2.19867,0,11.4446,2.30988,0,1731,108639814224
55.7202,17.9468,64.5631,0,100,84,76,1392,3504,2.19867,0,11.4446,2.30988,0,1731,108657784830
48.9766,20.4179,64.5631,0,100,84,76,1392,3504,2.19867,0,11.4446,2.30988,0,1731,108678202159
47.8025,20.9194,64.5631,0,100,84,76,1392,3504,2.19867,0,11.4446,2.30988,0,1731,108699122007
53.8781,18.5604,64.5631,0,100,84,76,1392,3504,2.19867,0,11.4446,2.30988,0,1731,108717684050
46.0854,21.6988,64.5631,0,100,84,76,1392,3504,2.19867,0,11.4446,2.30988,0,1731,108739385770
52.418,19.0774,64.5631,0,100,84,76,1392,3504,2.19867,0,11.4446,2.30988,0,1731,108758462733
57.231,17.473,64.5631,0,100,84,76,1392,3504,2.19867,0,11.4446,2.30988,0,1731,108775936364
45.4997,21.9782,64.5631,0,100,84,76,1392,3504,2.19867,0,11.4446,2.30988,0,1731,108797928695
47.7487,20.943,64.5631,0,100,84,76,1392,3504,2.19867,0,11.4446,2.30988,0,1731,108818860635
53.975,18.5271,64.5631,0,100,84,76,1392,3504,2.19867,0,11.4446,2.30988,0,1731,108837389564
52.3844,19.0897,64.5631,0,100,84,76,1392,3504,2.19867,0,11.4446,2.30988,0,1731,108856480389
48.3464,20.6841,64.5631,0,100,84,76,1392,3504,2.19867,0,11.4446,2.30988,0,1731,108877190142
47.6718,20.9768,73.5219,0,100,84,76,1392,3504,2.19867,0,11.4443,2.30988,0,1756,108898164810
51.4158,19.4493,73.5219,0,100,84,76,1392,3504,2.19867,0,11.4443,2.30988,0,1756,108917615795
52.0345,19.218,73.5219,0,100,84,76,1392,3504,2.19867,0,11.4443,2.30988,0,1756,108936834402
49.9197,20.0322,73.5219,0,100,84,76,1392,3504,2.19867,0,11.4443,2.30988,0,1756,108956868535
52.6032,19.0103,73.5219,0,100,84,76,1392,3504,2.19867,0,11.4443,2.30988,0,1756,108975878137
54.6944,18.2834,73.5219,0,100,84,76,1392,3504,2.19867,0,11.4443,2.30988,0,1756,108994183290
43.4512,23.0143,73.5219,0,100,84,76,1392,3504,2.19867,0,11.4443,2.30988,0,1756,109017177968
50.8021,19.6842,73.5219,0,100,84,76,1392,3504,2.19867,0,11.4443,2.30988,0,1756,109036863729
51.4193,19.4479,73.5219,0,100,84,76,1392,3504,2.19867,0,11.4443,2.30988,0,1756,109056312831
49.5064,20.1994,73.5219,0,100,84,76,1392,3504,2.19867,0,11.4443,2.30988,0,1756,109076534829
46.4834,21.513,73.5219,0,100,84,76,1392,3504,2.19867,0,11.4443,2.30988,0,1756,109098029221
46.1757,21.6564,73.5219,0,100,84,76,1392,3504,2.19867,0,11.4443,2.30988,0,1756,109119686904
53.3076,18.7591,73.5219,0,100,84,76,1392,3504,2.19867,0,11.4443,2.30988,0,1756,109138446749
54.1374,18.4715,73.5219,0,100,84,76,1392,3504,2.19867,0,11.4443,2.30988,0,1756,109156919670
46.6928,21.4166,73.5219,0,100,84,76,1392,3504,2.19867,0,11.4443,2.30988,0,1756,109178336328
50.6213,19.7545,73.5219,0,100,84,76,1392,3504,2.19867,0,11.4443,2.30988,0,1756,109198092519
47.9382,20.8602,73.5219,0,100,84,76,1392,3504,2.19867,0,11.4443,2.30988,0,1756,109218954474
54.868,18.2255,73.5219,0,100,84,76,1392,3504,2.19867,0,11.4443,2.30988,0,1756,109237181527
45.8694,21.801,73.5219,0,100,84,76,1392,3504,2.19867,0,11.4443,2.30988,0,1756,109258983141
53.7286,18.6121,73.5219,0,100,84,76,1392,3504,2.19867,0,11.4443,2.30988,0,1756,109277595491
47.4251,21.0859,73.5219,0,100,84,76,1392,3504,2.19867,0,11.4443,2.30988,0,1756,109298682159
44.8483,22.2974,73.5219,0,100,84,76,1392,3504,2.19867,0,11.4443,2.30988,0,1756,109320980686
46.3768,21.5625,73.5219,0,100,84,76,1392,3504,2.19867,0,11.4443,2.30988,0,1756,109342558023
52.7407,18.9607,73.5219,0,100,84,76,1392,3504,2.19867,0,11.4443,2.30988,0,1756,109361505633
46.9065,21.319,73.5219,0,100,84,76,1392,3504,2.19867,0,11.4443,2.30988,0,1756,109382828331
45.0689,22.1883,63.5,0,100,84,76,1401,3504,2.19867,0,11.4449,2.30988,0,1787,109405014186
65.1876,15.3403,63.5,0,100,84,76,1401,3504,2.19867,0,11.4449,2.30988,0,1787,109420356731
52.6176,19.0051,63.5,0,100,84,76,1401,3504,2.19867,0,11.4449,2.30988,0,1787,109439362815
40.6231,24.6165,63.5,0,100,84,76,1401,3504,2.19867,0,11.4449,2.30988,0,1787,109463980012
62.3449,16.0398,63.5,0,100,84,76,1401,3504,2.19867,0,11.4449,2.30988,0,1787,109480022444
34.6462,28.8632,63.5,0,100,84,76,1401,3504,2.19867,0,11.4449,2.30988,0,1787,109508884923
78.715,12.7041,63.5,0,100,84,76,1401,3504,2.19867,0,11.4449,2.30988,0,1787,109521612445
49.9214,20.0315,63.5,0,100,84,76,1401,3504,2.19867,0,11.4449,2.30988,0,1787,109541637131
45.9182,21.7779,63.5,0,100,84,76,1401,3504,2.19867,0,11.4449,2.30988,0,1787,109563424192
53.8915,18.5558,63.5,0,100,84,76,1401,3504,2.19867,0,11.4449,2.30988,0,1787,109581976979
45.9432,21.766,63.5,0,100,84,76,1401,3504,2.19867,0,11.4449,2.30988,0,1787,109603726802
50.4375,19.8265,63.5,0,100,84,76,1401,3504,2.19867,0,11.4449,2.30988,0,1787,109623554599
50.9919,19.611,63.5,0,100,84,76,1401,3504,2.19867,0,11.4449,2.30988,0,1787,109643166614
48.4277,20.6494,63.5,0,100,84,76,1401,3504,2.19867,0,11.4449,2.30988,0,1787,109663816679
48.2851,20.7103,63.5,0,100,84,76,1401,3504,2.19867,0,11.4449,2.30988,0,1787,109684529723
52.1457,19.177,63.5,0,100,84,76,1401,3504,2.19867,0,11.4449,2.30988,0,1787,109703705846
45.0413,22.2018,63.5,0,100,84,76,1401,3504,2.19867,0,11.4449,2.30988,0,1787,109725909255
52.4111,19.0799,63.5,0,100,84,76,1401,3504,2.19867,0,11.4449,2.30988,0,1787,109745011976
45.5245,21.9662,63.5,0,100,84,76,1401,3504,2.19867,0,11.4449,2.30988,0,1787,109766988530
46.5377,21.488,63.5,0,100,84,76,1401,3504,2.19867,0,11.4449,2.30988,0,1787,109788449626
55.5949,17.9873,63.5,0,100,84,76,1401,3504,2.19867,0,11.4449,2.30988,0,1787,109806436903
47.0308,21.2627,63.5,0,100,84,76,1401,3504,2.19867,0,11.4449,2.30988,0,1787,109827701408
46.7318,21.3987,63.5,0,100,84,76,1401,3504,2.19867,0,11.4449,2.30988,0,1787,109849101209
53.1887,18.801,63.5,0,100,84,76,1401,3504,2.19867,0,11.4449,2.30988,0,1787,109867906658
48.9611,20.4244,63.5,0,100,84,76,1401,3504,2.19867,0,11.4449,2.30988,0,1787,109888351972
52.6817,18.9819,67.1569,0,100,84,75,1392,3504,2.19867,0,11.4482,2.30988,0,1764,109907335243
48.0719,20.8022,67.1569,0,100,84,75,1392,3504,2.19867,0,11.4482,2.30988,0,1764,109928116800
45.9942,21.7419,67.1569,0,100,84,75,1392,3504,2.19867,0,11.4482,2.30988,0,1764,109949880766
49.6427,20.1439,67.1569,0,100,84,75,1392,3504,2.19867,0,11.4482,2.30988,0,1764,109970049064
49.474,20.2127,67.1569,0,100,84,75,1392,3504,2.19867,0,11.4482,2.30988,0,1764,109990275736
23.9133,41.8177,67.1569,0,100,84,75,1392,3504,2.19867,0,11.4482,2.30988,0,1764,110032081658
