Frame, Time (ms), Delta (ms) , Memory (mb)
    1, 0.000, 0.000,4358
    2, 4.808, 4.808,5688
    3,13.880, 9.072,5688
    4,23.186, 9.306,5688
    5,30.898, 7.712,5688
    6,39.133, 8.235,5688
    7,47.108, 7.975,5688
    8,55.157, 8.049,5688
    9,62.795, 7.638,5688
   10,71.697, 8.902,5688
   11,79.263, 7.566,5688
   12,87.174, 7.911,5688
   13,95.176, 8.002,5688
   14,103.154, 7.978,5688
   15,110.820, 7.666,5688
   16,118.803, 7.983,5688
   17,126.486, 7.683,5688
   18,134.320, 7.834,5688
   19,142.478, 8.158,5688
   20,150.334, 7.856,5688
   21,158.267, 7.933,5688
   22,166.038, 7.771,5688
   23,174.206, 8.168,5688
   24,183.289, 9.083,5688
   25,191.268, 7.979,5688
   26,199.368, 8.100,5688
   27,206.899, 7.531,5688
   28,215.078, 8.179,5688
   29,223.110, 8.032,5688
   30,231.057, 7.947,5688
   31,240.549, 9.492,5688
   32,250.436, 9.887,5688
   33,258.890, 8.454,5688
   34,266.824, 7.934,5688
   35,274.560, 7.736,5688
   36,283.421, 8.861,5688
   37,292.438, 9.017,5688
   38,300.475, 8.037,5688
   39,308.380, 7.905,5688
   40,316.476, 8.096,5688
   41,324.521, 8.045,5688
   42,332.533, 8.012,5688
   43,340.257, 7.724,5688
   44,348.435, 8.178,5688
   45,356.698, 8.263,5688
   46,364.702, 8.004,5688
   47,372.822, 8.120,5688
   48,381.459, 8.637,5688
   49,390.442, 8.983,5688
   50,399.418, 8.976,5688
   51,407.446, 8.028,5688
   52,416.174, 8.728,5688
   53,424.262, 8.088,5688
   54,432.254, 7.992,5688
   55,440.737, 8.483,5688
   56,449.406, 8.669,5688
   57,458.177, 8.771,5688
   58,467.057, 8.880,5688
   59,475.887, 8.830,5688
   60,484.816, 8.929,5688
   61,494.146, 9.330,5688
   62,502.608, 8.462,5688
   63,510.972, 8.364,5688
   64,519.359, 8.387,5688
   65,527.682, 8.323,5688
   66,536.298, 8.616,5688
   67,545.161, 8.863,5688
   68,554.010, 8.849,5688
   69,562.506, 8.496,5688
   70,571.557, 9.051,5688
   71,580.636, 9.079,5688
   72,589.497, 8.861,5688
   73,598.643, 9.146,5688
   74,607.122, 8.479,5688
   75,614.874, 7.752,5688
   76,623.757, 8.883,5688
   77,632.292, 8.535,5688
   78,642.242, 9.950,5688
   79,650.799, 8.557,5688
   80,658.730, 7.931,5688
   81,666.832, 8.102,5688
   82,675.154, 8.322,5688
   83,683.080, 7.926,5688
   84,690.974, 7.894,5688
   85,698.904, 7.930,5688
   86,707.847, 8.943,5688
   87,715.755, 7.908,5688
   88,723.656, 7.901,5688
   89,731.350, 7.694,5688
   90,739.830, 8.480,5688
   91,748.911, 9.081,5688
   92,757.633, 8.722,5688
   93,765.353, 7.720,5688
   94,773.216, 7.863,5688
   95,781.852, 8.636,5688
   96,790.115, 8.263,5688
   97,797.963, 7.848,5688
   98,805.780, 7.817,5688
   99,814.164, 8.384,5688
  100,822.217, 8.053,5688
  101,829.903, 7.686,5688
  102,838.328, 8.425,5688
  103,845.949, 7.621,5688
  104,853.855, 7.906,5688
  105,861.467, 7.612,5688
  106,869.907, 8.440,5688
  107,877.497, 7.590,5688
  108,885.654, 8.157,5688
  109,893.275, 7.621,5688
  110,901.182, 7.907,5688
  111,908.979, 7.797,5688
  112,916.998, 8.019,5688
  113,925.937, 8.939,5688
  114,933.798, 7.861,5688
  115,941.571, 7.773,5688
  116,949.239, 7.668,5688
  117,957.020, 7.781,5688
  118,964.896, 7.876,5688
  119,972.594, 7.698,5688
  120,980.556, 7.962,5688
  121,988.916, 8.360,5688
  122,996.528, 7.612,5688
  123,1004.347, 7.819,5688
  124,1012.680, 8.333,5688
  125,1020.815, 8.135,5688
  126,1029.681, 8.866,5688
  127,1039.147, 9.466,5688
  128,1049.485,10.338,5688
  129,1057.834, 8.349,5688
  130,1065.559, 7.725,5688
  131,1073.454, 7.895,5688
  132,1081.757, 8.303,5688
  133,1089.557, 7.800,5688
  134,1097.490, 7.933,5688
  135,1105.707, 8.217,5688
  136,1113.747, 8.040,5688
  137,1121.362, 7.615,5688
  138,1129.594, 8.232,5688
  139,1137.904, 8.310,5688
  140,1146.152, 8.248,5688
  141,1154.128, 7.976,5688
  142,1162.043, 7.915,5688
  143,1171.345, 9.302,5688
  144,1179.257, 7.912,5688
  145,1187.538, 8.281,5688
  146,1195.059, 7.521,5688
  147,1203.290, 8.231,5688
  148,1211.499, 8.209,5688
  149,1219.903, 8.404,5688
  150,1228.392, 8.489,5688
  151,1237.432, 9.040,5688
  152,1246.035, 8.603,5688
  153,1253.854, 7.819,5688
  154,1261.951, 8.097,5688
  155,1270.368, 8.417,5688
  156,1278.654, 8.286,5688
  157,1287.952, 9.298,5688
  158,1296.377, 8.425,5688
  159,1304.562, 8.185,5688
  160,1312.768, 8.206,5688
  161,1321.106, 8.338,5688
  162,1329.259, 8.153,5688
  163,1337.959, 8.700,5688
  164,1347.653, 9.694,5688
  165,1355.965, 8.312,5688
  166,1363.371, 7.406,5688
  167,1371.097, 7.726,5688
  168,1379.115, 8.018,5688
  169,1386.548, 7.433,5688
  170,1393.985, 7.437,5688
  171,1401.886, 7.901,5688
  172,1409.920, 8.034,5688
  173,1417.521, 7.601,5688
  174,1425.142, 7.621,5688
  175,1434.773, 9.631,5688
  176,1443.616, 8.843,5688
  177,1451.892, 8.276,5688
  178,1459.900, 8.008,5688
  179,1467.535, 7.635,5688
  180,1475.594, 8.059,5688
  181,1483.387, 7.793,5688
  182,1491.674, 8.287,5688
  183,1499.538, 7.864,5688
  184,1507.391, 7.853,5688
  185,1515.482, 8.091,5688
  186,1523.444, 7.962,5688
  187,1530.880, 7.436,5688
  188,1538.700, 7.820,5688
  189,1546.472, 7.772,5688
  190,1554.768, 8.296,5688
  191,1562.494, 7.726,5688
  192,1570.718, 8.224,5688
  193,1578.514, 7.796,5688
  194,1585.947, 7.433,5688
  195,1593.133, 7.186,5688
  196,1600.895, 7.762,5688
  197,1608.487, 7.592,5688
  198,1615.819, 7.332,5688
  199,1623.498, 7.679,5688
  200,1631.181, 7.683,5688
  201,1638.362, 7.181,5688
  202,1645.960, 7.598,5688
  203,1653.270, 7.310,5688
  204,1661.225, 7.955,5688
  205,1669.118, 7.893,5688
  206,1676.526, 7.408,5688
  207,1683.961, 7.435,5688
  208,1691.341, 7.380,5688
  209,1698.906, 7.565,5688
  210,1706.178, 7.272,5688
  211,1713.644, 7.466,5688
  212,1721.130, 7.486,5688
  213,1728.704, 7.574,5688
  214,1736.374, 7.670,5688
  215,1743.835, 7.461,5688
  216,1750.995, 7.160,5688
  217,1758.547, 7.552,5688
  218,1767.303, 8.756,5688
  219,1775.873, 8.570,5688
  220,1784.078, 8.205,5688
  221,1792.083, 8.005,5688
  222,1800.468, 8.385,5688
  223,1808.096, 7.628,5688
  224,1815.899, 7.803,5688
  225,1827.893,11.994,5688
  226,1838.409,10.516,5688
  227,1847.294, 8.885,5688
  228,1857.006, 9.712,5688
  229,1865.352, 8.346,5688
  230,1874.759, 9.407,5688
  231,1882.882, 8.123,5688
  232,1891.923, 9.041,5688
  233,1899.679, 7.756,5688
  234,1907.958, 8.279,5688
  235,1916.261, 8.303,5688
  236,1924.556, 8.295,5688
  237,1932.678, 8.122,5688
  238,1941.452, 8.774,5688
  239,1949.640, 8.188,5688
  240,1958.279, 8.639,5688
  241,1966.460, 8.181,5688
  242,1974.230, 7.770,5688
  243,1982.235, 8.005,5688
  244,1989.787, 7.552,5688
  245,1997.453, 7.666,5688
  246,2004.960, 7.507,5688
  247,2012.319, 7.359,5688
  248,2019.827, 7.508,5688
  249,2027.140, 7.313,5688
  250,2034.527, 7.387,5688
  251,2041.734, 7.207,5688
  252,2049.323, 7.589,5688
  253,2056.517, 7.194,5688
  254,2064.111, 7.594,5688
  255,2071.430, 7.319,5688
  256,2078.978, 7.548,5688
  257,2086.878, 7.900,5688
  258,2094.389, 7.511,5688
  259,2101.756, 7.367,5688
  260,2109.158, 7.402,5688
  261,2116.559, 7.401,5688
  262,2124.079, 7.520,5688
  263,2131.322, 7.243,5688
  264,2138.562, 7.240,5688
  265,2146.070, 7.508,5688
  266,2153.298, 7.228,5688
  267,2160.636, 7.338,5688
  268,2168.134, 7.498,5688
  269,2175.352, 7.218,5688
  270,2182.662, 7.310,5688
  271,2190.265, 7.603,5688
  272,2197.902, 7.637,5688
  273,2205.205, 7.303,5688
  274,2214.032, 8.827,5688
  275,2223.229, 9.197,5688
  276,2231.197, 7.968,5688
  277,2238.582, 7.385,5688
  278,2246.092, 7.510,5688
  279,2253.800, 7.708,5688
  280,2261.253, 7.453,5688
  281,2268.804, 7.551,5688
  282,2276.163, 7.359,5688
  283,2283.737, 7.574,5688
  284,2291.188, 7.451,5688
  285,2299.910, 8.722,5688
  286,2307.582, 7.672,5688
  287,2315.184, 7.602,5688
  288,2322.464, 7.280,5688
  289,2329.485, 7.021,5688
  290,2337.372, 7.887,5688
  291,2344.439, 7.067,5688
  292,2351.867, 7.428,5688
  293,2359.250, 7.383,5688
  294,2366.340, 7.090,5688
  295,2373.321, 6.981,5688
  296,2380.745, 7.424,5688
  297,2388.048, 7.303,5688
  298,2395.846, 7.798,5688
  299,2403.919, 8.073,5688
  300,2411.790, 7.871,5688
  301,2419.207, 7.417,5688
  302,2426.557, 7.350,5688
  303,2434.232, 7.675,5688
  304,2442.227, 7.995,5688
  305,2449.864, 7.637,5688
  306,2457.737, 7.873,5688
  307,2465.443, 7.706,5688
  308,2473.086, 7.643,5688
  309,2480.609, 7.523,5688
  310,2488.674, 8.065,5688
  311,2496.002, 7.328,5688
  312,2503.739, 7.737,5688
  313,2511.865, 8.126,5688
  314,2519.537, 7.672,5688
  315,2527.240, 7.703,5688
  316,2534.837, 7.597,5688
  317,2543.241, 8.404,5688
  318,2551.162, 7.921,5688
  319,2558.857, 7.695,5688
  320,2566.899, 8.042,5688
  321,2574.417, 7.518,5688
  322,2582.028, 7.611,5688
  323,2588.999, 6.971,5688
  324,2596.095, 7.096,5688
  325,2603.444, 7.349,5688
  326,2612.351, 8.907,5688
  327,2621.255, 8.904,5688
  328,2628.221, 6.966,5688
  329,2635.391, 7.170,5688
  330,2643.055, 7.664,5688
  331,2650.208, 7.153,5688
  332,2658.311, 8.103,5688
  333,2665.506, 7.195,5688
  334,2672.636, 7.130,5688
  335,2679.758, 7.122,5688
  336,2686.903, 7.145,5688
  337,2694.323, 7.420,5688
  338,2701.457, 7.134,5688
  339,2708.527, 7.070,5688
  340,2715.606, 7.079,5688
  341,2722.906, 7.300,5688
  342,2730.435, 7.529,5688
  343,2738.118, 7.683,5688
  344,2744.893, 6.775,5688
  345,2752.023, 7.130,5688
  346,2760.187, 8.164,5688
  347,2768.278, 8.091,5688
  348,2775.946, 7.668,5688
  349,2782.795, 6.849,5688
  350,2790.569, 7.774,5688
  351,2798.122, 7.553,5688
  352,2805.937, 7.815,5688
  353,2812.880, 6.943,5688
  354,2819.757, 6.877,5688
  355,2826.831, 7.074,5688
  356,2834.274, 7.443,5688
  357,2841.460, 7.186,5688
  358,2848.631, 7.171,5688
  359,2855.899, 7.268,5688
  360,2863.235, 7.336,5688
  361,2870.533, 7.298,5688
  362,2877.474, 6.941,5688
  363,2884.133, 6.659,5688
  364,2890.964, 6.831,5688
  365,2897.675, 6.711,5688
  366,2904.983, 7.308,5688
  367,2911.682, 6.699,5688
  368,2918.511, 6.829,5688
  369,2925.702, 7.191,5688
  370,2933.016, 7.314,5688
  371,2940.842, 7.826,5688
  372,2948.208, 7.366,5688
  373,2955.190, 6.982,5688
  374,2962.493, 7.303,5688
  375,2969.338, 6.845,5688
  376,2976.159, 6.821,5688
  377,2983.106, 6.947,5688
  378,2991.103, 7.997,5688
  379,3000.082, 8.979,5688
  380,3007.608, 7.526,5688
  381,3015.215, 7.607,5688
  382,3022.682, 7.467,5688
  383,3029.447, 6.765,5688
  384,3037.166, 7.719,5688
  385,3044.907, 7.741,5688
  386,3052.019, 7.112,5688
  387,3059.160, 7.141,5688
  388,3066.348, 7.188,5688
  389,3073.817, 7.469,5688
  390,3080.722, 6.905,5688
  391,3087.647, 6.925,5688
  392,3094.746, 7.099,5688
  393,3101.639, 6.893,5688
  394,3108.583, 6.944,5688
  395,3115.504, 6.921,5688
  396,3122.679, 7.175,5688
  397,3130.017, 7.338,5688
  398,3138.873, 8.856,5688
  399,3146.553, 7.680,5688
  400,3154.156, 7.603,5688
  401,3161.273, 7.117,5688
  402,3168.545, 7.272,5688
  403,3175.713, 7.168,5688
  404,3182.944, 7.231,5688
  405,3190.321, 7.377,5688
  406,3197.871, 7.550,5688
  407,3205.975, 8.104,5688
  408,3213.080, 7.105,5688
  409,3220.585, 7.505,5688
  410,3228.355, 7.770,5688
  411,3235.917, 7.562,5688
  412,3243.913, 7.996,5688
  413,3251.821, 7.908,5688
  414,3259.720, 7.899,5688
  415,3267.341, 7.621,5688
  416,3274.651, 7.310,5688
  417,3282.268, 7.617,5688
  418,3289.548, 7.280,5688
  419,3297.323, 7.775,5688
  420,3305.205, 7.882,5688
  421,3313.667, 8.462,5688
  422,3321.994, 8.327,5688
  423,3328.911, 6.917,5688
  424,3335.812, 6.901,5688
  425,3342.694, 6.882,5688
  426,3349.666, 6.972,5688
  427,3356.799, 7.133,5688
  428,3365.094, 8.295,5688
  429,3371.981, 6.887,5688
  430,3378.846, 6.865,5688
  431,3386.488, 7.642,5688
  432,3394.846, 8.358,5688
  433,3401.951, 7.105,5688
  434,3409.070, 7.119,5688
  435,3416.072, 7.002,5688
  436,3423.167, 7.095,5688
  437,3430.074, 6.907,5688
  438,3436.903, 6.829,5688
  439,3443.699, 6.796,5688
  440,3450.835, 7.136,5688
  441,3457.587, 6.752,5688
  442,3464.622, 7.035,5688
  443,3471.973, 7.351,5688
  444,3479.060, 7.087,5688
  445,3485.958, 6.898,5688
  446,3493.062, 7.104,5688
  447,3499.909, 6.847,5688
  448,3506.831, 6.922,5688
  449,3513.843, 7.012,5688
  450,3520.808, 6.965,5688
  451,3527.821, 7.013,5688
  452,3535.715, 7.894,5688
  453,3543.116, 7.401,5688
  454,3550.215, 7.099,5688
  455,3557.055, 6.840,5688
  456,3563.844, 6.789,5688
  457,3570.885, 7.041,5688
  458,3578.457, 7.572,5688
  459,3585.251, 6.794,5688
  460,3592.193, 6.942,5688
  461,3598.772, 6.579,5688
  462,3605.374, 6.602,5688
  463,3612.105, 6.731,5688
  464,3619.036, 6.931,5688
  465,3625.535, 6.499,5688
  466,3632.178, 6.643,5688
  467,3639.056, 6.878,5688
  468,3645.972, 6.916,5688
  469,3652.517, 6.545,5688
  470,3659.482, 6.965,5688
  471,3665.915, 6.433,5688
  472,3672.715, 6.800,5688
  473,3679.812, 7.097,5688
  474,3686.869, 7.057,5688
  475,3694.230, 7.361,5688
  476,3701.256, 7.026,5688
  477,3707.806, 6.550,5688
  478,3714.468, 6.662,5688
  479,3721.106, 6.638,5688
  480,3727.832, 6.726,5688
  481,3735.093, 7.261,5688
  482,3742.116, 7.023,5688
  483,3749.072, 6.956,5688
  484,3756.670, 7.598,5688
  485,3763.731, 7.061,5688
  486,3770.953, 7.222,5688
  487,3779.016, 8.063,5688
  488,3788.073, 9.057,5688
  489,3795.720, 7.647,5688
  490,3803.136, 7.416,5688
  491,3810.434, 7.298,5688
  492,3817.763, 7.329,5688
  493,3824.679, 6.916,5688
  494,3831.885, 7.206,5688
  495,3838.808, 6.923,5688
  496,3845.959, 7.151,5688
  497,3852.716, 6.757,5688
  498,3859.817, 7.101,5688
  499,3866.611, 6.794,5688
  500,3873.756, 7.145,5688
  501,3880.743, 6.987,5688
  502,3887.955, 7.212,5688
  503,3895.373, 7.418,5688
  504,3902.426, 7.053,5688
  505,3909.078, 6.652,5688
  506,3916.085, 7.007,5688
  507,3923.171, 7.086,5688
  508,3930.548, 7.377,5688
  509,3937.705, 7.157,5688
  510,3944.659, 6.954,5688
  511,3951.571, 6.912,5688
  512,3959.067, 7.496,5688
  513,3966.274, 7.207,5688
  514,3973.441, 7.167,5688
  515,3981.691, 8.250,5688
  516,3989.689, 7.998,5688
  517,3998.003, 8.314,5688
  518,4005.860, 7.857,5688
  519,4013.544, 7.684,5688
  520,4020.790, 7.246,5688
  521,4027.656, 6.866,5688
  522,4035.337, 7.681,5688
  523,4042.598, 7.261,5688
  524,4050.074, 7.476,5688
  525,4057.197, 7.123,5688
  526,4064.439, 7.242,5688
  527,4071.183, 6.744,5688
  528,4078.123, 6.940,5688
  529,4084.616, 6.493,5688
  530,4091.213, 6.597,5656
  531,4097.996, 6.783,5656
  532,4104.857, 6.861,5656
  533,4111.960, 7.103,5656
  534,4118.587, 6.627,5656
  535,4125.189, 6.602,5656
  536,4132.027, 6.838,5656
  537,4139.213, 7.186,5656
  538,4145.948, 6.735,5656
  539,4152.468, 6.520,5656
  540,4159.200, 6.732,5656
  541,4165.979, 6.779,5656
  542,4174.046, 8.067,5656
  543,4181.046, 7.000,5656
  544,4188.387, 7.341,5656
  545,4194.928, 6.541,5656
  546,4201.575, 6.647,5656
  547,4208.074, 6.499,5656
  548,4215.589, 7.515,5656
  549,4222.282, 6.693,5656
  550,4229.225, 6.943,5656
  551,4236.065, 6.840,5656
  552,4242.972, 6.907,5656
  553,4249.400, 6.428,5656
  554,4256.380, 6.980,5656
  555,4263.102, 6.722,5656
  556,4269.668, 6.566,5656
  557,4277.117, 7.449,5656
  558,4283.839, 6.722,5656
  559,4290.441, 6.602,5656
  560,4297.190, 6.749,5656
  561,4303.982, 6.792,5656
  562,4310.379, 6.397,5656
  563,4317.701, 7.322,5656
  564,4324.683, 6.982,5656
  565,4331.207, 6.524,5656
  566,4338.159, 6.952,5656
  567,4344.612, 6.453,5656
  568,4350.976, 6.364,5656
  569,4357.956, 6.980,5656
  570,4364.184, 6.228,5656
  571,4370.628, 6.444,5656
  572,4377.218, 6.590,5656
  573,4383.840, 6.622,5656
  574,4390.552, 6.712,5656
  575,4396.992, 6.440,5656
  576,4404.297, 7.305,5656
  577,4410.757, 6.460,5656
  578,4418.321, 7.564,5656
  579,4425.410, 7.089,5656
  580,4432.665, 7.255,5656
  581,4439.509, 6.844,5656
  582,4446.407, 6.898,5656
  583,4452.770, 6.363,5656
  584,4459.240, 6.470,5656
  585,4466.075, 6.835,5656
  586,4473.218, 7.143,5656
  587,4480.392, 7.174,5656
  588,4487.239, 6.847,5656
  589,4494.025, 6.786,5656
  590,4501.192, 7.167,5656
  591,4508.018, 6.826,5656
  592,4515.406, 7.388,5656
  593,4522.307, 6.901,5656
  594,4529.943, 7.636,5656
  595,4537.274, 7.331,5656
  596,4544.928, 7.654,5656
  597,4554.670, 9.742,5656
  598,4563.635, 8.965,5656
  599,4572.016, 8.381,5656
  600,4579.369, 7.353,5656
  601,4586.708, 7.339,5656
  602,4594.548, 7.840,5656
  603,4601.901, 7.353,5656
  604,4609.320, 7.419,5656
  605,4616.759, 7.439,5656
  606,4623.916, 7.157,5656
  607,4631.189, 7.273,5656
  608,4639.528, 8.339,5656
  609,4647.884, 8.356,5656
  610,4655.466, 7.582,5656
  611,4662.808, 7.342,5656
  612,4670.454, 7.646,5656
  613,4677.495, 7.041,5656
  614,4684.289, 6.794,5656
  615,4690.759, 6.470,5656
  616,4697.158, 6.399,5656
  617,4703.699, 6.541,5656
  618,4710.121, 6.422,5656
  619,4716.518, 6.397,5656
  620,4722.984, 6.466,5656
  621,4729.797, 6.813,5656
  622,4736.488, 6.691,5656
  623,4743.475, 6.987,5656
  624,4750.160, 6.685,5656
  625,4756.536, 6.376,5656
  626,4763.436, 6.900,5656
  627,4769.693, 6.257,5656
  628,4777.551, 7.858,5656
  629,4785.365, 7.814,5656
  630,4793.244, 7.879,5656
  631,4800.243, 6.999,5656
  632,4807.720, 7.477,5656
  633,4814.941, 7.221,5656
  634,4821.584, 6.643,5656
  635,4828.082, 6.498,5656
  636,4834.673, 6.591,5656
  637,4841.149, 6.476,5656
  638,4848.320, 7.171,5656
  639,4855.886, 7.566,5656
  640,4862.352, 6.466,5656
  641,4869.191, 6.839,5656
  642,4875.946, 6.755,5656
  643,4883.284, 7.338,5656
  644,4890.174, 6.890,5656
  645,4896.819, 6.645,5656
  646,4903.698, 6.879,5656
  647,4910.070, 6.372,5656
  648,4916.645, 6.575,5656
  649,4923.242, 6.597,5656
  650,4929.966, 6.724,5656
  651,4936.426, 6.460,5656
  652,4943.919, 7.493,5656
  653,4951.046, 7.127,5656
  654,4958.713, 7.667,5656
  655,4965.508, 6.795,5656
  656,4973.042, 7.534,5656
  657,4979.593, 6.551,5656
  658,4986.498, 6.905,5656
  659,4993.156, 6.658,5656
  660,4999.788, 6.632,5656
  661,5006.380, 6.592,5656
  662,5012.837, 6.457,5656
  663,5019.242, 6.405,5656
  664,5025.816, 6.574,5656
  665,5032.163, 6.347,5656
  666,5038.902, 6.739,5656
  667,5045.593, 6.691,5656
  668,5052.646, 7.053,5656
  669,5059.797, 7.151,5656
  670,5067.250, 7.453,5656
  671,5073.889, 6.639,5656
  672,5080.594, 6.705,5656
  673,5087.300, 6.706,5656
  674,5094.058, 6.758,5656
  675,5100.932, 6.874,5656
  676,5107.998, 7.066,5656
  677,5115.727, 7.729,5656
  678,5123.115, 7.388,5656
  679,5130.336, 7.221,5656
  680,5136.942, 6.606,5656
  681,5143.875, 6.933,5656
  682,5151.543, 7.668,5656
  683,5158.533, 6.990,5656
  684,5165.874, 7.341,5656
  685,5173.367, 7.493,5656
  686,5180.209, 6.842,5656
  687,5187.034, 6.825,5656
  688,5194.484, 7.450,5656
  689,5201.333, 6.849,5656
  690,5208.196, 6.863,5656
  691,5215.159, 6.963,5656
  692,5222.185, 7.026,5656
  693,5229.126, 6.941,5656
  694,5236.597, 7.471,5656
  695,5243.169, 6.572,5656
  696,5249.991, 6.822,5656
  697,5256.618, 6.627,5656
  698,5263.413, 6.795,5656
  699,5270.274, 6.861,5656
  700,5278.284, 8.010,5656
  701,5285.667, 7.383,5656
  702,5292.734, 7.067,5656
  703,5299.642, 6.908,5656
  704,5306.780, 7.138,5656
  705,5313.521, 6.741,5656
  706,5320.600, 7.079,5656
  707,5327.973, 7.373,5656
  708,5335.883, 7.910,5656
  709,5343.289, 7.406,5656
  710,5350.230, 6.941,5656
  711,5356.781, 6.551,5656
  712,5363.372, 6.591,5656
  713,5370.091, 6.719,5656
  714,5376.756, 6.665,5656
  715,5384.168, 7.412,5656
  716,5391.203, 7.035,5656
  717,5398.196, 6.993,5656
  718,5405.659, 7.463,5656
  719,5412.477, 6.818,5656
  720,5419.103, 6.626,5656
  721,5426.501, 7.398,5656
  722,5434.044, 7.543,5656
  723,5440.913, 6.869,5656
  724,5447.594, 6.681,5656
  725,5454.060, 6.466,5656
  726,5460.411, 6.351,5656
  727,5466.894, 6.483,5656
  728,5473.295, 6.401,5656
  729,5480.418, 7.123,5656
  730,5487.572, 7.154,5656
  731,5494.468, 6.896,5656
  732,5501.390, 6.922,5656
  733,5508.074, 6.684,5656
  734,5514.902, 6.828,5656
  735,5521.973, 7.071,5656
  736,5528.591, 6.618,5656
  737,5535.143, 6.552,5656
  738,5542.357, 7.214,5656
  739,5549.387, 7.030,5656
  740,5555.707, 6.320,5656
  741,5562.123, 6.416,5656
  742,5568.964, 6.841,5656
  743,5575.498, 6.534,5656
  744,5582.119, 6.621,5656
  745,5588.441, 6.322,5656
  746,5596.146, 7.704,5656
  747,5602.625, 6.480,5656
  748,5609.635, 7.010,5656
  749,5615.987, 6.352,5656
  750,5622.438, 6.451,5656
  751,5628.621, 6.183,5656
  752,5635.346, 6.725,5656
  753,5641.799, 6.453,5656
  754,5648.038, 6.239,5656
  755,5654.311, 6.273,5656
  756,5660.455, 6.144,5656
  757,5666.689, 6.234,5656
  758,5673.525, 6.836,5656
  759,5680.156, 6.631,5656
  760,5686.909, 6.753,5656
  761,5692.980, 6.071,5656
  762,5699.643, 6.663,5656
  763,5706.525, 6.882,5656
  764,5713.736, 7.211,5656
  765,5721.979, 8.242,5656
  766,5729.701, 7.723,5656
  767,5736.706, 7.005,5656
  768,5743.203, 6.497,5656
  769,5750.028, 6.825,5656
  770,5756.320, 6.292,5656
  771,5762.570, 6.250,5656
  772,5769.257, 6.687,5656
  773,5775.597, 6.340,5656
  774,5782.468, 6.871,5656
  775,5789.403, 6.935,5656
  776,5797.184, 7.781,5656
  777,5804.678, 7.494,5656
  778,5811.705, 7.027,5656
  779,5818.549, 6.844,5656
  780,5825.197, 6.648,5656
  781,5831.451, 6.254,5656
  782,5838.044, 6.593,5656
  783,5844.398, 6.354,5656
  784,5851.299, 6.901,5656
  785,5858.344, 7.045,5656
  786,5865.152, 6.808,5656
  787,5871.555, 6.403,5656
  788,5878.206, 6.651,5656
  789,5884.973, 6.767,5656
  790,5891.796, 6.823,5656
  791,5898.430, 6.634,5656
  792,5905.286, 6.856,5656
  793,5912.269, 6.983,5656
  794,5919.946, 7.677,5656
  795,5927.233, 7.287,5656
  796,5934.324, 7.091,5656
  797,5941.088, 6.764,5656
  798,5947.542, 6.454,5656
  799,5954.252, 6.710,5656
  800,5960.939, 6.687,5656
  801,5967.641, 6.702,5656
  802,5974.873, 7.232,5656
  803,5981.852, 6.979,5656
  804,5988.490, 6.638,5656
  805,5994.863, 6.373,5656
  806,6001.281, 6.418,5656
  807,6008.032, 6.751,5656
  808,6015.316, 7.284,5656
  809,6022.396, 7.080,5656
  810,6030.000, 7.604,5656
  811,6036.849, 6.849,5656
  812,6043.537, 6.688,5656
  813,6049.934, 6.397,5656
  814,6056.733, 6.799,5656
  815,6063.026, 6.293,5656
  816,6069.172, 6.146,5656
  817,6075.239, 6.067,5656
  818,6081.659, 6.420,5656
  819,6087.778, 6.119,5656
  820,6094.280, 6.502,5656
  821,6100.170, 5.890,5656
  822,6107.701, 7.531,5656
  823,6114.997, 7.296,5656
  824,6121.922, 6.925,5656
  825,6128.869, 6.947,5656
  826,6136.068, 7.199,5656
  827,6142.430, 6.362,5656
  828,6148.896, 6.466,5656
  829,6155.210, 6.314,5656
  830,6161.574, 6.364,5656
  831,6167.817, 6.243,5656
  832,6174.671, 6.854,5656
  833,6180.960, 6.289,5656
  834,6187.330, 6.370,5656
  835,6193.564, 6.234,5656
  836,6200.180, 6.616,5656
  837,6206.657, 6.477,5656
  838,6213.080, 6.423,5656
  839,6219.303, 6.223,5656
  840,6225.680, 6.377,5656
  841,6232.816, 7.136,5656
  842,6239.659, 6.843,5656
  843,6246.112, 6.453,5656
  844,6252.521, 6.409,5656
  845,6258.816, 6.295,5656
  846,6264.979, 6.162,5656
  847,6271.800, 6.822,5656
  848,6278.107, 6.307,5656
  849,6284.407, 6.300,5656
  850,6290.451, 6.044,5656
  851,6296.496, 6.045,5656
  852,6302.704, 6.208,5656
  853,6309.015, 6.311,5656
  854,6315.699, 6.684,5656
  855,6321.854, 6.154,5656
  856,6328.380, 6.527,5656
  857,6334.813, 6.432,5656
  858,6341.532, 6.720,5656
  859,6348.261, 6.729,5656
  860,6355.493, 7.232,5656
  861,6361.729, 6.235,5656
  862,6368.158, 6.430,5656
  863,6374.375, 6.217,5656
  864,6381.301, 6.926,5656
  865,6387.689, 6.388,5656
  866,6393.891, 6.202,5656
  867,6399.969, 6.078,5656
  868,6406.110, 6.141,5656
  869,6412.198, 6.088,5656
  870,6418.509, 6.311,5656
  871,6424.961, 6.452,5656
  872,6431.302, 6.341,5656
  873,6437.526, 6.224,5656
  874,6444.478, 6.951,5656
  875,6451.158, 6.681,5656
  876,6457.739, 6.581,5656
  877,6464.080, 6.341,5656
  878,6470.671, 6.591,5656
  879,6477.001, 6.330,5656
  880,6483.495, 6.494,5656
  881,6489.798, 6.303,5656
  882,6496.961, 7.163,5656
  883,6505.218, 8.257,5656
  884,6512.367, 7.149,5656
  885,6519.061, 6.693,5656
  886,6525.704, 6.644,5656
  887,6532.208, 6.503,5656
  888,6539.674, 7.467,5656
  889,6548.426, 8.752,5656
  890,6556.447, 8.021,5656
  891,6563.550, 7.103,5656
  892,6570.919, 7.369,5656
  893,6578.908, 7.989,5656
  894,6585.760, 6.852,5656
  895,6592.334, 6.574,5656
  896,6599.231, 6.897,5656
  897,6605.853, 6.621,5656
  898,6612.586, 6.734,5656
  899,6619.385, 6.799,5656
  900,6626.313, 6.928,5656
  901,6633.302, 6.989,5656
  902,6640.234, 6.932,5656
  903,6646.790, 6.555,5656
  904,6653.820, 7.031,5656
  905,6660.376, 6.556,5656
  906,6666.688, 6.311,5656
  907,6672.875, 6.188,5656
  908,6678.854, 5.979,5656
  909,6685.160, 6.306,5656
  910,6691.733, 6.573,5656
  911,6697.786, 6.053,5656
  912,6703.930, 6.144,5656
  913,6710.377, 6.447,5656
  914,6716.299, 5.922,5656
  915,6722.309, 6.010,5656
  916,6728.485, 6.176,5656
  917,6734.906, 6.421,5656
  918,6741.179, 6.273,5656
  919,6747.408, 6.229,5656
  920,6753.457, 6.048,5656
  921,6759.800, 6.344,5656
  922,6766.665, 6.864,5656
  923,6772.786, 6.122,5656
  924,6778.962, 6.176,5656
  925,6784.996, 6.034,5656
  926,6791.241, 6.245,5656
  927,6798.477, 7.235,5656
  928,6805.635, 7.159,5656
  929,6812.694, 7.059,5656
  930,6819.448, 6.754,5656
  931,6825.681, 6.233,5656
  932,6832.228, 6.546,5656
  933,6839.292, 7.065,5656
  934,6845.624, 6.331,5656
  935,6851.708, 6.084,5656
  936,6858.083, 6.376,5656
  937,6865.156, 7.073,5656
  938,6871.783, 6.627,5656
  939,6878.037, 6.254,5656
  940,6884.275, 6.238,5656
  941,6891.177, 6.902,5656
  942,6899.688, 8.510,5656
  943,6906.339, 6.652,5656
  944,6912.889, 6.550,5656
  945,6919.045, 6.156,5656
  946,6925.261, 6.216,5656
  947,6931.451, 6.190,5656
  948,6937.818, 6.367,5656
  949,6944.049, 6.231,5656
  950,6950.391, 6.342,5656
  951,6956.662, 6.271,5656
  952,6963.104, 6.442,5656
  953,6970.207, 7.102,5656
  954,6976.882, 6.676,5656
  955,6983.100, 6.218,5656
  956,6990.197, 7.097,5656
  957,6996.563, 6.365,5656
  958,7002.941, 6.379,5656
  959,7009.161, 6.220,5656
  960,7015.561, 6.399,5656
  961,7021.979, 6.419,5656
  962,7028.250, 6.271,5656
  963,7034.401, 6.151,5656
  964,7040.543, 6.142,5656
  965,7047.188, 6.645,5656
  966,7053.471, 6.283,5656
  967,7059.734, 6.263,5656
  968,7066.391, 6.657,5656
  969,7072.708, 6.317,5656
  970,7079.573, 6.865,5656
  971,7086.465, 6.892,5656
  972,7093.466, 7.001,5656
  973,7100.252, 6.786,5656
  974,7106.891, 6.639,5656
  975,7112.998, 6.106,5656
  976,7119.509, 6.512,5656
  977,7125.896, 6.386,5656
  978,7132.457, 6.561,5656
  979,7139.757, 7.301,5656
  980,7146.784, 7.027,5656
  981,7153.268, 6.483,5656
  982,7160.055, 6.788,5656
  983,7166.680, 6.625,5656
  984,7173.593, 6.913,5656
  985,7180.395, 6.801,5656
  986,7188.130, 7.736,5656
  987,7195.215, 7.085,5656
  988,7202.530, 7.315,5656
  989,7209.619, 7.089,5656
  990,7216.409, 6.790,5656
  991,7223.308, 6.899,5656
  992,7230.179, 6.871,5656
  993,7237.397, 7.218,5656
  994,7244.779, 7.382,5656
  995,7252.624, 7.844,5656
  996,7259.449, 6.826,5656
  997,7266.135, 6.686,5656
  998,7272.854, 6.719,5656
  999,7280.251, 7.397,5656
 1000,7287.823, 7.572,5656
 1001,7295.203, 7.380,5656
 1002,7301.887, 6.684,5656
 1003,7308.199, 6.312,5656
 1004,7315.418, 7.219,5656
 1005,7322.023, 6.605,5656
 1006,7328.455, 6.431,5656
 1007,7334.994, 6.540,5656
 1008,7341.729, 6.735,5656
 1009,7348.771, 7.042,5656
 1010,7355.679, 6.908,5656
 1011,7362.451, 6.772,5656
 1012,7369.307, 6.856,5656
 1013,7375.778, 6.471,5656
 1014,7382.270, 6.491,5656
 1015,7388.879, 6.610,5656
 1016,7395.961, 7.082,5656
 1017,7402.932, 6.971,5656
 1018,7410.458, 7.525,5656
 1019,7417.424, 6.967,5656
 1020,7423.747, 6.322,5656
 1021,7430.194, 6.448,5656
 1022,7437.023, 6.829,5656
 1023,7443.560, 6.536,5656
 1024,7449.760, 6.201,5656
 1025,7456.136, 6.376,5656
 1026,7462.593, 6.457,5656
 1027,7469.236, 6.643,5656
 1028,7475.630, 6.394,5656
 1029,7482.106, 6.476,5656
 1030,7488.352, 6.245,5656
 1031,7494.798, 6.447,5656
 1032,7501.775, 6.977,5656
 1033,7509.074, 7.299,5656
 1034,7515.499, 6.424,5656
 1035,7521.971, 6.473,5656
 1036,7528.144, 6.172,5656
 1037,7534.994, 6.851,5656
 1038,7541.805, 6.811,5656
 1039,7547.887, 6.082,5656
 1040,7554.594, 6.707,5656
 1041,7560.931, 6.337,5656
 1042,7567.969, 7.038,5656
 1043,7574.505, 6.536,5656
 1044,7580.884, 6.379,5656
 1045,7587.953, 7.069,5656
 1046,7594.334, 6.381,5656
 1047,7600.569, 6.235,5656
 1048,7607.542, 6.973,5656
 1049,7614.224, 6.682,5656
 1050,7621.160, 6.936,5656
 1051,7628.134, 6.974,5656
 1052,7634.545, 6.411,5656
 1053,7641.439, 6.894,5656
 1054,7648.262, 6.823,5656
 1055,7654.601, 6.338,5656
 1056,7660.990, 6.390,5656
 1057,7668.845, 7.855,5656
 1058,7676.476, 7.630,5656
 1059,7683.792, 7.317,5656
 1060,7690.680, 6.888,5656
 1061,7697.642, 6.961,5656
 1062,7704.557, 6.916,5656
 1063,7711.028, 6.471,5656
 1064,7718.009, 6.981,5656
 1065,7724.463, 6.454,5656
 1066,7730.972, 6.509,5656
 1067,7737.789, 6.816,5656
 1068,7744.250, 6.462,5656
 1069,7750.658, 6.408,5656
 1070,7757.405, 6.747,5656
 1071,7763.920, 6.515,5656
 1072,7770.371, 6.450,5656
 1073,7777.155, 6.785,5656
 1074,7783.772, 6.617,5656
 1075,7790.310, 6.537,5656
 1076,7797.146, 6.837,5656
 1077,7803.478, 6.331,5656
 1078,7810.066, 6.589,5656
 1079,7817.437, 7.370,5656
 1080,7824.923, 7.487,5656
 1081,7831.777, 6.854,5656
 1082,7838.757, 6.980,5656
 1083,7845.394, 6.636,5656
 1084,7851.866, 6.473,5656
 1085,7858.826, 6.960,5656
 1086,7866.249, 7.422,5656
 1087,7873.028, 6.780,5656
 1088,7880.371, 7.342,5656
 1089,7887.260, 6.890,5656
 1090,7894.031, 6.771,5656
 1091,7900.937, 6.905,5656
 1092,7908.069, 7.133,5656
 1093,7915.021, 6.952,5656
 1094,7922.666, 7.644,5656
 1095,7930.806, 8.141,5656
 1096,7937.959, 7.153,5656
 1097,7944.753, 6.794,5656
 1098,7951.871, 7.117,5656
 1099,7958.762, 6.892,5656
 1100,7965.890, 7.128,5656
 1101,7972.581, 6.690,5656
 1102,7979.843, 7.263,5656
 1103,7987.137, 7.294,5656
 1104,7994.382, 7.245,5656
 1105,8001.753, 7.371,5656
 1106,8008.455, 6.701,5656
 1107,8015.271, 6.816,5656
 1108,8021.603, 6.332,5656
 1109,8027.988, 6.386,5656
 1110,8035.524, 7.536,5656
 1111,8042.575, 7.051,5656
 1112,8049.967, 7.392,5656
 1113,8056.686, 6.718,5656
 1114,8063.335, 6.650,5656
 1115,8071.680, 8.345,5656
 1116,8079.698, 8.018,5656
 1117,8086.587, 6.889,5656
 1118,8093.208, 6.620,5656
 1119,8099.907, 6.700,5656
 1120,8106.444, 6.537,5656
 1121,8113.365, 6.921,5656
 1122,8120.196, 6.831,5656
 1123,8127.159, 6.963,5656
 1124,8133.824, 6.665,5656
 1125,8141.088, 7.264,5656
 1126,8148.312, 7.223,5656
 1127,8155.235, 6.924,5656
 1128,8162.016, 6.780,5656
 1129,8168.930, 6.915,5656
 1130,8175.957, 7.026,5656
 1131,8182.655, 6.699,5656
 1132,8189.419, 6.764,5656
 1133,8196.496, 7.077,5656
 1134,8203.262, 6.765,5656
 1135,8210.069, 6.808,5656
 1136,8216.572, 6.503,5656
 1137,8223.430, 6.857,5656
 1138,8230.094, 6.664,5656
 1139,8236.605, 6.512,5656
 1140,8243.265, 6.659,5656
 1141,8250.150, 6.886,5656
 1142,8256.879, 6.729,5656
 1143,8263.586, 6.707,5656
 1144,8270.300, 6.713,5656
 1145,8276.635, 6.335,5656
 1146,8283.278, 6.644,5656
 1147,8289.711, 6.433,5656
 1148,8296.290, 6.579,5656
 1149,8302.931, 6.640,5656
 1150,8309.460, 6.530,5656
 1151,8316.317, 6.857,5656
 1152,8323.470, 7.152,5656
 1153,8330.330, 6.861,5656
 1154,8336.768, 6.437,5656
 1155,8343.192, 6.425,5656
 1156,8350.029, 6.837,5656
 1157,8356.983, 6.954,5656
 1158,8364.190, 7.207,5656
 1159,8370.788, 6.598,5656
 1160,8377.327, 6.539,5656
 1161,8384.225, 6.897,5656
 1162,8391.460, 7.236,5656
 1163,8398.411, 6.951,5656
 1164,8405.264, 6.852,5656
 1165,8412.337, 7.074,5656
 1166,8419.306, 6.968,5656
 1167,8425.827, 6.522,5656
 1168,8433.031, 7.204,5656
 1169,8440.097, 7.065,5656
 1170,8447.658, 7.562,5656
 1171,8455.298, 7.639,5656
 1172,8464.687, 9.389,5656
 1173,8472.615, 7.929,5656
 1174,8480.443, 7.828,5656
 1175,8487.708, 7.265,5656
 1176,8494.692, 6.984,5656
 1177,8502.143, 7.450,5656
 1178,8509.653, 7.511,5656
 1179,8517.056, 7.402,5656
 1180,8525.227, 8.171,5656
 1181,8532.890, 7.663,5656
 1182,8540.547, 7.657,5656
 1183,8547.898, 7.352,5656
 1184,8555.308, 7.409,5656
 1185,8562.790, 7.483,5656
 1186,8570.854, 8.064,5656
 1187,8578.766, 7.911,5656
 1188,8586.643, 7.877,5656
 1189,8594.232, 7.590,5656
 1190,8601.877, 7.645,5656
 1191,8609.333, 7.456,5656
 1192,8616.638, 7.304,5656
 1193,8623.117, 6.480,5656
 1194,8630.209, 7.092,5656
 1195,8637.019, 6.809,5656
 1196,8644.031, 7.013,5656
 1197,8650.672, 6.640,5656
 1198,8657.398, 6.727,5656
 1199,8664.176, 6.777,5656
 1200,8671.908, 7.733,5656
 1201,8678.821, 6.913,5656
 1202,8685.772, 6.951,5656
 1203,8692.979, 7.207,5656
 1204,8699.914, 6.935,5656
 1205,8706.868, 6.954,5656
 1206,8713.790, 6.922,5656
 1207,8720.526, 6.736,5656
 1208,8727.471, 6.944,5656
 1209,8734.052, 6.581,5656
 1210,8740.850, 6.798,5656
 1211,8747.458, 6.609,5656
 1212,8754.130, 6.671,5656
 1213,8761.040, 6.911,5656
 1214,8767.756, 6.715,5656
 1215,8774.558, 6.802,5656
 1216,8782.652, 8.095,5656
 1217,8789.685, 7.032,5656
 1218,8796.594, 6.909,5656
 1219,8803.407, 6.814,5656
 1220,8810.357, 6.950,5656
 1221,8817.424, 7.066,5656
 1222,8825.211, 7.788,5656
 1223,8832.605, 7.394,5656
 1224,8839.653, 7.048,5656
 1225,8846.365, 6.712,5656
 1226,8854.463, 8.097,5656
 1227,8863.009, 8.546,5656
 1228,8870.675, 7.666,5656
 1229,8878.026, 7.352,5656
 1230,8885.313, 7.287,5656
 1231,8892.230, 6.917,5656
 1232,8899.037, 6.807,5656
 1233,8906.084, 7.047,5656
 1234,8913.276, 7.192,5656
 1235,8920.157, 6.881,5656
 1236,8927.287, 7.130,5656
 1237,8934.145, 6.857,5656
 1238,8941.479, 7.334,5656
 1239,8948.526, 7.048,5656
 1240,8955.868, 7.342,5656
 1241,8962.603, 6.734,5656
 1242,8969.636, 7.033,5656
 1243,8976.562, 6.926,5656
 1244,8983.734, 7.173,5656
 1245,8990.970, 7.235,5656
 1246,8997.939, 6.970,5656
 1247,9005.137, 7.197,5656
 1248,9012.148, 7.012,5656
 1249,9019.012, 6.863,5656
 1250,9025.933, 6.921,5656
 1251,9033.029, 7.097,5656
 1252,9040.204, 7.175,5656
 1253,9048.081, 7.877,5656
 1254,9055.661, 7.580,5656
 1255,9062.727, 7.065,5656
 1256,9069.592, 6.865,5656
 1257,9076.890, 7.298,5656
 1258,9084.599, 7.709,5656
 1259,9093.499, 8.901,5656
 1260,9101.744, 8.245,5656
 1261,9109.169, 7.425,5656
 1262,9117.102, 7.932,5656
 1263,9124.490, 7.389,5656
 1264,9132.191, 7.701,5656
 1265,9140.174, 7.982,5656
 1266,9148.066, 7.893,5656
 1267,9156.191, 8.125,5656
 1268,9163.758, 7.566,5656
 1269,9171.197, 7.440,5656
 1270,9178.765, 7.567,5656
 1271,9187.012, 8.247,5656
 1272,9194.945, 7.934,5656
 1273,9203.103, 8.157,5656
 1274,9212.266, 9.163,5656
 1275,9219.882, 7.616,5656
 1276,9228.155, 8.274,5656
 1277,9235.572, 7.417,5656
 1278,9244.068, 8.496,5656
 1279,9252.588, 8.519,5656
 1280,9260.156, 7.569,5656
 1281,9267.397, 7.241,5656
 1282,9274.443, 7.046,5656
 1283,9281.323, 6.880,5656
 1284,9288.774, 7.451,5656
 1285,9295.941, 7.167,5656
 1286,9302.956, 7.015,5656
 1287,9310.785, 7.829,5656
 1288,9318.318, 7.533,5656
 1289,9325.949, 7.631,5656
 1290,9333.313, 7.363,5656
 1291,9340.689, 7.377,5656
 1292,9347.927, 7.237,5656
 1293,9355.308, 7.381,5656
 1294,9362.609, 7.302,5656
 1295,9369.789, 7.180,5656
 1296,9377.043, 7.254,5656
 1297,9384.008, 6.964,5656
 1298,9391.241, 7.234,5656
 1299,9398.560, 7.318,5656
 1300,9405.994, 7.435,5656
 1301,9413.973, 7.978,5656
 1302,9421.432, 7.459,5656
 1303,9428.422, 6.990,5656
 1304,9435.456, 7.035,5656
 1305,9442.329, 6.873,5656
 1306,9449.682, 7.352,5656
 1307,9456.406, 6.725,5656
 1308,9463.826, 7.420,5656
 1309,9470.611, 6.785,5656
 1310,9477.694, 7.083,5656
 1311,9484.727, 7.032,5656
 1312,9491.888, 7.161,5656
 1313,9498.769, 6.881,5656
 1314,9505.689, 6.921,5656
 1315,9513.398, 7.709,5656
 1316,9521.854, 8.455,5656
 1317,9529.021, 7.167,5656
 1318,9536.403, 7.383,5656
 1319,9544.214, 7.810,5656
 1320,9552.015, 7.801,5656
 1321,9558.820, 6.806,5656
 1322,9566.268, 7.447,5656
 1323,9573.395, 7.127,5656
 1324,9580.746, 7.352,5656
 1325,9587.891, 7.144,5656
 1326,9594.821, 6.931,5656
 1327,9602.360, 7.539,5656
 1328,9610.323, 7.963,5656
 1329,9617.671, 7.347,5656
 1330,9625.194, 7.524,5656
 1331,9633.701, 8.507,5656
 1332,9642.943, 9.242,5656
 1333,9650.490, 7.547,5656
 1334,9657.653, 7.163,5656
 1335,9665.035, 7.382,5656
 1336,9672.573, 7.538,5656
 1337,9679.855, 7.282,5656
 1338,9687.207, 7.352,5656
 1339,9694.372, 7.165,5656
 1340,9701.876, 7.504,5656
 1341,9708.968, 7.091,5656
 1342,9716.772, 7.805,5656
 1343,9723.849, 7.076,5656
 1344,9731.661, 7.813,5656
 1345,9739.328, 7.667,5656
 1346,9746.898, 7.570,5656
 1347,9754.186, 7.287,5656
 1348,9761.586, 7.400,5656
 1349,9769.243, 7.658,5656
 1350,9777.139, 7.895,5656
 1351,9784.595, 7.456,5656
 1352,9792.374, 7.780,5656
 1353,9800.777, 8.403,5656
 1354,9808.189, 7.412,5656
 1355,9815.581, 7.392,5656
 1356,9823.832, 8.251,5656
 1357,9832.070, 8.238,5656
 1358,9841.195, 9.125,5656
 1359,9849.946, 8.751,5656
 1360,9858.009, 8.062,5656
 1361,9866.175, 8.166,5656
 1362,9874.100, 7.925,5656
 1363,9881.967, 7.867,5656
 1364,9890.122, 8.156,5656
 1365,9898.364, 8.242,5656
 1366,9906.643, 8.278,5656
 1367,9914.310, 7.667,5656
 1368,9922.278, 7.969,5656
 1369,9930.291, 8.013,5656
 1370,9938.888, 8.596,5656
 1371,9948.768, 9.880,5656
 1372,9957.419, 8.651,5656
 1373,9965.807, 8.388,5656
 1374,9974.070, 8.264,5656
 1375,9981.498, 7.428,5656
 1376,9988.999, 7.501,5656
 1377,9996.351, 7.351,5656
 1378,10003.657, 7.307,5656
 1379,10010.939, 7.282,5656
 1380,10018.629, 7.689,5656
 1381,10026.915, 8.287,5656
 1382,10035.943, 9.028,5656
 1383,10043.652, 7.709,5656
 1384,10051.979, 8.326,5656
 1385,10059.854, 7.875,5656
 1386,10068.695, 8.842,5656
 1387,10076.931, 8.235,5656
 1388,10084.402, 7.472,5656
 1389,10092.019, 7.616,5656
 1390,10100.214, 8.195,5656
 1391,10107.827, 7.614,5656
 1392,10115.628, 7.800,5656
 1393,10123.726, 8.098,5656
 1394,10131.493, 7.768,5656
 1395,10138.993, 7.500,5656
 1396,10146.807, 7.813,5656
 1397,10154.549, 7.742,5656
 1398,10162.642, 8.093,5656
 1399,10170.387, 7.745,5656
 1400,10178.132, 7.745,5656
 1401,10185.742, 7.611,5656
 1402,10194.319, 8.577,5656
 1403,10202.442, 8.123,5656
 1404,10210.736, 8.294,5656
 1405,10218.332, 7.596,5656
 1406,10226.241, 7.909,5656
 1407,10233.684, 7.442,5656
 1408,10241.396, 7.712,5656
 1409,10249.451, 8.056,5656
 1410,10256.771, 7.320,5656
 1411,10264.567, 7.796,5656
 1412,10272.645, 8.077,5656
 1413,10280.590, 7.945,5656
 1414,10288.261, 7.671,5656
 1415,10296.077, 7.817,5656
 1416,10303.692, 7.615,5656
 1417,10311.518, 7.825,5656
 1418,10319.495, 7.978,5656
 1419,10327.876, 8.380,5656
 1420,10335.932, 8.056,5656
 1421,10343.624, 7.693,5656
 1422,10351.540, 7.916,5656
 1423,10359.339, 7.798,5656
 1424,10367.810, 8.471,5656
 1425,10375.784, 7.975,5656
 1426,10383.961, 8.176,5656
 1427,10391.866, 7.906,5656
 1428,10399.994, 8.128,5656
 1429,10407.873, 7.879,5656
 1430,10416.702, 8.829,5656
 1431,10426.284, 9.582,5656
 1432,10435.144, 8.859,5656
 1433,10443.093, 7.949,5656
 1434,10450.946, 7.854,5656
 1435,10458.861, 7.915,5656
 1436,10466.986, 8.125,5656
 1437,10475.714, 8.727,5656
 1438,10484.282, 8.569,5656
 1439,10492.232, 7.950,5656
 1440,10500.620, 8.388,5656
 1441,10508.718, 8.097,5656
 1442,10517.357, 8.640,5656
 1443,10526.362, 9.005,5656
 1444,10534.801, 8.438,5656
 1445,10543.029, 8.229,5656
 1446,10551.778, 8.749,5656
 1447,10559.689, 7.911,5656
 1448,10567.873, 8.184,5656
 1449,10576.382, 8.508,5656
 1450,10585.815, 9.434,5656
 1451,10594.422, 8.606,5656
 1452,10602.937, 8.515,5656
 1453,10610.981, 8.045,5656
 1454,10619.384, 8.402,5656
 1455,10627.567, 8.184,5656
 1456,10635.861, 8.294,5656
 1457,10644.228, 8.366,5656
 1458,10652.646, 8.419,5656
 1459,10660.888, 8.241,5656
 1460,10669.131, 8.243,5656
 1461,10677.705, 8.575,5656
 1462,10686.397, 8.692,5656
 1463,10695.290, 8.893,5656
 1464,10704.073, 8.783,5656
 1465,10712.586, 8.512,5656
 1466,10720.873, 8.288,5656
 1467,10728.906, 8.033,5656
 1468,10736.853, 7.946,5656
 1469,10744.494, 7.642,5656
 1470,10752.366, 7.872,5656
 1471,10760.238, 7.872,5656
 1472,10768.050, 7.811,5656
 1473,10776.290, 8.241,5656
 1474,10784.092, 7.801,5656
 1475,10792.144, 8.052,5656
 1476,10800.194, 8.051,5656
 1477,10807.852, 7.657,5656
 1478,10815.973, 8.121,5656
 1479,10825.697, 9.725,5656
 1480,10834.627, 8.929,5656
 1481,10843.409, 8.783,5656
 1482,10852.241, 8.832,5656
 1483,10860.027, 7.786,5656
 1484,10868.299, 8.271,5656
 1485,10876.438, 8.140,5656
 1486,10886.000, 9.561,5656
 1487,10894.413, 8.414,5656
 1488,10902.855, 8.442,5656
 1489,10911.132, 8.276,5656
 1490,10919.252, 8.120,5656
 1491,10927.211, 7.959,5656
 1492,10935.028, 7.818,5656
 1493,10943.727, 8.698,5656
 1494,10951.937, 8.210,5656
 1495,10960.000, 8.063,5656
 1496,10968.209, 8.209,5656
 1497,10976.123, 7.915,5656
 1498,10984.129, 8.005,5656
 1499,10992.233, 8.105,5656
 1500,11000.091, 7.857,5656
 1501,11008.630, 8.539,5656
 1502,11016.793, 8.163,5656
 1503,11024.497, 7.705,5656
 1504,11032.606, 8.109,5656
 1505,11040.421, 7.814,5656
 1506,11048.283, 7.863,5656
 1507,11055.951, 7.668,5656
 1508,11064.123, 8.172,5656
 1509,11072.552, 8.428,5656
 1510,11081.169, 8.617,5656
 1511,11088.703, 7.535,5656
 1512,11096.949, 8.246,5656
 1513,11104.920, 7.970,5656
 1514,11114.160, 9.241,5656
 1515,11122.265, 8.104,5656
 1516,11131.053, 8.788,5656
 1517,11139.295, 8.242,5656
 1518,11147.913, 8.619,5656
 1519,11156.072, 8.159,5656
 1520,11165.610, 9.538,5656
 1521,11174.056, 8.445,5656
 1522,11182.773, 8.718,5656
 1523,11191.323, 8.550,5656
 1524,11200.184, 8.860,5656
 1525,11210.636,10.452,5656
 1526,11222.157,11.522,5656
 1527,11231.387, 9.229,5656
 1528,11240.785, 9.399,5656
 1529,11250.192, 9.407,5656
 1530,11259.553, 9.360,5656
 1531,11268.405, 8.853,5656
 1532,11277.352, 8.946,5656
 1533,11286.672, 9.320,5656
 1534,11295.861, 9.190,5656
 1535,11304.421, 8.559,5656
 1536,11313.813, 9.393,5656
 1537,11323.787, 9.974,5656
 1538,11334.469,10.681,5656
 1539,11343.714, 9.245,5656
 1540,11352.009, 8.295,5656
 1541,11360.381, 8.372,5656
 1542,11369.428, 9.047,5656
 1543,11377.634, 8.206,5656
 1544,11385.768, 8.134,5656
 1545,11393.789, 8.022,5656
 1546,11402.544, 8.754,5656
 1547,11410.834, 8.290,5656
 1548,11418.892, 8.058,5656
 1549,11426.970, 8.078,5656
 1550,11435.569, 8.600,5656
 1551,11443.671, 8.101,5656
 1552,11451.942, 8.272,5656
 1553,11459.991, 8.049,5656
 1554,11468.287, 8.296,5656
 1555,11476.382, 8.094,5656
 1556,11484.430, 8.048,5656
 1557,11492.381, 7.951,5656
 1558,11500.440, 8.060,5656
 1559,11508.571, 8.131,5656
 1560,11516.907, 8.336,5656
 1561,11524.987, 8.080,5656
 1562,11532.924, 7.936,5656
 1563,11542.460, 9.536,5656
 1564,11551.604, 9.145,5656
 1565,11559.474, 7.869,5656
 1566,11567.926, 8.452,5656
 1567,11576.297, 8.371,5656
 1568,11584.511, 8.214,5656
 1569,11593.909, 9.399,5656
 1570,11604.050,10.140,5656
 1571,11613.006, 8.956,5656
 1572,11621.587, 8.581,5656
 1573,11629.704, 8.118,5656
 1574,11638.844, 9.139,5656
 1575,11647.790, 8.946,5656
 1576,11656.646, 8.857,5656
 1577,11665.132, 8.485,5656
 1578,11674.344, 9.212,5656
 1579,11682.807, 8.463,5656
 1580,11691.300, 8.493,5656
 1581,11699.777, 8.478,5656
 1582,11708.285, 8.508,5656
 1583,11716.524, 8.239,5656
 1584,11725.451, 8.927,5656
 1585,11733.446, 7.995,5656
 1586,11742.534, 9.088,5656
 1587,11752.196, 9.662,5656
 1588,11761.021, 8.825,5656
 1589,11770.016, 8.994,5656
 1590,11778.696, 8.681,5656
 1591,11787.944, 9.248,5656
 1592,11796.885, 8.940,5656
 1593,11805.653, 8.769,5656
 1594,11815.208, 9.554,5656
 1595,11824.613, 9.406,5656
 1596,11834.185, 9.571,5656
 1597,11843.529, 9.345,5656
 1598,11853.360, 9.831,5656
 1599,11864.757,11.396,5656
 1600,11875.153,10.397,5656
 1601,11884.754, 9.600,5656
 1602,11894.850,10.096,5656
 1603,11903.727, 8.877,5656
 1604,11912.797, 9.070,5656
 1605,11921.634, 8.837,5656
 1606,11930.606, 8.973,5656
 1607,11939.510, 8.903,5656
 1608,11949.186, 9.676,5656
 1609,11958.799, 9.613,5656
 1610,11969.286,10.488,5656
 1611,11978.044, 8.757,5656
 1612,11988.146,10.103,5656
 1613,11998.051, 9.904,5656
 1614,12006.979, 8.929,5656
 1615,12016.478, 9.498,5656
 1616,12025.427, 8.949,5656
 1617,12034.015, 8.588,5656
 1618,12043.239, 9.225,5656
 1619,12052.160, 8.921,5656
 1620,12061.030, 8.870,5656
 1621,12071.388,10.357,5656
 1622,12080.758, 9.370,5656
 1623,12090.251, 9.493,5656
 1624,12099.940, 9.690,5656
 1625,12108.943, 9.003,5656
 1626,12118.653, 9.710,5656
 1627,12127.512, 8.858,5656
 1628,12136.171, 8.659,5656
 1629,12145.477, 9.306,5656
 1630,12154.295, 8.818,5656
 1631,12163.180, 8.885,5656
 1632,12172.474, 9.294,5656
 1633,12181.661, 9.188,5656
 1634,12190.415, 8.753,5656
 1635,12199.174, 8.759,5656
 1636,12208.499, 9.325,5656
 1637,12217.493, 8.995,5656
 1638,12226.359, 8.866,5656
 1639,12234.912, 8.553,5656
 1640,12243.909, 8.997,5656
 1641,12252.894, 8.984,5656
 1642,12262.188, 9.294,5656
 1643,12270.867, 8.680,5656
 1644,12279.952, 9.085,5656
 1645,12289.268, 9.315,5656
 1646,12298.636, 9.368,5656
 1647,12307.547, 8.911,5656
 1648,12316.582, 9.035,5656
 1649,12325.801, 9.219,5656
 1650,12339.218,13.417,5656
 1651,12352.385,13.167,5656
 1652,12365.420,13.035,5688
 1653,12377.068,11.649,5688
 1654,12389.588,12.519,5688
 1655,12401.055,11.467,5688
 1656,12410.528, 9.474,5688
 1657,12419.643, 9.114,5688
 1658,12429.240, 9.598,5688
 1659,12438.394, 9.153,5688
 1660,12447.889, 9.495,5688
 1661,12456.643, 8.754,5688
 1662,12465.880, 9.237,5688
 1663,12474.885, 9.005,5688
 1664,12484.561, 9.676,5688
 1665,12494.152, 9.592,5688
 1666,12503.686, 9.533,5688
 1667,12513.244, 9.559,5688
 1668,12523.203, 9.959,5688
 1669,12533.122, 9.918,5688
 1670,12542.756, 9.634,5688
 1671,12553.608,10.853,5688
 1672,12564.019,10.410,5688
 1673,12573.904, 9.886,5688
 1674,12584.195,10.291,5688
 1675,12594.175, 9.979,5688
 1676,12604.524,10.350,5688
 1677,12614.171, 9.646,5688
 1678,12624.330,10.159,5688
 1679,12634.660,10.331,5688
 1680,12645.041,10.380,5688
 1681,12654.696, 9.656,5688
 1682,12664.643, 9.946,5688
 1683,12674.282, 9.640,5688
 1684,12684.481,10.199,5688
 1685,12694.629,10.147,5688
 1686,12704.846,10.217,5688
 1687,12715.107,10.262,5688
 1688,12725.235,10.128,5688
 1689,12735.617,10.382,5688
 1690,12745.664,10.046,5688
 1691,12754.971, 9.307,5688
 1692,12764.928, 9.957,5688
 1693,12774.591, 9.663,5688
 1694,12785.217,10.626,5688
 1695,12796.074,10.858,5688
 1696,12806.032, 9.958,5688
 1697,12815.903, 9.871,5688
 1698,12825.860, 9.957,5688
 1699,12835.922,10.061,5688
 1700,12846.581,10.659,5688
 1701,12856.460, 9.879,5688
 1702,12867.351,10.891,5688
 1703,12877.474,10.123,5688
 1704,12887.627,10.153,5688
 1705,12897.507, 9.880,5688
 1706,12907.482, 9.976,5688
 1707,12918.020,10.537,5688
 1708,12927.778, 9.759,5688
 1709,12937.302, 9.523,5688
 1710,12947.109, 9.808,5688
 1711,12956.726, 9.616,5688
 1712,12966.471, 9.745,5688
 1713,12976.389, 9.918,5688
 1714,12986.128, 9.739,5688
 1715,12995.303, 9.175,5688
 1716,13004.802, 9.499,5688
 1717,13014.137, 9.335,5688
 1718,13024.246,10.109,5688
 1719,13033.968, 9.722,5688
 1720,13043.974,10.006,5688
 1721,13054.096,10.122,5688
 1722,13063.963, 9.867,5688
 1723,13073.393, 9.430,5688
 1724,13083.358, 9.966,5688
 1725,13093.742,10.384,5688
 1726,13103.236, 9.494,5688
 1727,13112.715, 9.478,5688
 1728,13122.156, 9.442,5688
 1729,13132.123, 9.966,5688
 1730,13142.632,10.509,5688
 1731,13152.733,10.102,5688
 1732,13163.471,10.737,5688
 1733,13173.813,10.343,5688
 1734,13185.521,11.708,5688
 1735,13195.945,10.424,5688
 1736,13206.361,10.416,5688
 1737,13216.320, 9.959,5688
 1738,13226.335,10.014,5688
 1739,13236.716,10.381,5688
 1740,13247.067,10.352,5688
 1741,13260.229,13.161,5688
 1742,13270.637,10.408,5688
 1743,13280.883,10.246,5688
 1744,13291.854,10.972,5688
 1745,13303.263,11.408,5688
 1746,13313.956,10.693,5688
 1747,13324.604,10.648,5688
 1748,13335.785,11.182,5688
 1749,13347.008,11.222,5688
 1750,13357.403,10.396,5688
 1751,13368.704,11.300,5688
 1752,13379.513,10.809,5688
 1753,13390.240,10.728,5688
 1754,13400.964,10.723,5688
 1755,13413.090,12.126,5688
 1756,13424.266,11.176,5688
 1757,13435.011,10.745,5688
 1758,13446.149,11.139,5688
 1759,13457.932,11.782,5688
 1760,13469.029,11.098,5688
 1761,13479.832,10.802,5688
 1762,13490.464,10.632,5688
 1763,13500.121, 9.657,5688
 1764,13510.210,10.089,5688
 1765,13520.900,10.691,5688
 1766,13531.807,10.906,5688
 1767,13542.336,10.529,5688
 1768,13552.881,10.545,5688
 1769,13563.718,10.837,5688
 1770,13574.735,11.018,5688
 1771,13586.775,12.040,5688
 1772,13597.712,10.936,5688
 1773,13608.552,10.840,5688
 1774,13618.813,10.261,5688
 1775,13628.993,10.181,5688
 1776,13639.832,10.838,5688
 1777,13650.342,10.510,5688
 1778,13661.055,10.713,5688
 1779,13671.904,10.850,5688
 1780,13682.755,10.850,5688
 1781,13693.438,10.683,5688
 1782,13703.939,10.502,5688
 1783,13713.936, 9.996,5688
 1784,13724.604,10.669,5688
 1785,13734.762,10.157,5688
 1786,13745.181,10.419,5688
 1787,13755.321,10.141,5688
 1788,13766.336,11.014,5688
 1789,13777.022,10.687,5688
 1790,13787.513,10.490,5688
 1791,13797.828,10.315,5688
 1792,13808.290,10.462,5688
 1793,13818.775,10.486,5688
 1794,13829.268,10.492,5688
 1795,13840.019,10.751,5688
 1796,13850.321,10.303,5688
 1797,13860.480,10.159,5688
 1798,13871.958,11.477,5688
 1799,13882.880,10.922,5688
 1800,13893.748,10.868,5688
 1801,13905.228,11.480,5688
 1802,13917.437,12.209,5688
 1803,13928.226,10.789,5688
 1804,13939.331,11.105,5688
 1805,13950.044,10.713,5688
 1806,13961.693,11.650,5688
 1807,13974.651,12.958,5688
 1808,13987.525,12.874,5688
 1809,13998.767,11.241,5688
 1810,14010.432,11.665,5688
 1811,14022.400,11.969,5688
 1812,14034.670,12.269,5688
 1813,14046.850,12.180,5688
 1814,14058.639,11.789,5688
 1815,14070.658,12.020,5688
 1816,14083.010,12.351,5688
 1817,14096.343,13.333,5688
 1818,14107.598,11.255,5688
 1819,14118.136,10.538,5688
 1820,14128.599,10.463,5688
 1821,14138.966,10.367,5688
 1822,14149.393,10.427,5688
 1823,14160.070,10.678,5688
 1824,14170.507,10.436,5688
 1825,14181.318,10.812,5688
 1826,14191.802,10.483,5688
 1827,14202.651,10.850,5688
 1828,14213.556,10.904,5688
 1829,14223.798,10.242,5688
 1830,14234.151,10.354,5688
 1831,14244.457,10.305,5688
 1832,14255.158,10.702,5688
 1833,14266.023,10.865,5688
 1834,14276.711,10.687,5688
 1835,14287.839,11.128,5688
 1836,14298.719,10.880,5688
 1837,14309.668,10.949,5688
 1838,14321.225,11.557,5688
 1839,14331.575,10.351,5688
 1840,14342.613,11.038,5688
 1841,14352.801,10.187,5688
 1842,14364.309,11.508,5688
 1843,14376.108,11.800,5688
 1844,14386.961,10.852,5688
 1845,14397.647,10.687,5688
 1846,14408.501,10.853,5688
 1847,14419.590,11.089,5688
 1848,14430.517,10.927,5688
 1849,14441.389,10.872,5688
 1850,14452.255,10.866,5688
 1851,14463.072,10.818,5688
 1852,14473.739,10.667,5688
 1853,14484.130,10.390,5688
 1854,14494.944,10.815,5688
 1855,14505.436,10.491,5688
 1856,14516.622,11.186,5688
 1857,14527.881,11.259,5688
 1858,14538.785,10.904,5688
 1859,14549.347,10.562,5688
 1860,14560.927,11.580,5688
 1861,14572.056,11.129,5688
 1862,14584.536,12.480,5688
 1863,14595.750,11.214,5688
 1864,14607.371,11.621,5688
 1865,14618.497,11.126,5688
 1866,14630.569,12.073,5688
 1867,14642.073,11.504,5688
 1868,14653.747,11.673,5688
 1869,14665.297,11.550,5688
 1870,14676.313,11.017,5688
 1871,14687.431,11.117,5688
 1872,14698.994,11.563,5688
 1873,14711.505,12.511,5688
 1874,14724.422,12.917,5688
 1875,14738.892,14.470,5688
 1876,14751.148,12.257,5688
 1877,14763.413,12.264,5688
 1878,14774.766,11.353,5688
 1879,14785.519,10.753,5688
 1880,14796.519,11.000,5688
 1881,14807.306,10.787,5688
 1882,14818.706,11.400,5688
 1883,14828.995,10.289,5688
 1884,14840.840,11.845,5688
 1885,14851.506,10.666,5688
 1886,14862.912,11.406,5688
 1887,14874.664,11.752,5688
 1888,14885.947,11.284,5688
 1889,14897.265,11.317,5688
 1890,14907.641,10.376,5688
 1891,14918.163,10.522,5688
 1892,14928.521,10.359,5688
 1893,14938.833,10.311,5688
 1894,14950.715,11.882,5688
 1895,14961.137,10.422,5688
 1896,14972.749,11.612,5688
 1897,14983.420,10.671,5688
 1898,14994.635,11.215,5688
 1899,15006.664,12.029,5688
 1900,15018.309,11.645,5688
 1901,15030.822,12.514,5688
 1902,15042.022,11.200,5688
 1903,15053.957,11.934,5688
 1904,15065.037,11.080,5688
 1905,15076.739,11.703,5688
 1906,15087.723,10.983,5688
 1907,15098.323,10.601,5688
 1908,15108.436,10.112,5688
 1909,15118.640,10.204,5688
 1910,15129.435,10.795,5688
 1911,15140.402,10.968,5688
 1912,15152.140,11.737,5688
 1913,15164.796,12.656,5688
 1914,15176.101,11.305,5688
 1915,15186.843,10.742,5688
 1916,15197.987,11.145,5688
 1917,15208.370,10.382,5688
 1918,15219.525,11.156,5688
 1919,15230.688,11.163,5688
 1920,15241.541,10.852,5688
 1921,15252.270,10.729,5688
 1922,15263.146,10.877,5688
 1923,15274.527,11.381,5688
 1924,15285.409,10.881,5688
 1925,15296.387,10.978,5688
 1926,15307.187,10.800,5688
 1927,15319.114,11.928,5688
 1928,15330.028,10.914,5688
 1929,15341.293,11.264,5688
 1930,15352.399,11.107,5688
 1931,15363.384,10.984,5688
 1932,15375.530,12.147,5688
 1933,15386.676,11.145,5688
 1934,15397.701,11.025,5688
 1935,15409.142,11.441,5688
 1936,15420.188,11.047,5688
 1937,15431.140,10.951,5688
 1938,15441.855,10.716,5688
 1939,15452.714,10.858,5688
 1940,15463.828,11.114,5688
 1941,15475.501,11.673,5688
 1942,15487.834,12.333,5688
 1943,15498.342,10.508,5688
 1944,15508.686,10.344,5688
 1945,15519.059,10.373,5688
 1946,15529.272,10.214,5688
 1947,15539.421,10.148,5688
 1948,15551.945,12.525,5688
 1949,15564.388,12.442,5688
 1950,15575.388,11.000,5688
 1951,15587.096,11.708,5688
 1952,15598.011,10.915,5688
 1953,15608.459,10.448,5688
 1954,15619.162,10.703,5688
 1955,15629.192,10.031,5688
 1956,15639.697,10.505,5688
 1957,15650.766,11.068,5688
 1958,15661.318,10.553,5688
 1959,15671.835,10.516,5688
 1960,15682.100,10.265,5688
 1961,15692.863,10.764,5688
 1962,15705.116,12.252,5688
 1963,15716.112,10.997,5688
 1964,15726.182,10.069,5688
 1965,15735.970, 9.788,5688
 1966,15746.047,10.077,5688
 1967,15756.292,10.245,5688
 1968,15766.735,10.444,5688
 1969,15777.140,10.404,5688
 1970,15787.441,10.302,5688
 1971,15798.508,11.066,5688
 1972,15808.729,10.222,5688
 1973,15818.898,10.169,5688
 1974,15829.176,10.277,5688
 1975,15839.566,10.391,5688
 1976,15849.984,10.418,5688
 1977,15860.192,10.208,5688
 1978,15870.632,10.439,5688
 1979,15880.930,10.298,5688
 1980,15891.104,10.174,5688
 1981,15901.593,10.489,5688
 1982,15912.932,11.339,5688
 1983,15923.645,10.713,5688
 1984,15934.278,10.634,5688
 1985,15947.024,12.746,5688
 1986,15958.896,11.871,5688
 1987,15969.153,10.258,5688
 1988,15979.403,10.250,5688
 1989,15990.107,10.704,5688
 1990,16000.704,10.596,5688
 1991,16011.519,10.815,5688
 1992,16022.273,10.755,5688
 1993,16032.783,10.509,5688
 1994,16043.209,10.426,5688
 1995,16053.412,10.203,5688
 1996,16063.670,10.258,5688
 1997,16073.972,10.302,5688
 1998,16084.930,10.958,5688
 1999,16095.507,10.577,5688
 2000,16107.025,11.519,5656
 2001,16118.502,11.476,5656
 2002,16129.606,11.105,5656
 2003,16140.321,10.715,5656
 2004,16151.520,11.198,5656
 2005,16162.379,10.859,5656
 2006,16172.738,10.360,5656
 2007,16185.361,12.623,5656
 2008,16197.550,12.188,5656
 2009,16209.895,12.345,5656
 2010,16224.450,14.555,5656
 2011,16235.670,11.220,5656
 2012,16249.091,13.421,5656
 2013,16261.255,12.164,5656
 2014,16272.957,11.702,5656
 2015,16283.856,10.900,5656
 2016,16295.693,11.837,5656
 2017,16306.461,10.767,5656
 2018,16317.675,11.214,5656
 2019,16329.754,12.079,5656
 2020,16342.779,13.026,5656
 2021,16358.246,15.466,5656
 2022,16369.528,11.283,5656
 2023,16380.503,10.974,5656
 2024,16392.445,11.943,5656
 2025,16402.988,10.542,5656
 2026,16413.674,10.687,5656
 2027,16424.703,11.028,5656
 2028,16435.678,10.974,5656
 2029,16446.469,10.792,5656
 2030,16457.156,10.687,5656
 2031,16466.918, 9.762,5656
 2032,16477.574,10.657,5656
 2033,16487.740,10.165,5656
 2034,16497.986,10.246,5656
 2035,16508.219,10.233,5656
 2036,16518.105, 9.886,5656
 2037,16527.932, 9.826,5656
 2038,16538.303,10.372,5656
 2039,16548.572,10.270,5656
 2040,16558.488, 9.915,5656
 2041,16568.146, 9.658,5656
 2042,16578.180,10.033,5656
 2043,16589.234,11.056,5656
 2044,16599.533,10.298,5656
 2045,16610.490,10.958,5656
 2046,16620.525,10.034,5656
 2047,16630.477, 9.951,5656
 2048,16640.432, 9.956,5656
 2049,16650.928,10.496,5656
 2050,16661.449,10.522,5656
 2051,16672.143,10.693,5656
 2052,16682.537,10.394,5656
 2053,16692.467, 9.930,5656
 2054,16703.178,10.711,5656
 2055,16713.793,10.615,5656
 2056,16724.229,10.435,5656
 2057,16736.057,11.828,5656
 2058,16747.957,11.901,5656
 2059,16758.869,10.913,5656
 2060,16770.174,11.304,5656
 2061,16781.186,11.012,5656
 2062,16792.412,11.227,5656
 2063,16803.297,10.883,5656
 2064,16813.881,10.585,5656
 2065,16824.344,10.462,5656
 2066,16834.961,10.619,5656
 2067,16846.113,11.151,5656
 2068,16857.035,10.922,5656
 2069,16868.674,11.640,5656
 2070,16879.098,10.421,5656
 2071,16889.266,10.168,5656
 2072,16899.850,10.585,5656
 2073,16911.033,11.185,5656
 2074,16921.191,10.157,5656
 2075,16931.396,10.207,5656
 2076,16940.824, 9.427,5656
 2077,16951.637,10.813,5656
 2078,16962.168,10.531,5656
 2079,16972.598,10.427,5656
 2080,16982.959,10.363,5656
 2081,16992.973,10.014,5656
 2082,17003.035,10.062,5656
 2083,17012.506, 9.472,5656
 2084,17022.098, 9.591,5656
 2085,17031.777, 9.678,5656
 2086,17041.740, 9.964,5656
 2087,17051.418, 9.679,5656
 2088,17062.014,10.594,5656
 2089,17071.793, 9.779,5656
 2090,17083.041,11.250,5656
 2091,17093.480,10.440,5656
 2092,17103.525,10.043,5656
 2093,17113.436, 9.910,5656
 2094,17123.996,10.563,5656
 2095,17135.109,11.110,5656
 2096,17145.664,10.556,5656
 2097,17155.057, 9.392,5656
 2098,17165.180,10.123,5656
 2099,17174.857, 9.679,5656
 2100,17185.500,10.643,5656
 2101,17195.840,10.341,5656
 2102,17205.471, 9.629,5656
 2103,17215.369, 9.897,5656
 2104,17225.840,10.474,5656
 2105,17235.441, 9.599,5656
 2106,17245.797,10.355,5656
 2107,17255.857,10.061,5656
 2108,17265.441, 9.585,5656
 2109,17274.814, 9.373,5656
 2110,17284.547, 9.732,5656
 2111,17295.621,11.073,5656
 2112,17306.158,10.539,5656
 2113,17316.973,10.815,5656
 2114,17326.709, 9.736,5656
 2115,17336.434, 9.723,5656
 2116,17347.262,10.828,5656
 2117,17357.613,10.353,5656
 2118,17368.045,10.430,5656
 2119,17378.449,10.404,5656
 2120,17388.342, 9.893,5656
 2121,17398.836,10.497,5656
 2122,17409.193,10.356,5656
 2123,17419.580,10.387,5656
 2124,17429.346, 9.763,5656
 2125,17439.232, 9.889,5656
 2126,17449.297,10.063,5656
 2127,17458.928, 9.631,5656
 2128,17469.297,10.371,5656
 2129,17480.049,10.751,5656
 2130,17489.785, 9.735,5656
 2131,17501.439,11.655,5656
 2132,17511.041, 9.601,5656
 2133,17521.598,10.558,5656
 2134,17532.857,11.258,5656
 2135,17542.629, 9.772,5656
 2136,17552.326, 9.699,5656
 2137,17561.699, 9.372,5656
 2138,17571.545, 9.847,5656
 2139,17581.057, 9.512,5656
 2140,17590.939, 9.881,5656
 2141,17600.789, 9.849,5656
 2142,17611.658,10.871,5656
 2143,17621.225, 9.565,5656
 2144,17631.828,10.605,5656
 2145,17641.564, 9.737,5656
 2146,17651.074, 9.509,5656
 2147,17660.318, 9.244,5656
 2148,17669.549, 9.229,5656
 2149,17678.865, 9.318,5656
 2150,17688.453, 9.587,5656
 2151,17697.605, 9.151,5656
 2152,17707.430, 9.825,5656
 2153,17717.244, 9.815,5656
 2154,17726.721, 9.478,5656
 2155,17735.846, 9.124,5656
 2156,17745.141, 9.294,5656
 2157,17754.328, 9.189,5656
 2158,17763.916, 9.588,5656
 2159,17773.234, 9.318,5656
 2160,17783.178, 9.942,5656
 2161,17792.244, 9.068,5656
 2162,17801.820, 9.576,5656
 2163,17811.213, 9.393,5656
 2164,17820.883, 9.669,5656
 2165,17829.902, 9.020,5656
 2166,17839.385, 9.482,5656
 2167,17848.963, 9.578,5656
 2168,17858.189, 9.226,5656
 2169,17867.357, 9.167,5656
 2170,17876.857, 9.502,5656
 2171,17886.564, 9.706,5656
 2172,17896.393, 9.829,5656
 2173,17906.008, 9.614,5656
 2174,17916.584,10.579,5656
 2175,17928.309,11.724,5656
 2176,17938.453,10.144,5656
 2177,17947.994, 9.541,5656
 2178,17957.727, 9.732,5656
 2179,17966.988, 9.262,5656
 2180,17976.135, 9.146,5656
 2181,17985.418, 9.284,5656
 2182,17995.969,10.550,5656
 2183,18005.336, 9.369,5656
 2184,18014.916, 9.578,5656
 2185,18024.129, 9.212,5656
 2186,18033.820, 9.694,5656
 2187,18043.660, 9.838,5656
 2188,18053.273, 9.612,5656
 2189,18063.121, 9.849,5656
 2190,18072.854, 9.733,5656
 2191,18082.416, 9.564,5656
 2192,18092.146, 9.729,5656
 2193,18102.045, 9.899,5656
 2194,18112.480,10.436,5656
 2195,18122.871,10.389,5656
 2196,18133.758,10.885,5656
 2197,18145.246,11.491,5656
 2198,18155.271,10.024,5656
 2199,18164.877, 9.607,5656
 2200,18175.328,10.452,5656
 2201,18186.203,10.873,5656
 2202,18195.814, 9.612,5656
 2203,18205.580, 9.766,5656
 2204,18215.727,10.146,5656
 2205,18225.525, 9.799,5656
 2206,18235.592,10.065,5656
 2207,18245.721,10.129,5656
 2208,18255.949,10.229,5656
 2209,18265.719, 9.770,5656
 2210,18274.957, 9.238,5656
 2211,18284.084, 9.127,5656
 2212,18293.234, 9.151,5656
 2213,18302.373, 9.137,5656
 2214,18311.576, 9.206,5656
 2215,18322.641,11.064,5656
 2216,18331.920, 9.280,5656
 2217,18341.268, 9.345,5656
 2218,18352.816,11.550,5656
 2219,18362.508, 9.690,5656
 2220,18371.889, 9.382,5656
 2221,18381.148, 9.260,5656
 2222,18391.504,10.355,5656
 2223,18400.529, 9.024,5656
 2224,18409.789, 9.260,5656
 2225,18418.910, 9.123,5656
 2226,18428.217, 9.307,5656
 2227,18437.221, 9.004,5656
 2228,18446.477, 9.256,5656
 2229,18456.182, 9.704,5656
 2230,18465.295, 9.113,5656
 2231,18474.566, 9.272,5656
 2232,18484.080, 9.513,5656
 2233,18493.145, 9.064,5656
 2234,18502.852, 9.707,5656
 2235,18511.717, 8.867,5656
 2236,18520.881, 9.164,5656
 2237,18530.457, 9.574,5656
 2238,18539.924, 9.467,5656
 2239,18549.553, 9.630,5656
 2240,18559.301, 9.748,5656
 2241,18569.010, 9.708,5656
 2242,18578.383, 9.374,5656
 2243,18587.229, 8.845,5656
 2244,18596.248, 9.021,5656
 2245,18605.156, 8.909,5656
 2246,18614.551, 9.393,5656
 2247,18623.689, 9.139,5656
 2248,18632.518, 8.826,5656
 2249,18641.850, 9.333,5656
 2250,18650.844, 8.994,5656
 2251,18659.414, 8.572,5656
 2252,18669.299, 9.884,5656
 2253,18679.014, 9.715,5656
 2254,18688.014, 8.999,5656
 2255,18697.549, 9.535,5656
 2256,18707.561,10.014,5656
 2257,18718.861,11.298,5656
 2258,18728.182, 9.322,5656
 2259,18737.564, 9.383,5656
 2260,18746.715, 9.150,5656
 2261,18755.893, 9.178,5656
 2262,18764.990, 9.098,5656
 2263,18774.744, 9.755,5656
 2264,18783.877, 9.131,5656
 2265,18793.158, 9.282,5656
 2266,18802.297, 9.137,5656
 2267,18811.629, 9.332,5656
 2268,18820.965, 9.336,5656
 2269,18830.244, 9.281,5656
 2270,18839.328, 9.083,5656
 2271,18848.717, 9.390,5656
 2272,18858.189, 9.472,5656
 2273,18867.430, 9.239,5656
 2274,18877.748,10.319,5656
 2275,18888.299,10.551,5656
 2276,18898.133, 9.833,5656
 2277,18908.010, 9.876,5656
 2278,18918.369,10.361,5656
 2279,18928.898,10.530,5656
 2280,18939.324,10.425,5656
 2281,18948.639, 9.315,5656
 2282,18958.580, 9.942,5656
 2283,18967.426, 8.845,5656
 2284,18977.049, 9.624,5656
 2285,18986.816, 9.767,5656
 2286,18996.320, 9.504,5656
 2287,19005.824, 9.505,5656
 2288,19015.477, 9.651,5656
 2289,19024.412, 8.935,5656
 2290,19033.189, 8.776,5656
 2291,19041.979, 8.791,5656
 2292,19051.346, 9.365,5656
 2293,19059.949, 8.604,5656
 2294,19068.721, 8.774,5656
 2295,19077.559, 8.837,5656
 2296,19086.699, 9.140,5656
 2297,19096.553, 9.855,5656
 2298,19107.152,10.600,5656
 2299,19116.934, 9.778,5656
 2300,19125.945, 9.013,5656
 2301,19134.797, 8.851,5656
 2302,19143.629, 8.834,5656
 2303,19152.080, 8.451,5656
 2304,19160.873, 8.791,5656
 2305,19169.811, 8.939,5656
 2306,19178.434, 8.623,5656
 2307,19187.537, 9.103,5656
 2308,19196.576, 9.039,5656
 2309,19205.789, 9.214,5656
 2310,19214.885, 9.096,5656
 2311,19223.482, 8.597,5656
 2312,19232.859, 9.376,5656
 2313,19241.705, 8.845,5656
 2314,19250.668, 8.964,5656
 2315,19259.197, 8.529,5656
 2316,19267.801, 8.604,5656
 2317,19276.701, 8.900,5656
 2318,19285.674, 8.972,5656
 2319,19294.098, 8.424,5656
 2320,19303.248, 9.153,5656
 2321,19312.064, 8.814,5656
 2322,19321.135, 9.071,5656
 2323,19329.502, 8.368,5656
 2324,19338.109, 8.607,5656
 2325,19349.484,11.374,5656
 2326,19358.209, 8.724,5656
 2327,19366.709, 8.500,5656
 2328,19375.561, 8.854,5656
 2329,19384.396, 8.835,5656
 2330,19393.037, 8.640,5656
 2331,19401.605, 8.567,5656
 2332,19410.729, 9.125,5656
 2333,19420.313, 9.583,5656
 2334,19429.729, 9.416,5656
 2335,19438.248, 8.520,5656
 2336,19447.510, 9.260,5656
 2337,19457.281, 9.772,5656
 2338,19466.205, 8.925,5656
 2339,19474.846, 8.641,5656
 2340,19484.277, 9.430,5656
 2341,19494.576,10.301,5656
 2342,19505.346,10.767,5656
 2343,19515.412,10.070,5656
 2344,19525.572,10.158,5656
 2345,19534.596, 9.023,5656
 2346,19543.471, 8.876,5656
 2347,19553.084, 9.615,5656
 2348,19562.381, 9.296,5656
 2349,19571.785, 9.404,5656
 2350,19580.584, 8.798,5656
 2351,19589.809, 9.224,5656
 2352,19599.236, 9.429,5656
 2353,19608.254, 9.015,5656
 2354,19618.938,10.685,5656
 2355,19629.338,10.399,5656
 2356,19637.961, 8.625,5656
 2357,19645.857, 7.896,5656
 2358,19654.682, 8.824,5656
 2359,19663.385, 8.704,5656
 2360,19672.064, 8.681,5656
 2361,19680.506, 8.440,5656
 2362,19689.154, 8.649,5656
 2363,19697.053, 7.897,5656
 2364,19705.113, 8.062,5656
 2365,19713.533, 8.418,5656
 2366,19721.801, 8.268,5656
 2367,19729.859, 8.059,5656
 2368,19738.727, 8.868,5656
 2369,19746.773, 8.045,5656
 2370,19754.871, 8.099,5656
 2371,19762.857, 7.986,5656
 2372,19770.842, 7.983,5656
 2373,19778.801, 7.962,5656
 2374,19787.219, 8.417,5656
 2375,19795.934, 8.715,5656
 2376,19804.369, 8.434,5656
 2377,19812.350, 7.980,5656
 2378,19820.262, 7.913,5656
 2379,19828.813, 8.552,5656
 2380,19837.148, 8.335,5656
 2381,19845.643, 8.495,5656
 2382,19854.180, 8.536,5656
 2383,19861.928, 7.748,5656
 2384,19870.166, 8.240,5656
 2385,19878.090, 7.921,5656
 2386,19886.582, 8.495,5656
 2387,19895.693, 9.111,5656
 2388,19904.492, 8.798,5656
 2389,19912.254, 7.760,5656
 2390,19921.221, 8.970,5656
 2391,19929.713, 8.490,5656
 2392,19938.043, 8.331,5656
 2393,19946.969, 8.927,5656
 2394,19954.943, 7.973,5656
 2395,19963.373, 8.431,5656
 2396,19971.617, 8.243,5656
 2397,19979.602, 7.983,5656
 2398,19987.713, 8.113,5656
 2399,19995.998, 8.286,5656
 2400,20004.449, 8.450,5656
 2401,20012.439, 7.990,5656
 2402,20020.609, 8.169,5656
 2403,20028.250, 7.643,5656
 2404,20037.518, 9.265,5656
 2405,20045.947, 8.431,5656
 2406,20055.301, 9.353,5656
 2407,20063.672, 8.371,5656
 2408,20071.826, 8.156,5656
 2409,20080.090, 8.261,5656
 2410,20088.273, 8.185,5656
 2411,20096.611, 8.338,5656
 2412,20106.105, 9.495,5656
 2413,20114.650, 8.545,5656
 2414,20124.225, 9.573,5656
 2415,20133.973, 9.748,5656
 2416,20143.189, 9.217,5656
 2417,20151.564, 8.375,5656
 2418,20161.922,10.356,5656
 2419,20170.713, 8.794,5656
 2420,20179.014, 8.298,5656
 2421,20187.652, 8.642,5656
 2422,20196.096, 8.441,5656
 2423,20204.412, 8.318,5656
 2424,20212.709, 8.296,5656
 2425,20221.426, 8.717,5656
 2426,20229.850, 8.423,5656
 2427,20238.102, 8.251,5656
 2428,20246.873, 8.773,5656
 2429,20256.016, 9.142,5656
 2430,20265.930, 9.915,5656
 2431,20275.273, 9.343,5656
 2432,20284.938, 9.665,5656
 2433,20293.105, 8.166,5656
 2434,20301.566, 8.463,5656
 2435,20309.820, 8.255,5656
 2436,20318.053, 8.232,5656
 2437,20326.445, 8.392,5656
 2438,20334.254, 7.806,5656
 2439,20342.207, 7.955,5656
 2440,20350.182, 7.975,5656
 2441,20357.881, 7.698,5656
 2442,20366.660, 8.782,5656
 2443,20375.947, 9.285,5656
 2444,20384.068, 8.121,5656
 2445,20392.121, 8.052,5656
 2446,20399.975, 7.855,5656
 2447,20408.141, 8.167,5656
 2448,20416.053, 7.910,5656
 2449,20423.641, 7.590,5656
 2450,20431.598, 7.955,5656
 2451,20439.232, 7.637,5656
 2452,20447.148, 7.916,5656
 2453,20454.480, 7.332,5656
 2454,20462.035, 7.553,5656
 2455,20469.879, 7.844,5656
 2456,20477.865, 7.987,5656
 2457,20486.033, 8.168,5656
 2458,20494.105, 8.071,5656
 2459,20501.613, 7.509,5656
 2460,20509.449, 7.835,5656
 2461,20516.838, 7.388,5656
 2462,20524.848, 8.010,5656
 2463,20532.281, 7.435,5656
 2464,20540.262, 7.980,5656
 2465,20548.209, 7.948,5656
 2466,20555.988, 7.780,5656
 2467,20563.592, 7.601,5656
 2468,20571.068, 7.478,5656
 2469,20578.813, 7.744,5656
 2470,20587.328, 8.516,5656
 2471,20595.777, 8.449,5656
 2472,20604.076, 8.298,5656
 2473,20611.988, 7.914,5656
 2474,20620.225, 8.235,5656
 2475,20627.885, 7.660,5656
 2476,20635.957, 8.071,5656
 2477,20643.613, 7.656,5656
 2478,20651.148, 7.538,5656
 2479,20658.516, 7.365,5656
 2480,20667.357, 8.843,5656
 2481,20676.385, 9.028,5656
 2482,20684.705, 8.318,5656
 2483,20693.143, 8.439,5656
 2484,20701.656, 8.515,5656
 2485,20709.900, 8.242,5656
 2486,20717.801, 7.901,5656
 2487,20725.879, 8.078,5656
 2488,20734.137, 8.259,5656
 2489,20741.990, 7.853,5656
 2490,20749.869, 7.878,5656
 2491,20758.076, 8.207,5656
 2492,20766.744, 8.668,5656
 2493,20774.338, 7.593,5656
 2494,20782.025, 7.687,5656
 2495,20789.711, 7.687,5656
 2496,20798.021, 8.310,5656
 2497,20806.445, 8.424,5656
 2498,20814.707, 8.262,5656
 2499,20822.697, 7.989,5656
 2500,20830.805, 8.109,5656
 2501,20838.955, 8.150,5656
 2502,20847.174, 8.219,5656
 2503,20855.234, 8.061,5656
 2504,20862.717, 7.481,5656
 2505,20870.678, 7.961,5656
 2506,20879.680, 9.002,5656
 2507,20887.740, 8.063,5656
 2508,20896.340, 8.597,5656
 2509,20905.121, 8.783,5656
 2510,20913.629, 8.507,5656
 2511,20922.660, 9.031,5656
 2512,20930.705, 8.044,5656
 2513,20939.496, 8.794,5656
 2514,20948.531, 9.033,5656
 2515,20957.477, 8.946,5656
 2516,20965.713, 8.237,5656
 2517,20973.832, 8.119,5656
 2518,20982.447, 8.614,5656
 2519,20990.957, 8.511,5656
 2520,20999.361, 8.404,5656
 2521,21007.811, 8.449,5656
 2522,21016.598, 8.786,5656
 2523,21025.197, 8.600,5656
 2524,21033.143, 7.946,5656
 2525,21041.531, 8.388,5656
 2526,21049.529, 7.999,5656
 2527,21057.117, 7.586,5656
 2528,21065.225, 8.108,5656
 2529,21074.061, 8.837,5656
 2530,21082.324, 8.263,5656
 2531,21090.918, 8.593,5656
 2532,21099.211, 8.294,5656
 2533,21106.957, 7.745,5656
 2534,21115.420, 8.463,5656
 2535,21123.561, 8.141,5656
 2536,21131.625, 8.065,5656
 2537,21139.396, 7.772,5656
 2538,21147.418, 8.019,5656
 2539,21155.432, 8.015,5656
 2540,21163.309, 7.877,5656
 2541,21171.197, 7.888,5656
 2542,21178.801, 7.605,5656
 2543,21186.313, 7.511,5656
 2544,21194.002, 7.690,5656
 2545,21201.514, 7.512,5656
 2546,21209.195, 7.681,5656
 2547,21216.953, 7.758,5656
 2548,21225.412, 8.460,5656
 2549,21232.838, 7.423,5656
 2550,21240.643, 7.807,5656
 2551,21247.928, 7.284,5656
 2552,21255.625, 7.697,5656
 2553,21262.857, 7.234,5656
 2554,21271.076, 8.219,5656
 2555,21278.824, 7.747,5656
 2556,21286.762, 7.936,5656
 2557,21295.197, 8.437,5656
 2558,21302.752, 7.554,5656
 2559,21310.553, 7.802,5656
 2560,21318.422, 7.867,5656
 2561,21325.957, 7.538,5656
 2562,21334.094, 8.135,5656
 2563,21341.469, 7.376,5656
 2564,21349.186, 7.716,5656
 2565,21357.021, 7.836,5656
 2566,21365.846, 8.823,5656
 2567,21373.805, 7.962,5656
 2568,21381.301, 7.496,5656
 2569,21388.896, 7.595,5656
 2570,21396.754, 7.856,5656
 2571,21403.988, 7.236,5656
 2572,21412.074, 8.086,5656
 2573,21419.482, 7.408,5656
 2574,21427.496, 8.013,5656
 2575,21435.777, 8.282,5656
 2576,21444.164, 8.388,5656
 2577,21452.010, 7.843,5656
 2578,21461.031, 9.022,5656
 2579,21470.229, 9.197,5656
 2580,21478.316, 8.089,5656
 2581,21485.951, 7.634,5656
 2582,21493.418, 7.467,5656
 2583,21500.973, 7.556,5656
 2584,21508.518, 7.542,5656
 2585,21515.885, 7.368,5656
 2586,21523.605, 7.722,5656
 2587,21530.836, 7.229,5656
 2588,21538.889, 8.054,5656
 2589,21547.484, 8.597,5656
 2590,21556.293, 8.807,5656
 2591,21563.961, 7.669,5656
 2592,21571.609, 7.648,5656
 2593,21579.645, 8.034,5656
 2594,21587.172, 7.527,5656
 2595,21594.529, 7.359,5656
 2596,21602.629, 8.100,5656
 2597,21610.566, 7.937,5656
 2598,21618.477, 7.911,5656
 2599,21626.529, 8.050,5656
 2600,21634.941, 8.412,5656
 2601,21643.383, 8.443,5656
 2602,21652.029, 8.647,5656
 2603,21659.660, 7.631,5656
 2604,21667.727, 8.066,5656
 2605,21676.598, 8.869,5656
 2606,21684.889, 8.294,5656
 2607,21692.703, 7.813,5656
 2608,21701.209, 8.505,5656
 2609,21709.090, 7.881,5656
 2610,21716.684, 7.594,5656
 2611,21724.518, 7.835,5656
 2612,21732.834, 8.314,5656
 2613,21740.600, 7.767,5656
 2614,21748.754, 8.154,5656
 2615,21757.236, 8.484,5656
 2616,21766.121, 8.885,5656
 2617,21774.174, 8.052,5656
 2618,21781.881, 7.708,5656
 2619,21789.193, 7.310,5656
 2620,21797.018, 7.825,5656
 2621,21804.400, 7.385,5656
 2622,21812.699, 8.297,5656
 2623,21820.152, 7.454,5656
 2624,21827.816, 7.663,5656
 2625,21835.094, 7.278,5656
 2626,21843.328, 8.234,5656
 2627,21850.580, 7.253,5656
 2628,21860.645,10.065,5656
 2629,21869.549, 8.903,5656
 2630,21878.135, 8.586,5656
 2631,21885.873, 7.738,5656
 2632,21894.145, 8.273,5656
 2633,21902.453, 8.307,5656
 2634,21910.539, 8.086,5656
 2635,21918.740, 8.203,5656
 2636,21926.205, 7.464,5656
 2637,21933.461, 7.254,5656
 2638,21941.037, 7.578,5656
 2639,21948.217, 7.179,5656
 2640,21955.750, 7.532,5656
 2641,21963.328, 7.580,5656
 2642,21971.713, 8.383,5656
 2643,21979.410, 7.699,5656
 2644,21986.813, 7.402,5656
 2645,21994.666, 7.852,5656
 2646,22002.320, 7.657,5656
 2647,22009.992, 7.672,5656
 2648,22017.467, 7.473,5656
 2649,22024.561, 7.095,5656
 2650,22031.932, 7.369,5656
 2651,22039.133, 7.201,5656
 2652,22046.953, 7.822,5656
 2653,22054.418, 7.462,5656
 2654,22061.822, 7.407,5656
 2655,22069.105, 7.282,5656
 2656,22077.725, 8.621,5656
 2657,22085.350, 7.622,5656
 2658,22092.932, 7.583,5656
 2659,22100.285, 7.355,5656
 2660,22108.107, 7.821,5656
 2661,22115.609, 7.501,5656
 2662,22123.094, 7.485,5656
 2663,22130.773, 7.679,5656
 2664,22139.457, 8.684,5656
 2665,22146.900, 7.446,5656
 2666,22154.215, 7.313,5656
 2667,22161.674, 7.459,5656
 2668,22169.449, 7.774,5656
 2669,22177.592, 8.143,5656
 2670,22185.854, 8.262,5656
 2671,22193.770, 7.917,5656
 2672,22201.604, 7.833,5656
 2673,22209.010, 7.405,5656
 2674,22216.789, 7.782,5656
 2675,22224.184, 7.393,5656
 2676,22231.656, 7.474,5656
 2677,22239.660, 8.003,5656
 2678,22247.270, 7.609,5656
 2679,22256.859, 9.590,5656
 2680,22266.156, 9.298,5656
 2681,22274.629, 8.472,5656
 2682,22283.449, 8.819,5656
 2683,22291.359, 7.911,5656
 2684,22299.676, 8.316,5656
 2685,22308.023, 8.348,5656
 2686,22315.992, 7.970,5656
 2687,22323.939, 7.946,5656
 2688,22331.789, 7.851,5656
 2689,22339.453, 7.664,5656
 2690,22347.564, 8.112,5656
 2691,22356.361, 8.795,5656
 2692,22365.133, 8.771,5656
 2693,22374.211, 9.079,5656
 2694,22382.363, 8.152,5656
 2695,22391.738, 9.376,5656
 2696,22399.629, 7.889,5656
 2697,22407.602, 7.972,5656
 2698,22416.273, 8.672,5656
 2699,22424.379, 8.107,5656
 2700,22432.285, 7.906,5656
 2701,22439.877, 7.592,5656
 2702,22447.721, 7.845,5656
 2703,22454.754, 7.031,5656
 2704,22461.994, 7.242,5656
 2705,22468.943, 6.948,5656
 2706,22476.588, 7.644,5656
 2707,22483.816, 7.230,5656
 2708,22491.369, 7.553,5656
 2709,22499.223, 7.853,5656
 2710,22507.174, 7.951,5656
 2711,22514.404, 7.231,5656
 2712,22521.805, 7.401,5656
 2713,22528.912, 7.106,5656
 2714,22536.438, 7.526,5656
 2715,22544.078, 7.641,5656
 2716,22551.426, 7.347,5656
 2717,22559.225, 7.798,5656
 2718,22566.793, 7.570,5656
 2719,22574.137, 7.344,5656
 2720,22581.762, 7.622,5656
 2721,22589.041, 7.281,5656
 2722,22596.457, 7.415,5656
 2723,22604.697, 8.240,5656
 2724,22612.930, 8.233,5656
 2725,22621.324, 8.395,5656
 2726,22629.217, 7.893,5656
 2727,22636.305, 7.087,5656
 2728,22645.000, 8.695,5656
 2729,22653.639, 8.640,5656
 2730,22661.092, 7.452,5656
 2731,22668.750, 7.658,5656
 2732,22676.477, 7.727,5656
 2733,22683.926, 7.449,5656
 2734,22691.598, 7.671,5656
 2735,22698.766, 7.169,5656
 2736,22706.605, 7.840,5656
 2737,22714.143, 7.538,5656
 2738,22721.498, 7.354,5656
 2739,22729.121, 7.623,5656
 2740,22736.734, 7.615,5656
 2741,22744.400, 7.666,5656
 2742,22752.148, 7.747,5656
 2743,22759.381, 7.234,5656
 2744,22767.215, 7.833,5656
 2745,22775.008, 7.792,5656
 2746,22782.557, 7.550,5656
 2747,22790.340, 7.782,5656
 2748,22798.186, 7.845,5656
 2749,22806.201, 8.018,5656
 2750,22814.873, 8.670,5656
 2751,22822.850, 7.976,5656
 2752,22831.180, 8.331,5656
 2753,22839.236, 8.057,5656
 2754,22847.518, 8.281,5656
 2755,22855.750, 8.231,5656
 2756,22863.992, 8.246,5656
 2757,22872.213, 8.219,5656
 2758,22881.109, 8.896,5656
 2759,22889.154, 8.046,5656
 2760,22897.377, 8.223,5656
 2761,22905.422, 8.043,5656
 2762,22913.250, 7.828,5656
 2763,22922.313, 9.064,5656
 2764,22931.105, 8.793,5656
 2765,22939.414, 8.308,5656
 2766,22947.885, 8.470,5656
 2767,22956.123, 8.239,5656
 2768,22964.918, 8.794,5656
 2769,22974.340, 9.422,5656
 2770,22983.240, 8.903,5656
 2771,22991.387, 8.145,5656
 2772,22999.732, 8.345,5656
 2773,23008.742, 9.011,5656
 2774,23017.469, 8.727,5656
 2775,23025.234, 7.765,5656
 2776,23035.361,10.125,5656
 2777,23044.465, 9.106,5656
 2778,23053.711, 9.245,5656
 2779,23061.256, 7.544,5656
 2780,23069.229, 7.974,5656
 2781,23076.854, 7.625,5656
 2782,23084.961, 8.108,5656
 2783,23092.744, 7.783,5656
 2784,23100.502, 7.756,5656
 2785,23108.125, 7.624,5656
 2786,23115.918, 7.792,5656
 2787,23123.506, 7.589,5656
 2788,23131.725, 8.219,5656
 2789,23140.166, 8.441,5656
 2790,23148.076, 7.912,5656
 2791,23155.652, 7.575,5656
 2792,23163.637, 7.985,5656
 2793,23171.254, 7.615,5656
 2794,23178.998, 7.745,5656
 2795,23186.480, 7.483,5656
 2796,23194.461, 7.980,5656
 2797,23201.975, 7.514,5656
 2798,23209.648, 7.674,5656
 2799,23217.281, 7.631,5656
 2800,23225.057, 7.778,5656
 2801,23233.119, 8.061,5656
 2802,23241.613, 8.494,5656
 2803,23249.182, 7.568,5656
 2804,23257.133, 7.951,5656
 2805,23264.465, 7.332,5656
 2806,23271.932, 7.467,5656
 2807,23279.756, 7.824,5656
 2808,23287.385, 7.629,5656
 2809,23294.799, 7.415,5656
 2810,23302.342, 7.541,5656
 2811,23310.525, 8.186,5656
 2812,23318.469, 7.942,5656
 2813,23325.945, 7.478,5656
 2814,23333.709, 7.763,5656
 2815,23341.186, 7.476,5656
 2816,23349.668, 8.482,5656
 2817,23357.564, 7.899,5656
 2818,23365.346, 7.780,5656
 2819,23373.732, 8.386,5656
 2820,23382.520, 8.787,5656
 2821,23391.498, 8.979,5656
 2822,23399.400, 7.903,5656
 2823,23407.342, 7.940,5656
 2824,23415.377, 8.035,5656
 2825,23423.729, 8.354,5656
 2826,23433.166, 9.434,5656
 2827,23442.326, 9.163,5656
 2828,23451.082, 8.754,5656
 2829,23459.281, 8.199,5656
 2830,23467.186, 7.904,5656
 2831,23474.799, 7.615,5656
 2832,23483.775, 8.976,5656
 2833,23491.793, 8.018,5656
 2834,23499.871, 8.078,5656
 2835,23508.129, 8.257,5656
 2836,23516.189, 8.060,5656
 2837,23524.502, 8.313,5656
 2838,23532.984, 8.483,5656
 2839,23541.523, 8.539,5656
 2840,23549.326, 7.804,5656
 2841,23557.680, 8.352,5656
 2842,23566.418, 8.738,5656
 2843,23574.664, 8.246,5656
 2844,23583.094, 8.430,5656
 2845,23591.338, 8.243,5656
 2846,23599.457, 8.120,5656
 2847,23608.141, 8.685,5656
 2848,23616.447, 8.306,5656
 2849,23624.857, 8.409,5656
 2850,23633.480, 8.624,5656
 2851,23641.594, 8.113,5656
 2852,23650.209, 8.615,5656
 2853,23659.611, 9.403,5656
 2854,23669.961,10.350,5656
 2855,23678.605, 8.644,5656
 2856,23687.682, 9.075,5656
 2857,23696.174, 8.494,5656
 2858,23705.061, 8.888,5656
 2859,23713.514, 8.452,5656
 2860,23721.939, 8.425,5656
 2861,23729.973, 8.033,5656
 2862,23739.125, 9.153,5656
 2863,23747.576, 8.453,5656
 2864,23755.904, 8.327,5656
 2865,23764.281, 8.375,5656
 2866,23773.521, 9.242,5656
 2867,23781.443, 7.921,5656
 2868,23789.863, 8.420,5656
 2869,23798.238, 8.376,5656
 2870,23806.480, 8.243,5656
 2871,23814.293, 7.811,5656
 2872,23822.549, 8.255,5656
 2873,23831.852, 9.303,5656
 2874,23841.293, 9.443,5656
 2875,23849.170, 7.876,5656
 2876,23857.545, 8.375,5656
 2877,23865.895, 8.350,5656
 2878,23874.258, 8.361,5656
 2879,23883.035, 8.779,5656
 2880,23890.984, 7.950,5656
 2881,23899.385, 8.400,5656
 2882,23907.557, 8.171,5656
 2883,23915.988, 8.432,5656
 2884,23923.984, 7.996,5656
 2885,23931.906, 7.923,5656
 2886,23939.955, 8.048,5656
 2887,23948.398, 8.444,5656
 2888,23956.771, 8.372,5656
 2889,23964.564, 7.794,5656
 2890,23972.746, 8.180,5656
 2891,23980.439, 7.694,5656
 2892,23989.145, 8.705,5656
 2893,23996.965, 7.820,5656
 2894,24004.781, 7.816,5656
 2895,24012.363, 7.583,5656
 2896,24020.598, 8.234,5656
 2897,24028.697, 8.100,5656
 2898,24036.746, 8.049,5656
 2899,24044.586, 7.840,5656
 2900,24052.537, 7.950,5656
 2901,24060.635, 8.099,5656
 2902,24068.582, 7.946,5656
 2903,24076.014, 7.432,5656
 2904,24084.162, 8.147,5656
 2905,24092.166, 8.005,5656
 2906,24100.686, 8.519,5656
 2907,24108.965, 8.281,5656
 2908,24117.600, 8.634,5656
 2909,24125.236, 7.638,5656
 2910,24133.166, 7.929,5656
 2911,24141.098, 7.931,5656
 2912,24148.830, 7.733,5656
 2913,24156.387, 7.557,5656
 2914,24164.777, 8.389,5656
 2915,24172.859, 8.083,5656
 2916,24181.078, 8.218,5656
 2917,24189.541, 8.465,5656
 2918,24198.389, 8.847,5656
 2919,24207.098, 8.707,5656
 2920,24215.557, 8.462,5656
 2921,24225.070, 9.513,5656
 2922,24234.975, 9.904,5656
 2923,24244.404, 9.430,5656
 2924,24252.834, 8.429,5656
 2925,24261.006, 8.170,5656
 2926,24269.814, 8.811,5656
 2927,24277.928, 8.112,5656
 2928,24286.330, 8.403,5656
 2929,24294.221, 7.892,5656
 2930,24302.877, 8.656,5656
 2931,24311.922, 9.044,5656
 2932,24320.439, 8.517,5656
 2933,24328.873, 8.433,5656
 2934,24337.908, 9.038,5656
 2935,24346.393, 8.482,5656
 2936,24355.002, 8.608,5656
 2937,24363.758, 8.758,5656
 2938,24372.473, 8.716,5656
 2939,24381.641, 9.168,5656
 2940,24390.373, 8.732,5656
 2941,24399.141, 8.766,5656
 2942,24408.109, 8.968,5656
 2943,24417.145, 9.038,5656
 2944,24426.098, 8.951,5656
 2945,24435.053, 8.955,5656
 2946,24443.697, 8.645,5656
 2947,24452.193, 8.496,5656
 2948,24461.418, 9.225,5656
 2949,24469.785, 8.368,5656
 2950,24478.381, 8.595,5656
 2951,24487.088, 8.706,5656
 2952,24496.258, 9.171,5656
 2953,24505.266, 9.007,5656
 2954,24515.068, 9.803,5656
 2955,24524.133, 9.066,5656
 2956,24532.209, 8.075,5656
 2957,24540.088, 7.878,5656
 2958,24549.209, 9.122,5656
 2959,24557.842, 8.631,5656
 2960,24566.869, 9.030,5656
 2961,24574.725, 7.854,5656
 2962,24583.141, 8.416,5656
 2963,24591.477, 8.338,5656
 2964,24600.406, 8.929,5656
 2965,24608.955, 8.548,5656
 2966,24619.477,10.522,5656
 2967,24628.846, 9.368,5656
 2968,24637.369, 8.523,5656
 2969,24645.621, 8.254,5656
 2970,24654.068, 8.448,5656
 2971,24662.305, 8.234,5656
 2972,24671.309, 9.004,5656
 2973,24679.914, 8.605,5656
 2974,24688.453, 8.540,5656
 2975,24697.018, 8.563,5656
 2976,24705.770, 8.753,5656
 2977,24713.980, 8.212,5656
 2978,24722.207, 8.226,5656
 2979,24731.430, 9.221,5656
 2980,24739.965, 8.538,5656
 2981,24748.709, 8.742,5656
 2982,24757.080, 8.371,5656
 2983,24764.977, 7.898,5656
 2984,24773.043, 8.066,5656
 2985,24780.973, 7.930,5656
 2986,24789.693, 8.720,5656
 2987,24798.047, 8.354,5656
 2988,24806.209, 8.162,5656
 2989,24813.969, 7.759,5656
 2990,24822.330, 8.360,5656
 2991,24830.342, 8.014,5656
 2992,24839.297, 8.954,5656
 2993,24847.209, 7.913,5656
 2994,24855.209, 8.001,5656
 2995,24863.406, 8.197,5656
 2996,24871.725, 8.318,5656
 2997,24879.805, 8.080,5656
 2998,24888.295, 8.490,5656
 2999,24896.064, 7.771,5656
 3000,24904.197, 8.132,5656
 3001,24912.598, 8.400,5656
 3002,24921.553, 8.956,5656
 3003,24929.842, 8.288,5656
 3004,24938.934, 9.092,5656
 3005,24948.152, 9.219,5656
 3006,24956.605, 8.451,5656
 3007,24965.090, 8.485,5656
 3008,24974.008, 8.918,5656
 3009,24983.637, 9.629,5656
 3010,24993.584, 9.947,5656
 3011,25004.117,10.534,5656
 3012,25014.260,10.142,5656
 3013,25023.197, 8.938,5656
 3014,25033.502,10.303,5656
 3015,25042.926, 9.424,5656
 3016,25053.119,10.195,5656
 3017,25063.426,10.307,5656
 3018,25072.586, 9.160,5656
 3019,25081.805, 9.218,5656
 3020,25091.813,10.009,5656
 3021,25100.699, 8.886,5656
 3022,25109.777, 9.079,5656
 3023,25119.863,10.085,5656
 3024,25129.471, 9.608,5656
 3025,25137.820, 8.351,5656
 3026,25146.270, 8.447,5656
 3027,25154.662, 8.392,5656
 3028,25163.865, 9.205,5656
 3029,25172.184, 8.317,5656
 3030,25180.480, 8.297,5656
 3031,25188.768, 8.287,5656
 3032,25198.555, 9.788,5656
 3033,25206.770, 8.214,5656
 3034,25215.309, 8.539,5656
 3035,25223.350, 8.040,5656
 3036,25231.865, 8.516,5656
 3037,25240.021, 8.158,5656
 3038,25248.398, 8.377,5656
 3039,25256.689, 8.289,5656
 3040,25265.758, 9.068,5656
 3041,25274.021, 8.264,5656
 3042,25282.049, 8.029,5656
 3043,25290.102, 8.051,5656
 3044,25298.494, 8.392,5656
 3045,25306.656, 8.164,5656
 3046,25314.541, 7.886,5656
 3047,25323.113, 8.570,5656
 3048,25331.662, 8.549,5656
 3049,25340.148, 8.488,5656
 3050,25348.152, 8.005,5656
 3051,25356.342, 8.188,5656
 3052,25365.174, 8.830,5656
 3053,25374.285, 9.112,5656
 3054,25383.002, 8.716,5656
 3055,25391.541, 8.541,5656
 3056,25401.223, 9.682,5656
 3057,25410.125, 8.902,5656
 3058,25419.445, 9.321,5656
 3059,25428.125, 8.679,5656
 3060,25436.480, 8.355,5656
 3061,25444.646, 8.167,5656
 3062,25452.740, 8.093,5656
 3063,25461.086, 8.346,5656
 3064,25469.504, 8.417,5656
 3065,25478.465, 8.961,5656
 3066,25487.010, 8.544,5656
 3067,25495.801, 8.793,5656
 3068,25504.061, 8.259,5656
 3069,25512.516, 8.455,5656
 3070,25520.861, 8.346,5656
 3071,25529.598, 8.736,5656
 3072,25537.938, 8.339,5656
 3073,25546.363, 8.427,5656
 3074,25555.045, 8.682,5656
 3075,25563.781, 8.736,5656
 3076,25572.590, 8.809,5656
 3077,25582.059, 9.469,5656
 3078,25591.242, 9.183,5656
 3079,25600.029, 8.787,5656
 3080,25609.578, 9.547,5656
 3081,25618.977, 9.402,5656
 3082,25628.570, 9.593,5656
 3083,25637.621, 9.049,5656
 3084,25647.301, 9.680,5656
 3085,25656.213, 8.912,5656
 3086,25665.051, 8.839,5656
 3087,25673.393, 8.341,5656
 3088,25682.418, 9.025,5656
 3089,25692.773,10.356,5656
 3090,25701.930, 9.156,5656
 3091,25710.820, 8.893,5656
 3092,25720.686, 9.863,5656
 3093,25729.533, 8.847,5656
 3094,25738.367, 8.835,5656
 3095,25747.350, 8.983,5656
 3096,25757.412,10.061,5656
 3097,25765.797, 8.386,5656
 3098,25773.797, 8.000,5656
 3099,25782.117, 8.319,5656
 3100,25792.316,10.202,5656
 3101,25802.305, 9.986,5656
 3102,25811.514, 9.210,5656
 3103,25819.938, 8.424,5656
 3104,25828.568, 8.632,5656
 3105,25837.492, 8.921,5656
 3106,25845.930, 8.437,5656
 3107,25854.738, 8.811,5656
 3108,25863.758, 9.019,5656
 3109,25873.012, 9.253,5656
 3110,25882.086, 9.073,5656
 3111,25890.396, 8.312,5656
 3112,25899.158, 8.762,5656
 3113,25908.352, 9.193,5656
 3114,25916.498, 8.145,5656
 3115,25924.961, 8.465,5656
 3116,25933.330, 8.367,5656
 3117,25941.617, 8.290,5656
 3118,25949.793, 8.176,5656
 3119,25957.982, 8.189,5656
 3120,25965.973, 7.991,5656
 3121,25974.725, 8.751,5656
 3122,25983.711, 8.986,5656
 3123,25992.357, 8.646,5656
 3124,26001.078, 8.719,5656
 3125,26009.793, 8.717,5656
 3126,26018.141, 8.349,5656
 3127,26026.488, 8.347,5656
 3128,26035.342, 8.851,5656
 3129,26043.816, 8.478,5656
 3130,26052.641, 8.824,5656
 3131,26060.613, 7.970,5656
 3132,26069.559, 8.947,5656
 3133,26078.025, 8.466,5656
 3134,26086.553, 8.527,5656
 3135,26094.582, 8.029,5656
 3136,26102.953, 8.371,5656
 3137,26111.465, 8.512,5656
 3138,26120.477, 9.014,5656
 3139,26129.137, 8.659,5656
 3140,26137.971, 8.834,5656
 3141,26146.557, 8.585,5656
 3142,26154.934, 8.377,5656
 3143,26162.891, 7.958,5656
 3144,26171.809, 8.918,5656
 3145,26180.965, 9.156,5656
 3146,26191.773,10.809,5656
 3147,26200.742, 8.968,5656
 3148,26209.691, 8.949,5656
 3149,26218.365, 8.674,5656
 3150,26227.465, 9.099,5656
 3151,26236.789, 9.326,5656
 3152,26245.838, 9.047,5656
 3153,26254.365, 8.528,5656
 3154,26263.262, 8.896,5656
 3155,26271.846, 8.585,5656
 3156,26280.465, 8.619,5656
 3157,26289.289, 8.824,5656
 3158,26298.717, 9.427,5656
 3159,26307.084, 8.367,5656
 3160,26316.057, 8.975,5656
 3161,26325.805, 9.747,5656
 3162,26335.498, 9.692,5656
 3163,26344.449, 8.952,5656
 3164,26353.301, 8.852,5656
 3165,26362.246, 8.944,5656
 3166,26372.426,10.179,5656
 3167,26382.033, 9.608,5656
 3168,26391.143, 9.111,5656
 3169,26400.213, 9.071,5656
 3170,26409.209, 8.995,5656
 3171,26417.879, 8.670,5656
 3172,26426.887, 9.008,5656
 3173,26436.367, 9.480,5656
 3174,26446.004, 9.636,5656
 3175,26455.002, 8.998,5656
 3176,26463.926, 8.925,5656
 3177,26472.492, 8.565,5656
 3178,26481.477, 8.987,5656
 3179,26490.725, 9.248,5656
 3180,26500.018, 9.291,5656
 3181,26509.061, 9.043,5656
 3182,26518.152, 9.094,5656
 3183,26526.635, 8.481,5656
 3184,26535.301, 8.665,5656
 3185,26544.133, 8.832,5656
 3186,26552.945, 8.812,5656
 3187,26561.213, 8.269,5656
 3188,26569.449, 8.237,5656
 3189,26578.590, 9.138,5656
 3190,26588.859,10.271,5656
 3191,26597.480, 8.621,5656
 3192,26607.285, 9.804,5656
 3193,26616.381, 9.098,5656
 3194,26625.662, 9.279,5656
 3195,26635.137, 9.475,5656
 3196,26645.404,10.268,5656
 3197,26654.389, 8.985,5656
 3198,26663.213, 8.825,5656
 3199,26672.016, 8.801,5656
 3200,26680.836, 8.820,5656
 3201,26689.229, 8.395,5656
 3202,26698.305, 9.074,5656
 3203,26707.008, 8.703,5656
 3204,26715.994, 8.987,5656
 3205,26724.236, 8.242,5656
 3206,26733.813, 9.576,5656
 3207,26742.398, 8.587,5656
 3208,26751.545, 9.145,5656
 3209,26759.795, 8.251,5656
 3210,26768.270, 8.475,5656
 3211,26776.600, 8.329,5656
 3212,26785.068, 8.470,5656
 3213,26793.457, 8.389,5656
 3214,26801.762, 8.303,5656
 3215,26810.350, 8.588,5656
 3216,26819.068, 8.719,5656
 3217,26827.346, 8.276,5656
 3218,26835.920, 8.575,5656
 3219,26844.064, 8.145,5656
 3220,26853.033, 8.969,5656
 3221,26861.764, 8.730,5656
 3222,26871.057, 9.293,5656
 3223,26880.012, 8.955,5656
 3224,26888.354, 8.342,5656
 3225,26896.830, 8.476,5656
 3226,26905.396, 8.567,5656
 3227,26914.066, 8.671,5656
 3228,26922.621, 8.553,5656
 3229,26931.463, 8.843,5656
 3230,26940.262, 8.797,5656
 3231,26948.949, 8.689,5656
 3232,26958.232, 9.285,5656
 3233,26969.105,10.871,5656
 3234,26980.150,11.046,5656
 3235,26989.406, 9.255,5656
 3236,26997.980, 8.574,5656
 3237,27007.338, 9.358,5656
 3238,27017.605,10.266,5656
 3239,27026.271, 8.667,5656
 3240,27034.953, 8.683,5656
 3241,27044.596, 9.641,5656
 3242,27053.465, 8.869,5656
 3243,27062.885, 9.420,5656
 3244,27072.453, 9.570,5656
 3245,27081.469, 9.014,5656
 3246,27090.518, 9.049,5656
 3247,27099.182, 8.664,5656
 3248,27108.074, 8.893,5656
 3249,27116.521, 8.447,5656
 3250,27125.410, 8.888,5656
 3251,27134.797, 9.389,5656
 3252,27144.502, 9.704,5656
 3253,27153.537, 9.034,5656
 3254,27163.217, 9.680,5656
 3255,27172.578, 9.361,5656
 3256,27182.170, 9.593,5656
 3257,27191.426, 9.254,5656
 3258,27201.281, 9.858,5656
 3259,27210.650, 9.369,5656
 3260,27220.213, 9.563,5656
 3261,27229.465, 9.251,5656
 3262,27238.893, 9.427,5656
 3263,27248.125, 9.234,5656
 3264,27258.029, 9.902,5656
 3265,27266.980, 8.953,5656
 3266,27276.527, 9.546,5656
 3267,27286.166, 9.639,5656
 3268,27295.324, 9.157,5656
 3269,27304.287, 8.964,5656
 3270,27313.164, 8.876,5656
 3271,27322.373, 9.211,5656
 3272,27331.084, 8.709,5656
 3273,27339.666, 8.581,5656
 3274,27348.625, 8.961,5656
 3275,27357.184, 8.558,5656
 3276,27365.984, 8.801,5656
 3277,27376.490,10.504,5656
 3278,27386.678,10.188,5656
 3279,27396.684,10.007,5656
 3280,27405.639, 8.956,5656
 3281,27414.148, 8.511,5656
 3282,27423.424, 9.273,5656
 3283,27431.965, 8.541,5656
 3284,27440.961, 8.998,5656
 3285,27449.713, 8.752,5656
 3286,27458.703, 8.989,5656
 3287,27467.402, 8.700,5656
 3288,27476.369, 8.966,5656
 3289,27485.514, 9.145,5656
 3290,27495.484, 9.971,5656
 3291,27504.816, 9.331,5656
 3292,27514.008, 9.191,5656
 3293,27522.811, 8.804,5656
 3294,27531.541, 8.729,5656
 3295,27540.492, 8.951,5656
 3296,27549.582, 9.089,5656
 3297,27558.990, 9.408,5656
 3298,27568.021, 9.033,5656
 3299,27576.682, 8.660,5656
 3300,27585.430, 8.748,5656
 3301,27594.025, 8.595,5656
 3302,27603.303, 9.279,5656
 3303,27611.990, 8.687,5656
 3304,27621.387, 9.397,5656
 3305,27630.039, 8.652,5656
 3306,27638.900, 8.862,5656
 3307,27647.674, 8.772,5656
 3308,27656.174, 8.500,5656
 3309,27664.977, 8.804,5656
 3310,27673.396, 8.419,5656
 3311,27682.406, 9.009,5656
 3312,27691.666, 9.260,5656
 3313,27700.629, 8.963,5656
 3314,27710.453, 9.824,5656
 3315,27719.777, 9.325,5656
 3316,27729.406, 9.628,5656
 3317,27738.721, 9.317,5656
 3318,27748.535, 9.813,5656
 3319,27757.676, 9.140,5656
 3320,27768.090,10.414,5656
 3321,27778.568,10.479,5656
 3322,27788.969,10.401,5656
 3323,27798.102, 9.132,5656
 3324,27807.766, 9.663,5656
 3325,27819.258,11.492,5656
 3326,27829.412,10.155,5656
 3327,27838.777, 9.366,5656
 3328,27848.533, 9.756,5656
 3329,27858.521, 9.988,5656
 3330,27869.189,10.667,5656
 3331,27879.334,10.145,5656
 3332,27889.705,10.372,5656
 3333,27899.529, 9.825,5656
 3334,27908.582, 9.051,5656
 3335,27917.170, 8.589,5656
 3336,27926.695, 9.525,5656
 3337,27935.605, 8.909,5656
 3338,27945.055, 9.451,5656
 3339,27954.178, 9.121,5656
 3340,27963.100, 8.923,5656
 3341,27972.068, 8.969,5656
 3342,27981.262, 9.194,5656
 3343,27990.309, 9.046,5656
 3344,27999.266, 8.956,5656
 3345,28007.945, 8.682,5656
 3346,28017.023, 9.077,5656
 3347,28025.785, 8.762,5656
 3348,28035.516, 9.730,5656
 3349,28044.357, 8.841,5656
 3350,28053.113, 8.757,5656
 3351,28061.762, 8.648,5656
 3352,28070.510, 8.748,5656
 3353,28079.217, 8.709,5656
 3354,28088.629, 9.411,5656
 3355,28097.369, 8.741,5656
 3356,28105.869, 8.500,5656
 3357,28114.637, 8.766,5656
 3358,28123.861, 9.224,5656
 3359,28132.477, 8.617,5656
 3360,28142.406, 9.928,5656
 3361,28151.473, 9.068,5656
 3362,28161.502,10.029,5656
 3363,28172.219,10.717,5656
 3364,28181.605, 9.386,5656
 3365,28190.936, 9.330,5656
 3366,28200.434, 9.499,5656
 3367,28210.063, 9.629,5656
 3368,28219.406, 9.342,5656
 3369,28228.430, 9.023,5656
 3370,28237.613, 9.184,5656
 3371,28247.678,10.064,5656
 3372,28257.527, 9.851,5656
 3373,28266.697, 9.170,5656
 3374,28275.914, 9.217,5656
 3375,28285.078, 9.162,5656
 3376,28294.117, 9.042,5656
 3377,28303.090, 8.970,5656
 3378,28312.410, 9.320,5656
 3379,28321.789, 9.382,5656
 3380,28330.980, 9.190,5656
 3381,28340.197, 9.217,5656
 3382,28350.830,10.631,5656
 3383,28360.576, 9.747,5656
 3384,28370.242, 9.665,5656
 3385,28380.510,10.270,5656
 3386,28390.598,10.088,5656
 3387,28400.305, 9.708,5656
 3388,28410.125, 9.818,5656
 3389,28419.602, 9.476,5656
 3390,28429.561, 9.961,5656
 3391,28439.438, 9.877,5656
 3392,28449.662,10.224,5656
 3393,28459.633, 9.972,5656
 3394,28469.354, 9.719,5656
 3395,28478.758, 9.405,5656
 3396,28488.834,10.075,5656
 3397,28498.338, 9.503,5656
 3398,28508.193, 9.857,5656
 3399,28517.869, 9.676,5656
 3400,28527.785, 9.915,5656
 3401,28537.229, 9.445,5656
 3402,28546.768, 9.538,5656
 3403,28556.846,10.079,5656
 3404,28568.008,11.161,5656
 3405,28577.438, 9.431,5656
 3406,28586.953, 9.514,5656
 3407,28595.797, 8.845,5656
 3408,28605.158, 9.360,5656
 3409,28614.064, 8.908,5656
 3410,28623.299, 9.234,5656
 3411,28632.232, 8.933,5656
 3412,28641.799, 9.567,5656
 3413,28650.854, 9.054,5656
 3414,28660.541, 9.688,5656
 3415,28670.057, 9.515,5656
 3416,28679.873, 9.817,5656
 3417,28689.098, 9.225,5656
 3418,28698.393, 9.295,5656
 3419,28707.184, 8.790,5656
 3420,28716.510, 9.326,5656
 3421,28725.537, 9.029,5656
 3422,28735.330, 9.790,5656
 3423,28744.264, 8.935,5656
 3424,28753.406, 9.142,5656
 3425,28762.205, 8.800,5656
 3426,28771.313, 9.109,5656
 3427,28781.170, 9.855,5656
 3428,28792.334,11.165,5656
 3429,28801.539, 9.205,5656
 3430,28811.410, 9.871,5656
 3431,28820.285, 8.876,5656
 3432,28829.275, 8.989,5656
 3433,28838.295, 9.020,5656
 3434,28847.693, 9.399,5656
 3435,28856.412, 8.717,5656
 3436,28865.699, 9.288,5656
 3437,28874.938, 9.238,5656
 3438,28885.301,10.363,5656
 3439,28894.184, 8.883,5656
 3440,28904.270,10.085,5656
 3441,28913.744, 9.475,5656
 3442,28923.217, 9.475,5656
 3443,28932.805, 9.586,5656
 3444,28942.613, 9.808,5656
 3445,28953.313,10.700,5656
 3446,28964.471,11.159,5656
 3447,28973.721, 9.249,5656
 3448,28983.486, 9.766,5656
 3449,28993.582,10.096,5656
 3450,29003.473, 9.892,5656
 3451,29013.137, 9.662,5656
 3452,29022.941, 9.804,5656
 3453,29033.602,10.661,5656
 3454,29044.797,11.196,5656
 3455,29054.389, 9.591,5656
 3456,29064.064, 9.677,5656
 3457,29074.666,10.601,5656
 3458,29084.381, 9.715,5656
 3459,29095.018,10.637,5656
 3460,29105.393,10.376,5656
 3461,29115.195, 9.801,5656
 3462,29125.006, 9.810,5656
 3463,29135.373,10.368,5656
 3464,29146.621,11.247,5656
 3465,29156.955,10.335,5656
 3466,29167.563,10.608,5656
 3467,29177.717,10.155,5656
 3468,29187.785,10.066,5656
 3469,29197.975,10.191,5656
 3470,29208.758,10.783,5656
 3471,29218.809,10.052,5656
 3472,29229.678,10.866,5656
 3473,29239.674, 9.998,5656
 3474,29250.438,10.762,5656
 3475,29261.189,10.754,5656
 3476,29271.697,10.506,5656
 3477,29282.416,10.719,5656
 3478,29292.629,10.215,5656
 3479,29302.242, 9.610,5656
 3480,29312.678,10.436,5656
 3481,29322.480, 9.805,5656
 3482,29331.869, 9.388,5656
 3483,29341.154, 9.285,5656
 3484,29351.674,10.519,5656
 3485,29362.621,10.949,5656
 3486,29372.906,10.284,5656
 3487,29382.801, 9.895,5656
 3488,29392.697, 9.896,5656
 3489,29402.846,10.148,5656
 3490,29413.279,10.434,5656
 3491,29423.490,10.211,5656
 3492,29433.506,10.014,5656
 3493,29443.205, 9.702,5656
 3494,29453.301,10.095,5656
 3495,29462.605, 9.305,5656
 3496,29472.416, 9.809,5656
 3497,29481.914, 9.499,5656
 3498,29491.715, 9.801,5656
 3499,29501.074, 9.359,5656
 3500,29510.334, 9.259,5656
 3501,29520.154, 9.820,5656
 3502,29530.705,10.553,5656
 3503,29540.254, 9.547,5656
 3504,29549.625, 9.372,5656
 3505,29559.242, 9.617,5656
 3506,29568.877, 9.635,5656
 3507,29578.354, 9.476,5656
 3508,29587.994, 9.641,5656
 3509,29597.396, 9.402,5656
 3510,29607.027, 9.631,5656
 3511,29616.582, 9.553,5656
 3512,29627.098,10.518,5656
 3513,29636.637, 9.539,5656
 3514,29646.512, 9.874,5656
 3515,29656.354, 9.842,5656
 3516,29665.998, 9.643,5656
 3517,29675.328, 9.331,5656
 3518,29684.949, 9.622,5656
 3519,29694.986,10.035,5656
 3520,29704.678, 9.694,5656
 3521,29714.990,10.312,5656
 3522,29725.322,10.332,5656
 3523,29735.658,10.335,5656
 3524,29746.598,10.939,5656
 3525,29759.131,12.535,5656
 3526,29770.494,11.362,5656
 3527,29780.938,10.444,5656
 3528,29792.098,11.160,5656
 3529,29803.006,10.907,5656
 3530,29813.980,10.978,5656
 3531,29824.578,10.595,5656
 3532,29835.182,10.605,5656
 3533,29846.514,11.330,5656
 3534,29857.158,10.644,5656
 3535,29867.666,10.509,5656
 3536,29878.777,11.113,5656
 3537,29890.057,11.279,5656
 3538,29900.250,10.193,5656
 3539,29910.494,10.242,5656
 3540,29921.154,10.661,5656
 3541,29931.111, 9.958,5656
 3542,29941.217,10.106,5656
 3543,29951.746,10.529,5656
 3544,29961.793,10.047,5656
 3545,29971.922,10.128,5656
 3546,29981.508, 9.586,5656
 3547,29991.223, 9.716,5656
 3548,30001.041, 9.819,5656
 3549,30010.439, 9.397,5656
 3550,30020.693,10.254,5656
 3551,30031.541,10.849,5656
 3552,30041.205, 9.662,5656
 3553,30050.984, 9.779,5656
 3554,30061.994,11.009,5656
 3555,30072.289,10.297,5656
 3556,30082.223, 9.934,5656
 3557,30092.053, 9.831,5656
 3558,30101.709, 9.655,5656
 3559,30111.658, 9.947,5656
 3560,30121.557, 9.901,5656
 3561,30131.201, 9.643,5656
 3562,30141.158, 9.958,5656
 3563,30152.428,11.269,5656
 3564,30163.629,11.201,5656
 3565,30173.678,10.050,5656
 3566,30184.078,10.400,5656
 3567,30194.125,10.048,5656
 3568,30204.666,10.538,5656
 3569,30214.609, 9.944,5656
 3570,30224.986,10.377,5656
 3571,30235.262,10.276,5656
 3572,30245.869,10.607,5656
 3573,30255.953,10.086,5656
 3574,30267.217,11.264,5656
 3575,30277.844,10.625,5656
 3576,30288.254,10.410,5656
 3577,30298.154, 9.899,5656
 3578,30308.125, 9.974,5656
 3579,30319.066,10.938,5656
 3580,30329.809,10.745,5656
 3581,30340.402,10.593,5656
 3582,30350.896,10.495,5656
 3583,30360.906,10.008,5656
 3584,30371.510,10.605,5656
 3585,30383.102,11.592,5656
 3586,30394.090,10.986,5656
 3587,30404.861,10.772,5656
 3588,30415.666,10.805,5656
 3589,30425.795,10.130,5656
 3590,30436.916,11.120,5656
 3591,30447.061,10.147,5656
 3592,30458.258,11.195,5656
 3593,30468.637,10.381,5656
 3594,30479.008,10.369,5656
 3595,30489.926,10.917,5656
 3596,30501.014,11.090,5656
 3597,30511.242,10.227,5656
 3598,30521.928,10.686,5656
 3599,30532.389,10.462,5656
 3600,30545.158,12.767,5656
 3601,30556.309,11.152,5656
 3602,30567.285,10.977,5656
 3603,30577.734,10.449,5656
 3604,30588.701,10.968,5656
 3605,30599.330,10.628,5656
 3606,30609.725,10.395,5656
 3607,30619.850,10.123,5656
 3608,30630.297,10.449,5656
 3609,30640.414,10.117,5656
 3610,30650.668,10.253,5656
 3611,30660.766,10.098,5656
 3612,30672.037,11.272,5656
 3613,30682.572,10.534,5656
 3614,30692.721,10.151,5656
 3615,30703.113,10.391,5656
 3616,30713.668,10.554,5656
 3617,30723.705,10.038,5656
 3618,30734.105,10.400,5656
 3619,30743.832, 9.726,5656
 3620,30753.945,10.113,5656
 3621,30763.721, 9.778,5656
 3622,30773.641, 9.920,5656
 3623,30783.184, 9.541,5656
 3624,30793.406,10.223,5656
 3625,30804.797,11.391,5656
 3626,30814.982,10.185,5656
 3627,30824.709, 9.728,5656
 3628,30834.762,10.052,5656
 3629,30844.645, 9.883,5656
 3630,30854.566, 9.920,5656
 3631,30864.344, 9.778,5656
 3632,30874.482,10.139,5656
 3633,30885.330,10.848,5656
 3634,30895.287, 9.957,5656
 3635,30905.754,10.466,5656
 3636,30916.178,10.425,5656
 3637,30926.279,10.101,5656
 3638,30937.545,11.267,5656
 3639,30949.025,11.478,5656
 3640,30959.629,10.604,5656
 3641,30970.158,10.530,5656
 3642,30981.021,10.863,5656
 3643,30991.986,10.963,5656
 3644,31002.418,10.433,5656
 3645,31013.549,11.132,5656
 3646,31024.525,10.975,5656
 3647,31034.879,10.355,5656
 3648,31046.232,11.352,5656
 3649,31058.049,11.818,5656
 3650,31070.281,12.233,5656
 3651,31080.734,10.450,5656
 3652,31091.797,11.065,5656
 3653,31102.582,10.784,5656
 3654,31113.617,11.037,5656
 3655,31125.289,11.671,5656
 3656,31136.113,10.824,5656
 3657,31147.002,10.887,5656
 3658,31158.525,11.525,5656
 3659,31169.309,10.785,5656
 3660,31180.758,11.446,5656
 3661,31191.486,10.729,5656
 3662,31202.336,10.850,5656
 3663,31213.041,10.707,5656
 3664,31224.373,11.332,5656
 3665,31235.426,11.052,5656
 3666,31246.527,11.101,5656
 3667,31257.551,11.024,5656
 3668,31268.658,11.106,5656
 3669,31280.066,11.408,5656
 3670,31291.426,11.361,5656
 3671,31302.002,10.574,5656
 3672,31312.334,10.333,5656
 3673,31322.982,10.647,5656
 3674,31334.604,11.623,5656
 3675,31346.832,12.228,5656
 3676,31357.900,11.068,5656
 3677,31368.271,10.372,5656
 3678,31379.457,11.187,5656
 3679,31390.469,11.012,5656
 3680,31401.082,10.611,5656
 3681,31411.510,10.429,5656
 3682,31422.316,10.805,5656
 3683,31432.613,10.299,5656
 3684,31443.814,11.200,5656
 3685,31454.383,10.569,5656
 3686,31465.244,10.860,5656
 3687,31475.555,10.312,5656
 3688,31486.049,10.494,5656
 3689,31496.270,10.219,5656
 3690,31506.344,10.075,5656
 3691,31516.609,10.265,5656
 3692,31527.393,10.786,5656
 3693,31537.596,10.201,5656
 3694,31548.428,10.832,5656
 3695,31559.012,10.584,5656
 3696,31570.021,11.009,5656
 3697,31580.338,10.316,5656
 3698,31591.045,10.710,5656
 3699,31601.125,10.079,5656
 3700,31611.889,10.765,5656
 3701,31622.074,10.182,5656
 3702,31633.176,11.103,5656
 3703,31643.434,10.259,5656
 3704,31654.725,11.291,5656
 3705,31665.213,10.488,5656
 3706,31675.986,10.773,5656
 3707,31686.375,10.389,5656
 3708,31697.473,11.097,5656
 3709,31708.426,10.953,5656
 3710,31719.266,10.841,5656
 3711,31730.814,11.548,5656
 3712,31743.750,12.934,5656
 3713,31754.990,11.241,5656
 3714,31766.133,11.144,5656
 3715,31777.123,10.990,5656
 3716,31788.441,11.317,5656
 3717,31800.414,11.973,5656
 3718,31811.652,11.238,5656
 3719,31823.021,11.371,5656
 3720,31833.590,10.568,5656
 3721,31844.066,10.474,5656
 3722,31855.141,11.077,5656
 3723,31865.902,10.760,5656
 3724,31878.021,12.120,5656
 3725,31890.281,12.260,5656
 3726,31901.434,11.153,5656
 3727,31912.484,11.049,5656
 3728,31924.721,12.237,5656
 3729,31936.598,11.877,5656
 3730,31949.330,12.731,5656
 3731,31962.182,12.852,5656
 3732,31973.453,11.274,5656
 3733,31985.043,11.589,5656
 3734,31996.789,11.745,5656
 3735,32008.371,11.583,5656
 3736,32019.881,11.511,5656
 3737,32032.006,12.124,5656
 3738,32043.898,11.892,5656
 3739,32055.832,11.933,5656
 3740,32067.381,11.551,5656
 3741,32078.279,10.897,5656
 3742,32089.490,11.209,5656
 3743,32100.533,11.045,5656
 3744,32111.102,10.568,5656
 3745,32122.082,10.979,5656
 3746,32133.010,10.929,5656
 3747,32145.873,12.863,5656
 3748,32157.594,11.720,5656
 3749,32169.197,11.606,5656
 3750,32179.850,10.651,5656
 3751,32191.408,11.558,5656
 3752,32202.574,11.167,5656
 3753,32212.904,10.329,5656
 3754,32223.869,10.965,5656
 3755,32234.691,10.823,5656
 3756,32245.777,11.087,5656
 3757,32256.822,11.042,5656
 3758,32267.738,10.916,5656
 3759,32278.820,11.083,5656
 3760,32290.213,11.394,5656
 3761,32301.639,11.426,5656
 3762,32312.602,10.961,5656
 3763,32323.205,10.606,5656
 3764,32334.000,10.793,5656
 3765,32344.572,10.572,5656
 3766,32355.563,10.991,5656
 3767,32365.877,10.315,5656
 3768,32377.154,11.277,5656
 3769,32388.318,11.163,5656
 3770,32399.432,11.114,5656
 3771,32411.240,11.808,5656
 3772,32423.338,12.097,5656
 3773,32433.945,10.609,5656
 3774,32445.277,11.331,5656
 3775,32456.422,11.146,5656
 3776,32467.898,11.475,5656
 3777,32479.164,11.266,5656
 3778,32490.768,11.604,5656
 3779,32501.963,11.196,5656
 3780,32513.781,11.819,5656
 3781,32524.887,11.105,5656
 3782,32537.197,12.311,5656
 3783,32550.678,13.478,5656
 3784,32562.641,11.965,5656
 3785,32574.668,12.026,5656
 3786,32586.500,11.832,5656
 3787,32598.020,11.520,5656
 3788,32610.865,12.847,5656
 3789,32623.617,12.752,5656
 3790,32635.969,12.352,5656
 3791,32647.754,11.784,5656
 3792,32659.547,11.793,5656
 3793,32671.873,12.326,5656
 3794,32683.555,11.682,5656
 3795,32695.424,11.868,5656
 3796,32706.232,10.808,5656
 3797,32717.666,11.433,5656
 3798,32729.063,11.396,5656
 3799,32739.842,10.780,5656
 3800,32750.854,11.012,5656
 3801,32761.689,10.837,5656
 3802,32773.316,11.626,5656
 3803,32784.246,10.931,5656
 3804,32795.070,10.824,5656
 3805,32806.074,11.004,5656
 3806,32817.789,11.713,5656
 3807,32829.145,11.357,5656
 3808,32840.609,11.466,5656
 3809,32851.195,10.584,5656
 3810,32862.176,10.982,5656
 3811,32873.543,11.365,5656
 3812,32884.863,11.319,5656
 3813,32895.930,11.070,5656
 3814,32906.961,11.031,5656
 3815,32917.523,10.560,5656
 3816,32928.750,11.228,5656
 3817,32941.895,13.144,5656
 3818,32954.160,12.267,5656
 3819,32965.578,11.416,5656
 3820,32977.422,11.844,5656
 3821,32988.859,11.438,5656
 3822,33000.344,11.488,5656
 3823,33011.773,11.428,5656
 3824,33023.121,11.346,5656
 3825,33034.359,11.237,5656
 3826,33046.531,12.171,5656
 3827,33058.086,11.557,5656
 3828,33070.172,12.087,5656
 3829,33083.133,12.960,5656
 3830,33094.801,11.670,5656
 3831,33106.219,11.415,5656
 3832,33117.750,11.532,5656
 3833,33129.395,11.644,5656
 3834,33141.813,12.421,5656
 3835,33153.867,12.051,5656
 3836,33166.844,12.979,5656
 3837,33178.855,12.010,5656
 3838,33190.891,12.037,5656
 3839,33202.891,11.999,5656
 3840,33215.371,12.480,5656
 3841,33227.387,12.015,5656
 3842,33239.793,12.409,5656
 3843,33251.473,11.679,5656
 3844,33263.719,12.243,5656
 3845,33276.027,12.309,5656
 3846,33288.637,12.611,5656
 3847,33300.715,12.078,5656
 3848,33314.008,13.294,5656
 3849,33325.355,11.347,5656
 3850,33338.645,13.289,5656
 3851,33350.430,11.787,5656
 3852,33362.457,12.025,5656
 3853,33374.953,12.497,5656
 3854,33387.273,12.321,5656
 3855,33399.496,12.223,5656
 3856,33412.609,13.111,5656
 3857,33424.055,11.445,5656
 3858,33435.707,11.651,5656
 3859,33447.883,12.179,5656
 3860,33459.066,11.182,5656
 3861,33471.086,12.019,5656
 3862,33483.055,11.969,5656
 3863,33493.977,10.924,5656
 3864,33505.320,11.345,5656
 3865,33516.137,10.814,5656
 3866,33527.742,11.604,5656
 3867,33539.148,11.409,5656
 3868,33550.582,11.431,5656
 3869,33563.641,13.059,5656
 3870,33576.129,12.488,5656
 3871,33587.855,11.725,5656
 3872,33599.125,11.274,5656
 3873,33610.512,11.387,5656
 3874,33622.207,11.691,5656
 3875,33633.387,11.180,5656
 3876,33644.605,11.221,5656
 3877,33655.531,10.924,5656
 3878,33666.410,10.881,5656
 3879,33677.449,11.041,5656
 3880,33690.816,13.366,5656
 3881,33701.844,11.028,5656
 3882,33713.160,11.314,5656
 3883,33725.160,12.000,5656
 3884,33739.074,13.914,5656
 3885,33750.613,11.541,5656
 3886,33761.707,11.091,5656
 3887,33773.043,11.336,5656
 3888,33785.480,12.438,5656
 3889,33798.066,12.584,5656
 3890,33810.449,12.388,5656
 3891,33822.055,11.603,5656
 3892,33834.547,12.490,5656
 3893,33845.770,11.225,5656
 3894,33857.426,11.654,5656
 3895,33868.977,11.553,5656
 3896,33880.457,11.480,5656
 3897,33893.242,12.786,5656
 3898,33905.891,12.646,5656
 3899,33917.922,12.032,5656
 3900,33929.535,11.612,5656
 3901,33941.387,11.852,5656
 3902,33953.375,11.988,5656
 3903,33965.176,11.807,5656
 3904,33976.805,11.625,5656
 3905,33988.859,12.055,5656
 3906,34000.973,12.113,5656
 3907,34013.574,12.600,5656
 3908,34026.504,12.932,5656
 3909,34039.340,12.838,5656
 3910,34052.820,13.480,5656
 3911,34065.809,12.987,5656
 3912,34077.875,12.064,5656
 3913,34089.984,12.110,5656
 3914,34101.484,11.502,5656
 3915,34112.422,10.935,5656
 3916,34124.625,12.204,5656
 3917,34138.000,13.379,5656
 3918,34150.355,12.351,5656
 3919,34162.520,12.164,5656
 3920,34174.098,11.577,5656
 3921,34185.457,11.361,5656
 3922,34197.273,11.817,5656
 3923,34208.547,11.274,5656
 3924,34220.586,12.037,5656
 3925,34232.898,12.312,5656
 3926,34244.965,12.068,5656
 3927,34256.512,11.551,5656
 3928,34268.094,11.577,5656
 3929,34279.801,11.711,5656
 3930,34291.648,11.846,5656
 3931,34302.660,11.013,5656
 3932,34313.727,11.062,5656
 3933,34326.035,12.310,5656
 3934,34338.441,12.407,5656
 3935,34349.133,10.691,5656
 3936,34360.965,11.832,5656
 3937,34371.895,10.929,5656
 3938,34383.578,11.682,5656
 3939,34395.277,11.703,5656
 3940,34406.586,11.309,5656
 3941,34417.906,11.316,5656
 3942,34429.105,11.200,5656
 3943,34440.723,11.618,5656
 3944,34451.930,11.209,5656
 3945,34462.867,10.937,5656
 3946,34473.594,10.727,5656
 3947,34484.789,11.194,5656
 3948,34496.656,11.871,5656
 3949,34509.051,12.391,5656
 3950,34520.957,11.908,5656
 3951,34533.438,12.479,5656
 3952,34547.715,14.278,5656
 3953,34559.203,11.485,5656
 3954,34571.137,11.939,5656
 3955,34582.422,11.281,5656
 3956,34593.836,11.418,5656
 3957,34605.793,11.953,5656
 3958,34617.586,11.794,5656
 3959,34628.621,11.037,5656
 3960,34640.148,11.526,5656
 3961,34651.313,11.165,5656
 3962,34663.934,12.619,5656
 3963,34675.297,11.367,5656
 3964,34686.832,11.535,5656
 3965,34698.313,11.481,5656
 3966,34710.770,12.452,5656
 3967,34723.043,12.272,5656
 3968,34735.242,12.202,5656
 3969,34747.422,12.180,5656
 3970,34760.297,12.878,5656
 3971,34772.824,12.525,5656
 3972,34785.473,12.647,5656
 3973,34797.801,12.329,5656
 3974,34809.891,12.091,5656
 3975,34821.828,11.937,5656
 3976,34833.746,11.918,5656
 3977,34845.168,11.422,5656
 3978,34857.258,12.087,5656
 3979,34869.098,11.844,5656
 3980,34880.566,11.466,5656
 3981,34891.938,11.370,5656
 3982,34903.402,11.468,5656
 3983,34914.266,10.860,5656
 3984,34925.340,11.079,5656
 3985,34937.254,11.912,5656
 3986,34949.938,12.684,5656
 3987,34962.137,12.199,5656
 3988,34974.383,12.243,5656
 3989,34985.648,11.270,5656
 3990,34997.527,11.876,5656
 3991,35008.637,11.111,5656
 3992,35020.090,11.454,5656
 3993,35031.586,11.496,5656
 3994,35044.250,12.663,5656
 3995,35055.730,11.477,5656
 3996,35067.559,11.831,5656
 3997,35079.676,12.118,5656
 3998,35091.953,12.277,5656
 3999,35104.793,12.838,5656
 4000,35116.152,11.362,5656
 4001,35126.898,10.745,5656
 4002,35138.555,11.655,5656
 4003,35149.578,11.024,5656
 4004,35161.664,12.086,5656
 4005,35173.363,11.698,5656
 4006,35185.410,12.046,5656
 4007,35196.520,11.109,5656
 4008,35207.859,11.343,5656
 4009,35219.066,11.204,5656
 4010,35230.711,11.645,5656
 4011,35241.719,11.008,5656
 4012,35253.289,11.575,5656
 4013,35264.754,11.460,5656
 4014,35276.930,12.176,5656
 4015,35289.035,12.106,5656
 4016,35301.449,12.417,5656
 4017,35313.301,11.850,5656
 4018,35325.953,12.655,5656
 4019,35340.344,14.390,5656
 4020,35353.055,12.709,5656
 4021,35365.043,11.988,5656
 4022,35377.598,12.554,5656
 4023,35390.043,12.444,5656
 4024,35403.762,13.720,5656
 4025,35416.402,12.639,5656
 4026,35428.715,12.314,5656
 4027,35441.457,12.744,5656
 4028,35454.844,13.389,5656
 4029,35468.000,13.153,5656
 4030,35481.965,13.967,5656
 4031,35493.984,12.018,5656
 4032,35505.313,11.330,5656
 4033,35516.930,11.614,5656
 4034,35528.723,11.791,5656
 4035,35539.883,11.162,5656
 4036,35551.727,11.845,5656
 4037,35562.707,10.981,5656
 4038,35574.461,11.755,5656
 4039,35585.074,10.613,5656
 4040,35596.457,11.382,5656
 4041,35607.715,11.258,5656
 4042,35619.727,12.010,5656
 4043,35630.898,11.173,5656
 4044,35642.305,11.406,5656
 4045,35653.480,11.178,5656
 4046,35665.008,11.527,5656
 4047,35676.285,11.275,5656
 4048,35687.957,11.672,5656
 4049,35699.250,11.292,5656
 4050,35710.863,11.612,5656
 4051,35723.426,12.565,5656
 4052,35736.738,13.312,5656
 4053,35749.305,12.568,5656
 4054,35760.945,11.638,5656
 4055,35772.625,11.682,5656
 4056,35784.211,11.583,5656
 4057,35795.883,11.673,5656
 4058,35808.191,12.309,5656
 4059,35819.961,11.773,5656
 4060,35834.730,14.768,5656
 4061,35846.273,11.542,5656
 4062,35858.332,12.060,5656
 4063,35871.105,12.772,5656
 4064,35883.113,12.010,5656
 4065,35894.730,11.614,5656
 4066,35907.020,12.287,5656
 4067,35919.234,12.216,5656
 4068,35931.430,12.197,5656
 4069,35944.461,13.033,5656
 4070,35955.715,11.251,5656
 4071,35967.969,12.258,5656
 4072,35979.852,11.878,5656
 4073,35991.371,11.519,5656
 4074,36003.508,12.142,5656
 4075,36015.379,11.868,5656
 4076,36027.809,12.430,5656
 4077,36040.527,12.716,5656
 4078,36052.910,12.384,5656
 4079,36065.273,12.366,5656
 4080,36077.824,12.550,5656
 4081,36090.238,12.414,5656
 4082,36103.051,12.810,5656
 4083,36115.449,12.400,5656
 4084,36129.117,13.670,5656
 4085,36142.137,13.017,5656
 4086,36154.711,12.575,5656
 4087,36166.316,11.608,5656
 4088,36178.355,12.033,5656
 4089,36190.957,12.607,5656
 4090,36202.922,11.964,5656
 4091,36214.797,11.876,5656
 4092,36226.516,11.716,5656
 4093,36238.340,11.827,5656
 4094,36249.930,11.586,5656
 4095,36262.395,12.467,5656
 4096,36274.070,11.675,5656
 4097,36285.766,11.697,5656
 4098,36297.348,11.581,5656
 4099,36309.355,12.005,5656
 4100,36321.195,11.841,5656
 4101,36332.563,11.369,5656
 4102,36344.359,11.796,5656
 4103,36356.090,11.732,5656
 4104,36368.648,12.560,5656
 4105,36379.891,11.238,5656
 4106,36392.441,12.554,5656
 4107,36404.184,11.740,5656
 4108,36416.000,11.821,5656
 4109,36427.977,11.973,5656
 4110,36440.207,12.229,5656
 4111,36451.867,11.662,5656
 4112,36463.684,11.812,5656
 4113,36475.242,11.563,5656
 4114,36487.328,12.085,5656
 4115,36498.504,11.176,5656
 4116,36510.027,11.524,5656
 4117,36524.707,14.680,5656
 4118,36536.949,12.242,5656
 4119,36547.570,10.622,5656
 4120,36559.379,11.806,5656
 4121,36572.934,13.557,5656
 4122,36585.453,12.519,5656
 4123,36597.027,11.571,5656
 4124,36609.066,12.042,5656
 4125,36620.941,11.876,5656
 4126,36633.098,12.154,5656
 4127,36644.219,11.123,5656
 4128,36658.094,13.875,5656
 4129,36670.352,12.256,5656
 4130,36685.289,14.937,5656
 4131,36697.133,11.847,5656
 4132,36709.738,12.601,5656
 4133,36721.219,11.483,5656
 4134,36734.219,13.000,5656
 4135,36746.340,12.124,5656
 4136,36758.828,12.487,5656
 4137,36770.777,11.949,5656
 4138,36784.031,13.250,5656
 4139,36797.402,13.374,5656
 4140,36809.598,12.195,5656
 4141,36822.539,12.938,5656
 4142,36834.941,12.407,5656
 4143,36846.945,12.004,5656
 4144,36860.230,13.284,5656
 4145,36872.945,12.713,5656
 4146,36886.902,13.957,5656
 4147,36899.699,12.799,5656
 4148,36911.828,12.129,5656
 4149,36925.406,13.576,5656
 4150,36937.418,12.015,5656
 4151,36949.430,12.011,5656
 4152,36962.102,12.672,5656
 4153,36974.031,11.926,5656
 4154,36986.000,11.974,5656
 4155,36998.953,12.953,5656
 4156,37011.430,12.475,5656
 4157,37024.195,12.761,5656
 4158,37036.563,12.372,5656
 4159,37048.797,12.233,5656
 4160,37060.523,11.724,5656
 4161,37072.613,12.093,5656
 4162,37084.715,12.101,5656
 4163,37096.027,11.311,5656
 4164,37109.734,13.707,5656
 4165,37123.359,13.625,5656
 4166,37134.859,11.498,5656
 4167,37146.938,12.084,5656
 4168,37159.113,12.176,5656
 4169,37171.020,11.903,5656
 4170,37182.742,11.724,5656
 4171,37194.355,11.612,5656
 4172,37206.875,12.517,5656
 4173,37219.473,12.602,5656
 4174,37231.590,12.115,5656
 4175,37243.609,12.021,5656
 4176,37254.848,11.235,5656
 4177,37266.555,11.707,5656
 4178,37278.754,12.200,5656
 4179,37290.301,11.549,5656
 4180,37302.816,12.517,5656
 4181,37317.082,14.265,5656
 4182,37331.520,14.435,5656
 4183,37343.953,12.436,5656
 4184,37357.105,13.151,5656
 4185,37370.004,12.900,5656
 4186,37382.566,12.561,5656
 4187,37395.301,12.737,5656
 4188,37407.824,12.524,5656
 4189,37420.527,12.699,5656
 4190,37433.074,12.548,5656
 4191,37445.230,12.156,5656
 4192,37457.715,12.486,5656
 4193,37470.102,12.385,5656
 4194,37482.582,12.481,5656
 4195,37495.051,12.466,5656
 4196,37508.313,13.267,5656
 4197,37521.672,13.360,5656
 4198,37535.039,13.362,5656
 4199,37548.148,13.113,5656
 4200,37561.430,13.279,5656
 4201,37574.434,13.003,5656
 4202,37587.195,12.763,5656
 4203,37602.184,14.987,5656
 4204,37615.406,13.223,5656
 4205,37628.336,12.932,5656
 4206,37642.547,14.209,5656
 4207,37655.762,13.218,5656
 4208,37669.121,13.357,5656
 4209,37680.930,11.807,5656
 4210,37692.840,11.913,5656
 4211,37705.473,12.634,5656
 4212,37718.328,12.854,5656
 4213,37731.926,13.597,5656
 4214,37744.285,12.361,5656
 4215,37755.906,11.618,5656
 4216,37768.512,12.606,5656
 4217,37780.582,12.070,5656
 4218,37793.012,12.429,5656
 4219,37805.348,12.334,5656
 4220,37816.906,11.564,5656
 4221,37829.020,12.108,5656
 4222,37841.770,12.752,5656
 4223,37853.895,12.125,5656
 4224,37866.199,12.304,5656
 4225,37878.320,12.125,5656
 4226,37889.867,11.544,5656
 4227,37902.000,12.134,5656
 4228,37913.387,11.386,5656
 4229,37924.602,11.216,5656
 4230,37936.301,11.701,5656
 4231,37948.215,11.910,5656
 4232,37961.379,13.163,5656
 4233,37972.773,11.398,5656
 4234,37984.766,11.991,5656
 4235,37996.563,11.796,5656
 4236,38009.441,12.882,5656
 4237,38021.512,12.067,5656
 4238,38033.547,12.035,5656
 4239,38045.559,12.012,5656
 4240,38057.875,12.318,5656
 4241,38070.566,12.692,5656
 4242,38083.098,12.529,5656
 4243,38095.563,12.468,5656
 4244,38107.730,12.167,5656
 4245,38120.875,13.145,5656
 4246,38136.004,15.130,5656
 4247,38148.789,12.784,5656
 4248,38162.152,13.362,5656
 4249,38175.715,13.562,5656
 4250,38189.457,13.745,5656
 4251,38202.594,13.135,5656
 4252,38215.578,12.982,5656
 4253,38228.336,12.762,5656
 4254,38240.859,12.520,5656
 4255,38253.926,13.069,5656
 4256,38267.629,13.703,5656
 4257,38281.098,13.466,5656
 4258,38294.652,13.559,5656
 4259,38306.332,11.680,5656
 4260,38318.844,12.506,5656
 4261,38330.848,12.005,5656
 4262,38343.289,12.445,5656
 4263,38355.441,12.149,5656
 4264,38366.953,11.514,5656
 4265,38379.324,12.372,5656
 4266,38392.168,12.843,5656
 4267,38404.035,11.863,5656
 4268,38416.625,12.595,5656
 4269,38428.500,11.875,5656
 4270,38441.105,12.602,5656
 4271,38453.254,12.150,5656
 4272,38464.910,11.657,5656
 4273,38476.887,11.976,5656
 4274,38489.313,12.425,5656
 4275,38501.922,12.612,5656
 4276,38514.082,12.157,5656
 4277,38527.027,12.946,5656
 4278,38541.945,14.917,5656
 4279,38553.895,11.949,5656
 4280,38566.707,12.814,5656
 4281,38578.930,12.224,5656
 4282,38590.938,12.005,5656
 4283,38603.242,12.307,5656
 4284,38615.273,12.033,5656
 4285,38626.719,11.441,5656
 4286,38638.336,11.623,5656
 4287,38649.656,11.320,5656
 4288,38660.957,11.298,5656
 4289,38672.914,11.956,5656
 4290,38684.891,11.977,5656
 4291,38696.461,11.570,5656
 4292,38708.754,12.292,5656
 4293,38720.480,11.728,5656
 4294,38732.375,11.893,5656
 4295,38744.480,12.110,5656
 4296,38756.043,11.559,5656
 4297,38768.313,12.272,5656
 4298,38780.496,12.182,5656
 4299,38793.953,13.459,5656
 4300,38806.898,12.940,5656
 4301,38820.480,13.584,5656
 4302,38833.824,13.344,5656
 4303,38846.578,12.752,5656
 4304,38859.129,12.552,5656
 4305,38871.277,12.150,5656
 4306,38885.004,13.727,5656
 4307,38897.645,12.640,5656
 4308,38912.410,14.764,5656
 4309,38928.176,15.766,5656
 4310,38939.914,11.737,5656
 4311,38951.168,11.256,5656
 4312,38962.906,11.738,5656
 4313,38975.219,12.311,5656
 4314,38987.328,12.115,5656
 4315,38999.105,11.776,5656
 4316,39011.203,12.096,5656
 4317,39023.129,11.926,5656
 4318,39036.789,13.659,5656
 4319,39048.148,11.360,5656
 4320,39059.867,11.717,5656
 4321,39070.922,11.054,5656
 4322,39082.637,11.718,5656
 4323,39094.406,11.768,5656
 4324,39106.148,11.743,5656
 4325,39118.336,12.187,5656
 4326,39130.469,12.133,5656
 4327,39143.898,13.428,5656
 4328,39155.859,11.962,5656
 4329,39167.273,11.416,5656
 4330,39179.578,12.304,5656
 4331,39191.578,12.000,5656
 4332,39203.930,12.349,5656
 4333,39215.180,11.251,5656
 4334,39226.809,11.631,5656
 4335,39238.695,11.885,5656
 4336,39250.488,11.795,5656
 4337,39262.145,11.656,5656
 4338,39274.121,11.976,5656
 4339,39285.762,11.639,5656
 4340,39297.352,11.589,5656
 4341,39310.074,12.722,5656
 4342,39323.066,12.995,5656
 4343,39336.098,13.029,5656
 4344,39348.969,12.873,5656
 4345,39361.383,12.413,5656
 4346,39374.820,13.441,5656
 4347,39385.984,11.163,5656
 4348,39398.000,12.014,5656
 4349,39410.148,12.150,5656
 4350,39421.770,11.621,5656
 4351,39433.863,12.090,5656
 4352,39446.211,12.351,5656
 4353,39459.145,12.934,5656
 4354,39470.914,11.767,5656
 4355,39483.938,13.026,5656
 4356,39496.434,12.494,5656
 4357,39508.258,11.825,5656
 4358,39521.707,13.448,5656
 4359,39534.320,12.617,5656
 4360,39546.688,12.363,5656
 4361,39559.285,12.600,5656
 4362,39572.906,13.620,5656
 4363,39585.324,12.419,5656
 4364,39597.328,12.005,5656
 4365,39609.266,11.937,5656
 4366,39620.914,11.647,5656
 4367,39632.875,11.959,5656
 4368,39645.555,12.683,5656
 4369,39657.953,12.399,5656
 4370,39671.625,13.673,5656
 4371,39684.078,12.451,5656
 4372,39696.098,12.020,5656
 4373,39709.328,13.230,5656
 4374,39722.418,13.087,5656
 4375,39734.891,12.475,5656
 4376,39746.883,11.992,5656
 4377,39758.555,11.673,5656
 4378,39769.934,11.378,5656
 4379,39782.664,12.731,5656
 4380,39794.484,11.821,5656
 4381,39806.801,12.317,5656
 4382,39819.523,12.719,5656
 4383,39831.484,11.965,5656
 4384,39843.180,11.692,5656
 4385,39855.348,12.166,5656
 4386,39867.023,11.676,5656
 4387,39878.570,11.551,5656
 4388,39891.012,12.437,5656
 4389,39903.242,12.235,5656
 4390,39915.945,12.703,5656
 4391,39927.805,11.860,5656
 4392,39939.406,11.598,5656
 4393,39951.152,11.747,5656
 4394,39963.051,11.897,5656
 4395,39974.207,11.156,5656
 4396,39985.309,11.105,5656
 4397,39997.094,11.785,5656
 4398,40009.406,12.310,5656
 4399,40021.449,12.043,5656
 4400,40033.461,12.013,5656
 4401,40045.441,11.983,5656
 4402,40057.234,11.792,5656
 4403,40069.207,11.971,5656
 4404,40081.555,12.349,5656
 4405,40093.621,12.067,5656
 4406,40109.422,15.800,5656
 4407,40121.297,11.874,5656
 4408,40134.254,12.956,5656
 4409,40146.703,12.448,5656
 4410,40158.867,12.164,5656
 4411,40171.242,12.375,5656
 4412,40183.125,11.887,5656
 4413,40196.563,13.436,5656
 4414,40209.473,12.912,5656
 4415,40221.379,11.904,5656
 4416,40233.879,12.500,5656
 4417,40246.023,12.144,5656
 4418,40258.875,12.852,5656
 4419,40272.531,13.655,5623
 4420,40284.641,12.111,5623
 4421,40291.762, 7.120,5623
 4422,40299.512, 7.748,5623
 4423,40306.406, 6.898,5623
 4424,40315.258, 8.851,5623
 4425,40322.176, 6.917,5623
 4426,40331.734, 9.558,5623
 4427,40342.117,10.384,5623
 4428,40350.703, 8.585,5623
 4429,40361.945,11.244,5623
 4430,40372.891,10.945,5623
 4431,40383.371,10.481,5623
 4432,40393.305, 9.935,5623
 4433,40399.641, 6.336,5623
 4434,40405.988, 6.348,5623
 4435,40420.945,14.954,5623
 4436,40427.934, 6.989,5623
 4437,40436.559, 8.623,5623
 4438,40444.844, 8.283,5623
 4439,40452.379, 7.540,5623
 4440,40458.758, 6.377,5623
 4441,40464.867, 6.109,5623
 4442,40471.488, 6.622,5623
 4443,40477.582, 6.093,5623
 4444,40492.277,14.696,5623
 4445,40499.180, 6.899,5623
 4446,40505.953, 6.776,5623
 4447,40512.832, 6.883,5623
 4448,40519.770, 6.933,5623
 4449,40526.891, 7.120,5623
 4450,40533.938, 7.049,5623
 4451,40541.688, 7.748,5623
 4452,40551.410, 9.726,5623
 4453,40569.012,17.598,5623
 4454,40583.508,14.498,5623
 4455,40595.969,12.465,5623
 4456,40606.012,10.036,5623
 4457,40613.395, 7.386,5623
 4458,40621.223, 7.827,5623
 4459,40628.980, 7.760,5623
 4460,40637.211, 8.230,5623
 4461,40643.934, 6.723,5623
 4462,40652.012, 8.077,5623
 4463,40663.469,11.459,5623
 4464,40672.680, 9.208,5623
 4465,40682.594, 9.915,5623
 4466,40694.188,11.594,5623
 4467,40704.449,10.264,5623
 4468,40714.094, 9.642,5623
 4469,40723.586, 9.492,5623
 4470,40733.352, 9.766,5623
 4471,40743.922,10.572,5623
 4472,40753.656, 9.735,5623
 4473,40764.293,10.635,5623
 4474,40773.539, 9.247,5623
 4475,40782.871, 9.329,5623
 4476,40790.664, 7.798,5623
 4477,40798.344, 7.675,5623
 4478,40805.293, 6.953,5623
 4479,40820.625,15.332,5623
 4480,40833.559,12.932,5623
 4481,40845.023,11.464,5623
 4482,40853.684, 8.659,5623
 4483,40866.063,12.380,5623
 4484,40878.008,11.945,5623
 4485,40889.570,11.565,5623
 4486,40901.051,11.480,5623
 4487,40911.648,10.596,5623
 4488,40920.613, 8.967,5623
 4489,40930.984,10.369,5639
 4490,40940.809, 9.825,5639
 4491,40950.129, 9.321,5639
 4492,40957.191, 7.059,5639
 4493,40963.820, 6.633,5639
 4494,40972.359, 8.536,5639
 4495,40984.930,12.573,5639
 4496,40996.352,11.420,5639
 4497,41005.633, 9.283,5639
 4498,41014.723, 9.087,5639
 4499,41023.891, 9.167,5639
 4500,41037.387,13.499,5639
 4501,41048.352,10.963,5639
 4502,41056.848, 8.496,5639
 4503,41067.527,10.679,5639
 4504,41079.156,11.634,5639
 4505,41096.227,17.069,5639
 4506,41105.465, 9.239,5639
 4507,41113.965, 8.499,5639
 4508,41122.410, 8.445,5607
 4509,41130.023, 7.610,5607
 4510,41137.801, 7.779,5607
 4511,41145.586, 7.787,5607
 4512,41153.184, 7.596,5607
 4513,41161.188, 8.002,5623
 4514,41170.320, 9.137,5623
 4515,41178.438, 8.117,5623
 4516,41185.621, 7.184,5623
 4517,41201.613,15.991,5623
 4518,41210.539, 8.926,5623
 4519,41218.777, 8.240,5623
 4520,41229.867,11.087,5623
 4521,41241.863,11.996,5623
 4522,41254.238,12.375,5623
 4523,41269.398,15.161,5623
 4524,41277.781, 8.383,5623
 4525,41286.441, 8.660,5623
 4526,41295.664, 9.224,5623
 4527,41310.293,14.627,5623
 4528,41319.039, 8.744,5623
 4529,41334.707,15.669,5623
 4530,41343.047, 8.339,5623
 4531,41351.785, 8.742,5623
 4532,41383.992,32.209,5671
 4533,41407.051,23.055,5687
 4534,41414.738, 7.688,5687
 4535,41422.941, 8.204,5687
 4536,41431.020, 8.075,5687
 4537,41443.301,12.284,5687
 4538,41452.160, 8.859,5687
 4539,41459.547, 7.385,5687
 4540,41466.637, 7.092,5687
 4541,41473.730, 7.091,5687
 4542,41480.855, 7.125,5687
 4543,41488.383, 7.529,5687
 4544,41496.273, 7.890,5687
 4545,41508.977,12.704,5687
 4546,41519.086,10.110,5687
 4547,41526.363, 7.275,5687
 4548,41535.230, 8.869,5687
 4549,41542.867, 7.635,5687
 4550,41550.918, 8.052,5687
 4551,41558.891, 7.972,5687
 4552,41569.488,10.601,5687
 4553,41581.664,12.175,5687
 4554,41591.828,10.164,5687
 4555,41599.773, 7.944,5687
 4556,41606.586, 6.810,5687
 4557,41613.152, 6.568,5687
 4558,41619.719, 6.567,5687
 4559,41630.527,10.807,5687
 4560,41637.113, 6.590,5687
 4561,41647.129,10.013,5687
 4562,41654.816, 7.690,5687
 4563,41661.320, 6.502,5687
 4564,41668.469, 7.150,5687
 4565,41674.867, 6.397,5687
 4566,41681.129, 6.264,5687
 4567,41687.586, 6.452,5687
 4568,41694.355, 6.770,5687
 4569,41701.227, 6.874,5687
 4570,41708.727, 7.499,5687
 4571,41718.902,10.174,5687
 4572,41727.082, 8.181,5687
 4573,41734.816, 7.736,5687
 4574,41741.641, 6.825,5687
 4575,41749.465, 7.822,5687
 4576,41758.250, 8.784,5687
 4577,41767.480, 9.234,5687
 4578,41778.730,11.249,5687
 4579,41791.348,12.613,5687
 4580,41801.012, 9.665,5687
 4581,41813.508,12.498,5687
 4582,41824.824,11.319,5687
 4583,41837.355,12.529,5687
 4584,41846.305, 8.952,5687
 4585,41853.891, 7.582,5687
 4586,41860.504, 6.611,5687
 4587,41869.871, 9.370,5687
 4588,41878.820, 8.952,5687
 4589,41888.590, 9.768,5687
 4590,41899.488,10.898,5687
 4591,41908.730, 9.239,5687
 4592,41918.004, 9.272,5687
 4593,41928.879,10.879,5687
 4594,41939.773,10.894,5687
 4595,41948.605, 8.832,5687
 4596,41956.105, 7.501,5687
 4597,41963.512, 7.404,5687
 4598,41971.488, 7.980,5687
 4599,41977.898, 6.409,5687
 4600,41985.027, 7.128,5687
 4601,41992.926, 7.898,5687
 4602,42006.555,13.629,5687
 4603,42015.785, 9.231,5687
 4604,42026.598,10.812,5687
 4605,42034.863, 8.266,5687
 4606,42044.043, 9.179,5687
 4607,42052.492, 8.451,5687
 4608,42059.449, 6.957,5687
 4609,42067.488, 8.039,5687
 4610,42082.305,14.818,5687
 4611,42090.227, 7.917,5687
 4612,42098.020, 7.796,5703
 4613,42105.922, 7.900,5703
 4614,42113.063, 7.143,5703
 4615,42120.707, 7.645,5703
 4616,42129.688, 8.978,5703
 4617,42137.273, 7.586,5703
 4618,42145.438, 8.165,5703
 4619,42152.996, 7.562,5703
 4620,42181.461,28.462,5703
 4621,42192.031,10.569,5703
 4622,42201.426, 9.394,5703
 4623,42209.156, 7.734,5703
 4624,42214.816, 5.660,5703
 4625,42220.152, 5.337,5703
 4626,42225.473, 5.321,5703
 4627,42230.941, 5.467,5703
 4628,42237.230, 6.286,5703
 4629,42242.402, 5.175,5703
 4630,42250.281, 7.878,5703
 4631,42255.977, 5.696,5703
 4632,42262.598, 6.619,5703
 4633,42268.859, 6.263,5703
 4634,42275.035, 6.176,5703
 4635,42281.516, 6.479,5703
 4636,42288.574, 7.060,5703
 4637,42294.727, 6.152,5703
 4638,42300.461, 5.735,5703
 4639,42307.352, 6.889,5703
 4640,42313.664, 6.316,5703
 4641,42320.277, 6.611,5703
 4642,42325.934, 5.655,5703
 4643,42331.707, 5.773,5703
 4644,42338.066, 6.358,5735
 4645,42344.578, 6.516,5703
 4646,42352.250, 7.668,5703
 4647,42359.020, 6.770,5703
 4648,42364.902, 5.885,5703
 4649,42370.281, 5.380,5703
 4650,42375.910, 5.628,5703
 4651,42382.320, 6.413,5703
 4652,42387.836, 5.510,5703
 4653,42394.066, 6.232,5703
 4654,42399.656, 5.593,5703
 4655,42405.574, 5.914,5703
 4656,42411.090, 5.518,5703
 4657,42417.512, 6.420,5703
 4658,42424.625, 7.114,5703
 4659,42430.090, 5.465,5703
 4660,42436.625, 6.538,5703
 4661,42442.320, 5.696,5703
 4662,42447.715, 5.388,5703
 4663,42453.363, 5.649,5703
 4664,42459.418, 6.059,5703
 4665,42464.961, 5.544,5703
 4666,42471.504, 6.539,5703
 4667,42477.367, 5.863,5703
 4668,42483.230, 5.864,5703
 4669,42488.828, 5.599,5703
 4670,42495.535, 6.705,5703
 4671,42501.281, 5.749,5703
 4672,42506.801, 5.517,5703
 4673,42512.523, 5.720,5703
 4674,42519.012, 6.489,5703
 4675,42524.746, 5.737,5703
 4676,42530.441, 5.696,5703
 4677,42537.266, 6.824,5703
 4678,42543.043, 5.776,5703
 4679,42549.570, 6.527,5703
 4680,42555.285, 5.717,5703
 4681,42561.273, 5.990,5703
 4682,42568.785, 7.509,5703
 4683,42575.871, 7.085,5703
 4684,42581.680, 5.809,5703
 4685,42588.883, 7.205,5703
 4686,42595.133, 6.251,5703
 4687,42600.973, 5.840,5703
 4688,42606.566, 5.590,5703
 4689,42613.391, 6.825,5703
 4690,42619.410, 6.022,5703
 4691,42625.047, 5.633,5703
 4692,42630.695, 5.648,5703
 4693,42636.953, 6.259,5703
 4694,42643.301, 6.351,5703
 4695,42649.547, 6.241,5703
 4696,42656.563, 7.019,5703
 4697,42663.219, 6.654,5703
 4698,42670.691, 7.475,5703
 4699,42676.211, 5.520,5703
 4700,42681.746, 5.533,5703
 4701,42687.219, 5.475,5703
 4702,42692.828, 5.611,5703
 4703,42699.113, 6.285,5703
 4704,42705.559, 6.441,5703
 4705,42711.922, 6.366,5703
 4706,42717.305, 5.384,5703
 4707,42722.672, 5.364,5703
 4708,42729.563, 6.892,5703
 4709,42736.102, 6.539,5703
 4710,42742.207, 6.105,5703
 4711,42747.945, 5.739,5703
 4712,42754.449, 6.505,5703
 4713,42760.020, 5.565,5703
 4714,42765.492, 5.477,5703
 4715,42771.336, 5.842,5703
 4716,42777.301, 5.968,5703
 4717,42782.945, 5.643,5703
 4718,42789.625, 6.681,5703
 4719,42795.730, 6.104,5703
 4720,42801.297, 5.568,5703
 4721,42807.555, 6.256,5703
 4722,42813.875, 6.320,5703
 4723,42819.242, 5.369,5703
 4724,42824.668, 5.420,5703
 4725,42831.199, 6.535,5703
 4726,42836.672, 5.472,5703
 4727,42842.969, 6.297,5703
 4728,42848.555, 5.585,5703
 4729,42854.141, 5.590,5703
 4730,42859.797, 5.655,5703
 4731,42865.441, 5.644,5703
 4732,42870.879, 5.435,5703
 4733,42876.418, 5.542,5703
 4734,42882.586, 6.168,5703
 4735,42889.180, 6.591,5703
 4736,42894.676, 5.498,5703
 4737,42900.984, 6.308,5703
 4738,42906.406, 5.422,5703
 4739,42912.121, 5.716,5703
 4740,42918.520, 6.396,5703
 4741,42924.949, 6.431,5703
 4742,42930.395, 5.447,5703
 4743,42936.641, 6.248,5703
 4744,42942.801, 6.157,5703
 4745,42949.195, 6.392,5703
 4746,42954.828, 5.638,5703
 4747,42960.145, 5.313,5703
 4748,42965.598, 5.453,5703
 4749,42971.945, 6.348,5703
 4750,42977.477, 5.534,5703
 4751,42984.180, 6.697,5703
 4752,42989.988, 5.813,5703
 4753,42995.445, 5.456,5703
 4754,43001.012, 5.565,5703
 4755,43006.641, 5.630,5703
 4756,43013.125, 6.487,5703
 4757,43019.484, 6.358,5703
 4758,43025.926, 6.440,5703
 4759,43031.359, 5.434,5703
 4760,43037.234, 5.877,5703
 4761,43042.820, 5.586,5703
 4762,43049.355, 6.532,5703
 4763,43054.688, 5.332,5703
 4764,43060.219, 5.530,5703
 4765,43066.555, 6.340,5703
 4766,43072.402, 5.845,5703
 4767,43078.121, 5.720,5703
 4768,43083.871, 5.749,5703
 4769,43090.785, 6.918,5703
 4770,43098.219, 7.428,5703
 4771,43105.184, 6.967,5703
 4772,43113.867, 8.681,5703
 4773,43123.082, 9.218,5703
 4774,43130.480, 7.402,5703
 4775,43138.438, 7.955,5703
 4776,43145.723, 7.285,5703
 4777,43153.434, 7.710,5703
 4778,43160.984, 7.551,5703
 4779,43169.227, 8.242,5703
 4780,43177.031, 7.803,5703
 4781,43183.734, 6.705,5703
 4782,43190.594, 6.857,5703
 4783,43197.594, 7.004,5703
 4784,43205.242, 7.644,5703
 4785,43212.461, 7.222,5703
 4786,43219.000, 6.536,5703
 4787,43226.340, 7.339,5703
 4788,43234.051, 7.712,5703
 4789,43242.453, 8.406,5703
 4790,43248.301, 5.847,5703
 4791,43254.152, 5.854,5703
 4792,43259.957, 5.801,5703
 4793,43267.262, 7.304,5703
 4794,43274.246, 6.984,5703
 4795,43280.297, 6.051,5703
 4796,43286.586, 6.292,5703
 4797,43293.727, 7.139,5703
 4798,43300.582, 6.856,5703
 4799,43307.371, 6.789,5703
 4800,43313.258, 5.887,5703
 4801,43319.313, 6.054,5703
 4802,43325.512, 6.198,5703
 4803,43332.328, 6.820,5703
 4804,43339.016, 6.682,5703
 4805,43345.750, 6.738,5703
 4806,43352.547, 6.796,5703
 4807,43359.293, 6.746,5703
 4808,43366.250, 6.959,5703
 4809,43372.184, 5.929,5703
 4810,43379.188, 7.005,5703
 4811,43386.199, 7.011,5703
 4812,43392.219, 6.020,5703
 4813,43398.297, 6.083,5703
 4814,43405.016, 6.715,5703
 4815,43411.039, 6.024,5703
 4816,43417.961, 6.925,5703
 4817,43425.055, 7.089,5703
 4818,43432.777, 7.724,5703
 4819,43439.516, 6.735,5703
 4820,43445.121, 5.612,5703
 4821,43451.797, 6.673,5703
 4822,43457.410, 5.611,5703
 4823,43463.602, 6.194,5703
 4824,43469.926, 6.323,5703
 4825,43476.668, 6.743,5703
 4826,43483.191, 6.521,5703
 4827,43488.742, 5.553,5703
 4828,43495.273, 6.533,5703
 4829,43500.762, 5.488,5703
 4830,43506.645, 5.884,5703
 4831,43514.195, 7.549,5703
 4832,43522.258, 8.063,5703
 4833,43529.418, 7.160,5703
 4834,43536.102, 6.684,5703
 4835,43541.801, 5.697,5703
 4836,43547.484, 5.686,5703
 4837,43554.113, 6.629,5703
 4838,43560.719, 6.604,5703
 4839,43566.238, 5.520,5703
 4840,43572.184, 5.943,5703
 4841,43578.535, 6.353,5703
 4842,43584.594, 6.059,5703
 4843,43590.473, 5.879,5703
 4844,43597.117, 6.646,5703
 4845,43603.680, 6.558,5703
 4846,43609.707, 6.027,5703
 4847,43615.457, 5.756,5703
 4848,43621.613, 6.153,5703
 4849,43627.793, 6.183,5703
 4850,43633.676, 5.876,5703
 4851,43639.852, 6.176,5703
 4852,43645.688, 5.839,5703
 4853,43651.207, 5.519,5703
 4854,43656.902, 5.696,5703
 4855,43662.578, 5.678,5703
 4856,43668.277, 5.699,5703
 4857,43673.801, 5.524,5703
 4858,43680.297, 6.496,5703
 4859,43686.738, 6.441,5703
 4860,43692.449, 5.711,5703
 4861,43698.297, 5.849,5703
 4862,43705.117, 6.819,5703
 4863,43711.066, 5.949,5703
 4864,43716.855, 5.787,5703
 4865,43723.254, 6.400,5703
 4866,43729.391, 6.135,5703
 4867,43736.074, 6.684,5703
 4868,43742.609, 6.536,5703
 4869,43749.152, 6.542,5703
 4870,43756.719, 7.567,5703
 4871,43763.004, 6.285,5703
 4872,43770.238, 7.234,5703
 4873,43777.348, 7.106,5703
 4874,43783.098, 5.753,5703
 4875,43790.254, 7.157,5703
 4876,43796.148, 5.897,5703
 4877,43802.902, 6.750,5703
 4878,43808.758, 5.856,5703
 4879,43815.371, 6.612,5703
 4880,43822.063, 6.693,5703
 4881,43828.016, 5.953,5703
 4882,43835.430, 7.414,5703
 4883,43843.086, 7.656,5703
 4884,43849.820, 6.738,5703
 4885,43855.676, 5.852,5703
 4886,43862.801, 7.125,5703
 4887,43868.816, 6.017,5703
 4888,43874.984, 6.167,5703
 4889,43881.738, 6.754,5703
 4890,43888.930, 7.191,5703
 4891,43897.363, 8.433,5703
 4892,43905.848, 8.484,5703
 4893,43912.777, 6.931,5703
 4894,43919.777, 7.002,5703
 4895,43926.113, 6.335,5703
 4896,43933.105, 6.993,5703
 4897,43939.660, 6.555,5703
 4898,43946.234, 6.574,5703
 4899,43952.500, 6.264,5703
 4900,43958.398, 5.897,5703
 4901,43964.551, 6.153,5703
 4902,43971.977, 7.430,5703
 4903,43978.281, 6.304,5703
 4904,43984.773, 6.489,5703
 4905,43992.012, 7.238,5703
 4906,43999.219, 7.207,5703
 4907,44005.281, 6.063,5703
 4908,44011.730, 6.448,5703
 4909,44018.676, 6.943,5703
 4910,44026.262, 7.591,5703
 4911,44033.320, 7.057,5703
 4912,44039.293, 5.974,5703
 4913,44046.371, 7.078,5703
 4914,44052.672, 6.297,5703
 4915,44059.199, 6.530,5703
 4916,44065.863, 6.664,5703
 4917,44071.656, 5.796,5703
 4918,44077.531, 5.873,5703
 4919,44083.336, 5.801,5703
 4920,44089.555, 6.221,5703
 4921,44095.066, 5.511,5703
 4922,44100.703, 5.638,5703
 4923,44106.488, 5.788,5703
 4924,44113.020, 6.527,5703
 4925,44119.891, 6.873,5703
 4926,44125.625, 5.734,5703
 4927,44132.121, 6.496,5703
 4928,44138.160, 6.040,5703
 4929,44143.656, 5.498,5703
 4930,44149.375, 5.716,5703
 4931,44155.848, 6.472,5703
 4932,44161.590, 5.744,5703
 4933,44167.402, 5.813,5703
 4934,44173.836, 6.430,5703
 4935,44179.648, 5.817,5703
 4936,44185.410, 5.761,5703
 4937,44191.117, 5.707,5703
 4938,44197.223, 6.102,5703
 4939,44203.770, 6.547,5703
 4940,44209.355, 5.588,5703
 4941,44215.969, 6.615,5703
 4942,44221.594, 5.621,5703
 4943,44227.387, 5.792,5703
 4944,44233.609, 6.228,5703
 4945,44239.363, 5.750,5703
 4946,44244.961, 5.601,5703
 4947,44250.855, 5.890,5703
 4948,44257.953, 7.101,5703
 4949,44265.520, 7.565,5703
 4950,44272.254, 6.735,5703
 4951,44278.227, 5.971,5703
 4952,44285.582, 7.357,5703
 4953,44292.285, 6.703,5703
 4954,44299.039, 6.754,5703
 4955,44305.086, 6.047,5703
 4956,44311.043, 5.955,5703
 4957,44316.871, 5.829,5703
 4958,44322.578, 5.710,5703
 4959,44328.281, 5.700,5703
 4960,44333.961, 5.681,5703
 4961,44340.855, 6.892,5703
 4962,44346.672, 5.818,5703
 4963,44352.410, 5.740,5703
 4964,44358.898, 6.486,5703
 4965,44366.516, 7.615,5703
 4966,44372.645, 6.133,5703
 4967,44379.270, 6.626,5703
 4968,44386.008, 6.736,5703
 4969,44391.945, 5.939,5703
 4970,44398.262, 6.316,5703
 4971,44403.918, 5.655,5703
 4972,44410.527, 6.608,5703
 4973,44416.379, 5.852,5703
 4974,44422.391, 6.013,5703
 4975,44429.156, 6.769,5703
 4976,44434.973, 5.816,5703
 4977,44441.004, 6.028,5703
 4978,44446.746, 5.743,5703
 4979,44452.578, 5.831,5703
 4980,44459.277, 6.701,5703
 4981,44464.977, 5.701,5703
 4982,44471.145, 6.165,5703
 4983,44477.434, 6.292,5703
 4984,44483.590, 6.153,5703
 4985,44490.547, 6.957,5703
 4986,44496.770, 6.223,5703
 4987,44503.156, 6.388,5703
 4988,44510.352, 7.193,5703
 4989,44516.223, 5.872,5703
 4990,44522.652, 6.433,5703
 4991,44528.434, 5.780,5703
 4992,44534.375, 5.938,5703
 4993,44541.105, 6.733,5703
 4994,44547.098, 5.990,5703
 4995,44553.090, 5.996,5703
 4996,44559.129, 6.040,5703
 4997,44565.645, 6.514,5703
 4998,44571.840, 6.192,5703
 4999,44579.633, 7.795,5703
 5000,44585.770, 6.139,5703
 5001,44591.934, 6.161,5703
 5002,44598.578, 6.644,5703
 5003,44605.156, 6.581,5703
 5004,44611.602, 6.442,5703
 5005,44617.848, 6.247,5703
 5006,44624.145, 6.300,5703
 5007,44630.016, 5.866,5703
 5008,44635.922, 5.908,5703
 5009,44641.586, 5.667,5703
 5010,44648.203, 6.612,5703
 5011,44653.801, 5.604,5703
 5012,44659.594, 5.790,5703
 5013,44666.625, 7.030,5703
 5014,44673.293, 6.671,5703
 5015,44679.410, 6.116,5703
 5016,44686.273, 6.862,5703
 5017,44692.195, 5.920,5703
 5018,44698.090, 5.896,5703
 5019,44703.863, 5.774,5703
 5020,44709.715, 5.852,5703
 5021,44715.488, 5.777,5703
 5022,44721.195, 5.702,5703
 5023,44726.906, 5.713,5703
 5024,44733.598, 6.690,5703
 5025,44739.355, 5.759,5703
 5026,44745.727, 6.371,5703
 5027,44752.641, 6.913,5703
 5028,44758.414, 5.775,5703
 5029,44764.594, 6.179,5703
 5030,44771.105, 6.513,5703
 5031,44777.090, 5.983,5703
 5032,44783.168, 6.077,5703
 5033,44789.266, 6.100,5703
 5034,44795.813, 6.547,5703
 5035,44801.574, 5.760,5703
 5036,44807.227, 5.653,5703
 5037,44813.051, 5.821,5703
 5038,44818.836, 5.786,5703
 5039,44825.422, 6.588,5703
 5040,44831.414, 5.991,5703
 5041,44837.266, 5.855,5703
 5042,44842.891, 5.623,5703
 5043,44849.473, 6.583,5703
 5044,44856.020, 6.544,5703
 5045,44861.648, 5.634,5703
 5046,44867.324, 5.673,5703
 5047,44873.875, 6.549,5703
 5048,44879.563, 5.687,5703
 5049,44885.242, 5.683,5703
 5050,44890.891, 5.648,5703
 5051,44896.891, 5.998,5703
 5052,44903.148, 6.259,5703
 5053,44908.793, 5.647,5703
 5054,44914.398, 5.601,5703
 5055,44920.219, 5.821,5703
 5056,44925.988, 5.772,5703
 5057,44931.695, 5.703,5703
 5058,44937.348, 5.651,5703
 5059,44943.164, 5.820,5703
 5060,44949.141, 5.977,5703
 5061,44954.844, 5.702,5703
 5062,44960.480, 5.639,5703
 5063,44966.273, 5.791,5703
 5064,44971.945, 5.671,5703
 5065,44978.180, 6.232,5703
 5066,44984.520, 6.341,5703
 5067,44990.395, 5.879,5703
 5068,44996.195, 5.800,5703
 5069,45003.363, 7.164,5703
 5070,45010.324, 6.967,5703
 5071,45016.043, 5.714,5703
 5072,45022.082, 6.042,5703
 5073,45028.492, 6.412,5703
 5074,45035.219, 6.721,5703
 5075,45041.082, 5.865,5703
 5076,45047.516, 6.431,5703
 5077,45056.012, 8.496,5703
 5078,45062.332, 6.324,5703
 5079,45069.137, 6.808,5703
 5080,45075.047, 5.905,5703
 5081,45081.914, 6.867,5703
 5082,45087.723, 5.812,5703
 5083,45093.922, 6.196,5703
 5084,45099.738, 5.816,5703
 5085,45105.656, 5.923,5703
 5086,45112.930, 7.272,5703
 5087,45119.266, 6.336,5703
 5088,45125.762, 6.494,5703
 5089,45132.730, 6.970,5703
 5090,45139.379, 6.646,5703
 5091,45145.500, 6.122,5703
 5092,45152.203, 6.703,5703
 5093,45157.945, 5.742,5703
 5094,45164.563, 6.618,5703
 5095,45170.535, 5.971,5703
 5096,45177.086, 6.552,5703
 5097,45182.902, 5.816,5703
 5098,45189.445, 6.545,5703
 5099,45195.656, 6.213,5703
 5100,45201.797, 6.138,5703
 5101,45208.770, 6.975,5703
 5102,45215.332, 6.556,5703
 5103,45223.398, 8.070,5703
 5104,45229.742, 6.343,5703
 5105,45236.223, 6.481,5703
 5106,45242.617, 6.394,5703
 5107,45249.262, 6.647,5703
 5108,45256.930, 7.669,5703
 5109,45263.234, 6.303,5703
 5110,45269.500, 6.262,5703
 5111,45275.613, 6.116,5703
 5112,45281.855, 6.242,5703
 5113,45289.582, 7.726,5703
 5114,45296.953, 7.375,5703
 5115,45303.234, 6.280,5703
 5116,45309.832, 6.595,5703
 5117,45316.043, 6.211,5703
 5118,45322.738, 6.696,5703
 5119,45329.453, 6.715,5703
 5120,45335.957, 6.505,5703
 5121,45342.625, 6.670,5703
 5122,45349.043, 6.414,5703
 5123,45356.316, 7.275,5703
 5124,45362.867, 6.550,5703
 5125,45368.949, 6.082,5703
 5126,45374.770, 5.820,5703
 5127,45381.648, 6.882,5703
 5128,45387.738, 6.088,5703
 5129,45393.836, 6.095,5703
 5130,45400.750, 6.916,5703
 5131,45406.652, 5.905,5703
 5132,45412.699, 6.042,5703
 5133,45418.629, 5.932,5703
 5134,45425.012, 6.380,5703
 5135,45431.488, 6.482,5703
 5136,45437.977, 6.485,5703
 5137,45445.023, 7.047,5703
 5138,45451.738, 6.715,5703
 5139,45457.949, 6.213,5703
 5140,45464.164, 6.209,5703
 5141,45470.195, 6.035,5703
 5142,45476.973, 6.778,5703
 5143,45482.777, 5.804,5703
 5144,45488.750, 5.972,5703
 5145,45494.629, 5.881,5703
 5146,45500.801, 6.173,5703
 5147,45507.445, 6.643,5703
 5148,45513.480, 6.035,5703
 5149,45519.691, 6.208,5703
 5150,45525.844, 6.154,5703
 5151,45532.086, 6.244,5703
 5152,45538.617, 6.531,5703
 5153,45544.746, 6.129,5703
 5154,45551.035, 6.287,5703
 5155,45557.758, 6.725,5703
 5156,45563.707, 5.945,5703
 5157,45569.613, 5.910,5703
 5158,45575.570, 5.956,5703
 5159,45581.441, 5.871,5703
 5160,45587.430, 5.989,5703
 5161,45593.109, 5.679,5703
 5162,45599.695, 6.585,5703
 5163,45606.285, 6.593,5703
 5164,45612.223, 5.936,5703
 5165,45618.059, 5.834,5703
 5166,45623.836, 5.778,5703
 5167,45629.668, 5.832,5703
 5168,45635.707, 6.041,5703
 5169,45642.227, 6.516,5703
 5170,45648.297, 6.073,5703
 5171,45654.363, 6.064,5703
 5172,45660.313, 5.953,5703
 5173,45667.234, 6.921,5703
 5174,45673.410, 6.176,5703
 5175,45679.172, 5.760,5703
 5176,45685.863, 6.691,5703
 5177,45692.691, 6.828,5703
 5178,45699.449, 6.760,5703
 5179,45705.148, 5.700,5703
 5180,45711.199, 6.049,5703
 5181,45717.250, 6.051,5703
 5182,45723.352, 6.099,5703
 5183,45729.180, 5.829,5703
 5184,45736.242, 7.062,5703
 5185,45743.297, 7.056,5703
 5186,45750.602, 7.306,5703
 5187,45756.828, 6.224,5703
 5188,45763.531, 6.705,5703
 5189,45769.699, 6.168,5703
 5190,45776.605, 6.906,5703
 5191,45783.508, 6.902,5703
 5192,45789.578, 6.073,5703
 5193,45796.211, 6.632,5703
 5194,45802.355, 6.143,5703
 5195,45809.508, 7.149,5703
 5196,45815.758, 6.254,5703
 5197,45822.035, 6.277,5703
 5198,45830.039, 8.004,5703
 5199,45837.789, 7.751,5703
 5200,45844.773, 6.983,5703
 5201,45852.980, 8.210,5703
 5202,45860.594, 7.609,5703
 5203,45867.266, 6.676,5703
 5204,45873.594, 6.327,5703
 5205,45880.457, 6.862,5703
 5206,45888.457, 8.003,5703
 5207,45895.258, 6.800,5703
 5208,45901.520, 6.259,5703
 5209,45908.859, 7.337,5703
 5210,45916.145, 7.292,5703
 5211,45922.535, 6.387,5703
 5212,45928.762, 6.225,5703
 5213,45935.121, 6.360,5703
 5214,45941.688, 6.566,5703
 5215,45948.176, 6.489,5703
 5216,45954.766, 6.592,5703
 5217,45962.098, 7.329,5703
 5218,45968.488, 6.394,5703
 5219,45975.945, 7.455,5703
 5220,45982.906, 6.960,5703
 5221,45988.945, 6.039,5703
 5222,45994.984, 6.042,5703
 5223,46000.762, 5.778,5703
 5224,46006.652, 5.891,5703
 5225,46012.906, 6.253,5703
 5226,46019.070, 6.161,5703
 5227,46026.008, 6.938,5703
 5228,46031.984, 5.978,5703
 5229,46037.910, 5.924,5703
 5230,46044.320, 6.413,5703
 5231,46051.617, 7.296,5703
 5232,46058.414, 6.795,5703
 5233,46064.828, 6.413,5703
 5234,46071.266, 6.440,5703
 5235,46077.383, 6.117,5703
 5236,46083.773, 6.391,5703
 5237,46090.809, 7.038,5703
 5238,46097.645, 6.833,5703
 5239,46103.426, 5.779,5703
 5240,46109.508, 6.081,5703
 5241,46115.500, 5.991,5703
 5242,46121.375, 5.877,5703
 5243,46127.145, 5.773,5703
 5244,46134.004, 6.856,5703
 5245,46140.055, 6.051,5703
 5246,46145.867, 5.812,5703
 5247,46151.820, 5.957,5703
 5248,46159.906, 8.083,5703
 5249,46166.047, 6.142,5703
 5250,46172.926, 6.878,5703
 5251,46179.098, 6.172,5703
 5252,46185.098, 6.003,5703
 5253,46190.945, 5.848,5703
 5254,46197.063, 6.113,5703
 5255,46203.000, 5.938,5703
 5256,46208.840, 5.839,5703
 5257,46215.441, 6.606,5703
 5258,46223.043, 7.598,5703
 5259,46230.211, 7.168,5703
 5260,46236.402, 6.192,5703
 5261,46242.465, 6.062,5703
 5262,46248.785, 6.321,5703
 5263,46254.887, 6.101,5703
 5264,46260.828, 5.940,5703
 5265,46266.746, 5.921,5703
 5266,46272.746, 5.998,5703
 5267,46279.289, 6.546,5703
 5268,46285.480, 6.189,5703
 5269,46291.777, 6.296,5703
 5270,46298.215, 6.439,5703
 5271,46304.258, 6.042,5703
 5272,46310.445, 6.190,5703
 5273,46316.449, 6.001,5703
 5274,46322.672, 6.222,5703
 5275,46328.602, 5.932,5703
 5276,46334.762, 6.161,5703
 5277,46340.898, 6.134,5703
 5278,46346.844, 5.945,5703
 5279,46352.961, 6.122,5703
 5280,46358.895, 5.931,5703
 5281,46364.895, 5.999,5703
 5282,46372.090, 7.194,5703
 5283,46378.387, 6.296,5703
 5284,46385.754, 7.370,5703
 5285,46392.316, 6.563,5703
 5286,46398.676, 6.357,5703
 5287,46405.043, 6.366,5703
 5288,46411.398, 6.358,5703
 5289,46417.801, 6.405,5703
 5290,46425.039, 7.236,5703
 5291,46431.867, 6.825,5703
 5292,46438.809, 6.944,5703
 5293,46445.234, 6.424,5703
 5294,46451.820, 6.591,5703
 5295,46459.020, 7.195,5703
 5296,46466.402, 7.382,5703
 5297,46472.832, 6.430,5703
 5298,46479.051, 6.222,5703
 5299,46485.660, 6.608,5703
 5300,46492.363, 6.702,5703
 5301,46499.641, 7.279,5703
 5302,46506.355, 6.715,5703
 5303,46512.750, 6.395,5703
 5304,46518.977, 6.228,5703
 5305,46526.352, 7.372,5703
 5306,46532.523, 6.169,5703
 5307,46539.559, 7.039,5703
 5308,46546.320, 6.765,5703
 5309,46552.879, 6.554,5703
 5310,46559.512, 6.633,5703
 5311,46566.758, 7.248,5703
 5312,46573.305, 6.546,5703
 5313,46579.855, 6.550,5703
 5314,46586.668, 6.813,5703
 5315,46592.848, 6.177,5703
 5316,46599.477, 6.634,5703
 5317,46607.887, 8.408,5703
 5318,46614.844, 6.955,5703
 5319,46622.121, 7.279,5703
 5320,46628.316, 6.197,5703
 5321,46634.676, 6.355,5703
 5322,46640.969, 6.298,5703
 5323,46647.133, 6.163,5703
 5324,46653.355, 6.222,5703
 5325,46659.578, 6.223,5703
 5326,46665.949, 6.371,5703
 5327,46672.789, 6.839,5703
 5328,46679.086, 6.296,5703
 5329,46685.016, 5.929,5703
 5330,46691.195, 6.178,5703
 5331,46697.266, 6.074,5703
 5332,46704.395, 7.129,5703
 5333,46710.508, 6.110,5703
 5334,46717.512, 7.004,5703
 5335,46723.688, 6.178,5703
 5336,46729.875, 6.185,5703
 5337,46736.098, 6.226,5703
 5338,46742.043, 5.944,5703
 5339,46748.109, 6.068,5703
 5340,46754.328, 6.215,5703
 5341,46760.574, 6.249,5703
 5342,46766.477, 5.905,5703
 5343,46772.461, 5.983,5703
 5344,46778.414, 5.953,5703
 5345,46784.441, 6.029,5703
 5346,46791.238, 6.794,5703
 5347,46797.164, 5.926,5703
 5348,46804.258, 7.095,5703
 5349,46810.844, 6.582,5703
 5350,46816.879, 6.036,5703
 5351,46822.988, 6.112,5703
 5352,46828.969, 5.979,5703
 5353,46834.809, 5.843,5703
 5354,46841.820, 7.010,5703
 5355,46847.875, 6.051,5703
 5356,46853.840, 5.967,5703
 5357,46859.965, 6.128,5703
 5358,46865.922, 5.953,5703
 5359,46872.277, 6.358,5703
 5360,46878.504, 6.225,5703
 5361,46884.668, 6.165,5703
 5362,46890.762, 6.095,5703
 5363,46896.723, 5.961,5703
 5364,46902.766, 6.042,5703
 5365,46908.781, 6.015,5703
 5366,46915.906, 7.124,5703
 5367,46922.027, 6.119,5703
 5368,46928.090, 6.065,5703
 5369,46934.094, 6.006,5703
 5370,46941.570, 7.475,5703
 5371,46947.703, 6.132,5703
 5372,46954.910, 7.209,5703
 5373,46960.785, 5.873,5703
 5374,46967.066, 6.283,5703
 5375,46973.328, 6.259,5703
 5376,46980.320, 6.997,5703
 5377,46987.691, 7.368,5703
 5378,46995.410, 7.720,5703
 5379,47002.305, 6.897,5703
 5380,47008.707, 6.399,5703
 5381,47015.121, 6.417,5703
 5382,47021.719, 6.593,5703
 5383,47028.016, 6.298,5703
 5384,47034.313, 6.300,5703
 5385,47040.363, 6.045,5703
 5386,47046.531, 6.171,5703
 5387,47053.020, 6.488,5703
 5388,47059.148, 6.132,5703
 5389,47065.207, 6.054,5703
 5390,47071.258, 6.055,5703
 5391,47077.320, 6.061,5703
 5392,47083.516, 6.193,5703
 5393,47089.715, 6.202,5703
 5394,47095.715, 5.999,5703
 5395,47102.680, 6.963,5703
 5396,47108.895, 6.217,5703
 5397,47114.984, 6.089,5703
 5398,47121.121, 6.137,5703
 5399,47128.125, 7.006,5703
 5400,47134.516, 6.388,5703
 5401,47142.109, 7.594,5703
 5402,47150.113, 8.005,5703
 5403,47157.754, 7.641,5703
 5404,47163.984, 6.232,5703
 5405,47170.172, 6.183,5703
 5406,47177.938, 7.766,5703
 5407,47185.941, 8.007,5703
 5408,47192.348, 6.403,5703
 5409,47199.152, 6.807,5703
 5410,47205.563, 6.409,5703
 5411,47212.012, 6.448,5703
 5412,47219.203, 7.191,5703
 5413,47225.621, 6.420,5703
 5414,47232.379, 6.756,5703
 5415,47239.363, 6.984,5703
 5416,47246.512, 7.148,5703
 5417,47253.215, 6.706,5703
 5418,47261.043, 7.826,5703
 5419,47267.582, 6.542,5703
 5420,47273.840, 6.256,5703
 5421,47280.117, 6.279,5703
 5422,47286.578, 6.459,5703
 5423,47294.059, 7.482,5703
 5424,47300.918, 6.859,5703
 5425,47307.547, 6.630,5703
 5426,47314.891, 7.341,5703
 5427,47321.934, 7.045,5703
 5428,47328.074, 6.141,5703
 5429,47334.945, 6.869,5703
 5430,47341.809, 6.866,5703
 5431,47347.855, 6.044,5703
 5432,47354.859, 7.002,5703
 5433,47361.738, 6.881,5703
 5434,47367.758, 6.020,5703
 5435,47374.051, 6.294,5703
 5436,47381.789, 7.740,5703
 5437,47388.688, 6.896,5703
 5438,47395.539, 6.852,5703
 5439,47401.629, 6.092,5703
 5440,47407.836, 6.201,5703
 5441,47413.898, 6.067,5703
 5442,47419.965, 6.067,5703
 5443,47426.586, 6.620,5703
 5444,47433.762, 7.178,5703
 5445,47439.867, 6.101,5703
 5446,47446.648, 6.787,5703
 5447,47453.906, 7.252,5703
 5448,47461.113, 7.208,5703
 5449,47467.371, 6.260,5703
 5450,47474.480, 7.108,5703
 5451,47481.555, 7.072,5703
 5452,47487.676, 6.123,5703
 5453,47493.953, 6.279,5703
 5454,47500.121, 6.168,5703
 5455,47506.133, 6.013,5703
 5456,47512.230, 6.094,5703
 5457,47518.613, 6.385,5703
 5458,47525.770, 7.156,5703
 5459,47531.664, 5.891,5703
 5460,47537.691, 6.027,5703
 5461,47543.602, 5.914,5703
 5462,47550.246, 6.644,5703
 5463,47557.813, 7.568,5703
 5464,47563.730, 5.915,5703
 5465,47569.730, 5.999,5703
 5466,47575.680, 5.949,5703
 5467,47582.633, 6.958,5703
 5468,47589.504, 6.868,5703
 5469,47595.523, 6.021,5703
 5470,47602.461, 6.939,5703
 5471,47608.359, 5.894,5703
 5472,47614.398, 6.042,5703
 5473,47621.402, 7.004,5703
 5474,47627.535, 6.131,5703
 5475,47633.789, 6.256,5703
 5476,47639.641, 5.854,5703
 5477,47645.582, 5.937,5703
 5478,47651.871, 6.290,5703
 5479,47658.625, 6.757,5703
 5480,47665.152, 6.526,5703
 5481,47671.379, 6.224,5703
 5482,47677.648, 6.273,5703
 5483,47683.723, 6.071,5703
 5484,47691.234, 7.511,5703
 5485,47698.332, 7.098,5703
 5486,47704.461, 6.130,5703
 5487,47710.641, 6.183,5703
 5488,47717.441, 6.800,5703
 5489,47723.492, 6.045,5703
 5490,47730.109, 6.621,5703
 5491,47736.945, 6.834,5703
 5492,47743.168, 6.221,5703
 5493,47750.523, 7.355,5703
 5494,47757.129, 6.608,5703
 5495,47763.996, 6.868,5703
 5496,47770.883, 6.888,5703
 5497,47779.184, 8.298,5703
 5498,47786.496, 7.312,5703
 5499,47793.555, 7.061,5703
 5500,47800.195, 6.638,5703
 5501,47807.121, 6.928,5703
 5502,47813.754, 6.631,5703
 5503,47820.348, 6.596,5703
 5504,47828.227, 7.876,5703
 5505,47835.219, 6.993,5703
 5506,47842.508, 7.290,5703
 5507,47849.008, 6.499,5703
 5508,47855.887, 6.879,5703
 5509,47862.473, 6.590,5703
 5510,47869.691, 7.217,5703
 5511,47876.617, 6.925,5703
 5512,47883.188, 6.567,5703
 5513,47889.793, 6.610,5703
 5514,47896.234, 6.440,5703
 5515,47903.098, 6.864,5703
 5516,47909.508, 6.407,5703
 5517,47917.098, 7.593,5703
 5518,47923.922, 6.822,5703
 5519,47930.781, 6.861,5703
 5520,47937.570, 6.788,5703
 5521,47944.219, 6.648,5703
 5522,47950.742, 6.526,5703
 5523,47956.852, 6.109,5703
 5524,47962.832, 5.979,5703
 5525,47969.777, 6.945,5703
 5526,47976.652, 6.878,5703
 5527,47982.773, 6.121,5703
 5528,47988.934, 6.159,5703
 5529,47995.035, 6.100,5703
 5530,48001.082, 6.048,5703
 5531,48008.086, 7.004,5703
 5532,48014.148, 6.063,5703
 5533,48020.699, 6.547,5703
 5534,48026.664, 5.967,5703
 5535,48032.895, 6.231,5703
 5536,48038.813, 5.919,5703
 5537,48044.688, 5.874,5703
 5538,48050.949, 6.263,5703
 5539,48057.883, 6.932,5703
 5540,48063.934, 6.051,5703
 5541,48070.754, 6.819,5703
 5542,48076.801, 6.050,5703
 5543,48083.910, 7.108,5703
 5544,48090.180, 6.268,5703
 5545,48097.406, 7.228,5703
 5546,48103.363, 5.956,5703
 5547,48109.410, 6.046,5703
 5548,48115.379, 5.972,5703
 5549,48121.816, 6.437,5703
 5550,48128.777, 6.963,5703
 5551,48135.738, 6.956,5703
 5552,48141.906, 6.170,5703
 5553,48147.977, 6.070,5703
 5554,48154.000, 6.023,5703
 5555,48160.195, 6.197,5703
 5556,48167.043, 6.844,5703
 5557,48175.051, 8.012,5703
 5558,48182.738, 7.685,5703
 5559,48189.801, 7.065,5703
 5560,48196.414, 6.613,5703
 5561,48202.809, 6.394,5703
 5562,48209.105, 6.298,5703
 5563,48215.426, 6.318,5703
 5564,48221.707, 6.283,5703
 5565,48228.938, 7.228,5703
 5566,48234.883, 5.945,5703
 5567,48241.063, 6.181,5703
 5568,48247.914, 6.854,5703
 5569,48254.113, 6.196,5703
 5570,48261.527, 7.413,5703
 5571,48268.465, 6.941,5703
 5572,48274.574, 6.109,5703
 5573,48280.754, 6.177,5703
 5574,48287.996, 7.241,5703
 5575,48294.859, 6.865,5703
 5576,48301.238, 6.379,5703
 5577,48308.609, 7.374,5703
 5578,48316.250, 7.640,5703
 5579,48322.371, 6.120,5703
 5580,48328.508, 6.135,5703
 5581,48335.133, 6.627,5703
 5582,48342.297, 7.164,5703
 5583,48348.324, 6.026,5703
 5584,48354.746, 6.423,5703
 5585,48360.961, 6.215,5703
 5586,48367.387, 6.426,5703
 5587,48373.770, 6.381,5703
 5588,48380.047, 6.278,5703
 5589,48387.605, 7.560,5703
 5590,48393.773, 6.168,5703
 5591,48400.578, 6.803,5703
 5592,48407.355, 6.778,5703
 5593,48414.008, 6.652,5703
 5594,48420.660, 6.653,5703
 5595,48427.203, 6.541,5703
 5596,48434.121, 6.921,5703
 5597,48441.699, 7.574,5703
 5598,48449.090, 7.394,5703
 5599,48456.660, 7.570,5703
 5600,48464.051, 7.389,5703
 5601,48470.816, 6.768,5703
 5602,48478.129, 7.314,5703
 5603,48484.523, 6.391,5703
 5604,48491.219, 6.697,5703
 5605,48497.875, 6.653,5703
 5606,48505.098, 7.224,5703
 5607,48512.906, 7.809,5703
 5608,48520.410, 7.504,5703
 5609,48527.273, 6.866,5703
 5610,48534.551, 7.276,5703
 5611,48541.195, 6.645,5703
 5612,48548.563, 7.366,5703
 5613,48556.195, 7.631,5703
 5614,48562.512, 6.317,5703
 5615,48569.906, 7.398,5703
 5616,48577.266, 7.360,5703
 5617,48584.191, 6.922,5703
 5618,48591.395, 7.206,5703
 5619,48597.859, 6.460,5703
 5620,48604.930, 7.074,5703
 5621,48612.473, 7.544,5703
 5622,48618.793, 6.318,5703
 5623,48624.898, 6.107,5703
 5624,48630.934, 6.034,5703
 5625,48637.379, 6.447,5703
 5626,48643.496, 6.115,5703
 5627,48649.727, 6.231,5703
 5628,48655.781, 6.055,5703
 5629,48661.984, 6.204,5703
 5630,48668.207, 6.221,5703
 5631,48675.211, 7.003,5703
 5632,48682.023, 6.813,5703
 5633,48688.078, 6.055,5703
 5634,48694.523, 6.443,5703
 5635,48700.703, 6.181,5703
 5636,48706.770, 6.070,5703
 5637,48712.809, 6.041,5703
 5638,48720.289, 7.480,5703
 5639,48727.188, 6.894,5703
 5640,48733.484, 6.299,5703
 5641,48739.602, 6.116,5703
 5642,48745.852, 6.250,5703
 5643,48752.898, 7.045,5703
 5644,48759.211, 6.313,5703
 5645,48765.430, 6.220,5703
 5646,48771.355, 5.924,5703
 5647,48777.824, 6.468,5703
 5648,48783.902, 6.080,5703
 5649,48789.852, 5.949,5703
 5650,48795.926, 6.077,5703
 5651,48802.852, 6.921,5703
 5652,48809.629, 6.781,5703
 5653,48815.598, 5.970,5703
 5654,48822.563, 6.962,5703
 5655,48828.898, 6.337,5703
 5656,48835.977, 7.079,5703
 5657,48843.738, 7.759,5703
 5658,48849.887, 6.149,5703
 5659,48855.867, 5.983,5703
 5660,48862.324, 6.456,5703
 5661,48868.629, 6.307,5703
 5662,48874.828, 6.196,5703
 5663,48881.195, 6.369,5703
 5664,48887.141, 5.946,5703
 5665,48893.227, 6.084,5703
 5666,48900.137, 6.912,5703
 5667,48906.203, 6.062,5703
 5668,48912.543, 6.343,5703
 5669,48919.414, 6.870,5703
 5670,48925.500, 6.083,5703
 5671,48932.500, 7.001,5703
 5672,48938.566, 6.070,5703
 5673,48945.316, 6.752,5703
 5674,48952.402, 7.081,5703
 5675,48960.590, 8.190,5703
 5676,48967.754, 7.164,5703
 5677,48974.395, 6.640,5703
 5678,48980.641, 6.247,5703
 5679,48987.465, 6.825,5703
 5680,48993.867, 6.399,5703
 5681,49000.063, 6.198,5703
 5682,49006.973, 6.911,5703
 5683,49014.020, 7.043,5703
 5684,49020.273, 6.255,5703
 5685,49026.469, 6.199,5703
 5686,49033.633, 7.161,5703
 5687,49040.156, 6.521,5703
 5688,49047.004, 6.850,5703
 5689,49053.273, 6.271,5703
 5690,49060.457, 7.185,5703
 5691,49067.297, 6.837,5703
 5692,49073.383, 6.087,5703
 5693,49080.680, 7.296,5703
 5694,49087.078, 6.400,5703
 5695,49093.609, 6.532,5703
 5696,49100.785, 7.176,5703
 5697,49107.145, 6.359,5703
 5698,49113.469, 6.323,5703
 5699,49119.977, 6.509,5703
 5700,49126.797, 6.819,5703
 5701,49133.758, 6.961,5703
 5702,49141.422, 7.665,5703
 5703,49148.375, 6.951,5703
 5704,49155.230, 6.855,5703
 5705,49162.746, 7.515,5703
 5706,49170.219, 7.472,5703
 5707,49177.656, 7.439,5703
 5708,49184.434, 6.780,5703
 5709,49191.164, 6.729,5703
 5710,49197.805, 6.641,5703
 5711,49204.219, 6.415,5703
 5712,49210.723, 6.504,5703
 5713,49217.277, 6.553,5703
 5714,49223.641, 6.367,5703
 5715,49230.438, 6.793,5703
 5716,49237.023, 6.585,5703
 5717,49244.535, 7.513,5703
 5718,49251.500, 6.964,5703
 5719,49258.914, 7.414,5703
 5720,49265.730, 6.816,5703
 5721,49273.328, 7.598,5703
 5722,49280.145, 6.819,5703
 5723,49286.742, 6.595,5703
 5724,49294.012, 7.268,5703
 5725,49300.078, 6.070,5703
 5726,49306.438, 6.359,5703
 5727,49313.891, 7.453,5703
 5728,49319.906, 6.013,5703
 5729,49325.852, 5.944,5703
 5730,49332.176, 6.327,5703
 5731,49338.172, 5.993,5703
 5732,49345.566, 7.399,5703
 5733,49354.477, 8.910,5703
 5734,49361.211, 6.735,5703
 5735,49367.668, 6.453,5703
 5736,49373.977, 6.311,5703
 5737,49381.258, 7.284,5703
 5738,49387.609, 6.351,5703
 5739,49394.422, 6.812,5703
 5740,49401.535, 7.112,5703
 5741,49407.605, 6.070,5703
 5742,49413.809, 6.203,5703
 5743,49420.492, 6.680,5703
 5744,49427.855, 7.366,5703
 5745,49434.004, 6.149,5703
 5746,49440.531, 6.528,5703
 5747,49446.676, 6.143,5703
 5748,49452.906, 6.230,5703
 5749,49460.605, 7.702,5703
 5750,49467.203, 6.597,5703
 5751,49473.816, 6.613,5703
 5752,49480.141, 6.325,5703
 5753,49486.539, 6.399,5703
 5754,49492.684, 6.141,5703
 5755,49498.805, 6.124,5703
 5756,49505.328, 6.520,5703
 5757,49511.203, 5.876,5703
 5758,49518.363, 7.162,5703
 5759,49524.910, 6.547,5703
 5760,49531.242, 6.331,5703
 5761,49537.449, 6.207,5703
 5762,49543.629, 6.181,5703
 5763,49549.777, 6.150,5703
 5764,49555.969, 6.191,5703
 5765,49562.520, 6.548,5703
 5766,49569.031, 6.513,5703
 5767,49575.379, 6.348,5703
 5768,49582.426, 7.045,5703
 5769,49589.328, 6.903,5703
 5770,49595.441, 6.117,5703
 5771,49601.621, 6.179,5703
 5772,49608.434, 6.809,5703
 5773,49614.559, 6.126,5703
 5774,49620.633, 6.074,5703
 5775,49627.648, 7.019,5703
 5776,49633.875, 6.225,5703
 5777,49640.258, 6.384,5703
 5778,49646.281, 6.024,5703
 5779,49652.539, 6.252,5703
 5780,49658.723, 6.188,5703
 5781,49664.934, 6.210,5703
 5782,49672.094, 7.161,5703
 5783,49678.422, 6.327,5703
 5784,49684.648, 6.228,5703
 5785,49690.805, 6.157,5703
 5786,49698.414, 7.607,5703
 5787,49705.270, 6.857,5703
 5788,49711.539, 6.265,5703
 5789,49717.938, 6.401,5703
 5790,49724.867, 6.929,5703
 5791,49731.227, 6.361,5703
 5792,49738.273, 7.048,5703
 5793,49745.891, 7.613,5703
 5794,49752.395, 6.505,5703
 5795,49759.086, 6.693,5703
 5796,49765.336, 6.248,5703
 5797,49771.570, 6.236,5703
 5798,49778.375, 6.804,5703
 5799,49784.863, 6.489,5703
 5800,49791.270, 6.408,5703
 5801,49798.293, 7.023,5703
 5802,49804.555, 6.260,5703
 5803,49811.402, 6.849,5703
 5804,49817.531, 6.125,5703
 5805,49823.770, 6.241,5703
 5806,49830.777, 7.007,5703
 5807,49836.777, 6.001,5703
 5808,49842.836, 6.057,5703
 5809,49848.852, 6.014,5703
 5810,49855.074, 6.227,5703
 5811,49861.191, 6.114,5703
 5812,49867.434, 6.245,5703
 5813,49873.738, 6.304,5703
 5814,49880.090, 6.352,5703
 5815,49886.973, 6.884,5703
 5816,49893.660, 6.682,5703
 5817,49900.258, 6.604,5703
 5818,49906.684, 6.420,5703
 5819,49913.336, 6.654,5703
 5820,49919.898, 6.564,5703
 5821,49926.566, 6.667,5703
 5822,49933.367, 6.801,5703
 5823,49939.852, 6.482,5703
 5824,49946.285, 6.437,5703
 5825,49954.047, 7.762,5703
 5826,49960.527, 6.479,5703
 5827,49967.406, 6.879,5703
 5828,49973.773, 6.369,5703
 5829,49980.434, 6.660,5703
 5830,49986.906, 6.470,5703
 5831,49994.969, 8.067,5703
 5832,50001.898, 6.928,5703
 5833,50008.547, 6.646,5703
 5834,50015.250, 6.707,5703
 5835,50023.082, 7.832,5703
 5836,50029.824, 6.739,5703
 5837,50037.012, 7.186,5703
 5838,50043.609, 6.599,5703
 5839,50049.570, 5.962,5703
 5840,50055.707, 6.136,5703
 5841,50061.895, 6.189,5703
 5842,50068.016, 6.119,5703
 5843,50074.285, 6.272,5703
 5844,50080.418, 6.131,5703
 5845,50086.605, 6.189,5703
 5846,50093.762, 7.158,5703
 5847,50100.301, 6.539,5703
 5848,50106.324, 6.017,5703
 5849,50112.402, 6.082,5703
 5850,50118.621, 6.220,5703
 5851,50124.859, 6.236,5703
 5852,50132.516, 7.656,5703
 5853,50139.996, 7.481,5703
 5854,50147.305, 7.311,5703
 5855,50153.574, 6.268,5703
 5856,50159.844, 6.267,5703
 5857,50166.055, 6.213,5703
 5858,50172.633, 6.582,5703
 5859,50179.992, 7.354,5703
 5860,50186.121, 6.134,5703
 5861,50192.250, 6.126,5703
 5862,50199.133, 6.885,5703
 5863,50206.281, 7.149,5703
 5864,50213.625, 7.341,5703
 5865,50219.824, 6.197,5703
 5866,50226.895, 7.073,5703
 5867,50233.270, 6.374,5703
 5868,50240.195, 6.923,5703
 5869,50246.305, 6.113,5703
 5870,50253.457, 7.151,5703
 5871,50259.895, 6.437,5703
 5872,50266.801, 6.907,5703
 5873,50272.902, 6.103,5703
 5874,50278.754, 5.851,5703
 5875,50284.742, 5.989,5703
 5876,50290.797, 6.054,5703
 5877,50296.793, 5.995,5703
 5878,50303.352, 6.559,5703
 5879,50310.402, 7.051,5703
 5880,50317.055, 6.652,5703
 5881,50323.395, 6.341,5703
 5882,50329.539, 6.145,5703
 5883,50335.574, 6.033,5703
 5884,50342.488, 6.912,5703
 5885,50349.539, 7.052,5703
 5886,50355.855, 6.316,5703
 5887,50362.211, 6.356,5703
 5888,50368.988, 6.777,5703
 5889,50375.051, 6.066,5703
 5890,50382.445, 7.393,5703
 5891,50389.633, 7.188,5703
 5892,50396.789, 7.157,5703
 5893,50403.141, 6.352,5703
 5894,50409.770, 6.626,5703
 5895,50416.504, 6.733,5703
 5896,50422.777, 6.276,5703
 5897,50428.945, 6.168,5703
 5898,50435.215, 6.270,5703
 5899,50441.355, 6.140,5703
 5900,50447.988, 6.633,5703
 5901,50454.684, 6.692,5703
 5902,50461.906, 7.225,5703
 5903,50469.051, 7.147,5703
 5904,50475.633, 6.582,5703
 5905,50481.871, 6.235,5703
 5906,50488.641, 6.774,5703
 5907,50495.363, 6.720,5703
 5908,50501.781, 6.418,5703
 5909,50508.500, 6.716,5703
 5910,50516.727, 8.230,5703
 5911,50525.875, 9.145,5703
 5912,50533.098, 7.227,5703
 5913,50540.184, 7.084,5703
 5914,50546.813, 6.631,5703
 5915,50553.527, 6.713,5703
 5916,50560.969, 7.445,5703
 5917,50567.488, 6.514,5703
 5918,50574.363, 6.875,5703
 5919,50581.867, 7.503,5703
 5920,50588.617, 6.753,5703
 5921,50596.141, 7.525,5703
 5922,50602.902, 6.759,5703
 5923,50609.855, 6.954,5703
 5924,50616.590, 6.735,5703
 5925,50624.258, 7.668,5703
 5926,50632.098, 7.839,5703
 5927,50638.996, 6.897,5703
 5928,50646.762, 7.767,5703
 5929,50653.582, 6.822,5703
 5930,50660.234, 6.653,5703
 5931,50666.254, 6.019,5703
 5932,50672.563, 6.307,5703
 5933,50679.406, 6.844,5703
 5934,50685.836, 6.430,5703
 5935,50692.691, 6.852,5703
 5936,50699.039, 6.350,5703
 5937,50705.820, 6.780,5703
 5938,50711.730, 5.910,5703
 5939,50718.191, 6.462,5703
 5940,50724.961, 6.770,5703
 5941,50731.797, 6.839,5703
 5942,50738.898, 7.098,5703
 5943,50746.160, 7.260,5703
 5944,50753.348, 7.190,5703
 5945,50759.465, 6.118,5703
 5946,50765.969, 6.507,5703
 5947,50771.852, 5.877,5703
 5948,50778.047, 6.197,5703
 5949,50784.168, 6.121,5703
 5950,50790.164, 5.994,5703
 5951,50796.988, 6.827,5703
 5952,50803.289, 6.300,5703
 5953,50809.914, 6.624,5703
 5954,50816.641, 6.730,5703
 5955,50822.801, 6.159,5703
 5956,50828.844, 6.042,5703
 5957,50834.949, 6.107,5703
 5958,50841.727, 6.775,5703
 5959,50848.230, 6.505,5703
 5960,50854.461, 6.231,5703
 5961,50860.457, 5.998,5703
 5962,50867.465, 7.007,5703
 5963,50874.156, 6.688,5703
 5964,50880.184, 6.029,5703
 5965,50886.910, 6.726,5703
 5966,50893.340, 6.428,5703
 5967,50899.449, 6.111,5703
 5968,50906.488, 7.039,5703
 5969,50913.836, 7.347,5703
 5970,50920.418, 6.584,5703
 5971,50927.012, 6.590,5703
 5972,50933.324, 6.315,5703
 5973,50939.586, 6.265,5703
 5974,50946.953, 7.365,5703
 5975,50953.594, 6.641,5703
 5976,50960.000, 6.404,5703
 5977,50966.371, 6.373,5703
 5978,50973.383, 7.010,5703
 5979,50979.672, 6.289,5703
 5980,50986.070, 6.401,5703
 5981,50992.211, 6.138,5703
 5982,50998.473, 6.267,5703
 5983,51004.730, 6.252,5703
 5984,51011.961, 7.234,5703
 5985,51018.203, 6.238,5703
 5986,51024.418, 6.217,5703
 5987,51030.547, 6.130,5703
 5988,51036.855, 6.308,5703
 5989,51043.000, 6.143,5703
 5990,51049.523, 6.523,5703
 5991,51056.219, 6.699,5703
 5992,51063.188, 6.964,5703
 5993,51070.301, 7.119,5703
 5994,51076.496, 6.191,5703
 5995,51083.434, 6.939,5703
 5996,51089.758, 6.326,5703
 5997,51096.219, 6.461,5703
 5998,51102.961, 6.740,5703
 5999,51110.051, 7.092,5703
 6000,51116.074, 6.021,5703
 6001,51123.059, 6.987,5703
 6002,51129.617, 6.556,5703
 6003,51136.531, 6.912,5703
 6004,51143.027, 6.498,5703
 6005,51150.520, 7.491,5703
 6006,51158.250, 7.734,5703
 6007,51165.152, 6.900,5703
 6008,51172.379, 7.226,5703
 6009,51180.258, 7.883,5703
 6010,51187.652, 7.390,5703
 6011,51195.828, 8.177,5703
 6012,51202.508, 6.677,5703
 6013,51209.207, 6.702,5703
 6014,51215.801, 6.597,5703
 6015,51223.109, 7.307,5703
 6016,51229.504, 6.393,5703
 6017,51235.906, 6.401,5703
 6018,51243.434, 7.531,5703
 6019,51250.930, 7.497,5703
 6020,51258.363, 7.429,5703
 6021,51266.500, 8.138,5703
 6022,51273.563, 7.065,5703
 6023,51279.891, 6.326,5703
 6024,51286.113, 6.225,5703
 6025,51293.195, 7.080,5703
 6026,51300.551, 7.356,5703
 6027,51307.836, 7.281,5703
 6028,51314.285, 6.454,5703
 6029,51321.504, 7.216,5703
 6030,51327.672, 6.167,5703
 6031,51333.867, 6.198,5703
 6032,51340.832, 6.964,5703
 6033,51347.090, 6.258,5703
 6034,51353.270, 6.181,5703
 6035,51359.730, 6.462,5703
 6036,51366.727, 6.994,5703
 6037,51374.191, 7.464,5703
 6038,51380.441, 6.250,5703
 6039,51386.863, 6.421,5703
 6040,51392.992, 6.129,5703
 6041,51399.297, 6.306,5703
 6042,51406.723, 7.426,5703
 6043,51412.875, 6.151,5703
 6044,51418.945, 6.071,5703
 6045,51425.723, 6.777,5703
 6046,51431.762, 6.041,5703
 6047,51438.719, 6.955,5703
 6048,51445.738, 7.020,5703
 6049,51451.805, 6.069,5703
 6050,51458.289, 6.484,5703
 6051,51464.699, 6.410,5703
 6052,51471.039, 6.337,5703
 6053,51477.566, 6.530,5703
 6054,51484.121, 6.556,5703
 6055,51490.539, 6.417,5703
 6056,51496.684, 6.142,5703
 6057,51503.082, 6.402,5703
 6058,51509.172, 6.087,5703
 6059,51515.184, 6.012,5703
 6060,51522.074, 6.892,5703
 6061,51528.000, 5.924,5703
 6062,51533.988, 5.985,5703
 6063,51540.215, 6.231,5703
 6064,51547.164, 6.949,5703
 6065,51554.234, 7.068,5703
 6066,51561.207, 6.975,5703
 6067,51568.227, 7.021,5703
 6068,51575.172, 6.940,5703
 6069,51581.438, 6.269,5703
 6070,51588.043, 6.607,5703
 6071,51594.203, 6.159,5703
 6072,51600.512, 6.307,5703
 6073,51606.660, 6.147,5703
 6074,51613.051, 6.393,5703
 6075,51619.113, 6.063,5703
 6076,51625.215, 6.100,5703
 6077,51631.234, 6.023,5703
 6078,51638.039, 6.802,5703
 6079,51644.141, 6.104,5703
 6080,51650.137, 5.998,5703
 6081,51656.363, 6.223,5703
 6082,51662.742, 6.380,5703
 6083,51668.852, 6.106,5703
 6084,51676.508, 7.655,5703
 6085,51683.758, 7.254,5703
 6086,51691.914, 8.155,5703
 6087,51699.699, 7.787,5703
 6088,51706.285, 6.587,5703
 6089,51712.387, 6.100,5703
 6090,51718.570, 6.183,5703
 6091,51724.898, 6.329,5703
 6092,51731.570, 6.673,5703
 6093,51738.363, 6.792,5703
 6094,51744.703, 6.338,5703
 6095,51750.930, 6.230,5703
 6096,51756.988, 6.053,5703
 6097,51763.539, 6.552,5703
 6098,51769.773, 6.237,5703
 6099,51776.207, 6.432,5703
 6100,51782.383, 6.175,5703
 6101,51789.281, 6.903,5703
 6102,51796.070, 6.787,5703
 6103,51802.535, 6.464,5703
 6104,51809.535, 6.999,5703
 6105,51815.883, 6.347,5703
 6106,51822.418, 6.536,5703
 6107,51828.754, 6.339,5703
 6108,51835.004, 6.245,5703
 6109,51841.410, 6.409,5703
 6110,51847.922, 6.513,5703
 6111,51854.523, 6.600,5703
 6112,51860.742, 6.220,5703
 6113,51867.969, 7.227,5703
 6114,51874.762, 6.790,5703
 6115,51881.473, 6.712,5703
 6116,51888.402, 6.931,5703
 6117,51894.965, 6.564,5703
 6118,51901.793, 6.829,5703
 6119,51908.852, 7.056,5703
 6120,51915.488, 6.635,5703
 6121,51922.047, 6.559,5703
 6122,51928.465, 6.418,5703
 6123,51935.680, 7.215,5703
 6124,51942.453, 6.776,5703
 6125,51949.332, 6.877,5703
 6126,51956.633, 7.300,5703
 6127,51963.262, 6.630,5703
 6128,51969.586, 6.325,5703
 6129,51975.914, 6.329,5703
 6130,51982.445, 6.531,5703
 6131,51989.945, 7.499,5703
 6132,51996.680, 6.733,5703
 6133,52003.547, 6.866,5703
 6134,52011.602, 8.055,5703
 6135,52019.492, 7.890,5703
 6136,52025.578, 6.088,5703
 6137,52032.398, 6.819,5703
 6138,52038.617, 6.223,5703
 6139,52046.074, 7.456,5703
 6140,52052.098, 6.022,5703
 6141,52058.020, 5.921,5703
 6142,52065.133, 7.114,5703
 6143,52071.168, 6.034,5703
 6144,52078.066, 6.900,5703
 6145,52086.242, 8.173,5703
 6146,52093.094, 6.855,5703
 6147,52099.500, 6.405,5703
 6148,52105.605, 6.107,5703
 6149,52112.547, 6.940,5703
 6150,52119.883, 7.337,5703
 6151,52126.352, 6.466,5703
 6152,52133.355, 7.003,5703
 6153,52140.406, 7.053,5703
 6154,52146.594, 6.189,5703
 6155,52152.867, 6.269,5703
 6156,52159.914, 7.050,5703
 6157,52165.953, 6.038,5703
 6158,52172.676, 6.722,5703
 6159,52178.859, 6.186,5703
 6160,52185.340, 6.477,5703
 6161,52191.578, 6.242,5703
 6162,52197.730, 6.149,5703
 6163,52204.121, 6.395,5703
 6164,52210.547, 6.421,5703
 6165,52216.938, 6.393,5703
 6166,52223.688, 6.748,5703
 6167,52230.984, 7.296,5703
 6168,52238.129, 7.151,5703
 6169,52244.617, 6.485,5703
 6170,52250.699, 6.082,5703
 6171,52256.773, 6.075,5703
 6172,52263.289, 6.518,5703
 6173,52269.773, 6.481,5703
 6174,52275.766, 5.993,5703
 6175,52282.461, 6.696,5703
 6176,52288.617, 6.157,5703
 6177,52294.883, 6.262,5703
 6178,52300.949, 6.070,5703
 6179,52307.066, 6.114,5703
 6180,52313.555, 6.489,5703
 6181,52320.664, 7.109,5703
 6182,52327.445, 6.784,5703
 6183,52334.707, 7.258,5703
 6184,52340.891, 6.183,5703
 6185,52347.055, 6.165,5703
 6186,52354.004, 6.949,5703
 6187,52360.043, 6.039,5703
 6188,52367.078, 7.036,5703
 6189,52373.008, 5.928,5703
 6190,52379.910, 6.904,5703
 6191,52386.004, 6.091,5703
 6192,52392.105, 6.107,5703
 6193,52398.691, 6.584,5703
 6194,52405.496, 6.803,5703
 6195,52411.625, 6.130,5703
 6196,52417.652, 6.026,5703
 6197,52424.844, 7.194,5703
 6198,52432.699, 7.852,5703
 6199,52440.133, 7.438,5703
 6200,52447.492, 7.354,5703
 6201,52454.879, 7.390,5703
 6202,52461.273, 6.394,5703
 6203,52467.773, 6.501,5703
 6204,52475.996, 8.222,5703
 6205,52484.438, 8.443,5703
 6206,52491.082, 6.644,5703
 6207,52497.668, 6.585,5703
 6208,52504.820, 7.153,5703
 6209,52511.371, 6.551,5703
 6210,52517.594, 6.225,5703
 6211,52523.754, 6.158,5703
 6212,52530.445, 6.692,5703
 6213,52536.977, 6.534,5703
 6214,52543.723, 6.741,5703
 6215,52550.004, 6.282,5703
 6216,52556.207, 6.202,5703
 6217,52562.371, 6.167,5703
 6218,52569.172, 6.799,5703
 6219,52575.344, 6.172,5703
 6220,52581.570, 6.225,5703
 6221,52587.902, 6.334,5703
 6222,52594.785, 6.882,5703
 6223,52602.523, 7.740,5703
 6224,52610.430, 7.905,5703
 6225,52617.602, 7.175,5703
 6226,52624.090, 6.486,5703
 6227,52632.109, 8.021,5703
 6228,52638.973, 6.863,5703
 6229,52645.961, 6.990,5703
 6230,52652.891, 6.927,5703
 6231,52659.617, 6.728,5703
 6232,52666.188, 6.565,5703
 6233,52672.676, 6.489,5703
 6234,52679.883, 7.209,5703
 6235,52687.262, 7.381,5703
 6236,52693.902, 6.638,5703
 6237,52702.172, 8.269,5703
 6238,52708.977, 6.807,5703
 6239,52715.945, 6.967,5703
 6240,52723.535, 7.589,5703
 6241,52731.281, 7.751,5703
 6242,52738.938, 7.652,5703
 6243,52745.699, 6.764,5703
 6244,52753.281, 7.582,5703
 6245,52761.195, 7.913,5703
 6246,52767.973, 6.780,5703
 6247,52775.027, 7.053,5703
 6248,52782.465, 7.437,5703
 6249,52789.465, 7.002,5703
 6250,52795.613, 6.147,5703
 6251,52801.883, 6.269,5703
 6252,52808.004, 6.120,5703
 6253,52814.133, 6.132,5703
 6254,52820.363, 6.229,5703
 6255,52826.777, 6.414,5703
 6256,52833.965, 7.187,5703
 6257,52840.141, 6.178,5703
 6258,52846.199, 6.055,5703
 6259,52852.535, 6.335,5703
 6260,52859.012, 6.478,5703
 6261,52865.410, 6.398,5703
 6262,52871.715, 6.305,5703
 6263,52878.844, 7.129,5703
 6264,52886.070, 7.228,5703
 6265,52893.375, 7.303,5703
 6266,52899.652, 6.274,5703
 6267,52906.730, 7.084,5703
 6268,52913.820, 7.088,5703
 6269,52920.242, 6.423,5703
 6270,52926.691, 6.445,5703
 6271,52932.844, 6.153,5703
 6272,52939.703, 6.860,5703
 6273,52946.023, 6.322,5703
 6274,52952.320, 6.296,5703
 6275,52958.938, 6.621,5703
 6276,52965.875, 6.933,5703
 6277,52972.641, 6.770,5703
 6278,52979.059, 6.415,5703
 6279,52986.266, 7.206,5703
 6280,52992.707, 6.443,5703
 6281,52998.941, 6.236,5703
 6282,53005.266, 6.321,5703
 6283,53012.191, 6.925,5703
 6284,53018.332, 6.139,5703
 6285,53024.531, 6.200,5703
 6286,53030.723, 6.193,5703
 6287,53036.895, 6.172,5703
 6288,53043.762, 6.869,5703
 6289,53050.434, 6.674,5703
 6290,53056.582, 6.146,5703
 6291,53063.285, 6.705,5703
 6292,53069.500, 6.209,5703
 6293,53076.043, 6.545,5703
 6294,53082.371, 6.329,5703
 6295,53089.500, 7.127,5703
 6296,53096.098, 6.601,5703
 6297,53102.305, 6.209,5703
 6298,53108.664, 6.354,5703
 6299,53114.945, 6.283,5703
 6300,53122.137, 7.195,5703
 6301,53128.254, 6.115,5703
 6302,53134.855, 6.601,5703
 6303,53141.734, 6.880,5703
 6304,53148.434, 6.700,5703
 6305,53154.555, 6.117,5703
 6306,53161.504, 6.951,5703
 6307,53167.516, 6.011,5703
 6308,53174.078, 6.563,5703
 6309,53181.348, 7.271,5703
 6310,53187.652, 6.300,5703
 6311,53194.188, 6.538,5703
 6312,53202.074, 7.887,5703
 6313,53209.023, 6.949,5703
 6314,53216.250, 7.228,5703
 6315,53223.559, 7.307,5703
 6316,53230.234, 6.678,5703
 6317,53236.418, 6.182,5703
 6318,53242.938, 6.521,5703
 6319,53249.676, 6.738,5703
 6320,53257.008, 7.331,5703
 6321,53265.086, 8.079,5703
 6322,53273.305, 8.222,5703
 6323,53281.059, 7.752,5703
 6324,53288.359, 7.297,5703
 6325,53295.730, 7.373,5703
 6326,53302.602, 6.871,5703
 6327,53310.371, 7.771,5703
 6328,53317.102, 6.731,5703
 6329,53324.328, 7.223,5703
 6330,53331.430, 7.105,5703
 6331,53338.586, 7.156,5703
 6332,53346.129, 7.542,5703
 6333,53352.531, 6.402,5703
 6334,53359.484, 6.951,5703
 6335,53366.523, 7.041,5703
 6336,53373.410, 6.889,5703
 6337,53381.012, 7.597,5703
 6338,53389.133, 8.125,5703
 6339,53396.219, 7.085,5703
 6340,53402.426, 6.208,5703
 6341,53408.609, 6.182,5703
 6342,53415.148, 6.535,5703
 6343,53421.406, 6.262,5703
 6344,53427.617, 6.214,5703
 6345,53434.617, 6.996,5703
 6346,53440.879, 6.263,5703
 6347,53447.051, 6.171,5703
 6348,53453.473, 6.423,5703
 6349,53460.492, 7.019,5703
 6350,53466.926, 6.434,5703
 6351,53473.188, 6.258,5703
 6352,53479.465, 6.282,5703
 6353,53485.520, 6.053,5703
 6354,53492.754, 7.237,5703
 6355,53499.469, 6.714,5703
 6356,53505.652, 6.180,5703
 6357,53511.961, 6.314,5703
 6358,53518.105, 6.144,5703
 6359,53524.551, 6.442,5703
 6360,53531.598, 7.048,5703
 6361,53537.734, 6.137,5703
 6362,53544.523, 6.789,5703
 6363,53550.578, 6.056,5703
 6364,53556.594, 6.014,5703
 6365,53562.629, 6.035,5703
 6366,53569.652, 7.020,5703
 6367,53576.609, 6.960,5703
 6368,53582.891, 6.283,5703
 6369,53589.129, 6.239,5703
 6370,53595.488, 6.356,5703
 6371,53602.043, 6.557,5703
 6372,53609.238, 7.195,5703
 6373,53616.129, 6.893,5703
 6374,53622.234, 6.104,5703
 6375,53629.355, 7.119,5703
 6376,53635.441, 6.089,5703
 6377,53641.641, 6.197,5703
 6378,53647.867, 6.223,5703
 6379,53656.074, 8.209,5703
 6380,53664.137, 8.066,5703
 6381,53670.738, 6.599,5703
 6382,53677.789, 7.051,5703
 6383,53684.004, 6.212,5703
 6384,53690.328, 6.326,5703
 6385,53696.770, 6.444,5703
 6386,53703.012, 6.239,5703
 6387,53710.316, 7.305,5703
 6388,53716.875, 6.557,5703
 6389,53724.008, 7.134,5703
 6390,53730.805, 6.801,5703
 6391,53737.660, 6.852,5703
 6392,53743.793, 6.135,5703
 6393,53749.969, 6.176,5703
 6394,53756.234, 6.262,5703
 6395,53762.688, 6.455,5703
 6396,53768.949, 6.262,5703
 6397,53775.129, 6.182,5703
 6398,53781.898, 6.769,5703
 6399,53788.336, 6.433,5703
 6400,53794.617, 6.285,5703
 6401,53800.867, 6.246,5703
 6402,53807.180, 6.315,5703
 6403,53814.574, 7.395,5703
 6404,53821.551, 6.976,5703
 6405,53829.035, 7.484,5703
 6406,53835.785, 6.753,5703
 6407,53842.734, 6.946,5703
 6408,53849.961, 7.229,5703
 6409,53857.137, 7.174,5703
 6410,53864.285, 7.150,5703
 6411,53871.828, 7.540,5703
 6412,53878.770, 6.944,5703
 6413,53885.938, 7.169,5703
 6414,53893.383, 7.444,5703
 6415,53900.547, 7.163,5703
 6416,53908.629, 8.084,5703
 6417,53915.648, 7.016,5703
 6418,53923.535, 7.889,5703
 6419,53930.805, 7.270,5703
 6420,53937.730, 6.925,5703
 6421,53944.750, 7.019,5703
 6422,53951.746, 6.996,5703
 6423,53959.672, 7.926,5703
 6424,53966.648, 6.974,5703
 6425,53973.402, 6.755,5703
 6426,53980.910, 7.509,5703
 6427,53987.586, 6.678,5703
 6428,53994.652, 7.061,5703
 6429,54001.461, 6.814,5703
 6430,54008.160, 6.697,5703
 6431,54015.109, 6.952,5703
 6432,54021.875, 6.764,5703
 6433,54029.109, 7.235,5703
 6434,54035.953, 6.843,5703
 6435,54044.500, 8.546,5703
 6436,54052.922, 8.425,5703
 6437,54060.035, 7.108,5703
 6438,54067.168, 7.135,5703
 6439,54074.410, 7.242,5703
 6440,54080.918, 6.508,5703
 6441,54087.430, 6.512,5703
 6442,54094.242, 6.812,5703
 6443,54100.539, 6.296,5703
 6444,54107.254, 6.716,5703
 6445,54113.781, 6.528,5703
 6446,54120.273, 6.493,5703
 6447,54126.594, 6.322,5703
 6448,54133.227, 6.632,5703
 6449,54140.051, 6.824,5703
 6450,54146.445, 6.393,5703
 6451,54153.859, 7.411,5703
 6452,54160.488, 6.630,5703
 6453,54167.730, 7.244,5703
 6454,54174.980, 7.250,5703
 6455,54181.313, 6.330,5703
 6456,54187.754, 6.445,5703
 6457,54194.949, 7.195,5703
 6458,54201.625, 6.674,5703
 6459,54208.027, 6.400,5703
 6460,54214.137, 6.115,5703
 6461,54221.363, 7.223,5703
 6462,54227.832, 6.468,5703
 6463,54234.227, 6.396,5703
 6464,54240.738, 6.513,5703
 6465,54248.238, 7.500,5703
 6466,54254.676, 6.437,5703
 6467,54261.215, 6.538,5703
 6468,54268.465, 7.251,5703
 6469,54274.805, 6.341,5703
 6470,54281.242, 6.435,5703
 6471,54287.625, 6.387,5703
 6472,54294.148, 6.518,5703
 6473,54300.301, 6.155,5703
 6474,54306.715, 6.412,5703
 6475,54313.047, 6.332,5703
 6476,54319.992, 6.945,5703
 6477,54326.262, 6.271,5703
 6478,54332.914, 6.654,5703
 6479,54339.934, 7.018,5703
 6480,54346.305, 6.371,5703
 6481,54353.148, 6.840,5703
 6482,54359.547, 6.401,5703
 6483,54366.590, 7.044,5703
 6484,54373.863, 7.274,5703
 6485,54379.961, 6.097,5703
 6486,54386.355, 6.392,5703
 6487,54392.785, 6.435,5703
 6488,54399.922, 7.134,5703
 6489,54406.227, 6.304,5703
 6490,54412.449, 6.227,5703
 6491,54419.906, 7.455,5703
 6492,54427.617, 7.709,5703
 6493,54435.539, 7.923,5703
 6494,54443.965, 8.426,5703
 6495,54451.023, 7.057,5703
 6496,54458.383, 7.359,5703
 6497,54465.570, 7.189,5703
 6498,54472.219, 6.649,5703
 6499,54478.539, 6.319,5703
 6500,54484.980, 6.439,5703
 6501,54492.266, 7.287,5703
 6502,54499.512, 7.246,5703
 6503,54505.863, 6.352,5703
 6504,54512.172, 6.308,5703
 6505,54518.668, 6.496,5703
 6506,54525.262, 6.597,5703
 6507,54531.738, 6.475,5703
 6508,54538.840, 7.101,5703
 6509,54545.410, 6.572,5703
 6510,54551.879, 6.466,5703
 6511,54559.355, 7.479,5703
 6512,54566.508, 7.151,5703
 6513,54573.012, 6.504,5703
 6514,54579.660, 6.646,5703
 6515,54586.371, 6.712,5703
 6516,54593.664, 7.294,5703
 6517,54600.988, 7.324,5703
 6518,54607.793, 6.809,5703
 6519,54614.820, 7.021,5703
 6520,54621.379, 6.562,5703
 6521,54629.270, 7.892,5703
 6522,54636.551, 7.280,5703
 6523,54643.301, 6.751,5703
 6524,54650.082, 6.782,5703
 6525,54656.930, 6.848,5703
 6526,54663.766, 6.834,5703
 6527,54672.324, 8.556,5703
 6528,54679.238, 6.917,5703
 6529,54686.234, 6.994,5703
 6530,54693.414, 7.181,5703
 6531,54700.086, 6.671,5703
 6532,54707.082, 6.999,5703
 6533,54714.777, 7.692,5703
 6534,54722.578, 7.800,5703
 6535,54729.039, 6.463,5703
 6536,54735.734, 6.695,5703
 6537,54742.332, 6.594,5703
 6538,54749.363, 7.034,5703
 6539,54756.328, 6.964,5703
 6540,54764.742, 8.415,5703
 6541,54772.730, 7.989,5703
 6542,54780.074, 7.342,5703
 6543,54786.461, 6.389,5703
 6544,54792.828, 6.364,5703
 6545,54799.133, 6.310,5703
 6546,54806.469, 7.334,5703
 6547,54813.035, 6.566,5703
 6548,54819.539, 6.504,5703
 6549,54826.980, 7.441,5703
 6550,54835.246, 8.266,5703
 6551,54842.980, 7.733,5703
 6552,54849.195, 6.217,5703
 6553,54856.621, 7.425,5703
 6554,54863.098, 6.479,5703
 6555,54870.316, 7.212,5703
 6556,54877.445, 7.134,5703
 6557,54884.734, 7.289,5703
 6558,54891.320, 6.584,5703
 6559,54897.926, 6.607,5703
 6560,54904.746, 6.822,5703
 6561,54911.852, 7.101,5703
 6562,54918.676, 6.824,5703
 6563,54925.152, 6.478,5703
 6564,54931.598, 6.446,5703
 6565,54938.738, 7.143,5703
 6566,54945.121, 6.383,5703
 6567,54952.348, 7.222,5703
 6568,54958.691, 6.346,5703
 6569,54965.770, 7.080,5703
 6570,54972.098, 6.329,5703
 6571,54979.148, 7.047,5703
 6572,54985.781, 6.634,5703
 6573,54992.609, 6.828,5703
 6574,54999.398, 6.789,5703
 6575,55005.578, 6.179,5703
 6576,55012.898, 7.323,5703
 6577,55019.059, 6.158,5703
 6578,55025.418, 6.362,5703
 6579,55031.707, 6.288,5703
 6580,55038.031, 6.321,5703
 6581,55044.289, 6.259,5703
 6582,55050.758, 6.470,5703
 6583,55057.633, 6.875,5703
 6584,55064.074, 6.440,5703
 6585,55070.371, 6.297,5703
 6586,55076.645, 6.274,5703
 6587,55083.176, 6.529,5703
 6588,55089.828, 6.654,5703
 6589,55096.676, 6.845,5703
 6590,55103.836, 7.163,5703
 6591,55110.289, 6.456,5703
 6592,55116.582, 6.290,5703
 6593,55123.055, 6.474,5703
 6594,55129.590, 6.535,5703
 6595,55136.020, 6.428,5703
 6596,55142.332, 6.312,5703
 6597,55148.684, 6.351,5703
 6598,55155.762, 7.083,5703
 6599,55162.172, 6.405,5703
 6600,55168.336, 6.165,5703
 6601,55174.832, 6.495,5703
 6602,55181.422, 6.594,5703
 6603,55188.711, 7.286,5703
 6604,55196.430, 7.722,5703
 6605,55203.750, 7.319,5703
 6606,55212.223, 8.473,5703
 6607,55220.895, 8.672,5703
 6608,55228.902, 8.008,5703
 6609,55236.242, 7.341,5703
 6610,55243.289, 7.046,5703
 6611,55249.660, 6.368,5703
 6612,55257.301, 7.643,5703
 6613,55264.914, 7.615,5703
 6614,55271.332, 6.412,5703
 6615,55278.094, 6.767,5703
 6616,55284.660, 6.564,5703
 6617,55291.406, 6.748,5703
 6618,55298.172, 6.763,5703
 6619,55305.914, 7.743,5703
 6620,55312.633, 6.722,5703
 6621,55320.105, 7.471,5703
 6622,55326.449, 6.346,5703
 6623,55333.430, 6.978,5703
 6624,55341.070, 7.640,5703
 6625,55348.477, 7.403,5703
 6626,55355.441, 6.971,5703
 6627,55362.195, 6.748,5703
 6628,55369.746, 7.554,5703
 6629,55376.785, 7.040,5703
 6630,55383.934, 7.148,5703
 6631,55391.125, 7.191,5703
 6632,55399.277, 8.154,5703
 6633,55406.004, 6.723,5703
 6634,55414.293, 8.293,5703
 6635,55421.586, 7.290,5703
 6636,55429.016, 7.430,5703
 6637,55436.590, 7.576,5703
 6638,55444.594, 8.001,5703
 6639,55451.563, 6.972,5703
 6640,55458.813, 7.246,5703
 6641,55465.707, 6.897,5703
 6642,55472.387, 6.678,5703
 6643,55479.258, 6.871,5703
 6644,55486.953, 7.696,5703
 6645,55493.926, 6.975,5703
 6646,55501.004, 7.073,5703
 6647,55507.891, 6.891,5703
 6648,55515.789, 7.900,5703
 6649,55523.574, 7.782,5703
 6650,55530.238, 6.665,5703
 6651,55536.609, 6.373,5703
 6652,55542.922, 6.313,5703
 6653,55550.172, 7.244,5703
 6654,55557.391, 7.221,5703
 6655,55563.980, 6.587,5703
 6656,55570.320, 6.343,5703
 6657,55576.660, 6.337,5703
 6658,55583.082, 6.425,5703
 6659,55590.637, 7.557,5703
 6660,55597.938, 7.299,5703
 6661,55605.801, 7.864,5703
 6662,55613.504, 7.701,5703
 6663,55620.520, 7.016,5703
 6664,55628.379, 7.860,5703
 6665,55635.117, 6.741,5703
 6666,55641.609, 6.489,5703
 6667,55648.113, 6.505,5703
 6668,55655.293, 7.182,5703
 6669,55662.750, 7.456,5703
 6670,55669.965, 7.215,5703
 6671,55677.324, 7.355,5703
 6672,55683.578, 6.255,5703
 6673,55689.930, 6.356,5703
 6674,55697.250, 7.316,5703
 6675,55703.918, 6.669,5703
 6676,55710.656, 6.736,5703
 6677,55717.242, 6.587,5703
 6678,55723.617, 6.380,5703
 6679,55730.617, 6.997,5703
 6680,55737.789, 7.173,5703
 6681,55744.441, 6.654,5703
 6682,55752.203, 7.760,5703
 6683,55758.602, 6.397,5703
 6684,55765.285, 6.684,5703
 6685,55771.754, 6.468,5703
 6686,55779.102, 7.348,5703
 6687,55786.793, 7.692,5703
 6688,55793.117, 6.326,5703
 6689,55799.445, 6.328,5703
 6690,55806.285, 6.839,5703
 6691,55812.594, 6.310,5703
 6692,55818.867, 6.268,5703
 6693,55825.156, 6.292,5703
 6694,55831.402, 6.246,5703
 6695,55839.531, 8.128,5703
 6696,55846.887, 7.356,5703
 6697,55853.449, 6.565,5703
 6698,55860.563, 7.113,5703
 6699,55866.938, 6.374,5703
 6700,55873.371, 6.431,5703
 6701,55880.047, 6.676,5703
 6702,55886.801, 6.758,5703
 6703,55893.234, 6.432,5703
 6704,55899.480, 6.242,5703
 6705,55905.789, 6.312,5703
 6706,55912.199, 6.410,5703
 6707,55920.227, 8.029,5703
 6708,55927.754, 7.527,5703
 6709,55935.395, 7.637,5703
 6710,55942.832, 7.439,5703
 6711,55951.078, 8.246,5703
 6712,55958.074, 6.999,5703
 6713,55965.359, 7.281,5703
 6714,55973.211, 7.852,5703
 6715,55979.730, 6.523,5703
 6716,55986.164, 6.429,5703
 6717,55993.434, 7.272,5703
 6718,56002.684, 9.249,5703
 6719,56011.156, 8.471,5671
 6720,56018.430, 7.277,5671
 6721,56025.953, 7.525,5671
 6722,56034.691, 8.733,5671
 6723,56042.059, 7.369,5671
 6724,56048.996, 6.938,5671
 6725,56056.605, 7.612,5671
 6726,56064.484, 7.873,5671
 6727,56071.984, 7.502,5671
 6728,56078.867, 6.884,5671
 6729,56087.246, 8.379,5671
 6730,56094.137, 6.894,5671
 6731,56102.445, 8.307,5671
 6732,56109.332, 6.883,5671
 6733,56117.031, 7.702,5671
 6734,56125.477, 8.442,5671
 6735,56132.496, 7.020,5671
 6736,56139.770, 7.276,5671
 6737,56146.355, 6.584,5671
 6738,56153.418, 7.067,5671
 6739,56160.984, 7.562,5671
 6740,56167.449, 6.467,5671
 6741,56175.004, 7.554,5671
 6742,56181.371, 6.369,5671
 6743,56188.492, 7.120,5671
 6744,56194.688, 6.193,5671
 6745,56201.785, 7.099,5671
 6746,56209.172, 7.388,5671
 6747,56215.492, 6.319,5671
 6748,56221.859, 6.366,5671
 6749,56228.156, 6.296,5671
 6750,56234.559, 6.406,5671
 6751,56241.137, 6.579,5671
 6752,56247.531, 6.393,5671
 6753,56253.984, 6.450,5671
 6754,56261.039, 7.057,5671
 6755,56268.113, 7.075,5671
 6756,56274.961, 6.848,5671
 6757,56281.563, 6.602,5671
 6758,56287.902, 6.339,5671
 6759,56294.422, 6.520,5671
 6760,56300.742, 6.320,5671
 6761,56307.191, 6.449,5671
 6762,56314.445, 7.255,5671
 6763,56321.527, 7.079,5671
 6764,56328.582, 7.057,5671
 6765,56336.113, 7.533,5671
 6766,56342.824, 6.708,5671
 6767,56350.074, 7.249,5671
 6768,56357.363, 7.290,5671
 6769,56363.754, 6.393,5671
 6770,56370.660, 6.905,5671
 6771,56377.453, 6.795,5671
 6772,56384.129, 6.674,5671
 6773,56391.922, 7.791,5671
 6774,56399.465, 7.547,5671
 6775,56406.699, 7.231,5671
 6776,56414.035, 7.336,5671
 6777,56422.535, 8.501,5671
 6778,56429.906, 7.371,5671
 6779,56436.480, 6.571,5671
 6780,56443.234, 6.758,5671
 6781,56449.594, 6.358,5671
 6782,56455.883, 6.288,5671
 6783,56462.320, 6.438,5671
 6784,56468.922, 6.603,5671
 6785,56476.313, 7.387,5671
 6786,56483.164, 6.852,5671
 6787,56490.441, 7.282,5671
 6788,56497.156, 6.709,5671
 6789,56503.688, 6.534,5671
 6790,56510.684, 6.997,5671
 6791,56518.574, 7.891,5671
 6792,56524.820, 6.243,5671
 6793,56531.953, 7.135,5671
 6794,56538.324, 6.369,5671
 6795,56544.969, 6.651,5671
 6796,56551.465, 6.493,5671
 6797,56558.117, 6.652,5671
 6798,56564.613, 6.497,5671
 6799,56571.172, 6.555,5671
 6800,56578.141, 6.967,5671
 6801,56585.418, 7.283,5671
 6802,56592.266, 6.849,5671
 6803,56599.113, 6.845,5671
 6804,56605.738, 6.625,5671
 6805,56612.676, 6.935,5671
 6806,56619.613, 6.942,5671
 6807,56626.461, 6.848,5671
 6808,56633.449, 6.987,5671
 6809,56640.617, 7.170,5671
 6810,56647.273, 6.653,5671
 6811,56654.219, 6.947,5671
 6812,56660.770, 6.550,5671
 6813,56667.754, 6.982,5671
 6814,56675.531, 7.776,5671
 6815,56682.309, 6.779,5671
 6816,56689.551, 7.244,5671
 6817,56696.727, 7.176,5671
 6818,56703.492, 6.761,5671
 6819,56710.461, 6.974,5671
 6820,56717.180, 6.716,5671
 6821,56724.816, 7.636,5671
 6822,56731.961, 7.147,5671
 6823,56739.863, 7.902,5671
 6824,56747.145, 7.280,5671
 6825,56754.023, 6.878,5671
 6826,56761.113, 7.091,5671
 6827,56767.852, 6.740,5671
 6828,56776.711, 8.858,5671
 6829,56784.484, 7.771,5671
 6830,56791.383, 6.902,5671
 6831,56799.105, 7.725,5671
 6832,56805.633, 6.525,5671
 6833,56812.891, 7.255,5671
 6834,56819.453, 6.567,5671
 6835,56826.258, 6.801,5671
 6836,56832.609, 6.354,5671
 6837,56839.727, 7.117,5671
 6838,56846.211, 6.482,5671
 6839,56853.344, 7.133,5671
 6840,56859.879, 6.536,5671
 6841,56866.355, 6.476,5671
 6842,56873.230, 6.876,5671
 6843,56880.801, 7.573,5671
 6844,56887.328, 6.522,5671
 6845,56894.000, 6.672,5671
 6846,56901.219, 7.219,5671
 6847,56908.824, 7.607,5671
 6848,56916.402, 7.578,5671
 6849,56922.723, 6.323,5671
 6850,56929.551, 6.827,5671
 6851,56937.348, 7.797,5671
 6852,56944.133, 6.787,5671
 6853,56950.402, 6.265,5671
 6854,56956.871, 6.470,5671
 6855,56963.113, 6.245,5671
 6856,56969.531, 6.414,5671
 6857,56976.523, 6.995,5671
 6858,56983.777, 7.253,5671
 6859,56990.258, 6.483,5671
 6860,56997.109, 6.851,5671
 6861,57003.586, 6.476,5671
 6862,57011.047, 7.458,5671
 6863,57017.590, 6.546,5671
 6864,57024.086, 6.495,5671
 6865,57030.484, 6.396,5671
 6866,57037.227, 6.742,5671
 6867,57044.363, 7.136,5671
 6868,57050.598, 6.238,5671
 6869,57056.980, 6.380,5671
 6870,57063.465, 6.486,5671
 6871,57069.887, 6.422,5671
 6872,57076.352, 6.463,5671
 6873,57082.875, 6.527,5671
 6874,57089.477, 6.599,5671
 6875,57096.094, 6.618,5671
 6876,57102.938, 6.844,5671
 6877,57109.156, 6.217,5671
 6878,57115.922, 6.769,5671
 6879,57122.703, 6.780,5671
 6880,57129.242, 6.540,5671
 6881,57135.570, 6.328,5671
 6882,57141.922, 6.351,5671
 6883,57148.148, 6.224,5671
 6884,57154.746, 6.598,5671
 6885,57161.402, 6.656,5671
 6886,57169.238, 7.838,5671
 6887,57177.379, 8.141,5671
 6888,57184.063, 6.682,5671
 6889,57190.836, 6.774,5671
 6890,57197.336, 6.499,5671
 6891,57205.027, 7.690,5671
 6892,57211.457, 6.432,5671
 6893,57218.289, 6.832,5671
 6894,57225.270, 6.983,5671
 6895,57231.699, 6.426,5671
 6896,57238.172, 6.474,5671
 6897,57245.102, 6.931,5671
 6898,57253.004, 7.899,5671
 6899,57260.117, 7.117,5671
 6900,57267.133, 7.015,5671
 6901,57273.973, 6.838,5671
 6902,57280.828, 6.855,5671
 6903,57287.359, 6.531,5671
 6904,57295.020, 7.659,5671
 6905,57301.430, 6.414,5671
 6906,57308.297, 6.868,5671
 6907,57314.801, 6.503,5671
 6908,57321.828, 7.024,5671
 6909,57329.891, 8.063,5671
 6910,57337.813, 7.924,5671
 6911,57345.094, 7.283,5671
 6912,57352.551, 7.455,5671
 6913,57360.047, 7.495,5671
 6914,57368.098, 8.055,5671
 6915,57375.125, 7.025,5671
 6916,57383.180, 8.055,5671
 6917,57391.184, 8.001,5671
 6918,57398.031, 6.850,5671
 6919,57405.082, 7.052,5671
 6920,57411.832, 6.748,5671
 6921,57420.063, 8.232,5671
 6922,57427.234, 7.170,5671
 6923,57434.988, 7.751,5671
 6924,57442.508, 7.523,5671
 6925,57449.492, 6.981,5671
 6926,57456.559, 7.071,5671
 6927,57463.219, 6.657,5671
 6928,57470.168, 6.950,5671
 6929,57477.258, 7.090,5671
 6930,57484.605, 7.351,5671
 6931,57491.988, 7.381,5671
 6932,57499.309, 7.316,5671
 6933,57506.508, 7.200,5671
 6934,57513.094, 6.591,5671
 6935,57520.051, 6.956,5671
 6936,57526.234, 6.183,5671
 6937,57532.594, 6.360,5671
 6938,57539.309, 6.714,5671
 6939,57545.859, 6.550,5671
 6940,57552.543, 6.684,5671
 6941,57560.066, 7.525,5671
 6942,57568.641, 8.570,5671
 6943,57575.527, 6.889,5671
 6944,57583.277, 7.753,5671
 6945,57589.836, 6.556,5671
 6946,57596.188, 6.352,5671
 6947,57602.656, 6.466,5671
 6948,57609.508, 6.853,5671
 6949,57615.820, 6.311,5671
 6950,57623.098, 7.283,5671
 6951,57629.531, 6.432,5671
 6952,57637.484, 7.950,5671
 6953,57644.535, 7.051,5671
 6954,57651.563, 7.029,5671
 6955,57658.141, 6.576,5671
 6956,57664.855, 6.715,5671
 6957,57671.367, 6.514,5671
 6958,57678.141, 6.769,5671
 6959,57684.961, 6.827,5671
 6960,57691.434, 6.469,5671
 6961,57698.441, 7.010,5671
 6962,57704.676, 6.230,5671
 6963,57711.309, 6.632,5671
 6964,57717.824, 6.518,5671
 6965,57725.234, 7.410,5671
 6966,57733.066, 7.834,5671
 6967,57739.941, 6.875,5671
 6968,57747.508, 7.563,5671
 6969,57755.633, 8.128,5671
 6970,57762.406, 6.773,5671
 6971,57769.418, 7.013,5671
 6972,57775.699, 6.279,5671
 6973,57782.172, 6.473,5671
 6974,57790.047, 7.876,5671
 6975,57797.273, 7.229,5671
 6976,57803.844, 6.565,5671
 6977,57810.262, 6.421,5671
 6978,57816.449, 6.191,5671
 6979,57822.945, 6.492,5671
 6980,57829.695, 6.751,5671
 6981,57836.051, 6.354,5671
 6982,57842.676, 6.623,5671
 6983,57849.293, 6.621,5671
 6984,57855.930, 6.638,5671
 6985,57862.723, 6.789,5671
 6986,57869.879, 7.157,5671
 6987,57877.020, 7.140,5671
 6988,57883.641, 6.622,5671
 6989,57890.449, 6.811,5671
 6990,57897.266, 6.818,5671
 6991,57903.484, 6.213,5671
 6992,57909.934, 6.452,5671
 6993,57917.141, 7.204,5671
 6994,57923.707, 6.567,5671
 6995,57931.012, 7.308,5671
 6996,57937.926, 6.914,5671
 6997,57945.648, 7.719,5671
 6998,57954.496, 8.849,5671
 6999,57961.570, 7.076,5671
 7000,57969.129, 7.562,5671
 7001,57975.738, 6.604,5671
 7002,57982.359, 6.621,5671
 7003,57989.598, 7.242,5671
 7004,57995.945, 6.348,5671
 7005,58002.566, 6.618,5671
 7006,58009.543, 6.976,5671
 7007,58016.012, 6.467,5671
 7008,58022.590, 6.582,5671
 7009,58029.070, 6.479,5671
 7010,58036.266, 7.197,5671
 7011,58042.602, 6.338,5671
 7012,58049.316, 6.708,5671
 7013,58055.703, 6.391,5671
 7014,58062.250, 6.546,5671
 7015,58069.125, 6.877,5671
 7016,58075.891, 6.766,5671
 7017,58082.535, 6.641,5671
 7018,58090.629, 8.096,5671
 7019,58097.168, 6.537,5671
 7020,58104.930, 7.766,5671
 7021,58111.707, 6.773,5671
 7022,58118.730, 7.026,5671
 7023,58125.500, 6.765,5671
 7024,58132.402, 6.906,5671
 7025,58139.703, 7.300,5671
 7026,58146.570, 6.867,5671
 7027,58153.348, 6.777,5671
 7028,58160.125, 6.779,5671
 7029,58167.578, 7.453,5671
 7030,58176.004, 8.422,5671
 7031,58183.500, 7.496,5671
 7032,58190.211, 6.715,5671
 7033,58196.980, 6.766,5671
 7034,58203.813, 6.831,5671
 7035,58210.688, 6.878,5671
 7036,58217.922, 7.235,5671
 7037,58225.160, 7.238,5671
 7038,58232.180, 7.019,5671
 7039,58239.402, 7.222,5671
 7040,58246.195, 6.795,5671
 7041,58253.012, 6.814,5671
 7042,58259.371, 6.363,5671
 7043,58265.852, 6.478,5671
 7044,58273.039, 7.187,5671
 7045,58280.547, 7.508,5671
 7046,58287.676, 7.128,5671
 7047,58294.258, 6.586,5671
 7048,58300.707, 6.445,5671
 7049,58307.129, 6.426,5671
 7050,58313.563, 6.432,5671
 7051,58319.961, 6.398,5671
 7052,58326.363, 6.400,5671
 7053,58333.082, 6.723,5671
 7054,58340.523, 7.440,5671
 7055,58349.078, 8.556,5671
 7056,58355.977, 6.896,5671
 7057,58362.688, 6.711,5671
 7058,58369.316, 6.630,5671
 7059,58375.695, 6.378,5671
 7060,58382.492, 6.794,5671
 7061,58389.555, 7.064,5671
 7062,58396.215, 6.662,5671
 7063,58402.770, 6.555,5671
 7064,58409.441, 6.673,5671
 7065,58415.844, 6.401,5671
 7066,58422.258, 6.414,5671
 7067,58429.781, 7.525,5671
 7068,58437.074, 7.294,5671
 7069,58443.828, 6.751,5671
 7070,58451.383, 7.555,5671
 7071,58457.859, 6.478,5671
 7072,58464.227, 6.367,5671
 7073,58470.570, 6.343,5671
 7074,58476.930, 6.358,5671
 7075,58483.977, 7.046,5671
 7076,58490.547, 6.574,5671
 7077,58497.973, 7.420,5671
 7078,58504.719, 6.750,5671
 7079,58511.422, 6.703,5671
 7080,58517.965, 6.546,5671
 7081,58524.285, 6.319,5671
 7082,58530.652, 6.366,5671
 7083,58537.586, 6.932,5671
 7084,58543.910, 6.325,5671
 7085,58550.184, 6.274,5671
 7086,58557.398, 7.214,5671
 7087,58563.645, 6.245,5671
 7088,58569.984, 6.341,5671
 7089,58577.090, 7.105,5671
 7090,58583.340, 6.248,5671
 7091,58589.859, 6.524,5671
 7092,58596.492, 6.629,5671
 7093,58603.266, 6.777,5671
 7094,58610.281, 7.017,5671
 7095,58617.520, 7.234,5671
 7096,58624.531, 7.012,5671
 7097,58631.547, 7.018,5671
 7098,58638.789, 7.244,5671
 7099,58645.844, 7.049,5671
 7100,58652.379, 6.538,5671
 7101,58659.199, 6.820,5671
 7102,58666.613, 7.415,5671
 7103,58673.430, 6.816,5671
 7104,58680.129, 6.703,5671
 7105,58686.852, 6.716,5671
 7106,58694.117, 7.269,5671
 7107,58700.777, 6.662,5671
 7108,58708.164, 7.383,5671
 7109,58715.395, 7.230,5671
 7110,58722.559, 7.165,5671
 7111,58730.793, 8.237,5671
 7112,58738.852, 8.055,5671
 7113,58746.543, 7.692,5671
 7114,58753.262, 6.721,5671
 7115,58761.410, 8.148,5671
 7116,58768.887, 7.475,5671
 7117,58775.441, 6.556,5671
 7118,58782.953, 7.512,5671
 7119,58790.895, 7.941,5671
 7120,58797.820, 6.925,5671
 7121,58804.500, 6.678,5671
 7122,58811.957, 7.460,5671
 7123,58819.938, 7.980,5671
 7124,58826.676, 6.737,5671
 7125,58834.316, 7.640,5671
 7126,58841.676, 7.360,5671
 7127,58848.941, 7.267,5671
 7128,58856.418, 7.477,5671
 7129,58863.414, 6.997,5671
 7130,58871.203, 7.789,5671
 7131,58879.012, 7.807,5671
 7132,58885.367, 6.355,5671
 7133,58892.012, 6.645,5671
 7134,58898.277, 6.268,5671
 7135,58904.477, 6.194,5671
 7136,58910.836, 6.361,5671
 7137,58917.547, 6.712,5671
 7138,58924.258, 6.710,5671
 7139,58931.586, 7.331,5671
 7140,58938.945, 7.361,5671
 7141,58945.613, 6.665,5671
 7142,58952.727, 7.113,5671
 7143,58958.953, 6.228,5671
 7144,58965.289, 6.338,5671
 7145,58972.074, 6.780,5671
 7146,58978.488, 6.414,5671
 7147,58984.816, 6.327,5671
 7148,58991.164, 6.347,5671
 7149,58998.355, 7.192,5671
 7150,59005.836, 7.481,5671
 7151,59012.781, 6.948,5671
 7152,59019.980, 7.197,5671
 7153,59027.836, 7.854,5671
 7154,59035.156, 7.320,5671
 7155,59041.594, 6.441,5671
 7156,59047.879, 6.285,5671
 7157,59055.051, 7.174,5671
 7158,59062.914, 7.861,5671
 7159,59070.258, 7.344,5671
 7160,59076.699, 6.439,5671
 7161,59083.184, 6.485,5671
 7162,59089.672, 6.489,5671
 7163,59095.973, 6.300,5671
 7164,59103.141, 7.168,5671
 7165,59109.504, 6.365,5671
 7166,59116.172, 6.666,5671
 7167,59123.813, 7.642,5671
 7168,59132.277, 8.467,5671
 7169,59139.379, 7.100,5671
 7170,59146.441, 7.064,5671
 7171,59155.316, 8.873,5671
 7172,59161.637, 6.321,5671
 7173,59168.250, 6.614,5671
 7174,59174.961, 6.710,5671
 7175,59181.449, 6.492,5671
 7176,59187.770, 6.317,5671
 7177,59194.352, 6.581,5671
 7178,59200.887, 6.535,5671
 7179,59208.129, 7.244,5671
 7180,59214.617, 6.487,5671
 7181,59221.957, 7.341,5671
 7182,59229.078, 7.121,5671
 7183,59235.672, 6.592,5671
 7184,59242.480, 6.807,5671
 7185,59248.805, 6.324,5671
 7186,59255.961, 7.161,5671
 7187,59262.324, 6.358,5671
 7188,59269.250, 6.931,5671
 7189,59276.938, 7.687,5671
 7190,59283.867, 6.927,5671
 7191,59290.316, 6.450,5671
 7192,59297.082, 6.767,5671
 7193,59304.020, 6.934,5671
 7194,59311.348, 7.329,5671
 7195,59318.563, 7.217,5671
 7196,59325.082, 6.521,5671
 7197,59331.332, 6.249,5671
 7198,59338.191, 6.857,5671
 7199,59347.008, 8.817,5671
 7200,59354.180, 7.173,5671
 7201,59361.195, 7.013,5671
 7202,59368.059, 6.866,5671
 7203,59374.914, 6.855,5671
 7204,59381.711, 6.798,5671
 7205,59389.508, 7.794,5671
 7206,59396.383, 6.876,5671
 7207,59402.902, 6.520,5671
 7208,59409.547, 6.644,5671
 7209,59416.207, 6.661,5671
 7210,59423.930, 7.722,5671
 7211,59430.707, 6.778,5671
 7212,59437.578, 6.870,5671
 7213,59444.121, 6.547,5671
 7214,59451.723, 7.599,5671
 7215,59459.266, 7.544,5671
 7216,59466.281, 7.014,5671
 7217,59473.309, 7.025,5671
 7218,59480.055, 6.749,5671
 7219,59486.945, 6.894,5671
 7220,59493.883, 6.936,5671
 7221,59500.711, 6.827,5671
 7222,59508.754, 8.045,5671
 7223,59516.379, 7.621,5671
 7224,59523.660, 7.280,5671
 7225,59530.012, 6.354,5671
 7226,59536.551, 6.538,5671
 7227,59543.836, 7.287,5671
 7228,59550.402, 6.566,5671
 7229,59558.199, 7.797,5671
 7230,59565.555, 7.354,5671
 7231,59573.016, 7.461,5671
 7232,59579.324, 6.307,5671
 7233,59587.012, 7.687,5671
 7234,59594.402, 7.393,5671
 7235,59600.922, 6.520,5671
 7236,59607.270, 6.348,5671
 7237,59613.809, 6.537,5671
 7238,59620.281, 6.475,5671
 7239,59626.648, 6.365,5671
 7240,59632.957, 6.313,5671
 7241,59639.391, 6.430,5671
 7242,59646.629, 7.242,5671
 7243,59652.949, 6.319,5671
 7244,59659.504, 6.553,5671
 7245,59666.242, 6.738,5671
 7246,59672.645, 6.402,5671
 7247,59679.684, 7.038,5671
 7248,59685.996, 6.313,5671
 7249,59692.250, 6.254,5671
 7250,59699.309, 7.060,5671
 7251,59706.563, 7.256,5671
 7252,59713.957, 7.394,5671
 7253,59721.145, 7.183,5671
 7254,59727.543, 6.402,5671
 7255,59733.699, 6.154,5671
 7256,59740.000, 6.302,5671
 7257,59746.234, 6.235,5671
 7258,59752.914, 6.678,5671
 7259,59759.918, 7.007,5671
 7260,59766.617, 6.697,5671
 7261,59773.387, 6.771,5671
 7262,59779.777, 6.392,5671
 7263,59785.930, 6.149,5671
 7264,59792.254, 6.325,5671
 7265,59798.430, 6.176,5671
 7266,59804.590, 6.162,5671
 7267,59810.773, 6.182,5671
 7268,59816.910, 6.137,5671
 7269,59823.457, 6.547,5671
 7270,59830.031, 6.573,5671
 7271,59836.434, 6.405,5671
 7272,59843.500, 7.061,5671
 7273,59850.754, 7.260,5671
 7274,59857.379, 6.622,5671
 7275,59863.527, 6.149,5671
 7276,59869.781, 6.256,5671
 7277,59876.547, 6.763,5671
 7278,59882.852, 6.306,5671
 7279,59890.070, 7.219,5671
 7280,59897.531, 7.459,5671
 7281,59905.293, 7.765,5671
 7282,59911.863, 6.568,5671
 7283,59918.617, 6.754,5671
 7284,59925.445, 6.828,5671
 7285,59933.695, 8.249,5671
 7286,59940.246, 6.553,5671
 7287,59947.191, 6.942,5671
 7288,59953.500, 6.307,5671
 7289,59959.980, 6.484,5671
 7290,59966.328, 6.346,5671
 7291,59972.684, 6.357,5671
 7292,59979.414, 6.732,5671
 7293,59986.160, 6.744,5671
 7294,59993.379, 7.217,5671
 7295,60000.570, 7.193,5671
 7296,60006.938, 6.371,5671
 7297,60013.180, 6.236,5671
 7298,60019.477, 6.297,5671
 7299,60026.027, 6.551,5671
 7300,60032.785, 6.761,5671
 7301,60039.461, 6.677,5671
 7302,60046.055, 6.592,5671
 7303,60053.445, 7.392,5671
 7304,60060.188, 6.741,5671
 7305,60067.617, 7.432,5671
 7306,60074.328, 6.708,5671
 7307,60080.566, 6.240,5671
 7308,60087.926, 7.359,5671
 7309,60094.875, 6.946,5671
 7310,60102.848, 7.973,5671
 7311,60110.316, 7.468,5671
 7312,60117.352, 7.037,5671
 7313,60124.176, 6.825,5671
 7314,60131.109, 6.935,5671
 7315,60138.426, 7.317,5671
 7316,60146.539, 8.112,5671
 7317,60154.668, 8.125,5671
 7318,60162.086, 7.421,5671
 7319,60168.809, 6.722,5671
 7320,60175.922, 7.114,5671
 7321,60183.258, 7.337,5671
 7322,60190.090, 6.833,5671
 7323,60197.156, 7.062,5671
 7324,60204.055, 6.900,5671
 7325,60211.004, 6.947,5671
 7326,60219.074, 8.074,5671
 7327,60227.012, 7.938,5671
 7328,60234.055, 7.043,5671
 7329,60241.438, 7.383,5671
 7330,60247.867, 6.426,5671
 7331,60254.309, 6.440,5671
 7332,60261.441, 7.140,5671
 7333,60267.707, 6.264,5671
 7334,60274.898, 7.190,5671
 7335,60281.148, 6.246,5671
 7336,60287.547, 6.400,5671
 7337,60294.949, 7.407,5671
 7338,60303.078, 8.128,5671
 7339,60309.996, 6.917,5671
 7340,60316.484, 6.485,5671
 7341,60323.383, 6.900,5671
 7342,60329.719, 6.336,5671
 7343,60335.906, 6.187,5671
 7344,60343.305, 7.397,5671
 7345,60350.598, 7.297,5671
 7346,60357.691, 7.094,5671
 7347,60364.410, 6.719,5671
 7348,60370.777, 6.368,5671
 7349,60378.082, 7.304,5671
 7350,60384.840, 6.756,5671
 7351,60391.355, 6.515,5671
 7352,60398.570, 7.216,5671
 7353,60405.750, 7.180,5671
 7354,60412.727, 6.976,5671
 7355,60420.070, 7.343,5671
 7356,60426.500, 6.431,5671
 7357,60433.316, 6.812,5671
 7358,60440.125, 6.814,5671
 7359,60446.477, 6.348,5671
 7360,60452.902, 6.429,5671
 7361,60459.070, 6.166,5671
 7362,60466.449, 7.383,5671
 7363,60473.844, 7.392,5671
 7364,60480.828, 6.982,5671
 7365,60487.387, 6.558,5671
 7366,60494.539, 7.152,5671
 7367,60501.063, 6.525,5671
 7368,60507.188, 6.123,5671
 7369,60514.066, 6.881,5671
 7370,60520.547, 6.483,5671
 7371,60526.824, 6.274,5671
 7372,60533.172, 6.347,5671
 7373,60539.500, 6.328,5671
 7374,60546.035, 6.535,5671
 7375,60552.289, 6.259,5671
 7376,60558.813, 6.517,5671
 7377,60565.066, 6.257,5671
 7378,60572.492, 7.423,5671
 7379,60578.645, 6.152,5671
 7380,60584.922, 6.284,5671
 7381,60591.391, 6.467,5671
 7382,60597.723, 6.331,5671
 7383,60604.105, 6.385,5671
 7384,60610.852, 6.744,5671
 7385,60618.543, 7.690,5671
 7386,60625.590, 7.049,5671
 7387,60631.914, 6.325,5671
 7388,60638.691, 6.774,5671
 7389,60645.281, 6.593,5671
 7390,60651.840, 6.557,5671
 7391,60658.180, 6.338,5671
 7392,60665.621, 7.445,5671
 7393,60672.469, 6.843,5671
 7394,60679.340, 6.873,5671
 7395,60686.004, 6.666,5671
 7396,60693.207, 7.202,5671
 7397,60701.945, 8.739,5671
 7398,60710.074, 8.127,5671
 7399,60718.832, 8.759,5671
 7400,60726.148, 7.313,5671
 7401,60733.137, 6.991,5671
 7402,60740.254, 7.118,5671
 7403,60747.770, 7.519,5671
 7404,60755.621, 7.849,5671
 7405,60763.395, 7.772,5671
 7406,60770.445, 7.053,5671
 7407,60777.273, 6.828,5671
 7408,60784.148, 6.874,5671
 7409,60791.023, 6.875,5671
 7410,60797.938, 6.915,5671
 7411,60805.457, 7.520,5671
 7412,60812.105, 6.647,5671
 7413,60819.820, 7.715,5671
 7414,60827.840, 8.018,5671
 7415,60836.160, 8.320,5671
 7416,60843.063, 6.903,5671
 7417,60851.492, 8.429,5671
 7418,60858.227, 6.734,5671
 7419,60864.563, 6.339,5671
 7420,60870.906, 6.344,5671
 7421,60877.199, 6.292,5671
 7422,60883.324, 6.125,5671
 7423,60889.996, 6.670,5671
 7424,60896.586, 6.591,5671
 7425,60903.719, 7.133,5671
 7426,60910.031, 6.311,5671
 7427,60916.281, 6.253,5671
 7428,60922.684, 6.398,5671
 7429,60929.652, 6.968,5671
 7430,60936.398, 6.749,5671
 7431,60943.418, 7.019,5671
 7432,60949.766, 6.349,5671
 7433,60956.008, 6.241,5671
 7434,60962.355, 6.346,5671
 7435,60968.598, 6.247,5671
 7436,60975.012, 6.409,5671
 7437,60981.234, 6.226,5671
 7438,60987.539, 6.302,5671
 7439,60993.895, 6.358,5671
 7440,61000.992, 7.097,5671
 7441,61007.313, 6.318,5671
 7442,61013.637, 6.326,5671
 7443,61019.914, 6.281,5671
 7444,61026.352, 6.435,5671
 7445,61032.570, 6.217,5671
 7446,61039.102, 6.535,5671
 7447,61045.805, 6.697,5671
 7448,61052.527, 6.726,5671
 7449,61059.027, 6.500,5671
 7450,61065.320, 6.293,5671
 7451,61071.828, 6.506,5671
 7452,61079.441, 7.617,5671
 7453,61086.410, 6.968,5671
 7454,61094.035, 7.626,5671
 7455,61100.633, 6.595,5671
 7456,61107.324, 6.693,5671
 7457,61113.773, 6.451,5671
 7458,61120.145, 6.368,5671
 7459,61126.891, 6.747,5671
 7460,61133.188, 6.295,5671
 7461,61139.930, 6.746,5671
 7462,61147.516, 7.583,5671
 7463,61154.219, 6.706,5671
 7464,61160.676, 6.454,5671
 7465,61167.324, 6.648,5671
 7466,61173.914, 6.592,5671
 7467,61180.730, 6.815,5671
 7468,61187.918, 7.190,5671
 7469,61195.684, 7.764,5671
 7470,61202.824, 7.138,5671
 7471,61209.477, 6.653,5671
 7472,61216.719, 7.243,5671
 7473,61223.211, 6.495,5671
 7474,61229.559, 6.345,5671
 7475,61235.723, 6.165,5671
 7476,61242.324, 6.599,5671
 7477,61248.883, 6.561,5671
 7478,61256.449, 7.568,5671
 7479,61263.965, 7.514,5671
 7480,61271.441, 7.478,5671
 7481,61279.039, 7.595,5671
 7482,61286.539, 7.500,5671
 7483,61293.707, 7.170,5671
 7484,61301.637, 7.929,5671
 7485,61308.199, 6.563,5671
 7486,61314.883, 6.683,5671
 7487,61323.211, 8.327,5671
 7488,61331.027, 7.818,5671
 7489,61338.578, 7.553,5671
 7490,61345.539, 6.958,5671
 7491,61353.164, 7.622,5671
 7492,61360.945, 7.785,5671
 7493,61367.570, 6.627,5671
 7494,61375.246, 7.675,5671
 7495,61382.234, 6.986,5671
 7496,61390.258, 8.023,5671
 7497,61396.801, 6.543,5671
 7498,61403.512, 6.710,5671
 7499,61411.074, 7.564,5671
 7500,61418.551, 7.476,5671
 7501,61425.383, 6.832,5671
 7502,61433.531, 8.147,5671
 7503,61440.871, 7.342,5671
 7504,61447.957, 7.088,5671
 7505,61455.309, 7.348,5671
 7506,61462.141, 6.833,5671
 7507,61471.273, 9.136,5671
 7508,61478.949, 7.676,5671
 7509,61485.922, 6.972,5671
 7510,61492.789, 6.866,5671
 7511,61499.777, 6.990,5671
 7512,61506.434, 6.656,5671
 7513,61512.707, 6.272,5671
 7514,61519.203, 6.494,5671
 7515,61526.875, 7.671,5671
 7516,61533.113, 6.243,5671
 7517,61539.738, 6.621,5671
 7518,61547.598, 7.862,5671
 7519,61554.063, 6.464,5671
 7520,61560.398, 6.337,5671
 7521,61566.973, 6.573,5671
 7522,61574.652, 7.679,5671
 7523,61581.367, 6.716,5671
 7524,61588.531, 7.163,5671
 7525,61594.914, 6.382,5671
 7526,61601.449, 6.539,5671
 7527,61608.594, 7.144,5671
 7528,61614.723, 6.127,5671
 7529,61620.809, 6.083,5671
 7530,61627.047, 6.242,5671
 7531,61634.250, 7.205,5671
 7532,61641.621, 7.370,5671
 7533,61647.824, 6.201,5671
 7534,61654.020, 6.193,5671
 7535,61660.707, 6.689,5671
 7536,61666.848, 6.141,5671
 7537,61672.914, 6.069,5671
 7538,61679.543, 6.626,5671
 7539,61686.031, 6.489,5671
 7540,61692.422, 6.393,5671
 7541,61699.383, 6.960,5671
 7542,61706.363, 6.981,5671
 7543,61714.066, 7.701,5671
 7544,61720.578, 6.515,5671
 7545,61726.715, 6.135,5671
 7546,61733.109, 6.395,5671
 7547,61739.363, 6.251,5671
 7548,61745.570, 6.210,5671
 7549,61751.938, 6.367,5671
 7550,61758.355, 6.418,5671
 7551,61765.090, 6.732,5671
 7552,61771.434, 6.347,5671
 7553,61777.922, 6.486,5671
 7554,61784.387, 6.464,5671
 7555,61791.070, 6.684,5671
 7556,61798.098, 7.027,5671
 7557,61804.637, 6.540,5671
 7558,61811.547, 6.908,5671
 7559,61817.789, 6.247,5671
 7560,61824.211, 6.417,5671
 7561,61830.195, 5.984,5671
 7562,61837.195, 7.004,5671
 7563,61843.875, 6.679,5671
 7564,61851.203, 7.326,5671
 7565,61858.180, 6.976,5671
 7566,61866.754, 8.576,5671
 7567,61874.664, 7.909,5671
 7568,61880.809, 6.144,5671
 7569,61887.949, 7.145,5671
 7570,61895.309, 7.353,5671
 7571,61901.785, 6.482,5671
 7572,61909.074, 7.290,5671
 7573,61916.316, 7.239,5671
 7574,61922.770, 6.454,5671
 7575,61929.145, 6.374,5671
 7576,61935.492, 6.349,5671
 7577,61941.648, 6.154,5671
 7578,61948.844, 7.195,5671
 7579,61956.188, 7.344,5671
 7580,61962.660, 6.474,5671
 7581,61969.488, 6.828,5671
 7582,61976.625, 7.140,5671
 7583,61982.859, 6.229,5671
 7584,61989.195, 6.340,5671
 7585,61995.598, 6.402,5671
 7586,62002.566, 6.968,5671
 7587,62008.949, 6.384,5671
 7588,62016.125, 7.176,5671
 7589,62023.590, 7.464,5671
 7590,62031.816, 8.224,5671
 7591,62038.156, 6.340,5671
 7592,62044.684, 6.528,5671
 7593,62050.902, 6.220,5671
 7594,62058.262, 7.359,5671
 7595,62065.430, 7.169,5671
 7596,62072.105, 6.674,5671
 7597,62079.090, 6.984,5671
 7598,62086.051, 6.962,5671
 7599,62093.602, 7.553,5671
 7600,62100.676, 7.069,5671
 7601,62107.867, 7.195,5671
 7602,62115.008, 7.138,5671
 7603,62121.738, 6.735,5671
 7604,62128.762, 7.023,5671
 7605,62136.367, 7.604,5671
 7606,62143.043, 6.673,5671
 7607,62149.754, 6.714,5671
 7608,62156.199, 6.445,5671
 7609,62162.719, 6.518,5671
 7610,62170.184, 7.464,5671
 7611,62177.313, 7.128,5671
 7612,62184.133, 6.820,5671
 7613,62192.141, 8.007,5671
 7614,62198.746, 6.609,5671
 7615,62205.270, 6.525,5671
 7616,62211.828, 6.556,5671
 7617,62218.484, 6.656,5671
 7618,62225.594, 7.112,5671
 7619,62231.723, 6.130,5671
 7620,62238.102, 6.378,5671
 7621,62245.172, 7.069,5671
 7622,62252.652, 7.479,5671
 7623,62260.762, 8.114,5671
 7624,62267.582, 6.818,5671
 7625,62274.918, 7.337,5671
 7626,62282.137, 7.216,5671
 7627,62288.477, 6.337,5671
 7628,62294.781, 6.310,5671
 7629,62301.035, 6.254,5671
 7630,62307.340, 6.304,5671
 7631,62314.008, 6.665,5671
 7632,62320.730, 6.726,5671
 7633,62327.012, 6.278,5671
 7634,62333.820, 6.809,5671
 7635,62341.723, 7.905,5671
 7636,62347.941, 6.219,5671
 7637,62354.359, 6.417,5671
 7638,62361.570, 7.213,5671
 7639,62368.289, 6.718,5671
 7640,62374.660, 6.366,5671
 7641,62380.777, 6.120,5671
 7642,62387.605, 6.829,5671
 7643,62393.777, 6.171,5671
 7644,62400.160, 6.381,5671
 7645,62406.203, 6.044,5671
 7646,62413.207, 7.006,5671
 7647,62419.500, 6.291,5671
 7648,62426.488, 6.989,5671
 7649,62432.605, 6.120,5671
 7650,62439.828, 7.221,5671
 7651,62446.086, 6.257,5671
 7652,62453.828, 7.742,5671
 7653,62460.031, 6.202,5671
 7654,62466.410, 6.382,5671
 7655,62473.035, 6.625,5671
 7656,62479.043, 6.008,5671
 7657,62485.887, 6.841,5671
 7658,62492.059, 6.173,5671
 7659,62498.430, 6.373,5671
 7660,62504.953, 6.521,5671
 7661,62511.867, 6.915,5671
 7662,62517.805, 5.934,5671
 7663,62523.969, 6.165,5671
 7664,62530.688, 6.720,5671
 7665,62537.180, 6.490,5671
 7666,62543.324, 6.148,5671
 7667,62549.418, 6.095,5671
 7668,62555.438, 6.018,5671
 7669,62561.605, 6.169,5671
 7670,62568.570, 6.965,5671
 7671,62574.629, 6.055,5671
 7672,62580.652, 6.023,5671
 7673,62586.742, 6.092,5671
 7674,62593.707, 6.964,5671
 7675,62600.688, 6.982,5671
 7676,62607.340, 6.653,5671
 7677,62614.836, 7.494,5671
 7678,62621.074, 6.238,5671
 7679,62627.594, 6.521,5671
 7680,62635.523, 7.931,5671
 7681,62643.441, 7.918,5671
 7682,62651.563, 8.118,5671
 7683,62658.133, 6.570,5671
 7684,62665.129, 6.996,5671
 7685,62671.406, 6.279,5671
 7686,62677.570, 6.167,5671
 7687,62684.121, 6.548,5671
 7688,62690.984, 6.861,5671
 7689,62697.469, 6.486,5671
 7690,62704.074, 6.606,5671
 7691,62711.129, 7.054,5671
 7692,62718.270, 7.143,5671
 7693,62724.484, 6.213,5671
 7694,62730.645, 6.161,5671
 7695,62737.211, 6.568,5671
 7696,62743.898, 6.686,5671
 7697,62750.246, 6.349,5671
 7698,62756.836, 6.586,5671
 7699,62764.219, 7.386,5671
 7700,62771.684, 7.464,5671
 7701,62778.211, 6.526,5671
 7702,62784.824, 6.612,5671
 7703,62791.520, 6.698,5671
 7704,62798.469, 6.949,5671
 7705,62805.211, 6.744,5671
 7706,62811.707, 6.495,5671
 7707,62818.438, 6.730,5671
 7708,62825.945, 7.511,5671
 7709,62832.398, 6.450,5671
 7710,62839.762, 7.363,5671
 7711,62847.426, 7.666,5671
 7712,62854.090, 6.661,5671
 7713,62862.258, 8.169,5671
 7714,62869.137, 6.878,5671
 7715,62876.492, 7.357,5671
 7716,62883.180, 6.685,5671
 7717,62889.750, 6.574,5671
 7718,62896.121, 6.372,5671
 7719,62902.547, 6.423,5671
 7720,62909.523, 6.975,5671
 7721,62916.684, 7.162,5671
 7722,62923.473, 6.787,5671
 7723,62930.086, 6.616,5671
 7724,62936.648, 6.559,5671
 7725,62943.383, 6.737,5671
 7726,62950.223, 6.839,5671
 7727,62957.746, 7.523,5671
 7728,62963.871, 6.126,5671
 7729,62970.402, 6.534,5671
 7730,62976.617, 6.212,5671
 7731,62983.895, 7.279,5671
 7732,62990.070, 6.176,5671
 7733,62996.074, 6.005,5671
 7734,63002.176, 6.098,5671
 7735,63008.707, 6.530,5671
 7736,63015.641, 6.933,5671
 7737,63022.660, 7.023,5671
 7738,63029.996, 7.335,5671
 7739,63036.547, 6.553,5671
 7740,63044.090, 7.543,5671
 7741,63051.922, 7.829,5671
 7742,63059.160, 7.238,5671
 7743,63065.871, 6.711,5671
 7744,63072.566, 6.697,5671
 7745,63078.875, 6.307,5671
 7746,63086.238, 7.364,5671
 7747,63092.555, 6.315,5671
 7748,63099.195, 6.643,5671
 7749,63105.340, 6.144,5671
 7750,63111.973, 6.631,5671
 7751,63118.242, 6.271,5671
 7752,63124.406, 6.165,5671
 7753,63130.563, 6.158,5671
 7754,63136.922, 6.357,5671
 7755,63143.930, 7.011,5671
 7756,63150.059, 6.124,5671
 7757,63156.117, 6.061,5671
 7758,63163.555, 7.435,5671
 7759,63170.270, 6.719,5671
 7760,63177.043, 6.773,5671
 7761,63183.379, 6.333,5671
 7762,63189.426, 6.048,5671
 7763,63195.520, 6.092,5671
 7764,63202.422, 6.905,5671
 7765,63208.813, 6.389,5671
 7766,63215.234, 6.425,5671
 7767,63221.273, 6.036,5671
 7768,63227.469, 6.193,5671
 7769,63233.727, 6.261,5671
 7770,63240.828, 7.101,5671
 7771,63247.836, 7.007,5671
 7772,63253.902, 6.067,5671
 7773,63259.973, 6.071,5671
 7774,63266.227, 6.253,5671
 7775,63273.164, 6.938,5671
 7776,63279.324, 6.159,5671
 7777,63285.863, 6.539,5671
 7778,63292.820, 6.958,5671
 7779,63299.297, 6.475,5671
 7780,63305.965, 6.667,5671
 7781,63313.070, 7.110,5671
 7782,63320.066, 6.997,5671
 7783,63326.234, 6.167,5671
 7784,63332.762, 6.527,5671
 7785,63338.930, 6.167,5671
 7786,63345.031, 6.102,5671
 7787,63351.883, 6.852,5671
 7788,63359.629, 7.743,5671
 7789,63367.094, 7.469,5671
 7790,63373.773, 6.679,5671
 7791,63381.059, 7.283,5671
 7792,63387.637, 6.575,5671
 7793,63394.098, 6.466,5671
 7794,63400.691, 6.590,5671
 7795,63407.109, 6.421,5671
 7796,63413.691, 6.579,5671
 7797,63420.609, 6.923,5671
 7798,63427.906, 7.293,5671
 7799,63436.254, 8.351,5671
 7800,63444.063, 7.807,5671
 7801,63451.262, 7.199,5671
 7802,63457.977, 6.712,5671
 7803,63466.000, 8.025,5671
 7804,63472.719, 6.719,5671
 7805,63479.461, 6.739,5671
 7806,63487.637, 8.179,5671
 7807,63494.762, 7.125,5671
 7808,63502.496, 7.733,5671
 7809,63510.652, 8.156,5671
 7810,63517.316, 6.665,5671
 7811,63524.164, 6.846,5671
 7812,63531.461, 7.298,5671
 7813,63538.742, 7.285,5671
 7814,63546.477, 7.730,5671
 7815,63554.762, 8.289,5703
 7816,63562.473, 7.707,5703
 7817,63569.629, 7.156,5703
 7818,63576.230, 6.605,5703
 7819,63582.754, 6.524,5703
 7820,63589.434, 6.680,5703
 7821,63596.184, 6.747,5703
 7822,63602.445, 6.265,5703
 7823,63609.406, 6.960,5703
 7824,63615.820, 6.413,5703
 7825,63622.027, 6.206,5703
 7826,63629.016, 6.989,5703
 7827,63636.113, 7.099,5703
 7828,63642.273, 6.159,5703
 7829,63648.355, 6.084,5703
 7830,63654.680, 6.321,5703
 7831,63660.797, 6.116,5703
 7832,63667.230, 6.436,5703
 7833,63674.379, 7.148,5703
 7834,63680.570, 6.195,5703
 7835,63686.613, 6.042,5703
 7836,63692.758, 6.143,5703
 7837,63699.754, 6.998,5703
 7838,63706.203, 6.446,5703
 7839,63712.477, 6.271,5703
 7840,63719.563, 7.091,5703
 7841,63726.395, 6.830,5703
 7842,63732.855, 6.460,5703
 7843,63739.973, 7.117,5703
 7844,63746.117, 6.148,5703
 7845,63752.469, 6.348,5703
 7846,63758.582, 6.116,5703
 7847,63764.738, 6.154,5703
 7848,63771.180, 6.444,5703
 7849,63777.422, 6.241,5703
 7850,63783.563, 6.139,5703
 7851,63789.770, 6.208,5703
 7852,63796.730, 6.963,5703
 7853,63803.418, 6.686,5703
 7854,63809.813, 6.392,5703
 7855,63816.133, 6.320,5703
 7856,63824.074, 7.943,5703
 7857,63831.285, 7.213,5703
 7858,63838.566, 7.282,5703
 7859,63845.930, 7.365,5703
 7860,63852.461, 6.528,5703
 7861,63859.441, 6.983,5703
 7862,63867.020, 7.574,5703
 7863,63873.641, 6.620,5703
 7864,63879.840, 6.200,5703
 7865,63886.242, 6.407,5703
 7866,63892.613, 6.371,5703
 7867,63899.309, 6.691,5703
 7868,63907.594, 8.286,5703
 7869,63914.668, 7.073,5703
 7870,63922.621, 7.957,5703
 7871,63930.000, 7.377,5703
 7872,63936.422, 6.422,5703
 7873,63942.891, 6.468,5703
 7874,63949.066, 6.177,5703
 7875,63956.281, 7.215,5703
 7876,63962.621, 6.342,5703
 7877,63968.898, 6.274,5703
 7878,63975.332, 6.431,5703
 7879,63981.531, 6.204,5703
 7880,63988.090, 6.556,5703
 7881,63995.387, 7.297,5703
 7882,64003.336, 7.949,5703
 7883,64011.016, 7.680,5703
 7884,64018.035, 7.020,5703
 7885,64024.590, 6.557,5703
 7886,64030.871, 6.280,5703
 7887,64037.680, 6.808,5703
 7888,64044.953, 7.274,5703
 7889,64051.691, 6.738,5703
 7890,64058.586, 6.896,5703
 7891,64065.484, 6.893,5703
 7892,64072.781, 7.302,5703
 7893,64079.477, 6.693,5703
 7894,64087.426, 7.951,5703
 7895,64094.180, 6.750,5703
 7896,64100.730, 6.554,5703
 7897,64108.441, 7.710,5703
 7898,64115.895, 7.454,5703
 7899,64123.523, 7.626,5703
 7900,64130.086, 6.567,5703
 7901,64138.180, 8.093,5703
 7902,64144.871, 6.691,5703
 7903,64152.117, 7.247,5703
 7904,64159.031, 6.911,5703
 7905,64167.090, 8.061,5703
 7906,64174.883, 7.794,5703
 7907,64181.883, 6.999,5703
 7908,64188.156, 6.270,5703
 7909,64194.266, 6.114,5703
 7910,64200.480, 6.212,5703
 7911,64206.793, 6.311,5703
 7912,64214.195, 7.406,5703
 7913,64221.762, 7.564,5703
 7914,64229.680, 7.919,5703
 7915,64235.945, 6.269,5703
 7916,64242.359, 6.410,5703
 7917,64248.754, 6.395,5703
 7918,64255.301, 6.546,5703
 7919,64262.516, 7.217,5703
 7920,64268.895, 6.379,5703
 7921,64275.273, 6.381,5703
 7922,64281.980, 6.703,5703
 7923,64288.129, 6.147,5703
 7924,64294.586, 6.459,5703
 7925,64301.570, 6.983,5703
 7926,64307.691, 6.121,5703
 7927,64314.137, 6.446,5703
 7928,64320.492, 6.353,5703
 7929,64326.641, 6.151,5703
 7930,64334.016, 7.375,5703
 7931,64340.285, 6.273,5703
 7932,64346.637, 6.345,5703
 7933,64353.020, 6.385,5703
 7934,64360.133, 7.113,5703
 7935,64366.629, 6.494,5703
 7936,64373.691, 7.068,5703
 7937,64380.117, 6.427,5703
 7938,64386.281, 6.164,5703
 7939,64392.676, 6.391,5703
 7940,64398.898, 6.222,5703
 7941,64405.191, 6.295,5703
 7942,64412.047, 6.855,5703
 7943,64418.445, 6.399,5703
 7944,64425.660, 7.212,5703
 7945,64433.820, 8.161,5703
 7946,64440.734, 6.917,5703
 7947,64447.113, 6.378,5703
 7948,64454.430, 7.316,5703
 7949,64460.852, 6.421,5703
 7950,64467.105, 6.256,5703
 7951,64473.570, 6.462,5703
 7952,64479.637, 6.065,5703
 7953,64486.254, 6.620,5703
 7954,64492.492, 6.237,5703
 7955,64498.730, 6.239,5703
 7956,64504.836, 6.107,5703
 7957,64511.043, 6.204,5703
 7958,64517.859, 6.820,5703
 7959,64524.191, 6.331,5703
 7960,64530.359, 6.166,5703
 7961,64536.574, 6.217,5703
 7962,64543.402, 6.829,5703
 7963,64550.734, 7.331,5703
 7964,64556.965, 6.229,5703
 7965,64563.230, 6.268,5703
 7966,64569.574, 6.344,5703
 7967,64576.645, 7.067,5703
 7968,64583.676, 7.034,5703
 7969,64590.652, 6.976,5703
 7970,64597.066, 6.416,5703
 7971,64604.191, 7.123,5703
 7972,64612.035, 7.844,5703
 7973,64619.762, 7.727,5703
 7974,64626.266, 6.506,5703
 7975,64632.406, 6.138,5703
 7976,64639.219, 6.810,5703
 7977,64645.602, 6.388,5703
 7978,64652.625, 7.019,5703
 7979,64659.355, 6.729,5703
 7980,64666.148, 6.795,5703
 7981,64672.547, 6.399,5703
 7982,64679.113, 6.566,5703
 7983,64686.172, 7.057,5703
 7984,64692.316, 6.145,5703
 7985,64699.242, 6.926,5703
 7986,64705.980, 6.738,5703
 7987,64712.250, 6.270,5703
 7988,64718.652, 6.403,5703
 7989,64725.668, 7.017,5703
 7990,64731.988, 6.318,5703
 7991,64738.258, 6.271,5703
 7992,64744.641, 6.381,5703
 7993,64751.539, 6.902,5703
 7994,64759.500, 7.960,5703
 7995,64766.813, 7.308,5703
 7996,64773.859, 7.051,5703
 7997,64780.148, 6.289,5703
 7998,64787.922, 7.776,5703
 7999,64794.348, 6.421,5703
 8000,64801.363, 7.016,5703
 8001,64808.145, 6.781,5703
 8002,64814.883, 6.740,5703
 8003,64821.500, 6.614,5703
 8004,64828.012, 6.512,5703
 8005,64834.438, 6.430,5703
 8006,64841.855, 7.415,5703
 8007,64849.340, 7.485,5703
 8008,64855.930, 6.591,5703
 8009,64864.105, 8.178,5703
 8010,64871.480, 7.372,5703
 8011,64878.949, 7.470,5703
 8012,64885.422, 6.474,5703
 8013,64892.039, 6.614,5703
 8014,64898.570, 6.532,5703
 8015,64905.313, 6.740,5703
 8016,64912.203, 6.893,5703
 8017,64918.762, 6.559,5703
 8018,64925.332, 6.568,5703
 8019,64932.324, 6.992,5703
 8020,64940.004, 7.681,5703
 8021,64946.156, 6.152,5703
 8022,64952.777, 6.626,5703
 8023,64958.926, 6.146,5703
 8024,64965.539, 6.612,5703
 8025,64972.305, 6.765,5703
 8026,64979.309, 7.005,5703
 8027,64985.668, 6.359,5703
 8028,64991.891, 6.223,5703
 8029,64998.133, 6.239,5703
 8030,65006.266, 8.135,5703
 8031,65012.992, 6.726,5703
 8032,65020.332, 7.338,5703
 8033,65026.539, 6.209,5703
 8034,65033.578, 7.041,5703
 8035,65039.898, 6.320,5703
 8036,65046.816, 6.917,5703
 8037,65053.781, 6.968,5703
 8038,65059.992, 6.207,5703
 8039,65066.203, 6.212,5703
 8040,65073.230, 7.028,5703
 8041,65079.828, 6.595,5703
 8042,65086.379, 6.551,5703
 8043,65093.340, 6.963,5703
 8044,65100.090, 6.750,5703
 8045,65106.887, 6.798,5703
 8046,65114.340, 7.451,5703
 8047,65121.352, 7.011,5703
 8048,65128.879, 7.530,5703
 8049,65135.066, 6.187,5703
 8050,65141.344, 6.277,5703
 8051,65147.371, 6.029,5703
 8052,65153.477, 6.102,5703
 8053,65159.520, 6.045,5703
 8054,65165.484, 5.963,5703
 8055,65171.570, 6.089,5703
 8056,65178.059, 6.485,5703
 8057,65184.652, 6.594,5703
 8058,65190.758, 6.108,5703
 8059,65196.699, 5.939,5703
 8060,65202.836, 6.138,5703
 8061,65209.574, 6.739,5703
 8062,65216.676, 7.102,5703
 8063,65222.887, 6.211,5703
 8064,65228.973, 6.081,5703
 8065,65234.965, 5.992,5703
 8066,65242.105, 7.148,5703
 8067,65248.941, 6.835,5703
 8068,65255.578, 6.635,5703
 8069,65261.492, 5.911,5703
 8070,65267.813, 6.319,5703
 8071,65274.082, 6.275,5703
 8072,65280.059, 5.977,5703
 8073,65286.422, 6.362,5703
 8074,65292.945, 6.523,5703
 8075,65299.797, 6.849,5703
 8076,65306.711, 6.917,5703
 8077,65312.777, 6.066,5703
 8078,65318.852, 6.074,5703
 8079,65325.402, 6.551,5703
 8080,65332.105, 6.706,5703
 8081,65339.863, 7.753,5703
 8082,65346.867, 7.003,5703
 8083,65353.316, 6.452,5703
 8084,65359.719, 6.401,5703
 8085,65366.430, 6.714,5703
 8086,65373.980, 7.548,5703
 8087,65380.379, 6.400,5703
 8088,65387.387, 7.008,5703
 8089,65397.781,10.394,5703
 8090,65406.246, 8.465,5703
 8091,65412.574, 6.328,5703
 8092,65418.746, 6.172,5703
 8093,65425.258, 6.511,5703
 8094,65431.402, 6.144,5703
 8095,65437.887, 6.485,5703
 8096,65444.324, 6.438,5703
 8097,65450.938, 6.613,5703
 8098,65458.793, 7.854,5703
 8099,65465.219, 6.426,5703
 8100,65471.484, 6.266,5703
 8101,65477.734, 6.250,5703
 8102,65485.191, 7.457,5703
 8103,65491.816, 6.625,5703
 8104,65499.258, 7.441,5703
 8105,65506.660, 7.404,5703
 8106,65513.871, 7.209,5703
 8107,65520.172, 6.303,5703
 8108,65526.340, 6.166,5703
 8109,65532.676, 6.334,5703
 8110,65539.266, 6.589,5703
 8111,65545.773, 6.514,5703
 8112,65552.898, 7.122,5703
 8113,65560.398, 7.502,5703
 8114,65566.695, 6.299,5703
 8115,65573.641, 6.944,5703
 8116,65580.805, 7.163,5703
 8117,65587.289, 6.483,5703
 8118,65594.727, 7.435,5703
 8119,65601.398, 6.671,5703
 8120,65608.930, 7.536,5703
 8121,65615.625, 6.694,5703
 8122,65622.281, 6.656,5703
 8123,65629.656, 7.378,5703
 8124,65636.633, 6.972,5703
 8125,65643.758, 7.126,5703
 8126,65650.609, 6.854,5703
 8127,65658.563, 7.951,5703
 8128,65666.008, 7.449,5703
 8129,65672.734, 6.725,5703
 8130,65679.648, 6.916,5703
 8131,65685.789, 6.135,5703
 8132,65692.102, 6.312,5703
 8133,65698.797, 6.697,5703
 8134,65705.930, 7.132,5703
 8135,65712.352, 6.425,5703
 8136,65718.734, 6.380,5703
 8137,65724.945, 6.216,5703
 8138,65731.000, 6.056,5703
 8139,65737.164, 6.163,5703
 8140,65743.367, 6.199,5703
 8141,65749.375, 6.003,5703
 8142,65755.797, 6.423,5703
 8143,65761.758, 5.960,5703
 8144,65768.180, 6.424,5703
 8145,65774.328, 6.152,5703
 8146,65781.742, 7.409,5703
 8147,65789.578, 7.843,5703
 8148,65796.313, 6.734,5703
 8149,65802.500, 6.185,5703
 8150,65808.906, 6.403,5703
 8151,65815.031, 6.134,5703
 8152,65821.648, 6.609,5703
 8153,65828.750, 7.106,5703
 8154,65835.836, 7.086,5703
 8155,65842.031, 6.197,5703
 8156,65848.242, 6.208,5703
 8157,65854.680, 6.437,5703
 8158,65861.242, 6.565,5703
 8159,65868.352, 7.106,5703
 8160,65875.125, 6.772,5703
 8161,65881.586, 6.462,5703
 8162,65888.281, 6.699,5703
 8163,65894.461, 6.176,5703
 8164,65900.813, 6.349,5703
 8165,65907.672, 6.862,5703
 8166,65914.391, 6.720,5703
 8167,65920.758, 6.368,5703
 8168,65927.898, 7.139,5703
 8169,65934.117, 6.215,5703
 8170,65940.164, 6.049,5703
 8171,65947.078, 6.917,5703
 8172,65953.250, 6.174,5703
 8173,65959.586, 6.335,5703
 8174,65965.594, 6.005,5703
 8175,65971.766, 6.170,5703
 8176,65977.727, 5.960,5703
 8177,65983.711, 5.982,5703
 8178,65990.547, 6.839,5703
 8179,65996.531, 5.986,5703
 8180,66003.266, 6.732,5703
 8181,66009.234, 5.968,5703
 8182,66015.922, 6.688,5703
 8183,66022.000, 6.080,5703
 8184,66028.984, 6.984,5703
 8185,66035.297, 6.312,5703
 8186,66042.094, 6.800,5703
 8187,66048.148, 6.053,5703
 8188,66055.164, 7.017,5703
 8189,66061.984, 6.824,5703
 8190,66067.930, 5.940,5703
 8191,66074.023, 6.098,5703
 8192,66080.219, 6.192,5703
 8193,66086.758, 6.539,5703
 8194,66093.031, 6.274,5703
 8195,66099.984, 6.957,5703
 8196,66107.180, 7.192,5703
 8197,66113.680, 6.502,5703
 8198,66120.008, 6.325,5703
 8199,66126.398, 6.393,5703
 8200,66133.563, 7.161,5703
 8201,66140.734, 7.170,5703
 8202,66148.500, 7.773,5703
 8203,66155.070, 6.565,5703
 8204,66161.570, 6.501,5703
 8205,66168.344, 6.775,5703
 8206,66177.172, 8.829,5703
 8207,66186.094, 8.919,5703
 8208,66193.516, 7.421,5703
 8209,66200.031, 6.519,5703
 8210,66206.836, 6.800,5703
 8211,66214.023, 7.196,5703
 8212,66220.727, 6.696,5703
 8213,66228.664, 7.943,5703
 8214,66235.516, 6.848,5703
 8215,66242.563, 7.044,5703
 8216,66249.477, 6.918,5703
 8217,66256.156, 6.677,5703
 8218,66263.266, 7.110,5703
 8219,66270.797, 7.531,5703
 8220,66278.023, 7.231,5703
 8221,66285.156, 7.133,5703
 8222,66292.070, 6.907,5703
 8223,66299.188, 7.123,5703
 8224,66306.266, 7.075,5703
 8225,66312.344, 6.080,5703
 8226,66319.266, 6.918,5703
 8227,66325.328, 6.067,5703
 8228,66331.414, 6.083,5703
 8229,66337.422, 6.005,5703
 8230,66344.602, 7.186,5703
 8231,66352.664, 8.065,5703
 8232,66359.063, 6.394,5703
 8233,66365.375, 6.310,5703
 8234,66371.836, 6.462,5703
 8235,66377.945, 6.108,5703
 8236,66384.016, 6.072,5703
 8237,66390.203, 6.186,5703
 8238,66397.070, 6.871,5703
 8239,66403.328, 6.255,5703
 8240,66409.398, 6.071,5703
 8241,66415.672, 6.272,5703
 8242,66421.773, 6.100,5703
 8243,66427.977, 6.208,5703
 8244,66433.914, 5.937,5703
 8245,66440.016, 6.099,5703
 8246,66446.328, 6.317,5703
 8247,66452.883, 6.550,5703
 8248,66459.273, 6.395,5703
 8249,66465.523, 6.247,5703
 8250,66472.539, 7.011,5703
 8251,66478.695, 6.165,5703
 8252,66484.742, 6.039,5703
 8253,66490.883, 6.142,5703
 8254,66497.219, 6.340,5703
 8255,66503.258, 6.034,5703
 8256,66509.555, 6.298,5703
 8257,66515.523, 5.974,5703
 8258,66522.406, 6.882,5703
 8259,66529.164, 6.759,5703
 8260,66536.289, 7.119,5703
 8261,66544.055, 7.768,5703
 8262,66550.828, 6.778,5703
 8263,66558.148, 7.317,5703
 8264,66565.906, 7.758,5703
 8265,66572.508, 6.604,5703
 8266,66579.000, 6.493,5703
 8267,66585.016, 6.014,5703
 8268,66591.867, 6.848,5703
 8269,66597.961, 6.094,5703
 8270,66604.438, 6.473,5703
 8271,66610.523, 6.094,5703
 8272,66618.195, 7.667,5703
 8273,66625.445, 7.254,5703
 8274,66631.938, 6.491,5703
 8275,66638.273, 6.332,5703
 8276,66645.828, 7.554,5703
 8277,66652.906, 7.084,5703
 8278,66659.734, 6.827,5703
 8279,66667.047, 7.311,5703
 8280,66674.281, 7.236,5703
 8281,66680.484, 6.199,5703
 8282,66687.719, 7.231,5703
 8283,66693.859, 6.144,5703
 8284,66700.930, 7.074,5703
 8285,66708.563, 7.628,5703
 8286,66714.914, 6.351,5703
 8287,66722.547, 7.634,5703
 8288,66728.789, 6.244,5703
 8289,66736.078, 7.286,5703
 8290,66742.430, 6.358,5703
 8291,66748.891, 6.459,5703
 8292,66756.250, 7.359,5703
 8293,66763.398, 7.144,5703
 8294,66770.148, 6.758,5703
 8295,66778.508, 8.357,5703
 8296,66785.250, 6.740,5703
 8297,66791.648, 6.404,5703
 8298,66799.625, 7.972,5703
 8299,66806.070, 6.444,5703
 8300,66812.469, 6.399,5703
 8301,66818.906, 6.435,5703
 8302,66825.664, 6.762,5703
 8303,66832.641, 6.973,5703
 8304,66839.273, 6.635,5703
 8305,66845.625, 6.353,5703
 8306,66852.211, 6.583,5703
 8307,66858.938, 6.729,5703
 8308,66865.211, 6.275,5703
 8309,66872.656, 7.441,5703
 8310,66879.680, 7.026,5703
 8311,66886.586, 6.902,5703
 8312,66894.023, 7.440,5703
 8313,66900.375, 6.347,5703
 8314,66907.609, 7.237,5703
 8315,66914.953, 7.346,5703
 8316,66922.477, 7.527,5703
 8317,66928.406, 5.928,5703
 8318,66934.680, 6.273,5703
 8319,66940.797, 6.113,5703
 8320,66948.656, 7.863,5703
 8321,66956.055, 7.397,5703
 8322,66963.297, 7.247,5703
 8323,66969.961, 6.660,5703
 8324,66976.078, 6.117,5703
 8325,66982.945, 6.868,5703
 8326,66989.828, 6.880,5703
 8327,66995.914, 6.092,5703
 8328,67002.109, 6.193,5703
 8329,67009.227, 7.117,5703
 8330,67015.391, 6.163,5703
 8331,67021.430, 6.040,5703
 8332,67027.438, 6.006,5703
 8333,67033.594, 6.155,5703
 8334,67040.406, 6.813,5703
 8335,67047.273, 6.872,5703
 8336,67054.227, 6.950,5703
 8337,67061.109, 6.885,5703
 8338,67067.133, 6.024,5703
 8339,67074.016, 6.885,5703
 8340,67079.969, 5.953,5703
 8341,67086.133, 6.157,5703
 8342,67092.305, 6.179,5703
 8343,67098.648, 6.343,5703
 8344,67104.977, 6.329,5703
 8345,67110.977, 5.997,5703
 8346,67116.969, 5.995,5703
 8347,67123.734, 6.762,5703
 8348,67129.734, 5.993,5703
 8349,67136.133, 6.400,5703
 8350,67142.195, 6.069,5703
 8351,67148.969, 6.774,5703
 8352,67156.180, 7.204,5703
 8353,67162.094, 5.914,5703
 8354,67167.945, 5.856,5703
 8355,67174.328, 6.388,5703
 8356,67181.109, 6.770,5703
 8357,67187.914, 6.809,5703
 8358,67193.984, 6.078,5703
 8359,67200.336, 6.353,5703
 8360,67206.500, 6.157,5703
 8361,67212.773, 6.272,5703
 8362,67218.859, 6.090,5703
 8363,67225.688, 6.830,5703
 8364,67231.633, 5.947,5703
 8365,67237.695, 6.061,5703
 8366,67244.477, 6.776,5703
 8367,67250.539, 6.061,5703
 8368,67256.578, 6.041,5703
 8369,67263.328, 6.750,5703
 8370,67269.383, 6.054,5703
 8371,67276.469, 7.082,5703
 8372,67282.664, 6.204,5703
 8373,67288.648, 5.986,5703
 8374,67295.008, 6.361,5703
 8375,67300.938, 5.927,5703
 8376,67307.492, 6.548,5703
 8377,67314.336, 6.845,5703
 8378,67321.844, 7.505,5703
 8379,67328.398, 6.552,5703
 8380,67337.117, 8.721,5703
 8381,67344.344, 7.233,5703
 8382,67352.383, 8.036,5703
 8383,67359.508, 7.129,5703
 8384,67365.773, 6.258,5703
 8385,67372.656, 6.891,5703
 8386,67379.016, 6.359,5703
 8387,67385.891, 6.871,5703
 8388,67391.992, 6.108,5703
 8389,67398.898, 6.901,5703
 8390,67405.742, 6.838,5703
 8391,67412.289, 6.553,5703
 8392,67418.555, 6.268,5703
 8393,67424.859, 6.300,5703
 8394,67431.180, 6.318,5703
 8395,67438.633, 7.458,5703
 8396,67445.742, 7.104,5703
 8397,67451.805, 6.063,5703
 8398,67457.914, 6.114,5703
 8399,67464.023, 6.111,5703
 8400,67470.789, 6.760,5703
 8401,67478.492, 7.704,5703
 8402,67485.570, 7.079,5703
 8403,67491.914, 6.345,5703
 8404,67498.227, 6.314,5703
 8405,67504.359, 6.132,5703
 8406,67510.391, 6.030,5703
 8407,67517.656, 7.272,5703
 8408,67524.516, 6.850,5703
 8409,67531.109, 6.593,5703
 8410,67538.078, 6.972,5703
 8411,67545.047, 6.966,5703
 8412,67551.547, 6.505,5703
 8413,67558.258, 6.710,5703
 8414,67564.469, 6.213,5703
 8415,67570.992, 6.520,5703
 8416,67578.617, 7.627,5703
 8417,67586.125, 7.504,5703
 8418,67593.250, 7.126,5703
 8419,67599.836, 6.587,5703
 8420,67606.602, 6.769,5703
 8421,67612.742, 6.139,5703
 8422,67619.039, 6.295,5703
 8423,67627.414, 8.370,5703
 8424,67635.063, 7.652,5703
 8425,67641.953, 6.898,5703
 8426,67649.453, 7.491,5703
 8427,67656.055, 6.601,5703
 8428,67662.531, 6.484,5703
 8429,67668.469, 5.934,5703
 8430,67674.320, 5.855,5703
 8431,67680.211, 5.887,5703
 8432,67686.984, 6.777,5703
 8433,67693.258, 6.269,5703
 8434,67700.055, 6.791,5703
 8435,67705.859, 5.811,5703
 8436,67712.656, 6.797,5703
 8437,67718.641, 5.990,5703
 8438,67725.164, 6.517,5703
 8439,67733.648, 8.486,5703
 8440,67740.102, 6.453,5703
 8441,67746.414, 6.310,5703
 8442,67753.430, 7.020,5703
 8443,67760.641, 7.214,5703
 8444,67767.516, 6.871,5703
 8445,67774.516, 7.002,5703
 8446,67780.531, 6.011,5703
 8447,67787.094, 6.563,5703
 8448,67793.391, 6.294,5703
 8449,67799.461, 6.077,5703
 8450,67805.914, 6.455,5703
 8451,67812.320, 6.406,5703
 8452,67818.773, 6.444,5703
 8453,67824.938, 6.169,5703
 8454,67831.000, 6.067,5703
 8455,67837.516, 6.514,5703
 8456,67844.727, 7.207,5703
 8457,67850.813, 6.085,5703
 8458,67856.969, 6.159,5703
 8459,67863.609, 6.644,5703
 8460,67869.992, 6.384,5703
 8461,67877.234, 7.234,5703
 8462,67883.227, 5.994,5703
 8463,67890.617, 7.392,5703
 8464,67896.984, 6.371,5703
 8465,67903.922, 6.937,5703
 8466,67910.914, 6.988,5703
 8467,67917.781, 6.868,5703
 8468,67923.883, 6.103,5703
 8469,67930.711, 6.825,5703
 8470,67936.656, 5.946,5703
 8471,67943.055, 6.393,5703
 8472,67950.727, 7.675,5703
 8473,67957.563, 6.843,5703
 8474,67963.633, 6.072,5703
 8475,67969.492, 5.857,5703
 8476,67976.070, 6.568,5703
 8477,67982.641, 6.577,5703
 8478,67988.453, 5.813,5703
 8479,67995.086, 6.632,5703
 8480,68001.211, 6.124,5703
 8481,68007.016, 5.810,5703
 8482,68012.977, 5.963,5703
 8483,68018.844, 5.859,5703
 8484,68025.570, 6.731,5703
 8485,68031.266, 5.692,5703
 8486,68038.008, 6.748,5703
 8487,68044.555, 6.540,5703
 8488,68050.930, 6.382,5703
 8489,68057.625, 6.690,5703
 8490,68065.148, 7.521,5703
 8491,68072.281, 7.137,5703
 8492,68078.375, 6.086,5703
 8493,68084.531, 6.165,5703
 8494,68090.750, 6.217,5703
 8495,68096.688, 5.942,5703
 8496,68102.961, 6.272,5703
 8497,68108.969, 6.005,5703
 8498,68116.195, 7.227,5703
 8499,68124.055, 7.854,5703
 8500,68131.273, 7.224,5703
 8501,68138.195, 6.920,5703
 8502,68144.609, 6.419,5703
 8503,68150.930, 6.319,5703
 8504,68158.078, 7.145,5703
 8505,68165.672, 7.595,5703
 8506,68173.242, 7.570,5703
 8507,68181.125, 7.878,5703
 8508,68187.969, 6.849,5703
 8509,68196.258, 8.288,5703
 8510,68203.680, 7.422,5703
 8511,68212.094, 8.415,5703
 8512,68220.039, 7.941,5703
 8513,68227.609, 7.577,5703
 8514,68236.297, 8.686,5703
 8515,68244.422, 8.119,5703
 8516,68252.000, 7.588,5703
 8517,68259.445, 7.440,5703
 8518,68269.438, 9.992,5703
 8519,68278.016, 8.583,5703
 8520,68286.016, 7.995,5703
 8521,68292.266, 6.252,5703
 8522,68298.719, 6.447,5703
 8523,68306.117, 7.397,5703
 8524,68313.539, 7.429,5703
 8525,68319.852, 6.310,5703
 8526,68326.500, 6.648,5703
 8527,68332.961, 6.466,5703
 8528,68340.344, 7.383,5703
 8529,68347.211, 6.867,5703
 8530,68353.859, 6.649,5703
 8531,68361.289, 7.428,5703
 8532,68369.289, 8.002,5703
 8533,68376.750, 7.455,5703
 8534,68383.125, 6.376,5703
 8535,68389.195, 6.072,5703
 8536,68395.281, 6.089,5703
 8537,68401.992, 6.707,5703
 8538,68409.336, 7.347,5703
 8539,68415.625, 6.288,5703
 8540,68422.914, 7.290,5703
 8541,68430.703, 7.780,5703
 8542,68437.742, 7.045,5703
 8543,68444.555, 6.813,5703
 8544,68450.859, 6.301,5703
 8545,68457.984, 7.130,5703
 8546,68463.906, 5.921,5703
 8547,68469.703, 5.792,5703
 8548,68475.680, 5.987,5703
 8549,68482.023, 6.340,5703
 8550,68487.961, 5.938,5703
 8551,68494.680, 6.719,5703
 8552,68500.648, 5.965,5703
 8553,68508.055, 7.399,5703
 8554,68515.836, 7.790,5703
 8555,68522.234, 6.401,5703
 8556,68528.508, 6.272,5703
 8557,68535.391, 6.876,5703
 8558,68541.398, 6.006,5703
 8559,68547.320, 5.933,5703
 8560,68555.078, 7.752,5703
 8561,68561.023, 5.946,5703
 8562,68567.969, 6.947,5703
 8563,68573.953, 5.984,5703
 8564,68580.750, 6.791,5703
 8565,68588.273, 7.530,5703
 8566,68595.008, 6.739,5703
 8567,68601.016, 6.003,5703
 8568,68607.391, 6.367,5703
 8569,68614.219, 6.838,5703
 8570,68620.797, 6.574,5703
 8571,68626.797, 6.000,5703
 8572,68632.977, 6.180,5703
 8573,68638.992, 6.016,5703
 8574,68645.656, 6.667,5703
 8575,68652.289, 6.635,5703
 8576,68658.438, 6.142,5703
 8577,68665.500, 7.060,5703
 8578,68673.047, 7.546,5703
 8579,68680.672, 7.630,5703
 8580,68687.148, 6.473,5703
 8581,68693.859, 6.713,5703
 8582,68700.805, 6.944,5703
 8583,68707.227, 6.423,5703
 8584,68713.508, 6.281,5703
 8585,68719.797, 6.288,5703
 8586,68726.594, 6.801,5703
 8587,68732.805, 6.208,5703
 8588,68739.789, 6.982,5703
 8589,68746.039, 6.251,5703
 8590,68753.453, 7.412,5703
 8591,68760.922, 7.476,5703
 8592,68767.148, 6.225,5703
 8593,68773.680, 6.532,5703
 8594,68781.070, 7.383,5703
 8595,68787.227, 6.161,5703
 8596,68793.828, 6.602,5703
 8597,68801.719, 7.890,5703
 8598,68808.258, 6.541,5703
 8599,68814.672, 6.414,5703
 8600,68822.047, 7.370,5703
 8601,68828.313, 6.270,5703
 8602,68834.602, 6.293,5703
 8603,68841.086, 6.477,5703
 8604,68847.313, 6.232,5703
 8605,68853.781, 6.465,5703
 8606,68860.539, 6.757,5703
 8607,68867.125, 6.584,5703
 8608,68873.758, 6.633,5703
 8609,68882.148, 8.394,5703
 8610,68892.227,10.083,5703
 8611,68902.383,10.146,5703
 8612,68913.008,10.631,5703
 8613,68921.094, 8.084,5703
 8614,68930.461, 9.369,5703
 8615,68937.203, 6.744,5703
 8616,68943.398, 6.195,5703
 8617,68950.219, 6.819,5703
 8618,68956.258, 6.039,5703
 8619,68962.195, 5.936,5703
 8620,68968.078, 5.882,5703
 8621,68974.039, 5.958,5703
 8622,68979.953, 5.924,5703
 8623,68985.891, 5.935,5703
 8624,68992.742, 6.847,5703
 8625,68998.672, 5.936,5703
 8626,69004.594, 5.921,5703
 8627,69011.109, 6.507,5703
 8628,69018.500, 7.400,5703
 8629,69025.711, 7.205,5703
 8630,69031.961, 6.252,5703
 8631,69038.016, 6.057,5703
 8632,69044.219, 6.200,5703
 8633,69050.945, 6.732,5703
 8634,69057.961, 7.016,5703
 8635,69064.656, 6.697,5703
 8636,69070.516, 5.853,5703
 8637,69076.523, 6.006,5703
 8638,69083.242, 6.724,5703
 8639,69089.258, 6.017,5703
 8640,69095.250, 5.991,5703
 8641,69101.898, 6.643,5703
 8642,69108.531, 6.637,5703
 8643,69115.109, 6.575,5703
 8644,69121.469, 6.360,5703
 8645,69127.523, 6.056,5703
 8646,69133.445, 5.923,5703
 8647,69139.477, 6.032,5703
 8648,69145.969, 6.490,5703
 8649,69151.852, 5.879,5703
 8650,69157.844, 5.995,5703
 8651,69163.594, 5.754,5703
 8652,69169.469, 5.867,5703
 8653,69176.320, 6.858,5703
 8654,69182.188, 5.865,5703
 8655,69188.070, 5.877,5703
 8656,69193.922, 5.856,5703
 8657,69199.688, 5.773,5703
 8658,69206.219, 6.526,5703
 8659,69212.078, 5.854,5703
 8660,69217.891, 5.817,5703
 8661,69224.992, 7.105,5703
 8662,69231.109, 6.114,5703
 8663,69237.016, 5.913,5703
 8664,69242.945, 5.927,5703
 8665,69249.805, 6.855,5703
 8666,69255.711, 5.900,5703
 8667,69262.352, 6.647,5703
 8668,69268.250, 5.897,5703
 8669,69274.094, 5.846,5703
 8670,69280.039, 5.944,5703
 8671,69286.250, 6.210,5703
 8672,69293.898, 7.649,5703
 8673,69301.523, 7.624,5703
 8674,69307.781, 6.254,5703
 8675,69314.813, 7.037,5703
 8676,69321.023, 6.217,5703
 8677,69328.352, 7.323,5703
 8678,69334.586, 6.237,5703
 8679,69340.852, 6.262,5703
 8680,69347.141, 6.284,5703
 8681,69353.102, 5.964,5703
 8682,69359.234, 6.132,5703
 8683,69366.727, 7.495,5703
 8684,69373.578, 6.854,5703
 8685,69381.414, 7.830,5703
 8686,69387.805, 6.390,5703
 8687,69393.852, 6.051,5703
 8688,69400.039, 6.183,5703
 8689,69407.109, 7.070,5703
 8690,69413.953, 6.855,5703
 8691,69420.023, 6.066,5703
 8692,69426.750, 6.720,5703
 8693,69435.102, 8.356,5703
 8694,69442.188, 7.084,5703
 8695,69448.563, 6.378,5703
 8696,69455.109, 6.545,5703
 8697,69462.117, 7.006,5703
 8698,69468.977, 6.867,5703
 8699,69474.852, 5.869,5703
 8700,69481.172, 6.320,5703
 8701,69488.242, 7.077,5703
 8702,69496.219, 7.970,5703
 8703,69502.594, 6.382,5703
 8704,69508.969, 6.375,5703
 8705,69515.195, 6.221,5703
 8706,69522.375, 7.175,5703
 8707,69528.773, 6.397,5703
 8708,69535.992, 7.227,5703
 8709,69543.938, 7.941,5703
 8710,69550.641, 6.712,5703
 8711,69557.109, 6.460,5703
 8712,69563.586, 6.481,5703
 8713,69569.781, 6.189,5703
 8714,69575.977, 6.200,5703
 8715,69582.109, 6.133,5703
 8716,69589.234, 7.123,5703
 8717,69595.625, 6.397,5703
 8718,69602.336, 6.710,5703
 8719,69609.734, 7.391,5703
 8720,69617.063, 7.330,5703
 8721,69623.555, 6.497,5703
 8722,69629.953, 6.395,5703
 8723,69636.938, 6.986,5703
 8724,69642.906, 5.970,5703
 8725,69649.438, 6.527,5703
 8726,69655.406, 5.968,5703
 8727,69662.141, 6.734,5703
 8728,69668.586, 6.449,5703
 8729,69674.375, 5.782,5703
 8730,69681.023, 6.659,5703
 8731,69688.664, 7.641,5703
 8732,69695.820, 7.151,5703
 8733,69702.008, 6.192,5703
 8734,69707.852, 5.839,5703
 8735,69714.578, 6.731,5703
 8736,69720.578, 5.996,5703
 8737,69726.781, 6.201,5703
 8738,69732.906, 6.129,5703
 8739,69739.711, 6.797,5703
 8740,69747.047, 7.342,5703
 8741,69753.484, 6.433,5703
 8742,69760.219, 6.741,5703
 8743,69766.961, 6.741,5703
 8744,69773.789, 6.828,5703
 8745,69780.383, 6.588,5703
 8746,69787.227, 6.847,5703
 8747,69793.461, 6.238,5703
 8748,69799.469, 6.002,5703
 8749,69806.617, 7.151,5703
 8750,69812.625, 6.014,5703
 8751,69818.672, 6.041,5703
 8752,69824.477, 5.801,5703
 8753,69830.320, 5.853,5703
 8754,69836.922, 6.596,5703
 8755,69842.984, 6.063,5703
 8756,69848.992, 6.011,5703
 8757,69855.594, 6.603,5703
 8758,69863.133, 7.530,5703
 8759,69869.180, 6.052,5703
 8760,69875.172, 5.987,5703
 8761,69881.039, 5.871,5703
 8762,69887.313, 6.278,5703
 8763,69893.367, 6.046,5703
 8764,69899.250, 5.885,5703
 8765,69905.172, 5.921,5703
 8766,69911.758, 6.585,5703
 8767,69917.719, 5.962,5703
 8768,69924.641, 6.932,5703
 8769,69930.484, 5.835,5703
 8770,69936.453, 5.965,5703
 8771,69942.398, 5.950,5703
 8772,69948.375, 5.974,5703
 8773,69954.344, 5.979,5703
 8774,69960.195, 5.843,5703
 8775,69966.555, 6.359,5703
 8776,69972.844, 6.292,5703
 8777,69978.633, 5.791,5703
 8778,69984.781, 6.143,5703
 8779,69991.422, 6.643,5703
 8780,69997.320, 5.903,5703
 8781,70003.188, 5.861,5703
 8782,70009.859, 6.673,5703
 8783,70015.680, 5.827,5703
 8784,70021.633, 5.954,5703
 8785,70027.680, 6.046,5703
 8786,70033.844, 6.157,5703
 8787,70039.828, 5.985,5703
 8788,70045.742, 5.912,5703
 8789,70051.813, 6.076,5703
 8790,70058.461, 6.642,5703
 8791,70064.531, 6.076,5703
 8792,70072.820, 8.282,5703
 8793,70080.711, 7.894,5703
 8794,70087.375, 6.662,5703
 8795,70093.789, 6.413,5703
 8796,70101.305, 7.521,5703
 8797,70108.063, 6.751,5703
 8798,70114.086, 6.030,5703
 8799,70120.133, 6.049,5703
 8800,70126.125, 5.985,5703
 8801,70132.906, 6.787,5703
 8802,70139.219, 6.309,5703
 8803,70145.461, 6.242,5703
 8804,70152.133, 6.673,5703
 8805,70158.172, 6.041,5703
 8806,70163.984, 5.816,5703
 8807,70169.898, 5.910,5703
 8808,70176.086, 6.188,5703
 8809,70184.070, 7.979,5703
 8810,70191.195, 7.131,5703
 8811,70198.078, 6.882,5703
 8812,70204.898, 6.823,5703
 8813,70211.898, 6.999,5703
 8814,70218.961, 7.065,5703
 8815,70225.547, 6.583,5703
 8816,70231.906, 6.358,5703
 8817,70239.422, 7.511,5703
 8818,70245.664, 6.249,5703
 8819,70252.195, 6.533,5703
 8820,70259.375, 7.172,5703
 8821,70266.672, 7.307,5703
 8822,70272.820, 6.142,5703
 8823,70279.109, 6.285,5703
 8824,70285.781, 6.677,5703
 8825,70292.516, 6.736,5703
 8826,70298.859, 6.340,5703
 8827,70305.094, 6.234,5703
 8828,70311.938, 6.845,5703
 8829,70318.180, 6.244,5703
 8830,70324.352, 6.171,5703
 8831,70330.703, 6.345,5703
 8832,70337.094, 6.398,5703
 8833,70344.297, 7.207,5703
 8834,70351.547, 7.245,5703
 8835,70359.141, 7.591,5703
 8836,70366.320, 7.185,5703
 8837,70372.148, 5.826,5703
 8838,70378.047, 5.893,5703
 8839,70384.469, 6.426,5703
 8840,70391.086, 6.618,5703
 8841,70397.664, 6.582,5703
 8842,70404.594, 6.927,5703
 8843,70410.625, 6.032,5703
 8844,70417.328, 6.702,5703
 8845,70423.078, 5.748,5703
 8846,70429.883, 6.806,5703
 8847,70437.461, 7.578,5703
 8848,70444.586, 7.127,5703
 8849,70451.898, 7.308,5703
 8850,70458.961, 7.069,5703
 8851,70466.102, 7.134,5703
 8852,70473.250, 7.152,5703
 8853,70479.672, 6.425,5703
 8854,70486.500, 6.822,5703
 8855,70492.484, 5.981,5703
 8856,70500.305, 7.825,5703
 8857,70506.320, 6.021,5703
 8858,70513.227, 6.902,5703
 8859,70520.164, 6.937,5703
 8860,70526.352, 6.191,5703
 8861,70533.398, 7.041,5703
 8862,70540.438, 7.037,5703
 8863,70546.781, 6.345,5703
 8864,70553.164, 6.388,5703
 8865,70560.039, 6.872,5703
 8866,70566.813, 6.776,5703
 8867,70572.734, 5.915,5703
 8868,70579.859, 7.134,5703
 8869,70586.789, 6.926,5703
 8870,70592.781, 5.993,5703
 8871,70598.703, 5.916,5703
 8872,70605.969, 7.270,5703
 8873,70611.961, 5.994,5703
 8874,70619.000, 7.039,5703
 8875,70625.078, 6.072,5703
 8876,70631.156, 6.082,5703
 8877,70637.266, 6.111,5703
 8878,70643.836, 6.572,5703
 8879,70650.008, 6.174,5703
 8880,70656.430, 6.412,5703
 8881,70662.250, 5.824,5703
 8882,70668.352, 6.111,5703
 8883,70674.352, 5.996,5703
 8884,70680.266, 5.909,5703
 8885,70686.195, 5.928,5703
 8886,70692.813, 6.617,5703
 8887,70700.047, 7.236,5703
 8888,70705.984, 5.946,5703
 8889,70713.063, 7.068,5703
 8890,70719.367, 6.304,5703
 8891,70725.289, 5.928,5703
 8892,70731.188, 5.896,5703
 8893,70737.156, 5.972,5703
 8894,70743.266, 6.105,5703
 8895,70749.344, 6.080,5703
 8896,70755.406, 6.056,5703
 8897,70762.148, 6.746,5703
 8898,70768.992, 6.851,5703
 8899,70776.617, 7.623,5703
 8900,70783.734, 7.108,5703
 8901,70790.781, 7.052,5703
 8902,70796.969, 6.194,5703
 8903,70802.977, 6.004,5703
 8904,70810.188, 7.210,5703
 8905,70816.672, 6.488,5703
 8906,70824.172, 7.495,5703
 8907,70830.531, 6.362,5703
 8908,70837.422, 6.884,5703
 8909,70845.617, 8.204,5703
 8910,70853.633, 8.016,5703
 8911,70860.945, 7.309,5703
 8912,70868.648, 7.704,5703
 8913,70876.594, 7.946,5703
 8914,70883.141, 6.544,5703
 8915,70890.930, 7.791,5703
 8916,70897.641, 6.709,5703
 8917,70904.008, 6.373,5703
 8918,70911.898, 7.889,5703
 8919,70919.086, 7.183,5703
 8920,70927.445, 8.354,5703
 8921,70934.086, 6.641,5703
 8922,70940.664, 6.587,5703
 8923,70947.172, 6.504,5703
 8924,70953.742, 6.565,5703
 8925,70961.469, 7.728,5703
 8926,70969.664, 8.200,5703
 8927,70977.117, 7.453,5703
 8928,70983.094, 5.978,5703
 8929,70989.563, 6.465,5703
 8930,70996.445, 6.884,5703
 8931,71002.336, 5.895,5703
 8932,71008.250, 5.913,5703
 8933,71014.102, 5.848,5703
 8934,71020.117, 6.019,5703
 8935,71027.125, 7.001,5703
 8936,71034.109, 6.990,5703
 8937,71040.891, 6.781,5703
 8938,71046.727, 5.832,5703
 8939,71052.555, 5.830,5703
 8940,71058.391, 5.838,5703
 8941,71064.234, 5.841,5703
 8942,71070.063, 5.824,5703
 8943,71076.016, 5.965,5703
 8944,71081.984, 5.965,5703
 8945,71087.992, 6.008,5703
 8946,71093.805, 5.811,5703
 8947,71099.703, 5.890,5703
 8948,71105.758, 6.060,5703
 8949,71111.531, 5.775,5703
 8950,71117.539, 6.009,5703
 8951,71123.617, 6.083,5703
 8952,71129.648, 6.030,5703
 8953,71137.344, 7.697,5703
 8954,71144.180, 6.829,5703
 8955,71150.125, 5.946,5703
 8956,71156.148, 6.025,5703
 8957,71162.156, 6.005,5703
 8958,71168.211, 6.059,5703
 8959,71174.391, 6.172,5703
 8960,71180.211, 5.825,5703
 8961,71187.047, 6.836,5703
 8962,71193.266, 6.225,5703
 8963,71199.094, 5.817,5703
 8964,71205.055, 5.960,5703
 8965,71211.664, 6.617,5703
 8966,71217.594, 5.931,5703
 8967,71223.531, 5.934,5703
 8968,71230.203, 6.674,5703
 8969,71238.352, 8.149,5703
 8970,71246.109, 7.754,5703
 8971,71253.125, 7.016,5703
 8972,71259.148, 6.023,5703
 8973,71266.258, 7.116,5703
 8974,71272.734, 6.466,5703
 8975,71278.938, 6.208,5703
 8976,71284.719, 5.779,5703
 8977,71291.555, 6.836,5703
 8978,71299.141, 7.585,5703
 8979,71305.008, 5.871,5703
 8980,71311.133, 6.125,5703
 8981,71316.930, 5.800,5703
 8982,71322.898, 5.967,5703
 8983,71328.703, 5.802,5703
 8984,71334.734, 6.031,5703
 8985,71341.508, 6.775,5703
 8986,71347.953, 6.447,5703
 8987,71354.922, 6.968,5703
 8988,71361.258, 6.334,5703
 8989,71367.953, 6.698,5703
 8990,71374.094, 6.140,5703
 8991,71381.297, 7.209,5703
 8992,71389.031, 7.720,5703
 8993,71396.656, 7.640,5703
 8994,71403.258, 6.598,5703
 8995,71409.297, 6.039,5703
 8996,71415.430, 6.124,5703
 8997,71422.383, 6.955,5703
 8998,71428.375, 5.994,5703
 8999,71434.656, 6.289,5703
 9000,71442.016, 7.361,5703
 9001,71448.633, 6.611,5703
 9002,71455.719, 7.082,5703
 9003,71462.344, 6.632,5703
 9004,71469.992, 7.644,5703
 9005,71476.320, 6.334,5703
 9006,71483.578, 7.251,5703
 9007,71489.820, 6.240,5703
 9008,71496.258, 6.443,5703
 9009,71503.922, 7.662,5703
 9010,71511.203, 7.280,5703
 9011,71517.477, 6.277,5703
 9012,71524.641, 7.163,5703
 9013,71531.430, 6.781,5703
 9014,71538.531, 7.107,5703
 9015,71545.234, 6.703,5703
 9016,71551.953, 6.723,5703
 9017,71559.844, 7.884,5703
 9018,71566.570, 6.728,5703
 9019,71573.031, 6.458,5703
 9020,71579.250, 6.229,5703
 9021,71585.633, 6.382,5703
 9022,71591.836, 6.195,5703
 9023,71598.531, 6.702,5703
 9024,71604.250, 5.717,5703
 9025,71611.242, 6.989,5703
 9026,71618.172, 6.928,5703
 9027,71627.164, 8.996,5703
 9028,71634.711, 7.539,5703
 9029,71641.727, 7.021,5703
 9030,71648.867, 7.142,5703
 9031,71654.953, 6.086,5703
 9032,71661.914, 6.963,5703
 9033,71669.133, 7.215,5703
 9034,71675.203, 6.071,5703
 9035,71681.977, 6.776,5703
 9036,71687.875, 5.897,5703
 9037,71693.813, 5.936,5703
 9038,71699.836, 6.028,5703
 9039,71705.906, 6.072,5703
 9040,71712.250, 6.338,5703
 9041,71718.078, 5.826,5703
 9042,71724.813, 6.736,5703
 9043,71730.664, 5.854,5703
 9044,71736.984, 6.326,5703
 9045,71743.719, 6.722,5703
 9046,71749.469, 5.752,5703
 9047,71756.109, 6.642,5703
 9048,71761.953, 5.847,5703
 9049,71769.203, 7.246,5703
 9050,71775.422, 6.221,5703
 9051,71782.453, 7.030,5703
 9052,71788.352, 5.907,5703
 9053,71794.195, 5.835,5703
 9054,71800.094, 5.897,5703
 9055,71806.344, 6.259,5703
 9056,71812.164, 5.812,5703
 9057,71818.258, 6.103,5703
 9058,71824.281, 6.021,5703
 9059,71830.102, 5.818,5703
 9060,71835.945, 5.846,5703
 9061,71842.766, 6.817,5703
 9062,71848.859, 6.096,5703
 9063,71854.617, 5.760,5703
 9064,71861.102, 6.475,5703
 9065,71866.883, 5.784,5703
 9066,71872.969, 6.092,5703
 9067,71880.109, 7.133,5703
 9068,71886.156, 6.048,5703
 9069,71893.422, 7.266,5703
 9070,71899.586, 6.166,5703
 9071,71905.414, 5.826,5703
 9072,71911.883, 6.473,5703
 9073,71918.656, 6.771,5703
 9074,71924.484, 5.832,5703
 9075,71930.234, 5.746,5703
 9076,71936.164, 5.932,5703
 9077,71941.938, 5.771,5703
 9078,71948.500, 6.565,5703
 9079,71954.430, 5.927,5703
 9080,71960.242, 5.813,5703
 9081,71966.648, 6.410,5703
 9082,71972.484, 5.828,5703
 9083,71980.305, 7.828,5703
 9084,71986.930, 6.625,5703
 9085,71993.211, 6.281,5703
 9086,72000.164, 6.947,5703
 9087,72007.664, 7.505,5703
 9088,72015.508, 7.838,5703
 9089,72021.945, 6.441,5703
 9090,72028.016, 6.078,5703
 9091,72035.063, 7.038,5703
 9092,72041.047, 5.986,5703
 9093,72047.492, 6.443,5703
 9094,72054.883, 7.393,5703
 9095,72061.984, 7.105,5703
 9096,72067.977, 5.990,5703
 9097,72075.203, 7.225,5703
 9098,72081.445, 6.237,5703
 9099,72088.563, 7.128,5703
 9100,72095.883, 7.317,5703
 9101,72103.219, 7.335,5703
 9102,72109.109, 5.884,5703
 9103,72114.961, 5.860,5703
 9104,72120.898, 5.934,5703
 9105,72127.875, 6.981,5703
 9106,72133.898, 6.020,5703
 9107,72140.961, 7.064,5703
 9108,72147.219, 6.253,5703
 9109,72154.930, 7.715,5703
 9110,72160.891, 5.958,5703
 9111,72167.781, 6.894,5703
 9112,72175.313, 7.529,5703
 9113,72182.211, 6.900,5703
 9114,72189.836, 7.626,5703
 9115,72196.820, 6.983,5703
 9116,72204.016, 7.200,5703
 9117,72210.500, 6.480,5703
 9118,72216.672, 6.175,5703
 9119,72223.984, 7.314,5703
 9120,72231.164, 7.173,5703
 9121,72238.148, 6.982,5703
 9122,72244.648, 6.504,5703
 9123,72250.945, 6.301,5703
 9124,72258.406, 7.458,5703
 9125,72265.461, 7.052,5703
 9126,72271.773, 6.315,5703
 9127,72278.336, 6.562,5703
 9128,72285.320, 6.986,5703
 9129,72293.000, 7.681,5703
 9130,72300.102, 7.096,5703
 9131,72306.719, 6.619,5703
 9132,72313.141, 6.419,5703
 9133,72319.180, 6.042,5703
 9134,72325.141, 5.960,5703
 9135,72330.953, 5.819,5703
 9136,72337.367, 6.407,5703
 9137,72343.188, 5.819,5703
 9138,72348.930, 5.743,5703
 9139,72354.859, 5.932,5703
 9140,72360.734, 5.873,5703
 9141,72366.430, 5.698,5703
 9142,72372.383, 5.952,5703
 9143,72378.273, 5.894,5703
 9144,72384.172, 5.898,5703
 9145,72391.055, 6.878,5703
 9146,72399.148, 8.095,5703
 9147,72406.469, 7.319,5703
 9148,72412.609, 6.145,5703
 9149,72418.773, 6.156,5703
 9150,72425.719, 6.946,5703
 9151,72431.805, 6.089,5703
 9152,72438.547, 6.746,5703
 9153,72444.594, 6.043,5703
 9154,72450.875, 6.286,5703
 9155,72457.711, 6.828,5703
 9156,72463.773, 6.068,5703
 9157,72469.906, 6.130,5703
 9158,72476.539, 6.633,5703
 9159,72482.563, 6.027,5703
 9160,72489.578, 7.016,5703
 9161,72496.820, 7.236,5703
 9162,72503.500, 6.684,5703
 9163,72509.781, 6.283,5703
 9164,72517.055, 7.267,5703
 9165,72523.984, 6.940,5703
 9166,72530.156, 6.165,5703
 9167,72536.195, 6.042,5703
 9168,72542.992, 6.802,5703
 9169,72549.453, 6.454,5703
 9170,72555.273, 5.825,5703
 9171,72561.117, 5.839,5703
 9172,72567.758, 6.637,5703
 9173,72573.813, 6.061,5703
 9174,72579.742, 5.924,5703
 9175,72586.281, 6.546,5703
 9176,72593.070, 6.782,5703
 9177,72598.883, 5.815,5703
 9178,72604.750, 5.866,5703
 9179,72610.703, 5.953,5703
 9180,72616.742, 6.036,5703
 9181,72623.789, 7.048,5703
 9182,72630.477, 6.692,5703
 9183,72637.438, 6.961,5703
 9184,72643.641, 6.205,5703
 9185,72649.586, 5.946,5703
 9186,72656.313, 6.727,5703
 9187,72662.555, 6.239,5703
 9188,72668.406, 5.845,5703
 9189,72674.508, 6.105,5703
 9190,72680.320, 5.815,5703
 9191,72686.125, 5.804,5703
 9192,72691.992, 5.869,5703
 9193,72697.953, 5.963,5703
 9194,72704.969, 7.017,5703
 9195,72710.820, 5.847,5703
 9196,72716.820, 6.003,5703
 9197,72723.867, 7.044,5703
 9198,72730.430, 6.561,5703
 9199,72736.516, 6.091,5703
 9200,72742.852, 6.337,5703
 9201,72749.883, 7.027,5703
 9202,72756.813, 6.928,5703
 9203,72763.031, 6.220,5703
 9204,72769.203, 6.174,5703
 9205,72776.258, 7.054,5703
 9206,72784.586, 8.328,5703
 9207,72792.422, 7.835,5703
 9208,72798.938, 6.520,5703
 9209,72805.477, 6.533,5703
 9210,72812.367, 6.888,5703
 9211,72819.180, 6.816,5703
 9212,72825.773, 6.593,5703
 9213,72834.477, 8.705,5703
 9214,72842.188, 7.714,5703
 9215,72849.547, 7.355,5703
 9216,72855.969, 6.423,5703
 9217,72863.453, 7.483,5703
 9218,72871.070, 7.613,5703
 9219,72877.352, 6.292,5703
 9220,72884.727, 7.363,5703
 9221,72892.516, 7.795,5703
 9222,72899.523, 7.005,5703
 9223,72906.164, 6.642,5703
 9224,72914.180, 8.021,5703
 9225,72920.758, 6.575,5703
 9226,72927.398, 6.642,5703
 9227,72933.555, 6.159,5703
 9228,72940.258, 6.700,5703
 9229,72946.180, 5.925,5703
 9230,72952.914, 6.728,5703
 9231,72958.789, 5.875,5703
 9232,72964.836, 6.048,5703
 9233,72971.828, 6.992,5703
 9234,72978.711, 6.881,5703
 9235,72984.586, 5.880,5703
 9236,72991.219, 6.631,5703
 9237,72998.094, 6.874,5703
 9238,73003.891, 5.798,5703
 9239,73009.781, 5.891,5703
 9240,73015.883, 6.099,5703
 9241,73022.844, 6.963,5703
 9242,73028.758, 5.910,5703
 9243,73035.438, 6.682,5703
 9244,73042.359, 6.922,5703
 9245,73049.430, 7.068,5703
 9246,73055.844, 6.421,5703
 9247,73062.953, 7.112,5703
 9248,73069.852, 6.896,5703
 9249,73076.570, 6.720,5703
 9250,73083.281, 6.706,5703
 9251,73090.109, 6.825,5703
 9252,73096.922, 6.817,5703
 9253,73103.727, 6.804,5703
 9254,73110.586, 6.859,5703
 9255,73116.297, 5.711,5703
 9256,73122.102, 5.802,5703
 9257,73128.000, 5.905,5703
 9258,73133.875, 5.870,5703
 9259,73139.789, 5.914,5703
 9260,73147.750, 7.961,5703
 9261,73155.422, 7.670,5703
 9262,73162.016, 6.604,5703
 9263,73169.930, 7.907,5703
 9264,73176.586, 6.659,5703
 9265,73182.898, 6.310,5703
 9266,73189.047, 6.147,5703
 9267,73195.094, 6.050,5703
 9268,73201.078, 5.981,5703
 9269,73206.859, 5.784,5703
 9270,73213.969, 7.109,5703
 9271,73220.031, 6.059,5703
 9272,73226.867, 6.841,5703
 9273,73233.844, 6.974,5703
 9274,73239.695, 5.851,5703
 9275,73245.875, 6.185,5703
 9276,73251.977, 6.102,5703
 9277,73259.477, 7.494,5703
 9278,73265.813, 6.337,5703
 9279,73272.406, 6.594,5703
 9280,73278.734, 6.322,5703
 9281,73285.648, 6.925,5703
 9282,73293.844, 8.192,5703
 9283,73301.211, 7.366,5703
 9284,73308.703, 7.490,5703
 9285,73315.414, 6.707,5703
 9286,73321.883, 6.474,5703
 9287,73328.453, 6.567,5703
 9288,73335.172, 6.725,5703
 9289,73341.625, 6.456,5703
 9290,73348.781, 7.149,5703
 9291,73355.172, 6.394,5703
 9292,73361.898, 6.728,5703
 9293,73368.875, 6.974,5703
 9294,73375.813, 6.937,5703
 9295,73382.195, 6.387,5703
 9296,73389.938, 7.744,5703
 9297,73397.750, 7.801,5703
 9298,73404.539, 6.795,5703
 9299,73413.047, 8.501,5703
 9300,73421.398, 8.351,5703
 9301,73428.344, 6.959,5703
 9302,73435.422, 7.066,5703
 9303,73443.359, 7.939,5703
 9304,73450.695, 7.340,5703
 9305,73458.656, 7.960,5703
 9306,73465.445, 6.788,5703
 9307,73472.750, 7.305,5703
 9308,73480.297, 7.553,5703
 9309,73487.563, 7.260,5703
 9310,73494.031, 6.465,5703
 9311,73500.469, 6.445,5703
 9312,73507.219, 6.747,5703
 9313,73514.977, 7.757,5703
 9314,73521.508, 6.532,5703
 9315,73527.938, 6.431,5703
 9316,73535.078, 7.138,5703
 9317,73542.016, 6.943,5703
 9318,73549.266, 7.245,5703
 9319,73557.055, 7.786,5703
 9320,73564.672, 7.624,5703
 9321,73571.633, 6.957,5703
 9322,73578.406, 6.774,5703
 9323,73584.883, 6.475,5703
 9324,73591.109, 6.223,5703
 9325,73597.266, 6.164,5703
 9326,73603.391, 6.120,5703
 9327,73609.531, 6.145,5703
 9328,73615.813, 6.275,5703
 9329,73622.109, 6.302,5703
 9330,73628.250, 6.141,5703
 9331,73634.672, 6.429,5703
 9332,73641.078, 6.399,5703
 9333,73647.602, 6.521,5703
 9334,73654.781, 7.183,5703
 9335,73661.344, 6.561,5703
 9336,73668.453, 7.107,5703
 9337,73674.594, 6.144,5703
 9338,73681.211, 6.616,5703
 9339,73688.266, 7.057,5703
 9340,73694.469, 6.202,5703
 9341,73701.602, 7.131,5703
 9342,73707.750, 6.148,5703
 9343,73713.727, 5.977,5703
 9344,73719.695, 5.963,5703
 9345,73725.758, 6.065,5703
 9346,73732.055, 6.297,5703
 9347,73738.758, 6.706,5703
 9348,73745.227, 6.472,5703
 9349,73752.234, 7.004,5703
 9350,73758.250, 6.016,5703
 9351,73764.055, 5.804,5703
 9352,73769.953, 5.900,5703
 9353,73776.734, 6.782,5703
 9354,73782.977, 6.249,5703
 9355,73789.578, 6.593,5703
 9356,73796.883, 7.307,5703
 9357,73803.977, 7.093,5703
 9358,73809.930, 5.953,5703
 9359,73816.781, 6.851,5703
 9360,73822.945, 6.165,5703
 9361,73828.883, 5.936,5703
 9362,73835.844, 6.966,5703
 9363,73842.578, 6.729,5703
 9364,73848.258, 5.687,5703
 9365,73854.094, 5.830,5703
 9366,73859.852, 5.755,5703
 9367,73865.789, 5.939,5703
 9368,73871.500, 5.713,5703
 9369,73877.438, 5.938,5703
 9370,73884.031, 6.587,5703
 9371,73890.836, 6.807,5703
 9372,73897.516, 6.685,5703
 9373,73903.563, 6.047,5703
 9374,73910.172, 6.606,5703
 9375,73916.102, 5.927,5703
 9376,73922.836, 6.736,5703
 9377,73929.094, 6.261,5703
 9378,73935.906, 6.812,5703
 9379,73944.641, 8.733,5703
 9380,73952.492, 7.850,5703
 9381,73959.977, 7.487,5703
 9382,73966.445, 6.467,5703
 9383,73972.547, 6.102,5703
 9384,73978.617, 6.072,5703
 9385,73984.563, 5.943,5703
 9386,73990.703, 6.138,5703
 9387,73996.477, 5.777,5703
 9388,74005.156, 8.679,5703
 9389,74012.063, 6.903,5703
 9390,74018.867, 6.811,5703
 9391,74024.883, 6.017,5703
 9392,74030.867, 5.985,5703
 9393,74036.953, 6.088,5703
 9394,74042.836, 5.881,5703
 9395,74048.797, 5.957,5703
 9396,74054.961, 6.166,5703
 9397,74061.641, 6.684,5703
 9398,74067.945, 6.302,5703
 9399,74074.164, 6.211,5703
 9400,74081.258, 7.100,5703
 9401,74087.930, 6.675,5703
 9402,74093.961, 6.027,5703
 9403,74100.813, 6.853,5703
 9404,74107.430, 6.615,5703
 9405,74114.711, 7.278,5703
 9406,74120.906, 6.201,5703
 9407,74128.305, 7.403,5703
 9408,74135.680, 7.370,5703
 9409,74143.141, 7.454,5703
 9410,74150.477, 7.338,5703
 9411,74158.305, 7.830,5703
 9412,74164.727, 6.416,5703
 9413,74170.953, 6.238,5703
 9414,74177.594, 6.639,5703
 9415,74183.805, 6.205,5703
 9416,74190.172, 6.372,5703
 9417,74196.602, 6.428,5703
 9418,74202.898, 6.298,5703
 9419,74209.047, 6.140,5703
 9420,74217.047, 8.002,5703
 9421,74224.633, 7.597,5703
 9422,74232.016, 7.382,5703
 9423,74238.938, 6.922,5703
 9424,74246.055, 7.111,5703
 9425,74253.641, 7.589,5703
 9426,74260.672, 7.035,5703
 9427,74267.516, 6.835,5703
 9428,74274.602, 7.092,5703
 9429,74280.578, 5.977,5703
 9430,74286.617, 6.035,5703
 9431,74293.523, 6.910,5703
 9432,74300.305, 6.779,5703
 9433,74306.125, 5.819,5703
 9434,74311.859, 5.733,5703
 9435,74317.859, 6.005,5703
 9436,74325.133, 7.270,5703
 9437,74331.523, 6.393,5703
 9438,74339.977, 8.457,5703
 9439,74346.875, 6.892,5703
 9440,74353.125, 6.249,5703
 9441,74359.141, 6.014,5703
 9442,74365.055, 5.914,5703
 9443,74371.703, 6.646,5703
 9444,74377.695, 5.996,5703
 9445,74383.633, 5.938,5703
 9446,74390.430, 6.793,5703
 9447,74396.469, 6.039,5703
 9448,74403.305, 6.846,5703
 9449,74410.125, 6.817,5703
 9450,74416.625, 6.505,5703
 9451,74423.414, 6.776,5703
 9452,74431.156, 7.751,5703
 9453,74437.250, 6.096,5703
 9454,74443.508, 6.257,5703
 9455,74449.711, 6.199,5703
 9456,74455.609, 5.901,5703
 9457,74461.609, 5.997,5703
 9458,74468.758, 7.143,5703
 9459,74474.484, 5.731,5703
 9460,74480.438, 5.954,5703
 9461,74487.180, 6.743,5703
 9462,74493.039, 5.859,5703
 9463,74498.805, 5.764,5703
 9464,74504.609, 5.813,5703
 9465,74511.273, 6.660,5703
 9466,74517.250, 5.972,5703
 9467,74523.000, 5.758,5703
 9468,74529.680, 6.681,5703
 9469,74536.398, 6.706,5703
 9470,74543.359, 6.961,5703
 9471,74549.711, 6.354,5703
 9472,74555.695, 5.987,5703
 9473,74561.742, 6.045,5703
 9474,74567.742, 6.000,5703
 9475,74574.297, 6.561,5703
 9476,74580.227, 5.931,5703
 9477,74586.133, 5.898,5703
 9478,74592.867, 6.740,5703
 9479,74598.648, 5.780,5703
 9480,74604.719, 6.065,5703
 9481,74611.305, 6.593,5703
 9482,74618.148, 6.838,5703
 9483,74624.078, 5.932,5703
 9484,74630.070, 5.990,5703
 9485,74637.000, 6.939,5703
 9486,74643.547, 6.543,5703
 9487,74649.656, 6.112,5703
 9488,74655.844, 6.180,5703
 9489,74661.578, 5.741,5703
 9490,74667.867, 6.286,5703
 9491,74674.641, 6.778,5703
 9492,74680.758, 6.110,5703
 9493,74687.891, 7.139,5703
 9494,74695.063, 7.168,5703
 9495,74701.234, 6.171,5703
 9496,74708.164, 6.930,5703
 9497,74714.359, 6.195,5703
 9498,74722.883, 8.528,5703
 9499,74731.258, 8.373,5703
 9500,74738.570, 7.312,5703
 9501,74745.891, 7.316,5703
 9502,74752.500, 6.608,5703
 9503,74759.609, 7.114,5703
 9504,74765.664, 6.055,5703
 9505,74771.922, 6.261,5703
 9506,74777.938, 6.014,5703
 9507,74784.109, 6.167,5703
 9508,74790.281, 6.174,5703
 9509,74796.258, 5.980,5703
 9510,74802.805, 6.544,5703
 9511,74808.852, 6.049,5703
 9512,74815.219, 6.364,5703
 9513,74821.305, 6.087,5703
 9514,74828.320, 7.016,5703
 9515,74835.203, 6.881,5703
 9516,74841.195, 5.994,5703
 9517,74847.195, 5.999,5703
 9518,74853.945, 6.755,5703
 9519,74860.164, 6.217,5703
 9520,74867.445, 7.273,5703
 9521,74873.961, 6.523,5703
 9522,74880.867, 6.908,5703
 9523,74887.500, 6.630,5703
 9524,74894.055, 6.553,5703
 9525,74900.789, 6.732,5703
 9526,74907.125, 6.335,5703
 9527,74914.586, 7.463,5703
 9528,74921.836, 7.248,5703
 9529,74928.063, 6.229,5703
 9530,74935.367, 7.300,5703
 9531,74941.477, 6.114,5703
 9532,74947.680, 6.209,5703
 9533,74953.953, 6.268,5703
 9534,74961.594, 7.646,5703
 9535,74967.969, 6.370,5703
 9536,74975.727, 7.757,5703
 9537,74983.516, 7.792,5703
 9538,74989.977, 6.465,5703
 9539,74996.211, 6.228,5703
 9540,75003.508, 7.299,5703
 9541,75009.305, 5.796,5703
 9542,75016.156, 6.852,5703
 9543,75023.039, 6.878,5703
 9544,75028.836, 5.800,5703
 9545,75034.922, 6.088,5703
 9546,75040.750, 5.821,5703
 9547,75046.617, 5.878,5703
 9548,75052.453, 5.833,5703
 9549,75058.383, 5.926,5703
 9550,75065.766, 7.383,5703
 9551,75071.719, 5.952,5703
 9552,75077.844, 6.130,5703
 9553,75084.672, 6.831,5703
 9554,75090.617, 5.940,5703
 9555,75096.367, 5.747,5703
 9556,75102.898, 6.537,5703
 9557,75109.125, 6.222,5703
 9558,75116.000, 6.882,5703
 9559,75123.586, 7.578,5703
 9560,75129.750, 6.162,5703
 9561,75136.500, 6.758,5703
 9562,75142.383, 5.873,5703
 9563,75148.211, 5.839,5703
 9564,75155.133, 6.917,5703
 9565,75160.984, 5.855,5703
 9566,75167.367, 6.378,5703
 9567,75174.586, 7.223,5703
 9568,75180.547, 5.962,5703
 9569,75186.820, 6.270,5703
 9570,75193.797, 6.971,5703
 9571,75200.820, 7.031,5703
 9572,75206.680, 5.858,5703
 9573,75212.703, 6.021,5703
 9574,75218.477, 5.774,5703
 9575,75224.711, 6.232,5703
 9576,75230.734, 6.023,5703
 9577,75236.742, 6.006,5703
 9578,75242.852, 6.117,5703
 9579,75249.086, 6.229,5703
 9580,75255.172, 6.092,5703
 9581,75261.195, 6.020,5703
 9582,75267.086, 5.886,5703
 9583,75273.109, 6.029,5703
 9584,75280.422, 7.310,5703
 9585,75287.242, 6.821,5703
 9586,75293.211, 5.972,5703
 9587,75299.031, 5.817,5703
 9588,75305.719, 6.686,5703
 9589,75311.484, 5.767,5703
 9590,75317.344, 5.867,5703
 9591,75323.172, 5.823,5703
 9592,75329.781, 6.610,5703
 9593,75336.023, 6.233,5703
 9594,75341.938, 5.928,5703
 9595,75348.531, 6.584,5703
 9596,75355.453, 6.923,5703
 9597,75361.328, 5.881,5703
 9598,75367.258, 5.930,5703
 9599,75374.008, 6.747,5703
 9600,75380.086, 6.073,5703
 9601,75388.164, 8.082,5703
 9602,75394.391, 6.221,5703
 9603,75400.570, 6.189,5703
 9604,75407.070, 6.497,5703
 9605,75413.234, 6.165,5703
 9606,75419.422, 6.185,5703
 9607,75425.883, 6.461,5703
 9608,75432.500, 6.617,5703
 9609,75439.242, 6.744,5703
 9610,75446.563, 7.319,5703
 9611,75452.602, 6.045,5703
 9612,75459.773, 7.163,5703
 9613,75466.273, 6.505,5703
 9614,75472.961, 6.685,5703
 9615,75480.219, 7.257,5703
 9616,75486.992, 6.781,5703
 9617,75495.258, 8.259,5703
 9618,75504.594, 9.338,5703
 9619,75511.742, 7.146,5703
 9620,75518.336, 6.596,5703
 9621,75524.625, 6.295,5703
 9622,75531.844, 7.208,5703
 9623,75538.188, 6.347,5703
 9624,75544.633, 6.449,5703
 9625,75550.867, 6.229,5703
 9626,75557.250, 6.385,5703
 9627,75563.570, 6.323,5703
 9628,75570.758, 7.183,5703
 9629,75578.406, 7.651,5703
 9630,75586.148, 7.737,5703
 9631,75593.078, 6.933,5703
 9632,75600.195, 7.121,5703
 9633,75607.055, 6.854,5703
 9634,75613.914, 6.864,5703
 9635,75620.375, 6.457,5703
 9636,75626.680, 6.310,5703
 9637,75632.789, 6.105,5703
 9638,75638.617, 5.833,5703
 9639,75644.633, 6.013,5703
 9640,75650.523, 5.888,5703
 9641,75656.594, 6.077,5703
 9642,75662.414, 5.811,5703
 9643,75668.180, 5.772,5703
 9644,75674.109, 5.927,5703
 9645,75680.141, 6.030,5703
 9646,75686.773, 6.637,5703
 9647,75692.563, 5.791,5703
 9648,75698.867, 6.301,5703
 9649,75705.008, 6.140,5703
 9650,75711.961, 6.955,5703
 9651,75717.813, 5.850,5703
 9652,75724.773, 6.956,5703
 9653,75731.547, 6.777,5703
 9654,75737.469, 5.922,5703
 9655,75743.836, 6.369,5703
 9656,75749.820, 5.980,5703
 9657,75756.656, 6.845,5703
 9658,75763.383, 6.718,5703
 9659,75769.234, 5.858,5703
 9660,75776.172, 6.931,5703
 9661,75782.141, 5.968,5703
 9662,75788.922, 6.787,5703
 9663,75794.883, 5.960,5703
 9664,75800.781, 5.897,5703
 9665,75807.172, 6.394,5703
 9666,75813.172, 5.996,5703
 9667,75820.008, 6.840,5703
 9668,75825.984, 5.978,5703
 9669,75832.836, 6.845,5703
 9670,75839.281, 6.454,5703
 9671,75845.219, 5.932,5703
 9672,75852.313, 7.095,5703
 9673,75858.531, 6.219,5703
 9674,75864.539, 6.005,5703
 9675,75871.703, 7.159,5703
 9676,75878.031, 6.332,5703
 9677,75885.297, 7.271,5703
 9678,75892.500, 7.202,5703
 9679,75899.164, 6.659,5703
 9680,75905.664, 6.506,5703
 9681,75912.148, 6.481,5703
 9682,75919.148, 6.999,5703
 9683,75926.203, 7.059,5703
 9684,75932.766, 6.554,5703
 9685,75939.477, 6.713,5703
 9686,75946.727, 7.246,5703
 9687,75952.820, 6.097,5703
 9688,75958.859, 6.042,5703
 9689,75965.578, 6.721,5703
 9690,75971.625, 6.051,5703
 9691,75978.477, 6.842,5703
 9692,75984.328, 5.857,5703
 9693,75991.188, 6.856,5703
 9694,75997.000, 5.816,5703
 9695,76002.992, 5.998,5703
 9696,76009.063, 6.061,5703
 9697,76015.227, 6.169,5703
 9698,76021.516, 6.289,5703
 9699,76027.570, 6.052,5703
 9700,76034.664, 7.097,5703
 9701,76040.977, 6.314,5703
 9702,76047.633, 6.658,5703
 9703,76053.867, 6.229,5703
 9704,76060.039, 6.167,5703
 9705,76066.320, 6.288,5703
 9706,76072.422, 6.100,5703
 9707,76079.547, 7.126,5703
 9708,76085.664, 6.114,5703
 9709,76092.508, 6.841,5703
 9710,76099.031, 6.527,5703
 9711,76105.367, 6.330,5703
 9712,76112.711, 7.343,5703
 9713,76120.219, 7.517,5703
 9714,76127.359, 7.136,5703
 9715,76134.305, 6.949,5703
 9716,76141.094, 6.781,5703
 9717,76147.430, 6.342,5703
 9718,76154.844, 7.417,5703
 9719,76162.547, 7.698,5703
 9720,76169.102, 6.554,5703
 9721,76176.492, 7.393,5703
 9722,76182.750, 6.255,5703
 9723,76189.195, 6.448,5703
 9724,76196.422, 7.227,5703
 9725,76203.219, 6.797,5703
 9726,76209.492, 6.269,5703
 9727,76216.844, 7.355,5703
 9728,76223.633, 6.792,5703
 9729,76231.383, 7.749,5703
 9730,76238.844, 7.463,5703
 9731,76245.164, 6.319,5703
 9732,76251.203, 6.035,5703
 9733,76258.273, 7.078,5703
 9734,76264.695, 6.412,5703
 9735,76271.555, 6.863,5703
 9736,76278.898, 7.344,5703
 9737,76285.633, 6.737,5703
 9738,76291.836, 6.199,5703
 9739,76298.133, 6.298,5703
 9740,76305.234, 7.101,5703
 9741,76311.344, 6.118,5703
 9742,76317.367, 6.017,5703
 9743,76323.438, 6.068,5703
 9744,76329.484, 6.050,5703
 9745,76335.922, 6.436,5703
 9746,76342.219, 6.300,5703
 9747,76348.711, 6.490,5703
 9748,76354.750, 6.036,5703
 9749,76361.430, 6.676,5703
 9750,76367.539, 6.115,5703
 9751,76374.195, 6.660,5703
 9752,76381.070, 6.871,5703
 9753,76387.727, 6.652,5703
 9754,76393.805, 6.080,5703
 9755,76400.656, 6.858,5703
 9756,76408.281, 7.626,5703
 9757,76414.141, 5.853,5703
 9758,76420.109, 5.966,5703
 9759,76426.906, 6.803,5703
 9760,76433.172, 6.266,5703
 9761,76441.211, 8.041,5703
 9762,76447.508, 6.292,5703
 9763,76454.008, 6.503,5703
 9764,76460.234, 6.223,5703
 9765,76466.383, 6.145,5703
 9766,76472.320, 5.949,5703
 9767,76478.273, 5.951,5703
 9768,76484.102, 5.826,5703
 9769,76490.055, 5.945,5703
 9770,76495.930, 5.881,5703
 9771,76501.734, 5.799,5703
 9772,76507.695, 5.963,5703
 9773,76513.781, 6.084,5703
 9774,76519.945, 6.173,5703
 9775,76525.820, 5.874,5703
 9776,76531.664, 5.842,5703
 9777,76537.508, 5.844,5703
 9778,76543.844, 6.336,5703
 9779,76550.117, 6.269,5703
 9780,76556.258, 6.150,5703
 9781,76562.227, 5.967,5703
 9782,76569.164, 6.932,5703
 9783,76574.969, 5.810,5703
 9784,76581.711, 6.732,5703
 9785,76587.734, 6.025,5703
 9786,76594.398, 6.663,5703
 9787,76600.219, 5.827,5703
 9788,76606.188, 5.967,5703
 9789,76612.086, 5.898,5703
 9790,76618.023, 5.939,5703
 9791,76624.758, 6.736,5703
 9792,76630.820, 6.058,5703
 9793,76636.867, 6.051,5703
 9794,76643.906, 7.037,5703
 9795,76650.297, 6.392,5703
 9796,76657.969, 7.675,5703
 9797,76665.578, 7.604,5703
 9798,76672.211, 6.634,5703
 9799,76679.063, 6.848,5703
 9800,76685.414, 6.353,5703
 9801,76691.305, 5.893,5703
 9802,76697.156, 5.855,5703
 9803,76702.961, 5.802,5703
 9804,76708.961, 6.003,5703
 9805,76714.797, 5.832,5703
 9806,76720.609, 5.819,5703
 9807,76726.586, 5.973,5703
 9808,76732.789, 6.202,5703
 9809,76738.805, 6.017,5703
 9810,76745.188, 6.384,5703
 9811,76751.430, 6.234,5703
 9812,76758.313, 6.891,5703
 9813,76765.273, 6.961,5703
 9814,76771.273, 5.995,5703
 9815,76777.391, 6.118,5703
 9816,76783.922, 6.533,5703
 9817,76790.211, 6.292,5703
 9818,76796.359, 6.137,5703
 9819,76802.414, 6.057,5703
 9820,76808.734, 6.322,5703
 9821,76814.977, 6.251,5703
 9822,76821.156, 6.176,5703
 9823,76827.102, 5.940,5703
 9824,76833.156, 6.061,5703
 9825,76839.531, 6.375,5703
 9826,76847.000, 7.470,5703
 9827,76854.242, 7.242,5703
 9828,76861.953, 7.713,5703
 9829,76868.461, 6.499,5703
 9830,76875.023, 6.561,5703
 9831,76882.313, 7.299,5703
 9832,76888.578, 6.259,5703
 9833,76895.500, 6.925,5703
 9834,76901.836, 6.333,5703
 9835,76909.258, 7.425,5703
 9836,76916.992, 7.739,5703
 9837,76923.328, 6.332,5703
 9838,76930.000, 6.668,5703
 9839,76936.117, 6.118,5703
 9840,76942.414, 6.291,5703
 9841,76948.945, 6.537,5703
 9842,76955.492, 6.545,5703
 9843,76962.633, 7.146,5703
 9844,76969.859, 7.219,5703
 9845,76976.430, 6.575,5703
 9846,76983.703, 7.269,5703
 9847,76989.719, 6.013,5703
 9848,76995.617, 5.911,5703
 9849,77002.414, 6.787,5703
 9850,77008.406, 5.992,5703
 9851,77014.352, 5.945,5703
 9852,77020.367, 6.016,5703
 9853,77026.078, 5.709,5703
 9854,77032.805, 6.729,5703
 9855,77038.563, 5.761,5703
 9856,77044.547, 5.981,5703
 9857,77051.234, 6.693,5703
 9858,77058.305, 7.075,5703
 9859,77064.617, 6.309,5703
 9860,77070.859, 6.238,5703
 9861,77077.820, 6.959,5703
 9862,77083.766, 5.943,5703
 9863,77090.859, 7.100,5703
 9864,77096.961, 6.099,5703
 9865,77102.945, 5.985,5703
 9866,77109.172, 6.225,5703
 9867,77115.125, 5.951,5703
 9868,77121.094, 5.968,5703
 9869,77126.953, 5.865,5703
 9870,77132.805, 5.849,5703
 9871,77138.711, 5.909,5703
 9872,77144.469, 5.759,5703
 9873,77150.359, 5.888,5703
 9874,77156.383, 6.019,5703
 9875,77162.297, 5.920,5703
 9876,77169.023, 6.722,5703
 9877,77175.203, 6.182,5703
 9878,77181.766, 6.566,5703
 9879,77187.805, 6.035,5703
 9880,77193.875, 6.071,5703
 9881,77200.742, 6.870,5703
 9882,77207.625, 6.881,5703
 9883,77214.375, 6.747,5703
 9884,77220.266, 5.896,5703
 9885,77226.328, 6.063,5703
 9886,77232.359, 6.023,5703
 9887,77238.352, 5.993,5703
 9888,77245.094, 6.743,5703
 9889,77251.508, 6.422,5703
 9890,77257.563, 6.053,5703
 9891,77263.438, 5.874,5703
 9892,77269.172, 5.733,5703
 9893,77275.227, 6.056,5703
 9894,77281.289, 6.061,5703
 9895,77288.023, 6.730,5703
 9896,77293.766, 5.746,5703
 9897,77300.594, 6.833,5703
 9898,77306.516, 5.922,5703
 9899,77312.523, 6.001,5703
 9900,77318.406, 5.884,5703
 9901,77324.297, 5.892,5703
 9902,77330.031, 5.731,5703
 9903,77335.875, 5.847,5703
 9904,77342.719, 6.844,5703
 9905,77349.461, 6.745,5703
 9906,77355.227, 5.763,5703
 9907,77361.180, 5.951,5703
 9908,77367.852, 6.674,5703
 9909,77374.508, 6.657,5703
 9910,77380.570, 6.063,5703
 9911,77386.914, 6.342,5703
 9912,77393.508, 6.596,5703
 9913,77400.039, 6.528,5703
 9914,77406.281, 6.247,5703
 9915,77412.727, 6.438,5703
 9916,77418.844, 6.123,5703
 9917,77425.828, 6.981,5703
 9918,77432.102, 6.269,5703
 9919,77439.453, 7.355,5703
 9920,77447.203, 7.750,5703
 9921,77455.109, 7.907,5703
 9922,77462.625, 7.520,5703
 9923,77470.391, 7.756,5703
 9924,77477.617, 7.233,5703
 9925,77484.852, 7.236,5703
 9926,77492.164, 7.313,5703
 9927,77499.172, 7.007,5703
 9928,77505.586, 6.419,5703
 9929,77512.000, 6.413,5703
 9930,77518.297, 6.294,5703
 9931,77524.867, 6.570,5703
 9932,77532.141, 7.270,5703
 9933,77539.844, 7.704,5703
 9934,77546.211, 6.370,5703
 9935,77553.320, 7.112,5703
 9936,77559.563, 6.239,5703
 9937,77565.922, 6.362,5703
 9938,77572.313, 6.387,5703
 9939,77578.508, 6.196,5703
 9940,77585.086, 6.573,5703
 9941,77592.227, 7.150,5703
 9942,77598.672, 6.440,5703
 9943,77605.328, 6.664,5703
 9944,77612.422, 7.088,5703
 9945,77618.258, 5.836,5703
 9946,77624.289, 6.036,5703
 9947,77630.305, 6.011,5703
 9948,77636.656, 6.351,5703
 9949,77642.453, 5.791,5703
 9950,77648.586, 6.140,5703
 9951,77655.266, 6.677,5703
 9952,77662.109, 6.845,5703
 9953,77667.930, 5.822,5703
 9954,77673.633, 5.702,5703
 9955,77679.430, 5.790,5703
 9956,77685.430, 6.000,5703
 9957,77691.273, 5.848,5703
 9958,77697.406, 6.132,5703
 9959,77703.195, 5.788,5703
 9960,77709.469, 6.273,5703
 9961,77716.719, 7.252,5703
 9962,77722.531, 5.818,5703
 9963,77728.297, 5.767,5703
 9964,77735.148, 6.848,5703
 9965,77740.977, 5.825,5703
 9966,77746.852, 5.872,5703
 9967,77753.602, 6.758,5703
 9968,77760.789, 7.180,5703
 9969,77766.656, 5.872,5703
 9970,77772.414, 5.756,5703
 9971,77779.266, 6.853,5703
 9972,77785.477, 6.208,5703
 9973,77791.352, 5.874,5703
 9974,77798.102, 6.748,5703
 9975,77803.883, 5.785,5703
 9976,77809.648, 5.771,5703
 9977,77816.117, 6.467,5703
 9978,77822.227, 6.112,5703
 9979,77829.953, 7.724,5703
 9980,77838.055, 8.100,5703
 9981,77844.477, 6.420,5703
 9982,77851.336, 6.867,5703
 9983,77857.445, 6.104,5703
 9984,77863.570, 6.126,5703
 9985,77870.695, 7.115,5703
 9986,77878.180, 7.490,5703
 9987,77884.320, 6.150,5703
 9988,77891.523, 7.196,5703
 9989,77897.383, 5.852,5703
 9990,77903.211, 5.837,5703
 9991,77909.313, 6.103,5703
 9992,77916.188, 6.869,5703
 9993,77922.750, 6.563,5703
 9994,77929.523, 6.773,5703
 9995,77936.336, 6.818,5703
 9996,77942.602, 6.266,5703
 9997,77949.492, 6.890,5703
 9998,77955.398, 5.905,5703
 9999,77961.180, 5.781,5703
10000,77968.078, 6.893,5703
10001,77973.930, 5.857,5703
10002,77979.852, 5.923,5703
10003,77986.555, 6.705,5703
10004,77993.414, 6.854,5703
10005,78000.078, 6.663,5703
10006,78006.055, 5.974,5703
10007,78012.070, 6.018,5703
10008,78018.898, 6.830,5703
10009,78025.516, 6.621,5703
10010,78032.977, 7.461,5703
10011,78039.125, 6.144,5703
10012,78045.523, 6.399,5703
10013,78053.063, 7.533,5703
10014,78060.148, 7.089,5703
10015,78067.555, 7.408,5703
10016,78073.781, 6.231,5703
10017,78079.930, 6.149,5703
10018,78086.250, 6.317,5703
10019,78093.516, 7.265,5703
10020,78099.984, 6.470,5703
10021,78106.305, 6.323,5703
10022,78112.383, 6.069,5703
10023,78118.531, 6.152,5703
10024,78124.828, 6.300,5703
10025,78131.313, 6.488,5703
10026,78138.289, 6.974,5703
10027,78145.414, 7.117,5703
10028,78152.453, 7.047,5703
10029,78159.133, 6.678,5703
10030,78165.570, 6.443,5703
10031,78171.844, 6.272,5703
10032,78179.141, 7.296,5703
10033,78185.602, 6.457,5703
10034,78192.789, 7.190,5703
10035,78199.539, 6.745,5703
10036,78206.547, 7.009,5703
10037,78213.906, 7.359,5703
10038,78221.469, 7.566,5703
10039,78228.656, 7.192,5703
10040,78234.711, 6.043,5703
10041,78241.031, 6.323,5703
10042,78248.031, 7.003,5703
10043,78254.102, 6.073,5703
10044,78260.852, 6.744,5703
10045,78267.641, 6.798,5703
10046,78274.406, 6.758,5703
10047,78280.938, 6.537,5703
10048,78287.563, 6.624,5703
10049,78293.477, 5.909,5703
10050,78300.094, 6.616,5703
10051,78306.430, 6.339,5703
10052,78312.203, 5.776,5703
10053,78318.516, 6.309,5703
10054,78324.453, 5.934,5703
10055,78332.266, 7.821,5703
10056,78338.289, 6.025,5703
10057,78345.656, 7.369,5703
10058,78351.781, 6.118,5703
10059,78357.906, 6.131,5703
10060,78363.758, 5.843,5703
10061,78370.906, 7.150,5703
10062,78376.758, 5.853,5703
10063,78382.695, 5.938,5703
10064,78388.555, 5.863,5703
10065,78395.445, 6.884,5703
10066,78402.211, 6.772,5703
10067,78407.953, 5.744,5703
10068,78414.375, 6.409,5703
10069,78421.305, 6.943,5703
10070,78428.141, 6.830,5703
10071,78435.320, 7.186,5703
10072,78442.102, 6.769,5703
10073,78449.258, 7.163,5703
10074,78455.570, 6.310,5703
10075,78462.914, 7.351,5703
10076,78469.961, 7.042,5703
10077,78475.828, 5.863,5703
10078,78482.484, 6.656,5703
10079,78489.141, 6.655,5703
10080,78496.359, 7.219,5703
10081,78502.430, 6.075,5703
10082,78508.266, 5.841,5703
10083,78514.180, 5.908,5703
10084,78519.984, 5.808,5703
10085,78527.578, 7.593,5703
10086,78533.633, 6.059,5703
10087,78540.234, 6.597,5703
10088,78546.359, 6.124,5703
10089,78552.164, 5.801,5703
10090,78559.242, 7.084,5703
10091,78565.203, 5.960,5703
10092,78571.938, 6.733,5703
10093,78577.727, 5.785,5703
10094,78583.578, 5.855,5703
10095,78591.750, 8.170,5703
10096,78599.875, 8.132,5703
10097,78606.789, 6.905,5703
10098,78613.664, 6.884,5703
10099,78620.180, 6.509,5703
10100,78627.742, 7.564,5703
10101,78633.563, 5.819,5703
10102,78640.273, 6.715,5703
10103,78646.625, 6.354,5703
10104,78652.602, 5.975,5703
10105,78658.695, 6.084,5703
10106,78666.164, 7.474,5703
10107,78672.227, 6.063,5703
10108,78679.109, 6.880,5703
10109,78686.227, 7.118,5703
10110,78692.719, 6.493,5703
10111,78698.805, 6.088,5703
10112,78706.195, 7.391,5703
10113,78713.852, 7.657,5703
10114,78720.000, 6.150,5703
10115,78726.055, 6.052,5703
10116,78732.992, 6.939,5703
10117,78740.164, 7.167,5703
10118,78747.203, 7.043,5703
10119,78753.367, 6.158,5703
10120,78760.461, 7.097,5703
10121,78767.570, 7.109,5703
10122,78774.266, 6.700,5703
10123,78781.328, 7.061,5703
10124,78787.977, 6.653,5703
10125,78794.352, 6.365,5703
10126,78800.594, 6.251,5703
10127,78806.961, 6.364,5703
10128,78813.961, 7.000,5703
10129,78820.172, 6.212,5703
10130,78826.555, 6.385,5703
10131,78834.078, 7.519,5703
10132,78841.469, 7.393,5703
10133,78847.758, 6.288,5703
10134,78853.891, 6.131,5703
10135,78860.078, 6.188,5703
10136,78867.086, 7.007,5703
10137,78874.555, 7.468,5703
10138,78881.648, 7.096,5703
10139,78887.805, 6.158,5703
10140,78893.914, 6.110,5703
10141,78901.320, 7.405,5703
10142,78908.969, 7.651,5703
10143,78916.516, 7.547,5703
10144,78922.977, 6.459,5703
10145,78929.484, 6.504,5703
10146,78935.836, 6.352,5703
10147,78941.922, 6.093,5703
10148,78947.945, 6.018,5703
10149,78953.977, 6.035,5703
10150,78960.086, 6.104,5703
10151,78967.125, 7.039,5703
10152,78973.211, 6.088,5703
10153,78981.430, 8.217,5703
10154,78989.094, 7.665,5703
10155,78995.719, 6.624,5703
10156,79001.836, 6.115,5703
10157,79007.805, 5.974,5703
10158,79013.969, 6.167,5703
10159,79020.641, 6.674,5703
10160,79027.055, 6.405,5703
10161,79034.438, 7.382,5703
10162,79040.523, 6.086,5703
10163,79046.336, 5.821,5703
10164,79052.148, 5.805,5703
10165,79058.195, 6.051,5703
10166,79064.047, 5.844,5703
10167,79070.102, 6.060,5703
10168,79076.430, 6.324,5703
10169,79082.336, 5.913,5703
10170,79088.813, 6.474,5703
10171,79095.000, 6.193,5703
10172,79100.883, 5.881,5703
10173,79106.797, 5.906,5703
10174,79112.742, 5.947,5703
10175,79118.914, 6.175,5703
10176,79125.188, 6.273,5703
10177,79130.859, 5.674,5703
10178,79137.570, 6.710,5703
10179,79143.352, 5.780,5703
10180,79149.352, 5.997,5703
10181,79155.156, 5.805,5703
10182,79160.969, 5.816,5703
10183,79167.609, 6.640,5703
10184,79173.719, 6.102,5703
10185,79179.602, 5.893,5703
10186,79185.375, 5.766,5703
10187,79192.273, 6.905,5703
10188,79199.281, 7.007,5703
10189,79205.688, 6.404,5703
10190,79212.313, 6.627,5703
10191,79218.102, 5.788,5703
10192,79224.898, 6.798,5703
10193,79230.813, 5.914,5703
10194,79236.734, 5.918,5703
10195,79242.547, 5.812,5703
10196,79249.266, 6.722,5703
10197,79256.094, 6.823,5703
10198,79263.453, 7.362,5703
10199,79269.898, 6.450,5703
10200,79276.305, 6.405,5703
10201,79282.047, 5.738,5703
10202,79288.141, 6.097,5703
10203,79294.148, 6.007,5703
10204,79300.570, 6.427,5703
10205,79307.195, 6.624,5703
10206,79314.203, 7.004,5703
10207,79320.070, 5.861,5703
10208,79326.914, 6.850,5703
10209,79332.586, 5.673,5703
10210,79338.555, 5.969,5703
10211,79345.195, 6.643,5703
10212,79351.258, 6.064,5703
10213,79357.875, 6.611,5703
10214,79364.688, 6.809,5703
10215,79372.000, 7.319,5703
10216,79378.242, 6.241,5703
10217,79384.336, 6.101,5703
10218,79390.180, 5.833,5703
10219,79397.047, 6.871,5703
10220,79403.078, 6.031,5703
10221,79410.227, 7.150,5703
10222,79416.656, 6.429,5703
10223,79422.688, 6.028,5703
10224,79428.766, 6.079,5703
10225,79434.773, 6.008,5703
10226,79442.141, 7.369,5703
10227,79449.398, 7.256,5703
10228,79455.750, 6.349,5703
10229,79462.711, 6.960,5703
10230,79469.953, 7.248,5703
10231,79476.602, 6.651,5703
10232,79484.164, 7.554,5703
10233,79490.313, 6.155,5703
10234,79496.172, 5.856,5703
10235,79502.367, 6.196,5703
10236,79509.375, 7.003,5703
10237,79515.883, 6.511,5703
10238,79521.969, 6.087,5703
10239,79528.875, 6.906,5703
10240,79534.992, 6.120,5703
10241,79541.234, 6.243,5703
10242,79547.531, 6.294,5703
10243,79553.914, 6.382,5703
10244,79561.203, 7.290,5703
10245,79567.586, 6.386,5703
10246,79574.695, 7.100,5703
10247,79581.195, 6.510,5703
10248,79587.984, 6.786,5703
10249,79594.195, 6.214,5703
10250,79600.508, 6.312,5703
10251,79606.789, 6.273,5703
10252,79612.922, 6.143,5703
10253,79621.070, 8.138,5703
10254,79627.617, 6.553,5703
10255,79633.938, 6.323,5703
10256,79640.422, 6.479,5703
10257,79646.695, 6.272,5703
10258,79654.148, 7.459,5703
10259,79661.133, 6.984,5703
10260,79668.617, 7.482,5703
10261,79675.336, 6.726,5703
10262,79681.250, 5.911,5703
10263,79688.328, 7.076,5703
10264,79694.117, 5.788,5703
10265,79700.773, 6.654,5516
10266,79707.094, 6.320,5516
10267,79714.594, 7.503,5516
10268,79721.570, 6.980,5516
10269,79727.180, 5.608,5516
10270,79733.758, 6.572,5516
10271,79741.539, 7.788,5516
10272,79747.766, 6.222,5516
10273,79755.063, 7.299,5516
10274,79761.086, 6.022,5516
10275,79767.406, 6.315,5516
10276,79773.578, 6.180,5516
10277,79780.367, 6.786,5516
10278,79788.273, 7.905,5516
10279,79794.953, 6.682,5516
10280,79801.141, 6.186,5516
10281,79807.852, 6.711,5516
10282,79815.172, 7.318,5516
10283,79822.609, 7.446,5516
10284,79829.563, 6.952,5516
10285,79835.641, 6.080,5516
10286,79841.430, 5.780,5516
10287,79847.289, 5.862,5516
10288,79853.148, 5.858,5516
10289,79859.047, 5.896,5516
10290,79864.891, 5.851,5516
10291,79870.750, 5.851,5516
10292,79876.961, 6.222,5516
10293,79884.117, 7.152,5516
10294,79890.000, 5.881,5516
10295,79895.914, 5.916,5516
10296,79902.422, 6.501,5516
10297,79908.398, 5.978,5516
10298,79914.328, 5.934,5516
10299,79921.039, 6.707,5516
10300,79927.195, 6.157,5516
10301,79933.430, 6.239,5516
10302,79940.406, 6.968,5516
10303,79946.430, 6.030,5516
10304,79952.359, 5.924,5516
10305,79959.055, 6.696,5516
10306,79966.016, 6.961,5516
10307,79972.117, 6.106,5516
10308,79978.242, 6.128,5516
10309,79984.227, 5.984,5516
10310,79990.297, 6.072,5516
10311,79996.688, 6.386,5516
10312,80003.125, 6.436,5516
10313,80009.266, 6.145,5516
10314,80015.125, 5.853,5516
10315,80020.594, 5.476,5516
10316,80026.609, 6.012,5516
10317,80032.547, 5.936,5516
10318,80038.469, 5.920,5516
10319,80044.172, 5.706,5516
10320,80049.789, 5.616,5516
10321,80055.781, 5.995,5516
10322,80061.336, 5.561,5516
10323,80068.086, 6.738,5516
10324,80075.109, 7.026,5516
10325,80081.492, 6.386,5516
10326,80087.359, 5.863,5516
10327,80093.242, 5.890,5516
10328,80099.578, 6.335,5516
10329,80105.602, 6.026,5516
10330,80111.250, 5.647,5516
10331,80117.703, 6.447,5516
10332,80123.281, 5.580,5516
10333,80129.234, 5.956,5516
10334,80135.352, 6.112,5516
10335,80142.508, 7.160,5516
10336,80148.219, 5.711,5516
10337,80154.453, 6.234,5516
10338,80160.242, 5.794,5516
10339,80165.977, 5.734,5516
10340,80171.789, 5.809,5516
10341,80177.758, 5.967,5516
10342,80185.039, 7.276,5516
10343,80191.016, 5.976,5516
10344,80197.594, 6.585,5516
10345,80203.141, 5.541,5516
10346,80208.766, 5.625,5516
10347,80214.180, 5.417,5516
10348,80219.961, 5.789,5516
10349,80225.625, 5.658,5516
10350,80231.555, 5.935,5516
10351,80238.484, 6.923,5516
10352,80244.609, 6.131,5516
10353,80250.828, 6.217,5516
10354,80256.523, 5.695,5516
10355,80263.102, 6.573,5516
10356,80268.594, 5.498,5516
10357,80274.078, 5.478,5516
10358,80280.023, 5.942,5516
10359,80286.031, 6.011,5516
10360,80291.625, 5.597,5516
10361,80297.516, 5.891,5516
10362,80303.289, 5.776,5516
10363,80308.750, 5.453,5516
10364,80314.578, 5.834,5516
10365,80320.148, 5.568,5516
10366,80325.633, 5.486,5516
10367,80331.305, 5.678,5516
10368,80338.313, 7.007,5516
10369,80344.930, 6.615,5516
10370,80350.922, 5.991,5516
10371,80357.492, 6.569,5516
10372,80363.742, 6.248,5516
10373,80369.359, 5.615,5516
10374,80374.930, 5.575,5516
10375,80380.461, 5.529,5516
10376,80386.180, 5.723,5516
10377,80391.633, 5.452,5516
10378,80397.391, 5.753,5516
10379,80404.695, 7.305,5516
10380,80410.336, 5.644,5516
10381,80416.094, 5.755,5516
10382,80421.984, 5.895,5516
10383,80427.703, 5.713,5516
10384,80434.383, 6.680,5516
10385,80440.156, 5.775,5516
10386,80446.742, 6.588,5516
10387,80453.977, 7.234,5516
10388,80460.867, 6.895,5516
10389,80467.125, 6.251,5516
10390,80472.945, 5.825,5516
10391,80478.805, 5.852,5516
10392,80484.477, 5.678,5516
10393,80490.055, 5.573,5516
10394,80496.516, 6.468,5516
10395,80503.453, 6.936,5516
10396,80509.172, 5.714,5516
10397,80514.781, 5.611,5516
10398,80520.555, 5.778,5516
10399,80526.586, 6.031,5516
10400,80532.164, 5.578,5516
10401,80538.516, 6.349,5516
10402,80544.258, 5.747,5516
10403,80550.375, 6.105,5516
10404,80556.430, 6.057,5516
10405,80562.539, 6.117,5516
10406,80568.250, 5.711,5516
10407,80573.875, 5.621,5516
10408,80579.516, 5.639,5516
10409,80586.313, 6.804,5516
10410,80592.148, 5.828,5516
10411,80598.820, 6.675,5516
10412,80605.078, 6.252,5516
10413,80611.031, 5.960,5516
10414,80617.680, 6.643,5516
10415,80623.695, 6.019,5516
10416,80629.602, 5.911,5516
10417,80635.570, 5.963,5516
10418,80641.539, 5.970,5516
10419,80647.289, 5.755,5516
10420,80654.570, 7.281,5516
10421,80662.070, 7.494,5516
10422,80669.359, 7.290,5516
10423,80675.203, 5.846,5516
10424,80681.117, 5.911,5516
10425,80687.273, 6.164,5516
10426,80693.727, 6.448,5516
10427,80699.680, 5.949,5516
10428,80706.453, 6.778,5516
10429,80712.969, 6.519,5516
10430,80719.203, 6.231,5516
10431,80725.313, 6.108,5516
10432,80731.398, 6.086,5516
10433,80736.961, 5.568,5516
10434,80742.594, 5.629,5516
10435,80748.391, 5.794,5516
10436,80754.148, 5.755,5516
10437,80759.555, 5.416,5516
10438,80765.633, 6.073,5516
10439,80771.594, 5.962,5516
10440,80777.328, 5.741,5516
10441,80782.992, 5.663,5516
10442,80788.641, 5.646,5516
10443,80795.172, 6.523,5516
10444,80801.977, 6.810,5516
10445,80808.289, 6.313,5516
10446,80813.688, 5.391,5516
10447,80819.125, 5.445,5516
10448,80825.539, 6.417,5516
10449,80832.438, 6.889,5516
10450,80838.977, 6.543,5516
10451,80845.828, 6.852,5516
10452,80851.898, 6.074,5516
10453,80857.547, 5.646,5516
10454,80864.648, 7.103,5516
10455,80870.719, 6.068,5516
10456,80877.977, 7.261,5516
10457,80884.094, 6.110,5516
10458,80890.805, 6.715,5516
10459,80897.445, 6.638,5516
10460,80903.156, 5.716,5516
10461,80908.938, 5.781,5516
10462,80915.547, 6.605,5516
10463,80921.164, 5.622,5516
10464,80926.688, 5.518,5516
10465,80933.219, 6.531,5516
10466,80938.891, 5.673,5516
10467,80944.453, 5.560,5516
10468,80949.992, 5.545,5516
10469,80955.617, 5.627,5516
10470,80961.461, 5.840,5516
10471,80966.992, 5.537,5516
10472,80972.602, 5.606,5516
10473,80979.383, 6.774,5516
10474,80985.016, 5.636,5516
10475,80990.820, 5.809,5516
10476,80997.750, 6.925,5516
10477,81003.313, 5.570,5516
10478,81009.383, 6.062,5516
10479,81014.820, 5.443,5516
10480,81020.313, 5.492,5516
10481,81025.766, 5.447,5516
10482,81031.273, 5.515,5516
10483,81036.781, 5.504,5516
10484,81042.391, 5.607,5516
10485,81047.875, 5.491,5516
10486,81053.508, 5.627,5516
10487,81059.031, 5.526,5516
10488,81065.633, 6.605,5516
10489,81071.094, 5.459,5516
10490,81076.711, 5.611,5516
10491,81083.508, 6.801,5516
10492,81089.383, 5.868,5516
10493,81095.070, 5.694,5516
10494,81100.695, 5.626,5516
10495,81106.391, 5.693,5516
10496,81111.844, 5.452,5516
10497,81118.125, 6.282,5516
10498,81124.609, 6.492,5516
10499,81130.516, 5.897,5516
10500,81136.938, 6.431,5516
10501,81143.016, 6.073,5516
10502,81149.047, 6.028,5516
10503,81154.813, 5.768,5516
10504,81160.852, 6.040,5516
10505,81166.797, 5.947,5516
10506,81172.836, 6.038,5516
10507,81178.844, 6.006,5516
10508,81185.445, 6.605,5516
10509,81193.133, 7.686,5516
10510,81199.203, 6.071,5516
10511,81207.188, 7.982,5516
10512,81214.242, 7.061,5516
10513,81221.430, 7.177,5516
10514,81229.617, 8.194,5516
10515,81236.883, 7.264,5516
10516,81243.703, 6.819,5516
10517,81251.883, 8.179,5516
10518,81258.344, 6.458,5516
10519,81264.555, 6.220,5516
10520,81271.016, 6.454,5516
10521,81277.695, 6.680,5516
10522,81284.984, 7.296,5516
10523,81292.516, 7.528,5516
10524,81299.484, 6.965,5516
10525,81305.914, 6.433,5516
10526,81312.047, 6.129,5516
10527,81318.734, 6.685,5516
10528,81324.844, 6.113,5516
10529,81331.492, 6.653,5516
10530,81337.984, 6.489,5516
10531,81345.250, 7.270,5516
10532,81350.914, 5.660,5516
10533,81356.680, 5.758,5516
10534,81363.094, 6.422,5516
10535,81369.656, 6.568,5516
10536,81375.805, 6.141,5516
10537,81381.719, 5.914,5516
10538,81388.117, 6.402,5516
10539,81394.641, 6.522,5516
10540,81401.242, 6.606,5516
10541,81407.383, 6.137,5516
10542,81413.469, 6.087,5516
10543,81420.742, 7.268,5516
10544,81426.633, 5.900,5516
10545,81432.492, 5.853,5516
10546,81438.016, 5.520,5516
10547,81444.438, 6.420,5516
10548,81450.195, 5.767,5516
10549,81456.188, 5.987,5516
10550,81461.844, 5.657,5516
10551,81467.656, 5.814,5516
10552,81473.141, 5.479,5516
10553,81479.688, 6.547,5516
10554,81485.414, 5.730,5516
10555,81490.953, 5.544,5516
10556,81496.438, 5.475,5516
10557,81502.055, 5.617,5516
10558,81508.445, 6.397,5516
10559,81514.250, 5.805,5516
10560,81520.023, 5.772,5516
10561,81525.984, 5.963,5516
10562,81531.664, 5.686,5516
10563,81536.992, 5.327,5516
10564,81542.695, 5.689,5516
10565,81548.195, 5.509,5516
10566,81553.664, 5.472,5516
10567,81559.047, 5.372,5516
10568,81564.563, 5.523,5516
10569,81570.016, 5.448,5516
10570,81575.797, 5.787,5516
10571,81581.258, 5.458,5516
10572,81586.922, 5.666,5516
10573,81592.609, 5.690,5516
10574,81598.711, 6.093,5516
10575,81605.289, 6.586,5516
10576,81612.195, 6.901,5516
10577,81618.391, 6.198,5516
10578,81624.305, 5.920,5516
10579,81631.031, 6.719,5516
10580,81636.633, 5.604,5516
10581,81644.375, 7.739,5516
10582,81650.992, 6.627,5516
10583,81656.875, 5.874,5516
10584,81662.789, 5.914,5516
10585,81669.477, 6.690,5516
10586,81676.227, 6.749,5516
10587,81682.141, 5.912,5516
10588,81687.805, 5.662,5516
10589,81694.031, 6.228,5516
10590,81699.680, 5.647,5516
10591,81705.164, 5.489,5516
10592,81710.516, 5.355,5516
10593,81716.430, 5.905,5516
10594,81723.477, 7.047,5516
10595,81729.273, 5.803,5516
10596,81734.977, 5.705,5516
10597,81740.992, 6.014,5516
10598,81747.094, 6.100,5516
10599,81753.367, 6.271,5516
10600,81759.109, 5.740,5516
10601,81765.180, 6.075,5516
10602,81772.188, 7.006,5516
10603,81777.984, 5.804,5516
10604,81783.844, 5.852,5516
10605,81791.063, 7.218,5516
10606,81797.914, 6.857,5516
10607,81804.266, 6.351,5516
10608,81810.383, 6.109,5516
10609,81816.484, 6.110,5516
10610,81822.945, 6.461,5516
10611,81829.250, 6.300,5516
10612,81835.563, 6.317,5516
10613,81841.570, 6.009,5516
10614,81848.125, 6.553,5516
10615,81855.016, 6.889,5516
10616,81860.914, 5.898,5516
10617,81868.203, 7.288,5516
10618,81874.148, 5.946,5516
10619,81880.273, 6.128,5516
10620,81886.219, 5.947,5516
10621,81892.281, 6.064,5516
10622,81899.297, 7.016,5516
10623,81905.492, 6.193,5516
10624,81912.445, 6.946,5516
10625,81919.484, 7.044,5516
10626,81926.836, 7.347,5516
10627,81934.266, 7.438,5516
10628,81940.141, 5.870,5516
10629,81946.000, 5.861,5516
10630,81951.719, 5.711,5516
10631,81957.664, 5.956,5516
10632,81963.492, 5.820,5516
10633,81970.117, 6.623,5516
10634,81976.539, 6.428,5516
10635,81982.984, 6.451,5516
10636,81989.586, 6.597,5516
10637,81995.836, 6.249,5516
10638,82002.789, 6.948,5516
10639,82008.438, 5.650,5516
10640,82014.125, 5.689,5516
10641,82019.828, 5.705,5516
10642,82025.383, 5.555,5516
10643,82030.930, 5.548,5516
10644,82036.961, 6.031,5516
10645,82043.398, 6.435,5516
10646,82049.094, 5.698,5516
10647,82054.953, 5.862,5516
10648,82060.625, 5.671,5516
10649,82067.313, 6.688,5516
10650,82073.063, 5.746,5516
10651,82078.648, 5.591,5516
10652,82084.328, 5.680,5516
10653,82089.742, 5.408,5516
10654,82095.383, 5.634,5516
10655,82102.141, 6.761,5516
10656,82107.633, 5.501,5516
10657,82113.703, 6.063,5516
10658,82119.172, 5.471,5516
10659,82125.078, 5.900,5516
10660,82130.633, 5.561,5516
10661,82137.188, 6.555,5516
10662,82143.391, 6.200,5516
10663,82149.352, 5.956,5516
10664,82155.023, 5.678,5516
10665,82160.648, 5.627,5516
10666,82167.031, 6.382,5516
10667,82172.609, 5.581,5516
10668,82178.133, 5.522,5516
10669,82183.797, 5.665,5516
10670,82189.133, 5.333,5516
10671,82194.406, 5.274,5516
10672,82199.773, 5.367,5516
10673,82206.078, 6.305,5516
10674,82212.234, 6.155,5516
10675,82217.898, 5.665,5516
10676,82223.445, 5.544,5516
10677,82228.820, 5.382,5516
10678,82234.594, 5.773,5516
10679,82240.195, 5.600,5516
10680,82246.109, 5.908,5516
10681,82253.547, 7.443,5516
10682,82260.047, 6.493,5516
10683,82265.750, 5.710,5516
10684,82271.531, 5.778,5516
10685,82277.117, 5.587,5516
10686,82282.844, 5.731,5516
10687,82288.383, 5.536,5516
10688,82294.188, 5.807,5516
10689,82299.875, 5.685,5516
10690,82305.320, 5.446,5516
10691,82311.750, 6.429,5516
10692,82317.297, 5.550,5516
10693,82322.734, 5.433,5516
10694,82328.313, 5.586,5516
10695,82335.258, 6.944,5516
10696,82341.016, 5.752,5516
10697,82347.969, 6.958,5516
10698,82355.219, 7.243,5516
10699,82362.227, 7.012,5516
10700,82369.156, 6.930,5516
10701,82376.273, 7.120,5516
10702,82382.383, 6.101,5516
10703,82388.391, 6.007,5516
10704,82394.695, 6.310,5516
10705,82401.227, 6.535,5516
10706,82407.602, 6.377,5516
10707,82413.156, 5.551,5516
10708,82418.906, 5.747,5516
10709,82424.492, 5.589,5516
10710,82431.078, 6.578,5516
10711,82436.625, 5.556,5516
10712,82442.508, 5.876,5516
10713,82448.469, 5.965,5516
10714,82454.375, 5.900,5516
10715,82461.984, 7.617,5516
10716,82467.664, 5.679,5516
10717,82474.164, 6.500,5516
10718,82479.828, 5.664,5516
10719,82486.578, 6.749,5516
10720,82492.398, 5.818,5516
10721,82498.453, 6.052,5516
10722,82505.453, 7.004,5516
10723,82511.586, 6.135,5516
10724,82517.500, 5.909,5516
10725,82523.664, 6.174,5516
10726,82530.547, 6.879,5516
10727,82536.656, 6.106,5516
10728,82542.781, 6.124,5516
10729,82549.039, 6.256,5516
10730,82556.305, 7.270,5516
10731,82562.773, 6.469,5516
10732,82569.195, 6.420,5516
10733,82575.633, 6.444,5516
10734,82581.758, 6.115,5516
10735,82587.945, 6.191,5516
10736,82594.242, 6.298,5516
10737,82600.242, 6.004,5516
10738,82606.227, 5.983,5516
10739,82613.648, 7.422,5516
10740,82620.898, 7.251,5516
10741,82627.297, 6.398,5516
10742,82633.586, 6.287,5516
10743,82639.898, 6.311,5516
10744,82646.461, 6.559,5516
10745,82652.133, 5.673,5516
10746,82657.883, 5.752,5516
10747,82664.281, 6.401,5516
10748,82670.305, 6.024,5516
10749,82677.602, 7.300,5516
10750,82683.438, 5.827,5516
10751,82689.891, 6.454,5516
10752,82695.328, 5.440,5516
10753,82701.656, 6.330,5516
10754,82707.281, 5.628,5516
10755,82712.836, 5.553,5516
10756,82719.258, 6.423,5516
10757,82724.797, 5.530,5516
10758,82730.422, 5.627,5516
10759,82736.086, 5.666,5516
10760,82743.133, 7.048,5516
10761,82749.086, 5.947,5516
10762,82756.375, 7.288,5516
10763,82764.594, 8.227,5516
10764,82771.141, 6.545,5516
10765,82777.188, 6.045,5516
10766,82783.063, 5.871,5516
10767,82789.203, 6.148,5516
10768,82795.531, 6.326,5516
10769,82802.063, 6.532,5516
10770,82808.133, 6.069,5516
10771,82815.711, 7.577,5516
10772,82822.039, 6.330,5516
10773,82829.602, 7.564,5516
10774,82836.555, 6.955,5516
10775,82843.977, 7.421,5516
10776,82850.328, 6.355,5516
10777,82857.953, 7.626,5516
10778,82864.766, 6.803,5516
10779,82870.961, 6.200,5516
10780,82877.828, 6.862,5516
10781,82884.023, 6.192,5516
10782,82890.172, 6.155,5516
10783,82895.984, 5.816,5516
10784,82901.539, 5.553,5516
10785,82907.180, 5.639,5516
10786,82912.867, 5.692,5516
10787,82918.547, 5.678,5516
10788,82924.320, 5.775,5516
10789,82930.242, 5.920,5516
10790,82936.859, 6.614,5516
10791,82942.641, 5.787,5516
10792,82948.344, 5.691,5516
10793,82953.984, 5.651,5516
10794,82960.438, 6.446,5516
10795,82966.055, 5.619,5516
10796,82971.930, 5.878,5516
10797,82977.727, 5.792,5516
10798,82984.547, 6.829,5516
10799,82992.023, 7.464,5516
10800,82997.758, 5.740,5516
10801,83004.828, 7.075,5516
10802,83010.531, 5.703,5516
10803,83016.305, 5.773,5516
10804,83022.180, 5.875,5516
10805,83028.156, 5.977,5516
10806,83033.922, 5.764,5516
10807,83040.148, 6.223,5516
10808,83046.039, 5.889,5516
10809,83052.820, 6.788,5516
10810,83058.609, 5.792,5516
10811,83065.469, 6.856,5516
10812,83071.172, 5.702,5516
10813,83077.063, 5.888,5516
10814,83083.016, 5.954,5516
10815,83089.297, 6.282,5516
10816,83096.078, 6.781,5516
10817,83102.547, 6.474,5516
10818,83109.234, 6.680,5516
10819,83115.711, 6.473,5516
10820,83122.836, 7.129,5516
10821,83130.102, 7.265,5516
10822,83137.281, 7.189,5516
10823,83144.680, 7.389,5516
10824,83151.234, 6.556,5516
10825,83157.516, 6.285,5516
10826,83165.891, 8.371,5516
10827,83172.031, 6.140,5516
10828,83178.133, 6.101,5516
10829,83184.086, 5.953,5516
10830,83190.313, 6.230,5516
10831,83196.844, 6.528,5516
10832,83204.406, 7.567,5516
10833,83210.883, 6.473,5516
10834,83217.938, 7.055,5516
10835,83225.227, 7.289,5516
10836,83231.805, 6.578,5516
10837,83238.563, 6.761,5516
10838,83244.375, 5.811,5516
10839,83251.188, 6.815,5516
10840,83257.586, 6.400,5516
10841,83263.531, 5.939,5516
10842,83269.219, 5.695,5516
10843,83275.109, 5.880,5516
10844,83281.953, 6.850,5516
10845,83288.680, 6.719,5516
10846,83295.031, 6.351,5516
10847,83301.742, 6.714,5516
10848,83308.031, 6.291,5516
10849,83313.922, 5.895,5516
10850,83319.516, 5.594,5516
10851,83325.219, 5.705,5516
10852,83330.938, 5.717,5516
10853,83337.547, 6.610,5516
10854,83343.242, 5.697,5516
10855,83349.016, 5.762,5516
10856,83355.477, 6.470,5516
10857,83361.047, 5.561,5516
10858,83366.836, 5.797,5516
10859,83372.328, 5.495,5516
10860,83378.813, 6.483,5516
10861,83384.477, 5.659,5516
10862,83390.852, 6.379,5516
10863,83396.469, 5.613,5516
10864,83402.594, 6.129,5516
10865,83409.266, 6.674,5516
10866,83416.609, 7.340,5516
10867,83422.547, 5.938,5516
10868,83429.484, 6.937,5516
10869,83435.227, 5.747,5516
10870,83442.242, 7.013,5516
10871,83447.938, 5.699,5516
10872,83454.898, 6.958,5516
10873,83460.625, 5.725,5516
10874,83466.398, 5.771,5516
10875,83472.164, 5.763,5516
10876,83477.984, 5.830,5516
10877,83483.742, 5.753,5516
10878,83489.508, 5.768,5516
10879,83495.180, 5.666,5516
10880,83500.781, 5.606,5516
10881,83506.609, 5.827,5516
10882,83512.398, 5.784,5516
10883,83519.578, 7.185,5516
10884,83527.508, 7.930,5516
10885,83534.016, 6.505,5516
10886,83540.070, 6.050,5516
10887,83546.938, 6.877,5516
10888,83553.078, 6.135,5516
10889,83559.164, 6.090,5516
10890,83564.961, 5.794,5516
10891,83570.703, 5.741,5516
10892,83576.688, 5.985,5516
10893,83583.281, 6.597,5516
10894,83588.969, 5.686,5516
10895,83594.914, 5.943,5516
10896,83600.938, 6.028,5516
10897,83607.844, 6.901,5516
10898,83613.656, 5.820,5516
10899,83620.906, 7.248,5516
10900,83627.758, 6.846,5516
10901,83633.586, 5.836,5516
10902,83639.484, 5.891,5516
10903,83645.172, 5.693,5516
10904,83651.219, 6.041,5516
10905,83657.352, 6.131,5516
10906,83664.531, 7.182,5516
10907,83671.406, 6.873,5516
10908,83677.570, 6.170,5516
10909,83684.234, 6.663,5516
10910,83691.266, 7.037,5516
10911,83698.305, 7.039,5516
10912,83704.328, 6.022,5516
10913,83710.883, 6.550,5516
10914,83717.219, 6.338,5516
10915,83723.594, 6.377,5516
10916,83730.953, 7.358,5516
10917,83737.352, 6.393,5516
10918,83744.828, 7.477,5516
10919,83751.266, 6.440,5516
10920,83757.953, 6.692,5516
10921,83765.211, 7.255,5516
10922,83772.453, 7.243,5516
10923,83778.531, 6.078,5516
10924,83785.766, 7.230,5516
10925,83792.648, 6.890,5516
10926,83800.469, 7.815,5516
10927,83806.766, 6.298,5516
10928,83814.102, 7.336,5516
10929,83821.109, 7.003,5516
10930,83827.703, 6.598,5516
10931,83834.727, 7.017,5516
10932,83841.281, 6.562,5516
10933,83847.297, 6.019,5516
10934,83853.828, 6.530,5516
10935,83859.484, 5.655,5516
10936,83866.180, 6.693,5516
10937,83871.969, 5.791,5516
10938,83877.992, 6.026,5516
10939,83883.836, 5.841,5516
10940,83889.727, 5.888,5516
10941,83895.531, 5.804,5516
10942,83902.758, 7.229,5516
10943,83910.258, 7.498,5516
10944,83916.625, 6.371,5516
10945,83922.648, 6.026,5516
10946,83928.945, 6.296,5516
10947,83934.969, 6.020,5516
10948,83942.133, 7.161,5516
10949,83947.945, 5.815,5516
10950,83954.844, 6.895,5516
10951,83960.914, 6.075,5516
10952,83966.875, 5.960,5516
10953,83973.125, 6.250,5516
10954,83979.148, 6.023,5516
10955,83986.094, 6.943,5516
10956,83991.828, 5.735,5516
10957,83997.570, 5.746,5516
10958,84003.781, 6.206,5516
10959,84010.875, 7.096,5516
10960,84016.648, 5.777,5516
10961,84023.383, 6.732,5516
10962,84029.328, 5.946,5516
10963,84036.172, 6.842,5516
10964,84042.117, 5.940,5516
10965,84048.531, 6.417,5516
10966,84055.117, 6.588,5516
10967,84061.156, 6.037,5516
10968,84067.078, 5.923,5516
10969,84072.758, 5.678,5516
10970,84078.438, 5.682,5516
10971,84084.266, 5.833,5516
10972,84089.898, 5.630,5516
10973,84096.523, 6.622,5516
10974,84102.367, 5.845,5516
10975,84108.320, 5.953,5516
10976,84114.352, 6.027,5516
10977,84120.305, 5.964,5516
10978,84126.133, 5.817,5516
10979,84131.969, 5.840,5516
10980,84137.781, 5.814,5516
10981,84143.500, 5.717,5516
10982,84149.469, 5.972,5516
10983,84155.641, 6.174,5516
10984,84161.359, 5.713,5516
10985,84167.352, 5.989,5516
10986,84173.188, 5.843,5516
10987,84179.117, 5.929,5516
10988,84184.859, 5.740,5516
10989,84190.500, 5.638,5516
10990,84196.203, 5.704,5516
10991,84201.828, 5.625,5516
10992,84207.484, 5.660,5516
10993,84213.234, 5.746,5516
10994,84219.227, 5.999,5516
10995,84224.898, 5.665,5516
10996,84231.688, 6.789,5516
10997,84237.648, 5.970,5516
10998,84244.711, 7.054,5516
10999,84251.313, 6.609,5516
11000,84258.625, 7.309,5516
11001,84265.125, 6.500,5516
11002,84271.156, 6.029,5516
11003,84278.938, 7.785,5516
11004,84286.445, 7.504,5516
11005,84293.281, 6.836,5516
11006,84299.617, 6.336,5516
11007,84306.695, 7.074,5516
11008,84312.594, 5.904,5516
11009,84318.609, 6.021,5516
11010,84324.891, 6.279,5516
11011,84331.758, 6.861,5516
11012,84337.727, 5.971,5516
11013,84344.305, 6.583,5516
11014,84350.055, 5.741,5516
11015,84355.789, 5.734,5516
11016,84362.234, 6.453,5516
11017,84368.570, 6.336,5516
11018,84374.563, 5.988,5516
11019,84380.891, 6.332,5516
11020,84386.961, 6.074,5516
11021,84394.563, 7.595,5516
11022,84400.391, 5.829,5516
11023,84406.203, 5.813,5516
11024,84411.914, 5.712,5516
11025,84418.617, 6.705,5516
11026,84424.922, 6.301,5516
11027,84430.945, 6.027,5516
11028,84438.141, 7.190,5516
11029,84444.281, 6.145,5516
11030,84450.953, 6.669,5516
11031,84457.195, 6.242,5516
11032,84463.445, 6.249,5516
11033,84470.344, 6.899,5516
11034,84477.375, 7.030,5516
11035,84483.805, 6.432,5516
11036,84490.586, 6.780,5516
11037,84497.688, 7.098,5516
11038,84504.453, 6.770,5516
11039,84510.695, 6.237,5516
11040,84516.555, 5.866,5516
11041,84522.625, 6.070,5516
11042,84529.195, 6.568,5516
11043,84535.773, 6.575,5516
11044,84542.078, 6.305,5516
11045,84548.477, 6.401,5516
11046,84554.945, 6.476,5516
11047,84560.867, 5.919,5516
11048,84567.953, 7.082,5516
11049,84574.617, 6.669,5516
11050,84580.609, 5.992,5516
11051,84586.563, 5.950,5516
11052,84592.258, 5.700,5516
11053,84598.297, 6.038,5516
11054,84605.852, 7.551,5516
11055,84613.016, 7.160,5516
11056,84618.859, 5.849,5516
11057,84625.703, 6.842,5516
11058,84632.125, 6.418,5516
11059,84639.063, 6.940,5516
11060,84644.867, 5.808,5516
11061,84650.625, 5.761,5516
11062,84657.250, 6.625,5516
11063,84664.258, 7.001,5516
11064,84671.109, 6.848,5516
11065,84679.344, 8.232,5516
11066,84685.875, 6.537,5516
11067,84692.758, 6.878,5516
11068,84698.891, 6.143,5516
11069,84704.969, 6.075,5516
11070,84711.531, 6.565,5516
11071,84717.539, 6.005,5516
11072,84724.023, 6.480,5516
11073,84730.164, 6.147,5516
11074,84736.086, 5.915,5516
11075,84741.922, 5.846,5516
11076,84747.969, 6.046,5516
11077,84754.109, 6.136,5516
11078,84760.453, 6.338,5516
11079,84766.367, 5.917,5516
11080,84772.289, 5.925,5516
11081,84778.883, 6.595,5516
11082,84785.570, 6.690,5516
11083,84791.469, 5.890,5516
11084,84797.352, 5.886,5516
11085,84803.180, 5.832,5516
11086,84808.992, 5.815,5516
11087,84814.742, 5.746,5516
11088,84820.633, 5.895,5516
11089,84826.508, 5.871,5516
11090,84832.281, 5.772,5516
11091,84837.969, 5.688,5516
11092,84843.602, 5.630,5516
11093,84849.891, 6.290,5516
11094,84855.875, 5.986,5516
11095,84861.539, 5.662,5516
11096,84867.156, 5.618,5516
11097,84873.039, 5.879,5516
11098,84878.789, 5.752,5516
11099,84885.414, 6.628,5516
11100,84891.641, 6.228,5516
11101,84898.297, 6.656,5516
11102,84903.961, 5.663,5516
11103,84909.648, 5.688,5516
11104,84915.281, 5.630,5516
11105,84920.992, 5.712,5516
11106,84926.570, 5.583,5516
11107,84932.227, 5.650,5516
11108,84937.984, 5.762,5516
11109,84944.836, 6.846,5516
11110,84950.695, 5.860,5516
11111,84957.305, 6.617,5516
11112,84963.438, 6.125,5516
11113,84969.414, 5.976,5516
11114,84975.492, 6.079,5516
11115,84981.594, 6.105,5516
11116,84987.617, 6.024,5516
11117,84993.906, 6.289,5516
11118,85000.258, 6.356,5516
11119,85006.391, 6.121,5516
11120,85012.531, 6.151,5516
11121,85018.711, 6.170,5516
11122,85025.102, 6.396,5516
11123,85031.141, 6.037,5516
11124,85037.203, 6.068,5516
11125,85043.508, 6.305,5516
11126,85050.508, 6.997,5516
11127,85058.922, 8.413,5516
11128,85066.055, 7.127,5516
11129,85073.578, 7.530,5516
11130,85079.734, 6.149,5516
11131,85086.133, 6.400,5516
11132,85092.469, 6.343,5516
11133,85100.102, 7.627,5516
11134,85107.211, 7.113,5516
11135,85113.648, 6.439,5516
11136,85119.867, 6.221,5516
11137,85127.672, 7.796,5516
11138,85134.219, 6.553,5516
11139,85141.016, 6.794,5516
11140,85148.797, 7.780,5516
11141,85155.602, 6.809,5516
11142,85161.336, 5.732,5516
11143,85167.172, 5.841,5516
11144,85173.133, 5.953,5516
11145,85180.258, 7.133,5516
11146,85186.789, 6.525,5516
11147,85193.469, 6.684,5516
11148,85200.164, 6.694,5516
11149,85206.281, 6.122,5516
11150,85212.531, 6.245,5516
11151,85219.258, 6.731,5516
11152,85224.867, 5.603,5516
11153,85230.578, 5.713,5516
11154,85236.164, 5.584,5516
11155,85241.953, 5.792,5516
11156,85247.766, 5.805,5516
11157,85253.531, 5.769,5516
11158,85259.805, 6.278,5516
11159,85265.820, 6.012,5516
11160,85272.523, 6.706,5516
11161,85278.320, 5.798,5516
11162,85284.102, 5.781,5516
11163,85289.773, 5.667,5516
11164,85295.648, 5.878,5516
11165,85301.406, 5.756,5516
11166,85307.055, 5.650,5516
11167,85313.063, 6.007,5516
11168,85319.719, 6.656,5516
11169,85325.578, 5.861,5516
11170,85331.852, 6.275,5516
11171,85337.609, 5.758,5516
11172,85343.508, 5.897,5516
11173,85349.313, 5.804,5516
11174,85354.922, 5.611,5516
11175,85360.727, 5.803,5516
11176,85366.539, 5.815,5516
11177,85372.836, 6.297,5516
11178,85378.633, 5.798,5516
11179,85384.469, 5.830,5516
11180,85390.117, 5.653,5516
11181,85395.844, 5.728,5516
11182,85401.797, 5.947,5516
11183,85407.586, 5.797,5516
11184,85413.203, 5.608,5516
11185,85419.703, 6.496,5516
11186,85426.430, 6.732,5516
11187,85435.336, 8.902,5516
11188,85441.797, 6.470,5516
11189,85448.602, 6.806,5516
11190,85454.594, 5.991,5516
11191,85460.859, 6.261,5516
11192,85466.695, 5.835,5516
11193,85472.633, 5.944,5516
11194,85479.508, 6.871,5516
11195,85485.508, 6.000,5516
11196,85491.578, 6.073,5516
11197,85497.727, 6.144,5516
11198,85503.586, 5.860,5516
11199,85510.492, 6.906,5516
11200,85516.867, 6.375,5516
11201,85524.414, 7.549,5516
11202,85531.617, 7.205,5516
11203,85537.703, 6.079,5516
11204,85543.617, 5.920,5516
11205,85549.438, 5.816,5516
11206,85555.281, 5.851,5516
11207,85561.555, 6.272,5516
11208,85567.313, 5.759,5516
11209,85573.344, 6.020,5516
11210,85579.695, 6.358,5516
11211,85586.156, 6.461,5516
11212,85591.992, 5.842,5516
11213,85598.023, 6.021,5516
11214,85604.305, 6.285,5516
11215,85610.188, 5.881,5516
11216,85616.844, 6.657,5516
11217,85622.922, 6.079,5516
11218,85629.625, 6.705,5516
11219,85636.078, 6.453,5516
11220,85643.781, 7.698,5516
11221,85650.922, 7.146,5516
11222,85657.609, 6.689,5516
11223,85663.922, 6.309,5516
11224,85671.250, 7.330,5516
11225,85677.336, 6.081,5516
11226,85685.102, 7.765,5516
11227,85691.352, 6.252,5516
11228,85697.633, 6.289,5516
11229,85703.648, 6.017,5516
11230,85709.891, 6.237,5516
11231,85715.852, 5.958,5516
11232,85722.102, 6.249,5516
11233,85728.867, 6.773,5516
11234,85735.961, 7.091,5516
11235,85743.094, 7.128,5516
11236,85749.305, 6.218,5516
11237,85757.016, 7.702,5516
11238,85763.977, 6.968,5516
11239,85771.344, 7.358,5516
11240,85777.703, 6.367,5516
11241,85783.625, 5.925,5516
11242,85789.430, 5.797,5516
11243,85795.297, 5.871,5516
11244,85801.086, 5.789,5516
11245,85807.234, 6.154,5516
11246,85813.844, 6.605,5516
11247,85821.938, 8.099,5516
11248,85828.078, 6.133,5516
11249,85834.359, 6.283,5516
11250,85841.688, 7.320,5516
11251,85849.445, 7.764,5516
11252,85855.586, 6.140,5516
11253,85861.688, 6.103,5516
11254,85867.844, 6.161,5516
11255,85873.883, 6.035,5516
11256,85879.758, 5.876,5516
11257,85885.781, 6.021,5516
11258,85891.734, 5.951,5516
11259,85897.516, 5.788,5516
11260,85903.430, 5.905,5516
11261,85909.242, 5.822,5516
11262,85916.031, 6.782,5516
11263,85921.883, 5.853,5516
11264,85928.117, 6.239,5516
11265,85934.695, 6.574,5516
11266,85940.703, 6.008,5516
11267,85946.852, 6.151,5516
11268,85953.234, 6.381,5516
11269,85959.188, 5.950,5516
11270,85965.148, 5.964,5516
11271,85971.336, 6.186,5516
11272,85977.875, 6.542,5516
11273,85984.914, 7.041,5516
11274,85991.805, 6.888,5516
11275,85997.797, 5.993,5516
11276,86003.852, 6.056,5516
11277,86009.727, 5.867,5516
11278,86015.922, 6.202,5516
11279,86022.086, 6.161,5516
11280,86028.266, 6.186,5516
11281,86034.273, 6.010,5516
11282,86039.922, 5.641,5516
11283,86045.758, 5.838,5516
11284,86052.367, 6.606,5516
11285,86059.016, 6.647,5516
11286,86065.227, 6.215,5516
11287,86071.273, 6.052,5516
11288,86077.070, 5.786,5516
11289,86082.953, 5.889,5516
11290,86089.875, 6.925,5516
11291,86095.805, 5.925,5516
11292,86101.836, 6.030,5516
11293,86107.609, 5.778,5516
11294,86113.469, 5.857,5516
11295,86119.109, 5.636,5516
11296,86124.797, 5.690,5516
11297,86131.633, 6.844,5516
11298,86137.586, 5.953,5516
11299,86144.492, 6.899,5516
11300,86150.438, 5.943,5516
11301,86156.430, 5.997,5516
11302,86162.852, 6.418,5516
11303,86168.563, 5.713,5516
11304,86174.781, 6.220,5516
11305,86181.016, 6.232,5516
11306,86187.297, 6.285,5516
11307,86193.523, 6.226,5516
11308,86200.648, 7.130,5516
11309,86208.219, 7.567,5516
11310,86214.508, 6.284,5516
11311,86220.773, 6.263,5516
11312,86226.781, 6.012,5516
11313,86232.766, 5.982,5516
11314,86239.609, 6.850,5516
11315,86245.492, 5.878,5516
11316,86252.219, 6.732,5516
11317,86258.477, 6.255,5516
11318,86266.008, 7.527,5516
11319,86272.922, 6.921,5516
11320,86279.070, 6.144,5516
11321,86286.508, 7.439,5516
11322,86292.305, 5.801,5516
11323,86298.516, 6.208,5516
11324,86304.516, 5.994,5516
11325,86310.477, 5.961,5516
11326,86316.406, 5.935,5516
11327,86322.141, 5.729,5516
11328,86328.875, 6.740,5516
11329,86335.125, 6.247,5516
11330,86341.297, 6.175,5516
11331,86347.453, 6.153,5516
11332,86353.680, 6.224,5516
11333,86361.086, 7.408,5516
11334,86367.469, 6.387,5516
11335,86374.461, 6.990,5516
11336,86380.734, 6.272,5516
11337,86387.367, 6.633,5516
11338,86394.055, 6.688,5516
11339,86400.438, 6.379,5516
11340,86407.625, 7.196,5516
11341,86415.266, 7.642,5516
11342,86421.680, 6.407,5516
11343,86427.953, 6.274,5516
11344,86434.414, 6.458,5516
11345,86440.680, 6.267,5516
11346,86447.898, 7.226,5516
11347,86454.844, 6.943,5516
11348,86461.250, 6.406,5516
11349,86467.641, 6.395,5516
11350,86475.188, 7.539,5516
11351,86481.977, 6.793,5516
11352,86488.531, 6.556,5516
11353,86495.352, 6.816,5516
11354,86501.242, 5.895,5516
11355,86507.133, 5.887,5516
11356,86513.070, 5.936,5516
11357,86519.188, 6.117,5516
11358,86525.055, 5.864,5516
11359,86530.898, 5.849,5516
11360,86537.844, 6.944,5516
11361,86544.703, 6.854,5516
11362,86550.633, 5.940,5516
11363,86556.594, 5.956,5516
11364,86562.477, 5.882,5516
11365,86568.430, 5.954,5516
11366,86574.375, 5.946,5516
11367,86580.609, 6.240,5516
11368,86587.844, 7.233,5516
11369,86596.055, 8.208,5516
11370,86603.508, 7.450,5516
11371,86609.711, 6.201,5516
11372,86616.609, 6.901,5516
11373,86623.336, 6.721,5516
11374,86629.852, 6.524,5516
11375,86636.063, 6.206,5516
11376,86642.070, 6.005,5516
11377,86648.680, 6.614,5516
11378,86654.648, 5.972,5516
11379,86660.773, 6.126,5516
11380,86666.766, 5.988,5516
11381,86672.656, 5.892,5516
11382,86678.469, 5.814,5516
11383,86684.539, 6.069,5516
11384,86691.117, 6.576,5516
11385,86697.070, 5.951,5516
11386,86703.016, 5.947,5516
11387,86709.133, 6.118,5516
11388,86715.109, 5.974,5516
11389,86720.844, 5.736,5516
11390,86726.805, 5.962,5516
11391,86732.516, 5.711,5516
11392,86738.344, 5.827,5516
11393,86743.953, 5.616,5516
11394,86749.797, 5.837,5516
11395,86755.719, 5.925,5516
11396,86762.227, 6.513,5516
11397,86768.281, 6.050,5516
11398,86775.039, 6.753,5516
11399,86780.906, 5.872,5516
11400,86787.648, 6.746,5516
11401,86793.750, 6.094,5516
11402,86800.055, 6.308,5516
11403,86806.852, 6.793,5516
11404,86812.750, 5.901,5516
11405,86818.555, 5.807,5516
11406,86824.320, 5.764,5516
11407,86830.172, 5.851,5516
11408,86836.008, 5.835,5516
11409,86842.477, 6.467,5516
11410,86848.688, 6.212,5516
11411,86854.375, 5.689,5516
11412,86860.000, 5.624,5516
11413,86867.094, 7.098,5516
11414,86872.898, 5.803,5516
11415,86879.219, 6.324,5516
11416,86885.125, 5.902,5516
11417,86891.945, 6.825,5516
11418,86899.305, 7.359,5516
11419,86907.180, 7.872,5516
11420,86913.281, 6.105,5516
11421,86919.336, 6.048,5516
11422,86926.461, 7.123,5516
11423,86932.523, 6.068,5516
11424,86939.102, 6.576,5516
11425,86946.320, 7.221,5516
11426,86952.234, 5.917,5516
11427,86958.594, 6.360,5516
11428,86965.422, 6.823,5516
11429,86973.148, 7.724,5516
11430,86980.703, 7.554,5516
11431,86988.641, 7.940,5516
11432,86994.852, 6.211,5516
11433,87001.383, 6.530,5516
11434,87009.586, 8.204,5516
11435,87016.625, 7.044,5516
11436,87023.281, 6.653,5516
11437,87029.844, 6.566,5516
11438,87036.547, 6.697,5516
11439,87042.961, 6.416,5516
11440,87049.242, 6.282,5516
11441,87055.570, 6.328,5516
11442,87063.711, 8.136,5516
11443,87070.109, 6.399,5516
11444,87076.703, 6.592,5516
11445,87083.680, 6.975,5516
11446,87090.281, 6.608,5516
11447,87097.266, 6.983,5516
11448,87103.492, 6.230,5516
11449,87109.508, 6.018,5516
11450,87115.836, 6.325,5516
11451,87122.492, 6.655,5516
11452,87128.422, 5.928,5516
11453,87135.461, 7.043,5516
11454,87142.352, 6.886,5516
11455,87150.281, 7.936,5516
11456,87157.242, 6.961,5516
11457,87163.125, 5.875,5516
11458,87169.141, 6.020,5516
11459,87175.883, 6.746,5516
11460,87181.805, 5.917,5516
11461,87187.617, 5.820,5516
11462,87193.430, 5.803,5516
11463,87199.344, 5.910,5516
11464,87205.109, 5.770,5516
11465,87210.844, 5.738,5516
11466,87218.078, 7.234,5516
11467,87224.281, 6.204,5516
11468,87230.305, 6.024,5516
11469,87236.344, 6.037,5516
11470,87242.922, 6.578,5516
11471,87250.625, 7.709,5516
11472,87256.766, 6.133,5516
11473,87263.703, 6.933,5516
11474,87270.906, 7.213,5516
11475,87278.367, 7.452,5516
11476,87284.281, 5.923,5516
11477,87290.258, 5.978,5516
11478,87296.047, 5.784,5516
11479,87302.031, 5.978,5516
11480,87307.625, 5.600,5516
11481,87313.625, 6.000,5516
11482,87320.195, 6.568,5516
11483,87326.789, 6.598,5516
11484,87333.922, 7.136,5516
11485,87339.844, 5.919,5516
11486,87345.883, 6.037,5516
11487,87352.695, 6.805,5516
11488,87360.156, 7.467,5516
11489,87366.555, 6.402,5516
11490,87372.844, 6.288,5516
11491,87378.656, 5.815,5516
11492,87385.773, 7.110,5516
11493,87391.727, 5.955,5516
11494,87398.680, 6.951,5516
11495,87404.398, 5.723,5516
11496,87411.172, 6.769,5516
11497,87418.375, 7.205,5516
11498,87424.250, 5.879,5516
11499,87430.852, 6.597,5516
11500,87437.141, 6.287,5516
11501,87444.461, 7.326,5516
11502,87451.102, 6.637,5516
11503,87457.414, 6.316,5516
11504,87463.945, 6.536,5516
11505,87470.086, 6.129,5516
11506,87476.188, 6.108,5516
11507,87483.375, 7.184,5516
11508,87489.438, 6.066,5516
11509,87495.227, 5.793,5516
11510,87501.195, 5.968,5516
11511,87508.414, 7.211,5516
11512,87514.719, 6.309,5516
11513,87520.773, 6.054,5516
11514,87526.828, 6.052,5516
11515,87533.336, 6.509,5516
11516,87540.070, 6.731,5516
11517,87546.266, 6.202,5516
11518,87552.516, 6.245,5516
11519,87558.898, 6.390,5516
11520,87565.492, 6.586,5516
11521,87571.664, 6.172,5516
11522,87578.289, 6.629,5516
11523,87584.664, 6.372,5516
11524,87591.352, 6.684,5516
11525,87598.672, 7.324,5516
11526,87606.531, 7.861,5516
11527,87612.727, 6.191,5516
11528,87620.133, 7.407,5516
11529,87626.430, 6.302,5516
11530,87633.000, 6.570,5516
11531,87639.383, 6.379,5516
11532,87646.102, 6.719,5516
11533,87653.758, 7.656,5516
11534,87660.227, 6.476,5516
11535,87666.914, 6.684,5516
11536,87673.555, 6.641,5516
11537,87680.313, 6.764,5516
11538,87687.578, 7.258,5516
11539,87694.336, 6.754,5516
11540,87700.563, 6.237,5516
11541,87706.805, 6.232,5516
11542,87712.867, 6.064,5516
11543,87718.891, 6.025,5516
11544,87724.633, 5.748,5516
11545,87731.219, 6.584,5516
11546,87738.273, 7.057,5516
11547,87746.195, 7.915,5516
11548,87752.742, 6.547,5516
11549,87758.914, 6.177,5516
11550,87765.305, 6.392,5516
11551,87771.672, 6.358,5516
11552,87777.828, 6.165,5516
11553,87784.156, 6.321,5516
11554,87790.422, 6.265,5516
11555,87796.539, 6.120,5516
11556,87802.711, 6.171,5516
11557,87809.023, 6.313,5516
11558,87815.836, 6.814,5516
11559,87821.852, 6.013,5516
11560,87827.836, 5.984,5516
11561,87833.789, 5.952,5516
11562,87839.719, 5.935,5516
11563,87845.781, 6.060,5516
11564,87851.938, 6.164,5516
11565,87858.523, 6.579,5516
11566,87864.688, 6.159,5516
11567,87870.641, 5.958,5516
11568,87876.836, 6.200,5516
11569,87882.891, 6.055,5516
11570,87888.695, 5.794,5516
11571,87894.516, 5.829,5516
11572,87900.188, 5.672,5516
11573,87906.125, 5.936,5516
11574,87911.820, 5.695,5516
11575,87917.453, 5.633,5516
11576,87923.180, 5.729,5516
11577,87929.195, 6.014,5516
11578,87935.383, 6.181,5516
11579,87941.383, 6.006,5516
11580,87948.469, 7.082,5516
11581,87954.453, 5.987,5516
11582,87960.828, 6.378,5516
11583,87967.672, 6.833,5516
11584,87975.063, 7.392,5516
11585,87981.875, 6.823,5516
11586,87987.609, 5.736,5516
11587,87993.531, 5.919,5516
11588,87999.422, 5.889,5516
11589,88005.125, 5.705,5516
11590,88010.906, 5.779,5516
11591,88017.867, 6.964,5516
11592,88023.695, 5.824,5516
11593,88030.414, 6.719,5516
11594,88036.320, 5.907,5516
11595,88042.203, 5.884,5516
11596,88047.906, 5.701,5516
11597,88054.750, 6.843,5516
11598,88060.586, 5.838,5516
11599,88066.789, 6.197,5516
11600,88073.484, 6.700,5516
11601,88079.813, 6.325,5516
11602,88085.719, 5.910,5516
11603,88091.438, 5.715,5516
11604,88097.555, 6.118,5516
11605,88103.805, 6.250,5516
11606,88110.555, 6.754,5516
11607,88117.883, 7.327,5516
11608,88124.820, 6.938,5516
11609,88132.453, 7.632,5516
11610,88138.648, 6.199,5516
11611,88144.617, 5.967,5516
11612,88150.609, 5.992,5516
11613,88156.672, 6.055,5516
11614,88162.773, 6.103,5516
11615,88168.977, 6.213,5516
11616,88175.539, 6.556,5516
11617,88181.648, 6.111,5516
11618,88187.703, 6.048,5516
11619,88194.164, 6.468,5516
11620,88200.703, 6.534,5516
11621,88206.906, 6.211,5516
11622,88212.688, 5.772,5516
11623,88218.852, 6.171,5516
11624,88224.727, 5.867,5516
11625,88230.758, 6.033,5516
11626,88236.711, 5.955,5516
11627,88242.695, 5.982,5516
11628,88248.867, 6.177,5516
11629,88254.789, 5.923,5516
11630,88261.000, 6.207,5516
11631,88267.914, 6.918,5516
11632,88274.563, 6.649,5516
11633,88282.086, 7.518,5516
11634,88288.594, 6.515,5516
11635,88295.000, 6.402,5516
11636,88302.961, 7.963,5516
11637,88309.109, 6.146,5516
11638,88315.453, 6.347,5516
11639,88321.461, 6.004,5516
11640,88327.750, 6.287,5516
11641,88334.125, 6.376,5516
11642,88340.531, 6.410,5516
11643,88348.516, 7.986,5516
11644,88355.125, 6.603,5516
11645,88361.531, 6.409,5516
11646,88368.164, 6.634,5516
11647,88375.805, 7.638,5516
11648,88382.641, 6.846,5516
11649,88389.891, 7.244,5516
11650,88396.742, 6.848,5516
11651,88404.438, 7.692,5516
11652,88411.031, 6.593,5516
11653,88417.688, 6.663,5516
11654,88424.109, 6.422,5516
11655,88430.133, 6.023,5516
11656,88436.477, 6.344,5516
11657,88443.078, 6.602,5516
11658,88449.125, 6.044,5516
11659,88455.391, 6.268,5516
11660,88461.445, 6.051,5516
11661,88467.563, 6.119,5516
11662,88474.258, 6.699,5516
11663,88480.227, 5.964,5516
11664,88486.875, 6.653,5516
11665,88493.563, 6.684,5516
11666,88500.227, 6.664,5516
11667,88508.344, 8.118,5516
11668,88514.727, 6.384,5516
11669,88521.063, 6.334,5516
11670,88526.836, 5.771,5516
11671,88532.867, 6.035,5516
11672,88538.648, 5.785,5516
11673,88545.961, 7.311,5516
11674,88554.148, 8.185,5516
11675,88560.266, 6.122,5516
11676,88567.617, 7.348,5516
11677,88574.094, 6.475,5516
11678,88580.250, 6.157,5516
11679,88586.742, 6.491,5516
11680,88593.234, 6.499,5516
11681,88599.617, 6.383,5516
11682,88606.680, 7.055,5516
11683,88612.789, 6.114,5516
11684,88619.922, 7.130,5516
11685,88626.148, 6.230,5516
11686,88632.430, 6.275,5516
11687,88638.492, 6.062,5516
11688,88644.172, 5.686,5516
11689,88649.977, 5.803,5516
11690,88656.055, 6.070,5516
11691,88661.984, 5.942,5516
11692,88667.852, 5.861,5516
11693,88674.039, 6.186,5516
11694,88680.375, 6.333,5516
11695,88686.469, 6.099,5516
11696,88692.391, 5.920,5516
11697,88698.375, 5.981,5516
11698,88704.828, 6.457,5516
11699,88711.016, 6.183,5516
11700,88717.000, 5.987,5516
11701,88722.891, 5.894,5516
11702,88729.828, 6.940,5516
11703,88736.000, 6.167,5516
11704,88741.906, 5.910,5516
11705,88747.813, 5.904,5516
11706,88753.711, 5.897,5516
11707,88759.313, 5.611,5516
11708,88766.539, 7.218,5516
11709,88772.727, 6.183,5516
11710,88779.586, 6.866,5516
11711,88785.828, 6.242,5516
11712,88791.914, 6.088,5516
11713,88798.664, 6.740,5516
11714,88804.758, 6.103,5516
11715,88811.516, 6.759,5516
11716,88817.547, 6.029,5516
11717,88824.258, 6.710,5516
11718,88830.953, 6.701,5516
11719,88837.109, 6.146,5516
11720,88843.445, 6.341,5516
11721,88851.016, 7.570,5516
11722,88857.102, 6.081,5516
11723,88863.188, 6.090,5516
11724,88869.664, 6.470,5516
11725,88876.070, 6.409,5516
11726,88883.891, 7.825,5516
11727,88891.734, 7.844,5516
11728,88898.406, 6.667,5516
11729,88905.289, 6.887,5516
11730,88911.969, 6.686,5516
11731,88920.344, 8.369,5516
11732,88927.141, 6.793,5516
11733,88933.930, 6.794,5516
11734,88940.609, 6.677,5516
11735,88946.906, 6.303,5516
11736,88953.211, 6.303,5516
11737,88959.633, 6.419,5516
11738,88966.180, 6.549,5516
11739,88973.383, 7.197,5516
11740,88980.094, 6.716,5516
11741,88986.859, 6.766,5516
11742,88994.711, 7.843,5516
11743,89001.328, 6.622,5516
11744,89008.195, 6.871,5516
11745,89015.172, 6.975,5516
11746,89022.789, 7.619,5516
11747,89029.922, 7.132,5516
11748,89036.117, 6.191,5516
11749,89043.164, 7.050,5516
11750,89049.234, 6.068,5516
11751,89055.969, 6.741,5516
11752,89061.914, 5.945,5516
11753,89068.039, 6.114,5516
11754,89074.250, 6.222,5516
11755,89081.016, 6.762,5516
11756,89087.039, 6.017,5516
11757,89092.836, 5.800,5516
11758,89099.617, 6.784,5516
11759,89105.633, 6.015,5516
11760,89111.461, 5.832,5516
11761,89117.516, 6.051,5516
11762,89124.352, 6.835,5516
11763,89130.680, 6.325,5516
11764,89136.516, 5.844,5516
11765,89142.281, 5.762,5516
11766,89148.063, 5.779,5516
11767,89154.008, 5.948,5516
11768,89160.016, 6.007,5516
11769,89165.938, 5.926,5516
11770,89171.836, 5.893,5516
11771,89178.383, 6.545,5516
11772,89184.430, 6.047,5516
11773,89190.188, 5.764,5516
11774,89195.867, 5.679,5516
11775,89201.617, 5.748,5516
11776,89207.750, 6.135,5516
11777,89213.703, 5.945,5516
11778,89219.492, 5.799,5516
11779,89226.305, 6.813,5516
11780,89233.578, 7.271,5516
11781,89239.578, 5.998,5516
11782,89246.500, 6.923,5516
11783,89252.484, 5.981,5516
11784,89259.484, 7.000,5516
11785,89267.648, 8.171,5516
11786,89275.070, 7.418,5516
11787,89281.453, 6.378,5516
11788,89287.508, 6.063,5516
11789,89294.242, 6.736,5516
11790,89301.242, 6.993,5516
11791,89307.250, 6.015,5516
11792,89313.109, 5.852,5516
11793,89318.984, 5.878,5516
11794,89325.695, 6.708,5516
11795,89331.555, 5.859,5516
11796,89337.820, 6.268,5516
11797,89343.734, 5.909,5516
11798,89349.781, 6.050,5516
11799,89356.359, 6.574,5516
11800,89363.273, 6.924,5516
11801,89370.297, 7.023,5516
11802,89376.375, 6.068,5516
11803,89383.477, 7.105,5516
11804,89389.391, 5.914,5516
11805,89395.414, 6.024,5516
11806,89401.492, 6.078,5516
11807,89407.477, 5.989,5516
11808,89414.211, 6.732,5516
11809,89420.891, 6.680,5516
11810,89427.289, 6.398,5516
11811,89433.539, 6.255,5516
11812,89441.148, 7.602,5516
11813,89447.922, 6.776,5516
11814,89454.383, 6.459,5516
11815,89461.352, 6.971,5516
11816,89468.266, 6.919,5516
11817,89475.383, 7.108,5516
11818,89481.734, 6.354,5516
11819,89488.172, 6.437,5516
11820,89494.438, 6.269,5516
11821,89500.570, 6.133,5516
11822,89506.961, 6.388,5516
11823,89513.430, 6.465,5516
11824,89519.789, 6.362,5516
11825,89525.930, 6.147,5516
11826,89533.344, 7.407,5516
11827,89539.508, 6.169,5516
11828,89547.953, 8.447,5516
11829,89554.578, 6.622,5516
11830,89560.984, 6.406,5516
11831,89567.773, 6.785,5516
11832,89574.703, 6.930,5516
11833,89581.477, 6.775,5516
11834,89589.180, 7.704,5516
11835,89595.711, 6.529,5516
11836,89602.820, 7.113,5516
11837,89608.664, 5.842,5516
11838,89614.578, 5.921,5516
11839,89620.430, 5.843,5516
11840,89626.492, 6.067,5516
11841,89632.250, 5.760,5516
11842,89638.414, 6.159,5516
11843,89644.313, 5.902,5516
11844,89651.664, 7.347,5516
11845,89658.750, 7.088,5516
11846,89666.273, 7.525,5516
11847,89672.820, 6.544,5516
11848,89679.055, 6.235,5516
11849,89686.484, 7.434,5516
11850,89692.578, 6.096,5516
11851,89698.719, 6.131,5516
11852,89705.750, 7.035,5516
11853,89711.977, 6.231,5516
11854,89718.148, 6.164,5516
11855,89724.328, 6.175,5516
11856,89730.484, 6.160,5516
11857,89736.391, 5.908,5516
11858,89742.680, 6.289,5516
11859,89749.688, 7.010,5516
11860,89756.063, 6.372,5516
11861,89762.555, 6.494,5516
11862,89768.672, 6.118,5516
11863,89775.000, 6.329,5516
11864,89781.891, 6.890,5516
11865,89788.438, 6.542,5516
11866,89794.453, 6.017,5516
11867,89800.250, 5.802,5516
11868,89806.664, 6.412,5516
11869,89812.648, 5.992,5516
11870,89819.141, 6.489,5516
11871,89824.984, 5.846,5516
11872,89830.805, 5.810,5516
11873,89837.672, 6.866,5516
11874,89843.680, 6.012,5516
11875,89849.695, 6.011,5516
11876,89855.367, 5.674,5516
11877,89861.594, 6.231,5516
11878,89868.719, 7.123,5516
11879,89874.867, 6.152,5516
11880,89881.328, 6.458,5516
11881,89887.664, 6.336,5516
11882,89894.219, 6.560,5516
11883,89900.570, 6.348,5516
11884,89906.500, 5.925,5516
11885,89912.406, 5.912,5516
11886,89918.359, 5.948,5516
11887,89924.359, 5.997,5516
11888,89930.547, 6.195,5516
11889,89936.516, 5.970,5516
11890,89942.242, 5.726,5516
11891,89948.219, 5.979,5516
11892,89955.492, 7.267,5516
11893,89961.180, 5.691,5516
11894,89967.266, 6.089,5516
11895,89974.539, 7.273,5516
11896,89980.461, 5.914,5516
11897,89986.250, 5.797,5516
11898,89993.289, 7.038,5516
11899,89999.195, 5.904,5516
11900,90005.477, 6.279,5516
11901,90012.555, 7.079,5516
11902,90018.773, 6.222,5516
11903,90024.914, 6.138,5516
11904,90030.867, 5.958,5516
11905,90037.570, 6.703,5516
11906,90045.297, 7.723,5516
11907,90051.938, 6.641,5516
11908,90058.852, 6.915,5516
11909,90065.031, 6.173,5516
11910,90071.086, 6.059,5516
11911,90077.430, 6.343,5516
11912,90083.570, 6.141,5516
11913,90089.680, 6.109,5516
11914,90096.555, 6.878,5516
11915,90103.500, 6.940,5516
11916,90109.664, 6.162,5516
11917,90115.727, 6.065,5516
11918,90121.836, 6.113,5516
11919,90128.570, 6.737,5516
11920,90134.891, 6.317,5516
11921,90142.023, 7.129,5516
11922,90148.281, 6.266,5516
11923,90154.734, 6.448,5516
11924,90161.305, 6.576,5516
11925,90167.688, 6.374,5516
11926,90174.039, 6.352,5516
11927,90181.352, 7.316,5516
11928,90188.109, 6.758,5516
11929,90194.781, 6.673,5516
11930,90201.453, 6.669,5516
11931,90207.906, 6.455,5516
11932,90214.367, 6.457,5516
11933,90221.063, 6.696,5516
11934,90228.781, 7.722,5516
11935,90235.406, 6.625,5516
11936,90241.727, 6.317,5516
11937,90248.789, 7.064,5516
11938,90255.820, 7.034,5516
11939,90262.594, 6.775,5516
11940,90269.430, 6.829,5516
11941,90276.203, 6.776,5516
11942,90283.156, 6.954,5516
11943,90289.969, 6.813,5516
11944,90296.547, 6.581,5516
11945,90303.359, 6.808,5516
11946,90310.961, 7.609,5516
11947,90317.789, 6.824,5516
11948,90324.734, 6.939,5516
11949,90330.898, 6.167,5516
11950,90337.055, 6.154,5516
11951,90343.969, 6.921,5516
11952,90349.742, 5.766,5516
11953,90355.750, 6.009,5516
11954,90361.961, 6.218,5516
11955,90368.164, 6.198,5516
11956,90374.328, 6.159,5516
11957,90380.234, 5.913,5516
11958,90386.477, 6.238,5516
11959,90392.891, 6.418,5516
11960,90399.414, 6.522,5516
11961,90406.664, 7.243,5516
11962,90412.773, 6.113,5516
11963,90419.172, 6.399,5516
11964,90426.625, 7.462,5516
11965,90434.063, 7.427,5516
11966,90440.570, 6.512,5516
11967,90447.508, 6.935,5516
11968,90454.133, 6.624,5516
11969,90460.047, 5.917,5516
11970,90466.547, 6.503,5516
11971,90472.477, 5.930,5516
11972,90478.469, 5.989,5516
11973,90485.305, 6.838,5516
11974,90491.641, 6.342,5516
11975,90498.453, 6.803,5516
11976,90504.719, 6.266,5516
11977,90510.773, 6.055,5516
11978,90516.727, 5.955,5516
11979,90522.797, 6.069,5516
11980,90528.828, 6.034,5516
11981,90534.930, 6.099,5516
11982,90540.883, 5.958,5516
11983,90546.789, 5.905,5516
11984,90552.852, 6.064,5516
11985,90558.781, 5.926,5516
11986,90565.391, 6.610,5516
11987,90571.188, 5.800,5516
11988,90577.273, 6.086,5516
11989,90584.242, 6.965,5516
11990,90590.219, 5.979,5516
11991,90597.125, 6.903,5516
11992,90604.977, 7.856,5516
11993,90611.852, 6.871,5516
11994,90617.867, 6.016,5516
11995,90623.945, 6.078,5516
11996,90631.344, 7.398,5516
11997,90637.258, 5.917,5516
11998,90642.945, 5.687,5516
11999,90649.539, 6.596,5516
12000,90655.836, 6.292,5516
12001,90661.883, 6.046,5516
12002,90667.961, 6.086,5516
12003,90673.898, 5.935,5516
12004,90679.750, 5.850,5516
12005,90685.734, 5.977,5516
12006,90691.438, 5.708,5516
12007,90697.359, 5.921,5516
12008,90703.375, 6.014,5516
12009,90709.570, 6.196,5516
12010,90715.617, 6.055,5516
12011,90721.625, 6.003,5516
12012,90728.500, 6.870,5516
12013,90734.539, 6.043,5516
12014,90740.570, 6.036,5516
12015,90746.625, 6.050,5516
12016,90752.719, 6.093,5516
12017,90758.742, 6.019,5516
12018,90764.914, 6.175,5516
12019,90770.945, 6.035,5516
12020,90777.156, 6.206,5516
12021,90783.266, 6.116,5516
12022,90789.508, 6.235,5516
12023,90795.867, 6.363,5516
12024,90803.258, 7.393,5516
12025,90811.000, 7.740,5516
12026,90818.617, 7.622,5516
12027,90826.617, 7.998,5516
12028,90834.195, 7.577,5516
12029,90840.648, 6.458,5516
12030,90847.141, 6.484,5516
12031,90854.156, 7.018,5516
12032,90860.625, 6.468,5516
12033,90867.203, 6.575,5516
12034,90873.555, 6.360,5516
12035,90879.953, 6.399,5516
12036,90887.492, 7.532,5516
12037,90893.789, 6.294,5516
12038,90900.414, 6.629,5516
12039,90906.875, 6.463,5516
12040,90913.297, 6.427,5516
12041,90920.531, 7.224,5516
12042,90927.797, 7.271,5516
12043,90934.273, 6.480,5516
12044,90940.242, 5.969,5516
12045,90946.164, 5.913,5516
12046,90952.117, 5.959,5516
12047,90957.961, 5.844,5516
12048,90964.039, 6.068,5516
12049,90970.633, 6.602,5516
12050,90976.750, 6.117,5516
12051,90982.719, 5.966,5516
12052,90988.625, 5.914,5516
12053,90994.438, 5.806,5516
12054,91000.273, 5.836,5516
12055,91006.211, 5.936,5516
12056,91012.055, 5.845,5516
12057,91017.914, 5.859,5516
12058,91024.109, 6.195,5516
12059,91030.836, 6.727,5516
12060,91036.789, 5.957,5516
12061,91042.695, 5.897,5516
12062,91048.914, 6.231,5516
12063,91055.602, 6.684,5516
12064,91062.672, 7.061,5516
12065,91068.867, 6.200,5516
12066,91074.688, 5.820,5516
12067,91080.727, 6.039,5516
12068,91086.875, 6.149,5516
12069,91092.797, 5.920,5516
12070,91098.359, 5.562,5516
12071,91104.914, 6.558,5516
12072,91111.672, 6.757,5516
12073,91118.336, 6.665,5516
12074,91124.914, 6.585,5516
12075,91131.125, 6.206,5516
12076,91137.969, 6.847,5516
12077,91144.289, 6.321,5516
12078,91150.789, 6.498,5516
12079,91156.719, 5.925,5516
12080,91162.609, 5.896,5516
12081,91169.539, 6.927,5516
12082,91175.430, 5.889,5516
12083,91181.234, 5.811,5516
12084,91187.133, 5.892,5516
12085,91194.391, 7.259,5516
12086,91201.625, 7.236,5516
12087,91208.063, 6.433,5516
12088,91214.672, 6.611,5516
12089,91220.711, 6.035,5516
12090,91226.602, 5.895,5516
12091,91232.555, 5.956,5516
12092,91238.906, 6.350,5516
12093,91245.117, 6.212,5516
12094,91252.180, 7.062,5516
12095,91259.164, 6.986,5516
12096,91265.102, 5.932,5516
12097,91271.250, 6.149,5516
12098,91278.594, 7.347,5516
12099,91284.773, 6.176,5516
12100,91290.625, 5.857,5516
12101,91296.789, 6.163,5516
12102,91302.859, 6.071,5516
12103,91309.453, 6.593,5516
12104,91315.406, 5.949,5516
12105,91321.344, 5.939,5516
12106,91328.141, 6.794,5516
12107,91334.156, 6.018,5516
12108,91340.164, 6.010,5516
12109,91346.836, 6.675,5516
12110,91353.117, 6.277,5516
12111,91359.313, 6.196,5516
12112,91365.797, 6.481,5516
12113,91371.820, 6.027,5516
12114,91377.797, 5.978,5516
12115,91384.438, 6.637,5516
12116,91390.602, 6.165,5516
12117,91396.867, 6.263,5516
12118,91403.164, 6.299,5516
12119,91409.578, 6.419,5516
12120,91415.820, 6.236,5516
12121,91423.008, 7.183,5516
12122,91429.539, 6.537,5516
12123,91436.117, 6.577,5516
12124,91442.727, 6.608,5516
12125,91449.211, 6.487,5516
12126,91456.164, 6.951,5516
12127,91462.664, 6.500,5516
12128,91468.961, 6.307,5516
12129,91475.352, 6.379,5516
12130,91482.539, 7.190,5516
12131,91489.633, 7.096,5516
12132,91496.234, 6.604,5516
12133,91502.844, 6.604,5516
12134,91510.266, 7.428,5516
12135,91516.961, 6.691,5516
12136,91523.625, 6.670,5516
12137,91530.242, 6.612,5516
12138,91536.344, 6.099,5516
12139,91542.703, 6.360,5516
12140,91548.531, 5.827,5516
12141,91555.016, 6.485,5516
12142,91561.688, 6.674,5516
12143,91567.727, 6.034,5516
12144,91573.891, 6.167,5516
12145,91582.055, 8.160,5516
12146,91588.930, 6.883,5516
12147,91595.508, 6.573,5516
12148,91602.664, 7.158,5516
12149,91608.789, 6.127,5516
12150,91614.820, 6.028,5516
12151,91620.945, 6.130,5516
12152,91626.836, 5.888,5516
12153,91633.750, 6.910,5516
12154,91640.992, 7.242,5516
12155,91647.078, 6.089,5516
12156,91652.977, 5.900,5516
12157,91659.680, 6.703,5516
12158,91666.805, 7.128,5516
12159,91673.141, 6.334,5516
12160,91680.109, 6.964,5516
12161,91686.125, 6.017,5516
12162,91692.141, 6.017,5516
12163,91698.211, 6.076,5516
12164,91704.172, 5.959,5516
12165,91710.625, 6.456,5516
12166,91717.695, 7.059,5516
12167,91723.625, 5.938,5516
12168,91730.703, 7.074,5516
12169,91737.078, 6.376,5516
12170,91743.461, 6.387,5516
12171,91749.391, 5.921,5516
12172,91755.438, 6.054,5516
12173,91761.141, 5.703,5516
12174,91767.688, 6.545,5516
12175,91774.008, 6.314,5516
12176,91780.375, 6.371,5516
12177,91786.695, 6.319,5516
12178,91792.609, 5.918,5516
12179,91799.891, 7.281,5516
12180,91805.836, 5.946,5516
12181,91811.711, 5.873,5516
12182,91818.055, 6.347,5516
12183,91823.883, 5.828,5516
12184,91829.930, 6.049,5516
12185,91835.828, 5.894,5516
12186,91841.828, 5.998,5516
12187,91847.688, 5.862,5516
12188,91853.656, 5.968,5516
12189,91859.508, 5.849,5516
12190,91865.820, 6.319,5516
12191,91873.281, 7.462,5516
12192,91880.734, 7.449,5516
12193,91887.594, 6.865,5516
12194,91894.266, 6.667,5516
12195,91900.391, 6.126,5516
12196,91907.492, 7.099,5516
12197,91914.016, 6.521,5516
12198,91920.398, 6.383,5516
12199,91926.375, 5.978,5516
12200,91932.539, 6.164,5516
12201,91939.602, 7.071,5516
12202,91945.695, 6.083,5516
12203,91951.711, 6.017,5516
12204,91957.852, 6.144,5516
12205,91965.281, 7.430,5516
12206,91973.445, 8.165,5516
12207,91981.719, 8.266,5516
12208,91988.906, 7.195,5516
12209,91995.055, 6.145,5516
12210,92000.977, 5.931,5516
12211,92007.016, 6.025,5516
12212,92013.859, 6.853,5516
12213,92019.844, 5.981,5516
12214,92025.930, 6.092,5516
12215,92031.797, 5.863,5516
12216,92037.672, 5.868,5516
12217,92043.586, 5.921,5516
12218,92049.641, 6.057,5516
12219,92056.766, 7.123,5516
12220,92062.852, 6.084,5516
12221,92068.930, 6.078,5516
12222,92074.898, 5.969,5516
12223,92081.203, 6.302,5516
12224,92087.766, 6.560,5516
12225,92093.828, 6.067,5516
12226,92100.305, 6.479,5516
12227,92106.602, 6.299,5516
12228,92112.750, 6.146,5516
12229,92118.680, 5.926,5516
12230,92125.039, 6.361,5516
12231,92131.438, 6.400,5516
12232,92137.789, 6.347,5516
12233,92143.945, 6.160,5516
12234,92150.430, 6.483,5516
12235,92156.766, 6.334,5516
12236,92163.242, 6.482,5516
12237,92170.578, 7.332,5516
12238,92177.172, 6.598,5516
12239,92183.672, 6.490,5516
12240,92190.805, 7.142,5516
12241,92197.992, 7.185,5516
12242,92204.500, 6.512,5516
12243,92211.117, 6.612,5516
12244,92217.641, 6.530,5516
12245,92224.383, 6.734,5516
12246,92231.188, 6.807,5516
12247,92237.969, 6.787,5516
12248,92244.789, 6.815,5516
12249,92252.734, 7.942,5516
12250,92259.094, 6.366,5516
12251,92265.109, 6.014,5516
12252,92271.047, 5.936,5516
12253,92277.156, 6.106,5516
12254,92284.047, 6.891,5516
12255,92290.055, 6.011,5516
12256,92296.359, 6.302,5516
12257,92302.563, 6.210,5516
12258,92308.375, 5.805,5516
12259,92314.422, 6.050,5516
12260,92320.430, 6.009,5516
12261,92326.609, 6.186,5516
12262,92332.492, 5.878,5516
12263,92338.523, 6.029,5516
12264,92344.492, 5.970,5516
12265,92351.977, 7.490,5516
12266,92359.117, 7.132,5516
12267,92365.461, 6.346,5516
12268,92371.672, 6.209,5516
12269,92377.688, 6.015,5516
12270,92383.891, 6.210,5516
12271,92390.102, 6.206,5516
12272,92396.297, 6.200,5516
12273,92403.211, 6.911,5516
12274,92409.469, 6.258,5516
12275,92415.656, 6.179,5516
12276,92423.594, 7.948,5516
12277,92429.898, 6.300,5516
12278,92436.492, 6.593,5516
12279,92442.602, 6.113,5516
12280,92448.539, 5.936,5516
12281,92455.703, 7.164,5516
12282,92462.766, 7.059,5516
12283,92469.000, 6.230,5516
12284,92475.141, 6.150,5516
12285,92481.734, 6.593,5516
12286,92487.781, 6.044,5516
12287,92493.922, 6.146,5516
12288,92499.875, 5.953,5516
12289,92506.125, 6.244,5516
12290,92512.828, 6.704,5516
12291,92518.875, 6.051,5516
12292,92525.094, 6.211,5516
12293,92531.250, 6.166,5516
12294,92537.305, 6.057,5516
12295,92543.516, 6.205,5516
12296,92551.219, 7.708,5516
12297,92558.695, 7.464,5516
12298,92564.906, 6.217,5516
12299,92570.930, 6.031,5516
12300,92576.969, 6.035,5516
12301,92583.141, 6.173,5516
12302,92590.102, 6.960,5516
12303,92595.969, 5.872,5516
12304,92602.109, 6.130,5516
12305,92608.125, 6.019,5516
12306,92615.867, 7.742,5516
12307,92622.164, 6.297,5516
12308,92628.289, 6.129,5516
12309,92634.477, 6.183,5516
12310,92640.500, 6.020,5516
12311,92646.688, 6.188,5516
12312,92652.914, 6.229,5516
12313,92658.859, 5.947,5516
12314,92665.414, 6.556,5516
12315,92671.977, 6.562,5516
12316,92678.273, 6.299,5516
12317,92684.820, 6.544,5516
12318,92691.188, 6.365,5516
12319,92697.594, 6.408,5516
12320,92704.344, 6.748,5516
12321,92710.805, 6.460,5516
12322,92717.477, 6.671,5516
12323,92724.563, 7.090,5516
12324,92731.359, 6.793,5516
12325,92739.281, 7.927,5516
12326,92746.977, 7.698,5516
12327,92754.875, 7.892,5516
12328,92761.586, 6.715,5516
12329,92768.891, 7.306,5516
12330,92776.039, 7.144,5516
12331,92783.031, 6.991,5516
12332,92789.828, 6.798,5516
12333,92797.523, 7.698,5516
12334,92804.563, 7.041,5516
12335,92811.555, 6.993,5516
12336,92818.508, 6.948,5516
12337,92826.047, 7.535,5516
12338,92834.375, 8.330,5516
12339,92841.422, 7.049,5516
12340,92848.094, 6.669,5516
12341,92856.156, 8.066,5516
12342,92863.023, 6.862,5516
12343,92869.211, 6.194,5516
12344,92875.336, 6.123,5516
12345,92881.367, 6.027,5516
12346,92888.656, 7.293,5516
12347,92894.820, 6.162,5516
12348,92901.773, 6.958,5516
12349,92907.750, 5.973,5516
12350,92913.586, 5.840,5516
12351,92919.797, 6.204,5516
12352,92926.367, 6.575,5516
12353,92932.938, 6.576,5516
12354,92939.008, 6.058,5516
12355,92945.383, 6.383,5516
12356,92951.570, 6.185,5516
12357,92957.617, 6.052,5516
12358,92963.797, 6.175,5516
12359,92969.805, 6.008,5516
12360,92976.078, 6.274,5516
12361,92982.086, 6.002,5516
12362,92988.461, 6.378,5516
12363,92994.414, 5.952,5516
12364,93000.688, 6.273,5516
12365,93007.750, 7.063,5516
12366,93013.813, 6.067,5516
12367,93019.953, 6.145,5516
12368,93026.203, 6.247,5516
12369,93032.734, 6.525,5516
12370,93039.156, 6.424,5516
12371,93045.398, 6.240,5516
12372,93051.727, 6.331,5516
12373,93057.578, 5.856,5516
12374,93063.813, 6.229,5516
12375,93070.727, 6.915,5516
12376,93076.859, 6.135,5516
12377,93083.281, 6.427,5516
12378,93089.594, 6.311,5516
12379,93095.633, 6.034,5516
12380,93101.695, 6.058,5516
12381,93107.797, 6.109,5516
12382,93114.133, 6.337,5516
12383,93120.906, 6.771,5516
12384,93128.320, 7.406,5516
12385,93134.969, 6.659,5516
12386,93143.117, 8.145,5516
12387,93149.320, 6.196,5516
12388,93155.891, 6.583,5516
12389,93162.156, 6.262,5516
12390,93168.508, 6.351,5516
12391,93175.203, 6.691,5516
12392,93181.359, 6.158,5516
12393,93187.531, 6.175,5516
12394,93193.734, 6.202,5516
12395,93200.578, 6.842,5516
12396,93207.867, 7.294,5516
12397,93214.164, 6.297,5516
12398,93221.422, 7.254,5516
12399,93227.609, 6.193,5516
12400,93233.742, 6.128,5516
12401,93239.992, 6.249,5516
12402,93248.445, 8.451,5516
12403,93255.281, 6.842,5516
12404,93262.484, 7.196,5516
12405,93269.211, 6.731,5516
12406,93275.766, 6.553,5516
12407,93282.695, 6.927,5516
12408,93289.141, 6.445,5516
12409,93296.375, 7.235,5516
12410,93303.000, 6.623,5516
12411,93309.523, 6.532,5516
12412,93315.813, 6.283,5516
12413,93322.797, 6.987,5516
12414,93329.227, 6.430,5516
12415,93337.047, 7.814,5516
12416,93344.789, 7.748,5516
12417,93351.898, 7.112,5516
12418,93358.977, 7.082,5516
12419,93367.094, 8.107,5516
12420,93374.016, 6.919,5516
12421,93380.750, 6.741,5516
12422,93387.688, 6.933,5516
12423,93394.219, 6.538,5516
12424,93400.820, 6.598,5516
12425,93407.234, 6.413,5516
12426,93414.688, 7.455,5516
12427,93421.391, 6.702,5516
12428,93427.852, 6.461,5516
12429,93434.609, 6.765,5516
12430,93442.289, 7.680,5516
12431,93449.336, 7.038,5516
12432,93456.445, 7.111,5516
12433,93463.555, 7.110,5516
12434,93471.258, 7.709,5516
12435,93478.227, 6.968,5516
12436,93484.391, 6.153,5516
12437,93490.813, 6.430,5516
12438,93498.289, 7.481,5516
12439,93506.195, 7.897,5516
12440,93514.766, 8.570,5516
12441,93522.500, 7.739,5516
12442,93529.039, 6.533,5516
12443,93535.719, 6.682,5516
12444,93542.266, 6.551,5516
12445,93548.477, 6.206,5516
12446,93555.016, 6.542,5516
12447,93561.406, 6.390,5516
12448,93568.086, 6.679,5516
12449,93574.500, 6.419,5516
12450,93580.992, 6.484,5516
12451,93587.523, 6.541,5516
12452,93594.102, 6.576,5516
12453,93600.359, 6.250,5516
12454,93606.844, 6.488,5516
12455,93613.164, 6.319,5516
12456,93619.422, 6.256,5516
12457,93625.852, 6.436,5516
12458,93633.172, 7.319,5516
12459,93639.352, 6.178,5516
12460,93645.531, 6.181,5516
12461,93651.656, 6.123,5516
12462,93657.617, 5.966,5516
12463,93663.742, 6.121,5516
12464,93671.688, 7.945,5516
12465,93678.008, 6.315,5516
12466,93684.164, 6.167,5516
12467,93691.375, 7.202,5516
12468,93697.773, 6.405,5516
12469,93704.211, 6.436,5516
12470,93711.813, 7.601,5516
12471,93718.141, 6.327,5516
12472,93724.602, 6.462,5516
12473,93730.742, 6.141,5516
12474,93736.898, 6.159,5516
12475,93742.828, 5.928,5516
12476,93749.602, 6.778,5516
12477,93755.750, 6.139,5516
12478,93761.773, 6.028,5516
12479,93767.664, 5.886,5516
12480,93773.961, 6.303,5516
12481,93780.711, 6.749,5516
12482,93787.000, 6.286,5516
12483,93793.273, 6.277,5516
12484,93799.492, 6.221,5516
12485,93805.734, 6.233,5516
12486,93811.875, 6.148,5516
12487,93818.633, 6.758,5516
12488,93825.719, 7.078,5516
12489,93832.016, 6.302,5516
12490,93838.359, 6.342,5516
12491,93845.094, 6.733,5516
12492,93852.250, 7.164,5516
12493,93858.367, 6.110,5516
12494,93864.383, 6.015,5516
12495,93870.398, 6.014,5516
12496,93876.586, 6.195,5516
12497,93883.742, 7.151,5516
12498,93891.219, 7.480,5516
12499,93899.398, 8.179,5516
12500,93907.594, 8.198,5516
12501,93914.742, 7.142,5516
12502,93921.281, 6.543,5516
12503,93927.625, 6.345,5516
12504,93933.883, 6.259,5516
12505,93940.219, 6.333,5516
12506,93946.344, 6.124,5516
12507,93952.680, 6.336,5516
12508,93958.992, 6.313,5516
12509,93965.031, 6.036,5516
12510,93971.461, 6.433,5516
12511,93977.789, 6.330,5516
12512,93984.703, 6.910,5516
12513,93991.516, 6.817,5516
12514,93997.750, 6.228,5516
12515,94004.625, 6.887,5516
12516,94010.977, 6.349,5516
12517,94017.352, 6.370,5516
12518,94024.070, 6.719,5516
12519,94030.430, 6.359,5516
12520,94036.734, 6.305,5516
12521,94043.133, 6.395,5516
12522,94049.922, 6.796,5516
12523,94056.234, 6.313,5516
12524,94062.484, 6.243,5516
12525,94068.797, 6.316,5516
12526,94075.539, 6.739,5516
12527,94082.461, 6.922,5516
12528,94089.188, 6.726,5516
12529,94096.258, 7.078,5516
12530,94102.930, 6.674,5516
12531,94110.859, 7.927,5516
12532,94117.625, 6.765,5516
12533,94124.227, 6.598,5516
12534,94130.945, 6.724,5516
12535,94137.688, 6.730,5516
12536,94144.414, 6.732,5516
12537,94150.875, 6.464,5516
12538,94157.469, 6.592,5516
12539,94164.180, 6.710,5516
12540,94170.516, 6.337,5516
12541,94177.156, 6.645,5516
12542,94184.445, 7.285,5516
12543,94191.438, 6.988,5516
12544,94199.023, 7.587,5516
12545,94206.523, 7.506,5516
12546,94213.391, 6.860,5516
12547,94219.563, 6.180,5516
12548,94225.938, 6.372,5516
12549,94232.203, 6.266,5516
12550,94238.375, 6.172,5516
12551,94244.547, 6.174,5516
12552,94252.430, 7.876,5516
12553,94258.492, 6.064,5516
12554,94264.672, 6.181,5516
12555,94270.859, 6.191,5516
12556,94277.516, 6.651,5516
12557,94284.609, 7.101,5516
12558,94292.102, 7.486,5516
12559,94299.359, 7.254,5516
12560,94307.227, 7.873,5516
12561,94313.805, 6.575,5516
12562,94320.930, 7.132,5516
12563,94327.445, 6.514,5516
12564,94333.813, 6.365,5516
12565,94340.031, 6.214,5516
12566,94346.789, 6.765,5516
12567,94352.953, 6.162,5516
12568,94359.914, 6.963,5516
12569,94365.930, 6.018,5516
12570,94372.359, 6.422,5516
12571,94378.531, 6.175,5516
12572,94384.734, 6.202,5516
12573,94390.867, 6.132,5516
12574,94397.984, 7.111,5516
12575,94404.219, 6.241,5516
12576,94410.891, 6.677,5516
12577,94417.742, 6.845,5516
12578,94424.141, 6.397,5516
12579,94430.852, 6.719,5516
12580,94437.617, 6.764,5516
12581,94444.227, 6.607,5516
12582,94450.930, 6.701,5516
12583,94457.500, 6.575,5516
12584,94463.750, 6.249,5516
12585,94469.969, 6.219,5516
12586,94476.047, 6.074,5516
12587,94482.234, 6.191,5516
12588,94488.656, 6.416,5516
12589,94494.828, 6.173,5516
12590,94500.898, 6.078,5516
12591,94507.023, 6.117,5516
12592,94513.367, 6.341,5516
12593,94519.930, 6.571,5516
12594,94526.836, 6.908,5516
12595,94533.211, 6.374,5516
12596,94539.398, 6.181,5516
12597,94545.477, 6.082,5516
12598,94551.750, 6.272,5516
12599,94559.102, 7.349,5516
12600,94565.492, 6.395,5516
12601,94571.922, 6.430,5516
12602,94578.156, 6.231,5516
12603,94585.219, 7.070,5516
12604,94591.359, 6.135,5516
12605,94597.516, 6.154,5516
12606,94603.664, 6.146,5516
12607,94610.156, 6.496,5516
12608,94616.813, 6.657,5516
12609,94624.109, 7.295,5516
12610,94630.742, 6.632,5516
12611,94637.188, 6.452,5516
12612,94643.602, 6.413,5516
12613,94650.148, 6.546,5516
12614,94656.492, 6.345,5516
12615,94662.844, 6.352,5516
12616,94669.063, 6.212,5516
12617,94677.250, 8.191,5516
12618,94686.266, 9.015,5516
12619,94694.125, 7.859,5516
12620,94701.094, 6.970,5516
12621,94707.805, 6.713,5516
12622,94714.898, 7.097,5516
12623,94721.508, 6.601,5516
12624,94729.734, 8.226,5516
12625,94736.906, 7.176,5516
12626,94743.852, 6.946,5516
12627,94750.930, 7.078,5516
12628,94758.375, 7.442,5516
12629,94764.938, 6.565,5516
12630,94771.539, 6.605,5516
12631,94779.031, 7.481,5516
12632,94785.930, 6.905,5516
12633,94793.000, 7.065,5516
12634,94799.867, 6.872,5516
12635,94806.617, 6.755,5516
12636,94813.219, 6.597,5516
12637,94820.227, 7.007,5516
12638,94827.117, 6.889,5516
12639,94833.602, 6.486,5516
12640,94840.086, 6.488,5516
12641,94846.750, 6.662,5516
12642,94852.953, 6.209,5516
12643,94859.180, 6.219,5516
12644,94865.266, 6.087,5516
12645,94871.445, 6.181,5516
12646,94877.672, 6.223,5516
12647,94883.969, 6.307,5516
12648,94890.188, 6.210,5516
12649,94896.336, 6.148,5516
12650,94902.414, 6.079,5516
12651,94908.508, 6.096,5516
12652,94915.445, 6.937,5516
12653,94921.422, 5.974,5516
12654,94927.672, 6.248,5516
12655,94935.289, 7.625,5516
12656,94941.938, 6.645,5516
12657,94948.117, 6.179,5516
12658,94955.133, 7.014,5516
12659,94961.344, 6.209,5516
12660,94968.523, 7.186,5516
12661,94974.828, 6.300,5516
12662,94981.063, 6.232,5516
12663,94988.297, 7.240,5516
12664,94995.281, 6.986,5516
12665,95001.445, 6.156,5516
12666,95007.719, 6.273,5516
12667,95014.000, 6.280,5516
12668,95020.398, 6.404,5516
12669,95026.508, 6.108,5516
12670,95032.805, 6.301,5516
12671,95039.273, 6.473,5516
12672,95045.953, 6.676,5516
12673,95052.391, 6.432,5516
12674,95059.203, 6.817,5516
12675,95067.719, 8.511,5516
12676,95074.969, 7.259,5516
12677,95081.945, 6.975,5516
12678,95088.281, 6.332,5516
12679,95095.469, 7.184,5516
12680,95101.992, 6.520,5516
12681,95108.617, 6.637,5516
12682,95115.008, 6.380,5516
12683,95121.438, 6.435,5516
12684,95127.664, 6.225,5516
12685,95134.086, 6.425,5516
12686,95140.578, 6.492,5516
12687,95147.289, 6.715,5516
12688,95154.336, 7.035,5516
12689,95160.703, 6.370,5516
12690,95167.320, 6.614,5516
12691,95173.891, 6.575,5516
12692,95180.688, 6.797,5516
12693,95187.344, 6.653,5516
12694,95193.766, 6.429,5516
12695,95200.148, 6.381,5516
12696,95206.586, 6.439,5516
12697,95212.930, 6.349,5516
12698,95219.844, 6.906,5516
12699,95226.227, 6.389,5516
12700,95233.742, 7.512,5516
12701,95240.398, 6.656,5516
12702,95246.891, 6.491,5516
12703,95253.500, 6.607,5516
12704,95260.758, 7.258,5516
12705,95267.594, 6.844,5516
12706,95274.273, 6.677,5516
12707,95280.930, 6.653,5516
12708,95288.336, 7.404,5516
12709,95295.195, 6.860,5516
12710,95302.938, 7.745,5516
12711,95309.969, 7.037,5516
12712,95316.742, 6.768,5516
12713,95323.625, 6.883,5516
12714,95330.930, 7.310,5516
12715,95337.516, 6.578,5516
12716,95344.469, 6.953,5516
12717,95351.266, 6.800,5516
12718,95358.070, 6.803,5516
12719,95365.109, 7.038,5516
12720,95372.320, 7.211,5516
12721,95379.367, 7.045,5516
12722,95386.188, 6.823,5516
12723,95393.188, 7.003,5516
12724,95400.219, 7.030,5516
12725,95406.969, 6.755,5516
12726,95413.875, 6.897,5516
12727,95420.836, 6.964,5516
12728,95428.453, 7.617,5516
12729,95434.906, 6.457,5516
12730,95442.781, 7.872,5516
12731,95450.195, 7.412,5516
12732,95457.227, 7.032,5516
12733,95463.625, 6.404,5516
12734,95470.367, 6.731,5516
12735,95476.914, 6.554,5516
12736,95483.844, 6.931,5516
12737,95490.266, 6.421,5516
12738,95496.516, 6.249,5516
12739,95503.203, 6.689,5516
12740,95509.383, 6.179,5516
12741,95516.109, 6.727,5516
12742,95523.719, 7.607,5516
12743,95532.250, 8.532,5516
12744,95539.406, 7.151,5516
12745,95546.242, 6.847,5516
12746,95552.484, 6.232,5516
12747,95558.883, 6.403,5516
12748,95565.406, 6.523,5516
12749,95571.688, 6.277,5516
12750,95578.633, 6.952,5516
12751,95585.250, 6.615,5516
12752,95591.797, 6.544,5516
12753,95598.023, 6.224,5516
12754,95604.516, 6.495,5516
12755,95610.898, 6.386,5516
12756,95617.008, 6.105,5516
12757,95623.250, 6.251,5516
12758,95629.430, 6.177,5516
12759,95636.898, 7.465,5516
12760,95643.141, 6.246,5516
12761,95649.281, 6.137,5516
12762,95655.570, 6.291,5516
12763,95661.922, 6.353,5516
12764,95668.281, 6.361,5516
12765,95674.617, 6.337,5516
12766,95681.289, 6.670,5516
12767,95687.953, 6.667,5516
12768,95694.500, 6.537,5516
12769,95700.922, 6.431,5516
12770,95707.383, 6.450,5516
12771,95713.758, 6.382,5516
12772,95720.961, 7.208,5516
12773,95727.211, 6.248,5516
12774,95733.695, 6.479,5516
12775,95740.859, 7.163,5516
12776,95747.383, 6.527,5516
12777,95753.906, 6.521,5516
12778,95760.273, 6.367,5516
12779,95766.930, 6.661,5516
12780,95773.328, 6.392,5516
12781,95779.633, 6.315,5516
12782,95786.320, 6.675,5516
12783,95793.109, 6.793,5516
12784,95800.492, 7.385,5516
12785,95806.930, 6.439,5516
12786,95813.344, 6.407,5516
12787,95819.781, 6.443,5516
12788,95826.500, 6.721,5516
12789,95833.672, 7.167,5516
12790,95841.695, 8.022,5516
12791,95849.563, 7.870,5516
12792,95856.445, 6.884,5516
12793,95862.781, 6.337,5516
12794,95869.031, 6.241,5516
12795,95876.492, 7.471,5516
12796,95882.852, 6.355,5516
12797,95889.320, 6.464,5516
12798,95896.461, 7.149,5516
12799,95903.031, 6.568,5516
12800,95909.563, 6.531,5516
12801,95917.219, 7.658,5516
12802,95923.672, 6.450,5516
12803,95931.055, 7.381,5516
12804,95937.438, 6.384,5516
12805,95944.820, 7.386,5516
12806,95950.992, 6.166,5516
12807,95957.492, 6.505,5516
12808,95963.906, 6.419,5516
12809,95970.695, 6.783,5516
12810,95977.477, 6.784,5516
12811,95984.148, 6.668,5516
12812,95991.203, 7.054,5516
12813,95998.375, 7.176,5516
12814,96005.469, 7.089,5516
12815,96012.008, 6.538,5516
12816,96018.742, 6.737,5516
12817,96025.719, 6.974,5516
12818,96032.555, 6.844,5516
12819,96039.547, 6.993,5516
12820,96046.195, 6.648,5516
12821,96052.867, 6.669,5516
12822,96059.664, 6.795,5516
12823,96066.781, 7.120,5516
12824,96074.531, 7.748,5516
12825,96081.172, 6.639,5516
12826,96088.117, 6.947,5516
12827,96095.406, 7.289,5516
12828,96102.531, 7.126,5516
12829,96110.734, 8.198,5516
12830,96118.234, 7.507,5516
12831,96125.328, 7.086,5516
12832,96132.164, 6.841,5516
12833,96139.836, 7.670,5516
12834,96147.922, 8.089,5516
12835,96155.047, 7.119,5516
12836,96162.164, 7.120,5516
12837,96168.594, 6.432,5516
12838,96174.938, 6.349,5516
12839,96181.414, 6.470,5516
12840,96188.289, 6.881,5516
12841,96195.625, 7.335,5516
12842,96201.945, 6.321,5516
12843,96208.289, 6.338,5516
12844,96215.211, 6.922,5516
12845,96222.070, 6.859,5516
12846,96228.680, 6.610,5516
12847,96236.563, 7.884,5516
12848,96244.117, 7.556,5516
12849,96252.742, 8.619,5516
12850,96259.195, 6.460,5516
12851,96265.953, 6.762,5516
12852,96272.555, 6.595,5516
12853,96279.063, 6.503,5516
12854,96285.742, 6.681,5516
12855,96292.516, 6.775,5516
12856,96298.875, 6.360,5516
12857,96305.180, 6.306,5516
12858,96311.820, 6.637,5516
12859,96318.563, 6.746,5516
12860,96326.414, 7.848,5516
12861,96332.828, 6.414,5516
12862,96339.383, 6.554,5516
12863,96345.648, 6.262,5516
12864,96352.547, 6.910,5516
12865,96358.930, 6.385,5516
12866,96365.188, 6.252,5516
12867,96371.867, 6.682,5516
12868,96378.383, 6.513,5516
12869,96384.758, 6.376,5516
12870,96391.164, 6.404,5516
12871,96397.625, 6.462,5516
12872,96404.188, 6.566,5516
12873,96410.578, 6.386,5516
12874,96416.875, 6.296,5516
12875,96423.227, 6.357,5516
12876,96430.305, 7.078,5516
12877,96437.000, 6.688,5516
12878,96444.469, 7.472,5516
12879,96451.000, 6.532,5516
12880,96457.414, 6.413,5516
12881,96463.727, 6.310,5516
12882,96470.773, 7.046,5516
12883,96477.102, 6.330,5516
12884,96483.438, 6.339,5516
12885,96489.750, 6.307,5516
12886,96496.117, 6.369,5516
12887,96502.914, 6.800,5516
12888,96509.258, 6.349,5516
12889,96515.664, 6.396,5516
12890,96521.844, 6.184,5516
12891,96529.273, 7.431,5516
12892,96536.430, 7.155,5516
12893,96543.000, 6.565,5516
12894,96549.672, 6.673,5516
12895,96556.055, 6.384,5516
12896,96562.609, 6.564,5516
12897,96569.359, 6.744,5516
12898,96576.055, 6.693,5516
12899,96583.898, 7.848,5516
12900,96590.477, 6.573,5516
12901,96597.086, 6.612,5516
12902,96603.852, 6.767,5516
12903,96610.602, 6.753,5516
12904,96617.664, 7.056,5516
12905,96625.945, 8.287,5516
12906,96633.586, 7.644,5516
12907,96641.344, 7.751,5516
12908,96648.469, 7.123,5516
12909,96655.648, 7.177,5516
12910,96662.961, 7.321,5516
12911,96669.922, 6.962,5516
12912,96676.883, 6.956,5516
12913,96684.164, 7.278,5516
12914,96690.875, 6.715,5516
12915,96699.039, 8.163,5516
12916,96705.891, 6.852,5516
12917,96712.742, 6.849,5516
12918,96720.094, 7.350,5516
12919,96726.813, 6.722,5516
12920,96734.836, 8.022,5516
12921,96742.023, 7.187,5516
12922,96749.727, 7.703,5516
12923,96757.711, 7.988,5516
12924,96764.914, 7.209,5516
12925,96771.875, 6.960,5516
12926,96778.680, 6.798,5516
12927,96784.930, 6.251,5516
12928,96791.719, 6.783,5516
12929,96798.039, 6.320,5516
12930,96804.367, 6.331,5516
12931,96810.563, 6.201,5516
12932,96817.766, 7.202,5516
12933,96824.578, 6.817,5516
12934,96831.023, 6.437,5516
12935,96837.484, 6.464,5516
12936,96843.766, 6.277,5516
12937,96850.438, 6.679,5516
12938,96857.297, 6.857,5516
12939,96863.719, 6.418,5516
12940,96870.273, 6.561,5516
12941,96876.805, 6.525,5516
12942,96883.258, 6.457,5516
12943,96889.898, 6.639,5516
12944,96896.656, 6.756,5516
12945,96903.008, 6.349,5516
12946,96909.461, 6.461,5516
12947,96915.797, 6.329,5516
12948,96922.266, 6.474,5516
12949,96929.445, 7.181,5516
12950,96936.008, 6.554,5516
12951,96942.664, 6.655,5516
12952,96948.992, 6.331,5516
12953,96955.750, 6.764,5516
12954,96962.547, 6.795,5516
12955,96969.016, 6.464,5516
12956,96975.742, 6.731,5516
12957,96982.133, 6.394,5516
12958,96989.703, 7.565,5516
12959,96996.133, 6.429,5516
12960,97002.813, 6.683,5516
12961,97009.938, 7.132,5516
12962,97018.844, 8.901,5516
12963,97025.703, 6.856,5516
12964,97032.242, 6.541,5516
12965,97039.445, 7.202,5516
12966,97045.922, 6.482,5516
12967,97052.477, 6.549,5516
12968,97059.141, 6.663,5516
12969,97066.133, 6.993,5516
12970,97072.680, 6.542,5516
12971,97079.109, 6.434,5516
12972,97086.000, 6.887,5516
12973,97094.164, 8.169,5516
12974,97101.539, 7.373,5516
12975,97108.406, 6.869,5516
12976,97114.914, 6.511,5516
12977,97121.680, 6.763,5516
12978,97128.398, 6.714,5516
12979,97134.805, 6.411,5516
12980,97142.625, 7.822,5516
12981,97149.125, 6.495,5516
12982,97155.820, 6.701,5516
12983,97162.219, 6.398,5516
12984,97169.992, 7.770,5516
12985,97176.945, 6.954,5516
12986,97183.797, 6.855,5516
12987,97190.469, 6.672,5516
12988,97197.141, 6.669,5516
12989,97203.953, 6.820,5516
12990,97210.781, 6.819,5516
12991,97217.531, 6.750,5516
12992,97224.063, 6.530,5516
12993,97231.008, 6.948,5516
12994,97238.055, 7.045,5516
12995,97244.992, 6.934,5516
12996,97253.250, 8.270,5516
12997,97262.102, 8.840,5516
12998,97269.281, 7.192,5516
12999,97277.250, 7.968,5516
13000,97285.570, 8.312,5516
13001,97293.500, 7.934,5516
13002,97301.922, 8.421,5516
13003,97308.852, 6.931,5516
13004,97315.602, 6.753,5516
13005,97323.148, 7.538,5516
13006,97329.906, 6.760,5516
13007,97336.625, 6.727,5516
13008,97344.758, 8.128,5516
13009,97352.547, 7.789,5516
13010,97360.297, 7.748,5516
13011,97367.492, 7.197,5516
13012,97374.656, 7.160,5516
13013,97383.023, 8.368,5516
13014,97390.313, 7.290,5516
13015,97397.992, 7.674,5516
13016,97407.016, 9.025,5516
13017,97414.414, 7.401,5516
13018,97421.039, 6.621,5516
13019,97428.219, 7.188,5516
13020,97435.703, 7.480,5516
13021,97443.273, 7.577,5516
13022,97450.281, 7.006,5516
13023,97456.930, 6.648,5516
13024,97464.219, 7.290,5516
13025,97470.711, 6.488,5516
13026,97477.680, 6.963,5516
13027,97485.383, 7.703,5516
13028,97493.773, 8.395,5516
13029,97500.438, 6.667,5516
13030,97507.695, 7.256,5516
13031,97514.797, 7.099,5516
13032,97521.453, 6.661,5516
13033,97527.891, 6.435,5516
13034,97534.625, 6.738,5516
13035,97542.430, 7.798,5516
13036,97550.133, 7.703,5516
13037,97556.445, 6.316,5516
13038,97563.047, 6.596,5516
13039,97569.523, 6.486,5516
13040,97576.195, 6.673,5516
13041,97583.672, 7.473,5516
13042,97590.375, 6.698,5516
13043,97598.578, 8.212,5516
13044,97606.344, 7.754,5516
13045,97612.844, 6.506,5516
13046,97620.219, 7.380,5516
13047,97626.688, 6.464,5516
13048,97634.023, 7.331,5516
13049,97641.375, 7.357,5516
13050,97647.820, 6.445,5516
13051,97654.797, 6.980,5516
13052,97661.516, 6.716,5516
13053,97668.172, 6.659,5516
13054,97674.859, 6.686,5516
13055,97682.313, 7.450,5516
13056,97689.633, 7.327,5516
13057,97696.500, 6.863,5516
13058,97703.430, 6.926,5516
13059,97709.992, 6.559,5516
13060,97717.180, 7.197,5516
13061,97724.289, 7.109,5516
13062,97731.734, 7.438,5516
13063,97738.078, 6.349,5516
13064,97745.539, 7.459,5516
13065,97752.008, 6.468,5516
13066,97759.766, 7.761,5516
13067,97767.359, 7.591,5516
13068,97774.766, 7.406,5516
13069,97782.773, 8.006,5516
13070,97791.336, 8.566,5516
13071,97800.063, 8.723,5516
13072,97807.586, 7.533,5516
13073,97814.883, 7.297,5516
13074,97822.633, 7.746,5516
13075,97830.414, 7.779,5516
13076,97838.922, 8.511,5516
13077,97846.008, 7.081,5484
13078,97853.969, 7.965,5484
13079,97861.414, 7.441,5484
13080,97868.969, 7.559,5484
13081,97876.320, 7.348,5484
13082,97882.992, 6.673,5484
13083,97889.844, 6.855,5484
13084,97897.727, 7.879,5484
13085,97904.922, 7.198,5484
13086,97913.242, 8.322,5484
13087,97920.219, 6.977,5484
13088,97928.234, 8.014,5484
13089,97935.773, 7.536,5484
13090,97942.711, 6.935,5484
13091,97949.492, 6.785,5484
13092,97956.406, 6.915,5484
13093,97963.172, 6.766,5484
13094,97970.273, 7.102,5484
13095,97977.656, 7.380,5484
13096,97985.258, 7.607,5484
13097,97992.328, 7.066,5484
13098,98000.086, 7.758,5484
13099,98007.125, 7.039,5484
13100,98014.633, 7.509,5484
13101,98022.141, 7.508,5484
13102,98029.172, 7.029,5484
13103,98036.250, 7.082,5484
13104,98043.656, 7.403,5484
13105,98050.914, 7.256,5484
13106,98057.914, 7.005,5484
13107,98065.023, 7.101,5484
13108,98072.117, 7.099,5484
13109,98079.688, 7.569,5484
13110,98087.898, 8.214,5484
13111,98096.094, 8.194,5484
13112,98103.680, 7.582,5484
13113,98112.328, 8.652,5484
13114,98120.570, 8.243,5484
13115,98127.922, 7.350,5484
13116,98135.633, 7.715,5484
13117,98143.984, 8.342,5484
13118,98151.633, 7.654,5484
13119,98158.297, 6.671,5484
13120,98166.352, 8.044,5484
13121,98174.281, 7.939,5484
13122,98183.258, 8.977,5484
13123,98190.625, 7.365,5484
13124,98197.344, 6.714,5484
13125,98203.852, 6.509,5484
13126,98210.648, 6.794,5484
13127,98218.703, 8.057,5484
13128,98226.391, 7.683,5484
13129,98234.617, 8.232,5484
13130,98241.445, 6.829,5484
13131,98249.125, 7.676,5484
13132,98256.008, 6.880,5484
13133,98263.922, 7.924,5484
13134,98270.883, 6.958,5484
13135,98279.047, 8.157,5484
13136,98286.477, 7.432,5484
13137,98294.313, 7.836,5484
13138,98301.352, 7.040,5484
13139,98308.703, 7.352,5484
13140,98315.578, 6.876,5484
13141,98322.125, 6.548,5484
13142,98329.344, 7.217,5484
13143,98336.836, 7.490,5484
13144,98343.938, 7.110,5484
13145,98351.320, 7.374,5484
13146,98358.031, 6.712,5484
13147,98365.461, 7.431,5484
13148,98373.227, 7.771,5484
13149,98379.836, 6.607,5484
13150,98387.383, 7.543,5484
13151,98394.273, 6.893,5484
13152,98400.891, 6.618,5484
13153,98408.188, 7.295,5484
13154,98414.852, 6.663,5484
13155,98422.359, 7.503,5484
13156,98429.430, 7.075,5484
13157,98436.289, 6.861,5484
13158,98443.453, 7.161,5484
13159,98450.258, 6.815,5484
13160,98457.125, 6.862,5484
13161,98464.180, 7.053,5484
13162,98471.695, 7.512,5484
13163,98479.328, 7.636,5484
13164,98486.820, 7.496,5484
13165,98494.383, 7.557,5484
13166,98501.875, 7.493,5484
13167,98508.688, 6.809,5484
13168,98515.586, 6.904,5484
13169,98523.289, 7.704,5484
13170,98531.742, 8.453,5484
13171,98539.422, 7.675,5484
13172,98546.898, 7.486,5484
13173,98554.484, 7.584,5484
13174,98562.352, 7.863,5484
13175,98571.828, 9.473,5484
13176,98581.000, 9.176,5484
13177,98588.992, 7.987,5484
13178,98596.188, 7.199,5484
13179,98604.336, 8.148,5484
13180,98611.977, 7.635,5484
13181,98618.930, 6.964,5484
13182,98625.891, 6.958,5484
13183,98632.914, 7.028,5484
13184,98640.008, 7.087,5484
13185,98646.836, 6.831,5484
13186,98654.836, 8.002,5484
13187,98662.859, 8.019,5484
13188,98669.938, 7.081,5484
13189,98676.828, 6.888,5484
13190,98684.609, 7.785,5484
13191,98691.734, 7.119,5484
13192,98699.430, 7.694,5484
13193,98706.586, 7.165,5484
13194,98714.531, 7.941,5484
13195,98722.398, 7.864,5484
13196,98730.055, 7.660,5484
13197,98737.336, 7.276,5484
13198,98745.539, 8.212,5484
13199,98753.883, 8.339,5484
13200,98761.828, 7.949,5484
13201,98769.906, 8.078,5484
13202,98778.148, 8.236,5484
13203,98785.617, 7.478,5484
13204,98794.359, 8.733,5484
13205,98801.781, 7.428,5484
13206,98809.039, 7.254,5484
13207,98817.063, 8.019,5484
13208,98824.414, 7.352,5484
13209,98832.242, 7.836,5484
13210,98840.898, 8.652,5484
13211,98848.398, 7.500,5484
13212,98856.336, 7.937,5484
13213,98863.383, 7.043,5484
13214,98871.406, 8.029,5484
13215,98879.328, 7.917,5484
13216,98886.617, 7.300,5484
13217,98893.766, 7.141,5484
13218,98901.445, 7.680,5484
13219,98908.336, 6.887,5484
13220,98915.047, 6.709,5484
13221,98921.828, 6.792,5484
13222,98928.891, 7.058,5484
13223,98935.953, 7.064,5484
13224,98942.617, 6.666,5484
13225,98949.219, 6.596,5484
13226,98958.078, 8.861,5484
13227,98967.352, 9.268,5484
13228,98976.523, 9.178,5484
13229,98983.617, 7.095,5484
13230,98991.219, 7.603,5484
13231,98998.086, 6.866,5484
13232,99006.164, 8.081,5484
13233,99013.563, 7.396,5484
13234,99020.430, 6.865,5484
13235,99028.109, 7.676,5484
13236,99035.086, 6.980,5484
13237,99041.883, 6.801,5484
13238,99049.094, 7.209,5484
13239,99056.039, 6.942,5484
13240,99063.031, 6.994,5484
13241,99070.297, 7.269,5484
13242,99077.578, 7.280,5484
13243,99086.242, 8.663,5484
13244,99093.281, 7.043,5484
13245,99101.250, 7.965,5484
13246,99108.234, 6.982,5484
13247,99115.273, 7.045,5484
13248,99122.195, 6.915,5484
13249,99129.258, 7.070,5484
13250,99137.219, 7.957,5484
13251,99144.102, 6.880,5484
13252,99150.945, 6.851,5484
13253,99157.781, 6.832,5484
13254,99164.883, 7.104,5484
13255,99172.797, 7.909,5484
13256,99180.141, 7.344,5484
13257,99187.602, 7.460,5484
13258,99195.164, 7.563,5484
13259,99202.023, 6.861,5484
13260,99209.070, 7.047,5484
13261,99216.398, 7.325,5484
13262,99223.281, 6.884,5484
13263,99230.188, 6.908,5484
13264,99237.781, 7.595,5484
13265,99244.813, 7.027,5484
13266,99253.945, 9.137,5484
13267,99261.563, 7.614,5484
13268,99269.297, 7.740,5484
13269,99277.719, 8.417,5484
13270,99284.898, 7.178,5484
13271,99292.438, 7.543,5484
13272,99300.711, 8.273,5484
13273,99308.648, 7.929,5484
13274,99316.516, 7.871,5484
13275,99324.523, 8.015,5484
13276,99332.891, 8.364,5484
13277,99340.570, 7.678,5484
13278,99349.797, 9.229,5484
13279,99358.289, 8.492,5484
13280,99366.047, 7.755,5484
13281,99374.711, 8.667,5484
13282,99382.703, 7.985,5484
13283,99390.203, 7.505,5484
13284,99399.352, 9.147,5484
13285,99408.570, 9.222,5484
13286,99417.477, 8.907,5484
13287,99425.094, 7.618,5484
13288,99433.164, 8.067,5484
13289,99440.766, 7.601,5484
13290,99449.547, 8.787,5484
13291,99457.445, 7.891,5484
13292,99464.875, 7.433,5484
13293,99472.523, 7.650,5484
13294,99479.648, 7.120,5484
13295,99486.906, 7.261,5484
13296,99494.133, 7.223,5484
13297,99502.156, 8.030,5484
13298,99510.094, 7.932,5484
13299,99518.203, 8.111,5484
13300,99525.422, 7.218,5484
13301,99532.273, 6.854,5484
13302,99539.414, 7.142,5484
13303,99546.523, 7.107,5484
13304,99554.023, 7.499,5484
13305,99562.117, 8.091,5484
13306,99570.063, 7.946,5484
13307,99577.797, 7.735,5484
13308,99584.945, 7.158,5484
13309,99591.898, 6.951,5484
13310,99599.078, 7.170,5484
13311,99606.273, 7.200,5484
13312,99614.391, 8.119,5484
13313,99621.352, 6.958,5484
13314,99628.555, 7.208,5484
13315,99635.531, 6.976,5484
13316,99642.500, 6.965,5484
13317,99649.430, 6.926,5484
13318,99657.469, 8.040,5484
13319,99665.047, 7.582,5484
13320,99672.078, 7.029,5484
13321,99678.945, 6.871,5484
13322,99686.141, 7.196,5484
13323,99693.117, 6.974,5484
13324,99700.180, 7.059,5484
13325,99707.328, 7.145,5484
13326,99714.766, 7.442,5484
13327,99723.188, 8.423,5484
13328,99730.328, 7.139,5484
13329,99738.984, 8.658,5484
13330,99747.070, 8.085,5484
13331,99754.508, 7.443,5484
13332,99762.430, 7.917,5484
13333,99769.688, 7.260,5484
13334,99778.117, 8.430,5484
13335,99786.352, 8.227,5484
13336,99794.289, 7.943,5484
13337,99801.797, 7.510,5484
13338,99809.273, 7.478,5484
13339,99817.477, 8.196,5484
13340,99825.891, 8.424,5484
13341,99833.781, 7.884,5484
13342,99841.172, 7.394,5484
13343,99849.289, 8.115,5484
13344,99856.820, 7.535,5484
13345,99863.875, 7.056,5484
13346,99871.195, 7.317,5484
13347,99878.500, 7.299,5484
13348,99886.242, 7.744,5484
13349,99893.719, 7.476,5484
13350,99901.742, 8.021,5484
13351,99908.984, 7.246,5484
13352,99916.555, 7.575,5484
13353,99924.203, 7.646,5484
13354,99933.141, 8.940,5484
13355,99941.422, 8.273,5484
13356,99949.227, 7.810,5484
13357,99957.078, 7.853,5484
13358,99965.070, 7.990,5484
13359,99974.641, 9.566,5484
13360,99982.211, 7.575,5484
13361,99989.539, 7.333,5484
13362,99997.242, 7.701,5484
13363,100006.484, 9.235,5484
13364,100014.711, 8.226,5484
13365,100022.586, 7.879,5484
13366,100030.375, 7.783,5484
13367,100038.977, 8.605,5484
13368,100046.602, 7.630,5484
13369,100054.820, 8.221,5484
13370,100062.992, 8.162,5484
13371,100071.539, 8.555,5484
13372,100079.281, 7.745,5484
13373,100087.180, 7.892,5484
13374,100094.500, 7.323,5484
13375,100101.836, 7.338,5484
13376,100108.961, 7.124,5484
13377,100116.414, 7.451,5484
13378,100124.805, 8.388,5484
13379,100133.836, 9.031,5484
13380,100142.484, 8.649,5484
13381,100150.063, 7.575,5484
13382,100157.750, 7.691,5484
13383,100165.359, 7.606,5484
13384,100173.453, 8.095,5484
13385,100180.984, 7.535,5484
13386,100189.453, 8.469,5484
13387,100197.430, 7.975,5484
13388,100204.789, 7.356,5484
13389,100212.258, 7.473,5484
13390,100220.398, 8.142,5484
13391,100227.797, 7.394,5484
13392,100235.938, 8.149,5484
13393,100243.211, 7.272,5484
13394,100251.164, 7.953,5484
13395,100259.773, 8.605,5484
13396,100268.625, 8.856,5484
13397,100275.930, 7.306,5484
13398,100284.172, 8.240,5484
13399,100292.031, 7.853,5484
13400,100300.039, 8.007,5484
13401,100307.820, 7.788,5484
13402,100315.031, 7.202,5484
13403,100322.336, 7.311,5484
13404,100329.516, 7.184,5484
13405,100336.680, 7.154,5484
13406,100343.797, 7.121,5484
13407,100350.961, 7.167,5484
13408,100358.984, 8.022,5484
13409,100366.289, 7.309,5484
13410,100373.578, 7.291,5484
13411,100380.758, 7.173,5484
13412,100387.961, 7.209,5484
13413,100395.250, 7.285,5484
13414,100402.516, 7.265,5484
13415,100409.797, 7.282,5484
13416,100416.930, 7.134,5484
13417,100424.203, 7.275,5484
13418,100431.664, 7.454,5484
13419,100439.891, 8.229,5484
13420,100447.406, 7.515,5484
13421,100454.789, 7.383,5484
13422,100463.906, 9.119,5484
13423,100471.578, 7.674,5484
13424,100478.820, 7.244,5484
13425,100486.117, 7.291,5484
13426,100494.141, 8.027,5484
13427,100502.047, 7.902,5484
13428,100511.742, 9.698,5484
13429,100521.383, 9.638,5484
13430,100529.727, 8.346,5484
13431,100538.688, 8.959,5484
13432,100546.766, 8.077,5484
13433,100554.789, 8.022,5484
13434,100562.781, 7.998,5484
13435,100571.063, 8.276,5484
13436,100578.703, 7.642,5484
13437,100585.914, 7.217,5484
13438,100593.438, 7.520,5484
13439,100602.250, 8.817,5484
13440,100610.195, 7.944,5484
13441,100617.938, 7.742,5484
13442,100625.336, 7.396,5484
13443,100632.867, 7.534,5484
13444,100641.047, 8.175,5484
13445,100648.758, 7.715,5484
13446,100656.469, 7.706,5484
13447,100664.742, 8.271,5484
13448,100672.734, 7.996,5484
13449,100681.078, 8.345,5484
13450,100689.344, 8.260,5484
13451,100697.492, 8.151,5484
13452,100705.680, 8.187,5484
13453,100713.773, 8.099,5484
13454,100721.641, 7.862,5484
13455,100729.672, 8.034,5484
13456,100737.680, 8.006,5484
13457,100745.391, 7.709,5484
13458,100753.500, 8.116,5484
13459,100761.383, 7.880,5484
13460,100769.156, 7.776,5484
13461,100778.523, 9.366,5484
13462,100787.500, 8.977,5484
13463,100795.469, 7.967,5484
13464,100804.414, 8.943,5484
13465,100813.148, 8.737,5484
13466,100821.250, 8.107,5484
13467,100829.984, 8.727,5484
13468,100839.016, 9.028,5484
13469,100846.641, 7.627,5484
13470,100854.422, 7.779,5484
13471,100862.102, 7.684,5484
13472,100869.344, 7.240,5484
13473,100876.883, 7.544,5484
13474,100884.391, 7.506,5484
13475,100892.227, 7.840,5484
13476,100900.469, 8.242,5484
13477,100909.750, 9.276,5484
13478,100918.656, 8.907,5484
13479,100927.203, 8.546,5484
13480,100934.766, 7.562,5484
13481,100942.148, 7.386,5484
13482,100949.719, 7.567,5484
13483,100957.422, 7.707,5484
13484,100965.047, 7.625,5484
13485,100972.563, 7.517,5484
13486,100980.516, 7.951,5484
13487,100988.227, 7.710,5484
13488,100997.664, 9.437,5484
13489,101005.266, 7.608,5484
13490,101013.492, 8.224,5484
13491,101021.398, 7.905,5484
13492,101029.359, 7.958,5484
13493,101036.930, 7.573,5484
13494,101045.656, 8.720,5484
13495,101053.484, 7.834,5484
13496,101061.906, 8.427,5484
13497,101069.352, 7.438,5484
13498,101076.852, 7.502,5484
13499,101084.289, 7.440,5484
13500,101092.508, 8.218,5484
13501,101100.469, 7.958,5484
13502,101108.148, 7.677,5484
13503,101115.781, 7.636,5484
13504,101122.984, 7.203,5484
13505,101131.656, 8.666,5484
13506,101140.406, 8.753,5484
13507,101147.938, 7.536,5484
13508,101155.453, 7.514,5484
13509,101163.047, 7.588,5484
13510,101171.164, 8.123,5484
13511,101178.656, 7.487,5484
13512,101186.078, 7.425,5484
13513,101194.578, 8.502,5484
13514,101201.836, 7.257,5484
13515,101209.875, 8.040,5484
13516,101217.305, 7.423,5484
13517,101224.648, 7.344,5484
13518,101232.125, 7.483,5484
13519,101239.750, 7.620,5484
13520,101247.609, 7.864,5484
13521,101256.375, 8.762,5484
13522,101263.984, 7.612,5484
13523,101271.680, 7.694,5484
13524,101279.953, 8.282,5484
13525,101287.906, 7.952,5484
13526,101295.852, 7.942,5484
13527,101305.961,10.113,5484
13528,101317.344,11.377,5484
13529,101326.367, 9.023,5484
13530,101334.523, 8.159,5484
13531,101342.641, 8.109,5484
13532,101350.992, 8.357,5484
13533,101359.930, 8.944,5484
13534,101368.352, 8.415,5484
13535,101377.180, 8.829,5484
13536,101385.734, 8.553,5484
13537,101394.695, 8.956,5484
13538,101404.813,10.127,5484
13539,101412.828, 8.015,5484
13540,101421.938, 9.109,5484
13541,101430.531, 8.590,5484
13542,101439.781, 9.248,5484
13543,101449.125, 9.344,5484
13544,101458.359, 9.236,5484
13545,101467.117, 8.756,5484
13546,101475.375, 8.256,5484
13547,101483.078, 7.706,5484
13548,101491.750, 8.676,5484
13549,101499.398, 7.647,5484
13550,101507.109, 7.706,5484
13551,101515.945, 8.842,5484
13552,101523.727, 7.775,5484
13553,101531.836, 8.112,5484
13554,101540.422, 8.590,5484
13555,101548.461, 8.034,5484
13556,101557.109, 8.655,5484
13557,101564.688, 7.574,5484
13558,101572.523, 7.836,5484
13559,101580.734, 8.211,5484
13560,101589.383, 8.651,5484
13561,101596.719, 7.334,5484
13562,101604.367, 7.643,5484
13563,101611.875, 7.514,5484
13564,101620.367, 8.492,5484
13565,101628.047, 7.676,5484
13566,101636.086, 8.044,5484
13567,101644.102, 8.010,5484
13568,101651.906, 7.810,5484
13569,101659.250, 7.346,5484
13570,101667.484, 8.231,5484
13571,101675.055, 7.567,5484
13572,101682.891, 7.842,5484
13573,101690.391, 7.497,5484
13574,101697.711, 7.321,5484
13575,101706.344, 8.626,5484
13576,101714.922, 8.585,5484
13577,101722.813, 7.892,5484
13578,101730.523, 7.708,5484
13579,101739.391, 8.863,5484
13580,101748.414, 9.030,5484
13581,101756.422, 8.008,5484
13582,101765.094, 8.669,5484
13583,101772.836, 7.740,5484
13584,101780.711, 7.873,5484
13585,101789.094, 8.386,5484
13586,101797.094, 8.002,5484
13587,101805.031, 7.931,5484
13588,101813.727, 8.699,5484
13589,101821.391, 7.664,5484
13590,101829.945, 8.561,5484
13591,101837.945, 7.998,5484
13592,101846.063, 8.115,5484
13593,101854.234, 8.177,5484
13594,101862.531, 8.290,5484
13595,101870.375, 7.847,5484
13596,101878.367, 7.988,5484
13597,101886.695, 8.327,5484
13598,101894.367, 7.673,5484
13599,101902.063, 7.696,5484
13600,101910.953, 8.894,5484
13601,101919.031, 8.075,5484
13602,101927.766, 8.732,5484
13603,101935.992, 8.224,5484
13604,101944.109, 8.127,5484
13605,101952.625, 8.517,5484
13606,101961.336, 8.703,5484
13607,101969.859, 8.533,5484
13608,101979.242, 9.379,5484
13609,101987.859, 8.621,5484
13610,101996.445, 8.578,5484
13611,102004.656, 8.211,5484
13612,102013.781, 9.127,5484
13613,102023.383, 9.598,5484
13614,102031.813, 8.431,5484
13615,102040.164, 8.359,5484
13616,102049.484, 9.313,5484
13617,102058.273, 8.791,5484
13618,102067.422, 9.151,5484
13619,102075.969, 8.544,5484
13620,102084.617, 8.656,5484
13621,102093.445, 8.819,5484
13622,102103.313, 9.866,5484
13623,102112.195, 8.884,5484
13624,102120.617, 8.428,5484
13625,102128.516, 7.898,5484
13626,102136.125, 7.608,5484
13627,102143.875, 7.752,5484
13628,102151.742, 7.863,5484
13629,102159.555, 7.813,5484
13630,102167.789, 8.232,5484
13631,102175.984, 8.194,5484
13632,102184.109, 8.131,5484
13633,102191.867, 7.758,5484
13634,102199.852, 7.980,5484
13635,102207.453, 7.601,5484
13636,102215.984, 8.529,5484
13637,102223.992, 8.007,5484
13638,102232.055, 8.068,5484
13639,102239.641, 7.582,5484
13640,102247.664, 8.023,5484
13641,102256.453, 8.794,5484
13642,102265.000, 8.542,5484
13643,102273.227, 8.233,5484
13644,102281.617, 8.391,5484
13645,102289.500, 7.881,5484
13646,102297.336, 7.836,5484
13647,102305.109, 7.769,5484
13648,102314.406, 9.295,5484
13649,102322.086, 7.683,5484
13650,102330.016, 7.932,5484
13651,102338.555, 8.543,5484
13652,102346.789, 8.234,5484
13653,102354.680, 7.882,5484
13654,102363.016, 8.342,5484
13655,102370.727, 7.706,5484
13656,102378.563, 7.844,5484
13657,102386.945, 8.385,5484
13658,102395.945, 8.995,5484
13659,102404.172, 8.226,5484
13660,102412.609, 8.443,5484
13661,102420.500, 7.886,5484
13662,102428.461, 7.956,5484
13663,102436.398, 7.942,5484
13664,102444.156, 7.755,5484
13665,102451.969, 7.811,5484
13666,102459.602, 7.637,5484
13667,102467.383, 7.782,5484
13668,102475.930, 8.547,5484
13669,102485.430, 9.495,5484
13670,102495.555,10.128,5484
13671,102503.844, 8.286,5484
13672,102511.695, 7.852,5484
13673,102519.305, 7.606,5484
13674,102527.414, 8.110,5484
13675,102535.492, 8.086,5484
13676,102543.219, 7.726,5484
13677,102551.117, 7.899,5484
13678,102559.250, 8.130,5484
13679,102567.258, 8.013,5484
13680,102575.508, 8.249,5484
13681,102583.758, 8.247,5484
13682,102591.414, 7.658,5484
13683,102600.164, 8.746,5484
13684,102608.359, 8.193,5484
13685,102616.172, 7.817,5484
13686,102625.461, 9.288,5484
13687,102633.883, 8.424,5484
13688,102642.617, 8.738,5484
13689,102650.773, 8.153,5484
13690,102658.648, 7.866,5484
13691,102666.766, 8.122,5484
13692,102674.617, 7.859,5484
13693,102682.609, 7.988,5484
13694,102691.039, 8.428,5484
13695,102699.516, 8.479,5484
13696,102709.383, 9.863,5484
13697,102719.039, 9.658,5484
13698,102727.859, 8.823,5484
13699,102736.164, 8.302,5484
13700,102744.469, 8.301,5484
13701,102753.563, 9.097,5484
13702,102762.164, 8.599,5484
13703,102770.586, 8.428,5484
13704,102779.398, 8.804,5484
13705,102787.625, 8.236,5484
13706,102795.867, 8.239,5484
13707,102803.938, 8.070,5484
13708,102813.695, 9.755,5484
13709,102822.328, 8.628,5484
13710,102831.281, 8.967,5484
13711,102839.938, 8.651,5484
13712,102848.211, 8.278,5484
13713,102856.594, 8.378,5484
13714,102864.320, 7.722,5484
13715,102872.734, 8.418,5484
13716,102881.313, 8.572,5484
13717,102891.914,10.613,5484
13718,102901.188, 9.268,5484
13719,102909.031, 7.841,5484
13720,102917.094, 8.061,5484
13721,102925.508, 8.415,5484
13722,102934.031, 8.527,5484
13723,102941.828, 7.793,5484
13724,102949.867, 8.041,5484
13725,102957.461, 7.594,5484
13726,102965.391, 7.928,5484
13727,102973.367, 7.978,5484
13728,102981.445, 8.077,5484
13729,102989.648, 8.201,5484
13730,102997.539, 7.901,5484
13731,103005.383, 7.835,5484
13732,103013.305, 7.918,5484
13733,103021.445, 8.145,5484
13734,103030.180, 8.738,5484
13735,103038.141, 7.961,5484
13736,103045.891, 7.754,5484
13737,103053.484, 7.586,5484
13738,103061.563, 8.084,5484
13739,103069.219, 7.653,5484
13740,103077.219, 8.004,5484
13741,103085.188, 7.965,5484
13742,103092.930, 7.745,5484
13743,103100.563, 7.633,5484
13744,103108.266, 7.702,5484
13745,103116.281, 8.015,5484
13746,103124.469, 8.186,5484
13747,103133.125, 8.652,5484
13748,103141.563, 8.446,5484
13749,103149.461, 7.896,5484
13750,103157.203, 7.739,5484
13751,103164.758, 7.553,5484
13752,103173.023, 8.266,5484
13753,103180.906, 7.891,5484
13754,103189.477, 8.569,5484
13755,103197.102, 7.621,5484
13756,103204.867, 7.768,5484
13757,103213.250, 8.381,5484
13758,103221.188, 7.934,5484
13759,103229.828, 8.640,5484
13760,103238.141, 8.313,5484
13761,103246.664, 8.520,5484
13762,103254.977, 8.317,5484
13763,103263.016, 8.038,5484
13764,103271.852, 8.843,5484
13765,103281.391, 9.532,5484
13766,103290.250, 8.862,5484
13767,103298.500, 8.247,5484
13768,103307.695, 9.193,5484
13769,103316.117, 8.429,5484
13770,103324.563, 8.447,5484
13771,103332.758, 8.192,5484
13772,103341.484, 8.730,5484
13773,103350.391, 8.898,5484
13774,103358.789, 8.400,5484
13775,103366.898, 8.118,5484
13776,103375.828, 8.928,5484
13777,103384.195, 8.362,5484
13778,103392.391, 8.198,5484
13779,103400.789, 8.396,5484
13780,103409.602, 8.815,5484
13781,103418.242, 8.646,5484
13782,103426.773, 8.526,5484
13783,103435.438, 8.662,5484
13784,103444.531, 9.094,5484
13785,103453.875, 9.344,5484
13786,103462.352, 8.473,5484
13787,103470.680, 8.328,5484
13788,103479.313, 8.632,5484
13789,103488.578, 9.277,5484
13790,103497.438, 8.853,5484
13791,103506.250, 8.813,5484
13792,103514.938, 8.691,5484
13793,103523.891, 8.953,5484
13794,103532.227, 8.337,5484
13795,103540.594, 8.367,5484
13796,103549.039, 8.441,5484
13797,103558.742, 9.704,5484
13798,103568.008, 9.258,5484
13799,103577.344, 9.336,5484
13800,103585.805, 8.470,5484
13801,103594.695, 8.881,5484
13802,103604.008, 9.320,5484
13803,103615.016,11.008,5484
13804,103623.094, 8.073,5484
13805,103631.273, 8.185,5484
13806,103639.453, 8.181,5484
13807,103647.344, 7.882,5484
13808,103655.242, 7.908,5484
13809,103663.727, 8.478,5484
13810,103672.117, 8.389,5484
13811,103681.719, 9.600,5484
13812,103690.938, 9.225,5484
13813,103699.641, 8.701,5484
13814,103709.602, 9.967,5484
13815,103717.789, 8.185,5484
13816,103725.844, 8.052,5484
13817,103734.227, 8.390,5484
13818,103742.648, 8.411,5484
13819,103751.422, 8.780,5484
13820,103759.641, 8.215,5484
13821,103768.664, 9.024,5484
13822,103777.469, 8.803,5484
13823,103787.000, 9.528,5484
13824,103795.125, 8.129,5484
13825,103803.156, 8.035,5484
13826,103811.750, 8.590,5484
13827,103820.070, 8.324,5484
13828,103828.078, 8.006,5484
13829,103835.953, 7.880,5484
13830,103843.578, 7.620,5484
13831,103852.914, 9.339,5484
13832,103861.563, 8.647,5484
13833,103869.781, 8.221,5484
13834,103879.594, 9.814,5484
13835,103888.047, 8.444,5484
13836,103896.086, 8.040,5484
13837,103904.148, 8.065,5484
13838,103912.336, 8.184,5484
13839,103920.148, 7.821,5484
13840,103928.273, 8.125,5484
13841,103936.352, 8.074,5484
13842,103944.180, 7.830,5484
13843,103952.930, 8.752,5484
13844,103960.938, 8.004,5484
13845,103968.844, 7.905,5484
13846,103977.461, 8.618,5484
13847,103986.188, 8.726,5484
13848,103995.039, 8.849,5484
13849,104003.313, 8.276,5484
13850,104011.430, 8.118,5484
13851,104019.977, 8.542,5484
13852,104028.633, 8.653,5484
13853,104036.891, 8.267,5484
13854,104045.477, 8.585,5484
13855,104054.102, 8.624,5484
13856,104062.680, 8.577,5484
13857,104072.203, 9.525,5484
13858,104082.594,10.392,5484
13859,104092.695,10.094,5484
13860,104102.078, 9.385,5484
13861,104110.727, 8.651,5484
13862,104120.352, 9.623,5484
13863,104129.234, 8.885,5484
13864,104138.563, 9.331,5484
13865,104147.188, 8.629,5484
13866,104156.141, 8.945,5484
13867,104165.094, 8.958,5484
13868,104174.063, 8.964,5484
13869,104182.836, 8.774,5484
13870,104191.828, 8.991,5484
13871,104201.266, 9.446,5484
13872,104210.938, 9.672,5484
13873,104219.773, 8.830,5484
13874,104228.977, 9.203,5484
13875,104237.891, 8.916,5484
13876,104246.930, 9.041,5484
13877,104256.414, 9.482,5484
13878,104264.609, 8.199,5484
13879,104273.016, 8.395,5484
13880,104281.039, 8.029,5484
13881,104289.188, 8.151,5484
13882,104297.617, 8.433,5484
13883,104306.953, 9.337,5484
13884,104315.891, 8.938,5484
13885,104324.063, 8.162,5484
13886,104332.336, 8.272,5484
13887,104340.508, 8.175,5484
13888,104348.609, 8.110,5484
13889,104356.883, 8.271,5484
13890,104364.688, 7.801,5484
13891,104373.148, 8.458,5484
13892,104381.227, 8.086,5484
13893,104389.445, 8.216,5484
13894,104397.750, 8.303,5484
13895,104405.992, 8.236,5484
13896,104415.234, 9.253,5484
13897,104424.023, 8.785,5484
13898,104432.406, 8.376,5484
13899,104440.531, 8.136,5484
13900,104448.555, 8.017,5484
13901,104456.695, 8.136,5484
13902,104466.570, 9.885,5484
13903,104475.805, 9.232,5484
13904,104484.477, 8.667,5484
13905,104492.750, 8.278,5484
13906,104500.867, 8.120,5484
13907,104509.539, 8.672,5484
13908,104518.305, 8.758,5484
13909,104526.906, 8.606,5484
13910,104535.203, 8.301,5484
13911,104543.781, 8.569,5484
13912,104551.852, 8.073,5484
13913,104560.023, 8.174,5484
13914,104568.984, 8.952,5484
13915,104577.125, 8.149,5484
13916,104585.391, 8.265,5484
13917,104593.289, 7.905,5484
13918,104601.438, 8.139,5484
13919,104609.484, 8.051,5484
13920,104617.711, 8.225,5484
13921,104626.516, 8.807,5484
13922,104635.180, 8.666,5484
13923,104643.555, 8.370,5484
13924,104651.891, 8.339,5484
13925,104660.375, 8.481,5484
13926,104669.555, 9.186,5484
13927,104677.891, 8.334,5484
13928,104687.422, 9.528,5484
13929,104695.859, 8.439,5484
13930,104704.633, 8.768,5484
13931,104712.617, 7.992,5484
13932,104721.508, 8.892,5484
13933,104731.500, 9.985,5484
13934,104741.148, 9.650,5484
13935,104750.008, 8.858,5484
13936,104758.969, 8.956,5484
13937,104767.883, 8.926,5484
13938,104777.281, 9.393,5484
13939,104787.039, 9.755,5484
13940,104796.914, 9.883,5484
13941,104805.602, 8.684,5484
13942,104814.461, 8.861,5484
13943,104824.070, 9.607,5484
13944,104833.422, 9.352,5484
13945,104842.828, 9.406,5484
13946,104852.570, 9.747,5484
13947,104863.133,10.554,5484
13948,104872.836, 9.705,5484
13949,104883.375,10.540,5484
13950,104892.664, 9.284,5484
13951,104900.852, 8.195,5484
13952,104909.281, 8.431,5484
13953,104917.523, 8.242,5484
13954,104925.875, 8.353,5484
13955,104934.297, 8.411,5484
13956,104942.938, 8.649,5484
13957,104951.609, 8.674,5484
13958,104960.328, 8.707,5484
13959,104968.977, 8.652,5484
13960,104978.188, 9.219,5484
13961,104986.664, 8.470,5484
13962,104995.063, 8.400,5484
13963,105003.055, 7.990,5484
13964,105011.609, 8.561,5484
13965,105019.859, 8.247,5484
13966,105028.727, 8.865,5484
13967,105036.773, 8.048,5484
13968,105045.227, 8.456,5484
13969,105054.469, 9.236,5484
13970,105062.633, 8.166,5484
13971,105070.766, 8.134,5484
13972,105078.828, 8.064,5484
13973,105087.305, 8.469,5484
13974,105095.742, 8.444,5484
13975,105103.977, 8.234,5484
13976,105112.219, 8.247,5484
13977,105120.805, 8.583,5484
13978,105128.984, 8.173,5484
13979,105137.281, 8.308,5484
13980,105145.484, 8.201,5484
13981,105154.461, 8.976,5484
13982,105163.633, 9.163,5484
13983,105171.898, 8.272,5484
13984,105180.023, 8.118,5484
13985,105189.234, 9.223,5484
13986,105197.852, 8.616,5484
13987,105206.094, 8.238,5484
13988,105215.203, 9.108,5484
13989,105223.242, 8.043,5484
13990,105231.508, 8.265,5484
13991,105239.703, 8.189,5484
13992,105248.195, 8.499,5484
13993,105258.758,10.557,5484
13994,105268.633, 9.872,5484
13995,105277.688, 9.055,5484
13996,105286.242, 8.566,5484
13997,105294.742, 8.493,5484
13998,105304.641, 9.893,5484
13999,105312.859, 8.224,5484
14000,105321.672, 8.813,5484
14001,105330.383, 8.711,5484
14002,105339.070, 8.687,5484
14003,105348.891, 9.823,5484
14004,105357.188, 8.295,5484
14005,105366.109, 8.922,5484
14006,105375.750, 9.637,5484
14007,105384.320, 8.568,5484
14008,105392.781, 8.468,5484
14009,105402.148, 9.364,5484
14010,105410.688, 8.542,5484
14011,105419.398, 8.713,5484
14012,105429.063, 9.659,5484
14013,105437.797, 8.737,5484
14014,105447.375, 9.577,5484
14015,105456.477, 9.102,5484
14016,105465.859, 9.383,5484
14017,105475.586, 9.726,5484
14018,105485.273, 9.691,5484
14019,105494.195, 8.925,5484
14020,105503.719, 9.516,5484
14021,105513.008, 9.291,5484
14022,105522.070, 9.063,5484
14023,105530.469, 8.399,5484
14024,105540.086, 9.612,5484
14025,105549.070, 8.989,5484
14026,105557.688, 8.610,5484
14027,105567.352, 9.671,5484
14028,105576.688, 9.332,5484
14029,105585.781, 9.098,5484
14030,105595.516, 9.733,5484
14031,105604.609, 9.100,5484
14032,105614.109, 9.491,5484
14033,105624.992,10.886,5484
14034,105634.805, 9.817,5484
14035,105643.477, 8.665,5484
14036,105652.719, 9.245,5484
14037,105662.398, 9.678,5484
14038,105671.164, 8.767,5484
14039,105679.547, 8.387,5484
14040,105688.445, 8.893,5484
14041,105697.578, 9.135,5484
14042,105706.156, 8.577,5484
14043,105715.281, 9.127,5484
14044,105723.773, 8.488,5484
14045,105732.352, 8.575,5484
14046,105740.984, 8.636,5484
14047,105749.273, 8.296,5484
14048,105758.711, 9.429,5484
14049,105767.469, 8.762,5484
14050,105776.422, 8.955,5484
14051,105785.219, 8.799,5484
14052,105794.219, 8.996,5484
14053,105804.227,10.011,5484
14054,105812.898, 8.668,5484
14055,105823.219,10.327,5484
14056,105832.609, 9.392,5484
14057,105841.148, 8.529,5484
14058,105849.938, 8.799,5484
14059,105858.727, 8.778,5484
14060,105867.320, 8.596,5484
14061,105875.867, 8.553,5484
14062,105884.828, 8.959,5484
14063,105893.148, 8.316,5484
14064,105901.531, 8.383,5484
14065,105910.641, 9.106,5484
14066,105919.188, 8.550,5484
14067,105927.672, 8.482,5484
14068,105936.516, 8.848,5484
14069,105944.797, 8.280,5484
14070,105952.984, 8.187,5484
14071,105961.469, 8.489,5484
14072,105970.438, 8.966,5484
14073,105979.547, 9.110,5484
14074,105987.781, 8.236,5484
14075,105995.977, 8.186,5484
14076,106004.453, 8.484,5484
14077,106013.297, 8.841,5484
14078,106022.070, 8.772,5484
14079,106030.516, 8.454,5484
14080,106039.383, 8.858,5484
14081,106048.875, 9.500,5484
14082,106059.281,10.403,5484
14083,106068.688, 9.405,5484
14084,106077.211, 8.528,5484
14085,106085.969, 8.748,5484
14086,106094.359, 8.396,5484
14087,106103.094, 8.731,5484
14088,106111.734, 8.643,5484
14089,106121.109, 9.379,5484
14090,106130.305, 9.191,5484
14091,106139.969, 9.664,5484
14092,106148.594, 8.633,5484
14093,106157.305, 8.697,5484
14094,106165.750, 8.456,5484
14095,106174.000, 8.244,5484
14096,106183.203, 9.212,5484
14097,106191.836, 8.630,5484
14098,106200.422, 8.583,5484
14099,106209.883, 9.461,5484
14100,106218.727, 8.843,5484
14101,106227.539, 8.811,5484
14102,106236.344, 8.804,5484
14103,106245.766, 9.422,5484
14104,106255.008, 9.240,5484
14105,106264.258, 9.262,5484
14106,106273.273, 9.009,5484
14107,106282.352, 9.078,5484
14108,106291.516, 9.167,5484
14109,106301.359, 9.839,5484
14110,106310.328, 8.965,5484
14111,106319.656, 9.329,5484
14112,106328.750, 9.096,5484
14113,106339.273,10.530,5484
14114,106348.383, 9.105,5484
14115,106357.234, 8.851,5484
14116,106366.547, 9.314,5484
14117,106375.852, 9.306,5484
14118,106385.508, 9.652,5484
14119,106394.945, 9.446,5484
14120,106404.000, 9.043,5484
14121,106412.125, 8.128,5484
14122,106420.156, 8.035,5484
14123,106428.477, 8.317,5484
14124,106437.078, 8.603,5484
14125,106446.734, 9.654,5484
14126,106456.695, 9.965,5484
14127,106466.281, 9.589,5484
14128,106475.773, 9.488,5484
14129,106484.391, 8.613,5484
14130,106493.547, 9.163,5484
14131,106502.047, 8.492,5484
14132,106511.336, 9.287,5484
14133,106519.789, 8.459,5484
14134,106528.375, 8.581,5484
14135,106536.859, 8.495,5484
14136,106545.578, 8.718,5484
14137,106554.531, 8.951,5484
14138,106563.023, 8.490,5484
14139,106572.219, 9.197,5484
14140,106580.758, 8.539,5484
14141,106589.039, 8.277,5484
14142,106597.344, 8.308,5484
14143,106606.023, 8.678,5484
14144,106615.031, 9.011,5484
14145,106623.461, 8.427,5484
14146,106631.891, 8.437,5484
14147,106640.195, 8.301,5484
14148,106648.430, 8.234,5484
14149,106657.328, 8.890,5484
14150,106665.852, 8.529,5484
14151,106674.516, 8.663,5484
14152,106682.898, 8.388,5484
14153,106691.617, 8.719,5484
14154,106699.781, 8.163,5484
14155,106708.594, 8.811,5484
14156,106716.891, 8.299,5484
14157,106725.109, 8.211,5484
14158,106733.594, 8.492,5484
14159,106742.570, 8.976,5484
14160,106750.891, 8.317,5484
14161,106759.352, 8.462,5484
14162,106768.539, 9.190,5484
14163,106777.828, 9.283,5484
14164,106786.344, 8.515,5484
14165,106795.180, 8.843,5484
14166,106803.656, 8.471,5484
14167,106812.383, 8.727,5484
14168,106821.406, 9.026,5484
14169,106830.328, 8.917,5484
14170,106839.422, 9.099,5484
14171,106848.547, 9.123,5484
14172,106859.031,10.484,5484
14173,106869.680,10.650,5484
14174,106879.336, 9.655,5484
14175,106888.203, 8.869,5484
14176,106898.406,10.203,5484
14177,106906.922, 8.519,5484
14178,106915.367, 8.443,5484
14179,106923.773, 8.406,5484
14180,106933.047, 9.274,5484
14181,106942.031, 8.981,5484
14182,106950.383, 8.354,5484
14183,106958.609, 8.228,5484
14184,106967.094, 8.480,5484
14185,106976.141, 9.048,5484
14186,106984.938, 8.798,5484
14187,106993.477, 8.542,5484
14188,107001.797, 8.316,5484
14189,107010.992, 9.191,5484
14190,107020.016, 9.025,5484
14191,107029.609, 9.604,5484
14192,107038.469, 8.851,5484
14193,107047.758, 9.292,5484
14194,107057.609, 9.851,5484
14195,107066.586, 8.978,5484
14196,107075.805, 9.214,5484
14197,107085.719, 9.913,5484
14198,107094.594, 8.881,5484
14199,107104.453, 9.854,5484
14200,107114.039, 9.589,5484
14201,107122.789, 8.751,5484
14202,107133.156,10.368,5484
14203,107142.383, 9.224,5484
14204,107151.344, 8.961,5484
14205,107160.430, 9.086,5484
14206,107170.242, 9.818,5484
14207,107178.609, 8.367,5484
14208,107187.828, 9.215,5484
14209,107196.703, 8.872,5484
14210,107207.109,10.404,5484
14211,107215.828, 8.726,5484
14212,107224.359, 8.527,5484
14213,107234.602,10.248,5484
14214,107243.406, 8.798,5484
14215,107251.773, 8.369,5484
14216,107262.602,10.833,5484
14217,107272.945,10.341,5484
14218,107281.664, 8.716,5484
14219,107290.195, 8.532,5484
14220,107300.117, 9.923,5484
14221,107308.750, 8.628,5484
14222,107317.266, 8.527,5484
14223,107326.305, 9.029,5484
14224,107335.078, 8.777,5484
14225,107343.969, 8.885,5484
14226,107353.305, 9.340,5484
14227,107361.797, 8.493,5484
14228,107370.648, 8.846,5484
14229,107379.430, 8.783,5484
14230,107388.469, 9.039,5484
14231,107397.742, 9.276,5484
14232,107407.398, 9.655,5484
14233,107415.719, 8.319,5484
14234,107424.516, 8.798,5484
14235,107433.914, 9.401,5484
14236,107442.336, 8.417,5484
14237,107450.516, 8.188,5484
14238,107459.523, 9.007,5484
14239,107468.367, 8.837,5484
14240,107476.891, 8.530,5484
14241,107485.047, 8.156,5484
14242,107493.828, 8.776,5484
14243,107502.211, 8.388,5484
14244,107511.102, 8.885,5484
14245,107519.727, 8.626,5484
14246,107528.109, 8.383,5484
14247,107536.609, 8.510,5484
14248,107544.938, 8.321,5484
14249,107553.398, 8.458,5484
14250,107561.703, 8.306,5484
14251,107569.969, 8.263,5484
14252,107579.734, 9.764,5484
14253,107588.680, 8.947,5484
14254,107597.359, 8.683,5484
14255,107606.141, 8.780,5484
14256,107615.797, 9.655,5484
14257,107624.602, 8.813,5484
14258,107634.023, 9.413,5484
14259,107644.375,10.350,5484
14260,107655.273,10.904,5484
14261,107666.852,11.578,5484
14262,107677.266,10.414,5484
14263,107686.602, 9.337,5484
14264,107695.883, 9.280,5484
14265,107705.133, 9.253,5484
14266,107714.688, 9.550,5484
14267,107724.313, 9.627,5484
14268,107733.867, 9.559,5484
14269,107743.023, 9.146,5484
14270,107752.258, 9.244,5484
14271,107762.391,10.126,5484
14272,107772.242, 9.859,5484
14273,107781.102, 8.855,5484
14274,107791.031, 9.930,5484
14275,107800.094, 9.064,5484
14276,107808.484, 8.386,5484
14277,107816.914, 8.432,5484
14278,107825.531, 8.619,5484
14279,107835.219, 9.684,5484
14280,107843.719, 8.497,5484
14281,107852.383, 8.664,5484
14282,107861.141, 8.765,5484
14283,107870.414, 9.269,5484
14284,107878.781, 8.372,5484
14285,107887.172, 8.386,5484
14286,107896.047, 8.878,5484
14287,107904.961, 8.912,5484
14288,107913.641, 8.680,5484
14289,107922.695, 9.050,5484
14290,107931.398, 8.706,5484
14291,107940.828, 9.434,5484
14292,107949.398, 8.571,5484
14293,107957.695, 8.293,5484
14294,107966.016, 8.320,5484
14295,107974.539, 8.526,5484
14296,107983.445, 8.908,5484
14297,107992.219, 8.771,5484
14298,108001.648, 9.425,5484
14299,108009.820, 8.180,5484
14300,108018.031, 8.203,5484
14301,108026.430, 8.402,5484
14302,108034.898, 8.475,5484
14303,108043.969, 9.062,5484
14304,108054.094,10.130,5484
14305,108063.539, 9.444,5484
14306,108072.133, 8.590,5484
14307,108081.922, 9.799,5484
14308,108090.852, 8.922,5484
14309,108099.391, 8.538,5484
14310,108108.078, 8.689,5484
14311,108117.219, 9.142,5484
14312,108126.250, 9.031,5484
14313,108134.945, 8.696,5484
14314,108143.195, 8.251,5484
14315,108152.008, 8.804,5484
14316,108163.188,11.184,5484
14317,108172.141, 8.955,5484
14318,108180.836, 8.692,5484
14319,108189.375, 8.539,5484
14320,108198.055, 8.684,5484
14321,108207.156, 9.103,5484
14322,108215.898, 8.742,5484
14323,108224.539, 8.642,5484
14324,108233.750, 9.206,5484
14325,108243.906,10.164,5484
14326,108253.117, 9.207,5484
14327,108263.688,10.563,5484
14328,108273.172, 9.490,5484
14329,108282.641, 9.462,5484
14330,108291.805, 9.170,5484
14331,108301.133, 9.326,5484
14332,108310.453, 9.326,5484
14333,108319.273, 8.818,5484
14334,108329.000, 9.722,5484
14335,108339.195,10.200,5484
14336,108348.328, 9.127,5484
14337,108357.523, 9.198,5484
14338,108366.867, 9.344,5484
14339,108377.891,11.030,5484
14340,108387.273, 9.384,5484
14341,108398.406,11.125,5484
14342,108408.391, 9.987,5484
14343,108418.961,10.567,5484
14344,108429.383,10.424,5484
14345,108438.758, 9.376,5484
14346,108449.203,10.448,5484
14347,108459.836,10.627,5484
14348,108469.133, 9.298,5484
14349,108480.500,11.373,5484
14350,108490.367, 9.863,5484
14351,108499.625, 9.249,5484
14352,108508.609, 9.000,5484
14353,108518.391, 9.774,5484
14354,108527.438, 9.047,5484
14355,108536.352, 8.911,5484
14356,108546.047, 9.693,5484
14357,108554.922, 8.882,5484
14358,108564.242, 9.324,5484
14359,108574.242, 9.999,5484
14360,108583.719, 9.473,5484
14361,108592.188, 8.466,5484
14362,108600.938, 8.755,5484
14363,108610.133, 9.188,5484
14364,108620.055, 9.928,5484
14365,108629.336, 9.280,5484
14366,108639.063, 9.723,5484
14367,108648.977, 9.915,5484
14368,108658.531, 9.561,5484
14369,108668.047, 9.506,5484
14370,108676.797, 8.753,5484
14371,108685.938, 9.150,5484
14372,108694.695, 8.751,5484
14373,108704.242, 9.553,5484
14374,108712.961, 8.710,5484
14375,108721.219, 8.264,5484
14376,108729.750, 8.522,5484
14377,108738.391, 8.648,5484
14378,108747.414, 9.019,5484
14379,108756.445, 9.034,5484
14380,108764.727, 8.275,5484
14381,108773.219, 8.504,5484
14382,108782.898, 9.676,5484
14383,108791.469, 8.566,5484
14384,108800.469, 9.001,5484
14385,108808.938, 8.475,5484
14386,108818.289, 9.340,5484
14387,108827.047, 8.762,5484
14388,108836.563, 9.523,5484
14389,108846.148, 9.577,5484
14390,108857.602,11.458,5484
14391,108867.047, 9.445,5484
14392,108875.672, 8.619,5484
14393,108884.344, 8.673,5484
14394,108893.063, 8.723,5484
14395,108902.516, 9.458,5484
14396,108913.508,10.991,5484
14397,108922.391, 8.881,5484
14398,108931.242, 8.852,5484
14399,108940.273, 9.030,5484
14400,108948.914, 8.644,5484
14401,108957.578, 8.661,5484
14402,108966.172, 8.596,5484
14403,108975.305, 9.127,5484
14404,108985.336,10.031,5484
14405,108994.570, 9.239,5484
14406,109003.570, 9.000,5484
14407,109012.844, 9.272,5484
14408,109022.242, 9.399,5484
14409,109031.469, 9.228,5484
14410,109040.961, 9.482,5484
14411,109049.859, 8.908,5484
14412,109059.063, 9.198,5484
14413,109068.758, 9.701,5484
14414,109078.906,10.145,5484
14415,109088.227, 9.326,5484
14416,109098.313,10.080,5484
14417,109107.508, 9.196,5484
14418,109117.594,10.089,5484
14419,109126.922, 9.329,5484
14420,109137.461,10.538,5484
14421,109146.773, 9.310,5484
14422,109156.766, 9.990,5484
14423,109166.000, 9.230,5484
14424,109176.180,10.189,5484
14425,109185.484, 9.303,5484
14426,109195.766,10.277,5484
14427,109205.531, 9.770,5484
14428,109214.055, 8.521,5484
14429,109223.031, 8.975,5484
14430,109232.391, 9.358,5484
14431,109242.672,10.281,5484
14432,109253.180,10.511,5484
14433,109262.789, 9.613,5484
14434,109271.852, 9.062,5484
14435,109281.133, 9.276,5484
14436,109290.320, 9.189,5484
14437,109299.602, 9.282,5484
14438,109308.797, 9.195,5484
14439,109317.789, 8.996,5484
14440,109326.703, 8.907,5484
14441,109336.188, 9.489,5484
14442,109345.648, 9.460,5484
14443,109354.695, 9.046,5484
14444,109363.555, 8.867,5484
14445,109372.391, 8.827,5484
14446,109381.219, 8.832,5484
14447,109390.141, 8.924,5484
14448,109399.148, 9.002,5484
14449,109408.930, 9.791,5484
14450,109418.672, 9.733,5484
14451,109427.219, 8.550,5484
14452,109436.000, 8.775,5484
14453,109444.523, 8.532,5484
14454,109453.758, 9.229,5484
14455,109462.891, 9.134,5484
14456,109471.211, 8.324,5484
14457,109480.133, 8.920,5484
14458,109489.352, 9.218,5484
14459,109498.102, 8.746,5484
14460,109507.016, 8.913,5484
14461,109516.195, 9.190,5484
14462,109524.852, 8.656,5484
14463,109533.484, 8.629,5484
14464,109542.414, 8.924,5484
14465,109551.219, 8.813,5484
14466,109560.344, 9.117,5484
14467,109569.203, 8.865,5484
14468,109578.031, 8.823,5484
14469,109587.008, 8.975,5484
14470,109595.883, 8.880,5484
14471,109604.711, 8.822,5484
14472,109613.844, 9.141,5484
14473,109623.977,10.126,5484
14474,109633.109, 9.138,5484
14475,109642.523, 9.416,5484
14476,109653.453,10.928,5484
14477,109664.914,11.464,5484
14478,109674.977,10.056,5484
14479,109685.172,10.198,5484
14480,109694.539, 9.371,5484
14481,109703.938, 9.401,5484
14482,109713.563, 9.619,5484
14483,109722.102, 8.538,5484
14484,109731.352, 9.245,5484
14485,109741.742,10.393,5484
14486,109750.719, 8.980,5484
14487,109759.570, 8.857,5484
14488,109769.352, 9.776,5484
14489,109778.406, 9.057,5484
14490,109787.234, 8.827,5484
14491,109796.219, 8.985,5484
14492,109805.453, 9.233,5484
14493,109814.578, 9.125,5484
14494,109823.852, 9.276,5484
14495,109834.195,10.339,5484
14496,109843.969, 9.773,5484
14497,109853.102, 9.137,5484
14498,109862.594, 9.491,5484
14499,109872.164, 9.567,5484
14500,109881.836, 9.673,5484
14501,109891.813, 9.982,5484
14502,109901.406, 9.591,5484
14503,109911.633,10.218,5484
14504,109920.883, 9.258,5484
14505,109930.523, 9.639,5484
14506,109940.727,10.201,5484
14507,109950.172, 9.449,5484
14508,109959.508, 9.335,5484
14509,109968.852, 9.345,5484
14510,109978.555, 9.705,5484
14511,109988.586,10.031,5484
14512,109997.164, 8.575,5484
14513,110006.195, 9.036,5484
14514,110015.031, 8.828,5484
14515,110023.750, 8.717,5484
14516,110032.734, 8.986,5484
14517,110041.352, 8.615,5484
14518,110051.602,10.256,5484
14519,110061.688,10.079,5484
14520,110071.438, 9.754,5484
14521,110080.852, 9.414,5484
14522,110089.961, 9.104,5484
14523,110099.391, 9.438,5484
14524,110108.453, 9.064,5484
14525,110118.430, 9.972,5484
14526,110127.500, 9.072,5484
14527,110136.398, 8.901,5484
14528,110145.352, 8.952,5484
14529,110153.984, 8.626,5484
14530,110163.102, 9.125,5484
14531,110172.320, 9.217,5484
14532,110181.461, 9.139,5484
14533,110190.594, 9.140,5484
14534,110201.289,10.684,5484
14535,110210.266, 8.987,5484
14536,110219.547, 9.280,5484
14537,110228.797, 9.250,5484
14538,110237.875, 9.073,5484
14539,110247.047, 9.171,5484
14540,110256.000, 8.952,5484
14541,110264.953, 8.955,5484
14542,110275.023,10.069,5484
14543,110283.594, 8.576,5484
14544,110292.320, 8.719,5484
14545,110301.766, 9.446,5484
14546,110311.367, 9.608,5484
14547,110321.047, 9.680,5484
14548,110330.250, 9.207,5484
14549,110339.492, 9.236,5484
14550,110348.508, 9.018,5484
14551,110357.398, 8.885,5484
14552,110366.414, 9.018,5484
14553,110376.258, 9.849,5484
14554,110385.422, 9.162,5484
14555,110394.648, 9.221,5484
14556,110403.859, 9.213,5484
14557,110414.367,10.508,5484
14558,110424.641,10.273,5484
14559,110435.188,10.550,5484
14560,110445.359,10.168,5484
14561,110458.359,12.997,5484
14562,110468.844,10.491,5484
14563,110478.930,10.087,5484
14564,110488.789, 9.858,5484
14565,110498.883,10.095,5484
14566,110511.102,12.214,5484
14567,110521.875,10.777,5484
14568,110532.469,10.592,5484
14569,110542.305, 9.831,5484
14570,110552.391,10.094,5484
14571,110562.031, 9.639,5484
14572,110572.063,10.028,5484
14573,110583.430,11.369,5484
14574,110593.828,10.404,5484
14575,110603.922,10.094,5484
14576,110614.258,10.331,5484
14577,110625.055,10.795,5484
14578,110635.391,10.335,5484
14579,110644.172, 8.786,5484
14580,110653.109, 8.931,5484
14581,110661.984, 8.875,5484
14582,110670.922, 8.947,5484
14583,110679.797, 8.866,5484
14584,110689.125, 9.331,5484
14585,110698.172, 9.049,5484
14586,110706.867, 8.695,5484
14587,110715.445, 8.573,5484
14588,110725.070, 9.627,5484
14589,110734.672, 9.602,5484
14590,110743.469, 8.797,5484
14591,110751.891, 8.422,5484
14592,110761.313, 9.423,5484
14593,110770.297, 8.980,5484
14594,110779.703, 9.406,5484
14595,110788.391, 8.691,5484
14596,110797.898, 9.512,5484
14597,110806.570, 8.672,5484
14598,110815.258, 8.688,5484
14599,110824.578, 9.316,5484
14600,110834.070, 9.495,5484
14601,110844.227,10.161,5484
14602,110855.125,10.889,5484
14603,110864.805, 9.680,5484
14604,110874.039, 9.237,5484
14605,110882.891, 8.851,5484
14606,110892.602, 9.712,5484
14607,110902.609,10.015,5484
14608,110911.609, 8.995,5484
14609,110920.586, 8.975,5484
14610,110929.844, 9.260,5484
14611,110939.813, 9.969,5484
14612,110949.445, 9.627,5484
14613,110958.898, 9.456,5484
14614,110968.305, 9.401,5484
14615,110978.047, 9.742,5484
14616,110987.914, 9.874,5484
14617,110997.117, 9.199,5484
14618,111006.055, 8.939,5484
14619,111014.820, 8.763,5484
14620,111023.703, 8.882,5484
14621,111033.219, 9.519,5484
14622,111043.414,10.194,5484
14623,111053.609,10.198,5484
14624,111063.891,10.280,5484
14625,111073.406, 9.515,5484
14626,111082.563, 9.160,5484
14627,111092.656,10.089,5484
14628,111103.313,10.652,5484
14629,111112.836, 9.535,5484
14630,111123.063,10.216,5484
14631,111132.742, 9.684,5484
14632,111142.453, 9.713,5484
14633,111152.641,10.181,5484
14634,111163.469,10.834,5484
14635,111173.039, 9.570,5484
14636,111183.766,10.730,5484
14637,111194.578,10.815,5484
14638,111205.539,10.954,5484
14639,111215.875,10.343,5484
14640,111225.711, 9.828,5484
14641,111236.305,10.591,5484
14642,111247.383,11.078,5484
14643,111259.398,12.020,5484
14644,111270.805,11.410,5484
14645,111280.063, 9.251,5484
14646,111289.922, 9.867,5484
14647,111299.180, 9.258,5484
14648,111309.938,10.753,5484
14649,111319.227, 9.293,5484
14650,111328.320, 9.087,5484
14651,111338.047, 9.728,5484
14652,111347.461, 9.416,5484
14653,111356.656, 9.190,5484
14654,111366.563, 9.918,5484
14655,111377.297,10.727,5484
14656,111386.805, 9.512,5484
14657,111396.406, 9.593,5484
14658,111405.828, 9.425,5484
14659,111415.352, 9.525,5484
14660,111424.992, 9.641,5484
14661,111434.219, 9.226,5484
14662,111443.445, 9.226,5484
14663,111452.414, 8.971,5484
14664,111461.922, 9.512,5484
14665,111471.719, 9.789,5484
14666,111481.367, 9.649,5484
14667,111490.539, 9.173,5484
14668,111499.797, 9.256,5484
14669,111509.047, 9.255,5484
14670,111518.227, 9.179,5484
14671,111527.758, 9.532,5484
14672,111536.711, 8.945,5484
14673,111545.680, 8.974,5484
14674,111554.797, 9.115,5484
14675,111563.461, 8.670,5484
14676,111573.078, 9.610,5484
14677,111583.305,10.229,5484
14678,111593.273, 9.976,5484
14679,111603.141, 9.865,5484
14680,111613.367,10.221,5484
14681,111623.148, 9.781,5484
14682,111632.484, 9.343,5484
14683,111643.367,10.874,5484
14684,111655.086,11.721,5484
14685,111664.898, 9.818,5484
14686,111674.352, 9.450,5484
14687,111683.805, 9.450,5484
14688,111694.289,10.486,5484
14689,111705.320,11.033,5484
14690,111715.414,10.093,5484
14691,111724.375, 8.960,5484
14692,111734.680,10.303,5484
14693,111744.555, 9.880,5484
14694,111755.445,10.890,5484
14695,111764.547, 9.106,5484
14696,111774.633,10.073,5484
14697,111783.688, 9.059,5484
14698,111793.320, 9.636,5484
14699,111803.938,10.619,5484
14700,111813.891, 9.952,5484
14701,111824.633,10.738,5484
14702,111835.047,10.416,5484
14703,111844.789, 9.742,5484
14704,111855.016,10.224,5484
14705,111865.523,10.510,5484
14706,111875.367, 9.847,5484
14707,111885.484,10.118,5484
14708,111896.219,10.733,5484
14709,111906.297,10.077,5484
14710,111917.422,11.121,5484
14711,111927.805,10.384,5484
14712,111937.594, 9.794,5484
14713,111948.273,10.679,5484
14714,111958.023, 9.742,5484
14715,111968.711,10.693,5484
14716,111979.180,10.468,5484
14717,111989.344,10.163,5484
14718,112000.078,10.733,5484
14719,112011.227,11.154,5484
14720,112021.141, 9.917,5484
14721,112030.813, 9.666,5484
14722,112041.336,10.519,5484
14723,112052.289,10.955,5484
14724,112062.359,10.076,5484
14725,112072.305, 9.939,5484
14726,112082.617,10.315,5484
14727,112093.031,10.410,5484
14728,112102.586, 9.563,5484
14729,112112.430, 9.841,5484
14730,112122.773,10.347,5484
14731,112132.469, 9.692,5484
14732,112141.695, 9.222,5484
14733,112152.859,11.171,5484
14734,112162.359, 9.499,5484
14735,112171.852, 9.495,5484
14736,112182.313,10.455,5484
14737,112191.742, 9.431,5484
14738,112201.688, 9.940,5484
14739,112211.984,10.299,5484
14740,112221.352, 9.373,5484
14741,112231.242, 9.893,5484
14742,112240.695, 9.446,5484
14743,112251.406,10.716,5484
14744,112261.023, 9.611,5484
14745,112270.750, 9.731,5484
14746,112280.188, 9.438,5484
14747,112290.688,10.495,5484
14748,112300.617, 9.926,5484
14749,112310.258, 9.656,5484
14750,112319.570, 9.306,5484
14751,112328.914, 9.350,5484
14752,112339.234,10.312,5484
14753,112349.156, 9.924,5484
14754,112358.883, 9.732,5484
14755,112369.297,10.407,5484
14756,112378.641, 9.338,5484
14757,112388.211, 9.578,5484
14758,112398.172, 9.959,5484
14759,112407.492, 9.323,5484
14760,112417.188, 9.692,5484
14761,112427.672,10.485,5484
14762,112439.617,11.942,5484
14763,112452.313,12.695,5484
14764,112463.305,10.997,5484
14765,112473.969,10.659,5484
14766,112484.000,10.030,5484
14767,112494.109,10.112,5484
14768,112504.367,10.262,5484
14769,112514.484,10.115,5484
14770,112524.516,10.038,5484
14771,112534.227, 9.704,5484
14772,112544.773,10.545,5484
14773,112554.820,10.054,5484
14774,112564.930,10.113,5484
14775,112574.641, 9.700,5484
14776,112584.930,10.297,5484
14777,112595.727,10.791,5484
14778,112605.594, 9.875,5484
14779,112615.773,10.173,5484
14780,112626.625,10.846,5484
14781,112636.922,10.304,5484
14782,112647.219,10.302,5484
14783,112658.750,11.527,5484
14784,112669.742,10.992,5484
14785,112680.516,10.774,5484
14786,112690.883,10.371,5484
14787,112701.508,10.624,5484
14788,112711.820,10.310,5484
14789,112722.195,10.373,5484
14790,112732.563,10.370,5484
14791,112743.813,11.247,5484
14792,112754.258,10.449,5484
14793,112765.844,11.583,5484
14794,112776.641,10.789,5484
14795,112787.242,10.612,5484
14796,112796.938, 9.696,5484
14797,112806.688, 9.745,5484
14798,112816.773,10.090,5484
14799,112827.359,10.578,5484
14800,112837.664,10.303,5484
14801,112849.453,11.798,5484
14802,112860.172,10.718,5484
14803,112870.508,10.333,5484
14804,112880.250, 9.746,5484
14805,112890.039, 9.784,5484
14806,112900.906,10.871,5484
14807,112911.336,10.429,5484
14808,112921.070, 9.730,5484
14809,112931.000, 9.930,5484
14810,112941.141,10.142,5484
14811,112951.820,10.681,5484
14812,112962.305,10.482,5484
14813,112973.445,11.144,5484
14814,112984.031,10.580,5484
14815,112995.656,11.625,5484
14816,113005.516, 9.869,5484
14817,113015.359, 9.839,5484
14818,113024.953, 9.590,5484
14819,113034.930, 9.982,5484
14820,113044.844, 9.911,5484
14821,113054.461, 9.619,5484
14822,113064.102, 9.639,5484
14823,113073.953, 9.847,5484
14824,113084.375,10.425,5484
14825,113094.477,10.103,5484
14826,113104.516,10.043,5484
14827,113114.039, 9.518,5484
14828,113124.227,10.189,5484
14829,113134.352,10.123,5484
14830,113144.352, 9.998,5484
14831,113153.844, 9.503,5484
14832,113164.867,11.020,5484
14833,113174.789, 9.921,5484
14834,113185.734,10.944,5484
14835,113197.320,11.580,5484
14836,113208.016,10.696,5484
14837,113218.297,10.287,5484
14838,113228.547,10.253,5484
14839,113239.469,10.916,5484
14840,113251.688,12.223,5484
14841,113262.875,11.188,5484
14842,113273.016,10.137,5484
14843,113283.617,10.596,5484
14844,113294.297,10.686,5484
14845,113304.508,10.211,5484
14846,113314.922,10.420,5484
14847,113324.898, 9.973,5484
14848,113335.648,10.748,5484
14849,113346.234,10.586,5484
14850,113356.570,10.336,5484
14851,113367.063,10.488,5484
14852,113378.648,11.589,5484
14853,113388.711,10.060,5484
14854,113400.164,11.459,5484
14855,113411.922,11.761,5484
14856,113422.570,10.647,5484
14857,113433.117,10.541,5484
14858,113445.648,12.529,5484
14859,113456.414,10.769,5484
14860,113467.906,11.492,5484
14861,113479.352,11.441,5484
14862,113489.859,10.519,5484
14863,113500.383,10.516,5484
14864,113512.078,11.695,5484
14865,113522.492,10.414,5484
14866,113534.438,11.945,5484
14867,113544.820,10.388,5484
14868,113555.719,10.894,5484
14869,113565.766,10.048,5484
14870,113576.508,10.744,5484
14871,113586.656,10.141,5484
14872,113597.141,10.490,5484
14873,113608.023,10.878,5484
14874,113619.086,11.065,5484
14875,113629.094,10.011,5484
14876,113640.180,11.091,5484
14877,113652.234,12.055,5484
14878,113663.102,10.862,5484
14879,113673.211,10.112,5484
14880,113683.539,10.327,5484
14881,113693.898,10.362,5484
14882,113703.984,10.081,5484
14883,113714.297,10.307,5484
14884,113727.211,12.924,5484
14885,113737.508,10.293,5484
14886,113747.805,10.295,5484
14887,113757.828,10.028,5484
14888,113767.656, 9.818,5484
14889,113777.727,10.076,5484
14890,113788.391,10.666,5484
14891,113798.484,10.090,5484
14892,113808.461, 9.983,5484
14893,113818.750,10.285,5484
14894,113828.992,10.239,5484
14895,113839.875,10.889,5484
14896,113850.688,10.808,5484
14897,113861.055,10.369,5484
14898,113870.930, 9.879,5484
14899,113881.094,10.161,5484
14900,113891.563,10.474,5484
14901,113902.125,10.554,5484
14902,113913.070,10.950,5484
14903,113923.234,10.164,5484
14904,113933.797,10.564,5484
14905,113944.539,10.741,5484
14906,113954.484, 9.941,5484
14907,113964.867,10.389,5484
14908,113975.797,10.923,5484
14909,113986.688,10.889,5484
14910,113997.406,10.723,5484
14911,114007.656,10.244,5484
14912,114018.250,10.604,5484
14913,114028.539,10.286,5484
14914,114040.023,11.478,5484
14915,114053.641,13.616,5484
14916,114065.320,11.682,5484
14917,114076.578,11.268,5484
14918,114087.641,11.050,5484
14919,114098.320,10.686,5484
14920,114109.047,10.725,5484
14921,114119.695,10.646,5484
14922,114130.445,10.754,5484
14923,114141.000,10.553,5484
14924,114152.789,11.791,5484
14925,114164.313,11.518,5484
14926,114175.594,11.291,5484
14927,114187.344,11.746,5484
14928,114199.773,12.432,5484
14929,114210.516,10.743,5484
14930,114220.648,10.126,5484
14931,114230.766,10.122,5484
14932,114241.563,10.798,5484
14933,114252.047,10.482,5484
14934,114263.867,11.820,5484
14935,114274.344,10.476,5484
14936,114284.930,10.594,5484
14937,114295.445,10.505,5484
14938,114305.367, 9.923,5484
14939,114315.750,10.382,5484
14940,114325.594, 9.850,5484
14941,114335.656,10.056,5484
14942,114346.234,10.586,5484
14943,114356.375,10.131,5484
14944,114367.023,10.649,5484
14945,114378.383,11.365,5484
14946,114390.789,12.404,5484
14947,114401.836,11.048,5484
14948,114412.883,11.052,5484
14949,114423.422,10.532,5484
14950,114433.461,10.043,5484
14951,114445.445,11.982,5484
14952,114458.414,12.966,5484
14953,114469.563,11.155,5484
14954,114480.070,10.499,5484
14955,114491.141,11.078,5484
14956,114501.414,10.272,5484
14957,114513.234,11.823,5484
14958,114523.797,10.555,5484
14959,114534.117,10.324,5484
14960,114544.227,10.113,5484
14961,114554.703,10.473,5484
14962,114565.125,10.422,5484
14963,114575.828,10.708,5484
14964,114586.563,10.734,5484
14965,114596.672,10.105,5484
14966,114606.992,10.316,5484
14967,114617.781,10.797,5484
14968,114628.711,10.921,5484
14969,114639.703,10.992,5484
14970,114650.586,10.894,5484
14971,114661.711,11.118,5484
14972,114672.164,10.454,5484
14973,114685.344,13.177,5484
14974,114696.352,11.005,5484
14975,114707.922,11.575,5484
14976,114719.391,11.468,5484
14977,114731.305,11.911,5484
14978,114742.727,11.426,5484
14979,114754.109,11.381,5484
14980,114765.313,11.202,5484
14981,114777.641,12.324,5484
14982,114790.258,12.624,5484
14983,114801.813,11.554,5484
14984,114814.070,12.256,5484
14985,114825.375,11.308,5484
14986,114836.430,11.052,5484
14987,114850.766,14.341,5484
14988,114864.008,13.240,5484
14989,114874.711,10.704,5484
14990,114885.836,11.123,5484
14991,114896.836,11.005,5484
14992,114909.016,12.172,5484
14993,114919.859,10.852,5484
14994,114930.727,10.857,5484
14995,114943.305,12.581,5484
14996,114954.344,11.037,5484
14997,114964.711,10.374,5484
14998,114976.438,11.721,5484
14999,114987.570,11.135,5484
15000,114998.430,10.861,5484
15001,115009.836,11.409,5484
15002,115020.477,10.638,5484
15003,115031.359,10.880,5484
15004,115042.164,10.808,5484
15005,115052.789,10.623,5484
15006,115063.258,10.476,5484
15007,115074.320,11.056,5484
15008,115085.453,11.134,5484
15009,115096.258,10.806,5484
15010,115107.773,11.513,5484
15011,115119.133,11.357,5484
15012,115130.805,11.671,5484
15013,115142.484,11.687,5484
15014,115152.945,10.452,5484
15015,115163.805,10.863,5484
15016,115175.922,12.125,5484
15017,115186.570,10.645,5484
15018,115198.172,11.597,5484
15019,115209.492,11.324,5484
15020,115220.773,11.278,5484
15021,115232.555,11.787,5484
15022,115244.813,12.252,5484
15023,115256.953,12.136,5484
15024,115268.250,11.309,5484
15025,115278.703,10.444,5484
15026,115289.445,10.749,5484
15027,115300.523,11.074,5484
15028,115311.203,10.680,5484
15029,115322.539,11.341,5484
15030,115334.664,12.114,5484
15031,115345.883,11.225,5484
15032,115356.852,10.971,5484
15033,115367.523,10.669,5484
15034,115378.570,11.049,5484
15035,115389.109,10.541,5484
15036,115399.688,10.569,5484
15037,115410.242,10.563,5484
15038,115421.055,10.805,5484
15039,115432.227,11.181,5484
15040,115443.523,11.296,5484
15041,115454.367,10.835,5484
15042,115465.695,11.330,5484
15043,115476.695,10.998,5484
15044,115487.891,11.200,5484
15045,115499.852,11.966,5484
15046,115510.766,10.909,5484
15047,115522.789,12.026,5484
15048,115534.391,11.600,5484
15049,115546.883,12.494,5484
15050,115558.211,11.330,5484
15051,115570.125,11.908,5484
15052,115581.078,10.957,5484
15053,115592.195,11.113,5484
15054,115604.289,12.090,5484
15055,115616.563,12.285,5484
15056,115627.891,11.328,5484
15057,115638.320,10.424,5484
15058,115650.250,11.933,5484
15059,115662.570,12.320,5484
15060,115673.313,10.733,5484
15061,115683.992,10.681,5484
15062,115694.164,10.174,5484
15063,115705.000,10.832,5484
15064,115715.523,10.532,5484
15065,115725.945,10.416,5484
15066,115737.930,11.989,5484
15067,115751.500,13.570,5484
15068,115763.469,11.968,5484
15069,115774.344,10.871,5484
15070,115784.898,10.566,5484
15071,115795.844,10.942,5484
15072,115806.469,10.623,5484
15073,115817.313,10.842,5484
15074,115827.336,10.018,5484
15075,115837.641,10.307,5484
15076,115849.922,12.292,5484
15077,115861.406,11.477,5484
15078,115872.664,11.254,5484
15079,115884.352,11.686,5484
15080,115894.656,10.306,5484
15081,115905.648,10.990,5484
15082,115916.641,10.993,5484
15083,115928.117,11.482,5484
15084,115938.844,10.728,5484
15085,115949.086,10.237,5484
15086,115959.266,10.185,5484
15087,115970.578,11.311,5484
15088,115982.023,11.443,5484
15089,115992.695,10.676,5484
15090,116003.445,10.748,5484
15091,116013.961,10.513,5484
15092,116024.297,10.339,5484
15093,116034.930,10.633,5484
15094,116046.719,11.789,5484
15095,116058.813,12.097,5484
15096,116070.461,11.645,5484
15097,116081.992,11.526,5484
15098,116093.172,11.183,5484
15099,116103.875,10.711,5484
15100,116114.516,10.638,5484
15101,116125.977,11.450,5484
15102,116136.750,10.781,5484
15103,116147.703,10.955,5484
15104,116158.586,10.884,5484
15105,116169.703,11.114,5484
15106,116180.898,11.195,5484
15107,116193.688,12.784,5484
15108,116205.727,12.046,5484
15109,116217.672,11.939,5484
15110,116229.070,11.399,5484
15111,116240.438,11.373,5484
15112,116252.266,11.831,5484
15113,116263.750,11.476,5484
15114,116275.805,12.062,5484
15115,116287.953,12.143,5484
15116,116299.703,11.750,5484
15117,116311.250,11.550,5484
15118,116322.266,11.016,5484
15119,116333.398,11.132,5484
15120,116344.031,10.633,5484
15121,116356.898,12.871,5484
15122,116368.031,11.126,5484
15123,116379.766,11.740,5484
15124,116391.930,12.166,5484
15125,116403.086,11.153,5484
15126,116414.352,11.262,5484
15127,116425.406,11.055,5484
15128,116436.375,10.968,5484
15129,116447.258,10.889,5484
15130,116459.961,12.691,5484
15131,116471.453,11.498,5484
15132,116483.234,11.788,5484
15133,116495.625,12.382,5484
15134,116508.063,12.442,5484
15135,116520.117,12.054,5484
15136,116532.125,12.007,5484
15137,116542.820,10.699,5484
15138,116553.289,10.463,5484
15139,116564.727,11.436,5484
15140,116575.164,10.446,5484
15141,116586.930,11.766,5484
15142,116598.195,11.261,5484
15143,116610.180,11.984,5484
15144,116620.961,10.781,5484
15145,116632.211,11.255,5484
15146,116643.352,11.134,5484
15147,116653.914,10.568,5484
15148,116665.461,11.548,5484
15149,116676.375,10.912,5484
15150,116687.906,11.533,5484
15151,116698.789,10.877,5484
15152,116709.844,11.060,5484
15153,116720.641,10.789,5484
15154,116731.750,11.109,5484
15155,116742.914,11.168,5484
15156,116753.930,11.023,5484
15157,116764.617,10.675,5484
15158,116774.945,10.331,5484
15159,116786.281,11.337,5484
15160,116797.531,11.257,5484
15161,116808.852,11.318,5484
15162,116820.133,11.281,5484
15163,116831.477,11.339,5484
15164,116842.586,11.112,5484
15165,116855.039,12.448,5484
15166,116868.039,13.002,5484
15167,116880.211,12.174,5484
15168,116891.234,11.030,5484
15169,116902.609,11.367,5484
15170,116913.383,10.776,5484
15171,116925.328,11.943,5484
15172,116936.680,11.351,5484
15173,116948.414,11.739,5484
15174,116959.703,11.283,5484
15175,116971.391,11.691,5484
15176,116982.672,11.277,5484
15177,116993.445,10.777,5484
15178,117004.914,11.476,5484
15179,117016.813,11.891,5484
15180,117028.484,11.675,5484
15181,117039.930,11.448,5484
15182,117051.773,11.836,5484
15183,117063.313,11.538,5484
15184,117074.852,11.548,5484
15185,117086.367,11.509,5484
15186,117098.727,12.357,5484
15187,117109.891,11.168,5484
15188,117121.453,11.562,5484
15189,117133.094,11.641,5484
15190,117145.047,11.949,5484
15191,117156.813,11.771,5484
15192,117168.516,11.701,5484
15193,117180.008,11.495,5484
15194,117190.727,10.714,5484
15195,117201.789,11.068,5484
15196,117212.625,10.830,5484
15197,117223.227,10.611,5484
15198,117233.750,10.520,5484
15199,117244.922,11.173,5484
15200,117258.070,13.145,5484
15201,117271.828,13.755,5484
15202,117283.609,11.782,5484
15203,117295.250,11.647,5484
15204,117306.406,11.150,5484
15205,117317.617,11.210,5484
15206,117328.695,11.075,5484
15207,117339.883,11.199,5484
15208,117351.977,12.083,5484
15209,117363.156,11.189,5484
15210,117374.133,10.969,5484
15211,117385.070,10.939,5484
15212,117396.250,11.188,5484
15213,117407.461,11.202,5484
15214,117418.391,10.932,5484
15215,117430.109,11.719,5484
15216,117441.250,11.147,5484
15217,117452.406,11.145,5484
15218,117464.172,11.775,5484
15219,117475.281,11.100,5484
15220,117485.547,10.271,5484
15221,117496.078,10.529,5484
15222,117507.328,11.246,5484
15223,117518.336,11.009,5484
15224,117530.281,11.948,5484
15225,117541.617,11.334,5484
15226,117552.391,10.777,5484
15227,117564.125,11.738,5484
15228,117575.508,11.380,5484
15229,117586.305,10.791,5484
15230,117597.695,11.391,5484
15231,117609.148,11.458,5484
15232,117620.547,11.405,5484
15233,117632.648,12.089,5484
15234,117644.250,11.614,5484
15235,117656.453,12.200,5484
15236,117669.875,13.422,5484
15237,117682.203,12.326,5484
15238,117694.516,12.315,5484
15239,117706.219,11.702,5484
15240,117719.500,13.279,5484
15241,117731.383,11.881,5484
15242,117743.258,11.882,5484
15243,117755.430,12.169,5484
15244,117768.352,12.916,5484
15245,117781.891,13.543,5484
15246,117794.078,12.183,5484
15247,117806.680,12.606,5484
15248,117818.578,11.901,5484
15249,117829.719,11.135,5484
15250,117840.609,10.892,5484
15251,117850.875,10.267,5484
15252,117862.281,11.399,5484
15253,117873.758,11.480,5484
15254,117885.156,11.399,5484
15255,117896.695,11.536,5484
15256,117907.664,10.970,5484
15257,117918.664,11.001,5484
15258,117929.430,10.771,5484
15259,117940.484,11.056,5484
15260,117950.984,10.496,5484
15261,117961.680,10.691,5484
15262,117973.063,11.390,5484
15263,117986.117,13.054,5484
15264,117998.852,12.734,5484
15265,118010.195,11.345,5484
15266,118021.219,11.022,5484
15267,118032.813,11.594,5484
15268,118043.883,11.071,5484
15269,118056.758,12.874,5484
15270,118069.336,12.579,5484
15271,118080.773,11.433,5484
15272,118092.297,11.523,5484
15273,118104.641,12.346,5484
15274,118116.406,11.767,5484
15275,118128.297,11.889,5484
15276,118139.367,11.066,5484
15277,118150.711,11.351,5484
15278,118165.703,14.985,5484
15279,118178.555,12.857,5484
15280,118190.648,12.090,5484
15281,118203.336,12.693,5484
15282,118215.734,12.399,5484
15283,118228.180,12.444,5484
15284,118242.617,14.437,5484
15285,118255.719,13.102,5484
15286,118268.570,12.855,5484
15287,118281.398,12.820,5484
15288,118294.250,12.862,5484
15289,118306.898,12.649,5484
15290,118321.164,14.263,5484
15291,118335.438,14.266,5484
15292,118350.297,14.857,5484
15293,118363.492,13.199,5484
15294,118376.172,12.686,5484
15295,118390.102,13.921,5484
15296,118402.461,12.367,5484
15297,118416.219,13.760,5484
15298,118430.531,14.305,5484
15299,118444.211,13.681,5484
15300,118457.922,13.711,5484
15301,118472.820,14.902,5484
15302,118484.906,12.084,5484
15303,118497.109,12.198,5484
15304,118509.023,11.919,5484
15305,118521.680,12.654,5484
15306,118534.820,13.143,5484
15307,118545.898,11.079,5484
15308,118557.977,12.077,5484
15309,118570.141,12.166,5484
15310,118581.484,11.340,5484
15311,118593.516,12.033,5484
15312,118605.563,12.052,5484
15313,118617.172,11.605,5484
15314,118628.742,11.570,5484
15315,118642.367,13.620,5484
15316,118656.586,14.224,5484
15317,118668.992,12.403,5484
15318,118681.781,12.793,5484
15319,118693.398,11.611,5484
15320,118704.922,11.532,5484
15321,118715.992,11.060,5484
15322,118727.313,11.321,5484
15323,118739.406,12.099,5484
15324,118751.148,11.741,5484
15325,118762.148,11.002,5484
15326,118773.531,11.386,5484
15327,118784.914,11.381,5484
15328,118797.734,12.814,5484
15329,118809.508,11.783,5484
15330,118821.141,11.626,5484
15331,118832.648,11.508,5484
15332,118844.617,11.963,5484
15333,118858.313,13.698,5484
15334,118872.070,13.758,5484
15335,118884.297,12.223,5484
15336,118897.617,13.323,5484
15337,118909.641,12.026,5484
15338,118921.719,12.081,5484
15339,118934.063,12.339,5484
15340,118945.477,11.416,5484
15341,118957.555,12.085,5484
15342,118970.273,12.712,5484
15343,118982.102,11.833,5484
15344,118993.461,11.353,5484
15345,119005.547,12.093,5484
15346,119017.453,11.906,5484
15347,119029.555,12.100,5484
15348,119042.563,13.013,5484
15349,119054.922,12.355,5484
15350,119067.805,12.878,5484
15351,119080.836,13.036,5484
15352,119093.719,12.880,5484
15353,119106.273,12.554,5484
15354,119118.633,12.355,5484
15355,119131.445,12.817,5484
15356,119145.242,13.802,5484
15357,119158.516,13.274,5484
15358,119172.313,13.789,5484
15359,119185.688,13.375,5484
15360,119198.953,13.264,5484
15361,119212.484,13.533,5484
15362,119224.656,12.170,5484
15363,119238.938,14.282,5484
15364,119252.586,13.657,5484
15365,119268.016,15.426,5484
15366,119283.836,15.818,5484
15367,119296.344,12.511,5484
15368,119310.273,13.923,5484
15369,119322.906,12.643,5484
15370,119335.555,12.650,5484
15371,119348.359,12.800,5484
15372,119361.352,12.985,5484
15373,119374.164,12.819,5484
15374,119387.547,13.381,5484
15375,119400.031,12.483,5484
15376,119413.172,13.146,5484
15377,119425.602,12.425,5484
15378,119438.078,12.479,5484
15379,119452.234,14.157,5484
15380,119464.906,12.674,5484
15381,119477.023,12.110,5484
15382,119490.117,13.097,5484
15383,119502.359,12.242,5484
15384,119515.195,12.841,5484
15385,119528.023,12.817,5484
15386,119541.070,13.049,5484
15387,119553.695,12.627,5484
15388,119567.609,13.913,5484
15389,119581.094,13.485,5484
15390,119595.852,14.761,5484
15391,119608.609,12.750,5484
15392,119620.664,12.060,5484
15393,119633.078,12.417,5484
15394,119646.742,13.660,5484
15395,119660.625,13.880,5484
15396,119676.250,15.636,5484
15397,119690.250,13.999,5484
15398,119707.250,17.003,5484
15399,119721.891,14.634,5484
15400,119733.914,12.023,5484
15401,119747.336,13.423,5484
15402,119764.680,17.339,5484
15403,119779.461,14.783,5484
15404,119794.031,14.572,5484
15405,119807.523,13.496,5484
15406,119819.609,12.080,5484
15407,119831.781,12.177,5484
15408,119844.320,12.532,5484
15409,119856.195,11.878,5484
15410,119873.445,17.248,5484
15411,119893.977,20.532,5484
15412,119909.602,15.620,5484
15413,119926.648,17.053,5484
15414,119943.203,16.556,5484
15415,119956.258,13.059,5484
15416,119969.125,12.867,5484
15417,119982.617,13.482,5484
15418,119994.867,12.260,5484
15419,120007.320,12.445,5484
15420,120021.211,13.896,5484
15421,120034.984,13.767,5484
15422,120047.828,12.850,5484
15423,120060.969,13.134,5484
15424,120073.320,12.356,5484
15425,120087.313,13.992,5484
15426,120099.961,12.646,5484
15427,120112.602,12.644,5484
15428,120124.695,12.092,5484
15429,120138.258,13.564,5484
15430,120149.695,11.439,5484
15431,120161.641,11.937,5484
15432,120173.680,12.041,5484
15433,120186.063,12.384,5484
15434,120197.875,11.821,5484
15435,120210.422,12.546,5484
15436,120222.734,12.307,5484
15437,120234.719,11.983,5484
15438,120247.211,12.499,5484
15439,120259.945,12.731,5484
15440,120272.867,12.928,5484
15441,120285.422,12.551,5484
15442,120297.148,11.725,5484
15443,120308.867,11.718,5484
15444,120320.711,11.838,5484
15445,120332.000,11.294,5484
15446,120343.617,11.611,5484
15447,120356.547,12.937,5484
15448,120368.711,12.166,5484
15449,120380.813,12.099,5484
15450,120392.813,12.002,5484
15451,120405.727,12.910,5484
15452,120417.398,11.675,5484
15453,120428.719,11.319,5484
15454,120441.430,12.710,5484
15455,120454.141,12.712,5484
15456,120466.289,12.146,5484
15457,120479.164,12.876,5484
15458,120493.289,14.124,5484
15459,120505.383,12.092,5484
15460,120518.039,12.656,5484
15461,120529.492,11.455,5484
15462,120540.750,11.263,5484
15463,120552.820,12.065,5484
15464,120566.961,14.140,5484
15465,120579.086,12.130,5484
15466,120591.172,12.088,5484
15467,120602.906,11.734,5484
15468,120615.250,12.346,5484
15469,120627.203,11.948,5484
15470,120639.570,12.372,5484
15471,120652.313,12.737,5484
15472,120665.719,13.404,5484
15473,120678.141,12.426,5484
15474,120690.711,12.568,5484
15475,120703.250,12.539,5484
15476,120715.508,12.264,5484
15477,120728.789,13.278,5484
15478,120741.539,12.753,5484
15479,120754.164,12.620,5484
15480,120766.164,12.005,5484
15481,120780.000,13.827,5484
15482,120792.430,12.432,5484
15483,120804.977,12.545,5484
15484,120817.813,12.844,5484
15485,120830.695,12.876,5484
15486,120843.273,12.579,5484
15487,120855.711,12.440,5484
15488,120868.133,12.421,5484
15489,120879.813,11.676,5484
15490,120894.445,14.637,5484
15491,120907.305,12.857,5484
15492,120919.094,11.792,5484
15493,120930.633,11.530,5484
15494,120943.289,12.663,5484
15495,120955.711,12.421,5484
15496,120968.164,12.454,5484
15497,120980.336,12.173,5484
15498,120994.016,13.679,5484
15499,121006.297,12.282,5484
15500,121018.336,12.037,5484
15501,121030.156,11.821,5484
15502,121043.734,13.574,5484
15503,121057.727,13.998,5484
15504,121070.641,12.908,5484
15505,121082.539,11.905,5484
15506,121094.828,12.292,5484
15507,121107.445,12.617,5484
15508,121120.172,12.722,5484
15509,121132.188,12.018,5484
15510,121144.180,11.995,5484
15511,121156.289,12.100,5484
15512,121168.000,11.710,5484
15513,121179.836,11.842,5484
15514,121191.656,11.820,5484
15515,121203.461,11.804,5484
15516,121217.188,13.733,5484
15517,121229.492,12.298,5484
15518,121241.539,12.053,5484
15519,121255.875,14.336,5484
15520,121269.352,13.469,5484
15521,121283.484,14.136,5484
15522,121298.516,15.034,5484
15523,121312.445,13.928,5484
15524,121325.547,13.104,5484
15525,121338.164,12.617,5484
15526,121351.406,13.240,5484
15527,121364.133,12.726,5484
15528,121376.680,12.545,5484
15529,121389.688,13.008,5484
15530,121401.711,12.022,5484
15531,121414.242,12.539,5484
15532,121426.617,12.369,5484
15533,121440.406,13.791,5484
15534,121453.313,12.900,5484
15535,121466.773,13.466,5484
15536,121480.367,13.590,5484
15537,121492.672,12.305,5484
15538,121505.750,13.081,5484
15539,121518.430,12.676,5484
15540,121532.945,14.513,5484
15541,121545.859,12.922,5484
15542,121558.969,13.102,5484
15543,121571.617,12.649,5484
15544,121586.219,14.609,5484
15545,121599.063,12.844,5484
15546,121612.516,13.449,5484
15547,121625.805,13.288,5484
15548,121638.711,12.911,5484
15549,121650.547,11.837,5484
15550,121663.023,12.473,5484
15551,121674.617,11.591,5484
15552,121686.273,11.658,5484
15553,121699.359,13.086,5484
15554,121712.727,13.370,5484
15555,121724.648,11.920,5484
15556,121736.539,11.895,5484
15557,121749.906,13.364,5484
15558,121762.703,12.793,5484
15559,121775.641,12.933,5484
15560,121787.633,11.999,5484
15561,121799.789,12.160,5484
15562,121812.602,12.809,5484
15563,121826.484,13.881,5484
15564,121838.375,11.893,5484
15565,121850.711,12.337,5484
15566,121863.305,12.592,5484
15567,121876.172,12.869,5484
15568,121887.750,11.573,5484
15569,121899.781,12.038,5484
15570,121912.789,13.004,5484
15571,121927.195,14.411,5484
15572,121939.078,11.879,5484
15573,121951.938,12.858,5484
15574,121965.141,13.206,5484
15575,121977.586,12.449,5484
15576,121990.250,12.660,5484
15577,122003.188,12.940,5484
15578,122016.695,13.506,5484
15579,122030.539,13.841,5484
15580,122044.063,13.521,5484
15581,122058.500,14.446,5484
15582,122073.813,15.311,5484
15583,122088.586,14.773,5484
15584,122103.453,14.866,5484
15585,122117.336,13.879,5484
15586,122130.281,12.946,5484
15587,122142.563,12.281,5484
15588,122155.711,13.145,5484
15589,122169.094,13.390,5484
15590,122182.500,13.404,5484
15591,122196.117,13.620,5484
15592,122208.938,12.815,5484
15593,122221.844,12.913,5484
15594,122235.188,13.343,5484
15595,122248.750,13.557,5484
15596,122262.273,13.524,5484
15597,122274.570,12.299,5484
15598,122286.531,11.963,5484
15599,122298.156,11.626,5484
15600,122310.102,11.942,5484
15601,122322.289,12.183,5484
15602,122334.125,11.840,5484
15603,122346.008,11.880,5484
15604,122357.383,11.380,5484
15605,122368.484,11.103,5484
15606,122380.008,11.513,5484
15607,122393.188,13.189,5484
15608,122405.086,11.894,5484
15609,122416.500,11.414,5484
15610,122428.609,12.104,5484
15611,122441.109,12.510,5484
15612,122453.305,12.190,5484
15613,122465.477,12.179,5484
15614,122477.742,12.257,5484
15615,122489.133,11.396,5484
15616,122503.328,14.192,5484
15617,122517.781,14.455,5484
15618,122530.414,12.630,5484
15619,122542.492,12.082,5484
15620,122553.984,11.489,5484
15621,122565.953,11.964,5484
15622,122577.516,11.574,5484
15623,122589.586,12.069,5484
15624,122602.633,13.040,5484
15625,122616.227,13.598,5484
15626,122630.180,13.956,5484
15627,122644.289,14.104,5484
15628,122656.523,12.235,5484
15629,122670.086,13.566,5484
15630,122683.430,13.343,5484
15631,122695.523,12.097,5484
15632,122709.109,13.580,5484
15633,122722.102,12.992,5484
15634,122734.000,11.898,5484
15635,122746.703,12.702,5484
15636,122759.383,12.677,5484
15637,122771.891,12.516,5484
15638,122784.969,13.071,5484
15639,122797.563,12.602,5484
15640,122810.523,12.961,5484
15641,122824.273,13.741,5484
15642,122837.406,13.136,5484
15643,122849.867,12.465,5484
15644,122862.313,12.437,5484
15645,122874.805,12.503,5484
15646,122887.305,12.492,5484
15647,122900.133,12.836,5484
15648,122914.773,14.634,5484
15649,122928.430,13.655,5484
15650,122940.953,12.524,5484
15651,122953.039,12.087,5484
15652,122965.383,12.346,5484
15653,122977.539,12.154,5484
15654,122990.711,13.175,5484
15655,123003.117,12.406,5484
15656,123015.930,12.810,5484
15657,123028.313,12.378,5484
15658,123042.219,13.913,5484
15659,123054.211,11.993,5484
15660,123066.539,12.326,5484
15661,123077.766,11.231,5484
15662,123090.008,12.232,5484
15663,123102.445,12.442,5484
15664,123113.914,11.473,5484
15665,123125.977,12.056,5484
15666,123138.281,12.305,5484
15667,123150.047,11.771,5484
15668,123161.672,11.623,5484
15669,123173.195,11.529,5484
15670,123185.250,12.053,5484
15671,123196.875,11.624,5484
15672,123208.961,12.082,5484
15673,123221.695,12.735,5484
15674,123233.516,11.821,5484
15675,123245.781,12.262,5484
15676,123258.328,12.548,5484
15677,123270.734,12.410,5484
15678,123283.961,13.226,5484
15679,123295.383,11.418,5484
15680,123309.281,13.900,5484
15681,123322.891,13.614,5484
15682,123335.227,12.335,5484
15683,123347.352,12.124,5484
15684,123359.977,12.620,5484
15685,123372.773,12.801,5484
15686,123386.070,13.299,5484
15687,123398.297,12.223,5484
15688,123410.391,12.090,5484
15689,123422.648,12.264,5484
15690,123435.016,12.363,5484
15691,123447.102,12.089,5484
15692,123459.883,12.783,5484
15693,123472.656,12.767,5484
15694,123484.688,12.036,5484
15695,123496.492,11.807,5484
15696,123510.297,13.801,5484
15697,123523.117,12.820,5484
15698,123535.914,12.799,5484
15699,123549.148,13.236,5484
15700,123562.547,13.397,5484
15701,123576.078,13.531,5484
15702,123588.719,12.637,5484
15703,123601.461,12.746,5484
15704,123614.313,12.845,5484
15705,123627.328,13.018,5484
15706,123639.867,12.542,5484
15707,123652.063,12.194,5484
15708,123665.461,13.402,5484
15709,123678.852,13.395,5484
15710,123691.594,12.733,5484
15711,123704.531,12.946,5484
15712,123718.344,13.801,5484
15713,123730.984,12.642,5484
15714,123743.617,12.633,5484
15715,123755.227,11.615,5484
15716,123766.500,11.272,5484
15717,123778.617,12.115,5484
15718,123791.266,12.644,5484
15719,123803.008,11.749,5484
15720,123815.352,12.343,5484
15721,123827.953,12.598,5484
15722,123841.273,13.318,5484
15723,123854.320,13.051,5484
15724,123866.008,11.685,5484
15725,123878.813,12.810,5484
15726,123891.195,12.382,5484
15727,123903.422,12.229,5484
15728,123915.422,11.995,5484
15729,123928.633,13.212,5484
15730,123942.492,13.860,5484
15731,123954.891,12.402,5484
15732,123967.547,12.660,5484
15733,123980.023,12.466,5484
15734,123991.648,11.624,5484
15735,124003.555,11.914,5484
15736,124016.094,12.535,5484
15737,124027.844,11.751,5484
15738,124040.133,12.290,5484
15739,124052.055,11.924,5484
15740,124063.172,11.118,5484
15741,124075.234,12.067,5484
15742,124086.281,11.036,5484
15743,124098.008,11.725,5484
15744,124112.148,14.144,5484
15745,124126.102,13.954,5484
15746,124139.148,13.052,5484
15747,124150.516,11.364,5484
15748,124162.313,11.795,5484
15749,124173.906,11.596,5484
15750,124185.813,11.903,5484
15751,124197.836,12.029,5484
15752,124209.930,12.084,5484
15753,124222.898,12.979,5484
15754,124235.539,12.642,5484
15755,124247.617,12.069,5484
15756,124260.016,12.402,5484
15757,124272.406,12.388,5484
15758,124285.477,13.072,5484
15759,124298.836,13.361,5484
15760,124311.445,12.605,5484
15761,124324.938,13.492,5484
15762,124338.438,13.500,5484
15763,124351.688,13.249,5484
15764,124365.719,14.033,5484
15765,124378.844,13.131,5484
15766,124392.328,13.480,5484
15767,124405.703,13.376,5484
15768,124419.906,14.205,5484
15769,124434.086,14.180,5484
15770,124446.813,12.724,5484
15771,124459.766,12.955,5484
15772,124472.602,12.830,5484
15773,124484.742,12.146,5484
15774,124497.898,13.160,5484
15775,124510.594,12.690,5484
15776,124523.266,12.669,5484
15777,124538.867,15.611,5484
15778,124552.086,13.212,5484
15779,124565.273,13.183,5484
15780,124578.070,12.800,5484
15781,124590.078,12.009,5484
15782,124602.266,12.187,5484
15783,124614.914,12.657,5484
15784,124627.313,12.388,5484
15785,124640.516,13.208,5484
15786,124653.164,12.646,5484
15787,124665.367,12.202,5484
15788,124677.844,12.480,5484
15789,124690.383,12.535,5484
15790,124702.953,12.568,5484
15791,124715.094,12.144,5484
15792,124727.766,12.671,5484
15793,124739.820,12.061,5484
15794,124753.289,13.459,5484
15795,124765.508,12.226,5484
15796,124778.594,13.084,5484
15797,124791.055,12.464,5484
15798,124804.000,12.940,5484
15799,124815.367,11.370,5484
15800,124827.555,12.189,5484
15801,124839.430,11.874,5484
15802,124852.883,13.456,5484
15803,124865.563,12.678,5484
15804,124878.688,13.123,5484
15805,124891.297,12.609,5484
15806,124903.797,12.503,5484
15807,124916.500,12.702,5484
15808,124930.594,14.090,5484
15809,124944.258,13.662,5484
15810,124957.391,13.136,5484
15811,124971.133,13.748,5484
15812,124983.063,11.929,5484
15813,124995.531,12.467,5484
15814,125008.133,12.605,5484
15815,125020.531,12.394,5484
15816,125033.391,12.860,5484
15817,125045.875,12.485,5484
15818,125058.852,12.973,5484
15819,125071.859,13.008,5484
15820,125084.469,12.612,5484
15821,125097.914,13.451,5484
15822,125110.563,12.647,5484
15823,125123.523,12.959,5484
15824,125136.758,13.232,5484
15825,125149.891,13.136,5484
15826,125162.227,12.331,5484
15827,125174.703,12.478,5484
15828,125190.609,15.900,5484
15829,125203.969,13.365,5484
15830,125217.703,13.731,5484
15831,125230.313,12.607,5484
15832,125243.109,12.800,5484
15833,125256.367,13.261,5484
15834,125270.313,13.945,5484
15835,125283.539,13.229,5484
15836,125297.617,14.074,5484
15837,125309.813,12.196,5484
15838,125322.000,12.183,5484
15839,125334.164,12.170,5484
15840,125347.859,13.693,5484
15841,125361.773,13.914,5484
15842,125373.938,12.160,5484
15843,125386.688,12.756,5484
15844,125400.055,13.370,5484
15845,125412.477,12.420,5484
15846,125425.297,12.819,5484
15847,125437.547,12.251,5484
15848,125450.445,12.897,5484
15849,125463.086,12.638,5484
15850,125476.297,13.214,5484
15851,125488.609,12.306,5484
15852,125500.008,11.406,5484
15853,125513.352,13.345,5484
15854,125525.805,12.452,5484
15855,125538.242,12.437,5484
15856,125550.375,12.129,5484
15857,125562.703,12.328,5484
15858,125576.289,13.583,5484
15859,125588.328,12.043,5484
15860,125600.273,11.945,5484
15861,125613.094,12.825,5484
15862,125625.000,11.898,5484
15863,125636.953,11.959,5484
15864,125648.195,11.243,5484
15865,125659.469,11.271,5484
15866,125670.445,10.978,5484
15867,125681.016,10.565,5484
15868,125691.930,10.916,5484
15869,125703.555,11.636,5484
15870,125715.180,11.617,5484
15871,125727.461,12.280,5484
15872,125740.031,12.573,5484
15873,125753.891,13.862,5484
15874,125766.172,12.281,5484
15875,125777.602,11.424,5484
15876,125789.422,11.824,5484
15877,125800.758,11.337,5484
15878,125812.055,11.291,5484
15879,125822.992,10.940,5484
15880,125834.563,11.577,5484
15881,125846.078,11.508,5484
15882,125857.703,11.627,5484
15883,125870.320,12.616,5484
15884,125881.883,11.566,5484
15885,125893.453,11.572,5484
15886,125905.125,11.665,5484
15887,125917.633,12.510,5484
15888,125929.242,11.611,5484
15889,125942.117,12.876,5484
15890,125954.172,12.057,5484
15891,125966.297,12.119,5484
15892,125978.875,12.584,5484
15893,125991.484,12.606,5484
15894,126002.953,11.463,5484
15895,126014.922,11.971,5484
15896,126026.289,11.367,5484
15897,126038.281,11.992,5484
15898,126050.852,12.577,5484
15899,126063.047,12.190,5484
15900,126074.742,11.697,5484
15901,126086.266,11.520,5484
15902,126097.453,11.192,5484
15903,126108.297,10.842,5484
15904,126119.844,11.549,5484
15905,126131.273,11.424,5484
15906,126142.539,11.274,5484
15907,126156.820,14.277,5484
15908,126169.125,12.304,5484
15909,126180.203,11.079,5484
15910,126191.484,11.286,5484
15911,126203.367,11.876,5484
15912,126215.766,12.397,5484
15913,126226.711,10.948,5484
15914,126238.305,11.593,5484
15915,126249.359,11.054,5484
15916,126261.297,11.935,5484
15917,126274.180,12.888,5484
15918,126285.891,11.713,5484
15919,126296.836,10.946,5484
15920,126308.203,11.366,5484
15921,126319.539,11.335,5484
15922,126330.961,11.421,5484
15923,126343.852,12.893,5484
15924,126355.055,11.198,5484
15925,126366.727,11.672,5484
15926,126378.172,11.447,5484
15927,126389.773,11.600,5484
15928,126400.766,10.993,5484
15929,126412.391,11.625,5484
15930,126423.539,11.149,5484
15931,126434.609,11.071,5484
15932,126445.336,10.728,5484
15933,126456.352,11.013,5484
15934,126467.328,10.979,5484
15935,126479.758,12.429,5484
15936,126491.578,11.827,5484
15937,126503.805,12.220,5484
15938,126514.742,10.936,5484
15939,126526.000,11.258,5484
15940,126537.016,11.017,5484
15941,126549.320,12.303,5484
15942,126563.750,14.429,5484
15943,126576.531,12.783,5484
15944,126589.664,13.134,5484
15945,126601.836,12.175,5484
15946,126613.922,12.080,5484
15947,126625.680,11.755,5484
15948,126637.766,12.088,5484
15949,126649.797,12.036,5484
15950,126661.656,11.851,5484
15951,126673.945,12.295,5484
15952,126686.805,12.862,5484
15953,126699.258,12.447,5484
15954,126711.078,11.823,5484
15955,126721.938,10.855,5484
15956,126732.906,10.980,5484
15957,126744.227,11.322,5484
15958,126755.320,11.083,5484
15959,126765.813,10.493,5484
15960,126776.383,10.569,5484
15961,126787.109,10.728,5484
15962,126798.969,11.863,5484
15963,126809.773,10.807,5484
15964,126820.758,10.981,5484
15965,126831.719,10.957,5484
15966,126843.016,11.302,5484
15967,126853.922,10.900,5484
15968,126864.453,10.534,5484
15969,126875.008,10.555,5484
15970,126886.016,11.010,5484
15971,126896.750,10.731,5484
15972,126908.000,11.253,5484
15973,126918.789,10.786,5484
15974,126929.961,11.170,5484
15975,126940.734,10.775,5484
15976,126953.469,12.742,5484
15977,126965.094,11.624,5484
15978,126976.781,11.683,5484
15979,126987.523,10.742,5484
15980,126998.422,10.900,5484
15981,127010.836,12.417,5484
15982,127022.375,11.533,5484
15983,127034.367,11.997,5484
15984,127045.328,10.959,5484
15985,127056.461,11.136,5484
15986,127067.859,11.396,5484
15987,127078.547,10.687,5484
15988,127089.797,11.247,5484
15989,127100.727,10.931,5484
15990,127113.047,12.323,5484
15991,127125.188,12.145,5484
15992,127137.063,11.872,5484
15993,127149.031,11.962,5484
15994,127160.266,11.238,5484
15995,127171.883,11.623,5484
15996,127184.758,12.870,5484
15997,127196.375,11.613,5484
15998,127208.805,12.435,5484
15999,127221.102,12.299,5484
16000,127232.906,11.808,5484
16001,127245.063,12.153,5484
16002,127257.633,12.563,5484
16003,127269.797,12.165,5484
16004,127281.125,11.335,5484
16005,127292.906,11.783,5484
16006,127305.367,12.455,5484
16007,127316.711,11.345,5484
16008,127330.125,13.413,5484
16009,127341.523,11.403,5484
16010,127353.953,12.423,5484
16011,127365.852,11.905,5484
16012,127377.672,11.810,5484
16013,127390.211,12.547,5484
16014,127401.305,11.093,5484
16015,127412.648,11.336,5484
16016,127424.805,12.167,5484
16017,127436.969,12.159,5484
16018,127448.164,11.198,5484
16019,127459.344,11.179,5484
16020,127470.531,11.192,5484
16021,127481.836,11.301,5484
16022,127493.445,11.609,5484
16023,127504.320,10.873,5484
16024,127515.156,10.837,5484
16025,127526.820,11.668,5484
16026,127538.078,11.250,5484
16027,127550.281,12.203,5484
16028,127561.820,11.543,5484
16029,127573.281,11.460,5484
16030,127584.242,10.969,5484
16031,127595.039,10.787,5484
16032,127606.602,11.564,5484
16033,127617.336,10.729,5484
16034,127628.336,11.001,5484
16035,127639.227,10.902,5484
16036,127651.258,12.020,5484
16037,127662.422,11.170,5484
16038,127673.203,10.784,5484
16039,127684.180,10.971,5484
16040,127694.922,10.741,5484
16041,127706.070,11.147,5484
16042,127717.398,11.332,5484
16043,127728.227,10.829,5484
16044,127740.039,11.813,5484
16045,127752.656,12.617,5484
16046,127766.984,14.325,5484
16047,127778.820,11.839,5484
16048,127790.469,11.649,5484
16049,127802.359,11.887,5484
16050,127813.398,11.045,5484
16051,127824.883,11.482,5484
16052,127836.477,11.595,5484
16053,127847.938,11.456,5484
16054,127859.500,11.567,5484
16055,127871.531,12.032,5484
16056,127885.133,13.601,5484
16057,127898.773,13.639,5484
16058,127910.734,11.959,5484
16059,127922.445,11.715,5484
16060,127933.719,11.266,5484
16061,127945.625,11.907,5484
16062,127957.836,12.214,5484
16063,127969.938,12.102,5484
16064,127982.797,12.862,5484
16065,127994.969,12.168,5484
16066,128006.938,11.969,5484
16067,128019.000,12.064,5484
16068,128031.508,12.506,5484
16069,128043.023,11.516,5484
16070,128055.320,12.292,5484
16071,128067.273,11.952,5484
16072,128079.969,12.703,5484
16073,128093.313,13.341,5484
16074,128105.703,12.394,5484
16075,128116.664,10.962,5484
16076,128127.734,11.072,5484
16077,128138.758,11.022,5484
16078,128149.633,10.872,5484
16079,128162.445,12.817,5484
16080,128174.227,11.780,5484
16081,128185.930,11.700,5484
16082,128197.867,11.940,5484
16083,128209.344,11.472,5484
16084,128220.344,10.997,5484
16085,128231.461,11.127,5484
16086,128242.352,10.883,5484
16087,128253.313,10.961,5484
16088,128265.281,11.970,5484
16089,128276.547,11.268,5484
16090,128288.469,11.920,5484
16091,128300.391,11.922,5484
16092,128311.555,11.168,5484
16093,128323.695,12.135,5484
16094,128334.805,11.114,5484
16095,128345.680,10.872,5484
16096,128356.633,10.956,5484
16097,128368.125,11.495,5484
16098,128378.938,10.805,5484
16099,128390.977,12.042,5484
16100,128404.070,13.095,5484
16101,128415.148,11.080,5484
16102,128426.070,10.915,5484
16103,128437.594,11.521,5484
16104,128448.461,10.876,5484
16105,128459.188,10.729,5484
16106,128470.117,10.930,5484
16107,128481.586,11.463,5484
16108,128492.875,11.294,5484
16109,128503.961,11.075,5484
16110,128516.836,12.887,5484
16111,128528.641,11.794,5484
16112,128540.648,12.007,5484
16113,128553.008,12.362,5484
16114,128566.508,13.503,5484
16115,128578.086,11.577,5484
16116,128589.727,11.643,5484
16117,128601.250,11.517,5484
16118,128612.203,10.964,5484
16119,128624.250,12.041,5484
16120,128636.344,12.094,5484
16121,128648.383,12.041,5484
16122,128659.891,11.511,5484
16123,128670.977,11.081,5484
16124,128681.469,10.497,5484
16125,128693.500,12.030,5484
16126,128705.953,12.446,5484
16127,128719.414,13.461,5484
16128,128734.008,14.597,5484
16129,128746.508,12.501,5484
16130,128758.859,12.351,5484
16131,128770.039,11.179,5484
16132,128781.813,11.774,5484
16133,128793.711,11.898,5484
16134,128805.563,11.853,5484
16135,128818.367,12.804,5484
16136,128830.719,12.349,5484
16137,128842.617,11.902,5484
16138,128854.750,12.135,5484
16139,128867.086,12.334,5484
16140,128880.086,13.000,5484
16141,128892.734,12.644,5484
16142,128904.297,11.563,5484
16143,128915.703,11.405,5484
16144,128926.742,11.044,5484
16145,128938.742,11.995,5484
16146,128949.953,11.214,5484
16147,128963.656,13.706,5484
16148,128976.297,12.633,5484
16149,128988.016,11.723,5484
16150,128999.516,11.502,5484
16151,129010.773,11.259,5484
16152,129022.039,11.262,5484
16153,129033.328,11.287,5484
16154,129045.414,12.088,5484
16155,129056.508,11.096,5484
16156,129068.086,11.577,5484
16157,129079.219,11.141,5484
16158,129090.906,11.682,5484
16159,129102.953,12.041,5484
16160,129114.055,11.105,5484
16161,129124.938,10.876,5484
16162,129136.328,11.398,5484
16163,129148.375,12.047,5484
16164,129160.500,12.128,5484
16165,129171.797,11.295,5484
16166,129183.180,11.385,5484
16167,129194.133,10.955,5484
16168,129205.023,10.882,5484
16169,129216.258,11.232,5484
16170,129227.188,10.937,5484
16171,129239.555,12.369,5484
16172,129250.766,11.210,5484
16173,129263.305,12.538,5484
16174,129275.078,11.775,5484
16175,129287.203,12.121,5484
16176,129298.797,11.593,5484
16177,129310.422,11.623,5484
16178,129322.219,11.802,5484
16179,129334.680,12.461,5484
16180,129346.938,12.249,5484
16181,129360.375,13.448,5484
16182,129374.516,14.137,5484
16183,129386.906,12.394,5484
16184,129399.680,12.772,5484
16185,129411.711,12.032,5484
16186,129425.016,13.300,5484
16187,129437.281,12.266,5484
16188,129450.008,12.726,5484
16189,129462.148,12.148,5484
16190,129476.102,13.950,5484
16191,129488.594,12.490,5484
16192,129500.750,12.155,5484
16193,129512.602,11.848,5484
16194,129525.133,12.535,5484
16195,129536.477,11.349,5484
16196,129547.398,10.921,5484
16197,129558.641,11.237,5484
16198,129569.750,11.109,5484
16199,129582.227,12.485,5484
16200,129593.961,11.727,5484
16201,129605.383,11.423,5484
16202,129616.703,11.318,5484
16203,129627.648,10.946,5484
16204,129638.469,10.821,5484
16205,129649.719,11.254,5484
16206,129661.570,11.849,5484
16207,129673.852,12.283,5484
16208,129686.008,12.153,5484
16209,129698.297,12.291,5484
16210,129709.391,11.091,5484
16211,129721.094,11.706,5484
16212,129732.430,11.338,5484
16213,129743.273,10.838,5484
16214,129755.852,12.586,5484
16215,129768.930,13.068,5484
16216,129780.273,11.345,5484
16217,129792.164,11.893,5484
16218,129803.898,11.740,5484
16219,129815.766,11.867,5484
16220,129826.891,11.123,5484
16221,129838.961,12.064,5484
16222,129850.914,11.952,5484
16223,129862.125,11.217,5484
16224,129873.367,11.243,5484
16225,129885.211,11.845,5484
16226,129897.328,12.110,5484
16227,129910.188,12.867,5484
16228,129923.922,13.725,5484
16229,129936.148,12.234,5484
16230,129947.961,11.805,5484
16231,129959.227,11.276,5484
16232,129971.023,11.794,5484
16233,129982.727,11.704,5484
16234,129994.547,11.825,5484
16235,130006.766,12.212,5484
16236,130019.469,12.703,5484
16237,130031.969,12.501,5484
16238,130044.070,12.102,5484
16239,130056.008,11.935,5484
16240,130068.172,12.166,5484
16241,130079.883,11.711,5484
16242,130092.141,12.261,5484
16243,130103.961,11.812,5484
16244,130116.797,12.842,5484
16245,130128.773,11.975,5484
16246,130140.852,12.078,5484
16247,130153.844,12.991,5484
16248,130167.633,13.790,5484
16249,130180.000,12.364,5484
16250,130191.672,11.674,5484
16251,130203.383,11.713,5484
16252,130214.805,11.425,5484
16253,130226.750,11.945,5484
16254,130239.453,12.698,5484
16255,130250.359,10.907,5484
16256,130261.547,11.190,5484
16257,130272.531,10.982,5484
16258,130283.953,11.422,5484
16259,130295.367,11.411,5484
16260,130306.516,11.158,5484
16261,130318.117,11.595,5484
16262,130330.141,12.027,5484
16263,130341.633,11.488,5484
16264,130352.953,11.321,5484
16265,130364.016,11.064,5484
16266,130375.469,11.457,5484
16267,130386.477,11.007,5484
16268,130397.930,11.445,5484
16269,130409.539,11.617,5484
16270,130420.719,11.178,5484
16271,130433.469,12.749,5484
16272,130446.375,12.905,5484
16273,130457.570,11.200,5484
16274,130470.594,13.015,5484
16275,130482.398,11.810,5484
16276,130493.641,11.241,5484
16277,130504.359,10.715,5484
16278,130516.570,12.218,5484
16279,130528.000,11.426,5484
16280,130540.344,12.342,5484
16281,130551.289,10.947,5484
16282,130563.844,12.558,5484
16283,130576.219,12.374,5484
16284,130587.414,11.192,5484
16285,130599.555,12.148,5484
16286,130613.133,13.577,5484
16287,130626.133,12.993,5484
16288,130638.781,12.653,5484
16289,130652.227,13.444,5484
16290,130663.836,11.614,5484
16291,130676.641,12.795,5484
16292,130687.102,10.468,5484
16293,130698.250,11.140,5484
16294,130709.219,10.975,5484
16295,130721.867,12.648,5484
16296,130732.883,11.019,5484
16297,130744.078,11.190,5484
16298,130756.750,12.676,5484
16299,130767.875,11.123,5484
16300,130779.594,11.715,5484
16301,130791.414,11.820,5484
16302,130803.570,12.164,5484
16303,130815.781,12.206,5484
16304,130827.750,11.973,5484
16305,130839.617,11.863,5484
16306,130851.297,11.678,5484
16307,130863.945,12.652,5484
16308,130875.773,11.830,5484
16309,130887.766,11.990,5484
16310,130899.625,11.859,5484
16311,130911.805,12.183,5484
16312,130925.234,13.433,5484
16313,130937.367,12.125,5484
16314,130949.219,11.854,5484
16315,130960.586,11.358,5484
16316,130974.109,13.533,5484
16317,130986.750,12.641,5484
16318,130997.945,11.187,5484
16319,131010.164,12.228,5484
16320,131020.813,10.647,5484
16321,131031.977,11.157,5484
16322,131043.695,11.723,5484
16323,131055.266,11.566,5484
16324,131065.492,10.234,5484
16325,131076.563,11.066,5484
16326,131088.625,12.063,5484
16327,131100.250,11.620,5484
16328,131111.500,11.247,5484
16329,131122.844,11.350,5484
16330,131134.109,11.265,5484
16331,131144.891,10.786,5484
16332,131156.797,11.903,5484
16333,131167.672,10.877,5484
16334,131178.875,11.199,5484
16335,131190.453,11.580,5484
16336,131201.859,11.411,5484
16337,131213.125,11.254,5484
16338,131224.453,11.335,5484
16339,131235.969,11.513,5484
16340,131246.922,10.957,5484
16341,131257.641,10.718,5484
16342,131268.938,11.302,5484
16343,131279.703,10.765,5484
16344,131291.438,11.732,5484
16345,131303.094,11.652,5484
16346,131314.688,11.596,5484
16347,131325.766,11.076,5484
16348,131336.625,10.866,5484
16349,131347.250,10.627,5484
16350,131358.797,11.545,5484
16351,131371.578,12.778,5484
16352,131384.547,12.973,5484
16353,131397.234,12.681,5484
16354,131408.875,11.644,5484
16355,131420.781,11.896,5484
16356,131432.516,11.750,5484
16357,131443.281,10.766,5484
16358,131454.953,11.666,5484
16359,131466.453,11.494,5484
16360,131477.531,11.083,5484
16361,131488.953,11.429,5484
16362,131500.297,11.343,5484
16363,131512.203,11.901,5484
16364,131524.234,12.030,5484
16365,131535.953,11.721,5484
16366,131547.609,11.658,5484
16367,131559.688,12.082,5484
16368,131571.266,11.575,5484
16369,131583.125,11.855,5484
16370,131595.094,11.973,5484
16371,131607.047,11.952,5484
16372,131619.266,12.223,5484
16373,131631.766,12.487,5484
16374,131643.875,12.116,5484
16375,131656.031,12.152,5484
16376,131668.016,11.985,5484
16377,131679.094,11.071,5484
16378,131690.891,11.802,5484
16379,131703.391,12.502,5484
16380,131716.063,12.681,5484
16381,131729.094,13.019,5484
16382,131740.375,11.290,5484
16383,131752.672,12.302,5484
16384,131763.328,10.658,5484
16385,131776.094,12.750,5484
16386,131788.188,12.091,5484
16387,131799.328,11.154,5484
16388,131810.703,11.373,5484
16389,131822.000,11.290,5484
16390,131833.609,11.610,5484
16391,131844.703,11.103,5484
16392,131855.219,10.508,5484
16393,131866.922,11.712,5484
16394,131878.031,11.107,5484
16395,131888.813,10.775,5484
16396,131900.281,11.474,5484
16397,131912.078,11.795,5484
16398,131923.828,11.743,5484
16399,131935.828,12.008,5484
16400,131948.906,13.070,5484
16401,131960.891,11.985,5484
16402,131972.156,11.275,5484
16403,131983.594,11.435,5484
16404,131994.531,10.934,5484
16405,132005.047,10.528,5484
16406,132016.109,11.047,5484
16407,132027.281,11.185,5484
16408,132038.531,11.242,5484
16409,132050.344,11.812,5484
16410,132062.281,11.938,5484
16411,132073.672,11.385,5484
16412,132084.797,11.131,5484
16413,132095.875,11.083,5484
16414,132106.938,11.054,5484
16415,132119.063,12.137,5484
16416,132130.281,11.209,5484
16417,132142.156,11.871,5484
16418,132154.172,12.020,5484
16419,132165.500,11.319,5484
16420,132176.641,11.155,5484
16421,132190.609,13.971,5484
16422,132202.969,12.353,5484
16423,132214.484,11.515,5484
16424,132225.172,10.680,5484
16425,132236.469,11.310,5484
16426,132247.125,10.643,5484
16427,132258.281,11.168,5484
16428,132270.781,12.496,5484
16429,132282.688,11.914,5484
16430,132293.531,10.837,5484
16431,132304.359,10.834,5484
16432,132315.219,10.858,5484
16433,132325.969,10.754,5484
16434,132336.594,10.617,5484
16435,132347.781,11.185,5484
16436,132358.719,10.937,5484
16437,132370.969,12.255,5484
16438,132382.391,11.415,5484
16439,132393.797,11.409,5484
16440,132405.000,11.198,5484
16441,132417.063,12.068,5484
16442,132429.547,12.483,5484
16443,132441.516,11.962,5484
16444,132453.297,11.793,5484
16445,132464.625,11.333,5484
16446,132476.484,11.852,5484
16447,132489.766,13.281,5484
16448,132501.797,12.024,5484
16449,132513.688,11.895,5484
16450,132524.313,10.632,5484
16451,132535.125,10.810,5484
16452,132546.141,11.010,5484
16453,132556.625,10.486,5484
16454,132567.250,10.629,5484
16455,132577.906,10.649,5484
16456,132590.219,12.315,5484
16457,132602.766,12.547,5484
16458,132614.188,11.420,5484
16459,132624.656,10.468,5484
16460,132635.563,10.917,5484
16461,132646.422,10.857,5484
16462,132657.891,11.467,5484
16463,132668.563,10.671,5484
16464,132679.469,10.897,5484
16465,132690.969,11.513,5484
16466,132701.953,10.975,5484
16467,132713.578,11.634,5484
16468,132724.297,10.709,5484
16469,132735.281,10.987,5484
16470,132746.078,10.803,5484
16471,132757.203,11.114,5484
16472,132767.641,10.451,5484
16473,132778.453,10.803,5484
16474,132789.172,10.717,5484
16475,132800.313,11.147,5484
16476,132811.547,11.234,5484
16477,132822.625,11.082,5484
16478,132834.844,12.205,5484
16479,132846.250,11.421,5484
16480,132856.328,10.082,5484
16481,132867.328,10.997,5484
16482,132878.391,11.057,5484
16483,132889.609,11.220,5484
16484,132900.750,11.131,5484
16485,132912.438,11.700,5484
16486,132923.359,10.916,5484
16487,132934.563,11.208,5484
16488,132946.297,11.726,5484
16489,132957.797,11.501,5484
16490,132968.766,10.964,5484
16491,132979.484,10.727,5484
16492,132993.266,13.775,5484
16493,133006.438,13.179,5484
16494,133018.750,12.302,5484
16495,133030.391,11.661,5484
16496,133042.484,12.074,5484
16497,133054.281,11.812,5484
16498,133065.813,11.519,5484
16499,133078.094,12.284,5484
16500,133090.172,12.081,5484
16501,133102.281,12.115,5484
16502,133114.094,11.804,5484
16503,133127.984,13.892,5484
16504,133140.328,12.350,5484
16505,133152.734,12.405,5484
16506,133163.922,11.192,5484
16507,133174.703,10.780,5484
16508,133185.359,10.654,5484
16509,133196.344,10.984,5484
16510,133207.484,11.136,5484
16511,133218.125,10.634,5484
16512,133229.000,10.884,5484
16513,133240.047,11.046,5484
16514,133250.484,10.439,5484
16515,133261.219,10.728,5484
16516,133271.938,10.726,5484
16517,133282.688,10.750,5484
16518,133293.984,11.289,5484
16519,133304.594,10.608,5484
16520,133315.250,10.665,5484
16521,133325.578,10.327,5484
16522,133336.875,11.302,5484
16523,133347.578,10.689,5484
16524,133358.359,10.786,5484
16525,133369.219,10.866,5484
16526,133380.016,10.800,5484
16527,133391.391,11.365,5484
16528,133403.828,12.436,5484
16529,133415.563,11.745,5484
16530,133426.234,10.667,5484
16531,133438.219,11.982,5484
16532,133449.813,11.589,5484
16533,133461.328,11.532,5484
16534,133472.266,10.934,5484
16535,133482.797,10.525,5484
16536,133493.922,11.119,5484
16537,133504.906,10.997,5484
16538,133515.906,10.995,5484
16539,133526.547,10.637,5484
16540,133537.047,10.506,5484
16541,133548.359,11.304,5484
16542,133559.484,11.132,5484
16543,133570.781,11.290,5484
16544,133581.828,11.048,5484
16545,133592.625,10.807,5484
16546,133603.766,11.134,5484
16547,133615.125,11.355,5484
16548,133626.000,10.876,5484
16549,133637.641,11.651,5484
16550,133648.797,11.141,5484
16551,133661.891,13.096,5484
16552,133673.797,11.911,5484
16553,133684.906,11.117,5484
16554,133696.359,11.442,5484
16555,133707.344,10.987,5484
16556,133719.047,11.713,5484
16557,133730.828,11.768,5484
16558,133742.297,11.475,5484
16559,133753.672,11.383,5484
16560,133766.938,13.254,5484
16561,133779.828,12.886,5484
16562,133791.969,12.150,5484
16563,133804.672,12.710,5484
16564,133815.547,10.870,5484
16565,133827.766,12.217,5484
16566,133839.047,11.284,5484
16567,133849.516,10.457,5484
16568,133860.703,11.200,5484
16569,133871.953,11.242,5484
16570,133882.969,11.026,5484
16571,133893.594,10.621,5484
16572,133904.703,11.104,5484
16573,133915.734,11.032,5484
16574,133926.844,11.115,5484
16575,133938.141,11.285,5484
16576,133949.047,10.908,5484
16577,133962.531,13.485,5484
16578,133975.297,12.764,5484
16579,133987.891,12.605,5484
16580,133998.719,10.831,5484
16581,134009.938,11.212,5484
16582,134020.156,10.218,5484
16583,134030.813,10.659,5484
16584,134041.078,10.264,5484
16585,134051.609,10.523,5484
16586,134062.625,11.021,5484
16587,134073.172,10.552,5484
16588,134084.953,11.774,5484
16589,134096.219,11.268,5484
16590,134106.547,10.325,5484
16591,134116.953,10.416,5484
16592,134128.016,11.055,5484
16593,134138.859,10.848,5484
16594,134149.766,10.895,5484
16595,134161.453,11.685,5484
16596,134171.672,10.238,5484
16597,134183.313,11.632,5484
16598,134196.922,13.614,5484
16599,134208.703,11.775,5484
16600,134219.953,11.250,5484
16601,134230.656,10.711,5484
16602,134242.016,11.356,5484
16603,134252.906,10.880,5484
16604,134263.531,10.622,5484
16605,134273.984,10.469,5484
16606,134284.828,10.832,5484
16607,134295.922,11.104,5484
16608,134307.016,11.095,5484
16609,134317.422,10.396,5484
16610,134328.094,10.671,5484
16611,134338.859,10.760,5484
16612,134349.859,11.013,5484
16613,134360.750,10.880,5484
16614,134371.547,10.805,5484
16615,134382.344,10.789,5484
16616,134394.031,11.710,5484
16617,134405.875,11.827,5484
16618,134417.828,11.952,5484
16619,134429.531,11.704,5484
16620,134440.813,11.281,5484
16621,134452.125,11.305,5484
16622,134463.328,11.228,5484
16623,134474.516,11.174,5484
16624,134486.563,12.047,5484
16625,134498.203,11.629,5484
16626,134510.156,11.967,5484
16627,134521.672,11.509,5484
16628,134533.969,12.308,5484
16629,134545.281,11.303,5484
16630,134556.656,11.386,5484
16631,134569.063,12.394,5484
16632,134580.156,11.099,5484
16633,134591.281,11.135,5484
16634,134603.141,11.855,5484
16635,134615.875,12.729,5484
16636,134627.375,11.502,5484
16637,134638.141,10.758,5484
16638,134648.672,10.537,5484
16639,134659.906,11.229,5484
16640,134670.656,10.761,5484
16641,134681.297,10.638,5484
16642,134692.313,11.004,5484
16643,134703.047,10.748,5484
16644,134713.656,10.601,5484
16645,134725.234,11.590,5484
16646,134736.578,11.335,5484
16647,134747.531,10.942,5484
16648,134757.969,10.456,5484
16649,134768.672,10.701,5484
16650,134779.250,10.575,5484
16651,134790.344,11.097,5484
16652,134800.625,10.278,5484
16653,134811.016,10.387,5484
16654,134821.453,10.429,5484
16655,134831.734,10.292,5484
16656,134843.156,11.426,5484
16657,134853.875,10.709,5484
16658,134863.844, 9.983,5484
16659,134874.281,10.419,5484
16660,134884.500,10.235,5484
16661,134894.922,10.412,5484
16662,134905.891,10.971,5484
16663,134916.516,10.621,5484
16664,134927.156,10.651,5484
16665,134937.875,10.717,5484
16666,134948.797,10.905,5484
16667,134960.453,11.668,5484
16668,134971.469,11.015,5484
16669,134983.141,11.667,5484
16670,134995.156,12.022,5484
16671,135007.984,12.838,5484
16672,135020.547,12.559,5484
16673,135031.281,10.730,5484
16674,135042.859,11.574,5484
16675,135054.250,11.384,5484
16676,135064.688,10.451,5484
16677,135075.344,10.659,5484
16678,135086.641,11.295,5484
16679,135097.594,10.949,5484
16680,135108.547,10.955,5484
16681,135118.906,10.345,5484
16682,135129.766,10.864,5484
16683,135140.891,11.124,5484
16684,135152.219,11.325,5484
16685,135163.109,10.909,5484
16686,135173.984,10.880,5484
16687,135185.141,11.138,5484
16688,135197.516,12.376,5484
16689,135209.031,11.512,5484
16690,135220.656,11.636,5484
16691,135232.625,11.973,5484
16692,135244.391,11.757,5484
16693,135255.859,11.469,5484
16694,135268.156,12.288,5484
16695,135280.359,12.213,5484
16696,135292.578,12.220,5484
16697,135304.109,11.515,5484
16698,135315.453,11.344,5484
16699,135327.172,11.739,5484
16700,135338.422,11.245,5484
16701,135350.016,11.594,5484
16702,135362.359,12.342,5484
16703,135372.891,10.527,5484
16704,135384.484,11.607,5484
16705,135394.984,10.490,5484
16706,135405.156,10.173,5484
16707,135417.578,12.416,5484
16708,135429.813,12.238,5484
16709,135440.547,10.742,5484
16710,135451.906,11.353,5484
16711,135462.938,11.027,5484
16712,135473.938,11.006,5484
16713,135484.406,10.472,5484
16714,135495.391,10.996,5484
16715,135506.234,10.819,5484
16716,135516.469,10.248,5484
16717,135527.516,11.043,5484
16718,135537.906,10.389,5484
16719,135549.031,11.133,5484
16720,135559.984,10.952,5484
16721,135570.578,10.592,5484
16722,135581.547,10.956,5484
16723,135592.531,10.990,5484
16724,135603.625,11.091,5484
16725,135613.859,10.245,5484
16726,135623.797, 9.939,5484
16727,135633.313, 9.523,5484
16728,135643.906,10.585,5484
16729,135654.984,11.069,5484
16730,135665.922,10.951,5484
16731,135676.266,10.333,5484
16732,135687.563,11.299,5484
16733,135697.938,10.381,5484
16734,135708.672,10.740,5484
16735,135719.563,10.874,5484
16736,135729.984,10.434,5484
16737,135740.703,10.723,5484
16738,135751.328,10.621,5484
16739,135762.281,10.941,5484
16740,135772.359,10.077,5484
16741,135784.000,11.656,5484
16742,135795.406,11.394,5484
16743,135806.375,10.973,5484
16744,135818.797,12.419,5484
16745,135830.828,12.027,5484
16746,135843.094,12.278,5484
16747,135854.938,11.828,5484
16748,135866.484,11.554,5484
16749,135878.969,12.488,5484
16750,135889.531,10.559,5484
16751,135900.844,11.309,5484
16752,135912.719,11.894,5484
16753,135923.719,10.981,5484
16754,135934.438,10.722,5484
16755,135945.172,10.737,5484
16756,135955.531,10.349,5484
16757,135966.750,11.220,5484
16758,135979.406,12.651,5484
16759,135991.203,11.820,5484
16760,136004.172,12.960,5484
16761,136015.859,11.683,5484
16762,136027.063,11.203,5484
16763,136039.219,12.169,5484
16764,136050.344,11.117,5484
16765,136061.563,11.216,5484
16766,136072.219,10.660,5484
16767,136083.547,11.315,5484
16768,136095.188,11.651,5484
16769,136107.063,11.872,5484
16770,136118.828,11.764,5484
16771,136130.141,11.314,5484
16772,136141.328,11.190,5484
16773,136152.016,10.692,5484
16774,136162.172,10.142,5484
16775,136173.141,10.977,5484
16776,136183.656,10.519,5484
16777,136193.938,10.284,5484
16778,136204.391,10.453,5484
16779,136215.375,10.981,5484
16780,136228.922,13.536,5484
16781,136240.172,11.249,5484
16782,136251.438,11.277,5484
16783,136262.047,10.619,5484
16784,136272.906,10.842,5484
16785,136283.641,10.739,5484
16786,136294.844,11.200,5484
16787,136305.750,10.915,5484
16788,136316.984,11.227,5484
16789,136328.344,11.370,5484
16790,136339.688,11.331,5484
16791,136350.328,10.642,5484
16792,136360.953,10.628,5484
16793,136371.656,10.696,5484
16794,136381.891,10.254,5484
16795,136392.609,10.712,5484
16796,136403.500,10.890,5484
16797,136413.969,10.475,5484
16798,136425.266,11.286,5484
16799,136436.688,11.427,5484
16800,136447.219,10.526,5484
16801,136458.375,11.157,5484
16802,136469.156,10.785,5484
16803,136480.188,11.027,5484
16804,136490.406,10.215,5484
16805,136501.266,10.868,5484
16806,136511.875,10.615,5484
16807,136521.859, 9.978,5484
16808,136532.594,10.742,5484
16809,136543.938,11.345,5484
16810,136554.703,10.768,5484
16811,136565.234,10.515,5484
16812,136576.844,11.606,5484
16813,136587.656,10.820,5484
16814,136598.484,10.827,5484
16815,136609.375,10.897,5484
16816,136622.672,13.296,5484
16817,136634.953,12.274,5484
16818,136647.328,12.388,5484
16819,136659.656,12.317,5484
16820,136671.188,11.537,5484
16821,136682.297,11.100,5484
16822,136693.547,11.253,5484
16823,136705.297,11.762,5484
16824,136717.125,11.813,5484
16825,136727.984,10.870,5484
16826,136739.719,11.723,5484
16827,136751.703,11.995,5484
16828,136765.438,13.717,5484
16829,136777.906,12.481,5484
16830,136788.453,10.554,5484
16831,136799.031,10.568,5484
16832,136809.344,10.315,5484
16833,136819.359,10.024,5484
16834,136829.406,10.033,5484
16835,136839.656,10.259,5484
16836,136849.984,10.335,5484
16837,136860.766,10.768,5484
16838,136872.109,11.346,5484
16839,136882.609,10.504,5484
16840,136892.859,10.239,5484
16841,136903.672,10.814,5484
16842,136913.984,10.324,5484
16843,136924.453,10.471,5484
16844,136934.500,10.036,5484
16845,136944.906,10.403,5484
16846,136954.750, 9.836,5484
16847,136965.266,10.538,5484
16848,136975.984,10.723,5484
16849,136986.688,10.705,5484
16850,136996.563, 9.864,5484
16851,137007.000,10.436,5484
16852,137018.141,11.133,5484
16853,137029.703,11.559,5484
16854,137040.703,11.012,5484
16855,137051.297,10.599,5484
16856,137061.328,10.034,5484
16857,137071.672,10.335,5484
16858,137082.719,11.047,5484
16859,137093.813,11.087,5484
16860,137103.969,10.173,5484
16861,137114.719,10.738,5484
16862,137125.344,10.627,5484
16863,137135.688,10.335,5484
16864,137146.344,10.655,5484
16865,137157.453,11.116,5484
16866,137168.141,10.689,5484
16867,137178.813,10.663,5484
16868,137191.188,12.391,5484
16869,137202.031,10.840,5484
16870,137212.797,10.762,5484
16871,137224.172,11.374,5484
16872,137234.625,10.462,5484
16873,137246.000,11.376,5484
16874,137257.500,11.487,5484
16875,137270.141,12.632,5484
16876,137282.953,12.817,5484
16877,137294.859,11.904,5484
16878,137306.172,11.310,5484
16879,137317.344,11.190,5484
16880,137328.156,10.794,5484
16881,137338.313,10.170,5484
16882,137349.984,11.679,5484
16883,137360.313,10.322,5484
16884,137371.031,10.709,5484
16885,137382.250,11.216,5484
16886,137393.344,11.106,5484
16887,137404.781,11.426,5484
16888,137416.609,11.841,5484
16889,137428.750,12.133,5484
16890,137439.703,10.957,5484
16891,137450.281,10.576,5484
16892,137462.516,12.246,5484
16893,137474.547,12.033,5484
16894,137485.078,10.521,5484
16895,137496.109,11.026,5484
16896,137507.031,10.924,5484
16897,137517.203,10.180,5484
16898,137527.938,10.730,5484
16899,137538.672,10.746,5484
16900,137548.750,10.062,5484
16901,137558.828,10.080,5484
16902,137569.031,10.209,5484
16903,137579.484,10.440,5484
16904,137589.750,10.269,5484
16905,137599.844,10.110,5484
16906,137610.516,10.671,5484
16907,137620.906,10.379,5484
16908,137631.453,10.540,5484
16909,137641.328, 9.889,5484
16910,137651.609,10.268,5484
16911,137662.078,10.470,5484
16912,137673.063,10.992,5484
16913,137683.344,10.288,5484
16914,137693.906,10.565,5484
16915,137703.797, 9.882,5484
16916,137714.078,10.276,5484
16917,137724.922,10.841,5484
16918,137735.563,10.637,5484
16919,137745.891,10.343,5484
16920,137755.813, 9.911,5484
16921,137765.953,10.148,5484
16922,137776.156,10.191,5484
16923,137786.125, 9.974,5484
16924,137796.969,10.850,5484
16925,137807.625,10.658,5484
16926,137819.750,12.121,5484
16927,137832.125,12.371,5484
16928,137842.906,10.782,5484
16929,137854.953,12.057,5484
16930,137865.859,10.903,5484
16931,137876.656,10.806,5484
16932,137887.563,10.889,5484
16933,137898.031,10.480,5484
16934,137908.906,10.870,5484
16935,137919.891,10.993,5484
16936,137930.813,10.914,5484
16937,137941.844,11.034,5484
16938,137952.188,10.336,5484
16939,137962.859,10.672,5484
16940,137973.813,10.955,5484
16941,137984.891,11.074,5484
16942,137996.078,11.188,5484
16943,138008.469,12.404,5484
16944,138019.625,11.152,5484
16945,138030.828,11.187,5484
16946,138042.828,12.008,5484
16947,138054.328,11.507,5484
16948,138065.531,11.198,5484
16949,138077.281,11.753,5484
16950,138089.125,11.853,5484
16951,138100.078,10.932,5484
16952,138110.969,10.894,5484
16953,138122.156,11.194,5484
16954,138133.266,11.109,5484
16955,138145.406,12.132,5484
16956,138157.922,12.535,5484
16957,138169.328,11.405,5484
16958,138180.359,11.024,5484
16959,138190.984,10.618,5484
16960,138201.172,10.195,5484
16961,138211.234,10.061,5484
16962,138223.078,11.849,5484
16963,138234.188,11.105,5484
16964,138244.984,10.796,5484
16965,138256.594,11.621,5484
16966,138267.328,10.730,5484
16967,138278.734,11.400,5484
16968,138289.469,10.726,5484
16969,138300.484,11.021,5484
16970,138310.922,10.440,5484
16971,138322.109,11.182,5484
16972,138332.141,10.024,5484
16973,138343.156,11.025,5484
16974,138353.031, 9.885,5484
16975,138363.938,10.911,5484
16976,138374.563,10.620,5484
16977,138384.875,10.310,5484
16978,138395.375,10.501,5484
16979,138405.641,10.260,5484
16980,138415.453, 9.807,5484
16981,138426.625,11.179,5484
16982,138436.859,10.224,5484
16983,138447.172,10.322,5484
16984,138457.297,10.133,5484
16985,138468.344,11.040,5484
16986,138478.156, 9.814,5484
16987,138488.625,10.476,5484
16988,138498.547, 9.911,5484
16989,138509.031,10.491,5484
16990,138519.078,10.047,5484
16991,138529.422,10.336,5484
16992,138539.609,10.181,5484
16993,138550.234,10.629,5484
16994,138560.641,10.412,5484
16995,138570.875,10.226,5484
16996,138581.984,11.116,5484
16997,138592.172,10.181,5484
16998,138603.422,11.248,5484
16999,138613.703,10.293,5484
17000,138625.156,11.456,5484
17001,138638.578,13.428,5484
17002,138649.078,10.487,5484
17003,138659.797,10.728,5484
17004,138671.078,11.274,5484
17005,138682.125,11.034,5484
17006,138692.609,10.508,5484
17007,138703.344,10.723,5484
17008,138713.813,10.470,5484
17009,138724.313,10.497,5484
17010,138736.094,11.783,5484
17011,138747.125,11.040,5484
17012,138758.078,10.935,5484
17013,138770.109,12.030,5484
17014,138780.266,10.158,5484
17015,138791.906,11.650,5484
17016,138801.828, 9.917,5484
17017,138812.672,10.859,5484
17018,138823.563,10.876,5484
17019,138834.172,10.608,5484
17020,138845.109,10.940,5484
17021,138856.938,11.835,5484
17022,138867.531,10.589,5484
17023,138878.453,10.924,5484
17024,138889.734,11.281,5484
17025,138901.203,11.474,5484
17026,138912.375,11.158,5484
17027,138923.641,11.266,5484
17028,138934.969,11.335,5484
17029,138946.391,11.426,5484
17030,138957.422,11.014,5484
17031,138968.875,11.465,5484
17032,138979.266,10.405,5484
17033,138989.844,10.565,5484
17034,138999.984,10.140,5484
17035,139011.531,11.547,5484
17036,139021.516, 9.974,5484
17037,139032.156,10.653,5484
17038,139044.422,12.272,5484
17039,139054.938,10.509,5484
17040,139065.500,10.562,5484
17041,139076.094,10.584,5484
17042,139086.563,10.479,5484
17043,139097.500,10.931,5484
17044,139108.875,11.384,5484
17045,139119.797,10.927,5484
17046,139130.094,10.287,5484
17047,139140.969,10.868,5484
17048,139151.625,10.661,5484
17049,139162.281,10.652,5484
17050,139172.938,10.666,5484
17051,139183.344,10.409,5484
17052,139193.438,10.085,5484
17053,139203.563,10.121,5484
17054,139214.656,11.109,5484
17055,139225.125,10.469,5484
17056,139236.078,10.941,5484
17057,139246.313,10.243,5484
17058,139256.141, 9.822,5484
17059,139266.547,10.417,5484
17060,139276.422, 9.867,5484
17061,139286.453,10.027,5484
17062,139296.469,10.014,5484
17063,139306.813,10.342,5484
17064,139316.781, 9.964,5484
17065,139327.156,10.395,5484
17066,139337.922,10.754,5484
17067,139348.438,10.523,5484
17068,139359.313,10.882,5484
17069,139369.938,10.613,5484
17070,139380.563,10.634,5484
17071,139392.203,11.627,5484
17072,139403.250,11.059,5484
17073,139413.781,10.521,5484
17074,139425.344,11.575,5484
17075,139438.953,13.600,5484
17076,139451.844,12.902,5484
17077,139463.578,11.717,5484
17078,139476.344,12.766,5484
17079,139487.359,11.035,5484
17080,139498.297,10.924,5484
17081,139509.344,11.048,5484
17082,139520.328,10.989,5484
17083,139532.547,12.214,5484
17084,139543.438,10.886,5484
17085,139554.578,11.155,5484
17086,139566.438,11.846,5484
17087,139577.641,11.203,5484
17088,139589.109,11.471,5484
17089,139599.688,10.582,5484
17090,139609.625, 9.931,5484
17091,139619.875,10.262,5484
17092,139630.141,10.255,5484
17093,139641.469,11.328,5484
17094,139651.922,10.456,5484
17095,139662.172,10.243,5484
17096,139672.563,10.402,5484
17097,139682.844,10.265,5484
17098,139693.438,10.603,5484
17099,139703.594,10.149,5484
17100,139713.688,10.096,5484
17101,139724.125,10.440,5484
17102,139734.344,10.225,5484
17103,139744.813,10.462,5484
17104,139755.000,10.191,5484
17105,139765.203,10.205,5484
17106,139776.109,10.893,5484
17107,139787.000,10.904,5484
17108,139796.828, 9.829,5484
17109,139807.422,10.585,5484
17110,139817.453,10.039,5484
17111,139828.578,11.127,5484
17112,139840.656,12.083,5484
17113,139851.813,11.155,5484
17114,139862.984,11.172,5484
17115,139873.500,10.502,5484
17116,139884.297,10.801,5484
17117,139895.516,11.214,5484
17118,139906.500,11.003,5484
17119,139917.188,10.675,5484
17120,139928.328,11.139,5484
17121,139939.641,11.313,5484
17122,139949.813,10.181,5484
17123,139960.938,11.109,5484
17124,139971.531,10.605,5484
17125,139981.766,10.227,5484
17126,139991.688, 9.919,5484
17127,140002.078,10.389,5484
17128,140013.578,11.504,5484
17129,140025.000,11.423,5484
17130,140036.594,11.607,5484
17131,140047.031,10.428,5484
17132,140057.375,10.351,5484
17133,140069.688,12.299,5484
17134,140081.203,11.525,5484
17135,140092.125,10.914,5484
17136,140103.469,11.347,5484
17137,140114.438,10.970,5484
17138,140125.250,10.821,5484
17139,140136.000,10.745,5484
17140,140146.703,10.704,5484
17141,140157.797,11.101,5484
17142,140168.516,10.709,5484
17143,140180.109,11.585,5484
17144,140191.734,11.627,5484
17145,140203.484,11.752,5484
17146,140214.344,10.863,5484
17147,140226.594,12.263,5484
17148,140238.906,12.303,5484
17149,140249.922,11.013,5484
17150,140261.266,11.343,5484
17151,140271.563,10.294,5484
17152,140282.328,10.762,5484
17153,140293.422,11.096,5484
17154,140303.797,10.379,5484
17155,140314.125,10.331,5484
17156,140324.797,10.668,5484
17157,140335.219,10.427,5484
17158,140345.578,10.349,5484
17159,140356.266,10.691,5484
17160,140366.422,10.165,5484
17161,140376.594,10.178,5484
17162,140387.406,10.789,5484
17163,140397.531,10.128,5484
17164,140407.797,10.270,5484
17165,140418.047,10.256,5484
17166,140428.328,10.283,5484
17167,140438.594,10.269,5484
17168,140449.078,10.485,5484
17169,140459.344,10.272,5484
17170,140469.797,10.437,5484
17171,140480.344,10.556,5484
17172,140490.859,10.507,5484
17173,140501.609,10.757,5484
17174,140511.875,10.272,5484
17175,140522.109,10.215,5484
17176,140532.172,10.061,5484
17177,140542.703,10.550,5484
17178,140552.453, 9.748,5484
17179,140563.047,10.579,5484
17180,140573.172,10.136,5484
17181,140583.141, 9.961,5484
17182,140593.234,10.101,5484
17183,140605.328,12.093,5484
17184,140615.875,10.549,5484
17185,140628.109,12.231,5484
17186,140639.234,11.133,5484
17187,140649.422,10.177,5484
17188,140659.766,10.342,5484
17189,140670.531,10.766,5484
17190,140680.766,10.233,5484
17191,140691.047,10.278,5484
17192,140701.922,10.885,5484
17193,140712.656,10.732,5484
17194,140722.531, 9.880,5484
17195,140732.969,10.436,5484
17196,140743.703,10.732,5484
17197,140754.344,10.640,5484
17198,140764.250, 9.897,5484
17199,140774.797,10.542,5484
17200,140785.750,10.966,5484
17201,140796.313,10.565,5484
17202,140807.313,10.999,5484
17203,140819.047,11.737,5484
17204,140829.766,10.723,5484
17205,140840.922,11.149,5484
17206,140851.859,10.935,5484
17207,140862.563,10.706,5484
17208,140873.922,11.358,5484
17209,140885.219,11.310,5484
17210,140896.094,10.850,5484
17211,140906.891,10.811,5484
17212,140918.734,11.840,5484
17213,140929.766,11.042,5484
17214,140941.078,11.299,5484
17215,140951.625,10.556,5484
17216,140963.109,11.490,5484
17217,140974.375,11.262,5484
17218,140985.672,11.287,5484
17219,140997.141,11.473,5484
17220,141007.219,10.087,5484
17221,141017.438,10.203,5484
17222,141030.703,13.281,5484
17223,141041.578,10.871,5484
17224,141052.078,10.493,5484
17225,141062.266,10.186,5484
17226,141072.125, 9.856,5484
17227,141082.141,10.014,5484
17228,141091.969, 9.851,5484
17229,141102.500,10.521,5484
17230,141113.016,10.506,5484
17231,141123.500,10.487,5484
17232,141134.844,11.344,5484
17233,141145.344,10.516,5484
17234,141156.219,10.865,5484
17235,141167.344,11.135,5484
17236,141177.375,10.025,5484
17237,141187.203, 9.831,5484
17238,141198.672,11.462,5484
17239,141208.766,10.081,5484
17240,141218.984,10.229,5484
17241,141228.875, 9.887,5484
17242,141239.797,10.927,5484
17243,141250.297,10.501,5484
17244,141260.172, 9.872,5484
17245,141270.156, 9.983,5484
17246,141281.766,11.610,5484
17247,141292.797,11.031,5484
17248,141303.422,10.623,5484
17249,141313.875,10.467,5484
17250,141324.000,10.128,5484
17251,141334.422,10.409,5484
17252,141345.156,10.730,5484
17253,141355.250,10.096,5484
17254,141365.203, 9.952,5484
17255,141375.984,10.788,5484
17256,141386.500,10.521,5484
17257,141396.469, 9.964,5484
17258,141407.313,10.843,5484
17259,141418.328,11.008,5484
17260,141430.500,12.170,5484
17261,141441.516,11.011,5484
17262,141452.453,10.941,5484
17263,141462.859,10.405,5484
17264,141473.031,10.172,5484
17265,141483.672,10.648,5484
17266,141493.938,10.274,5484
17267,141505.563,11.620,5484
17268,141515.609,10.045,5484
17269,141526.328,10.713,5484
17270,141537.438,11.106,5484
17271,141547.703,10.267,5484
17272,141558.922,11.227,5484
17273,141569.594,10.662,5484
17274,141580.078,10.488,5484
17275,141590.359,10.280,5484
17276,141600.703,10.363,5484
17277,141612.078,11.362,5484
17278,141623.219,11.139,5484
17279,141634.063,10.836,5484
17280,141645.031,10.975,5484
17281,141656.500,11.473,5484
17282,141668.797,12.282,5484
17283,141679.297,10.514,5484
17284,141690.438,11.137,5484
17285,141701.078,10.637,5484
17286,141711.469,10.397,5484
17287,141722.219,10.752,5484
17288,141732.703,10.486,5484
17289,141744.172,11.457,5484
17290,141755.141,10.975,5484
17291,141766.625,11.489,5484
17292,141779.922,13.295,5484
17293,141789.813, 9.887,5484
17294,141800.516,10.714,5484
17295,141811.000,10.482,5484
17296,141821.891,10.891,5484
17297,141833.422,11.511,5484
17298,141844.531,11.121,5484
17299,141854.672,10.145,5484
17300,141865.375,10.710,5484
17301,141876.094,10.705,5484
17302,141886.359,10.270,5484
17303,141897.609,11.255,5484
17304,141908.188,10.563,5484
17305,141918.625,10.462,5484
17306,141929.281,10.649,5484
17307,141940.609,11.322,5484
17308,141950.922,10.312,5484
17309,141960.922,10.002,5484
17310,141971.953,11.033,5484
17311,141982.891,10.929,5484
17312,141993.516,10.617,5484
17313,142003.594,10.081,5484
17314,142013.953,10.378,5484
17315,142024.438,10.470,5484
17316,142034.609,10.182,5484
17317,142045.672,11.058,5484
17318,142056.781,11.102,5484
17319,142067.172,10.393,5484
17320,142076.844, 9.668,5484
17321,142087.734,10.896,5484
17322,142097.906,10.183,5484
17323,142108.438,10.532,5484
17324,142119.047,10.596,5484
17325,142129.734,10.686,5484
17326,142140.016,10.289,5484
17327,142150.250,10.225,5484
17328,142161.219,10.973,5484
17329,142172.406,11.197,5484
17330,142182.625,10.213,5484
17331,142193.063,10.438,5484
17332,142204.250,11.185,5484
17333,142216.297,12.040,5484
17334,142228.547,12.267,5484
17335,142239.891,11.334,5484
17336,142250.484,10.604,5484
17337,142260.859,10.365,5484
17338,142271.734,10.871,5484
17339,142282.266,10.535,5484
17340,142293.078,10.810,5484
17341,142304.859,11.776,5484
17342,142315.297,10.451,5484
17343,142325.703,10.404,5484
17344,142336.031,10.338,5484
17345,142346.375,10.332,5484
17346,142357.188,10.816,5484
17347,142366.750, 9.549,5484
17348,142377.094,10.348,5484
17349,142387.719,10.630,5484
17350,142399.188,11.466,5484
17351,142410.844,11.658,5484
17352,142422.125,11.277,5484
17353,142433.578,11.461,5484
17354,142444.672,11.097,5484
17355,142455.625,10.951,5484
17356,142466.688,11.066,5484
17357,142477.453,10.749,5484
17358,142489.016,11.578,5484
17359,142499.563,10.537,5484
17360,142510.609,11.057,5484
17361,142522.422,11.804,5484
17362,142533.453,11.036,5484
17363,142544.328,10.877,5484
17364,142555.813,11.476,5484
17365,142566.141,10.321,5484
17366,142576.375,10.244,5484
17367,142586.578,10.210,5484
17368,142596.750,10.160,5484
17369,142606.797,10.048,5484
17370,142617.016,10.222,5484
17371,142629.016,12.009,5484
17372,142639.859,10.841,5484
17373,142650.172,10.309,5484
17374,142660.797,10.624,5484
17375,142671.469,10.662,5484
17376,142682.000,10.542,5484
17377,142692.375,10.381,5484
17378,142703.938,11.568,5484
17379,142714.156,10.205,5484
17380,142725.031,10.885,5484
17381,142736.375,11.341,5484
17382,142747.656,11.280,5484
17383,142757.953,10.298,5484
17384,142768.000,10.051,5484
17385,142778.125,10.108,5484
17386,142788.234,10.110,5484
17387,142798.578,10.361,5484
17388,142808.781,10.190,5484
17389,142818.531, 9.754,5484
17390,142828.656,10.125,5484
17391,142839.141,10.483,5484
17392,142849.250,10.114,5484
17393,142859.578,10.320,5484
17394,142869.922,10.355,5484
17395,142879.906, 9.977,5484
17396,142890.266,10.350,5484
17397,142899.938, 9.692,5484
17398,142909.969,10.024,5484
17399,142919.875, 9.905,5484
17400,142929.500, 9.617,5484
17401,142941.094,11.604,5484
17402,142951.141,10.051,5484
17403,142961.578,10.426,5484
17404,142972.172,10.585,5484
17405,142982.984,10.816,5484
17406,142993.297,10.322,5484
17407,143004.281,10.982,5484
17408,143014.984,10.698,5484
17409,143027.844,12.869,5484
17410,143039.750,11.899,5484
17411,143051.984,12.240,5484
17412,143063.469,11.482,5484
17413,143073.688,10.221,5484
17414,143084.906,11.206,5484
17415,143095.797,10.902,5484
17416,143107.156,11.357,5484
17417,143118.141,10.985,5484
17418,143128.766,10.614,5484
17419,143140.188,11.425,5484
17420,143151.500,11.310,5484
17421,143164.109,12.621,5484
17422,143175.656,11.546,5484
17423,143188.578,12.925,5484
17424,143198.594,10.012,5484
17425,143208.594,10.012,5484
17426,143218.375, 9.766,5484
17427,143228.500,10.134,5484
17428,143238.563,10.067,5484
17429,143248.500, 9.930,5484
17430,143258.938,10.427,5484
17431,143269.078,10.157,5484
17432,143279.219,10.133,5484
17433,143289.250,10.042,5484
17434,143299.094, 9.835,5484
17435,143310.109,11.004,5484
17436,143320.344,10.241,5484
17437,143330.219, 9.870,5484
17438,143340.641,10.440,5484
17439,143350.672,10.024,5484
17440,143361.328,10.658,5484
17441,143372.156,10.821,5484
17442,143382.453,10.302,5484
17443,143392.672,10.223,5484
17444,143402.563, 9.887,5484
17445,143412.813,10.238,5484
17446,143424.672,11.872,5484
17447,143435.781,11.104,5484
17448,143447.438,11.654,5484
17449,143458.219,10.788,5484
17450,143469.672,11.450,5484
17451,143480.266,10.594,5484
17452,143491.250,10.987,5484
17453,143501.516,10.255,5484
17454,143511.750,10.239,5484
17455,143522.078,10.328,5484
17456,143533.172,11.102,5484
17457,143543.484,10.305,5484
17458,143554.672,11.201,5484
17459,143564.375, 9.699,5484
17460,143574.984,10.596,5484
17461,143585.453,10.471,5484
17462,143596.344,10.894,5484
17463,143606.891,10.545,5484
17464,143617.672,10.789,5484
17465,143627.813,10.133,5484
17466,143638.547,10.742,5484
17467,143648.938,10.388,5484
17468,143659.500,10.558,5484
17469,143670.531,11.039,5484
17470,143682.031,11.497,5484
17471,143693.625,11.591,5484
17472,143704.391,10.775,5484
17473,143714.922,10.518,5484
17474,143725.703,10.779,5484
17475,143737.547,11.844,5484
17476,143748.641,11.106,5484
17477,143759.281,10.643,5484
17478,143770.250,10.958,5484
17479,143781.250,11.012,5484
17480,143792.766,11.496,5484
17481,143803.719,10.957,5484
17482,143815.172,11.471,5484
17483,143827.859,12.684,5484
17484,143838.563,10.701,5484
17485,143848.797,10.224,5484
17486,143859.047,10.263,5484
17487,143869.203,10.153,5484
17488,143880.344,11.128,5484
17489,143890.688,10.364,5484
17490,143901.609,10.910,5484
17491,143912.422,10.807,5484
17492,143922.188, 9.763,5484
17493,143932.094, 9.901,5484
17494,143942.625,10.543,5484
17495,143952.656,10.040,5484
17496,143963.078,10.415,5484
17497,143972.875, 9.787,5484
17498,143983.531,10.663,5484
17499,143994.875,11.335,5484
17500,144007.078,12.207,5484
17501,144018.813,11.735,5484
17502,144029.016,10.204,5484
17503,144040.172,11.157,5484
17504,144050.344,10.174,5484
17505,144060.641,10.310,5484
17506,144071.281,10.642,5484
17507,144082.234,10.934,5484
17508,144092.297,10.074,5484
17509,144103.047,10.748,5484
17510,144113.797,10.757,5484
17511,144123.828,10.026,5484
17512,144134.438,10.609,5484
17513,144145.281,10.838,5484
17514,144155.344,10.068,5484
17515,144165.359,10.015,5484
17516,144175.609,10.244,5484
17517,144185.391, 9.782,5484
17518,144196.031,10.643,5484
17519,144205.813, 9.781,5484
17520,144218.406,12.603,5484
17521,144230.313,11.900,5484
17522,144240.672,10.371,5484
17523,144250.969,10.285,5484
17524,144261.016,10.041,5484
17525,144271.625,10.617,5484
17526,144282.922,11.283,5484
17527,144293.578,10.670,5484
17528,144303.813,10.225,5484
17529,144313.641, 9.829,5484
17530,144324.391,10.757,5484
17531,144334.813,10.421,5484
17532,144344.906,10.083,5484
17533,144354.938,10.034,5484
17534,144365.641,10.704,5484
17535,144376.016,10.383,5484
17536,144386.453,10.442,5484
17537,144397.328,10.870,5484
17538,144407.953,10.630,5484
17539,144417.875, 9.920,5484
17540,144430.125,12.236,5484
17541,144441.797,11.682,5484
17542,144453.094,11.303,5484
17543,144463.828,10.734,5484
17544,144474.406,10.572,5484
17545,144484.844,10.430,5484
17546,144495.609,10.768,5484
17547,144506.406,10.796,5484
17548,144517.438,11.030,5484
17549,144528.938,11.500,5484
17550,144540.547,11.620,5484
17551,144551.750,11.206,5484
17552,144562.844,11.082,5484
17553,144573.859,11.031,5484
17554,144585.031,11.165,5484
17555,144595.297,10.274,5484
17556,144605.594,10.279,5484
17557,144616.844,11.252,5484
17558,144628.344,11.497,5484
17559,144639.250,10.913,5484
17560,144650.594,11.348,5484
17561,144660.984,10.390,5484
17562,144671.016,10.027,5484
17563,144681.703,10.691,5484
17564,144691.875,10.179,5484
17565,144702.438,10.557,5484
17566,144712.859,10.412,5484
17567,144723.031,10.175,5484
17568,144733.672,10.636,5484
17569,144744.453,10.789,5484
17570,144755.406,10.939,5484
17571,144765.313, 9.923,5484
17572,144775.797,10.490,5484
17573,144785.781, 9.980,5484
17574,144796.125,10.328,5484
17575,144806.188,10.067,5484
17576,144816.469,10.291,5484
17577,144826.266, 9.796,5484
17578,144836.828,10.551,5484
17579,144846.531, 9.708,5484
17580,144856.766,10.225,5484
17581,144866.578, 9.836,5484
17582,144876.859,10.262,5484
17583,144887.109,10.260,5484
17584,144897.766,10.658,5484
17585,144908.172,10.405,5484
17586,144917.891, 9.718,5484
17587,144928.328,10.443,5484
17588,144940.625,12.290,5484
17589,144950.984,10.357,5484
17590,144961.750,10.769,5484
17591,144972.188,10.426,5484
17592,144982.938,10.756,5484
17593,144992.844, 9.900,5484
17594,145003.547,10.711,5484
17595,145015.703,12.165,5484
17596,145027.844,12.131,5484
17597,145038.703,10.868,5484
17598,145049.656,10.949,5484
17599,145060.813,11.150,5484
17600,145071.516,10.702,5484
17601,145082.219,10.715,5484
17602,145092.406,10.179,5484
17603,145102.859,10.451,5484
17604,145112.953,10.102,5484
17605,145122.703, 9.755,5484
17606,145133.156,10.451,5484
17607,145143.281,10.124,5484
17608,145153.594,10.309,5484
17609,145163.984,10.391,5484
17610,145174.391,10.406,5484
17611,145185.875,11.483,5484
17612,145197.969,12.108,5484
17613,145208.891,10.901,5484
17614,145219.563,10.669,5484
17615,145230.016,10.469,5484
17616,145240.625,10.604,5484
17617,145251.141,10.526,5484
17618,145262.266,11.113,5484
17619,145273.188,10.935,5484
17620,145283.953,10.758,5484
17621,145294.672,10.728,5484
17622,145305.484,10.793,5484
17623,145315.875,10.406,5484
17624,145326.578,10.702,5484
17625,145337.203,10.618,5484
17626,145348.188,10.975,5484
17627,145359.719,11.535,5484
17628,145370.563,10.848,5484
17629,145380.875,10.309,5484
17630,145391.703,10.826,5484
17631,145401.656, 9.956,5484
17632,145412.000,10.354,5484
17633,145424.078,12.057,5484
17634,145435.469,11.399,5484
17635,145446.281,10.810,5484
17636,145456.813,10.529,5484
17637,145466.969,10.164,5484
17638,145477.031,10.058,5484
17639,145487.328,10.303,5484
17640,145497.734,10.404,5484
17641,145508.234,10.497,5484
17642,145518.438,10.207,5484
17643,145528.531,10.095,5484
17644,145538.953,10.428,5484
17645,145549.094,10.129,5484
17646,145559.281,10.200,5484
17647,145569.891,10.612,5484
17648,145580.734,10.827,5484
17649,145590.406, 9.686,5484
17650,145600.750,10.333,5484
17651,145611.594,10.840,5484
17652,145621.438, 9.842,5484
17653,145631.984,10.560,5484
17654,145641.891, 9.906,5484
17655,145652.188,10.283,5484
17656,145662.531,10.354,5484
17657,145672.781,10.247,5484
17658,145683.078,10.303,5484
17659,145693.016, 9.934,5484
17660,145702.781, 9.759,5484
17661,145712.891,10.117,5484
17662,145723.234,10.357,5484
17663,145733.813,10.571,5484
17664,145743.703, 9.878,5484
17665,145753.438, 9.730,5484
17666,145763.531,10.098,5484
17667,145774.250,10.726,5484
17668,145784.563,10.310,5484
17669,145795.109,10.557,5484
17670,145805.172,10.065,5484
17671,145816.891,11.711,5484
17672,145828.688,11.798,5484
17673,145839.953,11.264,5484
17674,145850.109,10.142,5484
17675,145860.359,10.258,5484
17676,145870.469,10.120,5484
17677,145881.031,10.553,5484
17678,145891.672,10.640,5484
17679,145902.016,10.354,5484
17680,145912.469,10.449,5484
17681,145922.938,10.468,5484
17682,145933.469,10.518,5484
17683,145943.719,10.254,5484
17684,145953.844,10.143,5484
17685,145963.844, 9.996,5484
17686,145974.594,10.756,5484
17687,145986.125,11.517,5484
17688,145997.172,11.054,5484
17689,146008.453,11.283,5484
17690,146018.750,10.277,5484
17691,146029.859,11.130,5484
17692,146040.953,11.079,5484
17693,146051.859,10.920,5484
17694,146062.688,10.831,5484
17695,146072.984,10.285,5484
17696,146084.422,11.443,5484
17697,146096.328,11.894,5484
17698,146108.203,11.888,5484
17699,146119.125,10.914,5484
17700,146129.844,10.722,5484
17701,146141.438,11.587,5484
17702,146151.609,10.179,5484
17703,146161.594, 9.978,5484
17704,146171.266, 9.679,5484
17705,146181.125, 9.853,5484
17706,146191.078, 9.965,5484
17707,146200.656, 9.573,5484
17708,146210.766,10.110,5484
17709,146222.219,11.441,5484
17710,146233.422,11.207,5484
17711,146243.844,10.434,5484
17712,146254.625,10.780,5484
17713,146265.250,10.629,5484
17714,146275.453,10.182,5484
17715,146286.000,10.562,5484
17716,146296.172,10.161,5484
17717,146306.922,10.751,5484
17718,146317.438,10.524,5484
17719,146327.844,10.415,5484
17720,146337.391, 9.523,5484
17721,146348.500,11.127,5484
17722,146358.984,10.479,5484
17723,146368.734, 9.743,5484
17724,146379.328,10.618,5484
17725,146389.188, 9.844,5484
17726,146398.813, 9.616,5484
17727,146408.203, 9.396,5484
17728,146419.391,11.187,5484
17729,146429.469,10.070,5484
17730,146440.594,11.146,5484
17731,146450.781,10.169,5484
17732,146461.734,10.963,5484
17733,146471.953,10.225,5484
17734,146481.578, 9.617,5484
17735,146491.891,10.325,5484
17736,146502.688,10.797,5484
17737,146513.203,10.515,5484
17738,146524.266,11.044,5484
17739,146534.563,10.311,5484
17740,146545.703,11.137,5484
17741,146556.484,10.774,5484
17742,146568.016,11.548,5484
17743,146578.500,10.482,5484
17744,146588.813,10.295,5484
17745,146599.484,10.676,5484
17746,146610.266,10.779,5484
17747,146622.344,12.092,5484
17748,146633.594,11.233,5484
17749,146644.656,11.073,5484
17750,146656.000,11.356,5484
17751,146666.750,10.731,5484
17752,146678.109,11.352,5484
17753,146689.266,11.178,5484
17754,146700.438,11.168,5484
17755,146712.125,11.677,5484
17756,146722.609,10.503,5484
17757,146733.391,10.767,5484
17758,146744.844,11.449,5484
17759,146756.453,11.621,5484
17760,146767.484,11.013,5484
17761,146777.547,10.075,5484
17762,146787.547, 9.989,5484
17763,146797.688,10.145,5484
17764,146807.359, 9.678,5484
17765,146817.547,10.185,5484
17766,146827.594,10.050,5484
17767,146837.703,10.111,5484
17768,146847.516, 9.807,5484
17769,146857.781,10.277,5484
17770,146868.313,10.517,5484
17771,146878.281, 9.966,5484
17772,146888.859,10.581,5484
17773,146899.500,10.639,5484
17774,146909.688,10.192,5484
17775,146919.391, 9.702,5484
17776,146929.328, 9.943,5484
17777,146939.438,10.097,5484
17778,146949.297, 9.870,5484
17779,146960.156,10.860,5484
17780,146970.406,10.245,5484
17781,146979.797, 9.395,5484
17782,146990.422,10.621,5484
17783,147000.625,10.218,5484
17784,147011.109,10.478,5484
17785,147022.625,11.520,5484
17786,147033.672,11.034,5484
17787,147043.469, 9.789,5484
17788,147054.094,10.635,5484
17789,147064.234,10.143,5484
17790,147074.297,10.058,5484
17791,147084.094, 9.788,5484
17792,147094.359,10.275,5484
17793,147105.016,10.666,5484
17794,147115.469,10.442,5484
17795,147125.719,10.261,5484
17796,147135.891,10.167,5484
17797,147145.859, 9.974,5484
17798,147156.375,10.506,5484
17799,147166.953,10.587,5484
17800,147177.328,10.383,5484
17801,147187.531,10.187,5484
17802,147197.484, 9.951,5484
17803,147209.063,11.581,5484
17804,147219.797,10.738,5484
17805,147230.172,10.367,5484
17806,147240.266,10.102,5484
17807,147250.563,10.304,5484
17808,147261.172,10.609,5484
17809,147271.797,10.623,5484
17810,147283.516,11.708,5484
17811,147294.359,10.853,5484
17812,147306.438,12.071,5484
17813,147317.422,10.977,5484
17814,147328.656,11.250,5484
17815,147339.328,10.679,5484
17816,147349.703,10.355,5484
17817,147360.313,10.608,5484
17818,147371.828,11.520,5484
17819,147382.344,10.515,5484
17820,147393.094,10.754,5484
17821,147403.688,10.591,5484
17822,147416.609,12.936,5484
17823,147428.750,12.119,5484
17824,147439.016,10.272,5484
17825,147449.344,10.340,5484
17826,147460.391,11.047,5484
17827,147471.297,10.906,5484
17828,147481.984,10.685,5484
17829,147492.141,10.140,5484
17830,147503.578,11.452,5484
17831,147513.484, 9.891,5484
17832,147524.031,10.561,5484
17833,147534.859,10.814,5484
17834,147545.234,10.386,5484
17835,147555.125, 9.891,5484
17836,147565.672,10.549,5484
17837,147575.578, 9.897,5484
17838,147585.719,10.145,5484
17839,147595.250, 9.534,5484
17840,147605.203, 9.965,5484
17841,147615.531,10.310,5484
17842,147626.234,10.711,5484
17843,147636.469,10.238,5484
17844,147647.141,10.665,5484
17845,147657.156,10.029,5484
17846,147667.563,10.392,5484
17847,147677.719,10.163,5484
17848,147687.422, 9.690,5484
17849,147697.125, 9.711,5484
17850,147707.063, 9.938,5484
17851,147716.578, 9.529,5484
17852,147726.344, 9.751,5484
17853,147736.422,10.086,5484
17854,147746.984,10.551,5484
17855,147757.484,10.494,5484
17856,147767.594,10.118,5484
17857,147777.250, 9.673,5484
17858,147787.094, 9.833,5484
17859,147796.953, 9.852,5484
17860,147807.813,10.865,5484
17861,147819.531,11.712,5484
17862,147830.438,10.912,5484
17863,147840.438,10.000,5484
17864,147851.047,10.602,5484
17865,147861.328,10.300,5484
17866,147871.297, 9.964,5484
17867,147882.016,10.722,5484
17868,147891.953, 9.932,5484
17869,147901.766, 9.808,5484
17870,147912.156,10.390,5484
17871,147922.578,10.428,5484
17872,147932.516, 9.932,5484
17873,147942.688,10.183,5484
17874,147952.953,10.257,5484
17875,147964.156,11.196,5484
17876,147974.750,10.597,5484
17877,147985.063,10.316,5484
17878,147995.313,10.255,5484
17879,148005.422,10.102,5484
17880,148016.281,10.853,5484
17881,148027.688,11.413,5484
17882,148038.203,10.517,5484
17883,148048.609,10.411,5484
17884,148059.828,11.217,5484
17885,148071.516,11.673,5484
17886,148082.672,11.172,5484
17887,148094.125,11.436,5484
17888,148104.984,10.872,5484
17889,148116.328,11.344,5484
17890,148127.578,11.247,5484
17891,148137.875,10.299,5484
17892,148149.188,11.324,5484
17893,148160.953,11.756,5484
17894,148173.703,12.742,5484
17895,148186.516,12.827,5484
17896,148197.125,10.598,5484
17897,148208.578,11.460,5484
17898,148221.578,12.997,5484
17899,148233.563,11.973,5484
17900,148243.469, 9.916,5484
17901,148253.766,10.303,5484
17902,148264.375,10.604,5484
17903,148275.078,10.708,5484
17904,148286.328,11.246,5484
17905,148296.313, 9.981,5484
17906,148306.125, 9.801,5484
17907,148316.313,10.205,5484
17908,148326.969,10.653,5484
17909,148337.250,10.278,5484
17910,148347.781,10.530,5484
17911,148357.859,10.091,5484
17912,148367.844, 9.980,5484
17913,148377.641, 9.795,5484
17914,148388.156,10.514,5484
17915,148398.922,10.769,5484
17916,148408.828, 9.891,5484
17917,148418.563, 9.750,5484
17918,148428.891,10.317,5484
17919,148439.078,10.195,5484
17920,148449.719,10.635,5484
17921,148460.422,10.713,5484
17922,148470.766,10.329,5484
17923,148480.531, 9.775,5484
17924,148490.969,10.442,5484
17925,148501.422,10.449,5484
17926,148511.703,10.287,5484
17927,148522.563,10.863,5484
17928,148532.203, 9.632,5484
17929,148541.734, 9.524,5484
17930,148551.313, 9.587,5484
17931,148561.531,10.212,5484
17932,148571.156, 9.633,5484
17933,148581.391,10.227,5484
17934,148591.344, 9.970,5484
17935,148602.078,10.712,5484
17936,148613.641,11.562,5484
17937,148625.594,11.967,5484
17938,148636.453,10.863,5484
17939,148646.781,10.318,5484
17940,148657.734,10.960,5484
17941,148668.000,10.263,5484
17942,148677.969, 9.973,5484
17943,148687.875, 9.902,5484
17944,148697.906,10.035,5484
17945,148709.406,11.484,5484
17946,148719.547,10.148,5484
17947,148730.203,10.652,5484
17948,148740.344,10.145,5484
17949,148750.422,10.088,5484
17950,148760.344, 9.917,5484
17951,148771.781,11.443,5484
17952,148783.063,11.276,5484
17953,148793.500,10.430,5484
17954,148805.359,11.872,5484
17955,148816.484,11.125,5484
17956,148827.656,11.155,5484
17957,148838.953,11.302,5484
17958,148849.797,10.855,5484
17959,148860.766,10.949,5484
17960,148871.500,10.742,5484
17961,148882.016,10.522,5484
17962,148892.219,10.203,5484
17963,148902.156, 9.929,5484
17964,148912.656,10.508,5484
17965,148923.734,11.071,5484
17966,148936.250,12.519,5484
17967,148947.016,10.765,5484
17968,148958.406,11.402,5484
17969,148968.188, 9.772,5484
17970,148977.984, 9.800,5484
17971,148987.859, 9.876,5484
17972,148997.797, 9.939,5484
17973,149007.313, 9.513,5484
17974,149018.047,10.726,5484
17975,149031.406,13.354,5484
17976,149041.703,10.312,5484
17977,149051.703, 9.998,5484
17978,149061.984,10.284,5484
17979,149072.531,10.546,5484
17980,149082.469, 9.934,5484
17981,149092.453, 9.992,5484
17982,149102.094, 9.631,5484
17983,149112.109,10.010,5484
17984,149122.172,10.071,5484
17985,149132.594,10.420,5484
17986,149143.203,10.614,5484
17987,149153.281,10.078,5484
17988,149163.781,10.502,5484
17989,149173.828,10.052,5484
17990,149183.547, 9.712,5484
17991,149193.219, 9.668,5484
17992,149202.813, 9.583,5484
17993,149212.813,10.001,5484
17994,149222.422, 9.618,5484
17995,149232.234, 9.818,5484
17996,149242.766,10.514,5484
17997,149253.063,10.309,5484
17998,149263.000, 9.939,5484
17999,149273.516,10.512,5484
18000,149283.547,10.025,5484
18001,149293.141, 9.605,5484
18002,149303.156,10.014,5484
18003,149313.188,10.042,5484
18004,149324.000,10.801,5484
18005,149334.016,10.026,5484
18006,149343.969, 9.943,5484
18007,149355.266,11.305,5484
18008,149365.703,10.432,5484
18009,149376.234,10.530,5484
18010,149386.594,10.359,5484
18011,149396.641,10.052,5484
18012,149406.719,10.062,5484
18013,149418.234,11.530,5484
18014,149430.844,12.604,5484
18015,149442.953,12.115,5484
18016,149455.656,12.701,5484
18017,149467.094,11.440,5484
18018,149477.891,10.802,5484
18019,149489.188,11.299,5484
18020,149499.734,10.543,5484
18021,149511.266,11.531,5484
18022,149521.906,10.634,5484
18023,149533.000,11.084,5484
18024,149544.203,11.204,5484
18025,149555.141,10.951,5484
18026,149566.531,11.391,5484
18027,149577.344,10.813,5484
18028,149588.016,10.679,5484
18029,149597.953, 9.922,5484
18030,149608.344,10.399,5484
18031,149618.109, 9.750,5484
18032,149627.563, 9.452,5484
18033,149637.656,10.110,5484
18034,149647.281, 9.624,5484
18035,149657.172, 9.893,5484
18036,149667.656,10.477,5484
18037,149677.516, 9.848,5484
18038,149687.219, 9.718,5484
18039,149697.266,10.052,5484
18040,149706.938, 9.666,5484
18041,149717.266,10.328,5484
18042,149726.875, 9.608,5484
18043,149736.141, 9.257,5484
18044,149746.219,10.086,5484
18045,149755.984, 9.777,5484
18046,149765.953, 9.957,5484
18047,149776.156,10.205,5484
18048,149786.797,10.628,5484
18049,149796.578, 9.797,5484
18050,149806.359, 9.777,5484
18051,149818.781,12.410,5484
18052,149829.625,10.847,5484
18053,149839.734,10.120,5484
18054,149849.438, 9.698,5484
18055,149859.500,10.053,5484
18056,149869.547,10.062,5484
18057,149879.875,10.331,5484
18058,149890.688,10.821,5484
18059,149900.641, 9.943,5484
18060,149910.422, 9.772,5484
18061,149920.234, 9.817,5484
18062,149931.188,10.961,5484
18063,149941.406,10.202,5484
18064,149951.297, 9.906,5484
18065,149962.313,11.016,5484
18066,149972.344,10.026,5484
18067,149981.688, 9.345,5484
18068,149992.906,11.220,5484
18069,150002.844, 9.934,5484
18070,150013.219,10.379,5484
18071,150023.563,10.342,5484
18072,150034.406,10.842,5484
18073,150045.438,11.017,5484
18074,150055.484,10.050,5484
18075,150066.078,10.598,5484
18076,150076.547,10.484,5484
18077,150086.594,10.050,5484
18078,150097.500,10.885,5484
18079,150108.000,10.524,5484
18080,150118.359,10.346,5484
18081,150129.188,10.831,5484
18082,150140.719,11.519,5484
18083,150152.297,11.592,5484
18084,150162.438,10.135,5484
18085,150172.734,10.284,5484
18086,150184.484,11.768,5484
18087,150195.500,11.000,5484
18088,150208.141,12.643,5484
18089,150220.203,12.073,5484
18090,150232.047,11.837,5484
18091,150242.141,10.092,5484
18092,150252.484,10.347,5484
18093,150262.656,10.185,5484
18094,150272.984,10.321,5484
18095,150283.094,10.101,5484
18096,150293.328,10.239,5484
18097,150304.172,10.843,5484
18098,150315.031,10.866,5484
18099,150324.922, 9.878,5484
18100,150335.188,10.274,5484
18101,150345.422,10.220,5484
18102,150355.797,10.395,5484
18103,150365.547, 9.741,5484
18104,150374.719, 9.159,5484
18105,150384.188, 9.477,5484
18106,150394.484,10.299,5484
18107,150405.734,11.251,5484
18108,150416.781,11.045,5484
18109,150426.766, 9.981,5484
18110,150436.984,10.232,5484
18111,150447.031,10.045,5484
18112,150457.703,10.665,5484
18113,150468.234,10.535,5484
18114,150478.203, 9.967,5484
18115,150488.891,10.690,5484
18116,150499.641,10.755,5484
18117,150509.000, 9.346,5484
18118,150519.016,10.022,5484
18119,150529.563,10.548,5484
18120,150539.281, 9.721,5484
18121,150548.781, 9.486,5484
18122,150559.281,10.512,5484
18123,150568.813, 9.528,5484
18124,150579.156,10.343,5484
18125,150589.500,10.336,5484
18126,150599.297, 9.809,5484
18127,150610.750,11.439,5484
18128,150622.297,11.562,5484
18129,150633.281,10.993,5484
18130,150643.250, 9.958,5484
18131,150653.484,10.230,5484
18132,150663.750,10.280,5484
18133,150673.969,10.222,5484
18134,150683.625, 9.637,5484
18135,150693.328, 9.722,5484
18136,150703.781,10.442,5484
18137,150713.703, 9.916,5484
18138,150723.672, 9.980,5484
18139,150733.547, 9.870,5484
18140,150744.125,10.566,5484
18141,150754.500,10.394,5484
18142,150764.391, 9.884,5484
18143,150774.188, 9.786,5484
18144,150784.719,10.536,5484
18145,150795.328,10.614,5484
18146,150805.344,10.029,5484
18147,150816.219,10.853,5484
18148,150827.016,10.803,5484
18149,150837.391,10.372,5484
18150,150849.938,12.558,5484
18151,150861.297,11.362,5484
18152,150872.766,11.456,5484
18153,150883.719,10.951,5484
18154,150894.609,10.908,5484
18155,150905.688,11.070,5484
18156,150916.953,11.254,5484
18157,150928.109,11.157,5484
18158,150940.719,12.608,5484
18159,150952.234,11.527,5484
18160,150963.172,10.940,5484
18161,150974.391,11.213,5484
18162,150984.375, 9.991,5484
18163,150994.813,10.434,5484
18164,151006.219,11.402,5484
18165,151017.656,11.438,5484
18166,151027.344, 9.698,5484
18167,151037.703,10.344,5484
18168,151048.047,10.336,5484
18169,151058.125,10.094,5484
18170,151068.203,10.073,5484
18171,151078.219,10.010,5484
18172,151088.000, 9.798,5484
18173,151097.750, 9.742,5484
18174,151107.703, 9.959,5484
18175,151117.688, 9.974,5484
18176,151127.422, 9.729,5484
18177,151137.734,10.322,5484
18178,151147.672, 9.945,5484
18179,151157.484, 9.795,5484
18180,151168.313,10.838,5484
18181,151178.078, 9.754,5484
18182,151187.844, 9.781,5484
18183,151197.875,10.030,5484
18184,151207.750, 9.868,5484
18185,151217.359, 9.629,5484
18186,151227.406,10.023,5484
18187,151237.234, 9.843,5484
18188,151247.688,10.447,5484
18189,151258.516,10.832,5484
18190,151268.578,10.071,5484
18191,151278.734,10.146,5484
18192,151289.047,10.308,5484
18193,151298.813, 9.757,5484
18194,151308.688, 9.893,5484
18195,151318.250, 9.561,5484
18196,151328.063, 9.798,5484
18197,151338.531,10.489,5484
18198,151348.516, 9.976,5484
18199,151358.125, 9.594,5484
18200,151368.266,10.156,5484
18201,151379.094,10.823,5484
18202,151390.000,10.922,5484
18203,151401.844,11.837,5484
18204,151412.469,10.623,5484
18205,151422.359, 9.890,5484
18206,151432.234, 9.872,5484
18207,151442.438,10.203,5484
18208,151453.094,10.665,5484
18209,151464.266,11.166,5484
18210,151474.672,10.405,5484
18211,151485.875,11.205,5484
18212,151496.172,10.291,5484
18213,151506.609,10.439,5484
18214,151516.891,10.283,5484
18215,151526.719, 9.824,5484
18216,151536.594, 9.889,5484
18217,151546.828,10.220,5484
18218,151557.016,10.195,5484
18219,151567.766,10.748,5484
18220,151577.734, 9.970,5484
18221,151588.422,10.693,5484
18222,151599.078,10.641,5484
18223,151609.344,10.273,5484
18224,151619.344,10.003,5484
18225,151630.453,11.108,5484
18226,151640.563,10.114,5484
18227,151651.078,10.506,5484
18228,151661.844,10.773,5484
18229,151672.438,10.590,5484
18230,151682.875,10.433,5484
18231,151693.625,10.746,5484
18232,151705.453,11.833,5484
18233,151715.797,10.343,5484
18234,151726.203,10.410,5484
18235,151736.594,10.402,5484
18236,151746.547, 9.952,5484
18237,151756.469, 9.909,5484
18238,151766.281, 9.811,5484
18239,151776.063, 9.776,5484
18240,151786.109,10.050,5484
18241,151797.594,11.492,5484
18242,151809.203,11.606,5484
18243,151819.469,10.256,5484
18244,151829.156, 9.696,5484
18245,151839.563,10.399,5484
18246,151849.156, 9.606,5484
18247,151859.031, 9.872,5484
18248,151869.375,10.339,5484
18249,151879.031, 9.656,5484
18250,151889.328,10.305,5484
18251,151898.953, 9.615,5484
18252,151908.672, 9.727,5484
18253,151919.578,10.904,5484
18254,151929.469, 9.881,5484
18255,151939.141, 9.684,5484
18256,151949.219,10.077,5484
18257,151960.109,10.878,5484
18258,151970.469,10.375,5484
18259,151981.203,10.739,5484
18260,151991.234,10.026,5484
18261,152000.750, 9.507,5484
18262,152010.844,10.092,5484
18263,152021.063,10.232,5484
18264,152030.906, 9.833,5484
18265,152042.281,11.381,5484
18266,152054.391,12.116,5484
18267,152064.906,10.511,5484
18268,152075.297,10.388,5484
18269,152085.344,10.049,5484
18270,152094.641, 9.295,5484
18271,152104.313, 9.668,5484
18272,152113.891, 9.579,5484
18273,152124.516,10.626,5484
18274,152134.984,10.474,5484
18275,152144.859, 9.873,5484
18276,152155.234,10.384,5484
18277,152166.609,11.371,5484
18278,152178.016,11.401,5484
18279,152188.672,10.658,5484
18280,152200.797,12.115,5484
18281,152210.828,10.035,5484
18282,152220.281, 9.462,5484
18283,152230.688,10.412,5484
18284,152240.453, 9.749,5484
18285,152250.234, 9.780,5484
18286,152260.938,10.705,5484
18287,152271.156,10.228,5484
18288,152281.016, 9.860,5484
18289,152290.406, 9.395,5484
18290,152299.828, 9.416,5484
18291,152309.422, 9.580,5484
18292,152319.813,10.411,5484
18293,152329.328, 9.518,5484
18294,152340.297,10.954,5484
18295,152350.938,10.639,5484
18296,152361.609,10.674,5484
18297,152372.125,10.509,5484
18298,152383.438,11.317,5484
18299,152393.875,10.449,5484
18300,152404.297,10.409,5484
18301,152414.016, 9.730,5484
18302,152424.734,10.699,5484
18303,152434.734,10.013,5484
18304,152446.000,11.278,5484
18305,152456.859,10.851,5484
18306,152467.734,10.875,5484
18307,152478.781,11.033,5484
18308,152489.281,10.512,5484
18309,152499.266, 9.983,5484
18310,152509.516,10.240,5484
18311,152519.844,10.349,5484
18312,152530.281,10.418,5484
18313,152540.938,10.664,5484
18314,152550.547, 9.617,5484
18315,152560.063, 9.499,5484
18316,152570.375,10.317,5484
18317,152579.844, 9.476,5484
18318,152589.344, 9.500,5484
18319,152600.984,11.640,5484
18320,152611.656,10.670,5484
18321,152621.500, 9.846,5484
18322,152631.078, 9.586,5484
18323,152641.453,10.356,5484
18324,152651.203, 9.764,5484
18325,152661.906,10.698,5484
18326,152672.141,10.232,5484
18327,152682.016, 9.879,5484
18328,152691.656, 9.641,5484
18329,152701.266, 9.611,5484
18330,152711.813,10.548,5484
18331,152721.547, 9.734,5484
18332,152731.141, 9.596,5484
18333,152741.094, 9.954,5484
18334,152750.469, 9.366,5484
18335,152760.266, 9.789,5484
18336,152770.828,10.574,5484
18337,152780.813, 9.986,5484
18338,152790.453, 9.638,5484
18339,152799.969, 9.522,5484
18340,152809.469, 9.495,5484
18341,152818.953, 9.476,5484
18342,152828.172, 9.228,5484
18343,152838.375,10.209,5484
18344,152847.656, 9.273,5484
18345,152857.516, 9.849,5484
18346,152867.328, 9.822,5484
18347,152878.484,11.163,5484
18348,152888.297, 9.798,5484
18349,152898.469,10.181,5484
18350,152907.797, 9.331,5484
18351,152918.016,10.228,5484
18352,152928.203,10.166,5484
18353,152938.453,10.263,5484
18354,152949.406,10.942,5484
18355,152959.609,10.208,5484
18356,152970.188,10.568,5484
18357,152981.297,11.132,5484
18358,152992.047,10.728,5484
18359,153004.063,12.019,5484
18360,153015.109,11.055,5484
18361,153025.750,10.646,5484
18362,153036.813,11.055,5484
18363,153047.594,10.775,5484
18364,153057.688,10.102,5484
18365,153068.063,10.371,5484
18366,153078.422,10.368,5484
18367,153090.297,11.870,5484
18368,153100.844,10.549,5484
18369,153111.016,10.168,5484
18370,153120.953, 9.936,5484
18371,153131.578,10.626,5484
18372,153141.938,10.374,5484
18373,153153.094,11.145,5484
18374,153163.422,10.325,5484
18375,153173.516,10.090,5484
18376,153183.078, 9.565,5484
18377,153193.453,10.375,5484
18378,153203.297, 9.851,5484
18379,153213.016, 9.708,5484
18380,153222.813, 9.793,5484
18381,153233.203,10.400,5484
18382,153243.469,10.254,5484
18383,153253.766,10.319,5484
18384,153264.500,10.725,5484
18385,153274.078, 9.576,5484
18386,153284.531,10.458,5484
18387,153294.375, 9.843,5484
18388,153305.797,11.427,5484
18389,153315.375, 9.563,5484
18390,153325.250, 9.885,5484
18391,153334.938, 9.679,5484
18392,153344.953,10.015,5484
18393,153354.406, 9.466,5484
18394,153363.734, 9.330,5484
18395,153373.172, 9.437,5484
18396,153383.125, 9.945,5484
18397,153394.984,11.865,5484
18398,153406.078,11.090,5484
18399,153416.859,10.773,5484
18400,153426.672, 9.824,5484
18401,153437.078,10.411,5484
18402,153447.000, 9.911,5484
18403,153456.875, 9.869,5484
18404,153466.656, 9.804,5484
18405,153477.172,10.512,5484
18406,153487.219,10.044,5484
18407,153497.625,10.395,5484
18408,153507.297, 9.690,5484
18409,153518.906,11.591,5484
18410,153528.500, 9.598,5484
18411,153538.594,10.095,5484
18412,153548.672,10.076,5484
18413,153557.875, 9.208,5484
18414,153567.563, 9.672,5484
18415,153579.047,11.500,5484
18416,153589.828,10.777,5484
18417,153599.938,10.120,5484
18418,153610.219,10.275,5484
18419,153620.375,10.155,5484
18420,153631.609,11.228,5484
18421,153642.656,11.065,5484
18422,153653.000,10.329,5484
18423,153663.063,10.059,5484
18424,153673.313,10.256,5484
18425,153684.422,11.101,5484
18426,153694.484,10.064,5484
18427,153704.656,10.186,5484
18428,153714.750,10.072,5484
18429,153725.078,10.346,5484
18430,153736.250,11.164,5484
18431,153745.906, 9.667,5484
18432,153756.453,10.547,5484
18433,153766.578,10.122,5484
18434,153776.922,10.341,5484
18435,153789.422,12.494,5484
18436,153800.344,10.930,5484
18437,153811.156,10.809,5484
18438,153820.719, 9.547,5484
18439,153830.453, 9.744,5484
18440,153840.250, 9.797,5484
18441,153849.516, 9.258,5484
18442,153858.906, 9.394,5484
18443,153868.953,10.050,5484
18444,153878.469, 9.526,5484
18445,153888.734,10.260,5484
18446,153898.219, 9.488,5484
18447,153907.375, 9.137,5484
18448,153916.953, 9.586,5484
18449,153927.250,10.307,5484
18450,153937.313,10.071,5484
18451,153946.828, 9.502,5484
18452,153956.344, 9.516,5484
18453,153965.625, 9.282,5484
18454,153977.641,12.010,5484
18455,153988.813,11.175,5484
18456,153999.891,11.093,5484
18457,154011.406,11.504,5484
18458,154021.625,10.219,5484
18459,154032.203,10.572,5484
18460,154042.453,10.265,5484
18461,154054.156,11.696,5484
18462,154065.109,10.951,5484
18463,154074.766, 9.658,5484
18464,154084.172, 9.401,5484
18465,154093.813, 9.642,5484
18466,154103.375, 9.552,5484
18467,154112.453, 9.092,5484
18468,154121.734, 9.280,5484
18469,154131.531, 9.801,5484
18470,154141.688,10.154,5484
18471,154151.406, 9.717,5484
18472,154161.203, 9.798,5484
18473,154170.953, 9.751,5484
18474,154182.984,12.029,5484
18475,154194.422,11.443,5484
18476,154204.109, 9.685,5484
18477,154213.766, 9.652,5484
18478,154223.688, 9.917,5484
18479,154233.125, 9.441,5484
18480,154243.000, 9.883,5484
18481,154252.531, 9.526,5484
18482,154262.469, 9.937,5484
18483,154272.469,10.010,5484
18484,154283.859,11.385,5484
18485,154293.375, 9.506,5484
18486,154303.938,10.577,5484
18487,154313.734, 9.794,5484
18488,154323.422, 9.682,5484
18489,154333.641,10.215,5484
18490,154343.922,10.295,5484
18491,154353.672, 9.746,5484
18492,154363.656, 9.970,5484
18493,154373.813,10.172,5484
18494,154383.281, 9.472,5484
18495,154393.266, 9.975,5484
18496,154404.188,10.923,5484
18497,154413.672, 9.485,5484
18498,154423.625, 9.943,5484
18499,154434.828,11.207,5484
18500,154444.516, 9.692,5484
18501,154454.234, 9.710,5484
18502,154463.891, 9.669,5484
18503,154475.891,11.997,5484
18504,154486.203,10.302,5484
18505,154496.469,10.270,5484
18506,154506.109, 9.645,5484
18507,154516.672,10.576,5484
18508,154527.109,10.423,5484
18509,154537.422,10.306,5484
18510,154547.484,10.062,5484
18511,154557.984,10.522,5484
18512,154567.297, 9.297,5484
18513,154577.656,10.357,5484
18514,154589.000,11.342,5484
18515,154598.563, 9.573,5484
18516,154608.234, 9.666,5484
18517,154617.313, 9.083,5484
18518,154627.484,10.158,5484
18519,154636.719, 9.237,5484
18520,154645.891, 9.189,5484
18521,154655.281, 9.387,5484
18522,154664.531, 9.252,5484
18523,154674.281, 9.746,5484
18524,154683.844, 9.557,5484
18525,154693.438, 9.592,5484
18526,154702.984, 9.556,5484
18527,154712.906, 9.919,5484
18528,154723.000,10.096,5484
18529,154731.859, 8.864,5484
18530,154741.172, 9.303,5484
18531,154750.422, 9.248,5484
18532,154759.594, 9.175,5484
18533,154769.188, 9.596,5484
18534,154778.953, 9.756,5484
18535,154788.219, 9.263,5484
18536,154797.984, 9.784,5484
18537,154807.125, 9.132,5484
18538,154816.563, 9.443,5484
18539,154825.516, 8.948,5484
18540,154834.891, 9.369,5484
18541,154843.984, 9.110,5484
18542,154853.406, 9.401,5484
18543,154862.641, 9.257,5484
18544,154871.563, 8.909,5484
18545,154881.063, 9.494,5484
18546,154890.594, 9.544,5484
18547,154900.531, 9.930,5484
18548,154909.641, 9.101,5484
18549,154919.328, 9.709,5484
18550,154928.375, 9.033,5484
18551,154937.438, 9.055,5484
18552,154946.531, 9.100,5484
18553,154955.891, 9.370,5484
18554,154965.563, 9.660,5484
18555,154976.422,10.870,5484
18556,154988.516,12.085,5484
18557,154998.297, 9.785,5484
18558,155008.266, 9.968,5484
18559,155018.453,10.184,5484
18560,155028.234, 9.777,5484
18561,155037.219, 8.994,5484
18562,155047.016, 9.795,5484
18563,155056.047, 9.028,5484
18564,155065.219, 9.173,5484
18565,155074.406, 9.193,5484
18566,155084.016, 9.618,5484
18567,155093.516, 9.482,5484
18568,155102.766, 9.240,5484
18569,155112.906,10.156,5484
18570,155123.016,10.104,5484
18571,155132.422, 9.406,5484
18572,155142.094, 9.663,5484
18573,155151.688, 9.604,5484
18574,155162.063,10.371,5484
18575,155171.469, 9.404,5484
18576,155181.063, 9.609,5484
18577,155191.250,10.190,5484
18578,155201.031, 9.779,5484
18579,155210.656, 9.625,5484
18580,155220.719,10.056,5484
18581,155230.547, 9.828,5484
18582,155240.547,10.003,5484
18583,155250.922,10.376,5484
18584,155260.469, 9.549,5484
18585,155269.766, 9.295,5484
18586,155279.094, 9.324,5484
18587,155289.500,10.405,5484
18588,155299.063, 9.572,5484
18589,155309.047, 9.983,5484
18590,155318.859, 9.807,5484
18591,155329.766,10.904,5484
18592,155339.031, 9.260,5484
18593,155348.281, 9.252,5484
18594,155357.125, 8.847,5484
18595,155365.922, 8.802,5484
18596,155375.781, 9.866,5484
18597,155386.344,10.557,5484
18598,155396.516,10.174,5484
18599,155405.375, 8.851,5484
18600,155415.188, 9.824,5484
18601,155424.594, 9.397,5484
18602,155434.828,10.232,5484
18603,155443.859, 9.032,5484
18604,155453.469, 9.598,5484
18605,155462.922, 9.457,5484
18606,155471.938, 9.037,5484
18607,155481.500, 9.552,5484
18608,155490.875, 9.371,5484
18609,155500.406, 9.527,5484
18610,155510.063, 9.647,5484
18611,155519.188, 9.145,5484
18612,155528.297, 9.099,5484
18613,155537.547, 9.245,5484
18614,155546.750, 9.202,5484
18615,155555.656, 8.917,5484
18616,155565.125, 9.470,5484
18617,155574.016, 8.900,5484
18618,155582.906, 8.885,5484
18619,155592.922,10.009,5484
18620,155602.156, 9.234,5484
18621,155611.172, 9.016,5484
18622,155619.844, 8.679,5484
18623,155628.578, 8.736,5484
18624,155637.422, 8.831,5484
18625,155648.094,10.669,5484
18626,155657.266, 9.182,5484
18627,155666.484, 9.222,5484
18628,155675.891, 9.410,5484
18629,155684.891, 8.990,5484
18630,155694.969,10.086,5484
18631,155704.375, 9.400,5484
18632,155713.297, 8.932,5484
18633,155722.109, 8.796,5484
18634,155730.938, 8.831,5484
18635,155740.609, 9.685,5484
18636,155751.547,10.923,5484
18637,155760.609, 9.078,5484
18638,155770.734,10.115,5484
18639,155781.219,10.481,5484
18640,155790.891, 9.672,5484
18641,155799.891, 9.015,5484
18642,155808.469, 8.572,5484
18643,155817.453, 8.968,5484
18644,155826.234, 8.786,5484
18645,155835.375, 9.139,5484
18646,155844.344, 8.973,5484
18647,155853.734, 9.388,5484
18648,155863.203, 9.486,5484
18649,155872.016, 8.814,5484
18650,155880.906, 8.869,5484
18651,155889.922, 9.028,5484
18652,155899.141, 9.217,5484
18653,155907.969, 8.837,5484
18654,155916.969, 8.982,5484
18655,155926.078, 9.115,5484
18656,155935.328, 9.258,5484
18657,155944.844, 9.506,5484
18658,155955.453,10.606,5484
18659,155965.719,10.271,5484
18660,155975.219, 9.508,5484
18661,155985.766,10.548,5484
18662,155995.219, 9.443,5484
18663,156004.438, 9.223,5484
18664,156013.797, 9.362,5484
18665,156022.953, 9.148,5484
18666,156033.031,10.080,5484
18667,156042.766, 9.733,5484
18668,156052.359, 9.599,5484
18669,156061.891, 9.527,5484
18670,156072.719,10.831,5484
18671,156082.359, 9.645,5484
18672,156092.094, 9.728,5484
18673,156101.250, 9.169,5484
18674,156110.313, 9.049,5484
18675,156118.969, 8.655,5484
18676,156127.781, 8.813,5484
18677,156136.313, 8.531,5484
18678,156144.906, 8.588,5484
18679,156153.828, 8.933,5484
18680,156162.469, 8.644,5484
18681,156173.281,10.818,5484
18682,156183.938,10.643,5484
18683,156192.922, 8.984,5484
18684,156203.578,10.653,5484
18685,156214.281,10.715,5484
18686,156223.781, 9.496,5484
18687,156232.828, 9.037,5484
18688,156241.797, 8.977,5484
18689,156250.781, 8.974,5484
18690,156259.578, 8.801,5484
18691,156269.172, 9.606,5484
18692,156278.219, 9.041,5484
18693,156289.219,11.002,5484
18694,156298.703, 9.468,5484
18695,156307.688, 8.998,5484
18696,156316.438, 8.754,5484
18697,156325.234, 8.795,5484
18698,156334.078, 8.833,5484
18699,156342.531, 8.469,5484
18700,156351.047, 8.511,5484
18701,156360.109, 9.049,5484
18702,156369.313, 9.213,5484
18703,156378.109, 8.786,5484
18704,156387.438, 9.327,5484
18705,156396.188, 8.757,5484
18706,156405.266, 9.085,5484
18707,156414.375, 9.108,5484
18708,156423.016, 8.642,5484
18709,156431.828, 8.821,5484
18710,156441.047, 9.217,5484
18711,156450.344, 9.289,5484
18712,156458.984, 8.645,5484
18713,156467.672, 8.690,5484
18714,156476.250, 8.571,5484
18715,156485.141, 8.896,5484
18716,156494.328, 9.181,5484
18717,156503.844, 9.524,5484
18718,156513.141, 9.291,5484
18719,156522.297, 9.156,5484
18720,156531.422, 9.124,5484
18721,156540.969, 9.540,5484
18722,156550.297, 9.335,5484
18723,156559.422, 9.119,5484
18724,156570.453,11.041,5484
18725,156581.438,10.978,5484
18726,156591.875,10.449,5484
18727,156603.516,11.622,5484
18728,156613.766,10.263,5484
18729,156623.641, 9.871,5484
18730,156634.313,10.668,5484
18731,156644.000, 9.708,5484
18732,156653.688, 9.679,5484
18733,156662.734, 9.032,5484
18734,156672.344, 9.616,5484
18735,156682.750,10.398,5484
18736,156692.828,10.081,5484
18737,156702.781, 9.950,5484
18738,156713.016,10.239,5484
18739,156722.234, 9.228,5484
18740,156731.625, 9.377,5484
18741,156740.234, 8.619,5484
18742,156748.844, 8.612,5484
18743,156757.656, 8.813,5484
18744,156766.078, 8.405,5484
18745,156774.516, 8.455,5484
18746,156783.516, 8.986,5484
18747,156791.859, 8.365,5484
18748,156800.500, 8.632,5484
18749,156809.531, 9.031,5484
18750,156818.516, 8.987,5484
18751,156827.000, 8.479,5484
18752,156836.141, 9.135,5484
18753,156844.703, 8.560,5484
18754,156853.344, 8.652,5484
18755,156862.594, 9.250,5484
18756,156870.844, 8.245,5484
18757,156880.391, 9.549,5484
18758,156888.969, 8.581,5484
18759,156897.984, 9.014,5484
18760,156906.828, 8.830,5484
18761,156915.422, 8.595,5484
18762,156924.656, 9.254,5484
18763,156933.328, 8.671,5484
18764,156941.641, 8.307,5484
18765,156950.281, 8.633,5484
18766,156959.625, 9.352,5484
18767,156969.500, 9.862,5484
18768,156978.938, 9.446,5484
18769,156988.297, 9.367,5484
18770,156997.156, 8.851,5484
18771,157005.969, 8.821,5484
18772,157015.141, 9.174,5484
18773,157024.078, 8.928,5484
18774,157033.766, 9.686,5484
18775,157042.516, 8.754,5484
18776,157051.422, 8.902,5484
18777,157060.047, 8.625,5484
18778,157069.500, 9.454,5484
18779,157078.250, 8.755,5484
18780,157087.141, 8.899,5484
18781,157095.734, 8.586,5484
18782,157104.297, 8.553,5484
18783,157113.453, 9.157,5484
18784,157122.344, 8.889,5484
18785,157134.125,11.780,5484
 