Frame, Time (ms), Delta (ms) , Memory (mb)
    1, 0.000, 0.000,4036
    2,10.735,10.735,5574
    3,25.421,14.686,5574
    4,37.817,12.396,5574
    5,51.405,13.588,5574
    6,62.846,11.441,5574
    7,75.932,13.086,5574
    8,89.075,13.143,5574
    9,103.128,14.053,5574
   10,114.444,11.316,5574
   11,127.794,13.350,5574
   12,138.899,11.105,5574
   13,152.501,13.602,5574
   14,163.624,11.123,5574
   15,175.868,12.244,5574
   16,188.875,13.007,5574
   17,200.105,11.230,5574
   18,212.442,12.337,5574
   19,224.690,12.248,5574
   20,236.224,11.534,5574
   21,249.837,13.613,5574
   22,260.674,10.837,5574
   23,272.560,11.886,5574
   24,283.442,10.882,5574
   25,295.818,12.376,5574
   26,306.771,10.953,5574
   27,318.324,11.553,5574
   28,330.133,11.809,5574
   29,342.780,12.647,5574
   30,354.018,11.238,5574
   31,365.737,11.719,5574
   32,376.726,10.989,5574
   33,388.962,12.236,5574
   34,400.524,11.562,5574
   35,412.273,11.749,5574
   36,423.893,11.620,5574
   37,436.012,12.119,5574
   38,446.926,10.914,5574
   39,459.001,12.075,5574
   40,470.449,11.448,5574
   41,483.023,12.574,5574
   42,493.896,10.873,5574
   43,506.558,12.662,5574
   44,518.527,11.969,5574
   45,529.641,11.114,5574
   46,541.881,12.240,5574
   47,553.154,11.273,5574
   48,565.965,12.811,5574
   49,576.825,10.860,5574
   50,588.887,12.062,5574
   51,601.646,12.759,5574
   52,613.693,12.047,5574
   53,624.826,11.133,5574
   54,637.763,12.937,5574
   55,649.396,11.633,5574
   56,659.969,10.573,5574
   57,671.381,11.412,5574
   58,683.902,12.521,5574
   59,695.146,11.244,5574
   60,707.393,12.247,5574
   61,718.521,11.128,5574
   62,730.628,12.107,5574
   63,741.477,10.849,5574
   64,752.980,11.503,5574
   65,764.564,11.584,5574
   66,776.556,11.992,5574
   67,788.082,11.526,5574
   68,799.536,11.454,5574
   69,811.447,11.911,5574
   70,823.002,11.555,5574
   71,834.831,11.829,5574
   72,846.650,11.819,5574
   73,857.944,11.294,5574
   74,869.787,11.843,5574
   75,881.234,11.447,5574
   76,892.753,11.519,5574
   77,905.012,12.259,5574
   78,915.901,10.889,5574
   79,928.211,12.310,5574
   80,939.751,11.540,5574
   81,951.085,11.334,5574
   82,963.715,12.630,5574
   83,974.502,10.787,5574
   84,986.448,11.946,5574
   85,997.677,11.229,5574
   86,1010.220,12.543,5574
   87,1022.690,12.470,5574
   88,1033.963,11.273,5574
   89,1045.399,11.436,5574
   90,1056.471,11.072,5574
   91,1068.348,11.877,5574
   92,1079.893,11.545,5574
   93,1091.556,11.663,5574
   94,1103.305,11.749,5574
   95,1114.602,11.297,5574
   96,1126.507,11.905,5574
   97,1138.442,11.935,5574
   98,1150.017,11.575,5574
   99,1161.806,11.789,5574
  100,1173.084,11.278,5574
  101,1185.596,12.512,5574
  102,1197.208,11.612,5574
  103,1208.365,11.157,5574
  104,1221.014,12.649,5574
  105,1232.260,11.246,5574
  106,1244.086,11.826,5574
  107,1255.573,11.487,5574
  108,1266.713,11.140,5574
  109,1278.743,12.030,5574
  110,1289.395,10.652,5574
  111,1302.104,12.709,5574
  112,1313.492,11.388,5574
  113,1324.547,11.055,5574
  114,1336.773,12.226,5574
  115,1348.521,11.748,5574
  116,1359.397,10.876,5574
  117,1371.064,11.667,5574
  118,1383.078,12.014,5574
  119,1395.138,12.060,5574
  120,1407.512,12.374,5574
  121,1418.646,11.134,5574
  122,1429.946,11.300,5574
  123,1441.576,11.630,5574
  124,1453.343,11.767,5574
  125,1465.273,11.930,5574
  126,1477.043,11.770,5574
  127,1488.685,11.642,5574
  128,1500.300,11.615,5574
  129,1512.060,11.760,5574
  130,1524.001,11.941,5574
  131,1536.434,12.433,5574
  132,1547.083,10.649,5574
  133,1559.199,12.116,5574
  134,1569.948,10.749,5574
  135,1582.492,12.544,5574
  136,1592.980,10.488,5574
  137,1604.820,11.840,5574
  138,1616.039,11.219,5574
  139,1628.031,11.992,5574
  140,1639.685,11.654,5574
  141,1650.814,11.129,5574
  142,1662.315,11.501,5574
  143,1674.509,12.194,5574
  144,1685.813,11.304,5574
  145,1698.188,12.375,5574
  146,1710.282,12.094,5574
  147,1720.804,10.522,5574
  148,1733.486,12.682,5574
  149,1745.628,12.142,5574
  150,1756.128,10.500,5574
  151,1769.127,12.999,5574
  152,1780.692,11.565,5574
  153,1791.817,11.125,5574
  154,1802.750,10.933,5574
  155,1814.627,11.877,5574
  156,1825.948,11.321,5574
  157,1837.444,11.496,5574
  158,1849.710,12.266,5574
  159,1862.540,12.830,5574
  160,1873.592,11.052,5574
  161,1884.729,11.137,5574
  162,1896.007,11.278,5574
  163,1907.092,11.085,5574
  164,1919.660,12.568,5574
  165,1930.845,11.185,5574
  166,1942.987,12.142,5574
  167,1954.054,11.067,5574
  168,1965.687,11.633,5574
  169,1976.657,10.970,5574
  170,1987.886,11.229,5574
  171,1999.830,11.944,5574
  172,2011.177,11.347,5574
  173,2022.469,11.292,5574
  174,2034.694,12.225,5574
  175,2046.141,11.447,5574
  176,2056.751,10.610,5574
  177,2068.681,11.930,5574
  178,2079.641,10.960,5574
  179,2091.341,11.700,5574
  180,2102.835,11.494,5574
  181,2114.592,11.757,5574
  182,2125.470,10.878,5574
  183,2137.456,11.986,5574
  184,2148.332,10.876,5574
  185,2160.015,11.683,5574
  186,2172.952,12.937,5574
  187,2184.269,11.317,5574
  188,2195.147,10.878,5574
  189,2206.761,11.614,5574
  190,2217.188,10.427,5574
  191,2229.271,12.083,5574
  192,2240.452,11.181,5574
  193,2252.165,11.713,5574
  194,2263.330,11.165,5574
  195,2275.192,11.862,5574
  196,2286.104,10.912,5574
  197,2298.148,12.044,5574
  198,2308.956,10.808,5574
  199,2320.903,11.947,5574
  200,2332.093,11.190,5574
  201,2343.819,11.726,5574
  202,2354.850,11.031,5574
  203,2365.921,11.071,5574
  204,2378.185,12.264,5574
  205,2389.555,11.370,5574
  206,2401.499,11.944,5574
  207,2412.929,11.430,5574
  208,2423.897,10.968,5574
  209,2435.429,11.532,5574
  210,2448.043,12.614,5574
  211,2458.620,10.577,5574
  212,2470.287,11.667,5574
  213,2482.078,11.791,5574
  214,2492.925,10.847,5574
  215,2504.420,11.495,5574
  216,2516.835,12.415,5574
  217,2527.855,11.020,5574
  218,2539.151,11.296,5574
  219,2552.541,13.390,5574
  220,2563.591,11.050,5574
  221,2574.078,10.487,5574
  222,2584.701,10.623,5574
  223,2597.220,12.519,5574
  224,2608.460,11.240,5574
  225,2620.501,12.041,5574
  226,2631.397,10.896,5574
  227,2643.169,11.772,5574
  228,2653.522,10.353,5574
  229,2665.351,11.829,5574
  230,2677.312,11.961,5574
  231,2688.504,11.192,5574
  232,2699.559,11.055,5574
  233,2711.135,11.576,5574
  234,2722.757,11.622,5574
  235,2734.663,11.906,5574
  236,2745.749,11.086,5574
  237,2757.657,11.908,5574
  238,2768.654,10.997,5574
  239,2780.003,11.349,5574
  240,2791.514,11.511,5574
  241,2802.556,11.042,5574
  242,2813.948,11.392,5574
  243,2825.616,11.668,5574
  244,2837.560,11.944,5574
  245,2849.400,11.840,5574
  246,2859.756,10.356,5574
  247,2871.839,12.083,5574
  248,2882.040,10.201,5574
  249,2893.546,11.506,5574
  250,2905.238,11.692,5574
  251,2916.129,10.891,5574
  252,2927.468,11.339,5574
  253,2940.132,12.664,5574
  254,2950.233,10.101,5574
  255,2961.398,11.165,5574
  256,2972.792,11.394,5574
  257,2984.528,11.736,5574
  258,2995.506,10.978,5574
  259,3007.257,11.751,5574
  260,3018.049,10.792,5574
  261,3030.006,11.957,5574
  262,3040.623,10.617,5574
  263,3051.691,11.068,5574
  264,3062.838,11.147,5574
  265,3074.545,11.707,5574
  266,3086.410,11.865,5574
  267,3097.337,10.927,5574
  268,3108.863,11.526,5574
  269,3119.697,10.834,5574
  270,3131.134,11.437,5574
  271,3143.781,12.647,5574
  272,3155.523,11.742,5574
  273,3165.559,10.036,5574
  274,3177.079,11.520,5574
  275,3188.787,11.708,5574
  276,3200.339,11.552,5574
  277,3210.716,10.377,5574
  278,3222.234,11.518,5574
  279,3234.663,12.429,5574
  280,3245.744,11.081,5574
  281,3256.110,10.366,5574
  282,3267.273,11.163,5574
  283,3278.598,11.325,5574
  284,3289.842,11.244,5574
  285,3301.305,11.463,5574
  286,3312.377,11.072,5574
  287,3324.568,12.191,5574
  288,3335.418,10.850,5574
  289,3346.091,10.673,5574
  290,3357.213,11.122,5574
  291,3368.539,11.326,5574
  292,3380.002,11.463,5574
  293,3391.721,11.719,5574
  294,3401.938,10.217,5574
  295,3413.154,11.216,5574
  296,3424.759,11.605,5574
  297,3436.164,11.405,5574
  298,3447.601,11.437,5574
  299,3458.987,11.386,5574
  300,3469.680,10.693,5574
  301,3480.748,11.068,5574
  302,3492.501,11.753,5574
  303,3503.319,10.818,5574
  304,3514.792,11.473,5574
  305,3526.415,11.623,5574
  306,3537.145,10.730,5574
  307,3547.753,10.608,5574
  308,3560.011,12.258,5574
  309,3570.988,10.977,5574
  310,3581.760,10.772,5574
  311,3593.537,11.777,5574
  312,3603.646,10.109,5574
  313,3615.005,11.359,5574
  314,3626.618,11.613,5574
  315,3636.704,10.086,5574
  316,3649.353,12.649,5574
  317,3660.515,11.162,5574
  318,3672.331,11.816,5574
  319,3682.674,10.343,5574
  320,3693.644,10.970,5574
  321,3706.065,12.421,5574
  322,3715.978, 9.913,5574
  323,3726.961,10.983,5574
  324,3738.382,11.421,5574
  325,3749.817,11.435,5574
  326,3760.671,10.854,5574
  327,3772.256,11.585,5574
  328,3782.672,10.416,5574
  329,3793.528,10.856,5574
  330,3804.175,10.647,5574
  331,3815.216,11.041,5574
  332,3826.659,11.443,5574
  333,3837.111,10.452,5574
  334,3848.019,10.908,5574
  335,3859.381,11.362,5574
  336,3869.938,10.557,5574
  337,3882.062,12.124,5574
  338,3892.303,10.241,5574
  339,3902.917,10.614,5574
  340,3914.382,11.465,5574
  341,3924.981,10.599,5574
  342,3936.096,11.115,5574
  343,3948.274,12.178,5574
  344,3958.527,10.253,5574
  345,3969.680,11.153,5574
  346,3980.387,10.707,5574
  347,3991.639,11.252,5574
  348,4002.384,10.745,5574
  349,4014.117,11.733,5574
  350,4024.657,10.540,5574
  351,4035.132,10.475,5574
  352,4046.932,11.800,5574
  353,4057.347,10.415,5574
  354,4068.344,10.997,5574
  355,4078.704,10.360,5574
  356,4091.773,13.069,5574
  357,4102.192,10.419,5574
  358,4112.810,10.618,5574
  359,4123.039,10.229,5574
  360,4134.242,11.203,5574
  361,4145.515,11.273,5574
  362,4156.418,10.903,5574
  363,4167.569,11.151,5574
  364,4178.165,10.596,5574
  365,4189.158,10.993,5574
  366,4200.956,11.798,5574
  367,4211.332,10.376,5574
  368,4221.439,10.107,5574
  369,4233.022,11.583,5574
  370,4243.040,10.018,5574
  371,4254.598,11.558,5574
  372,4264.939,10.341,5574
  373,4276.187,11.248,5574
  374,4287.463,11.276,5574
  375,4298.232,10.769,5574
  376,4308.652,10.420,5574
  377,4320.234,11.582,5574
  378,4330.646,10.412,5574
  379,4341.034,10.388,5574
  380,4351.906,10.872,5574
  381,4363.171,11.265,5574
  382,4373.587,10.416,5574
  383,4385.652,12.065,5574
  384,4395.628, 9.976,5574
  385,4406.964,11.336,5574
  386,4417.369,10.405,5574
  387,4429.131,11.762,5574
  388,4440.161,11.030,5574
  389,4451.540,11.379,5574
  390,4461.831,10.291,5574
  391,4474.258,12.427,5574
  392,4484.364,10.106,5574
  393,4495.341,10.977,5574
  394,4506.614,11.273,5574
  395,4518.266,11.652,5574
  396,4529.628,11.362,5574
  397,4540.164,10.536,5574
  398,4551.229,11.065,5574
  399,4562.860,11.631,5574
  400,4572.859, 9.999,5574
  401,4585.503,12.644,5574
  402,4595.350, 9.847,5574
  403,4606.212,10.862,5574
  404,4617.521,11.309,5574
  405,4628.856,11.335,5574
  406,4639.338,10.482,5574
  407,4649.929,10.591,5574
  408,4661.236,11.307,5574
  409,4672.118,10.882,5574
  410,4683.260,11.142,5574
  411,4693.753,10.493,5574
  412,4704.772,11.019,5574
  413,4715.846,11.074,5574
  414,4727.149,11.303,5574
  415,4737.621,10.472,5574
  416,4748.219,10.598,5574
  417,4759.674,11.455,5574
  418,4770.732,11.058,5574
  419,4781.199,10.467,5574
  420,4791.728,10.529,5574
  421,4802.853,11.125,5574
  422,4813.941,11.088,5574
  423,4824.909,10.968,5574
  424,4835.603,10.694,5574
  425,4846.951,11.348,5574
  426,4857.482,10.531,5574
  427,4867.939,10.457,5574
  428,4878.578,10.639,5574
  429,4890.001,11.423,5574
  430,4900.429,10.428,5574
  431,4910.819,10.390,5574
  432,4922.031,11.212,5574
  433,4933.451,11.420,5574
  434,4943.962,10.511,5574
  435,4955.307,11.345,5574
  436,4966.916,11.609,5574
  437,4977.328,10.412,5574
  438,4988.638,11.310,5574
  439,4999.150,10.512,5574
  440,5010.451,11.301,5574
  441,5021.172,10.721,5574
  442,5031.508,10.336,5574
  443,5043.329,11.821,5574
  444,5054.094,10.765,5574
  445,5065.907,11.813,5574
  446,5076.894,10.987,5574
  447,5087.401,10.507,5574
  448,5098.025,10.624,5574
  449,5108.423,10.398,5574
  450,5119.226,10.803,5574
  451,5130.136,10.910,5574
  452,5140.820,10.684,5574
  453,5152.108,11.288,5574
  454,5163.086,10.978,5574
  455,5174.042,10.956,5574
  456,5184.832,10.790,5574
  457,5195.779,10.947,5574
  458,5206.123,10.344,5574
  459,5217.831,11.708,5574
  460,5228.658,10.827,5574
  461,5240.268,11.610,5574
  462,5249.866, 9.598,5574
  463,5260.907,11.041,5574
  464,5271.340,10.433,5574
  465,5281.697,10.357,5574
  466,5292.747,11.050,5574
  467,5304.248,11.501,5574
  468,5315.039,10.791,5574
  469,5326.321,11.282,5574
  470,5338.548,12.227,5574
  471,5348.850,10.302,5574
  472,5359.290,10.440,5574
  473,5370.350,11.060,5574
  474,5381.197,10.847,5574
  475,5391.529,10.332,5574
  476,5402.264,10.735,5574
  477,5413.677,11.413,5574
  478,5424.084,10.407,5574
  479,5434.760,10.676,5574
  480,5445.297,10.537,5574
  481,5456.097,10.800,5574
  482,5467.500,11.403,5574
  483,5477.886,10.386,5574
  484,5488.833,10.947,5574
  485,5499.477,10.644,5574
  486,5510.637,11.160,5574
  487,5522.253,11.616,5574
  488,5532.408,10.155,5574
  489,5544.658,12.250,5574
  490,5554.340, 9.682,5574
  491,5566.634,12.294,5574
  492,5576.315, 9.681,5574
  493,5587.901,11.586,5574
  494,5597.792, 9.890,5574
  495,5608.669,10.878,5574
  496,5620.190,11.521,5574
  497,5630.594,10.404,5574
  498,5641.094,10.500,5574
  499,5652.137,11.043,5574
  500,5662.891,10.754,5574
  501,5674.877,11.986,5574
  502,5684.735, 9.858,5574
  503,5696.280,11.545,5574
  504,5706.136, 9.856,5574
  505,5717.389,11.253,5574
  506,5727.265, 9.876,5574
  507,5738.130,10.865,5574
  508,5748.726,10.596,5574
  509,5759.455,10.729,5574
  510,5770.128,10.673,5574
  511,5781.781,11.653,5574
  512,5791.956,10.175,5574
  513,5802.846,10.890,5574
  514,5813.460,10.614,5574
  515,5824.479,11.018,5574
  516,5834.394, 9.916,5574
  517,5845.169,10.775,5574
  518,5856.147,10.978,5574
  519,5866.308,10.161,5574
  520,5876.689,10.381,5574
  521,5888.030,11.341,5574
  522,5898.655,10.625,5574
  523,5908.869,10.214,5574
  524,5920.255,11.386,5574
  525,5930.266,10.011,5574
  526,5940.625,10.359,5574
  527,5951.433,10.808,5574
  528,5961.803,10.370,5574
  529,5972.663,10.860,5574
  530,5982.821,10.158,5574
  531,5993.453,10.632,5574
  532,6005.178,11.725,5574
  533,6015.769,10.591,5574
  534,6026.013,10.244,5574
  535,6037.440,11.427,5574
  536,6047.339, 9.899,5574
  537,6058.789,11.450,5574
  538,6069.464,10.675,5574
  539,6080.028,10.564,5574
  540,6090.483,10.455,5574
  541,6101.780,11.297,5574
  542,6112.313,10.533,5574
  543,6123.163,10.850,5574
  544,6132.792, 9.628,5574
  545,6143.575,10.784,5574
  546,6154.378,10.803,5574
  547,6165.056,10.678,5574
  548,6175.750,10.693,5574
  549,6186.866,11.117,5574
  550,6198.423,11.557,5574
  551,6208.318, 9.895,5574
  552,6219.838,11.520,5574
  553,6230.579,10.741,5574
  554,6241.609,11.030,5574
  555,6252.271,10.662,5574
  556,6263.049,10.778,5574
  557,6274.255,11.206,5574
  558,6284.775,10.520,5574
  559,6295.434,10.659,5574
  560,6306.782,11.348,5574
  561,6317.126,10.344,5574
  562,6328.300,11.174,5574
  563,6339.031,10.731,5574
  564,6349.516,10.485,5574
  565,6359.992,10.476,5574
  566,6370.613,10.621,5574
  567,6381.906,11.293,5574
  568,6392.042,10.136,5574
  569,6402.264,10.222,5574
  570,6413.348,11.084,5574
  571,6423.700,10.352,5574
  572,6434.278,10.578,5574
  573,6445.163,10.885,5574
  574,6455.114, 9.951,5574
  575,6466.445,11.331,5574
  576,6476.215, 9.770,5574
  577,6486.699,10.484,5574
  578,6497.556,10.857,5574
  579,6508.447,10.891,5574
  580,6519.778,11.331,5574
  581,6530.086,10.308,5574
  582,6539.798, 9.712,5574
  583,6550.450,10.652,5574
  584,6560.954,10.504,5574
  585,6571.377,10.423,5574
  586,6581.800,10.423,5574
  587,6593.276,11.476,5574
  588,6602.561, 9.284,5574
  589,6613.250,10.689,5574
  590,6624.473,11.224,5574
  591,6634.141, 9.668,5574
  592,6644.198,10.057,5574
  593,6654.730,10.532,5574
  594,6665.478,10.747,5574
  595,6675.722,10.245,5574
  596,6685.949,10.227,5574
  597,6697.074,11.125,5574
  598,6707.677,10.603,5574
  599,6717.752,10.075,5574
  600,6729.244,11.492,5574
  601,6739.355,10.111,5574
  602,6750.038,10.683,5574
  603,6761.000,10.962,5574
  604,6771.521,10.521,5574
  605,6782.234,10.713,5574
  606,6792.709,10.475,5574
  607,6803.478,10.768,5574
  608,6812.838, 9.361,5574
  609,6823.500,10.662,5574
  610,6835.013,11.513,5574
  611,6844.767, 9.754,5574
  612,6855.839,11.072,5574
  613,6865.691, 9.852,5574
  614,6876.481,10.790,5574
  615,6886.954,10.473,5574
  616,6897.650,10.696,5574
  617,6907.210, 9.560,5574
  618,6917.553,10.343,5574
  619,6928.725,11.172,5574
  620,6938.152, 9.427,5574
  621,6948.865,10.713,5574
  622,6959.346,10.481,5574
  623,6969.721,10.375,5574
  624,6980.374,10.652,5574
  625,6991.222,10.849,5574
  626,7000.859, 9.637,5574
  627,7011.802,10.943,5574
  628,7021.982,10.180,5574
  629,7032.265,10.283,5574
  630,7042.973,10.708,5574
  631,7053.751,10.778,5574
  632,7063.911,10.160,5574
  633,7074.236,10.325,5574
  634,7085.141,10.905,5574
  635,7096.373,11.231,5574
  636,7106.603,10.230,5574
  637,7117.727,11.124,5574
  638,7127.803,10.077,5574
  639,7139.317,11.514,5574
  640,7149.734,10.417,5574
  641,7159.450, 9.716,5574
  642,7169.862,10.412,5574
  643,7181.593,11.731,5574
  644,7191.597,10.004,5574
  645,7201.921,10.324,5574
  646,7213.131,11.210,5574
  647,7223.164,10.032,5574
  648,7234.405,11.242,5574
  649,7244.790,10.384,5574
  650,7255.921,11.132,5574
  651,7266.153,10.232,5574
  652,7276.337,10.184,5574
  653,7287.096,10.759,5574
  654,7298.391,11.295,5574
  655,7308.585,10.194,5574
  656,7318.815,10.230,5574
  657,7329.398,10.583,5574
  658,7340.000,10.602,5574
  659,7351.855,11.855,5574
  660,7361.688, 9.833,5574
  661,7371.439, 9.751,5574
  662,7383.429,11.990,5574
  663,7393.720,10.291,5574
  664,7404.044,10.324,5574
  665,7415.080,11.035,5574
  666,7425.757,10.678,5574
  667,7436.789,11.031,5574
  668,7447.155,10.367,5574
  669,7457.064, 9.909,5574
  670,7467.721,10.657,5574
  671,7478.108,10.387,5574
  672,7488.383,10.275,5574
  673,7499.607,11.224,5574
  674,7509.272, 9.665,5574
  675,7520.748,11.475,5574
  676,7531.149,10.402,5574
  677,7541.960,10.811,5574
  678,7552.283,10.323,5574
  679,7563.272,10.989,5574
  680,7573.732,10.460,5574
  681,7584.995,11.263,5574
  682,7594.327, 9.332,5574
  683,7605.106,10.779,5574
  684,7615.639,10.533,5574
  685,7626.178,10.539,5574
  686,7637.318,11.140,5574
  687,7647.462,10.144,5574
  688,7657.530,10.068,5574
  689,7668.750,11.219,5574
  690,7678.340, 9.591,5574
  691,7689.706,11.365,5574
  692,7699.764,10.059,5574
  693,7710.411,10.647,5574
  694,7720.431,10.020,5574
  695,7731.881,11.450,5574
  696,7741.977,10.095,5574
  697,7752.292,10.316,5574
  698,7762.605,10.313,5574
  699,7772.983,10.378,5574
  700,7783.563,10.580,5574
  701,7794.063,10.500,5574
  702,7804.299,10.236,5574
  703,7816.021,11.721,5574
  704,7825.417, 9.397,5574
  705,7836.275,10.858,5574
  706,7846.542,10.267,5574
  707,7856.765,10.223,5574
  708,7868.159,11.394,5574
  709,7877.888, 9.729,5574
  710,7889.436,11.547,5574
  711,7899.523,10.088,5574
  712,7910.008,10.485,5574
  713,7920.965,10.957,5574
  714,7931.126,10.161,5574
  715,7941.439,10.313,5574
  716,7952.200,10.761,5574
  717,7963.265,11.065,5574
  718,7972.723, 9.458,5574
  719,7984.015,11.292,5574
  720,7993.991, 9.976,5574
  721,8004.965,10.974,5574
  722,8014.596, 9.631,5574
  723,8025.039,10.442,5574
  724,8035.973,10.935,5574
  725,8046.174,10.201,5574
  726,8056.271,10.096,5574
  727,8066.075, 9.805,5574
  728,8077.154,11.079,5574
  729,8087.042, 9.887,5574
  730,8097.426,10.385,5574
  731,8109.083,11.656,5574
  732,8118.803, 9.721,5574
  733,8129.938,11.134,5574
  734,8140.912,10.974,5574
  735,8152.138,11.227,5574
  736,8162.306,10.168,5574
  737,8173.083,10.777,5574
  738,8183.398,10.315,5574
  739,8194.351,10.952,5574
  740,8204.723,10.372,5574
  741,8215.488,10.766,5574
  742,8225.522,10.034,5574
  743,8236.267,10.744,5574
  744,8246.050, 9.783,5574
  745,8256.854,10.804,5574
  746,8267.937,11.083,5574
  747,8278.004,10.068,5574
  748,8288.932,10.927,5574
  749,8298.802, 9.870,5574
  750,8309.305,10.503,5574
  751,8320.184,10.879,5574
  752,8330.703,10.520,5574
  753,8340.960,10.257,5574
  754,8350.949, 9.989,5574
  755,8361.568,10.619,5574
  756,8372.081,10.513,5574
  757,8382.066, 9.985,5574
  758,8392.749,10.683,5574
  759,8402.806,10.056,5574
  760,8412.750, 9.945,5574
  761,8423.089,10.338,5574
  762,8433.779,10.691,5574
  763,8444.670,10.891,5574
  764,8454.403, 9.733,5574
  765,8465.341,10.937,5574
  766,8476.054,10.713,5574
  767,8486.483,10.430,5574
  768,8496.051, 9.567,5574
  769,8506.769,10.718,5574
  770,8517.008,10.239,5574
  771,8528.173,11.165,5574
  772,8538.396,10.224,5574
  773,8548.961,10.565,5574
  774,8558.847, 9.885,5574
  775,8569.533,10.687,5574
  776,8579.146, 9.613,5574
  777,8590.119,10.973,5574
  778,8599.818, 9.699,5574
  779,8610.576,10.758,5574
  780,8621.002,10.426,5574
  781,8630.861, 9.859,5574
  782,8640.865,10.004,5574
  783,8651.198,10.333,5574
  784,8661.266,10.067,5574
  785,8672.977,11.711,5574
  786,8682.576, 9.600,5574
  787,8692.298, 9.721,5574
  788,8702.036, 9.739,5574
  789,8713.246,11.210,5574
  790,8723.951,10.705,5574
  791,8733.598, 9.646,5574
  792,8743.490, 9.893,5574
  793,8753.796,10.305,5574
  794,8763.976,10.180,5574
  795,8774.176,10.200,5574
  796,8784.773,10.598,5574
  797,8794.396, 9.622,5574
  798,8804.685,10.289,5574
  799,8814.515, 9.830,5574
  800,8824.452, 9.938,5574
  801,8835.059,10.606,5574
  802,8845.110,10.052,5574
  803,8855.248,10.138,5574
  804,8865.747,10.499,5574
  805,8876.050,10.302,5574
  806,8886.090,10.040,5574
  807,8896.546,10.456,5574
  808,8906.789,10.244,5574
  809,8917.310,10.520,5574
  810,8926.861, 9.552,5574
  811,8938.373,11.512,5574
  812,8947.966, 9.592,5574
  813,8958.207,10.242,5574
  814,8968.218,10.010,5574
  815,8978.512,10.294,5574
  816,8988.854,10.342,5574
  817,8998.634, 9.780,5574
  818,9008.908,10.275,5574
  819,9019.563,10.655,5574
  820,9030.515,10.951,5574
  821,9040.402, 9.888,5574
  822,9049.848, 9.445,5574
  823,9061.271,11.424,5574
  824,9071.002, 9.731,5574
  825,9081.200,10.198,5574
  826,9090.587, 9.386,5574
  827,9101.269,10.682,5574
  828,9111.063, 9.795,5574
  829,9121.718,10.654,5574
  830,9131.441, 9.724,5574
  831,9142.485,11.044,5574
  832,9152.236, 9.751,5574
  833,9163.218,10.981,5574
  834,9173.179, 9.961,5574
  835,9182.818, 9.640,5574
  836,9193.014,10.195,5574
  837,9203.857,10.844,5574
  838,9213.119, 9.262,5574
  839,9223.938,10.819,5574
  840,9234.037,10.099,5574
  841,9244.658,10.621,5574
  842,9254.851,10.192,5574
  843,9265.410,10.560,5574
  844,9275.894,10.483,5574
  845,9285.517, 9.623,5574
  846,9295.615,10.099,5574
  847,9306.033,10.418,5574
  848,9316.548,10.514,5574
  849,9327.007,10.459,5574
  850,9337.394,10.387,5574
  851,9347.986,10.593,5574
  852,9357.821, 9.835,5574
  853,9368.187,10.365,5574
  854,9377.761, 9.574,5574
  855,9388.184,10.423,5574
  856,9399.453,11.270,5574
  857,9409.331, 9.878,5574
  858,9419.788,10.457,5574
  859,9429.450, 9.662,5574
  860,9439.643,10.192,5574
  861,9450.684,11.041,5574
  862,9461.157,10.474,5574
  863,9470.772, 9.615,5574
  864,9480.461, 9.688,5574
  865,9490.648,10.188,5574
  866,9501.465,10.816,5574
  867,9511.901,10.437,5574
  868,9523.364,11.463,5574
  869,9533.163, 9.799,5574
  870,9543.893,10.729,5574
  871,9553.742, 9.850,5574
  872,9563.856,10.114,5574
  873,9574.572,10.716,5574
  874,9583.970, 9.397,5574
  875,9595.027,11.058,5574
  876,9604.636, 9.608,5574
  877,9616.053,11.417,5574
  878,9625.396, 9.343,5574
  879,9636.510,11.114,5574
  880,9646.054, 9.544,5574
  881,9656.920,10.866,5574
  882,9666.276, 9.357,5574
  883,9676.490,10.214,5574
  884,9686.915,10.425,5574
  885,9696.956,10.041,5574
  886,9708.020,11.063,5574
  887,9717.878, 9.858,5574
  888,9728.369,10.492,5574
  889,9738.150, 9.781,5574
  890,9749.850,11.699,5574
  891,9758.833, 8.984,5574
  892,9768.929,10.095,5574
  893,9780.786,11.858,5574
  894,9790.204, 9.418,5574
  895,9799.813, 9.608,5574
  896,9810.388,10.575,5574
  897,9820.327, 9.940,5574
  898,9831.877,11.549,5574
  899,9842.041,10.165,5574
  900,9851.118, 9.077,5574
  901,9861.715,10.596,5574
  902,9872.737,11.023,5574
  903,9883.357,10.620,5574
  904,9892.680, 9.322,5574
  905,9902.953,10.274,5574
  906,9913.502,10.548,5574
  907,9924.073,10.572,5574
  908,9934.035, 9.962,5574
  909,9943.750, 9.715,5574
  910,9954.127,10.376,5574
  911,9964.878,10.751,5574
  912,9974.702, 9.825,5574
  913,9985.145,10.442,5574
  914,9995.282,10.138,5574
  915,10006.264,10.981,5574
  916,10015.769, 9.505,5574
  917,10026.412,10.644,5574
  918,10036.836,10.423,5574
  919,10047.311,10.475,5574
  920,10057.387,10.076,5574
  921,10067.358, 9.972,5574
  922,10078.063,10.705,5574
  923,10088.427,10.363,5574
  924,10098.686,10.259,5574
  925,10108.975,10.289,5574
  926,10119.035,10.061,5574
  927,10129.965,10.929,5574
  928,10139.957, 9.993,5574
  929,10150.869,10.912,5574
  930,10160.795, 9.925,5574
  931,10171.267,10.472,5574
  932,10181.756,10.489,5574
  933,10191.723, 9.967,5574
  934,10202.420,10.697,5574
  935,10212.537,10.118,5574
  936,10223.332,10.795,5574
  937,10234.075,10.743,5574
  938,10244.421,10.345,5574
  939,10254.354, 9.934,5574
  940,10264.477,10.122,5574
  941,10275.639,11.162,5574
  942,10286.014,10.375,5574
  943,10296.485,10.472,5574
  944,10306.365, 9.880,5574
  945,10316.462,10.096,5574
  946,10326.631,10.169,5574
  947,10337.142,10.511,5574
  948,10348.553,11.411,5574
  949,10358.499, 9.947,5574
  950,10368.868,10.369,5574
  951,10378.619, 9.751,5574
  952,10390.623,12.004,5574
  953,10400.408, 9.785,5574
  954,10410.623,10.215,5574
  955,10421.666,11.043,5574
  956,10431.495, 9.829,5574
  957,10442.703,11.208,5574
  958,10452.636, 9.932,5574
  959,10463.226,10.590,5574
  960,10472.950, 9.725,5574
  961,10483.447,10.497,5574
  962,10493.608,10.161,5574
  963,10504.317,10.709,5574
  964,10515.498,11.181,5574
  965,10525.630,10.131,5574
  966,10535.628, 9.998,5574
  967,10546.746,11.119,5574
  968,10556.284, 9.538,5574
  969,10566.882,10.597,5574
  970,10577.190,10.309,5574
  971,10588.121,10.931,5574
  972,10598.384,10.262,5574
  973,10608.810,10.426,5574
  974,10619.568,10.759,5574
  975,10630.103,10.534,5574
  976,10640.226,10.123,5574
  977,10651.831,11.606,5574
  978,10662.176,10.344,5574
  979,10672.826,10.651,5574
  980,10683.516,10.689,5574
  981,10693.536,10.021,5574
  982,10703.670,10.133,5574
  983,10714.425,10.755,5574
  984,10724.537,10.113,5574
  985,10736.646,12.109,5574
  986,10745.466, 8.819,5574
  987,10755.826,10.361,5574
  988,10766.806,10.979,5574
  989,10777.492,10.687,5574
  990,10787.768,10.275,5574
  991,10798.094,10.326,5574
  992,10808.304,10.210,5574
  993,10819.500,11.196,5574
  994,10830.745,11.246,5574
  995,10840.577, 9.832,5574
  996,10850.951,10.374,5574
  997,10861.729,10.778,5574
  998,10872.402,10.673,5574
  999,10883.079,10.677,5574
 1000,10893.620,10.541,5574
 1001,10904.690,11.070,5574
 1002,10914.457, 9.767,5574
 1003,10925.013,10.555,5574
 1004,10935.862,10.850,5574
 1005,10946.139,10.276,5574
 1006,10957.174,11.035,5574
 1007,10967.956,10.783,5574
 1008,10977.683, 9.726,5574
 1009,10988.481,10.799,5574
 1010,10999.921,11.439,5574
 1011,11008.918, 8.997,5574
 1012,11019.126,10.208,5574
 1013,11030.126,11.000,5574
 1014,11039.760, 9.634,5574
 1015,11050.940,11.181,5574
 1016,11061.027,10.087,5574
 1017,11071.451,10.424,5574
 1018,11082.122,10.671,5574
 1019,11092.759,10.636,5574
 1020,11102.401, 9.643,5574
 1021,11113.265,10.863,5574
 1022,11123.475,10.210,5574
 1023,11134.963,11.488,5574
 1024,11144.937, 9.974,5574
 1025,11155.896,10.959,5574
 1026,11165.985,10.090,5574
 1027,11176.226,10.240,5574
 1028,11186.521,10.295,5574
 1029,11197.305,10.784,5574
 1030,11208.191,10.887,5574
 1031,11218.904,10.713,5574
 1032,11229.160,10.256,5574
 1033,11240.485,11.325,5574
 1034,11250.404, 9.919,5574
 1035,11261.256,10.851,5574
 1036,11271.519,10.263,5574
 1037,11282.216,10.697,5574
 1038,11292.309,10.093,5574
 1039,11302.488,10.180,5574
 1040,11313.646,11.157,5574
 1041,11324.200,10.555,5574
 1042,11334.339,10.138,5574
 1043,11344.841,10.502,5574
 1044,11354.598, 9.757,5574
 1045,11365.502,10.904,5574
 1046,11375.942,10.441,5574
 1047,11387.357,11.415,5574
 1048,11397.116, 9.759,5574
 1049,11408.216,11.099,5574
 1050,11418.308,10.092,5574
 1051,11429.147,10.840,5574
 1052,11439.066, 9.919,5574
 1053,11449.743,10.677,5574
 1054,11459.842,10.098,5574
 1055,11470.636,10.794,5574
 1056,11480.862,10.227,5574
 1057,11492.261,11.398,5574
 1058,11501.813, 9.552,5574
 1059,11512.297,10.484,5574
 1060,11522.545,10.248,5574
 1061,11533.454,10.910,5574
 1062,11543.237, 9.783,5574
 1063,11554.242,11.005,5574
 1064,11564.973,10.730,5574
 1065,11575.237,10.265,5574
 1066,11585.844,10.606,5574
 1067,11595.983,10.140,5574
 1068,11606.260,10.276,5574
 1069,11616.650,10.391,5574
 1070,11627.376,10.725,5574
 1071,11637.952,10.577,5574
 1072,11648.282,10.330,5574
 1073,11658.252, 9.969,5574
 1074,11669.090,10.838,5574
 1075,11680.120,11.031,5574
 1076,11690.573,10.453,5574
 1077,11701.826,11.253,5574
 1078,11711.146, 9.320,5574
 1079,11721.792,10.645,5574
 1080,11734.100,12.308,5574
 1081,11743.944, 9.845,5574
 1082,11753.332, 9.387,5574
 1083,11764.800,11.468,5574
 1084,11776.396,11.596,5574
 1085,11786.847,10.451,5574
 1086,11796.317, 9.471,5574
 1087,11807.546,11.228,5574
 1088,11817.433, 9.887,5574
 1089,11828.436,11.003,5574
 1090,11838.683,10.247,5574
 1091,11849.460,10.777,5574
 1092,11860.646,11.187,5574
 1093,11870.861,10.215,5574
 1094,11880.933,10.071,5574
 1095,11891.510,10.577,5574
 1096,11901.922,10.412,5574
 1097,11913.326,11.405,5574
 1098,11922.878, 9.551,5574
 1099,11934.720,11.842,5574
 1100,11944.482, 9.763,5574
 1101,11954.911,10.429,5574
 1102,11965.878,10.966,5574
 1103,11976.815,10.938,5574
 1104,11987.138,10.322,5574
 1105,11997.601,10.463,5574
 1106,12007.753,10.152,5574
 1107,12018.772,11.020,5574
 1108,12029.770,10.997,5574
 1109,12040.016,10.246,5574
 1110,12050.407,10.392,5574
 1111,12061.043,10.635,5574
 1112,12071.522,10.480,5574
 1113,12082.214,10.691,5574
 1114,12092.824,10.611,5574
 1115,12103.475,10.650,5574
 1116,12114.725,11.250,5574
 1117,12124.817,10.093,5574
 1118,12134.851,10.033,5574
 1119,12146.204,11.354,5574
 1120,12157.011,10.806,5574
 1121,12168.408,11.398,5574
 1122,12178.120, 9.712,5574
 1123,12188.753,10.632,5574
 1124,12199.255,10.502,5574
 1125,12210.636,11.381,5574
 1126,12221.363,10.728,5574
 1127,12232.664,11.300,5574
 1128,12242.614, 9.951,5574
 1129,12254.029,11.415,5574
 1130,12264.892,10.862,5574
 1131,12275.820,10.929,5574
 1132,12285.992,10.172,5574
 1133,12297.229,11.237,5574
 1134,12308.768,11.538,5574
 1135,12318.959,10.191,5574
 1136,12329.354,10.395,5574
 1137,12340.195,10.842,5574
 1138,12351.408,11.213,5574
 1139,12362.523,11.115,5574
 1140,12372.968,10.444,5574
 1141,12383.981,11.014,5574
 1142,12394.491,10.510,5574
 1143,12404.908,10.417,5574
 1144,12416.072,11.164,5574
 1145,12427.429,11.356,5574
 1146,12437.376, 9.947,5574
 1147,12448.719,11.343,5574
 1148,12459.322,10.604,5574
 1149,12470.423,11.100,5574
 1150,12480.993,10.571,5574
 1151,12491.895,10.901,5574
 1152,12503.169,11.274,5574
 1153,12513.550,10.381,5574
 1154,12523.795,10.245,5574
 1155,12534.840,11.045,5574
 1156,12546.084,11.244,5574
 1157,12557.199,11.116,5574
 1158,12567.819,10.620,5574
 1159,12578.981,11.162,5574
 1160,12589.918,10.936,5574
 1161,12600.763,10.845,5574
 1162,12611.112,10.350,5574
 1163,12621.978,10.865,5574
 1164,12632.715,10.737,5574
 1165,12643.942,11.228,5574
 1166,12654.242,10.300,5574
 1167,12666.067,11.825,5574
 1168,12675.880, 9.812,5574
 1169,12687.238,11.359,5574
 1170,12697.199, 9.961,5574
 1171,12708.878,11.678,5574
 1172,12719.753,10.875,5574
 1173,12730.938,11.185,5574
 1174,12740.855, 9.918,5574
 1175,12753.069,12.214,5574
 1176,12763.679,10.609,5574
 1177,12774.035,10.357,5574
 1178,12785.003,10.967,5574
 1179,12796.098,11.095,5574
 1180,12806.659,10.562,5574
 1181,12817.825,11.166,5574
 1182,12827.990,10.165,5574
 1183,12840.340,12.349,5574
 1184,12851.283,10.944,5574
 1185,12862.381,11.097,5574
 1186,12873.673,11.292,5574
 1187,12884.660,10.988,5574
 1188,12894.794,10.133,5574
 1189,12905.625,10.831,5574
 1190,12916.734,11.110,5574
 1191,12927.726,10.991,5574
 1192,12939.013,11.287,5574
 1193,12951.169,12.156,5574
 1194,12961.714,10.545,5574
 1195,12971.563, 9.849,5574
 1196,12983.156,11.594,5574
 1197,12994.187,11.030,5574
 1198,13004.904,10.718,5574
 1199,13015.756,10.851,5574
 1200,13026.764,11.008,5574
 1201,13037.644,10.880,5574
 1202,13048.972,11.328,5574
 1203,13060.757,11.785,5574
 1204,13070.529, 9.773,5574
 1205,13082.319,11.790,5574
 1206,13092.520,10.200,5574
 1207,13104.046,11.526,5574
 1208,13115.020,10.974,5574
 1209,13126.021,11.002,5574
 1210,13137.156,11.135,5574
 1211,13148.116,10.960,5574
 1212,13160.009,11.892,5574
 1213,13170.356,10.348,5574
 1214,13181.352,10.995,5574
 1215,13192.268,10.916,5574
 1216,13203.227,10.959,5574
 1217,13214.004,10.777,5574
 1218,13225.531,11.528,5574
 1219,13238.040,12.508,5574
 1220,13248.684,10.644,5574
 1221,13263.398,14.715,5574
 1222,13273.992,10.594,5574
 1223,13283.823, 9.831,5574
 1224,13295.102,11.278,5574
 1225,13305.139,10.037,5574
 1226,13315.182,10.043,5574
 1227,13324.778, 9.597,5574
 1228,13334.805,10.026,5574
 1229,13347.325,12.521,5574
 1230,13357.929,10.603,5574
 1231,13368.821,10.893,5574
 1232,13379.648,10.827,5574
 1233,13391.296,11.647,5574
 1234,13401.496,10.200,5574
 1235,13412.975,11.479,5574
 1236,13423.662,10.687,5574
 1237,13436.053,12.391,5574
 1238,13446.589,10.536,5574
 1239,13458.120,11.531,5574
 1240,13468.881,10.761,5574
 1241,13480.320,11.440,5574
 1242,13490.730,10.410,5574
 1243,13502.348,11.617,5574
 1244,13512.697,10.350,5574
 1245,13524.717,12.019,5574
 1246,13535.213,10.496,5574
 1247,13545.964,10.751,5574
 1248,13557.019,11.055,5574
 1249,13568.147,11.129,5574
 1250,13580.713,12.565,5574
 1251,13592.437,11.724,5574
 1252,13602.490,10.054,5574
 1253,13612.354, 9.864,5574
 1254,13623.138,10.783,5574
 1255,13634.636,11.498,5574
 1256,13645.672,11.036,5574
 1257,13656.834,11.162,5574
 1258,13668.614,11.781,5574
 1259,13679.888,11.273,5574
 1260,13691.186,11.298,5574
 1261,13702.170,10.984,5574
 1262,13713.361,11.192,5574
 1263,13726.677,13.315,5574
 1264,13742.380,15.703,5574
 1265,13760.688,18.308,5574
 1266,13775.549,14.861,5574
 1267,13787.778,12.230,5574
 1268,13800.062,12.283,5574
 1269,13811.162,11.100,5574
 1270,13822.715,11.553,5574
 1271,13833.844,11.129,5574
 1272,13845.289,11.445,5574
 1273,13857.291,12.002,5574
 1274,13868.459,11.168,5574
 1275,13879.345,10.886,5574
 1276,13889.771,10.427,5574
 1277,13901.112,11.341,5574
 1278,13911.289,10.176,5574
 1279,13921.581,10.292,5574
 1280,13931.746,10.165,5574
 1281,13941.938,10.192,5574
 1282,13952.151,10.214,5574
 1283,13962.421,10.269,5574
 1284,13972.710,10.289,5574
 1285,13983.682,10.972,5574
 1286,13995.281,11.600,5574
 1287,14007.052,11.770,5574
 1288,14017.478,10.426,5574
 1289,14029.342,11.864,5574
 1290,14040.263,10.921,5574
 1291,14051.564,11.302,5574
 1292,14062.586,11.021,5574
 1293,14074.283,11.698,5574
 1294,14085.461,11.177,5574
 1295,14096.609,11.149,5574
 1296,14107.690,11.081,5574
 1297,14118.569,10.879,5574
 1298,14129.570,11.001,5574
 1299,14142.122,12.551,5574
 1300,14153.232,11.111,5574
 1301,14163.929,10.696,5574
 1302,14175.332,11.403,5574
 1303,14186.244,10.912,5574
 1304,14197.786,11.542,5574
 1305,14209.278,11.493,5574
 1306,14220.828,11.549,5574
 1307,14231.898,11.071,5574
 1308,14242.470,10.571,5574
 1309,14254.031,11.562,5574
 1310,14265.602,11.570,5574
 1311,14277.017,11.415,5574
 1312,14288.952,11.935,5574
 1313,14301.128,12.176,5574
 1314,14314.120,12.992,5574
 1315,14327.655,13.536,5574
 1316,14340.658,13.003,5574
 1317,14352.497,11.838,5574
 1318,14364.030,11.534,5574
 1319,14376.678,12.647,5574
 1320,14388.407,11.730,5574
 1321,14401.066,12.659,5574
 1322,14412.748,11.681,5574
 1323,14423.951,11.203,5574
 1324,14435.926,11.975,5574
 1325,14447.291,11.365,5574
 1326,14458.351,11.060,5574
 1327,14470.258,11.907,5574
 1328,14481.126,10.868,5574
 1329,14492.577,11.451,5574
 1330,14504.508,11.931,5574
 1331,14515.169,10.661,5574
 1332,14525.938,10.770,5574
 1333,14538.643,12.704,5574
 1334,14550.223,11.580,5574
 1335,14561.264,11.041,5574
 1336,14572.965,11.701,5574
 1337,14584.546,11.581,5574
 1338,14594.938,10.393,5574
 1339,14605.792,10.853,5574
 1340,14616.366,10.575,5574
 1341,14627.043,10.676,5574
 1342,14637.662,10.619,5574
 1343,14648.816,11.155,5574
 1344,14659.768,10.951,5574
 1345,14670.838,11.070,5574
 1346,14681.366,10.529,5574
 1347,14691.563,10.197,5574
 1348,14701.380, 9.816,5574
 1349,14711.881,10.501,5574
 1350,14723.028,11.148,5574
 1351,14733.920,10.891,5574
 1352,14745.689,11.770,5574
 1353,14757.517,11.827,5574
 1354,14768.141,10.624,5574
 1355,14779.430,11.289,5574
 1356,14791.745,12.315,5574
 1357,14802.521,10.777,5574
 1358,14813.535,11.013,5574
 1359,14824.635,11.100,5574
 1360,14836.091,11.456,5574
 1361,14847.568,11.478,5574
 1362,14858.799,11.230,5574
 1363,14870.169,11.370,5574
 1364,14880.910,10.741,5574
 1365,14892.715,11.805,5574
 1366,14904.030,11.316,5574
 1367,14916.225,12.194,5574
 1368,14928.087,11.862,5574
 1369,14940.806,12.719,5574
 1370,14951.580,10.774,5574
 1371,14961.937,10.357,5574
 1372,14973.150,11.214,5574
 1373,14983.789,10.638,5574
 1374,14994.613,10.825,5574
 1375,15005.648,11.035,5574
 1376,15016.607,10.959,5574
 1377,15027.976,11.368,5574
 1378,15039.377,11.401,5574
 1379,15050.838,11.461,5574
 1380,15062.006,11.168,5574
 1381,15074.069,12.064,5574
 1382,15084.629,10.559,5574
 1383,15095.813,11.184,5574
 1384,15106.668,10.855,5574
 1385,15118.456,11.788,5574
 1386,15129.815,11.360,5574
 1387,15141.008,11.192,5574
 1388,15152.474,11.466,5574
 1389,15163.904,11.431,5574
 1390,15175.272,11.368,5574
 1391,15187.396,12.123,5574
 1392,15197.859,10.464,5574
 1393,15209.649,11.790,5574
 1394,15220.385,10.735,5574
 1395,15231.563,11.178,5574
 1396,15242.375,10.812,5574
 1397,15253.434,11.059,5574
 1398,15264.827,11.393,5574
 1399,15275.301,10.474,5574
 1400,15286.850,11.549,5574
 1401,15298.622,11.772,5574
 1402,15310.337,11.715,5574
 1403,15321.648,11.312,5574
 1404,15332.596,10.947,5574
 1405,15345.194,12.599,5574
 1406,15356.229,11.034,5574
 1407,15367.197,10.969,5574
 1408,15377.745,10.547,5574
 1409,15390.060,12.315,5574
 1410,15401.086,11.026,5574
 1411,15411.671,10.585,5574
 1412,15422.798,11.127,5574
 1413,15434.318,11.521,5574
 1414,15445.623,11.304,5574
 1415,15456.677,11.054,5574
 1416,15467.836,11.159,5574
 1417,15479.048,11.212,5574
 1418,15489.932,10.884,5574
 1419,15502.796,12.864,5574
 1420,15514.543,11.747,5574
 1421,15525.688,11.146,5574
 1422,15536.459,10.770,5574
 1423,15547.695,11.237,5574
 1424,15557.767,10.071,5574
 1425,15569.095,11.328,5574
 1426,15580.063,10.969,5574
 1427,15590.878,10.814,5574
 1428,15602.375,11.497,5574
 1429,15613.892,11.517,5574
 1430,15624.759,10.867,5574
 1431,15636.424,11.665,5574
 1432,15646.815,10.392,5574
 1433,15659.057,12.241,5574
 1434,15669.997,10.940,5574
 1435,15681.213,11.216,5574
 1436,15692.677,11.464,5574
 1437,15704.252,11.575,5574
 1438,15716.121,11.869,5574
 1439,15728.589,12.468,5574
 1440,15742.802,14.213,5574
 1441,15755.529,12.728,5574
 1442,15766.923,11.393,5574
 1443,15779.221,12.298,5574
 1444,15792.496,13.275,5574
 1445,15803.857,11.362,5574
 1446,15815.414,11.556,5574
 1447,15827.810,12.396,5574
 1448,15839.212,11.402,5574
 1449,15851.164,11.952,5574
 1450,15863.352,12.188,5574
 1451,15875.479,12.127,5574
 1452,15886.353,10.874,5574
 1453,15897.128,10.775,5574
 1454,15908.495,11.367,5574
 1455,15919.045,10.550,5574
 1456,15929.538,10.493,5574
 1457,15939.889,10.351,5574
 1458,15950.395,10.506,5574
 1459,15960.715,10.320,5574
 1460,15970.870,10.155,5574
 1461,15980.854, 9.984,5574
 1462,15991.080,10.226,5574
 1463,16001.420,10.340,5574
 1464,16012.014,10.594,5574
 1465,16023.339,11.325,5574
 1466,16035.467,12.128,5574
 1467,16045.848,10.381,5574
 1468,16057.022,11.175,5574
 1469,16067.487,10.465,5574
 1470,16078.831,11.343,5574
 1471,16089.588,10.757,5574
 1472,16100.499,10.911,5574
 1473,16111.988,11.490,5574
 1474,16122.693,10.705,5574
 1475,16135.361,12.668,5574
 1476,16146.334,10.972,5574
 1477,16156.434,10.100,5574
 1478,16167.381,10.947,5574
 1479,16178.519,11.138,5574
 1480,16189.131,10.612,5574
 1481,16200.463,11.332,5574
 1482,16211.358,10.896,5574
 1483,16223.153,11.795,5574
 1484,16233.784,10.630,5574
 1485,16245.420,11.636,5574
 1486,16255.618,10.198,5574
 1487,16266.951,11.333,5574
 1488,16277.626,10.675,5574
 1489,16289.439,11.814,5574
 1490,16300.571,11.132,5574
 1491,16311.214,10.642,5574
 1492,16322.625,11.411,5574
 1493,16333.184,10.559,5574
 1494,16345.800,12.616,5574
 1495,16357.150,11.351,5574
 1496,16367.866,10.715,5574
 1497,16379.153,11.288,5574
 1498,16389.980,10.826,5574
 1499,16401.029,11.050,5574
 1500,16411.111,10.081,5574
 1501,16421.805,10.694,5574
 1502,16432.643,10.837,5574
 1503,16443.678,11.036,5574
 1504,16456.186,12.508,5574
 1505,16467.279,11.093,5574
 1506,16478.285,11.007,5574
 1507,16490.148,11.862,5574
 1508,16499.934, 9.786,5574
 1509,16510.750,10.817,5574
 1510,16521.895,11.143,5574
 1511,16533.404,11.511,5574
 1512,16543.211, 9.807,5574
 1513,16553.982,10.770,5574
 1514,16565.396,11.415,5574
 1515,16577.000,11.604,5574
 1516,16588.391,11.390,5574
 1517,16599.900,11.510,5574
 1518,16609.973,10.072,5574
 1519,16620.594,10.621,5574
 1520,16631.354,10.759,5574
 1521,16642.238,10.886,5574
 1522,16653.547,11.309,5574
 1523,16664.127,10.580,5574
 1524,16674.773,10.645,5574
 1525,16685.824,11.052,5574
 1526,16696.510,10.684,5574
 1527,16707.605,11.096,5574
 1528,16718.252,10.647,5574
 1529,16729.535,11.283,5574
 1530,16740.387,10.851,5574
 1531,16751.543,11.157,5574
 1532,16761.811,10.267,5574
 1533,16773.785,11.975,5574
 1534,16784.076,10.293,5574
 1535,16794.865,10.786,5574
 1536,16805.580,10.717,5574
 1537,16816.631,11.050,5574
 1538,16828.010,11.378,5574
 1539,16838.559,10.550,5574
 1540,16849.121,10.562,5574
 1541,16860.887,11.766,5574
 1542,16871.129,10.241,5574
 1543,16882.771,11.643,5574
 1544,16893.287,10.516,5574
 1545,16904.770,11.482,5574
 1546,16915.197,10.429,5574
 1547,16927.713,12.515,5574
 1548,16938.664,10.952,5574
 1549,16949.104,10.438,5574
 1550,16959.018, 9.913,5574
 1551,16969.797,10.781,5574
 1552,16980.350,10.551,5574
 1553,16991.709,11.360,5574
 1554,17002.088,10.382,5574
 1555,17013.844,11.753,5574
 1556,17024.637,10.793,5574
 1557,17034.688,10.051,5574
 1558,17045.221,10.535,5574
 1559,17056.178,10.955,5574
 1560,17067.695,11.518,5574
 1561,17077.857,10.161,5574
 1562,17089.285,11.428,5574
 1563,17100.314,11.031,5574
 1564,17111.148,10.834,5574
 1565,17121.789,10.641,5574
 1566,17132.236,10.447,5574
 1567,17143.652,11.417,5574
 1568,17154.248,10.594,5574
 1569,17165.256,11.009,5574
 1570,17175.762,10.503,5574
 1571,17187.529,11.770,5574
 1572,17198.982,11.453,5574
 1573,17209.428,10.444,5574
 1574,17219.701,10.275,5574
 1575,17230.729,11.026,5574
 1576,17241.262,10.533,5574
 1577,17252.770,11.508,5574
 1578,17263.266,10.495,5574
 1579,17274.137,10.872,5574
 1580,17285.094,10.957,5574
 1581,17296.756,11.664,5574
 1582,17307.301,10.544,5574
 1583,17318.074,10.774,5574
 1584,17329.361,11.286,5574
 1585,17339.426,10.063,5574
 1586,17349.697,10.274,5574
 1587,17360.383,10.685,5574
 1588,17371.021,10.637,5574
 1589,17382.389,11.369,5574
 1590,17392.482,10.094,5574
 1591,17404.117,11.633,5574
 1592,17414.570,10.455,5574
 1593,17425.832,11.263,5574
 1594,17435.576, 9.742,5574
 1595,17446.637,11.060,5574
 1596,17457.330,10.695,5574
 1597,17468.229,10.899,5574
 1598,17478.613,10.384,5574
 1599,17489.637,11.024,5574
 1600,17500.721,11.082,5574
 1601,17512.031,11.311,5574
 1602,17522.041,10.011,5574
 1603,17533.150,11.109,5574
 1604,17543.770,10.618,5574
 1605,17554.855,11.086,5574
 1606,17565.170,10.316,5574
 1607,17576.111,10.940,5574
 1608,17587.207,11.096,5574
 1609,17598.367,11.160,5574
 1610,17607.787, 9.420,5574
 1611,17620.365,12.577,5574
 1612,17629.900, 9.538,5574
 1613,17641.484,11.582,5574
 1614,17652.354,10.868,5574
 1615,17663.568,11.216,5574
 1616,17674.652,11.085,5574
 1617,17685.484,10.832,5574
 1618,17696.051,10.566,5574
 1619,17707.129,11.078,5574
 1620,17719.889,12.760,5574
 1621,17732.416,12.527,5574
 1622,17743.365,10.950,5574
 1623,17754.697,11.331,5574
 1624,17765.240,10.543,5574
 1625,17776.262,11.021,5574
 1626,17786.484,10.224,5574
 1627,17798.637,12.151,5574
 1628,17809.990,11.355,5574
 1629,17822.801,12.811,5574
 1630,17834.461,11.658,5574
 1631,17846.086,11.627,5574
 1632,17856.641,10.555,5574
 1633,17866.377, 9.734,5574
 1634,17875.594, 9.218,5574
 1635,17884.617, 9.022,5574
 1636,17893.605, 8.988,5574
 1637,17902.836, 9.232,5574
 1638,17912.715, 9.879,5574
 1639,17923.221,10.507,5574
 1640,17933.674,10.451,5574
 1641,17944.633,10.959,5574
 1642,17955.857,11.225,5574
 1643,17966.219,10.362,5574
 1644,17977.029,10.811,5574
 1645,17988.412,11.383,5574
 1646,17998.564,10.151,5574
 1647,18008.996,10.433,5574
 1648,18019.711,10.714,5574
 1649,18031.123,11.412,5574
 1650,18040.813, 9.690,5574
 1651,18052.680,11.866,5574
 1652,18063.014,10.333,5574
 1653,18073.842,10.830,5574
 1654,18084.316,10.474,5574
 1655,18094.898,10.583,5574
 1656,18105.871,10.972,5574
 1657,18117.342,11.470,5574
 1658,18127.871,10.530,5574
 1659,18137.969,10.099,5574
 1660,18149.492,11.524,5574
 1661,18159.885,10.390,5574
 1662,18170.074,10.191,5574
 1663,18182.025,11.951,5574
 1664,18193.100,11.073,5574
 1665,18203.055, 9.956,5574
 1666,18214.621,11.567,5574
 1667,18224.844,10.221,5574
 1668,18235.908,11.066,5574
 1669,18245.865, 9.956,5574
 1670,18256.174,10.309,5574
 1671,18267.381,11.208,5574
 1672,18277.326, 9.945,5574
 1673,18288.564,11.239,5574
 1674,18299.025,10.460,5574
 1675,18309.674,10.646,5574
 1676,18320.732,11.061,5574
 1677,18331.129,10.397,5574
 1678,18341.924,10.793,5574
 1679,18353.205,11.281,5574
 1680,18366.152,12.950,5574
 1681,18376.266,10.111,5574
 1682,18386.500,10.236,5574
 1683,18396.904,10.403,5574
 1684,18407.510,10.605,5574
 1685,18416.865, 9.355,5574
 1686,18427.496,10.634,5574
 1687,18438.916,11.418,5574
 1688,18449.125,10.210,5574
 1689,18460.014,10.887,5574
 1690,18470.426,10.413,5574
 1691,18481.285,10.859,5574
 1692,18492.426,11.139,5574
 1693,18504.037,11.612,5574
 1694,18513.969, 9.933,5574
 1695,18523.471, 9.502,5574
 1696,18534.215,10.744,5574
 1697,18545.244,11.029,5574
 1698,18555.602,10.358,5574
 1699,18566.820,11.220,5574
 1700,18576.938,10.116,5574
 1701,18587.658,10.721,5574
 1702,18598.031,10.372,5574
 1703,18608.441,10.409,5574
 1704,18619.289,10.849,5574
 1705,18630.289,10.999,5574
 1706,18641.049,10.760,5574
 1707,18650.893, 9.844,5574
 1708,18661.881,10.989,5574
 1709,18672.873,10.992,5574
 1710,18683.197,10.325,5574
 1711,18693.709,10.512,5574
 1712,18703.975,10.265,5574
 1713,18715.160,11.187,5574
 1714,18726.561,11.398,5574
 1715,18736.729,10.170,5574
 1716,18747.520,10.789,5574
 1717,18757.086, 9.568,5574
 1718,18768.766,11.678,5574
 1719,18779.371,10.606,5574
 1720,18789.988,10.619,5574
 1721,18800.965,10.974,5574
 1722,18810.877, 9.913,5574
 1723,18822.305,11.429,5574
 1724,18833.127,10.821,5574
 1725,18843.361,10.235,5574
 1726,18853.682,10.319,5574
 1727,18865.766,12.083,5574
 1728,18878.098,12.333,5574
 1729,18889.682,11.585,5574
 1730,18902.744,13.062,5574
 1731,18915.457,12.713,5574
 1732,18925.725,10.269,5574
 1733,18938.313,12.587,5574
 1734,18949.068,10.755,5574
 1735,18960.637,11.570,5574
 1736,18970.801,10.164,5574
 1737,18980.602, 9.799,5574
 1738,18991.332,10.731,5574
 1739,19000.934, 9.602,5574
 1740,19011.133,10.199,5574
 1741,19021.369,10.235,5574
 1742,19030.750, 9.383,5574
 1743,19040.201, 9.451,5574
 1744,19050.850,10.647,5574
 1745,19060.563, 9.714,5574
 1746,19071.369,10.807,5574
 1747,19082.805,11.436,5574
 1748,19092.742, 9.937,5574
 1749,19104.582,11.840,5574
 1750,19114.717,10.134,5574
 1751,19125.596,10.878,5574
 1752,19136.533,10.937,5574
 1753,19146.498, 9.967,5574
 1754,19156.973,10.475,5574
 1755,19167.701,10.727,5574
 1756,19178.281,10.579,5574
 1757,19189.443,11.163,5574
 1758,19199.631,10.188,5574
 1759,19210.553,10.923,5574
 1760,19219.820, 9.268,5574
 1761,19231.461,11.640,5574
 1762,19241.229, 9.766,5574
 1763,19252.221,10.992,5574
 1764,19263.301,11.081,5574
 1765,19273.338,10.035,5574
 1766,19283.396,10.062,5574
 1767,19294.389,10.992,5574
 1768,19305.982,11.593,5574
 1769,19316.168,10.185,5574
 1770,19326.914,10.747,5574
 1771,19337.201,10.286,5574
 1772,19347.369,10.168,5574
 1773,19357.697,10.328,5574
 1774,19368.346,10.649,5574
 1775,19378.229, 9.884,5574
 1776,19388.893,10.663,5574
 1777,19399.881,10.989,5574
 1778,19410.039,10.157,5574
 1779,19420.645,10.605,5574
 1780,19431.449,10.804,5574
 1781,19441.908,10.461,5574
 1782,19451.896, 9.989,5574
 1783,19462.373,10.476,5574
 1784,19473.393,11.018,5574
 1785,19483.682,10.289,5574
 1786,19493.654, 9.974,5574
 1787,19504.334,10.680,5574
 1788,19515.434,11.098,5574
 1789,19525.941,10.509,5574
 1790,19537.451,11.509,5574
 1791,19547.232, 9.782,5574
 1792,19558.557,11.323,5574
 1793,19567.918, 9.363,5574
 1794,19578.789,10.869,5574
 1795,19589.793,11.005,5574
 1796,19600.117,10.323,5574
 1797,19610.465,10.348,5574
 1798,19622.350,11.884,5574
 1799,19632.076, 9.729,5574
 1800,19642.014, 9.935,5574
 1801,19652.594,10.582,5574
 1802,19664.115,11.521,5574
 1803,19674.623,10.508,5574
 1804,19685.217,10.594,5574
 1805,19695.889,10.671,5574
 1806,19705.748, 9.860,5574
 1807,19716.385,10.638,5574
 1808,19727.953,11.568,5574
 1809,19738.297,10.344,5574
 1810,19749.268,10.969,5574
 1811,19759.393,10.126,5574
 1812,19770.217,10.825,5574
 1813,19780.947,10.729,5574
 1814,19791.576,10.631,5574
 1815,19802.570,10.993,5574
 1816,19812.113, 9.543,5574
 1817,19823.326,11.213,5574
 1818,19834.236,10.909,5574
 1819,19844.328,10.092,5574
 1820,19854.686,10.358,5574
 1821,19864.598, 9.912,5574
 1822,19875.209,10.610,5574
 1823,19885.904,10.698,5574
 1824,19896.189,10.283,5574
 1825,19907.141,10.953,5574
 1826,19918.271,11.129,5574
 1827,19929.006,10.734,5574
 1828,19939.412,10.409,5574
 1829,19950.516,11.101,5574
 1830,19960.205, 9.689,5574
 1831,19970.754,10.548,5574
 1832,19981.127,10.375,5574
 1833,19991.775,10.648,5574
 1834,20002.648,10.873,5574
 1835,20013.000,10.352,5574
 1836,20024.244,11.244,5574
 1837,20034.461,10.218,5574
 1838,20044.197, 9.736,5574
 1839,20055.293,11.094,5574
 1840,20065.262, 9.968,5574
 1841,20076.604,11.343,5574
 1842,20088.225,11.622,5574
 1843,20098.916,10.691,5574
 1844,20109.068,10.153,5574
 1845,20119.477,10.409,5574
 1846,20130.045,10.567,5574
 1847,20141.127,11.082,5574
 1848,20150.885, 9.759,5574
 1849,20161.689,10.803,5574
 1850,20172.693,11.003,5574
 1851,20182.473, 9.780,5574
 1852,20194.150,11.679,5574
 1853,20204.889,10.738,5574
 1854,20214.605, 9.715,5574
 1855,20225.316,10.712,5574
 1856,20236.676,11.359,5574
 1857,20246.193, 9.519,5574
 1858,20257.732,11.538,5574
 1859,20268.627,10.895,5574
 1860,20278.324, 9.699,5574
 1861,20289.854,11.528,5574
 1862,20300.648,10.796,5574
 1863,20311.055,10.405,5574
 1864,20320.984, 9.931,5574
 1865,20331.410,10.425,5574
 1866,20343.314,11.904,5574
 1867,20353.236, 9.923,5574
 1868,20363.912,10.676,5574
 1869,20375.328,11.414,5574
 1870,20384.623, 9.295,5574
 1871,20395.381,10.758,5574
 1872,20406.193,10.811,5574
 1873,20417.154,10.963,5574
 1874,20426.473, 9.319,5574
 1875,20437.188,10.713,5574
 1876,20447.328,10.143,5574
 1877,20457.869,10.540,5574
 1878,20468.514,10.642,5574
 1879,20480.934,12.420,5574
 1880,20491.441,10.510,5574
 1881,20501.064, 9.623,5574
 1882,20510.816, 9.752,5574
 1883,20522.064,11.247,5574
 1884,20532.277,10.213,5574
 1885,20542.879,10.602,5574
 1886,20552.924,10.044,5574
 1887,20563.514,10.590,5574
 1888,20574.324,10.812,5574
 1889,20585.236,10.911,5574
 1890,20595.525,10.289,5574
 1891,20606.012,10.486,5574
 1892,20616.572,10.562,5574
 1893,20627.441,10.867,5574
 1894,20637.152, 9.712,5574
 1895,20648.318,11.167,5574
 1896,20658.865,10.547,5574
 1897,20669.463,10.597,5574
 1898,20680.254,10.791,5574
 1899,20691.025,10.771,5574
 1900,20701.572,10.547,5574
 1901,20712.258,10.686,5574
 1902,20723.305,11.047,5574
 1903,20733.963,10.658,5574
 1904,20744.502,10.537,5574
 1905,20755.793,11.292,5574
 1906,20766.037,10.244,5574
 1907,20776.344,10.307,5574
 1908,20787.275,10.932,5574
 1909,20797.828,10.553,5574
 1910,20809.445,11.618,5574
 1911,20819.320, 9.875,5574
 1912,20829.820,10.499,5574
 1913,20841.125,11.306,5574
 1914,20851.947,10.821,5574
 1915,20862.160,10.214,5574
 1916,20874.283,12.122,5574
 1917,20883.953, 9.670,5574
 1918,20894.049,10.095,5574
 1919,20904.229,10.182,5574
 1920,20916.332,12.103,5574
 1921,20926.275, 9.942,5574
 1922,20937.418,11.141,5574
 1923,20948.779,11.363,5574
 1924,20958.713, 9.935,5574
 1925,20969.525,10.812,5574
 1926,20979.709,10.183,5574
 1927,20990.973,11.265,5574
 1928,21001.877,10.902,5574
 1929,21012.180,10.303,5574
 1930,21022.512,10.332,5574
 1931,21033.621,11.109,5574
 1932,21043.775,10.155,5574
 1933,21055.131,11.356,5574
 1934,21065.381,10.251,5574
 1935,21076.182,10.798,5574
 1936,21086.598,10.416,5574
 1937,21097.129,10.533,5574
 1938,21108.037,10.909,5574
 1939,21118.469,10.431,5574
 1940,21128.830,10.362,5574
 1941,21140.273,11.441,5574
 1942,21151.496,11.226,5574
 1943,21162.010,10.511,5574
 1944,21172.160,10.151,5574
 1945,21182.977,10.816,5574
 1946,21193.598,10.621,5574
 1947,21204.469,10.872,5574
 1948,21214.682,10.213,5574
 1949,21227.340,12.657,5574
 1950,21236.498, 9.160,5574
 1951,21247.145,10.646,5574
 1952,21258.430,11.285,5574
 1953,21269.324,10.895,5574
 1954,21278.758, 9.431,5574
 1955,21289.480,10.726,5574
 1956,21300.205,10.724,5574
 1957,21310.244,10.040,5574
 1958,21321.055,10.809,5574
 1959,21331.729,10.673,5574
 1960,21342.594,10.864,5574
 1961,21353.404,10.813,5574
 1962,21363.809,10.404,5574
 1963,21374.828,11.019,5574
 1964,21385.494,10.667,5574
 1965,21395.980,10.486,5574
 1966,21406.563,10.582,5574
 1967,21417.721,11.158,5574
 1968,21428.445,10.724,5574
 1969,21439.068,10.623,5574
 1970,21449.555,10.487,5574
 1971,21460.637,11.082,5574
 1972,21470.820,10.185,5574
 1973,21481.248,10.428,5574
 1974,21492.389,11.140,5574
 1975,21502.961,10.570,5574
 1976,21513.678,10.718,5574
 1977,21524.871,11.193,5574
 1978,21535.137,10.267,5574
 1979,21546.848,11.709,5574
 1980,21556.939,10.092,5574
 1981,21567.900,10.961,5574
 1982,21578.197,10.297,5574
 1983,21590.055,11.858,5574
 1984,21600.041, 9.987,5574
 1985,21611.029,10.988,5574
 1986,21622.650,11.621,5574
 1987,21632.873,10.221,5574
 1988,21643.988,11.116,5574
 1989,21655.174,11.186,5574
 1990,21665.592,10.417,5574
 1991,21675.586, 9.993,5574
 1992,21687.506,11.922,5574
 1993,21697.902,10.397,5574
 1994,21708.809,10.905,5574
 1995,21718.338, 9.530,5574
 1996,21729.576,11.238,5574
 1997,21739.801,10.226,5574
 1998,21750.160,10.358,5574
 1999,21760.857,10.697,5574
 2000,21772.160,11.303,5574
 2001,21782.018, 9.858,5574
 2002,21794.057,12.038,5574
 2003,21804.834,10.778,5574
 2004,21814.514, 9.678,5574
 2005,21825.813,11.301,5574
 2006,21836.432,10.618,5574
 2007,21848.393,11.962,5574
 2008,21859.102,10.707,5574
 2009,21870.201,11.100,5574
 2010,21880.377,10.178,5574
 2011,21891.133,10.754,5574
 2012,21901.541,10.408,5574
 2013,21912.607,11.067,5574
 2014,21923.137,10.529,5574
 2015,21934.180,11.043,5574
 2016,21944.670,10.491,5574
 2017,21956.025,11.354,5574
 2018,21966.268,10.243,5574
 2019,21977.443,11.176,5574
 2020,21988.553,11.110,5574
 2021,21999.688,11.134,5574
 2022,22009.480, 9.794,5574
 2023,22020.824,11.345,5574
 2024,22031.484,10.659,5574
 2025,22043.170,11.684,5574
 2026,22052.877, 9.709,5574
 2027,22063.912,11.036,5574
 2028,22075.455,11.541,5574
 2029,22085.338, 9.883,5574
 2030,22096.469,11.131,5574
 2031,22107.289,10.821,5574
 2032,22117.404,10.114,5574
 2033,22128.418,11.012,5574
 2034,22138.926,10.509,5574
 2035,22149.951,11.026,5574
 2036,22160.521,10.570,5574
 2037,22172.461,11.941,5574
 2038,22182.457, 9.996,5574
 2039,22192.965,10.507,5574
 2040,22204.039,11.074,5574
 2041,22214.484,10.445,5574
 2042,22225.744,11.261,5574
 2043,22237.410,11.666,5574
 2044,22246.713, 9.303,5574
 2045,22258.357,11.642,5574
 2046,22269.078,10.723,5574
 2047,22282.240,13.163,5574
 2048,22290.621, 8.378,5574
 2049,22301.932,11.311,5574
 2050,22312.838,10.905,5574
 2051,22324.635,11.799,5574
 2052,22334.559, 9.924,5574
 2053,22345.820,11.261,5574
 2054,22356.195,10.375,5574
 2055,22366.809,10.615,5574
 2056,22377.930,11.119,5574
 2057,22389.061,11.131,5574
 2058,22398.984, 9.926,5574
 2059,22411.016,12.029,5574
 2060,22422.213,11.197,5574
 2061,22432.246,10.035,5574
 2062,22442.598,10.351,5574
 2063,22454.805,12.208,5574
 2064,22465.098,10.291,5574
 2065,22476.045,10.948,5574
 2066,22486.953,10.907,5574
 2067,22497.996,11.045,5574
 2068,22509.090,11.092,5574
 2069,22519.527,10.438,5574
 2070,22531.445,11.919,5574
 2071,22541.740,10.294,5574
 2072,22552.629,10.888,5574
 2073,22563.373,10.745,5574
 2074,22574.133,10.761,5574
 2075,22585.832,11.697,5574
 2076,22596.361,10.530,5574
 2077,22607.779,11.418,5574
 2078,22617.873,10.094,5574
 2079,22628.771,10.898,5574
 2080,22639.545,10.774,5574
 2081,22651.334,11.788,5574
 2082,22661.521,10.188,5574
 2083,22672.732,11.211,5574
 2084,22684.123,11.391,5574
 2085,22695.377,11.253,5574
 2086,22706.770,11.392,5574
 2087,22718.064,11.297,5574
 2088,22728.729,10.665,5574
 2089,22739.484,10.756,5574
 2090,22750.660,11.174,5574
 2091,22761.953,11.293,5574
 2092,22772.957,11.003,5574
 2093,22783.871,10.915,5574
 2094,22795.154,11.284,5574
 2095,22805.873,10.717,5574
 2096,22817.930,12.057,5574
 2097,22828.834,10.903,5574
 2098,22838.621, 9.788,5574
 2099,22850.521,11.900,5574
 2100,22860.244, 9.724,5574
 2101,22871.877,11.634,5574
 2102,22882.980,11.104,5574
 2103,22893.736,10.756,5574
 2104,22904.482,10.745,5574
 2105,22916.484,12.003,5574
 2106,22926.602,10.114,5574
 2107,22937.633,11.032,5574
 2108,22948.428,10.795,5574
 2109,22959.268,10.840,5574
 2110,22970.801,11.535,5574
 2111,22981.213,10.410,5574
 2112,22992.561,11.349,5574
 2113,23002.609,10.049,5574
 2114,23013.297,10.688,5574
 2115,23024.961,11.664,5574
 2116,23035.594,10.632,5574
 2117,23046.477,10.883,5574
 2118,23057.346,10.868,5574
 2119,23069.117,11.771,5574
 2120,23080.682,11.564,5574
 2121,23091.816,11.137,5574
 2122,23101.744, 9.928,5574
 2123,23112.068,10.323,5574
 2124,23124.553,12.485,5574
 2125,23134.719,10.166,5574
 2126,23145.736,11.018,5574
 2127,23157.152,11.416,5574
 2128,23167.443,10.290,5574
 2129,23178.451,11.008,5574
 2130,23189.316,10.865,5574
 2131,23201.223,11.907,5574
 2132,23211.756,10.532,5574
 2133,23223.930,12.173,5574
 2134,23233.820, 9.892,5574
 2135,23244.402,10.583,5574
 2136,23255.318,10.916,5574
 2137,23266.674,11.354,5574
 2138,23277.238,10.566,5574
 2139,23287.977,10.737,5574
 2140,23299.061,11.084,5574
 2141,23310.232,11.174,5574
 2142,23321.736,11.502,5574
 2143,23332.350,10.614,5574
 2144,23343.324,10.976,5574
 2145,23354.135,10.809,5574
 2146,23364.742,10.608,5574
 2147,23375.711,10.968,5574
 2148,23387.885,12.175,5574
 2149,23398.207,10.321,5574
 2150,23410.324,12.117,5574
 2151,23420.180, 9.855,5574
 2152,23431.723,11.544,5574
 2153,23443.316,11.594,5574
 2154,23452.633, 9.317,5574
 2155,23464.574,11.941,5574
 2156,23474.785,10.211,5574
 2157,23486.418,11.630,5574
 2158,23496.645,10.229,5574
 2159,23508.357,11.713,5574
 2160,23518.504,10.145,5574
 2161,23530.549,12.047,5574
 2162,23541.652,11.103,5574
 2163,23552.250,10.595,5574
 2164,23563.293,11.046,5574
 2165,23574.693,11.400,5574
 2166,23585.973,11.280,5574
 2167,23596.711,10.737,5574
 2168,23607.201,10.490,5574
 2169,23617.854,10.653,5574
 2170,23628.729,10.874,5574
 2171,23640.717,11.990,5574
 2172,23651.371,10.653,5574
 2173,23661.885,10.515,5574
 2174,23673.311,11.425,5574
 2175,23684.502,11.191,5574
 2176,23695.229,10.728,5574
 2177,23706.072,10.842,5574
 2178,23718.568,12.498,5574
 2179,23728.758,10.187,5574
 2180,23739.426,10.669,5574
 2181,23750.947,11.521,5574
 2182,23761.594,10.645,5574
 2183,23773.129,11.538,5574
 2184,23783.193,10.062,5574
 2185,23795.477,12.285,5574
 2186,23805.984,10.507,5574
 2187,23816.771,10.787,5574
 2188,23827.969,11.199,5574
 2189,23839.100,11.129,5574
 2190,23849.500,10.400,5574
 2191,23861.102,11.603,5574
 2192,23872.537,11.436,5574
 2193,23883.037,10.500,5574
 2194,23893.746,10.706,5574
 2195,23905.648,11.905,5574
 2196,23916.721,11.072,5574
 2197,23927.840,11.118,5574
 2198,23938.873,11.033,5574
 2199,23950.521,11.648,5574
 2200,23961.773,11.254,5574
 2201,23974.635,12.861,5574
 2202,23984.762,10.125,5574
 2203,23995.373,10.614,5574
 2204,24005.869,10.496,5574
 2205,24016.932,11.061,5574
 2206,24027.633,10.703,5574
 2207,24039.611,11.977,5574
 2208,24049.545, 9.935,5574
 2209,24061.268,11.721,5574
 2210,24072.500,11.232,5574
 2211,24083.316,10.818,5574
 2212,24094.395,11.078,5574
 2213,24105.846,11.451,5574
 2214,24116.809,10.964,5574
 2215,24127.293,10.482,5574
 2216,24139.359,12.067,5574
 2217,24150.252,10.892,5574
 2218,24160.795,10.544,5574
 2219,24171.969,11.173,5574
 2220,24183.873,11.906,5574
 2221,24194.307,10.433,5574
 2222,24204.969,10.662,5574
 2223,24216.021,11.053,5574
 2224,24227.395,11.373,5574
 2225,24238.389,10.995,5574
 2226,24249.666,11.274,5574
 2227,24260.602,10.936,5574
 2228,24271.604,11.003,5574
 2229,24282.367,10.764,5574
 2230,24293.854,11.486,5574
 2231,24305.209,11.355,5574
 2232,24315.313,10.105,5574
 2233,24326.504,11.190,5574
 2234,24338.461,11.957,5574
 2235,24349.121,10.662,5574
 2236,24359.869,10.747,5574
 2237,24371.590,11.719,5574
 2238,24381.746,10.158,5574
 2239,24393.236,11.492,5574
 2240,24403.721,10.484,5574
 2241,24414.816,11.095,5574
 2242,24425.477,10.660,5574
 2243,24436.668,11.190,5574
 2244,24447.881,11.215,5574
 2245,24458.914,11.031,5574
 2246,24469.184,10.270,5574
 2247,24480.541,11.358,5574
 2248,24491.604,11.062,5574
 2249,24503.201,11.598,5574
 2250,24514.053,10.852,5574
 2251,24525.004,10.950,5574
 2252,24535.334,10.330,5574
 2253,24547.051,11.718,5574
 2254,24557.434,10.383,5574
 2255,24568.883,11.449,5574
 2256,24579.383,10.500,5574
 2257,24591.039,11.656,5574
 2258,24601.914,10.874,5574
 2259,24612.814,10.902,5574
 2260,24624.209,11.393,5574
 2261,24634.539,10.331,5574
 2262,24645.682,11.141,5574
 2263,24656.709,11.030,5574
 2264,24668.033,11.324,5574
 2265,24678.086,10.052,5574
 2266,24689.596,11.509,5574
 2267,24700.545,10.951,5574
 2268,24711.426,10.878,5574
 2269,24723.090,11.665,5574
 2270,24733.590,10.500,5574
 2271,24745.230,11.642,5574
 2272,24756.572,11.343,5574
 2273,24767.773,11.198,5574
 2274,24777.684, 9.911,5574
 2275,24789.375,11.692,5574
 2276,24799.652,10.279,5574
 2277,24810.980,11.328,5574
 2278,24822.748,11.765,5574
 2279,24833.561,10.815,5574
 2280,24844.342,10.778,5574
 2281,24855.889,11.548,5574
 2282,24866.936,11.047,5574
 2283,24877.982,11.048,5574
 2284,24888.785,10.803,5574
 2285,24900.324,11.538,5574
 2286,24911.396,11.073,5574
 2287,24922.932,11.534,5574
 2288,24934.119,11.188,5574
 2289,24944.510,10.389,5574
 2290,24955.344,10.835,5574
 2291,24967.488,12.146,5574
 2292,24978.316,10.827,5574
 2293,24989.455,11.139,5574
 2294,24999.625,10.170,5574
 2295,25011.533,11.908,5574
 2296,25023.061,11.529,5574
 2297,25034.641,11.578,5574
 2298,25044.918,10.277,5574
 2299,25057.193,12.277,5574
 2300,25068.086,10.892,5574
 2301,25079.014,10.928,5574
 2302,25090.365,11.350,5574
 2303,25102.234,11.871,5574
 2304,25112.670,10.435,5574
 2305,25124.594,11.924,5574
 2306,25135.496,10.901,5574
 2307,25147.021,11.526,5574
 2308,25158.000,10.978,5574
 2309,25168.484,10.485,5574
 2310,25180.652,12.169,5574
 2311,25191.717,11.064,5574
 2312,25202.201,10.484,5574
 2313,25213.502,11.300,5574
 2314,25224.732,11.233,5574
 2315,25236.094,11.359,5574
 2316,25247.021,10.928,5574
 2317,25257.980,10.960,5574
 2318,25268.773,10.791,5574
 2319,25280.061,11.289,5574
 2320,25291.033,10.972,5574
 2321,25302.146,11.114,5574
 2322,25314.096,11.948,5574
 2323,25324.926,10.830,5574
 2324,25335.293,10.367,5574
 2325,25347.273,11.982,5574
 2326,25357.955,10.681,5574
 2327,25369.273,11.317,5574
 2328,25380.250,10.976,5574
 2329,25391.439,11.191,5574
 2330,25402.693,11.253,5574
 2331,25414.873,12.180,5574
 2332,25426.361,11.488,5574
 2333,25437.580,11.219,5574
 2334,25447.994,10.415,5574
 2335,25459.537,11.544,5574
 2336,25470.568,11.030,5574
 2337,25481.090,10.521,5574
 2338,25491.262,10.171,5574
 2339,25502.602,11.342,5574
 2340,25513.617,11.016,5574
 2341,25524.551,10.933,5574
 2342,25537.055,12.504,5574
 2343,25547.342,10.287,5574
 2344,25558.693,11.350,5574
 2345,25569.025,10.332,5574
 2346,25580.002,10.976,5574
 2347,25592.098,12.098,5574
 2348,25602.678,10.579,5574
 2349,25614.064,11.388,5574
 2350,25624.184,10.118,5574
 2351,25636.367,12.184,5574
 2352,25646.594,10.226,5574
 2353,25658.104,11.510,5574
 2354,25669.094,10.991,5574
 2355,25680.090,10.994,5574
 2356,25691.400,11.312,5574
 2357,25702.953,11.552,5574
 2358,25713.865,10.913,5574
 2359,25726.154,12.290,5574
 2360,25736.174,10.017,5574
 2361,25747.709,11.537,5574
 2362,25758.602,10.893,5574
 2363,25771.338,12.735,5574
 2364,25780.682, 9.345,5574
 2365,25791.820,11.140,5574
 2366,25803.049,11.227,5574
 2367,25814.666,11.617,5574
 2368,25826.713,12.047,5574
 2369,25837.365,10.651,5574
 2370,25848.033,10.668,5574
 2371,25860.221,12.189,5574
 2372,25871.430,11.209,5574
 2373,25884.553,13.123,5574
 2374,25894.316, 9.764,5574
 2375,25906.041,11.723,5574
 2376,25916.998,10.956,5574
 2377,25928.725,11.728,5574
 2378,25939.572,10.849,5574
 2379,25950.330,10.755,5574
 2380,25962.166,11.836,5574
 2381,25972.742,10.578,5574
 2382,25984.285,11.544,5574
 2383,25995.365,11.080,5574
 2384,26006.178,10.811,5574
 2385,26017.518,11.341,5574
 2386,26029.186,11.667,5574
 2387,26040.318,11.134,5574
 2388,26051.674,11.355,5574
 2389,26062.266,10.592,5574
 2390,26073.197,10.931,5574
 2391,26086.693,13.497,5574
 2392,26097.783,11.089,5574
 2393,26108.832,11.048,5574
 2394,26119.346,10.515,5574
 2395,26130.746,11.400,5574
 2396,26141.998,11.252,5574
 2397,26152.938,10.940,5574
 2398,26164.182,11.243,5574
 2399,26176.334,12.153,5574
 2400,26187.521,11.188,5574
 2401,26198.984,11.464,5574
 2402,26209.289,10.302,5574
 2403,26220.840,11.551,5574
 2404,26232.068,11.230,5574
 2405,26243.084,11.014,5574
 2406,26254.400,11.318,5574
 2407,26265.982,11.582,5574
 2408,26276.766,10.782,5574
 2409,26288.840,12.074,5574
 2410,26299.727,10.888,5574
 2411,26312.115,12.388,5574
 2412,26323.281,11.167,5574
 2413,26334.100,10.817,5574
 2414,26345.045,10.947,5574
 2415,26356.617,11.570,5574
 2416,26367.578,10.960,5574
 2417,26379.039,11.463,5574
 2418,26390.369,11.331,5574
 2419,26401.957,11.586,5574
 2420,26413.766,11.809,5574
 2421,26424.326,10.560,5574
 2422,26435.893,11.569,5574
 2423,26447.311,11.417,5574
 2424,26457.820,10.511,5574
 2425,26469.037,11.216,5574
 2426,26480.502,11.463,5574
 2427,26492.193,11.692,5574
 2428,26503.410,11.215,5574
 2429,26515.564,12.157,5574
 2430,26525.875,10.310,5574
 2431,26537.736,11.863,5574
 2432,26548.766,11.027,5574
 2433,26560.119,11.354,5574
 2434,26572.189,12.070,5574
 2435,26583.375,11.186,5574
 2436,26593.902,10.528,5574
 2437,26606.809,12.907,5574
 2438,26618.301,11.490,5574
 2439,26629.385,11.086,5574
 2440,26641.174,11.787,5574
 2441,26652.242,11.067,5574
 2442,26662.701,10.461,5574
 2443,26674.404,11.703,5574
 2444,26685.701,11.296,5574
 2445,26696.953,11.252,5574
 2446,26710.801,13.848,5574
 2447,26721.320,10.522,5574
 2448,26732.574,11.251,5574
 2449,26743.178,10.604,5574
 2450,26753.762,10.584,5574
 2451,26765.609,11.848,5574
 2452,26776.045,10.435,5574
 2453,26787.857,11.812,5574
 2454,26798.662,10.806,5574
 2455,26809.670,11.006,5574
 2456,26820.801,11.133,5574
 2457,26833.725,12.923,5574
 2458,26843.740,10.015,5574
 2459,26854.686,10.946,5574
 2460,26865.713,11.027,5574
 2461,26877.994,12.282,5574
 2462,26888.924,10.929,5574
 2463,26899.750,10.827,5574
 2464,26911.541,11.790,5574
 2465,26922.742,11.202,5574
 2466,26933.873,11.130,5574
 2467,26945.049,11.178,5574
 2468,26955.893,10.842,5574
 2469,26968.348,12.455,5574
 2470,26979.041,10.694,5574
 2471,26991.170,12.128,5574
 2472,27001.725,10.555,5574
 2473,27013.881,12.156,5574
 2474,27024.953,11.074,5574
 2475,27036.662,11.707,5574
 2476,27047.182,10.520,5574
 2477,27059.900,12.721,5574
 2478,27069.658, 9.756,5574
 2479,27081.514,11.855,5574
 2480,27093.553,12.039,5574
 2481,27104.279,10.727,5574
 2482,27115.305,11.025,5574
 2483,27126.547,11.243,5574
 2484,27137.834,11.286,5574
 2485,27150.451,12.618,5574
 2486,27160.662,10.210,5574
 2487,27172.381,11.720,5574
 2488,27183.262,10.880,5574
 2489,27195.381,12.121,5574
 2490,27206.877,11.496,5574
 2491,27217.910,11.031,5574
 2492,27228.826,10.917,5574
 2493,27240.604,11.777,5574
 2494,27251.465,10.861,5574
 2495,27262.822,11.357,5574
 2496,27274.564,11.743,5574
 2497,27286.230,11.667,5574
 2498,27296.801,10.569,5574
 2499,27308.338,11.538,5574
 2500,27319.025,10.688,5574
 2501,27330.807,11.781,5574
 2502,27342.977,12.170,5574
 2503,27354.264,11.286,5574
 2504,27365.664,11.400,5574
 2505,27375.578, 9.913,5574
 2506,27387.445,11.870,5574
 2507,27397.850,10.404,5574
 2508,27411.061,13.210,5574
 2509,27421.721,10.661,5574
 2510,27432.545,10.823,5574
 2511,27444.025,11.481,5574
 2512,27456.102,12.076,5574
 2513,27466.590,10.488,5574
 2514,27478.934,12.345,5574
 2515,27490.842,11.908,5574
 2516,27501.031,10.189,5574
 2517,27512.250,11.219,5574
 2518,27522.525,10.274,5574
 2519,27534.949,12.425,5574
 2520,27546.021,11.073,5574
 2521,27557.057,11.034,5574
 2522,27568.633,11.576,5574
 2523,27579.893,11.262,5574
 2524,27590.750,10.855,5574
 2525,27603.201,12.451,5574
 2526,27612.945, 9.744,5574
 2527,27624.889,11.945,5574
 2528,27636.189,11.300,5574
 2529,27647.621,11.433,5574
 2530,27658.787,11.165,5574
 2531,27670.025,11.238,5574
 2532,27682.303,12.278,5574
 2533,27692.977,10.674,5574
 2534,27704.609,11.631,5574
 2535,27715.328,10.719,5574
 2536,27728.170,12.841,5574
 2537,27738.373,10.204,5574
 2538,27749.426,11.053,5574
 2539,27760.803,11.378,5574
 2540,27772.305,11.501,5574
 2541,27784.041,11.737,5574
 2542,27795.770,11.727,5574
 2543,27807.061,11.294,5574
 2544,27817.834,10.771,5574
 2545,27829.740,11.906,5574
 2546,27840.854,11.114,5574
 2547,27852.961,12.108,5574
 2548,27863.830,10.867,5574
 2549,27876.145,12.317,5574
 2550,27887.365,11.221,5574
 2551,27899.154,11.787,5574
 2552,27909.275,10.122,5574
 2553,27921.293,12.019,5574
 2554,27931.719,10.425,5574
 2555,27943.857,12.139,5574
 2556,27954.182,10.322,5574
 2557,27966.391,12.211,5574
 2558,27976.949,10.559,5574
 2559,27988.953,12.004,5574
 2560,28001.119,12.165,5574
 2561,28011.494,10.375,5574
 2562,28022.568,11.075,5574
 2563,28034.428,11.858,5574
 2564,28045.201,10.773,5574
 2565,28056.799,11.599,5574
 2566,28067.246,10.445,5574
 2567,28078.863,11.619,5574
 2568,28089.811,10.948,5574
 2569,28101.918,12.106,5574
 2570,28112.793,10.877,5574
 2571,28124.074,11.279,5574
 2572,28135.725,11.651,5574
 2573,28147.926,12.200,5574
 2574,28158.697,10.774,5574
 2575,28170.789,12.092,5574
 2576,28182.301,11.510,5574
 2577,28193.076,10.775,5574
 2578,28205.096,12.020,5574
 2579,28218.172,13.076,5574
 2580,28228.223,10.052,5574
 2581,28239.721,11.499,5574
 2582,28250.777,11.056,5574
 2583,28263.137,12.359,5574
 2584,28275.469,12.332,5574
 2585,28285.270, 9.800,5574
 2586,28296.709,11.440,5574
 2587,28308.148,11.439,5574
 2588,28320.133,11.986,5574
 2589,28331.447,11.313,5574
 2590,28343.266,11.817,5574
 2591,28353.770,10.506,5574
 2592,28365.057,11.287,5574
 2593,28376.160,11.102,5574
 2594,28387.633,11.473,5574
 2595,28399.322,11.690,5574
 2596,28410.617,11.295,5574
 2597,28422.377,11.761,5574
 2598,28433.396,11.018,5574
 2599,28445.209,11.814,5574
 2600,28457.441,12.231,5574
 2601,28467.871,10.430,5574
 2602,28479.004,11.132,5574
 2603,28490.498,11.494,5574
 2604,28501.908,11.410,5574
 2605,28513.457,11.549,5574
 2606,28524.742,11.286,5574
 2607,28537.463,12.721,5574
 2608,28546.777, 9.315,5574
 2609,28559.309,12.530,5574
 2610,28569.494,10.186,5574
 2611,28581.914,12.420,5574
 2612,28593.396,11.483,5574
 2613,28605.053,11.657,5574
 2614,28615.014, 9.958,5574
 2615,28626.758,11.744,5574
 2616,28638.459,11.703,5574
 2617,28649.418,10.957,5574
 2618,28661.525,12.108,5574
 2619,28672.225,10.702,5574
 2620,28682.604,10.377,5574
 2621,28694.662,12.059,5574
 2622,28705.498,10.835,5574
 2623,28718.412,12.914,5574
 2624,28728.969,10.558,5574
 2625,28741.662,12.691,5574
 2626,28752.094,10.434,5574
 2627,28762.773,10.678,5574
 2628,28774.711,11.939,5574
 2629,28785.410,10.699,5574
 2630,28796.561,11.152,5574
 2631,28807.752,11.189,5574
 2632,28819.025,11.273,5574
 2633,28830.832,11.807,5574
 2634,28842.682,11.851,5574
 2635,28854.146,11.465,5574
 2636,28864.441,10.294,5574
 2637,28875.752,11.310,5574
 2638,28886.621,10.871,5574
 2639,28898.156,11.533,5574
 2640,28909.301,11.147,5574
 2641,28921.316,12.015,5574
 2642,28932.389,11.072,5574
 2643,28944.045,11.656,5574
 2644,28955.080,11.034,5574
 2645,28966.740,11.660,5574
 2646,28977.334,10.594,5574
 2647,28988.857,11.525,5574
 2648,29000.529,11.670,5574
 2649,29011.910,11.380,5574
 2650,29022.662,10.754,5574
 2651,29034.119,11.457,5574
 2652,29045.637,11.518,5574
 2653,29059.262,13.624,5574
 2654,29069.629,10.368,5574
 2655,29081.102,11.472,5574
 2656,29092.453,11.353,5574
 2657,29103.969,11.514,5574
 2658,29115.086,11.117,5574
 2659,29126.045,10.959,5574
 2660,29137.057,11.013,5574
 2661,29149.338,12.281,5574
 2662,29159.867,10.529,5574
 2663,29172.176,12.308,5574
 2664,29185.109,12.935,5574
 2665,29196.145,11.035,5574
 2666,29207.684,11.538,5574
 2667,29218.225,10.543,5574
 2668,29229.637,11.411,5574
 2669,29241.029,11.392,5574
 2670,29253.275,12.246,5574
 2671,29264.770,11.493,5574
 2672,29276.490,11.722,5574
 2673,29287.510,11.019,5574
 2674,29298.246,10.735,5574
 2675,29311.248,13.003,5574
 2676,29321.381,10.133,5574
 2677,29333.717,12.336,5574
 2678,29344.641,10.925,5574
 2679,29356.809,12.167,5574
 2680,29367.758,10.949,5574
 2681,29379.258,11.500,5574
 2682,29389.922,10.664,5574
 2683,29402.045,12.123,5574
 2684,29412.340,10.295,5574
 2685,29424.154,11.814,5574
 2686,29436.049,11.896,5574
 2687,29449.256,13.206,5574
 2688,29460.686,11.431,5574
 2689,29471.277,10.591,5574
 2690,29482.322,11.044,5574
 2691,29493.969,11.647,5574
 2692,29505.377,11.408,5574
 2693,29517.133,11.758,5574
 2694,29527.521,10.387,5574
 2695,29539.406,11.883,5574
 2696,29551.463,12.059,5574
 2697,29563.502,12.038,5574
 2698,29574.879,11.378,5574
 2699,29586.029,11.149,5574
 2700,29598.213,12.185,5574
 2701,29608.781,10.568,5574
 2702,29620.465,11.685,5574
 2703,29631.273,10.806,5574
 2704,29642.635,11.363,5574
 2705,29654.385,11.751,5574
 2706,29665.830,11.442,5574
 2707,29677.643,11.815,5574
 2708,29689.410,11.767,5574
 2709,29701.506,12.095,5574
 2710,29712.725,11.221,5574
 2711,29723.781,11.054,5574
 2712,29735.109,11.329,5574
 2713,29747.402,12.292,5574
 2714,29758.891,11.490,5574
 2715,29770.281,11.390,5574
 2716,29781.281,11.001,5574
 2717,29793.828,12.545,5574
 2718,29805.127,11.300,5574
 2719,29817.338,12.209,5574
 2720,29828.793,11.458,5574
 2721,29840.361,11.568,5574
 2722,29853.006,12.642,5574
 2723,29864.633,11.628,5574
 2724,29875.873,11.241,5574
 2725,29889.502,13.627,5574
 2726,29899.986,10.486,5574
 2727,29911.121,11.134,5574
 2728,29922.762,11.640,5574
 2729,29936.564,13.804,5574
 2730,29949.744,13.179,5574
 2731,29960.953,11.210,5574
 2732,29972.221,11.269,5574
 2733,29982.980,10.758,5574
 2734,29994.047,11.067,5574
 2735,30004.602,10.555,5574
 2736,30015.654,11.050,5574
 2737,30027.949,12.296,5574
 2738,30039.918,11.969,5574
 2739,30051.400,11.482,5574
 2740,30062.131,10.732,5574
 2741,30073.682,11.549,5574
 2742,30085.477,11.797,5574
 2743,30097.061,11.583,5574
 2744,30109.049,11.989,5574
 2745,30119.893,10.843,5574
 2746,30131.350,11.457,5574
 2747,30143.234,11.885,5574
 2748,30155.770,12.534,5574
 2749,30165.896,10.128,5574
 2750,30177.463,11.567,5574
 2751,30189.645,12.182,5574
 2752,30200.795,11.150,5574
 2753,30212.477,11.682,5574
 2754,30224.641,12.165,5574
 2755,30236.496,11.853,5574
 2756,30248.463,11.968,5574
 2757,30260.826,12.362,5574
 2758,30272.793,11.969,5574
 2759,30284.596,11.801,5574
 2760,30294.818,10.223,5574
 2761,30306.709,11.890,5574
 2762,30318.441,11.733,5574
 2763,30329.678,11.237,5574
 2764,30342.002,12.324,5574
 2765,30352.297,10.296,5574
 2766,30363.717,11.419,5574
 2767,30376.189,12.471,5574
 2768,30386.980,10.792,5574
 2769,30399.061,12.082,5574
 2770,30409.977,10.915,5574
 2771,30423.258,13.281,5574
 2772,30433.977,10.720,5574
 2773,30446.291,12.313,5574
 2774,30457.850,11.558,5574
 2775,30468.002,10.152,5574
 2776,30480.561,12.560,5574
 2777,30492.570,12.009,5574
 2778,30504.061,11.490,5574
 2779,30515.623,11.563,5574
 2780,30527.738,12.115,5574
 2781,30539.592,11.853,5574
 2782,30550.701,11.109,5574
 2783,30562.186,11.485,5574
 2784,30573.686,11.499,5574
 2785,30584.691,11.007,5574
 2786,30597.305,12.614,5574
 2787,30608.393,11.088,5574
 2788,30620.486,12.092,5574
 2789,30632.342,11.856,5574
 2790,30644.311,11.970,5574
 2791,30657.063,12.752,5574
 2792,30667.963,10.900,5574
 2793,30679.189,11.225,5574
 2794,30689.334,10.144,5574
 2795,30702.225,12.893,5574
 2796,30713.164,10.938,5574
 2797,30724.887,11.724,5574
 2798,30736.238,11.351,5574
 2799,30748.629,12.391,5574
 2800,30758.869,10.241,5574
 2801,30771.398,12.528,5574
 2802,30782.354,10.954,5574
 2803,30794.141,11.790,5574
 2804,30805.289,11.146,5574
 2805,30818.209,12.921,5574
 2806,30828.029, 9.821,5574
 2807,30839.979,11.949,5574
 2808,30852.240,12.260,5574
 2809,30863.545,11.306,5574
 2810,30875.729,12.185,5574
 2811,30888.221,12.490,5574
 2812,30899.322,11.101,5574
 2813,30911.359,12.038,5574
 2814,30922.158,10.799,5574
 2815,30934.221,12.062,5574
 2816,30946.529,12.308,5574
 2817,30957.264,10.735,5574
 2818,30969.045,11.782,5574
 2819,30981.318,12.272,5574
 2820,30993.488,12.170,5574
 2821,31003.666,10.177,5574
 2822,31015.090,11.424,5574
 2823,31028.178,13.088,5574
 2824,31039.793,11.616,5574
 2825,31053.049,13.258,5574
 2826,31065.041,11.991,5574
 2827,31075.410,10.368,5574
 2828,31086.865,11.457,5574
 2829,31098.449,11.583,5574
 2830,31109.371,10.922,5574
 2831,31121.352,11.980,5574
 2832,31132.863,11.512,5574
 2833,31144.789,11.925,5574
 2834,31156.088,11.299,5574
 2835,31168.197,12.109,5574
 2836,31179.457,11.262,5574
 2837,31191.322,11.863,5574
 2838,31202.539,11.218,5574
 2839,31215.486,12.945,5574
 2840,31226.670,11.185,5574
 2841,31239.133,12.463,5574
 2842,31251.111,11.979,5574
 2843,31262.404,11.292,5574
 2844,31274.037,11.635,5574
 2845,31286.254,12.215,5574
 2846,31297.867,11.614,5574
 2847,31309.670,11.802,5574
 2848,31320.777,11.109,5574
 2849,31333.189,12.411,5574
 2850,31344.422,11.233,5574
 2851,31356.521,12.098,5574
 2852,31368.729,12.209,5574
 2853,31379.773,11.044,5574
 2854,31390.959,11.186,5574
 2855,31403.809,12.850,5574
 2856,31414.270,10.460,5574
 2857,31427.574,13.305,5574
 2858,31438.738,11.162,5574
 2859,31452.445,13.710,5574
 2860,31463.703,11.257,5574
 2861,31475.734,12.029,5574
 2862,31487.764,12.031,5574
 2863,31499.330,11.567,5574
 2864,31510.506,11.174,5574
 2865,31522.342,11.836,5574
 2866,31534.381,12.042,5574
 2867,31545.994,11.612,5574
 2868,31557.762,11.768,5574
 2869,31570.035,12.273,5574
 2870,31581.787,11.752,5574
 2871,31594.162,12.375,5574
 2872,31605.855,11.693,5574
 2873,31617.809,11.953,5574
 2874,31628.480,10.671,5574
 2875,31640.891,12.412,5574
 2876,31651.893,11.002,5574
 2877,31664.193,12.301,5574
 2878,31675.225,11.030,5574
 2879,31687.816,12.591,5574
 2880,31699.170,11.353,5574
 2881,31711.750,12.581,5574
 2882,31722.158,10.409,5574
 2883,31735.084,12.925,5574
 2884,31746.100,11.016,5574
 2885,31757.510,11.409,5574
 2886,31768.961,11.452,5574
 2887,31781.533,12.572,5574
 2888,31793.602,12.070,5574
 2889,31805.594,11.990,5574
 2890,31816.941,11.348,5574
 2891,31828.734,11.794,5574
 2892,31842.465,13.731,5574
 2893,31854.666,12.199,5574
 2894,31867.971,13.307,5574
 2895,31878.861,10.890,5574
 2896,31889.232,10.370,5574
 2897,31900.672,11.440,5574
 2898,31913.305,12.634,5574
 2899,31925.971,12.666,5574
 2900,31937.369,11.398,5574
 2901,31949.826,12.456,5574
 2902,31963.422,13.597,5574
 2903,31976.074,12.650,5574
 2904,31987.383,11.311,5574
 2905,31998.727,11.344,5574
 2906,32009.490,10.761,5574
 2907,32021.123,11.635,5574
 2908,32033.689,12.565,5574
 2909,32044.621,10.932,5574
 2910,32056.541,11.921,5574
 2911,32068.393,11.852,5574
 2912,32080.893,12.499,5574
 2913,32091.672,10.779,5574
 2914,32104.449,12.779,5574
 2915,32115.662,11.212,5574
 2916,32127.578,11.915,5574
 2917,32139.947,12.370,5574
 2918,32151.102,11.154,5574
 2919,32163.484,12.382,5574
 2920,32175.838,12.355,5574
 2921,32187.809,11.972,5574
 2922,32198.871,11.061,5574
 2923,32211.617,12.745,5574
 2924,32222.590,10.972,5574
 2925,32235.377,12.790,5574
 2926,32249.045,13.666,5574
 2927,32260.934,11.889,5574
 2928,32271.420,10.486,5574
 2929,32284.193,12.774,5574
 2930,32295.436,11.242,5574
 2931,32308.350,12.915,5574
 2932,32319.615,11.265,5574
 2933,32331.758,12.141,5574
 2934,32343.961,12.204,5574
 2935,32356.625,12.665,5574
 2936,32367.744,11.118,5574
 2937,32379.514,11.771,5574
 2938,32391.307,11.793,5574
 2939,32403.953,12.645,5574
 2940,32415.377,11.426,5574
 2941,32427.740,12.361,5574
 2942,32439.098,11.358,5574
 2943,32451.730,12.633,5574
 2944,32463.578,11.846,5574
 2945,32475.830,12.254,5574
 2946,32487.580,11.749,5574
 2947,32500.529,12.951,5574
 2948,32512.559,12.029,5574
 2949,32524.434,11.875,5574
 2950,32536.861,12.428,5574
 2951,32548.756,11.893,5574
 2952,32560.734,11.977,5574
 2953,32573.650,12.918,5574
 2954,32585.686,12.035,5574
 2955,32598.721,13.037,5574
 2956,32610.350,11.627,5574
 2957,32622.961,12.612,5574
 2958,32636.131,13.170,5574
 2959,32648.732,12.600,5574
 2960,32660.164,11.432,5574
 2961,32671.697,11.533,5574
 2962,32684.209,12.514,5574
 2963,32695.170,10.959,5574
 2964,32707.209,12.040,5574
 2965,32719.234,12.023,5574
 2966,32730.771,11.539,5574
 2967,32743.658,12.886,5574
 2968,32755.322,11.664,5574
 2969,32767.529,12.208,5574
 2970,32780.004,12.477,5574
 2971,32792.195,12.188,5574
 2972,32803.180,10.985,5574
 2973,32815.422,12.242,5574
 2974,32826.551,11.129,5574
 2975,32838.746,12.196,5574
 2976,32850.914,12.169,5574
 2977,32862.383,11.468,5574
 2978,32874.461,12.077,5574
 2979,32888.117,13.656,5574
 2980,32898.688,10.569,5574
 2981,32911.125,12.441,5574
 2982,32922.641,11.513,5574
 2983,32934.203,11.562,5574
 2984,32946.262,12.062,5574
 2985,32958.410,12.147,5574
 2986,32970.547,12.136,5574
 2987,32982.230,11.685,5574
 2988,32993.891,11.660,5574
 2989,33006.238,12.348,5574
 2990,33018.078,11.837,5574
 2991,33031.590,13.512,5574
 2992,33044.141,12.552,5574
 2993,33056.215,12.074,5574
 2994,33066.992,10.778,5574
 2995,33078.504,11.511,5574
 2996,33089.762,11.257,5574
 2997,33102.555,12.794,5574
 2998,33115.117,12.564,5574
 2999,33127.633,12.514,5574
 3000,33138.633,11.002,5574
 3001,33151.633,12.999,5574
 3002,33162.715,11.082,5574
 3003,33174.699,11.983,5574
 3004,33186.430,11.732,5574
 3005,33199.980,13.549,5574
 3006,33211.680,11.700,5574
 3007,33223.625,11.944,5574
 3008,33236.074,12.451,5574
 3009,33248.012,11.938,5574
 3010,33260.465,12.454,5574
 3011,33272.777,12.311,5574
 3012,33284.250,11.474,5574
 3013,33297.480,13.229,5574
 3014,33309.898,12.418,5574
 3015,33321.629,11.730,5574
 3016,33332.617,10.988,5574
 3017,33344.957,12.341,5574
 3018,33356.289,11.331,5574
 3019,33368.391,12.100,5574
 3020,33380.602,12.212,5574
 3021,33393.262,12.663,5574
 3022,33404.766,11.503,5574
 3023,33416.570,11.805,5574
 3024,33428.781,12.210,5574
 3025,33441.273,12.490,5574
 3026,33454.047,12.774,5574
 3027,33466.113,12.067,5574
 3028,33478.137,12.023,5574
 3029,33490.938,12.802,5574
 3030,33503.480,12.545,5574
 3031,33515.402,11.918,5574
 3032,33527.078,11.678,5574
 3033,33539.738,12.658,5574
 3034,33551.223,11.485,5574
 3035,33563.332,12.112,5574
 3036,33575.777,12.442,5574
 3037,33588.203,12.427,5574
 3038,33600.055,11.852,5574
 3039,33612.621,12.567,5574
 3040,33625.098,12.475,5574
 3041,33637.141,12.045,5574
 3042,33648.973,11.832,5574
 3043,33661.754,12.781,5574
 3044,33673.547,11.792,5574
 3045,33686.473,12.928,5574
 3046,33698.113,11.639,5574
 3047,33710.520,12.404,5574
 3048,33725.246,14.729,5574
 3049,33739.770,14.521,5574
 3050,33755.141,15.374,5574
 3051,33768.898,13.758,5574
 3052,33780.320,11.424,5574
 3053,33793.344,13.020,5574
 3054,33808.410,15.068,5574
 3055,33819.676,11.267,5574
 3056,33831.008,11.333,5574
 3057,33845.391,14.379,5574
 3058,33858.848,13.460,5574
 3059,33871.832,12.981,5574
 3060,33883.465,11.634,5574
 3061,33895.754,12.288,5574
 3062,33907.676,11.924,5574
 3063,33919.770,12.093,5574
 3064,33931.625,11.853,5574
 3065,33944.012,12.391,5574
 3066,33956.434,12.419,5574
 3067,33968.340,11.909,5574
 3068,33981.699,13.354,5574
 3069,33995.484,13.789,5574
 3070,34007.434,11.947,5574
 3071,34018.738,11.305,5574
 3072,34029.836,11.101,5574
 3073,34040.727,10.887,5574
 3074,34051.234,10.508,5574
 3075,34062.867,11.634,5574
 3076,34073.965,11.098,5574
 3077,34084.922,10.956,5574
 3078,34097.625,12.703,5574
 3079,34109.930,12.304,5574
 3080,34121.418,11.489,5574
 3081,34133.332,11.915,5574
 3082,34145.441,12.111,5574
 3083,34157.746,12.302,5574
 3084,34168.922,11.177,5574
 3085,34181.586,12.661,5574
 3086,34193.383,11.798,5574
 3087,34205.984,12.603,5574
 3088,34217.555,11.569,5574
 3089,34230.168,12.616,5574
 3090,34241.934,11.765,5574
 3091,34255.754,13.819,5574
 3092,34268.746,12.992,5574
 3093,34280.203,11.454,5574
 3094,34290.875,10.673,5574
 3095,34303.605,12.734,5574
 3096,34316.469,12.863,5574
 3097,34328.109,11.641,5574
 3098,34340.387,12.273,5574
 3099,34352.867,12.481,5574
 3100,34365.629,12.765,5574
 3101,34378.664,13.037,5574
 3102,34390.258,11.589,5574
 3103,34402.051,11.794,5574
 3104,34413.793,11.745,5574
 3105,34426.180,12.387,5574
 3106,34438.121,11.941,5574
 3107,34450.910,12.787,5574
 3108,34462.688,11.775,5574
 3109,34475.289,12.604,5574
 3110,34488.023,12.733,5574
 3111,34500.031,12.009,5574
 3112,34512.113,12.082,5574
 3113,34524.039,11.926,5574
 3114,34536.531,12.490,5574
 3115,34549.578,13.051,5574
 3116,34560.633,11.052,5574
 3117,34573.531,12.900,5574
 3118,34585.195,11.660,5574
 3119,34599.168,13.976,5574
 3120,34611.977,12.811,5574
 3121,34623.754,11.774,5574
 3122,34635.074,11.321,5574
 3123,34647.555,12.479,5574
 3124,34659.617,12.067,5574
 3125,34672.000,12.382,5574
 3126,34683.352,11.348,5574
 3127,34696.438,13.087,5574
 3128,34708.441,12.006,5574
 3129,34720.410,11.969,5574
 3130,34732.250,11.836,5574
 3131,34745.195,12.948,5574
 3132,34756.996,11.801,5574
 3133,34770.141,13.145,5574
 3134,34781.574,11.433,5574
 3135,34795.430,13.855,5574
 3136,34807.566,12.135,5574
 3137,34819.926,12.361,5574
 3138,34831.270,11.345,5574
 3139,34843.797,12.527,5574
 3140,34855.652,11.857,5574
 3141,34868.809,13.157,5574
 3142,34880.762,11.949,5574
 3143,34892.969,12.211,5574
 3144,34906.020,13.044,5574
 3145,34918.148,12.134,5574
 3146,34930.398,12.248,5574
 3147,34941.809,11.412,5574
 3148,34953.449,11.641,5574
 3149,34965.906,12.457,5574
 3150,34978.172,12.266,5574
 3151,34990.602,12.427,5574
 3152,35002.758,12.158,5574
 3153,35016.254,13.495,5574
 3154,35028.008,11.756,5574
 3155,35041.824,13.818,5574
 3156,35052.871,11.041,5574
 3157,35064.770,11.899,5574
 3158,35076.660,11.894,5574
 3159,35089.000,12.341,5574
 3160,35101.504,12.505,5574
 3161,35113.898,12.388,5574
 3162,35125.961,12.064,5574
 3163,35138.371,12.412,5574
 3164,35150.273,11.902,5574
 3165,35162.988,12.716,5574
 3166,35174.461,11.472,5574
 3167,35189.313,14.851,5574
 3168,35201.863,12.549,5574
 3169,35213.703,11.841,5574
 3170,35226.633,12.929,5574
 3171,35239.715,13.080,5574
 3172,35251.082,11.369,5574
 3173,35263.184,12.101,5574
 3174,35274.563,11.382,5574
 3175,35286.359,11.795,5574
 3176,35299.219,12.859,5574
 3177,35312.738,13.522,5574
 3178,35324.227,11.485,5574
 3179,35337.754,13.528,5574
 3180,35348.789,11.036,5574
 3181,35361.422,12.633,5574
 3182,35373.652,12.232,5574
 3183,35385.977,12.322,5574
 3184,35398.070,12.095,5574
 3185,35410.043,11.971,5574
 3186,35421.664,11.622,5574
 3187,35434.664,13.004,5574
 3188,35446.977,12.309,5574
 3189,35458.934,11.957,5574
 3190,35470.730,11.798,5574
 3191,35484.531,13.800,5574
 3192,35495.715,11.181,5574
 3193,35508.500,12.788,5574
 3194,35519.945,11.447,5574
 3195,35532.523,12.572,5574
 3196,35545.723,13.201,5574
 3197,35558.984,13.265,5574
 3198,35570.949,11.963,5574
 3199,35582.953,12.004,5574
 3200,35594.621,11.668,5574
 3201,35606.777,12.158,5574
 3202,35619.457,12.679,5574
 3203,35631.809,12.351,5574
 3204,35643.840,12.033,5574
 3205,35656.625,12.782,5574
 3206,35667.961,11.340,5574
 3207,35680.082,12.118,5574
 3208,35692.258,12.177,5574
 3209,35705.664,13.405,5574
 3210,35717.910,12.245,5574
 3211,35730.090,12.183,5574
 3212,35743.121,13.030,5574
 3213,35757.871,14.747,5574
 3214,35771.059,13.191,5574
 3215,35783.105,12.044,5574
 3216,35797.281,14.179,5574
 3217,35810.617,13.334,5574
 3218,35823.176,12.562,5574
 3219,35838.105,14.927,5574
 3220,35852.207,14.101,5574
 3221,35866.387,14.179,5574
 3222,35880.160,13.775,5574
 3223,35894.316,14.156,5574
 3224,35908.539,14.219,5574
 3225,35921.793,13.260,5574
 3226,35935.508,13.713,5574
 3227,35947.930,12.422,5574
 3228,35960.441,12.511,5574
 3229,35974.430,13.987,5574
 3230,35987.129,12.703,5574
 3231,35999.594,12.460,5574
 3232,36013.457,13.868,5574
 3233,36027.043,13.582,5574
 3234,36041.348,14.306,5574
 3235,36056.258,14.911,5574
 3236,36069.164,12.906,5574
 3237,36083.809,14.645,5574
 3238,36096.480,12.670,5574
 3239,36108.480,12.003,5574
 3240,36120.996,12.515,5574
 3241,36134.035,13.037,5574
 3242,36145.918,11.884,5574
 3243,36157.992,12.075,5574
 3244,36170.793,12.799,5574
 3245,36182.223,11.430,5574
 3246,36193.449,11.225,5574
 3247,36205.043,11.592,5574
 3248,36216.555,11.514,5574
 3249,36226.984,10.433,5574
 3250,36237.938,10.951,5574
 3251,36250.059,12.121,5574
 3252,36263.324,13.267,5574
 3253,36276.418,13.091,5574
 3254,36287.992,11.579,5574
 3255,36300.449,12.455,5574
 3256,36312.063,11.612,5574
 3257,36325.297,13.237,5574
 3258,36336.695,11.394,5574
 3259,36349.723,13.026,5574
 3260,36361.426,11.708,5574
 3261,36374.074,12.645,5574
 3262,36387.906,13.833,5574
 3263,36399.797,11.891,5574
 3264,36411.793,11.998,5574
 3265,36423.988,12.195,5574
 3266,36436.449,12.461,5574
 3267,36448.824,12.376,5574
 3268,36461.227,12.400,5574
 3269,36474.129,12.903,5574
 3270,36486.832,12.705,5574
 3271,36499.660,12.827,5574
 3272,36511.855,12.192,5574
 3273,36524.621,12.769,5574
 3274,36537.367,12.744,5574
 3275,36549.504,12.141,5574
 3276,36561.203,11.694,5574
 3277,36574.879,13.676,5574
 3278,36586.594,11.714,5574
 3279,36600.113,13.520,5574
 3280,36613.340,13.230,5574
 3281,36624.613,11.273,5574
 3282,36637.691,13.073,5574
 3283,36651.453,13.767,5574
 3284,36664.742,13.287,5574
 3285,36677.020,12.277,5574
 3286,36689.141,12.122,5574
 3287,36702.742,13.601,5574
 3288,36716.047,13.303,5574
 3289,36727.809,11.767,5574
 3290,36740.547,12.733,5574
 3291,36753.480,12.935,5574
 3292,36766.742,13.263,5574
 3293,36778.879,12.134,5574
 3294,36791.262,12.385,5574
 3295,36803.219,11.954,5574
 3296,36815.563,12.346,5574
 3297,36827.754,12.191,5574
 3298,36839.766,12.012,5574
 3299,36853.168,13.405,5574
 3300,36866.219,13.047,5574
 3301,36878.145,11.927,5574
 3302,36890.867,12.722,5574
 3303,36903.934,13.067,5574
 3304,36915.285,11.354,5574
 3305,36929.168,13.881,5574
 3306,36941.496,12.328,5574
 3307,36954.074,12.576,5574
 3308,36966.324,12.253,5574
 3309,36978.980,12.656,5574
 3310,36992.004,13.024,5574
 3311,37004.082,12.079,5574
 3312,37018.043,13.957,5574
 3313,37031.914,13.874,5574
 3314,37045.402,13.486,5574
 3315,37059.762,14.361,5574
 3316,37071.473,11.710,5574
 3317,37083.383,11.911,5574
 3318,37095.234,11.849,5574
 3319,37108.664,13.432,5574
 3320,37122.070,13.405,5574
 3321,37134.203,12.135,5574
 3322,37147.605,13.402,5574
 3323,37160.289,12.684,5574
 3324,37173.195,12.904,5574
 3325,37185.707,12.510,5574
 3326,37198.715,13.009,5574
 3327,37210.512,11.797,5574
 3328,37222.371,11.860,5574
 3329,37237.383,15.012,5574
 3330,37249.441,12.061,5574
 3331,37261.445,12.004,5574
 3332,37275.223,13.775,5574
 3333,37287.227,12.002,5574
 3334,37299.402,12.179,5574
 3335,37311.664,12.265,5574
 3336,37324.480,12.813,5574
 3337,37336.242,11.760,5574
 3338,37350.867,14.623,5574
 3339,37363.730,12.864,5574
 3340,37376.438,12.709,5574
 3341,37389.168,12.734,5574
 3342,37402.332,13.163,5574
 3343,37415.352,13.015,5574
 3344,37427.621,12.272,5574
 3345,37439.301,11.682,5574
 3346,37452.141,12.839,5574
 3347,37466.422,14.279,5574
 3348,37479.883,13.463,5574
 3349,37492.230,12.346,5574
 3350,37503.816,11.589,5574
 3351,37516.875,13.056,5574
 3352,37528.453,11.580,5574
 3353,37541.219,12.761,5574
 3354,37554.133,12.919,5574
 3355,37567.863,13.726,5574
 3356,37580.945,13.084,5574
 3357,37592.406,11.461,5574
 3358,37605.672,13.269,5574
 3359,37618.242,12.566,5574
 3360,37629.887,11.644,5574
 3361,37643.203,13.317,5574
 3362,37656.770,13.567,5574
 3363,37669.793,13.023,5574
 3364,37682.234,12.443,5574
 3365,37695.383,13.146,5574
 3366,37708.367,12.985,5574
 3367,37721.207,12.841,5574
 3368,37733.754,12.547,5574
 3369,37745.742,11.989,5574
 3370,37759.418,13.677,5574
 3371,37771.750,12.331,5574
 3372,37785.121,13.371,5574
 3373,37797.719,12.595,5574
 3374,37810.387,12.670,5574
 3375,37822.887,12.499,5574
 3376,37835.438,12.551,5574
 3377,37849.219,13.780,5574
 3378,37862.617,13.399,5574
 3379,37875.270,12.654,5574
 3380,37887.746,12.474,5574
 3381,37900.367,12.622,5574
 3382,37912.617,12.252,5574
 3383,37925.426,12.806,5574
 3384,37937.281,11.860,5574
 3385,37951.980,14.697,5574
 3386,37964.160,12.183,5574
 3387,37977.098,12.936,5574
 3388,37990.691,13.588,5574
 3389,38002.863,12.173,5574
 3390,38014.953,12.091,5574
 3391,38027.543,12.589,5574
 3392,38041.082,13.539,5574
 3393,38055.965,14.886,5574
 3394,38067.953,11.990,5574
 3395,38081.063,13.106,5574
 3396,38092.426,11.365,5574
 3397,38105.512,13.083,5574
 3398,38117.820,12.311,5574
 3399,38130.895,13.074,5574
 3400,38143.258,12.361,5574
 3401,38155.691,12.435,5574
 3402,38168.805,13.116,5574
 3403,38182.418,13.613,5574
 3404,38194.719,12.299,5574
 3405,38206.723,12.005,5574
 3406,38218.539,11.815,5574
 3407,38231.188,12.646,5574
 3408,38244.012,12.825,5574
 3409,38256.988,12.979,5574
 3410,38270.277,13.288,5574
 3411,38282.699,12.420,5574
 3412,38294.844,12.144,5574
 3413,38307.703,12.861,5574
 3414,38320.406,12.704,5574
 3415,38332.105,11.701,5574
 3416,38345.250,13.143,5574
 3417,38357.859,12.607,5574
 3418,38369.352,11.494,5574
 3419,38382.277,12.926,5574
 3420,38393.805,11.529,5574
 3421,38407.059,13.250,5574
 3422,38418.664,11.610,5574
 3423,38431.797,13.131,5574
 3424,38443.480,11.687,5574
 3425,38456.773,13.290,5574
 3426,38468.531,11.758,5574
 3427,38481.395,12.860,5574
 3428,38493.957,12.567,5574
 3429,38506.578,12.620,5574
 3430,38519.617,13.040,5574
 3431,38532.266,12.649,5574
 3432,38544.691,12.420,5574
 3433,38558.313,13.628,5574
 3434,38570.367,12.051,5574
 3435,38583.098,12.731,5574
 3436,38595.219,12.118,5574
 3437,38608.188,12.970,5574
 3438,38620.602,12.417,5574
 3439,38633.793,13.190,5574
 3440,38646.121,12.331,5574
 3441,38660.668,14.545,5574
 3442,38675.402,14.731,5574
 3443,38689.246,13.846,5574
 3444,38702.055,12.809,5574
 3445,38714.020,11.964,5574
 3446,38729.219,15.199,5574
 3447,38743.449,14.231,5574
 3448,38757.438,13.988,5574
 3449,38769.793,12.358,5574
 3450,38783.695,13.898,5574
 3451,38797.320,13.631,5574
 3452,38810.086,12.763,5574
 3453,38822.945,12.858,5574
 3454,38835.680,12.732,5574
 3455,38849.086,13.409,5574
 3456,38860.602,11.514,5574
 3457,38872.488,11.892,5574
 3458,38883.883,11.392,5574
 3459,38895.410,11.525,5574
 3460,38907.113,11.707,5574
 3461,38918.750,11.634,5574
 3462,38930.219,11.467,5574
 3463,38941.438,11.220,5574
 3464,38954.020,12.581,5574
 3465,38966.848,12.829,5574
 3466,38979.027,12.180,5574
 3467,38991.258,12.233,5574
 3468,39003.879,12.619,5574
 3469,39016.953,13.074,5574
 3470,39028.777,11.824,5574
 3471,39041.141,12.364,5574
 3472,39053.156,12.018,5574
 3473,39068.547,15.389,5574
 3474,39081.000,12.454,5574
 3475,39092.750,11.747,5574
 3476,39104.563,11.814,5574
 3477,39116.520,11.956,5574
 3478,39128.680,12.160,5574
 3479,39141.215,12.536,5574
 3480,39154.406,13.191,5574
 3481,39167.992,13.586,5574
 3482,39179.777,11.787,5574
 3483,39191.277,11.498,5574
 3484,39203.402,12.127,5574
 3485,39215.980,12.577,5574
 3486,39228.305,12.323,5574
 3487,39240.715,12.412,5574
 3488,39253.457,12.744,5574
 3489,39265.543,12.081,5574
 3490,39279.000,13.463,5574
 3491,39291.617,12.612,5574
 3492,39303.480,11.864,5574
 3493,39316.430,12.951,5574
 3494,39328.641,12.213,5574
 3495,39341.070,12.426,5574
 3496,39354.023,12.951,5574
 3497,39366.465,12.446,5574
 3498,39378.355,11.885,5574
 3499,39391.180,12.824,5574
 3500,39403.289,12.113,5574
 3501,39417.418,14.130,5574
 3502,39429.836,12.418,5574
 3503,39442.543,12.704,5574
 3504,39453.613,11.072,5574
 3505,39467.734,14.120,5574
 3506,39480.285,12.552,5574
 3507,39493.078,12.793,5574
 3508,39505.660,12.585,5574
 3509,39517.988,12.326,5574
 3510,39531.625,13.635,5574
 3511,39544.113,12.492,5574
 3512,39555.473,11.358,5574
 3513,39567.555,12.082,5574
 3514,39578.910,11.355,5574
 3515,39591.746,12.835,5574
 3516,39604.625,12.882,5574
 3517,39616.961,12.336,5574
 3518,39629.664,12.704,5574
 3519,39642.043,12.374,5574
 3520,39652.996,10.955,5574
 3521,39663.781,10.785,5574
 3522,39676.324,12.544,5574
 3523,39689.320,12.998,5574
 3524,39702.012,12.685,5574
 3525,39713.098,11.087,5574
 3526,39726.324,13.229,5574
 3527,39738.324,12.002,5574
 3528,39751.938,13.611,5574
 3529,39763.430,11.493,5574
 3530,39776.020,12.587,5574
 3531,39788.180,12.161,5574
 3532,39801.496,13.318,5574
 3533,39814.250,12.755,5574
 3534,39825.531,11.279,5574
 3535,39837.656,12.129,5574
 3536,39850.891,13.229,5574
 3537,39863.430,12.542,5574
 3538,39878.430,15.000,5574
 3539,39890.109,11.679,5574
 3540,39901.930,11.821,5574
 3541,39914.359,12.427,5574
 3542,39926.555,12.198,5574
 3543,39938.293,11.737,5574
 3544,39949.895,11.600,5574
 3545,39962.438,12.544,5574
 3546,39975.293,12.857,5574
 3547,39987.012,11.715,5574
 3548,39999.520,12.508,5574
 3549,40012.074,12.558,5574
 3550,40025.328,13.257,5574
 3551,40037.832,12.504,5574
 3552,40050.023,12.186,5574
 3553,40063.699,13.675,5574
 3554,40076.832,13.137,5574
 3555,40089.266,12.433,5574
 3556,40101.969,12.705,5574
 3557,40114.852,12.876,5574
 3558,40127.418,12.572,5574
 3559,40139.227,11.805,5574
 3560,40151.215,11.988,5574
 3561,40163.094,11.880,5574
 3562,40175.523,12.428,5574
 3563,40187.996,12.478,5574
 3564,40200.500,12.502,5574
 3565,40212.609,12.107,5574
 3566,40224.563,11.952,5574
 3567,40237.949,13.391,5574
 3568,40250.074,12.121,5574
 3569,40262.098,12.025,5574
 3570,40272.930,10.835,5492
 3571,40285.332,12.401,5492
 3572,40297.227,11.891,5492
 3573,40309.664,12.443,5492
 3574,40322.691,13.021,5492
 3575,40334.707,12.017,5492
 3576,40341.609, 6.904,5492
 3577,40349.531, 7.919,5492
 3578,40356.766, 7.238,5492
 3579,40365.719, 8.952,5492
 3580,40375.934,10.216,5492
 3581,40387.594,11.659,5492
 3582,40400.320,12.729,5492
 3583,40414.074,13.754,5492
 3584,40427.328,13.254,5492
 3585,40438.402,11.073,5492
 3586,40451.160,12.760,5492
 3587,40464.141,12.978,5492
 3588,40477.598,13.458,5492
 3589,40490.785,13.186,5492
 3590,40506.387,15.599,5492
 3591,40514.672, 8.286,5492
 3592,40527.395,12.722,5492
 3593,40539.324,11.934,5492
 3594,40551.754,12.428,5492
 3595,40564.883,13.128,5492
 3596,40576.188,11.304,5492
 3597,40589.563,13.376,5492
 3598,40602.852,13.290,5492
 3599,40624.383,21.529,5492
 3600,40641.020,16.637,5492
 3601,40656.621,15.605,5492
 3602,40669.297,12.677,5492
 3603,40675.523, 6.224,5492
 3604,40683.664, 8.142,5492
 3605,40693.746,10.081,5492
 3606,40706.523,12.774,5492
 3607,40718.648,12.129,5492
 3608,40731.129,12.479,5492
 3609,40744.293,13.166,5492
 3610,40757.281,12.985,5492
 3611,40770.660,13.381,5492
 3612,40783.473,12.812,5492
 3613,40796.145,12.671,5492
 3614,40808.430,12.286,5492
 3615,40821.289,12.861,5492
 3616,40833.359,12.067,5492
 3617,40846.496,13.141,5492
 3618,40859.816,13.321,5492
 3619,40872.297,12.479,5492
 3620,40885.555,13.253,5492
 3621,40898.855,13.303,5492
 3622,40911.965,13.111,5492
 3623,40926.488,14.525,5492
 3624,40940.195,13.705,5492
 3625,40952.832,12.637,5492
 3626,40965.090,12.257,5508
 3627,40976.867,11.776,5508
 3628,40989.535,12.668,5508
 3629,41003.617,14.082,5508
 3630,41016.121,12.508,5508
 3631,41028.438,12.313,5508
 3632,41042.695,14.256,5508
 3633,41055.434,12.743,5508
 3634,41069.176,13.739,5508
 3635,41082.207,13.031,5508
 3636,41097.766,15.561,5508
 3637,41107.992,10.227,5508
 3638,41120.164,12.171,5508
 3639,41132.660,12.498,5508
 3640,41145.363,12.701,5508
 3641,41157.223,11.859,5508
 3642,41169.121,11.899,5508
 3643,41183.051,13.929,5508
 3644,41196.133,13.084,5508
 3645,41208.660,12.527,5508
 3646,41222.191,13.527,5508
 3647,41235.492,13.304,5524
 3648,41249.418,13.924,5524
 3649,41262.363,12.946,5524
 3650,41274.418,12.056,5524
 3651,41290.043,15.621,5524
 3652,41303.363,13.320,5524
 3653,41315.758,12.398,5524
 3654,41325.434, 9.675,5524
 3655,41336.465,11.035,5524
 3656,41348.734,12.267,5524
 3657,41360.410,11.673,5524
 3658,41373.219,12.809,5524
 3659,41384.918,11.700,5524
 3660,41428.156,43.241,5540
 3661,41435.785, 7.626,5540
 3662,41444.219, 8.433,5540
 3663,41452.527, 8.310,5540
 3664,41465.219,12.689,5540
 3665,41475.832,10.619,5540
 3666,41485.313, 9.479,5540
 3667,41495.465,10.150,5540
 3668,41508.953,13.490,5540
 3669,41522.664,13.711,5540
 3670,41535.164,12.501,5540
 3671,41549.164,13.999,5540
 3672,41563.195,14.030,5540
 3673,41576.387,13.190,5556
 3674,41588.625,12.240,5556
 3675,41601.809,13.184,5556
 3676,41614.090,12.282,5556
 3677,41626.055,11.964,5556
 3678,41638.020,11.964,5556
 3679,41650.250,12.229,5556
 3680,41663.137,12.889,5556
 3681,41675.539,12.399,5556
 3682,41689.172,13.634,5556
 3683,41699.926,10.757,5556
 3684,41711.309,11.383,5556
 3685,41722.684,11.373,5556
 3686,41734.531,11.849,5556
 3687,41745.594,11.064,5556
 3688,41757.734,12.138,5556
 3689,41768.895,11.160,5556
 3690,41780.930,12.037,5556
 3691,41792.625,11.695,5556
 3692,41804.910,12.283,5556
 3693,41816.547,11.639,5556
 3694,41831.578,15.031,5556
 3695,41843.863,12.282,5556
 3696,41857.227,13.365,5556
 3697,41870.738,13.511,5556
 3698,41883.816,13.079,5556
 3699,41897.480,13.665,5556
 3700,41912.461,14.980,5556
 3701,41925.328,12.871,5556
 3702,41937.836,12.504,5556
 3703,41952.246,14.410,5556
 3704,41964.855,12.608,5556
 3705,41976.973,12.119,5556
 3706,41990.172,13.195,5556
 3707,42003.316,13.149,5556
 3708,42016.590,13.274,5556
 3709,42029.984,13.397,5556
 3710,42044.082,14.094,5556
 3711,42054.953,10.872,5556
 3712,42068.152,13.201,5556
 3713,42079.012,10.857,5556
 3714,42090.672,11.657,5556
 3715,42104.277,13.608,5556
 3716,42115.555,11.275,5556
 3717,42128.773,13.223,5556
 3718,42140.184,11.406,5556
 3719,42152.629,12.449,5556
 3720,42165.129,12.498,5556
 3721,42177.730,12.601,5556
 3722,42190.844,13.113,5556
 3723,42204.914,14.073,5556
 3724,42216.563,11.649,5556
 3725,42229.629,13.066,5556
 3726,42242.324,12.695,5556
 3727,42256.098,13.772,5556
 3728,42268.391,12.294,5556
 3729,42297.207,28.814,5556
 3730,42307.418,10.214,5556
 3731,42315.641, 8.222,5556
 3732,42322.605, 6.965,5556
 3733,42328.113, 5.506,5556
 3734,42338.977,10.868,5556
 3735,42350.871,11.890,5556
 3736,42363.199,12.329,5556
 3737,42375.055,11.855,5556
 3738,42387.039,11.983,5556
 3739,42399.121,12.087,5556
 3740,42410.867,11.742,5556
 3741,42423.383,12.516,5556
 3742,42435.570,12.186,5556
 3743,42447.859,12.289,5556
 3744,42459.547,11.687,5556
 3745,42470.656,11.115,5556
 3746,42482.594,11.934,5556
 3747,42494.285,11.692,5556
 3748,42506.445,12.160,5556
 3749,42518.652,12.210,5556
 3750,42530.789,12.134,5556
 3751,42541.898,11.111,5556
 3752,42554.305,12.405,5556
 3753,42566.555,12.248,5556
 3754,42578.984,12.435,5556
 3755,42590.566,11.578,5556
 3756,42602.137,11.570,5556
 3757,42614.539,12.404,5556
 3758,42626.176,11.633,5556
 3759,42638.512,12.336,5556
 3760,42650.777,12.269,5556
 3761,42662.266,11.488,5556
 3762,42675.324,13.060,5556
 3763,42686.520,11.191,5556
 3764,42698.902,12.384,5556
 3765,42710.082,11.180,5556
 3766,42722.508,12.424,5556
 3767,42734.023,11.517,5556
 3768,42746.418,12.395,5556
 3769,42757.730,11.315,5556
 3770,42769.625,11.896,5556
 3771,42782.445,12.819,5556
 3772,42794.043,11.596,5556
 3773,42806.113,12.072,5556
 3774,42819.734,13.618,5556
 3775,42830.816,11.083,5556
 3776,42842.555,11.738,5556
 3777,42854.586,12.030,5556
 3778,42867.645,13.062,5556
 3779,42878.480,10.836,5556
 3780,42890.813,12.331,5556
 3781,42903.426,12.615,5556
 3782,42915.602,12.174,5556
 3783,42928.789,13.188,5556
 3784,42939.563,10.774,5556
 3785,42951.816,12.255,5556
 3786,42964.867,13.047,5556
 3787,42976.410,11.542,5556
 3788,42988.836,12.428,5556
 3789,43000.453,11.618,5556
 3790,43012.859,12.402,5556
 3791,43024.617,11.762,5556
 3792,43037.160,12.544,5556
 3793,43049.484,12.325,5556
 3794,43061.074,11.588,5556
 3795,43073.582,12.506,5556
 3796,43085.887,12.305,5556
 3797,43097.711,11.823,5556
 3798,43109.563,11.855,5556
 3799,43121.883,12.318,5556
 3800,43133.625,11.744,5556
 3801,43145.898,12.271,5556
 3802,43158.121,12.223,5556
 3803,43170.184,12.061,5556
 3804,43182.633,12.452,5556
 3805,43195.637,13.006,5556
 3806,43208.074,12.436,5556
 3807,43219.313,11.241,5556
 3808,43231.691,12.372,5556
 3809,43243.750,12.062,5556
 3810,43256.004,12.250,5556
 3811,43268.250,12.250,5556
 3812,43280.586,12.334,5556
 3813,43293.781,13.197,5556
 3814,43306.016,12.234,5556
 3815,43317.617,11.601,5556
 3816,43329.695,12.077,5556
 3817,43342.457,12.766,5556
 3818,43354.203,11.743,5556
 3819,43366.801,12.602,5556
 3820,43378.836,12.028,5556
 3821,43391.273,12.441,5556
 3822,43403.305,12.033,5556
 3823,43415.688,12.380,5556
 3824,43428.133,12.448,5556
 3825,43440.516,12.382,5556
 3826,43452.895,12.378,5556
 3827,43465.109,12.216,5556
 3828,43477.457,12.348,5556
 3829,43489.527,12.069,5556
 3830,43502.645,13.120,5556
 3831,43514.785,12.140,5556
 3832,43526.949,12.163,5556
 3833,43539.215,12.265,5556
 3834,43551.516,12.301,5556
 3835,43563.898,12.383,5556
 3836,43577.418,13.521,5556
 3837,43589.645,12.225,5556
 3838,43601.645,12.000,5556
 3839,43614.379,12.734,5556
 3840,43626.266,11.886,5556
 3841,43638.906,12.643,5556
 3842,43650.992,12.087,5556
 3843,43663.953,12.961,5556
 3844,43675.809,11.856,5556
 3845,43688.250,12.437,5556
 3846,43700.852,12.599,5556
 3847,43712.867,12.019,5556
 3848,43725.738,12.871,5556
 3849,43737.582,11.844,5556
 3850,43750.113,12.532,5556
 3851,43763.039,12.925,5556
 3852,43776.316,13.279,5556
 3853,43788.879,12.560,5556
 3854,43801.492,12.616,5556
 3855,43813.742,12.248,5556
 3856,43826.363,12.622,5556
 3857,43838.555,12.189,5556
 3858,43850.941,12.390,5556
 3859,43863.641,12.700,5556
 3860,43876.012,12.365,5556
 3861,43888.668,12.658,5556
 3862,43900.758,12.093,5556
 3863,43913.391,12.630,5556
 3864,43926.262,12.872,5556
 3865,43938.711,12.449,5556
 3866,43951.449,12.741,5556
 3867,43964.172,12.719,5556
 3868,43976.195,12.022,5556
 3869,43989.066,12.875,5556
 3870,44001.422,12.356,5556
 3871,44013.906,12.483,5556
 3872,44026.402,12.496,5556
 3873,44039.520,13.115,5556
 3874,44052.480,12.964,5556
 3875,44065.262,12.781,5556
 3876,44076.848,11.583,5556
 3877,44089.605,12.761,5556
 3878,44103.020,13.412,5556
 3879,44115.863,12.843,5556
 3880,44128.367,12.505,5556
 3881,44141.027,12.658,5556
 3882,44154.160,13.138,5556
 3883,44166.602,12.441,5556
 3884,44179.441,12.841,5556
 3885,44191.844,12.396,5556
 3886,44205.352,13.510,5556
 3887,44217.531,12.182,5556
 3888,44231.434,13.904,5556
 3889,44244.332,12.895,5556
 3890,44256.332,12.000,5556
 3891,44268.879,12.548,5556
 3892,44281.113,12.236,5556
 3893,44293.820,12.708,5556
 3894,44305.867,12.041,5556
 3895,44318.781,12.919,5556
 3896,44332.953,14.173,5556
 3897,44345.516,12.558,5556
 3898,44357.418,11.902,5556
 3899,44369.840,12.422,5556
 3900,44383.219,13.381,5556
 3901,44395.695,12.475,5556
 3902,44408.438,12.745,5556
 3903,44421.098,12.660,5556
 3904,44433.820,12.724,5556
 3905,44447.449,13.629,5556
 3906,44459.688,12.235,5556
 3907,44472.152,12.467,5556
 3908,44484.754,12.599,5556
 3909,44497.883,13.128,5556
 3910,44510.055,12.172,5556
 3911,44522.902,12.848,5556
 3912,44535.805,12.906,5556
 3913,44548.930,13.122,5556
 3914,44561.629,12.702,5556
 3915,44574.543,12.910,5556
 3916,44586.785,12.247,5556
 3917,44600.117,13.329,5556
 3918,44612.547,12.429,5556
 3919,44625.426,12.882,5556
 3920,44638.434,13.007,5556
 3921,44650.883,12.449,5556
 3922,44664.387,13.503,5556
 3923,44676.730,12.342,5556
 3924,44690.473,13.745,5556
 3925,44703.910,13.437,5556
 3926,44715.816,11.909,5556
 3927,44728.766,12.945,5556
 3928,44741.570,12.806,5556
 3929,44753.922,12.350,5556
 3930,44767.195,13.275,5556
 3931,44780.238,13.043,5556
 3932,44793.488,13.252,5556
 3933,44806.074,12.582,5556
 3934,44818.602,12.529,5556
 3935,44831.750,13.148,5556
 3936,44844.516,12.762,5556
 3937,44857.754,13.240,5556
 3938,44870.777,13.024,5556
 3939,44883.570,12.795,5556
 3940,44896.305,12.733,5556
 3941,44909.332,13.025,5556
 3942,44922.219,12.891,5556
 3943,44934.648,12.430,5556
 3944,44947.723,13.073,5556
 3945,44960.594,12.871,5556
 3946,44973.277,12.683,5556
 3947,44986.051,12.775,5556
 3948,44999.188,13.132,5556
 3949,45011.813,12.629,5556
 3950,45025.371,13.557,5556
 3951,45038.309,12.939,5556
 3952,45050.867,12.557,5556
 3953,45064.145,13.280,5556
 3954,45076.625,12.478,5556
 3955,45090.594,13.971,5556
 3956,45102.875,12.278,5556
 3957,45115.539,12.665,5556
 3958,45128.750,13.213,5556
 3959,45141.996,13.242,5556
 3960,45155.266,13.273,5556
 3961,45168.066,12.798,5556
 3962,45180.664,12.597,5556
 3963,45194.504,13.841,5556
 3964,45207.082,12.581,5556
 3965,45219.313,12.233,5556
 3966,45232.297,12.982,5556
 3967,45245.203,12.906,5556
 3968,45258.641,13.440,5556
 3969,45271.266,12.624,5556
 3970,45284.875,13.607,5556
 3971,45298.109,13.235,5556
 3972,45310.750,12.641,5556
 3973,45323.500,12.747,5556
 3974,45337.004,13.505,5556
 3975,45349.414,12.410,5556
 3976,45362.824,13.411,5556
 3977,45376.637,13.813,5556
 3978,45389.574,12.938,5556
 3979,45401.816,12.242,5556
 3980,45414.793,12.978,5556
 3981,45428.500,13.704,5556
 3982,45441.031,12.531,5556
 3983,45454.281,13.250,5556
 3984,45467.641,13.362,5556
 3985,45480.363,12.722,5556
 3986,45493.270,12.907,5556
 3987,45506.418,13.146,5556
 3988,45518.883,12.467,5556
 3989,45532.219,13.335,5556
 3990,45544.680,12.459,5556
 3991,45558.281,13.602,5556
 3992,45570.770,12.488,5556
 3993,45583.973,13.206,5556
 3994,45597.898,13.925,5556
 3995,45611.539,13.639,5556
 3996,45624.281,12.746,5556
 3997,45637.109,12.827,5556
 3998,45649.641,12.530,5556
 3999,45662.430,12.790,5556
 4000,45675.512,13.079,5556
 4001,45688.719,13.208,5556
 4002,45701.570,12.851,5556
 4003,45715.203,13.631,5556
 4004,45728.102,12.902,5556
 4005,45741.477,13.376,5556
 4006,45754.535,13.055,5556
 4007,45767.727,13.194,5556
 4008,45780.898,13.170,5556
 4009,45794.090,13.195,5556
 4010,45807.230,13.138,5556
 4011,45820.137,12.908,5556
 4012,45833.355,13.215,5556
 4013,45847.430,14.076,5556
 4014,45859.875,12.447,5556
 4015,45873.457,13.581,5556
 4016,45886.027,12.571,5556
 4017,45899.363,13.334,5556
 4018,45913.668,14.305,5556
 4019,45925.762,12.095,5556
 4020,45938.891,13.126,5556
 4021,45952.234,13.346,5556
 4022,45965.395,13.161,5556
 4023,45978.488,13.097,5556
 4024,45992.176,13.683,5556
 4025,46005.922,13.749,5556
 4026,46018.891,12.964,5556
 4027,46032.691,13.800,5556
 4028,46045.273,12.587,5556
 4029,46058.422,13.146,5556
 4030,46071.922,13.503,5556
 4031,46085.465,13.544,5556
 4032,46098.438,12.970,5556
 4033,46111.273,12.838,5556
 4034,46125.246,13.969,5556
 4035,46138.320,13.076,5556
 4036,46151.555,13.235,5556
 4037,46164.098,12.544,5556
 4038,46177.215,13.113,5556
 4039,46190.527,13.312,5556
 4040,46203.609,13.086,5556
 4041,46216.945,13.333,5556
 4042,46230.961,14.020,5556
 4043,46244.297,13.334,5556
 4044,46257.250,12.953,5556
 4045,46270.617,13.369,5556
 4046,46283.516,12.892,5556
 4047,46296.441,12.932,5556
 4048,46310.402,13.957,5556
 4049,46323.859,13.456,5556
 4050,46337.063,13.206,5556
 4051,46350.902,13.838,5556
 4052,46364.211,13.311,5556
 4053,46377.352,13.138,5556
 4054,46391.211,13.858,5556
 4055,46404.164,12.956,5556
 4056,46418.059,13.892,5556
 4057,46431.141,13.087,5556
 4058,46445.285,14.143,5556
 4059,46457.832,12.544,5556
 4060,46471.297,13.470,5556
 4061,46484.871,13.569,5556
 4062,46497.918,13.050,5556
 4063,46512.000,14.078,5556
 4064,46524.914,12.919,5556
 4065,46538.328,13.410,5556
 4066,46552.250,13.922,5556
 4067,46566.000,13.751,5556
 4068,46578.836,12.837,5556
 4069,46592.715,13.879,5556
 4070,46607.289,14.575,5556
 4071,46620.320,13.032,5556
 4072,46633.898,13.576,5556
 4073,46647.281,13.382,5556
 4074,46661.398,14.119,5556
 4075,46676.496,15.096,5556
 4076,46689.910,13.415,5556
 4077,46702.941,13.031,5556
 4078,46716.004,13.060,5556
 4079,46729.910,13.909,5556
 4080,46743.113,13.204,5556
 4081,46755.523,12.410,5556
 4082,46770.066,14.544,5556
 4083,46783.266,13.196,5556
 4084,46796.602,13.340,5556
 4085,46809.852,13.246,5556
 4086,46823.449,13.600,5556
 4087,46838.559,15.108,5556
 4088,46851.266,12.709,5556
 4089,46864.691,13.423,5556
 4090,46879.488,14.800,5556
 4091,46892.617,13.126,5556
 4092,46905.434,12.820,5556
 4093,46919.086,13.651,5556
 4094,46933.320,14.234,5556
 4095,46947.020,13.698,5556
 4096,46960.617,13.597,5556
 4097,46974.227,13.608,5556
 4098,46989.250,15.024,5556
 4099,47002.301,13.053,5556
 4100,47016.906,14.606,5556
 4101,47029.957,13.052,5556
 4102,47043.426,13.466,5556
 4103,47056.625,13.199,5556
 4104,47070.785,14.162,5556
 4105,47085.145,14.361,5556
 4106,47098.355,13.206,5556
 4107,47112.281,13.928,5556
 4108,47125.434,13.153,5556
 4109,47139.762,14.330,5556
 4110,47153.578,13.814,5556
 4111,47167.195,13.614,5556
 4112,47180.395,13.201,5556
 4113,47194.699,14.304,5556
 4114,47207.523,12.826,5556
 4115,47221.203,13.681,5556
 4116,47234.828,13.622,5556
 4117,47248.695,13.868,5556
 4118,47261.785,13.092,5556
 4119,47275.965,14.180,5556
 4120,47289.703,13.737,5556
 4121,47303.234,13.533,5556
 4122,47316.340,13.103,5556
 4123,47329.844,13.503,5556
 4124,47343.672,13.829,5556
 4125,47357.973,14.304,5556
 4126,47371.730,13.753,5556
 4127,47385.352,13.623,5556
 4128,47398.449,13.097,5556
 4129,47412.438,13.991,5556
 4130,47426.563,14.123,5556
 4131,47441.891,15.327,5556
 4132,47455.535,13.644,5556
 4133,47469.082,13.549,5556
 4134,47482.914,13.830,5556
 4135,47496.445,13.533,5556
 4136,47510.836,14.389,5556
 4137,47526.219,15.383,5556
 4138,47538.055,11.836,5556
 4139,47551.160,13.104,5556
 4140,47564.844,13.686,5556
 4141,47578.598,13.755,5556
 4142,47593.418,14.822,5556
 4143,47607.277,13.858,5556
 4144,47620.922,13.644,5556
 4145,47634.777,13.854,5556
 4146,47648.586,13.809,5556
 4147,47661.914,13.330,5556
 4148,47676.535,14.618,5556
 4149,47690.316,13.784,5556
 4150,47703.918,13.602,5556
 4151,47718.508,14.588,5556
 4152,47731.996,13.486,5556
 4153,47746.199,14.205,5556
 4154,47760.344,14.144,5556
 4155,47773.742,13.399,5556
 4156,47787.047,13.304,5556
 4157,47801.207,14.162,5556
 4158,47814.758,13.551,5556
 4159,47829.125,14.368,5556
 4160,47842.969,13.843,5556
 4161,47856.938,13.970,5556
 4162,47870.539,13.601,5556
 4163,47884.602,14.061,5556
 4164,47898.078,13.478,5556
 4165,47912.473,14.395,5556
 4166,47926.063,13.588,5556
 4167,47940.164,14.102,5556
 4168,47954.305,14.142,5556
 4169,47967.859,13.553,5556
 4170,47981.828,13.966,5556
 4171,47996.379,14.553,5556
 4172,48009.793,13.415,5556
 4173,48023.633,13.843,5556
 4174,48037.324,13.688,5556
 4175,48050.914,13.592,5556
 4176,48065.449,14.532,5556
 4177,48078.512,13.062,5556
 4178,48092.758,14.249,5556
 4179,48106.586,13.829,5556
 4180,48120.504,13.915,5556
 4181,48135.004,14.499,5556
 4182,48148.906,13.902,5556
 4183,48163.047,14.143,5556
 4184,48176.137,13.090,5556
 4185,48189.844,13.704,5556
 4186,48204.031,14.188,5556
 4187,48217.395,13.363,5556
 4188,48231.230,13.838,5556
 4189,48245.762,14.530,5556
 4190,48259.344,13.581,5556
 4191,48273.066,13.723,5556
 4192,48287.070,14.007,5556
 4193,48300.426,13.354,5556
 4194,48314.223,13.797,5556
 4195,48328.207,13.983,5556
 4196,48342.465,14.263,5556
 4197,48356.254,13.786,5556
 4198,48369.961,13.708,5556
 4199,48383.285,13.324,5556
 4200,48397.266,13.982,5556
 4201,48411.184,13.915,5556
 4202,48425.164,13.977,5556
 4203,48438.977,13.816,5556
 4204,48452.484,13.509,5556
 4205,48466.262,13.778,5556
 4206,48480.656,14.392,5556
 4207,48494.355,13.701,5556
 4208,48508.367,14.010,5556
 4209,48522.523,14.157,5556
 4210,48536.223,13.700,5556
 4211,48550.121,13.901,5556
 4212,48564.359,14.234,5556
 4213,48577.586,13.228,5556
 4214,48591.555,13.969,5556
 4215,48604.641,13.088,5556
 4216,48618.855,14.212,5556
 4217,48632.484,13.631,5556
 4218,48646.668,14.182,5556
 4219,48659.480,12.814,5556
 4220,48673.160,13.675,5556
 4221,48687.008,13.850,5556
 4222,48700.738,13.732,5556
 4223,48714.766,14.027,5556
 4224,48728.117,13.351,5556
 4225,48741.668,13.547,5556
 4226,48755.672,14.007,5556
 4227,48769.387,13.715,5556
 4228,48782.699,13.311,5556
 4229,48796.672,13.972,5556
 4230,48810.570,13.899,5556
 4231,48824.098,13.529,5556
 4232,48838.004,13.904,5556
 4233,48851.305,13.307,5556
 4234,48865.164,13.855,5556
 4235,48878.980,13.820,5556
 4236,48892.762,13.778,5556
 4237,48907.168,14.405,5556
 4238,48920.266,13.099,5556
 4239,48933.766,13.502,5556
 4240,48946.934,13.166,5556
 4241,48960.668,13.734,5556
 4242,48974.328,13.660,5556
 4243,48987.898,13.570,5556
 4244,49002.121,14.225,5556
 4245,49015.586,13.462,5556
 4246,49029.875,14.288,5556
 4247,49043.328,13.455,5556
 4248,49056.723,13.396,5556
 4249,49070.492,13.769,5556
 4250,49084.266,13.773,5556
 4251,49098.012,13.746,5556
 4252,49111.441,13.433,5556
 4253,49124.930,13.488,5556
 4254,49138.273,13.344,5556
 4255,49151.965,13.691,5556
 4256,49165.613,13.647,5556
 4257,49178.992,13.375,5556
 4258,49193.188,14.199,5556
 4259,49206.254,13.066,5556
 4260,49220.441,14.189,5556
 4261,49233.465,13.024,5556
 4262,49247.160,13.690,5556
 4263,49261.156,13.999,5556
 4264,49274.500,13.342,5556
 4265,49288.602,14.104,5556
 4266,49301.355,12.750,5556
 4267,49315.188,13.833,5556
 4268,49329.336,14.150,5556
 4269,49342.027,12.692,5556
 4270,49355.941,13.916,5556
 4271,49369.676,13.732,5556
 4272,49383.793,14.120,5556
 4273,49396.859,13.061,5556
 4274,49410.422,13.566,5556
 4275,49423.684,13.261,5556
 4276,49437.004,13.320,5556
 4277,49450.277,13.275,5556
 4278,49464.051,13.774,5556
 4279,49477.828,13.772,5556
 4280,49491.848,14.021,5556
 4281,49504.723,12.877,5556
 4282,49518.168,13.444,5556
 4283,49531.695,13.529,5556
 4284,49545.324,13.625,5556
 4285,49558.992,13.671,5556
 4286,49572.434,13.441,5556
 4287,49585.754,13.322,5556
 4288,49599.996,14.238,5556
 4289,49613.438,13.447,5556
 4290,49626.445,13.008,5556
 4291,49639.793,13.349,5556
 4292,49653.793,13.999,5556
 4293,49667.770,13.974,5556
 4294,49680.516,12.747,5556
 4295,49694.559,14.041,5556
 4296,49707.988,13.428,5556
 4297,49721.730,13.744,5556
 4298,49734.543,12.812,5556
 4299,49748.684,14.143,5556
 4300,49761.699,13.015,5556
 4301,49774.906,13.207,5556
 4302,49788.125,13.221,5556
 4303,49802.098,13.972,5556
 4304,49815.777,13.678,5556
 4305,49829.141,13.364,5556
 4306,49842.820,13.675,5556
 4307,49856.148,13.335,5556
 4308,49870.070,13.920,5556
 4309,49883.527,13.455,5556
 4310,49896.684,13.157,5556
 4311,49910.469,13.787,5556
 4312,49924.063,13.592,5556
 4313,49937.691,13.626,5556
 4314,49950.789,13.103,5556
 4315,49963.961,13.170,5556
 4316,49977.648,13.687,5556
 4317,49991.598,13.950,5556
 4318,50004.453,12.856,5556
 4319,50018.273,13.819,5556
 4320,50031.820,13.547,5556
 4321,50045.684,13.861,5556
 4322,50058.348,12.666,5556
 4323,50071.879,13.531,5556
 4324,50084.867,12.990,5556
 4325,50098.242,13.374,5556
 4326,50112.598,14.355,5556
 4327,50125.309,12.712,5556
 4328,50139.113,13.806,5556
 4329,50152.594,13.479,5556
 4330,50165.098,12.506,5556
 4331,50178.684,13.584,5556
 4332,50191.891,13.208,5556
 4333,50205.324,13.428,5556
 4334,50218.754,13.436,5556
 4335,50232.426,13.672,5556
 4336,50246.480,14.054,5556
 4337,50259.102,12.619,5556
 4338,50272.297,13.197,5556
 4339,50285.762,13.462,5556
 4340,50299.051,13.289,5556
 4341,50312.352,13.300,5556
 4342,50325.656,13.304,5556
 4343,50339.078,13.426,5556
 4344,50352.742,13.663,5556
 4345,50365.555,12.813,5556
 4346,50378.723,13.169,5556
 4347,50391.891,13.167,5556
 4348,50405.367,13.475,5556
 4349,50419.582,14.215,5556
 4350,50432.906,13.326,5556
 4351,50445.895,12.986,5556
 4352,50459.492,13.599,5556
 4353,50473.281,13.790,5556
 4354,50486.289,13.007,5556
 4355,50500.273,13.985,5556
 4356,50513.063,12.787,5556
 4357,50526.332,13.270,5556
 4358,50539.672,13.338,5556
 4359,50552.891,13.220,5556
 4360,50566.090,13.199,5556
 4361,50579.668,13.580,5556
 4362,50592.723,13.055,5556
 4363,50606.656,13.930,5556
 4364,50620.004,13.347,5556
 4365,50632.512,12.510,5556
 4366,50647.027,14.514,5556
 4367,50659.820,12.792,5556
 4368,50674.020,14.200,5556
 4369,50686.684,12.664,5556
 4370,50700.895,14.214,5556
 4371,50713.570,12.675,5556
 4372,50727.453,13.885,5556
 4373,50739.902,12.449,5556
 4374,50753.801,13.901,5556
 4375,50767.430,13.627,5556
 4376,50781.004,13.570,5556
 4377,50793.738,12.736,5556
 4378,50807.492,13.754,5556
 4379,50820.250,12.758,5556
 4380,50833.934,13.685,5556
 4381,50846.875,12.939,5556
 4382,50860.336,13.462,5556
 4383,50873.543,13.206,5556
 4384,50886.957,13.416,5556
 4385,50900.461,13.504,5556
 4386,50912.930,12.471,5556
 4387,50926.449,13.517,5556
 4388,50940.473,14.026,5556
 4389,50954.156,13.678,5556
 4390,50967.055,12.901,5556
 4391,50980.676,13.618,5556
 4392,50993.574,12.902,5556
 4393,51006.949,13.377,5556
 4394,51020.102,13.150,5556
 4395,51033.426,13.323,5556
 4396,51046.852,13.426,5556
 4397,51060.164,13.311,5556
 4398,51072.559,12.396,5556
 4399,51086.043,13.486,5556
 4400,51099.559,13.514,5556
 4401,51113.113,13.559,5556
 4402,51126.445,13.331,5556
 4403,51139.754,13.308,5556
 4404,51153.066,13.309,5556
 4405,51165.938,12.872,5556
 4406,51179.668,13.728,5556
 4407,51193.762,14.097,5556
 4408,51206.652,12.887,5556
 4409,51219.277,12.631,5556
 4410,51232.715,13.437,5556
 4411,51245.414,12.698,5556
 4412,51258.945,13.531,5556
 4413,51272.250,13.307,5556
 4414,51285.379,13.125,5556
 4415,51299.898,14.522,5556
 4416,51312.660,12.760,5556
 4417,51325.703,13.044,5556
 4418,51339.133,13.430,5556
 4419,51352.250,13.115,5556
 4420,51365.539,13.290,5556
 4421,51378.504,12.965,5556
 4422,51392.074,13.573,5556
 4423,51405.484,13.407,5556
 4424,51419.094,13.612,5556
 4425,51432.996,13.900,5556
 4426,51445.895,12.898,5556
 4427,51459.840,13.945,5556
 4428,51473.246,13.408,5556
 4429,51486.656,13.408,5556
 4430,51499.363,12.706,5556
 4431,51513.750,14.390,5556
 4432,51526.633,12.885,5556
 4433,51540.828,14.189,5556
 4434,51553.965,13.142,5556
 4435,51567.328,13.360,5556
 4436,51579.906,12.579,5556
 4437,51592.617,12.712,5556
 4438,51606.367,13.749,5556
 4439,51620.230,13.864,5556
 4440,51632.594,12.366,5556
 4441,51646.332,13.734,5556
 4442,51659.270,12.941,5556
 4443,51672.703,13.431,5556
 4444,51684.961,12.260,5556
 4445,51698.371,13.407,5556
 4446,51711.477,13.108,5556
 4447,51726.070,14.594,5556
 4448,51738.348,12.274,5556
 4449,51750.750,12.406,5556
 4450,51765.938,15.186,5556
 4451,51778.895,12.956,5556
 4452,51791.715,12.821,5556
 4453,51804.852,13.138,5556
 4454,51818.340,13.484,5556
 4455,51831.996,13.660,5556
 4456,51844.816,12.819,5556
 4457,51857.984,13.167,5556
 4458,51871.449,13.469,5556
 4459,51884.379,12.926,5556
 4460,51897.539,13.162,5556
 4461,51912.234,14.696,5556
 4462,51924.242,12.008,5556
 4463,51937.578,13.337,5556
 4464,51951.449,13.871,5556
 4465,51964.250,12.798,5556
 4466,51977.465,13.215,5556
 4467,51990.805,13.343,5556
 4468,52004.090,13.285,5556
 4469,52017.695,13.603,5556
 4470,52032.164,14.465,5556
 4471,52043.410,11.251,5556
 4472,52056.973,13.563,5556
 4473,52070.078,13.105,5556
 4474,52083.977,13.900,5556
 4475,52097.250,13.273,5556
 4476,52110.055,12.803,5556
 4477,52124.094,14.039,5556
 4478,52138.090,13.994,5556
 4479,52151.707,13.616,5556
 4480,52164.156,12.449,5556
 4481,52177.328,13.172,5556
 4482,52190.961,13.639,5556
 4483,52203.934,12.969,5556
 4484,52216.910,12.976,5556
 4485,52230.703,13.793,5556
 4486,52243.469,12.767,5556
 4487,52256.867,13.395,5556
 4488,52270.625,13.763,5556
 4489,52283.297,12.672,5556
 4490,52297.043,13.745,5556
 4491,52310.203,13.157,5556
 4492,52323.953,13.753,5556
 4493,52337.398,13.445,5556
 4494,52350.398,12.998,5556
 4495,52364.508,14.109,5556
 4496,52377.086,12.580,5556
 4497,52390.707,13.622,5556
 4498,52404.477,13.771,5556
 4499,52418.324,13.844,5556
 4500,52431.301,12.980,5556
 4501,52445.094,13.792,5556
 4502,52458.449,13.353,5556
 4503,52471.895,13.446,5556
 4504,52485.488,13.591,5556
 4505,52498.332,12.846,5556
 4506,52512.266,13.934,5556
 4507,52525.844,13.576,5556
 4508,52539.395,13.554,5556
 4509,52551.977,12.583,5556
 4510,52565.508,13.530,5556
 4511,52579.441,13.932,5556
 4512,52592.684,13.243,5556
 4513,52605.762,13.079,5556
 4514,52619.457,13.698,5556
 4515,52632.754,13.292,5556
 4516,52645.844,13.088,5556
 4517,52659.332,13.488,5556
 4518,52672.883,13.555,5556
 4519,52686.707,13.825,5556
 4520,52699.906,13.197,5556
 4521,52714.695,14.790,5556
 4522,52726.523,11.825,5556
 4523,52740.648,14.125,5556
 4524,52754.129,13.484,5556
 4525,52767.172,13.040,5556
 4526,52780.762,13.594,5556
 4527,52794.082,13.317,5556
 4528,52806.668,12.586,5556
 4529,52820.871,14.205,5556
 4530,52833.953,13.081,5556
 4531,52846.711,12.758,5556
 4532,52860.633,13.925,5556
 4533,52873.289,12.654,5556
 4534,52885.922,12.635,5556
 4535,52900.207,14.281,5556
 4536,52913.402,13.198,5556
 4537,52926.328,12.923,5556
 4538,52940.227,13.899,5556
 4539,52954.047,13.820,5556
 4540,52966.664,12.616,5556
 4541,52980.086,13.425,5556
 4542,52994.051,13.966,5556
 4543,53006.898,12.847,5556
 4544,53020.836,13.933,5556
 4545,53033.074,12.240,5556
 4546,53046.707,13.636,5556
 4547,53059.801,13.093,5556
 4548,53073.305,13.507,5556
 4549,53086.305,12.999,5556
 4550,53100.777,14.470,5556
 4551,53113.500,12.721,5556
 4552,53126.352,12.853,5556
 4553,53139.887,13.535,5556
 4554,53153.160,13.273,5556
 4555,53166.266,13.107,5556
 4556,53179.715,13.447,5556
 4557,53192.730,13.019,5556
 4558,53206.723,13.991,5556
 4559,53220.008,13.283,5556
 4560,53232.965,12.960,5556
 4561,53246.176,13.207,5556
 4562,53259.793,13.620,5556
 4563,53273.082,13.290,5556
 4564,53286.137,13.053,5556
 4565,53300.391,14.253,5556
 4566,53314.469,14.080,5556
 4567,53327.391,12.920,5556
 4568,53340.004,12.614,5556
 4569,53354.098,14.095,5556
 4570,53367.254,13.156,5556
 4571,53380.348,13.092,5556
 4572,53394.063,13.717,5556
 4573,53407.137,13.073,5556
 4574,53420.750,13.615,5556
 4575,53433.590,12.840,5556
 4576,53446.422,12.832,5556
 4577,53460.531,14.108,5556
 4578,53474.039,13.506,5556
 4579,53487.605,13.569,5556
 4580,53500.969,13.364,5556
 4581,53513.953,12.985,5556
 4582,53528.191,14.235,5556
 4583,53541.027,12.836,5556
 4584,53554.367,13.339,5556
 4585,53568.199,13.834,5556
 4586,53581.055,12.855,5556
 4587,53594.492,13.436,5556
 4588,53608.270,13.779,5556
 4589,53621.195,12.927,5556
 4590,53634.926,13.731,5556
 4591,53647.762,12.835,5556
 4592,53661.438,13.675,5556
 4593,53674.148,12.707,5556
 4594,53687.742,13.598,5556
 4595,53700.875,13.132,5556
 4596,53714.332,13.454,5556
 4597,53728.758,14.431,5556
 4598,53741.660,12.901,5556
 4599,53754.566,12.907,5556
 4600,53767.785,13.220,5556
 4601,53781.344,13.555,5556
 4602,53794.352,13.009,5556
 4603,53808.168,13.815,5556
 4604,53821.770,13.605,5556
 4605,53835.223,13.451,5556
 4606,53848.859,13.634,5556
 4607,53862.504,13.645,5556
 4608,53875.426,12.925,5556
 4609,53888.305,12.880,5556
 4610,53901.676,13.369,5556
 4611,53914.484,12.805,5556
 4612,53928.285,13.806,5556
 4613,53941.395,13.107,5556
 4614,53955.109,13.717,5556
 4615,53969.004,13.893,5556
 4616,53980.996,11.993,5556
 4617,53994.910,13.913,5556
 4618,54008.340,13.430,5556
 4619,54021.516,13.177,5556
 4620,54035.531,14.012,5556
 4621,54047.902,12.374,5556
 4622,54062.398,14.496,5556
 4623,54075.234,12.834,5556
 4624,54088.730,13.499,5556
 4625,54102.191,13.458,5556
 4626,54115.781,13.593,5556
 4627,54129.121,13.341,5556
 4628,54143.227,14.101,5556
 4629,54156.973,13.751,5556
 4630,54169.793,12.820,5556
 4631,54182.844,13.048,5556
 4632,54196.492,13.647,5556
 4633,54210.082,13.594,5556
 4634,54223.215,13.131,5556
 4635,54236.484,13.266,5556
 4636,54250.859,14.378,5556
 4637,54264.055,13.196,5556
 4638,54277.578,13.523,5556
 4639,54290.551,12.971,5556
 4640,54304.031,13.482,5556
 4641,54317.695,13.664,5556
 4642,54330.953,13.257,5556
 4643,54344.930,13.980,5556
 4644,54358.148,13.214,5556
 4645,54372.215,14.069,5556
 4646,54385.324,13.105,5556
 4647,54398.645,13.324,5556
 4648,54412.172,13.528,5556
 4649,54425.379,13.204,5556
 4650,54439.078,13.703,5556
 4651,54452.387,13.308,5556
 4652,54465.469,13.083,5556
 4653,54479.672,14.199,5556
 4654,54493.039,13.368,5556
 4655,54506.180,13.142,5556
 4656,54519.262,13.084,5556
 4657,54533.512,14.248,5556
 4658,54546.418,12.905,5556
 4659,54559.852,13.434,5556
 4660,54573.246,13.397,5556
 4661,54586.598,13.351,5556
 4662,54600.277,13.680,5556
 4663,54613.992,13.713,5556
 4664,54626.961,12.970,5556
 4665,54641.156,14.194,5556
 4666,54654.305,13.151,5556
 4667,54667.355,13.047,5556
 4668,54680.539,13.186,5556
 4669,54694.223,13.682,5556
 4670,54708.191,13.970,5556
 4671,54721.031,12.839,5556
 4672,54734.332,13.301,5556
 4673,54747.020,12.689,5556
 4674,54760.016,12.994,5556
 4675,54773.234,13.222,5556
 4676,54786.395,13.156,5556
 4677,54800.676,14.283,5556
 4678,54812.883,12.205,5556
 4679,54826.367,13.486,5556
 4680,54839.219,12.853,5556
 4681,54852.168,12.946,5556
 4682,54866.176,14.009,5556
 4683,54879.402,13.229,5556
 4684,54892.582,13.179,5556
 4685,54905.719,13.137,5556
 4686,54920.027,14.308,5556
 4687,54932.234,12.206,5556
 4688,54945.949,13.717,5556
 4689,54958.898,12.949,5556
 4690,54972.914,14.017,5556
 4691,54985.156,12.240,5556
 4692,54998.848,13.691,5556
 4693,55012.664,13.814,5556
 4694,55025.516,12.853,5556
 4695,55038.754,13.239,5556
 4696,55051.078,12.326,5556
 4697,55064.836,13.757,5556
 4698,55078.828,13.991,5556
 4699,55091.434,12.605,5556
 4700,55104.367,12.935,5556
 4701,55117.945,13.578,5556
 4702,55131.176,13.230,5556
 4703,55144.246,13.072,5556
 4704,55157.762,13.516,5556
 4705,55170.691,12.928,5556
 4706,55185.418,14.729,5556
 4707,55197.359,11.939,5556
 4708,55210.613,13.255,5556
 4709,55224.109,13.497,5556
 4710,55237.324,13.209,5556
 4711,55250.070,12.749,5556
 4712,55263.129,13.063,5556
 4713,55277.238,14.105,5556
 4714,55290.477,13.237,5556
 4715,55303.402,12.929,5556
 4716,55317.168,13.763,5556
 4717,55330.063,12.896,5556
 4718,55343.395,13.334,5556
 4719,55356.258,12.864,5556
 4720,55369.293,13.035,5556
 4721,55382.227,12.929,5556
 4722,55395.332,13.107,5556
 4723,55408.164,12.832,5556
 4724,55421.664,13.500,5556
 4725,55435.051,13.387,5556
 4726,55448.652,13.600,5556
 4727,55461.098,12.448,5556
 4728,55474.699,13.601,5556
 4729,55486.859,12.157,5556
 4730,55500.523,13.664,5556
 4731,55513.883,13.364,5556
 4732,55526.934,13.051,5556
 4733,55539.922,12.989,5556
 4734,55552.965,13.041,5556
 4735,55566.148,13.182,5556
 4736,55579.324,13.173,5556
 4737,55592.371,13.051,5556
 4738,55606.004,13.630,5556
 4739,55619.867,13.864,5556
 4740,55632.992,13.126,5556
 4741,55645.996,13.003,5556
 4742,55658.293,12.299,5556
 4743,55671.691,13.397,5556
 4744,55684.637,12.947,5556
 4745,55697.613,12.978,5556
 4746,55710.656,13.039,5556
 4747,55724.082,13.426,5556
 4748,55737.039,12.958,5556
 4749,55751.031,13.992,5556
 4750,55763.625,12.594,5556
 4751,55776.844,13.220,5556
 4752,55790.250,13.404,5556
 4753,55803.574,13.325,5556
 4754,55815.941,12.370,5556
 4755,55828.945,13.002,5556
 4756,55842.020,13.074,5556
 4757,55855.016,12.995,5556
 4758,55868.543,13.529,5556
 4759,55881.668,13.125,5556
 4760,55894.766,13.097,5556
 4761,55907.684,12.918,5556
 4762,55920.801,13.118,5556
 4763,55933.859,13.056,5556
 4764,55947.289,13.431,5556
 4765,55960.629,13.341,5556
 4766,55972.867,12.235,5556
 4767,55986.031,13.165,5556
 4768,55999.156,13.126,5556
 4769,56012.684,13.528,5556
 4770,56025.781,13.098,5556
 4771,56038.508,12.724,5556
 4772,56051.004,12.495,5556
 4773,56064.555,13.556,5556
 4774,56077.777,13.222,5556
 4775,56090.777,13.002,5556
 4776,56103.859,13.080,5556
 4777,56116.664,12.803,5556
 4778,56129.977,13.310,5556
 4779,56142.996,13.022,5556
 4780,56155.719,12.723,5556
 4781,56169.902,14.183,5556
 4782,56182.559,12.656,5556
 4783,56195.316,12.758,5556
 4784,56208.074,12.760,5556
 4785,56221.309,13.232,5556
 4786,56234.531,13.225,5556
 4787,56248.035,13.502,5556
 4788,56261.387,13.351,5556
 4789,56273.570,12.187,5556
 4790,56286.883,13.309,5556
 4791,56299.434,12.553,5556
 4792,56312.641,13.204,5556
 4793,56325.949,13.313,5556
 4794,56339.008,13.054,5556
 4795,56352.914,13.909,5556
 4796,56365.180,12.262,5556
 4797,56378.402,13.226,5556
 4798,56391.465,13.063,5556
 4799,56404.520,13.052,5556
 4800,56418.188,13.671,5556
 4801,56430.980,12.790,5556
 4802,56445.230,14.253,5556
 4803,56457.590,12.360,5556
 4804,56471.074,13.483,5556
 4805,56483.996,12.918,5556
 4806,56497.801,13.808,5556
 4807,56510.273,12.472,5556
 4808,56523.797,13.526,5556
 4809,56536.754,12.954,5556
 4810,56550.371,13.619,5556
 4811,56563.945,13.573,5556
 4812,56576.879,12.933,5556
 4813,56590.363,13.486,5556
 4814,56603.301,12.940,5556
 4815,56616.984,13.680,5556
 4816,56629.262,12.280,5556
 4817,56642.516,13.250,5556
 4818,56655.707,13.191,5556
 4819,56668.938,13.235,5556
 4820,56681.664,12.724,5556
 4821,56695.184,13.519,5556
 4822,56708.074,12.891,5556
 4823,56721.477,13.402,5556
 4824,56734.469,12.995,5556
 4825,56748.020,13.550,5556
 4826,56761.129,13.111,5556
 4827,56774.277,13.146,5556
 4828,56787.781,13.506,5556
 4829,56800.813,13.025,5556
 4830,56813.555,12.747,5556
 4831,56826.746,13.193,5556
 4832,56839.926,13.179,5556
 4833,56853.242,13.317,5556
 4834,56866.207,12.963,5556
 4835,56878.922,12.716,5556
 4836,56891.855,12.930,5556
 4837,56905.035,13.181,5556
 4838,56918.117,13.083,5556
 4839,56931.102,12.984,5556
 4840,56944.875,13.773,5556
 4841,56957.051,12.176,5556
 4842,56970.207,13.157,5556
 4843,56983.980,13.770,5556
 4844,56996.727,12.750,5556
 4845,57010.082,13.354,5556
 4846,57022.590,12.509,5556
 4847,57035.703,13.111,5556
 4848,57049.039,13.338,5556
 4849,57062.027,12.989,5556
 4850,57074.848,12.819,5556
 4851,57087.738,12.892,5556
 4852,57101.648,13.907,5556
 4853,57114.355,12.707,5556
 4854,57127.879,13.525,5556
 4855,57139.957,12.080,5556
 4856,57152.898,12.939,5556
 4857,57166.129,13.232,5556
 4858,57179.570,13.443,5556
 4859,57192.316,12.742,5556
 4860,57205.262,12.949,5556
 4861,57219.141,13.875,5556
 4862,57231.973,12.830,5556
 4863,57244.168,12.197,5556
 4864,57256.836,12.670,5556
 4865,57269.914,13.079,5556
 4866,57283.043,13.127,5556
 4867,57295.770,12.730,5556
 4868,57309.129,13.360,5556
 4869,57322.234,13.102,5556
 4870,57335.418,13.187,5556
 4871,57347.953,12.534,5556
 4872,57360.539,12.583,5556
 4873,57373.945,13.411,5556
 4874,57386.785,12.837,5556
 4875,57399.758,12.972,5556
 4876,57412.961,13.205,5556
 4877,57426.684,13.721,5556
 4878,57439.352,12.667,5556
 4879,57452.641,13.287,5556
 4880,57465.684,13.046,5556
 4881,57479.059,13.376,5556
 4882,57492.520,13.458,5556
 4883,57505.168,12.649,5556
 4884,57518.707,13.539,5556
 4885,57532.215,13.508,5556
 4886,57544.914,12.699,5556
 4887,57558.148,13.235,5556
 4888,57571.309,13.160,5556
 4889,57584.012,12.704,5556
 4890,57597.719,13.706,5556
 4891,57610.441,12.725,5556
 4892,57623.172,12.730,5556
 4893,57636.473,13.298,5556
 4894,57649.664,13.192,5556
 4895,57662.730,13.068,5556
 4896,57676.465,13.736,5556
 4897,57691.082,14.617,5556
 4898,57703.113,12.032,5556
 4899,57716.785,13.672,5556
 4900,57729.738,12.951,5556
 4901,57742.191,12.452,5556
 4902,57755.316,13.125,5556
 4903,57768.980,13.662,5556
 4904,57781.660,12.679,5556
 4905,57794.785,13.130,5556
 4906,57808.828,14.038,5556
 4907,57820.730,11.906,5556
 4908,57833.547,12.816,5556
 4909,57846.953,13.408,5556
 4910,57859.867,12.912,5556
 4911,57872.945,13.081,5556
 4912,57885.996,13.047,5556
 4913,57898.875,12.878,5556
 4914,57912.027,13.155,5556
 4915,57925.375,13.347,5556
 4916,57938.020,12.645,5556
 4917,57951.387,13.367,5556
 4918,57964.270,12.883,5556
 4919,57977.113,12.845,5556
 4920,57990.266,13.150,5556
 4921,58003.477,13.212,5556
 4922,58016.457,12.983,5556
 4923,58030.172,13.713,5556
 4924,58042.727,12.555,5556
 4925,58055.871,13.143,5556
 4926,58069.082,13.214,5556
 4927,58083.020,13.933,5556
 4928,58095.664,12.645,5556
 4929,58108.449,12.790,5556
 4930,58121.699,13.245,5556
 4931,58134.578,12.879,5556
 4932,58148.262,13.685,5556
 4933,58162.395,14.132,5556
 4934,58174.715,12.321,5556
 4935,58188.449,13.735,5556
 4936,58201.082,12.634,5556
 4937,58214.016,12.931,5556
 4938,58227.895,13.880,5556
 4939,58240.449,12.558,5556
 4940,58253.820,13.367,5556
 4941,58266.793,12.974,5556
 4942,58280.332,13.535,5556
 4943,58293.531,13.201,5556
 4944,58306.523,12.992,5556
 4945,58320.402,13.882,5556
 4946,58333.375,12.971,5556
 4947,58346.344,12.969,5556
 4948,58359.852,13.509,5556
 4949,58372.523,12.668,5556
 4950,58386.000,13.477,5556
 4951,58399.535,13.536,5556
 4952,58411.980,12.445,5556
 4953,58425.332,13.353,5556
 4954,58438.340,13.006,5556
 4955,58451.063,12.725,5556
 4956,58465.867,14.806,5556
 4957,58477.563,11.694,5556
 4958,58490.250,12.686,5556
 4959,58503.191,12.943,5556
 4960,58516.188,12.993,5556
 4961,58529.363,13.176,5556
 4962,58542.379,13.020,5556
 4963,58555.625,13.244,5556
 4964,58567.906,12.281,5556
 4965,58580.891,12.986,5556
 4966,58594.066,13.174,5556
 4967,58606.746,12.680,5556
 4968,58619.512,12.766,5556
 4969,58633.559,14.046,5556
 4970,58646.254,12.697,5556
 4971,58658.715,12.458,5556
 4972,58671.266,12.555,5556
 4973,58685.117,13.852,5556
 4974,58697.379,12.257,5556
 4975,58709.957,12.581,5556
 4976,58723.203,13.246,5556
 4977,58736.422,13.220,5556
 4978,58749.262,12.840,5556
 4979,58761.684,12.419,5556
 4980,58774.980,13.296,5556
 4981,58787.789,12.813,5556
 4982,58800.813,13.017,5556
 4983,58813.711,12.901,5556
 4984,58826.082,12.374,5556
 4985,58839.762,13.679,5556
 4986,58852.734,12.971,5556
 4987,58865.324,12.587,5556
 4988,58878.012,12.689,5556
 4989,58890.238,12.229,5556
 4990,58903.340,13.099,5556
 4991,58916.105,12.769,5556
 4992,58928.598,12.493,5556
 4993,58942.336,13.735,5556
 4994,58954.836,12.500,5556
 4995,58967.805,12.967,5556
 4996,58981.082,13.281,5556
 4997,58993.531,12.450,5556
 4998,59006.332,12.797,5556
 4999,59019.262,12.933,5556
 5000,59032.254,12.991,5556
 5001,59044.781,12.528,5556
 5002,59057.746,12.966,5556
 5003,59070.754,13.006,5556
 5004,59083.266,12.513,5556
 5005,59096.828,13.562,5556
 5006,59108.934,12.107,5556
 5007,59121.617,12.681,5556
 5008,59134.641,13.021,5556
 5009,59147.488,12.848,5556
 5010,59160.215,12.728,5556
 5011,59172.883,12.669,5556
 5012,59185.934,13.053,5556
 5013,59198.910,12.975,5556
 5014,59211.832,12.921,5556
 5015,59225.039,13.206,5556
 5016,59237.824,12.784,5556
 5017,59250.270,12.448,5556
 5018,59264.156,13.886,5556
 5019,59276.641,12.483,5556
 5020,59289.566,12.928,5556
 5021,59302.473,12.903,5556
 5022,59315.477,13.004,5556
 5023,59327.875,12.400,5556
 5024,59340.426,12.554,5556
 5025,59353.316,12.889,5556
 5026,59366.355,13.036,5556
 5027,59379.027,12.672,5556
 5028,59391.770,12.745,5556
 5029,59404.656,12.886,5556
 5030,59417.641,12.982,5556
 5031,59430.336,12.696,5556
 5032,59443.059,12.723,5556
 5033,59456.043,12.986,5556
 5034,59469.340,13.296,5556
 5035,59481.980,12.642,5556
 5036,59495.098,13.118,5556
 5037,59507.789,12.692,5556
 5038,59521.246,13.457,5556
 5039,59533.148,11.900,5556
 5040,59546.738,13.593,5556
 5041,59559.598,12.859,5556
 5042,59572.254,12.654,5556
 5043,59585.164,12.910,5556
 5044,59598.711,13.547,5556
 5045,59611.715,13.003,5556
 5046,59623.906,12.193,5556
 5047,59636.738,12.834,5556
 5048,59649.059,12.320,5556
 5049,59661.973,12.911,5556
 5050,59674.262,12.290,5556
 5051,59687.410,13.148,5556
 5052,59700.047,12.637,5556
 5053,59712.777,12.733,5556
 5054,59725.914,13.137,5556
 5055,59738.652,12.732,5556
 5056,59751.551,12.902,5556
 5057,59764.227,12.678,5556
 5058,59777.273,13.045,5556
 5059,59789.793,12.522,5556
 5060,59802.680,12.883,5556
 5061,59815.074,12.394,5556
 5062,59828.754,13.682,5556
 5063,59841.258,12.503,5556
 5064,59854.250,12.993,5556
 5065,59866.980,12.726,5556
 5066,59879.578,12.602,5556
 5067,59892.730,13.153,5556
 5068,59905.316,12.583,5556
 5069,59918.398,13.084,5556
 5070,59931.172,12.771,5556
 5071,59944.484,13.313,5556
 5072,59957.402,12.921,5556
 5073,59970.043,12.639,5556
 5074,59983.617,13.577,5556
 5075,59995.824,12.204,5556
 5076,60009.137,13.312,5556
 5077,60021.273,12.137,5556
 5078,60034.117,12.846,5556
 5079,60047.348,13.227,5556
 5080,60059.914,12.568,5556
 5081,60072.926,13.012,5556
 5082,60085.473,12.544,5556
 5083,60098.301,12.827,5556
 5084,60111.523,13.228,5556
 5085,60124.230,12.705,5556
 5086,60137.129,12.899,5556
 5087,60150.066,12.938,5556
 5088,60162.840,12.772,5556
 5089,60176.168,13.327,5556
 5090,60188.273,12.110,5556
 5091,60201.746,13.469,5556
 5092,60214.891,13.147,5556
 5093,60227.270,12.380,5556
 5094,60239.570,12.299,5556
 5095,60253.125,13.557,5556
 5096,60265.535,12.406,5556
 5097,60278.410,12.875,5556
 5098,60291.305,12.894,5556
 5099,60303.852,12.548,5556
 5100,60316.758,12.909,5556
 5101,60329.289,12.532,5556
 5102,60342.082,12.790,5556
 5103,60355.355,13.272,5556
 5104,60368.867,13.515,5556
 5105,60381.531,12.663,5556
 5106,60394.316,12.785,5556
 5107,60407.156,12.838,5556
 5108,60419.832,12.675,5556
 5109,60432.461,12.634,5556
 5110,60445.578,13.116,5556
 5111,60458.871,13.291,5556
 5112,60471.066,12.197,5556
 5113,60483.691,12.625,5556
 5114,60496.188,12.496,5556
 5115,60508.996,12.805,5556
 5116,60521.859,12.867,5556
 5117,60534.531,12.668,5556
 5118,60547.816,13.287,5556
 5119,60560.344,12.528,5556
 5120,60573.227,12.881,5556
 5121,60586.211,12.988,5556
 5122,60599.059,12.848,5556
 5123,60611.980,12.919,5556
 5124,60625.020,13.037,5556
 5125,60637.148,12.131,5556
 5126,60650.418,13.269,5556
 5127,60663.211,12.793,5556
 5128,60675.348,12.135,5556
 5129,60688.285,12.941,5556
 5130,60700.805,12.515,5556
 5131,60713.293,12.494,5556
 5132,60726.563,13.270,5556
 5133,60740.004,13.438,5556
 5134,60753.590,13.588,5556
 5135,60766.188,12.594,5556
 5136,60779.316,13.131,5556
 5137,60792.457,13.142,5556
 5138,60804.445,11.990,5556
 5139,60817.078,12.632,5556
 5140,60829.785,12.707,5556
 5141,60842.914,13.128,5556
 5142,60855.281,12.368,5556
 5143,60867.875,12.594,5556
 5144,60880.641,12.763,5556
 5145,60892.754,12.115,5556
 5146,60905.309,12.553,5556
 5147,60918.383,13.076,5556
 5148,60930.844,12.457,5556
 5149,60943.691,12.850,5556
 5150,60956.410,12.721,5556
 5151,60968.820,12.408,5556
 5152,60982.207,13.388,5556
 5153,60994.234,12.026,5556
 5154,61006.730,12.498,5556
 5155,61019.637,12.904,5556
 5156,61032.590,12.955,5556
 5157,61045.074,12.484,5556
 5158,61057.762,12.687,5556
 5159,61070.027,12.265,5556
 5160,61083.070,13.045,5556
 5161,61096.113,13.042,5556
 5162,61108.930,12.817,5556
 5163,61121.559,12.628,5556
 5164,61134.566,13.007,5556
 5165,61147.141,12.575,5556
 5166,61159.621,12.481,5556
 5167,61172.242,12.620,5556
 5168,61185.203,12.963,5556
 5169,61198.699,13.492,5556
 5170,61211.328,12.630,5556
 5171,61223.953,12.628,5556
 5172,61236.199,12.243,5556
 5173,61249.031,12.832,5556
 5174,61261.887,12.856,5556
 5175,61274.684,12.797,5556
 5176,61287.195,12.514,5556
 5177,61300.379,13.182,5556
 5178,61312.531,12.151,5556
 5179,61325.402,12.875,5556
 5180,61338.109,12.707,5556
 5181,61350.824,12.710,5556
 5182,61363.770,12.949,5556
 5183,61376.020,12.248,5556
 5184,61388.578,12.560,5556
 5185,61401.566,12.988,5556
 5186,61414.027,12.460,5556
 5187,61426.648,12.619,5556
 5188,61439.645,12.996,5556
 5189,61451.949,12.310,5556
 5190,61464.477,12.525,5556
 5191,61476.762,12.284,5556
 5192,61489.594,12.836,5556
 5193,61502.848,13.249,5556
 5194,61515.156,12.309,5556
 5195,61527.648,12.492,5556
 5196,61540.379,12.732,5556
 5197,61552.746,12.369,5556
 5198,61565.547,12.801,5556
 5199,61578.074,12.526,5556
 5200,61592.012,13.935,5556
 5201,61603.918,11.909,5556
 5202,61617.027,13.106,5556
 5203,61629.676,12.652,5556
 5204,61642.070,12.393,5556
 5205,61654.879,12.808,5556
 5206,61668.152,13.273,5556
 5207,61680.617,12.470,5556
 5208,61693.059,12.436,5556
 5209,61706.051,12.994,5556
 5210,61718.805,12.754,5556
 5211,61731.863,13.058,5556
 5212,61744.496,12.632,5556
 5213,61757.859,13.363,5556
 5214,61769.820,11.963,5556
 5215,61782.609,12.792,5556
 5216,61795.418,12.806,5556
 5217,61808.594,13.177,5556
 5218,61821.219,12.625,5556
 5219,61834.336,13.115,5556
 5220,61846.340,12.003,5556
 5221,61859.492,13.152,5556
 5222,61872.453,12.963,5556
 5223,61886.266,13.812,5556
 5224,61897.949,11.684,5556
 5225,61911.063,13.112,5556
 5226,61924.082,13.021,5556
 5227,61936.676,12.592,5556
 5228,61949.383,12.708,5556
 5229,61962.105,12.724,5556
 5230,61974.668,12.559,5556
 5231,61987.578,12.915,5556
 5232,62000.645,13.062,5556
 5233,62013.379,12.737,5556
 5234,62026.676,13.293,5556
 5235,62039.410,12.740,5556
 5236,62052.301,12.888,5556
 5237,62065.012,12.712,5556
 5238,62077.914,12.901,5556
 5239,62090.977,13.060,5556
 5240,62103.730,12.759,5556
 5241,62116.555,12.822,5556
 5242,62129.820,13.265,5556
 5243,62142.719,12.898,5556
 5244,62155.754,13.039,5556
 5245,62167.773,12.018,5556
 5246,62180.531,12.758,5556
 5247,62193.988,13.455,5556
 5248,62206.906,12.918,5556
 5249,62220.426,13.519,5556
 5250,62234.152,13.725,5556
 5251,62245.934,11.786,5556
 5252,62259.656,13.720,5556
 5253,62272.195,12.541,5556
 5254,62284.996,12.800,5556
 5255,62298.008,13.010,5556
 5256,62311.457,13.452,5556
 5257,62324.324,12.862,5556
 5258,62337.188,12.865,5556
 5259,62350.785,13.603,5556
 5260,62363.145,12.353,5556
 5261,62375.996,12.854,5556
 5262,62389.418,13.425,5556
 5263,62402.309,12.886,5556
 5264,62415.055,12.748,5556
 5265,62427.973,12.916,5556
 5266,62441.074,13.105,5556
 5267,62453.813,12.737,5556
 5268,62466.730,12.918,5556
 5269,62480.113,13.385,5556
 5270,62493.340,13.222,5556
 5271,62506.188,12.851,5556
 5272,62518.809,12.618,5556
 5273,62532.734,13.929,5556
 5274,62545.387,12.651,5556
 5275,62558.418,13.031,5556
 5276,62571.520,13.100,5556
 5277,62585.066,13.551,5556
 5278,62597.734,12.665,5556
 5279,62611.203,13.469,5556
 5280,62624.660,13.458,5556
 5281,62636.891,12.229,5556
 5282,62651.195,14.304,5556
 5283,62663.594,12.403,5556
 5284,62676.715,13.120,5556
 5285,62690.395,13.676,5556
 5286,62702.832,12.438,5556
 5287,62716.645,13.813,5556
 5288,62729.316,12.672,5556
 5289,62742.246,12.930,5556
 5290,62755.469,13.222,5556
 5291,62768.699,13.233,5556
 5292,62781.969,13.265,5556
 5293,62794.184,12.216,5556
 5294,62807.504,13.322,5556
 5295,62820.273,12.773,5556
 5296,62833.207,12.930,5556
 5297,62847.141,13.934,5556
 5298,62860.121,12.982,5556
 5299,62873.160,13.035,5556
 5300,62886.746,13.587,5556
 5301,62898.676,11.929,5556
 5302,62912.016,13.340,5556
 5303,62925.504,13.488,5556
 5304,62938.133,12.630,5556
 5305,62951.098,12.965,5556
 5306,62964.219,13.123,5556
 5307,62977.527,13.307,5556
 5308,62990.449,12.923,5556
 5309,63003.184,12.733,5556
 5310,63016.313,13.127,5556
 5311,63029.859,13.551,5556
 5312,63042.359,12.499,5556
 5313,63054.738,12.381,5556
 5314,63067.500,12.759,5556
 5315,63080.207,12.707,5556
 5316,63093.117,12.912,5556
 5317,63105.777,12.661,5556
 5318,63118.504,12.722,5556
 5319,63131.480,12.977,5556
 5320,63144.047,12.568,5556
 5321,63157.063,13.015,5556
 5322,63169.559,12.498,5556
 5323,63182.141,12.581,5556
 5324,63195.094,12.953,5556
 5325,63207.297,12.201,5556
 5326,63220.070,12.777,5556
 5327,63232.980,12.908,5556
 5328,63245.586,12.609,5556
 5329,63258.180,12.592,5556
 5330,63270.883,12.701,5556
 5331,63282.840,11.957,5556
 5332,63295.883,13.042,5556
 5333,63308.430,12.550,5556
 5334,63320.789,12.361,5556
 5335,63332.953,12.163,5556
 5336,63345.395,12.440,5556
 5337,63357.895,12.499,5556
 5338,63370.891,12.997,5556
 5339,63382.926,12.036,5556
 5340,63395.508,12.582,5556
 5341,63408.914,13.408,5556
 5342,63421.449,12.533,5556
 5343,63433.383,11.933,5556
 5344,63445.961,12.576,5556
 5345,63458.227,12.268,5556
 5346,63470.898,12.671,5556
 5347,63483.027,12.127,5556
 5348,63495.664,12.638,5556
 5349,63508.711,13.048,5556
 5350,63521.305,12.592,5556
 5351,63533.488,12.183,5556
 5352,63546.609,13.127,5556
 5353,63558.742,12.129,5556
 5354,63570.938,12.197,5556
 5355,63583.672,12.731,5556
 5356,63595.898,12.227,5556
 5357,63608.613,12.717,5556
 5358,63621.383,12.770,5556
 5359,63633.320,11.935,5556
 5360,63645.785,12.467,5556
 5361,63658.738,12.955,5556
 5362,63671.379,12.639,5556
 5363,63683.840,12.458,5556
 5364,63695.699,11.860,5556
 5365,63708.813,13.112,5556
 5366,63721.566,12.758,5556
 5367,63733.910,12.344,5556
 5368,63745.961,12.047,5556
 5369,63758.430,12.473,5556
 5370,63771.121,12.693,5556
 5371,63783.633,12.505,5556
 5372,63797.160,13.530,5556
 5373,63809.082,11.923,5556
 5374,63821.488,12.405,5556
 5375,63833.520,12.032,5556
 5376,63846.340,12.820,5556
 5377,63858.660,12.317,5556
 5378,63871.324,12.668,5556
 5379,63884.336,13.011,5556
 5380,63896.180,11.844,5556
 5381,63909.574,13.394,5556
 5382,63920.824,11.248,5556
 5383,63933.668,12.847,5556
 5384,63945.586,11.917,5556
 5385,63957.898,12.311,5556
 5386,63970.598,12.701,5556
 5387,63983.449,12.855,5556
 5388,63995.973,12.519,5556
 5389,64008.027,12.056,5556
 5390,64021.078,13.051,5556
 5391,64033.262,12.184,5556
 5392,64045.637,12.370,5556
 5393,64057.918,12.285,5556
 5394,64070.445,12.529,5556
 5395,64083.641,13.191,5556
 5396,64095.270,11.634,5556
 5397,64107.965,12.690,5556
 5398,64120.477,12.512,5556
 5399,64132.883,12.407,5556
 5400,64145.219,12.339,5556
 5401,64157.449,12.229,5556
 5402,64170.254,12.805,5556
 5403,64182.660,12.406,5556
 5404,64194.930,12.271,5556
 5405,64207.141,12.209,5556
 5406,64219.703,12.563,5556
 5407,64232.691,12.986,5556
 5408,64246.543,13.854,5556
 5409,64257.637,11.091,5556
 5410,64270.273,12.641,5556
 5411,64282.348,12.072,5556
 5412,64294.848,12.499,5556
 5413,64307.047,12.202,5556
 5414,64319.828,12.779,5556
 5415,64332.398,12.571,5556
 5416,64344.844,12.443,5556
 5417,64357.555,12.712,5556
 5418,64369.852,12.299,5556
 5419,64381.906,12.056,5556
 5420,64394.738,12.831,5556
 5421,64407.371,12.631,5556
 5422,64419.281,11.913,5556
 5423,64431.961,12.675,5556
 5424,64444.406,12.449,5556
 5425,64457.172,12.765,5556
 5426,64469.598,12.426,5556
 5427,64482.012,12.414,5556
 5428,64494.297,12.283,5556
 5429,64506.523,12.230,5556
 5430,64518.941,12.419,5556
 5431,64531.797,12.852,5556
 5432,64543.977,12.180,5556
 5433,64557.707,13.733,5556
 5434,64569.004,11.296,5556
 5435,64581.016,12.009,5556
 5436,64593.895,12.880,5556
 5437,64605.629,11.734,5556
 5438,64617.949,12.323,5556
 5439,64630.711,12.760,5556
 5440,64643.027,12.318,5556
 5441,64655.324,12.294,5556
 5442,64669.172,13.848,5556
 5443,64679.723,10.552,5556
 5444,64692.699,12.975,5556
 5445,64704.570,11.871,5556
 5446,64716.570,12.004,5556
 5447,64729.180,12.606,5556
 5448,64741.477,12.296,5556
 5449,64753.883,12.407,5556
 5450,64766.238,12.356,5556
 5451,64778.773,12.537,5556
 5452,64790.766,11.993,5556
 5453,64803.434,12.665,5556
 5454,64815.539,12.106,5556
 5455,64828.277,12.739,5556
 5456,64840.359,12.080,5556
 5457,64852.891,12.534,5556
 5458,64865.027,12.133,5556
 5459,64877.438,12.415,5556
 5460,64890.055,12.616,5556
 5461,64903.293,13.235,5556
 5462,64914.676,11.386,5556
 5463,64927.340,12.660,5556
 5464,64940.285,12.951,5556
 5465,64951.863,11.575,5556
 5466,64964.004,12.141,5556
 5467,64976.496,12.492,5556
 5468,64989.488,12.992,5556
 5469,65001.195,11.706,5556
 5470,65013.574,12.381,5556
 5471,65026.203,12.626,5556
 5472,65038.680,12.478,5556
 5473,65050.746,12.068,5556
 5474,65063.695,12.948,5556
 5475,65075.965,12.266,5556
 5476,65089.230,13.270,5556
 5477,65100.832,11.601,5556
 5478,65113.586,12.754,5556
 5479,65125.445,11.861,5556
 5480,65137.586,12.140,5556
 5481,65149.863,12.276,5556
 5482,65162.332,12.467,5556
 5483,65174.645,12.313,5556
 5484,65187.164,12.518,5556
 5485,65199.113,11.954,5556
 5486,65211.492,12.378,5556
 5487,65223.598,12.106,5556
 5488,65236.172,12.572,5556
 5489,65249.273,13.102,5556
 5490,65260.270,10.997,5556
 5491,65272.668,12.395,5556
 5492,65284.875,12.211,5556
 5493,65297.125,12.245,5556
 5494,65309.875,12.753,5556
 5495,65322.563,12.689,5556
 5496,65334.648,12.084,5556
 5497,65346.582,11.937,5556
 5498,65358.902,12.320,5556
 5499,65371.164,12.257,5556
 5500,65383.695,12.533,5556
 5501,65395.969,12.273,5556
 5502,65408.617,12.654,5556
 5503,65421.047,12.427,5556
 5504,65432.891,11.842,5556
 5505,65445.684,12.791,5556
 5506,65457.523,11.842,5556
 5507,65469.805,12.281,5556
 5508,65481.980,12.176,5556
 5509,65494.016,12.034,5556
 5510,65506.773,12.760,5556
 5511,65519.387,12.615,5556
 5512,65531.227,11.838,5556
 5513,65543.656,12.427,5556
 5514,65555.680,12.030,5556
 5515,65568.211,12.522,5556
 5516,65580.453,12.244,5556
 5517,65592.656,12.206,5556
 5518,65605.805,13.146,5556
 5519,65619.133,13.334,5556
 5520,65631.063,11.928,5556
 5521,65643.578,12.516,5556
 5522,65656.422,12.840,5556
 5523,65668.273,11.856,5556
 5524,65680.672,12.399,5556
 5525,65692.430,11.755,5556
 5526,65705.750,13.321,5556
 5527,65717.305,11.555,5556
 5528,65729.391,12.086,5556
 5529,65741.430,12.039,5556
 5530,65754.414,12.978,5556
 5531,65766.273,11.868,5556
 5532,65777.844,11.564,5556
 5533,65790.313,12.474,5556
 5534,65802.344,12.027,5556
 5535,65814.766,12.419,5556
 5536,65826.914,12.156,5556
 5537,65839.523,12.610,5556
 5538,65851.531,12.003,5556
 5539,65864.008,12.482,5556
 5540,65875.914,11.901,5556
 5541,65888.820,12.910,5556
 5542,65900.992,12.169,5556
 5543,65913.305,12.314,5556
 5544,65925.398,12.091,5556
 5545,65937.922,12.528,5556
 5546,65950.313,12.388,5556
 5547,65962.117,11.802,5556
 5548,65974.578,12.461,5556
 5549,65986.414,11.837,5556
 5550,65998.883,12.468,5556
 5551,66011.227,12.346,5556
 5552,66023.242,12.013,5556
 5553,66035.891,12.648,5556
 5554,66047.859,11.972,5556
 5555,66060.672,12.815,5556
 5556,66072.961,12.284,5556
 5557,66085.813,12.851,5556
 5558,66097.711,11.900,5556
 5559,66109.430,11.719,5556
 5560,66121.984,12.554,5556
 5561,66134.070,12.087,5556
 5562,66146.820,12.750,5556
 5563,66159.016,12.196,5556
 5564,66171.156,12.139,5556
 5565,66184.492,13.335,5556
 5566,66195.852,11.365,5556
 5567,66208.367,12.512,5556
 5568,66220.836,12.473,5556
 5569,66232.922,12.081,5556
 5570,66245.633,12.709,5556
 5571,66257.602,11.972,5556
 5572,66269.914,12.308,5556
 5573,66281.828,11.917,5556
 5574,66294.063,12.232,5556
 5575,66306.594,12.536,5556
 5576,66319.555,12.960,5556
 5577,66331.578,12.026,5556
 5578,66344.391,12.809,5556
 5579,66357.164,12.771,5556
 5580,66369.305,12.141,5556
 5581,66381.102,11.795,5556
 5582,66392.625,11.525,5556
 5583,66404.781,12.155,5556
 5584,66417.063,12.282,5556
 5585,66430.125,13.066,5556
 5586,66441.719,11.591,5556
 5587,66453.906,12.192,5556
 5588,66467.344,13.441,5556
 5589,66479.313,11.968,5556
 5590,66491.227,11.911,5556
 5591,66503.461,12.233,5556
 5592,66515.867,12.404,5556
 5593,66528.523,12.663,5556
 5594,66540.398,11.867,5556
 5595,66552.977,12.579,5556
 5596,66565.883,12.909,5556
 5597,66577.609,11.723,5556
 5598,66589.836,12.228,5556
 5599,66601.750,11.916,5556
 5600,66614.016,12.265,5556
 5601,66626.141,12.123,5556
 5602,66638.539,12.397,5556
 5603,66651.781,13.242,5556
 5604,66663.320,11.546,5556
 5605,66675.789,12.469,5556
 5606,66688.664,12.874,5556
 5607,66700.273,11.609,5556
 5608,66712.500,12.229,5556
 5609,66724.680,12.174,5556
 5610,66736.867,12.190,5556
 5611,66749.250,12.385,5556
 5612,66761.328,12.073,5556
 5613,66773.438,12.107,5556
 5614,66785.430,11.997,5556
 5615,66798.773,13.342,5556
 5616,66810.781,12.011,5556
 5617,66822.852,12.069,5556
 5618,66835.508,12.654,5556
 5619,66848.000,12.499,5556
 5620,66860.133,12.126,5556
 5621,66871.992,11.862,5556
 5622,66884.477,12.486,5556
 5623,66896.750,12.266,5556
 5624,66909.227,12.484,5556
 5625,66920.797,11.565,5556
 5626,66933.578,12.780,5556
 5627,66946.023,12.451,5556
 5628,66957.617,11.593,5556
 5629,66969.961,12.340,5556
 5630,66981.570,11.615,5556
 5631,66994.297,12.724,5556
 5632,67006.164,11.871,5556
 5633,67018.297,12.133,5556
 5634,67030.492,12.191,5556
 5635,67042.648,12.154,5556
 5636,67054.898,12.252,5556
 5637,67066.961,12.060,5556
 5638,67079.219,12.260,5556
 5639,67091.555,12.335,5556
 5640,67103.445,11.893,5556
 5641,67115.594,12.150,5556
 5642,67127.680,12.085,5556
 5643,67139.750,12.063,5556
 5644,67152.625,12.882,5556
 5645,67164.297,11.670,5556
 5646,67176.578,12.285,5556
 5647,67188.563,11.986,5556
 5648,67200.797,12.229,5556
 5649,67213.359,12.570,5556
 5650,67225.758,12.389,5556
 5651,67238.594,12.839,5556
 5652,67250.906,12.311,5556
 5653,67262.359,11.461,5556
 5654,67275.180,12.813,5556
 5655,67287.305,12.127,5556
 5656,67299.141,11.835,5556
 5657,67311.883,12.739,5556
 5658,67323.664,11.785,5556
 5659,67336.016,12.353,5556
 5660,67348.102,12.078,5556
 5661,67360.227,12.131,5556
 5662,67372.922,12.695,5556
 5663,67385.656,12.738,5556
 5664,67397.469,11.807,5556
 5665,67410.375,12.907,5556
 5666,67422.438,12.057,5556
 5667,67434.641,12.210,5556
 5668,67446.945,12.310,5556
 5669,67458.852,11.901,5556
 5670,67471.055,12.198,5556
 5671,67483.383,12.332,5556
 5672,67495.375,11.990,5556
 5673,67507.656,12.289,5556
 5674,67520.328,12.673,5556
 5675,67532.469,12.137,5556
 5676,67545.016,12.546,5556
 5677,67556.297,11.279,5556
 5678,67568.742,12.443,5556
 5679,67580.883,12.148,5556
 5680,67593.234,12.351,5556
 5681,67605.734,12.490,5556
 5682,67618.250,12.525,5556
 5683,67630.414,12.161,5556
 5684,67642.297,11.883,5556
 5685,67654.438,12.140,5556
 5686,67666.547,12.114,5556
 5687,67679.219,12.666,5556
 5688,67691.383,12.166,5556
 5689,67703.680,12.301,5556
 5690,67715.922,12.243,5556
 5691,67729.086,13.157,5556
 5692,67740.852,11.763,5556
 5693,67752.617,11.772,5556
 5694,67765.281,12.662,5556
 5695,67777.273,11.997,5556
 5696,67789.438,12.154,5556
 5697,67801.797,12.360,5556
 5698,67814.555,12.760,5556
 5699,67826.281,11.730,5556
 5700,67838.570,12.288,5556
 5701,67850.609,12.039,5556
 5702,67862.227,11.617,5556
 5703,67875.203,12.977,5556
 5704,67887.063,11.859,5556
 5705,67898.922,11.861,5556
 5706,67911.117,12.195,5556
 5707,67923.422,12.298,5556
 5708,67935.836,12.416,5556
 5709,67947.430,11.593,5556
 5710,67959.992,12.572,5556
 5711,67972.734,12.731,5556
 5712,67985.398,12.670,5556
 5713,67996.500,11.102,5556
 5714,68008.297,11.801,5556
 5715,68020.273,11.975,5556
 5716,68032.156,11.876,5556
 5717,68044.563,12.411,5556
 5718,68056.383,11.816,5556
 5719,68068.867,12.487,5556
 5720,68080.820,11.949,5556
 5721,68093.180,12.364,5556
 5722,68105.266,12.091,5556
 5723,68117.719,12.443,5556
 5724,68129.234,11.520,5556
 5725,68141.828,12.597,5556
 5726,68154.320,12.489,5556
 5727,68165.680,11.362,5556
 5728,68178.227,12.547,5556
 5729,68190.766,12.537,5556
 5730,68202.813,12.046,5556
 5731,68214.047,11.233,5556
 5732,68226.773,12.730,5556
 5733,68238.977,12.207,5556
 5734,68250.875,11.893,5556
 5735,68262.602,11.730,5556
 5736,68274.883,12.275,5556
 5737,68287.023,12.147,5556
 5738,68299.109,12.078,5556
 5739,68311.242,12.136,5556
 5740,68323.055,11.808,5556
 5741,68334.891,11.841,5556
 5742,68347.242,12.352,5556
 5743,68359.641,12.405,5556
 5744,68372.375,12.727,5556
 5745,68384.422,12.044,5556
 5746,68395.664,11.248,5556
 5747,68407.844,12.177,5556
 5748,68420.805,12.957,5556
 5749,68432.055,11.251,5556
 5750,68444.758,12.706,5556
 5751,68457.000,12.249,5556
 5752,68469.375,12.366,5556
 5753,68481.938,12.569,5556
 5754,68494.055,12.108,5556
 5755,68505.508,11.459,5556
 5756,68518.625,13.119,5556
 5757,68529.820,11.194,5556
 5758,68541.297,11.475,5556
 5759,68553.922,12.628,5556
 5760,68566.172,12.245,5556
 5761,68577.680,11.517,5556
 5762,68590.414,12.724,5556
 5763,68601.648,11.243,5556
 5764,68613.727,12.071,5556
 5765,68626.063,12.333,5556
 5766,68638.242,12.187,5556
 5767,68650.117,11.869,5556
 5768,68662.406,12.287,5556
 5769,68675.164,12.764,5556
 5770,68686.984,11.821,5556
 5771,68698.641,11.662,5556
 5772,68711.375,12.726,5556
 5773,68723.328,11.957,5556
 5774,68735.141,11.812,5556
 5775,68748.625,13.490,5556
 5776,68760.117,11.487,5556
 5777,68771.500,11.382,5556
 5778,68783.617,12.123,5556
 5779,68795.633,12.014,5556
 5780,68807.945,12.310,5556
 5781,68819.641,11.695,5556
 5782,68832.641,13.003,5556
 5783,68843.852,11.203,5556
 5784,68855.938,12.089,5556
 5785,68868.039,12.094,5556
 5786,68880.086,12.053,5556
 5787,68892.055,11.966,5556
 5788,68904.211,12.158,5556
 5789,68915.742,11.529,5556
 5790,68927.727,11.985,5556
 5791,68940.109,12.387,5556
 5792,68952.977,12.873,5556
 5793,68965.156,12.175,5556
 5794,68977.359,12.204,5556
 5795,68989.883,12.523,5556
 5796,69000.961,11.080,5556
 5797,69013.156,12.188,5556
 5798,69025.703,12.547,5556
 5799,69037.398,11.695,5556
 5800,69049.766,12.366,5556
 5801,69061.906,12.145,5556
 5802,69074.172,12.269,5556
 5803,69086.180,12.007,5556
 5804,69098.656,12.474,5556
 5805,69111.625,12.973,5556
 5806,69124.313,12.689,5556
 5807,69135.906,11.586,5556
 5808,69147.922,12.021,5556
 5809,69160.141,12.217,5556
 5810,69172.305,12.163,5556
 5811,69184.227,11.921,5556
 5812,69196.734,12.503,5556
 5813,69208.797,12.066,5556
 5814,69220.648,11.860,5556
 5815,69232.477,11.822,5556
 5816,69244.461,11.982,5556
 5817,69256.477,12.019,5556
 5818,69268.719,12.235,5556
 5819,69281.227,12.512,5556
 5820,69293.109,11.885,5556
 5821,69305.766,12.658,5556
 5822,69317.516,11.747,5556
 5823,69329.609,12.095,5556
 5824,69341.297,11.687,5556
 5825,69353.414,12.114,5556
 5826,69365.711,12.294,5556
 5827,69378.539,12.833,5556
 5828,69389.969,11.434,5556
 5829,69402.555,12.586,5556
 5830,69414.906,12.353,5556
 5831,69426.195,11.286,5556
 5832,69438.188,11.994,5556
 5833,69450.297,12.107,5556
 5834,69462.633,12.340,5556
 5835,69474.055,11.413,5556
 5836,69486.070,12.020,5556
 5837,69498.797,12.726,5556
 5838,69512.219,13.423,5556
 5839,69523.367,11.143,5556
 5840,69535.086,11.724,5556
 5841,69546.906,11.821,5556
 5842,69559.383,12.474,5556
 5843,69570.820,11.441,5556
 5844,69583.969,13.149,5556
 5845,69594.953,10.986,5556
 5846,69607.445,12.490,5556
 5847,69619.805,12.359,5556
 5848,69631.164,11.355,5556
 5849,69643.180,12.019,5556
 5850,69655.625,12.445,5556
 5851,69667.969,12.343,5556
 5852,69679.742,11.771,5556
 5853,69691.625,11.891,5556
 5854,69703.797,12.169,5556
 5855,69715.547,11.751,5556
 5856,69728.039,12.486,5556
 5857,69740.547,12.507,5556
 5858,69752.336,11.795,5556
 5859,69764.383,12.040,5556
 5860,69775.938,11.563,5556
 5861,69788.430,12.486,5556
 5862,69801.070,12.637,5556
 5863,69812.281,11.216,5556
 5864,69825.008,12.728,5556
 5865,69837.344,12.336,5556
 5866,69848.531,11.186,5556
 5867,69861.242,12.713,5556
 5868,69873.445,12.197,5556
 5869,69886.563,13.124,5556
 5870,69897.500,10.933,5556
 5871,69909.898,12.401,5556
 5872,69921.719,11.815,5556
 5873,69933.469,11.753,5556
 5874,69945.883,12.417,5556
 5875,69958.008,12.128,5556
 5876,69969.594,11.583,5556
 5877,69982.523,12.932,5556
 5878,69994.531,12.003,5556
 5879,70006.555,12.029,5556
 5880,70018.477,11.916,5556
 5881,70030.969,12.497,5556
 5882,70044.453,13.476,5556
 5883,70055.227,10.779,5556
 5884,70067.508,12.279,5556
 5885,70080.469,12.963,5556
 5886,70091.492,11.023,5556
 5887,70103.266,11.775,5556
 5888,70115.570,12.305,5556
 5889,70127.742,12.168,5556
 5890,70140.000,12.265,5556
 5891,70153.258,13.256,5556
 5892,70164.195,10.934,5556
 5893,70176.258,12.065,5556
 5894,70188.563,12.306,5556
 5895,70200.461,11.895,5556
 5896,70212.555,12.093,5556
 5897,70223.953,11.402,5556
 5898,70236.320,12.372,5556
 5899,70248.555,12.231,5556
 5900,70261.273,12.720,5556
 5901,70273.055,11.774,5556
 5902,70285.078,12.026,5556
 5903,70298.188,13.108,5556
 5904,70309.984,11.798,5556
 5905,70321.164,11.179,5556
 5906,70333.367,12.201,5556
 5907,70345.188,11.821,5556
 5908,70358.016,12.830,5556
 5909,70369.578,11.566,5556
 5910,70381.438,11.856,5556
 5911,70393.703,12.263,5556
 5912,70406.398,12.692,5556
 5913,70418.258,11.864,5556
 5914,70430.875,12.618,5556
 5915,70442.516,11.645,5556
 5916,70454.422,11.899,5556
 5917,70466.391,11.973,5556
 5918,70478.789,12.392,5556
 5919,70490.938,12.159,5556
 5920,70502.828,11.887,5556
 5921,70515.516,12.686,5556
 5922,70527.516,12.002,5556
 5923,70539.141,11.625,5556
 5924,70551.844,12.704,5556
 5925,70564.258,12.416,5556
 5926,70575.852,11.590,5556
 5927,70588.555,12.700,5556
 5928,70600.859,12.307,5556
 5929,70612.523,11.664,5556
 5930,70625.141,12.613,5556
 5931,70637.180,12.043,5556
 5932,70649.297,12.124,5556
 5933,70661.508,12.202,5556
 5934,70673.094,11.582,5556
 5935,70685.063,11.972,5556
 5936,70697.063,11.998,5556
 5937,70709.344,12.290,5556
 5938,70721.250,11.907,5556
 5939,70733.563,12.308,5556
 5940,70745.195,11.633,5556
 5941,70757.875,12.678,5556
 5942,70769.438,11.559,5556
 5943,70781.953,12.524,5556
 5944,70793.609,11.655,5556
 5945,70805.992,12.381,5556
 5946,70817.844,11.855,5556
 5947,70829.906,12.057,5556
 5948,70841.977,12.076,5556
 5949,70853.930,11.954,5556
 5950,70866.602,12.666,5556
 5951,70878.258,11.656,5556
 5952,70890.266,12.010,5556
 5953,70902.586,12.323,5556
 5954,70914.508,11.919,5556
 5955,70926.781,12.272,5556
 5956,70939.102,12.317,5556
 5957,70950.734,11.631,5556
 5958,70963.148,12.418,5556
 5959,70974.648,11.507,5556
 5960,70987.992,13.339,5556
 5961,70999.195,11.202,5556
 5962,71012.203,13.012,5556
 5963,71024.844,12.638,5556
 5964,71036.422,11.578,5556
 5965,71048.719,12.291,5556
 5966,71060.336,11.623,5556
 5967,71072.195,11.856,5556
 5968,71085.117,12.925,5556
 5969,71096.945,11.826,5556
 5970,71108.945,12.002,5556
 5971,71120.766,11.819,5556
 5972,71133.008,12.243,5556
 5973,71145.820,12.809,5556
 5974,71157.805,11.988,5556
 5975,71170.547,12.746,5556
 5976,71182.047,11.494,5556
 5977,71194.172,12.127,5556
 5978,71205.953,11.785,5556
 5979,71217.898,11.944,5556
 5980,71230.547,12.648,5556
 5981,71242.414,11.860,5556
 5982,71254.594,12.189,5556
 5983,71266.641,12.042,5556
 5984,71278.430,11.791,5556
 5985,71290.414,11.979,5556
 5986,71302.367,11.957,5556
 5987,71314.883,12.515,5556
 5988,71326.813,11.933,5556
 5989,71338.492,11.676,5556
 5990,71351.016,12.532,5556
 5991,71362.648,11.627,5556
 5992,71375.273,12.626,5556
 5993,71387.109,11.833,5556
 5994,71399.672,12.565,5556
 5995,71412.203,12.532,5556
 5996,71424.109,11.904,5556
 5997,71436.492,12.381,5556
 5998,71447.930,11.440,5556
 5999,71460.609,12.678,5556
 6000,71472.570,11.962,5556
 6001,71484.867,12.293,5556
 6002,71496.930,12.068,5556
 6003,71509.266,12.340,5556
 6004,71521.820,12.546,5556
 6005,71534.422,12.600,5556
 6006,71546.211,11.795,5556
 6007,71558.992,12.779,5556
 6008,71570.469,11.479,5556
 6009,71582.383,11.909,5556
 6010,71594.805,12.424,5556
 6011,71606.766,11.958,5556
 6012,71619.953,13.193,5556
 6013,71631.766,11.808,5556
 6014,71644.297,12.538,5556
 6015,71656.266,11.968,5556
 6016,71667.898,11.632,5556
 6017,71679.891,11.991,5556
 6018,71692.367,12.472,5556
 6019,71704.234,11.869,5556
 6020,71716.508,12.277,5556
 6021,71730.016,13.509,5556
 6022,71741.758,11.736,5556
 6023,71753.719,11.958,5556
 6024,71766.047,12.329,5556
 6025,71778.563,12.522,5556
 6026,71790.805,12.240,5556
 6027,71802.648,11.845,5556
 6028,71814.305,11.658,5556
 6029,71826.500,12.195,5556
 6030,71838.648,12.148,5556
 6031,71850.680,12.036,5556
 6032,71864.273,13.587,5556
 6033,71876.711,12.433,5556
 6034,71888.211,11.507,5556
 6035,71900.906,12.692,5556
 6036,71912.422,11.517,5556
 6037,71924.672,12.255,5556
 6038,71937.477,12.799,5556
 6039,71949.148,11.669,5556
 6040,71961.344,12.200,5556
 6041,71973.336,11.996,5556
 6042,71985.430,12.090,5556
 6043,71997.531,12.103,5556
 6044,72009.586,12.052,5556
 6045,72022.453,12.866,5556
 6046,72034.336,11.890,5556
 6047,72046.867,12.522,5556
 6048,72058.578,11.717,5556
 6049,72071.148,12.568,5556
 6050,72083.336,12.191,5556
 6051,72095.391,12.045,5556
 6052,72107.703,12.314,5556
 6053,72119.461,11.764,5556
 6054,72131.828,12.369,5556
 6055,72144.500,12.667,5556
 6056,72156.508,12.009,5556
 6057,72169.664,13.161,5556
 6058,72181.055,11.385,5556
 6059,72193.055,12.000,5556
 6060,72204.969,11.919,5556
 6061,72217.641,12.672,5556
 6062,72229.375,11.724,5556
 6063,72241.492,12.124,5556
 6064,72254.070,12.571,5556
 6065,72265.961,11.901,5556
 6066,72278.320,12.359,5556
 6067,72290.625,12.306,5556
 6068,72302.602,11.975,5556
 6069,72315.633,13.027,5556
 6070,72328.258,12.624,5556
 6071,72340.125,11.866,5556
 6072,72352.664,12.546,5556
 6073,72365.383,12.715,5556
 6074,72376.477,11.093,5556
 6075,72388.570,12.094,5556
 6076,72401.156,12.582,5556
 6077,72413.750,12.595,5556
 6078,72426.125,12.377,5556
 6079,72438.156,12.033,5556
 6080,72449.836,11.681,5556
 6081,72462.273,12.435,5556
 6082,72474.289,12.017,5556
 6083,72486.344,12.056,5556
 6084,72498.219,11.876,5556
 6085,72511.055,12.831,5556
 6086,72522.914,11.860,5556
 6087,72534.930,12.019,5556
 6088,72548.016,13.087,5556
 6089,72560.000,11.987,5556
 6090,72571.727,11.719,5556
 6091,72584.367,12.637,5556
 6092,72595.719,11.350,5556
 6093,72608.180,12.472,5556
 6094,72620.219,12.035,5556
 6095,72632.422,12.199,5556
 6096,72644.938,12.519,5556
 6097,72656.883,11.950,5556
 6098,72668.820,11.936,5556
 6099,72680.992,12.175,5556
 6100,72693.391,12.388,5556
 6101,72705.211,11.826,5556
 6102,72717.750,12.537,5556
 6103,72730.086,12.334,5556
 6104,72742.391,12.304,5556
 6105,72754.484,12.095,5556
 6106,72766.656,12.176,5556
 6107,72778.516,11.860,5556
 6108,72790.430,11.908,5556
 6109,72803.531,13.107,5556
 6110,72815.383,11.848,5556
 6111,72827.555,12.172,5556
 6112,72840.016,12.463,5556
 6113,72851.969,11.953,5556
 6114,72864.867,12.902,5556
 6115,72876.383,11.508,5556
 6116,72888.594,12.220,5556
 6117,72901.250,12.657,5556
 6118,72913.313,12.056,5556
 6119,72926.055,12.739,5556
 6120,72937.469,11.415,5556
 6121,72949.875,12.407,5556
 6122,72962.195,12.327,5556
 6123,72974.484,12.288,5556
 6124,72986.594,12.107,5556
 6125,72998.438,11.845,5556
 6126,73011.367,12.923,5556
 6127,73022.953,11.595,5556
 6128,73035.383,12.423,5556
 6129,73047.039,11.658,5556
 6130,73059.000,11.963,5556
 6131,73070.625,11.629,5556
 6132,73082.555,11.922,5556
 6133,73095.477,12.926,5556
 6134,73106.969,11.491,5556
 6135,73119.070,12.100,5556
 6136,73131.539,12.467,5556
 6137,73143.922,12.388,5556
 6138,73155.539,11.618,5556
 6139,73168.000,12.460,5556
 6140,73179.719,11.717,5556
 6141,73192.000,12.286,5556
 6142,73204.320,12.320,5556
 6143,73216.211,11.884,5556
 6144,73228.492,12.282,5556
 6145,73240.273,11.784,5556
 6146,73252.484,12.212,5556
 6147,73264.820,12.331,5556
 6148,73277.914,13.098,5556
 6149,73289.992,12.080,5556
 6150,73301.492,11.499,5556
 6151,73315.602,14.112,5556
 6152,73326.875,11.270,5556
 6153,73338.117,11.239,5556
 6154,73350.555,12.440,5556
 6155,73362.656,12.099,5556
 6156,73375.016,12.363,5556
 6157,73386.625,11.609,5556
 6158,73398.906,12.277,5556
 6159,73411.633,12.733,5556
 6160,73423.000,11.368,5556
 6161,73435.398,12.387,5556
 6162,73447.414,12.019,5556
 6163,73459.625,12.216,5556
 6164,73471.703,12.074,5556
 6165,73483.805,12.104,5556
 6166,73495.813,12.005,5556
 6167,73507.586,11.779,5556
 6168,73520.500,12.914,5556
 6169,73532.469,11.963,5556
 6170,73544.039,11.573,5556
 6171,73555.695,11.653,5556
 6172,73568.008,12.320,5556
 6173,73580.555,12.546,5556
 6174,73593.047,12.482,5556
 6175,73604.703,11.660,5556
 6176,73616.242,11.544,5556
 6177,73628.742,12.497,5556
 6178,73640.656,11.917,5556
 6179,73652.211,11.549,5556
 6180,73664.617,12.415,5556
 6181,73676.531,11.906,5556
 6182,73688.563,12.033,5556
 6183,73701.031,12.463,5556
 6184,73712.047,11.021,5556
 6185,73724.406,12.356,5556
 6186,73736.578,12.182,5556
 6187,73748.430,11.844,5556
 6188,73760.148,11.720,5556
 6189,73772.117,11.970,5556
 6190,73784.000,11.887,5556
 6191,73795.961,11.961,5556
 6192,73808.164,12.198,5556
 6193,73820.086,11.924,5556
 6194,73832.156,12.069,5556
 6195,73844.367,12.204,5556
 6196,73856.500,12.142,5556
 6197,73868.109,11.604,5556
 6198,73880.391,12.285,5556
 6199,73892.055,11.657,5556
 6200,73904.063,12.011,5556
 6201,73916.578,12.516,5556
 6202,73927.859,11.280,5556
 6203,73940.766,12.905,5556
 6204,73952.586,11.829,5556
 6205,73964.625,12.040,5556
 6206,73976.523,11.892,5556
 6207,73988.531,12.011,5556
 6208,74000.773,12.236,5556
 6209,74012.273,11.504,5556
 6210,74024.766,12.494,5556
 6211,74036.656,11.892,5556
 6212,74049.328,12.676,5556
 6213,74060.922,11.590,5556
 6214,74073.633,12.713,5556
 6215,74084.313,10.680,5556
 6216,74096.211,11.890,5556
 6217,74107.797,11.590,5556
 6218,74119.617,11.818,5556
 6219,74131.742,12.123,5556
 6220,74143.680,11.944,5556
 6221,74155.305,11.628,5556
 6222,74167.633,12.326,5556
 6223,74179.820,12.181,5556
 6224,74191.383,11.562,5556
 6225,74203.758,12.376,5556
 6226,74215.359,11.603,5556
 6227,74227.859,12.499,5556
 6228,74239.430,11.571,5556
 6229,74251.578,12.149,5556
 6230,74263.867,12.291,5556
 6231,74275.398,11.529,5556
 6232,74287.164,11.763,5556
 6233,74299.055,11.888,5556
 6234,74310.633,11.586,5556
 6235,74322.867,12.232,5556
 6236,74335.313,12.452,5556
 6237,74346.922,11.606,5556
 6238,74358.055,11.123,5556
 6239,74370.227,12.181,5556
 6240,74381.930,11.700,5556
 6241,74393.469,11.540,5556
 6242,74405.430,11.961,5556
 6243,74417.398,11.969,5556
 6244,74429.156,11.759,5556
 6245,74441.656,12.503,5556
 6246,74454.328,12.674,5556
 6247,74465.828,11.493,5556
 6248,74476.961,11.136,5556
 6249,74489.820,12.853,5556
 6250,74502.000,12.184,5556
 6251,74512.836,10.831,5556
 6252,74524.836,12.005,5556
 6253,74536.594,11.762,5556
 6254,74548.273,11.679,5556
 6255,74560.383,12.100,5556
 6256,74572.875,12.496,5556
 6257,74584.383,11.503,5556
 6258,74596.086,11.709,5556
 6259,74607.555,11.471,5556
 6260,74619.617,12.061,5556
 6261,74631.500,11.881,5556
 6262,74643.508,12.011,5556
 6263,74654.992,11.489,5556
 6264,74666.797,11.797,5556
 6265,74679.313,12.518,5556
 6266,74691.094,11.774,5556
 6267,74703.391,12.298,5556
 6268,74715.586,12.201,5556
 6269,74726.672,11.088,5556
 6270,74738.391,11.714,5556
 6271,74750.078,11.687,5556
 6272,74762.336,12.267,5556
 6273,74774.641,12.300,5556
 6274,74786.039,11.395,5556
 6275,74797.641,11.609,5556
 6276,74810.000,12.361,5556
 6277,74822.063,12.049,5556
 6278,74834.055,11.995,5556
 6279,74845.875,11.826,5556
 6280,74857.602,11.723,5556
 6281,74868.938,11.342,5556
 6282,74881.484,12.542,5556
 6283,74892.844,11.362,5556
 6284,74904.813,11.964,5556
 6285,74917.141,12.326,5556
 6286,74928.719,11.578,5556
 6287,74941.234,12.520,5556
 6288,74953.164,11.929,5556
 6289,74964.766,11.597,5556
 6290,74976.695,11.935,5556
 6291,74988.898,12.205,5556
 6292,75000.313,11.412,5556
 6293,75011.883,11.568,5556
 6294,75024.164,12.283,5556
 6295,75035.680,11.519,5556
 6296,75047.414,11.732,5556
 6297,75059.305,11.896,5556
 6298,75071.234,11.929,5556
 6299,75082.625,11.386,5556
 6300,75094.867,12.239,5556
 6301,75106.891,12.027,5556
 6302,75118.219,11.329,5556
 6303,75130.094,11.871,5556
 6304,75142.453,12.360,5556
 6305,75153.781,11.326,5556
 6306,75165.766,11.988,5556
 6307,75177.195,11.433,5556
 6308,75190.313,13.118,5556
 6309,75201.328,11.012,5556
 6310,75212.727,11.395,5556
 6311,75225.438,12.713,5556
 6312,75236.258,10.823,5556
 6313,75248.055,11.788,5556
 6314,75260.031,11.979,5556
 6315,75271.656,11.633,5556
 6316,75283.539,11.877,5556
 6317,75295.234,11.695,5556
 6318,75307.039,11.805,5556
 6319,75318.648,11.614,5556
 6320,75331.078,12.424,5556
 6321,75342.617,11.546,5556
 6322,75354.914,12.293,5556
 6323,75366.727,11.806,5556
 6324,75378.070,11.348,5556
 6325,75390.148,12.076,5556
 6326,75402.141,11.998,5556
 6327,75413.945,11.806,5556
 6328,75425.844,11.892,5556
 6329,75438.078,12.237,5556
 6330,75449.523,11.443,5556
 6331,75461.242,11.725,5556
 6332,75473.234,11.989,5556
 6333,75484.953,11.720,5556
 6334,75496.625,11.677,5556
 6335,75508.633,12.002,5556
 6336,75520.563,11.932,5556
 6337,75531.430,10.860,5556
 6338,75543.609,12.184,5556
 6339,75554.938,11.333,5556
 6340,75566.977,12.038,5556
 6341,75578.195,11.216,5556
 6342,75590.367,12.169,5556
 6343,75604.031,13.665,5556
 6344,75614.656,10.628,5556
 6345,75626.914,12.257,5556
 6346,75638.047,11.129,5556
 6347,75650.055,12.007,5556
 6348,75661.813,11.757,5556
 6349,75673.195,11.387,5556
 6350,75684.664,11.473,5556
 6351,75696.203,11.537,5556
 6352,75708.078,11.872,5556
 6353,75719.883,11.804,5556
 6354,75732.117,12.232,5556
 6355,75743.383,11.268,5556
 6356,75755.406,12.022,5556
 6357,75766.930,11.533,5556
 6358,75778.898,11.960,5556
 6359,75790.281,11.390,5556
 6360,75802.375,12.083,5556
 6361,75813.586,11.216,5556
 6362,75825.477,11.892,5556
 6363,75837.844,12.365,5556
 6364,75849.188,11.349,5556
 6365,75860.852,11.664,5556
 6366,75872.727,11.867,5556
 6367,75884.719,11.991,5556
 6368,75896.211,11.501,5556
 6369,75908.023,11.805,5556
 6370,75919.625,11.607,5556
 6371,75930.852,11.227,5556
 6372,75942.703,11.849,5556
 6373,75954.641,11.940,5556
 6374,75966.117,11.476,5556
 6375,75977.758,11.637,5556
 6376,75990.609,12.854,5556
 6377,76001.555,10.945,5556
 6378,76013.438,11.883,5556
 6379,76025.172,11.736,5556
 6380,76036.398,11.222,5556
 6381,76047.828,11.432,5556
 6382,76059.555,11.729,5556
 6383,76071.813,12.254,5556
 6384,76083.023,11.211,5556
 6385,76094.672,11.655,5556
 6386,76106.773,12.093,5556
 6387,76117.859,11.090,5556
 6388,76129.578,11.723,5556
 6389,76141.008,11.428,5556
 6390,76153.000,11.996,5556
 6391,76164.367,11.361,5556
 6392,76176.125,11.757,5556
 6393,76187.375,11.251,5556
 6394,76198.883,11.510,5556
 6395,76210.422,11.534,5556
 6396,76222.453,12.033,5556
 6397,76233.766,11.308,5556
 6398,76245.648,11.890,5556
 6399,76257.367,11.717,5556
 6400,76268.867,11.497,5556
 6401,76280.133,11.267,5556
 6402,76291.422,11.289,5556
 6403,76303.461,12.042,5556
 6404,76314.719,11.257,5556
 6405,76326.336,11.622,5556
 6406,76337.773,11.428,5556
 6407,76349.602,11.839,5556
 6408,76361.914,12.305,5556
 6409,76372.500,10.591,5556
 6410,76383.797,11.293,5556
 6411,76395.570,11.773,5556
 6412,76407.859,12.292,5556
 6413,76418.734,10.873,5556
 6414,76430.453,11.716,5556
 6415,76441.828,11.374,5556
 6416,76453.672,11.854,5556
 6417,76465.570,11.892,5556
 6418,76476.750,11.176,5556
 6419,76488.773,12.025,5556
 6420,76499.359,10.581,5556
 6421,76511.227,11.876,5556
 6422,76522.906,11.681,5556
 6423,76534.164,11.256,5556
 6424,76545.555,11.392,5556
 6425,76557.234,11.682,5556
 6426,76568.898,11.659,5556
 6427,76580.328,11.431,5556
 6428,76591.258,10.931,5556
 6429,76602.609,11.347,5556
 6430,76614.453,11.845,5556
 6431,76625.398,10.940,5556
 6432,76636.570,11.178,5556
 6433,76648.391,11.817,5556
 6434,76660.414,12.026,5556
 6435,76671.047,10.628,5556
 6436,76683.031,11.982,5556
 6437,76693.734,10.709,5556
 6438,76705.078,11.346,5556
 6439,76716.586,11.506,5556
 6440,76728.125,11.539,5556
 6441,76740.578,12.457,5556
 6442,76751.492,10.911,5556
 6443,76762.797,11.307,5556
 6444,76773.531,10.732,5556
 6445,76785.297,11.766,5556
 6446,76796.586,11.290,5556
 6447,76807.570,10.988,5556
 6448,76819.508,11.937,5556
 6449,76831.336,11.830,5556
 6450,76841.648,10.312,5556
 6451,76853.117,11.464,5556
 6452,76864.398,11.275,5556
 6453,76876.273,11.879,5556
 6454,76887.227,10.954,5556
 6455,76899.000,11.778,5556
 6456,76910.258,11.256,5556
 6457,76921.430,11.165,5556
 6458,76932.258,10.838,5556
 6459,76943.961,11.704,5556
 6460,76955.234,11.271,5556
 6461,76966.508,11.270,5556
 6462,76978.031,11.519,5556
 6463,76989.305,11.283,5556
 6464,77000.719,11.409,5556
 6465,77012.227,11.509,5556
 6466,77023.477,11.251,5556
 6467,77034.273,10.801,5556
 6468,77045.883,11.601,5556
 6469,77057.047,11.159,5556
 6470,77069.172,12.135,5556
 6471,77079.703,10.521,5556
 6472,77090.719,11.018,5556
 6473,77102.563,11.854,5556
 6474,77113.898,11.330,5556
 6475,77126.453,12.551,5556
 6476,77136.773,10.320,5556
 6477,77147.688,10.915,5556
 6478,77158.852,11.171,5556
 6479,77170.352,11.493,5556
 6480,77181.695,11.341,5556
 6481,77193.094,11.401,5556
 6482,77204.078,10.985,5556
 6483,77215.852,11.776,5556
 6484,77226.203,10.352,5556
 6485,77237.930,11.726,5556
 6486,77248.734,10.801,5556
 6487,77260.625,11.896,5556
 6488,77272.070,11.440,5556
 6489,77282.938,10.871,5556
 6490,77294.383,11.446,5556
 6491,77305.414,11.030,5556
 6492,77317.336,11.929,5556
 6493,77328.359,11.011,5556
 6494,77339.914,11.563,5556
 6495,77351.383,11.467,5556
 6496,77363.367,11.977,5556
 6497,77374.063,10.703,5556
 6498,77385.195,11.135,5556
 6499,77395.570,10.370,5556
 6500,77406.930,11.367,5556
 6501,77418.914,11.984,5556
 6502,77429.844,10.926,5556
 6503,77441.648,11.803,5556
 6504,77453.430,11.776,5556
 6505,77462.820, 9.397,5556
 6506,77474.203,11.384,5556
 6507,77485.844,11.637,5556
 6508,77496.828,10.985,5556
 6509,77509.227,12.404,5556
 6510,77519.953,10.724,5556
 6511,77530.875,10.924,5556
 6512,77541.805,10.928,5556
 6513,77553.586,11.783,5556
 6514,77565.234,11.644,5556
 6515,77575.438,10.205,5556
 6516,77587.008,11.573,5556
 6517,77598.203,11.195,5556
 6518,77609.672,11.468,5556
 6519,77620.688,11.011,5556
 6520,77632.094,11.407,5556
 6521,77643.414,11.317,5556
 6522,77654.164,10.757,5556
 6523,77665.570,11.406,5556
 6524,77676.734,11.157,5556
 6525,77688.633,11.907,5556
 6526,77699.766,11.126,5556
 6527,77711.836,12.076,5556
 6528,77723.789,11.950,5556
 6529,77734.102,10.307,5556
 6530,77745.273,11.178,5556
 6531,77756.852,11.578,5556
 6532,77767.984,11.133,5556
 6533,77779.453,11.470,5556
 6534,77790.961,11.507,5556
 6535,77802.492,11.530,5556
 6536,77813.555,11.067,5556
 6537,77824.805,11.248,5556
 6538,77835.984,11.179,5556
 6539,77847.578,11.597,5556
 6540,77858.984,11.406,5556
 6541,77870.289,11.307,5556
 6542,77882.039,11.742,5556
 6543,77893.813,11.772,5556
 6544,77904.594,10.783,5556
 6545,77915.477,10.884,5556
 6546,77926.711,11.234,5556
 6547,77937.836,11.125,5556
 6548,77949.141,11.302,5556
 6549,77960.555,11.417,5556
 6550,77971.906,11.354,5556
 6551,77982.531,10.619,5556
 6552,77993.883,11.354,5556
 6553,78005.469,11.584,5556
 6554,78016.727,11.255,5556
 6555,78028.078,11.353,5556
 6556,78039.188,11.111,5556
 6557,78051.063,11.873,5556
 6558,78061.742,10.683,5556
 6559,78073.406,11.665,5556
 6560,78084.109,10.704,5556
 6561,78095.844,11.730,5556
 6562,78106.867,11.029,5556
 6563,78117.938,11.070,5556
 6564,78128.875,10.934,5556
 6565,78140.484,11.613,5556
 6566,78152.320,11.842,5556
 6567,78163.688,11.355,5556
 6568,78173.844,10.157,5556
 6569,78185.352,11.505,5556
 6570,78196.758,11.407,5556
 6571,78207.461,10.705,5556
 6572,78218.406,10.944,5556
 6573,78229.797,11.393,5556
 6574,78241.000,11.208,5556
 6575,78252.508,11.509,5556
 6576,78264.938,12.430,5556
 6577,78275.188,10.246,5556
 6578,78285.773,10.585,5556
 6579,78296.984,11.217,5556
 6580,78308.219,11.233,5556
 6581,78319.664,11.443,5556
 6582,78330.664,11.001,5556
 6583,78341.422,10.753,5556
 6584,78352.992,11.575,5556
 6585,78364.484,11.487,5556
 6586,78376.555,12.075,5556
 6587,78386.352, 9.789,5556
 6588,78397.922,11.581,5556
 6589,78408.711,10.782,5556
 6590,78420.273,11.570,5556
 6591,78431.406,11.126,5556
 6592,78442.773,11.365,5556
 6593,78454.156,11.390,5556
 6594,78464.555,10.395,5556
 6595,78477.031,12.471,5556
 6596,78487.664,10.640,5556
 6597,78498.945,11.279,5556
 6598,78510.820,11.874,5556
 6599,78521.508,10.691,5556
 6600,78532.625,11.123,5556
 6601,78543.586,10.955,5556
 6602,78554.500,10.913,5556
 6603,78566.195,11.696,5556
 6604,78576.953,10.757,5556
 6605,78587.719,10.760,5556
 6606,78598.508,10.796,5556
 6607,78609.648,11.144,5556
 6608,78621.023,11.369,5556
 6609,78632.102,11.079,5556
 6610,78644.695,12.588,5556
 6611,78655.305,10.622,5556
 6612,78666.281,10.970,5556
 6613,78677.789,11.509,5556
 6614,78688.883,11.095,5556
 6615,78699.898,11.018,5556
 6616,78710.609,10.711,5556
 6617,78722.469,11.857,5556
 6618,78733.445,10.972,5556
 6619,78744.836,11.396,5556
 6620,78755.961,11.122,5556
 6621,78767.078,11.119,5556
 6622,78778.773,11.693,5556
 6623,78790.664,11.897,5556
 6624,78800.422, 9.749,5556
 6625,78811.633,11.221,5556
 6626,78822.938,11.301,5556
 6627,78834.375,11.427,5556
 6628,78845.328,10.964,5556
 6629,78856.305,10.976,5556
 6630,78867.367,11.056,5556
 6631,78878.984,11.621,5556
 6632,78890.898,11.915,5556
 6633,78901.477,10.579,5556
 6634,78912.969,11.494,5556
 6635,78924.250,11.281,5556
 6636,78935.047,10.793,5556
 6637,78946.414,11.367,5556
 6638,78957.602,11.186,5556
 6639,78968.508,10.908,5556
 6640,78979.984,11.480,5556
 6641,78990.961,10.973,5556
 6642,79002.609,11.647,5556
 6643,79013.742,11.130,5556
 6644,79026.102,12.364,5556
 6645,79036.305,10.210,5556
 6646,79047.141,10.829,5556
 6647,79058.156,11.017,5556
 6648,79069.359,11.199,5556
 6649,79080.328,10.972,5556
 6650,79091.336,11.014,5556
 6651,79102.828,11.486,5556
 6652,79113.555,10.728,5556
 6653,79124.688,11.129,5556
 6654,79135.766,11.076,5556
 6655,79147.227,11.463,5556
 6656,79157.203, 9.980,5556
 6657,79168.883,11.680,5556
 6658,79179.422,10.534,5556
 6659,79190.188,10.771,5556
 6660,79201.523,11.333,5556
 6661,79213.328,11.807,5556
 6662,79224.500,11.166,5556
 6663,79235.500,11.001,5556
 6664,79246.352,10.852,5556
 6665,79257.281,10.931,5556
 6666,79268.875,11.599,5556
 6667,79279.563,10.688,5556
 6668,79291.250,11.681,5556
 6669,79302.164,10.914,5556
 6670,79313.367,11.201,5556
 6671,79323.703,10.339,5556
 6672,79334.820,11.117,5556
 6673,79345.805,10.986,5556
 6674,79357.273,11.469,5556
 6675,79368.031,10.753,5556
 6676,79379.289,11.268,5556
 6677,79390.266,10.973,5556
 6678,79402.086,11.815,5556
 6679,79412.516,10.434,5556
 6680,79423.813,11.296,5556
 6681,79434.078,10.260,5556
 6682,79445.563,11.488,5556
 6683,79456.164,10.602,5556
 6684,79467.398,11.235,5556
 6685,79479.195,11.801,5556
 6686,79489.633,10.438,5556
 6687,79500.539,10.903,5556
 6688,79511.820,11.277,5556
 6689,79523.180,11.364,5556
 6690,79533.891,10.709,5556
 6691,79544.875,10.989,5556
 6692,79555.844,10.969,5556
 6693,79567.313,11.464,5556
 6694,79577.891,10.578,5556
 6695,79589.578,11.688,5556
 6696,79600.469,10.892,5556
 6697,79611.203,10.731,5556
 6698,79622.125,10.923,5556
 6699,79633.352,11.222,5556
 6700,79643.328, 9.987,5556
 6701,79654.922,11.590,5556
 6702,79666.242,11.318,5556
 6703,79677.305,11.066,5556
 6704,79687.695,10.386,5556
 6705,79699.117,11.422,5556
 6706,79710.297,11.188,5556
 6707,79720.820,10.513,5556
 6708,79731.703,10.885,5556
 6709,79742.594,10.894,5556
 6710,79749.875, 7.281,5417
 6711,79757.445, 7.572,5417
 6712,79764.641, 7.197,5417
 6713,79772.203, 7.558,5417
 6714,79779.602, 7.399,5417
 6715,79787.156, 7.555,5417
 6716,79794.656, 7.507,5417
 6717,79801.867, 7.201,5417
 6718,79809.633, 7.775,5417
 6719,79816.531, 6.890,5417
 6720,79823.984, 7.454,5417
 6721,79831.367, 7.380,5417
 6722,79838.773, 7.404,5417
 6723,79846.273, 7.506,5417
 6724,79853.469, 7.196,5417
 6725,79860.820, 7.348,5417
 6726,79868.258, 7.442,5417
 6727,79876.203, 7.943,5417
 6728,79883.922, 7.717,5417
 6729,79891.164, 7.243,5417
 6730,79898.547, 7.386,5417
 6731,79906.211, 7.663,5417
 6732,79914.000, 7.788,5417
 6733,79920.922, 6.921,5417
 6734,79928.563, 7.642,5417
 6735,79935.781, 7.216,5417
 6736,79943.227, 7.449,5417
 6737,79950.492, 7.261,5417
 6738,79958.094, 7.603,5417
 6739,79965.367, 7.275,5417
 6740,79972.719, 7.349,5417
 6741,79980.016, 7.294,5417
 6742,79987.477, 7.469,5417
 6743,79994.906, 7.432,5417
 6744,80002.227, 7.319,5417
 6745,80009.398, 7.168,5417
 6746,80016.992, 7.597,5417
 6747,80024.406, 7.406,5417
 6748,80031.867, 7.465,5417
 6749,80039.594, 7.729,5417
 6750,80046.789, 7.197,5417
 6751,80054.313, 7.527,5417
 6752,80061.734, 7.417,5417
 6753,80069.641, 7.911,5417
 6754,80077.906, 8.257,5417
 6755,80084.438, 6.535,5417
 6756,80091.984, 7.552,5417
 6757,80099.961, 7.972,5417
 6758,80106.664, 6.707,5417
 6759,80114.586, 7.921,5417
 6760,80121.594, 7.007,5417
 6761,80129.000, 7.403,5417
 6762,80136.586, 7.586,5417
 6763,80143.938, 7.351,5417
 6764,80151.563, 7.624,5417
 6765,80159.031, 7.462,5417
 6766,80166.906, 7.882,5417
 6767,80174.180, 7.273,5417
 6768,80182.406, 8.225,5417
 6769,80189.422, 7.015,5417
 6770,80197.109, 7.691,5417
 6771,80204.367, 7.257,5417
 6772,80211.914, 7.550,5417
 6773,80219.391, 7.470,5417
 6774,80226.898, 7.512,5417
 6775,80234.219, 7.322,5417
 6776,80241.570, 7.352,5417
 6777,80249.281, 7.715,5417
 6778,80257.164, 7.876,5417
 6779,80264.281, 7.117,5417
 6780,80271.703, 7.419,5417
 6781,80279.367, 7.668,5417
 6782,80286.828, 7.461,5417
 6783,80294.180, 7.355,5417
 6784,80301.695, 7.507,5417
 6785,80309.250, 7.561,5417
 6786,80316.625, 7.373,5417
 6787,80324.141, 7.515,5417
 6788,80332.289, 8.151,5417
 6789,80339.641, 7.351,5417
 6790,80347.094, 7.449,5417
 6791,80354.359, 7.268,5417
 6792,80361.805, 7.444,5417
 6793,80369.438, 7.631,5417
 6794,80376.734, 7.298,5417
 6795,80384.234, 7.505,5417
 6796,80391.203, 6.964,5417
 6797,80398.758, 7.551,5417
 6798,80406.391, 7.633,5417
 6799,80413.594, 7.214,5417
 6800,80421.305, 7.709,5417
 6801,80428.750, 7.438,5417
 6802,80436.094, 7.349,5417
 6803,80444.219, 8.128,5417
 6804,80451.336, 7.116,5417
 6805,80459.953, 8.617,5417
 6806,80466.742, 6.788,5417
 6807,80473.984, 7.246,5417
 6808,80481.984, 7.994,5417
 6809,80488.969, 6.987,5417
 6810,80496.914, 7.941,5417
 6811,80503.992, 7.087,5417
 6812,80511.430, 7.427,5417
 6813,80518.797, 7.373,5417
 6814,80526.641, 7.846,5417
 6815,80534.063, 7.414,5417
 6816,80541.156, 7.098,5417
 6817,80548.602, 7.450,5417
 6818,80556.359, 7.751,5417
 6819,80563.547, 7.189,5417
 6820,80571.430, 7.880,5417
 6821,80578.914, 7.485,5417
 6822,80586.117, 7.201,5417
 6823,80593.789, 7.675,5417
 6824,80601.250, 7.463,5417
 6825,80608.477, 7.227,5417
 6826,80616.078, 7.595,5417
 6827,80623.430, 7.351,5417
 6828,80631.594, 8.171,5417
 6829,80638.656, 7.062,5417
 6830,80646.000, 7.347,5417
 6831,80653.297, 7.300,5417
 6832,80660.852, 7.547,5417
 6833,80668.367, 7.513,5417
 6834,80676.211, 7.851,5417
 6835,80683.891, 7.680,5417
 6836,80690.836, 6.940,5417
 6837,80698.242, 7.410,5417
 6838,80706.242, 8.002,5417
 6839,80713.430, 7.185,5417
 6840,80720.922, 7.492,5417
 6841,80728.289, 7.364,5417
 6842,80735.836, 7.548,5417
 6843,80743.453, 7.619,5417
 6844,80750.789, 7.335,5417
 6845,80759.141, 8.354,5417
 6846,80766.703, 7.559,5417
 6847,80773.523, 6.824,5417
 6848,80781.531, 8.002,5417
 6849,80789.234, 7.707,5417
 6850,80796.523, 7.288,5417
 6851,80804.219, 7.699,5417
 6852,80812.070, 7.841,5417
 6853,80819.258, 7.197,5417
 6854,80826.922, 7.661,5417
 6855,80835.273, 8.352,5417
 6856,80843.359, 8.083,5417
 6857,80850.141, 6.782,5417
 6858,80857.180, 7.044,5417
 6859,80864.242, 7.061,5417
 6860,80872.594, 8.352,5417
 6861,80879.891, 7.294,5417
 6862,80887.094, 7.206,5417
 6863,80894.430, 7.332,5417
 6864,80901.797, 7.372,5417
 6865,80909.352, 7.548,5417
 6866,80916.883, 7.539,5417
 6867,80925.188, 8.299,5417
 6868,80932.984, 7.801,5417
 6869,80940.359, 7.369,5417
 6870,80947.563, 7.211,5417
 6871,80955.250, 7.681,5417
 6872,80962.430, 7.177,5417
 6873,80970.086, 7.662,5417
 6874,80977.750, 7.665,5417
 6875,80984.961, 7.213,5417
 6876,80993.211, 8.250,5417
 6877,81000.367, 7.152,5417
 6878,81008.086, 7.714,5417
 6879,81015.414, 7.334,5417
 6880,81022.789, 7.377,5417
 6881,81030.383, 7.589,5417
 6882,81038.188, 7.809,5417
 6883,81045.617, 7.430,5417
 6884,81052.922, 7.302,5417
 6885,81060.508, 7.584,5417
 6886,81068.109, 7.603,5417
 6887,81075.547, 7.436,5417
 6888,81083.406, 7.861,5417
 6889,81090.570, 7.164,5417
 6890,81098.414, 7.839,5417
 6891,81105.867, 7.458,5417
 6892,81113.297, 7.431,5417
 6893,81121.055, 7.755,5417
 6894,81128.406, 7.354,5417
 6895,81136.078, 7.666,5417
 6896,81143.594, 7.526,5417
 6897,81151.109, 7.506,5417
 6898,81158.914, 7.812,5417
 6899,81166.188, 7.270,5417
 6900,81173.781, 7.596,5417
 6901,81181.813, 8.029,5417
 6902,81189.781, 7.970,5417
 6903,81197.055, 7.267,5417
 6904,81204.563, 7.511,5417
 6905,81212.781, 8.221,5417
 6906,81220.695, 7.907,5417
 6907,81227.867, 7.183,5417
 6908,81235.602, 7.730,5417
 6909,81242.195, 6.593,5417
 6910,81249.977, 7.785,5417
 6911,81257.664, 7.693,5417
 6912,81265.203, 7.534,5417
 6913,81272.367, 7.155,5417
 6914,81279.883, 7.525,5417
 6915,81287.430, 7.545,5417
 6916,81294.930, 7.497,5417
 6917,81302.703, 7.772,5417
 6918,81311.070, 8.365,5417
 6919,81317.914, 6.854,5417
 6920,81325.445, 7.524,5417
 6921,81333.141, 7.693,5417
 6922,81340.273, 7.144,5417
 6923,81347.695, 7.409,5417
 6924,81355.555, 7.868,5417
 6925,81363.125, 7.567,5417
 6926,81371.086, 7.962,5417
 6927,81378.383, 7.294,5417
 6928,81386.531, 8.150,5417
 6929,81393.508, 6.974,5417
 6930,81401.141, 7.640,5417
 6931,81409.141, 7.998,5417
 6932,81416.250, 7.113,5417
 6933,81424.492, 8.234,5417
 6934,81432.133, 7.646,5417
 6935,81439.750, 7.614,5417
 6936,81447.273, 7.528,5417
 6937,81454.742, 7.467,5417
 6938,81462.789, 8.047,5417
 6939,81470.023, 7.225,5417
 6940,81477.813, 7.798,5417
 6941,81485.367, 7.550,5417
 6942,81492.852, 7.489,5417
 6943,81500.625, 7.777,5417
 6944,81508.125, 7.493,5417
 6945,81516.031, 7.905,5417
 6946,81524.664, 8.637,5417
 6947,81532.117, 7.447,5417
 6948,81539.234, 7.121,5417
 6949,81547.234, 8.005,5417
 6950,81554.727, 7.486,5417
 6951,81562.148, 7.422,5417
 6952,81569.781, 7.634,5417
 6953,81577.375, 7.594,5417
 6954,81584.984, 7.614,5417
 6955,81593.094, 8.108,5417
 6956,81600.820, 7.728,5417
 6957,81608.766, 7.940,5417
 6958,81615.688, 6.923,5417
 6959,81623.609, 7.928,5417
 6960,81630.789, 7.169,5417
 6961,81638.445, 7.663,5417
 6962,81646.156, 7.712,5417
 6963,81653.758, 7.595,5417
 6964,81661.242, 7.490,5417
 6965,81668.828, 7.587,5417
 6966,81676.563, 7.735,5417
 6967,81684.164, 7.597,5417
 6968,81691.766, 7.602,5417
 6969,81699.688, 7.918,5417
 6970,81706.867, 7.184,5417
 6971,81714.781, 7.913,5417
 6972,81722.234, 7.453,5417
 6973,81729.938, 7.710,5417
 6974,81737.453, 7.510,5417
 6975,81745.625, 8.177,5417
 6976,81753.109, 7.479,5417
 6977,81760.641, 7.532,5417
 6978,81768.352, 7.707,5417
 6979,81776.430, 8.080,5417
 6980,81783.367, 6.939,5417
 6981,81791.578, 8.212,5417
 6982,81798.586, 7.010,5417
 6983,81806.055, 7.460,5417
 6984,81813.969, 7.926,5417
 6985,81821.313, 7.339,5417
 6986,81828.977, 7.668,5417
 6987,81837.172, 8.194,5417
 6988,81844.813, 7.637,5417
 6989,81852.922, 8.110,5417
 6990,81860.609, 7.687,5417
 6991,81867.906, 7.295,5417
 6992,81875.578, 7.674,5417
 6993,81883.094, 7.512,5417
 6994,81890.617, 7.532,5417
 6995,81898.375, 7.746,5417
 6996,81906.047, 7.677,5417
 6997,81913.969, 7.929,5417
 6998,81921.898, 7.927,5417
 6999,81929.367, 7.459,5417
 7000,81936.844, 7.483,5417
 7001,81944.789, 7.946,5417
 7002,81952.531, 7.741,5417
 7003,81959.594, 7.068,5417
 7004,81967.984, 8.392,5417
 7005,81976.438, 8.442,5417
 7006,81983.180, 6.744,5417
 7007,81990.609, 7.434,5417
 7008,81998.320, 7.711,5417
 7009,82005.617, 7.296,5417
 7010,82013.094, 7.473,5417
 7011,82020.883, 7.792,5417
 7012,82028.531, 7.652,5417
 7013,82035.813, 7.277,5417
 7014,82044.391, 8.576,5417
 7015,82051.617, 7.234,5417
 7016,82059.430, 7.809,5417
 7017,82067.133, 7.701,5417
 7018,82075.281, 8.151,5417
 7019,82082.539, 7.255,5417
 7020,82090.711, 8.166,5417
 7021,82098.273, 7.571,5417
 7022,82106.055, 7.777,5417
 7023,82113.750, 7.697,5417
 7024,82121.352, 7.602,5417
 7025,82129.094, 7.744,5417
 7026,82137.508, 8.409,5417
 7027,82145.109, 7.604,5417
 7028,82153.867, 8.762,5417
 7029,82161.188, 7.317,5417
 7030,82168.914, 7.731,5417
 7031,82176.523, 7.608,5417
 7032,82184.391, 7.865,5417
 7033,82192.125, 7.731,5417
 7034,82199.469, 7.349,5417
 7035,82207.133, 7.660,5417
 7036,82215.570, 8.438,5417
 7037,82222.453, 6.880,5417
 7038,82230.313, 7.869,5417
 7039,82237.516, 7.197,5417
 7040,82245.203, 7.689,5417
 7041,82253.125, 7.924,5417
 7042,82260.477, 7.350,5417
 7043,82268.164, 7.686,5417
 7044,82275.883, 7.723,5417
 7045,82283.430, 7.543,5417
 7046,82291.031, 7.597,5417
 7047,82298.797, 7.768,5417
 7048,82306.797, 7.998,5417
 7049,82315.344, 8.545,5417
 7050,82322.898, 7.561,5417
 7051,82330.781, 7.884,5417
 7052,82338.461, 7.678,5417
 7053,82345.828, 7.370,5417
 7054,82355.516, 9.687,5417
 7055,82366.250,10.733,5417
 7056,82373.414, 7.159,5417
 7057,82380.023, 6.610,5417
 7058,82386.414, 6.391,5417
 7059,82392.414, 6.002,5417
 7060,82399.609, 7.196,5417
 7061,82407.320, 7.716,5417
 7062,82414.914, 7.588,5417
 7063,82422.664, 7.757,5417
 7064,82430.531, 7.866,5417
 7065,82438.203, 7.665,5417
 7066,82445.844, 7.645,5417
 7067,82453.141, 7.290,5417
 7068,82461.313, 8.177,5417
 7069,82468.797, 7.481,5417
 7070,82476.898, 8.102,5417
 7071,82484.430, 7.531,5417
 7072,82491.922, 7.493,5417
 7073,82499.656, 7.738,5417
 7074,82507.086, 7.424,5417
 7075,82515.070, 7.986,5417
 7076,82522.688, 7.617,5417
 7077,82530.359, 7.670,5417
 7078,82538.031, 7.676,5417
 7079,82545.422, 7.390,5417
 7080,82553.367, 7.947,5417
 7081,82560.789, 7.417,5417
 7082,82569.359, 8.573,5417
 7083,82576.570, 7.214,5417
 7084,82583.773, 7.201,5417
 7085,82591.938, 8.165,5417
 7086,82599.102, 7.164,5417
 7087,82606.781, 7.677,5417
 7088,82614.969, 8.191,5417
 7089,82622.266, 7.295,5417
 7090,82630.133, 7.868,5417
 7091,82637.445, 7.314,5417
 7092,82645.148, 7.698,5417
 7093,82653.023, 7.877,5417
 7094,82660.773, 7.750,5417
 7095,82668.453, 7.684,5417
 7096,82676.516, 8.060,5417
 7097,82683.914, 7.403,5417
 7098,82691.727, 7.803,5417
 7099,82699.273, 7.552,5417
 7100,82706.961, 7.690,5417
 7101,82714.680, 7.710,5417
 7102,82722.133, 7.462,5417
 7103,82729.680, 7.539,5417
 7104,82738.797, 9.120,5417
 7105,82746.227, 7.435,5417
 7106,82753.906, 7.681,5417
 7107,82760.844, 6.935,5417
 7108,82768.516, 7.667,5417
 7109,82776.070, 7.559,5417
 7110,82783.813, 7.738,5417
 7111,82791.578, 7.772,5417
 7112,82799.320, 7.740,5417
 7113,82806.797, 7.473,5417
 7114,82815.273, 8.480,5417
 7115,82822.656, 7.383,5417
 7116,82829.609, 6.951,5417
 7117,82837.586, 7.982,5417
 7118,82845.367, 7.773,5417
 7119,82852.773, 7.405,5417
 7120,82860.555, 7.787,5417
 7121,82868.531, 7.973,5417
 7122,82876.008, 7.479,5417
 7123,82883.961, 7.956,5417
 7124,82891.477, 7.510,5417
 7125,82899.133, 7.656,5417
 7126,82906.641, 7.512,5417
 7127,82914.422, 7.781,5417
 7128,82922.109, 7.683,5417
 7129,82930.086, 7.980,5417
 7130,82937.781, 7.695,5417
 7131,82945.211, 7.434,5417
 7132,82952.914, 7.703,5417
 7133,82960.266, 7.351,5417
 7134,82968.281, 8.012,5417
 7135,82975.547, 7.269,5417
 7136,82983.273, 7.726,5417
 7137,82991.195, 7.920,5417
 7138,82999.359, 8.160,5417
 7139,83006.328, 6.977,5417
 7140,83014.117, 7.786,5417
 7141,83022.258, 8.144,5417
 7142,83029.438, 7.170,5417
 7143,83037.320, 7.890,5417
 7144,83045.078, 7.756,5417
 7145,83052.703, 7.618,5417
 7146,83060.109, 7.411,5417
 7147,83068.313, 8.205,5417
 7148,83076.117, 7.805,5417
 7149,83083.414, 7.295,5417
 7150,83091.305, 7.896,5417
 7151,83099.094, 7.779,5417
 7152,83106.438, 7.351,5417
 7153,83114.180, 7.739,5417
 7154,83123.008, 8.829,5417
 7155,83130.180, 7.174,5417
 7156,83138.039, 7.857,5417
 7157,83144.992, 6.961,5417
 7158,83153.570, 8.573,5417
 7159,83160.484, 6.916,5417
 7160,83168.195, 7.711,5417
 7161,83175.992, 7.795,5417
 7162,83183.703, 7.706,5417
 7163,83191.500, 7.802,5417
 7164,83198.953, 7.456,5417
 7165,83206.883, 7.928,5417
 7166,83214.563, 7.674,5417
 7167,83222.656, 8.099,5417
 7168,83229.953, 7.299,5417
 7169,83237.758, 7.798,5417
 7170,83245.188, 7.434,5417
 7171,83252.758, 7.562,5417
 7172,83260.711, 7.953,5417
 7173,83268.172, 7.467,5417
 7174,83275.977, 7.808,5417
 7175,83283.523, 7.543,5417
 7176,83291.242, 7.718,5417
 7177,83298.625, 7.385,5417
 7178,83306.836, 8.209,5417
 7179,83314.516, 7.678,5417
 7180,83322.281, 7.770,5417
 7181,83329.875, 7.596,5417
 7182,83337.617, 7.740,5417
 7183,83345.125, 7.505,5417
 7184,83352.750, 7.625,5417
 7185,83360.773, 8.023,5417
 7186,83368.508, 7.735,5417
 7187,83376.094, 7.586,5417
 7188,83383.922, 7.834,5417
 7189,83392.125, 8.196,5417
 7190,83400.242, 8.123,5417
 7191,83408.016, 7.768,5417
 7192,83416.242, 8.231,5417
 7193,83423.305, 7.062,5417
 7194,83430.914, 7.607,5417
 7195,83438.484, 7.573,5417
 7196,83446.172, 7.686,5417
 7197,83454.078, 7.905,5417
 7198,83461.680, 7.600,5417
 7199,83469.289, 7.617,5417
 7200,83476.938, 7.644,5417
 7201,83484.539, 7.598,5417
 7202,83492.406, 7.865,5417
 7203,83500.297, 7.900,5417
 7204,83508.406, 8.104,5417
 7205,83516.641, 8.237,5417
 7206,83524.039, 7.392,5417
 7207,83531.383, 7.346,5417
 7208,83539.492, 8.107,5417
 7209,83546.945, 7.458,5417
 7210,83554.320, 7.375,5417
 7211,83562.219, 7.901,5417
 7212,83570.258, 8.040,5417
 7213,83578.594, 8.336,5417
 7214,83586.484, 7.889,5417
 7215,83593.961, 7.474,5417
 7216,83601.641, 7.683,5417
 7217,83609.398, 7.754,5417
 7218,83617.117, 7.716,5417
 7219,83624.656, 7.542,5417
 7220,83632.242, 7.589,5417
 7221,83640.016, 7.765,5417
 7222,83647.633, 7.623,5417
 7223,83655.328, 7.701,5417
 7224,83662.961, 7.627,5417
 7225,83670.633, 7.675,5417
 7226,83678.375, 7.734,5417
 7227,83686.172, 7.805,5417
 7228,83693.977, 7.805,5417
 7229,83701.805, 7.826,5417
 7230,83709.281, 7.482,5417
 7231,83717.039, 7.750,5417
 7232,83724.781, 7.745,5417
 7233,83732.719, 7.930,5417
 7234,83740.195, 7.482,5417
 7235,83747.742, 7.543,5417
 7236,83755.703, 7.963,5417
 7237,83764.141, 8.438,5417
 7238,83772.023, 7.881,5417
 7239,83779.477, 7.457,5417
 7240,83787.469, 7.993,5417
 7241,83795.234, 7.770,5417
 7242,83802.617, 7.377,5417
 7243,83811.117, 8.501,5417
 7244,83818.711, 7.594,5417
 7245,83826.609, 7.896,5417
 7246,83834.406, 7.799,5417
 7247,83842.016, 7.607,5417
 7248,83849.820, 7.809,5417
 7249,83857.414, 7.588,5417
 7250,83865.109, 7.701,5417
 7251,83872.914, 7.802,5417
 7252,83880.961, 8.051,5417
 7253,83888.875, 7.911,5417
 7254,83896.320, 7.450,5417
 7255,83904.469, 8.142,5417
 7256,83911.750, 7.283,5417
 7257,83919.680, 7.922,5417
 7258,83927.219, 7.550,5417
 7259,83934.773, 7.552,5417
 7260,83942.945, 8.172,5417
 7261,83950.531, 7.588,5417
 7262,83958.234, 7.700,5417
 7263,83966.117, 7.878,5417
 7264,83973.875, 7.763,5417
 7265,83981.469, 7.594,5417
 7266,83989.352, 7.879,5417
 7267,83997.398, 8.049,5417
 7268,84004.867, 7.472,5417
 7269,84012.453, 7.584,5417
 7270,84019.930, 7.476,5417
 7271,84027.555, 7.625,5417
 7272,84035.133, 7.576,5417
 7273,84043.719, 8.586,5417
 7274,84051.203, 7.490,5417
 7275,84058.781, 7.571,5417
 7276,84067.617, 8.839,5417
 7277,84074.758, 7.142,5417
 7278,84082.578, 7.824,5417
 7279,84090.352, 7.763,5417
 7280,84098.484, 8.139,5417
 7281,84106.609, 8.129,5417
 7282,84114.008, 7.388,5417
 7283,84121.820, 7.815,5417
 7284,84129.492, 7.675,5417
 7285,84137.219, 7.732,5417
 7286,84145.016, 7.787,5417
 7287,84153.344, 8.331,5417
 7288,84160.891, 7.550,5417
 7289,84168.516, 7.624,5417
 7290,84176.055, 7.538,5417
 7291,84183.984, 7.937,5417
 7292,84191.602, 7.613,5417
 7293,84198.992, 7.396,5417
 7294,84207.094, 8.092,5417
 7295,84214.992, 7.907,5417
 7296,84222.391, 7.385,5417
 7297,84229.953, 7.574,5417
 7298,84238.172, 8.212,5417
 7299,84245.727, 7.555,5417
 7300,84253.234, 7.511,5417
 7301,84261.820, 8.581,5417
 7302,84269.852, 8.033,5417
 7303,84276.977, 7.130,5417
 7304,84284.688, 7.703,5417
 7305,84292.586, 7.904,5417
 7306,84300.383, 7.795,5417
 7307,84307.758, 7.377,5417
 7308,84315.945, 8.192,5417
 7309,84323.539, 7.589,5417
 7310,84330.688, 7.146,5417
 7311,84338.609, 7.925,5417
 7312,84346.867, 8.257,5417
 7313,84354.711, 7.841,5417
 7314,84361.906, 7.203,5417
 7315,84369.648, 7.742,5417
 7316,84378.484, 8.833,5417
 7317,84386.023, 7.531,5417
 7318,84393.039, 7.016,5417
 7319,84400.594, 7.558,5417
 7320,84408.453, 7.857,5417
 7321,84416.094, 7.642,5417
 7322,84423.867, 7.779,5417
 7323,84431.383, 7.511,5417
 7324,84439.250, 7.869,5417
 7325,84446.719, 7.468,5417
 7326,84454.594, 7.875,5417
 7327,84463.008, 8.412,5417
 7328,84472.445, 9.439,5417
 7329,84479.516, 7.072,5417
 7330,84487.836, 8.321,5417
 7331,84495.609, 7.777,5417
 7332,84503.117, 7.501,5417
 7333,84511.063, 7.949,5417
 7334,84518.742, 7.674,5417
 7335,84526.883, 8.142,5417
 7336,84534.094, 7.209,5417
 7337,84541.695, 7.606,5417
 7338,84549.523, 7.827,5417
 7339,84557.266, 7.746,5417
 7340,84564.969, 7.706,5417
 7341,84573.492, 8.515,5417
 7342,84580.438, 6.946,5417
 7343,84587.711, 7.271,5417
 7344,84595.516, 7.811,5417
 7345,84603.242, 7.727,5417
 7346,84610.836, 7.594,5417
 7347,84618.367, 7.528,5417
 7348,84626.008, 7.639,5417
 7349,84634.398, 8.390,5417
 7350,84642.109, 7.712,5417
 7351,84649.680, 7.570,5417
 7352,84657.156, 7.480,5417
 7353,84664.742, 7.587,5417
 7354,84672.641, 7.900,5417
 7355,84680.469, 7.820,5417
 7356,84687.953, 7.490,5417
 7357,84695.859, 7.907,5417
 7358,84703.578, 7.718,5417
 7359,84711.141, 7.564,5417
 7360,84718.945, 7.803,5417
 7361,84726.594, 7.651,5417
 7362,84734.313, 7.718,5417
 7363,84741.930, 7.618,5417
 7364,84749.648, 7.715,5417
 7365,84757.523, 7.880,5417
 7366,84765.773, 8.245,5417
 7367,84773.453, 7.679,5417
 7368,84781.352, 7.899,5417
 7369,84788.977, 7.633,5417
 7370,84796.750, 7.763,5417
 7371,84804.039, 7.288,5417
 7372,84811.828, 7.796,5417
 7373,84819.414, 7.580,5417
 7374,84827.359, 7.948,5417
 7375,84834.922, 7.568,5417
 7376,84842.500, 7.575,5417
 7377,84850.391, 7.887,5417
 7378,84858.039, 7.644,5417
 7379,84865.617, 7.589,5417
 7380,84873.469, 7.844,5417
 7381,84881.234, 7.773,5417
 7382,84888.945, 7.705,5417
 7383,84896.586, 7.644,5417
 7384,84904.422, 7.835,5417
 7385,84912.273, 7.851,5417
 7386,84919.828, 7.556,5417
 7387,84927.797, 7.967,5417
 7388,84935.633, 7.840,5417
 7389,84943.016, 7.377,5417
 7390,84950.508, 7.495,5417
 7391,84958.422, 7.914,5417
 7392,84966.133, 7.709,5417
 7393,84973.500, 7.370,5417
 7394,84981.461, 7.954,5417
 7395,84989.281, 7.830,5417
 7396,84997.203, 7.922,5417
 7397,85004.586, 7.378,5417
 7398,85013.016, 8.428,5417
 7399,85020.711, 7.694,5417
 7400,85027.711, 7.003,5417
 7401,85035.484, 7.773,5417
 7402,85043.031, 7.548,5417
 7403,85050.805, 7.770,5417
 7404,85059.180, 8.379,5417
 7405,85066.953, 7.778,5417
 7406,85075.047, 8.088,5417
 7407,85082.586, 7.538,5417
 7408,85090.445, 7.856,5417
 7409,85098.289, 7.850,5417
 7410,85105.734, 7.442,5417
 7411,85113.516, 7.784,5417
 7412,85121.891, 8.374,5417
 7413,85129.086, 7.191,5417
 7414,85136.516, 7.433,5417
 7415,85143.984, 7.476,5417
 7416,85151.750, 7.754,5417
 7417,85159.945, 8.205,5417
 7418,85167.023, 7.067,5417
 7419,85175.289, 8.274,5417
 7420,85182.703, 7.412,5417
 7421,85190.352, 7.643,5417
 7422,85198.461, 8.117,5417
 7423,85206.234, 7.773,5417
 7424,85214.594, 8.356,5417
 7425,85221.773, 7.180,5417
 7426,85229.375, 7.599,5417
 7427,85236.875, 7.504,5417
 7428,85245.195, 8.323,5417
 7429,85253.531, 8.331,5417
 7430,85260.648, 7.123,5417
 7431,85268.859, 8.211,5417
 7432,85275.844, 6.980,5417
 7433,85283.984, 8.144,5417
 7434,85292.211, 8.222,5417
 7435,85299.313, 7.106,5417
 7436,85306.977, 7.664,5417
 7437,85315.188, 8.210,5417
 7438,85322.508, 7.317,5417
 7439,85330.094, 7.587,5417
 7440,85338.039, 7.943,5417
 7441,85345.477, 7.444,5417
 7442,85353.250, 7.775,5417
 7443,85361.055, 7.797,5417
 7444,85368.336, 7.283,5417
 7445,85376.086, 7.746,5417
 7446,85384.023, 7.942,5417
 7447,85391.797, 7.777,5417
 7448,85400.063, 8.262,5417
 7449,85407.789, 7.729,5417
 7450,85415.352, 7.555,5417
 7451,85422.617, 7.271,5417
 7452,85430.656, 8.040,5417
 7453,85438.055, 7.393,5417
 7454,85446.320, 8.275,5417
 7455,85454.078, 7.750,5417
 7456,85461.875, 7.799,5417
 7457,85469.773, 7.901,5417
 7458,85477.125, 7.346,5417
 7459,85484.742, 7.622,5417
 7460,85492.414, 7.671,5417
 7461,85499.781, 7.363,5417
 7462,85508.055, 8.273,5417
 7463,85515.875, 7.822,5417
 7464,85524.164, 8.290,5417
 7465,85531.883, 7.725,5417
 7466,85538.633, 6.748,5417
 7467,85546.945, 8.310,5417
 7468,85554.063, 7.115,5417
 7469,85561.648, 7.595,5417
 7470,85569.508, 7.849,5417
 7471,85577.305, 7.805,5417
 7472,85584.922, 7.617,5417
 7473,85592.523, 7.600,5417
 7474,85600.164, 7.634,5417
 7475,85607.766, 7.606,5417
 7476,85615.820, 8.055,5417
 7477,85623.172, 7.347,5417
 7478,85630.813, 7.646,5417
 7479,85638.539, 7.725,5417
 7480,85646.375, 7.829,5417
 7481,85653.836, 7.465,5417
 7482,85661.703, 7.867,5417
 7483,85669.078, 7.375,5417
 7484,85677.172, 8.100,5417
 7485,85684.492, 7.315,5417
 7486,85692.547, 8.055,5417
 7487,85700.766, 8.220,5417
 7488,85708.703, 7.938,5417
 7489,85716.555, 7.854,5417
 7490,85723.859, 7.300,5417
 7491,85732.727, 8.865,5417
 7492,85739.719, 6.990,5417
 7493,85746.930, 7.224,5417
 7494,85754.992, 8.063,5417
 7495,85762.484, 7.482,5417
 7496,85770.008, 7.521,5417
 7497,85778.852, 8.852,5417
 7498,85786.922, 8.070,5417
 7499,85793.633, 6.712,5417
 7500,85800.711, 7.068,5417
 7501,85808.711, 8.002,5417
 7502,85816.234, 7.533,5417
 7503,85824.477, 8.236,5417
 7504,85832.641, 8.168,5417
 7505,85840.273, 7.630,5417
 7506,85848.063, 7.786,5417
 7507,85855.766, 7.708,5417
 7508,85864.141, 8.375,5417
 7509,85870.883, 6.741,5417
 7510,85878.727, 7.839,5417
 7511,85886.281, 7.564,5417
 7512,85894.391, 8.099,5417
 7513,85901.625, 7.243,5417
 7514,85909.445, 7.814,5417
 7515,85917.063, 7.621,5417
 7516,85924.633, 7.575,5417
 7517,85932.375, 7.730,5417
 7518,85940.727, 8.353,5417
 7519,85947.828, 7.105,5417
 7520,85955.359, 7.533,5417
 7521,85963.133, 7.776,5417
 7522,85970.805, 7.670,5417
 7523,85978.313, 7.513,5417
 7524,85985.984, 7.670,5417
 7525,85993.820, 7.835,5417
 7526,86001.508, 7.685,5417
 7527,86009.508, 8.000,5417
 7528,86016.820, 7.311,5417
 7529,86024.602, 7.784,5417
 7530,86032.195, 7.595,5417
 7531,86039.961, 7.768,5417
 7532,86048.484, 8.515,5417
 7533,86055.195, 6.713,5417
 7534,86062.852, 7.660,5417
 7535,86070.797, 7.940,5417
 7536,86078.109, 7.315,5417
 7537,86085.766, 7.651,5417
 7538,86093.609, 7.855,5417
 7539,86101.039, 7.418,5417
 7540,86108.633, 7.601,5417
 7541,86116.445, 7.813,5417
 7542,86123.883, 7.435,5417
 7543,86131.594, 7.715,5417
 7544,86139.117, 7.516,5417
 7545,86146.992, 7.885,5417
 7546,86155.023, 8.025,5417
 7547,86163.875, 8.856,5417
 7548,86170.984, 7.107,5417
 7549,86178.133, 7.150,5417
 7550,86185.547, 7.412,5417
 7551,86193.320, 7.774,5417
 7552,86200.953, 7.634,5417
 7553,86208.602, 7.650,5417
 7554,86216.492, 7.888,5417
 7555,86223.969, 7.478,5417
 7556,86231.461, 7.486,5417
 7557,86239.164, 7.703,5417
 7558,86247.281, 8.123,5417
 7559,86254.531, 7.246,5417
 7560,86262.508, 7.978,5417
 7561,86269.961, 7.458,5417
 7562,86277.828, 7.862,5417
 7563,86285.516, 7.688,5417
 7564,86293.023, 7.504,5417
 7565,86300.867, 7.849,5417
 7566,86308.633, 7.766,5417
 7567,86316.688, 8.049,5417
 7568,86323.922, 7.240,5417
 7569,86331.734, 7.812,5417
 7570,86340.406, 8.670,5417
 7571,86347.508, 7.100,5417
 7572,86355.016, 7.504,5417
 7573,86362.805, 7.796,5417
 7574,86370.297, 7.495,5417
 7575,86378.000, 7.696,5417
 7576,86385.891, 7.896,5417
 7577,86393.836, 7.940,5417
 7578,86402.617, 8.787,5417
 7579,86411.375, 8.749,5417
 7580,86418.477, 7.105,5417
 7581,86425.141, 6.666,5417
 7582,86432.266, 7.131,5417
 7583,86439.820, 7.552,5417
 7584,86448.344, 8.517,5417
 7585,86456.289, 7.952,5417
 7586,86464.094, 7.800,5417
 7587,86471.539, 7.452,5417
 7588,86479.172, 7.627,5417
 7589,86486.539, 7.372,5417
 7590,86494.125, 7.580,5417
 7591,86501.828, 7.702,5417
 7592,86510.320, 8.498,5417
 7593,86518.602, 8.282,5417
 7594,86526.523, 7.922,5417
 7595,86534.133, 7.605,5417
 7596,86542.414, 8.282,5417
 7597,86549.633, 7.224,5417
 7598,86557.406, 7.768,5417
 7599,86565.102, 7.695,5417
 7600,86573.047, 7.944,5417
 7601,86581.141, 8.094,5417
 7602,86588.336, 7.196,5417
 7603,86596.125, 7.792,5417
 7604,86603.969, 7.845,5417
 7605,86611.281, 7.315,5417
 7606,86619.109, 7.818,5417
 7607,86626.672, 7.565,5417
 7608,86634.813, 8.142,5417
 7609,86642.133, 7.316,5417
 7610,86649.883, 7.756,5417
 7611,86657.695, 7.811,5417
 7612,86665.594, 7.902,5417
 7613,86672.930, 7.337,5417
 7614,86680.711, 7.772,5417
 7615,86688.930, 8.228,5417
 7616,86696.070, 7.130,5417
 7617,86703.828, 7.764,5417
 7618,86711.602, 7.775,5417
 7619,86719.039, 7.434,5417
 7620,86726.789, 7.753,5417
 7621,86734.734, 7.945,5417
 7622,86742.305, 7.572,5417
 7623,86750.141, 7.836,5417
 7624,86758.438, 8.290,5417
 7625,86765.922, 7.492,5417
 7626,86773.320, 7.396,5417
 7627,86780.875, 7.552,5417
 7628,86788.859, 7.984,5417
 7629,86796.180, 7.326,5417
 7630,86803.859, 7.673,5417
 7631,86811.727, 7.867,5417
 7632,86819.516, 7.791,5417
 7633,86826.922, 7.412,5417
 7634,86834.578, 7.653,5417
 7635,86842.391, 7.806,5417
 7636,86849.813, 7.424,5417
 7637,86857.523, 7.712,5417
 7638,86865.445, 7.923,5417
 7639,86873.453, 8.010,5417
 7640,86880.734, 7.279,5417
 7641,86888.594, 7.865,5417
 7642,86896.305, 7.707,5417
 7643,86903.945, 7.642,5417
 7644,86911.594, 7.652,5417
 7645,86920.039, 8.433,5417
 7646,86928.164, 8.133,5417
 7647,86935.422, 7.257,5417
 7648,86942.859, 7.440,5417
 7649,86950.234, 7.372,5417
 7650,86957.891, 7.659,5417
 7651,86965.781, 7.888,5417
 7652,86973.414, 7.633,5417
 7653,86981.094, 7.675,5417
 7654,86988.898, 7.810,5417
 7655,86996.945, 8.053,5417
 7656,87004.453, 7.500,5417
 7657,87012.891, 8.438,5417
 7658,87020.570, 7.682,5417
 7659,87028.563, 7.992,5417
 7660,87036.266, 7.702,5417
 7661,87044.617, 8.356,5417
 7662,87052.195, 7.575,5417
 7663,87060.742, 8.543,5417
 7664,87068.148, 7.409,5417
 7665,87076.023, 7.869,5417
 7666,87084.086, 8.068,5417
 7667,87091.508, 7.422,5417
 7668,87099.359, 7.849,5417
 7669,87107.172, 7.817,5417
 7670,87115.094, 7.919,5417
 7671,87122.570, 7.477,5417
 7672,87130.414, 7.844,5417
 7673,87138.023, 7.602,5417
 7674,87145.758, 7.737,5417
 7675,87154.070, 8.317,5417
 7676,87161.344, 7.270,5417
 7677,87169.219, 7.878,5417
 7678,87176.648, 7.434,5417
 7679,87184.375, 7.724,5417
 7680,87191.789, 7.411,5417
 7681,87199.734, 7.947,5417
 7682,87207.375, 7.641,5417
 7683,87215.234, 7.858,5417
 7684,87223.031, 7.792,5417
 7685,87230.648, 7.630,5417
 7686,87238.445, 7.789,5417
 7687,87245.961, 7.517,5417
 7688,87253.828, 7.866,5417
 7689,87261.109, 7.278,5417
 7690,87269.398, 8.294,5417
 7691,87277.320, 7.922,5417
 7692,87285.109, 7.784,5417
 7693,87292.719, 7.610,5417
 7694,87301.148, 8.433,5417
 7695,87308.930, 7.782,5417
 7696,87317.242, 8.313,5417
 7697,87323.922, 6.678,5417
 7698,87332.359, 8.438,5417
 7699,87339.703, 7.345,5417
 7700,87347.422, 7.716,5417
 7701,87355.258, 7.842,5417
 7702,87362.750, 7.487,5417
 7703,87370.742, 7.988,5417
 7704,87378.156, 7.418,5417
 7705,87385.891, 7.737,5417
 7706,87393.789, 7.894,5417
 7707,87401.195, 7.410,5417
 7708,87409.789, 8.590,5417
 7709,87417.273, 7.489,5417
 7710,87425.000, 7.720,5417
 7711,87432.523, 7.526,5417
 7712,87440.289, 7.775,5417
 7713,87448.422, 8.120,5417
 7714,87455.875, 7.458,5417
 7715,87463.727, 7.850,5417
 7716,87471.766, 8.040,5417
 7717,87479.414, 7.646,5417
 7718,87487.172, 7.763,5417
 7719,87495.031, 7.852,5417
 7720,87502.523, 7.499,5417
 7721,87510.414, 7.888,5417
 7722,87517.977, 7.566,5417
 7723,87526.125, 8.147,5417
 7724,87533.664, 7.532,5417
 7725,87541.641, 7.986,5417
 7726,87549.047, 7.397,5417
 7727,87557.125, 8.085,5417
 7728,87565.297, 8.172,5417
 7729,87572.625, 7.327,5417
 7730,87580.523, 7.898,5417
 7731,87588.156, 7.635,5417
 7732,87596.172, 8.014,5417
 7733,87603.766, 7.597,5417
 7734,87611.492, 7.721,5417
 7735,87619.297, 7.815,5417
 7736,87627.758, 8.454,5417
 7737,87635.734, 7.973,5417
 7738,87642.852, 7.119,5417
 7739,87650.664, 7.807,5417
 7740,87659.344, 8.685,5417
 7741,87667.344, 7.995,5417
 7742,87675.188, 7.851,5417
 7743,87683.320, 8.138,5417
 7744,87691.023, 7.693,5417
 7745,87699.836, 8.820,5417
 7746,87707.352, 7.508,5417
 7747,87714.609, 7.268,5417
 7748,87722.648, 8.040,5417
 7749,87730.930, 8.280,5417
 7750,87738.344, 7.404,5417
 7751,87745.570, 7.234,5417
 7752,87754.125, 8.550,5417
 7753,87761.773, 7.650,5417
 7754,87769.227, 7.458,5417
 7755,87777.125, 7.891,5417
 7756,87784.875, 7.756,5417
 7757,87792.828, 7.948,5417
 7758,87800.500, 7.670,5417
 7759,87808.391, 7.890,5417
 7760,87816.070, 7.681,5417
 7761,87823.734, 7.664,5417
 7762,87831.492, 7.764,5417
 7763,87839.523, 8.033,5417
 7764,87847.359, 7.829,5417
 7765,87854.820, 7.460,5417
 7766,87863.141, 8.324,5417
 7767,87870.508, 7.369,5417
 7768,87878.305, 7.802,5417
 7769,87886.180, 7.870,5417
 7770,87894.383, 8.195,5417
 7771,87901.586, 7.210,5417
 7772,87909.414, 7.822,5417
 7773,87917.133, 7.723,5417
 7774,87925.297, 8.167,5417
 7775,87932.984, 7.687,5417
 7776,87941.148, 8.160,5417
 7777,87949.297, 8.157,5417
 7778,87956.836, 7.529,5417
 7779,87964.305, 7.474,5417
 7780,87972.164, 7.855,5417
 7781,87979.961, 7.806,5417
 7782,87987.547, 7.583,5417
 7783,87995.523, 7.970,5417
 7784,88003.297, 7.779,5417
 7785,88011.016, 7.715,5417
 7786,88018.773, 7.760,5417
 7787,88027.148, 8.376,5417
 7788,88034.477, 7.326,5417
 7789,88042.078, 7.597,5417
 7790,88050.227, 8.152,5417
 7791,88057.727, 7.501,5417
 7792,88066.266, 8.539,5417
 7793,88074.102, 7.832,5417
 7794,88081.234, 7.139,5417
 7795,88089.531, 8.299,5417
 7796,88097.219, 7.687,5417
 7797,88105.250, 8.027,5417
 7798,88113.688, 8.432,5417
 7799,88121.047, 7.363,5417
 7800,88128.898, 7.855,5417
 7801,88136.836, 7.940,5417
 7802,88145.203, 8.369,5417
 7803,88152.555, 7.346,5417
 7804,88160.227, 7.678,5417
 7805,88168.133, 7.896,5417
 7806,88175.797, 7.667,5417
 7807,88183.703, 7.909,5417
 7808,88191.922, 8.217,5417
 7809,88199.398, 7.475,5417
 7810,88207.672, 8.274,5417
 7811,88215.266, 7.594,5417
 7812,88222.891, 7.630,5417
 7813,88230.641, 7.750,5417
 7814,88239.016, 8.370,5417
 7815,88246.789, 7.776,5417
 7816,88254.633, 7.847,5417
 7817,88262.469, 7.827,5417
 7818,88270.500, 8.035,5417
 7819,88278.039, 7.536,5417
 7820,88286.617, 8.586,5417
 7821,88295.297, 8.675,5417
 7822,88303.461, 8.160,5417
 7823,88310.758, 7.302,5417
 7824,88319.477, 8.717,5417
 7825,88327.500, 8.025,5417
 7826,88335.844, 8.348,5417
 7827,88343.227, 7.379,5417
 7828,88351.188, 7.961,5417
 7829,88359.289, 8.107,5417
 7830,88367.977, 8.682,5417
 7831,88375.391, 7.414,5417
 7832,88382.078, 6.683,5417
 7833,88390.313, 8.240,5417
 7834,88397.867, 7.552,5417
 7835,88405.648, 7.786,5417
 7836,88413.828, 8.177,5417
 7837,88422.594, 8.766,5417
 7838,88430.539, 7.943,5417
 7839,88438.109, 7.569,5417
 7840,88446.969, 8.862,5417
 7841,88454.039, 7.070,5417
 7842,88461.500, 7.464,5417
 7843,88469.586, 8.083,5417
 7844,88477.094, 7.510,5417
 7845,88485.102, 8.003,5417
 7846,88492.961, 7.862,5417
 7847,88500.867, 7.903,5417
 7848,88509.445, 8.579,5417
 7849,88516.469, 7.021,5417
 7850,88524.469, 8.004,5417
 7851,88532.172, 7.703,5417
 7852,88540.344, 8.167,5417
 7853,88548.125, 7.786,5417
 7854,88556.031, 7.907,5417
 7855,88563.750, 7.719,5417
 7856,88572.094, 8.339,5417
 7857,88580.203, 8.118,5417
 7858,88588.125, 7.915,5417
 7859,88595.711, 7.583,5417
 7860,88603.742, 8.037,5417
 7861,88611.414, 7.674,5417
 7862,88619.414, 7.992,5417
 7863,88627.094, 7.683,5417
 7864,88634.984, 7.896,5417
 7865,88642.977, 7.993,5417
 7866,88650.883, 7.906,5417
 7867,88658.969, 8.084,5417
 7868,88666.430, 7.461,5417
 7869,88675.266, 8.840,5417
 7870,88683.297, 8.031,5417
 7871,88690.625, 7.326,5417
 7872,88698.594, 7.964,5417
 7873,88706.250, 7.662,5417
 7874,88714.063, 7.803,5417
 7875,88722.086, 8.024,5417
 7876,88729.867, 7.785,5417
 7877,88737.703, 7.836,5417
 7878,88745.727, 8.020,5417
 7879,88753.445, 7.719,5417
 7880,88761.383, 7.943,5417
 7881,88769.141, 7.755,5417
 7882,88777.039, 7.896,5417
 7883,88785.148, 8.111,5417
 7884,88792.727, 7.576,5417
 7885,88800.969, 8.251,5417
 7886,88808.750, 7.777,5417
 7887,88816.867, 8.119,5417
 7888,88825.172, 8.299,5417
 7889,88832.602, 7.435,5417
 7890,88841.227, 8.626,5417
 7891,88849.000, 7.763,5417
 7892,88857.234, 8.245,5417
 7893,88865.258, 8.023,5417
 7894,88873.133, 7.875,5417
 7895,88880.867, 7.736,5417
 7896,88888.742, 7.866,5417
 7897,88896.406, 7.664,5417
 7898,88904.664, 8.258,5417
 7899,88912.281, 7.623,5417
 7900,88920.211, 7.931,5417
 7901,88928.008, 7.789,5417
 7902,88935.703, 7.697,5417
 7903,88943.828, 8.129,5417
 7904,88951.938, 8.116,5417
 7905,88960.000, 8.055,5417
 7906,88967.969, 7.977,5417
 7907,88975.578, 7.602,5417
 7908,88983.734, 8.150,5417
 7909,88991.703, 7.974,5417
 7910,88999.602, 7.905,5417
 7911,89008.258, 8.650,5417
 7912,89015.688, 7.430,5417
 7913,89023.117, 7.430,5417
 7914,89031.078, 7.957,5417
 7915,89039.508, 8.434,5417
 7916,89047.195, 7.687,5417
 7917,89055.258, 8.065,5417
 7918,89063.734, 8.475,5417
 7919,89071.188, 7.457,5417
 7920,89079.070, 7.877,5417
 7921,89086.602, 7.536,5417
 7922,89094.742, 8.132,5417
 7923,89102.867, 8.129,5417
 7924,89110.594, 7.734,5417
 7925,89118.469, 7.872,5417
 7926,89126.484, 8.009,5417
 7927,89134.555, 8.077,5417
 7928,89142.273, 7.715,5417
 7929,89150.313, 8.044,5417
 7930,89158.438, 8.120,5417
 7931,89165.969, 7.532,5417
 7932,89174.258, 8.292,5417
 7933,89182.727, 8.462,5417
 7934,89190.219, 7.499,5417
 7935,89197.930, 7.713,5417
 7936,89206.258, 8.323,5417
 7937,89214.133, 7.878,5417
 7938,89222.016, 7.878,5417
 7939,89230.094, 8.078,5417
 7940,89237.797, 7.707,5417
 7941,89245.336, 7.536,5417
 7942,89254.172, 8.836,5417
 7943,89261.156, 6.989,5417
 7944,89269.430, 8.268,5417
 7945,89276.898, 7.474,5417
 7946,89284.813, 7.909,5417
 7947,89292.773, 7.961,5417
 7948,89300.742, 7.966,5417
 7949,89308.742, 7.998,5417
 7950,89316.375, 7.634,5417
 7951,89324.359, 7.989,5417
 7952,89332.047, 7.686,5417
 7953,89340.766, 8.716,5417
 7954,89348.523, 7.761,5417
 7955,89356.344, 7.820,5417
 7956,89364.250, 7.907,5417
 7957,89372.148, 7.901,5417
 7958,89380.195, 8.047,5417
 7959,89388.141, 7.944,5417
 7960,89395.977, 7.838,5417
 7961,89403.797, 7.816,5417
 7962,89411.805, 8.008,5417
 7963,89420.102, 8.300,5417
 7964,89427.844, 7.744,5417
 7965,89435.453, 7.605,5417
 7966,89443.172, 7.720,5417
 7967,89451.094, 7.919,5417
 7968,89459.227, 8.135,5417
 7969,89467.094, 7.867,5417
 7970,89475.977, 8.890,5417
 7971,89484.227, 8.248,5417
 7972,89492.016, 7.780,5417
 7973,89500.070, 8.060,5417
 7974,89508.203, 8.136,5417
 7975,89516.211, 8.002,5417
 7976,89523.922, 7.714,5417
 7977,89531.828, 7.908,5417
 7978,89539.719, 7.889,5417
 7979,89547.742, 8.021,5417
 7980,89555.398, 7.653,5417
 7981,89563.484, 8.090,5417
 7982,89571.336, 7.847,5417
 7983,89579.430, 8.097,5417
 7984,89587.688, 8.252,5417
 7985,89595.367, 7.685,5417
 7986,89602.977, 7.613,5417
 7987,89610.922, 7.945,5417
 7988,89619.648, 8.729,5417
 7989,89627.234, 7.584,5417
 7990,89635.477, 8.238,5417
 7991,89643.289, 7.815,5417
 7992,89651.070, 7.780,5417
 7993,89658.586, 7.521,5417
 7994,89666.695, 8.104,5417
 7995,89674.453, 7.761,5417
 7996,89682.297, 7.848,5417
 7997,89690.203, 7.902,5417
 7998,89698.484, 8.275,5417
 7999,89706.219, 7.737,5417
 8000,89714.273, 8.059,5417
 8001,89722.875, 8.601,5417
 8002,89731.328, 8.445,5417
 8003,89739.008, 7.681,5417
 8004,89746.250, 7.250,5417
 8005,89754.250, 7.999,5417
 8006,89762.820, 8.570,5417
 8007,89770.570, 7.748,5417
 8008,89778.609, 8.040,5417
 8009,89786.313, 7.706,5417
 8010,89793.969, 7.655,5417
 8011,89801.953, 7.987,5417
 8012,89809.430, 7.470,5417
 8013,89817.336, 7.907,5417
 8014,89825.086, 7.746,5417
 8015,89832.898, 7.815,5417
 8016,89841.102, 8.204,5417
 8017,89848.945, 7.849,5417
 8018,89856.875, 7.924,5417
 8019,89864.297, 7.430,5417
 8020,89872.727, 8.424,5417
 8021,89880.234, 7.506,5417
 8022,89888.367, 8.129,5417
 8023,89896.141, 7.781,5417
 8024,89903.945, 7.806,5417
 8025,89912.211, 8.266,5417
 8026,89919.672, 7.450,5417
 8027,89927.750, 8.082,5417
 8028,89935.734, 7.986,5417
 8029,89943.703, 7.965,5417
 8030,89951.508, 7.810,5417
 8031,89959.266, 7.761,5417
 8032,89967.547, 8.279,5417
 8033,89975.008, 7.459,5417
 8034,89983.500, 8.493,5417
 8035,89990.719, 7.215,5417
 8036,89999.023, 8.306,5417
 8037,90007.039, 8.015,5417
 8038,90015.016, 7.972,5417
 8039,90022.531, 7.525,5417
 8040,90030.563, 8.028,5417
 8041,90038.336, 7.774,5417
 8042,90046.461, 8.127,5417
 8043,90053.953, 7.493,5417
 8044,90061.961, 8.012,5417
 8045,90069.891, 7.928,5417
 8046,90078.398, 8.502,5417
 8047,90085.813, 7.411,5417
 8048,90093.523, 7.720,5417
 8049,90101.727, 8.194,5417
 8050,90109.484, 7.759,5417
 8051,90117.328, 7.841,5417
 8052,90125.180, 7.859,5417
 8053,90132.977, 7.802,5417
 8054,90141.063, 8.080,5417
 8055,90148.977, 7.919,5417
 8056,90156.977, 7.997,5417
 8057,90164.617, 7.639,5417
 8058,90172.664, 8.045,5417
 8059,90180.359, 7.690,5417
 8060,90188.414, 8.058,5417
 8061,90196.234, 7.827,5417
 8062,90203.945, 7.713,5417
 8063,90211.797, 7.847,5417
 8064,90220.344, 8.543,5417
 8065,90228.086, 7.747,5417
 8066,90237.125, 9.036,5417
 8067,90244.930, 7.807,5417
 8068,90253.414, 8.480,5417
 8069,90261.391, 7.976,5417
 8070,90269.516, 8.127,5417
 8071,90276.453, 6.941,5417
 8072,90284.469, 8.017,5417
 8073,90292.359, 7.887,5417
 8074,90300.398, 8.034,5417
 8075,90308.047, 7.654,5417
 8076,90316.055, 8.003,5417
 8077,90323.977, 7.933,5417
 8078,90331.875, 7.893,5417
 8079,90339.922, 8.052,5417
 8080,90347.969, 8.047,5417
 8081,90355.750, 7.773,5417
 8082,90363.359, 7.605,5417
 8083,90371.297, 7.950,5417
 8084,90379.102, 7.798,5417
 8085,90386.727, 7.625,5417
 8086,90394.703, 7.974,5417
 8087,90402.609, 7.910,5417
 8088,90410.383, 7.772,5417
 8089,90418.578, 8.196,5417
 8090,90426.328, 7.748,5417
 8091,90434.766, 8.437,5417
 8092,90443.117, 8.354,5417
 8093,90450.883, 7.765,5417
 8094,90458.008, 7.118,5417
 8095,90466.164, 8.165,5417
 8096,90473.766, 7.602,5417
 8097,90481.617, 7.854,5417
 8098,90489.617, 8.002,5417
 8099,90497.125, 7.504,5417
 8100,90505.398, 8.269,5417
 8101,90512.953, 7.559,5417
 8102,90521.148, 8.190,5417
 8103,90528.750, 7.605,5417
 8104,90536.484, 7.731,5417
 8105,90544.328, 7.841,5417
 8106,90552.727, 8.398,5417
 8107,90560.508, 7.788,5417
 8108,90568.461, 7.954,5417
 8109,90576.289, 7.827,5417
 8110,90584.117, 7.826,5417
 8111,90591.961, 7.852,5417
 8112,90600.039, 8.068,5417
 8113,90607.742, 7.703,5417
 8114,90615.891, 8.153,5417
 8115,90623.461, 7.565,5417
 8116,90631.344, 7.886,5417
 8117,90639.188, 7.842,5417
 8118,90648.070, 8.882,5417
 8119,90655.438, 7.372,5417
 8120,90663.828, 8.386,5417
 8121,90671.273, 7.453,5417
 8122,90680.141, 8.861,5417
 8123,90687.672, 7.526,5417
 8124,90695.328, 7.658,5417
 8125,90703.313, 7.990,5417
 8126,90711.617, 8.307,5417
 8127,90719.477, 7.861,5417
 8128,90728.898, 9.422,5417
 8129,90737.063, 8.154,5417
 8130,90744.102, 7.041,5417
 8131,90751.109, 7.008,5417
 8132,90759.398, 8.291,5417
 8133,90766.906, 7.515,5417
 8134,90775.250, 8.342,5417
 8135,90783.773, 8.516,5417
 8136,90790.930, 7.165,5417
 8137,90798.539, 7.609,5417
 8138,90806.719, 8.173,5417
 8139,90814.516, 7.796,5417
 8140,90822.867, 8.356,5417
 8141,90830.734, 7.865,5417
 8142,90840.352, 9.612,5417
 8143,90847.445, 7.098,5417
 8144,90854.422, 6.973,5417
 8145,90862.359, 7.940,5417
 8146,90870.047, 7.686,5417
 8147,90877.836, 7.797,5417
 8148,90885.859, 8.024,5417
 8149,90894.125, 8.259,5417
 8150,90901.711, 7.586,5417
 8151,90909.391, 7.679,5417
 8152,90917.297, 7.913,5417
 8153,90925.266, 7.967,5417
 8154,90933.047, 7.773,5417
 8155,90940.836, 7.795,5417
 8156,90948.945, 8.112,5417
 8157,90956.977, 8.032,5417
 8158,90964.508, 7.527,5417
 8159,90972.359, 7.851,5417
 8160,90980.086, 7.730,5417
 8161,90987.867, 7.780,5417
 8162,90996.578, 8.714,5417
 8163,91003.766, 7.182,5417
 8164,91011.500, 7.740,5417
 8165,91020.039, 8.535,5417
 8166,91028.383, 8.341,5417
 8167,91036.375, 7.990,5417
 8168,91044.242, 7.872,5417
 8169,91052.156, 7.914,5417
 8170,91060.000, 7.844,5417
 8171,91068.172, 8.171,5417
 8172,91075.930, 7.764,5417
 8173,91086.203,10.273,5417
 8174,91094.078, 7.872,5417
 8175,91101.156, 7.078,5417
 8176,91107.500, 6.345,5417
 8177,91115.961, 8.459,5417
 8178,91124.367, 8.405,5417
 8179,91131.633, 7.269,5417
 8180,91139.758, 8.124,5417
 8181,91147.672, 7.908,5417
 8182,91155.297, 7.636,5417
 8183,91163.383, 8.077,5417
 8184,91171.063, 7.680,5417
 8185,91178.867, 7.811,5417
 8186,91186.977, 8.110,5417
 8187,91195.023, 8.037,5417
 8188,91203.070, 8.052,5417
 8189,91210.742, 7.668,5417
 8190,91219.570, 8.831,5417
 8191,91226.930, 7.363,5417
 8192,91234.742, 7.812,5417
 8193,91242.281, 7.542,5417
 8194,91250.211, 7.927,5417
 8195,91258.055, 7.837,5417
 8196,91265.977, 7.927,5417
 8197,91273.836, 7.857,5417
 8198,91281.727, 7.892,5417
 8199,91289.383, 7.657,5417
 8200,91297.406, 8.019,5417
 8201,91305.172, 7.766,5417
 8202,91313.875, 8.712,5417
 8203,91320.961, 7.082,5417
 8204,91328.789, 7.823,5417
 8205,91336.625, 7.844,5417
 8206,91344.758, 8.128,5417
 8207,91352.391, 7.632,5417
 8208,91360.453, 8.065,5417
 8209,91368.070, 7.613,5417
 8210,91376.289, 8.221,5417
 8211,91384.000, 7.709,5417
 8212,91392.391, 8.388,5417
 8213,91399.477, 7.087,5417
 8214,91407.719, 8.241,5417
 8215,91415.328, 7.614,5417
 8216,91423.328, 7.995,5417
 8217,91431.641, 8.325,5417
 8218,91439.797, 8.151,5417
 8219,91446.703, 6.902,5417
 8220,91454.344, 7.644,5417
 8221,91462.195, 7.850,5417
 8222,91469.898, 7.703,5417
 8223,91477.844, 7.943,5417
 8224,91485.609, 7.775,5417
 8225,91494.227, 8.609,5417
 8226,91501.555, 7.332,5417
 8227,91509.438, 7.882,5417
 8228,91516.969, 7.537,5417
 8229,91524.508, 7.535,5417
 8230,91532.578, 8.066,5417
 8231,91540.250, 7.676,5417
 8232,91547.992, 7.736,5417
 8233,91556.641, 8.659,5417
 8234,91564.023, 7.374,5417
 8235,91571.719, 7.695,5417
 8236,91579.445, 7.729,5417
 8237,91587.766, 8.319,5417
 8238,91595.141, 7.376,5417
 8239,91602.797, 7.659,5417
 8240,91610.578, 7.783,5417
 8241,91618.500, 7.916,5417
 8242,91626.406, 7.902,5417
 8243,91634.008, 7.608,5417
 8244,91642.016, 8.004,5417
 8245,91650.258, 8.244,5417
 8246,91657.367, 7.110,5417
 8247,91665.203, 7.838,5417
 8248,91673.477, 8.270,5417
 8249,91681.156, 7.685,5417
 8250,91688.563, 7.405,5417
 8251,91696.531, 7.968,5417
 8252,91704.125, 7.593,5417
 8253,91712.242, 8.116,5417
 8254,91719.922, 7.679,5417
 8255,91727.930, 8.015,5417
 8256,91735.914, 7.984,5417
 8257,91743.164, 7.247,5417
 8258,91751.930, 8.767,5417
 8259,91759.711, 7.776,5417
 8260,91767.297, 7.590,5417
 8261,91775.070, 7.768,5417
 8262,91782.945, 7.881,5417
 8263,91790.820, 7.872,5417
 8264,91799.141, 8.318,5417
 8265,91807.711, 8.568,5417
 8266,91815.414, 7.702,5417
 8267,91823.008, 7.597,5417
 8268,91830.844, 7.842,5417
 8269,91838.820, 7.974,5417
 8270,91846.469, 7.644,5417
 8271,91854.453, 7.984,5417
 8272,91862.031, 7.580,5417
 8273,91870.242, 8.213,5417
 8274,91878.281, 8.042,5417
 8275,91885.594, 7.311,5417
 8276,91893.508, 7.912,5417
 8277,91900.992, 7.483,5417
 8278,91909.563, 8.572,5417
 8279,91917.492, 7.932,5417
 8280,91925.016, 7.517,5417
 8281,91933.008, 7.991,5417
 8282,91941.539, 8.538,5417
 8283,91948.953, 7.417,5417
 8284,91957.281, 8.323,5417
 8285,91965.336, 8.053,5417
 8286,91972.914, 7.583,5417
 8287,91980.633, 7.717,5417
 8288,91988.500, 7.870,5417
 8289,91996.641, 8.142,5417
 8290,92004.227, 7.584,5417
 8291,92012.063, 7.832,5417
 8292,92021.633, 9.572,5417
 8293,92027.930, 6.300,5417
 8294,92035.523, 7.591,5417
 8295,92043.586, 8.060,5417
 8296,92051.750, 8.161,5417
 8297,92058.836, 7.093,5417
 8298,92066.766, 7.925,5417
 8299,92074.516, 7.756,5417
 8300,92081.953, 7.438,5417
 8301,92089.852, 7.894,5417
 8302,92097.531, 7.678,5417
 8303,92105.492, 7.966,5417
 8304,92113.383, 7.888,5417
 8305,92121.055, 7.672,5417
 8306,92128.930, 7.880,5417
 8307,92136.688, 7.751,5417
 8308,92144.695, 8.005,5417
 8309,92152.688, 7.996,5417
 8310,92160.836, 8.146,5417
 8311,92168.047, 7.211,5417
 8312,92176.125, 8.078,5417
 8313,92183.727, 7.605,5417
 8314,92191.492, 7.769,5417
 8315,92199.352, 7.853,5417
 8316,92207.195, 7.845,5417
 8317,92215.602, 8.409,5417
 8318,92223.195, 7.593,5417
 8319,92230.875, 7.680,5417
 8320,92238.883, 8.005,5417
 8321,92246.453, 7.573,5417
 8322,92254.063, 7.604,5417
 8323,92262.914, 8.857,5417
 8324,92270.523, 7.609,5417
 8325,92278.063, 7.537,5417
 8326,92285.164, 7.105,5417
 8327,92292.930, 7.767,5417
 8328,92301.109, 8.178,5417
 8329,92308.469, 7.359,5417
 8330,92316.781, 8.310,5417
 8331,92324.156, 7.373,5417
 8332,92332.008, 7.847,5417
 8333,92340.328, 8.323,5417
 8334,92348.172, 7.848,5417
 8335,92355.859, 7.688,5417
 8336,92363.797, 7.939,5417
 8337,92371.031, 7.228,5417
 8338,92379.266, 8.245,5417
 8339,92387.008, 7.735,5417
 8340,92395.164, 8.155,5417
 8341,92402.469, 7.303,5417
 8342,92410.242, 7.778,5417
 8343,92417.922, 7.682,5417
 8344,92425.805, 7.881,5417
 8345,92433.969, 8.163,5417
 8346,92441.938, 7.976,5417
 8347,92449.563, 7.617,5417
 8348,92458.727, 9.159,5417
 8349,92465.641, 6.921,5417
 8350,92473.250, 7.614,5417
 8351,92481.203, 7.948,5417
 8352,92488.742, 7.541,5417
 8353,92496.477, 7.734,5417
 8354,92504.641, 8.166,5417
 8355,92512.195, 7.550,5417
 8356,92520.820, 8.628,5417
 8357,92528.875, 8.054,5417
 8358,92536.617, 7.743,5417
 8359,92544.406, 7.787,5417
 8360,92552.211, 7.808,5417
 8361,92560.094, 7.880,5417
 8362,92568.094, 8.000,5417
 8363,92575.922, 7.830,5417
 8364,92583.773, 7.848,5417
 8365,92591.992, 8.212,5417
 8366,92599.414, 7.429,5417
 8367,92607.805, 8.389,5417
 8368,92615.477, 7.673,5417
 8369,92623.461, 7.986,5417
 8370,92631.172, 7.710,5417
 8371,92639.008, 7.830,5417
 8372,92649.148,10.145,5417
 8373,92657.578, 8.433,5417
 8374,92664.734, 7.156,5417
 8375,92671.250, 6.515,5417
 8376,92679.445, 8.190,5417
 8377,92686.469, 7.027,5417
 8378,92694.008, 7.538,5417
 8379,92701.891, 7.890,5417
 8380,92709.484, 7.586,5417
 8381,92718.383, 8.899,5417
 8382,92725.750, 7.370,5417
 8383,92733.617, 7.868,5417
 8384,92741.664, 8.042,5417
 8385,92749.133, 7.474,5417
 8386,92757.336, 8.202,5417
 8387,92765.469, 8.129,5417
 8388,92772.563, 7.102,5417
 8389,92781.047, 8.476,5417
 8390,92788.852, 7.812,5417
 8391,92797.586, 8.731,5417
 8392,92804.953, 7.370,5417
 8393,92812.914, 7.958,5417
 8394,92820.695, 7.781,5417
 8395,92828.297, 7.603,5417
 8396,92837.047, 8.742,5417
 8397,92843.828, 6.791,5417
 8398,92851.828, 7.998,5417
 8399,92859.742, 7.908,5417
 8400,92867.523, 7.783,5417
 8401,92875.328, 7.807,5417
 8402,92883.414, 8.086,5417
 8403,92891.750, 8.335,5417
 8404,92899.375, 7.623,5417
 8405,92907.273, 7.903,5417
 8406,92915.148, 7.872,5417
 8407,92922.914, 7.766,5417
 8408,92930.867, 7.953,5417
 8409,92939.203, 8.343,5417
 8410,92946.711, 7.496,5417
 8411,92955.320, 8.610,5417
 8412,92963.250, 7.935,5417
 8413,92970.953, 7.706,5417
 8414,92979.016, 8.055,5417
 8415,92987.094, 8.083,5417
 8416,92995.250, 8.161,5417
 8417,93003.031, 7.770,5417
 8418,93011.180, 8.158,5417
 8419,93018.414, 7.228,5417
 8420,93026.297, 7.892,5417
 8421,93034.758, 8.456,5417
 8422,93042.383, 7.623,5417
 8423,93050.453, 8.069,5417
 8424,93058.188, 7.738,5417
 8425,93066.195, 8.011,5417
 8426,93074.320, 8.116,5417
 8427,93081.930, 7.615,5417
 8428,93090.094, 8.163,5417
 8429,93098.258, 8.167,5417
 8430,93106.578, 8.324,5417
 8431,93114.945, 8.366,5417
 8432,93122.055, 7.106,5417
 8433,93129.961, 7.905,5417
 8434,93138.578, 8.623,5417
 8435,93145.906, 7.328,5417
 8436,93153.844, 7.928,5417
 8437,93162.016, 8.169,5417
 8438,93170.227, 8.223,5417
 8439,93177.352, 7.115,5417
 8440,93185.328, 7.980,5417
 8441,93193.234, 7.906,5417
 8442,93201.234, 8.007,5417
 8443,93209.172, 7.933,5417
 8444,93217.156, 7.983,5417
 8445,93225.320, 8.159,5417
 8446,93233.352, 8.030,5417
 8447,93241.250, 7.908,5417
 8448,93249.500, 8.250,5417
 8449,93257.461, 7.958,5417
 8450,93264.781, 7.322,5417
 8451,93272.602, 7.821,5417
 8452,93281.352, 8.741,5417
 8453,93288.484, 7.139,5417
 8454,93296.289, 7.809,5417
 8455,93304.422, 8.124,5417
 8456,93312.539, 8.120,5417
 8457,93320.727, 8.188,5417
 8458,93328.953, 8.230,5417
 8459,93336.859, 7.904,5417
 8460,93344.992, 8.127,5417
 8461,93352.938, 7.953,5417
 8462,93360.938, 7.998,5417
 8463,93369.203, 8.268,5417
 8464,93376.852, 7.651,5417
 8465,93384.938, 8.086,5417
 8466,93392.703, 7.759,5417
 8467,93400.656, 7.954,5417
 8468,93408.859, 8.208,5417
 8469,93417.164, 8.299,5417
 8470,93424.836, 7.670,5417
 8471,93432.664, 7.825,5417
 8472,93440.375, 7.717,5417
 8473,93448.320, 7.940,5417
 8474,93456.625, 8.317,5417
 8475,93464.383, 7.748,5417
 8476,93472.258, 7.877,5417
 8477,93479.992, 7.733,5417
 8478,93488.172, 8.181,5417
 8479,93496.063, 7.887,5417
 8480,93504.125, 8.069,5417
 8481,93512.406, 8.276,5417
 8482,93519.891, 7.486,5417
 8483,93528.023, 8.131,5417
 8484,93536.141, 8.124,5417
 8485,93544.117, 7.975,5417
 8486,93552.250, 8.133,5417
 8487,93559.969, 7.717,5417
 8488,93567.922, 7.958,5417
 8489,93575.742, 7.817,5417
 8490,93583.711, 7.965,5417
 8491,93591.797, 8.089,5417
 8492,93599.703, 7.901,5417
 8493,93607.734, 8.031,5417
 8494,93615.531, 7.800,5417
 8495,93623.680, 8.150,5417
 8496,93631.672, 7.991,5417
 8497,93639.781, 8.112,5417
 8498,93648.195, 8.418,5417
 8499,93655.727, 7.523,5417
 8500,93664.242, 8.519,5417
 8501,93671.828, 7.587,5417
 8502,93679.844, 8.014,5417
 8503,93687.711, 7.866,5417
 8504,93695.703, 7.993,5417
 8505,93703.789, 8.088,5417
 8506,93711.828, 8.034,5417
 8507,93720.125, 8.303,5417
 8508,93727.914, 7.792,5417
 8509,93736.289, 8.377,5417
 8510,93744.250, 7.956,5417
 8511,93752.039, 7.784,5417
 8512,93760.000, 7.962,5417
 8513,93768.188, 8.193,5417
 8514,93776.055, 7.865,5417
 8515,93784.375, 8.312,5417
 8516,93792.664, 8.288,5417
 8517,93801.305, 8.651,5417
 8518,93809.695, 8.384,5417
 8519,93817.922, 8.231,5417
 8520,93825.227, 7.304,5417
 8521,93832.406, 7.178,5417
 8522,93840.867, 8.463,5417
 8523,93848.727, 7.857,5417
 8524,93857.250, 8.525,5417
 8525,93865.961, 8.714,5417
 8526,93873.734, 7.768,5417
 8527,93881.750, 8.020,5417
 8528,93889.383, 7.629,5417
 8529,93897.445, 8.068,5417
 8530,93905.680, 8.225,5417
 8531,93913.172, 7.502,5417
 8532,93921.320, 8.144,5417
 8533,93929.469, 8.151,5417
 8534,93937.180, 7.713,5417
 8535,93945.680, 8.495,5417
 8536,93953.344, 7.660,5417
 8537,93961.344, 7.999,5417
 8538,93969.539, 8.207,5417
 8539,93977.391, 7.844,5417
 8540,93985.250, 7.861,5417
 8541,93993.430, 8.177,5417
 8542,94001.305, 7.884,5417
 8543,94009.461, 8.150,5417
 8544,94017.438, 7.974,5417
 8545,94025.547, 8.117,5417
 8546,94033.781, 8.227,5417
 8547,94041.703, 7.924,5417
 8548,94050.641, 8.944,5417
 8549,94057.797, 7.151,5417
 8550,94065.844, 8.043,5417
 8551,94074.031, 8.188,5417
 8552,94081.938, 7.912,5417
 8553,94089.922, 7.988,5417
 8554,94098.063, 8.135,5417
 8555,94106.031, 7.965,5417
 8556,94114.234, 8.211,5417
 8557,94122.328, 8.085,5417
 8558,94130.773, 8.445,5417
 8559,94138.445, 7.676,5417
 8560,94146.617, 8.172,5417
 8561,94154.883, 8.263,5417
 8562,94162.703, 7.820,5417
 8563,94170.805, 8.102,5417
 8564,94179.836, 9.037,5417
 8565,94188.125, 8.288,5417
 8566,94195.109, 6.982,5417
 8567,94203.156, 8.051,5417
 8568,94211.109, 7.945,5417
 8569,94218.891, 7.785,5417
 8570,94227.320, 8.426,5417
 8571,94235.438, 8.123,5417
 8572,94243.531, 8.096,5417
 8573,94251.789, 8.252,5417
 8574,94260.320, 8.526,5417
 8575,94268.672, 8.358,5417
 8576,94276.461, 7.789,5417
 8577,94284.742, 8.284,5417
 8578,94292.859, 8.115,5417
 8579,94300.797, 7.940,5417
 8580,94308.742, 7.937,5417
 8581,94317.148, 8.412,5417
 8582,94325.063, 7.915,5417
 8583,94333.523, 8.461,5417
 8584,94341.797, 8.274,5417
 8585,94350.258, 8.465,5417
 8586,94357.555, 7.297,5417
 8587,94366.359, 8.796,5417
 8588,94374.258, 7.907,5417
 8589,94382.227, 7.968,5417
 8590,94390.336, 8.101,5417
 8591,94398.531, 8.197,5417
 8592,94407.141, 8.611,5417
 8593,94415.016, 7.872,5417
 8594,94422.875, 7.865,5417
 8595,94431.836, 8.956,5417
 8596,94439.664, 7.824,5417
 8597,94447.484, 7.824,5417
 8598,94455.445, 7.963,5417
 8599,94463.297, 7.853,5417
 8600,94472.109, 8.812,5417
 8601,94481.227, 9.119,5417
 8602,94489.211, 7.984,5417
 8603,94497.438, 8.222,5417
 8604,94506.141, 8.709,5417
 8605,94514.484, 8.339,5417
 8606,94522.039, 7.556,5417
 8607,94530.367, 8.328,5417
 8608,94538.789, 8.423,5417
 8609,94546.625, 7.836,5417
 8610,94555.086, 8.456,5417
 8611,94563.813, 8.731,5417
 8612,94571.570, 7.762,5417
 8613,94579.367, 7.791,5417
 8614,94587.453, 8.085,5417
 8615,94595.484, 8.031,5417
 8616,94603.719, 8.233,5417
 8617,94611.688, 7.972,5417
 8618,94619.961, 8.275,5417
 8619,94628.266, 8.308,5417
 8620,94636.117, 7.848,5417
 8621,94644.344, 8.219,5417
 8622,94652.375, 8.037,5417
 8623,94660.391, 8.015,5417
 8624,94668.563, 8.176,5417
 8625,94677.211, 8.646,5417
 8626,94685.258, 8.050,5417
 8627,94693.359, 8.099,5417
 8628,94701.406, 8.043,5417
 8629,94709.375, 7.968,5417
 8630,94717.508, 8.135,5417
 8631,94726.664, 9.151,5417
 8632,94734.391, 7.736,5417
 8633,94742.422, 8.027,5417
 8634,94750.859, 8.438,5417
 8635,94758.711, 7.847,5417
 8636,94767.523, 8.816,5417
 8637,94774.945, 7.431,5417
 8638,94784.117, 9.161,5417
 8639,94791.570, 7.461,5417
 8640,94799.719, 8.143,5417
 8641,94807.680, 7.958,5417
 8642,94815.867, 8.192,5417
 8643,94824.305, 8.443,5417
 8644,94832.172, 7.864,5417
 8645,94840.391, 8.217,5417
 8646,94848.539, 8.152,5417
 8647,94857.047, 8.505,5417
 8648,94865.539, 8.497,5417
 8649,94873.680, 8.133,5417
 8650,94881.688, 8.009,5417
 8651,94889.945, 8.260,5417
 8652,94898.203, 8.257,5417
 8653,94906.391, 8.185,5417
 8654,94914.594, 8.209,5417
 8655,94923.156, 8.562,5417
 8656,94930.891, 7.731,5417
 8657,94939.273, 8.387,5417
 8658,94948.070, 8.795,5417
 8659,94955.695, 7.623,5417
 8660,94963.406, 7.707,5417
 8661,94971.539, 8.135,5417
 8662,94979.758, 8.222,5417
 8663,94988.164, 8.408,5417
 8664,94996.867, 8.698,5417
 8665,95004.516, 7.648,5417
 8666,95012.664, 8.149,5417
 8667,95020.984, 8.315,5417
 8668,95029.453, 8.474,5417
 8669,95037.969, 8.523,5417
 8670,95045.461, 7.489,5417
 8671,95053.766, 8.302,5417
 8672,95062.109, 8.345,5417
 8673,95070.578, 8.470,5417
 8674,95078.719, 8.134,5417
 8675,95086.875, 8.164,5417
 8676,95095.102, 8.224,5417
 8677,95103.680, 8.571,5417
 8678,95111.555, 7.880,5417
 8679,95119.664, 8.104,5417
 8680,95128.414, 8.758,5417
 8681,95136.438, 8.020,5417
 8682,95144.719, 8.283,5417
 8683,95152.945, 8.232,5417
 8684,95161.422, 8.470,5417
 8685,95169.516, 8.099,5417
 8686,95177.602, 8.081,5417
 8687,95185.609, 8.013,5417
 8688,95194.406, 8.789,5417
 8689,95202.875, 8.474,5417
 8690,95210.695, 7.813,5417
 8691,95218.594, 7.908,5417
 8692,95226.742, 8.144,5417
 8693,95234.883, 8.141,5417
 8694,95242.836, 7.958,5417
 8695,95251.328, 8.483,5417
 8696,95259.078, 7.753,5417
 8697,95267.719, 8.641,5417
 8698,95277.195, 9.478,5417
 8699,95284.664, 7.466,5417
 8700,95292.898, 8.235,5417
 8701,95301.664, 8.767,5417
 8702,95310.141, 8.480,5417
 8703,95318.383, 8.234,5417
 8704,95326.602, 8.229,5417
 8705,95335.031, 8.424,5417
 8706,95343.148, 8.117,5417
 8707,95350.773, 7.629,5417
 8708,95358.711, 7.929,5417
 8709,95366.984, 8.271,5417
 8710,95375.875, 8.896,5417
 8711,95383.859, 7.987,5417
 8712,95392.328, 8.466,5417
 8713,95401.789, 9.465,5417
 8714,95409.336, 7.542,5417
 8715,95417.703, 8.372,5417
 8716,95425.648, 7.937,5417
 8717,95433.797, 8.153,5417
 8718,95442.094, 8.296,5417
 8719,95450.242, 8.157,5417
 8720,95457.938, 7.697,5417
 8721,95466.227, 8.287,5417
 8722,95474.742, 8.512,5417
 8723,95483.016, 8.267,5417
 8724,95491.969, 8.965,5417
 8725,95499.594, 7.623,5417
 8726,95507.711, 8.110,5417
 8727,95515.828, 8.123,5417
 8728,95526.039,10.208,5417
 8729,95533.703, 7.661,5417
 8730,95541.516, 7.818,5417
 8731,95549.242, 7.723,5417
 8732,95557.164, 7.924,5417
 8733,95565.195, 8.032,5417
 8734,95573.375, 8.176,5417
 8735,95581.617, 8.245,5417
 8736,95589.758, 8.141,5417
 8737,95598.055, 8.296,5417
 8738,95606.703, 8.648,5417
 8739,95614.547, 7.846,5417
 8740,95622.750, 8.198,5417
 8741,95631.547, 8.798,5417
 8742,95639.281, 7.736,5417
 8743,95647.945, 8.669,5417
 8744,95656.078, 8.129,5417
 8745,95664.344, 8.257,5417
 8746,95672.906, 8.572,5417
 8747,95680.711, 7.803,5417
 8748,95689.422, 8.708,5417
 8749,95697.594, 8.175,5417
 8750,95705.656, 8.060,5417
 8751,95714.547, 8.893,5417
 8752,95722.758, 8.210,5417
 8753,95731.203, 8.447,5417
 8754,95738.906, 7.703,5417
 8755,95747.422, 8.514,5417
 8756,95755.883, 8.460,5417
 8757,95765.016, 9.134,5417
 8758,95772.563, 7.546,5417
 8759,95780.242, 7.679,5417
 8760,95788.195, 7.955,5417
 8761,95797.000, 8.800,5417
 8762,95805.141, 8.143,5417
 8763,95812.906, 7.773,5417
 8764,95821.555, 8.642,5417
 8765,95830.039, 8.480,5417
 8766,95838.414, 8.382,5417
 8767,95846.719, 8.298,5417
 8768,95854.805, 8.087,5417
 8769,95863.242, 8.444,5417
 8770,95871.273, 8.029,5417
 8771,95880.750, 9.474,5417
 8772,95888.445, 7.698,5417
 8773,95896.539, 8.097,5417
 8774,95905.281, 8.738,5417
 8775,95913.141, 7.860,5417
 8776,95921.438, 8.299,5417
 8777,95929.789, 8.350,5417
 8778,95937.945, 8.159,5417
 8779,95946.719, 8.768,5417
 8780,95954.555, 7.841,5417
 8781,95963.352, 8.788,5417
 8782,95971.633, 8.287,5417
 8783,95979.984, 8.349,5417
 8784,95988.250, 8.272,5417
 8785,95996.750, 8.495,5417
 8786,96004.391, 7.640,5417
 8787,96013.000, 8.610,5417
 8788,96021.367, 8.365,5417
 8789,96029.500, 8.138,5417
 8790,96037.844, 8.345,5417
 8791,96046.008, 8.161,5417
 8792,96054.586, 8.582,5417
 8793,96063.961, 9.377,5417
 8794,96071.813, 7.849,5417
 8795,96079.859, 8.044,5417
 8796,96088.086, 8.223,5417
 8797,96095.906, 7.828,5417
 8798,96105.094, 9.184,5417
 8799,96113.906, 8.814,5417
 8800,96121.336, 7.425,5417
 8801,96129.656, 8.322,5417
 8802,96137.883, 8.229,5417
 8803,96146.305, 8.424,5417
 8804,96155.438, 9.127,5417
 8805,96163.063, 7.623,5417
 8806,96171.172, 8.117,5417
 8807,96179.961, 8.791,5417
 8808,96188.391, 8.419,5417
 8809,96196.445, 8.057,5417
 8810,96204.492, 8.047,5417
 8811,96212.781, 8.290,5417
 8812,96221.734, 8.951,5417
 8813,96230.109, 8.380,5417
 8814,96238.594, 8.483,5417
 8815,96246.773, 8.178,5417
 8816,96254.773, 8.004,5417
 8817,96263.594, 8.823,5417
 8818,96271.813, 8.210,5417
 8819,96279.813, 8.002,5417
 8820,96288.281, 8.476,5417
 8821,96296.719, 8.429,5417
 8822,96304.656, 7.934,5417
 8823,96313.727, 9.075,5417
 8824,96321.820, 8.098,5417
 8825,96330.156, 8.332,5417
 8826,96339.328, 9.173,5417
 8827,96347.305, 7.979,5417
 8828,96355.539, 8.231,5417
 8829,96363.953, 8.418,5417
 8830,96372.531, 8.581,5417
 8831,96380.789, 8.248,5417
 8832,96389.719, 8.931,5417
 8833,96398.117, 8.401,5417
 8834,96406.172, 8.053,5417
 8835,96415.086, 8.915,5417
 8836,96424.031, 8.944,5417
 8837,96432.234, 8.209,5417
 8838,96440.117, 7.877,5417
 8839,96448.070, 7.954,5417
 8840,96456.375, 8.301,5417
 8841,96464.922, 8.553,5417
 8842,96473.039, 8.114,5417
 8843,96481.492, 8.452,5417
 8844,96491.023, 9.532,5417
 8845,96500.742, 9.717,5417
 8846,96509.664, 8.921,5417
 8847,96516.875, 7.217,5417
 8848,96524.297, 7.423,5417
 8849,96531.766, 7.462,5417
 8850,96540.078, 8.315,5417
 8851,96548.109, 8.034,5417
 8852,96556.563, 8.452,5417
 8853,96564.797, 8.238,5417
 8854,96573.344, 8.538,5417
 8855,96582.078, 8.740,5417
 8856,96589.914, 7.839,5417
 8857,96598.664, 8.741,5417
 8858,96606.578, 7.925,5417
 8859,96615.250, 8.674,5417
 8860,96622.734, 7.478,5417
 8861,96631.172, 8.441,5417
 8862,96639.500, 8.324,5417
 8863,96647.578, 8.083,5417
 8864,96656.406, 8.822,5417
 8865,96664.305, 7.905,5417
 8866,96673.016, 8.701,5417
 8867,96681.133, 8.122,5417
 8868,96689.758, 8.627,5417
 8869,96697.820, 8.064,5417
 8870,96706.148, 8.327,5417
 8871,96714.617, 8.470,5417
 8872,96722.672, 8.045,5417
 8873,96731.320, 8.653,5417
 8874,96739.531, 8.212,5417
 8875,96747.695, 8.161,5417
 8876,96756.008, 8.310,5417
 8877,96764.781, 8.779,5417
 8878,96772.805, 8.021,5417
 8879,96781.203, 8.403,5417
 8880,96789.648, 8.440,5417
 8881,96798.133, 8.484,5417
 8882,96806.234, 8.108,5417
 8883,96814.320, 8.082,5417
 8884,96822.914, 8.596,5417
 8885,96830.961, 8.054,5417
 8886,96839.938, 8.975,5417
 8887,96848.055, 8.106,5417
 8888,96856.406, 8.354,5417
 8889,96864.492, 8.092,5417
 8890,96872.844, 8.351,5417
 8891,96883.063,10.214,5417
 8892,96890.938, 7.882,5417
 8893,96899.703, 8.762,5417
 8894,96907.172, 7.464,5417
 8895,96916.141, 8.973,5417
 8896,96923.523, 7.379,5417
 8897,96932.625, 9.111,5417
 8898,96940.742, 8.110,5417
 8899,96948.914, 8.179,5417
 8900,96957.648, 8.722,5417
 8901,96965.797, 8.157,5417
 8902,96974.469, 8.666,5417
 8903,96983.148, 8.682,5417
 8904,96991.594, 8.449,5417
 8905,96999.555, 7.960,5417
 8906,97007.727, 8.171,5417
 8907,97016.883, 9.158,5417
 8908,97024.500, 7.618,5417
 8909,97032.836, 8.336,5417
 8910,97041.750, 8.909,5417
 8911,97049.844, 8.098,5417
 8912,97058.852, 9.010,5417
 8913,97066.789, 7.930,5417
 8914,97075.117, 8.327,5417
 8915,97083.445, 8.327,5417
 8916,97091.820, 8.383,5417
 8917,97100.195, 8.369,5417
 8918,97109.219, 9.028,5417
 8919,97117.531, 8.311,5417
 8920,97125.211, 7.679,5417
 8921,97134.234, 9.028,5417
 8922,97143.078, 8.842,5417
 8923,97151.219, 8.143,5417
 8924,97159.727, 8.500,5417
 8925,97168.500, 8.774,5417
 8926,97176.813, 8.317,5417
 8927,97185.914, 9.101,5417
 8928,97194.836, 8.923,5417
 8929,97203.031, 8.186,5417
 8930,97211.563, 8.540,5417
 8931,97220.273, 8.715,5417
 8932,97228.352, 8.069,5417
 8933,97236.938, 8.594,5417
 8934,97245.453, 8.508,5417
 8935,97254.172, 8.723,5417
 8936,97262.758, 8.584,5417
 8937,97272.219, 9.464,5417
 8938,97280.531, 8.307,5417
 8939,97287.922, 7.396,5417
 8940,97296.422, 8.500,5417
 8941,97304.875, 8.450,5417
 8942,97313.758, 8.884,5417
 8943,97321.906, 8.153,5417
 8944,97331.078, 9.167,5417
 8945,97338.625, 7.553,5417
 8946,97347.875, 9.246,5417
 8947,97357.352, 9.469,5417
 8948,97365.813, 8.470,5417
 8949,97374.148, 8.332,5417
 8950,97381.867, 7.723,5417
 8951,97390.875, 9.003,5417
 8952,97399.469, 8.597,5417
 8953,97407.906, 8.434,5417
 8954,97416.023, 8.111,5417
 8955,97424.883, 8.872,5417
 8956,97433.258, 8.373,5417
 8957,97442.391, 9.125,5417
 8958,97450.656, 8.263,5417
 8959,97459.016, 8.361,5417
 8960,97467.414, 8.403,5417
 8961,97476.539, 9.130,5417
 8962,97484.852, 8.306,5417
 8963,97493.578, 8.734,5417
 8964,97501.836, 8.253,5417
 8965,97510.445, 8.611,5417
 8966,97519.094, 8.642,5417
 8967,97527.406, 8.317,5417
 8968,97536.734, 9.323,5417
 8969,97544.391, 7.656,5417
 8970,97553.891, 9.503,5417
 8971,97562.227, 8.338,5417
 8972,97571.719, 9.487,5417
 8973,97580.188, 8.477,5417
 8974,97588.867, 8.674,5417
 8975,97597.828, 8.964,5417
 8976,97605.383, 7.549,5417
 8977,97613.602, 8.224,5417
 8978,97622.922, 9.320,5417
 8979,97630.914, 7.995,5417
 8980,97640.805, 9.884,5417
 8981,97648.578, 7.782,5417
 8982,97659.000,10.413,5417
 8983,97668.211, 9.219,5417
 8984,97677.063, 8.846,5417
 8985,97684.836, 7.777,5417
 8986,97693.680, 8.837,5417
 8987,97701.352, 7.678,5417
 8988,97709.453, 8.098,5417
 8989,97717.438, 7.985,5417
 8990,97725.984, 8.542,5417
 8991,97735.414, 9.437,5417
 8992,97744.078, 8.663,5417
 8993,97753.344, 9.263,5417
 8994,97761.102, 7.761,5417
 8995,97770.117, 9.011,5417
 8996,97777.906, 7.797,5417
 8997,97786.602, 8.694,5417
 8998,97795.281, 8.679,5417
 8999,97803.984, 8.696,5417
 9000,97812.703, 8.719,5417
 9001,97820.984, 8.283,5417
 9002,97830.492, 9.512,5417
 9003,97838.023, 7.529,5417
 9004,97847.266, 9.250,5417
 9005,97855.586, 8.316,5417
 9006,97864.563, 8.975,5417
 9007,97873.320, 8.754,5417
 9008,97882.297, 8.986,5417
 9009,97890.898, 8.600,5417
 9010,97899.469, 8.568,5417
 9011,97907.531, 8.060,5449
 9012,97916.594, 9.065,5449
 9013,97925.484, 8.888,5449
 9014,97934.406, 8.920,5449
 9015,97943.570, 9.168,5449
 9016,97952.320, 8.745,5449
 9017,97961.000, 8.678,5449
 9018,97970.188, 9.191,5449
 9019,97978.773, 8.591,5449
 9020,97987.461, 8.688,5449
 9021,97997.125, 9.663,5449
 9022,98005.000, 7.870,5449
 9023,98013.508, 8.510,5449
 9024,98023.531,10.022,5449
 9025,98031.117, 7.589,5449
 9026,98041.258,10.143,5449
 9027,98050.680, 9.416,5449
 9028,98059.398, 8.719,5449
 9029,98067.758, 8.360,5449
 9030,98075.336, 7.572,5449
 9031,98084.406, 9.073,5449
 9032,98093.438, 9.036,5449
 9033,98102.102, 8.663,5449
 9034,98110.883, 8.781,5449
 9035,98120.695, 9.814,5449
 9036,98128.367, 7.667,5449
 9037,98137.172, 8.806,5449
 9038,98146.070, 8.903,5449
 9039,98155.008, 8.930,5449
 9040,98163.680, 8.673,5449
 9041,98172.945, 9.271,5449
 9042,98181.734, 8.787,5449
 9043,98190.070, 8.336,5449
 9044,98198.875, 8.809,5449
 9045,98208.156, 9.281,5449
 9046,98216.586, 8.433,5449
 9047,98225.234, 8.649,5449
 9048,98234.813, 9.573,5449
 9049,98243.680, 8.866,5449
 9050,98252.703, 9.020,5449
 9051,98260.977, 8.272,5449
 9052,98271.219,10.248,5449
 9053,98279.398, 8.174,5449
 9054,98287.773, 8.382,5449
 9055,98295.852, 8.080,5449
 9056,98305.391, 9.536,5449
 9057,98313.797, 8.402,5449
 9058,98322.563, 8.769,5449
 9059,98331.531, 8.967,5449
 9060,98340.070, 8.535,5449
 9061,98348.883, 8.821,5449
 9062,98357.836, 8.954,5449
 9063,98366.859, 9.020,5449
 9064,98376.508, 9.647,5449
 9065,98385.172, 8.665,5449
 9066,98394.500, 9.329,5449
 9067,98403.578, 9.082,5449
 9068,98412.672, 9.087,5449
 9069,98421.117, 8.448,5449
 9070,98429.844, 8.731,5449
 9071,98439.516, 9.669,5449
 9072,98448.430, 8.911,5449
 9073,98456.656, 8.221,5449
 9074,98465.336, 8.686,5449
 9075,98474.078, 8.742,5449
 9076,98483.977, 9.899,5449
 9077,98491.867, 7.894,5449
 9078,98501.109, 9.241,5449
 9079,98510.094, 8.984,5449
 9080,98519.602, 9.509,5449
 9081,98528.719, 9.111,5449
 9082,98538.656, 9.938,5449
 9083,98546.516, 7.861,5449
 9084,98555.125, 8.607,5449
 9085,98564.914, 9.791,5449
 9086,98573.070, 8.155,5449
 9087,98581.586, 8.523,5449
 9088,98590.781, 9.191,5449
 9089,98599.461, 8.677,5449
 9090,98608.031, 8.570,5449
 9091,98617.156, 9.129,5449
 9092,98626.180, 9.025,5449
 9093,98635.391, 9.206,5449
 9094,98643.891, 8.508,5449
 9095,98653.086, 9.185,5449
 9096,98661.820, 8.736,5449
 9097,98670.242, 8.427,5449
 9098,98679.578, 9.336,5449
 9099,98688.453, 8.868,5449
 9100,98697.430, 8.980,5449
 9101,98706.344, 8.915,5449
 9102,98715.430, 9.089,5449
 9103,98724.211, 8.778,5449
 9104,98732.984, 8.771,5449
 9105,98742.008, 9.021,5449
 9106,98750.891, 8.889,5449
 9107,98760.852, 9.957,5449
 9108,98769.125, 8.275,5449
 9109,98778.039, 8.914,5449
 9110,98787.141, 9.107,5449
 9111,98796.961, 9.818,5449
 9112,98806.086, 9.118,5449
 9113,98815.898, 9.820,5449
 9114,98825.320, 9.418,5449
 9115,98834.219, 8.900,5449
 9116,98842.453, 8.230,5449
 9117,98851.508, 9.056,5449
 9118,98859.461, 7.952,5449
 9119,98868.906, 9.451,5449
 9120,98877.133, 8.224,5449
 9121,98886.016, 8.880,5449
 9122,98895.227, 9.214,5449
 9123,98904.398, 9.173,5449
 9124,98913.109, 8.710,5449
 9125,98922.195, 9.090,5449
 9126,98931.313, 9.113,5449
 9127,98940.070, 8.753,5449
 9128,98949.172, 9.106,5449
 9129,98958.102, 8.930,5449
 9130,98967.469, 9.370,5449
 9131,98975.938, 8.474,5449
 9132,98984.891, 8.947,5449
 9133,98994.039, 9.147,5449
 9134,99002.617, 8.579,5449
 9135,99012.133, 9.512,5449
 9136,99021.008, 8.876,5449
 9137,99029.711, 8.701,5449
 9138,99039.156, 9.448,5449
 9139,99047.547, 8.394,5449
 9140,99056.438, 8.884,5449
 9141,99065.727, 9.291,5449
 9142,99074.680, 8.952,5449
 9143,99084.258, 9.586,5449
 9144,99092.820, 8.563,5449
 9145,99101.656, 8.824,5449
 9146,99110.547, 8.899,5449
 9147,99119.844, 9.297,5449
 9148,99128.586, 8.741,5449
 9149,99137.273, 8.691,5449
 9150,99146.141, 8.865,5449
 9151,99155.094, 8.955,5449
 9152,99165.297,10.207,5449
 9153,99173.797, 8.494,5449
 9154,99183.531, 9.735,5449
 9155,99192.188, 8.656,5449
 9156,99201.086, 8.894,5449
 9157,99210.602, 9.525,5449
 9158,99219.906, 9.297,5449
 9159,99229.492, 9.584,5449
 9160,99237.805, 8.313,5449
 9161,99247.023, 9.216,5449
 9162,99255.727, 8.707,5449
 9163,99264.680, 8.954,5449
 9164,99274.109, 9.433,5449
 9165,99283.453, 9.340,5449
 9166,99293.117, 9.665,5449
 9167,99303.008, 9.887,5449
 9168,99311.289, 8.289,5449
 9169,99320.383, 9.089,5449
 9170,99329.883, 9.504,5449
 9171,99338.727, 8.840,5449
 9172,99347.578, 8.855,5449
 9173,99357.156, 9.575,5449
 9174,99365.641, 8.484,5449
 9175,99374.539, 8.902,5449
 9176,99383.977, 9.428,5449
 9177,99392.930, 8.967,5449
 9178,99402.328, 9.385,5449
 9179,99411.391, 9.066,5449
 9180,99419.875, 8.490,5449
 9181,99429.664, 9.786,5449
 9182,99438.609, 8.947,5449
 9183,99448.289, 9.686,5449
 9184,99456.945, 8.651,5449
 9185,99465.898, 8.951,5449
 9186,99476.102,10.198,5449
 9187,99485.156, 9.061,5449
 9188,99494.063, 8.903,5449
 9189,99503.055, 8.994,5449
 9190,99513.063,10.009,5449
 9191,99521.227, 8.164,5449
 9192,99530.898, 9.676,5449
 9193,99539.953, 9.054,5449
 9194,99549.398, 9.442,5449
 9195,99557.703, 8.303,5449
 9196,99567.797,10.098,5449
 9197,99576.414, 8.610,5449
 9198,99585.477, 9.068,5449
 9199,99594.898, 9.422,5449
 9200,99604.695, 9.793,5449
 9201,99614.250, 9.562,5449
 9202,99623.320, 9.062,5449
 9203,99631.461, 8.144,5449
 9204,99641.117, 9.655,5449
 9205,99651.406,10.289,5449
 9206,99659.391, 7.980,5449
 9207,99668.984, 9.595,5449
 9208,99677.625, 8.646,5449
 9209,99686.164, 8.537,5449
 9210,99696.125, 9.959,5449
 9211,99705.148, 9.027,5449
 9212,99714.094, 8.940,5449
 9213,99723.438, 9.349,5449
 9214,99732.719, 9.278,5449
 9215,99741.516, 8.799,5449
 9216,99751.008, 9.492,5449
 9217,99760.695, 9.685,5449
 9218,99769.352, 8.656,5449
 9219,99778.727, 9.374,5449
 9220,99787.898, 9.180,5449
 9221,99797.375, 9.473,5449
 9222,99806.242, 8.869,5449
 9223,99815.109, 8.860,5449
 9224,99824.602, 9.498,5449
 9225,99834.063, 9.458,5449
 9226,99842.242, 8.187,5449
 9227,99851.711, 9.462,5449
 9228,99861.445, 9.733,5449
 9229,99870.938, 9.496,5449
 9230,99879.656, 8.716,5449
 9231,99889.430, 9.772,5449
 9232,99898.695, 9.267,5449
 9233,99907.680, 8.986,5449
 9234,99916.508, 8.831,5449
 9235,99926.477, 9.963,5449
 9236,99935.266, 8.797,5449
 9237,99943.859, 8.587,5449
 9238,99953.406, 9.545,5449
 9239,99962.227, 8.827,5449
 9240,99972.438,10.204,5449
 9241,99981.398, 8.960,5449
 9242,99990.609, 9.220,5449
 9243,100000.844,10.232,5449
 9244,100009.164, 8.320,5449
 9245,100019.023, 9.858,5449
 9246,100027.813, 8.785,5449
 9247,100037.141, 9.333,5449
 9248,100046.320, 9.173,5449
 9249,100055.672, 9.358,5449
 9250,100064.719, 9.047,5449
 9251,100075.438,10.720,5449
 9252,100083.773, 8.333,5449
 9253,100092.781, 9.010,5449
 9254,100101.672, 8.890,5449
 9255,100111.070, 9.393,5449
 9256,100120.547, 9.482,5449
 9257,100129.461, 8.909,5449
 9258,100139.422, 9.961,5449
 9259,100148.328, 8.907,5449
 9260,100157.602, 9.276,5449
 9261,100166.930, 9.331,5449
 9262,100175.945, 9.020,5449
 9263,100185.195, 9.246,5449
 9264,100195.219,10.020,5449
 9265,100204.141, 8.926,5449
 9266,100214.383,10.235,5449
 9267,100223.016, 8.634,5449
 9268,100232.797, 9.784,5449
 9269,100241.617, 8.820,5449
 9270,100251.148, 9.529,5449
 9271,100259.617, 8.478,5449
 9272,100269.016, 9.392,5449
 9273,100278.578, 9.569,5449
 9274,100288.344, 9.752,5449
 9275,100297.313, 8.972,5449
 9276,100306.469, 9.160,5449
 9277,100315.875, 9.404,5449
 9278,100325.375, 9.497,5449
 9279,100333.875, 8.505,5449
 9280,100343.453, 9.578,5449
 9281,100352.656, 9.201,5449
 9282,100361.875, 9.223,5449
 9283,100371.617, 9.746,5449
 9284,100380.492, 8.872,5449
 9285,100390.875,10.385,5449
 9286,100399.664, 8.784,5449
 9287,100408.656, 8.990,5449
 9288,100417.719, 9.062,5449
 9289,100427.656, 9.938,5449
 9290,100437.414, 9.758,5449
 9291,100446.820, 9.412,5449
 9292,100456.523, 9.698,5449
 9293,100465.930, 9.412,5449
 9294,100475.656, 9.715,5449
 9295,100484.164, 8.516,5449
 9296,100493.563, 9.398,5449
 9297,100503.266, 9.708,5449
 9298,100512.484, 9.211,5449
 9299,100522.289, 9.814,5449
 9300,100531.578, 9.282,5449
 9301,100542.797,11.221,5449
 9302,100551.914, 9.117,5449
 9303,100561.453, 9.537,5449
 9304,100570.359, 8.903,5449
 9305,100579.133, 8.779,5449
 9306,100588.359, 9.226,5449
 9307,100598.055, 9.696,5449
 9308,100607.117, 9.061,5449
 9309,100617.383,10.260,5449
 9310,100626.844, 9.469,5449
 9311,100636.023, 9.176,5449
 9312,100645.477, 9.457,5449
 9313,100654.164, 8.682,5449
 9314,100664.133, 9.967,5449
 9315,100674.594,10.464,5449
 9316,100682.367, 7.774,5449
 9317,100691.414, 9.042,5449
 9318,100701.000, 9.588,5449
 9319,100710.547, 9.555,5449
 9320,100719.570, 9.020,5449
 9321,100728.523, 8.951,5449
 9322,100738.875,10.352,5449
 9323,100747.648, 8.772,5449
 9324,100757.375, 9.724,5449
 9325,100766.914, 9.548,5449
 9326,100776.328, 9.410,5449
 9327,100786.250, 9.924,5449
 9328,100796.305,10.045,5449
 9329,100805.484, 9.184,5449
 9330,100814.867, 9.388,5449
 9331,100825.188,10.319,5449
 9332,100834.617, 9.433,5449
 9333,100843.625, 9.007,5449
 9334,100854.008,10.380,5449
 9335,100862.852, 8.844,5449
 9336,100872.750, 9.894,5449
 9337,100881.641, 8.892,5449
 9338,100891.273, 9.637,5449
 9339,100900.758, 9.481,5449
 9340,100909.453, 8.698,5449
 9341,100920.227,10.777,5449
 9342,100929.359, 9.126,5449
 9343,100938.531, 9.172,5449
 9344,100947.727, 9.193,5449
 9345,100956.539, 8.818,5449
 9346,100966.516, 9.979,5449
 9347,100976.094, 9.576,5449
 9348,100985.234, 9.141,5449
 9349,100995.078, 9.842,5449
 9350,101004.672, 9.593,5449
 9351,101013.844, 9.176,5449
 9352,101022.789, 8.938,5449
 9353,101032.859,10.073,5449
 9354,101042.961,10.102,5449
 9355,101053.359,10.395,5449
 9356,101062.695, 9.337,5449
 9357,101072.469, 9.779,5449
 9358,101081.094, 8.619,5449
 9359,101090.375, 9.286,5449
 9360,101099.289, 8.919,5449
 9361,101108.234, 8.943,5449
 9362,101117.836, 9.599,5449
 9363,101126.945, 9.109,5449
 9364,101136.938, 9.997,5449
 9365,101146.359, 9.410,5449
 9366,101157.383,11.031,5449
 9367,101165.609, 8.231,5449
 9368,101175.992,10.377,5449
 9369,101185.984, 9.987,5449
 9370,101194.383, 8.404,5449
 9371,101204.789,10.404,5449
 9372,101214.195, 9.405,5449
 9373,101223.367, 9.170,5449
 9374,101232.703, 9.338,5449
 9375,101242.594, 9.898,5449
 9376,101252.852,10.258,5449
 9377,101262.648, 9.787,5449
 9378,101273.359,10.710,5449
 9379,101282.016, 8.656,5449
 9380,101291.641, 9.623,5449
 9381,101301.828,10.194,5449
 9382,101311.289, 9.467,5449
 9383,101321.383,10.090,5449
 9384,101330.781, 9.398,5449
 9385,101340.609, 9.834,5449
 9386,101350.133, 9.516,5449
 9387,101359.805, 9.676,5449
 9388,101369.094, 9.288,5449
 9389,101378.336, 9.237,5449
 9390,101387.719, 9.386,5449
 9391,101398.195,10.479,5449
 9392,101407.711, 9.511,5449
 9393,101417.828,10.119,5449
 9394,101426.742, 8.915,5449
 9395,101437.063,10.317,5449
 9396,101446.563, 9.508,5449
 9397,101456.070, 9.504,5449
 9398,101465.953, 9.888,5449
 9399,101475.484, 9.522,5449
 9400,101484.789, 9.311,5449
 9401,101494.680, 9.886,5449
 9402,101504.734,10.051,5449
 9403,101514.500, 9.768,5449
 9404,101523.828, 9.329,5449
 9405,101533.617, 9.796,5449
 9406,101542.875, 9.257,5449
 9407,101553.109,10.231,5449
 9408,101563.734,10.623,5449
 9409,101573.688, 9.953,5449
 9410,101584.195,10.514,5449
 9411,101593.664, 9.462,5449
 9412,101603.109, 9.446,5449
 9413,101611.211, 8.107,5449
 9414,101619.984, 8.764,5449
 9415,101629.680, 9.698,5449
 9416,101640.133,10.457,5449
 9417,101649.219, 9.086,5449
 9418,101659.539,10.319,5449
 9419,101668.961, 9.428,5449
 9420,101678.234, 9.268,5449
 9421,101688.555,10.324,5449
 9422,101698.063, 9.502,5449
 9423,101708.242,10.182,5449
 9424,101717.789, 9.546,5449
 9425,101726.734, 8.944,5449
 9426,101737.016,10.275,5449
 9427,101747.016,10.007,5449
 9428,101757.891,10.879,5449
 9429,101766.500, 8.607,5449
 9430,101777.023,10.517,5449
 9431,101785.516, 8.500,5449
 9432,101796.391,10.870,5449
 9433,101805.047, 8.659,5449
 9434,101814.797, 9.746,5449
 9435,101825.172,10.375,5449
 9436,101834.258, 9.096,5449
 9437,101843.961, 9.701,5449
 9438,101854.164,10.201,5449
 9439,101863.516, 9.347,5449
 9440,101873.703,10.186,5449
 9441,101883.117, 9.416,5449
 9442,101893.500,10.387,5449
 9443,101903.094, 9.591,5449
 9444,101912.695, 9.596,5449
 9445,101922.555, 9.867,5449
 9446,101932.641,10.081,5449
 9447,101942.023, 9.385,5449
 9448,101952.047,10.019,5449
 9449,101963.523,11.484,5449
 9450,101971.977, 8.450,5449
 9451,101982.055,10.079,5449
 9452,101992.250,10.197,5449
 9453,102002.852,10.599,5449
 9454,102012.039, 9.186,5449
 9455,102021.820, 9.783,5449
 9456,102032.227,10.406,5449
 9457,102041.789, 9.562,5449
 9458,102051.930,10.145,5449
 9459,102062.070,10.139,5449
 9460,102071.414, 9.338,5449
 9461,102080.875, 9.469,5449
 9462,102091.320,10.434,5449
 9463,102101.031, 9.713,5449
 9464,102111.070,10.041,5449
 9465,102121.172,10.105,5449
 9466,102131.148, 9.980,5449
 9467,102141.781,10.629,5449
 9468,102151.172, 9.389,5449
 9469,102161.734,10.562,5449
 9470,102171.391, 9.658,5449
 9471,102180.313, 8.918,5449
 9472,102191.938,11.635,5449
 9473,102201.766, 9.821,5449
 9474,102211.477, 9.715,5449
 9475,102221.023, 9.544,5449
 9476,102230.273, 9.250,5449
 9477,102241.125,10.849,5449
 9478,102251.180,10.059,5449
 9479,102260.336, 9.155,5449
 9480,102271.133,10.794,5449
 9481,102280.766, 9.638,5449
 9482,102291.086,10.317,5449
 9483,102300.688, 9.597,5449
 9484,102310.031, 9.348,5449
 9485,102319.945, 9.919,5449
 9486,102330.477,10.528,5449
 9487,102339.555, 9.082,5449
 9488,102350.070,10.509,5449
 9489,102360.852,10.783,5449
 9490,102370.617, 9.770,5449
 9491,102379.570, 8.953,5449
 9492,102390.070,10.497,5449
 9493,102400.359,10.287,5449
 9494,102410.523,10.166,5449
 9495,102420.070, 9.541,5449
 9496,102430.375,10.310,5449
 9497,102439.906, 9.535,5449
 9498,102450.234,10.325,5449
 9499,102460.547,10.311,5449
 9500,102469.852, 9.304,5449
 9501,102480.328,10.476,5449
 9502,102489.539, 9.219,5449
 9503,102499.602,10.063,5449
 9504,102510.281,10.674,5449
 9505,102519.875, 9.591,5449
 9506,102529.797, 9.922,5449
 9507,102540.438,10.640,5449
 9508,102550.055, 9.619,5449
 9509,102560.805,10.749,5449
 9510,102570.313, 9.503,5449
 9511,102579.945, 9.642,5449
 9512,102589.688, 9.738,5449
 9513,102600.125,10.438,5449
 9514,102609.586, 9.461,5449
 9515,102620.922,11.339,5449
 9516,102629.555, 8.630,5449
 9517,102639.891,10.335,5449
 9518,102651.234,11.345,5449
 9519,102660.289, 9.057,5449
 9520,102670.531,10.246,5449
 9521,102680.250, 9.719,5449
 9522,102690.500,10.249,5449
 9523,102700.836,10.331,5449
 9524,102710.508, 9.675,5449
 9525,102721.156,10.650,5449
 9526,102731.359,10.199,5449
 9527,102743.625,12.272,5449
 9528,102753.109, 9.474,5449
 9529,102762.859, 9.756,5449
 9530,102772.742, 9.877,5449
 9531,102782.711, 9.970,5449
 9532,102792.836,10.130,5449
 9533,102803.617,10.779,5449
 9534,102813.563, 9.947,5449
 9535,102823.664,10.099,5449
 9536,102833.766,10.097,5449
 9537,102843.852,10.093,5449
 9538,102853.828, 9.979,5449
 9539,102864.820,10.992,5449
 9540,102874.328, 9.498,5449
 9541,102884.742,10.419,5449
 9542,102894.141, 9.399,5449
 9543,102905.016,10.873,5449
 9544,102914.453, 9.435,5449
 9545,102924.789,10.338,5449
 9546,102936.188,11.400,5449
 9547,102945.156, 8.972,5449
 9548,102955.977,10.817,5449
 9549,102965.617, 9.643,5449
 9550,102975.930,10.311,5449
 9551,102986.086,10.155,5449
 9552,102996.484,10.397,5449
 9553,103006.656,10.169,5449
 9554,103016.648, 9.992,5449
 9555,103026.875,10.236,5449
 9556,103037.336,10.452,5449
 9557,103047.281, 9.950,5449
 9558,103057.867,10.586,5449
 9559,103068.195,10.333,5449
 9560,103078.516,10.317,5449
 9561,103088.992,10.475,5449
 9562,103099.484,10.490,5449
 9563,103109.227, 9.747,5449
 9564,103119.867,10.642,5449
 9565,103130.727,10.853,5449
 9566,103141.602,10.877,5449
 9567,103150.938, 9.339,5449
 9568,103162.055,11.117,5449
 9569,103172.313,10.256,5449
 9570,103182.727,10.412,5449
 9571,103192.227, 9.500,5449
 9572,103203.625,11.404,5449
 9573,103214.250,10.627,5449
 9574,103224.094, 9.840,5449
 9575,103234.414,10.317,5449
 9576,103244.891,10.483,5449
 9577,103255.383,10.482,5449
 9578,103265.656,10.272,5449
 9579,103275.578, 9.932,5449
 9580,103286.203,10.620,5449
 9581,103296.430,10.229,5449
 9582,103307.031,10.595,5449
 9583,103317.242,10.221,5449
 9584,103327.656,10.402,5449
 9585,103337.711,10.058,5449
 9586,103348.391,10.678,5449
 9587,103359.008,10.621,5449
 9588,103369.445,10.438,5449
 9589,103379.938,10.500,5449
 9590,103389.367, 9.425,5449
 9591,103400.039,10.668,5449
 9592,103410.680,10.642,5449
 9593,103420.359, 9.674,5449
 9594,103431.055,10.702,5449
 9595,103441.445,10.390,5449
 9596,103452.398,10.955,5449
 9597,103462.820,10.420,5449
 9598,103473.406,10.588,5449
 9599,103483.438,10.031,5449
 9600,103493.945,10.511,5449
 9601,103504.219,10.268,5449
 9602,103515.398,11.181,5449
 9603,103527.641,12.238,5449
 9604,103537.633, 9.995,5449
 9605,103547.188, 9.557,5449
 9606,103557.492,10.307,5449
 9607,103567.102, 9.602,5449
 9608,103579.063,11.966,5449
 9609,103588.539, 9.475,5449
 9610,103598.773,10.230,5449
 9611,103609.641,10.871,5449
 9612,103619.406, 9.768,5449
 9613,103630.367,10.959,5449
 9614,103642.484,12.119,5449
 9615,103651.555, 9.071,5449
 9616,103661.945,10.391,5449
 9617,103671.492, 9.548,5449
 9618,103683.023,11.522,5449
 9619,103692.773, 9.753,5449
 9620,103703.516,10.744,5449
 9621,103713.938,10.424,5449
 9622,103725.023,11.081,5449
 9623,103736.156,11.137,5449
 9624,103745.977, 9.815,5449
 9625,103755.805, 9.833,5449
 9626,103766.359,10.555,5449
 9627,103777.023,10.659,5449
 9628,103787.672,10.650,5449
 9629,103798.656,10.984,5449
 9630,103808.828,10.177,5449
 9631,103818.898,10.068,5449
 9632,103829.891,10.995,5449
 9633,103840.086,10.196,5449
 9634,103851.070,10.978,5449
 9635,103862.141,11.076,5449
 9636,103872.742,10.596,5449
 9637,103883.086,10.348,5449
 9638,103894.172,11.087,5449
 9639,103904.883,10.714,5449
 9640,103916.727,11.835,5449
 9641,103928.000,11.272,5449
 9642,103938.281,10.292,5449
 9643,103947.953, 9.667,5449
 9644,103957.781, 9.831,5449
 9645,103968.234,10.449,5449
 9646,103978.773,10.535,5449
 9647,103989.219,10.453,5449
 9648,104001.016,11.794,5449
 9649,104010.398, 9.380,5449
 9650,104022.039,11.642,5449
 9651,104031.977, 9.931,5449
 9652,104043.359,11.391,5449
 9653,104052.969, 9.603,5449
 9654,104063.813,10.849,5449
 9655,104075.000,11.189,5449
 9656,104085.445,10.441,5449
 9657,104097.438,11.998,5449
 9658,104108.016,10.575,5449
 9659,104118.539,10.529,5449
 9660,104128.852,10.312,5449
 9661,104139.922,11.071,5449
 9662,104150.867,10.941,5449
 9663,104162.852,11.985,5449
 9664,104172.750, 9.897,5449
 9665,104183.156,10.408,5449
 9666,104194.133,10.979,5449
 9667,104205.555,11.424,5449
 9668,104215.547, 9.990,5449
 9669,104226.555,11.005,5449
 9670,104236.695,10.137,5449
 9671,104247.555,10.868,5449
 9672,104259.000,11.432,5449
 9673,104268.133, 9.138,5449
 9674,104279.109,10.978,5449
 9675,104289.641,10.525,5449
 9676,104300.391,10.752,5449
 9677,104313.523,13.136,5449
 9678,104323.703,10.179,5449
 9679,104332.891, 9.192,5449
 9680,104343.867,10.976,5449
 9681,104354.539,10.674,5449
 9682,104364.953,10.415,5449
 9683,104375.641,10.678,5449
 9684,104386.023,10.381,5449
 9685,104398.258,12.242,5449
 9686,104408.797,10.536,5449
 9687,104419.523,10.729,5449
 9688,104430.227,10.704,5449
 9689,104440.984,10.757,5449
 9690,104451.234,10.256,5449
 9691,104462.031,10.786,5449
 9692,104472.813,10.784,5449
 9693,104483.750,10.939,5449
 9694,104493.977,10.222,5449
 9695,104505.188,11.215,5449
 9696,104515.547,10.365,5449
 9697,104526.516,10.967,5449
 9698,104536.727,10.202,5449
 9699,104547.102,10.383,5449
 9700,104558.578,11.473,5449
 9701,104568.273, 9.702,5449
 9702,104579.969,11.686,5449
 9703,104591.594,11.631,5449
 9704,104601.805,10.207,5449
 9705,104611.852,10.053,5449
 9706,104622.977,11.115,5449
 9707,104634.133,11.165,5449
 9708,104644.102, 9.962,5449
 9709,104655.523,11.430,5449
 9710,104666.180,10.651,5449
 9711,104676.828,10.650,5449
 9712,104687.828,11.002,5449
 9713,104698.547,10.716,5449
 9714,104710.523,11.975,5449
 9715,104720.781,10.256,5449
 9716,104730.969,10.184,5449
 9717,104743.570,12.614,5449
 9718,104752.797, 9.218,5449
 9719,104763.922,11.131,5449
 9720,104774.148,10.221,5449
 9721,104785.508,11.359,5449
 9722,104795.461, 9.960,5449
 9723,104807.133,11.666,5449
 9724,104817.555,10.424,5449
 9725,104829.211,11.660,5449
 9726,104838.633, 9.413,5449
 9727,104851.711,13.080,5449
 9728,104861.086, 9.375,5449
 9729,104873.195,12.117,5449
 9730,104882.711, 9.507,5449
 9731,104893.125,10.420,5449
 9732,104904.352,11.220,5449
 9733,104915.836,11.489,5449
 9734,104926.141,10.302,5449
 9735,104936.945,10.815,5449
 9736,104948.055,11.099,5449
 9737,104959.086,11.036,5449
 9738,104968.719, 9.629,5449
 9739,104980.711,11.989,5449
 9740,104991.859,11.158,5449
 9741,105001.570, 9.710,5449
 9742,105012.656,11.079,5449
 9743,105023.133,10.479,5449
 9744,105034.203,11.076,5449
 9745,105044.844,10.637,5449
 9746,105055.422,10.573,5449
 9747,105066.477,11.061,5449
 9748,105077.047,10.568,5449
 9749,105088.586,11.541,5449
 9750,105099.805,11.214,5449
 9751,105110.914,11.116,5449
 9752,105121.594,10.680,5449
 9753,105132.156,10.556,5449
 9754,105143.313,11.155,5449
 9755,105153.969,10.654,5449
 9756,105165.844,11.878,5449
 9757,105176.109,10.269,5449
 9758,105185.969, 9.857,5449
 9759,105197.484,11.515,5449
 9760,105207.469, 9.988,5449
 9761,105218.313,10.835,5449
 9762,105229.305,10.992,5449
 9763,105240.648,11.345,5449
 9764,105250.820,10.181,5449
 9765,105262.078,11.251,5449
 9766,105273.461,11.391,5449
 9767,105283.516,10.053,5449
 9768,105294.594,11.076,5449
 9769,105305.430,10.834,5449
 9770,105316.359,10.931,5449
 9771,105327.242,10.883,5449
 9772,105339.742,12.502,5449
 9773,105349.664, 9.920,5449
 9774,105360.703,11.034,5449
 9775,105371.602,10.907,5449
 9776,105382.500,10.896,5449
 9777,105393.000,10.500,5449
 9778,105404.281,11.282,5449
 9779,105414.758,10.472,5449
 9780,105426.266,11.515,5449
 9781,105437.117,10.845,5449
 9782,105449.492,12.379,5449
 9783,105459.680,10.184,5449
 9784,105471.000,11.321,5449
 9785,105482.469,11.469,5449
 9786,105496.172,13.703,5449
 9787,105507.844,11.671,5449
 9788,105517.945,10.107,5449
 9789,105527.992,10.038,5449
 9790,105537.523, 9.540,5449
 9791,105549.031,11.498,5449
 9792,105559.000, 9.969,5449
 9793,105569.719,10.722,5449
 9794,105581.000,11.284,5449
 9795,105591.672,10.666,5449
 9796,105603.016,11.350,5449
 9797,105614.469,11.456,5449
 9798,105625.570,11.103,5449
 9799,105634.805, 9.231,5449
 9800,105645.445,10.641,5449
 9801,105656.789,11.345,5449
 9802,105666.102, 9.310,5449
 9803,105678.211,12.107,5449
 9804,105689.180,10.971,5449
 9805,105699.898,10.719,5449
 9806,105710.711,10.806,5449
 9807,105722.391,11.680,5449
 9808,105733.484,11.097,5449
 9809,105743.836,10.357,5449
 9810,105754.523,10.684,5449
 9811,105765.648,11.119,5449
 9812,105776.633,10.986,5449
 9813,105787.242,10.620,5449
 9814,105797.945,10.702,5449
 9815,105810.266,12.320,5449
 9816,105820.234, 9.969,5449
 9817,105831.242,11.005,5449
 9818,105842.500,11.258,5449
 9819,105853.594,11.094,5449
 9820,105864.563,10.966,5449
 9821,105875.820,11.258,5449
 9822,105887.367,11.548,5449
 9823,105898.703,11.332,5449
 9824,105908.750,10.051,5449
 9825,105919.414,10.660,5449
 9826,105931.250,11.843,5449
 9827,105941.211, 9.960,5449
 9828,105952.398,11.186,5449
 9829,105963.438,11.039,5449
 9830,105974.547,11.108,5449
 9831,105985.094,10.545,5449
 9832,105996.320,11.222,5449
 9833,106007.047,10.732,5449
 9834,106018.203,11.160,5449
 9835,106029.133,10.925,5449
 9836,106039.656,10.519,5449
 9837,106051.109,11.460,5449
 9838,106063.359,12.245,5449
 9839,106074.023,10.664,5449
 9840,106084.945,10.933,5449
 9841,106096.094,11.139,5449
 9842,106106.664,10.570,5449
 9843,106118.453,11.793,5449
 9844,106130.195,11.742,5449
 9845,106140.867,10.672,5449
 9846,106151.945,11.081,5449
 9847,106162.539,10.590,5449
 9848,106174.094,11.554,5449
 9849,106185.047,10.951,5449
 9850,106196.352,11.302,5449
 9851,106207.320,10.974,5449
 9852,106218.797,11.476,5449
 9853,106230.438,11.645,5449
 9854,106240.555,10.113,5449
 9855,106251.250,10.701,5449
 9856,106262.273,11.024,5449
 9857,106273.945,11.672,5449
 9858,106285.328,11.372,5449
 9859,106294.930, 9.613,5449
 9860,106306.664,11.726,5449
 9861,106318.148,11.488,5449
 9862,106328.063, 9.912,5449
 9863,106340.539,12.478,5449
 9864,106350.945,10.405,5449
 9865,106362.031,11.081,5449
 9866,106373.813,11.790,5449
 9867,106384.391,10.571,5449
 9868,106395.039,10.651,5449
 9869,106406.219,11.182,5449
 9870,106417.070,10.850,5449
 9871,106428.008,10.933,5449
 9872,106438.828,10.824,5449
 9873,106450.984,12.151,5449
 9874,106460.977, 9.994,5449
 9875,106472.008,11.032,5449
 9876,106482.609,10.611,5449
 9877,106494.164,11.549,5449
 9878,106505.250,11.087,5449
 9879,106515.523,10.277,5449
 9880,106527.578,12.053,5449
 9881,106538.273,10.696,5449
 9882,106549.195,10.917,5449
 9883,106560.414,11.219,5449
 9884,106571.297,10.879,5449
 9885,106582.703,11.410,5449
 9886,106593.266,10.567,5449
 9887,106604.211,10.943,5449
 9888,106616.164,11.950,5449
 9889,106626.367,10.202,5449
 9890,106637.820,11.456,5449
 9891,106649.281,11.462,5449
 9892,106660.875,11.595,5449
 9893,106671.852,10.973,5449
 9894,106683.805,11.958,5449
 9895,106693.219, 9.410,5449
 9896,106705.141,11.927,5449
 9897,106715.617,10.472,5449
 9898,106727.258,11.647,5449
 9899,106737.500,10.237,5449
 9900,106749.047,11.543,5449
 9901,106760.984,11.937,5449
 9902,106771.305,10.321,5449
 9903,106782.805,11.502,5449
 9904,106794.664,11.858,5449
 9905,106805.023,10.358,5449
 9906,106815.992,10.968,5449
 9907,106826.641,10.650,5449
 9908,106837.844,11.207,5449
 9909,106848.945,11.105,5449
 9910,106860.523,11.575,5449
 9911,106871.297,10.768,5449
 9912,106882.047,10.754,5449
 9913,106892.539,10.492,5449
 9914,106904.195,11.662,5449
 9915,106915.211,11.010,5449
 9916,106925.602,10.394,5449
 9917,106937.398,11.788,5449
 9918,106948.578,11.188,5449
 9919,106959.227,10.651,5449
 9920,106970.391,11.160,5449
 9921,106981.789,11.397,5449
 9922,106992.141,10.355,5449
 9923,107003.297,11.149,5449
 9924,107014.547,11.260,5449
 9925,107025.234,10.681,5449
 9926,107036.242,11.011,5449
 9927,107047.664,11.413,5449
 9928,107058.758,11.095,5449
 9929,107069.359,10.606,5449
 9930,107082.070,12.713,5449
 9931,107092.930,10.860,5449
 9932,107103.250,10.317,5449
 9933,107113.508,10.262,5449
 9934,107125.266,11.760,5449
 9935,107135.750,10.480,5449
 9936,107147.164,11.415,5449
 9937,107158.359,11.192,5449
 9938,107169.523,11.165,5449
 9939,107180.609,11.094,5449
 9940,107192.273,11.658,5449
 9941,107202.844,10.567,5449
 9942,107213.727,10.885,5449
 9943,107225.141,11.412,5449
 9944,107235.930,10.797,5449
 9945,107247.086,11.150,5449
 9946,107258.039,10.951,5449
 9947,107269.313,11.275,5449
 9948,107280.742,11.429,5449
 9949,107292.156,11.414,5449
 9950,107303.352,11.197,5449
 9951,107314.383,11.031,5449
 9952,107325.445,11.061,5449
 9953,107336.391,10.944,5449
 9954,107347.430,11.042,5449
 9955,107359.203,11.774,5449
 9956,107368.961, 9.755,5449
 9957,107380.555,11.601,5449
 9958,107392.242,11.682,5449
 9959,107403.992,11.746,5449
 9960,107414.383,10.396,5449
 9961,107425.641,11.255,5449
 9962,107436.594,10.959,5449
 9963,107448.320,11.718,5449
 9964,107460.703,12.385,5449
 9965,107471.992,11.291,5449
 9966,107484.242,12.255,5449
 9967,107494.828,10.579,5449
 9968,107505.313,10.485,5449
 9969,107515.656,10.345,5449
 9970,107526.422,10.768,5449
 9971,107537.602,11.181,5449
 9972,107549.438,11.831,5449
 9973,107559.781,10.346,5449
 9974,107572.156,12.373,5449
 9975,107582.531,10.377,5449
 9976,107593.367,10.829,5449
 9977,107604.578,11.216,5449
 9978,107614.609,10.037,5449
 9979,107626.219,11.606,5449
 9980,107637.133,10.916,5449
 9981,107649.273,12.144,5449
 9982,107659.156, 9.875,5449
 9983,107670.758,11.600,5449
 9984,107682.297,11.539,5449
 9985,107693.047,10.751,5449
 9986,107704.547,11.501,5449
 9987,107715.391,10.846,5449
 9988,107726.992,11.597,5449
 9989,107738.219,11.230,5449
 9990,107749.461,11.245,5449
 9991,107760.766,11.301,5449
 9992,107771.766,10.996,5449
 9993,107782.859,11.102,5449
 9994,107794.172,11.313,5449
 9995,107805.367,11.185,5449
 9996,107817.148,11.790,5449
 9997,107829.102,11.951,5449
 9998,107840.359,11.254,5449
 9999,107851.273,10.923,5449
10000,107863.828,12.548,5449
10001,107875.047,11.221,5449
10002,107884.313, 9.257,5449
10003,107896.992,12.687,5449
10004,107907.273,10.288,5449
10005,107917.680,10.399,5449
10006,107930.383,12.701,5449
10007,107940.211, 9.833,5449
10008,107950.805,10.592,5449
10009,107962.047,11.239,5449
10010,107973.531,11.489,5449
10011,107985.672,12.133,5449
10012,107996.523,10.859,5449
10013,108008.734,12.208,5449
10014,108020.008,11.273,5449
10015,108031.211,11.204,5449
10016,108041.977,10.764,5449
10017,108052.539,10.564,5449
10018,108063.938,11.406,5449
10019,108075.047,11.100,5449
10020,108086.516,11.472,5449
10021,108097.891,11.374,5449
10022,108108.867,10.981,5449
10023,108120.211,11.345,5449
10024,108132.531,12.320,5449
10025,108143.586,11.057,5449
10026,108153.922,10.328,5449
10027,108165.508,11.589,5449
10028,108176.500,10.994,5449
10029,108187.938,11.435,5449
10030,108198.516,10.575,5449
10031,108210.023,11.508,5449
10032,108220.438,10.411,5449
10033,108231.406,10.970,5449
10034,108243.164,11.765,5449
10035,108256.297,13.128,5449
10036,108266.750,10.452,5449
10037,108276.492, 9.746,5449
10038,108287.680,11.181,5449
10039,108298.484,10.806,5449
10040,108310.180,11.701,5449
10041,108320.695,10.510,5449
10042,108331.664,10.971,5449
10043,108343.438,11.773,5449
10044,108354.898,11.463,5449
10045,108366.148,11.249,5449
10046,108377.070,10.919,5449
10047,108388.578,11.512,5449
10048,108399.547,10.969,5449
10049,108411.180,11.633,5449
10050,108422.922,11.744,5449
10051,108434.070,11.148,5449
10052,108445.375,11.303,5449
10053,108456.508,11.130,5449
10054,108468.023,11.513,5449
10055,108479.305,11.285,5449
10056,108490.055,10.748,5449
10057,108501.219,11.170,5449
10058,108512.500,11.281,5449
10059,108523.125,10.625,5449
10060,108534.734,11.608,5449
10061,108545.477,10.737,5449
10062,108557.102,11.631,5449
10063,108568.594,11.496,5449
10064,108579.359,10.760,5449
10065,108590.227,10.866,5449
10066,108601.797,11.568,5449
10067,108612.320,10.521,5449
10068,108627.305,14.987,5449
10069,108636.875, 9.575,5449
10070,108648.133,11.259,5449
10071,108659.023,10.886,5449
10072,108669.719,10.693,5449
10073,108680.180,10.469,5449
10074,108691.203,11.019,5449
10075,108703.039,11.835,5449
10076,108714.992,11.949,5449
10077,108725.055,10.067,5449
10078,108736.836,11.784,5449
10079,108747.297,10.454,5449
10080,108758.539,11.251,5449
10081,108769.875,11.336,5449
10082,108781.273,11.397,5449
10083,108792.023,10.741,5449
10084,108803.055,11.034,5449
10085,108814.313,11.259,5449
10086,108825.406,11.097,5449
10087,108837.836,12.432,5449
10088,108849.773,11.937,5449
10089,108859.992,10.215,5449
10090,108871.305,11.311,5449
10091,108881.688,10.379,5449
10092,108894.102,12.418,5449
10093,108904.719,10.617,5449
10094,108916.539,11.826,5449
10095,108926.492, 9.952,5449
10096,108937.852,11.356,5449
10097,108949.719,11.865,5449
10098,108961.656,11.939,5449
10099,108971.195, 9.541,5449
10100,108982.242,11.053,5449
10101,108994.383,12.133,5449
10102,109003.859, 9.481,5449
10103,109014.438,10.577,5449
10104,109027.266,12.829,5449
10105,109038.516,11.247,5449
10106,109050.461,11.949,5449
10107,109060.883,10.420,5449
10108,109072.930,12.052,5449
10109,109083.250,10.321,5449
10110,109094.398,11.143,5449
10111,109105.664,11.264,5449
10112,109116.578,10.916,5449
10113,109128.672,12.086,5449
10114,109140.188,11.520,5449
10115,109150.406,10.215,5449
10116,109161.547,11.150,5449
10117,109172.750,11.196,5449
10118,109184.375,11.628,5449
10119,109195.008,10.627,5449
10120,109206.328,11.321,5449
10121,109216.898,10.574,5449
10122,109228.422,11.527,5449
10123,109240.398,11.976,5449
10124,109250.242, 9.849,5449
10125,109261.922,11.672,5449
10126,109273.180,11.262,5449
10127,109283.969,10.785,5449
10128,109295.445,11.474,5449
10129,109306.445,11.004,5449
10130,109317.992,11.541,5449
10131,109328.797,10.811,5449
10132,109339.719,10.917,5449
10133,109351.336,11.616,5449
10134,109362.789,11.461,5449
10135,109374.703,11.910,5449
10136,109385.750,11.048,5449
10137,109398.086,12.332,5449
10138,109408.773,10.691,5449
10139,109420.086,11.310,5449
10140,109431.750,11.665,5449
10141,109443.914,12.166,5449
10142,109456.008,12.089,5449
10143,109466.445,10.440,5449
10144,109476.375, 9.929,5449
10145,109486.688,10.313,5449
10146,109498.633,11.948,5449
10147,109509.391,10.758,5449
10148,109522.242,12.852,5449
10149,109532.758,10.510,5449
10150,109543.484,10.732,5449
10151,109554.664,11.179,5449
10152,109565.555,10.895,5449
10153,109576.930,11.373,5449
10154,109587.734,10.805,5449
10155,109598.711,10.974,5449
10156,109610.406,11.695,5449
10157,109621.125,10.718,5449
10158,109633.094,11.973,5449
10159,109643.852,10.756,5449
10160,109654.578,10.728,5449
10161,109665.289,10.702,5449
10162,109677.711,12.424,5449
10163,109688.086,10.379,5449
10164,109699.172,11.089,5449
10165,109710.641,11.459,5449
10166,109721.672,11.038,5449
10167,109734.219,12.548,5449
10168,109744.711,10.490,5449
10169,109756.055,11.346,5449
10170,109767.148,11.091,5449
10171,109778.086,10.936,5449
10172,109789.641,11.550,5449
10173,109801.156,11.522,5449
10174,109812.406,11.254,5449
10175,109823.609,11.201,5449
10176,109834.242,10.634,5449
10177,109846.789,12.548,5449
10178,109858.242,11.457,5449
10179,109868.203, 9.953,5449
10180,109879.711,11.505,5449
10181,109890.719,11.012,5449
10182,109902.258,11.542,5449
10183,109914.164,11.907,5449
10184,109926.148,11.979,5449
10185,109936.695,10.546,5449
10186,109948.125,11.434,5449
10187,109959.289,11.162,5449
10188,109971.039,11.749,5449
10189,109982.250,11.216,5449
10190,109992.703,10.450,5449
10191,110004.391,11.688,5449
10192,110016.336,11.944,5449
10193,110027.203,10.871,5449
10194,110038.883,11.682,5449
10195,110051.039,12.149,5449
10196,110062.438,11.402,5449
10197,110072.594,10.159,5449
10198,110084.406,11.803,5449
10199,110095.469,11.064,5449
10200,110107.305,11.834,5449
10201,110118.195,10.898,5449
10202,110129.922,11.726,5449
10203,110140.773,10.850,5449
10204,110152.477,11.706,5449
10205,110164.328,11.845,5449
10206,110175.828,11.504,5449
10207,110187.078,11.244,5449
10208,110198.109,11.039,5449
10209,110208.914,10.808,5449
10210,110220.063,11.142,5449
10211,110231.344,11.280,5449
10212,110242.156,10.814,5449
10213,110253.805,11.652,5449
10214,110265.352,11.542,5449
10215,110277.039,11.687,5449
10216,110287.195,10.158,5449
10217,110298.734,11.535,5449
10218,110309.797,11.064,5449
10219,110321.211,11.418,5449
10220,110332.438,11.229,5449
10221,110343.641,11.194,5449
10222,110356.477,12.843,5449
10223,110367.133,10.656,5449
10224,110378.867,11.739,5449
10225,110389.609,10.738,5449
10226,110401.055,11.445,5449
10227,110412.195,11.139,5449
10228,110423.516,11.323,5449
10229,110435.547,12.032,5449
10230,110446.680,11.128,5449
10231,110457.547,10.872,5449
10232,110469.102,11.552,5449
10233,110481.516,12.417,5449
10234,110492.273,10.762,5449
10235,110502.922,10.643,5449
10236,110513.602,10.679,5449
10237,110525.734,12.128,5449
10238,110536.742,11.007,5449
10239,110548.039,11.299,5449
10240,110559.484,11.451,5449
10241,110570.320,10.826,5449
10242,110581.477,11.161,5449
10243,110593.539,12.068,5449
10244,110604.805,11.260,5449
10245,110616.711,11.906,5449
10246,110627.664,10.950,5449
10247,110639.930,12.272,5449
10248,110651.336,11.400,5449
10249,110661.258, 9.927,5449
10250,110672.250,10.994,5449
10251,110683.734,11.481,5449
10252,110695.164,11.434,5449
10253,110706.922,11.756,5449
10254,110718.164,11.239,5449
10255,110729.398,11.231,5449
10256,110740.469,11.080,5449
10257,110751.969,11.489,5449
10258,110763.828,11.870,5449
10259,110774.375,10.540,5449
10260,110785.883,11.515,5449
10261,110797.234,11.346,5449
10262,110809.508,12.278,5449
10263,110820.305,10.791,5449
10264,110831.266,10.971,5449
10265,110842.508,11.238,5449
10266,110853.773,11.263,5449
10267,110864.953,11.178,5449
10268,110876.930,11.982,5449
10269,110887.352,10.416,5449
10270,110899.805,12.458,5449
10271,110910.680,10.865,5449
10272,110923.242,12.571,5449
10273,110934.555,11.315,5449
10274,110945.000,10.441,5449
10275,110956.031,11.032,5449
10276,110966.781,10.752,5449
10277,110978.953,12.167,5449
10278,110990.352,11.398,5449
10279,111001.820,11.471,5449
10280,111013.313,11.491,5449
10281,111024.477,11.164,5449
10282,111036.398,11.925,5449
10283,111047.469,11.067,5449
10284,111059.172,11.705,5449
10285,111070.430,11.260,5449
10286,111082.164,11.735,5449
10287,111093.188,11.023,5449
10288,111104.273,11.090,5449
10289,111116.227,11.946,5449
10290,111127.094,10.863,5449
10291,111138.516,11.426,5449
10292,111149.523,11.012,5449
10293,111160.391,10.863,5449
10294,111171.805,11.412,5449
10295,111183.398,11.598,5449
10296,111194.328,10.921,5449
10297,111206.086,11.761,5449
10298,111217.523,11.442,5449
10299,111228.898,11.379,5449
10300,111239.867,10.965,5449
10301,111251.328,11.458,5449
10302,111262.961,11.632,5449
10303,111274.234,11.282,5449
10304,111285.766,11.525,5449
10305,111297.203,11.442,5449
10306,111308.203,10.999,5449
10307,111320.297,12.084,5449
10308,111332.180,11.895,5449
10309,111343.781,11.597,5449
10310,111355.555,11.774,5449
10311,111366.969,11.412,5449
10312,111379.211,12.246,5449
10313,111389.711,10.497,5449
10314,111401.430,11.716,5449
10315,111413.484,12.061,5449
10316,111426.484,12.995,5449
10317,111438.156,11.676,5449
10318,111449.688,11.526,5449
10319,111461.625,11.940,5449
10320,111472.891,11.265,5449
10321,111485.125,12.233,5449
10322,111496.078,10.955,5449
10323,111508.844,12.767,5449
10324,111520.703,11.859,5449
10325,111531.773,11.066,5449
10326,111545.289,13.519,5449
10327,111556.219,10.935,5449
10328,111567.750,11.523,5449
10329,111579.875,12.132,5449
10330,111590.969,11.089,5449
10331,111603.875,12.913,5449
10332,111615.453,11.575,5449
10333,111627.672,12.211,5449
10334,111639.680,12.009,5449
10335,111651.242,11.569,5449
10336,111663.586,12.348,5449
10337,111674.297,10.702,5449
10338,111687.055,12.760,5449
10339,111698.359,11.304,5449
10340,111711.266,12.906,5449
10341,111722.531,11.267,5449
10342,111734.836,12.304,5449
10343,111746.703,11.868,5449
10344,111758.789,12.088,5449
10345,111770.172,11.379,5449
10346,111782.266,12.097,5449
10347,111793.992,11.717,5449
10348,111806.391,12.400,5449
10349,111819.461,13.077,5449
10350,111830.789,11.323,5449
10351,111842.375,11.589,5449
10352,111854.516,12.144,5449
10353,111865.969,11.447,5449
10354,111877.836,11.875,5449
10355,111890.289,12.445,5449
10356,111901.375,11.086,5449
10357,111913.750,12.376,5449
10358,111925.320,11.572,5449
10359,111937.906,12.586,5449
10360,111948.891,10.988,5449
10361,111961.602,12.710,5449
10362,111973.211,11.612,5449
10363,111986.500,13.288,5449
10364,111997.523,11.026,5449
10365,112009.781,12.251,5449
10366,112022.172,12.390,5449
10367,112033.859,11.692,5449
10368,112047.875,14.019,5449
10369,112058.586,10.709,5449
10370,112069.844,11.257,5449
10371,112082.617,12.768,5449
10372,112094.031,11.414,5449
10373,112106.250,12.225,5449
10374,112117.797,11.544,5449
10375,112130.672,12.871,5449
10376,112143.297,12.623,5449
10377,112155.133,11.843,5449
10378,112167.156,12.022,5449
10379,112178.711,11.554,5449
10380,112191.016,12.302,5449
10381,112203.461,12.452,5449
10382,112215.930,12.469,5449
10383,112226.656,10.719,5449
10384,112239.000,12.345,5449
10385,112251.266,12.270,5449
10386,112263.273,12.011,5449
10387,112275.820,12.543,5449
10388,112287.453,11.629,5449
10389,112299.813,12.362,5449
10390,112311.250,11.436,5449
10391,112323.297,12.041,5449
10392,112336.250,12.965,5449
10393,112347.359,11.100,5449
10394,112360.023,12.662,5449
10395,112371.445,11.424,5449
10396,112384.203,12.767,5449
10397,112395.797,11.590,5449
10398,112409.219,13.425,5449
10399,112420.398,11.172,5449
10400,112433.000,12.598,5449
10401,112443.750,10.757,5449
10402,112456.266,12.518,5449
10403,112468.805,12.535,5449
10404,112480.734,11.928,5449
10405,112492.781,12.049,5449
10406,112504.367,11.584,5449
10407,112516.375,12.006,5449
10408,112528.758,12.388,5449
10409,112540.188,11.433,5449
10410,112552.797,12.609,5449
10411,112564.719,11.915,5449
10412,112577.000,12.280,5449
10413,112588.820,11.827,5449
10414,112603.000,14.179,5449
10415,112614.906,11.908,5449
10416,112625.781,10.872,5449
10417,112638.461,12.678,5449
10418,112650.078,11.620,5449
10419,112663.930,13.853,5449
10420,112675.391,11.458,5449
10421,112687.008,11.614,5449
10422,112697.984,10.978,5449
10423,112711.883,13.905,5449
10424,112723.547,11.659,5449
10425,112734.898,11.352,5449
10426,112748.258,13.366,5449
10427,112760.156,11.890,5449
10428,112772.648,12.490,5449
10429,112785.148,12.508,5449
10430,112797.188,12.040,5449
10431,112809.195,12.004,5449
10432,112821.859,12.663,5449
10433,112834.109,12.253,5449
10434,112844.500,10.393,5449
10435,112858.281,13.771,5449
10436,112871.461,13.187,5449
10437,112883.719,12.256,5449
10438,112896.164,12.449,5449
10439,112907.773,11.607,5449
10440,112920.680,12.905,5449
10441,112932.547,11.867,5449
10442,112944.188,11.640,5449
10443,112956.336,12.149,5449
10444,112968.406,12.073,5449
10445,112980.094,11.681,5449
10446,112993.492,13.399,5449
10447,113005.250,11.765,5449
10448,113017.469,12.213,5449
10449,113029.211,11.746,5449
10450,113042.055,12.839,5449
10451,113054.266,12.215,5449
10452,113065.969,11.697,5449
10453,113078.211,12.252,5449
10454,113090.320,12.101,5449
10455,113102.758,12.437,5449
10456,113114.633,11.872,5449
10457,113126.859,12.238,5449
10458,113139.266,12.407,5449
10459,113151.531,12.265,5449
10460,113164.055,12.515,5449
10461,113175.984,11.933,5449
10462,113190.375,14.393,5449
10463,113202.031,11.653,5449
10464,113214.578,12.549,5449
10465,113225.844,11.268,5449
10466,113238.070,12.220,5449
10467,113250.633,12.566,5449
10468,113263.063,12.428,5449
10469,113274.516,11.457,5449
10470,113286.703,12.185,5449
10471,113299.344,12.637,5449
10472,113311.180,11.842,5449
10473,113323.875,12.695,5449
10474,113335.156,11.280,5449
10475,113347.719,12.557,5449
10476,113360.867,13.157,5449
10477,113373.484,12.615,5449
10478,113385.586,12.104,5449
10479,113398.227,12.641,5449
10480,113410.680,12.447,5449
10481,113422.086,11.407,5449
10482,113433.469,11.383,5449
10483,113445.391,11.924,5449
10484,113458.625,13.230,5449
10485,113471.188,12.568,5449
10486,113482.008,10.816,5449
10487,113493.680,11.670,5449
10488,113506.227,12.550,5449
10489,113518.836,12.610,5449
10490,113531.898,13.068,5449
10491,113543.813,11.911,5449
10492,113555.875,12.060,5449
10493,113567.781,11.904,5449
10494,113579.922,12.147,5449
10495,113592.164,12.236,5449
10496,113604.547,12.390,5449
10497,113616.836,12.282,5449
10498,113628.422,11.583,5449
10499,113640.875,12.457,5449
10500,113652.953,12.071,5449
10501,113665.250,12.307,5449
10502,113676.594,11.341,5449
10503,113688.773,12.180,5449
10504,113701.711,12.936,5449
10505,113713.250,11.548,5449
10506,113726.000,12.743,5449
10507,113738.117,12.113,5449
10508,113750.719,12.607,5449
10509,113763.305,12.579,5449
10510,113774.500,11.203,5449
10511,113788.039,13.533,5449
10512,113800.922,12.888,5449
10513,113811.430,10.508,5449
10514,113823.813,12.384,5449
10515,113836.266,12.452,5449
10516,113847.984,11.716,5449
10517,113861.461,13.480,5449
10518,113871.672,10.207,5449
10519,113884.844,13.178,5449
10520,113897.461,12.609,5449
10521,113910.461,13.003,5449
10522,113921.898,11.439,5449
10523,113934.469,12.572,5449
10524,113946.297,11.824,5449
10525,113959.242,12.950,5449
10526,113971.047,11.799,5449
10527,113983.906,12.868,5449
10528,113995.703,11.793,5449
10529,114008.195,12.495,5449
10530,114020.109,11.909,5449
10531,114033.188,13.076,5449
10532,114044.688,11.503,5449
10533,114057.727,13.040,5449
10534,114069.219,11.496,5449
10535,114081.906,12.689,5449
10536,114094.398,12.487,5449
10537,114106.867,12.465,5449
10538,114117.680,10.813,5449
10539,114130.844,13.168,5449
10540,114143.086,12.237,5449
10541,114155.070,11.985,5449
10542,114167.016,11.948,5449
10543,114180.805,13.789,5449
10544,114193.219,12.415,5449
10545,114205.508,12.292,5449
10546,114217.414,11.903,5449
10547,114229.133,11.721,5449
10548,114241.398,12.265,5449
10549,114254.289,12.887,5449
10550,114266.789,12.498,5449
10551,114278.797,12.012,5449
10552,114289.172,10.371,5449
10553,114303.586,14.417,5449
10554,114314.945,11.356,5449
10555,114327.227,12.287,5449
10556,114339.633,12.398,5449
10557,114351.906,12.284,5449
10558,114364.219,12.309,5449
10559,114376.164,11.942,5449
10560,114388.656,12.489,5449
10561,114400.906,12.256,5449
10562,114413.148,12.242,5449
10563,114425.305,12.155,5449
10564,114437.703,12.400,5449
10565,114450.914,13.214,5449
10566,114463.430,12.512,5449
10567,114476.820,13.395,5449
10568,114488.258,11.438,5449
10569,114500.953,12.687,5449
10570,114513.070,12.122,5449
10571,114525.664,12.587,5449
10572,114537.086,11.423,5449
10573,114549.656,12.575,5449
10574,114562.352,12.689,5449
10575,114577.359,15.008,5449
10576,114588.000,10.642,5449
10577,114599.930,11.935,5449
10578,114611.625,11.694,5449
10579,114624.313,12.682,5449
10580,114636.484,12.178,5449
10581,114648.813,12.329,5449
10582,114661.008,12.191,5449
10583,114673.461,12.454,5449
10584,114687.398,13.934,5449
10585,114699.836,12.442,5449
10586,114712.367,12.528,5449
10587,114724.625,12.256,5449
10588,114737.039,12.417,5449
10589,114749.719,12.677,5449
10590,114761.758,12.046,5449
10591,114772.422,10.658,5449
10592,114786.500,14.088,5449
10593,114798.820,12.315,5449
10594,114810.867,12.052,5449
10595,114821.672,10.795,5449
10596,114835.883,14.218,5449
10597,114847.703,11.819,5449
10598,114859.336,11.631,5449
10599,114872.219,12.886,5449
10600,114884.555,12.337,5449
10601,114896.914,12.357,5449
10602,114910.133,13.216,5449
10603,114921.086,10.956,5449
10604,114933.289,12.194,5449
10605,114946.672,13.389,5449
10606,114959.414,12.742,5449
10607,114972.344,12.926,5449
10608,114984.813,12.475,5449
10609,114995.570,10.759,5449
10610,115008.422,12.853,5449
10611,115020.648,12.217,5449
10612,115033.391,12.745,5449
10613,115045.375,11.984,5449
10614,115058.477,13.104,5449
10615,115069.953,11.475,5449
10616,115082.828,12.882,5449
10617,115094.531,11.704,5449
10618,115107.281,12.741,5449
10619,115118.914,11.640,5449
10620,115132.266,13.350,5449
10621,115143.781,11.516,5449
10622,115156.359,12.570,5449
10623,115168.313,11.955,5449
10624,115180.914,12.611,5449
10625,115192.641,11.718,5449
10626,115205.172,12.533,5449
10627,115217.023,11.851,5449
10628,115230.500,13.478,5449
10629,115242.406,11.903,5449
10630,115255.367,12.959,5449
10631,115267.930,12.569,5449
10632,115279.703,11.769,5449
10633,115292.734,13.033,5449
10634,115305.773,13.044,5449
10635,115317.531,11.760,5449
10636,115330.781,13.246,5449
10637,115343.523,12.739,5449
10638,115356.125,12.606,5449
10639,115368.688,12.557,5449
10640,115382.516,13.837,5449
10641,115396.078,13.559,5449
10642,115408.195,12.116,5449
10643,115419.445,11.246,5449
10644,115431.500,12.060,5449
10645,115443.797,12.295,5449
10646,115457.250,13.458,5449
10647,115469.523,12.272,5449
10648,115483.141,13.617,5449
10649,115495.953,12.806,5449
10650,115507.742,11.793,5449
10651,115520.805,13.058,5449
10652,115533.734,12.935,5449
10653,115546.047,12.311,5449
10654,115559.477,13.434,5449
10655,115570.805,11.324,5449
10656,115582.211,11.405,5449
10657,115592.742,10.530,5449
10658,115603.820,11.079,5449
10659,115616.172,12.354,5449
10660,115629.234,13.065,5449
10661,115641.016,11.778,5449
10662,115652.883,11.865,5449
10663,115665.398,12.519,5449
10664,115678.477,13.079,5449
10665,115690.867,12.390,5449
10666,115702.320,11.450,5449
10667,115716.438,14.120,5449
10668,115727.891,11.458,5449
10669,115740.586,12.690,5449
10670,115751.445,10.854,5449
10671,115765.039,13.598,5449
10672,115777.406,12.368,5449
10673,115791.305,13.891,5449
10674,115803.953,12.652,5449
10675,115816.352,12.397,5449
10676,115828.281,11.928,5449
10677,115840.023,11.745,5449
10678,115851.773,11.754,5449
10679,115864.422,12.647,5449
10680,115876.633,12.208,5449
10681,115889.047,12.414,5449
10682,115901.555,12.510,5449
10683,115914.539,12.987,5449
10684,115927.000,12.454,5449
10685,115937.414,10.421,5449
10686,115949.813,12.397,5449
10687,115962.859,13.048,5449
10688,115975.477,12.614,5449
10689,115987.492,12.017,5449
10690,116000.016,12.522,5449
10691,116013.594,13.586,5449
10692,116026.141,12.541,5449
10693,116037.445,11.309,5449
10694,116050.883,13.439,5449
10695,116063.180,12.292,5449
10696,116074.945,11.758,5449
10697,116087.266,12.334,5449
10698,116099.648,12.373,5449
10699,116111.711,12.062,5449
10700,116124.359,12.649,5449
10701,116136.234,11.879,5449
10702,116148.906,12.671,5449
10703,116161.375,12.466,5449
10704,116175.430,14.054,5449
10705,116188.508,13.086,5449
10706,116200.969,12.456,5449
10707,116211.688,10.714,5449
10708,116223.820,12.140,5449
10709,116235.297,11.468,5449
10710,116247.328,12.033,5449
10711,116260.000,12.677,5449
10712,116272.477,12.477,5449
10713,116284.336,11.859,5449
10714,116297.023,12.685,5449
10715,116309.367,12.343,5449
10716,116321.672,12.308,5449
10717,116334.984,13.306,5449
10718,116347.375,12.395,5449
10719,116358.969,11.592,5449
10720,116371.727,12.762,5449
10721,116383.758,12.033,5449
10722,116397.664,13.900,5449
10723,116410.000,12.334,5449
10724,116421.906,11.914,5449
10725,116434.063,12.151,5449
10726,116446.555,12.498,5449
10727,116459.695,13.136,5449
10728,116471.898,12.205,5449
10729,116484.836,12.940,5449
10730,116497.313,12.471,5449
10731,116510.344,13.028,5449
10732,116523.039,12.703,5449
10733,116535.414,12.377,5449
10734,116548.078,12.660,5449
10735,116559.750,11.674,5449
10736,116572.445,12.693,5449
10737,116586.711,14.262,5449
10738,116598.617,11.909,5449
10739,116610.758,12.142,5449
10740,116622.477,11.719,5449
10741,116634.688,12.208,5449
10742,116648.117,13.433,5449
10743,116659.703,11.582,5449
10744,116672.070,12.373,5449
10745,116684.195,12.127,5449
10746,116697.125,12.928,5449
10747,116709.555,12.429,5449
10748,116723.438,13.879,5449
10749,116735.883,12.447,5449
10750,116746.336,10.450,5449
10751,116761.234,14.903,5449
10752,116771.055, 9.818,5449
10753,116784.508,13.453,5449
10754,116796.758,12.254,5449
10755,116809.578,12.823,5449
10756,116822.180,12.601,5449
10757,116834.023,11.838,5449
10758,116845.500,11.476,5449
10759,116856.336,10.837,5449
10760,116870.719,14.379,5449
10761,116883.000,12.279,5449
10762,116896.398,13.406,5449
10763,116908.758,12.356,5449
10764,116920.648,11.887,5449
10765,116933.305,12.655,5449
10766,116943.758,10.462,5449
10767,116955.609,11.843,5449
10768,116970.867,15.269,5449
10769,116984.117,13.246,5449
10770,116996.609,12.489,5449
10771,117008.852,12.243,5449
10772,117020.211,11.368,5449
10773,117032.000,11.782,5449
10774,117044.492,12.496,5449
10775,117057.047,12.552,5449
10776,117070.180,13.134,5449
10777,117082.984,12.804,5449
10778,117095.109,12.122,5449
10779,117107.273,12.162,5449
10780,117119.289,12.020,5449
10781,117131.578,12.293,5449
10782,117143.969,12.383,5449
10783,117157.141,13.174,5449
10784,117168.992,11.849,5449
10785,117182.313,13.322,5449
10786,117193.672,11.357,5449
10787,117206.656,12.985,5449
10788,117219.016,12.362,5449
10789,117231.359,12.345,5449
10790,117244.523,13.167,5449
10791,117255.969,11.440,5449
10792,117268.898,12.939,5449
10793,117280.711,11.800,5449
10794,117294.281,13.569,5449
10795,117306.719,12.440,5449
10796,117318.969,12.252,5449
10797,117331.711,12.744,5449
10798,117344.617,12.899,5449
10799,117357.891,13.284,5449
10800,117369.922,12.029,5449
10801,117383.984,14.060,5449
10802,117396.852,12.872,5449
10803,117409.063,12.205,5449
10804,117420.828,11.773,5449
10805,117432.898,12.068,5449
10806,117445.492,12.590,5449
10807,117458.703,13.209,5449
10808,117470.617,11.911,5449
10809,117484.406,13.792,5449
10810,117497.883,13.485,5449
10811,117509.477,11.588,5449
10812,117521.977,12.496,5449
10813,117536.664,14.689,5449
10814,117549.734,13.077,5449
10815,117562.484,12.744,5449
10816,117573.852,11.373,5449
10817,117585.664,11.805,5449
10818,117597.773,12.111,5449
10819,117611.672,13.896,5449
10820,117623.852,12.185,5449
10821,117637.023,13.169,5449
10822,117649.000,11.975,5449
10823,117661.664,12.663,5449
10824,117675.695,14.037,5449
10825,117687.547,11.856,5449
10826,117699.203,11.657,5449
10827,117713.281,14.071,5449
10828,117725.352,12.071,5449
10829,117738.648,13.291,5449
10830,117750.852,12.210,5449
10831,117763.375,12.522,5449
10832,117776.531,13.164,5449
10833,117790.445,13.906,5449
10834,117803.383,12.938,5449
10835,117815.078,11.694,5449
10836,117827.148,12.075,5449
10837,117840.445,13.294,5449
10838,117853.523,13.078,5449
10839,117865.938,12.413,5449
10840,117879.492,13.560,5449
10841,117891.813,12.315,5449
10842,117905.039,13.226,5449
10843,117916.969,11.932,5449
10844,117930.453,13.485,5449
10845,117942.344,11.885,5449
10846,117955.961,13.621,5449
10847,117968.211,12.255,5449
10848,117980.875,12.662,5449
10849,117994.000,13.120,5449
10850,118006.453,12.460,5449
10851,118020.813,14.360,5449
10852,118033.891,13.081,5449
10853,118046.875,12.977,5449
10854,118059.789,12.913,5449
10855,118072.875,13.093,5449
10856,118085.414,12.537,5449
10857,118098.313,12.893,5449
10858,118111.703,13.390,5449
10859,118124.344,12.640,5449
10860,118138.328,13.987,5449
10861,118150.617,12.285,5449
10862,118163.430,12.820,5449
10863,118176.508,13.078,5449
10864,118191.664,15.154,5449
10865,118206.578,14.917,5449
10866,118221.664,15.078,5449
10867,118236.719,15.056,5449
10868,118253.039,16.324,5449
10869,118266.102,13.058,5449
10870,118279.758,13.660,5449
10871,118292.094,12.336,5449
10872,118304.523,12.432,5449
10873,118318.664,14.135,5449
10874,118331.734,13.073,5449
10875,118343.250,11.516,5449
10876,118354.945,11.692,5449
10877,118366.727,11.786,5449
10878,118379.719,12.987,5449
10879,118393.188,13.479,5449
10880,118404.727,11.534,5449
10881,118416.125,11.400,5449
10882,118426.727,10.600,5449
10883,118439.008,12.275,5449
10884,118451.531,12.529,5449
10885,118465.094,13.560,5449
10886,118478.453,13.359,5449
10887,118491.906,13.463,5449
10888,118504.961,13.047,5449
10889,118518.031,13.068,5449
10890,118531.953,13.920,5449
10891,118544.453,12.503,5449
10892,118558.438,13.987,5449
10893,118570.492,12.052,5449
10894,118582.359,11.870,5449
10895,118596.117,13.753,5449
10896,118609.031,12.917,5449
10897,118621.531,12.503,5449
10898,118634.766,13.233,5449
10899,118647.414,12.648,5449
10900,118660.227,12.817,5449
10901,118674.070,13.840,5449
10902,118685.836,11.764,5449
10903,118697.555,11.721,5449
10904,118710.141,12.582,5449
10905,118723.055,12.916,5449
10906,118735.711,12.655,5449
10907,118750.016,14.301,5449
10908,118762.555,12.549,5449
10909,118776.656,14.093,5449
10910,118788.641,11.987,5449
10911,118801.273,12.633,5449
10912,118813.859,12.586,5449
10913,118827.188,13.331,5449
10914,118839.719,12.530,5449
10915,118852.531,12.813,5449
10916,118865.445,12.913,5449
10917,118878.750,13.307,5449
10918,118891.359,12.605,5449
10919,118904.070,12.712,5449
10920,118915.781,11.708,5449
10921,118929.289,13.511,5449
10922,118942.914,13.626,5449
10923,118954.984,12.071,5449
10924,118966.461,11.475,5449
10925,118980.633,14.166,5449
10926,118993.945,13.311,5449
10927,119006.234,12.298,5449
10928,119018.133,11.895,5449
10929,119030.539,12.408,5449
10930,119043.086,12.549,5449
10931,119055.031,11.946,5449
10932,119068.539,13.505,5449
10933,119082.555,14.021,5449
10934,119095.367,12.802,5449
10935,119107.664,12.300,5449
10936,119118.836,11.177,5449
10937,119131.586,12.748,5449
10938,119144.313,12.721,5449
10939,119156.984,12.674,5449
10940,119169.898,12.922,5449
10941,119182.547,12.648,5449
10942,119195.578,13.031,5449
10943,119208.906,13.327,5449
10944,119221.406,12.498,5449
10945,119234.211,12.803,5449
10946,119247.352,13.138,5449
10947,119259.570,12.228,5449
10948,119273.016,13.436,5449
10949,119286.070,13.057,5449
10950,119298.547,12.481,5449
10951,119311.367,12.816,5449
10952,119324.047,12.682,5449
10953,119336.578,12.535,5449
10954,119349.766,13.183,5449
10955,119362.867,13.100,5449
10956,119376.039,13.172,5449
10957,119390.672,14.630,5449
10958,119403.117,12.450,5449
10959,119415.398,12.279,5449
10960,119427.852,12.453,5449
10961,119439.969,12.113,5449
10962,119453.719,13.755,5449
10963,119466.008,12.285,5449
10964,119478.555,12.554,5449
10965,119491.844,13.289,5449
10966,119504.836,12.990,5449
10967,119518.117,13.284,5449
10968,119530.570,12.454,5449
10969,119542.789,12.217,5449
10970,119556.602,13.804,5449
10971,119569.148,12.551,5449
10972,119581.875,12.731,5449
10973,119596.109,14.233,5449
10974,119608.203,12.096,5449
10975,119622.047,13.836,5449
10976,119634.508,12.464,5449
10977,119647.797,13.295,5449
10978,119660.359,12.559,5449
10979,119672.484,12.122,5449
10980,119684.789,12.306,5449
10981,119699.586,14.799,5449
10982,119712.141,12.552,5449
10983,119724.867,12.729,5449
10984,119737.625,12.753,5449
10985,119749.492,11.874,5449
10986,119762.070,12.570,5449
10987,119775.141,13.077,5449
10988,119789.313,14.168,5449
10989,119801.258,11.954,5449
10990,119813.703,12.440,5449
10991,119825.461,11.759,5449
10992,119840.086,14.623,5449
10993,119851.602,11.509,5449
10994,119865.398,13.802,5449
10995,119878.727,13.327,5449
10996,119891.063,12.341,5449
10997,119903.305,12.239,5449
10998,119916.789,13.485,5449
10999,119929.492,12.702,5449
11000,119942.758,13.270,5449
11001,119955.688,12.922,5449
11002,119968.656,12.970,5449
11003,119981.445,12.793,5449
11004,119994.664,13.217,5449
11005,120006.711,12.047,5449
11006,120019.906,13.200,5449
11007,120032.656,12.746,5449
11008,120046.031,13.372,5449
11009,120059.211,13.182,5449
11010,120071.188,11.976,5449
11011,120084.984,13.791,5449
11012,120096.406,11.426,5449
11013,120109.992,13.585,5449
11014,120122.406,12.414,5449
11015,120135.273,12.871,5449
11016,120148.992,13.716,5449
11017,120162.344,13.356,5449
11018,120175.219,12.872,5449
11019,120190.086,14.871,5449
11020,120202.094,12.003,5449
11021,120214.242,12.150,5449
11022,120225.727,11.483,5449
11023,120240.461,14.734,5449
11024,120253.289,12.823,5449
11025,120265.734,12.455,5449
11026,120278.531,12.797,5449
11027,120292.070,13.534,5449
11028,120304.875,12.809,5449
11029,120317.477,12.604,5449
11030,120329.852,12.371,5449
11031,120341.961,12.103,5449
11032,120354.617,12.663,5449
11033,120368.563,13.951,5449
11034,120381.984,13.411,5449
11035,120394.383,12.402,5449
11036,120407.242,12.861,5449
11037,120420.242,12.999,5449
11038,120433.266,13.017,5449
11039,120446.414,13.153,5449
11040,120460.961,14.543,5449
11041,120474.813,13.858,5449
11042,120490.938,16.121,5449
11043,120505.766,14.835,5449
11044,120520.281,14.505,5449
11045,120533.055,12.780,5449
11046,120545.109,12.057,5449
11047,120557.094,11.985,5449
11048,120568.383,11.283,5449
11049,120581.219,12.846,5449
11050,120595.914,14.693,5449
11051,120608.742,12.828,5449
11052,120620.383,11.635,5449
11053,120632.133,11.756,5449
11054,120643.469,11.331,5449
11055,120655.383,11.911,5449
11056,120667.398,12.021,5449
11057,120679.914,12.515,5449
11058,120690.695,10.782,5449
11059,120704.297,13.597,5449
11060,120717.359,13.062,5449
11061,120729.828,12.476,5449
11062,120743.125,13.297,5449
11063,120756.203,13.078,5449
11064,120770.664,14.452,5449
11065,120782.969,12.311,5449
11066,120794.281,11.308,5449
11067,120808.281,14.000,5449
11068,120820.648,12.369,5449
11069,120833.805,13.157,5449
11070,120846.195,12.395,5449
11071,120859.234,13.036,5449
11072,120872.492,13.259,5449
11073,120885.602,13.103,5449
11074,120898.398,12.798,5449
11075,120911.313,12.913,5449
11076,120924.563,13.260,5449
11077,120938.242,13.677,5449
11078,120951.086,12.842,5449
11079,120964.250,13.170,5449
11080,120978.727,14.466,5449
11081,120992.742,14.020,5449
11082,121004.656,11.909,5449
11083,121018.016,13.363,5449
11084,121030.445,12.430,5449
11085,121043.422,12.980,5449
11086,121057.477,14.052,5449
11087,121069.102,11.627,5449
11088,121081.625,12.520,5449
11089,121094.320,12.691,5449
11090,121107.984,13.670,5449
11091,121121.328,13.341,5449
11092,121135.133,13.808,5449
11093,121147.313,12.175,5449
11094,121158.820,11.510,5449
11095,121171.664,12.841,5449
11096,121185.047,13.386,5449
11097,121199.586,14.541,5449
11098,121211.922,12.343,5449
11099,121223.758,11.830,5449
11100,121236.867,13.112,5449
11101,121249.969,13.097,5449
11102,121262.516,12.551,5449
11103,121275.703,13.182,5449
11104,121289.063,13.357,5449
11105,121302.109,13.051,5449
11106,121315.281,13.167,5449
11107,121327.750,12.471,5449
11108,121341.063,13.317,5449
11109,121353.422,12.354,5449
11110,121366.383,12.963,5449
11111,121380.102,13.724,5449
11112,121394.250,14.145,5449
11113,121406.391,12.141,5449
11114,121419.141,12.752,5449
11115,121431.773,12.632,5449
11116,121444.883,13.109,5449
11117,121458.086,13.199,5449
11118,121471.477,13.394,5449
11119,121484.266,12.780,5449
11120,121496.531,12.275,5449
11121,121509.875,13.341,5449
11122,121522.828,12.959,5449
11123,121536.195,13.362,5449
11124,121549.289,13.090,5449
11125,121562.867,13.588,5449
11126,121576.227,13.357,5449
11127,121588.648,12.414,5449
11128,121600.875,12.237,5449
11129,121614.172,13.290,5449
11130,121628.078,13.906,5449
11131,121641.195,13.122,5449
11132,121654.688,13.488,5449
11133,121669.203,14.523,5449
11134,121684.438,15.228,5449
11135,121699.414,14.975,5449
11136,121711.781,12.365,5449
11137,121723.453,11.679,5449
11138,121735.383,11.925,5449
11139,121746.852,11.468,5449
11140,121759.875,13.028,5449
11141,121772.688,12.809,5449
11142,121786.031,13.344,5449
11143,121798.375,12.341,5449
11144,121810.180,11.808,5449
11145,121821.750,11.566,5449
11146,121834.727,12.981,5449
11147,121847.516,12.790,5449
11148,121861.266,13.743,5449
11149,121873.633,12.373,5449
11150,121886.828,13.199,5449
11151,121899.328,12.494,5449
11152,121911.914,12.593,5449
11153,121926.445,14.528,5449
11154,121938.523,12.081,5449
11155,121951.758,13.230,5449
11156,121965.320,13.564,5449
11157,121978.688,13.363,5449
11158,121990.563,11.883,5449
11159,122004.180,13.612,5449
11160,122017.477,13.298,5449
11161,122030.289,12.809,5449
11162,122043.227,12.946,5449
11163,122056.711,13.478,5449
11164,122069.289,12.572,5449
11165,122081.094,11.810,5449
11166,122095.398,14.306,5449
11167,122107.984,12.582,5449
11168,122120.906,12.931,5449
11169,122133.516,12.606,5449
11170,122146.117,12.600,5449
11171,122159.945,13.827,5449
11172,122172.469,12.528,5449
11173,122186.688,14.211,5449
11174,122198.711,12.025,5449
11175,122211.242,12.540,5449
11176,122223.477,12.233,5449
11177,122236.508,13.030,5449
11178,122249.219,12.712,5449
11179,122262.820,13.602,5449
11180,122275.063,12.239,5449
11181,122288.266,13.195,5449
11182,122301.422,13.165,5449
11183,122314.422,12.999,5449
11184,122326.953,12.522,5449
11185,122339.773,12.831,5449
11186,122353.156,13.381,5449
11187,122365.797,12.643,5449
11188,122378.836,13.035,5449
11189,122392.602,13.760,5449
11190,122405.461,12.870,5449
11191,122418.305,12.835,5449
11192,122431.063,12.759,5449
11193,122443.148,12.087,5449
11194,122455.422,12.273,5449
11195,122468.516,13.094,5449
11196,122480.375,11.861,5449
11197,122493.719,13.339,5449
11198,122506.336,12.618,5449
11199,122519.539,13.213,5449
11200,122532.023,12.481,5449
11201,122544.484,12.457,5449
11202,122556.602,12.114,5449
11203,122569.039,12.438,5449
11204,122582.789,13.755,5449
11205,122595.414,12.623,5449
11206,122607.977,12.562,5449
11207,122620.422,12.445,5449
11208,122632.695,12.272,5449
11209,122645.836,13.144,5449
11210,122658.375,12.538,5449
11211,122670.664,12.292,5449
11212,122682.828,12.164,5449
11213,122694.938,12.108,5449
11214,122709.016,14.077,5449
11215,122722.078,13.064,5449
11216,122734.086,12.003,5449
11217,122746.836,12.753,5449
11218,122759.344,12.505,5449
11219,122772.625,13.281,5449
11220,122785.453,12.831,5449
11221,122799.102,13.650,5449
11222,122810.852,11.753,5449
11223,122823.766,12.908,5449
11224,122836.063,12.298,5449
11225,122848.633,12.568,5449
11226,122860.070,11.442,5449
11227,122872.742,12.673,5449
11228,122885.555,12.811,5449
11229,122897.805,12.251,5449
11230,122910.492,12.685,5449
11231,122923.320,12.823,5449
11232,122935.898,12.586,5449
11233,122948.578,12.684,5449
11234,122961.273,12.685,5449
11235,122973.883,12.617,5449
11236,122988.430,14.546,5449
11237,123000.578,12.146,5449
11238,123012.969,12.387,5449
11239,123025.891,12.930,5449
11240,123037.789,11.893,5449
11241,123050.133,12.343,5449
11242,123063.383,13.249,5449
11243,123075.078,11.702,5449
11244,123087.680,12.593,5449
11245,123100.180,12.511,5449
11246,123113.273,13.081,5449
11247,123125.555,12.290,5449
11248,123138.859,13.303,5449
11249,123151.156,12.296,5449
11250,123163.609,12.447,5449
11251,123176.313,12.709,5449
11252,123188.859,12.550,5449
11253,123201.031,12.171,5449
11254,123213.828,12.793,5449
11255,123226.047,12.219,5449
11256,123238.711,12.661,5449
11257,123252.938,14.231,5449
11258,123264.875,11.939,5449
11259,123277.289,12.412,5449
11260,123290.305,13.013,5449
11261,123302.875,12.576,5449
11262,123315.820,12.946,5449
11263,123328.016,12.191,5449
11264,123338.859,10.846,5449
11265,123351.328,12.467,5449
11266,123364.102,12.771,5449
11267,123376.531,12.433,5449
11268,123390.125,13.597,5449
11269,123402.031,11.900,5449
11270,123414.211,12.189,5449
11271,123427.398,13.180,5449
11272,123439.055,11.659,5449
11273,123451.656,12.601,5449
11274,123464.742,13.087,5449
11275,123476.813,12.070,5449
11276,123487.891,11.082,5449
11277,123500.969,13.067,5449
11278,123514.633,13.669,5449
11279,123526.008,11.371,5449
11280,123537.992,11.991,5449
11281,123549.719,11.725,5449
11282,123563.484,13.768,5449
11283,123575.438,11.952,5449
11284,123588.469,13.034,5449
11285,123600.609,12.134,5449
11286,123612.750,12.146,5449
11287,123626.047,13.291,5449
11288,123637.750,11.708,5449
11289,123649.961,12.204,5449
11290,123662.867,12.915,5449
11291,123675.992,13.122,5449
11292,123688.656,12.662,5449
11293,123701.328,12.670,5449
11294,123713.734,12.408,5449
11295,123725.930,12.192,5449
11296,123738.273,12.348,5449
11297,123750.695,12.424,5449
11298,123763.688,12.989,5449
11299,123776.211,12.527,5449
11300,123790.117,13.908,5449
11301,123803.008,12.887,5449
11302,123814.859,11.857,5449
11303,123828.031,13.162,5449
11304,123840.914,12.887,5449
11305,123852.898,11.984,5449
11306,123865.250,12.358,5449
11307,123877.492,12.236,5449
11308,123891.453,13.959,5449
11309,123903.672,12.223,5449
11310,123916.695,13.024,5449
11311,123931.727,15.025,5449
11312,123944.180,12.463,5449
11313,123957.492,13.304,5449
11314,123970.500,13.014,5449
11315,123982.203,11.704,5449
11316,123995.797,13.592,5449
11317,124007.055,11.257,5449
11318,124018.352,11.294,5449
11319,124030.117,11.767,5449
11320,124041.016,10.898,5449
11321,124051.695,10.677,5449
11322,124063.594,11.898,5449
11323,124075.039,11.444,5449
11324,124087.086,12.048,5449
11325,124100.414,13.332,5449
11326,124112.102,11.685,5449
11327,124123.703,11.599,5449
11328,124136.539,12.844,5449
11329,124149.055,12.509,5449
11330,124161.633,12.579,5449
11331,124173.570,11.939,5449
11332,124185.672,12.099,5449
11333,124199.844,14.174,5449
11334,124212.742,12.898,5449
11335,124224.148,11.407,5449
11336,124236.594,12.443,5449
11337,124248.828,12.240,5449
11338,124260.969,12.136,5449
11339,124272.891,11.925,5449
11340,124285.156,12.270,5449
11341,124297.133,11.975,5449
11342,124308.750,11.613,5449
11343,124322.813,14.065,5449
11344,124335.344,12.524,5449
11345,124347.508,12.173,5449
11346,124359.750,12.242,5449
11347,124372.234,12.487,5449
11348,124385.383,13.139,5449
11349,124397.695,12.317,5449
11350,124409.617,11.917,5449
11351,124421.555,11.947,5449
11352,124434.000,12.438,5449
11353,124446.617,12.611,5449
11354,124459.406,12.798,5449
11355,124471.148,11.741,5449
11356,124483.000,11.845,5449
11357,124494.820,11.825,5449
11358,124507.836,13.019,5449
11359,124519.914,12.081,5449
11360,124532.016,12.094,5449
11361,124544.563,12.557,5449
11362,124557.438,12.867,5449
11363,124569.625,12.188,5449
11364,124582.672,13.047,5449
11365,124596.469,13.800,5449
11366,124608.367,11.893,5449
11367,124619.805,11.443,5449
11368,124630.750,10.939,5449
11369,124642.930,12.182,5449
11370,124654.836,11.911,5449
11371,124666.938,12.096,5449
11372,124679.633,12.691,5449
11373,124691.094,11.467,5449
11374,124703.813,12.724,5449
11375,124714.688,10.865,5449
11376,124726.836,12.158,5449
11377,124738.594,11.751,5449
11378,124752.500,13.911,5449
11379,124763.680,11.173,5449
11380,124775.813,12.141,5449
11381,124788.664,12.842,5449
11382,124801.578,12.926,5449
11383,124813.258,11.667,5449
11384,124824.961,11.705,5449
11385,124837.914,12.963,5449
11386,124850.711,12.787,5449
11387,124862.266,11.556,5449
11388,124874.203,11.942,5449
11389,124886.648,12.442,5449
11390,124898.773,12.128,5449
11391,124911.633,12.858,5449
11392,124923.070,11.435,5449
11393,124936.047,12.979,5449
11394,124948.000,11.948,5449
11395,124959.578,11.590,5449
11396,124972.734,13.151,5449
11397,124985.672,12.936,5449
11398,124999.258,13.579,5449
11399,125010.727,11.478,5449
11400,125022.406,11.676,5449
11401,125034.781,12.374,5449
11402,125046.836,12.062,5449
11403,125058.805,11.965,5449
11404,125072.430,13.621,5449
11405,125084.391,11.961,5449
11406,125096.688,12.298,5449
11407,125108.289,11.598,5449
11408,125121.477,13.197,5449
11409,125133.555,12.079,5449
11410,125145.570,12.018,5449
11411,125158.531,12.959,5449
11412,125170.984,12.441,5449
11413,125183.594,12.614,5449
11414,125194.750,11.160,5449
11415,125207.664,12.913,5449
11416,125220.203,12.540,5449
11417,125233.172,12.969,5449
11418,125246.430,13.259,5449
11419,125258.305,11.871,5449
11420,125270.641,12.335,5449
11421,125283.492,12.855,5449
11422,125296.086,12.588,5449
11423,125308.211,12.136,5449
11424,125320.195,11.981,5449
11425,125332.867,12.668,5449
11426,125344.945,12.076,5449
11427,125357.719,12.777,5449
11428,125369.070,11.351,5449
11429,125381.398,12.331,5449
11430,125395.125,13.728,5449
11431,125408.422,13.291,5449
11432,125419.977,11.553,5449
11433,125432.148,12.172,5449
11434,125443.742,11.597,5449
11435,125457.898,14.159,5449
11436,125469.633,11.727,5449
11437,125481.820,12.196,5449
11438,125494.500,12.677,5449
11439,125507.914,13.413,5449
11440,125521.445,13.530,5449
11441,125533.719,12.272,5449
11442,125546.117,12.398,5449
11443,125557.336,11.221,5449
11444,125569.172,11.838,5449
11445,125580.086,10.912,5449
11446,125590.844,10.762,5449
11447,125603.078,12.228,5449
11448,125615.273,12.192,5449
11449,125627.141,11.871,5449
11450,125640.875,13.740,5449
11451,125651.758,10.881,5449
11452,125663.477,11.720,5449
11453,125676.273,12.787,5449
11454,125689.242,12.976,5449
11455,125700.508,11.267,5449
11456,125713.273,12.762,5449
11457,125725.211,11.942,5449
11458,125738.211,13.002,5449
11459,125750.297,12.074,5449
11460,125763.063,12.771,5449
11461,125776.219,13.164,5449
11462,125788.703,12.476,5449
11463,125800.820,12.123,5449
11464,125816.344,15.522,5449
11465,125829.242,12.901,5449
11466,125841.906,12.662,5449
11467,125853.898,11.991,5449
11468,125865.500,11.605,5449
11469,125876.180,10.674,5449
11470,125887.086,10.908,5449
11471,125898.398,11.311,5449
11472,125910.469,12.075,5449
11473,125922.680,12.201,5449
11474,125934.617,11.941,5449
11475,125948.133,13.516,5449
11476,125961.070,12.941,5449
11477,125972.031,10.959,5449
11478,125985.047,13.014,5449
11479,125997.695,12.646,5449
11480,126010.188,12.498,5449
11481,126022.148,11.965,5449
11482,126034.789,12.635,5449
11483,126045.656,10.869,5449
11484,126060.000,14.343,5449
11485,126071.570,11.574,5449
11486,126083.063,11.488,5449
11487,126097.148,14.088,5449
11488,126108.930,11.772,5449
11489,126122.000,13.077,5449
11490,126134.625,12.622,5449
11491,126146.156,11.534,5449
11492,126157.523,11.368,5449
11493,126169.844,12.321,5449
11494,126182.516,12.670,5449
11495,126194.516,12.005,5449
11496,126209.227,14.708,5449
11497,126222.070,12.845,5449
11498,126234.266,12.193,5449
11499,126247.547,13.282,5449
11500,126260.180,12.631,5449
11501,126272.328,12.149,5449
11502,126284.438,12.114,5449
11503,126296.984,12.544,5449
11504,126308.539,11.559,5449
11505,126320.445,11.899,5449
11506,126331.195,10.756,5449
11507,126343.391,12.191,5449
11508,126355.883,12.494,5449
11509,126367.344,11.458,5449
11510,126379.805,12.460,5449
11511,126391.453,11.654,5449
11512,126404.438,12.977,5449
11513,126416.734,12.303,5449
11514,126429.336,12.599,5449
11515,126441.789,12.451,5449
11516,126453.977,12.190,5449
11517,126466.289,12.312,5449
11518,126477.906,11.618,5449
11519,126491.336,13.424,5449
11520,126503.125,11.795,5449
11521,126515.852,12.729,5449
11522,126528.953,13.097,5449
11523,126540.703,11.747,5449
11524,126553.375,12.672,5449
11525,126566.969,13.596,5449
11526,126578.523,11.560,5449
11527,126590.852,12.325,5449
11528,126602.898,12.054,5449
11529,126616.453,13.550,5449
11530,126629.070,12.613,5449
11531,126640.633,11.557,5449
11532,126652.805,12.182,5449
11533,126666.086,13.278,5449
11534,126677.750,11.667,5449
11535,126689.164,11.414,5449
11536,126701.367,12.202,5449
11537,126713.453,12.084,5449
11538,126726.352,12.896,5449
11539,126739.164,12.819,5449
11540,126751.453,12.287,5449
11541,126762.195,10.747,5449
11542,126774.438,12.238,5449
11543,126786.344,11.900,5449
11544,126798.852,12.515,5449
11545,126811.055,12.202,5449
11546,126822.977,11.919,5449
11547,126837.078,14.102,5449
11548,126848.555,11.482,5449
11549,126860.000,11.441,5449
11550,126872.242,12.244,5449
11551,126884.242,12.003,5449
11552,126897.266,13.016,5449
11553,126909.617,12.352,5449
11554,126922.703,13.084,5449
11555,126933.500,10.801,5449
11556,126946.359,12.859,5449
11557,126959.461,13.098,5449
11558,126971.375,11.913,5449
11559,126984.328,12.957,5449
11560,126996.148,11.818,5449
11561,127007.859,11.715,5449
11562,127021.484,13.626,5449
11563,127033.344,11.858,5449
11564,127045.180,11.834,5449
11565,127057.828,12.654,5449
11566,127070.547,12.720,5449
11567,127083.398,12.847,5449
11568,127096.438,13.040,5449
11569,127107.438,10.998,5449
11570,127119.555,12.124,5449
11571,127130.938,11.370,5449
11572,127144.898,13.973,5449
11573,127157.539,12.635,5449
11574,127169.828,12.286,5449
11575,127182.648,12.816,5449
11576,127194.867,12.232,5449
11577,127207.945,13.071,5449
11578,127220.133,12.186,5449
11579,127233.195,13.069,5449
11580,127245.508,12.309,5449
11581,127257.719,12.208,5449
11582,127270.242,12.531,5449
11583,127283.945,13.694,5449
11584,127296.844,12.905,5449
11585,127308.875,12.030,5449
11586,127321.461,12.588,5449
11587,127333.703,12.241,5449
11588,127346.734,13.031,5449
11589,127359.875,13.140,5449
11590,127372.336,12.459,5449
11591,127386.570,14.239,5449
11592,127399.125,12.553,5449
11593,127412.313,13.185,5449
11594,127426.547,14.239,5449
11595,127440.891,14.343,5449
11596,127453.297,12.400,5449
11597,127466.031,12.738,5449
11598,127478.648,12.615,5449
11599,127489.922,11.273,5449
11600,127502.805,12.888,5449
11601,127513.805,10.996,5449
11602,127526.352,12.544,5449
11603,127538.352,11.999,5449
11604,127549.727,11.379,5449
11605,127561.125,11.396,5449
11606,127573.594,12.469,5449
11607,127585.969,12.375,5449
11608,127597.680,11.709,5449
11609,127610.453,12.782,5449
11610,127622.297,11.836,5449
11611,127634.648,12.350,5449
11612,127647.789,13.145,5449
11613,127660.297,12.505,5449
11614,127673.531,13.242,5449
11615,127686.039,12.503,5449
11616,127698.695,12.658,5449
11617,127710.344,11.645,5449
11618,127722.891,12.555,5449
11619,127735.797,12.904,5449
11620,127747.141,11.341,5449
11621,127760.203,13.067,5449
11622,127772.391,12.177,5449
11623,127784.555,12.173,5449
11624,127796.461,11.906,5449
11625,127811.375,14.911,5449
11626,127825.328,13.951,5449
11627,127837.953,12.620,5449
11628,127849.602,11.651,5449
11629,127861.781,12.181,5449
11630,127874.156,12.377,5449
11631,127886.648,12.494,5449
11632,127898.039,11.392,5449
11633,127911.156,13.117,5449
11634,127923.875,12.716,5449
11635,127936.141,12.270,5449
11636,127948.828,12.687,5449
11637,127961.008,12.173,5449
11638,127973.563,12.559,5449
11639,127986.617,13.053,5449
11640,127999.445,12.827,5449
11641,128011.641,12.190,5449
11642,128024.469,12.837,5449
11643,128037.227,12.757,5449
11644,128049.188,11.963,5449
11645,128060.633,11.441,5449
11646,128074.633,14.000,5449
11647,128085.773,11.145,5449
11648,128100.000,14.219,5449
11649,128112.938,12.941,5449
11650,128125.008,12.066,5449
11651,128137.539,12.542,5449
11652,128148.969,11.417,5449
11653,128161.094,12.135,5449
11654,128174.492,13.394,5449
11655,128186.461,11.973,5449
11656,128199.711,13.249,5449
11657,128212.445,12.730,5449
11658,128225.297,12.851,5449
11659,128237.758,12.462,5449
11660,128249.594,11.833,5449
11661,128262.313,12.720,5449
11662,128275.703,13.391,5449
11663,128288.688,12.986,5449
11664,128300.570,11.888,5449
11665,128313.063,12.488,5449
11666,128326.016,12.952,5449
11667,128338.633,12.613,5449
11668,128351.141,12.512,5449
11669,128363.281,12.137,5449
11670,128376.359,13.081,5449
11671,128388.523,12.166,5449
11672,128400.930,12.400,5449
11673,128412.922,11.992,5449
11674,128426.133,13.215,5449
11675,128438.398,12.271,5449
11676,128451.094,12.691,5449
11677,128463.453,12.362,5449
11678,128476.922,13.462,5449
11679,128489.328,12.410,5449
11680,128502.625,13.298,5449
11681,128515.086,12.465,5449
11682,128528.383,13.292,5449
11683,128540.492,12.113,5449
11684,128553.063,12.564,5449
11685,128565.945,12.885,5449
11686,128580.922,14.972,5449
11687,128594.695,13.776,5449
11688,128609.188,14.497,5449
11689,128625.398,16.214,5449
11690,128639.156,13.759,5449
11691,128652.352,13.186,5449
11692,128664.375,12.024,5449
11693,128676.516,12.145,5449
11694,128689.133,12.616,5449
11695,128702.352,13.216,5449
11696,128714.898,12.554,5449
11697,128726.836,11.935,5449
11698,128740.141,13.308,5449
11699,128753.086,12.942,5449
11700,128765.688,12.601,5449
11701,128777.359,11.668,5449
11702,128788.664,11.307,5449
11703,128800.781,12.122,5449
11704,128812.586,11.799,5449
11705,128823.273,10.683,5449
11706,128835.211,11.950,5449
11707,128846.250,11.027,5449
11708,128860.531,14.292,5449
11709,128872.797,12.265,5449
11710,128884.586,11.780,5449
11711,128897.070,12.489,5449
11712,128910.172,13.104,5449
11713,128922.289,12.111,5449
11714,128935.266,12.979,5449
11715,128947.406,12.143,5449
11716,128960.641,13.234,5449
11717,128973.125,12.485,5449
11718,128985.773,12.651,5449
11719,128997.859,12.082,5449
11720,129012.422,14.567,5449
11721,129024.906,12.484,5449
11722,129037.930,13.012,5449
11723,129050.398,12.479,5449
11724,129062.961,12.558,5449
11725,129075.281,12.321,5449
11726,129088.703,13.424,5449
11727,129101.273,12.563,5449
11728,129113.961,12.694,5449
11729,129126.844,12.885,5449
11730,129138.648,11.803,5449
11731,129150.297,11.642,5449
11732,129163.211,12.926,5449
11733,129176.695,13.479,5449
11734,129188.938,12.235,5449
11735,129201.953,13.018,5449
11736,129214.492,12.545,5449
11737,129228.781,14.290,5449
11738,129241.781,12.998,5449
11739,129253.898,12.121,5449
11740,129266.977,13.073,5449
11741,129279.305,12.325,5449
11742,129291.219,11.923,5449
11743,129303.641,12.410,5449
11744,129316.789,13.154,5449
11745,129329.844,13.054,5449
11746,129342.586,12.742,5449
11747,129355.633,13.044,5449
11748,129368.750,13.121,5449
11749,129381.117,12.372,5449
11750,129393.867,12.752,5449
11751,129405.930,12.051,5449
11752,129416.414,10.493,5449
11753,129431.930,15.505,5449
11754,129446.188,14.267,5449
11755,129458.273,12.081,5449
11756,129469.766,11.496,5449
11757,129482.281,12.508,5449
11758,129494.836,12.561,5449
11759,129507.688,12.851,5449
11760,129520.711,13.024,5449
11761,129532.805,12.092,5449
11762,129547.078,14.278,5449
11763,129559.484,12.405,5449
11764,129572.438,12.954,5449
11765,129584.344,11.907,5449
11766,129598.250,13.900,5449
11767,129609.711,11.461,5449
11768,129622.602,12.887,5449
11769,129635.453,12.860,5449
11770,129649.469,14.014,5449
11771,129662.148,12.685,5449
11772,129674.453,12.300,5449
11773,129687.086,12.634,5449
11774,129700.102,13.016,5449
11775,129712.688,12.581,5449
11776,129725.641,12.958,5449
11777,129738.602,12.956,5449
11778,129751.422,12.826,5449
11779,129764.617,13.192,5449
11780,129775.914,11.295,5449
11781,129789.734,13.819,5449
11782,129802.008,12.280,5449
11783,129815.453,13.444,5449
11784,129830.180,14.728,5449
11785,129842.344,12.159,5449
11786,129854.969,12.626,5449
11787,129868.445,13.477,5449
11788,129881.070,12.623,5449
11789,129892.555,11.494,5449
11790,129904.109,11.549,5449
11791,129918.492,14.387,5449
11792,129930.313,11.814,5449
11793,129943.469,13.156,5449
11794,129956.258,12.786,5449
11795,129967.203,10.954,5449
11796,129982.055,14.846,5449
11797,129994.633,12.581,5449
11798,130008.047,13.409,5449
11799,130021.008,12.962,5449
11800,130033.195,12.192,5449
11801,130044.961,11.758,5449
11802,130058.352,13.397,5449
11803,130071.344,12.990,5449
11804,130085.117,13.779,5449
11805,130097.289,12.165,5449
11806,130109.250,11.961,5449
11807,130122.016,12.769,5449
11808,130135.172,13.155,5449
11809,130147.883,12.717,5449
11810,130160.430,12.543,5449
11811,130172.531,12.100,5449
11812,130185.523,12.992,5449
11813,130198.039,12.517,5449
11814,130211.352,13.306,5449
11815,130223.445,12.096,5449
11816,130237.461,14.024,5449
11817,130249.945,12.477,5449
11818,130262.703,12.757,5449
11819,130274.891,12.192,5449
11820,130287.102,12.211,5449
11821,130299.828,12.730,5449
11822,130312.164,12.336,5449
11823,130325.586,13.412,5449
11824,130338.141,12.563,5449
11825,130350.797,12.653,5449
11826,130363.508,12.716,5449
11827,130375.734,12.225,5449
11828,130388.453,12.716,5449
11829,130402.469,14.018,5449
11830,130415.008,12.537,5449
11831,130427.703,12.689,5449
11832,130440.313,12.611,5449
11833,130453.984,13.671,5449
11834,130465.992,12.006,5449
11835,130478.602,12.615,5449
11836,130491.234,12.636,5449
11837,130503.703,12.466,5449
11838,130515.961,12.257,5449
11839,130528.344,12.378,5449
11840,130540.563,12.231,5449
11841,130551.961,11.392,5449
11842,130565.852,13.896,5449
11843,130578.938,13.074,5449
11844,130591.180,12.251,5449
11845,130604.328,13.145,5449
11846,130616.984,12.652,5449
11847,130630.703,13.720,5449
11848,130646.086,15.391,5449
11849,130659.461,13.369,5449
11850,130671.336,11.874,5449
11851,130684.406,13.070,5449
11852,130697.570,13.172,5449
11853,130710.508,12.933,5449
11854,130725.711,15.204,5449
11855,130738.016,12.304,5449
11856,130750.094,12.080,5449
11857,130762.453,12.355,5449
11858,130775.227,12.779,5449
11859,130789.758,14.525,5449
11860,130802.891,13.140,5449
11861,130814.430,11.538,5449
11862,130825.617,11.183,5449
11863,130837.438,11.825,5449
11864,130848.977,11.532,5449
11865,130860.547,11.573,5449
11866,130873.953,13.406,5449
11867,130887.078,13.123,5449
11868,130898.805,11.735,5449
11869,130909.945,11.130,5449
11870,130922.094,12.151,5449
11871,130933.313,11.220,5449
11872,130944.922,11.610,5449
11873,130958.086,13.167,5449
11874,130970.453,12.370,5449
11875,130982.359,11.900,5449
11876,130995.492,13.132,5449
11877,131008.172,12.682,5449
11878,131020.320,12.145,5449
11879,131032.680,12.362,5449
11880,131047.250,14.564,5449
11881,131059.750,12.511,5449
11882,131071.719,11.967,5449
11883,131083.859,12.141,5449
11884,131096.734,12.872,5449
11885,131108.844,12.114,5449
11886,131122.094,13.247,5449
11887,131134.813,12.712,5449
11888,131147.469,12.666,5449
11889,131158.984,11.518,5449
11890,131170.875,11.886,5449
11891,131184.844,13.966,5449
11892,131197.719,12.885,5449
11893,131211.156,13.433,5449
11894,131224.172,13.011,5449
11895,131236.016,11.843,5449
11896,131248.703,12.696,5449
11897,131261.609,12.898,5449
11898,131274.203,12.591,5449
11899,131288.109,13.899,5449
11900,131299.641,11.547,5449
11901,131311.625,11.978,5449
11902,131323.766,12.145,5449
11903,131337.844,14.078,5449
11904,131349.313,11.465,5449
11905,131362.156,12.838,5449
11906,131375.219,13.063,5449
11907,131388.672,13.459,5449
11908,131401.625,12.956,5449
11909,131413.641,12.016,5449
11910,131425.813,12.170,5449
11911,131439.016,13.209,5449
11912,131451.094,12.066,5449
11913,131463.438,12.338,5449
11914,131475.594,12.166,5449
11915,131487.781,12.185,5449
11916,131500.297,12.517,5449
11917,131513.094,12.790,5449
11918,131525.500,12.416,5449
11919,131538.188,12.687,5449
11920,131550.672,12.491,5449
11921,131563.016,12.342,5449
11922,131575.484,12.457,5449
11923,131587.688,12.216,5449
11924,131600.328,12.631,5449
11925,131613.594,13.263,5449
11926,131625.734,12.148,5449
11927,131638.063,12.331,5449
11928,131650.688,12.630,5449
11929,131663.422,12.724,5449
11930,131676.266,12.841,5449
11931,131688.688,12.435,5449
11932,131700.672,11.973,5449
11933,131713.156,12.487,5449
11934,131726.266,13.104,5449
11935,131738.703,12.446,5449
11936,131750.656,11.944,5449
11937,131762.422,11.760,5449
11938,131775.781,13.372,5449
11939,131788.344,12.566,5449
11940,131801.109,12.757,5449
11941,131813.438,12.321,5449
11942,131826.547,13.120,5449
11943,131840.500,13.947,5449
11944,131853.016,12.526,5449
11945,131865.797,12.775,5449
11946,131879.922,14.121,5449
11947,131891.672,11.763,5449
11948,131903.391,11.708,5449
11949,131914.672,11.284,5449
11950,131927.719,13.052,5449
11951,131938.672,10.956,5449
11952,131950.563,11.883,5449
11953,131964.375,13.823,5449
11954,131977.313,12.936,5449
11955,131990.563,13.245,5449
11956,132003.438,12.873,5449
11957,132016.031,12.596,5449
11958,132028.688,12.648,5449
11959,132040.609,11.932,5449
11960,132053.688,13.078,5449
11961,132065.047,11.359,5449
11962,132077.438,12.376,5449
11963,132089.188,11.760,5449
11964,132102.938,13.748,5449
11965,132115.672,12.741,5449
11966,132126.953,11.280,5449
11967,132137.641,10.688,5449
11968,132151.188,13.538,5449
11969,132163.703,12.516,5449
11970,132176.422,12.724,5449
11971,132187.828,11.409,5449
11972,132199.516,11.674,5449
11973,132212.813,13.300,5449
11974,132225.109,12.306,5449
11975,132238.219,13.112,5449
11976,132249.984,11.756,5449
11977,132262.375,12.394,5449
11978,132274.219,11.847,5449
11979,132285.719,11.502,5449
11980,132298.141,12.414,5449
11981,132311.016,12.885,5449
11982,132322.734,11.710,5449
11983,132334.438,11.705,5449
11984,132347.391,12.959,5449
11985,132358.984,11.592,5449
11986,132371.078,12.091,5449
11987,132383.516,12.440,5449
11988,132395.766,12.249,5449
11989,132408.063,12.294,5449
11990,132420.266,12.200,5449
11991,132432.234,11.977,5449
11992,132444.984,12.739,5449
11993,132457.047,12.074,5449
11994,132469.063,12.021,5449
11995,132482.281,13.208,5449
11996,132494.000,11.722,5449
11997,132506.328,12.319,5449
11998,132518.766,12.432,5449
11999,132531.000,12.240,5449
12000,132542.516,11.524,5449
12001,132555.063,12.543,5449
12002,132566.875,11.810,5449
12003,132579.766,12.892,5449
12004,132592.328,12.568,5449
12005,132606.313,13.977,5449
12006,132618.469,12.161,5449
12007,132630.719,12.254,5449
12008,132645.063,14.336,5449
12009,132657.625,12.562,5449
12010,132669.016,11.395,5449
12011,132679.891,10.879,5449
12012,132690.938,11.050,5449
12013,132703.172,12.227,5449
12014,132714.266,11.095,5449
12015,132727.859,13.598,5449
12016,132741.250,13.388,5449
12017,132752.938,11.684,5449
12018,132765.328,12.398,5449
12019,132777.172,11.843,5449
12020,132788.109,10.930,5449
12021,132801.641,13.532,5449
12022,132813.234,11.593,5449
12023,132824.531,11.301,5449
12024,132836.422,11.890,5449
12025,132851.109,14.685,5449
12026,132864.703,13.599,5449
12027,132876.906,12.194,5449
12028,132888.531,11.634,5449
12029,132902.859,14.327,5449
12030,132916.203,13.341,5449
12031,132928.188,11.975,5449
12032,132939.875,11.691,5449
12033,132951.688,11.827,5449
12034,132963.094,11.398,5449
12035,132973.938,10.850,5449
12036,132986.125,12.182,5449
12037,132997.656,11.525,5449
12038,133009.938,12.286,5449
12039,133021.547,11.608,5449
12040,133033.859,12.305,5449
12041,133046.984,13.136,5449
12042,133058.469,11.476,5449
12043,133070.703,12.244,5449
12044,133082.594,11.888,5449
12045,133093.875,11.272,5449
12046,133105.656,11.798,5449
12047,133118.078,12.416,5449
12048,133130.281,12.205,5449
12049,133142.203,11.913,5449
12050,133153.719,11.519,5449
12051,133165.891,12.166,5449
12052,133178.266,12.374,5449
12053,133189.531,11.275,5449
12054,133202.688,13.152,5449
12055,133214.688,12.002,5449
12056,133225.391,10.714,5449
12057,133237.906,12.498,5449
12058,133249.219,11.323,5449
12059,133260.406,11.184,5449
12060,133272.266,11.865,5449
12061,133283.813,11.538,5449
12062,133296.813,12.994,5449
12063,133308.422,11.619,5449
12064,133320.203,11.776,5449
12065,133332.094,11.889,5449
12066,133343.719,11.640,5449
12067,133355.938,12.206,5449
12068,133366.781,10.842,5449
12069,133380.078,13.298,5449
12070,133393.781,13.702,5449
12071,133406.313,12.531,5449
12072,133418.625,12.320,5449
12073,133432.109,13.477,5449
12074,133448.313,16.214,5449
12075,133461.484,13.164,5449
12076,133472.906,11.419,5449
12077,133485.234,12.332,5449
12078,133498.078,12.834,5449
12079,133509.594,11.530,5449
12080,133520.859,11.258,5449
12081,133533.781,12.932,5449
12082,133546.109,12.319,5449
12083,133558.672,12.569,5449
12084,133571.656,12.985,5449
12085,133583.422,11.763,5449
12086,133594.250,10.824,5449
12087,133606.250,12.001,5449
12088,133617.000,10.751,5449
12089,133628.000,11.008,5449
12090,133638.344,10.338,5449
12091,133648.359,10.014,5449
12092,133658.922,10.563,5449
12093,133670.563,11.634,5449
12094,133682.406,11.851,5449
12095,133694.375,11.970,5449
12096,133706.953,12.584,5449
12097,133717.375,10.422,5449
12098,133729.859,12.469,5449
12099,133741.500,11.653,5449
12100,133753.000,11.497,5449
12101,133765.172,12.163,5449
12102,133776.875,11.711,5449
12103,133788.516,11.640,5449
12104,133800.625,12.106,5449
12105,133813.000,12.378,5449
12106,133824.531,11.537,5449
12107,133837.453,12.912,5449
12108,133849.672,12.233,5449
12109,133859.906,10.225,5449
12110,133872.203,12.290,5449
12111,133883.969,11.780,5449
12112,133895.750,11.766,5449
12113,133908.125,12.384,5449
12114,133921.141,13.009,5449
12115,133932.063,10.929,5449
12116,133943.344,11.290,5449
12117,133955.656,12.299,5449
12118,133968.328,12.671,5449
12119,133979.172,10.842,5449
12120,133991.078,11.903,5449
12121,134003.047,11.974,5449
12122,134014.703,11.660,5449
12123,134026.422,11.716,5449
12124,134039.500,13.086,5449
12125,134050.906,11.404,5449
12126,134062.797,11.891,5449
12127,134074.859,12.057,5449
12128,134085.609,10.745,5449
12129,134097.594,11.990,5449
12130,134110.625,13.035,5449
12131,134121.641,11.007,5449
12132,134134.781,13.145,5449
12133,134147.141,12.358,5449
12134,134158.266,11.128,5449
12135,134170.719,12.454,5449
12136,134181.656,10.942,5449
12137,134193.094,11.422,5449
12138,134205.563,12.484,5449
12139,134217.016,11.451,5449
12140,134229.547,12.528,5449
12141,134242.781,13.221,5449
12142,134254.781,12.005,5449
12143,134266.828,12.050,5449
12144,134279.531,12.697,5449
12145,134291.859,12.342,5449
12146,134303.188,11.333,5449
12147,134315.266,12.072,5449
12148,134327.813,12.541,5449
12149,134338.781,10.962,5449
12150,134350.031,11.272,5449
12151,134362.125,12.070,5449
12152,134373.734,11.629,5449
12153,134386.125,12.373,5449
12154,134396.953,10.832,5449
12155,134407.656,10.715,5449
12156,134420.125,12.458,5449
12157,134431.609,11.483,5449
12158,134443.578,11.977,5449
12159,134454.891,11.309,5449
12160,134466.938,12.052,5449
12161,134478.984,12.049,5449
12162,134490.422,11.440,5449
12163,134502.531,12.109,5449
12164,134514.703,12.175,5449
12165,134526.234,11.511,5449
12166,134537.063,10.834,5449
12167,134549.719,12.661,5449
12168,134562.125,12.399,5449
12169,134573.813,11.693,5449
12170,134586.344,12.526,5449
12171,134597.500,11.156,5449
12172,134610.484,12.998,5449
12173,134621.141,10.648,5449
12174,134633.484,12.348,5449
12175,134646.406,12.912,5449
12176,134657.625,11.229,5449
12177,134670.547,12.925,5449
12178,134681.938,11.395,5449
12179,134693.344,11.395,5449
12180,134705.297,11.963,5449
12181,134715.781,10.484,5449
12182,134726.984,11.198,5449
12183,134738.719,11.738,5449
12184,134750.969,12.241,5449
12185,134764.094,13.123,5449
12186,134776.281,12.192,5449
12187,134788.078,11.797,5449
12188,134799.688,11.610,5449
12189,134811.875,12.196,5449
12190,134823.594,11.698,5449
12191,134835.781,12.194,5449
12192,134847.172,11.394,5449
12193,134857.953,10.790,5449
12194,134869.484,11.510,5449
12195,134882.438,12.972,5449
12196,134894.703,12.269,5449
12197,134905.734,11.022,5449
12198,134918.625,12.899,5449
12199,134930.609,11.985,5449
12200,134942.250,11.635,5449
12201,134953.656,11.399,5449
12202,134965.859,12.208,5449
12203,134976.594,10.736,5449
12204,134987.156,10.559,5449
12205,135001.266,14.123,5449
12206,135012.453,11.182,5449
12207,135023.391,10.931,5449
12208,135036.250,12.863,5449
12209,135049.094,12.846,5449
12210,135059.984,10.884,5449
12211,135071.219,11.233,5449
12212,135082.609,11.401,5449
12213,135093.969,11.355,5449
12214,135105.484,11.512,5449
12215,135117.766,12.290,5449
12216,135129.531,11.747,5449
12217,135141.156,11.635,5449
12218,135151.859,10.711,5449
12219,135163.875,12.009,5449
12220,135176.281,12.397,5449
12221,135188.078,11.789,5449
12222,135199.234,11.170,5449
12223,135212.953,13.716,5449
12224,135224.203,11.254,5449
12225,135235.828,11.633,5449
12226,135247.922,12.094,5449
12227,135260.016,12.093,5449
12228,135271.234,11.223,5449
12229,135283.016,11.776,5449
12230,135293.750,10.733,5449
12231,135308.125,14.362,5449
12232,135319.984,11.879,5449
12233,135330.984,10.983,5449
12234,135343.250,12.278,5449
12235,135354.875,11.613,5449
12236,135366.359,11.492,5449
12237,135378.828,12.458,5449
12238,135390.469,11.650,5449
12239,135402.109,11.630,5449
12240,135415.156,13.053,5449
12241,135427.922,12.779,5449
12242,135440.125,12.189,5449
12243,135456.375,16.253,5449
12244,135471.031,14.651,5449
12245,135485.078,14.052,5449
12246,135500.406,15.332,5449
12247,135513.875,13.471,5449
12248,135528.250,14.372,5449
12249,135541.359,13.110,5449
12250,135554.641,13.286,5449
12251,135566.969,12.321,5449
12252,135579.125,12.160,5449
12253,135590.594,11.469,5449
12254,135603.672,13.076,5449
12255,135615.016,11.347,5449
12256,135625.484,10.458,5449
12257,135637.188,11.715,5449
12258,135647.516,10.322,5449
12259,135658.406,10.886,5449
12260,135668.141, 9.732,5449
12261,135678.109, 9.976,5449
12262,135689.641,11.525,5449
12263,135701.406,11.757,5449
12264,135712.750,11.352,5449
12265,135724.688,11.945,5449
12266,135735.484,10.797,5449
12267,135748.359,12.868,5449
12268,135759.281,10.930,5449
12269,135772.031,12.751,5449
12270,135783.563,11.523,5449
12271,135795.297,11.737,5449
12272,135808.234,12.934,5449
12273,135819.281,11.060,5449
12274,135830.984,11.690,5449
12275,135843.250,12.283,5449
12276,135855.734,12.472,5449
12277,135867.656,11.926,5449
12278,135878.953,11.285,5449
12279,135890.453,11.509,5449
12280,135902.453,11.997,5449
12281,135915.375,12.929,5449
12282,135926.672,11.295,5449
12283,135937.000,10.324,5449
12284,135949.000,11.994,5449
12285,135961.656,12.662,5449
12286,135972.766,11.098,5449
12287,135984.922,12.159,5449
12288,135997.063,12.146,5449
12289,136008.438,11.385,5449
12290,136020.203,11.760,5449
12291,136031.672,11.474,5449
12292,136044.469,12.796,5449
12293,136056.031,11.571,5449
12294,136068.469,12.427,5449
12295,136080.781,12.296,5449
12296,136092.797,12.025,5449
12297,136104.219,11.429,5449
12298,136115.859,11.643,5449
12299,136128.031,12.169,5449
12300,136139.797,11.771,5449
12301,136152.078,12.261,5449
12302,136164.031,11.980,5449
12303,136176.313,12.270,5449
12304,136187.984,11.678,5449
12305,136200.344,12.354,5449
12306,136212.875,12.527,5449
12307,136224.094,11.216,5449
12308,136234.906,10.811,5449
12309,136246.047,11.151,5449
12310,136259.516,13.458,5449
12311,136271.281,11.770,5449
12312,136282.750,11.463,5449
12313,136293.703,10.965,5449
12314,136305.125,11.419,5449
12315,136317.609,12.472,5449
12316,136328.969,11.369,5449
12317,136340.688,11.729,5449
12318,136352.047,11.363,5449
12319,136363.859,11.805,5449
12320,136375.859,12.005,5449
12321,136388.906,13.030,5449
12322,136400.641,11.747,5449
12323,136411.781,11.138,5449
12324,136423.500,11.711,5449
12325,136435.125,11.627,5449
12326,136447.609,12.479,5449
12327,136459.375,11.788,5449
12328,136472.203,12.802,5449
12329,136483.406,11.212,5449
12330,136495.359,11.971,5449
12331,136506.359,10.980,5449
12332,136517.906,11.557,5449
12333,136529.266,11.353,5449
12334,136540.250,10.979,5449
12335,136552.938,12.689,5449
12336,136565.000,12.060,5449
12337,136577.063,12.067,5449
12338,136588.391,11.331,5449
12339,136600.688,12.306,5449
12340,136611.531,10.829,5449
12341,136624.141,12.608,5449
12342,136636.703,12.577,5449
12343,136649.484,12.771,5449
12344,136662.313,12.833,5449
12345,136673.703,11.383,5449
12346,136685.188,11.487,5449
12347,136697.984,12.814,5449
12348,136709.734,11.735,5449
12349,136722.016,12.281,5449
12350,136732.328,10.318,5449
12351,136743.313,10.985,5449
12352,136753.609,10.289,5449
12353,136765.328,11.728,5449
12354,136778.234,12.890,5449
12355,136789.594,11.365,5449
12356,136800.609,11.024,5449
12357,136813.031,12.418,5449
12358,136826.125,13.082,5449
12359,136837.734,11.616,5449
12360,136848.609,10.885,5449
12361,136859.609,10.995,5449
12362,136872.797,13.184,5449
12363,136884.203,11.410,5449
12364,136895.219,11.014,5449
12365,136907.891,12.682,5449
12366,136920.328,12.426,5449
12367,136930.719,10.396,5449
12368,136944.156,13.434,5449
12369,136956.266,12.106,5449
12370,136968.000,11.751,5449
12371,136979.016,11.001,5449
12372,136991.250,12.235,5449
12373,137002.078,10.818,5449
12374,137012.859,10.794,5449
12375,137024.875,12.014,5449
12376,137036.203,11.318,5449
12377,137047.859,11.666,5449
12378,137061.297,13.437,5449
12379,137073.203,11.911,5449
12380,137083.203, 9.997,5449
12381,137094.828,11.617,5449
12382,137106.625,11.805,5449
12383,137118.672,12.059,5449
12384,137130.156,11.464,5449
12385,137142.406,12.262,5449
12386,137153.422,11.001,5449
12387,137164.922,11.505,5449
12388,137176.297,11.379,5449
12389,137186.688,10.397,5449
12390,137199.844,13.160,5449
12391,137210.922,11.069,5449
12392,137222.922,12.000,5449
12393,137234.672,11.760,5449
12394,137246.000,11.325,5449
12395,137258.219,12.214,5449
12396,137269.672,11.445,5449
12397,137281.625,11.958,5449
12398,137293.188,11.572,5449
12399,137304.406,11.205,5449
12400,137316.188,11.779,5449
12401,137327.672,11.491,5449
12402,137339.359,11.694,5449
12403,137350.984,11.626,5449
12404,137362.828,11.839,5449
12405,137374.344,11.505,5449
12406,137386.391,12.059,5449
12407,137398.344,11.943,5449
12408,137410.484,12.154,5449
12409,137421.375,10.884,5449
12410,137432.781,11.401,5449
12411,137446.297,13.513,5449
12412,137458.766,12.470,5449
12413,137470.984,12.227,5449
12414,137481.859,10.880,5449
12415,137494.109,12.233,5449
12416,137504.484,10.383,5449
12417,137517.016,12.535,5449
12418,137529.563,12.543,5449
12419,137541.016,11.460,5449
12420,137552.172,11.141,5449
12421,137564.344,12.176,5449
12422,137575.578,11.242,5449
12423,137587.969,12.388,5449
12424,137599.547,11.582,5449
12425,137610.484,10.933,5449
12426,137622.219,11.727,5449
12427,137633.969,11.771,5449
12428,137646.484,12.505,5449
12429,137657.641,11.153,5449
12430,137669.266,11.636,5449
12431,137681.516,12.231,5449
12432,137692.516,11.009,5449
12433,137704.109,11.590,5449
12434,137715.516,11.413,5449
12435,137727.516,11.991,5449
12436,137737.594,10.082,5449
12437,137751.969,14.388,5449
12438,137765.297,13.321,5449
12439,137780.266,14.969,5449
12440,137794.719,14.453,5449
12441,137809.750,15.036,5449
12442,137822.719,12.963,5449
12443,137834.688,11.981,5449
12444,137848.656,13.958,5449
12445,137864.156,15.496,5449
12446,137879.797,15.640,5449
12447,137892.328,12.538,5449
12448,137904.156,11.817,5449
12449,137916.047,11.903,5449
12450,137928.078,12.021,5449
12451,137941.250,13.186,5449
12452,137953.063,11.803,5449
12453,137966.594,13.534,5449
12454,137979.141,12.547,5449
12455,137990.172,11.029,5449
12456,138001.344,11.179,5449
12457,138012.281,10.923,5449
12458,138022.266, 9.992,5449
12459,138032.563,10.300,5449
12460,138042.219, 9.645,5449
12461,138052.750,10.528,5449
12462,138062.906,10.161,5449
12463,138076.859,13.951,5449
12464,138087.672,10.812,5449
12465,138099.375,11.713,5449
12466,138111.344,11.969,5449
12467,138122.125,10.778,5449
12468,138135.969,13.845,5449
12469,138146.547,10.581,5449
12470,138158.313,11.757,5449
12471,138169.719,11.411,5449
12472,138181.891,12.182,5449
12473,138192.359,10.454,5449
12474,138205.422,13.066,5449
12475,138217.469,12.045,5449
12476,138229.078,11.614,5449
12477,138240.828,11.737,5449
12478,138252.156,11.342,5449
12479,138265.703,13.542,5449
12480,138278.797,13.090,5449
12481,138290.484,11.690,5449
12482,138302.625,12.151,5449
12483,138314.000,11.378,5449
12484,138324.906,10.895,5449
12485,138335.906,11.015,5449
12486,138347.422,11.500,5449
12487,138359.141,11.717,5449
12488,138370.859,11.716,5449
12489,138381.969,11.126,5449
12490,138393.609,11.627,5449
12491,138405.766,12.169,5449
12492,138417.109,11.331,5449
12493,138428.953,11.848,5449
12494,138439.984,11.044,5449
12495,138451.141,11.153,5449
12496,138463.422,12.270,5449
12497,138475.078,11.651,5449
12498,138487.141,12.065,5449
12499,138497.266,10.130,5449
12500,138509.609,12.340,5449
12501,138520.453,10.856,5449
12502,138533.031,12.575,5449
12503,138544.641,11.603,5449
12504,138556.438,11.794,5449
12505,138567.859,11.422,5449
12506,138580.000,12.157,5449
12507,138591.734,11.722,5449
12508,138603.203,11.466,5449
12509,138615.609,12.407,5449
12510,138627.344,11.738,5449
12511,138639.641,12.286,5449
12512,138650.609,10.985,5449
12513,138663.000,12.389,5449
12514,138675.531,12.518,5449
12515,138686.922,11.396,5449
12516,138697.781,10.864,5449
12517,138708.688,10.917,5449
12518,138721.578,12.872,5449
12519,138732.672,11.112,5449
12520,138744.219,11.527,5449
12521,138756.391,12.179,5449
12522,138766.359, 9.970,5449
12523,138779.016,12.655,5449
12524,138790.953,11.931,5449
12525,138802.172,11.223,5449
12526,138813.063,10.891,5449
12527,138825.594,12.528,5449
12528,138836.938,11.352,5449
12529,138850.234,13.283,5449
12530,138860.094, 9.856,5449
12531,138873.125,13.044,5449
12532,138884.906,11.782,5449
12533,138896.609,11.705,5449
12534,138910.156,13.536,5449
12535,138922.813,12.655,5449
12536,138937.141,14.346,5449
12537,138949.641,12.490,5449
12538,138961.359,11.734,5449
12539,138973.750,12.385,5449
12540,138986.578,12.826,5449
12541,138997.734,11.148,5449
12542,139010.359,12.629,5449
12543,139021.328,10.970,5449
12544,139033.703,12.381,5449
12545,139045.453,11.740,5449
12546,139057.375,11.924,5449
12547,139070.328,12.945,5449
12548,139081.750,11.436,5449
12549,139092.000,10.257,5449
12550,139102.750,10.735,5449
12551,139112.734, 9.982,5449
12552,139123.063,10.329,5449
12553,139133.203,10.144,5449
12554,139144.266,11.055,5449
12555,139157.438,13.172,5449
12556,139168.328,10.896,5449
12557,139180.031,11.705,5449
12558,139191.734,11.703,5449
12559,139203.234,11.505,5449
12560,139214.688,11.451,5449
12561,139225.641,10.957,5449
12562,139237.719,12.075,5449
12563,139249.422,11.695,5449
12564,139260.313,10.895,5449
12565,139272.281,11.973,5449
12566,139282.922,10.638,5449
12567,139295.359,12.444,5449
12568,139306.953,11.578,5449
12569,139318.844,11.895,5449
12570,139330.313,11.473,5449
12571,139341.109,10.794,5449
12572,139353.141,12.037,5449
12573,139364.219,11.067,5449
12574,139376.422,12.207,5449
12575,139387.484,11.064,5449
12576,139399.469,11.985,5449
12577,139410.531,11.076,5449
12578,139423.156,12.623,5449
12579,139434.578,11.420,5449
12580,139447.109,12.522,5449
12581,139460.016,12.910,5449
12582,139471.641,11.619,5449
12583,139482.094,10.446,5449
12584,139493.281,11.203,5449
12585,139504.688,11.414,5449
12586,139516.094,11.380,5449
12587,139528.297,12.217,5449
12588,139539.891,11.591,5449
12589,139551.563,11.671,5449
12590,139563.766,12.214,5449
12591,139575.438,11.662,5449
12592,139587.578,12.139,5449
12593,139599.000,11.428,5449
12594,139611.266,12.275,5449
12595,139622.828,11.545,5449
12596,139634.703,11.884,5449
12597,139647.422,12.715,5449
12598,139657.375, 9.956,5449
12599,139671.422,14.038,5449
12600,139683.219,11.804,5449
12601,139695.125,11.905,5449
12602,139706.438,11.319,5449
12603,139717.891,11.457,5449
12604,139730.266,12.361,5449
12605,139741.969,11.714,5449
12606,139754.000,12.038,5449
12607,139765.938,11.935,5449
12608,139778.563,12.625,5449
12609,139789.125,10.555,5449
12610,139802.313,13.188,5449
12611,139812.750,10.430,5449
12612,139825.125,12.389,5449
12613,139836.313,11.177,5449
12614,139848.875,12.560,5449
12615,139861.453,12.581,5449
12616,139873.422,11.957,5449
12617,139885.453,12.030,5449
12618,139896.359,10.917,5449
12619,139908.906,12.550,5449
12620,139920.688,11.790,5449
12621,139932.203,11.500,5449
12622,139944.313,12.112,5449
12623,139956.938,12.621,5449
12624,139968.156,11.218,5449
12625,139980.328,12.185,5449
12626,139992.547,12.220,5449
12627,140003.703,11.143,5449
12628,140015.938,12.251,5449
12629,140027.328,11.384,5449
12630,140039.781,12.444,5449
12631,140051.094,11.324,5449
12632,140063.344,12.254,5449
12633,140075.234,11.894,5449
12634,140087.031,11.789,5449
12635,140099.125,12.098,5449
12636,140110.391,11.262,5449
12637,140122.766,12.365,5449
12638,140135.047,12.280,5449
12639,140147.578,12.527,5449
12640,140160.234,12.665,5449
12641,140171.578,11.342,5449
12642,140183.047,11.469,5449
12643,140195.734,12.687,5449
12644,140208.109,12.376,5449
12645,140220.078,11.960,5449
12646,140232.188,12.111,5449
12647,140244.234,12.051,5449
12648,140257.484,13.248,5449
12649,140268.766,11.277,5449
12650,140280.203,11.437,5449
12651,140292.391,12.194,5449
12652,140304.516,12.142,5449
12653,140316.703,12.187,5449
12654,140329.375,12.661,5449
12655,140340.297,10.926,5449
12656,140353.047,12.747,5449
12657,140364.938,11.882,5449
12658,140376.453,11.527,5449
12659,140388.484,12.033,5449
12660,140401.438,12.937,5449
12661,140411.422, 9.995,5449
12662,140425.141,13.725,5449
12663,140437.625,12.478,5449
12664,140450.969,13.337,5449
12665,140463.750,12.796,5449
12666,140475.500,11.740,5449
12667,140487.594,12.085,5449
12668,140498.563,10.988,5449
12669,140510.625,12.066,5449
12670,140523.031,12.401,5449
12671,140534.141,11.095,5449
12672,140545.984,11.858,5449
12673,140557.766,11.780,5449
12674,140569.938,12.179,5449
12675,140581.953,12.001,5449
12676,140593.734,11.790,5449
12677,140605.516,11.766,5449
12678,140617.734,12.232,5449
12679,140630.125,12.387,5449
12680,140641.844,11.718,5449
12681,140656.516,14.675,5449
12682,140668.219,11.702,5449
12683,140678.906,10.676,5449
12684,140691.938,13.041,5449
12685,140703.438,11.495,5449
12686,140715.500,12.065,5449
12687,140727.422,11.922,5449
12688,140740.625,13.212,5449
12689,140750.625,10.006,5449
12690,140762.688,12.063,5449
12691,140774.984,12.276,5449
12692,140787.984,13.013,5449
12693,140799.969,11.988,5449
12694,140811.188,11.215,5449
12695,140823.141,11.946,5449
12696,140834.891,11.744,5449
12697,140847.578,12.687,5449
12698,140859.563,11.990,5449
12699,140871.422,11.853,5449
12700,140883.953,12.548,5449
12701,140896.328,12.370,5449
12702,140908.359,12.027,5449
12703,140920.000,11.645,5449
12704,140932.125,12.116,5449
12705,140943.844,11.721,5449
12706,140957.109,13.277,5449
12707,140968.641,11.537,5449
12708,140980.391,11.732,5449
12709,140993.734,13.350,5449
12710,141005.813,12.082,5449
12711,141018.031,12.223,5449
12712,141029.125,11.092,5449
12713,141041.719,12.580,5449
12714,141054.922,13.198,5449
12715,141068.438,13.533,5449
12716,141080.031,11.599,5449
12717,141091.297,11.260,5449
12718,141103.844,12.542,5449
12719,141115.500,11.643,5449
12720,141126.531,11.055,5449
12721,141138.063,11.520,5449
12722,141151.781,13.718,5449
12723,141164.531,12.753,5449
12724,141176.906,12.369,5449
12725,141189.469,12.561,5449
12726,141201.859,12.397,5449
12727,141214.219,12.350,5449
12728,141225.797,11.595,5449
12729,141238.641,12.847,5449
12730,141250.891,12.226,5449
12731,141262.859,11.982,5449
12732,141276.969,14.112,5449
12733,141288.813,11.833,5449
12734,141300.359,11.558,5449
12735,141312.156,11.783,5449
12736,141324.484,12.333,5449
12737,141336.844,12.354,5449
12738,141349.313,12.492,5449
12739,141360.375,11.048,5449
12740,141373.438,13.056,5449
12741,141386.609,13.189,5449
12742,141399.047,12.421,5449
12743,141410.797,11.744,5449
12744,141423.000,12.211,5449
12745,141435.422,12.420,5449
12746,141448.063,12.643,5449
12747,141462.156,14.101,5449
12748,141473.938,11.791,5449
12749,141486.359,12.402,5449
12750,141498.938,12.588,5449
12751,141511.156,12.225,5449
12752,141522.219,11.055,5449
12753,141536.094,13.866,5449
12754,141548.250,12.159,5449
12755,141560.781,12.537,5449
12756,141572.938,12.157,5449
12757,141585.719,12.774,5449
12758,141598.656,12.958,5449
12759,141610.000,11.338,5449
12760,141622.609,12.610,5449
12761,141634.969,12.341,5449
12762,141646.953,11.997,5449
12763,141660.094,13.128,5449
12764,141671.703,11.611,5449
12765,141685.172,13.477,5449
12766,141698.203,13.030,5449
12767,141709.766,11.572,5449
12768,141721.438,11.658,5449
12769,141733.750,12.313,5449
12770,141747.359,13.623,5449
12771,141759.063,11.697,5449
12772,141771.875,12.817,5449
12773,141782.953,11.064,5449
12774,141795.313,12.375,5449
12775,141808.422,13.095,5449
12776,141820.359,11.946,5449
12777,141833.844,13.490,5449
12778,141845.047,11.188,5449
12779,141859.406,14.360,5449
12780,141870.656,11.258,5449
12781,141881.984,11.329,5449
12782,141894.547,12.562,5449
12783,141907.625,13.067,5449
12784,141918.703,11.100,5449
12785,141932.531,13.825,5449
12786,141943.359,10.821,5449
12787,141957.109,13.754,5449
12788,141968.063,10.932,5449
12789,141980.688,12.647,5449
12790,141993.797,13.105,5449
12791,142005.188,11.386,5449
12792,142018.188,12.999,5449
12793,142030.422,12.236,5449
12794,142043.500,13.071,5449
12795,142054.578,11.091,5449
12796,142068.281,13.692,5449
12797,142081.250,12.987,5449
12798,142093.766,12.507,5449
12799,142105.266,11.496,5449
12800,142117.813,12.554,5449
12801,142129.875,12.063,5449
12802,142141.031,11.155,5449
12803,142154.313,13.269,5449
12804,142166.766,12.459,5449
12805,142179.109,12.338,5449
12806,142191.141,12.042,5449
12807,142203.688,12.548,5449
12808,142216.359,12.669,5449
12809,142229.797,13.443,5449
12810,142240.703,10.898,5449
12811,142254.813,14.100,5449
12812,142266.844,12.034,5449
12813,142278.625,11.793,5449
12814,142290.563,11.939,5449
12815,142301.500,10.928,5449
12816,142315.672,14.177,5449
12817,142328.344,12.673,5449
12818,142338.828,10.472,5449
12819,142353.000,14.177,5449
12820,142364.250,11.244,5449
12821,142377.953,13.726,5449
12822,142389.031,11.062,5449
12823,142404.078,15.042,5449
12824,142415.813,11.752,5449
12825,142426.188,10.363,5449
12826,142440.781,14.584,5449
12827,142453.469,12.686,5449
12828,142466.656,13.199,5449
12829,142478.063,11.397,5449
12830,142489.625,11.564,5449
12831,142501.625,12.012,5449
12832,142514.078,12.448,5449
12833,142526.953,12.879,5449
12834,142538.969,12.016,5449
12835,142552.281,13.308,5449
12836,142564.219,11.929,5449
12837,142576.125,11.913,5449
12838,142589.422,13.289,5449
12839,142601.375,11.979,5449
12840,142613.547,12.155,5449
12841,142625.172,11.631,5449
12842,142638.281,13.106,5449
12843,142649.938,11.656,5449
12844,142663.234,13.295,5449
12845,142675.688,12.453,5449
12846,142687.891,12.207,5449
12847,142699.453,11.557,5449
12848,142711.813,12.360,5449
12849,142722.844,11.033,5449
12850,142735.813,12.980,5449
12851,142748.469,12.644,5449
12852,142759.922,11.454,5449
12853,142773.047,13.128,5449
12854,142784.750,11.702,5449
12855,142798.016,13.272,5449
12856,142809.172,11.154,5449
12857,142822.438,13.261,5449
12858,142834.672,12.236,5449
12859,142846.531,11.863,5449
12860,142859.094,12.561,5449
12861,142872.453,13.366,5449
12862,142884.250,11.784,5449
12863,142895.422,11.174,5449
12864,142908.828,13.403,5449
12865,142919.281,10.469,5449
12866,142932.422,13.133,5449
12867,142945.438,13.007,5449
12868,142957.953,12.527,5449
12869,142968.328,10.370,5449
12870,142982.469,14.148,5449
12871,142996.563,14.090,5449
12872,143006.625,10.056,5449
12873,143020.063,13.428,5449
12874,143031.359,11.316,5449
12875,143045.578,14.205,5449
12876,143057.672,12.094,5449
12877,143070.641,12.981,5449
12878,143083.359,12.718,5449
12879,143094.578,11.210,5449
12880,143106.875,12.293,5449
12881,143119.453,12.576,5449
12882,143131.203,11.761,5449
12883,143143.828,12.620,5449
12884,143155.984,12.158,5449
12885,143169.438,13.446,5449
12886,143180.906,11.471,5449
12887,143193.594,12.686,5449
12888,143205.500,11.901,5449
12889,143217.641,12.155,5449
12890,143230.484,12.844,5449
12891,143242.969,12.485,5449
12892,143255.188,12.217,5449
12893,143267.547,12.349,5449
12894,143280.250,12.716,5449
12895,143292.484,12.227,5449
12896,143305.063,12.586,5449
12897,143317.938,12.879,5449
12898,143329.906,11.972,5449
12899,143342.219,12.294,5449
12900,143355.078,12.871,5449
12901,143367.281,12.203,5449
12902,143380.078,12.784,5449
12903,143390.734,10.665,5449
12904,143404.828,14.090,5449
12905,143416.781,11.945,5449
12906,143429.422,12.645,5449
12907,143441.297,11.890,5449
12908,143452.500,11.203,5449
12909,143467.859,15.355,5449
12910,143480.344,12.487,5449
12911,143492.031,11.696,5449
12912,143504.281,12.239,5449
12913,143516.078,11.783,5449
12914,143530.250,14.179,5449
12915,143541.984,11.751,5449
12916,143554.406,12.406,5449
12917,143566.766,12.359,5449
12918,143579.531,12.768,5449
12919,143591.297,11.769,5449
12920,143603.844,12.540,5449
12921,143617.391,13.546,5449
12922,143628.703,11.325,5449
12923,143641.531,12.821,5449
12924,143653.578,12.048,5449
12925,143666.000,12.433,5449
12926,143678.469,12.454,5449
12927,143690.625,12.162,5449
12928,143703.422,12.785,5449
12929,143715.953,12.539,5449
12930,143727.344,11.391,5449
12931,143740.500,13.159,5449
12932,143752.000,11.507,5449
12933,143765.797,13.788,5449
12934,143777.234,11.445,5449
12935,143789.422,12.164,5449
12936,143802.609,13.213,5449
12937,143815.438,12.808,5449
12938,143828.109,12.682,5449
12939,143839.188,11.082,5449
12940,143852.500,13.309,5449
12941,143865.734,13.232,5449
12942,143878.234,12.492,5449
12943,143890.594,12.367,5449
12944,143902.125,11.521,5449
12945,143915.422,13.304,5449
12946,143926.406,10.997,5449
12947,143940.578,14.164,5449
12948,143952.688,12.122,5449
12949,143964.469,11.764,5449
12950,143977.594,13.132,5449
12951,143989.328,11.740,5449
12952,144002.109,12.773,5449
12953,144014.297,12.184,5449
12954,144026.328,12.037,5449
12955,144040.250,13.915,5449
12956,144051.141,10.899,5449
12957,144064.094,12.948,5449
12958,144076.375,12.278,5449
12959,144088.531,12.166,5449
12960,144100.766,12.224,5449
12961,144113.000,12.236,5449
12962,144125.016,12.026,5449
12963,144138.250,13.217,5449
12964,144150.875,12.634,5449
12965,144161.922,11.060,5449
12966,144175.469,13.536,5449
12967,144188.156,12.689,5449
12968,144200.344,12.191,5449
12969,144212.703,12.357,5449
12970,144223.953,11.246,5449
12971,144237.734,13.786,5449
12972,144249.672,11.937,5449
12973,144263.125,13.455,5449
12974,144276.016,12.894,5449
12975,144288.828,12.799,5449
12976,144300.078,11.241,5449
12977,144312.109,12.032,5449
12978,144324.641,12.547,5449
12979,144337.969,13.334,5449
12980,144350.078,12.088,5449
12981,144363.141,13.077,5449
12982,144375.063,11.915,5449
12983,144387.500,12.439,5449
12984,144400.203,12.699,5449
12985,144412.234,12.039,5449
12986,144424.578,12.355,5449
12987,144437.141,12.561,5449
12988,144449.875,12.727,5449
12989,144462.406,12.523,5449
12990,144474.688,12.302,5449
12991,144486.781,12.072,5449
12992,144499.469,12.690,5449
12993,144512.000,12.544,5449
12994,144524.297,12.284,5449
12995,144536.813,12.510,5449
12996,144549.453,12.641,5449
12997,144561.344,11.916,5449
12998,144574.203,12.834,5449
12999,144586.797,12.590,5449
13000,144598.063,11.280,5449
13001,144611.313,13.253,5449
13002,144623.703,12.380,5449
13003,144636.516,12.822,5449
13004,144647.938,11.432,5449
13005,144662.844,14.895,5449
13006,144675.266,12.421,5449
13007,144688.266,12.998,5449
13008,144700.125,11.855,5449
13009,144711.563,11.435,5449
13010,144724.344,12.784,5449
13011,144736.016,11.689,5449
13012,144749.609,13.588,5449
13013,144761.359,11.759,5449
13014,144773.766,12.401,5449
13015,144787.547,13.767,5449
13016,144798.453,10.913,5449
13017,144810.109,11.642,5449
13018,144822.938,12.835,5449
13019,144834.078,11.146,5449
13020,144847.188,13.107,5449
13021,144859.469,12.286,5449
13022,144872.297,12.826,5449
13023,144884.734,12.437,5449
13024,144896.563,11.839,5449
13025,144908.984,12.416,5449
13026,144921.359,12.377,5449
13027,144933.359,12.005,5449
13028,144946.203,12.826,5449
13029,144957.969,11.771,5449
13030,144970.922,12.954,5449
13031,144983.750,12.822,5449
13032,144995.938,12.201,5449
13033,145008.063,12.107,5449
13034,145020.516,12.466,5449
13035,145033.094,12.571,5449
13036,145044.422,11.334,5449
13037,145058.656,14.240,5449
13038,145071.594,12.930,5449
13039,145082.125,10.526,5449
13040,145095.297,13.181,5449
13041,145107.563,12.257,5449
13042,145120.391,12.830,5449
13043,145134.141,13.747,5449
13044,145145.531,11.392,5449
13045,145156.984,11.461,5449
13046,145169.047,12.054,5449
13047,145181.156,12.123,5449
13048,145194.016,12.867,5449
13049,145207.406,13.365,5449
13050,145220.016,12.624,5449
13051,145231.594,11.570,5449
13052,145244.422,12.833,5449
13053,145256.828,12.401,5449
13054,145267.750,10.927,5449
13055,145281.453,13.693,5449
13056,145293.172,11.730,5449
13057,145306.063,12.888,5449
13058,145317.094,11.033,5449
13059,145330.188,13.095,5449
13060,145342.922,12.726,5449
13061,145355.109,12.190,5449
13062,145367.125,12.024,5449
13063,145379.063,11.928,5449
13064,145391.969,12.914,5449
13065,145403.531,11.560,5449
13066,145416.219,12.686,5449
13067,145429.156,12.938,5449
13068,145442.406,13.259,5449
13069,145454.953,12.532,5449
13070,145466.766,11.807,5449
13071,145480.406,13.648,5449
13072,145492.563,12.164,5449
13073,145504.422,11.860,5449
13074,145517.203,12.786,5449
13075,145529.813,12.600,5449
13076,145541.578,11.769,5449
13077,145554.094,12.514,5449
13078,145566.422,12.331,5449
13079,145578.922,12.485,5449
13080,145591.188,12.282,5449
13081,145603.578,12.384,5449
13082,145615.875,12.301,5449
13083,145628.906,13.028,5449
13084,145640.750,11.830,5449
13085,145652.844,12.100,5449
13086,145665.813,12.982,5449
13087,145677.938,12.122,5449
13088,145690.406,12.468,5449
13089,145702.078,11.661,5449
13090,145715.422,13.346,5449
13091,145727.391,11.975,5449
13092,145740.516,13.129,5449
13093,145752.438,11.916,5449
13094,145764.500,12.073,5449
13095,145777.563,13.050,5449
13096,145789.656,12.102,5449
13097,145802.391,12.725,5449
13098,145816.297,13.903,5449
13099,145826.859,10.571,5449
13100,145840.797,13.931,5449
13101,145852.750,11.951,5449
13102,145865.672,12.933,5449
13103,145878.625,12.963,5449
13104,145891.203,12.563,5449
13105,145901.188, 9.993,5449
13106,145915.406,14.202,5449
13107,145927.359,11.969,5449
13108,145939.922,12.561,5449
13109,145950.813,10.884,5449
13110,145964.906,14.087,5449
13111,145976.547,11.647,5449
13112,145989.359,12.829,5449
13113,146001.563,12.185,5449
13114,146013.672,12.118,5449
13115,146025.688,12.008,5449
13116,146038.141,12.446,5449
13117,146050.641,12.525,5449
13118,146062.797,12.142,5449
13119,146074.984,12.183,5449
13120,146087.703,12.723,5449
13121,146099.656,11.957,5449
13122,146111.797,12.145,5449
13123,146124.406,12.600,5449
13124,146136.594,12.190,5449
13125,146149.188,12.592,5449
13126,146162.453,13.271,5449
13127,146174.641,12.185,5449
13128,146187.484,12.830,5449
13129,146199.531,12.060,5449
13130,146212.094,12.561,5449
13131,146224.297,12.198,5449
13132,146235.938,11.652,5449
13133,146249.297,13.364,5449
13134,146262.672,13.376,5449
13135,146276.641,13.956,5449
13136,146288.438,11.807,5449
13137,146300.688,12.256,5449
13138,146312.266,11.566,5449
13139,146324.281,12.017,5449
13140,146336.063,11.772,5449
13141,146349.422,13.363,5449
13142,146361.141,11.716,5449
13143,146374.016,12.894,5449
13144,146386.734,12.699,5449
13145,146400.063,13.322,5449
13146,146409.844, 9.795,5449
13147,146423.500,13.650,5449
13148,146437.063,13.571,5449
13149,146449.516,12.438,5449
13150,146461.078,11.568,5449
13151,146473.734,12.658,5449
13152,146487.188,13.463,5449
13153,146500.453,13.254,5449
13154,146512.250,11.799,5449
13155,146525.344,13.097,5449
13156,146537.188,11.843,5449
13157,146548.859,11.661,5449
13158,146561.719,12.875,5449
13159,146573.594,11.863,5449
13160,146587.000,13.413,5449
13161,146599.156,12.167,5449
13162,146611.641,12.471,5449
13163,146623.703,12.069,5449
13164,146635.813,12.103,5449
13165,146648.188,12.369,5449
13166,146661.484,13.304,5449
13167,146674.094,12.602,5449
13168,146686.828,12.732,5449
13169,146699.344,12.531,5449
13170,146711.641,12.287,5449
13171,146724.266,12.636,5449
13172,146736.641,12.369,5449
13173,146749.141,12.503,5449
13174,146761.797,12.659,5449
13175,146773.391,11.576,5449
13176,146787.031,13.650,5449
13177,146799.563,12.525,5449
13178,146811.391,11.824,5449
13179,146823.750,12.381,5449
13180,146836.281,12.516,5449
13181,146848.219,11.949,5449
13182,146861.875,13.650,5449
13183,146874.797,12.924,5449
13184,146886.188,11.385,5449
13185,146899.672,13.492,5449
13186,146912.922,13.248,5449
13187,146925.047,12.121,5449
13188,146936.969,11.926,5449
13189,146950.109,13.140,5449
13190,146962.547,12.439,5449
13191,146974.844,12.294,5449
13192,146987.156,12.325,5449
13193,147000.906,13.733,5449
13194,147013.344,12.450,5449
13195,147024.625,11.275,5449
13196,147038.219,13.597,5449
13197,147051.656,13.436,5449
13198,147066.031,14.387,5449
13199,147078.688,12.652,5449
13200,147088.875,10.176,5449
13201,147101.000,12.128,5449
13202,147113.953,12.958,5449
13203,147126.500,12.552,5449
13204,147138.953,12.436,5449
13205,147151.078,12.137,5449
13206,147163.781,12.696,5449
13207,147176.109,12.317,5449
13208,147188.906,12.801,5449
13209,147201.531,12.624,5449
13210,147214.516,12.996,5449
13211,147227.422,12.901,5449
13212,147240.094,12.672,5449
13213,147251.625,11.538,5449
13214,147264.875,13.236,5449
13215,147277.609,12.745,5449
13216,147289.250,11.653,5449
13217,147301.047,11.787,5449
13218,147315.578,14.523,5449
13219,147326.797,11.221,5449
13220,147340.828,14.025,5449
13221,147353.078,12.268,5449
13222,147366.828,13.742,5449
13223,147378.250,11.424,5449
13224,147391.438,13.172,5449
13225,147403.953,12.529,5449
13226,147416.375,12.419,5449
13227,147428.875,12.498,5449
13228,147441.406,12.526,5449
13229,147454.406,13.005,5449
13230,147468.531,14.128,5449
13231,147480.797,12.256,5449
13232,147492.297,11.517,5449
13233,147505.281,12.980,5449
13234,147518.250,12.957,5449
13235,147530.172,11.923,5449
13236,147543.438,13.274,5449
13237,147555.766,12.331,5449
13238,147568.641,12.875,5449
13239,147581.094,12.460,5449
13240,147593.250,12.156,5449
13241,147606.422,13.159,5449
13242,147618.719,12.290,5449
13243,147631.313,12.613,5449
13244,147643.844,12.521,5449
13245,147657.250,13.417,5449
13246,147669.438,12.172,5449
13247,147681.953,12.531,5449
13248,147693.969,12.010,5449
13249,147706.906,12.939,5449
13250,147719.531,12.620,5449
13251,147731.703,12.175,5449
13252,147744.641,12.943,5449
13253,147757.984,13.347,5449
13254,147769.422,11.426,5449
13255,147782.563,13.154,5449
13256,147795.297,12.733,5449
13257,147807.078,11.765,5449
13258,147819.953,12.887,5449
13259,147833.297,13.346,5449
13260,147845.875,12.572,5449
13261,147859.750,13.867,5449
13262,147872.469,12.727,5449
13263,147884.438,11.967,5449
13264,147895.953,11.524,5449
13265,147906.984,11.017,5449
13266,147921.563,14.582,5449
13267,147933.469,11.895,5449
13268,147946.609,13.152,5449
13269,147958.375,11.759,5449
13270,147972.672,14.318,5449
13271,147983.750,11.072,5449
13272,147998.203,14.445,5449
13273,148010.344,12.140,5449
13274,148021.625,11.274,5449
13275,148034.328,12.707,5449
13276,148047.297,12.987,5449
13277,148060.625,13.319,5449
13278,148073.141,12.515,5449
13279,148087.047,13.898,5449
13280,148098.969,11.927,5449
13281,148111.234,12.266,5449
13282,148122.719,11.480,5449
13283,148136.547,13.839,5449
13284,148149.438,12.872,5449
13285,148162.375,12.945,5449
13286,148174.547,12.182,5449
13287,148188.063,13.499,5449
13288,148200.094,12.041,5449
13289,148212.250,12.159,5449
13290,148224.500,12.250,5449
13291,148237.563,13.056,5449
13292,148250.625,13.066,5449
13293,148263.703,13.083,5449
13294,148276.297,12.587,5449
13295,148288.625,12.341,5449
13296,148300.531,11.897,5449
13297,148313.672,13.146,5449
13298,148325.844,12.173,5449
13299,148337.969,12.127,5449
13300,148351.766,13.792,5449
13301,148363.828,12.060,5449
13302,148376.563,12.735,5449
13303,148388.922,12.356,5449
13304,148403.422,14.494,5449
13305,148413.813,10.402,5449
13306,148427.078,13.261,5449
13307,148440.844,13.766,5449
13308,148452.281,11.440,5449
13309,148464.859,12.565,5449
13310,148477.516,12.668,5449
13311,148490.266,12.742,5449
13312,148503.250,12.989,5449
13313,148514.969,11.719,5449
13314,148527.813,12.848,5449
13315,148541.391,13.563,5449
13316,148553.281,11.916,5449
13317,148565.531,12.233,5449
13318,148578.469,12.945,5449
13319,148591.750,13.270,5449
13320,148604.016,12.286,5449
13321,148617.219,13.200,5449
13322,148627.891,10.662,5449
13323,148640.016,12.125,5449
13324,148652.609,12.594,5449
13325,148666.516,13.907,5449
13326,148678.656,12.149,5449
13327,148691.250,12.595,5449
13328,148703.656,12.395,5449
13329,148715.531,11.866,5449
13330,148726.906,11.379,5449
13331,148739.547,12.649,5449
13332,148753.500,13.938,5449
13333,148765.547,12.054,5449
13334,148780.422,14.881,5449
13335,148790.406, 9.991,5449
13336,148802.672,12.267,5449
13337,148815.469,12.778,5449
13338,148827.344,11.889,5449
13339,148841.250,13.905,5449
13340,148853.313,12.074,5449
13341,148865.875,12.545,5449
13342,148878.172,12.301,5449
13343,148891.141,12.965,5449
13344,148904.016,12.887,5449
13345,148916.500,12.475,5449
13346,148928.063,11.551,5449
13347,148941.672,13.619,5449
13348,148953.625,11.951,5449
13349,148966.000,12.384,5449
13350,148979.828,13.824,5449
13351,148991.141,11.306,5449
13352,149003.688,12.546,5449
13353,149016.172,12.487,5449
13354,149028.563,12.392,5449
13355,149041.984,13.435,5449
13356,149054.422,12.435,5449
13357,149068.297,13.866,5449
13358,149079.891,11.599,5449
13359,149091.906,12.011,5449
13360,149104.828,12.912,5449
13361,149115.109,10.295,5449
13362,149128.438,13.333,5449
13363,149140.797,12.343,5449
13364,149153.313,12.523,5449
13365,149166.094,12.773,5449
13366,149179.016,12.937,5449
13367,149191.313,12.303,5449
13368,149204.500,13.173,5449
13369,149216.875,12.380,5449
13370,149228.984,12.107,5449
13371,149242.516,13.529,5449
13372,149255.359,12.847,5449
13373,149267.469,12.099,5449
13374,149280.234,12.763,5449
13375,149291.563,11.328,5449
13376,149304.188,12.634,5449
13377,149317.063,12.874,5449
13378,149328.172,11.111,5449
13379,149341.531,13.350,5449
13380,149353.984,12.478,5449
13381,149366.219,12.224,5449
13382,149378.313,12.089,5449
13383,149390.656,12.358,5449
13384,149407.156,16.484,5449
13385,149419.016,11.861,5449
13386,149429.391,10.372,5449
13387,149441.406,12.013,5449
13388,149453.844,12.453,5449
13389,149467.875,14.033,5449
13390,149479.359,11.474,5449
13391,149491.203,11.845,5449
13392,149503.000,11.788,5449
13393,149516.406,13.412,5449
13394,149528.844,12.428,5449
13395,149540.734,11.894,5449
13396,149553.281,12.566,5449
13397,149566.828,13.535,5449
13398,149578.063,11.234,5449
13399,149590.250,12.181,5449
13400,149603.344,13.108,5449
13401,149614.547,11.194,5449
13402,149627.031,12.482,5449
13403,149639.297,12.279,5449
13404,149651.734,12.430,5449
13405,149663.609,11.871,5449
13406,149676.656,13.051,5449
13407,149688.531,11.879,5449
13408,149701.172,12.646,5449
13409,149713.578,12.393,5449
13410,149726.563,12.989,5449
13411,149737.125,10.570,5449
13412,149750.438,13.308,5449
13413,149763.297,12.867,5449
13414,149776.563,13.259,5449
13415,149787.891,11.330,5449
13416,149800.453,12.556,5449
13417,149813.281,12.836,5449
13418,149825.516,12.220,5449
13419,149837.031,11.524,5449
13420,149849.547,12.506,5449
13421,149863.094,13.561,5449
13422,149875.297,12.208,5449
13423,149887.656,12.340,5449
13424,149899.656,12.002,5449
13425,149911.234,11.585,5449
13426,149922.891,11.648,5449
13427,149935.813,12.939,5449
13428,149948.234,12.408,5449
13429,149958.922,10.689,5449
13430,149972.219,13.291,5449
13431,149983.703,11.493,5449
13432,149997.016,13.308,5449
13433,150008.984,11.966,5449
13434,150019.250,10.278,5449
13435,150032.750,13.488,5449
13436,150045.547,12.793,5449
13437,150057.609,12.066,5449
13438,150068.828,11.227,5449
13439,150081.203,12.384,5449
13440,150094.781,13.567,5449
13441,150105.531,10.743,5449
13442,150119.406,13.878,5449
13443,150130.797,11.393,5449
13444,150143.672,12.876,5449
13445,150154.938,11.268,5449
13446,150168.000,13.061,5449
13447,150180.594,12.606,5449
13448,150192.781,12.170,5449
13449,150205.063,12.295,5449
13450,150217.078,12.008,5449
13451,150229.219,12.146,5449
13452,150241.016,11.787,5449
13453,150254.500,13.485,5449
13454,150266.563,12.063,5449
13455,150278.172,11.602,5449
13456,150291.297,13.149,5449
13457,150303.656,12.343,5449
13458,150315.656,11.997,5449
13459,150328.125,12.465,5449
13460,150340.563,12.451,5449
13461,150352.672,12.112,5449
13462,150364.484,11.816,5449
13463,150377.297,12.808,5449
13464,150389.750,12.454,5449
13465,150401.922,12.165,5449
13466,150415.594,13.673,5449
13467,150427.234,11.638,5449
13468,150439.797,12.559,5449
13469,150452.813,13.022,5449
13470,150465.672,12.864,5449
13471,150477.547,11.870,5449
13472,150490.969,13.421,5449
13473,150502.234,11.265,5449
13474,150513.313,11.080,5449
13475,150525.672,12.365,5449
13476,150538.531,12.849,5449
13477,150551.219,12.692,5449
13478,150562.750,11.522,5449
13479,150575.500,12.757,5449
13480,150587.844,12.345,5449
13481,150600.656,12.812,5449
13482,150612.938,12.282,5449
13483,150626.109,13.170,5449
13484,150637.953,11.847,5449
13485,150650.188,12.230,5449
13486,150662.609,12.436,5449
13487,150673.922,11.313,5449
13488,150685.938,12.016,5449
13489,150699.328,13.390,5449
13490,150711.688,12.348,5449
13491,150723.734,12.042,5449
13492,150736.391,12.657,5449
13493,150748.984,12.593,5449
13494,150761.688,12.702,5449
13495,150773.703,12.015,5449
13496,150785.547,11.842,5449
13497,150798.094,12.550,5449
13498,150811.531,13.441,5449
13499,150823.281,11.763,5449
13500,150836.734,13.428,5449
13501,150848.922,12.202,5449
13502,150860.984,12.062,5449
13503,150873.781,12.793,5449
13504,150886.047,12.261,5449
13505,150898.078,12.026,5449
13506,150910.859,12.782,5449
13507,150923.656,12.804,5449
13508,150935.109,11.453,5449
13509,150947.453,12.347,5449
13510,150960.906,13.454,5449
13511,150972.266,11.360,5449
13512,150984.609,12.348,5449
13513,150996.797,12.176,5449
13514,151008.984,12.188,5449
13515,151021.781,12.800,5449
13516,151034.266,12.484,5449
13517,151047.391,13.129,5449
13518,151058.875,11.478,5449
13519,151070.672,11.817,5449
13520,151082.078,11.382,5449
13521,151094.547,12.479,5449
13522,151106.500,11.959,5449
13523,151118.875,12.364,5449
13524,151131.094,12.222,5449
13525,151142.922,11.828,5449
13526,151155.141,12.216,5449
13527,151166.953,11.824,5449
13528,151178.953,11.989,5449
13529,151190.734,11.785,5449
13530,151202.828,12.088,5449
13531,151215.109,12.282,5449
13532,151226.719,11.607,5449
13533,151238.375,11.659,5449
13534,151251.594,13.217,5449
13535,151263.125,11.544,5449
13536,151274.422,11.289,5449
13537,151286.531,12.111,5449
13538,151298.531,11.998,5449
13539,151309.719,11.184,5449
13540,151321.781,12.066,5449
13541,151333.109,11.326,5449
13542,151346.063,12.953,5449
13543,151357.844,11.785,5449
13544,151371.219,13.388,5449
13545,151382.438,11.207,5449
13546,151394.250,11.812,5449
13547,151405.563,11.314,5449
13548,151418.297,12.733,5449
13549,151435.719,17.425,5449
13550,151449.156,13.437,5449
13551,151459.656,10.500,5449
13552,151469.078, 9.416,5449
13553,151480.016,10.948,5449
13554,151491.703,11.687,5449
13555,151503.250,11.548,5449
13556,151516.875,13.617,5449
13557,151528.000,11.137,5449
13558,151540.406,12.400,5449
13559,151552.375,11.958,5449
13560,151563.641,11.270,5449
13561,151575.563,11.920,5449
13562,151587.297,11.736,5449
13563,151598.984,11.680,5449
13564,151611.047,12.068,5449
13565,151622.297,11.247,5449
13566,151633.859,11.578,5449
13567,151645.203,11.340,5449
13568,151657.141,11.930,5449
13569,151668.313,11.174,5449
13570,151680.016,11.709,5449
13571,151690.922,10.893,5449
13572,151701.766,10.851,5449
13573,151714.297,12.530,5449
13574,151725.156,10.862,5449
13575,151736.813,11.655,5449
13576,151747.656,10.851,5449
13577,151759.672,12.009,5449
13578,151771.547,11.872,5449
13579,151782.891,11.347,5449
13580,151794.844,11.953,5449
13581,151806.094,11.242,5449
13582,151816.969,10.874,5449
13583,151829.078,12.119,5449
13584,151841.219,12.136,5449
13585,151851.969,10.764,5449
13586,151862.938,10.953,5449
13587,151873.156,10.226,5449
13588,151885.188,12.025,5449
13589,151897.188,12.008,5449
13590,151907.984,10.804,5449
13591,151920.531,12.536,5449
13592,151931.094,10.568,5449
13593,151941.266,10.165,5449
13594,151954.188,12.922,5449
13595,151964.922,10.730,5449
13596,151975.719,10.801,5449
13597,151987.984,12.268,5449
13598,152000.203,12.218,5449
13599,152011.313,11.111,5449
13600,152022.891,11.565,5449
13601,152033.781,10.901,5449
13602,152045.688,11.900,5449
13603,152057.203,11.533,5449
13604,152068.141,10.923,5449
13605,152080.594,12.465,5449
13606,152091.547,10.948,5449
13607,152102.531,10.994,5449
13608,152113.188,10.654,5449
13609,152125.500,12.292,5449
13610,152136.719,11.214,5449
13611,152148.438,11.742,5449
13612,152159.922,11.475,5449
13613,152171.484,11.552,5449
13614,152181.594,10.126,5449
13615,152193.297,11.706,5449
13616,152205.031,11.725,5449
13617,152217.516,12.480,5449
13618,152229.156,11.654,5449
13619,152241.297,12.140,5449
13620,152251.750,10.446,5449
13621,152263.750,12.000,5449
13622,152274.313,10.566,5449
13623,152286.656,12.348,5449
13624,152297.828,11.163,5449
13625,152310.172,12.336,5449
13626,152322.500,12.344,5449
13627,152333.875,11.366,5449
13628,152344.781,10.908,5449
13629,152355.547,10.770,5449
13630,152368.484,12.942,5449
13631,152380.422,11.924,5449
13632,152391.484,11.062,5449
13633,152402.938,11.450,5449
13634,152414.625,11.697,5449
13635,152426.422,11.792,5449
13636,152437.328,10.925,5449
13637,152449.969,12.628,5449
13638,152459.906, 9.948,5449
13639,152473.734,13.809,5449
13640,152485.109,11.379,5449
13641,152496.063,10.954,5449
13642,152507.469,11.403,5449
13643,152518.953,11.486,5449
13644,152530.953,11.996,5449
13645,152543.063,12.121,5449
13646,152554.469,11.407,5449
13647,152565.781,11.304,5449
13648,152578.156,12.368,5449
13649,152589.141,10.991,5449
13650,152601.500,12.364,5449
13651,152613.156,11.653,5449
13652,152624.141,10.974,5449
13653,152638.188,14.048,5449
13654,152650.563,12.387,5449
13655,152663.688,13.124,5449
13656,152675.641,11.959,5449
13657,152687.344,11.711,5449
13658,152698.406,11.055,5449
13659,152709.750,11.341,5449
13660,152720.609,10.864,5449
13661,152731.172,10.563,5449
13662,152744.875,13.686,5449
13663,152756.766,11.900,5449
13664,152769.531,12.756,5449
13665,152781.797,12.285,5449
13666,152792.766,10.958,5449
13667,152802.156, 9.387,5449
13668,152812.063, 9.904,5449
13669,152822.500,10.449,5449
13670,152834.094,11.581,5449
13671,152845.969,11.891,5449
13672,152857.031,11.050,5449
13673,152868.719,11.691,5449
13674,152880.047,11.323,5449
13675,152890.922,10.881,5449
13676,152903.188,12.274,5449
13677,152914.547,11.358,5449
13678,152926.359,11.804,5449
13679,152938.156,11.795,5449
13680,152949.422,11.266,5449
13681,152961.344,11.939,5449
13682,152971.734,10.381,5449
13683,152984.016,12.291,5449
13684,152995.109,11.085,5449
13685,153007.469,12.345,5449
13686,153018.281,10.818,5449
13687,153029.875,11.597,5449
13688,153042.734,12.853,5449
13689,153053.609,10.879,5449
13690,153065.563,11.946,5449
13691,153076.344,10.795,5449
13692,153087.234,10.887,5449
13693,153098.656,11.426,5449
13694,153109.781,11.130,5449
13695,153121.719,11.927,5449
13696,153133.859,12.144,5449
13697,153146.438,12.579,5449
13698,153157.047,10.612,5449
13699,153168.938,11.875,5449
13700,153179.875,10.957,5449
13701,153191.000,11.121,5449
13702,153202.813,11.797,5449
13703,153214.844,12.033,5449
13704,153225.672,10.830,5449
13705,153237.469,11.800,5449
13706,153249.859,12.395,5449
13707,153260.906,11.044,5449
13708,153273.609,12.711,5449
13709,153284.641,11.036,5449
13710,153296.234,11.578,5449
13711,153308.000,11.782,5449
13712,153319.422,11.402,5449
13713,153330.438,11.021,5449
13714,153342.266,11.827,5449
13715,153353.875,11.622,5449
13716,153365.453,11.560,5449
13717,153377.766,12.316,5449
13718,153389.609,11.842,5449
13719,153400.359,10.757,5449
13720,153411.469,11.100,5449
13721,153423.250,11.800,5449
13722,153436.500,13.244,5449
13723,153447.703,11.198,5449
13724,153458.219,10.519,5449
13725,153470.891,12.660,5449
13726,153482.453,11.581,5449
13727,153494.344,11.891,5449
13728,153506.219,11.865,5449
13729,153517.953,11.738,5449
13730,153529.047,11.086,5449
13731,153539.891,10.851,5449
13732,153552.750,12.854,5449
13733,153564.016,11.276,5449
13734,153575.750,11.730,5449
13735,153586.906,11.159,5449
13736,153600.141,13.225,5449
13737,153611.016,10.887,5449
13738,153622.406,11.387,5449
13739,153634.188,11.766,5449
13740,153645.563,11.386,5449
13741,153656.609,11.059,5449
13742,153668.109,11.481,5449
13743,153679.672,11.574,5449
13744,153691.578,11.896,5449
13745,153702.656,11.099,5449
13746,153714.766,12.087,5449
13747,153726.406,11.655,5449
13748,153737.563,11.145,5449
13749,153749.844,12.295,5449
13750,153761.000,11.154,5449
13751,153772.234,11.231,5449
13752,153784.297,12.053,5449
13753,153794.859,10.558,5449
13754,153806.688,11.844,5449
13755,153818.250,11.559,5449
13756,153832.078,13.816,5449
13757,153845.547,13.469,5449
13758,153855.625,10.081,5449
13759,153866.234,10.610,5449
13760,153876.531,10.310,5449
13761,153890.297,13.763,5449
13762,153902.859,12.557,5449
13763,153914.688,11.841,5449
13764,153926.406,11.713,5449
13765,153938.422,12.012,5449
13766,153949.641,11.217,5449
13767,153961.219,11.586,5449
13768,153972.828,11.594,5449
13769,153984.391,11.569,5449
13770,153995.688,11.304,5449
13771,154007.859,12.165,5449
13772,154019.891,12.034,5449
13773,154031.719,11.835,5449
13774,154042.922,11.198,5449
13775,154055.859,12.934,5449
13776,154066.375,10.510,5449
13777,154078.516,12.143,5449
13778,154090.422,11.911,5449
13779,154101.563,11.143,5449
13780,154112.328,10.764,5449
13781,154125.391,13.056,5449
13782,154137.297,11.916,5449
13783,154148.719,11.404,5449
13784,154159.938,11.234,5449
13785,154171.484,11.538,5449
13786,154183.625,12.142,5449
13787,154196.297,12.678,5449
13788,154207.016,10.722,5449
13789,154218.859,11.836,5449
13790,154232.172,13.316,5449
13791,154242.063, 9.886,5449
13792,154253.766,11.705,5449
13793,154265.453,11.688,5449
13794,154277.906,12.463,5449
13795,154289.297,11.394,5449
13796,154300.594,11.298,5449
13797,154312.438,11.838,5449
13798,154324.047,11.597,5449
13799,154336.063,12.013,5449
13800,154347.500,11.441,5449
13801,154359.188,11.695,5449
13802,154370.656,11.471,5449
13803,154382.141,11.473,5449
13804,154393.219,11.087,5449
13805,154405.984,12.762,5449
13806,154417.031,11.040,5449
13807,154428.391,11.374,5449
13808,154440.984,12.589,5449
13809,154452.328,11.349,5449
13810,154463.594,11.263,5449
13811,154475.344,11.746,5449
13812,154486.578,11.234,5449
13813,154498.188,11.611,5449
13814,154510.016,11.838,5449
13815,154521.891,11.874,5449
13816,154534.000,12.100,5449
13817,154545.516,11.513,5449
13818,154557.422,11.898,5449
13819,154568.734,11.317,5449
13820,154580.922,12.193,5449
13821,154592.063,11.134,5449
13822,154603.688,11.629,5449
13823,154615.656,11.972,5449
13824,154628.281,12.624,5449
13825,154640.203,11.914,5449
13826,154651.469,11.271,5449
13827,154662.922,11.445,5449
13828,154674.828,11.906,5449
13829,154685.969,11.151,5449
13830,154697.438,11.468,5449
13831,154709.984,12.551,5449
13832,154721.156,11.167,5449
13833,154732.969,11.817,5449
13834,154745.344,12.382,5449
13835,154757.250,11.899,5449
13836,154767.875,10.625,5449
13837,154779.797,11.919,5449
13838,154790.656,10.873,5449
13839,154802.094,11.426,5449
13840,154813.328,11.244,5449
13841,154825.094,11.753,5449
13842,154836.453,11.357,5449
13843,154849.234,12.787,5449
13844,154861.219,11.983,5449
13845,154871.719,10.502,5449
13846,154882.859,11.140,5449
13847,154894.578,11.717,5449
13848,154907.281,12.713,5449
13849,154918.594,11.303,5449
13850,154930.578,11.988,5449
13851,154942.594,12.020,5449
13852,154953.891,11.294,5449
13853,154966.234,12.342,5449
13854,154977.844,11.615,5449
13855,154989.859,12.013,5449
13856,155001.234,11.373,5449
13857,155014.281,13.034,5449
13858,155026.016,11.754,5449
13859,155037.047,11.021,5449
13860,155048.328,11.283,5449
13861,155059.438,11.092,5449
13862,155071.938,12.517,5449
13863,155083.141,11.202,5449
13864,155094.203,11.062,5449
13865,155106.313,12.106,5449
13866,155116.422,10.121,5449
13867,155128.922,12.490,5449
13868,155140.625,11.705,5449
13869,155152.188,11.563,5449
13870,155164.438,12.257,5449
13871,155176.125,11.666,5449
13872,155188.422,12.309,5449
13873,155200.125,11.705,5449
13874,155211.547,11.423,5449
13875,155222.875,11.324,5449
13876,155234.344,11.472,5449
13877,155245.203,10.858,5449
13878,155258.344,13.136,5449
13879,155268.875,10.526,5449
13880,155281.313,12.460,5449
13881,155292.016,10.704,5449
13882,155303.531,11.500,5449
13883,155314.641,11.111,5449
13884,155325.797,11.165,5449
13885,155338.406,12.609,5449
13886,155348.813,10.390,5449
13887,155360.719,11.913,5449
13888,155372.297,11.582,5449
13889,155384.719,12.411,5449
13890,155396.125,11.414,5449
13891,155408.453,12.330,5449
13892,155418.891,10.431,5449
13893,155429.891,11.007,5449
13894,155441.609,11.721,5449
13895,155454.219,12.594,5449
13896,155465.594,11.383,5449
13897,155476.578,10.990,5449
13898,155487.547,10.956,5449
13899,155499.469,11.924,5449
13900,155509.969,10.516,5449
13901,155521.828,11.855,5449
13902,155532.703,10.867,5449
13903,155544.828,12.131,5449
13904,155555.344,10.528,5449
13905,155567.281,11.933,5449
13906,155578.625,11.337,5449
13907,155590.000,11.383,5449
13908,155601.063,11.058,5449
13909,155613.172,12.103,5449
13910,155624.813,11.643,5449
13911,155637.047,12.238,5449
13912,155647.656,10.601,5449
13913,155659.031,11.381,5449
13914,155670.672,11.650,5449
13915,155682.063,11.371,5449
13916,155692.719,10.657,5449
13917,155704.484,11.770,5449
13918,155716.563,12.084,5449
13919,155727.531,10.959,5449
13920,155738.594,11.082,5449
13921,155749.641,11.039,5449
13922,155761.250,11.605,5449
13923,155772.859,11.598,5449
13924,155783.594,10.744,5449
13925,155796.266,12.669,5449
13926,155808.484,12.217,5449
13927,155818.313, 9.827,5449
13928,155829.375,11.055,5449
13929,155841.156,11.803,5449
13930,155852.250,11.089,5449
13931,155864.281,12.025,5449
13932,155876.531,12.264,5449
13933,155886.422, 9.880,5449
13934,155896.875,10.452,5449
13935,155908.609,11.743,5449
13936,155919.969,11.364,5449
13937,155930.625,10.643,5449
13938,155942.594,11.969,5449
13939,155953.891,11.306,5449
13940,155964.297,10.389,5449
13941,155976.453,12.167,5449
13942,155987.750,11.290,5449
13943,155999.281,11.545,5449
13944,156010.906,11.613,5449
13945,156022.375,11.473,5449
13946,156033.313,10.940,5449
13947,156043.641,10.327,5449
13948,156055.938,12.293,5449
13949,156067.094,11.165,5449
13950,156078.469,11.371,5449
13951,156089.547,11.064,5449
13952,156101.953,12.425,5449
13953,156113.813,11.861,5449
13954,156127.094,13.276,5449
13955,156138.094,10.997,5449
13956,156147.750, 9.653,5449
13957,156158.953,11.210,5449
13958,156169.859,10.909,5449
13959,156180.734,10.865,5449
13960,156194.203,13.461,5449
13961,156205.656,11.457,5449
13962,156215.500, 9.842,5449
13963,156226.719,11.219,5449
13964,156238.625,11.922,5449
13965,156250.359,11.722,5449
13966,156261.156,10.805,5449
13967,156272.859,11.698,5449
13968,156283.328,10.475,5449
13969,156295.453,12.119,5449
13970,156306.938,11.489,5449
13971,156318.469,11.528,5449
13972,156329.531,11.064,5449
13973,156340.875,11.335,5449
13974,156351.078,10.207,5449
13975,156363.016,11.937,5449
13976,156374.547,11.538,5449
13977,156385.109,10.567,5449
13978,156397.438,12.311,5449
13979,156407.547,10.113,5449
13980,156419.328,11.789,5449
13981,156430.750,11.416,5449
13982,156442.453,11.710,5449
13983,156453.250,10.794,5449
13984,156464.422,11.165,5449
13985,156475.156,10.747,5449
13986,156486.234,11.072,5449
13987,156497.609,11.371,5449
13988,156509.594,11.987,5449
13989,156521.078,11.486,5449
13990,156531.656,10.570,5449
13991,156543.344,11.709,5449
13992,156554.875,11.516,5449
13993,156565.016,10.144,5449
13994,156576.672,11.661,5449
13995,156588.516,11.834,5449
13996,156600.297,11.782,5449
13997,156610.500,10.217,5449
13998,156621.672,11.167,5449
13999,156633.031,11.348,5449
14000,156643.281,10.260,5449
14001,156655.313,12.034,5449
14002,156666.000,10.694,5449
14003,156677.375,11.358,5449
14004,156688.203,10.834,5449
14005,156699.703,11.494,5449
14006,156710.484,10.780,5449
14007,156722.078,11.597,5449
14008,156733.891,11.820,5449
14009,156744.859,10.955,5449
14010,156755.969,11.118,5449
14011,156765.672, 9.695,5449
14012,156777.875,12.212,5449
14013,156789.344,11.474,5449
14014,156800.828,11.471,5449
14015,156812.109,11.278,5449
14016,156822.984,10.891,5449
14017,156834.438,11.442,5449
14018,156846.063,11.623,5449
14019,156856.797,10.737,5449
14020,156868.453,11.658,5449
14021,156878.297, 9.841,5449
14022,156890.078,11.775,5449
14023,156900.719,10.647,5449
14024,156912.531,11.826,5449
14025,156923.281,10.747,5449
14026,156934.500,11.215,5449
14027,156945.641,11.131,5449
14028,156956.641,11.008,5449
14029,156968.578,11.934,5449
14030,156980.078,11.498,5449
14031,156991.047,10.978,5449
14032,157002.000,10.957,5449
14033,157012.891,10.885,5449
14034,157023.547,10.654,5449
14035,157035.000,11.459,5449
14036,157046.141,11.122,5449
14037,157058.438,12.304,5449
14038,157068.828,10.384,5449
14039,157081.391,12.562,5449
14040,157092.563,11.194,5449
14041,157102.750,10.165,5449
14042,157114.578,11.849,5449
14043,157125.484,10.891,5449
14044,157136.484,11.004,5449
14045,157146.734,10.249,5449
14046,157158.906,12.174,5449
14047,157169.547,10.631,5449
14048,157181.719,12.190,5449
14049,157191.703, 9.972,5449
14050,157202.891,11.188,5449
14051,157214.891,12.007,5449
14052,157225.469,10.566,5449
14053,157236.953,11.487,5449
 