os,cpu,gpu,ram,kernel,driver,cpuscheduler
Steam Runtime 4,Intel Core i7-7700HQ CPU @ 2.80GHz,NVIDIA GeForce GTX 1050 Ti,24468604,6.12.108-1-MANJARO,,performance
fps,frametime,cpu_load,cpu_power,gpu_load,cpu_temp,gpu_temp,gpu_core_clock,gpu_mem_clock,gpu_vram_used,gpu_power,ram_used,swap_used,process_rss,cpu_mhz,elapsed
1.12479,889.053,64.3187,0,0,90,0,0,0,0,0,14.6763,7.3695,0,3520,945339121
21.8412,45.785,66.8857,0,19,90,61,1219,3078,1.9588,0,14.7202,7.37121,0,3482,991120518
14.1057,70.8933,66.8857,0,19,90,61,1219,3078,1.9588,0,14.7202,7.37121,0,3482,1062014828
53.5325,18.6802,66.8857,0,19,90,61,1219,3078,1.9588,0,14.7202,7.37121,0,3482,1080696184
44.0905,22.6806,66.8857,0,19,90,61,1219,3078,1.9588,0,14.7202,7.37121,0,3482,1103377959
38.0983,26.2479,66.8857,0,19,90,61,1219,3078,1.9588,0,14.7202,7.37121,0,3482,1129626417
35.1089,28.4828,66.8857,0,19,90,61,1219,3078,1.9588,0,14.7202,7.37121,0,3482,1158111189
37.7721,26.4746,66.8857,0,19,90,61,1219,3078,1.9588,0,14.7202,7.37121,0,3482,1184586818
36.6873,27.2574,66.8857,0,19,90,61,1219,3078,1.9588,0,14.7202,7.37121,0,3482,1211845379
32.0403,31.2107,66.8857,0,19,90,61,1219,3078,1.9588,0,14.7202,7.37121,0,3482,1243057320
47.7697,20.9338,66.8857,0,19,90,61,1219,3078,1.9588,0,14.7202,7.37121,0,3482,1263992298
45.4721,21.9915,66.8857,0,19,90,61,1219,3078,1.9588,0,14.7202,7.37121,0,3482,1285987664
35.5045,28.1654,66.8857,0,19,90,61,1219,3078,1.9588,0,14.7202,7.37121,0,3482,1314152904
22.735,43.985,66.8857,0,19,90,61,1219,3078,1.9588,0,14.7202,7.37121,0,3482,1358139071
93.8168,10.6591,66.8857,0,19,90,61,1219,3078,1.9588,0,14.7202,7.37121,0,3482,1368799174
53.5126,18.6872,66.8857,0,19,90,61,1219,3078,1.9588,0,14.7202,7.37121,0,3482,1387489622
45.6,21.9298,66.8857,0,19,90,61,1219,3078,1.9588,0,14.7202,7.37121,0,3482,1409418901
42.708,23.4148,66.8857,0,19,90,61,1219,3078,1.9588,0,14.7202,7.37121,0,3482,1432834695
30.2749,33.0306,66.8857,0,19,90,61,1219,3078,1.9588,0,14.7202,7.37121,0,3482,1466118654
54.7292,18.2718,74.5679,0,4,88,66,1493,3504,2.05273,0,14.503,7.42761,0,3432,1484140826
47.6681,20.9784,74.5679,0,4,88,66,1493,3504,2.05273,0,14.503,7.42761,0,3432,1505121155
35.546,28.1326,74.5679,0,4,88,66,1493,3504,2.05273,0,14.503,7.42761,0,3432,1533256516
43.7736,22.8448,74.5679,0,4,88,66,1493,3504,2.05273,0,14.503,7.42761,0,3432,1556101444
40.7277,24.5533,74.5679,0,4,88,66,1493,3504,2.05273,0,14.503,7.42761,0,3432,1580656253
45.7178,21.8733,74.5679,0,4,88,66,1493,3504,2.05273,0,14.503,7.42761,0,3432,1602531425
38.4788,25.9883,74.5679,0,4,88,66,1493,3504,2.05273,0,14.503,7.42761,0,3432,1628519835
42.9068,23.3063,74.5679,0,4,88,66,1493,3504,2.05273,0,14.503,7.42761,0,3432,1651828914
40.7045,24.5673,74.5679,0,4,88,66,1493,3504,2.05273,0,14.503,7.42761,0,3432,1676397279
42.3457,23.6151,74.5679,0,4,88,66,1493,3504,2.05273,0,14.503,7.42761,0,3432,1700013423
39.4739,25.3332,74.5679,0,4,88,66,1493,3504,2.05273,0,14.503,7.42761,0,3432,1725347926
44.5456,22.4489,74.5679,0,4,88,66,1493,3504,2.05273,0,14.503,7.42761,0,3432,1747798039
40.2392,24.8514,74.5679,0,4,88,66,1493,3504,2.05273,0,14.503,7.42761,0,3432,1772650453
42.196,23.699,74.5679,0,4,88,66,1493,3504,2.05273,0,14.503,7.42761,0,3432,1796350656
35.2903,28.3364,74.5679,0,4,88,66,1493,3504,2.05273,0,14.503,7.42761,0,3432,1824688501
45.532,21.9626,74.5679,0,4,88,66,1493,3504,2.05273,0,14.503,7.42761,0,3432,1846651172
38.1971,26.18,74.5679,0,4,88,66,1493,3504,2.05273,0,14.503,7.42761,0,3432,1872832813
46.2677,21.6133,74.5679,0,4,88,66,1493,3504,2.05273,0,14.503,7.42761,0,3432,1894446670
41.325,24.1985,74.5679,0,4,88,66,1493,3504,2.05273,0,14.503,7.42761,0,3432,1918646761
37.5902,26.6027,74.5679,0,4,88,66,1493,3504,2.05273,0,14.503,7.42761,0,3432,1945251042
50.1385,19.9448,74.5679,0,4,88,66,1493,3504,2.05273,0,14.503,7.42761,0,3432,1965197412
37.9852,26.3261,74.5679,0,4,88,66,1493,3504,2.05273,0,14.503,7.42761,0,3432,1991527391
38.7702,25.793,53.1401,0,88,88,70,1678,3504,2.05151,0,14.5082,7.42712,0,3400,2017319066
40.6497,24.6004,53.1401,0,88,88,70,1678,3504,2.05151,0,14.5082,7.42712,0,3400,2041921079
46.693,21.4165,53.1401,0,88,88,70,1678,3504,2.05151,0,14.5082,7.42712,0,3400,2063337829
37.4457,26.7054,53.1401,0,88,88,70,1678,3504,2.05151,0,14.5082,7.42712,0,3400,2090045004
45.1794,22.134,53.1401,0,88,88,70,1678,3504,2.05151,0,14.5082,7.42712,0,3400,2112180485
24.8341,40.2672,53.1401,0,88,88,70,1678,3504,2.05151,0,14.5082,7.42712,0,3400,2152449495
79.7111,12.5453,53.1401,0,88,88,70,1678,3504,2.05151,0,14.5082,7.42712,0,3400,2164995269
33.5224,29.8308,53.1401,0,88,88,70,1678,3504,2.05151,0,14.5082,7.42712,0,3400,2194827962
74.0332,13.5075,53.1401,0,88,88,70,1678,3504,2.05151,0,14.5082,7.42712,0,3400,2208339023
41.6449,24.0125,53.1401,0,88,88,70,1678,3504,2.05151,0,14.5082,7.42712,0,3400,2232352073
40.7043,24.5674,53.1401,0,88,88,70,1678,3504,2.05151,0,14.5082,7.42712,0,3400,2256920997
33.1989,30.1215,53.1401,0,88,88,70,1678,3504,2.05151,0,14.5082,7.42712,0,3400,2287043588
51.1345,19.5563,53.1401,0,88,88,70,1678,3504,2.05151,0,14.5082,7.42712,0,3400,2306601042
44.2534,22.5971,53.1401,0,88,88,70,1678,3504,2.05151,0,14.5082,7.42712,0,3400,2329198840
32.9823,30.3193,53.1401,0,88,88,70,1678,3504,2.05151,0,14.5082,7.42712,0,3400,2359518800
53.4135,18.7218,53.1401,0,88,88,70,1678,3504,2.05151,0,14.5082,7.42712,0,3400,2378242106
41.215,24.263,53.1401,0,88,88,70,1678,3504,2.05151,0,14.5082,7.42712,0,3400,2402507772
37.6575,26.5551,53.1401,0,88,88,70,1678,3504,2.05151,0,14.5082,7.42712,0,3400,2429063168
43.6032,22.9341,53.1401,0,88,88,70,1678,3504,2.05151,0,14.5082,7.42712,0,3400,2451998709
40.2224,24.8617,53.1401,0,88,88,70,1678,3504,2.05151,0,14.5082,7.42712,0,3400,2476860924
44.0154,22.7193,53.1401,0,88,88,70,1678,3504,2.05151,0,14.5082,7.42712,0,3400,2499588630
40.0683,24.9574,56.6502,0,100,83,72,1704,3504,2.05817,0,14.5562,7.42688,0,3418,2524539801
41.4494,24.1258,56.6502,0,100,83,72,1704,3504,2.05817,0,14.5562,7.42688,0,3418,2548667638
44.1952,22.6269,56.6502,0,100,83,72,1704,3504,2.05817,0,14.5562,7.42688,0,3418,2571295276
37.5865,26.6053,56.6502,0,100,83,72,1704,3504,2.05817,0,14.5562,7.42688,0,3418,2597901842
42.9346,23.2912,56.6502,0,100,83,72,1704,3504,2.05817,0,14.5562,7.42688,0,3418,2621194655
41.1565,24.2975,56.6502,0,100,83,72,1704,3504,2.05817,0,14.5562,7.42688,0,3418,2645492824
38.8297,25.7535,56.6502,0,100,83,72,1704,3504,2.05817,0,14.5562,7.42688,0,3418,2671247036
40.7065,24.5661,56.6502,0,100,83,72,1704,3504,2.05817,0,14.5562,7.42688,0,3418,2695822395
39.8079,25.1207,56.6502,0,100,83,72,1704,3504,2.05817,0,14.5562,7.42688,0,3418,2720937268
46.8,21.3675,56.6502,0,100,83,72,1704,3504,2.05817,0,14.5562,7.42688,0,3418,2742305871
43.3148,23.0868,56.6502,0,100,83,72,1704,3504,2.05817,0,14.5562,7.42688,0,3418,2765399771
37.6078,26.5902,56.6502,0,100,83,72,1704,3504,2.05817,0,14.5562,7.42688,0,3418,2791990761
43.5579,22.958,56.6502,0,100,83,72,1704,3504,2.05817,0,14.5562,7.42688,0,3418,2814949872
39.0564,25.604,56.6502,0,100,83,72,1704,3504,2.05817,0,14.5562,7.42688,0,3418,2840555712
39.1822,25.5218,56.6502,0,100,83,72,1704,3504,2.05817,0,14.5562,7.42688,0,3418,2866079419
44.0985,22.6765,56.6502,0,100,83,72,1704,3504,2.05817,0,14.5562,7.42688,0,3418,2888756357
40.2239,24.8609,56.6502,0,100,83,72,1704,3504,2.05817,0,14.5562,7.42688,0,3418,2913618398
42.3449,23.6156,56.6502,0,100,83,72,1704,3504,2.05817,0,14.5562,7.42688,0,3418,2937235939
41.6783,23.9933,56.6502,0,100,83,72,1704,3504,2.05817,0,14.5562,7.42688,0,3418,2961229255
41.8058,23.9201,56.6502,0,100,83,72,1704,3504,2.05817,0,14.5562,7.42688,0,3418,2985151499
44.3793,22.533,56.6502,0,100,83,72,1704,3504,2.05817,0,14.5562,7.42688,0,3418,3007691578
38.2987,26.1105,54.7315,0,100,83,72,1695,3504,2.05817,0,14.5811,7.42663,0,3400,3033796936
44.3414,22.5523,54.7315,0,100,83,72,1695,3504,2.05817,0,14.5811,7.42663,0,3400,3056350292
41.9272,23.8508,54.7315,0,100,83,72,1695,3504,2.05817,0,14.5811,7.42663,0,3400,3080202543
35.393,28.2541,54.7315,0,100,83,72,1695,3504,2.05817,0,14.5811,7.42663,0,3400,3108457442
36.9813,27.0407,54.7315,0,100,83,72,1695,3504,2.05817,0,14.5811,7.42663,0,3400,3135501270
56.1883,17.7973,54.7315,0,100,83,72,1695,3504,2.05817,0,14.5811,7.42663,0,3400,3153299126
39.4707,25.3352,54.7315,0,100,83,72,1695,3504,2.05817,0,14.5811,7.42663,0,3400,3178635898
44.6115,22.4158,54.7315,0,100,83,72,1695,3504,2.05817,0,14.5811,7.42663,0,3400,3201052830
40.7394,24.5463,54.7315,0,100,83,72,1695,3504,2.05817,0,14.5811,7.42663,0,3400,3225600659
43.2101,23.1427,54.7315,0,100,83,72,1695,3504,2.05817,0,14.5811,7.42663,0,3400,3248744811
37.0372,26.9999,54.7315,0,100,83,72,1695,3504,2.05817,0,14.5811,7.42663,0,3400,3275746042
43.5282,22.9736,54.7315,0,100,83,72,1695,3504,2.05817,0,14.5811,7.42663,0,3400,3298720661
36.4809,27.4116,54.7315,0,100,83,72,1695,3504,2.05817,0,14.5811,7.42663,0,3400,3326133307
45.2723,22.0886,54.7315,0,100,83,72,1695,3504,2.05817,0,14.5811,7.42663,0,3400,3348222819
35.4204,28.2323,54.7315,0,100,83,72,1695,3504,2.05817,0,14.5811,7.42663,0,3400,3376456495
47.7886,20.9255,54.7315,0,100,83,72,1695,3504,2.05817,0,14.5811,7.42663,0,3400,3397383137
44.9555,22.2442,54.7315,0,100,83,72,1695,3504,2.05817,0,14.5811,7.42663,0,3400,3419628924
39.7393,25.164,54.7315,0,100,83,72,1695,3504,2.05817,0,14.5811,7.42663,0,3400,3444794682
41.7766,23.9369,54.7315,0,100,83,72,1695,3504,2.05817,0,14.5811,7.42663,0,3400,3468731987
38.7238,25.8239,54.7315,0,100,83,72,1695,3504,2.05817,0,14.5811,7.42663,0,3400,3494557122
44.6084,22.4173,54.7315,0,100,83,72,1695,3504,2.05817,0,14.5811,7.42663,0,3400,3516979338
41.6132,24.0308,60.1504,0,100,88,72,1695,3504,2.05817,0,14.6145,7.42663,0,3430,3541007259
37.9538,26.3479,60.1504,0,100,88,72,1695,3504,2.05817,0,14.6145,7.42663,0,3430,3567356180
43.556,22.959,60.1504,0,100,88,72,1695,3504,2.05817,0,14.6145,7.42663,0,3430,3590315988
37.8758,26.4021,60.1504,0,100,88,72,1695,3504,2.05817,0,14.6145,7.42663,0,3430,3616724825
40.5877,24.638,60.1504,0,100,88,72,1695,3504,2.05817,0,14.6145,7.42663,0,3430,3641360117
43.0667,23.2198,60.1504,0,100,88,72,1695,3504,2.05817,0,14.6145,7.42663,0,3430,3664580996
38.5571,25.9356,60.1504,0,100,88,72,1695,3504,2.05817,0,14.6145,7.42663,0,3430,3690518006
42.7575,23.3877,60.1504,0,100,88,72,1695,3504,2.05817,0,14.6145,7.42663,0,3430,3713906407
33.0013,30.3019,60.1504,0,100,88,72,1695,3504,2.05817,0,14.6145,7.42663,0,3430,3744210527
57.3986,17.422,60.1504,0,100,88,72,1695,3504,2.05817,0,14.6145,7.42663,0,3430,3761639286
40.2085,24.8704,60.1504,0,100,88,72,1695,3504,2.05817,0,14.6145,7.42663,0,3430,3786507247
40.3372,24.791,60.1504,0,100,88,72,1695,3504,2.05817,0,14.6145,7.42663,0,3430,3811302973
40.9065,24.446,60.1504,0,100,88,72,1695,3504,2.05817,0,14.6145,7.42663,0,3430,3835747720
49.7171,20.1138,60.1504,0,100,88,72,1695,3504,2.05817,0,14.6145,7.42663,0,3430,3855863221
35.1016,28.4887,60.1504,0,100,88,72,1695,3504,2.05817,0,14.6145,7.42663,0,3430,3884352568
48.8132,20.4863,60.1504,0,100,88,72,1695,3504,2.05817,0,14.6145,7.42663,0,3430,3904839762
38.6404,25.8796,60.1504,0,100,88,72,1695,3504,2.05817,0,14.6145,7.42663,0,3430,3930720985
44.6201,22.4114,60.1504,0,100,88,72,1695,3504,2.05817,0,14.6145,7.42663,0,3430,3953133986
33.8589,29.5343,60.1504,0,100,88,72,1695,3504,2.05817,0,14.6145,7.42663,0,3430,3982667926
54.4669,18.3598,60.1504,0,100,88,72,1695,3504,2.05817,0,14.6145,7.42663,0,3430,4001028861
39.9085,25.0573,60.1504,0,100,88,72,1695,3504,2.05817,0,14.6145,7.42663,0,3430,4026092120
42.2361,23.6764,65.4321,0,100,88,72,1695,3504,2.05817,0,14.6429,7.42639,0,3400,4049766236
42.5358,23.5096,65.4321,0,100,88,72,1695,3504,2.05817,0,14.6429,7.42639,0,3400,4073276165
48.5791,20.585,65.4321,0,100,88,72,1695,3504,2.05817,0,14.6429,7.42639,0,3400,4093863368
37.5685,26.6181,65.4321,0,100,88,72,1695,3504,2.05817,0,14.6429,7.42639,0,3400,4120481529
46.9943,21.2792,65.4321,0,100,88,72,1695,3504,2.05817,0,14.6429,7.42639,0,3400,4141762514
41.5446,24.0705,65.4321,0,100,88,72,1695,3504,2.05817,0,14.6429,7.42639,0,3400,4165833135
44.6507,22.3961,65.4321,0,100,88,72,1695,3504,2.05817,0,14.6429,7.42639,0,3400,4188231865
36.1577,27.6567,65.4321,0,100,88,72,1695,3504,2.05817,0,14.6429,7.42639,0,3400,4215889136
50.0557,19.9778,65.4321,0,100,88,72,1695,3504,2.05817,0,14.6429,7.42639,0,3400,4235868346
44.594,22.4245,65.4321,0,100,88,72,1695,3504,2.05817,0,14.6429,7.42639,0,3400,4258293474
42.9061,23.3067,65.4321,0,100,88,72,1695,3504,2.05817,0,14.6429,7.42639,0,3400,4281602488
38.1214,26.232,65.4321,0,100,88,72,1695,3504,2.05817,0,14.6429,7.42639,0,3400,4307835358
17.4591,57.2767,65.4321,0,100,88,72,1695,3504,2.05817,0,14.6429,7.42639,0,3400,4365113718
131.211,7.62128,65.4321,0,100,88,72,1695,3504,2.05817,0,14.6429,7.42639,0,3400,4372734800
44.3247,22.5608,65.4321,0,100,88,72,1695,3504,2.05817,0,14.6429,7.42639,0,3400,4395297452
40.5462,24.6632,65.4321,0,100,88,72,1695,3504,2.05817,0,14.6429,7.42639,0,3400,4419961583
45.0979,22.174,65.4321,0,100,88,72,1695,3504,2.05817,0,14.6429,7.42639,0,3400,4442136938
45.768,21.8493,65.4321,0,100,88,72,1695,3504,2.05817,0,14.6429,7.42639,0,3400,4463987463
42.7278,23.404,65.4321,0,100,88,72,1695,3504,2.05817,0,14.6429,7.42639,0,3400,4487393452
41.5655,24.0584,65.4321,0,100,88,72,1695,3504,2.05817,0,14.6429,7.42639,0,3400,4511452752
41.1174,24.3206,65.4321,0,100,88,72,1695,3504,2.05817,0,14.6429,7.42639,0,3400,4535780797
47.468,21.0668,66.0804,0,100,89,72,1695,3504,2.05817,0,14.6529,7.42639,0,3400,4556841965
42.2832,23.6501,66.0804,0,100,89,72,1695,3504,2.05817,0,14.6529,7.42639,0,3400,4580494873
42.1859,23.7046,66.0804,0,100,89,72,1695,3504,2.05817,0,14.6529,7.42639,0,3400,4604200043
38.9505,25.6736,66.0804,0,100,89,72,1695,3504,2.05817,0,14.6529,7.42639,0,3400,4629875632
46.0238,21.7279,66.0804,0,100,89,72,1695,3504,2.05817,0,14.6529,7.42639,0,3400,4651604079
44.4127,22.5161,66.0804,0,100,89,72,1695,3504,2.05817,0,14.6529,7.42639,0,3400,4674120622
40.6168,24.6204,66.0804,0,100,89,72,1695,3504,2.05817,0,14.6529,7.42639,0,3400,4698742961
43.5518,22.9612,66.0804,0,100,89,72,1695,3504,2.05817,0,14.6529,7.42639,0,3400,4721704845
48.3751,20.6718,66.0804,0,100,89,72,1695,3504,2.05817,0,14.6529,7.42639,0,3400,4742377667
40.2689,24.8331,66.0804,0,100,89,72,1695,3504,2.05817,0,14.6529,7.42639,0,3400,4767213135
42.6334,23.4558,66.0804,0,100,89,72,1695,3504,2.05817,0,14.6529,7.42639,0,3400,4790669617
39.9924,25.0048,66.0804,0,100,89,72,1695,3504,2.05817,0,14.6529,7.42639,0,3400,4815676819
43.5882,22.942,66.0804,0,100,89,72,1695,3504,2.05817,0,14.6529,7.42639,0,3400,4838619321
45.5226,21.9671,66.0804,0,100,89,72,1695,3504,2.05817,0,14.6529,7.42639,0,3400,4860587473
45.5848,21.9372,66.0804,0,100,89,72,1695,3504,2.05817,0,14.6529,7.42639,0,3400,4882527816
41.8285,23.9071,66.0804,0,100,89,72,1695,3504,2.05817,0,14.6529,7.42639,0,3400,4906435491
45.8241,21.8226,66.0804,0,100,89,72,1695,3504,2.05817,0,14.6529,7.42639,0,3400,4928257554
42.0711,23.7693,66.0804,0,100,89,72,1695,3504,2.05817,0,14.6529,7.42639,0,3400,4952027475
41.3911,24.1598,66.0804,0,100,89,72,1695,3504,2.05817,0,14.6529,7.42639,0,3400,4976189692
48.9681,20.4214,66.0804,0,100,89,72,1695,3504,2.05817,0,14.6529,7.42639,0,3400,4996611587
40.8495,24.4801,66.0804,0,100,89,72,1695,3504,2.05817,0,14.6529,7.42639,0,3400,5021093824
42.0662,23.772,66.0804,0,100,89,72,1695,3504,2.05817,0,14.6529,7.42639,0,3400,5044868761
41.4401,24.1312,59.204,0,96,89,72,1695,3504,2.05817,0,14.6679,7.42639,0,3400,5068998807
48.8012,20.4913,59.204,0,96,89,72,1695,3504,2.05817,0,14.6679,7.42639,0,3400,5089491696
40.9963,24.3924,59.204,0,96,89,72,1695,3504,2.05817,0,14.6679,7.42639,0,3400,5113885172
38.3845,26.0522,59.204,0,96,89,72,1695,3504,2.05817,0,14.6679,7.42639,0,3400,5139938377
50.869,19.6583,59.204,0,96,89,72,1695,3504,2.05817,0,14.6679,7.42639,0,3400,5159599427
40.2801,24.8262,59.204,0,96,89,72,1695,3504,2.05817,0,14.6679,7.42639,0,3400,5184427254
50.0559,19.9777,59.204,0,96,89,72,1695,3504,2.05817,0,14.6679,7.42639,0,3400,5204406992
43.7639,22.8499,59.204,0,96,89,72,1695,3504,2.05817,0,14.6679,7.42639,0,3400,5227257177
42.2621,23.6618,59.204,0,96,89,72,1695,3504,2.05817,0,14.6679,7.42639,0,3400,5250919377
42.0263,23.7946,59.204,0,96,89,72,1695,3504,2.05817,0,14.6679,7.42639,0,3400,5274715513
47.6739,20.9758,59.204,0,96,89,72,1695,3504,2.05817,0,14.6679,7.42639,0,3400,5295691600
42.462,23.5504,59.204,0,96,89,72,1695,3504,2.05817,0,14.6679,7.42639,0,3400,5319243988
38.5953,25.9099,59.204,0,96,89,72,1695,3504,2.05817,0,14.6679,7.42639,0,3400,5345156341
42.3621,23.606,59.204,0,96,89,72,1695,3504,2.05817,0,14.6679,7.42639,0,3400,5368762902
55.5748,17.9938,59.204,0,96,89,72,1695,3504,2.05817,0,14.6679,7.42639,0,3400,5386758535
39.5779,25.2666,59.204,0,96,89,72,1695,3504,2.05817,0,14.6679,7.42639,0,3400,5412025300
45.8833,21.7944,59.204,0,96,89,72,1695,3504,2.05817,0,14.6679,7.42639,0,3400,5433821214
43.8784,22.7903,59.204,0,96,89,72,1695,3504,2.05817,0,14.6679,7.42639,0,3400,5456614630
40.9888,24.3969,59.204,0,96,89,72,1695,3504,2.05817,0,14.6679,7.42639,0,3400,5481012138
42.4949,23.5323,59.204,0,96,89,72,1695,3504,2.05817,0,14.6679,7.42639,0,3400,5504544984
43.3058,23.0916,59.204,0,96,89,72,1695,3504,2.05817,0,14.6679,7.42639,0,3400,5527638721
40.3579,24.7783,59.204,0,96,89,72,1695,3504,2.05817,0,14.6679,7.42639,0,3400,5552419678
47.3707,21.1101,59.6535,0,99,91,73,1695,3504,2.05817,0,14.6888,7.42639,0,3400,5573528971
48.1712,20.7593,59.6535,0,99,91,73,1695,3504,2.05817,0,14.6888,7.42639,0,3400,5594289824
41.6872,23.9882,59.6535,0,99,91,73,1695,3504,2.05817,0,14.6888,7.42639,0,3400,5618278692
45.1201,22.1631,59.6535,0,99,91,73,1695,3504,2.05817,0,14.6888,7.42639,0,3400,5640444170
42.5549,23.4991,59.6535,0,99,91,73,1695,3504,2.05817,0,14.6888,7.42639,0,3400,5663943580
46.4401,21.5331,59.6535,0,99,91,73,1695,3504,2.05817,0,14.6888,7.42639,0,3400,5685478134
45.4702,21.9924,59.6535,0,99,91,73,1695,3504,2.05817,0,14.6888,7.42639,0,3400,5707472168
40.6151,24.6214,59.6535,0,99,91,73,1695,3504,2.05817,0,14.6888,7.42639,0,3400,5732096503
44.6673,22.3878,59.6535,0,99,91,73,1695,3504,2.05817,0,14.6888,7.42639,0,3400,5754484232
43.6789,22.8943,59.6535,0,99,91,73,1695,3504,2.05817,0,14.6888,7.42639,0,3400,5777379220
43.3286,23.0794,59.6535,0,99,91,73,1695,3504,2.05817,0,14.6888,7.42639,0,3400,5800459867
47.3855,21.1035,59.6535,0,99,91,73,1695,3504,2.05817,0,14.6888,7.42639,0,3400,5821565661
46.4719,21.5184,59.6535,0,99,91,73,1695,3504,2.05817,0,14.6888,7.42639,0,3400,5843084806
41.9309,23.8488,59.6535,0,99,91,73,1695,3504,2.05817,0,14.6888,7.42639,0,3400,5866935300
46.4589,21.5244,59.6535,0,99,91,73,1695,3504,2.05817,0,14.6888,7.42639,0,3400,5888473216
41.8075,23.9192,59.6535,0,99,91,73,1695,3504,2.05817,0,14.6888,7.42639,0,3400,5912381328
43.3332,23.077,59.6535,0,99,91,73,1695,3504,2.05817,0,14.6888,7.42639,0,3400,5935458572
55.5766,17.9932,59.6535,0,99,91,73,1695,3504,2.05817,0,14.6888,7.42639,0,3400,5953454247
39.3749,25.3969,59.6535,0,99,91,73,1695,3504,2.05817,0,14.6888,7.42639,0,3400,5978851567
46.3554,21.5725,59.6535,0,99,91,73,1695,3504,2.05817,0,14.6888,7.42639,0,3400,6000426856
44.7292,22.3568,59.6535,0,99,91,73,1695,3504,2.05817,0,14.6888,7.42639,0,3400,6022783872
46.9584,21.2954,59.6535,0,99,91,73,1695,3504,2.05817,0,14.6888,7.42639,0,3400,6044081319
42.5767,23.487,59.6535,0,99,91,73,1695,3504,2.05817,0,14.6888,7.42639,0,3400,6067577261
47.1599,21.2045,58.5366,0,100,91,73,1695,3504,2.05817,0,14.701,7.42248,0,3400,6088777656
44.7044,22.3692,58.5366,0,100,91,73,1695,3504,2.05817,0,14.701,7.42248,0,3400,6111146489
38.1833,26.1894,58.5366,0,100,91,73,1695,3504,2.05817,0,14.701,7.42248,0,3400,6137338360
52.5013,19.0472,58.5366,0,100,91,73,1695,3504,2.05817,0,14.701,7.42248,0,3400,6156387003
46.0648,21.7086,58.5366,0,100,91,73,1695,3504,2.05817,0,14.701,7.42248,0,3400,6178097013
49.5366,20.1871,58.5366,0,100,91,73,1695,3504,2.05817,0,14.701,7.42248,0,3400,6198284917
41.3672,24.1738,58.5366,0,100,91,73,1695,3504,2.05817,0,14.701,7.42248,0,3400,6222460656
44.0354,22.709,58.5366,0,100,91,73,1695,3504,2.05817,0,14.701,7.42248,0,3400,6245171700
42.2272,23.6814,58.5366,0,100,91,73,1695,3504,2.05817,0,14.701,7.42248,0,3400,6268853898
49.9889,20.0045,58.5366,0,100,91,73,1695,3504,2.05817,0,14.701,7.42248,0,3400,6288860755
45.3178,22.0664,58.5366,0,100,91,73,1695,3504,2.05817,0,14.701,7.42248,0,3400,6310927674
47.0074,21.2733,58.5366,0,100,91,73,1695,3504,2.05817,0,14.701,7.42248,0,3400,6332202404
41.2924,24.2175,58.5366,0,100,91,73,1695,3504,2.05817,0,14.701,7.42248,0,3400,6356422090
45.4442,22.005,58.5366,0,100,91,73,1695,3504,2.05817,0,14.701,7.42248,0,3400,6378427832
45.4063,22.0234,58.5366,0,100,91,73,1695,3504,2.05817,0,14.701,7.42248,0,3400,6400452037
42.8326,23.3467,58.5366,0,100,91,73,1695,3504,2.05817,0,14.701,7.42248,0,3400,6423800465
41.7464,23.9542,58.5366,0,100,91,73,1695,3504,2.05817,0,14.701,7.42248,0,3400,6447754984
49.1527,20.3447,58.5366,0,100,91,73,1695,3504,2.05817,0,14.701,7.42248,0,3400,6468101067
45.3786,22.0368,58.5366,0,100,91,73,1695,3504,2.05817,0,14.701,7.42248,0,3400,6490139642
45.145,22.1509,58.5366,0,100,91,73,1695,3504,2.05817,0,14.701,7.42248,0,3400,6512292347
36.7601,27.2034,58.5366,0,100,91,73,1695,3504,2.05817,0,14.701,7.42248,0,3400,6539495874
47.4898,21.0572,58.5366,0,100,91,73,1695,3504,2.05817,0,14.701,7.42248,0,3400,6560554053
43.5612,22.9562,58.5366,0,100,91,73,1695,3504,2.05817,0,14.701,7.42248,0,3400,6583526248
50.3446,19.8631,58.5185,0,100,91,73,1695,3504,2.05817,0,14.7133,7.42175,0,3400,6603376635
43.2419,23.1257,58.5185,0,100,91,73,1695,3504,2.05817,0,14.7133,7.42175,0,3400,6626503183
44.1572,22.6464,58.5185,0,100,91,73,1695,3504,2.05817,0,14.7133,7.42175,0,3400,6649150965
48.617,20.5689,58.5185,0,100,91,73,1695,3504,2.05817,0,14.7133,7.42175,0,3400,6669722016
45.2914,22.0792,58.5185,0,100,91,73,1695,3504,2.05817,0,14.7133,7.42175,0,3400,6691802039
43.5733,22.9498,58.5185,0,100,91,73,1695,3504,2.05817,0,14.7133,7.42175,0,3400,6714752759
39.962,25.0238,58.5185,0,100,91,73,1695,3504,2.05817,0,14.7133,7.42175,0,3400,6739778591
48.0896,20.7945,58.5185,0,100,91,73,1695,3504,2.05817,0,14.7133,7.42175,0,3400,6760573872
42.5795,23.4855,58.5185,0,100,91,73,1695,3504,2.05817,0,14.7133,7.42175,0,3400,6784061428
49.3443,20.2658,58.5185,0,100,91,73,1695,3504,2.05817,0,14.7133,7.42175,0,3400,6804327554
39.6078,25.2475,58.5185,0,100,91,73,1695,3504,2.05817,0,14.7133,7.42175,0,3400,6829578018
47.7216,20.9549,58.5185,0,100,91,73,1695,3504,2.05817,0,14.7133,7.42175,0,3400,6850532606
44.1246,22.6631,58.5185,0,100,91,73,1695,3504,2.05817,0,14.7133,7.42175,0,3400,6873197893
46.2026,21.6438,58.5185,0,100,91,73,1695,3504,2.05817,0,14.7133,7.42175,0,3400,6894842659
44.4025,22.5213,58.5185,0,100,91,73,1695,3504,2.05817,0,14.7133,7.42175,0,3400,6917364781
46.753,21.389,58.5185,0,100,91,73,1695,3504,2.05817,0,14.7133,7.42175,0,3400,6938755333
38.3858,26.0513,58.5185,0,100,91,73,1695,3504,2.05817,0,14.7133,7.42175,0,3400,6964807289
43.3304,23.0785,58.5185,0,100,91,73,1695,3504,2.05817,0,14.7133,7.42175,0,3400,6987887318
53.2231,18.7888,58.5185,0,100,91,73,1695,3504,2.05817,0,14.7133,7.42175,0,3400,7006677051
40.3366,24.7914,58.5185,0,100,91,73,1695,3504,2.05817,0,14.7133,7.42175,0,3400,7031469961
45.6647,21.8988,58.5185,0,100,91,73,1695,3504,2.05817,0,14.7133,7.42175,0,3400,7053369440
45.3379,22.0566,58.5185,0,100,91,73,1695,3504,2.05817,0,14.7133,7.42175,0,3400,7075426829
49.7845,20.0866,58.5185,0,100,91,73,1695,3504,2.05817,0,14.7133,7.42175,0,3400,7095522622
39.4252,25.3645,60.7407,0,100,91,73,1695,3504,2.05817,0,14.752,7.42077,0,3400,7120881362
46.2742,21.6103,60.7407,0,100,91,73,1695,3504,2.05817,0,14.752,7.42077,0,3400,7142493387
48.1271,20.7783,60.7407,0,100,91,73,1695,3504,2.05817,0,14.752,7.42077,0,3400,7163272906
40.9468,24.422,60.7407,0,100,91,73,1695,3504,2.05817,0,14.752,7.42077,0,3400,7187696894
45.6519,21.9049,60.7407,0,100,91,73,1695,3504,2.05817,0,14.752,7.42077,0,3400,7209602320
43.1246,23.1886,60.7407,0,100,91,73,1695,3504,2.05817,0,14.752,7.42077,0,3400,7232791712
49.309,20.2803,60.7407,0,100,91,73,1695,3504,2.05817,0,14.752,7.42077,0,3400,7253073320
42.1142,23.7449,60.7407,0,100,91,73,1695,3504,2.05817,0,14.752,7.42077,0,3400,7276818575
46.6831,21.421,60.7407,0,100,91,73,1695,3504,2.05817,0,14.752,7.42077,0,3400,7298241819
48.443,20.6428,60.7407,0,100,91,73,1695,3504,2.05817,0,14.752,7.42077,0,3400,7318886242
44.3914,22.5269,60.7407,0,100,91,73,1695,3504,2.05817,0,14.752,7.42077,0,3400,7341413809
39.7517,25.1562,60.7407,0,100,91,73,1695,3504,2.05817,0,14.752,7.42077,0,3400,7366570591
50.3997,19.8414,60.7407,0,100,91,73,1695,3504,2.05817,0,14.752,7.42077,0,3400,7386413599
44.1682,22.6407,60.7407,0,100,91,73,1695,3504,2.05817,0,14.752,7.42077,0,3400,7409055017
42.4246,23.5712,60.7407,0,100,91,73,1695,3504,2.05817,0,14.752,7.42077,0,3400,7432628631
47.3963,21.0987,60.7407,0,100,91,73,1695,3504,2.05817,0,14.752,7.42077,0,3400,7453728487
46.9436,21.3022,60.7407,0,100,91,73,1695,3504,2.05817,0,14.752,7.42077,0,3400,7475031263
42.3292,23.6243,60.7407,0,100,91,73,1695,3504,2.05817,0,14.752,7.42077,0,3400,7498656713
48.2053,20.7446,60.7407,0,100,91,73,1695,3504,2.05817,0,14.752,7.42077,0,3400,7519402237
43.0695,23.2183,60.7407,0,100,91,73,1695,3504,2.05817,0,14.752,7.42077,0,3400,7542622382
40.7033,24.568,60.7407,0,100,91,73,1695,3504,2.05817,0,14.752,7.42077,0,3400,7567192784
45.9456,21.7649,60.7407,0,100,91,73,1695,3504,2.05817,0,14.752,7.42077,0,3400,7588979390
44.4784,22.4828,60.7407,0,100,91,73,1695,3504,2.05817,0,14.752,7.42077,0,3400,7611448857
41.4164,24.1451,58.5427,0,100,90,73,1695,3504,2.05817,0,14.782,7.42077,0,3401,7635589824
51.9912,19.234,58.5427,0,100,90,73,1695,3504,2.05817,0,14.782,7.42077,0,3401,7654824718
44.8118,22.3156,58.5427,0,100,90,73,1695,3504,2.05817,0,14.782,7.42077,0,3401,7677145305
38.8206,25.7595,58.5427,0,100,90,73,1695,3504,2.05817,0,14.782,7.42077,0,3401,7702903139
55.1058,18.1469,58.5427,0,100,90,73,1695,3504,2.05817,0,14.782,7.42077,0,3401,7721049902
45.4204,22.0165,58.5427,0,100,90,73,1695,3504,2.05817,0,14.782,7.42077,0,3401,7743067045
44.4612,22.4915,58.5427,0,100,90,73,1695,3504,2.05817,0,14.782,7.42077,0,3401,7765561554
39.123,25.5604,58.5427,0,100,90,73,1695,3504,2.05817,0,14.782,7.42077,0,3401,7791122903
48.4754,20.629,58.5427,0,100,90,73,1695,3504,2.05817,0,14.782,7.42077,0,3401,7811753467
22.9433,43.5857,58.5427,0,100,90,73,1695,3504,2.05817,0,14.782,7.42077,0,3401,7855341104
136.77,7.31153,58.5427,0,100,90,73,1695,3504,2.05817,0,14.782,7.42077,0,3401,7862653146
21.7944,45.8834,58.5427,0,100,90,73,1695,3504,2.05817,0,14.782,7.42077,0,3401,7908537114
136.337,7.33474,58.5427,0,100,90,73,1695,3504,2.05817,0,14.782,7.42077,0,3401,7915871824
11.3068,88.4424,58.5427,0,100,90,73,1695,3504,2.05817,0,14.782,7.42077,0,3401,8004316358
179.19,5.58067,58.5427,0,100,90,73,1695,3504,2.05817,0,14.782,7.42077,0,3401,8009897705
43.3554,23.0652,58.5427,0,100,90,73,1695,3504,2.05817,0,14.782,7.42077,0,3401,8032964307
39.0731,25.5931,58.5427,0,100,90,73,1695,3504,2.05817,0,14.782,7.42077,0,3401,8058557904
56.2063,17.7916,58.5427,0,100,90,73,1695,3504,2.05817,0,14.782,7.42077,0,3401,8076351556
21.2368,47.0881,58.5427,0,100,90,73,1695,3504,2.05817,0,14.782,7.42077,0,3401,8123444580
39.1801,25.5232,57.8818,0,100,90,74,1695,3504,2.05817,0,14.805,7.42077,0,3563,8148965218
145.474,6.87406,57.8818,0,100,90,74,1695,3504,2.05817,0,14.805,7.42077,0,3563,8155839394
44.5371,22.4532,57.8818,0,100,90,74,1695,3504,2.05817,0,14.805,7.42077,0,3563,8178294154
50.5249,19.7922,57.8818,0,100,90,74,1695,3504,2.05817,0,14.805,7.42077,0,3563,8198086962
41.2316,24.2533,57.8818,0,100,90,74,1695,3504,2.05817,0,14.805,7.42077,0,3563,8222341212
49.1096,20.3626,57.8818,0,100,90,74,1695,3504,2.05817,0,14.805,7.42077,0,3563,8242705434
40.0285,24.9822,57.8818,0,100,90,74,1695,3504,2.05817,0,14.805,7.42077,0,3563,8267688977
15.3731,65.0488,57.8818,0,100,90,74,1695,3504,2.05817,0,14.805,7.42077,0,3563,8332738619
138.344,7.22835,57.8818,0,100,90,74,1695,3504,2.05817,0,14.805,7.42077,0,3563,8339968388
19.6289,50.9453,57.8818,0,100,90,74,1695,3504,2.05817,0,14.805,7.42077,0,3563,8390915030
109.043,9.1707,57.8818,0,100,90,74,1695,3504,2.05817,0,14.805,7.42077,0,3563,8400087066
38.6835,25.8508,57.8818,0,100,90,74,1695,3504,2.05817,0,14.805,7.42077,0,3563,8425938934
59.5217,16.8006,57.8818,0,100,90,74,1695,3504,2.05817,0,14.805,7.42077,0,3563,8442740407
12.8791,77.6452,57.8818,0,100,90,74,1695,3504,2.05817,0,14.805,7.42077,0,3563,8520388415
166.598,6.00248,57.8818,0,100,90,74,1695,3504,2.05817,0,14.805,7.42077,0,3563,8526391063
36.1854,27.6355,57.8818,0,100,90,74,1695,3504,2.05817,0,14.805,7.42077,0,3563,8554029049
53.102,18.8317,57.8818,0,100,90,74,1695,3504,2.05817,0,14.805,7.42077,0,3563,8572862678
48.1224,20.7803,57.8818,0,100,90,74,1695,3504,2.05817,0,14.805,7.42077,0,3563,8593643990
40.2853,24.8229,57.8818,0,100,90,74,1695,3504,2.05817,0,14.805,7.42077,0,3563,8618467952
44.7691,22.3368,57.8818,0,100,90,74,1695,3504,2.05817,0,14.805,7.42077,0,3563,8640811706
37.0176,27.0142,69.2671,0,88,94,73,1695,3504,2.05817,0,14.8505,7.42077,0,3421,8667820466
48.1696,20.76,69.2671,0,88,94,73,1695,3504,2.05817,0,14.8505,7.42077,0,3421,8688582276
46.5417,21.4861,69.2671,0,88,94,73,1695,3504,2.05817,0,14.8505,7.42077,0,3421,8710068224
55.986,17.8616,69.2671,0,88,94,73,1695,3504,2.05817,0,14.8505,7.42077,0,3421,8727931259
46.3793,21.5613,69.2671,0,88,94,73,1695,3504,2.05817,0,14.8505,7.42077,0,3421,8749492552
46.2594,21.6172,69.2671,0,88,94,73,1695,3504,2.05817,0,14.8505,7.42077,0,3421,8771112058
47.5446,21.0329,69.2671,0,88,94,73,1695,3504,2.05817,0,14.8505,7.42077,0,3421,8792146347
45.3162,22.0671,69.2671,0,88,94,73,1695,3504,2.05817,0,14.8505,7.42077,0,3421,8814214513
46.429,21.5383,69.2671,0,88,94,73,1695,3504,2.05817,0,14.8505,7.42077,0,3421,8835753729
40.9653,24.4109,69.2671,0,88,94,73,1695,3504,2.05817,0,14.8505,7.42077,0,3421,8860166561
49.0458,20.3891,69.2671,0,88,94,73,1695,3504,2.05817,0,14.8505,7.42077,0,3421,8880557214
43.3947,23.0443,69.2671,0,88,94,73,1695,3504,2.05817,0,14.8505,7.42077,0,3421,8903602502
47.4828,21.0603,69.2671,0,88,94,73,1695,3504,2.05817,0,14.8505,7.42077,0,3421,8924663943
44.7619,22.3404,69.2671,0,88,94,73,1695,3504,2.05817,0,14.8505,7.42077,0,3421,8947006186
46.3343,21.5823,69.2671,0,88,94,73,1695,3504,2.05817,0,14.8505,7.42077,0,3421,8968590496
40.7254,24.5547,69.2671,0,88,94,73,1695,3504,2.05817,0,14.8505,7.42077,0,3421,8993145768
51.5681,19.3918,69.2671,0,88,94,73,1695,3504,2.05817,0,14.8505,7.42077,0,3421,9012538202
47.9035,20.8753,69.2671,0,88,94,73,1695,3504,2.05817,0,14.8505,7.42077,0,3421,9033414724
45.6285,21.9161,69.2671,0,88,94,73,1695,3504,2.05817,0,14.8505,7.42077,0,3421,9055332583
41.9904,23.815,69.2671,0,88,94,73,1695,3504,2.05817,0,14.8505,7.42077,0,3421,9079148825
46.0338,21.7232,69.2671,0,88,94,73,1695,3504,2.05817,0,14.8505,7.42077,0,3421,9100872886
43.1467,23.1768,69.2671,0,88,94,73,1695,3504,2.05817,0,14.8505,7.42077,0,3421,9124051302
39.0014,25.6401,69.2671,0,88,94,73,1695,3504,2.05817,0,14.8505,7.42077,0,3421,9149695133
52.6238,19.0028,62.3737,0,85,94,73,1695,3504,2.05817,0,14.9066,7.42077,0,3400,9168696098
40.0184,24.9885,62.3737,0,85,94,73,1695,3504,2.05817,0,14.9066,7.42077,0,3400,9193685794
45.1325,22.157,62.3737,0,85,94,73,1695,3504,2.05817,0,14.9066,7.42077,0,3400,9215844381
41.5701,24.0558,62.3737,0,85,94,73,1695,3504,2.05817,0,14.9066,7.42077,0,3400,9239901378
46.3285,21.585,62.3737,0,85,94,73,1695,3504,2.05817,0,14.9066,7.42077,0,3400,9261488683
46.4855,21.5121,62.3737,0,85,94,73,1695,3504,2.05817,0,14.9066,7.42077,0,3400,9283001851
47.1305,21.2177,62.3737,0,85,94,73,1695,3504,2.05817,0,14.9066,7.42077,0,3400,9304220096
56.9094,17.5718,62.3737,0,85,94,73,1695,3504,2.05817,0,14.9066,7.42077,0,3400,9321793214
44.096,22.6778,62.3737,0,85,94,73,1695,3504,2.05817,0,14.9066,7.42077,0,3400,9344472969
42.6277,23.459,62.3737,0,85,94,73,1695,3504,2.05817,0,14.9066,7.42077,0,3400,9367933792
43.2123,23.1416,62.3737,0,85,94,73,1695,3504,2.05817,0,14.9066,7.42077,0,3400,9391075862
52.4622,19.0614,62.3737,0,85,94,73,1695,3504,2.05817,0,14.9066,7.42077,0,3400,9410137905
35.5237,28.1502,62.3737,0,85,94,73,1695,3504,2.05817,0,14.9066,7.42077,0,3400,9438289867
44.8082,22.3173,62.3737,0,85,94,73,1695,3504,2.05817,0,14.9066,7.42077,0,3400,9460608090
37.0253,27.0086,62.3737,0,85,94,73,1695,3504,2.05817,0,14.9066,7.42077,0,3400,9487617821
50.7416,19.7077,62.3737,0,85,94,73,1695,3504,2.05817,0,14.9066,7.42077,0,3400,9507326380
47.9812,20.8415,62.3737,0,85,94,73,1695,3504,2.05817,0,14.9066,7.42077,0,3400,9528169501
36.7022,27.2464,62.3737,0,85,94,73,1695,3504,2.05817,0,14.9066,7.42077,0,3400,9555416793
47.734,20.9494,62.3737,0,85,94,73,1695,3504,2.05817,0,14.9066,7.42077,0,3400,9576367990
30.4532,32.8372,62.3737,0,85,94,73,1695,3504,2.05817,0,14.9066,7.42077,0,3400,9609206550
49.3555,20.2612,62.3737,0,85,94,73,1695,3504,2.05817,0,14.9066,7.42077,0,3400,9629468111
58.7891,17.0099,62.3737,0,85,94,73,1695,3504,2.05817,0,14.9066,7.42077,0,3400,9646479414
43.9893,22.7328,62.3737,0,85,94,73,1695,3504,2.05817,0,14.9066,7.42077,0,3400,9669224549
50.4183,19.8341,83.5784,0,99,91,73,1695,3504,2.05817,0,14.9535,7.42077,0,3400,9689049320
40.0515,24.9679,83.5784,0,99,91,73,1695,3504,2.05817,0,14.9535,7.42077,0,3400,9714021149
53.7424,18.6073,83.5784,0,99,91,73,1695,3504,2.05817,0,14.9535,7.42077,0,3400,9732628594
29.2839,34.1485,83.5784,0,99,91,73,1695,3504,2.05817,0,14.9535,7.42077,0,3400,9766778633
55.6411,17.9723,83.5784,0,99,91,73,1695,3504,2.05817,0,14.9535,7.42077,0,3400,9784752809
24.1545,41.4002,83.5784,0,99,91,73,1695,3504,2.05817,0,14.9535,7.42077,0,3400,9826152129
199.749,5.00628,83.5784,0,99,91,73,1695,3504,2.05817,0,14.9535,7.42077,0,3400,9831160240
33.8204,29.568,83.5784,0,99,91,73,1695,3504,2.05817,0,14.9535,7.42077,0,3400,9860730124
47.7531,20.941,83.5784,0,99,91,73,1695,3504,2.05817,0,14.9535,7.42077,0,3400,9881673401
39.9816,25.0115,83.5784,0,99,91,73,1695,3504,2.05817,0,14.9535,7.42077,0,3400,9906685374
28.0567,35.6421,83.5784,0,99,91,73,1695,3504,2.05817,0,14.9535,7.42077,0,3400,9942328728
56.7165,17.6316,83.5784,0,99,91,73,1695,3504,2.05817,0,14.9535,7.42077,0,3400,9959962055
38.9881,25.6489,83.5784,0,99,91,73,1695,3504,2.05817,0,14.9535,7.42077,0,3400,9985612391
68.6747,14.5614,83.5784,0,99,91,73,1695,3504,2.05817,0,14.9535,7.42077,0,3400,10000175043
41.6065,24.0347,83.5784,0,99,91,73,1695,3504,2.05817,0,14.9535,7.42077,0,3400,10024210756
69.854,14.3156,83.5784,0,99,91,73,1695,3504,2.05817,0,14.9535,7.42077,0,3400,10038527999
36.2629,27.5764,83.5784,0,99,91,73,1695,3504,2.05817,0,14.9535,7.42077,0,3400,10066107022
51.3629,19.4693,83.5784,0,99,91,73,1695,3504,2.05817,0,14.9535,7.42077,0,3400,10085577803
55.1933,18.1181,83.5784,0,99,91,73,1695,3504,2.05817,0,14.9535,7.42077,0,3400,10103697073
43.1325,23.1844,83.5784,0,99,91,73,1695,3504,2.05817,0,14.9535,7.42077,0,3400,10126882570
46.84,21.3493,83.5784,0,99,91,73,1695,3504,2.05817,0,14.9535,7.42077,0,3400,10148232049
44.3914,22.5269,83.5784,0,99,91,73,1695,3504,2.05817,0,14.9535,7.42077,0,3400,10170768030
39.1352,25.5525,89.9244,0,97,91,73,1695,3504,2.05817,0,15.0349,7.42077,0,3400,10196314891
56.4284,17.7216,89.9244,0,97,91,73,1695,3504,2.05817,0,15.0349,7.42077,0,3400,10214037699
35.3685,28.2738,89.9244,0,97,91,73,1695,3504,2.05817,0,15.0349,7.42077,0,3400,10242313910
45.2932,22.0784,89.9244,0,97,91,73,1695,3504,2.05817,0,15.0349,7.42077,0,3400,10264392816
52.3081,19.1175,89.9244,0,97,91,73,1695,3504,2.05817,0,15.0349,7.42077,0,3400,10283512163
42.9135,23.3027,89.9244,0,97,91,73,1695,3504,2.05817,0,15.0349,7.42077,0,3400,10306816730
41.6065,24.0347,89.9244,0,97,91,73,1695,3504,2.05817,0,15.0349,7.42077,0,3400,10330851860
48.6172,20.5689,89.9244,0,97,91,73,1695,3504,2.05817,0,15.0349,7.42077,0,3400,10351422449
63.128,15.8408,89.9244,0,97,91,73,1695,3504,2.05817,0,15.0349,7.42077,0,3400,10367275564
34.8121,28.7257,89.9244,0,97,91,73,1695,3504,2.05817,0,15.0349,7.42077,0,3400,10395991734
56.5597,17.6804,89.9244,0,97,91,73,1695,3504,2.05817,0,15.0349,7.42077,0,3400,10413673774
40.2358,24.8535,89.9244,0,97,91,73,1695,3504,2.05817,0,15.0349,7.42077,0,3400,10438527984
63.6029,15.7226,89.9244,0,97,91,73,1695,3504,2.05817,0,15.0349,7.42077,0,3400,10454253362
37.3115,26.8014,89.9244,0,97,91,73,1695,3504,2.05817,0,15.0349,7.42077,0,3400,10481054316
44.2606,22.5935,89.9244,0,97,91,73,1695,3504,2.05817,0,15.0349,7.42077,0,3400,10503649538
56.8038,17.6045,89.9244,0,97,91,73,1695,3504,2.05817,0,15.0349,7.42077,0,3400,10521254494
40.5492,24.6614,89.9244,0,97,91,73,1695,3504,2.05817,0,15.0349,7.42077,0,3400,10545917172
43.8089,22.8264,89.9244,0,97,91,73,1695,3504,2.05817,0,15.0349,7.42077,0,3400,10568745899
58.9491,16.9638,89.9244,0,97,91,73,1695,3504,2.05817,0,15.0349,7.42077,0,3400,10585710934
41.9953,23.8122,89.9244,0,97,91,73,1695,3504,2.05817,0,15.0349,7.42077,0,3400,10609524555
48.5479,20.5982,89.9244,0,97,91,73,1695,3504,2.05817,0,15.0349,7.42077,0,3400,10630123703
40.5177,24.6806,89.9244,0,97,91,73,1695,3504,2.05817,0,15.0349,7.42077,0,3400,10654805293
36.8228,27.1571,85.25,0,98,90,74,1695,3504,2.05817,0,15.0477,7.42077,0,3400,10682289944
62.6044,15.9733,85.25,0,98,90,74,1695,3504,2.05817,0,15.0477,7.42077,0,3400,10697937365
38.5866,25.9157,85.25,0,98,90,74,1695,3504,2.05817,0,15.0477,7.42077,0,3400,10723855261
2.20629,453.251,85.25,0,98,90,74,1695,3504,2.05817,0,15.0477,7.42077,0,3400,11177106290
71.0909,14.0665,85.25,0,98,90,74,1695,3504,2.05817,0,15.0477,7.42077,0,3400,11191181188
63.4413,15.7626,73.201,0,98,90,74,1695,3504,2.05817,0,15.0422,7.42077,0,3400,11206935870
49.2378,20.3096,73.201,0,98,90,74,1695,3504,2.05817,0,15.0422,7.42077,0,3400,11227247159
38.9111,25.6996,73.201,0,98,90,74,1695,3504,2.05817,0,15.0422,7.42077,0,3400,11252948956
47.7329,20.9499,73.201,0,98,90,74,1695,3504,2.05817,0,15.0422,7.42077,0,3400,11273900341
42.6343,23.4553,73.201,0,98,90,74,1695,3504,2.05817,0,15.0422,7.42077,0,3400,11297356495
42.8576,23.3331,73.201,0,98,90,74,1695,3504,2.05817,0,15.0422,7.42077,0,3400,11320696194
51.4111,19.4511,73.201,0,98,90,74,1695,3504,2.05817,0,15.0422,7.42077,0,3400,11340143606
43.3391,23.0738,73.201,0,98,90,74,1695,3504,2.05817,0,15.0422,7.42077,0,3400,11363218987
51.0109,19.6036,73.201,0,98,90,74,1695,3504,2.05817,0,15.0422,7.42077,0,3400,11382823096
37.7846,26.4658,73.201,0,98,90,74,1695,3504,2.05817,0,15.0422,7.42077,0,3400,11409291395
47.5018,21.0518,73.201,0,98,90,74,1695,3504,2.05817,0,15.0422,7.42077,0,3400,11430343934
40.8105,24.5035,73.201,0,98,90,74,1695,3504,2.05817,0,15.0422,7.42077,0,3400,11454849623
42.8081,23.3601,73.201,0,98,90,74,1695,3504,2.05817,0,15.0422,7.42077,0,3400,11478209655
50.3151,19.8748,73.201,0,98,90,74,1695,3504,2.05817,0,15.0422,7.42077,0,3400,11498085834
42.0825,23.7628,73.201,0,98,90,74,1695,3504,2.05817,0,15.0422,7.42077,0,3400,11521849763
39.3914,25.3862,73.201,0,98,90,74,1695,3504,2.05817,0,15.0422,7.42077,0,3400,11547238683
70.5385,14.1767,73.201,0,98,90,74,1695,3504,2.05817,0,15.0422,7.42077,0,3400,11561414756
67.3066,14.8574,73.201,0,98,90,74,1695,3504,2.05817,0,15.0422,7.42077,0,3400,11576274850
46.6279,21.4464,73.201,0,98,90,74,1695,3504,2.05817,0,15.0422,7.42077,0,3400,11597722297
41.7301,23.9635,73.201,0,98,90,74,1695,3504,2.05817,0,15.0422,7.42077,0,3400,11621686357
33.111,30.2014,73.201,0,98,90,74,1695,3504,2.05817,0,15.0422,7.42077,0,3400,11651889810
88.1314,11.3467,73.201,0,98,90,74,1695,3504,2.05817,0,15.0422,7.42077,0,3400,11663237802
30.0446,33.2839,73.201,0,98,90,74,1695,3504,2.05817,0,15.0422,7.42077,0,3400,11696529731
73.0708,13.6853,79.8005,0,54,90,71,1695,3504,2.05817,0,15.0522,7.42077,0,3401,11710209513
31.8078,31.4389,79.8005,0,54,90,71,1695,3504,2.05817,0,15.0522,7.42077,0,3401,11741650253
62.9485,15.886,79.8005,0,54,90,71,1695,3504,2.05817,0,15.0522,7.42077,0,3401,11757537635
32.6428,30.6346,79.8005,0,54,90,71,1695,3504,2.05817,0,15.0522,7.42077,0,3401,11788173062
48.686,20.5398,79.8005,0,54,90,71,1695,3504,2.05817,0,15.0522,7.42077,0,3401,11808715054
51.1891,19.5354,79.8005,0,54,90,71,1695,3504,2.05817,0,15.0522,7.42077,0,3401,11828251697
48.7023,20.5329,79.8005,0,54,90,71,1695,3504,2.05817,0,15.0522,7.42077,0,3401,11848784690
44.3346,22.5557,79.8005,0,54,90,71,1695,3504,2.05817,0,15.0522,7.42077,0,3401,11871342080
42.98,23.2666,79.8005,0,54,90,71,1695,3504,2.05817,0,15.0522,7.42077,0,3401,11894609545
47.0057,21.274,79.8005,0,54,90,71,1695,3504,2.05817,0,15.0522,7.42077,0,3401,11915886020
45.9076,21.7829,79.8005,0,54,90,71,1695,3504,2.05817,0,15.0522,7.42077,0,3401,11937668656
42.6538,23.4446,79.8005,0,54,90,71,1695,3504,2.05817,0,15.0522,7.42077,0,3401,11961113916
34.5424,28.9499,79.8005,0,54,90,71,1695,3504,2.05817,0,15.0522,7.42077,0,3401,11990066723
77.9318,12.8317,79.8005,0,54,90,71,1695,3504,2.05817,0,15.0522,7.42077,0,3401,12002912646
35.9016,27.8539,79.8005,0,54,90,71,1695,3504,2.05817,0,15.0522,7.42077,0,3401,12030764411
38.6181,25.8946,79.8005,0,54,90,71,1695,3504,2.05817,0,15.0522,7.42077,0,3401,12056650155
58.5762,17.0718,79.8005,0,54,90,71,1695,3504,2.05817,0,15.0522,7.42077,0,3401,12073722939
44.749,22.3469,79.8005,0,54,90,71,1695,3504,2.05817,0,15.0522,7.42077,0,3401,12096072324
40.1101,24.9314,79.8005,0,54,90,71,1695,3504,2.05817,0,15.0522,7.42077,0,3401,12121004502
40.9006,24.4495,79.8005,0,54,90,71,1695,3504,2.05817,0,15.0522,7.42077,0,3401,12145455033
44.3899,22.5276,79.8005,0,54,90,71,1695,3504,2.05817,0,15.0522,7.42077,0,3401,12167983297
50.1111,19.9557,79.8005,0,54,90,71,1695,3504,2.05817,0,15.0522,7.42077,0,3401,12187940510
38.5625,25.9319,79.8005,0,54,90,71,1695,3504,2.05817,0,15.0522,7.42077,0,3401,12214149556
39.955,25.0282,81.1736,0,79,90,73,1695,3504,2.05817,0,15.0683,7.42053,0,3400,12238902347
38.3585,26.0698,81.1736,0,79,90,73,1695,3504,2.05817,0,15.0683,7.42053,0,3400,12264972722
70.9878,14.0869,81.1736,0,79,90,73,1695,3504,2.05817,0,15.0683,7.42053,0,3400,12279060777
47.9477,20.856,81.1736,0,79,90,73,1695,3504,2.05817,0,15.0683,7.42053,0,3400,12299919073
38.0025,26.3141,81.1736,0,79,90,73,1695,3504,2.05817,0,15.0683,7.42053,0,3400,12326234403
43.2717,23.1098,81.1736,0,79,90,73,1695,3504,2.05817,0,15.0683,7.42053,0,3400,12349345324
44.337,22.5545,81.1736,0,79,90,73,1695,3504,2.05817,0,15.0683,7.42053,0,3400,12371900924
51.279,19.5012,81.1736,0,79,90,73,1695,3504,2.05817,0,15.0683,7.42053,0,3400,12391403756
35.9937,27.7827,81.1736,0,79,90,73,1695,3504,2.05817,0,15.0683,7.42053,0,3400,12419187527
55.2673,18.0939,81.1736,0,79,90,73,1695,3504,2.05817,0,15.0683,7.42053,0,3400,12437282876
40.143,24.9109,81.1736,0,79,90,73,1695,3504,2.05817,0,15.0683,7.42053,0,3400,12462195502
44.8857,22.2788,81.1736,0,79,90,73,1695,3504,2.05817,0,15.0683,7.42053,0,3400,12484474856
46.0011,21.7386,81.1736,0,79,90,73,1695,3504,2.05817,0,15.0683,7.42053,0,3400,12506216248
43.8871,22.7857,81.1736,0,79,90,73,1695,3504,2.05817,0,15.0683,7.42053,0,3400,12529002971
39.8605,25.0875,81.1736,0,79,90,73,1695,3504,2.05817,0,15.0683,7.42053,0,3400,12554091876
48.7061,20.5313,81.1736,0,79,90,73,1695,3504,2.05817,0,15.0683,7.42053,0,3400,12574624216
40.4196,24.7405,81.1736,0,79,90,73,1695,3504,2.05817,0,15.0683,7.42053,0,3400,12599366087
43.719,22.8733,81.1736,0,79,90,73,1695,3504,2.05817,0,15.0683,7.42053,0,3400,12622241199
39.2956,25.4481,81.1736,0,79,90,73,1695,3504,2.05817,0,15.0683,7.42053,0,3400,12647690467
44.9393,22.2523,81.1736,0,79,90,73,1695,3504,2.05817,0,15.0683,7.42053,0,3400,12669945311
49.3809,20.2507,81.1736,0,79,90,73,1695,3504,2.05817,0,15.0683,7.42053,0,3400,12690196172
43.1271,23.1873,81.1736,0,79,90,73,1695,3504,2.05817,0,15.0683,7.42053,0,3400,12713384629
39.77,25.1446,81.1736,0,79,90,73,1695,3504,2.05817,0,15.0683,7.42053,0,3400,12738535056
44.9061,22.2687,76.9412,0,100,91,74,1695,3504,2.05817,0,15.0733,7.42053,0,3400,12760800252
46.205,21.6427,76.9412,0,100,91,74,1695,3504,2.05817,0,15.0733,7.42053,0,3400,12782444131
34.1851,29.2525,76.9412,0,100,91,74,1695,3504,2.05817,0,15.0733,7.42053,0,3400,12811699110
53.8343,18.5755,76.9412,0,100,91,74,1695,3504,2.05817,0,15.0733,7.42053,0,3400,12830275747
50.4697,19.8139,76.9412,0,100,91,74,1695,3504,2.05817,0,15.0733,7.42053,0,3400,12850091680
37.3699,26.7595,76.9412,0,100,91,74,1695,3504,2.05817,0,15.0733,7.42053,0,3400,12876853353
14.4661,69.1271,76.9412,0,100,91,74,1695,3504,2.05817,0,15.0733,7.42053,0,3400,12945980510
78.0126,12.8184,76.9412,0,100,91,74,1695,3504,2.05817,0,15.0733,7.42053,0,3400,12958808380
38.397,26.0437,76.9412,0,100,91,74,1695,3504,2.05817,0,15.0733,7.42053,0,3400,12984845675
52.7663,18.9515,76.9412,0,100,91,74,1695,3504,2.05817,0,15.0733,7.42053,0,3400,13003797800
48.2076,20.7436,76.9412,0,100,91,74,1695,3504,2.05817,0,15.0733,7.42053,0,3400,13024544570
44.4332,22.5057,76.9412,0,100,91,74,1695,3504,2.05817,0,15.0733,7.42053,0,3400,13047050636
42.6965,23.4211,76.9412,0,100,91,74,1695,3504,2.05817,0,15.0733,7.42053,0,3400,13070472792
40.0794,24.9505,76.9412,0,100,91,74,1695,3504,2.05817,0,15.0733,7.42053,0,3400,13095425573
56.5388,17.687,76.9412,0,100,91,74,1695,3504,2.05817,0,15.0733,7.42053,0,3400,13113112877
32.0588,31.1927,76.9412,0,100,91,74,1695,3504,2.05817,0,15.0733,7.42053,0,3400,13144307699
61.5575,16.245,76.9412,0,100,91,74,1695,3504,2.05817,0,15.0733,7.42053,0,3400,13160553568
43.2701,23.1106,76.9412,0,100,91,74,1695,3504,2.05817,0,15.0733,7.42053,0,3400,13183665800
43.6781,22.8948,76.9412,0,100,91,74,1695,3504,2.05817,0,15.0733,7.42053,0,3400,13206561119
40.9515,24.4191,76.9412,0,100,91,74,1695,3504,2.05817,0,15.0733,7.42053,0,3400,13230981224
46.489,21.5105,76.9412,0,100,91,74,1695,3504,2.05817,0,15.0733,7.42053,0,3400,13252499516
34.0812,29.3417,77.3399,0,100,91,74,1695,3504,2.05817,0,15.0947,7.42053,0,3400,13281837218
51.5746,19.3894,77.3399,0,100,91,74,1695,3504,2.05817,0,15.0947,7.42053,0,3400,13301227842
48.6066,20.5733,77.3399,0,100,91,74,1695,3504,2.05817,0,15.0947,7.42053,0,3400,13321803218
34.2912,29.162,77.3399,0,100,91,74,1695,3504,2.05817,0,15.0947,7.42053,0,3400,13350965152
49.1634,20.3403,77.3399,0,100,91,74,1695,3504,2.05817,0,15.0947,7.42053,0,3400,13371306542
33.8677,29.5267,77.3399,0,100,91,74,1695,3504,2.05817,0,15.0947,7.42053,0,3400,13400834205
40.2619,24.8374,77.3399,0,100,91,74,1695,3504,2.05817,0,15.0947,7.42053,0,3400,13425671842
72.0332,13.8825,77.3399,0,100,91,74,1695,3504,2.05817,0,15.0947,7.42053,0,3400,13439556562
43.5387,22.9681,77.3399,0,100,91,74,1695,3504,2.05817,0,15.0947,7.42053,0,3400,13462525889
35.3184,28.3139,77.3399,0,100,91,74,1695,3504,2.05817,0,15.0947,7.42053,0,3400,13490841863
42.3301,23.6239,77.3399,0,100,91,74,1695,3504,2.05817,0,15.0947,7.42053,0,3400,13514466433
17.2692,57.9064,77.3399,0,100,91,74,1695,3504,2.05817,0,15.0947,7.42053,0,3400,13572375493
77.6236,12.8827,77.3399,0,100,91,74,1695,3504,2.05817,0,15.0947,7.42053,0,3400,13585259181
46.1291,21.6783,77.3399,0,100,91,74,1695,3504,2.05817,0,15.0947,7.42053,0,3400,13606938274
36.621,27.3068,77.3399,0,100,91,74,1695,3504,2.05817,0,15.0947,7.42053,0,3400,13634246968
58.7493,17.0215,77.3399,0,100,91,74,1695,3504,2.05817,0,15.0947,7.42053,0,3400,13651270478
32.1273,31.1261,77.3399,0,100,91,74,1695,3504,2.05817,0,15.0947,7.42053,0,3400,13682398363
65.9727,15.1578,77.3399,0,100,91,74,1695,3504,2.05817,0,15.0947,7.42053,0,3400,13697557174
35.2839,28.3415,77.3399,0,100,91,74,1695,3504,2.05817,0,15.0947,7.42053,0,3400,13725900090
41.5196,24.085,77.3399,0,100,91,74,1695,3504,2.05817,0,15.0947,7.42053,0,3400,13749986025
50.4533,19.8203,77.3399,0,100,91,74,1695,3504,2.05817,0,15.0947,7.42053,0,3400,13769814797
41.1504,24.3011,77.8049,0,94,92,74,1695,3504,2.05817,0,15.1023,7.42053,0,3400,13794110154
28.5212,35.0617,77.8049,0,94,92,74,1695,3504,2.05817,0,15.1023,7.42053,0,3400,13829172709
86.1715,11.6048,77.8049,0,94,92,74,1695,3504,2.05817,0,15.1023,7.42053,0,3400,13840779316
38.6477,25.8748,77.8049,0,94,92,74,1695,3504,2.05817,0,15.1023,7.42053,0,3400,13866655654
46.8327,21.3526,77.8049,0,94,92,74,1695,3504,2.05817,0,15.1023,7.42053,0,3400,13888008436
43.9595,22.7482,77.8049,0,94,92,74,1695,3504,2.05817,0,15.1023,7.42053,0,3400,13910758064
39.982,25.0112,77.8049,0,94,92,74,1695,3504,2.05817,0,15.1023,7.42053,0,3400,13935769931
47.2969,21.143,77.8049,0,94,92,74,1695,3504,2.05817,0,15.1023,7.42053,0,3400,13956914556
36.9816,27.0405,77.8049,0,94,92,74,1695,3504,2.05817,0,15.1023,7.42053,0,3400,13983957349
44.4726,22.4857,77.8049,0,94,92,74,1695,3504,2.05817,0,15.1023,7.42053,0,3400,14006444195
40.6161,24.6208,77.8049,0,94,92,74,1695,3504,2.05817,0,15.1023,7.42053,0,3400,14031065638
40.1532,24.9046,77.8049,0,94,92,74,1695,3504,2.05817,0,15.1023,7.42053,0,3400,14055971566
43.5625,22.9555,77.8049,0,94,92,74,1695,3504,2.05817,0,15.1023,7.42053,0,3400,14078928249
44.0901,22.6809,77.8049,0,94,92,74,1695,3504,2.05817,0,15.1023,7.42053,0,3400,14101610344
39.2404,25.4839,77.8049,0,94,92,74,1695,3504,2.05817,0,15.1023,7.42053,0,3400,14127096372
41.4385,24.1322,77.8049,0,94,92,74,1695,3504,2.05817,0,15.1023,7.42053,0,3400,14151229807
38.1773,26.1936,77.8049,0,94,92,74,1695,3504,2.05817,0,15.1023,7.42053,0,3400,14177423824
38.8383,25.7478,77.8049,0,94,92,74,1695,3504,2.05817,0,15.1023,7.42053,0,3400,14203173449
47.0965,21.233,77.8049,0,94,92,74,1695,3504,2.05817,0,15.1023,7.42053,0,3400,14224408220
40.1534,24.9045,77.8049,0,94,92,74,1695,3504,2.05817,0,15.1023,7.42053,0,3400,14249313670
43.3431,23.0717,77.8049,0,94,92,74,1695,3504,2.05817,0,15.1023,7.42053,0,3400,14272391555
36.1514,27.6614,65.2393,0,95,92,74,1695,3504,2.05817,0,15.102,7.41198,0,3400,14300049369
41.2158,24.2625,65.2393,0,95,92,74,1695,3504,2.05817,0,15.102,7.41198,0,3400,14324312377
41.3957,24.1571,65.2393,0,95,92,74,1695,3504,2.05817,0,15.102,7.41198,0,3400,14348471220
48.9844,20.4147,65.2393,0,95,92,74,1695,3504,2.05817,0,15.102,7.41198,0,3400,14368885859
34.1688,29.2665,65.2393,0,95,92,74,1695,3504,2.05817,0,15.102,7.41198,0,3400,14398154337
45.9174,21.7783,65.2393,0,95,92,74,1695,3504,2.05817,0,15.102,7.41198,0,3400,14419934097
44.8576,22.2928,65.2393,0,95,92,74,1695,3504,2.05817,0,15.102,7.41198,0,3400,14442227005
42.8958,23.3123,65.2393,0,95,92,74,1695,3504,2.05817,0,15.102,7.41198,0,3400,14465541042
30.5932,32.687,65.2393,0,95,92,74,1695,3504,2.05817,0,15.102,7.41198,0,3400,14498229936
23.4118,42.7134,65.2393,0,95,92,74,1695,3504,2.05817,0,15.102,7.41198,0,3400,14540944816
87.2595,11.4601,65.2393,0,95,92,74,1695,3504,2.05817,0,15.102,7.41198,0,3400,14552404423
75.6918,13.2115,65.2393,0,95,92,74,1695,3504,2.05817,0,15.102,7.41198,0,3400,14565618928
2.68755,372.086,65.2393,0,95,92,74,1695,3504,2.05817,0,15.102,7.41198,0,3400,14937712781
70.509,14.1826,69.9809,0,91,91,74,1695,3504,2.05817,0,14.796,7.2738,0,3411,14951890382
56.8733,17.5829,69.9809,0,91,91,74,1695,3504,2.05817,0,14.796,7.2738,0,3411,14969473511
39.8051,25.1224,69.9809,0,91,91,74,1695,3504,2.05817,0,14.796,7.2738,0,3411,14994598215
15.7123,63.6445,69.9809,0,91,91,74,1695,3504,2.05817,0,14.796,7.2738,0,3411,15058243005
61.5458,16.2481,69.9809,0,91,91,74,1695,3504,2.05817,0,14.796,7.2738,0,3411,15074493100
55.5782,17.9927,69.9809,0,91,91,74,1695,3504,2.05817,0,14.796,7.2738,0,3411,15092485469
39.0724,25.5935,69.9809,0,91,91,74,1695,3504,2.05817,0,14.796,7.2738,0,3411,15118081427
22.0365,45.3792,69.9809,0,91,91,74,1695,3504,2.05817,0,14.796,7.2738,0,3411,15163460296
103.248,9.68543,69.9809,0,91,91,74,1695,3504,2.05817,0,14.796,7.2738,0,3411,15173147724
47.4372,21.0805,69.9809,0,91,91,74,1695,3504,2.05817,0,14.796,7.2738,0,3411,15194229230
41.5272,24.0806,69.9809,0,91,91,74,1695,3504,2.05817,0,14.796,7.2738,0,3411,15218311245
33.5809,29.7789,69.9809,0,91,91,74,1695,3504,2.05817,0,14.796,7.2738,0,3411,15248111098
36.4381,27.4438,69.9809,0,91,91,74,1695,3504,2.05817,0,14.796,7.2738,0,3411,15275543623
54.6302,18.3049,69.9809,0,91,91,74,1695,3504,2.05817,0,14.796,7.2738,0,3411,15293849833
38.2685,26.1311,69.9809,0,91,91,74,1695,3504,2.05817,0,14.796,7.2738,0,3411,15319981391
39.4393,25.3554,69.9809,0,91,91,74,1695,3504,2.05817,0,14.796,7.2738,0,3411,15345339797
36.3371,27.5201,69.9809,0,91,91,74,1695,3504,2.05817,0,14.796,7.2738,0,3411,15372859526
70.3693,14.2107,69.9809,0,91,91,74,1695,3504,2.05817,0,14.796,7.2738,0,3411,15387072085
41.569,24.0564,69.9809,0,91,91,74,1695,3504,2.05817,0,14.796,7.2738,0,3411,15411129806
37.4755,26.6841,69.9809,0,91,91,74,1695,3504,2.05817,0,14.796,7.2738,0,3411,15437821836
38.8418,25.7455,80.8673,0,91,91,74,1695,3504,2.05817,0,14.867,7.2738,0,3400,15463562088
36.5815,27.3363,80.8673,0,91,91,74,1695,3504,2.05817,0,14.867,7.2738,0,3400,15490900205
45.3036,22.0733,80.8673,0,91,91,74,1695,3504,2.05817,0,14.867,7.2738,0,3400,15512974369
39.4872,25.3247,80.8673,0,91,91,74,1695,3504,2.05817,0,14.867,7.2738,0,3400,15538305586
44.1973,22.6258,80.8673,0,91,91,74,1695,3504,2.05817,0,14.867,7.2738,0,3400,15560931707
41.6652,24.0008,80.8673,0,91,91,74,1695,3504,2.05817,0,14.867,7.2738,0,3400,15584933803
36.9669,27.0512,80.8673,0,91,91,74,1695,3504,2.05817,0,14.867,7.2738,0,3400,15611986120
21.7048,46.0729,80.8673,0,91,91,74,1695,3504,2.05817,0,14.867,7.2738,0,3400,15658059822
113.816,8.78608,80.8673,0,91,91,74,1695,3504,2.05817,0,14.867,7.2738,0,3400,15666847603
39.5702,25.2715,80.8673,0,91,91,74,1695,3504,2.05817,0,14.867,7.2738,0,3400,15692120821
43.0405,23.2339,80.8673,0,91,91,74,1695,3504,2.05817,0,14.867,7.2738,0,3400,15715357226
30.362,32.936,80.8673,0,91,91,74,1695,3504,2.05817,0,14.867,7.2738,0,3400,15748305552
53.5735,18.6659,80.8673,0,91,91,74,1695,3504,2.05817,0,14.867,7.2738,0,3400,15766962132
41.9906,23.8149,80.8673,0,91,91,74,1695,3504,2.05817,0,14.867,7.2738,0,3400,15790777287
36.7652,27.1997,80.8673,0,91,91,74,1695,3504,2.05817,0,14.867,7.2738,0,3400,15817978255
47.2677,21.1561,80.8673,0,91,91,74,1695,3504,2.05817,0,14.867,7.2738,0,3400,15839136017
20.9518,47.7286,80.8673,0,91,91,74,1695,3504,2.05817,0,14.867,7.2738,0,3400,15886865012
122.057,8.19291,80.8673,0,91,91,74,1695,3504,2.05817,0,14.867,7.2738,0,3400,15895059177
43.692,22.8875,80.8673,0,91,91,74,1695,3504,2.05817,0,14.867,7.2738,0,3400,15917947577
33.8895,29.5077,80.8673,0,91,91,74,1695,3504,2.05817,0,14.867,7.2738,0,3400,15947484581
45.562,21.9481,62.0948,0,53,93,72,1695,3504,2.05817,0,14.9755,7.2738,0,3400,15969405622
35.0462,28.5338,62.0948,0,53,93,72,1695,3504,2.05817,0,14.9755,7.2738,0,3400,15997940001
43.0129,23.2488,62.0948,0,53,93,72,1695,3504,2.05817,0,14.9755,7.2738,0,3400,16021189994
42.1629,23.7175,62.0948,0,53,93,72,1695,3504,2.05817,0,14.9755,7.2738,0,3400,16044909453
39.173,25.5278,62.0948,0,53,93,72,1695,3504,2.05817,0,14.9755,7.2738,0,3400,16070438002
43.3591,23.0632,62.0948,0,53,93,72,1695,3504,2.05817,0,14.9755,7.2738,0,3400,16093502540
38.4901,25.9807,62.0948,0,53,93,72,1695,3504,2.05817,0,14.9755,7.2738,0,3400,16119484186
34.2015,29.2385,62.0948,0,53,93,72,1695,3504,2.05817,0,14.9755,7.2738,0,3400,16148724404
39.4244,25.365,62.0948,0,53,93,72,1695,3504,2.05817,0,14.9755,7.2738,0,3400,16174089161
40.7319,24.5508,62.0948,0,53,93,72,1695,3504,2.05817,0,14.9755,7.2738,0,3400,16198642270
49.9862,20.0055,62.0948,0,53,93,72,1695,3504,2.05817,0,14.9755,7.2738,0,3400,16218648767
39.909,25.057,62.0948,0,53,93,72,1695,3504,2.05817,0,14.9755,7.2738,0,3400,16243707389
44.0767,22.6877,62.0948,0,53,93,72,1695,3504,2.05817,0,14.9755,7.2738,0,3400,16266395810
34.758,28.7704,62.0948,0,53,93,72,1695,3504,2.05817,0,14.9755,7.2738,0,3400,16295168208
43.0676,23.2193,62.0948,0,53,93,72,1695,3504,2.05817,0,14.9755,7.2738,0,3400,16318387889
36.4833,27.4098,62.0948,0,53,93,72,1695,3504,2.05817,0,14.9755,7.2738,0,3400,16345798546
44.4046,22.5202,62.0948,0,53,93,72,1695,3504,2.05817,0,14.9755,7.2738,0,3400,16368320819
41.4716,24.1129,62.0948,0,53,93,72,1695,3504,2.05817,0,14.9755,7.2738,0,3400,16392435677
42.5393,23.5077,62.0948,0,53,93,72,1695,3504,2.05817,0,14.9755,7.2738,0,3400,16415943742
38.1956,26.181,62.0948,0,53,93,72,1695,3504,2.05817,0,14.9755,7.2738,0,3400,16442126429
46.2078,21.6414,62.0948,0,53,93,72,1695,3504,2.05817,0,14.9755,7.2738,0,3400,16463773740
37.8833,26.3968,70.6731,0,99,93,75,1695,3504,2.05817,0,14.9591,7.2738,0,3400,16490166968
45.9851,21.7462,70.6731,0,99,93,75,1695,3504,2.05817,0,14.9591,7.2738,0,3400,16511914350
29.6119,33.7702,70.6731,0,99,93,75,1695,3504,2.05817,0,14.9591,7.2738,0,3400,16545686081
57.3695,17.4309,70.6731,0,99,93,75,1695,3504,2.05817,0,14.9591,7.2738,0,3400,16563117893
35.7669,27.9588,70.6731,0,99,93,75,1695,3504,2.05817,0,14.9591,7.2738,0,3400,16591077515
49.112,20.3616,70.6731,0,99,93,75,1695,3504,2.05817,0,14.9591,7.2738,0,3400,16611441973
41.7417,23.9569,70.6731,0,99,93,75,1695,3504,2.05817,0,14.9591,7.2738,0,3400,16635399947
34.93,28.6286,70.6731,0,99,93,75,1695,3504,2.05817,0,14.9591,7.2738,0,3400,16664028805
39.6072,25.2479,70.6731,0,99,93,75,1695,3504,2.05817,0,14.9591,7.2738,0,3400,16689278407
38.489,25.9814,70.6731,0,99,93,75,1695,3504,2.05817,0,14.9591,7.2738,0,3400,16715260957
49.299,20.2844,70.6731,0,99,93,75,1695,3504,2.05817,0,14.9591,7.2738,0,3400,16735547106
39.0408,25.6142,70.6731,0,99,93,75,1695,3504,2.05817,0,14.9591,7.2738,0,3400,16761162791
41.2302,24.2541,70.6731,0,99,93,75,1695,3504,2.05817,0,14.9591,7.2738,0,3400,16785417107
40.4334,24.732,70.6731,0,99,93,75,1695,3504,2.05817,0,14.9591,7.2738,0,3400,16810151161
36.3089,27.5415,70.6731,0,99,93,75,1695,3504,2.05817,0,14.9591,7.2738,0,3400,16837714228
13.8875,72.0072,70.6731,0,99,93,75,1695,3504,2.05817,0,14.9591,7.2738,0,3400,16909723201
26.4556,37.7991,70.6731,0,99,93,75,1695,3504,2.05817,0,14.9591,7.2738,0,3400,16947524039
58.4315,17.1141,70.6731,0,99,93,75,1695,3504,2.05817,0,14.9591,7.2738,0,3400,16964663838
21.5387,46.4281,67.1795,0,99,85,75,1695,3504,2.05817,0,14.9594,7.2738,0,1726,17011067567
35.9888,27.7864,67.1795,0,99,85,75,1695,3504,2.05817,0,14.9594,7.2738,0,1726,17038854155
25.7549,38.8276,67.1795,0,99,85,75,1695,3504,2.05817,0,14.9594,7.2738,0,1726,17077682010
30.5406,32.7433,67.1795,0,99,85,75,1695,3504,2.05817,0,14.9594,7.2738,0,1726,17110428101
9.28229,107.732,67.1795,0,99,85,75,1695,3504,2.05817,0,14.9594,7.2738,0,1726,17218160606
46.1432,21.6717,67.1795,0,99,85,75,1695,3504,2.05817,0,14.9594,7.2738,0,1726,17239833797
48.8313,20.4787,67.1795,0,99,85,75,1695,3504,2.05817,0,14.9594,7.2738,0,1726,17260312592
25.6651,38.9634,67.1795,0,99,85,75,1695,3504,2.05817,0,14.9594,7.2738,0,1726,17299278807
40.0323,24.9798,67.1795,0,99,85,75,1695,3504,2.05817,0,14.9594,7.2738,0,1726,17324258212
12.2998,81.3019,67.1795,0,99,85,75,1695,3504,2.05817,0,14.9594,7.2738,0,1726,17405561739
63.7323,15.6906,67.1795,0,99,85,75,1695,3504,2.05817,0,14.9594,7.2738,0,1726,17421253902
27.1735,36.8006,67.1795,0,99,85,75,1695,3504,2.05817,0,14.9594,7.2738,0,1726,17458055047
38.2334,26.1552,67.1795,0,99,85,75,1695,3504,2.05817,0,14.9594,7.2738,0,1726,17484234945
53.6107,18.653,79.6569,0,82,85,74,1688,3504,2.05817,0,14.9594,7.2738,0,1767,17502886999
35.4635,28.198,79.6569,0,82,85,74,1688,3504,2.05817,0,14.9594,7.2738,0,1767,17531086057
30.7615,32.5081,79.6569,0,82,85,74,1688,3504,2.05817,0,14.9594,7.2738,0,1767,17563628068
30.5111,32.7749,79.6569,0,82,85,74,1688,3504,2.05817,0,14.9594,7.2738,0,1767,17596371257
35.8692,27.8791,79.6569,0,82,85,74,1688,3504,2.05817,0,14.9594,7.2738,0,1767,17624251489
39.447,25.3505,79.6569,0,82,85,74,1688,3504,2.05817,0,14.9594,7.2738,0,1767,17649602949
30.2992,33.0042,79.6569,0,82,85,74,1688,3504,2.05817,0,14.9594,7.2738,0,1767,17682608257
28.6931,34.8516,79.6569,0,82,85,74,1688,3504,2.05817,0,14.9594,7.2738,0,1767,17717461349
29.164,34.2888,79.6569,0,82,85,74,1688,3504,2.05817,0,14.9594,7.2738,0,1767,17751751324
32.73,30.553,79.6569,0,82,85,74,1688,3504,2.05817,0,14.9594,7.2738,0,1767,17782305119
10.2608,97.4584,79.6569,0,82,85,74,1688,3504,2.05817,0,14.9594,7.2738,0,1767,17879765042
65.8376,15.1889,79.6569,0,82,85,74,1688,3504,2.05817,0,14.9594,7.2738,0,1767,17894955802
36.5362,27.3701,79.6569,0,82,85,74,1688,3504,2.05817,0,14.9594,7.2738,0,1767,17922328211
34.0965,29.3285,79.6569,0,82,85,74,1688,3504,2.05817,0,14.9594,7.2738,0,1767,17951678606
43.4318,23.0246,79.6569,0,82,85,74,1688,3504,2.05817,0,14.9594,7.2738,0,1767,17974683051
34.5578,28.9371,79.6569,0,82,85,74,1688,3504,2.05817,0,14.9594,7.2738,0,1767,18003650555
28.6344,34.923,75,0,82,82,74,1688,3504,2.05817,0,14.9573,7.2738,0,1782,18038545881
34.5077,28.979,75,0,82,82,74,1688,3504,2.05817,0,14.9573,7.2738,0,1782,18067547388
29.1159,34.3455,75,0,82,82,74,1688,3504,2.05817,0,14.9573,7.2738,0,1782,18101873210
33.934,29.469,75,0,82,82,74,1688,3504,2.05817,0,14.9573,7.2738,0,1782,18131343759
25.3664,39.4222,75,0,82,82,74,1688,3504,2.05817,0,14.9573,7.2738,0,1782,18170767127
35.8032,27.9304,75,0,82,82,74,1688,3504,2.05817,0,14.9573,7.2738,0,1782,18198698236
32.8905,30.4039,75,0,82,82,74,1688,3504,2.05817,0,14.9573,7.2738,0,1782,18229103200
26.0981,38.3169,75,0,82,82,74,1688,3504,2.05817,0,14.9573,7.2738,0,1782,18267443473
26.4338,37.8303,75,0,82,82,74,1688,3504,2.05817,0,14.9573,7.2738,0,1782,18305272924
28.9742,34.5134,75,0,82,82,74,1688,3504,2.05817,0,14.9573,7.2738,0,1782,18339767852
44.1095,22.6708,75,0,82,82,74,1688,3504,2.05817,0,14.9573,7.2738,0,1782,18362437872
27.9231,35.8127,75,0,82,82,74,1688,3504,2.05817,0,14.9573,7.2738,0,1782,18398252099
32.0565,31.195,75,0,82,82,74,1688,3504,2.05817,0,14.9573,7.2738,0,1782,18429469538
49.8653,20.054,75,0,82,82,74,1688,3504,2.05817,0,14.9573,7.2738,0,1782,18449525296
36.6293,27.3006,75,0,82,82,74,1688,3504,2.05817,0,14.9573,7.2738,0,1782,18476806215
33.5739,29.7851,75,0,82,82,74,1688,3504,2.05817,0,14.9573,7.2738,0,1782,18506595798
39.8778,25.0766,82.5521,0,77,82,71,1446,3504,2.05817,0,14.9442,7.2738,0,1733,18531670737
28.069,35.6265,82.5521,0,77,82,71,1446,3504,2.05817,0,14.9442,7.2738,0,1733,18567319083
38.3951,26.045,82.5521,0,77,82,71,1446,3504,2.05817,0,14.9442,7.2738,0,1733,18593357021
44.4649,22.4897,82.5521,0,77,82,71,1446,3504,2.05817,0,14.9442,7.2738,0,1733,18615849507
35.2477,28.3707,82.5521,0,77,82,71,1446,3504,2.05817,0,14.9442,7.2738,0,1733,18644241720
39.9362,25.04,82.5521,0,77,82,71,1446,3504,2.05817,0,14.9442,7.2738,0,1733,18669261833
36.3539,27.5074,82.5521,0,77,82,71,1446,3504,2.05817,0,14.9442,7.2738,0,1733,18696770757
37.7444,26.494,82.5521,0,77,82,71,1446,3504,2.05817,0,14.9442,7.2738,0,1733,18723287623
21.2992,46.9501,82.5521,0,77,82,71,1446,3504,2.05817,0,14.9442,7.2738,0,1733,18770218588
22.1382,45.1708,82.5521,0,77,82,71,1446,3504,2.05817,0,14.9442,7.2738,0,1733,18815389657
56.2489,17.7781,82.5521,0,77,82,71,1446,3504,2.05817,0,14.9442,7.2738,0,1733,18833169082
31.8265,31.4204,82.5521,0,77,82,71,1446,3504,2.05817,0,14.9442,7.2738,0,1733,18864612219
31.881,31.3666,82.5521,0,77,82,71,1446,3504,2.05817,0,14.9442,7.2738,0,1733,18895979864
24.4429,40.9117,82.5521,0,77,82,71,1446,3504,2.05817,0,14.9442,7.2738,0,1733,18936892920
42.2898,23.6464,82.5521,0,77,82,71,1446,3504,2.05817,0,14.9442,7.2738,0,1733,18960560997
39.2164,25.4995,82.5521,0,77,82,71,1446,3504,2.05817,0,14.9442,7.2738,0,1733,18986040575
32.8178,30.4713,82.5521,0,77,82,71,1446,3504,2.05817,0,14.9442,7.2738,0,1733,19016541781
31.7757,31.4706,80.203,0,92,82,71,1458,3504,2.05817,0,14.9512,7.2738,0,1720,19047985813
41.6739,23.9958,80.203,0,92,82,71,1458,3504,2.05817,0,14.9512,7.2738,0,1720,19071982822
37.531,26.6446,80.203,0,92,82,71,1458,3504,2.05817,0,14.9512,7.2738,0,1720,19098629432
30.5609,32.7215,80.203,0,92,82,71,1458,3504,2.05817,0,14.9512,7.2738,0,1720,19131351292
39.135,25.5526,80.203,0,92,82,71,1458,3504,2.05817,0,14.9512,7.2738,0,1720,19156927234
37.8801,26.3991,80.203,0,92,82,71,1458,3504,2.05817,0,14.9512,7.2738,0,1720,19183326651
40.2865,24.8222,80.203,0,92,82,71,1458,3504,2.05817,0,14.9512,7.2738,0,1720,19208129889
28.2255,35.429,80.203,0,92,82,71,1458,3504,2.05817,0,14.9512,7.2738,0,1720,19243559135
41.6376,24.0168,80.203,0,92,82,71,1458,3504,2.05817,0,14.9512,7.2738,0,1720,19267577007
35.3608,28.2799,80.203,0,92,82,71,1458,3504,2.05817,0,14.9512,7.2738,0,1720,19295879485
38.3608,26.0683,80.203,0,92,82,71,1458,3504,2.05817,0,14.9512,7.2738,0,1720,19321927197
25.0421,39.9327,80.203,0,92,82,71,1458,3504,2.05817,0,14.9512,7.2738,0,1720,19361860970
34.795,28.7398,80.203,0,92,82,71,1458,3504,2.05817,0,14.9512,7.2738,0,1720,19390602432
59.4493,16.8211,80.203,0,92,82,71,1458,3504,2.05817,0,14.9512,7.2738,0,1720,19407424386
30.8509,32.4139,80.203,0,92,82,71,1458,3504,2.05817,0,14.9512,7.2738,0,1720,19439860761
29.9392,33.4011,80.203,0,92,82,71,1458,3504,2.05817,0,14.9512,7.2738,0,1720,19473262613
36.4739,27.4168,80.203,0,92,82,71,1458,3504,2.05817,0,14.9512,7.2738,0,1720,19500710563
39.1191,25.5629,80.203,0,92,82,71,1458,3504,2.05817,0,14.9512,7.2738,0,1720,19526250324
34.1858,29.2519,83.5784,0,92,82,71,1458,3504,2.05817,0,14.9512,7.2738,0,1737,19555498732
40.696,24.5724,83.5784,0,92,82,71,1458,3504,2.05817,0,14.9512,7.2738,0,1737,19580085342
32.5319,30.7391,83.5784,0,92,82,71,1458,3504,2.05817,0,14.9512,7.2738,0,1737,19610812432
33.6879,29.6842,83.5784,0,92,82,71,1458,3504,2.05817,0,14.9512,7.2738,0,1737,19640497567
40.068,24.9576,83.5784,0,92,82,71,1458,3504,2.05817,0,14.9512,7.2738,0,1737,19665478399
9.06734,110.286,83.5784,0,92,82,71,1458,3504,2.05817,0,14.9512,7.2738,0,1737,19775743882
68.5367,14.5907,83.5784,0,92,82,71,1458,3504,2.05817,0,14.9512,7.2738,0,1737,19790335107
33.0342,30.2716,83.5784,0,92,82,71,1458,3504,2.05817,0,14.9512,7.2738,0,1737,19820630262
35.4901,28.1768,83.5784,0,92,82,71,1458,3504,2.05817,0,14.9512,7.2738,0,1737,19848786810
48.74,20.517,83.5784,0,92,82,71,1458,3504,2.05817,0,14.9512,7.2738,0,1737,19869304672
37.2639,26.8356,83.5784,0,92,82,71,1458,3504,2.05817,0,14.9512,7.2738,0,1737,19896140444
34.9437,28.6174,83.5784,0,92,82,71,1458,3504,2.05817,0,14.9512,7.2738,0,1737,19924760409
30.2059,33.1061,83.5784,0,92,82,71,1458,3504,2.05817,0,14.9512,7.2738,0,1737,19957867062
46.4278,21.5388,83.5784,0,92,82,71,1458,3504,2.05817,0,14.9512,7.2738,0,1737,19979406706
33.7717,29.6106,83.5784,0,92,82,71,1458,3504,2.05817,0,14.9512,7.2738,0,1737,20009019844
35.8427,27.8997,83.5784,0,92,82,71,1458,3504,2.05817,0,14.9512,7.2738,0,1737,20036950779
40.9944,24.3936,74.7596,0,92,81,71,1460,3504,2.05817,0,14.9516,7.2738,0,1733,20061315347
30.0986,33.2241,74.7596,0,92,81,71,1460,3504,2.05817,0,14.9516,7.2738,0,1733,20094559273
43.3557,23.065,74.7596,0,92,81,71,1460,3504,2.05817,0,14.9516,7.2738,0,1733,20117652661
28.5463,35.0309,74.7596,0,92,81,71,1460,3504,2.05817,0,14.9516,7.2738,0,1733,20152659344
41.5443,24.0707,74.7596,0,92,81,71,1460,3504,2.05817,0,14.9516,7.2738,0,1733,20176731935
32.9335,30.3642,74.7596,0,92,81,71,1460,3504,2.05817,0,14.9516,7.2738,0,1733,20207097068
34.1182,29.3098,74.7596,0,92,81,71,1460,3504,2.05817,0,14.9516,7.2738,0,1733,20236428965
27.8985,35.8443,74.7596,0,92,81,71,1460,3504,2.05817,0,14.9516,7.2738,0,1733,20272274873
37.5095,26.6599,74.7596,0,92,81,71,1460,3504,2.05817,0,14.9516,7.2738,0,1733,20298913980
37.1157,26.9427,74.7596,0,92,81,71,1460,3504,2.05817,0,14.9516,7.2738,0,1733,20325858270
42.2247,23.6828,74.7596,0,92,81,71,1460,3504,2.05817,0,14.9516,7.2738,0,1733,20349542768
32.7358,30.5476,74.7596,0,92,81,71,1460,3504,2.05817,0,14.9516,7.2738,0,1733,20380091545
9.55325,104.676,74.7596,0,92,81,71,1460,3504,2.05817,0,14.9516,7.2738,0,1733,20484768596
36.0414,27.7459,74.7596,0,92,81,71,1460,3504,2.05817,0,14.9516,7.2738,0,1733,20512529361
55.9132,17.8849,74.7596,0,92,81,71,1460,3504,2.05817,0,14.9516,7.2738,0,1733,20530415609
29.4319,33.9768,74.7596,0,92,81,71,1460,3504,2.05817,0,14.9516,7.2738,0,1733,20564421042
23.1046,43.2814,76.7386,0,92,81,71,1460,3504,2.05817,0,14.9416,7.2738,0,1749,20607676266
25.3713,39.4146,76.7386,0,92,81,71,1460,3504,2.05817,0,14.9416,7.2738,0,1749,20647113315
25.9884,38.4786,76.7386,0,92,81,71,1460,3504,2.05817,0,14.9416,7.2738,0,1749,20685593563
35.9109,27.8467,76.7386,0,92,81,71,1460,3504,2.05817,0,14.9416,7.2738,0,1749,20713440767
28.9452,34.548,76.7386,0,92,81,71,1460,3504,2.05817,0,14.9416,7.2738,0,1749,20747990482
18.9232,52.8451,76.7386,0,92,81,71,1460,3504,2.05817,0,14.9416,7.2738,0,1749,20800836829
28.9861,34.4992,76.7386,0,92,81,71,1460,3504,2.05817,0,14.9416,7.2738,0,1749,20835359158
21.3123,46.9212,76.7386,0,92,81,71,1460,3504,2.05817,0,14.9416,7.2738,0,1749,20882281035
25.8614,38.6677,76.7386,0,92,81,71,1460,3504,2.05817,0,14.9416,7.2738,0,1749,20920971246
49.5391,20.1861,76.7386,0,92,81,71,1460,3504,2.05817,0,14.9416,7.2738,0,1749,20941137465
33.0314,30.2743,76.7386,0,92,81,71,1460,3504,2.05817,0,14.9416,7.2738,0,1749,20971433179
27.285,36.6502,76.7386,0,92,81,71,1460,3504,2.05817,0,14.9416,7.2738,0,1749,21008085249
24.2845,41.1786,76.7386,0,92,81,71,1460,3504,2.05817,0,14.9416,7.2738,0,1749,21049243208
28.0355,35.6691,76.7386,0,92,81,71,1460,3504,2.05817,0,14.9416,7.2738,0,1749,21084938602
9.8745,101.271,86.4865,0,85,82,70,1461,3504,2.05817,0,14.9617,7.2738,0,1827,21186184798
48.6247,20.5657,86.4865,0,85,82,70,1461,3504,2.05817,0,14.9617,7.2738,0,1827,21206753175
31.5466,31.6992,86.4865,0,85,82,70,1461,3504,2.05817,0,14.9617,7.2738,0,1827,21238453496
36.0816,27.715,86.4865,0,85,82,70,1461,3504,2.05817,0,14.9617,7.2738,0,1827,21266168798
16.6458,60.0753,86.4865,0,85,82,70,1461,3504,2.05817,0,14.9617,7.2738,0,1827,21326246109
44.8488,22.2971,86.4865,0,85,82,70,1461,3504,2.05817,0,14.9617,7.2738,0,1827,21348544127
34.0943,29.3304,86.4865,0,85,82,70,1461,3504,2.05817,0,14.9617,7.2738,0,1827,21377898592
34.4874,28.9961,86.4865,0,85,82,70,1461,3504,2.05817,0,14.9617,7.2738,0,1827,21406873074
36.8823,27.1133,86.4865,0,85,82,70,1461,3504,2.05817,0,14.9617,7.2738,0,1827,21433988277
38.9938,25.6451,86.4865,0,85,82,70,1461,3504,2.05817,0,14.9617,7.2738,0,1827,21459634045
36.427,27.4522,86.4865,0,85,82,70,1461,3504,2.05817,0,14.9617,7.2738,0,1827,21487087158
30.9443,32.3161,86.4865,0,85,82,70,1461,3504,2.05817,0,14.9617,7.2738,0,1827,21519405899
28.6336,34.924,86.4865,0,85,82,70,1461,3504,2.05817,0,14.9617,7.2738,0,1827,21554330590
42.697,23.4209,86.4865,0,85,82,70,1461,3504,2.05817,0,14.9617,7.2738,0,1827,21577751780
32.2549,31.003,86.4865,0,85,82,70,1461,3504,2.05817,0,14.9617,7.2738,0,1827,21608780701
36.8294,27.1522,80.9876,0,64,82,70,1522,3504,2.05817,0,14.955,7.2738,0,1763,21635930223
43.621,22.9247,80.9876,0,64,82,70,1522,3504,2.05817,0,14.955,7.2738,0,1763,21658856902
33.9492,29.4557,80.9876,0,64,82,70,1522,3504,2.05817,0,14.955,7.2738,0,1763,21688293331
44.769,22.3369,80.9876,0,64,82,70,1522,3504,2.05817,0,14.955,7.2738,0,1763,21710652236
8.6862,115.125,80.9876,0,64,82,70,1522,3504,2.05817,0,14.955,7.2738,0,1763,21825796430
63.899,15.6497,80.9876,0,64,82,70,1522,3504,2.05817,0,14.955,7.2738,0,1763,21841429002
35.8421,27.9001,80.9876,0,64,82,70,1522,3504,2.05817,0,14.955,7.2738,0,1763,21869329756
42.3186,23.6303,80.9876,0,64,82,70,1522,3504,2.05817,0,14.955,7.2738,0,1763,21892961568
32.9935,30.309,80.9876,0,64,82,70,1522,3504,2.05817,0,14.955,7.2738,0,1763,21923287577
33.3868,29.952,80.9876,0,64,82,70,1522,3504,2.05817,0,14.955,7.2738,0,1763,21953245154
46.0574,21.712,80.9876,0,64,82,70,1522,3504,2.05817,0,14.955,7.2738,0,1763,21974937495
36.5641,27.3492,80.9876,0,64,82,70,1522,3504,2.05817,0,14.955,7.2738,0,1763,22002287836
51.8549,19.2846,80.9876,0,64,82,70,1522,3504,2.05817,0,14.955,7.2738,0,1763,22021573929
41.6311,24.0205,80.9876,0,64,82,70,1522,3504,2.05817,0,14.955,7.2738,0,1763,22045616309
37.3692,26.76,80.9876,0,64,82,70,1522,3504,2.05817,0,14.955,7.2738,0,1763,22072356295
36.8549,27.1334,80.9876,0,64,82,70,1522,3504,2.05817,0,14.955,7.2738,0,1763,22099492465
40.2631,24.8366,80.9876,0,64,82,70,1522,3504,2.05817,0,14.955,7.2738,0,1763,22124748462
36.8802,27.1148,83.3747,0,64,82,70,1522,3504,2.05817,0,14.9418,7.2738,0,1779,22151445739
49.3352,20.2695,83.3747,0,64,82,70,1522,3504,2.05817,0,14.9418,7.2738,0,1779,22171716008
35.229,28.3857,83.3747,0,64,82,70,1522,3504,2.05817,0,14.9418,7.2738,0,1779,22200102759
37.3674,26.7613,83.3747,0,64,82,70,1522,3504,2.05817,0,14.9418,7.2738,0,1779,22226886930
41.0154,24.3811,83.3747,0,64,82,70,1522,3504,2.05817,0,14.9418,7.2738,0,1779,22251269394
37.715,26.5146,83.3747,0,64,82,70,1522,3504,2.05817,0,14.9418,7.2738,0,1779,22277784998
37.0565,26.9858,83.3747,0,64,82,70,1522,3504,2.05817,0,14.9418,7.2738,0,1779,22304772420
38.6792,25.8537,83.3747,0,64,82,70,1522,3504,2.05817,0,14.9418,7.2738,0,1779,22330626635
32.8357,30.4546,83.3747,0,64,82,70,1522,3504,2.05817,0,14.9418,7.2738,0,1779,22361095251
37.848,26.4215,83.3747,0,64,82,70,1522,3504,2.05817,0,14.9418,7.2738,0,1779,22387504820
52.3463,19.1035,83.3747,0,64,82,70,1522,3504,2.05817,0,14.9418,7.2738,0,1779,22406609715
34.0489,29.3695,83.3747,0,64,82,70,1522,3504,2.05817,0,14.9418,7.2738,0,1779,22435979840
42.0083,23.8048,83.3747,0,64,82,70,1522,3504,2.05817,0,14.9418,7.2738,0,1779,22459807539
35.1199,28.4739,83.3747,0,64,82,70,1522,3504,2.05817,0,14.9418,7.2738,0,1779,22488261106
56.4374,17.7187,83.3747,0,64,82,70,1522,3504,2.05817,0,14.9418,7.2738,0,1779,22506001993
33.089,30.2215,83.3747,0,64,82,70,1522,3504,2.05817,0,14.9418,7.2738,0,1779,22536225260
46.5129,21.4994,83.3747,0,64,82,70,1522,3504,2.05817,0,14.9418,7.2738,0,1779,22557725433
39.1607,25.5358,83.3747,0,64,82,70,1522,3504,2.05817,0,14.9418,7.2738,0,1779,22583262741
33.0383,30.2679,83.3747,0,64,82,70,1522,3504,2.05817,0,14.9418,7.2738,0,1779,22613552688
38.4711,25.9935,83.3747,0,64,82,70,1522,3504,2.05817,0,14.9418,7.2738,0,1779,22639530167
39.125,25.5591,76.5,0,85,82,70,1463,3504,2.05817,0,14.934,7.2738,0,1763,22665086401
47.8551,20.8964,76.5,0,85,82,70,1463,3504,2.05817,0,14.934,7.2738,0,1763,22686004470
30.9916,32.2668,76.5,0,85,82,70,1463,3504,2.05817,0,14.934,7.2738,0,1763,22718251664
40.5791,24.6432,76.5,0,85,82,70,1463,3504,2.05817,0,14.934,7.2738,0,1763,22742896346
42.3763,23.5981,76.5,0,85,82,70,1463,3504,2.05817,0,14.934,7.2738,0,1763,22766516640
39.1182,25.5635,76.5,0,85,82,70,1463,3504,2.05817,0,14.934,7.2738,0,1763,22792061424
35.9378,27.8259,76.5,0,85,82,70,1463,3504,2.05817,0,14.934,7.2738,0,1763,22819886409
39.1709,25.5291,76.5,0,85,82,70,1463,3504,2.05817,0,14.934,7.2738,0,1763,22845438203
45.1123,22.1669,76.5,0,85,82,70,1463,3504,2.05817,0,14.934,7.2738,0,1763,22867585590
36.821,27.1584,76.5,0,85,82,70,1463,3504,2.05817,0,14.934,7.2738,0,1763,22894744950
44.4422,22.5011,76.5,0,85,82,70,1463,3504,2.05817,0,14.934,7.2738,0,1763,22917247447
31.5237,31.7221,76.5,0,85,82,70,1463,3504,2.05817,0,14.934,7.2738,0,1763,22948971857
43.7262,22.8696,76.5,0,85,82,70,1463,3504,2.05817,0,14.934,7.2738,0,1763,22971886170
39.6715,25.207,76.5,0,85,82,70,1463,3504,2.05817,0,14.934,7.2738,0,1763,22997070503
39.4347,25.3584,76.5,0,85,82,70,1463,3504,2.05817,0,14.934,7.2738,0,1763,23022451607
28.9055,34.5955,76.5,0,85,82,70,1463,3504,2.05817,0,14.934,7.2738,0,1763,23057048436
34.1598,29.2742,76.5,0,85,82,70,1463,3504,2.05817,0,14.934,7.2738,0,1763,23086346428
76.7277,13.0331,76.5,0,85,82,70,1463,3504,2.05817,0,14.934,7.2738,0,1763,23099358963
42.4164,23.5758,76.5,0,85,82,70,1463,3504,2.05817,0,14.934,7.2738,0,1763,23122948628
36.4825,27.4104,76.5,0,85,82,70,1463,3504,2.05817,0,14.934,7.2738,0,1763,23150385948
38.8845,25.7172,77.2277,0,100,81,71,1455,3504,2.05817,0,14.934,7.2738,0,1739,23176078654
32.3992,30.8649,77.2277,0,100,81,71,1455,3504,2.05817,0,14.934,7.2738,0,1739,23206983262
47.4284,21.0844,77.2277,0,100,81,71,1455,3504,2.05817,0,14.934,7.2738,0,1739,23228041959
38.1173,26.2348,77.2277,0,100,81,71,1455,3504,2.05817,0,14.934,7.2738,0,1739,23254305702
37.2598,26.8386,77.2277,0,100,81,71,1455,3504,2.05817,0,14.934,7.2738,0,1739,23281116889
31.8077,31.4389,77.2277,0,100,81,71,1455,3504,2.05817,0,14.934,7.2738,0,1739,23312577160
36.7758,27.1918,77.2277,0,100,81,71,1455,3504,2.05817,0,14.934,7.2738,0,1739,23339749590
49.5141,20.1963,77.2277,0,100,81,71,1455,3504,2.05817,0,14.934,7.2738,0,1739,23359947479
36.0944,27.7051,77.2277,0,100,81,71,1455,3504,2.05817,0,14.934,7.2738,0,1739,23387675562
44.0583,22.6972,77.2277,0,100,81,71,1455,3504,2.05817,0,14.934,7.2738,0,1739,23410351848
35.8882,27.8643,77.2277,0,100,81,71,1455,3504,2.05817,0,14.934,7.2738,0,1739,23438218470
38.0119,26.3075,77.2277,0,100,81,71,1455,3504,2.05817,0,14.934,7.2738,0,1739,23464548273
45.5238,21.9665,77.2277,0,100,81,71,1455,3504,2.05817,0,14.934,7.2738,0,1739,23486528167
31.047,32.2092,77.2277,0,100,81,71,1455,3504,2.05817,0,14.934,7.2738,0,1739,23518725667
47.9982,20.8341,77.2277,0,100,81,71,1455,3504,2.05817,0,14.934,7.2738,0,1739,23539561269
36.4267,27.4524,77.2277,0,100,81,71,1455,3504,2.05817,0,14.934,7.2738,0,1739,23567036984
40.3829,24.763,77.2277,0,100,81,71,1455,3504,2.05817,0,14.934,7.2738,0,1739,23591821377
37.6239,26.5788,77.2277,0,100,81,71,1455,3504,2.05817,0,14.934,7.2738,0,1739,23618380748
43.1358,23.1826,77.2277,0,100,81,71,1455,3504,2.05817,0,14.934,7.2738,0,1739,23641564362
33.5285,29.8254,77.2277,0,100,81,71,1455,3504,2.05817,0,14.934,7.2738,0,1739,23671397827
45.0268,22.209,70.4225,0,100,81,71,1455,3504,2.05817,0,14.934,7.2738,0,1736,23693602387
32.898,30.397,70.4225,0,100,81,71,1455,3504,2.05817,0,14.934,7.2738,0,1736,23724021696
37.2799,26.8241,70.4225,0,100,81,71,1455,3504,2.05817,0,14.934,7.2738,0,1736,23750826135
34.558,28.9368,70.4225,0,100,81,71,1455,3504,2.05817,0,14.934,7.2738,0,1736,23779785307
37.9408,26.3568,70.4225,0,100,81,71,1455,3504,2.05817,0,14.934,7.2738,0,1736,23806121874
39.7879,25.1333,70.4225,0,100,81,71,1455,3504,2.05817,0,14.934,7.2738,0,1736,23831257612
39.1579,25.5377,70.4225,0,100,81,71,1455,3504,2.05817,0,14.934,7.2738,0,1736,23856798743
45.0241,22.2104,70.4225,0,100,81,71,1455,3504,2.05817,0,14.934,7.2738,0,1736,23879008929
35.5115,28.1599,70.4225,0,100,81,71,1455,3504,2.05817,0,14.934,7.2738,0,1736,23907169459
33.6888,29.6835,70.4225,0,100,81,71,1455,3504,2.05817,0,14.934,7.2738,0,1736,23936853980
42.5533,23.4999,70.4225,0,100,81,71,1455,3504,2.05817,0,14.934,7.2738,0,1736,23960354541
37.8663,26.4087,70.4225,0,100,81,71,1455,3504,2.05817,0,14.934,7.2738,0,1736,23986785752
38.4365,26.0169,70.4225,0,100,81,71,1455,3504,2.05817,0,14.934,7.2738,0,1736,24012784137
26.0986,38.3163,70.4225,0,100,81,71,1455,3504,2.05817,0,14.934,7.2738,0,1736,24051121822
90.4242,11.059,70.4225,0,100,81,71,1455,3504,2.05817,0,14.934,7.2738,0,1736,24062161130
23.3373,42.8499,70.4225,0,100,81,71,1455,3504,2.05817,0,14.934,7.2738,0,1736,24105011889
48.369,20.6744,70.4225,0,100,81,71,1455,3504,2.05817,0,14.934,7.2738,0,1736,24125708616
42.4565,23.5535,70.4225,0,100,81,71,1455,3504,2.05817,0,14.934,7.2738,0,1736,24149243138
36.0285,27.7558,70.4225,0,100,81,71,1455,3504,2.05817,0,14.934,7.2738,0,1736,24177025717
36.0643,27.7282,83.2487,0,100,82,71,1455,3504,2.05817,0,14.9418,7.2738,0,1744,24204750314
34.7186,28.803,83.2487,0,100,82,71,1455,3504,2.05817,0,14.9418,7.2738,0,1744,24233554081
35.2755,28.3483,83.2487,0,100,82,71,1455,3504,2.05817,0,14.9418,7.2738,0,1744,24261925264
44.5169,22.4634,83.2487,0,100,82,71,1455,3504,2.05817,0,14.9418,7.2738,0,1744,24284368950
42.6326,23.4562,83.2487,0,100,82,71,1455,3504,2.05817,0,14.9418,7.2738,0,1744,24307846773
30.5687,32.7132,83.2487,0,100,82,71,1455,3504,2.05817,0,14.9418,7.2738,0,1744,24340560843
47.4245,21.0862,83.2487,0,100,82,71,1455,3504,2.05817,0,14.9418,7.2738,0,1744,24361626826
42.5755,23.4877,83.2487,0,100,82,71,1455,3504,2.05817,0,14.9418,7.2738,0,1744,24385116238
48.1717,20.7591,83.2487,0,100,82,71,1455,3504,2.05817,0,14.9418,7.2738,0,1744,24405906948
31.1253,32.1282,83.2487,0,100,82,71,1455,3504,2.05817,0,14.9418,7.2738,0,1744,24438006897
50.8045,19.6833,83.2487,0,100,82,71,1455,3504,2.05817,0,14.9418,7.2738,0,1744,24457690377
45.6066,21.9266,83.2487,0,100,82,71,1455,3504,2.05817,0,14.9418,7.2738,0,1744,24479617048
31.4087,31.8383,83.2487,0,100,82,71,1455,3504,2.05817,0,14.9418,7.2738,0,1744,24511456679
44.8688,22.2872,83.2487,0,100,82,71,1455,3504,2.05817,0,14.9418,7.2738,0,1744,24533744525
44.6573,22.3927,83.2487,0,100,82,71,1455,3504,2.05817,0,14.9418,7.2738,0,1744,24556138011
41.0032,24.3883,83.2487,0,100,82,71,1455,3504,2.05817,0,14.9418,7.2738,0,1744,24580528182
34.1098,29.3171,83.2487,0,100,82,71,1455,3504,2.05817,0,14.9418,7.2738,0,1744,24609868169
44.0679,22.6923,83.2487,0,100,82,71,1455,3504,2.05817,0,14.9418,7.2738,0,1744,24632562105
42.2358,23.6766,83.2487,0,100,82,71,1455,3504,2.05817,0,14.9418,7.2738,0,1744,24656256121
38.4574,26.0028,83.2487,0,100,82,71,1455,3504,2.05817,0,14.9418,7.2738,0,1744,24682250652
36.2266,27.6041,76.962,0,99,82,71,1456,3504,2.05817,0,14.9425,7.2738,0,1730,24709879102
33.1848,30.1343,76.962,0,99,82,71,1456,3504,2.05817,0,14.9425,7.2738,0,1730,24739984298
55.6875,17.9574,76.962,0,99,82,71,1456,3504,2.05817,0,14.9425,7.2738,0,1730,24757942985
36.3494,27.5108,76.962,0,99,82,71,1456,3504,2.05817,0,14.9425,7.2738,0,1730,24785475697
37.9661,26.3393,76.962,0,99,82,71,1456,3504,2.05817,0,14.9425,7.2738,0,1730,24811794143
29.5681,33.8202,76.962,0,99,82,71,1456,3504,2.05817,0,14.9425,7.2738,0,1730,24845637695
12.8577,77.7741,76.962,0,99,82,71,1456,3504,2.05817,0,14.9425,7.2738,0,1730,24923391911
85.7057,11.6678,76.962,0,99,82,71,1456,3504,2.05817,0,14.9425,7.2738,0,1730,24935061526
38.0088,26.3097,76.962,0,99,82,71,1456,3504,2.05817,0,14.9425,7.2738,0,1730,24961389860
38.0777,26.2621,76.962,0,99,82,71,1456,3504,2.05817,0,14.9425,7.2738,0,1730,24987634745
36.3035,27.5455,76.962,0,99,82,71,1456,3504,2.05817,0,14.9425,7.2738,0,1730,25015181669
32.6145,30.6612,76.962,0,99,82,71,1456,3504,2.05817,0,14.9425,7.2738,0,1730,25045843719
28.7398,34.795,76.962,0,99,82,71,1456,3504,2.05817,0,14.9425,7.2738,0,1730,25080661374
57.4825,17.3966,76.962,0,99,82,71,1456,3504,2.05817,0,14.9425,7.2738,0,1730,25098038668
30.8792,32.3842,76.962,0,99,82,71,1456,3504,2.05817,0,14.9425,7.2738,0,1730,25130423467
44.7946,22.3241,76.962,0,99,82,71,1456,3504,2.05817,0,14.9425,7.2738,0,1730,25152747554
31.6662,31.5794,76.962,0,99,82,71,1456,3504,2.05817,0,14.9425,7.2738,0,1730,25184357873
44.7636,22.3396,72.5641,0,95,82,70,1458,3504,2.05817,0,14.942,7.2738,0,1737,25206687742
53.9794,18.5256,72.5641,0,95,82,70,1458,3504,2.05817,0,14.942,7.2738,0,1737,25225236858
29.6778,33.6952,72.5641,0,95,82,70,1458,3504,2.05817,0,14.942,7.2738,0,1737,25258912538
32.5868,30.6873,72.5641,0,95,82,70,1458,3504,2.05817,0,14.942,7.2738,0,1737,25289601925
39.2718,25.4635,72.5641,0,95,82,70,1458,3504,2.05817,0,14.942,7.2738,0,1737,25315066948
33.8021,29.584,72.5641,0,95,82,70,1458,3504,2.05817,0,14.942,7.2738,0,1737,25344651972
40.1727,24.8925,72.5641,0,95,82,70,1458,3504,2.05817,0,14.942,7.2738,0,1737,25369564096
23.2143,43.0768,72.5641,0,95,82,70,1458,3504,2.05817,0,14.942,7.2738,0,1737,25412642680
57.385,17.4261,72.5641,0,95,82,70,1458,3504,2.05817,0,14.942,7.2738,0,1737,25430091543
29.1813,34.2685,72.5641,0,95,82,70,1458,3504,2.05817,0,14.942,7.2738,0,1737,25464360202
54.0151,18.5134,72.5641,0,95,82,70,1458,3504,2.05817,0,14.942,7.2738,0,1737,25482877123
48.5926,20.5792,72.5641,0,95,82,70,1458,3504,2.05817,0,14.942,7.2738,0,1737,25503455932
43.5616,22.956,72.5641,0,95,82,70,1458,3504,2.05817,0,14.942,7.2738,0,1737,25526412702
26.3521,37.9476,72.5641,0,95,82,70,1458,3504,2.05817,0,14.942,7.2738,0,1737,25564361588
56.3337,17.7514,72.5641,0,95,82,70,1458,3504,2.05817,0,14.942,7.2738,0,1737,25582114655
34.1442,29.2876,72.5641,0,95,82,70,1458,3504,2.05817,0,14.942,7.2738,0,1737,25611402590
40.0178,24.9889,72.5641,0,95,82,70,1458,3504,2.05817,0,14.942,7.2738,0,1737,25636414358
63.8683,15.6572,72.5641,0,95,82,70,1458,3504,2.05817,0,14.942,7.2738,0,1737,25652071140
38.6434,25.8777,72.5641,0,95,82,70,1458,3504,2.05817,0,14.942,7.2738,0,1737,25677955942
32.9314,30.3661,72.5641,0,95,82,70,1458,3504,2.05817,0,14.942,7.2738,0,1737,25708347683
45.8454,21.8125,80.4511,0,95,82,70,1458,3504,2.05817,0,14.9422,7.2738,0,1768,25730131337
42.9614,23.2767,80.4511,0,95,82,70,1458,3504,2.05817,0,14.9422,7.2738,0,1768,25753408851
32.7424,30.5415,80.4511,0,95,82,70,1458,3504,2.05817,0,14.9422,7.2738,0,1768,25783950481
47.0986,21.2321,80.4511,0,95,82,70,1458,3504,2.05817,0,14.9422,7.2738,0,1768,25805207252
29.8737,33.4743,80.4511,0,95,82,70,1458,3504,2.05817,0,14.9422,7.2738,0,1768,25838681997
52.64,18.9969,80.4511,0,95,82,70,1458,3504,2.05817,0,14.9422,7.2738,0,1768,25857679711
37.2381,26.8542,80.4511,0,95,82,70,1458,3504,2.05817,0,14.9422,7.2738,0,1768,25884514996
41.2525,24.2409,80.4511,0,95,82,70,1458,3504,2.05817,0,14.9422,7.2738,0,1768,25908778187
42.829,23.3486,80.4511,0,95,82,70,1458,3504,2.05817,0,14.9422,7.2738,0,1768,25932148686
36.1213,27.6845,80.4511,0,95,82,70,1458,3504,2.05817,0,14.9422,7.2738,0,1768,25959834444
35.6725,28.0328,80.4511,0,95,82,70,1458,3504,2.05817,0,14.9422,7.2738,0,1768,25987847492
46.2354,21.6284,80.4511,0,95,82,70,1458,3504,2.05817,0,14.9422,7.2738,0,1768,26009497333
41.3573,24.1795,80.4511,0,95,82,70,1458,3504,2.05817,0,14.9422,7.2738,0,1768,26033679606
31.6385,31.6071,80.4511,0,95,82,70,1458,3504,2.05817,0,14.9422,7.2738,0,1768,26065286597
53.2781,18.7694,80.4511,0,95,82,70,1458,3504,2.05817,0,14.9422,7.2738,0,1768,26084037714
38.997,25.643,80.4511,0,95,82,70,1458,3504,2.05817,0,14.9422,7.2738,0,1768,26109680991
35.664,28.0395,80.4511,0,95,82,70,1458,3504,2.05817,0,14.9422,7.2738,0,1768,26137754176
44.2976,22.5746,80.4511,0,95,82,70,1458,3504,2.05817,0,14.9422,7.2738,0,1768,26160298222
38.2991,26.1103,80.4511,0,95,82,70,1458,3504,2.05817,0,14.9422,7.2738,0,1768,26186430862
36.8073,27.1685,80.4511,0,95,82,70,1458,3504,2.05817,0,14.9422,7.2738,0,1768,26214132257
48.3703,20.6738,71.134,0,97,81,70,1454,3504,2.05817,0,14.9424,7.2738,0,1802,26234254954
34.4012,29.0687,71.134,0,97,81,70,1454,3504,2.05817,0,14.9424,7.2738,0,1802,26263324241
39.2261,25.4933,71.134,0,97,81,70,1454,3504,2.05817,0,14.9424,7.2738,0,1802,26288819309
37.1007,26.9537,71.134,0,97,81,70,1454,3504,2.05817,0,14.9424,7.2738,0,1802,26315773746
42.6316,23.4568,71.134,0,97,81,70,1454,3504,2.05817,0,14.9424,7.2738,0,1802,26339232319
34.6576,28.8537,71.134,0,97,81,70,1454,3504,2.05817,0,14.9424,7.2738,0,1802,26368087933
45.2965,22.0767,71.134,0,97,81,70,1454,3504,2.05817,0,14.9424,7.2738,0,1802,26390165270
34.8261,28.7141,71.134,0,97,81,70,1454,3504,2.05817,0,14.9424,7.2738,0,1802,26418900763
40.1263,24.9213,71.134,0,97,81,70,1454,3504,2.05817,0,14.9424,7.2738,0,1802,26443802728
27.8803,35.8676,71.134,0,97,81,70,1454,3504,2.05817,0,14.9424,7.2738,0,1802,26479672368
39.7918,25.1308,71.134,0,97,81,70,1454,3504,2.05817,0,14.9424,7.2738,0,1802,26504805016
30.6504,32.626,71.134,0,97,81,70,1454,3504,2.05817,0,14.9424,7.2738,0,1802,26537451972
34.9779,28.5894,71.134,0,97,81,70,1454,3504,2.05817,0,14.9424,7.2738,0,1802,26566022924
35.0605,28.5221,71.134,0,97,81,70,1454,3504,2.05817,0,14.9424,7.2738,0,1802,26594545471
35.6405,28.0579,71.134,0,97,81,70,1454,3504,2.05817,0,14.9424,7.2738,0,1802,26622603025
35.2002,28.4089,71.134,0,97,81,70,1454,3504,2.05817,0,14.9424,7.2738,0,1802,26651014892
34.1845,29.253,71.134,0,97,81,70,1454,3504,2.05817,0,14.9424,7.2738,0,1802,26680267652
35.8095,27.9255,71.134,0,97,81,70,1454,3504,2.05817,0,14.9424,7.2738,0,1802,26708195028
33.8281,29.5612,71.134,0,97,81,70,1454,3504,2.05817,0,14.9424,7.2738,0,1802,26738313789
34.3907,29.0776,82.0639,0,98,81,70,1460,3504,2.05817,0,14.9591,7.2738,0,1802,26766835889
32.8912,30.4032,82.0639,0,98,81,70,1460,3504,2.05817,0,14.9591,7.2738,0,1802,26797239856
36.6405,27.2922,82.0639,0,98,81,70,1460,3504,2.05817,0,14.9591,7.2738,0,1802,26824532625
25.2295,39.6361,82.0639,0,98,81,70,1460,3504,2.05817,0,14.9591,7.2738,0,1802,26864192104
30.1843,33.1298,82.0639,0,98,81,70,1460,3504,2.05817,0,14.9591,7.2738,0,1802,26897343070
15.7259,63.5894,82.0639,0,98,81,70,1460,3504,2.05817,0,14.9591,7.2738,0,1802,26960912612
40.4817,24.7025,82.0639,0,98,81,70,1460,3504,2.05817,0,14.9591,7.2738,0,1802,26985615712
20.9209,47.7992,82.0639,0,98,81,70,1460,3504,2.05817,0,14.9591,7.2738,0,1802,27033437508
40.8156,24.5004,82.0639,0,98,81,70,1460,3504,2.05817,0,14.9591,7.2738,0,1802,27057919397
10.195,98.087,82.0639,0,98,81,70,1460,3504,2.05817,0,14.9591,7.2738,0,1802,27156006105
56.8808,17.5806,82.0639,0,98,81,70,1460,3504,2.05817,0,14.9591,7.2738,0,1802,27173587981
33.627,29.738,82.0639,0,98,81,70,1460,3504,2.05817,0,14.9591,7.2738,0,1802,27203327252
42.7639,23.3842,82.0639,0,98,81,70,1460,3504,2.05817,0,14.9591,7.2738,0,1802,27226713297
22.1214,45.2051,82.0639,0,98,81,70,1460,3504,2.05817,0,14.9591,7.2738,0,1802,27271945919
27.5759,36.2636,85.6459,0,98,82,70,1460,3504,2.05817,0,14.9594,7.2738,0,1734,27308183442
28.5444,35.0331,85.6459,0,98,82,70,1460,3504,2.05817,0,14.9594,7.2738,0,1734,27343238826
35.5325,28.1433,85.6459,0,98,82,70,1460,3504,2.05817,0,14.9594,7.2738,0,1734,27371360983
31.1991,32.0522,85.6459,0,98,82,70,1460,3504,2.05817,0,14.9594,7.2738,0,1734,27403415253
35.4997,28.1693,85.6459,0,98,82,70,1460,3504,2.05817,0,14.9594,7.2738,0,1734,27431607372
33.6082,29.7546,85.6459,0,98,82,70,1460,3504,2.05817,0,14.9594,7.2738,0,1734,27461342142
53.9949,18.5203,85.6459,0,98,82,70,1460,3504,2.05817,0,14.9594,7.2738,0,1734,27479883502
35.1016,28.4887,85.6459,0,98,82,70,1460,3504,2.05817,0,14.9594,7.2738,0,1734,27508352783
38.3736,26.0596,85.6459,0,98,82,70,1460,3504,2.05817,0,14.9594,7.2738,0,1734,27534442107
29.1422,34.3145,85.6459,0,98,82,70,1460,3504,2.05817,0,14.9594,7.2738,0,1734,27568750727
35.5252,28.149,85.6459,0,98,82,70,1460,3504,2.05817,0,14.9594,7.2738,0,1734,27596881528
28.0775,35.6157,85.6459,0,98,82,70,1460,3504,2.05817,0,14.9594,7.2738,0,1734,27632497593
46.5426,21.4857,85.6459,0,98,82,70,1460,3504,2.05817,0,14.9594,7.2738,0,1734,27653983302
39.7193,25.1767,85.6459,0,98,82,70,1460,3504,2.05817,0,14.9594,7.2738,0,1734,27679163502
47.5781,21.0181,85.6459,0,98,82,70,1460,3504,2.05817,0,14.9594,7.2738,0,1734,27700181428
37.5323,26.6437,85.6459,0,98,82,70,1460,3504,2.05817,0,14.9594,7.2738,0,1734,27727888577
23.9622,41.7323,85.6459,0,98,82,70,1460,3504,2.05817,0,14.9594,7.2738,0,1734,27768560246
41.4246,24.1403,85.6459,0,98,82,70,1460,3504,2.05817,0,14.9594,7.2738,0,1734,27792706533
69.1281,14.4659,84.7291,0,74,82,70,1522,3504,2.05817,0,14.9071,7.2738,0,1774,27807169824
31.2869,31.9622,84.7291,0,74,82,70,1522,3504,2.05817,0,14.9071,7.2738,0,1774,27839133507
33.5106,29.8413,84.7291,0,74,82,70,1522,3504,2.05817,0,14.9071,7.2738,0,1774,27868997517
52.0776,19.2021,84.7291,0,74,82,70,1522,3504,2.05817,0,14.9071,7.2738,0,1774,27888199789
36.0265,27.7573,84.7291,0,74,82,70,1522,3504,2.05817,0,14.9071,7.2738,0,1774,27915959858
35.8405,27.9014,84.7291,0,74,82,70,1522,3504,2.05817,0,14.9071,7.2738,0,1774,27943883436
34.3739,29.0919,84.7291,0,74,82,70,1522,3504,2.05817,0,14.9071,7.2738,0,1774,27972954557
39.7124,25.181,84.7291,0,74,82,70,1522,3504,2.05817,0,14.9071,7.2738,0,1774,27998136691
26.6974,37.4568,84.7291,0,74,82,70,1522,3504,2.05817,0,14.9071,7.2738,0,1774,28035594839
45.3023,22.0739,84.7291,0,74,82,70,1522,3504,2.05817,0,14.9071,7.2738,0,1774,28057670264
40.8621,24.4726,84.7291,0,74,82,70,1522,3504,2.05817,0,14.9071,7.2738,0,1774,28082144646
38.3531,26.0735,84.7291,0,74,82,70,1522,3504,2.05817,0,14.9071,7.2738,0,1774,28108218339
36.9265,27.0808,84.7291,0,74,82,70,1522,3504,2.05817,0,14.9071,7.2738,0,1774,28135301066
33.3277,30.0051,84.7291,0,74,82,70,1522,3504,2.05817,0,14.9071,7.2738,0,1774,28165306451
27.9901,35.7269,84.7291,0,74,82,70,1522,3504,2.05817,0,14.9071,7.2738,0,1774,28201034964
42.5494,23.5021,84.7291,0,74,82,70,1522,3504,2.05817,0,14.9071,7.2738,0,1774,28224560328
33.6645,29.7049,84.7291,0,74,82,70,1522,3504,2.05817,0,14.9071,7.2738,0,1774,28254266798
30.2222,33.0883,84.7291,0,74,82,70,1522,3504,2.05817,0,14.9071,7.2738,0,1774,28287335020
34.8505,28.694,84.7291,0,74,82,70,1522,3504,2.05817,0,14.9071,7.2738,0,1774,28316032954
48.3797,20.6698,83.6634,0,74,81,70,1522,3504,2.05817,0,14.9068,7.2738,0,1822,28336702172
35.1991,28.4098,83.6634,0,74,81,70,1522,3504,2.05817,0,14.9068,7.2738,0,1822,28365111930
47.103,21.2301,83.6634,0,74,81,70,1522,3504,2.05817,0,14.9068,7.2738,0,1822,28386343352
33.8243,29.5645,83.6634,0,74,81,70,1522,3504,2.05817,0,14.9068,7.2738,0,1822,28415908600
36.8961,27.1032,83.6634,0,74,81,70,1522,3504,2.05817,0,14.9068,7.2738,0,1822,28443034968
37.7795,26.4694,83.6634,0,74,81,70,1522,3504,2.05817,0,14.9068,7.2738,0,1822,28469505234
39.6661,25.2104,83.6634,0,74,81,70,1522,3504,2.05817,0,14.9068,7.2738,0,1822,28494730145
40.278,24.8275,83.6634,0,74,81,70,1522,3504,2.05817,0,14.9068,7.2738,0,1822,28519546256
44.9694,22.2373,83.6634,0,74,81,70,1522,3504,2.05817,0,14.9068,7.2738,0,1822,28541783835
38.7123,25.8316,83.6634,0,74,81,70,1522,3504,2.05817,0,14.9068,7.2738,0,1822,28567616587
27.0625,36.9515,83.6634,0,74,81,70,1522,3504,2.05817,0,14.9068,7.2738,0,1822,28604570221
47.8653,20.892,83.6634,0,74,81,70,1522,3504,2.05817,0,14.9068,7.2738,0,1822,28625463037
32.8361,30.4543,83.6634,0,74,81,70,1522,3504,2.05817,0,14.9068,7.2738,0,1822,28655918196
36.109,27.6939,83.6634,0,74,81,70,1522,3504,2.05817,0,14.9068,7.2738,0,1822,28683635381
42.7901,23.3699,83.6634,0,74,81,70,1522,3504,2.05817,0,14.9068,7.2738,0,1822,28706984561
35.4851,28.1809,83.6634,0,74,81,70,1522,3504,2.05817,0,14.9068,7.2738,0,1822,28735167012
41.1855,24.2804,83.6634,0,74,81,70,1522,3504,2.05817,0,14.9068,7.2738,0,1822,28759461141
40.5285,24.674,83.6634,0,74,81,70,1522,3504,2.05817,0,14.9068,7.2738,0,1822,28784124479
39.5192,25.3042,83.6634,0,74,81,70,1522,3504,2.05817,0,14.9068,7.2738,0,1822,28809431605
32.7801,30.5063,83.6634,0,74,81,70,1522,3504,2.05817,0,14.9068,7.2738,0,1822,28839944904
39.3404,25.4192,80.4455,0,97,81,70,1452,3504,2.05817,0,14.9068,7.2738,0,1774,28865378909
53.8283,18.5776,80.4455,0,97,81,70,1452,3504,2.05817,0,14.9068,7.2738,0,1774,28883958122
38.8828,25.7183,80.4455,0,97,81,70,1452,3504,2.05817,0,14.9068,7.2738,0,1774,28909655744
40.9999,24.3903,80.4455,0,97,81,70,1452,3504,2.05817,0,14.9068,7.2738,0,1774,28934080567
35.6569,28.0451,80.4455,0,97,81,70,1452,3504,2.05817,0,14.9068,7.2738,0,1774,28962115940
39.0328,25.6195,80.4455,0,97,81,70,1452,3504,2.05817,0,14.9068,7.2738,0,1774,28987716345
46.4365,21.5348,80.4455,0,97,81,70,1452,3504,2.05817,0,14.9068,7.2738,0,1774,29009251818
33.7054,29.6688,80.4455,0,97,81,70,1452,3504,2.05817,0,14.9068,7.2738,0,1774,29038922260
38.0396,26.2884,80.4455,0,97,81,70,1452,3504,2.05817,0,14.9068,7.2738,0,1774,29065232934
31.3811,31.8663,80.4455,0,97,81,70,1452,3504,2.05817,0,14.9068,7.2738,0,1774,29097100537
53.5704,18.667,80.4455,0,97,81,70,1452,3504,2.05817,0,14.9068,7.2738,0,1774,29115768020
41.7518,23.9511,80.4455,0,97,81,70,1452,3504,2.05817,0,14.9068,7.2738,0,1774,29139721970
22.7072,44.0388,80.4455,0,97,81,70,1452,3504,2.05817,0,14.9068,7.2738,0,1774,29183760816
91.7986,10.8934,80.4455,0,97,81,70,1452,3504,2.05817,0,14.9068,7.2738,0,1774,29194655012
41.9935,23.8132,80.4455,0,97,81,70,1452,3504,2.05817,0,14.9068,7.2738,0,1774,29218469532
33.5683,29.79,80.4455,0,97,81,70,1452,3504,2.05817,0,14.9068,7.2738,0,1774,29248261545
42.9801,23.2666,80.4455,0,97,81,70,1452,3504,2.05817,0,14.9068,7.2738,0,1774,29271527993
33.9056,29.4937,80.4455,0,97,81,70,1452,3504,2.05817,0,14.9068,7.2738,0,1774,29301023294
32.2232,31.0335,80.4455,0,97,81,70,1452,3504,2.05817,0,14.9068,7.2738,0,1774,29332058099
45.0709,22.1872,80.4455,0,97,81,70,1452,3504,2.05817,0,14.9068,7.2738,0,1774,29354272051
31.4538,31.7926,78.66,0,99,81,70,1452,3504,2.05817,0,14.9068,7.2738,0,1783,29386061583
41.9081,23.8617,78.66,0,99,81,70,1452,3504,2.05817,0,14.9068,7.2738,0,1783,29409904876
32.6099,30.6656,78.66,0,99,81,70,1452,3504,2.05817,0,14.9068,7.2738,0,1783,29440571183
52.1425,19.1782,78.66,0,99,81,70,1452,3504,2.05817,0,14.9068,7.2738,0,1783,29459771397
29.7537,33.6093,78.66,0,99,81,70,1452,3504,2.05817,0,14.9068,7.2738,0,1783,29493360182
30.8614,32.4029,78.66,0,99,81,70,1452,3504,2.05817,0,14.9068,7.2738,0,1783,29525765367
51.9216,19.2598,78.66,0,99,81,70,1452,3504,2.05817,0,14.9068,7.2738,0,1783,29545054332
21.0941,47.4067,78.66,0,99,81,70,1452,3504,2.05817,0,14.9068,7.2738,0,1783,29592455704
17.7423,56.3625,78.66,0,99,81,70,1452,3504,2.05817,0,14.9068,7.2738,0,1783,29648798692
40.0593,24.963,78.66,0,99,81,70,1452,3504,2.05817,0,14.9068,7.2738,0,1783,29673783603
23.1551,43.1871,78.66,0,99,81,70,1452,3504,2.05817,0,14.9068,7.2738,0,1783,29716992921
33.5268,29.8269,78.66,0,99,81,70,1452,3504,2.05817,0,14.9068,7.2738,0,1783,29746800883
26.6608,37.5083,78.66,0,99,81,70,1452,3504,2.05817,0,14.9068,7.2738,0,1783,29784308945
20.1053,49.7382,78.66,0,99,81,70,1452,3504,2.05817,0,14.9068,7.2738,0,1783,29834048530
33.0481,30.2589,78.66,0,99,81,70,1452,3504,2.05817,0,14.9068,7.2738,0,1783,29864331805
27.3375,36.5798,85.7855,0,99,81,70,1452,3504,2.05817,0,14.9178,7.2738,0,1794,29900890015
31.2315,32.019,85.7855,0,99,81,70,1452,3504,2.05817,0,14.9178,7.2738,0,1794,29932909392
36.4015,27.4714,85.7855,0,99,81,70,1452,3504,2.05817,0,14.9178,7.2738,0,1794,29960402933
29.565,33.8238,85.7855,0,99,81,70,1452,3504,2.05817,0,14.9178,7.2738,0,1794,29994207695
24.7427,40.4159,85.7855,0,99,81,70,1452,3504,2.05817,0,14.9178,7.2738,0,1794,30034626199
33.2256,30.0973,85.7855,0,99,81,70,1452,3504,2.05817,0,14.9178,7.2738,0,1794,30064749791
26.549,37.6662,85.7855,0,99,81,70,1452,3504,2.05817,0,14.9178,7.2738,0,1794,30102415980
28.5288,35.0522,85.7855,0,99,81,70,1452,3504,2.05817,0,14.9178,7.2738,0,1794,30137469669
36.5575,27.3541,85.7855,0,99,81,70,1452,3504,2.05817,0,14.9178,7.2738,0,1794,30164838086
31.636,31.6096,85.7855,0,99,81,70,1452,3504,2.05817,0,14.9178,7.2738,0,1794,30196456675
29.5403,33.852,85.7855,0,99,81,70,1452,3504,2.05817,0,14.9178,7.2738,0,1794,30230331521
40.541,24.6664,85.7855,0,99,81,70,1452,3504,2.05817,0,14.9178,7.2738,0,1794,30255000741
27.4663,36.4082,85.7855,0,99,81,70,1452,3504,2.05817,0,14.9178,7.2738,0,1794,30291408184
34.7574,28.7709,85.7855,0,99,81,70,1452,3504,2.05817,0,14.9178,7.2738,0,1794,30320201333
28.4082,35.2011,85.7855,0,99,81,70,1452,3504,2.05817,0,14.9178,7.2738,0,1794,30355381860
35.6618,28.0412,85.7855,0,99,81,70,1452,3504,2.05817,0,14.9178,7.2738,0,1794,30383434753
34.524,28.9654,83.5859,0,92,81,70,1491,3504,2.05817,0,14.9175,7.2738,0,1764,30412411413
41.9925,23.8138,83.5859,0,92,81,70,1491,3504,2.05817,0,14.9175,7.2738,0,1764,30436226607
39.7078,25.184,83.5859,0,92,81,70,1491,3504,2.05817,0,14.9175,7.2738,0,1764,30461410508
37.5501,26.6311,83.5859,0,92,81,70,1491,3504,2.05817,0,14.9175,7.2738,0,1764,30488043564
35.1619,28.4399,83.5859,0,92,81,70,1491,3504,2.05817,0,14.9175,7.2738,0,1764,30516484851
38.6679,25.8612,83.5859,0,92,81,70,1491,3504,2.05817,0,14.9175,7.2738,0,1764,30542346488
31.6228,31.6228,83.5859,0,92,81,70,1491,3504,2.05817,0,14.9175,7.2738,0,1764,30573971048
31.4135,31.8334,83.5859,0,92,81,70,1491,3504,2.05817,0,14.9175,7.2738,0,1764,30605805720
43.9529,22.7516,83.5859,0,92,81,70,1491,3504,2.05817,0,14.9175,7.2738,0,1764,30628558269
42.9081,23.3056,83.5859,0,92,81,70,1491,3504,2.05817,0,14.9175,7.2738,0,1764,30651865304
38.7665,25.7955,83.5859,0,92,81,70,1491,3504,2.05817,0,14.9175,7.2738,0,1764,30677684248
36.5785,27.3384,83.5859,0,92,81,70,1491,3504,2.05817,0,14.9175,7.2738,0,1764,30705001080
34.5645,28.9314,83.5859,0,92,81,70,1491,3504,2.05817,0,14.9175,7.2738,0,1764,30733934064
41.9529,23.8363,83.5859,0,92,81,70,1491,3504,2.05817,0,14.9175,7.2738,0,1764,30757771311
42.2184,23.6863,83.5859,0,92,81,70,1491,3504,2.05817,0,14.9175,7.2738,0,1764,30781458996
35.2435,28.374,83.5859,0,92,81,70,1491,3504,2.05817,0,14.9175,7.2738,0,1764,30809834556
29.7685,33.5926,83.5859,0,92,81,70,1491,3504,2.05817,0,14.9175,7.2738,0,1764,30843429228
30.1441,33.174,83.5859,0,92,81,70,1491,3504,2.05817,0,14.9175,7.2738,0,1764,30876603679
47.7396,20.947,83.5859,0,92,81,70,1491,3504,2.05817,0,14.9175,7.2738,0,1764,30897556018
37.4652,26.6914,80.9524,0,84,81,70,1508,3504,2.05817,0,14.9263,7.2738,0,1760,30924245087
16.3197,61.2757,80.9524,0,84,81,70,1508,3504,2.05817,0,14.9263,7.2738,0,1760,30985521556
29.4015,34.0119,80.9524,0,84,81,70,1508,3504,2.05817,0,14.9263,7.2738,0,1760,31019547270
37.7724,26.4743,80.9524,0,84,81,70,1508,3504,2.05817,0,14.9263,7.2738,0,1760,31046031811
42.8058,23.3613,80.9524,0,84,81,70,1508,3504,2.05817,0,14.9263,7.2738,0,1760,31069394242
30.4333,32.8588,80.9524,0,84,81,70,1508,3504,2.05817,0,14.9263,7.2738,0,1760,31102276251
15.0237,66.5616,80.9524,0,84,81,70,1508,3504,2.05817,0,14.9263,7.2738,0,1760,31168817127
60.0883,16.6422,80.9524,0,84,81,70,1508,3504,2.05817,0,14.9263,7.2738,0,1760,31185459617
12.8459,77.8456,80.9524,0,84,81,70,1508,3504,2.05817,0,14.9263,7.2738,0,1760,31263305518
55.0745,18.1572,80.9524,0,84,81,70,1508,3504,2.05817,0,14.9263,7.2738,0,1760,31281464754
14.6098,68.4471,80.9524,0,84,81,70,1508,3504,2.05817,0,14.9263,7.2738,0,1760,31349912885
60.9327,16.4116,80.9524,0,84,81,70,1508,3504,2.05817,0,14.9263,7.2738,0,1760,31366324250
26.9588,37.0936,80.9524,0,84,81,70,1508,3504,2.05817,0,14.9263,7.2738,0,1760,31403446162
51.6041,19.3783,74.6835,0,84,80,70,1508,3504,2.05817,0,14.9215,7.2738,0,1735,31422798649
35.9109,27.8467,74.6835,0,84,80,70,1508,3504,2.05817,0,14.9215,7.2738,0,1735,31450648335
37.1374,26.927,74.6835,0,84,80,70,1508,3504,2.05817,0,14.9215,7.2738,0,1735,31477577285
10.0762,99.2434,74.6835,0,84,80,70,1508,3504,2.05817,0,14.9215,7.2738,0,1735,31576821230
1.82011,549.417,74.6835,0,84,80,70,1508,3504,2.05817,0,14.9215,7.2738,0,1735,32126243031
27.2636,36.6789,45.359,0,83,80,69,1460,3504,2.05817,0,14.9249,7.2738,0,3580,32162919572
141.555,7.06437,45.359,0,83,80,69,1460,3504,2.05817,0,14.9249,7.2738,0,3580,32169984743
34.6474,28.8622,45.359,0,83,80,69,1460,3504,2.05817,0,14.9249,7.2738,0,3580,32198848391
36.901,27.0995,45.359,0,83,80,69,1460,3504,2.05817,0,14.9249,7.2738,0,3580,32225951973
36.2403,27.5936,45.359,0,83,80,69,1460,3504,2.05817,0,14.9249,7.2738,0,3580,32253544874
35.4216,28.2314,45.359,0,83,80,69,1460,3504,2.05817,0,14.9249,7.2738,0,3580,32281778843
35.1772,28.4275,45.359,0,83,80,69,1460,3504,2.05817,0,14.9249,7.2738,0,3580,32310206635
38.4248,26.0249,45.359,0,83,80,69,1460,3504,2.05817,0,14.9249,7.2738,0,3580,32336232589
35.8,27.933,45.359,0,83,80,69,1460,3504,2.05817,0,14.9249,7.2738,0,3580,32364166619
35.7683,27.9577,45.359,0,83,80,69,1460,3504,2.05817,0,14.9249,7.2738,0,3580,32392130686
35.9889,27.7863,45.359,0,83,80,69,1460,3504,2.05817,0,14.9249,7.2738,0,3580,32419914367
35.1958,28.4125,45.359,0,83,80,69,1460,3504,2.05817,0,14.9249,7.2738,0,3580,32448328652
32.4742,30.7937,45.359,0,83,80,69,1460,3504,2.05817,0,14.9249,7.2738,0,3580,32479123359
15.0097,66.6237,45.359,0,83,80,69,1460,3504,2.05817,0,14.9249,7.2738,0,3580,32545749336
81.8252,12.2212,45.359,0,83,80,69,1460,3504,2.05817,0,14.9249,7.2738,0,3580,32557971064
40.4313,24.7333,45.359,0,83,80,69,1460,3504,2.05817,0,14.9249,7.2738,0,3580,32582709879
33.3393,29.9946,45.359,0,83,80,69,1460,3504,2.05817,0,14.9249,7.2738,0,3580,32612702408
40.6152,24.6213,45.359,0,83,80,69,1460,3504,2.05817,0,14.9249,7.2738,0,3580,32637327626
32.0575,31.194,46.4198,0,19,89,67,1442,3504,2.05817,0,14.9249,7.2738,0,3400,32668520735
35.0373,28.541,46.4198,0,19,89,67,1442,3504,2.05817,0,14.9249,7.2738,0,3400,32697061851
33.6988,29.6746,46.4198,0,19,89,67,1442,3504,2.05817,0,14.9249,7.2738,0,3400,32726751577
33.659,29.7098,46.4198,0,19,89,67,1442,3504,2.05817,0,14.9249,7.2738,0,3400,32756462869
37.6096,26.5889,46.4198,0,19,89,67,1442,3504,2.05817,0,14.9249,7.2738,0,3400,32783054366
35.5591,28.1222,46.4198,0,19,89,67,1442,3504,2.05817,0,14.9249,7.2738,0,3400,32811177969
40.5611,24.6542,46.4198,0,19,89,67,1442,3504,2.05817,0,14.9249,7.2738,0,3400,32835831262
34.4318,29.0429,46.4198,0,19,89,67,1442,3504,2.05817,0,14.9249,7.2738,0,3400,32864875922
33.6096,29.7534,46.4198,0,19,89,67,1442,3504,2.05817,0,14.9249,7.2738,0,3400,32894632131
36.7399,27.2183,46.4198,0,19,89,67,1442,3504,2.05817,0,14.9249,7.2738,0,3400,32921850349
32.7035,30.5778,46.4198,0,19,89,67,1442,3504,2.05817,0,14.9249,7.2738,0,3400,32952430866
34.7535,28.7741,46.4198,0,19,89,67,1442,3504,2.05817,0,14.9249,7.2738,0,3400,32981205199
37.2417,26.8516,46.4198,0,19,89,67,1442,3504,2.05817,0,14.9249,7.2738,0,3400,33008058738
34.0101,29.403,46.4198,0,19,89,67,1442,3504,2.05817,0,14.9249,7.2738,0,3400,33037463395
20.3468,49.1479,46.4198,0,19,89,67,1442,3504,2.05817,0,14.9249,7.2738,0,3400,33086614380
82.9282,12.0586,46.4198,0,19,89,67,1442,3504,2.05817,0,14.9249,7.2738,0,3400,33098672327
38.9562,25.6699,46.4198,0,19,89,67,1442,3504,2.05817,0,14.9249,7.2738,0,3400,33124342100
33.8175,29.5705,46.4198,0,19,89,67,1442,3504,2.05817,0,14.9249,7.2738,0,3400,33153917042
36.9851,27.0379,49.1315,0,81,89,69,1451,3504,2.05817,0,14.9176,7.2738,0,3432,33180952952
33.8287,29.5607,49.1315,0,81,89,69,1451,3504,2.05817,0,14.9176,7.2738,0,3432,33210514859
35.171,28.4325,49.1315,0,81,89,69,1451,3504,2.05817,0,14.9176,7.2738,0,3432,33238948676
34.6827,28.8328,49.1315,0,81,89,69,1451,3504,2.05817,0,14.9176,7.2738,0,3432,33267782444
35.073,28.512,49.1315,0,81,89,69,1451,3504,2.05817,0,14.9176,7.2738,0,3432,33296296787
36.59,27.3299,49.1315,0,81,89,69,1451,3504,2.05817,0,14.9176,7.2738,0,3432,33323627258
32.5004,30.7689,49.1315,0,81,89,69,1451,3504,2.05817,0,14.9176,7.2738,0,3432,33354398074
35.9827,27.7912,49.1315,0,81,89,69,1451,3504,2.05817,0,14.9176,7.2738,0,3432,33382190963
33.8218,29.5668,49.1315,0,81,89,69,1451,3504,2.05817,0,14.9176,7.2738,0,3432,33411759521
35.2334,28.3821,49.1315,0,81,89,69,1451,3504,2.05817,0,14.9176,7.2738,0,3432,33440142086
20.8467,47.9691,49.1315,0,81,89,69,1451,3504,2.05817,0,14.9176,7.2738,0,3432,33488125371
71.0545,14.0737,49.1315,0,81,89,69,1451,3504,2.05817,0,14.9176,7.2738,0,3432,33502187775
38.4139,26.0322,49.1315,0,81,89,69,1451,3504,2.05817,0,14.9176,7.2738,0,3432,33528221003
34.9051,28.6491,49.1315,0,81,89,69,1451,3504,2.05817,0,14.9176,7.2738,0,3432,33556871985
35.1544,28.4459,49.1315,0,81,89,69,1451,3504,2.05817,0,14.9176,7.2738,0,3432,33585319349
31.6514,31.5942,49.1315,0,81,89,69,1451,3504,2.05817,0,14.9176,7.2738,0,3432,33616915294
39.9276,25.0453,49.1315,0,81,89,69,1451,3504,2.05817,0,14.9176,7.2738,0,3432,33641961609
19.8333,50.4202,49.1315,0,81,89,69,1451,3504,2.05817,0,14.9176,7.2738,0,3432,33692386317
118.27,8.45522,45.1306,0,99,87,70,1450,3504,2.05817,0,14.9183,7.2738,0,3535,33701141007
27.5657,36.277,45.1306,0,99,87,70,1450,3504,2.05817,0,14.9183,7.2738,0,3535,33737117815
44.9538,22.245,45.1306,0,99,87,70,1450,3504,2.05817,0,14.9183,7.2738,0,3535,33759363985
32.6176,30.6583,45.1306,0,99,87,70,1450,3504,2.05817,0,14.9183,7.2738,0,3535,33790023514
32.8088,30.4796,45.1306,0,99,87,70,1450,3504,2.05817,0,14.9183,7.2738,0,3535,33820503366
32.1025,31.1503,45.1306,0,99,87,70,1450,3504,2.05817,0,14.9183,7.2738,0,3535,33851655509
34.6201,28.8849,45.1306,0,99,87,70,1450,3504,2.05817,0,14.9183,7.2738,0,3535,33880540709
36.9778,27.0433,45.1306,0,99,87,70,1450,3504,2.05817,0,14.9183,7.2738,0,3535,33907586680
31.4068,31.8403,45.1306,0,99,87,70,1450,3504,2.05817,0,14.9183,7.2738,0,3535,33939428131
39.8392,25.1009,45.1306,0,99,87,70,1450,3504,2.05817,0,14.9183,7.2738,0,3535,33964529831
30.9212,32.3402,45.1306,0,99,87,70,1450,3504,2.05817,0,14.9183,7.2738,0,3535,33996871184
35.0584,28.5238,45.1306,0,99,87,70,1450,3504,2.05817,0,14.9183,7.2738,0,3535,34025397451
32.1092,31.1437,45.1306,0,99,87,70,1450,3504,2.05817,0,14.9183,7.2738,0,3535,34056544475
32.8919,30.4026,45.1306,0,99,87,70,1450,3504,2.05817,0,14.9183,7.2738,0,3535,34086958575
37.6568,26.5557,45.1306,0,99,87,70,1450,3504,2.05817,0,14.9183,7.2738,0,3535,34113502063
24.3463,41.074,45.1306,0,99,87,70,1450,3504,2.05817,0,14.9183,7.2738,0,3535,34154577524
57.9923,17.2437,45.1306,0,99,87,70,1450,3504,2.05817,0,14.9183,7.2738,0,3535,34171822677
32.7486,30.5357,45.1306,0,99,87,70,1450,3504,2.05817,0,14.9183,7.2738,0,3535,34202365733
35.8826,27.8687,61.1794,0,99,87,70,1449,3504,2.05817,0,14.9255,7.2738,0,3400,34230229808
31.595,31.6505,61.1794,0,99,87,70,1449,3504,2.05817,0,14.9255,7.2738,0,3400,34261880155
36.5397,27.3675,61.1794,0,99,87,70,1449,3504,2.05817,0,14.9255,7.2738,0,3400,34289250128
34.4651,29.0149,61.1794,0,99,87,70,1449,3504,2.05817,0,14.9255,7.2738,0,3400,34318266758
29.6096,33.7728,61.1794,0,99,87,70,1449,3504,2.05817,0,14.9255,7.2738,0,3400,34352041168
39.6003,25.2523,61.1794,0,99,87,70,1449,3504,2.05817,0,14.9255,7.2738,0,3400,34377302543
32.24,31.0174,61.1794,0,99,87,70,1449,3504,2.05817,0,14.9255,7.2738,0,3400,34408313876
40.6298,24.6125,61.1794,0,99,87,70,1449,3504,2.05817,0,14.9255,7.2738,0,3400,34432926656
30.9517,32.3084,61.1794,0,99,87,70,1449,3504,2.05817,0,14.9255,7.2738,0,3400,34465240474
35.0821,28.5046,61.1794,0,99,87,70,1449,3504,2.05817,0,14.9255,7.2738,0,3400,34493743581
38.6491,25.8738,61.1794,0,99,87,70,1449,3504,2.05817,0,14.9255,7.2738,0,3400,34519619369
31.0566,32.1993,61.1794,0,99,87,70,1449,3504,2.05817,0,14.9255,7.2738,0,3400,34551819578
33.1398,30.1752,61.1794,0,99,87,70,1449,3504,2.05817,0,14.9255,7.2738,0,3400,34581995346
36.2597,27.5788,61.1794,0,99,87,70,1449,3504,2.05817,0,14.9255,7.2738,0,3400,34609575902
34.1428,29.2887,61.1794,0,99,87,70,1449,3504,2.05817,0,14.9255,7.2738,0,3400,34638866036
37.1346,26.9291,61.1794,0,99,87,70,1449,3504,2.05817,0,14.9255,7.2738,0,3400,34665795666
32.1636,31.091,61.1794,0,99,87,70,1449,3504,2.05817,0,14.9255,7.2738,0,3400,34696888533
37.4573,26.6971,61.1794,0,99,87,70,1449,3504,2.05817,0,14.9255,7.2738,0,3400,34723593240
30.9661,32.2934,56.7633,0,99,91,70,1453,3504,2.05817,0,14.9257,7.2738,0,3400,34755880574
35.8956,27.8585,56.7633,0,99,91,70,1453,3504,2.05817,0,14.9257,7.2738,0,3400,34783740180
35.4783,28.1862,56.7633,0,99,91,70,1453,3504,2.05817,0,14.9257,7.2738,0,3400,34811927564
31.3534,31.8944,56.7633,0,99,91,70,1453,3504,2.05817,0,14.9257,7.2738,0,3400,34843822911
35.6902,28.0189,56.7633,0,99,91,70,1453,3504,2.05817,0,14.9257,7.2738,0,3400,34871843353
36.9497,27.0639,56.7633,0,99,91,70,1453,3504,2.05817,0,14.9257,7.2738,0,3400,34898908200
9.82574,101.774,56.7633,0,99,91,70,1453,3504,2.05817,0,14.9257,7.2738,0,3400,35000682208
136.805,7.30966,56.7633,0,99,91,70,1453,3504,2.05817,0,14.9257,7.2738,0,3400,35007995733
27.4674,36.4068,56.7633,0,99,91,70,1453,3504,2.05817,0,14.9257,7.2738,0,3400,35044402449
40.3778,24.7661,56.7633,0,99,91,70,1453,3504,2.05817,0,14.9257,7.2738,0,3400,35069169584
36.0012,27.7769,56.7633,0,99,91,70,1453,3504,2.05817,0,14.9257,7.2738,0,3400,35096948164
31.2194,32.0314,56.7633,0,99,91,70,1453,3504,2.05817,0,14.9257,7.2738,0,3400,35128981094
35.3287,28.3056,56.7633,0,99,91,70,1453,3504,2.05817,0,14.9257,7.2738,0,3400,35157287646
36.1595,27.6552,56.7633,0,99,91,70,1453,3504,2.05817,0,14.9257,7.2738,0,3400,35184944034
36.3458,27.5135,56.7633,0,99,91,70,1453,3504,2.05817,0,14.9257,7.2738,0,3400,35212459141
40.6488,24.601,56.7633,0,99,91,70,1453,3504,2.05817,0,14.9257,7.2738,0,3400,35237073709
32.3761,30.8869,58.8378,0,93,91,69,1459,3504,2.05817,0,14.9112,7.2738,0,3400,35267951813
29.0695,34.4004,58.8378,0,93,91,69,1459,3504,2.05817,0,14.9112,7.2738,0,3400,35302352723
48.0289,20.8208,58.8378,0,93,91,69,1459,3504,2.05817,0,14.9112,7.2738,0,3400,35323175386
34.5061,28.9804,58.8378,0,93,91,69,1459,3504,2.05817,0,14.9112,7.2738,0,3400,35352158440
36.2219,27.6076,58.8378,0,93,91,69,1459,3504,2.05817,0,14.9112,7.2738,0,3400,35379766541
32.283,30.9761,58.8378,0,93,91,69,1459,3504,2.05817,0,14.9112,7.2738,0,3400,35410744555
35.3045,28.325,58.8378,0,93,91,69,1459,3504,2.05817,0,14.9112,7.2738,0,3400,35439072164
35.9195,27.84,58.8378,0,93,91,69,1459,3504,2.05817,0,14.9112,7.2738,0,3400,35466913589
32.3823,30.8811,58.8378,0,93,91,69,1459,3504,2.05817,0,14.9112,7.2738,0,3400,35497795271
35.2563,28.3637,58.8378,0,93,91,69,1459,3504,2.05817,0,14.9112,7.2738,0,3400,35526161173
32.5882,30.686,58.8378,0,93,91,69,1459,3504,2.05817,0,14.9112,7.2738,0,3400,35556847754
44.8772,22.283,58.8378,0,93,91,69,1459,3504,2.05817,0,14.9112,7.2738,0,3400,35579132683
31.9769,31.2725,58.8378,0,93,91,69,1459,3504,2.05817,0,14.9112,7.2738,0,3400,35610407189
31.3355,31.9127,58.8378,0,93,91,69,1459,3504,2.05817,0,14.9112,7.2738,0,3400,35642320357
39.1936,25.5144,58.8378,0,93,91,69,1459,3504,2.05817,0,14.9112,7.2738,0,3400,35667836028
33.8542,29.5384,58.8378,0,93,91,69,1459,3504,2.05817,0,14.9112,7.2738,0,3400,35697375742
34.2109,29.2305,58.8378,0,93,91,69,1459,3504,2.05817,0,14.9112,7.2738,0,3400,35726607969
18.1433,55.1169,58.8378,0,93,91,69,1459,3504,2.05817,0,14.9112,7.2738,0,3400,35781728339
75.3931,13.2638,58.6364,0,93,94,69,1459,3504,2.05817,0,14.9042,7.2738,0,3569,35794993533
39.051,25.6075,58.6364,0,93,94,69,1459,3504,2.05817,0,14.9042,7.2738,0,3569,35820599954
35.3857,28.26,58.6364,0,93,94,69,1459,3504,2.05817,0,14.9042,7.2738,0,3569,35848861885
35.1431,28.4551,58.6364,0,93,94,69,1459,3504,2.05817,0,14.9042,7.2738,0,3569,35877318141
37.6,26.5957,58.6364,0,93,94,69,1459,3504,2.05817,0,14.9042,7.2738,0,3569,35903915665
33.3133,30.018,58.6364,0,93,94,69,1459,3504,2.05817,0,14.9042,7.2738,0,3569,35933934434
35.5777,28.1075,58.6364,0,93,94,69,1459,3504,2.05817,0,14.9042,7.2738,0,3569,35962042868
34.9244,28.6333,58.6364,0,93,94,69,1459,3504,2.05817,0,14.9042,7.2738,0,3569,35990677820
34.7804,28.7519,58.6364,0,93,94,69,1459,3504,2.05817,0,14.9042,7.2738,0,3569,36019431504
17.6305,56.72,58.6364,0,93,94,69,1459,3504,2.05817,0,14.9042,7.2738,0,3569,36076151988
67.5754,14.7983,58.6364,0,93,94,69,1459,3504,2.05817,0,14.9042,7.2738,0,3569,36090951451
41.9007,23.8659,58.6364,0,93,94,69,1459,3504,2.05817,0,14.9042,7.2738,0,3569,36114818748
34.0702,29.3512,58.6364,0,93,94,69,1459,3504,2.05817,0,14.9042,7.2738,0,3569,36144171773
33.8176,29.5704,58.6364,0,93,94,69,1459,3504,2.05817,0,14.9042,7.2738,0,3569,36173742925
35.047,28.5331,58.6364,0,93,94,69,1459,3504,2.05817,0,14.9042,7.2738,0,3569,36202278837
36.3474,27.5123,58.6364,0,93,94,69,1459,3504,2.05817,0,14.9042,7.2738,0,3569,36229791224
33.0994,30.2121,58.6364,0,93,94,69,1459,3504,2.05817,0,14.9042,7.2738,0,3569,36260005377
37.8488,26.4209,58.6364,0,93,94,69,1459,3504,2.05817,0,14.9042,7.2738,0,3569,36286436668
37.2812,26.8232,59.0331,0,98,94,70,1492,3504,2.05817,0,14.8977,7.2738,0,3400,36313251996
32.2014,31.0546,59.0331,0,98,94,70,1492,3504,2.05817,0,14.8977,7.2738,0,3400,36344308730
36.1635,27.6522,59.0331,0,98,94,70,1492,3504,2.05817,0,14.8977,7.2738,0,3400,36371962183
31.9536,31.2953,59.0331,0,98,94,70,1492,3504,2.05817,0,14.8977,7.2738,0,3400,36403258861
37.423,26.7215,59.0331,0,98,94,70,1492,3504,2.05817,0,14.8977,7.2738,0,3400,36429982454
32.79,30.4971,59.0331,0,98,94,70,1492,3504,2.05817,0,14.8977,7.2738,0,3400,36460479331
38.9423,25.679,59.0331,0,98,94,70,1492,3504,2.05817,0,14.8977,7.2738,0,3400,36486160118
32.9514,30.3478,59.0331,0,98,94,70,1492,3504,2.05817,0,14.8977,7.2738,0,3400,36516509895
34.8035,28.7328,59.0331,0,98,94,70,1492,3504,2.05817,0,14.8977,7.2738,0,3400,36545244372
37.2923,26.8152,59.0331,0,98,94,70,1492,3504,2.05817,0,14.8977,7.2738,0,3400,36572060667
34.772,28.7588,59.0331,0,98,94,70,1492,3504,2.05817,0,14.8977,7.2738,0,3400,36600821095
31.0623,32.1933,59.0331,0,98,94,70,1492,3504,2.05817,0,14.8977,7.2738,0,3400,36633015075
36.6763,27.2656,59.0331,0,98,94,70,1492,3504,2.05817,0,14.8977,7.2738,0,3400,36660282327
39.5655,25.2746,59.0331,0,98,94,70,1492,3504,2.05817,0,14.8977,7.2738,0,3400,36685558448
32.3654,30.8972,59.0331,0,98,94,70,1492,3504,2.05817,0,14.8977,7.2738,0,3400,36716456684
38.2558,26.1398,59.0331,0,98,94,70,1492,3504,2.05817,0,14.8977,7.2738,0,3400,36742599035
31.5013,31.7447,59.0331,0,98,94,70,1492,3504,2.05817,0,14.8977,7.2738,0,3400,36774343797
37.0644,26.9801,59.0331,0,98,94,70,1492,3504,2.05817,0,14.8977,7.2738,0,3400,36801331207
29.2506,34.1873,56.5432,0,97,93,70,1491,3504,2.05817,0,14.8983,7.2738,0,3400,36835515624
42.7642,23.3841,56.5432,0,97,93,70,1491,3504,2.05817,0,14.8983,7.2738,0,3400,36858900047
31.6025,31.643,56.5432,0,97,93,70,1491,3504,2.05817,0,14.8983,7.2738,0,3400,36890543985
36.1368,27.6726,56.5432,0,97,93,70,1491,3504,2.05817,0,14.8983,7.2738,0,3400,36918218096
35.7768,27.9511,56.5432,0,97,93,70,1491,3504,2.05817,0,14.8983,7.2738,0,3400,36946170355
35.3314,28.3034,56.5432,0,97,93,70,1491,3504,2.05817,0,14.8983,7.2738,0,3400,36974474079
35.548,28.131,56.5432,0,97,93,70,1491,3504,2.05817,0,14.8983,7.2738,0,3400,37002606677
37.7698,26.4762,56.5432,0,97,93,70,1491,3504,2.05817,0,14.8983,7.2738,0,3400,37029084880
32.4502,30.8164,56.5432,0,97,93,70,1491,3504,2.05817,0,14.8983,7.2738,0,3400,37059903168
19.4109,51.5175,56.5432,0,97,93,70,1491,3504,2.05817,0,14.8983,7.2738,0,3400,37111422048
103.021,9.70679,56.5432,0,97,93,70,1491,3504,2.05817,0,14.8983,7.2738,0,3400,37121130095
35.5729,28.1113,56.5432,0,97,93,70,1491,3504,2.05817,0,14.8983,7.2738,0,3400,37149242989
30.7758,32.493,56.5432,0,97,93,70,1491,3504,2.05817,0,14.8983,7.2738,0,3400,37181808276
38.894,25.7109,56.5432,0,97,93,70,1491,3504,2.05817,0,14.8983,7.2738,0,3400,37207461777
34.0066,29.406,56.5432,0,97,93,70,1491,3504,2.05817,0,14.8983,7.2738,0,3400,37236867265
36.5655,27.3482,56.5432,0,97,93,70,1491,3504,2.05817,0,14.8983,7.2738,0,3400,37264215962
17.0695,58.5839,56.5432,0,97,93,70,1491,3504,2.05817,0,14.8983,7.2738,0,3400,37322804848
111.209,8.99208,59.7087,0,100,93,71,1493,3504,2.05817,0,14.9016,7.2738,0,3557,37331793738
30.1935,33.1198,59.7087,0,100,93,71,1493,3504,2.05817,0,14.9016,7.2738,0,3557,37364914516
35.6396,28.0587,59.7087,0,100,93,71,1493,3504,2.05817,0,14.9016,7.2738,0,3557,37392987609
36.7152,27.2367,59.7087,0,100,93,71,1493,3504,2.05817,0,14.9016,7.2738,0,3557,37420213776
35.7995,27.9334,59.7087,0,100,93,71,1493,3504,2.05817,0,14.9016,7.2738,0,3557,37448147641
31.831,31.4159,59.7087,0,100,93,71,1493,3504,2.05817,0,14.9016,7.2738,0,3557,37479565197
37.8847,26.3959,59.7087,0,100,93,71,1493,3504,2.05817,0,14.9016,7.2738,0,3557,37505964411
32.7124,30.5695,59.7087,0,100,93,71,1493,3504,2.05817,0,14.9016,7.2738,0,3557,37536534388
37.6482,26.5617,59.7087,0,100,93,71,1493,3504,2.05817,0,14.9016,7.2738,0,3557,37563097968
33.1354,30.1792,59.7087,0,100,93,71,1493,3504,2.05817,0,14.9016,7.2738,0,3557,37593278192
34.7528,28.7747,59.7087,0,100,93,71,1493,3504,2.05817,0,14.9016,7.2738,0,3557,37622053281
31.2272,32.0233,59.7087,0,100,93,71,1493,3504,2.05817,0,14.9016,7.2738,0,3557,37654114721
39.7493,25.1577,59.7087,0,100,93,71,1493,3504,2.05817,0,14.9016,7.2738,0,3557,37679256321
28.1327,35.5458,59.7087,0,100,93,71,1493,3504,2.05817,0,14.9016,7.2738,0,3557,37714802953
34.3692,29.0958,59.7087,0,100,93,71,1493,3504,2.05817,0,14.9016,7.2738,0,3557,37743898953
43.1558,23.1718,59.7087,0,100,93,71,1493,3504,2.05817,0,14.9016,7.2738,0,3557,37767073758
33.4971,29.8533,59.7087,0,100,93,71,1493,3504,2.05817,0,14.9016,7.2738,0,3557,37796927586
30.5368,32.7474,59.7087,0,100,93,71,1493,3504,2.05817,0,14.9016,7.2738,0,3557,37829678754
36.5835,27.3347,62.7737,0,98,87,70,1494,3504,2.05817,0,14.9018,7.2738,0,3400,37857011920
35.8302,27.9094,62.7737,0,98,87,70,1494,3504,2.05817,0,14.9018,7.2738,0,3400,37884922800
31.8694,31.3781,62.7737,0,98,87,70,1494,3504,2.05817,0,14.9018,7.2738,0,3400,37916301550
37.9495,26.3508,62.7737,0,98,87,70,1494,3504,2.05817,0,14.9018,7.2738,0,3400,37942655081
26.8415,37.2558,62.7737,0,98,87,70,1494,3504,2.05817,0,14.9018,7.2738,0,3400,37979910402
39.569,25.2723,62.7737,0,98,87,70,1494,3504,2.05817,0,14.9018,7.2738,0,3400,38005190226
35.9897,27.7857,62.7737,0,98,87,70,1494,3504,2.05817,0,14.9018,7.2738,0,3400,38032972850
35.8944,27.8595,62.7737,0,98,87,70,1494,3504,2.05817,0,14.9018,7.2738,0,3400,38060833847
41.457,24.1214,62.7737,0,98,87,70,1494,3504,2.05817,0,14.9018,7.2738,0,3400,38084957287
29.1283,34.3308,62.7737,0,98,87,70,1494,3504,2.05817,0,14.9018,7.2738,0,3400,38119287898
40.4919,24.6963,62.7737,0,98,87,70,1494,3504,2.05817,0,14.9018,7.2738,0,3400,38143985479
34.809,28.7282,62.7737,0,98,87,70,1494,3504,2.05817,0,14.9018,7.2738,0,3400,38172714897
36.823,27.1569,62.7737,0,98,87,70,1494,3504,2.05817,0,14.9018,7.2738,0,3400,38199873131
36.0748,27.7202,62.7737,0,98,87,70,1494,3504,2.05817,0,14.9018,7.2738,0,3400,38227594743
35.9107,27.8468,62.7737,0,98,87,70,1494,3504,2.05817,0,14.9018,7.2738,0,3400,38255443081
40.6788,24.5828,62.7737,0,98,87,70,1494,3504,2.05817,0,14.9018,7.2738,0,3400,38280026270
23.4154,42.7069,62.7737,0,98,87,70,1494,3504,2.05817,0,14.9018,7.2738,0,3400,38322734366
54.052,18.5007,62.7737,0,98,87,70,1494,3504,2.05817,0,14.9018,7.2738,0,3400,38341244052
35.9142,27.8441,69.6296,0,100,87,71,1513,3504,2.05817,0,14.9269,7.2738,0,3400,38369083298
40.4408,24.7275,69.6296,0,100,87,71,1513,3504,2.05817,0,14.9269,7.2738,0,3400,38393810875
35.9848,27.7895,69.6296,0,100,87,71,1513,3504,2.05817,0,14.9269,7.2738,0,3400,38421601157
40.3418,24.7882,69.6296,0,100,87,71,1513,3504,2.05817,0,14.9269,7.2738,0,3400,38446391410
35.4325,28.2227,69.6296,0,100,87,71,1513,3504,2.05817,0,14.9269,7.2738,0,3400,38474619248
37.3557,26.7697,69.6296,0,100,87,71,1513,3504,2.05817,0,14.9269,7.2738,0,3400,38501388476
36.5652,27.3484,69.6296,0,100,87,71,1513,3504,2.05817,0,14.9269,7.2738,0,3400,38528737989
33.3842,29.9543,69.6296,0,100,87,71,1513,3504,2.05817,0,14.9269,7.2738,0,3400,38558693169
37.991,26.322,69.6296,0,100,87,71,1513,3504,2.05817,0,14.9269,7.2738,0,3400,38585017068
32.3938,30.8701,69.6296,0,100,87,71,1513,3504,2.05817,0,14.9269,7.2738,0,3400,38615888278
33.8397,29.5511,69.6296,0,100,87,71,1513,3504,2.05817,0,14.9269,7.2738,0,3400,38645439985
32.9613,30.3386,69.6296,0,100,87,71,1513,3504,2.05817,0,14.9269,7.2738,0,3400,38675791651
40.4021,24.7512,69.6296,0,100,87,71,1513,3504,2.05817,0,14.9269,7.2738,0,3400,38700532978
39.4649,25.339,69.6296,0,100,87,71,1513,3504,2.05817,0,14.9269,7.2738,0,3400,38725879758
31.2462,32.0039,69.6296,0,100,87,71,1513,3504,2.05817,0,14.9269,7.2738,0,3400,38757879815
39.4569,25.3441,69.6296,0,100,87,71,1513,3504,2.05817,0,14.9269,7.2738,0,3400,38783224356
35.9129,27.8451,69.6296,0,100,87,71,1513,3504,2.05817,0,14.9269,7.2738,0,3400,38811071136
32.2626,30.9957,69.6296,0,100,87,71,1513,3504,2.05817,0,14.9269,7.2738,0,3400,38842071915
35.8045,27.9294,58.0402,0,100,86,72,1594,3504,2.05817,0,14.9271,7.2738,0,3401,38869998122
33.7018,29.672,58.0402,0,100,86,72,1594,3504,2.05817,0,14.9271,7.2738,0,3401,38899676643
37.4437,26.7067,58.0402,0,100,86,72,1594,3504,2.05817,0,14.9271,7.2738,0,3401,38926380608
31.5078,31.7381,58.0402,0,100,86,72,1594,3504,2.05817,0,14.9271,7.2738,0,3401,38958119784
41.5221,24.0836,58.0402,0,100,86,72,1594,3504,2.05817,0,14.9271,7.2738,0,3401,38982205010
31.3651,31.8826,58.0402,0,100,86,72,1594,3504,2.05817,0,14.9271,7.2738,0,3401,39014088976
43.2371,23.1283,58.0402,0,100,86,72,1594,3504,2.05817,0,14.9271,7.2738,0,3401,39037217299
36.8738,27.1195,58.0402,0,100,86,72,1594,3504,2.05817,0,14.9271,7.2738,0,3401,39064338910
34.1101,29.3169,58.0402,0,100,86,72,1594,3504,2.05817,0,14.9271,7.2738,0,3401,39093657611
35.5159,28.1564,58.0402,0,100,86,72,1594,3504,2.05817,0,14.9271,7.2738,0,3401,39121814826
34.0595,29.3604,58.0402,0,100,86,72,1594,3504,2.05817,0,14.9271,7.2738,0,3401,39151176303
37.8553,26.4164,58.0402,0,100,86,72,1594,3504,2.05817,0,14.9271,7.2738,0,3401,39177594454
14.0824,71.0108,58.0402,0,100,86,72,1594,3504,2.05817,0,14.9271,7.2738,0,3401,39248605333
102.1,9.79432,58.0402,0,100,86,72,1594,3504,2.05817,0,14.9271,7.2738,0,3401,39258401604
27.7355,36.0549,58.0402,0,100,86,72,1594,3504,2.05817,0,14.9271,7.2738,0,3401,39294457862
41.861,23.8886,58.0402,0,100,86,72,1594,3504,2.05817,0,14.9271,7.2738,0,3401,39318347174
18.6728,53.5539,58.0402,0,100,86,72,1594,3504,2.05817,0,14.9271,7.2738,0,3401,39371907095
73.4498,13.6147,59.1346,0,100,86,71,1594,3504,2.05817,0,14.9271,7.2738,0,3502,39385519120
37.6187,26.5825,59.1346,0,100,86,71,1594,3504,2.05817,0,14.9271,7.2738,0,3502,39412119436
35.5214,28.152,59.1346,0,100,86,71,1594,3504,2.05817,0,14.9271,7.2738,0,3502,39440255121
34.4684,29.0121,59.1346,0,100,86,71,1594,3504,2.05817,0,14.9271,7.2738,0,3502,39469274989
33.1838,30.1352,59.1346,0,100,86,71,1594,3504,2.05817,0,14.9271,7.2738,0,3502,39499406549
34.9392,28.6212,59.1346,0,100,86,71,1594,3504,2.05817,0,14.9271,7.2738,0,3502,39528029205
38.7494,25.8068,59.1346,0,100,86,71,1594,3504,2.05817,0,14.9271,7.2738,0,3502,39553838027
30.8545,32.4102,59.1346,0,100,86,71,1594,3504,2.05817,0,14.9271,7.2738,0,3502,39586248653
44.493,22.4755,59.1346,0,100,86,71,1594,3504,2.05817,0,14.9271,7.2738,0,3502,39608726398
31.8812,31.3665,59.1346,0,100,86,71,1594,3504,2.05817,0,14.9271,7.2738,0,3502,39640092399
38.2965,26.112,59.1346,0,100,86,71,1594,3504,2.05817,0,14.9271,7.2738,0,3502,39666206375
33.1422,30.173,59.1346,0,100,86,71,1594,3504,2.05817,0,14.9271,7.2738,0,3502,39696380508
16.1517,61.9129,59.1346,0,100,86,71,1594,3504,2.05817,0,14.9271,7.2738,0,3502,39758294156
83.0591,12.0396,59.1346,0,100,86,71,1594,3504,2.05817,0,14.9271,7.2738,0,3502,39770337070
35.2008,28.4084,59.1346,0,100,86,71,1594,3504,2.05817,0,14.9271,7.2738,0,3502,39798745749
11.4835,87.0818,59.1346,0,100,86,71,1594,3504,2.05817,0,14.9271,7.2738,0,3502,39885831310
26.8394,37.2587,62.5,0,100,91,71,1594,3504,2.05817,0,14.9275,7.2738,0,3468,39923088207
70.7643,14.1314,62.5,0,100,91,71,1594,3504,2.05817,0,14.9275,7.2738,0,3468,39937220841
37.2105,26.8741,62.5,0,100,91,71,1594,3504,2.05817,0,14.9275,7.2738,0,3468,39964096414
36.0352,27.7506,62.5,0,100,91,71,1594,3504,2.05817,0,14.9275,7.2738,0,3468,39991847986
35.0636,28.5196,62.5,0,100,91,71,1594,3504,2.05817,0,14.9275,7.2738,0,3468,40020369463
37.2499,26.8457,62.5,0,100,91,71,1594,3504,2.05817,0,14.9275,7.2738,0,3468,40047216427
33.323,30.0093,62.5,0,100,91,71,1594,3504,2.05817,0,14.9275,7.2738,0,3468,40077228133
38.1611,26.2047,62.5,0,100,91,71,1594,3504,2.05817,0,14.9275,7.2738,0,3468,40103434035
33.9164,29.4843,62.5,0,100,91,71,1594,3504,2.05817,0,14.9275,7.2738,0,3468,40132919327
33.8223,29.5663,62.5,0,100,91,71,1594,3504,2.05817,0,14.9275,7.2738,0,3468,40162486262
30.6132,32.6656,62.5,0,100,91,71,1594,3504,2.05817,0,14.9275,7.2738,0,3468,40195153825
36.66,27.2777,62.5,0,100,91,71,1594,3504,2.05817,0,14.9275,7.2738,0,3468,40222432288
36.9385,27.072,62.5,0,100,91,71,1594,3504,2.05817,0,14.9275,7.2738,0,3468,40249505251
34.0215,29.3932,62.5,0,100,91,71,1594,3504,2.05817,0,14.9275,7.2738,0,3468,40278900802
33.5615,29.796,62.5,0,100,91,71,1594,3504,2.05817,0,14.9275,7.2738,0,3468,40308697811
35.2054,28.4047,62.5,0,100,91,71,1594,3504,2.05817,0,14.9275,7.2738,0,3468,40337103146
36.3367,27.5204,62.5,0,100,91,71,1594,3504,2.05817,0,14.9275,7.2738,0,3468,40364625121
31.4605,31.7858,62.5,0,100,91,71,1594,3504,2.05817,0,14.9275,7.2738,0,3468,40396415665
37.5031,26.6645,61.6915,0,93,91,71,1599,3504,2.05817,0,14.9272,7.2738,0,3400,40423081861
32.6884,30.5919,61.6915,0,93,91,71,1599,3504,2.05817,0,14.9272,7.2738,0,3400,40453689541
29.7356,33.6297,61.6915,0,93,91,71,1599,3504,2.05817,0,14.9272,7.2738,0,3400,40487303632
45.428,22.0128,61.6915,0,93,91,71,1599,3504,2.05817,0,14.9272,7.2738,0,3400,40509316707
32.4991,30.7701,61.6915,0,93,91,71,1599,3504,2.05817,0,14.9272,7.2738,0,3400,40540089433
32.7164,30.5657,61.6915,0,93,91,71,1599,3504,2.05817,0,14.9272,7.2738,0,3400,40570655011
37.7207,26.5106,61.6915,0,93,91,71,1599,3504,2.05817,0,14.9272,7.2738,0,3400,40597167052
35.0635,28.5197,61.6915,0,93,91,71,1599,3504,2.05817,0,14.9272,7.2738,0,3400,40625687544
28.1546,35.5182,61.6915,0,93,91,71,1599,3504,2.05817,0,14.9272,7.2738,0,3400,40661207205
34.3469,29.1147,61.6915,0,93,91,71,1599,3504,2.05817,0,14.9272,7.2738,0,3400,40690323586
36.6852,27.259,61.6915,0,93,91,71,1599,3504,2.05817,0,14.9272,7.2738,0,3400,40717601490
34.7865,28.7468,61.6915,0,93,91,71,1599,3504,2.05817,0,14.9272,7.2738,0,3400,40746331714
35.6992,28.0118,61.6915,0,93,91,71,1599,3504,2.05817,0,14.9272,7.2738,0,3400,40774345051
34.9235,28.634,61.6915,0,93,91,71,1599,3504,2.05817,0,14.9272,7.2738,0,3400,40803006736
31.8652,31.3822,61.6915,0,93,91,71,1599,3504,2.05817,0,14.9272,7.2738,0,3400,40834382043
33.84,29.5509,61.6915,0,93,91,71,1599,3504,2.05817,0,14.9272,7.2738,0,3400,40863915821
31.5718,31.6739,61.6915,0,93,91,71,1599,3504,2.05817,0,14.9272,7.2738,0,3400,40895590813
38.3964,26.0441,61.6915,0,93,91,71,1599,3504,2.05817,0,14.9272,7.2738,0,3400,40921642006
28.3898,35.2239,60.1432,0,90,87,71,1594,3504,2.05817,0,14.9424,7.2738,0,3402,40956862670
33.7377,29.6404,60.1432,0,90,87,71,1594,3504,2.05817,0,14.9424,7.2738,0,3402,40986502883
42.7311,23.4022,60.1432,0,90,87,71,1594,3504,2.05817,0,14.9424,7.2738,0,3402,41009906342
28.0013,35.7126,60.1432,0,90,87,71,1594,3504,2.05817,0,14.9424,7.2738,0,3402,41045619486
47.1184,21.2231,60.1432,0,90,87,71,1594,3504,2.05817,0,14.9424,7.2738,0,3402,41066848169
41.6869,23.9884,60.1432,0,90,87,71,1594,3504,2.05817,0,14.9424,7.2738,0,3402,41090837937
36.3792,27.4883,60.1432,0,90,87,71,1594,3504,2.05817,0,14.9424,7.2738,0,3402,41118324711
37.4151,26.7272,60.1432,0,90,87,71,1594,3504,2.05817,0,14.9424,7.2738,0,3402,41145052774
31.0423,32.2141,60.1432,0,90,87,71,1594,3504,2.05817,0,14.9424,7.2738,0,3402,41177273153
46.2665,21.6139,60.1432,0,90,87,71,1594,3504,2.05817,0,14.9424,7.2738,0,3402,41198888091
31.0084,32.2494,60.1432,0,90,87,71,1594,3504,2.05817,0,14.9424,7.2738,0,3402,41231140461
37.5748,26.6136,60.1432,0,90,87,71,1594,3504,2.05817,0,14.9424,7.2738,0,3402,41257753527
35.7586,27.9653,60.1432,0,90,87,71,1594,3504,2.05817,0,14.9424,7.2738,0,3402,41285719501
35.6243,28.0707,60.1432,0,90,87,71,1594,3504,2.05817,0,14.9424,7.2738,0,3402,41313791410
33.9394,29.4643,60.1432,0,90,87,71,1594,3504,2.05817,0,14.9424,7.2738,0,3402,41343257365
38.0795,26.2608,60.1432,0,90,87,71,1594,3504,2.05817,0,14.9424,7.2738,0,3402,41369520018
38.755,25.8031,60.1432,0,90,87,71,1594,3504,2.05817,0,14.9424,7.2738,0,3402,41395325967
33.5987,29.763,60.1432,0,90,87,71,1594,3504,2.05817,0,14.9424,7.2738,0,3402,41425095634
32.8935,30.4012,64.75,0,100,87,72,1612,3504,2.05817,0,14.9424,7.2738,0,3406,41455495159
38.8752,25.7233,64.75,0,100,87,72,1612,3504,2.05817,0,14.9424,7.2738,0,3406,41481217476
36.3951,27.4762,64.75,0,100,87,72,1612,3504,2.05817,0,14.9424,7.2738,0,3406,41508695889
31.8511,31.3961,64.75,0,100,87,72,1612,3504,2.05817,0,14.9424,7.2738,0,3406,41540092733
35.6184,28.0753,64.75,0,100,87,72,1612,3504,2.05817,0,14.9424,7.2738,0,3406,41568168902
43.4933,22.9921,64.75,0,100,87,72,1612,3504,2.05817,0,14.9424,7.2738,0,3406,41591162222
37.1993,26.8822,64.75,0,100,87,72,1612,3504,2.05817,0,14.9424,7.2738,0,3406,41618046191
32.2549,31.0031,64.75,0,100,87,72,1612,3504,2.05817,0,14.9424,7.2738,0,3406,41649051935
34.6421,28.8666,64.75,0,100,87,72,1612,3504,2.05817,0,14.9424,7.2738,0,3406,41677918720
41.5538,24.0652,64.75,0,100,87,72,1612,3504,2.05817,0,14.9424,7.2738,0,3406,41701985635
32.8633,30.4291,64.75,0,100,87,72,1612,3504,2.05817,0,14.9424,7.2738,0,3406,41732415780
42.0071,23.8055,64.75,0,100,87,72,1612,3504,2.05817,0,14.9424,7.2738,0,3406,41756222832
27.007,37.0275,64.75,0,100,87,72,1612,3504,2.05817,0,14.9424,7.2738,0,3406,41793251315
61.279,16.3188,64.75,0,100,87,72,1612,3504,2.05817,0,14.9424,7.2738,0,3406,41809571020
36.3416,27.5167,64.75,0,100,87,72,1612,3504,2.05817,0,14.9424,7.2738,0,3406,41837088410
32.3608,30.9015,64.75,0,100,87,72,1612,3504,2.05817,0,14.9424,7.2738,0,3406,41867992170
38.8647,25.7303,64.75,0,100,87,72,1612,3504,2.05817,0,14.9424,7.2738,0,3406,41893723527
32.167,31.0878,64.75,0,100,87,72,1612,3504,2.05817,0,14.9424,7.2738,0,3406,41924812569
39.235,25.4874,64.75,0,100,87,72,1612,3504,2.05817,0,14.9424,7.2738,0,3406,41950305768
35.3199,28.3126,64.8058,0,100,87,73,1670,3504,2.05817,0,14.9361,7.2738,0,3400,41978614448
39.4754,25.3322,64.8058,0,100,87,73,1670,3504,2.05817,0,14.9361,7.2738,0,3400,42003948420
37.6294,26.575,64.8058,0,100,87,73,1670,3504,2.05817,0,14.9361,7.2738,0,3400,42030524898
35.661,28.0419,64.8058,0,100,87,73,1670,3504,2.05817,0,14.9361,7.2738,0,3400,42058567532
32.8199,30.4694,64.8058,0,100,87,73,1670,3504,2.05817,0,14.9361,7.2738,0,3400,42089037616
42.6217,23.4622,64.8058,0,100,87,73,1670,3504,2.05817,0,14.9361,7.2738,0,3400,42112500908
33.4835,29.8655,64.8058,0,100,87,73,1670,3504,2.05817,0,14.9361,7.2738,0,3400,42142368375
39.4395,25.3553,64.8058,0,100,87,73,1670,3504,2.05817,0,14.9361,7.2738,0,3400,42167723951
32.6823,30.5976,64.8058,0,100,87,73,1670,3504,2.05817,0,14.9361,7.2738,0,3400,42198323508
45.3071,22.0716,64.8058,0,100,87,73,1670,3504,2.05817,0,14.9361,7.2738,0,3400,42220397186
32.5485,30.7234,64.8058,0,100,87,73,1670,3504,2.05817,0,14.9361,7.2738,0,3400,42251120416
34.673,28.8409,64.8058,0,100,87,73,1670,3504,2.05817,0,14.9361,7.2738,0,3400,42279961917
42.3477,23.6141,64.8058,0,100,87,73,1670,3504,2.05817,0,14.9361,7.2738,0,3400,42303577241
32.962,30.338,64.8058,0,100,87,73,1670,3504,2.05817,0,14.9361,7.2738,0,3400,42333918185
44.3506,22.5476,64.8058,0,100,87,73,1670,3504,2.05817,0,14.9361,7.2738,0,3400,42356466855
31.5795,31.6662,64.8058,0,100,87,73,1670,3504,2.05817,0,14.9361,7.2738,0,3400,42388134561
37.2669,26.8335,64.8058,0,100,87,73,1670,3504,2.05817,0,14.9361,7.2738,0,3400,42414969362
33.1903,30.1293,64.8058,0,100,87,73,1670,3504,2.05817,0,14.9361,7.2738,0,3400,42445099960
42.4443,23.5603,64.8058,0,100,87,73,1670,3504,2.05817,0,14.9361,7.2738,0,3400,42468667070
38.7946,25.7768,61.6505,0,100,87,74,1670,3504,2.05817,0,14.9361,7.2738,0,3405,42494439235
30.5539,32.729,61.6505,0,100,87,74,1670,3504,2.05817,0,14.9361,7.2738,0,3405,42527168671
43.3047,23.0922,61.6505,0,100,87,74,1670,3504,2.05817,0,14.9361,7.2738,0,3405,42550263276
40.2277,24.8585,61.6505,0,100,87,74,1670,3504,2.05817,0,14.9361,7.2738,0,3405,42575123046
36.5162,27.3851,61.6505,0,100,87,74,1670,3504,2.05817,0,14.9361,7.2738,0,3405,42602509433
34.8042,28.7321,61.6505,0,100,87,74,1670,3504,2.05817,0,14.9361,7.2738,0,3405,42631242427
32.0355,31.2153,61.6505,0,100,87,74,1670,3504,2.05817,0,14.9361,7.2738,0,3405,42662814071
44.8022,22.3204,61.6505,0,100,87,74,1670,3504,2.05817,0,14.9361,7.2738,0,3405,42685134842
27.6937,36.1092,61.6505,0,100,87,74,1670,3504,2.05817,0,14.9361,7.2738,0,3405,42721257399
49.012,20.4032,61.6505,0,100,87,74,1670,3504,2.05817,0,14.9361,7.2738,0,3405,42741649683
38.5234,25.9583,61.6505,0,100,87,74,1670,3504,2.05817,0,14.9361,7.2738,0,3405,42767609569
34.2606,29.1881,61.6505,0,100,87,74,1670,3504,2.05817,0,14.9361,7.2738,0,3405,42796798416
37.1618,26.9094,61.6505,0,100,87,74,1670,3504,2.05817,0,14.9361,7.2738,0,3405,42823709996
36.8902,27.1075,61.6505,0,100,87,74,1670,3504,2.05817,0,14.9361,7.2738,0,3405,42850819597
39.1788,25.524,61.6505,0,100,87,74,1670,3504,2.05817,0,14.9361,7.2738,0,3405,42876343934
36.05,27.7392,61.6505,0,100,87,74,1670,3504,2.05817,0,14.9361,7.2738,0,3405,42904085110
36.8448,27.1409,61.6505,0,100,87,74,1670,3504,2.05817,0,14.9361,7.2738,0,3405,42931226734
33.1834,30.1356,61.6505,0,100,87,74,1670,3504,2.05817,0,14.9361,7.2738,0,3405,42961363088
41.0352,24.3693,61.6505,0,100,87,74,1670,3504,2.05817,0,14.9361,7.2738,0,3405,42985737778
39.8424,25.0989,62.3472,0,100,87,74,1670,3504,2.05817,0,14.9289,7.2738,0,3400,43010835472
36.2409,27.5931,62.3472,0,100,87,74,1670,3504,2.05817,0,14.9289,7.2738,0,3400,43038429882
34.2074,29.2334,62.3472,0,100,87,74,1670,3504,2.05817,0,14.9289,7.2738,0,3400,43067664212
34.1995,29.2402,62.3472,0,100,87,74,1670,3504,2.05817,0,14.9289,7.2738,0,3400,43096905785
39.5743,25.2689,62.3472,0,100,87,74,1670,3504,2.05817,0,14.9289,7.2738,0,3400,43122176438
40.1154,24.9281,62.3472,0,100,87,74,1670,3504,2.05817,0,14.9289,7.2738,0,3400,43147106175
35.6139,28.0789,62.3472,0,100,87,74,1670,3504,2.05817,0,14.9289,7.2738,0,3400,43175185041
32.854,30.4377,62.3472,0,100,87,74,1670,3504,2.05817,0,14.9289,7.2738,0,3400,43205623609
46.5513,21.4817,62.3472,0,100,87,74,1670,3504,2.05817,0,14.9289,7.2738,0,3400,43227105928
31.377,31.8705,62.3472,0,100,87,74,1670,3504,2.05817,0,14.9289,7.2738,0,3400,43258978733
42.9813,23.2659,62.3472,0,100,87,74,1670,3504,2.05817,0,14.9289,7.2738,0,3400,43282245786
35.1633,28.4387,62.3472,0,100,87,74,1670,3504,2.05817,0,14.9289,7.2738,0,3400,43310685380
31.5061,31.7399,62.3472,0,100,87,74,1670,3504,2.05817,0,14.9289,7.2738,0,3400,43342426041
42.8951,23.3127,62.3472,0,100,87,74,1670,3504,2.05817,0,14.9289,7.2738,0,3400,43365741122
32.687,30.5932,62.3472,0,100,87,74,1670,3504,2.05817,0,14.9289,7.2738,0,3400,43396334163
50.4868,19.8072,62.3472,0,100,87,74,1670,3504,2.05817,0,14.9289,7.2738,0,3400,43416142698
17.8128,56.1393,62.3472,0,100,87,74,1670,3504,2.05817,0,14.9289,7.2738,0,3400,43472283581
19.1487,52.2229,62.3472,0,100,87,74,1670,3504,2.05817,0,14.9289,7.2738,0,3400,43524514311
70.8509,14.1141,61.5034,0,100,87,74,1670,3504,2.05817,0,14.9278,7.2738,0,3400,43538624103
19.152,52.2139,61.5034,0,100,87,74,1670,3504,2.05817,0,14.9278,7.2738,0,3400,43590838611
35.9114,27.8463,61.5034,0,100,87,74,1670,3504,2.05817,0,14.9278,7.2738,0,3400,43618686284
42.9825,23.2653,61.5034,0,100,87,74,1670,3504,2.05817,0,14.9278,7.2738,0,3400,43641952648
47.4048,21.0949,61.5034,0,100,87,74,1670,3504,2.05817,0,14.9278,7.2738,0,3400,43663048382
45.3748,22.0386,61.5034,0,100,87,74,1670,3504,2.05817,0,14.9278,7.2738,0,3400,43685089285
33.59,29.7708,61.5034,0,100,87,74,1670,3504,2.05817,0,14.9278,7.2738,0,3400,43714860848
35.7772,27.9508,61.5034,0,100,87,74,1670,3504,2.05817,0,14.9278,7.2738,0,3400,43742813369
30.0367,33.2926,61.5034,0,100,87,74,1670,3504,2.05817,0,14.9278,7.2738,0,3400,43776108918
65.0102,15.3822,61.5034,0,100,87,74,1670,3504,2.05817,0,14.9278,7.2738,0,3400,43791490811
35.9448,27.8204,61.5034,0,100,87,74,1670,3504,2.05817,0,14.9278,7.2738,0,3400,43819313650
41.4184,24.1439,61.5034,0,100,87,74,1670,3504,2.05817,0,14.9278,7.2738,0,3400,43843458743
37.7507,26.4896,61.5034,0,100,87,74,1670,3504,2.05817,0,14.9278,7.2738,0,3400,43869949590
39.2601,25.4712,61.5034,0,100,87,74,1670,3504,2.05817,0,14.9278,7.2738,0,3400,43895421907
31.492,31.7541,61.5034,0,100,87,74,1670,3504,2.05817,0,14.9278,7.2738,0,3400,43927179015
48.787,20.4973,61.5034,0,100,87,74,1670,3504,2.05817,0,14.9278,7.2738,0,3400,43947676508
41.8127,23.9162,61.5034,0,100,87,74,1670,3504,2.05817,0,14.9278,7.2738,0,3400,43971594088
34.0543,29.3648,61.5034,0,100,87,74,1670,3504,2.05817,0,14.9278,7.2738,0,3400,44000957889
43.9476,22.7544,61.5034,0,100,87,74,1670,3504,2.05817,0,14.9278,7.2738,0,3400,44023723902
33.0471,30.2598,61.5034,0,100,87,74,1670,3504,2.05817,0,14.9278,7.2738,0,3400,44054173110
45.3566,22.0475,78.2396,0,100,88,73,1670,3504,2.05817,0,14.9126,7.2738,0,3400,44076023880
41.7554,23.949,78.2396,0,100,88,73,1670,3504,2.05817,0,14.9126,7.2738,0,3400,44099973826
2.9243,341.963,78.2396,0,100,88,73,1670,3504,2.05817,0,14.9126,7.2738,0,3400,44441939163
95.6627,10.4534,78.2396,0,100,88,73,1670,3504,2.05817,0,14.9126,7.2738,0,3400,44452393565
18.4813,54.1087,78.2396,0,100,88,73,1670,3504,2.05817,0,14.9126,7.2738,0,3400,44506504217
109.101,9.16585,78.2396,0,100,88,73,1670,3504,2.05817,0,14.9126,7.2738,0,3400,44515671023
46.508,21.5017,78.2396,0,100,88,73,1670,3504,2.05817,0,14.9126,7.2738,0,3400,44537173997
41.6487,24.0103,78.2396,0,100,88,73,1670,3504,2.05817,0,14.9126,7.2738,0,3400,44561190034
47.0381,21.2594,65.5172,0,92,88,74,1689,3504,2.06378,0,14.9268,7.2738,0,3400,44582448844
8.60509,116.21,65.5172,0,92,88,74,1689,3504,2.06378,0,14.9268,7.2738,0,3400,44698658827
189.307,5.28242,65.5172,0,92,88,74,1689,3504,2.06378,0,14.9268,7.2738,0,3400,44703941658
42.5251,23.5155,65.5172,0,92,88,74,1689,3504,2.06378,0,14.9268,7.2738,0,3400,44727459043
39.0256,25.6242,65.5172,0,92,88,74,1689,3504,2.06378,0,14.9268,7.2738,0,3400,44753084105
40.8042,24.5073,65.5172,0,92,88,74,1689,3504,2.06378,0,14.9268,7.2738,0,3400,44777592892
9.67173,103.394,65.5172,0,92,88,74,1689,3504,2.06378,0,14.9268,7.2738,0,3400,44880988374
201.65,4.95908,65.5172,0,92,88,74,1689,3504,2.06378,0,14.9268,7.2738,0,3400,44885948417
41.7989,23.9241,65.5172,0,92,88,74,1689,3504,2.06378,0,14.9268,7.2738,0,3400,44909874288
41.0582,24.3557,65.5172,0,92,88,74,1689,3504,2.06378,0,14.9268,7.2738,0,3400,44934230621
42.0759,23.7666,65.5172,0,92,88,74,1689,3504,2.06378,0,14.9268,7.2738,0,3400,44958000283
43.0631,23.2217,65.5172,0,92,88,74,1689,3504,2.06378,0,14.9268,7.2738,0,3400,44981220832
38.971,25.6601,65.5172,0,92,88,74,1689,3504,2.06378,0,14.9268,7.2738,0,3400,45006884958
47.6583,20.9827,65.5172,0,92,88,74,1689,3504,2.06378,0,14.9268,7.2738,0,3400,45027866826
39.9139,25.0539,65.5172,0,92,88,74,1689,3504,2.06378,0,14.9268,7.2738,0,3400,45052922959
42.8099,23.3591,65.5172,0,92,88,74,1689,3504,2.06378,0,14.9268,7.2738,0,3400,45076284579
40.5547,24.6581,68.0488,0,46,86,71,1695,3504,2.0815,0,14.8917,7.2738,0,3401,45100941850
41.9103,23.8605,68.0488,0,46,86,71,1695,3504,2.0815,0,14.8917,7.2738,0,3401,45124803151
38.4887,25.9816,68.0488,0,46,86,71,1695,3504,2.0815,0,14.8917,7.2738,0,3401,45150785858
42.0013,23.8088,68.0488,0,46,86,71,1695,3504,2.0815,0,14.8917,7.2738,0,3401,45174596383
42.5206,23.518,68.0488,0,46,86,71,1695,3504,2.0815,0,14.8917,7.2738,0,3401,45198115162
41.3855,24.1631,68.0488,0,46,86,71,1695,3504,2.0815,0,14.8917,7.2738,0,3401,45222279358
40.1528,24.9048,68.0488,0,46,86,71,1695,3504,2.0815,0,14.8917,7.2738,0,3401,45247185538
42.2117,23.6901,68.0488,0,46,86,71,1695,3504,2.0815,0,14.8917,7.2738,0,3401,45270876568
42.4686,23.5468,68.0488,0,46,86,71,1695,3504,2.0815,0,14.8917,7.2738,0,3401,45294424215
40.5016,24.6904,68.0488,0,46,86,71,1695,3504,2.0815,0,14.8917,7.2738,0,3401,45319115695
42.3976,23.5863,68.0488,0,46,86,71,1695,3504,2.0815,0,14.8917,7.2738,0,3401,45342703914
41.203,24.2701,68.0488,0,46,86,71,1695,3504,2.0815,0,14.8917,7.2738,0,3401,45366974163
43.8293,22.8158,68.0488,0,46,86,71,1695,3504,2.0815,0,14.8917,7.2738,0,3401,45389791551
41.1917,24.2767,68.0488,0,46,86,71,1695,3504,2.0815,0,14.8917,7.2738,0,3401,45414070676
40.8483,24.4808,68.0488,0,46,86,71,1695,3504,2.0815,0,14.8917,7.2738,0,3401,45438552468
41.3312,24.1948,68.0488,0,46,86,71,1695,3504,2.0815,0,14.8917,7.2738,0,3401,45462747770
41.9286,23.8501,68.0488,0,46,86,71,1695,3504,2.0815,0,14.8917,7.2738,0,3401,45486598881
42.0711,23.7693,68.0488,0,46,86,71,1695,3504,2.0815,0,14.8917,7.2738,0,3401,45510369008
41.7682,23.9417,68.0488,0,46,86,71,1695,3504,2.0815,0,14.8917,7.2738,0,3401,45534312254
39.2025,25.5085,68.0488,0,46,86,71,1695,3504,2.0815,0,14.8917,7.2738,0,3401,45559822274
44.6991,22.3718,68.0488,0,46,86,71,1695,3504,2.0815,0,14.8917,7.2738,0,3401,45582199332
39.5343,25.2945,47.2637,0,78,86,73,1695,3504,2.09177,0,14.8639,7.2738,0,3400,45607490858
38.4873,25.9826,47.2637,0,78,86,73,1695,3504,2.09177,0,14.8639,7.2738,0,3400,45633476657
45.0985,22.1737,47.2637,0,78,86,73,1695,3504,2.09177,0,14.8639,7.2738,0,3400,45655651410
41.8866,23.874,47.2637,0,78,86,73,1695,3504,2.09177,0,14.8639,7.2738,0,3400,45679526363
39.2396,25.4845,47.2637,0,78,86,73,1695,3504,2.09177,0,14.8639,7.2738,0,3400,45705012253
42.5486,23.5026,47.2637,0,78,86,73,1695,3504,2.09177,0,14.8639,7.2738,0,3400,45728515846
41.617,24.0287,47.2637,0,78,86,73,1695,3504,2.09177,0,14.8639,7.2738,0,3400,45752545884
40.0816,24.9491,47.2637,0,78,86,73,1695,3504,2.09177,0,14.8639,7.2738,0,3400,45777495414
43.0379,23.2354,47.2637,0,78,86,73,1695,3504,2.09177,0,14.8639,7.2738,0,3400,45800732863
43.0454,23.2313,47.2637,0,78,86,73,1695,3504,2.09177,0,14.8639,7.2738,0,3400,45823965085
41.582,24.0488,47.2637,0,78,86,73,1695,3504,2.09177,0,14.8639,7.2738,0,3400,45848015504
37.2793,26.8245,47.2637,0,78,86,73,1695,3504,2.09177,0,14.8639,7.2738,0,3400,45874841995
39.7841,25.1357,47.2637,0,78,86,73,1695,3504,2.09177,0,14.8639,7.2738,0,3400,45899978400
46.2498,21.6217,47.2637,0,78,86,73,1695,3504,2.09177,0,14.8639,7.2738,0,3400,45921602791
40.174,24.8917,47.2637,0,78,86,73,1695,3504,2.09177,0,14.8639,7.2738,0,3400,45946495024
41.3582,24.179,47.2637,0,78,86,73,1695,3504,2.09177,0,14.8639,7.2738,0,3400,45970675102
42.0368,23.7887,47.2637,0,78,86,73,1695,3504,2.09177,0,14.8639,7.2738,0,3400,45994465762
41.1054,24.3277,47.2637,0,78,86,73,1695,3504,2.09177,0,14.8639,7.2738,0,3400,46018792951
43.144,23.1782,47.2637,0,78,86,73,1695,3504,2.09177,0,14.8639,7.2738,0,3400,46041973977
40.749,24.5405,47.2637,0,78,86,73,1695,3504,2.09177,0,14.8639,7.2738,0,3400,46066515503
41.7886,23.93,47.2637,0,78,86,73,1695,3504,2.09177,0,14.8639,7.2738,0,3400,46090448816
40.3778,24.7661,50.1247,0,100,83,75,1695,3504,2.08951,0,14.8441,7.2738,0,3440,46115213853
39.7336,25.1676,50.1247,0,100,83,75,1695,3504,2.08951,0,14.8441,7.2738,0,3440,46140382650
37.9477,26.352,50.1247,0,100,83,75,1695,3504,2.08951,0,14.8441,7.2738,0,3440,46166736281
47.3452,21.1215,50.1247,0,100,83,75,1695,3504,2.08951,0,14.8441,7.2738,0,3440,46187858972
41.8357,23.903,50.1247,0,100,83,75,1695,3504,2.08951,0,14.8441,7.2738,0,3440,46211763675
41.0303,24.3722,50.1247,0,100,83,75,1695,3504,2.08951,0,14.8441,7.2738,0,3440,46236136931
39.6424,25.2255,50.1247,0,100,83,75,1695,3504,2.08951,0,14.8441,7.2738,0,3440,46261363788
40.3112,24.807,50.1247,0,100,83,75,1695,3504,2.08951,0,14.8441,7.2738,0,3440,46286172682
42.5789,23.4858,50.1247,0,100,83,75,1695,3504,2.08951,0,14.8441,7.2738,0,3440,46309659025
37.9149,26.3748,50.1247,0,100,83,75,1695,3504,2.08951,0,14.8441,7.2738,0,3440,46336037533
45.3781,22.037,50.1247,0,100,83,75,1695,3504,2.08951,0,14.8441,7.2738,0,3440,46358073750
44.6677,22.3875,50.1247,0,100,83,75,1695,3504,2.08951,0,14.8441,7.2738,0,3440,46380463016
45.5854,21.9369,50.1247,0,100,83,75,1695,3504,2.08951,0,14.8441,7.2738,0,3440,46402400475
37.5061,26.6623,50.1247,0,100,83,75,1695,3504,2.08951,0,14.8441,7.2738,0,3440,46429063743
35.4116,28.2394,50.1247,0,100,83,75,1695,3504,2.08951,0,14.8441,7.2738,0,3440,46457304770
58.7591,17.0187,50.1247,0,100,83,75,1695,3504,2.08951,0,14.8441,7.2738,0,3440,46474324670
42.0754,23.7668,50.1247,0,100,83,75,1695,3504,2.08951,0,14.8441,7.2738,0,3440,46498092520
33.514,29.8383,50.1247,0,100,83,75,1695,3504,2.08951,0,14.8441,7.2738,0,3440,46527933501
58.3451,17.1394,50.1247,0,100,83,75,1695,3504,2.08951,0,14.8441,7.2738,0,3440,46545072554
41.2131,24.2641,50.1247,0,100,83,75,1695,3504,2.08951,0,14.8441,7.2738,0,3440,46569338623
41.6199,24.0269,50.1247,0,100,83,75,1695,3504,2.08951,0,14.8441,7.2738,0,3440,46593374740
36.5823,27.3356,58.2915,0,100,83,75,1695,3504,2.08921,0,14.8203,7.2738,0,3400,46620703649
46.2312,21.6304,58.2915,0,100,83,75,1695,3504,2.08921,0,14.8203,7.2738,0,3400,46642333527
42.9031,23.3083,58.2915,0,100,83,75,1695,3504,2.08921,0,14.8203,7.2738,0,3400,46665644662
38.4747,25.9911,58.2915,0,100,83,75,1695,3504,2.08921,0,14.8203,7.2738,0,3400,46691636850
45.7407,21.8624,58.2915,0,100,83,75,1695,3504,2.08921,0,14.8203,7.2738,0,3400,46713500611
41.122,24.3179,58.2915,0,100,83,75,1695,3504,2.08921,0,14.8203,7.2738,0,3400,46737819452
33.942,29.462,58.2915,0,100,83,75,1695,3504,2.08921,0,14.8203,7.2738,0,3400,46767283050
57.6605,17.3429,58.2915,0,100,83,75,1695,3504,2.08921,0,14.8203,7.2738,0,3400,46784627117
40.2327,24.8554,58.2915,0,100,83,75,1695,3504,2.08921,0,14.8203,7.2738,0,3400,46809483375
45.9964,21.7408,58.2915,0,100,83,75,1695,3504,2.08921,0,14.8203,7.2738,0,3400,46831225848
12.829,77.9482,58.2915,0,100,83,75,1695,3504,2.08921,0,14.8203,7.2738,0,3400,46909175120
99.262,10.0743,58.2915,0,100,83,75,1695,3504,2.08921,0,14.8203,7.2738,0,3400,46919250558
38.7122,25.8317,58.2915,0,100,83,75,1695,3504,2.08921,0,14.8203,7.2738,0,3400,46945082705
40.5575,24.6563,58.2915,0,100,83,75,1695,3504,2.08921,0,14.8203,7.2738,0,3400,46969740388
66.2289,15.0992,58.2915,0,100,83,75,1695,3504,2.08921,0,14.8203,7.2738,0,3400,46984840790
39.0185,25.6288,58.2915,0,100,83,75,1695,3504,2.08921,0,14.8203,7.2738,0,3400,47010470324
40.2554,24.8414,58.2915,0,100,83,75,1695,3504,2.08921,0,14.8203,7.2738,0,3400,47035313044
47.5826,21.0161,58.2915,0,100,83,75,1695,3504,2.08921,0,14.8203,7.2738,0,3400,47056331814
40.9008,24.4494,58.2915,0,100,83,75,1695,3504,2.08921,0,14.8203,7.2738,0,3400,47080780556
38.2429,26.1486,58.2915,0,100,83,75,1695,3504,2.08921,0,14.8203,7.2738,0,3400,47106935296
47.17,21.1999,61.3909,0,99,85,74,1695,3504,2.0945,0,14.7894,7.2738,0,3401,47128132372
41.112,24.3238,61.3909,0,99,85,74,1695,3504,2.0945,0,14.7894,7.2738,0,3401,47152458746
39.0236,25.6255,61.3909,0,99,85,74,1695,3504,2.0945,0,14.7894,7.2738,0,3401,47178083883
47.3251,21.1304,61.3909,0,99,85,74,1695,3504,2.0945,0,14.7894,7.2738,0,3401,47199216053
44.6468,22.398,61.3909,0,99,85,74,1695,3504,2.0945,0,14.7894,7.2738,0,3401,47221615792
38.6413,25.879,61.3909,0,99,85,74,1695,3504,2.0945,0,14.7894,7.2738,0,3401,47247495583
45.2929,22.0785,61.3909,0,99,85,74,1695,3504,2.0945,0,14.7894,7.2738,0,3401,47269575327
40.2167,24.8653,61.3909,0,99,85,74,1695,3504,2.0945,0,14.7894,7.2738,0,3401,47294442304
43.5993,22.9362,61.3909,0,99,85,74,1695,3504,2.0945,0,14.7894,7.2738,0,3401,47317382331
45.5971,21.9312,61.3909,0,99,85,74,1695,3504,2.0945,0,14.7894,7.2738,0,3401,47339311730
38.8987,25.7078,61.3909,0,99,85,74,1695,3504,2.0945,0,14.7894,7.2738,0,3401,47365021268
43.3974,23.0428,61.3909,0,99,85,74,1695,3504,2.0945,0,14.7894,7.2738,0,3401,47388063750
45.939,21.768,61.3909,0,99,85,74,1695,3504,2.0945,0,14.7894,7.2738,0,3401,47409834234
42.9376,23.2896,61.3909,0,99,85,74,1695,3504,2.0945,0,14.7894,7.2738,0,3401,47433124264
41.6385,24.0162,61.3909,0,99,85,74,1695,3504,2.0945,0,14.7894,7.2738,0,3401,47457141260
43.356,23.0649,61.3909,0,99,85,74,1695,3504,2.0945,0,14.7894,7.2738,0,3401,47480207039
40.6364,24.6085,61.3909,0,99,85,74,1695,3504,2.0945,0,14.7894,7.2738,0,3401,47504817066
45.8995,21.7867,61.3909,0,99,85,74,1695,3504,2.0945,0,14.7894,7.2738,0,3401,47526605498
43.763,22.8503,61.3909,0,99,85,74,1695,3504,2.0945,0,14.7894,7.2738,0,3401,47549456624
42.1791,23.7084,61.3909,0,99,85,74,1695,3504,2.0945,0,14.7894,7.2738,0,3401,47573166820
34.4497,29.0278,61.3909,0,99,85,74,1695,3504,2.0945,0,14.7894,7.2738,0,3401,47602195210
59.3802,16.8406,61.3909,0,99,85,74,1695,3504,2.0945,0,14.7894,7.2738,0,3401,47619044806
38.0841,26.2577,53.9216,0,94,85,75,1695,3504,2.09183,0,14.7891,7.2738,0,3414,47645296836
38.9211,25.693,53.9216,0,94,85,75,1695,3504,2.09183,0,14.7891,7.2738,0,3414,47670991157
54.275,18.4247,53.9216,0,94,85,75,1695,3504,2.09183,0,14.7891,7.2738,0,3414,47689416941
36.8941,27.1046,53.9216,0,94,85,75,1695,3504,2.09183,0,14.7891,7.2738,0,3414,47716523331
42.8671,23.3279,53.9216,0,94,85,75,1695,3504,2.09183,0,14.7891,7.2738,0,3414,47739851491
41.0857,24.3394,53.9216,0,94,85,75,1695,3504,2.09183,0,14.7891,7.2738,0,3414,47764192698
33.0072,30.2964,53.9216,0,94,85,75,1695,3504,2.09183,0,14.7891,7.2738,0,3414,47794496063
72.4511,13.8024,53.9216,0,94,85,75,1695,3504,2.09183,0,14.7891,7.2738,0,3414,47808294406
45.4507,22.0019,53.9216,0,94,85,75,1695,3504,2.09183,0,14.7891,7.2738,0,3414,47830304154
40.9208,24.4375,53.9216,0,94,85,75,1695,3504,2.09183,0,14.7891,7.2738,0,3414,47854753137
38.0215,26.3009,53.9216,0,94,85,75,1695,3504,2.09183,0,14.7891,7.2738,0,3414,47881052466
47.9286,20.8644,53.9216,0,94,85,75,1695,3504,2.09183,0,14.7891,7.2738,0,3414,47901919158
43.7003,22.8831,53.9216,0,94,85,75,1695,3504,2.09183,0,14.7891,7.2738,0,3414,47924803007
41.1893,24.2782,53.9216,0,94,85,75,1695,3504,2.09183,0,14.7891,7.2738,0,3414,47949081834
44.7254,22.3587,53.9216,0,94,85,75,1695,3504,2.09183,0,14.7891,7.2738,0,3414,47971442052
40.7747,24.525,53.9216,0,94,85,75,1695,3504,2.09183,0,14.7891,7.2738,0,3414,47995967792
43.3428,23.0719,53.9216,0,94,85,75,1695,3504,2.09183,0,14.7891,7.2738,0,3414,48019041480
42.2737,23.6554,53.9216,0,94,85,75,1695,3504,2.09183,0,14.7891,7.2738,0,3414,48042698395
43.7574,22.8533,53.9216,0,94,85,75,1695,3504,2.09183,0,14.7891,7.2738,0,3414,48065552988
40.6004,24.6303,53.9216,0,94,85,75,1695,3504,2.09183,0,14.7891,7.2738,0,3414,48090184855
44.4397,22.5024,53.9216,0,94,85,75,1695,3504,2.09183,0,14.7891,7.2738,0,3414,48112689266
44.2797,22.5837,53.9216,0,94,85,75,1695,3504,2.09183,0,14.7891,7.2738,0,3414,48135278827
41.5404,24.073,57.0025,0,94,86,75,1695,3504,2.09183,0,14.7973,7.2738,0,3404,48159347392
44.8008,22.3211,57.0025,0,94,86,75,1695,3504,2.09183,0,14.7973,7.2738,0,3404,48181669662
36.58,27.3373,57.0025,0,94,86,75,1695,3504,2.09183,0,14.7973,7.2738,0,3404,48209008845
49.4978,20.2029,57.0025,0,94,86,75,1695,3504,2.09183,0,14.7973,7.2738,0,3404,48229212919
45.5808,21.9391,57.0025,0,94,86,75,1695,3504,2.09183,0,14.7973,7.2738,0,3404,48251151967
37.9355,26.3606,57.0025,0,94,86,75,1695,3504,2.09183,0,14.7973,7.2738,0,3404,48277513810
43.6454,22.9119,57.0025,0,94,86,75,1695,3504,2.09183,0,14.7973,7.2738,0,3404,48300426543
43.9376,22.7595,57.0025,0,94,86,75,1695,3504,2.09183,0,14.7973,7.2738,0,3404,48323187657
41.4526,24.1239,57.0025,0,94,86,75,1695,3504,2.09183,0,14.7973,7.2738,0,3404,48347312820
47.1561,21.2062,57.0025,0,94,86,75,1695,3504,2.09183,0,14.7973,7.2738,0,3404,48368520440
41.7391,23.9584,57.0025,0,94,86,75,1695,3504,2.09183,0,14.7973,7.2738,0,3404,48392480606
44.1933,22.6279,57.0025,0,94,86,75,1695,3504,2.09183,0,14.7973,7.2738,0,3404,48415110370
41.2194,24.2604,57.0025,0,94,86,75,1695,3504,2.09183,0,14.7973,7.2738,0,3404,48439371244
42.7199,23.4083,57.0025,0,94,86,75,1695,3504,2.09183,0,14.7973,7.2738,0,3404,48462780505
40.5822,24.6413,57.0025,0,94,86,75,1695,3504,2.09183,0,14.7973,7.2738,0,3404,48487423048
43.1092,23.1969,57.0025,0,94,86,75,1695,3504,2.09183,0,14.7973,7.2738,0,3404,48510621436
41.3847,24.1635,57.0025,0,94,86,75,1695,3504,2.09183,0,14.7973,7.2738,0,3404,48534786861
43.6199,22.9253,57.0025,0,94,86,75,1695,3504,2.09183,0,14.7973,7.2738,0,3404,48557713406
45.4409,22.0066,57.0025,0,94,86,75,1695,3504,2.09183,0,14.7973,7.2738,0,3404,48579721206
42.0394,23.7872,57.0025,0,94,86,75,1695,3504,2.09183,0,14.7973,7.2738,0,3404,48603509830
41.6809,23.9918,57.0025,0,94,86,75,1695,3504,2.09183,0,14.7973,7.2738,0,3404,48627503532
44.9182,22.2627,57.0025,0,94,86,75,1695,3504,2.09183,0,14.7973,7.2738,0,3404,48649770423
40.9669,24.4099,51.1335,0,100,86,75,1695,3504,2.02528,0,14.8005,7.2738,0,3424,48674178073
43.6307,22.9196,51.1335,0,100,86,75,1695,3504,2.02528,0,14.8005,7.2738,0,3424,48697099068
41.1652,24.2924,51.1335,0,100,86,75,1695,3504,2.02528,0,14.8005,7.2738,0,3424,48721392368
42.8481,23.3383,51.1335,0,100,86,75,1695,3504,2.02528,0,14.8005,7.2738,0,3424,48744731506
45.1462,22.1503,51.1335,0,100,86,75,1695,3504,2.02528,0,14.8005,7.2738,0,3424,48766883905
41.1586,24.2963,51.1335,0,100,86,75,1695,3504,2.02528,0,14.8005,7.2738,0,3424,48791181332
43.0555,23.2258,51.1335,0,100,86,75,1695,3504,2.02528,0,14.8005,7.2738,0,3424,48814408101
43.0989,23.2024,51.1335,0,100,86,75,1695,3504,2.02528,0,14.8005,7.2738,0,3424,48837612969
43.2739,23.1086,51.1335,0,100,86,75,1695,3504,2.02528,0,14.8005,7.2738,0,3424,48860721834
41.7735,23.9386,51.1335,0,100,86,75,1695,3504,2.02528,0,14.8005,7.2738,0,3424,48884661122
45.6246,21.918,51.1335,0,100,86,75,1695,3504,2.02528,0,14.8005,7.2738,0,3424,48906581170
40.327,24.7973,51.1335,0,100,86,75,1695,3504,2.02528,0,14.8005,7.2738,0,3424,48931379229
43.5395,22.9677,51.1335,0,100,86,75,1695,3504,2.02528,0,14.8005,7.2738,0,3424,48954349062
37.3729,26.7574,51.1335,0,100,86,75,1695,3504,2.02528,0,14.8005,7.2738,0,3424,48981107559
51.8907,19.2713,51.1335,0,100,86,75,1695,3504,2.02528,0,14.8005,7.2738,0,3424,49000380559
39.4447,25.352,51.1335,0,100,86,75,1695,3504,2.02528,0,14.8005,7.2738,0,3424,49025733054
45.1494,22.1487,51.1335,0,100,86,75,1695,3504,2.02528,0,14.8005,7.2738,0,3424,49047883268
39.1712,25.529,51.1335,0,100,86,75,1695,3504,2.02528,0,14.8005,7.2738,0,3424,49073412946
46.2904,21.6028,51.1335,0,100,86,75,1695,3504,2.02528,0,14.8005,7.2738,0,3424,49095017024
37.6177,26.5832,51.1335,0,100,86,75,1695,3504,2.02528,0,14.8005,7.2738,0,3424,49121601850
48.6824,20.5413,51.1335,0,100,86,75,1695,3504,2.02528,0,14.8005,7.2738,0,3424,49142144693
43.3565,23.0646,51.1335,0,100,86,75,1695,3504,2.02528,0,14.8005,7.2738,0,3424,49165216695
42.2983,23.6416,56.1404,0,100,89,76,1695,3504,2.01094,0,14.8093,7.2738,0,3400,49188853112
41.6867,23.9885,56.1404,0,100,89,76,1695,3504,2.01094,0,14.8093,7.2738,0,3400,49212843145
42.1361,23.7326,56.1404,0,100,89,76,1695,3504,2.01094,0,14.8093,7.2738,0,3400,49236576561
45.9529,21.7614,56.1404,0,100,89,76,1695,3504,2.01094,0,14.8093,7.2738,0,3400,49258339883
37.1776,26.8979,56.1404,0,100,89,76,1695,3504,2.01094,0,14.8093,7.2738,0,3400,49285239574
47.576,21.019,56.1404,0,100,89,76,1695,3504,2.01094,0,14.8093,7.2738,0,3400,49306258651
43.0232,23.2433,56.1404,0,100,89,76,1695,3504,2.01094,0,14.8093,7.2738,0,3400,49329504179
44.4495,22.4975,56.1404,0,100,89,76,1695,3504,2.01094,0,14.8093,7.2738,0,3400,49352003186
43.9498,22.7532,56.1404,0,100,89,76,1695,3504,2.01094,0,14.8093,7.2738,0,3400,49374757168
41.3312,24.1948,56.1404,0,100,89,76,1695,3504,2.01094,0,14.8093,7.2738,0,3400,49398953133
42.7649,23.3837,56.1404,0,100,89,76,1695,3504,2.01094,0,14.8093,7.2738,0,3400,49422337245
46.2364,21.628,56.1404,0,100,89,76,1695,3504,2.01094,0,14.8093,7.2738,0,3400,49443966946
39.1056,25.5718,56.1404,0,100,89,76,1695,3504,2.01094,0,14.8093,7.2738,0,3400,49469539038
6.61304,151.216,56.1404,0,100,89,76,1695,3504,2.01094,0,14.8093,7.2738,0,3400,49620757564
91.7941,10.8939,56.1404,0,100,89,76,1695,3504,2.01094,0,14.8093,7.2738,0,3400,49631652810
70.5689,14.1705,56.1404,0,100,89,76,1695,3504,2.01094,0,14.8093,7.2738,0,3400,49645823514
78.3316,12.7662,56.1404,0,100,89,76,1695,3504,2.01094,0,14.8093,7.2738,0,3400,49658590537
49.4484,20.2231,56.1404,0,100,89,76,1695,3504,2.01094,0,14.8093,7.2738,0,3400,49678818144
44.0427,22.7053,58.3535,0,100,89,76,1695,3504,2.00877,0,14.8184,7.2738,0,3400,49701521030
49.2146,20.3192,58.3535,0,100,89,76,1695,3504,2.00877,0,14.8184,7.2738,0,3400,49721841757
45.7625,21.8519,58.3535,0,100,89,76,1695,3504,2.00877,0,14.8184,7.2738,0,3400,49743694504
30.9369,32.3238,58.3535,0,100,89,76,1695,3504,2.00877,0,14.8184,7.2738,0,3400,49776020593
72.4889,13.7952,58.3535,0,100,89,76,1695,3504,2.00877,0,14.8184,7.2738,0,3400,49789816343
47.6592,20.9823,58.3535,0,100,89,76,1695,3504,2.00877,0,14.8184,7.2738,0,3400,49810801525
46.6976,21.4144,58.3535,0,100,89,76,1695,3504,2.00877,0,14.8184,7.2738,0,3400,49832216648
58.3079,17.1503,58.3535,0,100,89,76,1695,3504,2.00877,0,14.8184,7.2738,0,3400,49849367824
42.8016,23.3636,58.3535,0,100,89,76,1695,3504,2.00877,0,14.8184,7.2738,0,3400,49872732786
47.1519,21.2081,58.3535,0,100,89,76,1695,3504,2.00877,0,14.8184,7.2738,0,3400,49893941906
48.8903,20.454,58.3535,0,100,89,76,1695,3504,2.00877,0,14.8184,7.2738,0,3400,49914397609
44.9911,22.2266,58.3535,0,100,89,76,1695,3504,2.00877,0,14.8184,7.2738,0,3400,49936625812
46.6657,21.429,58.3535,0,100,89,76,1695,3504,2.00877,0,14.8184,7.2738,0,3400,49958055461
20.1898,49.53,58.3535,0,100,89,76,1695,3504,2.00877,0,14.8184,7.2738,0,3400,50007587348
192.218,5.20243,58.3535,0,100,89,76,1695,3504,2.00877,0,14.8184,7.2738,0,3400,50012790114
48.89,20.4541,58.3535,0,100,89,76,1695,3504,2.00877,0,14.8184,7.2738,0,3400,50033245877
40.3818,24.7637,58.3535,0,100,89,76,1695,3504,2.00877,0,14.8184,7.2738,0,3400,50058010634
54.1131,18.4798,58.3535,0,100,89,76,1695,3504,2.00877,0,14.8184,7.2738,0,3400,50076492058
48.035,20.8182,58.3535,0,100,89,76,1695,3504,2.00877,0,14.8184,7.2738,0,3400,50097312575
46.8426,21.3481,58.3535,0,100,89,76,1695,3504,2.00877,0,14.8184,7.2738,0,3400,50118660708
43.5121,22.9821,58.3535,0,100,89,76,1695,3504,2.00877,0,14.8184,7.2738,0,3400,50141643271
49.9518,20.0193,58.3535,0,100,89,76,1695,3504,2.00877,0,14.8184,7.2738,0,3400,50161664642
47.5827,21.016,58.3535,0,100,89,76,1695,3504,2.00877,0,14.8184,7.2738,0,3400,50182685311
45.726,21.8694,57.5,0,85,91,75,1695,3504,2.00664,0,14.8335,7.2738,0,3421,50204551910
44.5207,22.4614,57.5,0,85,91,75,1695,3504,2.00664,0,14.8335,7.2738,0,3421,50227014431
44.5929,22.4251,57.5,0,85,91,75,1695,3504,2.00664,0,14.8335,7.2738,0,3421,50249441111
52.5913,19.0145,57.5,0,85,91,75,1695,3504,2.00664,0,14.8335,7.2738,0,3421,50268457010
44.8241,22.3094,57.5,0,85,91,75,1695,3504,2.00664,0,14.8335,7.2738,0,3421,50290767249
47.6741,20.9758,57.5,0,85,91,75,1695,3504,2.00664,0,14.8335,7.2738,0,3421,50311743994
45.5343,21.9615,57.5,0,85,91,75,1695,3504,2.00664,0,14.8335,7.2738,0,3421,50333705861
46.4612,21.5233,57.5,0,85,91,75,1695,3504,2.00664,0,14.8335,7.2738,0,3421,50355231665
46.2619,21.6161,57.5,0,85,91,75,1695,3504,2.00664,0,14.8335,7.2738,0,3421,50376848077
43.9764,22.7394,57.5,0,85,91,75,1695,3504,2.00664,0,14.8335,7.2738,0,3421,50399589669
38.7604,25.7995,57.5,0,85,91,75,1695,3504,2.00664,0,14.8335,7.2738,0,3421,50425389309
63.1213,15.8425,57.5,0,85,91,75,1695,3504,2.00664,0,14.8335,7.2738,0,3421,50441233631
49.0565,20.3847,57.5,0,85,91,75,1695,3504,2.00664,0,14.8335,7.2738,0,3421,50461619075
44.2959,22.5754,57.5,0,85,91,75,1695,3504,2.00664,0,14.8335,7.2738,0,3421,50484196674
45.3682,22.0419,57.5,0,85,91,75,1695,3504,2.00664,0,14.8335,7.2738,0,3421,50506240364
49.1508,20.3455,57.5,0,85,91,75,1695,3504,2.00664,0,14.8335,7.2738,0,3421,50526585590
41.9593,23.8326,57.5,0,85,91,75,1695,3504,2.00664,0,14.8335,7.2738,0,3421,50550419687
47.518,21.0446,57.5,0,85,91,75,1695,3504,2.00664,0,14.8335,7.2738,0,3421,50571465145
49.3527,20.2623,57.5,0,85,91,75,1695,3504,2.00664,0,14.8335,7.2738,0,3421,50591728279
41.432,24.1359,57.5,0,85,91,75,1695,3504,2.00664,0,14.8335,7.2738,0,3421,50615866260
51.3367,19.4792,57.5,0,85,91,75,1695,3504,2.00664,0,14.8335,7.2738,0,3421,50635347107
45.1736,22.1368,57.5,0,85,91,75,1695,3504,2.00664,0,14.8335,7.2738,0,3421,50657485449
49.1237,20.3568,57.5,0,85,91,75,1695,3504,2.00664,0,14.8335,7.2738,0,3421,50677842744
45.5029,21.9766,57.5,0,85,91,75,1695,3504,2.00664,0,14.8335,7.2738,0,3421,50699822372
47.094,21.2341,42.1429,0,94,91,75,1695,3504,2.00488,0,14.8339,7.2738,0,3403,50721054797
47.3978,21.098,42.1429,0,94,91,75,1695,3504,2.00488,0,14.8339,7.2738,0,3403,50742154955
46.128,21.6788,42.1429,0,94,91,75,1695,3504,2.00488,0,14.8339,7.2738,0,3403,50763835002
46.4972,21.5067,42.1429,0,94,91,75,1695,3504,2.00488,0,14.8339,7.2738,0,3403,50785343014
46.0041,21.7372,42.1429,0,94,91,75,1695,3504,2.00488,0,14.8339,7.2738,0,3403,50807081264
45.2352,22.1067,42.1429,0,94,91,75,1695,3504,2.00488,0,14.8339,7.2738,0,3403,50829188890
49.5197,20.194,42.1429,0,94,91,75,1695,3504,2.00488,0,14.8339,7.2738,0,3403,50849384653
38.7849,25.7832,42.1429,0,94,91,75,1695,3504,2.00488,0,14.8339,7.2738,0,3403,50875167954
48.1833,20.7541,42.1429,0,94,91,75,1695,3504,2.00488,0,14.8339,7.2738,0,3403,50895924121
54.4957,18.3501,42.1429,0,94,91,75,1695,3504,2.00488,0,14.8339,7.2738,0,3403,50914275168
43.0762,23.2147,42.1429,0,94,91,75,1695,3504,2.00488,0,14.8339,7.2738,0,3403,50937502320
48.158,20.765,42.1429,0,94,91,75,1695,3504,2.00488,0,14.8339,7.2738,0,3403,50958257674
18.7985,53.1958,42.1429,0,94,91,75,1695,3504,2.00488,0,14.8339,7.2738,0,3403,51011454886
189.762,5.26975,42.1429,0,94,91,75,1695,3504,2.00488,0,14.8339,7.2738,0,3403,51016725482
48.2412,20.7292,42.1429,0,94,91,75,1695,3504,2.00488,0,14.8339,7.2738,0,3403,51037455978
42.3645,23.6047,42.1429,0,94,91,75,1695,3504,2.00488,0,14.8339,7.2738,0,3403,51061061401
51.9716,19.2413,42.1429,0,94,91,75,1695,3504,2.00488,0,14.8339,7.2738,0,3403,51080303912
45.5541,21.9519,42.1429,0,94,91,75,1695,3504,2.00488,0,14.8339,7.2738,0,3403,51102257935
40.8893,24.4563,42.1429,0,94,91,75,1695,3504,2.00488,0,14.8339,7.2738,0,3403,51126714565
50.4606,19.8174,42.1429,0,94,91,75,1695,3504,2.00488,0,14.8339,7.2738,0,3403,51146533350
46.6307,21.4451,42.1429,0,94,91,75,1695,3504,2.00488,0,14.8339,7.2738,0,3403,51167979891
45.4615,21.9966,42.1429,0,94,91,75,1695,3504,2.00488,0,14.8339,7.2738,0,3403,51189978672
43.4211,23.0303,42.1429,0,94,91,75,1695,3504,2.00488,0,14.8339,7.2738,0,3403,51213013206
50.8562,19.6633,41.6465,0,100,83,76,1695,3504,2.00435,0,14.8712,7.2738,0,3414,51232672725
42.6902,23.4246,41.6465,0,100,83,76,1695,3504,2.00435,0,14.8712,7.2738,0,3414,51256099453
38.6538,25.8707,41.6465,0,100,83,76,1695,3504,2.00435,0,14.8712,7.2738,0,3414,51281972074
50.3415,19.8643,41.6465,0,100,83,76,1695,3504,2.00435,0,14.8712,7.2738,0,3414,51301858352
38.0406,26.2877,41.6465,0,100,83,76,1695,3504,2.00435,0,14.8712,7.2738,0,3414,51328125753
55.7584,17.9345,41.6465,0,100,83,76,1695,3504,2.00435,0,14.8712,7.2738,0,3414,51346061955
35.1579,28.4431,41.6465,0,100,83,76,1695,3504,2.00435,0,14.8712,7.2738,0,3414,51374507306
43.907,22.7754,41.6465,0,100,83,76,1695,3504,2.00435,0,14.8712,7.2738,0,3414,51397282894
53.8435,18.5724,41.6465,0,100,83,76,1695,3504,2.00435,0,14.8712,7.2738,0,3414,51415857444
5.75369,173.802,41.6465,0,100,83,76,1695,3504,2.00435,0,14.8712,7.2738,0,3414,51589659278
237.46,4.21124,41.6465,0,100,83,76,1695,3504,2.00435,0,14.8712,7.2738,0,3414,51593872968
41.2259,24.2566,41.6465,0,100,83,76,1695,3504,2.00435,0,14.8712,7.2738,0,3414,51618131396
32.349,30.9129,41.6465,0,100,83,76,1695,3504,2.00435,0,14.8712,7.2738,0,3414,51649044764
39.9881,25.0075,41.6465,0,100,83,76,1695,3504,2.00435,0,14.8712,7.2738,0,3414,51674052765
10.5503,94.7837,41.6465,0,100,83,76,1695,3504,2.00435,0,14.8712,7.2738,0,3414,51768856598
77.2042,12.9527,62.413,0,97,83,75,1614,3504,2.00366,0,14.8745,7.2738,0,1810,51781790866
43.3815,23.0513,62.413,0,97,83,75,1614,3504,2.00366,0,14.8745,7.2738,0,1810,51804844130
35.4386,28.2178,62.413,0,97,83,75,1614,3504,2.00366,0,14.8745,7.2738,0,1810,51833062865
59.0086,16.9467,62.413,0,97,83,75,1614,3504,2.00366,0,14.8745,7.2738,0,1810,51850010900
40.4552,24.7187,62.413,0,97,83,75,1614,3504,2.00366,0,14.8745,7.2738,0,1810,51874731442
38.8667,25.729,62.413,0,97,83,75,1614,3504,2.00366,0,14.8745,7.2738,0,1810,51900461073
35.8764,27.8735,62.413,0,97,83,75,1614,3504,2.00366,0,14.8745,7.2738,0,1810,51928356921
48.7276,20.5222,62.413,0,97,83,75,1614,3504,2.00366,0,14.8745,7.2738,0,1810,51948880893
34.906,28.6484,62.413,0,97,83,75,1614,3504,2.00366,0,14.8745,7.2738,0,1810,51977664117
39.5564,25.2804,62.413,0,97,83,75,1614,3504,2.00366,0,14.8745,7.2738,0,1810,52002812067
33.5458,29.81,62.413,0,97,83,75,1614,3504,2.00366,0,14.8745,7.2738,0,1810,52032623490
51.3871,19.4601,62.413,0,97,83,75,1614,3504,2.00366,0,14.8745,7.2738,0,1810,52052063262
33.2315,30.0919,62.413,0,97,83,75,1614,3504,2.00366,0,14.8745,7.2738,0,1810,52082157233
36.7733,27.1936,62.413,0,97,83,75,1614,3504,2.00366,0,14.8745,7.2738,0,1810,52109350986
38.4905,25.9804,62.413,0,97,83,75,1614,3504,2.00366,0,14.8745,7.2738,0,1810,52135332220
68.0367,14.698,62.413,0,97,83,75,1614,3504,2.00366,0,14.8745,7.2738,0,1810,52150032738
32.8407,30.45,62.413,0,97,83,75,1614,3504,2.00366,0,14.8745,7.2738,0,1810,52180484144
51.5943,19.382,62.413,0,97,83,75,1614,3504,2.00366,0,14.8745,7.2738,0,1810,52199867547
34.3246,29.1337,62.413,0,97,83,75,1614,3504,2.00366,0,14.8745,7.2738,0,1810,52229023354
30.8015,32.466,62.413,0,97,83,75,1614,3504,2.00366,0,14.8745,7.2738,0,1810,52261470958
46.4198,21.5425,62.413,0,97,83,75,1614,3504,2.00366,0,14.8745,7.2738,0,1810,52283015576
34.6169,28.8876,81.3433,0,97,82,75,1614,3504,2.00366,0,14.9053,7.27258,0,1732,52311902253
81.9722,12.1993,81.3433,0,97,82,75,1614,3504,2.00366,0,14.9053,7.27258,0,1732,52324124597
25.3476,39.4515,81.3433,0,97,82,75,1614,3504,2.00366,0,14.9053,7.27258,0,1732,52363577122
42.497,23.5311,81.3433,0,97,82,75,1614,3504,2.00366,0,14.9053,7.27258,0,1732,52387129433
55.6072,17.9833,81.3433,0,97,82,75,1614,3504,2.00366,0,14.9053,7.27258,0,1732,52405115027
20.4269,48.955,81.3433,0,97,82,75,1614,3504,2.00366,0,14.9053,7.27258,0,1732,52454071274
36.4197,27.4576,81.3433,0,97,82,75,1614,3504,2.00366,0,14.9053,7.27258,0,1732,52481508967
30.1588,33.1578,81.3433,0,97,82,75,1614,3504,2.00366,0,14.9053,7.27258,0,1732,52514667136
46.6079,21.4556,81.3433,0,97,82,75,1614,3504,2.00366,0,14.9053,7.27258,0,1732,52536144659
42.4989,23.53,81.3433,0,97,82,75,1614,3504,2.00366,0,14.9053,7.27258,0,1732,52559655435
53.3356,18.7492,81.3433,0,97,82,75,1614,3504,2.00366,0,14.9053,7.27258,0,1732,52578479610
29.3529,34.0682,81.3433,0,97,82,75,1614,3504,2.00366,0,14.9053,7.27258,0,1732,52612496057
54.8495,18.2317,81.3433,0,97,82,75,1614,3504,2.00366,0,14.9053,7.27258,0,1732,52630706910
6.29976,158.736,81.3433,0,97,82,75,1614,3504,2.00366,0,14.9053,7.27258,0,1732,52789451425
70.1547,14.2542,88.8608,0,72,82,71,1420,3504,2.00247,0,14.9281,7.27234,0,1837,52803701639
53.983,18.5244,88.8608,0,72,82,71,1420,3504,2.00247,0,14.9281,7.27234,0,1837,52822226317
9.09175,109.99,88.8608,0,72,82,71,1420,3504,2.00247,0,14.9281,7.27234,0,1837,52932238837
64.7311,15.4485,88.8608,0,72,82,71,1420,3504,2.00247,0,14.9281,7.27234,0,1837,52947688449
37.3686,26.7605,88.8608,0,72,82,71,1420,3504,2.00247,0,14.9281,7.27234,0,1837,52974429183
27.9763,35.7446,88.8608,0,72,82,71,1420,3504,2.00247,0,14.9281,7.27234,0,1837,53010175294
151.105,6.6179,88.8608,0,72,82,71,1420,3504,2.00247,0,14.9281,7.27234,0,1837,53016795072
49.6335,20.1477,88.8608,0,72,82,71,1420,3504,2.00247,0,14.9281,7.27234,0,1837,53036944242
28.4802,35.1121,88.8608,0,72,82,71,1420,3504,2.00247,0,14.9281,7.27234,0,1837,53072079038
31.3592,31.8886,88.8608,0,72,82,71,1420,3504,2.00247,0,14.9281,7.27234,0,1837,53103967535
38.3412,26.0816,88.8608,0,72,82,71,1420,3504,2.00247,0,14.9281,7.27234,0,1837,53130051960
30.362,32.9359,88.8608,0,72,82,71,1420,3504,2.00247,0,14.9281,7.27234,0,1837,53162987415
31.5763,31.6693,88.8608,0,72,82,71,1420,3504,2.00247,0,14.9281,7.27234,0,1837,53194659254
40.6798,24.5822,88.8608,0,72,82,71,1420,3504,2.00247,0,14.9281,7.27234,0,1837,53219244029
36.476,27.4153,88.8608,0,72,82,71,1420,3504,2.00247,0,14.9281,7.27234,0,1837,53246658339
22.6062,44.2356,88.8608,0,72,82,71,1420,3504,2.00247,0,14.9281,7.27234,0,1837,53290901934
58.73,17.0271,83.6683,0,73,82,71,1465,3504,2.00079,0,14.9744,7.27087,0,1746,53307946102
7.26537,137.639,83.6683,0,73,82,71,1465,3504,2.00079,0,14.9744,7.27087,0,1746,53445564079
82.904,12.0621,83.6683,0,73,82,71,1465,3504,2.00079,0,14.9744,7.27087,0,1746,53457627328
42.6461,23.4488,83.6683,0,73,82,71,1465,3504,2.00079,0,14.9744,7.27087,0,1746,53481078649
3.62963,275.51,83.6683,0,73,82,71,1465,3504,2.00079,0,14.9744,7.27087,0,1746,53756589761
65.4284,15.2839,83.6683,0,73,82,71,1465,3504,2.00079,0,14.9744,7.27087,0,1746,53771873459
33.6773,29.6936,83.6683,0,73,82,71,1465,3504,2.00079,0,14.9744,7.27087,0,1746,53801571496
2.88031,347.185,75.5611,0,73,82,71,1465,3504,2.00079,0,14.993,7.27087,0,1727,54148781635
271.702,3.68051,75.5611,0,73,82,71,1465,3504,2.00079,0,14.993,7.27087,0,1727,54152437177
48.3684,20.6747,75.5611,0,73,82,71,1465,3504,2.00079,0,14.993,7.27087,0,1727,54173112483
38.8374,25.7484,75.5611,0,73,82,71,1465,3504,2.00079,0,14.993,7.27087,0,1727,54198860620
32.6723,30.607,75.5611,0,73,82,71,1465,3504,2.00079,0,14.993,7.27087,0,1727,54229470198
48.6508,20.5547,75.5611,0,73,82,71,1465,3504,2.00079,0,14.993,7.27087,0,1727,54250026379
38.5058,25.9701,75.5611,0,73,82,71,1465,3504,2.00079,0,14.993,7.27087,0,1727,54275996741
31.838,31.409,75.5611,0,73,82,71,1465,3504,2.00079,0,14.993,7.27087,0,1727,54307432630
34.397,29.0723,73.201,0,48,82,70,1517,3504,1.99431,0,14.9921,7.2738,0,1734,54336527222
26.6688,37.497,73.201,0,48,82,70,1517,3504,1.99431,0,14.9921,7.2738,0,1734,54374000339
50.9562,19.6247,73.201,0,48,82,70,1517,3504,1.99431,0,14.9921,7.2738,0,1734,54393626119
32.4376,30.8284,73.201,0,48,82,70,1517,3504,1.99431,0,14.9921,7.2738,0,1734,54424455500
48.9454,20.4309,73.201,0,48,82,70,1517,3504,1.99431,0,14.9921,7.2738,0,1734,54444888192
30.2702,33.0358,73.201,0,48,82,70,1517,3504,1.99431,0,14.9921,7.2738,0,1734,54477904401
24.3792,41.0186,73.201,0,48,82,70,1517,3504,1.99431,0,14.9921,7.2738,0,1734,54518924652
19.6916,50.783,73.201,0,48,82,70,1517,3504,1.99431,0,14.9921,7.2738,0,1734,54569708433
33.067,30.2416,73.201,0,48,82,70,1517,3504,1.99431,0,14.9921,7.2738,0,1734,54599972070
27.3901,36.5095,73.201,0,48,82,70,1517,3504,1.99431,0,14.9921,7.2738,0,1734,54636482993
31.7336,31.5124,73.201,0,48,82,70,1517,3504,1.99431,0,14.9921,7.2738,0,1734,54667996564
28.3273,35.3016,73.201,0,48,82,70,1517,3504,1.99431,0,14.9921,7.2738,0,1734,54703299677
51.7812,19.312,73.201,0,48,82,70,1517,3504,1.99431,0,14.9921,7.2738,0,1734,54722612725
29.9276,33.4139,73.201,0,48,82,70,1517,3504,1.99431,0,14.9921,7.2738,0,1734,54756049368
19.5482,51.1557,73.201,0,48,82,70,1517,3504,1.99431,0,14.9921,7.2738,0,1734,54807207050
43.8914,22.7835,73.201,0,48,82,70,1517,3504,1.99431,0,14.9921,7.2738,0,1734,54830019314
56.9149,17.5701,89.6296,0,52,82,70,1518,3504,1.9936,0,14.8073,7.29821,0,1764,54847562479
31.103,32.1512,89.6296,0,52,82,70,1518,3504,1.9936,0,14.8073,7.29821,0,1764,54879715352
45.4231,22.0152,89.6296,0,52,82,70,1518,3504,1.9936,0,14.8073,7.29821,0,1764,54901753162
27.3633,36.5452,89.6296,0,52,82,70,1518,3504,1.9936,0,14.8073,7.29821,0,1764,54938278474
8.77296,113.987,89.6296,0,52,82,70,1518,3504,1.9936,0,14.8073,7.29821,0,1764,55052267387
68.9698,14.4991,89.6296,0,52,82,70,1518,3504,1.9936,0,14.8073,7.29821,0,1764,55066767415
9.29939,107.534,89.6296,0,52,82,70,1518,3504,1.9936,0,14.8073,7.29821,0,1764,55174302816
67.4245,14.8314,89.6296,0,52,82,70,1518,3504,1.9936,0,14.8073,7.29821,0,1764,55189135042
36.3692,27.4958,89.6296,0,52,82,70,1518,3504,1.9936,0,14.8073,7.29821,0,1764,55216633295
33.3685,29.9684,89.6296,0,52,82,70,1518,3504,1.9936,0,14.8073,7.29821,0,1764,55246602060
5.56163,179.803,89.6296,0,52,82,70,1518,3504,1.9936,0,14.8073,7.29821,0,1764,55426409174
12.2688,81.5078,79.3991,0,52,80,70,1518,3504,1.9936,0,14.8689,7.29821,0,1741,55507914208
66.249,15.0946,79.3991,0,52,80,70,1518,3504,1.9936,0,14.8689,7.29821,0,1741,55523010837
9.94237,100.58,79.3991,0,52,80,70,1518,3504,1.9936,0,14.8689,7.29821,0,1741,55623612670
171.96,5.81532,79.3991,0,52,80,70,1518,3504,1.9936,0,14.8689,7.29821,0,1741,55629407521
43.4409,23.0198,79.3991,0,52,80,70,1518,3504,1.9936,0,14.8689,7.29821,0,1741,55652428772
12.1197,82.51,79.3991,0,52,80,70,1518,3504,1.9936,0,14.8689,7.29821,0,1741,55734940234
85.4645,11.7008,79.3991,0,52,80,70,1518,3504,1.9936,0,14.8689,7.29821,0,1741,55746642006
29.0926,34.373,79.3991,0,52,80,70,1518,3504,1.9936,0,14.8689,7.29821,0,1741,55781016530
55.4682,18.0284,79.3991,0,52,80,70,1518,3504,1.9936,0,14.8689,7.29821,0,1741,55799046385
29.39,34.0252,79.3991,0,52,80,70,1518,3504,1.9936,0,14.8689,7.29821,0,1741,55833073187
12.3902,80.7091,79.3991,0,52,80,70,1518,3504,1.9936,0,14.8689,7.29821,0,1741,55913783842
10.5092,95.1547,79.3991,0,52,80,70,1518,3504,1.9936,0,14.8689,7.29821,0,1741,56008967527
62.3523,16.0379,70.989,0,66,80,70,1469,3504,1.97355,0,14.8606,7.29821,0,1747,56024999456
40.2641,24.836,70.989,0,66,80,70,1469,3504,1.97355,0,14.8606,7.29821,0,1747,56049816595
49.1192,20.3586,70.989,0,66,80,70,1469,3504,1.97355,0,14.8606,7.29821,0,1747,56070175334
10.2596,97.4698,70.989,0,66,80,70,1469,3504,1.97355,0,14.8606,7.29821,0,1747,56167646865
5.80568,172.245,70.989,0,66,80,70,1469,3504,1.97355,0,14.8606,7.29821,0,1747,56339892745
12.1044,82.6148,70.989,0,66,80,70,1469,3504,1.97355,0,14.8606,7.29821,0,1747,56422509391
50.7542,19.7028,70.989,0,66,80,70,1469,3504,1.97355,0,14.8606,7.29821,0,1747,56442213888
33.3038,30.0266,70.989,0,66,80,70,1469,3504,1.97355,0,14.8606,7.29821,0,1747,56472241345
6.62366,150.974,70.989,0,66,80,70,1469,3504,1.97355,0,14.8606,7.29821,0,1747,56623243775
8.91937,112.116,71.9335,0,53,81,70,1453,3504,1.97112,0,14.8767,7.29821,0,1729,56735333170
12.4292,80.4559,71.9335,0,53,81,70,1453,3504,1.97112,0,14.8767,7.29821,0,1729,56815789560
52.912,18.8993,71.9335,0,53,81,70,1453,3504,1.97112,0,14.8767,7.29821,0,1729,56834690391
38.0441,26.2853,71.9335,0,53,81,70,1453,3504,1.97112,0,14.8767,7.29821,0,1729,56860977286
38.4105,26.0346,71.9335,0,53,81,70,1453,3504,1.97112,0,14.8767,7.29821,0,1729,56887011547
30.1106,33.2109,71.9335,0,53,81,70,1453,3504,1.97112,0,14.8767,7.29821,0,1729,56920247083
64.3496,15.5401,71.9335,0,53,81,70,1453,3504,1.97112,0,14.8767,7.29821,0,1729,56935787190
17.3132,57.7595,71.9335,0,53,81,70,1453,3504,1.97112,0,14.8767,7.29821,0,1729,56993547464
16.3104,61.3106,71.9335,0,53,81,70,1453,3504,1.97112,0,14.8767,7.29821,0,1729,57054859375
7.9091,126.437,71.9335,0,53,81,70,1453,3504,1.97112,0,14.8767,7.29821,0,1729,57181324941
16.9425,59.0231,77.551,0,33,81,69,1484,3504,1.97109,0,14.8696,7.29113,0,1748,57240320957
36.9819,27.0402,77.551,0,33,81,69,1484,3504,1.97109,0,14.8696,7.29113,0,1748,57267382639
33.3425,29.9918,77.551,0,33,81,69,1484,3504,1.97109,0,14.8696,7.29113,0,1748,57297401100
21.7589,45.9581,77.551,0,33,81,69,1484,3504,1.97109,0,14.8696,7.29113,0,1748,57343337208
17.7121,56.4586,77.551,0,33,81,69,1484,3504,1.97109,0,14.8696,7.29113,0,1748,57399795652
250.899,3.98567,77.551,0,33,81,69,1484,3504,1.97109,0,14.8696,7.29113,0,1748,57403796230
22.102,45.2449,77.551,0,33,81,69,1484,3504,1.97109,0,14.8696,7.29113,0,1748,57449029942
42.3717,23.6007,77.551,0,33,81,69,1484,3504,1.97109,0,14.8696,7.29113,0,1748,57472653177
30.5044,32.7821,77.551,0,33,81,69,1484,3504,1.97109,0,14.8696,7.29113,0,1748,57505436322
38.7467,25.8086,77.551,0,33,81,69,1484,3504,1.97109,0,14.8696,7.29113,0,1748,57531226003
27.7107,36.0871,77.551,0,33,81,69,1484,3504,1.97109,0,14.8696,7.29113,0,1748,57567312792
42.4141,23.5771,77.551,0,33,81,69,1484,3504,1.97109,0,14.8696,7.29113,0,1748,57590890845
20.9009,47.8448,77.551,0,33,81,69,1484,3504,1.97109,0,14.8696,7.29113,0,1748,57638737810
43.0963,23.2038,77.551,0,33,81,69,1484,3504,1.97109,0,14.8696,7.29113,0,1748,57661963825
8.36316,119.572,77.551,0,33,81,69,1484,3504,1.97109,0,14.8696,7.29113,0,1748,57781561203
53.3597,18.7407,83.8298,0,65,83,69,1430,3504,1.97094,0,14.9084,7.28332,0,1879,57800279002
32.4347,30.8312,83.8298,0,65,83,69,1430,3504,1.97094,0,14.9084,7.28332,0,1879,57831145345
47.0282,21.2639,83.8298,0,65,83,69,1430,3504,1.97094,0,14.9084,7.28332,0,1879,57852375286
28.211,35.4472,83.8298,0,65,83,69,1430,3504,1.97094,0,14.9084,7.28332,0,1879,57887825538
31.5952,31.6504,83.8298,0,65,83,69,1430,3504,1.97094,0,14.9084,7.28332,0,1879,57919497189
53.9425,18.5382,83.8298,0,65,83,69,1430,3504,1.97094,0,14.9084,7.28332,0,1879,57938038619
33.9045,29.4946,83.8298,0,65,83,69,1430,3504,1.97094,0,14.9084,7.28332,0,1879,57967534163
30.7193,32.5529,83.8298,0,65,83,69,1430,3504,1.97094,0,14.9084,7.28332,0,1879,58000087650
38.1581,26.2068,83.8298,0,65,83,69,1430,3504,1.97094,0,14.9084,7.28332,0,1879,58026297508
29.2183,34.2251,83.8298,0,65,83,69,1430,3504,1.97094,0,14.9084,7.28332,0,1879,58060521924
41.7785,23.9358,83.8298,0,65,83,69,1430,3504,1.97094,0,14.9084,7.28332,0,1879,58084480266
32.0381,31.2129,83.8298,0,65,83,69,1430,3504,1.97094,0,14.9084,7.28332,0,1879,58115696137
30.5268,32.7581,83.8298,0,65,83,69,1430,3504,1.97094,0,14.9084,7.28332,0,1879,58148454468
23.1135,43.2647,83.8298,0,65,83,69,1430,3504,1.97094,0,14.9084,7.28332,0,1879,58191719570
50.1483,19.9408,83.8298,0,65,83,69,1430,3504,1.97094,0,14.9084,7.28332,0,1879,58211662121
38.9964,25.6434,83.8298,0,65,83,69,1430,3504,1.97094,0,14.9084,7.28332,0,1879,58237306778
31.2787,31.9707,83.8298,0,65,83,69,1430,3504,1.97094,0,14.9084,7.28332,0,1879,58269279205
24.3628,41.0462,83.8298,0,65,83,69,1430,3504,1.97094,0,14.9084,7.28332,0,1879,58310353477
54.9008,18.2147,84.4498,0,65,83,69,1430,3504,1.97094,0,14.9073,7.28137,0,1722,58328542212
25.3509,39.4463,84.4498,0,65,83,69,1430,3504,1.97094,0,14.9073,7.28137,0,1722,58367990951
36.1285,27.679,84.4498,0,65,83,69,1430,3504,1.97094,0,14.9073,7.28137,0,1722,58395695146
35.914,27.8443,84.4498,0,65,83,69,1430,3504,1.97094,0,14.9073,7.28137,0,1722,58423538541
19.2575,51.9278,84.4498,0,65,83,69,1430,3504,1.97094,0,14.9073,7.28137,0,1722,58475468065
53.3009,18.7614,84.4498,0,65,83,69,1430,3504,1.97094,0,14.9073,7.28137,0,1722,58494230469
9.42142,106.141,84.4498,0,65,83,69,1430,3504,1.97094,0,14.9073,7.28137,0,1722,58600394477
11.0136,90.7969,84.4498,0,65,83,69,1430,3504,1.97094,0,14.9073,7.28137,0,1722,58691191893
65.2094,15.3352,84.4498,0,65,83,69,1430,3504,1.97094,0,14.9073,7.28137,0,1722,58706529840
39.2509,25.4771,84.4498,0,65,83,69,1430,3504,1.97094,0,14.9073,7.28137,0,1722,58732007703
28.2251,35.4295,84.4498,0,65,83,69,1430,3504,1.97094,0,14.9073,7.28137,0,1722,58767458378
41.0528,24.3589,84.4498,0,65,83,69,1430,3504,1.97094,0,14.9073,7.28137,0,1722,58791819079
24.3532,41.0624,84.4498,0,65,83,69,1430,3504,1.97094,0,14.9073,7.28137,0,1722,58836132269
33.6804,29.6909,80.9179,0,87,83,70,1417,3504,1.97014,0,14.9174,7.2799,0,1730,58865717464
52.7141,18.9702,80.9179,0,87,83,70,1417,3504,1.97014,0,14.9174,7.2799,0,1730,58884688322
16.8103,59.4873,80.9179,0,87,83,70,1417,3504,1.97014,0,14.9174,7.2799,0,1730,58944243050
40.0013,24.9992,80.9179,0,87,83,70,1417,3504,1.97014,0,14.9174,7.2799,0,1730,58969264366
31.6925,31.5532,80.9179,0,87,83,70,1417,3504,1.97014,0,14.9174,7.2799,0,1730,59000958143
60.0395,16.6557,80.9179,0,87,83,70,1417,3504,1.97014,0,14.9174,7.2799,0,1730,59017456491
9.40205,106.36,80.9179,0,87,83,70,1417,3504,1.97014,0,14.9174,7.2799,0,1730,59123816624
54.7651,18.2598,80.9179,0,87,83,70,1417,3504,1.97014,0,14.9174,7.2799,0,1730,59142077296
36.4489,27.4357,80.9179,0,87,83,70,1417,3504,1.97014,0,14.9174,7.2799,0,1730,59169574344
23.5282,42.5021,80.9179,0,87,83,70,1417,3504,1.97014,0,14.9174,7.2799,0,1730,59212050380
25.6877,38.9292,80.9179,0,87,83,70,1417,3504,1.97014,0,14.9174,7.2799,0,1730,59250980426
40.3445,24.7865,80.9179,0,87,83,70,1417,3504,1.97014,0,14.9174,7.2799,0,1730,59275789957
46.1492,21.6689,80.9179,0,87,83,70,1417,3504,1.97014,0,14.9174,7.2799,0,1730,59297438356
31.0372,32.2194,80.9179,0,87,83,70,1417,3504,1.97014,0,14.9174,7.2799,0,1730,59329679153
33.6412,29.7254,80.9179,0,87,83,70,1417,3504,1.97014,0,14.9174,7.2799,0,1730,59359414068
43.2403,23.1266,82.963,0,87,83,70,1417,3504,1.97014,0,14.9192,7.27771,0,1802,59382513802
40.9471,24.4217,82.963,0,87,83,70,1417,3504,1.97014,0,14.9192,7.27771,0,1802,59406936269
27.3163,36.6081,82.963,0,87,83,70,1417,3504,1.97014,0,14.9192,7.27771,0,1802,59443547320
50.2439,19.9029,82.963,0,87,83,70,1417,3504,1.97014,0,14.9192,7.27771,0,1802,59463450173
19.0687,52.442,82.963,0,87,83,70,1417,3504,1.97014,0,14.9192,7.27771,0,1802,59515894097
27.1389,36.8475,82.963,0,87,83,70,1417,3504,1.97014,0,14.9192,7.27771,0,1802,59552743158
28.0433,35.6591,82.963,0,87,83,70,1417,3504,1.97014,0,14.9192,7.27771,0,1802,59588403568
20.2893,49.287,82.963,0,87,83,70,1417,3504,1.97014,0,14.9192,7.27771,0,1802,59637692748
21.9128,45.6354,82.963,0,87,83,70,1417,3504,1.97014,0,14.9192,7.27771,0,1802,59683328080
25.0807,39.8713,82.963,0,87,83,70,1417,3504,1.97014,0,14.9192,7.27771,0,1802,59723200302
44.7424,22.3502,82.963,0,87,83,70,1417,3504,1.97014,0,14.9192,7.27771,0,1802,59745574179
33.2406,30.0837,82.963,0,87,83,70,1417,3504,1.97014,0,14.9192,7.27771,0,1802,59775660564
16.6618,60.0176,82.963,0,87,83,70,1417,3504,1.97014,0,14.9192,7.27771,0,1802,59835678374
25.3011,39.524,82.963,0,87,83,70,1417,3504,1.97014,0,14.9192,7.27771,0,1802,59875228960
37.8371,26.4291,83.25,0,70,82,70,1470,3504,1.97097,0,14.9105,7.27697,0,1722,59901635073
13.927,71.8032,83.25,0,70,82,70,1470,3504,1.97097,0,14.9105,7.27697,0,1722,59973441000
20.5876,48.573,83.25,0,70,82,70,1470,3504,1.97097,0,14.9105,7.27697,0,1722,60022013106
17.1883,58.179,83.25,0,70,82,70,1470,3504,1.97097,0,14.9105,7.27697,0,1722,60080193980
53.2464,18.7806,83.25,0,70,82,70,1470,3504,1.97097,0,14.9105,7.27697,0,1722,60098974447
26.8807,37.2014,83.25,0,70,82,70,1470,3504,1.97097,0,14.9105,7.27697,0,1722,60136176245
28.3695,35.2491,83.25,0,70,82,70,1470,3504,1.97097,0,14.9105,7.27697,0,1722,60171426658
30.9331,32.3278,83.25,0,70,82,70,1470,3504,1.97097,0,14.9105,7.27697,0,1722,60203755878
29.5377,33.855,83.25,0,70,82,70,1470,3504,1.97097,0,14.9105,7.27697,0,1722,60237614359
44.9618,22.2411,83.25,0,70,82,70,1470,3504,1.97097,0,14.9105,7.27697,0,1722,60259854959
41.3027,24.2115,83.25,0,70,82,70,1470,3504,1.97097,0,14.9105,7.27697,0,1722,60284068288
26.0542,38.3816,83.25,0,70,82,70,1470,3504,1.97097,0,14.9105,7.27697,0,1722,60322450970
42.4603,23.5514,83.25,0,70,82,70,1470,3504,1.97097,0,14.9105,7.27697,0,1722,60346002994
27.9655,35.7583,83.25,0,70,82,70,1470,3504,1.97097,0,14.9105,7.27697,0,1722,60381790468
24.7339,40.4304,89.7756,0,78,82,70,1467,3504,1.97151,0,14.9142,7.27673,0,1748,60422194559
125.358,7.97712,89.7756,0,78,82,70,1467,3504,1.97151,0,14.9142,7.27673,0,1748,60430174380
31.9524,31.2966,89.7756,0,78,82,70,1467,3504,1.97151,0,14.9142,7.27673,0,1748,60461471945
37.9405,26.357,89.7756,0,78,82,70,1467,3504,1.97151,0,14.9142,7.27673,0,1748,60487830225
37.0176,27.0142,89.7756,0,78,82,70,1467,3504,1.97151,0,14.9142,7.27673,0,1748,60514845598
31.2861,31.9631,89.7756,0,78,82,70,1467,3504,1.97151,0,14.9142,7.27673,0,1748,60546810021
41.3887,24.1612,89.7756,0,78,82,70,1467,3504,1.97151,0,14.9142,7.27673,0,1748,60570973919
32.1867,31.0687,89.7756,0,78,82,70,1467,3504,1.97151,0,14.9142,7.27673,0,1748,60602046474
32.0265,31.2242,89.7756,0,78,82,70,1467,3504,1.97151,0,14.9142,7.27673,0,1748,60633269157
40.4611,24.7151,89.7756,0,78,82,70,1467,3504,1.97151,0,14.9142,7.27673,0,1748,60657986285
34.2413,29.2045,89.7756,0,78,82,70,1467,3504,1.97151,0,14.9142,7.27673,0,1748,60687191568
32.5333,30.7377,89.7756,0,78,82,70,1467,3504,1.97151,0,14.9142,7.27673,0,1748,60717934458
35.9599,27.8088,89.7756,0,78,82,70,1467,3504,1.97151,0,14.9142,7.27673,0,1748,60745743149
38.0947,26.2504,89.7756,0,78,82,70,1467,3504,1.97151,0,14.9142,7.27673,0,1748,60771993878
29.6623,33.7128,89.7756,0,78,82,70,1467,3504,1.97151,0,14.9142,7.27673,0,1748,60805707993
39.796,25.1281,89.7756,0,78,82,70,1467,3504,1.97151,0,14.9142,7.27673,0,1748,60830838329
31.9036,31.3445,89.7756,0,78,82,70,1467,3504,1.97151,0,14.9142,7.27673,0,1748,60862185652
33.2574,30.0685,89.7756,0,78,82,70,1467,3504,1.97151,0,14.9142,7.27673,0,1748,60892258124
47.7752,20.9314,75.25,0,78,90,70,1467,3504,1.97151,0,14.9296,7.2761,0,3411,60913186282
34.7676,28.7624,75.25,0,78,90,70,1467,3504,1.97151,0,14.9296,7.2761,0,3411,60941950801
34.8535,28.6915,75.25,0,78,90,70,1467,3504,1.97151,0,14.9296,7.2761,0,3411,60970643869
32.3189,30.9416,75.25,0,78,90,70,1467,3504,1.97151,0,14.9296,7.2761,0,3411,61001587094
36.7447,27.2148,75.25,0,78,90,70,1467,3504,1.97151,0,14.9296,7.2761,0,3411,61028801981
34.3869,29.0808,75.25,0,78,90,70,1467,3504,1.97151,0,14.9296,7.2761,0,3411,61057884553
32.8938,30.4008,75.25,0,78,90,70,1467,3504,1.97151,0,14.9296,7.2761,0,3411,61088288321
31.1432,32.1098,75.25,0,78,90,70,1467,3504,1.97151,0,14.9296,7.2761,0,3411,61120397031
40.3767,24.7667,75.25,0,78,90,70,1467,3504,1.97151,0,14.9296,7.2761,0,3411,61145165167
33.188,30.1314,75.25,0,78,90,70,1467,3504,1.97151,0,14.9296,7.2761,0,3411,61175298219
37.3553,26.7699,75.25,0,78,90,70,1467,3504,1.97151,0,14.9296,7.2761,0,3411,61202069435
31.7018,31.544,75.25,0,78,90,70,1467,3504,1.97151,0,14.9296,7.2761,0,3411,61233615347
38.3763,26.0578,75.25,0,78,90,70,1467,3504,1.97151,0,14.9296,7.2761,0,3411,61259673537
30.49,32.7977,75.25,0,78,90,70,1467,3504,1.97151,0,14.9296,7.2761,0,3411,61292474019
32.5934,30.6811,75.25,0,78,90,70,1467,3504,1.97151,0,14.9296,7.2761,0,3411,61323154297
42.3918,23.5895,75.25,0,78,90,70,1467,3504,1.97151,0,14.9296,7.2761,0,3411,61346744833
36.0871,27.7108,75.25,0,78,90,70,1467,3504,1.97151,0,14.9296,7.2761,0,3411,61374456251
35.0857,28.5017,75.25,0,78,90,70,1467,3504,1.97151,0,14.9296,7.2761,0,3411,61402963238
33.8398,29.551,69.1729,0,91,90,71,1432,3504,1.97254,0,14.7819,7.32249,0,3400,61432513218
26.7059,37.4449,69.1729,0,91,90,71,1432,3504,1.97254,0,14.7819,7.32249,0,3400,61469957854
44.6583,22.3923,69.1729,0,91,90,71,1432,3504,1.97254,0,14.7819,7.32249,0,3400,61492352066
37.4375,26.7112,69.1729,0,91,90,71,1432,3504,1.97254,0,14.7819,7.32249,0,3400,61519066691
26.5774,37.626,69.1729,0,91,90,71,1432,3504,1.97254,0,14.7819,7.32249,0,3400,61556692202
41.9952,23.8123,69.1729,0,91,90,71,1432,3504,1.97254,0,14.7819,7.32249,0,3400,61580506802
37.0261,27.008,69.1729,0,91,90,71,1432,3504,1.97254,0,14.7819,7.32249,0,3400,61607515537
35.5067,28.1637,69.1729,0,91,90,71,1432,3504,1.97254,0,14.7819,7.32249,0,3400,61635680699
34.6262,28.8799,69.1729,0,91,90,71,1432,3504,1.97254,0,14.7819,7.32249,0,3400,61664563638
39.0576,25.6032,69.1729,0,91,90,71,1432,3504,1.97254,0,14.7819,7.32249,0,3400,61690168448
30.7482,32.5222,69.1729,0,91,90,71,1432,3504,1.97254,0,14.7819,7.32249,0,3400,61722690617
34.6586,28.8529,69.1729,0,91,90,71,1432,3504,1.97254,0,14.7819,7.32249,0,3400,61751546406
38.3274,26.091,69.1729,0,91,90,71,1432,3504,1.97254,0,14.7819,7.32249,0,3400,61777642411
29.5312,33.8625,69.1729,0,91,90,71,1432,3504,1.97254,0,14.7819,7.32249,0,3400,61811517965
45.5662,21.9461,69.1729,0,91,90,71,1432,3504,1.97254,0,14.7819,7.32249,0,3400,61833467335
35.9362,27.8271,69.1729,0,91,90,71,1432,3504,1.97254,0,14.7819,7.32249,0,3400,61861296185
33.3977,29.9421,69.1729,0,91,90,71,1432,3504,1.97254,0,14.7819,7.32249,0,3400,61891239615
34.7957,28.7392,69.1729,0,91,90,71,1432,3504,1.97254,0,14.7819,7.32249,0,3400,61919984652
31.3051,31.9437,69.5238,0,100,90,71,1419,3504,1.97362,0,14.8065,7.33397,0,3400,61951927735
38.5809,25.9196,69.5238,0,100,90,71,1419,3504,1.97362,0,14.8065,7.33397,0,3400,61977849156
32.2449,31.0127,69.5238,0,100,90,71,1419,3504,1.97362,0,14.8065,7.33397,0,3400,62008865894
37.4416,26.7083,69.5238,0,100,90,71,1419,3504,1.97362,0,14.8065,7.33397,0,3400,62035573733
33.2721,30.0552,69.5238,0,100,90,71,1419,3504,1.97362,0,14.8065,7.33397,0,3400,62065628241
33.6232,29.7414,69.5238,0,100,90,71,1419,3504,1.97362,0,14.8065,7.33397,0,3400,62095371058
34.3614,29.1025,69.5238,0,100,90,71,1419,3504,1.97362,0,14.8065,7.33397,0,3400,62124474157
31.1394,32.1137,69.5238,0,100,90,71,1419,3504,1.97362,0,14.8065,7.33397,0,3400,62156589072
17.2254,58.0537,69.5238,0,100,90,71,1419,3504,1.97362,0,14.8065,7.33397,0,3400,62214644711
115.422,8.66386,69.5238,0,100,90,71,1419,3504,1.97362,0,14.8065,7.33397,0,3400,62223308448
34.6166,28.8879,69.5238,0,100,90,71,1419,3504,1.97362,0,14.8065,7.33397,0,3400,62252197276
34.7478,28.7788,69.5238,0,100,90,71,1419,3504,1.97362,0,14.8065,7.33397,0,3400,62280984134
31.9265,31.3219,69.5238,0,100,90,71,1419,3504,1.97362,0,14.8065,7.33397,0,3400,62312303346
38.897,25.7089,69.5238,0,100,90,71,1419,3504,1.97362,0,14.8065,7.33397,0,3400,62338013122
33.8854,29.5112,69.5238,0,100,90,71,1419,3504,1.97362,0,14.8065,7.33397,0,3400,62367526244
32.0177,31.2328,69.5238,0,100,90,71,1419,3504,1.97362,0,14.8065,7.33397,0,3400,62398759402
39.7049,25.1858,69.5238,0,100,90,71,1419,3504,1.97362,0,14.8065,7.33397,0,3400,62423949436
31.0029,32.255,72.0988,0,100,90,71,1422,3504,1.97485,0,14.8221,7.33348,0,3406,62456203358
34.0286,29.3871,72.0988,0,100,90,71,1422,3504,1.97485,0,14.8221,7.33348,0,3406,62485591392
40.7573,24.5355,72.0988,0,100,90,71,1422,3504,1.97485,0,14.8221,7.33348,0,3406,62510128001
31.2039,32.0473,72.0988,0,100,90,71,1422,3504,1.97485,0,14.8221,7.33348,0,3406,62542176580
39.0049,25.6378,72.0988,0,100,90,71,1422,3504,1.97485,0,14.8221,7.33348,0,3406,62567815427
37.1048,26.9507,72.0988,0,100,90,71,1422,3504,1.97485,0,14.8221,7.33348,0,3406,62594768016
20.2927,49.2788,72.0988,0,100,90,71,1422,3504,1.97485,0,14.8221,7.33348,0,3406,62644049536
127.151,7.86469,72.0988,0,100,90,71,1422,3504,1.97485,0,14.8221,7.33348,0,3406,62651914687
37.4906,26.6733,72.0988,0,100,90,71,1422,3504,1.97485,0,14.8221,7.33348,0,3406,62678589939
33.2586,30.0674,72.0988,0,100,90,71,1422,3504,1.97485,0,14.8221,7.33348,0,3406,62708658561
35.8839,27.8676,72.0988,0,100,90,71,1422,3504,1.97485,0,14.8221,7.33348,0,3406,62736526935
34.4327,29.0422,72.0988,0,100,90,71,1422,3504,1.97485,0,14.8221,7.33348,0,3406,62765569444
37.8291,26.4347,72.0988,0,100,90,71,1422,3504,1.97485,0,14.8221,7.33348,0,3406,62792005813
34.3008,29.1538,72.0988,0,100,90,71,1422,3504,1.97485,0,14.8221,7.33348,0,3406,62821159979
34.067,29.3539,72.0988,0,100,90,71,1422,3504,1.97485,0,14.8221,7.33348,0,3406,62850515924
37.8442,26.4241,72.0988,0,100,90,71,1422,3504,1.97485,0,14.8221,7.33348,0,3406,62876941162
32.1624,31.0922,72.0988,0,100,90,71,1422,3504,1.97485,0,14.8221,7.33348,0,3406,62908034843
33.7784,29.6047,72.0988,0,100,90,71,1422,3504,1.97485,0,14.8221,7.33348,0,3406,62937644663
33.7252,29.6514,55.9902,0,97,89,71,1426,3504,1.97579,0,14.8412,7.33348,0,3400,62967292063
35.2604,28.3605,55.9902,0,97,89,71,1426,3504,1.97579,0,14.8412,7.33348,0,3400,62995654091
30.287,33.0174,55.9902,0,97,89,71,1426,3504,1.97579,0,14.8412,7.33348,0,3400,63028673963
39.6362,25.2295,55.9902,0,97,89,71,1426,3504,1.97579,0,14.8412,7.33348,0,3400,63053903398
32.2792,30.9797,55.9902,0,97,89,71,1426,3504,1.97579,0,14.8412,7.33348,0,3400,63084883781
40.8523,24.4784,55.9902,0,97,89,71,1426,3504,1.97579,0,14.8412,7.33348,0,3400,63109364289
26.7981,37.3161,55.9902,0,97,89,71,1426,3504,1.97579,0,14.8412,7.33348,0,3400,63146681335
45.3755,22.0383,55.9902,0,97,89,71,1426,3504,1.97579,0,14.8412,7.33348,0,3400,63168720979
35.3953,28.2523,55.9902,0,97,89,71,1426,3504,1.97579,0,14.8412,7.33348,0,3400,63196973939
40.0017,24.999,55.9902,0,97,89,71,1426,3504,1.97579,0,14.8412,7.33348,0,3400,63221974835
30.6953,32.5783,55.9902,0,97,89,71,1426,3504,1.97579,0,14.8412,7.33348,0,3400,63254553655
38.577,25.9222,55.9902,0,97,89,71,1426,3504,1.97579,0,14.8412,7.33348,0,3400,63280478827
32.8414,30.4494,55.9902,0,97,89,71,1426,3504,1.97579,0,14.8412,7.33348,0,3400,63310930034
38.1686,26.1995,55.9902,0,97,89,71,1426,3504,1.97579,0,14.8412,7.33348,0,3400,63337131222
37.305,26.806,55.9902,0,97,89,71,1426,3504,1.97579,0,14.8412,7.33348,0,3400,63363937471
27.8606,35.893,55.9902,0,97,89,71,1426,3504,1.97579,0,14.8412,7.33348,0,3400,63399832358
40.8803,24.4616,55.9902,0,97,89,71,1426,3504,1.97579,0,14.8412,7.33348,0,3400,63424296505
33.6195,29.7446,55.9902,0,97,89,71,1426,3504,1.97579,0,14.8412,7.33348,0,3400,63454045294
39.1194,25.5628,69.6296,0,100,89,71,1423,3504,1.9792,0,14.8548,7.33348,0,3400,63479605491
21.1165,47.3563,69.6296,0,100,89,71,1423,3504,1.9792,0,14.8548,7.33348,0,3400,63526964648
92.9757,10.7555,69.6296,0,100,89,71,1423,3504,1.9792,0,14.8548,7.33348,0,3400,63537720905
32.9293,30.3681,69.6296,0,100,89,71,1423,3504,1.9792,0,14.8548,7.33348,0,3400,63568089964
40.4156,24.743,69.6296,0,100,89,71,1423,3504,1.9792,0,14.8548,7.33348,0,3400,63592836750
30.3835,32.9126,69.6296,0,100,89,71,1423,3504,1.9792,0,14.8548,7.33348,0,3400,63625748220
46.4685,21.5199,69.6296,0,100,89,71,1423,3504,1.9792,0,14.8548,7.33348,0,3400,63647271797
33.6418,29.725,69.6296,0,100,89,71,1423,3504,1.9792,0,14.8548,7.33348,0,3400,63676999141
38.7202,25.8263,69.6296,0,100,89,71,1423,3504,1.9792,0,14.8548,7.33348,0,3400,63702823893
28.5185,35.065,69.6296,0,100,89,71,1423,3504,1.9792,0,14.8548,7.33348,0,3400,63737905449
47.2764,21.1522,69.6296,0,100,89,71,1423,3504,1.9792,0,14.8548,7.33348,0,3400,63759042654
36.65,27.2852,69.6296,0,100,89,71,1423,3504,1.9792,0,14.8548,7.33348,0,3400,63786329751
35.4671,28.1952,69.6296,0,100,89,71,1423,3504,1.9792,0,14.8548,7.33348,0,3400,63814525363
34.8057,28.731,69.6296,0,100,89,71,1423,3504,1.9792,0,14.8548,7.33348,0,3400,63843257201
31.7907,31.4557,69.6296,0,100,89,71,1423,3504,1.9792,0,14.8548,7.33348,0,3400,63874713472
43.7115,22.8773,69.6296,0,100,89,71,1423,3504,1.9792,0,14.8548,7.33348,0,3400,63897592275
37.4763,26.6835,69.6296,0,100,89,71,1423,3504,1.9792,0,14.8548,7.33348,0,3400,63924277055
35.1161,28.4769,69.6296,0,100,89,71,1423,3504,1.9792,0,14.8548,7.33348,0,3400,63952754592
35.7072,28.0056,69.6296,0,100,89,71,1423,3504,1.9792,0,14.8548,7.33348,0,3400,63980767595
36.5264,27.3774,67.8487,0,100,92,71,1455,3504,1.98251,0,14.8859,7.33323,0,3400,64008140336
32.7511,30.5333,67.8487,0,100,92,71,1455,3504,1.98251,0,14.8859,7.33323,0,3400,64038675203
37.4638,26.6924,67.8487,0,100,92,71,1455,3504,1.98251,0,14.8859,7.33323,0,3400,64065368643
36.4801,27.4122,67.8487,0,100,92,71,1455,3504,1.98251,0,14.8859,7.33323,0,3400,64092782017
37.7536,26.4876,67.8487,0,100,92,71,1455,3504,1.98251,0,14.8859,7.33323,0,3400,64119270854
31.6788,31.5668,67.8487,0,100,92,71,1455,3504,1.98251,0,14.8859,7.33323,0,3400,64150839702
37.7567,26.4853,67.8487,0,100,92,71,1455,3504,1.98251,0,14.8859,7.33323,0,3400,64177334175
31.5743,31.6713,67.8487,0,100,92,71,1455,3504,1.98251,0,14.8859,7.33323,0,3400,64208997122
25.6506,38.9854,67.8487,0,100,92,71,1455,3504,1.98251,0,14.8859,7.33323,0,3400,64247984653
59.8762,16.7011,67.8487,0,100,92,71,1455,3504,1.98251,0,14.8859,7.33323,0,3400,64264687641
34.4405,29.0356,67.8487,0,100,92,71,1455,3504,1.98251,0,14.8859,7.33323,0,3400,64293725528
39.059,25.6023,67.8487,0,100,92,71,1455,3504,1.98251,0,14.8859,7.33323,0,3400,64319327597
37.2023,26.8801,67.8487,0,100,92,71,1455,3504,1.98251,0,14.8859,7.33323,0,3400,64346209044
36.5731,27.3425,67.8487,0,100,92,71,1455,3504,1.98251,0,14.8859,7.33323,0,3400,64373552601
37.5529,26.6291,67.8487,0,100,92,71,1455,3504,1.98251,0,14.8859,7.33323,0,3400,64400182625
35.7636,27.9614,67.8487,0,100,92,71,1455,3504,1.98251,0,14.8859,7.33323,0,3400,64428145380
27.5368,36.3151,67.8487,0,100,92,71,1455,3504,1.98251,0,14.8859,7.33323,0,3400,64464463452
43.6353,22.9172,67.8487,0,100,92,71,1455,3504,1.98251,0,14.8859,7.33323,0,3400,64487753503
42.3013,23.6399,72.1519,0,100,92,71,1475,3504,1.98509,0,14.8741,7.33128,0,3400,64511023196
32.0366,31.2143,72.1519,0,100,92,71,1475,3504,1.98509,0,14.8741,7.33128,0,3400,64542251509
41.8365,23.9026,72.1519,0,100,92,71,1475,3504,1.98509,0,14.8741,7.33128,0,3400,64566155084
32.3138,30.9466,72.1519,0,100,92,71,1475,3504,1.98509,0,14.8741,7.33128,0,3400,64597103623
40.0851,24.9469,72.1519,0,100,92,71,1475,3504,1.98509,0,14.8741,7.33128,0,3400,64622050105
34.3596,29.104,72.1519,0,100,92,71,1475,3504,1.98509,0,14.8741,7.33128,0,3400,64651159322
34.6018,28.9002,72.1519,0,100,92,71,1475,3504,1.98509,0,14.8741,7.33128,0,3400,64680059747
36.853,27.1348,72.1519,0,100,92,71,1475,3504,1.98509,0,14.8741,7.33128,0,3400,64707196242
38.6326,25.8849,72.1519,0,100,92,71,1475,3504,1.98509,0,14.8741,7.33128,0,3400,64733092128
23.9237,41.7996,72.1519,0,100,92,71,1475,3504,1.98509,0,14.8741,7.33128,0,3400,64774883865
79.0754,12.6462,72.1519,0,100,92,71,1475,3504,1.98509,0,14.8741,7.33128,0,3400,64787530830
33.8788,29.517,72.1519,0,100,92,71,1475,3504,1.98509,0,14.8741,7.33128,0,3400,64817049102
35.5034,28.1663,72.1519,0,100,92,71,1475,3504,1.98509,0,14.8741,7.33128,0,3400,64845215995
36.6801,27.2627,72.1519,0,100,92,71,1475,3504,1.98509,0,14.8741,7.33128,0,3400,64872480403
36.18,27.6396,72.1519,0,100,92,71,1475,3504,1.98509,0,14.8741,7.33128,0,3400,64900119981
34.5981,28.9033,72.1519,0,100,92,71,1475,3504,1.98509,0,14.8741,7.33128,0,3400,64929025536
25.8896,38.6256,72.1519,0,100,92,71,1475,3504,1.98509,0,14.8741,7.33128,0,3400,64967653084
52.8378,18.9258,72.1519,0,100,92,71,1475,3504,1.98509,0,14.8741,7.33128,0,3400,64986579600
30.2548,33.0526,72.1519,0,100,92,71,1475,3504,1.98509,0,14.8741,7.33128,0,3400,65019670461
36.7251,27.2293,70.892,0,100,91,71,1475,3504,1.98509,0,14.9178,7.32933,0,3400,65046866189
33.7027,29.6712,70.892,0,100,91,71,1475,3504,1.98509,0,14.9178,7.32933,0,3400,65076538951
36.7835,27.1861,70.892,0,100,91,71,1475,3504,1.98509,0,14.9178,7.32933,0,3400,65103725998
32.9103,30.3856,70.892,0,100,91,71,1475,3504,1.98509,0,14.9178,7.32933,0,3400,65134112349
38.0086,26.3098,70.892,0,100,91,71,1475,3504,1.98509,0,14.9178,7.32933,0,3400,65160424346
36.6851,27.259,70.892,0,100,91,71,1475,3504,1.98509,0,14.9178,7.32933,0,3400,65187684020
40.912,24.4427,70.892,0,100,91,71,1475,3504,1.98509,0,14.9178,7.32933,0,3400,65212128784
38.4994,25.9745,70.892,0,100,91,71,1475,3504,1.98509,0,14.9178,7.32933,0,3400,65238103707
30.9354,32.3254,70.892,0,100,91,71,1475,3504,1.98509,0,14.9178,7.32933,0,3400,65270433015
31.9592,31.2899,70.892,0,100,91,71,1475,3504,1.98509,0,14.9178,7.32933,0,3400,65301726315
41.2971,24.2148,70.892,0,100,91,71,1475,3504,1.98509,0,14.9178,7.32933,0,3400,65325940246
34.5051,28.9812,70.892,0,100,91,71,1475,3504,1.98509,0,14.9178,7.32933,0,3400,65354922117
32.045,31.2061,70.892,0,100,91,71,1475,3504,1.98509,0,14.9178,7.32933,0,3400,65386130008
41.5413,24.0724,70.892,0,100,91,71,1475,3504,1.98509,0,14.9178,7.32933,0,3400,65410204333
35.9743,27.7976,70.892,0,100,91,71,1475,3504,1.98509,0,14.9178,7.32933,0,3400,65438003513
28.8756,34.6313,70.892,0,100,91,71,1475,3504,1.98509,0,14.9178,7.32933,0,3400,65472640370
35.5088,28.162,70.892,0,100,91,71,1475,3504,1.98509,0,14.9178,7.32933,0,3400,65500801668
42.9965,23.2577,70.892,0,100,91,71,1475,3504,1.98509,0,14.9178,7.32933,0,3400,65524062666
35.525,28.1492,77,0,100,91,71,1477,3504,1.98594,0,14.954,7.32908,0,3400,65552209735
40.2211,24.8626,77,0,100,91,71,1477,3504,1.98594,0,14.954,7.32908,0,3400,65577075233
21.5806,46.338,77,0,100,91,71,1477,3504,1.98594,0,14.954,7.32908,0,3400,65623412362
24.4923,40.8292,77,0,100,91,71,1477,3504,1.98594,0,14.954,7.32908,0,3400,65664243110
23.6091,42.3566,77,0,100,91,71,1477,3504,1.98594,0,14.954,7.32908,0,3400,65706600819
27.7475,36.0393,77,0,100,91,71,1477,3504,1.98594,0,14.954,7.32908,0,3400,65742642422
25.4629,39.2728,77,0,100,91,71,1477,3504,1.98594,0,14.954,7.32908,0,3400,65781981160
37.8146,26.4448,77,0,100,91,71,1477,3504,1.98594,0,14.954,7.32908,0,3400,65808360655
43.1083,23.1974,77,0,100,91,71,1477,3504,1.98594,0,14.954,7.32908,0,3400,65831560963
21.8752,45.7138,77,0,100,91,71,1477,3504,1.98594,0,14.954,7.32908,0,3400,65877275066
35.3857,28.26,77,0,100,91,71,1477,3504,1.98594,0,14.954,7.32908,0,3400,65905539717
45.3045,22.0728,77,0,100,91,71,1477,3504,1.98594,0,14.954,7.32908,0,3400,65927611616
45.0829,22.1813,77,0,100,91,71,1477,3504,1.98594,0,14.954,7.32908,0,3400,65949794359
30.6153,32.6634,77,0,100,91,71,1477,3504,1.98594,0,14.954,7.32908,0,3400,65982458470
30.7776,32.4911,77,0,100,91,71,1477,3504,1.98594,0,14.954,7.32908,0,3400,66014951408
40.6967,24.572,77,0,100,91,71,1477,3504,1.98594,0,14.954,7.32908,0,3400,66039529821
28.1627,35.508,68.1818,0,100,89,72,1478,3504,1.98622,0,14.9655,7.32786,0,3400,66075033878
65.0458,15.3738,68.1818,0,100,89,72,1478,3504,1.98622,0,14.9655,7.32786,0,3400,66090409015
45.5182,21.9692,68.1818,0,100,89,72,1478,3504,1.98622,0,14.9655,7.32786,0,3400,66112379333
33.9854,29.4244,68.1818,0,100,89,72,1478,3504,1.98622,0,14.9655,7.32786,0,3400,66141818728
37.2969,26.8119,68.1818,0,100,89,72,1478,3504,1.98622,0,14.9655,7.32786,0,3400,66168618501
38.2728,26.1282,68.1818,0,100,89,72,1478,3504,1.98622,0,14.9655,7.32786,0,3400,66194747410
35.9208,27.839,68.1818,0,100,89,72,1478,3504,1.98622,0,14.9655,7.32786,0,3400,66222587428
39.8571,25.0896,68.1818,0,100,89,72,1478,3504,1.98622,0,14.9655,7.32786,0,3400,66247679421
34.1313,29.2986,68.1818,0,100,89,72,1478,3504,1.98622,0,14.9655,7.32786,0,3400,66276978633
37.8459,26.4229,68.1818,0,100,89,72,1478,3504,1.98622,0,14.9655,7.32786,0,3400,66303403845
28.1307,35.5484,68.1818,0,100,89,72,1478,3504,1.98622,0,14.9655,7.32786,0,3400,66338953935
40.8025,24.5083,68.1818,0,100,89,72,1478,3504,1.98622,0,14.9655,7.32786,0,3400,66363462301
30.863,32.4012,68.1818,0,100,89,72,1478,3504,1.98622,0,14.9655,7.32786,0,3400,66395864385
42.4585,23.5524,68.1818,0,100,89,72,1478,3504,1.98622,0,14.9655,7.32786,0,3400,66419418312
1.58427,631.206,68.1818,0,100,89,72,1478,3504,1.98622,0,14.9655,7.32786,0,3400,67050633011
135.012,7.40672,63.3962,0,60,91,70,1582,3504,1.98666,0,15.0322,7.32762,0,3485,67058033872
33.3362,29.9974,63.3962,0,60,91,70,1582,3504,1.98666,0,15.0322,7.32762,0,3485,67088034174
26.6315,37.5495,63.3962,0,60,91,70,1582,3504,1.98666,0,15.0322,7.32762,0,3485,67125588773
70.9631,14.0918,63.3962,0,60,91,70,1582,3504,1.98666,0,15.0322,7.32762,0,3485,67139681115
33.8198,29.5685,63.3962,0,60,91,70,1582,3504,1.98666,0,15.0322,7.32762,0,3485,67169250386
36.8947,27.1042,63.3962,0,60,91,70,1582,3504,1.98666,0,15.0322,7.32762,0,3485,67196356409
39.5668,25.2737,63.3962,0,60,91,70,1582,3504,1.98666,0,15.0322,7.32762,0,3485,67221633155
8.43698,118.526,63.3962,0,60,91,70,1582,3504,1.98666,0,15.0322,7.32762,0,3485,67340161180
111.781,8.9461,63.3962,0,60,91,70,1582,3504,1.98666,0,15.0322,7.32762,0,3485,67349107045
32.7651,30.5203,63.3962,0,60,91,70,1582,3504,1.98666,0,15.0322,7.32762,0,3485,67379627675
20.291,49.2829,63.3962,0,60,91,70,1582,3504,1.98666,0,15.0322,7.32762,0,3485,67428912521
86.2695,11.5916,63.3962,0,60,91,70,1582,3504,1.98666,0,15.0322,7.32762,0,3485,67440503779
34.9986,28.5725,63.3962,0,60,91,70,1582,3504,1.98666,0,15.0322,7.32762,0,3485,67469081157
40.1905,24.8815,63.3962,0,60,91,70,1582,3504,1.98666,0,15.0322,7.32762,0,3485,67493961489
49.1259,20.3559,63.3962,0,60,91,70,1582,3504,1.98666,0,15.0322,7.32762,0,3485,67514318574
34.0448,29.373,63.3962,0,60,91,70,1582,3504,1.98666,0,15.0322,7.32762,0,3485,67543693279
36.4748,27.4162,63.3962,0,60,91,70,1582,3504,1.98666,0,15.0322,7.32762,0,3485,67571115212
37.1169,26.9419,75.6219,0,29,91,70,1634,3504,1.98746,0,15.0693,7.32713,0,3400,67598054090
35.9613,27.8077,75.6219,0,29,91,70,1634,3504,1.98746,0,15.0693,7.32713,0,3400,67625862582
36.3661,27.4981,75.6219,0,29,91,70,1634,3504,1.98746,0,15.0693,7.32713,0,3400,67653362441
36.5266,27.3773,75.6219,0,29,91,70,1634,3504,1.98746,0,15.0693,7.32713,0,3400,67680746152
34.2813,29.1704,75.6219,0,29,91,70,1634,3504,1.98746,0,15.0693,7.32713,0,3400,67709916788
36.4805,27.4119,75.6219,0,29,91,70,1634,3504,1.98746,0,15.0693,7.32713,0,3400,67737334201
38.4834,25.9852,75.6219,0,29,91,70,1634,3504,1.98746,0,15.0693,7.32713,0,3400,67763316503
36.684,27.2599,75.6219,0,29,91,70,1634,3504,1.98746,0,15.0693,7.32713,0,3400,67790577259
33.6091,29.7538,75.6219,0,29,91,70,1634,3504,1.98746,0,15.0693,7.32713,0,3400,67820333491
40.5395,24.6673,75.6219,0,29,91,70,1634,3504,1.98746,0,15.0693,7.32713,0,3400,67845000772
37.1382,26.9264,75.6219,0,29,91,70,1634,3504,1.98746,0,15.0693,7.32713,0,3400,67871928825
34.8262,28.714,75.6219,0,29,91,70,1634,3504,1.98746,0,15.0693,7.32713,0,3400,67900644686
34.8281,28.7124,75.6219,0,29,91,70,1634,3504,1.98746,0,15.0693,7.32713,0,3400,67929359491
32.9074,30.3883,75.6219,0,29,91,70,1634,3504,1.98746,0,15.0693,7.32713,0,3400,67959749239
38.0663,26.2699,75.6219,0,29,91,70,1634,3504,1.98746,0,15.0693,7.32713,0,3400,67986019440
36.1685,27.6484,75.6219,0,29,91,70,1634,3504,1.98746,0,15.0693,7.32713,0,3400,68013669483
36.3926,27.4781,75.6219,0,29,91,70,1634,3504,1.98746,0,15.0693,7.32713,0,3400,68041149130
38.0802,26.2604,75.6219,0,29,91,70,1634,3504,1.98746,0,15.0693,7.32713,0,3400,68067414165
36.3404,27.5176,75.6219,0,29,91,70,1634,3504,1.98746,0,15.0693,7.32713,0,3400,68094932482
38.644,25.8773,65.4501,0,95,89,72,1598,3504,2.00889,0,15.091,7.32713,0,3403,68120808429
35.8872,27.8651,65.4501,0,95,89,72,1598,3504,2.00889,0,15.091,7.32713,0,3403,68148674761
35.4898,28.1771,65.4501,0,95,89,72,1598,3504,2.00889,0,15.091,7.32713,0,3403,68176854139
36.7142,27.2374,65.4501,0,95,89,72,1598,3504,2.00889,0,15.091,7.32713,0,3403,68204091274
39.6688,25.2087,65.4501,0,95,89,72,1598,3504,2.00889,0,15.091,7.32713,0,3403,68229301383
33.8725,29.5225,65.4501,0,95,89,72,1598,3504,2.00889,0,15.091,7.32713,0,3403,68258825357
40.4436,24.7258,65.4501,0,95,89,72,1598,3504,2.00889,0,15.091,7.32713,0,3403,68283550944
35.5461,28.1325,65.4501,0,95,89,72,1598,3504,2.00889,0,15.091,7.32713,0,3403,68311696705
30.481,32.8073,65.4501,0,95,89,72,1598,3504,2.00889,0,15.091,7.32713,0,3403,68344493490
38.4024,26.04,65.4501,0,95,89,72,1598,3504,2.00889,0,15.091,7.32713,0,3403,68370534033
38.608,25.9014,65.4501,0,95,89,72,1598,3504,2.00889,0,15.091,7.32713,0,3403,68396436689
38.0816,26.2594,65.4501,0,95,89,72,1598,3504,2.00889,0,15.091,7.32713,0,3403,68422701164
36.1508,27.6619,65.4501,0,95,89,72,1598,3504,2.00889,0,15.091,7.32713,0,3403,68450362237
35.7967,27.9355,65.4501,0,95,89,72,1598,3504,2.00889,0,15.091,7.32713,0,3403,68478298907
33.8784,29.5173,65.4501,0,95,89,72,1598,3504,2.00889,0,15.091,7.32713,0,3403,68507817938
35.3412,28.2956,65.4501,0,95,89,72,1598,3504,2.00889,0,15.091,7.32713,0,3403,68536115534
47.4575,21.0715,65.4501,0,95,89,72,1598,3504,2.00889,0,15.091,7.32713,0,3403,68557188878
44.8928,22.2753,65.4501,0,95,89,72,1598,3504,2.00889,0,15.091,7.32713,0,3403,68579466004
36.6329,27.2979,65.4501,0,95,89,72,1598,3504,2.00889,0,15.091,7.32713,0,3403,68606768518
35.9674,27.803,72.4816,0,95,89,72,1598,3504,2.00889,0,14.9161,7.37425,0,3424,68634570883
38.1703,26.1984,72.4816,0,95,89,72,1598,3504,2.00889,0,14.9161,7.37425,0,3424,68660770180
34.4919,28.9923,72.4816,0,95,89,72,1598,3504,2.00889,0,14.9161,7.37425,0,3424,68689763671
40.0052,24.9968,72.4816,0,95,89,72,1598,3504,2.00889,0,14.9161,7.37425,0,3424,68714760797
36.8696,27.1226,72.4816,0,95,89,72,1598,3504,2.00889,0,14.9161,7.37425,0,3424,68741885309
38.9015,25.706,72.4816,0,95,89,72,1598,3504,2.00889,0,14.9161,7.37425,0,3424,68767597271
34.6302,28.8765,72.4816,0,95,89,72,1598,3504,2.00889,0,14.9161,7.37425,0,3424,68796474006
28.7922,34.7316,72.4816,0,95,89,72,1598,3504,2.00889,0,14.9161,7.37425,0,3424,68831204985
11.7599,85.035,72.4816,0,95,89,72,1598,3504,2.00889,0,14.9161,7.37425,0,3424,68916241893
41.2804,24.2246,72.4816,0,95,89,72,1598,3504,2.00889,0,14.9161,7.37425,0,3424,68940466731
45.0396,22.2027,72.4816,0,95,89,72,1598,3504,2.00889,0,14.9161,7.37425,0,3424,68962677608
35.0254,28.5507,72.4816,0,95,89,72,1598,3504,2.00889,0,14.9161,7.37425,0,3424,68991227550
55.819,17.9151,72.4816,0,95,89,72,1598,3504,2.00889,0,14.9161,7.37425,0,3424,69009141669
41.2057,24.2685,72.4816,0,95,89,72,1598,3504,2.00889,0,14.9161,7.37425,0,3424,69033411260
35.2717,28.3513,72.4816,0,95,89,72,1598,3504,2.00889,0,14.9161,7.37425,0,3424,69063014301
42.8809,23.3204,72.4816,0,95,89,72,1598,3504,2.00889,0,14.9161,7.37425,0,3424,69085085941
34.8777,28.6717,72.4816,0,95,89,72,1598,3504,2.00889,0,14.9161,7.37425,0,3424,69113771273
47.8212,20.9112,67.734,0,100,91,73,1594,3504,2.03056,0,14.9615,7.37425,0,3400,69134674074
33.8995,29.499,67.734,0,100,91,73,1594,3504,2.03056,0,14.9615,7.37425,0,3400,69164173566
15.3251,65.2526,67.734,0,100,91,73,1594,3504,2.03056,0,14.9615,7.37425,0,3400,69229426282
109.855,9.1029,67.734,0,100,91,73,1594,3504,2.03056,0,14.9615,7.37425,0,3400,69238530500
34.5333,28.9575,67.734,0,100,91,73,1594,3504,2.03056,0,14.9615,7.37425,0,3400,69267488846
40.7365,24.548,67.734,0,100,91,73,1594,3504,2.03056,0,14.9615,7.37425,0,3400,69292039614
41.0787,24.3435,67.734,0,100,91,73,1594,3504,2.03056,0,14.9615,7.37425,0,3400,69316383555
36.852,27.1356,67.734,0,100,91,73,1594,3504,2.03056,0,14.9615,7.37425,0,3400,69343520382
38.5125,25.9656,67.734,0,100,91,73,1594,3504,2.03056,0,14.9615,7.37425,0,3400,69369487841
38.3577,26.0704,67.734,0,100,91,73,1594,3504,2.03056,0,14.9615,7.37425,0,3400,69395558051
39.2354,25.4872,67.734,0,100,91,73,1594,3504,2.03056,0,14.9615,7.37425,0,3400,69421053938
42.2935,23.6443,67.734,0,100,91,73,1594,3504,2.03056,0,14.9615,7.37425,0,3400,69444699851
37.2945,26.8136,67.734,0,100,91,73,1594,3504,2.03056,0,14.9615,7.37425,0,3400,69471513899
38.6449,25.8766,67.734,0,100,91,73,1594,3504,2.03056,0,14.9615,7.37425,0,3400,69497393062
38.1312,26.2253,67.734,0,100,91,73,1594,3504,2.03056,0,14.9615,7.37425,0,3400,69523618068
37.7414,26.4961,67.734,0,100,91,73,1594,3504,2.03056,0,14.9615,7.37425,0,3400,69550115623
37.5761,26.6126,67.734,0,100,91,73,1594,3504,2.03056,0,14.9615,7.37425,0,3400,69576729338
38.4354,26.0177,67.734,0,100,91,73,1594,3504,2.03056,0,14.9615,7.37425,0,3400,69602748698
35.8835,27.8679,67.734,0,100,91,73,1594,3504,2.03056,0,14.9615,7.37425,0,3400,69630622338
41.9739,23.8244,65.5941,0,91,91,72,1594,3504,2.10567,0,14.9833,7.37425,0,3400,69654446449
39.4438,25.3525,65.5941,0,91,91,72,1594,3504,2.10567,0,14.9833,7.37425,0,3400,69679797602
38.0172,26.3039,65.5941,0,91,91,72,1594,3504,2.10567,0,14.9833,7.37425,0,3400,69706102781
39.1352,25.5525,65.5941,0,91,91,72,1594,3504,2.10567,0,14.9833,7.37425,0,3400,69731657006
36.8838,27.1122,65.5941,0,91,91,72,1594,3504,2.10567,0,14.9833,7.37425,0,3400,69758769896
38.7821,25.7851,65.5941,0,91,91,72,1594,3504,2.10567,0,14.9833,7.37425,0,3400,69784556830
37.3996,26.7382,65.5941,0,91,91,72,1594,3504,2.10567,0,14.9833,7.37425,0,3400,69811295935
34.7847,28.7483,65.5941,0,91,91,72,1594,3504,2.10567,0,14.9833,7.37425,0,3400,69840045842
43.9358,22.7605,65.5941,0,91,91,72,1594,3504,2.10567,0,14.9833,7.37425,0,3400,69862811821
36.542,27.3658,65.5941,0,91,91,72,1594,3504,2.10567,0,14.9833,7.37425,0,3400,69890176367
39.7132,25.1805,65.5941,0,91,91,72,1594,3504,2.10567,0,14.9833,7.37425,0,3400,69915357514
38.582,25.9188,65.5941,0,91,91,72,1594,3504,2.10567,0,14.9833,7.37425,0,3400,69941278523
31.9626,31.2865,65.5941,0,91,91,72,1594,3504,2.10567,0,14.9833,7.37425,0,3400,69972566150
37.4675,26.6898,65.5941,0,91,91,72,1594,3504,2.10567,0,14.9833,7.37425,0,3400,69999257393
36.4625,27.4255,65.5941,0,91,91,72,1594,3504,2.10567,0,14.9833,7.37425,0,3400,70026683762
42.196,23.6989,65.5941,0,91,91,72,1594,3504,2.10567,0,14.9833,7.37425,0,3400,70050384142
42.9503,23.2827,65.5941,0,91,91,72,1594,3504,2.10567,0,14.9833,7.37425,0,3400,70073669083
35.1185,28.475,65.5941,0,91,91,72,1594,3504,2.10567,0,14.9833,7.37425,0,3400,70102145962
41.5186,24.0856,65.5941,0,91,91,72,1594,3504,2.10567,0,14.9833,7.37425,0,3400,70126232739
41.0297,24.3726,65.5941,0,91,91,72,1594,3504,2.10567,0,14.9833,7.37425,0,3400,70150610015
37.4158,26.7267,74.3341,0,96,93,73,1666,3504,2.12865,0,14.9988,7.37425,0,3400,70177334899
42.0638,23.7734,74.3341,0,96,93,73,1666,3504,2.12865,0,14.9988,7.37425,0,3400,70201108944
35.9683,27.8023,74.3341,0,96,93,73,1666,3504,2.12865,0,14.9988,7.37425,0,3400,70228911545
40.35,24.7831,74.3341,0,96,93,73,1666,3504,2.12865,0,14.9988,7.37425,0,3400,70253696220
37.8346,26.4308,74.3341,0,96,93,73,1666,3504,2.12865,0,14.9988,7.37425,0,3400,70280128055
38.3326,26.0875,74.3341,0,96,93,73,1666,3504,2.12865,0,14.9988,7.37425,0,3400,70306217687
39.6891,25.1959,74.3341,0,96,93,73,1666,3504,2.12865,0,14.9988,7.37425,0,3400,70331415371
35.9569,27.8111,74.3341,0,96,93,73,1666,3504,2.12865,0,14.9988,7.37425,0,3400,70359226651
38.785,25.7831,74.3341,0,96,93,73,1666,3504,2.12865,0,14.9988,7.37425,0,3400,70385012010
38.928,25.6885,74.3341,0,96,93,73,1666,3504,2.12865,0,14.9988,7.37425,0,3400,70410700826
39.4726,25.3341,74.3341,0,96,93,73,1666,3504,2.12865,0,14.9988,7.37425,0,3400,70436036268
35.1329,28.4633,74.3341,0,96,93,73,1666,3504,2.12865,0,14.9988,7.37425,0,3400,70464500563
43.6692,22.8994,74.3341,0,96,93,73,1666,3504,2.12865,0,14.9988,7.37425,0,3400,70487601189
33.4139,29.9277,74.3341,0,96,93,73,1666,3504,2.12865,0,14.9988,7.37425,0,3400,70517530407
37.7991,26.4557,74.3341,0,96,93,73,1666,3504,2.12865,0,14.9988,7.37425,0,3400,70543986742
39.5266,25.2994,74.3341,0,96,93,73,1666,3504,2.12865,0,14.9988,7.37425,0,3400,70569287356
31.2364,32.0139,74.3341,0,96,93,73,1666,3504,2.12865,0,14.9988,7.37425,0,3400,70601301800
45.4407,22.0067,74.3341,0,96,93,73,1666,3504,2.12865,0,14.9988,7.37425,0,3400,70623310529
41.0519,24.3594,74.3341,0,96,93,73,1666,3504,2.12865,0,14.9988,7.37425,0,3400,70647671807
39.8468,25.0961,74.3341,0,96,93,73,1666,3504,2.12865,0,14.9988,7.37425,0,3400,70672770103
33.5271,29.8266,65.1442,0,100,93,75,1677,3504,2.14473,0,15.0457,7.37425,0,3400,70702596482
49.0176,20.4008,65.1442,0,100,93,75,1677,3504,2.14473,0,15.0457,7.37425,0,3400,70722998237
39.2307,25.4903,65.1442,0,100,93,75,1677,3504,2.14473,0,15.0457,7.37425,0,3400,70748488884
41.1561,24.2978,65.1442,0,100,93,75,1677,3504,2.14473,0,15.0457,7.37425,0,3400,70772788160
37.5263,26.648,65.1442,0,100,93,75,1677,3504,2.14473,0,15.0457,7.37425,0,3400,70799437317
37.2245,26.864,65.1442,0,100,93,75,1677,3504,2.14473,0,15.0457,7.37425,0,3400,70826301522
42.5442,23.505,65.1442,0,100,93,75,1677,3504,2.14473,0,15.0457,7.37425,0,3400,70849808207
40.3253,24.7983,65.1442,0,100,93,75,1677,3504,2.14473,0,15.0457,7.37425,0,3400,70874608161
33.8439,29.5474,65.1442,0,100,93,75,1677,3504,2.14473,0,15.0457,7.37425,0,3400,70904155921
47.237,21.1699,65.1442,0,100,93,75,1677,3504,2.14473,0,15.0457,7.37425,0,3400,70925327599
34.3347,29.1251,65.1442,0,100,93,75,1677,3504,2.14473,0,15.0457,7.37425,0,3400,70954454179
42.348,23.6139,65.1442,0,100,93,75,1677,3504,2.14473,0,15.0457,7.37425,0,3400,70978070824
36.2502,27.586,65.1442,0,100,93,75,1677,3504,2.14473,0,15.0457,7.37425,0,3400,71005658305
37.3705,26.759,65.1442,0,100,93,75,1677,3504,2.14473,0,15.0457,7.37425,0,3400,71032418241
42.8273,23.3496,65.1442,0,100,93,75,1677,3504,2.14473,0,15.0457,7.37425,0,3400,71055768672
36.3326,27.5235,65.1442,0,100,93,75,1677,3504,2.14473,0,15.0457,7.37425,0,3400,71083293190
42.754,23.3896,65.1442,0,100,93,75,1677,3504,2.14473,0,15.0457,7.37425,0,3400,71106683319
38.9972,25.6429,65.1442,0,100,93,75,1677,3504,2.14473,0,15.0457,7.37425,0,3400,71132327717
35.4657,28.1962,65.1442,0,100,93,75,1677,3504,2.14473,0,15.0457,7.37425,0,3400,71160525330
43.2827,23.1039,65.1442,0,100,93,75,1677,3504,2.14473,0,15.0457,7.37425,0,3400,71183636131
38.6784,25.8542,59.322,0,100,86,75,1670,3504,2.14572,0,15.0754,7.37425,0,3400,71209485788
37.8202,26.4409,59.322,0,100,86,75,1670,3504,2.14572,0,15.0754,7.37425,0,3400,71235928494
40.7708,24.5274,59.322,0,100,86,75,1670,3504,2.14572,0,15.0754,7.37425,0,3400,71260456871
40.3069,24.8096,59.322,0,100,86,75,1670,3504,2.14572,0,15.0754,7.37425,0,3400,71285268096
39.6762,25.204,59.322,0,100,86,75,1670,3504,2.14572,0,15.0754,7.37425,0,3400,71310473236
37.5624,26.6223,59.322,0,100,86,75,1670,3504,2.14572,0,15.0754,7.37425,0,3400,71337097226
38.8005,25.7729,59.322,0,100,86,75,1670,3504,2.14572,0,15.0754,7.37425,0,3400,71362871062
37.4863,26.6764,59.322,0,100,86,75,1670,3504,2.14572,0,15.0754,7.37425,0,3400,71389549249
41.6676,23.9995,59.322,0,100,86,75,1670,3504,2.14572,0,15.0754,7.37425,0,3400,71413550107
39.3865,25.3894,59.322,0,100,86,75,1670,3504,2.14572,0,15.0754,7.37425,0,3400,71438944052
40.1787,24.8888,59.322,0,100,86,75,1670,3504,2.14572,0,15.0754,7.37425,0,3400,71463831504
37.9987,26.3167,59.322,0,100,86,75,1670,3504,2.14572,0,15.0754,7.37425,0,3400,71490150215
43.9984,22.7281,59.322,0,100,86,75,1670,3504,2.14572,0,15.0754,7.37425,0,3400,71512880542
34.0149,29.3989,59.322,0,100,86,75,1670,3504,2.14572,0,15.0754,7.37425,0,3400,71542279817
40.9589,24.4147,59.322,0,100,86,75,1670,3504,2.14572,0,15.0754,7.37425,0,3400,71566696456
38.1149,26.2364,59.322,0,100,86,75,1670,3504,2.14572,0,15.0754,7.37425,0,3400,71592933533
37.7495,26.4904,59.322,0,100,86,75,1670,3504,2.14572,0,15.0754,7.37425,0,3400,71619426325
36.1255,27.6812,59.322,0,100,86,75,1670,3504,2.14572,0,15.0754,7.37425,0,3400,71647107562
41.9818,23.8198,59.322,0,100,86,75,1670,3504,2.14572,0,15.0754,7.37425,0,3400,71670929251
40.2299,24.8572,59.322,0,100,86,75,1670,3504,2.14572,0,15.0754,7.37425,0,3400,71695795012
38.1334,26.2237,58.1509,0,100,86,75,1670,3504,2.14575,0,15.098,7.37425,0,3400,71722012623
43.4164,23.0328,58.1509,0,100,86,75,1670,3504,2.14575,0,15.098,7.37425,0,3400,71745046648
29.5208,33.8744,58.1509,0,100,86,75,1670,3504,2.14575,0,15.098,7.37425,0,3400,71778923298
50.2876,19.8856,58.1509,0,100,86,75,1670,3504,2.14575,0,15.098,7.37425,0,3400,71798808412
40.7705,24.5275,58.1509,0,100,86,75,1670,3504,2.14575,0,15.098,7.37425,0,3400,71823337364
42.8481,23.3383,58.1509,0,100,86,75,1670,3504,2.14575,0,15.098,7.37425,0,3400,71846676716
37.7556,26.4861,58.1509,0,100,86,75,1670,3504,2.14575,0,15.098,7.37425,0,3400,71873164696
11.4672,87.2051,58.1509,0,100,86,75,1670,3504,2.14575,0,15.098,7.37425,0,3400,71960370640
120.41,8.30493,58.1509,0,100,86,75,1670,3504,2.14575,0,15.098,7.37425,0,3400,71968675382
33.615,29.7486,58.1509,0,100,86,75,1670,3504,2.14575,0,15.098,7.37425,0,3400,71998426442
45.8494,21.8105,58.1509,0,100,86,75,1670,3504,2.14575,0,15.098,7.37425,0,3400,72020238424
39.2715,25.4638,58.1509,0,100,86,75,1670,3504,2.14575,0,15.098,7.37425,0,3400,72045702266
32.4044,30.86,58.1509,0,100,86,75,1670,3504,2.14575,0,15.098,7.37425,0,3400,72076564082
46.2695,21.6125,58.1509,0,100,86,75,1670,3504,2.14575,0,15.098,7.37425,0,3400,72098177106
45.1507,22.148,58.1509,0,100,86,75,1670,3504,2.14575,0,15.098,7.37425,0,3400,72120326755
30.5501,32.7331,58.1509,0,100,86,75,1670,3504,2.14575,0,15.098,7.37425,0,3400,72153061792
44.7866,22.3281,58.1509,0,100,86,75,1670,3504,2.14575,0,15.098,7.37425,0,3400,72175390689
37.0914,26.9605,58.1509,0,100,86,75,1670,3504,2.14575,0,15.098,7.37425,0,3400,72202359144
40.348,24.7843,69.0594,0,100,89,75,1670,3504,2.14575,0,14.9895,7.36033,0,3400,72227138231
40.1974,24.8773,69.0594,0,100,89,75,1670,3504,2.14575,0,14.9895,7.36033,0,3400,72252017397
45.5344,21.9614,69.0594,0,100,89,75,1670,3504,2.14575,0,14.9895,7.36033,0,3400,72273980605
37.1005,26.9538,69.0594,0,100,89,75,1670,3504,2.14575,0,14.9895,7.36033,0,3400,72300935598
42.4784,23.5414,69.0594,0,100,89,75,1670,3504,2.14575,0,14.9895,7.36033,0,3400,72324477462
42.0028,23.8079,69.0594,0,100,89,75,1670,3504,2.14575,0,14.9895,7.36033,0,3400,72348286526
36.9341,27.0752,69.0594,0,100,89,75,1670,3504,2.14575,0,14.9895,7.36033,0,3400,72375363903
41.7853,23.9319,69.0594,0,100,89,75,1670,3504,2.14575,0,14.9895,7.36033,0,3400,72399296468
38.2836,26.1209,69.0594,0,100,89,75,1670,3504,2.14575,0,14.9895,7.36033,0,3400,72425417684
38.7773,25.7883,69.0594,0,100,89,75,1670,3504,2.14575,0,14.9895,7.36033,0,3400,72451208741
41.0259,24.3748,69.0594,0,100,89,75,1670,3504,2.14575,0,14.9895,7.36033,0,3400,72475583535
37.7045,26.522,69.0594,0,100,89,75,1670,3504,2.14575,0,14.9895,7.36033,0,3400,72502107293
39.6004,25.2523,69.0594,0,100,89,75,1670,3504,2.14575,0,14.9895,7.36033,0,3400,72527361836
42.3765,23.598,69.0594,0,100,89,75,1670,3504,2.14575,0,14.9895,7.36033,0,3400,72550960326
38.7311,25.8191,69.0594,0,100,89,75,1670,3504,2.14575,0,14.9895,7.36033,0,3400,72576780466
41.2493,24.2429,69.0594,0,100,89,75,1670,3504,2.14575,0,14.9895,7.36033,0,3400,72601025033
37.7661,26.4788,69.0594,0,100,89,75,1670,3504,2.14575,0,14.9895,7.36033,0,3400,72627505017
40.3574,24.7786,69.0594,0,100,89,75,1670,3504,2.14575,0,14.9895,7.36033,0,3400,72652284330
35.9745,27.7974,69.0594,0,100,89,75,1670,3504,2.14575,0,14.9895,7.36033,0,3400,72680082683
42.6885,23.4255,69.0594,0,100,89,75,1670,3504,2.14575,0,14.9895,7.36033,0,3400,72703511218
35.0683,28.5157,62.7204,0,93,89,74,1671,3504,2.14575,0,15.0381,7.35203,0,3400,72732027163
48.589,20.5808,62.7204,0,93,89,74,1671,3504,2.14575,0,15.0381,7.35203,0,3400,72752609570
37.2381,26.8542,62.7204,0,93,89,74,1671,3504,2.14575,0,15.0381,7.35203,0,3400,72779463845
32.9575,30.3421,62.7204,0,93,89,74,1671,3504,2.14575,0,15.0381,7.35203,0,3400,72809806836
38.1691,26.1992,62.7204,0,93,89,74,1671,3504,2.14575,0,15.0381,7.35203,0,3400,72836008610
41.3831,24.1644,62.7204,0,93,89,74,1671,3504,2.14575,0,15.0381,7.35203,0,3400,72860173184
38.5981,25.908,62.7204,0,93,89,74,1671,3504,2.14575,0,15.0381,7.35203,0,3400,72886082632
34.6481,28.8616,62.7204,0,93,89,74,1671,3504,2.14575,0,15.0381,7.35203,0,3400,72914946383
38.3726,26.0602,62.7204,0,93,89,74,1671,3504,2.14575,0,15.0381,7.35203,0,3400,72941007472
35.8122,27.9235,62.7204,0,93,89,74,1671,3504,2.14575,0,15.0381,7.35203,0,3400,72968931973
36.7149,27.2369,62.7204,0,93,89,74,1671,3504,2.14575,0,15.0381,7.35203,0,3400,72996170707
34.8668,28.6806,62.7204,0,93,89,74,1671,3504,2.14575,0,15.0381,7.35203,0,3400,73024852889
34.28,29.1715,62.7204,0,93,89,74,1671,3504,2.14575,0,15.0381,7.35203,0,3400,73054030815
34.2,29.2397,62.7204,0,93,89,74,1671,3504,2.14575,0,15.0381,7.35203,0,3400,73083269147
36.6251,27.3037,62.7204,0,93,89,74,1671,3504,2.14575,0,15.0381,7.35203,0,3400,73110573734
23.3945,42.7451,62.7204,0,93,89,74,1671,3504,2.14575,0,15.0381,7.35203,0,3400,73153319613
46.4765,21.5163,62.7204,0,93,89,74,1671,3504,2.14575,0,15.0381,7.35203,0,3400,73174836643
32.0971,31.1554,62.7204,0,93,89,74,1671,3504,2.14575,0,15.0381,7.35203,0,3400,73206019058
32.8381,30.4524,62.5616,0,100,83,75,1685,3504,2.14575,0,15.0367,7.35008,0,1743,73236447157
34.2796,29.1719,62.5616,0,100,83,75,1685,3504,2.14575,0,15.0367,7.35008,0,1743,73265620372
30.4761,32.8126,62.5616,0,100,83,75,1685,3504,2.14575,0,15.0367,7.35008,0,1743,73298598312
50.055,19.978,62.5616,0,100,83,75,1685,3504,2.14575,0,15.0367,7.35008,0,1743,73318577159
22.2692,44.9051,62.5616,0,100,83,75,1685,3504,2.14575,0,15.0367,7.35008,0,1743,73363505301
41.9155,23.8575,62.5616,0,100,83,75,1685,3504,2.14575,0,15.0367,7.35008,0,1743,73387364549
39.6939,25.1928,62.5616,0,100,83,75,1685,3504,2.14575,0,15.0367,7.35008,0,1743,73412557658
37.6497,26.5607,62.5616,0,100,83,75,1685,3504,2.14575,0,15.0367,7.35008,0,1743,73439096758
26.3021,38.0198,62.5616,0,100,83,75,1685,3504,2.14575,0,15.0367,7.35008,0,1743,73477118514
54.3761,18.3904,62.5616,0,100,83,75,1685,3504,2.14575,0,15.0367,7.35008,0,1743,73495523287
35.3346,28.3009,62.5616,0,100,83,75,1685,3504,2.14575,0,15.0367,7.35008,0,1743,73523825977
26.663,37.5052,62.5616,0,100,83,75,1685,3504,2.14575,0,15.0367,7.35008,0,1743,73561368579
53.145,18.8165,62.5616,0,100,83,75,1685,3504,2.14575,0,15.0367,7.35008,0,1743,73580163193
26.7389,37.3987,62.5616,0,100,83,75,1685,3504,2.14575,0,15.0367,7.35008,0,1743,73617563451
61.6943,16.2089,62.5616,0,100,83,75,1685,3504,2.14575,0,15.0367,7.35008,0,1743,73633775280
29.1605,34.293,62.5616,0,100,83,75,1685,3504,2.14575,0,15.0367,7.35008,0,1743,73668068728
30.8989,32.3636,62.5616,0,100,83,75,1685,3504,2.14575,0,15.0367,7.35008,0,1743,73700454889
38.5176,25.9622,62.5616,0,100,83,75,1685,3504,2.14575,0,15.0367,7.35008,0,1743,73726400695
27.898,35.8449,82.4257,0,100,83,73,1449,3504,2.14575,0,15.0307,7.34935,0,1769,73762243693
48.8519,20.47,82.4257,0,100,83,73,1449,3504,2.14575,0,15.0307,7.34935,0,1769,73782715830
27.4844,36.3843,82.4257,0,100,83,73,1449,3504,2.14575,0,15.0307,7.34935,0,1769,73819101276
39.8891,25.0695,82.4257,0,100,83,73,1449,3504,2.14575,0,15.0307,7.34935,0,1769,73844193041
30.4955,32.7917,82.4257,0,100,83,73,1449,3504,2.14575,0,15.0307,7.34935,0,1769,73877008613
50.2017,19.9196,82.4257,0,100,83,73,1449,3504,2.14575,0,15.0307,7.34935,0,1769,73896928886
38.6927,25.8447,82.4257,0,100,83,73,1449,3504,2.14575,0,15.0307,7.34935,0,1769,73922774819
28.3026,35.3324,82.4257,0,100,83,73,1449,3504,2.14575,0,15.0307,7.34935,0,1769,73958108687
34.9728,28.5937,82.4257,0,100,83,73,1449,3504,2.14575,0,15.0307,7.34935,0,1769,73986702649
34.2369,29.2083,82.4257,0,100,83,73,1449,3504,2.14575,0,15.0307,7.34935,0,1769,74015912088
49.0201,20.3998,82.4257,0,100,83,73,1449,3504,2.14575,0,15.0307,7.34935,0,1769,74036292607
34.4604,29.0188,82.4257,0,100,83,73,1449,3504,2.14575,0,15.0307,7.34935,0,1769,74065333639
35.4262,28.2277,82.4257,0,100,83,73,1449,3504,2.14575,0,15.0307,7.34935,0,1769,74093547902
35.4829,28.1826,82.4257,0,100,83,73,1449,3504,2.14575,0,15.0307,7.34935,0,1769,74121725064
40.9208,24.4375,82.4257,0,100,83,73,1449,3504,2.14575,0,15.0307,7.34935,0,1769,74146165071
30.2314,33.0782,82.4257,0,100,83,73,1449,3504,2.14575,0,15.0307,7.34935,0,1769,74179244001
38.8521,25.7386,82.4257,0,100,83,73,1449,3504,2.14575,0,15.0307,7.34935,0,1769,74205005942
35.5163,28.1561,82.4257,0,100,83,73,1449,3504,2.14575,0,15.0307,7.34935,0,1769,74233186372
32.551,30.721,82.0197,0,100,81,73,1449,3504,2.14575,0,15.0442,7.34764,0,1833,74263906183
36.6315,27.2989,82.0197,0,100,81,73,1449,3504,2.14575,0,15.0442,7.34764,0,1833,74291205553
43.9587,22.7486,82.0197,0,100,81,73,1449,3504,2.14575,0,15.0442,7.34764,0,1833,74313956233
31.6919,31.5539,82.0197,0,100,81,73,1449,3504,2.14575,0,15.0442,7.34764,0,1833,74345531322
38.546,25.943,82.0197,0,100,81,73,1449,3504,2.14575,0,15.0442,7.34764,0,1833,74371476773
30.5791,32.7021,82.0197,0,100,81,73,1449,3504,2.14575,0,15.0442,7.34764,0,1833,74404185063
34.3784,29.088,82.0197,0,100,81,73,1449,3504,2.14575,0,15.0442,7.34764,0,1833,74433267707
44.3956,22.5248,82.0197,0,100,81,73,1449,3504,2.14575,0,15.0442,7.34764,0,1833,74455795657
29.8165,33.5385,82.0197,0,100,81,73,1449,3504,2.14575,0,15.0442,7.34764,0,1833,74489354918
40.2642,24.836,82.0197,0,100,81,73,1449,3504,2.14575,0,15.0442,7.34764,0,1833,74514192322
33.7349,29.6429,82.0197,0,100,81,73,1449,3504,2.14575,0,15.0442,7.34764,0,1833,74543836535
42.3635,23.6052,82.0197,0,100,81,73,1449,3504,2.14575,0,15.0442,7.34764,0,1833,74567465359
32.5267,30.744,82.0197,0,100,81,73,1449,3504,2.14575,0,15.0442,7.34764,0,1833,74598230364
32.9869,30.3151,82.0197,0,100,81,73,1449,3504,2.14575,0,15.0442,7.34764,0,1833,74628525282
35.4393,28.2172,82.0197,0,100,81,73,1449,3504,2.14575,0,15.0442,7.34764,0,1833,74656745124
40.5508,24.6604,82.0197,0,100,81,73,1449,3504,2.14575,0,15.0442,7.34764,0,1833,74681405509
34.2351,29.2098,82.0197,0,100,81,73,1449,3504,2.14575,0,15.0442,7.34764,0,1833,74710638967
33.5287,29.8252,82.0197,0,100,81,73,1449,3504,2.14575,0,15.0442,7.34764,0,1833,74740467947
40.9764,24.4043,70.0508,0,100,81,72,1418,3504,2.14575,0,15.0459,7.34764,0,1734,74764869885
28.6869,34.8592,70.0508,0,100,81,72,1418,3504,2.14575,0,15.0459,7.34764,0,1734,74799751940
39.6692,25.2085,70.0508,0,100,81,72,1418,3504,2.14575,0,15.0459,7.34764,0,1734,74824983649
33.4275,29.9155,70.0508,0,100,81,72,1418,3504,2.14575,0,15.0459,7.34764,0,1734,74854899806
46.0404,21.72,70.0508,0,100,81,72,1418,3504,2.14575,0,15.0459,7.34764,0,1734,74876599514
32.2475,31.0102,70.0508,0,100,81,72,1418,3504,2.14575,0,15.0459,7.34764,0,1734,74907633231
33.6305,29.7349,70.0508,0,100,81,72,1418,3504,2.14575,0,15.0459,7.34764,0,1734,74937347633
36.6934,27.2529,70.0508,0,100,81,72,1418,3504,2.14575,0,15.0459,7.34764,0,1734,74964624149
28.9485,34.5442,70.0508,0,100,81,72,1418,3504,2.14575,0,15.0459,7.34764,0,1734,74999148538
48.0801,20.7986,70.0508,0,100,81,72,1418,3504,2.14575,0,15.0459,7.34764,0,1734,75019947197
32.4288,30.8368,70.0508,0,100,81,72,1418,3504,2.14575,0,15.0459,7.34764,0,1734,75050785665
45.3181,22.0663,70.0508,0,100,81,72,1418,3504,2.14575,0,15.0459,7.34764,0,1734,75072875238
35.982,27.7917,70.0508,0,100,81,72,1418,3504,2.14575,0,15.0459,7.34764,0,1734,75100647164
33.8443,29.5471,70.0508,0,100,81,72,1418,3504,2.14575,0,15.0459,7.34764,0,1734,75130215521
35.0792,28.5069,70.0508,0,100,81,72,1418,3504,2.14575,0,15.0459,7.34764,0,1734,75158724004
38.2134,26.1688,70.0508,0,100,81,72,1418,3504,2.14575,0,15.0459,7.34764,0,1734,75184872699
33.3643,29.9721,70.0508,0,100,81,72,1418,3504,2.14575,0,15.0459,7.34764,0,1734,75214846922
37.6262,26.5773,70.0508,0,100,81,72,1418,3504,2.14575,0,15.0459,7.34764,0,1734,75241430161
37.8619,26.4118,74.3073,0,100,82,72,1418,3504,2.14575,0,15.0458,7.34739,0,1838,75267860103
31.1294,32.124,74.3073,0,100,82,72,1418,3504,2.14575,0,15.0458,7.34739,0,1838,75299965191
43.2082,23.1438,74.3073,0,100,82,72,1418,3504,2.14575,0,15.0458,7.34739,0,1838,75323107100
38.4048,26.0384,74.3073,0,100,82,72,1418,3504,2.14575,0,15.0458,7.34739,0,1838,75349168542
30.7842,32.4842,74.3073,0,100,82,72,1418,3504,2.14575,0,15.0458,7.34739,0,1838,75381666269
40.3514,24.7823,74.3073,0,100,82,72,1418,3504,2.14575,0,15.0458,7.34739,0,1838,75406437490
37.1617,26.9094,74.3073,0,100,82,72,1418,3504,2.14575,0,15.0458,7.34739,0,1838,75433349151
34.4178,29.0547,74.3073,0,100,82,72,1418,3504,2.14575,0,15.0458,7.34739,0,1838,75462406040
40.5062,24.6876,74.3073,0,100,82,72,1418,3504,2.14575,0,15.0458,7.34739,0,1838,75487118579
34.1048,29.3214,74.3073,0,100,82,72,1418,3504,2.14575,0,15.0458,7.34739,0,1838,75516437410
34.8349,28.7068,74.3073,0,100,82,72,1418,3504,2.14575,0,15.0458,7.34739,0,1838,75545145437
40.5252,24.676,74.3073,0,100,82,72,1418,3504,2.14575,0,15.0458,7.34739,0,1838,75569843891
33.9616,29.445,74.3073,0,100,82,72,1418,3504,2.14575,0,15.0458,7.34739,0,1838,75599269306
36.3564,27.5054,74.3073,0,100,82,72,1418,3504,2.14575,0,15.0458,7.34739,0,1838,75626775129
32.846,30.4451,74.3073,0,100,82,72,1418,3504,2.14575,0,15.0458,7.34739,0,1838,75657243975
43.0348,23.237,74.3073,0,100,82,72,1418,3504,2.14575,0,15.0458,7.34739,0,1838,75680496554
35.8292,27.9102,74.3073,0,100,82,72,1418,3504,2.14575,0,15.0458,7.34739,0,1838,75708372939
35.4025,28.2466,74.3073,0,100,82,72,1418,3504,2.14575,0,15.0458,7.34739,0,1838,75736641726
38.983,25.6522,74.3073,0,100,82,72,1418,3504,2.14575,0,15.0458,7.34739,0,1838,75762320444
34.6746,28.8396,70.8738,0,100,82,72,1418,3504,2.14575,0,15.0461,7.34715,0,1754,75791177983
38.3973,26.0435,70.8738,0,100,82,72,1418,3504,2.14575,0,15.0461,7.34715,0,1754,75817201207
37.6825,26.5375,70.8738,0,100,82,72,1418,3504,2.14575,0,15.0461,7.34715,0,1754,75843760893
30.543,32.7407,70.8738,0,100,82,72,1418,3504,2.14575,0,15.0461,7.34715,0,1754,75876502709
42.0029,23.8079,70.8738,0,100,82,72,1418,3504,2.14575,0,15.0461,7.34715,0,1754,75900290781
28.4341,35.1691,70.8738,0,100,82,72,1418,3504,2.14575,0,15.0461,7.34715,0,1754,75935462224
45.1056,22.1702,70.8738,0,100,82,72,1418,3504,2.14575,0,15.0461,7.34715,0,1754,75957653783
35.8205,27.917,70.8738,0,100,82,72,1418,3504,2.14575,0,15.0461,7.34715,0,1754,75985596724
40.4596,24.716,70.8738,0,100,82,72,1418,3504,2.14575,0,15.0461,7.34715,0,1754,76010313374
30.0507,33.2771,70.8738,0,100,82,72,1418,3504,2.14575,0,15.0461,7.34715,0,1754,76043591744
54.8772,18.2225,70.8738,0,100,82,72,1418,3504,2.14575,0,15.0461,7.34715,0,1754,76062015355
24.8571,40.23,70.8738,0,100,82,72,1418,3504,2.14575,0,15.0461,7.34715,0,1754,76102071483
60.1375,16.6286,70.8738,0,100,82,72,1418,3504,2.14575,0,15.0461,7.34715,0,1754,76118680448
43.3453,23.0706,70.8738,0,100,82,72,1418,3504,2.14575,0,15.0461,7.34715,0,1754,76141751917
32.0553,31.1961,70.8738,0,100,82,72,1418,3504,2.14575,0,15.0461,7.34715,0,1754,76172948822
33.2762,30.0515,70.8738,0,100,82,72,1418,3504,2.14575,0,15.0461,7.34715,0,1754,76203002515
46.84,21.3493,70.8738,0,100,82,72,1418,3504,2.14575,0,15.0461,7.34715,0,1754,76224352046
39.0582,25.6028,70.8738,0,100,82,72,1418,3504,2.14575,0,15.0461,7.34715,0,1754,76249956317
35.1391,28.4583,70.8738,0,100,82,72,1418,3504,2.14575,0,15.0461,7.34715,0,1754,76278418385
36.5464,27.3625,74.938,0,100,82,72,1429,3504,2.14575,0,15.0472,7.3469,0,1788,76305801744
39.1875,25.5184,74.938,0,100,82,72,1429,3504,2.14575,0,15.0472,7.3469,0,1788,76331298992
40.2677,24.8338,74.938,0,100,82,72,1429,3504,2.14575,0,15.0472,7.3469,0,1788,76356134172
33.1362,30.1785,74.938,0,100,82,72,1429,3504,2.14575,0,15.0472,7.3469,0,1788,76386314215
37.9742,26.3337,74.938,0,100,82,72,1429,3504,2.14575,0,15.0472,7.3469,0,1788,76412647235
36.8855,27.111,74.938,0,100,82,72,1429,3504,2.14575,0,15.0472,7.3469,0,1788,76439773454
29.3376,34.0859,74.938,0,100,82,72,1429,3504,2.14575,0,15.0472,7.3469,0,1788,76473869400
42.0232,23.7964,74.938,0,100,82,72,1429,3504,2.14575,0,15.0472,7.3469,0,1788,76497645706
27.6516,36.1643,74.938,0,100,82,72,1429,3504,2.14575,0,15.0472,7.3469,0,1788,76533811488
41.8448,23.8979,74.938,0,100,82,72,1429,3504,2.14575,0,15.0472,7.3469,0,1788,76557713346
44.2668,22.5903,74.938,0,100,82,72,1429,3504,2.14575,0,15.0472,7.3469,0,1788,76580303575
27.1562,36.824,74.938,0,100,82,72,1429,3504,2.14575,0,15.0472,7.3469,0,1788,76617128113
69.7795,14.3309,74.938,0,100,82,72,1429,3504,2.14575,0,15.0472,7.3469,0,1788,76631480932
30.9671,32.2923,74.938,0,100,82,72,1429,3504,2.14575,0,15.0472,7.3469,0,1788,76663754311
37.8942,26.3893,74.938,0,100,82,72,1429,3504,2.14575,0,15.0472,7.3469,0,1788,76690145741
48.2898,20.7083,74.938,0,100,82,72,1429,3504,2.14575,0,15.0472,7.3469,0,1788,76710853876
31.3498,31.8982,74.938,0,100,82,72,1429,3504,2.14575,0,15.0472,7.3469,0,1788,76742791838
49.9742,20.0103,74.938,0,100,82,72,1429,3504,2.14575,0,15.0472,7.3469,0,1788,76762787419
31.6944,31.5513,74.938,0,100,82,72,1429,3504,2.14575,0,15.0472,7.3469,0,1788,76794322844
43.086,23.2094,79.8526,0,100,82,72,1430,3504,2.14575,0,15.0517,7.3469,0,1807,76817530240
32.9273,30.3699,79.8526,0,100,82,72,1430,3504,2.14575,0,15.0517,7.3469,0,1807,76847922051
34.7098,28.8103,79.8526,0,100,82,72,1430,3504,2.14575,0,15.0517,7.3469,0,1807,76876712756
44.4428,22.5008,79.8526,0,100,82,72,1430,3504,2.14575,0,15.0517,7.3469,0,1807,76899235345
36.5354,27.3707,79.8526,0,100,82,72,1430,3504,2.14575,0,15.0517,7.3469,0,1807,76926586804
30.8515,32.4134,79.8526,0,100,82,72,1430,3504,2.14575,0,15.0517,7.3469,0,1807,76959022469
12.4124,80.5645,79.8526,0,100,82,72,1430,3504,2.14575,0,15.0517,7.3469,0,1807,77039567044
12.3667,80.8626,79.8526,0,100,82,72,1430,3504,2.14575,0,15.0517,7.3469,0,1807,77120432387
79.8293,12.5267,79.8526,0,100,82,72,1430,3504,2.14575,0,15.0517,7.3469,0,1807,77132958852
65.7139,15.2175,79.8526,0,100,82,72,1430,3504,2.14575,0,15.0517,7.3469,0,1807,77148176830
26.1463,38.2463,79.8526,0,100,82,72,1430,3504,2.14575,0,15.0517,7.3469,0,1807,77186446064
61.4407,16.2759,79.8526,0,100,82,72,1430,3504,2.14575,0,15.0517,7.3469,0,1807,77202702289
36.0639,27.7286,79.8526,0,100,82,72,1430,3504,2.14575,0,15.0517,7.3469,0,1807,77230431320
35.0482,28.5321,79.8526,0,100,82,72,1430,3504,2.14575,0,15.0517,7.3469,0,1807,77258989094
43.4692,23.0048,79.8526,0,100,82,72,1430,3504,2.14575,0,15.0517,7.3469,0,1807,77281969630
35.7631,27.9618,79.8526,0,100,82,72,1430,3504,2.14575,0,15.0517,7.3469,0,1807,77309959629
33.104,30.2078,69.0244,0,100,81,72,1430,3504,2.14575,0,14.9507,7.3469,0,1731,77340142485
38.1618,26.2042,69.0244,0,100,81,72,1430,3504,2.14575,0,14.9507,7.3469,0,1731,77366347502
32.3587,30.9035,69.0244,0,100,81,72,1430,3504,2.14575,0,14.9507,7.3469,0,1731,77397272039
38.9213,25.6929,69.0244,0,100,81,72,1430,3504,2.14575,0,14.9507,7.3469,0,1731,77422968148
37.7754,26.4723,69.0244,0,100,81,72,1430,3504,2.14575,0,14.9507,7.3469,0,1731,77449464217
24.4532,40.8944,69.0244,0,100,81,72,1430,3504,2.14575,0,14.9507,7.3469,0,1731,77490337192
49.018,20.4007,69.0244,0,100,81,72,1430,3504,2.14575,0,14.9507,7.3469,0,1731,77510739288
37.8964,26.3878,69.0244,0,100,81,72,1430,3504,2.14575,0,14.9507,7.3469,0,1731,77537128688
34.0741,29.3478,69.0244,0,100,81,72,1430,3504,2.14575,0,14.9507,7.3469,0,1731,77566477320
38.9014,25.706,69.0244,0,100,81,72,1430,3504,2.14575,0,14.9507,7.3469,0,1731,77592185544
38.3632,26.0667,69.0244,0,100,81,72,1430,3504,2.14575,0,14.9507,7.3469,0,1731,77618319447
38.1498,26.2125,69.0244,0,100,81,72,1430,3504,2.14575,0,14.9507,7.3469,0,1731,77644466889
31.9773,31.2722,69.0244,0,100,81,72,1430,3504,2.14575,0,14.9507,7.3469,0,1731,77675760810
35.5387,28.1383,69.0244,0,100,81,72,1430,3504,2.14575,0,14.9507,7.3469,0,1731,77703879154
32.6311,30.6456,69.0244,0,100,81,72,1430,3504,2.14575,0,14.9507,7.3469,0,1731,77734526705
37.3886,26.7461,69.0244,0,100,81,72,1430,3504,2.14575,0,14.9507,7.3469,0,1731,77761294178
40.0291,24.9818,69.0244,0,100,81,72,1430,3504,2.14575,0,14.9507,7.3469,0,1731,77786277205
37.5669,26.6192,69.0244,0,100,81,72,1430,3504,2.14575,0,14.9507,7.3469,0,1731,77812900392
36.2617,27.5773,71.6749,0,88,81,71,1433,3504,2.14575,0,14.9586,7.3469,0,1726,77840477287
43.168,23.1653,71.6749,0,88,81,71,1433,3504,2.14575,0,14.9586,7.3469,0,1726,77863644043
35.9862,27.7885,71.6749,0,88,81,71,1433,3504,2.14575,0,14.9586,7.3469,0,1726,77891432532
29.5925,33.7923,71.6749,0,88,81,71,1433,3504,2.14575,0,14.9586,7.3469,0,1726,77925246899
52.8985,18.9041,71.6749,0,88,81,71,1433,3504,2.14575,0,14.9586,7.3469,0,1726,77944130293
21.0128,47.5899,71.6749,0,88,81,71,1433,3504,2.14575,0,14.9586,7.3469,0,1726,77991744625
30.5603,32.7222,71.6749,0,88,81,71,1433,3504,2.14575,0,14.9586,7.3469,0,1726,78024446312
30.8425,32.4228,71.6749,0,88,81,71,1433,3504,2.14575,0,14.9586,7.3469,0,1726,78056869500
42.0627,23.774,71.6749,0,88,81,71,1433,3504,2.14575,0,14.9586,7.3469,0,1726,78080644610
41.9018,23.8653,71.6749,0,88,81,71,1433,3504,2.14575,0,14.9586,7.3469,0,1726,78104511887
26.1924,38.1791,71.6749,0,88,81,71,1433,3504,2.14575,0,14.9586,7.3469,0,1726,78142714188
20.2127,49.4738,71.6749,0,88,81,71,1433,3504,2.14575,0,14.9586,7.3469,0,1726,78192167315
32.5771,30.6964,71.6749,0,88,81,71,1433,3504,2.14575,0,14.9586,7.3469,0,1726,78222865282
21.2061,47.1562,71.6749,0,88,81,71,1433,3504,2.14575,0,14.9586,7.3469,0,1726,78270044046
42.0879,23.7598,71.6749,0,88,81,71,1433,3504,2.14575,0,14.9586,7.3469,0,1726,78293783997
27.9918,35.7248,71.6749,0,88,81,71,1433,3504,2.14575,0,14.9586,7.3469,0,1726,78329514009
47.5452,21.0326,84.1076,0,98,82,71,1433,3504,2.14575,0,14.9846,7.3469,0,1735,78350565184
37.6335,26.5721,84.1076,0,98,82,71,1433,3504,2.14575,0,14.9846,7.3469,0,1735,78377138074
41.7027,23.9793,84.1076,0,98,82,71,1433,3504,2.14575,0,14.9846,7.3469,0,1735,78401117517
40.8077,24.5052,84.1076,0,98,82,71,1433,3504,2.14575,0,14.9846,7.3469,0,1735,78425624649
39.4781,25.3305,84.1076,0,98,82,71,1433,3504,2.14575,0,14.9846,7.3469,0,1735,78450977772
33.3871,29.9517,84.1076,0,98,82,71,1433,3504,2.14575,0,14.9846,7.3469,0,1735,78480910380
44.6108,22.4161,84.1076,0,98,82,71,1433,3504,2.14575,0,14.9846,7.3469,0,1735,78503348070
36.333,27.5232,84.1076,0,98,82,71,1433,3504,2.14575,0,14.9846,7.3469,0,1735,78530851514
28.1178,35.5647,84.1076,0,98,82,71,1433,3504,2.14575,0,14.9846,7.3469,0,1735,78566417378
35.7756,27.952,84.1076,0,98,82,71,1433,3504,2.14575,0,14.9846,7.3469,0,1735,78594370383
38.7098,25.8333,84.1076,0,98,82,71,1433,3504,2.14575,0,14.9846,7.3469,0,1735,78620204669
43.2621,23.1149,84.1076,0,98,82,71,1433,3504,2.14575,0,14.9846,7.3469,0,1735,78643342893
33.1965,30.1237,84.1076,0,98,82,71,1433,3504,2.14575,0,14.9846,7.3469,0,1735,78673466062
30.2063,33.1057,84.1076,0,98,82,71,1433,3504,2.14575,0,14.9846,7.3469,0,1735,78706552642
42.5532,23.5,84.1076,0,98,82,71,1433,3504,2.14575,0,14.9846,7.3469,0,1735,78730075021
32.0461,31.2051,84.1076,0,98,82,71,1433,3504,2.14575,0,14.9846,7.3469,0,1735,78761259861
33.715,29.6604,84.1076,0,98,82,71,1433,3504,2.14575,0,14.9846,7.3469,0,1735,78790921204
49.725,20.1106,84.1076,0,98,82,71,1433,3504,2.14575,0,14.9846,7.3469,0,1735,78811031505
33.4602,29.8863,84.1076,0,98,82,71,1433,3504,2.14575,0,14.9846,7.3469,0,1735,78840957464
34.4276,29.0465,67.3267,0,98,82,71,1433,3504,2.14575,0,14.9813,7.3469,0,1758,78869967387
34.8974,28.6554,67.3267,0,98,82,71,1433,3504,2.14575,0,14.9813,7.3469,0,1758,78898625109
36.4926,27.4028,67.3267,0,98,82,71,1433,3504,2.14575,0,14.9813,7.3469,0,1758,78926049264
37.7135,26.5157,67.3267,0,98,82,71,1433,3504,2.14575,0,14.9813,7.3469,0,1758,78952545762
34.6481,28.8617,67.3267,0,98,82,71,1433,3504,2.14575,0,14.9813,7.3469,0,1758,78981408392
31.4344,31.8123,67.3267,0,98,82,71,1433,3504,2.14575,0,14.9813,7.3469,0,1758,79013220445
43.5929,22.9395,67.3267,0,98,82,71,1433,3504,2.14575,0,14.9813,7.3469,0,1758,79036182373
32.8691,30.4237,67.3267,0,98,82,71,1433,3504,2.14575,0,14.9813,7.3469,0,1758,79066607478
37.384,26.7494,67.3267,0,98,82,71,1433,3504,2.14575,0,14.9813,7.3469,0,1758,79093358725
31.9348,31.3138,67.3267,0,98,82,71,1433,3504,2.14575,0,14.9813,7.3469,0,1758,79124694997
35.0775,28.5083,67.3267,0,98,82,71,1433,3504,2.14575,0,14.9813,7.3469,0,1758,79153205145
47.7513,20.9418,67.3267,0,98,82,71,1433,3504,2.14575,0,14.9813,7.3469,0,1758,79174126927
36.3431,27.5155,67.3267,0,98,82,71,1433,3504,2.14575,0,14.9813,7.3469,0,1758,79201643445
34.1327,29.2974,67.3267,0,98,82,71,1433,3504,2.14575,0,14.9813,7.3469,0,1758,79230963927
32.1343,31.1194,67.3267,0,98,82,71,1433,3504,2.14575,0,14.9813,7.3469,0,1758,79262063022
37.1973,26.8837,67.3267,0,98,82,71,1433,3504,2.14575,0,14.9813,7.3469,0,1758,79288968706
45.1324,22.157,67.3267,0,98,82,71,1433,3504,2.14575,0,14.9813,7.3469,0,1758,79311106056
29.9436,33.3961,67.3267,0,98,82,71,1433,3504,2.14575,0,14.9813,7.3469,0,1758,79344510555
39.9916,25.0053,68.593,0,94,80,71,1428,3504,2.14575,0,14.9805,7.3469,0,1774,79369509752
37.0399,26.9979,68.593,0,94,80,71,1428,3504,2.14575,0,14.9805,7.3469,0,1774,79396536484
35.7258,27.9909,68.593,0,94,80,71,1428,3504,2.14575,0,14.9805,7.3469,0,1774,79424501136
38.7654,25.7962,68.593,0,94,80,71,1428,3504,2.14575,0,14.9805,7.3469,0,1774,79450320322
28.4999,35.0878,68.593,0,94,80,71,1428,3504,2.14575,0,14.9805,7.3469,0,1774,79485389082
54.3643,18.3944,68.593,0,94,80,71,1428,3504,2.14575,0,14.9805,7.3469,0,1774,79503783356
34.5766,28.9213,68.593,0,94,80,71,1428,3504,2.14575,0,14.9805,7.3469,0,1774,79532728652
34.5176,28.9707,68.593,0,94,80,71,1428,3504,2.14575,0,14.9805,7.3469,0,1774,79561678623
29.5256,33.8689,68.593,0,94,80,71,1428,3504,2.14575,0,14.9805,7.3469,0,1774,79595548665
49.501,20.2016,68.593,0,94,80,71,1428,3504,2.14575,0,14.9805,7.3469,0,1774,79615775800
36.88,27.115,68.593,0,94,80,71,1428,3504,2.14575,0,14.9805,7.3469,0,1774,79642867837
33.5058,29.8456,68.593,0,94,80,71,1428,3504,2.14575,0,14.9805,7.3469,0,1774,79672715247
35.6631,28.0402,68.593,0,94,80,71,1428,3504,2.14575,0,14.9805,7.3469,0,1774,79700757101
36.694,27.2524,68.593,0,94,80,71,1428,3504,2.14575,0,14.9805,7.3469,0,1774,79728022880
30.9815,32.2773,68.593,0,94,80,71,1428,3504,2.14575,0,14.9805,7.3469,0,1774,79760288337
38.7345,25.8168,68.593,0,94,80,71,1428,3504,2.14575,0,14.9805,7.3469,0,1774,79786106929
39.8288,25.1075,68.593,0,94,80,71,1428,3504,2.14575,0,14.9805,7.3469,0,1774,79811215452
38.5481,25.9416,68.593,0,94,80,71,1428,3504,2.14575,0,14.9805,7.3469,0,1774,79837158042
31.2419,32.0083,68.593,0,94,80,71,1428,3504,2.14575,0,14.9805,7.3469,0,1774,79869193621
37.7344,26.501,74.2243,0,100,80,72,1427,3504,2.14575,0,14.9807,7.3469,0,1760,79895670696
40.5013,24.6905,74.2243,0,100,80,72,1427,3504,2.14575,0,14.9807,7.3469,0,1760,79920361948
37.3978,26.7396,74.2243,0,100,80,72,1427,3504,2.14575,0,14.9807,7.3469,0,1760,79947101884
38.0766,26.2629,74.2243,0,100,80,72,1427,3504,2.14575,0,14.9807,7.3469,0,1760,79973366600
30.146,33.1719,74.2243,0,100,80,72,1427,3504,2.14575,0,14.9807,7.3469,0,1760,80006562205
42.5733,23.4889,74.2243,0,100,80,72,1427,3504,2.14575,0,14.9807,7.3469,0,1760,80030051308
29.0642,34.4066,74.2243,0,100,80,72,1427,3504,2.14575,0,14.9807,7.3469,0,1760,80064480241
42.6785,23.431,74.2243,0,100,80,72,1427,3504,2.14575,0,14.9807,7.3469,0,1760,80087912719
39.9694,25.0191,74.2243,0,100,80,72,1427,3504,2.14575,0,14.9807,7.3469,0,1760,80112932845
36.4096,27.4652,74.2243,0,100,80,72,1427,3504,2.14575,0,14.9807,7.3469,0,1760,80140398695
36.9401,27.0709,74.2243,0,100,80,72,1427,3504,2.14575,0,14.9807,7.3469,0,1760,80167471812
36.0649,27.7278,74.2243,0,100,80,72,1427,3504,2.14575,0,14.9807,7.3469,0,1760,80195222906
35.7032,28.0087,74.2243,0,100,80,72,1427,3504,2.14575,0,14.9807,7.3469,0,1760,80223232322
30.8708,32.3931,74.2243,0,100,80,72,1427,3504,2.14575,0,14.9807,7.3469,0,1760,80255626891
42.7747,23.3783,74.2243,0,100,80,72,1427,3504,2.14575,0,14.9807,7.3469,0,1760,80279005933
33.0899,30.2207,74.2243,0,100,80,72,1427,3504,2.14575,0,14.9807,7.3469,0,1760,80309228328
44.8954,22.274,74.2243,0,100,80,72,1427,3504,2.14575,0,14.9807,7.3469,0,1760,80331524749
28.6514,34.9023,74.2243,0,100,80,72,1427,3504,2.14575,0,14.9807,7.3469,0,1760,80366408072
31.2775,31.9719,74.2243,0,100,80,72,1427,3504,2.14575,0,14.9807,7.3469,0,1760,80398417236
47.9568,20.8521,72.155,0,100,82,72,1427,3504,2.14575,0,14.9807,7.3469,0,1750,80419236182
32.9576,30.342,72.155,0,100,82,72,1427,3504,2.14575,0,14.9807,7.3469,0,1750,80449578287
40.0708,24.9559,72.155,0,100,82,72,1427,3504,2.14575,0,14.9807,7.3469,0,1750,80474556812
33.3401,29.9939,72.155,0,100,82,72,1427,3504,2.14575,0,14.9807,7.3469,0,1750,80504551167
26.5972,37.598,72.155,0,100,82,72,1427,3504,2.14575,0,14.9807,7.3469,0,1750,80542128141
36.549,27.3605,72.155,0,100,82,72,1427,3504,2.14575,0,14.9807,7.3469,0,1750,80569491207
26.7464,37.3882,72.155,0,100,82,72,1427,3504,2.14575,0,14.9807,7.3469,0,1750,80606880538
21.3279,46.887,72.155,0,100,82,72,1427,3504,2.14575,0,14.9807,7.3469,0,1750,80653769519
28.2932,35.3441,72.155,0,100,82,72,1427,3504,2.14575,0,14.9807,7.3469,0,1750,80689114947
48.4291,20.6488,72.155,0,100,82,72,1427,3504,2.14575,0,14.9807,7.3469,0,1750,80709764541
39.5221,25.3023,72.155,0,100,82,72,1427,3504,2.14575,0,14.9807,7.3469,0,1750,80735067689
41.2401,24.2482,72.155,0,100,82,72,1427,3504,2.14575,0,14.9807,7.3469,0,1750,80759317224
34.0333,29.383,72.155,0,100,82,72,1427,3504,2.14575,0,14.9807,7.3469,0,1750,80788717213
45.2775,22.086,72.155,0,100,82,72,1427,3504,2.14575,0,14.9807,7.3469,0,1750,80810787745
34.8108,28.7267,72.155,0,100,82,72,1427,3504,2.14575,0,14.9807,7.3469,0,1750,80839516679
37.5252,26.6488,72.155,0,100,82,72,1427,3504,2.14575,0,14.9807,7.3469,0,1750,80866166738
29.1139,34.3478,72.155,0,100,82,72,1427,3504,2.14575,0,14.9807,7.3469,0,1750,80900518709
42.8941,23.3132,80.7018,0,100,82,72,1430,3504,2.14575,0,15.0272,7.3469,0,1808,80923830516
32.9765,30.3246,80.7018,0,100,82,72,1430,3504,2.14575,0,15.0272,7.3469,0,1808,80954155050
35.8821,27.869,80.7018,0,100,82,72,1430,3504,2.14575,0,15.0272,7.3469,0,1808,80982025287
39.5918,25.2578,80.7018,0,100,82,72,1430,3504,2.14575,0,15.0272,7.3469,0,1808,81007305813
37.36,26.7666,80.7018,0,100,82,72,1430,3504,2.14575,0,15.0272,7.3469,0,1808,81034051590
33.3802,29.9579,80.7018,0,100,82,72,1430,3504,2.14575,0,15.0272,7.3469,0,1808,81064011040
29.2665,34.1688,80.7018,0,100,82,72,1430,3504,2.14575,0,15.0272,7.3469,0,1808,81098181700
42.6105,23.4684,80.7018,0,100,82,72,1430,3504,2.14575,0,15.0272,7.3469,0,1808,81121650867
32.6298,30.6468,80.7018,0,100,82,72,1430,3504,2.14575,0,15.0272,7.3469,0,1808,81152320604
43.3744,23.0551,80.7018,0,100,82,72,1430,3504,2.14575,0,15.0272,7.3469,0,1808,81175355741
35.6222,28.0724,80.7018,0,100,82,72,1430,3504,2.14575,0,15.0272,7.3469,0,1808,81203428979
31.7156,31.5302,80.7018,0,100,82,72,1430,3504,2.14575,0,15.0272,7.3469,0,1808,81234982156
34.7283,28.7949,80.7018,0,100,82,72,1430,3504,2.14575,0,15.0272,7.3469,0,1808,81263756578
37.1415,26.9241,80.7018,0,100,82,72,1430,3504,2.14575,0,15.0272,7.3469,0,1808,81290703468
38.1569,26.2076,80.7018,0,100,82,72,1430,3504,2.14575,0,15.0272,7.3469,0,1808,81316915296
42.9534,23.2811,80.7018,0,100,82,72,1430,3504,2.14575,0,15.0272,7.3469,0,1808,81340195739
34.4436,29.033,80.7018,0,100,82,72,1430,3504,2.14575,0,15.0272,7.3469,0,1808,81369229346
35.1426,28.4555,80.7018,0,100,82,72,1430,3504,2.14575,0,15.0272,7.3469,0,1808,81397706322
34.5815,28.9172,80.7018,0,100,82,72,1430,3504,2.14575,0,15.0272,7.3469,0,1808,81426627724
29.9705,33.3662,64.4068,0,95,82,71,1423,3504,2.14575,0,15.0273,7.3469,0,1744,81459971785
51.8712,19.2785,64.4068,0,95,82,71,1423,3504,2.14575,0,15.0273,7.3469,0,1744,81479251286
31.3818,31.8656,64.4068,0,95,82,71,1423,3504,2.14575,0,15.0273,7.3469,0,1744,81511118475
34.6248,28.881,64.4068,0,95,82,71,1423,3504,2.14575,0,15.0273,7.3469,0,1744,81540021430
35.8939,27.8599,64.4068,0,95,82,71,1423,3504,2.14575,0,15.0273,7.3469,0,1744,81567883002
39.4675,25.3373,64.4068,0,95,82,71,1423,3504,2.14575,0,15.0273,7.3469,0,1744,81593220348
37.1452,26.9214,64.4068,0,95,82,71,1423,3504,2.14575,0,15.0273,7.3469,0,1744,81620143723
38.6257,25.8895,64.4068,0,95,82,71,1423,3504,2.14575,0,15.0273,7.3469,0,1744,81646033791
23.8838,41.8693,64.4068,0,95,82,71,1423,3504,2.14575,0,15.0273,7.3469,0,1744,81687905470
58.9177,16.9728,64.4068,0,95,82,71,1423,3504,2.14575,0,15.0273,7.3469,0,1744,81704880107
35.0717,28.513,64.4068,0,95,82,71,1423,3504,2.14575,0,15.0273,7.3469,0,1744,81733393139
34.2661,29.1834,64.4068,0,95,82,71,1423,3504,2.14575,0,15.0273,7.3469,0,1744,81762578015
31.9014,31.3465,64.4068,0,95,82,71,1423,3504,2.14575,0,15.0273,7.3469,0,1744,81793925745
41.652,24.0085,64.4068,0,95,82,71,1423,3504,2.14575,0,15.0273,7.3469,0,1744,81817935252
23.8537,41.9222,64.4068,0,95,82,71,1423,3504,2.14575,0,15.0273,7.3469,0,1744,81859879154
55.7146,17.9486,64.4068,0,95,82,71,1423,3504,2.14575,0,15.0273,7.3469,0,1744,81877829970
31.9336,31.315,64.4068,0,95,82,71,1423,3504,2.14575,0,15.0273,7.3469,0,1744,81909146325
42.05,23.7812,64.4068,0,95,82,71,1423,3504,2.14575,0,15.0273,7.3469,0,1744,81932931277
32.509,30.7607,83.5821,0,95,82,71,1423,3504,2.14575,0,15.0298,7.3469,0,1740,81963690718
30.0677,33.2583,83.5821,0,95,82,71,1423,3504,2.14575,0,15.0298,7.3469,0,1740,81996972893
57.7779,17.3076,83.5821,0,95,82,71,1423,3504,2.14575,0,15.0298,7.3469,0,1740,82014259512
28.9422,34.5516,83.5821,0,95,82,71,1423,3504,2.14575,0,15.0298,7.3469,0,1740,82048832842
63.593,15.725,83.5821,0,95,82,71,1423,3504,2.14575,0,15.0298,7.3469,0,1740,82064539693
31.8401,31.407,83.5821,0,95,82,71,1423,3504,2.14575,0,15.0298,7.3469,0,1740,82095967488
34.3298,29.1292,83.5821,0,95,82,71,1423,3504,2.14575,0,15.0298,7.3469,0,1740,82125098483
37.3113,26.8015,83.5821,0,95,82,71,1423,3504,2.14575,0,15.0298,7.3469,0,1740,82151900832
40.6084,24.6254,83.5821,0,95,82,71,1423,3504,2.14575,0,15.0298,7.3469,0,1740,82176528553
34.3172,29.1399,83.5821,0,95,82,71,1423,3504,2.14575,0,15.0298,7.3469,0,1740,82205690827
31.8175,31.4293,83.5821,0,95,82,71,1423,3504,2.14575,0,15.0298,7.3469,0,1740,82237127770
38.8117,25.7654,83.5821,0,95,82,71,1423,3504,2.14575,0,15.0298,7.3469,0,1740,82262914931
39.42,25.3678,83.5821,0,95,82,71,1423,3504,2.14575,0,15.0298,7.3469,0,1740,82288264177
34.3376,29.1226,83.5821,0,95,82,71,1423,3504,2.14575,0,15.0298,7.3469,0,1740,82317387808
32.3043,30.9557,83.5821,0,95,82,71,1423,3504,2.14575,0,15.0298,7.3469,0,1740,82348343822
33.7036,29.6705,83.5821,0,95,82,71,1423,3504,2.14575,0,15.0298,7.3469,0,1740,82378015422
29.1794,34.2708,83.5821,0,95,82,71,1423,3504,2.14575,0,15.0298,7.3469,0,1740,82412286261
55.4613,18.0306,83.5821,0,95,82,71,1423,3504,2.14575,0,15.0298,7.3469,0,1740,82430340078
30.7418,32.529,83.5821,0,95,82,71,1423,3504,2.14575,0,15.0298,7.3469,0,1740,82462856203
42.9131,23.3029,74.2169,0,99,82,71,1427,3504,2.14575,0,15.0373,7.3469,0,1762,82486154750
37.3932,26.7428,74.2169,0,99,82,71,1427,3504,2.14575,0,15.0373,7.3469,0,1762,82512898351
35.0104,28.563,74.2169,0,99,82,71,1427,3504,2.14575,0,15.0373,7.3469,0,1762,82541482834
40.8528,24.4781,74.2169,0,99,82,71,1427,3504,2.14575,0,15.0373,7.3469,0,1762,82565962297
31.6758,31.5698,74.2169,0,99,82,71,1427,3504,2.14575,0,15.0373,7.3469,0,1762,82597533287
33.5489,29.8072,74.2169,0,99,82,71,1427,3504,2.14575,0,15.0373,7.3469,0,1762,82627341902
50.8607,19.6615,74.2169,0,99,82,71,1427,3504,2.14575,0,15.0373,7.3469,0,1762,82647005931
38.7767,25.7887,74.2169,0,99,82,71,1427,3504,2.14575,0,15.0373,7.3469,0,1762,82672815540
31.3126,31.936,74.2169,0,99,82,71,1427,3504,2.14575,0,15.0373,7.3469,0,1762,82704731907
29.0763,34.3923,74.2169,0,99,82,71,1427,3504,2.14575,0,15.0373,7.3469,0,1762,82739126326
39.99,25.0062,74.2169,0,99,82,71,1427,3504,2.14575,0,15.0373,7.3469,0,1762,82764132380
39.6024,25.251,74.2169,0,99,82,71,1427,3504,2.14575,0,15.0373,7.3469,0,1762,82789384852
48.2219,20.7375,74.2169,0,99,82,71,1427,3504,2.14575,0,15.0373,7.3469,0,1762,82810123823
35.4226,28.2306,74.2169,0,99,82,71,1427,3504,2.14575,0,15.0373,7.3469,0,1762,82838356585
37.0051,27.0233,74.2169,0,99,82,71,1427,3504,2.14575,0,15.0373,7.3469,0,1762,82865379418
35.6471,28.0527,74.2169,0,99,82,71,1427,3504,2.14575,0,15.0373,7.3469,0,1762,82893434319
32.5732,30.7001,74.2169,0,99,82,71,1427,3504,2.14575,0,15.0373,7.3469,0,1762,82924134460
36.8951,27.1039,74.2169,0,99,82,71,1427,3504,2.14575,0,15.0373,7.3469,0,1762,82951261174
36.2833,27.5609,74.2169,0,99,82,71,1427,3504,2.14575,0,15.0373,7.3469,0,1762,82978848310
31.828,31.4189,70.4545,0,100,82,71,1427,3504,2.14575,0,15.0376,7.3469,0,1767,83010265200
38.4451,26.0111,70.4545,0,100,82,71,1427,3504,2.14575,0,15.0376,7.3469,0,1767,83036300086
27.1723,36.8021,70.4545,0,100,82,71,1427,3504,2.14575,0,15.0376,7.3469,0,1767,83073082031
47.2123,21.1809,70.4545,0,100,82,71,1427,3504,2.14575,0,15.0376,7.3469,0,1767,83094263095
46.8636,21.3385,70.4545,0,100,82,71,1427,3504,2.14575,0,15.0376,7.3469,0,1767,83115602837
37.4414,26.7084,70.4545,0,100,82,71,1427,3504,2.14575,0,15.0376,7.3469,0,1767,83142313290
34.7843,28.7486,70.4545,0,100,82,71,1427,3504,2.14575,0,15.0376,7.3469,0,1767,83171083748
36.26,27.5786,70.4545,0,100,82,71,1427,3504,2.14575,0,15.0376,7.3469,0,1767,83198663483
39.5619,25.2768,70.4545,0,100,82,71,1427,3504,2.14575,0,15.0376,7.3469,0,1767,83223941646
33.271,30.0562,70.4545,0,100,82,71,1427,3504,2.14575,0,15.0376,7.3469,0,1767,83253998924
29.7558,33.6069,70.4545,0,100,82,71,1427,3504,2.14575,0,15.0376,7.3469,0,1767,83287638658
47.7443,20.9449,70.4545,0,100,82,71,1427,3504,2.14575,0,15.0376,7.3469,0,1767,83308552906
32.8422,30.4487,70.4545,0,100,82,71,1427,3504,2.14575,0,15.0376,7.3469,0,1767,83339023938
34.5008,28.9849,70.4545,0,100,82,71,1427,3504,2.14575,0,15.0376,7.3469,0,1767,83367989262
35.3702,28.2724,70.4545,0,100,82,71,1427,3504,2.14575,0,15.0376,7.3469,0,1767,83396262226
38.3775,26.0569,70.4545,0,100,82,71,1427,3504,2.14575,0,15.0376,7.3469,0,1767,83422321029
36.5812,27.3365,70.4545,0,100,82,71,1427,3504,2.14575,0,15.0376,7.3469,0,1767,83449679274
27.2332,36.7198,70.4545,0,100,82,71,1427,3504,2.14575,0,15.0376,7.3469,0,1767,83486406951
45.3471,22.0521,67.8663,0,100,82,71,1427,3504,2.14575,0,15.0378,7.3469,0,1742,83508431726
35.6057,28.0854,67.8663,0,100,82,71,1427,3504,2.14575,0,15.0378,7.3469,0,1742,83536519047
37.3057,26.8055,67.8663,0,100,82,71,1427,3504,2.14575,0,15.0378,7.3469,0,1742,83563348020
33.5349,29.8197,67.8663,0,100,82,71,1427,3504,2.14575,0,15.0378,7.3469,0,1742,83593189805
37.9283,26.3656,67.8663,0,100,82,71,1427,3504,2.14575,0,15.0378,7.3469,0,1742,83619556509
38.8211,25.7592,67.8663,0,100,82,71,1427,3504,2.14575,0,15.0378,7.3469,0,1742,83645316941
31.6023,31.6433,67.8663,0,100,82,71,1427,3504,2.14575,0,15.0378,7.3469,0,1742,83676960941
41.4706,24.1134,67.8663,0,100,82,71,1427,3504,2.14575,0,15.0378,7.3469,0,1742,83701075411
36.1382,27.6715,67.8663,0,100,82,71,1427,3504,2.14575,0,15.0378,7.3469,0,1742,83728748969
43.6141,22.9284,67.8663,0,100,82,71,1427,3504,2.14575,0,15.0378,7.3469,0,1742,83751678615
30.2035,33.1087,67.8663,0,100,82,71,1427,3504,2.14575,0,15.0378,7.3469,0,1742,83784808849
39.532,25.2959,67.8663,0,100,82,71,1427,3504,2.14575,0,15.0378,7.3469,0,1742,83810106901
38.8906,25.7131,67.8663,0,100,82,71,1427,3504,2.14575,0,15.0378,7.3469,0,1742,83835799430
28.2802,35.3604,67.8663,0,100,82,71,1427,3504,2.14575,0,15.0378,7.3469,0,1742,83871160784
46.5076,21.5019,67.8663,0,100,82,71,1427,3504,2.14575,0,15.0378,7.3469,0,1742,83892664185
37.1596,26.9109,67.8663,0,100,82,71,1427,3504,2.14575,0,15.0378,7.3469,0,1742,83919576420
30.7301,32.5414,67.8663,0,100,82,71,1427,3504,2.14575,0,15.0378,7.3469,0,1742,83952119348
37.0805,26.9683,67.8663,0,100,82,71,1427,3504,2.14575,0,15.0378,7.3469,0,1742,83979089267
45.9322,21.7712,67.8663,0,100,82,71,1427,3504,2.14575,0,15.0378,7.3469,0,1742,84000867535
32.5574,30.715,77.8338,0,100,82,71,1430,3504,2.14575,0,15.048,7.3469,0,1738,84031577900
38.5662,25.9294,77.8338,0,100,82,71,1430,3504,2.14575,0,15.048,7.3469,0,1738,84057508267
30.3397,32.9602,77.8338,0,100,82,71,1430,3504,2.14575,0,15.048,7.3469,0,1738,84090469942
35.3218,28.3111,77.8338,0,100,82,71,1430,3504,2.14575,0,15.048,7.3469,0,1738,84118781124
40.6693,24.5885,77.8338,0,100,82,71,1430,3504,2.14575,0,15.048,7.3469,0,1738,84143372533
35.68,28.0269,77.8338,0,100,82,71,1430,3504,2.14575,0,15.048,7.3469,0,1738,84171421318
34.4502,29.0274,77.8338,0,100,82,71,1430,3504,2.14575,0,15.048,7.3469,0,1738,84200429362
39.5591,25.2786,77.8338,0,100,82,71,1430,3504,2.14575,0,15.048,7.3469,0,1738,84225729006
38.9263,25.6896,77.8338,0,100,82,71,1430,3504,2.14575,0,15.048,7.3469,0,1738,84251420293
33.7296,29.6476,77.8338,0,100,82,71,1430,3504,2.14575,0,15.048,7.3469,0,1738,84281047870
38.3057,26.1058,77.8338,0,100,82,71,1430,3504,2.14575,0,15.048,7.3469,0,1738,84307155581
42.7636,23.3844,77.8338,0,100,82,71,1430,3504,2.14575,0,15.048,7.3469,0,1738,84330541512
36.4602,27.4272,77.8338,0,100,82,71,1430,3504,2.14575,0,15.048,7.3469,0,1738,84357991141
32.9077,30.388,77.8338,0,100,82,71,1430,3504,2.14575,0,15.048,7.3469,0,1738,84388359917
37.7751,26.4725,77.8338,0,100,82,71,1430,3504,2.14575,0,15.048,7.3469,0,1738,84414832853
37.5801,26.6098,77.8338,0,100,82,71,1430,3504,2.14575,0,15.048,7.3469,0,1738,84441443650
39.7738,25.1422,77.8338,0,100,82,71,1430,3504,2.14575,0,15.048,7.3469,0,1738,84466609031
30.8982,32.3643,77.8338,0,100,82,71,1430,3504,2.14575,0,15.048,7.3469,0,1738,84498973995
40.6612,24.5935,77.8338,0,100,82,71,1430,3504,2.14575,0,15.048,7.3469,0,1738,84523550777
39.4015,25.3798,78.1327,0,100,81,71,1430,3504,2.14575,0,15.0672,7.3469,0,1847,84548950042
35.0155,28.5588,78.1327,0,100,81,71,1430,3504,2.14575,0,15.0672,7.3469,0,1847,84577509717
36.8659,27.1253,78.1327,0,100,81,71,1430,3504,2.14575,0,15.0672,7.3469,0,1847,84604632889
33.7281,29.6489,78.1327,0,100,81,71,1430,3504,2.14575,0,15.0672,7.3469,0,1847,84634297024
9.00049,111.105,78.1327,0,100,81,71,1430,3504,2.14575,0,15.0672,7.3469,0,1847,84745372115
90.2198,11.084,78.1327,0,100,81,71,1430,3504,2.14575,0,15.0672,7.3469,0,1847,84756456665
31.4975,31.7485,78.1327,0,100,81,71,1430,3504,2.14575,0,15.0672,7.3469,0,1847,84788220226
44.4011,22.5219,78.1327,0,100,81,71,1430,3504,2.14575,0,15.0672,7.3469,0,1847,84810729766
35.7061,28.0064,78.1327,0,100,81,71,1430,3504,2.14575,0,15.0672,7.3469,0,1847,84838737490
28.6828,34.8641,78.1327,0,100,81,71,1430,3504,2.14575,0,15.0672,7.3469,0,1847,84873624250
55.0209,18.1749,78.1327,0,100,81,71,1430,3504,2.14575,0,15.0672,7.3469,0,1847,84891800768
29.9556,33.3827,78.1327,0,100,81,71,1430,3504,2.14575,0,15.0672,7.3469,0,1847,84925184115
37.8385,26.4281,78.1327,0,100,81,71,1430,3504,2.14575,0,15.0672,7.3469,0,1847,84951634710
29.4687,33.9343,78.1327,0,100,81,71,1430,3504,2.14575,0,15.0672,7.3469,0,1847,84985613541
43.9121,22.7728,78.1327,0,100,81,71,1430,3504,2.14575,0,15.0672,7.3469,0,1847,85008322644
38.4341,26.0185,78.1327,0,100,81,71,1430,3504,2.14575,0,15.0672,7.3469,0,1847,85034345199
36.0163,27.7652,65.7702,0,100,81,71,1430,3504,2.14575,0,15.068,7.3469,0,1811,85062109347
33.0225,30.2824,65.7702,0,100,81,71,1430,3504,2.14575,0,15.068,7.3469,0,1811,85092414300
36.8408,27.1438,65.7702,0,100,81,71,1430,3504,2.14575,0,15.068,7.3469,0,1811,85119558479
32.0419,31.2092,65.7702,0,100,81,71,1430,3504,2.14575,0,15.068,7.3469,0,1811,85150790114
39.2408,25.4837,65.7702,0,100,81,71,1430,3504,2.14575,0,15.068,7.3469,0,1811,85176253644
34.6823,28.8331,65.7702,0,100,81,71,1430,3504,2.14575,0,15.068,7.3469,0,1811,85205089293
38.0303,26.2948,65.7702,0,100,81,71,1430,3504,2.14575,0,15.068,7.3469,0,1811,85231406495
33.2326,30.0909,65.7702,0,100,81,71,1430,3504,2.14575,0,15.068,7.3469,0,1811,85261477287
34.8804,28.6694,65.7702,0,100,81,71,1430,3504,2.14575,0,15.068,7.3469,0,1811,85290154320
39.5754,25.2682,65.7702,0,100,81,71,1430,3504,2.14575,0,15.068,7.3469,0,1811,85315445505
72.8772,13.7217,65.7702,0,100,81,71,1430,3504,2.14575,0,15.068,7.3469,0,1811,85329147380
33.9226,29.4788,65.7702,0,100,81,71,1430,3504,2.14575,0,15.068,7.3469,0,1811,85358627140
37.7482,26.4913,65.7702,0,100,81,71,1430,3504,2.14575,0,15.068,7.3469,0,1811,85385119625
38.0102,26.3087,65.7702,0,100,81,71,1430,3504,2.14575,0,15.068,7.3469,0,1811,85411429988
34.7266,28.7964,65.7702,0,100,81,71,1430,3504,2.14575,0,15.068,7.3469,0,1811,85440227465
33.6414,29.7253,65.7702,0,100,81,71,1430,3504,2.14575,0,15.068,7.3469,0,1811,85469953587
41.1826,24.2821,65.7702,0,100,81,71,1430,3504,2.14575,0,15.068,7.3469,0,1811,85494237848
36.2111,27.6158,65.7702,0,100,81,71,1430,3504,2.14575,0,15.068,7.3469,0,1811,85521854446
34.2821,29.1698,65.7702,0,100,81,71,1430,3504,2.14575,0,15.068,7.3469,0,1811,85551040424
37.6068,26.591,61.7722,0,91,89,70,1431,3504,2.14575,0,15.0682,7.3469,0,3400,85577628118
37.0583,26.9845,61.7722,0,91,89,70,1431,3504,2.14575,0,15.0682,7.3469,0,3400,85604613737
36.912,27.0915,61.7722,0,91,89,70,1431,3504,2.14575,0,15.0682,7.3469,0,3400,85631708710
33.644,29.723,61.7722,0,91,89,70,1431,3504,2.14575,0,15.0682,7.3469,0,3400,85661432233
38.6336,25.8842,61.7722,0,91,89,70,1431,3504,2.14575,0,15.0682,7.3469,0,3400,85687317059
35.9642,27.8055,61.7722,0,91,89,70,1431,3504,2.14575,0,15.0682,7.3469,0,3400,85715136686
35.5179,28.1548,61.7722,0,91,89,70,1431,3504,2.14575,0,15.0682,7.3469,0,3400,85743281311
35.2433,28.3742,61.7722,0,91,89,70,1431,3504,2.14575,0,15.0682,7.3469,0,3400,85771656118
37.5866,26.6052,61.7722,0,91,89,70,1431,3504,2.14575,0,15.0682,7.3469,0,3400,85798264781
37.8169,26.4432,61.7722,0,91,89,70,1431,3504,2.14575,0,15.0682,7.3469,0,3400,85824708465
37.3541,26.7708,61.7722,0,91,89,70,1431,3504,2.14575,0,15.0682,7.3469,0,3400,85851480774
36.2731,27.5686,61.7722,0,91,89,70,1431,3504,2.14575,0,15.0682,7.3469,0,3400,85879051297
33.9264,29.4756,61.7722,0,91,89,70,1431,3504,2.14575,0,15.0682,7.3469,0,3400,85908528032
35.466,28.196,61.7722,0,91,89,70,1431,3504,2.14575,0,15.0682,7.3469,0,3400,85936725411
36.1136,27.6904,61.7722,0,91,89,70,1431,3504,2.14575,0,15.0682,7.3469,0,3400,85964419183
40.3614,24.7762,61.7722,0,91,89,70,1431,3504,2.14575,0,15.0682,7.3469,0,3400,85989196220
37.6766,26.5417,61.7722,0,91,89,70,1431,3504,2.14575,0,15.0682,7.3469,0,3400,86015738603
33.9799,29.4292,61.7722,0,91,89,70,1431,3504,2.14575,0,15.0682,7.3469,0,3400,86045167281
40.7715,24.5269,61.7722,0,91,89,70,1431,3504,2.14575,0,15.0682,7.3469,0,3400,86069702944
36.4925,27.4029,42.233,0,100,89,71,1430,3504,2.14575,0,15.0682,7.3469,0,3423,86097099930
35.9283,27.8332,42.233,0,100,89,71,1430,3504,2.14575,0,15.0682,7.3469,0,3423,86124934685
37.0697,26.9762,42.233,0,100,89,71,1430,3504,2.14575,0,15.0682,7.3469,0,3423,86151911990
35.8325,27.9076,42.233,0,100,89,71,1430,3504,2.14575,0,15.0682,7.3469,0,3423,86179820938
35.9308,27.8313,42.233,0,100,89,71,1430,3504,2.14575,0,15.0682,7.3469,0,3423,86207666594
38.0238,26.2993,42.233,0,100,89,71,1430,3504,2.14575,0,15.0682,7.3469,0,3423,86233953680
33.972,29.436,42.233,0,100,89,71,1430,3504,2.14575,0,15.0682,7.3469,0,3423,86263403405
39.046,25.6108,42.233,0,100,89,71,1430,3504,2.14575,0,15.0682,7.3469,0,3423,86289002749
35.3123,28.3187,42.233,0,100,89,71,1430,3504,2.14575,0,15.0682,7.3469,0,3423,86317323949
37.6142,26.5857,42.233,0,100,89,71,1430,3504,2.14575,0,15.0682,7.3469,0,3423,86343910126
37.0322,27.0035,42.233,0,100,89,71,1430,3504,2.14575,0,15.0682,7.3469,0,3423,86370914233
36.6391,27.2932,42.233,0,100,89,71,1430,3504,2.14575,0,15.0682,7.3469,0,3423,86398208587
36.9879,27.0359,42.233,0,100,89,71,1430,3504,2.14575,0,15.0682,7.3469,0,3423,86425245601
36.8887,27.1085,42.233,0,100,89,71,1430,3504,2.14575,0,15.0682,7.3469,0,3423,86452356020
36.454,27.4319,42.233,0,100,89,71,1430,3504,2.14575,0,15.0682,7.3469,0,3423,86479788794
34.9595,28.6046,42.233,0,100,89,71,1430,3504,2.14575,0,15.0682,7.3469,0,3423,86508394885
39.8495,25.0944,42.233,0,100,89,71,1430,3504,2.14575,0,15.0682,7.3469,0,3423,86533490290
37.3825,26.7505,42.233,0,100,89,71,1430,3504,2.14575,0,15.0682,7.3469,0,3423,86560242791
37.0858,26.9645,42.233,0,100,89,71,1430,3504,2.14575,0,15.0682,7.3469,0,3423,86587213981
36.0223,27.7606,43.2039,0,100,91,71,1430,3504,2.14575,0,15.0612,7.3469,0,3401,86614970100
34.5014,28.9843,43.2039,0,100,91,71,1430,3504,2.14575,0,15.0612,7.3469,0,3401,86643955762
39.5109,25.3095,43.2039,0,100,91,71,1430,3504,2.14575,0,15.0612,7.3469,0,3401,86669265667
34.7649,28.7646,43.2039,0,100,91,71,1430,3504,2.14575,0,15.0612,7.3469,0,3401,86698033455
40.4169,24.7421,43.2039,0,100,91,71,1430,3504,2.14575,0,15.0612,7.3469,0,3401,86722775864
35.6071,28.0843,43.2039,0,100,91,71,1430,3504,2.14575,0,15.0612,7.3469,0,3401,86750860902
35.0193,28.5557,43.2039,0,100,91,71,1430,3504,2.14575,0,15.0612,7.3469,0,3401,86779417293
39.3142,25.4361,43.2039,0,100,91,71,1430,3504,2.14575,0,15.0612,7.3469,0,3401,86804854571
38.299,26.1103,43.2039,0,100,91,71,1430,3504,2.14575,0,15.0612,7.3469,0,3401,86830966005
35.3658,28.2759,43.2039,0,100,91,71,1430,3504,2.14575,0,15.0612,7.3469,0,3401,86859243507
34.8227,28.7169,43.2039,0,100,91,71,1430,3504,2.14575,0,15.0612,7.3469,0,3401,86887961046
33.5405,29.8147,43.2039,0,100,91,71,1430,3504,2.14575,0,15.0612,7.3469,0,3401,86917777642
39.8556,25.0906,43.2039,0,100,91,71,1430,3504,2.14575,0,15.0612,7.3469,0,3401,86942868844
39.1814,25.5223,43.2039,0,100,91,71,1430,3504,2.14575,0,15.0612,7.3469,0,3401,86968393462
35.8766,27.8733,43.2039,0,100,91,71,1430,3504,2.14575,0,15.0612,7.3469,0,3401,86996267401
40.1419,24.9116,43.2039,0,100,91,71,1430,3504,2.14575,0,15.0612,7.3469,0,3401,87021179416
35.4975,28.171,43.2039,0,100,91,71,1430,3504,2.14575,0,15.0612,7.3469,0,3401,87049351816
37.0601,26.9832,43.2039,0,100,91,71,1430,3504,2.14575,0,15.0612,7.3469,0,3401,87076336976
36.514,27.3868,43.2039,0,100,91,71,1430,3504,2.14575,0,15.0612,7.3469,0,3401,87104305552
37.1182,26.941,41,0,100,91,71,1431,3504,2.14575,0,15.0616,7.3469,0,3410,87130667482
37.6567,26.5557,41,0,100,91,71,1431,3504,2.14575,0,15.0616,7.3469,0,3410,87157224312
35.5577,28.1233,41,0,100,91,71,1431,3504,2.14575,0,15.0616,7.3469,0,3410,87185349041
35.5914,28.0966,41,0,100,91,71,1431,3504,2.14575,0,15.0616,7.3469,0,3410,87213447267
39.9153,25.0531,41,0,100,91,71,1431,3504,2.14575,0,15.0616,7.3469,0,3410,87238501328
35.6626,28.0406,41,0,100,91,71,1431,3504,2.14575,0,15.0616,7.3469,0,3410,87266543284
39.5744,25.2689,41,0,100,91,71,1431,3504,2.14575,0,15.0616,7.3469,0,3410,87291813284
37.8817,26.3979,41,0,100,91,71,1431,3504,2.14575,0,15.0616,7.3469,0,3410,87318212729
35.9875,27.7875,41,0,100,91,71,1431,3504,2.14575,0,15.0616,7.3469,0,3410,87346001296
33.8752,29.5201,41,0,100,91,71,1431,3504,2.14575,0,15.0616,7.3469,0,3410,87375523449
41.4909,24.1017,41,0,100,91,71,1431,3504,2.14575,0,15.0616,7.3469,0,3410,87399638840
36.092,27.707,41,0,100,91,71,1431,3504,2.14575,0,15.0616,7.3469,0,3410,87427333465
36.0138,27.7671,41,0,100,91,71,1431,3504,2.14575,0,15.0616,7.3469,0,3410,87455101440
37.5057,26.6626,41,0,100,91,71,1431,3504,2.14575,0,15.0616,7.3469,0,3410,87481785106
38.9971,25.643,41,0,100,91,71,1431,3504,2.14575,0,15.0616,7.3469,0,3410,87507411461
37.2278,26.8616,41,0,100,91,71,1431,3504,2.14575,0,15.0616,7.3469,0,3410,87534274840
36.0594,27.732,41,0,100,91,71,1431,3504,2.14575,0,15.0616,7.3469,0,3410,87562008221
38.6314,25.8857,41,0,100,91,71,1431,3504,2.14575,0,15.0616,7.3469,0,3410,87587895946
35.6736,28.0319,41,0,100,91,71,1431,3504,2.14575,0,15.0616,7.3469,0,3410,87615933055
40.1643,24.8977,44.2543,0,100,88,71,1439,3504,2.14575,0,15.0619,7.3469,0,3400,87640827129
37.986,26.3255,44.2543,0,100,88,71,1439,3504,2.14575,0,15.0619,7.3469,0,3400,87667153510
36.469,27.4206,44.2543,0,100,88,71,1439,3504,2.14575,0,15.0619,7.3469,0,3400,87694575315
33.0021,30.3011,44.2543,0,100,88,71,1439,3504,2.14575,0,15.0619,7.3469,0,3400,87724877591
38.8709,25.7262,44.2543,0,100,88,71,1439,3504,2.14575,0,15.0619,7.3469,0,3400,87750604861
47.5794,21.0175,44.2543,0,100,88,71,1439,3504,2.14575,0,15.0619,7.3469,0,3400,87771623710
34.9818,28.5863,44.2543,0,100,88,71,1439,3504,2.14575,0,15.0619,7.3469,0,3400,87800211416
36.5658,27.348,44.2543,0,100,88,71,1439,3504,2.14575,0,15.0619,7.3469,0,3400,87827560189
38.3249,26.0927,44.2543,0,100,88,71,1439,3504,2.14575,0,15.0619,7.3469,0,3400,87853655500
36.0525,27.7373,44.2543,0,100,88,71,1439,3504,2.14575,0,15.0619,7.3469,0,3400,87881394171
39.456,25.3447,44.2543,0,100,88,71,1439,3504,2.14575,0,15.0619,7.3469,0,3400,87906739592
39.5863,25.2613,44.2543,0,100,88,71,1439,3504,2.14575,0,15.0619,7.3469,0,3400,87932002541
31.5534,31.6923,44.2543,0,100,88,71,1439,3504,2.14575,0,15.0619,7.3469,0,3400,87963697175
29.4886,33.9114,44.2543,0,100,88,71,1439,3504,2.14575,0,15.0619,7.3469,0,3400,87997610529
55.9852,17.8619,44.2543,0,100,88,71,1439,3504,2.14575,0,15.0619,7.3469,0,3400,88015472742
41.3131,24.2054,44.2543,0,100,88,71,1439,3504,2.14575,0,15.0619,7.3469,0,3400,88039678824
37.8838,26.3965,44.2543,0,100,88,71,1439,3504,2.14575,0,15.0619,7.3469,0,3400,88066076885
35.1211,28.4729,44.2543,0,100,88,71,1439,3504,2.14575,0,15.0619,7.3469,0,3400,88094551012
42.7277,23.404,44.2543,0,100,88,71,1439,3504,2.14575,0,15.0619,7.3469,0,3400,88117960312
35.7812,27.9477,60.4478,0,100,88,71,1442,3504,2.14575,0,15.0731,7.3469,0,3406,88145905059
38.4407,26.0141,60.4478,0,100,88,71,1442,3504,2.14575,0,15.0731,7.3469,0,3406,88171921225
40.386,24.7611,60.4478,0,100,88,71,1442,3504,2.14575,0,15.0731,7.3469,0,3406,88196695849
35.98,27.7932,60.4478,0,100,88,71,1442,3504,2.14575,0,15.0731,7.3469,0,3406,88224476588
37.569,26.6177,60.4478,0,100,88,71,1442,3504,2.14575,0,15.0731,7.3469,0,3406,88251095725
38.39,26.0485,60.4478,0,100,88,71,1442,3504,2.14575,0,15.0731,7.3469,0,3406,88277146264
39.5255,25.3002,60.4478,0,100,88,71,1442,3504,2.14575,0,15.0731,7.3469,0,3406,88302447250
33.8749,29.5204,60.4478,0,100,88,71,1442,3504,2.14575,0,15.0731,7.3469,0,3406,88331968737
39.8917,25.0679,60.4478,0,100,88,71,1442,3504,2.14575,0,15.0731,7.3469,0,3406,88357037068
38.0964,26.2492,60.4478,0,100,88,71,1442,3504,2.14575,0,15.0731,7.3469,0,3406,88383287830
35.9103,27.8472,60.4478,0,100,88,71,1442,3504,2.14575,0,15.0731,7.3469,0,3406,88411136525
39.1472,25.5446,60.4478,0,100,88,71,1442,3504,2.14575,0,15.0731,7.3469,0,3406,88436681793
39.8961,25.0651,60.4478,0,100,88,71,1442,3504,2.14575,0,15.0731,7.3469,0,3406,88461749810
35.1789,28.4261,60.4478,0,100,88,71,1442,3504,2.14575,0,15.0731,7.3469,0,3406,88490176507
41.9706,23.8262,60.4478,0,100,88,71,1442,3504,2.14575,0,15.0731,7.3469,0,3406,88514003885
40.4413,24.7272,60.4478,0,100,88,71,1442,3504,2.14575,0,15.0731,7.3469,0,3406,88538731893
38.0936,26.2511,60.4478,0,100,88,71,1442,3504,2.14575,0,15.0731,7.3469,0,3406,88564985117
38.3703,26.0618,60.4478,0,100,88,71,1442,3504,2.14575,0,15.0731,7.3469,0,3406,88591048324
39.9143,25.0537,60.4478,0,100,88,71,1442,3504,2.14575,0,15.0731,7.3469,0,3406,88616102776
38.9451,25.6771,60.4478,0,100,88,71,1442,3504,2.14575,0,15.0731,7.3469,0,3406,88641787537
39.1471,25.5447,43.0657,0,100,89,71,1442,3504,2.14575,0,15.0635,7.3469,0,3400,88667326681
36.3661,27.4981,43.0657,0,100,89,71,1442,3504,2.14575,0,15.0635,7.3469,0,3400,88694826549
38.427,26.0234,43.0657,0,100,89,71,1442,3504,2.14575,0,15.0635,7.3469,0,3400,88720850545
39.2798,25.4584,43.0657,0,100,89,71,1442,3504,2.14575,0,15.0635,7.3469,0,3400,88746310362
36.744,27.2154,43.0657,0,100,89,71,1442,3504,2.14575,0,15.0635,7.3469,0,3400,88773526198
44.7926,22.3251,43.0657,0,100,89,71,1442,3504,2.14575,0,15.0635,7.3469,0,3400,88795854337
37.2537,26.8429,43.0657,0,100,89,71,1442,3504,2.14575,0,15.0635,7.3469,0,3400,88822698453
39.3049,25.4421,43.0657,0,100,89,71,1442,3504,2.14575,0,15.0635,7.3469,0,3400,88848142838
39.8275,25.1083,43.0657,0,100,89,71,1442,3504,2.14575,0,15.0635,7.3469,0,3400,88873252041
35.5808,28.1051,43.0657,0,100,89,71,1442,3504,2.14575,0,15.0635,7.3469,0,3400,88901358810
42.8828,23.3194,43.0657,0,100,89,71,1442,3504,2.14575,0,15.0635,7.3469,0,3400,88924678793
38.2515,26.1428,43.0657,0,100,89,71,1442,3504,2.14575,0,15.0635,7.3469,0,3400,88950822908
40.6485,24.6012,43.0657,0,100,89,71,1442,3504,2.14575,0,15.0635,7.3469,0,3400,88975425817
34.9669,28.5985,43.0657,0,100,89,71,1442,3504,2.14575,0,15.0635,7.3469,0,3400,89004026494
43.02,23.245,43.0657,0,100,89,71,1442,3504,2.14575,0,15.0635,7.3469,0,3400,89027271037
37.7062,26.5209,43.0657,0,100,89,71,1442,3504,2.14575,0,15.0635,7.3469,0,3400,89053792336
39.6911,25.1946,43.0657,0,100,89,71,1442,3504,2.14575,0,15.0635,7.3469,0,3400,89078989978
39.9695,25.0191,43.0657,0,100,89,71,1442,3504,2.14575,0,15.0635,7.3469,0,3400,89104010711
38.1684,26.1997,43.0657,0,100,89,71,1442,3504,2.14575,0,15.0635,7.3469,0,3400,89130210756
39.4019,25.3795,43.0657,0,100,89,71,1442,3504,2.14575,0,15.0635,7.3469,0,3400,89155598153
40.915,24.4409,42.5,0,100,89,71,1459,3504,2.14575,0,15.0639,7.3469,0,3400,89180034235
38.4967,25.9763,42.5,0,100,89,71,1459,3504,2.14575,0,15.0639,7.3469,0,3400,89206011780
38.9405,25.6802,42.5,0,100,89,71,1459,3504,2.14575,0,15.0639,7.3469,0,3400,89231692602
38.1787,26.1926,42.5,0,100,89,71,1459,3504,2.14575,0,15.0639,7.3469,0,3400,89257887833
39.7689,25.1452,42.5,0,100,89,71,1459,3504,2.14575,0,15.0639,7.3469,0,3400,89283033455
38.9995,25.6413,42.5,0,100,89,71,1459,3504,2.14575,0,15.0639,7.3469,0,3400,89308675724
39.0795,25.5889,42.5,0,100,89,71,1459,3504,2.14575,0,15.0639,7.3469,0,3400,89334266077
39.6893,25.1957,42.5,0,100,89,71,1459,3504,2.14575,0,15.0639,7.3469,0,3400,89359461740
36.5232,27.3799,42.5,0,100,89,71,1459,3504,2.14575,0,15.0639,7.3469,0,3400,89386843980
42.7859,23.3722,42.5,0,100,89,71,1459,3504,2.14575,0,15.0639,7.3469,0,3400,89410217040
36.6325,27.2982,42.5,0,100,89,71,1459,3504,2.14575,0,15.0639,7.3469,0,3400,89437516383
32.389,30.8746,42.5,0,100,89,71,1459,3504,2.14575,0,15.0639,7.3469,0,3400,89468393163
51.3046,19.4914,42.5,0,100,89,71,1459,3504,2.14575,0,15.0639,7.3469,0,3400,89487885288
39.8241,25.1104,42.5,0,100,89,71,1459,3504,2.14575,0,15.0639,7.3469,0,3400,89512997014
35.3464,28.2915,42.5,0,100,89,71,1459,3504,2.14575,0,15.0639,7.3469,0,3400,89541289226
43.3974,23.0429,42.5,0,100,89,71,1459,3504,2.14575,0,15.0639,7.3469,0,3400,89564334041
38.5856,25.9164,42.5,0,100,89,71,1459,3504,2.14575,0,15.0639,7.3469,0,3400,89590252265
40.5463,24.6632,42.5,0,100,89,71,1459,3504,2.14575,0,15.0639,7.3469,0,3400,89614915958
35.9191,27.8403,42.5,0,100,89,71,1459,3504,2.14575,0,15.0639,7.3469,0,3400,89642758446
40.5811,24.642,42.5,0,100,89,71,1459,3504,2.14575,0,15.0639,7.3469,0,3400,89667405957
37.6296,26.5748,46.5995,0,100,91,71,1493,3504,2.14575,0,15.0644,7.3469,0,3400,89693977025
42.2325,23.6785,46.5995,0,100,91,71,1493,3504,2.14575,0,15.0644,7.3469,0,3400,89717655912
38.7676,25.7948,46.5995,0,100,91,71,1493,3504,2.14575,0,15.0644,7.3469,0,3400,89743451817
37.223,26.8651,46.5995,0,100,91,71,1493,3504,2.14575,0,15.0644,7.3469,0,3400,89770318969
33.8473,29.5444,46.5995,0,100,91,71,1493,3504,2.14575,0,15.0644,7.3469,0,3400,89799865579
48.977,20.4178,46.5995,0,100,91,71,1493,3504,2.14575,0,15.0644,7.3469,0,3400,89820284065
35.9916,27.7843,46.5995,0,100,91,71,1493,3504,2.14575,0,15.0644,7.3469,0,3400,89848070225
42.245,23.6714,46.5995,0,100,91,71,1493,3504,2.14575,0,15.0644,7.3469,0,3400,89871743445
35.9911,27.7846,46.5995,0,100,91,71,1493,3504,2.14575,0,15.0644,7.3469,0,3400,89899527567
45.3484,22.0515,46.5995,0,100,91,71,1493,3504,2.14575,0,15.0644,7.3469,0,3400,89921581166
37.5817,26.6087,46.5995,0,100,91,71,1493,3504,2.14575,0,15.0644,7.3469,0,3400,89948191407
40.5495,24.6612,46.5995,0,100,91,71,1493,3504,2.14575,0,15.0644,7.3469,0,3400,89972854555
37.6031,26.5935,46.5995,0,100,91,71,1493,3504,2.14575,0,15.0644,7.3469,0,3400,89999447778
39.7089,25.1833,46.5995,0,100,91,71,1493,3504,2.14575,0,15.0644,7.3469,0,3400,90024633147
38.2494,26.1442,46.5995,0,100,91,71,1493,3504,2.14575,0,15.0644,7.3469,0,3400,90050779670
40.4132,24.7444,46.5995,0,100,91,71,1493,3504,2.14575,0,15.0644,7.3469,0,3400,90075524239
39.5672,25.2735,46.5995,0,100,91,71,1493,3504,2.14575,0,15.0644,7.3469,0,3400,90100799010
38.3397,26.0826,46.5995,0,100,91,71,1493,3504,2.14575,0,15.0644,7.3469,0,3400,90126883817
39.0698,25.5952,46.5995,0,100,91,71,1493,3504,2.14575,0,15.0644,7.3469,0,3400,90152479781
40.5501,24.6609,46.5995,0,100,91,71,1493,3504,2.14575,0,15.0644,7.3469,0,3400,90177144600
38.6996,25.8401,48.0198,0,100,91,71,1493,3504,2.14575,0,15.0645,7.3469,0,3454,90202983094
37.5799,26.61,48.0198,0,100,91,71,1493,3504,2.14575,0,15.0645,7.3469,0,3454,90229594742
39.3966,25.3829,48.0198,0,100,91,71,1493,3504,2.14575,0,15.0645,7.3469,0,3454,90254977662
38.968,25.6621,48.0198,0,100,91,71,1493,3504,2.14575,0,15.0645,7.3469,0,3454,90280641334
36.2247,27.6055,48.0198,0,100,91,71,1493,3504,2.14575,0,15.0645,7.3469,0,3454,90308248451
41.0391,24.367,48.0198,0,100,91,71,1493,3504,2.14575,0,15.0645,7.3469,0,3454,90332616940
38.9399,25.6806,48.0198,0,100,91,71,1493,3504,2.14575,0,15.0645,7.3469,0,3454,90358299284
38.1787,26.1926,48.0198,0,100,91,71,1493,3504,2.14575,0,15.0645,7.3469,0,3454,90384492454
39.3895,25.3875,48.0198,0,100,91,71,1493,3504,2.14575,0,15.0645,7.3469,0,3454,90409883070
40.2614,24.8377,48.0198,0,100,91,71,1493,3504,2.14575,0,15.0645,7.3469,0,3454,90434720527
36.541,27.3665,48.0198,0,100,91,71,1493,3504,2.14575,0,15.0645,7.3469,0,3454,90462089255
33.8407,29.5502,48.0198,0,100,91,71,1493,3504,2.14575,0,15.0645,7.3469,0,3454,90491640449
46.3784,21.5618,48.0198,0,100,91,71,1493,3504,2.14575,0,15.0645,7.3469,0,3454,90513204355
39.5861,25.2614,48.0198,0,100,91,71,1493,3504,2.14575,0,15.0645,7.3469,0,3454,90538466265
40.053,24.9669,48.0198,0,100,91,71,1493,3504,2.14575,0,15.0645,7.3469,0,3454,90563446745
37.701,26.5245,48.0198,0,100,91,71,1493,3504,2.14575,0,15.0645,7.3469,0,3454,90589960166
37.8159,26.4439,48.0198,0,100,91,71,1493,3504,2.14575,0,15.0645,7.3469,0,3454,90616404966
41.4709,24.1133,48.0198,0,100,91,71,1493,3504,2.14575,0,15.0645,7.3469,0,3454,90640518951
34.9661,28.5991,48.0198,0,100,91,71,1493,3504,2.14575,0,15.0645,7.3469,0,3454,90669137371
39.5835,25.2631,48.0198,0,100,91,71,1493,3504,2.14575,0,15.0645,7.3469,0,3454,90694386364
42.3951,23.5876,41.791,0,100,91,71,1493,3504,2.14575,0,15.0574,7.3469,0,3400,90717971968
37.9527,26.3486,41.791,0,100,91,71,1493,3504,2.14575,0,15.0574,7.3469,0,3400,90744321753
40.8736,24.4657,41.791,0,100,91,71,1493,3504,2.14575,0,15.0574,7.3469,0,3400,90768788616
37.9915,26.3217,41.791,0,100,91,71,1493,3504,2.14575,0,15.0574,7.3469,0,3400,90795111265
39.7377,25.165,41.791,0,100,91,71,1493,3504,2.14575,0,15.0574,7.3469,0,3400,90820278111
37.827,26.4362,41.791,0,100,91,71,1493,3504,2.14575,0,15.0574,7.3469,0,3400,90846715757
35.3965,28.2514,41.791,0,100,91,71,1493,3504,2.14575,0,15.0574,7.3469,0,3400,90874967632
43.4236,23.0289,41.791,0,100,91,71,1493,3504,2.14575,0,15.0574,7.3469,0,3400,90897998137
38.4597,26.0013,41.791,0,100,91,71,1493,3504,2.14575,0,15.0574,7.3469,0,3400,90924000073
38.7695,25.7935,41.791,0,100,91,71,1493,3504,2.14575,0,15.0574,7.3469,0,3400,90949795434
40.2731,24.8305,41.791,0,100,91,71,1493,3504,2.14575,0,15.0574,7.3469,0,3400,90974626643
38.9596,25.6676,41.791,0,100,91,71,1493,3504,2.14575,0,15.0574,7.3469,0,3400,91000295730
40.9992,24.3907,41.791,0,100,91,71,1493,3504,2.14575,0,15.0574,7.3469,0,3400,91024689278
38.4346,26.0182,41.791,0,100,91,71,1493,3504,2.14575,0,15.0574,7.3469,0,3400,91050709647
38.3741,26.0593,41.791,0,100,91,71,1493,3504,2.14575,0,15.0574,7.3469,0,3400,91076769379
39.6717,25.2069,41.791,0,100,91,71,1493,3504,2.14575,0,15.0574,7.3469,0,3400,91101977305
39.5491,25.285,41.791,0,100,91,71,1493,3504,2.14575,0,15.0574,7.3469,0,3400,91127264419
39.4937,25.3205,41.791,0,100,91,71,1493,3504,2.14575,0,15.0574,7.3469,0,3400,91152585803
36.8404,27.1441,41.791,0,100,91,71,1493,3504,2.14575,0,15.0574,7.3469,0,3400,91179732537
39.2265,25.4929,41.791,0,100,91,71,1493,3504,2.14575,0,15.0574,7.3469,0,3400,91205232010
39.9959,25.0026,41.9118,0,100,91,71,1493,3504,2.14575,0,15.0576,7.3469,0,3400,91230229504
40.4143,24.7437,41.9118,0,100,91,71,1493,3504,2.14575,0,15.0576,7.3469,0,3400,91254974810
38.0862,26.2562,41.9118,0,100,91,71,1493,3504,2.14575,0,15.0576,7.3469,0,3400,91281230713
42.4447,23.56,41.9118,0,100,91,71,1493,3504,2.14575,0,15.0576,7.3469,0,3400,91304793305
37.6847,26.5359,41.9118,0,100,91,71,1493,3504,2.14575,0,15.0576,7.3469,0,3400,91331330708
41.1683,24.2905,41.9118,0,100,91,71,1493,3504,2.14575,0,15.0576,7.3469,0,3400,91355621650
46.7351,21.3972,41.9118,0,100,91,71,1493,3504,2.14575,0,15.0576,7.3469,0,3400,91377020891
40.1874,24.8834,41.9118,0,100,91,71,1493,3504,2.14575,0,15.0576,7.3469,0,3400,91401904567
39.5769,25.2673,41.9118,0,100,91,71,1493,3504,2.14575,0,15.0576,7.3469,0,3400,91427173152
43.3984,23.0423,41.9118,0,100,91,71,1493,3504,2.14575,0,15.0576,7.3469,0,3400,91450217028
37.549,26.6319,41.9118,0,100,91,71,1493,3504,2.14575,0,15.0576,7.3469,0,3400,91476849376
39.8146,25.1164,41.9118,0,100,91,71,1493,3504,2.14575,0,15.0576,7.3469,0,3400,91501967108
43.6451,22.9121,41.9118,0,100,91,71,1493,3504,2.14575,0,15.0576,7.3469,0,3400,91524879479
35.6329,28.064,41.9118,0,100,91,71,1493,3504,2.14575,0,15.0576,7.3469,0,3400,91552945632
46.4918,21.5092,41.9118,0,100,91,71,1493,3504,2.14575,0,15.0576,7.3469,0,3400,91574455080
42.6324,23.4564,41.9118,0,100,91,71,1493,3504,2.14575,0,15.0576,7.3469,0,3400,91597912978
35.8851,27.8667,41.9118,0,100,91,71,1493,3504,2.14575,0,15.0576,7.3469,0,3400,91625781709
46.0591,21.7112,41.9118,0,100,91,71,1493,3504,2.14575,0,15.0576,7.3469,0,3400,91647494213
40.3371,24.7911,41.9118,0,100,91,71,1493,3504,2.14575,0,15.0576,7.3469,0,3400,91672287377
40.8907,24.4555,41.9118,0,100,91,71,1493,3504,2.14575,0,15.0576,7.3469,0,3400,91696741753
41.461,24.119,41.9118,0,100,91,71,1493,3504,2.14575,0,15.0576,7.3469,0,3400,91720867835
39.9205,25.0498,45.7831,0,100,91,72,1533,3504,2.14575,0,15.0576,7.3469,0,3401,91745913829
41.4884,24.1031,45.7831,0,100,91,72,1533,3504,2.14575,0,15.0576,7.3469,0,3401,91770017258
42.2219,23.6844,45.7831,0,100,91,72,1533,3504,2.14575,0,15.0576,7.3469,0,3401,91793704131
40.2804,24.826,45.7831,0,100,91,72,1533,3504,2.14575,0,15.0576,7.3469,0,3401,91818532473
37.8531,26.4179,45.7831,0,100,91,72,1533,3504,2.14575,0,15.0576,7.3469,0,3401,91844950983
40.4361,24.7303,45.7831,0,100,91,72,1533,3504,2.14575,0,15.0576,7.3469,0,3401,91869718045
41.1511,24.3007,45.7831,0,100,91,72,1533,3504,2.14575,0,15.0576,7.3469,0,3401,91893985075
39.7549,25.1541,45.7831,0,100,91,72,1533,3504,2.14575,0,15.0576,7.3469,0,3401,91919139920
42.0246,23.7956,45.7831,0,100,91,72,1533,3504,2.14575,0,15.0576,7.3469,0,3401,91942937181
39.9781,25.0137,45.7831,0,100,91,72,1533,3504,2.14575,0,15.0576,7.3469,0,3401,91967951821
39.0452,25.6114,45.7831,0,100,91,72,1533,3504,2.14575,0,15.0576,7.3469,0,3401,91993564303
42.2827,23.6503,45.7831,0,100,91,72,1533,3504,2.14575,0,15.0576,7.3469,0,3401,92017215595
40.551,24.6603,45.7831,0,100,91,72,1533,3504,2.14575,0,15.0576,7.3469,0,3401,92041876923
44.7143,22.3642,45.7831,0,100,91,72,1533,3504,2.14575,0,15.0576,7.3469,0,3401,92064243527
38.0426,26.2863,45.7831,0,100,91,72,1533,3504,2.14575,0,15.0576,7.3469,0,3401,92090531072
41.8444,23.8981,45.7831,0,100,91,72,1533,3504,2.14575,0,15.0576,7.3469,0,3401,92114429619
40.9557,24.4167,45.7831,0,100,91,72,1533,3504,2.14575,0,15.0576,7.3469,0,3401,92138848711
39.9972,25.0018,45.7831,0,100,91,72,1533,3504,2.14575,0,15.0576,7.3469,0,3401,92163850974
39.1083,25.57,45.7831,0,100,91,72,1533,3504,2.14575,0,15.0576,7.3469,0,3401,92189422385
45.0511,22.197,45.7831,0,100,91,72,1533,3504,2.14575,0,15.0576,7.3469,0,3401,92211621193
33.9961,29.4151,45.7831,0,100,91,72,1533,3504,2.14575,0,15.0576,7.3469,0,3401,92241039039
48.5342,20.604,45.4327,0,100,91,72,1594,3504,2.14574,0,15.0578,7.3469,0,3406,92261641820
36.6149,27.3113,45.4327,0,100,91,72,1594,3504,2.14574,0,15.0578,7.3469,0,3406,92288955024
45.8258,21.8218,45.4327,0,100,91,72,1594,3504,2.14574,0,15.0578,7.3469,0,3406,92310777434
42.1781,23.709,45.4327,0,100,91,72,1594,3504,2.14574,0,15.0578,7.3469,0,3406,92334488188
40.3888,24.7594,45.4327,0,100,91,72,1594,3504,2.14574,0,15.0578,7.3469,0,3406,92359261688
39.5444,25.288,45.4327,0,100,91,72,1594,3504,2.14574,0,15.0578,7.3469,0,3406,92384537177
42.6847,23.4276,45.4327,0,100,91,72,1594,3504,2.14574,0,15.0578,7.3469,0,3406,92407967269
41.0553,24.3574,45.4327,0,100,91,72,1594,3504,2.14574,0,15.0578,7.3469,0,3406,92432324942
38.7545,25.8034,45.4327,0,100,91,72,1594,3504,2.14574,0,15.0578,7.3469,0,3406,92458129311
40.3877,24.76,45.4327,0,100,91,72,1594,3504,2.14574,0,15.0578,7.3469,0,3406,92482889399
42.0028,23.8079,45.4327,0,100,91,72,1594,3504,2.14574,0,15.0578,7.3469,0,3406,92506699067
42.5533,23.5,45.4327,0,100,91,72,1594,3504,2.14574,0,15.0578,7.3469,0,3406,92530200582
38.6623,25.865,45.4327,0,100,91,72,1594,3504,2.14574,0,15.0578,7.3469,0,3406,92556067139
43.1003,23.2017,45.4327,0,100,91,72,1594,3504,2.14574,0,15.0578,7.3469,0,3406,92579270145
38.5015,25.973,45.4327,0,100,91,72,1594,3504,2.14574,0,15.0578,7.3469,0,3406,92605244083
40.5301,24.673,45.4327,0,100,91,72,1594,3504,2.14574,0,15.0578,7.3469,0,3406,92629918638
42.2166,23.6874,45.4327,0,100,91,72,1594,3504,2.14574,0,15.0578,7.3469,0,3406,92653607871
43.2355,23.1292,45.4327,0,100,91,72,1594,3504,2.14574,0,15.0578,7.3469,0,3406,92676737186
35.4404,28.2164,45.4327,0,100,91,72,1594,3504,2.14574,0,15.0578,7.3469,0,3406,92704954583
41.7553,23.9491,45.4327,0,100,91,72,1594,3504,2.14574,0,15.0578,7.3469,0,3406,92728904994
41.7029,23.9791,45.4327,0,100,91,72,1594,3504,2.14574,0,15.0578,7.3469,0,3406,92752892492
39.307,25.4407,44.9631,0,100,89,73,1600,3504,2.14569,0,15.0573,7.3469,0,3400,92778328077
42.1109,23.7468,44.9631,0,100,89,73,1600,3504,2.14569,0,15.0573,7.3469,0,3400,92802076844
42.526,23.515,44.9631,0,100,89,73,1600,3504,2.14569,0,15.0573,7.3469,0,3400,92825592452
42.0326,23.7911,44.9631,0,100,89,73,1600,3504,2.14569,0,15.0573,7.3469,0,3400,92849386118
40.5897,24.6368,44.9631,0,100,89,73,1600,3504,2.14569,0,15.0573,7.3469,0,3400,92874023608
38.531,25.9531,44.9631,0,100,89,73,1600,3504,2.14569,0,15.0573,7.3469,0,3400,92899977764
41.6761,23.9946,44.9631,0,100,89,73,1600,3504,2.14569,0,15.0573,7.3469,0,3400,92923973705
39.8887,25.0697,44.9631,0,100,89,73,1600,3504,2.14569,0,15.0573,7.3469,0,3400,92949042921
42.67,23.4357,44.9631,0,100,89,73,1600,3504,2.14569,0,15.0573,7.3469,0,3400,92972479971
38.6778,25.8546,44.9631,0,100,89,73,1600,3504,2.14569,0,15.0573,7.3469,0,3400,92998335759
40.356,24.7795,44.9631,0,100,89,73,1600,3504,2.14569,0,15.0573,7.3469,0,3400,93023116501
28.1575,35.5145,44.9631,0,100,89,73,1600,3504,2.14569,0,15.0573,7.3469,0,3400,93058644941
78.7014,12.7062,44.9631,0,100,89,73,1600,3504,2.14569,0,15.0573,7.3469,0,3400,93071338953
42.8302,23.348,44.9631,0,100,89,73,1600,3504,2.14569,0,15.0573,7.3469,0,3400,93094688893
39.1715,25.5288,44.9631,0,100,89,73,1600,3504,2.14569,0,15.0573,7.3469,0,3400,93120218318
42.6327,23.4562,44.9631,0,100,89,73,1600,3504,2.14569,0,15.0573,7.3469,0,3400,93143676594
42.0232,23.7964,44.9631,0,100,89,73,1600,3504,2.14569,0,15.0573,7.3469,0,3400,93167562566
35.8601,27.8861,44.9631,0,100,89,73,1600,3504,2.14569,0,15.0573,7.3469,0,3400,93195448497
48.776,20.5019,44.9631,0,100,89,73,1600,3504,2.14569,0,15.0573,7.3469,0,3400,93215964436
39.8157,25.1157,44.9631,0,100,89,73,1600,3504,2.14569,0,15.0573,7.3469,0,3400,93241069165
40.1397,24.913,44.9631,0,100,89,73,1600,3504,2.14569,0,15.0573,7.3469,0,3400,93265986225
42.2151,23.6882,39.5466,0,100,89,73,1599,3504,2.14569,0,15.0576,7.3469,0,3403,93289671166
41.7764,23.9369,39.5466,0,100,89,73,1599,3504,2.14569,0,15.0576,7.3469,0,3403,93313609933
35.9737,27.7981,39.5466,0,100,89,73,1599,3504,2.14569,0,15.0576,7.3469,0,3403,93341409210
28.9174,34.5813,39.5466,0,100,89,73,1599,3504,2.14569,0,15.0576,7.3469,0,3403,93375994418
51.7812,19.312,39.5466,0,100,89,73,1599,3504,2.14569,0,15.0576,7.3469,0,3403,93395306916
43.0663,23.22,39.5466,0,100,89,73,1599,3504,2.14569,0,15.0576,7.3469,0,3403,93418527965
53.7752,18.5959,39.5466,0,100,89,73,1599,3504,2.14569,0,15.0576,7.3469,0,3403,93437125691
42.7722,23.3797,39.5466,0,100,89,73,1599,3504,2.14569,0,15.0576,7.3469,0,3403,93460506514
44.362,22.5418,39.5466,0,100,89,73,1599,3504,2.14569,0,15.0576,7.3469,0,3403,93483049655
42.8131,23.3573,39.5466,0,100,89,73,1599,3504,2.14569,0,15.0576,7.3469,0,3403,93506408545
47.1245,21.2204,39.5466,0,100,89,73,1599,3504,2.14569,0,15.0576,7.3469,0,3403,93527629769
0.951786,1050.66,39.5466,0,100,89,73,1599,3504,2.14569,0,15.0576,7.3469,0,3403,94578291651
12.7406,78.4893,61.0951,0,0,86,69,1695,3504,2.15155,0,15.0519,7.3469,0,3571,94656776875
19.9785,50.0539,61.0951,0,0,86,69,1695,3504,2.15155,0,15.0519,7.3469,0,3571,94706832878
124.561,8.02822,61.0951,0,0,86,69,1695,3504,2.15155,0,15.0519,7.3469,0,3571,94714861967
38.8206,25.7595,61.0951,0,0,86,69,1695,3504,2.15155,0,15.0519,7.3469,0,3571,94740624025
43.7563,22.8539,61.0951,0,0,86,69,1695,3504,2.15155,0,15.0519,7.3469,0,3571,94763478287
47.6444,20.9888,61.0951,0,0,86,69,1695,3504,2.15155,0,15.0519,7.3469,0,3571,94784468147
41.0254,24.3751,61.0951,0,0,86,69,1695,3504,2.15155,0,15.0519,7.3469,0,3571,94808844347
51.3908,19.4587,61.0951,0,0,86,69,1695,3504,2.15155,0,15.0519,7.3469,0,3571,94828303838
41.4492,24.1259,61.0951,0,0,86,69,1695,3504,2.15155,0,15.0519,7.3469,0,3571,94852431547
19.4627,51.3804,61.0951,0,0,86,69,1695,3504,2.15155,0,15.0519,7.3469,0,3571,94903812357
96.4933,10.3634,61.0951,0,0,86,69,1695,3504,2.15155,0,15.0519,7.3469,0,3571,94914176161
42.9625,23.2761,61.0951,0,0,86,69,1695,3504,2.15155,0,15.0519,7.3469,0,3571,94937454200
50.1947,19.9224,61.0951,0,0,86,69,1695,3504,2.15155,0,15.0519,7.3469,0,3571,94957377527
40.8915,24.455,61.0951,0,0,86,69,1695,3504,2.15155,0,15.0519,7.3469,0,3571,94981833141
42.5038,23.5273,61.0951,0,0,86,69,1695,3504,2.15155,0,15.0519,7.3469,0,3571,95005362567
36.6783,27.2641,61.0951,0,0,86,69,1695,3504,2.15155,0,15.0519,7.3469,0,3571,95032627119
48.7486,20.5134,61.0951,0,0,86,69,1695,3504,2.15155,0,15.0519,7.3469,0,3571,95053141524
45.0708,22.1873,61.0951,0,0,86,69,1695,3504,2.15155,0,15.0519,7.3469,0,3571,95075330100
50.2293,19.9087,61.0951,0,0,86,69,1695,3504,2.15155,0,15.0519,7.3469,0,3571,95095246910
39.5104,25.3098,69.5122,0,25,86,70,1695,3504,2.14791,0,15.0618,7.3469,0,3400,95120550499
43.0782,23.2136,69.5122,0,25,86,70,1695,3504,2.14791,0,15.0618,7.3469,0,3400,95143765288
49.1849,20.3315,69.5122,0,25,86,70,1695,3504,2.14791,0,15.0618,7.3469,0,3400,95164097909
43.1111,23.1959,69.5122,0,25,86,70,1695,3504,2.14791,0,15.0618,7.3469,0,3400,95187295492
45.0893,22.1782,69.5122,0,25,86,70,1695,3504,2.14791,0,15.0618,7.3469,0,3400,95209475993
43.7281,22.8686,69.5122,0,25,86,70,1695,3504,2.14791,0,15.0618,7.3469,0,3400,95232344507
42.0997,23.7531,69.5122,0,25,86,70,1695,3504,2.14791,0,15.0618,7.3469,0,3400,95256098735
35.253,28.3663,69.5122,0,25,86,70,1695,3504,2.14791,0,15.0618,7.3469,0,3400,95284466730
53.5253,18.6828,69.5122,0,25,86,70,1695,3504,2.14791,0,15.0618,7.3469,0,3400,95303151129
40.3846,24.7619,69.5122,0,25,86,70,1695,3504,2.14791,0,15.0618,7.3469,0,3400,95327913898
42.249,23.6692,69.5122,0,25,86,70,1695,3504,2.14791,0,15.0618,7.3469,0,3400,95351583710
64.1428,15.5902,69.5122,0,25,86,70,1695,3504,2.14791,0,15.0618,7.3469,0,3400,95367175263
14.8145,67.5013,69.5122,0,25,86,70,1695,3504,2.14791,0,15.0618,7.3469,0,3400,95434677279
125.139,7.99112,69.5122,0,25,86,70,1695,3504,2.14791,0,15.0618,7.3469,0,3400,95442669860
46.695,21.4155,69.5122,0,25,86,70,1695,3504,2.14791,0,15.0618,7.3469,0,3400,95464087334
37.7899,26.4621,69.5122,0,25,86,70,1695,3504,2.14791,0,15.0618,7.3469,0,3400,95490551454
46.9474,21.3005,69.5122,0,25,86,70,1695,3504,2.14791,0,15.0618,7.3469,0,3400,95511853245
39.6574,25.216,69.5122,0,25,86,70,1695,3504,2.14791,0,15.0618,7.3469,0,3400,95537070954
48.3467,20.6839,69.5122,0,25,86,70,1695,3504,2.14791,0,15.0618,7.3469,0,3400,95557755691
43.3702,23.0573,69.5122,0,25,86,70,1695,3504,2.14791,0,15.0618,7.3469,0,3400,95580814846
39.6496,25.2209,69.5122,0,25,86,70,1695,3504,2.14791,0,15.0618,7.3469,0,3400,95606039166
47.4553,21.0725,64.951,0,94,86,73,1687,3504,2.1398,0,15.0697,7.3469,0,3400,95627110271
39.2067,25.5058,64.951,0,94,86,73,1687,3504,2.1398,0,15.0697,7.3469,0,3400,95652617154
41.4743,24.1113,64.951,0,94,86,73,1687,3504,2.1398,0,15.0697,7.3469,0,3400,95676728309
50.2229,19.9112,64.951,0,94,86,73,1687,3504,2.1398,0,15.0697,7.3469,0,3400,95696641359
37.4149,26.7273,64.951,0,94,86,73,1687,3504,2.1398,0,15.0697,7.3469,0,3400,95723372810
46.7589,21.3863,64.951,0,94,86,73,1687,3504,2.1398,0,15.0697,7.3469,0,3400,95744758387
39.8746,25.0786,64.951,0,94,86,73,1687,3504,2.1398,0,15.0697,7.3469,0,3400,95769837651
37.6097,26.5889,64.951,0,94,86,73,1687,3504,2.1398,0,15.0697,7.3469,0,3400,95796426650
46.1088,21.6878,64.951,0,94,86,73,1687,3504,2.1398,0,15.0697,7.3469,0,3400,95818116594
37.8182,26.4423,64.951,0,94,86,73,1687,3504,2.1398,0,15.0697,7.3469,0,3400,95844560920
42.8614,23.331,64.951,0,94,86,73,1687,3504,2.1398,0,15.0697,7.3469,0,3400,95867892095
21.4299,46.6638,64.951,0,94,86,73,1687,3504,2.1398,0,15.0697,7.3469,0,3400,95914557689
99.9836,10.0016,64.951,0,94,86,73,1687,3504,2.1398,0,15.0697,7.3469,0,3400,95924562041
37.1526,26.916,64.951,0,94,86,73,1687,3504,2.1398,0,15.0697,7.3469,0,3400,95951478577
34.3051,29.1502,64.951,0,94,86,73,1687,3504,2.1398,0,15.0697,7.3469,0,3400,95980629831
52.8455,18.9231,64.951,0,94,86,73,1687,3504,2.1398,0,15.0697,7.3469,0,3400,95999554149
33.7986,29.587,64.951,0,94,86,73,1687,3504,2.1398,0,15.0697,7.3469,0,3400,96029142153
39.2435,25.4819,64.951,0,94,86,73,1687,3504,2.1398,0,15.0697,7.3469,0,3400,96054625487
23.7853,42.0428,64.951,0,94,86,73,1687,3504,2.1398,0,15.0697,7.3469,0,3400,96096669475
37.8975,26.387,64.951,0,94,86,73,1687,3504,2.1398,0,15.0697,7.3469,0,3400,96123086255
31.5079,31.7381,67.1533,0,94,86,73,1687,3504,2.1398,0,15.0697,7.3469,0,1735,96154798723
30.2467,33.0614,67.1533,0,94,86,73,1687,3504,2.1398,0,15.0697,7.3469,0,1735,96187860027
68.0607,14.6928,67.1533,0,94,86,73,1687,3504,2.1398,0,15.0697,7.3469,0,1735,96202554523
28.385,35.2299,67.1533,0,94,86,73,1687,3504,2.1398,0,15.0697,7.3469,0,1735,96237785688
29.9404,33.3997,67.1533,0,94,86,73,1687,3504,2.1398,0,15.0697,7.3469,0,1735,96271208234
42.7381,23.3983,67.1533,0,94,86,73,1687,3504,2.1398,0,15.0697,7.3469,0,1735,96294605891
30.0909,33.2326,67.1533,0,94,86,73,1687,3504,2.1398,0,15.0697,7.3469,0,1735,96327840552
31.9601,31.289,67.1533,0,94,86,73,1687,3504,2.1398,0,15.0697,7.3469,0,1735,96359130399
62.7267,15.9422,67.1533,0,94,86,73,1687,3504,2.1398,0,15.0697,7.3469,0,1735,96375074157
26.3425,37.9615,67.1533,0,94,86,73,1687,3504,2.1398,0,15.0697,7.3469,0,1735,96413036976
55.011,18.1782,67.1533,0,94,86,73,1687,3504,2.1398,0,15.0697,7.3469,0,1735,96431215386
38.6374,25.8817,67.1533,0,94,86,73,1687,3504,2.1398,0,15.0697,7.3469,0,1735,96457120345
27.5966,36.2364,67.1533,0,94,86,73,1687,3504,2.1398,0,15.0697,7.3469,0,1735,96493356504
35.2882,28.3381,67.1533,0,94,86,73,1687,3504,2.1398,0,15.0697,7.3469,0,1735,96521695837
36.1848,27.6359,67.1533,0,94,86,73,1687,3504,2.1398,0,15.0697,7.3469,0,1735,96549333485
45.1029,22.1715,67.1533,0,94,86,73,1687,3504,2.1398,0,15.0697,7.3469,0,1735,96571506378
28.1126,35.5712,67.1533,0,94,86,73,1687,3504,2.1398,0,15.0697,7.3469,0,1735,96607079146
50.5204,19.794,67.1533,0,94,86,73,1687,3504,2.1398,0,15.0697,7.3469,0,1735,96626898997
25.8204,38.7291,87.0801,0,97,81,73,1550,3504,2.13842,0,15.0697,7.3469,0,1740,96665624940
27.3497,36.5634,87.0801,0,97,81,73,1550,3504,2.13842,0,15.0697,7.3469,0,1740,96702190441
60.0188,16.6615,87.0801,0,97,81,73,1550,3504,2.13842,0,15.0697,7.3469,0,1740,96718851987
44.2447,22.6016,87.0801,0,97,81,73,1550,3504,2.13842,0,15.0697,7.3469,0,1740,96741455240
42.0483,23.7822,87.0801,0,97,81,73,1550,3504,2.13842,0,15.0697,7.3469,0,1740,96765239775
39.1219,25.5611,87.0801,0,97,81,73,1550,3504,2.13842,0,15.0697,7.3469,0,1740,96790801065
39.1172,25.5642,87.0801,0,97,81,73,1550,3504,2.13842,0,15.0697,7.3469,0,1740,96816366053
31.2647,31.9849,87.0801,0,97,81,73,1550,3504,2.13842,0,15.0697,7.3469,0,1740,96848353233
34.9409,28.6197,87.0801,0,97,81,73,1550,3504,2.13842,0,15.0697,7.3469,0,1740,96876973037
36.9403,27.0707,87.0801,0,97,81,73,1550,3504,2.13842,0,15.0697,7.3469,0,1740,96904044649
34.1413,29.2901,87.0801,0,97,81,73,1550,3504,2.13842,0,15.0697,7.3469,0,1740,96933357238
32.5973,30.6774,87.0801,0,97,81,73,1550,3504,2.13842,0,15.0697,7.3469,0,1740,96964016090
30.6214,32.6569,87.0801,0,97,81,73,1550,3504,2.13842,0,15.0697,7.3469,0,1740,96996673299
36.7867,27.1837,87.0801,0,97,81,73,1550,3504,2.13842,0,15.0697,7.3469,0,1740,97023858577
61.7597,16.1918,87.0801,0,97,81,73,1550,3504,2.13842,0,15.0697,7.3469,0,1740,97040052938
25.2562,39.5943,87.0801,0,97,81,73,1550,3504,2.13842,0,15.0697,7.3469,0,1740,97079670538
26.61,37.5799,87.0801,0,97,81,73,1550,3504,2.13842,0,15.0697,7.3469,0,1740,97117250660
56.3834,17.7357,87.0801,0,97,81,73,1550,3504,2.13842,0,15.0697,7.3469,0,1740,97134995098
26.0936,38.3235,89.0274,0,94,81,71,1463,3504,2.13818,0,15.0701,7.3469,0,1798,97173291021
45.3185,22.066,89.0274,0,94,81,71,1463,3504,2.13818,0,15.0701,7.3469,0,1798,97195380034
34.6542,28.8565,89.0274,0,94,81,71,1463,3504,2.13818,0,15.0701,7.3469,0,1798,97224217582
42.3481,23.6138,89.0274,0,94,81,71,1463,3504,2.13818,0,15.0701,7.3469,0,1798,97247832255
38.823,25.7579,89.0274,0,94,81,71,1463,3504,2.13818,0,15.0701,7.3469,0,1798,97273590839
41.9499,23.838,89.0274,0,94,81,71,1463,3504,2.13818,0,15.0701,7.3469,0,1798,97297451620
52.031,19.2193,89.0274,0,94,81,71,1463,3504,2.13818,0,15.0701,7.3469,0,1798,97316670889
30.72,32.552,89.0274,0,94,81,71,1463,3504,2.13818,0,15.0701,7.3469,0,1798,97349225444
45.3852,22.0336,89.0274,0,94,81,71,1463,3504,2.13818,0,15.0701,7.3469,0,1798,97371258275
44.6121,22.4155,89.0274,0,94,81,71,1463,3504,2.13818,0,15.0701,7.3469,0,1798,97393675294
32.152,31.1023,89.0274,0,94,81,71,1463,3504,2.13818,0,15.0701,7.3469,0,1798,97424779229
37.1219,26.9383,89.0274,0,94,81,71,1463,3504,2.13818,0,15.0701,7.3469,0,1798,97451718400
39.1088,25.5697,89.0274,0,94,81,71,1463,3504,2.13818,0,15.0701,7.3469,0,1798,97477320786
32.5789,30.6947,89.0274,0,94,81,71,1463,3504,2.13818,0,15.0701,7.3469,0,1798,97508015577
46.7253,21.4017,89.0274,0,94,81,71,1463,3504,2.13818,0,15.0701,7.3469,0,1798,97529439724
34.5191,28.9695,89.0274,0,94,81,71,1463,3504,2.13818,0,15.0701,7.3469,0,1798,97558429549
43.4424,23.019,89.0274,0,94,81,71,1463,3504,2.13818,0,15.0701,7.3469,0,1798,97581448347
35.5779,28.1073,89.0274,0,94,81,71,1463,3504,2.13818,0,15.0701,7.3469,0,1798,97609557444
33.1476,30.1681,89.0274,0,94,81,71,1463,3504,2.13818,0,15.0701,7.3469,0,1798,97639752416
46.6526,21.435,86.7168,0,94,82,71,1463,3504,2.13818,0,15.0699,7.3469,0,1725,97661164291
45.7571,21.8545,86.7168,0,94,82,71,1463,3504,2.13818,0,15.0699,7.3469,0,1725,97683019931
35.0532,28.5281,86.7168,0,94,82,71,1463,3504,2.13818,0,15.0699,7.3469,0,1725,97711561593
36.1354,27.6737,86.7168,0,94,82,71,1463,3504,2.13818,0,15.0699,7.3469,0,1725,97739245492
40.5565,24.657,86.7168,0,94,82,71,1463,3504,2.13818,0,15.0699,7.3469,0,1725,97763881203
38.8749,25.7235,86.7168,0,94,82,71,1463,3504,2.13818,0,15.0699,7.3469,0,1725,97789606541
49.534,20.1882,86.7168,0,94,82,71,1463,3504,2.13818,0,15.0699,7.3469,0,1725,97809795886
33.0088,30.295,86.7168,0,94,82,71,1463,3504,2.13818,0,15.0699,7.3469,0,1725,97840091703
39.3217,25.4313,86.7168,0,94,82,71,1463,3504,2.13818,0,15.0699,7.3469,0,1725,97865525408
48.5041,20.6168,86.7168,0,94,82,71,1463,3504,2.13818,0,15.0699,7.3469,0,1725,97886142943
37.1914,26.888,86.7168,0,94,82,71,1463,3504,2.13818,0,15.0699,7.3469,0,1725,97913053461
26.0833,38.3387,86.7168,0,94,82,71,1463,3504,2.13818,0,15.0699,7.3469,0,1725,97951372378
51.84,19.2901,86.7168,0,94,82,71,1463,3504,2.13818,0,15.0699,7.3469,0,1725,97970663154
35.9411,27.8233,86.7168,0,94,82,71,1463,3504,2.13818,0,15.0699,7.3469,0,1725,97998488250
35.9443,27.8208,86.7168,0,94,82,71,1463,3504,2.13818,0,15.0699,7.3469,0,1725,98026310648
40.1851,24.8849,86.7168,0,94,82,71,1463,3504,2.13818,0,15.0699,7.3469,0,1725,98051217729
30.8562,32.4084,86.7168,0,94,82,71,1463,3504,2.13818,0,15.0699,7.3469,0,1725,98083605732
41.9629,23.8306,86.7168,0,94,82,71,1463,3504,2.13818,0,15.0699,7.3469,0,1725,98107437753
32.9785,30.3228,86.7168,0,94,82,71,1463,3504,2.13818,0,15.0699,7.3469,0,1725,98137761892
57.4675,17.4011,86.7168,0,94,82,71,1463,3504,2.13818,0,15.0699,7.3469,0,1725,98155188353
0.498197,2007.24,87.6847,0,96,82,71,1445,3504,2.10552,0,15.07,7.3469,0,1848,100162406892
173.985,5.74763,55.3817,0,0,80,67,1480,3504,2.1001,0,15.075,7.3469,0,1895,100168151674
74.8156,13.3662,55.3817,0,0,80,67,1480,3504,2.1001,0,15.075,7.3469,0,1895,100181539592
51.9151,19.2622,55.3817,0,0,80,67,1480,3504,2.1001,0,15.075,7.3469,0,1895,100200784423
68.7732,14.5406,55.3817,0,0,80,67,1480,3504,2.1001,0,15.075,7.3469,0,1895,100215325215
20.3144,49.2262,55.3817,0,0,80,67,1480,3504,2.1001,0,15.075,7.3469,0,1895,100264551811
66.9112,14.9452,55.3817,0,0,80,67,1480,3504,2.1001,0,15.075,7.3469,0,1895,100279519500
209.34,4.77693,55.3817,0,0,80,67,1480,3504,2.1001,0,15.075,7.3469,0,1895,100284277303
48.5555,20.595,55.3817,0,0,80,67,1480,3504,2.1001,0,15.075,7.3469,0,1895,100304872018
198.339,5.04188,55.3817,0,0,80,67,1480,3504,2.1001,0,15.075,7.3469,0,1895,100309915883
22.573,44.3008,55.3817,0,0,80,67,1480,3504,2.1001,0,15.075,7.3469,0,1895,100354216710
399.547,2.50284,55.3817,0,0,80,67,1480,3504,2.1001,0,15.075,7.3469,0,1895,100356719655
45.6977,21.8829,55.3817,0,0,80,67,1480,3504,2.1001,0,15.075,7.3469,0,1895,100378818232
62.4401,16.0153,55.3817,0,0,80,67,1480,3504,2.1001,0,15.075,7.3469,0,1895,100394621099
127.559,7.8395,55.3817,0,0,80,67,1480,3504,2.1001,0,15.075,7.3469,0,1895,100402461478
99.1164,10.0891,55.3817,0,0,80,67,1480,3504,2.1001,0,15.075,7.3469,0,1895,100412551342
62.2692,16.0593,55.3817,0,0,80,67,1480,3504,2.1001,0,15.075,7.3469,0,1895,100428612244
96.1851,10.3966,55.3817,0,0,80,67,1480,3504,2.1001,0,15.075,7.3469,0,1895,100439008841
49.2923,20.2871,55.3817,0,0,80,67,1480,3504,2.1001,0,15.075,7.3469,0,1895,100459319601
84.9403,11.773,55.3817,0,0,80,67,1480,3504,2.1001,0,15.075,7.3469,0,1895,100471072038
38.5345,25.9508,55.3817,0,0,80,67,1480,3504,2.1001,0,15.075,7.3469,0,1895,100497023898
52.0937,19.1962,55.3817,0,0,80,67,1480,3504,2.1001,0,15.075,7.3469,0,1895,100516220285
85.17,11.7412,55.3817,0,0,80,67,1480,3504,2.1001,0,15.075,7.3469,0,1895,100527983830
42.1723,23.7123,55.3817,0,0,80,67,1480,3504,2.1001,0,15.075,7.3469,0,1895,100551698143
75.1898,13.2997,55.3817,0,0,80,67,1480,3504,2.1001,0,15.075,7.3469,0,1895,100564977386
97.1917,10.2889,55.3817,0,0,80,67,1480,3504,2.1001,0,15.075,7.3469,0,1895,100575295368
53.526,18.6825,55.3817,0,0,80,67,1480,3504,2.1001,0,15.075,7.3469,0,1895,100594001084
68.1165,14.6807,55.3817,0,0,80,67,1480,3504,2.1001,0,15.075,7.3469,0,1895,100608662084
52.2028,19.1561,55.3817,0,0,80,67,1480,3504,2.1001,0,15.075,7.3469,0,1895,100627818996
107.881,9.26945,55.3817,0,0,80,67,1480,3504,2.1001,0,15.075,7.3469,0,1895,100637088685
63.5996,15.7234,55.3817,0,0,80,67,1480,3504,2.1001,0,15.075,7.3469,0,1895,100652835350
98.6579,10.136,55.3817,0,0,80,67,1480,3504,2.1001,0,15.075,7.3469,0,1895,100662979310
44.6717,22.3855,80.8673,0,0,80,67,1480,3504,2.1001,0,15.0749,7.3469,0,1724,100685339458
147.161,6.7953,80.8673,0,0,80,67,1480,3504,2.1001,0,15.0749,7.3469,0,1724,100692135792
64.2291,15.5693,80.8673,0,0,80,67,1480,3504,2.1001,0,15.0749,7.3469,0,1724,100707706113
44.1255,22.6626,80.8673,0,0,80,67,1480,3504,2.1001,0,15.0749,7.3469,0,1724,100730369109
155.123,6.4465,80.8673,0,0,80,67,1480,3504,2.1001,0,15.0749,7.3469,0,1724,100736837372
70.6038,14.1635,80.8673,0,0,80,67,1480,3504,2.1001,0,15.0749,7.3469,0,1724,100750981739
55.3545,18.0654,80.8673,0,0,80,67,1480,3504,2.1001,0,15.0749,7.3469,0,1724,100769048527
58.1964,17.1832,80.8673,0,0,80,67,1480,3504,2.1001,0,15.0749,7.3469,0,1724,100786232400
163.26,6.12521,80.8673,0,0,80,67,1480,3504,2.1001,0,15.0749,7.3469,0,1724,100792359066
48.7445,20.5151,80.8673,0,0,80,67,1480,3504,2.1001,0,15.0749,7.3469,0,1724,100812874974
76.0829,13.1436,80.8673,0,0,80,67,1480,3504,2.1001,0,15.0749,7.3469,0,1724,100826032689
84.1206,11.8877,80.8673,0,0,80,67,1480,3504,2.1001,0,15.0749,7.3469,0,1724,100837932151
68.4128,14.6172,80.8673,0,0,80,67,1480,3504,2.1001,0,15.0749,7.3469,0,1724,100852527842
81.4063,12.2841,80.8673,0,0,80,67,1480,3504,2.1001,0,15.0749,7.3469,0,1724,100864834777
43.3542,23.0658,80.8673,0,0,80,67,1480,3504,2.1001,0,15.0749,7.3469,0,1724,100887901021
107.367,9.31386,80.8673,0,0,80,67,1480,3504,2.1001,0,15.0749,7.3469,0,1724,100897216481
77.8378,12.8472,80.8673,0,0,80,67,1480,3504,2.1001,0,15.0749,7.3469,0,1724,100910064677
47.9025,20.8758,80.8673,0,0,80,67,1480,3504,2.1001,0,15.0749,7.3469,0,1724,100930941500
74.1143,13.4927,80.8673,0,0,80,67,1480,3504,2.1001,0,15.0749,7.3469,0,1724,100944436220
77.3317,12.9313,80.8673,0,0,80,67,1480,3504,2.1001,0,15.0749,7.3469,0,1724,100957368167
81.7162,12.2375,80.8673,0,0,80,67,1480,3504,2.1001,0,15.0749,7.3469,0,1724,100969608854
44.3113,22.5676,80.8673,0,0,80,67,1480,3504,2.1001,0,15.0749,7.3469,0,1724,100992175334
63.8768,15.6551,80.8673,0,0,80,67,1480,3504,2.1001,0,15.0749,7.3469,0,1724,101007844236
68.1585,14.6717,80.8673,0,0,80,67,1480,3504,2.1001,0,15.0749,7.3469,0,1724,101022504330
74.5805,13.4083,80.8673,0,0,80,67,1480,3504,2.1001,0,15.0749,7.3469,0,1724,101035914289
67.0417,14.9161,80.8673,0,0,80,67,1480,3504,2.1001,0,15.0749,7.3469,0,1724,101050830658
64.9698,15.3918,80.8673,0,0,80,67,1480,3504,2.1001,0,15.0749,7.3469,0,1724,101066223582
92.6016,10.799,80.8673,0,0,80,67,1480,3504,2.1001,0,15.0749,7.3469,0,1724,101077108187
79.6302,12.5581,80.8673,0,0,80,67,1480,3504,2.1001,0,15.0749,7.3469,0,1724,101089584018
56.0803,17.8316,80.8673,0,0,80,67,1480,3504,2.1001,0,15.0749,7.3469,0,1724,101107415736
81.3265,12.2961,80.8673,0,0,80,67,1480,3504,2.1001,0,15.0749,7.3469,0,1724,101119714140
94.2132,10.6142,80.8673,0,0,80,67,1480,3504,2.1001,0,15.0749,7.3469,0,1724,101130328772
51.4702,19.4287,80.8673,0,0,80,67,1480,3504,2.1001,0,15.0749,7.3469,0,1724,101149780222
35.3062,28.3236,80.8673,0,0,80,67,1480,3504,2.1001,0,15.0749,7.3469,0,1724,101178111921
271.762,3.67969,81.1881,0,61,80,69,1501,3504,2.09119,0,15.0911,7.3469,0,1788,101181785688
43.6771,22.8953,81.1881,0,61,80,69,1501,3504,2.09119,0,15.0911,7.3469,0,1788,101204682658
65.1412,15.3513,81.1881,0,61,80,69,1501,3504,2.09119,0,15.0911,7.3469,0,1788,101220056682
78.8017,12.6901,81.1881,0,61,80,69,1501,3504,2.09119,0,15.0911,7.3469,0,1788,101232769393
34.7198,28.802,81.1881,0,61,80,69,1501,3504,2.09119,0,15.0911,7.3469,0,1788,101261550654
97.3406,10.2732,81.1881,0,61,80,69,1501,3504,2.09119,0,15.0911,7.3469,0,1788,101271825312
45.4812,21.9871,81.1881,0,61,80,69,1501,3504,2.09119,0,15.0911,7.3469,0,1788,101293813060
34.3133,29.1432,81.1881,0,61,80,69,1501,3504,2.09119,0,15.0911,7.3469,0,1788,101322957875
75.4155,13.2599,81.1881,0,61,80,69,1501,3504,2.09119,0,15.0911,7.3469,0,1788,101336219281
23.2604,42.9915,81.1881,0,61,80,69,1501,3504,2.09119,0,15.0911,7.3469,0,1788,101379233638
306.401,3.2637,81.1881,0,61,80,69,1501,3504,2.09119,0,15.0911,7.3469,0,1788,101382498389
52.2215,19.1492,81.1881,0,61,80,69,1501,3504,2.09119,0,15.0911,7.3469,0,1788,101401669316
46.1225,21.6814,81.1881,0,61,80,69,1501,3504,2.09119,0,15.0911,7.3469,0,1788,101423352649
68.5534,14.5872,81.1881,0,61,80,69,1501,3504,2.09119,0,15.0911,7.3469,0,1788,101437941232
70.7799,14.1283,81.1881,0,61,80,69,1501,3504,2.09119,0,15.0911,7.3469,0,1788,101452070832
86.1266,11.6108,81.1881,0,61,80,69,1501,3504,2.09119,0,15.0911,7.3469,0,1788,101463684761
43.3789,23.0527,81.1881,0,61,80,69,1501,3504,2.09119,0,15.0911,7.3469,0,1788,101486738846
94.0755,10.6298,81.1881,0,61,80,69,1501,3504,2.09119,0,15.0911,7.3469,0,1788,101497368591
63.8975,15.6501,81.1881,0,61,80,69,1501,3504,2.09119,0,15.0911,7.3469,0,1788,101513041217
65.4211,15.2856,81.1881,0,61,80,69,1501,3504,2.09119,0,15.0911,7.3469,0,1788,101528328676
47.5955,21.0104,81.1881,0,61,80,69,1501,3504,2.09119,0,15.0911,7.3469,0,1788,101549339466
172.479,5.79779,81.1881,0,61,80,69,1501,3504,2.09119,0,15.0911,7.3469,0,1788,101555138894
69.872,14.3119,81.1881,0,61,80,69,1501,3504,2.09119,0,15.0911,7.3469,0,1788,101569452105
72.4341,13.8057,81.1881,0,61,80,69,1501,3504,2.09119,0,15.0911,7.3469,0,1788,101583280077
54.7528,18.2639,81.1881,0,61,80,69,1501,3504,2.09119,0,15.0911,7.3469,0,1788,101601544721
45.3553,22.0481,81.1881,0,61,80,69,1501,3504,2.09119,0,15.0911,7.3469,0,1788,101623573495
206.811,4.83534,81.1881,0,61,80,69,1501,3504,2.09119,0,15.0911,7.3469,0,1788,101628442891
73.8612,13.5389,81.1881,0,61,80,69,1501,3504,2.09119,0,15.0911,7.3469,0,1788,101641948988
74.7307,13.3814,81.1881,0,61,80,69,1501,3504,2.09119,0,15.0911,7.3469,0,1788,101655332914
74.298,13.4593,81.1881,0,61,80,69,1501,3504,2.09119,0,15.0911,7.3469,0,1788,101668793863
61.2527,16.3258,81.1881,0,61,80,69,1501,3504,2.09119,0,15.0911,7.3469,0,1788,101685125620
79.8462,12.5241,87.6263,0,61,80,69,1501,3504,2.09119,0,15.0806,7.3469,0,1807,101697682540
54.2139,18.4455,87.6263,0,61,80,69,1501,3504,2.09119,0,15.0806,7.3469,0,1807,101716113724
62.6423,15.9636,87.6263,0,61,80,69,1501,3504,2.09119,0,15.0806,7.3469,0,1807,101732058145
55.0516,18.1648,87.6263,0,61,80,69,1501,3504,2.09119,0,15.0806,7.3469,0,1807,101750224087
66.4496,15.049,87.6263,0,61,80,69,1501,3504,2.09119,0,15.0806,7.3469,0,1807,101765273552
65.1026,15.3604,87.6263,0,61,80,69,1501,3504,2.09119,0,15.0806,7.3469,0,1807,101780662488
80.0958,12.485,87.6263,0,61,80,69,1501,3504,2.09119,0,15.0806,7.3469,0,1807,101793122088
36.8446,27.141,87.6263,0,61,80,69,1501,3504,2.09119,0,15.0806,7.3469,0,1807,101820275693
189.35,5.28123,87.6263,0,61,80,69,1501,3504,2.09119,0,15.0806,7.3469,0,1807,101825567265
60.0891,16.6419,87.6263,0,61,80,69,1501,3504,2.09119,0,15.0806,7.3469,0,1807,101842211358
62.6482,15.9622,87.6263,0,61,80,69,1501,3504,2.09119,0,15.0806,7.3469,0,1807,101858173949
66.5361,15.0294,87.6263,0,61,80,69,1501,3504,2.09119,0,15.0806,7.3469,0,1807,101873225688
37.9252,26.3677,87.6263,0,61,80,69,1501,3504,2.09119,0,15.0806,7.3469,0,1807,101899595209
95.0408,10.5218,87.6263,0,61,80,69,1501,3504,2.09119,0,15.0806,7.3469,0,1807,101910119015
164.408,6.08244,87.6263,0,61,80,69,1501,3504,2.09119,0,15.0806,7.3469,0,1807,101916201976
53.4823,18.6978,87.6263,0,61,80,69,1501,3504,2.09119,0,15.0806,7.3469,0,1807,101934920626
127.121,7.86651,87.6263,0,61,80,69,1501,3504,2.09119,0,15.0806,7.3469,0,1807,101942788352
59.2071,16.8899,87.6263,0,61,80,69,1501,3504,2.09119,0,15.0806,7.3469,0,1807,101959681507
59.3536,16.8482,87.6263,0,61,80,69,1501,3504,2.09119,0,15.0806,7.3469,0,1807,101976552578
75.7158,13.2073,87.6263,0,61,80,69,1501,3504,2.09119,0,15.0806,7.3469,0,1807,101989740321
77.2455,12.9457,87.6263,0,61,80,69,1501,3504,2.09119,0,15.0806,7.3469,0,1807,102002689933
62.6931,15.9507,87.6263,0,61,80,69,1501,3504,2.09119,0,15.0806,7.3469,0,1807,102018640385
62.1143,16.0994,87.6263,0,61,80,69,1501,3504,2.09119,0,15.0806,7.3469,0,1807,102034740984
55.4491,18.0346,87.6263,0,61,80,69,1501,3504,2.09119,0,15.0806,7.3469,0,1807,102052777043
55.3623,18.0628,87.6263,0,61,80,69,1501,3504,2.09119,0,15.0806,7.3469,0,1807,102070862376
112.706,8.87265,87.6263,0,61,80,69,1501,3504,2.09119,0,15.0806,7.3469,0,1807,102079736333
58.4937,17.0959,87.6263,0,61,80,69,1501,3504,2.09119,0,15.0806,7.3469,0,1807,102096833232
71.8836,13.9114,87.6263,0,61,80,69,1501,3504,2.09119,0,15.0806,7.3469,0,1807,102110745591
39.1273,25.5576,87.6263,0,61,80,69,1501,3504,2.09119,0,15.0806,7.3469,0,1807,102136303918
101.107,9.89056,87.6263,0,61,80,69,1501,3504,2.09119,0,15.0806,7.3469,0,1807,102146195706
74.8269,13.3642,87.6263,0,61,80,69,1501,3504,2.09119,0,15.0806,7.3469,0,1807,102159561319
45.1117,22.1672,87.6263,0,61,80,69,1501,3504,2.09119,0,15.0806,7.3469,0,1807,102181729972
85.1087,11.7497,87.6263,0,61,80,69,1501,3504,2.09119,0,15.0806,7.3469,0,1807,102193504174
45.9869,21.7453,81.7722,0,82,80,70,1534,3504,2.08771,0,15.1178,7.3469,0,1746,102215227714
67.896,14.7284,81.7722,0,82,80,70,1534,3504,2.08771,0,15.1178,7.3469,0,1746,102229957009
69.1982,14.4512,81.7722,0,82,80,70,1534,3504,2.08771,0,15.1178,7.3469,0,1746,102244411156
51.3721,19.4658,81.7722,0,82,80,70,1534,3504,2.08771,0,15.1178,7.3469,0,1746,102263898740
54.0476,18.5022,81.7722,0,82,80,70,1534,3504,2.08771,0,15.1178,7.3469,0,1746,102282401763
52.5393,19.0334,81.7722,0,82,80,70,1534,3504,2.08771,0,15.1178,7.3469,0,1746,102301415711
58.9253,16.9706,81.7722,0,82,80,70,1534,3504,2.08771,0,15.1178,7.3469,0,1746,102318387157
73.4161,13.621,81.7722,0,82,80,70,1534,3504,2.08771,0,15.1178,7.3469,0,1746,102332009130
52.3026,19.1195,81.7722,0,82,80,70,1534,3504,2.08771,0,15.1178,7.3469,0,1746,102351129622
58.0852,17.2161,81.7722,0,82,80,70,1534,3504,2.08771,0,15.1178,7.3469,0,1746,102368347811
52.9775,18.8759,81.7722,0,82,80,70,1534,3504,2.08771,0,15.1178,7.3469,0,1746,102387225802
38.9792,25.6547,81.7722,0,82,80,70,1534,3504,2.08771,0,15.1178,7.3469,0,1746,102412882761
78.1659,12.7933,81.7722,0,82,80,70,1534,3504,2.08771,0,15.1178,7.3469,0,1746,102425675372
37.4599,26.6952,81.7722,0,82,80,70,1534,3504,2.08771,0,15.1178,7.3469,0,1746,102452371848
133.556,7.48752,81.7722,0,82,80,70,1534,3504,2.08771,0,15.1178,7.3469,0,1746,102459860889
67.73,14.7645,81.7722,0,82,80,70,1534,3504,2.08771,0,15.1178,7.3469,0,1746,102474627220
48.1947,20.7492,81.7722,0,82,80,70,1534,3504,2.08771,0,15.1178,7.3469,0,1746,102495377358
1.63747,610.698,81.7722,0,82,80,70,1534,3504,2.08771,0,15.1178,7.3469,0,1746,103106101597
582.175,1.7177,68.0111,0,86,80,70,1522,3504,2.08537,0,15.1584,7.34105,0,1737,103107814731
59.4492,16.8211,68.0111,0,86,80,70,1522,3504,2.08537,0,15.1584,7.34105,0,1737,103124639034
25.9563,38.5263,68.0111,0,86,80,70,1522,3504,2.08537,0,15.1584,7.34105,0,1737,103163165575
33.8336,29.5564,68.0111,0,86,80,70,1522,3504,2.08537,0,15.1584,7.34105,0,1737,103192723856
26.3531,37.9461,68.0111,0,86,80,70,1522,3504,2.08537,0,15.1584,7.34105,0,1737,103230671057
42.3787,23.5967,68.0111,0,86,80,70,1522,3504,2.08537,0,15.1584,7.34105,0,1737,103254289727
83.7287,11.9433,68.0111,0,86,80,70,1522,3504,2.08537,0,15.1584,7.34105,0,1737,103266214190
1.53617,650.968,68.0111,0,86,80,70,1522,3504,2.08537,0,15.1584,7.34105,0,1737,103917186776
170.191,5.87576,60.3369,0,14,81,68,1594,3504,2.08319,0,15.1737,7.33836,0,1882,103923080838
75.6125,13.2253,60.3369,0,14,81,68,1594,3504,2.08319,0,15.1737,7.33836,0,1882,103936287246
49.9328,20.0269,60.3369,0,14,81,68,1594,3504,2.08319,0,15.1737,7.33836,0,1882,103956316798
57.7813,17.3066,60.3369,0,14,81,68,1594,3504,2.08319,0,15.1737,7.33836,0,1882,103973622569
45.2782,22.0857,60.3369,0,14,81,68,1594,3504,2.08319,0,15.1737,7.33836,0,1882,103995733936
65.6152,15.2404,60.3369,0,14,81,68,1594,3504,2.08319,0,15.1737,7.33836,0,1882,104010949799
34.0771,29.3452,60.3369,0,14,81,68,1594,3504,2.08319,0,15.1737,7.33836,0,1882,104040317734
63.1403,15.8378,60.3369,0,14,81,68,1594,3504,2.08319,0,15.1737,7.33836,0,1882,104056135962
48.1298,20.7772,60.3369,0,14,81,68,1594,3504,2.08319,0,15.1737,7.33836,0,1882,104076915396
80.264,12.4589,60.3369,0,14,81,68,1594,3504,2.08319,0,15.1737,7.33836,0,1882,104089375489
42.4691,23.5466,60.3369,0,14,81,68,1594,3504,2.08319,0,15.1737,7.33836,0,1882,104112922889
64.9754,15.3904,60.3369,0,14,81,68,1594,3504,2.08319,0,15.1737,7.33836,0,1882,104128315323
50.386,19.8468,60.3369,0,14,81,68,1594,3504,2.08319,0,15.1737,7.33836,0,1882,104148162890
63.306,15.7963,60.3369,0,14,81,68,1594,3504,2.08319,0,15.1737,7.33836,0,1882,104163961184
29.2427,34.1966,60.3369,0,14,81,68,1594,3504,2.08319,0,15.1737,7.33836,0,1882,104198180053
73.0514,13.689,60.3369,0,14,81,68,1594,3504,2.08319,0,15.1737,7.33836,0,1882,104211894596
37.7071,26.5202,60.3369,0,14,81,68,1594,3504,2.08319,0,15.1737,7.33836,0,1882,104238391387
84.9016,11.7783,60.3369,0,14,81,68,1594,3504,2.08319,0,15.1737,7.33836,0,1882,104250172571
79.3741,12.5986,60.3369,0,14,81,68,1594,3504,2.08319,0,15.1737,7.33836,0,1882,104262797600
38.4739,25.9916,60.3369,0,14,81,68,1594,3504,2.08319,0,15.1737,7.33836,0,1882,104288767791
61.4836,16.2645,60.3369,0,14,81,68,1594,3504,2.08319,0,15.1737,7.33836,0,1882,104305033353
60.1278,16.6312,60.3369,0,14,81,68,1594,3504,2.08319,0,15.1737,7.33836,0,1882,104321686900
61.5037,16.2592,60.3369,0,14,81,68,1594,3504,2.08319,0,15.1737,7.33836,0,1882,104337947787
54.0314,18.5077,60.3369,0,14,81,68,1594,3504,2.08319,0,15.1737,7.33836,0,1882,104356455472
63.3881,15.7758,60.3369,0,14,81,68,1594,3504,2.08319,0,15.1737,7.33836,0,1882,104372233492
52.604,19.01,60.3369,0,14,81,68,1594,3504,2.08319,0,15.1737,7.33836,0,1882,104391266243
67.9597,14.7146,60.3369,0,14,81,68,1594,3504,2.08319,0,15.1737,7.33836,0,1882,104405981253
76.5449,13.0642,60.3369,0,14,81,68,1594,3504,2.08319,0,15.1737,7.33836,0,1882,104419070836
42.9208,23.2987,77.5819,0,10,81,68,1594,3504,2.08276,0,15.1155,7.33836,0,1741,104442346139
28.2666,35.3774,77.5819,0,10,81,68,1594,3504,2.08276,0,15.1155,7.33836,0,1741,104477725490
47.834,20.9056,77.5819,0,10,81,68,1594,3504,2.08276,0,15.1155,7.33836,0,1741,104498633064
34.1702,29.2652,77.5819,0,10,81,68,1594,3504,2.08276,0,15.1155,7.33836,0,1741,104527898560
43.4152,23.0334,77.5819,0,10,81,68,1594,3504,2.08276,0,15.1155,7.33836,0,1741,104550934573
33.6687,29.7012,77.5819,0,10,81,68,1594,3504,2.08276,0,15.1155,7.33836,0,1741,104580636639
54.6021,18.3143,77.5819,0,10,81,68,1594,3504,2.08276,0,15.1155,7.33836,0,1741,104598950579
47.5956,21.0103,77.5819,0,10,81,68,1594,3504,2.08276,0,15.1155,7.33836,0,1741,104619962766
57.3685,17.4312,77.5819,0,10,81,68,1594,3504,2.08276,0,15.1155,7.33836,0,1741,104637394968
29.1063,34.3569,77.5819,0,10,81,68,1594,3504,2.08276,0,15.1155,7.33836,0,1741,104671753225
45.1533,22.1468,77.5819,0,10,81,68,1594,3504,2.08276,0,15.1155,7.33836,0,1741,104693900932
38.9459,25.6767,77.5819,0,10,81,68,1594,3504,2.08276,0,15.1155,7.33836,0,1741,104719580258
35.0223,28.5533,77.5819,0,10,81,68,1594,3504,2.08276,0,15.1155,7.33836,0,1741,104748134422
50.7274,19.7132,77.5819,0,10,81,68,1594,3504,2.08276,0,15.1155,7.33836,0,1741,104767869686
60.174,16.6185,77.5819,0,10,81,68,1594,3504,2.08276,0,15.1155,7.33836,0,1741,104784509249
61.5144,16.2564,77.5819,0,10,81,68,1594,3504,2.08276,0,15.1155,7.33836,0,1741,104800746143
51.7273,19.3321,77.5819,0,10,81,68,1594,3504,2.08276,0,15.1155,7.33836,0,1741,104820080479
63.6887,15.7014,77.5819,0,10,81,68,1594,3504,2.08276,0,15.1155,7.33836,0,1741,104835784918
40.2723,24.831,77.5819,0,10,81,68,1594,3504,2.08276,0,15.1155,7.33836,0,1741,104860614696
50.6427,19.7462,77.5819,0,10,81,68,1594,3504,2.08276,0,15.1155,7.33836,0,1741,104880383225
62.8764,15.9042,77.5819,0,10,81,68,1594,3504,2.08276,0,15.1155,7.33836,0,1741,104896289632
48.8191,20.4838,77.5819,0,10,81,68,1594,3504,2.08276,0,15.1155,7.33836,0,1741,104916774104
68.8184,14.531,77.5819,0,10,81,68,1594,3504,2.08276,0,15.1155,7.33836,0,1741,104931331117
71.8069,13.9262,76.75,0,57,81,69,1631,3504,2.07918,0,15.1242,7.33836,0,1739,104945234465
1.5215,657.244,76.75,0,57,81,69,1631,3504,2.07918,0,15.1242,7.33836,0,1739,105602514334
150.411,6.64847,57.8846,0,31,81,69,1677,3504,2.0797,0,15.0931,7.33836,0,2147,105609129758
64.223,15.5707,57.8846,0,31,81,69,1677,3504,2.0797,0,15.0931,7.33836,0,2147,105624701939
61.5309,16.252,57.8846,0,31,81,69,1677,3504,2.0797,0,15.0931,7.33836,0,2147,105640953939
81.4548,12.2767,57.8846,0,31,81,69,1677,3504,2.0797,0,15.0931,7.33836,0,2147,105653233559
39.7861,25.1344,57.8846,0,31,81,69,1677,3504,2.0797,0,15.0931,7.33836,0,2147,105678369014
94.926,10.5345,57.8846,0,31,81,69,1677,3504,2.0797,0,15.0931,7.33836,0,2147,105688905307
2.24712,445.014,57.8846,0,31,81,69,1677,3504,2.0797,0,15.0931,7.33836,0,2147,106133944649
178.334,5.60745,60.4878,0,31,80,69,1677,3504,2.0797,0,15.1147,7.33836,0,2348,106139550071
53.8204,18.5803,60.4878,0,31,80,69,1677,3504,2.0797,0,15.1147,7.33836,0,2348,106158152860
96.6965,10.3416,60.4878,0,31,80,69,1677,3504,2.0797,0,15.1147,7.33836,0,2348,106168496417
64.9667,15.3925,60.4878,0,31,80,69,1677,3504,2.0797,0,15.1147,7.33836,0,2348,106183889517
71.8738,13.9133,60.4878,0,31,80,69,1677,3504,2.0797,0,15.1147,7.33836,0,2348,106197811715
1.62971,613.608,60.4878,0,31,80,69,1677,3504,2.0797,0,15.1147,7.33836,0,2348,106811440691
167.355,5.97531,70.9024,0,13,80,67,1582,3504,2.08004,0,15.134,7.33836,0,1841,106817410084
51.8504,19.2862,70.9024,0,13,80,67,1582,3504,2.08004,0,15.134,7.33836,0,1841,106836720035
4.45196,224.62,70.9024,0,13,80,67,1582,3504,2.08004,0,15.134,7.33836,0,1841,107061319152
38.2408,26.1501,70.9024,0,13,80,67,1582,3504,2.08004,0,15.134,7.33836,0,1841,107087492232
18.87,52.9941,70.9024,0,13,80,67,1582,3504,2.08004,0,15.134,7.33836,0,1841,107140509106
96.181,10.3971,70.9024,0,13,80,67,1582,3504,2.08004,0,15.134,7.33836,0,1841,107150906041
21.2082,47.1516,70.9024,0,13,80,67,1582,3504,2.08004,0,15.134,7.33836,0,1841,107198059242
532.62,1.87751,70.9024,0,13,80,67,1582,3504,2.08004,0,15.134,7.33836,0,1841,107199935913
33.2314,30.092,70.9024,0,13,80,67,1582,3504,2.08004,0,15.134,7.33836,0,1841,107230030313
6.32462,158.112,70.9024,0,13,80,67,1582,3504,2.08004,0,15.134,7.33836,0,1841,107388173118
133.498,7.49075,75.1092,0,13,80,67,1531,3504,2.08054,0,15.144,7.33836,0,1968,107395635292
48.4551,20.6377,75.1092,0,13,80,67,1531,3504,2.08054,0,15.144,7.33836,0,1968,107416274073
50.9166,19.64,75.1092,0,13,80,67,1531,3504,2.08054,0,15.144,7.33836,0,1968,107435935929
86.528,11.557,75.1092,0,13,80,67,1531,3504,2.08054,0,15.144,7.33836,0,1968,107447474854
41.9358,23.846,75.1092,0,13,80,67,1531,3504,2.08054,0,15.144,7.33836,0,1968,107471342655
54.5783,18.3223,75.1092,0,13,80,67,1531,3504,2.08054,0,15.144,7.33836,0,1968,107489666446
40.9473,24.4216,75.1092,0,13,80,67,1531,3504,2.08054,0,15.144,7.33836,0,1968,107514088885
46.4072,21.5484,75.1092,0,13,80,67,1531,3504,2.08054,0,15.144,7.33836,0,1968,107535638623
43.471,23.0038,75.1092,0,13,80,67,1531,3504,2.08054,0,15.144,7.33836,0,1968,107558644066
39.6252,25.2364,75.1092,0,13,80,67,1531,3504,2.08054,0,15.144,7.33836,0,1968,107583881460
83.0015,12.048,75.1092,0,13,80,67,1531,3504,2.08054,0,15.144,7.33836,0,1968,107595930121
37.3794,26.7527,75.1092,0,13,80,67,1531,3504,2.08054,0,15.144,7.33836,0,1968,107622684948
53.7288,18.612,75.1092,0,13,80,67,1531,3504,2.08054,0,15.144,7.33836,0,1968,107641298296
34.1944,29.2446,75.1092,0,13,80,67,1531,3504,2.08054,0,15.144,7.33836,0,1968,107670544763
20.4082,48.9998,75.1092,0,13,80,67,1531,3504,2.08054,0,15.144,7.33836,0,1968,107719545302
90.7035,11.0249,75.1092,0,13,80,67,1531,3504,2.08054,0,15.144,7.33836,0,1968,107730571588
36.9746,27.0456,75.1092,0,13,80,67,1531,3504,2.08054,0,15.144,7.33836,0,1968,107757617930
53.7847,18.5926,75.1092,0,13,80,67,1531,3504,2.08054,0,15.144,7.33836,0,1968,107776211635
41.5083,24.0916,75.1092,0,13,80,67,1531,3504,2.08054,0,15.144,7.33836,0,1968,107800304421
50.1061,19.9577,75.1092,0,13,80,67,1531,3504,2.08054,0,15.144,7.33836,0,1968,107820285856
77.2747,12.9408,75.1092,0,13,80,67,1531,3504,2.08054,0,15.144,7.33836,0,1968,107833235872
50.9463,19.6285,75.1092,0,13,80,67,1531,3504,2.08054,0,15.144,7.33836,0,1968,107852843449
44.6909,22.3759,75.1092,0,13,80,67,1531,3504,2.08054,0,15.144,7.33836,0,1968,107875221418
44.6681,22.3873,75.1092,0,13,80,67,1531,3504,2.08054,0,15.144,7.33836,0,1968,107897616848
40.1501,24.9066,80.7595,0,34,80,68,1527,3504,2.08092,0,15.1209,7.33836,0,1802,107922539092
38.2324,26.1558,80.7595,0,34,80,68,1527,3504,2.08092,0,15.1209,7.33836,0,1802,107948674905
39.0046,25.638,80.7595,0,34,80,68,1527,3504,2.08092,0,15.1209,7.33836,0,1802,107974317012
33.5393,29.8158,80.7595,0,34,80,68,1527,3504,2.08092,0,15.1209,7.33836,0,1802,108004132600
45.9939,21.742,80.7595,0,34,80,68,1527,3504,2.08092,0,15.1209,7.33836,0,1802,108025875818
48.4469,20.6411,80.7595,0,34,80,68,1527,3504,2.08092,0,15.1209,7.33836,0,1802,108046518098
26.6974,37.4568,80.7595,0,34,80,68,1527,3504,2.08092,0,15.1209,7.33836,0,1802,108083975851
60.9508,16.4067,80.7595,0,34,80,68,1527,3504,2.08092,0,15.1209,7.33836,0,1802,108100384346
8.69766,114.973,80.7595,0,34,80,68,1527,3504,2.08092,0,15.1209,7.33836,0,1802,108215359314
100.27,9.97307,80.7595,0,34,80,68,1527,3504,2.08092,0,15.1209,7.33836,0,1802,108225333272
52.8635,18.9166,80.7595,0,34,80,68,1527,3504,2.08092,0,15.1209,7.33836,0,1802,108244250633
57.0183,17.5382,80.7595,0,34,80,68,1527,3504,2.08092,0,15.1209,7.33836,0,1802,108261789890
66.1884,15.1084,80.7595,0,34,80,68,1527,3504,2.08092,0,15.1209,7.33836,0,1802,108276899905
45.354,22.0488,80.7595,0,34,80,68,1527,3504,2.08092,0,15.1209,7.33836,0,1802,108298949230
64.0693,15.6081,80.7595,0,34,80,68,1527,3504,2.08092,0,15.1209,7.33836,0,1802,108314558929
48.2253,20.736,80.7595,0,34,80,68,1527,3504,2.08092,0,15.1209,7.33836,0,1802,108335317604
45.9131,21.7803,80.7595,0,34,80,68,1527,3504,2.08092,0,15.1209,7.33836,0,1802,108357077603
47.8571,20.8955,80.7595,0,34,80,68,1527,3504,2.08092,0,15.1209,7.33836,0,1802,108377974687
33.9107,29.4892,80.7595,0,34,80,68,1527,3504,2.08092,0,15.1209,7.33836,0,1802,108407490388
42.196,23.6989,81.5,0,34,82,68,1527,3504,2.08092,0,15.101,7.33836,0,1804,108431166024
44.6863,22.3782,81.5,0,34,82,68,1527,3504,2.08092,0,15.101,7.33836,0,1804,108453545409
60.8974,16.4211,81.5,0,34,82,68,1527,3504,2.08092,0,15.101,7.33836,0,1804,108469967693
74.2544,13.4672,81.5,0,34,82,68,1527,3504,2.08092,0,15.101,7.33836,0,1804,108483436034
26.4834,37.7595,81.5,0,34,82,68,1527,3504,2.08092,0,15.101,7.33836,0,1804,108521196498
85.5581,11.688,81.5,0,34,82,68,1527,3504,2.08092,0,15.101,7.33836,0,1804,108532885907
42.7692,23.3813,81.5,0,34,82,68,1527,3504,2.08092,0,15.101,7.33836,0,1804,108556268126
60.2428,16.5995,81.5,0,34,82,68,1527,3504,2.08092,0,15.101,7.33836,0,1804,108572874171
45.2502,22.0994,81.5,0,34,82,68,1527,3504,2.08092,0,15.101,7.33836,0,1804,108594975262
47.9904,20.8375,81.5,0,34,82,68,1527,3504,2.08092,0,15.101,7.33836,0,1804,108615814116
69.2994,14.4301,81.5,0,34,82,68,1527,3504,2.08092,0,15.101,7.33836,0,1804,108630266548
49.5703,20.1734,81.5,0,34,82,68,1527,3504,2.08092,0,15.101,7.33836,0,1804,108650421388
44.5349,22.4543,81.5,0,34,82,68,1527,3504,2.08092,0,15.101,7.33836,0,1804,108672897692
53.8051,18.5856,81.5,0,34,82,68,1527,3504,2.08092,0,15.101,7.33836,0,1804,108691463339
40.2142,24.8668,81.5,0,34,82,68,1527,3504,2.08092,0,15.101,7.33836,0,1804,108716343884
65.4263,15.2844,81.5,0,34,82,68,1527,3504,2.08092,0,15.101,7.33836,0,1804,108731638534
39.2289,25.4914,81.5,0,34,82,68,1527,3504,2.08092,0,15.101,7.33836,0,1804,108757110153
73.2799,13.6463,81.5,0,34,82,68,1527,3504,2.08092,0,15.101,7.33836,0,1804,108770756365
23.8028,42.0119,81.5,0,34,82,68,1527,3504,2.08092,0,15.101,7.33836,0,1804,108812783167
50.1926,19.9232,81.5,0,34,82,68,1527,3504,2.08092,0,15.101,7.33836,0,1804,108832697618
51.4982,19.4182,81.5,0,34,82,68,1527,3504,2.08092,0,15.101,7.33836,0,1804,108852116793
67.0981,14.9036,81.5,0,34,82,68,1527,3504,2.08092,0,15.101,7.33836,0,1804,108867021154
48.9456,20.4308,81.5,0,34,82,68,1527,3504,2.08092,0,15.101,7.33836,0,1804,108887452722
64.0374,15.6159,81.5,0,34,82,68,1527,3504,2.08092,0,15.101,7.33836,0,1804,108903070251
40.134,24.9166,81.5,0,34,82,68,1527,3504,2.08092,0,15.101,7.33836,0,1804,108928013927
60.2537,16.5965,78.4504,0,80,82,69,1449,3504,2.08093,0,15.0764,7.33836,0,1721,108944606977
53.6016,18.6561,78.4504,0,80,82,69,1449,3504,2.08093,0,15.0764,7.33836,0,1721,108963264288
50.7838,19.6913,78.4504,0,80,82,69,1449,3504,2.08093,0,15.0764,7.33836,0,1721,108982956050
65.3979,15.291,78.4504,0,80,82,69,1449,3504,2.08093,0,15.0764,7.33836,0,1721,108998268965
44.4,22.5225,78.4504,0,80,82,69,1449,3504,2.08093,0,15.0764,7.33836,0,1721,109020794428
15.2945,65.3829,78.4504,0,80,82,69,1449,3504,2.08093,0,15.0764,7.33836,0,1721,109086177057
90.0668,11.1029,78.4504,0,80,82,69,1449,3504,2.08093,0,15.0764,7.33836,0,1721,109097281017
45.8796,21.7962,78.4504,0,80,82,69,1449,3504,2.08093,0,15.0764,7.33836,0,1721,109119078258
46.7821,21.3757,78.4504,0,80,82,69,1449,3504,2.08093,0,15.0764,7.33836,0,1721,109140477305
47.3325,21.1271,78.4504,0,80,82,69,1449,3504,2.08093,0,15.0764,7.33836,0,1721,109161605827
29.2375,34.2026,78.4504,0,80,82,69,1449,3504,2.08093,0,15.0764,7.33836,0,1721,109195809214
32.3536,30.9085,78.4504,0,80,82,69,1449,3504,2.08093,0,15.0764,7.33836,0,1721,109226719800
56.0044,17.8557,78.4504,0,80,82,69,1449,3504,2.08093,0,15.0764,7.33836,0,1721,109244576795
49.9631,20.0148,78.4504,0,80,82,69,1449,3504,2.08093,0,15.0764,7.33836,0,1721,109264592888
49.0348,20.3937,78.4504,0,80,82,69,1449,3504,2.08093,0,15.0764,7.33836,0,1721,109284987617
43.5562,22.9589,78.4504,0,80,82,69,1449,3504,2.08093,0,15.0764,7.33836,0,1721,109307948501
39.4583,25.3432,78.4504,0,80,82,69,1449,3504,2.08093,0,15.0764,7.33836,0,1721,109333293619
44.414,22.5154,78.4504,0,80,82,69,1449,3504,2.08093,0,15.0764,7.33836,0,1721,109355810861
31.0871,32.1676,78.4504,0,80,82,69,1449,3504,2.08093,0,15.0764,7.33836,0,1721,109387979701
90.555,11.043,78.4504,0,80,82,69,1449,3504,2.08093,0,15.0764,7.33836,0,1721,109399023625
41.6029,24.0368,78.4504,0,80,82,69,1449,3504,2.08093,0,15.0764,7.33836,0,1721,109423062130
46.6393,21.4412,78.4504,0,80,82,69,1449,3504,2.08093,0,15.0764,7.33836,0,1721,109444521063
31.2539,31.996,77.7215,0,93,80,69,1445,3504,2.08122,0,15.0587,7.33836,0,1750,109476501828
39.0055,25.6374,77.7215,0,93,80,69,1445,3504,2.08122,0,15.0587,7.33836,0,1750,109502142893
37.9303,26.3641,77.7215,0,93,80,69,1445,3504,2.08122,0,15.0587,7.33836,0,1750,109528507166
19.9393,50.1523,77.7215,0,93,80,69,1445,3504,2.08122,0,15.0587,7.33836,0,1750,109578660525
36.6379,27.2941,77.7215,0,93,80,69,1445,3504,2.08122,0,15.0587,7.33836,0,1750,109605956270
22.6994,44.054,77.7215,0,93,80,69,1445,3504,2.08122,0,15.0587,7.33836,0,1750,109650045636
36.2438,27.5909,77.7215,0,93,80,69,1445,3504,2.08122,0,15.0587,7.33836,0,1750,109677610820
30.3025,33.0005,77.7215,0,93,80,69,1445,3504,2.08122,0,15.0587,7.33836,0,1750,109710612993
27.738,36.0516,77.7215,0,93,80,69,1445,3504,2.08122,0,15.0587,7.33836,0,1750,109746664601
18.2212,54.8813,77.7215,0,93,80,69,1445,3504,2.08122,0,15.0587,7.33836,0,1750,109801569600
19.2374,51.982,77.7215,0,93,80,69,1445,3504,2.08122,0,15.0587,7.33836,0,1750,109853530931
36.0437,27.7441,77.7215,0,93,80,69,1445,3504,2.08122,0,15.0587,7.33836,0,1750,109881284773
37.3236,26.7927,77.7215,0,93,80,69,1445,3504,2.08122,0,15.0587,7.33836,0,1750,109908099588
43.4411,23.0197,77.7215,0,93,80,69,1445,3504,2.08122,0,15.0587,7.33836,0,1750,109931100270
21.5199,46.4687,77.7215,0,93,80,69,1445,3504,2.08122,0,15.0587,7.33836,0,1750,109977576897
18.0797,55.3106,72.0874,0,93,80,69,1445,3504,2.08122,0,15.0602,7.33836,0,1738,110032880521
