os,cpu,gpu,ram,kernel,driver,cpuscheduler
Steam Runtime 4,Intel Core i7-7700HQ CPU @ 2.80GHz,NVIDIA GeForce GTX 1050 Ti,24468604,6.12.108-1-MANJARO,,schedutil
fps,frametime,cpu_load,cpu_power,gpu_load,cpu_temp,gpu_temp,gpu_core_clock,gpu_mem_clock,gpu_vram_used,gpu_power,ram_used,swap_used,process_rss,cpu_mhz,elapsed
47.6312,20.9946,62.6829,0,100,96,0,0,0,0,0,11.2579,2.92973,0,3400,84920294
46.2924,21.6018,62.6829,0,100,96,0,0,0,0,0,11.2579,2.92973,0,3400,106523276
49.4871,20.2073,62.6829,0,100,96,0,0,0,0,0,11.2579,2.92973,0,3400,126731642
46.6057,21.4566,62.6829,0,100,96,0,0,0,0,0,11.2579,2.92973,0,3400,148190244
49.7096,20.1168,62.6829,0,100,96,0,0,0,0,0,11.2579,2.92973,0,3400,168307420
42.8041,23.3623,62.6829,0,100,96,0,0,0,0,0,11.2579,2.92973,0,3400,191670773
48.8467,20.4722,62.6829,0,100,96,0,0,0,0,0,11.2579,2.92973,0,3400,212144917
49.3456,20.2652,62.6829,0,100,96,0,0,0,0,0,11.2579,2.92973,0,3400,232410956
47.1811,21.1949,62.6829,0,100,96,0,0,0,0,0,11.2579,2.92973,0,3400,253607756
45.6751,21.8938,62.6829,0,100,96,0,0,0,0,0,11.2579,2.92973,0,3400,275503128
47.2133,21.1805,62.6829,0,100,96,0,0,0,0,0,11.2579,2.92973,0,3400,296685860
46.687,21.4193,62.6829,0,100,96,0,0,0,0,0,11.2579,2.92973,0,3400,318106648
49.2702,20.2962,62.6829,0,100,96,0,0,0,0,0,11.2579,2.92973,0,3400,338402847
43.0544,23.2264,62.6829,0,100,96,0,0,0,0,0,11.2579,2.92973,0,3400,361631666
45.9484,21.7635,62.6829,0,100,96,0,0,0,0,0,11.2579,2.92973,0,3400,383395959
50.4846,19.808,62.6829,0,100,96,0,0,0,0,0,11.2579,2.92973,0,3400,403204679
47.6264,20.9968,62.6829,0,100,96,0,0,0,0,0,11.2579,2.92973,0,3400,424202550
49.929,20.0284,62.6829,0,100,96,0,0,0,0,0,11.2579,2.92973,0,3400,444231898
44.6944,22.3742,62.6829,0,100,96,0,0,0,0,0,11.2579,2.92973,0,3400,466607784
49.0983,20.3673,62.6829,0,100,96,0,0,0,0,0,11.2579,2.92973,0,3400,486976437
48.7075,20.5307,62.6829,0,100,96,0,0,0,0,0,11.2579,2.92973,0,3400,507507472
47.5362,21.0366,62.6829,0,100,96,0,0,0,0,0,11.2579,2.92973,0,3400,528545418
45.8567,21.8071,62.6829,0,100,96,0,0,0,0,0,11.2579,2.92973,0,3400,550360890
50.3045,19.8789,46.8514,0,100,96,32,673,1401,0.874146,0,11.2584,2.92973,0,3401,570234252
45.7559,21.8551,46.8514,0,100,96,32,673,1401,0.874146,0,11.2584,2.92973,0,3401,592090242
44.3441,22.5509,46.8514,0,100,96,32,673,1401,0.874146,0,11.2584,2.92973,0,3401,614641975
48.1926,20.7501,46.8514,0,100,96,32,673,1401,0.874146,0,11.2584,2.92973,0,3401,635393416
56.4177,17.7249,46.8514,0,100,96,32,673,1401,0.874146,0,11.2584,2.92973,0,3401,653120835
42.669,23.4362,46.8514,0,100,96,32,673,1401,0.874146,0,11.2584,2.92973,0,3401,676557838
49.8611,20.0557,46.8514,0,100,96,32,673,1401,0.874146,0,11.2584,2.92973,0,3401,696614848
47.8951,20.8789,46.8514,0,100,96,32,673,1401,0.874146,0,11.2584,2.92973,0,3401,717495475
48.5896,20.5806,46.8514,0,100,96,32,673,1401,0.874146,0,11.2584,2.92973,0,3401,738090591
49.5425,20.1847,46.8514,0,100,96,32,673,1401,0.874146,0,11.2584,2.92973,0,3401,758276071
44.1767,22.6364,46.8514,0,100,96,32,673,1401,0.874146,0,11.2584,2.92973,0,3401,780913323
53.0101,18.8643,46.8514,0,100,96,32,673,1401,0.874146,0,11.2584,2.92973,0,3401,799779174
49.1044,20.3648,46.8514,0,100,96,32,673,1401,0.874146,0,11.2584,2.92973,0,3401,820145252
44.7317,22.3555,46.8514,0,100,96,32,673,1401,0.874146,0,11.2584,2.92973,0,3401,842502548
51.337,19.4791,46.8514,0,100,96,32,673,1401,0.874146,0,11.2584,2.92973,0,3401,861990049
48.5361,20.6032,46.8514,0,100,96,32,673,1401,0.874146,0,11.2584,2.92973,0,3401,882587543
46.8599,21.3402,46.8514,0,100,96,32,673,1401,0.874146,0,11.2584,2.92973,0,3401,903928625
48.9596,20.425,46.8514,0,100,96,32,673,1401,0.874146,0,11.2584,2.92973,0,3401,924355807
46.3613,21.5697,46.8514,0,100,96,32,673,1401,0.874146,0,11.2584,2.92973,0,3401,945926330
48.5347,20.6038,46.8514,0,100,96,32,673,1401,0.874146,0,11.2584,2.92973,0,3401,966531741
50.1571,19.9374,46.8514,0,100,96,32,673,1401,0.874146,0,11.2584,2.92973,0,3401,986471112
50.0337,19.9865,46.8514,0,100,96,32,673,1401,0.874146,0,11.2584,2.92973,0,3401,1006458601
45.9661,21.7552,46.8514,0,100,96,32,673,1401,0.874146,0,11.2584,2.92973,0,3401,1028215431
47.3642,21.113,46.8514,0,100,96,32,673,1401,0.874146,0,11.2584,2.92973,0,3401,1049328865
49.957,20.0172,46.8514,0,100,96,32,673,1401,0.874146,0,11.2584,2.92973,0,3401,1069362754
49.8575,20.0571,47.381,0,100,87,80,1683,3504,2.18536,0,11.251,2.92973,0,3400,1089405414
43.4818,22.9981,47.381,0,100,87,80,1683,3504,2.18536,0,11.251,2.92973,0,3400,1112405067
53.4014,18.7261,47.381,0,100,87,80,1683,3504,2.18536,0,11.251,2.92973,0,3400,1131132753
46.2608,21.6166,47.381,0,100,87,80,1683,3504,2.18536,0,11.251,2.92973,0,3400,1152750355
50.7764,19.6942,47.381,0,100,87,80,1683,3504,2.18536,0,11.251,2.92973,0,3400,1172445071
47.4501,21.0748,47.381,0,100,87,80,1683,3504,2.18536,0,11.251,2.92973,0,3400,1193521288
49.1719,20.3368,47.381,0,100,87,80,1683,3504,2.18536,0,11.251,2.92973,0,3400,1213858264
47.0695,21.2452,47.381,0,100,87,80,1683,3504,2.18536,0,11.251,2.92973,0,3400,1235104905
51.7933,19.3075,47.381,0,100,87,80,1683,3504,2.18536,0,11.251,2.92973,0,3400,1254413255
44.0787,22.6867,47.381,0,100,87,80,1683,3504,2.18536,0,11.251,2.92973,0,3400,1277100633
52.5086,19.0445,47.381,0,100,87,80,1683,3504,2.18536,0,11.251,2.92973,0,3400,1296146239
47.9278,20.8647,47.381,0,100,87,80,1683,3504,2.18536,0,11.251,2.92973,0,3400,1317011725
46.4729,21.5179,47.381,0,100,87,80,1683,3504,2.18536,0,11.251,2.92973,0,3400,1338531435
49.4045,20.2411,47.381,0,100,87,80,1683,3504,2.18536,0,11.251,2.92973,0,3400,1358773499
46.7847,21.3745,47.381,0,100,87,80,1683,3504,2.18536,0,11.251,2.92973,0,3400,1380150477
47.5602,21.026,47.381,0,100,87,80,1683,3504,2.18536,0,11.251,2.92973,0,3400,1401176709
46.0066,21.736,47.381,0,100,87,80,1683,3504,2.18536,0,11.251,2.92973,0,3400,1422932249
48.3083,20.7004,47.381,0,100,87,80,1683,3504,2.18536,0,11.251,2.92973,0,3400,1443616539
52.7087,18.9722,47.381,0,100,87,80,1683,3504,2.18536,0,11.251,2.92973,0,3400,1462589180
49.7925,20.0833,47.381,0,100,87,80,1683,3504,2.18536,0,11.251,2.92973,0,3400,1482672902
44.0586,22.697,47.381,0,100,87,80,1683,3504,2.18536,0,11.251,2.92973,0,3400,1505372644
51.8053,19.3031,47.381,0,100,87,80,1683,3504,2.18536,0,11.251,2.92973,0,3400,1524677431
43.8339,22.8134,47.381,0,100,87,80,1683,3504,2.18536,0,11.251,2.92973,0,3400,1547492201
52.4342,19.0715,47.381,0,100,87,80,1683,3504,2.18536,0,11.251,2.92973,0,3400,1566565285
48.3649,20.6762,47.381,0,100,87,80,1683,3504,2.18536,0,11.251,2.92973,0,3400,1587246470
50.8795,19.6543,44.8193,0,100,87,80,1679,3504,2.18536,0,11.2512,2.92973,0,3400,1606897689
50.4147,19.8355,44.8193,0,100,87,80,1679,3504,2.18536,0,11.2512,2.92973,0,3400,1626734491
47.1362,21.2151,44.8193,0,100,87,80,1679,3504,2.18536,0,11.2512,2.92973,0,3400,1647951011
48.2145,20.7406,44.8193,0,100,87,80,1679,3504,2.18536,0,11.2512,2.92973,0,3400,1668692455
47.0049,21.2744,44.8193,0,100,87,80,1679,3504,2.18536,0,11.2512,2.92973,0,3400,1689968453
40.2848,24.8232,44.8193,0,100,87,80,1679,3504,2.18536,0,11.2512,2.92973,0,3400,1714810649
64.171,15.5834,44.8193,0,100,87,80,1679,3504,2.18536,0,11.2512,2.92973,0,3400,1730396014
47.0683,21.2457,44.8193,0,100,87,80,1679,3504,2.18536,0,11.2512,2.92973,0,3400,1751643075
51.0986,19.57,44.8193,0,100,87,80,1679,3504,2.18536,0,11.2512,2.92973,0,3400,1771212553
47.3648,21.1127,44.8193,0,100,87,80,1679,3504,2.18536,0,11.2512,2.92973,0,3400,1792326590
49.0264,20.3972,44.8193,0,100,87,80,1679,3504,2.18536,0,11.2512,2.92973,0,3400,1812725205
49.0653,20.381,44.8193,0,100,87,80,1679,3504,2.18536,0,11.2512,2.92973,0,3400,1833106282
43.807,22.8274,44.8193,0,100,87,80,1679,3504,2.18536,0,11.2512,2.92973,0,3400,1855936003
51.9211,19.26,44.8193,0,100,87,80,1679,3504,2.18536,0,11.2512,2.92973,0,3400,1875196543
46.9845,21.2836,44.8193,0,100,87,80,1679,3504,2.18536,0,11.2512,2.92973,0,3400,1896485823
49.9169,20.0333,44.8193,0,100,87,80,1679,3504,2.18536,0,11.2512,2.92973,0,3400,1916516278
48.111,20.7852,44.8193,0,100,87,80,1679,3504,2.18536,0,11.2512,2.92973,0,3400,1937303167
47.0336,21.2614,44.8193,0,100,87,80,1679,3504,2.18536,0,11.2512,2.92973,0,3400,1958565551
48.4973,20.6197,44.8193,0,100,87,80,1679,3504,2.18536,0,11.2512,2.92973,0,3400,1979186589
46.992,21.2802,44.8193,0,100,87,80,1679,3504,2.18536,0,11.2512,2.92973,0,3400,2000468853
51.9312,19.2562,44.8193,0,100,87,80,1679,3504,2.18536,0,11.2512,2.92973,0,3400,2019725550
48.3171,20.6966,44.8193,0,100,87,80,1679,3504,2.18536,0,11.2512,2.92973,0,3400,2040424965
46.3303,21.5841,44.8193,0,100,87,80,1679,3504,2.18536,0,11.2512,2.92973,0,3400,2062009543
49.8012,20.0798,44.8193,0,100,87,80,1679,3504,2.18536,0,11.2512,2.92973,0,3400,2082091291
50.7034,19.7226,44.8193,0,100,87,80,1679,3504,2.18536,0,11.2512,2.92973,0,3400,2101818330
48.6139,20.5702,40.399,0,100,86,79,1655,3504,2.18536,0,11.2435,2.92973,0,3414,2122385699
48.4261,20.65,40.399,0,100,86,79,1655,3504,2.18536,0,11.2435,2.92973,0,3414,2143037019
50.8951,19.6483,40.399,0,100,86,79,1655,3504,2.18536,0,11.2435,2.92973,0,3414,2162686061
48.6098,20.572,40.399,0,100,86,79,1655,3504,2.18536,0,11.2435,2.92973,0,3414,2183258901
48.5653,20.5908,40.399,0,100,86,79,1655,3504,2.18536,0,11.2435,2.92973,0,3414,2203851625
50.2351,19.9064,40.399,0,100,86,79,1655,3504,2.18536,0,11.2435,2.92973,0,3414,2223758822
48.6521,20.5541,40.399,0,100,86,79,1655,3504,2.18536,0,11.2435,2.92973,0,3414,2244312928
49.881,20.0477,40.399,0,100,86,79,1655,3504,2.18536,0,11.2435,2.92973,0,3414,2264360919
49.2846,20.2903,40.399,0,100,86,79,1655,3504,2.18536,0,11.2435,2.92973,0,3414,2284653197
48.0952,20.7921,40.399,0,100,86,79,1655,3504,2.18536,0,11.2435,2.92973,0,3414,2305447375
50.2894,19.8849,40.399,0,100,86,79,1655,3504,2.18536,0,11.2435,2.92973,0,3414,2325333172
47.8836,20.884,40.399,0,100,86,79,1655,3504,2.18536,0,11.2435,2.92973,0,3414,2346218578
51.0646,19.583,40.399,0,100,86,79,1655,3504,2.18536,0,11.2435,2.92973,0,3414,2365802529
47.8441,20.9012,40.399,0,100,86,79,1655,3504,2.18536,0,11.2435,2.92973,0,3414,2386705904
46.7347,21.3974,40.399,0,100,86,79,1655,3504,2.18536,0,11.2435,2.92973,0,3414,2408104522
51.9606,19.2454,40.399,0,100,86,79,1655,3504,2.18536,0,11.2435,2.92973,0,3414,2427351344
47.6839,20.9714,40.399,0,100,86,79,1655,3504,2.18536,0,11.2435,2.92973,0,3414,2448324023
51.7599,19.32,40.399,0,100,86,79,1655,3504,2.18536,0,11.2435,2.92973,0,3414,2467644535
48.3201,20.6953,40.399,0,100,86,79,1655,3504,2.18536,0,11.2435,2.92973,0,3414,2488341552
49.7962,20.0819,40.399,0,100,86,79,1655,3504,2.18536,0,11.2435,2.92973,0,3414,2508425398
50.5057,19.7997,40.399,0,100,86,79,1655,3504,2.18536,0,11.2435,2.92973,0,3414,2528226619
51.6721,19.3528,40.399,0,100,86,79,1655,3504,2.18536,0,11.2435,2.92973,0,3414,2547580717
50.3826,19.8481,40.399,0,100,86,79,1655,3504,2.18536,0,11.2435,2.92973,0,3414,2567429930
49.2158,20.3187,40.399,0,100,86,79,1655,3504,2.18536,0,11.2435,2.92973,0,3414,2587749158
49.1687,20.3382,40.399,0,100,86,79,1655,3504,2.18536,0,11.2435,2.92973,0,3414,2608097472
49.1539,20.3443,38,0,100,86,79,1655,3504,2.18536,0,11.2422,2.92973,0,3423,2628433723
54.9803,18.1883,38,0,100,86,79,1655,3504,2.18536,0,11.2422,2.92973,0,3423,2646623102
49.7538,20.099,38,0,100,86,79,1655,3504,2.18536,0,11.2422,2.92973,0,3423,2666723696
43.2661,23.1128,38,0,100,86,79,1655,3504,2.18536,0,11.2422,2.92973,0,3423,2689836965
55.4495,18.0344,38,0,100,86,79,1655,3504,2.18536,0,11.2422,2.92973,0,3423,2707873334
50.0251,19.99,38,0,100,86,79,1655,3504,2.18536,0,11.2422,2.92973,0,3423,2727863084
48.7043,20.5321,38,0,100,86,79,1655,3504,2.18536,0,11.2422,2.92973,0,3423,2748396897
51.5929,19.3825,38,0,100,86,79,1655,3504,2.18536,0,11.2422,2.92973,0,3423,2767780880
52.0804,19.2011,38,0,100,86,79,1655,3504,2.18536,0,11.2422,2.92973,0,3423,2786982949
44.62,22.4115,38,0,100,86,79,1655,3504,2.18536,0,11.2422,2.92973,0,3423,2809394560
54.4678,18.3595,38,0,100,86,79,1655,3504,2.18536,0,11.2422,2.92973,0,3423,2827755449
48.5858,20.5822,38,0,100,86,79,1655,3504,2.18536,0,11.2422,2.92973,0,3423,2848339074
49.9661,20.0136,38,0,100,86,79,1655,3504,2.18536,0,11.2422,2.92973,0,3423,2868352982
51.2191,19.524,38,0,100,86,79,1655,3504,2.18536,0,11.2422,2.92973,0,3423,2887878713
48.8696,20.4626,38,0,100,86,79,1655,3504,2.18536,0,11.2422,2.92973,0,3423,2908343508
49.5739,20.1719,38,0,100,86,79,1655,3504,2.18536,0,11.2422,2.92973,0,3423,2928516228
47.0394,21.2588,38,0,100,86,79,1655,3504,2.18536,0,11.2422,2.92973,0,3423,2949777211
52.1099,19.1902,38,0,100,86,79,1655,3504,2.18536,0,11.2422,2.92973,0,3423,2968967482
41.5924,24.0429,38,0,100,86,79,1655,3504,2.18536,0,11.2422,2.92973,0,3423,2993010733
60.7314,16.4659,38,0,100,86,79,1655,3504,2.18536,0,11.2422,2.92973,0,3423,3009479497
51.2153,19.5254,38,0,100,86,79,1655,3504,2.18536,0,11.2422,2.92973,0,3423,3029005979
49.702,20.1199,38,0,100,86,79,1655,3504,2.18536,0,11.2422,2.92973,0,3423,3049126598
49.3239,20.2741,38,0,100,86,79,1655,3504,2.18536,0,11.2422,2.92973,0,3423,3069402159
48.5159,20.6118,38,0,100,86,79,1655,3504,2.18536,0,11.2422,2.92973,0,3423,3090014460
47.6067,21.0054,38,0,100,86,79,1655,3504,2.18536,0,11.2422,2.92973,0,3423,3111027091
48.5485,20.598,41.6873,0,100,87,79,1655,3504,2.18536,0,11.2294,2.92973,0,3402,3131620212
52.2481,19.1395,41.6873,0,100,87,79,1655,3504,2.18536,0,11.2294,2.92973,0,3402,3150762232
48.1805,20.7553,41.6873,0,100,87,79,1655,3504,2.18536,0,11.2294,2.92973,0,3402,3171518778
50.1091,19.9564,41.6873,0,100,87,79,1655,3504,2.18536,0,11.2294,2.92973,0,3402,3191476077
50.6194,19.7553,41.6873,0,100,87,79,1655,3504,2.18536,0,11.2294,2.92973,0,3402,3211232349
48.7109,20.5293,41.6873,0,100,87,79,1655,3504,2.18536,0,11.2294,2.92973,0,3402,3231763240
49.2407,20.3084,41.6873,0,100,87,79,1655,3504,2.18536,0,11.2294,2.92973,0,3402,3252072660
49.7739,20.0909,41.6873,0,100,87,79,1655,3504,2.18536,0,11.2294,2.92973,0,3402,3272164606
49.0188,20.4003,41.6873,0,100,87,79,1655,3504,2.18536,0,11.2294,2.92973,0,3402,3292566682
48.7091,20.53,41.6873,0,100,87,79,1655,3504,2.18536,0,11.2294,2.92973,0,3402,3313097612
50.8576,19.6627,41.6873,0,100,87,79,1655,3504,2.18536,0,11.2294,2.92973,0,3402,3332762387
49.3929,20.2458,41.6873,0,100,87,79,1655,3504,2.18536,0,11.2294,2.92973,0,3402,3353008843
46.9877,21.2822,41.6873,0,100,87,79,1655,3504,2.18536,0,11.2294,2.92973,0,3402,3374291055
51.8123,19.3004,41.6873,0,100,87,79,1655,3504,2.18536,0,11.2294,2.92973,0,3402,3393593287
50.7514,19.7039,41.6873,0,100,87,79,1655,3504,2.18536,0,11.2294,2.92973,0,3402,3413298603
49.0706,20.3788,41.6873,0,100,87,79,1655,3504,2.18536,0,11.2294,2.92973,0,3402,3433678761
50.7466,19.7058,41.6873,0,100,87,79,1655,3504,2.18536,0,11.2294,2.92973,0,3402,3453386077
47.6276,20.9962,41.6873,0,100,87,79,1655,3504,2.18536,0,11.2294,2.92973,0,3402,3474383739
50.9271,19.6359,41.6873,0,100,87,79,1655,3504,2.18536,0,11.2294,2.92973,0,3402,3494021053
50.8783,19.6547,41.6873,0,100,87,79,1655,3504,2.18536,0,11.2294,2.92973,0,3402,3513677067
48.4944,20.621,41.6873,0,100,87,79,1655,3504,2.18536,0,11.2294,2.92973,0,3402,3534299554
50.2865,19.8861,41.6873,0,100,87,79,1655,3504,2.18536,0,11.2294,2.92973,0,3402,3554187714
50.0899,19.9641,41.6873,0,100,87,79,1655,3504,2.18536,0,11.2294,2.92973,0,3402,3574152858
47.9479,20.856,41.6873,0,100,87,79,1655,3504,2.18536,0,11.2294,2.92973,0,3402,3595022623
48.317,20.6966,41.6873,0,100,87,79,1655,3504,2.18536,0,11.2294,2.92973,0,3402,3615730521
51.2666,19.5059,37.659,0,100,87,80,1659,3504,2.18536,0,11.2328,2.92973,0,2517,3635229292
51.6188,19.3728,37.659,0,100,87,80,1659,3504,2.18536,0,11.2328,2.92973,0,2517,3654616345
48.284,20.7108,37.659,0,100,87,80,1659,3504,2.18536,0,11.2328,2.92973,0,2517,3675328745
50.7277,19.7131,37.659,0,100,87,80,1659,3504,2.18536,0,11.2328,2.92973,0,2517,3695044128
50.3122,19.8759,37.659,0,100,87,80,1659,3504,2.18536,0,11.2328,2.92973,0,2517,3714920239
47.7141,20.9581,37.659,0,100,87,80,1659,3504,2.18536,0,11.2328,2.92973,0,2517,3735880452
52.1879,19.1615,37.659,0,100,87,80,1659,3504,2.18536,0,11.2328,2.92973,0,2517,3755042959
48.8076,20.4886,37.659,0,100,87,80,1659,3504,2.18536,0,11.2328,2.92973,0,2517,3775533822
46.6991,21.4137,37.659,0,100,87,80,1659,3504,2.18536,0,11.2328,2.92973,0,2517,3796947812
53.3056,18.7598,37.659,0,100,87,80,1659,3504,2.18536,0,11.2328,2.92973,0,2517,3815710711
49.4858,20.2078,37.659,0,100,87,80,1659,3504,2.18536,0,11.2328,2.92973,0,2517,3835919252
50.6655,19.7373,37.659,0,100,87,80,1659,3504,2.18536,0,11.2328,2.92973,0,2517,3855657587
48.1111,20.7852,37.659,0,100,87,80,1659,3504,2.18536,0,11.2328,2.92973,0,2517,3876445240
52.0161,19.2248,37.659,0,100,87,80,1659,3504,2.18536,0,11.2328,2.92973,0,2517,3895670764
46.7702,21.3812,37.659,0,100,87,80,1659,3504,2.18536,0,11.2328,2.92973,0,2517,3917052700
55.4724,18.027,37.659,0,100,87,80,1659,3504,2.18536,0,11.2328,2.92973,0,2517,3935081103
48.7599,20.5087,37.659,0,100,87,80,1659,3504,2.18536,0,11.2328,2.92973,0,2517,3955591409
49.4235,20.2333,37.659,0,100,87,80,1659,3504,2.18536,0,11.2328,2.92973,0,2517,3975824487
45.6754,21.8936,37.659,0,100,87,80,1659,3504,2.18536,0,11.2328,2.92973,0,2517,3997719427
56.9784,17.5505,37.659,0,100,87,80,1659,3504,2.18536,0,11.2328,2.92973,0,2517,4015272471
46.4048,21.5495,37.659,0,100,87,80,1659,3504,2.18536,0,11.2328,2.92973,0,2517,4036821872
50.1984,19.921,37.659,0,100,87,80,1659,3504,2.18536,0,11.2328,2.92973,0,2517,4056744623
44.8577,22.2927,37.659,0,100,87,80,1659,3504,2.18536,0,11.2328,2.92973,0,2517,4079038238
60.3173,16.579,37.659,0,100,87,80,1659,3504,2.18536,0,11.2328,2.92973,0,2517,4095617961
47.1456,21.2109,37.659,0,100,87,80,1659,3504,2.18536,0,11.2328,2.92973,0,2517,4116834665
53.0593,18.8468,51.3924,0,100,90,79,1670,3504,2.18536,0,11.2549,2.92973,0,3406,4135678585
46.6894,21.4181,51.3924,0,100,90,79,1670,3504,2.18536,0,11.2549,2.92973,0,3406,4157096733
53.5925,18.6593,51.3924,0,100,90,79,1670,3504,2.18536,0,11.2549,2.92973,0,3406,4175757481
48.1075,20.7868,51.3924,0,100,90,79,1670,3504,2.18536,0,11.2549,2.92973,0,3406,4196546016
49.2361,20.3103,51.3924,0,100,90,79,1670,3504,2.18536,0,11.2549,2.92973,0,3406,4216857311
53.515,18.6863,51.3924,0,100,90,79,1670,3504,2.18536,0,11.2549,2.92973,0,3406,4235544103
50.1897,19.9244,51.3924,0,100,90,79,1670,3504,2.18536,0,11.2549,2.92973,0,3406,4255475255
47.6699,20.9776,51.3924,0,100,90,79,1670,3504,2.18536,0,11.2549,2.92973,0,3406,4276454126
50.3052,19.8787,51.3924,0,100,90,79,1670,3504,2.18536,0,11.2549,2.92973,0,3406,4296334840
51.3815,19.4623,51.3924,0,100,90,79,1670,3504,2.18536,0,11.2549,2.92973,0,3406,4315797252
45.802,21.8331,51.3924,0,100,90,79,1670,3504,2.18536,0,11.2549,2.92973,0,3406,4337645692
50.1515,19.9396,51.3924,0,100,90,79,1670,3504,2.18536,0,11.2549,2.92973,0,3406,4357585397
54.8714,18.2244,51.3924,0,100,90,79,1670,3504,2.18536,0,11.2549,2.92973,0,3406,4375811492
50.395,19.8432,51.3924,0,100,90,79,1670,3504,2.18536,0,11.2549,2.92973,0,3406,4395656028
47.663,20.9807,51.3924,0,100,90,79,1670,3504,2.18536,0,11.2549,2.92973,0,3406,4416637861
53.5286,18.6816,51.3924,0,100,90,79,1670,3504,2.18536,0,11.2549,2.92973,0,3406,4435321836
50.6656,19.7372,51.3924,0,100,90,79,1670,3504,2.18536,0,11.2549,2.92973,0,3406,4455060254
50.5765,19.772,51.3924,0,100,90,79,1670,3504,2.18536,0,11.2549,2.92973,0,3406,4474833056
49.0064,20.4055,51.3924,0,100,90,79,1670,3504,2.18536,0,11.2549,2.92973,0,3406,4495239042
50.1002,19.96,51.3924,0,100,90,79,1670,3504,2.18536,0,11.2549,2.92973,0,3406,4515200556
49.4419,20.2257,51.3924,0,100,90,79,1670,3504,2.18536,0,11.2549,2.92973,0,3406,4535427490
50.464,19.8161,51.3924,0,100,90,79,1670,3504,2.18536,0,11.2549,2.92973,0,3406,4555244573
50.2554,19.8984,51.3924,0,100,90,79,1670,3504,2.18536,0,11.2549,2.92973,0,3406,4575143674
49.8651,20.0541,51.3924,0,100,90,79,1670,3504,2.18536,0,11.2549,2.92973,0,3406,4595199498
49.747,20.1017,51.3924,0,100,90,79,1670,3504,2.18536,0,11.2549,2.92973,0,3406,4615303227
50.151,19.9398,51.3924,0,100,90,79,1670,3504,2.18536,0,11.2549,2.92973,0,3406,4635250248
48.8754,20.4602,42.2434,0,100,90,80,1683,3504,2.18536,0,11.2551,2.92973,0,3429,4655706533
48.4293,20.6486,42.2434,0,100,90,80,1683,3504,2.18536,0,11.2551,2.92973,0,3429,4676356548
52.0131,19.2259,42.2434,0,100,90,80,1683,3504,2.18536,0,11.2551,2.92973,0,3429,4695583255
51.2102,19.5273,42.2434,0,100,90,80,1683,3504,2.18536,0,11.2551,2.92973,0,3429,4715111431
46.9559,21.2966,42.2434,0,100,90,80,1683,3504,2.18536,0,11.2551,2.92973,0,3429,4736409285
52.359,19.0989,42.2434,0,100,90,80,1683,3504,2.18536,0,11.2551,2.92973,0,3429,4755509211
49.4583,20.2191,42.2434,0,100,90,80,1683,3504,2.18536,0,11.2551,2.92973,0,3429,4775743591
48.5224,20.609,42.2434,0,100,90,80,1683,3504,2.18536,0,11.2551,2.92973,0,3429,4796338911
50.5208,19.7938,42.2434,0,100,90,80,1683,3504,2.18536,0,11.2551,2.92973,0,3429,4816134928
51.7653,19.318,42.2434,0,100,90,80,1683,3504,2.18536,0,11.2551,2.92973,0,3429,4835453668
48.7694,20.5046,42.2434,0,100,90,80,1683,3504,2.18536,0,11.2551,2.92973,0,3429,4855960052
50.9246,19.6369,42.2434,0,100,90,80,1683,3504,2.18536,0,11.2551,2.92973,0,3429,4875598219
50.7715,19.6961,42.2434,0,100,90,80,1683,3504,2.18536,0,11.2551,2.92973,0,3429,4895316208
50.8389,19.67,42.2434,0,100,90,80,1683,3504,2.18536,0,11.2551,2.92973,0,3429,4914976398
48.0277,20.8213,42.2434,0,100,90,80,1683,3504,2.18536,0,11.2551,2.92973,0,3429,4935798426
52.2611,19.1347,42.2434,0,100,90,80,1683,3504,2.18536,0,11.2551,2.92973,0,3429,4954933687
49.7271,20.1098,42.2434,0,100,90,80,1683,3504,2.18536,0,11.2551,2.92973,0,3429,4975045152
46.3094,21.5939,42.2434,0,100,90,80,1683,3504,2.18536,0,11.2551,2.92973,0,3429,4996639899
53.5886,18.6607,42.2434,0,100,90,80,1683,3504,2.18536,0,11.2551,2.92973,0,3429,5015301746
48.1922,20.7502,42.2434,0,100,90,80,1683,3504,2.18536,0,11.2551,2.92973,0,3429,5036053819
54.5752,18.3234,42.2434,0,100,90,80,1683,3504,2.18536,0,11.2551,2.92973,0,3429,5054377937
51.118,19.5626,42.2434,0,100,90,80,1683,3504,2.18536,0,11.2551,2.92973,0,3429,5073941220
50.124,19.9505,42.2434,0,100,90,80,1683,3504,2.18536,0,11.2551,2.92973,0,3429,5093892759
50.8712,19.6575,42.2434,0,100,90,80,1683,3504,2.18536,0,11.2551,2.92973,0,3429,5113551920
50.1894,19.9245,42.2434,0,100,90,80,1683,3504,2.18536,0,11.2551,2.92973,0,3429,5133478876
49.0886,20.3713,42.2434,0,100,90,80,1683,3504,2.18536,0,11.2551,2.92973,0,3429,5153858455
50.3417,19.8643,40.625,0,100,87,80,1683,3504,2.18536,0,11.2707,2.92973,0,3404,5173716091
50.5862,19.7682,40.625,0,100,87,80,1683,3504,2.18536,0,11.2707,2.92973,0,3404,5193485852
49.5797,20.1695,40.625,0,100,87,80,1683,3504,2.18536,0,11.2707,2.92973,0,3404,5213656686
51.2288,19.5203,40.625,0,100,87,80,1683,3504,2.18536,0,11.2707,2.92973,0,3404,5233177855
47.666,20.9793,40.625,0,100,87,80,1683,3504,2.18536,0,11.2707,2.92973,0,3404,5254159029
49.706,20.1183,40.625,0,100,87,80,1683,3504,2.18536,0,11.2707,2.92973,0,3404,5274278229
53.0499,18.8502,40.625,0,100,87,80,1683,3504,2.18536,0,11.2707,2.92973,0,3404,5293129802
49.2722,20.2954,40.625,0,100,87,80,1683,3504,2.18536,0,11.2707,2.92973,0,3404,5313427302
51.9753,19.2399,40.625,0,100,87,80,1683,3504,2.18536,0,11.2707,2.92973,0,3404,5332667887
50.8189,19.6777,40.625,0,100,87,80,1683,3504,2.18536,0,11.2707,2.92973,0,3404,5352346581
49.1853,20.3313,40.625,0,100,87,80,1683,3504,2.18536,0,11.2707,2.92973,0,3404,5372679720
47.1085,21.2276,40.625,0,100,87,80,1683,3504,2.18536,0,11.2707,2.92973,0,3404,5393909078
53.9596,18.5324,40.625,0,100,87,80,1683,3504,2.18536,0,11.2707,2.92973,0,3404,5412443125
46.0539,21.7137,40.625,0,100,87,80,1683,3504,2.18536,0,11.2707,2.92973,0,3404,5434157654
49.3932,20.2457,40.625,0,100,87,80,1683,3504,2.18536,0,11.2707,2.92973,0,3404,5454405638
56.964,17.555,40.625,0,100,87,80,1683,3504,2.18536,0,11.2707,2.92973,0,3404,5471961101
47.4645,21.0684,40.625,0,100,87,80,1683,3504,2.18536,0,11.2707,2.92973,0,3404,5493030317
50.9385,19.6315,40.625,0,100,87,80,1683,3504,2.18536,0,11.2707,2.92973,0,3404,5512662970
47.7914,20.9243,40.625,0,100,87,80,1683,3504,2.18536,0,11.2707,2.92973,0,3404,5533606751
51.1767,19.5401,40.625,0,100,87,80,1683,3504,2.18536,0,11.2707,2.92973,0,3404,5553148015
48.8368,20.4764,40.625,0,100,87,80,1683,3504,2.18536,0,11.2707,2.92973,0,3404,5573626302
48.3941,20.6637,40.625,0,100,87,80,1683,3504,2.18536,0,11.2707,2.92973,0,3404,5594291893
55.4394,18.0377,40.625,0,100,87,80,1683,3504,2.18536,0,11.2707,2.92973,0,3404,5612330213
47.5118,21.0474,40.625,0,100,87,80,1683,3504,2.18536,0,11.2707,2.92973,0,3404,5633380219
53.4815,18.6981,40.625,0,100,87,80,1683,3504,2.18536,0,11.2707,2.92973,0,3404,5652078706
47.362,21.114,40.625,0,100,87,80,1683,3504,2.18536,0,11.2707,2.92973,0,3404,5673197862
53.7437,18.6068,41.7476,0,100,87,80,1683,3504,2.18536,0,11.2751,2.92973,0,3400,5691801663
49.6089,20.1577,41.7476,0,100,87,80,1683,3504,2.18536,0,11.2751,2.92973,0,3400,5711960960
51.1248,19.56,41.7476,0,100,87,80,1683,3504,2.18536,0,11.2751,2.92973,0,3400,5731521920
50.162,19.9354,41.7476,0,100,87,80,1683,3504,2.18536,0,11.2751,2.92973,0,3400,5751458610
49.896,20.0417,41.7476,0,100,87,80,1683,3504,2.18536,0,11.2751,2.92973,0,3400,5771501796
48.6063,20.5735,41.7476,0,100,87,80,1683,3504,2.18536,0,11.2751,2.92973,0,3400,5792076355
50.7941,19.6873,41.7476,0,100,87,80,1683,3504,2.18536,0,11.2751,2.92973,0,3400,5811765042
47.4921,21.0561,41.7476,0,100,87,80,1683,3504,2.18536,0,11.2751,2.92973,0,3400,5832823231
53.1301,18.8217,41.7476,0,100,87,80,1683,3504,2.18536,0,11.2751,2.92973,0,3400,5851644565
49.1965,20.3267,41.7476,0,100,87,80,1683,3504,2.18536,0,11.2751,2.92973,0,3400,5871974013
45.1102,22.1679,41.7476,0,100,87,80,1683,3504,2.18536,0,11.2751,2.92973,0,3400,5894142068
54.9141,18.2103,41.7476,0,100,87,80,1683,3504,2.18536,0,11.2751,2.92973,0,3400,5912355043
49.9921,20.0031,41.7476,0,100,87,80,1683,3504,2.18536,0,11.2751,2.92973,0,3400,5932360589
45.6187,21.9208,41.7476,0,100,87,80,1683,3504,2.18536,0,11.2751,2.92973,0,3400,5954281568
55.1703,18.1257,41.7476,0,100,87,80,1683,3504,2.18536,0,11.2751,2.92973,0,3400,5972410142
48.9878,20.4133,41.7476,0,100,87,80,1683,3504,2.18536,0,11.2751,2.92973,0,3400,5992822937
50.5628,19.7774,41.7476,0,100,87,80,1683,3504,2.18536,0,11.2751,2.92973,0,3400,6012601244
46.2547,21.6194,41.7476,0,100,87,80,1683,3504,2.18536,0,11.2751,2.92973,0,3400,6034222077
53.7232,18.6139,41.7476,0,100,87,80,1683,3504,2.18536,0,11.2751,2.92973,0,3400,6052836812
46.9442,21.3019,41.7476,0,100,87,80,1683,3504,2.18536,0,11.2751,2.92973,0,3400,6074139212
52.4641,19.0606,41.7476,0,100,87,80,1683,3504,2.18536,0,11.2751,2.92973,0,3400,6093202295
50.7409,19.708,41.7476,0,100,87,80,1683,3504,2.18536,0,11.2751,2.92973,0,3400,6112909680
49.2152,20.3189,41.7476,0,100,87,80,1683,3504,2.18536,0,11.2751,2.92973,0,3400,6133229923
50.5441,19.7847,41.7476,0,100,87,80,1683,3504,2.18536,0,11.2751,2.92973,0,3400,6153016587
48.9026,20.4488,41.7476,0,100,87,80,1683,3504,2.18536,0,11.2751,2.92973,0,3400,6173473155
50.0112,19.9955,46.5686,0,100,87,80,1683,3504,2.18536,0,11.2755,2.92973,0,3400,6193464332
46.572,21.4721,46.5686,0,100,87,80,1683,3504,2.18536,0,11.2755,2.92973,0,3400,6214938421
50.8915,19.6496,46.5686,0,100,87,80,1683,3504,2.18536,0,11.2755,2.92973,0,3400,6234588786
52.6006,19.0112,46.5686,0,100,87,80,1683,3504,2.18536,0,11.2755,2.92973,0,3400,6253601423
49.1647,20.3398,46.5686,0,100,87,80,1683,3504,2.18536,0,11.2755,2.92973,0,3400,6273941637
48.2872,20.7094,46.5686,0,100,87,80,1683,3504,2.18536,0,11.2755,2.92973,0,3400,6294664267
53.0226,18.8599,46.5686,0,100,87,80,1683,3504,2.18536,0,11.2755,2.92973,0,3400,6313514237
49.4487,20.223,46.5686,0,100,87,80,1683,3504,2.18536,0,11.2755,2.92973,0,3400,6333737424
49.7294,20.1088,46.5686,0,100,87,80,1683,3504,2.18536,0,11.2755,2.92973,0,3400,6353848453
51.8753,19.277,46.5686,0,100,87,80,1683,3504,2.18536,0,11.2755,2.92973,0,3400,6373125664
49.3517,20.2627,46.5686,0,100,87,80,1683,3504,2.18536,0,11.2755,2.92973,0,3400,6393389989
45.8476,21.8114,46.5686,0,100,87,80,1683,3504,2.18536,0,11.2755,2.92973,0,3400,6415202980
53.7692,18.598,46.5686,0,100,87,80,1683,3504,2.18536,0,11.2755,2.92973,0,3400,6433801513
50.734,19.7107,46.5686,0,100,87,80,1683,3504,2.18536,0,11.2755,2.92973,0,3400,6453512965
49.4458,20.2242,46.5686,0,100,87,80,1683,3504,2.18536,0,11.2755,2.92973,0,3400,6473739813
51.9946,19.2328,46.5686,0,100,87,80,1683,3504,2.18536,0,11.2755,2.92973,0,3400,6492973401
43.8002,22.831,46.5686,0,100,87,80,1683,3504,2.18536,0,11.2755,2.92973,0,3400,6515805380
53.908,18.5501,46.5686,0,100,87,80,1683,3504,2.18536,0,11.2755,2.92973,0,3400,6534355956
48.2642,20.7193,46.5686,0,100,87,80,1683,3504,2.18536,0,11.2755,2.92973,0,3400,6555077887
49.0342,20.3939,46.5686,0,100,87,80,1683,3504,2.18536,0,11.2755,2.92973,0,3400,6575472304
52.2363,19.1438,46.5686,0,100,87,80,1683,3504,2.18536,0,11.2755,2.92973,0,3400,6594617980
52.363,19.0975,46.5686,0,100,87,80,1683,3504,2.18536,0,11.2755,2.92973,0,3400,6613716033
46.7473,21.3916,46.5686,0,100,87,80,1683,3504,2.18536,0,11.2755,2.92973,0,3400,6635111641
54.868,18.2256,46.5686,0,100,87,80,1683,3504,2.18536,0,11.2755,2.92973,0,3400,6653335916
46.0343,21.7229,46.5686,0,100,87,80,1683,3504,2.18536,0,11.2755,2.92973,0,3400,6675064663
54.3668,18.3936,43.6224,0,100,87,80,1683,3504,2.18536,0,11.2755,2.92973,0,3400,6693454212
47.5324,21.0383,43.6224,0,100,87,80,1683,3504,2.18536,0,11.2755,2.92973,0,3400,6714492755
52.491,19.0509,43.6224,0,100,87,80,1683,3504,2.18536,0,11.2755,2.92973,0,3400,6733545129
48.7785,20.5008,43.6224,0,100,87,80,1683,3504,2.18536,0,11.2755,2.92973,0,3400,6754047484
51.6198,19.3724,43.6224,0,100,87,80,1683,3504,2.18536,0,11.2755,2.92973,0,3400,6773421289
49.3509,20.263,43.6224,0,100,87,80,1683,3504,2.18536,0,11.2755,2.92973,0,3400,6793685433
50.3963,19.8427,43.6224,0,100,87,80,1683,3504,2.18536,0,11.2755,2.92973,0,3400,6813529677
48.7883,20.4967,43.6224,0,100,87,80,1683,3504,2.18536,0,11.2755,2.92973,0,3400,6834027824
47.7698,20.9337,43.6224,0,100,87,80,1683,3504,2.18536,0,11.2755,2.92973,0,3400,6854963146
51.1435,19.5528,43.6224,0,100,87,80,1683,3504,2.18536,0,11.2755,2.92973,0,3400,6874517622
52.0714,19.2044,43.6224,0,100,87,80,1683,3504,2.18536,0,11.2755,2.92973,0,3400,6893723294
49.0712,20.3785,43.6224,0,100,87,80,1683,3504,2.18536,0,11.2755,2.92973,0,3400,6914102245
51.5208,19.4097,43.6224,0,100,87,80,1683,3504,2.18536,0,11.2755,2.92973,0,3400,6933514363
46.503,21.504,43.6224,0,100,87,80,1683,3504,2.18536,0,11.2755,2.92973,0,3400,6955019316
51.6948,19.3443,43.6224,0,100,87,80,1683,3504,2.18536,0,11.2755,2.92973,0,3400,6974365341
50.7369,19.7095,43.6224,0,100,87,80,1683,3504,2.18536,0,11.2755,2.92973,0,3400,6994076340
50.3356,19.8667,43.6224,0,100,87,80,1683,3504,2.18536,0,11.2755,2.92973,0,3400,7013944270
49.169,20.338,43.6224,0,100,87,80,1683,3504,2.18536,0,11.2755,2.92973,0,3400,7034283485
49.4095,20.239,43.6224,0,100,87,80,1683,3504,2.18536,0,11.2755,2.92973,0,3400,7054523866
49.8708,20.0518,43.6224,0,100,87,80,1683,3504,2.18536,0,11.2755,2.92973,0,3400,7074576525
50.4016,19.8406,43.6224,0,100,87,80,1683,3504,2.18536,0,11.2755,2.92973,0,3400,7094417841
49.8349,20.0663,43.6224,0,100,87,80,1683,3504,2.18536,0,11.2755,2.92973,0,3400,7114486125
50.5526,19.7814,43.6224,0,100,87,80,1683,3504,2.18536,0,11.2755,2.92973,0,3400,7134269062
49.9409,20.0237,43.6224,0,100,87,80,1683,3504,2.18536,0,11.2755,2.92973,0,3400,7154293384
49.9386,20.0246,43.6224,0,100,87,80,1683,3504,2.18536,0,11.2755,2.92973,0,3400,7174318926
46.5654,21.4752,43.6224,0,100,87,80,1683,3504,2.18536,0,11.2755,2.92973,0,3400,7195801025
51.5583,19.3955,39.0977,0,100,87,80,1683,3504,2.18536,0,11.2756,2.92973,0,3400,7215191612
51.4843,19.4234,39.0977,0,100,87,80,1683,3504,2.18536,0,11.2756,2.92973,0,3400,7234615951
47.4947,21.055,39.0977,0,100,87,80,1683,3504,2.18536,0,11.2756,2.92973,0,3400,7255672854
50.4992,19.8023,39.0977,0,100,87,80,1683,3504,2.18536,0,11.2756,2.92973,0,3400,7275474624
51.7017,19.3417,39.0977,0,100,87,80,1683,3504,2.18536,0,11.2756,2.92973,0,3400,7294817643
44.829,22.307,39.0977,0,100,87,80,1683,3504,2.18536,0,11.2756,2.92973,0,3400,7317127716
53.5452,18.6758,39.0977,0,100,87,80,1683,3504,2.18536,0,11.2756,2.92973,0,3400,7335803846
49.6102,20.1571,39.0977,0,100,87,80,1683,3504,2.18536,0,11.2756,2.92973,0,3400,7355963094
47.6867,20.9702,39.0977,0,100,87,80,1683,3504,2.18536,0,11.2756,2.92973,0,3400,7376933928
52.1183,19.1871,39.0977,0,100,87,80,1683,3504,2.18536,0,11.2756,2.92973,0,3400,7396122130
48.0133,20.8276,39.0977,0,100,87,80,1683,3504,2.18536,0,11.2756,2.92973,0,3400,7416950845
45.8554,21.8077,39.0977,0,100,87,80,1683,3504,2.18536,0,11.2756,2.92973,0,3400,7438759438
54.3314,18.4056,39.0977,0,100,87,80,1683,3504,2.18536,0,11.2756,2.92973,0,3400,7457166322
50.2514,19.8999,39.0977,0,100,87,80,1683,3504,2.18536,0,11.2756,2.92973,0,3400,7477067433
49.8199,20.0723,39.0977,0,100,87,80,1683,3504,2.18536,0,11.2756,2.92973,0,3400,7497140564
49.1713,20.3371,39.0977,0,100,87,80,1683,3504,2.18536,0,11.2756,2.92973,0,3400,7517479733
46.2473,21.6229,39.0977,0,100,87,80,1683,3504,2.18536,0,11.2756,2.92973,0,3400,7539104651
50.9852,19.6135,39.0977,0,100,87,80,1683,3504,2.18536,0,11.2756,2.92973,0,3400,7558719897
45.7563,21.8549,39.0977,0,100,87,80,1683,3504,2.18536,0,11.2756,2.92973,0,3400,7580575301
52.3179,19.1139,39.0977,0,100,87,80,1683,3504,2.18536,0,11.2756,2.92973,0,3400,7599690636
48.1141,20.7839,39.0977,0,100,87,80,1683,3504,2.18536,0,11.2756,2.92973,0,3400,7620475354
46.1845,21.6523,39.0977,0,100,87,80,1683,3504,2.18536,0,11.2756,2.92973,0,3400,7642128972
50.5881,19.7675,39.0977,0,100,87,80,1683,3504,2.18536,0,11.2756,2.92973,0,3400,7661898268
52.4439,19.068,39.0977,0,100,87,80,1683,3504,2.18536,0,11.2756,2.92973,0,3400,7680967064
50.2758,19.8903,39.0977,0,100,87,80,1683,3504,2.18536,0,11.2756,2.92973,0,3400,7700863957
48.8721,20.4616,41.4573,0,100,87,80,1683,3504,2.18536,0,11.2756,2.92973,0,3400,7721320560
48.4286,20.649,41.4573,0,100,87,80,1683,3504,2.18536,0,11.2756,2.92973,0,3400,7741971751
49.397,20.2442,41.4573,0,100,87,80,1683,3504,2.18536,0,11.2756,2.92973,0,3400,7762216014
48.7918,20.4953,41.4573,0,100,87,80,1683,3504,2.18536,0,11.2756,2.92973,0,3400,7782712152
48.2902,20.7081,41.4573,0,100,87,80,1683,3504,2.18536,0,11.2756,2.92973,0,3400,7803421054
48.7779,20.5011,41.4573,0,100,87,80,1683,3504,2.18536,0,11.2756,2.92973,0,3400,7823923485
46.6666,21.4286,41.4573,0,100,87,80,1683,3504,2.18536,0,11.2756,2.92973,0,3400,7845354594
46.2934,21.6013,41.4573,0,100,87,80,1683,3504,2.18536,0,11.2756,2.92973,0,3400,7866957860
53.1979,18.7977,41.4573,0,100,87,80,1683,3504,2.18536,0,11.2756,2.92973,0,3400,7885755704
50.8245,19.6756,41.4573,0,100,87,80,1683,3504,2.18536,0,11.2756,2.92973,0,3400,7905433260
43.1155,23.1935,41.4573,0,100,87,80,1683,3504,2.18536,0,11.2756,2.92973,0,3400,7928628011
55.6223,17.9784,41.4573,0,100,87,80,1683,3504,2.18536,0,11.2756,2.92973,0,3400,7946607346
47.7806,20.929,41.4573,0,100,87,80,1683,3504,2.18536,0,11.2756,2.92973,0,3400,7967537195
48.6091,20.5723,41.4573,0,100,87,80,1683,3504,2.18536,0,11.2756,2.92973,0,3400,7988111204
44.562,22.4406,41.4573,0,100,87,80,1683,3504,2.18536,0,11.2756,2.92973,0,3400,8010553715
58.8794,16.9839,41.4573,0,100,87,80,1683,3504,2.18536,0,11.2756,2.92973,0,3400,8027538380
44.0427,22.7052,41.4573,0,100,87,80,1683,3504,2.18536,0,11.2756,2.92973,0,3400,8050245147
51.1607,19.5463,41.4573,0,100,87,80,1683,3504,2.18536,0,11.2756,2.92973,0,3400,8069792425
43.1912,23.1528,41.4573,0,100,87,80,1683,3504,2.18536,0,11.2756,2.92973,0,3400,8092947262
51.9363,19.2544,41.4573,0,100,87,80,1683,3504,2.18536,0,11.2756,2.92973,0,3400,8112201905
48.4773,20.6282,41.4573,0,100,87,80,1683,3504,2.18536,0,11.2756,2.92973,0,3400,8132830446
53.4345,18.7145,41.4573,0,100,87,80,1683,3504,2.18536,0,11.2756,2.92973,0,3400,8151546568
47.2868,21.1475,41.4573,0,100,87,80,1683,3504,2.18536,0,11.2756,2.92973,0,3400,8172708001
47.5846,21.0152,41.4573,0,100,87,80,1683,3504,2.18536,0,11.2756,2.92973,0,3400,8193724530
50.0231,19.9908,41.4573,0,100,87,80,1683,3504,2.18536,0,11.2756,2.92973,0,3400,8213721985
46.4565,21.5255,47.7723,0,100,87,80,1683,3504,2.18536,0,11.2773,2.92973,0,3396,8235242724
47.6975,20.9655,47.7723,0,100,87,80,1683,3504,2.18536,0,11.2773,2.92973,0,3396,8256211063
51.8795,19.2754,47.7723,0,100,87,80,1683,3504,2.18536,0,11.2773,2.92973,0,3396,8275486181
48.3095,20.6999,47.7723,0,100,87,80,1683,3504,2.18536,0,11.2773,2.92973,0,3396,8296188252
49.2985,20.2846,47.7723,0,100,87,80,1683,3504,2.18536,0,11.2773,2.92973,0,3396,8316473263
47.8092,20.9165,47.7723,0,100,87,80,1683,3504,2.18536,0,11.2773,2.92973,0,3396,8337390684
47.5592,21.0264,47.7723,0,100,87,80,1683,3504,2.18536,0,11.2773,2.92973,0,3396,8358419028
46.1589,21.6643,47.7723,0,100,87,80,1683,3504,2.18536,0,11.2773,2.92973,0,3396,8380084566
48.5847,20.5826,47.7723,0,100,87,80,1683,3504,2.18536,0,11.2773,2.92973,0,3396,8400668674
46.131,21.6774,47.7723,0,100,87,80,1683,3504,2.18536,0,11.2773,2.92973,0,3396,8422347249
50.375,19.8511,47.7723,0,100,87,80,1683,3504,2.18536,0,11.2773,2.92973,0,3396,8442220143
52.9154,18.8981,47.7723,0,100,87,80,1683,3504,2.18536,0,11.2773,2.92973,0,3396,8461099094
44.4994,22.4722,47.7723,0,100,87,80,1683,3504,2.18536,0,11.2773,2.92973,0,3396,8483573058
49.8306,20.068,47.7723,0,100,87,80,1683,3504,2.18536,0,11.2773,2.92973,0,3396,8503640646
50.1678,19.9331,47.7723,0,100,87,80,1683,3504,2.18536,0,11.2773,2.92973,0,3396,8523575410
47.0653,21.2471,47.7723,0,100,87,80,1683,3504,2.18536,0,11.2773,2.92973,0,3396,8544823929
49.3245,20.2739,47.7723,0,100,87,80,1683,3504,2.18536,0,11.2773,2.92973,0,3396,8565098757
44.7458,22.3485,47.7723,0,100,87,80,1683,3504,2.18536,0,11.2773,2.92973,0,3396,8587448645
48.7176,20.5265,47.7723,0,100,87,80,1683,3504,2.18536,0,11.2773,2.92973,0,3396,8607976835
49.8159,20.0739,47.7723,0,100,87,80,1683,3504,2.18536,0,11.2773,2.92973,0,3396,8628051428
49.1102,20.3624,47.7723,0,100,87,80,1683,3504,2.18536,0,11.2773,2.92973,0,3396,8648415140
47.3659,21.1122,47.7723,0,100,87,80,1683,3504,2.18536,0,11.2773,2.92973,0,3396,8669529022
46.1538,21.6667,47.7723,0,100,87,80,1683,3504,2.18536,0,11.2773,2.92973,0,3396,8691197438
52.7693,18.9504,47.7723,0,100,87,80,1683,3504,2.18536,0,11.2773,2.92973,0,3396,8710148661
48.4276,20.6494,47.7723,0,100,87,80,1683,3504,2.18536,0,11.2773,2.92973,0,3396,8730805047
44.2956,22.5756,43.9904,0,100,87,80,1683,3504,2.18536,0,11.2775,2.92973,0,3404,8753375453
47.1132,21.2255,43.9904,0,100,87,80,1683,3504,2.18536,0,11.2775,2.92973,0,3404,8774602441
46.8277,21.3549,43.9904,0,100,87,80,1683,3504,2.18536,0,11.2775,2.92973,0,3404,8795959244
51.8156,19.2992,43.9904,0,100,87,80,1683,3504,2.18536,0,11.2775,2.92973,0,3404,8815260215
45.3218,22.0644,43.9904,0,100,87,80,1683,3504,2.18536,0,11.2775,2.92973,0,3404,8837325545
47.4534,21.0733,43.9904,0,100,87,80,1683,3504,2.18536,0,11.2775,2.92973,0,3404,8858400513
54.2308,18.4397,43.9904,0,100,87,80,1683,3504,2.18536,0,11.2775,2.92973,0,3404,8876841313
47.3806,21.1057,43.9904,0,100,87,80,1683,3504,2.18536,0,11.2775,2.92973,0,3404,8897947228
47.1406,21.2131,43.9904,0,100,87,80,1683,3504,2.18536,0,11.2775,2.92973,0,3404,8919161010
47.6058,21.0058,43.9904,0,100,87,80,1683,3504,2.18536,0,11.2775,2.92973,0,3404,8940168150
49.4007,20.2426,43.9904,0,100,87,80,1683,3504,2.18536,0,11.2775,2.92973,0,3404,8960412904
46.7079,21.4096,43.9904,0,100,87,80,1683,3504,2.18536,0,11.2775,2.92973,0,3404,8981822772
46.8031,21.3661,43.9904,0,100,87,80,1683,3504,2.18536,0,11.2775,2.92973,0,3404,9003190658
49.0885,20.3714,43.9904,0,100,87,80,1683,3504,2.18536,0,11.2775,2.92973,0,3404,9023562627
48.2074,20.7437,43.9904,0,100,87,80,1683,3504,2.18536,0,11.2775,2.92973,0,3404,9044308131
47.5838,21.0156,43.9904,0,100,87,80,1683,3504,2.18536,0,11.2775,2.92973,0,3404,9065324821
43.9759,22.7397,43.9904,0,100,87,80,1683,3504,2.18536,0,11.2775,2.92973,0,3404,9088064677
55.1199,18.1423,43.9904,0,100,87,80,1683,3504,2.18536,0,11.2775,2.92973,0,3404,9106209947
42.2443,23.6718,43.9904,0,100,87,80,1683,3504,2.18536,0,11.2775,2.92973,0,3404,9129882554
53.1848,18.8024,43.9904,0,100,87,80,1683,3504,2.18536,0,11.2775,2.92973,0,3404,9148684861
45.9096,21.7819,43.9904,0,100,87,80,1683,3504,2.18536,0,11.2775,2.92973,0,3404,9170468814
46.6597,21.4318,43.9904,0,100,87,80,1683,3504,2.18536,0,11.2775,2.92973,0,3404,9191901024
49.7643,20.0947,43.9904,0,100,87,80,1683,3504,2.18536,0,11.2775,2.92973,0,3404,9211996659
45.3931,22.0298,43.9904,0,100,87,80,1683,3504,2.18536,0,11.2775,2.92973,0,3404,9234032173
51.4906,19.421,47.8697,0,99,89,80,1683,3504,2.18536,0,11.2699,2.92973,0,3400,9253450734
45.5903,21.9345,47.8697,0,99,89,80,1683,3504,2.18536,0,11.2699,2.92973,0,3400,9275386015
51.6793,19.3501,47.8697,0,99,89,80,1683,3504,2.18536,0,11.2699,2.92973,0,3400,9294738106
41.1315,24.3123,47.8697,0,99,89,80,1683,3504,2.18536,0,11.2699,2.92973,0,3400,9319050904
49.5306,20.1895,47.8697,0,99,89,80,1683,3504,2.18536,0,11.2699,2.92973,0,3400,9339242040
49.7395,20.1047,47.8697,0,99,89,80,1683,3504,2.18536,0,11.2699,2.92973,0,3400,9359347548
47.5123,21.0472,47.8697,0,99,89,80,1683,3504,2.18536,0,11.2699,2.92973,0,3400,9380395713
45.8378,21.8161,47.8697,0,99,89,80,1683,3504,2.18536,0,11.2699,2.92973,0,3400,9402214390
45.1785,22.1344,47.8697,0,99,89,80,1683,3504,2.18536,0,11.2699,2.92973,0,3400,9424348901
50.2329,19.9073,47.8697,0,99,89,80,1683,3504,2.18536,0,11.2699,2.92973,0,3400,9444256070
46.9119,21.3166,47.8697,0,99,89,80,1683,3504,2.18536,0,11.2699,2.92973,0,3400,9465574161
45.2595,22.0948,47.8697,0,99,89,80,1683,3504,2.18536,0,11.2699,2.92973,0,3400,9487670530
43.7273,22.869,47.8697,0,99,89,80,1683,3504,2.18536,0,11.2699,2.92973,0,3400,9510546789
54.7101,18.2782,47.8697,0,99,89,80,1683,3504,2.18536,0,11.2699,2.92973,0,3400,9528820706
53.5159,18.686,47.8697,0,99,89,80,1683,3504,2.18536,0,11.2699,2.92973,0,3400,9547508396
46.6039,21.4574,47.8697,0,99,89,80,1683,3504,2.18536,0,11.2699,2.92973,0,3400,9568966360
45.2205,22.1139,47.8697,0,99,89,80,1683,3504,2.18536,0,11.2699,2.92973,0,3400,9591081204
46.8471,21.346,47.8697,0,99,89,80,1683,3504,2.18536,0,11.2699,2.92973,0,3400,9612428592
52.2269,19.1472,47.8697,0,99,89,80,1683,3504,2.18536,0,11.2699,2.92973,0,3400,9631578149
42.6824,23.4288,47.8697,0,99,89,80,1683,3504,2.18536,0,11.2699,2.92973,0,3400,9655008428
50.9921,19.6109,47.8697,0,99,89,80,1683,3504,2.18536,0,11.2699,2.92973,0,3400,9674619698
48.3699,20.674,47.8697,0,99,89,80,1683,3504,2.18536,0,11.2699,2.92973,0,3400,9695295611
47.309,21.1376,47.8697,0,99,89,80,1683,3504,2.18536,0,11.2699,2.92973,0,3400,9716455975
47.3452,21.1215,47.8697,0,99,89,80,1683,3504,2.18536,0,11.2699,2.92973,0,3400,9737568820
47.8205,20.9115,56.4557,0,100,89,80,1683,3504,2.18536,0,11.263,2.92973,0,3400,9758476446
47.4884,21.0578,56.4557,0,100,89,80,1683,3504,2.18536,0,11.263,2.92973,0,3400,9779534643
48.0562,20.809,56.4557,0,100,89,80,1683,3504,2.18536,0,11.263,2.92973,0,3400,9800346712
46.6141,21.4528,56.4557,0,100,89,80,1683,3504,2.18536,0,11.263,2.92973,0,3400,9821800207
46.41,21.5471,56.4557,0,100,89,80,1683,3504,2.18536,0,11.263,2.92973,0,3400,9843348185
48.0299,20.8204,56.4557,0,100,89,80,1683,3504,2.18536,0,11.263,2.92973,0,3400,9864169713
44.4013,22.5219,56.4557,0,100,89,80,1683,3504,2.18536,0,11.263,2.92973,0,3400,9886692665
45.9635,21.7564,56.4557,0,100,89,80,1683,3504,2.18536,0,11.263,2.92973,0,3400,9908450357
51.7117,19.338,56.4557,0,100,89,80,1683,3504,2.18536,0,11.263,2.92973,0,3400,9927789328
42.0817,23.7633,56.4557,0,100,89,80,1683,3504,2.18536,0,11.263,2.92973,0,3400,9951552466
53.3166,18.7559,56.4557,0,100,89,80,1683,3504,2.18536,0,11.263,2.92973,0,3400,9970309661
43.8613,22.7992,56.4557,0,100,89,80,1683,3504,2.18536,0,11.263,2.92973,0,3400,9993110678
49.1349,20.3521,56.4557,0,100,89,80,1683,3504,2.18536,0,11.263,2.92973,0,3400,10013464486
42.6154,23.4657,56.4557,0,100,89,80,1683,3504,2.18536,0,11.263,2.92973,0,3400,10036930735
46.2531,21.6202,56.4557,0,100,89,80,1683,3504,2.18536,0,11.263,2.92973,0,3400,10058551524
48.5654,20.5908,56.4557,0,100,89,80,1683,3504,2.18536,0,11.263,2.92973,0,3400,10079142330
47.0954,21.2335,56.4557,0,100,89,80,1683,3504,2.18536,0,11.263,2.92973,0,3400,10100378030
45.2519,22.0985,56.4557,0,100,89,80,1683,3504,2.18536,0,11.263,2.92973,0,3400,10122477528
47.1395,21.2136,56.4557,0,100,89,80,1683,3504,2.18536,0,11.263,2.92973,0,3400,10143692639
45.8224,21.8234,56.4557,0,100,89,80,1683,3504,2.18536,0,11.263,2.92973,0,3400,10165517622
44.2199,22.6142,56.4557,0,100,89,80,1683,3504,2.18536,0,11.263,2.92973,0,3400,10188134163
49.443,20.2253,56.4557,0,100,89,80,1683,3504,2.18536,0,11.263,2.92973,0,3400,10208360553
45.5467,21.9555,56.4557,0,100,89,80,1683,3504,2.18536,0,11.263,2.92973,0,3400,10230316927
42.1583,23.7201,56.4557,0,100,89,80,1683,3504,2.18536,0,11.263,2.92973,0,3400,10254059112
48.3746,20.672,46.8137,0,100,89,81,1683,3504,2.18536,0,11.2635,2.92973,0,3401,10274712194
49.2373,20.3098,46.8137,0,100,89,81,1683,3504,2.18536,0,11.2635,2.92973,0,3401,10295022672
41.6327,24.0196,46.8137,0,100,89,81,1683,3504,2.18536,0,11.2635,2.92973,0,3401,10319042405
49.7364,20.106,46.8137,0,100,89,81,1683,3504,2.18536,0,11.2635,2.92973,0,3401,10339149739
47.3148,21.135,46.8137,0,100,89,81,1683,3504,2.18536,0,11.2635,2.92973,0,3401,10360286147
42.0809,23.7637,46.8137,0,100,89,81,1683,3504,2.18536,0,11.2635,2.92973,0,3401,10384050596
45.0538,22.1957,46.8137,0,100,89,81,1683,3504,2.18536,0,11.2635,2.92973,0,3401,10406247348
49.4651,20.2163,46.8137,0,100,89,81,1683,3504,2.18536,0,11.2635,2.92973,0,3401,10426465385
43.7067,22.8798,46.8137,0,100,89,81,1683,3504,2.18536,0,11.2635,2.92973,0,3401,10449346171
43.8232,22.819,46.8137,0,100,89,81,1683,3504,2.18536,0,11.2635,2.92973,0,3401,10472165737
47.4722,21.065,46.8137,0,100,89,81,1683,3504,2.18536,0,11.2635,2.92973,0,3401,10493232999
46.2663,21.614,46.8137,0,100,89,81,1683,3504,2.18536,0,11.2635,2.92973,0,3401,10514847669
48.1015,20.7894,46.8137,0,100,89,81,1683,3504,2.18536,0,11.2635,2.92973,0,3401,10535637159
46.9168,21.3143,46.8137,0,100,89,81,1683,3504,2.18536,0,11.2635,2.92973,0,3401,10556952364
45.9314,21.7716,46.8137,0,100,89,81,1683,3504,2.18536,0,11.2635,2.92973,0,3401,10578725322
44.8519,22.2956,46.8137,0,100,89,81,1683,3504,2.18536,0,11.2635,2.92973,0,3401,10601020908
44.0013,22.7266,46.8137,0,100,89,81,1683,3504,2.18536,0,11.2635,2.92973,0,3401,10623749254
45.6312,21.9148,46.8137,0,100,89,81,1683,3504,2.18536,0,11.2635,2.92973,0,3401,10645664815
45.5746,21.942,46.8137,0,100,89,81,1683,3504,2.18536,0,11.2635,2.92973,0,3401,10667608209
46.7146,21.4066,46.8137,0,100,89,81,1683,3504,2.18536,0,11.2635,2.92973,0,3401,10689015508
42.4409,23.5622,46.8137,0,100,89,81,1683,3504,2.18536,0,11.2635,2.92973,0,3401,10712578878
49.3295,20.2719,46.8137,0,100,89,81,1683,3504,2.18536,0,11.2635,2.92973,0,3401,10732852295
40.9089,24.4445,46.8137,0,100,89,81,1683,3504,2.18536,0,11.2635,2.92973,0,3401,10757303110
49.2221,20.3161,45.6633,0,100,89,81,1683,3504,2.18536,0,11.264,2.92973,0,3400,10777614866
44.7023,22.3702,45.6633,0,100,89,81,1683,3504,2.18536,0,11.264,2.92973,0,3400,10799986273
43.2944,23.0977,45.6633,0,100,89,81,1683,3504,2.18536,0,11.264,2.92973,0,3400,10823085030
47.5973,21.0096,45.6633,0,100,89,81,1683,3504,2.18536,0,11.264,2.92973,0,3400,10844096227
44.3803,22.5325,45.6633,0,100,89,81,1683,3504,2.18536,0,11.264,2.92973,0,3400,10866629161
45.3919,22.0304,45.6633,0,100,89,81,1683,3504,2.18536,0,11.264,2.92973,0,3400,10888660907
42.7317,23.4018,45.6633,0,100,89,81,1683,3504,2.18536,0,11.264,2.92973,0,3400,10912064008
48.3795,20.6699,45.6633,0,100,89,81,1683,3504,2.18536,0,11.264,2.92973,0,3400,10932734148
42.0339,23.7903,45.6633,0,100,89,81,1683,3504,2.18536,0,11.264,2.92973,0,3400,10956525579
50.4322,19.8286,45.6633,0,100,89,81,1683,3504,2.18536,0,11.264,2.92973,0,3400,10976355656
44.3478,22.549,45.6633,0,100,89,81,1683,3504,2.18536,0,11.264,2.92973,0,3400,10998906592
41.2176,24.2615,45.6633,0,100,89,81,1683,3504,2.18536,0,11.264,2.92973,0,3400,11023169035
51.6679,19.3544,45.6633,0,100,89,81,1683,3504,2.18536,0,11.264,2.92973,0,3400,11042524853
41.0013,24.3895,45.6633,0,100,89,81,1683,3504,2.18536,0,11.264,2.92973,0,3400,11066933047
48.7133,20.5283,45.6633,0,100,89,81,1683,3504,2.18536,0,11.264,2.92973,0,3400,11087463692
45.4554,21.9996,45.6633,0,100,89,81,1683,3504,2.18536,0,11.264,2.92973,0,3400,11109464166
47.8788,20.8861,45.6633,0,100,89,81,1683,3504,2.18536,0,11.264,2.92973,0,3400,11130351519
42.6841,23.4279,45.6633,0,100,89,81,1683,3504,2.18536,0,11.264,2.92973,0,3400,11153780776
42.0235,23.7962,45.6633,0,100,89,81,1683,3504,2.18536,0,11.264,2.92973,0,3400,11177578582
48.3279,20.692,45.6633,0,100,89,81,1683,3504,2.18536,0,11.264,2.92973,0,3400,11198272076
47.0068,21.2735,45.6633,0,100,89,81,1683,3504,2.18536,0,11.264,2.92973,0,3400,11219545888
41.2222,24.2587,45.6633,0,100,89,81,1683,3504,2.18536,0,11.264,2.92973,0,3400,11243805891
43.741,22.8619,45.6633,0,100,89,81,1683,3504,2.18536,0,11.264,2.92973,0,3400,11266675846
50.7639,19.699,48.25,0,100,89,80,1683,3504,2.18536,0,11.2567,2.92973,0,3400,11286369865
45.1721,22.1375,48.25,0,100,89,80,1683,3504,2.18536,0,11.2567,2.92973,0,3400,11308508152
46.87,21.3356,48.25,0,100,89,80,1683,3504,2.18536,0,11.2567,2.92973,0,3400,11329844491
41.915,23.8578,48.25,0,100,89,80,1683,3504,2.18536,0,11.2567,2.92973,0,3400,11353703434
42.5036,23.5274,48.25,0,100,89,80,1683,3504,2.18536,0,11.2567,2.92973,0,3400,11377233223
47.479,21.0619,48.25,0,100,89,80,1683,3504,2.18536,0,11.2567,2.92973,0,3400,11398295181
46.3703,21.5655,48.25,0,100,89,80,1683,3504,2.18536,0,11.2567,2.92973,0,3400,11419861775
42.5729,23.4891,48.25,0,100,89,80,1683,3504,2.18536,0,11.2567,2.92973,0,3400,11443351323
46.3239,21.5871,48.25,0,100,89,80,1683,3504,2.18536,0,11.2567,2.92973,0,3400,11464939446
47.4686,21.0666,48.25,0,100,89,80,1683,3504,2.18536,0,11.2567,2.92973,0,3400,11486007872
42.1462,23.727,48.25,0,100,89,80,1683,3504,2.18536,0,11.2567,2.92973,0,3400,11509735864
46.4104,21.5469,48.25,0,100,89,80,1683,3504,2.18536,0,11.2567,2.92973,0,3400,11531283754
44.2946,22.5761,48.25,0,100,89,80,1683,3504,2.18536,0,11.2567,2.92973,0,3400,11553861308
43.7239,22.8708,48.25,0,100,89,80,1683,3504,2.18536,0,11.2567,2.92973,0,3400,11576733107
50.9588,19.6237,48.25,0,100,89,80,1683,3504,2.18536,0,11.2567,2.92973,0,3400,11596358179
44.1216,22.6646,48.25,0,100,89,80,1683,3504,2.18536,0,11.2567,2.92973,0,3400,11619024696
39.0862,25.5845,48.25,0,100,89,80,1683,3504,2.18536,0,11.2567,2.92973,0,3400,11644609648
53.6459,18.6408,48.25,0,100,89,80,1683,3504,2.18536,0,11.2567,2.92973,0,3400,11663253080
41.6637,24.0017,48.25,0,100,89,80,1683,3504,2.18536,0,11.2567,2.92973,0,3400,11687255110
43.7288,22.8682,48.25,0,100,89,80,1683,3504,2.18536,0,11.2567,2.92973,0,3400,11710124772
47.2244,21.1755,48.25,0,100,89,80,1683,3504,2.18536,0,11.2567,2.92973,0,3400,11731301333
43.9503,22.753,48.25,0,100,89,80,1683,3504,2.18536,0,11.2567,2.92973,0,3400,11754055158
46.2556,21.619,48.25,0,100,89,80,1683,3504,2.18536,0,11.2567,2.92973,0,3400,11775681930
43.1275,23.1871,50.6112,0,100,89,81,1683,3504,2.18536,0,11.2572,2.92973,0,3400,11798862491
44.2917,22.5776,50.6112,0,100,89,81,1683,3504,2.18536,0,11.2572,2.92973,0,3400,11821442014
46.2705,21.612,50.6112,0,100,89,81,1683,3504,2.18536,0,11.2572,2.92973,0,3400,11843055817
42.8671,23.3279,50.6112,0,100,89,81,1683,3504,2.18536,0,11.2572,2.92973,0,3400,11866384547
45.2142,22.117,50.6112,0,100,89,81,1683,3504,2.18536,0,11.2572,2.92973,0,3400,11888501616
45.6324,21.9143,50.6112,0,100,89,81,1683,3504,2.18536,0,11.2572,2.92973,0,3400,11910418134
41.9961,23.8117,50.6112,0,100,89,81,1683,3504,2.18536,0,11.2572,2.92973,0,3400,11934231999
44.199,22.625,50.6112,0,100,89,81,1683,3504,2.18536,0,11.2572,2.92973,0,3400,11956857155
46.6145,21.4525,50.6112,0,100,89,81,1683,3504,2.18536,0,11.2572,2.92973,0,3400,11978311726
44.9695,22.2373,50.6112,0,100,89,81,1683,3504,2.18536,0,11.2572,2.92973,0,3400,12000547974
41.9009,23.8658,50.6112,0,100,89,81,1683,3504,2.18536,0,11.2572,2.92973,0,3400,12024415570
50.0376,19.985,50.6112,0,100,89,81,1683,3504,2.18536,0,11.2572,2.92973,0,3400,12044402136
41.7598,23.9465,50.6112,0,100,89,81,1683,3504,2.18536,0,11.2572,2.92973,0,3400,12068349150
41.2975,24.2146,50.6112,0,100,89,81,1683,3504,2.18536,0,11.2572,2.92973,0,3400,12092565369
44.6556,22.3936,50.6112,0,100,89,81,1683,3504,2.18536,0,11.2572,2.92973,0,3400,12114960210
48.9215,20.4409,50.6112,0,100,89,81,1683,3504,2.18536,0,11.2572,2.92973,0,3400,12135403245
45.4697,21.9927,50.6112,0,100,89,81,1683,3504,2.18536,0,11.2572,2.92973,0,3400,12157396991
45.7414,21.862,50.6112,0,100,89,81,1683,3504,2.18536,0,11.2572,2.92973,0,3400,12179260007
41.7251,23.9664,50.6112,0,100,89,81,1683,3504,2.18536,0,11.2572,2.92973,0,3400,12203228043
40.7682,24.5289,50.6112,0,100,89,81,1683,3504,2.18536,0,11.2572,2.92973,0,3400,12227757266
50.2616,19.8959,50.6112,0,100,89,81,1683,3504,2.18536,0,11.2572,2.92973,0,3400,12247654908
44.1426,22.6539,50.6112,0,100,89,81,1683,3504,2.18536,0,11.2572,2.92973,0,3400,12270310247
44.4992,22.4723,50.6112,0,100,89,81,1683,3504,2.18536,0,11.2572,2.92973,0,3400,12292788657
43.4929,22.9923,51.4706,0,100,91,81,1683,3504,2.18536,0,11.2575,2.92973,0,3406,12315776996
46.2037,21.6433,51.4706,0,100,91,81,1683,3504,2.18536,0,11.2575,2.92973,0,3406,12337420951
45.7992,21.8344,51.4706,0,100,91,81,1683,3504,2.18536,0,11.2575,2.92973,0,3406,12359257392
41.3338,24.1933,51.4706,0,100,91,81,1683,3504,2.18536,0,11.2575,2.92973,0,3406,12383451719
42.7924,23.3686,51.4706,0,100,91,81,1683,3504,2.18536,0,11.2575,2.92973,0,3406,12406821320
43.8679,22.7957,51.4706,0,100,91,81,1683,3504,2.18536,0,11.2575,2.92973,0,3406,12429618432
53.4303,18.716,51.4706,0,100,91,81,1683,3504,2.18536,0,11.2575,2.92973,0,3406,12448336348
38.9025,25.7053,51.4706,0,100,91,81,1683,3504,2.18536,0,11.2575,2.92973,0,3406,12474042433
47.5898,21.0129,51.4706,0,100,91,81,1683,3504,2.18536,0,11.2575,2.92973,0,3406,12495056624
43.6238,22.9233,51.4706,0,100,91,81,1683,3504,2.18536,0,11.2575,2.92973,0,3406,12517981147
43.4869,22.9954,51.4706,0,100,91,81,1683,3504,2.18536,0,11.2575,2.92973,0,3406,12540977872
43.3563,23.0647,51.4706,0,100,91,81,1683,3504,2.18536,0,11.2575,2.92973,0,3406,12564043000
43.5448,22.9648,51.4706,0,100,91,81,1683,3504,2.18536,0,11.2575,2.92973,0,3406,12587010177
44.5865,22.4283,51.4706,0,100,91,81,1683,3504,2.18536,0,11.2575,2.92973,0,3406,12609438840
50.6923,19.7269,51.4706,0,100,91,81,1683,3504,2.18536,0,11.2575,2.92973,0,3406,12629167589
40.0332,24.9792,51.4706,0,100,91,81,1683,3504,2.18536,0,11.2575,2.92973,0,3406,12654147292
44.9188,22.2624,51.4706,0,100,91,81,1683,3504,2.18536,0,11.2575,2.92973,0,3406,12676411585
42.3153,23.6321,51.4706,0,100,91,81,1683,3504,2.18536,0,11.2575,2.92973,0,3406,12700045100
51.3599,19.4704,51.4706,0,100,91,81,1683,3504,2.18536,0,11.2575,2.92973,0,3406,12719516773
39.7775,25.1398,51.4706,0,100,91,81,1683,3504,2.18536,0,11.2575,2.92973,0,3406,12744658719
53.4362,18.7139,51.4706,0,100,91,81,1683,3504,2.18536,0,11.2575,2.92973,0,3406,12763372991
41.4672,24.1155,51.4706,0,100,91,81,1683,3504,2.18536,0,11.2575,2.92973,0,3406,12787489533
43.0925,23.2059,51.4706,0,100,91,81,1683,3504,2.18536,0,11.2575,2.92973,0,3406,12810703049
43.5219,22.9769,60.6715,0,99,91,81,1683,3504,2.18536,0,11.2581,2.92973,0,3400,12833674602
45.1323,22.1571,60.6715,0,99,91,81,1683,3504,2.18536,0,11.2581,2.92973,0,3400,12855832340
50.3555,19.8588,60.6715,0,99,91,81,1683,3504,2.18536,0,11.2581,2.92973,0,3400,12875692431
40.6076,24.6259,60.6715,0,99,91,81,1683,3504,2.18536,0,11.2581,2.92973,0,3400,12900319740
42.6098,23.4688,60.6715,0,99,91,81,1683,3504,2.18536,0,11.2581,2.92973,0,3400,12923791333
51.2224,19.5227,60.6715,0,99,91,81,1683,3504,2.18536,0,11.2581,2.92973,0,3400,12943314904
47.4145,21.0906,60.6715,0,99,91,81,1683,3504,2.18536,0,11.2581,2.92973,0,3400,12964406031
39.3324,25.4243,60.6715,0,99,91,81,1683,3504,2.18536,0,11.2581,2.92973,0,3400,12989831032
49.126,20.3558,60.6715,0,99,91,81,1683,3504,2.18536,0,11.2581,2.92973,0,3400,13010188052
44.5882,22.4274,60.6715,0,99,91,81,1683,3504,2.18536,0,11.2581,2.92973,0,3400,13032629306
41.8819,23.8766,60.6715,0,99,91,81,1683,3504,2.18536,0,11.2581,2.92973,0,3400,13056493718
46.5577,21.4787,60.6715,0,99,91,81,1683,3504,2.18536,0,11.2581,2.92973,0,3400,13077974487
46.5096,21.501,60.6715,0,99,91,81,1683,3504,2.18536,0,11.2581,2.92973,0,3400,13099476427
42.8546,23.3347,60.6715,0,99,91,81,1683,3504,2.18536,0,11.2581,2.92973,0,3400,13122813036
41.8391,23.9011,60.6715,0,99,91,81,1683,3504,2.18536,0,11.2581,2.92973,0,3400,13146713921
47.9746,20.8443,60.6715,0,99,91,81,1683,3504,2.18536,0,11.2581,2.92973,0,3400,13167561169
43.6261,22.9221,60.6715,0,99,91,81,1683,3504,2.18536,0,11.2581,2.92973,0,3400,13190485121
48.1167,20.7828,60.6715,0,99,91,81,1683,3504,2.18536,0,11.2581,2.92973,0,3400,13211268642
34.217,29.2252,60.6715,0,99,91,81,1683,3504,2.18536,0,11.2581,2.92973,0,3400,13240493668
62.6163,15.9703,60.6715,0,99,91,81,1683,3504,2.18536,0,11.2581,2.92973,0,3400,13256467490
43.7778,22.8426,60.6715,0,99,91,81,1683,3504,2.18536,0,11.2581,2.92973,0,3400,13279310604
43.5427,22.966,60.6715,0,99,91,81,1683,3504,2.18536,0,11.2581,2.92973,0,3400,13302278321
43.1848,23.1563,60.6715,0,99,91,81,1683,3504,2.18536,0,11.2581,2.92973,0,3400,13325440733
47.912,20.8716,57.5,0,100,91,81,1683,3504,2.18536,0,11.2581,2.92973,0,3405,13346308068
42.3267,23.6257,57.5,0,100,91,81,1683,3504,2.18536,0,11.2581,2.92973,0,3405,13369936028
46.2257,21.633,57.5,0,100,91,81,1683,3504,2.18536,0,11.2581,2.92973,0,3405,13391570949
46.5526,21.4811,57.5,0,100,91,81,1683,3504,2.18536,0,11.2581,2.92973,0,3405,13413052789
41.3494,24.1841,57.5,0,100,91,81,1683,3504,2.18536,0,11.2581,2.92973,0,3405,13437238890
47.4791,21.0619,57.5,0,100,91,81,1683,3504,2.18536,0,11.2581,2.92973,0,3405,13458302439
44.737,22.3529,57.5,0,100,91,81,1683,3504,2.18536,0,11.2581,2.92973,0,3405,13480656531
46.7525,21.3892,57.5,0,100,91,81,1683,3504,2.18536,0,11.2581,2.92973,0,3405,13502047237
44.4208,22.512,57.5,0,100,91,81,1683,3504,2.18536,0,11.2581,2.92973,0,3405,13524560262
44.1246,22.6631,57.5,0,100,91,81,1683,3504,2.18536,0,11.2581,2.92973,0,3405,13547224704
39.9794,25.0129,57.5,0,100,91,81,1683,3504,2.18536,0,11.2581,2.92973,0,3405,13572238915
51.2352,19.5178,57.5,0,100,91,81,1683,3504,2.18536,0,11.2581,2.92973,0,3405,13591758398
44.6755,22.3836,57.5,0,100,91,81,1683,3504,2.18536,0,11.2581,2.92973,0,3405,13614144572
45.8866,21.7928,57.5,0,100,91,81,1683,3504,2.18536,0,11.2581,2.92973,0,3405,13635945383
42.6786,23.431,57.5,0,100,91,81,1683,3504,2.18536,0,11.2581,2.92973,0,3405,13659369391
45.8133,21.8277,57.5,0,100,91,81,1683,3504,2.18536,0,11.2581,2.92973,0,3405,13681198402
46.9801,21.2856,57.5,0,100,91,81,1683,3504,2.18536,0,11.2581,2.92973,0,3405,13702486177
42.5731,23.489,57.5,0,100,91,81,1683,3504,2.18536,0,11.2581,2.92973,0,3405,13725975352
46.2074,21.6416,57.5,0,100,91,81,1683,3504,2.18536,0,11.2581,2.92973,0,3405,13747618676
43.9232,22.767,57.5,0,100,91,81,1683,3504,2.18536,0,11.2581,2.92973,0,3405,13770387117
40.9447,24.4232,57.5,0,100,91,81,1683,3504,2.18536,0,11.2581,2.92973,0,3405,13794811227
53.0979,18.8331,57.5,0,100,91,81,1683,3504,2.18536,0,11.2581,2.92973,0,3405,13813645424
43.1089,23.197,57.5,0,100,91,81,1683,3504,2.18536,0,11.2581,2.92973,0,3405,13836848036
44.8228,22.3101,51.2195,0,100,91,81,1683,3504,2.18536,0,11.258,2.92973,0,3400,13859154685
44.7654,22.3387,51.2195,0,100,91,81,1683,3504,2.18536,0,11.258,2.92973,0,3400,13881494926
45.1417,22.1524,51.2195,0,100,91,81,1683,3504,2.18536,0,11.258,2.92973,0,3400,13903648707
42.14,23.7304,51.2195,0,100,91,81,1683,3504,2.18536,0,11.258,2.92973,0,3400,13927380233
48.1593,20.7644,51.2195,0,100,91,81,1683,3504,2.18536,0,11.258,2.92973,0,3400,13948146793
42.8965,23.312,51.2195,0,100,91,81,1683,3504,2.18536,0,11.258,2.92973,0,3400,13971459881
49.9068,20.0373,51.2195,0,100,91,81,1683,3504,2.18536,0,11.258,2.92973,0,3400,13991498015
45.5853,21.9369,51.2195,0,100,91,81,1683,3504,2.18536,0,11.258,2.92973,0,3400,14013436322
40.0023,24.9986,51.2195,0,100,91,81,1683,3504,2.18536,0,11.258,2.92973,0,3400,14038435542
50.2466,19.9019,51.2195,0,100,91,81,1683,3504,2.18536,0,11.258,2.92973,0,3400,14058341582
45.7023,21.8807,51.2195,0,100,91,81,1683,3504,2.18536,0,11.258,2.92973,0,3400,14080222957
39.4133,25.3722,51.2195,0,100,91,81,1683,3504,2.18536,0,11.258,2.92973,0,3400,14105596259
51.7226,19.3339,51.2195,0,100,91,81,1683,3504,2.18536,0,11.258,2.92973,0,3400,14124947331
46.0581,21.7117,51.2195,0,100,91,81,1683,3504,2.18536,0,11.258,2.92973,0,3400,14146643905
44.0448,22.7041,51.2195,0,100,91,81,1683,3504,2.18536,0,11.258,2.92973,0,3400,14169350135
42.4195,23.5741,51.2195,0,100,91,81,1683,3504,2.18536,0,11.258,2.92973,0,3400,14192925365
47.5163,21.0454,51.2195,0,100,91,81,1683,3504,2.18536,0,11.258,2.92973,0,3400,14213970892
43.795,22.8337,51.2195,0,100,91,81,1683,3504,2.18536,0,11.258,2.92973,0,3400,14236805468
46.5936,21.4622,51.2195,0,100,91,81,1683,3504,2.18536,0,11.258,2.92973,0,3400,14258269153
40.7311,24.5512,51.2195,0,100,91,81,1683,3504,2.18536,0,11.258,2.92973,0,3400,14282822233
49.4238,20.2332,51.2195,0,100,91,81,1683,3504,2.18536,0,11.258,2.92973,0,3400,14303056408
43.5557,22.9591,51.2195,0,100,91,81,1683,3504,2.18536,0,11.258,2.92973,0,3400,14326025484
43.1125,23.1952,51.2195,0,100,91,81,1683,3504,2.18536,0,11.258,2.92973,0,3400,14349223107
44.8838,22.2798,48.8608,0,100,92,81,1683,3504,2.18536,0,11.2658,2.92973,0,3400,14371510715
48.8027,20.4907,48.8608,0,100,92,81,1683,3504,2.18536,0,11.2658,2.92973,0,3400,14392002234
46.0123,21.7333,48.8608,0,100,92,81,1683,3504,2.18536,0,11.2658,2.92973,0,3400,14413736402
43.5208,22.9775,48.8608,0,100,92,81,1683,3504,2.18536,0,11.2658,2.92973,0,3400,14436716174
42.1101,23.7473,48.8608,0,100,92,81,1683,3504,2.18536,0,11.2658,2.92973,0,3400,14460464014
49.7711,20.092,48.8608,0,100,92,81,1683,3504,2.18536,0,11.2658,2.92973,0,3400,14480557300
43.8043,22.8288,48.8608,0,100,92,81,1683,3504,2.18536,0,11.2658,2.92973,0,3400,14503387737
42.4702,23.5459,48.8608,0,100,92,81,1683,3504,2.18536,0,11.2658,2.92973,0,3400,14526934076
45.5493,21.9542,48.8608,0,100,92,81,1683,3504,2.18536,0,11.2658,2.92973,0,3400,14548889493
43.4398,23.0204,48.8608,0,100,92,81,1683,3504,2.18536,0,11.2658,2.92973,0,3400,14571910963
51.1605,19.5463,48.8608,0,100,92,81,1683,3504,2.18536,0,11.2658,2.92973,0,3400,14591458108
46.1435,21.6715,48.8608,0,100,92,81,1683,3504,2.18536,0,11.2658,2.92973,0,3400,14613130939
44.9566,22.2437,48.8608,0,100,92,81,1683,3504,2.18536,0,11.2658,2.92973,0,3400,14635375337
44.8169,22.313,48.8608,0,100,92,81,1683,3504,2.18536,0,11.2658,2.92973,0,3400,14657690962
46.6616,21.4309,48.8608,0,100,92,81,1683,3504,2.18536,0,11.2658,2.92973,0,3400,14679122454
43.2717,23.1098,48.8608,0,100,92,81,1683,3504,2.18536,0,11.2658,2.92973,0,3400,14702233291
44.396,22.5246,48.8608,0,100,92,81,1683,3504,2.18536,0,11.2658,2.92973,0,3400,14724759580
45.4759,21.9897,48.8608,0,100,92,81,1683,3504,2.18536,0,11.2658,2.92973,0,3400,14746750717
43.6905,22.8883,48.8608,0,100,92,81,1683,3504,2.18536,0,11.2658,2.92973,0,3400,14769638392
48.0961,20.7917,48.8608,0,100,92,81,1683,3504,2.18536,0,11.2658,2.92973,0,3400,14790432988
42.7752,23.3781,48.8608,0,100,92,81,1683,3504,2.18536,0,11.2658,2.92973,0,3400,14813810459
47.018,21.2685,48.8608,0,100,92,81,1683,3504,2.18536,0,11.2658,2.92973,0,3400,14835080485
45.8668,21.8023,48.8608,0,100,92,81,1683,3504,2.18536,0,11.2658,2.92973,0,3400,14856890818
43.8752,22.7919,53.012,0,100,92,81,1683,3504,2.18536,0,11.2662,2.92973,0,3400,14879677533
48.2085,20.7432,53.012,0,100,92,81,1683,3504,2.18536,0,11.2662,2.92973,0,3400,14900422673
44.3784,22.5335,53.012,0,100,92,81,1683,3504,2.18536,0,11.2662,2.92973,0,3400,14922957194
44.8312,22.3059,53.012,0,100,92,81,1683,3504,2.18536,0,11.2662,2.92973,0,3400,14945411196
40.0236,24.9853,53.012,0,100,92,81,1683,3504,2.18536,0,11.2662,2.92973,0,3400,14970397670
52.7042,18.9738,53.012,0,100,92,81,1683,3504,2.18536,0,11.2662,2.92973,0,3400,14989386079
44.2404,22.6038,53.012,0,100,92,81,1683,3504,2.18536,0,11.2662,2.92973,0,3400,15011979031
39.9768,25.0145,53.012,0,100,92,81,1683,3504,2.18536,0,11.2662,2.92973,0,3400,15036994972
47.0143,21.2701,53.012,0,100,92,81,1683,3504,2.18536,0,11.2662,2.92973,0,3400,15058266269
44.7672,22.3378,53.012,0,100,92,81,1683,3504,2.18536,0,11.2662,2.92973,0,3400,15080605278
52.7473,18.9583,53.012,0,100,92,81,1683,3504,2.18536,0,11.2662,2.92973,0,3400,15099565029
43.1216,23.1902,53.012,0,100,92,81,1683,3504,2.18536,0,11.2662,2.92973,0,3400,15122757302
49.4897,20.2062,53.012,0,100,92,81,1683,3504,2.18536,0,11.2662,2.92973,0,3400,15142964245
42.8347,23.3456,53.012,0,100,92,81,1683,3504,2.18536,0,11.2662,2.92973,0,3400,15166310662
53.8374,18.5745,53.012,0,100,92,81,1683,3504,2.18536,0,11.2662,2.92973,0,3400,15184885557
38.0823,26.2589,53.012,0,100,92,81,1683,3504,2.18536,0,11.2662,2.92973,0,3400,15211145863
51.2189,19.5241,53.012,0,100,92,81,1683,3504,2.18536,0,11.2662,2.92973,0,3400,15230670754
45.3993,22.0268,53.012,0,100,92,81,1683,3504,2.18536,0,11.2662,2.92973,0,3400,15252698938
45.1565,22.1452,53.012,0,100,92,81,1683,3504,2.18536,0,11.2662,2.92973,0,3400,15274845178
46.9338,21.3066,53.012,0,100,92,81,1683,3504,2.18536,0,11.2662,2.92973,0,3400,15296153143
49.0822,20.374,53.012,0,100,92,81,1683,3504,2.18536,0,11.2662,2.92973,0,3400,15316527842
44.3008,22.573,53.012,0,100,92,81,1683,3504,2.18536,0,11.2662,2.92973,0,3400,15339103265
43.3095,23.0896,53.012,0,100,92,81,1683,3504,2.18536,0,11.2662,2.92973,0,3400,15362201450
46.9967,21.2781,69.598,0,100,92,81,1683,3504,2.18536,0,11.2748,2.92973,0,3400,15383474129
40.8096,24.504,69.598,0,100,92,81,1683,3504,2.18536,0,11.2748,2.92973,0,3400,15407978752
58.2071,17.18,69.598,0,100,92,81,1683,3504,2.18536,0,11.2748,2.92973,0,3400,15425159695
42.0612,23.7749,69.598,0,100,92,81,1683,3504,2.18536,0,11.2748,2.92973,0,3400,15448936682
43.8934,22.7825,69.598,0,100,92,81,1683,3504,2.18536,0,11.2748,2.92973,0,3400,15471724513
50.4803,19.8097,69.598,0,100,92,81,1683,3504,2.18536,0,11.2748,2.92973,0,3400,15491531304
45.285,22.0823,69.598,0,100,92,81,1683,3504,2.18536,0,11.2748,2.92973,0,3400,15513615449
47.6804,20.973,69.598,0,100,92,81,1683,3504,2.18536,0,11.2748,2.92973,0,3400,15534588546
43.5809,22.9458,69.598,0,100,92,81,1683,3504,2.18536,0,11.2748,2.92973,0,3400,15557535615
48.06,20.8073,69.598,0,100,92,81,1683,3504,2.18536,0,11.2748,2.92973,0,3400,15578345351
43.2674,23.1121,69.598,0,100,92,81,1683,3504,2.18536,0,11.2748,2.92973,0,3400,15601457860
47.4658,21.0678,69.598,0,100,92,81,1683,3504,2.18536,0,11.2748,2.92973,0,3400,15622527432
48.5826,20.5835,69.598,0,100,92,81,1683,3504,2.18536,0,11.2748,2.92973,0,3400,15643112487
41.4215,24.1421,69.598,0,100,92,81,1683,3504,2.18536,0,11.2748,2.92973,0,3400,15667256825
48.9436,20.4317,69.598,0,100,92,81,1683,3504,2.18536,0,11.2748,2.92973,0,3400,15687688397
42.6682,23.4367,69.598,0,100,92,81,1683,3504,2.18536,0,11.2748,2.92973,0,3400,15711144151
43.4201,23.0308,69.598,0,100,92,81,1683,3504,2.18536,0,11.2748,2.92973,0,3400,15734156848
47.3745,21.1084,69.598,0,100,92,81,1683,3504,2.18536,0,11.2748,2.92973,0,3400,15755269537
41.1608,24.295,69.598,0,100,92,81,1683,3504,2.18536,0,11.2748,2.92973,0,3400,15779563568
55.0199,18.1753,69.598,0,100,92,81,1683,3504,2.18536,0,11.2748,2.92973,0,3400,15797739551
47.0875,21.2371,69.598,0,100,92,81,1683,3504,2.18536,0,11.2748,2.92973,0,3400,15818978033
45.0648,22.1903,69.598,0,100,92,81,1683,3504,2.18536,0,11.2748,2.92973,0,3400,15841169679
36.1622,27.6532,69.598,0,100,92,81,1683,3504,2.18536,0,11.2748,2.92973,0,3400,15868841386
64.4911,15.506,63.2099,0,100,92,81,1683,3504,2.18536,0,11.3365,2.92973,0,3400,15884331558
48.2804,20.7124,63.2099,0,100,92,81,1683,3504,2.18536,0,11.3365,2.92973,0,3400,15905045615
43.6738,22.897,63.2099,0,100,92,81,1683,3504,2.18536,0,11.3365,2.92973,0,3400,15927943322
46.6816,21.4217,63.2099,0,100,92,81,1683,3504,2.18536,0,11.3365,2.92973,0,3400,15949366965
45.1769,22.1352,63.2099,0,100,92,81,1683,3504,2.18536,0,11.3365,2.92973,0,3400,15971502375
49.7622,20.0956,63.2099,0,100,92,81,1683,3504,2.18536,0,11.3365,2.92973,0,3400,15991601134
47.0864,21.2375,63.2099,0,100,92,81,1683,3504,2.18536,0,11.3365,2.92973,0,3400,16012839455
44.9159,22.2638,63.2099,0,100,92,81,1683,3504,2.18536,0,11.3365,2.92973,0,3400,16035104982
42.0299,23.7926,63.2099,0,100,92,81,1683,3504,2.18536,0,11.3365,2.92973,0,3400,16058898843
44.4596,22.4923,63.2099,0,100,92,81,1683,3504,2.18536,0,11.3365,2.92973,0,3400,16081392380
47.9788,20.8426,63.2099,0,100,92,81,1683,3504,2.18536,0,11.3365,2.92973,0,3400,16102235887
43.9237,22.7667,63.2099,0,100,92,81,1683,3504,2.18536,0,11.3365,2.92973,0,3400,16125005304
49.6467,20.1423,63.2099,0,100,92,81,1683,3504,2.18536,0,11.3365,2.92973,0,3400,16145148649
48.5731,20.5875,63.2099,0,100,92,81,1683,3504,2.18536,0,11.3365,2.92973,0,3400,16165738098
48.5117,20.6136,63.2099,0,100,92,81,1683,3504,2.18536,0,11.3365,2.92973,0,3400,16186351324
47.8121,20.9152,63.2099,0,100,92,81,1683,3504,2.18536,0,11.3365,2.92973,0,3400,16207268548
42.288,23.6473,63.2099,0,100,92,81,1683,3504,2.18536,0,11.3365,2.92973,0,3400,16230922000
53.2256,18.7879,63.2099,0,100,92,81,1683,3504,2.18536,0,11.3365,2.92973,0,3400,16249710632
42.3896,23.5907,63.2099,0,100,92,81,1683,3504,2.18536,0,11.3365,2.92973,0,3400,16273302400
52.4633,19.061,63.2099,0,100,92,81,1683,3504,2.18536,0,11.3365,2.92973,0,3400,16292364404
46.213,21.6389,63.2099,0,100,92,81,1683,3504,2.18536,0,11.3365,2.92973,0,3400,16314004759
47.4621,21.0694,63.2099,0,100,92,81,1683,3504,2.18536,0,11.3365,2.92973,0,3400,16335086749
48.0091,20.8294,63.2099,0,100,92,81,1683,3504,2.18536,0,11.3365,2.92973,0,3400,16355905216
45.7048,21.8795,63.2099,0,100,92,81,1683,3504,2.18536,0,11.3365,2.92973,0,3400,16377792851
43.0477,23.2301,66.4251,0,100,94,81,1683,3504,2.18536,0,11.3371,2.92973,0,3400,16401018654
54.4826,18.3545,66.4251,0,100,94,81,1683,3504,2.18536,0,11.3371,2.92973,0,3400,16419374078
47.2383,21.1693,66.4251,0,100,94,81,1683,3504,2.18536,0,11.3371,2.92973,0,3400,16440544941
46.955,21.297,66.4251,0,100,94,81,1683,3504,2.18536,0,11.3371,2.92973,0,3400,16461843364
47.3187,21.1333,66.4251,0,100,94,81,1683,3504,2.18536,0,11.3371,2.92973,0,3400,16482977083
46.0665,21.7077,66.4251,0,100,94,81,1683,3504,2.18536,0,11.3371,2.92973,0,3400,16504687273
49.9056,20.0378,66.4251,0,100,94,81,1683,3504,2.18536,0,11.3371,2.92973,0,3400,16524726362
46.9697,21.2903,66.4251,0,100,94,81,1683,3504,2.18536,0,11.3371,2.92973,0,3400,16546016847
44.9415,22.2511,66.4251,0,100,94,81,1683,3504,2.18536,0,11.3371,2.92973,0,3400,16568270027
46.807,21.3643,66.4251,0,100,94,81,1683,3504,2.18536,0,11.3371,2.92973,0,3400,16589634770
49.3068,20.2812,66.4251,0,100,94,81,1683,3504,2.18536,0,11.3371,2.92973,0,3400,16609917758
49.1701,20.3376,66.4251,0,100,94,81,1683,3504,2.18536,0,11.3371,2.92973,0,3400,16630256094
46.1864,21.6514,66.4251,0,100,94,81,1683,3504,2.18536,0,11.3371,2.92973,0,3400,16651908568
51.4172,19.4487,66.4251,0,100,94,81,1683,3504,2.18536,0,11.3371,2.92973,0,3400,16671357392
44.2232,22.6126,66.4251,0,100,94,81,1683,3504,2.18536,0,11.3371,2.92973,0,3400,16693971009
43.7952,22.8336,66.4251,0,100,94,81,1683,3504,2.18536,0,11.3371,2.92973,0,3400,16716806313
46.5998,21.4593,66.4251,0,100,94,81,1683,3504,2.18536,0,11.3371,2.92973,0,3400,16738267704
55.5319,18.0077,66.4251,0,100,94,81,1683,3504,2.18536,0,11.3371,2.92973,0,3400,16756276105
45.3424,22.0544,66.4251,0,100,94,81,1683,3504,2.18536,0,11.3371,2.92973,0,3400,16778331250
46.4248,21.5402,66.4251,0,100,94,81,1683,3504,2.18536,0,11.3371,2.92973,0,3400,16799873908
47.7985,20.9212,66.4251,0,100,94,81,1683,3504,2.18536,0,11.3371,2.92973,0,3400,16820795905
49.526,20.1914,66.4251,0,100,94,81,1683,3504,2.18536,0,11.3371,2.92973,0,3400,16840989307
45.8498,21.8103,66.4251,0,100,94,81,1683,3504,2.18536,0,11.3371,2.92973,0,3400,16862799742
45.6546,21.9036,66.4251,0,100,94,81,1683,3504,2.18536,0,11.3371,2.92973,0,3400,16884711464
49.2433,20.3073,48.1108,0,100,94,81,1683,3504,2.18536,0,11.2696,2.92973,0,3400,16905013897
48.0952,20.7921,48.1108,0,100,94,81,1683,3504,2.18536,0,11.2696,2.92973,0,3400,16925818875
46.6288,21.446,48.1108,0,100,94,81,1683,3504,2.18536,0,11.2696,2.92973,0,3400,16947266951
42.96,23.2775,48.1108,0,100,94,81,1683,3504,2.18536,0,11.2696,2.92973,0,3400,16970544340
53.2731,18.7712,48.1108,0,100,94,81,1683,3504,2.18536,0,11.2696,2.92973,0,3400,16989316645
45.6644,21.8989,48.1108,0,100,94,81,1683,3504,2.18536,0,11.2696,2.92973,0,3400,17011217511
45.4884,21.9836,48.1108,0,100,94,81,1683,3504,2.18536,0,11.2696,2.92973,0,3400,17033202714
50.3778,19.85,48.1108,0,100,94,81,1683,3504,2.18536,0,11.2696,2.92973,0,3400,17053053812
44.2493,22.5992,48.1108,0,100,94,81,1683,3504,2.18536,0,11.2696,2.92973,0,3400,17075653928
45.9643,21.756,48.1108,0,100,94,81,1683,3504,2.18536,0,11.2696,2.92973,0,3400,17097411013
48.3193,20.6957,48.1108,0,100,94,81,1683,3504,2.18536,0,11.2696,2.92973,0,3400,17118107362
47.277,21.1519,48.1108,0,100,94,81,1683,3504,2.18536,0,11.2696,2.92973,0,3400,17139261583
48.2613,20.7205,48.1108,0,100,94,81,1683,3504,2.18536,0,11.2696,2.92973,0,3400,17159983670
48.9622,20.4239,48.1108,0,100,94,81,1683,3504,2.18536,0,11.2696,2.92973,0,3400,17180409057
41.0002,24.3901,48.1108,0,100,94,81,1683,3504,2.18536,0,11.2696,2.92973,0,3400,17204799451
54.4172,18.3765,48.1108,0,100,94,81,1683,3504,2.18536,0,11.2696,2.92973,0,3400,17223178402
45.8287,21.8204,48.1108,0,100,94,81,1683,3504,2.18536,0,11.2696,2.92973,0,3400,17244999163
50.8385,19.6701,48.1108,0,100,94,81,1683,3504,2.18536,0,11.2696,2.92973,0,3400,17264671937
46.5235,21.4945,48.1108,0,100,94,81,1683,3504,2.18536,0,11.2696,2.92973,0,3400,17286167353
43.8101,22.8258,48.1108,0,100,94,81,1683,3504,2.18536,0,11.2696,2.92973,0,3400,17308993491
49.7418,20.1038,48.1108,0,100,94,81,1683,3504,2.18536,0,11.2696,2.92973,0,3400,17329103759
44.3522,22.5468,48.1108,0,100,94,81,1683,3504,2.18536,0,11.2696,2.92973,0,3400,17351651294
53.6468,18.6404,48.1108,0,100,94,81,1683,3504,2.18536,0,11.2696,2.92973,0,3400,17370293186
44.5003,22.4717,48.1108,0,100,94,81,1683,3504,2.18536,0,11.2696,2.92973,0,3400,17392770612
49.0873,20.3719,49.635,0,100,89,81,1683,3504,2.18536,0,11.2696,2.92973,0,3400,17413157133
45.9284,21.773,49.635,0,100,89,81,1683,3504,2.18536,0,11.2696,2.92973,0,3400,17434913542
46.4808,21.5143,49.635,0,100,89,81,1683,3504,2.18536,0,11.2696,2.92973,0,3400,17456429139
45.3545,22.0485,49.635,0,100,89,81,1683,3504,2.18536,0,11.2696,2.92973,0,3400,17478478020
51.6917,19.3455,49.635,0,100,89,81,1683,3504,2.18536,0,11.2696,2.92973,0,3400,17497825550
42.2374,23.6757,49.635,0,100,89,81,1683,3504,2.18536,0,11.2696,2.92973,0,3400,17521502244
52.2949,19.1223,49.635,0,100,89,81,1683,3504,2.18536,0,11.2696,2.92973,0,3400,17540626220
46.4481,21.5294,49.635,0,100,89,81,1683,3504,2.18536,0,11.2696,2.92973,0,3400,17562155870
47.3034,21.1401,49.635,0,100,89,81,1683,3504,2.18536,0,11.2696,2.92973,0,3400,17583296412
44.7281,22.3573,49.635,0,100,89,81,1683,3504,2.18536,0,11.2696,2.92973,0,3400,17605655052
44.2975,22.5746,49.635,0,100,89,81,1683,3504,2.18536,0,11.2696,2.92973,0,3400,17628230231
51.1549,19.5485,49.635,0,100,89,81,1683,3504,2.18536,0,11.2696,2.92973,0,3400,17647779611
47.4947,21.055,49.635,0,100,89,81,1683,3504,2.18536,0,11.2696,2.92973,0,3400,17668837265
45.0548,22.1952,49.635,0,100,89,81,1683,3504,2.18536,0,11.2696,2.92973,0,3400,17691033250
55.9121,17.8852,49.635,0,100,89,81,1683,3504,2.18536,0,11.2696,2.92973,0,3400,17708919746
42.115,23.7445,49.635,0,100,89,81,1683,3504,2.18536,0,11.2696,2.92973,0,3400,17732664833
48.6672,20.5477,49.635,0,100,89,81,1683,3504,2.18536,0,11.2696,2.92973,0,3400,17753213528
50.5977,19.7638,49.635,0,100,89,81,1683,3504,2.18536,0,11.2696,2.92973,0,3400,17772978193
46.7947,21.3699,49.635,0,100,89,81,1683,3504,2.18536,0,11.2696,2.92973,0,3400,17794349181
44.6643,22.3892,49.635,0,100,89,81,1683,3504,2.18536,0,11.2696,2.92973,0,3400,17816738794
48.5416,20.6009,49.635,0,100,89,81,1683,3504,2.18536,0,11.2696,2.92973,0,3400,17837341514
54.4059,18.3803,49.635,0,100,89,81,1683,3504,2.18536,0,11.2696,2.92973,0,3400,17855723366
43.5455,22.9645,49.635,0,100,89,81,1683,3504,2.18536,0,11.2696,2.92973,0,3400,17878690159
51.1578,19.5473,49.635,0,100,89,81,1683,3504,2.18536,0,11.2696,2.92973,0,3400,17898243492
47.2838,21.1489,46.9849,0,99,89,81,1683,3504,2.18536,0,11.27,2.92973,0,3404,17919387889
43.8309,22.815,46.9849,0,99,89,81,1683,3504,2.18536,0,11.27,2.92973,0,3404,17942203359
48.1098,20.7858,46.9849,0,99,89,81,1683,3504,2.18536,0,11.27,2.92973,0,3404,17962990500
46.4701,21.5192,46.9849,0,99,89,81,1683,3504,2.18536,0,11.27,2.92973,0,3404,17984529713
50.5056,19.7998,46.9849,0,99,89,81,1683,3504,2.18536,0,11.27,2.92973,0,3404,18004310798
46.105,21.6896,46.9849,0,99,89,81,1683,3504,2.18536,0,11.27,2.92973,0,3404,18026001537
51.6953,19.3441,46.9849,0,99,89,81,1683,3504,2.18536,0,11.27,2.92973,0,3404,18045346239
47.2191,21.1779,46.9849,0,99,89,81,1683,3504,2.18536,0,11.27,2.92973,0,3404,18066524809
45.2522,22.0984,46.9849,0,99,89,81,1683,3504,2.18536,0,11.27,2.92973,0,3404,18088624718
51.6048,19.378,46.9849,0,99,89,81,1683,3504,2.18536,0,11.27,2.92973,0,3404,18108004411
46.4026,21.5505,46.9849,0,99,89,81,1683,3504,2.18536,0,11.27,2.92973,0,3404,18129555197
46.1195,21.6828,46.9849,0,99,89,81,1683,3504,2.18536,0,11.27,2.92973,0,3404,18151239894
50.0096,19.9962,46.9849,0,99,89,81,1683,3504,2.18536,0,11.27,2.92973,0,3404,18171236759
45.2919,22.079,46.9849,0,99,89,81,1683,3504,2.18536,0,11.27,2.92973,0,3404,18193316497
45.8982,21.7873,46.9849,0,99,89,81,1683,3504,2.18536,0,11.27,2.92973,0,3404,18215104892
48.7672,20.5056,46.9849,0,99,89,81,1683,3504,2.18536,0,11.27,2.92973,0,3404,18235613192
49.4728,20.2131,46.9849,0,99,89,81,1683,3504,2.18536,0,11.27,2.92973,0,3404,18255826313
46.7313,21.3989,46.9849,0,99,89,81,1683,3504,2.18536,0,11.27,2.92973,0,3404,18277225202
43.8567,22.8015,46.9849,0,99,89,81,1683,3504,2.18536,0,11.27,2.92973,0,3404,18300028295
47.6493,20.9867,46.9849,0,99,89,81,1683,3504,2.18536,0,11.27,2.92973,0,3404,18321016306
55.7429,17.9395,46.9849,0,99,89,81,1683,3504,2.18536,0,11.27,2.92973,0,3404,18338956754
45.2222,22.113,46.9849,0,99,89,81,1683,3504,2.18536,0,11.27,2.92973,0,3404,18361070601
43.4571,23.0112,46.9849,0,99,89,81,1683,3504,2.18536,0,11.27,2.92973,0,3404,18384095847
51.2628,19.5073,46.9849,0,99,89,81,1683,3504,2.18536,0,11.27,2.92973,0,3404,18403596411
47.2494,21.1643,46.3476,0,100,89,81,1683,3504,2.18536,0,11.27,2.92973,0,3400,18424756132
52.6661,18.9875,46.3476,0,100,89,81,1683,3504,2.18536,0,11.27,2.92973,0,3400,18443745677
44.102,22.6747,46.3476,0,100,89,81,1683,3504,2.18536,0,11.27,2.92973,0,3400,18466421989
49.7823,20.0875,46.3476,0,100,89,81,1683,3504,2.18536,0,11.27,2.92973,0,3400,18486509968
49.647,20.1422,46.3476,0,100,89,81,1683,3504,2.18536,0,11.27,2.92973,0,3400,18506653185
45.5799,21.9395,46.3476,0,100,89,81,1683,3504,2.18536,0,11.27,2.92973,0,3400,18528594610
47.5243,21.0419,46.3476,0,100,89,81,1683,3504,2.18536,0,11.27,2.92973,0,3400,18549636990
49.3622,20.2584,46.3476,0,100,89,81,1683,3504,2.18536,0,11.27,2.92973,0,3400,18569896736
47.1289,21.2184,46.3476,0,100,89,81,1683,3504,2.18536,0,11.27,2.92973,0,3400,18591116731
47.2876,21.1472,46.3476,0,100,89,81,1683,3504,2.18536,0,11.27,2.92973,0,3400,18612264395
45.9413,21.7669,46.3476,0,100,89,81,1683,3504,2.18536,0,11.27,2.92973,0,3400,18634033503
48.4757,20.6289,46.3476,0,100,89,81,1683,3504,2.18536,0,11.27,2.92973,0,3400,18654664085
47.786,20.9266,46.3476,0,100,89,81,1683,3504,2.18536,0,11.27,2.92973,0,3400,18675592226
48.3893,20.6657,46.3476,0,100,89,81,1683,3504,2.18536,0,11.27,2.92973,0,3400,18696257777
42.8571,23.3333,46.3476,0,100,89,81,1683,3504,2.18536,0,11.27,2.92973,0,3400,18719594738
50.4107,19.8371,46.3476,0,100,89,81,1683,3504,2.18536,0,11.27,2.92973,0,3400,18739432739
49.6588,20.1374,46.3476,0,100,89,81,1683,3504,2.18536,0,11.27,2.92973,0,3400,18759571187
42.0277,23.7938,46.3476,0,100,89,81,1683,3504,2.18536,0,11.27,2.92973,0,3400,18783366383
55.1794,18.1227,46.3476,0,100,89,81,1683,3504,2.18536,0,11.27,2.92973,0,3400,18801489452
46.9681,21.291,46.3476,0,100,89,81,1683,3504,2.18536,0,11.27,2.92973,0,3400,18822782043
45.2385,22.105,46.3476,0,100,89,81,1683,3504,2.18536,0,11.27,2.92973,0,3400,18844888197
42.7346,23.4002,46.3476,0,100,89,81,1683,3504,2.18536,0,11.27,2.92973,0,3400,18868290281
55.4189,18.0444,46.3476,0,100,89,81,1683,3504,2.18536,0,11.27,2.92973,0,3400,18886336439
45.687,21.8881,46.3476,0,100,89,81,1683,3504,2.18536,0,11.27,2.92973,0,3400,18908232880
48.0114,20.8284,45.7002,0,100,89,81,1683,3504,2.18536,0,11.271,2.92973,0,3400,18929055396
45.7283,21.8683,45.7002,0,100,89,81,1683,3504,2.18536,0,11.271,2.92973,0,3400,18950925224
46.4047,21.5495,45.7002,0,100,89,81,1683,3504,2.18536,0,11.271,2.92973,0,3400,18972476262
51.9507,19.249,45.7002,0,100,89,81,1683,3504,2.18536,0,11.271,2.92973,0,3400,18991726798
44.2024,22.6232,45.7002,0,100,89,81,1683,3504,2.18536,0,11.271,2.92973,0,3400,19014350658
49.4624,20.2174,45.7002,0,100,89,81,1683,3504,2.18536,0,11.271,2.92973,0,3400,19034569569
48.4426,20.643,45.7002,0,100,89,81,1683,3504,2.18536,0,11.271,2.92973,0,3400,19055214178
46.6164,21.4517,45.7002,0,100,89,81,1683,3504,2.18536,0,11.271,2.92973,0,3400,19076666520
46.8316,21.3531,45.7002,0,100,89,81,1683,3504,2.18536,0,11.271,2.92973,0,3400,19098019482
48.5851,20.5824,45.7002,0,100,89,81,1683,3504,2.18536,0,11.271,2.92973,0,3400,19118604585
49.7968,20.0816,45.7002,0,100,89,81,1683,3504,2.18536,0,11.271,2.92973,0,3400,19138686571
47.4325,21.0826,45.7002,0,100,89,81,1683,3504,2.18536,0,11.271,2.92973,0,3400,19159770271
45.9972,21.7404,45.7002,0,100,89,81,1683,3504,2.18536,0,11.271,2.92973,0,3400,19181512411
47.0933,21.2344,45.7002,0,100,89,81,1683,3504,2.18536,0,11.271,2.92973,0,3400,19202747594
48.5408,20.6012,45.7002,0,100,89,81,1683,3504,2.18536,0,11.271,2.92973,0,3400,19223349867
47.799,20.9209,45.7002,0,100,89,81,1683,3504,2.18536,0,11.271,2.92973,0,3400,19244284015
48.0591,20.8077,45.7002,0,100,89,81,1683,3504,2.18536,0,11.271,2.92973,0,3400,19265093098
42.9056,23.307,45.7002,0,100,89,81,1683,3504,2.18536,0,11.271,2.92973,0,3400,19288400933
53.4138,18.7217,45.7002,0,100,89,81,1683,3504,2.18536,0,11.271,2.92973,0,3400,19307123446
48.1225,20.7803,45.7002,0,100,89,81,1683,3504,2.18536,0,11.271,2.92973,0,3400,19327905575
43.8292,22.8158,45.7002,0,100,89,81,1683,3504,2.18536,0,11.271,2.92973,0,3400,19350722848
51.1788,19.5393,45.7002,0,100,89,81,1683,3504,2.18536,0,11.271,2.92973,0,3400,19370263920
48.8118,20.4868,45.7002,0,100,89,81,1683,3504,2.18536,0,11.271,2.92973,0,3400,19390751388
44.015,22.7195,45.7002,0,100,89,81,1683,3504,2.18536,0,11.271,2.92973,0,3400,19413475783
47.7735,20.9321,42.25,0,100,88,81,1683,3504,2.18536,0,11.271,2.92973,0,3405,19434404050
50.1024,19.9591,42.25,0,100,88,81,1683,3504,2.18536,0,11.271,2.92973,0,3405,19454364458
46.9508,21.2989,42.25,0,100,88,81,1683,3504,2.18536,0,11.271,2.92973,0,3405,19475665468
47.9452,20.8572,42.25,0,100,88,81,1683,3504,2.18536,0,11.271,2.92973,0,3405,19496523472
44.3086,22.569,42.25,0,100,88,81,1683,3504,2.18536,0,11.271,2.92973,0,3405,19519093966
51.7203,19.3348,42.25,0,100,88,81,1683,3504,2.18536,0,11.271,2.92973,0,3405,19538428668
46.402,21.5508,42.25,0,100,88,81,1683,3504,2.18536,0,11.271,2.92973,0,3405,19559982868
44.1889,22.6301,42.25,0,100,88,81,1683,3504,2.18536,0,11.271,2.92973,0,3405,19582611931
50.7878,19.6898,42.25,0,100,88,81,1683,3504,2.18536,0,11.271,2.92973,0,3405,19602302764
48.8563,20.4682,42.25,0,100,88,81,1683,3504,2.18536,0,11.271,2.92973,0,3405,19622771809
45.7121,21.8761,42.25,0,100,88,81,1683,3504,2.18536,0,11.271,2.92973,0,3405,19644648807
46.2967,21.5998,42.25,0,100,88,81,1683,3504,2.18536,0,11.271,2.92973,0,3405,19666250692
49.0199,20.3999,42.25,0,100,88,81,1683,3504,2.18536,0,11.271,2.92973,0,3405,19686650875
47.0889,21.2364,42.25,0,100,88,81,1683,3504,2.18536,0,11.271,2.92973,0,3405,19707888783
44.5411,22.4512,42.25,0,100,88,81,1683,3504,2.18536,0,11.271,2.92973,0,3405,19730341260
51.9974,19.2317,42.25,0,100,88,81,1683,3504,2.18536,0,11.271,2.92973,0,3405,19749574512
46.5102,21.5006,42.25,0,100,88,81,1683,3504,2.18536,0,11.271,2.92973,0,3405,19771076499
47.3036,21.14,42.25,0,100,88,81,1683,3504,2.18536,0,11.271,2.92973,0,3405,19792216289
38.4641,25.9983,42.25,0,100,88,81,1683,3504,2.18536,0,11.271,2.92973,0,3405,19818215157
59.5934,16.7804,42.25,0,100,88,81,1683,3504,2.18536,0,11.271,2.92973,0,3405,19834997807
46.5284,21.4923,42.25,0,100,88,81,1683,3504,2.18536,0,11.271,2.92973,0,3405,19856490026
47.7094,20.9602,42.25,0,100,88,81,1683,3504,2.18536,0,11.271,2.92973,0,3405,19877452289
47.2688,21.1556,42.25,0,100,88,81,1683,3504,2.18536,0,11.271,2.92973,0,3405,19898608865
45.2074,22.1203,42.25,0,100,88,81,1683,3504,2.18536,0,11.271,2.92973,0,3405,19920735837
49.9992,20.0003,43.6274,0,100,88,81,1683,3504,2.18536,0,11.2743,2.92973,0,3400,19940731347
44.7856,22.3286,43.6274,0,100,88,81,1683,3504,2.18536,0,11.2743,2.92973,0,3400,19963060969
51.0044,19.6061,43.6274,0,100,88,81,1683,3504,2.18536,0,11.2743,2.92973,0,3400,19982668456
46.9157,21.3148,43.6274,0,100,88,81,1683,3504,2.18536,0,11.2743,2.92973,0,3400,20003984599
48.5199,20.6101,43.6274,0,100,88,81,1683,3504,2.18536,0,11.2743,2.92973,0,3400,20024596312
45.0961,22.1749,43.6274,0,100,88,81,1683,3504,2.18536,0,11.2743,2.92973,0,3400,20046772597
48.4051,20.659,43.6274,0,100,88,81,1683,3504,2.18536,0,11.2743,2.92973,0,3400,20067432251
48.2284,20.7347,43.6274,0,100,88,81,1683,3504,2.18536,0,11.2743,2.92973,0,3400,20088166935
47.3402,21.1237,43.6274,0,100,88,81,1683,3504,2.18536,0,11.2743,2.92973,0,3400,20109292373
43.319,23.0846,43.6274,0,100,88,81,1683,3504,2.18536,0,11.2743,2.92973,0,3400,20132377161
51.4199,19.4477,43.6274,0,100,88,81,1683,3504,2.18536,0,11.2743,2.92973,0,3400,20151826113
46.493,21.5086,43.6274,0,100,88,81,1683,3504,2.18536,0,11.2743,2.92973,0,3400,20173336598
47.5759,21.019,43.6274,0,100,88,81,1683,3504,2.18536,0,11.2743,2.92973,0,3400,20194356594
45.3912,22.0307,43.6274,0,100,88,81,1683,3504,2.18536,0,11.2743,2.92973,0,3400,20216389315
50.3808,19.8488,43.6274,0,100,88,81,1683,3504,2.18536,0,11.2743,2.92973,0,3400,20236238384
45.9386,21.7682,43.6274,0,100,88,81,1683,3504,2.18536,0,11.2743,2.92973,0,3400,20258013870
51.0532,19.5874,43.6274,0,100,88,81,1683,3504,2.18536,0,11.2743,2.92973,0,3400,20277599920
43.8524,22.8038,43.6274,0,100,88,81,1683,3504,2.18536,0,11.2743,2.92973,0,3400,20300404066
51.1344,19.5563,43.6274,0,100,88,81,1683,3504,2.18536,0,11.2743,2.92973,0,3400,20319960659
47.1422,21.2124,43.6274,0,100,88,81,1683,3504,2.18536,0,11.2743,2.92973,0,3400,20341175769
46.1773,21.6557,43.6274,0,100,88,81,1683,3504,2.18536,0,11.2743,2.92973,0,3400,20362832131
49.6265,20.1505,43.6274,0,100,88,81,1683,3504,2.18536,0,11.2743,2.92973,0,3400,20382984383
46.1075,21.6884,43.6274,0,100,88,81,1683,3504,2.18536,0,11.2743,2.92973,0,3400,20404673804
47.4282,21.0845,43.6274,0,100,88,81,1683,3504,2.18536,0,11.2743,2.92973,0,3400,20425769203
45.5628,21.9477,46.5174,0,100,92,81,1683,3504,2.18536,0,11.2766,2.92973,0,3400,20447708989
50.3003,19.8806,46.5174,0,100,92,81,1683,3504,2.18536,0,11.2766,2.92973,0,3400,20467591809
47.1107,21.2266,46.5174,0,100,92,81,1683,3504,2.18536,0,11.2766,2.92973,0,3400,20488820042
51.1828,19.5378,46.5174,0,100,92,81,1683,3504,2.18536,0,11.2766,2.92973,0,3400,20508358107
45.5517,21.9531,46.5174,0,100,92,81,1683,3504,2.18536,0,11.2766,2.92973,0,3400,20530313339
46.0322,21.7239,46.5174,0,100,92,81,1683,3504,2.18536,0,11.2766,2.92973,0,3400,20552038855
51.0597,19.5849,46.5174,0,100,92,81,1683,3504,2.18536,0,11.2766,2.92973,0,3400,20571624725
50.6609,19.7391,46.5174,0,100,92,81,1683,3504,2.18536,0,11.2766,2.92973,0,3400,20591364903
44.7495,22.3466,46.5174,0,100,92,81,1683,3504,2.18536,0,11.2766,2.92973,0,3400,20613714327
51.2777,19.5017,46.5174,0,100,92,81,1683,3504,2.18536,0,11.2766,2.92973,0,3400,20633216663
46.6013,21.4586,46.5174,0,100,92,81,1683,3504,2.18536,0,11.2766,2.92973,0,3400,20654674919
53.1943,18.799,46.5174,0,100,92,81,1683,3504,2.18536,0,11.2766,2.92973,0,3400,20673476292
46.2324,21.6298,46.5174,0,100,92,81,1683,3504,2.18536,0,11.2766,2.92973,0,3400,20695107300
46.1293,21.6782,46.5174,0,100,92,81,1683,3504,2.18536,0,11.2766,2.92973,0,3400,20716787053
44.8599,22.2916,46.5174,0,100,92,81,1683,3504,2.18536,0,11.2766,2.92973,0,3400,20739082479
52.5125,19.0431,46.5174,0,100,92,81,1683,3504,2.18536,0,11.2766,2.92973,0,3400,20758125289
48.3892,20.6658,46.5174,0,100,92,81,1683,3504,2.18536,0,11.2766,2.92973,0,3400,20778791527
45.8166,21.8262,46.5174,0,100,92,81,1683,3504,2.18536,0,11.2766,2.92973,0,3400,20800620504
50.1358,19.9458,46.5174,0,100,92,81,1683,3504,2.18536,0,11.2766,2.92973,0,3400,20820565994
48.0873,20.7955,46.5174,0,100,92,81,1683,3504,2.18536,0,11.2766,2.92973,0,3400,20841362556
46.653,21.4348,46.5174,0,100,92,81,1683,3504,2.18536,0,11.2766,2.92973,0,3400,20862799156
48.9096,20.4459,46.5174,0,100,92,81,1683,3504,2.18536,0,11.2766,2.92973,0,3400,20883245318
48.6564,20.5523,46.5174,0,100,92,81,1683,3504,2.18536,0,11.2766,2.92973,0,3400,20903799550
45.8316,21.819,46.5174,0,100,92,81,1683,3504,2.18536,0,11.2766,2.92973,0,3400,20925637695
49.0587,20.3837,46.5174,0,100,92,81,1683,3504,2.18536,0,11.2766,2.92973,0,3400,20946009342
46.4965,21.507,55.1807,0,100,92,81,1683,3504,2.18536,0,11.2839,2.92973,0,3401,20967511671
50.1152,19.954,55.1807,0,100,92,81,1683,3504,2.18536,0,11.2839,2.92973,0,3401,20987467182
45.4199,22.0168,55.1807,0,100,92,81,1683,3504,2.18536,0,11.2839,2.92973,0,3401,21009484980
48.303,20.7026,55.1807,0,100,92,81,1683,3504,2.18536,0,11.2839,2.92973,0,3401,21030188611
49.4922,20.2052,55.1807,0,100,92,81,1683,3504,2.18536,0,11.2839,2.92973,0,3401,21050394939
47.9359,20.8612,55.1807,0,100,92,81,1683,3504,2.18536,0,11.2839,2.92973,0,3401,21071257985
47.036,21.2603,55.1807,0,100,92,81,1683,3504,2.18536,0,11.2839,2.92973,0,3401,21092519480
42.9881,23.2622,55.1807,0,100,92,81,1683,3504,2.18536,0,11.2839,2.92973,0,3401,21115783920
54.4103,18.3789,55.1807,0,100,92,81,1683,3504,2.18536,0,11.2839,2.92973,0,3401,21134164011
49.1369,20.3513,55.1807,0,100,92,81,1683,3504,2.18536,0,11.2839,2.92973,0,3401,21154515883
41.9772,23.8224,55.1807,0,100,92,81,1683,3504,2.18536,0,11.2839,2.92973,0,3401,21178339638
55.521,18.0112,55.1807,0,100,92,81,1683,3504,2.18536,0,11.2839,2.92973,0,3401,21196351944
44.0999,22.6758,55.1807,0,100,92,81,1683,3504,2.18536,0,11.2839,2.92973,0,3401,21219028451
52.7945,18.9414,55.1807,0,100,92,81,1683,3504,2.18536,0,11.2839,2.92973,0,3401,21237971856
47.4235,21.0866,55.1807,0,100,92,81,1683,3504,2.18536,0,11.2839,2.92973,0,3401,21259059138
45.3973,22.0278,55.1807,0,100,92,81,1683,3504,2.18536,0,11.2839,2.92973,0,3401,21281088532
46.8782,21.3319,55.1807,0,100,92,81,1683,3504,2.18536,0,11.2839,2.92973,0,3401,21302421638
49.0254,20.3976,55.1807,0,100,92,81,1683,3504,2.18536,0,11.2839,2.92973,0,3401,21322819899
50.5364,19.7877,55.1807,0,100,92,81,1683,3504,2.18536,0,11.2839,2.92973,0,3401,21342608708
48.1536,20.7669,55.1807,0,100,92,81,1683,3504,2.18536,0,11.2839,2.92973,0,3401,21363375738
47.0446,21.2564,55.1807,0,100,92,81,1683,3504,2.18536,0,11.2839,2.92973,0,3401,21384633858
48.3353,20.6888,55.1807,0,100,92,81,1683,3504,2.18536,0,11.2839,2.92973,0,3401,21405323740
47.6157,21.0015,55.1807,0,100,92,81,1683,3504,2.18536,0,11.2839,2.92973,0,3401,21426326116
46.076,21.7033,55.1807,0,100,92,81,1683,3504,2.18536,0,11.2839,2.92973,0,3401,21448036618
49.6404,20.1449,44.3299,0,100,88,81,1683,3504,2.18536,0,11.2839,2.92973,0,3402,21468176271
46.0791,21.7018,44.3299,0,100,88,81,1683,3504,2.18536,0,11.2839,2.92973,0,3402,21489879883
49.4159,20.2364,44.3299,0,100,88,81,1683,3504,2.18536,0,11.2839,2.92973,0,3402,21510115995
44.8367,22.3032,44.3299,0,100,88,81,1683,3504,2.18536,0,11.2839,2.92973,0,3402,21532420381
47.275,21.1528,44.3299,0,100,88,81,1683,3504,2.18536,0,11.2839,2.92973,0,3402,21553574300
51.8406,19.2899,44.3299,0,100,88,81,1683,3504,2.18536,0,11.2839,2.92973,0,3402,21572866051
49.739,20.105,44.3299,0,100,88,81,1683,3504,2.18536,0,11.2839,2.92973,0,3402,21592973146
50.0586,19.9766,44.3299,0,100,88,81,1683,3504,2.18536,0,11.2839,2.92973,0,3402,21612950999
50.2147,19.9145,44.3299,0,100,88,81,1683,3504,2.18536,0,11.2839,2.92973,0,3402,21632866052
44.8841,22.2796,44.3299,0,100,88,81,1683,3504,2.18536,0,11.2839,2.92973,0,3402,21655146995
49.1631,20.3405,44.3299,0,100,88,81,1683,3504,2.18536,0,11.2839,2.92973,0,3402,21675488686
50.7069,19.7212,44.3299,0,100,88,81,1683,3504,2.18536,0,11.2839,2.92973,0,3402,21695210444
48.2681,20.7176,44.3299,0,100,88,81,1683,3504,2.18536,0,11.2839,2.92973,0,3402,21715928939
49.6693,20.1331,44.3299,0,100,88,81,1683,3504,2.18536,0,11.2839,2.92973,0,3402,21736064180
49.376,20.2528,44.3299,0,100,88,81,1683,3504,2.18536,0,11.2839,2.92973,0,3402,21756316238
46.7864,21.3737,44.3299,0,100,88,81,1683,3504,2.18536,0,11.2839,2.92973,0,3402,21777691858
47.9992,20.8337,44.3299,0,100,88,81,1683,3504,2.18536,0,11.2839,2.92973,0,3402,21798526250
50.2973,19.8818,44.3299,0,100,88,81,1683,3504,2.18536,0,11.2839,2.92973,0,3402,21818409198
49.1112,20.362,44.3299,0,100,88,81,1683,3504,2.18536,0,11.2839,2.92973,0,3402,21838771952
48.8662,20.464,44.3299,0,100,88,81,1683,3504,2.18536,0,11.2839,2.92973,0,3402,21859237290
47.2497,21.1642,44.3299,0,100,88,81,1683,3504,2.18536,0,11.2839,2.92973,0,3402,21880402705
49.7221,20.1118,44.3299,0,100,88,81,1683,3504,2.18536,0,11.2839,2.92973,0,3402,21900515410
46.1667,21.6606,44.3299,0,100,88,81,1683,3504,2.18536,0,11.2839,2.92973,0,3402,21922177584
48.6575,20.5518,44.3299,0,100,88,81,1683,3504,2.18536,0,11.2839,2.92973,0,3402,21942731157
51.647,19.3622,44.3299,0,100,88,81,1683,3504,2.18536,0,11.2839,2.92973,0,3402,21962101151
50.005,19.998,41.5842,0,100,88,81,1683,3504,2.18536,0,11.2994,2.92973,0,3400,21982094258
47.3147,21.1351,41.5842,0,100,88,81,1683,3504,2.18536,0,11.2994,2.92973,0,3400,22003229998
48.9068,20.4471,41.5842,0,100,88,81,1683,3504,2.18536,0,11.2994,2.92973,0,3400,22023678314
45.086,22.1798,41.5842,0,100,88,81,1683,3504,2.18536,0,11.2994,2.92973,0,3400,22045859180
53.1812,18.8036,41.5842,0,100,88,81,1683,3504,2.18536,0,11.2994,2.92973,0,3400,22064664694
45.914,21.7799,41.5842,0,100,88,81,1683,3504,2.18536,0,11.2994,2.92973,0,3400,22086445139
48.1124,20.7847,41.5842,0,100,88,81,1683,3504,2.18536,0,11.2994,2.92973,0,3400,22107231526
47.3396,21.124,41.5842,0,100,88,81,1683,3504,2.18536,0,11.2994,2.92973,0,3400,22128355674
48.5041,20.6168,41.5842,0,100,88,81,1683,3504,2.18536,0,11.2994,2.92973,0,3400,22148974387
44.1829,22.6332,41.5842,0,100,88,81,1683,3504,2.18536,0,11.2994,2.92973,0,3400,22171608509
49.3728,20.2541,41.5842,0,100,88,81,1683,3504,2.18536,0,11.2994,2.92973,0,3400,22191864619
47.0397,21.2586,41.5842,0,100,88,81,1683,3504,2.18536,0,11.2994,2.92973,0,3400,22213123642
46.4644,21.5219,41.5842,0,100,88,81,1683,3504,2.18536,0,11.2994,2.92973,0,3400,22234646167
51.795,19.3069,41.5842,0,100,88,81,1683,3504,2.18536,0,11.2994,2.92973,0,3400,22253954613
47.3372,21.1251,41.5842,0,100,88,81,1683,3504,2.18536,0,11.2994,2.92973,0,3400,22275080011
45.4966,21.9797,41.5842,0,100,88,81,1683,3504,2.18536,0,11.2994,2.92973,0,3400,22297061049
49.2924,20.2871,41.5842,0,100,88,81,1683,3504,2.18536,0,11.2994,2.92973,0,3400,22317348986
44.4234,22.5107,41.5842,0,100,88,81,1683,3504,2.18536,0,11.2994,2.92973,0,3400,22339861005
53.479,18.6989,41.5842,0,100,88,81,1683,3504,2.18536,0,11.2994,2.92973,0,3400,22358561831
43.8896,22.7844,41.5842,0,100,88,81,1683,3504,2.18536,0,11.2994,2.92973,0,3400,22381346265
50.2064,19.9178,41.5842,0,100,88,81,1683,3504,2.18536,0,11.2994,2.92973,0,3400,22401265843
45.602,21.9288,41.5842,0,100,88,81,1683,3504,2.18536,0,11.2994,2.92973,0,3400,22423194872
46.5656,21.4751,41.5842,0,100,88,81,1683,3504,2.18536,0,11.2994,2.92973,0,3400,22444672016
46.2937,21.6012,41.5842,0,100,88,81,1683,3504,2.18536,0,11.2994,2.92973,0,3400,22466278565
49.3976,20.2439,41.7722,0,100,88,82,1683,3504,2.18536,0,11.2994,2.92973,0,3404,22486519727
49.1019,20.3658,41.7722,0,100,88,82,1683,3504,2.18536,0,11.2994,2.92973,0,3404,22506885005
44.0933,22.6792,41.7722,0,100,88,82,1683,3504,2.18536,0,11.2994,2.92973,0,3404,22529566076
53.2765,18.77,41.7722,0,100,88,82,1683,3504,2.18536,0,11.2994,2.92973,0,3404,22548337811
46.6839,21.4207,41.7722,0,100,88,82,1683,3504,2.18536,0,11.2994,2.92973,0,3404,22569759418
47.1871,21.1922,41.7722,0,100,88,82,1683,3504,2.18536,0,11.2994,2.92973,0,3404,22590952340
40.7502,24.5398,41.7722,0,100,88,82,1683,3504,2.18536,0,11.2994,2.92973,0,3404,22615494407
56.9086,17.572,41.7722,0,100,88,82,1683,3504,2.18536,0,11.2994,2.92973,0,3404,22633068492
49.5221,20.193,41.7722,0,100,88,82,1683,3504,2.18536,0,11.2994,2.92973,0,3404,22653261176
44.2703,22.5885,41.7722,0,100,88,82,1683,3504,2.18536,0,11.2994,2.92973,0,3404,22675851007
42.9167,23.3009,41.7722,0,100,88,82,1683,3504,2.18536,0,11.2994,2.92973,0,3404,22699154351
52.0138,19.2257,41.7722,0,100,88,82,1683,3504,2.18536,0,11.2994,2.92973,0,3404,22718379733
53.1184,18.8259,41.7722,0,100,88,82,1683,3504,2.18536,0,11.2994,2.92973,0,3404,22737206212
46.5097,21.5009,41.7722,0,100,88,82,1683,3504,2.18536,0,11.2994,2.92973,0,3404,22758708970
42.2056,23.6936,41.7722,0,100,88,82,1683,3504,2.18536,0,11.2994,2.92973,0,3404,22782403416
47.7475,20.9435,41.7722,0,100,88,82,1683,3504,2.18536,0,11.2994,2.92973,0,3404,22803349136
49.891,20.0437,41.7722,0,100,88,82,1683,3504,2.18536,0,11.2994,2.92973,0,3404,22823405921
43.5309,22.9722,41.7722,0,100,88,82,1683,3504,2.18536,0,11.2994,2.92973,0,3404,22846380294
43.0125,23.249,41.7722,0,100,88,82,1683,3504,2.18536,0,11.2994,2.92973,0,3404,22869630024
46.0897,21.6968,41.7722,0,100,88,82,1683,3504,2.18536,0,11.2994,2.92973,0,3404,22891329101
40.5119,24.6841,41.7722,0,100,88,82,1683,3504,2.18536,0,11.2994,2.92973,0,3404,22916013001
48.2352,20.7317,41.7722,0,100,88,82,1683,3504,2.18536,0,11.2994,2.92973,0,3404,22936746281
43.0897,23.2074,41.7722,0,100,88,82,1683,3504,2.18536,0,11.2994,2.92973,0,3404,22959956061
42.6202,23.463,41.7722,0,100,88,82,1683,3504,2.18536,0,11.2994,2.92973,0,3404,22983423753
47.1729,21.1986,51.9704,0,100,88,82,1683,3504,2.18536,0,11.2924,2.92973,0,3400,23004620770
45.7464,21.8596,51.9704,0,100,88,82,1683,3504,2.18536,0,11.2924,2.92973,0,3400,23026481386
47.7383,20.9475,51.9704,0,100,88,82,1683,3504,2.18536,0,11.2924,2.92973,0,3400,23047428985
43.4413,23.0196,51.9704,0,100,88,82,1683,3504,2.18536,0,11.2924,2.92973,0,3400,23070450103
44.2577,22.595,51.9704,0,100,88,82,1683,3504,2.18536,0,11.2924,2.92973,0,3400,23093045905
42.0962,23.7551,51.9704,0,100,88,82,1683,3504,2.18536,0,11.2924,2.92973,0,3400,23116801711
47.7244,20.9536,51.9704,0,100,88,82,1683,3504,2.18536,0,11.2924,2.92973,0,3400,23137756566
46.2768,21.6091,51.9704,0,100,88,82,1683,3504,2.18536,0,11.2924,2.92973,0,3400,23159367759
45.4907,21.9825,51.9704,0,100,88,82,1683,3504,2.18536,0,11.2924,2.92973,0,3400,23181351976
42.5524,23.5005,51.9704,0,100,88,82,1683,3504,2.18536,0,11.2924,2.92973,0,3400,23204853675
42.636,23.4543,51.9704,0,100,88,82,1683,3504,2.18536,0,11.2924,2.92973,0,3400,23228308825
50.0862,19.9656,51.9704,0,100,88,82,1683,3504,2.18536,0,11.2924,2.92973,0,3400,23248275815
40.0641,24.96,51.9704,0,100,88,82,1683,3504,2.18536,0,11.2924,2.92973,0,3400,23273237342
49.6953,20.1226,51.9704,0,100,88,82,1683,3504,2.18536,0,11.2924,2.92973,0,3400,23293360294
45.9119,21.7809,51.9704,0,100,88,82,1683,3504,2.18536,0,11.2924,2.92973,0,3400,23315142699
43.5953,22.9383,51.9704,0,100,88,82,1683,3504,2.18536,0,11.2924,2.92973,0,3400,23338082185
40.1477,24.908,51.9704,0,100,88,82,1683,3504,2.18536,0,11.2924,2.92973,0,3400,23362991414
53.0263,18.8586,51.9704,0,100,88,82,1683,3504,2.18536,0,11.2924,2.92973,0,3400,23381850671
43.8103,22.8257,51.9704,0,100,88,82,1683,3504,2.18536,0,11.2924,2.92973,0,3400,23404678914
44.383,22.5311,51.9704,0,100,88,82,1683,3504,2.18536,0,11.2924,2.92973,0,3400,23427210452
48.1765,20.757,51.9704,0,100,88,82,1683,3504,2.18536,0,11.2924,2.92973,0,3400,23447967897
42.341,23.6178,51.9704,0,100,88,82,1683,3504,2.18536,0,11.2924,2.92973,0,3400,23471586035
48.9055,20.4476,51.9704,0,100,88,82,1683,3504,2.18536,0,11.2924,2.92973,0,3400,23492040836
42.2325,23.6785,46.2312,0,100,90,80,1572,3504,2.18536,0,11.2926,2.92973,0,3400,23515716576
48.7857,20.4978,46.2312,0,100,90,80,1572,3504,2.18536,0,11.2926,2.92973,0,3400,23536215296
44.2976,22.5746,46.2312,0,100,90,80,1572,3504,2.18536,0,11.2926,2.92973,0,3400,23558790793
43.9756,22.7399,46.2312,0,100,90,80,1572,3504,2.18536,0,11.2926,2.92973,0,3400,23581531900
43.9359,22.7604,46.2312,0,100,90,80,1572,3504,2.18536,0,11.2926,2.92973,0,3400,23604294142
41.7776,23.9363,46.2312,0,100,90,80,1572,3504,2.18536,0,11.2926,2.92973,0,3400,23628231345
47.4412,21.0787,46.2312,0,100,90,80,1572,3504,2.18536,0,11.2926,2.92973,0,3400,23649312531
47.5123,21.0472,46.2312,0,100,90,80,1572,3504,2.18536,0,11.2926,2.92973,0,3400,23670359827
41.5784,24.051,46.2312,0,100,90,80,1572,3504,2.18536,0,11.2926,2.92973,0,3400,23694411518
43.0186,23.2458,46.2312,0,100,90,80,1572,3504,2.18536,0,11.2926,2.92973,0,3400,23717658759
42.7241,23.406,46.2312,0,100,90,80,1572,3504,2.18536,0,11.2926,2.92973,0,3400,23741066154
52.057,19.2097,46.2312,0,100,90,80,1572,3504,2.18536,0,11.2926,2.92973,0,3400,23760277248
43.171,23.1637,46.2312,0,100,90,80,1572,3504,2.18536,0,11.2926,2.92973,0,3400,23783441780
43.9723,22.7416,46.2312,0,100,90,80,1572,3504,2.18536,0,11.2926,2.92973,0,3400,23806183860
45.5734,21.9426,46.2312,0,100,90,80,1572,3504,2.18536,0,11.2926,2.92973,0,3400,23828127633
41.9269,23.851,46.2312,0,100,90,80,1572,3504,2.18536,0,11.2926,2.92973,0,3400,23851980057
39.6887,25.1961,46.2312,0,100,90,80,1572,3504,2.18536,0,11.2926,2.92973,0,3400,23877175901
48.165,20.7619,46.2312,0,100,90,80,1572,3504,2.18536,0,11.2926,2.92973,0,3400,23897938929
43.4387,23.021,46.2312,0,100,90,80,1572,3504,2.18536,0,11.2926,2.92973,0,3400,23920961456
42.172,23.7124,46.2312,0,100,90,80,1572,3504,2.18536,0,11.2926,2.92973,0,3400,23944675168
44.5009,22.4715,46.2312,0,100,90,80,1572,3504,2.18536,0,11.2926,2.92973,0,3400,23967146556
46.576,21.4703,46.2312,0,100,90,80,1572,3504,2.18536,0,11.2926,2.92973,0,3400,23988618461
42.6824,23.4288,46.2312,0,100,90,80,1572,3504,2.18536,0,11.2926,2.92973,0,3400,24012054863
41.4678,24.1151,53.7349,0,100,90,79,1582,3504,2.18536,0,11.2928,2.92973,0,3400,24036165135
42.3887,23.5912,53.7349,0,100,90,79,1582,3504,2.18536,0,11.2928,2.92973,0,3400,24059757603
44.3447,22.5506,53.7349,0,100,90,79,1582,3504,2.18536,0,11.2928,2.92973,0,3400,24082308880
41.8576,23.8905,53.7349,0,100,90,79,1582,3504,2.18536,0,11.2928,2.92973,0,3400,24106200793
43.9175,22.77,53.7349,0,100,90,79,1582,3504,2.18536,0,11.2928,2.92973,0,3400,24128972232
46.4432,21.5317,53.7349,0,100,90,79,1582,3504,2.18536,0,11.2928,2.92973,0,3400,24150504537
43.52,22.9779,53.7349,0,100,90,79,1582,3504,2.18536,0,11.2928,2.92973,0,3400,24173484254
43.2893,23.1004,53.7349,0,100,90,79,1582,3504,2.18536,0,11.2928,2.92973,0,3400,24196585184
43.8611,22.7993,53.7349,0,100,90,79,1582,3504,2.18536,0,11.2928,2.92973,0,3400,24219386780
45.6141,21.9231,53.7349,0,100,90,79,1582,3504,2.18536,0,11.2928,2.92973,0,3400,24241310795
43.275,23.108,53.7349,0,100,90,79,1582,3504,2.18536,0,11.2928,2.92973,0,3400,24264419831
43.3245,23.0816,53.7349,0,100,90,79,1582,3504,2.18536,0,11.2928,2.92973,0,3400,24287503433
43.0668,23.2198,53.7349,0,100,90,79,1582,3504,2.18536,0,11.2928,2.92973,0,3400,24310725626
44.331,22.5576,53.7349,0,100,90,79,1582,3504,2.18536,0,11.2928,2.92973,0,3400,24333283680
40.6203,24.6182,53.7349,0,100,90,79,1582,3504,2.18536,0,11.2928,2.92973,0,3400,24357902803
47.5692,21.022,53.7349,0,100,90,79,1582,3504,2.18536,0,11.2928,2.92973,0,3400,24378926304
43.0401,23.2342,53.7349,0,100,90,79,1582,3504,2.18536,0,11.2928,2.92973,0,3400,24402160722
45.5721,21.9432,53.7349,0,100,90,79,1582,3504,2.18536,0,11.2928,2.92973,0,3400,24424105309
45.8216,21.8238,53.7349,0,100,90,79,1582,3504,2.18536,0,11.2928,2.92973,0,3400,24445929761
42.6413,23.4514,53.7349,0,100,90,79,1582,3504,2.18536,0,11.2928,2.92973,0,3400,24469382230
43.2495,23.1217,53.7349,0,100,90,79,1582,3504,2.18536,0,11.2928,2.92973,0,3400,24492505395
40.9839,24.3998,53.7349,0,100,90,79,1582,3504,2.18536,0,11.2928,2.92973,0,3400,24516912987
45.574,21.9423,51.3924,0,100,94,79,1570,3504,2.18536,0,11.2928,2.92973,0,3400,24538849839
46.1556,21.6658,51.3924,0,100,94,79,1570,3504,2.18536,0,11.2928,2.92973,0,3400,24560517308
46.433,21.5364,51.3924,0,100,94,79,1570,3504,2.18536,0,11.2928,2.92973,0,3400,24582055898
41.4638,24.1174,51.3924,0,100,94,79,1570,3504,2.18536,0,11.2928,2.92973,0,3400,24606173288
44.9597,22.2422,51.3924,0,100,94,79,1570,3504,2.18536,0,11.2928,2.92973,0,3400,24628417062
43.4511,23.0144,51.3924,0,100,94,79,1570,3504,2.18536,0,11.2928,2.92973,0,3400,24651431338
42.8261,23.3503,51.3924,0,100,94,79,1570,3504,2.18536,0,11.2928,2.92973,0,3400,24674783047
44.6275,22.4077,51.3924,0,100,94,79,1570,3504,2.18536,0,11.2928,2.92973,0,3400,24697192080
44.6273,22.4078,51.3924,0,100,94,79,1570,3504,2.18536,0,11.2928,2.92973,0,3400,24719600171
41.4878,24.1035,51.3924,0,100,94,79,1570,3504,2.18536,0,11.2928,2.92973,0,3400,24743704876
46.5656,21.4751,51.3924,0,100,94,79,1570,3504,2.18536,0,11.2928,2.92973,0,3400,24765180956
46.2234,21.634,51.3924,0,100,94,79,1570,3504,2.18536,0,11.2928,2.92973,0,3400,24786816956
42.2213,23.6847,51.3924,0,100,94,79,1570,3504,2.18536,0,11.2928,2.92973,0,3400,24810502895
42.0656,23.7724,51.3924,0,100,94,79,1570,3504,2.18536,0,11.2928,2.92973,0,3400,24834277240
47.4757,21.0634,51.3924,0,100,94,79,1570,3504,2.18536,0,11.2928,2.92973,0,3400,24855340824
46.0769,21.7028,51.3924,0,100,94,79,1570,3504,2.18536,0,11.2928,2.92973,0,3400,24877044977
42.8981,23.3111,51.3924,0,100,94,79,1570,3504,2.18536,0,11.2928,2.92973,0,3400,24900356557
42.8665,23.3283,51.3924,0,100,94,79,1570,3504,2.18536,0,11.2928,2.92973,0,3400,24923685499
39.6248,25.2367,51.3924,0,100,94,79,1570,3504,2.18536,0,11.2928,2.92973,0,3400,24948923550
50.0774,19.9691,51.3924,0,100,94,79,1570,3504,2.18536,0,11.2928,2.92973,0,3400,24968893493
43.9461,22.7551,51.3924,0,100,94,79,1570,3504,2.18536,0,11.2928,2.92973,0,3400,24991649556
45.4391,22.0075,51.3924,0,100,94,79,1570,3504,2.18536,0,11.2928,2.92973,0,3400,25013658541
42.1265,23.738,51.3924,0,100,94,79,1570,3504,2.18536,0,11.2928,2.92973,0,3400,25037404235
41.8028,23.9218,53.6765,0,100,94,79,1570,3504,2.18536,0,11.3004,2.92973,0,3400,25061321917
47.3555,21.1169,53.6765,0,100,94,79,1570,3504,2.18536,0,11.3004,2.92973,0,3400,25082439886
45.4029,22.025,53.6765,0,100,94,79,1570,3504,2.18536,0,11.3004,2.92973,0,3400,25104466090
33.0313,30.2743,53.6765,0,100,94,79,1570,3504,2.18536,0,11.3004,2.92973,0,3400,25134741583
66.8702,14.9543,53.6765,0,100,94,79,1570,3504,2.18536,0,11.3004,2.92973,0,3400,25149699245
40.705,24.567,53.6765,0,100,94,79,1570,3504,2.18536,0,11.3004,2.92973,0,3400,25174284460
46.0988,21.6926,53.6765,0,100,94,79,1570,3504,2.18536,0,11.3004,2.92973,0,3400,25195959567
47.5785,21.0179,53.6765,0,100,94,79,1570,3504,2.18536,0,11.3004,2.92973,0,3400,25216978700
40.2042,24.873,53.6765,0,100,94,79,1570,3504,2.18536,0,11.3004,2.92973,0,3400,25241852225
41.0409,24.3659,53.6765,0,100,94,79,1570,3504,2.18536,0,11.3004,2.92973,0,3400,25266219083
45.0315,22.2067,53.6765,0,100,94,79,1570,3504,2.18536,0,11.3004,2.92973,0,3400,25288427276
51.869,19.2793,53.6765,0,100,94,79,1570,3504,2.18536,0,11.3004,2.92973,0,3400,25307709379
42.8746,23.3238,53.6765,0,100,94,79,1570,3504,2.18536,0,11.3004,2.92973,0,3400,25331033342
42.4239,23.5716,53.6765,0,100,94,79,1570,3504,2.18536,0,11.3004,2.92973,0,3400,25354606438
43.3125,23.088,53.6765,0,100,94,79,1570,3504,2.18536,0,11.3004,2.92973,0,3400,25377695842
42.1101,23.7473,53.6765,0,100,94,79,1570,3504,2.18536,0,11.3004,2.92973,0,3400,25401445167
41.9333,23.8474,53.6765,0,100,94,79,1570,3504,2.18536,0,11.3004,2.92973,0,3400,25425293522
46.6129,21.4533,53.6765,0,100,94,79,1570,3504,2.18536,0,11.3004,2.92973,0,3400,25446747848
43.2875,23.1013,53.6765,0,100,94,79,1570,3504,2.18536,0,11.3004,2.92973,0,3400,25469851407
45.5144,21.9711,53.6765,0,100,94,79,1570,3504,2.18536,0,11.3004,2.92973,0,3400,25491823480
43.6917,22.8877,53.6765,0,100,94,79,1570,3504,2.18536,0,11.3004,2.92973,0,3400,25514712244
38.6454,25.8763,53.6765,0,100,94,79,1570,3504,2.18536,0,11.3004,2.92973,0,3400,25540593224
43.3882,23.0478,57.2864,0,100,95,79,1569,3504,2.18536,0,11.3004,2.92973,0,3400,25563639612
49.1626,20.3407,57.2864,0,100,95,79,1569,3504,2.18536,0,11.3004,2.92973,0,3400,25583980004
41.8988,23.8671,57.2864,0,100,95,79,1569,3504,2.18536,0,11.3004,2.92973,0,3400,25607849252
45.3534,22.0491,57.2864,0,100,95,79,1569,3504,2.18536,0,11.3004,2.92973,0,3400,25629898894
44.6496,22.3966,57.2864,0,100,95,79,1569,3504,2.18536,0,11.3004,2.92973,0,3400,25652296887
39.2291,25.4913,57.2864,0,100,95,79,1569,3504,2.18536,0,11.3004,2.92973,0,3400,25677789583
48.7299,20.5213,57.2864,0,100,95,79,1569,3504,2.18536,0,11.3004,2.92973,0,3400,25698312291
51.1831,19.5377,57.2864,0,100,95,79,1569,3504,2.18536,0,11.3004,2.92973,0,3400,25717851213
43.011,23.2499,57.2864,0,100,95,79,1569,3504,2.18536,0,11.3004,2.92973,0,3400,25741103021
46.119,21.683,57.2864,0,100,95,79,1569,3504,2.18536,0,11.3004,2.92973,0,3400,25762787477
45.1342,22.1561,57.2864,0,100,95,79,1569,3504,2.18536,0,11.3004,2.92973,0,3400,25784944390
40.3082,24.8089,57.2864,0,100,95,79,1569,3504,2.18536,0,11.3004,2.92973,0,3400,25809756490
45.429,22.0124,57.2864,0,100,95,79,1569,3504,2.18536,0,11.3004,2.92973,0,3400,25831768887
46.298,21.5992,57.2864,0,100,95,79,1569,3504,2.18536,0,11.3004,2.92973,0,3400,25853368043
41.8129,23.9161,57.2864,0,100,95,79,1569,3504,2.18536,0,11.3004,2.92973,0,3400,25877287081
47.0903,21.2358,57.2864,0,100,95,79,1569,3504,2.18536,0,11.3004,2.92973,0,3400,25898523674
49.2479,20.3054,57.2864,0,100,95,79,1569,3504,2.18536,0,11.3004,2.92973,0,3400,25918831280
44.9696,22.2373,57.2864,0,100,95,79,1569,3504,2.18536,0,11.3004,2.92973,0,3400,25941068311
48.2937,20.7066,57.2864,0,100,95,79,1569,3504,2.18536,0,11.3004,2.92973,0,3400,25961775264
40.0482,24.9699,57.2864,0,100,95,79,1569,3504,2.18536,0,11.3004,2.92973,0,3400,25986746244
41.2698,24.2308,57.2864,0,100,95,79,1569,3504,2.18536,0,11.3004,2.92973,0,3400,26010977822
52.6824,18.9817,57.2864,0,100,95,79,1569,3504,2.18536,0,11.3004,2.92973,0,3400,26029961313
49.5775,20.1704,57.2864,0,100,95,79,1569,3504,2.18536,0,11.3004,2.92973,0,3400,26050137299
45.3541,22.0487,63.0923,0,100,95,79,1569,3504,2.18536,0,11.3195,2.92973,0,3402,26072182710
46.1574,21.665,63.0923,0,100,95,79,1569,3504,2.18536,0,11.3195,2.92973,0,3402,26093849373
42.5757,23.4876,63.0923,0,100,95,79,1569,3504,2.18536,0,11.3195,2.92973,0,3402,26117337896
44.8169,22.313,63.0923,0,100,95,79,1569,3504,2.18536,0,11.3195,2.92973,0,3402,26139651636
48.3125,20.6986,63.0923,0,100,95,79,1569,3504,2.18536,0,11.3195,2.92973,0,3402,26160350649
45.9856,21.7459,63.0923,0,100,95,79,1569,3504,2.18536,0,11.3195,2.92973,0,3402,26182099439
48.408,20.6577,63.0923,0,100,95,79,1569,3504,2.18536,0,11.3195,2.92973,0,3402,26202758110
44.8093,22.3168,63.0923,0,100,95,79,1569,3504,2.18536,0,11.3195,2.92973,0,3402,26225074890
45.8257,21.8218,63.0923,0,100,95,79,1569,3504,2.18536,0,11.3195,2.92973,0,3402,26246897954
46.8355,21.3513,63.0923,0,100,95,79,1569,3504,2.18536,0,11.3195,2.92973,0,3402,26268251310
42.4269,23.5699,63.0923,0,100,95,79,1569,3504,2.18536,0,11.3195,2.92973,0,3402,26291823381
45.8862,21.7931,63.0923,0,100,95,79,1569,3504,2.18536,0,11.3195,2.92973,0,3402,26313617262
47.0103,21.2719,63.0923,0,100,95,79,1569,3504,2.18536,0,11.3195,2.92973,0,3402,26334890335
44.7781,22.3323,63.0923,0,100,95,79,1569,3504,2.18536,0,11.3195,2.92973,0,3402,26357223753
45.7352,21.865,63.0923,0,100,95,79,1569,3504,2.18536,0,11.3195,2.92973,0,3402,26379090302
45.7874,21.8401,63.0923,0,100,95,79,1569,3504,2.18536,0,11.3195,2.92973,0,3402,26400944266
45.2569,22.0961,63.0923,0,100,95,79,1569,3504,2.18536,0,11.3195,2.92973,0,3402,26423028077
43.0722,23.2168,63.0923,0,100,95,79,1569,3504,2.18536,0,11.3195,2.92973,0,3402,26446246138
41.8589,23.8898,63.0923,0,100,95,79,1569,3504,2.18536,0,11.3195,2.92973,0,3402,26470137412
51.4544,19.4347,63.0923,0,100,95,79,1569,3504,2.18536,0,11.3195,2.92973,0,3402,26489574734
40.9923,24.3948,63.0923,0,100,95,79,1569,3504,2.18536,0,11.3195,2.92973,0,3402,26513969488
50.5483,19.783,63.0923,0,100,95,79,1569,3504,2.18536,0,11.3195,2.92973,0,3402,26533754496
45.5954,21.9321,63.0923,0,100,95,79,1569,3504,2.18536,0,11.3195,2.92973,0,3402,26555693708
46.1675,21.6603,48.4925,0,100,89,80,1657,3504,2.18536,0,11.2978,2.92973,0,3400,26577349004
40.8898,24.4559,48.4925,0,100,89,80,1657,3504,2.18536,0,11.2978,2.92973,0,3400,26601806535
45.2012,22.1233,48.4925,0,100,89,80,1657,3504,2.18536,0,11.2978,2.92973,0,3400,26623931269
51.4659,19.4303,48.4925,0,100,89,80,1657,3504,2.18536,0,11.2978,2.92973,0,3400,26643362632
40.4518,24.7208,48.4925,0,100,89,80,1657,3504,2.18536,0,11.2978,2.92973,0,3400,26668085134
48.8152,20.4854,48.4925,0,100,89,80,1657,3504,2.18536,0,11.2978,2.92973,0,3400,26688570434
42.3298,23.624,48.4925,0,100,89,80,1657,3504,2.18536,0,11.2978,2.92973,0,3400,26712195359
48.267,20.7181,48.4925,0,100,89,80,1657,3504,2.18536,0,11.2978,2.92973,0,3400,26732915277
41.3347,24.1927,48.4925,0,100,89,80,1657,3504,2.18536,0,11.2978,2.92973,0,3400,26757110678
46.6451,21.4385,48.4925,0,100,89,80,1657,3504,2.18536,0,11.2978,2.92973,0,3400,26778549509
46.3007,21.5979,48.4925,0,100,89,80,1657,3504,2.18536,0,11.2978,2.92973,0,3400,26800148708
46.8805,21.3309,48.4925,0,100,89,80,1657,3504,2.18536,0,11.2978,2.92973,0,3400,26821480807
42.7145,23.4113,48.4925,0,100,89,80,1657,3504,2.18536,0,11.2978,2.92973,0,3400,26844892034
45.6334,21.9138,48.4925,0,100,89,80,1657,3504,2.18536,0,11.2978,2.92973,0,3400,26866807116
43.8743,22.7924,48.4925,0,100,89,80,1657,3504,2.18536,0,11.2978,2.92973,0,3400,26889601516
38.084,26.2577,48.4925,0,100,89,80,1657,3504,2.18536,0,11.2978,2.92973,0,3400,26915861510
42.9336,23.2918,48.4925,0,100,89,80,1657,3504,2.18536,0,11.2978,2.92973,0,3400,26939153783
42.5229,23.5168,48.4925,0,100,89,80,1657,3504,2.18536,0,11.2978,2.92973,0,3400,26962670789
45.692,21.8857,48.4925,0,100,89,80,1657,3504,2.18536,0,11.2978,2.92973,0,3400,26984558204
45.389,22.0318,48.4925,0,100,89,80,1657,3504,2.18536,0,11.2978,2.92973,0,3400,27006591183
44.1386,22.6559,48.4925,0,100,89,80,1657,3504,2.18536,0,11.2978,2.92973,0,3400,27029249503
45.3223,22.0642,48.4925,0,100,89,80,1657,3504,2.18536,0,11.2978,2.92973,0,3400,27051313515
43.4212,23.0302,48.4925,0,100,89,80,1657,3504,2.18536,0,11.2978,2.92973,0,3400,27074352972
43.8524,22.8038,45.122,0,100,89,81,1657,3504,2.18536,0,11.2841,2.92973,0,3400,27097150396
45.283,22.0833,45.122,0,100,89,81,1657,3504,2.18536,0,11.2841,2.92973,0,3400,27119235663
43.6275,22.9213,45.122,0,100,89,81,1657,3504,2.18536,0,11.2841,2.92973,0,3400,27142158500
46.0251,21.7273,45.122,0,100,89,81,1657,3504,2.18536,0,11.2841,2.92973,0,3400,27163887660
45.9856,21.7459,45.122,0,100,89,81,1657,3504,2.18536,0,11.2841,2.92973,0,3400,27185633658
40.3715,24.7699,45.122,0,100,89,81,1657,3504,2.18536,0,11.2841,2.92973,0,3400,27210404439
50.445,19.8236,45.122,0,100,89,81,1657,3504,2.18536,0,11.2841,2.92973,0,3400,27230228932
43.2403,23.1266,45.122,0,100,89,81,1657,3504,2.18536,0,11.2841,2.92973,0,3400,27253357147
47.2796,21.1508,45.122,0,100,89,81,1657,3504,2.18536,0,11.2841,2.92973,0,3400,27274509661
44.0217,22.7161,45.122,0,100,89,81,1657,3504,2.18536,0,11.2841,2.92973,0,3400,27297226566
43.6869,22.8902,45.122,0,100,89,81,1657,3504,2.18536,0,11.2841,2.92973,0,3400,27320118044
43.3736,23.0555,45.122,0,100,89,81,1657,3504,2.18536,0,11.2841,2.92973,0,3400,27343174819
43.1253,23.1882,45.122,0,100,89,81,1657,3504,2.18536,0,11.2841,2.92973,0,3400,27366363774
47.1439,21.2117,45.122,0,100,89,81,1657,3504,2.18536,0,11.2841,2.92973,0,3400,27387576631
43.5305,22.9724,45.122,0,100,89,81,1657,3504,2.18536,0,11.2841,2.92973,0,3400,27410551119
45.3549,22.0483,45.122,0,100,89,81,1657,3504,2.18536,0,11.2841,2.92973,0,3400,27432620730
43.9723,22.7416,45.122,0,100,89,81,1657,3504,2.18536,0,11.2841,2.92973,0,3400,27455348843
46.2054,21.6425,45.122,0,100,89,81,1657,3504,2.18536,0,11.2841,2.92973,0,3400,27476993689
44.3429,22.5515,45.122,0,100,89,81,1657,3504,2.18536,0,11.2841,2.92973,0,3400,27499544904
42.7838,23.3733,45.122,0,100,89,81,1657,3504,2.18536,0,11.2841,2.92973,0,3400,27522919613
44.2871,22.5799,45.122,0,100,89,81,1657,3504,2.18536,0,11.2841,2.92973,0,3400,27545500551
47.579,21.0177,45.122,0,100,89,81,1657,3504,2.18536,0,11.2841,2.92973,0,3400,27566519091
43.8261,22.8174,45.122,0,100,89,81,1657,3504,2.18536,0,11.2841,2.92973,0,3400,27589341450
44.7343,22.3542,45.2323,0,100,89,81,1658,3504,2.18536,0,11.2841,2.92973,0,3404,27611693882
41.5418,24.0721,45.2323,0,100,89,81,1658,3504,2.18536,0,11.2841,2.92973,0,3404,27635765840
46.0576,21.7119,45.2323,0,100,89,81,1658,3504,2.18536,0,11.2841,2.92973,0,3404,27657478795
46.0185,21.7304,45.2323,0,100,89,81,1658,3504,2.18536,0,11.2841,2.92973,0,3404,27679210215
42.3369,23.6201,45.2323,0,100,89,81,1658,3504,2.18536,0,11.2841,2.92973,0,3404,27702832376
42.5463,23.5038,45.2323,0,100,89,81,1658,3504,2.18536,0,11.2841,2.92973,0,3404,27726336747
50.0464,19.9814,45.2323,0,100,89,81,1658,3504,2.18536,0,11.2841,2.92973,0,3404,27746320965
40.2506,24.8443,45.2323,0,100,89,81,1658,3504,2.18536,0,11.2841,2.92973,0,3404,27771165667
47.0257,21.265,45.2323,0,100,89,81,1658,3504,2.18536,0,11.2841,2.92973,0,3404,27792432459
44.3872,22.529,45.2323,0,100,89,81,1658,3504,2.18536,0,11.2841,2.92973,0,3404,27814961553
41.3031,24.2112,45.2323,0,100,89,81,1658,3504,2.18536,0,11.2841,2.92973,0,3404,27839174703
49.8414,20.0636,45.2323,0,100,89,81,1658,3504,2.18536,0,11.2841,2.92973,0,3404,27859238827
42.2011,23.6961,45.2323,0,100,89,81,1658,3504,2.18536,0,11.2841,2.92973,0,3404,27882935924
45.344,22.0536,45.2323,0,100,89,81,1658,3504,2.18536,0,11.2841,2.92973,0,3404,27904990629
43.3154,23.0865,45.2323,0,100,89,81,1658,3504,2.18536,0,11.2841,2.92973,0,3404,27928078497
43.9252,22.766,45.2323,0,100,89,81,1658,3504,2.18536,0,11.2841,2.92973,0,3404,27950845408
44.3943,22.5254,45.2323,0,100,89,81,1658,3504,2.18536,0,11.2841,2.92973,0,3404,27973372037
44.1478,22.6512,45.2323,0,100,89,81,1658,3504,2.18536,0,11.2841,2.92973,0,3404,27996024502
42.4241,23.5715,45.2323,0,100,89,81,1658,3504,2.18536,0,11.2841,2.92973,0,3404,28019597392
42.1429,23.7288,45.2323,0,100,89,81,1658,3504,2.18536,0,11.2841,2.92973,0,3404,28043327026
46.9916,21.2804,45.2323,0,100,89,81,1658,3504,2.18536,0,11.2841,2.92973,0,3404,28064608429
42.1246,23.7391,45.2323,0,100,89,81,1658,3504,2.18536,0,11.2841,2.92973,0,3404,28088347692
41.6575,24.0053,45.2323,0,100,89,81,1658,3504,2.18536,0,11.2841,2.92973,0,3404,28112358791
42.973,23.2704,49.1566,0,100,89,81,1663,3504,2.18536,0,11.2849,2.92973,0,3400,28135624831
46.609,21.4551,49.1566,0,100,89,81,1663,3504,2.18536,0,11.2849,2.92973,0,3400,28157081035
41.8076,23.9191,49.1566,0,100,89,81,1663,3504,2.18536,0,11.2849,2.92973,0,3400,28181014876
43.293,23.0984,49.1566,0,100,89,81,1663,3504,2.18536,0,11.2849,2.92973,0,3400,28204103207
45.2796,22.085,49.1566,0,100,89,81,1663,3504,2.18536,0,11.2849,2.92973,0,3400,28226187781
46.7501,21.3903,49.1566,0,100,89,81,1663,3504,2.18536,0,11.2849,2.92973,0,3400,28247578085
42.3998,23.585,49.1566,0,100,89,81,1663,3504,2.18536,0,11.2849,2.92973,0,3400,28271286499
40.4582,24.7168,49.1566,0,100,89,81,1663,3504,2.18536,0,11.2849,2.92973,0,3400,28295882951
49.3324,20.2706,49.1566,0,100,89,81,1663,3504,2.18536,0,11.2849,2.92973,0,3400,28316155170
38.5763,25.9226,49.1566,0,100,89,81,1663,3504,2.18536,0,11.2849,2.92973,0,3400,28342078617
50.2583,19.8972,49.1566,0,100,89,81,1663,3504,2.18536,0,11.2849,2.92973,0,3400,28361976739
41.9303,23.8491,49.1566,0,100,89,81,1663,3504,2.18536,0,11.2849,2.92973,0,3400,28385827283
40.2103,24.8692,49.1566,0,100,89,81,1663,3504,2.18536,0,11.2849,2.92973,0,3400,28410697689
45.7408,21.8623,49.1566,0,100,89,81,1663,3504,2.18536,0,11.2849,2.92973,0,3400,28432561611
41.5846,24.0474,49.1566,0,100,89,81,1663,3504,2.18536,0,11.2849,2.92973,0,3400,28456610563
42.4941,23.5327,49.1566,0,100,89,81,1663,3504,2.18536,0,11.2849,2.92973,0,3400,28480144259
50.0956,19.9618,49.1566,0,100,89,81,1663,3504,2.18536,0,11.2849,2.92973,0,3400,28500107518
39.0455,25.6111,49.1566,0,100,89,81,1663,3504,2.18536,0,11.2849,2.92973,0,3400,28525720008
46.029,21.7254,49.1566,0,100,89,81,1663,3504,2.18536,0,11.2849,2.92973,0,3400,28547447538
44.2225,22.6129,49.1566,0,100,89,81,1663,3504,2.18536,0,11.2849,2.92973,0,3400,28570059964
43.5531,22.9605,49.1566,0,100,89,81,1663,3504,2.18536,0,11.2849,2.92973,0,3400,28593021519
41.9779,23.822,49.1566,0,100,89,81,1663,3504,2.18536,0,11.2849,2.92973,0,3400,28616850688
44.6424,22.4002,51.1335,0,100,89,81,1660,3504,2.18536,0,11.2851,2.92973,0,3400,28639245718
46.0691,21.7065,51.1335,0,100,89,81,1660,3504,2.18536,0,11.2851,2.92973,0,3400,28660953145
43.6881,22.8895,51.1335,0,100,89,81,1660,3504,2.18536,0,11.2851,2.92973,0,3400,28683843835
39.7363,25.1659,51.1335,0,100,89,81,1660,3504,2.18536,0,11.2851,2.92973,0,3400,28709010286
42.1225,23.7403,51.1335,0,100,89,81,1660,3504,2.18536,0,11.2851,2.92973,0,3400,28732752671
47.3034,21.1401,51.1335,0,100,89,81,1660,3504,2.18536,0,11.2851,2.92973,0,3400,28753893423
45.8857,21.7933,51.1335,0,100,89,81,1660,3504,2.18536,0,11.2851,2.92973,0,3400,28775688538
43.6529,22.908,51.1335,0,100,89,81,1660,3504,2.18536,0,11.2851,2.92973,0,3400,28798596678
39.4075,25.3759,51.1335,0,100,89,81,1660,3504,2.18536,0,11.2851,2.92973,0,3400,28823973669
41.8954,23.869,51.1335,0,100,89,81,1660,3504,2.18536,0,11.2851,2.92973,0,3400,28847844160
41.5037,24.0942,51.1335,0,100,89,81,1660,3504,2.18536,0,11.2851,2.92973,0,3400,28871939287
40.3919,24.7575,51.1335,0,100,89,81,1660,3504,2.18536,0,11.2851,2.92973,0,3400,28896697792
45.7375,21.8639,51.1335,0,100,89,81,1660,3504,2.18536,0,11.2851,2.92973,0,3400,28918564005
40.302,24.8127,51.1335,0,100,89,81,1660,3504,2.18536,0,11.2851,2.92973,0,3400,28943377931
43.3942,23.0445,51.1335,0,100,89,81,1660,3504,2.18536,0,11.2851,2.92973,0,3400,28966422606
39.0615,25.6006,51.1335,0,100,89,81,1660,3504,2.18536,0,11.2851,2.92973,0,3400,28992024899
41.9759,23.8232,51.1335,0,100,89,81,1660,3504,2.18536,0,11.2851,2.92973,0,3400,29015849557
45.2926,22.0787,51.1335,0,100,89,81,1660,3504,2.18536,0,11.2851,2.92973,0,3400,29037928814
37.9818,26.3284,51.1335,0,100,89,81,1660,3504,2.18536,0,11.2851,2.92973,0,3400,29064258106
40.4548,24.719,51.1335,0,100,89,81,1660,3504,2.18536,0,11.2851,2.92973,0,3400,29088977939
42.4183,23.5747,51.1335,0,100,89,81,1660,3504,2.18536,0,11.2851,2.92973,0,3400,29112554282
41.7476,23.9534,51.1335,0,100,89,81,1660,3504,2.18536,0,11.2851,2.92973,0,3400,29136516188
45.0052,22.2196,55.335,0,100,89,81,1660,3504,2.18536,0,11.3008,2.92973,0,3400,29158730029
45.0137,22.2155,55.335,0,100,89,81,1660,3504,2.18536,0,11.3008,2.92973,0,3400,29180946685
42.9125,23.3033,55.335,0,100,89,81,1660,3504,2.18536,0,11.3008,2.92973,0,3400,29204251458
36.2811,27.5626,55.335,0,100,89,81,1660,3504,2.18536,0,11.3008,2.92973,0,3400,29231816217
49.3357,20.2693,55.335,0,100,89,81,1660,3504,2.18536,0,11.3008,2.92973,0,3400,29252086242
39.7873,25.1336,55.335,0,100,89,81,1660,3504,2.18536,0,11.3008,2.92973,0,3400,29277221570
43.6325,22.9187,55.335,0,100,89,81,1660,3504,2.18536,0,11.3008,2.92973,0,3400,29300142356
45.6134,21.9234,55.335,0,100,89,81,1660,3504,2.18536,0,11.3008,2.92973,0,3400,29322066761
41.321,24.2008,55.335,0,100,89,81,1660,3504,2.18536,0,11.3008,2.92973,0,3400,29346269685
44.0761,22.688,55.335,0,100,89,81,1660,3504,2.18536,0,11.3008,2.92973,0,3400,29368958580
43.3149,23.0868,55.335,0,100,89,81,1660,3504,2.18536,0,11.3008,2.92973,0,3400,29392046440
40.3768,24.7667,55.335,0,100,89,81,1660,3504,2.18536,0,11.3008,2.92973,0,3400,29416815766
46.961,21.2943,55.335,0,100,89,81,1660,3504,2.18536,0,11.3008,2.92973,0,3400,29438109872
43.1722,23.1631,55.335,0,100,89,81,1660,3504,2.18536,0,11.3008,2.92973,0,3400,29461274020
45.0034,22.2205,55.335,0,100,89,81,1660,3504,2.18536,0,11.3008,2.92973,0,3400,29483495921
46.5785,21.4691,55.335,0,100,89,81,1660,3504,2.18536,0,11.3008,2.92973,0,3400,29504966782
43.649,22.91,55.335,0,100,89,81,1660,3504,2.18536,0,11.3008,2.92973,0,3400,29527877798
45.5292,21.9639,55.335,0,100,89,81,1660,3504,2.18536,0,11.3008,2.92973,0,3400,29549843104
42.2364,23.6763,55.335,0,100,89,81,1660,3504,2.18536,0,11.3008,2.92973,0,3400,29573521170
42.1625,23.7178,55.335,0,100,89,81,1660,3504,2.18536,0,11.3008,2.92973,0,3400,29597239662
38.6925,25.8448,55.335,0,100,89,81,1660,3504,2.18536,0,11.3008,2.92973,0,3400,29623085608
49.0539,20.3857,55.335,0,100,89,81,1660,3504,2.18536,0,11.3008,2.92973,0,3400,29643478410
48.0661,20.8047,62,0,100,95,81,1683,3504,2.18536,0,11.3009,2.92973,0,3400,29664278679
36.9854,27.0377,62,0,100,95,81,1683,3504,2.18536,0,11.3009,2.92973,0,3400,29691317640
45.0897,22.178,62,0,100,95,81,1683,3504,2.18536,0,11.3009,2.92973,0,3400,29713495518
49.6931,20.1235,62,0,100,95,81,1683,3504,2.18536,0,11.3009,2.92973,0,3400,29733620798
42.4201,23.5737,62,0,100,95,81,1683,3504,2.18536,0,11.3009,2.92973,0,3400,29757196090
45.0302,22.2073,62,0,100,95,81,1683,3504,2.18536,0,11.3009,2.92973,0,3400,29779404107
39.831,25.1061,62,0,100,95,81,1683,3504,2.18536,0,11.3009,2.92973,0,3400,29804511173
48.4275,20.6494,62,0,100,95,81,1683,3504,2.18536,0,11.3009,2.92973,0,3400,29825162743
46.0059,21.7363,62,0,100,95,81,1683,3504,2.18536,0,11.3009,2.92973,0,3400,29846899828
39.7012,25.1881,62,0,100,95,81,1683,3504,2.18536,0,11.3009,2.92973,0,3400,29872089537
43.9674,22.7441,62,0,100,95,81,1683,3504,2.18536,0,11.3009,2.92973,0,3400,29894835018
43.6928,22.8871,62,0,100,95,81,1683,3504,2.18536,0,11.3009,2.92973,0,3400,29917723307
47.6115,21.0034,62,0,100,95,81,1683,3504,2.18536,0,11.3009,2.92973,0,3400,29938728460
39.4157,25.3706,62,0,100,95,81,1683,3504,2.18536,0,11.3009,2.92973,0,3400,29964100691
44.4273,22.5087,62,0,100,95,81,1683,3504,2.18536,0,11.3009,2.92973,0,3400,29986609830
45.1445,22.1511,62,0,100,95,81,1683,3504,2.18536,0,11.3009,2.92973,0,3400,30008763032
48.9531,20.4277,62,0,100,95,81,1683,3504,2.18536,0,11.3009,2.92973,0,3400,30029191399
43.1339,23.1836,62,0,100,95,81,1683,3504,2.18536,0,11.3009,2.92973,0,3400,30052377090
39.4649,25.3389,62,0,100,95,81,1683,3504,2.18536,0,11.3009,2.92973,0,3400,30077716373
49.5337,20.1883,62,0,100,95,81,1683,3504,2.18536,0,11.3009,2.92973,0,3400,30097906422
41.4972,24.098,62,0,100,95,81,1683,3504,2.18536,0,11.3009,2.92973,0,3400,30122005713
45.8233,21.823,62,0,100,95,81,1683,3504,2.18536,0,11.3009,2.92973,0,3400,30143835532
42.5212,23.5177,61.4035,0,100,95,82,1683,3504,2.18536,0,11.3011,2.92973,0,3400,30167348627
40.85,24.4798,61.4035,0,100,95,82,1683,3504,2.18536,0,11.3011,2.92973,0,3400,30191829198
43.1951,23.1508,61.4035,0,100,95,82,1683,3504,2.18536,0,11.3011,2.92973,0,3400,30214982839
41.261,24.2359,61.4035,0,100,95,82,1683,3504,2.18536,0,11.3011,2.92973,0,3400,30239220227
49.5794,20.1697,61.4035,0,100,95,82,1683,3504,2.18536,0,11.3011,2.92973,0,3400,30259391863
41.7027,23.9793,61.4035,0,100,95,82,1683,3504,2.18536,0,11.3011,2.92973,0,3400,30283369793
40.3804,24.7645,61.4035,0,100,95,82,1683,3504,2.18536,0,11.3011,2.92973,0,3400,30308135059
49.3792,20.2514,61.4035,0,100,95,82,1683,3504,2.18536,0,11.3011,2.92973,0,3400,30328388183
40.8189,24.4985,61.4035,0,100,95,82,1683,3504,2.18536,0,11.3011,2.92973,0,3400,30352887522
47.9869,20.839,61.4035,0,100,95,82,1683,3504,2.18536,0,11.3011,2.92973,0,3400,30373727406
43.9871,22.7339,61.4035,0,100,95,82,1683,3504,2.18536,0,11.3011,2.92973,0,3400,30396462782
39.7429,25.1618,61.4035,0,100,95,82,1683,3504,2.18536,0,11.3011,2.92973,0,3400,30421626008
42.4481,23.5582,61.4035,0,100,95,82,1683,3504,2.18536,0,11.3011,2.92973,0,3400,30445184575
49.2967,20.2853,61.4035,0,100,95,82,1683,3504,2.18536,0,11.3011,2.92973,0,3400,30465471909
40.8979,24.4511,61.4035,0,100,95,82,1683,3504,2.18536,0,11.3011,2.92973,0,3400,30489923865
48.1545,20.7665,61.4035,0,100,95,82,1683,3504,2.18536,0,11.3011,2.92973,0,3400,30510691338
40.2686,24.8333,61.4035,0,100,95,82,1683,3504,2.18536,0,11.3011,2.92973,0,3400,30535526906
41.4248,24.1401,61.4035,0,100,95,82,1683,3504,2.18536,0,11.3011,2.92973,0,3400,30559667248
50.8466,19.667,61.4035,0,100,95,82,1683,3504,2.18536,0,11.3011,2.92973,0,3400,30579335418
41.0412,24.3658,61.4035,0,100,95,82,1683,3504,2.18536,0,11.3011,2.92973,0,3400,30603702226
42.2415,23.6734,61.4035,0,100,95,82,1683,3504,2.18536,0,11.3011,2.92973,0,3400,30627376320
47.2768,21.152,61.4035,0,100,95,82,1683,3504,2.18536,0,11.3011,2.92973,0,3400,30648538164
39.0437,25.6123,61.6337,0,100,93,82,1683,3504,2.18536,0,11.3011,2.92973,0,3400,30674145439
42.6707,23.4353,61.6337,0,100,93,82,1683,3504,2.18536,0,11.3011,2.92973,0,3400,30697580990
42.9908,23.2608,61.6337,0,100,93,82,1683,3504,2.18536,0,11.3011,2.92973,0,3400,30720842858
50.7991,19.6854,61.6337,0,100,93,82,1683,3504,2.18536,0,11.3011,2.92973,0,3400,30740530286
44.9251,22.2593,61.6337,0,100,93,82,1683,3504,2.18536,0,11.3011,2.92973,0,3400,30762791021
42.6389,23.4527,61.6337,0,100,93,82,1683,3504,2.18536,0,11.3011,2.92973,0,3400,30786243455
44.8159,22.3135,61.6337,0,100,93,82,1683,3504,2.18536,0,11.3011,2.92973,0,3400,30808558704
41.7475,23.9535,61.6337,0,100,93,82,1683,3504,2.18536,0,11.3011,2.92973,0,3400,30832513686
36.797,27.1761,61.6337,0,100,93,82,1683,3504,2.18536,0,11.3011,2.92973,0,3400,30859691240
52.6687,18.9866,61.6337,0,100,93,82,1683,3504,2.18536,0,11.3011,2.92973,0,3400,30878678679
45.0206,22.212,61.6337,0,100,93,82,1683,3504,2.18536,0,11.3011,2.92973,0,3400,30900904782
39.4923,25.3214,61.6337,0,100,93,82,1683,3504,2.18536,0,11.3011,2.92973,0,3400,30926215568
49.0642,20.3815,61.6337,0,100,93,82,1683,3504,2.18536,0,11.3011,2.92973,0,3400,30946605312
39.5852,25.262,61.6337,0,100,93,82,1683,3504,2.18536,0,11.3011,2.92973,0,3400,30971863614
41.9427,23.8421,61.6337,0,100,93,82,1683,3504,2.18536,0,11.3011,2.92973,0,3400,30995706886
44.055,22.6989,61.6337,0,100,93,82,1683,3504,2.18536,0,11.3011,2.92973,0,3400,31018407368
44.5192,22.4622,61.6337,0,100,93,82,1683,3504,2.18536,0,11.3011,2.92973,0,3400,31040869491
44.1565,22.6467,61.6337,0,100,93,82,1683,3504,2.18536,0,11.3011,2.92973,0,3400,31063518000
49.2108,20.3207,61.6337,0,100,93,82,1683,3504,2.18536,0,11.3011,2.92973,0,3400,31083840019
43.0837,23.2106,61.6337,0,100,93,82,1683,3504,2.18536,0,11.3011,2.92973,0,3400,31107050808
42.739,23.3978,61.6337,0,100,93,82,1683,3504,2.18536,0,11.3011,2.92973,0,3400,31130450065
39.2135,25.5014,61.6337,0,100,93,82,1683,3504,2.18536,0,11.3011,2.92973,0,3400,31155957725
42.3448,23.6157,63.1068,0,100,93,82,1683,3504,2.18536,0,11.3015,2.92973,0,3404,31179568813
48.0763,20.8003,63.1068,0,100,93,82,1683,3504,2.18536,0,11.3015,2.92973,0,3404,31200369979
42.5765,23.4871,63.1068,0,100,93,82,1683,3504,2.18536,0,11.3015,2.92973,0,3404,31223858360
37.9451,26.3539,63.1068,0,100,93,82,1683,3504,2.18536,0,11.3015,2.92973,0,3404,31250214947
50.1947,19.9224,63.1068,0,100,93,82,1683,3504,2.18536,0,11.3015,2.92973,0,3404,31270137159
42.7761,23.3776,63.1068,0,100,93,82,1683,3504,2.18536,0,11.3015,2.92973,0,3404,31293516351
37.5568,26.6263,63.1068,0,100,93,82,1683,3504,2.18536,0,11.3015,2.92973,0,3404,31320145643
44.1853,22.6319,63.1068,0,100,93,82,1683,3504,2.18536,0,11.3015,2.92973,0,3404,31342778136
47.5853,21.0149,63.1068,0,100,93,82,1683,3504,2.18536,0,11.3015,2.92973,0,3404,31363793380
44.686,22.3784,63.1068,0,100,93,82,1683,3504,2.18536,0,11.3015,2.92973,0,3404,31386172945
41.8457,23.8973,63.1068,0,100,93,82,1683,3504,2.18536,0,11.3015,2.92973,0,3404,31410071467
43.3379,23.0745,63.1068,0,100,93,82,1683,3504,2.18536,0,11.3015,2.92973,0,3404,31433146473
45.3374,22.0568,63.1068,0,100,93,82,1683,3504,2.18536,0,11.3015,2.92973,0,3404,31455205104
44.0164,22.7188,63.1068,0,100,93,82,1683,3504,2.18536,0,11.3015,2.92973,0,3404,31477925733
41.9462,23.8401,63.1068,0,100,93,82,1683,3504,2.18536,0,11.3015,2.92973,0,3404,31501765779
40.992,24.395,63.1068,0,100,93,82,1683,3504,2.18536,0,11.3015,2.92973,0,3404,31526162380
44.3469,22.5495,63.1068,0,100,93,82,1683,3504,2.18536,0,11.3015,2.92973,0,3404,31548713274
39.814,25.1168,63.1068,0,100,93,82,1683,3504,2.18536,0,11.3015,2.92973,0,3404,31573831247
50.8514,19.6651,63.1068,0,100,93,82,1683,3504,2.18536,0,11.3015,2.92973,0,3404,31593498046
42.4684,23.5469,63.1068,0,100,93,82,1683,3504,2.18536,0,11.3015,2.92973,0,3404,31617045664
37.0989,26.955,63.1068,0,100,93,82,1683,3504,2.18536,0,11.3015,2.92973,0,3404,31644003405
44.8752,22.284,63.1068,0,100,93,82,1683,3504,2.18536,0,11.3015,2.92973,0,3404,31666292506
54.3393,18.4029,72.2359,0,100,97,82,1683,3504,2.18536,0,11.3137,2.92973,0,3400,31684690830
41.4116,24.1479,72.2359,0,100,97,82,1683,3504,2.18536,0,11.3137,2.92973,0,3400,31708840128
43.8019,22.83,72.2359,0,100,97,82,1683,3504,2.18536,0,11.3137,2.92973,0,3400,31731671677
42.2335,23.6779,72.2359,0,100,97,82,1683,3504,2.18536,0,11.3137,2.92973,0,3400,31755350529
46.0859,21.6986,72.2359,0,100,97,82,1683,3504,2.18536,0,11.3137,2.92973,0,3400,31777049389
45.6627,21.8997,72.2359,0,100,97,82,1683,3504,2.18536,0,11.3137,2.92973,0,3400,31798951062
41.6979,23.982,72.2359,0,100,97,82,1683,3504,2.18536,0,11.3137,2.92973,0,3400,31822934122
40.9754,24.4049,72.2359,0,100,97,82,1683,3504,2.18536,0,11.3137,2.92973,0,3400,31847339998
41.6521,24.0084,72.2359,0,100,97,82,1683,3504,2.18536,0,11.3137,2.92973,0,3400,31871349724
44.9705,22.2368,72.2359,0,100,97,82,1683,3504,2.18536,0,11.3137,2.92973,0,3400,31893588071
43.7197,22.873,72.2359,0,100,97,82,1683,3504,2.18536,0,11.3137,2.92973,0,3400,31916460531
40.9765,24.4042,72.2359,0,100,97,82,1683,3504,2.18536,0,11.3137,2.92973,0,3400,31940866957
42.5225,23.517,72.2359,0,100,97,82,1683,3504,2.18536,0,11.3137,2.92973,0,3400,31964385365
36.3804,27.4873,72.2359,0,100,97,82,1683,3504,2.18536,0,11.3137,2.92973,0,3400,31991874018
52.4248,19.0749,72.2359,0,100,97,82,1683,3504,2.18536,0,11.3137,2.92973,0,3400,32010949683
44.5096,22.467,72.2359,0,100,97,82,1683,3504,2.18536,0,11.3137,2.92973,0,3400,32033417835
43.4437,23.0183,72.2359,0,100,97,82,1683,3504,2.18536,0,11.3137,2.92973,0,3400,32056436953
39.4194,25.3682,72.2359,0,100,97,82,1683,3504,2.18536,0,11.3137,2.92973,0,3400,32081806930
46.6061,21.4564,72.2359,0,100,97,82,1683,3504,2.18536,0,11.3137,2.92973,0,3400,32103264309
41.5675,24.0573,72.2359,0,100,97,82,1683,3504,2.18536,0,11.3137,2.92973,0,3400,32127322710
45.7157,21.8743,72.2359,0,100,97,82,1683,3504,2.18536,0,11.3137,2.92973,0,3400,32149197359
38.4698,25.9944,72.2359,0,100,97,82,1683,3504,2.18536,0,11.3137,2.92973,0,3400,32175197315
53.222,18.7892,58.3127,0,100,97,82,1683,3504,2.18536,0,11.2992,2.92973,0,3405,32193983424
37.8126,26.4462,58.3127,0,100,97,82,1683,3504,2.18536,0,11.2992,2.92973,0,3405,32220431980
44.667,22.3879,58.3127,0,100,97,82,1683,3504,2.18536,0,11.2992,2.92973,0,3405,32242821113
42.3419,23.6173,58.3127,0,100,97,82,1683,3504,2.18536,0,11.2992,2.92973,0,3405,32266438440
43.3701,23.0574,58.3127,0,100,97,82,1683,3504,2.18536,0,11.2992,2.92973,0,3405,32289497235
43.6654,22.9014,58.3127,0,100,97,82,1683,3504,2.18536,0,11.2992,2.92973,0,3405,32312399141
39.6729,25.2061,58.3127,0,100,97,82,1683,3504,2.18536,0,11.2992,2.92973,0,3405,32337607687
44.953,22.2454,58.3127,0,100,97,82,1683,3504,2.18536,0,11.2992,2.92973,0,3405,32359853590
43.3617,23.0618,58.3127,0,100,97,82,1683,3504,2.18536,0,11.2992,2.92973,0,3405,32382917672
41.1152,24.3219,58.3127,0,100,97,82,1683,3504,2.18536,0,11.2992,2.92973,0,3405,32407239343
49.2951,20.286,58.3127,0,100,97,82,1683,3504,2.18536,0,11.2992,2.92973,0,3405,32427527446
38.4274,26.0231,58.3127,0,100,97,82,1683,3504,2.18536,0,11.2992,2.92973,0,3405,32453550663
46.2854,21.6051,58.3127,0,100,97,82,1683,3504,2.18536,0,11.2992,2.92973,0,3405,32475157362
42.8258,23.3504,58.3127,0,100,97,82,1683,3504,2.18536,0,11.2992,2.92973,0,3405,32498508475
42.8861,23.3176,58.3127,0,100,97,82,1683,3504,2.18536,0,11.2992,2.92973,0,3405,32521827750
42.4896,23.5352,58.3127,0,100,97,82,1683,3504,2.18536,0,11.2992,2.92973,0,3405,32545363819
46.2629,21.6156,58.3127,0,100,97,82,1683,3504,2.18536,0,11.2992,2.92973,0,3405,32566980917
44.3635,22.5411,58.3127,0,100,97,82,1683,3504,2.18536,0,11.2992,2.92973,0,3405,32589524350
39.9659,25.0213,58.3127,0,100,97,82,1683,3504,2.18536,0,11.2992,2.92973,0,3405,32614546074
40.8002,24.5097,58.3127,0,100,97,82,1683,3504,2.18536,0,11.2992,2.92973,0,3405,32639057090
45.7403,21.8626,58.3127,0,100,97,82,1683,3504,2.18536,0,11.2992,2.92973,0,3405,32660932642
42.2538,23.6665,58.3127,0,100,97,82,1683,3504,2.18536,0,11.2992,2.92973,0,3405,32684608155
44.3182,22.5641,59.4059,0,100,93,82,1683,3504,2.18536,0,11.2994,2.92973,0,3400,32707166978
40.1529,24.9048,59.4059,0,100,93,82,1683,3504,2.18536,0,11.2994,2.92973,0,3400,32732073277
43.425,23.0282,59.4059,0,100,93,82,1683,3504,2.18536,0,11.2994,2.92973,0,3400,32755102520
38.8109,25.7659,59.4059,0,100,93,82,1683,3504,2.18536,0,11.2994,2.92973,0,3400,32780869971
47.5245,21.0418,59.4059,0,100,93,82,1683,3504,2.18536,0,11.2994,2.92973,0,3400,32801912739
44.9151,22.2642,59.4059,0,100,93,82,1683,3504,2.18536,0,11.2994,2.92973,0,3400,32824178381
38.8332,25.7512,59.4059,0,100,93,82,1683,3504,2.18536,0,11.2994,2.92973,0,3400,32849931195
47.4731,21.0646,59.4059,0,100,93,82,1683,3504,2.18536,0,11.2994,2.92973,0,3400,32870995697
41.9229,23.8533,59.4059,0,100,93,82,1683,3504,2.18536,0,11.2994,2.92973,0,3400,32894850442
42.609,23.4692,59.4059,0,100,93,82,1683,3504,2.18536,0,11.2994,2.92973,0,3400,32918320996
44.3887,22.5282,59.4059,0,100,93,82,1683,3504,2.18536,0,11.2994,2.92973,0,3400,32940850951
41.092,24.3356,59.4059,0,100,93,82,1683,3504,2.18536,0,11.2994,2.92973,0,3400,32965188167
40.0208,24.987,59.4059,0,100,93,82,1683,3504,2.18536,0,11.2994,2.92973,0,3400,32990176030
42.0852,23.7613,59.4059,0,100,93,82,1683,3504,2.18536,0,11.2994,2.92973,0,3400,33013938819
40.2262,24.8594,59.4059,0,100,93,82,1683,3504,2.18536,0,11.2994,2.92973,0,3400,33038799541
43.5622,22.9557,59.4059,0,100,93,82,1683,3504,2.18536,0,11.2994,2.92973,0,3400,33061755945
46.3605,21.5701,59.4059,0,100,93,82,1683,3504,2.18536,0,11.2994,2.92973,0,3400,33083329030
42.2224,23.6841,59.4059,0,100,93,82,1683,3504,2.18536,0,11.2994,2.92973,0,3400,33107013627
47.3797,21.1061,59.4059,0,100,93,82,1683,3504,2.18536,0,11.2994,2.92973,0,3400,33128121647
30.1612,33.1552,59.4059,0,100,93,82,1683,3504,2.18536,0,11.2994,2.92973,0,3400,33161277061
34.2318,29.2126,59.4059,0,100,93,82,1683,3504,2.18536,0,11.2994,2.92973,0,3400,33190497799
32.8127,30.476,67.2457,0,100,93,82,1683,3504,2.18536,0,11.2999,2.92973,0,1726,33220968768
55.0859,18.1535,67.2457,0,100,93,82,1683,3504,2.18536,0,11.2999,2.92973,0,1726,33239145005
30.3558,32.9426,67.2457,0,100,93,82,1683,3504,2.18536,0,11.2999,2.92973,0,1726,33272088564
25.5215,39.1827,67.2457,0,100,93,82,1683,3504,2.18536,0,11.2999,2.92973,0,1726,33311294452
38.012,26.3075,67.2457,0,100,93,82,1683,3504,2.18536,0,11.2999,2.92973,0,1726,33337581735
25.3509,39.4464,67.2457,0,100,93,82,1683,3504,2.18536,0,11.2999,2.92973,0,1726,33377049920
27.503,36.3597,67.2457,0,100,93,82,1683,3504,2.18536,0,11.2999,2.92973,0,1726,33413410897
46.7674,21.3824,67.2457,0,100,93,82,1683,3504,2.18536,0,11.2999,2.92973,0,1726,33434795384
27.0919,36.9115,67.2457,0,100,93,82,1683,3504,2.18536,0,11.2999,2.92973,0,1726,33471707993
36.8468,27.1394,67.2457,0,100,93,82,1683,3504,2.18536,0,11.2999,2.92973,0,1726,33498849876
25.7427,38.846,67.2457,0,100,93,82,1683,3504,2.18536,0,11.2999,2.92973,0,1726,33537695832
28.6581,34.8941,67.2457,0,100,93,82,1683,3504,2.18536,0,11.2999,2.92973,0,1726,33572590915
26.4817,37.762,67.2457,0,100,93,82,1683,3504,2.18536,0,11.2999,2.92973,0,1726,33610355045
28.3519,35.271,67.2457,0,100,93,82,1683,3504,2.18536,0,11.2999,2.92973,0,1726,33645649994
34.2576,29.1906,67.2457,0,100,93,82,1683,3504,2.18536,0,11.2999,2.92973,0,1726,33674820217
45.7819,21.8427,67.2457,0,100,93,82,1683,3504,2.18536,0,11.2999,2.92973,0,1726,33696692606
26.9825,37.0611,92.4242,0,100,88,82,1683,3504,2.18536,0,11.2922,2.92973,0,1739,33733748686
29.4686,33.9344,92.4242,0,100,88,82,1683,3504,2.18536,0,11.2922,2.92973,0,1739,33767662576
32.41,30.8547,92.4242,0,100,88,82,1683,3504,2.18536,0,11.2922,2.92973,0,1739,33798517823
40.9731,24.4063,92.4242,0,100,88,82,1683,3504,2.18536,0,11.2922,2.92973,0,1739,33822945158
25.2834,39.5516,92.4242,0,100,88,82,1683,3504,2.18536,0,11.2922,2.92973,0,1739,33862499582
27.539,36.3121,92.4242,0,100,88,82,1683,3504,2.18536,0,11.2922,2.92973,0,1739,33898872292
31.8869,31.3609,92.4242,0,100,88,82,1683,3504,2.18536,0,11.2922,2.92973,0,1739,33930174372
48.4113,20.6563,92.4242,0,100,88,82,1683,3504,2.18536,0,11.2922,2.92973,0,1739,33950831501
30.6209,32.6575,92.4242,0,100,88,82,1683,3504,2.18536,0,11.2922,2.92973,0,1739,33983511211
35.1888,28.4182,92.4242,0,100,88,82,1683,3504,2.18536,0,11.2922,2.92973,0,1739,34011942659
22.6766,44.0983,92.4242,0,100,88,82,1683,3504,2.18536,0,11.2922,2.92973,0,1739,34056030885
49.1661,20.3392,92.4242,0,100,88,82,1683,3504,2.18536,0,11.2922,2.92973,0,1739,34076392470
32.9858,30.3161,92.4242,0,100,88,82,1683,3504,2.18536,0,11.2922,2.92973,0,1739,34106688573
24.9811,40.0302,92.4242,0,100,88,82,1683,3504,2.18536,0,11.2922,2.92973,0,1739,34146741668
34.8874,28.6636,92.4242,0,100,88,82,1683,3504,2.18536,0,11.2922,2.92973,0,1739,34175385555
51.6892,19.3464,92.4242,0,100,88,82,1683,3504,2.18536,0,11.2922,2.92973,0,1739,34194732053
22.2332,44.9778,92.4242,0,100,88,82,1683,3504,2.18536,0,11.2922,2.92973,0,1739,34239717787
45.5989,21.9304,87.471,0,84,88,79,1505,3504,2.19786,0,11.2921,2.92973,0,1721,34261643522
31.9879,31.2618,87.471,0,84,88,79,1505,3504,2.19786,0,11.2921,2.92973,0,1721,34292920763
25.4837,39.2408,87.471,0,84,88,79,1505,3504,2.19786,0,11.2921,2.92973,0,1721,34332170254
53.5509,18.6738,87.471,0,84,88,79,1505,3504,2.19786,0,11.2921,2.92973,0,1721,34350823935
31.3947,31.8525,87.471,0,84,88,79,1505,3504,2.19786,0,11.2921,2.92973,0,1721,34382677017
32.696,30.5848,87.471,0,84,88,79,1505,3504,2.19786,0,11.2921,2.92973,0,1721,34413262754
27.0825,36.9242,87.471,0,84,88,79,1505,3504,2.19786,0,11.2921,2.92973,0,1721,34450188854
37.2163,26.87,87.471,0,84,88,79,1505,3504,2.19786,0,11.2921,2.92973,0,1721,34477059905
27.235,36.7174,87.471,0,84,88,79,1505,3504,2.19786,0,11.2921,2.92973,0,1721,34513799758
30.6461,32.6306,87.471,0,84,88,79,1505,3504,2.19786,0,11.2921,2.92973,0,1721,34546410144
34.5476,28.9456,87.471,0,84,88,79,1505,3504,2.19786,0,11.2921,2.92973,0,1721,34575356899
23.229,43.0496,87.471,0,84,88,79,1505,3504,2.19786,0,11.2921,2.92973,0,1721,34618429493
71.892,13.9098,87.471,0,84,88,79,1505,3504,2.19786,0,11.2921,2.92973,0,1721,34632318976
32.4359,30.83,87.471,0,84,88,79,1505,3504,2.19786,0,11.2921,2.92973,0,1721,34663150851
30.1988,33.1138,87.471,0,84,88,79,1505,3504,2.19786,0,11.2921,2.92973,0,1721,34696266069
29.1056,34.3577,87.471,0,84,88,79,1505,3504,2.19786,0,11.2921,2.92973,0,1721,34730625678
30.613,32.6659,87.471,0,84,88,79,1505,3504,2.19786,0,11.2921,2.92973,0,1721,34763317140
29.7204,33.6469,85.5072,0,84,88,79,1505,3504,2.19786,0,11.2933,2.92973,0,1760,34796939726
30.159,33.1576,85.5072,0,84,88,79,1505,3504,2.19786,0,11.2933,2.92973,0,1760,34830098156
26.2519,38.0925,85.5072,0,84,88,79,1505,3504,2.19786,0,11.2933,2.92973,0,1760,34868192107
25.35,39.4477,85.5072,0,84,88,79,1505,3504,2.19786,0,11.2933,2.92973,0,1760,34907640682
40.5614,24.654,85.5072,0,84,88,79,1505,3504,2.19786,0,11.2933,2.92973,0,1760,34932297589
20.865,47.9271,85.5072,0,84,88,79,1505,3504,2.19786,0,11.2933,2.92973,0,1760,34980247095
40.2764,24.8284,85.5072,0,84,88,79,1505,3504,2.19786,0,11.2933,2.92973,0,1760,35005056882
31.8675,31.38,85.5072,0,84,88,79,1505,3504,2.19786,0,11.2933,2.92973,0,1760,35036448879
52.7192,18.9684,85.5072,0,84,88,79,1505,3504,2.19786,0,11.2933,2.92973,0,1760,35055417963
19.8061,50.4895,85.5072,0,84,88,79,1505,3504,2.19786,0,11.2933,2.92973,0,1760,35105908969
40.0404,24.9748,85.5072,0,84,88,79,1505,3504,2.19786,0,11.2933,2.92973,0,1760,35130886007
26.9719,37.0756,85.5072,0,84,88,79,1505,3504,2.19786,0,11.2933,2.92973,0,1760,35167962321
25.4317,39.321,85.5072,0,84,88,79,1505,3504,2.19786,0,11.2933,2.92973,0,1760,35207305939
20.3557,49.1264,85.5072,0,84,88,79,1505,3504,2.19786,0,11.2933,2.92973,0,1760,35256433414
36.0185,27.7635,85.5072,0,84,88,79,1505,3504,2.19786,0,11.2933,2.92973,0,1760,35284203673
27.8705,35.8802,87.0416,0,88,88,77,1429,3504,2.20099,0,11.2966,2.92973,0,1731,35320080685
21.4814,46.552,87.0416,0,88,88,77,1429,3504,2.20099,0,11.2966,2.92973,0,1731,35366633656
33.514,29.8383,87.0416,0,88,88,77,1429,3504,2.20099,0,11.2966,2.92973,0,1731,35396473341
24.2647,41.2122,87.0416,0,88,88,77,1429,3504,2.20099,0,11.2966,2.92973,0,1731,35437708707
18.538,53.9433,87.0416,0,88,88,77,1429,3504,2.20099,0,11.2966,2.92973,0,1731,35491651479
41.1203,24.3189,87.0416,0,88,88,77,1429,3504,2.20099,0,11.2966,2.92973,0,1731,35515971206
28.1714,35.4971,87.0416,0,88,88,77,1429,3504,2.20099,0,11.2966,2.92973,0,1731,35551469545
27.3387,36.5782,87.0416,0,88,88,77,1429,3504,2.20099,0,11.2966,2.92973,0,1731,35588048071
22.304,44.835,87.0416,0,88,88,77,1429,3504,2.20099,0,11.2966,2.92973,0,1731,35632885119
28.2921,35.3456,87.0416,0,88,88,77,1429,3504,2.20099,0,11.2966,2.92973,0,1731,35668231585
62.0777,16.1088,87.0416,0,88,88,77,1429,3504,2.20099,0,11.2966,2.92973,0,1731,35684341714
25.6563,38.9768,87.0416,0,88,88,77,1429,3504,2.20099,0,11.2966,2.92973,0,1731,35723340895
20.4385,48.9273,87.0416,0,88,88,77,1429,3504,2.20099,0,11.2966,2.92973,0,1731,35772269247
45.2395,22.1046,87.0416,0,88,88,77,1429,3504,2.20099,0,11.2966,2.92973,0,1731,35794401309
22.8057,43.8487,92.665,0,88,87,77,1429,3504,2.20099,0,11.3189,2.92973,0,1729,35838247192
36.2402,27.5936,92.665,0,88,87,77,1429,3504,2.20099,0,11.3189,2.92973,0,1729,35865820989
22.8699,43.7256,92.665,0,88,87,77,1429,3504,2.20099,0,11.3189,2.92973,0,1729,35909547839
26.5973,37.5978,92.665,0,88,87,77,1429,3504,2.20099,0,11.3189,2.92973,0,1729,35947146678
21.604,46.2878,92.665,0,88,87,77,1429,3504,2.20099,0,11.3189,2.92973,0,1729,35993435588
38.6171,25.8953,92.665,0,88,87,77,1429,3504,2.20099,0,11.3189,2.92973,0,1729,36019331874
23.0624,43.3607,92.665,0,88,87,77,1429,3504,2.20099,0,11.3189,2.92973,0,1729,36062694128
25.3867,39.3908,92.665,0,88,87,77,1429,3504,2.20099,0,11.3189,2.92973,0,1729,36102085980
25.2236,39.6454,92.665,0,88,87,77,1429,3504,2.20099,0,11.3189,2.92973,0,1729,36141755206
34.9937,28.5766,92.665,0,88,87,77,1429,3504,2.20099,0,11.3189,2.92973,0,1729,36170310480
17.6596,56.6266,92.665,0,88,87,77,1429,3504,2.20099,0,11.3189,2.92973,0,1729,36226937803
40.2749,24.8294,92.665,0,88,87,77,1429,3504,2.20099,0,11.3189,2.92973,0,1729,36251790086
38.321,26.0953,92.665,0,88,87,77,1429,3504,2.20099,0,11.3189,2.92973,0,1729,36277865055
26.9254,37.1397,92.665,0,88,87,77,1429,3504,2.20099,0,11.3189,2.92973,0,1729,36315010864
20.9961,47.6279,92.9952,0,76,87,77,1499,3504,2.20099,0,11.3261,2.92973,0,1752,36362654872
37.3161,26.7981,92.9952,0,76,87,77,1499,3504,2.20099,0,11.3261,2.92973,0,1752,36389455605
28.816,34.703,92.9952,0,76,87,77,1499,3504,2.20099,0,11.3261,2.92973,0,1752,36424158553
23.8723,41.8896,92.9952,0,76,87,77,1499,3504,2.20099,0,11.3261,2.92973,0,1752,36466056474
27.8026,35.9678,92.9952,0,76,87,77,1499,3504,2.20099,0,11.3261,2.92973,0,1752,36501997322
18.5805,53.8198,92.9952,0,76,87,77,1499,3504,2.20099,0,11.3261,2.92973,0,1752,36555819179
42.7859,23.3722,92.9952,0,76,87,77,1499,3504,2.20099,0,11.3261,2.92973,0,1752,36579191621
20.9741,47.6778,92.9952,0,76,87,77,1499,3504,2.20099,0,11.3261,2.92973,0,1752,36626870898
28.7756,34.7516,92.9952,0,76,87,77,1499,3504,2.20099,0,11.3261,2.92973,0,1752,36661623564
37.0254,27.0085,92.9952,0,76,87,77,1499,3504,2.20099,0,11.3261,2.92973,0,1752,36688634860
20.1196,49.7027,92.9952,0,76,87,77,1499,3504,2.20099,0,11.3261,2.92973,0,1752,36738337923
35.4432,28.2141,92.9952,0,76,87,77,1499,3504,2.20099,0,11.3261,2.92973,0,1752,36766573604
23.0337,43.4147,92.9952,0,76,87,77,1499,3504,2.20099,0,11.3261,2.92973,0,1752,36810010359
25.426,39.3299,92.9952,0,76,87,77,1499,3504,2.20099,0,11.3261,2.92973,0,1752,36849327038
35.4223,28.2308,94.5882,0,76,87,77,1499,3504,2.20099,0,11.3193,2.92973,0,1725,36877553329
22.9616,43.551,94.5882,0,76,87,77,1499,3504,2.20099,0,11.3193,2.92973,0,1725,36921104525
19.9493,50.1271,94.5882,0,76,87,77,1499,3504,2.20099,0,11.3193,2.92973,0,1725,36971232517
33.643,29.7239,94.5882,0,76,87,77,1499,3504,2.20099,0,11.3193,2.92973,0,1725,37000957622
25.7492,38.8362,94.5882,0,76,87,77,1499,3504,2.20099,0,11.3193,2.92973,0,1725,37039794581
27.3136,36.6118,94.5882,0,76,87,77,1499,3504,2.20099,0,11.3193,2.92973,0,1725,37076427957
26.9892,37.0518,94.5882,0,76,87,77,1499,3504,2.20099,0,11.3193,2.92973,0,1725,37113503314
26.4996,37.7364,94.5882,0,76,87,77,1499,3504,2.20099,0,11.3193,2.92973,0,1725,37151218350
24.8871,40.1815,94.5882,0,76,87,77,1499,3504,2.20099,0,11.3193,2.92973,0,1725,37191401843
19.9958,50.0104,94.5882,0,76,87,77,1499,3504,2.20099,0,11.3193,2.92973,0,1725,37241413150
35.3496,28.2889,94.5882,0,76,87,77,1499,3504,2.20099,0,11.3193,2.92973,0,1725,37269702712
47.5303,21.0392,94.5882,0,76,87,77,1499,3504,2.20099,0,11.3193,2.92973,0,1725,37290743330
23.0196,43.4413,94.5882,0,76,87,77,1499,3504,2.20099,0,11.3193,2.92973,0,1725,37334206679
38.5188,25.9614,94.5882,0,76,87,77,1499,3504,2.20099,0,11.3193,2.92973,0,1725,37360153779
20.1397,49.6533,91.358,0,75,87,77,1487,3504,2.20114,0,11.3121,2.92973,0,1734,37409801832
29.2888,34.1428,91.358,0,75,87,77,1487,3504,2.20114,0,11.3121,2.92973,0,1734,37443969296
30.6887,32.5853,91.358,0,75,87,77,1487,3504,2.20114,0,11.3121,2.92973,0,1734,37476533515
35.1213,28.4727,91.358,0,75,87,77,1487,3504,2.20114,0,11.3121,2.92973,0,1734,37505007591
22.4964,44.4516,91.358,0,75,87,77,1487,3504,2.20114,0,11.3121,2.92973,0,1734,37549459946
25.8507,38.6837,91.358,0,75,87,77,1487,3504,2.20114,0,11.3121,2.92973,0,1734,37588167615
41.9945,23.8127,91.358,0,75,87,77,1487,3504,2.20114,0,11.3121,2.92973,0,1734,37612006794
39.2891,25.4523,91.358,0,75,87,77,1487,3504,2.20114,0,11.3121,2.92973,0,1734,37637479972
24.2738,41.1966,91.358,0,75,87,77,1487,3504,2.20114,0,11.3121,2.92973,0,1734,37678657995
22.0364,45.3794,91.358,0,75,87,77,1487,3504,2.20114,0,11.3121,2.92973,0,1734,37724038323
21.2952,46.959,91.358,0,75,87,77,1487,3504,2.20114,0,11.3121,2.92973,0,1734,37771002709
23.1325,43.2291,91.358,0,75,87,77,1487,3504,2.20114,0,11.3121,2.92973,0,1734,37814231697
28.3175,35.3139,91.358,0,75,87,77,1487,3504,2.20114,0,11.3121,2.92973,0,1734,37849546806
24.0467,41.5857,91.358,0,75,87,77,1487,3504,2.20114,0,11.3121,2.92973,0,1734,37891160839
27.8446,35.9136,94.8235,0,75,88,77,1496,3504,2.20117,0,11.3123,2.92973,0,1725,37927048010
17.5317,57.0395,94.8235,0,75,88,77,1496,3504,2.20117,0,11.3123,2.92973,0,1725,37984089322
33.6013,29.7608,94.8235,0,75,88,77,1496,3504,2.20117,0,11.3123,2.92973,0,1725,38013851460
42.8301,23.348,94.8235,0,75,88,77,1496,3504,2.20117,0,11.3123,2.92973,0,1725,38037201464
23.0404,43.4021,94.8235,0,75,88,77,1496,3504,2.20117,0,11.3123,2.92973,0,1725,38080603220
24.6716,40.5324,94.8235,0,75,88,77,1496,3504,2.20117,0,11.3123,2.92973,0,1725,38121138037
26.8588,37.2317,94.8235,0,75,88,77,1496,3504,2.20117,0,11.3123,2.92973,0,1725,38158371047
39.236,25.4868,94.8235,0,75,88,77,1496,3504,2.20117,0,11.3123,2.92973,0,1725,38183857808
19.5864,51.0559,94.8235,0,75,88,77,1496,3504,2.20117,0,11.3123,2.92973,0,1725,38234936928
36.8558,27.1328,94.8235,0,75,88,77,1496,3504,2.20117,0,11.3123,2.92973,0,1725,38262092805
32.6159,30.6599,94.8235,0,75,88,77,1496,3504,2.20117,0,11.3123,2.92973,0,1725,38292774351
34.7123,28.8082,94.8235,0,75,88,77,1496,3504,2.20117,0,11.3123,2.92973,0,1725,38321583035
26.9429,37.1156,94.8235,0,75,88,77,1496,3504,2.20117,0,11.3123,2.92973,0,1725,38358700556
33.1418,30.1733,94.8235,0,75,88,77,1496,3504,2.20117,0,11.3123,2.92973,0,1725,38388875190
61.424,16.2803,94.8235,0,75,88,77,1496,3504,2.20117,0,11.3123,2.92973,0,1725,38405183917
23.7674,42.0745,92.4205,0,75,88,77,1496,3504,2.20117,0,11.2978,2.92973,0,1759,38447275065
29.5492,33.8418,92.4205,0,75,88,77,1496,3504,2.20117,0,11.2978,2.92973,0,1759,38481095210
34.2769,29.1742,92.4205,0,75,88,77,1496,3504,2.20117,0,11.2978,2.92973,0,1759,38510271943
42.0119,23.8028,92.4205,0,75,88,77,1496,3504,2.20117,0,11.2978,2.92973,0,1759,38534074550
26.6196,37.5663,92.4205,0,75,88,77,1496,3504,2.20117,0,11.2978,2.92973,0,1759,38571641846
35.2561,28.3639,92.4205,0,75,88,77,1496,3504,2.20117,0,11.2978,2.92973,0,1759,38600008153
34.6058,28.8969,92.4205,0,75,88,77,1496,3504,2.20117,0,11.2978,2.92973,0,1759,38628905959
32.2314,31.0256,92.4205,0,75,88,77,1496,3504,2.20117,0,11.2978,2.92973,0,1759,38659931145
28.2963,35.3404,92.4205,0,75,88,77,1496,3504,2.20117,0,11.2978,2.92973,0,1759,38695294301
35.963,27.8064,92.4205,0,75,88,77,1496,3504,2.20117,0,11.2978,2.92973,0,1759,38723080471
27.5203,36.3368,92.4205,0,75,88,77,1496,3504,2.20117,0,11.2978,2.92973,0,1759,38759417858
39.1741,25.5271,92.4205,0,75,88,77,1496,3504,2.20117,0,11.2978,2.92973,0,1759,38784966925
31.064,32.1916,92.4205,0,75,88,77,1496,3504,2.20117,0,11.2978,2.92973,0,1759,38817160202
40.0797,24.9503,92.4205,0,75,88,77,1496,3504,2.20117,0,11.2978,2.92973,0,1759,38842112175
48.6865,20.5396,92.4205,0,75,88,77,1496,3504,2.20117,0,11.2978,2.92973,0,1759,38862652683
23.7308,42.1394,92.4205,0,75,88,77,1496,3504,2.20117,0,11.2978,2.92973,0,1759,38904793476
55.6846,17.9583,92.4205,0,75,88,77,1496,3504,2.20117,0,11.2978,2.92973,0,1759,38922779584
28.7831,34.7426,92.029,0,77,87,76,1465,3504,2.20117,0,11.2923,2.92973,0,1766,38957497012
24.5745,40.6926,92.029,0,77,87,76,1465,3504,2.20117,0,11.2923,2.92973,0,1766,38998191316
46.3,21.5983,92.029,0,77,87,76,1465,3504,2.20117,0,11.2923,2.92973,0,1766,39019790701
36.4208,27.4569,92.029,0,77,87,76,1465,3504,2.20117,0,11.2923,2.92973,0,1766,39047247910
24.6036,40.6444,92.029,0,77,87,76,1465,3504,2.20117,0,11.2923,2.92973,0,1766,39087893930
26.6904,37.4667,92.029,0,77,87,76,1465,3504,2.20117,0,11.2923,2.92973,0,1766,39125361845
56.9671,17.554,92.029,0,77,87,76,1465,3504,2.20117,0,11.2923,2.92973,0,1766,39142937424
35.4018,28.2471,92.029,0,77,87,76,1465,3504,2.20117,0,11.2923,2.92973,0,1766,39171163500
24.5669,40.7052,92.029,0,77,87,76,1465,3504,2.20117,0,11.2923,2.92973,0,1766,39211871583
50.9274,19.6358,92.029,0,77,87,76,1465,3504,2.20117,0,11.2923,2.92973,0,1766,39231507381
11.3925,87.7771,92.029,0,77,87,76,1465,3504,2.20117,0,11.2923,2.92973,0,1766,39319286222
12.4652,80.2232,92.029,0,77,87,76,1465,3504,2.20117,0,11.2923,2.92973,0,1766,39399509725
21.272,47.0101,92.029,0,77,87,76,1465,3504,2.20117,0,11.2923,2.92973,0,1766,39446525020
11.3428,88.1617,76.0976,0,77,87,76,1465,3504,2.20117,0,11.2854,2.92973,0,1860,39534705609
60.7803,16.4527,76.0976,0,77,87,76,1465,3504,2.20117,0,11.2854,2.92973,0,1860,39551137713
22.0353,45.3818,76.0976,0,77,87,76,1465,3504,2.20117,0,11.2854,2.92973,0,1860,39596520627
28.8783,34.6281,76.0976,0,77,87,76,1465,3504,2.20117,0,11.2854,2.92973,0,1860,39631149905
32.7533,30.5313,76.0976,0,77,87,76,1465,3504,2.20117,0,11.2854,2.92973,0,1860,39661681752
42.2171,23.6871,76.0976,0,77,87,76,1465,3504,2.20117,0,11.2854,2.92973,0,1860,39685382317
24.3228,41.1137,76.0976,0,77,87,76,1465,3504,2.20117,0,11.2854,2.92973,0,1860,39726484730
34.0834,29.3398,76.0976,0,77,87,76,1465,3504,2.20117,0,11.2854,2.92973,0,1860,39755826066
13.7827,72.5545,76.0976,0,77,87,76,1465,3504,2.20117,0,11.2854,2.92973,0,1860,39828382230
21.2289,47.1056,76.0976,0,77,87,76,1465,3504,2.20117,0,11.2854,2.92973,0,1860,39875489216
14.6126,68.4341,76.0976,0,77,87,76,1465,3504,2.20117,0,11.2854,2.92973,0,1860,39943924072
53.5229,18.6836,76.0976,0,77,87,76,1465,3504,2.20117,0,11.2854,2.92973,0,1860,39962612715
25.2507,39.6029,86.8293,0,76,87,76,1504,3504,2.20117,0,11.3004,2.92973,0,1827,40002213562
44.996,22.2242,86.8293,0,76,87,76,1504,3504,2.20117,0,11.3004,2.92973,0,1827,40024459095
18.6659,53.5737,86.8293,0,76,87,76,1504,3504,2.20117,0,11.3004,2.92973,0,1827,40078012550
66.5355,15.0296,86.8293,0,76,87,76,1504,3504,2.20117,0,11.3004,2.92973,0,1827,40093042827
35.1221,28.4721,86.8293,0,76,87,76,1504,3504,2.20117,0,11.3004,2.92973,0,1827,40121516280
36.9576,27.0581,86.8293,0,76,87,76,1504,3504,2.20117,0,11.3004,2.92973,0,1827,40148576073
19.1144,52.3165,86.8293,0,76,87,76,1504,3504,2.20117,0,11.3004,2.92973,0,1827,40200893614
46.2617,21.6161,86.8293,0,76,87,76,1504,3504,2.20117,0,11.3004,2.92973,0,1827,40222511775
32.649,30.6288,86.8293,0,76,87,76,1504,3504,2.20117,0,11.3004,2.92973,0,1827,40253140593
47.485,21.0593,86.8293,0,76,87,76,1504,3504,2.20117,0,11.3004,2.92973,0,1827,40274201268
32.2841,30.975,86.8293,0,76,87,76,1504,3504,2.20117,0,11.3004,2.92973,0,1827,40305177443
37.7258,26.507,86.8293,0,76,87,76,1504,3504,2.20117,0,11.3004,2.92973,0,1827,40331685235
44.9334,22.2551,86.8293,0,76,87,76,1504,3504,2.20117,0,11.3004,2.92973,0,1827,40353941328
79.4099,12.5929,86.8293,0,76,87,76,1504,3504,2.20117,0,11.3004,2.92973,0,1827,40366535668
41.832,23.9051,86.8293,0,76,87,76,1504,3504,2.20117,0,11.3004,2.92973,0,1827,40390441683
46.4333,21.5363,86.8293,0,76,87,76,1504,3504,2.20117,0,11.3004,2.92973,0,1827,40412014498
39.6247,25.2368,86.8293,0,76,87,76,1504,3504,2.20117,0,11.3004,2.92973,0,1827,40437216326
50.2288,19.9089,86.8293,0,76,87,76,1504,3504,2.20117,0,11.3004,2.92973,0,1827,40457126923
47.3636,21.1132,86.8293,0,76,87,76,1504,3504,2.20117,0,11.3004,2.92973,0,1827,40478268289
44.4431,22.5007,86,0,76,87,76,1504,3504,2.20117,0,11.3012,2.92973,0,1767,40500742652
44.7159,22.3634,86,0,76,87,76,1504,3504,2.20117,0,11.3012,2.92973,0,1767,40523128817
44.1408,22.6548,86,0,76,87,76,1504,3504,2.20117,0,11.3012,2.92973,0,1767,40545784257
44.0041,22.7252,86,0,76,87,76,1504,3504,2.20117,0,11.3012,2.92973,0,1767,40568531400
48.1308,20.7767,86,0,76,87,76,1504,3504,2.20117,0,11.3012,2.92973,0,1767,40589287899
38.9995,25.6414,86,0,76,87,76,1504,3504,2.20117,0,11.3012,2.92973,0,1767,40614930207
48.4547,20.6378,86,0,76,87,76,1504,3504,2.20117,0,11.3012,2.92973,0,1767,40635590281
38.9777,25.6557,86,0,76,87,76,1504,3504,2.20117,0,11.3012,2.92973,0,1767,40661226134
44.1591,22.6454,86,0,76,87,76,1504,3504,2.20117,0,11.3012,2.92973,0,1767,40683894109
45.5141,21.9712,86,0,76,87,76,1504,3504,2.20117,0,11.3012,2.92973,0,1767,40705846889
43.4739,23.0023,86,0,76,87,76,1504,3504,2.20117,0,11.3012,2.92973,0,1767,40728848977
42.722,23.4072,86,0,76,87,76,1504,3504,2.20117,0,11.3012,2.92973,0,1767,40752257181
45.4571,21.9987,86,0,76,87,76,1504,3504,2.20117,0,11.3012,2.92973,0,1767,40774256056
40.6861,24.5784,86,0,76,87,76,1504,3504,2.20117,0,11.3012,2.92973,0,1767,40798856801
46.4182,21.5433,86,0,76,87,76,1504,3504,2.20117,0,11.3012,2.92973,0,1767,40820379622
42.8642,23.3295,86,0,76,87,76,1504,3504,2.20117,0,11.3012,2.92973,0,1767,40843710364
44.155,22.6475,86,0,76,87,76,1504,3504,2.20117,0,11.3012,2.92973,0,1767,40866380162
44.6133,22.4149,86,0,76,87,76,1504,3504,2.20117,0,11.3012,2.92973,0,1767,40888774476
43.4007,23.0411,86,0,76,87,76,1504,3504,2.20117,0,11.3012,2.92973,0,1767,40911838806
40.8296,24.4921,86,0,76,87,76,1504,3504,2.20117,0,11.3012,2.92973,0,1767,40936310553
44.8562,22.2934,86,0,76,87,76,1504,3504,2.20117,0,11.3012,2.92973,0,1767,40958626095
41.1401,24.3072,86,0,76,87,76,1504,3504,2.20117,0,11.3012,2.92973,0,1767,40982940396
47.0699,21.245,72.7047,0,73,85,76,1451,3504,2.21123,0,11.3022,2.92973,0,1743,41004180033
41.9524,23.8366,72.7047,0,73,85,76,1451,3504,2.21123,0,11.3022,2.92973,0,1743,41027996824
47.4167,21.0896,72.7047,0,73,85,76,1451,3504,2.21123,0,11.3022,2.92973,0,1743,41049086857
41.3737,24.1699,72.7047,0,73,85,76,1451,3504,2.21123,0,11.3022,2.92973,0,1743,41073258367
40.3229,24.7998,72.7047,0,73,85,76,1451,3504,2.21123,0,11.3022,2.92973,0,1743,41098058706
45.2086,22.1197,72.7047,0,73,85,76,1451,3504,2.21123,0,11.3022,2.92973,0,1743,41120178958
44.6947,22.374,72.7047,0,73,85,76,1451,3504,2.21123,0,11.3022,2.92973,0,1743,41142553281
43.3217,23.0831,72.7047,0,73,85,76,1451,3504,2.21123,0,11.3022,2.92973,0,1743,41165638079
39.2749,25.4616,72.7047,0,73,85,76,1451,3504,2.21123,0,11.3022,2.92973,0,1743,41191100547
45.3648,22.0435,72.7047,0,73,85,76,1451,3504,2.21123,0,11.3022,2.92973,0,1743,41213146268
44.9279,22.2579,72.7047,0,73,85,76,1451,3504,2.21123,0,11.3022,2.92973,0,1743,41235404669
42.8921,23.3143,72.7047,0,73,85,76,1451,3504,2.21123,0,11.3022,2.92973,0,1743,41258721212
44.9139,22.2648,72.7047,0,73,85,76,1451,3504,2.21123,0,11.3022,2.92973,0,1743,41280985679
44.3903,22.5275,72.7047,0,73,85,76,1451,3504,2.21123,0,11.3022,2.92973,0,1743,41303514524
41.0618,24.3535,72.7047,0,73,85,76,1451,3504,2.21123,0,11.3022,2.92973,0,1743,41327868694
42.3515,23.6119,72.7047,0,73,85,76,1451,3504,2.21123,0,11.3022,2.92973,0,1743,41351481847
42.0729,23.7683,72.7047,0,73,85,76,1451,3504,2.21123,0,11.3022,2.92973,0,1743,41375251055
43.1491,23.1755,72.7047,0,73,85,76,1451,3504,2.21123,0,11.3022,2.92973,0,1743,41398426672
36.3184,27.5342,72.7047,0,73,85,76,1451,3504,2.21123,0,11.3022,2.92973,0,1743,41425961495
51.8576,19.2836,72.7047,0,73,85,76,1451,3504,2.21123,0,11.3022,2.92973,0,1743,41445246425
43.5274,22.974,72.7047,0,73,85,76,1451,3504,2.21123,0,11.3022,2.92973,0,1743,41468221358
44.1326,22.659,72.7047,0,73,85,76,1451,3504,2.21123,0,11.3022,2.92973,0,1743,41490886826
41.6695,23.9984,74.2647,0,99,85,76,1405,3504,2.21537,0,11.3096,2.92973,0,1736,41514880350
40.3578,24.7783,74.2647,0,99,85,76,1405,3504,2.21537,0,11.3096,2.92973,0,1736,41539660620
48.5687,20.5894,74.2647,0,99,85,76,1405,3504,2.21537,0,11.3096,2.92973,0,1736,41560250794
43.3686,23.0581,74.2647,0,99,85,76,1405,3504,2.21537,0,11.3096,2.92973,0,1736,41583310287
40.8628,24.4721,74.2647,0,99,85,76,1405,3504,2.21537,0,11.3096,2.92973,0,1736,41607784004
43.7689,22.8473,74.2647,0,99,85,76,1405,3504,2.21537,0,11.3096,2.92973,0,1736,41630631082
42.4807,23.5401,74.2647,0,99,85,76,1405,3504,2.21537,0,11.3096,2.92973,0,1736,41654172428
41.5149,24.0877,74.2647,0,99,85,76,1405,3504,2.21537,0,11.3096,2.92973,0,1736,41678260655
44.918,22.2628,74.2647,0,99,85,76,1405,3504,2.21537,0,11.3096,2.92973,0,1736,41700524551
37.2432,26.8505,74.2647,0,99,85,76,1405,3504,2.21537,0,11.3096,2.92973,0,1736,41727376273
46.1389,21.6737,74.2647,0,99,85,76,1405,3504,2.21537,0,11.3096,2.92973,0,1736,41749072754
50.3686,19.8537,74.2647,0,99,85,76,1405,3504,2.21537,0,11.3096,2.92973,0,1736,41768926739
44.8279,22.3075,74.2647,0,99,85,76,1405,3504,2.21537,0,11.3096,2.92973,0,1736,41791215273
36.177,27.6419,74.2647,0,99,85,76,1405,3504,2.21537,0,11.3096,2.92973,0,1736,41818877924
48.5576,20.5941,74.2647,0,99,85,76,1405,3504,2.21537,0,11.3096,2.92973,0,1736,41839452070
42.1056,23.7498,74.2647,0,99,85,76,1405,3504,2.21537,0,11.3096,2.92973,0,1736,41863203827
43.4723,23.0031,74.2647,0,99,85,76,1405,3504,2.21537,0,11.3096,2.92973,0,1736,41886207678
41.9491,23.8384,74.2647,0,99,85,76,1405,3504,2.21537,0,11.3096,2.92973,0,1736,41910047902
46.4396,21.5334,74.2647,0,99,85,76,1405,3504,2.21537,0,11.3096,2.92973,0,1736,41931582918
39.5181,25.3048,74.2647,0,99,85,76,1405,3504,2.21537,0,11.3096,2.92973,0,1736,41956909941
43.3758,23.0543,74.2647,0,99,85,76,1405,3504,2.21537,0,11.3096,2.92973,0,1736,41979964724
41.0201,24.3783,74.2647,0,99,85,76,1405,3504,2.21537,0,11.3096,2.92973,0,1736,42004350698
26.6984,37.4555,74.8148,0,100,85,76,1404,3504,2.21482,0,11.3101,2.92973,0,1769,42041800699
104.096,9.60654,74.8148,0,100,85,76,1404,3504,2.21482,0,11.3101,2.92973,0,1769,42051407523
36.2871,27.558,74.8148,0,100,85,76,1404,3504,2.21482,0,11.3101,2.92973,0,1769,42078968330
48.7868,20.4974,74.8148,0,100,85,76,1404,3504,2.21482,0,11.3101,2.92973,0,1769,42099465946
36.5546,27.3563,74.8148,0,100,85,76,1404,3504,2.21482,0,11.3101,2.92973,0,1769,42126823664
53.8429,18.5725,74.8148,0,100,85,76,1404,3504,2.21482,0,11.3101,2.92973,0,1769,42145397669
45.4728,21.9912,74.8148,0,100,85,76,1404,3504,2.21482,0,11.3101,2.92973,0,1769,42167389636
39.158,25.5376,74.8148,0,100,85,76,1404,3504,2.21482,0,11.3101,2.92973,0,1769,42192927674
44.8212,22.3109,74.8148,0,100,85,76,1404,3504,2.21482,0,11.3101,2.92973,0,1769,42215239457
39.91,25.0564,74.8148,0,100,85,76,1404,3504,2.21482,0,11.3101,2.92973,0,1769,42240298153
42.5609,23.4957,74.8148,0,100,85,76,1404,3504,2.21482,0,11.3101,2.92973,0,1769,42263793885
48.5314,20.6052,74.8148,0,100,85,76,1404,3504,2.21482,0,11.3101,2.92973,0,1769,42284400371
43.9604,22.7478,74.8148,0,100,85,76,1404,3504,2.21482,0,11.3101,2.92973,0,1769,42307149655
41.3172,24.203,74.8148,0,100,85,76,1404,3504,2.21482,0,11.3101,2.92973,0,1769,42331353426
40.5796,24.6429,74.8148,0,100,85,76,1404,3504,2.21482,0,11.3101,2.92973,0,1769,42356019049
50.5401,19.7863,74.8148,0,100,85,76,1404,3504,2.21482,0,11.3101,2.92973,0,1769,42375785273
36.534,27.3718,74.8148,0,100,85,76,1404,3504,2.21482,0,11.3101,2.92973,0,1769,42403158110
48.5732,20.5875,74.8148,0,100,85,76,1404,3504,2.21482,0,11.3101,2.92973,0,1769,42423746638
41.4148,24.146,74.8148,0,100,85,76,1404,3504,2.21482,0,11.3101,2.92973,0,1769,42447893804
40.9373,24.4276,74.8148,0,100,85,76,1404,3504,2.21482,0,11.3101,2.92973,0,1769,42472323334
46.7749,21.379,74.8148,0,100,85,76,1404,3504,2.21482,0,11.3101,2.92973,0,1769,42493702168
43.3355,23.0758,74.8148,0,100,85,76,1404,3504,2.21482,0,11.3101,2.92973,0,1769,42516783429
37.2691,26.8318,75.443,0,100,85,76,1404,3504,2.21482,0,11.3106,2.92973,0,1733,42543613057
49.394,20.2454,75.443,0,100,85,76,1404,3504,2.21482,0,11.3106,2.92973,0,1733,42563860199
37.2237,26.8646,75.443,0,100,85,76,1404,3504,2.21482,0,11.3106,2.92973,0,1733,42590725753
46.681,21.422,75.443,0,100,85,76,1404,3504,2.21482,0,11.3106,2.92973,0,1733,42612149176
46.3537,21.5732,75.443,0,100,85,76,1404,3504,2.21482,0,11.3106,2.92973,0,1733,42633723239
33.822,29.5666,75.443,0,100,85,76,1404,3504,2.21482,0,11.3106,2.92973,0,1733,42663312089
34.9944,28.576,75.443,0,100,85,76,1404,3504,2.21482,0,11.3106,2.92973,0,1733,42691869019
65.9701,15.1584,75.443,0,100,85,76,1404,3504,2.21482,0,11.3106,2.92973,0,1733,42707051769
41.6647,24.0011,75.443,0,100,85,76,1404,3504,2.21482,0,11.3106,2.92973,0,1733,42731030836
40.4977,24.6927,75.443,0,100,85,76,1404,3504,2.21482,0,11.3106,2.92973,0,1733,42755724950
53.1521,18.8139,75.443,0,100,85,76,1404,3504,2.21482,0,11.3106,2.92973,0,1733,42774539481
37.6315,26.5734,75.443,0,100,85,76,1404,3504,2.21482,0,11.3106,2.92973,0,1733,42801113682
47.4233,21.0867,75.443,0,100,85,76,1404,3504,2.21482,0,11.3106,2.92973,0,1733,42822201075
40.9784,24.4031,75.443,0,100,85,76,1404,3504,2.21482,0,11.3106,2.92973,0,1733,42846605761
44.7935,22.3247,75.443,0,100,85,76,1404,3504,2.21482,0,11.3106,2.92973,0,1733,42868952275
41.3362,24.1919,75.443,0,100,85,76,1404,3504,2.21482,0,11.3106,2.92973,0,1733,42893124569
45.3791,22.0366,75.443,0,100,85,76,1404,3504,2.21482,0,11.3106,2.92973,0,1733,42915161406
37.3566,26.7691,75.443,0,100,85,76,1404,3504,2.21482,0,11.3106,2.92973,0,1733,42941933018
47.0031,21.2752,75.443,0,100,85,76,1404,3504,2.21482,0,11.3106,2.92973,0,1733,42963209352
42.0539,23.779,75.443,0,100,85,76,1404,3504,2.21482,0,11.3106,2.92973,0,1733,42986989118
39.4172,25.3696,75.443,0,100,85,76,1404,3504,2.21482,0,11.3106,2.92973,0,1733,43012360151
42.295,23.6434,75.443,0,100,85,76,1404,3504,2.21482,0,11.3106,2.92973,0,1733,43036032713
44.8807,22.2813,71.6707,0,99,85,76,1405,3504,2.2137,0,11.311,2.92973,0,1809,43058287873
37.8897,26.3924,71.6707,0,99,85,76,1405,3504,2.2137,0,11.311,2.92973,0,1809,43084701851
56.0446,17.8429,71.6707,0,99,85,76,1405,3504,2.2137,0,11.311,2.92973,0,1809,43102546396
34.6733,28.8406,71.6707,0,99,85,76,1405,3504,2.2137,0,11.311,2.92973,0,1809,43131387509
46.246,21.6235,71.6707,0,99,85,76,1405,3504,2.2137,0,11.311,2.92973,0,1809,43153012832
43.5858,22.9433,71.6707,0,99,85,76,1405,3504,2.2137,0,11.311,2.92973,0,1809,43175956137
40.8545,24.4771,71.6707,0,99,85,76,1405,3504,2.2137,0,11.311,2.92973,0,1809,43200435016
48.9141,20.444,71.6707,0,99,85,76,1405,3504,2.2137,0,11.311,2.92973,0,1809,43220880237
34.1968,29.2425,71.6707,0,99,85,76,1405,3504,2.2137,0,11.311,2.92973,0,1809,43250144898
38.2213,26.1634,71.6707,0,99,85,76,1405,3504,2.2137,0,11.311,2.92973,0,1809,43276288278
51.7405,19.3272,71.6707,0,99,85,76,1405,3504,2.2137,0,11.311,2.92973,0,1809,43295637409
48.6505,20.5548,71.6707,0,99,85,76,1405,3504,2.2137,0,11.311,2.92973,0,1809,43316194092
37.4682,26.6893,71.6707,0,99,85,76,1405,3504,2.2137,0,11.311,2.92973,0,1809,43342905945
48.6216,20.567,71.6707,0,99,85,76,1405,3504,2.2137,0,11.311,2.92973,0,1809,43363453594
44.7326,22.3551,71.6707,0,99,85,76,1405,3504,2.2137,0,11.311,2.92973,0,1809,43385810256
39.1611,25.5355,71.6707,0,99,85,76,1405,3504,2.2137,0,11.311,2.92973,0,1809,43411345718
45.5526,21.9526,71.6707,0,99,85,76,1405,3504,2.2137,0,11.311,2.92973,0,1809,43433321362
40.7798,24.522,71.6707,0,99,85,76,1405,3504,2.2137,0,11.311,2.92973,0,1809,43457822505
38.6263,25.8891,71.6707,0,99,85,76,1405,3504,2.2137,0,11.311,2.92973,0,1809,43483712857
42.3239,23.6273,71.6707,0,99,85,76,1405,3504,2.2137,0,11.311,2.92973,0,1809,43507341566
45.7149,21.8747,71.6707,0,99,85,76,1405,3504,2.2137,0,11.311,2.92973,0,1809,43529216839
48.253,20.7241,71.6707,0,99,85,76,1405,3504,2.2137,0,11.311,2.92973,0,1809,43549945708
33.3134,30.0179,81.9512,0,100,85,76,1405,3504,2.21249,0,11.3066,2.92973,0,1739,43579960495
43.9906,22.7321,81.9512,0,100,85,76,1405,3504,2.21249,0,11.3066,2.92973,0,1739,43602718564
53.2172,18.7909,81.9512,0,100,85,76,1405,3504,2.21249,0,11.3066,2.92973,0,1739,43621507551
35.5565,28.1243,81.9512,0,100,85,76,1405,3504,2.21249,0,11.3066,2.92973,0,1739,43649653096
52.8919,18.9065,81.9512,0,100,85,76,1405,3504,2.21249,0,11.3066,2.92973,0,1739,43668539923
39.4026,25.379,81.9512,0,100,85,76,1405,3504,2.21249,0,11.3066,2.92973,0,1739,43693920188
47.0425,21.2574,81.9512,0,100,85,76,1405,3504,2.21249,0,11.3066,2.92973,0,1739,43715180202
40.9393,24.4264,81.9512,0,100,85,76,1405,3504,2.21249,0,11.3066,2.92973,0,1739,43739627295
24.1807,41.3553,81.9512,0,100,85,76,1405,3504,2.21249,0,11.3066,2.92973,0,1739,43780983806
107.523,9.30037,81.9512,0,100,85,76,1405,3504,2.21249,0,11.3066,2.92973,0,1739,43790264332
34.1828,29.2545,81.9512,0,100,85,76,1405,3504,2.21249,0,11.3066,2.92973,0,1739,43819519591
54.0122,18.5143,81.9512,0,100,85,76,1405,3504,2.21249,0,11.3066,2.92973,0,1739,43838036060
42.5997,23.4743,81.9512,0,100,85,76,1405,3504,2.21249,0,11.3066,2.92973,0,1739,43861531994
35.1154,28.4775,81.9512,0,100,85,76,1405,3504,2.21249,0,11.3066,2.92973,0,1739,43890032948
37.6443,26.5645,81.9512,0,100,85,76,1405,3504,2.21249,0,11.3066,2.92973,0,1739,43916576211
49.1631,20.3405,81.9512,0,100,85,76,1405,3504,2.21249,0,11.3066,2.92973,0,1739,43936917995
37.8397,26.4272,81.9512,0,100,85,76,1405,3504,2.21249,0,11.3066,2.92973,0,1739,43963367273
48.3119,20.6988,81.9512,0,100,85,76,1405,3504,2.21249,0,11.3066,2.92973,0,1739,43984046862
39.8714,25.0807,81.9512,0,100,85,76,1405,3504,2.21249,0,11.3066,2.92973,0,1739,44009128180
52.9681,18.8793,81.9512,0,100,85,76,1405,3504,2.21249,0,11.3066,2.92973,0,1739,44028008489
35.6009,28.0892,81.9512,0,100,85,76,1405,3504,2.21249,0,11.3066,2.92973,0,1739,44056105113
46.2114,21.6397,82.9146,0,100,86,76,1405,3504,2.21249,0,11.3094,2.92973,0,1737,44077740019
44.0679,22.6923,82.9146,0,100,86,76,1405,3504,2.21249,0,11.3094,2.92973,0,1737,44100433619
40.8265,24.4939,82.9146,0,100,86,76,1405,3504,2.21249,0,11.3094,2.92973,0,1737,44124929178
48.8556,20.4685,82.9146,0,100,86,76,1405,3504,2.21249,0,11.3094,2.92973,0,1737,44145397977
38.6171,25.8952,82.9146,0,100,86,76,1405,3504,2.21249,0,11.3094,2.92973,0,1737,44171294533
33.6109,29.7523,82.9146,0,100,86,76,1405,3504,2.21249,0,11.3094,2.92973,0,1737,44201048062
59.2814,16.8687,82.9146,0,100,86,76,1405,3504,2.21249,0,11.3094,2.92973,0,1737,44217916670
49.2815,20.2916,82.9146,0,100,86,76,1405,3504,2.21249,0,11.3094,2.92973,0,1737,44238209517
33.217,30.105,82.9146,0,100,86,76,1405,3504,2.21249,0,11.3094,2.92973,0,1737,44268315713
51.3498,19.4743,82.9146,0,100,86,76,1405,3504,2.21249,0,11.3094,2.92973,0,1737,44287791507
40.0464,24.9711,82.9146,0,100,86,76,1405,3504,2.21249,0,11.3094,2.92973,0,1737,44312763334
47.4296,21.0839,82.9146,0,100,86,76,1405,3504,2.21249,0,11.3094,2.92973,0,1737,44333847988
35.3763,28.2675,82.9146,0,100,86,76,1405,3504,2.21249,0,11.3094,2.92973,0,1737,44362117177
48.6115,20.5713,82.9146,0,100,86,76,1405,3504,2.21249,0,11.3094,2.92973,0,1737,44382701847
42.4049,23.5822,82.9146,0,100,86,76,1405,3504,2.21249,0,11.3094,2.92973,0,1737,44406273610
37.6721,26.5448,82.9146,0,100,86,76,1405,3504,2.21249,0,11.3094,2.92973,0,1737,44432840851
49.917,20.0332,82.9146,0,100,86,76,1405,3504,2.21249,0,11.3094,2.92973,0,1737,44452854729
43.8321,22.8144,82.9146,0,100,86,76,1405,3504,2.21249,0,11.3094,2.92973,0,1737,44475689913
42.1299,23.7361,82.9146,0,100,86,76,1405,3504,2.21249,0,11.3094,2.92973,0,1737,44499427017
40.6467,24.6023,82.9146,0,100,86,76,1405,3504,2.21249,0,11.3094,2.92973,0,1737,44524009455
48.6041,20.5744,82.9146,0,100,86,76,1405,3504,2.21249,0,11.3094,2.92973,0,1737,44544605751
38.714,25.8305,82.9146,0,100,86,76,1405,3504,2.21249,0,11.3094,2.92973,0,1737,44570441177
41.2101,24.2659,71.3936,0,99,86,76,1408,3504,2.21153,0,11.3113,2.92973,0,1736,44594704385
50.9118,19.6418,71.3936,0,99,86,76,1408,3504,2.21153,0,11.3113,2.92973,0,1736,44614348456
40.4907,24.697,71.3936,0,99,86,76,1408,3504,2.21153,0,11.3113,2.92973,0,1736,44639043932
40.1349,24.916,71.3936,0,99,86,76,1408,3504,2.21153,0,11.3113,2.92973,0,1736,44663962041
42.855,23.3345,71.3936,0,99,86,76,1408,3504,2.21153,0,11.3113,2.92973,0,1736,44687298296
42.8112,23.3584,71.3936,0,99,86,76,1408,3504,2.21153,0,11.3113,2.92973,0,1736,44710658085
45.4792,21.9881,71.3936,0,99,86,76,1408,3504,2.21153,0,11.3113,2.92973,0,1736,44732669523
44.2144,22.6171,71.3936,0,99,86,76,1408,3504,2.21153,0,11.3113,2.92973,0,1736,44755264840
38.9411,25.6798,71.3936,0,99,86,76,1408,3504,2.21153,0,11.3113,2.92973,0,1736,44780945591
44.5626,22.4403,71.3936,0,99,86,76,1408,3504,2.21153,0,11.3113,2.92973,0,1736,44803417559
41.1609,24.2949,71.3936,0,99,86,76,1408,3504,2.21153,0,11.3113,2.92973,0,1736,44827735632
41.6167,24.0288,71.3936,0,99,86,76,1408,3504,2.21153,0,11.3113,2.92973,0,1736,44851743281
42.5855,23.4822,71.3936,0,99,86,76,1408,3504,2.21153,0,11.3113,2.92973,0,1736,44875226270
48.136,20.7745,71.3936,0,99,86,76,1408,3504,2.21153,0,11.3113,2.92973,0,1736,44896002568
45.5381,21.9597,71.3936,0,99,86,76,1408,3504,2.21153,0,11.3113,2.92973,0,1736,44917962359
39.521,25.303,71.3936,0,99,86,76,1408,3504,2.21153,0,11.3113,2.92973,0,1736,44943267742
40.8351,24.4888,71.3936,0,99,86,76,1408,3504,2.21153,0,11.3113,2.92973,0,1736,44967778394
41.3484,24.1847,71.3936,0,99,86,76,1408,3504,2.21153,0,11.3113,2.92973,0,1736,44991943823
56.5974,17.6687,71.3936,0,99,86,76,1408,3504,2.21153,0,11.3113,2.92973,0,1736,45009614439
5.41326,184.731,71.3936,0,99,86,76,1408,3504,2.21153,0,11.3113,2.92973,0,1736,45194374538
48.711,20.5292,68.5072,0,100,84,76,1405,3504,2.21111,0,11.3117,2.92973,0,1721,45214897533
35.6832,28.0244,68.5072,0,100,84,76,1405,3504,2.21111,0,11.3117,2.92973,0,1721,45242902812
31.9312,31.3173,68.5072,0,100,84,76,1405,3504,2.21111,0,11.3117,2.92973,0,1721,45274220840
78.3941,12.7561,68.5072,0,100,84,76,1405,3504,2.21111,0,11.3117,2.92973,0,1721,45286977300
38.6748,25.8566,68.5072,0,100,84,76,1405,3504,2.21111,0,11.3117,2.92973,0,1721,45312834886
39.0837,25.5861,68.5072,0,100,84,76,1405,3504,2.21111,0,11.3117,2.92973,0,1721,45338423183
26.4709,37.7773,68.5072,0,100,84,76,1405,3504,2.21111,0,11.3117,2.92973,0,1721,45376201352
58.1473,17.1977,68.5072,0,100,84,76,1405,3504,2.21111,0,11.3117,2.92973,0,1721,45393398917
109.844,9.10379,68.5072,0,100,84,76,1405,3504,2.21111,0,11.3117,2.92973,0,1721,45402505046
45.0578,22.1937,68.5072,0,100,84,76,1405,3504,2.21111,0,11.3117,2.92973,0,1721,45424698760
43.8091,22.8263,68.5072,0,100,84,76,1405,3504,2.21111,0,11.3117,2.92973,0,1721,45447527278
52.1867,19.162,68.5072,0,100,84,76,1405,3504,2.21111,0,11.3117,2.92973,0,1721,45466688850
43.3985,23.0423,68.5072,0,100,84,76,1405,3504,2.21111,0,11.3117,2.92973,0,1721,45489733060
44.2768,22.5852,68.5072,0,100,84,76,1405,3504,2.21111,0,11.3117,2.92973,0,1721,45512319190
45.797,21.8355,68.5072,0,100,84,76,1405,3504,2.21111,0,11.3117,2.92973,0,1721,45534155801
43.2987,23.0954,68.5072,0,100,84,76,1405,3504,2.21111,0,11.3117,2.92973,0,1721,45557251731
42.5499,23.5018,68.5072,0,100,84,76,1405,3504,2.21111,0,11.3117,2.92973,0,1721,45580754894
42.6438,23.4501,68.5072,0,100,84,76,1405,3504,2.21111,0,11.3117,2.92973,0,1721,45604206412
46.6536,21.4346,68.5072,0,100,84,76,1405,3504,2.21111,0,11.3117,2.92973,0,1721,45625641998
41.4682,24.1149,68.5072,0,100,84,76,1405,3504,2.21111,0,11.3117,2.92973,0,1721,45649758134
44.8974,22.273,68.5072,0,100,84,76,1405,3504,2.21111,0,11.3117,2.92973,0,1721,45672032597
41.9223,23.8537,68.5072,0,100,84,76,1405,3504,2.21111,0,11.3117,2.92973,0,1721,45695890803
47.3878,21.1025,62.341,0,74,84,75,1401,3504,2.21041,0,11.3125,2.92973,0,3400,45716991441
37.0603,26.983,62.341,0,74,84,75,1401,3504,2.21041,0,11.3125,2.92973,0,3400,45743975295
54.2189,18.4438,62.341,0,74,84,75,1401,3504,2.21041,0,11.3125,2.92973,0,3400,45762437965
42.6536,23.4447,62.341,0,74,84,75,1401,3504,2.21041,0,11.3125,2.92973,0,3400,45785865714
45.5865,21.9363,62.341,0,74,84,75,1401,3504,2.21041,0,11.3125,2.92973,0,3400,45807802473
43.6848,22.8913,62.341,0,74,84,75,1401,3504,2.21041,0,11.3125,2.92973,0,3400,45830695301
43.5618,22.9559,62.341,0,74,84,75,1401,3504,2.21041,0,11.3125,2.92973,0,3400,45853652162
46.1992,21.6454,62.341,0,74,84,75,1401,3504,2.21041,0,11.3125,2.92973,0,3400,45875299118
45.9812,21.748,62.341,0,74,84,75,1401,3504,2.21041,0,11.3125,2.92973,0,3400,45897048322
39.5315,25.2963,62.341,0,74,84,75,1401,3504,2.21041,0,11.3125,2.92973,0,3400,45922345059
49.7938,20.0828,62.341,0,74,84,75,1401,3504,2.21041,0,11.3125,2.92973,0,3400,45942430331
44.4317,22.5065,62.341,0,74,84,75,1401,3504,2.21041,0,11.3125,2.92973,0,3400,45964937217
44.7083,22.3672,62.341,0,74,84,75,1401,3504,2.21041,0,11.3125,2.92973,0,3400,45987305776
41.61,24.0327,62.341,0,74,84,75,1401,3504,2.21041,0,11.3125,2.92973,0,3400,46011340607
47.0186,21.2682,62.341,0,74,84,75,1401,3504,2.21041,0,11.3125,2.92973,0,3400,46032609480
44.6408,22.401,62.341,0,74,84,75,1401,3504,2.21041,0,11.3125,2.92973,0,3400,46055012020
46.2168,21.6372,62.341,0,74,84,75,1401,3504,2.21041,0,11.3125,2.92973,0,3400,46076650369
44.8929,22.2752,62.341,0,74,84,75,1401,3504,2.21041,0,11.3125,2.92973,0,3400,46098926293
43.5527,22.9607,62.341,0,74,84,75,1401,3504,2.21041,0,11.3125,2.92973,0,3400,46121888766
44.4745,22.4848,62.341,0,74,84,75,1401,3504,2.21041,0,11.3125,2.92973,0,3400,46144374091
38.8646,25.7303,62.341,0,74,84,75,1401,3504,2.21041,0,11.3125,2.92973,0,3400,46170106381
43.4726,23.003,62.341,0,74,84,75,1401,3504,2.21041,0,11.3125,2.92973,0,3400,46193109871
52.336,19.1073,62.341,0,74,84,75,1401,3504,2.21041,0,11.3125,2.92973,0,3400,46212224316
45.3433,22.054,50.8434,0,99,89,75,1378,3504,2.20198,0,11.3128,2.92973,0,3400,46234274019
40.8386,24.4866,50.8434,0,99,89,75,1378,3504,2.20198,0,11.3128,2.92973,0,3400,46258761952
38.0963,26.2493,50.8434,0,99,89,75,1378,3504,2.20198,0,11.3128,2.92973,0,3400,46285012287
58.4,17.1233,50.8434,0,99,89,75,1378,3504,2.20198,0,11.3128,2.92973,0,3400,46302137549
41.2122,24.2646,50.8434,0,99,89,75,1378,3504,2.20198,0,11.3128,2.92973,0,3400,46326403888
38.9281,25.6884,50.8434,0,99,89,75,1378,3504,2.20198,0,11.3128,2.92973,0,3400,46352093035
54.1091,18.4812,50.8434,0,99,89,75,1378,3504,2.20198,0,11.3128,2.92973,0,3400,46370576007
45.1162,22.165,50.8434,0,99,89,75,1378,3504,2.20198,0,11.3128,2.92973,0,3400,46392741559
44.2693,22.589,50.8434,0,99,89,75,1378,3504,2.20198,0,11.3128,2.92973,0,3400,46415331960
44.1677,22.641,50.8434,0,99,89,75,1378,3504,2.20198,0,11.3128,2.92973,0,3400,46437973663
36.7438,27.2155,50.8434,0,99,89,75,1378,3504,2.20198,0,11.3128,2.92973,0,3400,46465191605
48.6951,20.5359,50.8434,0,99,89,75,1378,3504,2.20198,0,11.3128,2.92973,0,3400,46485727639
50.532,19.7894,50.8434,0,99,89,75,1378,3504,2.20198,0,11.3128,2.92973,0,3400,46505519047
43.6414,22.914,50.8434,0,99,89,75,1378,3504,2.20198,0,11.3128,2.92973,0,3400,46528433715
46.1586,21.6644,50.8434,0,99,89,75,1378,3504,2.20198,0,11.3128,2.92973,0,3400,46550100484
42.4856,23.5374,50.8434,0,99,89,75,1378,3504,2.20198,0,11.3128,2.92973,0,3400,46573638166
45.4401,22.007,50.8434,0,99,89,75,1378,3504,2.20198,0,11.3128,2.92973,0,3400,46595646006
43.5826,22.9449,50.8434,0,99,89,75,1378,3504,2.20198,0,11.3128,2.92973,0,3400,46618592249
45.6782,21.8923,50.8434,0,99,89,75,1378,3504,2.20198,0,11.3128,2.92973,0,3400,46640485485
42.2781,23.6529,50.8434,0,99,89,75,1378,3504,2.20198,0,11.3128,2.92973,0,3400,46664139039
46.2395,21.6265,50.8434,0,99,89,75,1378,3504,2.20198,0,11.3128,2.92973,0,3400,46685767345
45.0118,22.2164,50.8434,0,99,89,75,1378,3504,2.20198,0,11.3128,2.92973,0,3400,46708004586
34.5112,28.9761,50.8434,0,99,89,75,1378,3504,2.20198,0,11.3128,2.92973,0,3400,46736971267
44.3621,22.5417,42.9245,0,100,89,76,1392,3504,2.139,0,11.3284,2.92973,0,3456,46759508265
47.3266,21.1298,42.9245,0,100,89,76,1392,3504,2.139,0,11.3284,2.92973,0,3456,46780635815
55.1791,18.1228,42.9245,0,100,89,76,1392,3504,2.139,0,11.3284,2.92973,0,3456,46798759478
44.8489,22.2971,42.9245,0,100,89,76,1392,3504,2.139,0,11.3284,2.92973,0,3456,46821058132
42.8904,23.3152,42.9245,0,100,89,76,1392,3504,2.139,0,11.3284,2.92973,0,3456,46844373848
45.2623,22.0934,42.9245,0,100,89,76,1392,3504,2.139,0,11.3284,2.92973,0,3456,46866468805
43.7399,22.8624,42.9245,0,100,89,76,1392,3504,2.139,0,11.3284,2.92973,0,3456,46889331921
43.5043,22.9862,42.9245,0,100,89,76,1392,3504,2.139,0,11.3284,2.92973,0,3456,46912320859
43.6899,22.8886,42.9245,0,100,89,76,1392,3504,2.139,0,11.3284,2.92973,0,3456,46935210997
35.2485,28.37,42.9245,0,100,89,76,1392,3504,2.139,0,11.3284,2.92973,0,3456,46963581030
58.0778,17.2183,42.9245,0,100,89,76,1392,3504,2.139,0,11.3284,2.92973,0,3456,46980801490
40.1501,24.9066,42.9245,0,100,89,76,1392,3504,2.139,0,11.3284,2.92973,0,3456,47005708799
48.7541,20.5111,42.9245,0,100,89,76,1392,3504,2.139,0,11.3284,2.92973,0,3456,47026222037
42.2321,23.6787,42.9245,0,100,89,76,1392,3504,2.139,0,11.3284,2.92973,0,3456,47049901145
45.5468,21.9554,42.9245,0,100,89,76,1392,3504,2.139,0,11.3284,2.92973,0,3456,47071858100
43.6221,22.9242,42.9245,0,100,89,76,1392,3504,2.139,0,11.3284,2.92973,0,3456,47094783167
42.0201,23.7982,42.9245,0,100,89,76,1392,3504,2.139,0,11.3284,2.92973,0,3456,47118582370
42.7133,23.4119,42.9245,0,100,89,76,1392,3504,2.139,0,11.3284,2.92973,0,3456,47141996600
48.1835,20.754,42.9245,0,100,89,76,1392,3504,2.139,0,11.3284,2.92973,0,3456,47162751193
41.6794,23.9927,42.9245,0,100,89,76,1392,3504,2.139,0,11.3284,2.92973,0,3456,47186744633
46.4587,21.5245,42.9245,0,100,89,76,1392,3504,2.139,0,11.3284,2.92973,0,3456,47208269836
43.9162,22.7707,42.9245,0,100,89,76,1392,3504,2.139,0,11.3284,2.92973,0,3456,47231042242
43.9874,22.7338,42.9245,0,100,89,76,1392,3504,2.139,0,11.3284,2.92973,0,3456,47253783563
44.4626,22.4908,53.0562,0,100,88,76,1392,3504,2.139,0,11.3285,2.92924,0,3400,47276268528
41.7332,23.9617,53.0562,0,100,88,76,1392,3504,2.139,0,11.3285,2.92924,0,3400,47300231834
45.544,21.9568,53.0562,0,100,88,76,1392,3504,2.139,0,11.3285,2.92924,0,3400,47322190508
42.9139,23.3025,53.0562,0,100,88,76,1392,3504,2.139,0,11.3285,2.92924,0,3400,47345494224
44.511,22.4664,53.0562,0,100,88,76,1392,3504,2.139,0,11.3285,2.92924,0,3400,47367960707
45.8735,21.7991,53.0562,0,100,88,76,1392,3504,2.139,0,11.3285,2.92924,0,3400,47389762155
41.2245,24.2574,53.0562,0,100,88,76,1392,3504,2.139,0,11.3285,2.92924,0,3400,47414019718
43.4586,23.0104,53.0562,0,100,88,76,1392,3504,2.139,0,11.3285,2.92924,0,3400,47437032742
43.6398,22.9149,53.0562,0,100,88,76,1392,3504,2.139,0,11.3285,2.92924,0,3400,47459956764
45.5345,21.9614,53.0562,0,100,88,76,1392,3504,2.139,0,11.3285,2.92924,0,3400,47481915489
35.3212,28.3116,53.0562,0,100,88,76,1392,3504,2.139,0,11.3285,2.92924,0,3400,47510229945
56.2309,17.7838,53.0562,0,100,88,76,1392,3504,2.139,0,11.3285,2.92924,0,3400,47528013599
43.1814,23.1581,53.0562,0,100,88,76,1392,3504,2.139,0,11.3285,2.92924,0,3400,47551174033
44.0998,22.6759,53.0562,0,100,88,76,1392,3504,2.139,0,11.3285,2.92924,0,3400,47573850993
43.4909,22.9933,53.0562,0,100,88,76,1392,3504,2.139,0,11.3285,2.92924,0,3400,47596845155
42.9835,23.2647,53.0562,0,100,88,76,1392,3504,2.139,0,11.3285,2.92924,0,3400,47620110837
40.5401,24.6669,53.0562,0,100,88,76,1392,3504,2.139,0,11.3285,2.92924,0,3400,47644778956
46.0175,21.7309,53.0562,0,100,88,76,1392,3504,2.139,0,11.3285,2.92924,0,3400,47666510922
38.5075,25.969,53.0562,0,100,88,76,1392,3504,2.139,0,11.3285,2.92924,0,3400,47692481774
48.7976,20.4928,53.0562,0,100,88,76,1392,3504,2.139,0,11.3285,2.92924,0,3400,47712975921
43.0458,23.2311,53.0562,0,100,88,76,1392,3504,2.139,0,11.3285,2.92924,0,3400,47736208091
43.6519,22.9085,53.0562,0,100,88,76,1392,3504,2.139,0,11.3285,2.92924,0,3400,47759123493
41.8596,23.8894,52.9557,0,100,88,76,1392,3504,2.11004,0,11.3288,2.92924,0,3400,47783008639
39.7451,25.1604,52.9557,0,100,88,76,1392,3504,2.11004,0,11.3288,2.92924,0,3400,47808169442
47.2134,21.1804,52.9557,0,100,88,76,1392,3504,2.11004,0,11.3288,2.92924,0,3400,47829351445
43.1255,23.1881,52.9557,0,100,88,76,1392,3504,2.11004,0,11.3288,2.92924,0,3400,47852540502
39.363,25.4046,52.9557,0,100,88,76,1392,3504,2.11004,0,11.3288,2.92924,0,3400,47877947017
45.9056,21.7839,52.9557,0,100,88,76,1392,3504,2.11004,0,11.3288,2.92924,0,3400,47899730168
43.4919,22.9928,52.9557,0,100,88,76,1392,3504,2.11004,0,11.3288,2.92924,0,3400,47922738673
43.3275,23.08,52.9557,0,100,88,76,1392,3504,2.11004,0,11.3288,2.92924,0,3400,47945806875
39.5553,25.281,52.9557,0,100,88,76,1392,3504,2.11004,0,11.3288,2.92924,0,3400,47971088362
46.4647,21.5217,52.9557,0,100,88,76,1392,3504,2.11004,0,11.3288,2.92924,0,3400,47992611992
45.0083,22.2181,52.9557,0,100,88,76,1392,3504,2.11004,0,11.3288,2.92924,0,3400,48014830597
41.2401,24.2483,52.9557,0,100,88,76,1392,3504,2.11004,0,11.3288,2.92924,0,3400,48039080676
42.7978,23.3657,52.9557,0,100,88,76,1392,3504,2.11004,0,11.3288,2.92924,0,3400,48062446827
40.4027,24.7508,52.9557,0,100,88,76,1392,3504,2.11004,0,11.3288,2.92924,0,3400,48087198795
43.5563,22.9588,52.9557,0,100,88,76,1392,3504,2.11004,0,11.3288,2.92924,0,3400,48110160324
42.4633,23.5497,52.9557,0,100,88,76,1392,3504,2.11004,0,11.3288,2.92924,0,3400,48133710489
39.6923,25.1938,52.9557,0,100,88,76,1392,3504,2.11004,0,11.3288,2.92924,0,3400,48158905707
44.994,22.2252,52.9557,0,100,88,76,1392,3504,2.11004,0,11.3288,2.92924,0,3400,48181132209
43.5181,22.9789,52.9557,0,100,88,76,1392,3504,2.11004,0,11.3288,2.92924,0,3400,48204112376
39.9525,25.0297,52.9557,0,100,88,76,1392,3504,2.11004,0,11.3288,2.92924,0,3400,48229143614
40.5213,24.6784,52.9557,0,100,88,76,1392,3504,2.11004,0,11.3288,2.92924,0,3400,48253822391
46.7057,21.4107,52.9557,0,100,88,76,1392,3504,2.11004,0,11.3288,2.92924,0,3400,48275240995
40.3087,24.8085,52.1635,0,100,88,76,1392,3504,2.09973,0,11.3288,2.92924,0,3400,48300044202
44.5324,22.4555,52.1635,0,100,88,76,1392,3504,2.09973,0,11.3288,2.92924,0,3400,48322501163
41.4293,24.1375,52.1635,0,100,88,76,1392,3504,2.09973,0,11.3288,2.92924,0,3400,48346640095
41.9319,23.8482,52.1635,0,100,88,76,1392,3504,2.09973,0,11.3288,2.92924,0,3400,48370489102
40.1722,24.8928,52.1635,0,100,88,76,1392,3504,2.09973,0,11.3288,2.92924,0,3400,48395382782
42.5559,23.4985,52.1635,0,100,88,76,1392,3504,2.09973,0,11.3288,2.92924,0,3400,48418882104
45.9781,21.7495,52.1635,0,100,88,76,1392,3504,2.09973,0,11.3288,2.92924,0,3400,48440633786
43.232,23.131,52.1635,0,100,88,76,1392,3504,2.09973,0,11.3288,2.92924,0,3400,48463767271
41.5041,24.094,52.1635,0,100,88,76,1392,3504,2.09973,0,11.3288,2.92924,0,3400,48487861416
40.1641,24.8978,52.1635,0,100,88,76,1392,3504,2.09973,0,11.3288,2.92924,0,3400,48512760561
48.3385,20.6874,52.1635,0,100,88,76,1392,3504,2.09973,0,11.3288,2.92924,0,3400,48533448272
43.1309,23.1852,52.1635,0,100,88,76,1392,3504,2.09973,0,11.3288,2.92924,0,3400,48556635843
40.5091,24.6858,52.1635,0,100,88,76,1392,3504,2.09973,0,11.3288,2.92924,0,3400,48581323544
45.3369,22.0571,52.1635,0,100,88,76,1392,3504,2.09973,0,11.3288,2.92924,0,3400,48603381018
39.4582,25.3433,52.1635,0,100,88,76,1392,3504,2.09973,0,11.3288,2.92924,0,3400,48628726008
43.7811,22.8409,52.1635,0,100,88,76,1392,3504,2.09973,0,11.3288,2.92924,0,3400,48651568400
43.1917,23.1526,52.1635,0,100,88,76,1392,3504,2.09973,0,11.3288,2.92924,0,3400,48674722262
43.5319,22.9717,52.1635,0,100,88,76,1392,3504,2.09973,0,11.3288,2.92924,0,3400,48697694839
42.6119,23.4676,52.1635,0,100,88,76,1392,3504,2.09973,0,11.3288,2.92924,0,3400,48721164119
41.8127,23.9162,52.1635,0,100,88,76,1392,3504,2.09973,0,11.3288,2.92924,0,3400,48745081969
40.7553,24.5367,52.1635,0,100,88,76,1392,3504,2.09973,0,11.3288,2.92924,0,3400,48769618735
43.7331,22.866,52.1635,0,100,88,76,1392,3504,2.09973,0,11.3288,2.92924,0,3400,48792492357
45.0855,22.1801,53.528,0,100,88,76,1396,3504,2.0954,0,11.33,2.92924,0,3405,48814668086
41.0138,24.382,53.528,0,100,88,76,1396,3504,2.0954,0,11.33,2.92924,0,3405,48839050440
34.9688,28.597,53.528,0,100,88,76,1396,3504,2.0954,0,11.33,2.92924,0,3405,48867648472
48.1933,20.7498,53.528,0,100,88,76,1396,3504,2.0954,0,11.33,2.92924,0,3405,48888400313
47.8011,20.92,53.528,0,100,88,76,1396,3504,2.0954,0,11.33,2.92924,0,3405,48909320714
41.0123,24.3829,53.528,0,100,88,76,1396,3504,2.0954,0,11.33,2.92924,0,3405,48933705590
46.0954,21.6942,53.528,0,100,88,76,1396,3504,2.0954,0,11.33,2.92924,0,3405,48955401466
43.9132,22.7722,53.528,0,100,88,76,1396,3504,2.0954,0,11.33,2.92924,0,3405,48978175077
41.0639,24.3523,53.528,0,100,88,76,1396,3504,2.0954,0,11.33,2.92924,0,3405,49002527639
42.4856,23.5374,53.528,0,100,88,76,1396,3504,2.0954,0,11.33,2.92924,0,3405,49026066767
43.9564,22.7498,53.528,0,100,88,76,1396,3504,2.0954,0,11.33,2.92924,0,3405,49048817540
42.9506,23.2826,53.528,0,100,88,76,1396,3504,2.0954,0,11.33,2.92924,0,3405,49072101113
43.7518,22.8562,53.528,0,100,88,76,1396,3504,2.0954,0,11.33,2.92924,0,3405,49094959387
40.2321,24.8557,53.528,0,100,88,76,1396,3504,2.0954,0,11.33,2.92924,0,3405,49119815462
37.5495,26.6315,53.528,0,100,88,76,1396,3504,2.0954,0,11.33,2.92924,0,3405,49146447146
47.2955,21.1437,53.528,0,100,88,76,1396,3504,2.0954,0,11.33,2.92924,0,3405,49167592918
41.7079,23.9763,53.528,0,100,88,76,1396,3504,2.0954,0,11.33,2.92924,0,3405,49191570145
40.8509,24.4792,53.528,0,100,88,76,1396,3504,2.0954,0,11.33,2.92924,0,3405,49216051231
42.6015,23.4733,53.528,0,100,88,76,1396,3504,2.0954,0,11.33,2.92924,0,3405,49239524925
40.1398,24.9129,53.528,0,100,88,76,1396,3504,2.0954,0,11.33,2.92924,0,3405,49264438656
43.5991,22.9363,53.528,0,100,88,76,1396,3504,2.0954,0,11.33,2.92924,0,3405,49287375616
39.5899,25.259,53.528,0,100,88,76,1396,3504,2.0954,0,11.33,2.92924,0,3405,49312639106
42.643,23.4505,56.25,0,100,91,76,1436,3504,2.08232,0,11.3305,2.92924,0,3400,49336086824
44.4679,22.4882,56.25,0,100,91,76,1436,3504,2.08232,0,11.3305,2.92924,0,3400,49358575864
34.8716,28.6766,56.25,0,100,91,76,1436,3504,2.08232,0,11.3305,2.92924,0,3400,49387254838
54.8259,18.2396,56.25,0,100,91,76,1436,3504,2.08232,0,11.3305,2.92924,0,3400,49405494817
41.0108,24.3838,56.25,0,100,91,76,1436,3504,2.08232,0,11.3305,2.92924,0,3400,49429879848
40.3057,24.8104,56.25,0,100,91,76,1436,3504,2.08232,0,11.3305,2.92924,0,3400,49454696099
42.8917,23.3145,56.25,0,100,91,76,1436,3504,2.08232,0,11.3305,2.92924,0,3400,49478007751
44.7071,22.3678,56.25,0,100,91,76,1436,3504,2.08232,0,11.3305,2.92924,0,3400,49500376353
38.7591,25.8004,56.25,0,100,91,76,1436,3504,2.08232,0,11.3305,2.92924,0,3400,49526178634
43.7176,22.8741,56.25,0,100,91,76,1436,3504,2.08232,0,11.3305,2.92924,0,3400,49549054384
38.0118,26.3076,56.25,0,100,91,76,1436,3504,2.08232,0,11.3305,2.92924,0,3400,49575363153
38.9766,25.6564,56.25,0,100,91,76,1436,3504,2.08232,0,11.3305,2.92924,0,3400,49601021645
44.8776,22.2828,56.25,0,100,91,76,1436,3504,2.08232,0,11.3305,2.92924,0,3400,49623306203
46.1111,21.6868,56.25,0,100,91,76,1436,3504,2.08232,0,11.3305,2.92924,0,3400,49644994405
41.7114,23.9743,56.25,0,100,91,76,1436,3504,2.08232,0,11.3305,2.92924,0,3400,49668969975
39.7961,25.1281,56.25,0,100,91,76,1436,3504,2.08232,0,11.3305,2.92924,0,3400,49694099283
45.5694,21.9445,56.25,0,100,91,76,1436,3504,2.08232,0,11.3305,2.92924,0,3400,49716043919
41.9196,23.8552,56.25,0,100,91,76,1436,3504,2.08232,0,11.3305,2.92924,0,3400,49739901592
42.1389,23.7311,56.25,0,100,91,76,1436,3504,2.08232,0,11.3305,2.92924,0,3400,49763632646
43.3621,23.0616,56.25,0,100,91,76,1436,3504,2.08232,0,11.3305,2.92924,0,3400,49786695099
41.6741,23.9957,56.25,0,100,91,76,1436,3504,2.08232,0,11.3305,2.92924,0,3400,49810692034
42.4641,23.5493,56.25,0,100,91,76,1436,3504,2.08232,0,11.3305,2.92924,0,3400,49834247177
36.4273,27.452,64.6341,0,100,91,76,1438,3504,2.08209,0,11.3366,2.92924,0,3408,49861696085
45.9455,21.7649,64.6341,0,100,91,76,1438,3504,2.08209,0,11.3366,2.92924,0,3408,49883462472
43.567,22.9531,64.6341,0,100,91,76,1438,3504,2.08209,0,11.3366,2.92924,0,3408,49906416570
33.8718,29.523,64.6341,0,100,91,76,1438,3504,2.08209,0,11.3366,2.92924,0,3408,49935941741
52.5029,19.0466,64.6341,0,100,91,76,1438,3504,2.08209,0,11.3366,2.92924,0,3408,49954989262
43.3432,23.0717,64.6341,0,100,91,76,1438,3504,2.08209,0,11.3366,2.92924,0,3408,49978062170
42.3516,23.6118,64.6341,0,100,91,76,1438,3504,2.08209,0,11.3366,2.92924,0,3408,50001675370
41.9441,23.8412,64.6341,0,100,91,76,1438,3504,2.08209,0,11.3366,2.92924,0,3408,50025518037
41.3241,24.199,64.6341,0,100,91,76,1438,3504,2.08209,0,11.3366,2.92924,0,3408,50049726328
39.5022,25.315,64.6341,0,100,91,76,1438,3504,2.08209,0,11.3366,2.92924,0,3408,50075042213
45.5937,21.9329,64.6341,0,100,91,76,1438,3504,2.08209,0,11.3366,2.92924,0,3408,50096977107
40.4028,24.7507,64.6341,0,100,91,76,1438,3504,2.08209,0,11.3366,2.92924,0,3408,50121728550
43.3544,23.0657,64.6341,0,100,91,76,1438,3504,2.08209,0,11.3366,2.92924,0,3408,50144794934
40.3949,24.7556,64.6341,0,100,91,76,1438,3504,2.08209,0,11.3366,2.92924,0,3408,50169552519
41.8346,23.9037,64.6341,0,100,91,76,1438,3504,2.08209,0,11.3366,2.92924,0,3408,50193456359
39.3078,25.4403,64.6341,0,100,91,76,1438,3504,2.08209,0,11.3366,2.92924,0,3408,50218898189
25.5267,39.1747,64.6341,0,100,91,76,1438,3504,2.08209,0,11.3366,2.92924,0,3408,50258073656
28.5904,34.9768,64.6341,0,100,91,76,1438,3504,2.08209,0,11.3366,2.92924,0,3408,50293051444
117.763,8.49163,64.6341,0,100,91,76,1438,3504,2.08209,0,11.3366,2.92924,0,3408,50301544607
40.6686,24.589,64.6341,0,100,91,76,1438,3504,2.08209,0,11.3366,2.92924,0,3408,50326135810
47.2281,21.1738,64.6341,0,100,91,76,1438,3504,2.08209,0,11.3366,2.92924,0,3408,50347314282
38.8183,25.761,56.5111,0,100,88,76,1428,3504,2.0818,0,11.3366,2.92924,0,3400,50373071691
38.9456,25.6768,56.5111,0,100,88,76,1428,3504,2.0818,0,11.3366,2.92924,0,3400,50398749456
50.5494,19.7826,56.5111,0,100,88,76,1428,3504,2.0818,0,11.3366,2.92924,0,3400,50418533312
43.2523,23.1201,56.5111,0,100,88,76,1428,3504,2.0818,0,11.3366,2.92924,0,3400,50441654437
34.0619,29.3583,56.5111,0,100,88,76,1428,3504,2.0818,0,11.3366,2.92924,0,3400,50471014019
50.3814,19.8486,56.5111,0,100,88,76,1428,3504,2.0818,0,11.3366,2.92924,0,3400,50490864471
45.0984,22.1738,56.5111,0,100,88,76,1428,3504,2.0818,0,11.3366,2.92924,0,3400,50513038628
36.2215,27.6079,56.5111,0,100,88,76,1428,3504,2.0818,0,11.3366,2.92924,0,3400,50540649129
45.2413,22.1037,56.5111,0,100,88,76,1428,3504,2.0818,0,11.3366,2.92924,0,3400,50562754401
37.6292,26.5751,56.5111,0,100,88,76,1428,3504,2.0818,0,11.3366,2.92924,0,3400,50589330125
41.5844,24.0475,56.5111,0,100,88,76,1428,3504,2.0818,0,11.3366,2.92924,0,3400,50613378615
46.0854,21.6988,56.5111,0,100,88,76,1428,3504,2.0818,0,11.3366,2.92924,0,3400,50635080995
35.457,28.2031,56.5111,0,100,88,76,1428,3504,2.0818,0,11.3366,2.92924,0,3400,50663284333
43.3955,23.0438,56.5111,0,100,88,76,1428,3504,2.0818,0,11.3366,2.92924,0,3400,50686329122
39.3707,25.3996,56.5111,0,100,88,76,1428,3504,2.0818,0,11.3366,2.92924,0,3400,50711730361
45.4303,22.0117,56.5111,0,100,88,76,1428,3504,2.0818,0,11.3366,2.92924,0,3400,50733742999
38.5968,25.9089,56.5111,0,100,88,76,1428,3504,2.0818,0,11.3366,2.92924,0,3400,50759653805
44.9294,22.2571,56.5111,0,100,88,76,1428,3504,2.0818,0,11.3366,2.92924,0,3400,50781911489
39.1755,25.5262,56.5111,0,100,88,76,1428,3504,2.0818,0,11.3366,2.92924,0,3400,50807437391
39.9013,25.0618,56.5111,0,100,88,76,1428,3504,2.0818,0,11.3366,2.92924,0,3400,50832500661
40.5713,24.648,56.5111,0,100,88,76,1428,3504,2.0818,0,11.3366,2.92924,0,3400,50857156504
23.5949,42.3821,57.2139,0,98,88,76,1424,3504,2.08087,0,11.3368,2.92924,0,3400,50899534683
164.532,6.07785,57.2139,0,98,88,76,1424,3504,2.08087,0,11.3368,2.92924,0,3400,50905612344
38.6213,25.8925,57.2139,0,98,88,76,1424,3504,2.08087,0,11.3368,2.92924,0,3400,50931507243
27.5678,36.2742,57.2139,0,98,88,76,1424,3504,2.08087,0,11.3368,2.92924,0,3400,50967782419
51.4498,19.4364,57.2139,0,98,88,76,1424,3504,2.08087,0,11.3368,2.92924,0,3400,50987219747
16.213,61.6789,57.2139,0,98,88,76,1424,3504,2.08087,0,11.3368,2.92924,0,3400,51048900253
95.7039,10.4489,57.2139,0,98,88,76,1424,3504,2.08087,0,11.3368,2.92924,0,3400,51059349487
50.1016,19.9595,57.2139,0,98,88,76,1424,3504,2.08087,0,11.3368,2.92924,0,3400,51079310278
28.8155,34.7035,57.2139,0,98,88,76,1424,3504,2.08087,0,11.3368,2.92924,0,3400,51114013512
75.74,13.2031,57.2139,0,98,88,76,1424,3504,2.08087,0,11.3368,2.92924,0,3400,51127219054
37.0855,26.9647,57.2139,0,98,88,76,1424,3504,2.08087,0,11.3368,2.92924,0,3400,51154184457
44.3227,22.5618,57.2139,0,98,88,76,1424,3504,2.08087,0,11.3368,2.92924,0,3400,51176747142
38.2352,26.1539,57.2139,0,98,88,76,1424,3504,2.08087,0,11.3368,2.92924,0,3400,51202902401
43.6818,22.8928,57.2139,0,98,88,76,1424,3504,2.08087,0,11.3368,2.92924,0,3400,51225796071
40.8563,24.476,57.2139,0,98,88,76,1424,3504,2.08087,0,11.3368,2.92924,0,3400,51250273504
40.2029,24.8739,57.2139,0,98,88,76,1424,3504,2.08087,0,11.3368,2.92924,0,3400,51275148744
41.1248,24.3162,57.2139,0,98,88,76,1424,3504,2.08087,0,11.3368,2.92924,0,3400,51299465899
42.205,23.6939,57.2139,0,98,88,76,1424,3504,2.08087,0,11.3368,2.92924,0,3400,51323161338
44.5233,22.4601,57.2139,0,98,88,76,1424,3504,2.08087,0,11.3368,2.92924,0,3400,51345622614
40.0564,24.9648,57.2139,0,98,88,76,1424,3504,2.08087,0,11.3368,2.92924,0,3400,51370614201
42.1151,23.7445,61.5385,0,95,92,76,1429,3504,2.06852,0,11.3379,2.92924,0,3400,51394333462
41.9948,23.8124,61.5385,0,95,92,76,1429,3504,2.06852,0,11.3379,2.92924,0,3400,51418147436
34.7173,28.8041,61.5385,0,95,92,76,1429,3504,2.06852,0,11.3379,2.92924,0,3400,51446952382
44.8018,22.3205,61.5385,0,95,92,76,1429,3504,2.06852,0,11.3379,2.92924,0,3400,51469273466
53.9978,18.5193,61.5385,0,95,92,76,1429,3504,2.06852,0,11.3379,2.92924,0,3400,51487795070
39.8679,25.0829,61.5385,0,95,92,76,1429,3504,2.06852,0,11.3379,2.92924,0,3400,51512878720
41.9474,23.8394,61.5385,0,95,92,76,1429,3504,2.06852,0,11.3379,2.92924,0,3400,51536722149
42.9056,23.307,61.5385,0,95,92,76,1429,3504,2.06852,0,11.3379,2.92924,0,3400,51560028558
44.2789,22.5841,61.5385,0,95,92,76,1429,3504,2.06852,0,11.3379,2.92924,0,3400,51582614073
39.9959,25.0026,61.5385,0,95,92,76,1429,3504,2.06852,0,11.3379,2.92924,0,3400,51607618382
38.4556,26.004,61.5385,0,95,92,76,1429,3504,2.06852,0,11.3379,2.92924,0,3400,51633623881
52.0523,19.2114,61.5385,0,95,92,76,1429,3504,2.06852,0,11.3379,2.92924,0,3400,51652837839
41.3783,24.1673,61.5385,0,95,92,76,1429,3504,2.06852,0,11.3379,2.92924,0,3400,51677005457
42.4515,23.5563,61.5385,0,95,92,76,1429,3504,2.06852,0,11.3379,2.92924,0,3400,51700562375
40.7651,24.5308,61.5385,0,95,92,76,1429,3504,2.06852,0,11.3379,2.92924,0,3400,51725094164
39.2407,25.4838,61.5385,0,95,92,76,1429,3504,2.06852,0,11.3379,2.92924,0,3400,51750579389
49.5729,20.1723,61.5385,0,95,92,76,1429,3504,2.06852,0,11.3379,2.92924,0,3400,51770751873
42.9981,23.2569,61.5385,0,95,92,76,1429,3504,2.06852,0,11.3379,2.92924,0,3400,51794010497
42.3292,23.6244,61.5385,0,95,92,76,1429,3504,2.06852,0,11.3379,2.92924,0,3400,51817635929
42.3509,23.6123,61.5385,0,95,92,76,1429,3504,2.06852,0,11.3379,2.92924,0,3400,51841249286
43.1717,23.1633,61.5385,0,95,92,76,1429,3504,2.06852,0,11.3379,2.92924,0,3400,51864414264
44.215,22.6168,61.5385,0,95,92,76,1429,3504,2.06852,0,11.3379,2.92924,0,3400,51887038102
40.8479,24.4811,62.8641,0,100,92,77,1532,3504,2.06621,0,11.3397,2.92924,0,3400,51911514275
40.1931,24.8799,62.8641,0,100,92,77,1532,3504,2.06621,0,11.3397,2.92924,0,3400,51936396231
42.284,23.6496,62.8641,0,100,92,77,1532,3504,2.06621,0,11.3397,2.92924,0,3400,51960047575
42.8999,23.3101,62.8641,0,100,92,77,1532,3504,2.06621,0,11.3397,2.92924,0,3400,51983359891
42.4948,23.5323,62.8641,0,100,92,77,1532,3504,2.06621,0,11.3397,2.92924,0,3400,52006891873
43.4638,23.0076,62.8641,0,100,92,77,1532,3504,2.06621,0,11.3397,2.92924,0,3400,52029902207
42.9632,23.2757,62.8641,0,100,92,77,1532,3504,2.06621,0,11.3397,2.92924,0,3400,52053179373
38.2703,26.1299,62.8641,0,100,92,77,1532,3504,2.06621,0,11.3397,2.92924,0,3400,52079310816
45.3742,22.039,62.8641,0,100,92,77,1532,3504,2.06621,0,11.3397,2.92924,0,3400,52101354295
42.4964,23.5314,62.8641,0,100,92,77,1532,3504,2.06621,0,11.3397,2.92924,0,3400,52124886180
44.8081,22.3174,62.8641,0,100,92,77,1532,3504,2.06621,0,11.3397,2.92924,0,3400,52147203844
37.9119,26.3769,62.8641,0,100,92,77,1532,3504,2.06621,0,11.3397,2.92924,0,3400,52173580602
45.2462,22.1013,62.8641,0,100,92,77,1532,3504,2.06621,0,11.3397,2.92924,0,3400,52195683948
43.4106,23.0358,62.8641,0,100,92,77,1532,3504,2.06621,0,11.3397,2.92924,0,3400,52218720326
39.718,25.1775,62.8641,0,100,92,77,1532,3504,2.06621,0,11.3397,2.92924,0,3400,52243899412
47.3417,21.123,62.8641,0,100,92,77,1532,3504,2.06621,0,11.3397,2.92924,0,3400,52265023699
41.044,24.3641,62.8641,0,100,92,77,1532,3504,2.06621,0,11.3397,2.92924,0,3400,52289389167
41.5704,24.0556,62.8641,0,100,92,77,1532,3504,2.06621,0,11.3397,2.92924,0,3400,52313448193
43.5962,22.9378,62.8641,0,100,92,77,1532,3504,2.06621,0,11.3397,2.92924,0,3400,52336384841
40.3498,24.7833,62.8641,0,100,92,77,1532,3504,2.06621,0,11.3397,2.92924,0,3400,52361169261
48.2141,20.7408,62.8641,0,100,92,77,1532,3504,2.06621,0,11.3397,2.92924,0,3400,52381911396
42.2077,23.6924,62.8641,0,100,92,77,1532,3504,2.06621,0,11.3397,2.92924,0,3400,52405610871
42.0492,23.7816,70.1712,0,100,96,77,1532,3504,2.06621,0,11.3405,2.92924,0,3400,52429387609
39.3474,25.4146,70.1712,0,100,96,77,1532,3504,2.06621,0,11.3405,2.92924,0,3400,52454804602
47.1995,21.1866,70.1712,0,100,96,77,1532,3504,2.06621,0,11.3405,2.92924,0,3400,52475991322
40.4926,24.6959,70.1712,0,100,96,77,1532,3504,2.06621,0,11.3405,2.92924,0,3400,52500688239
42.3126,23.6336,70.1712,0,100,96,77,1532,3504,2.06621,0,11.3405,2.92924,0,3400,52524323749
41.4625,24.1182,70.1712,0,100,96,77,1532,3504,2.06621,0,11.3405,2.92924,0,3400,52548442019
41.0576,24.356,70.1712,0,100,96,77,1532,3504,2.06621,0,11.3405,2.92924,0,3400,52572799461
42.7875,23.3713,70.1712,0,100,96,77,1532,3504,2.06621,0,11.3405,2.92924,0,3400,52596172158
40.5445,24.6642,70.1712,0,100,96,77,1532,3504,2.06621,0,11.3405,2.92924,0,3400,52620837786
47.1243,21.2205,70.1712,0,100,96,77,1532,3504,2.06621,0,11.3405,2.92924,0,3400,52642058819
38.9109,25.6997,70.1712,0,100,96,77,1532,3504,2.06621,0,11.3405,2.92924,0,3400,52667760030
36.8907,27.1071,70.1712,0,100,96,77,1532,3504,2.06621,0,11.3405,2.92924,0,3400,52694869321
48.7424,20.516,70.1712,0,100,96,77,1532,3504,2.06621,0,11.3405,2.92924,0,3400,52715385940
37.5215,26.6514,70.1712,0,100,96,77,1532,3504,2.06621,0,11.3405,2.92924,0,3400,52742038203
45.6939,21.8847,70.1712,0,100,96,77,1532,3504,2.06621,0,11.3405,2.92924,0,3400,52763923390
42.8984,23.3109,70.1712,0,100,96,77,1532,3504,2.06621,0,11.3405,2.92924,0,3400,52787236672
42.4411,23.5621,70.1712,0,100,96,77,1532,3504,2.06621,0,11.3405,2.92924,0,3400,52810798983
39.5034,25.3143,70.1712,0,100,96,77,1532,3504,2.06621,0,11.3405,2.92924,0,3400,52836113939
41.2443,24.2458,70.1712,0,100,96,77,1532,3504,2.06621,0,11.3405,2.92924,0,3400,52860362051
44.1765,22.6365,70.1712,0,100,96,77,1532,3504,2.06621,0,11.3405,2.92924,0,3400,52882999366
40.5615,24.6539,70.1712,0,100,96,77,1532,3504,2.06621,0,11.3405,2.92924,0,3400,52907660703
42.9028,23.3085,64.6766,0,100,96,78,1544,3504,2.07785,0,11.3418,2.92924,0,3400,52930963834
42.5411,23.5067,64.6766,0,100,96,78,1544,3504,2.07785,0,11.3418,2.92924,0,3400,52954471231
41.698,23.982,64.6766,0,100,96,78,1544,3504,2.07785,0,11.3418,2.92924,0,3400,52978454646
41.2848,24.222,64.6766,0,100,96,78,1544,3504,2.07785,0,11.3418,2.92924,0,3400,53002678377
42.6472,23.4482,64.6766,0,100,96,78,1544,3504,2.07785,0,11.3418,2.92924,0,3400,53026127605
37.6792,26.5398,64.6766,0,100,96,78,1544,3504,2.07785,0,11.3418,2.92924,0,3400,53052668338
43.2909,23.0995,64.6766,0,100,96,78,1544,3504,2.07785,0,11.3418,2.92924,0,3400,53075770199
39.1532,25.5407,64.6766,0,100,96,78,1544,3504,2.07785,0,11.3418,2.92924,0,3400,53101312022
48.6962,20.5355,64.6766,0,100,96,78,1544,3504,2.07785,0,11.3418,2.92924,0,3400,53121849098
40.7114,24.5631,64.6766,0,100,96,78,1544,3504,2.07785,0,11.3418,2.92924,0,3400,53146414033
39.6913,25.1944,64.6766,0,100,96,78,1544,3504,2.07785,0,11.3418,2.92924,0,3400,53171610167
42.7653,23.3835,64.6766,0,100,96,78,1544,3504,2.07785,0,11.3418,2.92924,0,3400,53194994473
42.1518,23.7238,64.6766,0,100,96,78,1544,3504,2.07785,0,11.3418,2.92924,0,3400,53218719270
37.479,26.6816,64.6766,0,100,96,78,1544,3504,2.07785,0,11.3418,2.92924,0,3400,53245402290
44.5439,22.4497,64.6766,0,100,96,78,1544,3504,2.07785,0,11.3418,2.92924,0,3400,53267874279
39.879,25.0759,64.6766,0,100,96,78,1544,3504,2.07785,0,11.3418,2.92924,0,3400,53292929972
43.3056,23.0917,64.6766,0,100,96,78,1544,3504,2.07785,0,11.3418,2.92924,0,3400,53316023933
41.455,24.1225,64.6766,0,100,96,78,1544,3504,2.07785,0,11.3418,2.92924,0,3400,53340147572
40.559,24.6554,64.6766,0,100,96,78,1544,3504,2.07785,0,11.3418,2.92924,0,3400,53364804515
41.0843,24.3402,64.6766,0,100,96,78,1544,3504,2.07785,0,11.3418,2.92924,0,3400,53389146656
39.9036,25.0604,64.6766,0,100,96,78,1544,3504,2.07785,0,11.3418,2.92924,0,3400,53414217439
45.0051,22.2197,64.8515,0,100,93,78,1544,3504,2.08181,0,11.3423,2.92924,0,3400,53436429464
39.0557,25.6045,64.8515,0,100,93,78,1544,3504,2.08181,0,11.3423,2.92924,0,3400,53462034967
45.0322,22.2063,64.8515,0,100,93,78,1544,3504,2.08181,0,11.3423,2.92924,0,3400,53484242595
43.0481,23.2298,64.8515,0,100,93,78,1544,3504,2.08181,0,11.3423,2.92924,0,3400,53507473381
37.2215,26.8662,64.8515,0,100,93,78,1544,3504,2.08181,0,11.3423,2.92924,0,3400,53534340453
46.2072,21.6416,64.8515,0,100,93,78,1544,3504,2.08181,0,11.3423,2.92924,0,3400,53555983304
41.3669,24.1739,64.8515,0,100,93,78,1544,3504,2.08181,0,11.3423,2.92924,0,3400,53580157999
40.8016,24.5088,64.8515,0,100,93,78,1544,3504,2.08181,0,11.3423,2.92924,0,3400,53604668154
43.4714,23.0036,64.8515,0,100,93,78,1544,3504,2.08181,0,11.3423,2.92924,0,3400,53627674034
40.9108,24.4434,64.8515,0,100,93,78,1544,3504,2.08181,0,11.3423,2.92924,0,3400,53652117530
43.1052,23.1991,64.8515,0,100,93,78,1544,3504,2.08181,0,11.3423,2.92924,0,3400,53675317663
40.0411,24.9743,64.8515,0,100,93,78,1544,3504,2.08181,0,11.3423,2.92924,0,3400,53700294098
36.4943,27.4015,64.8515,0,100,93,78,1544,3504,2.08181,0,11.3423,2.92924,0,3400,53727696199
48.0282,20.8211,64.8515,0,100,93,78,1544,3504,2.08181,0,11.3423,2.92924,0,3400,53748518289
40.5689,24.6494,64.8515,0,100,93,78,1544,3504,2.08181,0,11.3423,2.92924,0,3400,53773170917
40.1173,24.9269,64.8515,0,100,93,78,1544,3504,2.08181,0,11.3423,2.92924,0,3400,53798098357
43.6161,22.9273,64.8515,0,100,93,78,1544,3504,2.08181,0,11.3423,2.92924,0,3400,53821027379
41.9474,23.8394,64.8515,0,100,93,78,1544,3504,2.08181,0,11.3423,2.92924,0,3400,53844867333
41.105,24.3279,64.8515,0,100,93,78,1544,3504,2.08181,0,11.3423,2.92924,0,3400,53869195578
39.3943,25.3844,64.8515,0,100,93,78,1544,3504,2.08181,0,11.3423,2.92924,0,3400,53894581916
45.2842,22.0828,64.8515,0,100,93,78,1544,3504,2.08181,0,11.3423,2.92924,0,3400,53916673930
38.4493,26.0083,65.1629,0,100,93,78,1545,3504,2.08354,0,11.3432,2.92924,0,3400,53942677179
41.5388,24.0739,65.1629,0,100,93,78,1545,3504,2.08354,0,11.3432,2.92924,0,3400,53966750912
42.2364,23.6762,65.1629,0,100,93,78,1545,3504,2.08354,0,11.3432,2.92924,0,3400,53990428567
41.7994,23.9238,65.1629,0,100,93,78,1545,3504,2.08354,0,11.3432,2.92924,0,3400,54014353718
43.2232,23.1357,65.1629,0,100,93,78,1545,3504,2.08354,0,11.3432,2.92924,0,3400,54037489834
37.9985,26.3168,65.1629,0,100,93,78,1545,3504,2.08354,0,11.3432,2.92924,0,3400,54063810074
39.8354,25.1033,65.1629,0,100,93,78,1545,3504,2.08354,0,11.3432,2.92924,0,3400,54088913364
45.5795,21.9397,65.1629,0,100,93,78,1545,3504,2.08354,0,11.3432,2.92924,0,3400,54110853263
38.6611,25.8658,65.1629,0,100,93,78,1545,3504,2.08354,0,11.3432,2.92924,0,3400,54136721027
42.9268,23.2955,65.1629,0,100,93,78,1545,3504,2.08354,0,11.3432,2.92924,0,3400,54160017497
42.8578,23.333,65.1629,0,100,93,78,1545,3504,2.08354,0,11.3432,2.92924,0,3400,54183351986
40.6693,24.5886,65.1629,0,100,93,78,1545,3504,2.08354,0,11.3432,2.92924,0,3400,54207940355
39.2759,25.4609,65.1629,0,100,93,78,1545,3504,2.08354,0,11.3432,2.92924,0,3400,54233402735
42.8449,23.34,65.1629,0,100,93,78,1545,3504,2.08354,0,11.3432,2.92924,0,3400,54256743912
38.1891,26.1855,65.1629,0,100,93,78,1545,3504,2.08354,0,11.3432,2.92924,0,3400,54282931574
42.8398,23.3428,65.1629,0,100,93,78,1545,3504,2.08354,0,11.3432,2.92924,0,3400,54306274620
40.5493,24.6613,65.1629,0,100,93,78,1545,3504,2.08354,0,11.3432,2.92924,0,3400,54330937259
53.4557,18.7071,65.1629,0,100,93,78,1545,3504,2.08354,0,11.3432,2.92924,0,3400,54349645216
40.7692,24.5283,65.1629,0,100,93,78,1545,3504,2.08354,0,11.3432,2.92924,0,3400,54374175041
44.2438,22.602,65.1629,0,100,93,78,1545,3504,2.08354,0,11.3432,2.92924,0,3400,54396798889
45.8872,21.7926,65.1629,0,100,93,78,1545,3504,2.08354,0,11.3432,2.92924,0,3400,54418584421
43.5927,22.9396,68.0693,0,100,96,78,1548,3504,2.08502,0,11.3437,2.92924,0,3400,54441512367
43.6594,22.9046,68.0693,0,100,96,78,1548,3504,2.08502,0,11.3437,2.92924,0,3400,54464417129
34.5129,28.9747,68.0693,0,100,96,78,1548,3504,2.08502,0,11.3437,2.92924,0,3400,54493412132
62.0978,16.1036,68.0693,0,100,96,78,1548,3504,2.08502,0,11.3437,2.92924,0,3400,54509516728
40.1688,24.895,68.0693,0,100,96,78,1548,3504,2.08502,0,11.3437,2.92924,0,3400,54534415220
44.9333,22.2552,68.0693,0,100,96,78,1548,3504,2.08502,0,11.3437,2.92924,0,3400,54556669075
41.4703,24.1136,68.0693,0,100,96,78,1548,3504,2.08502,0,11.3437,2.92924,0,3400,54580785430
41.7614,23.9455,68.0693,0,100,96,78,1548,3504,2.08502,0,11.3437,2.92924,0,3400,54604735008
44.3689,22.5383,68.0693,0,100,96,78,1548,3504,2.08502,0,11.3437,2.92924,0,3400,54627270977
42.4043,23.5825,68.0693,0,100,96,78,1548,3504,2.08502,0,11.3437,2.92924,0,3400,54650855766
46.0317,21.7242,68.0693,0,100,96,78,1548,3504,2.08502,0,11.3437,2.92924,0,3400,54672582324
39.1769,25.5253,68.0693,0,100,96,78,1548,3504,2.08502,0,11.3437,2.92924,0,3400,54698107676
42.881,23.3204,68.0693,0,100,96,78,1548,3504,2.08502,0,11.3437,2.92924,0,3400,54721429309
41.9505,23.8376,68.0693,0,100,96,78,1548,3504,2.08502,0,11.3437,2.92924,0,3400,54745267756
44.7832,22.3298,68.0693,0,100,96,78,1548,3504,2.08502,0,11.3437,2.92924,0,3400,54767602529
43.2455,23.1238,68.0693,0,100,96,78,1548,3504,2.08502,0,11.3437,2.92924,0,3400,54790727083
45.3088,22.0708,68.0693,0,100,96,78,1548,3504,2.08502,0,11.3437,2.92924,0,3400,54812799313
45.9689,21.7538,68.0693,0,100,96,78,1548,3504,2.08502,0,11.3437,2.92924,0,3400,54834554228
39.8891,25.0695,68.0693,0,100,96,78,1548,3504,2.08502,0,11.3437,2.92924,0,3400,54859625946
40.0856,24.9466,68.0693,0,100,96,78,1548,3504,2.08502,0,11.3437,2.92924,0,3400,54884573251
52.1735,19.1668,68.0693,0,100,96,78,1548,3504,2.08502,0,11.3437,2.92924,0,3400,54903741785
42.7742,23.3786,68.0693,0,100,96,78,1548,3504,2.08502,0,11.3437,2.92924,0,3400,54927128207
41.9745,23.824,69.0998,0,100,96,78,1617,3504,2.10134,0,11.3519,2.92924,0,3400,54950952328
44.5119,22.4659,69.0998,0,100,96,78,1617,3504,2.10134,0,11.3519,2.92924,0,3400,54973415506
35.6471,28.0528,69.0998,0,100,96,78,1617,3504,2.10134,0,11.3519,2.92924,0,3400,55001469664
56.1953,17.7951,69.0998,0,100,96,78,1617,3504,2.10134,0,11.3519,2.92924,0,3400,55019264822
43.4467,23.0167,69.0998,0,100,96,78,1617,3504,2.10134,0,11.3519,2.92924,0,3400,55042285406
42.4856,23.5374,69.0998,0,100,96,78,1617,3504,2.10134,0,11.3519,2.92924,0,3400,55065825088
43.0079,23.2515,69.0998,0,100,96,78,1617,3504,2.10134,0,11.3519,2.92924,0,3400,55089076321
39.5475,25.2861,69.0998,0,100,96,78,1617,3504,2.10134,0,11.3519,2.92924,0,3400,55114362451
47.4508,21.0745,69.0998,0,100,96,78,1617,3504,2.10134,0,11.3519,2.92924,0,3400,55135437495
46.4449,21.5309,69.0998,0,100,96,78,1617,3504,2.10134,0,11.3519,2.92924,0,3400,55156970533
44.7823,22.3303,69.0998,0,100,96,78,1617,3504,2.10134,0,11.3519,2.92924,0,3400,55179301584
40.2802,24.8261,69.0998,0,100,96,78,1617,3504,2.10134,0,11.3519,2.92924,0,3400,55204128414
46.0386,21.7209,69.0998,0,100,96,78,1617,3504,2.10134,0,11.3519,2.92924,0,3400,55225851599
44.4569,22.4937,69.0998,0,100,96,78,1617,3504,2.10134,0,11.3519,2.92924,0,3400,55248345829
44.6569,22.393,69.0998,0,100,96,78,1617,3504,2.10134,0,11.3519,2.92924,0,3400,55270740217
42.5824,23.4839,69.0998,0,100,96,78,1617,3504,2.10134,0,11.3519,2.92924,0,3400,55294224353
39.3474,25.4146,69.0998,0,100,96,78,1617,3504,2.10134,0,11.3519,2.92924,0,3400,55319640278
47.705,20.9622,69.0998,0,100,96,78,1617,3504,2.10134,0,11.3519,2.92924,0,3400,55340604282
43.0128,23.2489,69.0998,0,100,96,78,1617,3504,2.10134,0,11.3519,2.92924,0,3400,55363853468
41.037,24.3683,69.0998,0,100,96,78,1617,3504,2.10134,0,11.3519,2.92924,0,3400,55388236059
39.4587,25.343,69.0998,0,100,96,78,1617,3504,2.10134,0,11.3519,2.92924,0,3400,55413579747
42.3384,23.6192,69.0998,0,100,96,78,1617,3504,2.10134,0,11.3519,2.92924,0,3400,55437213675
50.5216,19.7935,69.4581,0,100,94,80,1632,3504,2.10612,0,11.3374,2.92924,0,3404,55457000736
24.6057,40.641,69.4581,0,100,94,80,1632,3504,2.10612,0,11.3374,2.92924,0,3404,55497643516
69.5361,14.381,69.4581,0,100,94,80,1632,3504,2.10612,0,11.3374,2.92924,0,3404,55512025410
51.422,19.4469,69.4581,0,100,94,80,1632,3504,2.10612,0,11.3374,2.92924,0,3404,55531475212
40.4863,24.6997,69.4581,0,100,94,80,1632,3504,2.10612,0,11.3374,2.92924,0,3404,55556175394
48.5633,20.5917,69.4581,0,100,94,80,1632,3504,2.10612,0,11.3374,2.92924,0,3404,55576767499
40.7249,24.555,69.4581,0,100,94,80,1632,3504,2.10612,0,11.3374,2.92924,0,3404,55601324591
43.0216,23.2441,69.4581,0,100,94,80,1632,3504,2.10612,0,11.3374,2.92924,0,3404,55624570311
41.8758,23.8802,69.4581,0,100,94,80,1632,3504,2.10612,0,11.3374,2.92924,0,3404,55648452146
44.1387,22.6559,69.4581,0,100,94,80,1632,3504,2.10612,0,11.3374,2.92924,0,3404,55671109078
42.3178,23.6307,69.4581,0,100,94,80,1632,3504,2.10612,0,11.3374,2.92924,0,3404,55694741129
41.7066,23.977,69.4581,0,100,94,80,1632,3504,2.10612,0,11.3374,2.92924,0,3404,55718719432
43.0066,23.2523,69.4581,0,100,94,80,1632,3504,2.10612,0,11.3374,2.92924,0,3404,55741972987
41.4526,24.1239,69.4581,0,100,94,80,1632,3504,2.10612,0,11.3374,2.92924,0,3404,55766098428
46.3477,21.576,69.4581,0,100,94,80,1632,3504,2.10612,0,11.3374,2.92924,0,3404,55787675273
41.2511,24.2418,69.4581,0,100,94,80,1632,3504,2.10612,0,11.3374,2.92924,0,3404,55811919119
44.3694,22.538,69.4581,0,100,94,80,1632,3504,2.10612,0,11.3374,2.92924,0,3404,55834457601
40.2151,24.8663,69.4581,0,100,94,80,1632,3504,2.10612,0,11.3374,2.92924,0,3404,55859324803
25.5601,39.1235,69.4581,0,100,94,80,1632,3504,2.10612,0,11.3374,2.92924,0,3404,55898449099
77.1607,12.96,69.4581,0,100,94,80,1632,3504,2.10612,0,11.3374,2.92924,0,3404,55911410518
54.0026,18.5176,69.4581,0,100,94,80,1632,3504,2.10612,0,11.3374,2.92924,0,3404,55929928767
40.083,24.9482,69.4581,0,100,94,80,1632,3504,2.10612,0,11.3374,2.92924,0,3404,55954884376
43.0674,23.2194,66.0147,0,100,94,80,1632,3504,2.11028,0,11.3401,2.92924,0,3400,55978100287
43.402,23.0404,66.0147,0,100,94,80,1632,3504,2.11028,0,11.3401,2.92924,0,3400,56001140943
44.6219,22.4105,66.0147,0,100,94,80,1632,3504,2.11028,0,11.3401,2.92924,0,3400,56023554003
41.9361,23.8458,66.0147,0,100,94,80,1632,3504,2.11028,0,11.3401,2.92924,0,3400,56047400126
45.3508,22.0503,66.0147,0,100,94,80,1632,3504,2.11028,0,11.3401,2.92924,0,3400,56069451885
43.8802,22.7893,66.0147,0,100,94,80,1632,3504,2.11028,0,11.3401,2.92924,0,3400,56092242739
40.6435,24.6042,66.0147,0,100,94,80,1632,3504,2.11028,0,11.3401,2.92924,0,3400,56116847227
43.4521,23.0138,66.0147,0,100,94,80,1632,3504,2.11028,0,11.3401,2.92924,0,3400,56139860943
42.099,23.7535,66.0147,0,100,94,80,1632,3504,2.11028,0,11.3401,2.92924,0,3400,56163618654
43.0202,23.2449,66.0147,0,100,94,80,1632,3504,2.11028,0,11.3401,2.92924,0,3400,56186862193
44.2725,22.5874,66.0147,0,100,94,80,1632,3504,2.11028,0,11.3401,2.92924,0,3400,56209463430
37.1322,26.9308,66.0147,0,100,94,80,1632,3504,2.11028,0,11.3401,2.92924,0,3400,56236396362
44.8006,22.3211,66.0147,0,100,94,80,1632,3504,2.11028,0,11.3401,2.92924,0,3400,56258731030
44.6344,22.4043,66.0147,0,100,94,80,1632,3504,2.11028,0,11.3401,2.92924,0,3400,56281123671
40.5393,24.6674,66.0147,0,100,94,80,1632,3504,2.11028,0,11.3401,2.92924,0,3400,56305792291
39.7489,25.1579,66.0147,0,100,94,80,1632,3504,2.11028,0,11.3401,2.92924,0,3400,56330951151
42.9331,23.292,66.0147,0,100,94,80,1632,3504,2.11028,0,11.3401,2.92924,0,3400,56354244841
45.9987,21.7398,66.0147,0,100,94,80,1632,3504,2.11028,0,11.3401,2.92924,0,3400,56375985587
42.47,23.5461,66.0147,0,100,94,80,1632,3504,2.11028,0,11.3401,2.92924,0,3400,56399532356
41.6207,24.0265,66.0147,0,100,94,80,1632,3504,2.11028,0,11.3401,2.92924,0,3400,56423560402
36.3127,27.5386,66.0147,0,100,94,80,1632,3504,2.11028,0,11.3401,2.92924,0,3400,56451101010
50.7369,19.7095,66.0147,0,100,94,80,1632,3504,2.11028,0,11.3401,2.92924,0,3400,56470817435
42.2011,23.696,60.9223,0,100,95,80,1632,3504,2.11028,0,11.3501,2.92924,0,3400,56494509132
40.2102,24.8693,60.9223,0,100,95,80,1632,3504,2.11028,0,11.3501,2.92924,0,3400,56519379568
41.9128,23.859,60.9223,0,100,95,80,1632,3504,2.11028,0,11.3501,2.92924,0,3400,56543240337
42.9968,23.2575,60.9223,0,100,95,80,1632,3504,2.11028,0,11.3501,2.92924,0,3400,56566500404
39.8307,25.1063,60.9223,0,100,95,80,1632,3504,2.11028,0,11.3501,2.92924,0,3400,56591607451
42.1194,23.742,60.9223,0,100,95,80,1632,3504,2.11028,0,11.3501,2.92924,0,3400,56615350712
43.7343,22.8654,60.9223,0,100,95,80,1632,3504,2.11028,0,11.3501,2.92924,0,3400,56638219121
40.8358,24.4883,60.9223,0,100,95,80,1632,3504,2.11028,0,11.3501,2.92924,0,3400,56662707000
45.6468,21.9073,60.9223,0,100,95,80,1632,3504,2.11028,0,11.3501,2.92924,0,3400,56684615648
40.6164,24.6206,60.9223,0,100,95,80,1632,3504,2.11028,0,11.3501,2.92924,0,3400,56709237209
42.7796,23.3756,60.9223,0,100,95,80,1632,3504,2.11028,0,11.3501,2.92924,0,3400,56732615462
40.4308,24.7336,60.9223,0,100,95,80,1632,3504,2.11028,0,11.3501,2.92924,0,3400,56757348984
42.2446,23.6717,60.9223,0,100,95,80,1632,3504,2.11028,0,11.3501,2.92924,0,3400,56781023438
40.7651,24.5308,60.9223,0,100,95,80,1632,3504,2.11028,0,11.3501,2.92924,0,3400,56805554487
44.9348,22.2545,60.9223,0,100,95,80,1632,3504,2.11028,0,11.3501,2.92924,0,3400,56827810336
43.6707,22.8986,60.9223,0,100,95,80,1632,3504,2.11028,0,11.3501,2.92924,0,3400,56850709821
40.516,24.6816,60.9223,0,100,95,80,1632,3504,2.11028,0,11.3501,2.92924,0,3400,56875392994
50.2644,19.8948,60.9223,0,100,95,80,1632,3504,2.11028,0,11.3501,2.92924,0,3400,56895288700
20.2258,49.4419,60.9223,0,100,95,80,1632,3504,2.11028,0,11.3501,2.92924,0,3400,56944732448
29.5014,33.8967,60.9223,0,100,95,80,1632,3504,2.11028,0,11.3501,2.92924,0,3400,56978635005
24.5041,40.8095,62.8641,0,100,95,80,1635,3504,2.1131,0,11.3587,2.92924,0,3400,57019440023
43.6046,22.9334,62.8641,0,100,95,80,1635,3504,2.1131,0,11.3587,2.92924,0,3400,57042376697
44.5348,22.4544,62.8641,0,100,95,80,1635,3504,2.1131,0,11.3587,2.92924,0,3400,57064833650
39.1441,25.5467,62.8641,0,100,95,80,1635,3504,2.1131,0,11.3587,2.92924,0,3400,57090379203
51.4848,19.4232,62.8641,0,100,95,80,1635,3504,2.1131,0,11.3587,2.92924,0,3400,57109804179
53.2425,18.782,62.8641,0,100,95,80,1635,3504,2.1131,0,11.3587,2.92924,0,3400,57128603055
26.5921,37.6052,62.8641,0,100,95,80,1635,3504,2.1131,0,11.3587,2.92924,0,3400,57166193308
43.1845,23.1565,62.8641,0,100,95,80,1635,3504,2.1131,0,11.3587,2.92924,0,3400,57189351182
48.896,20.4516,62.8641,0,100,95,80,1635,3504,2.1131,0,11.3587,2.92924,0,3400,57209803426
46.4476,21.5297,62.8641,0,100,95,80,1635,3504,2.1131,0,11.3587,2.92924,0,3400,57231335089
49.8642,20.0545,62.8641,0,100,95,80,1635,3504,2.1131,0,11.3587,2.92924,0,3400,57251390510
49.5587,20.1781,62.8641,0,100,95,80,1635,3504,2.1131,0,11.3587,2.92924,0,3400,57271569373
72.3274,13.826,62.8641,0,100,95,80,1635,3504,2.1131,0,11.3587,2.92924,0,3400,57285398233
48.0481,20.8125,62.8641,0,100,95,80,1635,3504,2.1131,0,11.3587,2.92924,0,3400,57306209986
42.3199,23.6295,62.8641,0,100,95,80,1635,3504,2.1131,0,11.3587,2.92924,0,3400,57329840092
48.5358,20.6034,62.8641,0,100,95,80,1635,3504,2.1131,0,11.3587,2.92924,0,3400,57350448805
46.0839,21.6996,62.8641,0,100,95,80,1635,3504,2.1131,0,11.3587,2.92924,0,3400,57372148273
44.8262,22.3084,62.8641,0,100,95,80,1635,3504,2.1131,0,11.3587,2.92924,0,3400,57394457516
45.1597,22.1436,62.8641,0,100,95,80,1635,3504,2.1131,0,11.3587,2.92924,0,3400,57416602193
43.9078,22.775,62.8641,0,100,95,80,1635,3504,2.1131,0,11.3587,2.92924,0,3400,57439378120
44.3543,22.5457,62.8641,0,100,95,80,1635,3504,2.1131,0,11.3587,2.92924,0,3400,57461924901
46.9481,21.3001,62.8641,0,100,95,80,1635,3504,2.1131,0,11.3587,2.92924,0,3400,57483232317
41.321,24.2008,55.0617,0,99,88,80,1644,3504,2.12836,0,11.3598,2.92924,0,3403,57507427542
45.987,21.7453,55.0617,0,99,88,80,1644,3504,2.12836,0,11.3598,2.92924,0,3403,57529174053
45.0107,22.2169,55.0617,0,99,88,80,1644,3504,2.12836,0,11.3598,2.92924,0,3403,57551392715
43.2384,23.1276,55.0617,0,99,88,80,1644,3504,2.12836,0,11.3598,2.92924,0,3403,57574520410
46.2441,21.6244,55.0617,0,99,88,80,1644,3504,2.12836,0,11.3598,2.92924,0,3403,57596149531
44.0636,22.6945,55.0617,0,99,88,80,1644,3504,2.12836,0,11.3598,2.92924,0,3403,57618843214
41.2244,24.2575,55.0617,0,99,88,80,1644,3504,2.12836,0,11.3598,2.92924,0,3403,57643105591
47.416,21.0899,55.0617,0,99,88,80,1644,3504,2.12836,0,11.3598,2.92924,0,3403,57664196628
45.3379,22.0566,55.0617,0,99,88,80,1644,3504,2.12836,0,11.3598,2.92924,0,3403,57686254392
41.4613,24.1189,55.0617,0,99,88,80,1644,3504,2.12836,0,11.3598,2.92924,0,3403,57710374919
45.6584,21.9018,55.0617,0,99,88,80,1644,3504,2.12836,0,11.3598,2.92924,0,3403,57732277450
39.4685,25.3367,55.0617,0,99,88,80,1644,3504,2.12836,0,11.3598,2.92924,0,3403,57757616280
47.5092,21.0486,55.0617,0,99,88,80,1644,3504,2.12836,0,11.3598,2.92924,0,3403,57778665196
50.4647,19.8158,55.0617,0,99,88,80,1644,3504,2.12836,0,11.3598,2.92924,0,3403,57798486143
43.3228,23.0825,55.0617,0,99,88,80,1644,3504,2.12836,0,11.3598,2.92924,0,3403,57821567515
47.0358,21.2604,55.0617,0,99,88,80,1644,3504,2.12836,0,11.3598,2.92924,0,3403,57842829885
42.5173,23.5198,55.0617,0,99,88,80,1644,3504,2.12836,0,11.3598,2.92924,0,3403,57866349337
43.4312,23.0249,55.0617,0,99,88,80,1644,3504,2.12836,0,11.3598,2.92924,0,3403,57889378485
43.4518,23.014,55.0617,0,99,88,80,1644,3504,2.12836,0,11.3598,2.92924,0,3403,57912390730
41.0039,24.3879,55.0617,0,99,88,80,1644,3504,2.12836,0,11.3598,2.92924,0,3403,57936779734
46.6123,21.4536,55.0617,0,99,88,80,1644,3504,2.12836,0,11.3598,2.92924,0,3403,57958235700
41.6887,23.9873,55.0617,0,99,88,80,1644,3504,2.12836,0,11.3598,2.92924,0,3403,57982224088
43.7713,22.846,55.0617,0,99,88,80,1644,3504,2.12836,0,11.3598,2.92924,0,3403,58005076452
37.0158,27.0155,65.9259,0,92,88,81,1679,3504,2.1293,0,11.3625,2.92924,0,3427,58032087435
41.1594,24.2958,65.9259,0,92,88,81,1679,3504,2.1293,0,11.3625,2.92924,0,3427,58056384992
42.1877,23.7036,65.9259,0,92,88,81,1679,3504,2.1293,0,11.3625,2.92924,0,3427,58080089810
40.5692,24.6493,65.9259,0,92,88,81,1679,3504,2.1293,0,11.3625,2.92924,0,3427,58104739192
39.723,25.1744,65.9259,0,92,88,81,1679,3504,2.1293,0,11.3625,2.92924,0,3427,58129916154
37.6639,26.5507,65.9259,0,92,88,81,1679,3504,2.1293,0,11.3625,2.92924,0,3427,58156467949
38.994,25.645,65.9259,0,92,88,81,1679,3504,2.1293,0,11.3625,2.92924,0,3427,58182113991
40.8072,24.5055,65.9259,0,92,88,81,1679,3504,2.1293,0,11.3625,2.92924,0,3427,58206620501
38.225,26.1609,65.9259,0,92,88,81,1679,3504,2.1293,0,11.3625,2.92924,0,3427,58232782393
39.6039,25.2501,65.9259,0,92,88,81,1679,3504,2.1293,0,11.3625,2.92924,0,3427,58258033716
38.8081,25.7678,65.9259,0,92,88,81,1679,3504,2.1293,0,11.3625,2.92924,0,3427,58283802410
28.7734,34.7543,65.9259,0,92,88,81,1679,3504,2.1293,0,11.3625,2.92924,0,3427,58318587156
36.8588,27.1305,65.9259,0,92,88,81,1679,3504,2.1293,0,11.3625,2.92924,0,3427,58345711465
39.4293,25.3618,65.9259,0,92,88,81,1679,3504,2.1293,0,11.3625,2.92924,0,3427,58371074706
38.1046,26.2436,65.9259,0,92,88,81,1679,3504,2.1293,0,11.3625,2.92924,0,3427,58397341439
25.1571,39.7503,65.9259,0,92,88,81,1679,3504,2.1293,0,11.3625,2.92924,0,3427,58437092268
44.8098,22.3165,65.9259,0,92,88,81,1679,3504,2.1293,0,11.3625,2.92924,0,3427,58459409750
31.3911,31.8562,65.9259,0,92,88,81,1679,3504,2.1293,0,11.3625,2.92924,0,3427,58491266102
29.2411,34.1985,65.9259,0,92,88,81,1679,3504,2.1293,0,11.3625,2.92924,0,3427,58525472936
27.8289,35.9339,77.4818,0,100,88,80,1579,3504,2.14612,0,11.3632,2.92924,0,1730,58561584151
43.3766,23.0539,77.4818,0,100,88,80,1579,3504,2.14612,0,11.3632,2.92924,0,1730,58584477850
32.0603,31.1913,77.4818,0,100,88,80,1579,3504,2.14612,0,11.3632,2.92924,0,1730,58615670258
35.3342,28.3012,77.4818,0,100,88,80,1579,3504,2.14612,0,11.3632,2.92924,0,1730,58643994118
29.1005,34.3637,77.4818,0,100,88,80,1579,3504,2.14612,0,11.3632,2.92924,0,1730,58678336989
36.1919,27.6305,77.4818,0,100,88,80,1579,3504,2.14612,0,11.3632,2.92924,0,1730,58705968747
38.0353,26.2914,77.4818,0,100,88,80,1579,3504,2.14612,0,11.3632,2.92924,0,1730,58732282972
31.2403,32.01,77.4818,0,100,88,80,1579,3504,2.14612,0,11.3632,2.92924,0,1730,58764293675
31.8867,31.361,77.4818,0,100,88,80,1579,3504,2.14612,0,11.3632,2.92924,0,1730,58795656733
32.5461,30.7257,77.4818,0,100,88,80,1579,3504,2.14612,0,11.3632,2.92924,0,1730,58826404830
29.9528,33.3859,77.4818,0,100,88,80,1579,3504,2.14612,0,11.3632,2.92924,0,1730,58859770582
29.0838,34.3834,77.4818,0,100,88,80,1579,3504,2.14612,0,11.3632,2.92924,0,1730,58894158203
29.6807,33.6919,77.4818,0,100,88,80,1579,3504,2.14612,0,11.3632,2.92924,0,1730,58927850356
32.4702,30.7975,77.4818,0,100,88,80,1579,3504,2.14612,0,11.3632,2.92924,0,1730,58958670334
36.1954,27.6278,77.4818,0,100,88,80,1579,3504,2.14612,0,11.3632,2.92924,0,1730,58986298625
33.2592,30.0669,77.4818,0,100,88,80,1579,3504,2.14612,0,11.3632,2.92924,0,1730,59016367692
37.0516,26.9894,77.4818,0,100,88,80,1579,3504,2.14612,0,11.3632,2.92924,0,1730,59043364379
49.3851,20.249,89.5238,0,93,88,77,1425,3504,2.15349,0,11.3725,2.92924,0,1728,59063629622
27.7042,36.0956,89.5238,0,93,88,77,1425,3504,2.15349,0,11.3725,2.92924,0,1728,59099727223
40.3452,24.7861,89.5238,0,93,88,77,1425,3504,2.15349,0,11.3725,2.92924,0,1728,59124513824
26.9438,37.1143,89.5238,0,93,88,77,1425,3504,2.15349,0,11.3725,2.92924,0,1728,59161628641
40.1865,24.884,89.5238,0,93,88,77,1425,3504,2.15349,0,11.3725,2.92924,0,1728,59186543284
33.9959,29.4153,89.5238,0,93,88,77,1425,3504,2.15349,0,11.3725,2.92924,0,1728,59215930422
37.0163,27.0151,89.5238,0,93,88,77,1425,3504,2.15349,0,11.3725,2.92924,0,1728,59242949628
30.2047,33.1075,89.5238,0,93,88,77,1425,3504,2.15349,0,11.3725,2.92924,0,1728,59276057157
35.9482,27.8178,89.5238,0,93,88,77,1425,3504,2.15349,0,11.3725,2.92924,0,1728,59303875956
31.3741,31.8734,89.5238,0,93,88,77,1425,3504,2.15349,0,11.3725,2.92924,0,1728,59335751238
32.1618,31.0928,89.5238,0,93,88,77,1425,3504,2.15349,0,11.3725,2.92924,0,1728,59366844571
46.3987,21.5523,89.5238,0,93,88,77,1425,3504,2.15349,0,11.3725,2.92924,0,1728,59388418768
35.2515,28.3675,89.5238,0,93,88,77,1425,3504,2.15349,0,11.3725,2.92924,0,1728,59416788227
45.7341,21.8655,89.5238,0,93,88,77,1425,3504,2.15349,0,11.3725,2.92924,0,1728,59438655746
31.8401,31.407,89.5238,0,93,88,77,1425,3504,2.15349,0,11.3725,2.92924,0,1728,59470063008
34.8065,28.7302,89.5238,0,93,88,77,1425,3504,2.15349,0,11.3725,2.92924,0,1728,59498817516
23.845,41.9376,89.5238,0,93,88,77,1425,3504,2.15349,0,11.3725,2.92924,0,1728,59540735667
41.5546,24.0647,89.5238,0,93,88,77,1425,3504,2.15349,0,11.3725,2.92924,0,1728,59564826438
32.6597,30.6187,78.0488,0,93,87,77,1425,3504,2.15349,0,11.3728,2.92924,0,1727,59595440246
41.0305,24.3721,78.0488,0,93,87,77,1425,3504,2.15349,0,11.3728,2.92924,0,1727,59619792880
37.0978,26.9558,78.0488,0,93,87,77,1425,3504,2.15349,0,11.3728,2.92924,0,1727,59646750180
32.5952,30.6794,78.0488,0,93,87,77,1425,3504,2.15349,0,11.3728,2.92924,0,1727,59677430335
35.4066,28.2433,78.0488,0,93,87,77,1425,3504,2.15349,0,11.3728,2.92924,0,1727,59705675167
50.3292,19.8692,78.0488,0,93,87,77,1425,3504,2.15349,0,11.3728,2.92924,0,1727,59725545221
33.6817,29.6897,78.0488,0,93,87,77,1425,3504,2.15349,0,11.3728,2.92924,0,1727,59755260310
29.989,33.3455,78.0488,0,93,87,77,1425,3504,2.15349,0,11.3728,2.92924,0,1727,59788645029
46.0506,21.7152,78.0488,0,93,87,77,1425,3504,2.15349,0,11.3728,2.92924,0,1727,59810361663
30.0949,33.2282,78.0488,0,93,87,77,1425,3504,2.15349,0,11.3728,2.92924,0,1727,59843590782
36.8691,27.123,78.0488,0,93,87,77,1425,3504,2.15349,0,11.3728,2.92924,0,1727,59870715665
44.3876,22.5288,78.0488,0,93,87,77,1425,3504,2.15349,0,11.3728,2.92924,0,1727,59893244348
32.7341,30.5492,78.0488,0,93,87,77,1425,3504,2.15349,0,11.3728,2.92924,0,1727,59923794878
30.8891,32.3738,78.0488,0,93,87,77,1425,3504,2.15349,0,11.3728,2.92924,0,1727,59956170752
36.0564,27.7344,78.0488,0,93,87,77,1425,3504,2.15349,0,11.3728,2.92924,0,1727,59983906599
25.8166,38.7347,78.0488,0,93,87,77,1425,3504,2.15349,0,11.3728,2.92924,0,1727,60022642103
35.2577,28.3626,78.0488,0,93,87,77,1425,3504,2.15349,0,11.3728,2.92924,0,1727,60051006078
32.3608,30.9016,78.0488,0,93,87,77,1425,3504,2.15349,0,11.3728,2.92924,0,1727,60081936255
26.8543,37.238,82.6829,0,89,87,76,1421,3504,2.1686,0,11.3841,2.92924,0,1743,60119147941
19.6273,50.9496,82.6829,0,89,87,76,1421,3504,2.1686,0,11.3841,2.92924,0,1743,60170119739
38.4735,25.9919,82.6829,0,89,87,76,1421,3504,2.1686,0,11.3841,2.92924,0,1743,60196091619
28.3206,35.31,82.6829,0,89,87,76,1421,3504,2.1686,0,11.3841,2.92924,0,1743,60231403022
31.9351,31.3135,82.6829,0,89,87,76,1421,3504,2.1686,0,11.3841,2.92924,0,1743,60262738801
22.6726,44.1062,82.6829,0,89,87,76,1421,3504,2.1686,0,11.3841,2.92924,0,1743,60306847200
22.3694,44.704,82.6829,0,89,87,76,1421,3504,2.1686,0,11.3841,2.92924,0,1743,60351551530
23.6206,42.3358,82.6829,0,89,87,76,1421,3504,2.1686,0,11.3841,2.92924,0,1743,60393889379
26.6942,37.4614,82.6829,0,89,87,76,1421,3504,2.1686,0,11.3841,2.92924,0,1743,60431350981
28.1154,35.5677,82.6829,0,89,87,76,1421,3504,2.1686,0,11.3841,2.92924,0,1743,60466957679
4.48306,223.062,82.6829,0,89,87,76,1421,3504,2.1686,0,11.3841,2.92924,0,1743,60690026983
21.8179,45.8339,74.2138,0,80,86,76,1492,3504,2.21051,0,11.3965,2.92924,0,1729,60735874307
31.295,31.954,74.2138,0,80,86,76,1492,3504,2.21051,0,11.3965,2.92924,0,1729,60767828427
33.849,29.5429,74.2138,0,80,86,76,1492,3504,2.21051,0,11.3965,2.92924,0,1729,60797373912
18.4121,54.3122,74.2138,0,80,86,76,1492,3504,2.21051,0,11.3965,2.92924,0,1729,60851686214
24.6657,40.5422,74.2138,0,80,86,76,1492,3504,2.21051,0,11.3965,2.92924,0,1729,60892229149
27.3292,36.591,74.2138,0,80,86,76,1492,3504,2.21051,0,11.3965,2.92924,0,1729,60928821541
32.0342,31.2166,74.2138,0,80,86,76,1492,3504,2.21051,0,11.3965,2.92924,0,1729,60960039713
36.2551,27.5824,74.2138,0,80,86,76,1492,3504,2.21051,0,11.3965,2.92924,0,1729,60987622583
27.1393,36.8469,74.2138,0,80,86,76,1492,3504,2.21051,0,11.3965,2.92924,0,1729,61024471545
32.5956,30.679,74.2138,0,80,86,76,1492,3504,2.21051,0,11.3965,2.92924,0,1729,61055172469
24.933,40.1076,74.2138,0,80,86,76,1492,3504,2.21051,0,11.3965,2.92924,0,1729,61095280861
30.0896,33.2341,74.2138,0,80,86,76,1492,3504,2.21051,0,11.3965,2.92924,0,1729,61128538045
31.908,31.3401,74.2138,0,80,86,76,1492,3504,2.21051,0,11.3965,2.92924,0,1729,61159900450
31.8486,31.3986,74.2138,0,80,86,76,1492,3504,2.21051,0,11.3965,2.92924,0,1729,61191306015
39.0264,25.6237,89.4472,0,80,86,76,1492,3504,2.21051,0,11.3995,2.92924,0,1722,61216955427
19.4832,51.3263,89.4472,0,80,86,76,1492,3504,2.21051,0,11.3995,2.92924,0,1722,61268277419
42.3233,23.6277,89.4472,0,80,86,76,1492,3504,2.21051,0,11.3995,2.92924,0,1722,61291906565
46.4827,21.5134,89.4472,0,80,86,76,1492,3504,2.21051,0,11.3995,2.92924,0,1722,61313421020
37.8754,26.4024,89.4472,0,80,86,76,1492,3504,2.21051,0,11.3995,2.92924,0,1722,61339825772
34.3472,29.1144,89.4472,0,80,86,76,1492,3504,2.21051,0,11.3995,2.92924,0,1722,61368940160
35.1797,28.4255,89.4472,0,80,86,76,1492,3504,2.21051,0,11.3995,2.92924,0,1722,61397367032
27.0989,36.9018,89.4472,0,80,86,76,1492,3504,2.21051,0,11.3995,2.92924,0,1722,61434270768
23.0304,43.4209,89.4472,0,80,86,76,1492,3504,2.21051,0,11.3995,2.92924,0,1722,61477692301
28.4982,35.0899,89.4472,0,80,86,76,1492,3504,2.21051,0,11.3995,2.92924,0,1722,61512796648
47.7909,20.9245,89.4472,0,80,86,76,1492,3504,2.21051,0,11.3995,2.92924,0,1722,61533722047
42.5097,23.524,89.4472,0,80,86,76,1492,3504,2.21051,0,11.3995,2.92924,0,1722,61557245547
38.937,25.6825,89.4472,0,80,86,76,1492,3504,2.21051,0,11.3995,2.92924,0,1722,61582951351
53.342,18.7469,89.4472,0,80,86,76,1492,3504,2.21051,0,11.3995,2.92924,0,1722,61601677342
35.9562,27.8116,89.4472,0,80,86,76,1492,3504,2.21051,0,11.3995,2.92924,0,1722,61629490000
36.7566,27.206,89.4472,0,80,86,76,1492,3504,2.21051,0,11.3995,2.92924,0,1722,61656696503
37.9451,26.3538,89.4472,0,80,86,76,1492,3504,2.21051,0,11.3995,2.92924,0,1722,61683073490
41.675,23.9952,89.4472,0,80,86,76,1492,3504,2.21051,0,11.3995,2.92924,0,1722,61707051507
29.7455,33.6186,71.7073,0,53,86,76,1546,3504,2.24897,0,11.3998,2.92924,0,1753,61740667470
54.6761,18.2895,71.7073,0,53,86,76,1546,3504,2.24897,0,11.3998,2.92924,0,1753,61758959063
33.9003,29.4983,71.7073,0,53,86,76,1546,3504,2.24897,0,11.3998,2.92924,0,1753,61788457685
37.02,27.0124,71.7073,0,53,86,76,1546,3504,2.24897,0,11.3998,2.92924,0,1753,61815471641
36.7711,27.1953,71.7073,0,53,86,76,1546,3504,2.24897,0,11.3998,2.92924,0,1753,61842667959
45.5229,21.967,71.7073,0,53,86,76,1546,3504,2.24897,0,11.3998,2.92924,0,1753,61864658538
38.3756,26.0582,71.7073,0,53,86,76,1546,3504,2.24897,0,11.3998,2.92924,0,1753,61890695849
31.8432,31.4039,71.7073,0,53,86,76,1546,3504,2.24897,0,11.3998,2.92924,0,1753,61922101574
41.3013,24.2123,71.7073,0,53,86,76,1546,3504,2.24897,0,11.3998,2.92924,0,1753,61946317407
40.1438,24.9104,71.7073,0,53,86,76,1546,3504,2.24897,0,11.3998,2.92924,0,1753,61971250536
23.5543,42.4552,71.7073,0,53,86,76,1546,3504,2.24897,0,11.3998,2.92924,0,1753,62013684640
70.8012,14.124,71.7073,0,53,86,76,1546,3504,2.24897,0,11.3998,2.92924,0,1753,62027810268
38.6861,25.8491,71.7073,0,53,86,76,1546,3504,2.24897,0,11.3998,2.92924,0,1753,62053659123
35.2115,28.3998,71.7073,0,53,86,76,1546,3504,2.24897,0,11.3998,2.92924,0,1753,62082061237
40.3364,24.7915,71.7073,0,53,86,76,1546,3504,2.24897,0,11.3998,2.92924,0,1753,62106852792
34.3782,29.0882,71.7073,0,53,86,76,1546,3504,2.24897,0,11.3998,2.92924,0,1753,62135942942
35.2271,28.3873,71.7073,0,53,86,76,1546,3504,2.24897,0,11.3998,2.92924,0,1753,62164352284
44.9525,22.2457,71.7073,0,53,86,76,1546,3504,2.24897,0,11.3998,2.92924,0,1753,62186578289
41.1928,24.2761,71.7073,0,53,86,76,1546,3504,2.24897,0,11.3998,2.92924,0,1753,62210860819
44.4191,22.5129,82.5316,0,92,86,76,1383,3504,2.25849,0,11.4041,2.92924,0,1735,62233369260
22.7229,44.0084,82.5316,0,92,86,76,1383,3504,2.25849,0,11.4041,2.92924,0,1735,62277378829
35.126,28.4689,82.5316,0,92,86,76,1383,3504,2.25849,0,11.4041,2.92924,0,1735,62305849280
29.1933,34.2544,82.5316,0,92,86,76,1383,3504,2.25849,0,11.4041,2.92924,0,1735,62340126872
26.5068,37.7262,82.5316,0,92,86,76,1383,3504,2.25849,0,11.4041,2.92924,0,1735,62377854134
27.9256,35.8094,82.5316,0,92,86,76,1383,3504,2.25849,0,11.4041,2.92924,0,1735,62413644536
32.3056,30.9544,82.5316,0,92,86,76,1383,3504,2.25849,0,11.4041,2.92924,0,1735,62444599683
35.9236,27.8369,82.5316,0,92,86,76,1383,3504,2.25849,0,11.4041,2.92924,0,1735,62472438071
22.503,44.4385,82.5316,0,92,86,76,1383,3504,2.25849,0,11.4041,2.92924,0,1735,62516876300
47.2553,21.1616,82.5316,0,92,86,76,1383,3504,2.25849,0,11.4041,2.92924,0,1735,62538040747
50.8028,19.684,82.5316,0,92,86,76,1383,3504,2.25849,0,11.4041,2.92924,0,1735,62557725803
27.0334,36.9913,82.5316,0,92,86,76,1383,3504,2.25849,0,11.4041,2.92924,0,1735,62594716710
40.116,24.9277,82.5316,0,92,86,76,1383,3504,2.25849,0,11.4041,2.92924,0,1735,62619646076
51.0969,19.5707,82.5316,0,92,86,76,1383,3504,2.25849,0,11.4041,2.92924,0,1735,62639218413
32.5722,30.701,82.5316,0,92,86,76,1383,3504,2.25849,0,11.4041,2.92924,0,1735,62669942793
32.1129,31.1401,82.5316,0,92,86,76,1383,3504,2.25849,0,11.4041,2.92924,0,1735,62701082929
30.6988,32.5746,82.5316,0,92,86,76,1383,3504,2.25849,0,11.4041,2.92924,0,1735,62733664557
32.915,30.3813,83.5749,0,92,87,76,1383,3504,2.25849,0,11.4197,2.92924,0,1766,62764021211
22.803,43.8538,83.5749,0,92,87,76,1383,3504,2.25849,0,11.4197,2.92924,0,1766,62807875641
43.9765,22.7394,83.5749,0,92,87,76,1383,3504,2.25849,0,11.4197,2.92924,0,1766,62830616798
33.8037,29.5825,83.5749,0,92,87,76,1383,3504,2.25849,0,11.4197,2.92924,0,1766,62860199949
40.1045,24.9349,83.5749,0,92,87,76,1383,3504,2.25849,0,11.4197,2.92924,0,1766,62885157108
44.9805,22.2319,83.5749,0,92,87,76,1383,3504,2.25849,0,11.4197,2.92924,0,1766,62907381573
48.2264,20.7355,83.5749,0,92,87,76,1383,3504,2.25849,0,11.4197,2.92924,0,1766,62928105329
29.4707,33.932,83.5749,0,92,87,76,1383,3504,2.25849,0,11.4197,2.92924,0,1766,62962039008
43.0324,23.2383,83.5749,0,92,87,76,1383,3504,2.25849,0,11.4197,2.92924,0,1766,62985278077
37.9044,26.3822,83.5749,0,92,87,76,1383,3504,2.25849,0,11.4197,2.92924,0,1766,63011682384
37.3585,26.7677,83.5749,0,92,87,76,1383,3504,2.25849,0,11.4197,2.92924,0,1766,63038451055
31.3856,31.8618,83.5749,0,92,87,76,1383,3504,2.25849,0,11.4197,2.92924,0,1766,63070336585
27.7093,36.0889,83.5749,0,92,87,76,1383,3504,2.25849,0,11.4197,2.92924,0,1766,63106404766
30.4273,32.8652,83.5749,0,92,87,76,1383,3504,2.25849,0,11.4197,2.92924,0,1766,63139271704
41.6199,24.027,83.5749,0,92,87,76,1383,3504,2.25849,0,11.4197,2.92924,0,1766,63163300465
21.8049,45.8612,83.5749,0,92,87,76,1383,3504,2.25849,0,11.4197,2.92924,0,1766,63209163055
88.537,11.2947,83.5749,0,92,87,76,1383,3504,2.25849,0,11.4197,2.92924,0,1766,63220458688
29.2104,34.2344,83.5749,0,92,87,76,1383,3504,2.25849,0,11.4197,2.92924,0,1766,63254719942
51.4425,19.4392,81.8841,0,91,87,75,1404,3504,2.27193,0,11.4212,2.92924,0,1732,63274176718
31.0921,32.1625,81.8841,0,91,87,75,1404,3504,2.27193,0,11.4212,2.92924,0,1732,63306319541
37.5278,26.6469,81.8841,0,91,87,75,1404,3504,2.27193,0,11.4212,2.92924,0,1732,63332981135
34.5832,28.9157,81.8841,0,91,87,75,1404,3504,2.27193,0,11.4212,2.92924,0,1732,63361899108
49.4262,20.2322,81.8841,0,91,87,75,1404,3504,2.27193,0,11.4212,2.92924,0,1732,63382131837
46.4323,21.5367,81.8841,0,91,87,75,1404,3504,2.27193,0,11.4212,2.92924,0,1732,63403690187
21.9888,45.4777,81.8841,0,91,87,75,1404,3504,2.27193,0,11.4212,2.92924,0,1732,63449148115
104.726,9.54873,81.8841,0,91,87,75,1404,3504,2.27193,0,11.4212,2.92924,0,1732,63458698166
35.3144,28.3171,81.8841,0,91,87,75,1404,3504,2.27193,0,11.4212,2.92924,0,1732,63487016383
28.2138,35.4436,81.8841,0,91,87,75,1404,3504,2.27193,0,11.4212,2.92924,0,1732,63522482688
61.4972,16.2609,81.8841,0,91,87,75,1404,3504,2.27193,0,11.4212,2.92924,0,1732,63538724199
36.1298,27.678,81.8841,0,91,87,75,1404,3504,2.27193,0,11.4212,2.92924,0,1732,63566424555
34.6508,28.8594,81.8841,0,91,87,75,1404,3504,2.27193,0,11.4212,2.92924,0,1732,63595283693
38.6727,25.8581,81.8841,0,91,87,75,1404,3504,2.27193,0,11.4212,2.92924,0,1732,63621168238
37.5745,26.6138,81.8841,0,91,87,75,1404,3504,2.27193,0,11.4212,2.92924,0,1732,63647805164
33.0012,30.3019,81.8841,0,91,87,75,1404,3504,2.27193,0,11.4212,2.92924,0,1732,63678087998
44.0755,22.6883,81.8841,0,91,87,75,1404,3504,2.27193,0,11.4212,2.92924,0,1732,63700791497
12.1712,82.1613,81.8841,0,91,87,75,1404,3504,2.27193,0,11.4212,2.92924,0,1732,63782957771
31.2387,32.0116,70.7839,0,91,86,75,1404,3504,2.27193,0,11.4309,2.92924,0,1776,63814966326
38.9459,25.6767,70.7839,0,91,86,75,1404,3504,2.27193,0,11.4309,2.92924,0,1776,63840663936
45.328,22.0614,70.7839,0,91,86,75,1404,3504,2.27193,0,11.4309,2.92924,0,1776,63862727988
46.23,21.631,70.7839,0,91,86,75,1404,3504,2.27193,0,11.4309,2.92924,0,1776,63884360211
33.2341,30.0895,70.7839,0,91,86,75,1404,3504,2.27193,0,11.4309,2.92924,0,1776,63914449659
65.3604,15.2998,70.7839,0,91,86,75,1404,3504,2.27193,0,11.4309,2.92924,0,1776,63929751482
29.0403,34.4349,70.7839,0,91,86,75,1404,3504,2.27193,0,11.4309,2.92924,0,1776,63964185434
40.9555,24.4167,70.7839,0,91,86,75,1404,3504,2.27193,0,11.4309,2.92924,0,1776,63988626478
39.3737,25.3977,70.7839,0,91,86,75,1404,3504,2.27193,0,11.4309,2.92924,0,1776,64014017013
34.6819,28.8335,70.7839,0,91,86,75,1404,3504,2.27193,0,11.4309,2.92924,0,1776,64042859419
38.497,25.9761,70.7839,0,91,86,75,1404,3504,2.27193,0,11.4309,2.92924,0,1776,64068814236
34.8468,28.697,70.7839,0,91,86,75,1404,3504,2.27193,0,11.4309,2.92924,0,1776,64097513249
42.1939,23.7001,70.7839,0,91,86,75,1404,3504,2.27193,0,11.4309,2.92924,0,1776,64121213545
34.3687,29.0962,70.7839,0,91,86,75,1404,3504,2.27193,0,11.4309,2.92924,0,1776,64150312227
36.2881,27.5573,70.7839,0,91,86,75,1404,3504,2.27193,0,11.4309,2.92924,0,1776,64177883649
34.8506,28.6939,70.7839,0,91,86,75,1404,3504,2.27193,0,11.4309,2.92924,0,1776,64206565112
40.555,24.6579,70.7839,0,91,86,75,1404,3504,2.27193,0,11.4309,2.92924,0,1776,64231223643
34.519,28.9695,70.7839,0,91,86,75,1404,3504,2.27193,0,11.4309,2.92924,0,1776,64260216299
37.0032,27.0247,70.7839,0,91,86,75,1404,3504,2.27193,0,11.4309,2.92924,0,1776,64287270018
37.9293,26.3648,78.0247,0,97,86,76,1387,3504,2.273,0,11.4305,2.92924,0,1743,64313621294
43.0167,23.2468,78.0247,0,97,86,76,1387,3504,2.273,0,11.4305,2.92924,0,1743,64336856246
34.2547,29.1931,78.0247,0,97,86,76,1387,3504,2.273,0,11.4305,2.92924,0,1743,64366049818
38.5284,25.9549,78.0247,0,97,86,76,1387,3504,2.273,0,11.4305,2.92924,0,1743,64392027186
30.3643,32.9335,78.0247,0,97,86,76,1387,3504,2.273,0,11.4305,2.92924,0,1743,64424940979
44.9628,22.2406,78.0247,0,97,86,76,1387,3504,2.273,0,11.4305,2.92924,0,1743,64447209165
39.3073,25.4406,78.0247,0,97,86,76,1387,3504,2.273,0,11.4305,2.92924,0,1743,64472623845
37.9283,26.3655,78.0247,0,97,86,76,1387,3504,2.273,0,11.4305,2.92924,0,1743,64498990923
33.523,29.8302,78.0247,0,97,86,76,1387,3504,2.273,0,11.4305,2.92924,0,1743,64528844100
39.3896,25.3874,78.0247,0,97,86,76,1387,3504,2.273,0,11.4305,2.92924,0,1743,64554212122
40.9847,24.3993,78.0247,0,97,86,76,1387,3504,2.273,0,11.4305,2.92924,0,1743,64578612311
42.7236,23.4062,78.0247,0,97,86,76,1387,3504,2.273,0,11.4305,2.92924,0,1743,64602040898
35.8878,27.8646,78.0247,0,97,86,76,1387,3504,2.273,0,11.4305,2.92924,0,1743,64629898376
30.2663,33.04,78.0247,0,97,86,76,1387,3504,2.273,0,11.4305,2.92924,0,1743,64662950136
44.3307,22.5578,78.0247,0,97,86,76,1387,3504,2.273,0,11.4305,2.92924,0,1743,64685498018
38.0791,26.2611,78.0247,0,97,86,76,1387,3504,2.273,0,11.4305,2.92924,0,1743,64711746955
39.3185,25.4333,78.0247,0,97,86,76,1387,3504,2.273,0,11.4305,2.92924,0,1743,64737180460
35.9807,27.7926,78.0247,0,97,86,76,1387,3504,2.273,0,11.4305,2.92924,0,1743,64765002069
37.6079,26.5902,78.0247,0,97,86,76,1387,3504,2.273,0,11.4305,2.92924,0,1743,64791594080
41.4012,24.1539,71.1111,0,95,85,75,1392,3504,2.27301,0,11.4305,2.92924,0,1737,64815721195
38.7026,25.8381,71.1111,0,95,85,75,1392,3504,2.27301,0,11.4305,2.92924,0,1737,64841581720
36.2,27.6243,71.1111,0,95,85,75,1392,3504,2.27301,0,11.4305,2.92924,0,1737,64869186590
35.2005,28.4087,71.1111,0,95,85,75,1392,3504,2.27301,0,11.4305,2.92924,0,1737,64897596418
41.5548,24.0646,71.1111,0,95,85,75,1392,3504,2.27301,0,11.4305,2.92924,0,1737,64921661176
37.5861,26.6056,71.1111,0,95,85,75,1392,3504,2.27301,0,11.4305,2.92924,0,1737,64948268030
33.6459,29.7213,71.1111,0,95,85,75,1392,3504,2.27301,0,11.4305,2.92924,0,1737,64977990941
38.7134,25.8309,71.1111,0,95,85,75,1392,3504,2.27301,0,11.4305,2.92924,0,1737,65003823102
39.9418,25.0364,71.1111,0,95,85,75,1392,3504,2.27301,0,11.4305,2.92924,0,1737,65028860884
39.8639,25.0854,71.1111,0,95,85,75,1392,3504,2.27301,0,11.4305,2.92924,0,1737,65053947640
39.3916,25.3861,71.1111,0,95,85,75,1392,3504,2.27301,0,11.4305,2.92924,0,1737,65079335361
32.0927,31.1597,71.1111,0,95,85,75,1392,3504,2.27301,0,11.4305,2.92924,0,1737,65110495927
42.7508,23.3914,71.1111,0,95,85,75,1392,3504,2.27301,0,11.4305,2.92924,0,1737,65133887862
35.0256,28.5506,71.1111,0,95,85,75,1392,3504,2.27301,0,11.4305,2.92924,0,1737,65162438372
37.8085,26.4491,71.1111,0,95,85,75,1392,3504,2.27301,0,11.4305,2.92924,0,1737,65188889236
41.0297,24.3726,71.1111,0,95,85,75,1392,3504,2.27301,0,11.4305,2.92924,0,1737,65213263638
37.0269,27.0074,71.1111,0,95,85,75,1392,3504,2.27301,0,11.4305,2.92924,0,1737,65240271794
37.1235,26.9371,71.1111,0,95,85,75,1392,3504,2.27301,0,11.4305,2.92924,0,1737,65267209552
37.8856,26.3953,71.1111,0,95,85,75,1392,3504,2.27301,0,11.4305,2.92924,0,1737,65293611340
34.9796,28.5881,72.3077,0,100,85,76,1404,3504,2.27301,0,11.4305,2.92924,0,1820,65322208065
44.8604,22.2914,72.3077,0,100,85,76,1404,3504,2.27301,0,11.4305,2.92924,0,1820,65344509627
34.966,28.5992,72.3077,0,100,85,76,1404,3504,2.27301,0,11.4305,2.92924,0,1820,65373088739
35.5881,28.0993,72.3077,0,100,85,76,1404,3504,2.27301,0,11.4305,2.92924,0,1820,65401201486
42.0817,23.7633,72.3077,0,100,85,76,1404,3504,2.27301,0,11.4305,2.92924,0,1820,65424953683
37.8206,26.4406,72.3077,0,100,85,76,1404,3504,2.27301,0,11.4305,2.92924,0,1820,65451396340
38.9785,25.6552,72.3077,0,100,85,76,1404,3504,2.27301,0,11.4305,2.92924,0,1820,65477052653
38.1664,26.201,72.3077,0,100,85,76,1404,3504,2.27301,0,11.4305,2.92924,0,1820,65503254719
29.7417,33.6228,72.3077,0,100,85,76,1404,3504,2.27301,0,11.4305,2.92924,0,1820,65536879324
40.1628,24.8987,72.3077,0,100,85,76,1404,3504,2.27301,0,11.4305,2.92924,0,1820,65561779799
39.0426,25.6131,72.3077,0,100,85,76,1404,3504,2.27301,0,11.4305,2.92924,0,1820,65587393700
40.0549,24.9658,72.3077,0,100,85,76,1404,3504,2.27301,0,11.4305,2.92924,0,1820,65612382724
38.0702,26.2673,72.3077,0,100,85,76,1404,3504,2.27301,0,11.4305,2.92924,0,1820,65638651384
35.366,28.2757,72.3077,0,100,85,76,1404,3504,2.27301,0,11.4305,2.92924,0,1820,65666928828
41.4795,24.1083,72.3077,0,100,85,76,1404,3504,2.27301,0,11.4305,2.92924,0,1820,65691056657
41.6074,24.0342,72.3077,0,100,85,76,1404,3504,2.27301,0,11.4305,2.92924,0,1820,65715090972
36.3256,27.5288,72.3077,0,100,85,76,1404,3504,2.27301,0,11.4305,2.92924,0,1820,65742634796
36.6907,27.2549,72.3077,0,100,85,76,1404,3504,2.27301,0,11.4305,2.92924,0,1820,65769898328
36.8004,27.1736,72.3077,0,100,85,76,1404,3504,2.27301,0,11.4305,2.92924,0,1820,65797078257
41.5367,24.0751,77.9747,0,100,86,76,1404,3504,2.27301,0,11.434,2.92924,0,1724,65821129980
38.5961,25.9093,77.9747,0,100,86,76,1404,3504,2.27301,0,11.434,2.92924,0,1724,65847040011
38.8383,25.7478,77.9747,0,100,86,76,1404,3504,2.27301,0,11.434,2.92924,0,1724,65872788036
35.9951,27.7816,77.9747,0,100,86,76,1404,3504,2.27301,0,11.434,2.92924,0,1724,65900571502
38.1654,26.2017,77.9747,0,100,86,76,1404,3504,2.27301,0,11.434,2.92924,0,1724,65926772659
37.647,26.5625,77.9747,0,100,86,76,1404,3504,2.27301,0,11.434,2.92924,0,1724,65953337695
34.6544,28.8563,77.9747,0,100,86,76,1404,3504,2.27301,0,11.434,2.92924,0,1724,65982194462
43.1587,23.1703,77.9747,0,100,86,76,1404,3504,2.27301,0,11.434,2.92924,0,1724,66005365375
34.7329,28.7911,77.9747,0,100,86,76,1404,3504,2.27301,0,11.434,2.92924,0,1724,66034158384
38.5344,25.9508,77.9747,0,100,86,76,1404,3504,2.27301,0,11.434,2.92924,0,1724,66060109889
38.7711,25.7924,77.9747,0,100,86,76,1404,3504,2.27301,0,11.434,2.92924,0,1724,66085903151
36.3368,27.5203,77.9747,0,100,86,76,1404,3504,2.27301,0,11.434,2.92924,0,1724,66113425487
39.3027,25.4435,77.9747,0,100,86,76,1404,3504,2.27301,0,11.434,2.92924,0,1724,66138870328
37.4071,26.7329,77.9747,0,100,86,76,1404,3504,2.27301,0,11.434,2.92924,0,1724,66165624569
41.3633,24.176,77.9747,0,100,86,76,1404,3504,2.27301,0,11.434,2.92924,0,1724,66189801142
38.652,25.8719,77.9747,0,100,86,76,1404,3504,2.27301,0,11.434,2.92924,0,1724,66215674564
32.0704,31.1814,77.9747,0,100,86,76,1404,3504,2.27301,0,11.434,2.92924,0,1724,66246880629
38.9325,25.6855,77.9747,0,100,86,76,1404,3504,2.27301,0,11.434,2.92924,0,1724,66272545051
37.7656,26.4791,77.9747,0,100,86,76,1404,3504,2.27301,0,11.434,2.92924,0,1724,66299051503
36.6221,27.3059,72.7979,0,100,86,76,1404,3504,2.27301,0,11.4264,2.92924,0,1763,66326331518
34.1666,29.2683,72.7979,0,100,86,76,1404,3504,2.27301,0,11.4264,2.92924,0,1763,66355601321
46.9905,21.2809,72.7979,0,100,86,76,1404,3504,2.27301,0,11.4264,2.92924,0,1763,66376905363
37.8333,26.4318,72.7979,0,100,86,76,1404,3504,2.27301,0,11.4264,2.92924,0,1763,66403317310
41.6063,24.0348,72.7979,0,100,86,76,1404,3504,2.27301,0,11.4264,2.92924,0,1763,66427352576
34.1183,29.3098,72.7979,0,100,86,76,1404,3504,2.27301,0,11.4264,2.92924,0,1763,66456665348
37.3066,26.8049,72.7979,0,100,86,76,1404,3504,2.27301,0,11.4264,2.92924,0,1763,66483471519
40.717,24.5598,72.7979,0,100,86,76,1404,3504,2.27301,0,11.4264,2.92924,0,1763,66508032720
38.021,26.3013,72.7979,0,100,86,76,1404,3504,2.27301,0,11.4264,2.92924,0,1763,66534354723
36.8593,27.1302,72.7979,0,100,86,76,1404,3504,2.27301,0,11.4264,2.92924,0,1763,66561466000
38.5802,25.92,72.7979,0,100,86,76,1404,3504,2.27301,0,11.4264,2.92924,0,1763,66587398321
37.1865,26.8915,72.7979,0,100,86,76,1404,3504,2.27301,0,11.4264,2.92924,0,1763,66614278688
40.0411,24.9744,72.7979,0,100,86,76,1404,3504,2.27301,0,11.4264,2.92924,0,1763,66639254168
31.4429,31.8037,72.7979,0,100,86,76,1404,3504,2.27301,0,11.4264,2.92924,0,1763,66671059301
52.6032,19.0102,72.7979,0,100,86,76,1404,3504,2.27301,0,11.4264,2.92924,0,1763,66690071396
33.9004,29.4981,72.7979,0,100,86,76,1404,3504,2.27301,0,11.4264,2.92924,0,1763,66719570322
35.6933,28.0165,72.7979,0,100,86,76,1404,3504,2.27301,0,11.4264,2.92924,0,1763,66747587644
38.8803,25.72,72.7979,0,100,86,76,1404,3504,2.27301,0,11.4264,2.92924,0,1763,66773308457
42.1869,23.7041,72.7979,0,100,86,76,1404,3504,2.27301,0,11.4264,2.92924,0,1763,66797035827
37.862,26.4117,72.7979,0,100,86,76,1404,3504,2.27301,0,11.4264,2.92924,0,1763,66823431637
34.6826,28.8329,76.8293,0,100,85,76,1404,3504,2.27301,0,11.4362,2.92924,0,1721,66852261034
35.7863,27.9437,76.8293,0,100,85,76,1404,3504,2.27301,0,11.4362,2.92924,0,1721,66880206408
40.5671,24.6505,76.8293,0,100,85,76,1404,3504,2.27301,0,11.4362,2.92924,0,1721,66904884038
38.5676,25.9285,76.8293,0,100,85,76,1404,3504,2.27301,0,11.4362,2.92924,0,1721,66930788689
34.9725,28.5939,76.8293,0,100,85,76,1404,3504,2.27301,0,11.4362,2.92924,0,1721,66959384427
43.2142,23.1405,76.8293,0,100,85,76,1404,3504,2.27301,0,11.4362,2.92924,0,1721,66982525485
36.457,27.4296,76.8293,0,100,85,76,1404,3504,2.27301,0,11.4362,2.92924,0,1721,67009957679
45.1321,22.1572,76.8293,0,100,85,76,1404,3504,2.27301,0,11.4362,2.92924,0,1721,67032114868
40.8229,24.4961,76.8293,0,100,85,76,1404,3504,2.27301,0,11.4362,2.92924,0,1721,67056611653
32.8746,30.4186,76.8293,0,100,85,76,1404,3504,2.27301,0,11.4362,2.92924,0,1721,67087030791
35.3026,28.3265,76.8293,0,100,85,76,1404,3504,2.27301,0,11.4362,2.92924,0,1721,67115358665
38.3671,26.064,76.8293,0,100,85,76,1404,3504,2.27301,0,11.4362,2.92924,0,1721,67141424529
38.3813,26.0544,76.8293,0,100,85,76,1404,3504,2.27301,0,11.4362,2.92924,0,1721,67167479165
43.049,23.2293,76.8293,0,100,85,76,1404,3504,2.27301,0,11.4362,2.92924,0,1721,67190730884
33.2682,30.0587,76.8293,0,100,85,76,1404,3504,2.27301,0,11.4362,2.92924,0,1721,67220768416
44.9474,22.2482,76.8293,0,100,85,76,1404,3504,2.27301,0,11.4362,2.92924,0,1721,67243019070
37.2291,26.8607,76.8293,0,100,85,76,1404,3504,2.27301,0,11.4362,2.92924,0,1721,67269881403
37.9578,26.345,76.8293,0,100,85,76,1404,3504,2.27301,0,11.4362,2.92924,0,1721,67296241067
39.1443,25.5465,76.8293,0,100,85,76,1404,3504,2.27301,0,11.4362,2.92924,0,1721,67321795555
35.5085,28.1623,76.8293,0,100,85,76,1404,3504,2.27301,0,11.4362,2.92924,0,1721,67349986017
36.216,27.6121,78.7952,0,100,85,76,1404,3504,2.27301,0,11.4407,2.92924,0,1806,67377573641
36.6573,27.2797,78.7952,0,100,85,76,1404,3504,2.27301,0,11.4407,2.92924,0,1806,67404854736
41.8557,23.8916,78.7952,0,100,85,76,1404,3504,2.27301,0,11.4407,2.92924,0,1806,67428767896
37.7941,26.4592,78.7952,0,100,85,76,1404,3504,2.27301,0,11.4407,2.92924,0,1806,67455228616
38.8283,25.7544,78.7952,0,100,85,76,1404,3504,2.27301,0,11.4407,2.92924,0,1806,67480984949
35.2584,28.362,78.7952,0,100,85,76,1404,3504,2.27301,0,11.4407,2.92924,0,1806,67509368211
39.7384,25.1646,78.7952,0,100,85,76,1404,3504,2.27301,0,11.4407,2.92924,0,1806,67534513015
39.9061,25.0588,78.7952,0,100,85,76,1404,3504,2.27301,0,11.4407,2.92924,0,1806,67559573116
33.8161,29.5717,78.7952,0,100,85,76,1404,3504,2.27301,0,11.4407,2.92924,0,1806,67589145565
42.4523,23.5558,78.7952,0,100,85,76,1404,3504,2.27301,0,11.4407,2.92924,0,1806,67612703002
35.27,28.3527,78.7952,0,100,85,76,1404,3504,2.27301,0,11.4407,2.92924,0,1806,67641056738
41.0952,24.3337,78.7952,0,100,85,76,1404,3504,2.27301,0,11.4407,2.92924,0,1806,67665390969
37.5591,26.6247,78.7952,0,100,85,76,1404,3504,2.27301,0,11.4407,2.92924,0,1806,67692017196
32.4815,30.7867,78.7952,0,100,85,76,1404,3504,2.27301,0,11.4407,2.92924,0,1806,67722826272
44.9147,22.2644,78.7952,0,100,85,76,1404,3504,2.27301,0,11.4407,2.92924,0,1806,67745091280
35.7766,27.9512,78.7952,0,100,85,76,1404,3504,2.27301,0,11.4407,2.92924,0,1806,67773056478
34.359,29.1044,78.7952,0,100,85,76,1404,3504,2.27301,0,11.4407,2.92924,0,1806,67802149962
41.4693,24.1142,78.7952,0,100,85,76,1404,3504,2.27301,0,11.4407,2.92924,0,1806,67826265111
38.8139,25.764,78.7952,0,100,85,76,1404,3504,2.27301,0,11.4407,2.92924,0,1806,67852057582
37.4619,26.6938,77.9156,0,100,85,76,1404,3504,2.27301,0,11.4584,2.92924,0,2045,67878725650
41.2138,24.2637,77.9156,0,100,85,76,1404,3504,2.27301,0,11.4584,2.92924,0,2045,67902991739
35.8556,27.8896,77.9156,0,100,85,76,1404,3504,2.27301,0,11.4584,2.92924,0,2045,67930882618
35.6259,28.0695,77.9156,0,100,85,76,1404,3504,2.27301,0,11.4584,2.92924,0,2045,67958974638
45.9292,21.7726,77.9156,0,100,85,76,1404,3504,2.27301,0,11.4584,2.92924,0,2045,67980727384
39.1263,25.5582,77.9156,0,100,85,76,1404,3504,2.27301,0,11.4584,2.92924,0,2045,68006287167
33.1313,30.1829,77.9156,0,100,85,76,1404,3504,2.27301,0,11.4584,2.92924,0,2045,68036491180
38.5028,25.9721,77.9156,0,100,85,76,1404,3504,2.27301,0,11.4584,2.92924,0,2045,68062444076
39.3423,25.4179,77.9156,0,100,85,76,1404,3504,2.27301,0,11.4584,2.92924,0,2045,68087862413
39.887,25.0708,77.9156,0,100,85,76,1404,3504,2.27301,0,11.4584,2.92924,0,2045,68112963161
36.6211,27.3067,77.9156,0,100,85,76,1404,3504,2.27301,0,11.4584,2.92924,0,2045,68140266054
36.6462,27.288,77.9156,0,100,85,76,1404,3504,2.27301,0,11.4584,2.92924,0,2045,68167577196
37.1686,26.9044,77.9156,0,100,85,76,1404,3504,2.27301,0,11.4584,2.92924,0,2045,68194506892
36.2724,27.5692,77.9156,0,100,85,76,1404,3504,2.27301,0,11.4584,2.92924,0,2045,68222077614
36.8145,27.1632,77.9156,0,100,85,76,1404,3504,2.27301,0,11.4584,2.92924,0,2045,68249241357
36.602,27.3209,77.9156,0,100,85,76,1404,3504,2.27301,0,11.4584,2.92924,0,2045,68276575919
34.7424,28.7833,77.9156,0,100,85,76,1404,3504,2.27301,0,11.4584,2.92924,0,2045,68305369579
39.2357,25.487,77.9156,0,100,85,76,1404,3504,2.27301,0,11.4584,2.92924,0,2045,68330857478
37.4857,26.6769,77.9156,0,100,85,76,1404,3504,2.27301,0,11.4584,2.92924,0,2045,68357544202
41.6789,23.993,70.5426,0,100,85,76,1400,3504,2.27301,0,11.4592,2.92924,0,1736,68381507836
33.3716,29.9656,70.5426,0,100,85,76,1400,3504,2.27301,0,11.4592,2.92924,0,1736,68411473910
37.7836,26.4665,70.5426,0,100,85,76,1400,3504,2.27301,0,11.4592,2.92924,0,1736,68437963875
41.692,23.9854,70.5426,0,100,85,76,1400,3504,2.27301,0,11.4592,2.92924,0,1736,68461929947
31.9213,31.3271,70.5426,0,100,85,76,1400,3504,2.27301,0,11.4592,2.92924,0,1736,68493256268
40.4152,24.7432,70.5426,0,100,85,76,1400,3504,2.27301,0,11.4592,2.92924,0,1736,68518000828
38.3352,26.0857,70.5426,0,100,85,76,1400,3504,2.27301,0,11.4592,2.92924,0,1736,68544087388
39.3129,25.4369,70.5426,0,100,85,76,1400,3504,2.27301,0,11.4592,2.92924,0,1736,68569525777
37.5255,26.6486,70.5426,0,100,85,76,1400,3504,2.27301,0,11.4592,2.92924,0,1736,68596175166
34.7019,28.8169,70.5426,0,100,85,76,1400,3504,2.27301,0,11.4592,2.92924,0,1736,68624993286
39.8583,25.0889,70.5426,0,100,85,76,1400,3504,2.27301,0,11.4592,2.92924,0,1736,68650082365
39.2647,25.4682,70.5426,0,100,85,76,1400,3504,2.27301,0,11.4592,2.92924,0,1736,68675552263
34.4115,29.0601,70.5426,0,100,85,76,1400,3504,2.27301,0,11.4592,2.92924,0,1736,68704635600
36.8743,27.1191,70.5426,0,100,85,76,1400,3504,2.27301,0,11.4592,2.92924,0,1736,68731754936
40.6364,24.6085,70.5426,0,100,85,76,1400,3504,2.27301,0,11.4592,2.92924,0,1736,68756342761
39.7845,25.1354,70.5426,0,100,85,76,1400,3504,2.27301,0,11.4592,2.92924,0,1736,68781500063
34.3432,29.1178,70.5426,0,100,85,76,1400,3504,2.27301,0,11.4592,2.92924,0,1736,68810618507
40.7376,24.5473,70.5426,0,100,85,76,1400,3504,2.27301,0,11.4592,2.92924,0,1736,68835197471
37.4524,26.7005,70.5426,0,100,85,76,1400,3504,2.27301,0,11.4592,2.92924,0,1736,68861875309
40.6865,24.5782,75.6158,0,100,86,75,1392,3504,2.27301,0,11.4629,2.92924,0,1742,68886468774
36.721,27.2324,75.6158,0,100,86,75,1392,3504,2.27301,0,11.4629,2.92924,0,1742,68913685071
32.5209,30.7495,75.6158,0,100,86,75,1392,3504,2.27301,0,11.4629,2.92924,0,1742,68944433164
38.6951,25.8431,75.6158,0,100,86,75,1392,3504,2.27301,0,11.4629,2.92924,0,1742,68970276484
43.0769,23.2143,75.6158,0,100,86,75,1392,3504,2.27301,0,11.4629,2.92924,0,1742,68993492418
36.3901,27.48,75.6158,0,100,86,75,1392,3504,2.27301,0,11.4629,2.92924,0,1742,69020994264
39.3007,25.4448,75.6158,0,100,86,75,1392,3504,2.27301,0,11.4629,2.92924,0,1742,69046418552
36.3794,27.4881,75.6158,0,100,86,75,1392,3504,2.27301,0,11.4629,2.92924,0,1742,69073929187
40.9737,24.4059,75.6158,0,100,86,75,1392,3504,2.27301,0,11.4629,2.92924,0,1742,69098314931
32.2124,31.0439,75.6158,0,100,86,75,1392,3504,2.27301,0,11.4629,2.92924,0,1742,69129382157
38.1101,26.2398,75.6158,0,100,86,75,1392,3504,2.27301,0,11.4629,2.92924,0,1742,69155601823
39.82,25.113,75.6158,0,100,86,75,1392,3504,2.27301,0,11.4629,2.92924,0,1742,69180717021
38.5988,25.9076,75.6158,0,100,86,75,1392,3504,2.27301,0,11.4629,2.92924,0,1742,69206645735
36.7147,27.237,75.6158,0,100,86,75,1392,3504,2.27301,0,11.4629,2.92924,0,1742,69233905378
37.9742,26.3337,75.6158,0,100,86,75,1392,3504,2.27301,0,11.4629,2.92924,0,1742,69260239994
46.0816,21.7006,75.6158,0,100,86,75,1392,3504,2.27301,0,11.4629,2.92924,0,1742,69281942890
36.0546,27.7357,75.6158,0,100,86,75,1392,3504,2.27301,0,11.4629,2.92924,0,1742,69309680012
35.8537,27.8911,75.6158,0,100,86,75,1392,3504,2.27301,0,11.4629,2.92924,0,1742,69337572299
35.318,28.3142,75.6158,0,100,86,75,1392,3504,2.27301,0,11.4629,2.92924,0,1742,69365914307
46.4933,21.5085,74.9373,0,100,86,75,1392,3504,2.27301,0,11.4687,2.92924,0,1775,69387398006
33.1799,30.1387,74.9373,0,100,86,75,1392,3504,2.27301,0,11.4687,2.92924,0,1775,69417536975
46.6587,21.4322,74.9373,0,100,86,75,1392,3504,2.27301,0,11.4687,2.92924,0,1775,69438970453
32.6873,30.5929,74.9373,0,100,86,75,1392,3504,2.27301,0,11.4687,2.92924,0,1775,69469584979
43.7908,22.8359,74.9373,0,100,86,75,1392,3504,2.27301,0,11.4687,2.92924,0,1775,69492400640
37.7369,26.4993,74.9373,0,100,86,75,1392,3504,2.27301,0,11.4687,2.92924,0,1775,69518922441
38.6917,25.8453,74.9373,0,100,86,75,1392,3504,2.27301,0,11.4687,2.92924,0,1775,69544747268
43.2332,23.1304,74.9373,0,100,86,75,1392,3504,2.27301,0,11.4687,2.92924,0,1775,69567878367
34.8033,28.7329,74.9373,0,100,86,75,1392,3504,2.27301,0,11.4687,2.92924,0,1775,69596613656
38.717,25.8285,74.9373,0,100,86,75,1392,3504,2.27301,0,11.4687,2.92924,0,1775,69622463384
37.686,26.535,74.9373,0,100,86,75,1392,3504,2.27301,0,11.4687,2.92924,0,1775,69648979073
42.5893,23.4801,74.9373,0,100,86,75,1392,3504,2.27301,0,11.4687,2.92924,0,1775,69672481689
42.7859,23.3722,74.9373,0,100,86,75,1392,3504,2.27301,0,11.4687,2.92924,0,1775,69695855053
34.4227,29.0506,74.9373,0,100,86,75,1392,3504,2.27301,0,11.4687,2.92924,0,1775,69724907117
36.8596,27.13,74.9373,0,100,86,75,1392,3504,2.27301,0,11.4687,2.92924,0,1775,69752038778
36.365,27.499,74.9373,0,100,86,75,1392,3504,2.27301,0,11.4687,2.92924,0,1775,69779538444
41.3341,24.1931,74.9373,0,100,86,75,1392,3504,2.27301,0,11.4687,2.92924,0,1775,69803731828
45.6488,21.9064,74.9373,0,100,86,75,1392,3504,2.27301,0,11.4687,2.92924,0,1775,69825640004
34.5164,28.9718,74.9373,0,100,86,75,1392,3504,2.27301,0,11.4687,2.92924,0,1775,69854631299
36.488,27.4062,74.9373,0,100,86,75,1392,3504,2.27301,0,11.4687,2.92924,0,1775,69882055952
42.6318,23.4567,68.7351,0,100,86,75,1395,3504,2.27301,0,11.4689,2.92924,0,1752,69905517837
40.3656,24.7736,68.7351,0,100,86,75,1395,3504,2.27301,0,11.4689,2.92924,0,1752,69930270228
37.4702,26.6879,68.7351,0,100,86,75,1395,3504,2.27301,0,11.4689,2.92924,0,1752,69956980881
38.1096,26.2401,68.7351,0,100,86,75,1395,3504,2.27301,0,11.4689,2.92924,0,1752,69983222622
42.2133,23.6892,68.7351,0,100,86,75,1395,3504,2.27301,0,11.4689,2.92924,0,1752,70006912192
33.8685,29.5259,68.7351,0,100,86,75,1395,3504,2.27301,0,11.4689,2.92924,0,1752,70036439902
40.7517,24.5389,68.7351,0,100,86,75,1395,3504,2.27301,0,11.4689,2.92924,0,1752,70060980033
38.8195,25.7603,68.7351,0,100,86,75,1395,3504,2.27301,0,11.4689,2.92924,0,1752,70086779556
41.3017,24.2121,68.7351,0,100,86,75,1395,3504,2.27301,0,11.4689,2.92924,0,1752,70110977239
39.3233,25.4302,68.7351,0,100,86,75,1395,3504,2.27301,0,11.4689,2.92924,0,1752,70136407449
36.3386,27.519,68.7351,0,100,86,75,1395,3504,2.27301,0,11.4689,2.92924,0,1752,70163927091
42.9744,23.2697,68.7351,0,100,86,75,1395,3504,2.27301,0,11.4689,2.92924,0,1752,70187196800
35.8842,27.8674,68.7351,0,100,86,75,1395,3504,2.27301,0,11.4689,2.92924,0,1752,70215088390
36.9868,27.0366,68.7351,0,100,86,75,1395,3504,2.27301,0,11.4689,2.92924,0,1752,70242105759
39.5528,25.2827,68.7351,0,100,86,75,1395,3504,2.27301,0,11.4689,2.92924,0,1752,70267389475
43.8063,22.8278,68.7351,0,100,86,75,1395,3504,2.27301,0,11.4689,2.92924,0,1752,70290219199
39.9817,25.0114,68.7351,0,100,86,75,1395,3504,2.27301,0,11.4689,2.92924,0,1752,70315231402
33.8917,29.5058,68.7351,0,100,86,75,1395,3504,2.27301,0,11.4689,2.92924,0,1752,70344760153
47.2231,21.1761,68.7351,0,100,86,75,1395,3504,2.27301,0,11.4689,2.92924,0,1752,70365915728
34.9536,28.6094,68.7351,0,100,86,75,1395,3504,2.27301,0,11.4689,2.92924,0,1752,70394529059
31.4716,31.7747,74.5721,0,100,86,76,1404,3504,2.27301,0,11.4689,2.92924,0,1737,70426301007
48.187,20.7525,74.5721,0,100,86,76,1404,3504,2.27301,0,11.4689,2.92924,0,1737,70447054659
39.8108,25.1188,74.5721,0,100,86,76,1404,3504,2.27301,0,11.4689,2.92924,0,1737,70472196448
40.5496,24.6612,74.5721,0,100,86,76,1404,3504,2.27301,0,11.4689,2.92924,0,1737,70496858967
58.7866,17.0107,74.5721,0,100,86,76,1404,3504,2.27301,0,11.4689,2.92924,0,1737,70513849341
40.1502,24.9065,74.5721,0,100,86,76,1404,3504,2.27301,0,11.4689,2.92924,0,1737,70538757089
39.4282,25.3626,74.5721,0,100,86,76,1404,3504,2.27301,0,11.4689,2.92924,0,1737,70564121746
37.9403,26.3572,74.5721,0,100,86,76,1404,3504,2.27301,0,11.4689,2.92924,0,1737,70590480442
40.5283,24.6741,74.5721,0,100,86,76,1404,3504,2.27301,0,11.4689,2.92924,0,1737,70615156387
39.2175,25.4988,74.5721,0,100,86,76,1404,3504,2.27301,0,11.4689,2.92924,0,1737,70640655774
34.3829,29.0842,74.5721,0,100,86,76,1404,3504,2.27301,0,11.4689,2.92924,0,1737,70669739540
42.7227,23.4068,74.5721,0,100,86,76,1404,3504,2.27301,0,11.4689,2.92924,0,1737,70693148588
39.2785,25.4592,74.5721,0,100,86,76,1404,3504,2.27301,0,11.4689,2.92924,0,1737,70718607931
39.5111,25.3093,74.5721,0,100,86,76,1404,3504,2.27301,0,11.4689,2.92924,0,1737,70743919198
37.903,26.3832,74.5721,0,100,86,76,1404,3504,2.27301,0,11.4689,2.92924,0,1737,70770302621
37.069,26.9768,74.5721,0,100,86,76,1404,3504,2.27301,0,11.4689,2.92924,0,1737,70797282038
40.0011,24.9993,74.5721,0,100,86,76,1404,3504,2.27301,0,11.4689,2.92924,0,1737,70822280669
39.2492,25.4782,74.5721,0,100,86,76,1404,3504,2.27301,0,11.4689,2.92924,0,1737,70847762785
37.6876,26.5339,74.5721,0,100,86,76,1404,3504,2.27301,0,11.4689,2.92924,0,1737,70874298382
40.6592,24.5947,74.5721,0,100,86,76,1404,3504,2.27301,0,11.4689,2.92924,0,1737,70898899964
39.1017,25.5743,50.7653,0,100,95,75,1405,3504,2.27301,0,11.4691,2.92924,0,3400,70924468844
38.263,26.1349,50.7653,0,100,95,75,1405,3504,2.27301,0,11.4691,2.92924,0,3400,70950604695
34.3629,29.1012,50.7653,0,100,95,75,1405,3504,2.27301,0,11.4691,2.92924,0,3400,70979707300
41.468,24.115,50.7653,0,100,95,75,1405,3504,2.27301,0,11.4691,2.92924,0,3400,71003823878
39.0625,25.6,50.7653,0,100,95,75,1405,3504,2.27301,0,11.4691,2.92924,0,3400,71029424834
40.4128,24.7446,50.7653,0,100,95,75,1405,3504,2.27301,0,11.4691,2.92924,0,3400,71054172275
39.183,25.5212,50.7653,0,100,95,75,1405,3504,2.27301,0,11.4691,2.92924,0,3400,71079693458
41.1956,24.2744,50.7653,0,100,95,75,1405,3504,2.27301,0,11.4691,2.92924,0,3400,71103968167
36.0478,27.7409,50.7653,0,100,95,75,1405,3504,2.27301,0,11.4691,2.92924,0,3400,71131710435
42.0886,23.7594,50.7653,0,100,95,75,1405,3504,2.27301,0,11.4691,2.92924,0,3400,71155470772
39.5984,25.2536,50.7653,0,100,95,75,1405,3504,2.27301,0,11.4691,2.92924,0,3400,71180726027
38.1472,26.2143,50.7653,0,100,95,75,1405,3504,2.27301,0,11.4691,2.92924,0,3400,71206941347
41.2333,24.2522,50.7653,0,100,95,75,1405,3504,2.27301,0,11.4691,2.92924,0,3400,71231195430
39.7832,25.1362,50.7653,0,100,95,75,1405,3504,2.27301,0,11.4691,2.92924,0,3400,71256332768
38.8768,25.7223,50.7653,0,100,95,75,1405,3504,2.27301,0,11.4691,2.92924,0,3400,71282054641
36.9504,27.0633,50.7653,0,100,95,75,1405,3504,2.27301,0,11.4691,2.92924,0,3400,71309121195
38.1561,26.2081,50.7653,0,100,95,75,1405,3504,2.27301,0,11.4691,2.92924,0,3400,71335341207
41.8927,23.8705,50.7653,0,100,95,75,1405,3504,2.27301,0,11.4691,2.92924,0,3400,71359200187
40.4123,24.7449,50.7653,0,100,95,75,1405,3504,2.27301,0,11.4691,2.92924,0,3400,71383947092
39.4506,25.3481,50.7653,0,100,95,75,1405,3504,2.27301,0,11.4691,2.92924,0,3400,71409302232
39.9881,25.0075,46.798,0,100,95,75,1405,3504,2.27301,0,11.469,2.92924,0,3400,71434304905
39.9425,25.036,46.798,0,100,95,75,1405,3504,2.27301,0,11.469,2.92924,0,3400,71459341354
38.3887,26.0493,46.798,0,100,95,75,1405,3504,2.27301,0,11.469,2.92924,0,3400,71485391810
40.0379,24.9763,46.798,0,100,95,75,1405,3504,2.27301,0,11.469,2.92924,0,3400,71510369399
37.9839,26.3269,46.798,0,100,95,75,1405,3504,2.27301,0,11.469,2.92924,0,3400,71536697448
42.4267,23.5701,46.798,0,100,95,75,1405,3504,2.27301,0,11.469,2.92924,0,3400,71560269153
39.6959,25.1915,46.798,0,100,95,75,1405,3504,2.27301,0,11.469,2.92924,0,3400,71585463093
38.4987,25.9749,46.798,0,100,95,75,1405,3504,2.27301,0,11.469,2.92924,0,3400,71611438701
40.0647,24.9596,46.798,0,100,95,75,1405,3504,2.27301,0,11.469,2.92924,0,3400,71636400396
37.0943,26.9583,46.798,0,100,95,75,1405,3504,2.27301,0,11.469,2.92924,0,3400,71663359791
41.8147,23.915,46.798,0,100,95,75,1405,3504,2.27301,0,11.469,2.92924,0,3400,71687276236
38.6215,25.8923,46.798,0,100,95,75,1405,3504,2.27301,0,11.469,2.92924,0,3400,71713168597
39.1457,25.5456,46.798,0,100,95,75,1405,3504,2.27301,0,11.469,2.92924,0,3400,71738716073
38.9839,25.6516,46.798,0,100,95,75,1405,3504,2.27301,0,11.469,2.92924,0,3400,71764367820
43.7785,22.8422,46.798,0,100,95,75,1405,3504,2.27301,0,11.469,2.92924,0,3400,71787211202
38.0299,26.2951,46.798,0,100,95,75,1405,3504,2.27301,0,11.469,2.92924,0,3400,71813507601
27.4657,36.4091,46.798,0,100,95,75,1405,3504,2.27301,0,11.469,2.92924,0,3400,71849918622
43.4497,23.0151,46.798,0,100,95,75,1405,3504,2.27301,0,11.469,2.92924,0,3400,71872935738
43.5523,22.9609,46.798,0,100,95,75,1405,3504,2.27301,0,11.469,2.92924,0,3400,71895897260
34.0367,29.3801,46.798,0,100,95,75,1405,3504,2.27301,0,11.469,2.92924,0,3400,71925286226
70.4584,14.1928,51.9704,0,100,93,76,1406,3504,2.27301,0,11.4697,2.92924,0,3400,71939473309
39.3431,25.4174,51.9704,0,100,93,76,1406,3504,2.27301,0,11.4697,2.92924,0,3400,71964891578
38.5151,25.9638,51.9704,0,100,93,76,1406,3504,2.27301,0,11.4697,2.92924,0,3400,71990856742
40.8822,24.4605,51.9704,0,100,93,76,1406,3504,2.27301,0,11.4697,2.92924,0,3400,72015317897
40.9295,24.4322,51.9704,0,100,93,76,1406,3504,2.27301,0,11.4697,2.92924,0,3400,72039751256
39.0892,25.5825,51.9704,0,100,93,76,1406,3504,2.27301,0,11.4697,2.92924,0,3400,72065336821
38.7287,25.8207,51.9704,0,100,93,76,1406,3504,2.27301,0,11.4697,2.92924,0,3400,72091158642
42.9262,23.2958,51.9704,0,100,93,76,1406,3504,2.27301,0,11.4697,2.92924,0,3400,72114454591
41.4339,24.1348,51.9704,0,100,93,76,1406,3504,2.27301,0,11.4697,2.92924,0,3400,72138591002
39.4574,25.3438,51.9704,0,100,93,76,1406,3504,2.27301,0,11.4697,2.92924,0,3400,72163936182
40.0639,24.9601,51.9704,0,100,93,76,1406,3504,2.27301,0,11.4697,2.92924,0,3400,72188896225
40.3668,24.7728,51.9704,0,100,93,76,1406,3504,2.27301,0,11.4697,2.92924,0,3400,72213671291
39.2211,25.4965,51.9704,0,100,93,76,1406,3504,2.27301,0,11.4697,2.92924,0,3400,72239168224
40.442,24.7268,51.9704,0,100,93,76,1406,3504,2.27301,0,11.4697,2.92924,0,3400,72263895032
41.0974,24.3324,51.9704,0,100,93,76,1406,3504,2.27301,0,11.4697,2.92924,0,3400,72288230471
38.2397,26.1509,51.9704,0,100,93,76,1406,3504,2.27301,0,11.4697,2.92924,0,3400,72314382548
38.2769,26.1254,51.9704,0,100,93,76,1406,3504,2.27301,0,11.4697,2.92924,0,3400,72340508793
41.6922,23.9853,51.9704,0,100,93,76,1406,3504,2.27301,0,11.4697,2.92924,0,3400,72364495555
42.6272,23.4592,51.9704,0,100,93,76,1406,3504,2.27301,0,11.4697,2.92924,0,3400,72387957011
39.2326,25.489,51.9704,0,100,93,76,1406,3504,2.27301,0,11.4697,2.92924,0,3400,72413446441
38.7801,25.7864,51.9704,0,100,93,76,1406,3504,2.27301,0,11.4697,2.92924,0,3400,72439240406
40.9697,24.4083,48.6216,0,100,93,76,1404,3504,2.27301,0,11.4889,2.92924,0,3400,72463644503
37.3747,26.7561,48.6216,0,100,93,76,1404,3504,2.27301,0,11.4889,2.92924,0,3400,72490401409
29.3921,34.0227,48.6216,0,100,93,76,1404,3504,2.27301,0,11.4889,2.92924,0,3400,72524427922
32.042,31.209,48.6216,0,100,93,76,1404,3504,2.27301,0,11.4889,2.92924,0,3400,72555636923
57.4749,17.3989,48.6216,0,100,93,76,1404,3504,2.27301,0,11.4889,2.92924,0,3400,72573037824
51.1095,19.5658,48.6216,0,100,93,76,1404,3504,2.27301,0,11.4889,2.92924,0,3400,72592604408
43.9279,22.7646,48.6216,0,100,93,76,1404,3504,2.27301,0,11.4889,2.92924,0,3400,72615370563
45.2082,22.1199,48.6216,0,100,93,76,1404,3504,2.27301,0,11.4889,2.92924,0,3400,72637491249
37.0711,26.9752,48.6216,0,100,93,76,1404,3504,2.27301,0,11.4889,2.92924,0,3400,72664467493
38.5908,25.9129,48.6216,0,100,93,76,1404,3504,2.27301,0,11.4889,2.92924,0,3400,72690381955
41.1984,24.2728,48.6216,0,100,93,76,1404,3504,2.27301,0,11.4889,2.92924,0,3400,72714656293
39.6521,25.2193,48.6216,0,100,93,76,1404,3504,2.27301,0,11.4889,2.92924,0,3400,72739877175
37.0472,26.9926,48.6216,0,100,93,76,1404,3504,2.27301,0,11.4889,2.92924,0,3400,72766870248
43.8579,22.8009,48.6216,0,100,93,76,1404,3504,2.27301,0,11.4889,2.92924,0,3400,72789672339
38.3551,26.0721,48.6216,0,100,93,76,1404,3504,2.27301,0,11.4889,2.92924,0,3400,72815746595
40.4738,24.7073,48.6216,0,100,93,76,1404,3504,2.27301,0,11.4889,2.92924,0,3400,72840455502
37.7362,26.4998,48.6216,0,100,93,76,1404,3504,2.27301,0,11.4889,2.92924,0,3400,72866954974
39.0066,25.6367,48.6216,0,100,93,76,1404,3504,2.27301,0,11.4889,2.92924,0,3400,72892593060
41.0564,24.3567,48.6216,0,100,93,76,1404,3504,2.27301,0,11.4889,2.92924,0,3400,72916950903
38.5833,25.9179,48.6216,0,100,93,76,1404,3504,2.27301,0,11.4889,2.92924,0,3400,72942875587
40.0104,24.9935,57.3566,0,100,87,75,1388,3504,2.27301,0,11.4843,2.92851,0,3400,72967864331
39.5602,25.278,57.3566,0,100,87,75,1388,3504,2.27301,0,11.4843,2.92851,0,3400,72993144074
38.3241,26.0932,57.3566,0,100,87,75,1388,3504,2.27301,0,11.4843,2.92851,0,3400,73019240487
41.0178,24.3797,57.3566,0,100,87,75,1388,3504,2.27301,0,11.4843,2.92851,0,3400,73043621251
38.6499,25.8733,57.3566,0,100,87,75,1388,3504,2.27301,0,11.4843,2.92851,0,3400,73069494757
40.24,24.8509,57.3566,0,100,87,75,1388,3504,2.27301,0,11.4843,2.92851,0,3400,73094347411
39.5362,25.2933,57.3566,0,100,87,75,1388,3504,2.27301,0,11.4843,2.92851,0,3400,73119641790
38.3648,26.0656,57.3566,0,100,87,75,1388,3504,2.27301,0,11.4843,2.92851,0,3400,73145708458
40.9578,24.4154,57.3566,0,100,87,75,1388,3504,2.27301,0,11.4843,2.92851,0,3400,73170125369
37.6678,26.5479,57.3566,0,100,87,75,1388,3504,2.27301,0,11.4843,2.92851,0,3400,73196673705
40.348,24.7844,57.3566,0,100,87,75,1388,3504,2.27301,0,11.4843,2.92851,0,3400,73221459553
38.4691,25.9949,57.3566,0,100,87,75,1388,3504,2.27301,0,11.4843,2.92851,0,3400,73247455503
40.3293,24.7959,57.3566,0,100,87,75,1388,3504,2.27301,0,11.4843,2.92851,0,3400,73272253085
41.6688,23.9988,57.3566,0,100,87,75,1388,3504,2.27301,0,11.4843,2.92851,0,3400,73296252765
38.2362,26.1532,57.3566,0,100,87,75,1388,3504,2.27301,0,11.4843,2.92851,0,3400,73322406681
40.0214,24.9866,57.3566,0,100,87,75,1388,3504,2.27301,0,11.4843,2.92851,0,3400,73347395428
37.9332,26.3621,57.3566,0,100,87,75,1388,3504,2.27301,0,11.4843,2.92851,0,3400,73373775843
38.3521,26.0742,57.3566,0,100,87,75,1388,3504,2.27301,0,11.4843,2.92851,0,3400,73399851481
39.8652,25.0846,57.3566,0,100,87,75,1388,3504,2.27301,0,11.4843,2.92851,0,3400,73424937751
34.3502,29.1119,57.3566,0,100,87,75,1388,3504,2.27301,0,11.4843,2.92851,0,3400,73454055592
48.0008,20.833,43.3168,0,100,87,75,1392,3504,2.27301,0,11.4843,2.92851,0,3400,73474897196
36.6123,27.3132,43.3168,0,100,87,75,1392,3504,2.27301,0,11.4843,2.92851,0,3400,73502199685
40.974,24.4057,43.3168,0,100,87,75,1392,3504,2.27301,0,11.4843,2.92851,0,3400,73526607051
39.5508,25.284,43.3168,0,100,87,75,1392,3504,2.27301,0,11.4843,2.92851,0,3400,73551892250
42.0038,23.8074,43.3168,0,100,87,75,1392,3504,2.27301,0,11.4843,2.92851,0,3400,73575701178
40.4494,24.7222,43.3168,0,100,87,75,1392,3504,2.27301,0,11.4843,2.92851,0,3400,73600423890
40.707,24.5658,43.3168,0,100,87,75,1392,3504,2.27301,0,11.4843,2.92851,0,3400,73624991295
41.4926,24.1007,43.3168,0,100,87,75,1392,3504,2.27301,0,11.4843,2.92851,0,3400,73649092261
39.8824,25.0737,43.3168,0,100,87,75,1392,3504,2.27301,0,11.4843,2.92851,0,3400,73674179984
38.0685,26.2685,43.3168,0,100,87,75,1392,3504,2.27301,0,11.4843,2.92851,0,3400,73700436895
40.2125,24.8679,43.3168,0,100,87,75,1392,3504,2.27301,0,11.4843,2.92851,0,3400,73725305738
39.2795,25.4586,43.3168,0,100,87,75,1392,3504,2.27301,0,11.4843,2.92851,0,3400,73750766270
39.5295,25.2976,43.3168,0,100,87,75,1392,3504,2.27301,0,11.4843,2.92851,0,3400,73776065001
38.9768,25.6563,43.3168,0,100,87,75,1392,3504,2.27301,0,11.4843,2.92851,0,3400,73801721717
39.1501,25.5427,43.3168,0,100,87,75,1392,3504,2.27301,0,11.4843,2.92851,0,3400,73827266898
40.114,24.929,43.3168,0,100,87,75,1392,3504,2.27301,0,11.4843,2.92851,0,3400,73852196265
41.9393,23.844,43.3168,0,100,87,75,1392,3504,2.27301,0,11.4843,2.92851,0,3400,73876040938
38.5144,25.9643,43.3168,0,100,87,75,1392,3504,2.27301,0,11.4843,2.92851,0,3400,73902006696
41.2517,24.2414,43.3168,0,100,87,75,1392,3504,2.27301,0,11.4843,2.92851,0,3400,73926250028
39.0124,25.6329,43.3168,0,100,87,75,1392,3504,2.27301,0,11.4843,2.92851,0,3400,73951883630
37.6157,26.5846,43.3168,0,100,87,75,1392,3504,2.27301,0,11.4843,2.92851,0,3400,73978473697
41.1941,24.2753,43.2039,0,100,87,75,1418,3504,2.27301,0,11.4847,2.92851,0,3409,74002746363
41.8321,23.9051,43.2039,0,100,87,75,1418,3504,2.27301,0,11.4847,2.92851,0,3409,74026652453
39.9922,25.0049,43.2039,0,100,87,75,1418,3504,2.27301,0,11.4847,2.92851,0,3409,74051659645
40.4515,24.7209,43.2039,0,100,87,75,1418,3504,2.27301,0,11.4847,2.92851,0,3409,74076380327
41.0672,24.3503,43.2039,0,100,87,75,1418,3504,2.27301,0,11.4847,2.92851,0,3409,74100732063
37.1637,26.908,43.2039,0,100,87,75,1418,3504,2.27301,0,11.4847,2.92851,0,3409,74127653684
40.8961,24.4522,43.2039,0,100,87,75,1418,3504,2.27301,0,11.4847,2.92851,0,3409,74152095365
41.3176,24.2028,43.2039,0,100,87,75,1418,3504,2.27301,0,11.4847,2.92851,0,3409,74176298559
38.8805,25.7198,43.2039,0,100,87,75,1418,3504,2.27301,0,11.4847,2.92851,0,3409,74202019965
38.5726,25.9251,43.2039,0,100,87,75,1418,3504,2.27301,0,11.4847,2.92851,0,3409,74227945558
42.0901,23.7586,43.2039,0,100,87,75,1418,3504,2.27301,0,11.4847,2.92851,0,3409,74251705286
41.7325,23.9621,43.2039,0,100,87,75,1418,3504,2.27301,0,11.4847,2.92851,0,3409,74275669412
39.986,25.0088,43.2039,0,100,87,75,1418,3504,2.27301,0,11.4847,2.92851,0,3409,74300679736
40.5695,24.649,43.2039,0,100,87,75,1418,3504,2.27301,0,11.4847,2.92851,0,3409,74325329494
39.7933,25.1299,43.2039,0,100,87,75,1418,3504,2.27301,0,11.4847,2.92851,0,3409,74350460787
37.6997,26.5254,43.2039,0,100,87,75,1418,3504,2.27301,0,11.4847,2.92851,0,3409,74376988027
42.878,23.322,43.2039,0,100,87,75,1418,3504,2.27301,0,11.4847,2.92851,0,3409,74400310367
39.3787,25.3945,43.2039,0,100,87,75,1418,3504,2.27301,0,11.4847,2.92851,0,3409,74425705965
40.4888,24.6982,43.2039,0,100,87,75,1418,3504,2.27301,0,11.4847,2.92851,0,3409,74450405836
40.8494,24.4802,43.2039,0,100,87,75,1418,3504,2.27301,0,11.4847,2.92851,0,3409,74474886593
39.3523,25.4115,43.2039,0,100,87,75,1418,3504,2.27301,0,11.4847,2.92851,0,3409,74500304277
36.4175,27.4593,44.3645,0,100,87,76,1453,3504,2.27301,0,11.4997,2.92851,0,3400,74527760550
43.6381,22.9157,44.3645,0,100,87,76,1453,3504,2.27301,0,11.4997,2.92851,0,3400,74550677326
41.4039,24.1523,44.3645,0,100,87,76,1453,3504,2.27301,0,11.4997,2.92851,0,3400,74574830604
40.5116,24.6843,44.3645,0,100,87,76,1453,3504,2.27301,0,11.4997,2.92851,0,3400,74599517619
41.5131,24.0888,44.3645,0,100,87,76,1453,3504,2.27301,0,11.4997,2.92851,0,3400,74623605229
35.816,27.9205,44.3645,0,100,87,76,1453,3504,2.27301,0,11.4997,2.92851,0,3400,74651526401
39.7334,25.1678,44.3645,0,100,87,76,1453,3504,2.27301,0,11.4997,2.92851,0,3400,74676696131
43.7082,22.879,44.3645,0,100,87,76,1453,3504,2.27301,0,11.4997,2.92851,0,3400,74699575498
40.1025,24.9361,44.3645,0,100,87,76,1453,3504,2.27301,0,11.4997,2.92851,0,3400,74724512742
39.6724,25.2064,44.3645,0,100,87,76,1453,3504,2.27301,0,11.4997,2.92851,0,3400,74749720528
40.1844,24.8853,44.3645,0,100,87,76,1453,3504,2.27301,0,11.4997,2.92851,0,3400,74774606729
36.3843,27.4844,44.3645,0,100,87,76,1453,3504,2.27301,0,11.4997,2.92851,0,3400,74802091693
45.26,22.0946,44.3645,0,100,87,76,1453,3504,2.27301,0,11.4997,2.92851,0,3400,74824186975
38.1119,26.2385,44.3645,0,100,87,76,1453,3504,2.27301,0,11.4997,2.92851,0,3400,74850426550
43.2354,23.1292,44.3645,0,100,87,76,1453,3504,2.27301,0,11.4997,2.92851,0,3400,74873557051
40.2853,24.8229,44.3645,0,100,87,76,1453,3504,2.27301,0,11.4997,2.92851,0,3400,74898381173
38.3593,26.0693,44.3645,0,100,87,76,1453,3504,2.27301,0,11.4997,2.92851,0,3400,74924451342
38.2478,26.1453,44.3645,0,100,87,76,1453,3504,2.27301,0,11.4997,2.92851,0,3400,74950597670
41.2988,24.2138,44.3645,0,100,87,76,1453,3504,2.27301,0,11.4997,2.92851,0,3400,74974812146
38.0701,26.2673,44.3645,0,100,87,76,1453,3504,2.27301,0,11.4997,2.92851,0,3400,75001086238
42.4753,23.5431,43.9394,0,100,96,76,1453,3504,2.27301,0,11.5,2.92851,0,3400,75024624461
40.7749,24.5249,43.9394,0,100,96,76,1453,3504,2.27301,0,11.5,2.92851,0,3400,75049150795
39.4354,25.3579,43.9394,0,100,96,76,1453,3504,2.27301,0,11.5,2.92851,0,3400,75074509459
38.363,26.0668,43.9394,0,100,96,76,1453,3504,2.27301,0,11.5,2.92851,0,3400,75100579076
43.7955,22.8334,43.9394,0,100,96,76,1453,3504,2.27301,0,11.5,2.92851,0,3400,75123412111
39.4053,25.3773,43.9394,0,100,96,76,1453,3504,2.27301,0,11.5,2.92851,0,3400,75148790651
38.309,26.1035,43.9394,0,100,96,76,1453,3504,2.27301,0,11.5,2.92851,0,3400,75174894690
44.1327,22.6589,43.9394,0,100,96,76,1453,3504,2.27301,0,11.5,2.92851,0,3400,75197554378
39.2745,25.4618,43.9394,0,100,96,76,1453,3504,2.27301,0,11.5,2.92851,0,3400,75223017801
38.1632,26.2032,43.9394,0,100,96,76,1453,3504,2.27301,0,11.5,2.92851,0,3400,75249222495
42.2573,23.6645,43.9394,0,100,96,76,1453,3504,2.27301,0,11.5,2.92851,0,3400,75272887753
40.3875,24.7602,43.9394,0,100,96,76,1453,3504,2.27301,0,11.5,2.92851,0,3400,75297650083
39.3713,25.3992,43.9394,0,100,96,76,1453,3504,2.27301,0,11.5,2.92851,0,3400,75323050324
41.4004,24.1544,43.9394,0,100,96,76,1453,3504,2.27301,0,11.5,2.92851,0,3400,75347204734
37.3411,26.7801,43.9394,0,100,96,76,1453,3504,2.27301,0,11.5,2.92851,0,3400,75373987048
42.4372,23.5642,43.9394,0,100,96,76,1453,3504,2.27301,0,11.5,2.92851,0,3400,75397552069
40.1815,24.887,43.9394,0,100,96,76,1453,3504,2.27301,0,11.5,2.92851,0,3400,75422441023
39.4362,25.3574,43.9394,0,100,96,76,1453,3504,2.27301,0,11.5,2.92851,0,3400,75447800403
41.9296,23.8495,43.9394,0,100,96,76,1453,3504,2.27301,0,11.5,2.92851,0,3400,75471650640
39.7339,25.1674,43.9394,0,100,96,76,1453,3504,2.27301,0,11.5,2.92851,0,3400,75496817848
41.7988,23.9241,43.9394,0,100,96,76,1453,3504,2.27301,0,11.5,2.92851,0,3400,75520749097
37.0438,26.9951,45.7421,0,100,96,76,1455,3504,2.27301,0,11.5073,2.92851,0,3401,75547739715
42.1429,23.7288,45.7421,0,100,96,76,1455,3504,2.27301,0,11.5073,2.92851,0,3401,75571470065
41.3772,24.1679,45.7421,0,100,96,76,1455,3504,2.27301,0,11.5073,2.92851,0,3401,75595639102
37.7713,26.4751,45.7421,0,100,96,76,1455,3504,2.27301,0,11.5073,2.92851,0,3401,75622115725
41.6427,24.0138,45.7421,0,100,96,76,1455,3504,2.27301,0,11.5073,2.92851,0,3401,75646131052
39.345,25.4162,45.7421,0,100,96,76,1455,3504,2.27301,0,11.5073,2.92851,0,3401,75671548621
41.7731,23.9389,45.7421,0,100,96,76,1455,3504,2.27301,0,11.5073,2.92851,0,3401,75695489706
39.9188,25.0508,45.7421,0,100,96,76,1455,3504,2.27301,0,11.5073,2.92851,0,3401,75720540833
40.3402,24.7892,45.7421,0,100,96,76,1455,3504,2.27301,0,11.5073,2.92851,0,3401,75745331873
40.2098,24.8696,45.7421,0,100,96,76,1455,3504,2.27301,0,11.5073,2.92851,0,3401,75770202453
39.4773,25.331,45.7421,0,100,96,76,1455,3504,2.27301,0,11.5073,2.92851,0,3401,75795534966
42.6014,23.4734,45.7421,0,100,96,76,1455,3504,2.27301,0,11.5073,2.92851,0,3401,75819009490
37.3055,26.8057,45.7421,0,100,96,76,1455,3504,2.27301,0,11.5073,2.92851,0,3401,75845816293
43.074,23.2159,45.7421,0,100,96,76,1455,3504,2.27301,0,11.5073,2.92851,0,3401,75869032379
37.2072,26.8765,45.7421,0,100,96,76,1455,3504,2.27301,0,11.5073,2.92851,0,3401,75895910898
40.452,24.7207,45.7421,0,100,96,76,1455,3504,2.27301,0,11.5073,2.92851,0,3401,75920632647
41.5428,24.0716,45.7421,0,100,96,76,1455,3504,2.27301,0,11.5073,2.92851,0,3401,75944705786
40.5445,24.6643,45.7421,0,100,96,76,1455,3504,2.27301,0,11.5073,2.92851,0,3401,75969371947
39.9962,25.0024,45.7421,0,100,96,76,1455,3504,2.27301,0,11.5073,2.92851,0,3401,75994375937
40.4313,24.7333,45.7421,0,100,96,76,1455,3504,2.27301,0,11.5073,2.92851,0,3401,76019109934
37.9363,26.36,45.7421,0,100,96,76,1455,3504,2.27301,0,11.5073,2.92851,0,3401,76045477312
40.5536,24.6587,42.7184,0,100,88,76,1455,3504,2.27301,0,11.5081,2.92851,0,3400,76070130575
40.1723,24.8928,42.7184,0,100,88,76,1455,3504,2.27301,0,11.5081,2.92851,0,3400,76095023991
41.913,23.8589,42.7184,0,100,88,76,1455,3504,2.27301,0,11.5081,2.92851,0,3400,76118885909
38.4863,25.9833,42.7184,0,100,88,76,1455,3504,2.27301,0,11.5081,2.92851,0,3400,76144869368
41.4873,24.1038,42.7184,0,100,88,76,1455,3504,2.27301,0,11.5081,2.92851,0,3400,76168973914
38.5788,25.921,42.7184,0,100,88,76,1455,3504,2.27301,0,11.5081,2.92851,0,3400,76194896199
42.0165,23.8002,42.7184,0,100,88,76,1455,3504,2.27301,0,11.5081,2.92851,0,3400,76218697990
39.8157,25.1157,42.7184,0,100,88,76,1455,3504,2.27301,0,11.5081,2.92851,0,3400,76243814213
39.1945,25.5138,42.7184,0,100,88,76,1455,3504,2.27301,0,11.5081,2.92851,0,3400,76269328700
40.8679,24.4691,42.7184,0,100,88,76,1455,3504,2.27301,0,11.5081,2.92851,0,3400,76293799722
41.2526,24.2409,42.7184,0,100,88,76,1455,3504,2.27301,0,11.5081,2.92851,0,3400,76318054864
40.8333,24.4898,42.7184,0,100,88,76,1455,3504,2.27301,0,11.5081,2.92851,0,3400,76342546098
38.3002,26.1095,42.7184,0,100,88,76,1455,3504,2.27301,0,11.5081,2.92851,0,3400,76368656871
41.3838,24.164,42.7184,0,100,88,76,1455,3504,2.27301,0,11.5081,2.92851,0,3400,76392823433
42.1351,23.7332,42.7184,0,100,88,76,1455,3504,2.27301,0,11.5081,2.92851,0,3400,76416555997
36.8621,27.1281,42.7184,0,100,88,76,1455,3504,2.27301,0,11.5081,2.92851,0,3400,76443685819
44.931,22.2564,42.7184,0,100,88,76,1455,3504,2.27301,0,11.5081,2.92851,0,3400,76465943256
37.9736,26.3341,42.7184,0,100,88,76,1455,3504,2.27301,0,11.5081,2.92851,0,3400,76492278217
40.5683,24.6498,42.7184,0,100,88,76,1455,3504,2.27301,0,11.5081,2.92851,0,3400,76516930013
40.7565,24.536,42.7184,0,100,88,76,1455,3504,2.27301,0,11.5081,2.92851,0,3400,76541467914
35.189,28.418,42.7184,0,100,88,76,1455,3504,2.27301,0,11.5081,2.92851,0,3400,76569890556
45.7529,21.8565,44.2029,0,100,88,76,1455,3504,2.27301,0,11.5154,2.92851,0,3413,76591744072
43.4983,22.9894,44.2029,0,100,88,76,1455,3504,2.27301,0,11.5154,2.92851,0,3413,76614735279
43.0811,23.212,44.2029,0,100,88,76,1455,3504,2.27301,0,11.5154,2.92851,0,3413,76637947740
39.0342,25.6186,44.2029,0,100,88,76,1455,3504,2.27301,0,11.5154,2.92851,0,3413,76663567351
40.4148,24.7434,44.2029,0,100,88,76,1455,3504,2.27301,0,11.5154,2.92851,0,3413,76688312467
41.6518,24.0086,44.2029,0,100,88,76,1455,3504,2.27301,0,11.5154,2.92851,0,3413,76712323076
44.1128,22.6691,44.2029,0,100,88,76,1455,3504,2.27301,0,11.5154,2.92851,0,3413,76734993007
42.2526,23.6672,44.2029,0,100,88,76,1455,3504,2.27301,0,11.5154,2.92851,0,3413,76758661130
40.6878,24.5774,44.2029,0,100,88,76,1455,3504,2.27301,0,11.5154,2.92851,0,3413,76783239829
43.1881,23.1545,44.2029,0,100,88,76,1455,3504,2.27301,0,11.5154,2.92851,0,3413,76806395895
42.6556,23.4436,44.2029,0,100,88,76,1455,3504,2.27301,0,11.5154,2.92851,0,3413,76829840315
42.5524,23.5004,44.2029,0,100,88,76,1455,3504,2.27301,0,11.5154,2.92851,0,3413,76853341542
40.3229,24.7998,44.2029,0,100,88,76,1455,3504,2.27301,0,11.5154,2.92851,0,3413,76878142604
44.338,22.554,44.2029,0,100,88,76,1455,3504,2.27301,0,11.5154,2.92851,0,3413,76900698241
42.725,23.4055,44.2029,0,100,88,76,1455,3504,2.27301,0,11.5154,2.92851,0,3413,76924105380
41.6946,23.9839,44.2029,0,100,88,76,1455,3504,2.27301,0,11.5154,2.92851,0,3413,76948089383
41.6538,24.0074,44.2029,0,100,88,76,1455,3504,2.27301,0,11.5154,2.92851,0,3413,76972099548
41.276,24.2271,44.2029,0,100,88,76,1455,3504,2.27301,0,11.5154,2.92851,0,3413,76996325717
44.0417,22.7058,44.2029,0,100,88,76,1455,3504,2.27301,0,11.5154,2.92851,0,3413,77019033423
43.4132,23.0345,44.2029,0,100,88,76,1455,3504,2.27301,0,11.5154,2.92851,0,3413,77042069239
40.4152,24.7431,44.2029,0,100,88,76,1455,3504,2.27301,0,11.5154,2.92851,0,3413,77066812299
44.884,22.2797,44.2029,0,100,88,76,1455,3504,2.27301,0,11.5154,2.92851,0,3413,77089099057
41.8387,23.9013,42.7861,0,100,96,76,1466,3504,2.27301,0,11.5155,2.92851,0,3400,77112996478
43.5152,22.9805,42.7861,0,100,96,76,1466,3504,2.27301,0,11.5155,2.92851,0,3400,77135977236
41.2282,24.2553,42.7861,0,100,96,76,1466,3504,2.27301,0,11.5155,2.92851,0,3400,77160234828
45.4976,21.9792,42.7861,0,100,96,76,1466,3504,2.27301,0,11.5155,2.92851,0,3400,77182215398
39.8087,25.1202,42.7861,0,100,96,76,1466,3504,2.27301,0,11.5155,2.92851,0,3400,77207336780
42.5328,23.5113,42.7861,0,100,96,76,1466,3504,2.27301,0,11.5155,2.92851,0,3400,77230848671
42.9141,23.3024,42.7861,0,100,96,76,1466,3504,2.27301,0,11.5155,2.92851,0,3400,77254153280
43.2143,23.1405,42.7861,0,100,96,76,1466,3504,2.27301,0,11.5155,2.92851,0,3400,77277293933
45.0613,22.192,42.7861,0,100,96,76,1466,3504,2.27301,0,11.5155,2.92851,0,3400,77299487409
42.9179,23.3003,42.7861,0,100,96,76,1466,3504,2.27301,0,11.5155,2.92851,0,3400,77322789642
41.6927,23.985,42.7861,0,100,96,76,1466,3504,2.27301,0,11.5155,2.92851,0,3400,77346775214
39.1958,25.5129,42.7861,0,100,96,76,1466,3504,2.27301,0,11.5155,2.92851,0,3400,77372290759
45.2707,22.0893,42.7861,0,100,96,76,1466,3504,2.27301,0,11.5155,2.92851,0,3400,77394381139
42.7174,23.4097,42.7861,0,100,96,76,1466,3504,2.27301,0,11.5155,2.92851,0,3400,77417791497
44.0212,22.7163,42.7861,0,100,96,76,1466,3504,2.27301,0,11.5155,2.92851,0,3400,77440508483
42.5629,23.4946,42.7861,0,100,96,76,1466,3504,2.27301,0,11.5155,2.92851,0,3400,77464003905
41.5014,24.0956,42.7861,0,100,96,76,1466,3504,2.27301,0,11.5155,2.92851,0,3400,77488100091
43.6111,22.93,42.7861,0,100,96,76,1466,3504,2.27301,0,11.5155,2.92851,0,3400,77511031434
43.8871,22.7857,42.7861,0,100,96,76,1466,3504,2.27301,0,11.5155,2.92851,0,3400,77533817811
42.331,23.6233,42.7861,0,100,96,76,1466,3504,2.27301,0,11.5155,2.92851,0,3400,77557442707
41.1351,24.3102,42.7861,0,100,96,76,1466,3504,2.27301,0,11.5155,2.92851,0,3400,77581754458
42.7047,23.4166,42.7861,0,100,96,76,1466,3504,2.27301,0,11.5155,2.92851,0,3400,77605176199
43.1753,23.1614,44.4444,0,100,96,76,1565,3504,2.27301,0,11.5188,2.92851,0,3400,77628334363
41.7712,23.9399,44.4444,0,100,96,76,1565,3504,2.27301,0,11.5188,2.92851,0,3400,77652287562
42.9771,23.2682,44.4444,0,100,96,76,1565,3504,2.27301,0,11.5188,2.92851,0,3400,77675544390
42.9207,23.2988,44.4444,0,100,96,76,1565,3504,2.27301,0,11.5188,2.92851,0,3400,77698844934
42.549,23.5023,44.4444,0,100,96,76,1565,3504,2.27301,0,11.5188,2.92851,0,3400,77722348181
43.3596,23.063,44.4444,0,100,96,76,1565,3504,2.27301,0,11.5188,2.92851,0,3400,77745412926
42.6529,23.4451,44.4444,0,100,96,76,1565,3504,2.27301,0,11.5188,2.92851,0,3400,77768859401
40.7131,24.5621,44.4444,0,100,96,76,1565,3504,2.27301,0,11.5188,2.92851,0,3400,77793423218
43.8034,22.8293,44.4444,0,100,96,76,1565,3504,2.27301,0,11.5188,2.92851,0,3400,77816253939
39.614,25.2436,44.4444,0,100,96,76,1565,3504,2.27301,0,11.5188,2.92851,0,3400,77841498886
43.7984,22.8319,44.4444,0,100,96,76,1565,3504,2.27301,0,11.5188,2.92851,0,3400,77864332718
43.5523,22.9609,44.4444,0,100,96,76,1565,3504,2.27301,0,11.5188,2.92851,0,3400,77887294455
41.5245,24.0822,44.4444,0,100,96,76,1565,3504,2.27301,0,11.5188,2.92851,0,3400,77911376661
43.3153,23.0866,44.4444,0,100,96,76,1565,3504,2.27301,0,11.5188,2.92851,0,3400,77934465437
41.1076,24.3264,44.4444,0,100,96,76,1565,3504,2.27301,0,11.5188,2.92851,0,3400,77958794260
46.0418,21.7194,44.4444,0,100,96,76,1565,3504,2.27301,0,11.5188,2.92851,0,3400,77980514390
40.7738,24.5256,44.4444,0,100,96,76,1565,3504,2.27301,0,11.5188,2.92851,0,3400,78005041244
44.6011,22.421,44.4444,0,100,96,76,1565,3504,2.27301,0,11.5188,2.92851,0,3400,78027465031
42.5564,23.4982,44.4444,0,100,96,76,1565,3504,2.27301,0,11.5188,2.92851,0,3400,78050962593
38.4517,26.0067,44.4444,0,100,96,76,1565,3504,2.27301,0,11.5188,2.92851,0,3400,78076971047
44.2785,22.5843,44.4444,0,100,96,76,1565,3504,2.27301,0,11.5188,2.92851,0,3400,78099557515
40.3239,24.7992,44.4444,0,100,96,76,1565,3504,2.27301,0,11.5188,2.92851,0,3400,78124361209
44.8801,22.2816,55.7457,0,100,94,77,1569,3504,2.27301,0,11.5396,2.92851,0,3400,78146639738
42.3712,23.6009,55.7457,0,100,94,77,1569,3504,2.27301,0,11.5396,2.92851,0,3400,78170240852
45.1375,22.1545,55.7457,0,100,94,77,1569,3504,2.27301,0,11.5396,2.92851,0,3400,78192396751
41.899,23.8669,55.7457,0,100,94,77,1569,3504,2.27301,0,11.5396,2.92851,0,3400,78216264830
44.8221,22.3104,55.7457,0,100,94,77,1569,3504,2.27301,0,11.5396,2.92851,0,3400,78238577235
39.938,25.0388,55.7457,0,100,94,77,1569,3504,2.27301,0,11.5396,2.92851,0,3400,78263615832
40.97,24.4081,55.7457,0,100,94,77,1569,3504,2.27301,0,11.5396,2.92851,0,3400,78288025281
41.8835,23.8758,55.7457,0,100,94,77,1569,3504,2.27301,0,11.5396,2.92851,0,3400,78311900748
44.4684,22.4879,55.7457,0,100,94,77,1569,3504,2.27301,0,11.5396,2.92851,0,3400,78334390877
45.7744,21.8463,55.7457,0,100,94,77,1569,3504,2.27301,0,11.5396,2.92851,0,3400,78356237806
38.1948,26.1816,55.7457,0,100,94,77,1569,3504,2.27301,0,11.5396,2.92851,0,3400,78382420731
46.1157,21.6846,55.7457,0,100,94,77,1569,3504,2.27301,0,11.5396,2.92851,0,3400,78404106697
41.1501,24.3013,55.7457,0,100,94,77,1569,3504,2.27301,0,11.5396,2.92851,0,3400,78428408331
45.8277,21.8209,55.7457,0,100,94,77,1569,3504,2.27301,0,11.5396,2.92851,0,3400,78450230886
42.4648,23.5489,55.7457,0,100,94,77,1569,3504,2.27301,0,11.5396,2.92851,0,3400,78473780711
41.5377,24.0745,55.7457,0,100,94,77,1569,3504,2.27301,0,11.5396,2.92851,0,3400,78497857138
42.0373,23.7884,55.7457,0,100,94,77,1569,3504,2.27301,0,11.5396,2.92851,0,3400,78521646415
41.5742,24.0534,55.7457,0,100,94,77,1569,3504,2.27301,0,11.5396,2.92851,0,3400,78545700280
43.5834,22.9445,55.7457,0,100,94,77,1569,3504,2.27301,0,11.5396,2.92851,0,3400,78568645201
43.8504,22.8048,55.7457,0,100,94,77,1569,3504,2.27301,0,11.5396,2.92851,0,3400,78591451975
42.0746,23.7673,55.7457,0,100,94,77,1569,3504,2.27301,0,11.5396,2.92851,0,3400,78615219855
39.6119,25.2449,55.7457,0,100,94,77,1569,3504,2.27301,0,11.5396,2.92851,0,3400,78640473067
44.4421,22.5012,46.5517,0,100,94,77,1569,3504,2.27301,0,11.5409,2.92851,0,3400,78662968738
43.6147,22.928,46.5517,0,100,94,77,1569,3504,2.27301,0,11.5409,2.92851,0,3400,78685897598
41.8955,23.8689,46.5517,0,100,94,77,1569,3504,2.27301,0,11.5409,2.92851,0,3400,78709767424
42.551,23.5012,46.5517,0,100,94,77,1569,3504,2.27301,0,11.5409,2.92851,0,3400,78733269239
41.5022,24.0951,46.5517,0,100,94,77,1569,3504,2.27301,0,11.5409,2.92851,0,3400,78757366260
41.2529,24.2407,46.5517,0,100,94,77,1569,3504,2.27301,0,11.5409,2.92851,0,3400,78781606815
45.2056,22.1212,46.5517,0,100,94,77,1569,3504,2.27301,0,11.5409,2.92851,0,3400,78803730802
42.1258,23.7384,46.5517,0,100,94,77,1569,3504,2.27301,0,11.5409,2.92851,0,3400,78827468995
42.2946,23.6437,46.5517,0,100,94,77,1569,3504,2.27301,0,11.5409,2.92851,0,3400,78851113828
41.3314,24.1947,46.5517,0,100,94,77,1569,3504,2.27301,0,11.5409,2.92851,0,3400,78875310214
44.9676,22.2382,46.5517,0,100,94,77,1569,3504,2.27301,0,11.5409,2.92851,0,3400,78897551166
39.9998,25.0001,46.5517,0,100,94,77,1569,3504,2.27301,0,11.5409,2.92851,0,3400,78922550742
41.9365,23.8456,46.5517,0,100,94,77,1569,3504,2.27301,0,11.5409,2.92851,0,3400,78946398509
45.0617,22.1918,46.5517,0,100,94,77,1569,3504,2.27301,0,11.5409,2.92851,0,3400,78968591859
39.1551,25.5394,46.5517,0,100,94,77,1569,3504,2.27301,0,11.5409,2.92851,0,3400,78994136229
44.7476,22.3476,46.5517,0,100,94,77,1569,3504,2.27301,0,11.5409,2.92851,0,3400,79016482173
42.0042,23.8072,46.5517,0,100,94,77,1569,3504,2.27301,0,11.5409,2.92851,0,3400,79040290683
44.1381,22.6562,46.5517,0,100,94,77,1569,3504,2.27301,0,11.5409,2.92851,0,3400,79062947986
42.3877,23.5917,46.5517,0,100,94,77,1569,3504,2.27301,0,11.5409,2.92851,0,3400,79086540947
40.1191,24.9258,46.5517,0,100,94,77,1569,3504,2.27301,0,11.5409,2.92851,0,3400,79111468999
46.6232,21.4485,46.5517,0,100,94,77,1569,3504,2.27301,0,11.5409,2.92851,0,3400,79132918771
41.4646,24.1169,46.5517,0,100,94,77,1569,3504,2.27301,0,11.5409,2.92851,0,3400,79157041632
42.0894,23.759,40.9201,0,100,95,78,1569,3504,2.27301,0,11.5409,2.92851,0,3400,79180797094
44.188,22.6306,40.9201,0,100,95,78,1569,3504,2.27301,0,11.5409,2.92851,0,3400,79203428686
42.2433,23.6724,40.9201,0,100,95,78,1569,3504,2.27301,0,11.5409,2.92851,0,3400,79227102049
41.8013,23.9227,40.9201,0,100,95,78,1569,3504,2.27301,0,11.5409,2.92851,0,3400,79251026580
43.8575,22.8011,40.9201,0,100,95,78,1569,3504,2.27301,0,11.5409,2.92851,0,3400,79273829787
41.5527,24.0658,40.9201,0,100,95,78,1569,3504,2.27301,0,11.5409,2.92851,0,3400,79297896745
40.6459,24.6027,40.9201,0,100,95,78,1569,3504,2.27301,0,11.5409,2.92851,0,3400,79322500493
44.3061,22.5702,40.9201,0,100,95,78,1569,3504,2.27301,0,11.5409,2.92851,0,3400,79345070855
44.7825,22.3302,40.9201,0,100,95,78,1569,3504,2.27301,0,11.5409,2.92851,0,3400,79367403583
42.558,23.4973,40.9201,0,100,95,78,1569,3504,2.27301,0,11.5409,2.92851,0,3400,79390901873
39.6022,25.2511,40.9201,0,100,95,78,1569,3504,2.27301,0,11.5409,2.92851,0,3400,79416153701
46.6824,21.4214,40.9201,0,100,95,78,1569,3504,2.27301,0,11.5409,2.92851,0,3400,79437576245
41.1572,24.2971,40.9201,0,100,95,78,1569,3504,2.27301,0,11.5409,2.92851,0,3400,79461874299
48.7182,20.5262,40.9201,0,100,95,78,1569,3504,2.27301,0,11.5409,2.92851,0,3400,79482402087
47.7354,20.9488,40.9201,0,100,95,78,1569,3504,2.27301,0,11.5409,2.92851,0,3400,79503351962
41.5743,24.0533,40.9201,0,100,95,78,1569,3504,2.27301,0,11.5409,2.92851,0,3400,79527407191
46.5909,21.4634,40.9201,0,100,95,78,1569,3504,2.27301,0,11.5409,2.92851,0,3400,79548871473
45.2962,22.0769,40.9201,0,100,95,78,1569,3504,2.27301,0,11.5409,2.92851,0,3400,79570949700
44.5246,22.4595,40.9201,0,100,95,78,1569,3504,2.27301,0,11.5409,2.92851,0,3400,79593410518
43.691,22.888,40.9201,0,100,95,78,1569,3504,2.27301,0,11.5409,2.92851,0,3400,79616300128
43.3156,23.0864,40.9201,0,100,95,78,1569,3504,2.27301,0,11.5409,2.92851,0,3400,79639387850
45.056,22.1946,40.9201,0,100,95,78,1569,3504,2.27301,0,11.5409,2.92851,0,3400,79661589873
43.1978,23.1493,46.1728,0,100,95,78,1599,3504,2.27301,0,11.5337,2.92851,0,3403,79684734462
45.7372,21.864,46.1728,0,100,95,78,1599,3504,2.27301,0,11.5337,2.92851,0,3403,79706600467
43.5312,22.972,46.1728,0,100,95,78,1599,3504,2.27301,0,11.5337,2.92851,0,3403,79729572994
43.535,22.97,46.1728,0,100,95,78,1599,3504,2.27301,0,11.5337,2.92851,0,3403,79752544795
45.7434,21.8611,46.1728,0,100,95,78,1599,3504,2.27301,0,11.5337,2.92851,0,3403,79774407030
43.4578,23.0108,46.1728,0,100,95,78,1599,3504,2.27301,0,11.5337,2.92851,0,3403,79797418188
43.6913,22.8879,46.1728,0,100,95,78,1599,3504,2.27301,0,11.5337,2.92851,0,3403,79820310343
44.274,22.5866,46.1728,0,100,95,78,1599,3504,2.27301,0,11.5337,2.92851,0,3403,79842896764
40.8785,24.4628,46.1728,0,100,95,78,1599,3504,2.27301,0,11.5337,2.92851,0,3403,79867360029
48.3855,20.6673,46.1728,0,100,95,78,1599,3504,2.27301,0,11.5337,2.92851,0,3403,79888028715
41.7275,23.965,46.1728,0,100,95,78,1599,3504,2.27301,0,11.5337,2.92851,0,3403,79911995169
46.1458,21.6704,46.1728,0,100,95,78,1599,3504,2.27301,0,11.5337,2.92851,0,3403,79933668416
44.6391,22.4019,46.1728,0,100,95,78,1599,3504,2.27301,0,11.5337,2.92851,0,3403,79956070949
41.3058,24.2097,46.1728,0,100,95,78,1599,3504,2.27301,0,11.5337,2.92851,0,3403,79980283110
42.5335,23.5109,46.1728,0,100,95,78,1599,3504,2.27301,0,11.5337,2.92851,0,3403,80003794002
39.1377,25.5508,46.1728,0,100,95,78,1599,3504,2.27301,0,11.5337,2.92851,0,3403,80029347205
45.0121,22.2162,46.1728,0,100,95,78,1599,3504,2.27301,0,11.5337,2.92851,0,3403,80051563518
42.0704,23.7697,46.1728,0,100,95,78,1599,3504,2.27301,0,11.5337,2.92851,0,3403,80075334549
40.4745,24.7069,46.1728,0,100,95,78,1599,3504,2.27301,0,11.5337,2.92851,0,3403,80100044470
40.2133,24.8674,46.1728,0,100,95,78,1599,3504,2.27301,0,11.5337,2.92851,0,3403,80124911994
40.8966,24.4519,46.1728,0,100,95,78,1599,3504,2.27301,0,11.5337,2.92851,0,3403,80149363621
38.376,26.058,46.1728,0,100,95,78,1599,3504,2.27301,0,11.5337,2.92851,0,3403,80175433327
39.7198,25.1763,41.2346,0,100,91,78,1599,3504,2.27301,0,11.5337,2.92851,0,3403,80200600562
37.279,26.8248,41.2346,0,100,91,78,1599,3504,2.27301,0,11.5337,2.92851,0,3403,80227426288
44.0667,22.6929,41.2346,0,100,91,78,1599,3504,2.27301,0,11.5337,2.92851,0,3403,80250120435
28.7423,34.7919,41.2346,0,100,91,78,1599,3504,2.27301,0,11.5337,2.92851,0,3403,80284914554
38.7167,25.8286,41.2346,0,100,91,78,1599,3504,2.27301,0,11.5337,2.92851,0,3403,80310743393
41.4886,24.103,41.2346,0,100,91,78,1599,3504,2.27301,0,11.5337,2.92851,0,3403,80334847959
37.3501,26.7737,41.2346,0,100,91,78,1599,3504,2.27301,0,11.5337,2.92851,0,3403,80361644197
39.8123,25.1179,41.2346,0,100,91,78,1599,3504,2.27301,0,11.5337,2.92851,0,3403,80386741476
40.048,24.97,41.2346,0,100,91,78,1599,3504,2.27301,0,11.5337,2.92851,0,3403,80411733521
40.9301,24.4319,41.2346,0,100,91,78,1599,3504,2.27301,0,11.5337,2.92851,0,3403,80436167884
41.7481,23.9532,41.2346,0,100,91,78,1599,3504,2.27301,0,11.5337,2.92851,0,3403,80460142112
34.4356,29.0397,41.2346,0,100,91,78,1599,3504,2.27301,0,11.5337,2.92851,0,3403,80489174875
37.4949,26.6703,41.2346,0,100,91,78,1599,3504,2.27301,0,11.5337,2.92851,0,3403,80515832660
46.8199,21.3584,41.2346,0,100,91,78,1599,3504,2.27301,0,11.5337,2.92851,0,3403,80537221739
39.3807,25.3931,41.2346,0,100,91,78,1599,3504,2.27301,0,11.5337,2.92851,0,3403,80562633859
38.3979,26.0431,41.2346,0,100,91,78,1599,3504,2.27301,0,11.5337,2.92851,0,3403,80588681307
41.8337,23.9041,41.2346,0,100,91,78,1599,3504,2.27301,0,11.5337,2.92851,0,3403,80612565858
34.0285,29.3872,41.2346,0,100,91,78,1599,3504,2.27301,0,11.5337,2.92851,0,3403,80641975300
45.9216,21.7762,41.2346,0,100,91,78,1599,3504,2.27301,0,11.5337,2.92851,0,3403,80663730367
40.0072,24.9955,41.2346,0,100,91,78,1599,3504,2.27301,0,11.5337,2.92851,0,3403,80688754875
39.9577,25.0264,64.9254,0,100,91,78,1591,3504,2.27301,0,11.5337,2.92851,0,1826,80713754348
39.9622,25.0237,64.9254,0,100,91,78,1591,3504,2.27301,0,11.5337,2.92851,0,1826,80738779742
35.0209,28.5544,64.9254,0,100,91,78,1591,3504,2.27301,0,11.5337,2.92851,0,1826,80767336096
38.6903,25.8463,64.9254,0,100,91,78,1591,3504,2.27301,0,11.5337,2.92851,0,1826,80793195011
47.8111,20.9157,64.9254,0,100,91,78,1591,3504,2.27301,0,11.5337,2.92851,0,1826,80814098333
35.5356,28.1408,64.9254,0,100,91,78,1591,3504,2.27301,0,11.5337,2.92851,0,1826,80842240398
39.1493,25.5432,64.9254,0,100,91,78,1591,3504,2.27301,0,11.5337,2.92851,0,1826,80867806786
38.4198,26.0282,64.9254,0,100,91,78,1591,3504,2.27301,0,11.5337,2.92851,0,1826,80893815357
42.0109,23.8033,64.9254,0,100,91,78,1591,3504,2.27301,0,11.5337,2.92851,0,1826,80917618300
42.8576,23.3331,64.9254,0,100,91,78,1591,3504,2.27301,0,11.5337,2.92851,0,1826,80940956422
35.0508,28.53,64.9254,0,100,91,78,1591,3504,2.27301,0,11.5337,2.92851,0,1826,80969489948
44.0316,22.711,64.9254,0,100,91,78,1591,3504,2.27301,0,11.5337,2.92851,0,1826,80992221120
39.7232,25.1742,64.9254,0,100,91,78,1591,3504,2.27301,0,11.5337,2.92851,0,1826,81017375181
41.1496,24.3016,64.9254,0,100,91,78,1591,3504,2.27301,0,11.5337,2.92851,0,1826,81041676985
37.5991,26.5964,64.9254,0,100,91,78,1591,3504,2.27301,0,11.5337,2.92851,0,1826,81068274896
38.0187,26.3029,64.9254,0,100,91,78,1591,3504,2.27301,0,11.5337,2.92851,0,1826,81094579503
41.4679,24.115,64.9254,0,100,91,78,1591,3504,2.27301,0,11.5337,2.92851,0,1826,81118694057
34.6252,28.8807,64.9254,0,100,91,78,1591,3504,2.27301,0,11.5337,2.92851,0,1826,81147576638
49.3463,20.265,64.9254,0,100,91,78,1591,3504,2.27301,0,11.5337,2.92851,0,1826,81167843356
34.8475,28.6964,64.9254,0,100,91,78,1591,3504,2.27301,0,11.5337,2.92851,0,1826,81196546671
41.6478,24.0109,69.797,0,100,85,76,1414,3504,2.27301,0,11.5336,2.92851,0,1738,81220574492
40.4175,24.7417,69.797,0,100,85,76,1414,3504,2.27301,0,11.5336,2.92851,0,1738,81245296002
38.1944,26.1819,69.797,0,100,85,76,1414,3504,2.27301,0,11.5336,2.92851,0,1738,81271501453
42.9931,23.2596,69.797,0,100,85,76,1414,3504,2.27301,0,11.5336,2.92851,0,1738,81294739891
38.0335,26.2926,69.797,0,100,85,76,1414,3504,2.27301,0,11.5336,2.92851,0,1738,81321033405
42.9451,23.2855,69.797,0,100,85,76,1414,3504,2.27301,0,11.5336,2.92851,0,1738,81344319841
35.658,28.0442,69.797,0,100,85,76,1414,3504,2.27301,0,11.5336,2.92851,0,1738,81372364391
44.506,22.4689,69.797,0,100,85,76,1414,3504,2.27301,0,11.5336,2.92851,0,1738,81394835199
38.8096,25.7668,69.797,0,100,85,76,1414,3504,2.27301,0,11.5336,2.92851,0,1738,81420603700
36.2378,27.5955,69.797,0,100,85,76,1414,3504,2.27301,0,11.5336,2.92851,0,1738,81448221144
43.5122,22.9821,69.797,0,100,85,76,1414,3504,2.27301,0,11.5336,2.92851,0,1738,81471186316
37.9221,26.3698,69.797,0,100,85,76,1414,3504,2.27301,0,11.5336,2.92851,0,1738,81497554763
38.0429,26.2861,69.797,0,100,85,76,1414,3504,2.27301,0,11.5336,2.92851,0,1738,81523842568
46.6299,21.4455,69.797,0,100,85,76,1414,3504,2.27301,0,11.5336,2.92851,0,1738,81545288542
34.6128,28.8911,69.797,0,100,85,76,1414,3504,2.27301,0,11.5336,2.92851,0,1738,81574202613
42.9855,23.2637,69.797,0,100,85,76,1414,3504,2.27301,0,11.5336,2.92851,0,1738,81597447163
46.6412,21.4403,69.797,0,100,85,76,1414,3504,2.27301,0,11.5336,2.92851,0,1738,81618888690
35.7459,27.9753,69.797,0,100,85,76,1414,3504,2.27301,0,11.5336,2.92851,0,1738,81646877304
41.0817,24.3417,69.797,0,100,85,76,1414,3504,2.27301,0,11.5336,2.92851,0,1738,81671207669
39.5448,25.2878,69.797,0,100,85,76,1414,3504,2.27301,0,11.5336,2.92851,0,1738,81696497380
43.1186,23.1919,69.797,0,100,85,76,1414,3504,2.27301,0,11.5336,2.92851,0,1738,81719696492
41.5014,24.0956,72.6392,0,100,85,76,1412,3504,2.27301,0,11.5336,2.92851,0,1758,81743786713
35.4973,28.1712,72.6392,0,100,85,76,1412,3504,2.27301,0,11.5336,2.92851,0,1758,81771959271
44.0723,22.69,72.6392,0,100,85,76,1412,3504,2.27301,0,11.5336,2.92851,0,1758,81794671439
39.1725,25.5281,72.6392,0,100,85,76,1412,3504,2.27301,0,11.5336,2.92851,0,1758,81820179280
40.5353,24.6699,72.6392,0,100,85,76,1412,3504,2.27301,0,11.5336,2.92851,0,1758,81844849166
39.0795,25.5889,72.6392,0,100,85,76,1412,3504,2.27301,0,11.5336,2.92851,0,1758,81870460988
42.4713,23.5453,72.6392,0,100,85,76,1412,3504,2.27301,0,11.5336,2.92851,0,1758,81894016736
38.6392,25.8804,72.6392,0,100,85,76,1412,3504,2.27301,0,11.5336,2.92851,0,1758,81919888549
38.928,25.6884,72.6392,0,100,85,76,1412,3504,2.27301,0,11.5336,2.92851,0,1758,81945579019
33.4488,29.8964,72.6392,0,100,85,76,1412,3504,2.27301,0,11.5336,2.92851,0,1758,81975475851
47.4933,21.0556,72.6392,0,100,85,76,1412,3504,2.27301,0,11.5336,2.92851,0,1758,81996532685
43.5059,22.9854,72.6392,0,100,85,76,1412,3504,2.27301,0,11.5336,2.92851,0,1758,82019518392
34.6851,28.8309,72.6392,0,100,85,76,1412,3504,2.27301,0,11.5336,2.92851,0,1758,82048351084
51.956,19.2471,72.6392,0,100,85,76,1412,3504,2.27301,0,11.5336,2.92851,0,1758,82067620879
39.5211,25.3029,72.6392,0,100,85,76,1412,3504,2.27301,0,11.5336,2.92851,0,1758,82092903799
37.0883,26.9626,72.6392,0,100,85,76,1412,3504,2.27301,0,11.5336,2.92851,0,1758,82119867797
40.2019,24.8744,72.6392,0,100,85,76,1412,3504,2.27301,0,11.5336,2.92851,0,1758,82144743554
43.3816,23.0512,72.6392,0,100,85,76,1412,3504,2.27301,0,11.5336,2.92851,0,1758,82167795736
37.819,26.4417,72.6392,0,100,85,76,1412,3504,2.27301,0,11.5336,2.92851,0,1758,82194260101
36.1634,27.6523,72.6392,0,100,85,76,1412,3504,2.27301,0,11.5336,2.92851,0,1758,82221944094
37.0112,27.0188,71.5711,0,100,85,76,1412,3504,2.27301,0,11.5338,2.92851,0,1792,82248954239
55.3422,18.0694,71.5711,0,100,85,76,1412,3504,2.27301,0,11.5338,2.92851,0,1792,82267023887
40.6294,24.6127,71.5711,0,100,85,76,1412,3504,2.27301,0,11.5338,2.92851,0,1792,82291637588
34.9269,28.6312,71.5711,0,100,85,76,1412,3504,2.27301,0,11.5338,2.92851,0,1792,82320291796
39.0561,25.6042,71.5711,0,100,85,76,1412,3504,2.27301,0,11.5338,2.92851,0,1792,82345878504
50.446,19.8232,71.5711,0,100,85,76,1412,3504,2.27301,0,11.5338,2.92851,0,1792,82365722196
39.6741,25.2054,71.5711,0,100,85,76,1412,3504,2.27301,0,11.5338,2.92851,0,1792,82390908340
37.8731,26.4039,71.5711,0,100,85,76,1412,3504,2.27301,0,11.5338,2.92851,0,1792,82417312218
41.1491,24.3018,71.5711,0,100,85,76,1412,3504,2.27301,0,11.5338,2.92851,0,1792,82441618196
37.0996,26.9545,71.5711,0,100,85,76,1412,3504,2.27301,0,11.5338,2.92851,0,1792,82468570962
47.3517,21.1185,71.5711,0,100,85,76,1412,3504,2.27301,0,11.5338,2.92851,0,1792,82489691275
39.199,25.5109,71.5711,0,100,85,76,1412,3504,2.27301,0,11.5338,2.92851,0,1792,82515204427
34.9265,28.6316,71.5711,0,100,85,76,1412,3504,2.27301,0,11.5338,2.92851,0,1792,82543837039
48.8686,20.4631,71.5711,0,100,85,76,1412,3504,2.27301,0,11.5338,2.92851,0,1792,82564300917
39.3491,25.4135,71.5711,0,100,85,76,1412,3504,2.27301,0,11.5338,2.92851,0,1792,82589715307
37.1485,26.919,71.5711,0,100,85,76,1412,3504,2.27301,0,11.5338,2.92851,0,1792,82616656759
43.9302,22.7634,71.5711,0,100,85,76,1412,3504,2.27301,0,11.5338,2.92851,0,1792,82639400744
40.1828,24.8863,71.5711,0,100,85,76,1412,3504,2.27301,0,11.5338,2.92851,0,1792,82664299960
44.5645,22.4394,71.5711,0,100,85,76,1412,3504,2.27301,0,11.5338,2.92851,0,1792,82686727833
40.1274,24.9207,71.5711,0,100,85,76,1412,3504,2.27301,0,11.5338,2.92851,0,1792,82711670627
35.8732,27.8759,71.5711,0,100,85,76,1412,3504,2.27301,0,11.5338,2.92851,0,1792,82739557898
43.5602,22.9568,72.155,0,100,85,76,1409,3504,2.27301,0,11.5338,2.92851,0,1752,82762487019
45.3886,22.032,72.155,0,100,85,76,1409,3504,2.27301,0,11.5338,2.92851,0,1752,82784519754
38.492,25.9794,72.155,0,100,85,76,1409,3504,2.27301,0,11.5338,2.92851,0,1752,82810521706
39.6506,25.2203,72.155,0,100,85,76,1409,3504,2.27301,0,11.5338,2.92851,0,1752,82835722434
41.2414,24.2475,72.155,0,100,85,76,1409,3504,2.27301,0,11.5338,2.92851,0,1752,82859971096
37.9257,26.3674,72.155,0,100,85,76,1409,3504,2.27301,0,11.5338,2.92851,0,1752,82886339728
43.5048,22.986,72.155,0,100,85,76,1409,3504,2.27301,0,11.5338,2.92851,0,1752,82909347228
42.6121,23.4675,72.155,0,100,85,76,1409,3504,2.27301,0,11.5338,2.92851,0,1752,82932816827
34.1844,29.2531,72.155,0,100,85,76,1409,3504,2.27301,0,11.5338,2.92851,0,1752,82962071546
46.6149,21.4524,72.155,0,100,85,76,1409,3504,2.27301,0,11.5338,2.92851,0,1752,82983552631
41.8168,23.9138,72.155,0,100,85,76,1409,3504,2.27301,0,11.5338,2.92851,0,1752,83007468218
42.0029,23.8079,72.155,0,100,85,76,1409,3504,2.27301,0,11.5338,2.92851,0,1752,83031276200
37.0135,27.0172,72.155,0,100,85,76,1409,3504,2.27301,0,11.5338,2.92851,0,1752,83058295310
41.363,24.1762,72.155,0,100,85,76,1409,3504,2.27301,0,11.5338,2.92851,0,1752,83082494115
39.6662,25.2104,72.155,0,100,85,76,1409,3504,2.27301,0,11.5338,2.92851,0,1752,83107702616
39.2944,25.4489,72.155,0,100,85,76,1409,3504,2.27301,0,11.5338,2.92851,0,1752,83133152133
45.2935,22.0782,72.155,0,100,85,76,1409,3504,2.27301,0,11.5338,2.92851,0,1752,83155251460
39.0776,25.5901,72.155,0,100,85,76,1409,3504,2.27301,0,11.5338,2.92851,0,1752,83180821850
37.3028,26.8077,72.155,0,100,85,76,1409,3504,2.27301,0,11.5338,2.92851,0,1752,83207652530
36.2322,27.5997,72.155,0,100,85,76,1409,3504,2.27301,0,11.5338,2.92851,0,1752,83235232555
39.442,25.3537,72.155,0,100,85,76,1409,3504,2.27301,0,11.5338,2.92851,0,1752,83260614305
40.7735,24.5258,68.5366,0,100,85,75,1414,3504,2.27301,0,11.5397,2.92851,0,1722,83285114355
45.2579,22.0956,68.5366,0,100,85,75,1414,3504,2.27301,0,11.5397,2.92851,0,1722,83307211110
40.652,24.599,68.5366,0,100,85,75,1414,3504,2.27301,0,11.5397,2.92851,0,1722,83331811647
36.3992,27.4731,68.5366,0,100,85,75,1414,3504,2.27301,0,11.5397,2.92851,0,1722,83359306432
48.7677,20.5054,68.5366,0,100,85,75,1414,3504,2.27301,0,11.5397,2.92851,0,1722,83379813891
47.5461,21.0322,68.5366,0,100,85,75,1414,3504,2.27301,0,11.5397,2.92851,0,1722,83400846103
32.0579,31.1935,68.5366,0,100,85,75,1414,3504,2.27301,0,11.5397,2.92851,0,1722,83432041716
50.2179,19.9132,68.5366,0,100,85,75,1414,3504,2.27301,0,11.5397,2.92851,0,1722,83451955255
40.3206,24.8012,68.5366,0,100,85,75,1414,3504,2.27301,0,11.5397,2.92851,0,1722,83476758698
39.2896,25.452,68.5366,0,100,85,75,1414,3504,2.27301,0,11.5397,2.92851,0,1722,83502210498
41.9865,23.8172,68.5366,0,100,85,75,1414,3504,2.27301,0,11.5397,2.92851,0,1722,83526030717
41.2242,24.2576,68.5366,0,100,85,75,1414,3504,2.27301,0,11.5397,2.92851,0,1722,83550288389
35.9894,27.786,68.5366,0,100,85,75,1414,3504,2.27301,0,11.5397,2.92851,0,1722,83578076696
34.9348,28.6248,68.5366,0,100,85,75,1414,3504,2.27301,0,11.5397,2.92851,0,1722,83606701113
51.909,19.2645,68.5366,0,100,85,75,1414,3504,2.27301,0,11.5397,2.92851,0,1722,83625967314
39.6065,25.2484,68.5366,0,100,85,75,1414,3504,2.27301,0,11.5397,2.92851,0,1722,83651217227
38.0808,26.2599,68.5366,0,100,85,75,1414,3504,2.27301,0,11.5397,2.92851,0,1722,83677478468
51.6632,19.3561,68.5366,0,100,85,75,1414,3504,2.27301,0,11.5397,2.92851,0,1722,83696856568
41.0363,24.3686,68.5366,0,100,85,75,1414,3504,2.27301,0,11.5397,2.92851,0,1722,83721227661
38.5653,25.93,68.5366,0,100,85,75,1414,3504,2.27301,0,11.5397,2.92851,0,1722,83747137865
38.5049,25.9707,68.5366,0,100,85,75,1414,3504,2.27301,0,11.5397,2.92851,0,1722,83773114611
45.2122,22.1179,87.1981,0,100,85,75,1412,3504,2.27301,0,11.5443,2.92851,0,1731,83795227220
42.6374,23.4536,87.1981,0,100,85,75,1412,3504,2.27301,0,11.5443,2.92851,0,1731,83818681812
38.4601,26.001,87.1981,0,100,85,75,1412,3504,2.27301,0,11.5443,2.92851,0,1731,83844705786
38.7416,25.812,87.1981,0,100,85,75,1412,3504,2.27301,0,11.5443,2.92851,0,1731,83870518197
46.7151,21.4064,87.1981,0,100,85,75,1412,3504,2.27301,0,11.5443,2.92851,0,1731,83891946762
40.2163,24.8656,87.1981,0,100,85,75,1412,3504,2.27301,0,11.5443,2.92851,0,1731,83916794084
39.5579,25.2794,87.1981,0,100,85,75,1412,3504,2.27301,0,11.5443,2.92851,0,1731,83942073197
39.024,25.6252,87.1981,0,100,85,75,1412,3504,2.27301,0,11.5443,2.92851,0,1731,83967698928
41.6316,24.0202,87.1981,0,100,85,75,1412,3504,2.27301,0,11.5443,2.92851,0,1731,83991742890
43.5659,22.9537,87.1981,0,100,85,75,1412,3504,2.27301,0,11.5443,2.92851,0,1731,84014676240
39.2456,25.4806,87.1981,0,100,85,75,1412,3504,2.27301,0,11.5443,2.92851,0,1731,84040158775
39.8173,25.1147,87.1981,0,100,85,75,1412,3504,2.27301,0,11.5443,2.92851,0,1731,84065274226
44.3623,22.5417,87.1981,0,100,85,75,1412,3504,2.27301,0,11.5443,2.92851,0,1731,84087838508
40.3662,24.7732,87.1981,0,100,85,75,1412,3504,2.27301,0,11.5443,2.92851,0,1731,84112612956
38.323,26.094,87.1981,0,100,85,75,1412,3504,2.27301,0,11.5443,2.92851,0,1731,84138708606
41.0588,24.3553,87.1981,0,100,85,75,1412,3504,2.27301,0,11.5443,2.92851,0,1731,84163087145
41.4625,24.1182,87.1981,0,100,85,75,1412,3504,2.27301,0,11.5443,2.92851,0,1731,84187184142
39.3461,25.4155,87.1981,0,100,85,75,1412,3504,2.27301,0,11.5443,2.92851,0,1731,84212600923
50.7585,19.7011,87.1981,0,100,85,75,1412,3504,2.27301,0,11.5443,2.92851,0,1731,84232314654
38.8024,25.7716,87.1981,0,100,85,75,1412,3504,2.27301,0,11.5443,2.92851,0,1731,84258076168
40.0983,24.9387,87.1981,0,100,85,75,1412,3504,2.27301,0,11.5443,2.92851,0,1731,84283031941
37.8367,26.4293,76.8473,0,100,85,75,1412,3504,2.27301,0,11.5387,2.92851,0,1754,84309459382
50.1763,19.9297,76.8473,0,100,85,75,1412,3504,2.27301,0,11.5387,2.92851,0,1754,84329390992
43.3534,23.0662,76.8473,0,100,85,75,1412,3504,2.27301,0,11.5387,2.92851,0,1754,84352479633
36.2108,27.6161,76.8473,0,100,85,75,1412,3504,2.27301,0,11.5387,2.92851,0,1754,84380087820
44.327,22.5596,76.8473,0,100,85,75,1412,3504,2.27301,0,11.5387,2.92851,0,1754,84402648803
43.5099,22.9833,76.8473,0,100,85,75,1412,3504,2.27301,0,11.5387,2.92851,0,1754,84425633544
38.1305,26.2257,76.8473,0,100,85,75,1412,3504,2.27301,0,11.5387,2.92851,0,1754,84451881755
41.7181,23.9704,76.8473,0,100,85,75,1412,3504,2.27301,0,11.5387,2.92851,0,1754,84475831674
37.2054,26.8778,76.8473,0,100,85,75,1412,3504,2.27301,0,11.5387,2.92851,0,1754,84502709936
47.2826,21.1494,76.8473,0,100,85,75,1412,3504,2.27301,0,11.5387,2.92851,0,1754,84523859891
34.0048,29.4076,76.8473,0,100,85,75,1412,3504,2.27301,0,11.5387,2.92851,0,1754,84553269851
46.3312,21.5837,76.8473,0,100,85,75,1412,3504,2.27301,0,11.5387,2.92851,0,1754,84574856268
40.574,24.6463,76.8473,0,100,85,75,1412,3504,2.27301,0,11.5387,2.92851,0,1754,84599502233
39.7918,25.1308,76.8473,0,100,85,75,1412,3504,2.27301,0,11.5387,2.92851,0,1754,84624634783
38.2169,26.1665,76.8473,0,100,85,75,1412,3504,2.27301,0,11.5387,2.92851,0,1754,84650802339
37.7037,26.5226,76.8473,0,100,85,75,1412,3504,2.27301,0,11.5387,2.92851,0,1754,84677324978
54.7728,18.2572,76.8473,0,100,85,75,1412,3504,2.27301,0,11.5387,2.92851,0,1754,84695584226
40.4385,24.7289,76.8473,0,100,85,75,1412,3504,2.27301,0,11.5387,2.92851,0,1754,84720314231
39.5223,25.3022,76.8473,0,100,85,75,1412,3504,2.27301,0,11.5387,2.92851,0,1754,84745617060
36.6701,27.2702,76.8473,0,100,85,75,1412,3504,2.27301,0,11.5387,2.92851,0,1754,84772909226
36.0969,27.7032,76.8473,0,100,85,75,1412,3504,2.27301,0,11.5387,2.92851,0,1754,84800596591
59.6877,16.7539,68.4729,0,100,85,75,1407,3504,2.27301,0,11.5399,2.92851,0,1743,84817346985
40.8451,24.4827,68.4729,0,100,85,75,1407,3504,2.27301,0,11.5399,2.92851,0,1743,84841830626
40.0263,24.9836,68.4729,0,100,85,75,1407,3504,2.27301,0,11.5399,2.92851,0,1743,84866818552
40.962,24.4129,68.4729,0,100,85,75,1407,3504,2.27301,0,11.5399,2.92851,0,1743,84891250042
37.2546,26.8423,68.4729,0,100,85,75,1407,3504,2.27301,0,11.5399,2.92851,0,1743,84918093251
41.3231,24.1995,68.4729,0,100,85,75,1407,3504,2.27301,0,11.5399,2.92851,0,1743,84942320958
44.6851,22.3788,68.4729,0,100,85,75,1407,3504,2.27301,0,11.5399,2.92851,0,1743,84964701181
40.5299,24.6732,68.4729,0,100,85,75,1407,3504,2.27301,0,11.5399,2.92851,0,1743,84989374968
39.682,25.2003,68.4729,0,100,85,75,1407,3504,2.27301,0,11.5399,2.92851,0,1743,85014576364
47.3527,21.1181,68.4729,0,100,85,75,1407,3504,2.27301,0,11.5399,2.92851,0,1743,85035695380
38.0284,26.2961,68.4729,0,100,85,75,1407,3504,2.27301,0,11.5399,2.92851,0,1743,85061992672
41.482,24.1069,68.4729,0,100,85,75,1407,3504,2.27301,0,11.5399,2.92851,0,1743,85086106198
37.0315,27.004,68.4729,0,100,85,75,1407,3504,2.27301,0,11.5399,2.92851,0,1743,85113104602
47.0422,21.2575,68.4729,0,100,85,75,1407,3504,2.27301,0,11.5399,2.92851,0,1743,85134385265
40.9532,24.4181,68.4729,0,100,85,75,1407,3504,2.27301,0,11.5399,2.92851,0,1743,85158796489
40.2986,24.8148,68.4729,0,100,85,75,1407,3504,2.27301,0,11.5399,2.92851,0,1743,85183599655
40.4017,24.7514,68.4729,0,100,85,75,1407,3504,2.27301,0,11.5399,2.92851,0,1743,85208351654
41.1486,24.3022,68.4729,0,100,85,75,1407,3504,2.27301,0,11.5399,2.92851,0,1743,85232654902
41.4056,24.1513,68.4729,0,100,85,75,1407,3504,2.27301,0,11.5399,2.92851,0,1743,85256807666
40.1906,24.8815,68.4729,0,100,85,75,1407,3504,2.27301,0,11.5399,2.92851,0,1743,85281690031
39.3218,25.4312,68.4729,0,100,85,75,1407,3504,2.27301,0,11.5399,2.92851,0,1743,85307148910
34.8803,28.6695,71.4286,0,100,85,75,1409,3504,2.27301,0,11.5399,2.92851,0,1742,85335793031
45.8333,21.8182,71.4286,0,100,85,75,1409,3504,2.27301,0,11.5399,2.92851,0,1742,85357612699
37.3425,26.7791,71.4286,0,100,85,75,1409,3504,2.27301,0,11.5399,2.92851,0,1742,85384393346
51.8708,19.2787,71.4286,0,100,85,75,1409,3504,2.27301,0,11.5399,2.92851,0,1742,85403671768
35.6491,28.0512,71.4286,0,100,85,75,1409,3504,2.27301,0,11.5399,2.92851,0,1742,85431725020
56.6802,17.6429,71.4286,0,100,85,75,1409,3504,2.27301,0,11.5399,2.92851,0,1742,85449369156
43.6417,22.9139,71.4286,0,100,85,75,1409,3504,2.27301,0,11.5399,2.92851,0,1742,85472283741
37.441,26.7087,71.4286,0,100,85,75,1409,3504,2.27301,0,11.5399,2.92851,0,1742,85498994151
47.9691,20.8468,71.4286,0,100,85,75,1409,3504,2.27301,0,11.5399,2.92851,0,1742,85519842619
41.549,24.0679,71.4286,0,100,85,75,1409,3504,2.27301,0,11.5399,2.92851,0,1742,85543932869
40.0713,24.9555,71.4286,0,100,85,75,1409,3504,2.27301,0,11.5399,2.92851,0,1742,85568868011
45.8031,21.8326,71.4286,0,100,85,75,1409,3504,2.27301,0,11.5399,2.92851,0,1742,85590723195
39.8462,25.0965,71.4286,0,100,85,75,1409,3504,2.27301,0,11.5399,2.92851,0,1742,85615826934
41.1125,24.3235,71.4286,0,100,85,75,1409,3504,2.27301,0,11.5399,2.92851,0,1742,85640145105
43.8026,22.8297,71.4286,0,100,85,75,1409,3504,2.27301,0,11.5399,2.92851,0,1742,85662954469
39.1737,25.5274,71.4286,0,100,85,75,1409,3504,2.27301,0,11.5399,2.92851,0,1742,85688496185
42.6448,23.4495,71.4286,0,100,85,75,1409,3504,2.27301,0,11.5399,2.92851,0,1742,85711946242
41.036,24.3688,71.4286,0,100,85,75,1409,3504,2.27301,0,11.5399,2.92851,0,1742,85736316947
38.6819,25.8519,71.4286,0,100,85,75,1409,3504,2.27301,0,11.5399,2.92851,0,1742,85762168864
45.6179,21.9212,71.4286,0,100,85,75,1409,3504,2.27301,0,11.5399,2.92851,0,1742,85784090052
45.7792,21.844,71.4286,0,100,85,75,1409,3504,2.27301,0,11.5399,2.92851,0,1742,85805935699
38.6289,25.8873,71.4286,0,100,85,75,1409,3504,2.27301,0,11.5399,2.92851,0,1742,85831831458
41.4891,24.1027,70.1923,0,100,85,75,1409,3504,2.27301,0,11.5429,2.92851,0,1754,85855928097
42.0925,23.7572,70.1923,0,100,85,75,1409,3504,2.27301,0,11.5429,2.92851,0,1754,85879687596
46.4381,21.534,70.1923,0,100,85,75,1409,3504,2.27301,0,11.5429,2.92851,0,1754,85901223118
34.8514,28.6933,70.1923,0,100,85,75,1409,3504,2.27301,0,11.5429,2.92851,0,1754,85929938005
47.656,20.9837,70.1923,0,100,85,75,1409,3504,2.27301,0,11.5429,2.92851,0,1754,85950901972
36.127,27.6801,70.1923,0,100,85,75,1409,3504,2.27301,0,11.5429,2.92851,0,1754,85978583292
44.8606,22.2913,70.1923,0,100,85,75,1409,3504,2.27301,0,11.5429,2.92851,0,1754,86000874992
44.5408,22.4513,70.1923,0,100,85,75,1409,3504,2.27301,0,11.5429,2.92851,0,1754,86023327259
39.1579,25.5376,70.1923,0,100,85,75,1409,3504,2.27301,0,11.5429,2.92851,0,1754,86048866480
38.7324,25.8182,70.1923,0,100,85,75,1409,3504,2.27301,0,11.5429,2.92851,0,1754,86074684929
44.912,22.2658,70.1923,0,100,85,75,1409,3504,2.27301,0,11.5429,2.92851,0,1754,86096953251
43.1154,23.1936,70.1923,0,100,85,75,1409,3504,2.27301,0,11.5429,2.92851,0,1754,86120148679
40.7539,24.5375,70.1923,0,100,85,75,1409,3504,2.27301,0,11.5429,2.92851,0,1754,86144686213
42.7714,23.3801,70.1923,0,100,85,75,1409,3504,2.27301,0,11.5429,2.92851,0,1754,86168067874
40.9223,24.4366,70.1923,0,100,85,75,1409,3504,2.27301,0,11.5429,2.92851,0,1754,86192505172
41.0466,24.3626,70.1923,0,100,85,75,1409,3504,2.27301,0,11.5429,2.92851,0,1754,86216869465
43.8611,22.7993,70.1923,0,100,85,75,1409,3504,2.27301,0,11.5429,2.92851,0,1754,86239690256
34.9246,28.6331,70.1923,0,100,85,75,1409,3504,2.27301,0,11.5429,2.92851,0,1754,86268303374
45.8543,21.8082,70.1923,0,100,85,75,1409,3504,2.27301,0,11.5429,2.92851,0,1754,86290112593
42.9405,23.2881,70.1923,0,100,85,75,1409,3504,2.27301,0,11.5429,2.92851,0,1754,86313402115
39.7525,25.1557,70.1923,0,100,85,75,1409,3504,2.27301,0,11.5429,2.92851,0,1754,86338563222
41.2862,24.2212,73.6973,0,100,85,75,1401,3504,2.27301,0,11.5434,2.92851,0,1800,86362782115
41.1219,24.3179,73.6973,0,100,85,75,1401,3504,2.27301,0,11.5434,2.92851,0,1800,86387100714
41.4425,24.1298,73.6973,0,100,85,75,1401,3504,2.27301,0,11.5434,2.92851,0,1800,86411230473
44.8211,22.3109,73.6973,0,100,85,75,1401,3504,2.27301,0,11.5434,2.92851,0,1800,86433543927
42.628,23.4588,73.6973,0,100,85,75,1401,3504,2.27301,0,11.5434,2.92851,0,1800,86457024998
37.3686,26.7604,73.6973,0,100,85,75,1401,3504,2.27301,0,11.5434,2.92851,0,1800,86483766279
53.3789,18.734,73.6973,0,100,85,75,1401,3504,2.27301,0,11.5434,2.92851,0,1800,86502500869
33.9176,29.4832,73.6973,0,100,85,75,1401,3504,2.27301,0,11.5434,2.92851,0,1800,86531986158
51.2283,19.5205,73.6973,0,100,85,75,1401,3504,2.27301,0,11.5434,2.92851,0,1800,86551507527
40.0552,24.9656,73.6973,0,100,85,75,1401,3504,2.27301,0,11.5434,2.92851,0,1800,86576474158
41.5115,24.0897,73.6973,0,100,85,75,1401,3504,2.27301,0,11.5434,2.92851,0,1800,86600565115
43.4207,23.0305,73.6973,0,100,85,75,1401,3504,2.27301,0,11.5434,2.92851,0,1800,86623618126
39.9997,25.0002,73.6973,0,100,85,75,1401,3504,2.27301,0,11.5434,2.92851,0,1800,86648597575
40.005,24.9969,73.6973,0,100,85,75,1401,3504,2.27301,0,11.5434,2.92851,0,1800,86673596207
41.1968,24.2737,73.6973,0,100,85,75,1401,3504,2.27301,0,11.5434,2.92851,0,1800,86697871970
45.2712,22.0891,73.6973,0,100,85,75,1401,3504,2.27301,0,11.5434,2.92851,0,1800,86719962049
41.2133,24.264,73.6973,0,100,85,75,1401,3504,2.27301,0,11.5434,2.92851,0,1800,86744226998
45.3574,22.0471,73.6973,0,100,85,75,1401,3504,2.27301,0,11.5434,2.92851,0,1800,86766275334
37.8881,26.3935,73.6973,0,100,85,75,1401,3504,2.27301,0,11.5434,2.92851,0,1800,86792690008
36.0593,27.7321,73.6973,0,100,85,75,1401,3504,2.27301,0,11.5434,2.92851,0,1800,86820403373
52.6446,18.9953,73.6973,0,100,85,75,1401,3504,2.27301,0,11.5434,2.92851,0,1800,86839417402
42.6667,23.4375,71.867,0,100,85,75,1397,3504,2.27301,0,11.5439,2.92851,0,1751,86862858702
40.4905,24.6972,71.867,0,100,85,75,1397,3504,2.27301,0,11.5439,2.92851,0,1751,86887556943
39.3124,25.4373,71.867,0,100,85,75,1397,3504,2.27301,0,11.5439,2.92851,0,1751,86912974221
37.7649,26.4796,71.867,0,100,85,75,1397,3504,2.27301,0,11.5439,2.92851,0,1751,86939455068
48.034,20.8186,71.867,0,100,85,75,1397,3504,2.27301,0,11.5439,2.92851,0,1751,86960273851
40.9103,24.4437,71.867,0,100,85,75,1397,3504,2.27301,0,11.5439,2.92851,0,1751,86984718948
44.5947,22.4242,71.867,0,100,85,75,1397,3504,2.27301,0,11.5439,2.92851,0,1751,87007144979
39.2786,25.4592,71.867,0,100,85,75,1397,3504,2.27301,0,11.5439,2.92851,0,1751,87032626765
34.4305,29.044,71.867,0,100,85,75,1397,3504,2.27301,0,11.5439,2.92851,0,1751,87061670355
62.2565,16.0626,71.867,0,100,85,75,1397,3504,2.27301,0,11.5439,2.92851,0,1751,87077734590
38.1897,26.1851,71.867,0,100,85,75,1397,3504,2.27301,0,11.5439,2.92851,0,1751,87103941761
40.6037,24.6283,71.867,0,100,85,75,1397,3504,2.27301,0,11.5439,2.92851,0,1751,87128571120
42.7716,23.38,71.867,0,100,85,75,1397,3504,2.27301,0,11.5439,2.92851,0,1751,87151952542
41.5745,24.0532,71.867,0,100,85,75,1397,3504,2.27301,0,11.5439,2.92851,0,1751,87176006799
41.3886,24.1612,71.867,0,100,85,75,1397,3504,2.27301,0,11.5439,2.92851,0,1751,87200189948
39.1584,25.5373,71.867,0,100,85,75,1397,3504,2.27301,0,11.5439,2.92851,0,1751,87225706800
41.5647,24.0589,71.867,0,100,85,75,1397,3504,2.27301,0,11.5439,2.92851,0,1751,87249767359
40.8876,24.4573,71.867,0,100,85,75,1397,3504,2.27301,0,11.5439,2.92851,0,1751,87274246035
43.5396,22.9676,71.867,0,100,85,75,1397,3504,2.27301,0,11.5439,2.92851,0,1751,87297193218
38.9447,25.6774,71.867,0,100,85,75,1397,3504,2.27301,0,11.5439,2.92851,0,1751,87322871481
39.0339,25.6188,71.867,0,100,85,75,1397,3504,2.27301,0,11.5439,2.92851,0,1751,87348517975
40.72,24.558,64.8855,0,100,85,75,1405,3504,2.27299,0,11.5439,2.92851,0,1809,87373050358
45.1228,22.1617,64.8855,0,100,85,75,1405,3504,2.27299,0,11.5439,2.92851,0,1809,87395213652
34.7076,28.8121,64.8855,0,100,85,75,1405,3504,2.27299,0,11.5439,2.92851,0,1809,87424027324
42.4096,23.5796,64.8855,0,100,85,75,1405,3504,2.27299,0,11.5439,2.92851,0,1809,87447607137
50.4706,19.8135,64.8855,0,100,85,75,1405,3504,2.27299,0,11.5439,2.92851,0,1809,87467422000
38.8951,25.7102,64.8855,0,100,85,75,1405,3504,2.27299,0,11.5439,2.92851,0,1809,87493134142
45.1295,22.1585,64.8855,0,100,85,75,1405,3504,2.27299,0,11.5439,2.92851,0,1809,87515327084
37.1783,26.8974,64.8855,0,100,85,75,1405,3504,2.27299,0,11.5439,2.92851,0,1809,87542225024
44.285,22.581,64.8855,0,100,85,75,1405,3504,2.27299,0,11.5439,2.92851,0,1809,87564808483
48.3499,20.6826,64.8855,0,100,85,75,1405,3504,2.27299,0,11.5439,2.92851,0,1809,87585492322
40.2495,24.845,64.8855,0,100,85,75,1405,3504,2.27299,0,11.5439,2.92851,0,1809,87610338505
46.5329,21.4902,64.8855,0,100,85,75,1405,3504,2.27299,0,11.5439,2.92851,0,1809,87631850793
37.4375,26.7112,64.8855,0,100,85,75,1405,3504,2.27299,0,11.5439,2.92851,0,1809,87658542179
46.4727,21.518,64.8855,0,100,85,75,1405,3504,2.27299,0,11.5439,2.92851,0,1809,87680061632
38.7694,25.7935,64.8855,0,100,85,75,1405,3504,2.27299,0,11.5439,2.92851,0,1809,87705856410
40.0957,24.9403,64.8855,0,100,85,75,1405,3504,2.27299,0,11.5439,2.92851,0,1809,87730818970
46.8122,21.362,64.8855,0,100,85,75,1405,3504,2.27299,0,11.5439,2.92851,0,1809,87752161169
39.9362,25.0399,64.8855,0,100,85,75,1405,3504,2.27299,0,11.5439,2.92851,0,1809,87777202063
40.3671,24.7727,64.8855,0,100,85,75,1405,3504,2.27299,0,11.5439,2.92851,0,1809,87801975985
44.9049,22.2693,64.8855,0,100,85,75,1405,3504,2.27299,0,11.5439,2.92851,0,1809,87824245697
46.9567,21.2962,64.8855,0,100,85,75,1405,3504,2.27299,0,11.5439,2.92851,0,1809,87845542801
39.8053,25.1223,64.8855,0,100,85,75,1405,3504,2.27299,0,11.5439,2.92851,0,1809,87870673045
42.9637,23.2754,71.1443,0,100,85,75,1405,3504,2.27299,0,11.5438,2.92851,0,1777,87893955298
45.3729,22.0396,71.1443,0,100,85,75,1405,3504,2.27299,0,11.5438,2.92851,0,1777,87916009853
40.5595,24.6551,71.1443,0,100,85,75,1405,3504,2.27299,0,11.5438,2.92851,0,1777,87940652660
39.3054,25.4418,71.1443,0,100,85,75,1405,3504,2.27299,0,11.5438,2.92851,0,1777,87966096546
45.8796,21.7962,71.1443,0,100,85,75,1405,3504,2.27299,0,11.5438,2.92851,0,1777,87987892402
42.8126,23.3576,71.1443,0,100,85,75,1405,3504,2.27299,0,11.5438,2.92851,0,1777,88011250840
40.9539,24.4177,71.1443,0,100,85,75,1405,3504,2.27299,0,11.5438,2.92851,0,1777,88035670116
39.7559,25.1535,71.1443,0,100,85,75,1405,3504,2.27299,0,11.5438,2.92851,0,1777,88060826748
47.9227,20.867,71.1443,0,100,85,75,1405,3504,2.27299,0,11.5438,2.92851,0,1777,88081692826
38.927,25.6891,71.1443,0,100,85,75,1405,3504,2.27299,0,11.5438,2.92851,0,1777,88107382733
49.855,20.0582,71.1443,0,100,85,75,1405,3504,2.27299,0,11.5438,2.92851,0,1777,88127441527
44.4662,22.489,71.1443,0,100,85,75,1405,3504,2.27299,0,11.5438,2.92851,0,1777,88149932475
37.4881,26.6751,71.1443,0,100,85,75,1405,3504,2.27299,0,11.5438,2.92851,0,1777,88176609031
46.1123,21.6862,71.1443,0,100,85,75,1405,3504,2.27299,0,11.5438,2.92851,0,1777,88198296054
43.5944,22.9388,71.1443,0,100,85,75,1405,3504,2.27299,0,11.5438,2.92851,0,1777,88221234838
41.5019,24.0953,71.1443,0,100,85,75,1405,3504,2.27299,0,11.5438,2.92851,0,1777,88245350099
42.6521,23.4455,71.1443,0,100,85,75,1405,3504,2.27299,0,11.5438,2.92851,0,1777,88268797149
41.9206,23.8546,71.1443,0,100,85,75,1405,3504,2.27299,0,11.5438,2.92851,0,1777,88292652660
47.9133,20.871,71.1443,0,100,85,75,1405,3504,2.27299,0,11.5438,2.92851,0,1777,88313523595
41.3355,24.1923,71.1443,0,100,85,75,1405,3504,2.27299,0,11.5438,2.92851,0,1777,88337718474
38.373,26.06,71.1443,0,100,85,75,1405,3504,2.27299,0,11.5438,2.92851,0,1777,88363779826
45.788,21.8398,71.1443,0,100,85,75,1405,3504,2.27299,0,11.5438,2.92851,0,1777,88385647719
50.3244,19.8711,72.4566,0,100,85,75,1409,3504,2.27295,0,11.5363,2.92851,0,1737,88405514778
17.4489,57.3101,72.4566,0,100,85,75,1409,3504,2.27295,0,11.5363,2.92851,0,1737,88462824005
16.8399,59.3828,72.4566,0,100,85,75,1409,3504,2.27295,0,11.5363,2.92851,0,1737,88522207828
23.3544,42.8185,72.4566,0,100,85,75,1409,3504,2.27295,0,11.5363,2.92851,0,1737,88565048831
23.8748,41.8851,72.4566,0,100,85,75,1409,3504,2.27295,0,11.5363,2.92851,0,1737,88606913240
22.4709,44.502,72.4566,0,100,85,75,1409,3504,2.27295,0,11.5363,2.92851,0,1737,88651417610
39.3242,25.4297,72.4566,0,100,85,75,1409,3504,2.27295,0,11.5363,2.92851,0,1737,88676848832
25.0241,39.9614,72.4566,0,100,85,75,1409,3504,2.27295,0,11.5363,2.92851,0,1737,88716810907
39.6939,25.1928,72.4566,0,100,85,75,1409,3504,2.27295,0,11.5363,2.92851,0,1737,88742026901
41.2873,24.2205,72.4566,0,100,85,75,1409,3504,2.27295,0,11.5363,2.92851,0,1737,88766247983
42.0159,23.8005,72.4566,0,100,85,75,1409,3504,2.27295,0,11.5363,2.92851,0,1737,88790028906
42.7302,23.4026,72.4566,0,100,85,75,1409,3504,2.27295,0,11.5363,2.92851,0,1737,88813432999
38.3909,26.0478,72.4566,0,100,85,75,1409,3504,2.27295,0,11.5363,2.92851,0,1737,88839503018
32.5533,30.7189,72.4566,0,100,85,75,1409,3504,2.27295,0,11.5363,2.92851,0,1737,88870202454
68.845,14.5254,72.4566,0,100,85,75,1409,3504,2.27295,0,11.5363,2.92851,0,1737,88884749859
42.5035,23.5275,72.4566,0,100,85,75,1409,3504,2.27295,0,11.5363,2.92851,0,1737,88908295799
36.3334,27.5229,75.4854,0,91,85,74,1436,3504,2.27529,0,11.5365,2.92851,0,1752,88935781248
42.1937,23.7002,75.4854,0,91,85,74,1436,3504,2.27529,0,11.5365,2.92851,0,1752,88959482802
36.8319,27.1504,75.4854,0,91,85,74,1436,3504,2.27529,0,11.5365,2.92851,0,1752,88986634085
14.3971,69.4584,75.4854,0,91,85,74,1436,3504,2.27529,0,11.5365,2.92851,0,1752,89056094208
36.7473,27.2129,75.4854,0,91,85,74,1436,3504,2.27529,0,11.5365,2.92851,0,1752,89083377618
18.3091,54.6177,75.4854,0,91,85,74,1436,3504,2.27529,0,11.5365,2.92851,0,1752,89137955236
23.9813,41.6991,75.4854,0,91,85,74,1436,3504,2.27529,0,11.5365,2.92851,0,1752,89179628797
45.7932,21.8373,75.4854,0,91,85,74,1436,3504,2.27529,0,11.5365,2.92851,0,1752,89201487309
45.0167,22.214,75.4854,0,91,85,74,1436,3504,2.27529,0,11.5365,2.92851,0,1752,89223681987
28.2868,35.3522,75.4854,0,91,85,74,1436,3504,2.27529,0,11.5365,2.92851,0,1752,89259034988
25.4283,39.3262,75.4854,0,91,85,74,1436,3504,2.27529,0,11.5365,2.92851,0,1752,89298384932
91.9628,10.874,75.4854,0,91,85,74,1436,3504,2.27529,0,11.5365,2.92851,0,1752,89309238900
32.6425,30.6349,75.4854,0,91,85,74,1436,3504,2.27529,0,11.5365,2.92851,0,1752,89339895310
34.6174,28.8872,75.4854,0,91,85,74,1436,3504,2.27529,0,11.5365,2.92851,0,1752,89368806417
33.812,29.5753,75.4854,0,91,85,74,1436,3504,2.27529,0,11.5365,2.92851,0,1752,89398382513
29.397,34.017,75.4854,0,91,85,74,1436,3504,2.27529,0,11.5365,2.92851,0,1752,89432385711
40.5123,24.6838,79.5566,0,91,85,74,1436,3504,2.27529,0,11.5518,2.92851,0,1763,89457085743
21.9706,45.5153,79.5566,0,91,85,74,1436,3504,2.27529,0,11.5518,2.92851,0,1763,89502581601
55.4301,18.0407,79.5566,0,91,85,74,1436,3504,2.27529,0,11.5518,2.92851,0,1763,89520645170
31.8957,31.3522,79.5566,0,91,85,74,1436,3504,2.27529,0,11.5518,2.92851,0,1763,89551997242
39.9766,25.0146,79.5566,0,91,85,74,1436,3504,2.27529,0,11.5518,2.92851,0,1763,89577014165
34.2575,29.1907,79.5566,0,91,85,74,1436,3504,2.27529,0,11.5518,2.92851,0,1763,89606227187
23.1173,43.2576,79.5566,0,91,85,74,1436,3504,2.27529,0,11.5518,2.92851,0,1763,89649464044
45.2,22.1239,79.5566,0,91,85,74,1436,3504,2.27529,0,11.5518,2.92851,0,1763,89671589329
35.7594,27.9647,79.5566,0,91,85,74,1436,3504,2.27529,0,11.5518,2.92851,0,1763,89699554646
33.3479,29.9869,79.5566,0,91,85,74,1436,3504,2.27529,0,11.5518,2.92851,0,1763,89729543357
36.2752,27.567,79.5566,0,91,85,74,1436,3504,2.27529,0,11.5518,2.92851,0,1763,89757111448
31.3999,31.8473,79.5566,0,91,85,74,1436,3504,2.27529,0,11.5518,2.92851,0,1763,89788981408
40.9187,24.4387,79.5566,0,91,85,74,1436,3504,2.27529,0,11.5518,2.92851,0,1763,89813399756
30.1279,33.1918,79.5566,0,91,85,74,1436,3504,2.27529,0,11.5518,2.92851,0,1763,89846592228
39.235,25.4875,79.5566,0,91,85,74,1436,3504,2.27529,0,11.5518,2.92851,0,1763,89872081235
36.5446,27.3638,79.5566,0,91,85,74,1436,3504,2.27529,0,11.5518,2.92851,0,1763,89899446146
36.7923,27.1796,79.5566,0,91,85,74,1436,3504,2.27529,0,11.5518,2.92851,0,1763,89926626416
31.609,31.6366,79.5566,0,91,85,74,1436,3504,2.27529,0,11.5518,2.92851,0,1763,89958290709
34.1253,29.3037,91.1058,0,71,85,74,1477,3504,2.27962,0,11.5529,2.92851,0,1756,89987568252
28.4895,35.1006,91.1058,0,71,85,74,1477,3504,2.27962,0,11.5529,2.92851,0,1756,90022691617
34.0292,29.3866,91.1058,0,71,85,74,1477,3504,2.27962,0,11.5529,2.92851,0,1756,90052058146
36.9534,27.0611,91.1058,0,71,85,74,1477,3504,2.27962,0,11.5529,2.92851,0,1756,90079119944
26.5567,37.6553,91.1058,0,71,85,74,1477,3504,2.27962,0,11.5529,2.92851,0,1756,90116776595
33.3846,29.9539,91.1058,0,71,85,74,1477,3504,2.27962,0,11.5529,2.92851,0,1756,90146753917
56.4455,17.7162,91.1058,0,71,85,74,1477,3504,2.27962,0,11.5529,2.92851,0,1756,90164474910
32.8153,30.4736,91.1058,0,71,85,74,1477,3504,2.27962,0,11.5529,2.92851,0,1756,90194925079
25.8631,38.6651,91.1058,0,71,85,74,1477,3504,2.27962,0,11.5529,2.92851,0,1756,90233590824
55.5915,17.9884,91.1058,0,71,85,74,1477,3504,2.27962,0,11.5529,2.92851,0,1756,90251580066
20.2687,49.3372,91.1058,0,71,85,74,1477,3504,2.27962,0,11.5529,2.92851,0,1756,90300918829
53.9323,18.5418,91.1058,0,71,85,74,1477,3504,2.27962,0,11.5529,2.92851,0,1756,90319461244
49.8365,20.0656,91.1058,0,71,85,74,1477,3504,2.27962,0,11.5529,2.92851,0,1756,90339541266
37.0422,26.9962,91.1058,0,71,85,74,1477,3504,2.27962,0,11.5529,2.92851,0,1756,90366538727
25.1362,39.7833,91.1058,0,71,85,74,1477,3504,2.27962,0,11.5529,2.92851,0,1756,90406323187
32.7069,30.5746,91.1058,0,71,85,74,1477,3504,2.27962,0,11.5529,2.92851,0,1756,90436899087
44.4686,22.4878,91.1058,0,71,85,74,1477,3504,2.27962,0,11.5529,2.92851,0,1756,90459394339
20.2205,49.4547,92.5558,0,71,85,74,1477,3504,2.27962,0,11.5531,2.92851,0,1727,90508844547
71.3191,14.0215,92.5558,0,71,85,74,1477,3504,2.27962,0,11.5531,2.92851,0,1727,90522866863
26.7882,37.3298,92.5558,0,71,85,74,1477,3504,2.27962,0,11.5531,2.92851,0,1727,90560219256
42.0999,23.753,92.5558,0,71,85,74,1477,3504,2.27962,0,11.5531,2.92851,0,1727,90583951180
12.8896,77.5819,92.5558,0,71,85,74,1477,3504,2.27962,0,11.5531,2.92851,0,1727,90661535313
25.6086,39.0493,92.5558,0,71,85,74,1477,3504,2.27962,0,11.5531,2.92851,0,1727,90700585636
32.1156,31.1376,92.5558,0,71,85,74,1477,3504,2.27962,0,11.5531,2.92851,0,1727,90731723948
32.6535,30.6246,92.5558,0,71,85,74,1477,3504,2.27962,0,11.5531,2.92851,0,1727,90762350762
67.8682,14.7344,92.5558,0,71,85,74,1477,3504,2.27962,0,11.5531,2.92851,0,1727,90777108040
24.6588,40.5535,92.5558,0,71,85,74,1477,3504,2.27962,0,11.5531,2.92851,0,1727,90817641217
55.2798,18.0898,92.5558,0,71,85,74,1477,3504,2.27962,0,11.5531,2.92851,0,1727,90835731315
27.7472,36.0397,92.5558,0,71,85,74,1477,3504,2.27962,0,11.5531,2.92851,0,1727,90871771872
59.7587,16.734,92.5558,0,71,85,74,1477,3504,2.27962,0,11.5531,2.92851,0,1727,90888508475
45.8155,21.8267,92.5558,0,71,85,74,1477,3504,2.27962,0,11.5531,2.92851,0,1727,90910336280
39.1126,25.5672,92.5558,0,71,85,74,1477,3504,2.27962,0,11.5531,2.92851,0,1727,90935906481
60.45,16.5426,92.5558,0,71,85,74,1477,3504,2.27962,0,11.5531,2.92851,0,1727,90952469849
35.3751,28.2685,92.5558,0,71,85,74,1477,3504,2.27962,0,11.5531,2.92851,0,1727,90980724565
38.1313,26.2252,86.7647,0,75,85,74,1529,3504,2.27924,0,11.5541,2.92851,0,1727,91006966251
28.9302,34.5659,86.7647,0,75,85,74,1529,3504,2.27924,0,11.5541,2.92851,0,1727,91041534090
82.684,12.0942,86.7647,0,75,85,74,1529,3504,2.27924,0,11.5541,2.92851,0,1727,91053650728
28.0652,35.6314,86.7647,0,75,85,74,1529,3504,2.27924,0,11.5541,2.92851,0,1727,91089262692
47.15,21.2089,86.7647,0,75,85,74,1529,3504,2.27924,0,11.5541,2.92851,0,1727,91110472518
53.2611,18.7754,86.7647,0,75,85,74,1529,3504,2.27924,0,11.5541,2.92851,0,1727,91129249497
34.7485,28.7782,86.7647,0,75,85,74,1529,3504,2.27924,0,11.5541,2.92851,0,1727,91158028932
46.0752,21.7036,86.7647,0,75,85,74,1529,3504,2.27924,0,11.5541,2.92851,0,1727,91179734632
48.3117,20.6989,86.7647,0,75,85,74,1529,3504,2.27924,0,11.5541,2.92851,0,1727,91200434112
35.1006,28.4896,86.7647,0,75,85,74,1529,3504,2.27924,0,11.5541,2.92851,0,1727,91228945818
47.4746,21.0639,86.7647,0,75,85,74,1529,3504,2.27924,0,11.5541,2.92851,0,1727,91249988985
56.9017,17.5742,86.7647,0,75,85,74,1529,3504,2.27924,0,11.5541,2.92851,0,1727,91267565042
39.4757,25.3321,86.7647,0,75,85,74,1529,3504,2.27924,0,11.5541,2.92851,0,1727,91292898278
41.6868,23.9884,86.7647,0,75,85,74,1529,3504,2.27924,0,11.5541,2.92851,0,1727,91316888465
34.1028,29.3231,86.7647,0,75,85,74,1529,3504,2.27924,0,11.5541,2.92851,0,1727,91346212176
51.8139,19.2999,86.7647,0,75,85,74,1529,3504,2.27924,0,11.5541,2.92851,0,1727,91365513481
40.9548,24.4172,86.7647,0,75,85,74,1529,3504,2.27924,0,11.5541,2.92851,0,1727,91389932076
41.8136,23.9157,86.7647,0,75,85,74,1529,3504,2.27924,0,11.5541,2.92851,0,1727,91413847711
48.465,20.6335,86.7647,0,75,85,74,1529,3504,2.27924,0,11.5541,2.92851,0,1727,91434503088
44.006,22.7242,86.7647,0,75,85,74,1529,3504,2.27924,0,11.5541,2.92851,0,1727,91457250643
36.6989,27.2488,86.7647,0,75,85,74,1529,3504,2.27924,0,11.5541,2.92851,0,1727,91484507165
51.3955,19.4569,90.4762,0,75,84,74,1529,3504,2.27924,0,11.5469,2.92851,0,1730,91503959485
44.8693,22.2869,90.4762,0,75,84,74,1529,3504,2.27924,0,11.5469,2.92851,0,1730,91526247663
45.2854,22.0822,90.4762,0,75,84,74,1529,3504,2.27924,0,11.5469,2.92851,0,1730,91548331705
45.1903,22.1287,90.4762,0,75,84,74,1529,3504,2.27924,0,11.5469,2.92851,0,1730,91570460956
37.164,26.9078,90.4762,0,75,84,74,1529,3504,2.27924,0,11.5469,2.92851,0,1730,91597390394
39.6236,25.2375,90.4762,0,75,84,74,1529,3504,2.27924,0,11.5469,2.92851,0,1730,91622628974
44.9408,22.2515,90.4762,0,75,84,74,1529,3504,2.27924,0,11.5469,2.92851,0,1730,91644881133
41.5468,24.0693,90.4762,0,75,84,74,1529,3504,2.27924,0,11.5469,2.92851,0,1730,91668964943
39.5431,25.2889,90.4762,0,75,84,74,1529,3504,2.27924,0,11.5469,2.92851,0,1730,91694276997
46.9784,21.2864,90.4762,0,75,84,74,1529,3504,2.27924,0,11.5469,2.92851,0,1730,91715541830
38.8873,25.7153,90.4762,0,75,84,74,1529,3504,2.27924,0,11.5469,2.92851,0,1730,91741258192
52.7422,18.9601,90.4762,0,75,84,74,1529,3504,2.27924,0,11.5469,2.92851,0,1730,91760221211
31.0844,32.1705,90.4762,0,75,84,74,1529,3504,2.27924,0,11.5469,2.92851,0,1730,91792392805
38.8802,25.72,90.4762,0,75,84,74,1529,3504,2.27924,0,11.5469,2.92851,0,1730,91818135442
53.3963,18.7279,90.4762,0,75,84,74,1529,3504,2.27924,0,11.5469,2.92851,0,1730,91836843783
46.0915,21.696,90.4762,0,75,84,74,1529,3504,2.27924,0,11.5469,2.92851,0,1730,91858541590
44.7699,22.3364,90.4762,0,75,84,74,1529,3504,2.27924,0,11.5469,2.92851,0,1730,91880899977
47.8464,20.9002,90.4762,0,75,84,74,1529,3504,2.27924,0,11.5469,2.92851,0,1730,91901801463
41.1283,24.3142,90.4762,0,75,84,74,1529,3504,2.27924,0,11.5469,2.92851,0,1730,91926115866
42.083,23.7626,90.4762,0,75,84,74,1529,3504,2.27924,0,11.5469,2.92851,0,1730,91949879675
38.1467,26.2146,90.4762,0,75,84,74,1529,3504,2.27924,0,11.5469,2.92851,0,1730,91976094729
42.4544,23.5547,90.4762,0,75,84,74,1529,3504,2.27924,0,11.5469,2.92851,0,1730,91999656978
48.8122,20.4867,92.4939,0,80,84,74,1454,3504,2.27483,0,11.5466,2.92851,0,1727,92020140086
33.2078,30.1134,92.4939,0,80,84,74,1454,3504,2.27483,0,11.5466,2.92851,0,1727,92050255436
60.5339,16.5197,92.4939,0,80,84,74,1454,3504,2.27483,0,11.5466,2.92851,0,1727,92066775252
39.9671,25.0206,92.4939,0,80,84,74,1454,3504,2.27483,0,11.5466,2.92851,0,1727,92091797591
41.1989,24.2725,92.4939,0,80,84,74,1454,3504,2.27483,0,11.5466,2.92851,0,1727,92116091957
44.2873,22.5798,92.4939,0,80,84,74,1454,3504,2.27483,0,11.5466,2.92851,0,1727,92138651410
43.3075,23.0907,92.4939,0,80,84,74,1454,3504,2.27483,0,11.5466,2.92851,0,1727,92161763868
46.9161,21.3146,92.4939,0,80,84,74,1454,3504,2.27483,0,11.5466,2.92851,0,1727,92183059037
43.911,22.7733,92.4939,0,80,84,74,1454,3504,2.27483,0,11.5466,2.92851,0,1727,92205833280
42.8662,23.3284,92.4939,0,80,84,74,1454,3504,2.27483,0,11.5466,2.92851,0,1727,92229162013
48.301,20.7035,92.4939,0,80,84,74,1454,3504,2.27483,0,11.5466,2.92851,0,1727,92249867346
31.7949,31.4516,92.4939,0,80,84,74,1454,3504,2.27483,0,11.5466,2.92851,0,1727,92281321620
42.8152,23.3562,92.4939,0,80,84,74,1454,3504,2.27483,0,11.5466,2.92851,0,1727,92304699021
57.1849,17.4871,92.4939,0,80,84,74,1454,3504,2.27483,0,11.5466,2.92851,0,1727,92322166820
38.0562,26.2769,92.4939,0,80,84,74,1454,3504,2.27483,0,11.5466,2.92851,0,1727,92348444274
48.3656,20.6758,92.4939,0,80,84,74,1454,3504,2.27483,0,11.5466,2.92851,0,1727,92369122031
40.4982,24.6925,92.4939,0,80,84,74,1454,3504,2.27483,0,11.5466,2.92851,0,1727,92393814915
49.9104,20.0359,92.4939,0,80,84,74,1454,3504,2.27483,0,11.5466,2.92851,0,1727,92413851345
73.9618,13.5205,92.4939,0,80,84,74,1454,3504,2.27483,0,11.5466,2.92851,0,1727,92427393627
19.9533,50.1171,92.4939,0,80,84,74,1454,3504,2.27483,0,11.5466,2.92851,0,1727,92477491277
21.6346,46.2223,92.4939,0,80,84,74,1454,3504,2.27483,0,11.5466,2.92851,0,1727,92523740829
76.613,13.0526,81.3107,0,99,84,75,1408,3504,2.27209,0,11.5542,2.92851,0,1843,92536789346
55.5535,18.0007,81.3107,0,99,84,75,1408,3504,2.27209,0,11.5542,2.92851,0,1843,92554793390
101.51,9.85128,81.3107,0,99,84,75,1408,3504,2.27209,0,11.5542,2.92851,0,1843,92564622797
77.5856,12.889,81.3107,0,99,84,75,1408,3504,2.27209,0,11.5542,2.92851,0,1843,92577535403
42.0194,23.7985,81.3107,0,99,84,75,1408,3504,2.27209,0,11.5542,2.92851,0,1843,92601315748
124.399,8.03865,81.3107,0,99,84,75,1408,3504,2.27209,0,11.5542,2.92851,0,1843,92609353013
63.3498,15.7854,81.3107,0,99,84,75,1408,3504,2.27209,0,11.5542,2.92851,0,1843,92625140889
62.159,16.0878,81.3107,0,99,84,75,1408,3504,2.27209,0,11.5542,2.92851,0,1843,92641254861
65.4499,15.2789,81.3107,0,99,84,75,1408,3504,2.27209,0,11.5542,2.92851,0,1843,92656509371
62.8395,15.9136,81.3107,0,99,84,75,1408,3504,2.27209,0,11.5542,2.92851,0,1843,92672444870
56.2142,17.7891,81.3107,0,99,84,75,1408,3504,2.27209,0,11.5542,2.92851,0,1843,92690213188
86.4486,11.5676,81.3107,0,99,84,75,1408,3504,2.27209,0,11.5542,2.92851,0,1843,92701782760
53.7136,18.6172,81.3107,0,99,84,75,1408,3504,2.27209,0,11.5542,2.92851,0,1843,92720401474
76.0247,13.1536,81.3107,0,99,84,75,1408,3504,2.27209,0,11.5542,2.92851,0,1843,92733557043
55.8973,17.8899,81.3107,0,99,84,75,1408,3504,2.27209,0,11.5542,2.92851,0,1843,92751447836
77.476,12.9072,81.3107,0,99,84,75,1408,3504,2.27209,0,11.5542,2.92851,0,1843,92764356308
54.9776,18.1892,81.3107,0,99,84,75,1408,3504,2.27209,0,11.5542,2.92851,0,1843,92782568487
82.9432,12.0564,81.3107,0,99,84,75,1408,3504,2.27209,0,11.5542,2.92851,0,1843,92794625416
62.2932,16.0531,81.3107,0,99,84,75,1408,3504,2.27209,0,11.5542,2.92851,0,1843,92810678981
57.1854,17.487,81.3107,0,99,84,75,1408,3504,2.27209,0,11.5542,2.92851,0,1843,92828167430
72.9141,13.7148,81.3107,0,99,84,75,1408,3504,2.27209,0,11.5542,2.92851,0,1843,92841883575
62.4968,16.0008,81.3107,0,99,84,75,1408,3504,2.27209,0,11.5542,2.92851,0,1843,92857884941
63.8165,15.6699,81.3107,0,99,84,75,1408,3504,2.27209,0,11.5542,2.92851,0,1843,92873556783
59.8617,16.7052,81.3107,0,99,84,75,1408,3504,2.27209,0,11.5542,2.92851,0,1843,92890263071
72.5213,13.7891,81.3107,0,99,84,75,1408,3504,2.27209,0,11.5542,2.92851,0,1843,92904052542
64.2381,15.5671,81.3107,0,99,84,75,1408,3504,2.27209,0,11.5542,2.92851,0,1843,92919621144
63.413,15.7696,81.3107,0,99,84,75,1408,3504,2.27209,0,11.5542,2.92851,0,1843,92935392519
69.6443,14.3587,81.3107,0,99,84,75,1408,3504,2.27209,0,11.5542,2.92851,0,1843,92949753059
61.8216,16.1756,81.3107,0,99,84,75,1408,3504,2.27209,0,11.5542,2.92851,0,1843,92965950532
58.3257,17.1451,81.3107,0,99,84,75,1408,3504,2.27209,0,11.5542,2.92851,0,1843,92983076052
58.3453,17.1393,81.3107,0,99,84,75,1408,3504,2.27209,0,11.5542,2.92851,0,1843,93000217794
77.755,12.8609,81.3107,0,99,84,75,1408,3504,2.27209,0,11.5542,2.92851,0,1843,93013100989
68.8816,14.5177,81.3107,0,99,84,75,1408,3504,2.27209,0,11.5542,2.92851,0,1843,93027623565
62.3353,16.0423,72.5191,0,92,84,74,1414,3504,2.26945,0,11.555,2.92851,0,1745,93043640700
66.1505,15.117,72.5191,0,92,84,74,1414,3504,2.26945,0,11.555,2.92851,0,1745,93058780783
57.376,17.4289,72.5191,0,92,84,74,1414,3504,2.26945,0,11.555,2.92851,0,1745,93076231693
85.2082,11.736,72.5191,0,92,84,74,1414,3504,2.26945,0,11.555,2.92851,0,1745,93087968952
55.6703,17.9629,72.5191,0,92,84,74,1414,3504,2.26945,0,11.555,2.92851,0,1745,93105932138
62.9985,15.8734,72.5191,0,92,84,74,1414,3504,2.26945,0,11.555,2.92851,0,1745,93121808767
60.1775,16.6175,72.5191,0,92,84,74,1414,3504,2.26945,0,11.555,2.92851,0,1745,93138448080
60.5606,16.5124,72.5191,0,92,84,74,1414,3504,2.26945,0,11.555,2.92851,0,1745,93154940911
60.9009,16.4201,72.5191,0,92,84,74,1414,3504,2.26945,0,11.555,2.92851,0,1745,93171361923
68.3454,14.6316,72.5191,0,92,84,74,1414,3504,2.26945,0,11.555,2.92851,0,1745,93185994188
59.7442,16.738,72.5191,0,92,84,74,1414,3504,2.26945,0,11.555,2.92851,0,1745,93202733683
62.3705,16.0332,72.5191,0,92,84,74,1414,3504,2.26945,0,11.555,2.92851,0,1745,93218767834
62.1708,16.0847,72.5191,0,92,84,74,1414,3504,2.26945,0,11.555,2.92851,0,1745,93234854000
63.3679,15.7809,72.5191,0,92,84,74,1414,3504,2.26945,0,11.555,2.92851,0,1745,93250636977
60.8066,16.4456,72.5191,0,92,84,74,1414,3504,2.26945,0,11.555,2.92851,0,1745,93267104547
62.7053,15.9476,72.5191,0,92,84,74,1414,3504,2.26945,0,11.555,2.92851,0,1745,93283054307
61.2592,16.3241,72.5191,0,92,84,74,1414,3504,2.26945,0,11.555,2.92851,0,1745,93299358804
61.3303,16.3052,72.5191,0,92,84,74,1414,3504,2.26945,0,11.555,2.92851,0,1745,93315665217
62.5978,15.975,72.5191,0,92,84,74,1414,3504,2.26945,0,11.555,2.92851,0,1745,93331671783
60.9383,16.41,72.5191,0,92,84,74,1414,3504,2.26945,0,11.555,2.92851,0,1745,93348078402
66.0806,15.133,72.5191,0,92,84,74,1414,3504,2.26945,0,11.555,2.92851,0,1745,93363191527
60.652,16.4875,72.5191,0,92,84,74,1414,3504,2.26945,0,11.555,2.92851,0,1745,93379680859
64.343,15.5417,72.5191,0,92,84,74,1414,3504,2.26945,0,11.555,2.92851,0,1745,93395224123
59.5795,16.7843,72.5191,0,92,84,74,1414,3504,2.26945,0,11.555,2.92851,0,1745,93412009207
61.5547,16.2457,72.5191,0,92,84,74,1414,3504,2.26945,0,11.555,2.92851,0,1745,93428256839
65.3687,15.2978,72.5191,0,92,84,74,1414,3504,2.26945,0,11.555,2.92851,0,1745,93443555569
57.5534,17.3752,72.5191,0,92,84,74,1414,3504,2.26945,0,11.555,2.92851,0,1745,93460931368
57.9783,17.2478,72.5191,0,92,84,74,1414,3504,2.26945,0,11.555,2.92851,0,1745,93478181266
60.6161,16.4973,72.5191,0,92,84,74,1414,3504,2.26945,0,11.555,2.92851,0,1745,93494679712
66.0341,15.1437,72.5191,0,92,84,74,1414,3504,2.26945,0,11.555,2.92851,0,1745,93509824421
65.4887,15.2698,72.5191,0,92,84,74,1414,3504,2.26945,0,11.555,2.92851,0,1745,93525116737
53.8994,18.5531,72.5191,0,92,84,74,1414,3504,2.26945,0,11.555,2.92851,0,1745,93543698413
79.1859,12.6285,71.75,0,92,85,74,1414,3504,2.26945,0,11.5628,2.92851,0,1730,93556300281
58.7991,17.0071,71.75,0,92,85,74,1414,3504,2.26945,0,11.5628,2.92851,0,1730,93573308322
63.2099,15.8203,71.75,0,92,85,74,1414,3504,2.26945,0,11.5628,2.92851,0,1730,93589129524
62.6616,15.9587,71.75,0,92,85,74,1414,3504,2.26945,0,11.5628,2.92851,0,1730,93605111248
66.1778,15.1108,71.75,0,92,85,74,1414,3504,2.26945,0,11.5628,2.92851,0,1730,93620201970
51.7714,19.3157,71.75,0,92,85,74,1414,3504,2.26945,0,11.5628,2.92851,0,1730,93639538678
73.9308,13.5262,71.75,0,92,85,74,1414,3504,2.26945,0,11.5628,2.92851,0,1730,93653044518
55.464,18.0297,71.75,0,92,85,74,1414,3504,2.26945,0,11.5628,2.92851,0,1730,93671096363
69.1593,14.4594,71.75,0,92,85,74,1414,3504,2.26945,0,11.5628,2.92851,0,1730,93685535636
62.8616,15.908,71.75,0,92,85,74,1414,3504,2.26945,0,11.5628,2.92851,0,1730,93701466451
63.9596,15.6349,71.75,0,92,85,74,1414,3504,2.26945,0,11.5628,2.92851,0,1730,93717081155
61.8278,16.174,71.75,0,92,85,74,1414,3504,2.26945,0,11.5628,2.92851,0,1730,93733255749
64.2397,15.5667,71.75,0,92,85,74,1414,3504,2.26945,0,11.5628,2.92851,0,1730,93748823351
54.364,18.3945,71.75,0,92,85,74,1414,3504,2.26945,0,11.5628,2.92851,0,1730,93767219470
68.7558,14.5442,71.75,0,92,85,74,1414,3504,2.26945,0,11.5628,2.92851,0,1730,93781785511
59.3745,16.8422,71.75,0,92,85,74,1414,3504,2.26945,0,11.5628,2.92851,0,1730,93798609090
69.0763,14.4767,71.75,0,92,85,74,1414,3504,2.26945,0,11.5628,2.92851,0,1730,93813086698
57.2593,17.4644,71.75,0,92,85,74,1414,3504,2.26945,0,11.5628,2.92851,0,1730,93830551597
66.4195,15.0558,71.75,0,92,85,74,1414,3504,2.26945,0,11.5628,2.92851,0,1730,93845608510
60.4725,16.5364,71.75,0,92,85,74,1414,3504,2.26945,0,11.5628,2.92851,0,1730,93862145817
62.8065,15.9219,71.75,0,92,85,74,1414,3504,2.26945,0,11.5628,2.92851,0,1730,93878090812
62.1715,16.0845,71.75,0,92,85,74,1414,3504,2.26945,0,11.5628,2.92851,0,1730,93894154684
61.1113,16.3636,71.75,0,92,85,74,1414,3504,2.26945,0,11.5628,2.92851,0,1730,93910519700
62.5299,15.9923,71.75,0,92,85,74,1414,3504,2.26945,0,11.5628,2.92851,0,1730,93926512852
63.7818,15.6785,71.75,0,92,85,74,1414,3504,2.26945,0,11.5628,2.92851,0,1730,93942191718
61.498,16.2607,71.75,0,92,85,74,1414,3504,2.26945,0,11.5628,2.92851,0,1730,93958475270
64.0983,15.601,71.75,0,92,85,74,1414,3504,2.26945,0,11.5628,2.92851,0,1730,93974077638
60.0903,16.6416,71.75,0,92,85,74,1414,3504,2.26945,0,11.5628,2.92851,0,1730,93990720754
63.1485,15.8357,71.75,0,92,85,74,1414,3504,2.26945,0,11.5628,2.92851,0,1730,94006556212
58.4157,17.1187,71.75,0,92,85,74,1414,3504,2.26945,0,11.5628,2.92851,0,1730,94023704724
65.243,15.3273,71.75,0,92,85,74,1414,3504,2.26945,0,11.5628,2.92851,0,1730,94039006296
61.1795,16.3453,71.75,0,92,85,74,1414,3504,2.26945,0,11.5628,2.92851,0,1730,94055358729
67.7751,14.7547,73.1051,0,100,85,74,1417,3504,2.2688,0,11.5634,2.92851,0,1752,94070107464
56.4033,17.7295,73.1051,0,100,85,74,1417,3504,2.2688,0,11.5634,2.92851,0,1752,94087838498
65.7023,15.2202,73.1051,0,100,85,74,1417,3504,2.2688,0,11.5634,2.92851,0,1752,94103081576
61.641,16.223,73.1051,0,100,85,74,1417,3504,2.2688,0,11.5634,2.92851,0,1752,94119305110
64.7197,15.4512,73.1051,0,100,85,74,1417,3504,2.2688,0,11.5634,2.92851,0,1752,94134778469
54.9419,18.201,73.1051,0,100,85,74,1417,3504,2.2688,0,11.5634,2.92851,0,1752,94152980028
70.2785,14.2291,73.1051,0,100,85,74,1417,3504,2.2688,0,11.5634,2.92851,0,1752,94167210804
54.1741,18.459,73.1051,0,100,85,74,1417,3504,2.2688,0,11.5634,2.92851,0,1752,94185670863
64.8487,15.4205,73.1051,0,100,85,74,1417,3504,2.2688,0,11.5634,2.92851,0,1752,94201093219
60.5043,16.5277,73.1051,0,100,85,74,1417,3504,2.2688,0,11.5634,2.92851,0,1752,94217642245
65.9005,15.1744,73.1051,0,100,85,74,1417,3504,2.2688,0,11.5634,2.92851,0,1752,94232797420
63.7037,15.6977,73.1051,0,100,85,74,1417,3504,2.2688,0,11.5634,2.92851,0,1752,94248496677
65.8323,15.1901,73.1051,0,100,85,74,1417,3504,2.2688,0,11.5634,2.92851,0,1752,94263686934
59.8452,16.7098,73.1051,0,100,85,74,1417,3504,2.2688,0,11.5634,2.92851,0,1752,94280397169
66.3989,15.0605,73.1051,0,100,85,74,1417,3504,2.2688,0,11.5634,2.92851,0,1752,94295459183
57.204,17.4813,73.1051,0,100,85,74,1417,3504,2.2688,0,11.5634,2.92851,0,1752,94312941552
68.9751,14.498,73.1051,0,100,85,74,1417,3504,2.2688,0,11.5634,2.92851,0,1752,94327441416
55.6837,17.9586,73.1051,0,100,85,74,1417,3504,2.2688,0,11.5634,2.92851,0,1752,94345401561
67.2826,14.8627,73.1051,0,100,85,74,1417,3504,2.2688,0,11.5634,2.92851,0,1752,94360264600
61.3304,16.3051,73.1051,0,100,85,74,1417,3504,2.2688,0,11.5634,2.92851,0,1752,94376583380
66.8725,14.9538,73.1051,0,100,85,74,1417,3504,2.2688,0,11.5634,2.92851,0,1752,94391545485
62.2737,16.0581,73.1051,0,100,85,74,1417,3504,2.2688,0,11.5634,2.92851,0,1752,94407584425
61.8057,16.1797,73.1051,0,100,85,74,1417,3504,2.2688,0,11.5634,2.92851,0,1752,94423764579
54.9447,18.2001,73.1051,0,100,85,74,1417,3504,2.2688,0,11.5634,2.92851,0,1752,94441965790
69.6171,14.3643,73.1051,0,100,85,74,1417,3504,2.2688,0,11.5634,2.92851,0,1752,94456330573
55.5152,18.0131,73.1051,0,100,85,74,1417,3504,2.2688,0,11.5634,2.92851,0,1752,94474345160
68.1906,14.6648,73.1051,0,100,85,74,1417,3504,2.2688,0,11.5634,2.92851,0,1752,94489032285
57.9601,17.2532,73.1051,0,100,85,74,1417,3504,2.2688,0,11.5634,2.92851,0,1752,94506266299
70.7595,14.1324,73.1051,0,100,85,74,1417,3504,2.2688,0,11.5634,2.92851,0,1752,94520399955
55.2491,18.0999,73.1051,0,100,85,74,1417,3504,2.2688,0,11.5634,2.92851,0,1752,94538501632
62.7739,15.9302,73.1051,0,100,85,74,1417,3504,2.2688,0,11.5634,2.92851,0,1752,94554432591
61.0001,16.3934,73.1051,0,100,85,74,1417,3504,2.2688,0,11.5634,2.92851,0,1752,94570833926
60.7348,16.465,73.6973,0,100,83,74,1417,3504,2.26848,0,11.5634,2.92851,0,1751,94587293034
60.4755,16.5356,73.6973,0,100,83,74,1417,3504,2.26848,0,11.5634,2.92851,0,1751,94603829932
49.5387,20.1863,73.6973,0,100,83,74,1417,3504,2.26848,0,11.5634,2.92851,0,1751,94624017539
77.9471,12.8292,73.6973,0,100,83,74,1417,3504,2.26848,0,11.5634,2.92851,0,1751,94636847240
66.5399,15.0286,73.6973,0,100,83,74,1417,3504,2.26848,0,11.5634,2.92851,0,1751,94651877232
67.1301,14.8964,73.6973,0,100,83,74,1417,3504,2.26848,0,11.5634,2.92851,0,1751,94666773930
52.7832,18.9454,73.6973,0,100,83,74,1417,3504,2.26848,0,11.5634,2.92851,0,1751,94685742018
68.3534,14.6299,73.6973,0,100,83,74,1417,3504,2.26848,0,11.5634,2.92851,0,1751,94700352133
51.9326,19.2557,73.6973,0,100,83,74,1417,3504,2.26848,0,11.5634,2.92851,0,1751,94719638156
83.5326,11.9714,73.6973,0,100,83,74,1417,3504,2.26848,0,11.5634,2.92851,0,1751,94731580250
62.4192,16.0207,73.6973,0,100,83,74,1417,3504,2.26848,0,11.5634,2.92851,0,1751,94747623940
64.2539,15.5632,73.6973,0,100,83,74,1417,3504,2.26848,0,11.5634,2.92851,0,1751,94763167294
53.8193,18.5807,73.6973,0,100,83,74,1417,3504,2.26848,0,11.5634,2.92851,0,1751,94781749289
71.423,14.0011,73.6973,0,100,83,74,1417,3504,2.26848,0,11.5634,2.92851,0,1751,94795753207
58.891,16.9805,73.6973,0,100,83,74,1417,3504,2.26848,0,11.5634,2.92851,0,1751,94812734485
62.9774,15.8787,73.6973,0,100,83,74,1417,3504,2.26848,0,11.5634,2.92851,0,1751,94828614198
60.6335,16.4925,73.6973,0,100,83,74,1417,3504,2.26848,0,11.5634,2.92851,0,1751,94845107987
65.9503,15.1629,73.6973,0,100,83,74,1417,3504,2.26848,0,11.5634,2.92851,0,1751,94860273307
62.6571,15.9599,73.6973,0,100,83,74,1417,3504,2.26848,0,11.5634,2.92851,0,1751,94876234171
51.2766,19.5021,73.6973,0,100,83,74,1417,3504,2.26848,0,11.5634,2.92851,0,1751,94895843790
84.9453,11.7723,73.6973,0,100,83,74,1417,3504,2.26848,0,11.5634,2.92851,0,1751,94907532256
54.9879,18.1858,73.6973,0,100,83,74,1417,3504,2.26848,0,11.5634,2.92851,0,1751,94925697845
61.7702,16.189,73.6973,0,100,83,74,1417,3504,2.26848,0,11.5634,2.92851,0,1751,94941888114
54.6113,18.3112,73.6973,0,100,83,74,1417,3504,2.26848,0,11.5634,2.92851,0,1751,94960221816
77.4958,12.9039,73.6973,0,100,83,74,1417,3504,2.26848,0,11.5634,2.92851,0,1751,94973105009
59.1254,16.9132,73.6973,0,100,83,74,1417,3504,2.26848,0,11.5634,2.92851,0,1751,94990040335
54.6565,18.2961,73.6973,0,100,83,74,1417,3504,2.26848,0,11.5634,2.92851,0,1751,95008316211
72.983,13.7018,73.6973,0,100,83,74,1417,3504,2.26848,0,11.5634,2.92851,0,1751,95022019383
56.8561,17.5883,73.6973,0,100,83,74,1417,3504,2.26848,0,11.5634,2.92851,0,1751,95039610111
71.7569,13.9359,73.6973,0,100,83,74,1417,3504,2.26848,0,11.5634,2.92851,0,1751,95053545728
60.6829,16.4791,73.6973,0,100,83,74,1417,3504,2.26848,0,11.5634,2.92851,0,1751,95070026080
56.865,17.5855,73.6973,0,100,83,74,1417,3504,2.26848,0,11.5634,2.92851,0,1751,95087618613
71.4527,13.9953,78.1407,0,100,83,75,1417,3504,2.26834,0,11.561,2.92851,0,1753,95101608402
51.4715,19.4282,78.1407,0,100,83,75,1417,3504,2.26834,0,11.561,2.92851,0,1753,95121038710
70.8758,14.1092,78.1407,0,100,83,75,1417,3504,2.26834,0,11.561,2.92851,0,1753,95135169523
41.5698,24.0559,78.1407,0,100,83,75,1417,3504,2.26834,0,11.561,2.92851,0,1753,95159207725
147.124,6.79697,78.1407,0,100,83,75,1417,3504,2.26834,0,11.561,2.92851,0,1753,95166004838
47.5805,21.017,78.1407,0,100,83,75,1417,3504,2.26834,0,11.561,2.92851,0,1753,95187022377
76.4953,13.0727,78.1407,0,100,83,75,1417,3504,2.26834,0,11.561,2.92851,0,1753,95200096340
59.617,16.7737,78.1407,0,100,83,75,1417,3504,2.26834,0,11.561,2.92851,0,1753,95216892726
62.5453,15.9884,78.1407,0,100,83,75,1417,3504,2.26834,0,11.561,2.92851,0,1753,95232861115
58.0352,17.2309,78.1407,0,100,83,75,1417,3504,2.26834,0,11.561,2.92851,0,1753,95250113366
65.6726,15.2271,78.1407,0,100,83,75,1417,3504,2.26834,0,11.561,2.92851,0,1753,95265342838
60.4257,16.5493,78.1407,0,100,83,75,1417,3504,2.26834,0,11.561,2.92851,0,1753,95281893301
62.0058,16.1275,78.1407,0,100,83,75,1417,3504,2.26834,0,11.561,2.92851,0,1753,95298043004
58.4858,17.0982,78.1407,0,100,83,75,1417,3504,2.26834,0,11.561,2.92851,0,1753,95315120288
61.2984,16.3137,78.1407,0,100,83,75,1417,3504,2.26834,0,11.561,2.92851,0,1753,95331435928
64.9364,15.3997,78.1407,0,100,83,75,1417,3504,2.26834,0,11.561,2.92851,0,1753,95346835777
57.6308,17.3518,78.1407,0,100,83,75,1417,3504,2.26834,0,11.561,2.92851,0,1753,95364189529
60.2143,16.6074,78.1407,0,100,83,75,1417,3504,2.26834,0,11.561,2.92851,0,1753,95380799012
62.2114,16.0742,78.1407,0,100,83,75,1417,3504,2.26834,0,11.561,2.92851,0,1753,95396873015
60.6685,16.483,78.1407,0,100,83,75,1417,3504,2.26834,0,11.561,2.92851,0,1753,95413358217
61.8031,16.1804,78.1407,0,100,83,75,1417,3504,2.26834,0,11.561,2.92851,0,1753,95429560346
61.0968,16.3675,78.1407,0,100,83,75,1417,3504,2.26834,0,11.561,2.92851,0,1753,95445934756
58.4563,17.1068,78.1407,0,100,83,75,1417,3504,2.26834,0,11.561,2.92851,0,1753,95463042739
65.3022,15.3134,78.1407,0,100,83,75,1417,3504,2.26834,0,11.561,2.92851,0,1753,95478357559
55.5432,18.004,78.1407,0,100,83,75,1417,3504,2.26834,0,11.561,2.92851,0,1753,95496382799
65.6337,15.2361,78.1407,0,100,83,75,1417,3504,2.26834,0,11.561,2.92851,0,1753,95511620563
56.5109,17.6957,78.1407,0,100,83,75,1417,3504,2.26834,0,11.561,2.92851,0,1753,95529327715
95.5876,10.4616,78.1407,0,100,83,75,1417,3504,2.26834,0,11.561,2.92851,0,1753,95539780366
62.4936,16.0016,78.1407,0,100,83,75,1417,3504,2.26834,0,11.561,2.92851,0,1753,95555782465
59.7875,16.7259,78.1407,0,100,83,75,1417,3504,2.26834,0,11.561,2.92851,0,1753,95572509784
61.095,16.3679,78.1407,0,100,83,75,1417,3504,2.26834,0,11.561,2.92851,0,1753,95588884175
61.8273,16.1741,65.7289,0,100,85,75,1417,3504,2.26834,0,11.561,2.92851,0,3410,95605053256
60.2663,16.593,65.7289,0,100,85,75,1417,3504,2.26834,0,11.561,2.92851,0,3410,95621647353
60.6222,16.4956,65.7289,0,100,85,75,1417,3504,2.26834,0,11.561,2.92851,0,3410,95638145196
61.4138,16.283,65.7289,0,100,85,75,1417,3504,2.26834,0,11.561,2.92851,0,3410,95654428656
58.7068,17.0338,65.7289,0,100,85,75,1417,3504,2.26834,0,11.561,2.92851,0,3410,95671464272
63.6708,15.7058,65.7289,0,100,85,75,1417,3504,2.26834,0,11.561,2.92851,0,3410,95687170948
61.5972,16.2345,65.7289,0,100,85,75,1417,3504,2.26834,0,11.561,2.92851,0,3410,95703407019
61.0278,16.386,65.7289,0,100,85,75,1417,3504,2.26834,0,11.561,2.92851,0,3410,95719794603
57.515,17.3868,65.7289,0,100,85,75,1417,3504,2.26834,0,11.561,2.92851,0,3410,95737182978
64.0358,15.6163,65.7289,0,100,85,75,1417,3504,2.26834,0,11.561,2.92851,0,3410,95752799739
52.791,18.9426,65.7289,0,100,85,75,1417,3504,2.26834,0,11.561,2.92851,0,3410,95771743776
68.9038,14.513,65.7289,0,100,85,75,1417,3504,2.26834,0,11.561,2.92851,0,3410,95786259252
62.2148,16.0733,65.7289,0,100,85,75,1417,3504,2.26834,0,11.561,2.92851,0,3410,95802332669
61.4076,16.2846,65.7289,0,100,85,75,1417,3504,2.26834,0,11.561,2.92851,0,3410,95818617978
60.8176,16.4426,65.7289,0,100,85,75,1417,3504,2.26834,0,11.561,2.92851,0,3410,95835062682
61.571,16.2414,65.7289,0,100,85,75,1417,3504,2.26834,0,11.561,2.92851,0,3410,95851304739
57.8604,17.283,65.7289,0,100,85,75,1417,3504,2.26834,0,11.561,2.92851,0,3410,95868589049
54.3182,18.41,65.7289,0,100,85,75,1417,3504,2.26834,0,11.561,2.92851,0,3410,95887020784
59.8215,16.7164,65.7289,0,100,85,75,1417,3504,2.26834,0,11.561,2.92851,0,3410,95903719024
69.61,14.3657,65.7289,0,100,85,75,1417,3504,2.26834,0,11.561,2.92851,0,3410,95918085267
64.0032,15.6242,65.7289,0,100,85,75,1417,3504,2.26834,0,11.561,2.92851,0,3410,95933710310
58.5045,17.0927,65.7289,0,100,85,75,1417,3504,2.26834,0,11.561,2.92851,0,3410,95950805570
58.9427,16.9656,65.7289,0,100,85,75,1417,3504,2.26834,0,11.561,2.92851,0,3410,95967770534
59.8521,16.7078,65.7289,0,100,85,75,1417,3504,2.26834,0,11.561,2.92851,0,3410,95984480272
63.0921,15.8499,65.7289,0,100,85,75,1417,3504,2.26834,0,11.561,2.92851,0,3410,96000331858
64.949,15.3967,65.7289,0,100,85,75,1417,3504,2.26834,0,11.561,2.92851,0,3410,96015730193
59.8032,16.7215,65.7289,0,100,85,75,1417,3504,2.26834,0,11.561,2.92851,0,3410,96032451562
58.9739,16.9566,65.7289,0,100,85,75,1417,3504,2.26834,0,11.561,2.92851,0,3410,96049410168
60.0884,16.6421,65.7289,0,100,85,75,1417,3504,2.26834,0,11.561,2.92851,0,3410,96066054599
59.9828,16.6715,65.7289,0,100,85,75,1417,3504,2.26834,0,11.561,2.92851,0,3410,96082726672
63.1566,15.8337,65.7289,0,100,85,75,1417,3504,2.26834,0,11.561,2.92851,0,3410,96098567634
58.0398,17.2296,62.9073,0,100,85,74,1417,3504,2.26811,0,11.5536,2.92851,0,3400,96115792949
69.5042,14.3876,62.9073,0,100,85,74,1417,3504,2.26811,0,11.5536,2.92851,0,3400,96130182376
60.6299,16.4935,62.9073,0,100,85,74,1417,3504,2.26811,0,11.5536,2.92851,0,3400,96146676318
61.5691,16.2419,62.9073,0,100,85,74,1417,3504,2.26811,0,11.5536,2.92851,0,3400,96162919492
57.8229,17.2942,62.9073,0,100,85,74,1417,3504,2.26811,0,11.5536,2.92851,0,3400,96180215066
63.0693,15.8556,62.9073,0,100,85,74,1417,3504,2.26811,0,11.5536,2.92851,0,3400,96196071326
61.4167,16.2822,62.9073,0,100,85,74,1417,3504,2.26811,0,11.5536,2.92851,0,3400,96212355648
62.5504,15.9871,62.9073,0,100,85,74,1417,3504,2.26811,0,11.5536,2.92851,0,3400,96228344129
61.3108,16.3103,62.9073,0,100,85,74,1417,3504,2.26811,0,11.5536,2.92851,0,3400,96244655089
54.0411,18.5044,62.9073,0,100,85,74,1417,3504,2.26811,0,11.5536,2.92851,0,3400,96263160701
74.3751,13.4454,62.9073,0,100,85,74,1417,3504,2.26811,0,11.5536,2.92851,0,3400,96276606928
56.1611,17.8059,62.9073,0,100,85,74,1417,3504,2.26811,0,11.5536,2.92851,0,3400,96294414457
62.1158,16.099,62.9073,0,100,85,74,1417,3504,2.26811,0,11.5536,2.92851,0,3400,96310515056
61.2202,16.3345,62.9073,0,100,85,74,1417,3504,2.26811,0,11.5536,2.92851,0,3400,96326849666
65.7371,15.2121,62.9073,0,100,85,74,1417,3504,2.26811,0,11.5536,2.92851,0,3400,96342064010
58.3532,17.137,62.9073,0,100,85,74,1417,3504,2.26811,0,11.5536,2.92851,0,3400,96359202364
61.2719,16.3207,62.9073,0,100,85,74,1417,3504,2.26811,0,11.5536,2.92851,0,3400,96375524427
61.8937,16.1567,62.9073,0,100,85,74,1417,3504,2.26811,0,11.5536,2.92851,0,3400,96391682155
58.7976,17.0075,62.9073,0,100,85,74,1417,3504,2.26811,0,11.5536,2.92851,0,3400,96408690651
61.5265,16.2531,62.9073,0,100,85,74,1417,3504,2.26811,0,11.5536,2.92851,0,3400,96424945727
59.7152,16.7462,62.9073,0,100,85,74,1417,3504,2.26811,0,11.5536,2.92851,0,3400,96441692993
64.0583,15.6108,62.9073,0,100,85,74,1417,3504,2.26811,0,11.5536,2.92851,0,3400,96457304822
60.2435,16.5993,62.9073,0,100,85,74,1417,3504,2.26811,0,11.5536,2.92851,0,3400,96473906450
60.2312,16.6027,62.9073,0,100,85,74,1417,3504,2.26811,0,11.5536,2.92851,0,3400,96490509735
61.3875,16.29,62.9073,0,100,85,74,1417,3504,2.26811,0,11.5536,2.92851,0,3400,96506799923
58.1378,17.2005,62.9073,0,100,85,74,1417,3504,2.26811,0,11.5536,2.92851,0,3400,96524001729
64.8293,15.4251,62.9073,0,100,85,74,1417,3504,2.26811,0,11.5536,2.92851,0,3400,96539429495
61.9479,16.1426,62.9073,0,100,85,74,1417,3504,2.26811,0,11.5536,2.92851,0,3400,96555572609
56.8559,17.5883,62.9073,0,100,85,74,1417,3504,2.26811,0,11.5536,2.92851,0,3400,96573162035
66.5239,15.0322,62.9073,0,100,85,74,1417,3504,2.26811,0,11.5536,2.92851,0,3400,96588195590
63.4305,15.7653,62.9073,0,100,85,74,1417,3504,2.26811,0,11.5536,2.92851,0,3400,96603965415
58.76,17.0184,55.1637,0,100,88,74,1417,3504,2.24695,0,11.5165,2.92851,0,3438,96620980914
60.8016,16.4469,55.1637,0,100,88,74,1417,3504,2.24695,0,11.5165,2.92851,0,3438,96637427960
61.9201,16.1498,55.1637,0,100,88,74,1417,3504,2.24695,0,11.5165,2.92851,0,3438,96653578990
57.3682,17.4312,55.1637,0,100,88,74,1417,3504,2.24695,0,11.5165,2.92851,0,3438,96671010754
62.5414,15.9894,55.1637,0,100,88,74,1417,3504,2.24695,0,11.5165,2.92851,0,3438,96687001450
61.4394,16.2762,55.1637,0,100,88,74,1417,3504,2.24695,0,11.5165,2.92851,0,3438,96703278801
62.1518,16.0896,55.1637,0,100,88,74,1417,3504,2.24695,0,11.5165,2.92851,0,3438,96719369138
61.2063,16.3382,55.1637,0,100,88,74,1417,3504,2.24695,0,11.5165,2.92851,0,3438,96735709085
60.2792,16.5895,55.1637,0,100,88,74,1417,3504,2.24695,0,11.5165,2.92851,0,3438,96752298982
61.118,16.3618,55.1637,0,100,88,74,1417,3504,2.24695,0,11.5165,2.92851,0,3438,96768662252
60.9342,16.4111,55.1637,0,100,88,74,1417,3504,2.24695,0,11.5165,2.92851,0,3438,96785074242
56.3943,17.7323,55.1637,0,100,88,74,1417,3504,2.24695,0,11.5165,2.92851,0,3438,96802808289
64.9854,15.3881,55.1637,0,100,88,74,1417,3504,2.24695,0,11.5165,2.92851,0,3438,96818197893
60.096,16.6401,55.1637,0,100,88,74,1417,3504,2.24695,0,11.5165,2.92851,0,3438,96834838740
61.2653,16.3225,55.1637,0,100,88,74,1417,3504,2.24695,0,11.5165,2.92851,0,3438,96851162945
60.9401,16.4096,55.1637,0,100,88,74,1417,3504,2.24695,0,11.5165,2.92851,0,3438,96867572410
59.8231,16.716,55.1637,0,100,88,74,1417,3504,2.24695,0,11.5165,2.92851,0,3438,96884289272
41.7709,23.9401,55.1637,0,100,88,74,1417,3504,2.24695,0,11.5165,2.92851,0,3438,96908231359
107.775,9.27863,55.1637,0,100,88,74,1417,3504,2.24695,0,11.5165,2.92851,0,3438,96917510338
59.7226,16.7441,55.1637,0,100,88,74,1417,3504,2.24695,0,11.5165,2.92851,0,3438,96934256206
61.9363,16.1456,55.1637,0,100,88,74,1417,3504,2.24695,0,11.5165,2.92851,0,3438,96950402874
59.3107,16.8604,55.1637,0,100,88,74,1417,3504,2.24695,0,11.5165,2.92851,0,3438,96967265191
62.6869,15.9523,55.1637,0,100,88,74,1417,3504,2.24695,0,11.5165,2.92851,0,3438,96983217854
57.6023,17.3604,55.1637,0,100,88,74,1417,3504,2.24695,0,11.5165,2.92851,0,3438,97000579362
65.7515,15.2088,55.1637,0,100,88,74,1417,3504,2.24695,0,11.5165,2.92851,0,3438,97015789014
60.3167,16.5792,55.1637,0,100,88,74,1417,3504,2.24695,0,11.5165,2.92851,0,3438,97032369905
63.6804,15.7034,55.1637,0,100,88,74,1417,3504,2.24695,0,11.5165,2.92851,0,3438,97048074224
57.2348,17.4719,55.1637,0,100,88,74,1417,3504,2.24695,0,11.5165,2.92851,0,3438,97065546926
59.2839,16.868,55.1637,0,100,88,74,1417,3504,2.24695,0,11.5165,2.92851,0,3438,97082416873
61.8978,16.1557,55.1637,0,100,88,74,1417,3504,2.24695,0,11.5165,2.92851,0,3438,97098573904
58.102,17.2111,55.1637,0,100,88,74,1417,3504,2.24695,0,11.5165,2.92851,0,3438,97115810877
65.3234,15.3085,50.8599,0,100,88,74,1417,3504,2.22649,0,11.5331,2.92851,0,3403,97131095090
61.5594,16.2445,50.8599,0,100,88,74,1417,3504,2.22649,0,11.5331,2.92851,0,3403,97147341169
61.5543,16.2458,50.8599,0,100,88,74,1417,3504,2.22649,0,11.5331,2.92851,0,3403,97163588866
59.7006,16.7503,50.8599,0,100,88,74,1417,3504,2.22649,0,11.5331,2.92851,0,3403,97180340440
52.9946,18.8699,50.8599,0,100,88,74,1417,3504,2.22649,0,11.5331,2.92851,0,3403,97199211471
68.8912,14.5156,50.8599,0,100,88,74,1417,3504,2.22649,0,11.5331,2.92851,0,3403,97213726510
60.8208,16.4417,50.8599,0,100,88,74,1417,3504,2.22649,0,11.5331,2.92851,0,3403,97230170471
63.5647,15.732,50.8599,0,100,88,74,1417,3504,2.22649,0,11.5331,2.92851,0,3403,97245903136
57.0406,17.5314,50.8599,0,100,88,74,1417,3504,2.22649,0,11.5331,2.92851,0,3403,97263437103
64.3915,15.53,50.8599,0,100,88,74,1417,3504,2.22649,0,11.5331,2.92851,0,3403,97278966971
60.8388,16.4369,50.8599,0,100,88,74,1417,3504,2.22649,0,11.5331,2.92851,0,3403,97295405683
49.2234,20.3155,50.8599,0,100,88,74,1417,3504,2.22649,0,11.5331,2.92851,0,3403,97315721396
76.6782,13.0415,50.8599,0,100,88,74,1417,3504,2.22649,0,11.5331,2.92851,0,3403,97328764143
60.5576,16.5132,50.8599,0,100,88,74,1417,3504,2.22649,0,11.5331,2.92851,0,3403,97345280076
58.9153,16.9735,50.8599,0,100,88,74,1417,3504,2.22649,0,11.5331,2.92851,0,3403,97362255385
64.2327,15.5684,50.8599,0,100,88,74,1417,3504,2.22649,0,11.5331,2.92851,0,3403,97377825350
59.1903,16.8947,50.8599,0,100,88,74,1417,3504,2.22649,0,11.5331,2.92851,0,3403,97394721137
59.8218,16.7163,50.8599,0,100,88,74,1417,3504,2.22649,0,11.5331,2.92851,0,3403,97411441854
61.1662,16.3489,50.8599,0,100,88,74,1417,3504,2.22649,0,11.5331,2.92851,0,3403,97427791174
57.247,17.4682,50.8599,0,100,88,74,1417,3504,2.22649,0,11.5331,2.92851,0,3403,97445261004
67.707,14.7695,50.8599,0,100,88,74,1417,3504,2.22649,0,11.5331,2.92851,0,3403,97460031239
53.1801,18.804,50.8599,0,100,88,74,1417,3504,2.22649,0,11.5331,2.92851,0,3403,97478836460
64.3343,15.5438,50.8599,0,100,88,74,1417,3504,2.22649,0,11.5331,2.92851,0,3403,97494381527
58.4397,17.1117,50.8599,0,100,88,74,1417,3504,2.22649,0,11.5331,2.92851,0,3403,97511494251
63.6284,15.7162,50.8599,0,100,88,74,1417,3504,2.22649,0,11.5331,2.92851,0,3403,97527213514
59.346,16.8503,50.8599,0,100,88,74,1417,3504,2.22649,0,11.5331,2.92851,0,3403,97544064326
58.3194,17.147,50.8599,0,100,88,74,1417,3504,2.22649,0,11.5331,2.92851,0,3403,97561211891
62.9968,15.8738,50.8599,0,100,88,74,1417,3504,2.22649,0,11.5331,2.92851,0,3403,97577087150
60.1006,16.6388,50.8599,0,100,88,74,1417,3504,2.22649,0,11.5331,2.92851,0,3403,97593726875
58.2083,17.1797,50.8599,0,100,88,74,1417,3504,2.22649,0,11.5331,2.92851,0,3403,97610908684
59.7932,16.7243,50.8599,0,100,88,74,1417,3504,2.22649,0,11.5331,2.92851,0,3403,97627639304
50.2,19.9203,56.2189,0,100,89,74,1417,3504,2.21989,0,11.5331,2.92851,0,3405,97647555614
62.0348,16.12,56.2189,0,100,89,74,1417,3504,2.21989,0,11.5331,2.92851,0,3405,97663675732
68.8312,14.5283,56.2189,0,100,89,74,1417,3504,2.21989,0,11.5331,2.92851,0,3405,97678205299
57.72,17.325,56.2189,0,100,89,74,1417,3504,2.21989,0,11.5331,2.92851,0,3405,97695531739
58.2223,17.1756,56.2189,0,100,89,74,1417,3504,2.21989,0,11.5331,2.92851,0,3405,97712708526
59.4738,16.8141,56.2189,0,100,89,74,1417,3504,2.21989,0,11.5331,2.92851,0,3405,97729523754
62.0879,16.1062,56.2189,0,100,89,74,1417,3504,2.21989,0,11.5331,2.92851,0,3405,97745630581
60.5181,16.524,56.2189,0,100,89,74,1417,3504,2.21989,0,11.5331,2.92851,0,3405,97762156348
59.5704,16.7869,56.2189,0,100,89,74,1417,3504,2.21989,0,11.5331,2.92851,0,3405,97778944088
59.6634,16.7607,56.2189,0,100,89,74,1417,3504,2.21989,0,11.5331,2.92851,0,3405,97795705922
58.3205,17.1466,56.2189,0,100,89,74,1417,3504,2.21989,0,11.5331,2.92851,0,3405,97812854036
54.2084,18.4473,56.2189,0,100,89,74,1417,3504,2.21989,0,11.5331,2.92851,0,3405,97831303753
56.6657,17.6474,56.2189,0,100,89,74,1417,3504,2.21989,0,11.5331,2.92851,0,3405,97848951426
59.663,16.7608,56.2189,0,100,89,74,1417,3504,2.21989,0,11.5331,2.92851,0,3405,97865712536
63.0022,15.8724,56.2189,0,100,89,74,1417,3504,2.21989,0,11.5331,2.92851,0,3405,97881586615
51.4134,19.4502,56.2189,0,100,89,74,1417,3504,2.21989,0,11.5331,2.92851,0,3405,97901038080
67.8835,14.7311,56.2189,0,100,89,74,1417,3504,2.21989,0,11.5331,2.92851,0,3405,97915770242
61.284,16.3175,56.2189,0,100,89,74,1417,3504,2.21989,0,11.5331,2.92851,0,3405,97932089615
55.2337,18.1049,56.2189,0,100,89,74,1417,3504,2.21989,0,11.5331,2.92851,0,3405,97950196313
61.8223,16.1754,56.2189,0,100,89,74,1417,3504,2.21989,0,11.5331,2.92851,0,3405,97966372078
52.6186,19.0047,56.2189,0,100,89,74,1417,3504,2.21989,0,11.5331,2.92851,0,3405,97985377984
68.7941,14.5361,56.2189,0,100,89,74,1417,3504,2.21989,0,11.5331,2.92851,0,3405,97999915549
57.5233,17.3842,56.2189,0,100,89,74,1417,3504,2.21989,0,11.5331,2.92851,0,3405,98017300604
61.4917,16.2624,56.2189,0,100,89,74,1417,3504,2.21989,0,11.5331,2.92851,0,3405,98033563358
58.6515,17.0499,56.2189,0,100,89,74,1417,3504,2.21989,0,11.5331,2.92851,0,3405,98050614995
59.3431,16.8511,56.2189,0,100,89,74,1417,3504,2.21989,0,11.5331,2.92851,0,3405,98067467914
53.8537,18.5688,56.2189,0,100,89,74,1417,3504,2.21989,0,11.5331,2.92851,0,3405,98086037302
59.6334,16.7691,56.2189,0,100,89,74,1417,3504,2.21989,0,11.5331,2.92851,0,3405,98102807902
60.0603,16.6499,56.2189,0,100,89,74,1417,3504,2.21989,0,11.5331,2.92851,0,3405,98119458630
62.2754,16.0577,56.2189,0,100,89,74,1417,3504,2.21989,0,11.5331,2.92851,0,3405,98135524422
57.6313,17.3517,69.3627,0,100,89,74,1419,3504,2.21268,0,11.5263,2.92851,0,3400,98152872828
60.0287,16.6587,69.3627,0,100,89,74,1419,3504,2.21268,0,11.5263,2.92851,0,3400,98169530115
60.48,16.5344,69.3627,0,100,89,74,1419,3504,2.21268,0,11.5263,2.92851,0,3400,98186066130
59.9025,16.6938,69.3627,0,100,89,74,1419,3504,2.21268,0,11.5263,2.92851,0,3400,98202761701
58.4456,17.1099,69.3627,0,100,89,74,1419,3504,2.21268,0,11.5263,2.92851,0,3400,98219872109
60.1566,16.6233,69.3627,0,100,89,74,1419,3504,2.21268,0,11.5263,2.92851,0,3400,98236497116
57.5088,17.3886,69.3627,0,100,89,74,1419,3504,2.21268,0,11.5263,2.92851,0,3400,98253886427
57.6158,17.3563,69.3627,0,100,89,74,1419,3504,2.21268,0,11.5263,2.92851,0,3400,98271244404
62.9226,15.8925,69.3627,0,100,89,74,1419,3504,2.21268,0,11.5263,2.92851,0,3400,98287138221
59.7802,16.728,69.3627,0,100,89,74,1419,3504,2.21268,0,11.5263,2.92851,0,3400,98303868943
60.215,16.6072,69.3627,0,100,89,74,1419,3504,2.21268,0,11.5263,2.92851,0,3400,98320475802
57.0085,17.5412,69.3627,0,100,89,74,1419,3504,2.21268,0,11.5263,2.92851,0,3400,98338018679
62.1934,16.0789,69.3627,0,100,89,74,1419,3504,2.21268,0,11.5263,2.92851,0,3400,98354098994
53.1764,18.8053,69.3627,0,100,89,74,1419,3504,2.21268,0,11.5263,2.92851,0,3400,98372905985
57.5509,17.3759,69.3627,0,100,89,74,1419,3504,2.21268,0,11.5263,2.92851,0,3400,98390283449
60.8904,16.423,69.3627,0,100,89,74,1419,3504,2.21268,0,11.5263,2.92851,0,3400,98406711119
60.7543,16.4597,69.3627,0,100,89,74,1419,3504,2.21268,0,11.5263,2.92851,0,3400,98423171783
46.707,21.4101,69.3627,0,100,89,74,1419,3504,2.21268,0,11.5263,2.92851,0,3400,98444582754
76.5524,13.063,69.3627,0,100,89,74,1419,3504,2.21268,0,11.5263,2.92851,0,3400,98457647533
50.892,19.6495,69.3627,0,100,89,74,1419,3504,2.21268,0,11.5263,2.92851,0,3400,98477298361
66.3827,15.0642,69.3627,0,100,89,74,1419,3504,2.21268,0,11.5263,2.92851,0,3400,98492363928
59.3992,16.8352,69.3627,0,100,89,74,1419,3504,2.21268,0,11.5263,2.92851,0,3400,98509202046
57.1872,17.4864,69.3627,0,100,89,74,1419,3504,2.21268,0,11.5263,2.92851,0,3400,98526687604
56.7868,17.6097,69.3627,0,100,89,74,1419,3504,2.21268,0,11.5263,2.92851,0,3400,98544298819
56.5692,17.6775,69.3627,0,100,89,74,1419,3504,2.21268,0,11.5263,2.92851,0,3400,98561977816
59.879,16.7003,69.3627,0,100,89,74,1419,3504,2.21268,0,11.5263,2.92851,0,3400,98578680333
62.6348,15.9656,69.3627,0,100,89,74,1419,3504,2.21268,0,11.5263,2.92851,0,3400,98594646522
60.8024,16.4467,69.3627,0,100,89,74,1419,3504,2.21268,0,11.5263,2.92851,0,3400,98611094433
63.0421,15.8624,69.3627,0,100,89,74,1419,3504,2.21268,0,11.5263,2.92851,0,3400,98626957792
57.1321,17.5033,69.3627,0,100,89,74,1419,3504,2.21268,0,11.5263,2.92851,0,3400,98644480624
62.1472,16.0908,66.1692,0,100,89,74,1420,3504,2.20872,0,11.5263,2.92851,0,3411,98660553348
58.0866,17.2157,66.1692,0,100,89,74,1420,3504,2.20872,0,11.5263,2.92851,0,3411,98677772120
63.2825,15.8022,66.1692,0,100,89,74,1420,3504,2.20872,0,11.5263,2.92851,0,3411,98693575650
54.6971,18.2825,66.1692,0,100,89,74,1420,3504,2.20872,0,11.5263,2.92851,0,3411,98711859829
72.0413,13.8809,66.1692,0,100,89,74,1420,3504,2.20872,0,11.5263,2.92851,0,3411,98725740609
56.7678,17.6156,66.1692,0,100,89,74,1420,3504,2.20872,0,11.5263,2.92851,0,3411,98743357479
65.5072,15.2655,66.1692,0,100,89,74,1420,3504,2.20872,0,11.5263,2.92851,0,3411,98758624489
58.7335,17.0261,66.1692,0,100,89,74,1420,3504,2.20872,0,11.5263,2.92851,0,3411,98775653279
65.8446,15.1873,66.1692,0,100,89,74,1420,3504,2.20872,0,11.5263,2.92851,0,3411,98790841424
63.3762,15.7788,66.1692,0,100,89,74,1420,3504,2.20872,0,11.5263,2.92851,0,3411,98806621841
51.7157,19.3365,66.1692,0,100,89,74,1420,3504,2.20872,0,11.5263,2.92851,0,3411,98825959145
77.3181,12.9336,66.1692,0,100,89,74,1420,3504,2.20872,0,11.5263,2.92851,0,3411,98838894623
57.4571,17.4043,66.1692,0,100,89,74,1420,3504,2.20872,0,11.5263,2.92851,0,3411,98856323785
65.0661,15.369,66.1692,0,100,89,74,1420,3504,2.20872,0,11.5263,2.92851,0,3411,98871675311
60.845,16.4352,66.1692,0,100,89,74,1420,3504,2.20872,0,11.5263,2.92851,0,3411,98888111945
59.2833,16.8682,66.1692,0,100,89,74,1420,3504,2.20872,0,11.5263,2.92851,0,3411,98904982027
65.0482,15.3732,66.1692,0,100,89,74,1420,3504,2.20872,0,11.5263,2.92851,0,3411,98920355241
52.8657,18.9159,66.1692,0,100,89,74,1420,3504,2.20872,0,11.5263,2.92851,0,3411,98939272791
67.8995,14.7277,66.1692,0,100,89,74,1420,3504,2.20872,0,11.5263,2.92851,0,3411,98954001514
57.8979,17.2718,66.1692,0,100,89,74,1420,3504,2.20872,0,11.5263,2.92851,0,3411,98971274348
64.6916,15.458,66.1692,0,100,89,74,1420,3504,2.20872,0,11.5263,2.92851,0,3411,98986733141
54.0966,18.4855,66.1692,0,100,89,74,1420,3504,2.20872,0,11.5263,2.92851,0,3411,99005219608
71.6646,13.9539,66.1692,0,100,89,74,1420,3504,2.20872,0,11.5263,2.92851,0,3411,99019174044
65.2269,15.3311,66.1692,0,100,89,74,1420,3504,2.20872,0,11.5263,2.92851,0,3411,99034506877
14.6767,68.1354,66.1692,0,100,89,74,1420,3504,2.20872,0,11.5263,2.92851,0,3411,99102642987
315.89,3.16566,66.1692,0,100,89,74,1420,3504,2.20872,0,11.5263,2.92851,0,3411,99105809931
43.0197,23.2452,66.1692,0,100,89,74,1420,3504,2.20872,0,11.5263,2.92851,0,3411,99129055936
71.113,14.0621,66.1692,0,100,89,74,1420,3504,2.20872,0,11.5263,2.92851,0,3411,99143119273
53.3855,18.7317,66.1692,0,100,89,74,1420,3504,2.20872,0,11.5263,2.92851,0,3411,99161859078
52.061,19.2082,66.747,0,100,89,74,1459,3504,2.20981,0,11.5416,2.92851,0,3400,99181062726
24.5046,40.8087,66.747,0,100,89,74,1459,3504,2.20981,0,11.5416,2.92851,0,3400,99221872374
164.979,6.06138,66.747,0,100,89,74,1459,3504,2.20981,0,11.5416,2.92851,0,3400,99227936677
28.0759,35.6177,66.747,0,100,89,74,1459,3504,2.20981,0,11.5416,2.92851,0,3400,99263555371
184.866,5.40931,66.747,0,100,89,74,1459,3504,2.20981,0,11.5416,2.92851,0,3400,99268965613
59,16.9492,66.747,0,100,89,74,1459,3504,2.20981,0,11.5416,2.92851,0,3400,99285916778
33.7525,29.6275,66.747,0,100,89,74,1459,3504,2.20981,0,11.5416,2.92851,0,3400,99315546453
21.9856,45.4844,66.747,0,100,89,74,1459,3504,2.20981,0,11.5416,2.92851,0,3400,99361032132
294.013,3.40121,66.747,0,100,89,74,1459,3504,2.20981,0,11.5416,2.92851,0,3400,99364432668
51.7807,19.3122,66.747,0,100,89,74,1459,3504,2.20981,0,11.5416,2.92851,0,3400,99383747473
33.7683,29.6136,66.747,0,100,89,74,1459,3504,2.20981,0,11.5416,2.92851,0,3400,99413361250
145.577,6.8692,66.747,0,100,89,74,1459,3504,2.20981,0,11.5416,2.92851,0,3400,99420232151
53.883,18.5587,66.747,0,100,89,74,1459,3504,2.20981,0,11.5416,2.92851,0,3400,99438792800
53.8121,18.5832,66.747,0,100,89,74,1459,3504,2.20981,0,11.5416,2.92851,0,3400,99457377284
54.1272,18.475,66.747,0,100,89,74,1459,3504,2.20981,0,11.5416,2.92851,0,3400,99475854073
39.6862,25.1977,66.747,0,100,89,74,1459,3504,2.20981,0,11.5416,2.92851,0,3400,99501052674
73.4073,13.6226,66.747,0,100,89,74,1459,3504,2.20981,0,11.5416,2.92851,0,3400,99514678263
55.7845,17.9261,66.747,0,100,89,74,1459,3504,2.20981,0,11.5416,2.92851,0,3400,99532604797
52.9188,18.8969,66.747,0,100,89,74,1459,3504,2.20981,0,11.5416,2.92851,0,3400,99551503703
38.9873,25.6494,66.747,0,100,89,74,1459,3504,2.20981,0,11.5416,2.92851,0,3400,99577153849
53.8152,18.5821,66.747,0,100,89,74,1459,3504,2.20981,0,11.5416,2.92851,0,3400,99595737205
68.608,14.5756,66.747,0,100,89,74,1459,3504,2.20981,0,11.5416,2.92851,0,3400,99610314483
54.6749,18.2899,66.747,0,100,89,74,1459,3504,2.20981,0,11.5416,2.92851,0,3400,99628605051
28.2071,35.4521,66.747,0,100,89,74,1459,3504,2.20981,0,11.5416,2.92851,0,3400,99664064221
220.301,4.53924,63.9594,0,100,87,74,1459,3504,2.20981,0,11.5416,2.92851,0,3449,99668599517
53.2173,18.7909,63.9594,0,100,87,74,1459,3504,2.20981,0,11.5416,2.92851,0,3449,99687390477
51.8963,19.2692,63.9594,0,100,87,74,1459,3504,2.20981,0,11.5416,2.92851,0,3449,99706660963
42.959,23.278,63.9594,0,100,87,74,1459,3504,2.20981,0,11.5416,2.92851,0,3449,99729940043
67.4178,14.8329,63.9594,0,100,87,74,1459,3504,2.20981,0,11.5416,2.92851,0,3449,99744774211
50.6497,19.7435,63.9594,0,100,87,74,1459,3504,2.20981,0,11.5416,2.92851,0,3449,99764519216
50.9615,19.6227,63.9594,0,100,87,74,1459,3504,2.20981,0,11.5416,2.92851,0,3449,99784143395
52.4953,19.0493,63.9594,0,100,87,74,1459,3504,2.20981,0,11.5416,2.92851,0,3449,99803193497
53.3512,18.7437,63.9594,0,100,87,74,1459,3504,2.20981,0,11.5416,2.92851,0,3449,99821939120
48.6154,20.5696,63.9594,0,100,87,74,1459,3504,2.20981,0,11.5416,2.92851,0,3449,99842509002
53.409,18.7234,63.9594,0,100,87,74,1459,3504,2.20981,0,11.5416,2.92851,0,3449,99861232870
44.6929,22.3749,63.9594,0,100,87,74,1459,3504,2.20981,0,11.5416,2.92851,0,3449,99883609474
37.4903,26.6736,63.9594,0,100,87,74,1459,3504,2.20981,0,11.5416,2.92851,0,3449,99910284384
41.886,23.8743,63.9594,0,100,87,74,1459,3504,2.20981,0,11.5416,2.92851,0,3449,99934160403
116.439,8.58817,63.9594,0,100,87,74,1459,3504,2.20981,0,11.5416,2.92851,0,3449,99942749088
37.9407,26.3569,63.9594,0,100,87,74,1459,3504,2.20981,0,11.5416,2.92851,0,3449,99969108063
47.1875,21.1921,63.9594,0,100,87,74,1459,3504,2.20981,0,11.5416,2.92851,0,3449,99990302108
43.0562,23.2255,63.9594,0,100,87,74,1459,3504,2.20981,0,11.5416,2.92851,0,3449,100013527682
103.149,9.6947,63.9594,0,100,87,74,1459,3504,2.20981,0,11.5416,2.92851,0,3449,100023223564
45.3933,22.0297,63.9594,0,100,87,74,1459,3504,2.20981,0,11.5416,2.92851,0,3449,100045254678
47.9883,20.8384,63.9594,0,100,87,74,1459,3504,2.20981,0,11.5416,2.92851,0,3449,100066094244
51.5064,19.415,63.9594,0,100,87,74,1459,3504,2.20981,0,11.5416,2.92851,0,3449,100085510085
74.7458,13.3787,63.9594,0,100,87,74,1459,3504,2.20981,0,11.5416,2.92851,0,3449,100098890087
53.8474,18.571,63.9594,0,100,87,74,1459,3504,2.20981,0,11.5416,2.92851,0,3449,100117462952
52.1558,19.1733,63.9594,0,100,87,74,1459,3504,2.20981,0,11.5416,2.92851,0,3449,100136637630
48.7591,20.509,63.9594,0,100,87,74,1459,3504,2.20981,0,11.5416,2.92851,0,3449,100157159312
54.5386,18.3356,63.9594,0,100,87,74,1459,3504,2.20981,0,11.5416,2.92851,0,3449,100175486780
50.9873,19.6127,65.4321,0,87,87,74,1475,3504,2.2101,0,11.5423,2.92851,0,3405,100195096981
50.0244,19.9903,65.4321,0,87,87,74,1475,3504,2.2101,0,11.5423,2.92851,0,3405,100215088115
53.7068,18.6196,65.4321,0,87,87,74,1475,3504,2.2101,0,11.5423,2.92851,0,3405,100233709519
51.6313,19.3681,65.4321,0,87,87,74,1475,3504,2.2101,0,11.5423,2.92851,0,3405,100253077997
53.563,18.6696,65.4321,0,87,87,74,1475,3504,2.2101,0,11.5423,2.92851,0,3405,100271750478
51.0307,19.5961,65.4321,0,87,87,74,1475,3504,2.2101,0,11.5423,2.92851,0,3405,100291345663
52.151,19.1751,65.4321,0,87,87,74,1475,3504,2.2101,0,11.5423,2.92851,0,3405,100310522109
55.0373,18.1695,65.4321,0,87,87,74,1475,3504,2.2101,0,11.5423,2.92851,0,3405,100328691813
52.6904,18.9788,65.4321,0,87,87,74,1475,3504,2.2101,0,11.5423,2.92851,0,3405,100347672284
50.3653,19.8549,65.4321,0,87,87,74,1475,3504,2.2101,0,11.5423,2.92851,0,3405,100367528093
50.5132,19.7968,65.4321,0,87,87,74,1475,3504,2.2101,0,11.5423,2.92851,0,3405,100387326976
53.3421,18.7469,65.4321,0,87,87,74,1475,3504,2.2101,0,11.5423,2.92851,0,3405,100406073479
50.533,19.789,65.4321,0,87,87,74,1475,3504,2.2101,0,11.5423,2.92851,0,3405,100425864301
54.1985,18.4507,65.4321,0,87,87,74,1475,3504,2.2101,0,11.5423,2.92851,0,3405,100444316269
37.5241,26.6496,65.4321,0,87,87,74,1475,3504,2.2101,0,11.5423,2.92851,0,3405,100470967283
43.4762,23.0011,65.4321,0,87,87,74,1475,3504,2.2101,0,11.5423,2.92851,0,3405,100493969490
107.914,9.2666,65.4321,0,87,87,74,1475,3504,2.2101,0,11.5423,2.92851,0,3405,100503237443
49.467,20.2155,65.4321,0,87,87,74,1475,3504,2.2101,0,11.5423,2.92851,0,3405,100523455056
53.8998,18.5529,65.4321,0,87,87,74,1475,3504,2.2101,0,11.5423,2.92851,0,3405,100542009069
51.6255,19.3703,65.4321,0,87,87,74,1475,3504,2.2101,0,11.5423,2.92851,0,3405,100561381269
51.0542,19.587,65.4321,0,87,87,74,1475,3504,2.2101,0,11.5423,2.92851,0,3405,100580969601
50.4883,19.8066,65.4321,0,87,87,74,1475,3504,2.2101,0,11.5423,2.92851,0,3405,100600777223
55.6875,17.9573,65.4321,0,87,87,74,1475,3504,2.2101,0,11.5423,2.92851,0,3405,100618734474
50.1542,19.9385,65.4321,0,87,87,74,1475,3504,2.2101,0,11.5423,2.92851,0,3405,100638674959
51.275,19.5027,65.4321,0,87,87,74,1475,3504,2.2101,0,11.5423,2.92851,0,3405,100658178257
52.9268,18.894,65.4321,0,87,87,74,1475,3504,2.2101,0,11.5423,2.92851,0,3405,100677078446
55.1746,18.1243,44.9495,0,99,83,75,1458,3504,2.21039,0,11.5423,2.92851,0,2705,100695198253
53.783,18.5932,44.9495,0,99,83,75,1458,3504,2.21039,0,11.5423,2.92851,0,2705,100713792117
51.8719,19.2782,44.9495,0,99,83,75,1458,3504,2.21039,0,11.5423,2.92851,0,2705,100733072038
52.27,19.1314,44.9495,0,99,83,75,1458,3504,2.21039,0,11.5423,2.92851,0,2705,100752204475
50.574,19.773,44.9495,0,99,83,75,1458,3504,2.21039,0,11.5423,2.92851,0,2705,100771979963
55.4145,18.0458,44.9495,0,99,83,75,1458,3504,2.21039,0,11.5423,2.92851,0,2705,100790025625
53.7821,18.5935,44.9495,0,99,83,75,1458,3504,2.21039,0,11.5423,2.92851,0,2705,100808620436
49.0533,20.386,44.9495,0,99,83,75,1458,3504,2.21039,0,11.5423,2.92851,0,2705,100829007382
51.9821,19.2374,44.9495,0,99,83,75,1458,3504,2.21039,0,11.5423,2.92851,0,2705,100848245760
55.882,17.8948,44.9495,0,99,83,75,1458,3504,2.21039,0,11.5423,2.92851,0,2705,100866142758
52.5567,19.0271,44.9495,0,99,83,75,1458,3504,2.21039,0,11.5423,2.92851,0,2705,100885170968
52.9631,18.8811,44.9495,0,99,83,75,1458,3504,2.21039,0,11.5423,2.92851,0,2705,100904053505
50.1099,19.9562,44.9495,0,99,83,75,1458,3504,2.21039,0,11.5423,2.92851,0,2705,100924010823
55.4024,18.0498,44.9495,0,99,83,75,1458,3504,2.21039,0,11.5423,2.92851,0,2705,100942062363
52.1048,19.1921,44.9495,0,99,83,75,1458,3504,2.21039,0,11.5423,2.92851,0,2705,100961255686
51.6378,19.3657,44.9495,0,99,83,75,1458,3504,2.21039,0,11.5423,2.92851,0,2705,100980622290
52.8592,18.9182,44.9495,0,99,83,75,1458,3504,2.21039,0,11.5423,2.92851,0,2705,100999541576
51.8018,19.3044,44.9495,0,99,83,75,1458,3504,2.21039,0,11.5423,2.92851,0,2705,101018848208
52.3943,19.0861,44.9495,0,99,83,75,1458,3504,2.21039,0,11.5423,2.92851,0,2705,101037935444
52.1493,19.1757,44.9495,0,99,83,75,1458,3504,2.21039,0,11.5423,2.92851,0,2705,101057111619
52.8811,18.9103,44.9495,0,99,83,75,1458,3504,2.21039,0,11.5423,2.92851,0,2705,101076023861
54.3681,18.3931,44.9495,0,99,83,75,1458,3504,2.21039,0,11.5423,2.92851,0,2705,101094419125
51.3775,19.4638,44.9495,0,99,83,75,1458,3504,2.21039,0,11.5423,2.92851,0,2705,101113883029
51.2986,19.4937,44.9495,0,99,83,75,1458,3504,2.21039,0,11.5423,2.92851,0,2705,101133378092
54.2386,18.4371,44.9495,0,99,83,75,1458,3504,2.21039,0,11.5423,2.92851,0,2705,101151816303
51.5508,19.3983,44.9495,0,99,83,75,1458,3504,2.21039,0,11.5423,2.92851,0,2705,101171215955
52.1704,19.168,44.9495,0,99,83,75,1458,3504,2.21039,0,11.5423,2.92851,0,2705,101190391084
55.5238,18.0103,40.7595,0,100,83,75,1455,3504,2.20365,0,11.5425,2.92851,0,3403,101208396292
50.1545,19.9384,40.7595,0,100,83,75,1455,3504,2.20365,0,11.5425,2.92851,0,3403,101228336090
54.7855,18.253,40.7595,0,100,83,75,1455,3504,2.20365,0,11.5425,2.92851,0,3403,101246590350
51.7097,19.3387,40.7595,0,100,83,75,1455,3504,2.20365,0,11.5425,2.92851,0,3403,101265929935
51.0454,19.5904,40.7595,0,100,83,75,1455,3504,2.20365,0,11.5425,2.92851,0,3403,101285520903
50.6671,19.7367,40.7595,0,100,83,75,1455,3504,2.20365,0,11.5425,2.92851,0,3403,101305258005
59.1216,16.9143,40.7595,0,100,83,75,1455,3504,2.20365,0,11.5425,2.92851,0,3403,101322173520
46.114,21.6854,40.7595,0,100,83,75,1455,3504,2.20365,0,11.5425,2.92851,0,3403,101343860626
59.0325,16.9398,40.7595,0,100,83,75,1455,3504,2.20365,0,11.5425,2.92851,0,3403,101360801656
48.2953,20.7059,40.7595,0,100,83,75,1455,3504,2.20365,0,11.5425,2.92851,0,3403,101381509039
40.6796,24.5823,40.7595,0,100,83,75,1455,3504,2.20365,0,11.5425,2.92851,0,3403,101406093613
67.3067,14.8574,40.7595,0,100,83,75,1455,3504,2.20365,0,11.5425,2.92851,0,3403,101420950657
54.4389,18.3692,40.7595,0,100,83,75,1455,3504,2.20365,0,11.5425,2.92851,0,3403,101439321216
48.3805,20.6695,40.7595,0,100,83,75,1455,3504,2.20365,0,11.5425,2.92851,0,3403,101459991749
55.3052,18.0815,40.7595,0,100,83,75,1455,3504,2.20365,0,11.5425,2.92851,0,3403,101478074921
49.6003,20.1612,40.7595,0,100,83,75,1455,3504,2.20365,0,11.5425,2.92851,0,3403,101498237374
49.6965,20.1221,40.7595,0,100,83,75,1455,3504,2.20365,0,11.5425,2.92851,0,3403,101518360817
55.1284,18.1395,40.7595,0,100,83,75,1455,3504,2.20365,0,11.5425,2.92851,0,3403,101536503058
52.8135,18.9346,40.7595,0,100,83,75,1455,3504,2.20365,0,11.5425,2.92851,0,3403,101555437608
49.1292,20.3545,40.7595,0,100,83,75,1455,3504,2.20365,0,11.5425,2.92851,0,3403,101575794560
59.1766,16.8986,40.7595,0,100,83,75,1455,3504,2.20365,0,11.5425,2.92851,0,3403,101592695448
54.6487,18.2987,40.7595,0,100,83,75,1455,3504,2.20365,0,11.5425,2.92851,0,3403,101610996121
53.8967,18.554,40.7595,0,100,83,75,1455,3504,2.20365,0,11.5425,2.92851,0,3403,101629550779
53.9963,18.5198,40.7595,0,100,83,75,1455,3504,2.20365,0,11.5425,2.92851,0,3403,101648071385
52.2928,19.1231,40.7595,0,100,83,75,1455,3504,2.20365,0,11.5425,2.92851,0,3403,101667195218
52.6881,18.9796,40.7595,0,100,83,75,1455,3504,2.20365,0,11.5425,2.92851,0,3403,101686176076
57.0803,17.5192,40.7595,0,100,83,75,1455,3504,2.20365,0,11.5425,2.92851,0,3403,101703701675
53.9294,18.5428,54.1985,0,100,87,75,1450,3504,2.19861,0,11.5288,2.92851,0,3414,101722239744
52.4517,19.0651,54.1985,0,100,87,75,1450,3504,2.19861,0,11.5288,2.92851,0,3414,101741307498
56.8717,17.5834,54.1985,0,100,87,75,1450,3504,2.19861,0,11.5288,2.92851,0,3414,101758891763
54.4122,18.3782,54.1985,0,100,87,75,1450,3504,2.19861,0,11.5288,2.92851,0,3414,101777271696
52.5796,19.0188,54.1985,0,100,87,75,1450,3504,2.19861,0,11.5288,2.92851,0,3414,101796291585
55.7181,17.9475,54.1985,0,100,87,75,1450,3504,2.19861,0,11.5288,2.92851,0,3414,101814239785
55.4935,18.0201,54.1985,0,100,87,75,1450,3504,2.19861,0,11.5288,2.92851,0,3414,101832260608
50.451,19.8212,54.1985,0,100,87,75,1450,3504,2.19861,0,11.5288,2.92851,0,3414,101852083784
61.9816,16.1338,54.1985,0,100,87,75,1450,3504,2.19861,0,11.5288,2.92851,0,3414,101868218108
52.3051,19.1186,54.1985,0,100,87,75,1450,3504,2.19861,0,11.5288,2.92851,0,3414,101887338171
58.4141,17.1191,54.1985,0,100,87,75,1450,3504,2.19861,0,11.5288,2.92851,0,3414,101904457954
54.2701,18.4264,54.1985,0,100,87,75,1450,3504,2.19861,0,11.5288,2.92851,0,3414,101922885237
53.092,18.8352,54.1985,0,100,87,75,1450,3504,2.19861,0,11.5288,2.92851,0,3414,101941721432
57.222,17.4758,54.1985,0,100,87,75,1450,3504,2.19861,0,11.5288,2.92851,0,3414,101959198945
52.8558,18.9194,54.1985,0,100,87,75,1450,3504,2.19861,0,11.5288,2.92851,0,3414,101978119838
56.7796,17.6119,54.1985,0,100,87,75,1450,3504,2.19861,0,11.5288,2.92851,0,3414,101995749415
53.6376,18.6436,54.1985,0,100,87,75,1450,3504,2.19861,0,11.5288,2.92851,0,3414,102014377473
55.7517,17.9367,54.1985,0,100,87,75,1450,3504,2.19861,0,11.5288,2.92851,0,3414,102032315343
55.277,18.0907,54.1985,0,100,87,75,1450,3504,2.19861,0,11.5288,2.92851,0,3414,102050408091
54.6118,18.3111,54.1985,0,100,87,75,1450,3504,2.19861,0,11.5288,2.92851,0,3414,102068719047
51.6792,19.3501,54.1985,0,100,87,75,1450,3504,2.19861,0,11.5288,2.92851,0,3414,102088070607
56.9155,17.5699,54.1985,0,100,87,75,1450,3504,2.19861,0,11.5288,2.92851,0,3414,102105642076
52.5577,19.0267,54.1985,0,100,87,75,1450,3504,2.19861,0,11.5288,2.92851,0,3414,102124669264
52.1728,19.1671,54.1985,0,100,87,75,1450,3504,2.19861,0,11.5288,2.92851,0,3414,102143837126
55.4116,18.0468,54.1985,0,100,87,75,1450,3504,2.19861,0,11.5288,2.92851,0,3414,102161885420
50.5447,19.7845,54.1985,0,100,87,75,1450,3504,2.19861,0,11.5288,2.92851,0,3414,102181678413
59.9344,16.6849,54.1985,0,100,87,75,1450,3504,2.19861,0,11.5288,2.92851,0,3414,102198364263
52.3424,19.105,54.1985,0,100,87,75,1450,3504,2.19861,0,11.5288,2.92851,0,3414,102217473379
54.1905,18.4534,49.5074,0,100,87,75,1508,3504,2.19861,0,11.529,2.92851,0,3496,102235924551
51.8461,19.2879,49.5074,0,100,87,75,1508,3504,2.19861,0,11.529,2.92851,0,3496,102255214151
56.2677,17.7722,49.5074,0,100,87,75,1508,3504,2.19861,0,11.529,2.92851,0,3496,102272987829
53.6421,18.6421,49.5074,0,100,87,75,1508,3504,2.19861,0,11.529,2.92851,0,3496,102291629856
54.3325,18.4052,49.5074,0,100,87,75,1508,3504,2.19861,0,11.529,2.92851,0,3496,102310038340
53.8451,18.5718,49.5074,0,100,87,75,1508,3504,2.19861,0,11.529,2.92851,0,3496,102328609782
52.39,19.0876,49.5074,0,100,87,75,1508,3504,2.19861,0,11.529,2.92851,0,3496,102347698392
52.1044,19.1922,49.5074,0,100,87,75,1508,3504,2.19861,0,11.529,2.92851,0,3496,102366891924
55.8513,17.9047,49.5074,0,100,87,75,1508,3504,2.19861,0,11.529,2.92851,0,3496,102384797743
52.7493,18.9576,49.5074,0,100,87,75,1508,3504,2.19861,0,11.529,2.92851,0,3496,102403757425
57.3625,17.433,49.5074,0,100,87,75,1508,3504,2.19861,0,11.529,2.92851,0,3496,102421190586
53.3504,18.744,49.5074,0,100,87,75,1508,3504,2.19861,0,11.529,2.92851,0,3496,102439936021
51.0818,19.5765,49.5074,0,100,87,75,1508,3504,2.19861,0,11.529,2.92851,0,3496,102459513490
54.0499,18.5014,49.5074,0,100,87,75,1508,3504,2.19861,0,11.529,2.92851,0,3496,102478015933
57.4932,17.3934,49.5074,0,100,87,75,1508,3504,2.19861,0,11.529,2.92851,0,3496,102495410880
48.3393,20.6871,49.5074,0,100,87,75,1508,3504,2.19861,0,11.529,2.92851,0,3496,102516099617
56.4142,17.726,49.5074,0,100,87,75,1508,3504,2.19861,0,11.529,2.92851,0,3496,102533838343
54.2285,18.4405,49.5074,0,100,87,75,1508,3504,2.19861,0,11.529,2.92851,0,3496,102552276228
52.8994,18.9038,49.5074,0,100,87,75,1508,3504,2.19861,0,11.529,2.92851,0,3496,102571181784
53.7431,18.607,49.5074,0,100,87,75,1508,3504,2.19861,0,11.529,2.92851,0,3496,102589790635
52.9352,18.891,49.5074,0,100,87,75,1508,3504,2.19861,0,11.529,2.92851,0,3496,102608684106
54.1907,18.4534,49.5074,0,100,87,75,1508,3504,2.19861,0,11.529,2.92851,0,3496,102627137597
54.8726,18.224,49.5074,0,100,87,75,1508,3504,2.19861,0,11.529,2.92851,0,3496,102645362382
53.2432,18.7818,49.5074,0,100,87,75,1508,3504,2.19861,0,11.529,2.92851,0,3496,102664145032
49.9903,20.0039,49.5074,0,100,87,75,1508,3504,2.19861,0,11.529,2.92851,0,3496,102684150738
55.5331,18.0073,49.5074,0,100,87,75,1508,3504,2.19861,0,11.529,2.92851,0,3496,102702159675
58.2385,17.1708,49.5074,0,100,87,75,1508,3504,2.19861,0,11.529,2.92851,0,3496,102719336763
52.7961,18.9408,49.3671,0,100,88,76,1558,3504,2.19861,0,11.5309,2.92851,0,3405,102738274239
53.6765,18.6301,49.3671,0,100,88,76,1558,3504,2.19861,0,11.5309,2.92851,0,3405,102756906082
51.282,19.5,49.3671,0,100,88,76,1558,3504,2.19861,0,11.5309,2.92851,0,3405,102776406630
56.7214,17.63,49.3671,0,100,88,76,1558,3504,2.19861,0,11.5309,2.92851,0,3405,102794039237
54.0752,18.4928,49.3671,0,100,88,76,1558,3504,2.19861,0,11.5309,2.92851,0,3405,102812533324
54.8359,18.2362,49.3671,0,100,88,76,1558,3504,2.19861,0,11.5309,2.92851,0,3405,102830770003
52.0739,19.2035,49.3671,0,100,88,76,1558,3504,2.19861,0,11.5309,2.92851,0,3405,102849973653
54.8919,18.2176,49.3671,0,100,88,76,1558,3504,2.19861,0,11.5309,2.92851,0,3405,102868193170
48.8723,20.4615,49.3671,0,100,88,76,1558,3504,2.19861,0,11.5309,2.92851,0,3405,102888656507
58.4696,17.1029,49.3671,0,100,88,76,1558,3504,2.19861,0,11.5309,2.92851,0,3405,102905760548
54.3966,18.3835,49.3671,0,100,88,76,1558,3504,2.19861,0,11.5309,2.92851,0,3405,102924145367
53.3966,18.7278,49.3671,0,100,88,76,1558,3504,2.19861,0,11.5309,2.92851,0,3405,102942874318
53.6452,18.641,49.3671,0,100,88,76,1558,3504,2.19861,0,11.5309,2.92851,0,3405,102961517563
54.5802,18.3216,49.3671,0,100,88,76,1558,3504,2.19861,0,11.5309,2.92851,0,3405,102979840361
53.4494,18.7093,49.3671,0,100,88,76,1558,3504,2.19861,0,11.5309,2.92851,0,3405,102998549422
54.4159,18.377,49.3671,0,100,88,76,1558,3504,2.19861,0,11.5309,2.92851,0,3405,103016928711
53.2176,18.7908,49.3671,0,100,88,76,1558,3504,2.19861,0,11.5309,2.92851,0,3405,103035719789
53.8557,18.5681,49.3671,0,100,88,76,1558,3504,2.19861,0,11.5309,2.92851,0,3405,103054301540
51.9645,19.2439,49.3671,0,100,88,76,1558,3504,2.19861,0,11.5309,2.92851,0,3405,103073548225
54.8041,18.2468,49.3671,0,100,88,76,1558,3504,2.19861,0,11.5309,2.92851,0,3405,103091795120
54.7841,18.2535,49.3671,0,100,88,76,1558,3504,2.19861,0,11.5309,2.92851,0,3405,103110049422
51.8716,19.2784,49.3671,0,100,88,76,1558,3504,2.19861,0,11.5309,2.92851,0,3405,103129329483
55.7972,17.922,49.3671,0,100,88,76,1558,3504,2.19861,0,11.5309,2.92851,0,3405,103147252615
54.5029,18.3477,49.3671,0,100,88,76,1558,3504,2.19861,0,11.5309,2.92851,0,3405,103165601255
51.2099,19.5275,49.3671,0,100,88,76,1558,3504,2.19861,0,11.5309,2.92851,0,3405,103185130115
51.6368,19.366,49.3671,0,100,88,76,1558,3504,2.19861,0,11.5309,2.92851,0,3405,103204498774
56.6718,17.6454,49.3671,0,100,88,76,1558,3504,2.19861,0,11.5309,2.92851,0,3405,103222151081
53.3459,18.7456,48.3117,0,100,88,77,1569,3504,2.19861,0,11.5311,2.92851,0,3400,103240891190
53.2205,18.7897,48.3117,0,100,88,77,1569,3504,2.19861,0,11.5311,2.92851,0,3400,103259682763
55.6037,17.9844,48.3117,0,100,88,77,1569,3504,2.19861,0,11.5311,2.92851,0,3400,103277668398
55.6961,17.9546,48.3117,0,100,88,77,1569,3504,2.19861,0,11.5311,2.92851,0,3400,103295623819
52.0599,19.2086,48.3117,0,100,88,77,1569,3504,2.19861,0,11.5311,2.92851,0,3400,103314834816
53.4091,18.7234,48.3117,0,100,88,77,1569,3504,2.19861,0,11.5311,2.92851,0,3400,103333559346
51.5203,19.4098,48.3117,0,100,88,77,1569,3504,2.19861,0,11.5311,2.92851,0,3400,103352970908
55.4697,18.0278,48.3117,0,100,88,77,1569,3504,2.19861,0,11.5311,2.92851,0,3400,103371000257
55.2287,18.1065,48.3117,0,100,88,77,1569,3504,2.19861,0,11.5311,2.92851,0,3400,103389108296
53.5778,18.6645,48.3117,0,100,88,77,1569,3504,2.19861,0,11.5311,2.92851,0,3400,103407773423
53.3802,18.7335,48.3117,0,100,88,77,1569,3504,2.19861,0,11.5311,2.92851,0,3400,103426508072
52.2254,19.1478,48.3117,0,100,88,77,1569,3504,2.19861,0,11.5311,2.92851,0,3400,103445655791
53.0832,18.8384,48.3117,0,100,88,77,1569,3504,2.19861,0,11.5311,2.92851,0,3400,103464496053
56.2864,17.7663,48.3117,0,100,88,77,1569,3504,2.19861,0,11.5311,2.92851,0,3400,103482262860
51.7308,19.3308,48.3117,0,100,88,77,1569,3504,2.19861,0,11.5311,2.92851,0,3400,103501594543
54.0626,18.4971,48.3117,0,100,88,77,1569,3504,2.19861,0,11.5311,2.92851,0,3400,103520093565
50.585,19.7687,48.3117,0,100,88,77,1569,3504,2.19861,0,11.5311,2.92851,0,3400,103539863490
55.4491,18.0345,48.3117,0,100,88,77,1569,3504,2.19861,0,11.5311,2.92851,0,3400,103557898406
54.4114,18.3785,48.3117,0,100,88,77,1569,3504,2.19861,0,11.5311,2.92851,0,3400,103576278528
54.5772,18.3227,48.3117,0,100,88,77,1569,3504,2.19861,0,11.5311,2.92851,0,3400,103594602923
54.4863,18.3532,48.3117,0,100,88,77,1569,3504,2.19861,0,11.5311,2.92851,0,3400,103612956806
53.9903,18.5219,48.3117,0,100,88,77,1569,3504,2.19861,0,11.5311,2.92851,0,3400,103631479355
52.1108,19.1899,48.3117,0,100,88,77,1569,3504,2.19861,0,11.5311,2.92851,0,3400,103650670421
53.7946,18.5892,48.3117,0,100,88,77,1569,3504,2.19861,0,11.5311,2.92851,0,3400,103669260633
51.3151,19.4875,48.3117,0,100,88,77,1569,3504,2.19861,0,11.5311,2.92851,0,3400,103688750618
55.1757,18.1239,48.3117,0,100,88,77,1569,3504,2.19861,0,11.5311,2.92851,0,3400,103706893420
55.9878,17.861,48.3117,0,100,88,77,1569,3504,2.19861,0,11.5311,2.92851,0,3400,103724742968
50.6478,19.7442,48.8665,0,100,87,77,1569,3504,2.19861,0,11.531,2.92851,0,3400,103744482980
55.1642,18.1277,48.8665,0,100,87,77,1569,3504,2.19861,0,11.531,2.92851,0,3400,103762632528
54.054,18.5,48.8665,0,100,87,77,1569,3504,2.19861,0,11.531,2.92851,0,3400,103781112078
51.9768,19.2393,48.8665,0,100,87,77,1569,3504,2.19861,0,11.531,2.92851,0,3400,103800353374
53.2607,18.7756,48.8665,0,100,87,77,1569,3504,2.19861,0,11.531,2.92851,0,3400,103819129226
54.0605,18.4978,48.8665,0,100,87,77,1569,3504,2.19861,0,11.531,2.92851,0,3400,103837627492
51.9879,19.2353,48.8665,0,100,87,77,1569,3504,2.19861,0,11.531,2.92851,0,3400,103856864401
52.4928,19.0502,48.8665,0,100,87,77,1569,3504,2.19861,0,11.531,2.92851,0,3400,103875916936
55.9885,17.8608,48.8665,0,100,87,77,1569,3504,2.19861,0,11.531,2.92851,0,3400,103893777625
56.1582,17.8068,48.8665,0,100,87,77,1569,3504,2.19861,0,11.531,2.92851,0,3400,103911586951
53.1427,18.8173,48.8665,0,100,87,77,1569,3504,2.19861,0,11.531,2.92851,0,3400,103930404717
50.1743,19.9305,48.8665,0,100,87,77,1569,3504,2.19861,0,11.531,2.92851,0,3400,103950336105
53.1326,18.8208,48.8665,0,100,87,77,1569,3504,2.19861,0,11.531,2.92851,0,3400,103969158840
53.5308,18.6808,48.8665,0,100,87,77,1569,3504,2.19861,0,11.531,2.92851,0,3400,103987840598
52.5645,19.0243,48.8665,0,100,87,77,1569,3504,2.19861,0,11.531,2.92851,0,3400,104006865402
56.7037,17.6355,48.8665,0,100,87,77,1569,3504,2.19861,0,11.531,2.92851,0,3400,104024502669
50.6227,19.754,48.8665,0,100,87,77,1569,3504,2.19861,0,11.531,2.92851,0,3400,104044258192
53.908,18.5501,48.8665,0,100,87,77,1569,3504,2.19861,0,11.531,2.92851,0,3400,104062808705
53.6002,18.6566,48.8665,0,100,87,77,1569,3504,2.19861,0,11.531,2.92851,0,3400,104081466902
55.1668,18.1268,48.8665,0,100,87,77,1569,3504,2.19861,0,11.531,2.92851,0,3400,104099594602
52.4232,19.0755,48.8665,0,100,87,77,1569,3504,2.19861,0,11.531,2.92851,0,3400,104118671330
53.0447,18.852,48.8665,0,100,87,77,1569,3504,2.19861,0,11.531,2.92851,0,3400,104137524982
52.4635,19.0609,48.8665,0,100,87,77,1569,3504,2.19861,0,11.531,2.92851,0,3400,104156587498
56.6041,17.6666,48.8665,0,100,87,77,1569,3504,2.19861,0,11.531,2.92851,0,3400,104174254164
54.6363,18.3028,48.8665,0,100,87,77,1569,3504,2.19861,0,11.531,2.92851,0,3400,104192559108
51.1402,19.5541,48.8665,0,100,87,77,1569,3504,2.19861,0,11.531,2.92851,0,3400,104212113292
53.8175,18.5813,48.8665,0,100,87,77,1569,3504,2.19861,0,11.531,2.92851,0,3400,104230700448
52.7973,18.9404,50.6427,0,100,87,77,1569,3504,2.19861,0,11.531,2.92851,0,3416,104249637162
50.1681,19.933,50.6427,0,100,87,77,1569,3504,2.19861,0,11.531,2.92851,0,3416,104269571981
59.847,16.7093,50.6427,0,100,87,77,1569,3504,2.19861,0,11.531,2.92851,0,3416,104286282124
49.9226,20.031,50.6427,0,100,87,77,1569,3504,2.19861,0,11.531,2.92851,0,3416,104306313974
53.2174,18.7908,50.6427,0,100,87,77,1569,3504,2.19861,0,11.531,2.92851,0,3416,104325107017
54.9719,18.1911,50.6427,0,100,87,77,1569,3504,2.19861,0,11.531,2.92851,0,3416,104343298812
52.3798,19.0913,50.6427,0,100,87,77,1569,3504,2.19861,0,11.531,2.92851,0,3416,104362392074
50.1992,19.9206,50.6427,0,100,87,77,1569,3504,2.19861,0,11.531,2.92851,0,3416,104382313426
54.7712,18.2578,50.6427,0,100,87,77,1569,3504,2.19861,0,11.531,2.92851,0,3416,104400572829
56.7639,17.6168,50.6427,0,100,87,77,1569,3504,2.19861,0,11.531,2.92851,0,3416,104418189062
52.1589,19.1722,50.6427,0,100,87,77,1569,3504,2.19861,0,11.531,2.92851,0,3416,104437386064
57.1072,17.5109,50.6427,0,100,87,77,1569,3504,2.19861,0,11.531,2.92851,0,3416,104454893921
48.9682,20.4214,50.6427,0,100,87,77,1569,3504,2.19861,0,11.531,2.92851,0,3416,104475316184
55.6928,17.9556,50.6427,0,100,87,77,1569,3504,2.19861,0,11.531,2.92851,0,3416,104493271928
53.2469,18.7804,50.6427,0,100,87,77,1569,3504,2.19861,0,11.531,2.92851,0,3416,104512053646
53.5435,18.6764,50.6427,0,100,87,77,1569,3504,2.19861,0,11.531,2.92851,0,3416,104530731282
57.1794,17.4888,50.6427,0,100,87,77,1569,3504,2.19861,0,11.531,2.92851,0,3416,104548221802
55.5617,17.998,50.6427,0,100,87,77,1569,3504,2.19861,0,11.531,2.92851,0,3416,104566221676
53.8708,18.5629,50.6427,0,100,87,77,1569,3504,2.19861,0,11.531,2.92851,0,3416,104584785382
56.2422,17.7803,50.6427,0,100,87,77,1569,3504,2.19861,0,11.531,2.92851,0,3416,104602567010
58.1749,17.1895,50.6427,0,100,87,77,1569,3504,2.19861,0,11.531,2.92851,0,3416,104619757903
56.0935,17.8274,50.6427,0,100,87,77,1569,3504,2.19861,0,11.531,2.92851,0,3416,104637586482
52.0701,19.2049,50.6427,0,100,87,77,1569,3504,2.19861,0,11.531,2.92851,0,3416,104656792148
54.1279,18.4747,50.6427,0,100,87,77,1569,3504,2.19861,0,11.531,2.92851,0,3416,104675269097
55.4219,18.0434,50.6427,0,100,87,77,1569,3504,2.19861,0,11.531,2.92851,0,3416,104693312610
54.5712,18.3247,50.6427,0,100,87,77,1569,3504,2.19861,0,11.531,2.92851,0,3416,104711638285
50.2757,19.8903,50.6427,0,100,87,77,1569,3504,2.19861,0,11.531,2.92851,0,3416,104731535142
57.6105,17.3579,45.1777,0,100,92,77,1569,3504,2.19861,0,11.5311,2.92851,0,3403,104748902306
57.8841,17.2759,45.1777,0,100,92,77,1569,3504,2.19861,0,11.5311,2.92851,0,3403,104766165003
51.7436,19.3261,45.1777,0,100,92,77,1569,3504,2.19861,0,11.5311,2.92851,0,3403,104785492702
57.4783,17.3979,45.1777,0,100,92,77,1569,3504,2.19861,0,11.5311,2.92851,0,3403,104802891841
53.5823,18.6629,45.1777,0,100,92,77,1569,3504,2.19861,0,11.5311,2.92851,0,3403,104821555755
56.2064,17.7916,45.1777,0,100,92,77,1569,3504,2.19861,0,11.5311,2.92851,0,3403,104839348077
47.9418,20.8586,45.1777,0,100,92,77,1569,3504,2.19861,0,11.5311,2.92851,0,3403,104860206800
65.6197,15.2393,45.1777,0,100,92,77,1569,3504,2.19861,0,11.5311,2.92851,0,3403,104875447414
52.9984,18.8685,45.1777,0,100,92,77,1569,3504,2.19861,0,11.5311,2.92851,0,3403,104894316205
51.3799,19.4629,45.1777,0,100,92,77,1569,3504,2.19861,0,11.5311,2.92851,0,3403,104913780973
60.4865,16.5326,45.1777,0,100,92,77,1569,3504,2.19861,0,11.5311,2.92851,0,3403,104930315735
56.0148,17.8524,45.1777,0,100,92,77,1569,3504,2.19861,0,11.5311,2.92851,0,3403,104948168899
55.2733,18.0919,45.1777,0,100,92,77,1569,3504,2.19861,0,11.5311,2.92851,0,3403,104966262720
52.4784,19.0554,45.1777,0,100,92,77,1569,3504,2.19861,0,11.5311,2.92851,0,3403,104985319869
58.7001,17.0357,45.1777,0,100,92,77,1569,3504,2.19861,0,11.5311,2.92851,0,3403,105002356605
53.4967,18.6928,45.1777,0,100,92,77,1569,3504,2.19861,0,11.5311,2.92851,0,3403,105021050882
54.4237,18.3743,45.1777,0,100,92,77,1569,3504,2.19861,0,11.5311,2.92851,0,3403,105039427759
57.2831,17.4572,45.1777,0,100,92,77,1569,3504,2.19861,0,11.5311,2.92851,0,3403,105056885205
54.261,18.4294,45.1777,0,100,92,77,1569,3504,2.19861,0,11.5311,2.92851,0,3403,105075316964
54.3311,18.4057,45.1777,0,100,92,77,1569,3504,2.19861,0,11.5311,2.92851,0,3403,105093723625
56.2677,17.7722,45.1777,0,100,92,77,1569,3504,2.19861,0,11.5311,2.92851,0,3403,105111495935
54.173,18.4594,45.1777,0,100,92,77,1569,3504,2.19861,0,11.5311,2.92851,0,3403,105129956597
56.2221,17.7866,45.1777,0,100,92,77,1569,3504,2.19861,0,11.5311,2.92851,0,3403,105147743613
54.9871,18.1861,45.1777,0,100,92,77,1569,3504,2.19861,0,11.5311,2.92851,0,3403,105165931313
54.1877,18.4544,45.1777,0,100,92,77,1569,3504,2.19861,0,11.5311,2.92851,0,3403,105184386474
56.1459,17.8107,45.1777,0,100,92,77,1569,3504,2.19861,0,11.5311,2.92851,0,3403,105202199546
52.5721,19.0215,45.1777,0,100,92,77,1569,3504,2.19861,0,11.5311,2.92851,0,3403,105221222760
55.7973,17.922,45.1777,0,100,92,77,1569,3504,2.19861,0,11.5311,2.92851,0,3403,105239151596
56.8886,17.5782,52.3342,0,100,92,77,1605,3504,2.19861,0,11.5346,2.92851,0,3400,105256724560
54.6675,18.2924,52.3342,0,100,92,77,1605,3504,2.19861,0,11.5346,2.92851,0,3400,105275018515
56.0424,17.8436,52.3342,0,100,92,77,1605,3504,2.19861,0,11.5346,2.92851,0,3400,105292863875
55.309,18.0802,52.3342,0,100,92,77,1605,3504,2.19861,0,11.5346,2.92851,0,3400,105310945524
56.7185,17.6309,52.3342,0,100,92,77,1605,3504,2.19861,0,11.5346,2.92851,0,3400,105328576993
51.6693,19.3538,52.3342,0,100,92,77,1605,3504,2.19861,0,11.5346,2.92851,0,3400,105347934022
56.7996,17.6058,52.3342,0,100,92,77,1605,3504,2.19861,0,11.5346,2.92851,0,3400,105365540155
55.5801,17.992,52.3342,0,100,92,77,1605,3504,2.19861,0,11.5346,2.92851,0,3400,105383533938
54.4518,18.3649,52.3342,0,100,92,77,1605,3504,2.19861,0,11.5346,2.92851,0,3400,105401901106
53.2651,18.774,52.3342,0,100,92,77,1605,3504,2.19861,0,11.5346,2.92851,0,3400,105420674786
57.0679,17.523,52.3342,0,100,92,77,1605,3504,2.19861,0,11.5346,2.92851,0,3400,105438199668
57.7986,17.3015,52.3342,0,100,92,77,1605,3504,2.19861,0,11.5346,2.92851,0,3400,105455502612
51.3821,19.462,52.3342,0,100,92,77,1605,3504,2.19861,0,11.5346,2.92851,0,3400,105474964801
55.8538,17.9039,52.3342,0,100,92,77,1605,3504,2.19861,0,11.5346,2.92851,0,3400,105492870050
55.7395,17.9406,52.3342,0,100,92,77,1605,3504,2.19861,0,11.5346,2.92851,0,3400,105510813619
54.3841,18.3877,52.3342,0,100,92,77,1605,3504,2.19861,0,11.5346,2.92851,0,3400,105529202640
57.5248,17.3838,52.3342,0,100,92,77,1605,3504,2.19861,0,11.5346,2.92851,0,3400,105546586334
54.407,18.38,52.3342,0,100,92,77,1605,3504,2.19861,0,11.5346,2.92851,0,3400,105564966823
51.7463,19.3251,52.3342,0,100,92,77,1605,3504,2.19861,0,11.5346,2.92851,0,3400,105584293772
56.6415,17.6549,52.3342,0,100,92,77,1605,3504,2.19861,0,11.5346,2.92851,0,3400,105601951297
59.5541,16.7914,52.3342,0,100,92,77,1605,3504,2.19861,0,11.5346,2.92851,0,3400,105618741443
49.4843,20.2084,52.3342,0,100,92,77,1605,3504,2.19861,0,11.5346,2.92851,0,3400,105638951426
56.399,17.7308,52.3342,0,100,92,77,1605,3504,2.19861,0,11.5346,2.92851,0,3400,105656683438
61.3276,16.3059,52.3342,0,100,92,77,1605,3504,2.19861,0,11.5346,2.92851,0,3400,105672988880
49.9827,20.0069,52.3342,0,100,92,77,1605,3504,2.19861,0,11.5346,2.92851,0,3400,105692997517
56.9513,17.5588,52.3342,0,100,92,77,1605,3504,2.19861,0,11.5346,2.92851,0,3400,105710557703
56.2299,17.7841,52.3342,0,100,92,77,1605,3504,2.19861,0,11.5346,2.92851,0,3400,105728342647
55.0478,18.166,52.3342,0,100,92,77,1605,3504,2.19861,0,11.5346,2.92851,0,3400,105746518254
53.503,18.6906,49.7487,0,100,88,78,1643,3504,2.19861,0,11.5352,2.92851,0,3400,105765223195
56.3653,17.7414,49.7487,0,100,88,78,1643,3504,2.19861,0,11.5352,2.92851,0,3400,105782956163
56.4951,17.7007,49.7487,0,100,88,78,1643,3504,2.19861,0,11.5352,2.92851,0,3400,105800658310
51.2069,19.5286,49.7487,0,100,88,78,1643,3504,2.19861,0,11.5352,2.92851,0,3400,105820188831
55.5934,17.9878,49.7487,0,100,88,78,1643,3504,2.19861,0,11.5352,2.92851,0,3400,105838176413
59.8363,16.7123,49.7487,0,100,88,78,1643,3504,2.19861,0,11.5352,2.92851,0,3400,105854891318
56.0422,17.8437,49.7487,0,100,88,78,1643,3504,2.19861,0,11.5352,2.92851,0,3400,105872736474
52.5204,19.0402,49.7487,0,100,88,78,1643,3504,2.19861,0,11.5352,2.92851,0,3400,105891777833
54.4668,18.3598,49.7487,0,100,88,78,1643,3504,2.19861,0,11.5352,2.92851,0,3400,105910138199
56.2083,17.791,49.7487,0,100,88,78,1643,3504,2.19861,0,11.5352,2.92851,0,3400,105927931221
52.9385,18.8899,49.7487,0,100,88,78,1643,3504,2.19861,0,11.5352,2.92851,0,3400,105946820411
57.3899,17.4247,49.7487,0,100,88,78,1643,3504,2.19861,0,11.5352,2.92851,0,3400,105964246718
56.2276,17.7849,49.7487,0,100,88,78,1643,3504,2.19861,0,11.5352,2.92851,0,3400,105982033598
57.3608,17.4335,49.7487,0,100,88,78,1643,3504,2.19861,0,11.5352,2.92851,0,3400,105999467817
48.5379,20.6025,49.7487,0,100,88,78,1643,3504,2.19861,0,11.5352,2.92851,0,3400,106020071725
63.3093,15.7955,49.7487,0,100,88,78,1643,3504,2.19861,0,11.5352,2.92851,0,3400,106035868227
51.7029,19.3413,49.7487,0,100,88,78,1643,3504,2.19861,0,11.5352,2.92851,0,3400,106055210154
54.8937,18.217,49.7487,0,100,88,78,1643,3504,2.19861,0,11.5352,2.92851,0,3400,106073428816
56.7315,17.6269,49.7487,0,100,88,78,1643,3504,2.19861,0,11.5352,2.92851,0,3400,106091056718
55.8476,17.9059,49.7487,0,100,88,78,1643,3504,2.19861,0,11.5352,2.92851,0,3400,106108963892
50.9412,19.6305,49.7487,0,100,88,78,1643,3504,2.19861,0,11.5352,2.92851,0,3400,106128595409
58.2298,17.1733,49.7487,0,100,88,78,1643,3504,2.19861,0,11.5352,2.92851,0,3400,106145770012
56.5377,17.6873,49.7487,0,100,88,78,1643,3504,2.19861,0,11.5352,2.92851,0,3400,106163459307
53.4499,18.7091,49.7487,0,100,88,78,1643,3504,2.19861,0,11.5352,2.92851,0,3400,106182169840
56.5542,17.6822,49.7487,0,100,88,78,1643,3504,2.19861,0,11.5352,2.92851,0,3400,106199853054
54.979,18.1887,49.7487,0,100,88,78,1643,3504,2.19861,0,11.5352,2.92851,0,3400,106218042402
54.2471,18.4342,49.7487,0,100,88,78,1643,3504,2.19861,0,11.5352,2.92851,0,3400,106236478263
54.616,18.3096,49.7487,0,100,88,78,1643,3504,2.19861,0,11.5352,2.92851,0,3400,106254794267
57.1458,17.4991,51.5075,0,100,88,79,1645,3504,2.19861,0,11.5351,2.92851,0,3407,106272288354
57.3589,17.4341,51.5075,0,100,88,79,1645,3504,2.19861,0,11.5351,2.92851,0,3407,106289722827
53.4789,18.699,51.5075,0,100,88,79,1645,3504,2.19861,0,11.5351,2.92851,0,3407,106308423701
54.4276,18.373,51.5075,0,100,88,79,1645,3504,2.19861,0,11.5351,2.92851,0,3407,106326797684
53.5739,18.6658,51.5075,0,100,88,79,1645,3504,2.19861,0,11.5351,2.92851,0,3407,106345465093
55.0765,18.1566,51.5075,0,100,88,79,1645,3504,2.19861,0,11.5351,2.92851,0,3407,106363622611
54.3513,18.3988,51.5075,0,100,88,79,1645,3504,2.19861,0,11.5351,2.92851,0,3407,106382022334
56.3643,17.7417,51.5075,0,100,88,79,1645,3504,2.19861,0,11.5351,2.92851,0,3407,106399766269
56.693,17.6389,51.5075,0,100,88,79,1645,3504,2.19861,0,11.5351,2.92851,0,3407,106417406600
56.9624,17.5554,51.5075,0,100,88,79,1645,3504,2.19861,0,11.5351,2.92851,0,3407,106434962690
53.8752,18.5614,51.5075,0,100,88,79,1645,3504,2.19861,0,11.5351,2.92851,0,3407,106453525602
58.4024,17.1226,51.5075,0,100,88,79,1645,3504,2.19861,0,11.5351,2.92851,0,3407,106470648864
49.7441,20.1029,51.5075,0,100,88,79,1645,3504,2.19861,0,11.5351,2.92851,0,3407,106490753074
59.084,16.925,51.5075,0,100,88,79,1645,3504,2.19861,0,11.5351,2.92851,0,3407,106507679680
54.5684,18.3256,51.5075,0,100,88,79,1645,3504,2.19861,0,11.5351,2.92851,0,3407,106526017917
56.4536,17.7137,51.5075,0,100,88,79,1645,3504,2.19861,0,11.5351,2.92851,0,3407,106543731049
55.8249,17.9132,51.5075,0,100,88,79,1645,3504,2.19861,0,11.5351,2.92851,0,3407,106561644761
55.1391,18.136,51.5075,0,100,88,79,1645,3504,2.19861,0,11.5351,2.92851,0,3407,106579783709
55.722,17.9462,51.5075,0,100,88,79,1645,3504,2.19861,0,11.5351,2.92851,0,3407,106597730766
51.3948,19.4572,51.5075,0,100,88,79,1645,3504,2.19861,0,11.5351,2.92851,0,3407,106617189577
53.3622,18.7398,51.5075,0,100,88,79,1645,3504,2.19861,0,11.5351,2.92851,0,3407,106635931411
61.19,16.3425,51.5075,0,100,88,79,1645,3504,2.19861,0,11.5351,2.92851,0,3407,106652274882
53.7417,18.6075,51.5075,0,100,88,79,1645,3504,2.19861,0,11.5351,2.92851,0,3407,106670884576
51.7148,19.3368,51.5075,0,100,88,79,1645,3504,2.19861,0,11.5351,2.92851,0,3407,106690223346
62.7605,15.9336,51.5075,0,100,88,79,1645,3504,2.19861,0,11.5351,2.92851,0,3407,106706156494
52.944,18.8879,51.5075,0,100,88,79,1645,3504,2.19861,0,11.5351,2.92851,0,3407,106725045965
55.2386,18.1033,51.5075,0,100,88,79,1645,3504,2.19861,0,11.5351,2.92851,0,3407,106743151962
58.1071,17.2096,51.5075,0,100,88,79,1645,3504,2.19861,0,11.5351,2.92851,0,3407,106760365797
48.506,20.616,52.4422,0,100,91,79,1645,3504,2.19861,0,11.5353,2.92851,0,3401,106780979984
63.8079,15.672,52.4422,0,100,91,79,1645,3504,2.19861,0,11.5353,2.92851,0,3401,106796653246
55.1721,18.1251,52.4422,0,100,91,79,1645,3504,2.19861,0,11.5353,2.92851,0,3401,106814779014
47.2373,21.1697,52.4422,0,100,91,79,1645,3504,2.19861,0,11.5353,2.92851,0,3401,106835950824
63.2527,15.8096,52.4422,0,100,91,79,1645,3504,2.19861,0,11.5353,2.92851,0,3401,106851761198
57.3328,17.442,52.4422,0,100,91,79,1645,3504,2.19861,0,11.5353,2.92851,0,3401,106869204774
54.8372,18.2358,52.4422,0,100,91,79,1645,3504,2.19861,0,11.5353,2.92851,0,3401,106887441910
56.4538,17.7136,52.4422,0,100,91,79,1645,3504,2.19861,0,11.5353,2.92851,0,3401,106905156604
52.3385,19.1064,52.4422,0,100,91,79,1645,3504,2.19861,0,11.5353,2.92851,0,3401,106924265757
59.9682,16.6755,52.4422,0,100,91,79,1645,3504,2.19861,0,11.5353,2.92851,0,3401,106940940389
53.1213,18.8248,52.4422,0,100,91,79,1645,3504,2.19861,0,11.5353,2.92851,0,3401,106959767508
55.1114,18.1451,52.4422,0,100,91,79,1645,3504,2.19861,0,11.5353,2.92851,0,3401,106977914248
58.0734,17.2196,52.4422,0,100,91,79,1645,3504,2.19861,0,11.5353,2.92851,0,3401,106995135105
55.0697,18.1588,52.4422,0,100,91,79,1645,3504,2.19861,0,11.5353,2.92851,0,3401,107013295205
57.4054,17.42,52.4422,0,100,91,79,1645,3504,2.19861,0,11.5353,2.92851,0,3401,107030716047
54.3569,18.3969,52.4422,0,100,91,79,1645,3504,2.19861,0,11.5353,2.92851,0,3401,107049115022
53.0961,18.8338,52.4422,0,100,91,79,1645,3504,2.19861,0,11.5353,2.92851,0,3401,107067948864
56.7939,17.6075,52.4422,0,100,91,79,1645,3504,2.19861,0,11.5353,2.92851,0,3401,107085557928
56.015,17.8523,52.4422,0,100,91,79,1645,3504,2.19861,0,11.5353,2.92851,0,3401,107103412592
52.2258,19.1476,52.4422,0,100,91,79,1645,3504,2.19861,0,11.5353,2.92851,0,3401,107122561510
63.7286,15.6915,52.4422,0,100,91,79,1645,3504,2.19861,0,11.5353,2.92851,0,3401,107138256001
52.1874,19.1617,52.4422,0,100,91,79,1645,3504,2.19861,0,11.5353,2.92851,0,3401,107157416987
55.965,17.8683,52.4422,0,100,91,79,1645,3504,2.19861,0,11.5353,2.92851,0,3401,107175287072
52.15,19.1755,52.4422,0,100,91,79,1645,3504,2.19861,0,11.5353,2.92851,0,3401,107194464503
62.0428,16.1179,52.4422,0,100,91,79,1645,3504,2.19861,0,11.5353,2.92851,0,3401,107210583057
56.5489,17.6838,52.4422,0,100,91,79,1645,3504,2.19861,0,11.5353,2.92851,0,3401,107228267507
54.3574,18.3968,52.4422,0,100,91,79,1645,3504,2.19861,0,11.5353,2.92851,0,3401,107246666570
54.9175,18.2091,52.4422,0,100,91,79,1645,3504,2.19861,0,11.5353,2.92851,0,3401,107264880514
58.8533,16.9914,64.359,0,100,91,79,1645,3504,2.19861,0,11.5376,2.92851,0,3400,107281867739
57.1527,17.497,64.359,0,100,91,79,1645,3504,2.19861,0,11.5376,2.92851,0,3400,107299366873
53.3279,18.7519,64.359,0,100,91,79,1645,3504,2.19861,0,11.5376,2.92851,0,3400,107318120047
54.8595,18.2284,64.359,0,100,91,79,1645,3504,2.19861,0,11.5376,2.92851,0,3400,107336348562
56.2252,17.7856,64.359,0,100,91,79,1645,3504,2.19861,0,11.5376,2.92851,0,3400,107354135552
56.7621,17.6174,64.359,0,100,91,79,1645,3504,2.19861,0,11.5376,2.92851,0,3400,107371755003
54.6651,18.2932,64.359,0,100,91,79,1645,3504,2.19861,0,11.5376,2.92851,0,3400,107390049486
56.2586,17.7751,64.359,0,100,91,79,1645,3504,2.19861,0,11.5376,2.92851,0,3400,107407825305
57.7821,17.3064,64.359,0,100,91,79,1645,3504,2.19861,0,11.5376,2.92851,0,3400,107425133550
58.9196,16.9723,64.359,0,100,91,79,1645,3504,2.19861,0,11.5376,2.92851,0,3400,107442106182
54.8261,18.2395,64.359,0,100,91,79,1645,3504,2.19861,0,11.5376,2.92851,0,3400,107460346755
57.3112,17.4486,64.359,0,100,91,79,1645,3504,2.19861,0,11.5376,2.92851,0,3400,107477797284
55.5034,18.0169,64.359,0,100,91,79,1645,3504,2.19861,0,11.5376,2.92851,0,3400,107495816869
57.294,17.4538,64.359,0,100,91,79,1645,3504,2.19861,0,11.5376,2.92851,0,3400,107513270592
54.5123,18.3445,64.359,0,100,91,79,1645,3504,2.19861,0,11.5376,2.92851,0,3400,107531616420
58.4125,17.1196,64.359,0,100,91,79,1645,3504,2.19861,0,11.5376,2.92851,0,3400,107548737858
56.7431,17.6233,64.359,0,100,91,79,1645,3504,2.19861,0,11.5376,2.92851,0,3400,107566360906
55.4879,18.022,64.359,0,100,91,79,1645,3504,2.19861,0,11.5376,2.92851,0,3400,107584384127
58.9012,16.9776,64.359,0,100,91,79,1645,3504,2.19861,0,11.5376,2.92851,0,3400,107601362674
56.2573,17.7755,64.359,0,100,91,79,1645,3504,2.19861,0,11.5376,2.92851,0,3400,107619138163
52.6308,19.0003,64.359,0,100,91,79,1645,3504,2.19861,0,11.5376,2.92851,0,3400,107638140104
60.4598,16.5399,64.359,0,100,91,79,1645,3504,2.19861,0,11.5376,2.92851,0,3400,107654681712
55.1682,18.1264,64.359,0,100,91,79,1645,3504,2.19861,0,11.5376,2.92851,0,3400,107672809297
57.7462,17.3172,64.359,0,100,91,79,1645,3504,2.19861,0,11.5376,2.92851,0,3400,107690128307
57.5552,17.3746,64.359,0,100,91,79,1645,3504,2.19861,0,11.5376,2.92851,0,3400,107707504715
51.9828,19.2371,64.359,0,100,91,79,1645,3504,2.19861,0,11.5376,2.92851,0,3400,107726742735
58.9203,16.9721,64.359,0,100,91,79,1645,3504,2.19861,0,11.5376,2.92851,0,3400,107743715467
55.5786,17.9925,64.359,0,100,91,79,1645,3504,2.19861,0,11.5376,2.92851,0,3400,107761710003
60.8121,16.4441,64.359,0,100,91,79,1645,3504,2.19861,0,11.5376,2.92851,0,3400,107778160794
56.5869,17.6719,48.6284,0,100,93,79,1662,3504,2.19861,0,11.538,2.92851,0,3401,107795827196
55.8539,17.9038,48.6284,0,100,93,79,1662,3504,2.19861,0,11.538,2.92851,0,3401,107813733210
59.0836,16.9252,48.6284,0,100,93,79,1662,3504,2.19861,0,11.538,2.92851,0,3401,107830659049
54.2206,18.4432,48.6284,0,100,93,79,1662,3504,2.19861,0,11.538,2.92851,0,3401,107849103045
52.7669,18.9513,48.6284,0,100,93,79,1662,3504,2.19861,0,11.538,2.92851,0,3401,107868055685
59.8096,16.7197,48.6284,0,100,93,79,1662,3504,2.19861,0,11.538,2.92851,0,3401,107884778394
56.6149,17.6632,48.6284,0,100,93,79,1662,3504,2.19861,0,11.538,2.92851,0,3401,107902441549
53.9801,18.5253,48.6284,0,100,93,79,1662,3504,2.19861,0,11.538,2.92851,0,3401,107920968538
60.4399,16.5454,48.6284,0,100,93,79,1662,3504,2.19861,0,11.538,2.92851,0,3401,107937515591
57.0653,17.5238,48.6284,0,100,93,79,1662,3504,2.19861,0,11.538,2.92851,0,3401,107955040180
51.755,19.3218,48.6284,0,100,93,79,1662,3504,2.19861,0,11.538,2.92851,0,3401,107974363627
61.5928,16.2357,48.6284,0,100,93,79,1662,3504,2.19861,0,11.538,2.92851,0,3401,107990600307
56.8262,17.5975,48.6284,0,100,93,79,1662,3504,2.19861,0,11.538,2.92851,0,3401,108008199389
53.1488,18.8151,48.6284,0,100,93,79,1662,3504,2.19861,0,11.538,2.92851,0,3401,108027015325
60.6498,16.4881,48.6284,0,100,93,79,1662,3504,2.19861,0,11.538,2.92851,0,3401,108043505556
60.4057,16.5547,48.6284,0,100,93,79,1662,3504,2.19861,0,11.538,2.92851,0,3401,108060061122
52.309,19.1172,48.6284,0,100,93,79,1662,3504,2.19861,0,11.538,2.92851,0,3401,108079179725
55.723,17.9459,48.6284,0,100,93,79,1662,3504,2.19861,0,11.538,2.92851,0,3401,108097126385
56.8184,17.5999,48.6284,0,100,93,79,1662,3504,2.19861,0,11.538,2.92851,0,3401,108114729161
56.0197,17.8509,48.6284,0,100,93,79,1662,3504,2.19861,0,11.538,2.92851,0,3401,108132580734
57.1439,17.4997,48.6284,0,100,93,79,1662,3504,2.19861,0,11.538,2.92851,0,3401,108150080778
57.4525,17.4057,48.6284,0,100,93,79,1662,3504,2.19861,0,11.538,2.92851,0,3401,108167488169
57.4878,17.395,48.6284,0,100,93,79,1662,3504,2.19861,0,11.538,2.92851,0,3401,108184884182
53.9617,18.5317,48.6284,0,100,93,79,1662,3504,2.19861,0,11.538,2.92851,0,3401,108203417456
61.1368,16.3568,48.6284,0,100,93,79,1662,3504,2.19861,0,11.538,2.92851,0,3401,108219775511
54.4647,18.3605,48.6284,0,100,93,79,1662,3504,2.19861,0,11.538,2.92851,0,3401,108238137430
55.8437,17.9071,48.6284,0,100,93,79,1662,3504,2.19861,0,11.538,2.92851,0,3401,108256045732
56.6724,17.6453,48.6284,0,100,93,79,1662,3504,2.19861,0,11.538,2.92851,0,3401,108273693073
55.7471,17.9382,48.6284,0,100,93,79,1662,3504,2.19861,0,11.538,2.92851,0,3401,108291635823
56.016,17.852,54.6569,0,100,93,80,1683,3504,2.19861,0,11.538,2.92851,0,3400,108309483823
55.3958,18.0519,54.6569,0,100,93,80,1683,3504,2.19861,0,11.538,2.92851,0,3400,108327537319
56.0454,17.8427,54.6569,0,100,93,80,1683,3504,2.19861,0,11.538,2.92851,0,3400,108345381419
55.8358,17.9097,54.6569,0,100,93,80,1683,3504,2.19861,0,11.538,2.92851,0,3400,108363292202
58.4979,17.0946,54.6569,0,100,93,80,1683,3504,2.19861,0,11.538,2.92851,0,3400,108380389207
53.5845,18.6621,54.6569,0,100,93,80,1683,3504,2.19861,0,11.538,2.92851,0,3400,108399052466
56.5614,17.6799,54.6569,0,100,93,80,1683,3504,2.19861,0,11.538,2.92851,0,3400,108416733747
55.7439,17.9392,54.6569,0,100,93,80,1683,3504,2.19861,0,11.538,2.92851,0,3400,108434673605
55.1938,18.118,54.6569,0,100,93,80,1683,3504,2.19861,0,11.538,2.92851,0,3400,108452793635
60.0506,16.6526,54.6569,0,100,93,80,1683,3504,2.19861,0,11.538,2.92851,0,3400,108469447011
55.6267,17.977,54.6569,0,100,93,80,1683,3504,2.19861,0,11.538,2.92851,0,3400,108487424850
59.2103,16.889,54.6569,0,100,93,80,1683,3504,2.19861,0,11.538,2.92851,0,3400,108504315119
55.6736,17.9618,54.6569,0,100,93,80,1683,3504,2.19861,0,11.538,2.92851,0,3400,108522278040
52.864,18.9165,54.6569,0,100,93,80,1683,3504,2.19861,0,11.538,2.92851,0,3400,108541196620
56.6034,17.6668,54.6569,0,100,93,80,1683,3504,2.19861,0,11.538,2.92851,0,3400,108558864007
57.3597,17.4338,54.6569,0,100,93,80,1683,3504,2.19861,0,11.538,2.92851,0,3400,108576299284
54.3038,18.4149,54.6569,0,100,93,80,1683,3504,2.19861,0,11.538,2.92851,0,3400,108594716072
54.7977,18.2489,54.6569,0,100,93,80,1683,3504,2.19861,0,11.538,2.92851,0,3400,108612966615
59.8138,16.7186,54.6569,0,100,93,80,1683,3504,2.19861,0,11.538,2.92851,0,3400,108629685450
54.7398,18.2683,54.6569,0,100,93,80,1683,3504,2.19861,0,11.538,2.92851,0,3400,108647954121
56.7196,17.6306,54.6569,0,100,93,80,1683,3504,2.19861,0,11.538,2.92851,0,3400,108665586744
53.6223,18.649,54.6569,0,100,93,80,1683,3504,2.19861,0,11.538,2.92851,0,3400,108684237179
58.7255,17.0284,54.6569,0,100,93,80,1683,3504,2.19861,0,11.538,2.92851,0,3400,108701266574
56.1625,17.8055,54.6569,0,100,93,80,1683,3504,2.19861,0,11.538,2.92851,0,3400,108719073907
54.7758,18.2562,54.6569,0,100,93,80,1683,3504,2.19861,0,11.538,2.92851,0,3400,108737330251
56.4488,17.7152,54.6569,0,100,93,80,1683,3504,2.19861,0,11.538,2.92851,0,3400,108755046879
55.4543,18.0329,54.6569,0,100,93,80,1683,3504,2.19861,0,11.538,2.92851,0,3400,108773080195
57.7594,17.3132,54.6569,0,100,93,80,1683,3504,2.19861,0,11.538,2.92851,0,3400,108790394400
56.8377,17.594,54.6569,0,100,93,80,1683,3504,2.19861,0,11.538,2.92851,0,3400,108807994610
56.2589,17.775,50.9901,0,100,89,80,1683,3504,2.19861,0,11.5382,2.92851,0,3416,108825765990
56.2237,17.7861,50.9901,0,100,89,80,1683,3504,2.19861,0,11.5382,2.92851,0,3416,108843553480
55.8426,17.9075,50.9901,0,100,89,80,1683,3504,2.19861,0,11.5382,2.92851,0,3416,108861462002
53.2363,18.7842,50.9901,0,100,89,80,1683,3504,2.19861,0,11.5382,2.92851,0,3416,108880247348
60.9189,16.4153,50.9901,0,100,89,80,1683,3504,2.19861,0,11.5382,2.92851,0,3416,108896663325
53.4558,18.707,50.9901,0,100,89,80,1683,3504,2.19861,0,11.5382,2.92851,0,3416,108915372080
56.1048,17.8238,50.9901,0,100,89,80,1683,3504,2.19861,0,11.5382,2.92851,0,3416,108933197962
56.5685,17.6777,50.9901,0,100,89,80,1683,3504,2.19861,0,11.5382,2.92851,0,3416,108950875117
56.5577,17.6811,50.9901,0,100,89,80,1683,3504,2.19861,0,11.5382,2.92851,0,3416,108968558543
53.1496,18.8148,50.9901,0,100,89,80,1683,3504,2.19861,0,11.5382,2.92851,0,3416,108987374310
58.1881,17.1856,50.9901,0,100,89,80,1683,3504,2.19861,0,11.5382,2.92851,0,3416,109004562921
56.6633,17.6481,50.9901,0,100,89,80,1683,3504,2.19861,0,11.5382,2.92851,0,3416,109022210811
56.4628,17.7108,50.9901,0,100,89,80,1683,3504,2.19861,0,11.5382,2.92851,0,3416,109039922148
54.3526,18.3984,50.9901,0,100,89,80,1683,3504,2.19861,0,11.5382,2.92851,0,3416,109058321964
57.4014,17.4212,50.9901,0,100,89,80,1683,3504,2.19861,0,11.5382,2.92851,0,3416,109075744533
55.312,18.0793,50.9901,0,100,89,80,1683,3504,2.19861,0,11.5382,2.92851,0,3416,109093826328
53.7047,18.6204,50.9901,0,100,89,80,1683,3504,2.19861,0,11.5382,2.92851,0,3416,109112448035
57.9849,17.2459,50.9901,0,100,89,80,1683,3504,2.19861,0,11.5382,2.92851,0,3416,109129694093
48.2257,20.7358,50.9901,0,100,89,80,1683,3504,2.19861,0,11.5382,2.92851,0,3416,109150431951
69.0328,14.4859,50.9901,0,100,89,80,1683,3504,2.19861,0,11.5382,2.92851,0,3416,109164918420
53.0381,18.8544,50.9901,0,100,89,80,1683,3504,2.19861,0,11.5382,2.92851,0,3416,109183774557
54.9957,18.1833,50.9901,0,100,89,80,1683,3504,2.19861,0,11.5382,2.92851,0,3416,109201957285
54.2801,18.4229,50.9901,0,100,89,80,1683,3504,2.19861,0,11.5382,2.92851,0,3416,109220382308
55.5562,17.9998,50.9901,0,100,89,80,1683,3504,2.19861,0,11.5382,2.92851,0,3416,109238382951
55.5482,18.0024,50.9901,0,100,89,80,1683,3504,2.19861,0,11.5382,2.92851,0,3416,109256386107
50.6586,19.74,50.9901,0,100,89,80,1683,3504,2.19861,0,11.5382,2.92851,0,3416,109276128692
52.7304,18.9644,50.9901,0,100,89,80,1683,3504,2.19861,0,11.5382,2.92851,0,3416,109295094018
50.6474,19.7443,50.9901,0,100,89,80,1683,3504,2.19861,0,11.5382,2.92851,0,3416,109314844701
52.8272,18.9296,52.6316,0,100,89,80,1683,3504,2.19861,0,11.5309,2.92851,0,3402,109333769799
52.8896,18.9073,52.6316,0,100,89,80,1683,3504,2.19861,0,11.5309,2.92851,0,3402,109352678201
49.6142,20.1555,52.6316,0,100,89,80,1683,3504,2.19861,0,11.5309,2.92851,0,3402,109372834506
50.0659,19.9737,52.6316,0,100,89,80,1683,3504,2.19861,0,11.5309,2.92851,0,3402,109392809119
48.8307,20.4789,52.6316,0,100,89,80,1683,3504,2.19861,0,11.5309,2.92851,0,3402,109413289641
52.3111,19.1164,52.6316,0,100,89,80,1683,3504,2.19861,0,11.5309,2.92851,0,3402,109432408020
50.6371,19.7484,52.6316,0,100,89,80,1683,3504,2.19861,0,11.5309,2.92851,0,3402,109452368306
49.5548,20.1797,52.6316,0,100,89,80,1683,3504,2.19861,0,11.5309,2.92851,0,3402,109472338262
50.2834,19.8873,52.6316,0,100,89,80,1683,3504,2.19861,0,11.5309,2.92851,0,3402,109492226897
46.0686,21.7068,52.6316,0,100,89,80,1683,3504,2.19861,0,11.5309,2.92851,0,3402,109513934781
46.1464,21.6702,52.6316,0,100,89,80,1683,3504,2.19861,0,11.5309,2.92851,0,3402,109535605721
48.8442,20.4733,52.6316,0,100,89,80,1683,3504,2.19861,0,11.5309,2.92851,0,3402,109556079239
31.5606,31.6851,52.6316,0,100,89,80,1683,3504,2.19861,0,11.5309,2.92851,0,3402,109587766126
61.3458,16.301,52.6316,0,100,89,80,1683,3504,2.19861,0,11.5309,2.92851,0,3402,109604067803
45.02,22.2123,52.6316,0,100,89,80,1683,3504,2.19861,0,11.5309,2.92851,0,3402,109626303090
56.1975,17.7944,52.6316,0,100,89,80,1683,3504,2.19861,0,11.5309,2.92851,0,3402,109644077715
39.6274,25.2351,52.6316,0,100,89,80,1683,3504,2.19861,0,11.5309,2.92851,0,3402,109669314836
45.6767,21.893,52.6316,0,100,89,80,1683,3504,2.19861,0,11.5309,2.92851,0,3402,109691208606
57.9105,17.268,52.6316,0,100,89,80,1683,3504,2.19861,0,11.5309,2.92851,0,3402,109708477645
48.3113,20.6991,52.6316,0,100,89,80,1683,3504,2.19861,0,11.5309,2.92851,0,3402,109729198150
46.4669,21.5207,52.6316,0,100,89,80,1683,3504,2.19861,0,11.5309,2.92851,0,3402,109750698348
52.9005,18.9034,52.6316,0,100,89,80,1683,3504,2.19861,0,11.5309,2.92851,0,3402,109769604475
49.1571,20.3429,52.6316,0,100,89,80,1683,3504,2.19861,0,11.5309,2.92851,0,3402,109789949104
47.0495,21.2542,52.6316,0,100,89,80,1683,3504,2.19861,0,11.5309,2.92851,0,3402,109811224682
42.4128,23.5778,52.6316,0,100,89,80,1683,3504,2.19861,0,11.5309,2.92851,0,3402,109834789885
57.8227,17.2942,60.6796,0,100,85,80,1655,3504,2.19861,0,11.5311,2.92851,0,1746,109852109717
44.7564,22.3432,60.6796,0,100,85,80,1655,3504,2.19861,0,11.5311,2.92851,0,1746,109874424331
32.8007,30.4872,60.6796,0,100,85,80,1655,3504,2.19861,0,11.5311,2.92851,0,1746,109904915091
85.5156,11.6938,60.6796,0,100,85,80,1655,3504,2.19861,0,11.5311,2.92851,0,1746,109916608956
36.1929,27.6298,60.6796,0,100,85,80,1655,3504,2.19861,0,11.5311,2.92851,0,1746,109944239342
68.6422,14.5683,60.6796,0,100,85,80,1655,3504,2.19861,0,11.5311,2.92851,0,1746,109958829097
52.2884,19.1247,60.6796,0,100,85,80,1655,3504,2.19861,0,11.5311,2.92851,0,1746,109977934551
44.7662,22.3383,60.6796,0,100,85,80,1655,3504,2.19861,0,11.5311,2.92851,0,1746,110000273020
