Frame, Time (ms), Delta (ms) , Memory (mb)
    1, 0.000, 0.000,4503
    2, 4.831, 4.831,5721
    3,13.873, 9.042,5721
    4,21.661, 7.788,5721
    5,29.647, 7.986,5721
    6,37.175, 7.528,5721
    7,45.063, 7.888,5721
    8,52.822, 7.759,5721
    9,60.797, 7.975,5721
   10,68.520, 7.723,5721
   11,77.165, 8.645,5721
   12,85.894, 8.729,5721
   13,93.605, 7.711,5721
   14,101.290, 7.685,5721
   15,109.056, 7.766,5721
   16,116.694, 7.638,5721
   17,124.522, 7.828,5721
   18,132.938, 8.416,5721
   19,142.233, 9.295,5721
   20,150.719, 8.486,5721
   21,158.845, 8.126,5721
   22,166.784, 7.939,5721
   23,175.278, 8.494,5721
   24,183.030, 7.752,5721
   25,191.195, 8.165,5721
   26,199.294, 8.099,5721
   27,207.158, 7.864,5721
   28,215.104, 7.946,5721
   29,223.170, 8.066,5721
   30,230.845, 7.675,5721
   31,239.420, 8.575,5721
   32,247.392, 7.972,5721
   33,261.486,14.094,5721
   34,269.585, 8.099,5721
   35,277.415, 7.830,5721
   36,285.042, 7.627,5721
   37,292.898, 7.856,5721
   38,300.666, 7.768,5721
   39,308.622, 7.956,5721
   40,316.581, 7.959,5721
   41,324.804, 8.223,5721
   42,332.783, 7.979,5721
   43,341.354, 8.571,5721
   44,349.599, 8.245,5721
   45,357.679, 8.080,5721
   46,366.020, 8.341,5721
   47,374.677, 8.657,5721
   48,382.907, 8.230,5721
   49,391.255, 8.348,5721
   50,399.270, 8.015,5721
   51,407.760, 8.490,5721
   52,416.139, 8.379,5721
   53,424.335, 8.196,5721
   54,432.950, 8.615,5721
   55,441.284, 8.334,5721
   56,449.927, 8.643,5721
   57,458.220, 8.293,5721
   58,466.577, 8.357,5721
   59,475.227, 8.650,5721
   60,483.572, 8.345,5721
   61,492.157, 8.585,5721
   62,500.537, 8.380,5721
   63,508.773, 8.236,5721
   64,516.746, 7.973,5721
   65,525.305, 8.559,5721
   66,534.123, 8.818,5721
   67,542.311, 8.188,5721
   68,550.130, 7.819,5721
   69,559.102, 8.972,5721
   70,568.276, 9.174,5721
   71,576.498, 8.222,5721
   72,585.137, 8.639,5721
   73,593.545, 8.408,5721
   74,601.847, 8.302,5721
   75,609.935, 8.088,5721
   76,618.051, 8.116,5721
   77,626.044, 7.993,5721
   78,634.801, 8.757,5721
   79,642.876, 8.075,5721
   80,650.874, 7.998,5721
   81,659.619, 8.745,5721
   82,668.195, 8.576,5721
   83,676.194, 7.999,5721
   84,683.631, 7.437,5721
   85,691.428, 7.797,5721
   86,698.863, 7.435,5721
   87,706.690, 7.827,5721
   88,714.339, 7.649,5721
   89,722.133, 7.794,5721
   90,729.879, 7.746,5721
   91,737.424, 7.545,5721
   92,745.087, 7.663,5721
   93,752.711, 7.624,5721
   94,760.196, 7.485,5721
   95,769.168, 8.972,5721
   96,777.071, 7.903,5721
   97,784.997, 7.926,5721
   98,792.583, 7.586,5721
   99,800.436, 7.853,5721
  100,808.007, 7.571,5721
  101,815.731, 7.724,5721
  102,823.339, 7.608,5721
  103,831.289, 7.950,5721
  104,839.298, 8.009,5721
  105,847.762, 8.464,5721
  106,855.325, 7.563,5721
  107,863.634, 8.309,5721
  108,871.421, 7.787,5721
  109,879.540, 8.119,5721
  110,887.136, 7.596,5721
  111,895.302, 8.166,5721
  112,903.001, 7.699,5721
  113,911.167, 8.166,5721
  114,920.157, 8.990,5721
  115,928.628, 8.471,5721
  116,936.806, 8.178,5721
  117,945.165, 8.359,5721
  118,952.882, 7.717,5721
  119,960.815, 7.933,5721
  120,969.066, 8.251,5721
  121,977.399, 8.333,5721
  122,985.524, 8.125,5721
  123,993.586, 8.062,5721
  124,1001.342, 7.756,5721
  125,1009.230, 7.888,5721
  126,1017.001, 7.771,5721
  127,1024.891, 7.890,5721
  128,1033.310, 8.419,5721
  129,1041.032, 7.722,5721
  130,1048.771, 7.739,5721
  131,1056.911, 8.140,5721
  132,1064.790, 7.879,5721
  133,1072.823, 8.033,5721
  134,1080.803, 7.980,5721
  135,1089.556, 8.753,5721
  136,1097.431, 7.875,5721
  137,1105.906, 8.475,5721
  138,1114.036, 8.130,5721
  139,1122.528, 8.492,5721
  140,1130.618, 8.090,5721
  141,1138.909, 8.291,5721
  142,1146.832, 7.923,5721
  143,1154.901, 8.069,5721
  144,1163.118, 8.217,5721
  145,1171.227, 8.109,5721
  146,1179.653, 8.426,5721
  147,1188.191, 8.538,5721
  148,1196.647, 8.456,5721
  149,1204.870, 8.223,5721
  150,1212.810, 7.940,5721
  151,1221.122, 8.312,5721
  152,1229.466, 8.344,5721
  153,1237.808, 8.342,5721
  154,1245.942, 8.134,5721
  155,1254.185, 8.243,5721
  156,1261.776, 7.591,5721
  157,1269.138, 7.362,5721
  158,1276.532, 7.394,5721
  159,1284.302, 7.770,5721
  160,1291.748, 7.446,5721
  161,1300.475, 8.727,5721
  162,1308.522, 8.047,5721
  163,1317.271, 8.749,5721
  164,1325.315, 8.044,5721
  165,1333.119, 7.804,5721
  166,1340.608, 7.489,5721
  167,1349.034, 8.426,5721
  168,1357.445, 8.411,5721
  169,1365.281, 7.836,5721
  170,1373.297, 8.016,5721
  171,1382.103, 8.806,5721
  172,1389.863, 7.760,5721
  173,1397.647, 7.784,5721
  174,1405.655, 8.008,5721
  175,1413.722, 8.067,5721
  176,1421.514, 7.792,5721
  177,1429.585, 8.071,5721
  178,1437.235, 7.650,5721
  179,1444.962, 7.727,5721
  180,1452.506, 7.544,5721
  181,1459.983, 7.477,5721
  182,1467.839, 7.856,5721
  183,1475.706, 7.867,5721
  184,1483.231, 7.525,5721
  185,1490.672, 7.441,5721
  186,1498.087, 7.415,5721
  187,1505.565, 7.478,5721
  188,1514.608, 9.043,5721
  189,1522.237, 7.629,5721
  190,1529.652, 7.415,5721
  191,1537.189, 7.537,5721
  192,1544.679, 7.490,5721
  193,1552.460, 7.781,5721
  194,1560.181, 7.721,5721
  195,1567.740, 7.559,5721
  196,1575.555, 7.815,5721
  197,1583.638, 8.083,5721
  198,1590.965, 7.327,5721
  199,1598.340, 7.375,5721
  200,1605.857, 7.517,5721
  201,1613.386, 7.529,5721
  202,1621.358, 7.972,5721
  203,1629.172, 7.814,5721
  204,1636.690, 7.518,5721
  205,1644.167, 7.477,5721
  206,1652.206, 8.039,5721
  207,1659.701, 7.495,5721
  208,1667.469, 7.768,5721
  209,1675.231, 7.762,5721
  210,1683.595, 8.364,5721
  211,1691.464, 7.869,5721
  212,1699.672, 8.208,5721
  213,1708.846, 9.174,5721
  214,1717.276, 8.430,5721
  215,1725.726, 8.450,5721
  216,1733.503, 7.777,5721
  217,1741.139, 7.636,5721
  218,1749.828, 8.689,5721
  219,1757.702, 7.874,5721
  220,1765.253, 7.551,5721
  221,1772.833, 7.580,5721
  222,1780.320, 7.487,5721
  223,1787.699, 7.379,5721
  224,1795.212, 7.513,5721
  225,1802.796, 7.584,5721
  226,1810.201, 7.405,5721
  227,1817.830, 7.629,5721
  228,1825.609, 7.779,5721
  229,1833.640, 8.031,5721
  230,1841.114, 7.474,5721
  231,1848.996, 7.882,5721
  232,1856.889, 7.893,5721
  233,1865.098, 8.209,5721
  234,1872.872, 7.774,5721
  235,1880.792, 7.920,5721
  236,1888.591, 7.799,5721
  237,1896.424, 7.833,5721
  238,1904.220, 7.796,5721
  239,1912.029, 7.809,5721
  240,1919.637, 7.608,5721
  241,1927.535, 7.898,5721
  242,1935.777, 8.242,5721
  243,1943.962, 8.185,5721
  244,1951.694, 7.732,5721
  245,1959.328, 7.634,5721
  246,1967.256, 7.928,5721
  247,1975.515, 8.259,5721
  248,1983.675, 8.160,5721
  249,1991.647, 7.972,5721
  250,1999.612, 7.965,5721
  251,2006.973, 7.361,5721
  252,2015.334, 8.361,5721
  253,2022.706, 7.372,5721
  254,2030.370, 7.664,5721
  255,2037.817, 7.447,5721
  256,2045.490, 7.673,5721
  257,2052.854, 7.364,5721
  258,2060.136, 7.282,5721
  259,2067.464, 7.328,5721
  260,2074.794, 7.330,5721
  261,2082.145, 7.351,5721
  262,2089.513, 7.368,5721
  263,2097.975, 8.462,5721
  264,2105.938, 7.963,5721
  265,2113.510, 7.572,5721
  266,2120.825, 7.315,5721
  267,2128.334, 7.509,5721
  268,2135.924, 7.590,5721
  269,2143.460, 7.536,5721
  270,2151.193, 7.733,5721
  271,2158.698, 7.505,5721
  272,2166.167, 7.469,5721
  273,2173.938, 7.771,5721
  274,2181.356, 7.418,5721
  275,2188.651, 7.295,5721
  276,2196.154, 7.503,5721
  277,2203.502, 7.348,5721
  278,2210.807, 7.305,5721
  279,2218.082, 7.275,5721
  280,2225.475, 7.393,5721
  281,2232.577, 7.102,5721
  282,2240.173, 7.596,5721
  283,2247.295, 7.122,5721
  284,2254.959, 7.664,5721
  285,2262.223, 7.264,5721
  286,2269.441, 7.218,5721
  287,2276.635, 7.194,5721
  288,2284.016, 7.381,5721
  289,2291.164, 7.148,5721
  290,2298.285, 7.121,5721
  291,2305.204, 6.919,5721
  292,2312.770, 7.566,5721
  293,2319.914, 7.144,5721
  294,2326.948, 7.034,5721
  295,2334.072, 7.124,5721
  296,2341.162, 7.090,5721
  297,2348.140, 6.978,5721
  298,2355.314, 7.174,5721
  299,2362.777, 7.463,5721
  300,2369.809, 7.032,5721
  301,2376.993, 7.184,5721
  302,2384.097, 7.104,5721
  303,2391.071, 6.974,5721
  304,2397.956, 6.885,5721
  305,2405.342, 7.386,5721
  306,2412.698, 7.356,5721
  307,2420.132, 7.434,5721
  308,2427.391, 7.259,5721
  309,2434.958, 7.567,5721
  310,2442.203, 7.245,5721
  311,2449.219, 7.016,5721
  312,2456.667, 7.448,5721
  313,2464.636, 7.969,5721
  314,2472.489, 7.853,5721
  315,2480.932, 8.443,5721
  316,2489.802, 8.870,5721
  317,2498.103, 8.301,5721
  318,2506.022, 7.919,5721
  319,2513.496, 7.474,5721
  320,2520.924, 7.428,5721
  321,2528.722, 7.798,5721
  322,2536.115, 7.393,5721
  323,2544.074, 7.959,5721
  324,2551.552, 7.478,5721
  325,2559.169, 7.617,5721
  326,2566.838, 7.669,5721
  327,2575.017, 8.179,5721
  328,2582.752, 7.735,5721
  329,2590.729, 7.977,5721
  330,2598.042, 7.313,5721
  331,2605.703, 7.661,5721
  332,2613.322, 7.619,5721
  333,2620.881, 7.559,5721
  334,2628.145, 7.264,5721
  335,2635.359, 7.214,5721
  336,2642.326, 6.967,5721
  337,2649.236, 6.910,5721
  338,2656.250, 7.014,5721
  339,2663.271, 7.021,5721
  340,2670.098, 6.827,5721
  341,2677.631, 7.533,5721
  342,2684.785, 7.154,5721
  343,2691.873, 7.088,5721
  344,2698.815, 6.942,5721
  345,2705.643, 6.828,5721
  346,2712.578, 6.935,5721
  347,2719.473, 6.895,5721
  348,2726.521, 7.048,5721
  349,2733.600, 7.079,5721
  350,2741.274, 7.674,5721
  351,2748.095, 6.821,5721
  352,2755.059, 6.964,5721
  353,2761.985, 6.926,5721
  354,2768.844, 6.859,5721
  355,2775.669, 6.825,5721
  356,2782.942, 7.273,5721
  357,2790.033, 7.091,5721
  358,2796.876, 6.843,5721
  359,2803.763, 6.887,5721
  360,2810.558, 6.795,5721
  361,2817.555, 6.997,5721
  362,2824.500, 6.945,5721
  363,2831.585, 7.085,5721
  364,2838.456, 6.871,5721
  365,2845.881, 7.425,5721
  366,2853.080, 7.199,5721
  367,2861.099, 8.019,5721
  368,2868.897, 7.798,5721
  369,2875.939, 7.042,5721
  370,2883.720, 7.781,5721
  371,2892.585, 8.865,5721
  372,2900.116, 7.531,5721
  373,2907.306, 7.190,5721
  374,2914.239, 6.933,5721
  375,2921.546, 7.307,5721
  376,2928.621, 7.075,5721
  377,2936.018, 7.397,5721
  378,2943.602, 7.584,5721
  379,2951.248, 7.646,5721
  380,2958.952, 7.704,5721
  381,2965.925, 6.973,5721
  382,2972.892, 6.967,5721
  383,2980.250, 7.358,5721
  384,2987.115, 6.865,5721
  385,2994.382, 7.267,5721
  386,3001.650, 7.268,5721
  387,3008.789, 7.139,5721
  388,3015.705, 6.916,5721
  389,3022.550, 6.845,5721
  390,3029.658, 7.108,5721
  391,3036.683, 7.025,5721
  392,3043.646, 6.963,5721
  393,3050.687, 7.041,5721
  394,3057.914, 7.227,5721
  395,3065.160, 7.246,5721
  396,3072.786, 7.626,5721
  397,3081.064, 8.278,5721
  398,3088.670, 7.606,5721
  399,3096.006, 7.336,5721
  400,3104.011, 8.005,5721
  401,3112.245, 8.234,5721
  402,3119.852, 7.607,5721
  403,3127.222, 7.370,5721
  404,3134.583, 7.361,5721
  405,3142.378, 7.795,5721
  406,3149.819, 7.441,5721
  407,3157.137, 7.318,5721
  408,3164.530, 7.393,5721
  409,3171.893, 7.363,5721
  410,3179.452, 7.559,5721
  411,3186.716, 7.264,5721
  412,3194.155, 7.439,5721
  413,3201.321, 7.166,5721
  414,3209.724, 8.403,5721
  415,3217.310, 7.586,5721
  416,3225.228, 7.918,5721
  417,3233.112, 7.884,5721
  418,3240.422, 7.310,5721
  419,3247.639, 7.217,5721
  420,3254.327, 6.688,5721
  421,3261.185, 6.858,5721
  422,3268.105, 6.920,5721
  423,3275.031, 6.926,5721
  424,3281.893, 6.862,5721
  425,3289.627, 7.734,5721
  426,3296.570, 6.943,5721
  427,3304.088, 7.518,5721
  428,3312.399, 8.311,5721
  429,3320.335, 7.936,5721
  430,3327.846, 7.511,5721
  431,3334.953, 7.107,5721
  432,3342.018, 7.065,5721
  433,3348.919, 6.901,5721
  434,3355.941, 7.022,5721
  435,3362.778, 6.837,5721
  436,3369.595, 6.817,5721
  437,3376.778, 7.183,5721
  438,3383.672, 6.894,5721
  439,3390.709, 7.037,5721
  440,3397.918, 7.209,5721
  441,3404.783, 6.865,5721
  442,3411.571, 6.788,5721
  443,3418.769, 7.198,5721
  444,3425.812, 7.043,5721
  445,3432.822, 7.010,5721
  446,3439.646, 6.824,5721
  447,3446.385, 6.739,5721
  448,3452.904, 6.519,5721
  449,3459.756, 6.852,5721
  450,3466.495, 6.739,5721
  451,3473.091, 6.596,5721
  452,3480.113, 7.022,5721
  453,3487.271, 7.158,5721
  454,3493.848, 6.577,5721
  455,3500.707, 6.859,5721
  456,3507.249, 6.542,5721
  457,3514.117, 6.868,5721
  458,3520.997, 6.880,5721
  459,3528.648, 7.651,5721
  460,3535.439, 6.791,5721
  461,3542.460, 7.021,5721
  462,3549.176, 6.716,5721
  463,3555.897, 6.721,5721
  464,3562.485, 6.588,5721
  465,3569.257, 6.772,5721
  466,3575.966, 6.709,5721
  467,3582.995, 7.029,5721
  468,3589.648, 6.653,5721
  469,3596.317, 6.669,5721
  470,3602.851, 6.534,5721
  471,3609.452, 6.601,5721
  472,3616.365, 6.913,5721
  473,3622.982, 6.617,5721
  474,3629.914, 6.932,5721
  475,3636.980, 7.066,5721
  476,3643.619, 6.639,5721
  477,3650.725, 7.106,5721
  478,3657.529, 6.804,5721
  479,3664.421, 6.892,5721
  480,3671.475, 7.054,5721
  481,3678.402, 6.927,5721
  482,3685.521, 7.119,5721
  483,3693.987, 8.466,5721
  484,3701.294, 7.307,5721
  485,3708.391, 7.097,5721
  486,3715.018, 6.627,5721
  487,3721.870, 6.852,5721
  488,3728.803, 6.933,5721
  489,3735.893, 7.090,5721
  490,3743.110, 7.217,5721
  491,3750.203, 7.093,5721
  492,3756.892, 6.689,5721
  493,3763.823, 6.931,5721
  494,3770.509, 6.686,5721
  495,3777.565, 7.056,5721
  496,3784.338, 6.773,5721
  497,3790.965, 6.627,5721
  498,3797.638, 6.673,5721
  499,3804.405, 6.767,5721
  500,3811.257, 6.852,5721
  501,3818.168, 6.911,5721
  502,3825.113, 6.945,5721
  503,3832.043, 6.930,5721
  504,3839.026, 6.983,5721
  505,3846.667, 7.641,5721
  506,3853.718, 7.051,5721
  507,3861.411, 7.693,5721
  508,3868.926, 7.515,5721
  509,3876.051, 7.125,5721
  510,3882.990, 6.939,5721
  511,3889.954, 6.964,5721
  512,3897.829, 7.875,5721
  513,3904.889, 7.060,5721
  514,3912.222, 7.333,5721
  515,3919.252, 7.030,5721
  516,3926.168, 6.916,5721
  517,3933.236, 7.068,5721
  518,3940.105, 6.869,5721
  519,3947.671, 7.566,5721
  520,3955.092, 7.421,5721
  521,3962.224, 7.132,5721
  522,3969.382, 7.158,5721
  523,3976.482, 7.100,5721
  524,3984.228, 7.746,5721
  525,3990.784, 6.556,5721
  526,3997.274, 6.490,5721
  527,4003.832, 6.558,5721
  528,4010.404, 6.572,5721
  529,4017.033, 6.629,5721
  530,4023.446, 6.413,5721
  531,4029.964, 6.518,5721
  532,4036.422, 6.458,5721
  533,4043.011, 6.589,5721
  534,4049.439, 6.428,5721
  535,4056.641, 7.202,5721
  536,4063.404, 6.763,5721
  537,4070.202, 6.798,5721
  538,4077.540, 7.338,5721
  539,4085.612, 8.072,5689
  540,4092.663, 7.051,5689
  541,4099.445, 6.782,5689
  542,4106.120, 6.675,5689
  543,4112.843, 6.723,5689
  544,4119.310, 6.467,5689
  545,4126.060, 6.750,5689
  546,4132.503, 6.443,5689
  547,4139.300, 6.797,5689
  548,4145.991, 6.691,5689
  549,4152.779, 6.788,5689
  550,4159.701, 6.922,5689
  551,4166.497, 6.796,5689
  552,4173.326, 6.829,5689
  553,4180.136, 6.810,5689
  554,4186.665, 6.529,5689
  555,4193.308, 6.643,5689
  556,4199.880, 6.572,5689
  557,4206.342, 6.462,5689
  558,4213.265, 6.923,5689
  559,4219.861, 6.596,5689
  560,4226.760, 6.899,5689
  561,4233.445, 6.685,5689
  562,4239.890, 6.445,5689
  563,4246.863, 6.973,5689
  564,4254.054, 7.191,5689
  565,4260.664, 6.610,5689
  566,4267.805, 7.141,5689
  567,4274.467, 6.662,5689
  568,4280.920, 6.453,5689
  569,4287.444, 6.524,5689
  570,4293.957, 6.513,5689
  571,4300.442, 6.485,5689
  572,4307.042, 6.600,5689
  573,4313.633, 6.591,5689
  574,4320.052, 6.419,5689
  575,4326.438, 6.386,5689
  576,4333.021, 6.583,5689
  577,4339.415, 6.394,5689
  578,4345.950, 6.535,5689
  579,4352.513, 6.563,5689
  580,4359.067, 6.554,5689
  581,4365.815, 6.748,5689
  582,4372.989, 7.174,5689
  583,4379.832, 6.843,5689
  584,4386.687, 6.855,5689
  585,4393.468, 6.781,5689
  586,4400.336, 6.868,5689
  587,4407.040, 6.704,5689
  588,4413.680, 6.640,5689
  589,4420.473, 6.793,5689
  590,4427.671, 7.198,5689
  591,4434.843, 7.172,5689
  592,4441.448, 6.605,5689
  593,4448.697, 7.249,5689
  594,4455.569, 6.872,5689
  595,4462.753, 7.184,5689
  596,4470.726, 7.973,5689
  597,4479.333, 8.607,5689
  598,4487.836, 8.503,5689
  599,4495.548, 7.712,5689
  600,4502.914, 7.366,5689
  601,4510.526, 7.612,5689
  602,4517.600, 7.074,5689
  603,4524.825, 7.225,5689
  604,4531.833, 7.008,5689
  605,4538.917, 7.084,5689
  606,4546.046, 7.129,5689
  607,4553.079, 7.033,5689
  608,4560.057, 6.978,5689
  609,4567.373, 7.316,5689
  610,4574.796, 7.423,5689
  611,4582.529, 7.733,5689
  612,4590.342, 7.813,5689
  613,4597.996, 7.654,5689
  614,4604.808, 6.812,5689
  615,4611.533, 6.725,5689
  616,4617.969, 6.436,5689
  617,4624.642, 6.673,5689
  618,4631.319, 6.677,5689
  619,4638.202, 6.883,5689
  620,4644.702, 6.500,5689
  621,4651.247, 6.545,5689
  622,4658.085, 6.838,5689
  623,4665.088, 7.003,5689
  624,4671.670, 6.582,5689
  625,4678.142, 6.472,5689
  626,4684.760, 6.618,5689
  627,4691.428, 6.668,5689
  628,4698.193, 6.765,5689
  629,4705.034, 6.841,5689
  630,4711.499, 6.465,5689
  631,4718.066, 6.567,5689
  632,4725.166, 7.100,5689
  633,4731.785, 6.619,5689
  634,4738.297, 6.512,5689
  635,4744.785, 6.488,5689
  636,4751.230, 6.445,5689
  637,4757.656, 6.426,5689
  638,4764.425, 6.769,5689
  639,4770.994, 6.569,5689
  640,4777.384, 6.390,5689
  641,4783.913, 6.529,5689
  642,4790.275, 6.362,5689
  643,4797.071, 6.796,5689
  644,4804.354, 7.283,5689
  645,4811.080, 6.726,5689
  646,4817.552, 6.472,5689
  647,4824.095, 6.543,5689
  648,4831.285, 7.190,5689
  649,4838.025, 6.740,5689
  650,4844.511, 6.486,5689
  651,4851.122, 6.611,5689
  652,4858.756, 7.634,5689
  653,4866.424, 7.668,5689
  654,4874.305, 7.881,5689
  655,4881.681, 7.376,5689
  656,4888.854, 7.173,5689
  657,4895.970, 7.116,5689
  658,4903.039, 7.069,5689
  659,4910.143, 7.104,5689
  660,4916.901, 6.758,5689
  661,4923.452, 6.551,5689
  662,4930.428, 6.976,5689
  663,4937.082, 6.654,5689
  664,4943.907, 6.825,5689
  665,4950.500, 6.593,5689
  666,4957.168, 6.668,5689
  667,4963.803, 6.635,5689
  668,4970.806, 7.003,5689
  669,4977.382, 6.576,5689
  670,4984.258, 6.876,5689
  671,4991.055, 6.797,5689
  672,4997.738, 6.683,5689
  673,5004.798, 7.060,5689
  674,5012.809, 8.011,5689
  675,5019.543, 6.734,5689
  676,5026.390, 6.847,5689
  677,5033.332, 6.942,5689
  678,5040.076, 6.744,5689
  679,5046.803, 6.727,5689
  680,5053.492, 6.689,5689
  681,5059.972, 6.480,5689
  682,5067.067, 7.095,5689
  683,5075.166, 8.099,5689
  684,5082.283, 7.117,5689
  685,5089.695, 7.412,5689
  686,5096.773, 7.078,5689
  687,5103.839, 7.066,5689
  688,5110.892, 7.053,5689
  689,5118.251, 7.359,5689
  690,5125.187, 6.936,5689
  691,5132.125, 6.938,5689
  692,5139.446, 7.321,5689
  693,5146.438, 6.992,5689
  694,5153.550, 7.112,5689
  695,5160.525, 6.975,5689
  696,5167.422, 6.897,5689
  697,5174.500, 7.078,5689
  698,5181.433, 6.933,5689
  699,5188.590, 7.157,5689
  700,5195.683, 7.093,5689
  701,5202.698, 7.015,5689
  702,5209.722, 7.024,5689
  703,5216.291, 6.569,5689
  704,5223.179, 6.888,5689
  705,5229.688, 6.509,5689
  706,5236.263, 6.575,5689
  707,5243.652, 7.389,5689
  708,5251.454, 7.802,5689
  709,5258.334, 6.880,5689
  710,5265.189, 6.855,5689
  711,5271.911, 6.722,5689
  712,5278.503, 6.592,5689
  713,5284.987, 6.484,5689
  714,5291.647, 6.660,5689
  715,5298.885, 7.238,5689
  716,5305.252, 6.367,5689
  717,5312.136, 6.884,5689
  718,5318.583, 6.447,5689
  719,5325.663, 7.080,5689
  720,5332.765, 7.102,5689
  721,5339.617, 6.852,5689
  722,5346.257, 6.640,5689
  723,5352.931, 6.674,5689
  724,5359.801, 6.870,5689
  725,5366.656, 6.855,5689
  726,5373.153, 6.497,5689
  727,5379.525, 6.372,5689
  728,5385.950, 6.425,5689
  729,5392.848, 6.898,5689
  730,5399.154, 6.306,5689
  731,5405.668, 6.514,5689
  732,5412.107, 6.439,5689
  733,5418.565, 6.458,5689
  734,5424.883, 6.318,5689
  735,5431.814, 6.931,5689
  736,5438.295, 6.481,5689
  737,5445.214, 6.919,5689
  738,5451.629, 6.415,5689
  739,5458.259, 6.630,5689
  740,5464.663, 6.404,5689
  741,5471.076, 6.413,5689
  742,5477.561, 6.485,5689
  743,5484.075, 6.514,5689
  744,5490.792, 6.716,5689
  745,5497.150, 6.359,5689
  746,5503.401, 6.251,5689
  747,5509.912, 6.511,5689
  748,5516.542, 6.629,5689
  749,5523.070, 6.529,5689
  750,5529.625, 6.555,5689
  751,5536.692, 7.067,5689
  752,5543.228, 6.536,5689
  753,5549.907, 6.679,5689
  754,5556.768, 6.861,5689
  755,5563.226, 6.458,5689
  756,5569.574, 6.348,5689
  757,5576.705, 7.131,5689
  758,5583.128, 6.423,5689
  759,5589.533, 6.405,5689
  760,5596.007, 6.474,5689
  761,5602.577, 6.570,5689
  762,5609.175, 6.598,5689
  763,5616.394, 7.219,5689
  764,5623.021, 6.626,5689
  765,5631.075, 8.055,5689
  766,5638.672, 7.597,5689
  767,5646.282, 7.610,5689
  768,5652.786, 6.504,5689
  769,5659.227, 6.441,5689
  770,5665.700, 6.473,5689
  771,5672.509, 6.809,5689
  772,5679.301, 6.792,5689
  773,5686.222, 6.921,5689
  774,5692.802, 6.580,5689
  775,5699.390, 6.588,5689
  776,5706.356, 6.966,5689
  777,5712.806, 6.450,5689
  778,5719.251, 6.445,5689
  779,5725.732, 6.481,5689
  780,5732.061, 6.329,5689
  781,5738.619, 6.558,5689
  782,5745.871, 7.252,5689
  783,5752.393, 6.522,5689
  784,5758.824, 6.431,5689
  785,5765.498, 6.674,5689
  786,5772.167, 6.668,5689
  787,5778.870, 6.704,5689
  788,5785.679, 6.809,5689
  789,5792.153, 6.474,5689
  790,5798.793, 6.640,5689
  791,5805.988, 7.195,5689
  792,5813.060, 7.072,5689
  793,5820.037, 6.977,5689
  794,5826.871, 6.834,5689
  795,5833.753, 6.882,5689
  796,5840.928, 7.175,5689
  797,5847.807, 6.879,5689
  798,5855.147, 7.340,5689
  799,5862.256, 7.109,5689
  800,5869.298, 7.042,5689
  801,5876.355, 7.057,5689
  802,5882.924, 6.569,5689
  803,5889.621, 6.697,5689
  804,5896.333, 6.711,5689
  805,5903.379, 7.047,5689
  806,5910.352, 6.973,5689
  807,5918.083, 7.731,5689
  808,5925.175, 7.092,5689
  809,5932.396, 7.221,5689
  810,5939.498, 7.102,5689
  811,5946.072, 6.574,5689
  812,5952.441, 6.369,5689
  813,5959.458, 7.016,5689
  814,5965.820, 6.363,5689
  815,5972.072, 6.252,5689
  816,5978.480, 6.408,5689
  817,5985.060, 6.580,5689
  818,5991.931, 6.871,5689
  819,5998.099, 6.168,5689
  820,6004.373, 6.274,5689
  821,6010.750, 6.377,5689
  822,6018.140, 7.390,5689
  823,6025.609, 7.469,5689
  824,6032.334, 6.725,5689
  825,6039.004, 6.670,5689
  826,6045.934, 6.930,5689
  827,6052.779, 6.845,5689
  828,6059.496, 6.717,5689
  829,6066.504, 7.008,5689
  830,6073.158, 6.654,5689
  831,6080.367, 7.209,5689
  832,6087.143, 6.776,5689
  833,6094.052, 6.909,5689
  834,6100.398, 6.346,5689
  835,6107.009, 6.611,5689
  836,6113.508, 6.499,5689
  837,6119.825, 6.317,5689
  838,6126.280, 6.455,5689
  839,6132.931, 6.651,5689
  840,6139.534, 6.603,5689
  841,6145.902, 6.368,5689
  842,6152.174, 6.272,5689
  843,6159.004, 6.830,5689
  844,6165.893, 6.889,5689
  845,6173.206, 7.313,5689
  846,6180.099, 6.893,5689
  847,6187.120, 7.021,5689
  848,6193.435, 6.315,5689
  849,6199.961, 6.526,5689
  850,6206.104, 6.143,5689
  851,6212.396, 6.292,5689
  852,6218.753, 6.357,5689
  853,6224.923, 6.170,5689
  854,6231.246, 6.323,5689
  855,6237.474, 6.228,5689
  856,6243.827, 6.353,5689
  857,6250.080, 6.253,5689
  858,6256.301, 6.221,5689
  859,6262.733, 6.432,5689
  860,6269.038, 6.305,5689
  861,6275.731, 6.693,5689
  862,6282.340, 6.609,5689
  863,6289.292, 6.952,5689
  864,6295.500, 6.207,5689
  865,6301.901, 6.402,5689
  866,6308.005, 6.104,5689
  867,6314.200, 6.195,5689
  868,6320.608, 6.408,5689
  869,6326.996, 6.388,5689
  870,6333.520, 6.523,5689
  871,6339.872, 6.353,5689
  872,6346.526, 6.654,5689
  873,6353.251, 6.725,5689
  874,6359.699, 6.448,5689
  875,6366.454, 6.755,5689
  876,6372.872, 6.418,5689
  877,6379.650, 6.778,5689
  878,6387.233, 7.583,5689
  879,6393.898, 6.665,5689
  880,6402.099, 8.201,5689
  881,6409.798, 7.699,5689
  882,6417.129, 7.331,5689
  883,6424.658, 7.529,5689
  884,6431.440, 6.782,5689
  885,6438.101, 6.661,5689
  886,6445.554, 7.453,5689
  887,6452.507, 6.953,5689
  888,6459.256, 6.749,5689
  889,6466.293, 7.037,5689
  890,6473.322, 7.029,5689
  891,6480.264, 6.942,5689
  892,6488.150, 7.886,5689
  893,6495.622, 7.472,5689
  894,6502.505, 6.883,5689
  895,6509.509, 7.004,5689
  896,6516.686, 7.176,5689
  897,6523.705, 7.020,5689
  898,6530.982, 7.277,5689
  899,6538.027, 7.045,5689
  900,6544.563, 6.536,5689
  901,6551.525, 6.962,5689
  902,6557.844, 6.319,5689
  903,6564.035, 6.191,5689
  904,6570.064, 6.029,5689
  905,6576.249, 6.184,5689
  906,6582.450, 6.202,5689
  907,6588.717, 6.267,5689
  908,6595.141, 6.424,5689
  909,6601.549, 6.408,5689
  910,6607.828, 6.279,5689
  911,6614.233, 6.405,5689
  912,6620.437, 6.203,5689
  913,6626.776, 6.340,5689
  914,6632.854, 6.078,5689
  915,6639.076, 6.222,5689
  916,6645.121, 6.045,5689
  917,6651.417, 6.295,5689
  918,6657.546, 6.130,5689
  919,6663.804, 6.258,5689
  920,6669.945, 6.141,5689
  921,6676.093, 6.148,5689
  922,6682.343, 6.250,5689
  923,6688.390, 6.047,5689
  924,6695.531, 7.141,5689
  925,6702.058, 6.527,5689
  926,6708.516, 6.458,5689
  927,6714.961, 6.445,5689
  928,6721.108, 6.147,5689
  929,6727.368, 6.260,5689
  930,6733.553, 6.185,5689
  931,6740.239, 6.686,5689
  932,6747.175, 6.936,5689
  933,6753.528, 6.353,5689
  934,6759.492, 5.964,5689
  935,6765.698, 6.206,5689
  936,6772.125, 6.426,5689
  937,6778.337, 6.213,5689
  938,6784.674, 6.337,5689
  939,6791.921, 7.247,5689
  940,6798.999, 7.077,5689
  941,6806.129, 7.131,5689
  942,6812.481, 6.352,5689
  943,6818.783, 6.302,5689
  944,6825.030, 6.247,5689
  945,6831.462, 6.432,5689
  946,6837.703, 6.241,5689
  947,6843.992, 6.289,5689
  948,6850.399, 6.407,5689
  949,6856.782, 6.383,5689
  950,6862.951, 6.169,5689
  951,6869.378, 6.427,5689
  952,6875.818, 6.440,5689
  953,6882.499, 6.680,5689
  954,6889.046, 6.548,5689
  955,6896.030, 6.984,5689
  956,6903.565, 7.535,5689
  957,6910.807, 7.242,5689
  958,6917.310, 6.502,5689
  959,6923.699, 6.390,5689
  960,6929.889, 6.190,5689
  961,6936.296, 6.407,5689
  962,6943.072, 6.776,5689
  963,6949.801, 6.729,5689
  964,6956.125, 6.324,5689
  965,6962.642, 6.517,5689
  966,6969.050, 6.408,5689
  967,6975.534, 6.484,5689
  968,6981.973, 6.439,5689
  969,6988.680, 6.707,5689
  970,6995.449, 6.769,5689
  971,7002.442, 6.993,5689
  972,7009.354, 6.911,5689
  973,7016.502, 7.149,5689
  974,7024.458, 7.956,5689
  975,7031.927, 7.469,5689
  976,7038.479, 6.552,5689
  977,7045.270, 6.790,5689
  978,7051.820, 6.551,5689
  979,7058.371, 6.551,5689
  980,7065.168, 6.797,5689
  981,7071.900, 6.732,5689
  982,7078.600, 6.700,5689
  983,7085.154, 6.554,5689
  984,7091.723, 6.569,5689
  985,7098.404, 6.681,5689
  986,7104.861, 6.457,5689
  987,7112.011, 7.150,5689
  988,7119.442, 7.431,5689
  989,7126.462, 7.020,5689
  990,7133.433, 6.971,5689
  991,7140.396, 6.963,5689
  992,7146.729, 6.333,5689
  993,7153.155, 6.426,5689
  994,7159.444, 6.289,5689
  995,7165.583, 6.139,5689
  996,7172.078, 6.495,5689
  997,7179.766, 7.688,5689
  998,7186.950, 7.184,5689
  999,7193.819, 6.869,5689
 1000,7200.160, 6.341,5689
 1001,7206.572, 6.412,5689
 1002,7213.006, 6.434,5689
 1003,7219.438, 6.432,5689
 1004,7226.315, 6.877,5689
 1005,7233.379, 7.064,5689
 1006,7239.771, 6.392,5689
 1007,7246.363, 6.592,5689
 1008,7252.649, 6.286,5689
 1009,7259.248, 6.598,5689
 1010,7265.700, 6.453,5689
 1011,7272.386, 6.686,5689
 1012,7278.831, 6.444,5689
 1013,7285.325, 6.495,5689
 1014,7292.085, 6.760,5689
 1015,7299.026, 6.941,5689
 1016,7305.448, 6.422,5689
 1017,7311.839, 6.391,5689
 1018,7318.419, 6.580,5689
 1019,7324.730, 6.311,5689
 1020,7331.613, 6.883,5689
 1021,7338.250, 6.636,5689
 1022,7344.936, 6.686,5689
 1023,7351.323, 6.388,5689
 1024,7357.670, 6.347,5689
 1025,7364.289, 6.618,5689
 1026,7370.690, 6.402,5689
 1027,7377.319, 6.629,5689
 1028,7383.775, 6.456,5689
 1029,7390.328, 6.553,5689
 1030,7396.801, 6.473,5689
 1031,7403.089, 6.288,5689
 1032,7409.709, 6.620,5689
 1033,7416.234, 6.525,5689
 1034,7422.525, 6.291,5689
 1035,7429.003, 6.478,5689
 1036,7435.599, 6.596,5689
 1037,7442.466, 6.867,5689
 1038,7449.086, 6.620,5689
 1039,7455.601, 6.514,5689
 1040,7462.186, 6.585,5689
 1041,7468.867, 6.682,5689
 1042,7475.277, 6.410,5689
 1043,7481.619, 6.342,5689
 1044,7487.965, 6.346,5689
 1045,7494.917, 6.951,5689
 1046,7501.375, 6.458,5689
 1047,7508.007, 6.633,5689
 1048,7514.721, 6.714,5689
 1049,7521.189, 6.468,5689
 1050,7527.762, 6.573,5689
 1051,7534.241, 6.479,5689
 1052,7541.175, 6.934,5689
 1053,7548.229, 7.053,5689
 1054,7554.943, 6.715,5689
 1055,7562.554, 7.611,5689
 1056,7570.688, 8.134,5689
 1057,7577.505, 6.817,5689
 1058,7584.774, 7.269,5689
 1059,7591.414, 6.639,5689
 1060,7598.067, 6.654,5689
 1061,7604.870, 6.803,5689
 1062,7611.432, 6.562,5689
 1063,7617.989, 6.557,5689
 1064,7624.451, 6.462,5689
 1065,7631.262, 6.811,5689
 1066,7637.813, 6.551,5689
 1067,7644.577, 6.764,5689
 1068,7651.574, 6.997,5689
 1069,7658.281, 6.707,5689
 1070,7664.938, 6.656,5689
 1071,7671.451, 6.514,5689
 1072,7678.151, 6.700,5689
 1073,7685.117, 6.966,5689
 1074,7691.811, 6.693,5689
 1075,7698.605, 6.795,5689
 1076,7705.421, 6.816,5689
 1077,7712.211, 6.790,5689
 1078,7718.767, 6.555,5689
 1079,7725.407, 6.641,5689
 1080,7732.027, 6.620,5689
 1081,7738.880, 6.853,5689
 1082,7745.927, 7.047,5689
 1083,7753.369, 7.442,5689
 1084,7760.591, 7.222,5689
 1085,7767.788, 7.196,5689
 1086,7774.973, 7.186,5689
 1087,7782.042, 7.068,5689
 1088,7788.961, 6.920,5689
 1089,7795.980, 7.019,5689
 1090,7803.106, 7.126,5689
 1091,7810.368, 7.262,5689
 1092,7817.853, 7.484,5689
 1093,7824.730, 6.878,5689
 1094,7831.493, 6.763,5689
 1095,7838.567, 7.074,5689
 1096,7845.732, 7.165,5689
 1097,7853.104, 7.371,5689
 1098,7860.865, 7.762,5689
 1099,7868.362, 7.497,5689
 1100,7875.671, 7.309,5689
 1101,7882.345, 6.674,5689
 1102,7888.833, 6.488,5689
 1103,7895.389, 6.556,5689
 1104,7902.028, 6.639,5689
 1105,7908.681, 6.653,5689
 1106,7915.233, 6.552,5689
 1107,7921.625, 6.392,5689
 1108,7927.990, 6.365,5689
 1109,7934.468, 6.478,5689
 1110,7941.136, 6.668,5689
 1111,7947.603, 6.466,5689
 1112,7954.632, 7.030,5689
 1113,7962.779, 8.147,5689
 1114,7970.255, 7.476,5689
 1115,7976.789, 6.533,5689
 1116,7983.335, 6.547,5689
 1117,7989.748, 6.412,5689
 1118,7996.654, 6.907,5689
 1119,8003.560, 6.905,5689
 1120,8010.101, 6.541,5689
 1121,8016.583, 6.482,5689
 1122,8023.084, 6.502,5689
 1123,8029.652, 6.568,5689
 1124,8036.122, 6.469,5689
 1125,8042.647, 6.526,5689
 1126,8049.228, 6.580,5689
 1127,8055.902, 6.675,5689
 1128,8062.424, 6.522,5689
 1129,8069.527, 7.103,5689
 1130,8076.571, 7.044,5689
 1131,8083.484, 6.913,5689
 1132,8090.175, 6.691,5689
 1133,8097.350, 7.174,5689
 1134,8104.108, 6.759,5689
 1135,8110.595, 6.487,5689
 1136,8117.266, 6.670,5689
 1137,8123.766, 6.500,5689
 1138,8130.382, 6.617,5689
 1139,8136.963, 6.581,5689
 1140,8143.424, 6.461,5689
 1141,8149.973, 6.549,5689
 1142,8156.686, 6.712,5689
 1143,8163.247, 6.561,5689
 1144,8170.093, 6.847,5689
 1145,8177.351, 7.257,5689
 1146,8183.927, 6.577,5689
 1147,8190.825, 6.898,5689
 1148,8197.660, 6.835,5689
 1149,8204.351, 6.690,5689
 1150,8210.826, 6.476,5689
 1151,8217.437, 6.610,5689
 1152,8224.024, 6.588,5689
 1153,8230.619, 6.595,5689
 1154,8237.098, 6.478,5689
 1155,8243.776, 6.679,5689
 1156,8250.397, 6.621,5689
 1157,8257.135, 6.737,5689
 1158,8263.735, 6.601,5689
 1159,8270.319, 6.584,5689
 1160,8276.957, 6.638,5689
 1161,8284.608, 7.651,5689
 1162,8291.388, 6.779,5689
 1163,8298.472, 7.084,5689
 1164,8306.084, 7.613,5689
 1165,8312.842, 6.757,5689
 1166,8319.829, 6.988,5689
 1167,8326.690, 6.861,5689
 1168,8333.268, 6.577,5689
 1169,8341.536, 8.269,5689
 1170,8349.841, 8.304,5689
 1171,8357.407, 7.567,5689
 1172,8364.562, 7.154,5689
 1173,8371.843, 7.281,5689
 1174,8379.176, 7.333,5689
 1175,8386.699, 7.524,5689
 1176,8394.377, 7.678,5689
 1177,8401.637, 7.259,5689
 1178,8409.201, 7.565,5689
 1179,8416.579, 7.378,5689
 1180,8424.010, 7.430,5689
 1181,8431.230, 7.221,5689
 1182,8438.262, 7.031,5689
 1183,8445.303, 7.041,5689
 1184,8452.753, 7.451,5689
 1185,8460.021, 7.267,5689
 1186,8467.250, 7.230,5689
 1187,8474.600, 7.349,5689
 1188,8481.876, 7.277,5689
 1189,8489.290, 7.414,5689
 1190,8496.697, 7.407,5689
 1191,8504.298, 7.600,5689
 1192,8511.039, 6.742,5689
 1193,8517.736, 6.697,5689
 1194,8524.663, 6.927,5689
 1195,8531.381, 6.717,5689
 1196,8538.275, 6.895,5689
 1197,8544.975, 6.699,5689
 1198,8551.818, 6.844,5689
 1199,8558.537, 6.719,5689
 1200,8565.607, 7.070,5689
 1201,8572.524, 6.917,5689
 1202,8579.161, 6.637,5689
 1203,8586.137, 6.975,5689
 1204,8593.057, 6.920,5689
 1205,8600.049, 6.992,5689
 1206,8606.794, 6.746,5689
 1207,8613.657, 6.863,5689
 1208,8620.355, 6.698,5689
 1209,8627.122, 6.767,5689
 1210,8633.953, 6.831,5689
 1211,8640.623, 6.670,5689
 1212,8647.271, 6.647,5689
 1213,8654.011, 6.740,5689
 1214,8660.782, 6.772,5689
 1215,8667.396, 6.613,5689
 1216,8674.015, 6.619,5689
 1217,8680.649, 6.635,5689
 1218,8687.517, 6.867,5689
 1219,8694.402, 6.886,5689
 1220,8701.098, 6.695,5689
 1221,8708.338, 7.240,5689
 1222,8715.317, 6.980,5689
 1223,8722.172, 6.854,5689
 1224,8730.122, 7.951,5689
 1225,8737.749, 7.627,5689
 1226,8744.732, 6.983,5689
 1227,8751.729, 6.997,5689
 1228,8758.513, 6.783,5689
 1229,8765.304, 6.791,5689
 1230,8772.214, 6.910,5689
 1231,8779.009, 6.795,5689
 1232,8785.668, 6.660,5689
 1233,8792.719, 7.050,5689
 1234,8799.737, 7.019,5689
 1235,8806.534, 6.797,5689
 1236,8813.929, 7.394,5689
 1237,8822.102, 8.173,5689
 1238,8829.661, 7.560,5689
 1239,8836.511, 6.849,5689
 1240,8843.539, 7.029,5689
 1241,8850.498, 6.959,5689
 1242,8857.649, 7.151,5689
 1243,8864.884, 7.234,5689
 1244,8871.885, 7.001,5689
 1245,8878.656, 6.772,5689
 1246,8885.475, 6.818,5689
 1247,8892.381, 6.906,5689
 1248,8899.526, 7.146,5689
 1249,8906.980, 7.454,5689
 1250,8915.196, 8.216,5689
 1251,8924.433, 9.236,5689
 1252,8932.073, 7.641,5689
 1253,8939.411, 7.338,5689
 1254,8946.496, 7.085,5689
 1255,8953.955, 7.459,5689
 1256,8961.287, 7.332,5689
 1257,8968.697, 7.410,5689
 1258,8975.968, 7.270,5689
 1259,8983.189, 7.222,5689
 1260,8990.310, 7.120,5689
 1261,8997.757, 7.447,5689
 1262,9005.258, 7.501,5689
 1263,9012.564, 7.307,5689
 1264,9020.172, 7.607,5689
 1265,9028.095, 7.923,5689
 1266,9035.544, 7.450,5689
 1267,9042.838, 7.293,5689
 1268,9050.177, 7.339,5689
 1269,9058.037, 7.861,5689
 1270,9065.354, 7.317,5689
 1271,9072.888, 7.533,5689
 1272,9081.157, 8.270,5689
 1273,9089.546, 8.388,5689
 1274,9097.402, 7.857,5689
 1275,9104.351, 6.948,5689
 1276,9112.125, 7.775,5689
 1277,9120.180, 8.054,5689
 1278,9127.551, 7.371,5689
 1279,9135.409, 7.859,5689
 1280,9142.521, 7.112,5689
 1281,9149.608, 7.087,5689
 1282,9157.050, 7.441,5689
 1283,9164.245, 7.196,5689
 1284,9171.425, 7.179,5689
 1285,9178.983, 7.559,5689
 1286,9185.974, 6.990,5689
 1287,9193.429, 7.455,5689
 1288,9200.653, 7.225,5689
 1289,9207.900, 7.247,5689
 1290,9214.780, 6.880,5689
 1291,9221.877, 7.097,5689
 1292,9229.142, 7.264,5689
 1293,9236.409, 7.268,5689
 1294,9243.911, 7.502,5689
 1295,9251.121, 7.210,5689
 1296,9258.138, 7.016,5689
 1297,9265.191, 7.054,5689
 1298,9272.070, 6.879,5689
 1299,9278.925, 6.854,5689
 1300,9285.954, 7.030,5689
 1301,9293.008, 7.053,5689
 1302,9299.905, 6.898,5689
 1303,9306.896, 6.990,5689
 1304,9313.686, 6.790,5689
 1305,9320.760, 7.074,5689
 1306,9327.507, 6.747,5689
 1307,9334.950, 7.444,5689
 1308,9342.072, 7.122,5689
 1309,9349.438, 7.365,5689
 1310,9356.409, 6.972,5689
 1311,9363.657, 7.248,5689
 1312,9370.861, 7.204,5689
 1313,9377.944, 7.083,5689
 1314,9384.703, 6.759,5689
 1315,9391.892, 7.188,5689
 1316,9398.896, 7.005,5689
 1317,9405.834, 6.938,5689
 1318,9412.813, 6.978,5689
 1319,9419.805, 6.992,5689
 1320,9427.278, 7.474,5689
 1321,9434.285, 7.007,5689
 1322,9441.271, 6.985,5689
 1323,9448.846, 7.575,5689
 1324,9456.029, 7.184,5689
 1325,9463.580, 7.551,5689
 1326,9470.632, 7.051,5689
 1327,9477.587, 6.955,5689
 1328,9484.828, 7.242,5689
 1329,9491.863, 7.035,5689
 1330,9499.906, 8.043,5689
 1331,9508.791, 8.885,5689
 1332,9516.754, 7.962,5689
 1333,9524.396, 7.642,5689
 1334,9531.789, 7.394,5689
 1335,9539.107, 7.318,5689
 1336,9546.438, 7.331,5689
 1337,9554.244, 7.806,5689
 1338,9561.637, 7.392,5689
 1339,9568.983, 7.347,5689
 1340,9576.457, 7.474,5689
 1341,9583.961, 7.503,5689
 1342,9591.429, 7.468,5689
 1343,9598.539, 7.111,5689
 1344,9605.857, 7.318,5689
 1345,9613.244, 7.387,5689
 1346,9620.450, 7.206,5689
 1347,9627.790, 7.340,5689
 1348,9635.034, 7.244,5689
 1349,9642.336, 7.301,5689
 1350,9649.526, 7.191,5689
 1351,9657.275, 7.749,5689
 1352,9665.146, 7.871,5689
 1353,9672.746, 7.600,5689
 1354,9680.083, 7.337,5689
 1355,9687.481, 7.398,5689
 1356,9695.509, 8.027,5689
 1357,9703.264, 7.755,5689
 1358,9711.140, 7.876,5689
 1359,9718.983, 7.844,5689
 1360,9726.607, 7.624,5689
 1361,9734.481, 7.874,5689
 1362,9742.315, 7.834,5689
 1363,9750.308, 7.992,5689
 1364,9758.427, 8.119,5689
 1365,9766.689, 8.263,5689
 1366,9774.563, 7.873,5689
 1367,9782.161, 7.599,5689
 1368,9789.623, 7.462,5689
 1369,9797.493, 7.870,5689
 1370,9805.521, 8.027,5689
 1371,9813.180, 7.659,5689
 1372,9821.024, 7.845,5689
 1373,9828.977, 7.952,5689
 1374,9836.718, 7.741,5689
 1375,9844.156, 7.439,5689
 1376,9851.382, 7.225,5689
 1377,9858.740, 7.359,5689
 1378,9866.283, 7.543,5689
 1379,9874.364, 8.081,5689
 1380,9881.789, 7.425,5689
 1381,9889.459, 7.670,5689
 1382,9898.044, 8.584,5689
 1383,9906.602, 8.558,5689
 1384,9914.450, 7.849,5689
 1385,9921.965, 7.514,5689
 1386,9929.561, 7.596,5689
 1387,9937.311, 7.750,5689
 1388,9945.045, 7.734,5689
 1389,9952.641, 7.596,5689
 1390,9960.129, 7.488,5689
 1391,9967.570, 7.442,5689
 1392,9975.528, 7.958,5689
 1393,9983.554, 8.025,5689
 1394,9991.456, 7.903,5689
 1395,9999.098, 7.641,5689
 1396,10007.914, 8.817,5689
 1397,10015.753, 7.838,5689
 1398,10023.265, 7.512,5689
 1399,10030.873, 7.609,5689
 1400,10038.232, 7.359,5689
 1401,10045.705, 7.473,5689
 1402,10053.173, 7.467,5689
 1403,10060.938, 7.765,5689
 1404,10068.732, 7.795,5689
 1405,10076.362, 7.630,5689
 1406,10084.394, 8.031,5689
 1407,10092.358, 7.965,5689
 1408,10100.180, 7.821,5689
 1409,10107.852, 7.672,5689
 1410,10115.295, 7.443,5689
 1411,10122.953, 7.659,5689
 1412,10130.464, 7.510,5689
 1413,10137.898, 7.435,5689
 1414,10145.343, 7.444,5689
 1415,10152.941, 7.599,5689
 1416,10160.688, 7.746,5689
 1417,10168.386, 7.698,5689
 1418,10176.076, 7.691,5689
 1419,10183.854, 7.778,5689
 1420,10192.014, 8.159,5689
 1421,10199.716, 7.702,5689
 1422,10207.488, 7.773,5689
 1423,10215.266, 7.777,5689
 1424,10222.979, 7.714,5689
 1425,10230.732, 7.753,5689
 1426,10238.507, 7.774,5689
 1427,10246.788, 8.282,5689
 1428,10254.682, 7.893,5689
 1429,10262.997, 8.316,5689
 1430,10270.912, 7.915,5689
 1431,10279.094, 8.181,5689
 1432,10288.227, 9.133,5689
 1433,10298.690,10.464,5689
 1434,10307.060, 8.369,5689
 1435,10315.185, 8.125,5689
 1436,10322.943, 7.759,5689
 1437,10331.033, 8.090,5689
 1438,10338.840, 7.806,5689
 1439,10346.616, 7.777,5689
 1440,10354.627, 8.010,5689
 1441,10362.374, 7.748,5689
 1442,10370.165, 7.791,5689
 1443,10378.141, 7.975,5689
 1444,10385.872, 7.732,5689
 1445,10393.829, 7.957,5689
 1446,10401.845, 8.015,5689
 1447,10410.072, 8.228,5689
 1448,10418.301, 8.228,5689
 1449,10426.952, 8.652,5689
 1450,10435.157, 8.205,5689
 1451,10443.610, 8.453,5689
 1452,10452.114, 8.504,5689
 1453,10460.431, 8.316,5689
 1454,10468.747, 8.317,5689
 1455,10476.909, 8.162,5689
 1456,10485.279, 8.370,5689
 1457,10493.644, 8.364,5689
 1458,10502.328, 8.685,5689
 1459,10511.662, 9.334,5689
 1460,10520.133, 8.470,5689
 1461,10528.626, 8.493,5689
 1462,10537.136, 8.510,5689
 1463,10545.714, 8.578,5689
 1464,10554.168, 8.454,5689
 1465,10562.586, 8.418,5689
 1466,10571.126, 8.540,5689
 1467,10579.007, 7.881,5689
 1468,10587.098, 8.091,5689
 1469,10595.743, 8.646,5689
 1470,10604.408, 8.665,5689
 1471,10612.828, 8.420,5689
 1472,10621.479, 8.651,5689
 1473,10629.901, 8.422,5689
 1474,10637.678, 7.776,5689
 1475,10645.465, 7.787,5689
 1476,10653.281, 7.817,5689
 1477,10661.184, 7.902,5689
 1478,10668.844, 7.660,5689
 1479,10678.112, 9.269,5689
 1480,10686.955, 8.843,5689
 1481,10695.472, 8.516,5689
 1482,10703.582, 8.111,5689
 1483,10712.129, 8.546,5689
 1484,10721.195, 9.067,5689
 1485,10729.603, 8.407,5689
 1486,10738.099, 8.496,5689
 1487,10746.320, 8.222,5689
 1488,10754.403, 8.083,5689
 1489,10762.514, 8.110,5689
 1490,10770.436, 7.922,5689
 1491,10778.972, 8.536,5689
 1492,10788.004, 9.032,5689
 1493,10795.980, 7.977,5689
 1494,10804.705, 8.725,5689
 1495,10812.736, 8.031,5689
 1496,10820.581, 7.845,5689
 1497,10829.199, 8.618,5689
 1498,10837.109, 7.910,5689
 1499,10845.019, 7.909,5689
 1500,10852.849, 7.830,5689
 1501,10860.857, 8.009,5689
 1502,10868.736, 7.879,5689
 1503,10876.735, 7.999,5689
 1504,10884.687, 7.951,5689
 1505,10892.610, 7.924,5689
 1506,10900.264, 7.653,5689
 1507,10908.138, 7.874,5689
 1508,10916.103, 7.965,5689
 1509,10924.012, 7.909,5689
 1510,10932.788, 8.777,5689
 1511,10942.030, 9.242,5689
 1512,10950.619, 8.589,5689
 1513,10958.758, 8.138,5689
 1514,10966.626, 7.868,5689
 1515,10975.093, 8.467,5689
 1516,10983.576, 8.484,5689
 1517,10991.862, 8.286,5689
 1518,11000.271, 8.408,5689
 1519,11009.203, 8.933,5689
 1520,11017.539, 8.336,5689
 1521,11025.682, 8.142,5689
 1522,11034.258, 8.576,5689
 1523,11043.278, 9.021,5689
 1524,11051.802, 8.523,5689
 1525,11061.110, 9.309,5689
 1526,11071.074, 9.964,5689
 1527,11080.621, 9.547,5689
 1528,11089.653, 9.032,5689
 1529,11098.432, 8.778,5689
 1530,11107.181, 8.749,5689
 1531,11116.043, 8.862,5689
 1532,11124.629, 8.586,5689
 1533,11133.048, 8.419,5689
 1534,11141.840, 8.792,5689
 1535,11151.195, 9.356,5689
 1536,11160.237, 9.042,5689
 1537,11169.378, 9.140,5689
 1538,11178.380, 9.002,5689
 1539,11186.589, 8.209,5689
 1540,11194.517, 7.928,5689
 1541,11202.625, 8.108,5689
 1542,11210.629, 8.004,5689
 1543,11218.861, 8.233,5689
 1544,11227.032, 8.171,5689
 1545,11235.083, 8.050,5689
 1546,11243.010, 7.927,5689
 1547,11251.433, 8.423,5689
 1548,11259.896, 8.464,5689
 1549,11268.486, 8.590,5689
 1550,11276.755, 8.268,5689
 1551,11285.009, 8.254,5689
 1552,11293.004, 7.995,5689
 1553,11301.081, 8.078,5689
 1554,11309.153, 8.072,5689
 1555,11317.441, 8.288,5689
 1556,11325.482, 8.041,5689
 1557,11333.639, 8.156,5689
 1558,11341.753, 8.114,5689
 1559,11349.758, 8.005,5689
 1560,11358.552, 8.794,5689
 1561,11367.068, 8.517,5689
 1562,11375.273, 8.205,5689
 1563,11383.711, 8.437,5689
 1564,11391.739, 8.029,5689
 1565,11399.811, 8.071,5689
 1566,11408.008, 8.197,5689
 1567,11416.208, 8.200,5689
 1568,11424.190, 7.983,5689
 1569,11432.295, 8.104,5689
 1570,11440.608, 8.314,5689
 1571,11448.769, 8.160,5689
 1572,11457.384, 8.615,5689
 1573,11467.857,10.474,5689
 1574,11476.616, 8.759,5689
 1575,11485.156, 8.540,5689
 1576,11493.468, 8.311,5689
 1577,11502.180, 8.712,5689
 1578,11511.130, 8.950,5689
 1579,11519.932, 8.802,5689
 1580,11528.363, 8.432,5689
 1581,11536.726, 8.362,5689
 1582,11545.258, 8.532,5689
 1583,11553.779, 8.522,5689
 1584,11561.984, 8.205,5689
 1585,11571.106, 9.122,5689
 1586,11579.770, 8.663,5689
 1587,11588.447, 8.678,5689
 1588,11596.970, 8.522,5689
 1589,11605.640, 8.670,5689
 1590,11614.240, 8.601,5689
 1591,11622.767, 8.526,5689
 1592,11631.217, 8.450,5689
 1593,11640.109, 8.893,5689
 1594,11648.709, 8.599,5689
 1595,11657.496, 8.788,5689
 1596,11666.338, 8.841,5689
 1597,11675.642, 9.304,5689
 1598,11684.404, 8.763,5689
 1599,11693.480, 9.076,5689
 1600,11702.857, 9.377,5689
 1601,11713.170,10.312,5689
 1602,11722.152, 8.983,5689
 1603,11731.585, 9.432,5689
 1604,11740.398, 8.814,5689
 1605,11749.218, 8.819,5689
 1606,11757.893, 8.675,5689
 1607,11766.742, 8.850,5689
 1608,11775.460, 8.717,5689
 1609,11785.313, 9.853,5689
 1610,11794.232, 8.920,5689
 1611,11803.590, 9.357,5689
 1612,11812.142, 8.552,5689
 1613,11820.772, 8.631,5689
 1614,11829.383, 8.610,5689
 1615,11837.852, 8.469,5689
 1616,11846.857, 9.006,5689
 1617,11856.783, 9.926,5689
 1618,11865.850, 9.066,5689
 1619,11874.519, 8.669,5689
 1620,11883.060, 8.541,5689
 1621,11892.146, 9.087,5689
 1622,11900.853, 8.706,5689
 1623,11909.484, 8.632,5689
 1624,11918.162, 8.678,5689
 1625,11926.938, 8.775,5689
 1626,11935.666, 8.728,5689
 1627,11944.439, 8.774,5689
 1628,11953.171, 8.731,5689
 1629,11961.925, 8.754,5689
 1630,11971.634, 9.709,5689
 1631,11980.438, 8.804,5689
 1632,11989.195, 8.758,5689
 1633,11998.671, 9.475,5689
 1634,12008.496, 9.826,5689
 1635,12017.487, 8.991,5689
 1636,12025.971, 8.483,5689
 1637,12034.520, 8.549,5689
 1638,12043.223, 8.703,5689
 1639,12052.055, 8.832,5689
 1640,12060.638, 8.583,5689
 1641,12069.524, 8.887,5689
 1642,12078.338, 8.813,5689
 1643,12088.032, 9.695,5689
 1644,12097.953, 9.921,5689
 1645,12107.303, 9.349,5689
 1646,12115.917, 8.614,5689
 1647,12124.704, 8.788,5689
 1648,12133.277, 8.573,5689
 1649,12142.060, 8.782,5689
 1650,12150.671, 8.611,5689
 1651,12159.350, 8.679,5689
 1652,12168.263, 8.913,5689
 1653,12177.075, 8.813,5689
 1654,12185.916, 8.840,5689
 1655,12194.914, 8.998,5689
 1656,12203.643, 8.729,5689
 1657,12213.341, 9.698,5689
 1658,12222.542, 9.201,5689
 1659,12232.069, 9.528,5689
 1660,12242.212,10.142,5689
 1661,12252.748,10.536,5689
 1662,12262.584, 9.836,5689
 1663,12271.544, 8.960,5689
 1664,12280.820, 9.277,5689
 1665,12290.009, 9.188,5689
 1666,12299.153, 9.145,5689
 1667,12308.607, 9.454,5689
 1668,12318.303, 9.695,5689
 1669,12327.452, 9.150,5689
 1670,12336.701, 9.249,5689
 1671,12345.833, 9.131,5689
 1672,12355.171, 9.338,5721
 1673,12364.720, 9.549,5721
 1674,12373.975, 9.255,5721
 1675,12383.374, 9.399,5721
 1676,12392.948, 9.575,5721
 1677,12402.791, 9.842,5721
 1678,12412.675, 9.884,5721
 1679,12422.960,10.285,5721
 1680,12432.753, 9.793,5721
 1681,12442.521, 9.768,5721
 1682,12451.883, 9.362,5721
 1683,12461.608, 9.726,5721
 1684,12471.041, 9.432,5721
 1685,12480.602, 9.561,5721
 1686,12490.318, 9.717,5721
 1687,12500.269, 9.950,5721
 1688,12510.298,10.029,5721
 1689,12520.221, 9.923,5721
 1690,12530.483,10.263,5721
 1691,12540.403, 9.920,5721
 1692,12550.141, 9.737,5721
 1693,12560.944,10.804,5721
 1694,12570.678, 9.733,5721
 1695,12579.922, 9.244,5721
 1696,12589.311, 9.389,5721
 1697,12598.802, 9.491,5721
 1698,12607.884, 9.082,5721
 1699,12617.266, 9.382,5721
 1700,12626.516, 9.250,5721
 1701,12636.847,10.331,5721
 1702,12647.395,10.548,5721
 1703,12657.164, 9.769,5721
 1704,12666.576, 9.413,5721
 1705,12675.987, 9.411,5721
 1706,12685.580, 9.592,5721
 1707,12695.525, 9.946,5721
 1708,12704.768, 9.242,5721
 1709,12714.319, 9.552,5721
 1710,12723.687, 9.367,5721
 1711,12733.557, 9.870,5721
 1712,12743.569,10.013,5721
 1713,12753.012, 9.442,5721
 1714,12762.730, 9.719,5721
 1715,12772.138, 9.407,5721
 1716,12781.325, 9.188,5721
 1717,12790.731, 9.406,5721
 1718,12800.148, 9.417,5721
 1719,12809.539, 9.390,5721
 1720,12818.984, 9.446,5721
 1721,12828.290, 9.305,5721
 1722,12837.718, 9.428,5721
 1723,12847.511, 9.793,5721
 1724,12856.951, 9.441,5721
 1725,12866.321, 9.370,5721
 1726,12876.010, 9.688,5721
 1727,12885.489, 9.480,5721
 1728,12894.752, 9.262,5721
 1729,12904.388, 9.636,5721
 1730,12913.878, 9.490,5721
 1731,12923.256, 9.378,5721
 1732,12932.698, 9.443,5721
 1733,12942.316, 9.618,5721
 1734,12952.689,10.373,5721
 1735,12963.410,10.721,5721
 1736,12973.631,10.220,5721
 1737,12983.804,10.173,5721
 1738,12993.357, 9.554,5721
 1739,13003.586,10.228,5721
 1740,13014.014,10.428,5721
 1741,13024.467,10.453,5721
 1742,13035.586,11.119,5721
 1743,13046.333,10.747,5721
 1744,13057.727,11.394,5721
 1745,13068.451,10.725,5721
 1746,13078.803,10.351,5721
 1747,13089.113,10.311,5721
 1748,13103.037,13.923,5721
 1749,13117.248,14.211,5721
 1750,13132.394,15.146,5721
 1751,13147.303,14.909,5721
 1752,13160.618,13.316,5721
 1753,13173.861,13.243,5721
 1754,13187.050,13.188,5721
 1755,13198.888,11.838,5721
 1756,13211.916,13.028,5721
 1757,13222.230,10.315,5721
 1758,13232.377,10.146,5721
 1759,13242.710,10.333,5721
 1760,13253.034,10.325,5721
 1761,13266.321,13.287,5721
 1762,13277.202,10.881,5721
 1763,13287.616,10.414,5721
 1764,13299.844,12.227,5721
 1765,13313.058,13.214,5721
 1766,13323.464,10.406,5721
 1767,13333.760,10.296,5721
 1768,13343.830,10.070,5721
 1769,13353.743, 9.914,5721
 1770,13363.841,10.097,5721
 1771,13374.142,10.301,5721
 1772,13384.719,10.577,5721
 1773,13394.675, 9.956,5721
 1774,13404.782,10.108,5721
 1775,13414.773, 9.991,5721
 1776,13424.785,10.012,5721
 1777,13435.652,10.867,5721
 1778,13446.800,11.147,5721
 1779,13457.141,10.341,5721
 1780,13467.498,10.357,5721
 1781,13478.144,10.646,5721
 1782,13488.679,10.535,5721
 1783,13499.372,10.693,5721
 1784,13509.590,10.218,5721
 1785,13520.396,10.806,5721
 1786,13530.733,10.338,5721
 1787,13541.125,10.391,5721
 1788,13551.223,10.098,5721
 1789,13561.646,10.423,5721
 1790,13573.589,11.943,5721
 1791,13584.150,10.562,5721
 1792,13594.688,10.538,5721
 1793,13606.068,11.380,5721
 1794,13616.532,10.464,5721
 1795,13627.133,10.600,5721
 1796,13637.556,10.423,5721
 1797,13648.146,10.590,5721
 1798,13658.496,10.350,5721
 1799,13669.109,10.614,5721
 1800,13680.116,11.007,5721
 1801,13691.663,11.546,5721
 1802,13702.519,10.856,5721
 1803,13713.713,11.194,5721
 1804,13724.684,10.971,5721
 1805,13735.649,10.966,5721
 1806,13746.621,10.971,5721
 1807,13757.614,10.994,5721
 1808,13768.178,10.563,5721
 1809,13778.810,10.632,5721
 1810,13789.623,10.813,5721
 1811,13801.184,11.561,5721
 1812,13812.249,11.065,5721
 1813,13823.811,11.562,5721
 1814,13835.645,11.834,5721
 1815,13846.302,10.657,5721
 1816,13856.802,10.500,5721
 1817,13867.539,10.737,5721
 1818,13878.125,10.586,5721
 1819,13888.930,10.805,5721
 1820,13903.053,14.123,5721
 1821,13918.568,15.516,5721
 1822,13931.766,13.197,5721
 1823,13944.426,12.660,5721
 1824,13957.483,13.058,5721
 1825,13970.325,12.842,5721
 1826,13982.538,12.212,5721
 1827,13995.211,12.673,5721
 1828,14010.791,15.580,5721
 1829,14022.986,12.196,5721
 1830,14034.001,11.014,5721
 1831,14044.351,10.350,5721
 1832,14054.641,10.290,5721
 1833,14065.024,10.384,5721
 1834,14075.307,10.282,5721
 1835,14085.878,10.571,5721
 1836,14096.154,10.277,5721
 1837,14106.556,10.401,5721
 1838,14117.276,10.721,5721
 1839,14127.866,10.590,5721
 1840,14138.307,10.440,5721
 1841,14148.467,10.160,5721
 1842,14159.063,10.597,5721
 1843,14169.524,10.461,5721
 1844,14179.939,10.415,5721
 1845,14190.376,10.436,5721
 1846,14200.623,10.247,5721
 1847,14211.113,10.491,5721
 1848,14223.657,12.544,5721
 1849,14235.298,11.640,5721
 1850,14245.906,10.609,5721
 1851,14257.307,11.400,5721
 1852,14267.993,10.686,5721
 1853,14278.625,10.632,5721
 1854,14289.131,10.506,5721
 1855,14299.813,10.682,5721
 1856,14310.348,10.535,5721
 1857,14320.881,10.533,5721
 1858,14332.327,11.446,5721
 1859,14343.118,10.791,5721
 1860,14353.918,10.800,5721
 1861,14364.906,10.989,5721
 1862,14375.650,10.744,5721
 1863,14387.638,11.987,5721
 1864,14399.190,11.553,5721
 1865,14410.754,11.563,5721
 1866,14422.271,11.518,5721
 1867,14434.273,12.002,5721
 1868,14445.497,11.223,5721
 1869,14456.930,11.433,5721
 1870,14467.990,11.061,5721
 1871,14479.120,11.129,5721
 1872,14489.987,10.868,5721
 1873,14501.104,11.117,5721
 1874,14511.946,10.842,5721
 1875,14523.678,11.731,5721
 1876,14534.906,11.229,5721
 1877,14546.774,11.868,5721
 1878,14557.936,11.161,5721
 1879,14568.797,10.861,5721
 1880,14579.409,10.612,5721
 1881,14590.238,10.830,5721
 1882,14600.736,10.498,5721
 1883,14612.178,11.441,5721
 1884,14624.086,11.908,5721
 1885,14634.813,10.728,5721
 1886,14645.940,11.127,5721
 1887,14657.220,11.279,5721
 1888,14667.957,10.737,5721
 1889,14678.841,10.884,5721
 1890,14689.396,10.555,5721
 1891,14700.213,10.817,5721
 1892,14710.786,10.573,5721
 1893,14721.600,10.814,5721
 1894,14732.318,10.719,5721
 1895,14743.088,10.769,5721
 1896,14753.884,10.796,5721
 1897,14764.548,10.664,5721
 1898,14775.132,10.584,5721
 1899,14785.686,10.554,5721
 1900,14796.145,10.459,5721
 1901,14806.650,10.506,5721
 1902,14817.203,10.552,5721
 1903,14827.729,10.526,5721
 1904,14838.094,10.365,5721
 1905,14848.683,10.589,5721
 1906,14859.562,10.879,5721
 1907,14870.187,10.625,5721
 1908,14880.525,10.339,5721
 1909,14891.034,10.508,5721
 1910,14901.488,10.455,5721
 1911,14911.999,10.510,5721
 1912,14922.522,10.524,5721
 1913,14933.063,10.540,5721
 1914,14943.348,10.285,5721
 1915,14953.764,10.416,5721
 1916,14964.811,11.047,5721
 1917,14976.031,11.221,5721
 1918,14988.245,12.213,5721
 1919,14999.709,11.464,5721
 1920,15011.970,12.261,5721
 1921,15023.600,11.630,5721
 1922,15034.442,10.843,5721
 1923,15045.178,10.735,5721
 1924,15055.881,10.703,5721
 1925,15066.924,11.043,5721
 1926,15078.242,11.318,5721
 1927,15089.970,11.728,5721
 1928,15100.623,10.653,5721
 1929,15111.559,10.936,5721
 1930,15122.202,10.643,5721
 1931,15133.264,11.062,5721
 1932,15144.161,10.897,5721
 1933,15154.998,10.837,5721
 1934,15165.945,10.948,5721
 1935,15177.856,11.911,5721
 1936,15188.921,11.064,5721
 1937,15200.264,11.343,5721
 1938,15211.182,10.918,5721
 1939,15222.373,11.191,5721
 1940,15233.583,11.210,5721
 1941,15244.797,11.214,5721
 1942,15255.528,10.732,5721
 1943,15266.494,10.965,5721
 1944,15277.936,11.442,5721
 1945,15289.681,11.745,5721
 1946,15300.797,11.116,5721
 1947,15311.835,11.038,5721
 1948,15322.104,10.269,5721
 1949,15332.610,10.507,5721
 1950,15342.856,10.246,5721
 1951,15353.138,10.281,5721
 1952,15363.654,10.517,5721
 1953,15374.139,10.484,5721
 1954,15384.829,10.690,5721
 1955,15396.402,11.574,5721
 1956,15408.122,11.719,5721
 1957,15419.021,10.900,5721
 1958,15429.584,10.562,5721
 1959,15440.140,10.556,5721
 1960,15450.644,10.504,5721
 1961,15461.578,10.934,5721
 1962,15471.998,10.420,5721
 1963,15482.646,10.648,5721
 1964,15493.439,10.794,5721
 1965,15504.256,10.816,5721
 1966,15514.827,10.571,5721
 1967,15525.789,10.962,5721
 1968,15536.216,10.427,5721
 1969,15546.480,10.265,5721
 1970,15556.714,10.233,5721
 1971,15567.053,10.339,5721
 1972,15577.358,10.306,5721
 1973,15587.957,10.598,5721
 1974,15598.771,10.815,5721
 1975,15609.602,10.830,5721
 1976,15619.985,10.384,5721
 1977,15630.521,10.535,5721
 1978,15640.935,10.414,5721
 1979,15651.399,10.465,5721
 1980,15661.644,10.244,5721
 1981,15672.095,10.451,5721
 1982,15682.432,10.337,5721
 1983,15692.704,10.272,5721
 1984,15703.136,10.432,5721
 1985,15714.070,10.935,5721
 1986,15724.826,10.755,5721
 1987,15735.505,10.679,5721
 1988,15746.611,11.107,5721
 1989,15757.696,11.085,5721
 1990,15768.635,10.938,5721
 1991,15780.512,11.877,5721
 1992,15792.889,12.377,5721
 1993,15804.188,11.300,5721
 1994,15815.735,11.547,5721
 1995,15826.933,11.197,5721
 1996,15837.937,11.004,5721
 1997,15849.174,11.237,5721
 1998,15860.381,11.207,5721
 1999,15871.254,10.873,5721
 2000,15882.179,10.925,5721
 2001,15893.366,11.187,5721
 2002,15904.318,10.953,5721
 2003,15915.944,11.626,5721
 2004,15927.025,11.081,5721
 2005,15937.495,10.469,5721
 2006,15947.731,10.237,5721
 2007,15957.894,10.162,5721
 2008,15967.874, 9.980,5721
 2009,15977.988,10.115,5721
 2010,15987.963, 9.974,5721
 2011,15998.029,10.067,5721
 2012,16007.993, 9.963,5721
 2013,16018.386,10.393,5721
 2014,16028.799,10.413,5721
 2015,16038.751, 9.952,5721
 2016,16048.635, 9.884,5721
 2017,16058.924,10.289,5721
 2018,16068.856, 9.933,5721
 2019,16078.894,10.037,5721
 2020,16088.647, 9.754,5721
 2021,16099.023,10.376,5689
 2022,16108.850, 9.826,5689
 2023,16118.940,10.091,5689
 2024,16129.056,10.115,5689
 2025,16139.360,10.305,5689
 2026,16149.335, 9.974,5689
 2027,16159.373,10.038,5689
 2028,16169.906,10.533,5689
 2029,16181.536,11.630,5689
 2030,16192.823,11.287,5689
 2031,16203.428,10.605,5689
 2032,16214.311,10.883,5689
 2033,16224.632,10.321,5689
 2034,16235.468,10.836,5689
 2035,16246.827,11.359,5689
 2036,16257.164,10.337,5689
 2037,16268.565,11.402,5689
 2038,16278.533, 9.967,5689
 2039,16289.051,10.518,5689
 2040,16299.380,10.329,5689
 2041,16309.705,10.325,5689
 2042,16320.002,10.297,5689
 2043,16330.171,10.169,5689
 2044,16340.573,10.402,5689
 2045,16351.138,10.565,5689
 2046,16361.560,10.422,5689
 2047,16372.116,10.556,5689
 2048,16382.334,10.218,5689
 2049,16395.396,13.063,5689
 2050,16405.953,10.557,5689
 2051,16417.531,11.578,5689
 2052,16427.943,10.412,5689
 2053,16438.297,10.354,5689
 2054,16448.973,10.674,5689
 2055,16459.789,10.818,5689
 2056,16470.500,10.711,5689
 2057,16481.088,10.588,5689
 2058,16491.436,10.346,5689
 2059,16502.025,10.591,5689
 2060,16512.488,10.463,5689
 2061,16523.566,11.078,5689
 2062,16534.025,10.458,5689
 2063,16543.910, 9.885,5689
 2064,16554.188,10.277,5689
 2065,16565.752,11.565,5689
 2066,16576.256,10.505,5689
 2067,16586.488,10.232,5689
 2068,16596.555,10.066,5689
 2069,16606.637,10.082,5689
 2070,16616.586, 9.950,5689
 2071,16626.771,10.185,5689
 2072,16636.730, 9.958,5689
 2073,16646.828,10.099,5689
 2074,16657.217,10.388,5689
 2075,16667.479,10.261,5689
 2076,16678.225,10.746,5689
 2077,16688.453,10.229,5689
 2078,16698.375, 9.923,5689
 2079,16708.299, 9.923,5689
 2080,16718.342,10.043,5689
 2081,16728.162, 9.820,5689
 2082,16738.047, 9.885,5689
 2083,16747.996, 9.949,5689
 2084,16757.877, 9.882,5689
 2085,16768.115,10.237,5689
 2086,16778.311,10.196,5689
 2087,16788.461,10.151,5689
 2088,16798.502,10.041,5689
 2089,16808.148, 9.646,5689
 2090,16817.869, 9.720,5689
 2091,16827.598, 9.729,5689
 2092,16837.225, 9.627,5689
 2093,16847.273,10.047,5689
 2094,16856.781, 9.510,5689
 2095,16866.857,10.074,5689
 2096,16876.924,10.068,5689
 2097,16886.906, 9.983,5689
 2098,16896.777, 9.869,5689
 2099,16906.773, 9.997,5689
 2100,16916.416, 9.643,5689
 2101,16926.248, 9.833,5689
 2102,16936.473,10.223,5689
 2103,16947.268,10.795,5689
 2104,16958.316,11.051,5689
 2105,16968.658,10.341,5689
 2106,16979.453,10.793,5689
 2107,16989.686,10.234,5689
 2108,17000.359,10.673,5689
 2109,17011.057,10.697,5689
 2110,17021.088,10.033,5689
 2111,17031.541,10.451,5689
 2112,17041.432, 9.891,5689
 2113,17051.357, 9.927,5689
 2114,17061.172, 9.814,5689
 2115,17070.986, 9.815,5689
 2116,17081.289,10.303,5689
 2117,17091.299,10.009,5689
 2118,17101.340,10.041,5689
 2119,17111.563,10.223,5689
 2120,17121.383, 9.820,5689
 2121,17131.313, 9.930,5689
 2122,17141.510,10.195,5689
 2123,17151.559,10.051,5689
 2124,17161.682,10.123,5689
 2125,17171.926,10.242,5689
 2126,17182.176,10.251,5689
 2127,17192.957,10.781,5689
 2128,17203.357,10.400,5689
 2129,17213.594,10.236,5689
 2130,17223.408, 9.818,5689
 2131,17233.482,10.073,5689
 2132,17243.785,10.303,5689
 2133,17253.996,10.211,5689
 2134,17264.357,10.359,5689
 2135,17274.756,10.401,5689
 2136,17284.604, 9.846,5689
 2137,17295.598,10.994,5689
 2138,17305.201, 9.605,5689
 2139,17314.652, 9.452,5689
 2140,17324.328, 9.676,5689
 2141,17334.033, 9.704,5689
 2142,17344.160,10.128,5689
 2143,17355.029,10.867,5689
 2144,17364.805, 9.775,5689
 2145,17374.543, 9.739,5689
 2146,17384.092, 9.548,5689
 2147,17394.012, 9.920,5689
 2148,17403.885, 9.873,5689
 2149,17413.682, 9.797,5689
 2150,17423.389, 9.707,5689
 2151,17433.248, 9.860,5689
 2152,17442.744, 9.497,5689
 2153,17452.465, 9.719,5689
 2154,17462.193, 9.730,5689
 2155,17471.721, 9.528,5689
 2156,17481.273, 9.551,5689
 2157,17490.832, 9.559,5689
 2158,17500.156, 9.324,5689
 2159,17510.230,10.075,5689
 2160,17519.742, 9.512,5689
 2161,17529.568, 9.827,5689
 2162,17538.938, 9.368,5689
 2163,17548.400, 9.464,5689
 2164,17557.633, 9.230,5689
 2165,17567.127, 9.495,5689
 2166,17576.426, 9.299,5689
 2167,17586.010, 9.583,5689
 2168,17595.467, 9.458,5689
 2169,17604.961, 9.493,5689
 2170,17614.945, 9.985,5689
 2171,17624.652, 9.709,5689
 2172,17633.949, 9.294,5689
 2173,17643.629, 9.682,5689
 2174,17652.980, 9.350,5689
 2175,17662.336, 9.356,5689
 2176,17672.043, 9.707,5689
 2177,17681.557, 9.514,5689
 2178,17691.484, 9.929,5689
 2179,17701.021, 9.534,5689
 2180,17710.852, 9.831,5689
 2181,17721.393,10.543,5689
 2182,17731.842,10.447,5689
 2183,17742.709,10.869,5689
 2184,17752.621, 9.911,5689
 2185,17762.156, 9.537,5689
 2186,17771.654, 9.497,5689
 2187,17781.264, 9.608,5689
 2188,17790.910, 9.648,5689
 2189,17800.568, 9.658,5689
 2190,17810.053, 9.483,5689
 2191,17819.820, 9.770,5689
 2192,17830.172,10.352,5689
 2193,17839.895, 9.721,5689
 2194,17849.545, 9.650,5689
 2195,17859.223, 9.678,5689
 2196,17868.816, 9.595,5689
 2197,17879.039,10.221,5689
 2198,17889.092,10.052,5689
 2199,17898.820, 9.729,5689
 2200,17908.637, 9.818,5689
 2201,17918.510, 9.871,5689
 2202,17928.518,10.008,5689
 2203,17939.053,10.536,5689
 2204,17949.129,10.077,5689
 2205,17958.934, 9.804,5689
 2206,17968.879, 9.945,5689
 2207,17978.533, 9.654,5689
 2208,17988.291, 9.758,5689
 2209,17998.451,10.160,5689
 2210,18008.420, 9.971,5689
 2211,18018.332, 9.910,5689
 2212,18028.102, 9.770,5689
 2213,18038.004, 9.903,5689
 2214,18047.320, 9.315,5689
 2215,18056.605, 9.284,5689
 2216,18065.752, 9.150,5689
 2217,18075.285, 9.530,5689
 2218,18084.916, 9.632,5689
 2219,18095.121,10.205,5689
 2220,18104.236, 9.116,5689
 2221,18113.584, 9.349,5689
 2222,18123.430, 9.844,5689
 2223,18134.168,10.738,5689
 2224,18144.770,10.602,5689
 2225,18154.359, 9.589,5689
 2226,18164.645,10.285,5689
 2227,18174.514, 9.870,5689
 2228,18184.496, 9.984,5689
 2229,18194.641,10.144,5689
 2230,18204.162, 9.521,5689
 2231,18213.557, 9.395,5689
 2232,18223.004, 9.448,5689
 2233,18232.588, 9.584,5689
 2234,18241.816, 9.227,5689
 2235,18251.748, 9.933,5689
 2236,18260.934, 9.183,5689
 2237,18270.109, 9.176,5689
 2238,18279.045, 8.935,5689
 2239,18288.340, 9.295,5689
 2240,18297.738, 9.400,5689
 2241,18306.766, 9.025,5689
 2242,18315.969, 9.205,5689
 2243,18325.197, 9.229,5689
 2244,18334.025, 8.827,5689
 2245,18342.969, 8.944,5689
 2246,18352.236, 9.267,5689
 2247,18364.109,11.872,5689
 2248,18373.158, 9.051,5689
 2249,18382.213, 9.054,5689
 2250,18391.346, 9.133,5689
 2251,18401.029, 9.684,5689
 2252,18410.137, 9.107,5689
 2253,18419.451, 9.314,5689
 2254,18428.564, 9.114,5689
 2255,18439.057,10.493,5689
 2256,18448.674, 9.614,5689
 2257,18458.400, 9.730,5689
 2258,18467.777, 9.375,5689
 2259,18477.373, 9.597,5689
 2260,18487.473,10.100,5689
 2261,18497.357, 9.884,5689
 2262,18507.805,10.446,5689
 2263,18519.252,11.449,5689
 2264,18529.637,10.383,5689
 2265,18539.461, 9.824,5689
 2266,18549.500,10.042,5689
 2267,18559.330, 9.829,5689
 2268,18569.547,10.216,5689
 2269,18579.328, 9.782,5689
 2270,18589.225, 9.896,5689
 2271,18599.412,10.188,5689
 2272,18609.404, 9.993,5689
 2273,18619.408,10.002,5689
 2274,18628.637, 9.230,5689
 2275,18638.037, 9.400,5689
 2276,18646.816, 8.780,5689
 2277,18656.084, 9.268,5689
 2278,18665.076, 8.992,5689
 2279,18674.785, 9.707,5689
 2280,18683.652, 8.868,5689
 2281,18693.713,10.060,5689
 2282,18703.000, 9.287,5689
 2283,18712.061, 9.060,5689
 2284,18720.994, 8.935,5689
 2285,18730.018, 9.022,5689
 2286,18739.180, 9.162,5689
 2287,18748.113, 8.935,5689
 2288,18757.029, 8.916,5689
 2289,18766.072, 9.043,5689
 2290,18775.232, 9.160,5689
 2291,18784.615, 9.382,5689
 2292,18793.637, 9.021,5689
 2293,18802.635, 8.999,5689
 2294,18811.396, 8.762,5689
 2295,18820.531, 9.134,5689
 2296,18829.199, 8.668,5689
 2297,18838.334, 9.136,5689
 2298,18847.137, 8.801,5689
 2299,18855.996, 8.862,5689
 2300,18865.014, 9.016,5689
 2301,18873.938, 8.924,5689
 2302,18883.424, 9.485,5689
 2303,18892.510, 9.087,5689
 2304,18902.613,10.104,5689
 2305,18912.270, 9.656,5689
 2306,18921.236, 8.968,5689
 2307,18930.322, 9.085,5689
 2308,18939.748, 9.427,5689
 2309,18948.898, 9.149,5689
 2310,18957.953, 9.054,5689
 2311,18966.945, 8.991,5689
 2312,18976.000, 9.057,5689
 2313,18985.359, 9.358,5689
 2314,18994.580, 9.222,5689
 2315,19003.727, 9.146,5689
 2316,19012.916, 9.190,5689
 2317,19023.008,10.090,5689
 2318,19033.018,10.009,5689
 2319,19042.102, 9.084,5689
 2320,19051.359, 9.259,5689
 2321,19060.557, 9.199,5689
 2322,19069.508, 8.949,5689
 2323,19078.678, 9.171,5689
 2324,19088.369, 9.691,5689
 2325,19098.320, 9.951,5689
 2326,19108.258, 9.938,5689
 2327,19117.832, 9.575,5689
 2328,19127.141, 9.308,5689
 2329,19136.332, 9.191,5689
 2330,19146.432,10.099,5689
 2331,19156.168, 9.739,5689
 2332,19165.477, 9.308,5689
 2333,19174.742, 9.265,5689
 2334,19184.385, 9.641,5689
 2335,19193.648, 9.264,5689
 2336,19203.535, 9.887,5689
 2337,19212.762, 9.227,5689
 2338,19222.430, 9.666,5689
 2339,19231.965, 9.538,5689
 2340,19241.316, 9.352,5689
 2341,19250.193, 8.874,5689
 2342,19258.930, 8.738,5689
 2343,19267.553, 8.622,5689
 2344,19276.191, 8.639,5689
 2345,19285.369, 9.178,5689
 2346,19295.498,10.130,5689
 2347,19305.000, 9.502,5689
 2348,19314.383, 9.382,5689
 2349,19323.398, 9.016,5689
 2350,19332.428, 9.028,5689
 2351,19341.205, 8.779,5689
 2352,19349.811, 8.605,5689
 2353,19358.844, 9.032,5689
 2354,19367.496, 8.654,5689
 2355,19376.156, 8.660,5689
 2356,19384.572, 8.417,5689
 2357,19393.246, 8.673,5689
 2358,19401.854, 8.605,5689
 2359,19411.285, 9.434,5689
 2360,19420.057, 8.771,5689
 2361,19428.813, 8.757,5689
 2362,19437.469, 8.656,5689
 2363,19447.133, 9.664,5689
 2364,19455.725, 8.592,5689
 2365,19464.621, 8.895,5689
 2366,19473.113, 8.493,5689
 2367,19481.547, 8.433,5689
 2368,19489.826, 8.280,5689
 2369,19498.295, 8.468,5689
 2370,19506.707, 8.412,5689
 2371,19515.506, 8.797,5689
 2372,19524.426, 8.922,5689
 2373,19533.332, 8.906,5689
 2374,19541.689, 8.357,5689
 2375,19550.324, 8.635,5689
 2376,19559.676, 9.351,5689
 2377,19568.168, 8.493,5689
 2378,19576.762, 8.592,5689
 2379,19585.061, 8.301,5689
 2380,19593.297, 8.235,5689
 2381,19601.711, 8.415,5689
 2382,19610.113, 8.403,5689
 2383,19620.213,10.100,5689
 2384,19628.551, 8.337,5689
 2385,19636.789, 8.239,5689
 2386,19645.041, 8.250,5689
 2387,19653.500, 8.461,5689
 2388,19661.980, 8.481,5689
 2389,19670.400, 8.419,5689
 2390,19679.973, 9.573,5689
 2391,19689.590, 9.616,5689
 2392,19698.279, 8.689,5689
 2393,19706.732, 8.455,5689
 2394,19714.965, 8.230,5689
 2395,19724.107, 9.143,5689
 2396,19732.838, 8.729,5689
 2397,19741.061, 8.225,5689
 2398,19749.756, 8.694,5689
 2399,19758.006, 8.250,5689
 2400,19766.459, 8.454,5689
 2401,19774.857, 8.398,5689
 2402,19783.277, 8.419,5689
 2403,19791.584, 8.310,5689
 2404,19799.607, 8.021,5689
 2405,19807.871, 8.264,5689
 2406,19815.941, 8.070,5689
 2407,19824.303, 8.362,5689
 2408,19833.018, 8.714,5689
 2409,19841.402, 8.386,5689
 2410,19849.922, 8.517,5689
 2411,19858.512, 8.591,5689
 2412,19867.424, 8.912,5689
 2413,19876.102, 8.679,5689
 2414,19884.531, 8.429,5689
 2415,19892.922, 8.389,5689
 2416,19901.234, 8.315,5689
 2417,19910.605, 9.370,5689
 2418,19919.311, 8.706,5689
 2419,19927.777, 8.466,5689
 2420,19936.320, 8.544,5689
 2421,19945.189, 8.867,5689
 2422,19953.625, 8.436,5689
 2423,19962.281, 8.656,5689
 2424,19971.309, 9.028,5689
 2425,19980.385, 9.078,5689
 2426,19988.977, 8.591,5689
 2427,19997.645, 8.669,5689
 2428,20005.564, 7.920,5689
 2429,20013.590, 8.024,5689
 2430,20021.475, 7.885,5689
 2431,20029.598, 8.121,5689
 2432,20037.498, 7.903,5689
 2433,20045.936, 8.436,5689
 2434,20054.109, 8.174,5689
 2435,20062.328, 8.221,5689
 2436,20071.205, 8.876,5689
 2437,20080.514, 9.308,5689
 2438,20088.986, 8.473,5689
 2439,20097.256, 8.268,5689
 2440,20105.148, 7.893,5689
 2441,20113.250, 8.103,5689
 2442,20121.510, 8.258,5689
 2443,20129.762, 8.252,5689
 2444,20137.740, 7.980,5689
 2445,20146.084, 8.345,5689
 2446,20154.488, 8.402,5689
 2447,20162.754, 8.264,5689
 2448,20170.693, 7.942,5689
 2449,20178.984, 8.292,5689
 2450,20186.881, 7.895,5689
 2451,20195.135, 8.254,5689
 2452,20203.205, 8.071,5689
 2453,20211.729, 8.522,5689
 2454,20219.438, 7.708,5689
 2455,20227.156, 7.722,5689
 2456,20234.988, 7.830,5689
 2457,20242.824, 7.836,5689
 2458,20250.637, 7.813,5689
 2459,20258.818, 8.182,5689
 2460,20266.672, 7.852,5689
 2461,20274.656, 7.985,5689
 2462,20282.494, 7.839,5689
 2463,20290.357, 7.861,5689
 2464,20298.221, 7.866,5689
 2465,20305.963, 7.741,5689
 2466,20313.689, 7.725,5689
 2467,20321.570, 7.883,5689
 2468,20329.500, 7.929,5689
 2469,20337.729, 8.229,5689
 2470,20345.424, 7.694,5689
 2471,20353.305, 7.883,5689
 2472,20361.174, 7.868,5689
 2473,20369.766, 8.590,5689
 2474,20377.592, 7.827,5689
 2475,20385.494, 7.904,5689
 2476,20393.113, 7.619,5689
 2477,20400.893, 7.779,5689
 2478,20409.242, 8.350,5689
 2479,20417.225, 7.983,5689
 2480,20425.197, 7.970,5689
 2481,20433.275, 8.079,5689
 2482,20441.441, 8.165,5689
 2483,20449.389, 7.949,5689
 2484,20457.973, 8.585,5689
 2485,20468.232,10.258,5689
 2486,20477.525, 9.293,5689
 2487,20486.301, 8.775,5689
 2488,20494.984, 8.685,5689
 2489,20503.543, 8.558,5689
 2490,20512.297, 8.754,5689
 2491,20520.648, 8.353,5689
 2492,20529.283, 8.633,5689
 2493,20538.078, 8.796,5689
 2494,20546.480, 8.403,5689
 2495,20554.941, 8.460,5689
 2496,20563.156, 8.215,5689
 2497,20571.672, 8.514,5689
 2498,20580.746, 9.076,5689
 2499,20589.527, 8.780,5689
 2500,20598.488, 8.961,5689
 2501,20607.281, 8.794,5689
 2502,20615.744, 8.464,5689
 2503,20623.414, 7.669,5689
 2504,20632.090, 8.674,5689
 2505,20640.715, 8.626,5689
 2506,20648.332, 7.619,5689
 2507,20656.854, 8.519,5689
 2508,20664.697, 7.844,5689
 2509,20672.248, 7.551,5689
 2510,20679.809, 7.560,5689
 2511,20688.227, 8.419,5689
 2512,20696.133, 7.907,5689
 2513,20704.027, 7.893,5689
 2514,20711.678, 7.650,5689
 2515,20719.332, 7.656,5689
 2516,20726.941, 7.608,5689
 2517,20734.531, 7.590,5689
 2518,20742.320, 7.791,5689
 2519,20750.014, 7.692,5689
 2520,20757.482, 7.469,5689
 2521,20765.293, 7.811,5689
 2522,20773.051, 7.757,5689
 2523,20781.252, 8.200,5689
 2524,20789.553, 8.303,5689
 2525,20798.098, 8.543,5689
 2526,20805.896, 7.799,5689
 2527,20813.520, 7.623,5689
 2528,20821.240, 7.721,5689
 2529,20828.973, 7.733,5689
 2530,20836.697, 7.724,5689
 2531,20844.945, 8.247,5689
 2532,20854.137, 9.192,5689
 2533,20862.389, 8.254,5689
 2534,20870.209, 7.818,5689
 2535,20877.844, 7.635,5689
 2536,20885.506, 7.663,5689
 2537,20893.395, 7.889,5689
 2538,20901.531, 8.136,5689
 2539,20909.533, 8.002,5689
 2540,20917.412, 7.879,5689
 2541,20925.391, 7.979,5689
 2542,20933.072, 7.682,5689
 2543,20941.096, 8.022,5689
 2544,20948.693, 7.597,5689
 2545,20956.748, 8.057,5689
 2546,20964.443, 7.694,5689
 2547,20972.434, 7.989,5689
 2548,20980.332, 7.902,5689
 2549,20988.174, 7.839,5689
 2550,20995.713, 7.539,5689
 2551,21003.957, 8.246,5689
 2552,21012.158, 8.201,5689
 2553,21020.271, 8.112,5689
 2554,21028.555, 8.284,5689
 2555,21036.979, 8.424,5689
 2556,21045.404, 8.425,5689
 2557,21054.018, 8.612,5689
 2558,21062.365, 8.349,5689
 2559,21070.381, 8.016,5689
 2560,21078.240, 7.860,5689
 2561,21087.025, 8.783,5689
 2562,21096.295, 9.271,5689
 2563,21104.537, 8.242,5689
 2564,21113.297, 8.761,5689
 2565,21121.725, 8.426,5689
 2566,21129.813, 8.088,5689
 2567,21138.332, 8.522,5689
 2568,21146.557, 8.222,5689
 2569,21154.766, 8.209,5689
 2570,21162.770, 8.005,5689
 2571,21170.766, 7.996,5689
 2572,21178.990, 8.225,5689
 2573,21187.193, 8.201,5689
 2574,21195.533, 8.342,5689
 2575,21203.721, 8.188,5689
 2576,21211.957, 8.236,5689
 2577,21220.975, 9.017,5689
 2578,21228.754, 7.778,5689
 2579,21237.930, 9.175,5689
 2580,21246.203, 8.275,5689
 2581,21254.182, 7.979,5689
 2582,21261.777, 7.596,5689
 2583,21269.572, 7.794,5689
 2584,21277.258, 7.684,5689
 2585,21285.328, 8.074,5689
 2586,21293.160, 7.832,5689
 2587,21300.936, 7.773,5689
 2588,21308.713, 7.777,5689
 2589,21316.576, 7.864,5689
 2590,21324.930, 8.352,5689
 2591,21332.773, 7.844,5689
 2592,21340.449, 7.678,5689
 2593,21348.607, 8.157,5689
 2594,21356.381, 7.774,5689
 2595,21364.441, 8.060,5689
 2596,21371.965, 7.524,5689
 2597,21379.701, 7.736,5689
 2598,21387.516, 7.814,5689
 2599,21395.756, 8.240,5689
 2600,21403.186, 7.430,5689
 2601,21411.014, 7.829,5689
 2602,21418.475, 7.461,5689
 2603,21426.375, 7.900,5689
 2604,21434.439, 8.064,5689
 2605,21442.264, 7.824,5689
 2606,21449.678, 7.415,5689
 2607,21457.305, 7.627,5689
 2608,21464.922, 7.615,5689
 2609,21472.541, 7.622,5689
 2610,21480.113, 7.572,5689
 2611,21487.740, 7.628,5689
 2612,21495.287, 7.545,5689
 2613,21502.613, 7.327,5689
 2614,21509.885, 7.271,5689
 2615,21517.529, 7.645,5689
 2616,21524.842, 7.310,5689
 2617,21532.824, 7.986,5689
 2618,21540.549, 7.724,5689
 2619,21548.014, 7.462,5689
 2620,21555.404, 7.394,5689
 2621,21563.031, 7.625,5689
 2622,21570.465, 7.433,5689
 2623,21578.014, 7.548,5689
 2624,21585.455, 7.443,5689
 2625,21592.813, 7.357,5689
 2626,21600.334, 7.520,5689
 2627,21607.740, 7.410,5689
 2628,21615.061, 7.319,5689
 2629,21623.785, 8.723,5689
 2630,21632.682, 8.897,5689
 2631,21641.281, 8.600,5689
 2632,21649.102, 7.821,5689
 2633,21656.828, 7.728,5689
 2634,21664.330, 7.501,5689
 2635,21671.896, 7.565,5689
 2636,21679.197, 7.300,5689
 2637,21686.650, 7.455,5689
 2638,21694.055, 7.404,5689
 2639,21701.605, 7.551,5689
 2640,21708.934, 7.326,5689
 2641,21716.623, 7.691,5689
 2642,21724.396, 7.773,5689
 2643,21731.926, 7.530,5689
 2644,21739.289, 7.364,5689
 2645,21747.721, 8.431,5689
 2646,21755.213, 7.493,5689
 2647,21762.957, 7.743,5689
 2648,21770.514, 7.557,5689
 2649,21778.541, 8.026,5689
 2650,21786.643, 8.103,5689
 2651,21794.313, 7.670,5689
 2652,21801.900, 7.588,5689
 2653,21809.861, 7.960,5689
 2654,21818.055, 8.194,5689
 2655,21826.373, 8.317,5689
 2656,21834.266, 7.894,5689
 2657,21842.156, 7.892,5689
 2658,21850.770, 8.611,5689
 2659,21858.918, 8.149,5689
 2660,21866.846, 7.926,5689
 2661,21875.092, 8.247,5689
 2662,21883.068, 7.979,5689
 2663,21891.211, 8.141,5689
 2664,21899.021, 7.811,5689
 2665,21907.086, 8.062,5689
 2666,21914.930, 7.845,5689
 2667,21922.955, 8.026,5689
 2668,21930.561, 7.607,5689
 2669,21938.945, 8.383,5689
 2670,21947.059, 8.114,5689
 2671,21955.652, 8.595,5689
 2672,21963.561, 7.906,5689
 2673,21971.064, 7.505,5689
 2674,21978.246, 7.182,5689
 2675,21985.754, 7.506,5689
 2676,21993.244, 7.491,5689
 2677,22000.721, 7.478,5689
 2678,22008.438, 7.716,5689
 2679,22016.912, 8.475,5689
 2680,22025.600, 8.686,5689
 2681,22035.305, 9.706,5689
 2682,22042.984, 7.681,5689
 2683,22050.795, 7.809,5689
 2684,22059.156, 8.363,5689
 2685,22067.234, 8.077,5689
 2686,22074.865, 7.631,5689
 2687,22082.770, 7.903,5689
 2688,22090.285, 7.517,5689
 2689,22098.078, 7.793,5689
 2690,22105.613, 7.535,5689
 2691,22113.285, 7.670,5689
 2692,22120.541, 7.257,5689
 2693,22128.219, 7.678,5689
 2694,22135.781, 7.561,5689
 2695,22143.422, 7.641,5689
 2696,22150.869, 7.447,5689
 2697,22158.293, 7.424,5689
 2698,22165.912, 7.622,5689
 2699,22173.572, 7.660,5689
 2700,22181.318, 7.745,5689
 2701,22188.732, 7.415,5689
 2702,22196.309, 7.574,5689
 2703,22203.613, 7.304,5689
 2704,22210.996, 7.385,5689
 2705,22218.287, 7.290,5689
 2706,22225.504, 7.216,5689
 2707,22232.809, 7.305,5689
 2708,22239.953, 7.144,5689
 2709,22247.227, 7.275,5689
 2710,22254.582, 7.353,5689
 2711,22261.893, 7.312,5689
 2712,22269.373, 7.480,5689
 2713,22277.102, 7.730,5689
 2714,22284.348, 7.245,5689
 2715,22291.705, 7.359,5689
 2716,22299.090, 7.384,5689
 2717,22306.617, 7.528,5689
 2718,22313.893, 7.274,5689
 2719,22321.313, 7.420,5689
 2720,22328.660, 7.350,5689
 2721,22335.975, 7.313,5689
 2722,22343.432, 7.456,5689
 2723,22350.781, 7.349,5689
 2724,22358.102, 7.320,5689
 2725,22365.918, 7.816,5689
 2726,22373.422, 7.505,5689
 2727,22381.561, 8.139,5689
 2728,22388.984, 7.426,5689
 2729,22396.904, 7.920,5689
 2730,22405.777, 8.871,5689
 2731,22414.984, 9.208,5689
 2732,22422.834, 7.849,5689
 2733,22430.918, 8.082,5689
 2734,22438.029, 7.112,5689
 2735,22445.578, 7.551,5689
 2736,22453.287, 7.708,5689
 2737,22461.012, 7.724,5689
 2738,22468.512, 7.500,5689
 2739,22476.045, 7.534,5689
 2740,22483.592, 7.546,5689
 2741,22491.387, 7.796,5689
 2742,22499.160, 7.774,5689
 2743,22506.621, 7.461,5689
 2744,22514.102, 7.480,5689
 2745,22521.834, 7.732,5689
 2746,22529.230, 7.397,5689
 2747,22537.168, 7.936,5689
 2748,22545.033, 7.865,5689
 2749,22552.604, 7.571,5689
 2750,22560.445, 7.842,5689
 2751,22568.313, 7.867,5689
 2752,22576.244, 7.932,5689
 2753,22584.365, 8.120,5689
 2754,22592.633, 8.268,5689
 2755,22600.744, 8.113,5689
 2756,22608.453, 7.709,5689
 2757,22616.762, 8.307,5689
 2758,22624.656, 7.897,5689
 2759,22632.508, 7.849,5689
 2760,22639.992, 7.485,5689
 2761,22648.063, 8.071,5689
 2762,22655.846, 7.781,5689
 2763,22663.777, 7.933,5689
 2764,22671.529, 7.752,5689
 2765,22679.443, 7.914,5689
 2766,22687.590, 8.147,5689
 2767,22696.117, 8.528,5689
 2768,22704.396, 8.278,5689
 2769,22712.020, 7.623,5689
 2770,22719.209, 7.190,5689
 2771,22726.805, 7.595,5689
 2772,22734.316, 7.514,5689
 2773,22742.010, 7.690,5689
 2774,22749.465, 7.457,5689
 2775,22756.828, 7.363,5689
 2776,22764.148, 7.321,5689
 2777,22771.588, 7.438,5689
 2778,22778.881, 7.294,5689
 2779,22786.635, 7.754,5689
 2780,22794.033, 7.399,5689
 2781,22803.240, 9.208,5689
 2782,22811.740, 8.500,5689
 2783,22819.766, 8.023,5689
 2784,22827.449, 7.684,5689
 2785,22835.299, 7.850,5689
 2786,22842.842, 7.543,5689
 2787,22850.674, 7.832,5689
 2788,22858.324, 7.651,5689
 2789,22866.357, 8.032,5689
 2790,22873.811, 7.454,5689
 2791,22881.621, 7.810,5689
 2792,22889.109, 7.488,5689
 2793,22896.930, 7.821,5689
 2794,22904.742, 7.813,5689
 2795,22913.141, 8.398,5689
 2796,22920.762, 7.620,5689
 2797,22928.539, 7.778,5689
 2798,22936.197, 7.659,5689
 2799,22943.918, 7.719,5689
 2800,22951.361, 7.444,5689
 2801,22959.201, 7.839,5689
 2802,22966.977, 7.776,5689
 2803,22974.777, 7.802,5689
 2804,22982.326, 7.549,5689
 2805,22990.041, 7.715,5689
 2806,22997.346, 7.303,5689
 2807,23005.391, 8.046,5689
 2808,23013.604, 8.212,5689
 2809,23021.621, 8.019,5689
 2810,23029.324, 7.703,5689
 2811,23037.264, 7.938,5689
 2812,23045.141, 7.877,5689
 2813,23052.744, 7.604,5689
 2814,23060.461, 7.718,5689
 2815,23068.984, 8.524,5689
 2816,23077.346, 8.358,5689
 2817,23085.072, 7.730,5689
 2818,23092.504, 7.429,5689
 2819,23100.320, 7.819,5689
 2820,23108.160, 7.840,5689
 2821,23116.332, 8.169,5689
 2822,23124.738, 8.408,5689
 2823,23132.965, 8.226,5689
 2824,23140.967, 8.002,5689
 2825,23149.199, 8.232,5689
 2826,23157.223, 8.024,5689
 2827,23165.641, 8.419,5689
 2828,23173.729, 8.086,5689
 2829,23182.596, 8.867,5689
 2830,23191.928, 9.332,5689
 2831,23201.221, 9.295,5689
 2832,23209.781, 8.558,5689
 2833,23218.324, 8.546,5689
 2834,23227.217, 8.892,5689
 2835,23235.852, 8.633,5689
 2836,23244.373, 8.522,5689
 2837,23252.654, 8.282,5689
 2838,23260.949, 8.294,5689
 2839,23269.545, 8.596,5689
 2840,23277.740, 8.195,5689
 2841,23286.498, 8.758,5689
 2842,23294.740, 8.244,5689
 2843,23303.480, 8.740,5689
 2844,23311.977, 8.494,5689
 2845,23322.637,10.660,5689
 2846,23331.488, 8.854,5689
 2847,23340.277, 8.788,5689
 2848,23348.252, 7.973,5689
 2849,23356.195, 7.944,5689
 2850,23364.193, 7.999,5689
 2851,23372.045, 7.850,5689
 2852,23379.605, 7.560,5689
 2853,23387.320, 7.717,5689
 2854,23394.898, 7.578,5689
 2855,23402.650, 7.752,5689
 2856,23410.461, 7.810,5689
 2857,23418.389, 7.928,5689
 2858,23425.938, 7.547,5689
 2859,23433.766, 7.829,5689
 2860,23441.732, 7.968,5689
 2861,23449.469, 7.737,5689
 2862,23457.244, 7.775,5689
 2863,23465.141, 7.896,5689
 2864,23472.668, 7.526,5689
 2865,23480.250, 7.583,5689
 2866,23487.736, 7.488,5689
 2867,23495.484, 7.747,5689
 2868,23503.170, 7.684,5689
 2869,23510.896, 7.727,5689
 2870,23518.582, 7.686,5689
 2871,23526.396, 7.815,5689
 2872,23534.270, 7.873,5689
 2873,23542.924, 8.653,5689
 2874,23550.809, 7.885,5689
 2875,23558.732, 7.924,5689
 2876,23566.777, 8.045,5689
 2877,23575.041, 8.264,5689
 2878,23584.170, 9.129,5689
 2879,23592.670, 8.499,5689
 2880,23600.678, 8.008,5689
 2881,23608.877, 8.200,5689
 2882,23616.703, 7.826,5689
 2883,23624.641, 7.939,5689
 2884,23632.492, 7.850,5689
 2885,23640.596, 8.103,5689
 2886,23649.160, 8.567,5689
 2887,23657.305, 8.144,5689
 2888,23665.309, 8.004,5689
 2889,23673.227, 7.917,5689
 2890,23681.008, 7.780,5689
 2891,23688.924, 7.916,5689
 2892,23697.004, 8.080,5689
 2893,23704.918, 7.914,5689
 2894,23712.629, 7.712,5689
 2895,23720.629, 8.000,5689
 2896,23728.426, 7.797,5689
 2897,23736.652, 8.228,5689
 2898,23744.918, 8.262,5689
 2899,23753.820, 8.905,5689
 2900,23762.061, 8.240,5689
 2901,23770.492, 8.433,5689
 2902,23778.873, 8.380,5689
 2903,23787.209, 8.334,5689
 2904,23795.426, 8.217,5689
 2905,23804.338, 8.913,5689
 2906,23813.041, 8.702,5689
 2907,23821.834, 8.793,5689
 2908,23830.295, 8.462,5689
 2909,23838.818, 8.524,5689
 2910,23846.980, 8.162,5689
 2911,23855.480, 8.501,5689
 2912,23864.590, 9.108,5689
 2913,23873.572, 8.982,5689
 2914,23881.980, 8.410,5689
 2915,23890.717, 8.734,5689
 2916,23899.182, 8.464,5689
 2917,23907.895, 8.715,5689
 2918,23916.607, 8.712,5689
 2919,23925.303, 8.696,5689
 2920,23933.865, 8.561,5689
 2921,23942.381, 8.516,5689
 2922,23950.488, 8.109,5689
 2923,23958.621, 8.132,5689
 2924,23967.746, 9.124,5689
 2925,23977.365, 9.620,5689
 2926,23986.049, 8.683,5689
 2927,23994.303, 8.255,5689
 2928,24002.389, 8.085,5689
 2929,24010.615, 8.227,5689
 2930,24018.346, 7.730,5689
 2931,24026.303, 7.958,5689
 2932,24034.309, 8.007,5689
 2933,24042.711, 8.401,5689
 2934,24050.877, 8.167,5689
 2935,24059.072, 8.196,5689
 2936,24067.260, 8.185,5689
 2937,24075.811, 8.552,5689
 2938,24084.213, 8.402,5689
 2939,24093.051, 8.838,5689
 2940,24101.514, 8.463,5689
 2941,24109.809, 8.294,5689
 2942,24117.977, 8.168,5689
 2943,24125.854, 7.876,5689
 2944,24133.873, 8.020,5689
 2945,24142.236, 8.366,5689
 2946,24150.205, 7.967,5689
 2947,24158.125, 7.920,5689
 2948,24165.867, 7.742,5689
 2949,24174.369, 8.501,5689
 2950,24182.568, 8.200,5689
 2951,24190.725, 8.157,5689
 2952,24198.648, 7.924,5689
 2953,24207.029, 8.379,5689
 2954,24215.049, 8.020,5689
 2955,24223.072, 8.024,5689
 2956,24230.984, 7.914,5689
 2957,24239.121, 8.136,5689
 2958,24247.018, 7.895,5689
 2959,24255.113, 8.095,5689
 2960,24263.199, 8.087,5689
 2961,24271.361, 8.163,5689
 2962,24280.297, 8.936,5689
 2963,24288.553, 8.254,5689
 2964,24296.473, 7.920,5689
 2965,24304.590, 8.117,5689
 2966,24312.506, 7.915,5689
 2967,24320.479, 7.975,5689
 2968,24328.354, 7.873,5689
 2969,24336.264, 7.911,5689
 2970,24344.697, 8.434,5689
 2971,24353.506, 8.808,5689
 2972,24363.281, 9.777,5689
 2973,24372.357, 9.074,5689
 2974,24381.240, 8.884,5689
 2975,24389.934, 8.692,5689
 2976,24398.313, 8.381,5689
 2977,24406.457, 8.143,5689
 2978,24414.586, 8.129,5689
 2979,24422.736, 8.151,5689
 2980,24430.701, 7.965,5689
 2981,24438.771, 8.070,5689
 2982,24446.820, 8.051,5689
 2983,24454.904, 8.083,5689
 2984,24463.174, 8.268,5689
 2985,24471.502, 8.329,5689
 2986,24479.768, 8.265,5689
 2987,24488.418, 8.649,5689
 2988,24496.840, 8.423,5689
 2989,24505.715, 8.876,5689
 2990,24514.217, 8.503,5689
 2991,24522.389, 8.170,5689
 2992,24530.633, 8.244,5689
 2993,24538.842, 8.210,5689
 2994,24547.648, 8.808,5689
 2995,24556.240, 8.590,5689
 2996,24564.789, 8.549,5689
 2997,24573.416, 8.626,5689
 2998,24581.961, 8.545,5689
 2999,24590.988, 9.029,5689
 3000,24600.215, 9.226,5689
 3001,24609.178, 8.963,5689
 3002,24617.740, 8.563,5689
 3003,24626.287, 8.546,5689
 3004,24634.502, 8.215,5689
 3005,24642.988, 8.488,5689
 3006,24651.793, 8.803,5689
 3007,24660.266, 8.473,5689
 3008,24668.818, 8.553,5689
 3009,24677.393, 8.574,5689
 3010,24685.980, 8.589,5689
 3011,24693.957, 7.975,5689
 3012,24702.518, 8.560,5689
 3013,24710.654, 8.138,5689
 3014,24718.570, 7.916,5689
 3015,24726.531, 7.960,5689
 3016,24734.508, 7.976,5689
 3017,24742.609, 8.103,5689
 3018,24750.422, 7.812,5689
 3019,24759.152, 8.732,5689
 3020,24768.266, 9.110,5689
 3021,24776.953, 8.689,5689
 3022,24785.133, 8.180,5689
 3023,24793.305, 8.171,5689
 3024,24801.762, 8.456,5689
 3025,24810.582, 8.822,5689
 3026,24818.986, 8.405,5689
 3027,24827.320, 8.334,5689
 3028,24835.414, 8.093,5689
 3029,24843.738, 8.325,5689
 3030,24851.900, 8.163,5689
 3031,24860.021, 8.118,5689
 3032,24868.240, 8.222,5689
 3033,24876.371, 8.129,5689
 3034,24884.691, 8.320,5689
 3035,24892.914, 8.221,5689
 3036,24900.813, 7.902,5689
 3037,24909.338, 8.522,5689
 3038,24917.514, 8.176,5689
 3039,24925.611, 8.099,5689
 3040,24933.713, 8.102,5689
 3041,24941.900, 8.189,5689
 3042,24949.867, 7.965,5689
 3043,24957.861, 7.993,5689
 3044,24965.928, 8.067,5689
 3045,24974.033, 8.105,5689
 3046,24981.865, 7.832,5689
 3047,24989.861, 7.998,5689
 3048,24997.822, 7.961,5689
 3049,25005.922, 8.097,5689
 3050,25014.057, 8.138,5689
 3051,25022.469, 8.412,5689
 3052,25030.666, 8.195,5689
 3053,25039.195, 8.530,5689
 3054,25047.662, 8.465,5689
 3055,25055.963, 8.303,5689
 3056,25063.877, 7.914,5689
 3057,25071.984, 8.107,5689
 3058,25080.342, 8.356,5689
 3059,25089.494, 9.152,5689
 3060,25098.855, 9.363,5689
 3061,25107.365, 8.510,5689
 3062,25115.934, 8.567,5689
 3063,25124.953, 9.020,5689
 3064,25133.572, 8.620,5689
 3065,25142.090, 8.517,5689
 3066,25153.021,10.932,5689
 3067,25162.402, 9.382,5689
 3068,25171.400, 8.997,5689
 3069,25180.666, 9.266,5689
 3070,25189.395, 8.729,5689
 3071,25198.271, 8.876,5689
 3072,25206.852, 8.580,5689
 3073,25215.949, 9.099,5689
 3074,25224.857, 8.908,5689
 3075,25234.182, 9.324,5689
 3076,25242.813, 8.631,5689
 3077,25251.490, 8.678,5689
 3078,25260.135, 8.644,5689
 3079,25269.232, 9.098,5689
 3080,25278.229, 8.996,5689
 3081,25287.201, 8.973,5689
 3082,25296.186, 8.982,5689
 3083,25304.621, 8.437,5689
 3084,25312.643, 8.022,5689
 3085,25320.865, 8.221,5689
 3086,25329.045, 8.181,5689
 3087,25337.533, 8.487,5689
 3088,25345.885, 8.352,5689
 3089,25354.154, 8.271,5689
 3090,25362.188, 8.032,5689
 3091,25370.666, 8.477,5689
 3092,25378.592, 7.927,5689
 3093,25386.943, 8.352,5689
 3094,25394.951, 8.008,5689
 3095,25403.025, 8.073,5689
 3096,25411.250, 8.224,5689
 3097,25419.414, 8.166,5689
 3098,25427.389, 7.974,5689
 3099,25435.736, 8.350,5689
 3100,25443.977, 8.238,5689
 3101,25452.156, 8.182,5689
 3102,25460.537, 8.378,5689
 3103,25468.973, 8.437,5689
 3104,25476.977, 8.004,5689
 3105,25485.225, 8.248,5689
 3106,25493.398, 8.174,5689
 3107,25501.570, 8.172,5689
 3108,25509.766, 8.195,5689
 3109,25517.994, 8.228,5689
 3110,25526.053, 8.060,5689
 3111,25534.385, 8.330,5689
 3112,25543.541, 9.156,5689
 3113,25554.123,10.583,5689
 3114,25562.697, 8.573,5689
 3115,25571.021, 8.324,5689
 3116,25579.293, 8.273,5689
 3117,25587.781, 8.487,5689
 3118,25596.262, 8.480,5689
 3119,25605.170, 8.908,5689
 3120,25613.582, 8.414,5689
 3121,25621.943, 8.361,5689
 3122,25630.213, 8.269,5689
 3123,25638.645, 8.432,5689
 3124,25647.086, 8.440,5689
 3125,25655.998, 8.913,5689
 3126,25664.182, 8.185,5689
 3127,25672.697, 8.515,5689
 3128,25681.061, 8.365,5689
 3129,25689.393, 8.331,5689
 3130,25697.689, 8.295,5689
 3131,25706.178, 8.488,5689
 3132,25714.939, 8.763,5689
 3133,25723.469, 8.529,5689
 3134,25731.725, 8.257,5689
 3135,25740.422, 8.696,5689
 3136,25748.875, 8.454,5689
 3137,25757.941, 9.067,5689
 3138,25767.037, 9.094,5689
 3139,25776.209, 9.173,5689
 3140,25784.928, 8.718,5689
 3141,25793.814, 8.888,5689
 3142,25802.826, 9.011,5689
 3143,25812.049, 9.224,5689
 3144,25821.451, 9.401,5689
 3145,25830.648, 9.199,5689
 3146,25839.025, 8.376,5689
 3147,25847.766, 8.738,5689
 3148,25856.279, 8.515,5689
 3149,25865.602, 9.321,5689
 3150,25874.795, 9.195,5689
 3151,25883.846, 9.051,5689
 3152,25893.385, 9.539,5689
 3153,25902.465, 9.079,5689
 3154,25911.047, 8.583,5689
 3155,25919.828, 8.780,5689
 3156,25929.611, 9.784,5689
 3157,25939.623,10.012,5689
 3158,25948.502, 8.877,5689
 3159,25956.977, 8.477,5689
 3160,25965.152, 8.175,5689
 3161,25974.221, 9.069,5689
 3162,25982.768, 8.546,5689
 3163,25991.145, 8.377,5689
 3164,25999.545, 8.400,5689
 3165,26008.309, 8.765,5689
 3166,26016.793, 8.484,5689
 3167,26024.934, 8.139,5689
 3168,26033.049, 8.117,5689
 3169,26041.617, 8.568,5689
 3170,26050.184, 8.566,5689
 3171,26058.801, 8.618,5689
 3172,26067.184, 8.382,5689
 3173,26075.584, 8.400,5689
 3174,26084.449, 8.867,5689
 3175,26092.883, 8.433,5689
 3176,26101.379, 8.496,5689
 3177,26109.832, 8.452,5689
 3178,26118.006, 8.175,5689
 3179,26126.373, 8.367,5689
 3180,26134.727, 8.354,5689
 3181,26142.953, 8.226,5689
 3182,26151.102, 8.149,5689
 3183,26159.354, 8.250,5689
 3184,26167.631, 8.279,5689
 3185,26175.941, 8.310,5689
 3186,26184.926, 8.985,5689
 3187,26193.473, 8.547,5689
 3188,26201.629, 8.155,5689
 3189,26210.002, 8.372,5689
 3190,26218.693, 8.692,5689
 3191,26227.758, 9.066,5689
 3192,26236.109, 8.351,5689
 3193,26245.045, 8.935,5689
 3194,26253.238, 8.195,5689
 3195,26261.637, 8.399,5689
 3196,26270.148, 8.510,5689
 3197,26278.473, 8.325,5689
 3198,26286.721, 8.248,5689
 3199,26295.828, 9.106,5689
 3200,26304.098, 8.271,5689
 3201,26312.811, 8.713,5689
 3202,26322.613, 9.801,5689
 3203,26331.641, 9.030,5689
 3204,26340.061, 8.420,5689
 3205,26348.395, 8.333,5689
 3206,26356.676, 8.280,5689
 3207,26365.525, 8.849,5689
 3208,26374.213, 8.688,5689
 3209,26382.541, 8.329,5689
 3210,26390.762, 8.219,5689
 3211,26400.320, 9.561,5689
 3212,26409.025, 8.705,5689
 3213,26417.770, 8.742,5689
 3214,26426.191, 8.423,5689
 3215,26434.762, 8.570,5689
 3216,26443.178, 8.417,5689
 3217,26451.619, 8.441,5689
 3218,26460.174, 8.554,5689
 3219,26468.867, 8.694,5689
 3220,26476.893, 8.026,5689
 3221,26485.594, 8.699,5689
 3222,26494.330, 8.737,5689
 3223,26503.434, 9.105,5689
 3224,26512.133, 8.699,5689
 3225,26521.010, 8.876,5689
 3226,26529.953, 8.945,5689
 3227,26538.629, 8.676,5689
 3228,26547.947, 9.317,5689
 3229,26556.998, 9.049,5689
 3230,26565.684, 8.687,5689
 3231,26574.477, 8.794,5689
 3232,26583.326, 8.847,5689
 3233,26592.459, 9.135,5689
 3234,26601.223, 8.764,5689
 3235,26610.859, 9.636,5689
 3236,26619.719, 8.860,5689
 3237,26628.545, 8.827,5689
 3238,26637.258, 8.711,5689
 3239,26646.416, 9.158,5689
 3240,26655.141, 8.726,5689
 3241,26664.270, 9.127,5689
 3242,26672.846, 8.576,5689
 3243,26681.129, 8.285,5689
 3244,26689.316, 8.188,5689
 3245,26697.916, 8.598,5689
 3246,26707.066, 9.152,5689
 3247,26717.518,10.451,5689
 3248,26726.498, 8.980,5689
 3249,26735.178, 8.678,5689
 3250,26743.645, 8.468,5689
 3251,26752.117, 8.472,5689
 3252,26760.609, 8.494,5689
 3253,26769.150, 8.541,5689
 3254,26777.410, 8.257,5689
 3255,26786.006, 8.596,5689
 3256,26794.383, 8.379,5689
 3257,26802.938, 8.553,5689
 3258,26811.471, 8.535,5689
 3259,26820.326, 8.854,5689
 3260,26828.857, 8.532,5689
 3261,26837.545, 8.688,5689
 3262,26845.936, 8.390,5689
 3263,26853.984, 8.051,5689
 3264,26862.316, 8.330,5689
 3265,26870.746, 8.429,5689
 3266,26878.814, 8.070,5689
 3267,26887.254, 8.439,5689
 3268,26895.521, 8.266,5689
 3269,26904.105, 8.584,5689
 3270,26912.439, 8.335,5689
 3271,26920.896, 8.457,5689
 3272,26929.697, 8.800,5689
 3273,26938.313, 8.616,5689
 3274,26946.543, 8.231,5689
 3275,26955.289, 8.746,5689
 3276,26963.627, 8.338,5689
 3277,26972.367, 8.740,5689
 3278,26980.658, 8.290,5689
 3279,26988.914, 8.257,5689
 3280,26997.387, 8.473,5689
 3281,27005.883, 8.496,5689
 3282,27014.275, 8.392,5689
 3283,27022.670, 8.393,5689
 3284,27031.094, 8.426,5689
 3285,27039.918, 8.823,5689
 3286,27048.500, 8.582,5689
 3287,27057.398, 8.900,5689
 3288,27065.850, 8.451,5689
 3289,27082.906,17.056,5689
 3290,27092.361, 9.454,5689
 3291,27104.297,11.936,5689
 3292,27115.236,10.942,5689
 3293,27124.961, 9.723,5689
 3294,27133.582, 8.621,5689
 3295,27142.938, 9.355,5689
 3296,27151.754, 8.817,5689
 3297,27160.338, 8.584,5689
 3298,27169.107, 8.769,5689
 3299,27177.789, 8.683,5689
 3300,27186.229, 8.438,5689
 3301,27194.822, 8.592,5689
 3302,27203.477, 8.656,5689
 3303,27211.961, 8.484,5689
 3304,27220.637, 8.678,5689
 3305,27229.393, 8.755,5689
 3306,27237.873, 8.481,5689
 3307,27247.410, 9.535,5689
 3308,27256.334, 8.923,5689
 3309,27265.201, 8.869,5689
 3310,27273.838, 8.635,5689
 3311,27282.766, 8.928,5689
 3312,27291.760, 8.995,5689
 3313,27301.297, 9.537,5689
 3314,27310.297, 9.002,5689
 3315,27319.561, 9.263,5689
 3316,27328.525, 8.963,5689
 3317,27337.557, 9.034,5689
 3318,27346.865, 9.306,5689
 3319,27356.893,10.029,5689
 3320,27366.102, 9.209,5689
 3321,27375.260, 9.157,5689
 3322,27384.148, 8.889,5689
 3323,27393.180, 9.031,5689
 3324,27401.969, 8.791,5689
 3325,27411.461, 9.492,5689
 3326,27420.762, 9.298,5689
 3327,27430.121, 9.362,5689
 3328,27439.367, 9.245,5689
 3329,27448.264, 8.896,5689
 3330,27457.043, 8.780,5689
 3331,27465.754, 8.709,5689
 3332,27474.193, 8.440,5689
 3333,27482.721, 8.528,5689
 3334,27491.414, 8.694,5689
 3335,27501.484,10.071,5689
 3336,27510.996, 9.510,5689
 3337,27520.023, 9.028,5689
 3338,27528.830, 8.805,5689
 3339,27537.617, 8.790,5689
 3340,27546.285, 8.667,5689
 3341,27555.410, 9.124,5689
 3342,27564.369, 8.959,5689
 3343,27573.238, 8.869,5689
 3344,27581.846, 8.607,5689
 3345,27590.498, 8.654,5689
 3346,27599.178, 8.680,5689
 3347,27608.039, 8.861,5689
 3348,27617.537, 9.499,5689
 3349,27627.262, 9.723,5689
 3350,27636.482, 9.222,5689
 3351,27645.279, 8.796,5689
 3352,27654.277, 8.997,5689
 3353,27663.182, 8.905,5689
 3354,27672.459, 9.278,5689
 3355,27681.174, 8.715,5689
 3356,27689.666, 8.492,5689
 3357,27698.465, 8.800,5689
 3358,27706.926, 8.460,5689
 3359,27715.457, 8.531,5689
 3360,27724.082, 8.624,5689
 3361,27732.605, 8.524,5689
 3362,27741.006, 8.399,5689
 3363,27749.865, 8.860,5689
 3364,27758.309, 8.445,5689
 3365,27766.854, 8.543,5689
 3366,27775.666, 8.813,5689
 3367,27784.445, 8.781,5689
 3368,27793.068, 8.624,5689
 3369,27801.830, 8.760,5689
 3370,27810.498, 8.666,5689
 3371,27819.121, 8.624,5689
 3372,27827.689, 8.568,5689
 3373,27836.246, 8.556,5689
 3374,27844.896, 8.654,5689
 3375,27853.789, 8.891,5689
 3376,27862.455, 8.666,5689
 3377,27871.662, 9.206,5689
 3378,27880.754, 9.092,5689
 3379,27890.418, 9.664,5689
 3380,27900.629,10.212,5689
 3381,27910.209, 9.580,5689
 3382,27919.299, 9.090,5689
 3383,27928.252, 8.952,5689
 3384,27937.160, 8.908,5689
 3385,27946.084, 8.924,5689
 3386,27954.939, 8.856,5689
 3387,27963.953, 9.014,5689
 3388,27972.619, 8.666,5689
 3389,27981.813, 9.195,5689
 3390,27991.125, 9.310,5689
 3391,28000.137, 9.012,5689
 3392,28009.086, 8.948,5689
 3393,28018.123, 9.039,5689
 3394,28026.725, 8.602,5689
 3395,28035.541, 8.816,5689
 3396,28044.689, 9.148,5689
 3397,28054.281, 9.592,5689
 3398,28063.602, 9.320,5689
 3399,28072.770, 9.167,5689
 3400,28081.693, 8.924,5689
 3401,28091.301, 9.610,5689
 3402,28101.193, 9.892,5689
 3403,28110.967, 9.773,5689
 3404,28120.309, 9.343,5689
 3405,28129.662, 9.351,5689
 3406,28138.590, 8.928,5689
 3407,28147.727, 9.138,5689
 3408,28156.988, 9.260,5689
 3409,28166.650, 9.664,5689
 3410,28175.842, 9.189,5689
 3411,28185.465, 9.624,5689
 3412,28194.600, 9.135,5689
 3413,28203.627, 9.028,5689
 3414,28212.377, 8.749,5689
 3415,28221.229, 8.853,5689
 3416,28229.793, 8.565,5689
 3417,28238.574, 8.778,5689
 3418,28247.215, 8.643,5689
 3419,28256.158, 8.942,5689
 3420,28264.764, 8.606,5689
 3421,28273.451, 8.688,5689
 3422,28282.186, 8.733,5689
 3423,28291.914, 9.729,5689
 3424,28301.682, 9.767,5689
 3425,28311.350, 9.670,5689
 3426,28320.285, 8.935,5689
 3427,28329.166, 8.881,5689
 3428,28338.115, 8.949,5689
 3429,28346.865, 8.751,5689
 3430,28355.648, 8.784,5689
 3431,28364.869, 9.218,5689
 3432,28373.617, 8.749,5689
 3433,28382.389, 8.772,5689
 3434,28391.170, 8.781,5689
 3435,28400.133, 8.963,5689
 3436,28409.322, 9.188,5689
 3437,28418.609, 9.289,5689
 3438,28427.688, 9.077,5689
 3439,28436.574, 8.885,5689
 3440,28445.201, 8.630,5689
 3441,28453.977, 8.776,5689
 3442,28462.631, 8.653,5689
 3443,28471.412, 8.780,5689
 3444,28480.061, 8.649,5689
 3445,28488.910, 8.849,5689
 3446,28497.510, 8.601,5689
 3447,28506.441, 8.931,5689
 3448,28515.545, 9.104,5689
 3449,28524.465, 8.920,5689
 3450,28533.309, 8.844,5689
 3451,28542.078, 8.768,5689
 3452,28550.834, 8.757,5689
 3453,28560.279, 9.445,5689
 3454,28568.977, 8.697,5689
 3455,28577.938, 8.960,5689
 3456,28586.617, 8.681,5689
 3457,28595.742, 9.123,5689
 3458,28604.867, 9.127,5689
 3459,28614.361, 9.494,5689
 3460,28623.994, 9.633,5689
 3461,28633.266, 9.270,5689
 3462,28642.271, 9.007,5689
 3463,28651.686, 9.414,5689
 3464,28661.201, 9.517,5689
 3465,28670.730, 9.529,5689
 3466,28680.418, 9.686,5689
 3467,28691.666,11.247,5689
 3468,28701.738,10.074,5689
 3469,28711.502, 9.763,5689
 3470,28720.838, 9.337,5689
 3471,28731.865,11.027,5689
 3472,28741.492, 9.626,5689
 3473,28751.109, 9.618,5689
 3474,28760.682, 9.571,5689
 3475,28770.449, 9.768,5689
 3476,28779.941, 9.493,5689
 3477,28789.787, 9.846,5689
 3478,28799.313, 9.527,5689
 3479,28809.561,10.248,5689
 3480,28818.482, 8.921,5689
 3481,28827.473, 8.990,5689
 3482,28837.072, 9.598,5689
 3483,28846.006, 8.933,5689
 3484,28854.943, 8.939,5689
 3485,28864.010, 9.067,5689
 3486,28873.477, 9.467,5689
 3487,28882.641, 9.164,5689
 3488,28892.002, 9.359,5689
 3489,28900.986, 8.984,5689
 3490,28910.080, 9.095,5689
 3491,28919.354, 9.275,5689
 3492,28928.438, 9.083,5689
 3493,28937.975, 9.538,5689
 3494,28947.662, 9.686,5689
 3495,28957.432, 9.770,5689
 3496,28966.678, 9.246,5689
 3497,28976.350, 9.671,5689
 3498,28985.576, 9.227,5689
 3499,28995.098, 9.523,5689
 3500,29004.557, 9.459,5689
 3501,29014.377, 9.819,5689
 3502,29024.125, 9.748,5689
 3503,29033.266, 9.141,5689
 3504,29042.041, 8.777,5689
 3505,29051.678, 9.636,5689
 3506,29061.156, 9.477,5689
 3507,29071.113, 9.957,5689
 3508,29081.613,10.500,5689
 3509,29091.709,10.096,5689
 3510,29100.746, 9.037,5689
 3511,29111.113,10.367,5689
 3512,29120.506, 9.394,5689
 3513,29130.518,10.011,5689
 3514,29140.754,10.235,5689
 3515,29150.465, 9.714,5689
 3516,29160.311, 9.845,5689
 3517,29169.732, 9.422,5689
 3518,29179.457, 9.725,5689
 3519,29188.941, 9.484,5689
 3520,29198.225, 9.284,5689
 3521,29207.678, 9.451,5689
 3522,29216.973, 9.297,5689
 3523,29227.473,10.498,5689
 3524,29236.766, 9.293,5689
 3525,29246.350, 9.585,5689
 3526,29256.094, 9.743,5689
 3527,29266.537,10.444,5689
 3528,29276.441, 9.903,5689
 3529,29286.232, 9.792,5689
 3530,29296.078, 9.844,5689
 3531,29306.129,10.053,5689
 3532,29315.813, 9.685,5689
 3533,29325.838,10.022,5689
 3534,29335.965,10.130,5689
 3535,29346.105,10.140,5689
 3536,29356.334,10.227,5689
 3537,29366.543,10.210,5689
 3538,29377.158,10.613,5689
 3539,29387.189,10.032,5689
 3540,29397.148, 9.962,5689
 3541,29406.992, 9.841,5689
 3542,29416.797, 9.807,5689
 3543,29429.842,13.043,5689
 3544,29439.992,10.150,5689
 3545,29449.824, 9.832,5689
 3546,29459.359, 9.536,5689
 3547,29470.465,11.107,5689
 3548,29480.859,10.393,5689
 3549,29490.514, 9.655,5689
 3550,29499.969, 9.456,5689
 3551,29509.570, 9.600,5689
 3552,29519.102, 9.530,5689
 3553,29528.682, 9.581,5689
 3554,29538.045, 9.364,5689
 3555,29547.545, 9.500,5689
 3556,29557.313, 9.767,5689
 3557,29566.994, 9.681,5689
 3558,29576.334, 9.341,5689
 3559,29586.340,10.005,5689
 3560,29595.678, 9.338,5689
 3561,29605.414, 9.737,5689
 3562,29614.930, 9.516,5689
 3563,29624.330, 9.400,5689
 3564,29633.494, 9.162,5689
 3565,29642.854, 9.360,5689
 3566,29652.469, 9.617,5689
 3567,29661.869, 9.401,5689
 3568,29671.348, 9.477,5689
 3569,29680.793, 9.445,5689
 3570,29690.502, 9.708,5689
 3571,29700.354, 9.853,5689
 3572,29709.830, 9.475,5689
 3573,29719.287, 9.459,5689
 3574,29728.881, 9.595,5689
 3575,29738.250, 9.368,5689
 3576,29747.822, 9.572,5689
 3577,29757.396, 9.576,5689
 3578,29766.717, 9.320,5689
 3579,29776.289, 9.570,5689
 3580,29785.656, 9.367,5689
 3581,29795.457, 9.802,5689
 3582,29805.027, 9.570,5689
 3583,29815.094,10.067,5689
 3584,29824.410, 9.315,5689
 3585,29833.717, 9.308,5689
 3586,29843.000, 9.282,5689
 3587,29853.014,10.014,5689
 3588,29863.697,10.683,5689
 3589,29874.826,11.128,5689
 3590,29884.824, 9.999,5689
 3591,29894.686, 9.863,5689
 3592,29905.104,10.417,5689
 3593,29915.078, 9.973,5689
 3594,29924.598, 9.521,5689
 3595,29934.514, 9.917,5689
 3596,29944.330, 9.814,5689
 3597,29954.029, 9.702,5689
 3598,29963.650, 9.618,5689
 3599,29973.424, 9.775,5689
 3600,29982.869, 9.445,5689
 3601,29992.924,10.055,5689
 3602,30003.412,10.488,5689
 3603,30014.621,11.210,5689
 3604,30025.246,10.624,5689
 3605,30036.369,11.123,5689
 3606,30046.051, 9.683,5689
 3607,30056.629,10.579,5689
 3608,30067.490,10.859,5689
 3609,30077.340, 9.850,5689
 3610,30087.904,10.564,5689
 3611,30098.881,10.979,5689
 3612,30109.742,10.860,5689
 3613,30120.676,10.933,5689
 3614,30131.061,10.387,5689
 3615,30141.586,10.524,5689
 3616,30151.781,10.194,5689
 3617,30162.271,10.491,5689
 3618,30174.639,12.368,5689
 3619,30185.373,10.733,5689
 3620,30196.133,10.760,5689
 3621,30206.354,10.220,5689
 3622,30215.957, 9.606,5689
 3623,30226.285,10.326,5689
 3624,30235.754, 9.468,5689
 3625,30245.422, 9.670,5689
 3626,30255.002, 9.578,5689
 3627,30266.813,11.812,5689
 3628,30276.869,10.057,5689
 3629,30286.801, 9.932,5689
 3630,30296.617, 9.816,5689
 3631,30306.537, 9.919,5689
 3632,30316.217, 9.680,5689
 3633,30326.350,10.133,5689
 3634,30336.887,10.538,5689
 3635,30347.096,10.208,5689
 3636,30356.986, 9.891,5689
 3637,30367.029,10.042,5689
 3638,30376.588, 9.559,5689
 3639,30386.428, 9.840,5689
 3640,30395.941, 9.515,5689
 3641,30405.594, 9.652,5689
 3642,30415.223, 9.629,5689
 3643,30424.902, 9.679,5689
 3644,30434.521, 9.618,5689
 3645,30444.889,10.370,5689
 3646,30454.625, 9.736,5689
 3647,30464.389, 9.762,5689
 3648,30473.760, 9.371,5689
 3649,30483.668, 9.908,5689
 3650,30493.369, 9.701,5689
 3651,30502.918, 9.550,5689
 3652,30513.018,10.098,5689
 3653,30522.861, 9.844,5689
 3654,30532.994,10.133,5689
 3655,30542.932, 9.938,5689
 3656,30553.094,10.161,5689
 3657,30563.293,10.200,5689
 3658,30573.014, 9.720,5689
 3659,30582.934, 9.920,5689
 3660,30592.348, 9.415,5689
 3661,30602.518,10.171,5689
 3662,30612.928,10.409,5689
 3663,30622.887, 9.960,5689
 3664,30632.742, 9.855,5689
 3665,30642.270, 9.526,5689
 3666,30652.918,10.648,5689
 3667,30665.389,12.472,5689
 3668,30676.498,11.110,5689
 3669,30686.811,10.313,5689
 3670,30697.574,10.761,5689
 3671,30707.541, 9.968,5689
 3672,30717.488, 9.947,5689
 3673,30727.482, 9.993,5689
 3674,30737.260, 9.779,5689
 3675,30747.246, 9.986,5689
 3676,30757.303,10.058,5689
 3677,30767.613,10.309,5689
 3678,30777.674,10.060,5689
 3679,30787.840,10.167,5689
 3680,30797.711, 9.872,5689
 3681,30807.818,10.105,5689
 3682,30818.273,10.457,5689
 3683,30828.830,10.555,5689
 3684,30839.701,10.873,5689
 3685,30850.438,10.736,5689
 3686,30862.121,11.684,5689
 3687,30873.258,11.137,5689
 3688,30883.959,10.701,5689
 3689,30894.213,10.254,5689
 3690,30904.285,10.072,5689
 3691,30914.758,10.473,5689
 3692,30925.045,10.288,5689
 3693,30935.574,10.526,5689
 3694,30946.246,10.673,5689
 3695,30956.914,10.668,5689
 3696,30967.201,10.289,5689
 3697,30977.410,10.208,5689
 3698,30987.266, 9.854,5689
 3699,30997.068, 9.803,5689
 3700,31006.867, 9.800,5689
 3701,31016.895,10.028,5689
 3702,31026.828, 9.932,5689
 3703,31036.750, 9.923,5689
 3704,31046.682, 9.932,5689
 3705,31057.369,10.688,5689
 3706,31069.201,11.832,5689
 3707,31080.154,10.951,5689
 3708,31090.221,10.068,5689
 3709,31100.258,10.035,5689
 3710,31110.365,10.109,5689
 3711,31120.670,10.304,5689
 3712,31131.834,11.164,5689
 3713,31141.936,10.102,5689
 3714,31152.297,10.361,5689
 3715,31163.463,11.167,5689
 3716,31173.553,10.091,5689
 3717,31184.457,10.904,5689
 3718,31194.477,10.018,5689
 3719,31204.506,10.029,5689
 3720,31214.506, 9.999,5689
 3721,31224.391, 9.887,5689
 3722,31234.133, 9.743,5689
 3723,31243.977, 9.842,5689
 3724,31253.670, 9.693,5689
 3725,31263.779,10.110,5689
 3726,31273.633, 9.855,5689
 3727,31283.820,10.185,5689
 3728,31294.357,10.538,5689
 3729,31304.557,10.201,5689
 3730,31314.570,10.012,5689
 3731,31324.754,10.184,5689
 3732,31334.865,10.110,5689
 3733,31344.814, 9.949,5689
 3734,31354.854,10.040,5689
 3735,31365.193,10.340,5689
 3736,31375.373,10.179,5689
 3737,31386.107,10.735,5689
 3738,31397.781,11.674,5689
 3739,31409.982,12.199,5689
 3740,31420.936,10.955,5689
 3741,31432.957,12.021,5689
 3742,31443.785,10.829,5689
 3743,31456.824,13.038,5689
 3744,31467.918,11.094,5689
 3745,31479.281,11.364,5689
 3746,31490.154,10.871,5689
 3747,31502.262,12.109,5689
 3748,31513.449,11.187,5689
 3749,31525.936,12.487,5689
 3750,31536.463,10.528,5689
 3751,31547.465,11.001,5689
 3752,31558.570,11.105,5689
 3753,31570.529,11.959,5689
 3754,31581.502,10.974,5689
 3755,31592.846,11.344,5689
 3756,31603.678,10.831,5689
 3757,31614.811,11.134,5689
 3758,31624.889,10.078,5689
 3759,31635.301,10.412,5689
 3760,31645.441,10.139,5689
 3761,31655.709,10.268,5689
 3762,31666.002,10.293,5689
 3763,31676.381,10.381,5689
 3764,31686.434,10.050,5689
 3765,31696.598,10.164,5689
 3766,31706.666,10.068,5689
 3767,31717.363,10.699,5689
 3768,31727.674,10.311,5689
 3769,31737.902,10.226,5689
 3770,31747.889, 9.990,5689
 3771,31758.197,10.308,5689
 3772,31768.070, 9.871,5689
 3773,31778.400,10.330,5689
 3774,31788.188, 9.788,5689
 3775,31798.586,10.397,5689
 3776,31808.541, 9.958,5689
 3777,31819.045,10.503,5689
 3778,31829.373,10.327,5689
 3779,31840.857,11.484,5689
 3780,31852.121,11.265,5689
 3781,31863.439,11.318,5689
 3782,31873.654,10.213,5689
 3783,31884.096,10.443,5689
 3784,31894.371,10.276,5689
 3785,31904.646,10.273,5689
 3786,31914.898,10.252,5689
 3787,31925.484,10.587,5689
 3788,31936.152,10.668,5689
 3789,31946.553,10.402,5689
 3790,31956.904,10.350,5689
 3791,31967.377,10.475,5689
 3792,31977.920,10.541,5689
 3793,31988.373,10.453,5689
 3794,31998.156, 9.783,5689
 3795,32008.588,10.432,5689
 3796,32018.777,10.191,5689
 3797,32029.672,10.893,5689
 3798,32040.305,10.635,5689
 3799,32050.877,10.571,5689
 3800,32061.240,10.362,5689
 3801,32072.307,11.068,5689
 3802,32083.029,10.723,5689
 3803,32093.883,10.853,5689
 3804,32104.611,10.728,5689
 3805,32115.881,11.270,5689
 3806,32126.154,10.272,5689
 3807,32137.035,10.882,5689
 3808,32148.498,11.462,5689
 3809,32159.436,10.938,5689
 3810,32169.910,10.474,5689
 3811,32180.930,11.019,5689
 3812,32191.711,10.783,5689
 3813,32202.449,10.737,5689
 3814,32213.182,10.732,5689
 3815,32224.158,10.978,5689
 3816,32234.217,10.060,5689
 3817,32245.402,11.183,5689
 3818,32257.557,12.156,5689
 3819,32268.393,10.836,5689
 3820,32278.621,10.228,5689
 3821,32289.193,10.572,5689
 3822,32299.506,10.313,5689
 3823,32310.094,10.586,5689
 3824,32320.613,10.520,5689
 3825,32331.002,10.388,5689
 3826,32341.520,10.519,5689
 3827,32352.545,11.026,5689
 3828,32363.785,11.241,5689
 3829,32374.529,10.743,5689
 3830,32384.994,10.465,5689
 3831,32395.809,10.815,5689
 3832,32405.842,10.031,5689
 3833,32416.393,10.553,5689
 3834,32426.357, 9.964,5689
 3835,32436.615,10.258,5689
 3836,32446.705,10.090,5689
 3837,32456.898,10.192,5689
 3838,32467.688,10.790,5689
 3839,32478.248,10.560,5689
 3840,32488.361,10.114,5689
 3841,32498.717,10.356,5689
 3842,32509.043,10.326,5689
 3843,32519.273,10.229,5689
 3844,32529.293,10.020,5689
 3845,32539.570,10.276,5689
 3846,32549.762,10.192,5689
 3847,32560.070,10.309,5689
 3848,32571.229,11.158,5689
 3849,32581.877,10.650,5689
 3850,32592.217,10.341,5689
 3851,32602.570,10.350,5689
 3852,32613.039,10.471,5689
 3853,32623.430,10.389,5689
 3854,32634.068,10.639,5689
 3855,32646.172,12.104,5689
 3856,32657.797,11.627,5689
 3857,32668.889,11.092,5689
 3858,32679.789,10.900,5689
 3859,32690.756,10.965,5689
 3860,32701.402,10.645,5689
 3861,32712.186,10.784,5689
 3862,32722.633,10.450,5689
 3863,32733.129,10.496,5689
 3864,32743.494,10.362,5689
 3865,32753.969,10.478,5689
 3866,32764.602,10.631,5689
 3867,32775.152,10.550,5689
 3868,32786.281,11.131,5689
 3869,32797.129,10.846,5689
 3870,32807.629,10.499,5689
 3871,32818.496,10.870,5689
 3872,32829.145,10.648,5689
 3873,32839.961,10.816,5689
 3874,32851.039,11.076,5689
 3875,32862.004,10.969,5689
 3876,32872.980,10.973,5689
 3877,32884.027,11.046,5689
 3878,32895.801,11.776,5689
 3879,32907.363,11.562,5689
 3880,32918.465,11.100,5689
 3881,32930.004,11.541,5689
 3882,32941.098,11.094,5689
 3883,32951.840,10.743,5689
 3884,32962.926,11.084,5689
 3885,32974.656,11.731,5689
 3886,32985.609,10.954,5689
 3887,32997.371,11.760,5689
 3888,33008.016,10.645,5689
 3889,33018.719,10.701,5689
 3890,33029.086,10.370,5689
 3891,33039.723,10.637,5689
 3892,33051.105,11.382,5689
 3893,33062.574,11.470,5689
 3894,33073.645,11.069,5689
 3895,33084.414,10.771,5689
 3896,33095.547,11.130,5689
 3897,33107.879,12.331,5689
 3898,33118.973,11.098,5689
 3899,33129.902,10.927,5689
 3900,33140.707,10.805,5689
 3901,33151.387,10.681,5689
 3902,33161.969,10.580,5689
 3903,33173.246,11.280,5689
 3904,33186.875,13.628,5689
 3905,33199.129,12.252,5689
 3906,33212.301,13.174,5689
 3907,33224.918,12.616,5689
 3908,33236.637,11.718,5689
 3909,33248.816,12.182,5689
 3910,33261.348,12.533,5689
 3911,33273.805,12.454,5689
 3912,33285.949,12.143,5689
 3913,33298.313,12.367,5689
 3914,33309.535,11.219,5689
 3915,33324.871,15.336,5689
 3916,33337.613,12.743,5689
 3917,33348.348,10.737,5689
 3918,33359.270,10.921,5689
 3919,33369.988,10.720,5689
 3920,33380.641,10.651,5689
 3921,33391.387,10.744,5689
 3922,33402.105,10.721,5689
 3923,33413.223,11.117,5689
 3924,33424.574,11.352,5689
 3925,33435.789,11.213,5689
 3926,33448.457,12.669,5689
 3927,33460.883,12.426,5689
 3928,33472.211,11.328,5689
 3929,33483.594,11.383,5689
 3930,33494.133,10.540,5689
 3931,33505.105,10.972,5689
 3932,33515.973,10.867,5689
 3933,33527.109,11.135,5689
 3934,33538.492,11.385,5689
 3935,33549.918,11.426,5689
 3936,33560.648,10.731,5689
 3937,33571.984,11.337,5689
 3938,33582.730,10.740,5689
 3939,33593.492,10.766,5689
 3940,33604.563,11.068,5689
 3941,33616.219,11.657,5689
 3942,33627.406,11.186,5689
 3943,33638.992,11.587,5689
 3944,33650.383,11.390,5689
 3945,33661.824,11.443,5689
 3946,33673.004,11.180,5689
 3947,33684.375,11.370,5689
 3948,33696.430,12.056,5689
 3949,33707.734,11.302,5689
 3950,33718.953,11.222,5689
 3951,33730.254,11.299,5689
 3952,33741.773,11.521,5689
 3953,33754.098,12.325,5689
 3954,33765.344,11.245,5689
 3955,33776.148,10.805,5689
 3956,33786.617,10.466,5689
 3957,33797.273,10.656,5689
 3958,33807.891,10.619,5689
 3959,33818.738,10.848,5689
 3960,33829.383,10.642,5689
 3961,33839.887,10.504,5689
 3962,33851.066,11.182,5689
 3963,33863.656,12.589,5689
 3964,33875.039,11.382,5689
 3965,33885.984,10.946,5689
 3966,33896.773,10.790,5689
 3967,33907.672,10.900,5689
 3968,33918.457,10.784,5689
 3969,33929.441,10.984,5689
 3970,33940.355,10.914,5689
 3971,33951.586,11.232,5689
 3972,33962.953,11.364,5689
 3973,33973.914,10.962,5689
 3974,33984.938,11.025,5689
 3975,33996.141,11.202,5689
 3976,34006.707,10.566,5689
 3977,34017.410,10.701,5689
 3978,34027.992,10.586,5689
 3979,34038.785,10.791,5689
 3980,34049.238,10.452,5689
 3981,34060.160,10.923,5689
 3982,34071.727,11.565,5689
 3983,34083.844,12.122,5689
 3984,34094.719,10.871,5689
 3985,34105.387,10.669,5689
 3986,34116.145,10.757,5689
 3987,34127.000,10.858,5689
 3988,34137.480,10.482,5689
 3989,34148.418,10.933,5689
 3990,34159.066,10.650,5689
 3991,34170.320,11.257,5689
 3992,34182.199,11.874,5689
 3993,34193.492,11.297,5689
 3994,34204.488,10.994,5689
 3995,34215.805,11.318,5689
 3996,34227.047,11.238,5689
 3997,34238.539,11.495,5689
 3998,34250.879,12.337,5689
 3999,34263.840,12.967,5689
 4000,34275.633,11.789,5689
 4001,34288.250,12.618,5689
 4002,34300.234,11.981,5689
 4003,34312.867,12.634,5689
 4004,34324.727,11.860,5689
 4005,34336.465,11.738,5689
 4006,34347.766,11.301,5689
 4007,34359.750,11.984,5689
 4008,34372.027,12.279,5689
 4009,34384.094,12.067,5689
 4010,34396.316,12.223,5689
 4011,34407.418,11.099,5689
 4012,34418.371,10.954,5689
 4013,34429.859,11.485,5689
 4014,34440.598,10.741,5689
 4015,34451.668,11.074,5689
 4016,34462.277,10.608,5689
 4017,34473.152,10.874,5689
 4018,34483.656,10.503,5689
 4019,34494.977,11.322,5689
 4020,34506.625,11.650,5689
 4021,34517.852,11.220,5689
 4022,34528.398,10.549,5689
 4023,34539.344,10.949,5689
 4024,34550.063,10.715,5689
 4025,34560.695,10.634,5689
 4026,34571.352,10.656,5689
 4027,34582.594,11.243,5689
 4028,34593.395,10.799,5689
 4029,34604.625,11.235,5689
 4030,34615.504,10.880,5689
 4031,34626.328,10.823,5689
 4032,34637.031,10.699,5689
 4033,34648.426,11.396,5689
 4034,34660.570,12.145,5689
 4035,34672.438,11.868,5689
 4036,34683.957,11.518,5689
 4037,34695.117,11.162,5689
 4038,34706.289,11.173,5689
 4039,34717.852,11.556,5689
 4040,34728.816,10.972,5689
 4041,34739.996,11.179,5689
 4042,34750.992,10.994,5689
 4043,34761.859,10.863,5689
 4044,34772.914,11.056,5689
 4045,34783.840,10.928,5689
 4046,34794.418,10.578,5689
 4047,34805.754,11.338,5689
 4048,34817.426,11.668,5689
 4049,34829.172,11.751,5689
 4050,34840.316,11.144,5689
 4051,34851.578,11.258,5689
 4052,34862.703,11.124,5689
 4053,34874.234,11.535,5689
 4054,34885.723,11.484,5689
 4055,34897.176,11.460,5689
 4056,34908.793,11.616,5689
 4057,34920.676,11.883,5689
 4058,34932.320,11.643,5689
 4059,34944.242,11.920,5689
 4060,34955.816,11.577,5689
 4061,34967.578,11.759,5689
 4062,34978.703,11.123,5689
 4063,34990.664,11.967,5689
 4064,35002.535,11.865,5689
 4065,35014.227,11.694,5689
 4066,35025.117,10.891,5689
 4067,35036.684,11.566,5689
 4068,35048.566,11.881,5689
 4069,35061.508,12.944,5689
 4070,35072.746,11.236,5689
 4071,35084.383,11.636,5689
 4072,35095.555,11.173,5689
 4073,35106.871,11.316,5689
 4074,35118.191,11.319,5689
 4075,35130.609,12.423,5689
 4076,35142.113,11.502,5689
 4077,35153.555,11.442,5689
 4078,35164.793,11.237,5689
 4079,35176.137,11.345,5689
 4080,35187.699,11.559,5689
 4081,35199.473,11.775,5689
 4082,35211.617,12.144,5689
 4083,35222.410,10.794,5689
 4084,35233.336,10.930,5689
 4085,35244.980,11.643,5689
 4086,35256.289,11.309,5689
 4087,35267.219,10.927,5689
 4088,35278.113,10.897,5689
 4089,35289.137,11.024,5689
 4090,35299.852,10.711,5689
 4091,35311.723,11.870,5689
 4092,35322.594,10.872,5689
 4093,35333.875,11.283,5689
 4094,35345.094,11.219,5689
 4095,35356.188,11.091,5689
 4096,35367.113,10.930,5689
 4097,35378.105,10.989,5689
 4098,35388.867,10.761,5689
 4099,35399.617,10.751,5689
 4100,35411.195,11.577,5689
 4101,35422.637,11.445,5689
 4102,35433.750,11.112,5689
 4103,35446.566,12.814,5689
 4104,35459.668,13.104,5689
 4105,35471.711,12.040,5689
 4106,35482.840,11.132,5689
 4107,35494.145,11.305,5689
 4108,35505.551,11.403,5689
 4109,35516.750,11.201,5689
 4110,35527.699,10.948,5689
 4111,35539.246,11.547,5689
 4112,35550.188,10.940,5689
 4113,35561.664,11.480,5689
 4114,35572.930,11.264,5689
 4115,35584.871,11.940,5689
 4116,35596.082,11.213,5689
 4117,35607.199,11.116,5689
 4118,35618.742,11.543,5689
 4119,35630.445,11.705,5689
 4120,35642.113,11.670,5689
 4121,35653.676,11.561,5689
 4122,35665.723,12.047,5689
 4123,35677.379,11.653,5689
 4124,35688.594,11.219,5689
 4125,35700.488,11.896,5689
 4126,35712.066,11.573,5689
 4127,35723.770,11.703,5689
 4128,35735.070,11.302,5689
 4129,35746.992,11.924,5689
 4130,35758.691,11.695,5689
 4131,35770.859,12.170,5689
 4132,35782.594,11.733,5689
 4133,35793.738,11.145,5689
 4134,35804.707,10.971,5689
 4135,35816.082,11.372,5689
 4136,35827.109,11.029,5689
 4137,35838.160,11.054,5689
 4138,35849.762,11.601,5689
 4139,35862.359,12.595,5689
 4140,35874.441,12.081,5689
 4141,35886.742,12.303,5689
 4142,35898.754,12.009,5689
 4143,35910.363,11.612,5689
 4144,35921.570,11.208,5689
 4145,35932.898,11.324,5689
 4146,35943.992,11.098,5689
 4147,35955.395,11.401,5689
 4148,35967.586,12.190,5689
 4149,35979.113,11.531,5689
 4150,35991.047,11.929,5689
 4151,36002.516,11.468,5689
 4152,36013.922,11.410,5689
 4153,36025.098,11.177,5689
 4154,36035.883,10.782,5689
 4155,36047.164,11.284,5689
 4156,36058.402,11.235,5689
 4157,36069.617,11.219,5689
 4158,36080.938,11.320,5689
 4159,36092.574,11.635,5689
 4160,36104.477,11.904,5689
 4161,36115.984,11.506,5689
 4162,36127.090,11.107,5689
 4163,36138.172,11.081,5689
 4164,36149.641,11.469,5689
 4165,36160.754,11.114,5689
 4166,36171.754,11.000,5689
 4167,36183.242,11.488,5689
 4168,36194.730,11.488,5689
 4169,36207.168,12.436,5689
 4170,36219.078,11.910,5689
 4171,36230.746,11.670,5689
 4172,36242.734,11.986,5689
 4173,36257.648,14.914,5689
 4174,36270.684,13.035,5689
 4175,36283.762,13.078,5689
 4176,36295.816,12.056,5689
 4177,36308.238,12.420,5689
 4178,36320.367,12.130,5689
 4179,36332.719,12.350,5689
 4180,36344.832,12.117,5689
 4181,36357.258,12.424,5689
 4182,36369.027,11.766,5689
 4183,36381.090,12.067,5689
 4184,36393.309,12.219,5689
 4185,36405.840,12.534,5689
 4186,36418.301,12.458,5689
 4187,36429.914,11.613,5689
 4188,36441.008,11.096,5689
 4189,36452.465,11.453,5689
 4190,36463.707,11.242,5689
 4191,36474.980,11.276,5689
 4192,36486.227,11.246,5689
 4193,36497.547,11.316,5689
 4194,36508.723,11.179,5689
 4195,36520.727,12.004,5689
 4196,36531.773,11.046,5689
 4197,36543.211,11.436,5689
 4198,36554.434,11.227,5689
 4199,36565.586,11.148,5689
 4200,36576.539,10.953,5689
 4201,36588.996,12.461,5689
 4202,36600.641,11.642,5689
 4203,36611.965,11.327,5689
 4204,36623.672,11.707,5689
 4205,36635.621,11.949,5689
 4206,36648.219,12.597,5689
 4207,36660.656,12.437,5689
 4208,36672.027,11.371,5689
 4209,36683.531,11.504,5689
 4210,36695.039,11.505,5689
 4211,36706.492,11.457,5689
 4212,36717.918,11.425,5689
 4213,36729.840,11.922,5689
 4214,36741.250,11.408,5689
 4215,36753.164,11.916,5689
 4216,36764.930,11.765,5689
 4217,36776.465,11.538,5689
 4218,36788.168,11.704,5689
 4219,36799.750,11.579,5689
 4220,36811.680,11.926,5689
 4221,36823.660,11.986,5689
 4222,36836.156,12.494,5689
 4223,36848.727,12.569,5689
 4224,36861.016,12.288,5689
 4225,36873.281,12.266,5689
 4226,36885.793,12.514,5689
 4227,36897.914,12.118,5689
 4228,36910.266,12.355,5689
 4229,36923.043,12.776,5689
 4230,36935.250,12.205,5689
 4231,36948.430,13.181,5689
 4232,36960.770,12.340,5689
 4233,36973.457,12.689,5689
 4234,36986.047,12.587,5689
 4235,36998.094,12.050,5689
 4236,37010.922,12.828,5689
 4237,37023.938,13.017,5689
 4238,37037.082,13.141,5689
 4239,37051.000,13.923,5689
 4240,37063.324,12.322,5689
 4241,37075.461,12.135,5689
 4242,37087.895,12.433,5689
 4243,37100.203,12.308,5689
 4244,37112.969,12.766,5689
 4245,37125.406,12.438,5689
 4246,37137.160,11.755,5689
 4247,37149.035,11.875,5689
 4248,37161.387,12.351,5689
 4249,37173.250,11.861,5689
 4250,37185.129,11.882,5689
 4251,37196.906,11.777,5689
 4252,37208.473,11.568,5689
 4253,37220.680,12.202,5689
 4254,37233.648,12.971,5689
 4255,37250.727,17.079,5689
 4256,37262.496,11.771,5689
 4257,37274.777,12.279,5689
 4258,37286.559,11.782,5689
 4259,37298.371,11.811,5689
 4260,37309.902,11.531,5689
 4261,37321.547,11.643,5689
 4262,37333.398,11.855,5689
 4263,37344.711,11.310,5689
 4264,37356.219,11.511,5689
 4265,37368.277,12.057,5689
 4266,37380.320,12.047,5689
 4267,37392.082,11.756,5689
 4268,37403.938,11.857,5689
 4269,37415.730,11.793,5689
 4270,37427.438,11.709,5689
 4271,37440.434,12.995,5689
 4272,37452.504,12.071,5689
 4273,37464.680,12.173,5689
 4274,37476.730,12.052,5689
 4275,37488.727,11.996,5689
 4276,37500.617,11.891,5689
 4277,37512.754,12.135,5689
 4278,37524.516,11.760,5689
 4279,37536.203,11.691,5689
 4280,37548.328,12.128,5689
 4281,37560.156,11.827,5689
 4282,37572.102,11.943,5689
 4283,37585.754,13.654,5689
 4284,37597.730,11.974,5689
 4285,37612.289,14.561,5689
 4286,37624.316,12.027,5689
 4287,37636.777,12.461,5689
 4288,37648.723,11.945,5689
 4289,37660.746,12.024,5689
 4290,37673.215,12.466,5689
 4291,37686.145,12.932,5689
 4292,37699.039,12.892,5689
 4293,37711.234,12.197,5689
 4294,37723.563,12.328,5689
 4295,37735.348,11.783,5689
 4296,37747.746,12.403,5689
 4297,37761.672,13.924,5689
 4298,37773.980,12.311,5689
 4299,37786.461,12.479,5689
 4300,37799.691,13.226,5689
 4301,37811.977,12.288,5689
 4302,37823.820,11.845,5689
 4303,37835.988,12.168,5689
 4304,37848.871,12.881,5689
 4305,37861.109,12.239,5689
 4306,37872.738,11.627,5689
 4307,37884.133,11.397,5689
 4308,37896.004,11.872,5689
 4309,37908.469,12.465,5689
 4310,37920.539,12.066,5689
 4311,37932.809,12.273,5689
 4312,37944.758,11.950,5689
 4313,37956.613,11.854,5689
 4314,37968.348,11.731,5689
 4315,37980.051,11.708,5689
 4316,37991.949,11.898,5689
 4317,38003.621,11.672,5689
 4318,38016.039,12.417,5689
 4319,38027.789,11.752,5689
 4320,38039.285,11.496,5689
 4321,38051.066,11.777,5689
 4322,38062.641,11.577,5689
 4323,38073.859,11.216,5689
 4324,38085.430,11.573,5689
 4325,38097.086,11.657,5689
 4326,38108.531,11.442,5689
 4327,38120.898,12.371,5689
 4328,38132.387,11.485,5689
 4329,38143.719,11.334,5689
 4330,38155.242,11.524,5689
 4331,38166.531,11.286,5689
 4332,38178.012,11.482,5689
 4333,38189.395,11.384,5689
 4334,38200.965,11.570,5689
 4335,38212.453,11.488,5689
 4336,38224.473,12.019,5689
 4337,38237.281,12.812,5689
 4338,38250.238,12.953,5689
 4339,38262.719,12.482,5689
 4340,38274.359,11.639,5689
 4341,38286.051,11.691,5689
 4342,38297.320,11.272,5689
 4343,38309.180,11.857,5689
 4344,38320.707,11.527,5689
 4345,38333.129,12.423,5689
 4346,38345.020,11.892,5689
 4347,38356.891,11.871,5689
 4348,38368.766,11.874,5689
 4349,38380.371,11.606,5689
 4350,38392.188,11.817,5689
 4351,38403.930,11.744,5689
 4352,38415.762,11.828,5689
 4353,38427.914,12.155,5689
 4354,38440.332,12.420,5689
 4355,38452.465,12.130,5689
 4356,38464.547,12.080,5689
 4357,38476.695,12.150,5689
 4358,38488.086,11.391,5689
 4359,38500.504,12.422,5689
 4360,38512.750,12.242,5689
 4361,38524.859,12.110,5689
 4362,38536.801,11.943,5689
 4363,38549.746,12.941,5689
 4364,38561.891,12.144,5689
 4365,38574.465,12.577,5689
 4366,38586.605,12.141,5689
 4367,38598.297,11.693,5689
 4368,38609.621,11.323,5689
 4369,38621.473,11.850,5689
 4370,38633.160,11.688,5689
 4371,38645.934,12.775,5689
 4372,38659.016,13.080,5689
 4373,38670.926,11.910,5689
 4374,38682.578,11.654,5689
 4375,38694.254,11.676,5689
 4376,38706.055,11.800,5689
 4377,38717.648,11.594,5689
 4378,38729.496,11.851,5689
 4379,38741.070,11.570,5689
 4380,38753.203,12.132,5689
 4381,38765.641,12.440,5689
 4382,38777.602,11.960,5689
 4383,38789.254,11.651,5689
 4384,38800.816,11.567,5689
 4385,38812.539,11.716,5689
 4386,38823.816,11.280,5689
 4387,38835.406,11.591,5689
 4388,38846.785,11.381,5689
 4389,38858.656,11.870,5689
 4390,38871.309,12.651,5689
 4391,38883.492,12.184,5689
 4392,38895.234,11.742,5689
 4393,38907.227,11.989,5689
 4394,38918.887,11.662,5689
 4395,38930.559,11.673,5689
 4396,38942.832,12.274,5689
 4397,38954.449,11.617,5689
 4398,38966.230,11.780,5689
 4399,38978.418,12.186,5689
 4400,38990.578,12.160,5689
 4401,39006.941,16.367,5689
 4402,39019.109,12.166,5689
 4403,39031.449,12.343,5689
 4404,39045.254,13.801,5689
 4405,39057.973,12.720,5689
 4406,39069.816,11.843,5689
 4407,39082.090,12.275,5689
 4408,39094.676,12.582,5689
 4409,39107.852,13.179,5689
 4410,39119.836,11.985,5689
 4411,39131.598,11.762,5689
 4412,39143.516,11.916,5689
 4413,39155.461,11.948,5689
 4414,39166.961,11.499,5689
 4415,39178.871,11.907,5689
 4416,39191.891,13.020,5689
 4417,39204.199,12.310,5689
 4418,39216.344,12.144,5689
 4419,39228.188,11.842,5689
 4420,39240.441,12.257,5689
 4421,39254.090,13.646,5689
 4422,39266.094,12.005,5689
 4423,39278.211,12.116,5689
 4424,39290.602,12.394,5689
 4425,39302.992,12.393,5689
 4426,39315.336,12.342,5689
 4427,39327.484,12.147,5689
 4428,39339.867,12.380,5689
 4429,39351.543,11.678,5689
 4430,39363.199,11.655,5689
 4431,39375.121,11.923,5689
 4432,39386.758,11.638,5689
 4433,39398.355,11.594,5689
 4434,39410.176,11.822,5689
 4435,39421.930,11.755,5689
 4436,39434.203,12.271,5689
 4437,39447.316,13.116,5689
 4438,39459.035,11.715,5689
 4439,39471.121,12.090,5689
 4440,39483.055,11.933,5689
 4441,39494.727,11.671,5689
 4442,39507.047,12.319,5689
 4443,39519.063,12.016,5689
 4444,39530.684,11.620,5689
 4445,39542.523,11.840,5689
 4446,39554.148,11.629,5689
 4447,39566.141,11.991,5689
 4448,39577.785,11.646,5689
 4449,39589.727,11.940,5689
 4450,39601.535,11.806,5689
 4451,39613.891,12.357,5689
 4452,39625.789,11.899,5689
 4453,39637.141,11.352,5689
 4454,39648.832,11.694,5689
 4455,39660.496,11.661,5689
 4456,39672.227,11.729,5689
 4457,39683.777,11.552,5689
 4458,39695.324,11.550,5689
 4459,39709.387,14.058,5689
 4460,39721.211,11.825,5689
 4461,39733.281,12.074,5689
 4462,39744.852,11.567,5689
 4463,39756.715,11.864,5689
 4464,39768.477,11.762,5689
 4465,39780.441,11.966,5689
 4466,39792.070,11.627,5689
 4467,39804.082,12.014,5689
 4468,39816.148,12.065,5689
 4469,39829.949,13.801,5689
 4470,39843.559,13.608,5689
 4471,39856.090,12.534,5689
 4472,39868.531,12.436,5689
 4473,39881.098,12.571,5689
 4474,39893.602,12.505,5689
 4475,39905.691,12.085,5689
 4476,39918.359,12.668,5689
 4477,39931.180,12.822,5689
 4478,39943.969,12.793,5689
 4479,39956.961,12.991,5689
 4480,39969.637,12.676,5689
 4481,39981.379,11.740,5689
 4482,39993.457,12.078,5689
 4483,40005.492,12.038,5689
 4484,40017.070,11.575,5689
 4485,40028.969,11.899,5689
 4486,40041.441,12.475,5689
 4487,40053.496,12.052,5689
 4488,40065.266,11.770,5689
 4489,40077.051,11.783,5689
 4490,40088.723,11.675,5689
 4491,40101.105,12.383,5689
 4492,40113.152,12.046,5689
 4493,40125.266,12.111,5689
 4494,40137.098,11.835,5689
 4495,40149.445,12.346,5689
 4496,40161.180,11.733,5689
 4497,40173.355,12.174,5689
 4498,40185.617,12.265,5689
 4499,40197.434,11.818,5689
 4500,40209.109,11.676,5689
 4501,40221.648,12.537,5689
 4502,40234.945,13.299,5689
 4503,40247.434,12.485,5689
 4504,40259.875,12.441,5689
 4505,40269.531, 9.655,5655
 4506,40276.473, 6.947,5655
 4507,40284.730, 8.254,5655
 4508,40292.445, 7.717,5655
 4509,40299.398, 6.952,5655
 4510,40307.754, 8.356,5655
 4511,40315.602, 7.847,5655
 4512,40323.012, 7.410,5655
 4513,40331.152, 8.141,5655
 4514,40339.105, 7.955,5655
 4515,40347.188, 8.077,5655
 4516,40355.641, 8.457,5655
 4517,40363.613, 7.972,5655
 4518,40371.965, 8.354,5655
 4519,40379.828, 7.864,5655
 4520,40387.895, 8.063,5655
 4521,40401.543,13.647,5655
 4522,40414.512,12.969,5655
 4523,40426.043,11.531,5655
 4524,40435.867, 9.827,5655
 4525,40443.191, 7.321,5655
 4526,40450.414, 7.224,5655
 4527,40457.570, 7.155,5655
 4528,40464.984, 7.416,5655
 4529,40471.391, 6.405,5655
 4530,40479.602, 8.213,5655
 4531,40489.883,10.281,5655
 4532,40497.965, 8.083,5655
 4533,40506.379, 8.414,5655
 4534,40518.492,12.115,5655
 4535,40527.586, 9.091,5655
 4536,40535.977, 8.391,5655
 4537,40544.777, 8.802,5655
 4538,40553.773, 8.996,5655
 4539,40564.285,10.512,5655
 4540,40574.090, 9.804,5655
 4541,40584.102,10.010,5655
 4542,40595.031,10.930,5655
 4543,40604.113, 9.084,5655
 4544,40611.801, 7.689,5655
 4545,40619.031, 7.225,5655
 4546,40625.297, 6.270,5655
 4547,40632.320, 7.024,5655
 4548,40641.152, 8.829,5655
 4549,40651.855,10.703,5655
 4550,40661.289, 9.437,5655
 4551,40669.559, 8.266,5655
 4552,40681.621,12.065,5655
 4553,40692.914,11.291,5655
 4554,40703.445,10.531,5655
 4555,40713.230, 9.786,5655
 4556,40723.289,10.059,5655
 4557,40731.047, 7.757,5671
 4558,40741.711,10.664,5671
 4559,40752.066,10.354,5671
 4560,40760.750, 8.685,5671
 4561,40767.496, 6.749,5671
 4562,40773.926, 6.428,5671
 4563,40781.773, 7.846,5671
 4564,40792.016,10.241,5671
 4565,40803.918,11.905,5671
 4566,40815.316,11.399,5671
 4567,40825.609,10.292,5671
 4568,40835.969,10.362,5671
 4569,40845.715, 9.743,5671
 4570,40860.203,14.485,5671
 4571,40870.531,10.329,5671
 4572,40879.145, 8.616,5671
 4573,40891.133,11.988,5671
 4574,40904.805,13.673,5671
 4575,40916.988,12.184,5671
 4576,40925.730, 8.740,5671
 4577,40933.590, 7.860,5671
 4578,40941.934, 8.345,5671
 4579,40957.465,15.532,5671
 4580,40964.941, 7.474,5671
 4581,40972.160, 7.219,5671
 4582,40979.305, 7.146,5671
 4583,40988.406, 9.101,5687
 4584,40995.555, 7.148,5687
 4585,41002.035, 6.478,5687
 4586,41009.230, 7.198,5687
 4587,41015.496, 6.268,5687
 4588,41022.398, 6.900,5687
 4589,41029.387, 6.986,5687
 4590,41041.230,11.844,5687
 4591,41053.152,11.924,5687
 4592,41063.289,10.139,5687
 4593,41071.316, 8.025,5687
 4594,41078.965, 7.650,5687
 4595,41086.945, 7.979,5687
 4596,41094.273, 7.326,5687
 4597,41102.508, 8.232,5687
 4598,41110.602, 8.100,5687
 4599,41119.109, 8.506,5655
 4600,41126.680, 7.569,5655
 4601,41134.316, 7.639,5655
 4602,41175.234,40.918,5655
 4603,41182.848, 7.610,5655
 4604,41190.414, 7.567,5655
 4605,41198.207, 7.792,5655
 4606,41210.813,12.608,5655
 4607,41226.195,15.382,5655
 4608,41234.211, 8.017,5655
 4609,41241.316, 7.105,5655
 4610,41248.859, 7.541,5655
 4611,41255.781, 6.924,5655
 4612,41262.781, 7.001,5655
 4613,41270.473, 7.690,5655
 4614,41280.543,10.068,5655
 4615,41291.648,11.107,5655
 4616,41300.324, 8.678,5655
 4617,41306.941, 6.617,5655
 4618,41314.172, 7.226,5655
 4619,41324.039, 9.869,5655
 4620,41334.953,10.915,5655
 4621,41347.793,12.840,5655
 4622,41359.957,12.164,5655
 4623,41369.520, 9.560,5655
 4624,41376.211, 6.695,5687
 4625,41382.816, 6.604,5687
 4626,41393.645,10.829,5687
 4627,41399.844, 6.196,5687
 4628,41409.281, 9.439,5687
 4629,41416.961, 7.683,5687
 4630,41422.770, 5.806,5687
 4631,41429.730, 6.960,5687
 4632,41436.684, 6.952,5687
 4633,41442.723, 6.039,5687
 4634,41448.602, 5.880,5687
 4635,41455.340, 6.738,5687
 4636,41462.469, 7.132,5687
 4637,41468.691, 6.222,5687
 4638,41475.406, 6.714,5687
 4639,41482.965, 7.561,5687
 4640,41493.121,10.156,5687
 4641,41502.012, 8.885,5687
 4642,41509.184, 7.175,5687
 4643,41515.898, 6.717,5687
 4644,41524.703, 8.803,5687
 4645,41534.270, 9.568,5687
 4646,41546.246,11.976,5687
 4647,41559.320,13.073,5687
 4648,41571.852,12.528,5687
 4649,41583.891,12.040,5687
 4650,41595.332,11.445,5687
 4651,41603.867, 8.535,5687
 4652,41613.281, 9.415,5687
 4653,41621.027, 7.744,5687
 4654,41629.176, 8.146,5687
 4655,41638.762, 9.591,5687
 4656,41647.523, 8.759,5687
 4657,41655.828, 8.308,5687
 4658,41663.879, 8.047,5687
 4659,41672.754, 8.877,5687
 4660,41681.699, 8.942,5687
 4661,41690.473, 8.777,5687
 4662,41700.234, 9.759,5687
 4663,41709.066, 8.834,5687
 4664,41716.172, 7.104,5687
 4665,41722.418, 6.246,5687
 4666,41728.105, 5.691,5687
 4667,41733.871, 5.762,5687
 4668,41740.684, 6.813,5687
 4669,41747.969, 7.288,5687
 4670,41761.461,13.491,5687
 4671,41770.617, 9.155,5687
 4672,41779.773, 9.156,5687
 4673,41787.117, 7.346,5687
 4674,41794.246, 7.126,5687
 4675,41801.625, 7.380,5687
 4676,41808.195, 6.569,5687
 4677,41815.336, 7.139,5687
 4678,41822.441, 7.108,5687
 4679,41829.902, 7.460,5687
 4680,41837.063, 7.160,5703
 4681,41844.105, 7.047,5703
 4682,41851.320, 7.216,5703
 4683,41858.633, 7.309,5703
 4684,41868.152, 9.519,5703
 4685,41875.676, 7.523,5703
 4686,41883.109, 7.436,5703
 4687,41890.480, 7.370,5703
 4688,41897.863, 7.381,5703
 4689,41924.273,26.411,5703
 4690,41934.059, 9.786,5703
 4691,41943.094, 9.036,5703
 4692,41950.211, 7.115,5703
 4693,41955.660, 5.452,5703
 4694,41961.152, 5.490,5703
 4695,41966.477, 5.326,5703
 4696,41972.875, 6.397,5703
 4697,41978.082, 5.205,5703
 4698,41983.441, 5.364,5703
 4699,41989.777, 6.333,5703
 4700,41996.098, 6.321,5703
 4701,42002.348, 6.248,5703
 4702,42008.535, 6.188,5703
 4703,42013.820, 5.287,5703
 4704,42019.805, 5.985,5703
 4705,42024.996, 5.192,5703
 4706,42030.465, 5.467,5703
 4707,42036.434, 5.969,5703
 4708,42042.523, 6.090,5703
 4709,42048.570, 6.047,5703
 4710,42054.203, 5.633,5703
 4711,42060.078, 5.874,5703
 4712,42066.723, 6.645,5703
 4713,42072.688, 5.962,5703
 4714,42078.551, 5.866,5703
 4715,42084.844, 6.292,5703
 4716,42091.699, 6.856,5703
 4717,42097.453, 5.756,5703
 4718,42102.855, 5.400,5703
 4719,42108.344, 5.487,5703
 4720,42113.734, 5.393,5703
 4721,42119.969, 6.235,5703
 4722,42125.402, 5.433,5703
 4723,42131.801, 6.399,5703
 4724,42137.172, 5.367,5703
 4725,42143.434, 6.263,5703
 4726,42148.879, 5.446,5703
 4727,42155.242, 6.365,5703
 4728,42161.578, 6.336,5703
 4729,42168.059, 6.479,5703
 4730,42173.918, 5.860,5703
 4731,42180.508, 6.589,5703
 4732,42186.730, 6.221,5703
 4733,42192.109, 5.383,5703
 4734,42198.234, 6.122,5703
 4735,42204.563, 6.328,5703
 4736,42209.953, 5.394,5703
 4737,42216.609, 6.653,5703
 4738,42222.270, 5.662,5703
 4739,42228.035, 5.763,5703
 4740,42233.777, 5.747,5703
 4741,42240.313, 6.536,5703
 4742,42247.492, 7.177,5703
 4743,42254.066, 6.572,5703
 4744,42259.801, 5.739,5703
 4745,42265.434, 5.631,5703
 4746,42271.152, 5.717,5703
 4747,42278.285, 7.133,5703
 4748,42284.211, 5.926,5703
 4749,42289.973, 5.762,5703
 4750,42295.598, 5.624,5703
 4751,42301.395, 5.799,5703
 4752,42306.824, 5.431,5703
 4753,42312.543, 5.715,5703
 4754,42318.340, 5.796,5703
 4755,42325.164, 6.829,5703
 4756,42331.254, 6.087,5703
 4757,42337.082, 5.830,5703
 4758,42344.105, 7.022,5703
 4759,42350.934, 6.829,5703
 4760,42357.078, 6.142,5703
 4761,42363.488, 6.415,5703
 4762,42368.738, 5.244,5703
 4763,42374.969, 6.234,5703
 4764,42380.258, 5.289,5703
 4765,42386.164, 5.908,5703
 4766,42392.578, 6.413,5703
 4767,42398.977, 6.399,5703
 4768,42404.250, 5.271,5703
 4769,42409.848, 5.595,5703
 4770,42416.121, 6.277,5703
 4771,42421.395, 5.274,5703
 4772,42426.789, 5.395,5703
 4773,42432.172, 5.379,5703
 4774,42437.508, 5.336,5703
 4775,42443.797, 6.292,5703
 4776,42450.133, 6.335,5703
 4777,42460.785,10.655,5703
 4778,42467.320, 6.533,5703
 4779,42474.707, 7.384,5703
 4780,42481.613, 6.910,5703
 4781,42487.449, 5.837,5703
 4782,42493.875, 6.420,5703
 4783,42499.629, 5.759,5703
 4784,42506.148, 6.518,5703
 4785,42511.688, 5.537,5703
 4786,42517.105, 5.421,5703
 4787,42522.625, 5.520,5703
 4788,42528.203, 5.574,5703
 4789,42533.770, 5.567,5703
 4790,42539.996, 6.229,5703
 4791,42545.465, 5.469,5703
 4792,42552.094, 6.628,5703
 4793,42557.586, 5.490,5703
 4794,42563.059, 5.475,5703
 4795,42568.531, 5.472,5703
 4796,42574.746, 6.217,5703
 4797,42580.410, 5.661,5703
 4798,42587.012, 6.602,5703
 4799,42592.539, 5.529,5703
 4800,42599.426, 6.888,5703
 4801,42606.223, 6.793,5703
 4802,42613.289, 7.071,5703
 4803,42619.969, 6.678,5703
 4804,42625.473, 5.505,5703
 4805,42631.328, 5.857,5703
 4806,42637.953, 6.620,5703
 4807,42643.371, 5.420,5703
 4808,42648.785, 5.415,5703
 4809,42655.227, 6.437,5703
 4810,42660.699, 5.472,5703
 4811,42666.848, 6.150,5703
 4812,42673.309, 6.464,5703
 4813,42678.680, 5.367,5703
 4814,42684.004, 5.323,5703
 4815,42689.301, 5.302,5703
 4816,42694.746, 5.444,5703
 4817,42701.242, 6.498,5703
 4818,42707.082, 5.839,5703
 4819,42713.457, 6.376,5703
 4820,42719.965, 6.507,5703
 4821,42725.340, 5.372,5703
 4822,42730.859, 5.520,5703
 4823,42737.266, 6.410,5703
 4824,42742.699, 5.432,5703
 4825,42749.211, 6.508,5703
 4826,42754.809, 5.604,5703
 4827,42761.313, 6.502,5703
 4828,42766.746, 5.430,5703
 4829,42773.262, 6.517,5703
 4830,42779.754, 6.494,5703
 4831,42785.367, 5.611,5703
 4832,42790.930, 5.562,5703
 4833,42796.383, 5.455,5703
 4834,42802.996, 6.615,5703
 4835,42809.305, 6.308,5703
 4836,42816.656, 7.354,5703
 4837,42822.602, 5.942,5703
 4838,42829.449, 6.846,5703
 4839,42836.602, 7.152,5703
 4840,42843.738, 7.138,5703
 4841,42852.027, 8.290,5703
 4842,42859.457, 7.430,5703
 4843,42865.508, 6.049,5703
 4844,42872.270, 6.763,5703
 4845,42879.109, 6.841,5703
 4846,42885.035, 5.925,5703
 4847,42890.742, 5.706,5703
 4848,42897.727, 6.984,5703
 4849,42903.555, 5.827,5703
 4850,42910.699, 7.146,5703
 4851,42917.266, 6.569,5703
 4852,42924.230, 6.963,5703
 4853,42930.055, 5.824,5703
 4854,42937.270, 7.215,5703
 4855,42943.320, 6.051,5703
 4856,42950.145, 6.826,5703
 4857,42956.770, 6.621,5703
 4858,42962.305, 5.537,5703
 4859,42968.090, 5.786,5703
 4860,42975.441, 7.350,5703
 4861,42981.383, 5.940,5703
 4862,42987.121, 5.742,5703
 4863,42993.934, 6.811,5703
 4864,42999.691, 5.755,5703
 4865,43005.203, 5.512,5703
 4866,43010.754, 5.552,5703
 4867,43017.090, 6.337,5703
 4868,43023.004, 5.914,5703
 4869,43028.684, 5.680,5703
 4870,43034.176, 5.489,5703
 4871,43039.652, 5.482,5703
 4872,43045.445, 5.791,5703
 4873,43051.781, 6.336,5703
 4874,43058.211, 6.426,5703
 4875,43064.602, 6.394,5703
 4876,43070.148, 5.547,5703
 4877,43075.773, 5.626,5703
 4878,43081.180, 5.402,5703
 4879,43087.461, 6.286,5703
 4880,43092.902, 5.439,5703
 4881,43099.324, 6.423,5703
 4882,43105.668, 6.342,5703
 4883,43111.215, 5.547,5703
 4884,43117.449, 6.234,5703
 4885,43122.930, 5.480,5703
 4886,43128.918, 5.991,5703
 4887,43135.242, 6.324,5703
 4888,43141.824, 6.581,5703
 4889,43147.418, 5.594,5703
 4890,43152.867, 5.450,5703
 4891,43159.375, 6.505,5703
 4892,43165.035, 5.662,5703
 4893,43171.613, 6.578,5703
 4894,43178.020, 6.407,5703
 4895,43184.465, 6.444,5703
 4896,43190.895, 6.430,5703
 4897,43197.320, 6.426,5703
 4898,43202.961, 5.642,5703
 4899,43209.473, 6.511,5703
 4900,43215.746, 6.274,5703
 4901,43222.359, 6.611,5703
 4902,43230.348, 7.989,5703
 4903,43238.355, 8.005,5703
 4904,43246.195, 7.840,5703
 4905,43251.898, 5.708,5703
 4906,43258.352, 6.449,5703
 4907,43265.449, 7.101,5703
 4908,43271.359, 5.907,5703
 4909,43278.008, 6.650,5703
 4910,43283.625, 5.618,5703
 4911,43290.012, 6.385,5703
 4912,43295.547, 5.537,5703
 4913,43301.137, 5.592,5703
 4914,43306.805, 5.666,5703
 4915,43313.152, 6.347,5703
 4916,43318.906, 5.756,5703
 4917,43325.445, 6.538,5703
 4918,43331.270, 5.823,5703
 4919,43336.945, 5.679,5703
 4920,43343.141, 6.195,5703
 4921,43349.941, 6.800,5703
 4922,43355.734, 5.791,5703
 4923,43361.531, 5.798,5703
 4924,43367.402, 5.871,5703
 4925,43372.977, 5.577,5703
 4926,43378.668, 5.688,5703
 4927,43384.203, 5.532,5703
 4928,43391.184, 6.981,5703
 4929,43396.895, 5.713,5703
 4930,43402.598, 5.703,5703
 4931,43409.348, 6.747,5703
 4932,43416.125, 6.783,5703
 4933,43421.797, 5.672,5703
 4934,43427.633, 5.834,5703
 4935,43433.574, 5.940,5703
 4936,43439.570, 5.996,5703
 4937,43445.898, 6.331,5703
 4938,43452.320, 6.420,5703
 4939,43459.398, 7.078,5703
 4940,43465.402, 6.003,5703
 4941,43471.465, 6.066,5703
 4942,43477.352, 5.882,5703
 4943,43484.461, 7.112,5703
 4944,43490.699, 6.238,5703
 4945,43497.957, 7.258,5703
 4946,43505.230, 7.273,5703
 4947,43511.051, 5.820,5703
 4948,43516.734, 5.685,5703
 4949,43523.488, 6.755,5703
 4950,43529.410, 5.922,5703
 4951,43535.266, 5.853,5703
 4952,43542.125, 6.860,5703
 4953,43549.273, 7.148,5703
 4954,43556.668, 7.394,5703
 4955,43562.801, 6.135,5703
 4956,43568.926, 6.125,5703
 4957,43574.980, 6.056,5703
 4958,43582.176, 7.192,5703
 4959,43587.852, 5.674,5703
 4960,43594.145, 6.297,5703
 4961,43600.684, 6.537,5703
 4962,43607.188, 6.503,5703
 4963,43613.004, 5.814,5703
 4964,43620.789, 7.791,5703
 4965,43628.285, 7.495,5703
 4966,43634.879, 6.592,5703
 4967,43640.551, 5.671,5703
 4968,43646.250, 5.703,5703
 4969,43652.930, 6.676,5703
 4970,43658.789, 5.863,5703
 4971,43664.801, 6.011,5703
 4972,43670.461, 5.659,5703
 4973,43677.340, 6.877,5703
 4974,43682.852, 5.512,5703
 4975,43688.531, 5.680,5703
 4976,43695.129, 6.599,5703
 4977,43700.730, 5.599,5703
 4978,43707.594, 6.868,5703
 4979,43714.301, 6.706,5703
 4980,43719.848, 5.545,5703
 4981,43726.355, 6.509,5703
 4982,43733.063, 6.705,5703
 4983,43738.637, 5.577,5703
 4984,43744.328, 5.692,5703
 4985,43749.754, 5.426,5703
 4986,43755.211, 5.456,5703
 4987,43762.090, 6.877,5703
 4988,43768.090, 6.002,5703
 4989,43774.539, 6.448,5703
 4990,43781.227, 6.686,5703
 4991,43786.785, 5.560,5703
 4992,43792.324, 5.540,5703
 4993,43798.852, 6.526,5703
 4994,43804.520, 5.666,5703
 4995,43809.984, 5.470,5703
 4996,43816.305, 6.321,5703
 4997,43822.672, 6.361,5703
 4998,43828.199, 5.528,5703
 4999,43833.719, 5.521,5703
 5000,43839.230, 5.512,5703
 5001,43845.988, 6.761,5703
 5002,43852.387, 6.397,5703
 5003,43859.012, 6.624,5703
 5004,43865.648, 6.638,5703
 5005,43871.715, 6.062,5703
 5006,43878.434, 6.722,5703
 5007,43884.254, 5.820,5703
 5008,43889.820, 5.567,5703
 5009,43895.484, 5.664,5703
 5010,43901.172, 5.683,5703
 5011,43906.836, 5.668,5703
 5012,43913.285, 6.451,5703
 5013,43918.871, 5.582,5703
 5014,43924.465, 5.598,5703
 5015,43930.027, 5.561,5703
 5016,43935.660, 5.635,5703
 5017,43941.961, 6.297,5703
 5018,43948.367, 6.407,5703
 5019,43954.777, 6.412,5703
 5020,43960.266, 5.485,5703
 5021,43965.730, 5.467,5703
 5022,43972.355, 6.625,5703
 5023,43978.457, 6.104,5703
 5024,43984.105, 5.646,5703
 5025,43991.375, 7.267,5703
 5026,43998.445, 7.074,5703
 5027,44005.035, 6.589,5703
 5028,44011.012, 5.973,5703
 5029,44017.484, 6.477,5703
 5030,44023.801, 6.318,5703
 5031,44030.441, 6.638,5703
 5032,44037.203, 6.761,5703
 5033,44042.711, 5.507,5703
 5034,44048.668, 5.957,5703
 5035,44054.391, 5.724,5703
 5036,44060.148, 5.759,5703
 5037,44065.824, 5.675,5703
 5038,44071.473, 5.648,5703
 5039,44078.094, 6.621,5703
 5040,44084.449, 6.354,5703
 5041,44091.121, 6.673,5703
 5042,44097.723, 6.599,5703
 5043,44103.414, 5.695,5703
 5044,44109.949, 6.536,5703
 5045,44115.551, 5.600,5703
 5046,44121.277, 5.726,5703
 5047,44126.949, 5.674,5703
 5048,44132.793, 5.843,5703
 5049,44139.324, 6.532,5703
 5050,44146.293, 6.968,5703
 5051,44152.082, 5.786,5703
 5052,44157.977, 5.897,5703
 5053,44164.473, 6.495,5703
 5054,44170.379, 5.907,5703
 5055,44177.215, 6.834,5703
 5056,44183.273, 6.061,5703
 5057,44190.199, 6.925,5703
 5058,44197.477, 7.279,5703
 5059,44203.715, 6.234,5703
 5060,44209.629, 5.917,5703
 5061,44216.449, 6.823,5703
 5062,44222.582, 6.129,5703
 5063,44228.750, 6.170,5703
 5064,44235.121, 6.372,5703
 5065,44241.223, 6.098,5703
 5066,44247.363, 6.139,5703
 5067,44253.410, 6.048,5703
 5068,44259.945, 6.540,5703
 5069,44265.938, 5.988,5703
 5070,44272.191, 6.255,5703
 5071,44279.391, 7.200,5703
 5072,44285.680, 6.288,5703
 5073,44292.203, 6.525,5703
 5074,44298.535, 6.329,5703
 5075,44305.652, 7.120,5703
 5076,44311.332, 5.679,5703
 5077,44318.020, 6.685,5703
 5078,44324.449, 6.431,5703
 5079,44331.180, 6.731,5703
 5080,44337.637, 6.458,5703
 5081,44344.109, 6.472,5703
 5082,44349.734, 5.624,5703
 5083,44355.426, 5.695,5703
 5084,44361.188, 5.760,5703
 5085,44366.801, 5.616,5703
 5086,44372.477, 5.675,5703
 5087,44378.289, 5.812,5703
 5088,44385.043, 6.753,5703
 5089,44392.734, 7.690,5703
 5090,44399.137, 6.406,5703
 5091,44405.074, 5.932,5703
 5092,44410.766, 5.693,5703
 5093,44416.445, 5.680,5703
 5094,44422.188, 5.742,5703
 5095,44428.738, 6.553,5703
 5096,44435.332, 6.588,5703
 5097,44440.949, 5.621,5703
 5098,44447.340, 6.390,5703
 5099,44453.082, 5.741,5703
 5100,44458.730, 5.652,5703
 5101,44464.371, 5.640,5703
 5102,44469.969, 5.598,5703
 5103,44476.590, 6.620,5703
 5104,44482.344, 5.752,5703
 5105,44487.969, 5.628,5703
 5106,44494.906, 6.935,5703
 5107,44500.859, 5.954,5703
 5108,44506.984, 6.126,5703
 5109,44512.652, 5.669,5703
 5110,44519.223, 6.568,5703
 5111,44525.852, 6.628,5703
 5112,44532.504, 6.651,5703
 5113,44538.090, 5.591,5703
 5114,44543.590, 5.497,5703
 5115,44549.227, 5.635,5703
 5116,44554.977, 5.753,5703
 5117,44560.543, 5.564,5703
 5118,44566.168, 5.624,5703
 5119,44572.785, 6.619,5703
 5120,44578.418, 5.632,5703
 5121,44584.875, 6.457,5703
 5122,44590.441, 5.568,5703
 5123,44595.969, 5.529,5703
 5124,44601.578, 5.610,5703
 5125,44607.203, 5.620,5703
 5126,44614.258, 7.058,5703
 5127,44619.930, 5.670,5703
 5128,44625.648, 5.720,5703
 5129,44632.363, 6.712,5703
 5130,44637.977, 5.616,5703
 5131,44644.516, 6.538,5703
 5132,44650.082, 5.566,5703
 5133,44656.578, 6.497,5703
 5134,44662.148, 5.573,5703
 5135,44667.754, 5.604,5703
 5136,44673.633, 5.880,5703
 5137,44679.387, 5.750,5703
 5138,44685.008, 5.622,5703
 5139,44691.785, 6.782,5703
 5140,44698.371, 6.582,5703
 5141,44703.992, 5.626,5703
 5142,44709.809, 5.812,5703
 5143,44716.746, 6.936,5703
 5144,44723.855, 7.109,5703
 5145,44730.617, 6.765,5703
 5146,44736.453, 5.837,5703
 5147,44743.332, 6.873,5703
 5148,44749.309, 5.981,5703
 5149,44755.363, 6.055,5703
 5150,44763.625, 8.262,5703
 5151,44770.805, 7.181,5703
 5152,44778.273, 7.468,5703
 5153,44785.234, 6.959,5703
 5154,44791.707, 6.470,5703
 5155,44797.816, 6.112,5703
 5156,44804.195, 6.380,5703
 5157,44810.340, 6.140,5703
 5158,44817.273, 6.936,5703
 5159,44824.738, 7.467,5703
 5160,44831.094, 6.354,5703
 5161,44837.266, 6.172,5703
 5162,44844.270, 7.005,5703
 5163,44850.484, 6.215,5703
 5164,44857.375, 6.888,5703
 5165,44864.410, 7.038,5703
 5166,44870.563, 6.152,5703
 5167,44876.941, 6.380,5703
 5168,44883.371, 6.425,5703
 5169,44889.684, 6.312,5703
 5170,44896.629, 6.951,5703
 5171,44903.902, 7.271,5703
 5172,44909.988, 6.087,5703
 5173,44915.711, 5.720,5703
 5174,44921.355, 5.647,5703
 5175,44928.371, 7.014,5703
 5176,44934.406, 6.035,5703
 5177,44941.133, 6.729,5703
 5178,44946.785, 5.650,5703
 5179,44952.746, 5.962,5703
 5180,44958.477, 5.733,5703
 5181,44964.215, 5.736,5703
 5182,44970.762, 6.547,5703
 5183,44976.441, 5.681,5703
 5184,44982.969, 6.526,5703
 5185,44988.609, 5.641,5703
 5186,44995.383, 6.772,5703
 5187,45001.379, 5.998,5703
 5188,45007.070, 5.691,5703
 5189,45012.852, 5.777,5703
 5190,45019.469, 6.623,5703
 5191,45026.031, 6.558,5703
 5192,45031.930, 5.901,5703
 5193,45037.977, 6.046,5703
 5194,45044.043, 6.065,5703
 5195,45050.027, 5.985,5703
 5196,45055.742, 5.716,5703
 5197,45061.422, 5.680,5703
 5198,45067.098, 5.678,5703
 5199,45073.762, 6.660,5703
 5200,45079.391, 5.630,5703
 5201,45085.203, 5.813,5703
 5202,45091.078, 5.874,5703
 5203,45096.754, 5.677,5703
 5204,45103.410, 6.658,5703
 5205,45109.117, 5.705,5703
 5206,45115.641, 6.526,5703
 5207,45121.383, 5.739,5703
 5208,45127.145, 5.764,5703
 5209,45133.984, 6.840,5703
 5210,45141.621, 7.636,5703
 5211,45148.656, 7.034,5703
 5212,45156.090, 7.435,5703
 5213,45162.039, 5.947,5703
 5214,45167.895, 5.857,5703
 5215,45174.684, 6.787,5703
 5216,45180.605, 5.925,5703
 5217,45186.582, 5.975,5703
 5218,45192.508, 5.923,5703
 5219,45198.531, 6.024,5703
 5220,45205.199, 6.668,5703
 5221,45211.059, 5.863,5703
 5222,45217.848, 6.786,5703
 5223,45223.555, 5.707,5703
 5224,45229.523, 5.970,5703
 5225,45235.488, 5.965,5703
 5226,45241.754, 6.264,5703
 5227,45248.441, 6.692,5703
 5228,45255.949, 7.505,5703
 5229,45262.500, 6.551,5703
 5230,45268.320, 5.822,5703
 5231,45274.266, 5.944,5703
 5232,45281.027, 6.758,5703
 5233,45286.930, 5.905,5703
 5234,45293.805, 6.876,5703
 5235,45299.613, 5.810,5703
 5236,45306.246, 6.630,5703
 5237,45313.195, 6.948,5703
 5238,45320.066, 6.871,5703
 5239,45326.035, 5.972,5703
 5240,45333.137, 7.103,5703
 5241,45338.984, 5.847,5703
 5242,45345.047, 6.059,5703
 5243,45352.258, 7.213,5703
 5244,45359.250, 6.992,5703
 5245,45366.004, 6.754,5703
 5246,45372.434, 6.429,5703
 5247,45379.539, 7.104,5703
 5248,45386.953, 7.416,5703
 5249,45394.133, 7.182,5703
 5250,45401.234, 7.101,5703
 5251,45407.340, 6.100,5703
 5252,45414.371, 7.034,5703
 5253,45421.723, 7.351,5703
 5254,45429.180, 7.456,5703
 5255,45436.473, 7.299,5703
 5256,45442.941, 6.467,5703
 5257,45449.031, 6.088,5703
 5258,45455.691, 6.661,5703
 5259,45462.066, 6.375,5703
 5260,45469.363, 7.293,5703
 5261,45475.816, 6.457,5703
 5262,45482.449, 6.633,5703
 5263,45489.914, 7.466,5703
 5264,45497.523, 7.608,5703
 5265,45504.125, 6.602,5703
 5266,45510.133, 6.009,5703
 5267,45515.980, 5.846,5703
 5268,45521.805, 5.825,5703
 5269,45529.488, 7.683,5703
 5270,45537.473, 7.987,5703
 5271,45543.754, 6.279,5703
 5272,45550.563, 6.808,5703
 5273,45557.422, 6.860,5703
 5274,45564.727, 7.303,5703
 5275,45570.914, 6.186,5703
 5276,45576.977, 6.067,5703
 5277,45582.891, 5.912,5703
 5278,45589.801, 6.911,5703
 5279,45596.770, 6.969,5703
 5280,45602.500, 5.728,5703
 5281,45609.313, 6.815,5703
 5282,45615.289, 5.974,5703
 5283,45621.105, 5.818,5703
 5284,45627.984, 6.880,5703
 5285,45633.898, 5.912,5703
 5286,45639.910, 6.011,5703
 5287,45646.820, 6.912,5703
 5288,45652.777, 5.957,5703
 5289,45659.520, 6.740,5703
 5290,45665.488, 5.970,5703
 5291,45671.711, 6.223,5703
 5292,45678.363, 6.649,5703
 5293,45684.148, 5.790,5703
 5294,45690.027, 5.877,5703
 5295,45695.996, 5.969,5703
 5296,45702.773, 6.779,5703
 5297,45708.570, 5.796,5703
 5298,45714.512, 5.938,5703
 5299,45720.441, 5.933,5703
 5300,45726.246, 5.805,5703
 5301,45732.109, 5.863,5703
 5302,45739.078, 6.967,5703
 5303,45745.074, 5.995,5703
 5304,45751.082, 6.012,5703
 5305,45757.742, 6.657,5703
 5306,45764.734, 6.993,5703
 5307,45770.789, 6.056,5703
 5308,45778.141, 7.353,5703
 5309,45784.066, 5.924,5703
 5310,45789.945, 5.878,5703
 5311,45796.770, 6.826,5703
 5312,45803.582, 6.811,5703
 5313,45809.488, 5.907,5703
 5314,45815.258, 5.770,5703
 5315,45821.125, 5.866,5703
 5316,45827.043, 5.918,5703
 5317,45833.008, 5.962,5703
 5318,45838.891, 5.886,5703
 5319,45844.875, 5.985,5703
 5320,45851.926, 7.051,5703
 5321,45857.754, 5.827,5703
 5322,45863.578, 5.823,5703
 5323,45869.523, 5.946,5703
 5324,45875.469, 5.948,5703
 5325,45881.785, 6.316,5703
 5326,45887.734, 5.947,5703
 5327,45894.586, 6.853,5703
 5328,45900.488, 5.903,5703
 5329,45906.555, 6.064,5703
 5330,45914.648, 8.096,5703
 5331,45922.816, 8.166,5703
 5332,45929.941, 7.126,5703
 5333,45935.898, 5.956,5703
 5334,45941.953, 6.058,5703
 5335,45947.926, 5.971,5703
 5336,45954.211, 6.282,5703
 5337,45960.199, 5.990,5703
 5338,45966.898, 6.697,5703
 5339,45973.449, 6.556,5703
 5340,45980.113, 6.664,5703
 5341,45987.707, 7.589,5703
 5342,45993.770, 6.066,5703
 5343,46000.102, 6.330,5703
 5344,46006.305, 6.203,5703
 5345,46012.316, 6.015,5703
 5346,46018.293, 5.976,5703
 5347,46024.520, 6.224,5703
 5348,46030.480, 5.961,5703
 5349,46037.371, 6.891,5703
 5350,46043.387, 6.017,5703
 5351,46049.746, 6.359,5703
 5352,46056.953, 7.208,5703
 5353,46063.164, 6.206,5703
 5354,46068.980, 5.821,5703
 5355,46075.059, 6.077,5703
 5356,46081.105, 6.046,5703
 5357,46087.258, 6.153,5703
 5358,46093.961, 6.706,5703
 5359,46101.156, 7.195,5703
 5360,46108.449, 7.292,5703
 5361,46115.602, 7.153,5703
 5362,46123.090, 7.487,5703
 5363,46129.344, 6.252,5703
 5364,46136.680, 7.336,5703
 5365,46143.957, 7.279,5703
 5366,46150.195, 6.236,5703
 5367,46157.602, 7.408,5703
 5368,46163.867, 6.264,5703
 5369,46170.438, 6.571,5703
 5370,46176.738, 6.299,5703
 5371,46184.188, 7.449,5703
 5372,46191.465, 7.282,5703
 5373,46197.977, 6.509,5703
 5374,46205.594, 7.619,5703
 5375,46213.164, 7.566,5703
 5376,46219.813, 6.654,5703
 5377,46227.344, 7.528,5703
 5378,46233.988, 6.648,5703
 5379,46241.383, 7.390,5703
 5380,46247.363, 5.980,5703
 5381,46253.359, 5.996,5703
 5382,46259.344, 5.985,5703
 5383,46265.426, 6.086,5703
 5384,46272.375, 6.947,5703
 5385,46278.340, 5.965,5703
 5386,46285.121, 6.781,5703
 5387,46291.141, 6.020,5703
 5388,46298.090, 6.947,5703
 5389,46305.445, 7.359,5703
 5390,46312.965, 7.518,5703
 5391,46320.273, 7.309,5703
 5392,46327.293, 7.021,5703
 5393,46333.234, 5.938,5703
 5394,46339.918, 6.685,5703
 5395,46345.895, 5.976,5703
 5396,46351.914, 6.018,5703
 5397,46358.723, 6.808,5703
 5398,46365.688, 6.966,5703
 5399,46371.785, 6.099,5703
 5400,46377.781, 5.998,5703
 5401,46384.711, 6.926,5703
 5402,46390.676, 5.963,5703
 5403,46396.602, 5.929,5703
 5404,46403.500, 6.898,5703
 5405,46410.750, 7.252,5703
 5406,46416.938, 6.185,5703
 5407,46423.086, 6.149,5703
 5408,46429.336, 6.248,5703
 5409,46436.242, 6.909,5703
 5410,46443.047, 6.804,5703
 5411,46449.660, 6.612,5703
 5412,46455.617, 5.959,5703
 5413,46461.547, 5.927,5703
 5414,46467.410, 5.866,5703
 5415,46473.336, 5.924,5703
 5416,46479.234, 5.899,5703
 5417,46486.391, 7.157,5703
 5418,46492.449, 6.062,5703
 5419,46498.609, 6.158,5703
 5420,46505.668, 7.055,5703
 5421,46511.777, 6.111,5703
 5422,46518.285, 6.510,5703
 5423,46525.188, 6.899,5703
 5424,46532.242, 7.055,5703
 5425,46538.180, 5.939,5703
 5426,46545.047, 6.868,5703
 5427,46552.020, 6.973,5703
 5428,46558.113, 6.095,5703
 5429,46564.359, 6.244,5703
 5430,46571.137, 6.777,5703
 5431,46578.031, 6.895,5703
 5432,46583.969, 5.937,5703
 5433,46589.965, 5.999,5703
 5434,46596.078, 6.110,5703
 5435,46602.012, 5.933,5703
 5436,46608.113, 6.102,5703
 5437,46614.801, 6.688,5703
 5438,46620.980, 6.183,5703
 5439,46627.137, 6.155,5703
 5440,46632.980, 5.843,5703
 5441,46640.180, 7.195,5703
 5442,46646.289, 6.113,5703
 5443,46652.434, 6.146,5703
 5444,46658.637, 6.204,5703
 5445,46664.750, 6.112,5703
 5446,46671.676, 6.922,5703
 5447,46677.988, 6.316,5703
 5448,46685.055, 7.066,5703
 5449,46693.625, 8.571,5703
 5450,46700.172, 6.545,5703
 5451,46706.500, 6.326,5703
 5452,46712.633, 6.136,5703
 5453,46718.844, 6.207,5703
 5454,46725.000, 6.158,5703
 5455,46732.316, 7.320,5703
 5456,46739.293, 6.976,5703
 5457,46746.273, 6.982,5703
 5458,46753.418, 7.141,5703
 5459,46760.633, 7.219,5703
 5460,46766.855, 6.217,5703
 5461,46773.719, 6.864,5703
 5462,46779.895, 6.178,5703
 5463,46786.051, 6.154,5703
 5464,46792.313, 6.263,5703
 5465,46798.371, 6.057,5703
 5466,46805.387, 7.019,5703
 5467,46811.402, 6.014,5703
 5468,46817.418, 6.014,5703
 5469,46823.707, 6.290,5703
 5470,46829.934, 6.227,5703
 5471,46836.727, 6.793,5703
 5472,46843.078, 6.352,5703
 5473,46850.387, 7.310,5703
 5474,46856.723, 6.334,5703
 5475,46864.234, 7.513,5703
 5476,46871.555, 7.318,5703
 5477,46878.930, 7.376,5703
 5478,46885.410, 6.481,5703
 5479,46892.621, 7.212,5703
 5480,46899.844, 7.219,5703
 5481,46906.176, 6.332,5703
 5482,46913.254, 7.080,5703
 5483,46919.586, 6.335,5703
 5484,46926.578, 6.991,5703
 5485,46932.895, 6.314,5703
 5486,46939.586, 6.693,5703
 5487,46946.227, 6.640,5703
 5488,46953.563, 7.336,5703
 5489,46960.082, 6.518,5703
 5490,46967.406, 7.327,5703
 5491,46973.754, 6.345,5703
 5492,46981.344, 7.589,5703
 5493,46987.332, 5.991,5703
 5494,46993.234, 5.901,5703
 5495,46999.246, 6.012,5703
 5496,47005.625, 6.380,5703
 5497,47012.430, 6.806,5703
 5498,47018.242, 5.813,5703
 5499,47024.277, 6.035,5703
 5500,47030.129, 5.850,5703
 5501,47036.332, 6.201,5703
 5502,47042.242, 5.914,5703
 5503,47049.004, 6.756,5703
 5504,47054.984, 5.984,5703
 5505,47062.109, 7.125,5703
 5506,47069.281, 7.173,5703
 5507,47075.809, 6.528,5703
 5508,47082.836, 7.023,5703
 5509,47090.289, 7.457,5703
 5510,47096.359, 6.067,5703
 5511,47102.305, 5.951,5703
 5512,47109.188, 6.877,5703
 5513,47116.105, 6.921,5703
 5514,47122.039, 5.932,5703
 5515,47127.992, 5.952,5703
 5516,47134.020, 6.026,5703
 5517,47139.980, 5.966,5703
 5518,47145.961, 5.978,5703
 5519,47153.258, 7.300,5703
 5520,47159.555, 6.296,5703
 5521,47165.461, 5.906,5703
 5522,47172.430, 6.969,5703
 5523,47178.441, 6.011,5703
 5524,47184.469, 6.027,5703
 5525,47190.660, 6.189,5703
 5526,47197.520, 6.861,5703
 5527,47203.633, 6.117,5703
 5528,47209.738, 6.103,5703
 5529,47216.832, 7.092,5703
 5530,47222.770, 5.937,5703
 5531,47228.738, 5.971,5703
 5532,47234.633, 5.895,5703
 5533,47241.512, 6.876,5703
 5534,47247.367, 5.857,5703
 5535,47253.430, 6.062,5703
 5536,47260.758, 7.329,5703
 5537,47267.867, 7.106,5703
 5538,47274.438, 6.575,5703
 5539,47281.313, 6.873,5703
 5540,47288.172, 6.860,5703
 5541,47294.121, 5.948,5703
 5542,47300.340, 6.218,5703
 5543,47306.199, 5.860,5703
 5544,47312.250, 6.053,5703
 5545,47319.070, 6.819,5703
 5546,47325.867, 6.794,5703
 5547,47331.816, 5.955,5703
 5548,47337.754, 5.935,5703
 5549,47344.586, 6.832,5703
 5550,47350.449, 5.863,5703
 5551,47356.652, 6.205,5703
 5552,47363.887, 7.233,5703
 5553,47369.977, 6.089,5703
 5554,47375.930, 5.952,5703
 5555,47382.203, 6.275,5703
 5556,47388.535, 6.330,5703
 5557,47394.707, 6.175,5703
 5558,47401.297, 6.589,5703
 5559,47408.281, 6.985,5703
 5560,47414.414, 6.132,5703
 5561,47420.555, 6.141,5703
 5562,47426.598, 6.044,5703
 5563,47433.723, 7.121,5703
 5564,47440.645, 6.926,5703
 5565,47446.961, 6.314,5703
 5566,47453.313, 6.352,5703
 5567,47460.039, 6.725,5703
 5568,47469.266, 9.230,5703
 5569,47476.984, 7.720,5703
 5570,47484.871, 7.882,5703
 5571,47491.371, 6.503,5703
 5572,47498.008, 6.635,5703
 5573,47504.969, 6.962,5703
 5574,47511.594, 6.627,5703
 5575,47518.281, 6.687,5703
 5576,47524.609, 6.325,5703
 5577,47531.086, 6.478,5703
 5578,47537.465, 6.382,5703
 5579,47544.777, 7.312,5703
 5580,47551.102, 6.322,5703
 5581,47557.289, 6.189,5703
 5582,47564.777, 7.487,5703
 5583,47572.473, 7.695,5703
 5584,47580.602, 8.127,5703
 5585,47587.301, 6.702,5703
 5586,47593.914, 6.611,5703
 5587,47601.074, 7.159,5703
 5588,47608.125, 7.053,5703
 5589,47614.898, 6.774,5703
 5590,47620.887, 5.986,5703
 5591,47626.809, 5.926,5703
 5592,47632.777, 5.969,5703
 5593,47639.848, 7.066,5703
 5594,47645.746, 5.900,5703
 5595,47651.699, 5.952,5703
 5596,47657.617, 5.921,5703
 5597,47663.648, 6.032,5703
 5598,47669.566, 5.914,5703
 5599,47675.477, 5.912,5703
 5600,47681.961, 6.486,5703
 5601,47688.258, 6.294,5703
 5602,47694.348, 6.091,5703
 5603,47701.492, 7.141,5703
 5604,47707.516, 6.026,5703
 5605,47713.469, 5.954,5703
 5606,47720.457, 6.991,5703
 5607,47726.477, 6.018,5703
 5608,47732.570, 6.091,5703
 5609,47738.566, 5.997,5703
 5610,47745.355, 6.787,5703
 5611,47751.316, 5.964,5703
 5612,47758.137, 6.819,5703
 5613,47764.168, 6.029,5703
 5614,47769.953, 5.790,5703
 5615,47777.082, 7.129,5703
 5616,47783.602, 6.518,5703
 5617,47790.145, 6.542,5703
 5618,47796.262, 6.118,5703
 5619,47803.398, 7.135,5703
 5620,47810.168, 6.770,5703
 5621,47816.977, 6.811,5703
 5622,47822.824, 5.844,5703
 5623,47828.914, 6.092,5703
 5624,47834.875, 5.962,5703
 5625,47840.777, 5.901,5703
 5626,47846.695, 5.916,5703
 5627,47852.742, 6.048,5703
 5628,47859.445, 6.704,5703
 5629,47865.793, 6.351,5703
 5630,47873.789, 7.993,5703
 5631,47881.148, 7.361,5703
 5632,47888.395, 7.242,5703
 5633,47896.219, 7.828,5703
 5634,47902.352, 6.129,5703
 5635,47908.441, 6.091,5703
 5636,47914.512, 6.069,5703
 5637,47920.695, 6.185,5703
 5638,47926.781, 6.088,5703
 5639,47932.844, 6.060,5703
 5640,47938.797, 5.957,5703
 5641,47944.918, 6.119,5703
 5642,47951.137, 6.218,5703
 5643,47958.105, 6.968,5703
 5644,47964.137, 6.034,5703
 5645,47971.102, 6.965,5703
 5646,47977.234, 6.130,5703
 5647,47983.445, 6.214,5703
 5648,47989.465, 6.017,5703
 5649,47996.617, 7.153,5703
 5650,48004.414, 7.798,5703
 5651,48014.805,10.390,5703
 5652,48025.051,10.245,5703
 5653,48034.414, 9.364,5703
 5654,48043.926, 9.513,5703
 5655,48051.262, 7.335,5703
 5656,48060.086, 8.824,5703
 5657,48068.652, 8.567,5703
 5658,48075.238, 6.585,5703
 5659,48081.629, 6.393,5703
 5660,48089.152, 7.524,5703
 5661,48095.715, 6.559,5703
 5662,48102.211, 6.498,5703
 5663,48109.109, 6.897,5703
 5664,48116.527, 7.418,5703
 5665,48123.199, 6.670,5703
 5666,48129.762, 6.566,5703
 5667,48137.332, 7.568,5703
 5668,48144.688, 7.356,5703
 5669,48151.523, 6.837,5703
 5670,48157.930, 6.405,5703
 5671,48164.270, 6.341,5703
 5672,48170.621, 6.352,5703
 5673,48176.957, 6.336,5703
 5674,48184.609, 7.654,5703
 5675,48192.695, 8.081,5703
 5676,48200.309, 7.618,5703
 5677,48208.508, 8.196,5703
 5678,48215.727, 7.219,5703
 5679,48222.395, 6.668,5703
 5680,48230.160, 7.763,5703
 5681,48236.273, 6.115,5703
 5682,48242.285, 6.013,5703
 5683,48248.305, 6.019,5703
 5684,48254.527, 6.222,5703
 5685,48261.746, 7.219,5703
 5686,48269.395, 7.650,5703
 5687,48275.746, 6.350,5703
 5688,48282.590, 6.846,5703
 5689,48288.746, 6.156,5703
 5690,48295.762, 7.015,5703
 5691,48301.922, 6.159,5703
 5692,48307.977, 6.057,5703
 5693,48313.969, 5.990,5703
 5694,48320.676, 6.705,5703
 5695,48327.004, 6.329,5703
 5696,48333.203, 6.199,5703
 5697,48339.313, 6.115,5703
 5698,48346.465, 7.148,5703
 5699,48353.387, 6.922,5703
 5700,48359.590, 6.203,5703
 5701,48366.422, 6.832,5703
 5702,48372.543, 6.122,5703
 5703,48378.578, 6.033,5703
 5704,48384.758, 6.182,5703
 5705,48390.855, 6.095,5703
 5706,48396.758, 5.905,5703
 5707,48403.730, 6.974,5703
 5708,48409.727, 5.993,5703
 5709,48416.539, 6.813,5703
 5710,48422.816, 6.278,5703
 5711,48429.258, 6.443,5703
 5712,48435.379, 6.120,5703
 5713,48441.445, 6.068,5703
 5714,48447.281, 5.833,5703
 5715,48454.301, 7.021,5703
 5716,48461.332, 7.029,5703
 5717,48467.359, 6.029,5703
 5718,48474.242, 6.882,5703
 5719,48480.211, 5.970,5703
 5720,48486.160, 5.948,5703
 5721,48492.082, 5.925,5703
 5722,48498.926, 6.841,5703
 5723,48505.184, 6.257,5703
 5724,48511.504, 6.321,5703
 5725,48517.508, 6.002,5703
 5726,48523.484, 5.982,5703
 5727,48530.746, 7.259,5703
 5728,48536.855, 6.107,5703
 5729,48542.973, 6.120,5703
 5730,48549.824, 6.850,5703
 5731,48555.684, 5.860,5703
 5732,48561.633, 5.953,5703
 5733,48567.707, 6.072,5703
 5734,48573.641, 5.932,5703
 5735,48579.848, 6.207,5703
 5736,48585.695, 5.847,5703
 5737,48591.617, 5.925,5703
 5738,48598.531, 6.911,5703
 5739,48604.766, 6.235,5703
 5740,48610.664, 5.898,5703
 5741,48616.547, 5.884,5703
 5742,48622.516, 5.968,5703
 5743,48629.508, 6.992,5703
 5744,48636.098, 6.591,5703
 5745,48644.113, 8.015,5703
 5746,48651.406, 7.294,5703
 5747,48658.426, 7.021,5703
 5748,48664.859, 6.431,5703
 5749,48671.090, 6.233,5703
 5750,48677.898, 6.804,5703
 5751,48683.984, 6.090,5703
 5752,48690.020, 6.030,5703
 5753,48695.957, 5.943,5703
 5754,48702.164, 6.205,5703
 5755,48708.285, 6.121,5703
 5756,48715.336, 7.050,5703
 5757,48722.195, 6.860,5703
 5758,48729.066, 6.873,5703
 5759,48735.238, 6.170,5703
 5760,48741.727, 6.488,5703
 5761,48748.066, 6.341,5703
 5762,48754.250, 6.181,5703
 5763,48760.547, 6.300,5703
 5764,48766.746, 6.196,5703
 5765,48772.969, 6.226,5703
 5766,48780.098, 7.127,5703
 5767,48787.324, 7.226,5703
 5768,48793.555, 6.230,5703
 5769,48799.938, 6.384,5703
 5770,48806.973, 7.038,5703
 5771,48813.941, 6.968,5703
 5772,48820.133, 6.192,5703
 5773,48827.410, 7.275,5703
 5774,48834.883, 7.470,5703
 5775,48841.250, 6.372,5703
 5776,48848.203, 6.950,5703
 5777,48854.992, 6.787,5703
 5778,48861.516, 6.523,5703
 5779,48868.836, 7.324,5703
 5780,48875.148, 6.314,5703
 5781,48882.609, 7.462,5703
 5782,48889.219, 6.607,5703
 5783,48896.531, 7.309,5703
 5784,48903.031, 6.501,5703
 5785,48910.156, 7.125,5703
 5786,48916.500, 6.346,5703
 5787,48922.957, 6.457,5703
 5788,48929.574, 6.616,5703
 5789,48937.113, 7.540,5703
 5790,48943.813, 6.700,5703
 5791,48950.473, 6.663,5703
 5792,48957.555, 7.076,5703
 5793,48965.313, 7.761,5703
 5794,48972.402, 7.090,5703
 5795,48980.027, 7.623,5703
 5796,48986.555, 6.526,5703
 5797,48992.648, 6.097,5703
 5798,48998.684, 6.031,5703
 5799,49005.078, 6.399,5703
 5800,49011.445, 6.367,5703
 5801,49018.523, 7.076,5703
 5802,49025.395, 6.872,5703
 5803,49031.477, 6.084,5703
 5804,49038.172, 6.691,5703
 5805,49046.176, 8.004,5703
 5806,49053.621, 7.448,5703
 5807,49060.957, 7.337,5703
 5808,49068.102, 7.143,5703
 5809,49075.211, 7.107,5703
 5810,49081.582, 6.375,5703
 5811,49087.605, 6.022,5703
 5812,49093.863, 6.258,5703
 5813,49100.734, 6.872,5703
 5814,49106.707, 5.970,5703
 5815,49112.637, 5.933,5703
 5816,49118.691, 6.051,5703
 5817,49124.703, 6.013,5703
 5818,49130.863, 6.159,5703
 5819,49137.906, 7.047,5703
 5820,49144.070, 6.162,5703
 5821,49150.172, 6.100,5703
 5822,49156.207, 6.035,5703
 5823,49163.203, 6.998,5703
 5824,49170.594, 7.393,5703
 5825,49176.676, 6.077,5703
 5826,49183.500, 6.824,5703
 5827,49189.418, 5.922,5703
 5828,49195.371, 5.950,5703
 5829,49201.477, 6.108,5703
 5830,49207.441, 5.966,5703
 5831,49213.398, 5.956,5703
 5832,49220.273, 6.877,5703
 5833,49226.273, 5.996,5703
 5834,49232.402, 6.129,5703
 5835,49239.262, 6.860,5703
 5836,49245.266, 6.006,5703
 5837,49251.172, 5.902,5703
 5838,49257.039, 5.870,5703
 5839,49263.234, 6.193,5703
 5840,49269.410, 6.177,5703
 5841,49275.992, 6.582,5703
 5842,49282.012, 6.018,5703
 5843,49288.422, 6.413,5703
 5844,49295.105, 6.682,5703
 5845,49301.992, 6.886,5703
 5846,49308.086, 6.095,5703
 5847,49314.043, 5.957,5703
 5848,49319.973, 5.931,5703
 5849,49325.949, 5.976,5703
 5850,49331.867, 5.916,5703
 5851,49337.953, 6.088,5703
 5852,49343.816, 5.866,5703
 5853,49349.754, 5.933,5703
 5854,49355.719, 5.967,5703
 5855,49361.684, 5.963,5703
 5856,49367.633, 5.950,5703
 5857,49374.840, 7.205,5703
 5858,49382.539, 7.701,5703
 5859,49389.938, 7.398,5703
 5860,49397.203, 7.264,5703
 5861,49403.223, 6.023,5703
 5862,49409.387, 6.162,5703
 5863,49415.777, 6.393,5703
 5864,49422.230, 6.453,5703
 5865,49430.332, 8.097,5703
 5866,49437.324, 6.994,5703
 5867,49444.473, 7.154,5703
 5868,49450.539, 6.061,5703
 5869,49456.660, 6.120,5703
 5870,49462.676, 6.015,5703
 5871,49469.836, 7.161,5703
 5872,49475.855, 6.020,5703
 5873,49481.859, 6.007,5703
 5874,49488.449, 6.592,5703
 5875,49494.664, 6.209,5703
 5876,49500.879, 6.216,5703
 5877,49507.363, 6.484,5703
 5878,49513.633, 6.275,5703
 5879,49520.188, 6.552,5703
 5880,49527.156, 6.967,5703
 5881,49533.176, 6.019,5703
 5882,49539.223, 6.049,5703
 5883,49545.297, 6.073,5703
 5884,49551.391, 6.093,5703
 5885,49557.527, 6.136,5703
 5886,49563.762, 6.239,5703
 5887,49570.223, 6.459,5703
 5888,49577.438, 7.215,5703
 5889,49584.004, 6.563,5703
 5890,49591.410, 7.407,5703
 5891,49598.867, 7.459,5703
 5892,49605.371, 6.502,5703
 5893,49612.574, 7.206,5703
 5894,49619.270, 6.695,5703
 5895,49626.633, 7.362,5703
 5896,49633.129, 6.500,5703
 5897,49639.535, 6.402,5703
 5898,49646.098, 6.564,5703
 5899,49652.531, 6.433,5703
 5900,49658.809, 6.277,5703
 5901,49665.453, 6.645,5703
 5902,49671.816, 6.366,5703
 5903,49678.883, 7.062,5703
 5904,49685.473, 6.593,5703
 5905,49691.949, 6.477,5703
 5906,49698.746, 6.795,5703
 5907,49705.473, 6.729,5703
 5908,49712.113, 6.637,5703
 5909,49718.590, 6.478,5703
 5910,49724.695, 6.105,5703
 5911,49730.832, 6.134,5703
 5912,49736.863, 6.032,5703
 5913,49742.918, 6.056,5703
 5914,49748.957, 6.042,5703
 5915,49755.090, 6.130,5703
 5916,49761.297, 6.209,5703
 5917,49768.156, 6.855,5703
 5918,49774.254, 6.100,5703
 5919,49780.230, 5.976,5703
 5920,49786.090, 5.859,5703
 5921,49791.988, 5.898,5703
 5922,49798.031, 6.045,5703
 5923,49804.605, 6.574,5703
 5924,49811.129, 6.523,5703
 5925,49818.027, 6.896,5703
 5926,49825.145, 7.122,5703
 5927,49831.777, 6.633,5703
 5928,49837.863, 6.084,5703
 5929,49844.031, 6.168,5703
 5930,49850.121, 6.092,5703
 5931,49856.203, 6.080,5703
 5932,49862.297, 6.095,5703
 5933,49868.332, 6.033,5703
 5934,49874.516, 6.184,5703
 5935,49881.402, 6.887,5703
 5936,49887.574, 6.172,5703
 5937,49893.648, 6.076,5703
 5938,49899.703, 6.053,5703
 5939,49906.691, 6.985,5703
 5940,49913.246, 6.557,5703
 5941,49919.332, 6.084,5703
 5942,49925.551, 6.221,5703
 5943,49931.594, 6.042,5703
 5944,49937.641, 6.051,5703
 5945,49943.754, 6.110,5703
 5946,49949.742, 5.990,5703
 5947,49955.766, 6.023,5703
 5948,49961.836, 6.068,5703
 5949,49967.852, 6.017,5703
 5950,49974.684, 6.831,5703
 5951,49980.707, 6.026,5703
 5952,49987.551, 6.841,5703
 5953,49993.629, 6.081,5703
 5954,49999.648, 6.022,5703
 5955,50005.918, 6.266,5703
 5956,50011.961, 6.045,5703
 5957,50018.762, 6.801,5703
 5958,50025.875, 7.109,5703
 5959,50032.859, 6.987,5703
 5960,50039.809, 6.948,5703
 5961,50045.973, 6.165,5703
 5962,50052.824, 6.848,5703
 5963,50059.684, 6.859,5703
 5964,50065.617, 5.940,5703
 5965,50071.633, 6.016,5703
 5966,50078.539, 6.904,5703
 5967,50084.523, 5.984,5703
 5968,50090.480, 5.959,5703
 5969,50096.688, 6.203,5703
 5970,50103.578, 6.891,5703
 5971,50109.680, 6.101,5703
 5972,50115.695, 6.017,5703
 5973,50121.910, 6.216,5703
 5974,50129.418, 7.505,5703
 5975,50135.313, 5.896,5703
 5976,50141.707, 6.395,5703
 5977,50147.906, 6.200,5703
 5978,50154.121, 6.217,5703
 5979,50166.672,12.545,5703
 5980,50172.813, 6.146,5703
 5981,50178.965, 6.151,5703
 5982,50186.305, 7.341,5703
 5983,50193.016, 6.708,5703
 5984,50199.324, 6.307,5703
 5985,50206.074, 6.753,5703
 5986,50214.734, 8.659,5703
 5987,50221.910, 7.177,5703
 5988,50229.176, 7.263,5703
 5989,50237.000, 7.825,5703
 5990,50243.703, 6.704,5703
 5991,50250.273, 6.570,5703
 5992,50257.902, 7.628,5703
 5993,50264.473, 6.572,5703
 5994,50270.973, 6.502,5703
 5995,50277.504, 6.526,5703
 5996,50283.922, 6.421,5703
 5997,50290.414, 6.493,5703
 5998,50296.875, 6.458,5703
 5999,50303.395, 6.519,5703
 6000,50310.078, 6.685,5703
 6001,50317.828, 7.749,5703
 6002,50324.445, 6.619,5703
 6003,50331.395, 6.949,5703
 6004,50338.109, 6.717,5703
 6005,50344.504, 6.390,5703
 6006,50350.609, 6.108,5703
 6007,50356.652, 6.040,5703
 6008,50362.676, 6.025,5703
 6009,50368.684, 6.010,5703
 6010,50374.754, 6.069,5703
 6011,50380.754, 6.003,5703
 6012,50386.750, 5.993,5703
 6013,50392.813, 6.065,5703
 6014,50399.105, 6.290,5703
 6015,50405.027, 5.922,5703
 6016,50411.184, 6.155,5703
 6017,50417.188, 6.005,5703
 6018,50423.160, 5.973,5703
 6019,50429.230, 6.070,5703
 6020,50435.367, 6.138,5703
 6021,50441.410, 6.042,5703
 6022,50447.867, 6.455,5703
 6023,50453.938, 6.072,5703
 6024,50460.066, 6.132,5703
 6025,50466.145, 6.079,5703
 6026,50473.047, 6.900,5703
 6027,50479.090, 6.044,5703
 6028,50484.977, 5.888,5703
 6029,50490.992, 6.011,5703
 6030,50496.891, 5.899,5703
 6031,50502.922, 6.033,5703
 6032,50509.012, 6.087,5703
 6033,50515.195, 6.184,5703
 6034,50521.516, 6.322,5703
 6035,50527.516, 6.000,5703
 6036,50533.594, 6.078,5703
 6037,50539.770, 6.177,5703
 6038,50545.930, 6.161,5703
 6039,50552.336, 6.404,5703
 6040,50559.336, 7.000,5703
 6041,50565.492, 6.153,5703
 6042,50572.273, 6.785,5703
 6043,50578.332, 6.055,5703
 6044,50584.617, 6.289,5703
 6045,50591.363, 6.746,5703
 6046,50597.633, 6.272,5703
 6047,50604.625, 6.991,5703
 6048,50612.539, 7.910,5703
 6049,50618.938, 6.403,5703
 6050,50624.953, 6.014,5703
 6051,50631.000, 6.046,5703
 6052,50637.258, 6.257,5703
 6053,50643.188, 5.932,5703
 6054,50649.215, 6.026,5703
 6055,50655.762, 6.550,5703
 6056,50667.664,11.899,5703
 6057,50673.703, 6.038,5703
 6058,50679.813, 6.112,5703
 6059,50685.934, 6.122,5703
 6060,50692.063, 6.128,5703
 6061,50698.063, 6.000,5703
 6062,50703.961, 5.898,5703
 6063,50709.930, 5.969,5703
 6064,50716.129, 6.202,5703
 6065,50722.164, 6.030,5703
 6066,50728.234, 6.071,5703
 6067,50734.313, 6.080,5703
 6068,50740.340, 6.025,5703
 6069,50746.586, 6.248,5703
 6070,50753.652, 7.066,5703
 6071,50760.086, 6.434,5703
 6072,50767.402, 7.314,5703
 6073,50773.906, 6.506,5703
 6074,50780.309, 6.405,5703
 6075,50786.625, 6.315,5703
 6076,50793.008, 6.379,5703
 6077,50799.168, 6.161,5703
 6078,50806.594, 7.426,5703
 6079,50813.109, 6.518,5703
 6080,50819.668, 6.558,5703
 6081,50826.039, 6.369,5703
 6082,50833.574, 7.536,5703
 6083,50840.066, 6.491,5703
 6084,50846.379, 6.314,5703
 6085,50852.699, 6.319,5703
 6086,50858.996, 6.295,5703
 6087,50865.602, 6.612,5703
 6088,50872.688, 7.082,5703
 6089,50880.113, 7.428,5703
 6090,50886.570, 6.455,5703
 6091,50893.434, 6.865,5703
 6092,50900.770, 7.336,5703
 6093,50907.324, 6.551,5703
 6094,50913.605, 6.284,5703
 6095,50920.199, 6.592,5703
 6096,50926.719, 6.520,5703
 6097,50933.336, 6.616,5703
 6098,50939.762, 6.431,5703
 6099,50946.582, 6.819,5703
 6100,50953.281, 6.700,5703
 6101,50959.297, 6.015,5703
 6102,50965.133, 5.836,5703
 6103,50971.297, 6.165,5703
 6104,50978.031, 6.731,5703
 6105,50984.273, 6.242,5703
 6106,50991.715, 7.443,5703
 6107,50998.586, 6.869,5703
 6108,51005.105, 6.522,5703
 6109,51011.289, 6.184,5703
 6110,51017.355, 6.065,5703
 6111,51023.695, 6.339,5703
 6112,51030.789, 7.096,5703
 6113,51036.918, 6.127,5703
 6114,51042.922, 6.005,5703
 6115,51049.211, 6.286,5703
 6116,51055.215, 6.006,5703
 6117,51061.305, 6.091,5703
 6118,51067.320, 6.014,5703
 6119,51073.441, 6.121,5703
 6120,51079.809, 6.371,5703
 6121,51086.117, 6.306,5703
 6122,51092.637, 6.521,5703
 6123,51099.059, 6.421,5703
 6124,51105.855, 6.795,5703
 6125,51112.879, 7.025,5703
 6126,51119.000, 6.119,5703
 6127,51125.109, 6.112,5703
 6128,51131.145, 6.037,5703
 6129,51137.266, 6.120,5703
 6130,51143.340, 6.069,5703
 6131,51149.289, 5.956,5703
 6132,51156.219, 6.928,5703
 6133,51162.301, 6.081,5703
 6134,51169.133, 6.832,5703
 6135,51175.063, 5.929,5703
 6136,51181.137, 6.078,5703
 6137,51187.641, 6.504,5703
 6138,51193.867, 6.220,5703
 6139,51199.984, 6.118,5703
 6140,51206.066, 6.085,5703
 6141,51212.105, 6.039,5703
 6142,51218.145, 6.041,5703
 6143,51229.242,11.094,5703
 6144,51235.164, 5.921,5703
 6145,51242.059, 6.898,5703
 6146,51248.086, 6.026,5703
 6147,51254.242, 6.158,5703
 6148,51260.141, 5.899,5703
 6149,51266.156, 6.012,5703
 6150,51272.426, 6.272,5703
 6151,51281.457, 9.033,5703
 6152,51287.371, 5.908,5703
 6153,51294.766, 7.399,5703
 6154,51300.773, 6.007,5703
 6155,51307.066, 6.292,5703
 6156,51313.883, 6.814,5703
 6157,51320.570, 6.692,5703
 6158,51326.766, 6.194,5703
 6159,51332.813, 6.049,5703
 6160,51338.848, 6.030,5703
 6161,51345.633, 6.791,5703
 6162,51351.773, 6.137,5703
 6163,51357.938, 6.163,5703
 6164,51364.121, 6.186,5703
 6165,51370.379, 6.256,5703
 6166,51377.227, 6.849,5703
 6167,51384.402, 7.173,5703
 6168,51391.539, 7.138,5703
 6169,51398.395, 6.854,5703
 6170,51405.012, 6.617,5703
 6171,51412.125, 7.116,5703
 6172,51418.230, 6.106,5703
 6173,51424.340, 6.109,5703
 6174,51430.527, 6.185,5703
 6175,51436.582, 6.056,5703
 6176,51442.645, 6.065,5703
 6177,51449.750, 7.105,5703
 6178,51455.910, 6.158,5703
 6179,51462.188, 6.276,5703
 6180,51468.484, 6.296,5703
 6181,51474.594, 6.114,5703
 6182,51480.836, 6.240,5703
 6183,51486.914, 6.081,5703
 6184,51493.156, 6.239,5703
 6185,51500.176, 7.020,5703
 6186,51507.129, 6.954,5703
 6187,51513.367, 6.238,5703
 6188,51520.473, 7.106,5703
 6189,51527.105, 6.635,5703
 6190,51534.395, 7.286,5703
 6191,51540.613, 6.221,5703
 6192,51546.531, 5.913,5703
 6193,51553.172, 6.644,5703
 6194,51559.598, 6.425,5703
 6195,51566.133, 6.536,5703
 6196,51572.676, 6.542,5703
 6197,51579.961, 7.285,5703
 6198,51586.297, 6.336,5703
 6199,51592.832, 6.533,5703
 6200,51599.250, 6.420,5703
 6201,51605.730, 6.481,5703
 6202,51612.988, 7.254,5703
 6203,51619.723, 6.737,5703
 6204,51626.395, 6.673,5703
 6205,51633.258, 6.863,5703
 6206,51641.156, 7.899,5703
 6207,51647.531, 6.372,5703
 6208,51653.832, 6.302,5703
 6209,51660.176, 6.345,5703
 6210,51666.629, 6.456,5703
 6211,51673.211, 6.580,5703
 6212,51679.691, 6.481,5703
 6213,51686.125, 6.435,5703
 6214,51692.652, 6.524,5703
 6215,51699.938, 7.286,5703
 6216,51706.219, 6.283,5703
 6217,51713.426, 7.204,5703
 6218,51719.801, 6.380,5703
 6219,51725.938, 6.134,5703
 6220,51733.176, 7.236,5703
 6221,51739.195, 6.021,5703
 6222,51746.090, 6.897,5703
 6223,51752.078, 5.986,5703
 6224,51758.055, 5.976,5703
 6225,51764.176, 6.119,5703
 6226,51770.223, 6.048,5703
 6227,51777.273, 7.051,5703
 6228,51784.383, 7.109,5703
 6229,51790.762, 6.383,5703
 6230,51796.797, 6.034,5703
 6231,51803.828, 7.030,5703
 6232,51809.793, 5.965,5703
 6233,51815.918, 6.126,5703
 6234,51822.297, 6.379,5703
 6235,51828.883, 6.582,5703
 6236,51835.105, 6.226,5703
 6237,51842.258, 7.152,5703
 6238,51848.379, 6.119,5703
 6239,51854.410, 6.031,5703
 6240,51860.434, 6.024,5703
 6241,51866.645, 6.215,5703
 6242,51872.727, 6.078,5703
 6243,51878.859, 6.132,5703
 6244,51884.941, 6.085,5703
 6245,51891.113, 6.174,5703
 6246,51897.191, 6.075,5703
 6247,51903.941, 6.750,5703
 6248,51911.434, 7.493,5703
 6249,51917.547, 6.113,5703
 6250,51923.688, 6.138,5703
 6251,51930.859, 7.171,5703
 6252,51937.645, 6.789,5703
 6253,51943.715, 6.069,5703
 6254,51949.676, 5.958,5703
 6255,51955.734, 6.062,5703
 6256,51961.918, 6.184,5703
 6257,51967.910, 5.992,5703
 6258,51974.086, 6.176,5703
 6259,51981.723, 7.635,5703
 6260,51988.168, 6.444,5703
 6261,51994.070, 5.904,5703
 6262,51999.902, 5.833,5703
 6263,52006.086, 6.183,5703
 6264,52012.137, 6.055,5703
 6265,52018.344, 6.201,5703
 6266,52024.684, 6.341,5703
 6267,52030.945, 6.265,5703
 6268,52037.715, 6.769,5703
 6269,52044.988, 7.272,5703
 6270,52051.219, 6.229,5703
 6271,52057.395, 6.178,5703
 6272,52063.492, 6.097,5703
 6273,52069.609, 6.116,5703
 6274,52075.555, 5.946,5703
 6275,52081.582, 6.029,5703
 6276,52087.547, 5.963,5703
 6277,52093.484, 5.936,5703
 6278,52100.297, 6.816,5703
 6279,52106.672, 6.373,5703
 6280,52112.961, 6.292,5703
 6281,52119.180, 6.215,5703
 6282,52125.418, 6.238,5703
 6283,52131.605, 6.190,5703
 6284,52138.879, 7.273,5703
 6285,52145.492, 6.611,5703
 6286,52152.098, 6.608,5703
 6287,52159.168, 7.069,5703
 6288,52166.801, 7.634,5703
 6289,52173.871, 7.068,5703
 6290,52180.840, 6.969,5703
 6291,52187.328, 6.488,5703
 6292,52194.543, 7.216,5703
 6293,52201.016, 6.472,5703
 6294,52207.930, 6.915,5703
 6295,52214.379, 6.451,5703
 6296,52220.895, 6.513,5703
 6297,52227.434, 6.541,5703
 6298,52233.918, 6.483,5703
 6299,52240.426, 6.507,5703
 6300,52247.883, 7.457,5703
 6301,52254.609, 6.731,5703
 6302,52261.902, 7.289,5703
 6303,52268.328, 6.424,5703
 6304,52275.832, 7.504,5703
 6305,52282.176, 6.346,5703
 6306,52288.676, 6.498,5703
 6307,52295.617, 6.946,5703
 6308,52302.176, 6.554,5703
 6309,52308.684, 6.508,5703
 6310,52315.156, 6.475,5703
 6311,52321.598, 6.443,5703
 6312,52329.020, 7.417,5703
 6313,52335.039, 6.023,5703
 6314,52341.098, 6.058,5703
 6315,52347.035, 5.938,5703
 6316,52353.488, 6.450,5703
 6317,52359.684, 6.195,5703
 6318,52365.660, 5.976,5703
 6319,52371.883, 6.228,5703
 6320,52377.926, 6.042,5703
 6321,52384.738, 6.813,5703
 6322,52390.723, 5.981,5703
 6323,52397.738, 7.019,5703
 6324,52403.820, 6.080,5703
 6325,52409.738, 5.918,5703
 6326,52415.680, 5.941,5703
 6327,52422.688, 7.009,5703
 6328,52428.660, 5.973,5703
 6329,52434.629, 5.969,5703
 6330,52441.637, 7.010,5703
 6331,52447.664, 6.023,5703
 6332,52454.691, 7.026,5703
 6333,52461.168, 6.478,5703
 6334,52467.527, 6.361,5703
 6335,52473.711, 6.182,5703
 6336,52479.891, 6.182,5703
 6337,52487.012, 7.121,5703
 6338,52493.355, 6.341,5703
 6339,52499.336, 5.980,5703
 6340,52505.445, 6.113,5703
 6341,52511.520, 6.071,5703
 6342,52517.516, 5.998,5703
 6343,52523.723, 6.208,5703
 6344,52530.102, 6.379,5703
 6345,52537.113, 7.011,5703
 6346,52543.125, 6.014,5703
 6347,52549.527, 6.399,5703
 6348,52557.543, 8.016,5703
 6349,52564.266, 6.725,5703
 6350,52570.922, 6.654,5703
 6351,52577.125, 6.204,5703
 6352,52583.289, 6.164,5703
 6353,52589.508, 6.219,5703
 6354,52595.746, 6.237,5703
 6355,52602.762, 7.017,5703
 6356,52608.953, 6.191,5703
 6357,52615.273, 6.321,5703
 6358,52621.406, 6.131,5703
 6359,52627.484, 6.077,5703
 6360,52633.898, 6.414,5703
 6361,52640.402, 6.508,5703
 6362,52647.418, 7.016,5703
 6363,52653.859, 6.436,5703
 6364,52660.121, 6.267,5703
 6365,52667.594, 7.471,5703
 6366,52674.848, 7.252,5703
 6367,52681.035, 6.187,5703
 6368,52687.227, 6.192,5703
 6369,52693.457, 6.235,5703
 6370,52699.676, 6.215,5703
 6371,52705.684, 6.006,5703
 6372,52711.723, 6.042,5703
 6373,52717.820, 6.096,5703
 6374,52723.953, 6.133,5703
 6375,52730.168, 6.213,5703
 6376,52736.770, 6.606,5703
 6377,52743.098, 6.327,5703
 6378,52749.297, 6.198,5703
 6379,52755.422, 6.125,5703
 6380,52761.871, 6.448,5703
 6381,52769.219, 7.347,5703
 6382,52775.523, 6.306,5703
 6383,52782.477, 6.956,5703
 6384,52788.934, 6.455,5703
 6385,52795.699, 6.765,5703
 6386,52803.078, 7.379,5703
 6387,52809.563, 6.485,5703
 6388,52816.082, 6.521,5703
 6389,52823.621, 7.538,5703
 6390,52830.148, 6.527,5703
 6391,52837.402, 7.255,5703
 6392,52844.113, 6.712,5703
 6393,52850.609, 6.497,5703
 6394,52857.906, 7.294,5703
 6395,52864.270, 6.363,5703
 6396,52871.609, 7.340,5703
 6397,52877.996, 6.386,5703
 6398,52885.879, 7.882,5703
 6399,52892.477, 6.602,5703
 6400,52899.277, 6.799,5703
 6401,52906.898, 7.622,5703
 6402,52913.969, 7.068,5703
 6403,52920.859, 6.889,5703
 6404,52928.156, 7.299,5703
 6405,52934.883, 6.726,5703
 6406,52943.297, 8.416,5703
 6407,52950.305, 7.006,5703
 6408,52956.859, 6.553,5703
 6409,52963.051, 6.191,5703
 6410,52969.281, 6.232,5703
 6411,52975.520, 6.239,5703
 6412,52981.727, 6.206,5703
 6413,52988.160, 6.432,5703
 6414,52994.730, 6.575,5703
 6415,53000.883, 6.151,5703
 6416,53007.332, 6.448,5703
 6417,53013.508, 6.177,5703
 6418,53019.621, 6.115,5703
 6419,53025.793, 6.170,5703
 6420,53032.574, 6.780,5703
 6421,53038.816, 6.242,5703
 6422,53045.090, 6.274,5703
 6423,53051.398, 6.310,5703
 6424,53057.531, 6.129,5703
 6425,53063.641, 6.115,5703
 6426,53069.801, 6.160,5703
 6427,53075.910, 6.108,5703
 6428,53082.348, 6.434,5703
 6429,53088.359, 6.013,5703
 6430,53094.727, 6.368,5703
 6431,53101.188, 6.459,5703
 6432,53107.309, 6.125,5703
 6433,53113.332, 6.019,5703
 6434,53119.625, 6.299,5703
 6435,53125.820, 6.190,5703
 6436,53132.094, 6.276,5703
 6437,53138.082, 5.990,5703
 6438,53144.180, 6.096,5703
 6439,53150.285, 6.107,5703
 6440,53156.316, 6.028,5703
 6441,53162.355, 6.037,5703
 6442,53168.449, 6.097,5703
 6443,53175.316, 6.867,5703
 6444,53181.402, 6.085,5703
 6445,53187.441, 6.043,5703
 6446,53193.531, 6.086,5703
 6447,53199.773, 6.244,5703
 6448,53206.898, 7.122,5703
 6449,53213.055, 6.158,5703
 6450,53219.188, 6.132,5703
 6451,53225.207, 6.019,5703
 6452,53231.504, 6.296,5703
 6453,53237.484, 5.983,5703
 6454,53243.512, 6.027,5703
 6455,53249.555, 6.042,5703
 6456,53255.676, 6.120,5703
 6457,53261.828, 6.151,5703
 6458,53268.699, 6.876,5703
 6459,53274.871, 6.169,5703
 6460,53280.961, 6.094,5703
 6461,53287.844, 6.877,5703
 6462,53294.086, 6.245,5703
 6463,53300.754, 6.667,5703
 6464,53307.500, 6.746,5703
 6465,53315.027, 7.528,5703
 6466,53321.176, 6.149,5703
 6467,53329.355, 8.180,5703
 6468,53338.809, 9.455,5703
 6469,53346.148, 7.334,5703
 6470,53353.148, 7.004,5703
 6471,53359.398, 6.249,5703
 6472,53365.563, 6.164,5703
 6473,53371.609, 6.047,5703
 6474,53377.730, 6.124,5703
 6475,53384.027, 6.294,5703
 6476,53390.219, 6.191,5703
 6477,53396.660, 6.443,5703
 6478,53402.766, 6.107,5703
 6479,53409.844, 7.077,5703
 6480,53416.547, 6.701,5703
 6481,53423.727, 7.182,5703
 6482,53430.000, 6.271,5703
 6483,53436.113, 6.116,5703
 6484,53442.320, 6.205,5703
 6485,53448.637, 6.320,5703
 6486,53454.758, 6.120,5703
 6487,53461.867, 7.106,5703
 6488,53469.117, 7.253,5703
 6489,53475.438, 6.321,5703
 6490,53482.535, 7.094,5703
 6491,53488.855, 6.320,5703
 6492,53495.180, 6.327,5703
 6493,53502.449, 7.270,5703
 6494,53508.641, 6.191,5703
 6495,53514.938, 6.296,5703
 6496,53521.348, 6.411,5703
 6497,53528.410, 7.063,5703
 6498,53535.430, 7.020,5703
 6499,53542.047, 6.616,5703
 6500,53549.738, 7.691,5703
 6501,53556.367, 6.628,5703
 6502,53562.688, 6.320,5703
 6503,53569.926, 7.239,5703
 6504,53576.465, 6.542,5703
 6505,53582.707, 6.238,5703
 6506,53589.320, 6.613,5703
 6507,53595.789, 6.473,5703
 6508,53602.289, 6.498,5703
 6509,53608.844, 6.554,5703
 6510,53616.027, 7.185,5703
 6511,53623.289, 7.264,5703
 6512,53630.719, 7.426,5703
 6513,53637.266, 6.547,5703
 6514,53643.746, 6.483,5703
 6515,53650.379, 6.631,5703
 6516,53657.914, 7.533,5703
 6517,53664.297, 6.384,5703
 6518,53670.891, 6.592,5703
 6519,53677.500, 6.611,5703
 6520,53684.656, 7.156,5703
 6521,53690.746, 6.089,5703
 6522,53696.738, 5.993,5703
 6523,53702.793, 6.058,5703
 6524,53708.973, 6.179,5703
 6525,53715.246, 6.273,5703
 6526,53723.410, 8.165,5703
 6527,53730.684, 7.268,5703
 6528,53737.762, 7.084,5703
 6529,53744.250, 6.484,5703
 6530,53750.563, 6.312,5703
 6531,53756.781, 6.222,5703
 6532,53763.125, 6.344,5703
 6533,53769.195, 6.069,5703
 6534,53775.332, 6.135,5703
 6535,53781.570, 6.241,5703
 6536,53788.430, 6.858,5703
 6537,53795.605, 7.176,5703
 6538,53802.387, 6.782,5703
 6539,53808.992, 6.604,5703
 6540,53815.758, 6.768,5703
 6541,53822.617, 6.857,5703
 6542,53830.242, 7.627,5703
 6543,53837.891, 7.647,5703
 6544,53845.559, 7.669,5703
 6545,53852.258, 6.701,5703
 6546,53859.570, 7.309,5703
 6547,53866.605, 7.038,5703
 6548,53873.055, 6.446,5703
 6549,53880.605, 7.554,5703
 6550,53887.332, 6.721,5703
 6551,53893.930, 6.602,5703
 6552,53900.039, 6.107,5703
 6553,53905.984, 5.946,5703
 6554,53912.090, 6.105,5703
 6555,53918.598, 6.511,5703
 6556,53924.953, 6.355,5703
 6557,53931.602, 6.647,5703
 6558,53937.777, 6.177,5703
 6559,53944.367, 6.589,5703
 6560,53951.879, 7.510,5703
 6561,53958.176, 6.297,5703
 6562,53964.551, 6.376,5703
 6563,53971.703, 7.153,5703
 6564,53978.082, 6.381,5703
 6565,53984.293, 6.211,5703
 6566,53990.602, 6.308,5703
 6567,53996.883, 6.278,5703
 6568,54003.375, 6.493,5703
 6569,54009.801, 6.429,5703
 6570,54016.063, 6.260,5703
 6571,54022.328, 6.262,5703
 6572,54028.605, 6.281,5703
 6573,54035.180, 6.573,5703
 6574,54041.527, 6.348,5703
 6575,54048.297, 6.770,5703
 6576,54055.012, 6.712,5703
 6577,54061.656, 6.644,5703
 6578,54067.984, 6.330,5703
 6579,54075.008, 7.024,5703
 6580,54082.387, 7.380,5703
 6581,54088.840, 6.450,5703
 6582,54095.914, 7.079,5703
 6583,54102.211, 6.295,5703
 6584,54109.500, 7.289,5703
 6585,54118.141, 8.641,5703
 6586,54124.875, 6.733,5703
 6587,54131.777, 6.902,5703
 6588,54138.035, 6.260,5703
 6589,54145.340, 7.301,5703
 6590,54151.707, 6.369,5703
 6591,54158.641, 6.935,5703
 6592,54165.531, 6.890,5703
 6593,54171.984, 6.450,5703
 6594,54178.402, 6.421,5703
 6595,54184.688, 6.285,5703
 6596,54190.984, 6.295,5703
 6597,54197.508, 6.525,5703
 6598,54204.012, 6.504,5703
 6599,54210.234, 6.225,5703
 6600,54216.719, 6.481,5703
 6601,54223.109, 6.394,5703
 6602,54230.379, 7.265,5703
 6603,54236.605, 6.229,5703
 6604,54242.836, 6.231,5703
 6605,54249.156, 6.319,5703
 6606,54256.664, 7.506,5703
 6607,54263.125, 6.465,5703
 6608,54269.895, 6.767,5703
 6609,54276.828, 6.931,5703
 6610,54284.527, 7.703,5703
 6611,54291.184, 6.655,5703
 6612,54298.918, 7.736,5703
 6613,54305.555, 6.638,5703
 6614,54313.066, 7.511,5703
 6615,54319.691, 6.621,5703
 6616,54326.340, 6.651,5703
 6617,54332.988, 6.648,5703
 6618,54339.578, 6.591,5703
 6619,54347.078, 7.499,5703
 6620,54353.633, 6.556,5703
 6621,54360.266, 6.635,5703
 6622,54366.840, 6.571,5703
 6623,54373.770, 6.931,5703
 6624,54381.363, 7.591,5703
 6625,54388.160, 6.798,5703
 6626,54394.895, 6.736,5703
 6627,54401.863, 6.967,5703
 6628,54408.805, 6.943,5703
 6629,54415.777, 6.974,5703
 6630,54422.387, 6.605,5703
 6631,54429.129, 6.745,5703
 6632,54435.297, 6.168,5703
 6633,54441.453, 6.157,5703
 6634,54447.602, 6.150,5703
 6635,54453.988, 6.383,5703
 6636,54460.219, 6.230,5703
 6637,54466.570, 6.353,5703
 6638,54472.863, 6.293,5703
 6639,54479.570, 6.708,5703
 6640,54485.906, 6.334,5703
 6641,54492.305, 6.401,5703
 6642,54499.176, 6.869,5703
 6643,54507.754, 8.579,5703
 6644,54514.879, 7.123,5703
 6645,54521.199, 6.322,5703
 6646,54527.496, 6.296,5703
 6647,54534.027, 6.532,5703
 6648,54540.402, 6.375,5703
 6649,54546.668, 6.266,5703
 6650,54552.984, 6.313,5703
 6651,54560.375, 7.394,5703
 6652,54566.648, 6.270,5703
 6653,54573.207, 6.560,5703
 6654,54579.535, 6.329,5703
 6655,54587.043, 7.506,5703
 6656,54593.598, 6.557,5703
 6657,54600.000, 6.401,5703
 6658,54606.402, 6.406,5703
 6659,54613.680, 7.274,5703
 6660,54620.160, 6.481,5703
 6661,54627.340, 7.177,5703
 6662,54634.441, 7.107,5703
 6663,54640.723, 6.278,5703
 6664,54646.879, 6.157,5703
 6665,54653.113, 6.234,5703
 6666,54659.418, 6.308,5703
 6667,54665.680, 6.257,5703
 6668,54671.938, 6.261,5703
 6669,54678.969, 7.034,5703
 6670,54685.063, 6.090,5703
 6671,54691.707, 6.642,5703
 6672,54698.094, 6.389,5703
 6673,54704.555, 6.460,5703
 6674,54711.762, 7.208,5703
 6675,54718.875, 7.112,5703
 6676,54726.188, 7.314,5703
 6677,54732.559, 6.371,5703
 6678,54738.918, 6.359,5703
 6679,54745.223, 6.305,5703
 6680,54752.125, 6.903,5703
 6681,54758.293, 6.168,5703
 6682,54764.563, 6.269,5703
 6683,54770.824, 6.260,5703
 6684,54777.090, 6.270,5703
 6685,54783.379, 6.288,5703
 6686,54789.684, 6.303,5703
 6687,54796.129, 6.446,5703
 6688,54803.203, 7.075,5703
 6689,54810.039, 6.835,5703
 6690,54816.594, 6.553,5703
 6691,54823.484, 6.888,5703
 6692,54830.102, 6.623,5703
 6693,54836.863, 6.758,5703
 6694,54843.391, 6.530,5703
 6695,54849.707, 6.317,5703
 6696,54856.023, 6.313,5703
 6697,54862.348, 6.327,5703
 6698,54868.910, 6.562,5703
 6699,54875.402, 6.491,5703
 6700,54882.156, 6.754,5703
 6701,54889.379, 7.222,5703
 6702,54898.352, 8.974,5703
 6703,54906.668, 8.314,5703
 6704,54913.602, 6.937,5703
 6705,54920.410, 6.807,5703
 6706,54927.035, 6.627,5703
 6707,54933.918, 6.883,5703
 6708,54940.668, 6.748,5703
 6709,54947.617, 6.952,5703
 6710,54955.180, 7.557,5703
 6711,54962.020, 6.843,5703
 6712,54969.098, 7.077,5703
 6713,54976.227, 7.128,5703
 6714,54983.891, 7.665,5703
 6715,54990.715, 6.826,5703
 6716,54997.699, 6.982,5703
 6717,55004.500, 6.801,5703
 6718,55011.789, 7.293,5703
 6719,55020.078, 8.288,5703
 6720,55027.129, 7.052,5703
 6721,55033.922, 6.791,5703
 6722,55041.188, 7.265,5703
 6723,55049.203, 8.016,5703
 6724,55055.543, 6.340,5703
 6725,55061.770, 6.228,5703
 6726,55068.051, 6.277,5703
 6727,55074.086, 6.037,5703
 6728,55081.188, 7.100,5703
 6729,55087.555, 6.371,5703
 6730,55094.563, 7.007,5703
 6731,55100.715, 6.153,5703
 6732,55107.797, 7.081,5703
 6733,55114.031, 6.233,5703
 6734,55120.676, 6.643,5703
 6735,55126.840, 6.165,5703
 6736,55133.250, 6.414,5703
 6737,55139.563, 6.310,5703
 6738,55145.723, 6.159,5703
 6739,55151.879, 6.158,5703
 6740,55158.289, 6.412,5703
 6741,55164.617, 6.328,5703
 6742,55171.801, 7.183,5703
 6743,55177.930, 6.130,5703
 6744,55184.145, 6.211,5703
 6745,55190.254, 6.111,5703
 6746,55196.426, 6.174,5703
 6747,55202.867, 6.437,5703
 6748,55209.074, 6.207,5703
 6749,55215.441, 6.370,5703
 6750,55221.766, 6.325,5703
 6751,55228.445, 6.680,5703
 6752,55234.727, 6.279,5703
 6753,55241.020, 6.292,5703
 6754,55247.270, 6.251,5703
 6755,55253.672, 6.400,5703
 6756,55260.820, 7.151,5703
 6757,55267.883, 7.062,5703
 6758,55274.098, 6.214,5703
 6759,55281.180, 7.082,5703
 6760,55288.789, 7.611,5703
 6761,55295.422, 6.632,5703
 6762,55302.793, 7.374,5703
 6763,55309.004, 6.207,5703
 6764,55315.211, 6.210,5703
 6765,55321.406, 6.195,5703
 6766,55328.777, 7.369,5703
 6767,55335.328, 6.549,5703
 6768,55341.984, 6.656,5703
 6769,55349.406, 7.424,5703
 6770,55356.418, 7.012,5703
 6771,55364.484, 8.066,5703
 6772,55370.820, 6.334,5703
 6773,55377.883, 7.063,5703
 6774,55384.445, 6.567,5703
 6775,55390.621, 6.176,5703
 6776,55396.852, 6.226,5703
 6777,55403.352, 6.500,5703
 6778,55409.609, 6.262,5703
 6779,55415.980, 6.368,5703
 6780,55422.094, 6.115,5703
 6781,55428.570, 6.474,5703
 6782,55435.113, 6.546,5703
 6783,55441.520, 6.404,5703
 6784,55447.746, 6.230,5703
 6785,55454.324, 6.575,5703
 6786,55460.797, 6.475,5703
 6787,55467.160, 6.361,5703
 6788,55473.652, 6.492,5703
 6789,55480.129, 6.480,5703
 6790,55487.531, 7.400,5703
 6791,55493.949, 6.420,5703
 6792,55500.273, 6.322,5703
 6793,55506.844, 6.569,5703
 6794,55513.813, 6.967,5703
 6795,55521.508, 7.696,5703
 6796,55528.090, 6.584,5703
 6797,55535.035, 6.947,5703
 6798,55542.539, 7.500,5703
 6799,55549.605, 7.069,5703
 6800,55556.699, 7.091,5703
 6801,55563.512, 6.814,5703
 6802,55570.223, 6.711,5703
 6803,55577.082, 6.863,5703
 6804,55584.203, 7.116,5703
 6805,55590.715, 6.514,5703
 6806,55597.332, 6.615,5703
 6807,55604.969, 7.639,5703
 6808,55611.543, 6.575,5703
 6809,55618.109, 6.567,5703
 6810,55624.684, 6.573,5703
 6811,55631.477, 6.789,5703
 6812,55638.535, 7.063,5703
 6813,55645.664, 7.126,5703
 6814,55653.684, 8.020,5703
 6815,55660.469, 6.790,5703
 6816,55667.453, 6.982,5703
 6817,55675.777, 8.325,5703
 6818,55682.684, 6.905,5703
 6819,55689.023, 6.340,5703
 6820,55696.137, 7.114,5703
 6821,55702.449, 6.314,5703
 6822,55708.996, 6.543,5703
 6823,55715.496, 6.501,5703
 6824,55721.820, 6.321,5703
 6825,55728.254, 6.438,5703
 6826,55734.586, 6.331,5703
 6827,55740.910, 6.326,5703
 6828,55747.297, 6.385,5703
 6829,55754.031, 6.735,5703
 6830,55761.012, 6.978,5703
 6831,55767.309, 6.296,5703
 6832,55773.867, 6.560,5703
 6833,55780.230, 6.364,5703
 6834,55786.492, 6.261,5703
 6835,55793.020, 6.530,5703
 6836,55800.676, 7.653,5703
 6837,55806.875, 6.199,5703
 6838,55813.227, 6.356,5703
 6839,55819.387, 6.159,5703
 6840,55825.688, 6.300,5703
 6841,55831.961, 6.275,5703
 6842,55838.910, 6.949,5703
 6843,55845.074, 6.163,5703
 6844,55851.262, 6.188,5703
 6845,55858.652, 7.388,5703
 6846,55865.105, 6.454,5703
 6847,55871.363, 6.259,5703
 6848,55877.664, 6.298,5703
 6849,55883.891, 6.230,5703
 6850,55890.125, 6.236,5703
 6851,55897.477, 7.348,5703
 6852,55903.730, 6.253,5703
 6853,55910.180, 6.452,5703
 6854,55916.395, 6.216,5703
 6855,55922.785, 6.391,5703
 6856,55928.988, 6.198,5703
 6857,55935.152, 6.164,5703
 6858,55941.297, 6.147,5703
 6859,55947.633, 6.337,5703
 6860,55953.953, 6.320,5703
 6861,55960.348, 6.391,5703
 6862,55967.078, 6.734,5703
 6863,55973.320, 6.239,5703
 6864,55980.445, 7.130,5703
 6865,55986.668, 6.221,5703
 6866,55992.906, 6.237,5703
 6867,55999.980, 7.071,5703
 6868,56006.172, 6.193,5703
 6869,56012.605, 6.437,5671
 6870,56018.707, 6.101,5671
 6871,56024.934, 6.227,5671
 6872,56031.180, 6.243,5671
 6873,56038.180, 7.002,5671
 6874,56044.906, 6.727,5671
 6875,56051.887, 6.981,5671
 6876,56059.340, 7.451,5671
 6877,56066.121, 6.783,5671
 6878,56073.281, 7.163,5671
 6879,56079.922, 6.638,5671
 6880,56086.410, 6.486,5671
 6881,56092.922, 6.514,5671
 6882,56104.793,11.874,5671
 6883,56111.156, 6.356,5671
 6884,56118.402, 7.250,5671
 6885,56125.492, 7.087,5671
 6886,56132.074, 6.587,5671
 6887,56138.406, 6.330,5671
 6888,56144.715, 6.307,5671
 6889,56151.113, 6.401,5671
 6890,56158.395, 7.279,5671
 6891,56164.824, 6.430,5671
 6892,56171.313, 6.487,5671
 6893,56178.121, 6.813,5671
 6894,56184.723, 6.598,5671
 6895,56192.105, 7.383,5671
 6896,56198.543, 6.437,5671
 6897,56205.086, 6.546,5671
 6898,56211.379, 6.289,5671
 6899,56218.082, 6.708,5671
 6900,56225.160, 7.074,5671
 6901,56232.945, 7.788,5671
 6902,56240.469, 7.523,5671
 6903,56246.992, 6.522,5671
 6904,56253.688, 6.695,5671
 6905,56260.426, 6.740,5671
 6906,56267.207, 6.779,5671
 6907,56274.859, 7.654,5671
 6908,56281.762, 6.902,5671
 6909,56289.746, 7.986,5671
 6910,56296.707, 6.958,5671
 6911,56303.496, 6.789,5671
 6912,56311.043, 7.547,5671
 6913,56317.828, 6.785,5671
 6914,56325.609, 7.783,5671
 6915,56332.457, 6.849,5671
 6916,56338.918, 6.459,5671
 6917,56345.594, 6.676,5671
 6918,56352.988, 7.391,5671
 6919,56359.715, 6.729,5671
 6920,56366.613, 6.902,5671
 6921,56373.547, 6.929,5671
 6922,56380.578, 7.034,5671
 6923,56388.391, 7.813,5671
 6924,56396.773, 8.382,5671
 6925,56404.102, 7.328,5671
 6926,56411.430, 7.328,5671
 6927,56418.203, 6.771,5671
 6928,56425.344, 7.141,5671
 6929,56431.766, 6.426,5671
 6930,56438.914, 7.148,5671
 6931,56446.180, 7.262,5671
 6932,56453.582, 7.404,5671
 6933,56461.098, 7.515,5671
 6934,56467.465, 6.372,5671
 6935,56474.594, 7.126,5671
 6936,56480.980, 6.385,5671
 6937,56487.254, 6.275,5671
 6938,56493.918, 6.664,5671
 6939,56500.898, 6.979,5671
 6940,56508.445, 7.548,5671
 6941,56515.113, 6.671,5671
 6942,56521.512, 6.395,5671
 6943,56527.859, 6.347,5671
 6944,56534.242, 6.382,5671
 6945,56540.613, 6.375,5671
 6946,56547.164, 6.545,5671
 6947,56553.563, 6.400,5671
 6948,56561.129, 7.568,5671
 6949,56567.641, 6.509,5671
 6950,56574.000, 6.361,5671
 6951,56580.207, 6.209,5671
 6952,56586.434, 6.228,5671
 6953,56592.699, 6.264,5671
 6954,56599.301, 6.604,5671
 6955,56607.238, 7.934,5671
 6956,56613.641, 6.400,5671
 6957,56620.082, 6.445,5671
 6958,56627.148, 7.063,5671
 6959,56633.434, 6.290,5671
 6960,56639.566, 6.130,5671
 6961,56645.949, 6.384,5671
 6962,56652.313, 6.362,5671
 6963,56659.328, 7.015,5671
 6964,56665.676, 6.347,5671
 6965,56672.715, 7.043,5671
 6966,56678.836, 6.120,5671
 6967,56685.965, 7.130,5671
 6968,56692.043, 6.076,5671
 6969,56698.285, 6.243,5671
 6970,56705.465, 7.181,5671
 6971,56712.371, 6.902,5671
 6972,56718.762, 6.396,5671
 6973,56725.098, 6.333,5671
 6974,56732.434, 7.339,5671
 6975,56739.664, 7.226,5671
 6976,56745.828, 6.162,5671
 6977,56751.961, 6.138,5671
 6978,56758.227, 6.263,5671
 6979,56764.520, 6.294,5671
 6980,56771.777, 7.260,5671
 6981,56778.918, 7.140,5671
 6982,56785.949, 7.031,5671
 6983,56792.332, 6.378,5671
 6984,56799.195, 6.866,5671
 6985,56806.578, 7.385,5671
 6986,56813.504, 6.924,5671
 6987,56820.402, 6.897,5671
 6988,56827.184, 6.781,5671
 6989,56835.227, 8.043,5671
 6990,56842.852, 7.626,5671
 6991,56849.699, 6.849,5671
 6992,56856.633, 6.936,5671
 6993,56864.055, 7.420,5671
 6994,56870.953, 6.898,5671
 6995,56878.500, 7.547,5671
 6996,56885.516, 7.013,5671
 6997,56893.355, 7.842,5671
 6998,56900.492, 7.134,5671
 6999,56907.906, 7.417,5671
 7000,56914.668, 6.760,5671
 7001,56922.820, 8.150,5671
 7002,56931.660, 8.841,5671
 7003,56938.219, 6.563,5671
 7004,56944.660, 6.437,5671
 7005,56951.855, 7.197,5671
 7006,56958.563, 6.709,5671
 7007,56964.992, 6.428,5671
 7008,56971.574, 6.583,5671
 7009,56979.250, 7.674,5671
 7010,56986.004, 6.753,5671
 7011,56992.625, 6.623,5671
 7012,56999.234, 6.611,5671
 7013,57006.090, 6.854,5671
 7014,57013.133, 7.046,5671
 7015,57019.887, 6.750,5671
 7016,57026.738, 6.854,5671
 7017,57035.020, 8.278,5671
 7018,57041.797, 6.782,5671
 7019,57050.066, 8.267,5671
 7020,57057.297, 7.230,5671
 7021,57064.180, 6.880,5671
 7022,57070.844, 6.668,5671
 7023,57077.484, 6.638,5671
 7024,57084.074, 6.593,5671
 7025,57091.500, 7.424,5671
 7026,57098.223, 6.723,5671
 7027,57105.020, 6.798,5671
 7028,57112.023, 7.002,5671
 7029,57119.902, 7.880,5671
 7030,57127.660, 7.754,5671
 7031,57134.684, 7.028,5671
 7032,57141.273, 6.592,5671
 7033,57147.574, 6.297,5671
 7034,57154.750, 7.178,5671
 7035,57162.066, 7.317,5671
 7036,57169.160, 7.091,5671
 7037,57176.258, 7.097,5671
 7038,57183.477, 7.218,5671
 7039,57189.652, 6.176,5671
 7040,57196.598, 6.948,5671
 7041,57202.762, 6.164,5671
 7042,57208.988, 6.224,5671
 7043,57216.051, 7.064,5671
 7044,57223.480, 7.429,5671
 7045,57230.914, 7.437,5671
 7046,57237.813, 6.892,5671
 7047,57245.785, 7.979,5671
 7048,57253.098, 7.313,5671
 7049,57259.559, 6.457,5671
 7050,57265.930, 6.373,5671
 7051,57272.332, 6.398,5671
 7052,57278.727, 6.399,5671
 7053,57285.906, 7.178,5671
 7054,57292.203, 6.297,5671
 7055,57298.609, 6.409,5671
 7056,57305.023, 6.412,5671
 7057,57311.352, 6.328,5671
 7058,57318.555, 7.204,5671
 7059,57324.941, 6.386,5671
 7060,57332.234, 7.293,5671
 7061,57338.641, 6.405,5671
 7062,57345.258, 6.619,5671
 7063,57352.164, 6.903,5671
 7064,57358.492, 6.328,5671
 7065,57364.891, 6.399,5671
 7066,57372.816, 7.927,5671
 7067,57380.949, 8.134,5671
 7068,57387.523, 6.571,5671
 7069,57393.859, 6.339,5671
 7070,57400.148, 6.289,5671
 7071,57406.367, 6.217,5671
 7072,57412.926, 6.562,5671
 7073,57420.059, 7.130,5671
 7074,57426.340, 6.280,5671
 7075,57432.750, 6.412,5671
 7076,57439.082, 6.333,5671
 7077,57445.258, 6.178,5671
 7078,57451.656, 6.395,5671
 7079,57458.402, 6.748,5671
 7080,57465.055, 6.651,5671
 7081,57471.668, 6.613,5671
 7082,57478.160, 6.491,5671
 7083,57484.539, 6.380,5671
 7084,57490.762, 6.222,5671
 7085,57497.070, 6.310,5671
 7086,57503.285, 6.215,5671
 7087,57510.387, 7.101,5671
 7088,57516.602, 6.217,5671
 7089,57523.148, 6.542,5671
 7090,57529.332, 6.187,5671
 7091,57535.563, 6.230,5671
 7092,57541.980, 6.418,5671
 7093,57548.828, 6.846,5671
 7094,57555.422, 6.596,5671
 7095,57562.488, 7.063,5671
 7096,57569.996, 7.507,5671
 7097,57576.824, 6.830,5671
 7098,57583.555, 6.733,5671
 7099,57590.988, 7.432,5671
 7100,57597.574, 6.587,5671
 7101,57605.129, 7.554,5671
 7102,57612.527, 7.397,5671
 7103,57620.648, 8.120,5671
 7104,57628.922, 8.278,5671
 7105,57635.793, 6.873,5671
 7106,57642.684, 6.885,5671
 7107,57649.926, 7.246,5671
 7108,57656.629, 6.702,5671
 7109,57664.363, 7.732,5671
 7110,57671.496, 7.133,5671
 7111,57678.254, 6.761,5671
 7112,57685.160, 6.902,5671
 7113,57692.012, 6.853,5671
 7114,57698.906, 6.898,5671
 7115,57706.477, 7.566,5671
 7116,57713.340, 6.865,5671
 7117,57720.012, 6.669,5671
 7118,57728.047, 8.039,5671
 7119,57735.238, 7.190,5671
 7120,57742.094, 6.857,5671
 7121,57749.844, 7.748,5671
 7122,57756.688, 6.845,5671
 7123,57763.852, 7.163,5671
 7124,57771.281, 7.433,5671
 7125,57778.016, 6.731,5671
 7126,57784.328, 6.313,5671
 7127,57790.691, 6.361,5671
 7128,57797.965, 7.278,5671
 7129,57804.379, 6.413,5671
 7130,57810.715, 6.336,5671
 7131,57817.113, 6.397,5671
 7132,57823.387, 6.276,5671
 7133,57829.688, 6.297,5671
 7134,57835.977, 6.289,5671
 7135,57842.184, 6.207,5671
 7136,57848.395, 6.212,5671
 7137,57854.746, 6.353,5671
 7138,57861.840, 7.093,5671
 7139,57868.246, 6.406,5671
 7140,57874.441, 6.198,5671
 7141,57881.152, 6.708,5671
 7142,57887.746, 6.594,5671
 7143,57894.074, 6.329,5671
 7144,57900.410, 6.338,5671
 7145,57906.730, 6.316,5671
 7146,57914.004, 7.274,5671
 7147,57920.242, 6.240,5671
 7148,57926.617, 6.377,5671
 7149,57933.977, 7.356,5671
 7150,57940.438, 6.464,5671
 7151,57946.875, 6.433,5671
 7152,57954.363, 7.492,5671
 7153,57961.961, 7.597,5671
 7154,57968.316, 6.351,5671
 7155,57974.762, 6.449,5671
 7156,57981.738, 6.977,5671
 7157,57989.797, 8.059,5671
 7158,57996.348, 6.550,5671
 7159,58003.754, 7.409,5671
 7160,58011.988, 8.228,5671
 7161,58018.660, 6.676,5671
 7162,58025.758, 7.097,5671
 7163,58032.477, 6.715,5671
 7164,58039.246, 6.774,5671
 7165,58045.859, 6.610,5671
 7166,58052.621, 6.767,5671
 7167,58058.977, 6.352,5671
 7168,58065.254, 6.280,5671
 7169,58072.539, 7.283,5671
 7170,58079.883, 7.343,5671
 7171,58086.184, 6.300,5671
 7172,58092.879, 6.696,5671
 7173,58099.609, 6.734,5671
 7174,58106.789, 7.180,5671
 7175,58113.219, 6.425,5671
 7176,58119.699, 6.482,5671
 7177,58126.188, 6.487,5671
 7178,58132.891, 6.703,5671
 7179,58139.254, 6.365,5671
 7180,58145.777, 6.523,5671
 7181,58152.953, 7.176,5671
 7182,58160.047, 7.094,5671
 7183,58166.578, 6.530,5671
 7184,58173.203, 6.628,5671
 7185,58180.379, 7.173,5671
 7186,58187.629, 7.254,5671
 7187,58194.984, 7.350,5671
 7188,58202.148, 7.167,5671
 7189,58208.918, 6.769,5671
 7190,58217.188, 8.270,5671
 7191,58224.762, 7.576,5671
 7192,58231.836, 7.073,5671
 7193,58239.371, 7.535,5671
 7194,58246.270, 6.899,5671
 7195,58253.691, 7.422,5671
 7196,58261.438, 7.746,5671
 7197,58268.762, 7.326,5671
 7198,58275.570, 6.805,5671
 7199,58282.266, 6.699,5671
 7200,58289.289, 7.022,5671
 7201,58296.137, 6.845,5671
 7202,58302.891, 6.754,5671
 7203,58310.125, 7.237,5671
 7204,58316.723, 6.596,5671
 7205,58323.324, 6.602,5671
 7206,58330.051, 6.725,5671
 7207,58336.680, 6.630,5671
 7208,58343.707, 7.026,5671
 7209,58350.652, 6.945,5671
 7210,58357.406, 6.756,5671
 7211,58364.324, 6.917,5671
 7212,58372.023, 7.700,5671
 7213,58378.613, 6.590,5671
 7214,58385.461, 6.849,5671
 7215,58393.059, 7.595,5671
 7216,58399.816, 6.758,5671
 7217,58407.316, 7.497,5671
 7218,58414.227, 6.914,5671
 7219,58420.973, 6.743,5671
 7220,58427.953, 6.987,5671
 7221,58434.492, 6.536,5671
 7222,58440.938, 6.444,5671
 7223,58447.156, 6.218,5671
 7224,58453.523, 6.367,5671
 7225,58459.750, 6.229,5671
 7226,58466.145, 6.393,5671
 7227,58472.574, 6.432,5671
 7228,58479.746, 7.172,5671
 7229,58486.219, 6.473,5671
 7230,58492.500, 6.280,5671
 7231,58498.813, 6.312,5671
 7232,58505.238, 6.427,5671
 7233,58511.715, 6.476,5671
 7234,58518.434, 6.720,5671
 7235,58525.211, 6.777,5671
 7236,58531.621, 6.411,5671
 7237,58538.094, 6.471,5671
 7238,58544.629, 6.535,5671
 7239,58552.387, 7.756,5671
 7240,58558.602, 6.217,5671
 7241,58565.813, 7.206,5671
 7242,58572.109, 6.303,5671
 7243,58578.438, 6.327,5671
 7244,58585.617, 7.179,5671
 7245,58591.875, 6.259,5671
 7246,58598.121, 6.245,5671
 7247,58605.348, 7.225,5671
 7248,58611.602, 6.255,5671
 7249,58617.797, 6.196,5671
 7250,58625.070, 7.274,5671
 7251,58632.863, 7.790,5671
 7252,58639.141, 6.275,5671
 7253,58645.477, 6.340,5671
 7254,58652.684, 7.207,5671
 7255,58658.938, 6.254,5671
 7256,58665.340, 6.402,5671
 7257,58671.711, 6.371,5671
 7258,58678.102, 6.391,5671
 7259,58684.457, 6.357,5671
 7260,58691.578, 7.122,5671
 7261,58697.910, 6.331,5671
 7262,58704.199, 6.286,5671
 7263,58710.422, 6.224,5671
 7264,58716.746, 6.327,5671
 7265,58723.078, 6.329,5671
 7266,58729.566, 6.490,5671
 7267,58736.465, 6.897,5671
 7268,58742.777, 6.315,5671
 7269,58749.297, 6.520,5671
 7270,58755.688, 6.388,5671
 7271,58762.039, 6.352,5671
 7272,58768.320, 6.278,5671
 7273,58775.590, 7.273,5671
 7274,58784.074, 8.486,5671
 7275,58790.668, 6.589,5671
 7276,58797.391, 6.726,5671
 7277,58803.922, 6.531,5671
 7278,58810.355, 6.431,5671
 7279,58816.785, 6.435,5671
 7280,58823.160, 6.369,5671
 7281,58829.598, 6.441,5671
 7282,58836.082, 6.486,5671
 7283,58843.004, 6.917,5671
 7284,58849.340, 6.337,5671
 7285,58855.813, 6.472,5671
 7286,58862.164, 6.351,5671
 7287,58869.590, 7.430,5671
 7288,58876.035, 6.443,5671
 7289,58882.715, 6.678,5671
 7290,58889.461, 6.749,5671
 7291,58896.699, 7.235,5671
 7292,58903.199, 6.501,5671
 7293,58909.484, 6.284,5671
 7294,58915.867, 6.387,5671
 7295,58922.375, 6.507,5671
 7296,58928.988, 6.609,5671
 7297,58935.434, 6.451,5671
 7298,58941.664, 6.228,5671
 7299,58948.832, 7.168,5671
 7300,58955.484, 6.652,5671
 7301,58961.914, 6.429,5671
 7302,58968.617, 6.705,5671
 7303,58975.691, 7.075,5671
 7304,58982.441, 6.750,5671
 7305,58989.148, 6.706,5671
 7306,58996.035, 6.886,5671
 7307,59002.863, 6.829,5671
 7308,59010.754, 7.892,5671
 7309,59017.461, 6.708,5671
 7310,59025.219, 7.756,5671
 7311,59032.066, 6.846,5671
 7312,59038.887, 6.822,5671
 7313,59046.742, 7.855,5671
 7314,59054.621, 7.881,5671
 7315,59061.422, 6.798,5671
 7316,59068.176, 6.752,5671
 7317,59075.230, 7.057,5671
 7318,59082.051, 6.821,5671
 7319,59089.930, 7.878,5671
 7320,59096.707, 6.775,5671
 7321,59103.387, 6.682,5671
 7322,59110.066, 6.679,5671
 7323,59117.348, 7.282,5671
 7324,59124.547, 7.199,5671
 7325,59130.805, 6.257,5671
 7326,59137.906, 7.103,5671
 7327,59144.664, 6.757,5671
 7328,59150.926, 6.262,5671
 7329,59157.523, 6.599,5671
 7330,59164.488, 6.962,5671
 7331,59172.164, 7.674,5671
 7332,59179.066, 6.907,5671
 7333,59186.625, 7.559,5671
 7334,59193.215, 6.588,5671
 7335,59200.258, 7.042,5671
 7336,59206.570, 6.315,5671
 7337,59212.824, 6.251,5671
 7338,59219.023, 6.200,5671
 7339,59225.461, 6.439,5671
 7340,59231.820, 6.357,5671
 7341,59237.918, 6.099,5671
 7342,59244.172, 6.253,5671
 7343,59251.492, 7.320,5671
 7344,59257.691, 6.198,5671
 7345,59265.219, 7.530,5671
 7346,59271.602, 6.383,5671
 7347,59277.961, 6.361,5671
 7348,59284.250, 6.286,5671
 7349,59290.551, 6.301,5671
 7350,59297.027, 6.475,5671
 7351,59303.352, 6.326,5671
 7352,59309.480, 6.129,5671
 7353,59316.703, 7.223,5671
 7354,59323.813, 7.107,5671
 7355,59330.051, 6.243,5671
 7356,59336.234, 6.181,5671
 7357,59342.281, 6.051,5671
 7358,59348.332, 6.046,5671
 7359,59354.551, 6.219,5671
 7360,59360.805, 6.254,5671
 7361,59367.059, 6.254,5671
 7362,59373.652, 6.593,5671
 7363,59379.852, 6.200,5671
 7364,59387.176, 7.324,5671
 7365,59394.156, 6.980,5671
 7366,59401.086, 6.931,5671
 7367,59408.082, 6.997,5671
 7368,59414.289, 6.208,5671
 7369,59420.434, 6.145,5671
 7370,59426.723, 6.286,5671
 7371,59433.707, 6.986,5671
 7372,59439.754, 6.046,5671
 7373,59445.938, 6.187,5671
 7374,59452.090, 6.148,5671
 7375,59458.113, 6.025,5671
 7376,59464.402, 6.287,5671
 7377,59471.387, 6.988,5671
 7378,59478.027, 6.638,5671
 7379,59484.629, 6.603,5671
 7380,59490.840, 6.209,5671
 7381,59497.188, 6.347,5671
 7382,59504.566, 7.380,5671
 7383,59510.734, 6.169,5671
 7384,59517.340, 6.604,5671
 7385,59523.785, 6.446,5671
 7386,59530.184, 6.399,5671
 7387,59536.582, 6.399,5671
 7388,59542.945, 6.363,5671
 7389,59549.758, 6.814,5671
 7390,59557.371, 7.611,5671
 7391,59564.852, 7.479,5671
 7392,59572.457, 7.608,5671
 7393,59578.805, 6.346,5671
 7394,59585.594, 6.789,5671
 7395,59592.926, 7.335,5671
 7396,59599.398, 6.471,5671
 7397,59606.793, 7.398,5671
 7398,59613.258, 6.461,5671
 7399,59619.773, 6.516,5671
 7400,59626.832, 7.058,5671
 7401,59633.211, 6.377,5671
 7402,59639.496, 6.285,5671
 7403,59646.617, 7.127,5671
 7404,59652.898, 6.277,5671
 7405,59659.258, 6.360,5671
 7406,59665.730, 6.472,5671
 7407,59673.168, 7.438,5671
 7408,59680.691, 7.521,5671
 7409,59687.164, 6.475,5671
 7410,59694.824, 7.660,5671
 7411,59702.129, 7.307,5671
 7412,59708.570, 6.438,5671
 7413,59715.332, 6.760,5671
 7414,59722.008, 6.677,5671
 7415,59728.668, 6.663,5671
 7416,59736.074, 7.405,5671
 7417,59742.629, 6.556,5671
 7418,59749.160, 6.530,5671
 7419,59756.555, 7.397,5671
 7420,59763.145, 6.587,5671
 7421,59770.449, 7.305,5671
 7422,59777.047, 6.599,5671
 7423,59783.973, 6.921,5671
 7424,59790.527, 6.559,5671
 7425,59798.586, 8.059,5671
 7426,59809.953,11.369,5671
 7427,59816.660, 6.703,5671
 7428,59823.336, 6.677,5671
 7429,59830.074, 6.741,5671
 7430,59836.785, 6.708,5671
 7431,59844.496, 7.711,5671
 7432,59851.438, 6.944,5671
 7433,59859.098, 7.657,5671
 7434,59865.457, 6.360,5671
 7435,59871.652, 6.193,5671
 7436,59877.770, 6.120,5671
 7437,59884.020, 6.248,5671
 7438,59891.016, 6.996,5671
 7439,59898.289, 7.276,5671
 7440,59904.832, 6.541,5671
 7441,59910.969, 6.135,5671
 7442,59917.324, 6.358,5671
 7443,59923.574, 6.252,5671
 7444,59930.641, 7.063,5671
 7445,59936.875, 6.234,5671
 7446,59944.156, 7.280,5671
 7447,59952.273, 8.124,5671
 7448,59958.891, 6.612,5671
 7449,59966.387, 7.497,5671
 7450,59973.594, 7.207,5671
 7451,59980.855, 7.262,5671
 7452,59987.012, 6.154,5671
 7453,59993.277, 6.270,5671
 7454,59999.504, 6.225,5671
 7455,60005.957, 6.456,5671
 7456,60012.773, 6.814,5671
 7457,60019.234, 6.460,5671
 7458,60025.730, 6.499,5671
 7459,60032.852, 7.119,5671
 7460,60040.059, 7.205,5671
 7461,60046.441, 6.388,5671
 7462,60053.004, 6.559,5671
 7463,60060.281, 7.279,5671
 7464,60066.516, 6.230,5671
 7465,60072.949, 6.437,5671
 7466,60079.105, 6.159,5671
 7467,60086.098, 6.989,5671
 7468,60093.172, 7.075,5671
 7469,60099.414, 6.242,5671
 7470,60105.574, 6.160,5671
 7471,60112.164, 6.588,5671
 7472,60118.738, 6.577,5671
 7473,60124.984, 6.242,5671
 7474,60132.270, 7.289,5671
 7475,60139.328, 7.056,5671
 7476,60145.535, 6.207,5671
 7477,60151.652, 6.116,5671
 7478,60158.652, 7.001,5671
 7479,60164.969, 6.315,5671
 7480,60171.184, 6.218,5671
 7481,60177.566, 6.382,5671
 7482,60184.918, 7.352,5671
 7483,60192.074, 7.155,5671
 7484,60198.371, 6.298,5671
 7485,60204.723, 6.350,5671
 7486,60210.902, 6.182,5671
 7487,60218.301, 7.394,5671
 7488,60224.539, 6.242,5671
 7489,60230.809, 6.268,5671
 7490,60237.055, 6.247,5671
 7491,60244.082, 7.031,5671
 7492,60251.098, 7.016,5671
 7493,60257.770, 6.669,5671
 7494,60264.223, 6.452,5671
 7495,60270.508, 6.286,5671
 7496,60277.703, 7.194,5671
 7497,60284.000, 6.297,5671
 7498,60290.313, 6.313,5671
 7499,60298.094, 7.784,5671
 7500,60304.449, 6.356,5671
 7501,60310.672, 6.220,5671
 7502,60317.109, 6.439,5671
 7503,60324.426, 7.315,5671
 7504,60332.309, 7.880,5671
 7505,60340.281, 7.976,5671
 7506,60347.160, 6.878,5671
 7507,60354.008, 6.848,5671
 7508,60360.840, 6.832,5671
 7509,60368.246, 7.408,5671
 7510,60374.906, 6.657,5671
 7511,60381.523, 6.616,5671
 7512,60389.105, 7.586,5671
 7513,60395.668, 6.560,5671
 7514,60403.148, 7.480,5671
 7515,60410.512, 7.364,5671
 7516,60417.039, 6.527,5671
 7517,60423.488, 6.449,5671
 7518,60431.434, 7.949,5671
 7519,60437.992, 6.555,5671
 7520,60444.715, 6.722,5671
 7521,60452.289, 7.579,5671
 7522,60459.121, 6.829,5671
 7523,60466.535, 7.414,5671
 7524,60473.445, 6.913,5671
 7525,60480.438, 6.990,5671
 7526,60487.898, 7.462,5671
 7527,60495.133, 7.229,5671
 7528,60501.359, 6.229,5671
 7529,60507.684, 6.324,5671
 7530,60514.012, 6.327,5671
 7531,60521.086, 7.079,5671
 7532,60527.336, 6.246,5671
 7533,60533.770, 6.439,5671
 7534,60541.289, 7.520,5671
 7535,60547.512, 6.218,5671
 7536,60554.734, 7.224,5671
 7537,60561.074, 6.338,5671
 7538,60567.301, 6.228,5671
 7539,60574.359, 7.057,5671
 7540,60580.668, 6.309,5671
 7541,60587.824, 7.156,5671
 7542,60593.914, 6.090,5671
 7543,60600.023, 6.110,5671
 7544,60606.203, 6.180,5671
 7545,60613.156, 6.951,5671
 7546,60619.273, 6.121,5671
 7547,60625.445, 6.173,5671
 7548,60631.602, 6.157,5671
 7549,60638.074, 6.469,5671
 7550,60645.727, 7.653,5671
 7551,60651.895, 6.169,5671
 7552,60658.848, 6.951,5671
 7553,60666.094, 7.248,5671
 7554,60672.281, 6.188,5671
 7555,60679.375, 7.092,5671
 7556,60685.539, 6.164,5671
 7557,60692.563, 7.026,5671
 7558,60698.578, 6.016,5671
 7559,60705.641, 7.059,5671
 7560,60711.590, 5.951,5671
 7561,60717.664, 6.071,5671
 7562,60723.828, 6.164,5671
 7563,60730.027, 6.199,5671
 7564,60736.922, 6.896,5671
 7565,60743.586, 6.666,5671
 7566,60751.402, 7.814,5671
 7567,60758.473, 7.070,5671
 7568,60766.160, 7.688,5671
 7569,60773.578, 7.421,5671
 7570,60780.168, 6.586,5671
 7571,60786.309, 6.142,5671
 7572,60792.438, 6.130,5671
 7573,60798.867, 6.429,5671
 7574,60805.258, 6.393,5671
 7575,60811.371, 6.110,5671
 7576,60817.598, 6.229,5671
 7577,60823.805, 6.206,5671
 7578,60831.250, 7.445,5671
 7579,60837.684, 6.431,5671
 7580,60844.750, 7.070,5671
 7581,60850.941, 6.191,5671
 7582,60857.602, 6.660,5671
 7583,60863.852, 6.247,5671
 7584,60870.203, 6.355,5671
 7585,60876.609, 6.409,5671
 7586,60882.922, 6.310,5671
 7587,60889.996, 7.073,5671
 7588,60896.508, 6.509,5671
 7589,60902.855, 6.351,5671
 7590,60909.066, 6.213,5671
 7591,60915.477, 6.407,5671
 7592,60922.953, 7.480,5671
 7593,60929.547, 6.592,5671
 7594,60937.477, 7.925,5671
 7595,60944.938, 7.467,5671
 7596,60952.066, 7.128,5671
 7597,60958.859, 6.789,5671
 7598,60966.035, 7.180,5671
 7599,60974.070, 8.033,5671
 7600,60982.574, 8.506,5671
 7601,60991.180, 8.605,5671
 7602,60999.008, 7.825,5671
 7603,61005.492, 6.485,5671
 7604,61012.324, 6.831,5671
 7605,61019.262, 6.941,5671
 7606,61025.918, 6.657,5671
 7607,61032.516, 6.594,5671
 7608,61039.914, 7.400,5671
 7609,61046.512, 6.597,5671
 7610,61053.148, 6.636,5671
 7611,61059.852, 6.706,5671
 7612,61066.863, 7.010,5671
 7613,61073.977, 7.113,5671
 7614,61081.055, 7.078,5671
 7615,61088.910, 7.856,5671
 7616,61095.941, 7.032,5671
 7617,61103.043, 7.100,5671
 7618,61110.477, 7.434,5671
 7619,61116.781, 6.306,5671
 7620,61123.375, 6.594,5671
 7621,61130.980, 7.605,5671
 7622,61138.418, 7.439,5671
 7623,61145.027, 6.608,5671
 7624,61151.840, 6.812,5671
 7625,61158.906, 7.065,5671
 7626,61165.086, 6.182,5671
 7627,61171.871, 6.784,5671
 7628,61179.289, 7.419,5671
 7629,61185.887, 6.598,5671
 7630,61192.430, 6.542,5671
 7631,61198.715, 6.283,5671
 7632,61205.004, 6.291,5671
 7633,61211.340, 6.333,5671
 7634,61217.516, 6.178,5671
 7635,61223.820, 6.302,5671
 7636,61230.098, 6.282,5671
 7637,61237.227, 7.129,5671
 7638,61244.223, 6.994,5671
 7639,61251.727, 7.504,5671
 7640,61258.816, 7.089,5671
 7641,61265.980, 7.166,5671
 7642,61272.301, 6.317,5671
 7643,61279.027, 6.731,5671
 7644,61285.301, 6.268,5671
 7645,61291.551, 6.253,5671
 7646,61297.730, 6.182,5671
 7647,61303.828, 6.097,5671
 7648,61310.969, 7.138,5671
 7649,61317.117, 6.152,5671
 7650,61323.203, 6.082,5671
 7651,61330.242, 7.042,5671
 7652,61336.414, 6.172,5671
 7653,61342.449, 6.037,5671
 7654,61349.480, 7.026,5671
 7655,61355.625, 6.150,5671
 7656,61361.875, 6.248,5671
 7657,61368.059, 6.181,5671
 7658,61375.020, 6.963,5671
 7659,61381.375, 6.356,5671
 7660,61388.141, 6.764,5671
 7661,61394.285, 6.148,5671
 7662,61400.555, 6.268,5671
 7663,61407.043, 6.486,5671
 7664,61413.828, 6.786,5671
 7665,61420.828, 7.000,5671
 7666,61427.191, 6.363,5671
 7667,61433.387, 6.197,5671
 7668,61439.434, 6.047,5671
 7669,61445.723, 6.289,5671
 7670,61452.785, 7.061,5671
 7671,61458.844, 6.060,5671
 7672,61465.094, 6.251,5671
 7673,61471.273, 6.177,5671
 7674,61477.734, 6.463,5671
 7675,61483.883, 6.146,5671
 7676,61490.305, 6.422,5671
 7677,61496.816, 6.511,5671
 7678,61503.211, 6.395,5671
 7679,61509.699, 6.490,5671
 7680,61516.953, 7.256,5671
 7681,61524.363, 7.407,5671
 7682,61531.168, 6.803,5671
 7683,61537.730, 6.564,5671
 7684,61544.836, 7.106,5671
 7685,61550.957, 6.124,5671
 7686,61557.969, 7.006,5671
 7687,61565.094, 7.128,5671
 7688,61571.609, 6.517,5671
 7689,61577.813, 6.202,5671
 7690,61583.941, 6.129,5671
 7691,61591.004, 7.061,5671
 7692,61597.934, 6.931,5671
 7693,61604.258, 6.325,5671
 7694,61610.621, 6.363,5671
 7695,61616.844, 6.220,5671
 7696,61623.051, 6.209,5671
 7697,61629.254, 6.205,5671
 7698,61635.418, 6.165,5671
 7699,61642.531, 7.110,5671
 7700,61648.516, 5.983,5671
 7701,61655.594, 7.081,5671
 7702,61662.754, 7.161,5671
 7703,61669.051, 6.297,5671
 7704,61675.238, 6.187,5671
 7705,61681.746, 6.506,5671
 7706,61689.543, 7.797,5671
 7707,61696.027, 6.483,5671
 7708,61704.117, 8.094,5671
 7709,61710.676, 6.556,5671
 7710,61717.219, 6.544,5671
 7711,61723.809, 6.587,5671
 7712,61731.523, 7.718,5671
 7713,61738.770, 7.248,5671
 7714,61746.117, 7.345,5671
 7715,61753.500, 7.379,5671
 7716,61760.469, 6.968,5671
 7717,61767.324, 6.860,5671
 7718,61774.676, 7.348,5671
 7719,61781.141, 6.464,5671
 7720,61787.652, 6.512,5671
 7721,61793.988, 6.337,5671
 7722,61801.230, 7.245,5671
 7723,61808.336, 7.104,5671
 7724,61815.035, 6.698,5671
 7725,61821.844, 6.811,5671
 7726,61828.230, 6.387,5671
 7727,61834.863, 6.633,5671
 7728,61842.285, 7.422,5671
 7729,61849.105, 6.821,5671
 7730,61855.336, 6.227,5671
 7731,61861.332, 5.997,5671
 7732,61867.402, 6.074,5671
 7733,61874.301, 6.892,5671
 7734,61881.297, 6.998,5671
 7735,61887.359, 6.064,5671
 7736,61893.559, 6.201,5671
 7737,61899.633, 6.071,5671
 7738,61906.469, 6.838,5671
 7739,61914.133, 7.663,5671
 7740,61920.906, 6.775,5671
 7741,61928.074, 7.166,5671
 7742,61934.316, 6.241,5671
 7743,61940.480, 6.165,5671
 7744,61946.441, 5.965,5671
 7745,61952.434, 5.989,5671
 7746,61958.523, 6.088,5671
 7747,61964.602, 6.083,5671
 7748,61970.625, 6.022,5671
 7749,61977.074, 6.451,5671
 7750,61983.098, 6.024,5671
 7751,61989.352, 6.250,5671
 7752,61995.395, 6.046,5671
 7753,62001.313, 5.914,5671
 7754,62007.578, 6.267,5671
 7755,62014.738, 7.162,5671
 7756,62021.578, 6.839,5671
 7757,62027.746, 6.166,5671
 7758,62033.859, 6.112,5671
 7759,62040.180, 6.322,5671
 7760,62047.609, 7.430,5671
 7761,62053.660, 6.049,5671
 7762,62059.992, 6.332,5671
 7763,62066.219, 6.228,5671
 7764,62073.098, 6.883,5671
 7765,62079.133, 6.029,5671
 7766,62085.098, 5.971,5671
 7767,62092.059, 6.960,5671
 7768,62097.980, 5.919,5671
 7769,62104.043, 6.061,5671
 7770,62109.992, 5.949,5671
 7771,62115.891, 5.901,5671
 7772,62121.863, 5.972,5671
 7773,62128.590, 6.727,5671
 7774,62134.773, 6.186,5671
 7775,62141.594, 6.817,5671
 7776,62147.699, 6.108,5671
 7777,62153.797, 6.093,5671
 7778,62159.879, 6.084,5671
 7779,62166.027, 6.149,5671
 7780,62172.938, 6.910,5671
 7781,62178.914, 5.976,5671
 7782,62184.953, 6.044,5671
 7783,62190.887, 5.929,5671
 7784,62196.934, 6.050,5671
 7785,62203.105, 6.171,5671
 7786,62209.992, 6.884,5671
 7787,62216.273, 6.284,5671
 7788,62222.473, 6.197,5671
 7789,62228.598, 6.126,5671
 7790,62235.891, 7.294,5671
 7791,62242.008, 6.116,5671
 7792,62248.098, 6.090,5671
 7793,62255.090, 6.993,5671
 7794,62262.141, 7.050,5671
 7795,62268.414, 6.275,5671
 7796,62274.777, 6.361,5671
 7797,62281.867, 7.091,5671
 7798,62288.398, 6.532,5671
 7799,62295.563, 7.165,5671
 7800,62303.242, 7.677,5671
 7801,62310.695, 7.454,5671
 7802,62318.074, 7.380,5671
 7803,62324.316, 6.239,5671
 7804,62331.227, 6.911,5671
 7805,62337.629, 6.402,5671
 7806,62344.922, 7.297,5671
 7807,62351.020, 6.094,5671
 7808,62357.195, 6.175,5671
 7809,62363.449, 6.257,5671
 7810,62369.613, 6.165,5671
 7811,62375.734, 6.119,5671
 7812,62382.090, 6.354,5671
 7813,62388.387, 6.298,5671
 7814,62395.230, 6.845,5671
 7815,62402.238, 7.006,5671
 7816,62408.379, 6.143,5671
 7817,62414.418, 6.038,5671
 7818,62420.438, 6.021,5671
 7819,62426.582, 6.142,5671
 7820,62432.895, 6.313,5671
 7821,62438.922, 6.026,5671
 7822,62446.035, 7.116,5671
 7823,62452.781, 6.747,5671
 7824,62459.371, 6.588,5671
 7825,62466.160, 6.786,5671
 7826,62473.109, 6.952,5671
 7827,62479.680, 6.569,5671
 7828,62486.016, 6.335,5671
 7829,62492.527, 6.512,5671
 7830,62500.141, 7.614,5671
 7831,62506.398, 6.259,5671
 7832,62513.473, 7.073,5671
 7833,62520.004, 6.530,5671
 7834,62527.477, 7.473,5671
 7835,62534.027, 6.552,5671
 7836,62540.273, 6.249,5671
 7837,62546.648, 6.370,5671
 7838,62554.457, 7.811,5671
 7839,62562.242, 7.787,5671
 7840,62569.789, 7.546,5671
 7841,62576.418, 6.630,5671
 7842,62582.953, 6.535,5671
 7843,62590.164, 7.206,5671
 7844,62597.094, 6.933,5671
 7845,62603.051, 5.955,5671
 7846,62609.945, 6.898,5671
 7847,62615.922, 5.974,5671
 7848,62622.707, 6.784,5671
 7849,62628.762, 6.060,5671
 7850,62634.797, 6.032,5671
 7851,62640.629, 5.831,5671
 7852,62646.730, 6.101,5671
 7853,62653.645, 6.914,5671
 7854,62661.156, 7.514,5671
 7855,62667.199, 6.042,5671
 7856,62673.418, 6.218,5671
 7857,62680.199, 6.782,5671
 7858,62688.602, 8.403,5671
 7859,62696.246, 7.644,5671
 7860,62703.770, 7.525,5671
 7861,62711.262, 7.492,5671
 7862,62717.734, 6.471,5671
 7863,62724.852, 7.119,5671
 7864,62731.484, 6.630,5671
 7865,62738.633, 7.147,5671
 7866,62745.637, 7.007,5671
 7867,62752.465, 6.827,5671
 7868,62758.469, 6.002,5671
 7869,62765.129, 6.661,5671
 7870,62771.266, 6.139,5671
 7871,62777.512, 6.246,5671
 7872,62783.594, 6.081,5671
 7873,62789.711, 6.117,5671
 7874,62796.168, 6.456,5671
 7875,62803.180, 7.013,5671
 7876,62810.105, 6.929,5671
 7877,62816.152, 6.042,5671
 7878,62822.184, 6.032,5671
 7879,62828.301, 6.119,5671
 7880,62835.211, 6.912,5671
 7881,62841.184, 5.970,5671
 7882,62847.004, 5.822,5671
 7883,62853.043, 6.038,5671
 7884,62859.137, 6.093,5671
 7885,62866.133, 6.997,5671
 7886,62872.699, 6.565,5671
 7887,62878.785, 6.089,5671
 7888,62884.781, 5.995,5671
 7889,62891.789, 7.010,5671
 7890,62897.895, 6.102,5671
 7891,62904.707, 6.811,5671
 7892,62911.563, 6.860,5671
 7893,62918.461, 6.892,5671
 7894,62924.465, 6.006,5671
 7895,62930.340, 5.878,5671
 7896,62936.438, 6.097,5671
 7897,62942.602, 6.167,5671
 7898,62949.363, 6.757,5671
 7899,62955.410, 6.049,5671
 7900,62961.715, 6.303,5671
 7901,62967.883, 6.168,5671
 7902,62975.250, 7.368,5671
 7903,62981.852, 6.600,5671
 7904,62989.281, 7.433,5671
 7905,62995.898, 6.618,5671
 7906,63003.117, 7.217,5671
 7907,63009.789, 6.672,5671
 7908,63016.281, 6.494,5671
 7909,63022.578, 6.296,5671
 7910,63029.063, 6.484,5671
 7911,63035.090, 6.028,5671
 7912,63041.340, 6.246,5671
 7913,63047.863, 6.524,5703
 7914,63054.387, 6.523,5703
 7915,63061.707, 7.323,5703
 7916,63068.734, 7.027,5703
 7917,63077.012, 8.278,5703
 7918,63085.516, 8.502,5703
 7919,63093.434, 7.919,5703
 7920,63100.031, 6.598,5703
 7921,63107.363, 7.330,5703
 7922,63115.008, 7.645,5703
 7923,63121.848, 6.840,5703
 7924,63129.227, 7.380,5703
 7925,63136.824, 7.596,5703
 7926,63143.203, 6.378,5703
 7927,63149.508, 6.304,5703
 7928,63155.840, 6.335,5703
 7929,63163.316, 7.475,5703
 7930,63169.738, 6.423,5703
 7931,63177.305, 7.564,5703
 7932,63184.996, 7.691,5703
 7933,63193.270, 8.278,5703
 7934,63200.953, 7.684,5703
 7935,63207.184, 6.227,5703
 7936,63213.582, 6.400,5703
 7937,63219.703, 6.121,5703
 7938,63225.914, 6.214,5703
 7939,63232.090, 6.176,5703
 7940,63238.109, 6.019,5703
 7941,63244.266, 6.153,5703
 7942,63251.141, 6.872,5703
 7943,63257.852, 6.713,5703
 7944,63263.836, 5.986,5703
 7945,63269.945, 6.112,5703
 7946,63276.156, 6.209,5703
 7947,63282.254, 6.098,5703
 7948,63289.113, 6.858,5703
 7949,63295.652, 6.540,5703
 7950,63301.785, 6.136,5703
 7951,63308.020, 6.229,5703
 7952,63314.262, 6.246,5703
 7953,63320.496, 6.231,5703
 7954,63327.043, 6.547,5703
 7955,63333.051, 6.009,5703
 7956,63338.973, 5.921,5703
 7957,63345.840, 6.867,5703
 7958,63351.914, 6.074,5703
 7959,63357.871, 5.958,5703
 7960,63363.906, 6.037,5703
 7961,63369.898, 5.992,5703
 7962,63375.879, 5.979,5703
 7963,63381.840, 5.959,5703
 7964,63388.027, 6.190,5703
 7965,63394.082, 6.056,5703
 7966,63400.523, 6.441,5703
 7967,63406.906, 6.383,5703
 7968,63413.133, 6.225,5703
 7969,63420.051, 6.918,5703
 7970,63426.723, 6.672,5703
 7971,63433.605, 6.885,5703
 7972,63440.605, 7.000,5703
 7973,63446.688, 6.079,5703
 7974,63452.820, 6.130,5703
 7975,63459.836, 7.016,5703
 7976,63467.082, 7.252,5703
 7977,63474.191, 7.107,5703
 7978,63480.664, 6.470,5703
 7979,63486.828, 6.166,5703
 7980,63492.941, 6.114,5703
 7981,63499.016, 6.072,5703
 7982,63505.398, 6.385,5703
 7983,63512.813, 7.411,5703
 7984,63519.293, 6.482,5703
 7985,63525.484, 6.189,5703
 7986,63531.637, 6.152,5703
 7987,63537.891, 6.257,5703
 7988,63544.066, 6.176,5703
 7989,63550.605, 6.540,5703
 7990,63557.609, 7.005,5703
 7991,63565.066, 7.456,5703
 7992,63571.477, 6.407,5703
 7993,63578.488, 7.014,5703
 7994,63584.617, 6.129,5703
 7995,63590.770, 6.153,5703
 7996,63596.863, 6.092,5703
 7997,63602.973, 6.109,5703
 7998,63609.379, 6.408,5703
 7999,63616.203, 6.826,5703
 8000,63622.465, 6.258,5703
 8001,63628.895, 6.433,5703
 8002,63635.129, 6.232,5703
 8003,63641.637, 6.507,5703
 8004,63647.961, 6.324,5703
 8005,63655.094, 7.135,5703
 8006,63662.277, 7.185,5703
 8007,63668.484, 6.205,5703
 8008,63675.750, 7.267,5703
 8009,63682.203, 6.452,5703
 8010,63688.758, 6.555,5703
 8011,63695.129, 6.368,5703
 8012,63702.434, 7.311,5703
 8013,63708.895, 6.459,5703
 8014,63716.574, 7.679,5703
 8015,63723.508, 6.931,5703
 8016,63730.059, 6.552,5703
 8017,63737.488, 7.428,5703
 8018,63743.898, 6.412,5703
 8019,63750.563, 6.665,5703
 8020,63757.879, 7.317,5703
 8021,63765.203, 7.323,5703
 8022,63771.555, 6.354,5703
 8023,63778.848, 7.289,5703
 8024,63785.285, 6.441,5703
 8025,63792.371, 7.084,5703
 8026,63799.156, 6.782,5703
 8027,63806.051, 6.898,5703
 8028,63812.652, 6.598,5703
 8029,63819.336, 6.686,5703
 8030,63826.469, 7.131,5703
 8031,63833.555, 7.091,5703
 8032,63840.090, 6.534,5703
 8033,63846.480, 6.387,5703
 8034,63853.906, 7.430,5703
 8035,63861.277, 7.371,5703
 8036,63867.785, 6.508,5703
 8037,63874.098, 6.314,5703
 8038,63880.262, 6.161,5703
 8039,63886.543, 6.280,5703
 8040,63892.742, 6.201,5703
 8041,63898.891, 6.147,5703
 8042,63904.934, 6.044,5703
 8043,63911.059, 6.126,5703
 8044,63917.539, 6.481,5703
 8045,63924.488, 6.946,5703
 8046,63930.836, 6.347,5703
 8047,63937.387, 6.552,5703
 8048,63943.945, 6.559,5703
 8049,63950.273, 6.331,5703
 8050,63957.266, 6.990,5703
 8051,63963.477, 6.207,5703
 8052,63969.840, 6.365,5703
 8053,63976.004, 6.165,5703
 8054,63982.820, 6.815,5703
 8055,63990.172, 7.351,5703
 8056,63997.066, 6.899,5703
 8057,64004.805, 7.733,5703
 8058,64011.648, 6.845,5703
 8059,64018.344, 6.697,5703
 8060,64025.117, 6.777,5703
 8061,64032.484, 7.365,5703
 8062,64039.770, 7.284,5703
 8063,64046.063, 6.294,5703
 8064,64052.352, 6.287,5703
 8065,64058.402, 6.053,5703
 8066,64064.602, 6.198,5703
 8067,64072.219, 7.617,5703
 8068,64078.461, 6.241,5703
 8069,64084.652, 6.191,5703
 8070,64091.602, 6.953,5703
 8071,64097.965, 6.359,5703
 8072,64104.992, 7.029,5703
 8073,64111.988, 6.997,5703
 8074,64119.164, 7.177,5703
 8075,64126.211, 7.045,5703
 8076,64133.344, 7.134,5703
 8077,64139.500, 6.153,5703
 8078,64146.809, 7.310,5703
 8079,64153.988, 7.180,5703
 8080,64160.098, 6.113,5703
 8081,64166.246, 6.146,5703
 8082,64172.418, 6.173,5703
 8083,64178.559, 6.141,5703
 8084,64185.359, 6.798,5703
 8085,64191.324, 5.966,5703
 8086,64197.563, 6.238,5703
 8087,64203.652, 6.091,5703
 8088,64209.715, 6.063,5703
 8089,64215.785, 6.071,5703
 8090,64222.051, 6.262,5703
 8091,64229.051, 7.002,5703
 8092,64235.316, 6.266,5703
 8093,64242.629, 7.311,5703
 8094,64250.645, 8.013,5703
 8095,64257.500, 6.859,5703
 8096,64264.383, 6.882,5703
 8097,64270.723, 6.339,5703
 8098,64277.840, 7.119,5703
 8099,64284.137, 6.296,5703
 8100,64290.324, 6.186,5703
 8101,64296.500, 6.175,5703
 8102,64303.527, 7.031,5703
 8103,64309.691, 6.165,5703
 8104,64315.941, 6.250,5703
 8105,64322.223, 6.280,5703
 8106,64329.379, 7.154,5703
 8107,64336.449, 7.074,5703
 8108,64343.590, 7.140,5703
 8109,64349.684, 6.090,5703
 8110,64356.320, 6.638,5703
 8111,64363.633, 7.312,5703
 8112,64370.012, 6.382,5703
 8113,64376.980, 6.964,5703
 8114,64383.117, 6.142,5703
 8115,64390.254, 7.136,5703
 8116,64397.336, 7.079,5703
 8117,64403.547, 6.214,5703
 8118,64410.023, 6.474,5703
 8119,64416.246, 6.226,5703
 8120,64423.543, 7.295,5703
 8121,64429.719, 6.176,5703
 8122,64436.363, 6.643,5703
 8123,64442.988, 6.627,5703
 8124,64449.445, 6.457,5703
 8125,64457.012, 7.566,5703
 8126,64463.914, 6.905,5703
 8127,64470.988, 7.068,5703
 8128,64477.984, 6.997,5703
 8129,64484.781, 6.802,5703
 8130,64491.254, 6.472,5703
 8131,64497.898, 6.645,5703
 8132,64505.781, 7.883,5703
 8133,64512.246, 6.463,5703
 8134,64518.777, 6.534,5703
 8135,64525.355, 6.575,5703
 8136,64531.922, 6.569,5703
 8137,64538.348, 6.423,5703
 8138,64544.816, 6.466,5703
 8139,64551.395, 6.580,5703
 8140,64557.906, 6.512,5703
 8141,64564.711, 6.805,5703
 8142,64572.699, 7.988,5703
 8143,64579.707, 7.006,5703
 8144,64586.176, 6.469,5703
 8145,64592.379, 6.205,5703
 8146,64598.527, 6.148,5703
 8147,64604.750, 6.224,5703
 8148,64610.855, 6.103,5703
 8149,64618.043, 7.190,5703
 8150,64624.258, 6.217,5703
 8151,64630.387, 6.126,5703
 8152,64636.980, 6.591,5703
 8153,64644.133, 7.151,5703
 8154,64650.938, 6.809,5703
 8155,64657.434, 6.495,5703
 8156,64664.570, 7.138,5703
 8157,64670.695, 6.125,5703
 8158,64677.469, 6.771,5703
 8159,64684.754, 7.286,5703
 8160,64691.133, 6.380,5703
 8161,64697.277, 6.145,5703
 8162,64704.316, 7.036,5703
 8163,64711.234, 6.920,5703
 8164,64717.324, 6.088,5703
 8165,64724.402, 7.080,5703
 8166,64731.547, 7.146,5703
 8167,64738.809, 7.259,5703
 8168,64744.824, 6.016,5703
 8169,64751.133, 6.309,5703
 8170,64757.215, 6.084,5703
 8171,64764.266, 7.049,5703
 8172,64770.410, 6.145,5703
 8173,64776.730, 6.322,5703
 8174,64783.348, 6.616,5703
 8175,64789.531, 6.182,5703
 8176,64795.691, 6.159,5703
 8177,64801.824, 6.135,5703
 8178,64807.918, 6.096,5703
 8179,64814.117, 6.200,5703
 8180,64820.402, 6.285,5703
 8181,64826.539, 6.133,5703
 8182,64832.688, 6.148,5703
 8183,64838.688, 6.001,5703
 8184,64845.531, 6.843,5703
 8185,64851.449, 5.921,5703
 8186,64858.395, 6.943,5703
 8187,64864.438, 6.046,5703
 8188,64871.180, 6.739,5703
 8189,64877.234, 6.058,5703
 8190,64883.379, 6.140,5703
 8191,64889.902, 6.525,5703
 8192,64896.160, 6.256,5703
 8193,64902.297, 6.136,5703
 8194,64908.293, 5.999,5703
 8195,64914.527, 6.234,5703
 8196,64920.531, 6.004,5703
 8197,64926.605, 6.075,5703
 8198,64933.469, 6.863,5703
 8199,64939.523, 6.055,5703
 8200,64946.504, 6.978,5703
 8201,64952.500, 5.995,5703
 8202,64958.594, 6.099,5703
 8203,64964.730, 6.136,5703
 8204,64970.758, 6.028,5703
 8205,64976.641, 5.879,5703
 8206,64982.801, 6.160,5703
 8207,64989.973, 7.173,5703
 8208,64996.746, 6.774,5703
 8209,65003.879, 7.132,5703
 8210,65010.082, 6.206,5703
 8211,65016.680, 6.596,5703
 8212,65023.293, 6.610,5703
 8213,65030.523, 7.235,5703
 8214,65037.871, 7.346,5703
 8215,65044.340, 6.469,5703
 8216,65050.992, 6.650,5703
 8217,65057.063, 6.073,5703
 8218,65064.020, 6.955,5703
 8219,65070.148, 6.131,5703
 8220,65076.605, 6.458,5703
 8221,65082.707, 6.098,5703
 8222,65089.656, 6.950,5703
 8223,65095.820, 6.163,5703
 8224,65102.301, 6.482,5703
 8225,65108.699, 6.400,5703
 8226,65114.883, 6.184,5703
 8227,65122.027, 7.144,5703
 8228,65128.184, 6.156,5703
 8229,65134.363, 6.181,5703
 8230,65140.363, 6.000,5703
 8231,65146.445, 6.081,5703
 8232,65153.414, 6.969,5703
 8233,65160.559, 7.144,5703
 8234,65167.773, 7.217,5703
 8235,65174.273, 6.500,5703
 8236,65180.676, 6.399,5703
 8237,65187.145, 6.467,5703
 8238,65193.594, 6.454,5703
 8239,65199.926, 6.331,5703
 8240,65206.578, 6.651,5703
 8241,65214.078, 7.502,5703
 8242,65220.547, 6.465,5703
 8243,65227.922, 7.377,5703
 8244,65234.277, 6.358,5703
 8245,65240.766, 6.486,5703
 8246,65248.191, 7.425,5703
 8247,65255.324, 7.132,5703
 8248,65261.496, 6.173,5703
 8249,65268.770, 7.277,5703
 8250,65275.281, 6.511,5703
 8251,65281.801, 6.514,5703
 8252,65288.230, 6.433,5703
 8253,65295.852, 7.620,5703
 8254,65302.418, 6.567,5703
 8255,65308.973, 6.555,5703
 8256,65315.746, 6.773,5703
 8257,65322.012, 6.263,5703
 8258,65329.129, 7.117,5703
 8259,65335.027, 5.903,5703
 8260,65341.066, 6.039,5703
 8261,65347.020, 5.953,5703
 8262,65353.258, 6.239,5703
 8263,65360.133, 6.873,5703
 8264,65366.234, 6.100,5703
 8265,65372.102, 5.870,5703
 8266,65379.113, 7.014,5703
 8267,65384.945, 5.831,5703
 8268,65390.875, 5.926,5703
 8269,65396.941, 6.069,5703
 8270,65402.891, 5.948,5703
 8271,65408.762, 5.871,5703
 8272,65414.875, 6.114,5703
 8273,65422.234, 7.360,5703
 8274,65429.555, 7.318,5703
 8275,65435.949, 6.398,5703
 8276,65443.254, 7.303,5703
 8277,65450.965, 7.707,5703
 8278,65457.961, 6.996,5703
 8279,65464.125, 6.167,5703
 8280,65470.309, 6.182,5703
 8281,65477.262, 6.956,5703
 8282,65483.332, 6.070,5703
 8283,65490.398, 7.065,5703
 8284,65496.629, 6.228,5703
 8285,65502.559, 5.932,5703
 8286,65509.582, 7.026,5703
 8287,65516.547, 6.965,5703
 8288,65522.980, 6.428,5703
 8289,65529.551, 6.575,5703
 8290,65536.508, 6.953,5703
 8291,65542.781, 6.273,5703
 8292,65548.938, 6.163,5703
 8293,65554.969, 6.027,5703
 8294,65562.125, 7.154,5703
 8295,65568.930, 6.811,5703
 8296,65575.117, 6.183,5703
 8297,65582.180, 7.067,5703
 8298,65589.195, 7.017,5703
 8299,65595.172, 5.974,5703
 8300,65601.023, 5.854,5703
 8301,65607.047, 6.017,5703
 8302,65613.883, 6.835,5703
 8303,65620.984, 7.104,5703
 8304,65628.117, 7.136,5703
 8305,65635.070, 6.952,5703
 8306,65641.758, 6.682,5703
 8307,65648.008, 6.257,5703
 8308,65654.219, 6.207,5703
 8309,65660.430, 6.213,5703
 8310,65666.563, 6.132,5703
 8311,65672.789, 6.229,5703
 8312,65679.898, 7.106,5703
 8313,65686.094, 6.192,5703
 8314,65692.016, 5.927,5703
 8315,65698.055, 6.033,5703
 8316,65704.070, 6.022,5703
 8317,65710.023, 5.957,5703
 8318,65716.359, 6.333,5703
 8319,65722.438, 6.073,5703
 8320,65728.680, 6.245,5703
 8321,65735.211, 6.533,5703
 8322,65742.930, 7.716,5703
 8323,65750.313, 7.386,5703
 8324,65756.781, 6.462,5703
 8325,65762.984, 6.209,5703
 8326,65769.172, 6.186,5703
 8327,65776.328, 7.160,5703
 8328,65782.695, 6.364,5703
 8329,65789.156, 6.458,5703
 8330,65796.602, 7.444,5703
 8331,65803.391, 6.792,5703
 8332,65810.641, 7.254,5703
 8333,65819.258, 8.616,5703
 8334,65826.008, 6.753,5703
 8335,65833.281, 7.269,5703
 8336,65839.766, 6.480,5703
 8337,65846.875, 7.110,5703
 8338,65853.438, 6.568,5703
 8339,65860.805, 7.368,5703
 8340,65867.250, 6.442,5703
 8341,65873.828, 6.578,5703
 8342,65880.070, 6.244,5703
 8343,65886.609, 6.541,5703
 8344,65894.211, 7.597,5703
 8345,65901.938, 7.731,5703
 8346,65909.484, 7.540,5703
 8347,65915.992, 6.516,5703
 8348,65923.266, 7.271,5703
 8349,65929.344, 6.076,5703
 8350,65935.469, 6.127,5703
 8351,65941.531, 6.063,5703
 8352,65947.859, 6.325,5703
 8353,65954.523, 6.663,5703
 8354,65960.516, 5.995,5703
 8355,65966.570, 6.052,5703
 8356,65972.594, 6.021,5703
 8357,65978.664, 6.077,5703
 8358,65984.688, 6.026,5703
 8359,65991.656, 6.961,5703
 8360,65998.516, 6.859,5703
 8361,66004.531, 6.023,5703
 8362,66011.461, 6.923,5703
 8363,66017.789, 6.326,5703
 8364,66023.852, 6.066,5703
 8365,66029.844, 5.991,5703
 8366,66036.148, 6.306,5703
 8367,66042.203, 6.057,5703
 8368,66048.414, 6.209,5703
 8369,66055.492, 7.082,5703
 8370,66062.008, 6.515,5703
 8371,66067.984, 5.978,5703
 8372,66075.234, 7.248,5703
 8373,66081.391, 6.151,5703
 8374,66087.344, 5.955,5703
 8375,66093.430, 6.083,5703
 8376,66099.516, 6.088,5703
 8377,66106.313, 6.802,5703
 8378,66112.250, 5.936,5703
 8379,66118.344, 6.097,5703
 8380,66124.344, 5.993,5703
 8381,66130.328, 5.985,5703
 8382,66136.320, 5.996,5703
 8383,66142.195, 5.876,5703
 8384,66148.133, 5.931,5703
 8385,66154.141, 6.007,5703
 8386,66161.313, 7.176,5703
 8387,66167.641, 6.332,5703
 8388,66173.797, 6.152,5703
 8389,66179.961, 6.167,5703
 8390,66186.008, 6.045,5703
 8391,66192.305, 6.299,5703
 8392,66200.594, 8.289,5703
 8393,66207.375, 6.775,5703
 8394,66214.672, 7.304,5703
 8395,66220.688, 6.016,5703
 8396,66226.820, 6.129,5703
 8397,66232.969, 6.150,5703
 8398,66239.273, 6.301,5703
 8399,66246.242, 6.972,5703
 8400,66253.273, 7.028,5703
 8401,66259.344, 6.071,5703
 8402,66265.773, 6.431,5703
 8403,66273.086, 7.314,5703
 8404,66279.414, 6.322,5703
 8405,66285.547, 6.136,5703
 8406,66291.578, 6.033,5703
 8407,66298.586, 7.010,5703
 8408,66305.578, 6.985,5703
 8409,66311.891, 6.315,5703
 8410,66318.977, 7.092,5703
 8411,66325.047, 6.063,5703
 8412,66331.953, 6.911,5703
 8413,66339.188, 7.230,5703
 8414,66345.336, 6.149,5703
 8415,66351.586, 6.252,5703
 8416,66357.781, 6.191,5703
 8417,66363.945, 6.169,5703
 8418,66370.258, 6.310,5703
 8419,66377.930, 7.675,5703
 8420,66384.078, 6.149,5703
 8421,66390.344, 6.265,5703
 8422,66396.852, 6.504,5703
 8423,66403.516, 6.670,5703
 8424,66410.961, 7.440,5703
 8425,66417.469, 6.513,5703
 8426,66423.891, 6.415,5703
 8427,66431.336, 7.449,5703
 8428,66437.813, 6.478,5703
 8429,66444.477, 6.666,5703
 8430,66451.063, 6.583,5703
 8431,66457.477, 6.414,5703
 8432,66464.867, 7.389,5703
 8433,66471.313, 6.451,5703
 8434,66478.633, 7.319,5703
 8435,66486.344, 7.708,5703
 8436,66492.773, 6.432,5703
 8437,66499.211, 6.431,5703
 8438,66506.648, 7.441,5703
 8439,66513.406, 6.759,5703
 8440,66520.195, 6.790,5703
 8441,66527.320, 7.128,5703
 8442,66534.805, 7.477,5703
 8443,66540.992, 6.192,5703
 8444,66547.094, 6.095,5703
 8445,66553.234, 6.147,5703
 8446,66559.250, 6.017,5703
 8447,66565.578, 6.324,5703
 8448,66571.656, 6.077,5703
 8449,66579.117, 7.466,5703
 8450,66586.961, 7.839,5703
 8451,66594.445, 7.483,5703
 8452,66601.695, 7.254,5703
 8453,66607.813, 6.120,5703
 8454,66614.141, 6.327,5703
 8455,66620.141, 6.001,5703
 8456,66626.156, 6.010,5703
 8457,66632.203, 6.048,5703
 8458,66638.219, 6.014,5703
 8459,66644.352, 6.134,5703
 8460,66650.313, 5.961,5703
 8461,66657.328, 7.015,5703
 8462,66663.164, 5.839,5703
 8463,66669.125, 5.956,5703
 8464,66675.273, 6.149,5703
 8465,66681.422, 6.152,5703
 8466,66688.484, 7.059,5703
 8467,66696.125, 7.641,5703
 8468,66703.227, 7.107,5703
 8469,66709.242, 6.009,5703
 8470,66715.430, 6.192,5703
 8471,66721.453, 6.026,5703
 8472,66727.375, 5.915,5703
 8473,66734.359, 6.993,5703
 8474,66740.242, 5.881,5703
 8475,66746.117, 5.868,5703
 8476,66752.063, 5.945,5703
 8477,66758.195, 6.140,5703
 8478,66764.180, 5.983,5703
 8479,66770.305, 6.126,5703
 8480,66777.172, 6.865,5703
 8481,66783.016, 5.849,5703
 8482,66789.813, 6.791,5703
 8483,66795.891, 6.078,5703
 8484,66803.148, 7.262,5703
 8485,66809.055, 5.900,5703
 8486,66814.984, 5.930,5703
 8487,66821.133, 6.151,5703
 8488,66827.953, 6.817,5703
 8489,66833.914, 5.966,5703
 8490,66839.828, 5.914,5703
 8491,66845.789, 5.960,5703
 8492,66851.633, 5.846,5703
 8493,66857.508, 5.869,5703
 8494,66863.391, 5.882,5703
 8495,66869.203, 5.816,5703
 8496,66875.063, 5.856,5703
 8497,66881.898, 6.838,5703
 8498,66887.820, 5.925,5703
 8499,66894.633, 6.814,5703
 8500,66900.617, 5.983,5703
 8501,66906.984, 6.368,5703
 8502,66913.195, 6.211,5703
 8503,66919.227, 6.031,5703
 8504,66926.070, 6.838,5703
 8505,66931.984, 5.920,5703
 8506,66938.008, 6.021,5703
 8507,66945.070, 7.062,5703
 8508,66952.172, 7.106,5703
 8509,66958.930, 6.750,5703
 8510,66965.883, 6.957,5703
 8511,66972.914, 7.027,5703
 8512,66979.281, 6.375,5703
 8513,66986.250, 6.964,5703
 8514,66993.820, 7.575,5703
 8515,66999.898, 6.076,5703
 8516,67006.180, 6.278,5703
 8517,67013.688, 7.510,5703
 8518,67019.867, 6.180,5703
 8519,67026.055, 6.186,5703
 8520,67033.047, 6.992,5703
 8521,67039.211, 6.167,5703
 8522,67045.227, 6.013,5703
 8523,67051.555, 6.327,5703
 8524,67058.555, 7.000,5703
 8525,67064.672, 6.118,5703
 8526,67071.617, 6.949,5703
 8527,67077.938, 6.314,5703
 8528,67084.125, 6.190,5703
 8529,67090.164, 6.037,5703
 8530,67097.188, 7.029,5703
 8531,67103.367, 6.176,5703
 8532,67109.461, 6.091,5703
 8533,67116.016, 6.566,5703
 8534,67122.469, 6.447,5703
 8535,67129.063, 6.592,5703
 8536,67135.414, 6.353,5703
 8537,67142.625, 7.215,5703
 8538,67149.023, 6.401,5703
 8539,67155.422, 6.385,5703
 8540,67161.922, 6.507,5703
 8541,67169.180, 7.257,5703
 8542,67175.484, 6.303,5703
 8543,67181.711, 6.222,5703
 8544,67189.016, 7.317,5703
 8545,67196.070, 7.043,5703
 8546,67203.617, 7.555,5703
 8547,67210.789, 7.167,5703
 8548,67218.305, 7.523,5703
 8549,67225.195, 6.884,5703
 8550,67232.711, 7.516,5703
 8551,67239.008, 6.305,5703
 8552,67246.375, 7.353,5703
 8553,67252.875, 6.509,5703
 8554,67259.438, 6.555,5703
 8555,67266.117, 6.687,5703
 8556,67272.570, 6.449,5703
 8557,67279.852, 7.281,5703
 8558,67285.633, 5.788,5703
 8559,67291.930, 6.295,5703
 8560,67297.836, 5.900,5703
 8561,67303.625, 5.793,5703
 8562,67309.391, 5.762,5703
 8563,67315.273, 5.886,5703
 8564,67321.141, 5.867,5703
 8565,67327.320, 6.181,5703
 8566,67334.484, 7.165,5703
 8567,67340.531, 6.047,5703
 8568,67347.477, 6.941,5703
 8569,67354.094, 6.617,5703
 8570,67361.313, 7.221,5703
 8571,67367.664, 6.355,5703
 8572,67374.016, 6.350,5703
 8573,67379.945, 5.931,5703
 8574,67385.836, 5.888,5703
 8575,67392.586, 6.754,5703
 8576,67398.578, 5.990,5703
 8577,67405.273, 6.694,5703
 8578,67411.188, 5.917,5703
 8579,67417.133, 5.937,5703
 8580,67424.117, 6.990,5703
 8581,67430.039, 5.916,5703
 8582,67437.180, 7.145,5703
 8583,67443.242, 6.067,5703
 8584,67449.258, 6.015,5703
 8585,67455.297, 6.038,5703
 8586,67461.430, 6.131,5703
 8587,67468.039, 6.605,5703
 8588,67474.836, 6.798,5703
 8589,67482.602, 7.771,5703
 8590,67489.469, 6.860,5703
 8591,67495.516, 6.054,5703
 8592,67501.383, 5.862,5703
 8593,67507.445, 6.067,5703
 8594,67513.352, 5.911,5703
 8595,67519.250, 5.893,5703
 8596,67525.313, 6.064,5703
 8597,67531.125, 5.806,5703
 8598,67536.961, 5.843,5703
 8599,67544.289, 7.327,5703
 8600,67550.305, 6.018,5703
 8601,67556.281, 5.971,5703
 8602,67563.047, 6.767,5703
 8603,67568.938, 5.890,5703
 8604,67574.781, 5.842,5703
 8605,67581.000, 6.225,5703
 8606,67586.969, 5.964,5703
 8607,67593.680, 6.718,5703
 8608,67599.539, 5.855,5703
 8609,67606.227, 6.685,5703
 8610,67612.352, 6.130,5703
 8611,67618.188, 5.830,5703
 8612,67624.141, 5.951,5703
 8613,67629.992, 5.860,5703
 8614,67636.664, 6.671,5703
 8615,67642.414, 5.740,5703
 8616,67648.641, 6.233,5703
 8617,67654.641, 6.004,5703
 8618,67660.453, 5.802,5703
 8619,67666.383, 5.934,5703
 8620,67672.219, 5.838,5703
 8621,67678.102, 5.880,5703
 8622,67685.227, 7.131,5703
 8623,67691.094, 5.863,5703
 8624,67697.125, 6.026,5703
 8625,67703.109, 5.986,5703
 8626,67709.039, 5.928,5703
 8627,67714.961, 5.934,5703
 8628,67721.109, 6.144,5703
 8629,67727.023, 5.915,5703
 8630,67734.000, 6.980,5703
 8631,67740.656, 6.650,5703
 8632,67748.539, 7.886,5703
 8633,67755.695, 7.155,5703
 8634,67762.406, 6.704,5703
 8635,67768.844, 6.445,5703
 8636,67776.320, 7.474,5703
 8637,67783.016, 6.702,5703
 8638,67789.250, 6.226,5703
 8639,67795.453, 6.204,5703
 8640,67801.711, 6.253,5703
 8641,67807.969, 6.262,5703
 8642,67814.891, 6.922,5703
 8643,67821.422, 6.529,5703
 8644,67827.672, 6.258,5703
 8645,67834.461, 6.783,5703
 8646,67840.641, 6.183,5703
 8647,67847.109, 6.461,5703
 8648,67854.227, 7.123,5703
 8649,67861.969, 7.744,5703
 8650,67868.320, 6.355,5703
 8651,67874.766, 6.436,5703
 8652,67881.266, 6.509,5703
 8653,67887.492, 6.218,5703
 8654,67893.805, 6.313,5703
 8655,67900.180, 6.375,5703
 8656,67906.094, 5.914,5703
 8657,67911.883, 5.796,5703
 8658,67918.453, 6.562,5703
 8659,67924.250, 5.801,5703
 8660,67930.117, 5.862,5703
 8661,67936.039, 5.926,5703
 8662,67941.836, 5.795,5703
 8663,67948.563, 6.731,5703
 8664,67955.297, 6.739,5703
 8665,67961.078, 5.772,5703
 8666,67967.250, 6.179,5703
 8667,67973.906, 6.656,5703
 8668,67979.844, 5.934,5703
 8669,67985.594, 5.749,5703
 8670,67991.445, 5.852,5703
 8671,67997.484, 6.040,5703
 8672,68003.461, 5.976,5703
 8673,68009.320, 5.861,5703
 8674,68016.070, 6.744,5703
 8675,68022.281, 6.218,5703
 8676,68028.188, 5.907,5703
 8677,68034.047, 5.852,5703
 8678,68040.586, 6.548,5703
 8679,68046.430, 5.837,5703
 8680,68052.359, 5.937,5703
 8681,68059.125, 6.758,5703
 8682,68064.805, 5.679,5703
 8683,68070.969, 6.173,5703
 8684,68076.961, 5.990,5703
 8685,68083.094, 6.131,5703
 8686,68089.938, 6.845,5703
 8687,68095.734, 5.790,5703
 8688,68102.398, 6.662,5703
 8689,68108.125, 5.734,5703
 8690,68113.859, 5.730,5703
 8691,68119.531, 5.678,5703
 8692,68125.289, 5.760,5703
 8693,68132.117, 6.822,5703
 8694,68138.758, 6.635,5703
 8695,68145.477, 6.723,5703
 8696,68152.438, 6.965,5703
 8697,68158.352, 5.915,5703
 8698,68164.484, 6.126,5703
 8699,68170.898, 6.423,5703
 8700,68178.734, 7.828,5703
 8701,68184.859, 6.127,5703
 8702,68190.781, 5.920,5703
 8703,68198.242, 7.462,5703
 8704,68204.242, 6.005,5703
 8705,68210.969, 6.726,5703
 8706,68216.844, 5.871,5703
 8707,68223.445, 6.600,5703
 8708,68229.336, 5.898,5703
 8709,68235.250, 5.908,5703
 8710,68241.211, 5.962,5703
 8711,68247.797, 6.589,5703
 8712,68260.477,12.678,5703
 8713,68267.273, 6.798,5703
 8714,68273.891, 6.615,5703
 8715,68279.891, 5.999,5703
 8716,68286.063, 6.171,5703
 8717,68292.813, 6.750,5703
 8718,68298.656, 5.847,5703
 8719,68304.680, 6.028,5703
 8720,68310.438, 5.752,5703
 8721,68317.680, 7.243,5703
 8722,68323.781, 6.100,5703
 8723,68329.906, 6.123,5703
 8724,68337.188, 7.281,5703
 8725,68343.266, 6.084,5703
 8726,68349.344, 6.075,5703
 8727,68355.172, 5.831,5703
 8728,68360.992, 5.822,5703
 8729,68368.078, 7.081,5703
 8730,68375.219, 7.139,5703
 8731,68381.438, 6.220,5703
 8732,68387.813, 6.374,5703
 8733,68395.359, 7.551,5703
 8734,68401.711, 6.343,5703
 8735,68408.141, 6.437,5703
 8736,68414.523, 6.385,5703
 8737,68421.125, 6.599,5703
 8738,68427.586, 6.464,5703
 8739,68433.852, 6.263,5703
 8740,68440.898, 7.048,5703
 8741,68447.109, 6.204,5703
 8742,68453.141, 6.036,5703
 8743,68459.320, 6.184,5703
 8744,68466.258, 6.932,5703
 8745,68473.383, 7.127,5703
 8746,68479.797, 6.416,5703
 8747,68486.023, 6.225,5703
 8748,68492.398, 6.373,5703
 8749,68499.625, 7.229,5703
 8750,68506.930, 7.305,5703
 8751,68514.180, 7.247,5703
 8752,68521.203, 7.026,5703
 8753,68528.211, 7.005,5703
 8754,68534.906, 6.701,5703
 8755,68541.086, 6.172,5703
 8756,68546.867, 5.784,5703
 8757,68552.625, 5.762,5703
 8758,68558.742, 6.112,5703
 8759,68564.609, 5.873,5703
 8760,68571.289, 6.680,5703
 8761,68577.094, 5.794,5703
 8762,68583.156, 6.071,5703
 8763,68588.992, 5.836,5703
 8764,68595.813, 6.813,5703
 8765,68601.914, 6.105,5703
 8766,68608.023, 6.118,5703
 8767,68613.852, 5.821,5703
 8768,68620.508, 6.656,5703
 8769,68626.297, 5.792,5703
 8770,68632.273, 5.977,5703
 8771,68638.984, 6.709,5703
 8772,68644.781, 5.792,5703
 8773,68651.680, 6.903,5703
 8774,68657.438, 5.754,5703
 8775,68663.250, 5.814,5703
 8776,68668.898, 5.653,5703
 8777,68674.859, 5.959,5703
 8778,68681.547, 6.688,5703
 8779,68687.250, 5.703,5703
 8780,68693.102, 5.848,5703
 8781,68698.820, 5.717,5703
 8782,68704.734, 5.914,5703
 8783,68711.672, 6.945,5703
 8784,68717.445, 5.772,5703
 8785,68723.414, 5.966,5703
 8786,68729.945, 6.534,5703
 8787,68735.703, 5.751,5703
 8788,68741.523, 5.821,5703
 8789,68747.320, 5.801,5703
 8790,68753.094, 5.775,5703
 8791,68759.797, 6.699,5703
 8792,68765.656, 5.864,5703
 8793,68771.406, 5.744,5703
 8794,68777.289, 5.889,5703
 8795,68783.086, 5.795,5703
 8796,68788.875, 5.791,5703
 8797,68794.820, 5.940,5703
 8798,68800.625, 5.809,5703
 8799,68807.406, 6.775,5703
 8800,68814.328, 6.927,5703
 8801,68820.305, 5.975,5703
 8802,68827.219, 6.918,5703
 8803,68833.016, 5.801,5703
 8804,68838.906, 5.888,5703
 8805,68844.734, 5.819,5703
 8806,68850.523, 5.794,5703
 8807,68857.063, 6.536,5703
 8808,68863.961, 6.907,5703
 8809,68869.703, 5.732,5703
 8810,68875.453, 5.752,5703
 8811,68882.305, 6.859,5703
 8812,68887.984, 5.678,5703
 8813,68893.828, 5.837,5703
 8814,68899.602, 5.778,5703
 8815,68905.898, 6.296,5703
 8816,68912.789, 6.885,5703
 8817,68920.766, 7.979,5703
 8818,68928.125, 7.360,5703
 8819,68934.117, 5.993,5703
 8820,68940.070, 5.954,5703
 8821,68945.914, 5.846,5703
 8822,68951.813, 5.898,5703
 8823,68957.586, 5.776,5703
 8824,68963.547, 5.961,5703
 8825,68969.500, 5.947,5703
 8826,68976.164, 6.662,5703
 8827,68982.039, 5.873,5703
 8828,68988.844, 6.812,5703
 8829,68994.672, 5.834,5703
 8830,69000.578, 5.903,5703
 8831,69006.391, 5.805,5703
 8832,69012.531, 6.146,5703
 8833,69019.234, 6.703,5703
 8834,69026.586, 7.349,5703
 8835,69032.539, 5.958,5703
 8836,69038.453, 5.905,5703
 8837,69044.484, 6.038,5703
 8838,69051.469, 6.979,5703
 8839,69057.500, 6.032,5703
 8840,69064.273, 6.783,5703
 8841,69071.203, 6.926,5703
 8842,69076.977, 5.778,5703
 8843,69084.281, 7.300,5703
 8844,69090.391, 6.103,5703
 8845,69097.258, 6.871,5703
 8846,69104.391, 7.129,5703
 8847,69111.539, 7.157,5703
 8848,69117.727, 6.178,5703
 8849,69125.227, 7.507,5703
 8850,69133.008, 7.786,5703
 8851,69140.172, 7.157,5703
 8852,69146.414, 6.243,5703
 8853,69153.492, 7.077,5703
 8854,69159.805, 6.311,5703
 8855,69166.047, 6.238,5703
 8856,69172.484, 6.447,5703
 8857,69178.758, 6.264,5703
 8858,69184.758, 6.006,5703
 8859,69191.148, 6.392,5703
 8860,69197.445, 6.291,5703
 8861,69203.969, 6.533,5703
 8862,69211.203, 7.228,5703
 8863,69217.797, 6.591,5703
 8864,69225.047, 7.250,5703
 8865,69231.508, 6.468,5703
 8866,69238.422, 6.913,5703
 8867,69245.719, 7.292,5703
 8868,69251.688, 5.973,5703
 8869,69257.688, 6.002,5703
 8870,69263.453, 5.759,5703
 8871,69269.266, 5.815,5703
 8872,69276.086, 6.820,5703
 8873,69281.852, 5.768,5703
 8874,69287.641, 5.788,5703
 8875,69293.547, 5.910,5703
 8876,69300.492, 6.943,5703
 8877,69307.406, 6.913,5703
 8878,69314.484, 7.081,5703
 8879,69320.406, 5.918,5703
 8880,69326.258, 5.850,5703
 8881,69332.500, 6.241,5703
 8882,69338.563, 6.070,5703
 8883,69344.820, 6.256,5703
 8884,69351.773, 6.952,5703
 8885,69357.625, 5.853,5703
 8886,69363.547, 5.917,5703
 8887,69369.414, 5.871,5703
 8888,69375.172, 5.752,5703
 8889,69381.930, 6.765,5703
 8890,69387.969, 6.040,5703
 8891,69394.703, 6.726,5703
 8892,69400.555, 5.854,5703
 8893,69407.234, 6.686,5703
 8894,69414.000, 6.762,5703
 8895,69419.977, 5.981,5703
 8896,69425.867, 5.887,5703
 8897,69432.375, 6.503,5703
 8898,69439.008, 6.637,5703
 8899,69444.813, 5.804,5703
 8900,69452.047, 7.230,5703
 8901,69457.883, 5.838,5703
 8902,69464.820, 6.939,5703
 8903,69471.414, 6.589,5703
 8904,69478.133, 6.725,5703
 8905,69484.281, 6.151,5703
 8906,69491.539, 7.255,5703
 8907,69499.352, 7.813,5703
 8908,69505.180, 5.824,5703
 8909,69511.063, 5.883,5703
 8910,69517.797, 6.734,5703
 8911,69523.859, 6.067,5703
 8912,69529.820, 5.957,5703
 8913,69535.703, 5.886,5703
 8914,69541.422, 5.716,5703
 8915,69547.109, 5.687,5703
 8916,69553.938, 6.833,5703
 8917,69560.156, 6.216,5703
 8918,69565.883, 5.729,5703
 8919,69572.664, 6.781,5703
 8920,69578.461, 5.794,5703
 8921,69584.375, 5.913,5703
 8922,69590.375, 5.996,5703
 8923,69597.023, 6.663,5703
 8924,69602.672, 5.647,5703
 8925,69609.344, 6.668,5703
 8926,69615.172, 5.824,5703
 8927,69621.766, 6.597,5703
 8928,69627.523, 5.755,5703
 8929,69633.367, 5.842,5703
 8930,69639.055, 5.688,5703
 8931,69644.945, 5.897,5703
 8932,69651.625, 6.679,5703
 8933,69658.656, 7.028,5703
 8934,69666.352, 7.702,5703
 8935,69672.367, 6.003,5703
 8936,69678.789, 6.425,5703
 8937,69685.727, 6.939,5703
 8938,69693.688, 7.966,5703
 8939,69700.141, 6.447,5703
 8940,69706.258, 6.125,5703
 8941,69712.047, 5.777,5703
 8942,69717.836, 5.796,5703
 8943,69723.805, 5.969,5703
 8944,69729.953, 6.148,5703
 8945,69735.766, 5.813,5703
 8946,69742.375, 6.609,5703
 8947,69748.305, 5.935,5703
 8948,69754.133, 5.820,5703
 8949,69760.930, 6.802,5703
 8950,69767.344, 6.413,5703
 8951,69773.898, 6.552,5703
 8952,69779.867, 5.973,5703
 8953,69785.898, 6.026,5703
 8954,69791.766, 5.871,5703
 8955,69797.703, 5.935,5703
 8956,69803.625, 5.928,5703
 8957,69809.492, 5.859,5703
 8958,69816.289, 6.804,5703
 8959,69822.430, 6.133,5703
 8960,69828.391, 5.957,5703
 8961,69835.461, 7.076,5703
 8962,69842.477, 7.017,5703
 8963,69849.563, 7.085,5703
 8964,69856.758, 7.196,5703
 8965,69863.797, 7.039,5703
 8966,69870.367, 6.568,5703
 8967,69877.969, 7.606,5703
 8968,69884.141, 6.168,5703
 8969,69891.203, 7.067,5703
 8970,69897.516, 6.313,5703
 8971,69903.828, 6.312,5703
 8972,69910.836, 7.001,5703
 8973,69916.992, 6.164,5703
 8974,69923.047, 6.045,5703
 8975,69930.117, 7.074,5703
 8976,69936.234, 6.122,5703
 8977,69942.266, 6.029,5703
 8978,69949.328, 7.070,5703
 8979,69955.734, 6.393,5703
 8980,69962.180, 6.447,5703
 8981,69968.367, 6.190,5703
 8982,69974.852, 6.490,5703
 8983,69981.539, 6.681,5703
 8984,69988.125, 6.585,5703
 8985,69994.742, 6.621,5703
 8986,70000.672, 5.931,5703
 8987,70007.633, 6.958,5703
 8988,70014.500, 6.865,5703
 8989,70020.313, 5.818,5703
 8990,70026.539, 6.224,5703
 8991,70032.203, 5.667,5703
 8992,70038.180, 5.976,5703
 8993,70043.961, 5.782,5703
 8994,70050.844, 6.880,5703
 8995,70056.563, 5.721,5703
 8996,70062.414, 5.847,5703
 8997,70069.609, 7.197,5703
 8998,70076.656, 7.052,5703
 8999,70083.211, 6.549,5703
 9000,70090.898, 7.691,5703
 9001,70098.414, 7.512,5703
 9002,70104.688, 6.281,5703
 9003,70111.578, 6.887,5703
 9004,70117.906, 6.329,5703
 9005,70124.180, 6.270,5703
 9006,70131.055, 6.875,5703
 9007,70137.008, 5.957,5703
 9008,70142.984, 5.978,5703
 9009,70149.023, 6.035,5703
 9010,70155.820, 6.796,5703
 9011,70161.750, 5.929,5703
 9012,70167.547, 5.796,5703
 9013,70173.672, 6.129,5703
 9014,70179.555, 5.879,5703
 9015,70185.391, 5.831,5703
 9016,70191.813, 6.431,5703
 9017,70198.109, 6.294,5703
 9018,70204.289, 6.185,5703
 9019,70211.227, 6.935,5703
 9020,70217.195, 5.969,5703
 9021,70223.000, 5.803,5703
 9022,70228.969, 5.968,5703
 9023,70234.766, 5.793,5703
 9024,70240.609, 5.852,5703
 9025,70246.328, 5.719,5703
 9026,70252.102, 5.769,5703
 9027,70257.852, 5.751,5703
 9028,70264.516, 6.663,5703
 9029,70271.336, 6.826,5703
 9030,70277.375, 6.031,5703
 9031,70283.109, 5.733,5703
 9032,70288.813, 5.706,5703
 9033,70295.617, 6.807,5703
 9034,70302.672, 7.055,5703
 9035,70309.484, 6.810,5703
 9036,70315.453, 5.968,5703
 9037,70322.305, 6.859,5703
 9038,70328.109, 5.796,5703
 9039,70334.773, 6.664,5703
 9040,70340.672, 5.908,5703
 9041,70347.578, 6.897,5703
 9042,70353.367, 5.789,5703
 9043,70360.297, 6.937,5703
 9044,70367.273, 6.975,5703
 9045,70373.188, 5.908,5703
 9046,70378.875, 5.688,5703
 9047,70385.141, 6.265,5703
 9048,70391.148, 6.011,5703
 9049,70397.109, 5.962,5703
 9050,70404.117, 7.005,5703
 9051,70410.281, 6.168,5703
 9052,70416.148, 5.867,5703
 9053,70423.578, 7.431,5703
 9054,70429.859, 6.277,5703
 9055,70435.766, 5.906,5703
 9056,70441.789, 6.021,5703
 9057,70449.172, 7.386,5703
 9058,70455.914, 6.746,5703
 9059,70463.328, 7.409,5703
 9060,70471.430, 8.097,5703
 9061,70477.773, 6.347,5703
 9062,70485.102, 7.326,5703
 9063,70491.320, 6.223,5703
 9064,70497.852, 6.529,5703
 9065,70504.102, 6.254,5703
 9066,70510.852, 6.747,5703
 9067,70517.625, 6.780,5703
 9068,70523.859, 6.229,5703
 9069,70530.195, 6.338,5703
 9070,70536.594, 6.396,5703
 9071,70542.945, 6.355,5703
 9072,70549.281, 6.333,5703
 9073,70555.805, 6.522,5703
 9074,70563.391, 7.581,5703
 9075,70569.844, 6.457,5703
 9076,70576.367, 6.521,5703
 9077,70582.797, 6.434,5703
 9078,70589.375, 6.576,5703
 9079,70595.617, 6.247,5703
 9080,70601.445, 5.826,5703
 9081,70607.305, 5.865,5703
 9082,70613.180, 5.867,5703
 9083,70619.414, 6.231,5703
 9084,70626.188, 6.781,5703
 9085,70632.086, 5.895,5703
 9086,70637.938, 5.859,5703
 9087,70644.836, 6.888,5703
 9088,70650.594, 5.763,5703
 9089,70657.445, 6.845,5703
 9090,70664.133, 6.696,5703
 9091,70670.813, 6.673,5703
 9092,70677.500, 6.693,5703
 9093,70684.273, 6.771,5703
 9094,70690.977, 6.711,5703
 9095,70697.797, 6.809,5703
 9096,70703.539, 5.747,5703
 9097,70709.383, 5.838,5703
 9098,70715.250, 5.872,5703
 9099,70721.398, 6.142,5703
 9100,70727.742, 6.346,5703
 9101,70734.508, 6.770,5703
 9102,70741.484, 6.977,5703
 9103,70748.297, 6.817,5703
 9104,70754.094, 5.791,5703
 9105,70759.898, 5.805,5703
 9106,70765.805, 5.909,5703
 9107,70771.461, 5.656,5703
 9108,70777.320, 5.862,5703
 9109,70783.250, 5.930,5703
 9110,70789.031, 5.771,5703
 9111,70794.805, 5.775,5703
 9112,70800.680, 5.881,5703
 9113,70806.508, 5.823,5703
 9114,70812.375, 5.869,5703
 9115,70818.914, 6.540,5703
 9116,70824.641, 5.732,5703
 9117,70830.898, 6.251,5703
 9118,70837.000, 6.110,5703
 9119,70844.141, 7.136,5703
 9120,70850.188, 6.042,5703
 9121,70857.969, 7.787,5703
 9122,70864.430, 6.456,5703
 9123,70871.430, 7.001,5703
 9124,70878.258, 6.829,5703
 9125,70884.484, 6.224,5703
 9126,70891.297, 6.815,5703
 9127,70898.156, 6.859,5703
 9128,70904.047, 5.886,5703
 9129,70910.102, 6.057,5703
 9130,70917.094, 6.992,5703
 9131,70923.758, 6.664,5703
 9132,70930.688, 6.935,5703
 9133,70937.070, 6.377,5703
 9134,70944.047, 6.978,5703
 9135,70950.164, 6.122,5703
 9136,70956.086, 5.913,5703
 9137,70962.086, 6.008,5703
 9138,70968.031, 5.939,5703
 9139,70974.047, 6.017,5703
 9140,70980.164, 6.120,5703
 9141,70986.969, 6.806,5703
 9142,70992.719, 5.749,5703
 9143,70998.555, 5.837,5703
 9144,71005.469, 6.912,5703
 9145,71012.336, 6.876,5703
 9146,71018.563, 6.218,5703
 9147,71024.883, 6.324,5703
 9148,71031.063, 6.172,5703
 9149,71037.219, 6.158,5703
 9150,71044.102, 6.888,5703
 9151,71051.367, 7.264,5703
 9152,71057.594, 6.230,5703
 9153,71063.891, 6.295,5703
 9154,71070.180, 6.283,5703
 9155,71076.594, 6.416,5703
 9156,71083.781, 7.187,5703
 9157,71090.930, 7.150,5703
 9158,71098.109, 7.178,5703
 9159,71104.398, 6.286,5703
 9160,71111.484, 7.094,5703
 9161,71118.000, 6.517,5703
 9162,71124.227, 6.226,5703
 9163,71130.453, 6.223,5703
 9164,71137.367, 6.908,5703
 9165,71143.578, 6.219,5703
 9166,71150.602, 7.022,5703
 9167,71156.945, 6.346,5703
 9168,71163.336, 6.389,5703
 9169,71169.672, 6.339,5703
 9170,71177.055, 7.375,5703
 9171,71183.469, 6.415,5703
 9172,71189.664, 6.201,5703
 9173,71195.961, 6.299,5703
 9174,71203.438, 7.473,5703
 9175,71209.891, 6.452,5703
 9176,71216.211, 6.317,5703
 9177,71223.031, 6.821,5703
 9178,71229.031, 6.002,5703
 9179,71234.914, 5.884,5703
 9180,71240.625, 5.713,5703
 9181,71246.820, 6.192,5703
 9182,71254.188, 7.368,5703
 9183,71260.930, 6.741,5703
 9184,71267.258, 6.334,5703
 9185,71274.172, 6.909,5703
 9186,71280.063, 5.889,5703
 9187,71286.203, 6.141,5703
 9188,71292.078, 5.873,5703
 9189,71297.938, 5.862,5703
 9190,71304.727, 6.785,5703
 9191,71310.531, 5.812,5703
 9192,71316.539, 6.009,5703
 9193,71322.438, 5.891,5703
 9194,71328.438, 6.005,5703
 9195,71334.367, 5.924,5703
 9196,71340.133, 5.766,5703
 9197,71346.148, 6.021,5703
 9198,71352.094, 5.939,5703
 9199,71358.477, 6.390,5703
 9200,71364.922, 6.447,5703
 9201,71370.789, 5.863,5703
 9202,71377.492, 6.704,5703
 9203,71383.516, 6.024,5703
 9204,71389.430, 5.914,5703
 9205,71396.000, 6.577,5703
 9206,71401.914, 5.907,5703
 9207,71407.734, 5.814,5703
 9208,71413.633, 5.904,5703
 9209,71419.516, 5.881,5703
 9210,71426.031, 6.516,5703
 9211,71431.922, 5.896,5703
 9212,71437.711, 5.780,5703
 9213,71444.680, 6.975,5703
 9214,71450.531, 5.850,5703
 9215,71456.352, 5.821,5703
 9216,71463.328, 6.976,5703
 9217,71469.555, 6.231,5703
 9218,71475.375, 5.811,5703
 9219,71481.234, 5.863,5703
 9220,71487.961, 6.732,5703
 9221,71494.688, 6.726,5703
 9222,71500.477, 5.788,5703
 9223,71506.609, 6.134,5703
 9224,71513.852, 7.236,5703
 9225,71520.469, 6.616,5703
 9226,71526.445, 5.978,5703
 9227,71533.289, 6.852,5703
 9228,71539.094, 5.795,5703
 9229,71545.797, 6.702,5703
 9230,71551.688, 5.899,5703
 9231,71558.328, 6.641,5703
 9232,71564.117, 5.783,5703
 9233,71570.453, 6.339,5703
 9234,71576.547, 6.095,5703
 9235,71582.461, 5.912,5703
 9236,71589.289, 6.834,5703
 9237,71595.461, 6.161,5703
 9238,71601.328, 5.872,5703
 9239,71608.258, 6.932,5703
 9240,71615.047, 6.782,5703
 9241,71622.086, 7.043,5703
 9242,71628.125, 6.041,5703
 9243,71634.156, 6.031,5703
 9244,71642.711, 8.548,5703
 9245,71649.711, 7.003,5703
 9246,71656.984, 7.282,5703
 9247,71663.906, 6.915,5703
 9248,71669.680, 5.777,5703
 9249,71676.883, 7.205,5703
 9250,71683.742, 6.853,5703
 9251,71690.781, 7.041,5703
 9252,71696.750, 5.964,5703
 9253,71702.680, 5.940,5703
 9254,71708.469, 5.784,5703
 9255,71714.266, 5.801,5703
 9256,71721.008, 6.743,5703
 9257,71727.070, 6.052,5703
 9258,71733.039, 5.970,5703
 9259,71738.945, 5.916,5703
 9260,71745.008, 6.060,5703
 9261,71750.891, 5.881,5703
 9262,71756.805, 5.909,5703
 9263,71762.680, 5.880,5703
 9264,71768.508, 5.827,5703
 9265,71774.711, 6.199,5703
 9266,71782.180, 7.471,5703
 9267,71788.523, 6.348,5703
 9268,71795.594, 7.067,5703
 9269,71801.484, 5.890,5703
 9270,71807.766, 6.279,5703
 9271,71814.797, 7.035,5703
 9272,71821.953, 7.162,5703
 9273,71829.438, 7.475,5703
 9274,71835.570, 6.141,5703
 9275,71841.633, 6.063,5703
 9276,71848.914, 7.282,5703
 9277,71855.141, 6.220,5703
 9278,71861.266, 6.127,5703
 9279,71867.234, 5.973,5703
 9280,71873.328, 6.090,5703
 9281,71879.680, 6.352,5703
 9282,71887.063, 7.377,5703
 9283,71893.547, 6.488,5703
 9284,71900.648, 7.108,5703
 9285,71906.586, 5.931,5703
 9286,71912.672, 6.088,5703
 9287,71918.883, 6.212,5703
 9288,71925.063, 6.178,5703
 9289,71931.188, 6.122,5703
 9290,71938.102, 6.912,5703
 9291,71944.547, 6.451,5703
 9292,71951.141, 6.591,5703
 9293,71957.523, 6.388,5703
 9294,71964.125, 6.597,5703
 9295,71971.539, 7.419,5703
 9296,71977.305, 5.763,5703
 9297,71984.117, 6.806,5703
 9298,71990.195, 6.086,5703
 9299,71997.422, 7.221,5703
 9300,72003.406, 5.981,5703
 9301,72009.297, 5.896,5703
 9302,72015.141, 5.846,5703
 9303,72020.938, 5.797,5703
 9304,72027.453, 6.513,5703
 9305,72034.328, 6.880,5703
 9306,72040.539, 6.210,5703
 9307,72046.836, 6.295,5703
 9308,72053.914, 7.079,5703
 9309,72059.805, 5.890,5703
 9310,72065.695, 5.883,5703
 9311,72071.641, 5.956,5703
 9312,72077.617, 5.974,5703
 9313,72083.461, 5.837,5703
 9314,72089.250, 5.798,5703
 9315,72096.414, 7.159,5703
 9316,72103.719, 7.298,5703
 9317,72109.672, 5.965,5703
 9318,72115.719, 6.040,5703
 9319,72121.828, 6.109,5703
 9320,72127.742, 5.915,5703
 9321,72134.633, 6.897,5703
 9322,72140.625, 5.986,5703
 9323,72146.648, 6.027,5703
 9324,72152.531, 5.880,5703
 9325,72158.547, 6.016,5703
 9326,72164.492, 5.942,5703
 9327,72171.297, 6.812,5703
 9328,72177.164, 5.865,5703
 9329,72183.039, 5.869,5703
 9330,72188.789, 5.749,5703
 9331,72194.773, 5.988,5703
 9332,72200.578, 5.806,5703
 9333,72206.742, 6.165,5703
 9334,72213.438, 6.691,5703
 9335,72220.281, 6.848,5703
 9336,72226.141, 5.861,5703
 9337,72232.133, 5.992,5703
 9338,72238.695, 6.554,5703
 9339,72244.516, 5.830,5703
 9340,72250.344, 5.828,5703
 9341,72256.078, 5.730,5703
 9342,72262.703, 6.626,5703
 9343,72268.383, 5.680,5703
 9344,72274.250, 5.868,5703
 9345,72280.117, 5.862,5703
 9346,72286.117, 6.003,5703
 9347,72293.055, 6.939,5703
 9348,72299.750, 6.691,5703
 9349,72305.648, 5.907,5703
 9350,72312.945, 7.296,5703
 9351,72318.773, 5.821,5703
 9352,72326.164, 7.395,5703
 9353,72332.859, 6.696,5703
 9354,72338.703, 5.836,5703
 9355,72345.375, 6.675,5703
 9356,72352.078, 6.703,5703
 9357,72358.727, 6.647,5703
 9358,72364.602, 5.879,5703
 9359,72370.445, 5.843,5703
 9360,72376.523, 6.081,5703
 9361,72382.500, 5.977,5703
 9362,72388.813, 6.311,5703
 9363,72395.031, 6.213,5703
 9364,72401.172, 6.149,5703
 9365,72407.766, 6.590,5703
 9366,72414.898, 7.139,5703
 9367,72423.273, 8.374,5703
 9368,72429.820, 6.545,5703
 9369,72437.180, 7.355,5703
 9370,72443.242, 6.068,5703
 9371,72449.203, 5.962,5703
 9372,72455.063, 5.856,5703
 9373,72461.008, 5.944,5703
 9374,72467.078, 6.066,5703
 9375,72473.211, 6.135,5703
 9376,72479.352, 6.145,5703
 9377,72485.156, 5.804,5703
 9378,72491.148, 5.989,5703
 9379,72497.125, 5.974,5703
 9380,72502.867, 5.746,5703
 9381,72509.922, 7.055,5703
 9382,72516.969, 7.052,5703
 9383,72524.453, 7.476,5703
 9384,72530.422, 5.969,5703
 9385,72536.391, 5.967,5703
 9386,72542.344, 5.965,5703
 9387,72549.125, 6.776,5703
 9388,72556.148, 7.018,5703
 9389,72562.289, 6.145,5703
 9390,72568.609, 6.322,5703
 9391,72574.828, 6.216,5703
 9392,72581.156, 6.327,5703
 9393,72588.445, 7.289,5703
 9394,72594.656, 6.214,5703
 9395,72601.055, 6.394,5703
 9396,72607.250, 6.196,5703
 9397,72614.203, 6.958,5703
 9398,72620.461, 6.254,5703
 9399,72628.000, 7.540,5703
 9400,72634.539, 6.540,5703
 9401,72641.742, 7.202,5703
 9402,72648.039, 6.298,5703
 9403,72654.156, 6.119,5703
 9404,72661.172, 7.009,5703
 9405,72667.336, 6.174,5703
 9406,72674.406, 7.064,5703
 9407,72680.633, 6.233,5703
 9408,72687.094, 6.456,5703
 9409,72693.555, 6.459,5703
 9410,72699.844, 6.287,5703
 9411,72706.164, 6.320,5703
 9412,72712.883, 6.724,5703
 9413,72719.945, 7.063,5703
 9414,72726.188, 6.242,5703
 9415,72732.594, 6.410,5703
 9416,72740.727, 8.128,5703
 9417,72746.789, 6.062,5703
 9418,72753.797, 7.006,5703
 9419,72760.625, 6.835,5703
 9420,72766.594, 5.961,5703
 9421,72773.313, 6.724,5703
 9422,72779.172, 5.855,5703
 9423,72785.961, 6.795,5703
 9424,72791.781, 5.811,5703
 9425,72797.680, 5.908,5703
 9426,72804.516, 6.829,5703
 9427,72811.117, 6.601,5703
 9428,72818.102, 6.987,5703
 9429,72824.242, 6.138,5703
 9430,72830.219, 5.980,5703
 9431,72837.438, 7.218,5703
 9432,72844.516, 7.075,5703
 9433,72851.594, 7.085,5703
 9434,72857.461, 5.859,5703
 9435,72863.313, 5.860,5703
 9436,72869.109, 5.790,5703
 9437,72874.930, 5.821,5703
 9438,72880.773, 5.847,5703
 9439,72886.727, 5.950,5703
 9440,72892.766, 6.037,5703
 9441,72899.484, 6.720,5703
 9442,72905.344, 5.865,5703
 9443,72911.297, 5.950,5703
 9444,72917.148, 5.851,5703
 9445,72923.930, 6.782,5703
 9446,72930.711, 6.774,5703
 9447,72936.445, 5.740,5703
 9448,72942.570, 6.125,5703
 9449,72948.633, 6.066,5703
 9450,72954.438, 5.798,5703
 9451,72960.266, 5.832,5703
 9452,72966.195, 5.928,5703
 9453,72972.031, 5.832,5703
 9454,72977.867, 5.842,5703
 9455,72984.867, 7.002,5703
 9456,72992.344, 7.479,5703
 9457,72999.164, 6.818,5703
 9458,73005.086, 5.915,5703
 9459,73010.852, 5.767,5703
 9460,73016.555, 5.706,5703
 9461,73022.203, 5.650,5703
 9462,73028.578, 6.372,5703
 9463,73035.570, 6.993,5703
 9464,73041.539, 5.972,5703
 9465,73048.148, 6.610,5703
 9466,73055.602, 7.449,5703
 9467,73062.359, 6.759,5703
 9468,73068.156, 5.800,5703
 9469,73074.148, 5.988,5703
 9470,73080.867, 6.719,5703
 9471,73086.758, 5.887,5703
 9472,73092.664, 5.915,5703
 9473,73098.586, 5.919,5703
 9474,73105.375, 6.787,5703
 9475,73112.008, 6.635,5703
 9476,73117.766, 5.758,5703
 9477,73124.594, 6.825,5703
 9478,73130.781, 6.189,5703
 9479,73137.031, 6.249,5703
 9480,73143.852, 6.823,5703
 9481,73149.766, 5.908,5703
 9482,73156.375, 6.609,5703
 9483,73162.453, 6.086,5703
 9484,73169.602, 7.150,5703
 9485,73176.547, 6.945,5703
 9486,73182.867, 6.313,5703
 9487,73190.945, 8.088,5703
 9488,73198.500, 7.548,5703
 9489,73205.102, 6.598,5703
 9490,73211.477, 6.379,5703
 9491,73218.547, 7.075,5703
 9492,73224.992, 6.446,5703
 9493,73231.664, 6.667,5703
 9494,73237.852, 6.186,5703
 9495,73244.156, 6.307,5703
 9496,73250.672, 6.522,5703
 9497,73257.047, 6.360,5703
 9498,73263.773, 6.733,5703
 9499,73270.164, 6.392,5703
 9500,73276.578, 6.418,5703
 9501,73283.781, 7.198,5703
 9502,73290.219, 6.439,5703
 9503,73296.648, 6.434,5703
 9504,73303.320, 6.668,5703
 9505,73309.922, 6.604,5703
 9506,73317.344, 7.425,5703
 9507,73323.883, 6.531,5703
 9508,73329.992, 6.113,5703
 9509,73335.883, 5.890,5703
 9510,73341.578, 5.697,5703
 9511,73347.367, 5.778,5703
 9512,73353.313, 5.960,5703
 9513,73360.047, 6.727,5703
 9514,73366.234, 6.190,5703
 9515,73372.258, 6.019,5703
 9516,73378.242, 5.984,5703
 9517,73384.141, 5.899,5703
 9518,73389.992, 5.859,5703
 9519,73396.805, 6.809,5703
 9520,73402.555, 5.750,5703
 9521,73408.234, 5.678,5703
 9522,73414.070, 5.835,5703
 9523,73420.867, 6.796,5703
 9524,73427.594, 6.730,5703
 9525,73433.586, 5.994,5703
 9526,73440.297, 6.713,5703
 9527,73447.430, 7.127,5703
 9528,73454.203, 6.772,5703
 9529,73460.055, 5.847,5703
 9530,73465.766, 5.713,5703
 9531,73472.000, 6.241,5703
 9532,73478.086, 6.077,5703
 9533,73483.938, 5.864,5703
 9534,73489.797, 5.856,5703
 9535,73495.773, 5.972,5703
 9536,73502.484, 6.714,5703
 9537,73508.297, 5.814,5703
 9538,73515.055, 6.750,5703
 9539,73521.930, 6.880,5703
 9540,73528.414, 6.485,5703
 9541,73535.031, 6.615,5703
 9542,73541.328, 6.302,5703
 9543,73547.078, 5.740,5703
 9544,73553.672, 6.606,5703
 9545,73559.328, 5.650,5703
 9546,73565.539, 6.212,5703
 9547,73571.336, 5.801,5703
 9548,73578.297, 6.962,5703
 9549,73585.516, 7.212,5703
 9550,73591.766, 6.252,5703
 9551,73598.922, 7.156,5703
 9552,73605.273, 6.355,5703
 9553,73611.195, 5.920,5703
 9554,73616.930, 5.733,5703
 9555,73622.781, 5.851,5703
 9556,73628.672, 5.894,5703
 9557,73634.680, 6.009,5703
 9558,73640.453, 5.768,5703
 9559,73646.336, 5.884,5703
 9560,73652.305, 5.973,5703
 9561,73658.094, 5.780,5703
 9562,73664.672, 6.585,5703
 9563,73670.586, 5.910,5703
 9564,73677.234, 6.651,5703
 9565,73684.602, 7.365,5703
 9566,73690.641, 6.047,5703
 9567,73697.539, 6.890,5703
 9568,73704.461, 6.922,5703
 9569,73710.469, 6.011,5703
 9570,73716.547, 6.078,5703
 9571,73723.266, 6.723,5703
 9572,73729.453, 6.181,5703
 9573,73735.703, 6.246,5703
 9574,73741.836, 6.138,5703
 9575,73748.063, 6.226,5703
 9576,73755.164, 7.100,5703
 9577,73761.383, 6.219,5703
 9578,73767.516, 6.131,5703
 9579,73774.539, 7.026,5703
 9580,73780.805, 6.267,5703
 9581,73788.164, 7.359,5703
 9582,73796.000, 7.843,5703
 9583,73803.719, 7.707,5703
 9584,73811.398, 7.681,5703
 9585,73817.836, 6.440,5703
 9586,73824.414, 6.574,5703
 9587,73831.031, 6.621,5703
 9588,73837.328, 6.298,5703
 9589,73844.039, 6.708,5703
 9590,73850.453, 6.415,5703
 9591,73856.891, 6.441,5703
 9592,73863.336, 6.449,5703
 9593,73869.781, 6.438,5703
 9594,73876.141, 6.357,5703
 9595,73882.422, 6.285,5703
 9596,73888.813, 6.390,5703
 9597,73895.672, 6.861,5703
 9598,73902.242, 6.569,5703
 9599,73909.672, 7.437,5703
 9600,73917.180, 7.500,5703
 9601,73924.523, 7.348,5703
 9602,73932.125, 7.595,5703
 9603,73938.641, 6.523,5703
 9604,73945.930, 7.287,5703
 9605,73952.781, 6.849,5703
 9606,73959.617, 6.841,5703
 9607,73967.141, 7.518,5703
 9608,73974.945, 7.808,5703
 9609,73981.633, 6.692,5703
 9610,73988.008, 6.370,5703
 9611,73994.070, 6.060,5703
 9612,74000.664, 6.595,5703
 9613,74006.945, 6.279,5703
 9614,74013.969, 7.025,5703
 9615,74020.914, 6.950,5703
 9616,74027.180, 6.258,5703
 9617,74034.320, 7.146,5703
 9618,74041.484, 7.161,5703
 9619,74053.141,11.658,5703
 9620,74060.039, 6.898,5703
 9621,74066.016, 5.984,5703
 9622,74072.969, 6.949,5703
 9623,74079.141, 6.168,5703
 9624,74085.227, 6.090,5703
 9625,74091.383, 6.150,5703
 9626,74098.266, 6.886,5703
 9627,74105.664, 7.399,5703
 9628,74112.133, 6.462,5703
 9629,74118.227, 6.101,5703
 9630,74124.258, 6.031,5703
 9631,74129.992, 5.734,5703
 9632,74136.148, 6.158,5703
 9633,74142.914, 6.767,5703
 9634,74148.867, 5.945,5703
 9635,74155.555, 6.695,5703
 9636,74161.664, 6.111,5703
 9637,74167.500, 5.832,5703
 9638,74173.297, 5.797,5703
 9639,74179.250, 5.957,5703
 9640,74185.156, 5.899,5703
 9641,74191.836, 6.678,5703
 9642,74197.594, 5.765,5703
 9643,74203.664, 6.074,5703
 9644,74209.836, 6.162,5703
 9645,74216.289, 6.456,5703
 9646,74222.211, 5.920,5703
 9647,74228.461, 6.250,5703
 9648,74234.391, 5.929,5703
 9649,74240.328, 5.940,5703
 9650,74247.250, 6.921,5703
 9651,74253.203, 5.958,5703
 9652,74259.047, 5.840,5703
 9653,74264.906, 5.857,5703
 9654,74270.695, 5.790,5703
 9655,74276.617, 5.927,5703
 9656,74282.555, 5.936,5703
 9657,74288.570, 6.011,5703
 9658,74294.383, 5.813,5703
 9659,74301.133, 6.749,5703
 9660,74307.969, 6.842,5703
 9661,74314.094, 6.116,5703
 9662,74320.516, 6.423,5703
 9663,74326.578, 6.068,5703
 9664,74333.516, 6.935,5703
 9665,74339.477, 5.960,5703
 9666,74345.328, 5.860,5703
 9667,74351.813, 6.479,5703
 9668,74360.727, 8.914,5703
 9669,74368.867, 8.139,5703
 9670,74375.609, 6.748,5703
 9671,74382.617, 7.002,5703
 9672,74388.445, 5.827,5703
 9673,74395.719, 7.276,5703
 9674,74401.648, 5.934,5703
 9675,74407.578, 5.923,5703
 9676,74414.555, 6.976,5703
 9677,74421.719, 7.160,5703
 9678,74429.047, 7.331,5703
 9679,74435.438, 6.389,5703
 9680,74441.500, 6.069,5703
 9681,74448.344, 6.847,5703
 9682,74454.555, 6.206,5703
 9683,74460.695, 6.141,5703
 9684,74466.656, 5.963,5703
 9685,74472.609, 5.956,5703
 9686,74478.609, 5.999,5703
 9687,74484.734, 6.117,5703
 9688,74490.883, 6.157,5703
 9689,74497.164, 6.275,5703
 9690,74503.414, 6.246,5703
 9691,74509.492, 6.080,5703
 9692,74516.656, 7.170,5703
 9693,74523.773, 7.114,5703
 9694,74530.242, 6.468,5703
 9695,74536.766, 6.526,5703
 9696,74544.672, 7.912,5703
 9697,74551.938, 7.259,5703
 9698,74558.305, 6.373,5703
 9699,74564.930, 6.624,5703
 9700,74571.188, 6.252,5703
 9701,74578.281, 7.098,5703
 9702,74584.656, 6.376,5703
 9703,74592.242, 7.579,5703
 9704,74598.180, 5.944,5703
 9705,74605.719, 7.535,5703
 9706,74612.258, 6.539,5703
 9707,74618.469, 6.208,5703
 9708,74624.547, 6.085,5703
 9709,74630.859, 6.309,5703
 9710,74637.438, 6.579,5703
 9711,74643.977, 6.544,5703
 9712,74650.344, 6.364,5703
 9713,74657.766, 7.414,5703
 9714,74664.258, 6.498,5703
 9715,74671.516, 7.260,5703
 9716,74678.000, 6.487,5703
 9717,74684.539, 6.534,5703
 9718,74690.813, 6.275,5703
 9719,74697.414, 6.600,5703
 9720,74704.758, 7.340,5703
 9721,74710.625, 5.870,5703
 9722,74716.695, 6.071,5703
 9723,74722.492, 5.799,5703
 9724,74728.422, 5.922,5703
 9725,74734.344, 5.930,5703
 9726,74740.367, 6.019,5703
 9727,74748.289, 7.928,5703
 9728,74756.023, 7.723,5703
 9729,74762.844, 6.830,5703
 9730,74769.000, 6.155,5703
 9731,74775.188, 6.188,5703
 9732,74781.148, 5.956,5703
 9733,74787.953, 6.813,5703
 9734,74794.023, 6.057,5703
 9735,74800.898, 6.884,5703
 9736,74806.914, 6.012,5703
 9737,74813.648, 6.738,5703
 9738,74820.617, 6.973,5703
 9739,74826.531, 5.909,5703
 9740,74833.602, 7.071,5703
 9741,74839.547, 5.948,5703
 9742,74845.711, 6.154,5703
 9743,74852.172, 6.470,5703
 9744,74858.672, 6.500,5703
 9745,74864.938, 6.266,5703
 9746,74870.844, 5.905,5703
 9747,74877.047, 6.200,5703
 9748,74882.961, 5.919,5703
 9749,74888.883, 5.922,5703
 9750,74895.789, 6.900,5703
 9751,74901.430, 5.641,5703
 9752,74907.242, 5.818,5703
 9753,74912.898, 5.653,5703
 9754,74919.648, 6.750,5703
 9755,74925.438, 5.789,5703
 9756,74931.320, 5.886,5703
 9757,74937.031, 5.707,5703
 9758,74943.070, 6.040,5703
 9759,74949.805, 6.733,5703
 9760,74956.031, 6.222,5703
 9761,74963.320, 7.301,5703
 9762,74969.227, 5.903,5703
 9763,74975.180, 5.952,5703
 9764,74981.172, 5.994,5703
 9765,74986.844, 5.670,5703
 9766,74993.484, 6.636,5703
 9767,74999.250, 5.770,5703
 9768,75005.031, 5.776,5703
 9769,75011.695, 6.661,5703
 9770,75018.570, 6.883,5703
 9771,75024.391, 5.815,5703
 9772,75030.555, 6.172,5703
 9773,75037.359, 6.798,5703
 9774,75043.133, 5.774,5703
 9775,75049.844, 6.709,5703
 9776,75055.680, 5.843,5703
 9777,75062.578, 6.900,5703
 9778,75068.914, 6.333,5703
 9779,75074.844, 5.928,5703
 9780,75080.727, 5.880,5703
 9781,75086.703, 5.976,5703
 9782,75092.781, 6.083,5703
 9783,75099.422, 6.637,5703
 9784,75105.883, 6.462,5703
 9785,75111.992, 6.116,5703
 9786,75118.164, 6.168,5703
 9787,75124.273, 6.108,5703
 9788,75131.734, 7.456,5703
 9789,75140.164, 8.435,5703
 9790,75147.609, 7.448,5703
 9791,75155.070, 7.458,5703
 9792,75161.039, 5.966,5703
 9793,75167.875, 6.836,5703
 9794,75174.547, 6.677,5703
 9795,75180.617, 6.071,5703
 9796,75186.742, 6.117,5703
 9797,75193.492, 6.757,5703
 9798,75199.383, 5.881,5703
 9799,75205.414, 6.032,5703
 9800,75211.234, 5.832,5703
 9801,75217.047, 5.803,5703
 9802,75223.000, 5.959,5703
 9803,75229.109, 6.106,5703
 9804,75235.867, 6.758,5703
 9805,75241.891, 6.024,5703
 9806,75248.000, 6.116,5703
 9807,75254.031, 6.020,5703
 9808,75260.047, 6.018,5703
 9809,75266.422, 6.378,5703
 9810,75272.742, 6.317,5703
 9811,75279.344, 6.607,5703
 9812,75285.430, 6.084,5703
 9813,75291.602, 6.170,5703
 9814,75297.891, 6.293,5703
 9815,75304.180, 6.288,5703
 9816,75310.469, 6.286,5703
 9817,75317.969, 7.509,5703
 9818,75325.266, 7.295,5703
 9819,75331.570, 6.305,5703
 9820,75337.961, 6.385,5703
 9821,75345.102, 7.141,5703
 9822,75351.578, 6.478,5703
 9823,75358.008, 6.429,5703
 9824,75364.727, 6.714,5703
 9825,75370.891, 6.169,5703
 9826,75378.188, 7.297,5703
 9827,75384.789, 6.598,5703
 9828,75391.063, 6.269,5703
 9829,75397.461, 6.408,5703
 9830,75404.727, 7.258,5703
 9831,75411.438, 6.717,5703
 9832,75417.617, 6.179,5703
 9833,75423.977, 6.362,5703
 9834,75430.148, 6.172,5703
 9835,75437.289, 7.140,5703
 9836,75443.727, 6.430,5703
 9837,75449.648, 5.931,5703
 9838,75455.398, 5.745,5703
 9839,75462.133, 6.730,5703
 9840,75468.789, 6.664,5703
 9841,75474.742, 5.945,5703
 9842,75480.797, 6.056,5703
 9843,75487.211, 6.421,5703
 9844,75494.141, 6.927,5703
 9845,75500.258, 6.121,5703
 9846,75507.070, 6.803,5703
 9847,75512.938, 5.878,5703
 9848,75519.219, 6.277,5703
 9849,75527.523, 8.305,5703
 9850,75535.125, 7.596,5703
 9851,75541.836, 6.716,5703
 9852,75548.211, 6.378,5703
 9853,75554.906, 6.690,5703
 9854,75561.555, 6.655,5703
 9855,75567.906, 6.348,5703
 9856,75573.828, 5.921,5703
 9857,75580.727, 6.898,5703
 9858,75586.938, 6.215,5703
 9859,75594.211, 7.268,5703
 9860,75601.633, 7.424,5703
 9861,75609.063, 7.424,5703
 9862,75615.922, 6.866,5703
 9863,75621.742, 5.813,5703
 9864,75627.930, 6.197,5703
 9865,75633.820, 5.887,5703
 9866,75640.641, 6.820,5703
 9867,75647.328, 6.692,5703
 9868,75653.281, 5.947,5703
 9869,75659.250, 5.975,5703
 9870,75665.883, 6.627,5703
 9871,75671.664, 5.788,5703
 9872,75678.563, 6.898,5703
 9873,75685.297, 6.735,5703
 9874,75691.156, 5.852,5703
 9875,75697.531, 6.374,5703
 9876,75704.406, 6.879,5703
 9877,75711.211, 6.801,5703
 9878,75717.258, 6.051,5703
 9879,75723.125, 5.864,5703
 9880,75729.820, 6.699,5703
 9881,75735.578, 5.759,5703
 9882,75741.438, 5.853,5703
 9883,75747.117, 5.680,5703
 9884,75752.852, 5.741,5703
 9885,75758.648, 5.799,5703
 9886,75764.539, 5.888,5703
 9887,75770.328, 5.792,5703
 9888,75776.242, 5.911,5703
 9889,75782.320, 6.074,5703
 9890,75788.070, 5.745,5703
 9891,75794.813, 6.749,5703
 9892,75800.914, 6.105,5703
 9893,75807.133, 6.213,5703
 9894,75813.234, 6.100,5703
 9895,75818.930, 5.704,5703
 9896,75825.828, 6.890,5703
 9897,75832.625, 6.802,5703
 9898,75838.281, 5.654,5703
 9899,75845.305, 7.027,5703
 9900,75851.414, 6.102,5703
 9901,75857.500, 6.092,5703
 9902,75864.633, 7.131,5703
 9903,75870.586, 5.957,5703
 9904,75876.859, 6.268,5703
 9905,75884.070, 7.210,5703
 9906,75891.000, 6.936,5703
 9907,75898.055, 7.048,5703
 9908,75905.648, 7.599,5703
 9909,75913.461, 7.807,5703
 9910,75920.648, 7.190,5703
 9911,75927.961, 7.313,5703
 9912,75935.258, 7.299,5703
 9913,75941.617, 6.359,5703
 9914,75947.781, 6.164,5703
 9915,75954.164, 6.382,5703
 9916,75961.398, 7.227,5703
 9917,75967.539, 6.147,5703
 9918,75973.898, 6.359,5703
 9919,75980.359, 6.461,5703
 9920,75986.836, 6.475,5703
 9921,75993.781, 6.943,5703
 9922,76001.313, 7.538,5703
 9923,76008.391, 7.068,5703
 9924,76014.977, 6.600,5703
 9925,76021.672, 6.690,5703
 9926,76028.719, 7.044,5703
 9927,76036.211, 7.494,5703
 9928,76042.742, 6.525,5703
 9929,76050.273, 7.539,5703
 9930,76056.711, 6.434,5703
 9931,76063.664, 6.956,5703
 9932,76070.531, 6.869,5703
 9933,76076.430, 5.895,5703
 9934,76082.438, 6.005,5703
 9935,76088.289, 5.859,5703
 9936,76095.031, 6.731,5703
 9937,76100.906, 5.880,5703
 9938,76106.805, 5.897,5703
 9939,76113.711, 6.904,5703
 9940,76120.109, 6.400,5703
 9941,76126.250, 6.145,5703
 9942,76132.164, 5.916,5703
 9943,76139.039, 6.866,5703
 9944,76145.828, 6.795,5703
 9945,76151.766, 5.934,5703
 9946,76157.609, 5.847,5703
 9947,76163.484, 5.877,5703
 9948,76170.117, 6.627,5703
 9949,76175.891, 5.775,5703
 9950,76181.906, 6.021,5703
 9951,76187.773, 5.860,5703
 9952,76193.508, 5.736,5703
 9953,76199.266, 5.763,5703
 9954,76205.086, 5.814,5703
 9955,76211.727, 6.644,5703
 9956,76217.555, 5.826,5703
 9957,76223.383, 5.829,5703
 9958,76229.820, 6.442,5703
 9959,76236.055, 6.232,5703
 9960,76242.055, 5.993,5703
 9961,76247.852, 5.803,5703
 9962,76253.852, 6.003,5703
 9963,76260.906, 7.053,5703
 9964,76267.719, 6.809,5703
 9965,76273.648, 5.936,5703
 9966,76280.438, 6.783,5703
 9967,76287.250, 6.819,5703
 9968,76293.273, 6.020,5703
 9969,76300.289, 7.022,5703
 9970,76307.258, 6.966,5703
 9971,76313.570, 6.308,5703
 9972,76319.727, 6.155,5703
 9973,76325.625, 5.904,5703
 9974,76332.859, 7.231,5703
 9975,76339.750, 6.891,5703
 9976,76345.820, 6.066,5703
 9977,76352.711, 6.890,5703
 9978,76359.750, 7.040,5703
 9979,76366.703, 6.952,5703
 9980,76372.609, 5.914,5703
 9981,76379.383, 6.770,5703
 9982,76385.273, 5.896,5703
 9983,76392.047, 6.767,5703
 9984,76397.898, 5.855,5703
 9985,76404.875, 6.975,5703
 9986,76411.750, 6.872,5703
 9987,76417.664, 5.919,5703
 9988,76423.570, 5.904,5703
 9989,76429.484, 5.913,5703
 9990,76435.484, 6.003,5703
 9991,76441.688, 6.198,5703
 9992,76448.797, 7.110,5703
 9993,76455.727, 6.931,5703
 9994,76461.859, 6.136,5703
 9995,76467.938, 6.076,5703
 9996,76474.984, 7.049,5703
 9997,76481.047, 6.056,5703
 9998,76488.172, 7.132,5703
 9999,76494.242, 6.073,5703
10000,76501.422, 7.173,5703
10001,76508.258, 6.842,5703
10002,76514.273, 6.014,5703
10003,76521.273, 7.001,5703
10004,76527.430, 6.149,5703
10005,76533.875, 6.445,5703
10006,76540.102, 6.231,5703
10007,76546.672, 6.574,5703
10008,76552.938, 6.264,5703
10009,76560.227, 7.287,5703
10010,76567.703, 7.472,5703
10011,76574.117, 6.420,5703
10012,76580.227, 6.105,5703
10013,76587.297, 7.071,5703
10014,76593.477, 6.178,5703
10015,76600.539, 7.063,5703
10016,76606.625, 6.088,5703
10017,76613.164, 6.540,5703
10018,76619.391, 6.221,5703
10019,76625.547, 6.164,5703
10020,76632.609, 7.065,5703
10021,76639.773, 7.155,5703
10022,76646.188, 6.417,5703
10023,76653.805, 7.616,5703
10024,76661.125, 7.323,5703
10025,76667.531, 6.405,5703
10026,76673.734, 6.203,5703
10027,76681.750, 8.017,5703
10028,76688.789, 7.037,5703
10029,76695.156, 6.370,5703
10030,76701.164, 6.004,5703
10031,76707.992, 6.836,5703
10032,76713.969, 5.972,5703
10033,76719.789, 5.817,5703
10034,76725.711, 5.924,5703
10035,76731.844, 6.134,5703
10036,76737.719, 5.870,5703
10037,76743.766, 6.048,5703
10038,76750.633, 6.873,5703
10039,76757.047, 6.407,5703
10040,76764.055, 7.007,5703
10041,76770.156, 6.104,5703
10042,76776.141, 5.988,5703
10043,76782.008, 5.868,5703
10044,76789.094, 7.081,5703
10045,76795.133, 6.039,5703
10046,76801.953, 6.825,5703
10047,76808.867, 6.912,5703
10048,76815.625, 6.764,5703
10049,76821.375, 5.742,5703
10050,76827.969, 6.602,5703
10051,76834.641, 6.670,5703
10052,76840.516, 5.870,5703
10053,76847.133, 6.620,5703
10054,76852.891, 5.755,5703
10055,76858.633, 5.748,5703
10056,76865.297, 6.658,5703
10057,76872.086, 6.786,5703
10058,76877.883, 5.800,5703
10059,76884.609, 6.726,5703
10060,76891.227, 6.617,5703
10061,76897.133, 5.907,5703
10062,76902.984, 5.855,5703
10063,76909.859, 6.876,5703
10064,76915.688, 5.823,5703
10065,76921.508, 5.818,5703
10066,76928.266, 6.767,5703
10067,76935.008, 6.745,5703
10068,76940.742, 5.723,5703
10069,76946.531, 5.789,5703
10070,76953.133, 6.607,5703
10071,76959.023, 5.882,5703
10072,76965.125, 6.107,5703
10073,76971.422, 6.294,5703
10074,76977.328, 5.917,5703
10075,76983.164, 5.829,5703
10076,76989.008, 5.852,5703
10077,76994.953, 5.939,5703
10078,77000.703, 5.742,5703
10079,77006.570, 5.878,5703
10080,77012.336, 5.763,5703
10081,77018.891, 6.557,5703
10082,77025.586, 6.694,5703
10083,77031.586, 6.003,5703
10084,77038.125, 6.530,5703
10085,77043.836, 5.713,5703
10086,77050.711, 6.876,5703
10087,77056.711, 5.998,5703
10088,77064.586, 7.876,5703
10089,77071.250, 6.667,5703
10090,77078.672, 7.420,5703
10091,77085.469, 6.799,5703
10092,77091.461, 5.987,5703
10093,77097.281, 5.830,5703
10094,77104.250, 6.965,5703
10095,77110.195, 5.941,5703
10096,77116.398, 6.201,5703
10097,77122.289, 5.896,5703
10098,77128.289, 5.997,5703
10099,77135.172, 6.881,5703
10100,77141.234, 6.066,5703
10101,77147.023, 5.783,5703
10102,77152.953, 5.939,5703
10103,77159.672, 6.716,5703
10104,77165.703, 6.027,5703
10105,77171.586, 5.890,5703
10106,77177.430, 5.838,5703
10107,77183.758, 6.326,5703
10108,77190.633, 6.885,5703
10109,77196.852, 6.214,5703
10110,77202.844, 5.991,5703
10111,77209.688, 6.839,5703
10112,77216.727, 7.041,5703
10113,77222.742, 6.015,5703
10114,77228.648, 5.912,5703
10115,77234.578, 5.933,5703
10116,77240.625, 6.043,5703
10117,77246.453, 5.823,5703
10118,77252.492, 6.039,5703
10119,77258.891, 6.400,5703
10120,77265.875, 6.987,5703
10121,77272.797, 6.921,5703
10122,77279.008, 6.216,5703
10123,77286.156, 7.145,5703
10124,77293.461, 7.305,5703
10125,77299.938, 6.481,5703
10126,77306.094, 6.150,5703
10127,77313.117, 7.021,5703
10128,77320.367, 7.246,5703
10129,77327.531, 7.173,5703
10130,77333.906, 6.372,5703
10131,77341.133, 7.229,5703
10132,77347.422, 6.288,5703
10133,77353.547, 6.122,5703
10134,77359.594, 6.049,5703
10135,77365.805, 6.211,5703
10136,77371.883, 6.078,5703
10137,77378.969, 7.089,5703
10138,77385.359, 6.387,5703
10139,77392.320, 6.965,5703
10140,77398.766, 6.443,5703
10141,77406.313, 7.549,5703
10142,77413.688, 7.365,5703
10143,77419.570, 5.891,5703
10144,77425.383, 5.808,5703
10145,77432.305, 6.927,5703
10146,77437.953, 5.648,5703
10147,77445.359, 7.400,5703
10148,77452.453, 7.100,5703
10149,77458.977, 6.524,5703
10150,77466.063, 7.084,5703
10151,77472.109, 6.042,5703
10152,77478.000, 5.898,5703
10153,77483.875, 5.871,5703
10154,77490.766, 6.893,5703
10155,77496.930, 6.168,5703
10156,77503.195, 6.264,5703
10157,77509.320, 6.123,5703
10158,77515.422, 6.100,5703
10159,77522.211, 6.793,5703
10160,77529.273, 7.062,5703
10161,77535.352, 6.072,5703
10162,77541.234, 5.889,5703
10163,77547.000, 5.766,5703
10164,77553.781, 6.774,5703
10165,77559.703, 5.922,5703
10166,77567.148, 7.446,5703
10167,77573.695, 6.545,5703
10168,77579.992, 6.307,5703
10169,77585.867, 5.867,5703
10170,77592.664, 6.801,5703
10171,77598.391, 5.718,5703
10172,77604.859, 6.478,5703
10173,77610.711, 5.842,5703
10174,77616.867, 6.161,5703
10175,77622.813, 5.944,5703
10176,77629.633, 6.829,5703
10177,77635.406, 5.769,5703
10178,77641.227, 5.824,5703
10179,77648.102, 6.866,5703
10180,77654.023, 5.924,5703
10181,77660.898, 6.882,5703
10182,77667.719, 6.810,5703
10183,77673.430, 5.716,5703
10184,77679.148, 5.716,5703
10185,77684.844, 5.699,5703
10186,77690.578, 5.736,5703
10187,77696.266, 5.685,5703
10188,77702.156, 5.890,5703
10189,77709.477, 7.325,5703
10190,77715.422, 5.943,5703
10191,77721.133, 5.706,5703
10192,77726.883, 5.759,5703
10193,77732.891, 6.001,5703
10194,77738.828, 5.939,5703
10195,77745.656, 6.834,5703
10196,77751.352, 5.685,5703
10197,77757.289, 5.944,5703
10198,77764.281, 6.992,5703
10199,77771.078, 6.795,5703
10200,77777.805, 6.723,5703
10201,77783.516, 5.715,5703
10202,77790.352, 6.829,5703
10203,77796.094, 5.750,5703
10204,77802.859, 6.766,5703
10205,77808.633, 5.777,5703
10206,77815.930, 7.297,5703
10207,77822.430, 6.493,5703
10208,77830.609, 8.181,5703
10209,77838.164, 7.557,5703
10210,77844.625, 6.464,5703
10211,77851.313, 6.683,5703
10212,77858.219, 6.904,5703
10213,77864.156, 5.936,5703
10214,77870.930, 6.782,5703
10215,77876.891, 5.955,5703
10216,77882.758, 5.864,5703
10217,77888.500, 5.744,5703
10218,77895.297, 6.806,5703
10219,77901.156, 5.853,5703
10220,77906.953, 5.802,5703
10221,77913.859, 6.905,5703
10222,77921.078, 7.213,5703
10223,77927.961, 6.884,5703
10224,77934.813, 6.849,5703
10225,77940.688, 5.876,5703
10226,77947.430, 6.745,5703
10227,77954.336, 6.912,5703
10228,77960.469, 6.124,5703
10229,77967.797, 7.331,5703
10230,77973.898, 6.104,5703
10231,77979.672, 5.776,5703
10232,77986.625, 6.948,5703
10233,77992.469, 5.846,5703
10234,77999.625, 7.158,5703
10235,78006.008, 6.383,5703
10236,78012.469, 6.459,5703
10237,78018.539, 6.071,5703
10238,78026.305, 7.764,5703
10239,78034.023, 7.717,5703
10240,78041.172, 7.147,5703
10241,78048.836, 7.661,5703
10242,78055.563, 6.730,5703
10243,78063.445, 7.880,5703
10244,78070.359, 6.913,5703
10245,78078.250, 7.898,5703
10246,78084.836, 6.583,5703
10247,78091.609, 6.779,5703
10248,78097.805, 6.192,5703
10249,78104.133, 6.324,5703
10250,78110.984, 6.856,5703
10251,78117.695, 6.706,5703
10252,78124.273, 6.581,5703
10253,78132.070, 7.798,5703
10254,78138.547, 6.480,5703
10255,78145.852, 7.300,5703
10256,78151.984, 6.133,5703
10257,78158.641, 6.657,5703
10258,78165.656, 7.021,5703
10259,78171.648, 5.992,5703
10260,78177.586, 5.933,5703
10261,78183.227, 5.640,5703
10262,78189.063, 5.833,5703
10263,78195.797, 6.735,5703
10264,78202.539, 6.744,5703
10265,78209.953, 7.420,5703
10266,78217.063, 7.097,5703
10267,78224.055, 6.995,5703
10268,78231.070, 7.015,5703
10269,78238.266, 7.201,5703
10270,78244.148, 5.884,5703
10271,78250.914, 6.765,5703
10272,78257.773, 6.855,5703
10273,78264.109, 6.336,5703
10274,78269.898, 5.793,5703
10275,78277.359, 7.457,5703
10276,78284.813, 7.451,5703
10277,78290.727, 5.911,5703
10278,78297.594, 6.874,5703
10279,78304.102, 6.510,5703
10280,78310.180, 6.077,5703
10281,78316.203, 6.025,5703
10282,78322.055, 5.847,5703
10283,78327.789, 5.735,5703
10284,78333.633, 5.847,5703
10285,78339.781, 6.149,5703
10286,78346.961, 7.178,5703
10287,78353.734, 6.767,5703
10288,78359.547, 5.820,5703
10289,78366.555, 7.009,5703
10290,78372.406, 5.848,5703
10291,78378.945, 6.546,5703
10292,78384.641, 5.689,5703
10293,78390.430, 5.785,5703
10294,78396.070, 5.641,5703
10295,78402.695, 6.623,5703
10296,78409.492, 6.800,5703
10297,78416.258, 6.768,5703
10298,78422.883, 6.627,5703
10299,78429.734, 6.850,5703
10300,78435.477, 5.741,5703
10301,78442.234, 6.758,5703
10302,78449.352, 7.118,5703
10303,78456.313, 6.962,5703
10304,78462.102, 5.785,5703
10305,78468.000, 5.906,5703
10306,78473.836, 5.832,5703
10307,78480.672, 6.836,5703
10308,78487.352, 6.673,5703
10309,78494.164, 6.819,5703
10310,78500.102, 5.932,5703
10311,78507.125, 7.030,5703
10312,78512.938, 5.815,5703
10313,78519.031, 6.086,5703
10314,78524.766, 5.738,5703
10315,78530.578, 5.815,5703
10316,78537.445, 6.863,5703
10317,78544.141, 6.693,5703
10318,78550.188, 6.048,5703
10319,78556.953, 6.771,5703
10320,78562.914, 5.958,5703
10321,78569.023, 6.106,5703
10322,78575.070, 6.050,5703
10323,78581.133, 6.063,5703
10324,78587.125, 5.987,5703
10325,78594.141, 7.020,5703
10326,78601.258, 7.117,5703
10327,78608.211, 6.953,5703
10328,78615.555, 7.349,5703
10329,78621.773, 6.212,5703
10330,78627.664, 5.900,5703
10331,78633.609, 5.944,5703
10332,78639.313, 5.702,5703
10333,78646.094, 6.773,5703
10334,78651.773, 5.685,5703
10335,78658.953, 7.184,5703
10336,78666.102, 7.141,5703
10337,78672.430, 6.326,5703
10338,78679.227, 6.799,5703
10339,78686.211, 6.990,5703
10340,78692.109, 5.892,5703
10341,78698.297, 6.191,5703
10342,78705.109, 6.807,5703
10343,78710.945, 5.846,5703
10344,78717.852, 6.899,5703
10345,78724.703, 6.853,5703
10346,78730.805, 6.102,5703
10347,78736.766, 5.957,5703
10348,78744.023, 7.256,5703
10349,78750.336, 6.319,5703
10350,78756.742, 6.399,5703
10351,78764.180, 7.442,5703
10352,78770.898, 6.719,5703
10353,78778.195, 7.303,5703
10354,78784.234, 6.037,5703
10355,78790.359, 6.120,5703
10356,78796.516, 6.157,5703
10357,78802.922, 6.407,5703
10358,78809.016, 6.092,5703
10359,78816.711, 7.696,5703
10360,78822.914, 6.211,5703
10361,78829.023, 6.101,5703
10362,78836.164, 7.146,5703
10363,78842.406, 6.239,5703
10364,78849.641, 7.239,5703
10365,78857.203, 7.555,5703
10366,78864.758, 7.556,5703
10367,78872.688, 7.928,5703
10368,78879.813, 7.130,5703
10369,78885.766, 5.952,5703
10370,78891.555, 5.786,5703
10371,78898.375, 6.817,5703
10372,78904.211, 5.845,5703
10373,78909.938, 5.729,5703
10374,78915.734, 5.788,5703
10375,78922.359, 6.624,5703
10376,78928.969, 6.619,5703
10377,78935.797, 6.820,5703
10378,78942.461, 6.669,5703
10379,78948.313, 5.850,5703
10380,78954.055, 5.736,5703
10381,78960.781, 6.731,5703
10382,78967.508, 6.727,5703
10383,78974.508, 7.003,5703
10384,78981.922, 7.416,5703
10385,78989.664, 7.743,5703
10386,78996.797, 7.129,5703
10387,79002.961, 6.167,5703
10388,79009.750, 6.782,5703
10389,79016.594, 6.848,5703
10390,79023.313, 6.723,5703
10391,79030.359, 7.038,5703
10392,79036.398, 6.038,5703
10393,79042.094, 5.697,5703
10394,79049.195, 7.108,5703
10395,79055.156, 5.960,5703
10396,79060.852, 5.690,5703
10397,79067.648, 6.801,5703
10398,79073.469, 5.817,5703
10399,79079.430, 5.961,5703
10400,79086.469, 7.044,5703
10401,79092.438, 5.966,5703
10402,79098.367, 5.924,5703
10403,79104.984, 6.629,5703
10404,79110.742, 5.753,5703
10405,79117.305, 6.561,5703
10406,79123.430, 6.122,5703
10407,79129.117, 5.691,5703
10408,79134.891, 5.774,5703
10409,79141.508, 6.614,5703
10410,79148.055, 6.547,5703
10411,79153.805, 5.751,5703
10412,79159.469, 5.662,5703
10413,79166.016, 6.548,5703
10414,79171.844, 5.828,5703
10415,79178.695, 6.846,5703
10416,79184.289, 5.604,5703
10417,79191.391, 7.098,5703
10418,79198.117, 6.723,5703
10419,79203.953, 5.847,5703
10420,79209.766, 5.803,5703
10421,79216.539, 6.777,5703
10422,79223.281, 6.742,5703
10423,79229.969, 6.687,5703
10424,79235.766, 5.795,5703
10425,79242.414, 6.651,5703
10426,79248.195, 5.784,5703
10427,79254.813, 6.612,5703
10428,79260.516, 5.703,5703
10429,79267.563, 7.048,5703
10430,79274.320, 6.762,5703
10431,79280.281, 5.957,5703
10432,79286.156, 5.878,5703
10433,79292.211, 6.057,5703
10434,79298.570, 6.359,5703
10435,79304.586, 6.014,5703
10436,79311.508, 6.923,5703
10437,79317.563, 6.049,5703
10438,79323.539, 5.983,5703
10439,79330.828, 7.287,5703
10440,79338.016, 7.183,5703
10441,79345.438, 7.424,5703
10442,79351.586, 6.153,5703
10443,79359.094, 7.498,5703
10444,79368.031, 8.936,5703
10445,79375.203, 7.181,5703
10446,79382.547, 7.344,5703
10447,79388.797, 6.244,5703
10448,79394.984, 6.192,5703
10449,79402.891, 7.906,5703
10450,79409.094, 6.201,5703
10451,79415.305, 6.218,5703
10452,79421.586, 6.276,5703
10453,79427.867, 6.281,5703
10454,79434.000, 6.140,5703
10455,79441.188, 7.181,5703
10456,79448.438, 7.249,5703
10457,79454.945, 6.514,5703
10458,79461.297, 6.351,5703
10459,79468.586, 7.288,5703
10460,79474.938, 6.351,5703
10461,79482.203, 7.265,5703
10462,79488.023, 5.817,5703
10463,79493.883, 5.857,5703
10464,79499.758, 5.872,5703
10465,79506.688, 6.931,5703
10466,79512.633, 5.952,5703
10467,79519.469, 6.830,5703
10468,79526.063, 6.593,5703
10469,79532.078, 6.014,5703
10470,79538.047, 5.972,5703
10471,79543.875, 5.832,5703
10472,79550.742, 6.861,5703
10473,79556.328, 5.596,5703
10474,79562.836, 6.506,5703
10475,79568.484, 5.646,5703
10476,79574.266, 5.782,5703
10477,79581.125, 6.859,5703
10478,79587.383, 6.250,5703
10479,79594.930, 7.552,5703
10480,79600.992, 6.064,5703
10481,79607.789, 6.792,5703
10482,79613.984, 6.202,5703
10483,79619.914, 5.926,5703
10484,79627.102, 7.187,5703
10485,79632.922, 5.825,5703
10486,79638.586, 5.664,5703
10487,79644.383, 5.790,5703
10488,79651.094, 6.709,5703
10489,79657.711, 6.620,5703
10490,79663.492, 5.783,5703
10491,79669.242, 5.756,5703
10492,79675.969, 6.722,5703
10493,79681.891, 5.926,5703
10494,79687.727, 5.829,5703
10495,79693.477, 5.756,5703
10496,79699.273, 5.796,5703
10497,79705.023, 5.743,5703
10498,79710.813, 5.791,5703
10499,79716.391, 5.574,5564
10500,79723.508, 7.127,5564
10501,79729.516, 6.006,5564
10502,79735.234, 5.722,5564
10503,79740.695, 5.451,5564
10504,79746.484, 5.792,5564
10505,79752.188, 5.708,5564
10506,79757.773, 5.585,5564
10507,79763.164, 5.387,5564
10508,79768.695, 5.526,5564
10509,79774.164, 5.473,5564
10510,79779.742, 5.582,5564
10511,79785.023, 5.278,5564
10512,79790.703, 5.682,5564
10513,79796.375, 5.668,5564
10514,79802.563, 6.196,5564
10515,79808.789, 6.219,5564
10516,79814.516, 5.730,5564
10517,79820.305, 5.792,5564
10518,79825.969, 5.663,5564
10519,79832.000, 6.030,5564
10520,79837.734, 5.735,5564
10521,79844.570, 6.837,5564
10522,79850.484, 5.915,5564
10523,79856.898, 6.413,5564
10524,79864.250, 7.350,5564
10525,79870.102, 5.848,5564
10526,79876.289, 6.189,5564
10527,79882.406, 6.119,5564
10528,79888.859, 6.456,5564
10529,79894.578, 5.721,5564
10530,79900.867, 6.282,5564
10531,79908.242, 7.377,5564
10532,79914.492, 6.252,5564
10533,79920.531, 6.033,5564
10534,79926.531, 6.002,5564
10535,79932.719, 6.188,5564
10536,79938.734, 6.014,5564
10537,79944.563, 5.835,5564
10538,79950.734, 6.168,5564
10539,79956.797, 6.059,5564
10540,79962.703, 5.906,5564
10541,79969.648, 6.953,5564
10542,79976.109, 6.454,5564
10543,79983.180, 7.073,5564
10544,79988.906, 5.727,5564
10545,79994.758, 5.846,5564
10546,80002.336, 7.589,5564
10547,80010.227, 7.888,5564
10548,80017.000, 6.771,5564
10549,80023.016, 6.014,5564
10550,80029.797, 6.785,5564
10551,80035.492, 5.691,5564
10552,80042.039, 6.546,5564
10553,80047.844, 5.805,5564
10554,80053.695, 5.851,5564
10555,80060.055, 6.356,5564
10556,80065.750, 5.696,5564
10557,80072.094, 6.350,5564
10558,80078.617, 6.526,5564
10559,80084.094, 5.474,5564
10560,80089.758, 5.659,5564
10561,80095.352, 5.590,5564
10562,80101.664, 6.327,5564
10563,80107.305, 5.639,5564
10564,80112.938, 5.629,5564
10565,80119.805, 6.865,5564
10566,80125.453, 5.648,5564
10567,80131.164, 5.711,5564
10568,80137.461, 6.296,5564
10569,80143.031, 5.565,5564
10570,80148.664, 5.641,5564
10571,80154.148, 5.479,5564
10572,80159.859, 5.717,5564
10573,80166.016, 6.150,5564
10574,80171.492, 5.477,5564
10575,80176.945, 5.461,5564
10576,80183.352, 6.397,5564
10577,80190.141, 6.797,5564
10578,80197.047, 6.898,5564
10579,80203.227, 6.187,5564
10580,80209.875, 6.649,5564
10581,80215.250, 5.371,5564
10582,80221.633, 6.391,5564
10583,80227.367, 5.724,5564
10584,80233.320, 5.961,5564
10585,80239.070, 5.747,5564
10586,80244.773, 5.704,5564
10587,80250.555, 5.782,5564
10588,80257.000, 6.447,5564
10589,80263.352, 6.343,5564
10590,80268.898, 5.551,5564
10591,80274.461, 5.563,5564
10592,80280.023, 5.559,5564
10593,80285.547, 5.530,5564
10594,80291.219, 5.674,5564
10595,80296.883, 5.659,5564
10596,80302.227, 5.347,5564
10597,80308.563, 6.337,5564
10598,80314.227, 5.664,5564
10599,80320.000, 5.774,5564
10600,80326.039, 6.030,5564
10601,80331.977, 5.947,5564
10602,80337.797, 5.816,5564
10603,80343.492, 5.690,5564
10604,80349.109, 5.618,5564
10605,80355.586, 6.482,5564
10606,80361.391, 5.798,5564
10607,80367.063, 5.672,5564
10608,80372.781, 5.725,5564
10609,80379.273, 6.490,5564
10610,80386.266, 6.997,5564
10611,80392.438, 6.165,5564
10612,80398.602, 6.172,5564
10613,80405.477, 6.873,5564
10614,80411.258, 5.778,5564
10615,80418.023, 6.765,5564
10616,80423.820, 5.799,5564
10617,80430.195, 6.375,5564
10618,80437.109, 6.911,5564
10619,80443.078, 5.966,5564
10620,80449.125, 6.048,5564
10621,80454.773, 5.654,5564
10622,80460.516, 5.738,5564
10623,80467.336, 6.827,5564
10624,80473.445, 6.105,5564
10625,80480.055, 6.605,5564
10626,80486.023, 5.966,5564
10627,80491.563, 5.546,5564
10628,80497.141, 5.581,5564
10629,80502.766, 5.619,5564
10630,80508.656, 5.895,5564
10631,80514.305, 5.650,5564
10632,80520.203, 5.897,5564
10633,80526.914, 6.711,5564
10634,80533.789, 6.874,5564
10635,80541.148, 7.357,5564
10636,80547.336, 6.195,5564
10637,80553.969, 6.632,5564
10638,80559.609, 5.640,5564
10639,80566.211, 6.601,5564
10640,80572.227, 6.017,5564
10641,80578.695, 6.462,5564
10642,80585.813, 7.120,5564
10643,80592.227, 6.412,5564
10644,80599.125, 6.894,5564
10645,80605.328, 6.208,5564
10646,80611.398, 6.070,5564
10647,80618.578, 7.184,5564
10648,80624.805, 6.223,5564
10649,80630.781, 5.974,5564
10650,80636.711, 5.931,5564
10651,80642.922, 6.214,5564
10652,80649.602, 6.684,5564
10653,80655.773, 6.165,5564
10654,80661.805, 6.028,5564
10655,80667.836, 6.032,5564
10656,80675.039, 7.203,5564
10657,80682.328, 7.296,5564
10658,80688.922, 6.589,5564
10659,80695.078, 6.156,5564
10660,80700.805, 5.729,5564
10661,80706.578, 5.773,5564
10662,80712.492, 5.912,5564
10663,80718.148, 5.655,5564
10664,80725.367, 7.220,5564
10665,80731.203, 5.838,5564
10666,80736.852, 5.649,5564
10667,80742.422, 5.571,5564
10668,80748.094, 5.665,5564
10669,80755.375, 7.285,5564
10670,80763.289, 7.921,5564
10671,80769.984, 6.694,5564
10672,80776.055, 6.065,5564
10673,80781.758, 5.702,5564
10674,80787.367, 5.610,5564
10675,80793.047, 5.677,5564
10676,80798.617, 5.576,5564
10677,80804.250, 5.634,5564
10678,80811.766, 7.515,5564
10679,80818.852, 7.082,5564
10680,80824.523, 5.677,5564
10681,80830.547, 6.023,5564
10682,80836.211, 5.661,5564
10683,80843.016, 6.797,5564
10684,80849.539, 6.528,5564
10685,80855.930, 6.399,5564
10686,80862.063, 6.128,5564
10687,80867.969, 5.907,5564
10688,80873.680, 5.703,5564
10689,80879.828, 6.152,5564
10690,80885.633, 5.810,5564
10691,80891.266, 5.629,5564
10692,80896.727, 5.464,5564
10693,80902.297, 5.569,5564
10694,80909.016, 6.717,5564
10695,80914.789, 5.774,5564
10696,80921.375, 6.582,5564
10697,80927.102, 5.733,5564
10698,80933.742, 6.638,5564
10699,80940.313, 6.575,5564
10700,80946.891, 6.578,5564
10701,80952.680, 5.782,5564
10702,80959.391, 6.713,5564
10703,80965.375, 5.981,5564
10704,80971.016, 5.644,5564
10705,80978.328, 7.317,5564
10706,80984.133, 5.799,5564
10707,80989.680, 5.543,5564
10708,80995.219, 5.550,5564
10709,81000.734, 5.509,5564
10710,81006.422, 5.687,5564
10711,81012.195, 5.780,5564
10712,81018.586, 6.391,5564
10713,81024.125, 5.534,5564
10714,81029.594, 5.475,5564
10715,81035.203, 5.609,5564
10716,81040.930, 5.728,5564
10717,81047.148, 6.214,5564
10718,81052.844, 5.694,5564
10719,81058.531, 5.685,5564
10720,81064.297, 5.768,5564
10721,81070.438, 6.142,5564
10722,81076.789, 6.353,5564
10723,81082.391, 5.598,5564
10724,81088.234, 5.844,5564
10725,81094.117, 5.884,5564
10726,81099.836, 5.715,5564
10727,81105.680, 5.840,5564
10728,81111.461, 5.786,5564
10729,81117.414, 5.957,5564
10730,81124.055, 6.632,5564
10731,81129.719, 5.672,5564
10732,81135.953, 6.232,5564
10733,81143.953, 8.001,5564
10734,81150.531, 6.579,5564
10735,81156.500, 5.972,5564
10736,81162.227, 5.722,5564
10737,81168.016, 5.789,5564
10738,81174.359, 6.343,5564
10739,81180.180, 5.818,5564
10740,81185.719, 5.536,5564
10741,81191.398, 5.684,5564
10742,81197.016, 5.620,5564
10743,81202.656, 5.643,5564
10744,81209.023, 6.364,5564
10745,81214.648, 5.627,5564
10746,81220.438, 5.789,5564
10747,81227.242, 6.802,5564
10748,81233.922, 6.684,5564
10749,81239.875, 5.948,5564
10750,81245.469, 5.596,5564
10751,81252.320, 6.853,5564
10752,81258.992, 6.670,5564
10753,81265.086, 6.090,5564
10754,81271.297, 6.218,5564
10755,81277.648, 6.355,5564
10756,81284.398, 6.739,5564
10757,81291.789, 7.396,5564
10758,81298.242, 6.450,5564
10759,81304.258, 6.018,5564
10760,81311.625, 7.372,5564
10761,81318.492, 6.861,5564
10762,81324.641, 6.152,5564
10763,81330.875, 6.231,5564
10764,81336.883, 6.007,5564
10765,81343.109, 6.230,5564
10766,81349.078, 5.968,5564
10767,81355.000, 5.925,5564
10768,81361.102, 6.093,5564
10769,81367.109, 6.014,5564
10770,81373.398, 6.285,5564
10771,81380.500, 7.100,5564
10772,81388.031, 7.535,5564
10773,81394.125, 6.091,5564
10774,81399.922, 5.799,5564
10775,81405.773, 5.849,5564
10776,81411.617, 5.847,5564
10777,81418.203, 6.585,5564
10778,81423.930, 5.733,5564
10779,81429.648, 5.720,5564
10780,81435.172, 5.519,5564
10781,81441.539, 6.363,5564
10782,81447.109, 5.567,5564
10783,81452.703, 5.594,5564
10784,81458.250, 5.552,5564
10785,81464.055, 5.803,5564
10786,81469.828, 5.779,5564
10787,81476.938, 7.106,5564
10788,81482.680, 5.742,5564
10789,81488.977, 6.304,5564
10790,81496.117, 7.133,5564
10791,81501.766, 5.651,5564
10792,81508.094, 6.327,5564
10793,81514.266, 6.173,5564
10794,81521.492, 7.222,5564
10795,81528.047, 6.552,5564
10796,81534.688, 6.642,5564
10797,81541.969, 7.286,5564
10798,81548.648, 6.683,5564
10799,81554.523, 5.870,5564
10800,81561.156, 6.631,5564
10801,81566.789, 5.632,5564
10802,81573.391, 6.605,5564
10803,81579.391, 5.995,5564
10804,81585.477, 6.094,5564
10805,81591.305, 5.829,5564
10806,81598.555, 7.248,5564
10807,81604.313, 5.757,5564
10808,81611.156, 6.843,5564
10809,81616.984, 5.833,5564
10810,81623.625, 6.637,5564
10811,81629.445, 5.814,5564
10812,81635.555, 6.119,5564
10813,81641.508, 5.948,5564
10814,81647.266, 5.761,5564
10815,81653.125, 5.859,5564
10816,81658.898, 5.773,5564
10817,81664.555, 5.653,5564
10818,81670.398, 5.844,5564
10819,81676.289, 5.895,5564
10820,81682.000, 5.707,5564
10821,81687.852, 5.850,5564
10822,81693.383, 5.527,5564
10823,81699.344, 5.962,5564
10824,81705.414, 6.073,5564
10825,81712.148, 6.739,5564
10826,81717.984, 5.834,5564
10827,81723.648, 5.669,5564
10828,81729.508, 5.850,5564
10829,81735.055, 5.549,5564
10830,81741.711, 6.652,5564
10831,81747.484, 5.779,5564
10832,81752.883, 5.403,5564
10833,81758.414, 5.527,5564
10834,81764.727, 6.313,5564
10835,81770.438, 5.712,5564
10836,81776.086, 5.644,5564
10837,81781.758, 5.670,5564
10838,81788.508, 6.755,5564
10839,81794.320, 5.815,5564
10840,81800.844, 6.523,5564
10841,81808.313, 7.468,5564
10842,81814.453, 6.135,5564
10843,81820.250, 5.803,5564
10844,81825.867, 5.618,5564
10845,81831.656, 5.793,5564
10846,81837.297, 5.640,5564
10847,81842.883, 5.584,5564
10848,81848.898, 6.014,5564
10849,81854.883, 5.982,5564
10850,81861.047, 6.164,5564
10851,81867.273, 6.232,5564
10852,81873.141, 5.863,5564
10853,81880.242, 7.103,5564
10854,81886.484, 6.236,5564
10855,81892.523, 6.040,5564
10856,81899.773, 7.254,5564
10857,81907.023, 7.247,5564
10858,81914.359, 7.333,5564
10859,81921.039, 6.681,5564
10860,81927.281, 6.250,5564
10861,81933.227, 5.945,5564
10862,81939.219, 5.987,5564
10863,81945.063, 5.843,5564
10864,81951.141, 6.083,5564
10865,81958.180, 7.037,5564
10866,81964.641, 6.462,5564
10867,81970.969, 6.330,5564
10868,81978.602, 7.628,5564
10869,81985.188, 6.587,5564
10870,81992.164, 6.976,5564
10871,81997.914, 5.754,5564
10872,82004.273, 6.361,5564
10873,82009.844, 5.564,5564
10874,82015.531, 5.687,5564
10875,82021.734, 6.205,5564
10876,82027.328, 5.596,5564
10877,82033.102, 5.766,5564
10878,82038.969, 5.875,5564
10879,82045.695, 6.718,5564
10880,82051.719, 6.024,5564
10881,82058.172, 6.460,5564
10882,82063.750, 5.575,5564
10883,82069.367, 5.617,5564
10884,82075.875, 6.511,5564
10885,82081.367, 5.491,5564
10886,82087.063, 5.689,5564
10887,82092.898, 5.840,5564
10888,82098.563, 5.666,5564
10889,82104.188, 5.625,5564
10890,82110.141, 5.952,5564
10891,82115.719, 5.574,5564
10892,82121.586, 5.876,5564
10893,82127.750, 6.159,5564
10894,82133.789, 6.038,5564
10895,82139.430, 5.638,5564
10896,82145.109, 5.685,5564
10897,82151.438, 6.324,5564
10898,82156.898, 5.469,5564
10899,82162.328, 5.431,5564
10900,82168.125, 5.793,5564
10901,82173.789, 5.658,5564
10902,82179.430, 5.643,5564
10903,82184.977, 5.556,5564
10904,82190.578, 5.598,5564
10905,82196.195, 5.616,5564
10906,82201.563, 5.366,5564
10907,82207.023, 5.459,5564
10908,82212.664, 5.645,5564
10909,82219.016, 6.341,5564
10910,82224.719, 5.706,5564
10911,82230.750, 6.036,5564
10912,82236.422, 5.665,5564
10913,82242.188, 5.774,5564
10914,82248.008, 5.817,5564
10915,82253.906, 5.899,5564
10916,82259.664, 5.764,5564
10917,82265.453, 5.779,5564
10918,82271.023, 5.571,5564
10919,82276.852, 5.829,5564
10920,82283.797, 6.948,5564
10921,82290.750, 6.950,5564
10922,82296.789, 6.037,5564
10923,82303.320, 6.538,5564
10924,82308.883, 5.562,5564
10925,82315.195, 6.309,5564
10926,82320.766, 5.568,5564
10927,82326.281, 5.523,5564
10928,82333.219, 6.937,5564
10929,82338.930, 5.708,5564
10930,82344.578, 5.655,5564
10931,82351.297, 6.715,5564
10932,82357.930, 6.630,5564
10933,82363.586, 5.655,5564
10934,82370.344, 6.759,5564
10935,82375.945, 5.606,5564
10936,82382.477, 6.529,5564
10937,82388.195, 5.722,5564
10938,82393.813, 5.615,5564
10939,82399.258, 5.442,5564
10940,82404.867, 5.612,5564
10941,82411.375, 6.503,5564
10942,82418.023, 6.648,5564
10943,82423.734, 5.712,5564
10944,82429.422, 5.688,5564
10945,82435.273, 5.856,5564
10946,82441.305, 6.030,5564
10947,82447.070, 5.761,5564
10948,82452.992, 5.929,5564
10949,82458.734, 5.735,5564
10950,82464.555, 5.828,5564
10951,82470.555, 5.996,5564
10952,82477.297, 6.745,5564
10953,82485.305, 8.007,5564
10954,82492.398, 7.091,5564
10955,82498.414, 6.015,5564
10956,82504.461, 6.045,5564
10957,82511.805, 7.345,5564
10958,82517.984, 6.188,5564
10959,82523.836, 5.848,5564
10960,82530.164, 6.322,5564
10961,82536.359, 6.191,5564
10962,82542.984, 6.637,5564
10963,82549.602, 6.619,5564
10964,82556.359, 6.750,5564
10965,82562.461, 6.101,5564
10966,82568.617, 6.162,5564
10967,82576.438, 7.817,5564
10968,82583.086, 6.648,5564
10969,82589.438, 6.347,5564
10970,82596.633, 7.201,5564
10971,82603.914, 7.282,5564
10972,82609.680, 5.757,5564
10973,82615.984, 6.318,5564
10974,82623.211, 7.219,5564
10975,82629.648, 6.440,5564
10976,82636.266, 6.620,5564
10977,82642.117, 5.845,5564
10978,82648.078, 5.963,5564
10979,82653.875, 5.797,5564
10980,82660.727, 6.847,5564
10981,82667.734, 7.006,5564
10982,82674.320, 6.597,5564
10983,82681.617, 7.299,5564
10984,82687.188, 5.567,5564
10985,82692.695, 5.500,5564
10986,82698.984, 6.299,5564
10987,82704.516, 5.523,5564
10988,82710.141, 5.625,5564
10989,82715.789, 5.649,5564
10990,82721.297, 5.511,5564
10991,82726.930, 5.636,5564
10992,82733.977, 7.044,5564
10993,82739.711, 5.730,5564
10994,82745.570, 5.865,5564
10995,82751.539, 5.966,5564
10996,82757.617, 6.081,5564
10997,82763.305, 5.691,5564
10998,82769.109, 5.794,5564
10999,82775.688, 6.576,5564
11000,82782.148, 6.464,5564
11001,82788.805, 6.659,5564
11002,82794.922, 6.118,5564
11003,82801.531, 6.610,5564
11004,82807.727, 6.191,5564
11005,82814.289, 6.571,5564
11006,82821.102, 6.808,5564
11007,82827.609, 6.511,5564
11008,82834.258, 6.644,5564
11009,82840.602, 6.345,5564
11010,82846.570, 5.972,5564
11011,82852.625, 6.055,5564
11012,82859.633, 7.005,5564
11013,82867.016, 7.376,5564
11014,82874.063, 7.053,5564
11015,82880.625, 6.561,5564
11016,82886.773, 6.149,5564
11017,82892.820, 6.050,5564
11018,82899.805, 6.979,5564
11019,82905.898, 6.096,5564
11020,82913.242, 7.346,5564
11021,82919.422, 6.176,5564
11022,82925.688, 6.266,5564
11023,82932.289, 6.609,5564
11024,82940.063, 7.767,5564
11025,82946.555, 6.497,5564
11026,82954.633, 8.077,5564
11027,82961.664, 7.036,5564
11028,82969.172, 7.500,5564
11029,82975.359, 6.184,5564
11030,82982.180, 6.820,5564
11031,82989.086, 6.907,5564
11032,82996.031, 6.945,5564
11033,83002.531, 6.507,5564
11034,83008.695, 6.155,5564
11035,83014.711, 6.022,5564
11036,83020.531, 5.821,5564
11037,83027.563, 7.028,5564
11038,83033.617, 6.059,5564
11039,83040.070, 6.448,5564
11040,83047.578, 7.511,5564
11041,83054.203, 6.626,5564
11042,83061.016, 6.807,5564
11043,83068.570, 7.557,5564
11044,83074.820, 6.251,5564
11045,83080.664, 5.851,5564
11046,83086.391, 5.716,5564
11047,83092.102, 5.712,5564
11048,83098.102, 6.000,5564
11049,83103.758, 5.659,5564
11050,83109.531, 5.772,5564
11051,83115.477, 5.945,5564
11052,83121.375, 5.898,5564
11053,83127.156, 5.786,5564
11054,83132.891, 5.735,5564
11055,83138.586, 5.693,5564
11056,83144.227, 5.643,5564
11057,83150.023, 5.787,5564
11058,83155.656, 5.640,5564
11059,83161.555, 5.897,5564
11060,83167.414, 5.857,5564
11061,83173.664, 6.253,5564
11062,83180.383, 6.718,5564
11063,83188.102, 7.720,5564
11064,83194.195, 6.095,5564
11065,83200.516, 6.319,5564
11066,83206.711, 6.193,5564
11067,83212.781, 6.068,5564
11068,83219.906, 7.133,5564
11069,83226.320, 6.417,5564
11070,83233.328, 7.004,5564
11071,83239.703, 6.373,5564
11072,83245.883, 6.180,5564
11073,83252.063, 6.179,5564
11074,83259.023, 6.954,5564
11075,83266.055, 7.036,5564
11076,83272.688, 6.631,5564
11077,83279.578, 6.898,5564
11078,83286.711, 7.128,5564
11079,83293.156, 6.444,5564
11080,83299.031, 5.872,5564
11081,83304.898, 5.872,5564
11082,83310.703, 5.799,5564
11083,83316.305, 5.612,5564
11084,83321.938, 5.630,5564
11085,83327.570, 5.629,5564
11086,83333.359, 5.789,5564
11087,83339.008, 5.645,5564
11088,83344.648, 5.650,5564
11089,83350.383, 5.727,5564
11090,83357.320, 6.948,5564
11091,83363.094, 5.764,5564
11092,83368.664, 5.578,5564
11093,83374.133, 5.463,5564
11094,83380.445, 6.309,5564
11095,83386.508, 6.067,5564
11096,83392.477, 5.967,5564
11097,83399.305, 6.835,5564
11098,83405.859, 6.550,5564
11099,83411.398, 5.540,5564
11100,83417.250, 5.855,5564
11101,83423.758, 6.504,5564
11102,83430.656, 6.897,5564
11103,83436.688, 6.030,5564
11104,83442.242, 5.560,5564
11105,83448.766, 6.521,5564
11106,83455.305, 6.540,5564
11107,83461.258, 5.951,5564
11108,83467.133, 5.876,5564
11109,83472.625, 5.495,5564
11110,83478.234, 5.609,5564
11111,83484.086, 5.845,5564
11112,83489.898, 5.820,5564
11113,83496.023, 6.116,5564
11114,83502.930, 6.914,5564
11115,83509.594, 6.664,5564
11116,83515.414, 5.813,5564
11117,83521.031, 5.614,5564
11118,83526.852, 5.831,5564
11119,83533.328, 6.477,5564
11120,83538.945, 5.616,5564
11121,83544.641, 5.693,5564
11122,83550.531, 5.892,5564
11123,83556.609, 6.080,5564
11124,83562.969, 6.362,5564
11125,83568.711, 5.730,5564
11126,83575.070, 6.360,5564
11127,83580.680, 5.608,5564
11128,83586.359, 5.685,5564
11129,83591.914, 5.560,5564
11130,83597.898, 5.982,5564
11131,83603.547, 5.645,5564
11132,83609.047, 5.503,5564
11133,83614.656, 5.614,5564
11134,83620.406, 5.742,5564
11135,83626.102, 5.698,5564
11136,83631.836, 5.737,5564
11137,83637.578, 5.739,5564
11138,83643.352, 5.771,5564
11139,83649.023, 5.668,5564
11140,83654.531, 5.514,5564
11141,83660.203, 5.675,5564
11142,83665.719, 5.509,5564
11143,83672.398, 6.682,5564
11144,83677.930, 5.538,5564
11145,83683.539, 5.605,5564
11146,83689.211, 5.671,5564
11147,83694.742, 5.532,5564
11148,83700.742, 5.995,5564
11149,83707.148, 6.409,5564
11150,83713.555, 6.413,5564
11151,83720.102, 6.539,5564
11152,83725.930, 5.832,5564
11153,83732.055, 6.122,5564
11154,83737.766, 5.710,5564
11155,83744.188, 6.422,5564
11156,83750.688, 6.497,5564
11157,83757.578, 6.899,5564
11158,83764.617, 7.038,5564
11159,83770.914, 6.293,5564
11160,83777.656, 6.747,5564
11161,83783.734, 6.073,5564
11162,83789.820, 6.086,5564
11163,83795.680, 5.855,5564
11164,83801.875, 6.201,5564
11165,83811.586, 9.716,5564
11166,83819.297, 7.712,5564
11167,83826.203, 6.901,5564
11168,83832.398, 6.194,5564
11169,83839.266, 6.869,5564
11170,83845.313, 6.053,5564
11171,83851.305, 5.988,5564
11172,83858.813, 7.506,5564
11173,83865.367, 6.551,5564
11174,83872.953, 7.595,5564
11175,83879.297, 6.341,5564
11176,83886.258, 6.957,5564
11177,83892.047, 5.784,5564
11178,83897.828, 5.786,5564
11179,83903.398, 5.572,5564
11180,83908.961, 5.561,5564
11181,83914.922, 5.967,5564
11182,83921.703, 6.769,5564
11183,83927.492, 5.800,5564
11184,83933.180, 5.681,5564
11185,83938.648, 5.477,5564
11186,83944.547, 5.896,5564
11187,83950.078, 5.529,5564
11188,83956.477, 6.397,5564
11189,83962.750, 6.275,5564
11190,83968.359, 5.606,5564
11191,83974.070, 5.713,5564
11192,83979.695, 5.619,5564
11193,83985.703, 6.013,5564
11194,83991.289, 5.589,5564
11195,83996.867, 5.579,5564
11196,84002.430, 5.557,5564
11197,84008.008, 5.580,5564
11198,84014.492, 6.483,5564
11199,84020.734, 6.239,5564
11200,84026.695, 5.964,5564
11201,84032.453, 5.762,5564
11202,84038.148, 5.697,5564
11203,84043.875, 5.728,5564
11204,84049.453, 5.572,5564
11205,84054.945, 5.495,5564
11206,84060.703, 5.754,5564
11207,84066.359, 5.657,5564
11208,84072.992, 6.634,5564
11209,84078.547, 5.554,5564
11210,84084.531, 5.984,5564
11211,84090.281, 5.754,5564
11212,84095.859, 5.573,5564
11213,84101.258, 5.406,5564
11214,84106.758, 5.496,5564
11215,84113.227, 6.467,5564
11216,84118.797, 5.573,5564
11217,84124.492, 5.695,5564
11218,84130.594, 6.106,5564
11219,84136.305, 5.708,5564
11220,84142.234, 5.930,5564
11221,84149.227, 6.989,5564
11222,84154.859, 5.636,5564
11223,84160.727, 5.863,5564
11224,84166.164, 5.436,5564
11225,84171.781, 5.619,5564
11226,84177.266, 5.490,5564
11227,84182.844, 5.571,5564
11228,84189.102, 6.259,5564
11229,84195.820, 6.721,5564
11230,84202.055, 6.228,5564
11231,84207.852, 5.802,5564
11232,84213.539, 5.691,5564
11233,84220.102, 6.560,5564
11234,84226.023, 5.917,5564
11235,84232.148, 6.132,5564
11236,84238.313, 6.167,5564
11237,84244.117, 5.801,5564
11238,84249.891, 5.769,5564
11239,84256.727, 6.833,5564
11240,84262.406, 5.686,5564
11241,84268.078, 5.671,5564
11242,84274.398, 6.317,5564
11243,84280.055, 5.654,5564
11244,84286.789, 6.737,5564
11245,84292.523, 5.738,5564
11246,84298.313, 5.790,5564
11247,84303.953, 5.641,5564
11248,84309.930, 5.978,5564
11249,84315.734, 5.799,5564
11250,84321.422, 5.687,5564
11251,84328.430, 7.005,5564
11252,84334.227, 5.803,5564
11253,84340.750, 6.519,5564
11254,84346.609, 5.869,5564
11255,84352.586, 5.969,5564
11256,84358.656, 6.078,5564
11257,84364.617, 5.960,5564
11258,84370.797, 6.173,5564
11259,84377.977, 7.186,5564
11260,84383.906, 5.922,5564
11261,84389.906, 6.007,5564
11262,84396.617, 6.712,5564
11263,84402.711, 6.081,5564
11264,84408.648, 5.945,5564
11265,84414.852, 6.200,5564
11266,84421.688, 6.835,5564
11267,84427.648, 5.968,5564
11268,84433.734, 6.076,5564
11269,84440.852, 7.128,5564
11270,84447.875, 7.024,5564
11271,84454.102, 6.218,5564
11272,84460.164, 6.070,5564
11273,84467.172, 7.004,5564
11274,84473.242, 6.073,5564
11275,84479.297, 6.057,5564
11276,84486.945, 7.644,5564
11277,84493.555, 6.608,5564
11278,84499.906, 6.351,5564
11279,84506.406, 6.501,5564
11280,84512.781, 6.375,5564
11281,84520.500, 7.719,5564
11282,84527.188, 6.687,5564
11283,84532.797, 5.611,5564
11284,84538.422, 5.620,5564
11285,84544.398, 5.979,5564
11286,84550.633, 6.241,5564
11287,84557.508, 6.872,5564
11288,84563.469, 5.961,5564
11289,84571.141, 7.670,5564
11290,84577.383, 6.241,5564
11291,84584.523, 7.143,5564
11292,84590.367, 5.842,5564
11293,84595.992, 5.632,5564
11294,84602.727, 6.725,5564
11295,84608.352, 5.622,5564
11296,84613.984, 5.646,5564
11297,84619.703, 5.710,5564
11298,84625.438, 5.734,5564
11299,84631.414, 5.979,5564
11300,84638.398, 6.981,5564
11301,84644.266, 5.872,5564
11302,84650.055, 5.780,5564
11303,84656.063, 6.009,5564
11304,84661.828, 5.767,5564
11305,84667.742, 5.918,5564
11306,84673.711, 5.963,5564
11307,84679.523, 5.818,5564
11308,84685.383, 5.857,5564
11309,84691.164, 5.785,5564
11310,84696.945, 5.786,5564
11311,84702.563, 5.611,5564
11312,84708.453, 5.887,5564
11313,84715.945, 7.502,5564
11314,84722.563, 6.614,5564
11315,84728.203, 5.637,5564
11316,84735.516, 7.311,5564
11317,84741.102, 5.585,5564
11318,84746.641, 5.548,5564
11319,84752.414, 5.766,5564
11320,84759.211, 6.799,5564
11321,84765.203, 5.995,5564
11322,84770.992, 5.787,5564
11323,84777.461, 6.470,5564
11324,84783.250, 5.786,5564
11325,84788.938, 5.694,5564
11326,84794.516, 5.575,5564
11327,84801.125, 6.604,5564
11328,84807.156, 6.030,5564
11329,84812.805, 5.654,5564
11330,84818.695, 5.889,5564
11331,84824.461, 5.767,5564
11332,84830.039, 5.577,5564
11333,84835.781, 5.738,5564
11334,84841.359, 5.577,5564
11335,84847.078, 5.722,5564
11336,84852.656, 5.580,5564
11337,84858.492, 5.837,5564
11338,84865.672, 7.174,5564
11339,84871.523, 5.861,5564
11340,84877.125, 5.600,5564
11341,84882.773, 5.640,5564
11342,84889.297, 6.533,5564
11343,84895.852, 6.548,5564
11344,84902.188, 6.339,5564
11345,84907.867, 5.678,5564
11346,84913.539, 5.677,5564
11347,84919.313, 5.770,5564
11348,84925.250, 5.937,5564
11349,84931.172, 5.923,5564
11350,84937.055, 5.876,5564
11351,84943.359, 6.308,5564
11352,84950.391, 7.034,5564
11353,84958.039, 7.648,5564
11354,84964.242, 6.205,5564
11355,84970.945, 6.703,5564
11356,84977.164, 6.214,5564
11357,84983.281, 6.124,5564
11358,84989.555, 6.274,5564
11359,84995.578, 6.022,5564
11360,85001.367, 5.779,5564
11361,85006.930, 5.568,5564
11362,85013.031, 6.102,5564
11363,85018.898, 5.873,5564
11364,85024.734, 5.832,5564
11365,85030.781, 6.042,5564
11366,85036.836, 6.061,5564
11367,85042.828, 5.989,5564
11368,85048.773, 5.943,5564
11369,85054.523, 5.753,5564
11370,85060.047, 5.519,5564
11371,85065.938, 5.902,5564
11372,85071.781, 5.837,5564
11373,85078.102, 6.315,5564
11374,85084.016, 5.915,5564
11375,85089.969, 5.962,5564
11376,85097.008, 7.028,5564
11377,85103.203, 6.203,5564
11378,85109.469, 6.261,5564
11379,85115.703, 6.235,5564
11380,85122.008, 6.304,5564
11381,85128.195, 6.191,5564
11382,85134.195, 6.005,5564
11383,85140.531, 6.333,5564
11384,85147.359, 6.822,5564
11385,85153.422, 6.068,5564
11386,85160.156, 6.732,5564
11387,85166.453, 6.298,5564
11388,85174.055, 7.597,5564
11389,85180.867, 6.816,5564
11390,85188.164, 7.301,5564
11391,85194.367, 6.200,5564
11392,85201.047, 6.674,5564
11393,85207.813, 6.769,5564
11394,85215.281, 7.470,5564
11395,85222.242, 6.967,5564
11396,85227.969, 5.728,5564
11397,85233.875, 5.900,5564
11398,85240.031, 6.150,5564
11399,85246.781, 6.754,5564
11400,85252.469, 5.691,5564
11401,85258.109, 5.635,5564
11402,85263.641, 5.540,5564
11403,85269.461, 5.816,5564
11404,85275.313, 5.858,5564
11405,85280.977, 5.659,5564
11406,85287.313, 6.338,5564
11407,85293.297, 5.987,5564
11408,85300.055, 6.749,5564
11409,85305.953, 5.905,5564
11410,85311.828, 5.870,5564
11411,85317.828, 5.997,5564
11412,85323.570, 5.745,5564
11413,85330.453, 6.879,5564
11414,85337.703, 7.252,5564
11415,85344.188, 6.491,5564
11416,85349.922, 5.733,5564
11417,85355.578, 5.657,5564
11418,85361.703, 6.118,5564
11419,85367.375, 5.675,5564
11420,85374.320, 6.952,5564
11421,85380.141, 5.813,5564
11422,85385.734, 5.595,5564
11423,85393.477, 7.745,5564
11424,85399.430, 5.945,5564
11425,85405.203, 5.776,5564
11426,85410.867, 5.669,5564
11427,85417.563, 6.696,5564
11428,85423.438, 5.872,5564
11429,85429.367, 5.926,5564
11430,85435.344, 5.977,5564
11431,85442.016, 6.675,5564
11432,85447.922, 5.906,5564
11433,85453.555, 5.634,5564
11434,85459.500, 5.943,5564
11435,85465.234, 5.741,5564
11436,85470.656, 5.425,5564
11437,85476.313, 5.653,5564
11438,85482.344, 6.021,5564
11439,85488.297, 5.964,5564
11440,85495.297, 7.001,5564
11441,85501.391, 6.084,5564
11442,85507.203, 5.815,5564
11443,85513.141, 5.942,5564
11444,85519.008, 5.861,5564
11445,85524.797, 5.794,5564
11446,85530.570, 5.770,5564
11447,85536.266, 5.700,5564
11448,85542.070, 5.797,5564
11449,85548.656, 6.592,5564
11450,85554.359, 5.702,5564
11451,85560.406, 6.047,5564
11452,85566.195, 5.792,5564
11453,85572.570, 6.371,5564
11454,85579.289, 6.720,5564
11455,85585.797, 6.505,5564
11456,85591.906, 6.115,5564
11457,85597.836, 5.929,5564
11458,85603.813, 5.972,5564
11459,85609.648, 5.837,5564
11460,85615.586, 5.938,5564
11461,85621.523, 5.939,5564
11462,85627.477, 5.955,5564
11463,85634.133, 6.652,5564
11464,85639.922, 5.796,5564
11465,85646.656, 6.728,5564
11466,85653.594, 6.939,5564
11467,85660.320, 6.728,5564
11468,85666.203, 5.882,5564
11469,85672.016, 5.806,5564
11470,85678.055, 6.041,5564
11471,85684.227, 6.176,5564
11472,85690.547, 6.317,5564
11473,85696.688, 6.136,5564
11474,85704.094, 7.410,5564
11475,85712.430, 8.334,5564
11476,85719.195, 6.769,5564
11477,85725.523, 6.327,5564
11478,85731.875, 6.355,5564
11479,85738.680, 6.800,5564
11480,85745.219, 6.547,5564
11481,85752.063, 6.840,5564
11482,85758.469, 6.405,5564
11483,85765.180, 6.709,5564
11484,85771.680, 6.497,5564
11485,85778.070, 6.396,5564
11486,85784.273, 6.202,5564
11487,85791.398, 7.124,5564
11488,85799.547, 8.154,5564
11489,85807.094, 7.546,5564
11490,85814.211, 7.118,5564
11491,85820.953, 6.740,5564
11492,85826.828, 5.872,5564
11493,85832.805, 5.978,5564
11494,85838.688, 5.880,5564
11495,85844.516, 5.830,5564
11496,85850.258, 5.744,5564
11497,85856.867, 6.614,5564
11498,85863.727, 6.852,5564
11499,85870.219, 6.495,5564
11500,85876.891, 6.675,5564
11501,85882.563, 5.671,5564
11502,85888.359, 5.792,5564
11503,85895.023, 6.663,5564
11504,85900.844, 5.824,5564
11505,85906.883, 6.042,5564
11506,85912.844, 5.955,5564
11507,85918.805, 5.964,5564
11508,85924.836, 6.033,5564
11509,85930.648, 5.812,5564
11510,85936.406, 5.755,5564
11511,85942.914, 6.512,5564
11512,85949.641, 6.730,5564
11513,85956.422, 6.773,5564
11514,85962.086, 5.667,5564
11515,85967.953, 5.871,5564
11516,85973.625, 5.673,5564
11517,85979.469, 5.840,5564
11518,85985.391, 5.915,5564
11519,85991.648, 6.269,5564
11520,85997.594, 5.940,5564
11521,86003.523, 5.926,5564
11522,86009.367, 5.844,5564
11523,86016.195, 6.828,5564
11524,86022.094, 5.898,5564
11525,86028.273, 6.184,5564
11526,86034.930, 6.658,5564
11527,86040.852, 5.923,5564
11528,86046.500, 5.645,5564
11529,86053.336, 6.827,5564
11530,86059.164, 5.837,5564
11531,86065.008, 5.840,5564
11532,86071.320, 6.319,5564
11533,86077.352, 6.027,5564
11534,86084.367, 7.010,5564
11535,86092.578, 8.219,5564
11536,86100.094, 7.510,5564
11537,86106.023, 5.926,5564
11538,86112.070, 6.053,5564
11539,86117.914, 5.846,5564
11540,86123.969, 6.058,5564
11541,86130.352, 6.377,5564
11542,86136.711, 6.356,5564
11543,86142.742, 6.030,5564
11544,86149.422, 6.686,5564
11545,86155.789, 6.363,5564
11546,86161.555, 5.772,5564
11547,86167.430, 5.870,5564
11548,86173.297, 5.871,5564
11549,86179.148, 5.849,5564
11550,86185.078, 5.925,5564
11551,86191.953, 6.885,5564
11552,86197.930, 5.978,5564
11553,86203.781, 5.845,5564
11554,86210.727, 6.947,5564
11555,86217.398, 6.671,5564
11556,86223.000, 5.597,5564
11557,86229.695, 6.697,5564
11558,86236.297, 6.606,5564
11559,86242.641, 6.349,5564
11560,86249.172, 6.522,5564
11561,86255.242, 6.075,5564
11562,86261.375, 6.131,5564
11563,86267.320, 5.949,5564
11564,86273.289, 5.969,5564
11565,86278.977, 5.691,5564
11566,86284.961, 5.977,5564
11567,86291.430, 6.467,5564
11568,86297.883, 6.458,5564
11569,86304.070, 6.179,5564
11570,86310.445, 6.379,5564
11571,86316.516, 6.068,5564
11572,86322.797, 6.284,5564
11573,86329.172, 6.375,5564
11574,86335.266, 6.101,5564
11575,86341.984, 6.714,5564
11576,86348.375, 6.383,5564
11577,86354.781, 6.414,5564
11578,86361.258, 6.478,5564
11579,86367.711, 6.449,5564
11580,86373.703, 5.992,5564
11581,86380.148, 6.443,5564
11582,86386.242, 6.102,5564
11583,86392.531, 6.281,5564
11584,86399.805, 7.275,5564
11585,86406.406, 6.601,5564
11586,86412.945, 6.548,5564
11587,86420.273, 7.325,5564
11588,86427.352, 7.068,5564
11589,86433.094, 5.748,5564
11590,86439.008, 5.914,5564
11591,86445.336, 6.329,5564
11592,86451.570, 6.237,5564
11593,86459.289, 7.719,5564
11594,86466.422, 7.127,5564
11595,86473.805, 7.387,5564
11596,86480.039, 6.233,5564
11597,86487.063, 7.025,5564
11598,86493.414, 6.345,5564
11599,86499.523, 6.116,5564
11600,86505.445, 5.920,5564
11601,86511.313, 5.873,5564
11602,86517.195, 5.879,5564
11603,86523.828, 6.627,5564
11604,86530.523, 6.697,5564
11605,86536.609, 6.088,5564
11606,86542.773, 6.162,5564
11607,86548.766, 5.996,5564
11608,86555.320, 6.555,5564
11609,86561.336, 6.007,5564
11610,86567.563, 6.238,5564
11611,86573.477, 5.913,5564
11612,86579.414, 5.930,5564
11613,86585.531, 6.125,5564
11614,86592.219, 6.685,5564
11615,86598.117, 5.893,5564
11616,86603.727, 5.610,5564
11617,86609.656, 5.936,5564
11618,86615.570, 5.914,5564
11619,86621.461, 5.888,5564
11620,86627.055, 5.594,5564
11621,86633.078, 6.021,5564
11622,86639.031, 5.950,5564
11623,86646.242, 7.219,5564
11624,86652.180, 5.931,5564
11625,86658.797, 6.617,5564
11626,86664.555, 5.762,5564
11627,86671.203, 6.653,5564
11628,86676.977, 5.775,5564
11629,86682.680, 5.690,5564
11630,86688.344, 5.669,5564
11631,86694.977, 6.642,5564
11632,86700.836, 5.855,5564
11633,86707.570, 6.736,5564
11634,86713.469, 5.891,5564
11635,86719.414, 5.947,5564
11636,86724.961, 5.547,5564
11637,86730.688, 5.723,5564
11638,86736.492, 5.812,5564
11639,86742.617, 6.128,5564
11640,86749.492, 6.872,5564
11641,86755.477, 5.978,5564
11642,86761.563, 6.089,5564
11643,86767.516, 5.957,5564
11644,86773.289, 5.771,5564
11645,86779.055, 5.759,5564
11646,86784.766, 5.712,5564
11647,86790.695, 5.928,5564
11648,86796.359, 5.670,5564
11649,86802.320, 5.966,5564
11650,86808.227, 5.901,5564
11651,86814.766, 6.538,5564
11652,86821.109, 6.343,5564
11653,86827.305, 6.198,5564
11654,86833.922, 6.618,5564
11655,86840.969, 7.051,5564
11656,86847.680, 6.701,5564
11657,86854.188, 6.512,5564
11658,86860.414, 6.227,5564
11659,86867.063, 6.649,5564
11660,86873.313, 6.256,5564
11661,86879.234, 5.921,5564
11662,86885.164, 5.926,5564
11663,86891.188, 6.021,5564
11664,86897.758, 6.572,5564
11665,86903.930, 6.176,5564
11666,86909.758, 5.824,5564
11667,86915.828, 6.067,5564
11668,86921.742, 5.914,5564
11669,86927.742, 5.997,5564
11670,86933.570, 5.833,5564
11671,86939.484, 5.915,5564
11672,86945.250, 5.769,5564
11673,86951.336, 6.075,5564
11674,86957.203, 5.871,5564
11675,86962.852, 5.650,5564
11676,86969.125, 6.278,5564
11677,86975.594, 6.469,5564
11678,86981.648, 6.055,5564
11679,86987.680, 6.022,5564
11680,86994.086, 6.411,5564
11681,87000.398, 6.311,5564
11682,87008.492, 8.097,5564
11683,87014.563, 6.072,5564
11684,87020.844, 6.279,5564
11685,87026.953, 6.112,5564
11686,87034.180, 7.221,5564
11687,87040.352, 6.170,5564
11688,87046.563, 6.213,5564
11689,87052.539, 5.982,5564
11690,87058.484, 5.943,5564
11691,87064.438, 5.951,5564
11692,87070.352, 5.915,5564
11693,87076.891, 6.539,5564
11694,87083.570, 6.682,5564
11695,87090.563, 6.994,5564
11696,87097.313, 6.753,5564
11697,87103.375, 6.056,5564
11698,87110.273, 6.905,5564
11699,87117.125, 6.842,5564
11700,87123.383, 6.255,5564
11701,87130.391, 7.015,5564
11702,87137.859, 7.471,5564
11703,87144.336, 6.468,5564
11704,87150.164, 5.832,5564
11705,87155.914, 5.752,5564
11706,87161.805, 5.888,5564
11707,87169.109, 7.303,5564
11708,87174.852, 5.750,5564
11709,87181.406, 6.547,5564
11710,87187.938, 6.534,5564
11711,87193.641, 5.709,5564
11712,87199.680, 6.032,5564
11713,87205.539, 5.860,5564
11714,87211.398, 5.855,5564
11715,87218.383, 6.990,5564
11716,87225.281, 6.899,5564
11717,87232.625, 7.343,5564
11718,87239.563, 6.941,5564
11719,87245.719, 6.152,5564
11720,87252.336, 6.617,5564
11721,87258.070, 5.729,5564
11722,87263.820, 5.755,5564
11723,87269.602, 5.783,5564
11724,87275.461, 5.856,5564
11725,87281.344, 5.879,5564
11726,87288.336, 6.996,5564
11727,87294.641, 6.308,5564
11728,87300.477, 5.832,5564
11729,87307.094, 6.620,5564
11730,87313.836, 6.746,5564
11731,87319.711, 5.869,5564
11732,87325.695, 5.984,5564
11733,87331.734, 6.042,5564
11734,87337.508, 5.774,5564
11735,87344.359, 6.851,5564
11736,87350.031, 5.670,5564
11737,87356.758, 6.730,5564
11738,87363.477, 6.720,5564
11739,87369.289, 5.810,5564
11740,87375.086, 5.796,5564
11741,87380.914, 5.834,5564
11742,87386.719, 5.798,5564
11743,87392.672, 5.952,5564
11744,87398.719, 6.044,5564
11745,87405.594, 6.882,5564
11746,87412.461, 6.866,5564
11747,87419.367, 6.907,5564
11748,87425.070, 5.701,5564
11749,87431.445, 6.374,5564
11750,87437.102, 5.660,5564
11751,87442.867, 5.768,5564
11752,87448.531, 5.662,5564
11753,87454.258, 5.731,5564
11754,87459.828, 5.564,5564
11755,87466.336, 6.506,5564
11756,87473.070, 6.737,5564
11757,87478.695, 5.618,5564
11758,87484.414, 5.723,5564
11759,87491.055, 6.637,5564
11760,87497.344, 6.293,5564
11761,87504.289, 6.954,5564
11762,87510.117, 5.823,5564
11763,87516.641, 6.527,5564
11764,87522.938, 6.292,5564
11765,87528.617, 5.681,5564
11766,87534.664, 6.042,5564
11767,87541.367, 6.705,5564
11768,87547.273, 5.907,5564
11769,87553.414, 6.136,5564
11770,87559.211, 5.806,5564
11771,87565.188, 5.973,5564
11772,87571.922, 6.733,5564
11773,87578.984, 7.070,5564
11774,87585.359, 6.367,5564
11775,87593.133, 7.772,5564
11776,87602.578, 9.453,5564
11777,87610.133, 7.549,5564
11778,87617.125, 6.995,5564
11779,87625.664, 8.530,5564
11780,87632.711, 7.055,5564
11781,87639.031, 6.317,5564
11782,87645.133, 6.105,5564
11783,87652.352, 7.217,5564
11784,87658.773, 6.419,5564
11785,87664.859, 6.091,5564
11786,87670.844, 5.980,5564
11787,87677.117, 6.275,5564
11788,87684.188, 7.074,5564
11789,87690.406, 6.213,5564
11790,87696.984, 6.588,5564
11791,87703.125, 6.132,5564
11792,87710.563, 7.441,5564
11793,87717.523, 6.958,5564
11794,87724.125, 6.600,5564
11795,87730.594, 6.470,5564
11796,87737.281, 6.691,5564
11797,87743.883, 6.602,5564
11798,87749.555, 5.674,5564
11799,87755.195, 5.640,5564
11800,87761.297, 6.104,5564
11801,87767.250, 5.953,5564
11802,87772.961, 5.704,5564
11803,87778.695, 5.731,5564
11804,87784.359, 5.667,5564
11805,87791.297, 6.940,5564
11806,87797.070, 5.771,5564
11807,87803.180, 6.114,5564
11808,87809.297, 6.117,5564
11809,87816.109, 6.810,5564
11810,87823.055, 6.945,5564
11811,87828.844, 5.786,5564
11812,87834.703, 5.862,5564
11813,87840.461, 5.754,5564
11814,87846.922, 6.465,5564
11815,87853.273, 6.356,5564
11816,87859.766, 6.482,5564
11817,87865.883, 6.123,5564
11818,87872.547, 6.668,5564
11819,87878.164, 5.609,5564
11820,87884.680, 6.519,5564
11821,87891.117, 6.435,5564
11822,87897.719, 6.603,5564
11823,87903.391, 5.669,5564
11824,87909.930, 6.547,5564
11825,87915.750, 5.818,5564
11826,87921.953, 6.205,5564
11827,87928.852, 6.899,5564
11828,87934.836, 5.984,5564
11829,87940.602, 5.766,5564
11830,87947.406, 6.800,5564
11831,87953.414, 6.006,5564
11832,87959.219, 5.807,5564
11833,87966.289, 7.071,5564
11834,87973.117, 6.826,5564
11835,87980.594, 7.480,5564
11836,87988.477, 7.884,5564
11837,87995.461, 6.981,5564
11838,88001.781, 6.316,5564
11839,88008.695, 6.915,5564
11840,88015.203, 6.514,5564
11841,88023.430, 8.219,5564
11842,88029.813, 6.384,5564
11843,88035.844, 6.034,5564
11844,88042.758, 6.914,5564
11845,88048.734, 5.978,5564
11846,88054.664, 5.929,5564
11847,88061.555, 6.897,5564
11848,88067.406, 5.841,5564
11849,88073.852, 6.448,5564
11850,88079.586, 5.737,5564
11851,88085.703, 6.118,5564
11852,88092.258, 6.553,5564
11853,88098.984, 6.731,5564
11854,88105.000, 6.006,5564
11855,88110.781, 5.783,5564
11856,88116.469, 5.688,5564
11857,88122.336, 5.864,5564
11858,88128.289, 5.964,5564
11859,88134.594, 6.307,5564
11860,88141.133, 6.530,5564
11861,88147.906, 6.781,5564
11862,88154.820, 6.908,5564
11863,88161.016, 6.189,5564
11864,88167.156, 6.148,5564
11865,88174.906, 7.752,5564
11866,88180.922, 6.019,5564
11867,88187.117, 6.188,5564
11868,88193.195, 6.078,5564
11869,88199.898, 6.704,5564
11870,88206.391, 6.487,5564
11871,88212.938, 6.556,5564
11872,88219.141, 6.203,5564
11873,88226.078, 6.930,5564
11874,88232.266, 6.198,5564
11875,88239.078, 6.806,5564
11876,88246.594, 7.517,5564
11877,88253.156, 6.558,5564
11878,88260.289, 7.138,5564
11879,88266.914, 6.623,5564
11880,88273.258, 6.349,5564
11881,88279.336, 6.071,5564
11882,88285.320, 5.990,5564
11883,88291.727, 6.400,5564
11884,88297.898, 6.177,5564
11885,88304.031, 6.125,5564
11886,88310.578, 6.551,5564
11887,88317.016, 6.439,5564
11888,88324.602, 7.588,5564
11889,88332.297, 7.699,5564
11890,88338.523, 6.222,5564
11891,88345.758, 7.231,5564
11892,88351.492, 5.736,5564
11893,88357.953, 6.463,5564
11894,88365.078, 7.125,5564
11895,88371.438, 6.357,5564
11896,88377.500, 6.065,5564
11897,88383.305, 5.810,5564
11898,88389.094, 5.782,5564
11899,88394.867, 5.773,5564
11900,88400.680, 5.807,5564
11901,88406.438, 5.767,5564
11902,88412.258, 5.818,5564
11903,88418.359, 6.098,5564
11904,88425.141, 6.787,5564
11905,88431.102, 5.958,5564
11906,88437.727, 6.622,5564
11907,88443.453, 5.730,5564
11908,88449.891, 6.443,5564
11909,88455.953, 6.059,5564
11910,88461.898, 5.943,5564
11911,88467.742, 5.840,5564
11912,88473.539, 5.800,5564
11913,88479.359, 5.820,5564
11914,88484.977, 5.625,5564
11915,88490.695, 5.706,5564
11916,88496.516, 5.831,5564
11917,88502.250, 5.732,5564
11918,88509.219, 6.966,5564
11919,88515.180, 5.964,5564
11920,88520.734, 5.547,5564
11921,88526.477, 5.750,5564
11922,88532.281, 5.803,5564
11923,88537.938, 5.654,5564
11924,88543.602, 5.668,5564
11925,88549.398, 5.790,5564
11926,88555.492, 6.097,5564
11927,88561.320, 5.832,5564
11928,88567.086, 5.761,5564
11929,88572.945, 5.861,5564
11930,88578.648, 5.706,5564
11931,88584.477, 5.824,5564
11932,88590.461, 5.986,5564
11933,88597.070, 6.604,5564
11934,88602.625, 5.561,5564
11935,88608.195, 5.573,5564
11936,88613.922, 5.729,5564
11937,88619.750, 5.821,5564
11938,88625.375, 5.621,5564
11939,88631.000, 5.623,5564
11940,88637.336, 6.338,5564
11941,88643.055, 5.722,5564
11942,88648.742, 5.683,5564
11943,88654.422, 5.686,5564
11944,88660.609, 6.188,5564
11945,88667.500, 6.888,5564
11946,88673.227, 5.733,5564
11947,88679.031, 5.798,5564
11948,88684.648, 5.624,5564
11949,88690.352, 5.693,5564
11950,88695.875, 5.526,5564
11951,88701.523, 5.653,5564
11952,88707.227, 5.702,5564
11953,88712.875, 5.650,5564
11954,88718.555, 5.677,5564
11955,88724.125, 5.571,5564
11956,88729.883, 5.756,5564
11957,88736.852, 6.972,5564
11958,88744.578, 7.728,5564
11959,88750.891, 6.312,5564
11960,88756.953, 6.064,5564
11961,88762.906, 5.953,5564
11962,88768.945, 6.034,5564
11963,88774.938, 5.996,5564
11964,88780.781, 5.839,5564
11965,88786.516, 5.739,5564
11966,88792.398, 5.878,5564
11967,88798.391, 5.993,5564
11968,88804.219, 5.833,5564
11969,88809.984, 5.764,5564
11970,88815.688, 5.698,5564
11971,88822.375, 6.685,5564
11972,88828.031, 5.659,5564
11973,88833.773, 5.746,5564
11974,88839.484, 5.711,5564
11975,88846.117, 6.630,5564
11976,88851.906, 5.792,5564
11977,88857.813, 5.908,5564
11978,88864.305, 6.495,5564
11979,88870.742, 6.429,5564
11980,88877.594, 6.856,5564
11981,88883.570, 5.979,5564
11982,88889.563, 5.987,5564
11983,88895.500, 5.940,5564
11984,88902.508, 7.009,5564
11985,88909.766, 7.254,5564
11986,88915.984, 6.224,5564
11987,88922.156, 6.170,5564
11988,88928.578, 6.422,5564
11989,88934.641, 6.066,5564
11990,88941.672, 7.023,5564
11991,88948.492, 6.826,5564
11992,88955.703, 7.204,5564
11993,88961.703, 5.998,5564
11994,88967.727, 6.028,5564
11995,88974.141, 6.416,5564
11996,88980.961, 6.825,5564
11997,88987.109, 6.140,5564
11998,88993.367, 6.256,5564
11999,88999.813, 6.446,5564
12000,89005.813, 6.006,5564
12001,89011.883, 6.067,5564
12002,89017.977, 6.096,5564
12003,89024.375, 6.398,5564
12004,89031.688, 7.305,5564
12005,89038.938, 7.258,5564
12006,89045.516, 6.576,5564
12007,89051.477, 5.965,5564
12008,89058.359, 6.877,5564
12009,89064.117, 5.764,5564
12010,89069.766, 5.645,5564
12011,89075.539, 5.775,5564
12012,89082.648, 7.109,5564
12013,89088.602, 5.957,5564
12014,89094.461, 5.855,5564
12015,89100.125, 5.660,5564
12016,89105.781, 5.663,5564
12017,89111.609, 5.828,5564
12018,89118.281, 6.672,5564
12019,89126.078, 7.794,5564
12020,89133.250, 7.176,5564
12021,89139.133, 5.876,5564
12022,89144.836, 5.707,5564
12023,89150.688, 5.847,5564
12024,89156.492, 5.807,5564
12025,89162.133, 5.641,5564
12026,89168.023, 5.885,5564
12027,89173.938, 5.925,5564
12028,89179.922, 5.985,5564
12029,89186.281, 6.358,5564
12030,89192.297, 6.014,5564
12031,89198.242, 5.942,5564
12032,89203.969, 5.731,5564
12033,89210.766, 6.793,5564
12034,89216.672, 5.903,5564
12035,89222.531, 5.863,5564
12036,89229.219, 6.687,5564
12037,89235.148, 5.928,5564
12038,89241.000, 5.851,5564
12039,89246.859, 5.861,5564
12040,89252.609, 5.752,5564
12041,89258.273, 5.665,5564
12042,89263.906, 5.633,5564
12043,89269.547, 5.638,5564
12044,89275.313, 5.773,5564
12045,89281.063, 5.743,5564
12046,89287.008, 5.939,5564
12047,89293.188, 6.188,5564
12048,89299.227, 6.042,5564
12049,89305.125, 5.895,5564
12050,89311.680, 6.549,5564
12051,89318.617, 6.946,5564
12052,89324.313, 5.698,5564
12053,89330.953, 6.634,5564
12054,89336.758, 5.800,5564
12055,89342.477, 5.722,5564
12056,89349.352, 6.876,5564
12057,89355.109, 5.756,5564
12058,89361.797, 6.688,5564
12059,89367.703, 5.903,5564
12060,89373.430, 5.726,5564
12061,89379.164, 5.737,5564
12062,89384.852, 5.694,5564
12063,89390.453, 5.599,5564
12064,89396.609, 6.158,5564
12065,89403.469, 6.857,5564
12066,89409.305, 5.836,5564
12067,89415.195, 5.889,5564
12068,89420.883, 5.690,5564
12069,89426.492, 5.605,5564
12070,89432.227, 5.735,5564
12071,89437.984, 5.767,5564
12072,89444.406, 6.413,5564
12073,89450.242, 5.839,5564
12074,89456.031, 5.782,5564
12075,89461.781, 5.752,5564
12076,89467.750, 5.973,5564
12077,89473.523, 5.770,5564
12078,89479.547, 6.028,5564
12079,89485.555, 6.008,5564
12080,89491.523, 5.971,5564
12081,89499.398, 7.869,5564
12082,89507.281, 7.884,5564
12083,89513.969, 6.688,5564
12084,89519.859, 5.889,5564
12085,89525.727, 5.867,5564
12086,89531.570, 5.845,5564
12087,89537.523, 5.954,5564
12088,89543.563, 6.040,5564
12089,89549.523, 5.957,5564
12090,89555.234, 5.716,5564
12091,89561.844, 6.607,5564
12092,89567.508, 5.663,5564
12093,89573.313, 5.809,5564
12094,89579.289, 5.976,5564
12095,89585.234, 5.944,5564
12096,89591.063, 5.828,5564
12097,89596.922, 5.859,5564
12098,89602.898, 5.976,5564
12099,89609.750, 6.852,5564
12100,89616.438, 6.684,5564
12101,89623.172, 6.738,5564
12102,89630.133, 6.964,5564
12103,89637.023, 6.886,5564
12104,89644.172, 7.150,5564
12105,89651.633, 7.468,5564
12106,89657.844, 6.207,5564
12107,89663.969, 6.122,5564
12108,89670.102, 6.132,5564
12109,89676.914, 6.814,5564
12110,89683.109, 6.196,5564
12111,89690.344, 7.229,5564
12112,89696.625, 6.289,5564
12113,89702.813, 6.183,5564
12114,89709.164, 6.350,5564
12115,89715.703, 6.537,5564
12116,89721.844, 6.142,5564
12117,89728.219, 6.382,5564
12118,89734.570, 6.351,5564
12119,89740.883, 6.314,5564
12120,89747.109, 6.220,5564
12121,89753.422, 6.314,5564
12122,89759.789, 6.368,5564
12123,89765.570, 5.782,5564
12124,89771.438, 5.866,5564
12125,89777.125, 5.682,5564
12126,89782.945, 5.830,5564
12127,89788.609, 5.664,5564
12128,89794.367, 5.750,5564
12129,89799.953, 5.590,5564
12130,89806.617, 6.669,5564
12131,89812.922, 6.298,5564
12132,89820.117, 7.196,5564
12133,89826.188, 6.072,5564
12134,89832.102, 5.912,5564
12135,89837.852, 5.753,5564
12136,89843.625, 5.773,5564
12137,89850.547, 6.925,5564
12138,89857.211, 6.663,5564
12139,89863.367, 6.151,5564
12140,89869.969, 6.604,5564
12141,89875.844, 5.878,5564
12142,89883.602, 7.760,5564
12143,89891.414, 7.801,5564
12144,89897.594, 6.190,5564
12145,89904.422, 6.821,5564
12146,89910.234, 5.816,5564
12147,89915.883, 5.650,5564
12148,89921.922, 6.041,5564
12149,89928.305, 6.378,5564
12150,89934.055, 5.743,5564
12151,89940.336, 6.283,5564
12152,89946.930, 6.600,5564
12153,89953.086, 6.154,5564
12154,89959.055, 5.967,5564
12155,89965.234, 6.183,5564
12156,89971.336, 6.099,5564
12157,89977.445, 6.114,5564
12158,89983.539, 6.096,5564
12159,89989.281, 5.743,5564
12160,89995.008, 5.719,5564
12161,90001.219, 6.214,5564
12162,90007.172, 5.953,5564
12163,90012.820, 5.650,5564
12164,90018.414, 5.587,5564
12165,90024.305, 5.895,5564
12166,90030.539, 6.236,5564
12167,90036.391, 5.843,5564
12168,90042.266, 5.887,5564
12169,90048.148, 5.873,5564
12170,90053.875, 5.733,5564
12171,90059.703, 5.824,5564
12172,90065.313, 5.611,5564
12173,90071.250, 5.942,5564
12174,90077.023, 5.766,5564
12175,90082.680, 5.658,5564
12176,90088.445, 5.769,5564
12177,90094.430, 5.980,5564
12178,90100.070, 5.644,5564
12179,90105.828, 5.756,5564
12180,90111.602, 5.774,5564
12181,90118.164, 6.563,5564
12182,90123.828, 5.663,5564
12183,90129.859, 6.032,5564
12184,90136.164, 6.302,5564
12185,90142.852, 6.694,5564
12186,90148.719, 5.863,5564
12187,90155.469, 6.749,5564
12188,90161.359, 5.888,5564
12189,90167.289, 5.937,5564
12190,90173.461, 6.171,5564
12191,90179.484, 6.021,5564
12192,90185.484, 6.001,5564
12193,90191.508, 6.022,5564
12194,90198.219, 6.714,5564
12195,90205.242, 7.022,5564
12196,90211.422, 6.179,5564
12197,90217.430, 6.005,5564
12198,90223.750, 6.322,5564
12199,90229.977, 6.230,5564
12200,90237.313, 7.340,5564
12201,90243.953, 6.641,5564
12202,90250.602, 6.643,5564
12203,90257.234, 6.633,5564
12204,90265.703, 8.466,5564
12205,90272.508, 6.803,5564
12206,90279.484, 6.981,5564
12207,90285.922, 6.435,5564
12208,90293.438, 7.517,5564
12209,90299.766, 6.329,5564
12210,90307.016, 7.243,5564
12211,90313.141, 6.127,5564
12212,90319.453, 6.314,5564
12213,90325.922, 6.471,5564
12214,90332.609, 6.691,5564
12215,90339.203, 6.590,5564
12216,90346.406, 7.198,5564
12217,90353.031, 6.624,5564
12218,90359.039, 6.013,5564
12219,90365.773, 6.732,5564
12220,90371.594, 5.827,5564
12221,90377.398, 5.799,5564
12222,90383.906, 6.515,5564
12223,90389.703, 5.788,5564
12224,90395.281, 5.585,5564
12225,90401.719, 6.432,5564
12226,90407.430, 5.708,5564
12227,90413.188, 5.766,5564
12228,90419.039, 5.845,5564
12229,90426.117, 7.085,5564
12230,90431.867, 5.751,5564
12231,90438.617, 6.748,5564
12232,90444.531, 5.913,5564
12233,90450.750, 6.217,5564
12234,90456.711, 5.959,5564
12235,90462.492, 5.786,5564
12236,90468.344, 5.850,5564
12237,90474.969, 6.625,5564
12238,90481.680, 6.708,5564
12239,90487.469, 5.790,5564
12240,90493.227, 5.764,5564
12241,90500.148, 6.918,5564
12242,90506.258, 6.111,5564
12243,90512.063, 5.798,5564
12244,90517.961, 5.907,5564
12245,90523.742, 5.773,5564
12246,90529.484, 5.744,5564
12247,90535.313, 5.831,5564
12248,90542.102, 6.784,5564
12249,90547.867, 5.772,5564
12250,90553.813, 5.942,5564
12251,90560.852, 7.043,5564
12252,90566.742, 5.888,5564
12253,90573.711, 6.963,5564
12254,90579.609, 5.907,5564
12255,90585.469, 5.857,5564
12256,90591.273, 5.805,5564
12257,90597.141, 5.869,5564
12258,90603.148, 6.008,5564
12259,90608.906, 5.754,5564
12260,90614.820, 5.913,5564
12261,90620.602, 5.789,5564
12262,90626.359, 5.745,5564
12263,90632.148, 5.797,5564
12264,90638.828, 6.676,5564
12265,90645.930, 7.108,5564
12266,90652.086, 6.154,5564
12267,90658.078, 5.990,5564
12268,90664.242, 6.168,5564
12269,90670.289, 6.051,5564
12270,90676.945, 6.654,5564
12271,90682.961, 6.017,5564
12272,90689.055, 6.082,5564
12273,90695.078, 6.023,5564
12274,90700.750, 5.678,5564
12275,90707.820, 7.068,5564
12276,90713.641, 5.824,5564
12277,90719.602, 5.966,5564
12278,90726.594, 6.988,5564
12279,90733.641, 7.047,5564
12280,90739.773, 6.127,5564
12281,90745.648, 5.881,5564
12282,90752.664, 7.005,5564
12283,90758.492, 5.834,5564
12284,90764.961, 6.474,5564
12285,90771.297, 6.334,5564
12286,90777.398, 6.097,5564
12287,90783.492, 6.094,5564
12288,90789.414, 5.924,5564
12289,90796.414, 6.998,5564
12290,90802.617, 6.210,5564
12291,90808.492, 5.870,5564
12292,90814.813, 6.323,5564
12293,90821.141, 6.323,5564
12294,90827.531, 6.396,5564
12295,90833.625, 6.093,5564
12296,90839.961, 6.340,5564
12297,90846.227, 6.262,5564
12298,90852.391, 6.163,5564
12299,90859.703, 7.307,5564
12300,90866.594, 6.894,5564
12301,90873.484, 6.889,5564
12302,90879.992, 6.507,5564
12303,90886.719, 6.725,5564
12304,90893.406, 6.691,5564
12305,90899.805, 6.397,5564
12306,90906.047, 6.244,5564
12307,90912.555, 6.513,5564
12308,90920.242, 7.689,5564
12309,90927.719, 7.468,5564
12310,90934.203, 6.488,5564
12311,90940.641, 6.445,5564
12312,90946.469, 5.820,5564
12313,90952.125, 5.654,5564
12314,90957.766, 5.642,5564
12315,90963.523, 5.756,5564
12316,90969.406, 5.884,5564
12317,90975.367, 5.964,5564
12318,90982.750, 7.378,5564
12319,90988.852, 6.104,5564
12320,90994.742, 5.889,5564
12321,91001.016, 6.272,5564
12322,91007.109, 6.096,5564
12323,91013.844, 6.737,5564
12324,91021.156, 7.314,5564
12325,91027.625, 6.469,5564
12326,91034.820, 7.189,5564
12327,91040.977, 6.160,5564
12328,91046.852, 5.873,5564
12329,91052.625, 5.783,5564
12330,91059.539, 6.909,5564
12331,91065.313, 5.772,5564
12332,91071.211, 5.900,5564
12333,91077.023, 5.808,5564
12334,91083.195, 6.173,5564
12335,91089.570, 6.377,5564
12336,91095.539, 5.967,5564
12337,91102.219, 6.685,5564
12338,91108.992, 6.767,5564
12339,91115.648, 6.665,5564
12340,91121.430, 5.774,5564
12341,91127.328, 5.896,5564
12342,91133.906, 6.580,5564
12343,91139.922, 6.017,5564
12344,91145.781, 5.861,5564
12345,91151.555, 5.775,5564
12346,91157.383, 5.825,5564
12347,91163.055, 5.668,5564
12348,91168.867, 5.818,5564
12349,91174.531, 5.666,5564
12350,91180.516, 5.983,5564
12351,91186.258, 5.742,5564
12352,91193.258, 7.003,5564
12353,91199.266, 6.009,5564
12354,91205.094, 5.818,5564
12355,91211.828, 6.742,5564
12356,91217.609, 5.783,5564
12357,91223.477, 5.863,5564
12358,91230.055, 6.571,5564
12359,91235.773, 5.723,5564
12360,91241.781, 6.010,5564
12361,91247.492, 5.708,5564
12362,91253.242, 5.757,5564
12363,91258.945, 5.702,5564
12364,91264.844, 5.898,5564
12365,91270.422, 5.574,5564
12366,91277.398, 6.975,5564
12367,91283.445, 6.052,5564
12368,91289.508, 6.060,5564
12369,91295.703, 6.196,5564
12370,91301.742, 6.037,5564
12371,91307.570, 5.834,5564
12372,91313.258, 5.686,5564
12373,91319.023, 5.759,5564
12374,91325.508, 6.485,5564
12375,91332.273, 6.769,5564
12376,91338.875, 6.605,5564
12377,91344.758, 5.873,5564
12378,91350.695, 5.939,5564
12379,91356.484, 5.797,5564
12380,91362.406, 5.917,5564
12381,91368.625, 6.219,5564
12382,91375.719, 7.094,5564
12383,91381.781, 6.064,5564
12384,91387.953, 6.171,5564
12385,91394.148, 6.199,5564
12386,91402.469, 8.312,5564
12387,91410.664, 8.199,5564
12388,91417.492, 6.826,5564
12389,91423.758, 6.266,5564
12390,91430.117, 6.357,5564
12391,91436.469, 6.358,5564
12392,91443.805, 7.331,5564
12393,91450.164, 6.366,5564
12394,91456.469, 6.303,5564
12395,91463.875, 7.402,5564
12396,91470.094, 6.223,5564
12397,91476.477, 6.379,5564
12398,91482.672, 6.197,5564
12399,91488.859, 6.192,5564
12400,91495.125, 6.262,5564
12401,91501.602, 6.477,5564
12402,91508.484, 6.879,5564
12403,91514.734, 6.253,5564
12404,91521.180, 6.443,5564
12405,91527.641, 6.468,5564
12406,91534.375, 6.730,5564
12407,91540.969, 6.597,5564
12408,91547.523, 6.552,5564
12409,91553.719, 6.194,5564
12410,91559.453, 5.731,5564
12411,91565.328, 5.872,5564
12412,91572.141, 6.819,5564
12413,91578.039, 5.892,5564
12414,91584.703, 6.667,5564
12415,91590.453, 5.755,5564
12416,91596.492, 6.036,5564
12417,91602.469, 5.981,5564
12418,91609.750, 7.276,5564
12419,91616.250, 6.507,5564
12420,91623.055, 6.801,5564
12421,91630.430, 7.373,5564
12422,91638.188, 7.759,5564
12423,91644.109, 5.921,5564
12424,91649.789, 5.677,5564
12425,91656.352, 6.562,5564
12426,91662.180, 5.833,5564
12427,91668.000, 5.816,5564
12428,91673.734, 5.732,5564
12429,91679.500, 5.770,5564
12430,91685.227, 5.728,5564
12431,91691.992, 6.758,5564
12432,91697.727, 5.739,5564
12433,91703.500, 5.776,5564
12434,91709.375, 5.872,5564
12435,91715.266, 5.898,5564
12436,91721.461, 6.192,5564
12437,91728.336, 6.870,5564
12438,91734.344, 6.008,5564
12439,91740.125, 5.785,5564
12440,91746.898, 6.772,5564
12441,91752.852, 5.954,5564
12442,91758.547, 5.702,5564
12443,91765.297, 6.748,5564
12444,91771.188, 5.891,5564
12445,91777.750, 6.556,5564
12446,91784.789, 7.045,5564
12447,91791.156, 6.360,5564
12448,91797.070, 5.918,5564
12449,91802.961, 5.895,5564
12450,91808.805, 5.842,5564
12451,91814.656, 5.842,5564
12452,91820.586, 5.937,5564
12453,91826.805, 6.218,5564
12454,91833.805, 6.997,5564
12455,91839.727, 5.926,5564
12456,91845.602, 5.873,5564
12457,91851.336, 5.731,5564
12458,91858.242, 6.915,5564
12459,91864.430, 6.181,5564
12460,91871.406, 6.978,5564
12461,91877.352, 5.942,5564
12462,91883.266, 5.917,5564
12463,91889.086, 5.823,5564
12464,91894.891, 5.803,5564
12465,91900.828, 5.941,5564
12466,91906.695, 5.860,5564
12467,91912.367, 5.672,5564
12468,91918.328, 5.965,5564
12469,91924.039, 5.709,5564
12470,91930.313, 6.276,5564
12471,91936.328, 6.008,5564
12472,91942.195, 5.873,5564
12473,91948.188, 5.993,5564
12474,91954.250, 6.067,5564
12475,91961.531, 7.276,5564
12476,91967.578, 6.051,5564
12477,91973.656, 6.073,5564
12478,91979.875, 6.225,5564
12479,91985.758, 5.880,5564
12480,91991.781, 6.019,5564
12481,91997.820, 6.042,5564
12482,92003.852, 6.033,5564
12483,92010.164, 6.310,5564
12484,92016.336, 6.171,5564
12485,92022.570, 6.238,5564
12486,92029.125, 6.556,5564
12487,92036.117, 6.986,5564
12488,92042.453, 6.335,5564
12489,92048.773, 6.319,5564
12490,92055.773, 7.007,5564
12491,92061.977, 6.205,5564
12492,92068.930, 6.953,5564
12493,92075.203, 6.271,5564
12494,92081.367, 6.162,5564
12495,92088.609, 7.244,5564
12496,92095.703, 7.091,5564
12497,92101.859, 6.162,5564
12498,92108.070, 6.201,5564
12499,92114.391, 6.324,5564
12500,92120.969, 6.584,5564
12501,92127.336, 6.358,5564
12502,92133.750, 6.421,5564
12503,92140.789, 7.033,5564
12504,92146.789, 6.004,5564
12505,92152.695, 5.907,5564
12506,92160.734, 8.039,5564
12507,92167.297, 6.563,5564
12508,92173.594, 6.299,5564
12509,92180.484, 6.888,5564
12510,92186.359, 5.868,5564
12511,92192.109, 5.756,5564
12512,92197.898, 5.795,5564
12513,92204.680, 6.770,5564
12514,92210.461, 5.785,5564
12515,92217.656, 7.197,5564
12516,92223.578, 5.924,5564
12517,92229.391, 5.808,5564
12518,92235.195, 5.810,5564
12519,92241.297, 6.104,5564
12520,92247.859, 6.560,5564
12521,92254.008, 6.143,5564
12522,92260.227, 6.227,5564
12523,92266.078, 5.846,5564
12524,92271.969, 5.898,5564
12525,92278.070, 6.090,5564
12526,92284.055, 5.984,5564
12527,92290.227, 6.175,5564
12528,92296.000, 5.774,5564
12529,92301.695, 5.694,5564
12530,92307.477, 5.781,5564
12531,92313.250, 5.776,5564
12532,92320.094, 6.840,5564
12533,92325.820, 5.730,5564
12534,92331.664, 5.841,5564
12535,92338.336, 6.675,5564
12536,92344.219, 5.887,5564
12537,92351.008, 6.784,5564
12538,92357.094, 6.084,5564
12539,92363.023, 5.929,5564
12540,92369.148, 6.130,5564
12541,92375.352, 6.195,5564
12542,92381.203, 5.864,5564
12543,92387.133, 5.926,5564
12544,92393.094, 5.959,5564
12545,92398.922, 5.833,5564
12546,92404.758, 5.830,5564
12547,92410.539, 5.782,5564
12548,92416.414, 5.873,5564
12549,92422.180, 5.772,5564
12550,92428.008, 5.822,5564
12551,92434.039, 6.029,5564
12552,92440.961, 6.926,5564
12553,92446.820, 5.863,5564
12554,92452.773, 5.953,5564
12555,92459.133, 6.355,5564
12556,92464.945, 5.815,5564
12557,92470.938, 5.993,5564
12558,92476.789, 5.848,5564
12559,92482.688, 5.896,5564
12560,92488.492, 5.811,5564
12561,92494.414, 5.916,5564
12562,92501.453, 7.044,5564
12563,92507.672, 6.215,5564
12564,92513.641, 5.974,5564
12565,92519.711, 6.062,5564
12566,92526.453, 6.746,5564
12567,92533.289, 6.840,5564
12568,92540.695, 7.397,5564
12569,92547.109, 6.416,5564
12570,92553.445, 6.337,5564
12571,92560.977, 7.539,5564
12572,92568.328, 7.348,5564
12573,92574.430, 6.103,5564
12574,92580.664, 6.229,5564
12575,92586.781, 6.121,5564
12576,92593.914, 7.133,5564
12577,92600.133, 6.220,5564
12578,92607.070, 6.936,5564
12579,92613.781, 6.710,5564
12580,92619.797, 6.012,5564
12581,92626.406, 6.611,5564
12582,92633.227, 6.822,5564
12583,92640.625, 7.402,5564
12584,92646.875, 6.248,5564
12585,92654.898, 8.022,5564
12586,92661.055, 6.153,5564
12587,92668.820, 7.769,5564
12588,92675.359, 6.538,5564
12589,92681.531, 6.174,5564
12590,92687.750, 6.214,5564
12591,92694.305, 6.565,5564
12592,92700.695, 6.380,5564
12593,92706.758, 6.065,5564
12594,92713.023, 6.266,5564
12595,92719.250, 6.229,5564
12596,92725.656, 6.403,5564
12597,92733.273, 7.622,5564
12598,92740.117, 6.839,5564
12599,92746.641, 6.531,5564
12600,92752.930, 6.284,5564
12601,92759.422, 6.490,5564
12602,92765.992, 6.572,5564
12603,92773.563, 7.576,5564
12604,92780.672, 7.098,5564
12605,92788.188, 7.524,5564
12606,92795.906, 7.716,5564
12607,92802.430, 6.525,5564
12608,92809.297, 6.867,5564
12609,92816.188, 6.894,5564
12610,92823.070, 6.876,5564
12611,92830.352, 7.284,5564
12612,92838.023, 7.672,5564
12613,92844.891, 6.870,5564
12614,92851.531, 6.636,5564
12615,92857.602, 6.071,5564
12616,92863.844, 6.240,5564
12617,92870.852, 7.014,5564
12618,92878.281, 7.428,5564
12619,92884.352, 6.069,5564
12620,92890.453, 6.098,5564
12621,92896.492, 6.043,5564
12622,92902.617, 6.127,5564
12623,92908.563, 5.942,5564
12624,92914.750, 6.187,5564
12625,92921.875, 7.127,5564
12626,92928.820, 6.942,5564
12627,92940.602,11.786,5564
12628,92947.008, 6.404,5564
12629,92953.016, 6.005,5564
12630,92959.781, 6.765,5564
12631,92966.555, 6.779,5564
12632,92972.633, 6.080,5564
12633,92978.773, 6.140,5564
12634,92986.008, 7.228,5564
12635,92992.227, 6.226,5564
12636,92998.266, 6.035,5564
12637,93004.422, 6.151,5564
12638,93010.961, 6.552,5564
12639,93017.234, 6.266,5564
12640,93023.281, 6.049,5564
12641,93031.117, 7.831,5564
12642,93037.758, 6.641,5564
12643,93044.195, 6.440,5564
12644,93050.844, 6.647,5564
12645,93057.883, 7.043,5564
12646,93064.797, 6.909,5564
12647,93071.594, 6.803,5564
12648,93077.633, 6.042,5564
12649,93083.516, 5.878,5564
12650,93090.445, 6.924,5564
12651,93096.664, 6.218,5564
12652,93103.625, 6.968,5564
12653,93109.844, 6.217,5564
12654,93116.898, 7.052,5564
12655,93122.906, 6.009,5564
12656,93128.852, 5.946,5564
12657,93135.875, 7.021,5564
12658,93142.039, 6.162,5564
12659,93148.016, 5.978,5564
12660,93153.992, 5.977,5564
12661,93160.133, 6.147,5564
12662,93166.094, 5.953,5564
12663,93172.102, 6.010,5564
12664,93178.125, 6.026,5564
12665,93184.336, 6.205,5564
12666,93190.469, 6.136,5564
12667,93197.070, 6.603,5564
12668,93203.258, 6.192,5564
12669,93209.430, 6.171,5564
12670,93216.422, 6.990,5564
12671,93222.484, 6.062,5564
12672,93228.711, 6.227,5564
12673,93234.727, 6.016,5564
12674,93240.742, 6.010,5564
12675,93246.703, 5.965,5564
12676,93253.141, 6.439,5564
12677,93259.703, 6.562,5564
12678,93265.977, 6.280,5564
12679,93272.305, 6.327,5564
12680,93278.516, 6.209,5564
12681,93284.805, 6.289,5564
12682,93291.469, 6.657,5564
12683,93299.492, 8.031,5564
12684,93306.727, 7.225,5564
12685,93313.398, 6.679,5564
12686,93319.555, 6.157,5564
12687,93326.633, 7.079,5564
12688,93333.945, 7.310,5564
12689,93340.141, 6.193,5564
12690,93346.375, 6.234,5564
12691,93353.602, 7.228,5564
12692,93359.656, 6.055,5564
12693,93366.227, 6.569,5564
12694,93372.445, 6.221,5564
12695,93378.602, 6.161,5564
12696,93384.750, 6.143,5564
12697,93391.195, 6.449,5564
12698,93397.344, 6.141,5564
12699,93403.602, 6.263,5564
12700,93410.375, 6.769,5564
12701,93417.414, 7.040,5564
12702,93423.734, 6.319,5564
12703,93430.305, 6.578,5564
12704,93437.063, 6.749,5564
12705,93443.852, 6.796,5564
12706,93450.336, 6.479,5564
12707,93457.813, 7.482,5564
12708,93465.406, 7.592,5564
12709,93471.836, 6.430,5564
12710,93478.219, 6.384,5564
12711,93484.891, 6.672,5564
12712,93491.563, 6.670,5564
12713,93498.211, 6.653,5564
12714,93504.711, 6.495,5564
12715,93512.164, 7.456,5564
12716,93518.758, 6.590,5564
12717,93525.234, 6.480,5564
12718,93531.953, 6.717,5564
12719,93538.805, 6.846,5564
12720,93545.836, 7.039,5564
12721,93552.508, 6.672,5564
12722,93559.234, 6.722,5564
12723,93565.703, 6.471,5564
12724,93571.742, 6.033,5564
12725,93577.875, 6.142,5564
12726,93583.883, 6.003,5564
12727,93590.875, 6.992,5564
12728,93597.125, 6.251,5564
12729,93603.195, 6.071,5564
12730,93609.461, 6.260,5564
12731,93615.914, 6.460,5564
12732,93622.273, 6.357,5564
12733,93629.242, 6.971,5564
12734,93635.289, 6.048,5564
12735,93641.867, 6.578,5564
12736,93648.602, 6.735,5564
12737,93655.672, 7.067,5564
12738,93661.844, 6.173,5564
12739,93667.961, 6.121,5564
12740,93675.219, 7.257,5564
12741,93682.695, 7.468,5564
12742,93689.547, 6.860,5564
12743,93696.164, 6.614,5564
12744,93702.273, 6.115,5564
12745,93708.500, 6.218,5564
12746,93714.891, 6.394,5564
12747,93721.438, 6.547,5564
12748,93728.164, 6.728,5564
12749,93734.406, 6.235,5564
12750,93741.734, 7.332,5564
12751,93748.023, 6.283,5564
12752,93754.195, 6.176,5564
12753,93760.516, 6.320,5564
12754,93766.617, 6.109,5564
12755,93773.172, 6.549,5564
12756,93779.477, 6.305,5564
12757,93786.992, 7.510,5564
12758,93793.156, 6.173,5564
12759,93799.594, 6.436,5564
12760,93805.922, 6.333,5564
12761,93813.008, 7.074,5564
12762,93819.094, 6.086,5564
12763,93826.109, 7.017,5564
12764,93832.500, 6.395,5564
12765,93838.781, 6.283,5564
12766,93845.063, 6.278,5564
12767,93852.148, 7.086,5564
12768,93859.039, 6.891,5564
12769,93865.438, 6.399,5564
12770,93872.273, 6.836,5564
12771,93878.414, 6.139,5564
12772,93885.492, 7.081,5564
12773,93892.508, 7.013,5564
12774,93899.477, 6.974,5564
12775,93905.586, 6.106,5564
12776,93911.813, 6.223,5564
12777,93917.805, 5.995,5564
12778,93923.945, 6.144,5564
12779,93930.227, 6.279,5564
12780,93936.711, 6.485,5564
12781,93942.961, 6.250,5564
12782,93949.234, 6.276,5564
12783,93955.359, 6.115,5564
12784,93961.367, 6.012,5564
12785,93967.570, 6.206,5564
12786,93974.586, 7.019,5564
12787,93981.227, 6.637,5564
12788,93987.641, 6.420,5564
12789,93993.945, 6.304,5564
12790,94000.008, 6.053,5564
12791,94006.273, 6.271,5564
12792,94013.023, 6.746,5564
12793,94019.258, 6.239,5564
12794,94026.672, 7.409,5564
12795,94034.320, 7.649,5564
12796,94041.688, 7.366,5564
12797,94048.641, 6.964,5564
12798,94057.117, 8.467,5564
12799,94065.070, 7.953,5564
12800,94071.969, 6.908,5564
12801,94079.063, 7.087,5564
12802,94085.547, 6.484,5564
12803,94092.594, 7.047,5564
12804,94099.547, 6.953,5564
12805,94106.211, 6.663,5564
12806,94112.781, 6.571,5564
12807,94119.094, 6.307,5564
12808,94126.047, 6.959,5564
12809,94132.945, 6.900,5564
12810,94141.344, 8.393,5564
12811,94149.063, 7.724,5564
12812,94155.992, 6.928,5564
12813,94163.523, 7.536,5564
12814,94170.070, 6.544,5564
12815,94177.469, 7.398,5564
12816,94183.719, 6.242,5564
12817,94189.828, 6.118,5564
12818,94195.938, 6.113,5564
12819,94202.531, 6.592,5564
12820,94208.688, 6.150,5564
12821,94216.125, 7.441,5564
12822,94222.086, 5.954,5564
12823,94228.984, 6.902,5564
12824,94235.055, 6.070,5564
12825,94241.188, 6.136,5564
12826,94247.586, 6.397,5564
12827,94254.258, 6.677,5564
12828,94260.523, 6.261,5564
12829,94267.602, 7.082,5564
12830,94275.148, 7.540,5564
12831,94281.555, 6.411,5564
12832,94287.891, 6.337,5564
12833,94294.500, 6.603,5564
12834,94300.641, 6.145,5564
12835,94306.844, 6.204,5564
12836,94313.031, 6.187,5564
12837,94319.188, 6.156,5564
12838,94325.297, 6.111,5564
12839,94331.430, 6.128,5564
12840,94337.445, 6.014,5564
12841,94343.578, 6.141,5564
12842,94350.008, 6.420,5564
12843,94356.625, 6.627,5564
12844,94364.008, 7.379,5564
12845,94370.563, 6.559,5564
12846,94376.781, 6.214,5564
12847,94383.117, 6.336,5564
12848,94389.633, 6.519,5564
12849,94395.844, 6.208,5564
12850,94402.117, 6.268,5564
12851,94408.250, 6.137,5564
12852,94414.359, 6.104,5564
12853,94421.555, 7.207,5564
12854,94427.469, 5.908,5564
12855,94433.750, 6.281,5564
12856,94441.063, 7.311,5564
12857,94448.242, 7.185,5564
12858,94454.930, 6.691,5564
12859,94461.531, 6.596,5564
12860,94467.938, 6.409,5564
12861,94474.125, 6.185,5564
12862,94480.344, 6.215,5564
12863,94486.547, 6.211,5564
12864,94492.930, 6.379,5564
12865,94500.398, 7.463,5564
12866,94506.695, 6.295,5564
12867,94513.203, 6.513,5564
12868,94519.461, 6.255,5564
12869,94525.594, 6.136,5564
12870,94532.781, 7.189,5564
12871,94538.906, 6.128,5564
12872,94545.047, 6.131,5564
12873,94551.508, 6.469,5564
12874,94557.734, 6.219,5564
12875,94563.906, 6.180,5564
12876,94570.609, 6.707,5564
12877,94577.008, 6.386,5564
12878,94583.664, 6.660,5564
12879,94590.266, 6.605,5564
12880,94596.789, 6.524,5564
12881,94603.070, 6.274,5564
12882,94609.609, 6.546,5564
12883,94616.008, 6.395,5564
12884,94622.266, 6.262,5564
12885,94629.453, 7.186,5564
12886,94636.438, 6.978,5564
12887,94643.383, 6.945,5564
12888,94650.297, 6.925,5564
12889,94658.383, 8.080,5564
12890,94664.969, 6.587,5564
12891,94672.102, 7.134,5564
12892,94679.961, 7.864,5564
12893,94686.914, 6.947,5564
12894,94693.680, 6.759,5564
12895,94700.547, 6.871,5564
12896,94707.281, 6.741,5564
12897,94713.961, 6.681,5564
12898,94720.469, 6.502,5564
12899,94726.969, 6.501,5564
12900,94733.477, 6.511,5564
12901,94740.289, 6.809,5564
12902,94746.891, 6.603,5564
12903,94753.367, 6.472,5564
12904,94761.211, 7.845,5564
12905,94768.570, 7.360,5564
12906,94774.984, 6.407,5564
12907,94782.516, 7.536,5564
12908,94788.906, 6.394,5564
12909,94795.430, 6.521,5564
12910,94802.898, 7.474,5564
12911,94809.258, 6.362,5564
12912,94815.469, 6.206,5564
12913,94823.281, 7.811,5564
12914,94830.773, 7.496,5564
12915,94837.523, 6.749,5564
12916,94843.742, 6.217,5564
12917,94850.984, 7.237,5564
12918,94857.742, 6.760,5564
12919,94864.203, 6.462,5564
12920,94871.766, 7.564,5564
12921,94878.023, 6.252,5564
12922,94884.836, 6.819,5564
12923,94891.461, 6.625,5564
12924,94897.766, 6.302,5564
12925,94904.016, 6.249,5564
12926,94910.289, 6.281,5564
12927,94916.609, 6.317,5564
12928,94922.727, 6.110,5564
12929,94928.906, 6.186,5564
12930,94935.305, 6.403,5564
12931,94942.250, 6.943,5564
12932,94948.625, 6.373,5564
12933,94955.133, 6.509,5564
12934,94961.188, 6.056,5564
12935,94967.398, 6.206,5564
12936,94973.547, 6.155,5564
12937,94980.008, 6.451,5564
12938,94986.344, 6.338,5564
12939,94994.078, 7.734,5564
12940,95000.469, 6.395,5564
12941,95006.797, 6.328,5564
12942,95013.359, 6.560,5564
12943,95020.836, 7.481,5564
12944,95027.188, 6.346,5564
12945,95033.563, 6.381,5564
12946,95040.047, 6.476,5564
12947,95047.078, 7.035,5564
12948,95053.250, 6.173,5564
12949,95059.602, 6.355,5564
12950,95066.547, 6.941,5564
12951,95072.680, 6.133,5564
12952,95078.969, 6.292,5564
12953,95086.383, 7.411,5564
12954,95092.820, 6.439,5564
12955,95099.320, 6.497,5564
12956,95105.680, 6.357,5564
12957,95111.961, 6.288,5564
12958,95118.367, 6.402,5564
12959,95124.602, 6.238,5564
12960,95131.586, 6.983,5564
12961,95137.680, 6.091,5564
12962,95144.023, 6.340,5564
12963,95150.203, 6.190,5564
12964,95156.414, 6.203,5564
12965,95162.570, 6.161,5564
12966,95169.117, 6.546,5564
12967,95175.758, 6.642,5564
12968,95182.125, 6.365,5564
12969,95188.570, 6.449,5564
12970,95196.297, 7.727,5564
12971,95203.906, 7.613,5564
12972,95212.563, 8.654,5564
12973,95219.586, 7.022,5564
12974,95226.609, 7.025,5564
12975,95233.070, 6.452,5564
12976,95239.430, 6.365,5564
12977,95245.875, 6.444,5564
12978,95252.578, 6.710,5564
12979,95258.852, 6.264,5564
12980,95265.281, 6.436,5564
12981,95271.781, 6.494,5564
12982,95278.117, 6.336,5564
12983,95284.594, 6.480,5564
12984,95291.781, 7.188,5564
12985,95298.227, 6.442,5564
12986,95305.063, 6.836,5564
12987,95311.805, 6.744,5564
12988,95319.141, 7.332,5564
12989,95326.352, 7.214,5564
12990,95333.508, 7.159,5564
12991,95340.016, 6.500,5564
12992,95346.367, 6.355,5564
12993,95352.859, 6.499,5564
12994,95360.430, 7.564,5564
12995,95367.109, 6.679,5564
12996,95374.875, 7.769,5564
12997,95382.516, 7.645,5564
12998,95389.758, 7.239,5564
12999,95396.563, 6.809,5564
13000,95403.547, 6.982,5564
13001,95410.883, 7.336,5564
13002,95418.227, 7.338,5564
13003,95425.188, 6.962,5564
13004,95432.930, 7.743,5564
13005,95439.797, 6.871,5564
13006,95446.555, 6.758,5564
13007,95453.742, 7.185,5564
13008,95461.453, 7.712,5564
13009,95468.898, 7.444,5564
13010,95475.664, 6.759,5564
13011,95482.758, 7.096,5564
13012,95489.672, 6.914,5564
13013,95496.578, 6.910,5564
13014,95502.867, 6.290,5564
13015,95509.344, 6.473,5564
13016,95516.297, 6.956,5564
13017,95522.758, 6.458,5564
13018,95529.914, 7.162,5564
13019,95536.141, 6.221,5564
13020,95542.539, 6.404,5564
13021,95548.727, 6.179,5564
13022,95554.906, 6.189,5564
13023,95561.875, 6.967,5564
13024,95567.938, 6.063,5564
13025,95574.164, 6.224,5564
13026,95580.453, 6.287,5564
13027,95587.648, 7.194,5564
13028,95594.922, 7.277,5564
13029,95602.234, 7.316,5564
13030,95610.047, 7.807,5564
13031,95616.461, 6.412,5564
13032,95623.164, 6.708,5564
13033,95630.992, 7.824,5564
13034,95637.320, 6.324,5564
13035,95643.633, 6.325,5564
13036,95649.953, 6.316,5564
13037,95656.320, 6.361,5564
13038,95663.289, 6.980,5564
13039,95670.234, 6.943,5564
13040,95677.328, 7.087,5564
13041,95683.633, 6.313,5564
13042,95690.617, 6.983,5564
13043,95697.102, 6.477,5564
13044,95703.500, 6.402,5564
13045,95710.359, 6.853,5564
13046,95717.273, 6.923,5564
13047,95723.711, 6.431,5564
13048,95730.492, 6.782,5564
13049,95736.867, 6.378,5564
13050,95744.000, 7.128,5564
13051,95750.391, 6.394,5564
13052,95757.383, 6.989,5564
13053,95763.891, 6.514,5564
13054,95770.117, 6.223,5564
13055,95776.375, 6.255,5564
13056,95782.719, 6.344,5564
13057,95788.852, 6.134,5564
13058,95795.055, 6.202,5564
13059,95802.148, 7.101,5564
13060,95808.430, 6.279,5564
13061,95814.922, 6.497,5564
13062,95822.422, 7.489,5564
13063,95829.273, 6.863,5564
13064,95836.344, 7.061,5564
13065,95842.773, 6.431,5564
13066,95850.117, 7.345,5564
13067,95856.688, 6.569,5564
13068,95863.039, 6.348,5564
13069,95869.914, 6.881,5564
13070,95877.266, 7.352,5564
13071,95883.680, 6.409,5564
13072,95890.148, 6.477,5564
13073,95896.609, 6.461,5564
13074,95903.219, 6.605,5564
13075,95909.953, 6.740,5564
13076,95916.492, 6.536,5564
13077,95922.844, 6.350,5564
13078,95929.367, 6.518,5564
13079,95935.688, 6.326,5564
13080,95942.711, 7.016,5564
13081,95949.250, 6.551,5564
13082,95955.883, 6.631,5564
13083,95962.672, 6.779,5564
13084,95969.461, 6.794,5564
13085,95977.203, 7.742,5564
13086,95985.672, 8.471,5564
13087,95992.930, 7.257,5564
13088,95999.703, 6.772,5564
13089,96007.430, 7.725,5564
13090,96014.383, 6.951,5564
13091,96021.680, 7.301,5564
13092,96028.828, 7.148,5564
13093,96035.547, 6.722,5564
13094,96042.625, 7.076,5564
13095,96050.219, 7.595,5564
13096,96057.164, 6.942,5564
13097,96065.438, 8.277,5564
13098,96072.422, 6.984,5564
13099,96079.453, 7.028,5564
13100,96086.758, 7.303,5564
13101,96093.539, 6.785,5564
13102,96100.516, 6.977,5564
13103,96107.188, 6.677,5564
13104,96114.852, 7.664,5564
13105,96122.219, 7.363,5564
13106,96129.359, 7.134,5564
13107,96136.867, 7.512,5564
13108,96143.883, 7.018,5564
13109,96150.375, 6.489,5564
13110,96157.289, 6.921,5564
13111,96163.555, 6.262,5564
13112,96169.922, 6.373,5564
13113,96176.328, 6.397,5564
13114,96183.320, 6.993,5564
13115,96189.586, 6.267,5564
13116,96196.445, 6.859,5564
13117,96202.758, 6.313,5564
13118,96209.328, 6.564,5564
13119,96215.602, 6.282,5564
13120,96222.078, 6.473,5564
13121,96229.359, 7.277,5564
13122,96235.664, 6.306,5564
13123,96242.211, 6.552,5564
13124,96248.633, 6.426,5564
13125,96255.055, 6.415,5564
13126,96261.766, 6.711,5564
13127,96268.148, 6.385,5564
13128,96274.578, 6.429,5564
13129,96281.086, 6.504,5564
13130,96287.469, 6.390,5564
13131,96293.727, 6.254,5564
13132,96300.125, 6.397,5564
13133,96306.414, 6.290,5564
13134,96312.617, 6.209,5564
13135,96318.961, 6.344,5564
13136,96325.250, 6.284,5564
13137,96331.523, 6.279,5564
13138,96339.102, 7.574,5564
13139,96345.508, 6.402,5564
13140,96351.781, 6.277,5564
13141,96358.117, 6.334,5564
13142,96366.469, 8.349,5564
13143,96374.133, 7.669,5564
13144,96381.063, 6.930,5564
13145,96387.500, 6.434,5564
13146,96393.867, 6.370,5564
13147,96400.305, 6.441,5564
13148,96406.656, 6.341,5564
13149,96413.258, 6.613,5564
13150,96419.531, 6.269,5564
13151,96425.984, 6.447,5564
13152,96432.336, 6.356,5564
13153,96439.500, 7.166,5564
13154,96446.109, 6.610,5564
13155,96453.398, 7.288,5564
13156,96459.688, 6.287,5564
13157,96466.898, 7.217,5564
13158,96474.078, 7.175,5564
13159,96480.539, 6.464,5564
13160,96486.922, 6.381,5564
13161,96493.555, 6.638,5564
13162,96500.102, 6.542,5564
13163,96506.305, 6.202,5564
13164,96513.344, 7.033,5564
13165,96520.516, 7.181,5564
13166,96526.859, 6.340,5564
13167,96533.742, 6.880,5564
13168,96540.578, 6.842,5564
13169,96547.188, 6.606,5564
13170,96553.938, 6.753,5564
13171,96560.594, 6.656,5564
13172,96567.930, 7.338,5564
13173,96575.297, 7.367,5564
13174,96583.016, 7.713,5564
13175,96590.055, 7.042,5564
13176,96596.852, 6.794,5564
13177,96603.625, 6.778,5564
13178,96610.703, 7.076,5564
13179,96617.453, 6.747,5564
13180,96624.336, 6.881,5564
13181,96631.000, 6.662,5564
13182,96638.984, 7.989,5564
13183,96645.813, 6.830,5564
13184,96652.461, 6.648,5564
13185,96659.172, 6.711,5564
13186,96665.844, 6.669,5564
13187,96672.266, 6.426,5564
13188,96679.391, 7.120,5564
13189,96687.078, 7.691,5564
13190,96694.281, 7.209,5564
13191,96701.461, 7.170,5564
13192,96708.344, 6.883,5564
13193,96715.672, 7.333,5564
13194,96722.031, 6.353,5564
13195,96728.461, 6.436,5564
13196,96734.734, 6.268,5564
13197,96741.102, 6.374,5564
13198,96748.000, 6.890,5564
13199,96756.156, 8.163,5564
13200,96762.984, 6.825,5564
13201,96770.031, 7.045,5564
13202,96776.391, 6.358,5564
13203,96782.727, 6.343,5564
13204,96789.750, 7.020,5564
13205,96796.359, 6.608,5564
13206,96802.750, 6.391,5564
13207,96809.297, 6.557,5564
13208,96816.070, 6.766,5564
13209,96822.688, 6.615,5564
13210,96829.117, 6.431,5564
13211,96835.523, 6.409,5564
13212,96842.547, 7.026,5564
13213,96849.422, 6.870,5564
13214,96855.922, 6.506,5564
13215,96862.242, 6.322,5564
13216,96868.781, 6.531,5564
13217,96875.484, 6.702,5564
13218,96882.180, 6.695,5564
13219,96888.727, 6.550,5564
13220,96895.703, 6.978,5564
13221,96902.195, 6.494,5564
13222,96908.586, 6.389,5564
13223,96915.031, 6.444,5564
13224,96921.391, 6.355,5564
13225,96929.016, 7.627,5564
13226,96935.523, 6.513,5564
13227,96942.047, 6.516,5564
13228,96948.523, 6.479,5564
13229,96954.820, 6.303,5564
13230,96961.469, 6.642,5564
13231,96968.836, 7.367,5564
13232,96975.266, 6.438,5564
13233,96981.711, 6.438,5564
13234,96988.836, 7.131,5564
13235,96995.234, 6.400,5564
13236,97002.250, 7.013,5564
13237,97008.672, 6.415,5564
13238,97015.250, 6.580,5564
13239,97021.953, 6.705,5564
13240,97029.398, 7.442,5564
13241,97035.891, 6.493,5564
13242,97042.359, 6.469,5564
13243,97048.758, 6.401,5564
13244,97055.031, 6.272,5564
13245,97062.180, 7.152,5564
13246,97068.477, 6.296,5564
13247,97074.930, 6.453,5564
13248,97082.086, 7.157,5564
13249,97089.008, 6.914,5564
13250,97095.531, 6.528,5564
13251,97102.086, 6.554,5564
13252,97109.906, 7.827,5564
13253,97117.859, 7.948,5564
13254,97125.789, 7.927,5564
13255,97134.117, 8.332,5564
13256,97141.922, 7.809,5564
13257,97149.539, 7.613,5564
13258,97156.898, 7.358,5564
13259,97163.352, 6.447,5564
13260,97170.930, 7.587,5564
13261,97177.289, 6.358,5564
13262,97183.805, 6.514,5564
13263,97190.359, 6.555,5564
13264,97197.914, 7.559,5564
13265,97204.336, 6.415,5564
13266,97211.492, 7.157,5564
13267,97218.461, 6.972,5564
13268,97225.586, 7.125,5564
13269,97232.172, 6.584,5564
13270,97239.109, 6.939,5564
13271,97246.352, 7.241,5564
13272,97253.602, 7.255,5564
13273,97260.875, 7.269,5564
13274,97267.508, 6.632,5564
13275,97274.156, 6.648,5564
13276,97280.930, 6.778,5564
13277,97287.883, 6.948,5564
13278,97294.758, 6.879,5564
13279,97302.461, 7.702,5564
13280,97309.328, 6.865,5564
13281,97317.008, 7.675,5564
13282,97324.594, 7.592,5564
13283,97331.477, 6.881,5564
13284,97338.430, 6.955,5564
13285,97345.492, 7.066,5564
13286,97352.406, 6.911,5564
13287,97359.281, 6.875,5564
13288,97365.922, 6.640,5564
13289,97373.141, 7.219,5564
13290,97380.086, 6.946,5564
13291,97386.922, 6.835,5564
13292,97393.820, 6.898,5564
13293,97400.789, 6.972,5564
13294,97408.148, 7.360,5564
13295,97415.992, 7.833,5564
13296,97424.508, 8.522,5564
13297,97431.750, 7.237,5564
13298,97439.000, 7.255,5564
13299,97446.266, 7.271,5564
13300,97453.055, 6.782,5564
13301,97459.539, 6.492,5564
13302,97466.680, 7.128,5564
13303,97473.359, 6.685,5564
13304,97479.688, 6.328,5564
13305,97486.164, 6.483,5564
13306,97493.750, 7.583,5564
13307,97500.141, 6.392,5564
13308,97507.281, 7.142,5564
13309,97513.953, 6.668,5564
13310,97520.867, 6.917,5564
13311,97529.242, 8.376,5564
13312,97536.953, 7.711,5564
13313,97543.938, 6.986,5564
13314,97550.820, 6.878,5564
13315,97557.586, 6.763,5564
13316,97564.203, 6.623,5564
13317,97570.883, 6.681,5564
13318,97577.688, 6.792,5564
13319,97584.609, 6.936,5564
13320,97592.695, 8.072,5564
13321,97600.086, 7.394,5564
13322,97607.195, 7.112,5564
13323,97613.836, 6.641,5564
13324,97621.453, 7.618,5564
13325,97628.125, 6.670,5564
13326,97635.148, 7.027,5564
13327,97642.703, 7.552,5564
13328,97650.211, 7.509,5564
13329,97656.742, 6.526,5564
13330,97664.070, 7.334,5564
13331,97670.523, 6.450,5564
13332,97677.938, 7.419,5564
13333,97685.430, 7.484,5564
13334,97692.844, 7.420,5564
13335,97699.359, 6.509,5564
13336,97706.734, 7.381,5564
13337,97714.445, 7.708,5564
13338,97721.375, 6.931,5564
13339,97728.031, 6.658,5564
13340,97734.406, 6.377,5564
13341,97741.367, 6.952,5564
13342,97748.023, 6.663,5564
13343,97754.594, 6.577,5564
13344,97761.031, 6.431,5564
13345,97768.289, 7.257,5564
13346,97774.766, 6.476,5564
13347,97781.219, 6.452,5564
13348,97788.984, 7.763,5564
13349,97795.922, 6.942,5564
13350,97802.500, 6.580,5564
13351,97808.984, 6.482,5564
13352,97816.516, 7.536,5564
13353,97823.680, 7.156,5564
13354,97830.398, 6.720,5564
13355,97836.781, 6.387,5564
13356,97843.703, 6.921,5564
13357,97851.016, 7.310,5564
13358,97857.891, 6.877,5532
13359,97864.930, 7.038,5532
13360,97871.930, 7.006,5532
13361,97878.805, 6.870,5532
13362,97885.508, 6.702,5532
13363,97892.391, 6.885,5532
13364,97900.133, 7.738,5532
13365,97907.484, 7.354,5532
13366,97916.563, 9.080,5532
13367,97924.453, 7.890,5532
13368,97933.148, 8.694,5532
13369,97940.266, 7.123,5532
13370,97947.508, 7.234,5532
13371,97955.547, 8.045,5532
13372,97963.391, 7.837,5532
13373,97970.672, 7.281,5532
13374,97977.727, 7.054,5532
13375,97985.234, 7.512,5532
13376,97992.922, 7.688,5532
13377,98000.047, 7.123,5532
13378,98007.719, 7.671,5532
13379,98014.930, 7.216,5532
13380,98022.469, 7.534,5532
13381,98029.828, 7.362,5532
13382,98037.109, 7.280,5532
13383,98044.742, 7.633,5532
13384,98052.359, 7.616,5532
13385,98060.391, 8.032,5532
13386,98067.922, 7.536,5532
13387,98075.109, 7.188,5532
13388,98083.156, 8.048,5532
13389,98090.289, 7.128,5532
13390,98096.867, 6.577,5532
13391,98103.539, 6.671,5532
13392,98110.188, 6.653,5532
13393,98117.898, 7.711,5532
13394,98124.500, 6.598,5532
13395,98131.242, 6.747,5532
13396,98139.117, 7.871,5532
13397,98145.664, 6.544,5532
13398,98152.484, 6.828,5532
13399,98160.453, 7.964,5532
13400,98168.180, 7.729,5532
13401,98175.352, 7.169,5532
13402,98183.703, 8.350,5532
13403,98190.914, 7.212,5532
13404,98197.672, 6.754,5532
13405,98205.352, 7.680,5532
13406,98212.000, 6.649,5532
13407,98218.711, 6.711,5532
13408,98225.242, 6.536,5532
13409,98232.000, 6.752,5532
13410,98240.570, 8.580,5532
13411,98247.359, 6.782,5532
13412,98254.805, 7.446,5532
13413,98261.414, 6.610,5532
13414,98268.445, 7.032,5532
13415,98276.078, 7.632,5532
13416,98282.930, 6.859,5532
13417,98289.719, 6.781,5532
13418,98298.586, 8.873,5532
13419,98306.500, 7.909,5532
13420,98313.484, 6.985,5532
13421,98320.359, 6.873,5532
13422,98326.984, 6.627,5532
13423,98333.789, 6.804,5532
13424,98340.820, 7.036,5532
13425,98347.727, 6.903,5532
13426,98354.523, 6.801,5532
13427,98361.266, 6.738,5532
13428,98367.984, 6.716,5532
13429,98375.719, 7.732,5532
13430,98382.570, 6.860,5532
13431,98389.383, 6.803,5532
13432,98396.180, 6.801,5532
13433,98402.813, 6.635,5532
13434,98409.609, 6.803,5532
13435,98416.344, 6.725,5532
13436,98423.047, 6.700,5532
13437,98429.797, 6.757,5532
13438,98436.570, 6.773,5532
13439,98443.297, 6.727,5532
13440,98449.992, 6.694,5532
13441,98456.594, 6.609,5532
13442,98463.078, 6.478,5532
13443,98469.922, 6.847,5532
13444,98477.219, 7.298,5532
13445,98484.844, 7.620,5532
13446,98492.836, 7.997,5532
13447,98500.883, 8.047,5532
13448,98507.938, 7.051,5532
13449,98515.000, 7.056,5532
13450,98524.750, 9.754,5532
13451,98534.125, 9.376,5532
13452,98544.484,10.364,5532
13453,98554.727,10.239,5532
13454,98562.375, 7.642,5532
13455,98573.414,11.042,5532
13456,98581.750, 8.339,5532
13457,98589.992, 8.236,5532
13458,98597.492, 7.507,5532
13459,98604.992, 7.493,5532
13460,98612.547, 7.558,5532
13461,98619.828, 7.286,5532
13462,98628.016, 8.181,5532
13463,98635.250, 7.239,5532
13464,98643.242, 7.993,5532
13465,98650.313, 7.064,5532
13466,98657.500, 7.193,5532
13467,98664.883, 7.381,5532
13468,98672.453, 7.574,5532
13469,98680.102, 7.647,5532
13470,98689.602, 9.505,5532
13471,98697.516, 7.908,5532
13472,98704.508, 6.995,5532
13473,98712.375, 7.864,5532
13474,98719.359, 6.983,5532
13475,98726.477, 7.120,5532
13476,98733.586, 7.111,5532
13477,98741.484, 7.894,5532
13478,98748.719, 7.234,5532
13479,98755.523, 6.812,5532
13480,98763.461, 7.933,5532
13481,98770.438, 6.976,5532
13482,98777.469, 7.028,5532
13483,98785.102, 7.638,5532
13484,98791.977, 6.870,5532
13485,98799.383, 7.410,5532
13486,98806.508, 7.125,5532
13487,98813.531, 7.021,5532
13488,98821.805, 8.273,5532
13489,98829.250, 7.452,5532
13490,98836.258, 7.010,5532
13491,98844.070, 7.803,5532
13492,98851.875, 7.808,5532
13493,98858.789, 6.911,5532
13494,98866.266, 7.485,5532
13495,98874.023, 7.749,5532
13496,98881.031, 7.009,5532
13497,98887.758, 6.730,5532
13498,98894.836, 7.077,5532
13499,98901.922, 7.084,5532
13500,98909.023, 7.101,5532
13501,98915.844, 6.826,5532
13502,98923.516, 7.666,5532
13503,98930.453, 6.940,5532
13504,98937.211, 6.760,5532
13505,98944.211, 7.003,5532
13506,98950.813, 6.595,5532
13507,98957.648, 6.830,5532
13508,98964.523, 6.886,5532
13509,98971.398, 6.871,5532
13510,98978.258, 6.863,5532
13511,98985.281, 7.022,5532
13512,98992.141, 6.854,5532
13513,98998.930, 6.795,5532
13514,99006.766, 7.830,5532
13515,99014.242, 7.482,5532
13516,99021.211, 6.968,5532
13517,99028.609, 7.398,5532
13518,99035.492, 6.882,5532
13519,99042.523, 7.034,5532
13520,99049.320, 6.788,5532
13521,99056.383, 7.064,5532
13522,99063.234, 6.858,5532
13523,99070.375, 7.133,5532
13524,99078.344, 7.970,5532
13525,99086.016, 7.671,5532
13526,99093.328, 7.311,5532
13527,99100.563, 7.244,5532
13528,99107.367, 6.801,5532
13529,99117.508,10.140,5532
13530,99125.688, 8.176,5532
13531,99132.773, 7.093,5532
13532,99140.477, 7.698,5532
13533,99147.445, 6.971,5532
13534,99154.352, 6.902,5532
13535,99161.242, 6.895,5532
13536,99169.148, 7.905,5532
13537,99176.297, 7.154,5532
13538,99184.016, 7.711,5532
13539,99191.031, 7.015,5532
13540,99198.063, 7.031,5532
13541,99205.367, 7.305,5532
13542,99212.422, 7.058,5532
13543,99219.586, 7.167,5532
13544,99227.523, 7.941,5532
13545,99234.727, 7.199,5532
13546,99242.961, 8.239,5532
13547,99250.461, 7.497,5532
13548,99258.383, 7.915,5532
13549,99266.273, 7.900,5532
13550,99273.406, 7.125,5532
13551,99281.656, 8.245,5532
13552,99289.109, 7.456,5532
13553,99296.711, 7.606,5532
13554,99304.258, 7.553,5532
13555,99311.414, 7.152,5532
13556,99319.563, 8.148,5532
13557,99327.352, 7.789,5532
13558,99335.469, 8.116,5532
13559,99343.797, 8.324,5532
13560,99352.047, 8.255,5532
13561,99359.414, 7.368,5532
13562,99366.617, 7.203,5532
13563,99374.227, 7.608,5532
13564,99382.391, 8.163,5532
13565,99390.219, 7.829,5532
13566,99397.805, 7.588,5532
13567,99405.266, 7.458,5532
13568,99413.195, 7.934,5532
13569,99420.734, 7.533,5532
13570,99429.414, 8.683,5532
13571,99437.359, 7.941,5532
13572,99444.516, 7.157,5532
13573,99451.797, 7.288,5532
13574,99459.789, 7.985,5532
13575,99467.695, 7.905,5532
13576,99476.867, 9.178,5532
13577,99484.242, 7.376,5532
13578,99491.227, 6.985,5532
13579,99498.484, 7.255,5532
13580,99505.570, 7.089,5532
13581,99512.531, 6.963,5532
13582,99519.781, 7.247,5532
13583,99527.781, 7.998,5532
13584,99534.945, 7.170,5532
13585,99542.773, 7.819,5532
13586,99550.180, 7.407,5532
13587,99557.438, 7.257,5532
13588,99564.828, 7.397,5532
13589,99572.688, 7.853,5532
13590,99579.844, 7.157,5532
13591,99587.078, 7.238,5532
13592,99594.125, 7.044,5532
13593,99601.250, 7.130,5532
13594,99608.227, 6.977,5532
13595,99615.156, 6.928,5532
13596,99622.094, 6.935,5532
13597,99629.086, 6.994,5532
13598,99637.102, 8.011,5532
13599,99644.359, 7.255,5532
13600,99652.313, 7.951,5532
13601,99659.406, 7.101,5532
13602,99666.430, 7.021,5532
13603,99674.258, 7.838,5532
13604,99682.070, 7.803,5532
13605,99689.180, 7.115,5532
13606,99697.375, 8.187,5532
13607,99704.992, 7.621,5532
13608,99713.000, 8.007,5532
13609,99720.086, 7.084,5532
13610,99727.141, 7.059,5532
13611,99734.227, 7.091,5532
13612,99741.281, 7.055,5532
13613,99748.195, 6.910,5532
13614,99755.922, 7.728,5532
13615,99764.391, 8.465,5532
13616,99771.758, 7.367,5532
13617,99779.086, 7.325,5532
13618,99786.172, 7.089,5532
13619,99793.313, 7.141,5532
13620,99800.422, 7.113,5532
13621,99808.977, 8.549,5532
13622,99816.914, 7.940,5532
13623,99824.313, 7.398,5532
13624,99831.453, 7.141,5532
13625,99839.883, 8.433,5532
13626,99847.688, 7.795,5532
13627,99856.422, 8.738,5532
13628,99865.984, 9.565,5532
13629,99873.984, 7.998,5532
13630,99881.180, 7.202,5532
13631,99888.445, 7.263,5532
13632,99895.680, 7.228,5532
13633,99902.961, 7.290,5532
13634,99911.031, 8.061,5532
13635,99918.164, 7.139,5532
13636,99925.586, 7.421,5532
13637,99933.188, 7.599,5532
13638,99940.578, 7.392,5532
13639,99947.758, 7.179,5532
13640,99955.031, 7.275,5532
13641,99963.281, 8.253,5532
13642,99971.117, 7.836,5532
13643,99978.242, 7.128,5532
13644,99985.922, 7.673,5532
13645,99993.258, 7.343,5532
13646,100000.727, 7.464,5532
13647,100008.250, 7.527,5532
13648,100015.383, 7.127,5532
13649,100022.508, 7.130,5532
13650,100031.047, 8.529,5532
13651,100038.742, 7.696,5532
13652,100046.469, 7.729,5532
13653,100054.344, 7.873,5532
13654,100061.789, 7.451,5532
13655,100069.750, 7.958,5532
13656,100077.750, 7.999,5532
13657,100085.539, 7.795,5532
13658,100093.195, 7.653,5532
13659,100100.867, 7.674,5532
13660,100109.242, 8.374,5532
13661,100117.086, 7.843,5532
13662,100124.664, 7.578,5532
13663,100132.242, 7.578,5532
13664,100140.570, 8.329,5532
13665,100149.039, 8.465,5532
13666,100157.141, 8.103,5532
13667,100164.883, 7.750,5532
13668,100173.680, 8.788,5532
13669,100182.453, 8.778,5532
13670,100190.203, 7.751,5532
13671,100197.500, 7.297,5532
13672,100204.563, 7.064,5532
13673,100212.844, 8.281,5532
13674,100220.352, 7.498,5532
13675,100227.594, 7.249,5532
13676,100234.680, 7.080,5532
13677,100241.859, 7.186,5532
13678,100249.672, 7.807,5532
13679,100259.547, 9.881,5532
13680,100267.445, 7.895,5532
13681,100274.977, 7.528,5532
13682,100283.695, 8.723,5532
13683,100291.625, 7.932,5532
13684,100299.125, 7.498,5532
13685,100306.477, 7.354,5532
13686,100314.063, 7.579,5532
13687,100321.352, 7.288,5532
13688,100328.688, 7.337,5532
13689,100336.664, 7.976,5532
13690,100343.984, 7.325,5532
13691,100351.195, 7.214,5532
13692,100358.727, 7.531,5532
13693,100366.141, 7.410,5532
13694,100373.719, 7.576,5532
13695,100381.234, 7.523,5532
13696,100388.586, 7.349,5532
13697,100396.492, 7.908,5532
13698,100404.688, 8.190,5532
13699,100412.039, 7.354,5532
13700,100419.273, 7.236,5532
13701,100426.461, 7.185,5532
13702,100433.703, 7.239,5532
13703,100440.867, 7.167,5532
13704,100448.352, 7.485,5532
13705,100455.945, 7.598,5532
13706,100463.391, 7.441,5532
13707,100471.234, 7.847,5532
13708,100478.484, 7.244,5532
13709,100485.805, 7.323,5532
13710,100493.000, 7.189,5532
13711,100500.945, 7.957,5532
13712,100509.438, 8.484,5532
13713,100516.820, 7.383,5532
13714,100524.125, 7.308,5532
13715,100531.594, 7.469,5532
13716,100538.805, 7.214,5532
13717,100546.164, 7.360,5532
13718,100553.281, 7.120,5532
13719,100560.602, 7.320,5532
13720,100567.953, 7.350,5532
13721,100575.117, 7.157,5532
13722,100582.406, 7.288,5532
13723,100590.086, 7.686,5532
13724,100597.750, 7.664,5532
13725,100605.898, 8.150,5532
13726,100613.688, 7.785,5532
13727,100621.617, 7.931,5532
13728,100629.328, 7.703,5532
13729,100637.672, 8.348,5532
13730,100646.375, 8.704,5532
13731,100655.133, 8.762,5532
13732,100662.625, 7.494,5532
13733,100670.039, 7.407,5532
13734,100677.500, 7.462,5532
13735,100685.063, 7.562,5532
13736,100693.266, 8.209,5532
13737,100700.609, 7.344,5532
13738,100708.305, 7.686,5532
13739,100716.438, 8.135,5532
13740,100724.695, 8.260,5532
13741,100732.305, 7.606,5532
13742,100739.695, 7.392,5532
13743,100747.320, 7.627,5532
13744,100755.047, 7.728,5532
13745,100763.656, 8.603,5532
13746,100771.094, 7.440,5532
13747,100778.766, 7.676,5532
13748,100786.695, 7.922,5532
13749,100794.539, 7.854,5532
13750,100802.469, 7.922,5532
13751,100810.430, 7.967,5532
13752,100818.992, 8.560,5532
13753,100827.023, 8.032,5532
13754,100835.992, 8.964,5532
13755,100844.688, 8.698,5532
13756,100852.742, 8.058,5532
13757,100860.688, 7.942,5532
13758,100868.781, 8.097,5532
13759,100876.578, 7.801,5532
13760,100884.086, 7.500,5532
13761,100891.805, 7.718,5532
13762,100899.570, 7.773,5532
13763,100908.664, 9.087,5532
13764,100916.648, 7.986,5532
13765,100925.133, 8.486,5532
13766,100934.180, 9.050,5532
13767,100942.219, 8.036,5532
13768,100949.781, 7.563,5532
13769,100957.328, 7.545,5532
13770,100964.453, 7.129,5532
13771,100971.984, 7.526,5532
13772,100979.508, 7.523,5532
13773,100986.930, 7.430,5532
13774,100994.992, 8.052,5532
13775,101002.305, 7.312,5532
13776,101009.602, 7.304,5532
13777,101016.859, 7.255,5532
13778,101024.250, 7.396,5532
13779,101033.828, 9.570,5532
13780,101042.945, 9.127,5532
13781,101050.984, 8.032,5532
13782,101058.750, 7.767,5532
13783,101066.398, 7.643,5532
13784,101073.945, 7.557,5532
13785,101081.273, 7.324,5532
13786,101088.586, 7.317,5532
13787,101096.211, 7.623,5532
13788,101103.578, 7.365,5532
13789,101111.148, 7.569,5532
13790,101118.484, 7.333,5532
13791,101125.742, 7.261,5532
13792,101133.141, 7.399,5532
13793,101142.148, 9.011,5532
13794,101149.922, 7.771,5532
13795,101157.539, 7.620,5532
13796,101165.352, 7.809,5532
13797,101172.922, 7.574,5532
13798,101180.492, 7.564,5532
13799,101187.758, 7.263,5532
13800,101195.086, 7.334,5532
13801,101202.594, 7.513,5532
13802,101209.945, 7.349,5532
13803,101217.609, 7.660,5532
13804,101225.125, 7.517,5532
13805,101232.672, 7.541,5532
13806,101240.078, 7.407,5532
13807,101248.117, 8.044,5532
13808,101255.734, 7.611,5532
13809,101263.203, 7.476,5532
13810,101271.547, 8.342,5532
13811,101279.203, 7.655,5532
13812,101287.445, 8.239,5532
13813,101294.898, 7.458,5532
13814,101302.289, 7.392,5532
13815,101309.977, 7.685,5532
13816,101317.266, 7.290,5532
13817,101324.570, 7.306,5532
13818,101333.078, 8.504,5532
13819,101340.914, 7.841,5532
13820,101349.133, 8.212,5532
13821,101357.305, 8.167,5532
13822,101365.250, 7.952,5532
13823,101374.313, 9.058,5532
13824,101382.625, 8.321,5532
13825,101391.211, 8.588,5532
13826,101399.367, 8.146,5532
13827,101407.375, 8.012,5532
13828,101415.602, 8.232,5532
13829,101425.977,10.364,5532
13830,101435.703, 9.734,5532
13831,101444.391, 8.682,5532
13832,101453.023, 8.638,5532
13833,101461.875, 8.853,5532
13834,101470.836, 8.962,5532
13835,101479.781, 8.940,5532
13836,101487.906, 8.128,5532
13837,101496.789, 8.884,5532
13838,101505.711, 8.917,5532
13839,101514.047, 8.336,5532
13840,101522.664, 8.620,5532
13841,101531.008, 8.340,5532
13842,101539.672, 8.662,5532
13843,101548.195, 8.530,5532
13844,101555.656, 7.453,5532
13845,101563.758, 8.105,5532
13846,101571.461, 7.706,5532
13847,101579.094, 7.632,5532
13848,101586.688, 7.590,5532
13849,101594.406, 7.720,5532
13850,101602.211, 7.811,5532
13851,101610.375, 8.158,5532
13852,101617.938, 7.574,5532
13853,101625.461, 7.514,5532
13854,101633.070, 7.610,5532
13855,101640.594, 7.527,5532
13856,101648.078, 7.484,5532
13857,101656.336, 8.256,5532
13858,101664.094, 7.757,5532
13859,101673.188, 9.099,5532
13860,101680.688, 7.492,5532
13861,101689.328, 8.639,5532
13862,101698.234, 8.916,5532
13863,101706.664, 8.418,5532
13864,101714.305, 7.644,5532
13865,101723.094, 8.788,5532
13866,101731.789, 8.701,5532
13867,101739.680, 7.885,5532
13868,101747.313, 7.634,5532
13869,101754.742, 7.435,5532
13870,101763.203, 8.460,5532
13871,101770.695, 7.485,5532
13872,101778.875, 8.191,5532
13873,101786.727, 7.846,5532
13874,101795.992, 9.261,5532
13875,101804.180, 8.191,5532
13876,101811.836, 7.659,5532
13877,101823.391,11.555,5532
13878,101833.523,10.131,5532
13879,101842.625, 9.107,5532
13880,101851.477, 8.846,5532
13881,101859.266, 7.793,5532
13882,101867.383, 8.116,5532
13883,101875.750, 8.368,5532
13884,101884.172, 8.422,5532
13885,101891.828, 7.658,5532
13886,101900.336, 8.500,5532
13887,101908.031, 7.698,5532
13888,101915.938, 7.914,5532
13889,101923.727, 7.782,5532
13890,101931.586, 7.865,5532
13891,101939.344, 7.751,5532
13892,101947.945, 8.605,5532
13893,101955.742, 7.792,5532
13894,101963.930, 8.191,5532
13895,101972.094, 8.161,5532
13896,101979.938, 7.847,5532
13897,101989.219, 9.280,5532
13898,101997.945, 8.728,5532
13899,102005.938, 7.990,5532
13900,102013.891, 7.959,5532
13901,102021.617, 7.723,5532
13902,102029.930, 8.315,5532
13903,102038.672, 8.737,5532
13904,102047.688, 9.018,5532
13905,102055.891, 8.201,5532
13906,102064.211, 8.326,5532
13907,102072.617, 8.403,5532
13908,102080.742, 8.120,5532
13909,102089.258, 8.521,5532
13910,102098.102, 8.839,5532
13911,102106.914, 8.814,5532
13912,102115.125, 8.212,5532
13913,102123.250, 8.125,5532
13914,102131.148, 7.902,5532
13915,102139.492, 8.340,5532
13916,102147.695, 8.198,5532
13917,102155.969, 8.276,5532
13918,102164.500, 8.535,5532
13919,102172.758, 8.252,5532
13920,102180.945, 8.197,5532
13921,102188.617, 7.672,5532
13922,102196.352, 7.724,5532
13923,102205.141, 8.791,5532
13924,102214.055, 8.920,5532
13925,102223.000, 8.942,5532
13926,102231.211, 8.216,5532
13927,102238.898, 7.686,5532
13928,102246.578, 7.677,5532
13929,102254.375, 7.799,5532
13930,102262.258, 7.884,5532
13931,102270.430, 8.167,5532
13932,102278.273, 7.852,5532
13933,102286.172, 7.891,5532
13934,102294.078, 7.904,5532
13935,102302.445, 8.371,5532
13936,102310.852, 8.408,5532
13937,102318.648, 7.792,5532
13938,102326.555, 7.913,5532
13939,102334.430, 7.873,5532
13940,102342.195, 7.764,5532
13941,102349.953, 7.762,5532
13942,102357.617, 7.662,5532
13943,102365.180, 7.560,5532
13944,102372.867, 7.686,5532
13945,102380.953, 8.089,5532
13946,102389.703, 8.749,5532
13947,102397.547, 7.848,5532
13948,102405.570, 8.023,5532
13949,102414.516, 8.941,5532
13950,102422.570, 8.060,5532
13951,102430.352, 7.770,5532
13952,102438.078, 7.734,5532
13953,102445.984, 7.898,5532
13954,102454.547, 8.572,5532
13955,102462.328, 7.776,5532
13956,102470.133, 7.806,5532
13957,102478.047, 7.916,5532
13958,102485.602, 7.554,5532
13959,102493.602, 8.001,5532
13960,102502.469, 8.867,5532
13961,102511.273, 8.804,5532
13962,102519.844, 8.567,5532
13963,102527.750, 7.912,5532
13964,102537.078, 9.324,5532
13965,102544.977, 7.896,5532
13966,102552.922, 7.950,5532
13967,102560.570, 7.652,5532
13968,102568.398, 7.820,5532
13969,102576.148, 7.756,5532
13970,102584.086, 7.936,5532
13971,102592.141, 8.054,5532
13972,102600.359, 8.216,5532
13973,102610.719,10.361,5532
13974,102620.570, 9.854,5532
13975,102629.625, 9.055,5532
13976,102637.789, 8.161,5532
13977,102645.648, 7.857,5532
13978,102653.820, 8.174,5532
13979,102662.453, 8.635,5532
13980,102671.219, 8.771,5532
13981,102679.383, 8.154,5532
13982,102688.031, 8.652,5532
13983,102696.266, 8.241,5532
13984,102704.289, 8.023,5532
13985,102712.273, 7.982,5532
13986,102720.359, 8.077,5532
13987,102728.922, 8.571,5532
13988,102737.414, 8.484,5532
13989,102745.398, 7.992,5532
13990,102753.328, 7.921,5532
13991,102761.617, 8.301,5532
13992,102769.773, 8.153,5532
13993,102777.734, 7.956,5532
13994,102786.461, 8.732,5532
13995,102794.875, 8.410,5532
13996,102803.258, 8.388,5532
13997,102811.797, 8.535,5532
13998,102820.664, 8.863,5532
13999,102829.109, 8.446,5532
14000,102838.031, 8.925,5532
14001,102846.555, 8.524,5532
14002,102855.320, 8.760,5532
14003,102863.680, 8.360,5532
14004,102872.344, 8.669,5532
14005,102880.859, 8.519,5532
14006,102889.063, 8.202,5532
14007,102898.211, 9.147,5532
14008,102907.922, 9.712,5532
14009,102916.461, 8.534,5532
14010,102924.813, 8.358,5532
14011,102933.563, 8.750,5532
14012,102941.570, 8.011,5532
14013,102951.227, 9.654,5532
14014,102960.016, 8.785,5532
14015,102967.828, 7.815,5532
14016,102975.703, 7.867,5532
14017,102984.352, 8.652,5532
14018,102992.172, 7.820,5532
14019,103000.180, 8.008,5532
14020,103009.219, 9.039,5532
14021,103017.969, 8.745,5532
14022,103026.094, 8.134,5532
14023,103034.641, 8.541,5532
14024,103043.023, 8.385,5532
14025,103051.609, 8.588,5532
14026,103059.625, 8.018,5532
14027,103067.859, 8.229,5532
14028,103075.828, 7.970,5532
14029,103083.859, 8.030,5532
14030,103092.250, 8.399,5532
14031,103100.984, 8.721,5532
14032,103110.078, 9.102,5532
14033,103119.383, 9.300,5532
14034,103127.875, 8.495,5532
14035,103135.758, 7.884,5532
14036,103143.797, 8.041,5532
14037,103151.500, 7.704,5532
14038,103159.852, 8.353,5532
14039,103167.781, 7.925,5532
14040,103175.820, 8.042,5532
14041,103183.570, 7.746,5532
14042,103192.422, 8.853,5532
14043,103201.781, 9.356,5532
14044,103209.969, 8.185,5532
14045,103218.422, 8.459,5532
14046,103227.164, 8.744,5532
14047,103235.234, 8.074,5532
14048,103243.195, 7.959,5532
14049,103251.180, 7.985,5532
14050,103259.063, 7.873,5532
14051,103268.313, 9.255,5532
14052,103276.469, 8.159,5532
14053,103284.320, 7.844,5532
14054,103292.117, 7.806,5532
14055,103299.977, 7.849,5532
14056,103307.797, 7.830,5532
14057,103315.508, 7.711,5532
14058,103323.969, 8.456,5532
14059,103331.766, 7.796,5532
14060,103339.891, 8.134,5532
14061,103349.453, 9.553,5532
14062,103357.750, 8.302,5532
14063,103366.102, 8.349,5532
14064,103374.969, 8.865,5532
14065,103383.469, 8.501,5532
14066,103391.719, 8.246,5532
14067,103402.055,10.339,5532
14068,103411.781, 9.730,5532
14069,103420.781, 9.001,5532
14070,103429.734, 8.949,5532
14071,103439.227, 9.498,5532
14072,103448.820, 9.592,5532
14073,103457.445, 8.627,5532
14074,103470.766,13.313,5532
14075,103480.680, 9.914,5532
14076,103489.273, 8.602,5532
14077,103498.219, 8.944,5532
14078,103506.859, 8.640,5532
14079,103515.352, 8.488,5532
14080,103523.922, 8.578,5532
14081,103533.164, 9.238,5532
14082,103541.820, 8.657,5532
14083,103550.617, 8.795,5532
14084,103559.234, 8.622,5532
14085,103568.375, 9.131,5532
14086,103576.242, 7.873,5532
14087,103584.992, 8.743,5532
14088,103593.102, 8.111,5532
14089,103601.055, 7.957,5532
14090,103609.086, 8.031,5532
14091,103617.453, 8.368,5532
14092,103625.211, 7.759,5532
14093,103633.141, 7.924,5532
14094,103641.922, 8.788,5532
14095,103649.781, 7.859,5532
14096,103657.555, 7.777,5532
14097,103665.516, 7.955,5532
14098,103673.422, 7.903,5532
14099,103681.930, 8.513,5532
14100,103690.273, 8.342,5532
14101,103698.414, 8.141,5532
14102,103706.406, 7.988,5532
14103,103715.031, 8.624,5532
14104,103723.078, 8.049,5532
14105,103731.766, 8.686,5532
14106,103740.172, 8.410,5532
14107,103749.117, 8.944,5532
14108,103757.859, 8.746,5532
14109,103765.898, 8.041,5532
14110,103774.789, 8.883,5532
14111,103782.781, 7.993,5532
14112,103791.227, 8.451,5532
14113,103801.656,10.420,5532
14114,103810.430, 8.777,5532
14115,103819.055, 8.623,5532
14116,103827.156, 8.106,5532
14117,103835.992, 8.833,5532
14118,103843.984, 7.994,5532
14119,103852.172, 8.193,5532
14120,103860.336, 8.156,5532
14121,103869.203, 8.873,5532
14122,103877.430, 8.228,5532
14123,103885.602, 8.172,5532
14124,103893.836, 8.235,5532
14125,103902.188, 8.347,5532
14126,103910.820, 8.630,5532
14127,103919.188, 8.369,5532
14128,103927.133, 7.950,5532
14129,103935.977, 8.834,5532
14130,103943.977, 7.999,5532
14131,103951.828, 7.860,5532
14132,103959.703, 7.876,5532
14133,103967.906, 8.204,5532
14134,103976.133, 8.225,5532
14135,103984.766, 8.630,5532
14136,103993.195, 8.433,5532
14137,104001.211, 8.019,5532
14138,104010.766, 9.548,5532
14139,104019.438, 8.676,5532
14140,104027.742, 8.302,5532
14141,104036.430, 8.690,5532
14142,104046.438,10.008,5532
14143,104054.992, 8.550,5532
14144,104063.508, 8.523,5532
14145,104072.000, 8.486,5532
14146,104080.563, 8.570,5532
14147,104089.234, 8.672,5532
14148,104098.688, 9.444,5532
14149,104107.438, 8.752,5532
14150,104116.156, 8.718,5532
14151,104125.039, 8.884,5532
14152,104133.914, 8.877,5532
14153,104142.414, 8.499,5532
14154,104151.992, 9.572,5532
14155,104160.563, 8.581,5532
14156,104168.969, 8.397,5532
14157,104177.914, 8.952,5532
14158,104187.648, 9.731,5532
14159,104197.820,10.173,5532
14160,104206.320, 8.496,5532
14161,104215.781, 9.468,5532
14162,104224.664, 8.872,5532
14163,104233.188, 8.528,5532
14164,104242.313, 9.121,5532
14165,104250.602, 8.297,5532
14166,104259.906, 9.308,5532
14167,104268.195, 8.285,5532
14168,104276.438, 8.239,5532
14169,104284.664, 8.222,5532
14170,104292.984, 8.324,5532
14171,104301.281, 8.302,5532
14172,104309.406, 8.119,5532
14173,104317.648, 8.243,5532
14174,104325.945, 8.305,5532
14175,104335.609, 9.666,5532
14176,104344.695, 9.079,5532
14177,104353.008, 8.310,5532
14178,104361.414, 8.411,5532
14179,104369.461, 8.045,5532
14180,104377.703, 8.240,5532
14181,104385.883, 8.183,5532
14182,104394.594, 8.711,5532
14183,104403.453, 8.860,5532
14184,104411.414, 7.957,5532
14185,104419.609, 8.204,5532
14186,104427.672, 8.049,5532
14187,104436.039, 8.376,5532
14188,104444.172, 8.129,5532
14189,104452.375, 8.203,5532
14190,104460.570, 8.197,5532
14191,104468.727, 8.152,5532
14192,104477.734, 9.009,5532
14193,104485.813, 8.085,5532
14194,104494.164, 8.346,5532
14195,104502.078, 7.913,5532
14196,104510.047, 7.967,5532
14197,104518.328, 8.280,5532
14198,104526.438, 8.112,5532
14199,104534.477, 8.044,5532
14200,104543.758, 9.279,5532
14201,104552.313, 8.553,5532
14202,104561.414, 9.099,5532
14203,104569.773, 8.363,5532
14204,104579.164, 9.393,5532
14205,104588.375, 9.205,5532
14206,104596.758, 8.390,5532
14207,104605.211, 8.455,5532
14208,104613.875, 8.664,5532
14209,104622.938, 9.065,5532
14210,104631.156, 8.209,5532
14211,104640.656, 9.502,5532
14212,104649.430, 8.770,5532
14213,104657.945, 8.522,5532
14214,104666.477, 8.533,5532
14215,104675.688, 9.208,5532
14216,104684.203, 8.520,5532
14217,104692.719, 8.512,5532
14218,104701.195, 8.480,5532
14219,104709.297, 8.091,5532
14220,104717.578, 8.290,5532
14221,104726.219, 8.643,5532
14222,104734.383, 8.158,5532
14223,104742.766, 8.383,5532
14224,104751.484, 8.718,5532
14225,104760.492, 9.013,5532
14226,104769.664, 9.163,5532
14227,104779.414, 9.750,5532
14228,104788.352, 8.942,5532
14229,104797.219, 8.873,5532
14230,104805.828, 8.604,5532
14231,104814.789, 8.961,5532
14232,104824.273, 9.492,5532
14233,104833.602, 9.327,5532
14234,104842.469, 8.864,5532
14235,104851.453, 8.982,5532
14236,104860.547, 9.094,5532
14237,104869.680, 9.127,5532
14238,104878.453, 8.782,5532
14239,104887.266, 8.812,5532
14240,104896.680, 9.408,5532
14241,104906.195, 9.522,5532
14242,104915.172, 8.974,5532
14243,104924.039, 8.867,5532
14244,104933.383, 9.339,5532
14245,104941.703, 8.324,5532
14246,104949.789, 8.087,5532
14247,104957.984, 8.189,5532
14248,104967.047, 9.068,5532
14249,104977.039, 9.988,5532
14250,104986.164, 9.131,5532
14251,104994.555, 8.388,5532
14252,105002.813, 8.258,5532
14253,105011.383, 8.566,5532
14254,105019.664, 8.282,5532
14255,105027.969, 8.307,5532
14256,105036.164, 8.194,5532
14257,105045.695, 9.529,5532
14258,105053.938, 8.247,5532
14259,105062.328, 8.390,5532
14260,105070.883, 8.555,5532
14261,105080.180, 9.296,5532
14262,105089.352, 9.168,5532
14263,105097.734, 8.387,5532
14264,105106.781, 9.047,5532
14265,105114.953, 8.176,5532
14266,105123.023, 8.063,5532
14267,105131.164, 8.143,5532
14268,105139.133, 7.970,5532
14269,105147.320, 8.185,5532
14270,105155.578, 8.265,5532
14271,105163.758, 8.175,5532
14272,105171.930, 8.179,5532
14273,105180.750, 8.814,5532
14274,105189.023, 8.270,5532
14275,105197.102, 8.084,5532
14276,105205.453, 8.346,5532
14277,105213.750, 8.296,5532
14278,105222.055, 8.307,5532
14279,105230.164, 8.115,5532
14280,105239.188, 9.020,5532
14281,105247.258, 8.073,5532
14282,105255.180, 7.917,5532
14283,105263.445, 8.269,5532
14284,105271.609, 8.166,5532
14285,105279.727, 8.109,5532
14286,105288.719, 8.992,5532
14287,105297.125, 8.410,5532
14288,105305.484, 8.360,5532
14289,105313.688, 8.197,5532
14290,105321.906, 8.225,5532
14291,105330.211, 8.307,5532
14292,105338.422, 8.204,5532
14293,105346.789, 8.375,5532
14294,105355.156, 8.368,5532
14295,105364.414, 9.256,5532
14296,105375.023,10.602,5532
14297,105384.109, 9.092,5532
14298,105393.508, 9.396,5532
14299,105403.172, 9.664,5532
14300,105411.977, 8.800,5532
14301,105420.500, 8.530,5532
14302,105429.414, 8.909,5532
14303,105437.711, 8.299,5532
14304,105446.078, 8.367,5532
14305,105455.164, 9.087,5532
14306,105464.461, 9.300,5532
14307,105473.633, 9.165,5532
14308,105482.141, 8.512,5532
14309,105490.609, 8.473,5532
14310,105500.313, 9.693,5532
14311,105508.727, 8.417,5532
14312,105517.359, 8.633,5532
14313,105526.039, 8.686,5532
14314,105534.523, 8.487,5532
14315,105543.477, 8.949,5532
14316,105552.469, 8.994,5532
14317,105561.328, 8.854,5532
14318,105570.047, 8.717,5532
14319,105578.789, 8.744,5532
14320,105588.391, 9.601,5532
14321,105598.375, 9.985,5532
14322,105607.617, 9.248,5532
14323,105616.953, 9.339,5532
14324,105625.859, 8.902,5532
14325,105635.492, 9.633,5532
14326,105644.391, 8.895,5532
14327,105653.063, 8.671,5532
14328,105661.953, 8.896,5532
14329,105672.070,10.113,5532
14330,105681.063, 8.996,5532
14331,105691.078,10.011,5532
14332,105699.977, 8.895,5532
14333,105709.352, 9.381,5532
14334,105718.078, 8.727,5532
14335,105726.328, 8.245,5532
14336,105734.820, 8.493,5532
14337,105744.125, 9.310,5532
14338,105752.328, 8.202,5532
14339,105762.508,10.177,5532
14340,105773.391,10.880,5532
14341,105782.703, 9.316,5532
14342,105791.492, 8.793,5532
14343,105800.008, 8.507,5532
14344,105809.094, 9.088,5532
14345,105818.203, 9.112,5532
14346,105826.773, 8.572,5532
14347,105835.297, 8.517,5532
14348,105843.984, 8.689,5532
14349,105852.453, 8.477,5532
14350,105861.328, 8.869,5532
14351,105870.023, 8.698,5532
14352,105878.766, 8.738,5532
14353,105887.422, 8.658,5532
14354,105895.984, 8.563,5532
14355,105904.563, 8.585,5532
14356,105913.008, 8.440,5532
14357,105921.742, 8.734,5532
14358,105930.406, 8.662,5532
14359,105938.984, 8.581,5532
14360,105947.273, 8.292,5532
14361,105955.914, 8.637,5532
14362,105964.195, 8.281,5532
14363,105973.164, 8.972,5532
14364,105982.422, 9.250,5532
14365,105990.992, 8.571,5532
14366,105999.367, 8.381,5532
14367,106008.328, 8.959,5532
14368,106016.695, 8.365,5532
14369,106025.070, 8.375,5532
14370,106033.961, 8.889,5532
14371,106042.430, 8.474,5532
14372,106051.258, 8.829,5532
14373,106059.672, 8.410,5532
14374,106068.102, 8.432,5532
14375,106076.516, 8.413,5532
14376,106084.875, 8.363,5532
14377,106094.219, 9.343,5532
14378,106102.492, 8.272,5532
14379,106111.805, 9.314,5532
14380,106120.945, 9.143,5532
14381,106129.461, 8.510,5532
14382,106138.883, 9.428,5532
14383,106147.555, 8.673,5532
14384,106156.844, 9.287,5532
14385,106166.875,10.029,5532
14386,106175.844, 8.967,5532
14387,106184.664, 8.813,5532
14388,106193.398, 8.742,5532
14389,106201.859, 8.464,5532
14390,106211.031, 9.168,5532
14391,106219.508, 8.475,5532
14392,106228.984, 9.472,5532
14393,106238.969, 9.987,5532
14394,106247.805, 8.843,5532
14395,106256.516, 8.711,5532
14396,106264.891, 8.376,5532
14397,106273.125, 8.230,5532
14398,106281.578, 8.454,5532
14399,106289.836, 8.255,5532
14400,106298.422, 8.590,5532
14401,106306.672, 8.248,5532
14402,106315.125, 8.449,5532
14403,106324.008, 8.882,5532
14404,106333.734, 9.733,5532
14405,106342.492, 8.758,5532
14406,106351.945, 9.456,5532
14407,106360.914, 8.971,5532
14408,106369.938, 9.019,5532
14409,106378.742, 8.802,5532
14410,106388.086, 9.343,5532
14411,106397.016, 8.928,5532
14412,106405.750, 8.733,5532
14413,106414.859, 9.116,5532
14414,106423.797, 8.936,5532
14415,106432.555, 8.760,5532
14416,106441.313, 8.749,5532
14417,106450.742, 9.435,5532
14418,106460.828,10.087,5532
14419,106469.828, 9.003,5532
14420,106479.828, 9.993,5532
14421,106487.859, 8.036,5532
14422,106495.977, 8.109,5532
14423,106504.258, 8.287,5532
14424,106512.742, 8.486,5532
14425,106521.031, 8.284,5532
14426,106529.094, 8.068,5532
14427,106537.367, 8.269,5532
14428,106545.914, 8.551,5532
14429,106554.727, 8.811,5532
14430,106565.078,10.353,5532
14431,106574.008, 8.926,5532
14432,106582.406, 8.401,5532
14433,106590.984, 8.578,5532
14434,106599.281, 8.297,5532
14435,106608.219, 8.937,5532
14436,106616.672, 8.449,5532
14437,106625.008, 8.341,5532
14438,106633.398, 8.392,5532
14439,106641.734, 8.337,5532
14440,106650.063, 8.325,5532
14441,106658.320, 8.253,5532
14442,106666.945, 8.630,5532
14443,106676.023, 9.077,5532
14444,106685.305, 9.276,5532
14445,106693.828, 8.531,5532
14446,106701.992, 8.164,5532
14447,106710.188, 8.197,5532
14448,106718.359, 8.165,5532
14449,106726.609, 8.256,5532
14450,106734.805, 8.193,5532
14451,106743.094, 8.292,5532
14452,106752.406, 9.305,5532
14453,106760.594, 8.199,5532
14454,106769.164, 8.567,5532
14455,106777.891, 8.729,5532
14456,106786.398, 8.502,5532
14457,106795.672, 9.270,5532
14458,106804.086, 8.414,5532
14459,106812.430, 8.344,5532
14460,106820.773, 8.346,5532
14461,106829.352, 8.577,5532
14462,106837.703, 8.352,5532
14463,106845.891, 8.189,5532
14464,106854.672, 8.781,5532
14465,106863.234, 8.570,5532
14466,106872.586, 9.348,5532
14467,106881.656, 9.065,5532
14468,106891.680,10.022,5532
14469,106901.188, 9.517,5532
14470,106909.789, 8.597,5532
14471,106919.273, 9.489,5532
14472,106928.086, 8.804,5532
14473,106937.555, 9.474,5532
14474,106946.414, 8.859,5532
14475,106956.828,10.410,5532
14476,106968.469,11.646,5532
14477,106977.969, 9.493,5532
14478,106987.414, 9.446,5532
14479,106996.922, 9.517,5532
14480,107006.023, 9.089,5532
14481,107015.250, 9.238,5532
14482,107024.188, 8.934,5532
14483,107033.438, 9.246,5532
14484,107042.352, 8.914,5532
14485,107051.461, 9.114,5532
14486,107060.672, 9.204,5532
14487,107069.883, 9.221,5532
14488,107079.813, 9.924,5532
14489,107090.391,10.580,5532
14490,107100.273, 9.884,5532
14491,107109.961, 9.684,5532
14492,107118.492, 8.530,5532
14493,107126.922, 8.438,5532
14494,107135.398, 8.473,5532
14495,107143.820, 8.420,5532
14496,107153.547, 9.730,5532
14497,107161.727, 8.177,5532
14498,107170.039, 8.308,5532
14499,107178.195, 8.165,5532
14500,107186.422, 8.221,5532
14501,107194.711, 8.288,5532
14502,107203.711, 9.000,5532
14503,107213.156, 9.446,5532
14504,107221.469, 8.312,5532
14505,107230.633, 9.165,5532
14506,107238.898, 8.271,5532
14507,107247.172, 8.265,5532
14508,107255.508, 8.337,5532
14509,107264.164, 8.663,5532
14510,107272.383, 8.214,5532
14511,107280.969, 8.585,5532
14512,107291.055,10.084,5532
14513,107299.391, 8.335,5532
14514,107307.820, 8.433,5532
14515,107316.680, 8.858,5532
14516,107325.203, 8.528,5532
14517,107333.813, 8.607,5532
14518,107342.258, 8.448,5532
14519,107351.969, 9.704,5532
14520,107361.703, 9.735,5532
14521,107370.375, 8.669,5532
14522,107378.727, 8.353,5532
14523,107387.336, 8.615,5532
14524,107396.664, 9.328,5532
14525,107405.055, 8.390,5532
14526,107413.594, 8.540,5532
14527,107422.773, 9.179,5532
14528,107431.227, 8.456,5532
14529,107439.734, 8.504,5532
14530,107448.164, 8.427,5532
14531,107457.227, 9.069,5532
14532,107465.672, 8.436,5532
14533,107474.680, 9.010,5532
14534,107483.195, 8.522,5532
14535,107491.695, 8.497,5532
14536,107500.008, 8.312,5532
14537,107508.547, 8.542,5532
14538,107517.258, 8.713,5532
14539,107526.539, 9.276,5532
14540,107535.055, 8.514,5532
14541,107544.766, 9.713,5532
14542,107554.672, 9.907,5532
14543,107563.305, 8.627,5532
14544,107572.477, 9.181,5532
14545,107581.461, 8.981,5532
14546,107590.539, 9.079,5532
14547,107599.398, 8.861,5532
14548,107608.508, 9.111,5532
14549,107617.398, 8.882,5532
14550,107626.188, 8.798,5532
14551,107635.656, 9.458,5532
14552,107645.453, 9.802,5532
14553,107654.297, 8.839,5532
14554,107664.031, 9.739,5532
14555,107672.773, 8.744,5532
14556,107681.570, 8.795,5532
14557,107690.375, 8.803,5532
14558,107699.359, 8.983,5532
14559,107708.883, 9.530,5532
14560,107718.867, 9.980,5532
14561,107727.258, 8.399,5532
14562,107735.797, 8.535,5532
14563,107746.297,10.497,5532
14564,107755.875, 9.580,5532
14565,107764.297, 8.415,5532
14566,107773.578, 9.288,5532
14567,107782.266, 8.693,5532
14568,107791.500, 9.231,5532
14569,107801.141, 9.640,5532
14570,107809.508, 8.369,5532
14571,107817.969, 8.455,5532
14572,107827.406, 9.438,5532
14573,107836.109, 8.701,5532
14574,107844.836, 8.730,5532
14575,107853.523, 8.687,5532
14576,107862.773, 9.254,5532
14577,107871.563, 8.791,5532
14578,107880.867, 9.305,5532
14579,107889.102, 8.228,5532
14580,107898.133, 9.032,5532
14581,107906.383, 8.248,5532
14582,107914.484, 8.107,5532
14583,107922.727, 8.235,5532
14584,107931.781, 9.060,5532
14585,107940.992, 9.204,5532
14586,107949.375, 8.388,5532
14587,107958.984, 9.603,5532
14588,107968.094, 9.113,5532
14589,107976.242, 8.156,5532
14590,107985.203, 8.959,5532
14591,107993.445, 8.236,5532
14592,108002.484, 9.039,5532
14593,108011.523, 9.048,5532
14594,108019.734, 8.200,5532
14595,108028.688, 8.958,5532
14596,108037.391, 8.700,5532
14597,108046.313, 8.922,5532
14598,108054.898, 8.594,5532
14599,108063.828, 8.923,5532
14600,108072.102, 8.272,5532
14601,108080.367, 8.264,5532
14602,108089.430, 9.066,5532
14603,108099.320, 9.889,5532
14604,108107.539, 8.220,5532
14605,108115.922, 8.392,5532
14606,108124.930, 9.006,5532
14607,108135.078,10.146,5532
14608,108145.492,10.416,5532
14609,108154.531, 9.032,5532
14610,108163.430, 8.900,5532
14611,108172.297, 8.864,5532
14612,108181.602, 9.310,5532
14613,108190.203, 8.603,5532
14614,108198.633, 8.420,5532
14615,108208.352, 9.724,5532
14616,108217.719, 9.366,5532
14617,108226.656, 8.936,5532
14618,108236.008, 9.356,5532
14619,108244.664, 8.652,5532
14620,108253.094, 8.431,5532
14621,108262.328, 9.237,5532
14622,108271.063, 8.729,5532
14623,108279.945, 8.889,5532
14624,108288.625, 8.675,5532
14625,108297.398, 8.775,5532
14626,108307.188, 9.797,5532
14627,108315.766, 8.572,5532
14628,108324.406, 8.644,5532
14629,108333.266, 8.858,5532
14630,108341.938, 8.677,5532
14631,108350.680, 8.735,5532
14632,108360.383, 9.702,5532
14633,108369.969, 9.587,5532
14634,108379.703, 9.732,5532
14635,108388.914, 9.218,5532
14636,108399.016,10.092,5532
14637,108408.906, 9.896,5532
14638,108418.602, 9.699,5532
14639,108427.484, 8.880,5532
14640,108435.992, 8.502,5532
14641,108445.805, 9.819,5532
14642,108455.344, 9.532,5532
14643,108464.570, 9.236,5532
14644,108474.203, 9.634,5532
14645,108483.742, 9.532,5532
14646,108492.805, 9.065,5532
14647,108502.102, 9.293,5532
14648,108510.516, 8.423,5532
14649,108518.898, 8.380,5532
14650,108527.344, 8.440,5532
14651,108536.492, 9.149,5532
14652,108546.664,10.167,5532
14653,108556.359, 9.696,5532
14654,108564.875, 8.525,5532
14655,108573.844, 8.964,5532
14656,108582.445, 8.602,5532
14657,108592.008, 9.562,5532
14658,108602.070,10.064,5532
14659,108610.852, 8.781,5532
14660,108619.547, 8.695,5532
14661,108627.969, 8.417,5532
14662,108636.680, 8.714,5532
14663,108645.305, 8.621,5532
14664,108653.914, 8.617,5532
14665,108662.492, 8.577,5532
14666,108671.289, 8.793,5532
14667,108680.688, 9.398,5532
14668,108690.203, 9.524,5532
14669,108699.172, 8.968,5532
14670,108707.656, 8.476,5532
14671,108717.266, 9.616,5532
14672,108726.469, 9.199,5532
14673,108734.813, 8.347,5532
14674,108743.898, 9.089,5532
14675,108752.391, 8.491,5532
14676,108760.719, 8.321,5532
14677,108769.141, 8.427,5532
14678,108777.563, 8.427,5532
14679,108786.219, 8.651,5532
14680,108794.609, 8.396,5532
14681,108803.367, 8.746,5532
14682,108812.727, 9.360,5532
14683,108822.023, 9.296,5532
14684,108830.391, 8.373,5532
14685,108838.992, 8.597,5532
14686,108847.625, 8.635,5532
14687,108856.703, 9.076,5532
14688,108865.203, 8.503,5532
14689,108873.813, 8.615,5532
14690,108882.406, 8.589,5532
14691,108890.711, 8.308,5532
14692,108899.961, 9.247,5532
14693,108908.898, 8.943,5532
14694,108918.469, 9.563,5532
14695,108929.836,11.374,5532
14696,108940.188,10.350,5532
14697,108949.156, 8.969,5532
14698,108958.320, 9.159,5532
14699,108967.859, 9.539,5532
14700,108976.547, 8.693,5532
14701,108985.086, 8.536,5532
14702,108993.820, 8.734,5532
14703,109002.422, 8.603,5532
14704,109011.000, 8.577,5532
14705,109020.313, 9.305,5532
14706,109029.320, 9.016,5532
14707,109038.789, 9.464,5532
14708,109047.633, 8.844,5532
14709,109056.484, 8.858,5532
14710,109065.125, 8.642,5532
14711,109073.969, 8.833,5532
14712,109082.625, 8.659,5532
14713,109092.164, 9.547,5532
14714,109101.305, 9.129,5532
14715,109111.000, 9.699,5532
14716,109121.008,10.006,5532
14717,109130.820, 9.819,5532
14718,109140.141, 9.321,5532
14719,109149.188, 9.045,5532
14720,109158.148, 8.958,5532
14721,109167.188, 9.040,5532
14722,109176.727, 9.538,5532
14723,109185.914, 9.192,5532
14724,109195.031, 9.113,5532
14725,109204.133, 9.103,5532
14726,109213.930, 9.800,5532
14727,109223.063, 9.131,5532
14728,109233.891,10.832,5532
14729,109243.141, 9.251,5532
14730,109252.648, 9.496,5532
14731,109261.648, 9.005,5532
14732,109270.078, 8.430,5532
14733,109278.680, 8.598,5532
14734,109287.703, 9.025,5532
14735,109296.430, 8.732,5532
14736,109305.078, 8.642,5532
14737,109313.852, 8.781,5532
14738,109322.461, 8.609,5532
14739,109331.898, 9.438,5532
14740,109342.672,10.771,5532
14741,109351.742, 9.067,5532
14742,109361.086, 9.345,5532
14743,109369.844, 8.763,5532
14744,109378.984, 9.130,5532
14745,109387.742, 8.767,5532
14746,109396.656, 8.909,5532
14747,109405.320, 8.667,5532
14748,109414.266, 8.948,5532
14749,109423.133, 8.865,5532
14750,109431.906, 8.774,5532
14751,109440.711, 8.799,5532
14752,109450.414, 9.706,5532
14753,109459.234, 8.822,5532
14754,109467.836, 8.602,5532
14755,109476.297, 8.458,5532
14756,109485.234, 8.947,5532
14757,109493.758, 8.517,5532
14758,109502.695, 8.933,5532
14759,109511.383, 8.688,5532
14760,109520.211, 8.833,5532
14761,109528.695, 8.480,5532
14762,109538.445, 9.750,5532
14763,109547.352, 8.903,5532
14764,109556.742, 9.397,5532
14765,109565.391, 8.650,5532
14766,109574.148, 8.756,5532
14767,109582.773, 8.621,5532
14768,109591.688, 8.916,5532
14769,109600.531, 8.846,5532
14770,109609.125, 8.595,5532
14771,109618.063, 8.935,5532
14772,109626.766, 8.702,5532
14773,109635.508, 8.743,5532
14774,109644.656, 9.146,5532
14775,109653.320, 8.665,5532
14776,109662.688, 9.367,5532
14777,109671.492, 8.806,5532
14778,109681.969,10.474,5532
14779,109691.063, 9.100,5532
14780,109700.422, 9.356,5532
14781,109709.453, 9.030,5532
14782,109718.758, 9.311,5532
14783,109729.875,11.118,5532
14784,109740.719,10.836,5532
14785,109750.016, 9.300,5532
14786,109759.773, 9.758,5532
14787,109769.867,10.095,5532
14788,109779.258, 9.393,5532
14789,109788.484, 9.224,5532
14790,109797.797, 9.316,5532
14791,109808.023,10.222,5532
14792,109818.406,10.382,5532
14793,109828.438,10.032,5532
14794,109837.563, 9.130,5532
14795,109847.813,10.250,5532
14796,109858.250,10.439,5532
14797,109868.422,10.168,5532
14798,109878.188, 9.766,5532
14799,109888.492,10.300,5532
14800,109898.047, 9.553,5532
14801,109906.633, 8.590,5532
14802,109915.719, 9.087,5532
14803,109924.555, 8.834,5532
14804,109933.484, 8.931,5532
14805,109942.008, 8.522,5532
14806,109950.641, 8.630,5532
14807,109959.313, 8.670,5532
14808,109967.750, 8.444,5532
14809,109977.117, 9.369,5532
14810,109986.477, 9.359,5532
14811,109996.094, 9.617,5532
14812,110005.555, 9.463,5532
14813,110014.703, 9.141,5532
14814,110023.781, 9.081,5532
14815,110032.539, 8.757,5532
14816,110041.586, 9.047,5532
14817,110050.375, 8.789,5532
14818,110059.648, 9.273,5532
14819,110068.430, 8.782,5532
14820,110077.086, 8.658,5532
14821,110086.055, 8.965,5532
14822,110095.078, 9.026,5532
14823,110105.109,10.027,5532
14824,110113.742, 8.633,5532
14825,110122.734, 8.997,5532
14826,110132.922,10.190,5532
14827,110142.305, 9.378,5532
14828,110151.063, 8.760,5532
14829,110159.586, 8.530,5532
14830,110169.023, 9.425,5532
14831,110177.930, 8.913,5532
14832,110187.266, 9.337,5532
14833,110197.344,10.072,5532
14834,110206.867, 9.529,5532
14835,110215.859, 8.988,5532
14836,110225.172, 9.312,5532
14837,110234.109, 8.938,5532
14838,110243.508, 9.401,5532
14839,110252.297, 8.781,5532
14840,110261.297, 9.002,5532
14841,110270.023, 8.734,5532
14842,110278.695, 8.671,5532
14843,110287.359, 8.658,5532
14844,110297.102, 9.745,5532
14845,110306.484, 9.390,5532
14846,110315.992, 9.502,5532
14847,110325.164, 9.177,5532
14848,110334.242, 9.081,5532
14849,110343.633, 9.382,5532
14850,110358.422,14.788,5532
14851,110367.969, 9.544,5532
14852,110377.969,10.004,5532
14853,110387.313, 9.339,5532
14854,110397.289, 9.975,5532
14855,110407.211, 9.929,5532
14856,110416.578, 9.374,5532
14857,110425.922, 9.337,5532
14858,110435.336, 9.412,5532
14859,110444.391, 9.060,5532
14860,110453.523, 9.133,5532
14861,110462.656, 9.124,5532
14862,110471.578, 8.930,5532
14863,110481.336, 9.750,5532
14864,110490.898, 9.570,5532
14865,110500.195, 9.299,5532
14866,110510.047, 9.847,5532
14867,110520.523,10.479,5532
14868,110532.445,11.920,5532
14869,110541.602, 9.162,5532
14870,110550.672, 9.059,5532
14871,110559.930, 9.266,5532
14872,110568.758, 8.822,5532
14873,110578.055, 9.303,5532
14874,110587.219, 9.166,5532
14875,110597.422,10.197,5532
14876,110607.172, 9.749,5532
14877,110617.016, 9.841,5532
14878,110626.391, 9.375,5532
14879,110635.609, 9.228,5532
14880,110644.531, 8.916,5532
14881,110654.164, 9.638,5532
14882,110662.781, 8.614,5532
14883,110671.438, 8.656,5532
14884,110680.563, 9.129,5532
14885,110689.477, 8.912,5532
14886,110698.516, 9.035,5532
14887,110707.422, 8.907,5532
14888,110716.148, 8.731,5532
14889,110725.570, 9.420,5532
14890,110734.258, 8.692,5532
14891,110743.938, 9.680,5532
14892,110753.195, 9.255,5532
14893,110762.297, 9.094,5532
14894,110771.727, 9.431,5532
14895,110780.500, 8.777,5532
14896,110789.141, 8.644,5532
14897,110797.766, 8.623,5532
14898,110806.391, 8.621,5532
14899,110815.164, 8.774,5532
14900,110824.516, 9.356,5532
14901,110835.070,10.554,5532
14902,110844.039, 8.965,5532
14903,110853.148, 9.110,5532
14904,110861.977, 8.823,5532
14905,110871.297, 9.321,5532
14906,110879.844, 8.558,5532
14907,110889.156, 9.305,5532
14908,110898.328, 9.168,5532
14909,110907.500, 9.177,5532
14910,110917.828,10.327,5532
14911,110928.422,10.597,5532
14912,110938.398, 9.976,5532
14913,110947.977, 9.574,5532
14914,110957.680, 9.702,5532
14915,110967.055, 9.381,5532
14916,110976.930, 9.879,5532
14917,110985.867, 8.933,5532
14918,110995.156, 9.293,5532
14919,111003.953, 8.786,5532
14920,111014.391,10.446,5532
14921,111024.539,10.146,5532
14922,111034.742,10.202,5532
14923,111046.180,11.444,5532
14924,111055.219, 9.034,5532
14925,111064.648, 9.423,5532
14926,111073.664, 9.016,5532
14927,111083.297, 9.636,5532
14928,111092.547, 9.259,5532
14929,111101.484, 8.935,5532
14930,111110.969, 9.474,5532
14931,111120.117, 9.156,5532
14932,111130.172,10.052,5532
14933,111140.148, 9.975,5532
14934,111150.070, 9.921,5532
14935,111160.297,10.230,5532
14936,111170.195, 9.905,5532
14937,111180.266,10.068,5532
14938,111190.031, 9.761,5532
14939,111199.523, 9.494,5532
14940,111209.109, 9.583,5532
14941,111218.430, 9.325,5532
14942,111227.922, 9.497,5532
14943,111237.469, 9.543,5532
14944,111246.914, 9.442,5532
14945,111256.930,10.022,5532
14946,111267.016,10.075,5532
14947,111276.914, 9.903,5532
14948,111286.984,10.068,5532
14949,111296.930, 9.953,5532
14950,111305.813, 8.876,5532
14951,111314.836, 9.025,5532
14952,111325.633,10.794,5532
14953,111335.492, 9.859,5532
14954,111344.539, 9.053,5532
14955,111353.727, 9.181,5532
14956,111363.672, 9.948,5532
14957,111372.898, 9.233,5532
14958,111381.977, 9.070,5532
14959,111391.648, 9.670,5532
14960,111401.516, 9.875,5532
14961,111411.258, 9.745,5532
14962,111420.594, 9.336,5532
14963,111429.508, 8.911,5532
14964,111438.789, 9.281,5532
14965,111447.977, 9.181,5532
14966,111457.219, 9.246,5532
14967,111466.828, 9.613,5532
14968,111476.180, 9.345,5532
14969,111485.188, 9.014,5532
14970,111495.477,10.287,5532
14971,111504.930, 9.456,5532
14972,111514.180, 9.246,5532
14973,111523.219, 9.038,5532
14974,111532.719, 9.496,5532
14975,111541.766, 9.047,5532
14976,111550.727, 8.965,5532
14977,111559.898, 9.175,5532
14978,111569.625, 9.717,5532
14979,111579.781,10.163,5532
14980,111589.500, 9.721,5532
14981,111599.320, 9.815,5532
14982,111608.352, 9.034,5532
14983,111617.523, 9.171,5532
14984,111626.664, 9.139,5532
14985,111636.211, 9.554,5532
14986,111645.383, 9.165,5532
14987,111655.188, 9.807,5532
14988,111664.508, 9.325,5532
14989,111673.398, 8.888,5532
14990,111683.094, 9.696,5532
14991,111692.594, 9.502,5532
14992,111702.195, 9.600,5532
14993,111712.797,10.601,5532
14994,111723.688,10.883,5532
14995,111733.484, 9.804,5532
14996,111743.578,10.093,5532
14997,111753.008, 9.426,5532
14998,111762.969, 9.961,5532
14999,111772.914, 9.948,5532
15000,111782.258, 9.344,5532
15001,111792.391,10.133,5532
15002,111801.789, 9.400,5532
15003,111811.992,10.199,5532
15004,111821.289, 9.293,5532
15005,111831.133, 9.847,5532
15006,111841.820,10.693,5532
15007,111852.180,10.359,5532
15008,111862.328,10.144,5532
15009,111872.008, 9.678,5532
15010,111881.586, 9.581,5532
15011,111891.766,10.179,5532
15012,111902.438,10.672,5532
15013,111912.180, 9.742,5532
15014,111922.727,10.547,5532
15015,111933.094,10.370,5532
15016,111943.141,10.048,5532
15017,111953.461,10.319,5532
15018,111963.227, 9.770,5532
15019,111973.125, 9.891,5532
15020,111983.133,10.007,5532
15021,111993.031, 9.900,5532
15022,112003.445,10.418,5532
15023,112013.234, 9.791,5532
15024,112023.023, 9.779,5532
15025,112033.188,10.172,5532
15026,112043.844,10.657,5532
15027,112053.938,10.098,5532
15028,112064.758,10.810,5532
15029,112074.680, 9.920,5532
15030,112084.195, 9.524,5532
15031,112093.906, 9.710,5532
15032,112103.641, 9.726,5532
15033,112113.578, 9.949,5532
15034,112124.258,10.676,5532
15035,112134.969,10.707,5532
15036,112144.906, 9.940,5532
15037,112154.234, 9.332,5532
15038,112163.617, 9.377,5532
15039,112173.063, 9.441,5532
15040,112182.508, 9.452,5532
15041,112192.453, 9.940,5532
15042,112201.891, 9.446,5532
15043,112211.742, 9.846,5532
15044,112222.328,10.585,5532
15045,112232.156, 9.828,5532
15046,112242.047, 9.893,5532
15047,112251.594, 9.552,5532
15048,112261.172, 9.573,5532
15049,112270.375, 9.203,5532
15050,112279.836, 9.462,5532
15051,112289.617, 9.774,5532
15052,112298.820, 9.208,5532
15053,112308.406, 9.588,5532
15054,112317.922, 9.516,5532
15055,112327.852, 9.933,5532
15056,112337.289, 9.425,5532
15057,112346.805, 9.524,5532
15058,112356.320, 9.511,5532
15059,112365.563, 9.248,5532
15060,112374.914, 9.351,5532
15061,112384.109, 9.192,5532
15062,112393.742, 9.637,5532
15063,112403.656, 9.913,5532
15064,112412.969, 9.312,5532
15065,112422.664, 9.690,5532
15066,112432.734,10.073,5532
15067,112442.563, 9.837,5532
15068,112451.961, 9.384,5532
15069,112461.758, 9.804,5532
15070,112471.289, 9.532,5532
15071,112480.773, 9.488,5532
15072,112490.672, 9.890,5532
15073,112500.859,10.192,5532
15074,112510.656, 9.793,5532
15075,112521.867,11.219,5532
15076,112533.305,11.426,5532
15077,112544.375,11.078,5532
15078,112554.258, 9.885,5532
15079,112564.438,10.173,5532
15080,112574.828,10.398,5532
15081,112586.055,11.223,5532
15082,112596.406,10.347,5532
15083,112606.859,10.457,5532
15084,112617.320,10.455,5532
15085,112627.094, 9.778,5532
15086,112637.047, 9.950,5532
15087,112648.234,11.196,5532
15088,112658.406,10.172,5532
15089,112668.320, 9.907,5532
15090,112678.070, 9.754,5532
15091,112688.922,10.854,5532
15092,112700.852,11.928,5532
15093,112712.594,11.746,5532
15094,112723.359,10.762,5532
15095,112735.031,11.667,5532
15096,112745.719,10.694,5532
15097,112756.508,10.791,5532
15098,112767.586,11.081,5532
15099,112777.953,10.353,5532
15100,112788.016,10.065,5532
15101,112798.797,10.783,5532
15102,112809.625,10.827,5532
15103,112820.992,11.367,5532
15104,112832.594,11.612,5532
15105,112843.594,10.999,5532
15106,112854.227,10.631,5532
15107,112863.844, 9.611,5532
15108,112873.727, 9.885,5532
15109,112883.063, 9.339,5532
15110,112893.133,10.069,5532
15111,112902.500, 9.368,5532
15112,112912.148, 9.646,5532
15113,112922.773,10.628,5532
15114,112933.828,11.049,5532
15115,112944.359,10.528,5532
15116,112954.500,10.144,5532
15117,112965.063,10.560,5532
15118,112975.070,10.014,5532
15119,112985.094,10.021,5532
15120,112995.188,10.094,5532
15121,113009.664,14.473,5532
15122,113019.445, 9.788,5532
15123,113029.109, 9.661,5532
15124,113038.930, 9.829,5532
15125,113048.648, 9.704,5532
15126,113058.625, 9.979,5532
15127,113069.898,11.283,5532
15128,113079.719, 9.818,5532
15129,113089.703, 9.983,5532
15130,113100.266,10.566,5532
15131,113109.758, 9.488,5532
15132,113119.695, 9.938,5532
15133,113129.563, 9.870,5532
15134,113139.188, 9.623,5532
15135,113148.773, 9.588,5532
15136,113159.141,10.360,5532
15137,113169.594,10.460,5532
15138,113180.148,10.552,5532
15139,113190.438,10.286,5532
15140,113200.250, 9.815,5532
15141,113209.977, 9.719,5532
15142,113220.242,10.274,5532
15143,113230.445,10.202,5532
15144,113240.648,10.204,5532
15145,113250.492, 9.842,5532
15146,113260.547,10.059,5532
15147,113271.469,10.916,5532
15148,113283.367,11.898,5532
15149,113293.453,10.091,5532
15150,113303.586,10.138,5532
15151,113314.227,10.634,5532
15152,113326.305,12.076,5532
15153,113337.930,11.630,5532
15154,113348.555,10.622,5532
15155,113359.297,10.737,5532
15156,113370.117,10.825,5532
15157,113381.156,11.037,5532
15158,113392.695,11.538,5532
15159,113403.078,10.382,5532
15160,113414.078,11.006,5532
15161,113424.789,10.708,5532
15162,113435.844,11.056,5532
15163,113446.984,11.141,5532
15164,113457.555,10.570,5532
15165,113468.930,11.378,5532
15166,113480.039,11.104,5532
15167,113490.688,10.651,5532
15168,113500.875,10.190,5532
15169,113510.742, 9.865,5532
15170,113520.492, 9.747,5532
15171,113530.195, 9.707,5532
15172,113540.328,10.126,5532
15173,113550.148, 9.824,5532
15174,113559.813, 9.670,5532
15175,113570.039,10.216,5532
15176,113579.828, 9.800,5532
15177,113589.898,10.068,5532
15178,113600.547,10.649,5532
15179,113610.805,10.255,5532
15180,113620.750, 9.941,5532
15181,113630.961,10.208,5532
15182,113640.867, 9.919,5532
15183,113650.930,10.060,5532
15184,113661.117,10.186,5532
15185,113670.992, 9.872,5532
15186,113681.117,10.124,5532
15187,113691.031, 9.916,5532
15188,113701.305,10.270,5532
15189,113711.859,10.562,5532
15190,113722.242,10.384,5532
15191,113733.875,11.629,5532
15192,113744.227,10.355,5532
15193,113754.227, 9.994,5532
15194,113764.008, 9.783,5532
15195,113774.188,10.180,5532
15196,113784.180, 9.991,5532
15197,113794.250,10.077,5532
15198,113804.617,10.357,5532
15199,113815.805,11.195,5532
15200,113826.641,10.831,5532
15201,113838.242,11.610,5532
15202,113848.461,10.212,5532
15203,113859.570,11.115,5532
15204,113870.539,10.967,5532
15205,113880.852,10.308,5532
15206,113891.297,10.439,5532
15207,113902.195,10.903,5532
15208,113913.156,10.962,5532
15209,113924.500,11.346,5532
15210,113935.531,11.029,5532
15211,113946.914,11.384,5532
15212,113957.969,11.054,5532
15213,113969.445,11.476,5532
15214,113981.125,11.684,5532
15215,113992.094,10.962,5532
15216,114002.945,10.853,5532
15217,114013.781,10.842,5532
15218,114025.078,11.296,5532
15219,114036.094,11.013,5532
15220,114047.219,11.127,5532
15221,114057.578,10.360,5532
15222,114068.320,10.734,5532
15223,114079.148,10.837,5532
15224,114090.078,10.926,5532
15225,114100.992,10.913,5532
15226,114111.984,10.988,5532
15227,114124.703,12.719,5532
15228,114136.953,12.251,5532
15229,114148.078,11.125,5532
15230,114158.242,10.174,5532
15231,114168.852,10.605,5532
15232,114179.219,10.371,5532
15233,114189.039, 9.811,5532
15234,114199.414,10.376,5532
15235,114209.523,10.110,5532
15236,114220.398,10.875,5532
15237,114230.828,10.433,5532
15238,114242.055,11.227,5532
15239,114252.320,10.259,5532
15240,114262.594,10.283,5532
15241,114272.992,10.391,5532
15242,114282.828, 9.837,5532
15243,114292.570, 9.748,5532
15244,114302.820,10.243,5532
15245,114312.656, 9.833,5532
15246,114322.563, 9.916,5532
15247,114333.602,11.040,5532
15248,114343.898,10.292,5532
15249,114354.180,10.286,5532
15250,114364.094, 9.912,5532
15251,114374.164,10.065,5532
15252,114383.906, 9.745,5532
15253,114393.977,10.067,5532
15254,114404.258,10.289,5532
15255,114414.102, 9.843,5532
15256,114423.781, 9.674,5532
15257,114433.570, 9.790,5532
15258,114443.492, 9.922,5532
15259,114453.883,10.394,5532
15260,114463.945,10.059,5532
15261,114473.945, 9.996,5532
15262,114483.594, 9.656,5532
15263,114493.367, 9.766,5532
15264,114503.336, 9.972,5532
15265,114513.383,10.048,5532
15266,114525.102,11.721,5532
15267,114536.164,11.064,5532
15268,114548.117,11.953,5532
15269,114558.367,10.246,5532
15270,114568.719,10.352,5532
15271,114579.180,10.460,5532
15272,114589.781,10.599,5532
15273,114600.563,10.785,5532
15274,114610.844,10.280,5532
15275,114620.852,10.009,5532
15276,114631.266,10.422,5532
15277,114641.844,10.570,5532
15278,114652.328,10.485,5532
15279,114662.719,10.388,5532
15280,114673.773,11.060,5532
15281,114684.297,10.521,5532
15282,114694.914,10.619,5532
15283,114705.539,10.622,5532
15284,114716.500,10.962,5532
15285,114727.125,10.625,5532
15286,114737.977,10.845,5532
15287,114748.953,10.983,5532
15288,114759.742,10.789,5532
15289,114771.070,11.327,5532
15290,114782.594,11.526,5532
15291,114793.766,11.171,5532
15292,114805.641,11.874,5532
15293,114817.195,11.554,5532
15294,114828.945,11.749,5532
15295,114839.555,10.614,5532
15296,114850.648,11.089,5532
15297,114861.984,11.336,5532
15298,114873.094,11.113,5532
15299,114884.828,11.736,5532
15300,114896.484,11.654,5532
15301,114906.523,10.041,5532
15302,114916.969,10.437,5532
15303,114928.773,11.813,5532
15304,114939.078,10.301,5532
15305,114949.789,10.715,5532
15306,114959.844,10.050,5532
15307,114970.227,10.390,5532
15308,114981.539,11.305,5532
15309,114992.586,11.055,5532
15310,115002.672,10.078,5532
15311,115012.961,10.287,5532
15312,115023.039,10.082,5532
15313,115033.461,10.418,5532
15314,115043.492,10.038,5532
15315,115054.055,10.554,5532
15316,115064.711,10.657,5532
15317,115074.953,10.241,5532
15318,115085.508,10.561,5532
15319,115096.000,10.489,5532
15320,115106.242,10.251,5532
15321,115116.367,10.114,5532
15322,115126.531,10.167,5532
15323,115136.453, 9.925,5532
15324,115146.578,10.128,5532
15325,115156.609,10.020,5532
15326,115166.594, 9.992,5532
15327,115176.406, 9.811,5532
15328,115186.898,10.500,5532
15329,115196.844, 9.942,5532
15330,115207.500,10.651,5532
15331,115218.578,11.083,5532
15332,115228.797,10.218,5532
15333,115238.766, 9.965,5532
15334,115248.984,10.217,5532
15335,115258.984,10.002,5532
15336,115269.063,10.081,5532
15337,115279.141,10.079,5532
15338,115289.555,10.415,5532
15339,115300.664,11.104,5532
15340,115312.398,11.734,5532
15341,115324.852,12.453,5532
15342,115335.641,10.790,5532
15343,115346.344,10.702,5532
15344,115356.727,10.383,5532
15345,115367.023,10.294,5532
15346,115377.359,10.340,5532
15347,115387.609,10.243,5532
15348,115398.898,11.298,5532
15349,115409.313,10.408,5532
15350,115420.883,11.579,5532
15351,115431.461,10.579,5532
15352,115441.742,10.273,5532
15353,115452.242,10.504,5532
15354,115462.617,10.375,5532
15355,115473.297,10.673,5532
15356,115484.094,10.806,5532
15357,115494.422,10.325,5532
15358,115505.547,11.129,5532
15359,115516.438,10.884,5532
15360,115529.656,13.220,5532
15361,115541.625,11.967,5532
15362,115552.617,10.992,5532
15363,115563.500,10.886,5532
15364,115574.953,11.449,5532
15365,115586.695,11.748,5532
15366,115597.672,10.969,5532
15367,115608.539,10.878,5532
15368,115619.859,11.317,5532
15369,115631.867,12.012,5532
15370,115643.852,11.984,5532
15371,115655.047,11.189,5532
15372,115666.375,11.328,5532
15373,115677.008,10.633,5532
15374,115687.508,10.506,5532
15375,115698.320,10.806,5532
15376,115708.352,10.034,5532
15377,115719.352,10.995,5532
15378,115731.398,12.053,5532
15379,115742.766,11.364,5532
15380,115753.414,10.649,5532
15381,115764.047,10.632,5532
15382,115774.609,10.563,5532
15383,115785.000,10.389,5532
15384,115795.375,10.376,5532
15385,115805.516,10.147,5532
15386,115815.727,10.204,5532
15387,115826.289,10.559,5532
15388,115836.461,10.177,5532
15389,115847.656,11.192,5532
15390,115858.680,11.025,5532
15391,115870.391,11.710,5532
15392,115881.594,11.208,5532
15393,115893.203,11.608,5532
15394,115904.578,11.382,5532
15395,115914.945,10.353,5532
15396,115925.570,10.637,5532
15397,115935.859,10.285,5532
15398,115946.539,10.683,5532
15399,115957.383,10.841,5532
15400,115967.656,10.270,5532
15401,115978.781,11.125,5532
15402,115988.664, 9.880,5532
15403,115999.070,10.412,5532
15404,116009.000, 9.927,5532
15405,116019.484,10.488,5532
15406,116030.992,11.506,5532
15407,116041.430,10.433,5532
15408,116051.828,10.406,5532
15409,116062.578,10.748,5532
15410,116073.367,10.785,5532
15411,116085.469,12.107,5532
15412,116096.672,11.195,5532
15413,116107.453,10.785,5532
15414,116119.563,12.115,5532
15415,116131.336,11.771,5532
15416,116142.789,11.452,5532
15417,116153.398,10.611,5532
15418,116164.742,11.337,5532
15419,116175.844,11.112,5532
15420,116186.469,10.623,5532
15421,116197.898,11.427,5532
15422,116208.383,10.481,5532
15423,116219.203,10.824,5532
15424,116229.680,10.474,5532
15425,116240.414,10.735,5532
15426,116250.805,10.395,5532
15427,116261.430,10.618,5532
15428,116273.352,11.922,5532
15429,116284.195,10.851,5532
15430,116294.930,10.738,5532
15431,116305.703,10.765,5532
15432,116317.078,11.378,5532
15433,116327.758,10.676,5532
15434,116338.945,11.182,5532
15435,116349.906,10.970,5532
15436,116362.055,12.143,5532
15437,116374.141,12.091,5532
15438,116386.344,12.200,5532
15439,116397.805,11.464,5532
15440,116409.078,11.274,5532
15441,116420.453,11.371,5532
15442,116431.445,10.995,5532
15443,116442.836,11.387,5532
15444,116453.406,10.570,5532
15445,116463.820,10.415,5532
15446,116474.047,10.227,5532
15447,116484.828,10.784,5532
15448,116494.953,10.124,5532
15449,116505.414,10.456,5532
15450,116516.320,10.910,5532
15451,116528.430,12.110,5532
15452,116539.117,10.685,5532
15453,116550.063,10.945,5532
15454,116560.305,10.245,5532
15455,116570.852,10.547,5532
15456,116581.781,10.926,5532
15457,116593.180,11.404,5532
15458,116603.711,10.528,5532
15459,116614.297,10.585,5532
15460,116625.156,10.866,5532
15461,116635.477,10.315,5532
15462,116646.336,10.856,5532
15463,116657.117,10.783,5532
15464,116668.125,11.012,5532
15465,116678.531,10.408,5532
15466,116688.531, 9.995,5532
15467,116699.570,11.041,5532
15468,116711.102,11.532,5532
15469,116721.734,10.635,5532
15470,116732.164,10.428,5532
15471,116742.750,10.585,5532
15472,116753.344,10.592,5532
15473,116763.758,10.413,5532
15474,116774.320,10.563,5532
15475,116784.805,10.491,5532
15476,116795.055,10.242,5532
15477,116807.086,12.031,5532
15478,116817.633,10.547,5532
15479,116828.734,11.101,5532
15480,116839.953,11.219,5532
15481,116850.695,10.746,5532
15482,116861.258,10.567,5532
15483,116872.469,11.209,5532
15484,116883.391,10.916,5532
15485,116894.570,11.189,5532
15486,116905.828,11.252,5532
15487,116918.453,12.622,5532
15488,116931.383,12.931,5532
15489,116942.953,11.564,5532
15490,116954.586,11.646,5532
15491,116965.789,11.199,5532
15492,116977.539,11.747,5532
15493,116988.859,11.322,5532
15494,117000.258,11.401,5532
15495,117015.133,14.871,5532
15496,117026.344,11.209,5532
15497,117037.688,11.344,5532
15498,117049.570,11.892,5532
15499,117061.102,11.524,5532
15500,117072.195,11.093,5532
15501,117083.703,11.504,5532
15502,117094.109,10.414,5532
15503,117104.219,10.109,5532
15504,117114.484,10.265,5532
15505,117126.813,12.330,5532
15506,117137.195,10.385,5532
15507,117147.500,10.299,5532
15508,117157.711,10.208,5532
15509,117168.094,10.387,5532
15510,117178.875,10.783,5532
15511,117189.438,10.563,5532
15512,117199.969,10.522,5532
15513,117210.289,10.325,5532
15514,117220.391,10.099,5532
15515,117231.359,10.971,5532
15516,117241.797,10.437,5532
15517,117252.297,10.495,5532
15518,117262.734,10.441,5532
15519,117272.992,10.260,5532
15520,117283.594,10.606,5532
15521,117294.234,10.640,5532
15522,117304.445,10.212,5532
15523,117314.703,10.253,5532
15524,117326.719,12.013,5532
15525,117339.508,12.795,5532
15526,117350.438,10.932,5532
15527,117360.906,10.465,5532
15528,117371.797,10.887,5532
15529,117382.953,11.160,5532
15530,117393.805,10.855,5532
15531,117404.727,10.916,5532
15532,117415.273,10.545,5532
15533,117426.180,10.913,5532
15534,117437.445,11.261,5532
15535,117448.867,11.426,5532
15536,117460.570,11.706,5532
15537,117471.086,10.508,5532
15538,117482.547,11.470,5532
15539,117493.492,10.942,5532
15540,117504.430,10.933,5532
15541,117515.641,11.210,5532
15542,117526.570,10.935,5532
15543,117537.547,10.977,5532
15544,117550.031,12.479,5532
15545,117561.523,11.493,5532
15546,117572.781,11.259,5532
15547,117584.422,11.638,5532
15548,117596.125,11.703,5532
15549,117607.141,11.021,5532
15550,117619.094,11.948,5532
15551,117630.344,11.251,5532
15552,117642.539,12.198,5532
15553,117653.992,11.452,5532
15554,117665.664,11.666,5532
15555,117677.719,12.061,5532
15556,117688.883,11.168,5532
15557,117701.250,12.364,5532
15558,117712.867,11.614,5532
15559,117725.875,13.016,5532
15560,117737.125,11.245,5532
15561,117748.109,10.980,5532
15562,117759.195,11.089,5532
15563,117770.680,11.481,5532
15564,117781.516,10.844,5532
15565,117793.102,11.582,5532
15566,117804.156,11.057,5532
15567,117814.711,10.554,5532
15568,117825.641,10.921,5532
15569,117836.172,10.541,5532
15570,117846.836,10.666,5532
15571,117857.672,10.830,5532
15572,117868.945,11.270,5532
15573,117880.023,11.076,5532
15574,117890.844,10.826,5532
15575,117902.500,11.655,5532
15576,117914.336,11.835,5532
15577,117925.047,10.711,5532
15578,117935.680,10.633,5532
15579,117946.305,10.621,5532
15580,117957.016,10.717,5532
15581,117967.703,10.686,5532
15582,117978.625,10.921,5532
15583,117989.305,10.676,5532
15584,118000.188,10.892,5532
15585,118010.836,10.644,5532
15586,118021.672,10.838,5532
15587,118032.570,10.902,5532
15588,118043.758,11.183,5532
15589,118055.664,11.904,5532
15590,118066.570,10.913,5532
15591,118077.922,11.347,5532
15592,118089.906,11.984,5532
15593,118101.016,11.112,5532
15594,118111.500,10.482,5532
15595,118123.539,12.046,5532
15596,118135.914,12.370,5532
15597,118147.055,11.135,5532
15598,118157.813,10.759,5532
15599,118168.828,11.023,5532
15600,118179.547,10.714,5532
15601,118191.641,12.088,5532
15602,118203.070,11.433,5532
15603,118215.078,12.008,5532
15604,118226.766,11.693,5532
15605,118237.977,11.205,5532
15606,118249.695,11.723,5532
15607,118261.148,11.451,5532
15608,118272.805,11.662,5532
15609,118283.703,10.896,5532
15610,118295.281,11.573,5532
15611,118306.828,11.549,5532
15612,118318.117,11.292,5532
15613,118329.586,11.471,5532
15614,118340.859,11.268,5532
15615,118352.320,11.462,5532
15616,118364.313,11.987,5532
15617,118375.656,11.343,5532
15618,118387.516,11.867,5532
15619,118399.672,12.155,5532
15620,118411.898,12.228,5532
15621,118423.586,11.688,5532
15622,118435.109,11.524,5532
15623,118446.328,11.213,5532
15624,118458.031,11.701,5532
15625,118469.875,11.849,5532
15626,118481.742,11.867,5532
15627,118493.234,11.491,5532
15628,118505.477,12.243,5532
15629,118516.813,11.336,5532
15630,118529.555,12.746,5532
15631,118541.656,12.093,5532
15632,118552.844,11.195,5532
15633,118563.742,10.895,5532
15634,118574.867,11.126,5532
15635,118586.180,11.313,5532
15636,118597.938,11.752,5532
15637,118608.617,10.677,5532
15638,118620.500,11.893,5532
15639,118631.422,10.919,5532
15640,118643.422,12.000,5532
15641,118654.352,10.925,5532
15642,118665.617,11.268,5532
15643,118676.383,10.767,5532
15644,118686.898,10.519,5532
15645,118697.641,10.734,5532
15646,118708.578,10.943,5532
15647,118719.547,10.973,5532
15648,118731.094,11.539,5532
15649,118741.859,10.775,5532
15650,118753.633,11.762,5532
15651,118764.469,10.841,5532
15652,118775.461,10.993,5532
15653,118786.227,10.770,5532
15654,118797.305,11.072,5532
15655,118808.391,11.083,5532
15656,118819.234,10.852,5532
15657,118830.469,11.231,5532
15658,118841.711,11.238,5532
15659,118852.773,11.066,5532
15660,118863.133,10.361,5532
15661,118874.992,11.859,5532
15662,118885.359,10.367,5532
15663,118896.516,11.161,5532
15664,118907.852,11.333,5532
15665,118919.797,11.948,5532
15666,118932.281,12.477,5532
15667,118944.742,12.459,5532
15668,118955.617,10.874,5532
15669,118966.758,11.146,5532
15670,118977.578,10.821,5532
15671,118988.469,10.890,5532
15672,119000.430,11.963,5532
15673,119011.672,11.234,5532
15674,119022.320,10.649,5532
15675,119033.680,11.364,5532
15676,119046.031,12.354,5532
15677,119057.047,11.016,5532
15678,119068.219,11.170,5532
15679,119079.531,11.317,5532
15680,119091.219,11.689,5532
15681,119103.094,11.870,5532
15682,119114.586,11.496,5532
15683,119126.250,11.666,5532
15684,119138.039,11.783,5532
15685,119150.258,12.219,5532
15686,119162.531,12.276,5532
15687,119174.313,11.771,5532
15688,119186.609,12.302,5532
15689,119198.758,12.151,5532
15690,119210.484,11.730,5532
15691,119222.281,11.792,5532
15692,119233.805,11.524,5532
15693,119245.367,11.560,5532
15694,119257.438,12.070,5532
15695,119269.203,11.769,5532
15696,119281.555,12.358,5532
15697,119292.883,11.321,5532
15698,119303.852,10.972,5532
15699,119315.125,11.270,5532
15700,119325.914,10.796,5532
15701,119338.547,12.632,5532
15702,119350.094,11.541,5532
15703,119361.688,11.590,5532
15704,119373.703,12.017,5532
15705,119384.633,10.930,5532
15706,119395.609,10.974,5532
15707,119407.219,11.621,5532
15708,119419.125,11.900,5532
15709,119430.281,11.148,5532
15710,119441.367,11.092,5532
15711,119452.211,10.852,5532
15712,119463.320,11.101,5532
15713,119475.211,11.898,5532
15714,119486.063,10.848,5532
15715,119497.148,11.084,5532
15716,119508.023,10.875,5532
15717,119519.203,11.179,5532
15718,119530.359,11.152,5532
15719,119541.313,10.956,5532
15720,119552.367,11.053,5532
15721,119563.391,11.026,5532
15722,119574.102,10.709,5532
15723,119585.914,11.822,5532
15724,119598.422,12.503,5532
15725,119610.102,11.676,5532
15726,119621.211,11.117,5532
15727,119632.492,11.274,5532
15728,119643.320,10.823,5532
15729,119654.242,10.935,5532
15730,119665.281,11.028,5532
15731,119675.852,10.580,5532
15732,119687.211,11.358,5532
15733,119698.477,11.260,5532
15734,119710.148,11.676,5532
15735,119721.523,11.379,5532
15736,119733.906,12.378,5532
15737,119746.875,12.970,5532
15738,119758.227,11.349,5532
15739,119769.602,11.370,5532
15740,119780.789,11.197,5532
15741,119793.289,12.495,5532
15742,119805.055,11.763,5532
15743,119816.258,11.207,5532
15744,119827.484,11.225,5532
15745,119840.070,12.583,5532
15746,119852.344,12.278,5532
15747,119863.547,11.208,5532
15748,119875.070,11.515,5532
15749,119886.141,11.076,5532
15750,119897.438,11.292,5532
15751,119909.727,12.288,5532
15752,119922.234,12.511,5532
15753,119934.961,12.724,5532
15754,119946.898,11.942,5532
15755,119958.484,11.583,5532
15756,119970.063,11.576,5532
15757,119982.656,12.596,5532
15758,119994.836,12.181,5532
15759,120007.555,12.725,5532
15760,120019.758,12.195,5532
15761,120031.367,11.605,5532
15762,120043.570,12.212,5532
15763,120055.320,11.742,5532
15764,120067.227,11.913,5532
15765,120078.883,11.653,5532
15766,120089.758,10.875,5532
15767,120101.109,11.351,5532
15768,120112.750,11.644,5532
15769,120123.734,10.986,5532
15770,120135.656,11.914,5532
15771,120148.508,12.857,5532
15772,120160.656,12.143,5532
15773,120171.672,11.014,5532
15774,120183.172,11.508,5532
15775,120194.109,10.934,5532
15776,120205.227,11.119,5532
15777,120217.375,12.144,5532
15778,120228.852,11.481,5532
15779,120240.820,11.974,5532
15780,120251.797,10.975,5532
15781,120262.969,11.162,5532
15782,120273.922,10.961,5532
15783,120285.773,11.852,5532
15784,120296.438,10.661,5532
15785,120307.023,10.586,5532
15786,120318.016,10.989,5532
15787,120329.617,11.604,5532
15788,120340.375,10.758,5532
15789,120351.508,11.136,5532
15790,120362.453,10.941,5532
15791,120373.359,10.906,5532
15792,120384.344,10.983,5532
15793,120395.281,10.936,5532
15794,120406.633,11.355,5532
15795,120417.422,10.793,5532
15796,120428.523,11.104,5532
15797,120439.773,11.245,5532
15798,120450.648,10.874,5532
15799,120461.852,11.204,5532
15800,120473.039,11.186,5532
15801,120484.406,11.370,5532
15802,120495.648,11.241,5532
15803,120506.922,11.276,5532
15804,120518.445,11.523,5532
15805,120530.242,11.803,5532
15806,120543.680,13.431,5532
15807,120555.656,11.970,5532
15808,120566.766,11.115,5532
15809,120578.367,11.601,5532
15810,120589.797,11.427,5532
15811,120601.422,11.628,5532
15812,120612.758,11.336,5532
15813,120623.914,11.160,5532
15814,120635.219,11.301,5532
15815,120647.008,11.787,5532
15816,120658.117,11.111,5532
15817,120669.469,11.354,5532
15818,120680.727,11.255,5532
15819,120692.352,11.623,5532
15820,120703.891,11.542,5532
15821,120715.711,11.817,5532
15822,120727.328,11.618,5532
15823,120738.578,11.255,5532
15824,120751.750,13.166,5532
15825,120763.586,11.841,5532
15826,120775.461,11.877,5532
15827,120786.984,11.513,5532
15828,120798.898,11.928,5532
15829,120810.242,11.338,5532
15830,120822.219,11.976,5532
15831,120834.422,12.202,5532
15832,120846.125,11.701,5532
15833,120858.648,12.524,5532
15834,120870.000,11.352,5532
15835,120881.117,11.121,5532
15836,120892.102,10.984,5532
15837,120903.281,11.173,5532
15838,120914.383,11.107,5532
15839,120925.164,10.785,5532
15840,120936.297,11.126,5532
15841,120948.836,12.539,5532
15842,120961.289,12.452,5532
15843,120972.938,11.647,5532
15844,120983.938,10.998,5532
15845,120995.141,11.208,5532
15846,121006.219,11.084,5532
15847,121017.531,11.312,5532
15848,121028.875,11.344,5532
15849,121040.109,11.234,5532
15850,121051.602,11.485,5532
15851,121062.742,11.142,5532
15852,121074.406,11.669,5532
15853,121085.742,11.335,5532
15854,121096.695,10.953,5532
15855,121107.852,11.156,5532
15856,121118.648,10.792,5532
15857,121129.500,10.857,5532
15858,121140.695,11.193,5532
15859,121151.469,10.774,5532
15860,121162.484,11.018,5532
15861,121174.016,11.526,5532
15862,121185.344,11.330,5532
15863,121196.508,11.167,5532
15864,121207.453,10.942,5532
15865,121218.414,10.964,5532
15866,121229.148,10.737,5532
15867,121240.484,11.335,5532
15868,121251.195,10.711,5532
15869,121262.281,11.080,5532
15870,121273.438,11.159,5532
15871,121285.398,11.957,5532
15872,121296.727,11.327,5532
15873,121308.234,11.514,5532
15874,121319.445,11.213,5532
15875,121331.055,11.608,5532
15876,121344.695,13.636,5532
15877,121357.031,12.336,5532
15878,121369.109,12.082,5532
15879,121380.766,11.652,5532
15880,121393.703,12.937,5532
15881,121405.641,11.940,5532
15882,121418.047,12.406,5532
15883,121429.797,11.749,5532
15884,121442.438,12.640,5532
15885,121456.508,14.074,5532
15886,121468.664,12.149,5532
15887,121480.789,12.132,5532
15888,121492.680,11.885,5532
15889,121505.859,13.186,5532
15890,121517.133,11.276,5532
15891,121527.711,10.576,5532
15892,121539.500,11.792,5532
15893,121550.484,10.977,5532
15894,121561.445,10.960,5532
15895,121572.094,10.652,5532
15896,121582.727,10.634,5532
15897,121593.742,11.013,5532
15898,121605.031,11.292,5532
15899,121616.430,11.396,5532
15900,121627.148,10.720,5532
15901,121637.922,10.773,5532
15902,121648.805,10.883,5532
15903,121660.500,11.699,5532
15904,121671.305,10.794,5532
15905,121682.188,10.895,5532
15906,121692.898,10.713,5532
15907,121703.750,10.845,5532
15908,121715.508,11.763,5532
15909,121726.461,10.945,5532
15910,121738.242,11.790,5532
15911,121750.422,12.175,5532
15912,121761.938,11.512,5532
15913,121772.953,11.010,5532
15914,121784.164,11.224,5532
15915,121795.688,11.514,5532
15916,121806.664,10.976,5532
15917,121818.633,11.974,5532
15918,121829.773,11.141,5532
15919,121840.742,10.970,5532
15920,121851.969,11.221,5532
15921,121863.289,11.319,5532
15922,121879.500,16.216,5532
15923,121890.172,10.672,5532
15924,121901.180,11.011,5532
15925,121912.234,11.057,5532
15926,121923.898,11.661,5532
15927,121935.492,11.591,5532
15928,121948.250,12.759,5532
15929,121960.883,12.638,5532
15930,121972.734,11.841,5532
15931,121984.648,11.913,5532
15932,121996.367,11.720,5532
15933,122007.977,11.608,5532
15934,122019.453,11.485,5532
15935,122031.539,12.088,5532
15936,122044.211,12.667,5532
15937,122056.281,12.069,5532
15938,122067.773,11.493,5532
15939,122079.641,11.867,5532
15940,122091.063,11.421,5532
15941,122102.758,11.698,5532
15942,122114.734,11.975,5532
15943,122126.648,11.913,5532
15944,122141.273,14.618,5532
15945,122152.938,11.670,5532
15946,122164.227,11.298,5532
15947,122175.234,11.008,5532
15948,122186.375,11.128,5532
15949,122197.414,11.048,5532
15950,122208.383,10.964,5532
15951,122219.320,10.932,5532
15952,122232.070,12.759,5532
15953,122243.414,11.343,5532
15954,122254.547,11.136,5532
15955,122265.781,11.228,5532
15956,122276.734,10.955,5532
15957,122288.211,11.480,5532
15958,122299.250,11.038,5532
15959,122310.000,10.742,5532
15960,122320.813,10.816,5532
15961,122331.828,11.016,5532
15962,122342.844,11.022,5532
15963,122354.414,11.566,5532
15964,122365.313,10.895,5532
15965,122376.398,11.087,5532
15966,122387.516,11.123,5532
15967,122398.461,10.941,5532
15968,122409.781,11.317,5532
15969,122420.477,10.703,5532
15970,122431.453,10.971,5532
15971,122442.031,10.576,5532
15972,122453.469,11.444,5532
15973,122465.188,11.714,5532
15974,122476.250,11.066,5532
15975,122486.914,10.663,5532
15976,122498.313,11.396,5532
15977,122509.078,10.771,5532
15978,122519.742,10.658,5532
15979,122531.313,11.569,5532
15980,122543.555,12.245,5532
15981,122554.820,11.272,5532
15982,122566.547,11.724,5532
15983,122577.477,10.929,5532
15984,122589.023,11.540,5532
15985,122600.055,11.034,5532
15986,122611.773,11.724,5532
15987,122622.906,11.132,5532
15988,122634.234,11.330,5532
15989,122645.313,11.073,5532
15990,122656.031,10.715,5532
15991,122667.234,11.212,5532
15992,122679.352,12.115,5532
15993,122691.398,12.048,5532
15994,122703.063,11.664,5532
15995,122715.078,12.016,5532
15996,122727.047,11.961,5532
15997,122739.398,12.354,5532
15998,122752.164,12.768,5532
15999,122763.836,11.674,5532
16000,122776.641,12.798,5532
16001,122789.617,12.975,5532
16002,122801.195,11.585,5532
16003,122813.023,11.823,5532
16004,122824.563,11.543,5532
16005,122838.055,13.495,5532
16006,122849.672,11.615,5532
16007,122861.609,11.936,5532
16008,122873.336,11.722,5532
16009,122885.016,11.687,5532
16010,122896.867,11.854,5532
16011,122908.938,12.061,5532
16012,122920.391,11.455,5532
16013,122931.641,11.250,5532
16014,122944.383,12.746,5532
16015,122955.992,11.608,5532
16016,122966.906,10.920,5532
16017,122977.773,10.860,5532
16018,122989.508,11.741,5532
16019,123001.672,12.158,5532
16020,123012.578,10.907,5532
16021,123023.352,10.772,5532
16022,123034.086,10.740,5532
16023,123045.109,11.022,5532
16024,123056.117,11.006,5532
16025,123066.867,10.751,5532
16026,123077.750,10.877,5532
16027,123088.297,10.550,5532
16028,123099.820,11.526,5532
16029,123110.789,10.964,5532
16030,123121.688,10.900,5532
16031,123132.109,10.424,5532
16032,123142.930,10.815,5532
16033,123153.570,10.647,5532
16034,123164.273,10.697,5532
16035,123174.781,10.516,5532
16036,123185.328,10.542,5532
16037,123196.250,10.928,5532
16038,123207.398,11.145,5532
16039,123218.109,10.712,5532
16040,123229.125,11.016,5532
16041,123240.250,11.123,5532
16042,123251.109,10.861,5532
16043,123262.281,11.168,5532
16044,123272.648,10.370,5532
16045,123283.664,11.009,5532
16046,123294.445,10.784,5532
16047,123305.109,10.664,5532
16048,123316.281,11.170,5532
16049,123327.383,11.102,5532
16050,123340.125,12.746,5532
16051,123352.648,12.525,5532
16052,123363.883,11.236,5532
16053,123374.703,10.816,5532
16054,123385.461,10.762,5532
16055,123397.188,11.724,5532
16056,123408.648,11.458,5532
16057,123420.211,11.565,5532
16058,123432.359,12.147,5532
16059,123443.414,11.059,5532
16060,123454.313,10.895,5532
16061,123465.438,11.124,5532
16062,123476.602,11.159,5532
16063,123487.602,11.002,5532
16064,123498.477,10.881,5532
16065,123509.367,10.891,5532
16066,123520.836,11.469,5532
16067,123532.227,11.394,5532
16068,123543.906,11.681,5532
16069,123556.273,12.356,5532
16070,123567.438,11.169,5532
16071,123579.047,11.604,5532
16072,123590.531,11.491,5532
16073,123602.313,11.780,5532
16074,123614.602,12.282,5532
16075,123626.656,12.056,5532
16076,123638.430,11.781,5532
16077,123649.602,11.166,5532
16078,123662.133,12.539,5532
16079,123673.969,11.830,5532
16080,123685.461,11.496,5532
16081,123697.203,11.739,5532
16082,123709.008,11.801,5532
16083,123719.633,10.627,5532
16084,123731.023,11.391,5532
16085,123742.680,11.655,5532
16086,123755.797,13.122,5532
16087,123767.016,11.212,5532
16088,123778.055,11.040,5532
16089,123788.719,10.667,5532
16090,123799.805,11.087,5532
16091,123811.859,12.054,5532
16092,123823.047,11.185,5532
16093,123834.391,11.343,5532
16094,123845.406,11.023,5532
16095,123856.578,11.176,5532
16096,123868.063,11.478,5532
16097,123879.109,11.047,5532
16098,123889.844,10.737,5532
16099,123900.359,10.511,5532
16100,123911.430,11.068,5532
16101,123922.211,10.788,5532
16102,123933.781,11.566,5532
16103,123944.500,10.722,5532
16104,123955.891,11.395,5532
16105,123967.180,11.286,5532
16106,123979.453,12.272,5532
16107,123990.453,10.996,5532
16108,124001.188,10.740,5532
16109,124012.555,11.366,5532
16110,124023.148,10.591,5532
16111,124034.063,10.915,5532
16112,124044.758,10.698,5532
16113,124056.094,11.336,5532
16114,124067.227,11.131,5532
16115,124078.250,11.025,5532
16116,124089.508,11.257,5532
16117,124100.164,10.653,5532
16118,124111.492,11.329,5532
16119,124122.656,11.162,5532
16120,124133.469,10.819,5532
16121,124145.523,12.051,5532
16122,124158.320,12.797,5532
16123,124170.438,12.116,5532
16124,124181.539,11.109,5532
16125,124192.820,11.275,5532
16126,124204.117,11.298,5532
16127,124215.406,11.290,5532
16128,124226.164,10.757,5532
16129,124237.734,11.566,5532
16130,124248.617,10.878,5532
16131,124259.594,10.981,5532
16132,124270.516,10.931,5532
16133,124283.125,12.604,5532
16134,124294.352,11.227,5532
16135,124305.398,11.049,5532
16136,124316.883,11.485,5532
16137,124328.180,11.298,5532
16138,124339.438,11.255,5532
16139,124350.461,11.021,5532
16140,124362.055,11.589,5532
16141,124373.289,11.235,5532
16142,124385.391,12.102,5532
16143,124396.828,11.446,5532
16144,124408.516,11.685,5532
16145,124419.805,11.288,5532
16146,124432.109,12.305,5532
16147,124443.688,11.577,5532
16148,124455.078,11.392,5532
16149,124466.383,11.304,5532
16150,124478.055,11.666,5532
16151,124489.609,11.558,5532
16152,124500.711,11.103,5532
16153,124511.641,10.923,5532
16154,124522.414,10.781,5532
16155,124533.203,10.793,5532
16156,124543.781,10.576,5532
16157,124556.031,12.248,5532
16158,124568.039,12.008,5532
16159,124579.133,11.092,5532
16160,124590.500,11.367,5532
16161,124602.477,11.978,5532
16162,124613.930,11.447,5532
16163,124625.227,11.305,5532
16164,124636.227,10.999,5532
16165,124647.398,11.168,5532
16166,124659.102,11.709,5532
16167,124669.914,10.811,5532
16168,124681.125,11.212,5532
16169,124691.820,10.691,5532
16170,124703.164,11.349,5532
16171,124714.328,11.158,5532
16172,124725.320,10.993,5532
16173,124736.508,11.189,5532
16174,124746.891,10.387,5532
16175,124757.617,10.722,5532
16176,124769.563,11.947,5532
16177,124780.742,11.181,5532
16178,124791.625,10.877,5532
16179,124802.695,11.072,5532
16180,124814.281,11.585,5532
16181,124825.273,10.993,5532
16182,124836.008,10.730,5532
16183,124846.805,10.808,5532
16184,124857.297,10.481,5532
16185,124868.438,11.145,5532
16186,124879.477,11.042,5532
16187,124891.281,11.798,5532
16188,124902.438,11.165,5532
16189,124914.453,12.016,5532
16190,124927.078,12.625,5532
16191,124939.078,11.996,5532
16192,124951.578,12.506,5532
16193,124965.289,13.701,5532
16194,124978.734,13.451,5532
16195,124990.539,11.808,5532
16196,125002.805,12.264,5532
16197,125014.516,11.712,5532
16198,125026.773,12.257,5532
16199,125039.164,12.388,5532
16200,125051.242,12.081,5532
16201,125062.859,11.616,5532
16202,125074.461,11.603,5532
16203,125085.883,11.424,5532
16204,125097.391,11.499,5532
16205,125108.875,11.489,5532
16206,125120.461,11.585,5532
16207,125133.188,12.729,5532
16208,125144.367,11.173,5532
16209,125154.867,10.504,5532
16210,125165.719,10.846,5532
16211,125176.273,10.558,5532
16212,125187.164,10.894,5532
16213,125197.836,10.673,5532
16214,125208.867,11.033,5532
16215,125220.047,11.173,5532
16216,125231.336,11.285,5532
16217,125243.047,11.716,5532
16218,125254.148,11.104,5532
16219,125265.398,11.251,5532
16220,125276.422,11.025,5532
16221,125287.570,11.146,5532
16222,125298.648,11.072,5532
16223,125309.602,10.955,5532
16224,125320.773,11.175,5532
16225,125331.711,10.935,5532
16226,125342.398,10.690,5532
16227,125354.531,12.132,5532
16228,125366.688,12.154,5532
16229,125377.961,11.269,5532
16230,125388.648,10.696,5532
16231,125399.352,10.696,5532
16232,125410.117,10.771,5532
16233,125420.844,10.726,5532
16234,125431.555,10.719,5532
16235,125442.672,11.105,5532
16236,125454.094,11.425,5532
16237,125466.281,12.190,5532
16238,125477.141,10.860,5532
16239,125488.344,11.204,5532
16240,125499.133,10.785,5532
16241,125509.766,10.632,5532
16242,125520.688,10.920,5532
16243,125531.320,10.635,5532
16244,125542.359,11.041,5532
16245,125553.234,10.875,5532
16246,125564.945,11.708,5532
16247,125576.242,11.300,5532
16248,125587.516,11.275,5532
16249,125598.695,11.178,5532
16250,125609.781,11.087,5532
16251,125621.555,11.775,5532
16252,125632.828,11.274,5532
16253,125644.516,11.684,5532
16254,125655.617,11.098,5532
16255,125667.063,11.451,5532
16256,125679.125,12.060,5532
16257,125691.242,12.125,5532
16258,125702.555,11.308,5532
16259,125713.563,11.008,5532
16260,125724.930,11.364,5532
16261,125736.367,11.435,5532
16262,125748.211,11.852,5532
16263,125762.078,13.862,5532
16264,125774.977,12.898,5532
16265,125786.563,11.591,5532
16266,125797.258,10.686,5532
16267,125808.000,10.745,5532
16268,125818.563,10.572,5532
16269,125829.367,10.798,5532
16270,125841.109,11.744,5532
16271,125851.703,10.588,5532
16272,125864.094,12.393,5532
16273,125875.344,11.251,5532
16274,125886.555,11.212,5532
16275,125897.336,10.778,5532
16276,125908.438,11.107,5532
16277,125918.828,10.390,5532
16278,125929.320,10.490,5532
16279,125939.719,10.401,5532
16280,125950.094,10.371,5532
16281,125960.391,10.296,5532
16282,125972.813,12.424,5532
16283,125983.359,10.548,5532
16284,125995.273,11.913,5532
16285,126006.797,11.523,5532
16286,126017.273,10.471,5532
16287,126027.680,10.411,5532
16288,126038.266,10.584,5532
16289,126049.016,10.753,5532
16290,126059.305,10.286,5532
16291,126069.977,10.672,5532
16292,126080.547,10.580,5532
16293,126091.578,11.028,5532
16294,126102.477,10.895,5532
16295,126112.961,10.480,5532
16296,126123.750,10.797,5532
16297,126134.477,10.723,5532
16298,126145.000,10.522,5532
16299,126156.953,11.954,5532
16300,126168.211,11.265,5532
16301,126179.398,11.178,5532
16302,126190.492,11.098,5532
16303,126201.516,11.022,5532
16304,126212.578,11.062,5532
16305,126223.523,10.948,5532
16306,126234.227,10.703,5532
16307,126244.898,10.677,5532
16308,126255.594,10.685,5532
16309,126266.305,10.714,5532
16310,126276.945,10.635,5532
16311,126287.617,10.673,5532
16312,126298.688,11.071,5532
16313,126309.977,11.291,5532
16314,126320.969,10.992,5532
16315,126331.922,10.950,5532
16316,126343.016,11.100,5532
16317,126354.148,11.130,5532
16318,126365.133,10.984,5532
16319,126376.523,11.398,5532
16320,126388.477,11.947,5532
16321,126399.422,10.948,5532
16322,126411.055,11.630,5532
16323,126422.922,11.865,5532
16324,126434.719,11.801,5532
16325,126448.195,13.477,5532
16326,126459.094,10.894,5532
16327,126470.297,11.207,5532
16328,126481.359,11.063,5532
16329,126492.531,11.171,5532
16330,126504.172,11.643,5532
16331,126515.563,11.390,5532
16332,126527.328,11.759,5532
16333,126537.930,10.601,5532
16334,126548.359,10.437,5532
16335,126560.898,12.540,5532
16336,126572.172,11.273,5532
16337,126582.648,10.473,5532
16338,126593.672,11.025,5532
16339,126604.531,10.860,5532
16340,126615.109,10.577,5532
16341,126626.203,11.096,5532
16342,126637.430,11.225,5532
16343,126648.297,10.862,5532
16344,126659.164,10.875,5532
16345,126669.703,10.533,5532
16346,126680.164,10.464,5532
16347,126690.703,10.539,5532
16348,126701.164,10.463,5532
16349,126711.875,10.710,5532
16350,126722.289,10.406,5532
16351,126732.898,10.619,5532
16352,126743.828,10.927,5532
16353,126754.383,10.550,5532
16354,126764.609,10.227,5532
16355,126774.789,10.185,5532
16356,126784.961,10.167,5532
16357,126795.383,10.422,5532
16358,126806.086,10.705,5532
16359,126816.617,10.530,5532
16360,126827.203,10.592,5532
16361,126837.523,10.315,5532
16362,126848.922,11.393,5532
16363,126859.453,10.542,5532
16364,126870.313,10.857,5532
16365,126880.953,10.639,5532
16366,126891.328,10.370,5532
16367,126901.789,10.465,5532
16368,126912.453,10.666,5532
16369,126922.547,10.097,5532
16370,126933.125,10.571,5532
16371,126944.375,11.254,5532
16372,126957.289,12.909,5532
16373,126968.922,11.629,5532
16374,126980.055,11.141,5532
16375,126990.883,10.827,5532
16376,127002.156,11.276,5532
16377,127012.594,10.434,5532
16378,127023.016,10.419,5532
16379,127033.625,10.609,5532
16380,127044.430,10.807,5532
16381,127055.141,10.715,5532
16382,127066.313,11.167,5532
16383,127077.391,11.080,5532
16384,127088.344,10.950,5532
16385,127098.984,10.639,5532
16386,127109.594,10.616,5532
16387,127120.977,11.383,5532
16388,127132.219,11.248,5532
16389,127143.016,10.787,5532
16390,127154.070,11.060,5532
16391,127165.008,10.931,5532
16392,127176.930,11.925,5532
16393,127188.125,11.199,5532
16394,127200.922,12.788,5532
16395,127211.797,10.881,5532
16396,127223.023,11.227,5532
16397,127234.047,11.022,5532
16398,127245.336,11.291,5532
16399,127256.359,11.020,5532
16400,127267.391,11.033,5532
16401,127279.375,11.985,5532
16402,127291.141,11.766,5532
16403,127302.766,11.624,5532
16404,127314.391,11.629,5532
16405,127325.273,10.879,5532
16406,127335.563,10.295,5532
16407,127346.727,11.162,5532
16408,127357.398,10.666,5532
16409,127371.297,13.902,5532
16410,127382.977,11.680,5532
16411,127394.523,11.549,5532
16412,127405.328,10.799,5532
16413,127417.227,11.904,5532
16414,127428.922,11.686,5532
16415,127439.508,10.593,5532
16416,127450.375,10.869,5532
16417,127461.039,10.660,5532
16418,127471.844,10.809,5532
16419,127482.367,10.522,5532
16420,127493.664,11.291,5532
16421,127505.070,11.410,5532
16422,127515.563,10.499,5532
16423,127526.227,10.662,5532
16424,127537.430,11.201,5532
16425,127547.961,10.526,5532
16426,127558.328,10.371,5532
16427,127568.711,10.383,5532
16428,127579.734,11.022,5532
16429,127590.430,10.699,5532
16430,127601.656,11.219,5532
16431,127612.438,10.788,5532
16432,127623.242,10.809,5532
16433,127634.516,11.267,5532
16434,127645.703,11.190,5532
16435,127656.313,10.607,5532
16436,127667.094,10.778,5532
16437,127677.547,10.459,5532
16438,127688.313,10.762,5532
16439,127699.133,10.820,5532
16440,127710.328,11.198,5532
16441,127721.086,10.756,5532
16442,127732.359,11.275,5532
16443,127743.563,11.203,5532
16444,127754.469,10.910,5532
16445,127766.836,12.368,5532
16446,127779.445,12.601,5532
16447,127790.742,11.299,5532
16448,127801.539,10.803,5532
16449,127812.742,11.194,5532
16450,127823.820,11.087,5532
16451,127834.961,11.134,5532
16452,127846.055,11.096,5532
16453,127857.203,11.150,5532
16454,127868.000,10.796,5532
16455,127879.102,11.103,5532
16456,127889.734,10.633,5532
16457,127901.313,11.575,5532
16458,127912.945,11.627,5532
16459,127924.320,11.376,5532
16460,127935.297,10.981,5532
16461,127946.633,11.332,5532
16462,127958.102,11.478,5532
16463,127969.203,11.098,5532
16464,127980.547,11.345,5532
16465,127991.758,11.206,5532
16466,128003.219,11.464,5532
16467,128015.188,11.971,5532
16468,128028.891,13.703,5532
16469,128040.656,11.760,5532
16470,128052.227,11.574,5532
16471,128063.586,11.352,5532
16472,128074.859,11.284,5532
16473,128086.344,11.482,5532
16474,128097.383,11.037,5532
16475,128108.586,11.199,5532
16476,128120.234,11.660,5532
16477,128131.313,11.066,5532
16478,128142.227,10.927,5532
16479,128153.203,10.970,5532
16480,128163.953,10.746,5532
16481,128174.828,10.878,5532
16482,128187.008,12.176,5532
16483,128198.766,11.762,5532
16484,128209.602,10.832,5532
16485,128220.477,10.878,5532
16486,128231.188,10.716,5532
16487,128242.680,11.487,5532
16488,128253.711,11.028,5532
16489,128265.344,11.638,5532
16490,128276.961,11.612,5532
16491,128289.367,12.406,5532
16492,128301.227,11.869,5532
16493,128312.797,11.567,5532
16494,128323.547,10.748,5532
16495,128334.633,11.087,5532
16496,128346.570,11.940,5532
16497,128357.336,10.757,5532
16498,128367.992,10.660,5532
16499,128378.555,10.565,5532
16500,128389.078,10.520,5532
16501,128399.953,10.875,5532
16502,128410.781,10.832,5532
16503,128421.992,11.205,5532
16504,128432.563,10.574,5532
16505,128443.406,10.847,5532
16506,128454.672,11.258,5532
16507,128465.461,10.797,5532
16508,128476.055,10.589,5532
16509,128487.055,10.998,5532
16510,128497.734,10.686,5532
16511,128508.641,10.899,5532
16512,128519.398,10.760,5532
16513,128530.531,11.140,5532
16514,128541.695,11.155,5532
16515,128553.219,11.532,5532
16516,128564.953,11.724,5532
16517,128576.172,11.224,5532
16518,128588.797,12.627,5532
16519,128602.406,13.612,5532
16520,128613.844,11.439,5532
16521,128625.484,11.639,5532
16522,128637.320,11.831,5532
16523,128648.938,11.614,5532
16524,128660.922,11.984,5532
16525,128673.438,12.524,5532
16526,128685.164,11.727,5532
16527,128697.398,12.226,5532
16528,128709.086,11.692,5532
16529,128720.805,11.724,5532
16530,128732.656,11.847,5532
16531,128744.336,11.680,5532
16532,128756.406,12.067,5532
16533,128767.383,10.979,5532
16534,128778.836,11.453,5532
16535,128789.508,10.672,5532
16536,128800.250,10.737,5532
16537,128811.000,10.755,5532
16538,128821.961,10.956,5532
16539,128833.063,11.110,5532
16540,128844.727,11.656,5532
16541,128855.344,10.617,5532
16542,128866.391,11.049,5532
16543,128877.797,11.414,5532
16544,128889.273,11.467,5532
16545,128900.172,10.906,5532
16546,128911.070,10.893,5532
16547,128921.891,10.826,5532
16548,128932.664,10.766,5532
16549,128943.570,10.918,5532
16550,128954.500,10.927,5532
16551,128965.266,10.758,5532
16552,128975.641,10.373,5532
16553,128987.438,11.801,5532
16554,129000.031,12.593,5532
16555,129011.609,11.578,5532
16556,129022.617,11.010,5532
16557,129033.602,10.977,5532
16558,129044.617,11.021,5532
16559,129055.664,11.044,5532
16560,129066.883,11.230,5532
16561,129077.695,10.807,5532
16562,129088.508,10.814,5532
16563,129100.477,11.966,5532
16564,129111.727,11.251,5532
16565,129122.750,11.022,5532
16566,129134.008,11.252,5532
16567,129144.688,10.685,5532
16568,129155.742,11.053,5532
16569,129166.484,10.748,5532
16570,129177.813,11.322,5532
16571,129188.930,11.115,5532
16572,129200.805,11.878,5532
16573,129212.938,12.130,5532
16574,129224.297,11.363,5532
16575,129236.211,11.914,5532
16576,129247.742,11.530,5532
16577,129260.383,12.645,5532
16578,129271.719,11.332,5532
16579,129283.422,11.708,5532
16580,129294.930,11.504,5532
16581,129306.484,11.557,5532
16582,129318.695,12.205,5532
16583,129330.430,11.737,5532
16584,129341.922,11.493,5532
16585,129353.219,11.304,5532
16586,129364.977,11.750,5532
16587,129377.773,12.797,5532
16588,129391.164,13.397,5532
16589,129404.422,13.256,5532
16590,129416.320,11.891,5532
16591,129427.539,11.226,5532
16592,129439.047,11.508,5532
16593,129449.766,10.720,5532
16594,129460.367,10.597,5532
16595,129471.102,10.736,5532
16596,129482.891,11.794,5532
16597,129493.695,10.795,5532
16598,129504.609,10.916,5532
16599,129515.586,10.976,5532
16600,129526.758,11.170,5532
16601,129537.930,11.173,5532
16602,129548.813,10.890,5532
16603,129559.852,11.034,5532
16604,129570.180,10.329,5532
16605,129580.859,10.679,5532
16606,129591.531,10.673,5532
16607,129602.039,10.503,5532
16608,129612.742,10.709,5532
16609,129623.273,10.529,5532
16610,129634.305,11.030,5532
16611,129645.813,11.507,5532
16612,129656.727,10.914,5532
16613,129667.680,10.954,5532
16614,129678.164,10.488,5532
16615,129688.766,10.598,5532
16616,129699.539,10.782,5532
16617,129710.695,11.152,5532
16618,129721.484,10.786,5532
16619,129732.305,10.821,5532
16620,129743.305,10.996,5532
16621,129754.688,11.388,5532
16622,129765.586,10.894,5532
16623,129776.414,10.831,5532
16624,129788.477,12.064,5532
16625,129800.375,11.900,5532
16626,129811.297,10.918,5532
16627,129822.844,11.548,5532
16628,129833.922,11.076,5532
16629,129845.078,11.159,5532
16630,129856.367,11.284,5532
16631,129867.586,11.216,5532
16632,129878.820,11.246,5532
16633,129889.781,10.959,5532
16634,129901.055,11.273,5532
16635,129912.258,11.194,5532
16636,129923.555,11.308,5532
16637,129934.719,11.161,5532
16638,129946.086,11.368,5532
16639,129957.547,11.463,5532
16640,129969.688,12.136,5532
16641,129981.406,11.719,5532
16642,129992.758,11.348,5532
16643,130004.430,11.676,5532
16644,130016.430,12.002,5532
16645,130028.258,11.820,5532
16646,130040.500,12.248,5532
16647,130053.211,12.714,5532
16648,130065.594,12.379,5532
16649,130078.430,12.837,5532
16650,130090.195,11.765,5532
16651,130101.867,11.678,5532
16652,130113.414,11.545,5532
16653,130124.563,11.145,5532
16654,130136.391,11.827,5532
16655,130148.617,12.224,5532
16656,130159.766,11.153,5532
16657,130171.523,11.757,5532
16658,130183.055,11.528,5532
16659,130195.031,11.975,5532
16660,130206.953,11.919,5532
16661,130218.219,11.277,5532
16662,130229.547,11.324,5532
16663,130240.734,11.188,5532
16664,130251.367,10.629,5532
16665,130262.180,10.820,5532
16666,130273.391,11.208,5532
16667,130285.273,11.877,5532
16668,130296.172,10.903,5532
16669,130306.727,10.556,5532
16670,130317.500,10.773,5532
16671,130328.414,10.912,5532
16672,130339.461,11.051,5532
16673,130351.063,11.594,5532
16674,130362.008,10.950,5532
16675,130372.656,10.647,5532
16676,130383.516,10.861,5532
16677,130394.961,11.443,5532
16678,130405.641,10.675,5532
16679,130416.984,11.344,5532
16680,130428.047,11.067,5532
16681,130438.547,10.501,5532
16682,130449.063,10.512,5532
16683,130459.766,10.710,5532
16684,130470.289,10.517,5532
16685,130481.055,10.766,5532
16686,130492.414,11.363,5532
16687,130503.766,11.355,5532
16688,130514.641,10.870,5532
16689,130525.219,10.582,5532
16690,130535.805,10.588,5532
16691,130546.352,10.542,5532
16692,130556.828,10.479,5532
16693,130567.734,10.901,5532
16694,130578.211,10.487,5532
16695,130589.477,11.259,5532
16696,130602.023,12.544,5532
16697,130614.156,12.138,5532
16698,130625.109,10.954,5532
16699,130635.891,10.781,5532
16700,130646.969,11.073,5532
16701,130657.570,10.604,5532
16702,130668.406,10.836,5532
16703,130679.039,10.632,5532
16704,130689.508,10.470,5532
16705,130701.070,11.562,5532
16706,130712.055,10.986,5532
16707,130723.828,11.772,5532
16708,130734.719,10.889,5532
16709,130745.602,10.881,5532
16710,130756.531,10.932,5532
16711,130767.609,11.072,5532
16712,130778.867,11.271,5532
16713,130789.586,10.705,5532
16714,130800.859,11.284,5532
16715,130811.844,10.982,5532
16716,130823.570,11.726,5532
16717,130835.289,11.713,5532
16718,130847.711,12.426,5532
16719,130858.742,11.032,5532
16720,130870.563,11.828,5532
16721,130881.719,11.146,5532
16722,130893.367,11.649,5532
16723,130904.453,11.085,5532
16724,130916.117,11.667,5532
16725,130927.539,11.426,5532
16726,130939.523,11.979,5532
16727,130951.219,11.700,5532
16728,130963.023,11.802,5532
16729,130974.398,11.371,5532
16730,130984.789,10.391,5532
16731,130995.445,10.656,5532
16732,131006.750,11.305,5532
16733,131018.789,12.041,5532
16734,131029.797,11.008,5532
16735,131041.414,11.622,5532
16736,131052.281,10.856,5532
16737,131063.039,10.765,5532
16738,131073.703,10.670,5532
16739,131084.141,10.422,5532
16740,131094.797,10.665,5532
16741,131106.125,11.330,5532
16742,131116.688,10.570,5532
16743,131127.219,10.525,5532
16744,131138.453,11.226,5532
16745,131150.281,11.837,5532
16746,131160.844,10.554,5532
16747,131171.156,10.323,5532
16748,131181.516,10.359,5532
16749,131192.391,10.878,5532
16750,131202.969,10.564,5532
16751,131213.781,10.811,5532
16752,131224.391,10.617,5532
16753,131235.125,10.736,5532
16754,131247.438,12.305,5532
16755,131258.578,11.150,5532
16756,131269.234,10.651,5532
16757,131279.734,10.502,5532
16758,131290.344,10.607,5532
16759,131300.953,10.612,5532
16760,131311.453,10.497,5532
16761,131321.891,10.447,5532
16762,131332.266,10.375,5532
16763,131342.641,10.368,5532
16764,131353.063,10.424,5532
16765,131364.734,11.672,5532
16766,131375.688,10.951,5532
16767,131387.266,11.585,5532
16768,131398.391,11.126,5532
16769,131409.844,11.443,5532
16770,131422.984,13.138,5532
16771,131434.000,11.025,5532
16772,131445.281,11.274,5532
16773,131455.906,10.636,5532
16774,131466.969,11.048,5532
16775,131478.000,11.046,5532
16776,131488.625,10.615,5532
16777,131500.047,11.426,5532
16778,131510.750,10.699,5532
16779,131521.094,10.347,5532
16780,131531.766,10.675,5532
16781,131542.328,10.560,5532
16782,131553.141,10.811,5532
16783,131563.969,10.827,5532
16784,131575.547,11.574,5532
16785,131586.688,11.154,5532
16786,131597.938,11.248,5532
16787,131609.422,11.479,5532
16788,131620.219,10.793,5532
16789,131631.172,10.958,5532
16790,131643.891,12.724,5532
16791,131655.625,11.728,5532
16792,131667.094,11.471,5532
16793,131679.547,12.449,5532
16794,131691.594,12.052,5532
16795,131702.984,11.381,5532
16796,131714.156,11.174,5532
16797,131725.281,11.123,5532
16798,131737.234,11.964,5532
16799,131748.844,11.603,5532
16800,131760.016,11.169,5532
16801,131770.594,10.584,5532
16802,131781.109,10.512,5532
16803,131792.234,11.124,5532
16804,131802.750,10.517,5532
16805,131813.109,10.365,5532
16806,131824.031,10.918,5532
16807,131838.266,14.240,5532
16808,131851.078,12.804,5532
16809,131862.531,11.453,5532
16810,131875.016,12.494,5532
16811,131886.203,11.179,5532
16812,131898.109,11.902,5532
16813,131909.094,10.986,5532
16814,131920.406,11.316,5532
16815,131931.203,10.798,5532
16816,131941.750,10.539,5532
16817,131952.859,11.113,5532
16818,131963.281,10.429,5532
16819,131974.063,10.789,5532
16820,131984.656,10.577,5532
16821,131995.234,10.587,5532
16822,132006.406,11.168,5532
16823,132017.281,10.882,5532
16824,132027.750,10.464,5532
16825,132038.656,10.914,5532
16826,132049.172,10.508,5532
16827,132059.688,10.513,5532
16828,132071.266,11.576,5532
16829,132082.984,11.720,5532
16830,132093.766,10.783,5532
16831,132105.172,11.401,5532
16832,132116.063,10.899,5532
16833,132126.734,10.669,5532
16834,132137.172,10.442,5532
16835,132148.563,11.384,5532
16836,132159.188,10.620,5532
16837,132170.156,10.966,5532
16838,132180.906,10.766,5532
16839,132191.656,10.745,5532
16840,132202.219,10.562,5532
16841,132213.984,11.762,5532
16842,132226.203,12.223,5532
16843,132238.906,12.706,5532
16844,132251.047,12.138,5532
16845,132262.281,11.226,5532
16846,132273.469,11.184,5532
16847,132285.453,11.987,5532
16848,132297.484,12.039,5532
16849,132316.719,19.238,5532
16850,132328.266,11.543,5532
16851,132340.328,12.066,5532
16852,132351.453,11.115,5532
16853,132362.953,11.512,5532
16854,132375.188,12.227,5532
16855,132386.656,11.465,5532
16856,132400.844,14.192,5532
16857,132411.047,10.212,5532
16858,132422.078,11.022,5532
16859,132433.219,11.142,5532
16860,132443.844,10.626,5532
16861,132454.344,10.503,5532
16862,132465.281,10.927,5532
16863,132476.281,11.014,5532
16864,132486.703,10.415,5532
16865,132497.172,10.470,5532
16866,132507.500,10.325,5532
16867,132517.938,10.445,5532
16868,132528.969,11.018,5532
16869,132539.953,10.995,5532
16870,132550.672,10.719,5532
16871,132561.125,10.439,5532
16872,132571.703,10.590,5532
16873,132582.563,10.863,5532
16874,132593.594,11.025,5532
16875,132604.000,10.405,5532
16876,132614.578,10.575,5532
16877,132624.984,10.419,5532
16878,132635.906,10.907,5532
16879,132649.750,13.850,5532
16880,132660.703,10.965,5532
16881,132671.672,10.955,5532
16882,132682.375,10.710,5532
16883,132693.078,10.699,5532
16884,132704.406,11.330,5532
16885,132715.156,10.739,5532
16886,132725.906,10.766,5532
16887,132736.547,10.626,5532
16888,132747.375,10.833,5532
16889,132758.641,11.264,5532
16890,132769.531,10.897,5532
16891,132780.828,11.292,5532
16892,132792.375,11.558,5532
16893,132803.438,11.044,5532
16894,132815.859,12.436,5532
16895,132826.672,10.817,5532
16896,132837.719,11.046,5532
16897,132848.547,10.815,5532
16898,132859.813,11.269,5532
16899,132871.531,11.717,5532
16900,132882.609,11.077,5532
16901,132894.219,11.612,5532
16902,132905.359,11.147,5532
16903,132916.297,10.936,5532
16904,132927.422,11.111,5532
16905,132938.563,11.150,5532
16906,132949.703,11.148,5532
16907,132960.766,11.059,5532
16908,132972.313,11.553,5532
16909,132983.328,11.009,5532
16910,132994.625,11.299,5532
16911,133006.016,11.384,5532
16912,133017.359,11.352,5532
16913,133028.422,11.055,5532
16914,133041.188,12.775,5532
16915,133052.516,11.317,5532
16916,133063.156,10.639,5532
16917,133074.328,11.184,5532
16918,133085.188,10.854,5532
16919,133096.703,11.511,5532
16920,133108.000,11.302,5532
16921,133118.547,10.544,5532
16922,133129.531,10.991,5532
16923,133139.813,10.273,5532
16924,133150.688,10.886,5532
16925,133161.281,10.584,5532
16926,133171.969,10.699,5532
16927,133183.141,11.168,5532
16928,133193.984,10.841,5532
16929,133204.328,10.347,5532
16930,133215.469,11.136,5532
16931,133225.766,10.286,5532
16932,133236.641,10.889,5532
16933,133247.594,10.946,5532
16934,133258.609,11.027,5532
16935,133270.000,11.386,5532
16936,133280.875,10.863,5532
16937,133291.859,10.989,5532
16938,133302.531,10.679,5532
16939,133312.984,10.451,5532
16940,133323.766,10.769,5532
16941,133334.656,10.910,5532
16942,133345.453,10.778,5532
16943,133355.625,10.179,5532
16944,133366.156,10.528,5532
16945,133376.469,10.322,5532
16946,133386.672,10.204,5532
16947,133398.078,11.395,5532
16948,133408.984,10.908,5532
16949,133419.609,10.625,5532
16950,133429.875,10.266,5532
16951,133442.188,12.318,5532
16952,133453.938,11.751,5532
16953,133464.438,10.502,5532
16954,133475.469,11.030,5532
16955,133486.625,11.162,5532
16956,133497.078,10.442,5532
16957,133508.266,11.188,5532
16958,133518.875,10.612,5532
16959,133529.438,10.555,5532
16960,133539.641,10.215,5532
16961,133550.125,10.471,5532
16962,133560.703,10.593,5532
16963,133571.297,10.594,5532
16964,133582.000,10.704,5532
16965,133592.453,10.446,5532
16966,133603.344,10.896,5532
16967,133614.844,11.498,5532
16968,133625.438,10.590,5532
16969,133636.797,11.352,5532
16970,133648.125,11.329,5532
16971,133659.359,11.248,5532
16972,133670.250,10.882,5532
16973,133681.359,11.110,5532
16974,133692.469,11.112,5532
16975,133703.031,10.561,5532
16976,133714.547,11.521,5532
16977,133725.844,11.298,5532
16978,133736.953,11.096,5532
16979,133747.641,10.701,5532
16980,133758.109,10.466,5532
16981,133769.219,11.103,5532
16982,133780.250,11.038,5532
16983,133791.297,11.044,5532
16984,133802.313,11.013,5532
16985,133813.688,11.376,5532
16986,133824.094,10.398,5532
16987,133834.719,10.634,5532
16988,133846.516,11.789,5532
16989,133857.641,11.141,5532
16990,133868.703,11.056,5532
16991,133879.375,10.667,5532
16992,133889.516,10.140,5532
16993,133900.078,10.558,5532
16994,133910.422,10.344,5532
16995,133920.750,10.338,5532
16996,133931.234,10.478,5532
16997,133942.625,11.404,5532
16998,133953.266,10.631,5532
16999,133963.594,10.324,5532
17000,133974.047,10.467,5532
17001,133984.141,10.081,5532
17002,133994.250,10.111,5532
17003,134004.297,10.049,5532
17004,134014.797,10.497,5532
17005,134025.094,10.302,5532
17006,134035.547,10.446,5532
17007,134046.406,10.868,5532
17008,134056.891,10.473,5532
17009,134067.188,10.308,5532
17010,134077.500,10.303,5532
17011,134088.188,10.684,5532
17012,134099.469,11.281,5532
17013,134110.703,11.246,5532
17014,134121.063,10.354,5532
17015,134131.469,10.402,5532
17016,134142.266,10.809,5532
17017,134153.453,11.174,5532
17018,134163.828,10.377,5532
17019,134173.969,10.153,5532
17020,134183.953, 9.974,5532
17021,134194.359,10.421,5532
17022,134205.641,11.269,5532
17023,134216.047,10.410,5532
17024,134226.625,10.580,5532
17025,134237.578,10.942,5532
17026,134249.078,11.507,5532
17027,134261.625,12.547,5532
17028,134272.984,11.353,5532
17029,134283.188,10.211,5532
17030,134293.656,10.472,5532
17031,134303.984,10.327,5532
17032,134314.125,10.135,5532
17033,134324.531,10.407,5532
17034,134335.438,10.899,5532
17035,134345.500,10.066,5532
17036,134355.578,10.081,5532
17037,134367.016,11.442,5532
17038,134377.594,10.566,5532
17039,134387.891,10.309,5532
17040,134398.078,10.171,5532
17041,134413.609,15.539,5532
17042,134424.172,10.567,5532
17043,134434.938,10.771,5532
17044,134446.234,11.295,5532
17045,134457.625,11.382,5532
17046,134468.922,11.303,5532
17047,134480.266,11.347,5532
17048,134491.109,10.844,5532
17049,134501.844,10.738,5532
17050,134512.906,11.049,5532
17051,134523.719,10.816,5532
17052,134534.750,11.029,5532
17053,134545.422,10.663,5532
17054,134556.391,10.991,5532
17055,134567.422,11.010,5532
17056,134579.031,11.623,5532
17057,134590.047,11.025,5532
17058,134601.656,11.600,5532
17059,134611.781,10.125,5532
17060,134622.219,10.431,5532
17061,134632.391,10.173,5532
17062,134642.438,10.059,5532
17063,134653.484,11.037,5532
17064,134664.938,11.448,5532
17065,134675.813,10.892,5532
17066,134687.156,11.336,5532
17067,134697.281,10.134,5532
17068,134707.891,10.597,5532
17069,134718.156,10.269,5532
17070,134730.281,12.117,5532
17071,134740.672,10.405,5532
17072,134751.047,10.375,5532
17073,134761.531,10.480,5532
17074,134772.313,10.784,5532
17075,134782.844,10.516,5532
17076,134793.625,10.790,5532
17077,134803.984,10.365,5532
17078,134814.266,10.274,5532
17079,134824.672,10.409,5532
17080,134835.016,10.337,5532
17081,134846.109,11.091,5532
17082,134856.125,10.015,5532
17083,134866.141,10.027,5532
17084,134876.484,10.353,5532
17085,134886.469, 9.982,5532
17086,134897.109,10.632,5532
17087,134907.203,10.104,5532
17088,134917.219,10.006,5532
17089,134927.578,10.355,5532
17090,134937.547, 9.969,5532
17091,134947.953,10.417,5532
17092,134957.875, 9.918,5532
17093,134967.750, 9.868,5532
17094,134977.859,10.124,5532
17095,134987.672, 9.798,5532
17096,134998.313,10.646,5532
17097,135009.141,10.830,5532
17098,135019.609,10.463,5532
17099,135030.203,10.598,5532
17100,135040.563,10.358,5532
17101,135050.828,10.253,5532
17102,135062.266,11.447,5532
17103,135073.781,11.521,5532
17104,135084.344,10.556,5532
17105,135094.609,10.281,5532
17106,135104.953,10.332,5532
17107,135115.906,10.955,5532
17108,135126.125,10.211,5532
17109,135136.109, 9.978,5532
17110,135146.344,10.253,5532
17111,135156.906,10.559,5532
17112,135167.172,10.260,5532
17113,135177.531,10.351,5532
17114,135187.438, 9.918,5532
17115,135197.625,10.180,5532
17116,135207.516, 9.889,5532
17117,135218.516,11.009,5532
17118,135229.500,10.984,5532
17119,135240.313,10.809,5532
17120,135250.984,10.681,5532
17121,135262.125,11.135,5532
17122,135272.813,10.682,5532
17123,135283.313,10.517,5532
17124,135294.234,10.911,5532
17125,135305.000,10.758,5532
17126,135315.578,10.577,5532
17127,135327.156,11.592,5532
17128,135338.000,10.847,5532
17129,135348.922,10.907,5532
17130,135359.516,10.589,5532
17131,135370.438,10.932,5532
17132,135381.375,10.941,5532
17133,135392.125,10.735,5532
17134,135402.172,10.051,5532
17135,135412.078, 9.902,5532
17136,135422.141,10.070,5532
17137,135432.938,10.800,5532
17138,135443.078,10.140,5532
17139,135453.313,10.251,5532
17140,135464.281,10.948,5532
17141,135475.391,11.124,5532
17142,135486.125,10.722,5532
17143,135496.203,10.081,5532
17144,135506.375,10.172,5532
17145,135516.641,10.281,5532
17146,135526.641, 9.989,5532
17147,135537.000,10.352,5532
17148,135547.719,10.729,5532
17149,135558.141,10.413,5532
17150,135568.469,10.330,5532
17151,135578.656,10.197,5532
17152,135588.953,10.285,5532
17153,135599.094,10.139,5532
17154,135609.219,10.138,5532
17155,135619.281,10.062,5532
17156,135629.188, 9.909,5532
17157,135639.234,10.043,5532
17158,135650.109,10.861,5532
17159,135660.359,10.262,5532
17160,135670.344, 9.972,5532
17161,135681.000,10.664,5532
17162,135690.813, 9.811,5532
17163,135700.609, 9.810,5532
17164,135710.484, 9.862,5532
17165,135720.203, 9.719,5532
17166,135730.281,10.084,5532
17167,135740.172, 9.884,5532
17168,135750.672,10.507,5532
17169,135761.297,10.625,5532
17170,135771.484,10.170,5532
17171,135781.453, 9.971,5532
17172,135791.688,10.248,5532
17173,135802.641,10.963,5532
17174,135812.953,10.303,5532
17175,135823.328,10.384,5532
17176,135834.094,10.742,5532
17177,135844.781,10.689,5532
17178,135856.422,11.649,5532
17179,135869.031,12.617,5532
17180,135881.359,12.333,5532
17181,135892.219,10.839,5532
17182,135902.844,10.632,5532
17183,135913.547,10.704,5532
17184,135924.781,11.228,5532
17185,135935.609,10.829,5532
17186,135946.875,11.264,5532
17187,135957.781,10.914,5532
17188,135969.063,11.280,5532
17189,135979.594,10.532,5532
17190,135990.516,10.923,5532
17191,136001.500,10.985,5532
17192,136012.766,11.252,5532
17193,136024.031,11.286,5532
17194,136035.203,11.161,5532
17195,136045.313,10.123,5532
17196,136055.047, 9.716,5532
17197,136064.969, 9.934,5532
17198,136075.672,10.700,5532
17199,136085.906,10.237,5532
17200,136095.906, 9.996,5532
17201,136105.813, 9.911,5532
17202,136116.359,10.544,5532
17203,136127.828,11.467,5532
17204,136138.094,10.263,5532
17205,136148.141,10.038,5532
17206,136159.000,10.869,5532
17207,136169.234,10.243,5532
17208,136179.750,10.512,5532
17209,136189.969,10.215,5532
17210,136200.500,10.541,5532
17211,136210.719,10.210,5532
17212,136220.641, 9.922,5532
17213,136231.203,10.573,5532
17214,136241.000, 9.782,5532
17215,136250.844, 9.838,5532
17216,136260.953,10.120,5532
17217,136270.594, 9.652,5532
17218,136281.938,11.332,5532
17219,136294.016,12.091,5532
17220,136304.406,10.377,5532
17221,136314.578,10.175,5532
17222,136324.766,10.177,5532
17223,136334.813,10.043,5532
17224,136344.938,10.129,5532
17225,136355.063,10.132,5532
17226,136365.625,10.564,5532
17227,136375.953,10.327,5532
17228,136386.188,10.235,5532
17229,136397.281,11.097,5532
17230,136407.625,10.342,5532
17231,136419.016,11.391,5532
17232,136429.594,10.578,5532
17233,136439.703,10.110,5532
17234,136450.047,10.346,5532
17235,136460.438,10.388,5532
17236,136470.547,10.105,5532
17237,136481.016,10.466,5532
17238,136491.281,10.276,5532
17239,136502.156,10.868,5532
17240,136513.203,11.053,5532
17241,136523.750,10.537,5532
17242,136534.375,10.629,5532
17243,136544.875,10.504,5532
17244,136556.328,11.451,5532
17245,136566.844,10.513,5532
17246,136577.672,10.835,5532
17247,136588.313,10.628,5532
17248,136598.984,10.686,5532
17249,136612.688,13.706,5532
17250,136623.406,10.694,5532
17251,136634.109,10.709,5532
17252,136645.500,11.394,5532
17253,136656.391,10.898,5532
17254,136667.375,10.987,5532
17255,136678.406,11.030,5532
17256,136689.984,11.574,5532
17257,136700.563,10.583,5532
17258,136710.672,10.114,5532
17259,136721.094,10.409,5532
17260,136731.344,10.255,5532
17261,136741.219, 9.880,5532
17262,136751.297,10.072,5532
17263,136761.109, 9.819,5532
17264,136771.063, 9.954,5532
17265,136781.328,10.269,5532
17266,136791.594,10.247,5532
17267,136802.094,10.509,5532
17268,136813.578,11.483,5532
17269,136824.813,11.234,5532
17270,136834.813, 9.996,5532
17271,136845.109,10.311,5532
17272,136858.750,13.623,5532
17273,136868.766,10.023,5532
17274,136879.234,10.481,5532
17275,136889.156, 9.914,5532
17276,136899.078, 9.919,5532
17277,136909.063, 9.990,5532
17278,136919.547,10.471,5532
17279,136930.375,10.828,5532
17280,136940.469,10.109,5532
17281,136950.484,10.008,5532
17282,136960.266, 9.787,5532
17283,136970.438,10.176,5532
17284,136980.422, 9.969,5532
17285,136990.609,10.204,5532
17286,137000.313, 9.684,5532
17287,137010.141, 9.835,5532
17288,137019.719, 9.581,5532
17289,137030.078,10.345,5532
17290,137040.938,10.873,5532
17291,137051.031,10.086,5532
17292,137060.891, 9.862,5532
17293,137071.578,10.691,5532
17294,137083.359,11.788,5532
17295,137093.750,10.385,5532
17296,137103.906,10.153,5532
17297,137113.828, 9.933,5532
17298,137123.719, 9.891,5532
17299,137133.891,10.167,5532
17300,137144.906,11.012,5532
17301,137155.422,10.502,5532
17302,137165.922,10.512,5532
17303,137175.781, 9.867,5532
17304,137186.156,10.359,5532
17305,137196.156,10.009,5532
17306,137206.109, 9.955,5532
17307,137216.094, 9.982,5532
17308,137226.203,10.103,5532
17309,137236.594,10.404,5532
17310,137247.594,10.990,5532
17311,137258.219,10.620,5532
17312,137268.781,10.573,5532
17313,137279.516,10.723,5532
17314,137290.203,10.699,5532
17315,137301.984,11.785,5532
17316,137312.750,10.750,5532
17317,137323.781,11.052,5532
17318,137334.625,10.848,5532
17319,137345.641,10.993,5532
17320,137356.906,11.272,5532
17321,137367.797,10.898,5532
17322,137378.391,10.591,5532
17323,137388.938,10.535,5532
17324,137399.141,10.210,5532
17325,137409.719,10.582,5532
17326,137420.375,10.660,5532
17327,137431.250,10.878,5532
17328,137442.156,10.892,5532
17329,137452.203,10.042,5532
17330,137462.781,10.578,5532
17331,137473.141,10.374,5532
17332,137484.828,11.685,5532
17333,137495.484,10.656,5532
17334,137506.016,10.531,5532
17335,137516.141,10.125,5532
17336,137526.266,10.129,5532
17337,137536.484,10.220,5532
17338,137546.875,10.377,5532
17339,137556.828, 9.958,5532
17340,137567.438,10.603,5532
17341,137577.734,10.304,5532
17342,137588.625,10.906,5532
17343,137598.797,10.145,5532
17344,137608.844,10.051,5532
17345,137618.703, 9.882,5532
17346,137628.719,10.007,5532
17347,137638.500, 9.787,5532
17348,137648.563,10.061,5532
17349,137658.797,10.215,5532
17350,137669.156,10.378,5532
17351,137679.438,10.272,5532
17352,137689.547,10.109,5532
17353,137699.453, 9.908,5532
17354,137709.328, 9.888,5532
17355,137719.125, 9.791,5532
17356,137728.984, 9.851,5532
17357,137738.938, 9.946,5532
17358,137748.703, 9.782,5532
17359,137758.703,10.004,5532
17360,137768.797,10.075,5532
17361,137779.078,10.284,5532
17362,137789.578,10.508,5532
17363,137799.625,10.047,5532
17364,137809.516, 9.890,5532
17365,137819.453, 9.935,5532
17366,137829.281, 9.840,5532
17367,137839.719,10.417,5532
17368,137851.000,11.290,5532
17369,137861.406,10.403,5532
17370,137872.016,10.616,5532
17371,137884.172,12.154,5532
17372,137895.234,11.066,5532
17373,137905.984,10.758,5532
17374,137916.500,10.509,5532
17375,137926.406, 9.893,5532
17376,137936.500,10.107,5532
17377,137946.781,10.268,5532
17378,137957.000,10.216,5532
17379,137966.938, 9.941,5532
17380,137977.234,10.300,5532
17381,137987.375,10.147,5532
17382,137998.000,10.621,5532
17383,138008.234,10.237,5532
17384,138021.109,12.880,5532
17385,138031.438,10.308,5532
17386,138044.906,13.479,5532
17387,138055.234,10.338,5532
17388,138065.641,10.399,5532
17389,138076.109,10.467,5532
17390,138086.875,10.762,5532
17391,138097.828,10.960,5532
17392,138109.656,11.827,5532
17393,138121.219,11.567,5532
17394,138132.281,11.052,5532
17395,138144.000,11.731,5532
17396,138155.359,11.365,5532
17397,138166.500,11.136,5532
17398,138176.859,10.346,5532
17399,138187.531,10.677,5532
17400,138198.656,11.125,5532
17401,138210.078,11.421,5532
17402,138220.672,10.601,5532
17403,138231.141,10.457,5532
17404,138240.922, 9.778,5532
17405,138251.141,10.222,5532
17406,138261.625,10.483,5532
17407,138271.531, 9.913,5532
17408,138282.766,11.232,5532
17409,138294.297,11.534,5532
17410,138304.781,10.471,5532
17411,138315.375,10.612,5532
17412,138326.594,11.212,5532
17413,138336.734,10.128,5532
17414,138348.922,12.201,5532
17415,138359.672,10.755,5532
17416,138371.078,11.410,5532
17417,138381.219,10.143,5532
17418,138391.000, 9.766,5532
17419,138402.141,11.137,5532
17420,138412.141,10.004,5532
17421,138422.141,10.003,5532
17422,138432.266,10.121,5532
17423,138442.141, 9.876,5532
17424,138451.938, 9.808,5532
17425,138462.156,10.204,5532
17426,138471.672, 9.517,5532
17427,138481.531, 9.864,5532
17428,138491.234, 9.708,5532
17429,138500.875, 9.634,5532
17430,138510.281, 9.403,5532
17431,138519.969, 9.693,5532
17432,138530.313,10.337,5532
17433,138540.094, 9.781,5532
17434,138549.781, 9.693,5532
17435,138559.328, 9.565,5532
17436,138569.109, 9.766,5532
17437,138578.813, 9.691,5532
17438,138589.047,10.253,5532
17439,138598.734, 9.682,5532
17440,138608.656, 9.932,5532
17441,138618.391, 9.721,5532
17442,138628.141, 9.742,5532
17443,138639.141,11.009,5532
17444,138649.688,10.544,5532
17445,138659.781,10.093,5532
17446,138670.406,10.629,5532
17447,138680.438,10.028,5532
17448,138691.813,11.378,5532
17449,138703.359,11.549,5532
17450,138714.375,11.015,5532
17451,138725.078,10.710,5532
17452,138735.688,10.606,5532
17453,138746.563,10.884,5532
17454,138757.109,10.542,5532
17455,138767.500,10.386,5532
17456,138778.547,11.048,5532
17457,138789.031,10.482,5532
17458,138800.547,11.511,5532
17459,138810.859,10.313,5532
17460,138821.672,10.811,5532
17461,138832.938,11.271,5532
17462,138844.156,11.205,5532
17463,138855.641,11.501,5532
17464,138866.563,10.930,5532
17465,138877.625,11.042,5532
17466,138887.719,10.100,5532
17467,138897.859,10.146,5532
17468,138907.563, 9.694,5532
17469,138917.141, 9.593,5532
17470,138926.766, 9.601,5532
17471,138936.828,10.079,5532
17472,138947.094,10.261,5532
17473,138957.281,10.201,5532
17474,138967.219, 9.932,5532
17475,138977.000, 9.768,5532
17476,138986.734, 9.733,5532
17477,138997.359,10.649,5532
17478,139007.000, 9.623,5532
17479,139016.750, 9.745,5532
17480,139026.453, 9.720,5532
17481,139036.328, 9.868,5532
17482,139046.000, 9.673,5532
17483,139056.109,10.102,5532
17484,139066.984,10.883,5532
17485,139076.891, 9.893,5532
17486,139087.141,10.269,5532
17487,139098.734,11.574,5532
17488,139109.250,10.539,5532
17489,139118.953, 9.685,5532
17490,139128.906, 9.947,5532
17491,139139.250,10.362,5532
17492,139148.953, 9.697,5532
17493,139159.438,10.479,5532
17494,139171.766,12.337,5532
17495,139182.094,10.317,5532
17496,139192.563,10.486,5532
17497,139202.859,10.289,5532
17498,139212.844, 9.980,5532
17499,139223.531,10.680,5532
17500,139233.453, 9.927,5532
17501,139243.016, 9.570,5532
17502,139252.688, 9.681,5532
17503,139262.250, 9.541,5532
17504,139272.656,10.429,5532
17505,139283.016,10.346,5532
17506,139293.281,10.279,5532
17507,139303.469,10.174,5532
17508,139313.984,10.528,5532
17509,139323.875, 9.877,5532
17510,139334.094,10.212,5532
17511,139344.141,10.057,5532
17512,139354.953,10.813,5532
17513,139365.641,10.685,5532
17514,139376.016,10.388,5532
17515,139387.594,11.568,5532
17516,139398.125,10.528,5532
17517,139408.328,10.194,5532
17518,139419.188,10.866,5532
17519,139429.578,10.390,5532
17520,139439.828,10.257,5532
17521,139449.891,10.071,5532
17522,139460.109,10.208,5532
17523,139470.750,10.633,5532
17524,139481.922,11.187,5532
17525,139494.844,12.910,5532
17526,139506.188,11.348,5532
17527,139517.188,11.003,5532
17528,139527.500,10.309,5532
17529,139537.828,10.333,5532
17530,139547.656, 9.829,5532
17531,139557.375, 9.724,5532
17532,139567.328, 9.950,5532
17533,139577.375,10.042,5532
17534,139587.484,10.095,5532
17535,139598.125,10.643,5532
17536,139608.250,10.132,5532
17537,139618.344,10.095,5532
17538,139628.250, 9.900,5532
17539,139638.016, 9.785,5532
17540,139647.516, 9.481,5532
17541,139657.266, 9.758,5532
17542,139667.328,10.068,5532
17543,139677.141, 9.803,5532
17544,139686.688, 9.559,5532
17545,139696.328, 9.627,5532
17546,139706.563,10.250,5532
17547,139716.484, 9.919,5532
17548,139726.469, 9.984,5532
17549,139736.344, 9.860,5532
17550,139746.047, 9.717,5532
17551,139755.609, 9.557,5532
17552,139765.313, 9.707,5532
17553,139775.031, 9.707,5532
17554,139784.703, 9.692,5532
17555,139794.688, 9.976,5532
17556,139804.594, 9.912,5532
17557,139814.766,10.158,5532
17558,139824.563, 9.805,5532
17559,139834.281, 9.716,5532
17560,139843.859, 9.581,5532
17561,139853.547, 9.681,5532
17562,139863.172, 9.621,5532
17563,139873.063, 9.899,5532
17564,139883.375,10.312,5532
17565,139894.734,11.351,5532
17566,139905.359,10.630,5532
17567,139915.875,10.515,5532
17568,139925.875,10.001,5532
17569,139935.844, 9.972,5532
17570,139945.672, 9.831,5532
17571,139956.125,10.434,5532
17572,139965.797, 9.689,5532
17573,139975.781, 9.982,5532
17574,139985.609, 9.827,5532
17575,139995.266, 9.658,5532
17576,140005.734,10.464,5532
17577,140015.563, 9.824,5532
17578,140026.078,10.507,5532
17579,140036.250,10.178,5532
17580,140046.422,10.177,5532
17581,140056.438,10.025,5532
17582,140066.500,10.067,5532
17583,140076.406, 9.894,5532
17584,140086.703,10.300,5532
17585,140096.922,10.217,5532
17586,140107.750,10.827,5532
17587,140118.563,10.821,5532
17588,140129.375,10.805,5532
17589,140140.047,10.680,5532
17590,140150.406,10.354,5532
17591,140161.313,10.909,5532
17592,140173.109,11.796,5532
17593,140184.375,11.259,5532
17594,140194.578,10.216,5532
17595,140204.984,10.393,5532
17596,140214.891, 9.898,5532
17597,140224.797, 9.915,5532
17598,140235.688,10.891,5532
17599,140246.359,10.677,5532
17600,140256.641,10.291,5532
17601,140267.344,10.703,5532
17602,140277.516,10.154,5532
17603,140288.500,10.986,5532
17604,140299.328,10.841,5532
17605,140309.484,10.148,5532
17606,140319.406, 9.917,5532
17607,140329.031, 9.629,5532
17608,140339.406,10.361,5532
17609,140349.953,10.561,5532
17610,140360.516,10.565,5532
17611,140370.969,10.444,5532
17612,140380.891, 9.920,5532
17613,140390.922,10.033,5532
17614,140400.875, 9.960,5532
17615,140410.641, 9.778,5532
17616,140420.438, 9.790,5532
17617,140430.641,10.200,5532
17618,140440.422, 9.784,5532
17619,140451.344,10.921,5532
17620,140461.109, 9.769,5532
17621,140470.969, 9.847,5532
17622,140480.609, 9.647,5532
17623,140490.844,10.221,5532
17624,140500.516, 9.689,5532
17625,140510.422, 9.902,5532
17626,140519.891, 9.478,5532
17627,140529.875, 9.972,5532
17628,140539.563, 9.692,5532
17629,140549.938,10.371,5532
17630,140560.281,10.339,5532
17631,140569.969, 9.701,5532
17632,140579.641, 9.655,5532
17633,140589.922,10.296,5532
17634,140599.563, 9.629,5532
17635,140609.141, 9.584,5532
17636,140619.000, 9.859,5532
17637,140628.797, 9.795,5532
17638,140638.969,10.166,5532
17639,140648.750, 9.775,5532
17640,140658.781,10.046,5532
17641,140669.422,10.641,5532
17642,140680.547,11.130,5532
17643,140692.859,12.295,5532
17644,140703.234,10.394,5532
17645,140712.875, 9.629,5532
17646,140723.172,10.296,5532
17647,140733.609,10.439,5532
17648,140743.484, 9.879,5532
17649,140753.156, 9.680,5532
17650,140763.375,10.218,5532
17651,140773.969,10.590,5532
17652,140784.047,10.078,5532
17653,140794.391,10.338,5532
17654,140804.469,10.080,5532
17655,140814.297, 9.822,5532
17656,140824.203, 9.911,5532
17657,140834.500,10.301,5532
17658,140845.844,11.339,5532
17659,140856.406,10.560,5532
17660,140866.500,10.109,5532
17661,140877.328,10.824,5532
17662,140888.391,11.057,5532
17663,140898.922,10.529,5532
17664,140909.859,10.937,5532
17665,140920.453,10.605,5532
17666,140930.984,10.521,5532
17667,140941.531,10.546,5532
17668,140951.859,10.333,5532
17669,140962.375,10.513,5532
17670,140972.625,10.251,5532
17671,140983.438,10.799,5532
17672,140994.547,11.132,5532
17673,141004.969,10.407,5532
17674,141015.656,10.697,5532
17675,141026.453,10.791,5532
17676,141037.297,10.849,5532
17677,141048.250,10.945,5532
17678,141058.781,10.531,5532
17679,141068.875,10.098,5532
17680,141078.703, 9.831,5532
17681,141090.203,11.493,5532
17682,141101.516,11.305,5532
17683,141112.188,10.679,5532
17684,141121.953, 9.780,5532
17685,141132.266,10.301,5532
17686,141142.391,10.129,5532
17687,141152.578,10.183,5532
17688,141162.469, 9.891,5532
17689,141172.734,10.255,5532
17690,141182.688, 9.965,5532
17691,141192.922,10.238,5532
17692,141203.891,10.975,5532
17693,141213.938,10.039,5532
17694,141224.109,10.159,5532
17695,141233.953, 9.858,5532
17696,141243.609, 9.649,5532
17697,141253.313, 9.705,5532
17698,141263.156, 9.847,5532
17699,141272.813, 9.657,5532
17700,141282.641, 9.829,5532
17701,141292.500, 9.852,5532
17702,141302.859,10.353,5532
17703,141312.750, 9.898,5532
17704,141322.563, 9.825,5532
17705,141332.453, 9.890,5532
17706,141342.203, 9.739,5532
17707,141351.828, 9.633,5532
17708,141361.859,10.021,5532
17709,141371.578, 9.727,5532
17710,141382.250,10.667,5532
17711,141392.656,10.416,5532
17712,141402.766,10.092,5532
17713,141413.063,10.308,5532
17714,141423.016, 9.956,5532
17715,141433.172,10.157,5532
17716,141443.078, 9.903,5532
17717,141453.000, 9.917,5532
17718,141463.422,10.416,5532
17719,141473.781,10.375,5532
17720,141484.625,10.839,5532
17721,141496.375,11.742,5532
17722,141506.609,10.247,5532
17723,141517.484,10.855,5532
17724,141527.531,10.056,5532
17725,141537.297, 9.768,5532
17726,141547.734,10.445,5532
17727,141557.609, 9.862,5532
17728,141567.641,10.037,5532
17729,141581.219,13.585,5532
17730,141591.172, 9.947,5532
17731,141601.141, 9.969,5532
17732,141611.344,10.212,5532
17733,141621.906,10.551,5532
17734,141632.781,10.868,5532
17735,141643.375,10.613,5532
17736,141653.375,10.000,5532
17737,141663.313, 9.938,5532
17738,141674.484,11.162,5532
17739,141685.078,10.587,5532
17740,141695.422,10.337,5532
17741,141706.125,10.709,5532
17742,141716.563,10.455,5532
17743,141727.516,10.941,5532
17744,141738.156,10.632,5532
17745,141749.703,11.560,5532
17746,141760.250,10.541,5532
17747,141770.813,10.554,5532
17748,141781.203,10.409,5532
17749,141792.000,10.800,5532
17750,141802.828,10.807,5532
17751,141813.656,10.843,5532
17752,141824.188,10.523,5532
17753,141835.656,11.477,5532
17754,141846.141,10.482,5532
17755,141855.953, 9.818,5532
17756,141866.094,10.120,5532
17757,141875.984, 9.910,5532
17758,141889.328,13.349,5532
17759,141901.109,11.766,5532
17760,141911.844,10.743,5532
17761,141921.656, 9.805,5532
17762,141932.969,11.316,5532
17763,141943.984,11.028,5532
17764,141954.016,10.026,5532
17765,141963.875, 9.860,5532
17766,141974.375,10.487,5532
17767,141984.203, 9.834,5532
17768,141994.078, 9.870,5532
17769,142004.016, 9.947,5532
17770,142014.391,10.371,5532
17771,142025.453,11.049,5532
17772,142035.734,10.287,5532
17773,142046.250,10.516,5532
17774,142056.578,10.345,5532
17775,142066.500, 9.906,5532
17776,142076.156, 9.655,5532
17777,142086.250,10.095,5532
17778,142096.203, 9.955,5532
17779,142106.203,10.002,5532
17780,142117.094,10.892,5532
17781,142126.984, 9.896,5532
17782,142136.906, 9.906,5532
17783,142146.906,10.000,5532
17784,142157.406,10.509,5532
17785,142167.422,10.013,5532
17786,142177.656,10.236,5532
17787,142187.922,10.273,5532
17788,142199.578,11.646,5532
17789,142209.750,10.182,5532
17790,142219.953,10.204,5532
17791,142230.500,10.551,5532
17792,142240.844,10.334,5532
17793,142250.875,10.026,5532
17794,142261.531,10.661,5532
17795,142272.172,10.628,5532
17796,142282.516,10.365,5532
17797,142293.984,11.469,5532
17798,142306.031,12.045,5532
17799,142317.438,11.398,5532
17800,142328.000,10.579,5532
17801,142339.031,11.012,5532
17802,142350.344,11.314,5532
17803,142361.375,11.035,5532
17804,142373.281,11.904,5532
17805,142384.484,11.212,5532
17806,142395.359,10.875,5532
17807,142407.156,11.792,5532
17808,142417.906,10.748,5532
17809,142428.625,10.731,5532
17810,142439.781,11.147,5532
17811,142450.609,10.830,5532
17812,142461.703,11.089,5532
17813,142472.844,11.138,5532
17814,142483.688,10.844,5532
17815,142493.906,10.232,5532
17816,142503.906, 9.990,5532
17817,142513.734, 9.831,5532
17818,142523.734, 9.993,5532
17819,142533.656, 9.921,5532
17820,142543.547, 9.892,5532
17821,142553.344, 9.800,5532
17822,142563.266, 9.923,5532
17823,142572.969, 9.701,5532
17824,142583.469,10.492,5532
17825,142593.563,10.102,5532
17826,142603.422, 9.859,5532
17827,142613.484,10.055,5532
17828,142624.563,11.088,5532
17829,142635.141,10.583,5532
17830,142646.172,11.019,5532
17831,142655.844, 9.686,5532
17832,142665.641, 9.782,5532
17833,142675.984,10.363,5532
17834,142686.625,10.630,5532
17835,142698.578,11.954,5532
17836,142709.609,11.033,5532
17837,142719.875,10.257,5532
17838,142730.594,10.720,5532
17839,142740.469, 9.880,5532
17840,142750.547,10.083,5532
17841,142760.922,10.357,5532
17842,142771.531,10.615,5532
17843,142781.813,10.284,5532
17844,142792.391,10.576,5532
17845,142802.828,10.437,5532
17846,142813.031,10.213,5532
17847,142824.781,11.743,5532
17848,142836.656,11.888,5532
17849,142847.219,10.550,5532
17850,142858.000,10.792,5532
17851,142867.922, 9.913,5532
17852,142878.250,10.329,5532
17853,142888.188, 9.932,5532
17854,142899.219,11.036,5532
17855,142909.625,10.402,5532
17856,142920.063,10.440,5532
17857,142930.484,10.421,5532
17858,142941.188,10.701,5532
17859,142953.438,12.247,5532
17860,142964.969,11.528,5532
17861,142976.984,12.023,5532
17862,142988.797,11.805,5532
17863,143000.938,12.154,5532
17864,143013.281,12.352,5532
17865,143024.234,10.942,5532
17866,143036.734,12.496,5532
17867,143049.344,12.612,5532
17868,143060.844,11.496,5532
17869,143071.859,11.020,5532
17870,143083.078,11.217,5532
17871,143095.891,12.825,5532
17872,143108.516,12.618,5532
17873,143122.109,13.591,5532
17874,143133.828,11.725,5532
17875,143145.828,12.002,5532
17876,143156.906,11.062,5532
17877,143167.609,10.708,5532
17878,143180.109,12.503,5532
17879,143190.813,10.703,5532
17880,143201.047,10.238,5532
17881,143211.328,10.290,5532
17882,143222.750,11.402,5532
17883,143233.625,10.876,5532
17884,143244.188,10.560,5532
17885,143254.141, 9.957,5532
17886,143263.875, 9.748,5532
17887,143274.000,10.117,5532
17888,143284.281,10.277,5532
17889,143294.391,10.113,5532
17890,143304.906,10.516,5532
17891,143314.578, 9.678,5532
17892,143324.938,10.352,5532
17893,143336.156,11.208,5532
17894,143346.109, 9.956,5532
17895,143355.844, 9.740,5532
17896,143365.422, 9.575,5532
17897,143375.281, 9.874,5532
17898,143385.906,10.615,5532
17899,143396.500,10.600,5532
17900,143407.531,11.027,5532
17901,143417.641,10.101,5532
17902,143427.609, 9.969,5532
17903,143438.141,10.527,5532
17904,143447.969, 9.840,5532
17905,143457.859, 9.888,5532
17906,143467.609, 9.744,5532
17907,143477.313, 9.713,5532
17908,143487.313, 9.999,5532
17909,143499.047,11.739,5532
17910,143510.094,11.031,5532
17911,143520.359,10.284,5532
17912,143530.063, 9.687,5532
17913,143540.453,10.393,5532
17914,143550.828,10.383,5532
17915,143561.063,10.239,5532
17916,143571.000, 9.932,5532
17917,143581.031,10.036,5532
17918,143590.891, 9.856,5532
17919,143600.922,10.032,5532
17920,143610.750, 9.825,5532
17921,143625.844,15.093,5532
17922,143635.750, 9.901,5532
17923,143646.297,10.557,5532
17924,143656.531,10.235,5532
17925,143666.703,10.173,5532
17926,143677.016,10.299,5532
17927,143687.203,10.207,5532
17928,143697.219,10.013,5532
17929,143707.219,10.000,5532
17930,143717.875,10.652,5532
17931,143728.422,10.540,5532
17932,143738.859,10.433,5532
17933,143749.422,10.561,5532
17934,143760.734,11.317,5532
17935,143771.078,10.352,5532
17936,143781.406,10.322,5532
17937,143792.641,11.239,5532
17938,143802.891,10.250,5532
17939,143813.047,10.147,5532
17940,143823.313,10.284,5532
17941,143833.531,10.196,5532
17942,143845.094,11.570,5532
17943,143857.000,11.903,5532
17944,143867.891,10.904,5532
17945,143879.266,11.380,5532
17946,143889.484,10.203,5532
17947,143900.797,11.317,5532
17948,143911.625,10.824,5532
17949,143921.797,10.169,5532
17950,143931.656, 9.870,5532
17951,143941.734,10.081,5532
17952,143951.516, 9.769,5532
17953,143961.703,10.193,5532
17954,143972.000,10.307,5532
17955,143982.203,10.190,5532
17956,143992.547,10.347,5532
17957,144002.422, 9.881,5532
17958,144012.484,10.066,5532
17959,144022.297, 9.793,5532
17960,144032.484,10.196,5532
17961,144042.281, 9.799,5532
17962,144052.016, 9.740,5532
17963,144062.250,10.221,5532
17964,144072.484,10.240,5532
17965,144082.328, 9.842,5532
17966,144092.297, 9.967,5532
17967,144102.141, 9.835,5532
17968,144112.203,10.065,5532
17969,144122.297,10.104,5532
17970,144131.984, 9.690,5532
17971,144141.844, 9.853,5532
17972,144151.531, 9.682,5532
17973,144161.297, 9.780,5532
17974,144170.984, 9.675,5532
17975,144182.063,11.080,5532
17976,144192.078,10.013,5532
17977,144201.750, 9.685,5532
17978,144212.359,10.598,5532
17979,144223.219,10.874,5532
17980,144233.547,10.316,5532
17981,144243.266, 9.727,5532
17982,144253.016, 9.752,5532
17983,144263.188,10.167,5532
17984,144272.641, 9.451,5532
17985,144283.313,10.684,5532
17986,144294.203,10.872,5532
17987,144305.906,11.721,5532
17988,144317.031,11.116,5532
17989,144326.922, 9.878,5532
17990,144336.766, 9.852,5532
17991,144346.344, 9.584,5532
17992,144356.078, 9.725,5532
17993,144366.469,10.401,5532
17994,144376.344, 9.869,5532
17995,144386.266, 9.923,5532
17996,144397.016,10.757,5532
17997,144407.406,10.372,5532
17998,144417.438,10.042,5532
17999,144427.484,10.038,5532
18000,144437.750,10.274,5532
18001,144447.656, 9.905,5532
18002,144457.875,10.224,5532
18003,144468.016,10.152,5532
18004,144478.500,10.475,5532
18005,144488.672,10.174,5532
18006,144499.438,10.749,5532
18007,144510.016,10.589,5532
18008,144520.969,10.958,5532
18009,144531.406,10.421,5532
18010,144542.172,10.771,5532
18011,144553.203,11.036,5532
18012,144564.578,11.389,5532
18013,144574.844,10.245,5532
18014,144585.516,10.676,5532
18015,144596.453,10.941,5532
18016,144607.984,11.533,5532
18017,144619.156,11.179,5532
18018,144629.875,10.720,5532
18019,144640.781,10.895,5532
18020,144651.875,11.103,5532
18021,144662.406,10.531,5532
18022,144672.813,10.394,5532
18023,144682.984,10.173,5532
18024,144692.641, 9.665,5532
18025,144703.547,10.891,5532
18026,144715.516,11.979,5532
18027,144725.859,10.350,5532
18028,144736.125,10.248,5532
18029,144746.156,10.036,5532
18030,144755.984, 9.834,5532
18031,144765.813, 9.826,5532
18032,144776.000,10.203,5532
18033,144785.938, 9.923,5532
18034,144795.969,10.042,5532
18035,144805.969, 9.992,5532
18036,144816.781,10.800,5532
18037,144827.406,10.626,5532
18038,144837.859,10.463,5532
18039,144847.906,10.049,5532
18040,144857.922,10.026,5532
18041,144867.719, 9.782,5532
18042,144878.063,10.331,5532
18043,144887.813, 9.767,5532
18044,144897.922,10.106,5532
18045,144907.609, 9.685,5532
18046,144917.328, 9.731,5532
18047,144927.578,10.233,5532
18048,144937.531, 9.960,5532
18049,144947.219, 9.700,5532
18050,144957.203, 9.971,5532
18051,144966.922, 9.716,5532
18052,144976.578, 9.668,5532
18053,144986.328, 9.750,5532
18054,144996.125, 9.791,5532
18055,145006.016, 9.892,5532
18056,145015.969, 9.962,5532
18057,145025.828, 9.849,5532
18058,145036.188,10.358,5532
18059,145046.094, 9.895,5532
18060,145055.844, 9.767,5532
18061,145065.875,10.038,5532
18062,145075.969,10.085,5532
18063,145085.891, 9.918,5532
18064,145096.031,10.142,5532
18065,145107.875,11.850,5532
18066,145118.516,10.632,5532
18067,145129.156,10.649,5532
18068,145140.281,11.116,5532
18069,145150.359,10.075,5532
18070,145160.359,10.010,5532
18071,145171.047,10.689,5532
18072,145181.563,10.502,5532
18073,145191.453, 9.888,5532
18074,145201.313, 9.884,5532
18075,145211.094, 9.771,5532
18076,145220.797, 9.688,5532
18077,145230.531, 9.754,5532
18078,145241.188,10.646,5532
18079,145252.203,11.006,5532
18080,145262.219,10.026,5532
18081,145272.594,10.376,5532
18082,145283.313,10.720,5532
18083,145293.891,10.576,5532
18084,145304.125,10.225,5532
18085,145314.422,10.303,5532
18086,145324.297, 9.886,5532
18087,145334.422,10.114,5532
18088,145344.484,10.063,5532
18089,145355.172,10.698,5532
18090,145365.563,10.377,5532
18091,145376.234,10.682,5532
18092,145386.313,10.077,5532
18093,145396.375,10.063,5532
18094,145408.922,12.548,5532
18095,145419.563,10.631,5532
18096,145430.016,10.459,5532
18097,145440.672,10.661,5532
18098,145450.703,10.034,5532
18099,145460.781,10.058,5532
18100,145470.406, 9.640,5532
18101,145480.109, 9.688,5532
18102,145490.359,10.259,5532
18103,145500.406,10.055,5532
18104,145511.500,11.086,5532
18105,145522.125,10.615,5532
18106,145531.844, 9.736,5532
18107,145541.609, 9.756,5532
18108,145551.469, 9.854,5532
18109,145561.328, 9.883,5532
18110,145571.578,10.242,5532
18111,145581.438, 9.844,5532
18112,145591.328, 9.910,5532
18113,145601.078, 9.740,5532
18114,145610.969, 9.892,5532
18115,145620.906, 9.941,5532
18116,145630.672, 9.765,5532
18117,145640.469, 9.798,5532
18118,145650.688,10.223,5532
18119,145660.078, 9.368,5532
18120,145670.172,10.105,5532
18121,145680.000, 9.839,5532
18122,145690.188,10.179,5532
18123,145700.172, 9.973,5532
18124,145710.094, 9.926,5532
18125,145719.672, 9.584,5532
18126,145729.078, 9.416,5532
18127,145738.844, 9.761,5532
18128,145748.297, 9.442,5532
18129,145757.703, 9.423,5532
18130,145767.500, 9.785,5532
18131,145777.563,10.068,5532
18132,145788.328,10.756,5532
18133,145797.953, 9.636,5532
18134,145807.484, 9.517,5532
18135,145816.969, 9.497,5532
18136,145826.453, 9.490,5532
18137,145836.109, 9.650,5532
18138,145845.859, 9.754,5532
18139,145855.766, 9.910,5532
18140,145865.641, 9.860,5532
18141,145875.750,10.111,5532
18142,145886.359,10.610,5532
18143,145896.891,10.527,5532
18144,145908.219,11.338,5532
18145,145919.313,11.095,5532
18146,145929.578,10.268,5532
18147,145940.000,10.424,5532
18148,145950.734,10.719,5532
18149,145960.531, 9.811,5532
18150,145970.203, 9.658,5532
18151,145979.859, 9.666,5532
18152,145990.391,10.525,5532
18153,146000.625,10.252,5532
18154,146011.125,10.486,5532
18155,146020.938, 9.812,5532
18156,146030.781, 9.834,5532
18157,146040.578, 9.817,5532
18158,146050.656,10.070,5532
18159,146061.203,10.546,5532
18160,146071.484,10.283,5532
18161,146081.906,10.419,5532
18162,146092.344,10.431,5532
18163,146103.328,11.004,5532
18164,146113.703,10.359,5532
18165,146124.375,10.676,5532
18166,146134.672,10.300,5532
18167,146144.875,10.190,5532
18168,146155.266,10.409,5532
18169,146165.656,10.380,5532
18170,146176.406,10.754,5532
18171,146186.984,10.578,5532
18172,146197.813,10.828,5532
18173,146208.594,10.785,5532
18174,146218.953,10.348,5532
18175,146229.328,10.389,5532
18176,146239.719,10.387,5532
18177,146250.484,10.771,5532
18178,146260.469, 9.975,5532
18179,146270.031, 9.574,5532
18180,146279.328, 9.292,5532
18181,146289.125, 9.796,5532
18182,146298.688, 9.558,5532
18183,146310.813,12.123,5532
18184,146321.422,10.600,5532
18185,146331.109, 9.701,5532
18186,146341.031, 9.920,5532
18187,146350.734, 9.700,5532
18188,146360.641, 9.906,5532
18189,146370.266, 9.621,5532
18190,146379.906, 9.656,5532
18191,146389.813, 9.900,5532
18192,146400.234,10.423,5532
18193,146410.000, 9.775,5532
18194,146420.500,10.482,5532
18195,146430.797,10.300,5532
18196,146441.344,10.547,5532
18197,146451.344,10.003,5532
18198,146461.109, 9.765,5532
18199,146470.563, 9.450,5532
18200,146480.188, 9.619,5532
18201,146490.156, 9.974,5532
18202,146499.750, 9.590,5532
18203,146509.406, 9.658,5532
18204,146519.156, 9.754,5532
18205,146529.250,10.091,5532
18206,146538.953, 9.698,5532
18207,146548.813, 9.858,5532
18208,146558.203, 9.393,5532
18209,146567.875, 9.687,5532
18210,146577.875,10.000,5532
18211,146587.719, 9.844,5532
18212,146597.391, 9.649,5532
18213,146606.922, 9.546,5532
18214,146616.672, 9.755,5532
18215,146626.766,10.089,5532
18216,146637.875,11.113,5532
18217,146647.953,10.082,5532
18218,146658.000,10.052,5532
18219,146667.813, 9.810,5532
18220,146677.922,10.097,5532
18221,146688.219,10.299,5532
18222,146699.531,11.312,5532
18223,146711.297,11.777,5532
18224,146722.203,10.885,5532
18225,146732.797,10.599,5532
18226,146744.281,11.482,5532
18227,146754.953,10.677,5532
18228,146765.578,10.618,5532
18229,146776.156,10.588,5532
18230,146786.813,10.657,5532
18231,146797.313,10.503,5532
18232,146808.063,10.739,5532
18233,146818.813,10.747,5532
18234,146829.156,10.350,5532
18235,146840.609,11.468,5532
18236,146852.938,12.309,5532
18237,146863.453,10.514,5532
18238,146873.969,10.524,5532
18239,146883.438, 9.463,5532
18240,146893.156, 9.733,5532
18241,146902.984, 9.812,5532
18242,146912.922, 9.948,5532
18243,146922.344, 9.423,5532
18244,146932.125, 9.770,5532
18245,146942.156,10.026,5532
18246,146952.156,10.014,5532
18247,146962.078, 9.909,5532
18248,146971.828, 9.760,5532
18249,146981.422, 9.595,5532
18250,146991.125, 9.702,5532
18251,147000.781, 9.651,5532
18252,147010.234, 9.460,5532
18253,147019.984, 9.763,5532
18254,147029.656, 9.661,5532
18255,147039.453, 9.790,5532
18256,147048.906, 9.451,5532
18257,147059.094,10.196,5532
18258,147068.953, 9.853,5532
18259,147078.953,10.004,5532
18260,147088.813, 9.856,5532
18261,147098.563, 9.755,5532
18262,147109.578,11.017,5532
18263,147120.188,10.601,5532
18264,147130.031, 9.858,5532
18265,147139.719, 9.687,5532
18266,147149.906,10.192,5532
18267,147160.156,10.231,5532
18268,147170.531,10.387,5532
18269,147180.938,10.397,5532
18270,147191.203,10.282,5532
18271,147201.484,10.266,5532
18272,147211.234, 9.763,5532
18273,147221.156, 9.907,5532
18274,147231.125, 9.980,5532
18275,147241.234,10.102,5532
18276,147251.078, 9.844,5532
18277,147260.672, 9.603,5532
18278,147271.047,10.366,5532
18279,147281.469,10.419,5532
18280,147292.094,10.627,5532
18281,147302.578,10.489,5532
18282,147313.047,10.465,5532
18283,147323.625,10.578,5532
18284,147333.266, 9.649,5532
18285,147343.859,10.593,5532
18286,147354.203,10.339,5532
18287,147365.172,10.963,5532
18288,147376.234,11.060,5532
18289,147386.906,10.671,5532
18290,147397.438,10.530,5532
18291,147407.797,10.363,5532
18292,147418.406,10.621,5532
18293,147428.750,10.330,5532
18294,147439.063,10.318,5532
18295,147449.656,10.600,5532
18296,147460.031,10.380,5532
18297,147470.375,10.337,5532
18298,147481.531,11.148,5532
18299,147492.406,10.880,5532
18300,147505.531,13.120,5532
18301,147516.297,10.765,5532
18302,147526.547,10.261,5532
18303,147536.422, 9.870,5532
18304,147546.516,10.104,5532
18305,147556.313, 9.789,5532
18306,147566.203, 9.880,5532
18307,147576.203, 9.999,5532
18308,147586.563,10.379,5532
18309,147596.922,10.347,5532
18310,147606.984,10.064,5532
18311,147617.141,10.158,5532
18312,147627.266,10.124,5532
18313,147637.063, 9.805,5532
18314,147647.141,10.079,5532
18315,147656.781, 9.618,5532
18316,147667.266,10.495,5532
18317,147677.453,10.179,5532
18318,147687.891,10.447,5532
18319,147698.828,10.930,5532
18320,147708.422, 9.605,5532
18321,147718.266, 9.833,5532
18322,147727.938, 9.678,5532
18323,147737.641, 9.708,5532
18324,147747.469, 9.822,5532
18325,147756.984, 9.512,5532
18326,147766.469, 9.498,5532
18327,147776.188, 9.709,5532
18328,147785.813, 9.635,5532
18329,147795.672, 9.854,5532
18330,147806.109,10.437,5532
18331,147815.875, 9.763,5532
18332,147825.578, 9.710,5532
18333,147835.125, 9.539,5532
18334,147844.484, 9.369,5532
18335,147854.203, 9.712,5532
18336,147863.625, 9.425,5532
18337,147873.406, 9.769,5532
18338,147882.953, 9.554,5532
18339,147892.766, 9.804,5532
18340,147903.828,11.079,5532
18341,147915.188,11.354,5532
18342,147925.672,10.490,5532
18343,147935.484, 9.800,5532
18344,147945.750,10.268,5532
18345,147956.000,10.268,5532
18346,147965.750, 9.734,5532
18347,147975.641, 9.886,5532
18348,147985.297, 9.675,5532
18349,147995.047, 9.734,5532
18350,148004.906, 9.861,5532
18351,148015.250,10.352,5532
18352,148025.563,10.305,5532
18353,148035.531, 9.970,5532
18354,148047.250,11.723,5532
18355,148057.719,10.462,5532
18356,148068.188,10.465,5532
18357,148078.922,10.737,5532
18358,148091.016,12.100,5532
18359,148101.484,10.463,5532
18360,148112.688,11.216,5532
18361,148125.250,12.552,5532
18362,148135.438,10.179,5532
18363,148146.031,10.609,5532
18364,148156.563,10.535,5532
18365,148167.203,10.634,5532
18366,148177.516,10.307,5532
18367,148187.906,10.401,5532
18368,148198.609,10.694,5532
18369,148209.266,10.668,5532
18370,148219.875,10.605,5532
18371,148230.859,10.974,5532
18372,148241.250,10.396,5532
18373,148252.281,11.025,5532
18374,148263.656,11.372,5532
18375,148275.391,11.734,5532
18376,148285.656,10.268,5532
18377,148295.609, 9.955,5532
18378,148307.078,11.478,5532
18379,148317.859,10.778,5532
18380,148327.781, 9.914,5532
18381,148338.203,10.417,5532
18382,148348.516,10.327,5532
18383,148359.625,11.110,5532
18384,148369.656,10.033,5532
18385,148380.531,10.877,5532
18386,148390.578,10.048,5532
18387,148400.516, 9.930,5532
18388,148410.813,10.291,5532
18389,148421.406,10.587,5532
18390,148431.578,10.185,5532
18391,148443.281,11.700,5532
18392,148453.281,10.015,5532
18393,148463.141, 9.853,5532
18394,148473.063, 9.915,5532
18395,148482.875, 9.808,5532
18396,148492.625, 9.759,5532
18397,148502.375, 9.753,5532
18398,148512.078, 9.682,5532
18399,148521.672, 9.603,5532
18400,148531.547, 9.877,5532
18401,148541.203, 9.669,5532
18402,148551.500,10.288,5532
18403,148561.078, 9.582,5532
18404,148570.859, 9.769,5532
18405,148580.234, 9.372,5532
18406,148590.094, 9.865,5532
18407,148599.609, 9.517,5532
18408,148609.203, 9.593,5532
18409,148620.000,10.812,5532
18410,148629.531, 9.511,5532
18411,148639.016, 9.491,5532
18412,148648.469, 9.461,5532
18413,148659.016,10.540,5532
18414,148668.813, 9.793,5532
18415,148678.453, 9.640,5532
18416,148688.766,10.313,5532
18417,148700.391,11.636,5532
18418,148711.906,11.510,5532
18419,148722.609,10.708,5532
18420,148732.781,10.156,5532
18421,148742.750, 9.968,5532
18422,148752.406, 9.673,5532
18423,148762.641,10.242,5532
18424,148772.750,10.092,5532
18425,148782.828,10.072,5532
18426,148792.781, 9.956,5532
18427,148802.656, 9.897,5532
18428,148812.203, 9.526,5532
18429,148821.984, 9.798,5532
18430,148832.047,10.047,5532
18431,148841.906, 9.872,5532
18432,148851.766, 9.854,5532
18433,148862.375,10.611,5532
18434,148873.953,11.586,5532
18435,148883.922, 9.968,5532
18436,148894.125,10.192,5532
18437,148904.375,10.249,5532
18438,148914.906,10.534,5532
18439,148925.422,10.512,5532
18440,148935.844,10.420,5532
18441,148946.438,10.598,5532
18442,148957.063,10.629,5532
18443,148967.438,10.359,5532
18444,148978.344,10.916,5532
18445,148989.031,10.695,5532
18446,148999.563,10.517,5532
18447,149010.172,10.607,5532
18448,149020.531,10.373,5532
18449,149031.281,10.757,5532
18450,149041.703,10.404,5532
18451,149051.969,10.280,5532
18452,149062.141,10.164,5532
18453,149072.156,10.011,5532
18454,149082.250,10.095,5532
18455,149098.844,16.592,5532
18456,149110.453,11.620,5532
18457,149121.234,10.781,5532
18458,149131.141, 9.911,5532
18459,149140.781, 9.618,5532
18460,149150.641, 9.883,5532
18461,149160.609, 9.960,5532
18462,149170.406, 9.800,5532
18463,149180.281, 9.875,5532
18464,149191.000,10.710,5532
18465,149201.516,10.515,5532
18466,149211.203, 9.689,5532
18467,149220.984, 9.786,5532
18468,149230.938, 9.951,5532
18469,149240.750, 9.812,5532
18470,149250.453, 9.701,5532
18471,149260.078, 9.616,5532
18472,149269.641, 9.582,5532
18473,149279.250, 9.610,5532
18474,149288.672, 9.429,5532
18475,149299.094,10.404,5532
18476,149308.859, 9.767,5532
18477,149318.891,10.022,5532
18478,149328.547, 9.672,5532
18479,149338.094, 9.528,5532
18480,149347.641, 9.554,5532
18481,149357.328, 9.700,5532
18482,149366.844, 9.510,5532
18483,149376.484, 9.641,5532
18484,149386.094, 9.600,5532
18485,149396.000, 9.916,5532
18486,149406.422,10.419,5532
18487,149415.953, 9.534,5532
18488,149425.813, 9.864,5532
18489,149435.406, 9.578,5532
18490,149445.359, 9.979,5532
18491,149455.016, 9.634,5532
18492,149464.766, 9.756,5532
18493,149474.953,10.183,5532
18494,149484.578, 9.634,5532
18495,149494.609,10.027,5532
18496,149506.078,11.468,5532
18497,149517.813,11.745,5532
18498,149528.281,10.459,5532
18499,149538.438,10.166,5532
18500,149548.172, 9.729,5532
18501,149557.844, 9.670,5532
18502,149567.516, 9.669,5532
18503,149577.328, 9.822,5532
18504,149586.906, 9.565,5532
18505,149596.656, 9.756,5532
18506,149606.563, 9.903,5532
18507,149617.172,10.614,5532
18508,149627.516,10.334,5532
18509,149637.297, 9.800,5532
18510,149647.203, 9.897,5532
18511,149657.156, 9.948,5532
18512,149667.672,10.524,5532
18513,149677.844,10.164,5532
18514,149688.172,10.331,5532
18515,149698.594,10.420,5532
18516,149709.156,10.567,5532
18517,149720.359,11.202,5532
18518,149730.563,10.208,5532
18519,149740.844,10.270,5532
18520,149751.438,10.594,5532
18521,149761.688,10.247,5532
18522,149771.672, 9.989,5532
18523,149781.797,10.134,5532
18524,149800.375,18.578,5532
18525,149810.891,10.514,5532
18526,149821.469,10.574,5532
18527,149833.016,11.543,5532
18528,149844.594,11.583,5532
18529,149856.141,11.532,5532
18530,149866.313,10.184,5532
18531,149876.422,10.115,5532
18532,149886.469,10.037,5532
18533,149896.438, 9.980,5532
18534,149907.109,10.676,5532
18535,149919.234,12.114,5532
18536,149929.891,10.669,5532
18537,149940.391,10.494,5532
18538,149950.719,10.318,5532
18539,149960.797,10.082,5532
18540,149970.547, 9.750,5532
18541,149980.984,10.433,5532
18542,149990.766, 9.774,5532
18543,150000.875,10.110,5532
18544,150010.500, 9.640,5532
18545,150020.922,10.417,5532
18546,150031.750,10.828,5532
18547,150042.531,10.782,5532
18548,150053.063,10.539,5532
18549,150062.859, 9.782,5532
18550,150072.719, 9.864,5532
18551,150082.234, 9.518,5532
18552,150091.813, 9.578,5532
18553,150101.563, 9.754,5532
18554,150111.328, 9.772,5532
18555,150120.641, 9.308,5532
18556,150130.391, 9.749,5532
18557,150139.797, 9.404,5532
18558,150151.281,11.485,5532
18559,150160.953, 9.669,5532
18560,150170.516, 9.568,5532
18561,150180.047, 9.521,5532
18562,150189.766, 9.723,5532
18563,150199.078, 9.314,5532
18564,150208.875, 9.789,5532
18565,150218.438, 9.578,5532
18566,150227.734, 9.290,5532
18567,150237.109, 9.371,5532
18568,150246.875, 9.759,5532
18569,150257.188,10.334,5532
18570,150267.391,10.188,5532
18571,150277.766,10.386,5532
18572,150288.328,10.562,5532
18573,150299.000,10.663,5532
18574,150310.406,11.413,5532
18575,150321.703,11.289,5532
18576,150331.984,10.287,5532
18577,150341.797, 9.804,5532
18578,150351.484, 9.681,5532
18579,150361.641,10.168,5532
18580,150371.281, 9.640,5532
18581,150380.813, 9.519,5532
18582,150390.641, 9.843,5532
18583,150400.906,10.261,5532
18584,150410.750, 9.834,5532
18585,150420.375, 9.636,5532
18586,150430.313, 9.932,5532
18587,150440.313,10.010,5532
18588,150450.063, 9.745,5532
18589,150460.406,10.353,5532
18590,150471.438,11.010,5532
18591,150482.109,10.674,5532
18592,150492.328,10.226,5532
18593,150502.609,10.298,5532
18594,150512.734,10.104,5532
18595,150522.625, 9.905,5532
18596,150532.875,10.245,5532
18597,150542.906,10.030,5532
18598,150552.719, 9.813,5532
18599,150562.609, 9.900,5532
18600,150572.844,10.225,5532
18601,150584.406,11.567,5532
18602,150594.781,10.368,5532
18603,150605.047,10.269,5532
18604,150614.828, 9.769,5532
18605,150624.313, 9.488,5532
18606,150633.750, 9.450,5532
18607,150643.500, 9.740,5532
18608,150652.938, 9.445,5532
18609,150662.438, 9.503,5532
18610,150671.906, 9.469,5532
18611,150682.141,10.231,5532
18612,150691.875, 9.740,5532
18613,150701.922,10.053,5532
18614,150713.766,11.831,5532
18615,150723.797,10.030,5532
18616,150733.516, 9.720,5532
18617,150743.016, 9.495,5532
18618,150752.578, 9.568,5532
18619,150762.234, 9.645,5532
18620,150771.797, 9.572,5532
18621,150781.188, 9.400,5532
18622,150791.516,10.319,5532
18623,150801.203, 9.694,5532
18624,150810.813, 9.603,5532
18625,150820.594, 9.791,5532
18626,150830.328, 9.717,5532
18627,150839.984, 9.672,5532
18628,150849.234, 9.252,5532
18629,150858.594, 9.359,5532
18630,150868.266, 9.661,5532
18631,150877.828, 9.566,5532
18632,150887.172, 9.349,5532
18633,150897.313,10.138,5532
18634,150907.031, 9.721,5532
18635,150916.531, 9.500,5532
18636,150925.875, 9.347,5532
18637,150935.141, 9.252,5532
18638,150944.922, 9.787,5532
18639,150954.547, 9.623,5532
18640,150963.875, 9.324,5532
18641,150973.531, 9.650,5532
18642,150983.141, 9.616,5532
18643,150992.656, 9.531,5532
18644,151002.688,10.027,5532
18645,151012.625, 9.940,5532
18646,151022.328, 9.693,5532
18647,151032.344,10.015,5532
18648,151043.078,10.740,5532
18649,151052.984, 9.895,5532
18650,151062.688, 9.722,5532
18651,151073.281,10.595,5532
18652,151083.344,10.058,5532
18653,151094.063,10.708,5532
18654,151105.156,11.099,5532
18655,151117.141,11.981,5532
18656,151127.969,10.842,5532
18657,151138.344,10.366,5532
18658,151149.031,10.680,5532
18659,151159.641,10.604,5532
18660,151169.672,10.040,5532
18661,151179.891,10.224,5532
18662,151190.297,10.396,5532
18663,151201.250,10.960,5532
18664,151212.125,10.868,5532
18665,151222.953,10.831,5532
18666,151233.297,10.348,5532
18667,151243.750,10.454,5532
18668,151253.719, 9.960,5532
18669,151263.328, 9.618,5532
18670,151272.859, 9.524,5532
18671,151282.516, 9.670,5532
18672,151291.953, 9.433,5532
18673,151302.047,10.087,5532
18674,151311.469, 9.417,5532
18675,151322.391,10.925,5532
18676,151332.188, 9.799,5532
18677,151341.516, 9.327,5532
18678,151351.156, 9.638,5532
18679,151360.609, 9.465,5532
18680,151371.172,10.557,5532
18681,151380.844, 9.673,5532
18682,151390.531, 9.684,5532
18683,151399.938, 9.410,5532
18684,151409.469, 9.525,5532
18685,151418.797, 9.332,5532
18686,151428.875,10.066,5532
18687,151438.516, 9.659,5532
18688,151448.453, 9.936,5532
18689,151458.453,10.003,5532
18690,151468.000, 9.540,5532
18691,151477.547, 9.540,5532
18692,151487.047, 9.509,5532
18693,151496.453, 9.407,5532
18694,151506.781,10.315,5532
18695,151517.547,10.766,5532
18696,151527.375, 9.830,5532
18697,151537.766,10.399,5532
18698,151547.563, 9.787,5532
18699,151557.313, 9.759,5532
18700,151566.844, 9.519,5532
18701,151576.469, 9.645,5532
18702,151586.453, 9.979,5532
18703,151596.141, 9.678,5532
18704,151605.797, 9.663,5532
18705,151615.906,10.118,5532
18706,151625.859, 9.952,5532
18707,151635.688, 9.813,5532
18708,151646.063,10.373,5532
18709,151655.719, 9.672,5532
18710,151665.891,10.162,5532
18711,151675.750, 9.868,5532
18712,151685.703, 9.946,5532
18713,151695.797,10.096,5532
18714,151705.859,10.061,5532
18715,151716.156,10.291,5532
18716,151726.734,10.574,5532
18717,151736.891,10.161,5532
18718,151747.766,10.875,5532
18719,151757.984,10.235,5532
18720,151768.391,10.389,5532
18721,151778.563,10.175,5532
18722,151788.859,10.295,5532
18723,151799.328,10.484,5532
18724,151809.469,10.121,5532
18725,151819.391, 9.918,5532
18726,151829.328, 9.964,5532
18727,151839.781,10.437,5532
18728,151850.141,10.364,5532
18729,151860.984,10.839,5532
18730,151871.609,10.620,5532
18731,151881.703,10.104,5532
18732,151891.141, 9.434,5532
18733,151901.422,10.282,5532
18734,151912.188,10.769,5532
18735,151922.063, 9.866,5532
18736,151931.688, 9.636,5532
18737,151941.453, 9.750,5532
18738,151951.516,10.076,5532
18739,151962.047,10.525,5532
18740,151971.656, 9.620,5532
18741,151981.531, 9.861,5532
18742,151991.141, 9.625,5532
18743,152000.828, 9.681,5532
18744,152010.469, 9.644,5532
18745,152020.125, 9.644,5532
18746,152030.047, 9.916,5532
18747,152039.734, 9.700,5532
18748,152049.344, 9.622,5532
18749,152058.766, 9.401,5532
18750,152068.859,10.105,5532
18751,152078.375, 9.512,5532
18752,152088.219, 9.841,5532
18753,152097.641, 9.419,5532
18754,152107.031, 9.397,5532
18755,152116.188, 9.157,5532
18756,152125.484, 9.299,5532
18757,152134.891, 9.397,5532
18758,152144.547, 9.663,5532
18759,152153.891, 9.353,5532
18760,152163.563, 9.656,5532
18761,152173.578,10.016,5532
18762,152183.250, 9.685,5532
18763,152192.813, 9.543,5532
18764,152202.328, 9.530,5532
18765,152211.875, 9.547,5532
18766,152221.422, 9.543,5532
18767,152230.859, 9.434,5532
18768,152240.188, 9.335,5532
18769,152249.484, 9.290,5532
18770,152258.734, 9.252,5532
18771,152268.484, 9.764,5532
18772,152278.594,10.101,5532
18773,152289.219,10.624,5532
18774,152300.734,11.503,5532
18775,152312.625,11.908,5532
18776,152323.797,11.172,5532
18777,152333.422, 9.614,5532
18778,152343.000, 9.588,5532
18779,152352.875, 9.867,5532
18780,152362.094, 9.212,5532
18781,152371.531, 9.443,5532
18782,152381.250, 9.735,5532
18783,152391.172, 9.919,5532
18784,152400.766, 9.572,5532
18785,152411.375,10.607,5532
18786,152420.781, 9.415,5532
18787,152430.328, 9.556,5532
18788,152439.734, 9.407,5532
18789,152449.313, 9.574,5532
18790,152459.594,10.278,5532
18791,152469.203, 9.619,5532
18792,152478.828, 9.608,5532
18793,152489.797,10.983,5532
18794,152500.000,10.215,5532
18795,152510.984,10.967,5532
18796,152520.969, 9.991,5532
18797,152530.844, 9.873,5532
18798,152540.938,10.094,5532
18799,152550.719, 9.766,5532
18800,152560.969,10.259,5532
18801,152571.781,10.821,5532
18802,152581.750, 9.972,5532
18803,152591.797,10.034,5532
18804,152602.734,10.931,5532
18805,152612.938,10.206,5532
18806,152622.844, 9.910,5532
18807,152633.281,10.445,5532
18808,152644.063,10.767,5532
18809,152653.719, 9.667,5532
18810,152663.219, 9.506,5532
18811,152673.375,10.146,5532
18812,152682.953, 9.585,5532
18813,152692.531, 9.575,5532
18814,152702.875,10.348,5532
18815,152715.047,12.163,5532
18816,152724.984, 9.941,5532
18817,152742.203,17.210,5532
18818,152752.438,10.248,5532
18819,152762.016, 9.579,5532
18820,152771.453, 9.422,5532
18821,152780.891, 9.453,5532
18822,152791.156,10.264,5532
18823,152800.969, 9.810,5532
18824,152810.766, 9.799,5532
18825,152820.797,10.022,5532
18826,152830.422, 9.630,5532
18827,152840.609,10.193,5532
18828,152851.234,10.630,5532
18829,152861.922,10.685,5532
18830,152872.328,10.403,5532
18831,152881.953, 9.630,5532
18832,152892.234,10.271,5532
18833,152901.969, 9.743,5532
18834,152911.391, 9.411,5532
18835,152921.406,10.016,5532
18836,152930.859, 9.455,5532
18837,152940.016, 9.172,5532
18838,152949.563, 9.529,5532
18839,152958.953, 9.388,5532
18840,152968.281, 9.331,5532
18841,152977.469, 9.187,5532
18842,152986.766, 9.301,5532
18843,152996.172, 9.404,5532
18844,153005.609, 9.442,5532
18845,153014.766, 9.147,5532
18846,153024.781,10.017,5532
18847,153034.453, 9.677,5532
18848,153044.828,10.365,5532
18849,153054.641, 9.837,5532
18850,153064.406, 9.756,5532
18851,153073.906, 9.502,5532
18852,153083.703, 9.795,5532
18853,153093.469, 9.760,5532
18854,153103.703,10.234,5532
18855,153115.641,11.937,5532
18856,153126.750,11.106,5532
18857,153137.406,10.649,5532
18858,153147.672,10.275,5532
18859,153157.906,10.246,5532
18860,153168.875,10.955,5532
18861,153179.172,10.304,5532
18862,153189.547,10.364,5532
18863,153199.891,10.354,5532
18864,153210.359,10.468,5532
18865,153220.969,10.610,5532
18866,153231.422,10.443,5532
18867,153242.125,10.715,5532
18868,153252.547,10.423,5532
18869,153262.500, 9.956,5532
18870,153272.516,10.007,5532
18871,153282.734,10.217,5532
18872,153293.281,10.559,5532
18873,153303.016, 9.721,5532
18874,153312.484, 9.478,5532
18875,153321.703, 9.220,5532
18876,153331.156, 9.451,5532
18877,153340.656, 9.499,5532
18878,153350.391, 9.736,5532
18879,153359.813, 9.428,5532
18880,153369.156, 9.343,5532
18881,153378.578, 9.415,5532
18882,153388.281, 9.698,5532
18883,153397.703, 9.425,5532
18884,153406.719, 9.011,5532
18885,153416.469, 9.754,5532
18886,153426.406, 9.941,5532
18887,153435.688, 9.272,5532
18888,153445.297, 9.616,5532
18889,153456.344,11.043,5532
18890,153467.422,11.069,5532
18891,153478.234,10.817,5532
18892,153488.438,10.216,5532
18893,153498.094, 9.652,5532
18894,153509.656,11.566,5532
18895,153520.125,10.462,5532
18896,153529.734, 9.607,5532
18897,153539.813,10.088,5532
18898,153549.281, 9.464,5532
18899,153559.609,10.320,5532
18900,153569.625,10.027,5532
18901,153578.953, 9.324,5532
18902,153588.672, 9.724,5532
18903,153598.344, 9.664,5532
18904,153607.891, 9.555,5532
18905,153617.344, 9.460,5532
18906,153626.719, 9.351,5532
18907,153636.781,10.078,5532
18908,153646.750, 9.957,5532
18909,153656.219, 9.480,5532
18910,153666.063, 9.829,5532
18911,153675.375, 9.313,5532
18912,153684.906, 9.540,5532
18913,153695.125,10.219,5532
18914,153704.875, 9.749,5532
18915,153715.188,10.319,5532
18916,153725.234,10.045,5532
18917,153735.000, 9.771,5532
18918,153745.203,10.197,5532
18919,153754.688, 9.501,5532
18920,153764.719,10.012,5532
18921,153775.641,10.917,5532
18922,153785.453, 9.821,5532
18923,153796.047,10.592,5532
18924,153805.797, 9.761,5532
18925,153815.969,10.174,5532
18926,153825.781, 9.800,5532
18927,153835.656, 9.867,5532
18928,153846.109,10.459,5532
18929,153855.813, 9.709,5532
18930,153866.297,10.478,5532
18931,153876.844,10.544,5532
18932,153887.578,10.742,5532
18933,153898.266,10.688,5532
18934,153910.406,12.138,5532
18935,153921.031,10.630,5532
18936,153930.969, 9.927,5532
18937,153940.203, 9.235,5532
18938,153950.297,10.102,5532
18939,153960.734,10.429,5532
18940,153970.016, 9.295,5532
18941,153979.531, 9.503,5532
18942,153989.594,10.070,5532
18943,153998.875, 9.281,5532
18944,154008.500, 9.628,5532
18945,154017.797, 9.300,5532
18946,154027.984,10.182,5532
18947,154037.328, 9.346,5532
18948,154046.703, 9.357,5532
18949,154056.125, 9.425,5532
18950,154065.375, 9.256,5532
18951,154075.000, 9.621,5532
18952,154084.453, 9.455,5532
18953,154095.016,10.569,5532
18954,154104.281, 9.267,5532
18955,154113.500, 9.211,5532
18956,154122.609, 9.117,5532
18957,154131.797, 9.185,5532
18958,154141.297, 9.502,5532
18959,154150.297, 8.993,5532
18960,154159.719, 9.436,5532
18961,154169.188, 9.465,5532
18962,154178.203, 9.012,5532
18963,154187.625, 9.414,5532
18964,154197.047, 9.433,5532
18965,154206.313, 9.264,5532
18966,154215.828, 9.521,5532
18967,154224.922, 9.088,5532
18968,154234.266, 9.346,5532
18969,154244.063, 9.781,5532
18970,154253.875, 9.824,5532
18971,154263.203, 9.339,5532
18972,154272.156, 8.932,5532
18973,154281.156, 9.006,5532
18974,154290.422, 9.274,5532
18975,154301.688,11.256,5532
18976,154311.984,10.307,5532
18977,154321.281, 9.297,5532
18978,154332.203,10.920,5532
18979,154343.266,11.058,5532
18980,154352.766, 9.498,5532
18981,154361.984, 9.235,5532
18982,154371.188, 9.195,5532
18983,154380.422, 9.235,5532
18984,154389.563, 9.133,5532
18985,154398.875, 9.314,5532
18986,154408.422, 9.541,5532
18987,154418.016, 9.611,5532
18988,154427.891, 9.867,5532
18989,154437.578, 9.689,5532
18990,154446.844, 9.254,5532
18991,154456.438, 9.603,5532
18992,154465.891, 9.452,5532
18993,154475.203, 9.319,5532
18994,154485.219,10.011,5532
18995,154494.391, 9.173,5532
18996,154504.188, 9.794,5532
18997,154514.016, 9.832,5532
18998,154525.281,11.274,5532
18999,154534.922, 9.617,5532
19000,154545.609,10.701,5532
19001,154555.406, 9.788,5532
19002,154565.047, 9.645,5532
19003,154574.719, 9.669,5532
19004,154584.719, 9.992,5532
19005,154594.359, 9.660,5532
19006,154604.156, 9.784,5532
19007,154613.531, 9.373,5532
19008,154623.625,10.104,5532
19009,154633.688,10.056,5532
19010,154643.281, 9.604,5532
19011,154653.344,10.059,5532
19012,154662.969, 9.618,5532
19013,154672.328, 9.355,5532
19014,154681.063, 8.746,5532
19015,154690.484, 9.426,5532
19016,154701.828,11.348,5532
19017,154711.250, 9.422,5532
19018,154722.828,11.560,5532
19019,154732.047, 9.224,5532
19020,154741.609, 9.556,5532
19021,154750.734, 9.127,5532
19022,154760.047, 9.306,5532
19023,154769.031, 9.005,5532
19024,154778.328, 9.283,5532
19025,154788.172, 9.844,5532
19026,154797.125, 8.955,5532
19027,154806.109, 8.981,5532
19028,154815.578, 9.477,5532
19029,154824.391, 8.817,5532
19030,154833.297, 8.901,5532
19031,154842.922, 9.614,5532
19032,154851.781, 8.869,5532
19033,154860.828, 9.049,5532
19034,154869.766, 8.930,5532
19035,154878.703, 8.943,5532
19036,154887.438, 8.728,5532
19037,154896.281, 8.845,5532
19038,154905.141, 8.862,5532
19039,154914.406, 9.263,5532
19040,154923.469, 9.055,5532
19041,154932.375, 8.913,5532
19042,154941.141, 8.768,5532
19043,154950.750, 9.605,5532
19044,154959.625, 8.878,5532
19045,154969.203, 9.591,5532
19046,154977.984, 8.781,5532
19047,154986.922, 8.928,5532
19048,154995.828, 8.908,5532
19049,155004.781, 8.943,5532
19050,155013.406, 8.622,5532
19051,155022.344, 8.946,5532
19052,155031.313, 8.988,5532
19053,155040.328, 9.009,5532
19054,155050.250, 9.918,5532
19055,155059.625, 9.366,5532
19056,155068.594, 8.986,5532
19057,155077.828, 9.230,5532
19058,155087.859,10.026,5532
19059,155098.453,10.601,5532
19060,155107.938, 9.485,5532
19061,155116.922, 8.976,5532
19062,155125.750, 8.834,5532
19063,155134.859, 9.092,5532
19064,155143.844, 8.999,5532
19065,155152.891, 9.043,5532
19066,155163.078,10.181,5532
19067,155171.969, 8.907,5532
19068,155180.813, 8.825,5532
19069,155189.844, 9.049,5532
19070,155198.734, 8.868,5532
19071,155208.297, 9.571,5532
19072,155218.250, 9.962,5532
19073,155227.266, 9.010,5532
19074,155237.172, 9.905,5532
19075,155246.266, 9.100,5532
19076,155255.969, 9.708,5532
19077,155265.422, 9.442,5532
19078,155274.828, 9.412,5532
19079,155284.250, 9.414,5532
19080,155293.609, 9.358,5532
19081,155302.875, 9.261,5532
19082,155312.156, 9.289,5532
19083,155321.578, 9.421,5532
19084,155331.109, 9.532,5532
19085,155341.797,10.701,5532
19086,155351.266, 9.459,5532
19087,155360.438, 9.166,5532
19088,155370.250, 9.818,5532
19089,155380.672,10.435,5532
19090,155390.016, 9.335,5532
19091,155399.516, 9.485,5532
19092,155409.094, 9.582,5532
19093,155418.500, 9.422,5532
19094,155427.859, 9.360,5532
19095,155437.344, 9.490,5532
19096,155446.156, 8.793,5532
19097,155455.313, 9.160,5532
19098,155464.484, 9.171,5532
19099,155473.031, 8.550,5532
19100,155483.516,10.482,5532
19101,155493.750,10.240,5532
19102,155503.578, 9.823,5532
19103,155512.859, 9.271,5532
19104,155521.734, 8.885,5532
19105,155530.672, 8.949,5532
19106,155539.453, 8.770,5532
19107,155548.469, 9.024,5532
19108,155557.344, 8.873,5532
19109,155566.359, 9.003,5532
19110,155575.484, 9.122,5532
19111,155584.703, 9.214,5532
19112,155594.594, 9.913,5532
19113,155603.609, 9.004,5532
19114,155613.000, 9.387,5532
19115,155621.906, 8.919,5532
19116,155630.938, 9.026,5532
19117,155639.719, 8.774,5532
19118,155648.234, 8.525,5532
19119,155657.063, 8.820,5532
19120,155665.672, 8.617,5532
19121,155675.234, 9.566,5532
19122,155684.078, 8.832,5532
19123,155693.203, 9.141,5532
19124,155701.828, 8.617,5532
19125,155710.609, 8.779,5532
19126,155720.125, 9.514,5532
19127,155729.391, 9.259,5532
19128,155738.094, 8.697,5532
19129,155747.188, 9.117,5532
19130,155755.813, 8.616,5532
19131,155765.234, 9.421,5532
19132,155773.734, 8.507,5532
19133,155782.406, 8.668,5532
19134,155791.734, 9.325,5532
19135,155801.422, 9.686,5532
19136,155809.906, 8.491,5532
19137,155818.766, 8.850,5532
19138,155827.438, 8.668,5532
19139,155835.922, 8.504,5532
19140,155845.328, 9.404,5532
19141,155855.500,10.155,5532
19142,155864.609, 9.124,5532
19143,155874.094, 9.466,5532
19144,155883.625, 9.546,5532
19145,155893.938,10.314,5532
19146,155903.563, 9.620,5532
19147,155913.109, 9.551,5532
19148,155922.359, 9.248,5532
19149,155931.797, 9.435,5532
19150,155941.313, 9.527,5532
19151,155950.141, 8.819,5532
19152,155959.281, 9.141,5532
19153,155968.313, 9.029,5532
19154,155977.031, 8.720,5532
19155,155986.063, 9.027,5532
19156,155994.594, 8.547,5532
19157,156003.266, 8.658,5532
19158,156015.578,12.318,5532
19159,156024.484, 8.906,5532
19160,156033.375, 8.883,5532
19161,156043.578,10.209,5532
19162,156052.875, 9.300,5532
19163,156062.250, 9.362,5532
19164,156071.438, 9.196,5532
19165,156080.563, 9.133,5532
19166,156089.813, 9.242,5532
19167,156099.047, 9.238,5532
19168,156108.203, 9.144,5532
19169,156118.047, 9.844,5532
19170,156127.344, 9.311,5532
19171,156136.672, 9.333,5532
19172,156145.844, 9.165,5532
19173,156154.813, 8.957,5532
19174,156163.859, 9.056,5532
19175,156173.313, 9.465,5532
19176,156182.594, 9.277,5532
19177,156191.906, 9.313,5532
19178,156201.109, 9.196,5532
19179,156209.578, 8.462,5532
19180,156218.391, 8.821,5532
19181,156227.938, 9.551,5532
19182,156236.563, 8.620,5532
19183,156245.328, 8.767,5532
19184,156254.125, 8.781,5532
19185,156262.500, 8.397,5532
19186,156270.953, 8.436,5532
19187,156279.734, 8.787,5532
19188,156290.016,10.293,5532
19189,156299.203, 9.187,5532
19190,156308.016, 8.804,5532
19191,156316.641, 8.627,5532
19192,156325.188, 8.540,5532
19193,156334.922, 9.743,5532
19194,156343.641, 8.718,5532
19195,156352.938, 9.287,5532
19196,156363.047,10.110,5532
19197,156371.813, 8.778,5532
19198,156380.609, 8.787,5532
19199,156389.281, 8.672,5532
19200,156398.141, 8.858,5532
19201,156406.672, 8.538,5532
19202,156415.250, 8.580,5532
19203,156424.672, 9.425,5532
19204,156433.281, 8.599,5532
19205,156442.594, 9.316,5532
19206,156451.203, 8.609,5532
19207,156460.016, 8.818,5532
19208,156469.547, 9.516,5532
19209,156478.109, 8.569,5532
19210,156486.609, 8.509,5532
19211,156495.000, 8.382,5532
19212,156503.297, 8.311,5532
19213,156511.875, 8.575,5532
19214,156520.328, 8.446,5532
19215,156528.813, 8.479,5532
19216,156537.188, 8.383,5532
19217,156546.359, 9.171,5532
19218,156555.000, 8.638,5532
19219,156563.344, 8.357,5532
19220,156571.766, 8.413,5532
19221,156580.578, 8.820,5532
19222,156589.297, 8.719,5532
19223,156598.375, 9.059,5532
19224,156607.047, 8.670,5532
19225,156615.969, 8.928,5532
19226,156624.547, 8.577,5532
19227,156633.438, 8.890,5532
19228,156642.313, 8.883,5532
19229,156651.609, 9.292,5532
19230,156661.250, 9.646,5532
19231,156670.484, 9.237,5532
19232,156680.813,10.314,5532
19233,156691.266,10.459,5532
19234,156700.734, 9.458,5532
19235,156709.828, 9.102,5532
19236,156719.734, 9.910,5532
19237,156728.703, 8.958,5532
19238,156737.891, 9.203,5532
19239,156747.266, 9.381,5532
19240,156757.094, 9.822,5532
19241,156767.141,10.039,5532
19242,156776.594, 9.457,5532
19243,156785.609, 9.011,5532
19244,156795.078, 9.476,5532
19245,156804.625, 9.542,5532
19246,156814.031, 9.406,5532
19247,156823.203, 9.174,5532
19248,156834.172,10.969,5532
19249,156842.656, 8.494,5532
19250,156850.844, 8.165,5532
19251,156859.578, 8.748,5532
19252,156868.656, 9.080,5532
19253,156877.266, 8.615,5532
19254,156885.563, 8.281,5532
19255,156893.984, 8.437,5532
19256,156903.125, 9.133,5532
19257,156911.688, 8.563,5532
19258,156920.156, 8.464,5532
19259,156928.703, 8.543,5532
19260,156937.031, 8.329,5532
19261,156945.234, 8.208,5532
19262,156954.344, 9.114,5532
19263,156962.719, 8.369,5532
19264,156971.531, 8.817,5532
19265,156980.844, 9.311,5532
19266,156989.891, 9.053,5532
19267,156998.219, 8.321,5532
19268,157006.578, 8.367,5532
19269,157014.813, 8.221,5532
19270,157023.766, 8.962,5532
19271,157031.984, 8.225,5532
19272,157040.766, 8.762,5532
19273,157049.000, 8.237,5532
19274,157057.297, 8.313,5532
19275,157066.547, 9.239,5532
19276,157076.281, 9.741,5532
19277,157086.391,10.111,5532
19278,157096.078, 9.669,5532
19279,157104.391, 8.320,5532
19280,157113.188, 8.807,5532
19281,157121.922, 8.730,5532
19282,157130.469, 8.549,5532
19283,157138.953, 8.486,5532
19284,157147.328, 8.385,5532
19285,157155.656, 8.309,5532
19286,157164.156, 8.505,5532
 