Frame, Time (ms), Delta (ms) , Memory (mb)
    1, 0.000, 0.000,4148
    2,10.202,10.202,5558
    3,25.296,15.094,5558
    4,37.388,12.092,5558
    5,49.831,12.443,5558
    6,62.909,13.078,5558
    7,76.653,13.744,5558
    8,88.972,12.319,5558
    9,101.503,12.531,5558
   10,114.154,12.651,5558
   11,127.468,13.314,5558
   12,140.537,13.069,5558
   13,152.840,12.303,5558
   14,163.759,10.919,5558
   15,175.411,11.652,5558
   16,188.340,12.929,5558
   17,199.530,11.190,5558
   18,211.577,12.047,5558
   19,224.125,12.548,5558
   20,235.071,10.946,5558
   21,247.442,12.371,5558
   22,258.392,10.950,5558
   23,270.849,12.457,5558
   24,282.730,11.881,5558
   25,294.110,11.380,5558
   26,306.333,12.223,5558
   27,318.974,12.641,5558
   28,330.335,11.361,5558
   29,341.535,11.200,5558
   30,354.515,12.980,5558
   31,365.707,11.192,5558
   32,378.141,12.434,5558
   33,389.664,11.523,5558
   34,401.472,11.808,5558
   35,414.252,12.780,5558
   36,425.778,11.526,5558
   37,437.853,12.075,5558
   38,449.847,11.994,5558
   39,461.938,12.091,5558
   40,473.693,11.755,5558
   41,487.028,13.335,5558
   42,498.783,11.755,5558
   43,511.338,12.555,5558
   44,522.164,10.826,5558
   45,533.893,11.729,5558
   46,545.490,11.597,5558
   47,559.054,13.564,5558
   48,570.542,11.488,5558
   49,583.151,12.609,5558
   50,593.989,10.838,5558
   51,605.975,11.986,5558
   52,617.671,11.696,5558
   53,629.981,12.310,5558
   54,641.336,11.355,5558
   55,654.408,13.072,5558
   56,665.632,11.224,5558
   57,677.898,12.266,5558
   58,688.790,10.892,5558
   59,701.282,12.492,5558
   60,714.509,13.227,5558
   61,727.141,12.632,5558
   62,738.873,11.732,5558
   63,750.162,11.289,5558
   64,762.619,12.457,5558
   65,774.579,11.960,5558
   66,786.336,11.757,5558
   67,797.722,11.386,5558
   68,810.263,12.541,5558
   69,822.275,12.012,5558
   70,833.886,11.611,5558
   71,845.089,11.203,5558
   72,856.542,11.453,5558
   73,870.001,13.459,5558
   74,880.603,10.602,5558
   75,894.256,13.653,5558
   76,905.270,11.014,5558
   77,917.292,12.022,5558
   78,929.027,11.735,5558
   79,940.991,11.964,5558
   80,953.149,12.158,5558
   81,965.751,12.602,5558
   82,977.524,11.773,5558
   83,988.744,11.220,5558
   84,1000.706,11.962,5558
   85,1012.689,11.983,5558
   86,1023.515,10.826,5558
   87,1036.307,12.792,5558
   88,1048.116,11.809,5558
   89,1060.017,11.901,5558
   90,1071.732,11.715,5558
   91,1083.761,12.029,5558
   92,1095.264,11.503,5558
   93,1107.616,12.352,5558
   94,1119.816,12.200,5558
   95,1131.248,11.432,5558
   96,1143.000,11.752,5558
   97,1154.764,11.764,5558
   98,1167.046,12.282,5558
   99,1178.386,11.340,5558
  100,1190.835,12.449,5558
  101,1203.037,12.202,5558
  102,1214.836,11.799,5558
  103,1227.915,13.079,5558
  104,1238.906,10.991,5558
  105,1251.152,12.246,5558
  106,1262.614,11.462,5558
  107,1275.731,13.117,5558
  108,1287.205,11.474,5558
  109,1298.849,11.644,5558
  110,1310.132,11.283,5558
  111,1321.359,11.227,5558
  112,1334.165,12.806,5558
  113,1345.962,11.797,5558
  114,1357.360,11.398,5558
  115,1368.757,11.397,5558
  116,1380.670,11.913,5558
  117,1392.191,11.521,5558
  118,1404.743,12.552,5558
  119,1416.368,11.625,5558
  120,1427.672,11.304,5558
  121,1439.902,12.230,5558
  122,1451.521,11.619,5558
  123,1464.957,13.436,5558
  124,1475.245,10.288,5558
  125,1487.835,12.590,5558
  126,1497.827, 9.992,5558
  127,1511.443,13.616,5558
  128,1521.605,10.162,5558
  129,1533.812,12.207,5558
  130,1545.135,11.323,5558
  131,1557.947,12.812,5558
  132,1568.832,10.885,5558
  133,1580.499,11.667,5558
  134,1592.901,12.402,5558
  135,1603.694,10.793,5558
  136,1616.102,12.408,5558
  137,1628.509,12.407,5558
  138,1639.413,10.904,5558
  139,1651.543,12.130,5558
  140,1664.177,12.634,5558
  141,1676.229,12.052,5558
  142,1686.666,10.437,5558
  143,1698.571,11.905,5558
  144,1710.624,12.053,5558
  145,1722.204,11.580,5558
  146,1733.693,11.489,5558
  147,1745.622,11.929,5558
  148,1757.697,12.075,5558
  149,1769.629,11.932,5558
  150,1781.334,11.705,5558
  151,1792.776,11.442,5558
  152,1804.028,11.252,5558
  153,1816.565,12.537,5558
  154,1829.642,13.077,5558
  155,1841.368,11.726,5558
  156,1853.248,11.880,5558
  157,1864.715,11.467,5558
  158,1876.359,11.644,5558
  159,1888.228,11.869,5558
  160,1900.101,11.873,5558
  161,1912.445,12.344,5558
  162,1923.537,11.092,5558
  163,1936.118,12.581,5558
  164,1947.031,10.913,5558
  165,1959.624,12.593,5558
  166,1969.730,10.106,5558
  167,1981.594,11.864,5558
  168,1993.627,12.033,5558
  169,2005.202,11.575,5558
  170,2016.921,11.719,5558
  171,2029.711,12.790,5558
  172,2040.705,10.994,5558
  173,2053.815,13.110,5558
  174,2064.082,10.267,5558
  175,2077.228,13.146,5558
  176,2086.279, 9.051,5558
  177,2099.027,12.748,5558
  178,2110.229,11.202,5558
  179,2121.805,11.576,5558
  180,2133.915,12.110,5558
  181,2146.202,12.287,5558
  182,2157.297,11.095,5558
  183,2169.249,11.952,5558
  184,2181.380,12.131,5558
  185,2193.661,12.281,5558
  186,2204.651,10.990,5558
  187,2216.256,11.605,5558
  188,2227.787,11.531,5558
  189,2239.131,11.344,5558
  190,2250.844,11.713,5558
  191,2262.761,11.917,5558
  192,2274.740,11.979,5558
  193,2286.053,11.313,5558
  194,2297.899,11.846,5558
  195,2309.881,11.982,5558
  196,2320.540,10.659,5558
  197,2332.951,12.411,5558
  198,2344.925,11.974,5558
  199,2356.127,11.202,5558
  200,2367.382,11.255,5558
  201,2379.727,12.345,5558
  202,2390.962,11.235,5558
  203,2402.695,11.733,5558
  204,2413.980,11.285,5558
  205,2426.822,12.842,5558
  206,2438.121,11.299,5558
  207,2449.448,11.327,5558
  208,2460.642,11.194,5558
  209,2472.922,12.280,5558
  210,2484.471,11.549,5558
  211,2497.497,13.026,5558
  212,2507.294, 9.797,5558
  213,2519.532,12.238,5558
  214,2531.133,11.601,5558
  215,2543.096,11.963,5558
  216,2554.028,10.932,5558
  217,2566.322,12.294,5558
  218,2578.625,12.303,5558
  219,2590.092,11.467,5558
  220,2600.830,10.738,5558
  221,2612.421,11.591,5558
  222,2624.493,12.072,5558
  223,2635.410,10.917,5558
  224,2647.742,12.332,5558
  225,2659.387,11.645,5558
  226,2670.641,11.254,5558
  227,2681.990,11.349,5558
  228,2693.327,11.337,5558
  229,2705.353,12.026,5558
  230,2716.902,11.549,5558
  231,2728.075,11.173,5558
  232,2740.181,12.106,5558
  233,2751.793,11.612,5558
  234,2763.996,12.203,5558
  235,2775.346,11.350,5558
  236,2785.810,10.464,5558
  237,2797.443,11.633,5558
  238,2808.792,11.349,5558
  239,2822.409,13.617,5558
  240,2833.303,10.894,5558
  241,2844.671,11.368,5558
  242,2855.219,10.548,5558
  243,2866.617,11.398,5558
  244,2878.428,11.811,5558
  245,2889.815,11.387,5558
  246,2901.094,11.279,5558
  247,2912.510,11.416,5558
  248,2924.575,12.065,5558
  249,2934.933,10.358,5558
  250,2946.609,11.676,5558
  251,2957.870,11.261,5558
  252,2969.829,11.959,5558
  253,2982.404,12.575,5558
  254,2992.569,10.165,5558
  255,3004.630,12.061,5558
  256,3016.153,11.523,5558
  257,3026.901,10.748,5558
  258,3037.975,11.074,5558
  259,3049.791,11.816,5558
  260,3060.808,11.017,5558
  261,3072.654,11.846,5558
  262,3083.730,11.076,5558
  263,3094.761,11.031,5558
  264,3105.938,11.177,5558
  265,3118.351,12.413,5558
  266,3128.705,10.354,5558
  267,3140.655,11.950,5558
  268,3151.233,10.578,5558
  269,3162.944,11.711,5558
  270,3174.647,11.703,5558
  271,3186.101,11.454,5558
  272,3197.163,11.062,5558
  273,3209.364,12.201,5558
  274,3220.244,10.880,5558
  275,3231.705,11.461,5558
  276,3242.683,10.978,5558
  277,3253.727,11.044,5558
  278,3264.669,10.942,5558
  279,3276.653,11.984,5558
  280,3288.327,11.674,5558
  281,3299.383,11.056,5558
  282,3310.691,11.308,5558
  283,3322.780,12.089,5558
  284,3333.212,10.432,5558
  285,3344.787,11.575,5558
  286,3357.076,12.289,5558
  287,3367.820,10.744,5558
  288,3378.893,11.073,5558
  289,3390.882,11.989,5558
  290,3402.744,11.862,5558
  291,3414.403,11.659,5558
  292,3425.074,10.671,5558
  293,3435.721,10.647,5558
  294,3446.696,10.975,5558
  295,3458.194,11.498,5558
  296,3470.400,12.206,5558
  297,3481.049,10.649,5558
  298,3492.290,11.241,5558
  299,3504.002,11.712,5558
  300,3515.155,11.153,5558
  301,3525.967,10.812,5558
  302,3536.880,10.913,5558
  303,3547.861,10.981,5558
  304,3559.487,11.626,5558
  305,3570.918,11.431,5558
  306,3582.300,11.382,5558
  307,3594.865,12.565,5558
  308,3605.748,10.883,5558
  309,3616.378,10.630,5558
  310,3628.193,11.815,5558
  311,3639.548,11.355,5558
  312,3651.445,11.897,5558
  313,3663.029,11.584,5558
  314,3674.158,11.129,5558
  315,3685.455,11.297,5558
  316,3696.281,10.826,5558
  317,3709.063,12.782,5558
  318,3719.634,10.571,5558
  319,3730.775,11.141,5558
  320,3742.015,11.240,5558
  321,3752.978,10.963,5558
  322,3764.455,11.477,5558
  323,3776.818,12.363,5558
  324,3787.439,10.621,5558
  325,3798.756,11.317,5558
  326,3808.870,10.114,5558
  327,3821.452,12.582,5558
  328,3832.098,10.646,5558
  329,3842.862,10.764,5558
  330,3854.497,11.635,5558
  331,3865.210,10.713,5558
  332,3876.533,11.323,5558
  333,3888.269,11.736,5558
  334,3898.637,10.368,5558
  335,3909.806,11.169,5558
  336,3920.395,10.589,5558
  337,3932.655,12.260,5558
  338,3943.536,10.881,5558
  339,3955.041,11.505,5558
  340,3966.107,11.066,5558
  341,3978.042,11.935,5558
  342,3989.588,11.546,5558
  343,4001.204,11.616,5558
  344,4010.982, 9.778,5558
  345,4021.885,10.903,5558
  346,4033.941,12.056,5558
  347,4044.768,10.827,5558
  348,4055.118,10.350,5558
  349,4066.384,11.266,5558
  350,4076.900,10.516,5558
  351,4087.982,11.082,5558
  352,4099.077,11.095,5558
  353,4110.400,11.323,5558
  354,4121.353,10.953,5558
  355,4132.772,11.419,5558
  356,4143.009,10.237,5558
  357,4155.195,12.186,5558
  358,4164.996, 9.801,5558
  359,4176.744,11.748,5558
  360,4188.146,11.402,5558
  361,4199.178,11.032,5558
  362,4210.263,11.085,5558
  363,4221.567,11.304,5558
  364,4233.107,11.540,5558
  365,4243.743,10.636,5558
  366,4253.860,10.117,5558
  367,4265.196,11.336,5558
  368,4278.457,13.261,5558
  369,4288.661,10.204,5558
  370,4299.468,10.807,5558
  371,4310.584,11.116,5558
  372,4322.013,11.429,5558
  373,4332.242,10.229,5558
  374,4344.097,11.855,5558
  375,4354.204,10.107,5558
  376,4366.560,12.356,5558
  377,4376.634,10.074,5558
  378,4387.352,10.718,5558
  379,4397.958,10.606,5558
  380,4408.539,10.581,5558
  381,4421.027,12.488,5558
  382,4430.837, 9.810,5558
  383,4443.285,12.448,5558
  384,4453.572,10.287,5558
  385,4464.262,10.690,5558
  386,4475.782,11.520,5558
  387,4486.236,10.454,5558
  388,4497.177,10.941,5558
  389,4508.619,11.442,5558
  390,4520.239,11.620,5558
  391,4530.995,10.756,5558
  392,4541.942,10.947,5558
  393,4552.921,10.979,5558
  394,4564.620,11.699,5558
  395,4574.726,10.106,5558
  396,4586.219,11.493,5558
  397,4596.905,10.686,5558
  398,4608.295,11.390,5558
  399,4619.213,10.918,5558
  400,4629.901,10.688,5558
  401,4640.960,11.059,5558
  402,4652.534,11.574,5558
  403,4663.771,11.237,5558
  404,4674.296,10.525,5558
  405,4684.900,10.604,5558
  406,4695.812,10.912,5558
  407,4707.159,11.347,5558
  408,4717.897,10.738,5558
  409,4729.541,11.644,5558
  410,4740.310,10.769,5558
  411,4751.856,11.546,5558
  412,4762.278,10.422,5558
  413,4773.493,11.215,5558
  414,4784.098,10.605,5558
  415,4794.973,10.875,5558
  416,4805.944,10.971,5558
  417,4817.055,11.111,5558
  418,4828.462,11.407,5558
  419,4839.427,10.965,5558
  420,4850.497,11.070,5558
  421,4861.039,10.542,5558
  422,4872.408,11.369,5558
  423,4884.017,11.609,5558
  424,4894.358,10.341,5558
  425,4906.131,11.773,5558
  426,4916.080, 9.949,5558
  427,4927.346,11.266,5558
  428,4937.864,10.518,5558
  429,4948.926,11.062,5558
  430,4959.884,10.958,5558
  431,4971.393,11.509,5558
  432,4982.152,10.759,5558
  433,4993.179,11.027,5558
  434,5003.622,10.443,5558
  435,5014.285,10.663,5558
  436,5025.052,10.767,5558
  437,5036.230,11.178,5558
  438,5047.014,10.784,5558
  439,5058.096,11.082,5558
  440,5069.237,11.141,5558
  441,5081.171,11.934,5558
  442,5091.475,10.304,5558
  443,5103.539,12.064,5558
  444,5113.518, 9.979,5558
  445,5125.506,11.988,5558
  446,5136.832,11.326,5558
  447,5147.950,11.118,5558
  448,5157.369, 9.419,5558
  449,5169.685,12.316,5558
  450,5179.492, 9.807,5558
  451,5191.020,11.528,5558
  452,5201.739,10.719,5558
  453,5213.024,11.285,5558
  454,5223.479,10.455,5558
  455,5235.278,11.799,5558
  456,5245.555,10.277,5558
  457,5257.725,12.170,5558
  458,5267.896,10.171,5558
  459,5280.216,12.320,5558
  460,5289.859, 9.643,5558
  461,5301.103,11.244,5558
  462,5311.590,10.487,5558
  463,5323.389,11.799,5558
  464,5333.694,10.305,5558
  465,5344.783,11.089,5558
  466,5355.490,10.707,5558
  467,5366.665,11.175,5558
  468,5377.114,10.449,5558
  469,5387.671,10.557,5558
  470,5398.874,11.203,5558
  471,5409.932,11.058,5558
  472,5421.552,11.620,5558
  473,5432.617,11.065,5558
  474,5443.048,10.431,5558
  475,5454.208,11.160,5558
  476,5464.585,10.377,5558
  477,5476.013,11.428,5558
  478,5486.875,10.862,5558
  479,5497.953,11.078,5558
  480,5509.806,11.853,5558
  481,5521.617,11.811,5558
  482,5530.949, 9.332,5558
  483,5541.490,10.541,5558
  484,5552.799,11.309,5558
  485,5563.505,10.706,5558
  486,5574.733,11.228,5558
  487,5585.573,10.840,5558
  488,5596.366,10.793,5558
  489,5607.704,11.338,5558
  490,5618.567,10.863,5558
  491,5630.033,11.466,5558
  492,5640.092,10.059,5558
  493,5652.021,11.929,5558
  494,5661.876, 9.855,5558
  495,5672.972,11.096,5558
  496,5683.563,10.590,5558
  497,5694.971,11.409,5558
  498,5705.618,10.647,5558
  499,5716.945,11.327,5558
  500,5726.997,10.052,5558
  501,5738.717,11.720,5558
  502,5749.114,10.397,5558
  503,5759.454,10.340,5558
  504,5770.275,10.821,5558
  505,5781.889,11.614,5558
  506,5792.616,10.727,5558
  507,5802.472, 9.856,5558
  508,5813.967,11.495,5558
  509,5824.240,10.273,5558
  510,5834.920,10.680,5558
  511,5845.640,10.720,5558
  512,5856.630,10.990,5558
  513,5867.513,10.883,5558
  514,5877.997,10.484,5558
  515,5888.945,10.948,5558
  516,5900.018,11.073,5558
  517,5910.547,10.529,5558
  518,5921.070,10.523,5558
  519,5932.146,11.075,5558
  520,5942.788,10.643,5558
  521,5953.292,10.504,5558
  522,5964.013,10.721,5558
  523,5974.766,10.753,5558
  524,5985.985,11.219,5558
  525,5996.938,10.953,5558
  526,6006.989,10.051,5558
  527,6017.995,11.006,5558
  528,6029.410,11.415,5558
  529,6039.418,10.008,5558
  530,6050.068,10.650,5558
  531,6060.688,10.620,5558
  532,6071.764,11.076,5558
  533,6082.413,10.649,5558
  534,6093.058,10.645,5558
  535,6103.589,10.531,5558
  536,6113.867,10.278,5558
  537,6124.789,10.922,5558
  538,6135.449,10.660,5558
  539,6146.304,10.855,5558
  540,6157.310,11.006,5558
  541,6168.739,11.429,5558
  542,6179.037,10.298,5558
  543,6189.897,10.860,5558
  544,6200.224,10.327,5558
  545,6211.438,11.214,5558
  546,6222.313,10.875,5558
  547,6233.987,11.674,5558
  548,6244.763,10.776,5558
  549,6255.345,10.582,5558
  550,6265.461,10.116,5558
  551,6277.010,11.549,5558
  552,6287.063,10.053,5558
  553,6297.773,10.710,5558
  554,6308.302,10.529,5558
  555,6320.198,11.896,5558
  556,6329.318, 9.120,5558
  557,6339.958,10.639,5558
  558,6351.154,11.197,5558
  559,6362.230,11.076,5558
  560,6373.020,10.789,5558
  561,6384.033,11.014,5558
  562,6394.940,10.907,5558
  563,6406.204,11.264,5558
  564,6416.118, 9.914,5558
  565,6427.525,11.407,5558
  566,6438.470,10.945,5558
  567,6448.485,10.015,5558
  568,6460.514,12.029,5558
  569,6470.125, 9.610,5558
  570,6481.565,11.441,5558
  571,6491.497, 9.932,5558
  572,6502.465,10.968,5558
  573,6512.214, 9.749,5558
  574,6522.832,10.617,5558
  575,6533.710,10.879,5558
  576,6544.976,11.266,5558
  577,6554.769, 9.792,5558
  578,6565.654,10.886,5558
  579,6576.833,11.178,5558
  580,6586.311, 9.478,5558
  581,6597.101,10.791,5558
  582,6607.759,10.658,5558
  583,6618.140,10.381,5558
  584,6628.590,10.450,5558
  585,6639.205,10.615,5558
  586,6649.697,10.492,5558
  587,6660.751,11.054,5558
  588,6671.945,11.194,5558
  589,6681.675, 9.730,5558
  590,6691.932,10.257,5558
  591,6702.250,10.318,5558
  592,6712.820,10.570,5558
  593,6724.181,11.361,5558
  594,6735.229,11.047,5558
  595,6746.208,10.980,5558
  596,6756.161, 9.953,5558
  597,6766.646,10.484,5558
  598,6777.388,10.743,5558
  599,6787.900,10.512,5558
  600,6798.338,10.438,5558
  601,6809.152,10.814,5558
  602,6819.536,10.384,5558
  603,6829.925,10.389,5558
  604,6840.250,10.324,5558
  605,6851.265,11.016,5558
  606,6861.738,10.473,5558
  607,6872.556,10.818,5558
  608,6883.237,10.681,5558
  609,6893.824,10.587,5558
  610,6903.917,10.093,5558
  611,6914.301,10.384,5558
  612,6925.537,11.236,5558
  613,6935.530, 9.993,5558
  614,6946.246,10.716,5558
  615,6956.912,10.666,5558
  616,6967.353,10.440,5558
  617,6977.721,10.369,5558
  618,6988.995,11.274,5558
  619,6999.521,10.525,5558
  620,7009.650,10.130,5558
  621,7020.115,10.465,5558
  622,7030.478,10.362,5558
  623,7042.414,11.936,5558
  624,7051.842, 9.429,5558
  625,7062.561,10.718,5558
  626,7073.221,10.661,5558
  627,7083.342,10.121,5558
  628,7095.138,11.796,5558
  629,7105.319,10.181,5558
  630,7116.107,10.788,5558
  631,7127.280,11.173,5558
  632,7136.698, 9.418,5558
  633,7147.271,10.573,5558
  634,7157.686,10.414,5558
  635,7168.300,10.615,5558
  636,7178.683,10.383,5558
  637,7189.579,10.896,5558
  638,7199.761,10.182,5558
  639,7210.497,10.735,5558
  640,7221.604,11.108,5558
  641,7231.990,10.386,5558
  642,7242.307,10.317,5558
  643,7253.083,10.776,5558
  644,7263.369,10.286,5558
  645,7274.157,10.788,5558
  646,7284.400,10.243,5558
  647,7295.386,10.986,5558
  648,7306.237,10.851,5558
  649,7316.257,10.020,5558
  650,7328.285,12.028,5558
  651,7338.122, 9.836,5558
  652,7349.468,11.347,5558
  653,7359.457, 9.988,5558
  654,7370.550,11.094,5558
  655,7381.192,10.642,5558
  656,7391.967,10.775,5558
  657,7403.804,11.837,5558
  658,7413.383, 9.579,5558
  659,7425.296,11.913,5558
  660,7434.964, 9.668,5558
  661,7445.407,10.443,5558
  662,7455.868,10.461,5558
  663,7466.798,10.930,5558
  664,7477.254,10.456,5558
  665,7488.032,10.778,5558
  666,7498.348,10.316,5558
  667,7509.531,11.183,5558
  668,7520.457,10.925,5558
  669,7530.263, 9.807,5558
  670,7540.762,10.499,5558
  671,7552.091,11.329,5558
  672,7561.815, 9.724,5558
  673,7572.905,11.090,5558
  674,7583.874,10.968,5558
  675,7594.050,10.177,5558
  676,7604.244,10.194,5558
  677,7615.424,11.180,5558
  678,7625.722,10.298,5558
  679,7635.926,10.204,5558
  680,7646.104,10.178,5558
  681,7657.934,11.829,5558
  682,7667.635, 9.702,5558
  683,7678.488,10.853,5558
  684,7689.375,10.887,5558
  685,7699.699,10.324,5558
  686,7710.334,10.635,5558
  687,7722.013,11.679,5558
  688,7731.361, 9.348,5558
  689,7742.063,10.702,5558
  690,7752.315,10.252,5558
  691,7763.564,11.249,5558
  692,7773.726,10.161,5558
  693,7784.871,11.145,5558
  694,7795.151,10.281,5558
  695,7807.819,12.668,5558
  696,7817.489, 9.670,5558
  697,7827.214, 9.725,5558
  698,7837.829,10.614,5558
  699,7849.423,11.595,5558
  700,7858.712, 9.289,5558
  701,7870.462,11.750,5558
  702,7879.697, 9.235,5558
  703,7890.547,10.850,5558
  704,7900.411, 9.864,5558
  705,7911.279,10.868,5558
  706,7921.769,10.489,5558
  707,7932.786,11.018,5558
  708,7943.369,10.583,5558
  709,7953.274, 9.905,5558
  710,7963.521,10.246,5558
  711,7974.468,10.948,5558
  712,7984.458, 9.990,5558
  713,7995.473,11.015,5558
  714,8005.212, 9.739,5558
  715,8016.208,10.995,5558
  716,8026.846,10.639,5558
  717,8036.812, 9.965,5558
  718,8048.017,11.205,5558
  719,8057.955, 9.938,5558
  720,8068.147,10.193,5558
  721,8079.342,11.195,5558
  722,8089.386,10.044,5558
  723,8099.674,10.288,5558
  724,8109.883,10.209,5558
  725,8120.303,10.420,5558
  726,8131.298,10.995,5558
  727,8142.333,11.034,5558
  728,8152.215, 9.883,5558
  729,8162.818,10.603,5558
  730,8173.592,10.774,5558
  731,8183.912,10.319,5558
  732,8195.168,11.257,5558
  733,8205.559,10.390,5558
  734,8215.807,10.248,5558
  735,8225.782, 9.976,5558
  736,8236.368,10.586,5558
  737,8246.271, 9.902,5558
  738,8257.309,11.038,5558
  739,8267.665,10.357,5558
  740,8278.028,10.363,5558
  741,8289.230,11.202,5558
  742,8298.107, 8.877,5558
  743,8309.001,10.894,5558
  744,8319.902,10.901,5558
  745,8329.331, 9.429,5558
  746,8340.063,10.732,5558
  747,8350.040, 9.977,5558
  748,8359.983, 9.943,5558
  749,8370.494,10.511,5558
  750,8381.265,10.770,5558
  751,8391.382,10.117,5558
  752,8402.508,11.126,5558
  753,8411.688, 9.180,5558
  754,8422.900,11.213,5558
  755,8433.099,10.198,5558
  756,8442.925, 9.826,5558
  757,8454.203,11.279,5558
  758,8464.022, 9.819,5558
  759,8475.078,11.056,5558
  760,8485.164,10.086,5558
  761,8496.056,10.891,5558
  762,8506.141,10.085,5558
  763,8517.182,11.041,5558
  764,8527.805,10.623,5558
  765,8537.371, 9.567,5558
  766,8548.211,10.840,5558
  767,8558.036, 9.825,5558
  768,8569.515,11.478,5558
  769,8579.786,10.272,5558
  770,8590.323,10.537,5558
  771,8600.299, 9.975,5558
  772,8611.197,10.899,5558
  773,8621.053, 9.855,5558
  774,8631.248,10.196,5558
  775,8641.733,10.485,5558
  776,8653.039,11.306,5558
  777,8663.113,10.074,5558
  778,8673.720,10.606,5558
  779,8683.966,10.246,5558
  780,8693.425, 9.459,5558
  781,8704.328,10.904,5558
  782,8714.389,10.060,5558
  783,8724.521,10.133,5558
  784,8734.976,10.454,5558
  785,8745.806,10.830,5558
  786,8756.197,10.392,5558
  787,8766.083, 9.886,5558
  788,8775.975, 9.891,5558
  789,8787.546,11.571,5558
  790,8797.736,10.191,5558
  791,8808.390,10.653,5558
  792,8818.604,10.214,5558
  793,8828.776,10.173,5558
  794,8839.057,10.280,5558
  795,8849.560,10.503,5558
  796,8860.147,10.588,5558
  797,8870.259,10.111,5558
  798,8880.825,10.567,5558
  799,8890.890,10.064,5558
  800,8901.898,11.009,5558
  801,8911.292, 9.394,5558
  802,8921.646,10.354,5558
  803,8931.876,10.230,5558
  804,8941.984,10.108,5558
  805,8953.106,11.122,5558
  806,8963.328,10.222,5558
  807,8974.390,11.061,5558
  808,8984.395,10.005,5558
  809,8993.584, 9.190,5558
  810,9004.516,10.931,5558
  811,9015.506,10.990,5558
  812,9025.201, 9.696,5558
  813,9035.640,10.438,5558
  814,9045.371, 9.732,5558
  815,9056.693,11.322,5558
  816,9066.366, 9.673,5558
  817,9076.557,10.190,5558
  818,9087.121,10.565,5558
  819,9097.560,10.438,5558
  820,9107.481, 9.922,5558
  821,9118.229,10.747,5558
  822,9128.675,10.446,5558
  823,9139.456,10.782,5558
  824,9149.103, 9.646,5558
  825,9160.061,10.958,5558
  826,9170.386,10.325,5558
  827,9180.862,10.477,5558
  828,9191.063,10.200,5558
  829,9201.847,10.784,5558
  830,9212.416,10.570,5558
  831,9222.241, 9.825,5558
  832,9232.482,10.241,5558
  833,9242.783,10.301,5558
  834,9253.557,10.773,5558
  835,9264.006,10.449,5558
  836,9274.983,10.978,5558
  837,9285.440,10.457,5558
  838,9295.153, 9.713,5558
  839,9306.616,11.463,5558
  840,9316.076, 9.460,5558
  841,9327.472,11.395,5558
  842,9336.761, 9.289,5558
  843,9348.526,11.766,5558
  844,9358.515, 9.988,5558
  845,9368.652,10.138,5558
  846,9378.120, 9.468,5558
  847,9389.640,11.519,5558
  848,9399.371, 9.732,5558
  849,9410.309,10.937,5558
  850,9420.124, 9.816,5558
  851,9431.033,10.909,5558
  852,9440.493, 9.460,5558
  853,9451.530,11.037,5558
  854,9461.601,10.070,5558
  855,9473.118,11.518,5558
  856,9482.718, 9.599,5558
  857,9493.278,10.561,5558
  858,9504.152,10.874,5558
  859,9514.487,10.335,5558
  860,9525.133,10.645,5558
  861,9534.797, 9.664,5558
  862,9546.154,11.358,5558
  863,9556.063, 9.908,5558
  864,9565.958, 9.896,5558
  865,9577.359,11.401,5558
  866,9586.542, 9.183,5558
  867,9596.851,10.308,5558
  868,9607.372,10.522,5558
  869,9618.654,11.282,5558
  870,9628.291, 9.637,5558
  871,9638.860,10.569,5558
  872,9648.837, 9.976,5558
  873,9659.848,11.011,5558
  874,9670.410,10.563,5558
  875,9680.545,10.134,5558
  876,9690.913,10.369,5558
  877,9702.254,11.340,5558
  878,9712.396,10.143,5558
  879,9722.950,10.554,5558
  880,9733.396,10.445,5558
  881,9744.662,11.267,5558
  882,9754.754,10.091,5558
  883,9764.321, 9.568,5558
  884,9774.378,10.056,5558
  885,9784.783,10.406,5558
  886,9795.278,10.495,5558
  887,9806.027,10.749,5558
  888,9815.558, 9.530,5558
  889,9826.726,11.168,5558
  890,9836.787,10.062,5558
  891,9847.109,10.322,5558
  892,9857.188,10.078,5558
  893,9868.171,10.983,5558
  894,9878.671,10.500,5558
  895,9889.255,10.584,5558
  896,9899.187, 9.932,5558
  897,9909.492,10.306,5558
  898,9920.872,11.380,5558
  899,9931.508,10.635,5558
  900,9941.042, 9.535,5558
  901,9951.586,10.543,5558
  902,9962.430,10.844,5558
  903,9972.591,10.161,5558
  904,9983.188,10.597,5558
  905,9993.135, 9.947,5558
  906,10004.316,11.182,5558
  907,10014.531,10.215,5558
  908,10024.503, 9.971,5558
  909,10035.564,11.062,5558
  910,10046.131,10.566,5558
  911,10056.967,10.836,5558
  912,10067.155,10.189,5558
  913,10077.000, 9.845,5558
  914,10087.822,10.822,5558
  915,10098.504,10.681,5558
  916,10109.300,10.796,5558
  917,10119.431,10.131,5558
  918,10130.604,11.174,5558
  919,10141.692,11.088,5558
  920,10151.066, 9.374,5558
  921,10161.866,10.800,5558
  922,10171.742, 9.876,5558
  923,10183.138,11.395,5558
  924,10193.106, 9.969,5558
  925,10203.848,10.741,5558
  926,10214.972,11.124,5558
  927,10225.371,10.400,5558
  928,10234.913, 9.542,5558
  929,10245.702,10.789,5558
  930,10255.546, 9.843,5558
  931,10266.378,10.832,5558
  932,10276.388,10.010,5558
  933,10287.342,10.954,5558
  934,10297.816,10.475,5558
  935,10308.693,10.877,5558
  936,10318.763,10.069,5558
  937,10329.429,10.666,5558
  938,10339.605,10.177,5558
  939,10350.962,11.356,5558
  940,10361.819,10.858,5558
  941,10371.771, 9.952,5558
  942,10382.436,10.664,5558
  943,10393.471,11.035,5558
  944,10404.451,10.981,5558
  945,10414.944,10.493,5558
  946,10425.189,10.245,5558
  947,10435.976,10.786,5558
  948,10445.972, 9.996,5558
  949,10457.200,11.229,5558
  950,10467.508,10.307,5558
  951,10478.210,10.702,5558
  952,10488.126, 9.916,5558
  953,10499.293,11.167,5558
  954,10509.274, 9.982,5558
  955,10522.091,12.816,5558
  956,10531.283, 9.193,5558
  957,10541.563,10.280,5558
  958,10552.027,10.464,5558
  959,10563.369,11.342,5558
  960,10574.536,11.167,5558
  961,10584.730,10.194,5558
  962,10594.790,10.060,5558
  963,10606.415,11.625,5558
  964,10616.599,10.183,5558
  965,10626.516, 9.917,5558
  966,10637.343,10.827,5558
  967,10648.408,11.066,5558
  968,10658.231, 9.823,5558
  969,10669.384,11.152,5558
  970,10679.185, 9.801,5558
  971,10690.105,10.921,5558
  972,10700.584,10.478,5558
  973,10711.709,11.125,5558
  974,10722.228,10.519,5558
  975,10733.088,10.860,5558
  976,10743.674,10.586,5558
  977,10755.258,11.584,5558
  978,10765.568,10.311,5558
  979,10776.225,10.656,5558
  980,10786.692,10.468,5558
  981,10798.554,11.861,5558
  982,10807.829, 9.276,5558
  983,10819.350,11.520,5558
  984,10829.444,10.095,5558
  985,10840.671,11.226,5558
  986,10850.350, 9.679,5558
  987,10861.831,11.482,5558
  988,10871.713, 9.881,5558
  989,10882.900,11.188,5558
  990,10892.952,10.052,5558
  991,10905.929,12.976,5558
  992,10914.692, 8.764,5558
  993,10925.447,10.755,5558
  994,10937.081,11.634,5558
  995,10946.537, 9.456,5558
  996,10957.554,11.016,5558
  997,10969.099,11.545,5558
  998,10978.476, 9.377,5558
  999,10989.557,11.081,5558
 1000,11000.196,10.640,5558
 1001,11010.712,10.515,5558
 1002,11021.818,11.107,5558
 1003,11032.720,10.901,5558
 1004,11042.560, 9.840,5558
 1005,11053.310,10.750,5558
 1006,11063.972,10.662,5558
 1007,11074.558,10.586,5558
 1008,11084.967,10.409,5558
 1009,11095.731,10.765,5558
 1010,11106.164,10.433,5558
 1011,11117.598,11.433,5558
 1012,11127.431, 9.833,5558
 1013,11138.280,10.850,5558
 1014,11148.985,10.705,5558
 1015,11159.917,10.931,5558
 1016,11170.766,10.849,5558
 1017,11181.772,11.007,5558
 1018,11192.461,10.688,5558
 1019,11203.381,10.920,5558
 1020,11212.973, 9.592,5558
 1021,11223.810,10.837,5558
 1022,11234.728,10.918,5558
 1023,11245.630,10.902,5558
 1024,11256.226,10.596,5558
 1025,11267.160,10.935,5558
 1026,11277.503,10.342,5558
 1027,11289.605,12.103,5558
 1028,11300.474,10.868,5558
 1029,11311.994,11.521,5558
 1030,11320.927, 8.932,5558
 1031,11332.025,11.099,5558
 1032,11342.206,10.181,5558
 1033,11352.765,10.558,5558
 1034,11364.000,11.235,5558
 1035,11374.541,10.541,5558
 1036,11384.765,10.224,5558
 1037,11396.299,11.534,5558
 1038,11407.345,11.046,5558
 1039,11417.406,10.062,5558
 1040,11427.450,10.044,5558
 1041,11438.379,10.928,5558
 1042,11448.421,10.042,5558
 1043,11459.869,11.449,5558
 1044,11470.591,10.721,5558
 1045,11480.414, 9.824,5558
 1046,11490.928,10.513,5558
 1047,11501.400,10.473,5558
 1048,11512.601,11.200,5558
 1049,11523.427,10.826,5558
 1050,11533.851,10.424,5558
 1051,11544.098,10.247,5558
 1052,11554.855,10.758,5558
 1053,11565.638,10.782,5558
 1054,11577.322,11.685,5558
 1055,11588.663,11.341,5558
 1056,11597.506, 8.842,5558
 1057,11608.854,11.348,5558
 1058,11619.166,10.312,5558
 1059,11630.481,11.316,5558
 1060,11641.207,10.725,5558
 1061,11651.169, 9.962,5558
 1062,11662.116,10.948,5558
 1063,11672.907,10.791,5558
 1064,11683.855,10.948,5558
 1065,11695.401,11.546,5558
 1066,11704.816, 9.415,5558
 1067,11715.902,11.086,5558
 1068,11726.086,10.183,5558
 1069,11737.254,11.168,5558
 1070,11748.235,10.982,5558
 1071,11758.656,10.421,5558
 1072,11768.562, 9.905,5558
 1073,11779.889,11.327,5558
 1074,11790.113,10.225,5558
 1075,11801.582,11.468,5558
 1076,11812.527,10.946,5558
 1077,11823.435,10.907,5558
 1078,11833.307, 9.872,5558
 1079,11844.548,11.241,5558
 1080,11855.381,10.833,5558
 1081,11866.168,10.787,5558
 1082,11876.785,10.618,5558
 1083,11888.595,11.809,5558
 1084,11898.296, 9.701,5558
 1085,11909.536,11.241,5558
 1086,11920.187,10.650,5558
 1087,11931.530,11.344,5558
 1088,11942.422,10.891,5558
 1089,11952.669,10.247,5558
 1090,11963.467,10.798,5558
 1091,11974.185,10.718,5558
 1092,11985.175,10.990,5558
 1093,11995.895,10.720,5558
 1094,12006.161,10.267,5558
 1095,12017.898,11.737,5558
 1096,12028.475,10.576,5558
 1097,12039.018,10.543,5558
 1098,12049.696,10.679,5558
 1099,12060.568,10.872,5558
 1100,12072.394,11.825,5558
 1101,12083.395,11.001,5558
 1102,12093.227, 9.832,5558
 1103,12103.989,10.763,5558
 1104,12115.021,11.031,5558
 1105,12125.201,10.181,5558
 1106,12137.544,12.342,5558
 1107,12147.683,10.139,5558
 1108,12158.625,10.942,5558
 1109,12168.591, 9.966,5558
 1110,12179.673,11.082,5558
 1111,12190.669,10.996,5558
 1112,12201.958,11.289,5558
 1113,12213.102,11.144,5558
 1114,12224.822,11.721,5558
 1115,12234.199, 9.377,5558
 1116,12244.909,10.710,5558
 1117,12256.564,11.655,5558
 1118,12267.781,11.217,5558
 1119,12278.418,10.636,5558
 1120,12289.210,10.792,5558
 1121,12300.684,11.474,5558
 1122,12311.262,10.578,5558
 1123,12322.209,10.947,5558
 1124,12332.894,10.685,5558
 1125,12344.676,11.782,5558
 1126,12355.317,10.642,5558
 1127,12366.633,11.315,5558
 1128,12377.411,10.779,5558
 1129,12388.434,11.022,5558
 1130,12399.113,10.680,5558
 1131,12410.352,11.238,5558
 1132,12421.089,10.737,5558
 1133,12432.076,10.988,5558
 1134,12442.979,10.903,5558
 1135,12454.430,11.450,5558
 1136,12466.411,11.982,5558
 1137,12478.148,11.737,5558
 1138,12487.555, 9.406,5558
 1139,12498.856,11.302,5558
 1140,12509.327,10.471,5558
 1141,12521.010,11.682,5558
 1142,12531.425,10.415,5558
 1143,12541.823,10.399,5558
 1144,12553.588,11.764,5558
 1145,12564.556,10.968,5558
 1146,12575.231,10.676,5558
 1147,12586.029,10.798,5558
 1148,12597.900,11.871,5558
 1149,12608.711,10.810,5558
 1150,12618.729,10.018,5558
 1151,12630.636,11.907,5558
 1152,12640.813,10.177,5558
 1153,12652.428,11.615,5558
 1154,12663.928,11.500,5558
 1155,12674.513,10.585,5558
 1156,12685.899,11.387,5558
 1157,12697.507,11.607,5558
 1158,12708.347,10.840,5558
 1159,12719.179,10.832,5558
 1160,12730.259,11.080,5558
 1161,12741.160,10.902,5558
 1162,12752.032,10.872,5558
 1163,12764.706,12.673,5558
 1164,12774.734,10.029,5558
 1165,12786.176,11.441,5558
 1166,12796.793,10.617,5558
 1167,12807.862,11.070,5558
 1168,12818.605,10.743,5558
 1169,12830.096,11.490,5558
 1170,12840.733,10.638,5558
 1171,12852.790,12.056,5558
 1172,12864.635,11.845,5558
 1173,12875.033,10.399,5558
 1174,12886.780,11.747,5558
 1175,12898.297,11.516,5558
 1176,12907.728, 9.431,5558
 1177,12919.514,11.786,5558
 1178,12930.329,10.815,5558
 1179,12941.469,11.140,5558
 1180,12952.588,11.119,5558
 1181,12963.778,11.191,5558
 1182,12975.306,11.527,5558
 1183,12987.556,12.250,5558
 1184,12997.588,10.032,5558
 1185,13008.430,10.842,5558
 1186,13019.863,11.434,5558
 1187,13030.528,10.665,5558
 1188,13042.084,11.555,5558
 1189,13053.728,11.644,5558
 1190,13064.571,10.844,5558
 1191,13075.686,11.114,5558
 1192,13086.383,10.697,5558
 1193,13098.659,12.277,5558
 1194,13109.520,10.860,5558
 1195,13120.337,10.817,5558
 1196,13131.342,11.005,5558
 1197,13143.025,11.684,5558
 1198,13154.548,11.522,5558
 1199,13165.356,10.809,5558
 1200,13177.126,11.769,5558
 1201,13188.122,10.996,5558
 1202,13199.500,11.378,5558
 1203,13211.617,12.118,5558
 1204,13222.381,10.763,5558
 1205,13233.566,11.186,5558
 1206,13245.283,11.717,5558
 1207,13261.330,16.046,5558
 1208,13273.108,11.779,5558
 1209,13284.358,11.250,5558
 1210,13295.962,11.603,5558
 1211,13306.773,10.812,5558
 1212,13318.216,11.442,5558
 1213,13329.488,11.273,5558
 1214,13340.325,10.837,5558
 1215,13352.354,12.029,5558
 1216,13363.344,10.989,5558
 1217,13374.425,11.081,5558
 1218,13385.875,11.450,5558
 1219,13396.791,10.916,5558
 1220,13408.123,11.332,5558
 1221,13417.822, 9.700,5558
 1222,13428.654,10.832,5558
 1223,13438.563, 9.908,5558
 1224,13448.560, 9.997,5558
 1225,13459.471,10.911,5558
 1226,13470.848,11.377,5558
 1227,13482.851,12.003,5558
 1228,13493.812,10.961,5558
 1229,13504.858,11.047,5558
 1230,13515.950,11.092,5558
 1231,13527.238,11.288,5558
 1232,13538.313,11.075,5558
 1233,13550.321,12.008,5558
 1234,13561.123,10.801,5558
 1235,13572.805,11.682,5558
 1236,13584.478,11.673,5558
 1237,13595.914,11.436,5558
 1238,13607.104,11.190,5558
 1239,13618.121,11.017,5558
 1240,13629.811,11.690,5558
 1241,13642.150,12.340,5558
 1242,13653.802,11.651,5558
 1243,13664.334,10.532,5558
 1244,13676.047,11.713,5558
 1245,13686.748,10.701,5558
 1246,13698.190,11.443,5558
 1247,13710.114,11.924,5558
 1248,13720.525,10.411,5558
 1249,13732.383,11.857,5558
 1250,13744.489,12.107,5558
 1251,13755.288,10.798,5558
 1252,13767.423,12.135,5558
 1253,13779.838,12.415,5558
 1254,13790.276,10.439,5558
 1255,13802.886,12.609,5558
 1256,13814.046,11.160,5558
 1257,13825.524,11.479,5558
 1258,13836.184,10.659,5558
 1259,13849.658,13.475,5558
 1260,13860.086,10.427,5558
 1261,13871.209,11.123,5558
 1262,13882.486,11.278,5558
 1263,13893.250,10.763,5558
 1264,13904.875,11.625,5558
 1265,13917.027,12.153,5558
 1266,13927.919,10.891,5558
 1267,13939.208,11.289,5558
 1268,13950.335,11.127,5558
 1269,13961.876,11.541,5558
 1270,13973.661,11.785,5558
 1271,13985.502,11.841,5558
 1272,13997.835,12.333,5558
 1273,14009.273,11.439,5558
 1274,14020.351,11.077,5558
 1275,14032.117,11.767,5558
 1276,14044.251,12.133,5558
 1277,14056.108,11.858,5558
 1278,14067.833,11.724,5558
 1279,14078.415,10.582,5558
 1280,14090.334,11.919,5558
 1281,14102.678,12.344,5558
 1282,14114.421,11.743,5558
 1283,14125.287,10.866,5558
 1284,14136.683,11.396,5558
 1285,14148.391,11.708,5558
 1286,14159.526,11.136,5558
 1287,14172.016,12.489,5558
 1288,14182.766,10.750,5558
 1289,14193.580,10.814,5558
 1290,14204.811,11.231,5558
 1291,14217.024,12.214,5558
 1292,14227.761,10.736,5558
 1293,14239.162,11.401,5558
 1294,14251.079,11.917,5558
 1295,14262.927,11.848,5558
 1296,14274.615,11.689,5558
 1297,14285.905,11.290,5558
 1298,14297.763,11.857,5558
 1299,14309.710,11.947,5558
 1300,14320.313,10.603,5558
 1301,14332.384,12.071,5558
 1302,14343.894,11.510,5558
 1303,14355.978,12.084,5558
 1304,14366.857,10.880,5558
 1305,14379.543,12.685,5558
 1306,14390.506,10.963,5558
 1307,14401.514,11.008,5558
 1308,14412.441,10.928,5558
 1309,14424.970,12.528,5558
 1310,14436.938,11.968,5558
 1311,14448.272,11.335,5558
 1312,14458.844,10.571,5558
 1313,14469.699,10.856,5558
 1314,14481.547,11.847,5558
 1315,14494.060,12.513,5558
 1316,14504.228,10.168,5558
 1317,14515.882,11.654,5558
 1318,14526.854,10.972,5558
 1319,14539.305,12.451,5558
 1320,14550.318,11.014,5558
 1321,14562.039,11.720,5558
 1322,14572.813,10.774,5558
 1323,14584.854,12.042,5558
 1324,14596.529,11.675,5558
 1325,14608.097,11.567,5558
 1326,14619.311,11.214,5558
 1327,14630.886,11.575,5558
 1328,14642.376,11.490,5558
 1329,14653.866,11.491,5558
 1330,14664.945,11.079,5558
 1331,14676.636,11.690,5558
 1332,14688.708,12.072,5558
 1333,14700.675,11.967,5558
 1334,14711.502,10.827,5558
 1335,14722.799,11.297,5558
 1336,14734.996,12.197,5558
 1337,14746.390,11.394,5558
 1338,14757.071,10.682,5558
 1339,14769.396,12.325,5558
 1340,14780.016,10.619,5558
 1341,14791.426,11.410,5558
 1342,14803.278,11.853,5558
 1343,14814.914,11.635,5558
 1344,14827.732,12.819,5558
 1345,14840.124,12.391,5558
 1346,14850.571,10.448,5558
 1347,14861.228,10.656,5558
 1348,14871.816,10.589,5558
 1349,14883.535,11.718,5558
 1350,14895.563,12.028,5558
 1351,14908.036,12.473,5558
 1352,14918.822,10.787,5558
 1353,14930.945,12.123,5558
 1354,14941.918,10.972,5558
 1355,14953.715,11.797,5558
 1356,14965.281,11.567,5558
 1357,14977.277,11.996,5558
 1358,14988.627,11.349,5558
 1359,14999.992,11.365,5558
 1360,15011.146,11.155,5558
 1361,15022.411,11.264,5558
 1362,15033.701,11.290,5558
 1363,15045.798,12.097,5558
 1364,15056.965,11.167,5558
 1365,15068.726,11.761,5558
 1366,15080.035,11.309,5558
 1367,15091.589,11.554,5558
 1368,15103.227,11.638,5558
 1369,15114.499,11.272,5558
 1370,15126.148,11.650,5558
 1371,15137.178,11.029,5558
 1372,15148.731,11.554,5558
 1373,15159.946,11.215,5558
 1374,15171.479,11.532,5558
 1375,15183.246,11.767,5558
 1376,15193.882,10.636,5558
 1377,15205.895,12.013,5558
 1378,15217.410,11.515,5558
 1379,15230.821,13.412,5558
 1380,15242.632,11.810,5558
 1381,15254.619,11.987,5558
 1382,15266.185,11.566,5558
 1383,15277.214,11.029,5558
 1384,15288.168,10.954,5558
 1385,15299.163,10.995,5558
 1386,15310.138,10.975,5558
 1387,15321.847,11.709,5558
 1388,15333.534,11.687,5558
 1389,15346.255,12.721,5558
 1390,15358.530,12.276,5558
 1391,15369.349,10.818,5558
 1392,15380.246,10.897,5558
 1393,15391.388,11.142,5558
 1394,15402.270,10.882,5558
 1395,15413.394,11.124,5558
 1396,15425.280,11.887,5558
 1397,15436.701,11.420,5558
 1398,15448.093,11.392,5558
 1399,15460.109,12.017,5558
 1400,15470.928,10.818,5558
 1401,15483.548,12.620,5558
 1402,15494.548,11.000,5558
 1403,15505.870,11.322,5558
 1404,15517.236,11.367,5558
 1405,15527.877,10.640,5558
 1406,15539.395,11.518,5558
 1407,15551.288,11.893,5558
 1408,15562.592,11.304,5558
 1409,15574.024,11.433,5558
 1410,15585.348,11.323,5558
 1411,15596.372,11.024,5558
 1412,15608.450,12.078,5558
 1413,15620.977,12.527,5558
 1414,15632.599,11.622,5558
 1415,15643.900,11.302,5558
 1416,15655.285,11.384,5558
 1417,15666.439,11.155,5558
 1418,15678.221,11.781,5558
 1419,15688.940,10.720,5558
 1420,15701.104,12.163,5558
 1421,15711.914,10.810,5558
 1422,15723.750,11.836,5558
 1423,15734.967,11.217,5558
 1424,15746.188,11.221,5558
 1425,15758.915,12.727,5558
 1426,15769.648,10.734,5558
 1427,15780.933,11.284,5558
 1428,15791.984,11.052,5558
 1429,15803.791,11.806,5558
 1430,15815.194,11.404,5558
 1431,15827.061,11.866,5558
 1432,15838.154,11.094,5558
 1433,15848.771,10.616,5558
 1434,15861.436,12.665,5558
 1435,15873.482,12.047,5558
 1436,15885.263,11.780,5558
 1437,15896.885,11.622,5558
 1438,15907.474,10.589,5558
 1439,15918.137,10.663,5558
 1440,15929.546,11.409,5558
 1441,15941.148,11.603,5558
 1442,15952.017,10.868,5558
 1443,15963.698,11.681,5558
 1444,15976.285,12.587,5558
 1445,15987.758,11.473,5558
 1446,15998.676,10.918,5558
 1447,16010.830,12.154,5558
 1448,16022.387,11.557,5558
 1449,16033.766,11.379,5558
 1450,16043.741, 9.975,5558
 1451,16055.203,11.462,5558
 1452,16065.752,10.549,5558
 1453,16077.933,12.181,5558
 1454,16089.090,11.157,5558
 1455,16100.182,11.092,5558
 1456,16111.320,11.139,5558
 1457,16122.953,11.632,5558
 1458,16134.172,11.219,5558
 1459,16145.211,11.039,5558
 1460,16156.766,11.555,5558
 1461,16167.945,11.180,5558
 1462,16179.034,11.088,5558
 1463,16190.532,11.498,5558
 1464,16201.597,11.065,5558
 1465,16212.992,11.395,5558
 1466,16224.179,11.187,5558
 1467,16235.517,11.338,5558
 1468,16246.355,10.839,5558
 1469,16257.785,11.429,5558
 1470,16269.505,11.720,5558
 1471,16282.492,12.987,5558
 1472,16293.221,10.729,5558
 1473,16304.361,11.141,5558
 1474,16314.856,10.495,5558
 1475,16326.544,11.687,5558
 1476,16338.578,12.034,5558
 1477,16349.273,10.696,5558
 1478,16361.170,11.896,5558
 1479,16371.544,10.374,5558
 1480,16383.282,11.738,5558
 1481,16395.951,12.670,5558
 1482,16408.086,12.134,5558
 1483,16420.535,12.450,5558
 1484,16431.607,11.072,5558
 1485,16441.971,10.363,5558
 1486,16451.711, 9.741,5558
 1487,16464.439,12.727,5558
 1488,16476.297,11.859,5558
 1489,16488.924,12.627,5558
 1490,16500.826,11.902,5558
 1491,16513.180,12.352,5558
 1492,16525.162,11.983,5558
 1493,16536.828,11.666,5558
 1494,16548.729,11.901,5558
 1495,16561.736,13.007,5558
 1496,16575.055,13.319,5558
 1497,16587.576,12.521,5558
 1498,16601.041,13.466,5558
 1499,16613.281,12.240,5558
 1500,16623.941,10.659,5558
 1501,16635.273,11.332,5558
 1502,16646.844,11.570,5558
 1503,16658.205,11.362,5558
 1504,16669.195,10.991,5558
 1505,16679.422,10.226,5558
 1506,16689.918,10.496,5558
 1507,16701.311,11.393,5558
 1508,16711.412,10.102,5558
 1509,16722.525,11.113,5558
 1510,16733.139,10.612,5558
 1511,16744.119,10.982,5558
 1512,16754.531,10.411,5558
 1513,16764.705,10.175,5558
 1514,16774.227, 9.521,5558
 1515,16784.924,10.698,5558
 1516,16795.719,10.794,5558
 1517,16807.383,11.664,5558
 1518,16818.969,11.585,5558
 1519,16830.549,11.582,5558
 1520,16840.693,10.142,5558
 1521,16851.389,10.696,5558
 1522,16862.977,11.590,5558
 1523,16874.018,11.038,5558
 1524,16884.605,10.589,5558
 1525,16896.408,11.803,5558
 1526,16906.818,10.411,5558
 1527,16918.393,11.575,5558
 1528,16930.156,11.763,5558
 1529,16940.961,10.803,5558
 1530,16951.328,10.370,5558
 1531,16962.969,11.639,5558
 1532,16973.084,10.115,5558
 1533,16985.234,12.151,5558
 1534,16996.334,11.100,5558
 1535,17006.732,10.399,5558
 1536,17018.168,11.435,5558
 1537,17029.975,11.806,5558
 1538,17041.104,11.128,5558
 1539,17051.969,10.867,5558
 1540,17063.021,11.052,5558
 1541,17073.707,10.685,5558
 1542,17084.807,11.100,5558
 1543,17096.064,11.259,5558
 1544,17106.916,10.852,5558
 1545,17118.469,11.550,5558
 1546,17128.973,10.504,5558
 1547,17140.021,11.049,5558
 1548,17151.629,11.609,5558
 1549,17162.555,10.925,5558
 1550,17174.127,11.572,5558
 1551,17185.744,11.618,5558
 1552,17196.373,10.629,5558
 1553,17209.053,12.678,5558
 1554,17219.656,10.604,5558
 1555,17230.365,10.710,5558
 1556,17242.334,11.969,5558
 1557,17253.287,10.952,5558
 1558,17263.332,10.045,5558
 1559,17275.396,12.066,5558
 1560,17286.203,10.805,5558
 1561,17298.098,11.895,5558
 1562,17308.824,10.728,5558
 1563,17319.689,10.863,5558
 1564,17329.938,10.249,5558
 1565,17341.701,11.762,5558
 1566,17353.496,11.798,5558
 1567,17365.080,11.582,5558
 1568,17376.199,11.119,5558
 1569,17387.715,11.516,5558
 1570,17398.293,10.578,5558
 1571,17408.426,10.132,5558
 1572,17420.354,11.928,5558
 1573,17431.262,10.907,5558
 1574,17442.465,11.206,5558
 1575,17453.217,10.752,5558
 1576,17464.408,11.191,5558
 1577,17475.180,10.770,5558
 1578,17486.750,11.572,5558
 1579,17497.900,11.149,5558
 1580,17507.857, 9.957,5558
 1581,17519.178,11.319,5558
 1582,17529.748,10.574,5558
 1583,17541.162,11.413,5558
 1584,17551.461,10.299,5558
 1585,17563.506,12.045,5558
 1586,17573.797,10.291,5558
 1587,17585.633,11.836,5558
 1588,17595.891,10.257,5558
 1589,17608.145,12.253,5558
 1590,17618.225,10.082,5558
 1591,17628.908,10.683,5558
 1592,17640.162,11.254,5558
 1593,17650.930,10.766,5558
 1594,17661.889,10.960,5558
 1595,17673.889,12.001,5558
 1596,17683.496, 9.606,5558
 1597,17695.203,11.707,5558
 1598,17705.795,10.592,5558
 1599,17717.793,11.998,5558
 1600,17728.621,10.829,5558
 1601,17739.607,10.985,5558
 1602,17750.113,10.505,5558
 1603,17761.357,11.244,5558
 1604,17772.262,10.904,5558
 1605,17783.209,10.950,5558
 1606,17793.828,10.619,5558
 1607,17804.854,11.024,5558
 1608,17815.201,10.348,5558
 1609,17826.480,11.281,5558
 1610,17837.410,10.929,5558
 1611,17848.178,10.766,5558
 1612,17859.168,10.991,5558
 1613,17870.816,11.649,5558
 1614,17882.088,11.271,5558
 1615,17892.465,10.377,5558
 1616,17903.588,11.123,5558
 1617,17914.645,11.056,5558
 1618,17924.688,10.043,5558
 1619,17935.945,11.257,5558
 1620,17946.529,10.584,5558
 1621,17957.865,11.336,5558
 1622,17969.602,11.738,5558
 1623,17980.113,10.511,5558
 1624,17992.102,11.987,5558
 1625,18003.900,11.802,5558
 1626,18015.186,11.282,5558
 1627,18024.854, 9.669,5558
 1628,18035.236,10.384,5558
 1629,18046.453,11.216,5558
 1630,18056.557,10.105,5558
 1631,18067.750,11.193,5558
 1632,18079.316,11.565,5558
 1633,18090.764,11.447,5558
 1634,18101.541,10.777,5558
 1635,18112.039,10.499,5558
 1636,18121.973, 9.933,5558
 1637,18133.664,11.692,5558
 1638,18143.396, 9.733,5558
 1639,18154.789,11.393,5558
 1640,18165.297,10.507,5558
 1641,18177.018,11.720,5558
 1642,18187.992,10.975,5558
 1643,18199.186,11.193,5558
 1644,18209.396,10.213,5558
 1645,18220.412,11.015,5558
 1646,18231.535,11.122,5558
 1647,18242.664,11.130,5558
 1648,18252.809,10.145,5558
 1649,18264.076,11.266,5558
 1650,18274.633,10.557,5558
 1651,18285.889,11.257,5558
 1652,18296.070,10.181,5558
 1653,18307.648,11.579,5558
 1654,18318.160,10.510,5558
 1655,18329.008,10.847,5558
 1656,18339.564,10.557,5558
 1657,18350.930,11.364,5558
 1658,18362.033,11.105,5558
 1659,18373.004,10.971,5558
 1660,18383.637,10.633,5558
 1661,18393.926,10.289,5558
 1662,18406.053,12.126,5558
 1663,18416.197,10.145,5558
 1664,18426.064, 9.869,5558
 1665,18437.168,11.103,5558
 1666,18448.377,11.207,5558
 1667,18458.266, 9.888,5558
 1668,18469.164,10.901,5558
 1669,18479.920,10.756,5558
 1670,18491.305,11.384,5558
 1671,18501.877,10.572,5558
 1672,18513.057,11.180,5558
 1673,18523.914,10.858,5558
 1674,18535.572,11.659,5558
 1675,18545.557, 9.983,5558
 1676,18556.688,11.130,5558
 1677,18567.602,10.915,5558
 1678,18578.203,10.601,5558
 1679,18589.248,11.045,5558
 1680,18599.717,10.470,5558
 1681,18610.857,11.140,5558
 1682,18621.273,10.416,5558
 1683,18632.584,11.310,5558
 1684,18643.303,10.719,5558
 1685,18653.869,10.567,5558
 1686,18664.021,10.151,5558
 1687,18676.008,11.986,5558
 1688,18686.125,10.119,5558
 1689,18697.045,10.919,5558
 1690,18707.496,10.452,5558
 1691,18718.590,11.092,5558
 1692,18730.189,11.599,5558
 1693,18740.133, 9.945,5558
 1694,18750.148,10.017,5558
 1695,18761.818,11.669,5558
 1696,18772.006,10.185,5558
 1697,18783.877,11.874,5558
 1698,18794.584,10.708,5558
 1699,18805.400,10.816,5558
 1700,18815.137, 9.735,5558
 1701,18825.967,10.830,5558
 1702,18837.328,11.361,5558
 1703,18848.344,11.015,5558
 1704,18859.117,10.773,5558
 1705,18869.914,10.799,5558
 1706,18881.385,11.469,5558
 1707,18892.326,10.943,5558
 1708,18902.619,10.292,5558
 1709,18913.543,10.924,5558
 1710,18924.289,10.746,5558
 1711,18934.945,10.657,5558
 1712,18945.715,10.769,5558
 1713,18955.893,10.177,5558
 1714,18967.023,11.131,5558
 1715,18977.732,10.709,5558
 1716,18988.098,10.364,5558
 1717,18999.943,11.847,5558
 1718,19010.324,10.383,5558
 1719,19021.221,10.896,5558
 1720,19031.574,10.353,5558
 1721,19042.773,11.197,5558
 1722,19052.912,10.140,5558
 1723,19064.510,11.596,5558
 1724,19075.416,10.908,5558
 1725,19086.441,11.025,5558
 1726,19097.242,10.802,5558
 1727,19108.279,11.036,5558
 1728,19118.629,10.349,5558
 1729,19129.316,10.688,5558
 1730,19140.566,11.251,5558
 1731,19151.861,11.294,5558
 1732,19161.887,10.026,5558
 1733,19172.807,10.920,5558
 1734,19184.197,11.389,5558
 1735,19194.590,10.394,5558
 1736,19204.885,10.294,5558
 1737,19215.676,10.791,5558
 1738,19225.783,10.108,5558
 1739,19237.320,11.537,5558
 1740,19247.557,10.236,5558
 1741,19257.971,10.415,5558
 1742,19269.613,11.643,5558
 1743,19280.053,10.438,5558
 1744,19291.785,11.734,5558
 1745,19301.674, 9.887,5558
 1746,19312.984,11.313,5558
 1747,19323.480,10.496,5558
 1748,19335.938,12.454,5558
 1749,19345.928, 9.991,5558
 1750,19356.338,10.409,5558
 1751,19367.305,10.970,5558
 1752,19377.850,10.543,5558
 1753,19388.912,11.063,5558
 1754,19398.969,10.058,5558
 1755,19410.273,11.304,5558
 1756,19420.252, 9.979,5558
 1757,19431.723,11.470,5558
 1758,19442.357,10.633,5558
 1759,19453.492,11.136,5558
 1760,19463.938,10.444,5558
 1761,19475.205,11.269,5558
 1762,19485.273,10.067,5558
 1763,19495.953,10.681,5558
 1764,19506.094,10.140,5558
 1765,19517.416,11.323,5558
 1766,19527.857,10.440,5558
 1767,19538.725,10.869,5558
 1768,19548.906,10.182,5558
 1769,19561.061,12.154,5558
 1770,19571.174,10.113,5558
 1771,19582.793,11.620,5558
 1772,19594.227,11.433,5558
 1773,19604.768,10.540,5558
 1774,19615.041,10.273,5558
 1775,19626.887,11.847,5558
 1776,19637.277,10.389,5558
 1777,19647.484,10.208,5558
 1778,19658.348,10.863,5558
 1779,19669.912,11.566,5558
 1780,19679.098, 9.184,5558
 1781,19691.156,12.060,5558
 1782,19700.676, 9.518,5558
 1783,19712.000,11.326,5558
 1784,19722.621,10.619,5558
 1785,19733.621,11.002,5558
 1786,19744.328,10.708,5558
 1787,19755.211,10.881,5558
 1788,19765.615,10.404,5558
 1789,19777.271,11.656,5558
 1790,19786.643, 9.372,5558
 1791,19798.389,11.747,5558
 1792,19808.777,10.387,5558
 1793,19819.926,11.149,5558
 1794,19830.484,10.560,5558
 1795,19841.521,11.034,5558
 1796,19852.721,11.200,5558
 1797,19864.592,11.871,5558
 1798,19874.607,10.016,5558
 1799,19886.076,11.470,5558
 1800,19896.488,10.412,5558
 1801,19906.961,10.471,5558
 1802,19917.645,10.685,5558
 1803,19928.613,10.967,5558
 1804,19939.289,10.678,5558
 1805,19950.324,11.036,5558
 1806,19960.857,10.531,5558
 1807,19971.512,10.654,5558
 1808,19983.488,11.977,5558
 1809,19993.529,10.040,5558
 1810,20004.633,11.106,5558
 1811,20014.465, 9.830,5558
 1812,20025.705,11.241,5558
 1813,20036.379,10.674,5558
 1814,20047.674,11.295,5558
 1815,20058.754,11.079,5558
 1816,20068.824,10.073,5558
 1817,20079.029,10.202,5558
 1818,20089.195,10.167,5558
 1819,20100.232,11.039,5558
 1820,20111.061,10.827,5558
 1821,20121.553,10.493,5558
 1822,20131.896,10.344,5558
 1823,20143.078,11.181,5558
 1824,20153.457,10.379,5558
 1825,20164.434,10.974,5558
 1826,20175.729,11.297,5558
 1827,20186.309,10.580,5558
 1828,20198.492,12.185,5558
 1829,20208.217, 9.722,5558
 1830,20219.916,11.701,5558
 1831,20230.637,10.721,5558
 1832,20241.469,10.830,5558
 1833,20252.313,10.846,5558
 1834,20262.799,10.485,5558
 1835,20273.732,10.933,5558
 1836,20284.129,10.398,5558
 1837,20295.320,11.192,5558
 1838,20305.361,10.040,5558
 1839,20316.533,11.170,5558
 1840,20327.332,10.802,5558
 1841,20338.373,11.040,5558
 1842,20349.209,10.834,5558
 1843,20359.641,10.433,5558
 1844,20371.816,12.177,5558
 1845,20381.678, 9.860,5558
 1846,20391.781,10.103,5558
 1847,20403.268,11.486,5558
 1848,20412.781, 9.514,5558
 1849,20424.941,12.161,5558
 1850,20434.732, 9.792,5558
 1851,20446.197,11.463,5558
 1852,20456.029, 9.832,5558
 1853,20467.385,11.356,5558
 1854,20478.025,10.639,5558
 1855,20489.156,11.132,5558
 1856,20499.369,10.212,5558
 1857,20510.260,10.891,5558
 1858,20520.607,10.348,5558
 1859,20531.533,10.926,5558
 1860,20542.830,11.298,5558
 1861,20553.209,10.378,5558
 1862,20564.809,11.600,5558
 1863,20575.518,10.707,5558
 1864,20586.426,10.910,5558
 1865,20597.271,10.845,5558
 1866,20608.229,10.959,5558
 1867,20618.936,10.705,5558
 1868,20628.984,10.050,5558
 1869,20640.367,11.382,5558
 1870,20650.021, 9.654,5558
 1871,20661.463,11.442,5558
 1872,20671.553,10.089,5558
 1873,20682.432,10.879,5558
 1874,20693.320,10.889,5558
 1875,20703.781,10.462,5558
 1876,20714.178,10.394,5558
 1877,20725.809,11.633,5558
 1878,20736.801,10.992,5558
 1879,20746.980,10.179,5558
 1880,20757.549,10.570,5558
 1881,20769.984,12.435,5558
 1882,20779.461, 9.477,5558
 1883,20790.521,11.058,5558
 1884,20800.754,10.232,5558
 1885,20812.264,11.511,5558
 1886,20823.178,10.914,5558
 1887,20834.521,11.344,5558
 1888,20845.232,10.711,5558
 1889,20857.207,11.975,5558
 1890,20867.363,10.156,5558
 1891,20878.541,11.178,5558
 1892,20888.816,10.275,5558
 1893,20900.160,11.346,5558
 1894,20911.283,11.121,5558
 1895,20922.434,11.149,5558
 1896,20932.896,10.464,5558
 1897,20944.164,11.268,5558
 1898,20954.469,10.304,5558
 1899,20965.865,11.396,5558
 1900,20976.289,10.424,5558
 1901,20988.496,12.210,5558
 1902,20997.506, 9.008,5558
 1903,21009.148,11.644,5558
 1904,21019.525,10.376,5558
 1905,21030.617,11.090,5558
 1906,21041.439,10.823,5558
 1907,21052.508,11.068,5558
 1908,21063.430,10.923,5558
 1909,21074.914,11.485,5558
 1910,21084.438, 9.522,5558
 1911,21096.205,11.767,5558
 1912,21106.652,10.448,5558
 1913,21117.029,10.377,5558
 1914,21128.682,11.652,5558
 1915,21140.486,11.806,5558
 1916,21151.828,11.341,5558
 1917,21162.633,10.805,5558
 1918,21173.557,10.924,5558
 1919,21184.121,10.565,5558
 1920,21194.867,10.745,5558
 1921,21205.377,10.510,5558
 1922,21216.082,10.706,5558
 1923,21226.953,10.869,5558
 1924,21237.504,10.551,5558
 1925,21248.537,11.033,5558
 1926,21259.758,11.222,5558
 1927,21270.770,11.011,5558
 1928,21281.373,10.604,5558
 1929,21292.326,10.954,5558
 1930,21302.346,10.019,5558
 1931,21313.330,10.985,5558
 1932,21323.389,10.057,5558
 1933,21335.748,12.360,5558
 1934,21345.453, 9.705,5558
 1935,21356.041,10.587,5558
 1936,21367.285,11.245,5558
 1937,21378.492,11.209,5558
 1938,21388.602,10.106,5558
 1939,21400.041,11.441,5558
 1940,21410.066,10.026,5558
 1941,21421.396,11.330,5558
 1942,21431.822,10.426,5558
 1943,21443.188,11.364,5558
 1944,21455.076,11.890,5558
 1945,21466.268,11.190,5558
 1946,21476.850,10.581,5558
 1947,21487.822,10.975,5558
 1948,21497.389, 9.566,5558
 1949,21508.893,11.504,5558
 1950,21519.139,10.246,5558
 1951,21530.994,11.856,5558
 1952,21542.492,11.497,5558
 1953,21552.758,10.266,5558
 1954,21563.326,10.569,5558
 1955,21575.207,11.880,5558
 1956,21586.061,10.854,5558
 1957,21596.547,10.486,5558
 1958,21607.258,10.709,5558
 1959,21618.615,11.359,5558
 1960,21630.156,11.541,5558
 1961,21640.506,10.350,5558
 1962,21651.672,11.165,5558
 1963,21661.637, 9.966,5558
 1964,21672.879,11.242,5558
 1965,21683.857,10.977,5558
 1966,21694.178,10.322,5558
 1967,21705.543,11.365,5558
 1968,21716.092,10.548,5558
 1969,21727.156,11.067,5558
 1970,21738.133,10.974,5558
 1971,21749.494,11.363,5558
 1972,21759.912,10.418,5558
 1973,21770.982,11.070,5558
 1974,21782.207,11.224,5558
 1975,21793.375,11.168,5558
 1976,21803.320, 9.946,5558
 1977,21815.293,11.972,5558
 1978,21825.307,10.014,5558
 1979,21835.797,10.490,5558
 1980,21846.947,11.150,5558
 1981,21857.793,10.847,5558
 1982,21868.619,10.825,5558
 1983,21880.422,11.801,5558
 1984,21890.666,10.246,5558
 1985,21901.652,10.987,5558
 1986,21912.033,10.379,5558
 1987,21923.029,10.997,5558
 1988,21934.068,11.040,5558
 1989,21945.281,11.211,5558
 1990,21955.723,10.443,5558
 1991,21966.994,11.272,5558
 1992,21976.762, 9.765,5558
 1993,21988.797,12.036,5558
 1994,21999.303,10.507,5558
 1995,22010.283,10.980,5558
 1996,22020.744,10.461,5558
 1997,22031.338,10.592,5558
 1998,22043.027,11.691,5558
 1999,22053.678,10.649,5558
 2000,22064.314,10.639,5558
 2001,22075.619,11.304,5558
 2002,22086.229,10.611,5558
 2003,22097.729,11.498,5558
 2004,22108.438,10.708,5558
 2005,22120.328,11.892,5558
 2006,22131.545,11.216,5558
 2007,22141.277, 9.732,5558
 2008,22151.781,10.505,5558
 2009,22162.443,10.662,5558
 2010,22173.801,11.357,5558
 2011,22185.221,11.420,5558
 2012,22195.381,10.162,5558
 2013,22206.543,11.161,5558
 2014,22217.670,11.127,5558
 2015,22229.541,11.871,5558
 2016,22240.160,10.620,5558
 2017,22250.576,10.415,5558
 2018,22261.434,10.858,5558
 2019,22272.273,10.839,5558
 2020,22283.049,10.775,5558
 2021,22293.773,10.726,5558
 2022,22306.141,12.368,5558
 2023,22317.797,11.655,5558
 2024,22327.789, 9.991,5558
 2025,22338.961,11.173,5558
 2026,22349.553,10.592,5558
 2027,22359.996,10.445,5558
 2028,22371.047,11.049,5558
 2029,22381.965,10.918,5558
 2030,22392.693,10.728,5558
 2031,22404.273,11.581,5558
 2032,22414.932,10.657,5558
 2033,22426.918,11.987,5558
 2034,22437.928,11.009,5558
 2035,22449.107,11.180,5558
 2036,22460.311,11.204,5558
 2037,22471.584,11.272,5558
 2038,22481.834,10.249,5558
 2039,22493.922,12.088,5558
 2040,22504.412,10.494,5558
 2041,22515.377,10.962,5558
 2042,22526.064,10.690,5558
 2043,22537.809,11.743,5558
 2044,22548.256,10.446,5558
 2045,22559.082,10.825,5558
 2046,22569.945,10.866,5558
 2047,22580.750,10.802,5558
 2048,22592.504,11.755,5558
 2049,22603.342,10.838,5558
 2050,22614.342,11.001,5558
 2051,22625.791,11.449,5558
 2052,22636.881,11.090,5558
 2053,22647.969,11.089,5558
 2054,22659.721,11.752,5558
 2055,22670.094,10.372,5558
 2056,22681.010,10.914,5558
 2057,22691.869,10.862,5558
 2058,22704.090,12.220,5558
 2059,22715.016,10.925,5558
 2060,22724.988, 9.973,5558
 2061,22736.570,11.583,5558
 2062,22747.316,10.745,5558
 2063,22758.824,11.510,5558
 2064,22770.271,11.445,5558
 2065,22781.266,10.994,5558
 2066,22791.926,10.659,5558
 2067,22803.693,11.770,5558
 2068,22815.156,11.462,5558
 2069,22826.488,11.333,5558
 2070,22836.945,10.455,5558
 2071,22849.201,12.258,5558
 2072,22859.807,10.605,5558
 2073,22871.621,11.815,5558
 2074,22882.338,10.715,5558
 2075,22893.920,11.582,5558
 2076,22904.568,10.650,5558
 2077,22915.152,10.583,5558
 2078,22926.576,11.425,5558
 2079,22938.377,11.800,5558
 2080,22949.727,11.350,5558
 2081,22962.313,12.586,5558
 2082,22972.145, 9.832,5558
 2083,22983.531,11.386,5558
 2084,22994.129,10.598,5558
 2085,23005.236,11.108,5558
 2086,23016.525,11.287,5558
 2087,23027.908,11.386,5558
 2088,23039.012,11.101,5558
 2089,23051.076,12.066,5558
 2090,23061.279,10.202,5558
 2091,23072.354,11.075,5558
 2092,23083.250,10.895,5558
 2093,23096.445,13.195,5558
 2094,23106.121, 9.677,5558
 2095,23117.473,11.351,5558
 2096,23128.852,11.379,5558
 2097,23139.889,11.037,5558
 2098,23151.900,12.012,5558
 2099,23162.313,10.414,5558
 2100,23173.641,11.326,5558
 2101,23184.967,11.327,5558
 2102,23196.570,11.604,5558
 2103,23208.744,12.174,5558
 2104,23218.414, 9.669,5558
 2105,23230.283,11.869,5558
 2106,23240.875,10.592,5558
 2107,23253.303,12.428,5558
 2108,23264.313,11.011,5558
 2109,23274.941,10.626,5558
 2110,23286.230,11.291,5558
 2111,23297.039,10.808,5558
 2112,23307.877,10.837,5558
 2113,23319.740,11.866,5558
 2114,23329.932,10.189,5558
 2115,23341.592,11.660,5558
 2116,23352.865,11.273,5558
 2117,23364.594,11.729,5558
 2118,23375.396,10.805,5558
 2119,23386.633,11.234,5558
 2120,23397.678,11.045,5558
 2121,23408.896,11.221,5558
 2122,23419.641,10.743,5558
 2123,23431.350,11.707,5558
 2124,23442.621,11.273,5558
 2125,23453.418,10.796,5558
 2126,23465.961,12.543,5558
 2127,23476.855,10.895,5558
 2128,23489.053,12.198,5558
 2129,23500.773,11.719,5558
 2130,23509.568, 8.796,5558
 2131,23521.314,11.747,5558
 2132,23532.488,11.173,5558
 2133,23543.842,11.353,5558
 2134,23554.686,10.845,5558
 2135,23565.256,10.569,5558
 2136,23577.584,12.328,5558
 2137,23588.789,11.207,5558
 2138,23599.861,11.070,5558
 2139,23611.236,11.378,5558
 2140,23622.316,11.080,5558
 2141,23633.641,11.324,5558
 2142,23644.701,11.058,5558
 2143,23656.063,11.363,5558
 2144,23667.496,11.432,5558
 2145,23677.969,10.475,5558
 2146,23689.871,11.901,5558
 2147,23701.625,11.754,5558
 2148,23711.951,10.326,5558
 2149,23723.041,11.091,5558
 2150,23734.104,11.061,5558
 2151,23745.834,11.731,5558
 2152,23757.133,11.299,5558
 2153,23769.168,12.034,5558
 2154,23780.426,11.258,5558
 2155,23791.438,11.011,5558
 2156,23802.166,10.728,5558
 2157,23814.002,11.838,5558
 2158,23825.012,11.009,5558
 2159,23835.902,10.892,5558
 2160,23847.141,11.238,5558
 2161,23858.293,11.151,5558
 2162,23870.857,12.565,5558
 2163,23881.857,11.000,5558
 2164,23892.561,10.705,5558
 2165,23904.477,11.916,5558
 2166,23915.863,11.385,5558
 2167,23926.426,10.562,5558
 2168,23937.645,11.221,5558
 2169,23948.838,11.192,5558
 2170,23960.232,11.396,5558
 2171,23971.029,10.794,5558
 2172,23981.750,10.721,5558
 2173,23993.057,11.307,5558
 2174,24004.320,11.266,5558
 2175,24015.924,11.601,5558
 2176,24027.041,11.117,5558
 2177,24038.783,11.743,5558
 2178,24049.607,10.824,5558
 2179,24061.711,12.104,5558
 2180,24072.137,10.426,5558
 2181,24084.488,12.353,5558
 2182,24094.816,10.326,5558
 2183,24106.434,11.618,5558
 2184,24117.225,10.790,5558
 2185,24129.193,11.970,5558
 2186,24139.998,10.803,5558
 2187,24151.674,11.676,5558
 2188,24162.498,10.825,5558
 2189,24174.281,11.782,5558
 2190,24185.793,11.512,5558
 2191,24196.422,10.629,5558
 2192,24208.043,11.622,5558
 2193,24219.018,10.975,5558
 2194,24230.275,11.257,5558
 2195,24242.463,12.188,5558
 2196,24253.082,10.618,5558
 2197,24264.320,11.241,5558
 2198,24275.180,10.857,5558
 2199,24286.598,11.419,5558
 2200,24297.297,10.699,5558
 2201,24308.701,11.403,5558
 2202,24319.697,10.997,5558
 2203,24332.189,12.491,5558
 2204,24342.393,10.206,5558
 2205,24353.480,11.086,5558
 2206,24364.492,11.013,5558
 2207,24376.629,12.136,5558
 2208,24386.918,10.288,5558
 2209,24397.717,10.801,5558
 2210,24409.248,11.529,5558
 2211,24420.055,10.808,5558
 2212,24431.697,11.641,5558
 2213,24443.205,11.509,5558
 2214,24453.564,10.359,5558
 2215,24465.873,12.308,5558
 2216,24476.246,10.373,5558
 2217,24487.334,11.088,5558
 2218,24498.350,11.016,5558
 2219,24510.010,11.660,5558
 2220,24520.313,10.303,5558
 2221,24531.781,11.468,5558
 2222,24542.961,11.182,5558
 2223,24554.289,11.327,5558
 2224,24564.609,10.319,5558
 2225,24576.281,11.674,5558
 2226,24587.156,10.875,5558
 2227,24598.430,11.271,5558
 2228,24609.463,11.035,5558
 2229,24621.537,12.075,5558
 2230,24631.994,10.454,5558
 2231,24644.166,12.172,5558
 2232,24654.814,10.651,5558
 2233,24666.152,11.337,5558
 2234,24677.523,11.371,5558
 2235,24688.199,10.676,5558
 2236,24699.445,11.245,5558
 2237,24710.322,10.879,5558
 2238,24721.758,11.434,5558
 2239,24732.713,10.955,5558
 2240,24744.846,12.132,5558
 2241,24755.602,10.758,5558
 2242,24766.025,10.423,5558
 2243,24777.316,11.291,5558
 2244,24788.709,11.394,5558
 2245,24800.000,11.289,5558
 2246,24811.162,11.162,5558
 2247,24822.533,11.371,5558
 2248,24834.045,11.512,5558
 2249,24845.064,11.022,5558
 2250,24856.441,11.374,5558
 2251,24867.939,11.499,5558
 2252,24878.797,10.858,5558
 2253,24891.514,12.717,5558
 2254,24901.354, 9.838,5558
 2255,24912.697,11.345,5558
 2256,24924.418,11.719,5558
 2257,24936.527,12.111,5558
 2258,24947.732,11.207,5558
 2259,24958.953,11.220,5558
 2260,24970.527,11.573,5558
 2261,24982.002,11.475,5558
 2262,24993.801,11.799,5558
 2263,25004.316,10.517,5558
 2264,25015.697,11.380,5558
 2265,25027.457,11.760,5558
 2266,25039.984,12.526,5558
 2267,25050.434,10.450,5558
 2268,25061.365,10.931,5558
 2269,25073.578,12.213,5558
 2270,25084.297,10.720,5558
 2271,25096.336,12.037,5558
 2272,25107.410,11.073,5558
 2273,25117.805,10.398,5558
 2274,25129.043,11.237,5558
 2275,25140.229,11.187,5558
 2276,25151.941,11.710,5558
 2277,25162.641,10.701,5558
 2278,25173.105,10.464,5558
 2279,25185.182,12.075,5558
 2280,25195.984,10.804,5558
 2281,25208.564,12.582,5558
 2282,25219.590,11.024,5558
 2283,25230.930,11.339,5558
 2284,25243.109,12.180,5558
 2285,25254.154,11.046,5558
 2286,25264.063, 9.908,5558
 2287,25276.773,12.711,5558
 2288,25288.469,11.696,5558
 2289,25298.844,10.373,5558
 2290,25309.713,10.870,5558
 2291,25321.666,11.952,5558
 2292,25333.197,11.531,5558
 2293,25345.170,11.973,5558
 2294,25355.941,10.773,5558
 2295,25367.047,11.105,5558
 2296,25378.758,11.709,5558
 2297,25390.938,12.180,5558
 2298,25401.596,10.659,5558
 2299,25412.516,10.920,5558
 2300,25425.316,12.802,5558
 2301,25436.033,10.717,5558
 2302,25446.469,10.434,5558
 2303,25457.809,11.341,5558
 2304,25468.896,11.088,5558
 2305,25480.104,11.206,5558
 2306,25491.633,11.531,5558
 2307,25503.529,11.895,5558
 2308,25514.400,10.871,5558
 2309,25525.963,11.563,5558
 2310,25536.809,10.845,5558
 2311,25547.830,11.020,5558
 2312,25560.104,12.275,5558
 2313,25571.338,11.235,5558
 2314,25582.465,11.127,5558
 2315,25593.244,10.778,5558
 2316,25604.750,11.506,5558
 2317,25616.477,11.728,5558
 2318,25628.166,11.689,5558
 2319,25639.484,11.320,5558
 2320,25650.713,11.228,5558
 2321,25661.602,10.887,5558
 2322,25672.906,11.306,5558
 2323,25684.777,11.871,5558
 2324,25696.594,11.815,5558
 2325,25707.746,11.152,5558
 2326,25718.893,11.148,5558
 2327,25730.594,11.699,5558
 2328,25740.633,10.041,5558
 2329,25752.801,12.168,5558
 2330,25763.629,10.829,5558
 2331,25775.076,11.445,5558
 2332,25785.889,10.813,5558
 2333,25797.094,11.204,5558
 2334,25809.938,12.845,5558
 2335,25820.215,10.278,5558
 2336,25831.947,11.732,5558
 2337,25842.949,11.002,5558
 2338,25853.453,10.505,5558
 2339,25865.342,11.887,5558
 2340,25877.633,12.293,5558
 2341,25888.469,10.834,5558
 2342,25898.754,10.286,5558
 2343,25911.125,12.371,5558
 2344,25922.400,11.277,5558
 2345,25934.598,12.194,5558
 2346,25945.305,10.708,5558
 2347,25957.678,12.374,5558
 2348,25969.285,11.607,5558
 2349,25981.521,12.235,5558
 2350,25991.193, 9.674,5558
 2351,26003.055,11.861,5558
 2352,26014.506,11.450,5558
 2353,26026.709,12.203,5558
 2354,26037.225,10.517,5558
 2355,26048.754,11.527,5558
 2356,26060.338,11.585,5558
 2357,26072.113,11.777,5558
 2358,26083.002,10.886,5558
 2359,26094.828,11.827,5558
 2360,26106.582,11.754,5558
 2361,26117.426,10.843,5558
 2362,26130.426,13.002,5558
 2363,26141.129,10.704,5558
 2364,26152.322,11.193,5558
 2365,26163.771,11.448,5558
 2366,26174.514,10.741,5558
 2367,26186.422,11.908,5558
 2368,26198.813,12.392,5558
 2369,26211.313,12.500,5558
 2370,26221.514,10.201,5558
 2371,26231.541,10.029,5558
 2372,26243.736,12.194,5558
 2373,26254.082,10.344,5558
 2374,26265.447,11.367,5558
 2375,26277.859,12.412,5558
 2376,26288.410,10.549,5558
 2377,26302.324,13.915,5558
 2378,26311.873, 9.549,5558
 2379,26322.289,10.418,5558
 2380,26333.861,11.570,5558
 2381,26344.609,10.750,5558
 2382,26357.320,12.712,5558
 2383,26368.484,11.163,5558
 2384,26378.258, 9.771,5558
 2385,26390.533,12.277,5558
 2386,26402.094,11.559,5558
 2387,26413.320,11.229,5558
 2388,26424.117,10.795,5558
 2389,26435.699,11.583,5558
 2390,26447.670,11.970,5558
 2391,26460.734,13.066,5558
 2392,26471.104,10.368,5558
 2393,26482.441,11.337,5558
 2394,26492.477,10.036,5558
 2395,26504.332,11.855,5558
 2396,26516.061,11.729,5558
 2397,26527.012,10.951,5558
 2398,26537.445,10.435,5558
 2399,26549.197,11.750,5558
 2400,26561.930,12.732,5558
 2401,26573.078,11.148,5558
 2402,26584.689,11.614,5558
 2403,26596.992,12.301,5558
 2404,26608.387,11.396,5558
 2405,26619.281,10.894,5558
 2406,26630.250,10.967,5558
 2407,26642.197,11.948,5558
 2408,26653.527,11.331,5558
 2409,26664.809,11.283,5558
 2410,26675.889,11.079,5558
 2411,26687.902,12.014,5558
 2412,26699.021,11.118,5558
 2413,26711.090,12.069,5558
 2414,26722.553,11.464,5558
 2415,26734.357,11.804,5558
 2416,26745.246,10.888,5558
 2417,26756.350,11.104,5558
 2418,26767.764,11.413,5558
 2419,26779.748,11.984,5558
 2420,26791.559,11.812,5558
 2421,26802.980,11.421,5558
 2422,26813.453,10.473,5558
 2423,26825.443,11.990,5558
 2424,26837.377,11.934,5558
 2425,26848.213,10.837,5558
 2426,26860.352,12.137,5558
 2427,26871.498,11.147,5558
 2428,26882.861,11.362,5558
 2429,26894.479,11.619,5558
 2430,26905.584,11.104,5558
 2431,26917.596,12.012,5558
 2432,26929.443,11.848,5558
 2433,26941.770,12.325,5558
 2434,26952.826,11.056,5558
 2435,26963.477,10.652,5558
 2436,26975.230,11.755,5558
 2437,26988.346,13.114,5558
 2438,27000.363,12.018,5558
 2439,27010.885,10.521,5558
 2440,27022.037,11.154,5558
 2441,27033.422,11.384,5558
 2442,27045.074,11.650,5558
 2443,27056.385,11.314,5558
 2444,27068.426,12.039,5558
 2445,27079.174,10.748,5558
 2446,27092.045,12.873,5558
 2447,27102.129,10.083,5558
 2448,27113.311,11.182,5558
 2449,27125.180,11.868,5558
 2450,27136.826,11.647,5558
 2451,27147.873,11.047,5558
 2452,27158.953,11.081,5558
 2453,27170.527,11.573,5558
 2454,27182.125,11.598,5558
 2455,27194.037,11.913,5558
 2456,27205.781,11.743,5558
 2457,27217.574,11.792,5558
 2458,27228.480,10.909,5558
 2459,27240.893,12.411,5558
 2460,27251.691,10.798,5558
 2461,27262.980,11.291,5558
 2462,27275.377,12.394,5558
 2463,27286.021,10.644,5558
 2464,27297.410,11.389,5558
 2465,27310.914,13.504,5558
 2466,27320.385, 9.473,5558
 2467,27332.938,12.551,5558
 2468,27344.541,11.603,5558
 2469,27355.428,10.887,5558
 2470,27367.078,11.651,5558
 2471,27378.105,11.028,5558
 2472,27390.941,12.834,5558
 2473,27401.551,10.611,5558
 2474,27412.416,10.864,5558
 2475,27425.061,12.647,5558
 2476,27435.771,10.709,5558
 2477,27448.842,13.070,5558
 2478,27459.693,10.852,5558
 2479,27470.979,11.286,5558
 2480,27482.891,11.912,5558
 2481,27495.227,12.336,5558
 2482,27506.813,11.585,5558
 2483,27519.678,12.865,5558
 2484,27530.568,10.891,5558
 2485,27542.418,11.850,5558
 2486,27553.678,11.259,5558
 2487,27565.521,11.844,5558
 2488,27576.617,11.095,5558
 2489,27588.086,11.468,5558
 2490,27600.008,11.923,5558
 2491,27611.773,11.766,5558
 2492,27622.770,10.997,5558
 2493,27635.053,12.284,5558
 2494,27645.785,10.730,5558
 2495,27657.805,12.020,5558
 2496,27669.189,11.385,5558
 2497,27680.129,10.939,5558
 2498,27691.980,11.854,5558
 2499,27702.934,10.950,5558
 2500,27714.830,11.897,5558
 2501,27726.580,11.750,5558
 2502,27738.652,12.074,5558
 2503,27749.271,10.618,5558
 2504,27760.373,11.101,5558
 2505,27773.521,13.150,5558
 2506,27784.033,10.511,5558
 2507,27795.018,10.984,5558
 2508,27806.465,11.449,5558
 2509,27817.867,11.401,5558
 2510,27830.328,12.460,5558
 2511,27841.779,11.452,5558
 2512,27852.789,11.009,5558
 2513,27864.889,12.102,5558
 2514,27876.244,11.353,5558
 2515,27888.502,12.259,5558
 2516,27899.885,11.382,5558
 2517,27911.670,11.785,5558
 2518,27923.033,11.364,5558
 2519,27935.057,12.024,5558
 2520,27946.045,10.989,5558
 2521,27957.777,11.731,5558
 2522,27969.928,12.150,5558
 2523,27981.400,11.475,5558
 2524,27992.502,11.098,5558
 2525,28005.102,12.601,5558
 2526,28015.629,10.527,5558
 2527,28027.725,12.097,5558
 2528,28039.533,11.809,5558
 2529,28051.113,11.580,5558
 2530,28062.102,10.987,5558
 2531,28074.068,11.969,5558
 2532,28084.771,10.701,5558
 2533,28097.729,12.958,5558
 2534,28108.393,10.664,5558
 2535,28120.721,12.327,5558
 2536,28132.389,11.670,5558
 2537,28143.400,11.010,5558
 2538,28155.115,11.715,5558
 2539,28168.125,13.010,5558
 2540,28179.141,11.016,5558
 2541,28190.436,11.294,5558
 2542,28202.342,11.907,5558
 2543,28214.166,11.823,5558
 2544,28225.293,11.129,5558
 2545,28237.215,11.921,5558
 2546,28248.717,11.503,5558
 2547,28259.949,11.231,5558
 2548,28272.396,12.447,5558
 2549,28283.816,11.420,5558
 2550,28295.793,11.978,5558
 2551,28307.594,11.799,5558
 2552,28318.936,11.342,5558
 2553,28330.980,12.046,5558
 2554,28341.758,10.777,5558
 2555,28354.193,12.435,5558
 2556,28365.938,11.743,5558
 2557,28377.523,11.587,5558
 2558,28389.113,11.589,5558
 2559,28401.771,12.659,5558
 2560,28411.938,10.167,5558
 2561,28423.939,12.001,5558
 2562,28435.785,11.846,5558
 2563,28446.875,11.090,5558
 2564,28458.637,11.762,5558
 2565,28470.184,11.546,5558
 2566,28481.521,11.337,5558
 2567,28493.418,11.897,5558
 2568,28504.074,10.656,5558
 2569,28516.486,12.413,5558
 2570,28528.193,11.708,5558
 2571,28539.543,11.349,5558
 2572,28550.672,11.128,5558
 2573,28563.418,12.745,5558
 2574,28575.229,11.813,5558
 2575,28586.076,10.846,5558
 2576,28597.295,11.220,5558
 2577,28608.932,11.636,5558
 2578,28620.438,11.507,5558
 2579,28631.766,11.327,5558
 2580,28643.174,11.409,5558
 2581,28655.189,12.015,5558
 2582,28666.221,11.033,5558
 2583,28678.617,12.395,5558
 2584,28689.410,10.791,5558
 2585,28700.918,11.508,5558
 2586,28712.682,11.765,5558
 2587,28725.029,12.348,5558
 2588,28735.656,10.626,5558
 2589,28747.438,11.782,5558
 2590,28758.922,11.483,5558
 2591,28770.141,11.221,5558
 2592,28781.705,11.564,5558
 2593,28793.018,11.312,5558
 2594,28804.627,11.610,5558
 2595,28816.617,11.990,5558
 2596,28827.090,10.473,5558
 2597,28839.221,12.130,5558
 2598,28850.398,11.179,5558
 2599,28862.137,11.739,5558
 2600,28873.941,11.804,5558
 2601,28885.166,11.224,5558
 2602,28896.572,11.405,5558
 2603,28908.424,11.852,5558
 2604,28919.311,10.888,5558
 2605,28931.803,12.492,5558
 2606,28942.730,10.928,5558
 2607,28955.453,12.721,5558
 2608,28966.152,10.699,5558
 2609,28977.986,11.834,5558
 2610,28989.289,11.305,5558
 2611,29001.033,11.743,5558
 2612,29011.678,10.643,5558
 2613,29024.143,12.467,5558
 2614,29035.133,10.990,5558
 2615,29046.578,11.443,5558
 2616,29058.434,11.857,5558
 2617,29069.824,11.390,5558
 2618,29081.490,11.666,5558
 2619,29095.273,13.783,5558
 2620,29107.025,11.752,5558
 2621,29118.355,11.331,5558
 2622,29128.465,10.111,5558
 2623,29139.119,10.653,5558
 2624,29149.783,10.664,5558
 2625,29161.473,11.690,5558
 2626,29174.242,12.767,5558
 2627,29184.674,10.434,5558
 2628,29196.857,12.184,5558
 2629,29207.938,11.078,5558
 2630,29219.021,11.085,5558
 2631,29230.336,11.314,5558
 2632,29241.979,11.644,5558
 2633,29254.635,12.656,5558
 2634,29264.961,10.325,5558
 2635,29276.813,11.853,5558
 2636,29288.797,11.983,5558
 2637,29300.438,11.640,5558
 2638,29312.941,12.506,5558
 2639,29324.291,11.349,5558
 2640,29334.910,10.619,5558
 2641,29347.541,12.631,5558
 2642,29359.391,11.850,5558
 2643,29372.023,12.632,5558
 2644,29381.945, 9.921,5558
 2645,29393.197,11.253,5558
 2646,29404.691,11.494,5558
 2647,29417.156,12.464,5558
 2648,29427.854,10.698,5558
 2649,29440.613,12.759,5558
 2650,29451.809,11.196,5558
 2651,29463.500,11.691,5558
 2652,29474.855,11.356,5558
 2653,29486.621,11.766,5558
 2654,29498.518,11.897,5558
 2655,29509.680,11.161,5558
 2656,29521.301,11.621,5558
 2657,29534.098,12.798,5558
 2658,29544.846,10.747,5558
 2659,29556.766,11.921,5558
 2660,29568.215,11.449,5558
 2661,29580.795,12.580,5558
 2662,29591.553,10.759,5558
 2663,29604.104,12.549,5558
 2664,29614.666,10.562,5558
 2665,29626.377,11.713,5558
 2666,29638.154,11.774,5558
 2667,29651.146,12.995,5558
 2668,29661.830,10.683,5558
 2669,29673.213,11.382,5558
 2670,29685.473,12.262,5558
 2671,29697.242,11.766,5558
 2672,29708.395,11.155,5558
 2673,29721.785,13.390,5558
 2674,29732.141,10.357,5558
 2675,29744.361,12.220,5558
 2676,29756.682,12.320,5558
 2677,29769.275,12.593,5558
 2678,29779.725,10.449,5558
 2679,29790.641,10.918,5558
 2680,29803.215,12.573,5558
 2681,29815.326,12.110,5558
 2682,29826.582,11.256,5558
 2683,29838.377,11.796,5558
 2684,29849.045,10.669,5558
 2685,29861.477,12.432,5558
 2686,29872.000,10.521,5558
 2687,29884.338,12.338,5558
 2688,29896.574,12.235,5558
 2689,29909.529,12.957,5558
 2690,29919.793,10.263,5558
 2691,29931.574,11.780,5558
 2692,29943.338,11.766,5558
 2693,29955.223,11.885,5558
 2694,29967.357,12.133,5558
 2695,29979.078,11.722,5558
 2696,29990.674,11.594,5558
 2697,30003.045,12.374,5558
 2698,30017.701,14.654,5558
 2699,30031.404,13.703,5558
 2700,30041.246, 9.843,5558
 2701,30050.277, 9.031,5558
 2702,30062.064,11.787,5558
 2703,30073.848,11.783,5558
 2704,30085.330,11.482,5558
 2705,30097.949,12.619,5558
 2706,30108.559,10.611,5558
 2707,30121.396,12.838,5558
 2708,30133.090,11.693,5558
 2709,30145.102,12.012,5558
 2710,30158.537,13.434,5558
 2711,30169.754,11.216,5558
 2712,30180.736,10.983,5558
 2713,30192.598,11.862,5558
 2714,30204.480,11.883,5558
 2715,30216.662,12.182,5558
 2716,30227.996,11.333,5558
 2717,30240.486,12.489,5558
 2718,30251.525,11.042,5558
 2719,30263.848,12.321,5558
 2720,30275.225,11.377,5558
 2721,30286.193,10.968,5558
 2722,30298.910,12.716,5558
 2723,30310.234,11.325,5558
 2724,30322.861,12.629,5558
 2725,30334.654,11.791,5558
 2726,30345.586,10.931,5558
 2727,30358.330,12.745,5558
 2728,30369.510,11.180,5558
 2729,30381.498,11.989,5558
 2730,30392.389,10.892,5558
 2731,30406.004,13.613,5558
 2732,30416.932,10.928,5558
 2733,30429.186,12.253,5558
 2734,30440.324,11.139,5558
 2735,30451.910,11.587,5558
 2736,30462.889,10.978,5558
 2737,30475.861,12.972,5558
 2738,30487.170,11.309,5558
 2739,30499.102,11.932,5558
 2740,30510.086,10.983,5558
 2741,30522.033,11.950,5558
 2742,30532.986,10.952,5558
 2743,30545.883,12.897,5558
 2744,30558.129,12.247,5558
 2745,30569.396,11.266,5558
 2746,30581.205,11.809,5558
 2747,30592.900,11.694,5558
 2748,30604.000,11.100,5558
 2749,30616.801,12.801,5558
 2750,30628.525,11.724,5558
 2751,30639.494,10.968,5558
 2752,30651.570,12.076,5558
 2753,30664.473,12.904,5558
 2754,30675.521,11.050,5558
 2755,30688.119,12.597,5558
 2756,30699.262,11.141,5558
 2757,30710.811,11.551,5558
 2758,30723.180,12.368,5558
 2759,30735.566,12.385,5558
 2760,30746.557,10.992,5558
 2761,30759.037,12.481,5558
 2762,30770.301,11.263,5558
 2763,30782.854,12.552,5558
 2764,30794.010,11.157,5558
 2765,30806.525,12.517,5558
 2766,30818.092,11.565,5558
 2767,30831.705,13.615,5558
 2768,30842.076,10.369,5558
 2769,30855.637,13.562,5558
 2770,30866.395,10.758,5558
 2771,30878.301,11.906,5558
 2772,30890.379,12.078,5558
 2773,30902.262,11.881,5558
 2774,30914.914,12.653,5558
 2775,30926.262,11.348,5558
 2776,30938.250,11.989,5558
 2777,30950.414,12.162,5558
 2778,30962.346,11.932,5558
 2779,30975.113,12.770,5558
 2780,30985.746,10.632,5558
 2781,30997.701,11.955,5558
 2782,31010.293,12.591,5558
 2783,31021.723,11.431,5558
 2784,31033.229,11.505,5558
 2785,31046.318,13.090,5558
 2786,31057.285,10.967,5558
 2787,31069.834,12.549,5558
 2788,31080.984,11.149,5558
 2789,31093.391,12.408,5558
 2790,31105.539,12.148,5558
 2791,31118.570,13.029,5558
 2792,31130.654,12.084,5558
 2793,31142.377,11.724,5558
 2794,31153.893,11.518,5558
 2795,31165.398,11.503,5558
 2796,31177.541,12.144,5558
 2797,31189.574,12.033,5558
 2798,31201.244,11.669,5558
 2799,31212.641,11.397,5558
 2800,31225.057,12.416,5558
 2801,31238.738,13.681,5558
 2802,31250.025,11.287,5558
 2803,31262.057,12.034,5558
 2804,31273.129,11.071,5558
 2805,31284.623,11.494,5558
 2806,31296.477,11.854,5558
 2807,31309.162,12.683,5558
 2808,31320.365,11.206,5558
 2809,31333.957,13.591,5558
 2810,31345.068,11.110,5558
 2811,31358.467,13.400,5558
 2812,31370.826,12.359,5558
 2813,31383.961,13.135,5558
 2814,31395.252,11.290,5558
 2815,31407.590,12.338,5558
 2816,31419.293,11.704,5558
 2817,31431.502,12.209,5558
 2818,31443.939,12.437,5558
 2819,31456.482,12.542,5558
 2820,31468.801,12.319,5558
 2821,31481.553,12.753,5558
 2822,31493.768,12.214,5558
 2823,31504.387,10.620,5558
 2824,31516.082,11.694,5558
 2825,31528.828,12.746,5558
 2826,31539.967,11.140,5558
 2827,31552.500,12.532,5558
 2828,31564.162,11.661,5558
 2829,31576.654,12.494,5558
 2830,31588.809,12.156,5558
 2831,31600.070,11.260,5558
 2832,31611.758,11.688,5558
 2833,31624.957,13.200,5558
 2834,31636.002,11.042,5558
 2835,31648.393,12.393,5558
 2836,31660.232,11.838,5558
 2837,31672.037,11.807,5558
 2838,31684.830,12.791,5558
 2839,31697.271,12.442,5558
 2840,31707.938,10.666,5558
 2841,31720.658,12.719,5558
 2842,31732.357,11.700,5558
 2843,31745.986,13.629,5558
 2844,31760.096,14.110,5558
 2845,31772.121,12.025,5558
 2846,31783.170,11.049,5558
 2847,31796.246,13.076,5558
 2848,31808.213,11.969,5558
 2849,31820.430,12.216,5558
 2850,31831.742,11.312,5558
 2851,31842.971,11.229,5558
 2852,31855.225,12.254,5558
 2853,31868.486,13.259,5558
 2854,31879.930,11.444,5558
 2855,31892.545,12.617,5558
 2856,31903.957,11.411,5558
 2857,31915.756,11.799,5558
 2858,31927.438,11.682,5558
 2859,31939.082,11.643,5558
 2860,31952.141,13.060,5558
 2861,31964.443,12.303,5558
 2862,31977.369,12.925,5558
 2863,31988.490,11.122,5558
 2864,32000.766,12.274,5558
 2865,32012.506,11.741,5558
 2866,32025.041,12.535,5558
 2867,32037.502,12.461,5558
 2868,32048.521,11.019,5558
 2869,32060.762,12.240,5558
 2870,32072.754,11.993,5558
 2871,32086.377,13.625,5558
 2872,32097.514,11.136,5558
 2873,32109.773,12.259,5558
 2874,32121.822,12.049,5558
 2875,32134.326,12.504,5558
 2876,32146.107,11.781,5558
 2877,32158.982,12.874,5558
 2878,32171.805,12.823,5558
 2879,32183.105,11.301,5558
 2880,32195.621,12.515,5558
 2881,32207.449,11.828,5558
 2882,32218.662,11.212,5558
 2883,32230.613,11.954,5558
 2884,32243.053,12.439,5558
 2885,32255.078,12.023,5558
 2886,32267.326,12.248,5558
 2887,32280.242,12.916,5558
 2888,32290.986,10.744,5558
 2889,32304.025,13.040,5558
 2890,32315.670,11.644,5558
 2891,32329.746,14.078,5558
 2892,32341.111,11.365,5558
 2893,32353.713,12.601,5558
 2894,32365.672,11.959,5558
 2895,32378.354,12.681,5558
 2896,32390.121,11.768,5558
 2897,32403.809,13.690,5558
 2898,32415.750,11.939,5558
 2899,32427.850,12.099,5558
 2900,32439.752,11.903,5558
 2901,32451.457,11.706,5558
 2902,32463.848,12.390,5558
 2903,32476.162,12.315,5558
 2904,32487.930,11.767,5558
 2905,32501.068,13.138,5558
 2906,32513.568,12.500,5558
 2907,32526.346,12.777,5558
 2908,32538.877,12.532,5558
 2909,32551.930,13.052,5558
 2910,32564.289,12.361,5558
 2911,32576.389,12.099,5558
 2912,32587.434,11.044,5558
 2913,32599.131,11.699,5558
 2914,32611.361,12.229,5558
 2915,32623.914,12.552,5558
 2916,32635.553,11.642,5558
 2917,32648.205,12.652,5558
 2918,32660.170,11.963,5558
 2919,32672.574,12.404,5558
 2920,32684.934,12.361,5558
 2921,32697.566,12.631,5558
 2922,32709.529,11.963,5558
 2923,32721.877,12.349,5558
 2924,32733.801,11.924,5558
 2925,32746.154,12.353,5558
 2926,32757.938,11.784,5558
 2927,32769.898,11.958,5558
 2928,32781.906,12.008,5558
 2929,32794.387,12.482,5558
 2930,32805.984,11.600,5558
 2931,32819.098,13.111,5558
 2932,32831.488,12.393,5558
 2933,32843.719,12.227,5558
 2934,32856.375,12.657,5558
 2935,32867.895,11.518,5558
 2936,32880.223,12.328,5558
 2937,32893.008,12.788,5558
 2938,32904.598,11.590,5558
 2939,32918.883,14.282,5558
 2940,32931.188,12.307,5558
 2941,32943.719,12.532,5558
 2942,32956.762,13.041,5558
 2943,32970.254,13.493,5558
 2944,32981.758,11.506,5558
 2945,32992.926,11.166,5558
 2946,33005.855,12.930,5558
 2947,33018.195,12.337,5558
 2948,33031.473,13.282,5558
 2949,33043.559,12.085,5558
 2950,33055.809,12.249,5558
 2951,33068.543,12.735,5558
 2952,33081.074,12.530,5558
 2953,33092.723,11.649,5558
 2954,33105.625,12.903,5558
 2955,33118.012,12.389,5558
 2956,33130.043,12.027,5558
 2957,33143.508,13.469,5558
 2958,33155.582,12.073,5558
 2959,33167.676,12.094,5558
 2960,33180.586,12.910,5558
 2961,33192.867,12.278,5558
 2962,33205.859,12.991,5558
 2963,33218.332,12.478,5558
 2964,33230.652,12.318,5558
 2965,33243.906,13.255,5558
 2966,33256.168,12.261,5558
 2967,33268.914,12.744,5558
 2968,33280.547,11.632,5558
 2969,33293.938,13.391,5558
 2970,33306.043,12.107,5558
 2971,33317.969,11.927,5558
 2972,33329.734,11.763,5558
 2973,33343.254,13.522,5558
 2974,33355.117,11.862,5558
 2975,33369.465,14.349,5558
 2976,33381.625,12.158,5558
 2977,33393.270,11.645,5558
 2978,33405.953,12.686,5558
 2979,33418.297,12.342,5558
 2980,33431.129,12.831,5558
 2981,33443.141,12.013,5558
 2982,33455.617,12.477,5558
 2983,33468.262,12.643,5558
 2984,33480.707,12.444,5558
 2985,33492.734,12.031,5558
 2986,33505.188,12.450,5558
 2987,33517.586,12.402,5558
 2988,33530.828,13.240,5558
 2989,33542.957,12.130,5558
 2990,33554.773,11.816,5558
 2991,33567.340,12.567,5558
 2992,33579.109,11.768,5558
 2993,33591.898,12.788,5558
 2994,33604.563,12.663,5558
 2995,33617.957,13.397,5558
 2996,33630.715,12.756,5558
 2997,33642.305,11.593,5558
 2998,33654.582,12.275,5558
 2999,33667.129,12.550,5558
 3000,33680.793,13.661,5558
 3001,33692.504,11.715,5558
 3002,33704.023,11.514,5558
 3003,33716.863,12.842,5558
 3004,33730.070,13.207,5558
 3005,33741.031,10.959,5558
 3006,33754.098,13.069,5558
 3007,33767.152,13.058,5558
 3008,33779.063,11.905,5558
 3009,33791.227,12.165,5558
 3010,33803.555,12.328,5558
 3011,33817.777,14.223,5558
 3012,33829.758,11.982,5558
 3013,33842.879,13.120,5558
 3014,33854.801,11.924,5558
 3015,33865.961,11.159,5558
 3016,33878.277,12.316,5558
 3017,33892.258,13.979,5558
 3018,33904.863,12.606,5558
 3019,33916.906,12.045,5558
 3020,33930.121,13.212,5558
 3021,33941.898,11.779,5558
 3022,33954.027,12.129,5558
 3023,33967.309,13.283,5558
 3024,33979.691,12.379,5558
 3025,33992.465,12.774,5558
 3026,34004.504,12.042,5558
 3027,34018.371,13.863,5558
 3028,34030.938,12.570,5558
 3029,34043.551,12.612,5558
 3030,34055.379,11.829,5558
 3031,34067.449,12.071,5558
 3032,34078.852,11.400,5558
 3033,34090.512,11.664,5558
 3034,34103.031,12.515,5558
 3035,34115.734,12.704,5558
 3036,34127.297,11.564,5558
 3037,34139.891,12.594,5558
 3038,34152.027,12.132,5558
 3039,34165.867,13.840,5558
 3040,34177.352,11.486,5558
 3041,34189.500,12.152,5558
 3042,34201.766,12.264,5558
 3043,34215.250,13.485,5558
 3044,34227.512,12.262,5558
 3045,34240.254,12.740,5558
 3046,34251.699,11.445,5558
 3047,34264.313,12.615,5558
 3048,34275.992,11.681,5558
 3049,34289.082,13.086,5558
 3050,34301.273,12.196,5558
 3051,34314.113,12.840,5558
 3052,34326.535,12.417,5558
 3053,34338.406,11.872,5558
 3054,34350.285,11.882,5558
 3055,34363.867,13.577,5558
 3056,34375.387,11.521,5558
 3057,34388.391,13.005,5558
 3058,34400.055,11.663,5558
 3059,34413.707,13.653,5558
 3060,34426.734,13.028,5558
 3061,34438.539,11.805,5558
 3062,34450.797,12.260,5558
 3063,34463.641,12.842,5558
 3064,34477.277,13.637,5558
 3065,34489.648,12.373,5558
 3066,34501.680,12.031,5558
 3067,34514.199,12.515,5558
 3068,34526.395,12.198,5558
 3069,34539.344,12.952,5558
 3070,34551.184,11.834,5558
 3071,34565.082,13.901,5558
 3072,34579.379,14.295,5558
 3073,34591.063,11.684,5558
 3074,34602.992,11.934,5558
 3075,34614.480,11.488,5558
 3076,34627.250,12.765,5558
 3077,34640.992,13.747,5558
 3078,34652.145,11.149,5558
 3079,34665.395,13.250,5558
 3080,34678.043,12.650,5558
 3081,34689.535,11.489,5558
 3082,34701.809,12.275,5558
 3083,34715.254,13.447,5558
 3084,34726.844,11.590,5558
 3085,34739.977,13.135,5558
 3086,34753.172,13.193,5558
 3087,34765.520,12.346,5558
 3088,34777.410,11.893,5558
 3089,34791.211,13.797,5558
 3090,34803.203,11.993,5558
 3091,34815.543,12.340,5558
 3092,34829.043,13.502,5558
 3093,34841.902,12.857,5558
 3094,34854.832,12.932,5558
 3095,34867.520,12.684,5558
 3096,34878.473,10.959,5558
 3097,34891.504,13.031,5558
 3098,34903.371,11.863,5558
 3099,34916.844,13.477,5558
 3100,34929.785,12.938,5558
 3101,34943.184,13.398,5558
 3102,34956.207,13.022,5558
 3103,34969.523,13.316,5558
 3104,34982.012,12.492,5558
 3105,34993.699,11.687,5558
 3106,35005.824,12.127,5558
 3107,35019.750,13.922,5558
 3108,35031.543,11.793,5558
 3109,35044.363,12.822,5558
 3110,35057.441,13.078,5558
 3111,35070.203,12.762,5558
 3112,35083.270,13.066,5558
 3113,35095.656,12.390,5558
 3114,35108.336,12.679,5558
 3115,35121.160,12.825,5558
 3116,35134.672,13.512,5558
 3117,35147.078,12.401,5558
 3118,35158.672,11.595,5558
 3119,35172.746,14.073,5558
 3120,35184.996,12.254,5558
 3121,35197.160,12.164,5558
 3122,35209.559,12.396,5558
 3123,35222.910,13.351,5558
 3124,35234.598,11.689,5558
 3125,35247.582,12.982,5558
 3126,35260.617,13.035,5558
 3127,35274.328,13.716,5558
 3128,35286.742,12.411,5558
 3129,35300.055,13.310,5558
 3130,35312.270,12.216,5558
 3131,35324.652,12.385,5558
 3132,35337.000,12.348,5558
 3133,35349.297,12.295,5558
 3134,35363.227,13.930,5558
 3135,35375.777,12.551,5558
 3136,35387.938,12.162,5558
 3137,35400.094,12.154,5558
 3138,35413.137,13.045,5558
 3139,35426.879,13.738,5558
 3140,35439.691,12.813,5558
 3141,35452.984,13.294,5558
 3142,35465.488,12.505,5558
 3143,35476.633,11.143,5558
 3144,35489.938,13.307,5558
 3145,35502.633,12.693,5558
 3146,35514.707,12.074,5558
 3147,35527.395,12.689,5558
 3148,35539.078,11.682,5558
 3149,35552.211,13.135,5558
 3150,35564.387,12.173,5558
 3151,35577.195,12.809,5558
 3152,35589.793,12.602,5558
 3153,35603.445,13.650,5558
 3154,35615.391,11.944,5558
 3155,35628.105,12.718,5558
 3156,35641.008,12.901,5558
 3157,35654.199,13.189,5558
 3158,35666.668,12.472,5558
 3159,35679.688,13.015,5558
 3160,35692.031,12.344,5558
 3161,35705.105,13.078,5558
 3162,35716.602,11.497,5558
 3163,35730.430,13.825,5558
 3164,35745.324,14.898,5558
 3165,35758.289,12.961,5558
 3166,35771.730,13.441,5558
 3167,35784.137,12.407,5558
 3168,35795.363,11.228,5558
 3169,35808.602,13.236,5558
 3170,35821.258,12.659,5558
 3171,35833.699,12.438,5558
 3172,35846.246,12.548,5558
 3173,35858.777,12.532,5558
 3174,35871.063,12.286,5558
 3175,35884.594,13.532,5558
 3176,35897.406,12.812,5558
 3177,35910.129,12.721,5558
 3178,35922.766,12.637,5558
 3179,35937.402,14.637,5558
 3180,35950.113,12.712,5558
 3181,35963.152,13.041,5558
 3182,35975.691,12.534,5558
 3183,35988.754,13.063,5558
 3184,36001.297,12.544,5558
 3185,36015.066,13.769,5558
 3186,36028.313,13.247,5558
 3187,36041.336,13.026,5558
 3188,36053.215,11.877,5558
 3189,36064.855,11.640,5558
 3190,36076.609,11.754,5558
 3191,36088.488,11.879,5558
 3192,36100.059,11.571,5558
 3193,36112.309,12.252,5558
 3194,36125.535,13.224,5558
 3195,36138.105,12.570,5558
 3196,36150.871,12.765,5558
 3197,36164.188,13.316,5558
 3198,36176.605,12.419,5558
 3199,36188.410,11.805,5558
 3200,36201.570,13.160,5558
 3201,36213.496,11.928,5558
 3202,36227.105,13.606,5558
 3203,36240.152,13.052,5558
 3204,36252.871,12.713,5558
 3205,36265.211,12.340,5558
 3206,36277.020,11.809,5558
 3207,36289.789,12.773,5558
 3208,36302.578,12.788,5558
 3209,36315.551,12.971,5558
 3210,36327.531,11.978,5558
 3211,36340.633,13.107,5558
 3212,36353.223,12.587,5558
 3213,36365.699,12.478,5558
 3214,36378.969,13.268,5558
 3215,36391.191,12.222,5558
 3216,36403.949,12.760,5558
 3217,36416.777,12.830,5558
 3218,36429.328,12.548,5558
 3219,36442.016,12.686,5558
 3220,36455.789,13.776,5558
 3221,36468.918,13.128,5558
 3222,36481.590,12.672,5558
 3223,36494.555,12.966,5558
 3224,36507.555,12.998,5558
 3225,36520.570,13.015,5558
 3226,36533.938,13.371,5558
 3227,36546.684,12.742,5558
 3228,36560.758,14.076,5558
 3229,36574.008,13.251,5558
 3230,36586.418,12.411,5558
 3231,36598.238,11.819,5558
 3232,36610.148,11.910,5558
 3233,36623.645,13.496,5558
 3234,36636.633,12.990,5558
 3235,36649.129,12.494,5558
 3236,36662.195,13.067,5558
 3237,36675.309,13.113,5558
 3238,36687.824,12.516,5558
 3239,36700.434,12.610,5558
 3240,36713.125,12.692,5558
 3241,36726.477,13.350,5558
 3242,36739.195,12.716,5558
 3243,36751.660,12.468,5558
 3244,36764.746,13.085,5558
 3245,36778.145,13.402,5558
 3246,36792.180,14.029,5558
 3247,36804.238,12.061,5558
 3248,36816.484,12.247,5558
 3249,36830.309,13.824,5558
 3250,36843.457,13.147,5558
 3251,36857.480,14.025,5558
 3252,36870.051,12.567,5558
 3253,36882.883,12.835,5558
 3254,36895.367,12.482,5558
 3255,36907.289,11.927,5558
 3256,36918.777,11.488,5558
 3257,36932.055,13.275,5558
 3258,36944.461,12.407,5558
 3259,36958.113,13.650,5558
 3260,36971.531,13.420,5558
 3261,36985.324,13.795,5558
 3262,36998.484,13.159,5558
 3263,37010.805,12.319,5558
 3264,37022.703,11.897,5558
 3265,37036.313,13.613,5558
 3266,37049.984,13.671,5558
 3267,37062.957,12.971,5558
 3268,37076.504,13.551,5558
 3269,37088.785,12.280,5558
 3270,37103.461,14.674,5558
 3271,37116.992,13.534,5558
 3272,37129.273,12.277,5558
 3273,37142.426,13.152,5558
 3274,37154.871,12.444,5558
 3275,37167.504,12.637,5558
 3276,37179.395,11.886,5558
 3277,37192.762,13.371,5558
 3278,37205.449,12.685,5558
 3279,37219.578,14.131,5558
 3280,37231.816,12.238,5558
 3281,37244.789,12.972,5558
 3282,37257.250,12.459,5558
 3283,37270.336,13.088,5558
 3284,37283.707,13.368,5558
 3285,37297.348,13.644,5558
 3286,37310.738,13.392,5558
 3287,37323.125,12.385,5558
 3288,37337.125,14.000,5558
 3289,37350.059,12.935,5558
 3290,37363.824,13.764,5558
 3291,37378.113,14.291,5558
 3292,37391.395,13.281,5558
 3293,37403.973,12.579,5558
 3294,37417.953,13.980,5558
 3295,37430.863,12.908,5558
 3296,37444.512,13.646,5558
 3297,37457.754,13.245,5558
 3298,37470.977,13.226,5558
 3299,37483.414,12.435,5558
 3300,37496.098,12.682,5558
 3301,37509.406,13.308,5558
 3302,37522.086,12.682,5558
 3303,37534.000,11.913,5558
 3304,37546.641,12.644,5558
 3305,37559.020,12.374,5558
 3306,37572.305,13.288,5558
 3307,37585.934,13.627,5558
 3308,37598.059,12.123,5558
 3309,37612.273,14.218,5558
 3310,37624.863,12.589,5558
 3311,37638.488,13.626,5558
 3312,37650.098,11.611,5558
 3313,37663.285,13.185,5558
 3314,37677.152,13.869,5558
 3315,37690.078,12.923,5558
 3316,37703.348,13.268,5558
 3317,37716.527,13.180,5558
 3318,37729.727,13.200,5558
 3319,37744.020,14.291,5558
 3320,37756.188,12.172,5558
 3321,37769.789,13.603,5558
 3322,37782.828,13.039,5558
 3323,37795.012,12.178,5558
 3324,37808.020,13.008,5558
 3325,37821.586,13.572,5558
 3326,37834.820,13.235,5558
 3327,37847.449,12.626,5558
 3328,37860.664,13.215,5558
 3329,37875.645,14.983,5558
 3330,37887.750,12.102,5558
 3331,37900.629,12.881,5558
 3332,37912.402,11.770,5558
 3333,37925.523,13.124,5558
 3334,37939.211,13.688,5558
 3335,37953.672,14.461,5558
 3336,37967.078,13.404,5558
 3337,37981.488,14.411,5558
 3338,37993.746,12.260,5558
 3339,38006.141,12.395,5558
 3340,38018.477,12.334,5558
 3341,38031.438,12.960,5558
 3342,38042.930,11.491,5558
 3343,38056.645,13.717,5558
 3344,38069.648,13.006,5558
 3345,38081.762,12.112,5558
 3346,38095.000,13.238,5558
 3347,38107.531,12.528,5558
 3348,38120.770,13.241,5558
 3349,38132.984,12.218,5558
 3350,38146.625,13.638,5558
 3351,38160.719,14.091,5558
 3352,38173.984,13.271,5558
 3353,38185.949,11.962,5558
 3354,38199.543,13.591,5558
 3355,38212.621,13.080,5558
 3356,38226.039,13.416,5558
 3357,38239.352,13.312,5558
 3358,38252.781,13.434,5558
 3359,38266.719,13.936,5558
 3360,38280.184,13.464,5558
 3361,38292.785,12.605,5558
 3362,38305.438,12.649,5558
 3363,38317.965,12.528,5558
 3364,38329.496,11.531,5558
 3365,38342.449,12.956,5558
 3366,38353.746,11.294,5558
 3367,38368.625,14.879,5558
 3368,38380.875,12.247,5558
 3369,38393.957,13.086,5558
 3370,38406.234,12.276,5558
 3371,38418.605,12.371,5558
 3372,38431.723,13.117,5558
 3373,38445.520,13.795,5558
 3374,38457.738,12.221,5558
 3375,38470.090,12.353,5558
 3376,38483.313,13.222,5558
 3377,38496.590,13.276,5558
 3378,38509.410,12.819,5558
 3379,38522.289,12.884,5558
 3380,38534.559,12.267,5558
 3381,38547.805,13.246,5558
 3382,38560.652,12.848,5558
 3383,38575.430,14.776,5558
 3384,38587.770,12.341,5558
 3385,38599.859,12.086,5558
 3386,38611.891,12.032,5558
 3387,38624.742,12.853,5558
 3388,38638.270,13.530,5558
 3389,38650.402,12.132,5558
 3390,38663.328,12.925,5558
 3391,38678.242,14.916,5558
 3392,38690.387,12.142,5558
 3393,38703.023,12.636,5558
 3394,38714.770,11.750,5558
 3395,38727.422,12.649,5558
 3396,38740.309,12.889,5558
 3397,38753.500,13.191,5558
 3398,38767.641,14.142,5558
 3399,38780.406,12.762,5558
 3400,38793.289,12.886,5558
 3401,38806.160,12.871,5558
 3402,38818.484,12.324,5558
 3403,38831.691,13.205,5558
 3404,38843.699,12.006,5558
 3405,38856.543,12.845,5558
 3406,38868.152,11.613,5558
 3407,38881.000,12.848,5558
 3408,38895.461,14.458,5558
 3409,38908.234,12.773,5558
 3410,38921.160,12.926,5558
 3411,38932.715,11.555,5558
 3412,38944.969,12.254,5558
 3413,38958.273,13.304,5558
 3414,38970.605,12.333,5558
 3415,38983.047,12.439,5558
 3416,38995.641,12.596,5558
 3417,39009.336,13.698,5558
 3418,39022.371,13.030,5558
 3419,39034.836,12.469,5558
 3420,39046.734,11.897,5558
 3421,39060.016,13.278,5558
 3422,39073.063,13.050,5558
 3423,39086.117,13.056,5558
 3424,39098.605,12.488,5558
 3425,39111.348,12.737,5558
 3426,39123.316,11.974,5558
 3427,39136.848,13.528,5558
 3428,39149.785,12.940,5558
 3429,39162.594,12.808,5558
 3430,39174.762,12.167,5558
 3431,39187.449,12.687,5558
 3432,39200.609,13.162,5558
 3433,39213.609,13.000,5558
 3434,39227.570,13.960,5558
 3435,39239.648,12.080,5558
 3436,39252.277,12.628,5558
 3437,39263.902,11.624,5558
 3438,39276.977,13.076,5558
 3439,39290.750,13.773,5558
 3440,39302.734,11.982,5558
 3441,39315.078,12.345,5558
 3442,39330.402,15.323,5558
 3443,39343.023,12.621,5558
 3444,39355.074,12.051,5558
 3445,39369.879,14.806,5558
 3446,39386.988,17.112,5558
 3447,39401.500,14.511,5558
 3448,39414.988,13.487,5558
 3449,39427.656,12.670,5558
 3450,39441.367,13.708,5558
 3451,39454.805,13.438,5558
 3452,39467.551,12.745,5558
 3453,39480.063,12.513,5558
 3454,39492.684,12.620,5558
 3455,39505.410,12.727,5558
 3456,39516.750,11.340,5558
 3457,39528.633,11.886,5558
 3458,39539.816,11.184,5558
 3459,39552.395,12.572,5558
 3460,39564.496,12.107,5558
 3461,39576.824,12.327,5558
 3462,39589.477,12.653,5558
 3463,39601.871,12.391,5558
 3464,39614.426,12.554,5558
 3465,39627.359,12.935,5558
 3466,39639.527,12.166,5558
 3467,39652.570,13.044,5558
 3468,39664.625,12.056,5558
 3469,39677.410,12.787,5558
 3470,39689.953,12.544,5558
 3471,39702.523,12.566,5558
 3472,39714.395,11.874,5558
 3473,39727.723,13.324,5558
 3474,39739.891,12.168,5558
 3475,39753.418,13.528,5558
 3476,39764.887,11.470,5558
 3477,39777.582,12.696,5558
 3478,39791.258,13.676,5558
 3479,39803.699,12.440,5558
 3480,39816.020,12.321,5558
 3481,39828.809,12.790,5558
 3482,39840.992,12.186,5558
 3483,39853.648,12.656,5558
 3484,39866.953,13.305,5558
 3485,39879.227,12.268,5558
 3486,39893.051,13.827,5558
 3487,39906.824,13.776,5558
 3488,39918.891,12.062,5558
 3489,39930.945,12.058,5558
 3490,39942.020,11.069,5558
 3491,39953.961,11.945,5558
 3492,39966.676,12.715,5558
 3493,39980.449,13.773,5558
 3494,39992.586,12.138,5558
 3495,40004.242,11.655,5558
 3496,40017.191,12.949,5558
 3497,40029.480,12.289,5558
 3498,40042.527,13.046,5558
 3499,40055.516,12.986,5558
 3500,40067.465,11.955,5558
 3501,40079.664,12.200,5558
 3502,40094.375,14.706,5558
 3503,40106.160,11.789,5558
 3504,40119.242,13.082,5558
 3505,40131.340,12.096,5558
 3506,40144.195,12.855,5558
 3507,40157.273,13.079,5558
 3508,40169.750,12.475,5558
 3509,40184.910,15.162,5558
 3510,40198.930,14.019,5558
 3511,40212.652,13.724,5558
 3512,40225.879,13.223,5558
 3513,40238.520,12.640,5558
 3514,40252.184,13.664,5558
 3515,40265.793,13.612,5558
 3516,40280.852,15.056,5460
 3517,40294.273,13.423,5460
 3518,40305.879,11.607,5460
 3519,40317.461,11.582,5460
 3520,40330.082,12.619,5460
 3521,40340.914,10.835,5460
 3522,40354.117,13.202,5460
 3523,40367.125,13.010,5460
 3524,40379.266,12.140,5460
 3525,40391.656,12.391,5460
 3526,40404.793,13.137,5460
 3527,40417.156,12.363,5460
 3528,40468.293,51.136,5460
 3529,40493.715,25.420,5460
 3530,40518.660,24.948,5460
 3531,40534.746,16.083,5460
 3532,40546.078,11.332,5460
 3533,40577.125,31.050,5460
 3534,40593.012,15.881,5460
 3535,40604.926,11.918,5460
 3536,40619.738,14.811,5460
 3537,40631.664,11.927,5460
 3538,40644.250,12.586,5460
 3539,40656.031,11.780,5460
 3540,40668.684,12.651,5460
 3541,40681.207,12.524,5460
 3542,40691.434,10.228,5460
 3543,40700.730, 9.295,5460
 3544,40709.516, 8.787,5460
 3545,40717.160, 7.646,5460
 3546,40724.449, 7.289,5460
 3547,40734.777,10.328,5460
 3548,40746.523,11.743,5460
 3549,40758.762,12.242,5460
 3550,40770.625,11.861,5460
 3551,40782.402,11.777,5460
 3552,40795.938,13.538,5460
 3553,40809.121,13.184,5460
 3554,40821.434,12.310,5460
 3555,40834.180,12.747,5460
 3556,40850.723,16.540,5460
 3557,40867.977,17.258,5460
 3558,40874.496, 6.519,5460
 3559,40884.813,10.316,5460
 3560,40898.020,13.207,5460
 3561,40913.629,15.611,5460
 3562,40922.027, 8.396,5460
 3563,40934.219,12.189,5460
 3564,40945.703,11.487,5460
 3565,40958.633,12.930,5460
 3566,40971.145,12.514,5460
 3567,40983.773,12.627,5460
 3568,40996.480,12.710,5460
 3569,41009.918,13.434,5460
 3570,41024.688,14.767,5460
 3571,41038.410,13.726,5460
 3572,41050.613,12.203,5460
 3573,41063.422,12.809,5460
 3574,41076.496,13.077,5460
 3575,41090.082,13.580,5460
 3576,41103.246,13.165,5460
 3577,41116.738,13.495,5460
 3578,41129.152,12.415,5460
 3579,41142.641,13.487,5460
 3580,41157.469,14.829,5460
 3581,41172.766,15.294,5460
 3582,41182.563, 9.797,5460
 3583,41195.133,12.573,5460
 3584,41207.254,12.118,5460
 3585,41219.949,12.696,5460
 3586,41232.977,13.031,5460
 3587,41246.172,13.188,5460
 3588,41259.609,13.444,5460
 3589,41272.660,13.049,5460
 3590,41285.121,12.463,5460
 3591,41299.059,13.935,5460
 3592,41311.734,12.674,5460
 3593,41325.414,13.680,5476
 3594,41340.930,15.518,5476
 3595,41354.117,13.188,5476
 3596,41370.082,15.963,5476
 3597,41379.457, 9.377,5476
 3598,41390.742,11.283,5476
 3599,41404.234,13.493,5476
 3600,41416.074,11.837,5476
 3601,41430.207,14.135,5476
 3602,41441.363,11.153,5476
 3603,41456.789,15.429,5492
 3604,41469.602,12.812,5492
 3605,41481.746,12.147,5492
 3606,41496.777,15.032,5492
 3607,41511.305,14.524,5492
 3608,41525.359,14.053,5492
 3609,41534.867, 9.507,5492
 3610,41547.008,12.143,5492
 3611,41559.801,12.795,5492
 3612,41573.219,13.414,5492
 3613,41585.258,12.040,5492
 3614,41598.641,13.387,5492
 3615,41609.949,11.308,5492
 3616,41623.785,13.836,5492
 3617,41637.262,13.476,5492
 3618,41650.066,12.805,5492
 3619,41664.855,14.786,5508
 3620,41677.664,12.814,5508
 3621,41691.273,13.607,5508
 3622,41703.539,12.263,5508
 3623,41717.477,13.940,5508
 3624,41732.195,14.714,5508
 3625,41744.555,12.363,5508
 3626,41754.461, 9.907,5508
 3627,41766.320,11.859,5508
 3628,41778.609,12.288,5508
 3629,41790.809,12.201,5508
 3630,41803.082,12.270,5508
 3631,41843.980,40.902,5508
 3632,41852.676, 8.692,5508
 3633,41860.539, 7.865,5508
 3634,41873.531,12.991,5508
 3635,41883.563,10.034,5508
 3636,41891.418, 7.852,5508
 3637,41900.840, 9.423,5508
 3638,41913.566,12.727,5508
 3639,41926.273,12.708,5508
 3640,41940.059,13.783,5508
 3641,41954.199,14.140,5508
 3642,41968.391,14.193,5508
 3643,41982.684,14.290,5524
 3644,41995.301,12.622,5524
 3645,42010.676,15.374,5524
 3646,42021.891,11.215,5524
 3647,42033.688,11.796,5524
 3648,42046.824,13.139,5524
 3649,42060.082,13.256,5524
 3650,42072.973,12.891,5524
 3651,42084.746,11.774,5524
 3652,42096.465,11.720,5524
 3653,42108.930,12.464,5524
 3654,42119.984,11.055,5524
 3655,42131.629,11.645,5524
 3656,42143.930,12.300,5524
 3657,42156.691,12.759,5524
 3658,42166.941,10.252,5524
 3659,42179.305,12.362,5524
 3660,42193.988,14.686,5524
 3661,42206.828,12.841,5524
 3662,42218.523,11.690,5524
 3663,42231.684,13.159,5524
 3664,42244.145,12.467,5524
 3665,42258.766,14.620,5524
 3666,42272.398,13.632,5524
 3667,42286.879,14.478,5524
 3668,42304.586,17.707,5524
 3669,42313.785, 9.200,5524
 3670,42324.793,11.009,5524
 3671,42339.676,14.879,5524
 3672,42352.059,12.384,5524
 3673,42364.441,12.384,5524
 3674,42375.313,10.874,5524
 3675,42387.707,12.393,5524
 3676,42398.930,11.224,5524
 3677,42411.813,12.882,5524
 3678,42424.125,12.314,5524
 3679,42435.340,11.211,5524
 3680,42447.160,11.825,5524
 3681,42462.230,15.067,5524
 3682,42472.570,10.340,5524
 3683,42485.770,13.198,5524
 3684,42497.816,12.050,5524
 3685,42512.336,14.517,5524
 3686,42526.121,13.787,5524
 3687,42540.098,13.977,5524
 3688,42551.828,11.731,5524
 3689,42563.594,11.764,5524
 3690,42575.695,12.100,5524
 3691,42587.852,12.156,5524
 3692,42601.027,13.177,5524
 3693,42612.730,11.701,5524
 3694,42627.051,14.320,5524
 3695,42639.496,12.451,5524
 3696,42651.344,11.843,5524
 3697,42663.359,12.016,5524
 3698,42675.656,12.298,5524
 3699,42690.746,15.091,5524
 3700,42702.633,11.885,5524
 3701,42717.191,14.558,5524
 3702,42727.617,10.429,5524
 3703,42740.320,12.701,5524
 3704,42754.410,14.088,5524
 3705,42766.848,12.439,5524
 3706,42778.738,11.893,5524
 3707,42810.074,31.334,5524
 3708,42823.852,13.775,5524
 3709,42832.031, 8.181,5524
 3710,42840.898, 8.869,5524
 3711,42846.727, 5.828,5524
 3712,42854.641, 7.915,5524
 3713,42867.828,13.189,5524
 3714,42879.211,11.379,5524
 3715,42891.707,12.495,5524
 3716,42904.020,12.313,5524
 3717,42915.516,11.498,5524
 3718,42928.137,12.622,5524
 3719,42940.559,12.421,5524
 3720,42952.516,11.954,5524
 3721,42964.656,12.145,5524
 3722,42976.609,11.954,5524
 3723,42989.270,12.657,5524
 3724,43001.059,11.789,5524
 3725,43013.617,12.559,5524
 3726,43025.742,12.124,5524
 3727,43037.969,12.229,5524
 3728,43050.094,12.124,5524
 3729,43062.234,12.140,5524
 3730,43074.238,12.005,5524
 3731,43086.289,12.051,5524
 3732,43098.656,12.370,5524
 3733,43110.793,12.132,5524
 3734,43122.922,12.131,5524
 3735,43134.773,11.851,5524
 3736,43147.246,12.471,5524
 3737,43159.984,12.742,5524
 3738,43172.051,12.061,5524
 3739,43184.938,12.889,5524
 3740,43197.594,12.659,5524
 3741,43210.648,13.054,5524
 3742,43222.434,11.786,5524
 3743,43234.477,12.042,5524
 3744,43248.000,13.521,5524
 3745,43258.961,10.965,5524
 3746,43271.699,12.733,5524
 3747,43283.531,11.832,5524
 3748,43295.215,11.684,5524
 3749,43307.523,12.310,5524
 3750,43319.836,12.313,5524
 3751,43332.824,12.990,5524
 3752,43345.020,12.191,5524
 3753,43357.988,12.972,5524
 3754,43369.172,11.181,5524
 3755,43382.102,12.932,5524
 3756,43394.203,12.100,5524
 3757,43406.594,12.393,5524
 3758,43418.781,12.188,5524
 3759,43431.152,12.370,5524
 3760,43443.512,12.356,5524
 3761,43455.641,12.134,5524
 3762,43468.395,12.753,5524
 3763,43480.973,12.579,5524
 3764,43493.531,12.557,5524
 3765,43505.301,11.769,5524
 3766,43518.383,13.081,5524
 3767,43529.648,11.266,5524
 3768,43542.121,12.475,5524
 3769,43554.477,12.355,5524
 3770,43567.531,13.050,5524
 3771,43580.059,12.532,5524
 3772,43591.934,11.873,5524
 3773,43604.672,12.738,5524
 3774,43616.891,12.218,5524
 3775,43629.770,12.882,5524
 3776,43642.313,12.541,5524
 3777,43654.434,12.120,5524
 3778,43666.602,12.171,5524
 3779,43679.637,13.034,5524
 3780,43691.809,12.173,5524
 3781,43704.500,12.688,5524
 3782,43716.871,12.371,5524
 3783,43728.879,12.010,5524
 3784,43741.457,12.580,5524
 3785,43753.719,12.258,5524
 3786,43765.965,12.249,5524
 3787,43778.766,12.801,5524
 3788,43791.113,12.347,5524
 3789,43803.500,12.385,5524
 3790,43816.371,12.871,5524
 3791,43829.160,12.794,5524
 3792,43842.570,13.406,5524
 3793,43855.000,12.429,5524
 3794,43867.754,12.753,5524
 3795,43879.934,12.181,5524
 3796,43893.547,13.615,5524
 3797,43905.320,11.776,5524
 3798,43917.691,12.365,5524
 3799,43930.168,12.478,5524
 3800,43942.734,12.566,5524
 3801,43955.410,12.675,5524
 3802,43967.758,12.351,5524
 3803,43980.656,12.900,5524
 3804,43993.250,12.592,5524
 3805,44006.723,13.472,5524
 3806,44020.074,13.353,5524
 3807,44031.598,11.522,5524
 3808,44044.219,12.618,5524
 3809,44057.055,12.838,5524
 3810,44069.195,12.138,5524
 3811,44082.090,12.900,5524
 3812,44095.254,13.161,5524
 3813,44107.129,11.877,5524
 3814,44119.617,12.488,5524
 3815,44132.344,12.724,5524
 3816,44145.223,12.881,5524
 3817,44157.555,12.331,5524
 3818,44170.445,12.893,5524
 3819,44182.965,12.519,5524
 3820,44195.645,12.680,5524
 3821,44208.656,13.011,5524
 3822,44221.500,12.840,5524
 3823,44234.094,12.598,5524
 3824,44246.535,12.440,5524
 3825,44259.820,13.287,5524
 3826,44271.961,12.141,5524
 3827,44284.770,12.809,5524
 3828,44297.602,12.829,5524
 3829,44310.398,12.797,5524
 3830,44323.055,12.655,5524
 3831,44335.785,12.734,5524
 3832,44348.324,12.540,5524
 3833,44361.113,12.788,5524
 3834,44373.816,12.701,5524
 3835,44387.395,13.579,5524
 3836,44400.145,12.751,5524
 3837,44412.141,11.996,5524
 3838,44425.320,13.178,5524
 3839,44438.180,12.858,5524
 3840,44451.137,12.960,5524
 3841,44463.426,12.290,5524
 3842,44476.418,12.989,5524
 3843,44489.273,12.858,5524
 3844,44501.801,12.526,5524
 3845,44514.953,13.151,5524
 3846,44527.703,12.750,5524
 3847,44540.695,12.992,5524
 3848,44553.098,12.405,5524
 3849,44566.043,12.944,5524
 3850,44579.621,13.579,5524
 3851,44592.148,12.528,5524
 3852,44605.105,12.956,5524
 3853,44619.066,13.961,5524
 3854,44631.113,12.049,5524
 3855,44643.637,12.523,5524
 3856,44656.484,12.848,5524
 3857,44670.074,13.586,5524
 3858,44682.809,12.736,5524
 3859,44695.379,12.571,5524
 3860,44708.113,12.733,5524
 3861,44721.441,13.328,5524
 3862,44733.918,12.478,5524
 3863,44747.023,13.102,5524
 3864,44761.219,14.198,5524
 3865,44773.078,11.860,5524
 3866,44785.746,12.666,5524
 3867,44799.020,13.275,5524
 3868,44812.309,13.289,5524
 3869,44824.797,12.490,5524
 3870,44837.887,13.088,5524
 3871,44850.930,13.041,5524
 3872,44863.555,12.624,5524
 3873,44876.191,12.637,5524
 3874,44889.184,12.993,5524
 3875,44902.668,13.486,5524
 3876,44915.004,12.334,5524
 3877,44928.137,13.137,5524
 3878,44941.184,13.042,5524
 3879,44953.699,12.516,5524
 3880,44967.375,13.677,5524
 3881,44980.020,12.644,5524
 3882,44993.199,13.179,5524
 3883,45006.367,13.168,5524
 3884,45019.082,12.718,5524
 3885,45031.836,12.751,5524
 3886,45044.715,12.878,5524
 3887,45057.871,13.159,5524
 3888,45071.043,13.173,5524
 3889,45083.832,12.786,5524
 3890,45097.551,13.721,5524
 3891,45110.273,12.721,5524
 3892,45123.297,13.025,5524
 3893,45137.641,14.346,5524
 3894,45150.199,12.554,5524
 3895,45162.387,12.191,5524
 3896,45175.473,13.086,5524
 3897,45188.930,13.455,5524
 3898,45201.633,12.707,5524
 3899,45215.094,13.458,5524
 3900,45227.434,12.338,5524
 3901,45240.977,13.547,5524
 3902,45255.582,14.603,5524
 3903,45267.094,11.512,5524
 3904,45279.527,12.431,5524
 3905,45292.934,13.410,5524
 3906,45305.855,12.918,5524
 3907,45319.191,13.338,5524
 3908,45333.258,14.066,5524
 3909,45346.324,13.068,5524
 3910,45359.289,12.963,5524
 3911,45372.137,12.850,5524
 3912,45385.547,13.410,5524
 3913,45398.602,13.056,5524
 3914,45411.574,12.969,5524
 3915,45424.094,12.521,5524
 3916,45437.031,12.937,5524
 3917,45450.043,13.010,5524
 3918,45463.809,13.767,5524
 3919,45476.699,12.888,5524
 3920,45489.672,12.973,5524
 3921,45502.105,12.437,5524
 3922,45515.758,13.651,5524
 3923,45529.430,13.673,5524
 3924,45542.391,12.960,5524
 3925,45555.594,13.202,5524
 3926,45569.035,13.442,5524
 3927,45582.008,12.973,5524
 3928,45595.633,13.626,5524
 3929,45608.629,12.997,5524
 3930,45621.480,12.854,5524
 3931,45634.352,12.867,5524
 3932,45647.551,13.198,5524
 3933,45660.469,12.920,5524
 3934,45674.188,13.719,5524
 3935,45687.246,13.057,5524
 3936,45700.988,13.746,5524
 3937,45713.488,12.498,5524
 3938,45727.035,13.543,5524
 3939,45740.102,13.071,5524
 3940,45753.469,13.366,5524
 3941,45767.285,13.816,5524
 3942,45780.051,12.765,5524
 3943,45793.559,13.507,5524
 3944,45806.707,13.148,5524
 3945,45819.953,13.251,5524
 3946,45833.090,13.136,5524
 3947,45847.027,13.933,5524
 3948,45859.426,12.401,5524
 3949,45872.371,12.943,5524
 3950,45886.113,13.744,5524
 3951,45900.250,14.139,5524
 3952,45913.172,12.917,5524
 3953,45925.547,12.379,5524
 3954,45938.574,13.026,5524
 3955,45951.746,13.170,5524
 3956,45965.590,13.847,5524
 3957,45979.387,13.796,5524
 3958,45991.984,12.600,5524
 3959,46005.059,13.070,5524
 3960,46018.797,13.742,5524
 3961,46032.180,13.377,5524
 3962,46044.770,12.594,5524
 3963,46057.809,13.042,5524
 3964,46071.398,13.586,5524
 3965,46084.563,13.166,5524
 3966,46097.813,13.249,5524
 3967,46111.074,13.261,5524
 3968,46124.680,13.605,5524
 3969,46138.207,13.527,5524
 3970,46151.516,13.306,5524
 3971,46164.195,12.680,5524
 3972,46177.594,13.404,5524
 3973,46191.336,13.739,5524
 3974,46204.332,12.993,5524
 3975,46217.516,13.185,5524
 3976,46230.859,13.346,5524
 3977,46244.500,13.638,5524
 3978,46257.625,13.128,5524
 3979,46271.051,13.427,5524
 3980,46284.594,13.542,5524
 3981,46298.176,13.580,5524
 3982,46311.367,13.193,5524
 3983,46324.340,12.970,5524
 3984,46337.852,13.513,5524
 3985,46351.406,13.556,5524
 3986,46364.996,13.588,5524
 3987,46378.129,13.134,5524
 3988,46391.227,13.098,5524
 3989,46405.441,14.216,5524
 3990,46418.258,12.816,5524
 3991,46431.297,13.040,5524
 3992,46444.508,13.210,5524
 3993,46458.355,13.845,5524
 3994,46471.480,13.129,5524
 3995,46484.930,13.450,5524
 3996,46498.215,13.283,5524
 3997,46512.281,14.066,5524
 3998,46525.863,13.580,5524
 3999,46539.332,13.470,5524
 4000,46552.254,12.922,5524
 4001,46566.395,14.141,5524
 4002,46580.281,13.886,5524
 4003,46593.523,13.243,5524
 4004,46606.625,13.102,5524
 4005,46620.539,13.915,5524
 4006,46634.055,13.515,5524
 4007,46648.012,13.956,5524
 4008,46660.875,12.864,5524
 4009,46675.430,14.555,5524
 4010,46689.172,13.738,5524
 4011,46701.473,12.307,5524
 4012,46715.684,14.205,5524
 4013,46728.945,13.267,5524
 4014,46742.371,13.421,5524
 4015,46755.363,12.993,5524
 4016,46769.563,14.201,5524
 4017,46783.906,14.343,5524
 4018,46796.934,13.028,5524
 4019,46810.867,13.935,5524
 4020,46823.801,12.934,5524
 4021,46837.578,13.776,5524
 4022,46851.320,13.742,5524
 4023,46864.484,13.166,5524
 4024,46878.012,13.522,5524
 4025,46892.203,14.193,5524
 4026,46905.961,13.762,5524
 4027,46919.930,13.966,5524
 4028,46933.289,13.363,5524
 4029,46946.555,13.263,5524
 4030,46960.402,13.845,5524
 4031,46974.625,14.226,5524
 4032,46987.926,13.301,5524
 4033,47000.957,13.030,5524
 4034,47015.000,14.040,5524
 4035,47028.480,13.484,5524
 4036,47042.473,13.993,5524
 4037,47056.285,13.811,5524
 4038,47069.852,13.566,5524
 4039,47082.969,13.117,5524
 4040,47096.684,13.713,5524
 4041,47110.664,13.982,5524
 4042,47123.766,13.102,5524
 4043,47137.492,13.723,5524
 4044,47151.273,13.786,5524
 4045,47164.703,13.429,5524
 4046,47178.297,13.597,5524
 4047,47192.387,14.085,5524
 4048,47206.098,13.714,5524
 4049,47219.820,13.724,5524
 4050,47233.277,13.456,5524
 4051,47247.242,13.964,5524
 4052,47260.777,13.537,5524
 4053,47274.484,13.707,5524
 4054,47288.219,13.732,5524
 4055,47302.238,14.020,5524
 4056,47316.004,13.763,5524
 4057,47329.691,13.689,5524
 4058,47343.082,13.393,5524
 4059,47356.762,13.676,5524
 4060,47371.297,14.536,5524
 4061,47384.500,13.200,5524
 4062,47398.574,14.079,5524
 4063,47412.438,13.863,5524
 4064,47426.449,14.012,5524
 4065,47441.852,15.399,5524
 4066,47455.137,13.288,5524
 4067,47468.121,12.987,5524
 4068,47482.320,14.197,5524
 4069,47496.102,13.780,5524
 4070,47510.059,13.958,5524
 4071,47523.492,13.432,5524
 4072,47537.590,14.099,5524
 4073,47551.883,14.294,5524
 4074,47566.180,14.295,5524
 4075,47579.391,13.212,5524
 4076,47592.996,13.604,5524
 4077,47607.395,14.397,5524
 4078,47621.055,13.662,5524
 4079,47635.211,14.157,5524
 4080,47648.938,13.729,5524
 4081,47662.973,14.035,5524
 4082,47677.246,14.271,5524
 4083,47691.203,13.954,5524
 4084,47704.969,13.771,5524
 4085,47719.402,14.429,5524
 4086,47732.418,13.020,5524
 4087,47746.867,14.444,5524
 4088,47761.020,14.153,5524
 4089,47774.555,13.536,5524
 4090,47788.258,13.706,5524
 4091,47802.328,14.068,5524
 4092,47817.004,14.676,5524
 4093,47831.219,14.213,5524
 4094,47844.723,13.506,5524
 4095,47858.387,13.664,5524
 4096,47873.078,14.691,5524
 4097,47886.383,13.304,5524
 4098,47900.387,14.005,5524
 4099,47913.668,13.280,5524
 4100,47927.961,14.297,5524
 4101,47941.957,13.995,5524
 4102,47956.152,14.198,5524
 4103,47969.645,13.491,5524
 4104,47984.535,14.887,5524
 4105,47998.043,13.507,5524
 4106,48012.145,14.106,5524
 4107,48026.098,13.951,5524
 4108,48040.496,14.397,5524
 4109,48054.609,14.115,5524
 4110,48068.078,13.468,5524
 4111,48081.613,13.537,5524
 4112,48096.195,14.578,5524
 4113,48110.125,13.933,5524
 4114,48124.297,14.174,5524
 4115,48138.695,14.393,5524
 4116,48151.410,12.715,5524
 4117,48165.785,14.379,5524
 4118,48179.949,14.163,5524
 4119,48194.539,14.588,5524
 4120,48208.633,14.098,5524
 4121,48221.336,12.699,5524
 4122,48235.695,14.358,5524
 4123,48249.188,13.493,5524
 4124,48263.504,14.315,5524
 4125,48277.090,13.587,5524
 4126,48290.742,13.654,5524
 4127,48304.227,13.483,5524
 4128,48318.797,14.572,5524
 4129,48332.750,13.954,5524
 4130,48347.305,14.557,5524
 4131,48360.848,13.537,5524
 4132,48374.258,13.412,5524
 4133,48388.098,13.841,5524
 4134,48402.008,13.909,5524
 4135,48415.734,13.727,5524
 4136,48430.063,14.329,5524
 4137,48443.633,13.573,5524
 4138,48457.848,14.209,5524
 4139,48471.969,14.127,5524
 4140,48485.508,13.534,5524
 4141,48499.492,13.984,5524
 4142,48513.531,14.042,5524
 4143,48527.141,13.609,5524
 4144,48541.137,13.999,5524
 4145,48555.043,13.904,5524
 4146,48569.086,14.043,5524
 4147,48583.648,14.563,5524
 4148,48596.637,12.988,5524
 4149,48610.531,13.892,5524
 4150,48623.914,13.384,5524
 4151,48637.770,13.858,5524
 4152,48652.016,14.241,5524
 4153,48665.574,13.560,5524
 4154,48679.496,13.921,5524
 4155,48693.113,13.622,5524
 4156,48706.973,13.857,5524
 4157,48721.422,14.449,5524
 4158,48734.941,13.521,5524
 4159,48748.992,14.046,5524
 4160,48762.621,13.632,5524
 4161,48776.383,13.762,5524
 4162,48790.133,13.750,5524
 4163,48803.723,13.591,5524
 4164,48817.945,14.223,5524
 4165,48831.930,13.981,5524
 4166,48845.695,13.766,5524
 4167,48858.965,13.271,5524
 4168,48872.930,13.965,5524
 4169,48887.316,14.387,5524
 4170,48900.793,13.477,5524
 4171,48914.805,14.012,5524
 4172,48929.242,14.438,5524
 4173,48941.914,12.671,5524
 4174,48955.379,13.462,5524
 4175,48969.770,14.394,5524
 4176,48983.027,13.254,5524
 4177,48996.426,13.403,5524
 4178,49010.355,13.925,5524
 4179,49024.234,13.883,5524
 4180,49038.430,14.193,5524
 4181,49051.289,12.862,5524
 4182,49065.113,13.823,5524
 4183,49079.066,13.954,5524
 4184,49091.988,12.917,5524
 4185,49105.816,13.834,5524
 4186,49119.586,13.765,5524
 4187,49133.828,14.241,5524
 4188,49147.289,13.463,5524
 4189,49160.645,13.359,5524
 4190,49174.633,13.987,5524
 4191,49188.043,13.409,5524
 4192,49201.828,13.784,5524
 4193,49215.434,13.609,5524
 4194,49228.953,13.520,5524
 4195,49242.809,13.855,5524
 4196,49256.863,14.052,5524
 4197,49271.129,14.267,5524
 4198,49284.379,13.246,5524
 4199,49298.195,13.816,5524
 4200,49312.504,14.310,5524
 4201,49326.520,14.016,5524
 4202,49340.422,13.905,5524
 4203,49353.605,13.184,5524
 4204,49366.594,12.986,5524
 4205,49380.887,14.292,5524
 4206,49394.395,13.511,5524
 4207,49408.012,13.613,5524
 4208,49421.523,13.512,5524
 4209,49435.117,13.596,5524
 4210,49448.816,13.701,5524
 4211,49462.410,13.592,5524
 4212,49475.738,13.326,5524
 4213,49489.297,13.562,5524
 4214,49503.547,14.249,5524
 4215,49517.102,13.556,5524
 4216,49530.828,13.723,5524
 4217,49544.434,13.609,5524
 4218,49558.770,14.337,5524
 4219,49572.266,13.492,5524
 4220,49585.578,13.313,5524
 4221,49598.906,13.330,5524
 4222,49612.582,13.674,5524
 4223,49626.027,13.446,5524
 4224,49640.121,14.095,5524
 4225,49653.523,13.399,5524
 4226,49667.496,13.974,5524
 4227,49680.879,13.384,5524
 4228,49694.527,13.647,5524
 4229,49708.211,13.683,5524
 4230,49721.797,13.589,5524
 4231,49735.855,14.057,5524
 4232,49749.059,13.201,5524
 4233,49761.957,12.902,5524
 4234,49776.199,14.239,5524
 4235,49789.559,13.362,5524
 4236,49802.969,13.409,5524
 4237,49816.551,13.581,5524
 4238,49830.379,13.831,5524
 4239,49843.609,13.230,5524
 4240,49857.301,13.693,5524
 4241,49870.414,13.112,5524
 4242,49884.180,13.765,5524
 4243,49898.098,13.920,5524
 4244,49911.754,13.653,5524
 4245,49925.609,13.859,5524
 4246,49939.848,14.234,5524
 4247,49953.059,13.210,5524
 4248,49965.777,12.722,5524
 4249,49980.027,14.249,5524
 4250,49993.055,13.028,5524
 4251,50007.297,14.242,5524
 4252,50020.809,13.512,5524
 4253,50035.168,14.356,5524
 4254,50047.965,12.801,5524
 4255,50062.699,14.732,5524
 4256,50074.777,12.082,5524
 4257,50088.668,13.884,5524
 4258,50102.461,13.798,5524
 4259,50116.418,13.955,5524
 4260,50129.020,12.603,5524
 4261,50143.281,14.261,5524
 4262,50156.836,13.554,5524
 4263,50170.473,13.641,5524
 4264,50183.141,12.665,5524
 4265,50197.203,14.063,5524
 4266,50211.336,14.129,5524
 4267,50224.965,13.632,5524
 4268,50237.715,12.750,5524
 4269,50251.395,13.679,5524
 4270,50264.480,13.086,5524
 4271,50277.875,13.396,5524
 4272,50291.586,13.712,5524
 4273,50305.129,13.541,5524
 4274,50318.602,13.473,5524
 4275,50331.742,13.141,5524
 4276,50344.918,13.176,5524
 4277,50358.656,13.735,5524
 4278,50372.531,13.878,5524
 4279,50385.781,13.250,5524
 4280,50399.559,13.776,5524
 4281,50412.324,12.766,5524
 4282,50425.965,13.642,5524
 4283,50439.637,13.673,5524
 4284,50452.988,13.347,5524
 4285,50466.703,13.716,5524
 4286,50480.074,13.371,5524
 4287,50493.969,13.899,5524
 4288,50507.363,13.389,5524
 4289,50520.898,13.535,5524
 4290,50533.887,12.990,5524
 4291,50547.395,13.508,5524
 4292,50561.215,13.820,5524
 4293,50574.539,13.325,5524
 4294,50587.063,12.523,5524
 4295,50601.242,14.178,5524
 4296,50614.922,13.681,5524
 4297,50627.727,12.806,5524
 4298,50641.043,13.314,5524
 4299,50654.785,13.745,5524
 4300,50667.488,12.699,5524
 4301,50680.875,13.387,5524
 4302,50694.398,13.526,5524
 4303,50707.844,13.445,5524
 4304,50721.234,13.393,5524
 4305,50735.047,13.810,5524
 4306,50748.383,13.335,5524
 4307,50761.441,13.063,5524
 4308,50774.711,13.265,5524
 4309,50788.199,13.488,5524
 4310,50801.836,13.636,5524
 4311,50815.203,13.371,5524
 4312,50828.738,13.535,5524
 4313,50841.746,13.009,5524
 4314,50855.836,14.084,5524
 4315,50869.457,13.626,5524
 4316,50882.820,13.360,5524
 4317,50895.309,12.492,5524
 4318,50909.117,13.807,5524
 4319,50922.543,13.426,5524
 4320,50935.785,13.241,5524
 4321,50948.914,13.129,5524
 4322,50962.402,13.488,5524
 4323,50975.945,13.544,5524
 4324,50989.047,13.101,5524
 4325,51002.199,13.151,5524
 4326,51015.762,13.567,5524
 4327,51029.418,13.656,5524
 4328,51042.852,13.430,5524
 4329,51056.125,13.276,5524
 4330,51069.348,13.220,5524
 4331,51082.922,13.575,5524
 4332,51096.270,13.349,5524
 4333,51109.820,13.550,5524
 4334,51123.027,13.208,5524
 4335,51136.645,13.619,5524
 4336,51150.035,13.388,5524
 4337,51162.805,12.771,5524
 4338,51177.133,14.329,5524
 4339,51190.695,13.559,5524
 4340,51203.723,13.026,5524
 4341,51216.387,12.665,5524
 4342,51229.426,13.042,5524
 4343,51243.504,14.075,5524
 4344,51257.215,13.712,5524
 4345,51269.793,12.578,5524
 4346,51283.473,13.684,5524
 4347,51296.375,12.897,5524
 4348,51309.418,13.046,5524
 4349,51323.086,13.667,5524
 4350,51336.203,13.118,5524
 4351,51350.418,14.215,5524
 4352,51363.867,13.447,5524
 4353,51377.230,13.364,5524
 4354,51390.309,13.080,5524
 4355,51404.035,13.725,5524
 4356,51416.953,12.917,5524
 4357,51430.453,13.503,5524
 4358,51444.023,13.568,5524
 4359,51457.500,13.476,5524
 4360,51471.020,13.520,5524
 4361,51483.441,12.425,5524
 4362,51496.957,13.514,5524
 4363,51510.609,13.651,5524
 4364,51523.367,12.756,5524
 4365,51537.586,14.222,5524
 4366,51550.238,12.651,5524
 4367,51563.898,13.660,5524
 4368,51576.898,12.999,5524
 4369,51590.016,13.116,5524
 4370,51603.453,13.440,5524
 4371,51616.883,13.427,5524
 4372,51630.395,13.512,5524
 4373,51643.832,13.439,5524
 4374,51656.535,12.702,5524
 4375,51670.477,13.946,5524
 4376,51683.238,12.759,5524
 4377,51696.395,13.157,5524
 4378,51709.574,13.179,5524
 4379,51723.555,13.982,5524
 4380,51736.523,12.965,5524
 4381,51749.969,13.448,5524
 4382,51763.625,13.658,5524
 4383,51777.168,13.539,5524
 4384,51790.863,13.697,5524
 4385,51803.625,12.764,5524
 4386,51817.176,13.546,5524
 4387,51830.492,13.319,5524
 4388,51843.641,13.149,5524
 4389,51856.672,13.028,5524
 4390,51870.172,13.502,5524
 4391,51884.379,14.209,5524
 4392,51897.641,13.262,5524
 4393,51911.098,13.458,5524
 4394,51924.180,13.079,5524
 4395,51937.570,13.393,5524
 4396,51950.664,13.091,5524
 4397,51964.984,14.319,5524
 4398,51977.809,12.830,5524
 4399,51990.855,13.042,5524
 4400,52004.082,13.229,5524
 4401,52017.664,13.578,5524
 4402,52031.602,13.941,5524
 4403,52044.777,13.174,5524
 4404,52057.695,12.919,5524
 4405,52071.012,13.317,5524
 4406,52084.594,13.582,5524
 4407,52098.039,13.443,5524
 4408,52111.242,13.206,5524
 4409,52124.703,13.459,5524
 4410,52138.387,13.684,5524
 4411,52151.426,13.039,5524
 4412,52164.109,12.686,5524
 4413,52178.082,13.972,5524
 4414,52191.348,13.264,5524
 4415,52204.652,13.304,5524
 4416,52218.242,13.593,5524
 4417,52231.852,13.606,5524
 4418,52244.793,12.946,5524
 4419,52258.715,13.916,5524
 4420,52272.371,13.659,5524
 4421,52285.777,13.409,5524
 4422,52298.590,12.810,5524
 4423,52312.293,13.703,5524
 4424,52324.930,12.636,5524
 4425,52338.727,13.798,5524
 4426,52352.137,13.413,5524
 4427,52365.977,13.836,5524
 4428,52379.586,13.609,5524
 4429,52392.910,13.326,5524
 4430,52406.660,13.748,5524
 4431,52420.934,14.275,5524
 4432,52432.887,11.951,5524
 4433,52446.391,13.504,5524
 4434,52460.266,13.879,5524
 4435,52473.523,13.255,5524
 4436,52486.516,12.991,5524
 4437,52500.434,13.922,5524
 4438,52513.875,13.436,5524
 4439,52527.066,13.196,5524
 4440,52540.941,13.874,5524
 4441,52553.391,12.447,5524
 4442,52567.109,13.722,5524
 4443,52580.875,13.765,5524
 4444,52594.379,13.501,5524
 4445,52607.730,13.355,5524
 4446,52621.418,13.687,5524
 4447,52635.184,13.763,5524
 4448,52648.215,13.032,5524
 4449,52661.691,13.476,5524
 4450,52675.625,13.934,5524
 4451,52688.387,12.760,5524
 4452,52702.211,13.825,5524
 4453,52715.723,13.514,5524
 4454,52728.867,13.141,5524
 4455,52742.324,13.456,5524
 4456,52755.340,13.020,5524
 4457,52769.254,13.914,5524
 4458,52783.043,13.786,5524
 4459,52796.281,13.240,5524
 4460,52810.344,14.062,5524
 4461,52823.375,13.033,5524
 4462,52836.773,13.399,5524
 4463,52849.988,13.214,5524
 4464,52863.465,13.480,5524
 4465,52876.750,13.283,5524
 4466,52890.336,13.582,5524
 4467,52903.641,13.311,5524
 4468,52917.793,14.150,5524
 4469,52931.059,13.264,5524
 4470,52943.965,12.908,5524
 4471,52957.836,13.870,5524
 4472,52971.473,13.639,5524
 4473,52984.992,13.514,5524
 4474,52998.164,13.173,5524
 4475,53011.695,13.532,5524
 4476,53025.047,13.352,5524
 4477,53039.008,13.961,5524
 4478,53051.996,12.988,5524
 4479,53065.133,13.138,5524
 4480,53078.641,13.508,5524
 4481,53092.652,14.008,5524
 4482,53106.074,13.426,5524
 4483,53118.852,12.775,5524
 4484,53132.496,13.645,5524
 4485,53145.785,13.293,5524
 4486,53159.461,13.673,5524
 4487,53173.148,13.683,5524
 4488,53186.355,13.208,5524
 4489,53199.730,13.377,5524
 4490,53213.715,13.985,5524
 4491,53226.859,13.142,5524
 4492,53240.258,13.401,5524
 4493,53253.914,13.659,5524
 4494,53266.641,12.725,5524
 4495,53280.516,13.871,5524
 4496,53293.246,12.735,5524
 4497,53306.539,13.289,5524
 4498,53320.402,13.864,5524
 4499,53333.762,13.364,5524
 4500,53347.992,14.226,5524
 4501,53361.773,13.785,5524
 4502,53374.172,12.394,5524
 4503,53387.621,13.453,5524
 4504,53401.457,13.835,5524
 4505,53414.559,13.102,5524
 4506,53427.578,13.019,5524
 4507,53441.445,13.869,5524
 4508,53454.723,13.275,5524
 4509,53468.848,14.124,5524
 4510,53481.516,12.667,5524
 4511,53495.223,13.709,5524
 4512,53509.180,13.954,5524
 4513,53522.543,13.366,5524
 4514,53535.652,13.108,5524
 4515,53549.656,14.003,5524
 4516,53563.773,14.120,5524
 4517,53576.410,12.637,5524
 4518,53590.410,13.999,5524
 4519,53603.328,12.918,5524
 4520,53616.094,12.768,5524
 4521,53630.305,14.210,5524
 4522,53642.723,12.417,5524
 4523,53656.941,14.219,5524
 4524,53669.688,12.745,5524
 4525,53683.641,13.955,5524
 4526,53696.605,12.966,5524
 4527,53709.844,13.235,5524
 4528,53723.547,13.705,5524
 4529,53736.609,13.061,5524
 4530,53750.586,13.977,5524
 4531,53763.707,13.121,5524
 4532,53777.063,13.355,5524
 4533,53790.418,13.355,5524
 4534,53804.156,13.739,5524
 4535,53817.836,13.681,5524
 4536,53831.129,13.296,5524
 4537,53844.223,13.091,5524
 4538,53857.504,13.279,5524
 4539,53871.102,13.600,5524
 4540,53884.738,13.638,5524
 4541,53898.047,13.307,5524
 4542,53911.172,13.124,5524
 4543,53924.859,13.685,5524
 4544,53938.684,13.824,5524
 4545,53951.828,13.146,5524
 4546,53965.242,13.417,5524
 4547,53979.078,13.834,5524
 4548,53992.527,13.449,5524
 4549,54006.188,13.659,5524
 4550,54019.695,13.509,5524
 4551,54032.441,12.748,5524
 4552,54045.633,13.190,5524
 4553,54059.121,13.488,5524
 4554,54072.605,13.485,5524
 4555,54086.395,13.789,5524
 4556,54101.090,14.695,5524
 4557,54113.625,12.539,5524
 4558,54127.789,14.161,5524
 4559,54141.133,13.344,5524
 4560,54154.105,12.972,5524
 4561,54167.605,13.500,5524
 4562,54181.402,13.795,5524
 4563,54194.922,13.522,5524
 4564,54209.227,14.305,5524
 4565,54221.863,12.636,5524
 4566,54235.188,13.321,5524
 4567,54249.613,14.431,5524
 4568,54262.785,13.171,5524
 4569,54275.902,13.115,5524
 4570,54290.129,14.227,5524
 4571,54303.102,12.975,5524
 4572,54317.184,14.078,5524
 4573,54331.078,13.896,5524
 4574,54344.223,13.144,5524
 4575,54358.047,13.826,5524
 4576,54371.531,13.482,5524
 4577,54384.914,13.386,5524
 4578,54398.410,13.493,5524
 4579,54412.098,13.688,5524
 4580,54425.664,13.566,5524
 4581,54438.410,12.749,5524
 4582,54451.836,13.424,5524
 4583,54465.293,13.460,5524
 4584,54478.715,13.421,5524
 4585,54493.180,14.464,5524
 4586,54506.543,13.362,5524
 4587,54520.203,13.661,5524
 4588,54534.281,14.078,5524
 4589,54547.172,12.890,5524
 4590,54560.320,13.148,5524
 4591,54574.012,13.689,5524
 4592,54587.594,13.587,5524
 4593,54601.516,13.920,5524
 4594,54614.273,12.759,5524
 4595,54628.004,13.729,5524
 4596,54641.363,13.359,5524
 4597,54654.742,13.381,5524
 4598,54668.598,13.856,5524
 4599,54681.348,12.746,5524
 4600,54695.137,13.794,5524
 4601,54709.988,14.847,5524
 4602,54722.941,12.956,5524
 4603,54735.988,13.042,5524
 4604,54748.680,12.693,5524
 4605,54762.262,13.585,5524
 4606,54774.980,12.717,5524
 4607,54788.730,13.751,5524
 4608,54802.125,13.397,5524
 4609,54815.328,13.200,5524
 4610,54828.402,13.077,5524
 4611,54842.742,14.337,5524
 4612,54855.895,13.152,5524
 4613,54869.727,13.832,5524
 4614,54882.813,13.083,5524
 4615,54896.227,13.418,5524
 4616,54909.738,13.511,5524
 4617,54923.961,14.224,5524
 4618,54936.188,12.224,5524
 4619,54951.242,15.059,5524
 4620,54964.066,12.824,5524
 4621,54976.793,12.728,5524
 4622,54990.266,13.471,5524
 4623,55003.629,13.362,5524
 4624,55017.410,13.781,5524
 4625,55030.340,12.929,5524
 4626,55044.395,14.057,5524
 4627,55057.297,12.903,5524
 4628,55070.996,13.693,5524
 4629,55084.480,13.485,5524
 4630,55097.387,12.911,5524
 4631,55110.676,13.286,5524
 4632,55124.316,13.638,5524
 4633,55137.895,13.582,5524
 4634,55151.445,13.553,5524
 4635,55164.875,13.427,5524
 4636,55178.109,13.235,5524
 4637,55191.219,13.111,5524
 4638,55204.266,13.047,5524
 4639,55217.301,13.035,5524
 4640,55230.633,13.333,5524
 4641,55244.566,13.931,5524
 4642,55258.164,13.598,5524
 4643,55270.957,12.794,5524
 4644,55284.703,13.744,5524
 4645,55297.711,13.008,5524
 4646,55311.012,13.299,5524
 4647,55324.520,13.508,5524
 4648,55337.648,13.128,5524
 4649,55351.078,13.433,5524
 4650,55364.219,13.139,5524
 4651,55377.879,13.661,5524
 4652,55391.004,13.123,5524
 4653,55403.805,12.806,5524
 4654,55417.066,13.259,5524
 4655,55430.602,13.534,5524
 4656,55443.852,13.251,5524
 4657,55457.961,14.113,5524
 4658,55471.590,13.627,5524
 4659,55484.988,13.395,5524
 4660,55498.668,13.678,5524
 4661,55512.762,14.098,5524
 4662,55525.258,12.494,5524
 4663,55537.992,12.734,5524
 4664,55551.434,13.443,5524
 4665,55564.113,12.681,5524
 4666,55577.762,13.647,5524
 4667,55590.816,13.052,5524
 4668,55604.082,13.268,5524
 4669,55616.969,12.891,5524
 4670,55630.652,13.680,5524
 4671,55644.191,13.539,5524
 4672,55657.484,13.290,5524
 4673,55670.672,13.190,5524
 4674,55684.051,13.377,5524
 4675,55698.023,13.975,5524
 4676,55710.828,12.802,5524
 4677,55723.844,13.015,5524
 4678,55737.074,13.234,5524
 4679,55750.180,13.103,5524
 4680,55763.516,13.338,5524
 4681,55777.691,14.177,5524
 4682,55790.426,12.732,5524
 4683,55803.633,13.208,5524
 4684,55817.348,13.716,5524
 4685,55829.980,12.631,5524
 4686,55843.949,13.970,5524
 4687,55857.020,13.069,5524
 4688,55869.836,12.817,5524
 4689,55883.016,13.178,5524
 4690,55896.359,13.344,5524
 4691,55909.922,13.565,5524
 4692,55922.629,12.707,5524
 4693,55935.852,13.220,5524
 4694,55949.023,13.172,5524
 4695,55962.309,13.284,5524
 4696,55975.840,13.532,5524
 4697,55989.438,13.600,5524
 4698,56002.836,13.398,5524
 4699,56014.980,12.141,5524
 4700,56028.188,13.211,5524
 4701,56041.723,13.535,5524
 4702,56054.910,13.189,5524
 4703,56068.930,14.017,5524
 4704,56081.668,12.738,5524
 4705,56095.492,13.822,5524
 4706,56108.383,12.895,5524
 4707,56121.004,12.620,5524
 4708,56134.598,13.595,5524
 4709,56147.652,13.054,5524
 4710,56160.816,13.162,5524
 4711,56173.426,12.610,5524
 4712,56187.090,13.664,5524
 4713,56200.539,13.448,5524
 4714,56213.672,13.134,5524
 4715,56226.629,12.960,5524
 4716,56240.707,14.075,5524
 4717,56252.848,12.141,5524
 4718,56266.043,13.196,5524
 4719,56279.227,13.185,5524
 4720,56292.324,13.093,5524
 4721,56305.395,13.076,5524
 4722,56318.836,13.436,5524
 4723,56332.652,13.817,5524
 4724,56344.902,12.252,5524
 4725,56358.488,13.586,5524
 4726,56371.535,13.048,5524
 4727,56384.699,13.161,5524
 4728,56398.559,13.861,5524
 4729,56410.730,12.171,5524
 4730,56424.176,13.447,5524
 4731,56437.801,13.627,5524
 4732,56451.313,13.507,5524
 4733,56464.195,12.887,5524
 4734,56478.523,14.324,5524
 4735,56490.664,12.142,5524
 4736,56504.219,13.556,5524
 4737,56517.582,13.363,5524
 4738,56530.938,13.356,5524
 4739,56543.926,12.989,5524
 4740,56557.773,13.849,5524
 4741,56570.664,12.886,5524
 4742,56584.957,14.298,5524
 4743,56598.066,13.106,5524
 4744,56613.082,15.018,5524
 4745,56625.609,12.525,5524
 4746,56638.738,13.128,5524
 4747,56651.980,13.241,5524
 4748,56665.027,13.048,5524
 4749,56678.664,13.638,5524
 4750,56692.051,13.389,5524
 4751,56704.574,12.522,5524
 4752,56718.660,14.082,5524
 4753,56731.691,13.033,5524
 4754,56744.559,12.870,5524
 4755,56757.660,13.101,5524
 4756,56771.520,13.859,5524
 4757,56784.797,13.279,5524
 4758,56798.508,13.709,5524
 4759,56811.363,12.853,5524
 4760,56824.676,13.315,5524
 4761,56837.996,13.317,5524
 4762,56850.867,12.876,5524
 4763,56864.195,13.325,5524
 4764,56877.270,13.078,5524
 4765,56890.480,13.207,5524
 4766,56903.840,13.360,5524
 4767,56916.867,13.026,5524
 4768,56930.496,13.630,5524
 4769,56943.938,13.444,5524
 4770,56956.602,12.665,5524
 4771,56969.789,13.186,5524
 4772,56983.109,13.320,5524
 4773,56997.125,14.018,5524
 4774,57010.191,13.062,5524
 4775,57023.914,13.723,5524
 4776,57037.340,13.427,5524
 4777,57050.766,13.426,5524
 4778,57064.020,13.253,5524
 4779,57076.738,12.722,5524
 4780,57090.148,13.405,5524
 4781,57103.602,13.457,5524
 4782,57116.898,13.296,5524
 4783,57129.734,12.835,5524
 4784,57142.996,13.260,5524
 4785,57156.152,13.156,5524
 4786,57168.945,12.797,5524
 4787,57181.957,13.012,5524
 4788,57195.363,13.406,5524
 4789,57207.855,12.491,5524
 4790,57221.063,13.206,5524
 4791,57234.219,13.157,5524
 4792,57247.148,12.926,5524
 4793,57260.098,12.953,5524
 4794,57273.219,13.123,5524
 4795,57286.500,13.276,5524
 4796,57299.543,13.046,5524
 4797,57313.145,13.601,5524
 4798,57325.973,12.825,5524
 4799,57339.191,13.223,5524
 4800,57351.875,12.685,5524
 4801,57364.773,12.899,5524
 4802,57378.676,13.901,5524
 4803,57391.414,12.739,5524
 4804,57403.883,12.465,5524
 4805,57417.234,13.355,5524
 4806,57431.031,13.795,5524
 4807,57444.121,13.090,5524
 4808,57457.129,13.012,5524
 4809,57470.578,13.446,5524
 4810,57484.434,13.854,5524
 4811,57497.930,13.498,5524
 4812,57510.500,12.568,5524
 4813,57524.348,13.847,5524
 4814,57537.707,13.363,5524
 4815,57550.898,13.191,5524
 4816,57563.410,12.509,5524
 4817,57577.027,13.616,5524
 4818,57590.160,13.134,5524
 4819,57603.938,13.780,5524
 4820,57616.961,13.022,5524
 4821,57629.734,12.774,5524
 4822,57642.676,12.941,5524
 4823,57656.203,13.525,5524
 4824,57669.477,13.273,5524
 4825,57683.297,13.823,5524
 4826,57696.316,13.017,5524
 4827,57709.242,12.931,5524
 4828,57722.688,13.442,5524
 4829,57735.938,13.250,5524
 4830,57750.074,14.137,5524
 4831,57763.531,13.456,5524
 4832,57775.930,12.401,5524
 4833,57789.383,13.453,5524
 4834,57802.379,12.995,5524
 4835,57815.164,12.782,5524
 4836,57828.656,13.495,5524
 4837,57841.609,12.956,5524
 4838,57855.090,13.477,5524
 4839,57868.453,13.365,5524
 4840,57881.461,13.010,5524
 4841,57895.906,14.441,5524
 4842,57908.277,12.374,5524
 4843,57921.082,12.805,5524
 4844,57934.352,13.266,5524
 4845,57947.047,12.696,5524
 4846,57960.398,13.353,5524
 4847,57973.516,13.118,5524
 4848,57986.098,12.581,5524
 4849,57999.215,13.116,5524
 4850,58012.695,13.480,5524
 4851,58025.070,12.377,5524
 4852,58037.957,12.888,5524
 4853,58051.531,13.574,5524
 4854,58064.883,13.348,5524
 4855,58078.262,13.383,5524
 4856,58091.629,13.368,5524
 4857,58104.785,13.154,5524
 4858,58118.371,13.586,5524
 4859,58131.988,13.616,5524
 4860,58145.445,13.458,5524
 4861,58159.844,14.398,5524
 4862,58171.176,11.330,5524
 4863,58184.484,13.308,5524
 4864,58198.090,13.608,5524
 4865,58211.074,12.987,5524
 4866,58225.145,14.065,5524
 4867,58237.953,12.813,5524
 4868,58251.840,13.883,5524
 4869,58264.457,12.622,5524
 4870,58277.977,13.515,5524
 4871,58291.348,13.373,5524
 4872,58304.809,13.458,5524
 4873,58318.234,13.428,5524
 4874,58331.746,13.511,5524
 4875,58344.805,13.057,5524
 4876,58357.992,13.188,5524
 4877,58370.609,12.620,5524
 4878,58384.051,13.440,5524
 4879,58396.977,12.925,5524
 4880,58410.410,13.438,5524
 4881,58424.105,13.695,5524
 4882,58437.297,13.191,5524
 4883,58450.238,12.939,5524
 4884,58463.219,12.981,5524
 4885,58476.398,13.181,5524
 4886,58489.523,13.123,5524
 4887,58502.109,12.587,5524
 4888,58515.219,13.109,5524
 4889,58529.738,14.521,5524
 4890,58542.129,12.391,5524
 4891,58554.723,12.594,5524
 4892,58567.508,12.783,5524
 4893,58580.824,13.316,5524
 4894,58593.727,12.902,5524
 4895,58607.324,13.595,5524
 4896,58619.941,12.621,5524
 4897,58633.023,13.081,5524
 4898,58646.023,12.999,5524
 4899,58659.246,13.226,5524
 4900,58671.848,12.600,5524
 4901,58684.668,12.820,5524
 4902,58698.570,13.904,5524
 4903,58711.000,12.428,5524
 4904,58723.738,12.739,5524
 4905,58736.953,13.216,5524
 4906,58750.254,13.299,5524
 4907,58763.129,12.878,5524
 4908,58775.727,12.594,5524
 4909,58789.434,13.711,5524
 4910,58802.234,12.797,5524
 4911,58815.051,12.817,5524
 4912,58828.129,13.081,5524
 4913,58841.543,13.410,5524
 4914,58855.258,13.717,5524
 4915,58868.172,12.913,5524
 4916,58880.480,12.307,5524
 4917,58893.484,13.004,5524
 4918,58907.012,13.528,5524
 4919,58920.242,13.233,5524
 4920,58932.805,12.558,5524
 4921,58945.949,13.149,5524
 4922,58958.789,12.841,5524
 4923,58971.770,12.977,5524
 4924,58985.051,13.281,5524
 4925,58997.922,12.874,5524
 4926,59010.875,12.949,5524
 4927,59023.652,12.778,5524
 4928,59037.145,13.492,5524
 4929,59049.996,12.853,5524
 4930,59063.602,13.607,5524
 4931,59075.895,12.293,5524
 4932,59088.668,12.769,5524
 4933,59102.066,13.401,5524
 4934,59115.441,13.376,5524
 4935,59127.555,12.114,5524
 4936,59140.402,12.845,5524
 4937,59153.570,13.171,5524
 4938,59166.379,12.808,5524
 4939,59179.453,13.075,5524
 4940,59192.703,13.249,5524
 4941,59205.609,12.908,5524
 4942,59218.418,12.809,5524
 4943,59231.492,13.071,5524
 4944,59244.266,12.776,5524
 4945,59257.477,13.205,5524
 4946,59270.559,13.085,5524
 4947,59283.191,12.633,5524
 4948,59297.090,13.899,5524
 4949,59310.672,13.582,5524
 4950,59322.141,11.468,5524
 4951,59335.426,13.287,5524
 4952,59348.477,13.047,5524
 4953,59361.238,12.764,5524
 4954,59374.043,12.805,5524
 4955,59387.406,13.364,5524
 4956,59400.211,12.806,5524
 4957,59413.363,13.148,5524
 4958,59425.563,12.200,5524
 4959,59438.707,13.146,5524
 4960,59451.660,12.950,5524
 4961,59464.234,12.576,5524
 4962,59477.734,13.501,5524
 4963,59490.605,12.873,5524
 4964,59503.098,12.492,5524
 4965,59515.895,12.795,5524
 4966,59529.160,13.264,5524
 4967,59541.898,12.742,5524
 4968,59554.809,12.907,5524
 4969,59568.441,13.637,5524
 4970,59581.086,12.644,5524
 4971,59593.863,12.775,5524
 4972,59606.172,12.308,5524
 4973,59619.430,13.260,5524
 4974,59632.508,13.074,5524
 4975,59645.801,13.293,5524
 4976,59658.500,12.700,5524
 4977,59671.504,13.005,5524
 4978,59686.551,15.048,5524
 4979,59697.656,11.103,5524
 4980,59710.867,13.211,5524
 4981,59724.145,13.277,5524
 4982,59736.645,12.503,5524
 4983,59749.348,12.703,5524
 4984,59762.129,12.783,5524
 4985,59775.234,13.103,5524
 4986,59789.160,13.926,5524
 4987,59801.645,12.481,5524
 4988,59813.824,12.181,5524
 4989,59827.707,13.887,5524
 4990,59840.820,13.112,5524
 4991,59853.379,12.557,5524
 4992,59867.086,13.710,5524
 4993,59879.852,12.763,5524
 4994,59892.984,13.131,5524
 4995,59905.531,12.550,5524
 4996,59918.781,13.252,5524
 4997,59931.852,13.067,5524
 4998,59944.219,12.367,5524
 4999,59957.777,13.561,5524
 5000,59970.625,12.848,5524
 5001,59983.914,13.287,5524
 5002,59996.586,12.671,5524
 5003,60009.395,12.809,5524
 5004,60022.395,12.999,5524
 5005,60035.449,13.058,5524
 5006,60048.836,13.384,5524
 5007,60062.156,13.319,5524
 5008,60074.793,12.639,5524
 5009,60087.680,12.886,5524
 5010,60100.395,12.715,5524
 5011,60113.520,13.126,5524
 5012,60126.113,12.597,5524
 5013,60139.273,13.158,5524
 5014,60152.422,13.149,5524
 5015,60165.281,12.860,5524
 5016,60178.340,13.056,5524
 5017,60191.059,12.717,5524
 5018,60203.492,12.433,5524
 5019,60217.254,13.766,5524
 5020,60229.938,12.684,5524
 5021,60242.492,12.549,5524
 5022,60255.520,13.031,5524
 5023,60269.016,13.495,5524
 5024,60282.281,13.270,5524
 5025,60294.754,12.472,5524
 5026,60307.770,13.013,5524
 5027,60320.539,12.770,5524
 5028,60333.500,12.958,5524
 5029,60346.426,12.927,5524
 5030,60359.074,12.650,5524
 5031,60372.055,12.980,5524
 5032,60384.980,12.922,5524
 5033,60397.281,12.306,5524
 5034,60410.426,13.145,5524
 5035,60423.371,12.945,5524
 5036,60436.570,13.200,5524
 5037,60449.395,12.820,5524
 5038,60462.379,12.984,5524
 5039,60475.180,12.801,5524
 5040,60487.941,12.764,5524
 5041,60500.813,12.868,5524
 5042,60513.973,13.159,5524
 5043,60526.762,12.796,5524
 5044,60539.156,12.389,5524
 5045,60552.328,13.173,5524
 5046,60565.320,12.992,5524
 5047,60577.586,12.268,5524
 5048,60590.516,12.929,5524
 5049,60603.566,13.050,5524
 5050,60616.074,12.511,5524
 5051,60630.121,14.046,5524
 5052,60642.320,12.196,5524
 5053,60655.320,13.001,5524
 5054,60668.031,12.710,5524
 5055,60681.234,13.203,5524
 5056,60694.547,13.312,5524
 5057,60706.754,12.210,5524
 5058,60719.824,13.068,5524
 5059,60732.988,13.164,5524
 5060,60745.727,12.739,5524
 5061,60758.688,12.961,5524
 5062,60771.914,13.229,5524
 5063,60783.832,11.915,5524
 5064,60796.961,13.133,5524
 5065,60809.680,12.716,5524
 5066,60822.676,12.996,5524
 5067,60836.414,13.738,5524
 5068,60848.625,12.212,5524
 5069,60861.008,12.380,5524
 5070,60874.188,13.179,5524
 5071,60887.039,12.854,5524
 5072,60899.980,12.939,5524
 5073,60912.824,12.844,5524
 5074,60925.172,12.349,5524
 5075,60938.285,13.116,5524
 5076,60951.168,12.879,5524
 5077,60964.266,13.101,5524
 5078,60976.715,12.446,5524
 5079,60989.715,13.004,5524
 5080,61003.133,13.412,5524
 5081,61015.059,11.928,5524
 5082,61028.938,13.882,5524
 5083,61041.660,12.720,5524
 5084,61054.688,13.029,5524
 5085,61067.316,12.626,5524
 5086,61079.492,12.175,5524
 5087,61092.594,13.108,5524
 5088,61105.359,12.762,5524
 5089,61117.852,12.490,5524
 5090,61131.012,13.164,5524
 5091,61144.449,13.438,5524
 5092,61157.383,12.931,5524
 5093,61170.281,12.902,5524
 5094,61182.473,12.186,5524
 5095,61195.457,12.988,5524
 5096,61208.941,13.485,5524
 5097,61221.133,12.188,5524
 5098,61233.824,12.693,5524
 5099,61246.230,12.408,5524
 5100,61260.016,13.784,5524
 5101,61271.855,11.838,5524
 5102,61285.379,13.525,5524
 5103,61297.715,12.337,5524
 5104,61310.477,12.758,5524
 5105,61323.438,12.966,5524
 5106,61336.168,12.728,5524
 5107,61349.230,13.063,5524
 5108,61361.813,12.581,5524
 5109,61374.691,12.878,5524
 5110,61387.703,13.013,5524
 5111,61400.043,12.339,5524
 5112,61413.234,13.194,5524
 5113,61426.113,12.878,5524
 5114,61438.547,12.435,5524
 5115,61451.512,12.963,5524
 5116,61464.398,12.886,5524
 5117,61477.488,13.090,5524
 5118,61490.570,13.083,5524
 5119,61502.984,12.411,5524
 5120,61515.977,12.992,5524
 5121,61528.723,12.748,5524
 5122,61541.891,13.170,5524
 5123,61554.270,12.379,5524
 5124,61567.035,12.762,5524
 5125,61580.328,13.295,5524
 5126,61593.426,13.100,5524
 5127,61606.578,13.150,5524
 5128,61618.535,11.957,5524
 5129,61631.336,12.800,5524
 5130,61644.875,13.541,5524
 5131,61657.902,13.028,5524
 5132,61669.457,11.557,5524
 5133,61683.367,13.905,5524
 5134,61695.133,11.765,5524
 5135,61708.387,13.258,5524
 5136,61720.117,11.731,5524
 5137,61734.043,13.921,5524
 5138,61746.156,12.112,5524
 5139,61759.211,13.060,5524
 5140,61771.973,12.759,5524
 5141,61785.707,13.736,5524
 5142,61797.688,11.978,5524
 5143,61810.684,12.999,5524
 5144,61823.574,12.890,5524
 5145,61836.828,13.250,5524
 5146,61849.207,12.381,5524
 5147,61861.973,12.767,5524
 5148,61874.934,12.963,5524
 5149,61887.840,12.904,5524
 5150,61900.449,12.613,5524
 5151,61913.027,12.576,5524
 5152,61926.547,13.517,5524
 5153,61939.523,12.975,5524
 5154,61952.172,12.649,5524
 5155,61964.828,12.658,5524
 5156,61979.133,14.303,5524
 5157,61990.715,11.585,5524
 5158,62003.434,12.717,5524
 5159,62017.184,13.749,5524
 5160,62029.711,12.529,5524
 5161,62042.746,13.038,5524
 5162,62055.727,12.978,5524
 5163,62068.703,12.977,5524
 5164,62081.035,12.332,5524
 5165,62094.723,13.688,5524
 5166,62107.387,12.662,5524
 5167,62120.438,13.054,5524
 5168,62133.586,13.146,5524
 5169,62147.176,13.590,5524
 5170,62159.770,12.593,5524
 5171,62172.953,13.188,5524
 5172,62186.051,13.093,5524
 5173,62198.840,12.788,5524
 5174,62212.020,13.182,5524
 5175,62224.504,12.482,5524
 5176,62237.301,12.796,5524
 5177,62251.492,14.194,5524
 5178,62264.496,13.002,5524
 5179,62277.328,12.832,5524
 5180,62289.945,12.623,5524
 5181,62303.555,13.607,5524
 5182,62316.141,12.582,5524
 5183,62329.090,12.955,5524
 5184,62342.379,13.286,5524
 5185,62356.145,13.764,5524
 5186,62368.887,12.743,5524
 5187,62381.563,12.678,5524
 5188,62394.992,13.427,5524
 5189,62408.680,13.688,5524
 5190,62421.563,12.883,5524
 5191,62434.516,12.955,5524
 5192,62447.551,13.035,5524
 5193,62460.648,13.095,5524
 5194,62474.477,13.827,5524
 5195,62487.156,12.680,5524
 5196,62500.223,13.070,5524
 5197,62513.238,13.016,5524
 5198,62526.367,13.126,5524
 5199,62539.254,12.890,5524
 5200,62552.328,13.070,5524
 5201,62565.883,13.559,5524
 5202,62578.906,13.022,5524
 5203,62591.871,12.963,5524
 5204,62605.227,13.356,5524
 5205,62617.813,12.584,5524
 5206,62631.684,13.873,5524
 5207,62644.043,12.362,5524
 5208,62657.707,13.661,5524
 5209,62670.805,13.099,5524
 5210,62684.082,13.276,5524
 5211,62697.590,13.511,5524
 5212,62710.504,12.912,5524
 5213,62723.664,13.160,5524
 5214,62737.867,14.204,5524
 5215,62750.617,12.750,5524
 5216,62763.414,12.796,5524
 5217,62776.660,13.246,5524
 5218,62790.301,13.640,5524
 5219,62803.773,13.476,5524
 5220,62816.406,12.631,5524
 5221,62829.332,12.922,5524
 5222,62843.590,14.262,5524
 5223,62856.539,12.949,5524
 5224,62869.367,12.828,5524
 5225,62883.137,13.767,5524
 5226,62895.656,12.519,5524
 5227,62909.043,13.391,5524
 5228,62921.652,12.606,5524
 5229,62935.172,13.521,5524
 5230,62948.684,13.511,5524
 5231,62961.578,12.894,5524
 5232,62974.898,13.321,5524
 5233,62987.730,12.834,5524
 5234,63000.141,12.408,5524
 5235,63013.336,13.195,5524
 5236,63026.309,12.974,5524
 5237,63038.973,12.661,5524
 5238,63052.395,13.427,5524
 5239,63064.535,12.139,5524
 5240,63077.766,13.231,5524
 5241,63090.309,12.542,5524
 5242,63103.547,13.239,5524
 5243,63117.273,13.727,5524
 5244,63129.289,12.018,5524
 5245,63142.414,13.121,5524
 5246,63155.117,12.705,5524
 5247,63167.238,12.121,5524
 5248,63180.289,13.053,5524
 5249,63192.961,12.667,5524
 5250,63205.527,12.566,5524
 5251,63218.223,12.697,5524
 5252,63230.563,12.338,5524
 5253,63243.496,12.935,5524
 5254,63256.555,13.061,5524
 5255,63268.586,12.031,5524
 5256,63281.633,13.044,5524
 5257,63294.063,12.430,5524
 5258,63306.359,12.298,5524
 5259,63319.367,13.006,5524
 5260,63332.207,12.840,5524
 5261,63344.953,12.748,5524
 5262,63357.012,12.055,5524
 5263,63370.176,13.167,5524
 5264,63382.359,12.182,5524
 5265,63394.953,12.598,5524
 5266,63407.398,12.442,5524
 5267,63420.281,12.885,5524
 5268,63432.738,12.457,5524
 5269,63445.277,12.538,5524
 5270,63457.945,12.667,5524
 5271,63470.738,12.796,5524
 5272,63483.414,12.675,5524
 5273,63496.449,13.034,5524
 5274,63507.602,11.154,5524
 5275,63520.766,13.164,5524
 5276,63533.086,12.319,5524
 5277,63545.691,12.606,5524
 5278,63559.109,13.417,5524
 5279,63571.336,12.226,5524
 5280,63583.629,12.292,5524
 5281,63596.402,12.775,5524
 5282,63609.473,13.067,5524
 5283,63622.141,12.669,5524
 5284,63634.426,12.289,5524
 5285,63647.105,12.681,5524
 5286,63659.293,12.184,5524
 5287,63672.488,13.193,5524
 5288,63684.730,12.245,5524
 5289,63697.359,12.627,5524
 5290,63709.781,12.426,5524
 5291,63722.398,12.615,5524
 5292,63734.898,12.500,5524
 5293,63747.645,12.745,5524
 5294,63760.516,12.872,5524
 5295,63773.156,12.640,5524
 5296,63786.051,12.896,5524
 5297,63798.277,12.228,5524
 5298,63811.227,12.946,5524
 5299,63823.273,12.051,5524
 5300,63836.145,12.866,5524
 5301,63849.059,12.915,5524
 5302,63862.051,12.994,5524
 5303,63875.371,13.321,5524
 5304,63887.309,11.935,5524
 5305,63899.145,11.836,5524
 5306,63912.117,12.974,5524
 5307,63924.566,12.450,5524
 5308,63937.008,12.438,5524
 5309,63949.668,12.662,5524
 5310,63962.594,12.927,5524
 5311,63973.859,11.263,5524
 5312,63986.855,12.997,5524
 5313,63999.480,12.623,5524
 5314,64012.844,13.366,5524
 5315,64024.805,11.958,5524
 5316,64037.828,13.025,5524
 5317,64050.285,12.461,5524
 5318,64062.715,12.426,5524
 5319,64075.984,13.269,5524
 5320,64088.273,12.294,5524
 5321,64100.410,12.134,5524
 5322,64111.910,11.501,5524
 5323,64125.477,13.565,5524
 5324,64137.973,12.494,5524
 5325,64150.473,12.500,5524
 5326,64163.004,12.532,5524
 5327,64175.723,12.718,5524
 5328,64187.828,12.104,5524
 5329,64201.184,13.358,5524
 5330,64213.203,12.022,5524
 5331,64226.023,12.818,5524
 5332,64239.074,13.054,5524
 5333,64251.285,12.211,5524
 5334,64265.688,14.399,5524
 5335,64277.059,11.374,5524
 5336,64289.445,12.385,5524
 5337,64301.559,12.113,5524
 5338,64314.422,12.865,5524
 5339,64327.051,12.627,5524
 5340,64339.238,12.189,5524
 5341,64351.637,12.396,5524
 5342,64364.715,13.079,5524
 5343,64377.191,12.476,5524
 5344,64390.742,13.551,5524
 5345,64402.574,11.833,5524
 5346,64414.828,12.252,5524
 5347,64427.195,12.370,5524
 5348,64439.563,12.364,5524
 5349,64452.406,12.846,5524
 5350,64464.645,12.235,5524
 5351,64477.094,12.454,5524
 5352,64489.570,12.474,5524
 5353,64502.211,12.642,5524
 5354,64515.133,12.921,5524
 5355,64527.297,12.162,5524
 5356,64539.684,12.386,5524
 5357,64552.172,12.488,5524
 5358,64565.066,12.897,5524
 5359,64577.516,12.449,5524
 5360,64589.555,12.042,5524
 5361,64602.168,12.610,5524
 5362,64615.102,12.936,5524
 5363,64627.563,12.458,5524
 5364,64640.781,13.222,5524
 5365,64652.371,11.589,5524
 5366,64665.246,12.875,5524
 5367,64677.254,12.008,5524
 5368,64689.914,12.661,5524
 5369,64702.496,12.579,5524
 5370,64714.813,12.316,5524
 5371,64727.402,12.590,5524
 5372,64739.488,12.086,5524
 5373,64751.961,12.471,5524
 5374,64764.273,12.315,5524
 5375,64776.645,12.368,5524
 5376,64789.691,13.049,5524
 5377,64802.039,12.349,5524
 5378,64814.602,12.563,5524
 5379,64826.563,11.960,5524
 5380,64839.156,12.591,5524
 5381,64852.004,12.852,5524
 5382,64864.293,12.286,5524
 5383,64877.215,12.924,5524
 5384,64889.344,12.127,5524
 5385,64901.395,12.051,5524
 5386,64914.379,12.985,5524
 5387,64926.734,12.357,5524
 5388,64939.871,13.136,5524
 5389,64951.707,11.836,5524
 5390,64965.004,13.297,5524
 5391,64976.742,11.739,5524
 5392,64988.773,12.031,5524
 5393,65002.273,13.502,5524
 5394,65014.250,11.974,5524
 5395,65027.246,12.998,5524
 5396,65039.449,12.203,5524
 5397,65051.578,12.126,5524
 5398,65063.836,12.260,5524
 5399,65075.785,11.949,5524
 5400,65088.430,12.645,5524
 5401,65101.004,12.571,5524
 5402,65113.918,12.916,5524
 5403,65126.480,12.560,5524
 5404,65138.766,12.290,5524
 5405,65150.977,12.206,5524
 5406,65163.219,12.244,5524
 5407,65176.301,13.079,5524
 5408,65188.004,11.704,5524
 5409,65200.141,12.138,5524
 5410,65213.059,12.918,5524
 5411,65225.063,12.006,5524
 5412,65237.809,12.745,5524
 5413,65250.758,12.952,5524
 5414,65262.527,11.768,5524
 5415,65274.773,12.246,5524
 5416,65287.676,12.903,5524
 5417,65299.516,11.836,5524
 5418,65311.980,12.468,5524
 5419,65324.117,12.139,5524
 5420,65336.637,12.513,5524
 5421,65349.250,12.620,5524
 5422,65361.969,12.714,5524
 5423,65374.043,12.074,5524
 5424,65385.938,11.897,5524
 5425,65398.809,12.870,5524
 5426,65412.113,13.309,5524
 5427,65423.461,11.340,5524
 5428,65435.430,11.974,5524
 5429,65447.699,12.269,5524
 5430,65460.012,12.313,5524
 5431,65472.617,12.604,5524
 5432,65484.965,12.346,5524
 5433,65496.844,11.878,5524
 5434,65510.012,13.172,5524
 5435,65522.125,12.112,5524
 5436,65533.980,11.854,5524
 5437,65546.688,12.710,5524
 5438,65558.906,12.218,5524
 5439,65571.188,12.278,5524
 5440,65584.031,12.849,5524
 5441,65596.336,12.305,5524
 5442,65609.227,12.884,5524
 5443,65621.430,12.207,5524
 5444,65634.297,12.871,5524
 5445,65646.680,12.382,5524
 5446,65659.078,12.392,5524
 5447,65671.594,12.522,5524
 5448,65683.820,12.223,5524
 5449,65696.805,12.987,5524
 5450,65708.602,11.791,5524
 5451,65721.773,13.173,5524
 5452,65733.602,11.832,5524
 5453,65745.875,12.274,5524
 5454,65758.273,12.393,5524
 5455,65769.961,11.695,5524
 5456,65782.500,12.535,5524
 5457,65796.414,13.909,5524
 5458,65807.492,11.087,5524
 5459,65820.086,12.590,5524
 5460,65832.320,12.235,5524
 5461,65844.516,12.199,5524
 5462,65856.633,12.111,5524
 5463,65869.289,12.657,5524
 5464,65882.125,12.834,5524
 5465,65894.375,12.247,5524
 5466,65906.984,12.618,5524
 5467,65919.305,12.316,5524
 5468,65932.531,13.227,5524
 5469,65944.250,11.723,5524
 5470,65956.672,12.420,5524
 5471,65968.633,11.957,5524
 5472,65981.242,12.611,5524
 5473,65994.070,12.826,5524
 5474,66005.984,11.919,5524
 5475,66018.641,12.658,5524
 5476,66030.797,12.152,5524
 5477,66043.148,12.351,5524
 5478,66055.500,12.352,5524
 5479,66068.438,12.940,5524
 5480,66080.539,12.099,5524
 5481,66093.297,12.759,5524
 5482,66105.172,11.877,5524
 5483,66117.211,12.033,5524
 5484,66129.367,12.161,5524
 5485,66142.094,12.721,5524
 5486,66154.125,12.032,5524
 5487,66166.641,12.524,5524
 5488,66180.961,14.316,5524
 5489,66191.766,10.804,5524
 5490,66203.969,12.208,5524
 5491,66216.242,12.270,5524
 5492,66228.047,11.798,5524
 5493,66240.656,12.615,5524
 5494,66252.789,12.136,5524
 5495,66266.852,14.062,5524
 5496,66277.953,11.097,5524
 5497,66290.164,12.212,5524
 5498,66302.898,12.732,5524
 5499,66315.469,12.573,5524
 5500,66327.750,12.278,5524
 5501,66339.695,11.954,5524
 5502,66352.125,12.425,5524
 5503,66364.391,12.266,5524
 5504,66377.125,12.732,5524
 5505,66390.148,13.026,5524
 5506,66402.477,12.327,5524
 5507,66414.875,12.397,5524
 5508,66426.445,11.571,5524
 5509,66439.078,12.633,5524
 5510,66451.023,11.948,5524
 5511,66463.711,12.687,5524
 5512,66475.844,12.135,5524
 5513,66488.477,12.628,5524
 5514,66500.102,11.629,5524
 5515,66512.266,12.164,5524
 5516,66525.055,12.785,5524
 5517,66537.422,12.365,5524
 5518,66550.023,12.608,5524
 5519,66563.211,13.180,5524
 5520,66574.820,11.615,5524
 5521,66586.633,11.815,5524
 5522,66599.094,12.456,5524
 5523,66610.695,11.605,5524
 5524,66624.070,13.370,5524
 5525,66636.094,12.028,5524
 5526,66648.500,12.409,5524
 5527,66661.039,12.536,5524
 5528,66673.086,12.043,5524
 5529,66685.516,12.436,5524
 5530,66698.336,12.821,5524
 5531,66710.648,12.310,5524
 5532,66723.070,12.415,5524
 5533,66735.477,12.408,5524
 5534,66747.461,11.984,5524
 5535,66759.758,12.302,5524
 5536,66772.297,12.535,5524
 5537,66784.852,12.555,5524
 5538,66796.523,11.676,5524
 5539,66809.055,12.530,5524
 5540,66821.508,12.451,5524
 5541,66834.516,13.014,5524
 5542,66846.672,12.152,5524
 5543,66858.695,12.024,5524
 5544,66871.016,12.323,5524
 5545,66883.508,12.492,5524
 5546,66895.641,12.132,5524
 5547,66908.656,13.018,5524
 5548,66920.672,12.013,5524
 5549,66933.125,12.452,5524
 5550,66945.789,12.663,5524
 5551,66958.297,12.510,5524
 5552,66970.484,12.186,5524
 5553,66982.102,11.615,5524
 5554,66994.266,12.166,5524
 5555,67006.828,12.566,5524
 5556,67019.883,13.051,5524
 5557,67031.719,11.831,5524
 5558,67044.266,12.555,5524
 5559,67056.500,12.235,5524
 5560,67068.695,12.195,5524
 5561,67080.625,11.924,5524
 5562,67092.539,11.914,5524
 5563,67104.719,12.181,5524
 5564,67117.188,12.472,5524
 5565,67129.773,12.578,5524
 5566,67141.719,11.951,5524
 5567,67154.383,12.661,5524
 5568,67166.352,11.977,5524
 5569,67178.938,12.583,5524
 5570,67190.836,11.891,5524
 5571,67203.602,12.772,5524
 5572,67216.352,12.756,5524
 5573,67227.820,11.460,5524
 5574,67240.273,12.454,5524
 5575,67252.977,12.703,5524
 5576,67265.141,12.165,5524
 5577,67277.898,12.755,5524
 5578,67289.828,11.930,5524
 5579,67301.602,11.780,5524
 5580,67314.016,12.415,5524
 5581,67327.211,13.189,5524
 5582,67338.992,11.785,5524
 5583,67351.461,12.463,5524
 5584,67363.664,12.212,5524
 5585,67375.875,12.209,5524
 5586,67387.938,12.064,5524
 5587,67400.391,12.443,5524
 5588,67412.945,12.564,5524
 5589,67424.984,12.040,5524
 5590,67437.414,12.422,5524
 5591,67449.617,12.208,5524
 5592,67461.648,12.034,5524
 5593,67474.133,12.474,5524
 5594,67486.406,12.275,5524
 5595,67499.023,12.627,5524
 5596,67511.125,12.090,5524
 5597,67524.328,13.214,5524
 5598,67536.523,12.191,5524
 5599,67548.648,12.128,5524
 5600,67560.852,12.195,5524
 5601,67573.102,12.252,5524
 5602,67585.734,12.634,5524
 5603,67598.133,12.396,5524
 5604,67610.102,11.970,5524
 5605,67621.859,11.762,5524
 5606,67635.000,13.141,5524
 5607,67647.008,12.008,5524
 5608,67659.117,12.102,5524
 5609,67670.953,11.844,5524
 5610,67683.891,12.938,5524
 5611,67696.086,12.190,5524
 5612,67709.867,13.783,5524
 5613,67720.789,10.921,5524
 5614,67732.914,12.124,5524
 5615,67744.570,11.658,5524
 5616,67756.891,12.323,5524
 5617,67769.102,12.205,5524
 5618,67783.250,14.148,5524
 5619,67793.664,10.417,5524
 5620,67805.750,12.085,5524
 5621,67817.789,12.038,5524
 5622,67830.602,12.818,5524
 5623,67842.672,12.069,5524
 5624,67854.719,12.044,5524
 5625,67867.531,12.813,5524
 5626,67880.016,12.491,5524
 5627,67892.688,12.669,5524
 5628,67904.656,11.972,5524
 5629,67916.188,11.521,5524
 5630,67928.594,12.410,5524
 5631,67940.469,11.874,5524
 5632,67952.836,12.369,5524
 5633,67965.000,12.164,5524
 5634,67977.727,12.725,5524
 5635,67990.078,12.347,5524
 5636,68001.664,11.591,5524
 5637,68014.102,12.438,5524
 5638,68026.016,11.918,5524
 5639,68038.719,12.698,5524
 5640,68050.258,11.541,5524
 5641,68062.758,12.496,5524
 5642,68074.555,11.801,5524
 5643,68088.500,13.944,5524
 5644,68100.586,12.089,5524
 5645,68112.078,11.485,5524
 5646,68124.836,12.760,5524
 5647,68136.656,11.825,5524
 5648,68149.102,12.437,5524
 5649,68160.914,11.821,5524
 5650,68172.891,11.976,5524
 5651,68184.977,12.086,5524
 5652,68197.086,12.101,5524
 5653,68209.141,12.059,5524
 5654,68221.773,12.633,5524
 5655,68233.563,11.791,5524
 5656,68246.063,12.497,5524
 5657,68258.273,12.213,5524
 5658,68270.867,12.594,5524
 5659,68283.047,12.176,5524
 5660,68295.250,12.211,5524
 5661,68308.336,13.085,5524
 5662,68319.500,11.158,5524
 5663,68331.859,12.361,5524
 5664,68345.414,13.553,5524
 5665,68356.813,11.403,5524
 5666,68369.648,12.836,5524
 5667,68381.484,11.836,5524
 5668,68393.578,12.096,5524
 5669,68405.766,12.177,5524
 5670,68417.891,12.132,5524
 5671,68430.133,12.243,5524
 5672,68442.273,12.137,5524
 5673,68454.305,12.038,5524
 5674,68466.375,12.062,5524
 5675,68479.430,13.059,5524
 5676,68490.570,11.142,5524
 5677,68502.719,12.146,5524
 5678,68515.734,13.017,5524
 5679,68526.984,11.249,5524
 5680,68539.445,12.458,5524
 5681,68551.625,12.182,5524
 5682,68563.445,11.822,5524
 5683,68576.289,12.842,5524
 5684,68588.203,11.918,5524
 5685,68599.961,11.759,5524
 5686,68612.266,12.304,5524
 5687,68625.148,12.879,5524
 5688,68637.406,12.257,5524
 5689,68649.516,12.111,5524
 5690,68662.203,12.685,5524
 5691,68674.289,12.094,5524
 5692,68686.102,11.808,5524
 5693,68698.211,12.104,5524
 5694,68710.203,11.996,5524
 5695,68723.281,13.081,5524
 5696,68735.391,12.103,5524
 5697,68747.750,12.357,5524
 5698,68759.875,12.131,5524
 5699,68771.781,11.903,5524
 5700,68783.914,12.136,5524
 5701,68796.258,12.346,5524
 5702,68808.656,12.401,5524
 5703,68820.828,12.165,5524
 5704,68833.398,12.572,5524
 5705,68845.484,12.083,5524
 5706,68857.930,12.451,5524
 5707,68869.555,11.621,5524
 5708,68882.117,12.560,5524
 5709,68893.844,11.733,5524
 5710,68906.336,12.492,5524
 5711,68918.281,11.946,5524
 5712,68930.305,12.026,5524
 5713,68942.813,12.499,5524
 5714,68954.547,11.734,5524
 5715,68967.055,12.509,5524
 5716,68978.875,11.820,5524
 5717,68990.977,12.107,5524
 5718,69002.977,12.003,5524
 5719,69015.406,12.424,5524
 5720,69027.250,11.846,5524
 5721,69039.203,11.953,5524
 5722,69052.641,13.440,5524
 5723,69063.883,11.239,5524
 5724,69076.266,12.381,5524
 5725,69088.406,12.134,5524
 5726,69100.914,12.515,5524
 5727,69113.008,12.094,5524
 5728,69124.867,11.856,5524
 5729,69137.141,12.278,5524
 5730,69150.297,13.159,5524
 5731,69161.469,11.166,5524
 5732,69173.750,12.278,5524
 5733,69185.867,12.120,5524
 5734,69197.984,12.118,5524
 5735,69210.008,12.030,5524
 5736,69222.195,12.178,5524
 5737,69235.766,13.575,5524
 5738,69246.969,11.206,5524
 5739,69258.844,11.873,5524
 5740,69271.297,12.453,5524
 5741,69283.070,11.767,5524
 5742,69295.508,12.438,5524
 5743,69308.383,12.875,5524
 5744,69320.758,12.374,5524
 5745,69332.336,11.590,5524
 5746,69344.430,12.085,5524
 5747,69356.594,12.165,5524
 5748,69368.672,12.087,5524
 5749,69380.688,12.016,5524
 5750,69392.953,12.263,5524
 5751,69404.891,11.936,5524
 5752,69417.914,13.023,5524
 5753,69430.313,12.395,5524
 5754,69441.844,11.531,5524
 5755,69454.453,12.605,5524
 5756,69466.375,11.926,5524
 5757,69478.688,12.315,5524
 5758,69491.156,12.468,5524
 5759,69503.320,12.163,5524
 5760,69514.945,11.626,5524
 5761,69528.375,13.424,5524
 5762,69539.422,11.052,5524
 5763,69551.891,12.473,5524
 5764,69563.961,12.066,5524
 5765,69576.023,12.066,5524
 5766,69587.836,11.811,5524
 5767,69600.195,12.355,5524
 5768,69612.133,11.935,5524
 5769,69625.289,13.160,5524
 5770,69636.250,10.966,5524
 5771,69648.805,12.548,5524
 5772,69661.000,12.203,5524
 5773,69673.398,12.388,5524
 5774,69685.188,11.790,5524
 5775,69697.406,12.219,5524
 5776,69709.711,12.304,5524
 5777,69721.828,12.125,5524
 5778,69734.664,12.834,5524
 5779,69745.711,11.040,5524
 5780,69758.016,12.313,5524
 5781,69770.422,12.401,5524
 5782,69782.453,12.031,5524
 5783,69795.172,12.718,5524
 5784,69806.781,11.610,5524
 5785,69818.461,11.684,5524
 5786,69830.797,12.333,5524
 5787,69843.352,12.560,5524
 5788,69854.938,11.584,5524
 5789,69866.891,11.953,5524
 5790,69879.383,12.486,5524
 5791,69891.477,12.094,5524
 5792,69904.086,12.607,5524
 5793,69916.477,12.398,5524
 5794,69928.609,12.130,5524
 5795,69940.523,11.914,5524
 5796,69952.375,11.852,5524
 5797,69965.688,13.315,5524
 5798,69977.383,11.694,5524
 5799,69989.719,12.336,5524
 5800,70003.586,13.870,5524
 5801,70014.336,10.747,5524
 5802,70026.008,11.673,5524
 5803,70039.094,13.082,5524
 5804,70050.891,11.802,5524
 5805,70063.109,12.214,5524
 5806,70075.867,12.764,5524
 5807,70088.523,12.656,5524
 5808,70101.047,12.516,5524
 5809,70112.742,11.696,5524
 5810,70124.898,12.162,5524
 5811,70137.234,12.333,5524
 5812,70148.500,11.267,5524
 5813,70160.797,12.297,5524
 5814,70172.836,12.037,5524
 5815,70185.195,12.360,5524
 5816,70197.195,11.998,5524
 5817,70209.523,12.333,5524
 5818,70221.492,11.965,5524
 5819,70233.773,12.278,5524
 5820,70246.336,12.569,5524
 5821,70258.336,12.006,5524
 5822,70270.367,12.023,5524
 5823,70281.930,11.562,5524
 5824,70293.977,12.051,5524
 5825,70306.305,12.326,5524
 5826,70318.547,12.242,5524
 5827,70330.680,12.134,5524
 5828,70343.164,12.479,5524
 5829,70355.133,11.970,5524
 5830,70367.523,12.391,5524
 5831,70379.953,12.434,5524
 5832,70392.313,12.362,5524
 5833,70404.414,12.091,5524
 5834,70416.727,12.319,5524
 5835,70428.758,12.025,5524
 5836,70440.461,11.705,5524
 5837,70452.344,11.890,5524
 5838,70464.688,12.343,5524
 5839,70476.688,12.004,5524
 5840,70489.281,12.593,5524
 5841,70501.367,12.080,5524
 5842,70513.383,12.014,5524
 5843,70525.477,12.098,5524
 5844,70538.313,12.839,5524
 5845,70550.453,12.134,5524
 5846,70562.594,12.147,5524
 5847,70575.211,12.615,5524
 5848,70587.188,11.970,5524
 5849,70599.555,12.373,5524
 5850,70611.508,11.949,5524
 5851,70623.813,12.305,5524
 5852,70635.398,11.586,5524
 5853,70648.070,12.666,5524
 5854,70661.039,12.974,5524
 5855,70672.063,11.025,5524
 5856,70684.461,12.396,5524
 5857,70696.891,12.430,5524
 5858,70709.055,12.160,5524
 5859,70721.406,12.354,5524
 5860,70733.344,11.948,5524
 5861,70744.586,11.240,5524
 5862,70756.961,12.369,5524
 5863,70770.547,13.590,5524
 5864,70781.750,11.196,5524
 5865,70793.852,12.108,5524
 5866,70805.859,12.010,5524
 5867,70818.102,12.234,5524
 5868,70830.266,12.170,5524
 5869,70842.594,12.326,5524
 5870,70855.531,12.935,5524
 5871,70867.492,11.966,5524
 5872,70879.102,11.602,5524
 5873,70891.047,11.946,5524
 5874,70903.891,12.852,5524
 5875,70916.055,12.158,5524
 5876,70927.984,11.937,5524
 5877,70940.070,12.081,5524
 5878,70952.406,12.330,5524
 5879,70964.039,11.631,5524
 5880,70976.820,12.785,5524
 5881,70988.078,11.261,5524
 5882,71000.289,12.218,5524
 5883,71012.977,12.685,5524
 5884,71024.898,11.917,5524
 5885,71036.875,11.976,5524
 5886,71048.969,12.095,5524
 5887,71061.305,12.337,5524
 5888,71073.844,12.534,5524
 5889,71085.266,11.430,5524
 5890,71097.820,12.548,5524
 5891,71110.141,12.324,5524
 5892,71121.797,11.657,5524
 5893,71134.281,12.488,5524
 5894,71147.820,13.535,5524
 5895,71159.273,11.451,5524
 5896,71170.727,11.452,5524
 5897,71183.414,12.687,5524
 5898,71195.383,11.965,5524
 5899,71207.516,12.142,5524
 5900,71219.688,12.175,5524
 5901,71231.625,11.934,5524
 5902,71243.703,12.072,5524
 5903,71256.289,12.594,5524
 5904,71268.016,11.725,5524
 5905,71280.789,12.769,5524
 5906,71292.719,11.930,5524
 5907,71305.094,12.376,5524
 5908,71316.945,11.851,5524
 5909,71329.328,12.385,5524
 5910,71341.773,12.439,5524
 5911,71353.711,11.937,5524
 5912,71365.859,12.156,5524
 5913,71377.781,11.916,5524
 5914,71390.711,12.934,5524
 5915,71403.508,12.796,5524
 5916,71414.508,11.001,5524
 5917,71426.711,12.197,5524
 5918,71439.477,12.769,5524
 5919,71451.523,12.052,5524
 5920,71463.336,11.811,5524
 5921,71475.852,12.511,5524
 5922,71487.391,11.536,5524
 5923,71500.672,13.287,5524
 5924,71511.883,11.212,5524
 5925,71524.625,12.740,5524
 5926,71537.188,12.563,5524
 5927,71548.500,11.314,5524
 5928,71561.102,12.600,5524
 5929,71573.508,12.408,5524
 5930,71585.086,11.577,5524
 5931,71597.813,12.727,5524
 5932,71609.008,11.199,5524
 5933,71622.570,13.562,5524
 5934,71634.672,12.099,5524
 5935,71646.547,11.871,5524
 5936,71658.836,12.294,5524
 5937,71670.719,11.880,5524
 5938,71683.273,12.559,5524
 5939,71695.773,12.495,5524
 5940,71707.578,11.807,5524
 5941,71719.953,12.373,5524
 5942,71732.164,12.215,5524
 5943,71744.070,11.900,5524
 5944,71756.641,12.574,5524
 5945,71770.195,13.555,5524
 5946,71782.234,12.038,5524
 5947,71794.727,12.489,5524
 5948,71806.117,11.395,5524
 5949,71818.758,12.638,5524
 5950,71830.430,11.671,5524
 5951,71842.469,12.037,5524
 5952,71854.625,12.168,5524
 5953,71867.461,12.828,5524
 5954,71879.367,11.906,5524
 5955,71891.555,12.189,5524
 5956,71904.422,12.864,5524
 5957,71917.078,12.653,5524
 5958,71928.531,11.458,5524
 5959,71940.328,11.805,5524
 5960,71953.102,12.768,5524
 5961,71964.969,11.867,5524
 5962,71977.398,12.423,5524
 5963,71988.961,11.568,5524
 5964,72000.906,11.944,5524
 5965,72013.016,12.112,5524
 5966,72026.102,13.086,5524
 5967,72037.867,11.762,5524
 5968,72050.141,12.276,5524
 5969,72062.516,12.373,5524
 5970,72074.836,12.322,5524
 5971,72086.523,11.690,5524
 5972,72098.883,12.357,5524
 5973,72111.891,13.011,5524
 5974,72123.766,11.869,5524
 5975,72135.813,12.048,5524
 5976,72148.070,12.256,5524
 5977,72161.094,13.028,5524
 5978,72172.492,11.396,5524
 5979,72184.250,11.763,5524
 5980,72196.367,12.109,5524
 5981,72208.734,12.370,5524
 5982,72220.914,12.182,5524
 5983,72233.445,12.533,5524
 5984,72245.500,12.055,5524
 5985,72258.398,12.896,5524
 5986,72270.391,11.990,5524
 5987,72282.438,12.044,5524
 5988,72295.547,13.115,5524
 5989,72308.188,12.639,5524
 5990,72319.375,11.187,5524
 5991,72331.602,12.232,5524
 5992,72344.031,12.419,5524
 5993,72356.297,12.274,5524
 5994,72367.992,11.696,5524
 5995,72380.016,12.028,5524
 5996,72392.602,12.584,5524
 5997,72405.180,12.575,5524
 5998,72417.750,12.565,5524
 5999,72429.602,11.859,5524
 6000,72442.156,12.552,5524
 6001,72453.672,11.519,5524
 6002,72466.781,13.103,5524
 6003,72478.992,12.217,5524
 6004,72490.766,11.766,5524
 6005,72503.719,12.954,5524
 6006,72516.148,12.427,5524
 6007,72527.953,11.811,5524
 6008,72539.883,11.929,5524
 6009,72552.477,12.592,5524
 6010,72565.227,12.751,5524
 6011,72577.172,11.945,5524
 6012,72588.977,11.809,5524
 6013,72601.188,12.207,5524
 6014,72612.758,11.569,5524
 6015,72625.625,12.868,5524
 6016,72638.578,12.952,5524
 6017,72650.977,12.405,5524
 6018,72663.703,12.718,5524
 6019,72676.258,12.562,5524
 6020,72687.844,11.578,5524
 6021,72700.117,12.277,5524
 6022,72712.734,12.615,5524
 6023,72724.016,11.284,5524
 6024,72736.227,12.210,5524
 6025,72748.234,12.013,5524
 6026,72760.484,12.247,5524
 6027,72772.375,11.887,5524
 6028,72784.789,12.419,5524
 6029,72797.078,12.283,5524
 6030,72809.336,12.268,5524
 6031,72821.789,12.443,5524
 6032,72835.078,13.293,5524
 6033,72847.031,11.949,5524
 6034,72859.219,12.193,5524
 6035,72871.445,12.225,5524
 6036,72884.000,12.557,5524
 6037,72896.008,12.011,5524
 6038,72908.188,12.172,5524
 6039,72919.836,11.653,5524
 6040,72932.008,12.170,5524
 6041,72943.859,11.852,5524
 6042,72956.297,12.436,5524
 6043,72968.438,12.136,5524
 6044,72980.234,11.802,5524
 6045,72993.203,12.966,5524
 6046,73005.586,12.385,5524
 6047,73017.430,11.846,5524
 6048,73029.344,11.919,5524
 6049,73042.453,13.102,5524
 6050,73054.695,12.238,5524
 6051,73066.000,11.310,5524
 6052,73078.531,12.534,5524
 6053,73090.813,12.278,5524
 6054,73102.570,11.756,5524
 6055,73114.398,11.830,5524
 6056,73127.195,12.796,5524
 6057,73139.406,12.210,5524
 6058,73152.109,12.701,5524
 6059,73163.484,11.378,5524
 6060,73175.469,11.987,5524
 6061,73187.711,12.234,5524
 6062,73199.805,12.099,5524
 6063,73212.070,12.266,5524
 6064,73223.766,11.696,5524
 6065,73236.727,12.958,5524
 6066,73248.313,11.594,5524
 6067,73260.555,12.236,5524
 6068,73273.016,12.467,5524
 6069,73285.094,12.067,5524
 6070,73297.273,12.191,5524
 6071,73309.047,11.768,5524
 6072,73320.984,11.943,5524
 6073,73333.273,12.289,5524
 6074,73345.500,12.219,5524
 6075,73357.992,12.497,5524
 6076,73369.617,11.621,5524
 6077,73381.648,12.035,5524
 6078,73393.828,12.179,5524
 6079,73406.203,12.377,5524
 6080,73417.852,11.642,5524
 6081,73430.844,12.994,5524
 6082,73443.273,12.436,5524
 6083,73455.297,12.023,5524
 6084,73466.898,11.599,5524
 6085,73479.242,12.345,5524
 6086,73491.336,12.094,5524
 6087,73503.102,11.761,5524
 6088,73515.781,12.677,5524
 6089,73527.313,11.541,5524
 6090,73539.313,11.994,5524
 6091,73551.633,12.320,5524
 6092,73563.734,12.097,5524
 6093,73576.180,12.446,5524
 6094,73588.250,12.073,5524
 6095,73600.398,12.148,5524
 6096,73613.219,12.826,5524
 6097,73624.273,11.055,5524
 6098,73637.141,12.862,5524
 6099,73648.750,11.611,5524
 6100,73661.320,12.575,5524
 6101,73672.930,11.609,5524
 6102,73685.383,12.444,5524
 6103,73697.188,11.809,5524
 6104,73709.375,12.182,5524
 6105,73721.070,11.701,5524
 6106,73734.742,13.670,5524
 6107,73745.875,11.135,5524
 6108,73758.219,12.347,5524
 6109,73769.891,11.671,5524
 6110,73782.813,12.918,5524
 6111,73794.523,11.709,5524
 6112,73806.430,11.906,5524
 6113,73819.375,12.944,5524
 6114,73831.047,11.669,5524
 6115,73843.117,12.079,5524
 6116,73855.070,11.946,5524
 6117,73866.844,11.780,5524
 6118,73879.219,12.376,5524
 6119,73891.125,11.902,5524
 6120,73903.164,12.040,5524
 6121,73914.844,11.679,5524
 6122,73928.383,13.536,5524
 6123,73939.063,10.684,5524
 6124,73951.070,12.008,5524
 6125,73964.484,13.413,5524
 6126,73975.953,11.477,5524
 6127,73988.102,12.136,5524
 6128,74000.172,12.079,5524
 6129,74012.164,11.988,5524
 6130,74024.594,12.437,5524
 6131,74036.992,12.397,5524
 6132,74049.344,12.349,5524
 6133,74060.602,11.257,5524
 6134,74072.820,12.215,5524
 6135,74084.484,11.667,5524
 6136,74096.906,12.422,5524
 6137,74108.117,11.205,5524
 6138,74120.016,11.910,5524
 6139,74132.094,12.072,5524
 6140,74144.016,11.926,5524
 6141,74156.266,12.251,5524
 6142,74169.102,12.827,5524
 6143,74180.859,11.762,5524
 6144,74192.844,11.983,5524
 6145,74205.398,12.553,5524
 6146,74216.648,11.257,5524
 6147,74228.766,12.108,5524
 6148,74240.375,11.614,5524
 6149,74252.320,11.945,5524
 6150,74264.664,12.348,5524
 6151,74276.406,11.733,5524
 6152,74288.453,12.049,5524
 6153,74300.563,12.113,5524
 6154,74312.484,11.925,5524
 6155,74324.383,11.890,5524
 6156,74336.914,12.536,5524
 6157,74348.453,11.542,5524
 6158,74360.852,12.397,5524
 6159,74372.742,11.890,5524
 6160,74384.727,11.981,5524
 6161,74396.172,11.447,5524
 6162,74408.531,12.362,5524
 6163,74420.492,11.958,5524
 6164,74432.727,12.235,5524
 6165,74444.148,11.426,5524
 6166,74456.133,11.981,5524
 6167,74468.023,11.884,5524
 6168,74480.164,12.147,5524
 6169,74492.438,12.271,5524
 6170,74504.336,11.902,5524
 6171,74516.828,12.490,5524
 6172,74528.609,11.787,5524
 6173,74539.680,11.068,5524
 6174,74551.938,12.262,5524
 6175,74563.891,11.952,5524
 6176,74576.492,12.594,5524
 6177,74588.344,11.859,5524
 6178,74599.727,11.378,5524
 6179,74611.859,12.132,5524
 6180,74623.102,11.239,5524
 6181,74635.148,12.053,5524
 6182,74647.406,12.250,5524
 6183,74659.039,11.635,5524
 6184,74671.922,12.888,5524
 6185,74683.297,11.375,5524
 6186,74695.227,11.932,5524
 6187,74707.297,12.072,5524
 6188,74719.078,11.774,5524
 6189,74731.117,12.040,5524
 6190,74742.578,11.461,5524
 6191,74754.398,11.821,5524
 6192,74766.531,12.133,5524
 6193,74778.477,11.943,5524
 6194,74790.164,11.692,5524
 6195,74802.461,12.290,5524
 6196,74814.445,11.990,5524
 6197,74826.297,11.851,5524
 6198,74838.336,12.042,5524
 6199,74850.766,12.427,5524
 6200,74862.641,11.873,5524
 6201,74874.219,11.577,5524
 6202,74886.563,12.343,5524
 6203,74898.734,12.169,5524
 6204,74911.180,12.450,5524
 6205,74922.469,11.288,5524
 6206,74934.609,12.146,5524
 6207,74946.969,12.357,5524
 6208,74959.133,12.165,5524
 6209,74970.375,11.240,5524
 6210,74982.375,11.996,5524
 6211,74993.930,11.558,5524
 6212,75006.242,12.312,5524
 6213,75018.195,11.956,5524
 6214,75029.945,11.749,5524
 6215,75041.391,11.444,5524
 6216,75053.602,12.211,5524
 6217,75066.188,12.587,5524
 6218,75076.969,10.785,5524
 6219,75088.742,11.765,5524
 6220,75101.188,12.448,5524
 6221,75112.266,11.079,5524
 6222,75124.484,12.223,5524
 6223,75136.234,11.750,5524
 6224,75148.273,12.034,5524
 6225,75160.359,12.086,5524
 6226,75172.383,12.021,5524
 6227,75183.961,11.583,5524
 6228,75196.328,12.373,5524
 6229,75207.930,11.599,5524
 6230,75219.828,11.897,5524
 6231,75231.734,11.903,5524
 6232,75243.375,11.638,5524
 6233,75255.383,12.006,5524
 6234,75267.445,12.066,5524
 6235,75279.633,12.190,5524
 6236,75291.172,11.542,5524
 6237,75302.781,11.604,5524
 6238,75315.313,12.532,5524
 6239,75327.383,12.065,5524
 6240,75339.555,12.179,5524
 6241,75351.156,11.597,5524
 6242,75362.938,11.790,5524
 6243,75374.336,11.401,5524
 6244,75386.953,12.611,5524
 6245,75398.883,11.932,5524
 6246,75410.547,11.664,5524
 6247,75422.281,11.736,5524
 6248,75433.836,11.549,5524
 6249,75446.969,13.139,5524
 6250,75457.805,10.829,5524
 6251,75470.750,12.944,5524
 6252,75482.070,11.324,5524
 6253,75493.586,11.513,5524
 6254,75505.961,12.377,5524
 6255,75518.133,12.167,5524
 6256,75530.359,12.227,5524
 6257,75541.898,11.544,5524
 6258,75553.898,12.001,5524
 6259,75565.367,11.459,5524
 6260,75577.234,11.877,5524
 6261,75589.188,11.949,5524
 6262,75600.258,11.077,5524
 6263,75612.633,12.375,5524
 6264,75624.148,11.510,5524
 6265,75636.023,11.874,5524
 6266,75648.164,12.139,5524
 6267,75659.797,11.631,5524
 6268,75671.156,11.367,5524
 6269,75683.984,12.832,5524
 6270,75695.148,11.155,5524
 6271,75707.766,12.615,5524
 6272,75719.227,11.470,5524
 6273,75731.188,11.958,5524
 6274,75743.469,12.278,5524
 6275,75754.602,11.134,5524
 6276,75766.875,12.275,5524
 6277,75778.656,11.788,5524
 6278,75790.609,11.948,5524
 6279,75801.805,11.192,5524
 6280,75814.445,12.637,5524
 6281,75825.242,10.806,5524
 6282,75837.195,11.950,5524
 6283,75849.305,12.112,5524
 6284,75861.156,11.844,5524
 6285,75873.039,11.880,5524
 6286,75884.398,11.365,5524
 6287,75896.609,12.213,5524
 6288,75908.633,12.027,5524
 6289,75919.766,11.127,5524
 6290,75931.523,11.756,5524
 6291,75943.180,11.661,5524
 6292,75955.148,11.968,5524
 6293,75967.523,12.374,5524
 6294,75979.109,11.583,5524
 6295,75990.625,11.519,5524
 6296,76002.805,12.180,5524
 6297,76014.656,11.855,5524
 6298,76026.375,11.710,5524
 6299,76037.641,11.275,5524
 6300,76049.648,12.010,5524
 6301,76061.742,12.087,5524
 6302,76073.266,11.528,5524
 6303,76086.000,12.733,5524
 6304,76097.703,11.697,5524
 6305,76108.773,11.073,5524
 6306,76120.492,11.721,5524
 6307,76132.734,12.238,5524
 6308,76143.313,10.582,5524
 6309,76155.641,12.328,5524
 6310,76167.586,11.944,5524
 6311,76179.477,11.887,5524
 6312,76192.180,12.708,5524
 6313,76202.797,10.611,5524
 6314,76214.164,11.370,5524
 6315,76225.555,11.391,5524
 6316,76237.688,12.129,5524
 6317,76249.195,11.510,5524
 6318,76260.953,11.764,5524
 6319,76272.523,11.568,5524
 6320,76283.891,11.369,5524
 6321,76295.445,11.546,5524
 6322,76307.406,11.966,5524
 6323,76318.820,11.412,5524
 6324,76330.469,11.648,5524
 6325,76342.227,11.759,5524
 6326,76353.945,11.723,5524
 6327,76365.094,11.146,5524
 6328,76377.367,12.273,5524
 6329,76388.820,11.453,5524
 6330,76400.523,11.702,5524
 6331,76412.219,11.698,5524
 6332,76424.172,11.953,5524
 6333,76435.406,11.233,5524
 6334,76447.188,11.778,5524
 6335,76458.891,11.709,5524
 6336,76471.523,12.628,5524
 6337,76481.813,10.294,5524
 6338,76493.367,11.551,5524
 6339,76505.516,12.152,5524
 6340,76516.547,11.033,5524
 6341,76528.727,12.170,5524
 6342,76539.688,10.961,5524
 6343,76551.492,11.809,5524
 6344,76563.055,11.564,5524
 6345,76574.375,11.315,5524
 6346,76586.141,11.770,5524
 6347,76597.117,10.973,5524
 6348,76608.859,11.750,5524
 6349,76620.625,11.764,5524
 6350,76631.945,11.320,5524
 6351,76643.891,11.941,5524
 6352,76656.188,12.302,5524
 6353,76667.172,10.980,5524
 6354,76678.367,11.195,5524
 6355,76689.563,11.201,5524
 6356,76701.180,11.611,5524
 6357,76712.398,11.220,5524
 6358,76723.727,11.330,5524
 6359,76735.430,11.700,5524
 6360,76747.039,11.611,5524
 6361,76758.211,11.178,5524
 6362,76769.750,11.528,5524
 6363,76781.617,11.877,5524
 6364,76793.398,11.779,5524
 6365,76804.383,10.979,5524
 6366,76815.516,11.140,5524
 6367,76827.250,11.736,5524
 6368,76839.266,12.009,5524
 6369,76851.289,12.025,5524
 6370,76862.047,10.753,5524
 6371,76872.945,10.905,5524
 6372,76884.625,11.678,5524
 6373,76896.086,11.461,5524
 6374,76907.555,11.467,5524
 6375,76918.344,10.795,5524
 6376,76930.336,11.992,5524
 6377,76941.922,11.586,5524
 6378,76952.859,10.931,5524
 6379,76964.445,11.589,5524
 6380,76976.242,11.799,5524
 6381,76988.047,11.798,5524
 6382,76998.367,10.318,5524
 6383,77010.023,11.656,5524
 6384,77021.117,11.098,5524
 6385,77032.758,11.639,5524
 6386,77044.578,11.829,5524
 6387,77055.891,11.309,5524
 6388,77067.008,11.118,5524
 6389,77078.328,11.325,5524
 6390,77089.539,11.209,5524
 6391,77101.156,11.613,5524
 6392,77112.414,11.254,5524
 6393,77124.078,11.667,5524
 6394,77135.477,11.402,5524
 6395,77146.758,11.278,5524
 6396,77159.039,12.280,5524
 6397,77169.844,10.805,5524
 6398,77181.078,11.236,5524
 6399,77192.305,11.225,5524
 6400,77203.523,11.219,5524
 6401,77215.477,11.954,5524
 6402,77226.289,10.811,5524
 6403,77239.750,13.457,5524
 6404,77250.102,10.352,5524
 6405,77261.703,11.599,5524
 6406,77272.609,10.914,5524
 6407,77284.281,11.677,5524
 6408,77295.250,10.966,5524
 6409,77307.539,12.286,5524
 6410,77318.430,10.888,5524
 6411,77329.758,11.329,5524
 6412,77341.102,11.346,5524
 6413,77351.852,10.751,5524
 6414,77363.594,11.743,5524
 6415,77375.438,11.838,5524
 6416,77386.836,11.405,5524
 6417,77397.836,11.000,5524
 6418,77409.023,11.184,5524
 6419,77420.508,11.482,5524
 6420,77431.617,11.116,5524
 6421,77443.242,11.625,5524
 6422,77454.578,11.337,5524
 6423,77465.914,11.333,5524
 6424,77477.156,11.244,5524
 6425,77488.164,11.002,5524
 6426,77499.297,11.139,5524
 6427,77510.445,11.141,5524
 6428,77521.867,11.425,5524
 6429,77533.008,11.141,5524
 6430,77544.414,11.407,5524
 6431,77555.781,11.367,5524
 6432,77566.930,11.154,5524
 6433,77578.781,11.842,5524
 6434,77589.688,10.903,5524
 6435,77601.266,11.586,5524
 6436,77613.055,11.782,5524
 6437,77624.219,11.170,5524
 6438,77635.719,11.497,5524
 6439,77646.391,10.674,5524
 6440,77657.281,10.894,5524
 6441,77668.898,11.620,5524
 6442,77680.688,11.777,5524
 6443,77692.609,11.929,5524
 6444,77702.992,10.389,5524
 6445,77713.969,10.974,5524
 6446,77725.445,11.470,5524
 6447,77736.625,11.183,5524
 6448,77748.750,12.119,5524
 6449,77759.758,11.012,5524
 6450,77770.898,11.142,5524
 6451,77782.445,11.548,5524
 6452,77793.258,10.816,5524
 6453,77804.289,11.025,5524
 6454,77815.500,11.214,5524
 6455,77827.258,11.756,5524
 6456,77837.938,10.680,5524
 6457,77849.430,11.494,5524
 6458,77860.578,11.152,5524
 6459,77872.313,11.731,5524
 6460,77883.195,10.878,5524
 6461,77894.773,11.580,5524
 6462,77905.953,11.181,5524
 6463,77917.078,11.119,5524
 6464,77928.438,11.366,5524
 6465,77939.930,11.492,5524
 6466,77951.508,11.574,5524
 6467,77962.383,10.876,5524
 6468,77973.742,11.362,5524
 6469,77984.938,11.199,5524
 6470,77997.219,12.275,5524
 6471,78007.586,10.371,5524
 6472,78018.281,10.694,5524
 6473,78030.086,11.798,5524
 6474,78041.227,11.145,5524
 6475,78053.008,11.787,5524
 6476,78064.352,11.335,5524
 6477,78074.523,10.175,5524
 6478,78086.367,11.842,5524
 6479,78097.375,11.008,5524
 6480,78108.141,10.766,5524
 6481,78119.297,11.165,5524
 6482,78130.711,11.403,5524
 6483,78142.078,11.370,5524
 6484,78154.086,12.004,5524
 6485,78164.531,10.456,5524
 6486,78176.195,11.658,5524
 6487,78188.039,11.838,5524
 6488,78200.109,12.074,5524
 6489,78211.570,11.469,5524
 6490,78221.609,10.038,5524
 6491,78233.961,12.351,5524
 6492,78246.039,12.074,5524
 6493,78257.555,11.520,5524
 6494,78268.391,10.834,5524
 6495,78279.375,10.980,5524
 6496,78290.078,10.707,5524
 6497,78302.102,12.018,5524
 6498,78313.688,11.584,5524
 6499,78324.609,10.927,5524
 6500,78336.523,11.919,5524
 6501,78348.711,12.182,5524
 6502,78357.891, 9.186,5524
 6503,78369.648,11.761,5524
 6504,78380.023,10.366,5524
 6505,78391.406,11.381,5524
 6506,78402.414,11.008,5524
 6507,78414.164,11.754,5524
 6508,78424.648,10.486,5524
 6509,78435.992,11.344,5524
 6510,78447.266,11.270,5524
 6511,78458.492,11.229,5524
 6512,78469.695,11.199,5524
 6513,78481.383,11.688,5524
 6514,78492.750,11.369,5524
 6515,78503.453,10.701,5524
 6516,78514.742,11.289,5524
 6517,78526.438,11.692,5524
 6518,78537.172,10.739,5524
 6519,78548.125,10.956,5524
 6520,78559.430,11.298,5524
 6521,78571.148,11.724,5524
 6522,78581.453,10.306,5524
 6523,78593.320,11.867,5524
 6524,78604.914,11.596,5524
 6525,78616.023,11.102,5524
 6526,78627.570,11.552,5524
 6527,78638.070,10.494,5524
 6528,78649.766,11.694,5524
 6529,78661.211,11.450,5524
 6530,78672.555,11.343,5524
 6531,78683.430,10.872,5524
 6532,78694.594,11.174,5524
 6533,78706.406,11.804,5524
 6534,78717.406,11.000,5524
 6535,78728.359,10.951,5524
 6536,78739.781,11.428,5524
 6537,78751.078,11.294,5524
 6538,78763.336,12.263,5524
 6539,78773.852,10.516,5524
 6540,78784.969,11.115,5524
 6541,78796.477,11.509,5524
 6542,78807.781,11.303,5524
 6543,78818.867,11.087,5524
 6544,78830.844,11.975,5524
 6545,78842.523,11.682,5524
 6546,78853.688,11.154,5524
 6547,78864.703,11.019,5524
 6548,78875.625,10.929,5524
 6549,78886.641,11.012,5524
 6550,78899.016,12.372,5524
 6551,78909.477,10.462,5524
 6552,78920.813,11.337,5524
 6553,78931.898,11.092,5524
 6554,78943.313,11.413,5524
 6555,78954.484,11.170,5524
 6556,78965.492,11.008,5524
 6557,78976.750,11.252,5524
 6558,78987.781,11.038,5524
 6559,78999.266,11.481,5524
 6560,79010.516,11.250,5524
 6561,79021.672,11.161,5524
 6562,79032.828,11.154,5524
 6563,79044.086,11.253,5524
 6564,79055.328,11.250,5524
 6565,79066.133,10.798,5524
 6566,79077.547,11.418,5524
 6567,79088.508,10.956,5524
 6568,79099.531,11.028,5524
 6569,79111.164,11.633,5524
 6570,79122.500,11.330,5524
 6571,79134.148,11.656,5524
 6572,79145.445,11.294,5524
 6573,79156.570,11.126,5524
 6574,79166.836,10.264,5524
 6575,79178.375,11.534,5524
 6576,79189.492,11.119,5524
 6577,79200.695,11.207,5524
 6578,79211.938,11.243,5524
 6579,79223.063,11.117,5524
 6580,79234.586,11.529,5524
 6581,79245.781,11.192,5524
 6582,79256.617,10.842,5524
 6583,79267.047,10.421,5524
 6584,79277.867,10.829,5524
 6585,79289.031,11.158,5524
 6586,79300.375,11.341,5524
 6587,79312.047,11.677,5524
 6588,79322.531,10.484,5524
 6589,79334.391,11.857,5524
 6590,79344.914,10.528,5524
 6591,79356.039,11.124,5524
 6592,79367.664,11.626,5524
 6593,79378.961,11.300,5524
 6594,79390.273,11.315,5524
 6595,79401.094,10.814,5524
 6596,79412.523,11.431,5524
 6597,79423.547,11.021,5524
 6598,79434.492,10.949,5524
 6599,79445.727,11.233,5524
 6600,79456.688,10.954,5524
 6601,79468.078,11.394,5524
 6602,79478.945,10.876,5524
 6603,79490.141,11.190,5524
 6604,79500.938,10.800,5524
 6605,79512.633,11.692,5524
 6606,79524.602,11.969,5524
 6607,79534.789,10.186,5524
 6608,79546.047,11.258,5524
 6609,79557.078,11.030,5524
 6610,79568.383,11.304,5524
 6611,79579.367,10.988,5524
 6612,79590.336,10.975,5524
 6613,79602.320,11.980,5524
 6614,79613.148,10.827,5524
 6615,79623.352,10.201,5524
 6616,79634.406,11.051,5524
 6617,79645.398,10.992,5524
 6618,79656.602,11.213,5524
 6619,79667.859,11.256,5524
 6620,79678.844,10.980,5524
 6621,79690.172,11.332,5524
 6622,79701.320,11.150,5524
 6623,79712.766,11.439,5524
 6624,79723.805,11.043,5524
 6625,79734.711,10.901,5524
 6626,79745.508,10.801,5524
 6627,79752.938, 7.430,5337
 6628,79759.898, 6.962,5337
 6629,79767.430, 7.529,5337
 6630,79774.891, 7.464,5337
 6631,79782.719, 7.824,5337
 6632,79790.039, 7.321,5337
 6633,79798.000, 7.962,5337
 6634,79804.648, 6.649,5337
 6635,79811.992, 7.347,5337
 6636,79819.406, 7.408,5337
 6637,79826.961, 7.560,5337
 6638,79834.734, 7.769,5337
 6639,79841.820, 7.089,5337
 6640,79850.047, 8.220,5337
 6641,79857.016, 6.965,5337
 6642,79864.680, 7.671,5337
 6643,79872.352, 7.671,5337
 6644,79879.867, 7.515,5337
 6645,79887.125, 7.256,5337
 6646,79894.375, 7.249,5337
 6647,79902.188, 7.821,5337
 6648,79909.203, 7.012,5337
 6649,79917.102, 7.895,5337
 6650,79924.156, 7.060,5337
 6651,79931.781, 7.619,5337
 6652,79939.195, 7.421,5337
 6653,79946.523, 7.324,5337
 6654,79954.570, 8.050,5337
 6655,79961.477, 6.906,5337
 6656,79969.320, 7.845,5337
 6657,79976.477, 7.156,5337
 6658,79983.813, 7.331,5337
 6659,79991.352, 7.541,5337
 6660,79999.273, 7.924,5337
 6661,80006.438, 7.159,5337
 6662,80013.602, 7.173,5337
 6663,80021.195, 7.587,5337
 6664,80028.406, 7.213,5337
 6665,80036.359, 7.951,5337
 6666,80043.367, 7.005,5337
 6667,80051.078, 7.710,5337
 6668,80058.359, 7.281,5337
 6669,80066.117, 7.765,5337
 6670,80073.773, 7.656,5337
 6671,80081.766, 7.986,5337
 6672,80089.195, 7.436,5337
 6673,80096.727, 7.530,5337
 6674,80103.836, 7.112,5337
 6675,80111.539, 7.705,5337
 6676,80118.914, 7.374,5337
 6677,80126.281, 7.365,5337
 6678,80133.953, 7.677,5337
 6679,80141.141, 7.179,5337
 6680,80148.438, 7.300,5337
 6681,80156.023, 7.583,5337
 6682,80163.250, 7.227,5337
 6683,80171.234, 7.988,5337
 6684,80178.852, 7.617,5337
 6685,80186.711, 7.855,5337
 6686,80193.789, 7.076,5337
 6687,80201.219, 7.432,5337
 6688,80208.750, 7.531,5337
 6689,80216.016, 7.264,5337
 6690,80223.742, 7.731,5337
 6691,80230.852, 7.110,5337
 6692,80238.461, 7.604,5337
 6693,80246.125, 7.666,5337
 6694,80253.508, 7.386,5337
 6695,80260.852, 7.347,5337
 6696,80268.211, 7.354,5337
 6697,80275.609, 7.403,5337
 6698,80283.055, 7.439,5337
 6699,80290.875, 7.824,5337
 6700,80298.016, 7.136,5337
 6701,80305.594, 7.587,5337
 6702,80313.188, 7.589,5337
 6703,80320.867, 7.677,5337
 6704,80328.086, 7.223,5337
 6705,80335.445, 7.358,5337
 6706,80343.063, 7.614,5337
 6707,80350.867, 7.812,5337
 6708,80358.023, 7.149,5337
 6709,80365.156, 7.137,5337
 6710,80372.953, 7.798,5337
 6711,80380.180, 7.220,5337
 6712,80387.766, 7.584,5337
 6713,80395.508, 7.748,5337
 6714,80402.813, 7.307,5337
 6715,80411.117, 8.304,5337
 6716,80418.375, 7.249,5337
 6717,80425.828, 7.458,5337
 6718,80433.883, 8.061,5337
 6719,80441.234, 7.349,5337
 6720,80448.805, 7.566,5337
 6721,80456.203, 7.399,5337
 6722,80463.617, 7.416,5337
 6723,80471.258, 7.645,5337
 6724,80478.688, 7.420,5337
 6725,80485.859, 7.175,5337
 6726,80493.367, 7.505,5337
 6727,80500.898, 7.535,5337
 6728,80508.320, 7.425,5337
 6729,80516.148, 7.822,5337
 6730,80523.398, 7.250,5337
 6731,80530.813, 7.415,5337
 6732,80538.359, 7.544,5337
 6733,80545.977, 7.628,5337
 6734,80554.016, 8.033,5337
 6735,80561.492, 7.474,5337
 6736,80568.609, 7.127,5337
 6737,80575.992, 7.381,5337
 6738,80583.352, 7.356,5337
 6739,80590.820, 7.467,5337
 6740,80598.180, 7.360,5337
 6741,80606.188, 8.008,5337
 6742,80613.438, 7.252,5337
 6743,80621.188, 7.745,5337
 6744,80628.430, 7.242,5337
 6745,80635.969, 7.542,5337
 6746,80643.594, 7.628,5337
 6747,80651.047, 7.444,5337
 6748,80658.336, 7.298,5337
 6749,80666.086, 7.745,5337
 6750,80674.070, 7.987,5337
 6751,80681.023, 6.951,5337
 6752,80688.930, 7.907,5337
 6753,80697.039, 8.105,5337
 6754,80704.148, 7.115,5337
 6755,80711.813, 7.660,5337
 6756,80719.203, 7.394,5337
 6757,80726.570, 7.367,5337
 6758,80734.203, 7.637,5337
 6759,80741.414, 7.210,5337
 6760,80749.352, 7.934,5337
 6761,80756.258, 6.908,5337
 6762,80764.148, 7.894,5337
 6763,80771.633, 7.488,5337
 6764,80778.969, 7.335,5337
 6765,80786.469, 7.493,5337
 6766,80794.586, 8.120,5337
 6767,80802.555, 7.970,5337
 6768,80809.938, 7.380,5337
 6769,80817.336, 7.405,5337
 6770,80824.805, 7.459,5337
 6771,80832.359, 7.551,5337
 6772,80839.914, 7.560,5337
 6773,80847.469, 7.552,5337
 6774,80854.930, 7.469,5337
 6775,80862.320, 7.391,5337
 6776,80870.203, 7.876,5337
 6777,80877.992, 7.792,5337
 6778,80885.273, 7.283,5337
 6779,80892.781, 7.505,5337
 6780,80900.516, 7.733,5337
 6781,80908.117, 7.606,5337
 6782,80915.305, 7.190,5337
 6783,80923.523, 8.212,5337
 6784,80930.656, 7.140,5337
 6785,80938.953, 8.295,5337
 6786,80946.352, 7.393,5337
 6787,80954.188, 7.840,5337
 6788,80961.430, 7.235,5337
 6789,80969.492, 8.069,5337
 6790,80976.375, 6.877,5337
 6791,80983.938, 7.573,5337
 6792,80992.367, 8.418,5337
 6793,80999.469, 7.107,5337
 6794,81007.023, 7.551,5337
 6795,81014.539, 7.523,5337
 6796,81021.594, 7.055,5337
 6797,81029.367, 7.763,5337
 6798,81036.859, 7.502,5337
 6799,81044.484, 7.622,5337
 6800,81051.781, 7.294,5337
 6801,81059.148, 7.368,5337
 6802,81066.836, 7.691,5337
 6803,81074.398, 7.555,5337
 6804,81081.859, 7.469,5337
 6805,81089.656, 7.795,5337
 6806,81097.227, 7.568,5337
 6807,81105.039, 7.811,5337
 6808,81112.500, 7.464,5337
 6809,81119.594, 7.099,5337
 6810,81127.313, 7.715,5337
 6811,81134.844, 7.529,5337
 6812,81142.313, 7.475,5337
 6813,81149.711, 7.389,5337
 6814,81157.406, 7.699,5337
 6815,81164.734, 7.329,5337
 6816,81172.469, 7.729,5337
 6817,81179.852, 7.387,5337
 6818,81187.344, 7.486,5337
 6819,81194.867, 7.534,5337
 6820,81202.813, 7.942,5337
 6821,81210.305, 7.493,5337
 6822,81217.930, 7.626,5337
 6823,81225.664, 7.738,5337
 6824,81232.914, 7.247,5337
 6825,81240.656, 7.742,5337
 6826,81248.461, 7.800,5337
 6827,81256.055, 7.592,5337
 6828,81263.305, 7.257,5337
 6829,81271.094, 7.780,5337
 6830,81278.586, 7.499,5337
 6831,81286.180, 7.591,5337
 6832,81293.633, 7.456,5337
 6833,81301.234, 7.606,5337
 6834,81308.914, 7.673,5337
 6835,81316.891, 7.977,5337
 6836,81324.219, 7.331,5337
 6837,81331.781, 7.563,5337
 6838,81339.227, 7.441,5337
 6839,81347.180, 7.956,5337
 6840,81354.578, 7.399,5337
 6841,81361.969, 7.388,5337
 6842,81369.758, 7.785,5337
 6843,81377.305, 7.553,5337
 6844,81384.805, 7.500,5337
 6845,81392.453, 7.644,5337
 6846,81400.117, 7.663,5337
 6847,81407.516, 7.403,5337
 6848,81414.922, 7.406,5337
 6849,81422.570, 7.647,5337
 6850,81430.648, 8.081,5337
 6851,81438.086, 7.430,5337
 6852,81445.891, 7.812,5337
 6853,81453.305, 7.416,5337
 6854,81460.703, 7.392,5337
 6855,81468.469, 7.769,5337
 6856,81476.023, 7.549,5337
 6857,81483.914, 7.900,5337
 6858,81491.297, 7.382,5337
 6859,81498.758, 7.455,5337
 6860,81506.352, 7.595,5337
 6861,81514.016, 7.661,5337
 6862,81521.688, 7.674,5337
 6863,81529.352, 7.659,5337
 6864,81537.570, 8.228,5337
 6865,81544.992, 7.425,5337
 6866,81552.750, 7.749,5337
 6867,81560.117, 7.374,5337
 6868,81567.656, 7.541,5337
 6869,81575.398, 7.734,5337
 6870,81583.164, 7.767,5337
 6871,81591.375, 8.212,5337
 6872,81598.570, 7.198,5337
 6873,81606.078, 7.506,5337
 6874,81614.031, 7.952,5337
 6875,81621.195, 7.168,5337
 6876,81628.930, 7.737,5337
 6877,81636.469, 7.534,5337
 6878,81644.234, 7.764,5337
 6879,81651.609, 7.376,5337
 6880,81659.836, 8.229,5337
 6881,81667.180, 7.344,5337
 6882,81674.586, 7.409,5337
 6883,81682.500, 7.906,5337
 6884,81690.430, 7.933,5337
 6885,81698.727, 8.298,5337
 6886,81706.219, 7.490,5337
 6887,81713.719, 7.497,5337
 6888,81721.805, 8.090,5337
 6889,81729.289, 7.486,5337
 6890,81736.883, 7.594,5337
 6891,81744.352, 7.465,5337
 6892,81751.953, 7.607,5337
 6893,81759.820, 7.861,5337
 6894,81767.430, 7.607,5337
 6895,81774.617, 7.196,5337
 6896,81782.508, 7.889,5337
 6897,81789.961, 7.452,5337
 6898,81798.031, 8.067,5337
 6899,81805.609, 7.584,5337
 6900,81813.281, 7.669,5337
 6901,81820.625, 7.346,5337
 6902,81828.531, 7.905,5337
 6903,81836.094, 7.560,5337
 6904,81843.586, 7.492,5337
 6905,81851.000, 7.417,5337
 6906,81858.609, 7.608,5337
 6907,81866.258, 7.646,5337
 6908,81874.023, 7.768,5337
 6909,81881.586, 7.562,5337
 6910,81889.492, 7.910,5337
 6911,81896.609, 7.118,5337
 6912,81904.516, 7.905,5337
 6913,81911.922, 7.402,5337
 6914,81919.734, 7.813,5337
 6915,81927.594, 7.861,5337
 6916,81934.805, 7.205,5337
 6917,81942.789, 7.992,5337
 6918,81950.758, 7.961,5337
 6919,81958.063, 7.307,5337
 6920,81965.539, 7.476,5337
 6921,81973.297, 7.766,5337
 6922,81980.828, 7.527,5337
 6923,81988.430, 7.600,5337
 6924,81995.828, 7.395,5337
 6925,82003.680, 7.854,5337
 6926,82011.227, 7.550,5337
 6927,82018.914, 7.692,5337
 6928,82026.594, 7.673,5337
 6929,82034.742, 8.151,5337
 6930,82041.781, 7.039,5337
 6931,82049.578, 7.797,5337
 6932,82056.953, 7.378,5337
 6933,82064.891, 7.931,5337
 6934,82073.711, 8.817,5337
 6935,82081.414, 7.707,5337
 6936,82088.148, 6.733,5337
 6937,82095.797, 7.650,5337
 6938,82103.266, 7.469,5337
 6939,82111.313, 8.049,5337
 6940,82118.445, 7.132,5337
 6941,82126.398, 7.951,5337
 6942,82134.117, 7.723,5337
 6943,82141.711, 7.586,5337
 6944,82149.055, 7.348,5337
 6945,82156.742, 7.684,5337
 6946,82164.391, 7.648,5337
 6947,82171.977, 7.591,5337
 6948,82179.727, 7.745,5337
 6949,82187.992, 8.273,5337
 6950,82195.234, 7.240,5337
 6951,82202.859, 7.626,5337
 6952,82210.727, 7.866,5337
 6953,82218.094, 7.362,5337
 6954,82226.211, 8.122,5337
 6955,82234.555, 8.348,5337
 6956,82242.273, 7.718,5337
 6957,82249.820, 7.543,5337
 6958,82258.172, 8.351,5337
 6959,82265.438, 7.268,5337
 6960,82273.266, 7.829,5337
 6961,82280.773, 7.507,5337
 6962,82288.594, 7.823,5337
 6963,82296.625, 8.030,5337
 6964,82304.539, 7.912,5337
 6965,82311.844, 7.304,5337
 6966,82319.586, 7.742,5337
 6967,82327.172, 7.587,5337
 6968,82334.688, 7.510,5337
 6969,82342.195, 7.514,5337
 6970,82350.094, 7.898,5337
 6971,82357.766, 7.668,5337
 6972,82365.398, 7.635,5337
 6973,82372.852, 7.458,5337
 6974,82380.633, 7.778,5337
 6975,82388.133, 7.499,5337
 6976,82395.688, 7.550,5337
 6977,82403.461, 7.780,5337
 6978,82411.133, 7.667,5337
 6979,82418.539, 7.409,5337
 6980,82426.352, 7.806,5337
 6981,82433.984, 7.640,5337
 6982,82441.648, 7.666,5337
 6983,82449.391, 7.739,5337
 6984,82457.211, 7.820,5337
 6985,82465.250, 8.043,5337
 6986,82472.969, 7.717,5337
 6987,82480.148, 7.177,5337
 6988,82487.656, 7.511,5337
 6989,82495.484, 7.824,5337
 6990,82503.273, 7.792,5337
 6991,82510.875, 7.602,5337
 6992,82518.438, 7.561,5337
 6993,82526.023, 7.583,5337
 6994,82533.641, 7.626,5337
 6995,82541.602, 7.959,5337
 6996,82549.492, 7.891,5337
 6997,82556.711, 7.212,5337
 6998,82564.625, 7.920,5337
 6999,82572.289, 7.662,5337
 7000,82579.969, 7.686,5337
 7001,82587.625, 7.653,5337
 7002,82595.281, 7.651,5337
 7003,82603.141, 7.862,5337
 7004,82610.805, 7.663,5337
 7005,82618.219, 7.418,5337
 7006,82626.148, 7.926,5337
 7007,82634.383, 8.234,5337
 7008,82642.320, 7.938,5337
 7009,82650.555, 8.234,5337
 7010,82657.523, 6.965,5337
 7011,82665.086, 7.562,5337
 7012,82672.930, 7.850,5337
 7013,82681.047, 8.114,5337
 7014,82688.398, 7.349,5337
 7015,82695.938, 7.542,5337
 7016,82703.625, 7.693,5337
 7017,82711.570, 7.945,5337
 7018,82719.695, 8.115,5337
 7019,82727.477, 7.783,5337
 7020,82735.141, 7.664,5337
 7021,82742.688, 7.550,5337
 7022,82750.797, 8.111,5337
 7023,82758.648, 7.852,5337
 7024,82766.148, 7.500,5337
 7025,82774.078, 7.923,5337
 7026,82781.344, 7.270,5337
 7027,82788.953, 7.612,5337
 7028,82796.641, 7.693,5337
 7029,82804.359, 7.707,5337
 7030,82812.109, 7.751,5337
 7031,82819.852, 7.744,5337
 7032,82827.875, 8.030,5337
 7033,82835.383, 7.500,5337
 7034,82843.375, 7.990,5337
 7035,82850.977, 7.612,5337
 7036,82858.531, 7.553,5337
 7037,82865.977, 7.443,5337
 7038,82873.555, 7.577,5337
 7039,82881.461, 7.906,5337
 7040,82889.156, 7.695,5337
 7041,82897.125, 7.972,5337
 7042,82904.430, 7.302,5337
 7043,82912.227, 7.798,5337
 7044,82919.875, 7.651,5337
 7045,82927.828, 7.950,5337
 7046,82935.109, 7.282,5337
 7047,82942.766, 7.654,5337
 7048,82950.609, 7.848,5337
 7049,82958.664, 8.052,5337
 7050,82965.727, 7.056,5337
 7051,82973.586, 7.868,5337
 7052,82981.367, 7.772,5337
 7053,82988.953, 7.595,5337
 7054,82996.648, 7.697,5337
 7055,83004.633, 7.982,5337
 7056,83012.289, 7.661,5337
 7057,83020.523, 8.225,5337
 7058,83029.164, 8.646,5337
 7059,83036.469, 7.300,5337
 7060,83044.359, 7.888,5337
 7061,83051.969, 7.620,5337
 7062,83059.656, 7.684,5337
 7063,83067.578, 7.923,5337
 7064,83075.656, 8.080,5337
 7065,83082.664, 7.005,5337
 7066,83090.625, 7.963,5337
 7067,83098.695, 8.059,5337
 7068,83106.047, 7.354,5337
 7069,83113.852, 7.811,5337
 7070,83121.609, 7.761,5337
 7071,83129.438, 7.822,5337
 7072,83137.563, 8.130,5337
 7073,83145.344, 7.773,5337
 7074,83152.953, 7.619,5337
 7075,83161.063, 8.102,5337
 7076,83168.492, 7.434,5337
 7077,83176.164, 7.672,5337
 7078,83184.242, 8.073,5337
 7079,83191.375, 7.129,5337
 7080,83200.219, 8.852,5337
 7081,83207.320, 7.105,5337
 7082,83214.719, 7.390,5337
 7083,83222.781, 8.066,5337
 7084,83230.859, 8.080,5337
 7085,83240.039, 9.171,5337
 7086,83247.539, 7.504,5337
 7087,83254.750, 7.213,5337
 7088,83262.414, 7.661,5337
 7089,83271.094, 8.678,5337
 7090,83278.102, 7.010,5337
 7091,83285.969, 7.876,5337
 7092,83293.445, 7.467,5337
 7093,83301.539, 8.099,5337
 7094,83309.008, 7.462,5337
 7095,83317.047, 8.043,5337
 7096,83324.563, 7.516,5337
 7097,83333.047, 8.483,5337
 7098,83340.852, 7.804,5337
 7099,83348.836, 7.986,5337
 7100,83356.945, 8.111,5337
 7101,83364.203, 7.257,5337
 7102,83371.773, 7.571,5337
 7103,83379.477, 7.706,5337
 7104,83386.875, 7.393,5337
 7105,83394.773, 7.898,5337
 7106,83402.555, 7.785,5337
 7107,83410.164, 7.608,5337
 7108,83417.648, 7.484,5337
 7109,83425.813, 8.162,5337
 7110,83433.273, 7.468,5337
 7111,83441.508, 8.230,5337
 7112,83448.633, 7.131,5337
 7113,83456.359, 7.718,5337
 7114,83464.227, 7.873,5337
 7115,83471.758, 7.526,5337
 7116,83480.047, 8.285,5337
 7117,83487.727, 7.685,5337
 7118,83494.992, 7.274,5337
 7119,83502.625, 7.626,5337
 7120,83510.836, 8.213,5337
 7121,83518.492, 7.650,5337
 7122,83526.055, 7.559,5337
 7123,83534.344, 8.292,5337
 7124,83541.250, 6.911,5337
 7125,83549.156, 7.902,5337
 7126,83556.867, 7.715,5337
 7127,83565.055, 8.185,5337
 7128,83572.461, 7.409,5337
 7129,83579.891, 7.429,5337
 7130,83587.680, 7.782,5337
 7131,83595.508, 7.838,5337
 7132,83602.945, 7.434,5337
 7133,83610.883, 7.943,5337
 7134,83618.688, 7.794,5337
 7135,83627.008, 8.319,5337
 7136,83634.273, 7.276,5337
 7137,83642.648, 8.377,5337
 7138,83649.867, 7.215,5337
 7139,83657.539, 7.669,5337
 7140,83665.430, 7.892,5337
 7141,83672.922, 7.491,5337
 7142,83680.719, 7.796,5337
 7143,83688.539, 7.823,5337
 7144,83696.422, 7.878,5337
 7145,83703.742, 7.325,5337
 7146,83712.281, 8.543,5337
 7147,83719.492, 7.205,5337
 7148,83726.977, 7.488,5337
 7149,83734.906, 7.928,5337
 7150,83742.539, 7.636,5337
 7151,83750.656, 8.119,5337
 7152,83757.984, 7.323,5337
 7153,83765.914, 7.929,5337
 7154,83773.602, 7.686,5337
 7155,83781.133, 7.534,5337
 7156,83788.906, 7.776,5337
 7157,83796.727, 7.816,5337
 7158,83804.594, 7.869,5337
 7159,83812.563, 7.971,5337
 7160,83820.102, 7.538,5337
 7161,83827.859, 7.756,5337
 7162,83836.281, 8.424,5337
 7163,83844.016, 7.728,5337
 7164,83851.688, 7.674,5337
 7165,83859.320, 7.635,5337
 7166,83867.195, 7.878,5337
 7167,83874.984, 7.791,5337
 7168,83882.945, 7.956,5337
 7169,83890.625, 7.680,5337
 7170,83898.852, 8.230,5337
 7171,83907.461, 8.603,5337
 7172,83914.430, 6.970,5337
 7173,83922.164, 7.738,5337
 7174,83930.094, 7.925,5337
 7175,83937.914, 7.825,5337
 7176,83945.703, 7.783,5337
 7177,83952.977, 7.278,5337
 7178,83960.797, 7.819,5337
 7179,83968.609, 7.812,5337
 7180,83976.523, 7.914,5337
 7181,83983.961, 7.444,5337
 7182,83991.781, 7.809,5337
 7183,84000.430, 8.655,5337
 7184,84008.070, 7.637,5337
 7185,84015.281, 7.214,5337
 7186,84022.922, 7.643,5337
 7187,84030.406, 7.475,5337
 7188,84038.133, 7.731,5337
 7189,84045.789, 7.656,5337
 7190,84053.508, 7.722,5337
 7191,84061.227, 7.720,5337
 7192,84068.867, 7.635,5337
 7193,84076.625, 7.764,5337
 7194,84085.125, 8.493,5337
 7195,84092.680, 7.552,5337
 7196,84100.219, 7.545,5337
 7197,84108.195, 7.976,5337
 7198,84115.570, 7.377,5337
 7199,84123.813, 8.241,5337
 7200,84131.094, 7.277,5337
 7201,84139.734, 8.640,5337
 7202,84146.680, 6.948,5337
 7203,84154.672, 7.993,5337
 7204,84162.484, 7.813,5337
 7205,84170.273, 7.792,5337
 7206,84177.914, 7.640,5337
 7207,84185.586, 7.672,5337
 7208,84193.289, 7.707,5337
 7209,84201.320, 8.030,5337
 7210,84209.234, 7.908,5337
 7211,84216.820, 7.586,5337
 7212,84224.305, 7.492,5337
 7213,84232.414, 8.105,5337
 7214,84239.836, 7.420,5337
 7215,84248.047, 8.210,5337
 7216,84255.492, 7.446,5337
 7217,84263.148, 7.657,5337
 7218,84270.930, 7.786,5337
 7219,84278.859, 7.925,5337
 7220,84286.313, 7.455,5337
 7221,84294.406, 8.091,5337
 7222,84302.008, 7.601,5337
 7223,84309.750, 7.740,5337
 7224,84317.180, 7.435,5337
 7225,84324.922, 7.746,5337
 7226,84332.750, 7.819,5337
 7227,84340.883, 8.135,5337
 7228,84348.328, 7.453,5337
 7229,84355.750, 7.411,5337
 7230,84363.547, 7.806,5337
 7231,84371.266, 7.719,5337
 7232,84379.445, 8.178,5337
 7233,84387.156, 7.711,5337
 7234,84395.406, 8.245,5337
 7235,84402.445, 7.039,5337
 7236,84410.492, 8.046,5337
 7237,84417.781, 7.291,5337
 7238,84425.398, 7.618,5337
 7239,84433.500, 8.101,5337
 7240,84441.266, 7.765,5337
 7241,84448.773, 7.507,5337
 7242,84456.609, 7.837,5337
 7243,84464.453, 7.840,5337
 7244,84472.297, 7.851,5337
 7245,84479.859, 7.562,5337
 7246,84487.500, 7.641,5337
 7247,84495.344, 7.836,5337
 7248,84503.234, 7.898,5337
 7249,84510.789, 7.549,5337
 7250,84518.531, 7.743,5337
 7251,84526.445, 7.916,5337
 7252,84534.133, 7.687,5337
 7253,84541.836, 7.708,5337
 7254,84549.594, 7.754,5337
 7255,84557.313, 7.720,5337
 7256,84564.875, 7.561,5337
 7257,84572.898, 8.026,5337
 7258,84580.695, 7.788,5337
 7259,84588.617, 7.930,5337
 7260,84596.055, 7.434,5337
 7261,84603.938, 7.892,5337
 7262,84611.688, 7.737,5337
 7263,84619.359, 7.673,5337
 7264,84627.188, 7.835,5337
 7265,84635.141, 7.954,5337
 7266,84642.578, 7.438,5337
 7267,84650.352, 7.765,5337
 7268,84657.891, 7.549,5337
 7269,84666.070, 8.177,5337
 7270,84673.563, 7.493,5337
 7271,84681.406, 7.839,5337
 7272,84689.117, 7.710,5337
 7273,84696.617, 7.506,5337
 7274,84704.625, 8.011,5337
 7275,84711.969, 7.343,5337
 7276,84719.859, 7.886,5337
 7277,84727.781, 7.920,5337
 7278,84735.414, 7.632,5337
 7279,84743.281, 7.873,5337
 7280,84750.844, 7.561,5337
 7281,84758.961, 8.116,5337
 7282,84766.852, 7.893,5337
 7283,84774.391, 7.534,5337
 7284,84782.789, 8.400,5337
 7285,84789.617, 6.833,5337
 7286,84797.586, 7.968,5337
 7287,84806.445, 8.855,5337
 7288,84812.898, 6.458,5337
 7289,84821.063, 8.157,5337
 7290,84829.789, 8.730,5337
 7291,84837.453, 7.663,5337
 7292,84845.320, 7.870,5337
 7293,84852.680, 7.356,5337
 7294,84860.344, 7.665,5337
 7295,84868.172, 7.830,5337
 7296,84875.930, 7.756,5337
 7297,84883.398, 7.467,5337
 7298,84891.273, 7.878,5337
 7299,84899.047, 7.766,5337
 7300,84906.875, 7.834,5337
 7301,84914.836, 7.961,5337
 7302,84922.563, 7.724,5337
 7303,84930.555, 7.996,5337
 7304,84937.602, 7.045,5337
 7305,84946.055, 8.453,5337
 7306,84953.445, 7.393,5337
 7307,84960.953, 7.510,5337
 7308,84968.883, 7.929,5337
 7309,84976.828, 7.944,5337
 7310,84984.094, 7.264,5337
 7311,84991.820, 7.729,5337
 7312,84999.750, 7.924,5337
 7313,85007.773, 8.023,5337
 7314,85015.195, 7.428,5337
 7315,85022.938, 7.743,5337
 7316,85030.883, 7.946,5337
 7317,85039.469, 8.583,5337
 7318,85046.984, 7.521,5337
 7319,85055.156, 8.162,5337
 7320,85062.641, 7.492,5337
 7321,85071.063, 8.418,5337
 7322,85078.859, 7.795,5337
 7323,85085.688, 6.829,5337
 7324,85093.289, 7.603,5337
 7325,85101.313, 8.029,5337
 7326,85109.039, 7.716,5337
 7327,85116.961, 7.925,5337
 7328,85124.633, 7.674,5337
 7329,85132.813, 8.176,5337
 7330,85140.992, 8.184,5337
 7331,85149.172, 8.179,5337
 7332,85156.734, 7.556,5337
 7333,85164.289, 7.567,5337
 7334,85171.711, 7.411,5337
 7335,85179.617, 7.915,5337
 7336,85187.023, 7.397,5337
 7337,85194.859, 7.842,5337
 7338,85202.719, 7.854,5337
 7339,85210.352, 7.630,5337
 7340,85217.922, 7.577,5337
 7341,85225.711, 7.783,5337
 7342,85233.453, 7.750,5337
 7343,85240.883, 7.428,5337
 7344,85248.820, 7.940,5337
 7345,85256.477, 7.655,5337
 7346,85264.188, 7.709,5337
 7347,85272.305, 8.122,5337
 7348,85280.258, 7.948,5337
 7349,85288.063, 7.805,5337
 7350,85295.594, 7.536,5337
 7351,85303.625, 8.027,5337
 7352,85310.961, 7.339,5337
 7353,85319.563, 8.600,5337
 7354,85326.898, 7.335,5337
 7355,85334.563, 7.668,5337
 7356,85342.531, 7.961,5337
 7357,85350.336, 7.805,5337
 7358,85357.820, 7.488,5337
 7359,85365.695, 7.873,5337
 7360,85373.555, 7.865,5337
 7361,85380.695, 7.130,5337
 7362,85388.445, 7.753,5337
 7363,85396.453, 8.009,5337
 7364,85404.063, 7.612,5337
 7365,85411.516, 7.451,5337
 7366,85419.523, 8.012,5337
 7367,85427.102, 7.576,5337
 7368,85434.766, 7.665,5337
 7369,85442.625, 7.862,5337
 7370,85450.117, 7.486,5337
 7371,85457.969, 7.856,5337
 7372,85465.938, 7.967,5337
 7373,85473.523, 7.589,5337
 7374,85481.594, 8.072,5337
 7375,85488.930, 7.335,5337
 7376,85496.672, 7.735,5337
 7377,85504.180, 7.513,5337
 7378,85512.031, 7.846,5337
 7379,85520.102, 8.073,5337
 7380,85527.758, 7.656,5337
 7381,85535.445, 7.687,5337
 7382,85542.727, 7.277,5337
 7383,85550.820, 8.100,5337
 7384,85558.313, 7.492,5337
 7385,85565.984, 7.678,5337
 7386,85573.602, 7.613,5337
 7387,85581.586, 7.981,5337
 7388,85589.109, 7.520,5337
 7389,85597.398, 8.288,5337
 7390,85604.625, 7.239,5337
 7391,85612.391, 7.757,5337
 7392,85619.984, 7.598,5337
 7393,85627.773, 7.786,5337
 7394,85636.023, 8.245,5337
 7395,85643.039, 7.021,5337
 7396,85651.156, 8.115,5337
 7397,85658.852, 7.694,5337
 7398,85667.500, 8.650,5337
 7399,85675.305, 7.810,5337
 7400,85682.734, 7.422,5337
 7401,85690.289, 7.562,5337
 7402,85698.094, 7.798,5337
 7403,85705.992, 7.903,5337
 7404,85714.281, 8.289,5337
 7405,85721.375, 7.087,5337
 7406,85729.148, 7.777,5337
 7407,85736.734, 7.585,5337
 7408,85744.961, 8.234,5337
 7409,85752.914, 7.950,5337
 7410,85760.828, 7.914,5337
 7411,85768.625, 7.795,5337
 7412,85776.203, 7.582,5337
 7413,85784.102, 7.897,5337
 7414,85791.773, 7.672,5337
 7415,85799.273, 7.502,5337
 7416,85807.172, 7.897,5337
 7417,85815.125, 7.947,5337
 7418,85823.008, 7.880,5337
 7419,85830.164, 7.164,5337
 7420,85837.680, 7.510,5337
 7421,85845.313, 7.640,5337
 7422,85852.852, 7.538,5337
 7423,85860.609, 7.758,5337
 7424,85868.383, 7.769,5337
 7425,85876.023, 7.637,5337
 7426,85883.883, 7.870,5337
 7427,85891.188, 7.303,5337
 7428,85899.531, 8.344,5337
 7429,85906.992, 7.463,5337
 7430,85914.930, 7.933,5337
 7431,85922.305, 7.381,5337
 7432,85930.039, 7.726,5337
 7433,85938.117, 8.082,5337
 7434,85945.445, 7.329,5337
 7435,85953.242, 7.797,5337
 7436,85960.820, 7.575,5337
 7437,85968.820, 8.004,5337
 7438,85976.141, 7.316,5337
 7439,85983.938, 7.800,5337
 7440,85991.438, 7.497,5337
 7441,85999.109, 7.670,5337
 7442,86006.875, 7.771,5337
 7443,86014.477, 7.598,5337
 7444,86022.227, 7.753,5337
 7445,86030.234, 8.009,5337
 7446,86037.656, 7.421,5337
 7447,86045.414, 7.753,5337
 7448,86052.945, 7.534,5337
 7449,86060.945, 8.005,5337
 7450,86069.289, 8.338,5337
 7451,86076.305, 7.021,5337
 7452,86084.188, 7.880,5337
 7453,86092.164, 7.973,5337
 7454,86099.547, 7.388,5337
 7455,86107.063, 7.506,5337
 7456,86114.602, 7.545,5337
 7457,86122.383, 7.779,5337
 7458,86130.672, 8.286,5337
 7459,86137.781, 7.112,5337
 7460,86145.594, 7.817,5337
 7461,86153.375, 7.776,5337
 7462,86161.461, 8.091,5337
 7463,86169.313, 7.852,5337
 7464,86177.016, 7.700,5337
 7465,86184.500, 7.489,5337
 7466,86192.500, 7.997,5337
 7467,86200.242, 7.742,5337
 7468,86207.641, 7.403,5337
 7469,86215.523, 7.876,5337
 7470,86223.172, 7.649,5337
 7471,86230.961, 7.792,5337
 7472,86238.930, 7.967,5337
 7473,86247.398, 8.462,5337
 7474,86255.586, 8.197,5337
 7475,86262.219, 6.634,5337
 7476,86269.938, 7.718,5337
 7477,86278.266, 8.324,5337
 7478,86285.719, 7.455,5337
 7479,86293.539, 7.817,5337
 7480,86301.039, 7.498,5337
 7481,86309.109, 8.077,5337
 7482,86316.172, 7.060,5337
 7483,86323.961, 7.793,5337
 7484,86331.367, 7.395,5337
 7485,86339.234, 7.874,5337
 7486,86347.094, 7.858,5337
 7487,86354.578, 7.485,5337
 7488,86362.539, 7.963,5337
 7489,86369.961, 7.424,5337
 7490,86378.086, 8.123,5337
 7491,86386.031, 7.942,5337
 7492,86393.648, 7.622,5337
 7493,86401.398, 7.747,5337
 7494,86409.391, 7.989,5337
 7495,86416.906, 7.520,5337
 7496,86425.445, 8.537,5337
 7497,86432.570, 7.125,5337
 7498,86440.219, 7.654,5337
 7499,86447.750, 7.524,5337
 7500,86455.305, 7.564,5337
 7501,86463.172, 7.862,5337
 7502,86471.617, 8.445,5337
 7503,86478.883, 7.263,5337
 7504,86486.398, 7.518,5337
 7505,86494.109, 7.712,5337
 7506,86501.883, 7.775,5337
 7507,86509.930, 8.043,5337
 7508,86517.969, 8.040,5337
 7509,86525.867, 7.896,5337
 7510,86533.484, 7.621,5337
 7511,86541.578, 8.094,5337
 7512,86548.547, 6.966,5337
 7513,86556.203, 7.661,5337
 7514,86564.055, 7.844,5337
 7515,86571.734, 7.681,5337
 7516,86579.523, 7.793,5337
 7517,86586.977, 7.454,5337
 7518,86594.805, 7.821,5337
 7519,86602.438, 7.633,5337
 7520,86610.375, 7.938,5337
 7521,86618.188, 7.816,5337
 7522,86625.961, 7.776,5337
 7523,86633.750, 7.786,5337
 7524,86641.484, 7.737,5337
 7525,86649.227, 7.745,5337
 7526,86656.711, 7.481,5337
 7527,86664.789, 8.075,5337
 7528,86672.484, 7.700,5337
 7529,86679.828, 7.339,5337
 7530,86688.008, 8.180,5337
 7531,86695.320, 7.318,5337
 7532,86702.977, 7.656,5337
 7533,86710.961, 7.982,5337
 7534,86718.453, 7.492,5337
 7535,86726.047, 7.592,5337
 7536,86733.758, 7.711,5337
 7537,86741.578, 7.821,5337
 7538,86749.258, 7.684,5337
 7539,86756.797, 7.532,5337
 7540,86764.672, 7.876,5337
 7541,86772.539, 7.869,5337
 7542,86780.141, 7.598,5337
 7543,86788.008, 7.870,5337
 7544,86795.469, 7.458,5337
 7545,86803.336, 7.863,5337
 7546,86811.156, 7.827,5337
 7547,86818.898, 7.749,5337
 7548,86826.594, 7.689,5337
 7549,86834.383, 7.787,5337
 7550,86841.938, 7.559,5337
 7551,86849.781, 7.845,5337
 7552,86857.453, 7.671,5337
 7553,86865.313, 7.861,5337
 7554,86873.031, 7.716,5337
 7555,86880.875, 7.841,5337
 7556,86888.422, 7.550,5337
 7557,86896.750, 8.323,5337
 7558,86903.867, 7.119,5337
 7559,86911.617, 7.757,5337
 7560,86919.320, 7.702,5337
 7561,86927.141, 7.813,5337
 7562,86935.031, 7.893,5337
 7563,86943.000, 7.962,5337
 7564,86950.531, 7.536,5337
 7565,86957.945, 7.417,5337
 7566,86966.063, 8.118,5337
 7567,86973.984, 7.924,5337
 7568,86981.922, 7.936,5337
 7569,86990.164, 8.240,5337
 7570,86997.688, 7.517,5337
 7571,87004.773, 7.096,5337
 7572,87012.398, 7.617,5337
 7573,87020.172, 7.781,5337
 7574,87027.641, 7.468,5337
 7575,87035.523, 7.879,5337
 7576,87043.906, 8.391,5337
 7577,87051.836, 7.922,5337
 7578,87058.891, 7.057,5337
 7579,87066.547, 7.654,5337
 7580,87074.266, 7.724,5337
 7581,87082.586, 8.321,5337
 7582,87090.805, 8.218,5337
 7583,87097.961, 7.154,5337
 7584,87105.797, 7.833,5337
 7585,87113.813, 8.021,5337
 7586,87121.461, 7.642,5337
 7587,87128.945, 7.487,5337
 7588,87137.367, 8.420,5337
 7589,87145.477, 8.114,5337
 7590,87153.125, 7.646,5337
 7591,87160.602, 7.478,5337
 7592,87168.367, 7.764,5337
 7593,87176.133, 7.764,5337
 7594,87183.969, 7.844,5337
 7595,87191.906, 7.932,5337
 7596,87199.719, 7.806,5337
 7597,87207.422, 7.708,5337
 7598,87215.297, 7.875,5337
 7599,87222.891, 7.597,5337
 7600,87231.297, 8.406,5337
 7601,87238.789, 7.485,5337
 7602,87246.406, 7.617,5337
 7603,87254.742, 8.338,5337
 7604,87261.781, 7.038,5337
 7605,87269.484, 7.709,5337
 7606,87278.406, 8.922,5337
 7607,87285.602, 7.193,5337
 7608,87293.008, 7.406,5337
 7609,87300.898, 7.892,5337
 7610,87308.633, 7.740,5337
 7611,87316.367, 7.727,5337
 7612,87324.391, 8.019,5337
 7613,87331.953, 7.567,5337
 7614,87339.742, 7.790,5337
 7615,87348.094, 8.352,5337
 7616,87355.430, 7.338,5337
 7617,87363.211, 7.778,5337
 7618,87371.172, 7.961,5337
 7619,87379.063, 7.890,5337
 7620,87386.539, 7.476,5337
 7621,87394.188, 7.651,5337
 7622,87402.039, 7.844,5337
 7623,87409.523, 7.491,5337
 7624,87417.438, 7.910,5337
 7625,87426.641, 9.211,5337
 7626,87434.164, 7.519,5337
 7627,87441.164, 6.999,5337
 7628,87448.859, 7.695,5337
 7629,87456.539, 7.685,5337
 7630,87464.625, 8.085,5337
 7631,87472.367, 7.740,5337
 7632,87480.133, 7.768,5337
 7633,87488.656, 8.524,5337
 7634,87496.148, 7.493,5337
 7635,87504.953, 8.805,5337
 7636,87512.711, 7.749,5337
 7637,87520.891, 8.184,5337
 7638,87528.203, 7.313,5337
 7639,87536.266, 8.065,5337
 7640,87543.797, 7.532,5337
 7641,87551.477, 7.674,5337
 7642,87559.391, 7.915,5337
 7643,87567.234, 7.849,5337
 7644,87574.930, 7.693,5337
 7645,87582.797, 7.864,5337
 7646,87591.055, 8.259,5337
 7647,87598.680, 7.624,5337
 7648,87606.344, 7.665,5337
 7649,87614.453, 8.107,5337
 7650,87622.078, 7.629,5337
 7651,87629.914, 7.837,5337
 7652,87637.492, 7.575,5337
 7653,87645.508, 8.019,5337
 7654,87653.188, 7.682,5337
 7655,87661.070, 7.876,5337
 7656,87669.023, 7.951,5337
 7657,87677.242, 8.228,5337
 7658,87684.758, 7.506,5337
 7659,87692.641, 7.887,5337
 7660,87700.219, 7.577,5337
 7661,87708.211, 7.992,5337
 7662,87715.984, 7.783,5337
 7663,87723.820, 7.831,5337
 7664,87731.234, 7.410,5337
 7665,87739.367, 8.133,5337
 7666,87746.750, 7.383,5337
 7667,87754.688, 7.935,5337
 7668,87762.258, 7.574,5337
 7669,87770.266, 8.008,5337
 7670,87778.258, 7.995,5337
 7671,87785.977, 7.717,5337
 7672,87794.289, 8.318,5337
 7673,87802.773, 8.480,5337
 7674,87809.789, 7.011,5337
 7675,87817.477, 7.686,5337
 7676,87825.047, 7.568,5337
 7677,87833.344, 8.302,5337
 7678,87841.125, 7.784,5337
 7679,87848.406, 7.273,5337
 7680,87856.156, 7.758,5337
 7681,87864.219, 8.065,5337
 7682,87872.211, 7.992,5337
 7683,87880.180, 7.961,5337
 7684,87887.922, 7.750,5337
 7685,87895.805, 7.878,5337
 7686,87903.375, 7.566,5337
 7687,87911.352, 7.979,5337
 7688,87919.141, 7.793,5337
 7689,87926.977, 7.835,5337
 7690,87934.945, 7.967,5337
 7691,87942.625, 7.683,5337
 7692,87950.820, 8.196,5337
 7693,87958.469, 7.644,5337
 7694,87966.125, 7.655,5337
 7695,87974.352, 8.226,5337
 7696,87982.047, 7.695,5337
 7697,87990.602, 8.559,5337
 7698,87997.555, 6.951,5337
 7699,88005.906, 8.355,5337
 7700,88013.484, 7.579,5337
 7701,88021.555, 8.066,5337
 7702,88029.508, 7.952,5337
 7703,88037.391, 7.883,5337
 7704,88045.453, 8.063,5337
 7705,88053.234, 7.781,5337
 7706,88060.938, 7.708,5337
 7707,88068.914, 7.980,5337
 7708,88076.719, 7.793,5337
 7709,88084.313, 7.605,5337
 7710,88092.461, 8.142,5337
 7711,88100.070, 7.608,5337
 7712,88108.000, 7.927,5337
 7713,88115.766, 7.767,5337
 7714,88123.727, 7.959,5337
 7715,88131.555, 7.836,5337
 7716,88139.500, 7.945,5337
 7717,88147.305, 7.804,5337
 7718,88155.492, 8.183,5337
 7719,88163.203, 7.714,5337
 7720,88171.055, 7.851,5337
 7721,88179.461, 8.403,5337
 7722,88187.836, 8.378,5337
 7723,88196.258, 8.421,5337
 7724,88204.672, 8.411,5337
 7725,88211.172, 6.504,5337
 7726,88218.547, 7.379,5337
 7727,88226.906, 8.357,5337
 7728,88234.344, 7.434,5337
 7729,88242.297, 7.956,5337
 7730,88249.813, 7.517,5337
 7731,88257.641, 7.830,5337
 7732,88265.828, 8.186,5337
 7733,88274.055, 8.224,5337
 7734,88281.445, 7.394,5337
 7735,88289.594, 8.150,5337
 7736,88297.250, 7.650,5337
 7737,88305.516, 8.265,5337
 7738,88313.031, 7.517,5337
 7739,88320.875, 7.846,5337
 7740,88328.664, 7.787,5337
 7741,88336.797, 8.133,5337
 7742,88344.523, 7.726,5337
 7743,88352.430, 7.908,5337
 7744,88360.102, 7.667,5337
 7745,88367.891, 7.791,5337
 7746,88376.008, 8.115,5337
 7747,88383.641, 7.642,5337
 7748,88391.859, 8.212,5337
 7749,88399.477, 7.618,5337
 7750,88407.508, 8.033,5337
 7751,88415.430, 7.922,5337
 7752,88423.297, 7.867,5337
 7753,88431.258, 7.965,5337
 7754,88438.906, 7.647,5337
 7755,88446.789, 7.880,5337
 7756,88455.016, 8.222,5337
 7757,88462.867, 7.854,5337
 7758,88471.164, 8.300,5337
 7759,88478.758, 7.587,5337
 7760,88486.664, 7.905,5337
 7761,88494.789, 8.134,5337
 7762,88502.344, 7.553,5337
 7763,88510.320, 7.982,5337
 7764,88518.258, 7.935,5337
 7765,88525.859, 7.601,5337
 7766,88533.875, 8.015,5337
 7767,88541.844, 7.967,5337
 7768,88549.594, 7.749,5337
 7769,88557.711, 8.118,5337
 7770,88565.898, 8.190,5337
 7771,88573.578, 7.680,5337
 7772,88581.086, 7.502,5337
 7773,88589.219, 8.134,5337
 7774,88596.672, 7.452,5337
 7775,88604.695, 8.027,5337
 7776,88612.750, 8.054,5337
 7777,88620.523, 7.777,5337
 7778,88628.352, 7.818,5337
 7779,88636.391, 8.041,5337
 7780,88644.563, 8.181,5337
 7781,88651.922, 7.357,5337
 7782,88660.039, 8.111,5337
 7783,88668.016, 7.980,5337
 7784,88675.609, 7.598,5337
 7785,88683.742, 8.129,5337
 7786,88691.492, 7.748,5337
 7787,88699.578, 8.087,5337
 7788,88707.258, 7.680,5337
 7789,88715.086, 7.826,5337
 7790,88723.039, 7.954,5337
 7791,88730.922, 7.889,5337
 7792,88738.766, 7.837,5337
 7793,88746.570, 7.812,5337
 7794,88754.563, 7.988,5337
 7795,88762.563, 8.001,5337
 7796,88770.773, 8.206,5337
 7797,88779.273, 8.505,5337
 7798,88786.430, 7.150,5337
 7799,88794.297, 7.872,5337
 7800,88802.805, 8.509,5337
 7801,88810.289, 7.490,5337
 7802,88818.305, 8.010,5337
 7803,88826.391, 8.085,5337
 7804,88834.422, 8.030,5337
 7805,88842.211, 7.789,5337
 7806,88850.484, 8.270,5337
 7807,88858.305, 7.832,5337
 7808,88866.219, 7.908,5337
 7809,88874.117, 7.897,5337
 7810,88882.273, 8.157,5337
 7811,88890.094, 7.819,5337
 7812,88897.914, 7.823,5337
 7813,88905.789, 7.875,5337
 7814,88913.727, 7.934,5337
 7815,88921.719, 7.992,5337
 7816,88929.523, 7.803,5337
 7817,88937.406, 7.881,5337
 7818,88945.313, 7.911,5337
 7819,88954.328, 9.010,5337
 7820,88961.141, 6.815,5337
 7821,88969.375, 8.232,5337
 7822,88976.969, 7.602,5337
 7823,88984.820, 7.849,5337
 7824,88992.586, 7.770,5337
 7825,89000.844, 8.252,5337
 7826,89008.891, 8.053,5337
 7827,89016.602, 7.706,5337
 7828,89024.508, 7.909,5337
 7829,89032.563, 8.055,5337
 7830,89041.047, 8.476,5337
 7831,89048.898, 7.858,5337
 7832,89056.711, 7.811,5337
 7833,89065.055, 8.345,5337
 7834,89073.484, 8.428,5337
 7835,89081.672, 8.186,5337
 7836,89089.438, 7.766,5337
 7837,89097.289, 7.856,5337
 7838,89105.148, 7.854,5337
 7839,89113.125, 7.981,5337
 7840,89120.836, 7.708,5337
 7841,89129.086, 8.247,5337
 7842,89137.547, 8.470,5337
 7843,89145.430, 7.873,5337
 7844,89153.797, 8.373,5337
 7845,89161.625, 7.829,5337
 7846,89169.945, 8.319,5337
 7847,89177.445, 7.495,5337
 7848,89185.430, 7.990,5337
 7849,89193.336, 7.906,5337
 7850,89201.203, 7.864,5337
 7851,89209.203, 8.000,5337
 7852,89217.227, 8.028,5337
 7853,89225.219, 7.994,5337
 7854,89233.117, 7.892,5337
 7855,89241.039, 7.921,5337
 7856,89249.063, 8.022,5337
 7857,89257.523, 8.465,5337
 7858,89265.133, 7.610,5337
 7859,89273.078, 7.947,5337
 7860,89281.023, 7.939,5337
 7861,89289.070, 8.047,5337
 7862,89297.156, 8.090,5337
 7863,89304.969, 7.818,5337
 7864,89313.188, 8.218,5337
 7865,89320.648, 7.461,5337
 7866,89329.086, 8.434,5337
 7867,89337.289, 8.206,5337
 7868,89344.625, 7.334,5337
 7869,89352.797, 8.167,5337
 7870,89361.289, 8.496,5337
 7871,89368.469, 7.177,5337
 7872,89376.531, 8.062,5337
 7873,89384.922, 8.395,5337
 7874,89393.094, 8.165,5337
 7875,89400.875, 7.790,5337
 7876,89408.727, 7.848,5337
 7877,89416.719, 7.988,5337
 7878,89424.391, 7.675,5337
 7879,89432.406, 8.015,5337
 7880,89440.219, 7.816,5337
 7881,89448.328, 8.104,5337
 7882,89456.328, 7.997,5337
 7883,89465.156, 8.834,5337
 7884,89473.344, 8.187,5337
 7885,89481.508, 8.162,5337
 7886,89489.531, 8.030,5337
 7887,89497.203, 7.670,5337
 7888,89505.391, 8.186,5337
 7889,89513.938, 8.546,5337
 7890,89521.203, 7.266,5337
 7891,89529.211, 8.013,5337
 7892,89537.258, 8.046,5337
 7893,89545.266, 8.011,5337
 7894,89553.844, 8.573,5337
 7895,89561.766, 7.923,5337
 7896,89570.672, 8.898,5337
 7897,89577.352, 6.679,5337
 7898,89585.883, 8.540,5337
 7899,89593.680, 7.789,5337
 7900,89601.898, 8.226,5337
 7901,89609.258, 7.363,5337
 7902,89617.594, 8.330,5337
 7903,89626.289, 8.702,5337
 7904,89633.648, 7.356,5337
 7905,89641.336, 7.680,5337
 7906,89649.555, 8.221,5337
 7907,89657.820, 8.267,5337
 7908,89665.414, 7.595,5337
 7909,89673.703, 8.282,5337
 7910,89681.695, 7.994,5337
 7911,89689.555, 7.870,5337
 7912,89697.281, 7.728,5337
 7913,89705.211, 7.923,5337
 7914,89713.031, 7.820,5337
 7915,89721.695, 8.661,5337
 7916,89729.227, 7.537,5337
 7917,89737.602, 8.375,5337
 7918,89745.031, 7.426,5337
 7919,89753.398, 8.362,5337
 7920,89760.859, 7.465,5337
 7921,89768.805, 7.946,5337
 7922,89776.531, 7.731,5337
 7923,89785.250, 8.722,5337
 7924,89793.094, 7.835,5337
 7925,89801.422, 8.330,5337
 7926,89809.094, 7.672,5337
 7927,89817.258, 8.167,5337
 7928,89824.961, 7.700,5337
 7929,89832.828, 7.871,5337
 7930,89840.766, 7.930,5337
 7931,89848.852, 8.089,5337
 7932,89856.852, 8.002,5337
 7933,89865.578, 8.725,5337
 7934,89872.539, 6.960,5337
 7935,89880.797, 8.256,5337
 7936,89888.727, 7.928,5337
 7937,89896.484, 7.763,5337
 7938,89904.648, 8.171,5337
 7939,89912.578, 7.923,5337
 7940,89920.695, 8.112,5337
 7941,89929.133, 8.445,5337
 7942,89936.422, 7.285,5337
 7943,89944.367, 7.947,5337
 7944,89952.023, 7.653,5337
 7945,89960.359, 8.334,5337
 7946,89968.359, 8.000,5337
 7947,89976.016, 7.657,5337
 7948,89984.156, 8.147,5337
 7949,89992.000, 7.838,5337
 7950,89999.844, 7.851,5337
 7951,90007.570, 7.723,5337
 7952,90015.477, 7.908,5337
 7953,90023.680, 8.195,5337
 7954,90031.547, 7.875,5337
 7955,90039.852, 8.304,5337
 7956,90047.125, 7.270,5337
 7957,90055.156, 8.032,5337
 7958,90063.547, 8.394,5337
 7959,90071.352, 7.801,5337
 7960,90079.344, 7.994,5337
 7961,90087.297, 7.955,5337
 7962,90097.258, 9.965,5337
 7963,90105.281, 8.020,5337
 7964,90112.547, 7.263,5337
 7965,90119.961, 7.415,5337
 7966,90127.164, 7.204,5337
 7967,90135.328, 8.159,5337
 7968,90143.055, 7.729,5337
 7969,90150.813, 7.758,5337
 7970,90158.617, 7.811,5337
 7971,90167.180, 8.558,5337
 7972,90174.695, 7.511,5337
 7973,90182.648, 7.959,5337
 7974,90190.805, 8.152,5337
 7975,90198.547, 7.744,5337
 7976,90206.773, 8.224,5337
 7977,90214.117, 7.343,5337
 7978,90222.680, 8.562,5337
 7979,90230.547, 7.875,5337
 7980,90238.477, 7.927,5337
 7981,90246.852, 8.376,5337
 7982,90254.242, 7.390,5337
 7983,90262.266, 8.026,5337
 7984,90270.570, 8.305,5337
 7985,90278.336, 7.756,5337
 7986,90286.398, 8.069,5337
 7987,90293.992, 7.585,5337
 7988,90302.070, 8.083,5337
 7989,90310.242, 8.177,5337
 7990,90318.563, 8.322,5337
 7991,90325.859, 7.298,5337
 7992,90333.813, 7.944,5337
 7993,90342.453, 8.644,5337
 7994,90349.586, 7.135,5337
 7995,90357.313, 7.726,5337
 7996,90365.125, 7.812,5337
 7997,90373.227, 8.104,5337
 7998,90381.031, 7.795,5337
 7999,90388.750, 7.725,5337
 8000,90396.914, 8.166,5337
 8001,90404.719, 7.803,5337
 8002,90412.766, 8.048,5337
 8003,90420.641, 7.880,5337
 8004,90428.227, 7.582,5337
 8005,90436.344, 8.116,5337
 8006,90444.211, 7.866,5337
 8007,90451.859, 7.652,5337
 8008,90459.969, 8.106,5337
 8009,90467.914, 7.950,5337
 8010,90476.609, 8.696,5337
 8011,90484.055, 7.438,5337
 8012,90492.227, 8.179,5337
 8013,90500.664, 8.425,5337
 8014,90508.492, 7.839,5337
 8015,90516.703, 8.204,5337
 8016,90524.008, 7.304,5337
 8017,90532.367, 8.358,5337
 8018,90540.813, 8.450,5337
 8019,90549.016, 8.204,5337
 8020,90556.438, 7.419,5337
 8021,90564.313, 7.885,5337
 8022,90572.289, 7.977,5337
 8023,90580.141, 7.842,5337
 8024,90588.250, 8.116,5337
 8025,90596.430, 8.173,5337
 8026,90604.625, 8.203,5337
 8027,90612.266, 7.639,5337
 8028,90620.602, 8.334,5337
 8029,90628.273, 7.677,5337
 8030,90636.234, 7.959,5337
 8031,90644.219, 7.978,5337
 8032,90652.273, 8.058,5337
 8033,90659.891, 7.620,5337
 8034,90668.031, 8.136,5337
 8035,90675.906, 7.879,5337
 8036,90683.703, 7.793,5337
 8037,90692.289, 8.591,5337
 8038,90699.508, 7.210,5337
 8039,90707.445, 7.941,5337
 8040,90715.586, 8.147,5337
 8041,90723.195, 7.604,5337
 8042,90731.844, 8.651,5337
 8043,90740.344, 8.490,5337
 8044,90748.117, 7.780,5337
 8045,90755.727, 7.607,5337
 8046,90764.117, 8.391,5337
 8047,90772.391, 8.273,5337
 8048,90779.695, 7.307,5337
 8049,90787.938, 8.242,5337
 8050,90795.898, 7.962,5337
 8051,90803.672, 7.772,5337
 8052,90811.648, 7.979,5337
 8053,90819.852, 8.204,5337
 8054,90828.281, 8.427,5337
 8055,90835.672, 7.388,5337
 8056,90844.109, 8.436,5337
 8057,90851.281, 7.179,5337
 8058,90859.273, 7.992,5337
 8059,90868.508, 9.234,5337
 8060,90875.336, 6.822,5337
 8061,90883.289, 7.957,5337
 8062,90890.922, 7.633,5337
 8063,90898.945, 8.028,5337
 8064,90906.789, 7.842,5337
 8065,90914.844, 8.055,5337
 8066,90922.836, 7.990,5337
 8067,90931.016, 8.171,5337
 8068,90938.859, 7.852,5337
 8069,90947.023, 8.157,5337
 8070,90955.141, 8.123,5337
 8071,90963.266, 8.128,5337
 8072,90970.969, 7.707,5337
 8073,90978.891, 7.916,5337
 8074,90986.969, 8.078,5337
 8075,90995.055, 8.083,5337
 8076,91002.570, 7.517,5337
 8077,91010.602, 8.035,5337
 8078,91018.422, 7.812,5337
 8079,91026.438, 8.020,5337
 8080,91034.734, 8.299,5337
 8081,91043.047, 8.311,5337
 8082,91051.070, 8.021,5337
 8083,91058.750, 7.681,5337
 8084,91066.680, 7.927,5337
 8085,91074.422, 7.749,5337
 8086,91082.773, 8.348,5337
 8087,91090.117, 7.340,5337
 8088,91098.211, 8.097,5337
 8089,91106.172, 7.966,5337
 8090,91114.188, 8.010,5337
 8091,91122.375, 8.189,5337
 8092,91129.508, 7.133,5337
 8093,91137.719, 8.205,5337
 8094,91145.531, 7.818,5337
 8095,91153.797, 8.269,5337
 8096,91161.039, 7.238,5337
 8097,91169.188, 8.147,5337
 8098,91177.047, 7.863,5337
 8099,91185.492, 8.446,5337
 8100,91193.805, 8.312,5337
 8101,91201.961, 8.157,5337
 8102,91209.836, 7.873,5337
 8103,91218.047, 8.211,5337
 8104,91225.508, 7.461,5337
 8105,91233.281, 7.781,5337
 8106,91241.344, 8.052,5337
 8107,91249.617, 8.281,5337
 8108,91257.734, 8.111,5337
 8109,91265.023, 7.285,5337
 8110,91272.773, 7.759,5337
 8111,91280.523, 7.746,5337
 8112,91288.617, 8.095,5337
 8113,91296.242, 7.626,5337
 8114,91304.406, 8.160,5337
 8115,91312.016, 7.608,5337
 8116,91320.148, 8.134,5337
 8117,91327.805, 7.657,5337
 8118,91335.523, 7.724,5337
 8119,91343.414, 7.887,5337
 8120,91351.172, 7.757,5337
 8121,91359.148, 7.976,5337
 8122,91367.281, 8.141,5337
 8123,91375.047, 7.758,5337
 8124,91382.805, 7.755,5337
 8125,91391.133, 8.335,5337
 8126,91399.188, 8.052,5337
 8127,91406.250, 7.067,5337
 8128,91414.266, 8.017,5337
 8129,91422.008, 7.732,5337
 8130,91429.898, 7.900,5337
 8131,91437.766, 7.859,5337
 8132,91445.797, 8.033,5337
 8133,91453.742, 7.948,5337
 8134,91461.367, 7.618,5337
 8135,91469.242, 7.884,5337
 8136,91477.055, 7.806,5337
 8137,91485.430, 8.380,5337
 8138,91492.969, 7.538,5337
 8139,91500.930, 7.962,5337
 8140,91508.641, 7.714,5337
 8141,91516.563, 7.917,5337
 8142,91524.180, 7.615,5337
 8143,91532.023, 7.840,5337
 8144,91540.758, 8.738,5337
 8145,91548.273, 7.523,5337
 8146,91556.289, 8.018,5337
 8147,91563.891, 7.599,5337
 8148,91571.750, 7.853,5337
 8149,91579.586, 7.838,5337
 8150,91587.484, 7.897,5337
 8151,91595.352, 7.866,5337
 8152,91603.148, 7.796,5337
 8153,91611.016, 7.866,5337
 8154,91618.898, 7.887,5337
 8155,91627.016, 8.115,5337
 8156,91635.164, 8.152,5337
 8157,91643.055, 7.885,5337
 8158,91650.297, 7.247,5337
 8159,91657.734, 7.432,5337
 8160,91665.594, 7.869,5337
 8161,91674.586, 8.987,5337
 8162,91681.398, 6.815,5337
 8163,91689.539, 8.140,5337
 8164,91697.305, 7.766,5337
 8165,91705.250, 7.946,5337
 8166,91713.203, 7.955,5337
 8167,91720.891, 7.685,5337
 8168,91728.719, 7.827,5337
 8169,91736.492, 7.773,5337
 8170,91744.625, 8.136,5337
 8171,91752.242, 7.615,5337
 8172,91760.164, 7.925,5337
 8173,91768.289, 8.125,5337
 8174,91775.719, 7.426,5337
 8175,91783.781, 8.063,5337
 8176,91791.867, 8.087,5337
 8177,91799.492, 7.627,5337
 8178,91807.313, 7.824,5337
 8179,91815.453, 8.133,5337
 8180,91823.180, 7.724,5337
 8181,91831.195, 8.022,5337
 8182,91839.055, 7.850,5337
 8183,91846.930, 7.882,5337
 8184,91854.484, 7.549,5337
 8185,91862.203, 7.725,5337
 8186,91870.164, 7.956,5337
 8187,91877.961, 7.804,5337
 8188,91885.969, 8.005,5337
 8189,91893.617, 7.654,5337
 8190,91901.469, 7.844,5337
 8191,91909.492, 8.028,5337
 8192,91917.172, 7.672,5337
 8193,91925.102, 7.932,5337
 8194,91932.695, 7.589,5337
 8195,91940.570, 7.883,5337
 8196,91948.297, 7.731,5337
 8197,91956.219, 7.919,5337
 8198,91964.406, 8.180,5337
 8199,91972.141, 7.741,5337
 8200,91979.922, 7.785,5337
 8201,91987.438, 7.510,5337
 8202,91995.781, 8.341,5337
 8203,92003.305, 7.532,5337
 8204,92012.422, 9.111,5337
 8205,92020.164, 7.746,5337
 8206,92028.555, 8.389,5337
 8207,92035.945, 7.394,5337
 8208,92043.977, 8.029,5337
 8209,92051.578, 7.597,5337
 8210,92059.680, 8.099,5337
 8211,92067.352, 7.675,5337
 8212,92074.953, 7.602,5337
 8213,92083.063, 8.108,5337
 8214,92090.711, 7.650,5337
 8215,92099.211, 8.502,5337
 8216,92106.688, 7.472,5337
 8217,92113.883, 7.200,5337
 8218,92121.977, 8.094,5337
 8219,92129.813, 7.832,5337
 8220,92137.328, 7.514,5337
 8221,92145.695, 8.369,5337
 8222,92153.164, 7.467,5337
 8223,92161.094, 7.927,5337
 8224,92168.578, 7.489,5337
 8225,92176.445, 7.869,5337
 8226,92184.227, 7.786,5337
 8227,92192.039, 7.808,5337
 8228,92199.852, 7.809,5337
 8229,92207.688, 7.837,5337
 8230,92215.742, 8.051,5337
 8231,92223.398, 7.661,5337
 8232,92231.297, 7.905,5337
 8233,92239.156, 7.850,5337
 8234,92247.133, 7.979,5337
 8235,92254.930, 7.801,5337
 8236,92262.586, 7.657,5337
 8237,92270.906, 8.317,5337
 8238,92278.539, 7.631,5337
 8239,92286.281, 7.745,5337
 8240,92294.516, 8.233,5337
 8241,92303.023, 8.504,5337
 8242,92311.141, 8.122,5337
 8243,92317.766, 6.625,5337
 8244,92325.414, 7.644,5337
 8245,92333.367, 7.950,5337
 8246,92341.117, 7.755,5337
 8247,92349.594, 8.477,5337
 8248,92357.281, 7.687,5337
 8249,92365.180, 7.903,5337
 8250,92372.758, 7.575,5337
 8251,92380.570, 7.811,5337
 8252,92388.461, 7.892,5337
 8253,92396.422, 7.959,5337
 8254,92404.414, 7.993,5337
 8255,92412.438, 8.025,5337
 8256,92420.883, 8.448,5337
 8257,92428.703, 7.817,5337
 8258,92436.367, 7.661,5337
 8259,92444.328, 7.959,5337
 8260,92451.953, 7.630,5337
 8261,92459.750, 7.794,5337
 8262,92467.617, 7.875,5337
 8263,92476.148, 8.523,5337
 8264,92483.602, 7.458,5337
 8265,92491.234, 7.629,5337
 8266,92499.289, 8.062,5337
 8267,92506.992, 7.695,5337
 8268,92514.820, 7.828,5337
 8269,92523.508, 8.692,5337
 8270,92530.633, 7.129,5337
 8271,92538.641, 8.004,5337
 8272,92546.461, 7.818,5337
 8273,92554.359, 7.900,5337
 8274,92562.258, 7.899,5337
 8275,92570.133, 7.869,5337
 8276,92577.789, 7.661,5337
 8277,92586.086, 8.299,5337
 8278,92593.422, 7.332,5337
 8279,92601.383, 7.960,5337
 8280,92609.242, 7.866,5337
 8281,92617.391, 8.142,5337
 8282,92625.281, 7.895,5337
 8283,92633.945, 8.668,5337
 8284,92641.742, 7.791,5337
 8285,92650.086, 8.340,5337
 8286,92657.969, 7.890,5337
 8287,92665.617, 7.648,5337
 8288,92673.672, 8.049,5337
 8289,92681.531, 7.860,5337
 8290,92689.609, 8.084,5337
 8291,92697.141, 7.524,5337
 8292,92705.672, 8.527,5337
 8293,92713.242, 7.578,5337
 8294,92720.492, 7.252,5337
 8295,92728.523, 8.033,5337
 8296,92736.422, 7.897,5337
 8297,92744.180, 7.759,5337
 8298,92752.070, 7.887,5337
 8299,92760.148, 8.080,5337
 8300,92767.672, 7.519,5337
 8301,92775.641, 7.975,5337
 8302,92783.805, 8.161,5337
 8303,92792.000, 8.188,5337
 8304,92799.656, 7.657,5337
 8305,92807.750, 8.098,5337
 8306,92815.227, 7.477,5337
 8307,92823.297, 8.075,5337
 8308,92831.211, 7.915,5337
 8309,92838.977, 7.769,5337
 8310,92846.711, 7.722,5337
 8311,92854.609, 7.902,5337
 8312,92862.555, 7.945,5337
 8313,92870.563, 8.013,5337
 8314,92878.195, 7.630,5337
 8315,92886.609, 8.418,5337
 8316,92894.492, 7.876,5337
 8317,92902.070, 7.574,5337
 8318,92909.891, 7.830,5337
 8319,92918.117, 8.220,5337
 8320,92925.844, 7.727,5337
 8321,92933.813, 7.975,5337
 8322,92941.875, 8.057,5337
 8323,92949.836, 7.963,5337
 8324,92957.109, 7.274,5337
 8325,92965.250, 8.143,5337
 8326,92973.344, 8.085,5337
 8327,92981.063, 7.722,5337
 8328,92988.750, 7.685,5337
 8329,92996.883, 8.143,5337
 8330,93004.516, 7.626,5337
 8331,93012.391, 7.875,5337
 8332,93020.242, 7.855,5337
 8333,93028.266, 8.023,5337
 8334,93036.156, 7.890,5337
 8335,93044.320, 8.160,5337
 8336,93053.023, 8.701,5337
 8337,93059.898, 6.880,5337
 8338,93068.359, 8.460,5337
 8339,93076.359, 7.998,5337
 8340,93083.695, 7.335,5337
 8341,93091.641, 7.953,5337
 8342,93100.195, 8.554,5337
 8343,93107.570, 7.375,5337
 8344,93115.602, 8.031,5337
 8345,93123.414, 7.804,5337
 8346,93131.719, 8.308,5337
 8347,93139.203, 7.487,5337
 8348,93147.305, 8.107,5337
 8349,93155.352, 8.035,5337
 8350,93163.633, 8.288,5337
 8351,93172.227, 8.595,5337
 8352,93180.961, 8.740,5337
 8353,93189.961, 8.993,5337
 8354,93197.805, 7.843,5337
 8355,93205.359, 7.551,5337
 8356,93213.242, 7.890,5337
 8357,93220.359, 7.112,5337
 8358,93227.914, 7.560,5337
 8359,93235.578, 7.663,5337
 8360,93242.773, 7.190,5337
 8361,93250.898, 8.131,5337
 8362,93259.469, 8.565,5337
 8363,93266.844, 7.376,5337
 8364,93275.188, 8.346,5337
 8365,93282.906, 7.718,5337
 8366,93290.414, 7.504,5337
 8367,93299.078, 8.663,5337
 8368,93307.008, 7.931,5337
 8369,93314.734, 7.731,5337
 8370,93322.633, 7.904,5337
 8371,93330.844, 8.204,5337
 8372,93338.680, 7.835,5337
 8373,93346.656, 7.976,5337
 8374,93354.383, 7.725,5337
 8375,93362.477, 8.097,5337
 8376,93370.836, 8.358,5337
 8377,93378.367, 7.527,5337
 8378,93386.258, 7.899,5337
 8379,93394.016, 7.751,5337
 8380,93401.922, 7.914,5337
 8381,93409.977, 8.052,5337
 8382,93417.586, 7.611,5337
 8383,93425.703, 8.108,5337
 8384,93433.641, 7.945,5337
 8385,93442.500, 8.859,5337
 8386,93449.938, 7.444,5337
 8387,93457.641, 7.699,5337
 8388,93465.719, 8.075,5337
 8389,93474.039, 8.314,5337
 8390,93481.406, 7.373,5337
 8391,93489.539, 8.133,5337
 8392,93497.875, 8.340,5337
 8393,93506.047, 8.169,5337
 8394,93513.906, 7.858,5337
 8395,93521.883, 7.982,5337
 8396,93530.297, 8.415,5337
 8397,93537.938, 7.635,5337
 8398,93545.922, 7.985,5337
 8399,93554.461, 8.535,5337
 8400,93562.891, 8.434,5337
 8401,93571.328, 8.435,5337
 8402,93579.234, 7.914,5337
 8403,93587.086, 7.844,5337
 8404,93594.906, 7.827,5337
 8405,93604.031, 9.115,5337
 8406,93611.328, 7.299,5337
 8407,93618.992, 7.663,5337
 8408,93626.664, 7.676,5337
 8409,93635.078, 8.415,5337
 8410,93643.320, 8.241,5337
 8411,93651.375, 8.053,5337
 8412,93659.070, 7.692,5337
 8413,93667.594, 8.529,5337
 8414,93675.336, 7.738,5337
 8415,93683.922, 8.593,5337
 8416,93691.289, 7.364,5337
 8417,93699.430, 8.137,5337
 8418,93708.164, 8.738,5337
 8419,93715.438, 7.270,5337
 8420,93723.469, 8.031,5337
 8421,93731.953, 8.490,5337
 8422,93739.938, 7.982,5337
 8423,93747.898, 7.962,5337
 8424,93756.133, 8.232,5337
 8425,93763.906, 7.777,5337
 8426,93771.875, 7.970,5337
 8427,93780.438, 8.561,5337
 8428,93788.867, 8.426,5337
 8429,93796.297, 7.435,5337
 8430,93804.531, 8.229,5337
 8431,93812.531, 8.000,5337
 8432,93820.891, 8.365,5337
 8433,93828.641, 7.752,5337
 8434,93837.289, 8.647,5337
 8435,93845.508, 8.211,5337
 8436,93853.266, 7.764,5337
 8437,93861.250, 7.981,5337
 8438,93869.477, 8.223,5337
 8439,93877.375, 7.899,5337
 8440,93885.805, 8.431,5337
 8441,93894.344, 8.537,5337
 8442,93901.594, 7.258,5337
 8443,93909.406, 7.810,5337
 8444,93917.375, 7.968,5337
 8445,93925.203, 7.829,5337
 8446,93934.063, 8.856,5337
 8447,93941.523, 7.460,5337
 8448,93950.719, 9.199,5337
 8449,93959.266, 8.551,5337
 8450,93966.086, 6.815,5337
 8451,93974.148, 8.065,5337
 8452,93982.359, 8.204,5337
 8453,93989.898, 7.547,5337
 8454,93998.789, 8.889,5337
 8455,94006.492, 7.704,5337
 8456,94014.492, 7.995,5337
 8457,94022.422, 7.927,5337
 8458,94031.320, 8.899,5337
 8459,94038.695, 7.373,5337
 8460,94046.641, 7.954,5337
 8461,94054.797, 8.155,5337
 8462,94062.695, 7.891,5337
 8463,94070.836, 8.144,5337
 8464,94078.961, 8.128,5337
 8465,94086.953, 7.997,5337
 8466,94095.188, 8.227,5337
 8467,94104.086, 8.902,5337
 8468,94111.141, 7.054,5337
 8469,94119.734, 8.589,5337
 8470,94127.555, 7.830,5337
 8471,94135.563, 8.006,5337
 8472,94144.320, 8.751,5337
 8473,94152.188, 7.872,5337
 8474,94160.227, 8.037,5337
 8475,94168.227, 8.005,5337
 8476,94176.477, 8.247,5337
 8477,94184.430, 7.948,5337
 8478,94192.164, 7.736,5337
 8479,94200.531, 8.374,5337
 8480,94208.547, 8.014,5337
 8481,94216.984, 8.431,5337
 8482,94224.711, 7.732,5337
 8483,94233.305, 8.596,5337
 8484,94241.336, 8.025,5337
 8485,94249.219, 7.891,5337
 8486,94257.500, 8.273,5337
 8487,94265.719, 8.223,5337
 8488,94273.813, 8.096,5337
 8489,94281.930, 8.117,5337
 8490,94290.078, 8.140,5337
 8491,94298.336, 8.257,5337
 8492,94306.414, 8.079,5337
 8493,94315.000, 8.584,5337
 8494,94323.094, 8.099,5337
 8495,94331.406, 8.314,5337
 8496,94339.633, 8.234,5337
 8497,94346.930, 7.289,5337
 8498,94354.852, 7.925,5337
 8499,94362.922, 8.072,5337
 8500,94371.813, 8.883,5337
 8501,94379.398, 7.588,5337
 8502,94387.461, 8.067,5337
 8503,94395.289, 7.826,5337
 8504,94404.297, 9.011,5337
 8505,94412.461, 8.161,5337
 8506,94420.773, 8.310,5337
 8507,94429.375, 8.602,5337
 8508,94436.883, 7.507,5337
 8509,94444.875, 7.994,5337
 8510,94452.992, 8.114,5337
 8511,94461.938, 8.949,5337
 8512,94470.414, 8.472,5337
 8513,94478.367, 7.955,5337
 8514,94486.203, 7.842,5337
 8515,94494.484, 8.275,5337
 8516,94502.664, 8.174,5337
 8517,94510.969, 8.314,5337
 8518,94519.195, 8.223,5337
 8519,94527.773, 8.577,5337
 8520,94535.633, 7.867,5337
 8521,94543.859, 8.222,5337
 8522,94551.766, 7.907,5337
 8523,94560.750, 8.982,5337
 8524,94569.109, 8.360,5337
 8525,94576.695, 7.585,5337
 8526,94585.234, 8.544,5337
 8527,94593.406, 8.166,5337
 8528,94602.141, 8.737,5337
 8529,94610.055, 7.914,5337
 8530,94618.758, 8.704,5337
 8531,94626.906, 8.150,5337
 8532,94634.781, 7.871,5337
 8533,94643.234, 8.453,5337
 8534,94651.359, 8.124,5337
 8535,94659.727, 8.367,5337
 8536,94667.781, 8.057,5337
 8537,94675.688, 7.904,5337
 8538,94684.039, 8.353,5337
 8539,94692.320, 8.282,5337
 8540,94700.805, 8.481,5337
 8541,94708.680, 7.877,5337
 8542,94716.961, 8.290,5337
 8543,94725.570, 8.606,5337
 8544,94734.492, 8.916,5337
 8545,94742.305, 7.817,5337
 8546,94749.945, 7.641,5337
 8547,94758.422, 8.472,5337
 8548,94766.438, 8.015,5337
 8549,94774.867, 8.437,5337
 8550,94783.250, 8.379,5337
 8551,94791.063, 7.806,5337
 8552,94799.430, 8.373,5337
 8553,94807.969, 8.541,5337
 8554,94816.367, 8.392,5337
 8555,94824.461, 8.096,5337
 8556,94832.391, 7.926,5337
 8557,94840.805, 8.418,5337
 8558,94849.031, 8.229,5337
 8559,94857.258, 8.227,5337
 8560,94865.281, 8.026,5337
 8561,94873.289, 8.010,5337
 8562,94881.602, 8.307,5337
 8563,94889.797, 8.199,5337
 8564,94898.195, 8.395,5337
 8565,94906.008, 7.806,5337
 8566,94914.563, 8.564,5337
 8567,94922.445, 7.879,5337
 8568,94931.117, 8.671,5337
 8569,94938.930, 7.820,5337
 8570,94948.086, 9.150,5337
 8571,94955.406, 7.320,5337
 8572,94963.836, 8.428,5337
 8573,94972.102, 8.269,5337
 8574,94980.430, 8.328,5337
 8575,94989.125, 8.690,5337
 8576,94997.164, 8.046,5337
 8577,95005.492, 8.326,5337
 8578,95014.047, 8.555,5337
 8579,95022.492, 8.446,5337
 8580,95030.117, 7.626,5337
 8581,95038.578, 8.465,5337
 8582,95046.664, 8.077,5337
 8583,95055.297, 8.637,5337
 8584,95063.164, 7.867,5337
 8585,95072.859, 9.695,5337
 8586,95081.320, 8.457,5337
 8587,95089.133, 7.815,5337
 8588,95097.633, 8.507,5337
 8589,95106.641, 9.001,5337
 8590,95115.453, 8.814,5337
 8591,95123.305, 7.856,5337
 8592,95130.953, 7.645,5337
 8593,95138.828, 7.874,5337
 8594,95147.547, 8.721,5337
 8595,95156.000, 8.446,5337
 8596,95164.680, 8.681,5337
 8597,95172.039, 7.355,5337
 8598,95180.758, 8.728,5337
 8599,95189.094, 8.335,5337
 8600,95197.336, 8.238,5337
 8601,95205.117, 7.784,5337
 8602,95213.766, 8.648,5337
 8603,95222.250, 8.490,5337
 8604,95230.141, 7.883,5337
 8605,95238.352, 8.209,5337
 8606,95246.336, 7.985,5337
 8607,95254.695, 8.364,5337
 8608,95262.969, 8.279,5337
 8609,95271.008, 8.031,5337
 8610,95279.414, 8.409,5337
 8611,95287.711, 8.292,5337
 8612,95295.836, 8.130,5337
 8613,95304.273, 8.443,5337
 8614,95312.156, 7.876,5337
 8615,95321.641, 9.486,5337
 8616,95330.422, 8.777,5337
 8617,95338.070, 7.649,5337
 8618,95346.617, 8.549,5337
 8619,95355.125, 8.504,5337
 8620,95363.094, 7.969,5337
 8621,95371.438, 8.343,5337
 8622,95379.305, 7.874,5337
 8623,95387.453, 8.143,5337
 8624,95396.078, 8.628,5337
 8625,95403.891, 7.810,5337
 8626,95412.836, 8.947,5337
 8627,95421.180, 8.346,5337
 8628,95429.000, 7.819,5337
 8629,95437.508, 8.504,5337
 8630,95445.555, 8.049,5337
 8631,95453.750, 8.198,5337
 8632,95462.336, 8.579,5337
 8633,95470.844, 8.516,5337
 8634,95478.930, 8.083,5337
 8635,95486.906, 7.978,5337
 8636,95496.211, 9.306,5337
 8637,95504.719, 8.505,5337
 8638,95512.234, 7.518,5337
 8639,95520.477, 8.241,5337
 8640,95528.422, 7.939,5337
 8641,95536.930, 8.513,5337
 8642,95545.133, 8.204,5337
 8643,95553.250, 8.119,5337
 8644,95561.859, 8.604,5337
 8645,95569.836, 7.983,5337
 8646,95578.563, 8.723,5337
 8647,95586.344, 7.774,5337
 8648,95594.813, 8.478,5337
 8649,95603.797, 8.980,5337
 8650,95611.875, 8.086,5337
 8651,95620.625, 8.747,5337
 8652,95630.055, 9.428,5337
 8653,95638.938, 8.883,5337
 8654,95646.945, 8.006,5337
 8655,95655.336, 8.385,5337
 8656,95664.102, 8.767,5337
 8657,95672.328, 8.229,5337
 8658,95680.609, 8.290,5337
 8659,95689.672, 9.056,5337
 8660,95698.539, 8.868,5337
 8661,95705.938, 7.399,5337
 8662,95715.148, 9.208,5337
 8663,95723.664, 8.514,5337
 8664,95732.141, 8.482,5337
 8665,95740.508, 8.364,5337
 8666,95748.844, 8.336,5337
 8667,95756.484, 7.639,5337
 8668,95764.500, 8.018,5337
 8669,95773.727, 9.225,5337
 8670,95781.953, 8.235,5337
 8671,95791.008, 9.048,5337
 8672,95798.359, 7.346,5337
 8673,95807.359, 9.002,5337
 8674,95815.258, 7.907,5337
 8675,95823.828, 8.568,5337
 8676,95833.648, 9.816,5337
 8677,95841.570, 7.922,5337
 8678,95849.781, 8.208,5337
 8679,95857.453, 7.679,5337
 8680,95865.633, 8.185,5337
 8681,95873.563, 7.922,5337
 8682,95882.266, 8.707,5337
 8683,95891.125, 8.858,5337
 8684,95899.125, 8.000,5337
 8685,95906.188, 7.058,5337
 8686,95914.930, 8.750,5337
 8687,95922.961, 8.032,5337
 8688,95932.000, 9.028,5337
 8689,95939.742, 7.748,5337
 8690,95948.031, 8.285,5337
 8691,95956.344, 8.315,5337
 8692,95965.039, 8.695,5337
 8693,95974.070, 9.030,5337
 8694,95982.195, 8.125,5337
 8695,95991.570, 9.378,5337
 8696,95999.180, 7.609,5337
 8697,96007.656, 8.468,5337
 8698,96016.023, 8.373,5337
 8699,96024.281, 8.263,5337
 8700,96033.148, 8.861,5337
 8701,96041.078, 7.935,5337
 8702,96049.195, 8.117,5337
 8703,96057.719, 8.521,5337
 8704,96066.461, 8.743,5337
 8705,96074.383, 7.922,5337
 8706,96082.820, 8.434,5337
 8707,96091.031, 8.207,5337
 8708,96099.109, 8.086,5337
 8709,96107.656, 8.543,5337
 8710,96115.898, 8.248,5337
 8711,96124.172, 8.272,5337
 8712,96132.797, 8.623,5337
 8713,96140.758, 7.956,5337
 8714,96149.117, 8.366,5337
 8715,96157.406, 8.287,5337
 8716,96165.844, 8.441,5337
 8717,96174.242, 8.394,5337
 8718,96182.297, 8.058,5337
 8719,96190.805, 8.502,5337
 8720,96199.000, 8.198,5337
 8721,96207.211, 8.214,5337
 8722,96216.305, 9.098,5337
 8723,96224.164, 7.854,5337
 8724,96232.766, 8.602,5337
 8725,96240.867, 8.098,5337
 8726,96249.727, 8.857,5337
 8727,96258.477, 8.752,5337
 8728,96267.000, 8.523,5337
 8729,96275.477, 8.477,5337
 8730,96284.938, 9.467,5337
 8731,96292.813, 7.871,5337
 8732,96301.070, 8.258,5337
 8733,96309.617, 8.548,5337
 8734,96317.953, 8.336,5337
 8735,96326.289, 8.342,5337
 8736,96334.297, 8.007,5337
 8737,96343.070, 8.769,5337
 8738,96351.883, 8.812,5337
 8739,96359.945, 8.065,5337
 8740,96368.094, 8.143,5337
 8741,96376.578, 8.493,5337
 8742,96385.805, 9.220,5337
 8743,96393.930, 8.129,5337
 8744,96402.164, 8.229,5337
 8745,96410.992, 8.823,5337
 8746,96419.563, 8.581,5337
 8747,96427.828, 8.263,5337
 8748,96436.180, 8.352,5337
 8749,96444.398, 8.214,5337
 8750,96453.031, 8.634,5337
 8751,96461.336, 8.301,5337
 8752,96469.266, 7.936,5337
 8753,96477.602, 8.335,5337
 8754,96485.945, 8.348,5337
 8755,96494.203, 8.256,5337
 8756,96502.250, 8.049,5337
 8757,96511.141, 8.887,5337
 8758,96519.766, 8.619,5337
 8759,96528.469, 8.704,5337
 8760,96537.203, 8.738,5337
 8761,96546.125, 8.923,5337
 8762,96553.430, 7.303,5337
 8763,96561.328, 7.894,5337
 8764,96570.203, 8.885,5337
 8765,96578.391, 8.182,5337
 8766,96586.914, 8.527,5337
 8767,96594.938, 8.027,5337
 8768,96603.430, 8.483,5337
 8769,96612.273, 8.852,5337
 8770,96620.320, 8.038,5337
 8771,96628.719, 8.398,5337
 8772,96637.383, 8.666,5337
 8773,96646.047, 8.663,5337
 8774,96654.031, 7.984,5337
 8775,96662.820, 8.789,5337
 8776,96671.992, 9.175,5337
 8777,96680.492, 8.499,5337
 8778,96687.406, 6.916,5337
 8779,96695.945, 8.540,5337
 8780,96704.219, 8.274,5337
 8781,96712.750, 8.525,5337
 8782,96721.414, 8.668,5337
 8783,96729.914, 8.500,5337
 8784,96738.219, 8.308,5337
 8785,96746.117, 7.898,5337
 8786,96754.500, 8.382,5337
 8787,96763.320, 8.814,5337
 8788,96772.008, 8.692,5337
 8789,96780.148, 8.139,5337
 8790,96788.352, 8.204,5337
 8791,96796.891, 8.541,5337
 8792,96805.813, 8.923,5337
 8793,96813.742, 7.923,5337
 8794,96822.273, 8.539,5337
 8795,96830.727, 8.445,5337
 8796,96839.555, 8.834,5337
 8797,96847.227, 7.672,5337
 8798,96856.320, 9.088,5337
 8799,96864.148, 7.829,5337
 8800,96872.414, 8.271,5337
 8801,96880.805, 8.392,5337
 8802,96889.203, 8.397,5337
 8803,96897.961, 8.760,5337
 8804,96906.453, 8.489,5337
 8805,96914.789, 8.331,5337
 8806,96923.523, 8.740,5337
 8807,96931.211, 7.687,5337
 8808,96940.844, 9.632,5337
 8809,96949.195, 8.353,5337
 8810,96957.234, 8.037,5337
 8811,96965.758, 8.524,5337
 8812,96974.344, 8.586,5337
 8813,96982.469, 8.122,5337
 8814,96991.039, 8.572,5337
 8815,96998.898, 7.863,5337
 8816,97007.500, 8.603,5337
 8817,97016.297, 8.794,5337
 8818,97024.367, 8.066,5337
 8819,97033.367, 9.000,5337
 8820,97041.875, 8.509,5337
 8821,97050.430, 8.559,5337
 8822,97059.086, 8.653,5337
 8823,97068.367, 9.277,5337
 8824,97077.266, 8.906,5337
 8825,97084.438, 7.172,5337
 8826,97093.320, 8.875,5337
 8827,97101.438, 8.119,5337
 8828,97109.695, 8.261,5337
 8829,97117.719, 8.025,5337
 8830,97126.477, 8.754,5337
 8831,97134.703, 8.225,5337
 8832,97143.492, 8.793,5337
 8833,97152.195, 8.703,5337
 8834,97160.789, 8.593,5337
 8835,97169.359, 8.566,5337
 8836,97177.289, 7.940,5337
 8837,97185.844, 8.547,5337
 8838,97194.313, 8.465,5337
 8839,97202.695, 8.388,5337
 8840,97211.203, 8.514,5337
 8841,97219.992, 8.783,5337
 8842,97228.805, 8.814,5337
 8843,97237.273, 8.474,5337
 8844,97246.289, 9.013,5337
 8845,97254.375, 8.084,5337
 8846,97263.125, 8.752,5337
 8847,97271.109, 7.977,5337
 8848,97279.609, 8.511,5337
 8849,97288.148, 8.536,5337
 8850,97297.125, 8.976,5337
 8851,97306.039, 8.905,5337
 8852,97314.547, 8.513,5337
 8853,97322.906, 8.364,5337
 8854,97331.750, 8.843,5337
 8855,97340.586, 8.838,5337
 8856,97348.680, 8.088,5337
 8857,97357.227, 8.548,5337
 8858,97365.961, 8.739,5337
 8859,97374.695, 8.723,5337
 8860,97382.789, 8.104,5337
 8861,97391.531, 8.742,5337
 8862,97400.375, 8.834,5337
 8863,97409.234, 8.868,5337
 8864,97418.195, 8.959,5337
 8865,97426.266, 8.076,5337
 8866,97434.742, 8.467,5337
 8867,97444.648, 9.909,5337
 8868,97453.633, 8.992,5337
 8869,97461.680, 8.039,5337
 8870,97470.289, 8.616,5337
 8871,97479.852, 9.557,5337
 8872,97488.484, 8.634,5337
 8873,97497.000, 8.512,5337
 8874,97505.109, 8.107,5337
 8875,97513.656, 8.549,5337
 8876,97522.406, 8.751,5337
 8877,97530.648, 8.244,5337
 8878,97539.680, 9.025,5337
 8879,97548.781, 9.108,5337
 8880,97557.445, 8.667,5337
 8881,97566.195, 8.744,5337
 8882,97574.266, 8.075,5337
 8883,97584.531,10.269,5337
 8884,97592.344, 7.803,5337
 8885,97600.078, 7.737,5337
 8886,97609.367, 9.289,5337
 8887,97617.875, 8.512,5337
 8888,97626.664, 8.780,5337
 8889,97634.758, 8.099,5337
 8890,97643.766, 9.011,5337
 8891,97652.547, 8.784,5337
 8892,97660.602, 8.056,5337
 8893,97669.797, 9.190,5337
 8894,97677.859, 8.063,5337
 8895,97687.586, 9.724,5337
 8896,97695.969, 8.389,5337
 8897,97704.164, 8.191,5337
 8898,97713.078, 8.911,5337
 8899,97721.430, 8.357,5337
 8900,97730.039, 8.607,5337
 8901,97739.672, 9.632,5337
 8902,97747.938, 8.271,5337
 8903,97757.141, 9.200,5337
 8904,97765.250, 8.109,5337
 8905,97774.133, 8.883,5337
 8906,97782.102, 7.963,5337
 8907,97791.672, 9.572,5337
 8908,97799.703, 8.030,5337
 8909,97809.242, 9.542,5337
 8910,97817.750, 8.505,5337
 8911,97826.391, 8.641,5337
 8912,97837.141,10.749,5337
 8913,97845.031, 7.892,5337
 8914,97853.375, 8.344,5337
 8915,97861.688, 8.309,5337
 8916,97870.336, 8.654,5337
 8917,97878.984, 8.644,5337
 8918,97887.703, 8.721,5337
 8919,97897.352, 9.652,5337
 8920,97906.336, 8.980,5369
 8921,97914.938, 8.607,5369
 8922,97923.508, 8.572,5369
 8923,97932.656, 9.141,5369
 8924,97941.008, 8.352,5369
 8925,97949.867, 8.861,5369
 8926,97959.523, 9.659,5369
 8927,97968.484, 8.963,5369
 8928,97976.586, 8.099,5369
 8929,97985.508, 8.921,5369
 8930,97994.539, 9.035,5369
 8931,98003.633, 9.093,5369
 8932,98012.234, 8.600,5369
 8933,98021.320, 9.079,5369
 8934,98030.117, 8.800,5369
 8935,98039.211, 9.100,5369
 8936,98048.016, 8.797,5369
 8937,98056.578, 8.569,5369
 8938,98065.516, 8.939,5369
 8939,98074.516, 8.997,5369
 8940,98082.914, 8.404,5369
 8941,98092.109, 9.188,5369
 8942,98101.828, 9.716,5369
 8943,98109.945, 8.123,5369
 8944,98119.055, 9.102,5369
 8945,98127.852, 8.800,5369
 8946,98136.945, 9.102,5369
 8947,98146.281, 9.330,5369
 8948,98154.773, 8.490,5369
 8949,98163.906, 9.141,5369
 8950,98172.477, 8.566,5369
 8951,98181.227, 8.750,5369
 8952,98190.156, 8.929,5369
 8953,98199.797, 9.639,5369
 8954,98208.336, 8.538,5369
 8955,98217.445, 9.106,5369
 8956,98227.953,10.516,5369
 8957,98236.758, 8.796,5369
 8958,98245.414, 8.660,5369
 8959,98252.070, 6.654,5369
 8960,98260.906, 8.840,5369
 8961,98270.023, 9.112,5369
 8962,98279.297, 9.284,5369
 8963,98288.508, 9.209,5369
 8964,98296.609, 8.098,5369
 8965,98305.797, 9.185,5369
 8966,98315.547, 9.751,5369
 8967,98324.586, 9.045,5369
 8968,98333.734, 9.140,5369
 8969,98342.656, 8.920,5369
 8970,98351.602, 8.950,5369
 8971,98361.484, 9.883,5369
 8972,98369.656, 8.171,5369
 8973,98378.453, 8.795,5369
 8974,98387.430, 8.977,5369
 8975,98397.398, 9.971,5369
 8976,98405.906, 8.514,5369
 8977,98414.914, 9.002,5369
 8978,98423.477, 8.562,5369
 8979,98432.211, 8.741,5369
 8980,98441.617, 9.403,5369
 8981,98450.289, 8.674,5369
 8982,98459.141, 8.846,5369
 8983,98468.086, 8.944,5369
 8984,98476.938, 8.854,5369
 8985,98485.938, 9.007,5369
 8986,98495.063, 9.116,5369
 8987,98503.430, 8.372,5369
 8988,98512.844, 9.410,5369
 8989,98521.063, 8.221,5369
 8990,98530.344, 9.280,5369
 8991,98539.547, 9.203,5369
 8992,98548.383, 8.833,5369
 8993,98557.258, 8.884,5369
 8994,98565.898, 8.636,5369
 8995,98575.766, 9.863,5369
 8996,98583.563, 7.803,5369
 8997,98592.820, 9.258,5369
 8998,98602.656, 9.831,5369
 8999,98611.742, 9.083,5369
 9000,98621.078, 9.342,5369
 9001,98629.570, 8.489,5369
 9002,98637.906, 8.339,5369
 9003,98646.914, 9.012,5369
 9004,98655.594, 8.678,5369
 9005,98664.883, 9.289,5369
 9006,98673.508, 8.619,5369
 9007,98682.344, 8.835,5369
 9008,98691.109, 8.768,5369
 9009,98700.195, 9.089,5369
 9010,98709.086, 8.884,5369
 9011,98718.383, 9.296,5369
 9012,98726.633, 8.259,5369
 9013,98736.117, 9.484,5369
 9014,98744.875, 8.753,5369
 9015,98753.414, 8.535,5369
 9016,98762.742, 9.331,5369
 9017,98772.086, 9.342,5369
 9018,98781.094, 9.007,5369
 9019,98789.953, 8.867,5369
 9020,98798.758, 8.798,5369
 9021,98807.938, 9.191,5369
 9022,98816.836, 8.890,5369
 9023,98825.688, 8.848,5369
 9024,98834.156, 8.471,5369
 9025,98843.797, 9.647,5369
 9026,98853.320, 9.519,5369
 9027,98861.930, 8.616,5369
 9028,98871.148, 9.211,5369
 9029,98880.234, 9.087,5369
 9030,98888.695, 8.460,5369
 9031,98897.648, 8.951,5369
 9032,98907.258, 9.613,5369
 9033,98916.086, 8.830,5369
 9034,98924.984, 8.895,5369
 9035,98934.234, 9.255,5369
 9036,98943.539, 9.299,5369
 9037,98951.844, 8.307,5369
 9038,98961.813, 9.965,5369
 9039,98970.008, 8.197,5369
 9040,98979.781, 9.778,5369
 9041,98988.578, 8.795,5369
 9042,98997.984, 9.400,5369
 9043,99007.859, 9.886,5369
 9044,99016.625, 8.761,5369
 9045,99024.078, 7.454,5369
 9046,99033.617, 9.541,5369
 9047,99042.805, 9.187,5369
 9048,99050.813, 8.007,5369
 9049,99059.797, 8.979,5369
 9050,99069.586, 9.797,5369
 9051,99079.156, 9.567,5369
 9052,99088.039, 8.875,5369
 9053,99097.203, 9.168,5369
 9054,99104.867, 7.672,5369
 9055,99114.391, 9.518,5369
 9056,99123.570, 9.181,5369
 9057,99132.836, 9.262,5369
 9058,99141.430, 8.593,5369
 9059,99151.531,10.105,5369
 9060,99160.102, 8.570,5369
 9061,99169.367, 9.265,5369
 9062,99178.180, 8.812,5369
 9063,99187.328, 9.145,5369
 9064,99196.328, 9.000,5369
 9065,99205.797, 9.476,5369
 9066,99214.367, 8.565,5369
 9067,99224.148, 9.780,5369
 9068,99232.867, 8.726,5369
 9069,99241.750, 8.878,5369
 9070,99251.563, 9.817,5369
 9071,99260.492, 8.924,5369
 9072,99269.695, 9.201,5369
 9073,99278.742, 9.053,5369
 9074,99287.281, 8.542,5369
 9075,99296.523, 9.242,5369
 9076,99305.383, 8.849,5369
 9077,99315.477,10.098,5369
 9078,99324.203, 8.728,5369
 9079,99333.242, 9.040,5369
 9080,99342.703, 9.457,5369
 9081,99351.188, 8.486,5369
 9082,99361.016, 9.825,5369
 9083,99369.859, 8.852,5369
 9084,99379.180, 9.315,5369
 9085,99388.945, 9.770,5369
 9086,99397.953, 9.008,5369
 9087,99406.516, 8.562,5369
 9088,99415.445, 8.924,5369
 9089,99424.711, 9.265,5369
 9090,99433.602, 8.894,5369
 9091,99443.234, 9.638,5369
 9092,99452.016, 8.771,5369
 9093,99462.133,10.121,5369
 9094,99470.344, 8.210,5369
 9095,99479.945, 9.610,5369
 9096,99489.281, 9.334,5369
 9097,99498.656, 9.366,5369
 9098,99507.625, 8.975,5369
 9099,99516.383, 8.754,5369
 9100,99526.016, 9.631,5369
 9101,99534.930, 8.923,5369
 9102,99544.484, 9.551,5369
 9103,99553.422, 8.934,5369
 9104,99562.906, 9.491,5369
 9105,99572.852, 9.944,5369
 9106,99581.922, 9.071,5369
 9107,99591.070, 9.143,5369
 9108,99600.375, 9.307,5369
 9109,99608.984, 8.602,5369
 9110,99618.398, 9.422,5369
 9111,99628.063, 9.664,5369
 9112,99636.273, 8.210,5369
 9113,99645.820, 9.551,5369
 9114,99655.414, 9.592,5369
 9115,99664.523, 9.108,5369
 9116,99674.930,10.411,5369
 9117,99683.578, 8.647,5369
 9118,99692.938, 9.358,5369
 9119,99702.523, 9.584,5369
 9120,99711.852, 9.328,5369
 9121,99720.805, 8.950,5369
 9122,99729.063, 8.263,5369
 9123,99738.594, 9.533,5369
 9124,99747.820, 9.220,5369
 9125,99757.656, 9.838,5369
 9126,99766.859, 9.206,5369
 9127,99776.641, 9.776,5369
 9128,99786.195, 9.558,5369
 9129,99794.609, 8.419,5369
 9130,99804.664,10.045,5369
 9131,99813.258, 8.600,5369
 9132,99822.664, 9.398,5369
 9133,99832.758,10.095,5369
 9134,99841.727, 8.974,5369
 9135,99849.984, 8.251,5369
 9136,99859.680, 9.697,5369
 9137,99868.820, 9.146,5369
 9138,99878.438, 9.617,5369
 9139,99887.750, 9.308,5369
 9140,99896.570, 8.825,5369
 9141,99906.148, 9.581,5369
 9142,99915.867, 9.715,5369
 9143,99925.234, 9.370,5369
 9144,99934.344, 9.104,5369
 9145,99943.789, 9.449,5369
 9146,99953.172, 9.387,5369
 9147,99963.977,10.798,5369
 9148,99972.703, 8.728,5369
 9149,99982.086, 9.386,5369
 9150,99990.875, 8.789,5369
 9151,100001.430,10.553,5369
 9152,100010.297, 8.868,5369
 9153,100020.023, 9.723,5369
 9154,100029.219, 9.202,5369
 9155,100038.719, 9.490,5369
 9156,100048.063, 9.347,5369
 9157,100057.781, 9.716,5369
 9158,100066.445, 8.670,5369
 9159,100075.742, 9.297,5369
 9160,100085.125, 9.378,5369
 9161,100094.141, 9.018,5369
 9162,100104.758,10.621,5369
 9163,100114.617, 9.861,5369
 9164,100124.047, 9.421,5369
 9165,100133.820, 9.778,5369
 9166,100143.195, 9.373,5369
 9167,100152.078, 8.880,5369
 9168,100162.563,10.491,5369
 9169,100172.789,10.228,5369
 9170,100181.773, 8.983,5369
 9171,100190.273, 8.503,5369
 9172,100199.398, 9.114,5369
 9173,100209.906,10.514,5369
 9174,100218.234, 8.332,5369
 9175,100229.078,10.840,5369
 9176,100238.039, 8.958,5369
 9177,100246.938, 8.901,5369
 9178,100256.445, 9.507,5369
 9179,100266.414, 9.965,5369
 9180,100275.570, 9.160,5369
 9181,100285.148, 9.576,5369
 9182,100294.484, 9.342,5369
 9183,100305.063,10.576,5369
 9184,100315.008, 9.938,5369
 9185,100324.055, 9.053,5369
 9186,100334.313,10.253,5369
 9187,100343.641, 9.329,5369
 9188,100353.570, 9.939,5369
 9189,100363.195, 9.621,5369
 9190,100372.922, 9.731,5369
 9191,100382.063, 9.130,5369
 9192,100392.328,10.268,5369
 9193,100400.641, 8.311,5369
 9194,100410.367, 9.726,5369
 9195,100419.914, 9.552,5369
 9196,100429.508, 9.598,5369
 9197,100439.055, 9.537,5369
 9198,100449.219,10.172,5369
 9199,100458.461, 9.241,5369
 9200,100467.516, 9.054,5369
 9201,100476.484, 8.972,5369
 9202,100485.898, 9.414,5369
 9203,100495.617, 9.719,5369
 9204,100505.063, 9.443,5369
 9205,100514.055, 8.988,5369
 9206,100524.227,10.177,5369
 9207,100533.922, 9.696,5369
 9208,100544.492,10.570,5369
 9209,100553.211, 8.716,5369
 9210,100563.930,10.721,5369
 9211,100573.008, 9.074,5369
 9212,100582.406, 9.397,5369
 9213,100591.828, 9.423,5369
 9214,100601.188, 9.360,5369
 9215,100610.422, 9.238,5369
 9216,100620.453,10.025,5369
 9217,100630.266, 9.816,5369
 9218,100639.516, 9.248,5369
 9219,100648.766, 9.249,5369
 9220,100657.844, 9.082,5369
 9221,100668.086,10.240,5369
 9222,100677.148, 9.061,5369
 9223,100686.641, 9.488,5369
 9224,100696.570, 9.938,5369
 9225,100706.148, 9.580,5369
 9226,100715.156, 9.001,5369
 9227,100726.258,11.104,5369
 9228,100735.023, 8.762,5369
 9229,100745.516,10.501,5369
 9230,100754.539, 9.021,5369
 9231,100764.156, 9.614,5369
 9232,100773.313, 9.153,5369
 9233,100782.852, 9.544,5369
 9234,100792.406, 9.551,5369
 9235,100802.250, 9.850,5369
 9236,100812.234, 9.987,5369
 9237,100821.602, 9.366,5369
 9238,100830.672, 9.063,5369
 9239,100841.023,10.350,5369
 9240,100849.813, 8.793,5369
 9241,100859.492, 9.682,5369
 9242,100869.953,10.459,5369
 9243,100879.844, 9.893,5369
 9244,100888.539, 8.696,5369
 9245,100898.875,10.337,5369
 9246,100909.219,10.343,5369
 9247,100917.617, 8.400,5369
 9248,100928.102,10.479,5369
 9249,100937.047, 8.940,5369
 9250,100947.938,10.899,5369
 9251,100958.602,10.666,5369
 9252,100967.758, 9.150,5369
 9253,100976.797, 9.040,5369
 9254,100986.555, 9.760,5369
 9255,100995.672, 9.110,5369
 9256,101006.531,10.863,5369
 9257,101016.320, 9.791,5369
 9258,101025.734, 9.416,5369
 9259,101035.492, 9.755,5369
 9260,101045.523,10.030,5369
 9261,101054.672, 9.147,5369
 9262,101064.578, 9.914,5369
 9263,101073.438, 8.855,5369
 9264,101082.836, 9.399,5369
 9265,101092.813, 9.974,5369
 9266,101102.469, 9.656,5369
 9267,101112.383, 9.914,5369
 9268,101122.117, 9.734,5369
 9269,101130.953, 8.845,5369
 9270,101141.008,10.049,5369
 9271,101150.984, 9.969,5369
 9272,101160.563, 9.592,5369
 9273,101170.227, 9.660,5369
 9274,101180.195, 9.969,5369
 9275,101189.500, 9.304,5369
 9276,101199.453, 9.953,5369
 9277,101208.875, 9.422,5369
 9278,101218.281, 9.406,5369
 9279,101228.594,10.316,5369
 9280,101237.781, 9.179,5369
 9281,101247.273, 9.497,5369
 9282,101257.867,10.596,5369
 9283,101266.453, 8.578,5369
 9284,101276.813,10.367,5369
 9285,101286.648, 9.832,5369
 9286,101296.164, 9.518,5369
 9287,101306.875,10.710,5369
 9288,101316.359, 9.478,5369
 9289,101326.055, 9.697,5369
 9290,101335.930, 9.885,5369
 9291,101346.797,10.861,5369
 9292,101356.078, 9.277,5369
 9293,101365.305, 9.223,5369
 9294,101374.648, 9.347,5369
 9295,101384.531, 9.892,5369
 9296,101393.813, 9.281,5369
 9297,101404.141,10.323,5369
 9298,101413.547, 9.410,5369
 9299,101423.273, 9.725,5369
 9300,101433.211, 9.940,5369
 9301,101442.898, 9.685,5369
 9302,101453.016,10.112,5369
 9303,101462.445, 9.434,5369
 9304,101472.367, 9.917,5369
 9305,101482.047, 9.681,5369
 9306,101491.570, 9.526,5369
 9307,101500.883, 9.314,5369
 9308,101510.539, 9.657,5369
 9309,101521.414,10.869,5369
 9310,101530.422, 9.011,5369
 9311,101539.766, 9.348,5369
 9312,101550.328,10.554,5369
 9313,101559.641, 9.313,5369
 9314,101570.008,10.366,5369
 9315,101580.695,10.693,5369
 9316,101590.914,10.222,5369
 9317,101600.516, 9.599,5369
 9318,101609.523, 9.013,5369
 9319,101619.172, 9.641,5369
 9320,101629.766,10.595,5369
 9321,101638.445, 8.680,5369
 9322,101649.336,10.890,5369
 9323,101660.078,10.741,5369
 9324,101668.852, 8.781,5369
 9325,101679.320,10.463,5369
 9326,101688.828, 9.510,5369
 9327,101698.586, 9.762,5369
 9328,101708.281, 9.692,5369
 9329,101718.031, 9.744,5369
 9330,101728.578,10.551,5369
 9331,101739.109,10.529,5369
 9332,101748.500, 9.392,5369
 9333,101757.664, 9.162,5369
 9334,101768.680,11.017,5369
 9335,101777.422, 8.745,5369
 9336,101787.914,10.491,5369
 9337,101797.242, 9.328,5369
 9338,101808.328,11.080,5369
 9339,101817.672, 9.347,5369
 9340,101827.641, 9.965,5369
 9341,101838.328,10.688,5369
 9342,101847.641, 9.315,5369
 9343,101858.086,10.448,5369
 9344,101867.875, 9.795,5369
 9345,101878.727,10.843,5369
 9346,101888.859,10.138,5369
 9347,101898.875,10.014,5369
 9348,101908.516, 9.640,5369
 9349,101918.797,10.283,5369
 9350,101928.281, 9.487,5369
 9351,101938.242, 9.956,5369
 9352,101948.133, 9.887,5369
 9353,101957.852, 9.724,5369
 9354,101968.125,10.275,5369
 9355,101978.445,10.320,5369
 9356,101986.977, 8.525,5369
 9357,101997.891,10.924,5369
 9358,102008.078,10.181,5369
 9359,102018.578,10.506,5369
 9360,102029.219,10.636,5369
 9361,102038.445, 9.224,5369
 9362,102048.594,10.155,5369
 9363,102058.563, 9.967,5369
 9364,102068.250, 9.689,5369
 9365,102077.523, 9.267,5369
 9366,102087.445, 9.923,5369
 9367,102098.313,10.862,5369
 9368,102107.984, 9.674,5369
 9369,102118.531,10.553,5369
 9370,102129.930,11.401,5369
 9371,102139.359, 9.420,5369
 9372,102148.047, 8.687,5369
 9373,102158.250,10.213,5369
 9374,102167.852, 9.598,5369
 9375,102177.516, 9.666,5369
 9376,102188.609,11.090,5369
 9377,102198.625,10.016,5369
 9378,102208.266, 9.645,5369
 9379,102218.641,10.365,5369
 9380,102228.305, 9.667,5369
 9381,102238.586,10.290,5369
 9382,102247.789, 9.197,5369
 9383,102258.664,10.868,5369
 9384,102268.227, 9.575,5369
 9385,102278.750,10.515,5369
 9386,102288.367, 9.617,5369
 9387,102298.727,10.359,5369
 9388,102307.813, 9.094,5369
 9389,102319.000,11.180,5369
 9390,102328.781, 9.786,5369
 9391,102339.078,10.290,5369
 9392,102348.016, 8.942,5369
 9393,102358.969,10.951,5369
 9394,102368.484, 9.519,5369
 9395,102378.977,10.489,5369
 9396,102389.148,10.175,5369
 9397,102399.359,10.210,5369
 9398,102410.180,10.819,5369
 9399,102420.359,10.178,5369
 9400,102429.609, 9.258,5369
 9401,102440.328,10.715,5369
 9402,102449.367, 9.040,5369
 9403,102459.953,10.590,5369
 9404,102470.133,10.170,5369
 9405,102480.094, 9.964,5369
 9406,102490.078, 9.983,5369
 9407,102500.281,10.211,5369
 9408,102509.984, 9.693,5369
 9409,102521.172,11.194,5369
 9410,102531.008, 9.830,5369
 9411,102541.234,10.237,5369
 9412,102551.563,10.322,5369
 9413,102562.000,10.431,5369
 9414,102571.938, 9.943,5369
 9415,102581.828, 9.893,5369
 9416,102591.773, 9.941,5369
 9417,102603.094,11.321,5369
 9418,102612.242, 9.152,5369
 9419,102623.047,10.797,5369
 9420,102633.461,10.424,5369
 9421,102643.383, 9.914,5369
 9422,102653.133, 9.754,5369
 9423,102663.875,10.744,5369
 9424,102673.695, 9.818,5369
 9425,102684.391,10.692,5369
 9426,102694.383, 9.992,5369
 9427,102705.352,10.966,5369
 9428,102715.195, 9.850,5369
 9429,102724.883, 9.687,5369
 9430,102735.375,10.488,5369
 9431,102745.336, 9.959,5369
 9432,102756.406,11.073,5369
 9433,102766.523,10.122,5369
 9434,102776.547,10.028,5369
 9435,102786.125, 9.570,5369
 9436,102796.344,10.215,5369
 9437,102806.703,10.361,5369
 9438,102817.281,10.585,5369
 9439,102827.477,10.194,5369
 9440,102838.164,10.690,5369
 9441,102848.680,10.510,5369
 9442,102858.578, 9.902,5369
 9443,102869.195,10.618,5369
 9444,102879.477,10.278,5369
 9445,102889.281, 9.807,5369
 9446,102899.172, 9.890,5369
 9447,102910.695,11.518,5369
 9448,102920.594, 9.906,5369
 9449,102930.430, 9.832,5369
 9450,102940.117, 9.691,5369
 9451,102951.000,10.882,5369
 9452,102960.953, 9.956,5369
 9453,102971.773,10.817,5369
 9454,102982.250,10.477,5369
 9455,102992.047, 9.792,5369
 9456,103002.867,10.823,5369
 9457,103013.273,10.412,5369
 9458,103023.688,10.403,5369
 9459,103034.453,10.773,5369
 9460,103044.242, 9.787,5369
 9461,103054.367,10.124,5369
 9462,103064.500,10.137,5369
 9463,103074.680,10.177,5369
 9464,103086.219,11.540,5369
 9465,103096.031, 9.808,5369
 9466,103105.891, 9.868,5369
 9467,103117.539,11.647,5369
 9468,103126.883, 9.342,5369
 9469,103137.813,10.933,5369
 9470,103148.664,10.847,5369
 9471,103158.461, 9.800,5369
 9472,103168.602,10.144,5369
 9473,103178.336, 9.725,5369
 9474,103189.563,11.234,5369
 9475,103200.461,10.894,5369
 9476,103211.281,10.821,5369
 9477,103220.813, 9.528,5369
 9478,103231.547,10.738,5369
 9479,103241.781,10.237,5369
 9480,103252.102,10.315,5369
 9481,103262.313,10.212,5369
 9482,103272.469,10.157,5369
 9483,103283.000,10.530,5369
 9484,103293.680,10.678,5369
 9485,103305.906,12.232,5369
 9486,103315.695, 9.784,5369
 9487,103325.969,10.272,5369
 9488,103335.875, 9.911,5369
 9489,103345.922,10.045,5369
 9490,103356.352,10.425,5369
 9491,103366.680,10.331,5369
 9492,103376.414, 9.738,5369
 9493,103387.242,10.828,5369
 9494,103397.688,10.445,5369
 9495,103409.492,11.808,5369
 9496,103418.156, 8.664,5369
 9497,103429.422,11.261,5369
 9498,103439.336, 9.913,5369
 9499,103450.359,11.027,5369
 9500,103460.016, 9.651,5369
 9501,103470.133,10.121,5369
 9502,103481.148,11.013,5369
 9503,103491.102, 9.954,5369
 9504,103501.938,10.843,5369
 9505,103512.836,10.894,5369
 9506,103523.195,10.358,5369
 9507,103533.477,10.283,5369
 9508,103543.398, 9.916,5369
 9509,103555.164,11.771,5369
 9510,103565.039, 9.875,5369
 9511,103575.477,10.441,5369
 9512,103585.508,10.030,5369
 9513,103596.039,10.524,5369
 9514,103607.328,11.290,5369
 9515,103618.391,11.063,5369
 9516,103628.430,10.040,5369
 9517,103639.109,10.685,5369
 9518,103649.945,10.838,5369
 9519,103659.898, 9.951,5369
 9520,103670.641,10.738,5369
 9521,103681.078,10.434,5369
 9522,103692.242,11.173,5369
 9523,103703.367,11.118,5369
 9524,103714.828,11.463,5369
 9525,103724.023, 9.191,5369
 9526,103734.375,10.353,5369
 9527,103745.203,10.836,5369
 9528,103755.508,10.300,5369
 9529,103765.797,10.286,5369
 9530,103777.211,11.421,5369
 9531,103787.438,10.222,5369
 9532,103797.508,10.076,5369
 9533,103808.992,11.477,5369
 9534,103819.734,10.743,5369
 9535,103830.453,10.722,5369
 9536,103840.328, 9.874,5369
 9537,103851.078,10.751,5369
 9538,103861.445,10.369,5369
 9539,103872.398,10.947,5369
 9540,103883.281,10.893,5369
 9541,103893.367,10.077,5369
 9542,103904.461,11.096,5369
 9543,103914.859,10.402,5369
 9544,103926.047,11.178,5369
 9545,103937.547,11.507,5369
 9546,103946.813, 9.261,5369
 9547,103957.766,10.958,5369
 9548,103968.734,10.963,5369
 9549,103979.156,10.427,5369
 9550,103989.641,10.479,5369
 9551,104000.359,10.716,5369
 9552,104011.234,10.888,5369
 9553,104021.609,10.375,5369
 9554,104033.016,11.401,5369
 9555,104043.859,10.841,5369
 9556,104054.281,10.426,5369
 9557,104064.320,10.036,5369
 9558,104076.695,12.369,5369
 9559,104086.906,10.217,5369
 9560,104098.547,11.647,5369
 9561,104108.977,10.420,5369
 9562,104119.289,10.322,5369
 9563,104130.836,11.541,5369
 9564,104141.320,10.479,5369
 9565,104153.227,11.916,5369
 9566,104162.641, 9.404,5369
 9567,104173.086,10.451,5369
 9568,104184.055,10.963,5369
 9569,104194.680,10.624,5369
 9570,104205.508,10.840,5369
 9571,104216.406,10.895,5369
 9572,104226.570,10.162,5369
 9573,104238.492,11.923,5369
 9574,104249.453,10.959,5369
 9575,104260.281,10.830,5369
 9576,104270.680,10.398,5369
 9577,104281.031,10.352,5369
 9578,104292.711,11.676,5369
 9579,104302.945,10.237,5369
 9580,104313.375,10.427,5369
 9581,104325.070,11.695,5369
 9582,104335.922,10.859,5369
 9583,104345.719, 9.789,5369
 9584,104356.336,10.617,5369
 9585,104367.445,11.114,5369
 9586,104378.227,10.784,5369
 9587,104388.406,10.173,5369
 9588,104399.594,11.193,5369
 9589,104410.289,10.695,5369
 9590,104422.023,11.728,5369
 9591,104432.828,10.807,5369
 9592,104443.711,10.886,5369
 9593,104453.711, 9.997,5369
 9594,104464.805,11.095,5369
 9595,104475.383,10.579,5369
 9596,104486.313,10.930,5369
 9597,104497.031,10.717,5369
 9598,104507.469,10.442,5369
 9599,104518.578,11.105,5369
 9600,104529.469,10.891,5369
 9601,104541.242,11.777,5369
 9602,104552.656,11.405,5369
 9603,104563.242,10.595,5369
 9604,104574.555,11.309,5369
 9605,104585.172,10.616,5369
 9606,104595.344,10.169,5369
 9607,104606.008,10.668,5369
 9608,104617.336,11.328,5369
 9609,104628.008,10.666,5369
 9610,104637.367, 9.366,5369
 9611,104649.180,11.814,5369
 9612,104660.953,11.777,5369
 9613,104671.750,10.787,5369
 9614,104682.891,11.150,5369
 9615,104693.555,10.658,5369
 9616,104703.648,10.094,5369
 9617,104714.547,10.901,5369
 9618,104725.602,11.061,5369
 9619,104736.578,10.973,5369
 9620,104748.563,11.979,5369
 9621,104758.148, 9.589,5369
 9622,104769.492,11.343,5369
 9623,104780.391,10.899,5369
 9624,104791.633,11.237,5369
 9625,104801.914,10.285,5369
 9626,104813.359,11.445,5369
 9627,104824.313,10.951,5369
 9628,104835.086,10.778,5369
 9629,104845.719,10.629,5369
 9630,104856.719,11.001,5369
 9631,104867.992,11.272,5369
 9632,104880.367,12.375,5369
 9633,104891.930,11.565,5369
 9634,104901.336, 9.405,5369
 9635,104911.875,10.541,5369
 9636,104923.023,11.143,5369
 9637,104933.156,10.138,5369
 9638,104945.469,12.310,5369
 9639,104954.992, 9.523,5369
 9640,104966.852,11.860,5369
 9641,104978.188,11.339,5369
 9642,104989.836,11.648,5369
 9643,105000.984,11.147,5369
 9644,105011.109,10.124,5369
 9645,105022.281,11.174,5369
 9646,105032.430,10.149,5369
 9647,105043.469,11.039,5369
 9648,105055.492,12.022,5369
 9649,105066.094,10.600,5369
 9650,105076.664,10.573,5369
 9651,105087.547,10.884,5369
 9652,105098.906,11.363,5369
 9653,105110.281,11.374,5369
 9654,105120.602,10.321,5369
 9655,105132.352,11.742,5369
 9656,105143.586,11.244,5369
 9657,105153.813,10.216,5369
 9658,105164.578,10.768,5369
 9659,105175.891,11.317,5369
 9660,105187.859,11.965,5369
 9661,105198.156,10.300,5369
 9662,105209.742,11.581,5369
 9663,105220.180,10.438,5369
 9664,105231.352,11.175,5369
 9665,105242.297,10.936,5369
 9666,105253.047,10.752,5369
 9667,105264.031,10.987,5369
 9668,105275.672,11.643,5369
 9669,105286.953,11.285,5369
 9670,105297.461,10.506,5369
 9671,105308.102,10.640,5369
 9672,105320.398,12.294,5369
 9673,105330.195, 9.798,5369
 9674,105341.406,11.212,5369
 9675,105351.953,10.553,5369
 9676,105363.211,11.253,5369
 9677,105374.688,11.470,5369
 9678,105385.352,10.671,5369
 9679,105396.227,10.875,5369
 9680,105407.086,10.860,5369
 9681,105417.820,10.731,5369
 9682,105429.164,11.346,5369
 9683,105439.789,10.627,5369
 9684,105451.750,11.960,5369
 9685,105461.781,10.031,5369
 9686,105473.492,11.712,5369
 9687,105484.914,11.421,5369
 9688,105495.305,10.384,5369
 9689,105506.570,11.273,5369
 9690,105518.000,11.421,5369
 9691,105530.023,12.027,5369
 9692,105541.078,11.056,5369
 9693,105551.430,10.356,5369
 9694,105562.719,11.282,5369
 9695,105573.172,10.461,5369
 9696,105584.883,11.708,5369
 9697,105596.016,11.128,5369
 9698,105607.789,11.780,5369
 9699,105618.406,10.611,5369
 9700,105631.305,12.901,5369
 9701,105641.234, 9.929,5369
 9702,105651.695,10.458,5369
 9703,105663.727,12.033,5369
 9704,105674.805,11.082,5369
 9705,105685.430,10.619,5369
 9706,105696.758,11.330,5369
 9707,105706.727, 9.967,5369
 9708,105718.633,11.911,5369
 9709,105730.039,11.408,5369
 9710,105741.016,10.973,5369
 9711,105752.031,11.014,5369
 9712,105762.805,10.777,5369
 9713,105774.227,11.423,5369
 9714,105784.500,10.273,5369
 9715,105795.758,11.253,5369
 9716,105806.563,10.812,5369
 9717,105817.977,11.408,5369
 9718,105828.945,10.972,5369
 9719,105839.633,10.682,5369
 9720,105851.859,12.236,5369
 9721,105861.094, 9.232,5369
 9722,105872.898,11.801,5369
 9723,105883.984,11.083,5369
 9724,105894.953,10.977,5369
 9725,105905.992,11.036,5369
 9726,105916.563,10.574,5369
 9727,105928.094,11.526,5369
 9728,105938.430,10.339,5369
 9729,105950.133,11.701,5369
 9730,105960.922,10.792,5369
 9731,105972.375,11.449,5369
 9732,105983.406,11.032,5369
 9733,105995.367,11.963,5369
 9734,106005.430,10.060,5369
 9735,106017.133,11.706,5369
 9736,106027.555,10.421,5369
 9737,106039.008,11.446,5369
 9738,106049.719,10.711,5369
 9739,106062.805,13.095,5369
 9740,106074.031,11.221,5369
 9741,106084.156,10.131,5369
 9742,106094.523,10.364,5369
 9743,106106.063,11.540,5369
 9744,106116.852,10.793,5369
 9745,106128.086,11.226,5369
 9746,106139.453,11.369,5369
 9747,106150.469,11.016,5369
 9748,106162.336,11.862,5369
 9749,106172.906,10.578,5369
 9750,106184.180,11.274,5369
 9751,106196.023,11.842,5369
 9752,106206.406,10.383,5369
 9753,106217.359,10.950,5369
 9754,106228.742,11.381,5369
 9755,106240.031,11.288,5369
 9756,106250.664,10.634,5369
 9757,106261.945,11.292,5369
 9758,106274.875,12.925,5369
 9759,106285.414,10.537,5369
 9760,106296.734,11.318,5369
 9761,106307.922,11.195,5369
 9762,106318.914,10.991,5369
 9763,106330.445,11.527,5369
 9764,106341.586,11.142,5369
 9765,106352.719,11.133,5369
 9766,106364.242,11.522,5369
 9767,106374.922,10.685,5369
 9768,106385.836,10.909,5369
 9769,106397.766,11.933,5369
 9770,106407.945,10.178,5369
 9771,106418.938,10.994,5369
 9772,106430.313,11.369,5369
 9773,106442.930,12.620,5369
 9774,106454.023,11.095,5369
 9775,106465.438,11.409,5369
 9776,106475.641,10.200,5369
 9777,106485.617, 9.990,5369
 9778,106497.938,12.318,5369
 9779,106509.539,11.599,5369
 9780,106520.063,10.523,5369
 9781,106531.281,11.219,5369
 9782,106542.852,11.568,5369
 9783,106553.117,10.264,5369
 9784,106565.141,12.022,5369
 9785,106576.844,11.708,5369
 9786,106587.125,10.280,5369
 9787,106598.320,11.190,5369
 9788,106609.188,10.870,5369
 9789,106620.477,11.293,5369
 9790,106631.688,11.208,5369
 9791,106642.555,10.872,5369
 9792,106654.297,11.732,5369
 9793,106665.195,10.908,5369
 9794,106676.266,11.070,5369
 9795,106687.344,11.073,5369
 9796,106699.242,11.906,5369
 9797,106709.758,10.510,5369
 9798,106721.242,11.487,5369
 9799,106732.008,10.760,5369
 9800,106743.516,11.511,5369
 9801,106754.547,11.032,5369
 9802,106765.969,11.417,5369
 9803,106777.313,11.345,5369
 9804,106788.578,11.274,5369
 9805,106800.234,11.656,5369
 9806,106811.930,11.695,5369
 9807,106822.852,10.923,5369
 9808,106834.414,11.556,5369
 9809,106845.328,10.910,5369
 9810,106857.750,12.424,5369
 9811,106868.211,10.464,5369
 9812,106879.242,11.037,5369
 9813,106890.336,11.087,5369
 9814,106902.469,12.133,5369
 9815,106913.945,11.478,5369
 9816,106924.406,10.460,5369
 9817,106935.602,11.199,5369
 9818,106946.734,11.130,5369
 9819,106958.430,11.693,5369
 9820,106969.531,11.102,5369
 9821,106980.578,11.053,5369
 9822,106992.359,11.778,5369
 9823,107002.742,10.381,5369
 9824,107013.867,11.128,5369
 9825,107024.578,10.709,5369
 9826,107036.359,11.782,5369
 9827,107047.523,11.161,5369
 9828,107058.969,11.446,5369
 9829,107070.227,11.260,5369
 9830,107081.000,10.767,5369
 9831,107092.633,11.630,5369
 9832,107103.156,10.533,5369
 9833,107115.148,11.990,5369
 9834,107126.773,11.625,5369
 9835,107137.297,10.521,5369
 9836,107148.047,10.750,5369
 9837,107160.367,12.322,5369
 9838,107171.320,10.950,5369
 9839,107182.797,11.479,5369
 9840,107194.180,11.390,5369
 9841,107205.336,11.144,5369
 9842,107217.367,12.038,5369
 9843,107228.125,10.758,5369
 9844,107239.391,11.265,5369
 9845,107250.977,11.584,5369
 9846,107262.625,11.648,5369
 9847,107273.477,10.853,5369
 9848,107283.992,10.513,5369
 9849,107295.570,11.583,5369
 9850,107306.367,10.794,5369
 9851,107318.133,11.764,5369
 9852,107329.180,11.049,5369
 9853,107340.945,11.768,5369
 9854,107352.320,11.370,5369
 9855,107363.188,10.873,5369
 9856,107374.664,11.475,5369
 9857,107385.523,10.857,5369
 9858,107397.156,11.632,5369
 9859,107409.109,11.959,5369
 9860,107420.625,11.509,5369
 9861,107431.055,10.431,5369
 9862,107443.609,12.562,5369
 9863,107453.742,10.128,5369
 9864,107465.313,11.565,5369
 9865,107475.828,10.526,5369
 9866,107487.445,11.613,5369
 9867,107498.594,11.148,5369
 9868,107510.141,11.550,5369
 9869,107521.602,11.457,5369
 9870,107533.508,11.912,5369
 9871,107544.156,10.641,5369
 9872,107557.320,13.161,5369
 9873,107569.016,11.700,5369
 9874,107579.508,10.493,5369
 9875,107590.813,11.307,5369
 9876,107602.195,11.383,5369
 9877,107613.414,11.217,5369
 9878,107624.094,10.675,5369
 9879,107635.484,11.393,5369
 9880,107648.766,13.283,5369
 9881,107659.758,10.991,5369
 9882,107670.188,10.429,5369
 9883,107681.781,11.599,5369
 9884,107693.258,11.474,5369
 9885,107704.695,11.437,5369
 9886,107716.750,12.050,5369
 9887,107727.703,10.951,5369
 9888,107738.609,10.918,5369
 9889,107750.109,11.492,5369
 9890,107760.977,10.867,5369
 9891,107772.336,11.357,5369
 9892,107783.500,11.173,5369
 9893,107794.797,11.295,5369
 9894,107806.602,11.806,5369
 9895,107816.391, 9.786,5369
 9896,107829.078,12.685,5369
 9897,107839.133,10.059,5369
 9898,107850.609,11.478,5369
 9899,107862.336,11.718,5369
 9900,107873.875,11.545,5369
 9901,107885.109,11.232,5369
 9902,107896.141,11.035,5369
 9903,107907.398,11.255,5369
 9904,107918.633,11.232,5369
 9905,107929.625,10.995,5369
 9906,107941.102,11.474,5369
 9907,107952.367,11.268,5369
 9908,107963.828,11.463,5369
 9909,107975.297,11.463,5369
 9910,107986.070,10.780,5369
 9911,107997.359,11.284,5369
 9912,108008.227,10.870,5369
 9913,108019.906,11.685,5369
 9914,108031.250,11.337,5369
 9915,108042.641,11.391,5369
 9916,108055.063,12.422,5369
 9917,108064.734, 9.674,5369
 9918,108076.297,11.560,5369
 9919,108087.719,11.423,5369
 9920,108098.539,10.824,5369
 9921,108110.234,11.691,5369
 9922,108121.000,10.767,5369
 9923,108132.578,11.577,5369
 9924,108144.656,12.077,5369
 9925,108155.234,10.578,5369
 9926,108167.117,11.885,5369
 9927,108178.484,11.370,5369
 9928,108189.766,11.280,5369
 9929,108200.773,11.001,5369
 9930,108212.328,11.553,5369
 9931,108223.711,11.389,5369
 9932,108235.563,11.855,5369
 9933,108246.453,10.888,5369
 9934,108257.859,11.404,5369
 9935,108270.203,12.346,5369
 9936,108281.219,11.018,5369
 9937,108292.422,11.196,5369
 9938,108304.984,12.561,5369
 9939,108316.063,11.081,5369
 9940,108326.102,10.043,5369
 9941,108338.336,12.232,5369
 9942,108349.977,11.639,5369
 9943,108360.727,10.754,5369
 9944,108371.398,10.670,5369
 9945,108382.969,11.563,5369
 9946,108395.133,12.169,5369
 9947,108405.195,10.064,5369
 9948,108416.883,11.688,5369
 9949,108428.133,11.255,5369
 9950,108440.000,11.858,5369
 9951,108451.797,11.798,5369
 9952,108462.008,10.216,5369
 9953,108474.266,12.259,5369
 9954,108485.422,11.153,5369
 9955,108496.680,11.259,5369
 9956,108506.789,10.112,5369
 9957,108518.203,11.416,5369
 9958,108529.492,11.288,5369
 9959,108540.313,10.810,5369
 9960,108551.219,10.919,5369
 9961,108563.039,11.809,5369
 9962,108573.719,10.685,5369
 9963,108585.086,11.368,5369
 9964,108596.570,11.487,5369
 9965,108607.883,11.312,5369
 9966,108618.359,10.468,5369
 9967,108629.609,11.259,5369
 9968,108641.039,11.421,5369
 9969,108653.000,11.961,5369
 9970,108664.430,11.437,5369
 9971,108676.406,11.970,5369
 9972,108687.016,10.611,5369
 9973,108698.313,11.294,5369
 9974,108709.102,10.793,5369
 9975,108720.203,11.104,5369
 9976,108731.797,11.595,5369
 9977,108742.609,10.815,5369
 9978,108752.867,10.251,5369
 9979,108764.453,11.588,5369
 9980,108775.805,11.350,5369
 9981,108789.023,13.217,5369
 9982,108799.844,10.826,5369
 9983,108810.531,10.687,5369
 9984,108821.820,11.288,5369
 9985,108834.086,12.262,5369
 9986,108846.406,12.324,5369
 9987,108857.664,11.253,5369
 9988,108868.211,10.555,5369
 9989,108878.500,10.282,5369
 9990,108889.438,10.939,5369
 9991,108900.680,11.242,5369
 9992,108912.578,11.907,5369
 9993,108923.813,11.225,5369
 9994,108934.195,10.389,5369
 9995,108945.750,11.549,5369
 9996,108956.828,11.079,5369
 9997,108969.398,12.567,5369
 9998,108980.445,11.050,5369
 9999,108989.961, 9.509,5369
10000,109000.906,10.958,5369
10001,109012.188,11.280,5369
10002,109023.602,11.413,5369
10003,109034.836,11.236,5369
10004,109046.023,11.183,5369
10005,109058.211,12.193,5369
10006,109071.078,12.859,5369
10007,109081.445,10.367,5369
10008,109092.602,11.165,5369
10009,109105.070,12.460,5369
10010,109115.266,10.198,5369
10011,109126.391,11.120,5369
10012,109137.734,11.345,5369
10013,109149.328,11.594,5369
10014,109160.328,11.001,5369
10015,109171.297,10.970,5369
10016,109182.602,11.313,5369
10017,109194.055,11.445,5369
10018,109205.336,11.278,5369
10019,109216.680,11.342,5369
10020,109227.984,11.311,5369
10021,109239.813,11.825,5369
10022,109251.195,11.388,5369
10023,109261.672,10.470,5369
10024,109273.250,11.589,5369
10025,109283.719,10.460,5369
10026,109294.477,10.759,5369
10027,109306.766,12.288,5369
10028,109318.227,11.468,5369
10029,109330.180,11.949,5369
10030,109340.297,10.115,5369
10031,109352.633,12.331,5369
10032,109363.000,10.368,5369
10033,109374.641,11.640,5369
10034,109385.086,10.450,5369
10035,109397.422,12.336,5369
10036,109408.328,10.908,5369
10037,109420.336,12.008,5369
10038,109431.523,11.187,5369
10039,109442.766,11.240,5369
10040,109454.594,11.837,5369
10041,109465.961,11.356,5369
10042,109476.789,10.831,5369
10043,109488.297,11.506,5369
10044,109499.055,10.757,5369
10045,109510.500,11.447,5369
10046,109522.305,11.802,5369
10047,109532.945,10.648,5369
10048,109544.367,11.417,5369
10049,109556.484,12.124,5369
10050,109567.469,10.980,5369
10051,109579.461,11.996,5369
10052,109589.805,10.344,5369
10053,109601.195,11.391,5369
10054,109611.938,10.739,5369
10055,109623.875,11.942,5369
10056,109635.805,11.923,5369
10057,109647.344,11.537,5369
10058,109658.586,11.246,5369
10059,109669.938,11.356,5369
10060,109681.719,11.771,5369
10061,109692.164,10.448,5369
10062,109703.875,11.719,5369
10063,109716.859,12.981,5369
10064,109726.859,10.001,5369
10065,109738.188,11.324,5369
10066,109750.180,11.999,5369
10067,109761.094,10.909,5369
10068,109773.039,11.943,5369
10069,109783.133,10.098,5369
10070,109795.023,11.887,5369
10071,109806.461,11.436,5369
10072,109817.961,11.503,5369
10073,109829.180,11.221,5369
10074,109840.227,11.051,5369
10075,109851.828,11.596,5369
10076,109862.945,11.121,5369
10077,109875.203,12.252,5369
10078,109886.578,11.379,5369
10079,109896.844,10.263,5369
10080,109908.680,11.833,5369
10081,109920.578,11.905,5369
10082,109931.523,10.945,5369
10083,109943.969,12.441,5369
10084,109955.930,11.965,5369
10085,109967.117,11.181,5369
10086,109979.586,12.474,5369
10087,109991.172,11.585,5369
10088,110004.195,13.027,5369
10089,110015.023,10.822,5369
10090,110025.891,10.872,5369
10091,110038.438,12.545,5369
10092,110049.828,11.387,5369
10093,110060.586,10.761,5369
10094,110071.555,10.967,5369
10095,110083.094,11.535,5369
10096,110094.797,11.707,5369
10097,110106.063,11.266,5369
10098,110117.906,11.846,5369
10099,110129.648,11.738,5369
10100,110140.398,10.750,5369
10101,110151.766,11.371,5369
10102,110163.445,11.678,5369
10103,110175.328,11.879,5369
10104,110186.727,11.400,5369
10105,110198.344,11.613,5369
10106,110209.539,11.204,5369
10107,110221.977,12.435,5369
10108,110231.859, 9.884,5369
10109,110244.172,12.316,5369
10110,110256.383,12.205,5369
10111,110267.008,10.622,5369
10112,110278.250,11.248,5369
10113,110289.734,11.479,5369
10114,110301.539,11.808,5369
10115,110312.484,10.945,5369
10116,110322.875,10.394,5369
10117,110335.203,12.330,5369
10118,110346.609,11.406,5369
10119,110358.125,11.512,5369
10120,110369.586,11.466,5369
10121,110379.867,10.281,5369
10122,110391.234,11.367,5369
10123,110403.953,12.712,5369
10124,110415.203,11.252,5369
10125,110427.953,12.747,5369
10126,110439.984,12.033,5369
10127,110451.023,11.039,5369
10128,110462.289,11.260,5369
10129,110473.797,11.519,5369
10130,110484.930,11.131,5369
10131,110497.125,12.194,5369
10132,110508.102,10.971,5369
10133,110519.547,11.449,5369
10134,110531.109,11.560,5369
10135,110542.344,11.238,5369
10136,110553.766,11.422,5369
10137,110565.555,11.792,5369
10138,110576.375,10.815,5369
10139,110589.469,13.098,5369
10140,110600.195,10.727,5369
10141,110610.984,10.783,5369
10142,110623.336,12.350,5369
10143,110634.711,11.377,5369
10144,110646.180,11.477,5369
10145,110657.102,10.914,5369
10146,110669.500,12.399,5369
10147,110680.625,11.122,5369
10148,110692.141,11.524,5369
10149,110703.688,11.544,5369
10150,110714.977,11.288,5369
10151,110726.094,11.114,5369
10152,110738.477,12.386,5369
10153,110750.984,12.503,5369
10154,110761.961,10.981,5369
10155,110773.773,11.811,5369
10156,110785.477,11.702,5369
10157,110796.953,11.476,5369
10158,110807.648,10.693,5369
10159,110819.914,12.278,5369
10160,110832.969,13.043,5369
10161,110844.055,11.087,5369
10162,110854.453,10.402,5369
10163,110865.703,11.247,5369
10164,110877.109,11.411,5369
10165,110888.727,11.619,5369
10166,110900.156,11.426,5369
10167,110911.438,11.279,5369
10168,110922.648,11.209,5369
10169,110934.734,12.088,5369
10170,110945.758,11.027,5369
10171,110957.445,11.686,5369
10172,110968.836,11.395,5369
10173,110979.031,10.187,5369
10174,110991.094,12.070,5369
10175,111002.609,11.517,5369
10176,111014.305,11.691,5369
10177,111026.313,12.002,5369
10178,111036.781,10.477,5369
10179,111049.039,12.253,5369
10180,111060.227,11.193,5369
10181,111071.703,11.474,5369
10182,111083.023,11.319,5369
10183,111095.172,12.148,5369
10184,111106.539,11.370,5369
10185,111117.875,11.341,5369
10186,111129.367,11.484,5369
10187,111141.711,12.342,5369
10188,111152.906,11.205,5369
10189,111163.555,10.647,5369
10190,111175.789,12.228,5369
10191,111186.828,11.044,5369
10192,111197.867,11.039,5369
10193,111209.531,11.664,5369
10194,111220.953,11.411,5369
10195,111233.672,12.728,5369
10196,111244.125,10.453,5369
10197,111255.625,11.491,5369
10198,111266.750,11.130,5369
10199,111277.602,10.857,5369
10200,111289.063,11.458,5369
10201,111301.031,11.967,5369
10202,111312.695,11.662,5369
10203,111323.781,11.094,5369
10204,111337.305,13.520,5369
10205,111349.492,12.187,5369
10206,111360.719,11.227,5369
10207,111372.500,11.783,5369
10208,111385.313,12.806,5369
10209,111396.820,11.513,5369
10210,111409.578,12.757,5369
10211,111420.289,10.706,5369
10212,111433.367,13.081,5369
10213,111444.727,11.361,5369
10214,111457.391,12.665,5369
10215,111469.578,12.189,5369
10216,111481.250,11.677,5369
10217,111493.734,12.476,5369
10218,111505.188,11.457,5369
10219,111515.641,10.450,5369
10220,111529.344,13.701,5369
10221,111541.469,12.126,5369
10222,111553.047,11.578,5369
10223,111566.273,13.236,5369
10224,111577.813,11.531,5369
10225,111589.352,11.536,5369
10226,111602.078,12.727,5369
10227,111613.875,11.802,5369
10228,111626.914,13.038,5369
10229,111638.023,11.102,5369
10230,111650.422,12.406,5369
10231,111662.656,12.228,5369
10232,111675.094,12.444,5369
10233,111687.961,12.863,5369
10234,111699.008,11.045,5369
10235,111711.570,12.568,5369
10236,111723.375,11.804,5369
10237,111735.680,12.305,5369
10238,111747.602,11.928,5369
10239,111759.641,12.033,5369
10240,111771.828,12.191,5369
10241,111783.477,11.646,5369
10242,111795.922,12.449,5369
10243,111808.156,12.231,5369
10244,111820.867,12.709,5369
10245,111833.242,12.376,5369
10246,111844.867,11.625,5369
10247,111856.820,11.952,5369
10248,111869.063,12.239,5369
10249,111881.672,12.611,5369
10250,111893.727,12.053,5369
10251,111905.750,12.023,5369
10252,111917.367,11.619,5369
10253,111930.133,12.765,5369
10254,111941.703,11.571,5369
10255,111954.891,13.192,5369
10256,111966.359,11.460,5369
10257,111978.531,12.178,5369
10258,111991.031,12.494,5369
10259,112003.477,12.451,5369
10260,112016.047,12.569,5369
10261,112028.453,12.411,5369
10262,112039.813,11.359,5369
10263,112051.648,11.830,5369
10264,112063.633,11.982,5369
10265,112075.602,11.974,5369
10266,112088.492,12.890,5369
10267,112101.328,12.836,5369
10268,112112.984,11.653,5369
10269,112125.375,12.391,5369
10270,112136.961,11.587,5369
10271,112149.094,12.133,5369
10272,112162.023,12.930,5369
10273,112174.117,12.096,5369
10274,112186.617,12.495,5369
10275,112199.078,12.467,5369
10276,112211.625,12.538,5369
10277,112223.445,11.824,5369
10278,112235.484,12.043,5369
10279,112247.242,11.759,5369
10280,112259.188,11.945,5369
10281,112271.781,12.595,5369
10282,112284.031,12.245,5369
10283,112296.133,12.101,5369
10284,112308.141,12.012,5369
10285,112320.727,12.586,5369
10286,112332.570,11.847,5369
10287,112343.734,11.156,5369
10288,112356.016,12.282,5369
10289,112368.086,12.069,5369
10290,112380.289,12.205,5369
10291,112392.805,12.520,5369
10292,112406.070,13.259,5369
10293,112419.023,12.955,5369
10294,112430.648,11.624,5369
10295,112441.969,11.321,5369
10296,112454.430,12.462,5369
10297,112466.773,12.345,5369
10298,112478.617,11.841,5369
10299,112492.594,13.982,5369
10300,112503.992,11.397,5369
10301,112517.031,13.036,5369
10302,112529.969,12.934,5369
10303,112541.406,11.443,5369
10304,112554.242,12.841,5369
10305,112565.820,11.573,5369
10306,112578.328,12.507,5369
10307,112589.758,11.432,5369
10308,112602.875,13.116,5369
10309,112615.063,12.190,5369
10310,112627.266,12.206,5369
10311,112639.352,12.077,5369
10312,112651.484,12.141,5369
10313,112664.336,12.844,5369
10314,112676.281,11.947,5369
10315,112689.102,12.819,5369
10316,112701.031,11.928,5369
10317,112713.070,12.040,5369
10318,112725.531,12.464,5369
10319,112738.297,12.767,5369
10320,112750.930,12.632,5369
10321,112763.320,12.385,5369
10322,112776.195,12.885,5369
10323,112788.594,12.394,5369
10324,112800.859,12.267,5369
10325,112814.047,13.182,5369
10326,112825.336,11.295,5369
10327,112836.930,11.597,5369
10328,112851.352,14.417,5369
10329,112862.430,11.078,5369
10330,112875.320,12.889,5369
10331,112887.930,12.614,5369
10332,112900.172,12.242,5369
10333,112912.859,12.687,5369
10334,112924.930,12.072,5369
10335,112937.438,12.504,5369
10336,112950.055,12.615,5369
10337,112961.461,11.411,5369
10338,112974.141,12.675,5369
10339,112986.305,12.165,5369
10340,112998.383,12.078,5369
10341,113010.547,12.169,5369
10342,113023.188,12.640,5369
10343,113034.938,11.754,5369
10344,113047.711,12.763,5369
10345,113060.711,13.005,5369
10346,113071.711,10.997,5369
10347,113085.359,13.647,5369
10348,113098.508,13.156,5369
10349,113110.227,11.718,5369
10350,113123.695,13.464,5369
10351,113135.750,12.059,5369
10352,113149.203,13.456,5369
10353,113161.883,12.676,5369
10354,113173.391,11.506,5369
10355,113186.617,13.221,5369
10356,113200.055,13.444,5369
10357,113213.469,13.410,5369
10358,113225.891,12.423,5369
10359,113237.336,11.441,5369
10360,113249.477,12.144,5369
10361,113261.719,12.247,5369
10362,113274.695,12.974,5369
10363,113286.805,12.109,5369
10364,113298.844,12.041,5369
10365,113310.719,11.872,5369
10366,113322.820,12.100,5369
10367,113335.289,12.471,5369
10368,113348.461,13.172,5369
10369,113360.039,11.580,5369
10370,113372.852,12.817,5369
10371,113386.617,13.760,5369
10372,113399.438,12.819,5369
10373,113411.242,11.806,5369
10374,113424.586,13.347,5369
10375,113437.359,12.768,5369
10376,113449.234,11.876,5369
10377,113462.039,12.804,5369
10378,113474.008,11.968,5369
10379,113486.688,12.679,5369
10380,113497.688,10.999,5369
10381,113510.359,12.678,5369
10382,113522.953,12.584,5369
10383,113534.773,11.831,5369
10384,113548.008,13.225,5369
10385,113559.422,11.420,5369
10386,113571.586,12.172,5369
10387,113584.172,12.578,5369
10388,113596.578,12.413,5369
10389,113610.109,13.527,5369
10390,113621.586,11.476,5369
10391,113634.523,12.941,5369
10392,113646.453,11.922,5369
10393,113658.313,11.858,5369
10394,113671.398,13.089,5369
10395,113683.320,11.921,5369
10396,113697.070,13.753,5369
10397,113708.391,11.314,5369
10398,113721.492,13.107,5369
10399,113733.445,11.952,5369
10400,113746.492,13.052,5369
10401,113758.070,11.576,5369
10402,113770.695,12.621,5369
10403,113783.414,12.716,5369
10404,113795.305,11.895,5369
10405,113808.078,12.772,5369
10406,113820.578,12.507,5369
10407,113833.258,12.677,5369
10408,113845.352,12.086,5369
10409,113857.297,11.949,5369
10410,113870.016,12.716,5369
10411,113883.008,12.993,5369
10412,113895.859,12.857,5369
10413,113907.695,11.834,5369
10414,113919.438,11.744,5369
10415,113932.133,12.696,5369
10416,113944.438,12.299,5369
10417,113956.828,12.395,5369
10418,113969.523,12.698,5369
10419,113982.109,12.584,5369
10420,113995.031,12.916,5369
10421,114008.789,13.762,5369
10422,114022.289,13.499,5369
10423,114033.594,11.308,5369
10424,114044.445,10.846,5369
10425,114056.633,12.188,5369
10426,114069.672,13.035,5369
10427,114081.023,11.354,5369
10428,114094.469,13.454,5369
10429,114105.539,11.068,5369
10430,114119.133,13.591,5369
10431,114131.195,12.065,5369
10432,114144.078,12.877,5369
10433,114157.148,13.076,5369
10434,114169.289,12.131,5369
10435,114181.336,12.051,5369
10436,114193.172,11.838,5369
10437,114206.414,13.243,5369
10438,114219.531,13.118,5369
10439,114231.211,11.682,5369
10440,114244.258,13.047,5369
10441,114257.078,12.819,5369
10442,114268.602,11.525,5369
10443,114279.750,11.143,5369
10444,114293.758,14.007,5369
10445,114305.906,12.159,5369
10446,114318.586,12.673,5369
10447,114331.820,13.234,5369
10448,114342.953,11.127,5369
10449,114356.000,13.048,5369
10450,114368.063,12.067,5369
10451,114380.594,12.535,5369
10452,114392.477,11.881,5369
10453,114405.227,12.750,5369
10454,114418.469,13.242,5369
10455,114430.438,11.970,5369
10456,114443.766,13.322,5369
10457,114456.000,12.235,5369
10458,114468.516,12.519,5369
10459,114480.172,11.658,5369
10460,114494.664,14.491,5369
10461,114505.641,10.970,5369
10462,114518.219,12.583,5369
10463,114531.109,12.892,5369
10464,114542.297,11.180,5369
10465,114555.875,13.588,5369
10466,114568.281,12.397,5369
10467,114581.250,12.979,5369
10468,114594.070,12.811,5369
10469,114606.570,12.509,5369
10470,114619.406,12.829,5369
10471,114632.320,12.913,5369
10472,114645.492,13.180,5369
10473,114658.547,13.055,5369
10474,114670.156,11.605,5369
10475,114683.352,13.192,5369
10476,114695.617,12.268,5369
10477,114708.289,12.667,5369
10478,114720.805,12.522,5369
10479,114732.695,11.892,5369
10480,114745.641,12.942,5369
10481,114758.586,12.948,5369
10482,114771.281,12.688,5369
10483,114784.563,13.289,5369
10484,114796.430,11.866,5369
10485,114810.641,14.205,5369
10486,114823.930,13.301,5369
10487,114835.586,11.650,5369
10488,114847.258,11.677,5369
10489,114859.734,12.469,5369
10490,114873.227,13.496,5369
10491,114887.086,13.856,5369
10492,114898.563,11.483,5369
10493,114910.719,12.151,5369
10494,114922.703,11.983,5369
10495,114935.547,12.849,5369
10496,114948.594,13.048,5369
10497,114960.508,11.912,5369
10498,114972.773,12.260,5369
10499,114985.891,13.126,5369
10500,114998.367,12.471,5369
10501,115010.867,12.500,5369
10502,115022.914,12.051,5369
10503,115036.328,13.409,5369
10504,115048.039,11.709,5369
10505,115060.992,12.952,5369
10506,115073.352,12.358,5369
10507,115086.891,13.547,5369
10508,115098.039,11.141,5369
10509,115110.867,12.836,5369
10510,115124.016,13.142,5369
10511,115135.844,11.832,5369
10512,115149.000,13.154,5369
10513,115161.000,12.003,5369
10514,115173.844,12.844,5369
10515,115185.945,12.099,5369
10516,115198.781,12.839,5369
10517,115212.109,13.328,5369
10518,115224.148,12.037,5369
10519,115236.180,12.033,5369
10520,115249.063,12.876,5369
10521,115262.422,13.361,5369
10522,115274.203,11.786,5369
10523,115286.703,12.498,5369
10524,115299.406,12.704,5369
10525,115311.633,12.224,5369
10526,115324.367,12.736,5369
10527,115337.102,12.737,5369
10528,115349.789,12.688,5369
10529,115362.148,12.362,5369
10530,115375.219,13.065,5369
10531,115387.969,12.749,5369
10532,115401.727,13.755,5369
10533,115413.945,12.215,5369
10534,115425.141,11.203,5369
10535,115438.055,12.917,5369
10536,115451.148,13.089,5369
10537,115463.188,12.046,5369
10538,115475.820,12.630,5369
10539,115489.375,13.551,5369
10540,115500.930,11.563,5369
10541,115514.164,13.225,5369
10542,115526.430,12.269,5369
10543,115539.000,12.565,5369
10544,115552.617,13.621,5369
10545,115566.664,14.048,5369
10546,115578.164,11.499,5369
10547,115590.727,12.566,5369
10548,115603.430,12.701,5369
10549,115615.781,12.353,5369
10550,115628.188,12.406,5369
10551,115640.055,11.860,5369
10552,115651.500,11.449,5369
10553,115664.328,12.831,5369
10554,115677.367,13.037,5369
10555,115690.406,13.035,5369
10556,115703.961,13.552,5369
10557,115718.094,14.142,5369
10558,115729.625,11.523,5369
10559,115742.141,12.523,5369
10560,115754.195,12.053,5369
10561,115766.906,12.715,5369
10562,115779.313,12.403,5369
10563,115792.211,12.903,5369
10564,115804.531,12.320,5369
10565,115817.242,12.709,5369
10566,115830.281,13.037,5369
10567,115843.070,12.791,5369
10568,115855.461,12.388,5369
10569,115868.250,12.795,5369
10570,115880.359,12.100,5369
10571,115893.391,13.036,5369
10572,115906.180,12.787,5369
10573,115918.711,12.527,5369
10574,115931.820,13.118,5369
10575,115943.805,11.979,5369
10576,115956.227,12.424,5369
10577,115969.266,13.040,5369
10578,115982.000,12.729,5369
10579,115994.766,12.770,5369
10580,116008.125,13.363,5369
10581,116020.102,11.977,5369
10582,116031.648,11.541,5369
10583,116045.359,13.711,5369
10584,116058.523,13.166,5369
10585,116070.734,12.213,5369
10586,116083.305,12.562,5369
10587,116095.914,12.618,5369
10588,116106.680,10.761,5369
10589,116121.328,14.650,5369
10590,116133.563,12.236,5369
10591,116145.898,12.336,5369
10592,116159.438,13.536,5369
10593,116171.492,12.059,5369
10594,116183.906,12.413,5369
10595,116196.680,12.774,5369
10596,116209.078,12.395,5369
10597,116222.625,13.547,5369
10598,116234.875,12.255,5369
10599,116247.227,12.352,5369
10600,116260.531,13.301,5369
10601,116274.016,13.479,5369
10602,116285.188,11.179,5369
10603,116299.281,14.089,5369
10604,116311.211,11.938,5369
10605,116324.250,13.039,5369
10606,116336.930,12.680,5369
10607,116350.102,13.168,5369
10608,116362.164,12.063,5369
10609,116374.703,12.535,5369
10610,116387.086,12.387,5369
10611,116400.453,13.365,5369
10612,116414.328,13.868,5369
10613,116426.453,12.132,5369
10614,116437.945,11.490,5369
10615,116449.969,12.019,5369
10616,116464.648,14.683,5369
10617,116477.078,12.433,5369
10618,116489.195,12.118,5369
10619,116502.406,13.209,5369
10620,116515.438,13.033,5369
10621,116527.719,12.281,5369
10622,116540.844,13.123,5369
10623,116552.820,11.975,5369
10624,116567.203,14.385,5369
10625,116580.578,13.378,5369
10626,116592.016,11.432,5369
10627,116604.055,12.043,5369
10628,116618.078,14.024,5369
10629,116630.766,12.688,5369
10630,116644.875,14.108,5369
10631,116657.414,12.534,5369
10632,116669.750,12.344,5369
10633,116682.516,12.761,5369
10634,116694.945,12.428,5369
10635,116707.734,12.787,5369
10636,116719.719,11.991,5369
10637,116732.844,13.127,5369
10638,116745.422,12.575,5369
10639,116759.063,13.635,5369
10640,116771.984,12.921,5369
10641,116785.406,13.429,5369
10642,116798.188,12.782,5369
10643,116812.008,13.814,5369
10644,116823.406,11.405,5369
10645,116836.000,12.591,5369
10646,116848.570,12.573,5369
10647,116861.445,12.876,5369
10648,116875.195,13.750,5369
10649,116887.563,12.368,5369
10650,116899.672,12.107,5369
10651,116912.148,12.474,5369
10652,116925.219,13.072,5369
10653,116937.508,12.287,5369
10654,116950.188,12.685,5369
10655,116962.672,12.476,5369
10656,116975.500,12.833,5369
10657,116988.539,13.042,5369
10658,117001.570,13.027,5369
10659,117014.031,12.457,5369
10660,117026.945,12.916,5369
10661,117039.383,12.436,5369
10662,117052.383,13.000,5369
10663,117064.922,12.549,5369
10664,117078.398,13.473,5369
10665,117090.250,11.854,5369
10666,117101.797,11.539,5369
10667,117116.219,14.427,5369
10668,117128.859,12.639,5369
10669,117141.758,12.895,5369
10670,117154.375,12.623,5369
10671,117166.977,12.598,5369
10672,117180.352,13.371,5369
10673,117191.766,11.417,5369
10674,117204.953,13.182,5369
10675,117217.883,12.938,5369
10676,117232.258,14.380,5369
10677,117242.789,10.522,5369
10678,117256.570,13.790,5369
10679,117268.664,12.083,5369
10680,117281.617,12.955,5369
10681,117294.047,12.429,5369
10682,117307.742,13.700,5369
10683,117320.422,12.679,5369
10684,117332.367,11.943,5369
10685,117346.016,13.651,5369
10686,117358.516,12.500,5369
10687,117371.258,12.749,5369
10688,117383.977,12.706,5369
10689,117397.070,13.101,5369
10690,117409.297,12.223,5369
10691,117422.297,12.999,5369
10692,117435.875,13.585,5369
10693,117448.758,12.882,5369
10694,117461.641,12.874,5369
10695,117475.820,14.185,5369
10696,117487.391,11.570,5369
10697,117499.820,12.434,5369
10698,117512.422,12.601,5369
10699,117525.633,13.206,5369
10700,117538.422,12.793,5369
10701,117551.477,13.057,5369
10702,117564.648,13.165,5369
10703,117578.594,13.956,5369
10704,117591.383,12.782,5369
10705,117604.500,13.117,5369
10706,117618.820,14.317,5369
10707,117631.461,12.640,5369
10708,117644.313,12.856,5369
10709,117656.023,11.704,5369
10710,117669.508,13.490,5369
10711,117681.578,12.072,5369
10712,117695.594,14.016,5369
10713,117708.867,13.278,5369
10714,117721.961,13.088,5369
10715,117735.102,13.140,5369
10716,117748.180,13.081,5369
10717,117760.719,12.537,5369
10718,117772.609,11.885,5369
10719,117784.758,12.153,5369
10720,117798.242,13.491,5369
10721,117810.523,12.275,5369
10722,117824.172,13.647,5369
10723,117836.891,12.723,5369
10724,117849.945,13.049,5369
10725,117862.703,12.758,5369
10726,117877.227,14.531,5369
10727,117890.734,13.505,5369
10728,117903.703,12.969,5369
10729,117916.586,12.881,5369
10730,117929.695,13.105,5369
10731,117942.875,13.187,5369
10732,117956.977,14.094,5369
10733,117968.969,11.997,5369
10734,117982.898,13.936,5369
10735,117995.922,13.021,5369
10736,118010.109,14.184,5369
10737,118023.492,13.383,5369
10738,118036.445,12.949,5369
10739,118048.570,12.134,5369
10740,118061.953,13.376,5369
10741,118074.891,12.938,5369
10742,118087.633,12.741,5369
10743,118100.727,13.092,5369
10744,118113.867,13.148,5369
10745,118127.445,13.571,5369
10746,118141.461,14.018,5369
10747,118153.359,11.896,5369
10748,118168.500,15.149,5369
10749,118181.320,12.808,5369
10750,118194.938,13.619,5369
10751,118207.500,12.568,5369
10752,118220.523,13.023,5369
10753,118234.680,14.153,5369
10754,118247.453,12.778,5369
10755,118258.727,11.267,5369
10756,118272.383,13.660,5369
10757,118284.219,11.837,5369
10758,118298.781,14.566,5369
10759,118311.438,12.655,5369
10760,118324.367,12.926,5369
10761,118337.938,13.565,5369
10762,118351.125,13.194,5369
10763,118363.695,12.570,5369
10764,118376.328,12.629,5369
10765,118389.109,12.783,5369
10766,118401.688,12.582,5369
10767,118415.734,14.046,5369
10768,118428.680,12.941,5369
10769,118440.398,11.723,5369
10770,118453.609,13.208,5369
10771,118466.555,12.951,5369
10772,118479.461,12.907,5369
10773,118493.867,14.404,5369
10774,118506.961,13.091,5369
10775,118519.813,12.856,5369
10776,118532.344,12.530,5369
10777,118545.766,13.420,5369
10778,118558.875,13.109,5369
10779,118571.703,12.826,5369
10780,118585.188,13.488,5369
10781,118599.570,14.388,5369
10782,118610.859,11.283,5369
10783,118623.648,12.788,5369
10784,118636.836,13.193,5369
10785,118649.961,13.115,5369
10786,118663.383,13.430,5369
10787,118676.133,12.746,5369
10788,118688.984,12.854,5369
10789,118702.719,13.731,5369
10790,118714.719,12.003,5369
10791,118727.094,12.370,5369
10792,118741.352,14.256,5369
10793,118753.805,12.460,5369
10794,118766.484,12.679,5369
10795,118779.695,13.207,5369
10796,118792.734,13.040,5369
10797,118807.359,14.626,5369
10798,118819.703,12.342,5369
10799,118832.039,12.342,5369
10800,118845.461,13.417,5369
10801,118859.641,14.180,5369
10802,118871.063,11.422,5369
10803,118884.313,13.248,5369
10804,118896.844,12.536,5369
10805,118910.750,13.908,5369
10806,118923.969,13.216,5369
10807,118936.352,12.381,5369
10808,118950.523,14.179,5369
10809,118961.539,11.011,5369
10810,118976.438,14.901,5369
10811,118989.609,13.163,5369
10812,119002.250,12.651,5369
10813,119015.359,13.100,5369
10814,119028.758,13.403,5369
10815,119041.023,12.267,5369
10816,119054.273,13.248,5369
10817,119068.227,13.961,5369
10818,119080.656,12.421,5369
10819,119093.883,13.230,5369
10820,119106.578,12.695,5369
10821,119120.828,14.251,5369
10822,119135.211,14.384,5369
10823,119149.094,13.876,5369
10824,119161.688,12.592,5369
10825,119173.500,11.820,5369
10826,119185.984,12.479,5369
10827,119197.578,11.598,5369
10828,119212.664,15.085,5369
10829,119223.938,11.271,5369
10830,119236.047,12.112,5369
10831,119248.719,12.673,5369
10832,119262.477,13.754,5369
10833,119275.172,12.703,5369
10834,119287.461,12.281,5369
10835,119300.883,13.431,5369
10836,119313.672,12.784,5369
10837,119325.500,11.827,5369
10838,119339.375,13.874,5369
10839,119352.383,13.005,5369
10840,119364.945,12.563,5369
10841,119378.117,13.179,5369
10842,119392.484,14.366,5369
10843,119405.227,12.741,5369
10844,119418.516,13.292,5369
10845,119431.430,12.911,5369
10846,119444.328,12.894,5369
10847,119456.914,12.596,5369
10848,119470.789,13.864,5369
10849,119483.906,13.127,5369
10850,119497.172,13.263,5369
10851,119510.469,13.294,5369
10852,119523.219,12.754,5369
10853,119537.164,13.941,5369
10854,119551.563,14.399,5369
10855,119564.563,13.005,5369
10856,119578.102,13.534,5369
10857,119590.961,12.858,5369
10858,119604.313,13.350,5369
10859,119619.398,15.089,5369
10860,119632.602,13.202,5369
10861,119645.703,13.099,5369
10862,119657.492,11.790,5369
10863,119670.625,13.130,5369
10864,119683.398,12.773,5369
10865,119697.586,14.200,5369
10866,119710.773,13.177,5369
10867,119723.719,12.945,5369
10868,119736.180,12.467,5369
10869,119750.570,14.394,5369
10870,119764.289,13.709,5369
10871,119778.734,14.448,5369
10872,119790.133,11.404,5369
10873,119803.117,12.982,5369
10874,119816.148,13.027,5369
10875,119829.406,13.257,5369
10876,119842.625,13.215,5369
10877,119856.070,13.455,5369
10878,119869.234,13.161,5369
10879,119882.180,12.951,5369
10880,119894.438,12.253,5369
10881,119908.070,13.631,5369
10882,119921.242,13.174,5369
10883,119934.508,13.268,5369
10884,119947.844,13.338,5369
10885,119960.422,12.573,5369
10886,119974.500,14.076,5369
10887,119988.023,13.526,5369
10888,119999.992,11.962,5369
10889,120014.477,14.489,5369
10890,120028.828,14.356,5369
10891,120040.578,11.752,5369
10892,120053.953,13.369,5369
10893,120065.727,11.771,5369
10894,120078.883,13.162,5369
10895,120092.258,13.373,5369
10896,120106.023,13.763,5369
10897,120118.313,12.288,5369
10898,120131.383,13.071,5369
10899,120145.250,13.875,5369
10900,120159.641,14.378,5369
10901,120172.047,12.414,5369
10902,120185.656,13.602,5369
10903,120199.336,13.683,5369
10904,120212.453,13.117,5369
10905,120225.852,13.407,5369
10906,120237.336,11.480,5369
10907,120250.406,13.070,5369
10908,120265.070,14.663,5369
10909,120279.711,14.638,5369
10910,120293.891,14.190,5369
10911,120307.977,14.078,5369
10912,120321.023,13.046,5369
10913,120335.086,14.066,5369
10914,120347.109,12.025,5369
10915,120359.313,12.195,5369
10916,120373.047,13.734,5369
10917,120384.445,11.402,5369
10918,120396.039,11.593,5369
10919,120411.922,15.889,5369
10920,120425.469,13.546,5369
10921,120436.023,10.546,5369
10922,120449.039,13.022,5369
10923,120462.000,12.957,5369
10924,120474.734,12.739,5369
10925,120487.703,12.969,5369
10926,120500.977,13.269,5369
10927,120513.961,12.985,5369
10928,120527.102,13.140,5369
10929,120540.227,13.128,5369
10930,120552.742,12.511,5369
10931,120566.125,13.385,5369
10932,120579.367,13.245,5369
10933,120592.711,13.339,5369
10934,120605.734,13.024,5369
10935,120619.016,13.284,5369
10936,120632.211,13.195,5369
10937,120643.484,11.277,5369
10938,120658.039,14.549,5369
10939,120670.180,12.145,5369
10940,120683.648,13.466,5369
10941,120696.328,12.680,5369
10942,120709.898,13.575,5369
10943,120723.398,13.492,5369
10944,120736.000,12.605,5369
10945,120749.250,13.255,5369
10946,120762.859,13.610,5369
10947,120777.438,14.575,5369
10948,120789.547,12.110,5369
10949,120804.086,14.535,5369
10950,120816.508,12.426,5369
10951,120828.836,12.328,5369
10952,120842.094,13.256,5369
10953,120854.953,12.854,5369
10954,120869.047,14.094,5369
10955,120881.445,12.400,5369
10956,120894.977,13.534,5369
10957,120909.070,14.094,5369
10958,120921.422,12.355,5369
10959,120934.328,12.897,5369
10960,120949.555,15.232,5369
10961,120962.102,12.551,5369
10962,120975.430,13.323,5369
10963,120989.242,13.819,5369
10964,121002.297,13.051,5369
10965,121014.914,12.618,5369
10966,121028.172,13.259,5369
10967,121041.461,13.291,5369
10968,121054.891,13.430,5369
10969,121067.438,12.542,5369
10970,121080.719,13.280,5369
10971,121093.828,13.110,5369
10972,121106.711,12.878,5369
10973,121119.797,13.096,5369
10974,121132.875,13.078,5369
10975,121145.281,12.401,5369
10976,121159.094,13.817,5369
10977,121171.852,12.758,5369
10978,121184.969,13.114,5369
10979,121198.508,13.540,5369
10980,121212.508,14.001,5369
10981,121224.727,12.211,5369
10982,121237.188,12.467,5369
10983,121250.180,12.989,5369
10984,121264.656,14.478,5369
10985,121278.297,13.637,5369
10986,121290.734,12.444,5369
10987,121303.961,13.218,5369
10988,121317.016,13.063,5369
10989,121329.672,12.653,5369
10990,121343.945,14.274,5369
10991,121357.031,13.082,5369
10992,121371.180,14.154,5369
10993,121385.094,13.915,5369
10994,121398.523,13.431,5369
10995,121410.281,11.750,5369
10996,121424.406,14.129,5369
10997,121438.234,13.835,5369
10998,121450.953,12.705,5369
10999,121462.867,11.920,5369
11000,121478.180,15.316,5369
11001,121490.195,12.013,5369
11002,121504.367,14.174,5369
11003,121516.945,12.576,5369
11004,121530.461,13.514,5369
11005,121543.461,13.004,5369
11006,121557.328,13.866,5369
11007,121571.555,14.231,5369
11008,121584.492,12.934,5369
11009,121598.664,14.166,5369
11010,121612.008,13.346,5369
11011,121624.820,12.817,5369
11012,121636.867,12.051,5369
11013,121652.008,15.135,5369
11014,121664.523,12.517,5369
11015,121678.273,13.741,5369
11016,121691.281,13.011,5369
11017,121705.063,13.781,5369
11018,121718.883,13.825,5369
11019,121730.805,11.924,5369
11020,121744.055,13.245,5369
11021,121757.719,13.662,5369
11022,121770.680,12.965,5369
11023,121784.195,13.517,5369
11024,121798.336,14.136,5369
11025,121810.820,12.491,5369
11026,121825.461,14.635,5369
11027,121838.469,13.008,5369
11028,121851.234,12.768,5369
11029,121863.906,12.679,5369
11030,121877.453,13.543,5369
11031,121891.930,14.467,5369
11032,121905.664,13.740,5369
11033,121919.531,13.872,5369
11034,121936.445,16.912,5369
11035,121954.055,17.604,5369
11036,121969.430,15.378,5369
11037,121983.898,14.472,5369
11038,122000.719,16.814,5369
11039,122020.805,20.091,5369
11040,122036.023,15.219,5369
11041,122053.813,17.784,5369
11042,122069.234,15.427,5369
11043,122082.039,12.803,5369
11044,122094.422,12.386,5369
11045,122106.773,12.347,5369
11046,122118.313,11.537,5369
11047,122130.461,12.149,5369
11048,122142.359,11.901,5369
11049,122155.859,13.501,5369
11050,122168.719,12.857,5369
11051,122180.742,12.025,5369
11052,122192.078,11.336,5369
11053,122203.531,11.452,5369
11054,122215.883,12.356,5369
11055,122229.875,13.990,5369
11056,122242.453,12.576,5369
11057,122255.383,12.929,5369
11058,122268.313,12.932,5369
11059,122281.586,13.277,5369
11060,122293.078,11.488,5369
11061,122307.109,14.032,5369
11062,122319.008,11.895,5369
11063,122331.953,12.943,5369
11064,122344.867,12.917,5369
11065,122359.398,14.528,5369
11066,122372.984,13.590,5369
11067,122386.727,13.741,5369
11068,122398.211,11.487,5369
11069,122412.039,13.824,5369
11070,122425.375,13.335,5369
11071,122439.266,13.890,5369
11072,122452.195,12.933,5369
11073,122464.813,12.622,5369
11074,122477.203,12.392,5369
11075,122490.172,12.965,5369
11076,122502.367,12.190,5369
11077,122515.930,13.561,5369
11078,122530.227,14.302,5369
11079,122543.352,13.120,5369
11080,122556.383,13.035,5369
11081,122568.945,12.558,5369
11082,122582.438,13.496,5369
11083,122594.938,12.498,5369
11084,122606.492,11.561,5369
11085,122618.008,11.508,5369
11086,122633.242,15.241,5369
11087,122648.992,15.748,5369
11088,122661.398,12.404,5369
11089,122671.305, 9.909,5369
11090,122683.773,12.471,5369
11091,122697.320,13.547,5369
11092,122710.570,13.253,5369
11093,122723.664,13.090,5369
11094,122736.758,13.092,5369
11095,122749.523,12.770,5369
11096,122762.305,12.777,5369
11097,122775.094,12.790,5369
11098,122787.813,12.718,5369
11099,122800.453,12.643,5369
11100,122815.484,15.034,5369
11101,122827.586,12.102,5369
11102,122841.320,13.726,5369
11103,122854.063,12.743,5369
11104,122867.344,13.285,5369
11105,122879.680,12.336,5369
11106,122891.789,12.110,5369
11107,122904.758,12.964,5369
11108,122917.391,12.637,5369
11109,122930.813,13.421,5369
11110,122942.555,11.747,5369
11111,122956.086,13.529,5369
11112,122969.055,12.962,5369
11113,122980.453,11.407,5369
11114,122995.031,14.574,5369
11115,123008.719,13.689,5369
11116,123021.703,12.984,5369
11117,123034.016,12.309,5369
11118,123046.531,12.519,5369
11119,123060.289,13.753,5369
11120,123073.422,13.135,5369
11121,123086.828,13.409,5369
11122,123099.594,12.760,5369
11123,123110.313,10.722,5369
11124,123124.289,13.973,5369
11125,123137.406,13.123,5369
11126,123150.828,13.421,5369
11127,123163.141,12.310,5369
11128,123176.031,12.892,5369
11129,123189.570,13.542,5369
11130,123207.461,17.892,5369
11131,123226.695,19.229,5369
11132,123240.867,14.176,5369
11133,123252.672,11.803,5369
11134,123264.469,11.800,5369
11135,123276.414,11.943,5369
11136,123288.422,12.006,5369
11137,123299.852,11.433,5369
11138,123310.344,10.488,5369
11139,123322.875,12.538,5369
11140,123334.898,12.025,5369
11141,123347.383,12.472,5369
11142,123360.602,13.217,5369
11143,123372.930,12.334,5369
11144,123385.453,12.526,5369
11145,123398.836,13.387,5369
11146,123411.203,12.367,5369
11147,123423.891,12.685,5369
11148,123436.117,12.227,5369
11149,123449.781,13.660,5369
11150,123462.492,12.711,5369
11151,123474.383,11.888,5369
11152,123487.484,13.106,5369
11153,123501.422,13.939,5369
11154,123512.289,10.862,5369
11155,123525.727,13.437,5369
11156,123538.266,12.541,5369
11157,123551.719,13.450,5369
11158,123564.836,13.126,5369
11159,123577.547,12.709,5369
11160,123590.063,12.509,5369
11161,123605.336,15.271,5369
11162,123618.023,12.691,5369
11163,123632.203,14.183,5369
11164,123643.281,11.072,5369
11165,123654.609,11.328,5369
11166,123668.672,14.063,5369
11167,123680.648,11.979,5369
11168,123693.961,13.316,5369
11169,123707.320,13.353,5369
11170,123720.492,13.179,5369
11171,123732.336,11.839,5369
11172,123744.688,12.356,5369
11173,123757.141,12.451,5369
11174,123770.055,12.912,5369
11175,123781.898,11.852,5369
11176,123794.688,12.779,5369
11177,123807.508,12.827,5369
11178,123819.781,12.276,5369
11179,123832.195,12.416,5369
11180,123844.492,12.291,5369
11181,123857.141,12.647,5369
11182,123869.734,12.597,5369
11183,123882.648,12.911,5369
11184,123894.547,11.899,5369
11185,123907.109,12.560,5369
11186,123919.813,12.704,5369
11187,123932.234,12.427,5369
11188,123944.477,12.238,5369
11189,123957.742,13.266,5369
11190,123971.477,13.740,5369
11191,123983.742,12.262,5369
11192,123996.875,13.137,5369
11193,124008.289,11.407,5369
11194,124020.664,12.370,5369
11195,124034.094,13.435,5369
11196,124045.406,11.311,5369
11197,124058.063,12.655,5369
11198,124071.609,13.550,5369
11199,124082.836,11.231,5369
11200,124095.820,12.980,5369
11201,124108.641,12.821,5369
11202,124121.219,12.577,5369
11203,124134.180,12.967,5369
11204,124146.648,12.465,5369
11205,124159.539,12.892,5369
11206,124171.703,12.160,5369
11207,124183.547,11.851,5369
11208,124196.883,13.337,5369
11209,124209.539,12.653,5369
11210,124221.547,12.007,5369
11211,124234.617,13.062,5369
11212,124247.781,13.170,5369
11213,124259.133,11.351,5369
11214,124271.680,12.543,5369
11215,124284.367,12.693,5369
11216,124296.742,12.377,5369
11217,124309.805,13.061,5369
11218,124322.195,12.391,5369
11219,124334.484,12.291,5369
11220,124346.133,11.647,5369
11221,124359.695,13.561,5369
11222,124372.797,13.100,5369
11223,124385.016,12.214,5369
11224,124397.492,12.481,5369
11225,124411.031,13.539,5369
11226,124424.891,13.860,5369
11227,124437.859,12.967,5369
11228,124449.180,11.325,5369
11229,124461.750,12.567,5369
11230,124473.195,11.445,5369
11231,124486.172,12.982,5369
11232,124498.305,12.122,5369
11233,124511.883,13.586,5369
11234,124523.875,11.997,5369
11235,124536.859,12.978,5369
11236,124548.961,12.097,5369
11237,124562.648,13.689,5369
11238,124574.742,12.094,5369
11239,124588.086,13.350,5369
11240,124599.664,11.569,5369
11241,124612.211,12.552,5369
11242,124624.898,12.689,5369
11243,124638.047,13.147,5369
11244,124650.000,11.951,5369
11245,124663.836,13.837,5369
11246,124676.820,12.984,5369
11247,124689.313,12.494,5369
11248,124701.367,12.057,5369
11249,124713.969,12.595,5369
11250,124725.203,11.241,5369
11251,124737.539,12.337,5369
11252,124749.766,12.220,5369
11253,124763.500,13.736,5369
11254,124777.508,14.014,5369
11255,124789.281,11.765,5369
11256,124800.789,11.509,5369
11257,124813.039,12.248,5369
11258,124827.086,14.049,5369
11259,124841.422,14.339,5369
11260,124853.539,12.122,5369
11261,124865.703,12.154,5369
11262,124877.133,11.437,5369
11263,124890.086,12.951,5369
11264,124902.211,12.127,5369
11265,124915.781,13.571,5369
11266,124928.648,12.858,5369
11267,124942.023,13.383,5369
11268,124954.508,12.487,5369
11269,124965.945,11.430,5369
11270,124977.414,11.468,5369
11271,124990.680,13.263,5369
11272,125002.867,12.199,5369
11273,125015.820,12.951,5369
11274,125028.500,12.682,5369
11275,125040.930,12.422,5369
11276,125053.477,12.548,5369
11277,125066.172,12.698,5369
11278,125078.734,12.559,5369
11279,125092.422,13.685,5369
11280,125105.023,12.603,5369
11281,125117.203,12.186,5369
11282,125129.477,12.267,5369
11283,125142.430,12.958,5369
11284,125155.000,12.566,5369
11285,125168.430,13.432,5369
11286,125180.891,12.467,5369
11287,125194.594,13.691,5369
11288,125207.734,13.147,5369
11289,125219.633,11.894,5369
11290,125233.141,13.516,5369
11291,125246.461,13.319,5369
11292,125258.469,12.010,5369
11293,125271.047,12.573,5369
11294,125282.727,11.682,5369
11295,125294.281,11.548,5369
11296,125307.633,13.351,5369
11297,125320.398,12.772,5369
11298,125332.938,12.535,5369
11299,125345.695,12.758,5369
11300,125358.867,13.177,5369
11301,125370.961,12.088,5369
11302,125383.406,12.447,5369
11303,125396.703,13.294,5369
11304,125409.836,13.137,5369
11305,125423.320,13.478,5369
11306,125435.930,12.614,5369
11307,125448.359,12.430,5369
11308,125460.695,12.332,5369
11309,125472.992,12.298,5369
11310,125485.984,12.992,5369
11311,125498.148,12.173,5369
11312,125511.688,13.536,5369
11313,125523.258,11.563,5369
11314,125538.453,15.199,5369
11315,125550.469,12.020,5369
11316,125561.625,11.149,5369
11317,125573.289,11.668,5369
11318,125585.398,12.112,5369
11319,125599.383,13.979,5369
11320,125611.125,11.751,5369
11321,125623.688,12.557,5369
11322,125637.508,13.820,5369
11323,125650.781,13.273,5369
11324,125662.727,11.942,5369
11325,125674.617,11.891,5369
11326,125687.375,12.763,5369
11327,125699.484,12.110,5369
11328,125712.891,13.408,5369
11329,125723.406,10.515,5369
11330,125737.641,14.229,5369
11331,125749.961,12.317,5369
11332,125762.219,12.268,5369
11333,125774.516,12.298,5369
11334,125786.852,12.334,5369
11335,125799.555,12.703,5369
11336,125812.359,12.796,5369
11337,125824.570,12.219,5369
11338,125837.445,12.872,5369
11339,125850.266,12.820,5369
11340,125862.742,12.477,5369
11341,125875.664,12.917,5369
11342,125887.219,11.567,5369
11343,125900.531,13.310,5369
11344,125912.977,12.436,5369
11345,125925.398,12.428,5369
11346,125937.719,12.320,5369
11347,125951.758,14.039,5369
11348,125963.500,11.746,5369
11349,125976.234,12.734,5369
11350,125989.859,13.622,5369
11351,126001.719,11.860,5369
11352,126013.102,11.380,5369
11353,126027.047,13.947,5369
11354,126043.156,16.112,5369
11355,126055.438,12.275,5369
11356,126071.031,15.591,5369
11357,126084.547,13.522,5369
11358,126097.664,13.117,5369
11359,126110.797,13.130,5369
11360,126123.727,12.930,5369
11361,126137.406,13.678,5369
11362,126149.859,12.458,5369
11363,126163.117,13.257,5369
11364,126177.234,14.119,5369
11365,126189.719,12.483,5369
11366,126201.258,11.535,5369
11367,126212.102,10.848,5369
11368,126222.961,10.856,5369
11369,126234.172,11.214,5369
11370,126245.438,11.262,5369
11371,126256.383,10.950,5369
11372,126266.805,10.422,5369
11373,126279.977,13.167,5369
11374,126292.836,12.868,5369
11375,126305.016,12.175,5369
11376,126318.219,13.205,5369
11377,126330.016,11.792,5369
11378,126343.063,13.044,5369
11379,126355.453,12.396,5369
11380,126367.500,12.049,5369
11381,126380.430,12.930,5369
11382,126394.102,13.665,5369
11383,126405.930,11.826,5369
11384,126417.906,11.982,5369
11385,126430.617,12.710,5369
11386,126444.195,13.578,5369
11387,126457.523,13.332,5369
11388,126467.594,10.068,5369
11389,126480.070,12.473,5369
11390,126493.398,13.327,5369
11391,126505.844,12.454,5369
11392,126518.719,12.867,5369
11393,126530.938,12.217,5369
11394,126544.492,13.559,5369
11395,126556.109,11.618,5369
11396,126569.547,13.444,5369
11397,126582.219,12.666,5369
11398,126596.297,14.078,5369
11399,126607.695,11.399,5369
11400,126620.500,12.804,5369
11401,126631.227,10.733,5369
11402,126644.391,13.160,5369
11403,126658.633,14.238,5369
11404,126670.688,12.056,5369
11405,126683.094,12.406,5369
11406,126697.438,14.344,5369
11407,126710.617,13.174,5369
11408,126722.602,11.988,5369
11409,126734.336,11.734,5369
11410,126746.195,11.866,5369
11411,126757.734,11.534,5369
11412,126770.117,12.389,5369
11413,126782.852,12.732,5369
11414,126796.484,13.634,5369
11415,126809.805,13.315,5369
11416,126821.844,12.039,5369
11417,126834.109,12.270,5369
11418,126846.977,12.859,5369
11419,126858.836,11.867,5369
11420,126871.133,12.299,5369
11421,126883.383,12.243,5369
11422,126896.680,13.297,5369
11423,126909.219,12.544,5369
11424,126922.508,13.289,5369
11425,126934.125,11.613,5369
11426,126947.047,12.923,5369
11427,126958.820,11.779,5369
11428,126971.836,13.010,5369
11429,126983.852,12.017,5369
11430,126996.883,13.036,5369
11431,127009.305,12.412,5369
11432,127023.125,13.824,5369
11433,127034.766,11.642,5369
11434,127047.008,12.242,5369
11435,127059.305,12.292,5369
11436,127073.516,14.221,5369
11437,127084.781,11.260,5369
11438,127098.422,13.645,5369
11439,127110.484,12.063,5369
11440,127123.336,12.844,5369
11441,127135.930,12.591,5369
11442,127148.867,12.945,5369
11443,127162.141,13.271,5369
11444,127174.906,12.767,5369
11445,127187.125,12.221,5369
11446,127199.977,12.846,5369
11447,127212.633,12.658,5369
11448,127226.164,13.533,5369
11449,127238.469,12.304,5369
11450,127254.086,15.613,5369
11451,127266.961,12.875,5369
11452,127277.984,11.022,5369
11453,127289.922,11.938,5369
11454,127301.375,11.457,5369
11455,127314.953,13.573,5369
11456,127327.461,12.517,5369
11457,127340.766,13.301,5369
11458,127352.961,12.191,5369
11459,127365.461,12.507,5369
11460,127376.594,11.130,5369
11461,127389.594,12.998,5369
11462,127402.516,12.928,5369
11463,127416.133,13.617,5369
11464,127429.383,13.247,5369
11465,127443.180,13.799,5369
11466,127455.695,12.513,5369
11467,127467.445,11.752,5369
11468,127479.602,12.151,5369
11469,127492.289,12.685,5369
11470,127505.086,12.806,5369
11471,127517.438,12.346,5369
11472,127530.672,13.234,5369
11473,127543.359,12.688,5369
11474,127558.352,14.991,5369
11475,127573.336,14.989,5369
11476,127585.992,12.657,5369
11477,127597.469,11.478,5369
11478,127607.531,10.062,5369
11479,127618.547,11.019,5369
11480,127631.398,12.845,5369
11481,127644.336,12.933,5369
11482,127658.727,14.399,5369
11483,127672.375,13.647,5369
11484,127684.242,11.869,5369
11485,127694.859,10.614,5369
11486,127708.695,13.835,5369
11487,127720.945,12.245,5369
11488,127732.695,11.757,5369
11489,127746.492,13.800,5369
11490,127758.039,11.545,5369
11491,127773.531,15.494,5369
11492,127784.961,11.424,5369
11493,127798.953,13.990,5369
11494,127809.859,10.911,5369
11495,127823.398,13.535,5369
11496,127836.844,13.451,5369
11497,127849.047,12.197,5369
11498,127863.117,14.077,5369
11499,127875.617,12.493,5369
11500,127888.477,12.861,5369
11501,127901.133,12.661,5369
11502,127914.742,13.603,5369
11503,127926.617,11.875,5369
11504,127939.414,12.799,5369
11505,127953.461,14.048,5369
11506,127966.148,12.692,5369
11507,127978.992,12.837,5369
11508,127992.469,13.480,5369
11509,128004.461,11.990,5369
11510,128017.055,12.595,5369
11511,128030.078,13.023,5369
11512,128042.648,12.572,5369
11513,128055.836,13.187,5369
11514,128070.000,14.161,5369
11515,128082.375,12.376,5369
11516,128095.492,13.122,5369
11517,128107.453,11.958,5369
11518,128120.648,13.190,5369
11519,128133.086,12.439,5369
11520,128145.695,12.609,5369
11521,128158.617,12.923,5369
11522,128171.180,12.564,5369
11523,128186.898,15.727,5369
11524,128202.328,15.422,5369
11525,128220.719,18.389,5369
11526,128236.500,15.784,5369
11527,128249.008,12.506,5369
11528,128261.898,12.892,5369
11529,128276.883,14.991,5369
11530,128289.883,12.995,5369
11531,128301.219,11.337,5369
11532,128315.039,13.814,5369
11533,128326.977,11.936,5369
11534,128338.352,11.376,5369
11535,128351.586,13.233,5369
11536,128364.586,12.997,5369
11537,128378.891,14.317,5369
11538,128392.695,13.803,5369
11539,128405.211,12.518,5369
11540,128418.633,13.413,5369
11541,128430.820,12.195,5369
11542,128442.055,11.232,5369
11543,128453.945,11.885,5369
11544,128465.461,11.524,5369
11545,128477.094,11.633,5369
11546,128489.016,11.913,5369
11547,128502.328,13.313,5369
11548,128515.352,13.028,5369
11549,128527.922,12.564,5369
11550,128540.633,12.713,5369
11551,128553.719,13.093,5369
11552,128567.625,13.900,5369
11553,128579.844,12.221,5369
11554,128593.664,13.818,5369
11555,128606.203,12.548,5369
11556,128619.070,12.858,5369
11557,128632.508,13.442,5369
11558,128645.055,12.543,5369
11559,128658.250,13.197,5369
11560,128669.758,11.511,5369
11561,128682.906,13.150,5369
11562,128697.016,14.106,5369
11563,128710.766,13.751,5369
11564,128724.953,14.182,5369
11565,128737.953,13.004,5369
11566,128750.664,12.713,5369
11567,128762.867,12.201,5369
11568,128775.398,12.530,5369
11569,128787.398,12.000,5369
11570,128801.063,13.666,5369
11571,128813.414,12.347,5369
11572,128826.063,12.653,5369
11573,128840.047,13.984,5369
11574,128854.555,14.512,5369
11575,128867.922,13.359,5369
11576,128878.781,10.867,5369
11577,128891.758,12.971,5369
11578,128905.016,13.259,5369
11579,128917.688,12.667,5369
11580,128930.453,12.770,5369
11581,128943.336,12.879,5369
11582,128956.086,12.754,5369
11583,128969.602,13.513,5369
11584,128981.883,12.288,5369
11585,128994.797,12.914,5369
11586,129007.781,12.982,5369
11587,129021.625,13.836,5369
11588,129034.219,12.607,5369
11589,129046.734,12.511,5369
11590,129059.719,12.984,5369
11591,129072.773,13.058,5369
11592,129085.766,12.985,5369
11593,129098.781,13.018,5369
11594,129111.906,13.129,5369
11595,129123.875,11.967,5369
11596,129137.211,13.337,5369
11597,129150.328,13.111,5369
11598,129163.320,12.991,5369
11599,129175.758,12.442,5369
11600,129189.383,13.627,5369
11601,129202.086,12.699,5369
11602,129215.281,13.193,5369
11603,129227.898,12.623,5369
11604,129240.609,12.709,5369
11605,129255.078,14.472,5369
11606,129267.211,12.133,5369
11607,129278.969,11.753,5369
11608,129293.461,14.498,5369
11609,129309.148,15.684,5369
11610,129320.195,11.050,5369
11611,129331.836,11.637,5369
11612,129345.422,13.584,5369
11613,129358.375,12.958,5369
11614,129370.523,12.149,5369
11615,129384.031,13.505,5369
11616,129397.844,13.813,5369
11617,129410.250,12.403,5369
11618,129423.703,13.453,5369
11619,129436.445,12.748,5369
11620,129449.930,13.479,5369
11621,129463.172,13.242,5369
11622,129477.102,13.935,5369
11623,129488.758,11.656,5369
11624,129502.492,13.732,5369
11625,129515.414,12.922,5369
11626,129529.609,14.187,5369
11627,129542.484,12.880,5369
11628,129555.148,12.666,5369
11629,129566.516,11.373,5369
11630,129582.539,16.019,5369
11631,129596.695,14.152,5369
11632,129608.672,11.981,5369
11633,129621.594,12.921,5369
11634,129632.844,11.252,5369
11635,129646.688,13.840,5369
11636,129659.969,13.282,5369
11637,129671.953,11.984,5369
11638,129685.383,13.429,5369
11639,129698.664,13.280,5369
11640,129710.914,12.249,5369
11641,129724.203,13.298,5369
11642,129736.664,12.451,5369
11643,129750.125,13.468,5369
11644,129763.367,13.236,5369
11645,129776.281,12.918,5369
11646,129789.406,13.127,5369
11647,129802.656,13.246,5369
11648,129816.609,13.954,5369
11649,129829.336,12.728,5369
11650,129842.313,12.971,5369
11651,129854.125,11.817,5369
11652,129869.516,15.391,5369
11653,129882.758,13.247,5369
11654,129895.539,12.782,5369
11655,129909.398,13.855,5369
11656,129922.609,13.209,5369
11657,129935.367,12.754,5369
11658,129948.813,13.449,5369
11659,129961.547,12.740,5369
11660,129974.719,13.164,5369
11661,129988.469,13.751,5369
11662,130001.305,12.838,5369
11663,130014.836,13.534,5369
11664,130029.727,14.889,5369
11665,130044.625,14.895,5369
11666,130057.891,13.276,5369
11667,130071.203,13.310,5369
11668,130083.648,12.441,5369
11669,130097.477,13.829,5369
11670,130109.680,12.200,5369
11671,130122.227,12.555,5369
11672,130135.367,13.137,5369
11673,130148.945,13.570,5369
11674,130161.070,12.133,5369
11675,130174.703,13.632,5369
11676,130188.008,13.302,5369
11677,130201.453,13.450,5369
11678,130215.422,13.966,5369
11679,130228.039,12.617,5369
11680,130240.844,12.804,5369
11681,130252.883,12.046,5369
11682,130265.734,12.847,5369
11683,130279.523,13.788,5369
11684,130292.320,12.795,5369
11685,130306.023,13.698,5369
11686,130319.141,13.128,5369
11687,130332.875,13.730,5369
11688,130345.039,12.159,5369
11689,130357.945,12.911,5369
11690,130370.125,12.179,5369
11691,130382.461,12.338,5369
11692,130397.625,15.158,5369
11693,130409.570,11.949,5369
11694,130422.656,13.081,5369
11695,130436.430,13.778,5369
11696,130448.773,12.344,5369
11697,130461.281,12.502,5369
11698,130474.938,13.659,5369
11699,130487.422,12.487,5369
11700,130500.852,13.431,5369
11701,130513.969,13.111,5369
11702,130525.336,11.375,5369
11703,130539.500,14.165,5369
11704,130552.383,12.878,5369
11705,130564.328,11.949,5369
11706,130577.898,13.572,5369
11707,130591.273,13.366,5369
11708,130603.750,12.482,5369
11709,130616.695,12.945,5369
11710,130629.766,13.075,5369
11711,130643.164,13.395,5369
11712,130654.992,11.824,5369
11713,130667.805,12.814,5369
11714,130681.414,13.614,5369
11715,130693.273,11.855,5369
11716,130705.016,11.739,5369
11717,130719.797,14.788,5369
11718,130732.359,12.561,5369
11719,130745.945,13.580,5369
11720,130758.391,12.451,5369
11721,130770.031,11.637,5369
11722,130784.070,14.043,5369
11723,130796.344,12.267,5369
11724,130809.500,13.166,5369
11725,130822.063,12.556,5369
11726,130835.188,13.128,5369
11727,130851.164,15.976,5369
11728,130866.453,15.286,5369
11729,130879.547,13.103,5369
11730,130891.156,11.608,5369
11731,130901.703,10.539,5369
11732,130914.727,13.029,5369
11733,130926.188,11.463,5369
11734,130938.328,12.134,5369
11735,130951.258,12.926,5369
11736,130964.391,13.135,5369
11737,130977.125,12.735,5369
11738,130990.125,13.002,5369
11739,131003.281,13.155,5369
11740,131016.266,12.982,5369
11741,131029.453,13.194,5369
11742,131042.086,12.633,5369
11743,131054.461,12.373,5369
11744,131067.031,12.572,5369
11745,131080.125,13.092,5369
11746,131093.094,12.963,5369
11747,131105.797,12.711,5369
11748,131118.219,12.415,5369
11749,131131.281,13.067,5369
11750,131143.688,12.404,5369
11751,131156.531,12.848,5369
11752,131166.531, 9.994,5369
11753,131181.000,14.474,5369
11754,131194.391,13.396,5369
11755,131207.109,12.715,5369
11756,131219.672,12.566,5369
11757,131233.109,13.427,5369
11758,131245.750,12.636,5369
11759,131258.813,13.061,5369
11760,131273.188,14.387,5369
11761,131285.297,12.115,5369
11762,131295.156, 9.852,5369
11763,131309.844,14.694,5369
11764,131322.281,12.433,5369
11765,131335.391,13.111,5369
11766,131348.844,13.444,5369
11767,131361.719,12.884,5369
11768,131374.047,12.336,5369
11769,131386.766,12.710,5369
11770,131400.359,13.594,5369
11771,131412.844,12.478,5369
11772,131425.609,12.770,5369
11773,131438.047,12.439,5369
11774,131451.109,13.057,5369
11775,131464.234,13.132,5369
11776,131476.203,11.959,5369
11777,131489.547,13.352,5369
11778,131502.188,12.641,5369
11779,131515.469,13.275,5369
11780,131527.859,12.398,5369
11781,131540.359,12.505,5369
11782,131554.203,13.833,5369
11783,131567.031,12.829,5369
11784,131579.422,12.395,5369
11785,131592.641,13.221,5369
11786,131605.469,12.819,5369
11787,131617.984,12.525,5369
11788,131631.625,13.635,5369
11789,131644.234,12.608,5369
11790,131659.141,14.906,5369
11791,131671.203,12.070,5369
11792,131684.531,13.318,5369
11793,131703.078,18.551,5369
11794,131723.766,20.681,5369
11795,131739.703,15.950,5369
11796,131756.750,17.041,5369
11797,131772.688,15.935,5369
11798,131788.813,16.125,5369
11799,131804.438,15.620,5369
11800,131819.141,14.712,5369
11801,131831.328,12.182,5369
11802,131842.547,11.216,5369
11803,131855.047,12.509,5369
11804,131866.406,11.361,5369
11805,131878.578,12.171,5369
11806,131890.656,12.072,5369
11807,131902.844,12.188,5369
11808,131914.047,11.206,5369
11809,131929.219,15.165,5369
11810,131943.859,14.639,5369
11811,131955.953,12.105,5369
11812,131966.953,11.005,5369
11813,131977.766,10.800,5369
11814,131990.000,12.244,5369
11815,132002.672,12.673,5369
11816,132015.000,12.324,5369
11817,132027.875,12.868,5369
11818,132040.172,12.299,5369
11819,132052.563,12.388,5369
11820,132066.422,13.856,5369
11821,132078.094,11.679,5369
11822,132090.172,12.084,5369
11823,132103.234,13.053,5369
11824,132115.313,12.090,5369
11825,132128.156,12.827,5369
11826,132140.984,12.838,5369
11827,132153.641,12.656,5369
11828,132164.375,10.734,5369
11829,132178.328,13.954,5369
11830,132191.203,12.874,5369
11831,132203.609,12.405,5369
11832,132215.906,12.295,5369
11833,132227.828,11.928,5369
11834,132241.531,13.706,5369
11835,132254.328,12.789,5369
11836,132266.469,12.135,5369
11837,132279.109,12.650,5369
11838,132292.672,13.570,5369
11839,132303.813,11.125,5369
11840,132317.016,13.220,5369
11841,132330.063,13.048,5369
11842,132341.719,11.644,5369
11843,132356.281,14.558,5369
11844,132368.453,12.180,5369
11845,132381.063,12.612,5369
11846,132392.281,11.218,5369
11847,132405.156,12.864,5369
11848,132416.953,11.801,5369
11849,132429.141,12.196,5369
11850,132441.203,12.064,5369
11851,132455.703,14.501,5369
11852,132468.781,13.060,5369
11853,132480.313,11.538,5369
11854,132492.344,12.036,5369
11855,132504.266,11.920,5369
11856,132516.984,12.713,5369
11857,132532.828,15.841,5369
11858,132549.422,16.601,5369
11859,132564.891,15.464,5369
11860,132579.000,14.119,5369
11861,132594.141,15.136,5369
11862,132608.516,14.381,5369
11863,132621.156,12.635,5369
11864,132636.219,15.069,5369
11865,132648.109,11.880,5369
11866,132659.656,11.553,5369
11867,132670.891,11.233,5369
11868,132681.734,10.841,5369
11869,132692.969,11.245,5369
11870,132705.766,12.792,5369
11871,132718.922,13.153,5369
11872,132730.984,12.066,5369
11873,132742.859,11.863,5369
11874,132755.797,12.942,5369
11875,132767.609,11.817,5369
11876,132781.641,14.029,5369
11877,132793.422,11.778,5369
11878,132806.094,12.678,5369
11879,132818.469,12.368,5369
11880,132831.688,13.229,5369
11881,132842.609,10.927,5369
11882,132855.734,13.114,5369
11883,132869.641,13.914,5369
11884,132882.281,12.639,5369
11885,132894.234,11.945,5369
11886,132907.063,12.833,5369
11887,132920.375,13.307,5369
11888,132932.328,11.960,5369
11889,132944.969,12.638,5369
11890,132957.656,12.685,5369
11891,132971.703,14.057,5369
11892,132984.250,12.547,5369
11893,132996.594,12.336,5369
11894,133008.109,11.514,5369
11895,133020.063,11.953,5369
11896,133033.078,13.022,5369
11897,133044.719,11.635,5369
11898,133056.813,12.087,5369
11899,133070.328,13.531,5369
11900,133082.750,12.403,5369
11901,133095.031,12.294,5369
11902,133107.516,12.474,5369
11903,133119.000,11.494,5369
11904,133131.219,12.217,5369
11905,133144.125,12.907,5369
11906,133156.766,12.638,5369
11907,133167.500,10.740,5369
11908,133179.125,11.616,5369
11909,133191.375,12.262,5369
11910,133205.359,13.987,5369
11911,133218.625,13.262,5369
11912,133232.094,13.454,5369
11913,133245.078,12.988,5369
11914,133256.438,11.365,5369
11915,133268.109,11.676,5369
11916,133280.359,12.251,5369
11917,133291.563,11.202,5369
11918,133302.672,11.110,5369
11919,133312.578, 9.901,5369
11920,133324.234,11.652,5369
11921,133337.422,13.185,5369
11922,133348.891,11.477,5369
11923,133361.203,12.310,5369
11924,133374.344,13.147,5369
11925,133386.531,12.191,5369
11926,133398.703,12.161,5369
11927,133411.188,12.492,5369
11928,133423.688,12.495,5369
11929,133434.250,10.562,5369
11930,133446.000,11.753,5369
11931,133458.328,12.328,5369
11932,133472.531,14.201,5369
11933,133484.078,11.543,5369
11934,133496.344,12.265,5369
11935,133507.641,11.303,5369
11936,133519.938,12.303,5369
11937,133532.641,12.693,5369
11938,133544.281,11.639,5369
11939,133555.641,11.363,5369
11940,133568.094,12.457,5369
11941,133580.469,12.365,5369
11942,133592.281,11.815,5369
11943,133604.578,12.300,5369
11944,133615.969,11.402,5369
11945,133629.422,13.432,5369
11946,133641.469,12.053,5369
11947,133653.344,11.883,5369
11948,133666.219,12.874,5369
11949,133680.172,13.942,5369
11950,133691.422,11.253,5369
11951,133702.500,11.078,5369
11952,133715.172,12.679,5369
11953,133726.953,11.779,5369
11954,133740.094,13.132,5369
11955,133751.672,11.591,5369
11956,133764.219,12.537,5369
11957,133776.328,12.114,5369
11958,133788.406,12.081,5369
11959,133800.688,12.280,5369
11960,133813.109,12.415,5369
11961,133826.000,12.904,5369
11962,133838.375,12.371,5369
11963,133850.969,12.594,5369
11964,133862.984,12.008,5369
11965,133875.438,12.458,5369
11966,133887.641,12.210,5369
11967,133900.016,12.376,5369
11968,133911.547,11.516,5369
11969,133924.188,12.641,5369
11970,133936.344,12.160,5369
11971,133948.031,11.691,5369
11972,133960.500,12.461,5369
11973,133971.156,10.662,5369
11974,133984.641,13.491,5369
11975,133996.469,11.826,5369
11976,134008.953,12.482,5369
11977,134021.031,12.083,5369
11978,134033.031,11.996,5369
11979,134046.906,13.867,5369
11980,134059.734,12.839,5369
11981,134070.219,10.479,5369
11982,134082.547,12.337,5369
11983,134094.469,11.913,5369
11984,134105.859,11.400,5369
11985,134118.516,12.642,5369
11986,134129.672,11.159,5369
11987,134142.766,13.102,5369
11988,134155.547,12.780,5369
11989,134168.250,12.708,5369
11990,134180.109,11.841,5369
11991,134192.688,12.591,5369
11992,134203.906,11.224,5369
11993,134216.594,12.676,5369
11994,134227.703,11.118,5369
11995,134240.328,12.621,5369
11996,134252.344,12.007,5369
11997,134263.906,11.583,5369
11998,134275.719,11.793,5369
11999,134287.922,12.217,5369
12000,134300.172,12.233,5369
12001,134311.547,11.386,5369
12002,134324.656,13.108,5369
12003,134336.344,11.692,5369
12004,134348.766,12.409,5369
12005,134359.578,10.814,5369
12006,134372.172,12.596,5369
12007,134384.984,12.817,5369
12008,134396.125,11.138,5369
12009,134408.703,12.583,5369
12010,134420.641,11.948,5369
12011,134432.141,11.486,5369
12012,134445.422,13.283,5369
12013,134457.469,12.041,5369
12014,134467.719,10.248,5369
12015,134482.563,14.859,5369
12016,134495.250,12.685,5369
12017,134505.906,10.659,5369
12018,134517.422,11.505,5369
12019,134529.953,12.533,5369
12020,134541.359,11.414,5369
12021,134553.891,12.529,5369
12022,134566.172,12.268,5369
12023,134577.906,11.743,5369
12024,134590.703,12.811,5369
12025,134602.219,11.497,5369
12026,134612.703,10.493,5369
12027,134625.500,12.794,5369
12028,134636.984,11.485,5369
12029,134650.563,13.584,5369
12030,134663.063,12.488,5369
12031,134675.594,12.527,5369
12032,134687.938,12.364,5369
12033,134700.844,12.886,5369
12034,134712.891,12.052,5369
12035,134724.859,11.970,5369
12036,134736.125,11.266,5369
12037,134748.188,12.053,5369
12038,134760.813,12.627,5369
12039,134773.000,12.200,5369
12040,134786.359,13.360,5369
12041,134798.531,12.173,5369
12042,134809.109,10.575,5369
12043,134820.219,11.109,5369
12044,134833.453,13.231,5369
12045,134845.250,11.796,5369
12046,134855.734,10.492,5369
12047,134868.438,12.703,5369
12048,134881.484,13.044,5369
12049,134893.891,12.401,5369
12050,134905.703,11.822,5369
12051,134917.938,12.230,5369
12052,134929.172,11.230,5369
12053,134940.563,11.403,5369
12054,134953.672,13.091,5369
12055,134965.469,11.802,5369
12056,134977.844,12.382,5369
12057,134987.703, 9.859,5369
12058,135001.797,14.097,5369
12059,135013.719,11.910,5369
12060,135026.141,12.423,5369
12061,135037.641,11.500,5369
12062,135050.219,12.587,5369
12063,135061.859,11.642,5369
12064,135074.719,12.863,5369
12065,135087.234,12.505,5369
12066,135099.219,11.990,5369
12067,135111.109,11.881,5369
12068,135123.906,12.809,5369
12069,135135.828,11.917,5369
12070,135147.641,11.809,5369
12071,135160.172,12.535,5369
12072,135171.656,11.473,5369
12073,135183.047,11.394,5369
12074,135196.875,13.830,5369
12075,135207.516,10.644,5369
12076,135220.297,12.774,5369
12077,135233.969,13.681,5369
12078,135245.891,11.922,5369
12079,135257.891,12.001,5369
12080,135270.344,12.444,5369
12081,135282.516,12.186,5369
12082,135296.203,13.677,5369
12083,135308.031,11.844,5369
12084,135319.266,11.234,5369
12085,135331.234,11.954,5369
12086,135343.281,12.053,5369
12087,135357.844,14.555,5369
12088,135371.938,14.098,5369
12089,135385.391,13.464,5369
12090,135397.828,12.434,5369
12091,135411.453,13.606,5369
12092,135421.781,10.336,5369
12093,135432.844,11.068,5369
12094,135444.703,11.873,5369
12095,135456.641,11.931,5369
12096,135466.719,10.075,5369
12097,135476.875,10.152,5369
12098,135487.609,10.737,5369
12099,135500.031,12.429,5369
12100,135511.547,11.504,5369
12101,135524.766,13.219,5369
12102,135535.766,11.008,5369
12103,135547.859,12.086,5369
12104,135560.109,12.241,5369
12105,135571.016,10.906,5369
12106,135583.469,12.452,5369
12107,135595.594,12.140,5369
12108,135607.516,11.914,5369
12109,135619.797,12.289,5369
12110,135632.250,12.452,5369
12111,135643.656,11.401,5369
12112,135655.547,11.886,5369
12113,135667.703,12.166,5369
12114,135679.016,11.310,5369
12115,135691.531,12.510,5369
12116,135704.719,13.196,5369
12117,135717.375,12.668,5369
12118,135727.453,10.053,5369
12119,135740.234,12.795,5369
12120,135751.953,11.720,5369
12121,135763.969,12.017,5369
12122,135775.859,11.889,5369
12123,135786.266,10.398,5369
12124,135799.859,13.605,5369
12125,135811.516,11.638,5369
12126,135825.172,13.663,5369
12127,135836.906,11.727,5369
12128,135846.969,10.064,5369
12129,135860.391,13.423,5369
12130,135872.891,12.503,5369
12131,135884.641,11.768,5369
12132,135896.328,11.676,5369
12133,135908.719,12.390,5369
12134,135921.125,12.415,5369
12135,135933.500,12.357,5369
12136,135945.031,11.545,5369
12137,135957.375,12.349,5369
12138,135969.328,11.955,5369
12139,135981.875,12.532,5369
12140,135993.375,11.507,5369
12141,136004.813,11.435,5369
12142,136015.703,10.882,5369
12143,136028.797,13.089,5369
12144,136040.297,11.506,5369
12145,136052.938,12.647,5369
12146,136064.547,11.613,5369
12147,136076.297,11.749,5369
12148,136088.953,12.649,5369
12149,136102.094,13.144,5369
12150,136113.656,11.562,5369
12151,136124.219,10.562,5369
12152,136136.484,12.267,5369
12153,136148.703,12.222,5369
12154,136160.906,12.193,5369
12155,136172.453,11.560,5369
12156,136184.922,12.458,5369
12157,136196.469,11.559,5369
12158,136208.609,12.140,5369
12159,136221.250,12.636,5369
12160,136232.984,11.736,5369
12161,136245.047,12.059,5369
12162,136257.063,12.017,5369
12163,136267.500,10.438,5369
12164,136280.594,13.089,5369
12165,136292.438,11.851,5369
12166,136304.797,12.353,5369
12167,136317.094,12.302,5369
12168,136327.797,10.708,5369
12169,136340.328,12.517,5369
12170,136351.875,11.560,5369
12171,136364.094,12.199,5369
12172,136375.969,11.901,5369
12173,136387.422,11.439,5369
12174,136399.531,12.110,5369
12175,136411.891,12.365,5369
12176,136423.578,11.678,5369
12177,136436.203,12.630,5369
12178,136448.984,12.782,5369
12179,136459.828,10.845,5369
12180,136473.109,13.282,5369
12181,136484.344,11.228,5369
12182,136498.563,14.228,5369
12183,136511.219,12.655,5369
12184,136523.781,12.558,5369
12185,136535.438,11.648,5369
12186,136546.234,10.794,5369
12187,136558.141,11.914,5369
12188,136568.359,10.223,5369
12189,136579.625,11.260,5369
12190,136592.750,13.117,5369
12191,136603.563,10.816,5369
12192,136615.719,12.162,5369
12193,136627.891,12.172,5369
12194,136639.281,11.403,5369
12195,136650.375,11.079,5369
12196,136663.781,13.412,5369
12197,136675.484,11.699,5369
12198,136687.125,11.642,5369
12199,136698.313,11.191,5369
12200,136711.359,13.046,5369
12201,136723.453,12.081,5369
12202,136735.281,11.841,5369
12203,136747.750,12.476,5369
12204,136758.422,10.659,5369
12205,136769.688,11.263,5369
12206,136782.406,12.730,5369
12207,136794.500,12.098,5369
12208,136806.781,12.263,5369
12209,136819.750,12.972,5369
12210,136831.734,11.987,5369
12211,136843.156,11.429,5369
12212,136854.656,11.511,5369
12213,136866.141,11.464,5369
12214,136877.719,11.588,5369
12215,136889.625,11.903,5369
12216,136901.547,11.918,5369
12217,136915.344,13.803,5369
12218,136926.078,10.722,5369
12219,136937.922,11.859,5369
12220,136949.422,11.479,5369
12221,136961.359,11.958,5369
12222,136973.266,11.903,5369
12223,136985.438,12.165,5369
12224,136995.797,10.371,5369
12225,137009.766,13.967,5369
12226,137021.406,11.632,5369
12227,137034.172,12.764,5369
12228,137045.703,11.543,5369
12229,137057.453,11.740,5369
12230,137068.984,11.537,5369
12231,137081.703,12.709,5369
12232,137093.172,11.480,5369
12233,137104.328,11.148,5369
12234,137116.656,12.339,5369
12235,137129.234,12.574,5369
12236,137140.781,11.533,5369
12237,137153.531,12.755,5369
12238,137164.406,10.886,5369
12239,137176.203,11.785,5369
12240,137188.453,12.266,5369
12241,137200.297,11.833,5369
12242,137211.203,10.908,5369
12243,137223.531,12.324,5369
12244,137236.703,13.178,5369
12245,137247.422,10.711,5369
12246,137259.063,11.642,5369
12247,137271.266,12.215,5369
12248,137282.156,10.883,5369
12249,137295.953,13.805,5369
12250,137308.000,12.050,5369
12251,137317.172, 9.167,5369
12252,137329.703,12.526,5369
12253,137342.172,12.463,5369
12254,137353.047,10.878,5369
12255,137366.469,13.432,5369
12256,137377.797,11.317,5369
12257,137390.781,12.980,5369
12258,137401.250,10.474,5369
12259,137414.297,13.043,5369
12260,137427.469,13.178,5369
12261,137438.203,10.726,5369
12262,137450.594,12.412,5369
12263,137463.031,12.421,5369
12264,137474.766,11.728,5369
12265,137485.453,10.697,5369
12266,137497.641,12.179,5369
12267,137510.578,12.952,5369
12268,137521.594,11.006,5369
12269,137534.141,12.549,5369
12270,137545.750,11.613,5369
12271,137557.453,11.687,5369
12272,137568.828,11.387,5369
12273,137581.984,13.170,5369
12274,137594.891,12.893,5369
12275,137606.688,11.800,5369
12276,137618.375,11.694,5369
12277,137629.578,11.188,5369
12278,137641.453,11.868,5369
12279,137654.047,12.612,5369
12280,137665.328,11.285,5369
12281,137677.891,12.559,5369
12282,137689.859,11.968,5369
12283,137702.438,12.572,5369
12284,137715.766,13.325,5369
12285,137726.234,10.466,5369
12286,137735.984, 9.767,5369
12287,137748.156,12.160,5369
12288,137761.016,12.856,5369
12289,137772.609,11.607,5369
12290,137784.922,12.300,5369
12291,137797.203,12.294,5369
12292,137809.438,12.218,5369
12293,137820.594,11.169,5369
12294,137832.922,12.322,5369
12295,137844.703,11.789,5369
12296,137855.984,11.278,5369
12297,137868.047,12.062,5369
12298,137880.641,12.604,5369
12299,137891.891,11.240,5369
12300,137904.391,12.502,5369
12301,137916.609,12.221,5369
12302,137928.703,12.095,5369
12303,137939.656,10.939,5369
12304,137952.375,12.723,5369
12305,137964.016,11.653,5369
12306,137975.688,11.668,5369
12307,137987.672,11.972,5369
12308,137998.766,11.099,5369
12309,138011.906,13.139,5369
12310,138023.500,11.593,5369
12311,138035.516,12.016,5369
12312,138047.109,11.605,5369
12313,138059.375,12.265,5369
12314,138071.563,12.181,5369
12315,138083.125,11.567,5369
12316,138095.266,12.140,5369
12317,138108.938,13.667,5369
12318,138122.094,13.147,5369
12319,138132.969,10.885,5369
12320,138144.469,11.495,5369
12321,138155.938,11.472,5369
12322,138167.641,11.710,5369
12323,138180.016,12.370,5369
12324,138191.984,11.982,5369
12325,138204.594,12.596,5369
12326,138216.984,12.393,5369
12327,138228.453,11.473,5369
12328,138242.156,13.696,5369
12329,138253.219,11.069,5369
12330,138264.688,11.471,5369
12331,138274.500, 9.812,5369
12332,138285.578,11.063,5369
12333,138297.547,11.977,5369
12334,138309.453,11.901,5369
12335,138321.688,12.236,5369
12336,138332.953,11.272,5369
12337,138345.094,12.145,5369
12338,138356.906,11.796,5369
12339,138368.000,11.102,5369
12340,138380.969,12.972,5369
12341,138391.938,10.974,5369
12342,138404.500,12.554,5369
12343,138416.156,11.649,5369
12344,138428.156,11.995,5369
12345,138440.141,11.993,5369
12346,138450.750,10.612,5369
12347,138463.750,12.998,5369
12348,138475.891,12.153,5369
12349,138486.672,10.775,5369
12350,138500.047,13.373,5369
12351,138512.344,12.296,5369
12352,138523.563,11.209,5369
12353,138534.859,11.294,5369
12354,138546.922,12.066,5369
12355,138558.813,11.891,5369
12356,138570.672,11.871,5369
12357,138582.406,11.724,5369
12358,138594.781,12.372,5369
12359,138606.172,11.394,5369
12360,138618.766,12.602,5369
12361,138629.766,11.007,5369
12362,138640.594,10.825,5369
12363,138652.141,11.542,5369
12364,138665.047,12.903,5369
12365,138676.484,11.443,5369
12366,138689.203,12.714,5369
12367,138699.922,10.727,5369
12368,138712.000,12.072,5369
12369,138725.000,13.005,5369
12370,138736.250,11.245,5369
12371,138748.344,12.095,5369
12372,138761.688,13.348,5369
12373,138773.438,11.731,5369
12374,138784.984,11.554,5369
12375,138796.078,11.101,5369
12376,138808.344,12.264,5369
12377,138819.484,11.133,5369
12378,138832.594,13.124,5369
12379,138844.859,12.248,5369
12380,138857.453,12.594,5369
12381,138869.672,12.232,5369
12382,138882.125,12.439,5369
12383,138893.453,11.330,5369
12384,138906.203,12.759,5369
12385,138917.531,11.327,5369
12386,138927.688,10.153,5369
12387,138937.563, 9.871,5369
12388,138949.922,12.371,5369
12389,138962.031,12.112,5369
12390,138973.688,11.651,5369
12391,138985.375,11.692,5369
12392,138997.031,11.652,5369
12393,139009.063,12.025,5369
12394,139020.891,11.824,5369
12395,139032.578,11.708,5369
12396,139044.156,11.564,5369
12397,139056.359,12.214,5369
12398,139068.250,11.886,5369
12399,139079.922,11.678,5369
12400,139091.141,11.208,5369
12401,139104.016,12.891,5369
12402,139116.391,12.365,5369
12403,139127.406,11.001,5369
12404,139139.453,12.046,5369
12405,139151.734,12.298,5369
12406,139162.891,11.151,5369
12407,139174.563,11.683,5369
12408,139186.797,12.220,5369
12409,139198.484,11.695,5369
12410,139210.813,12.312,5369
12411,139221.859,11.059,5369
12412,139234.500,12.644,5369
12413,139246.031,11.543,5369
12414,139257.406,11.358,5369
12415,139268.703,11.312,5369
12416,139281.031,12.322,5369
12417,139292.750,11.711,5369
12418,139304.328,11.576,5369
12419,139316.781,12.446,5369
12420,139328.094,11.321,5369
12421,139338.672,10.592,5369
12422,139351.688,13.000,5369
12423,139362.500,10.813,5369
12424,139374.922,12.421,5369
12425,139386.375,11.451,5369
12426,139398.438,12.066,5369
12427,139409.734,11.293,5369
12428,139421.063,11.338,5369
12429,139433.594,12.518,5369
12430,139445.688,12.098,5369
12431,139455.563, 9.874,5369
12432,139469.672,14.107,5369
12433,139479.031, 9.371,5369
12434,139490.922,11.892,5369
12435,139502.594,11.671,5369
12436,139515.422,12.812,5369
12437,139527.813,12.399,5369
12438,139538.703,10.896,5369
12439,139549.297,10.603,5369
12440,139562.875,13.562,5369
12441,139574.281,11.416,5369
12442,139586.859,12.572,5369
12443,139599.281,12.432,5369
12444,139611.016,11.732,5369
12445,139623.625,12.607,5369
12446,139635.297,11.675,5369
12447,139647.563,12.249,5369
12448,139659.188,11.637,5369
12449,139670.938,11.740,5369
12450,139682.828,11.889,5369
12451,139695.625,12.810,5369
12452,139707.781,12.161,5369
12453,139721.438,13.647,5369
12454,139731.750,10.318,5369
12455,139743.563,11.798,5369
12456,139756.297,12.740,5369
12457,139767.875,11.583,5369
12458,139779.469,11.580,5369
12459,139792.297,12.832,5369
12460,139804.625,12.338,5369
12461,139815.656,11.032,5369
12462,139830.375,14.710,5369
12463,139840.578,10.220,5369
12464,139853.016,12.434,5369
12465,139865.031,12.017,5369
12466,139877.141,12.099,5369
12467,139889.281,12.154,5369
12468,139901.375,12.097,5369
12469,139913.250,11.866,5369
12470,139926.406,13.158,5369
12471,139939.641,13.234,5369
12472,139949.547, 9.895,5369
12473,139962.828,13.284,5369
12474,139975.141,12.320,5369
12475,139987.156,12.008,5369
12476,139999.547,12.391,5369
12477,140011.438,11.892,5369
12478,140022.922,11.485,5369
12479,140035.469,12.542,5369
12480,140047.625,12.165,5369
12481,140059.656,12.021,5369
12482,140071.766,12.112,5369
12483,140083.422,11.658,5369
12484,140095.813,12.395,5369
12485,140109.594,13.777,5369
12486,140120.969,11.372,5369
12487,140133.516,12.551,5369
12488,140145.188,11.671,5369
12489,140158.359,13.169,5369
12490,140171.016,12.662,5369
12491,140181.750,10.735,5369
12492,140195.828,14.082,5369
12493,140206.625,10.802,5369
12494,140219.984,13.350,5369
12495,140231.984,11.999,5369
12496,140244.391,12.406,5369
12497,140256.813,12.416,5369
12498,140269.094,12.285,5369
12499,140281.344,12.266,5369
12500,140291.906,10.549,5369
12501,140306.047,14.155,5369
12502,140316.219,10.161,5369
12503,140329.875,13.661,5369
12504,140342.141,12.256,5369
12505,140354.500,12.362,5369
12506,140367.563,13.062,5369
12507,140378.000,10.448,5369
12508,140391.719,13.704,5369
12509,140403.375,11.675,5369
12510,140413.766,10.380,5369
12511,140427.063,13.292,5369
12512,140437.891,10.837,5369
12513,140451.563,13.657,5369
12514,140464.078,12.512,5369
12515,140475.281,11.218,5369
12516,140487.578,12.295,5369
12517,140500.266,12.674,5369
12518,140512.344,12.089,5369
12519,140524.516,12.174,5369
12520,140537.359,12.843,5369
12521,140549.406,12.040,5369
12522,140562.016,12.620,5369
12523,140574.688,12.678,5369
12524,140586.578,11.881,5369
12525,140598.266,11.687,5369
12526,140610.094,11.828,5369
12527,140623.094,13.006,5369
12528,140635.828,12.727,5369
12529,140647.156,11.334,5369
12530,140657.578,10.416,5369
12531,140671.359,13.793,5369
12532,140684.781,13.401,5369
12533,140696.672,11.901,5369
12534,140708.563,11.898,5369
12535,140720.766,12.184,5369
12536,140733.234,12.485,5369
12537,140745.609,12.360,5369
12538,140757.609,12.001,5369
12539,140769.469,11.864,5369
12540,140781.625,12.153,5369
12541,140795.016,13.405,5369
12542,140806.656,11.641,5369
12543,140819.203,12.544,5369
12544,140832.172,12.964,5369
12545,140844.344,12.177,5369
12546,140856.219,11.861,5369
12547,140870.109,13.890,5369
12548,140881.813,11.722,5369
12549,140896.484,14.667,5369
12550,140908.094,11.594,5369
12551,140918.953,10.860,5369
12552,140930.734,11.791,5369
12553,140942.813,12.075,5369
12554,140955.063,12.249,5369
12555,140967.328,12.285,5369
12556,140979.531,12.176,5369
12557,140991.531,12.011,5369
12558,141004.859,13.328,5369
12559,141016.672,11.825,5369
12560,141028.563,11.891,5369
12561,141041.219,12.657,5369
12562,141053.281,12.049,5369
12563,141066.109,12.829,5369
12564,141078.063,11.944,5369
12565,141090.547,12.497,5369
12566,141103.297,12.755,5369
12567,141116.703,13.414,5369
12568,141128.344,11.630,5369
12569,141140.453,12.108,5369
12570,141153.734,13.277,5369
12571,141165.578,11.841,5369
12572,141177.984,12.413,5369
12573,141191.141,13.157,5369
12574,141202.313,11.169,5369
12575,141214.922,12.609,5369
12576,141228.016,13.098,5369
12577,141240.375,12.352,5369
12578,141253.188,12.810,5369
12579,141265.297,12.122,5369
12580,141278.672,13.380,5369
12581,141292.703,14.032,5369
12582,141304.344,11.629,5369
12583,141315.313,10.978,5369
12584,141328.578,13.259,5369
12585,141340.203,11.613,5369
12586,141354.625,14.431,5369
12587,141365.250,10.630,5369
12588,141379.438,14.174,5369
12589,141391.359,11.937,5369
12590,141404.359,12.993,5369
12591,141415.422,11.056,5369
12592,141429.859,14.450,5369
12593,141442.438,12.565,5369
12594,141455.109,12.679,5369
12595,141468.172,13.053,5369
12596,141479.266,11.110,5369
12597,141492.391,13.122,5369
12598,141504.031,11.644,5369
12599,141516.656,12.623,5369
12600,141528.563,11.910,5369
12601,141541.547,12.971,5369
12602,141555.016,13.474,5369
12603,141568.094,13.072,5369
12604,141580.875,12.778,5369
12605,141594.156,13.280,5369
12606,141605.531,11.386,5369
12607,141618.531,12.996,5369
12608,141630.656,12.135,5369
12609,141643.406,12.735,5369
12610,141656.469,13.067,5369
12611,141668.234,11.760,5369
12612,141682.844,14.606,5369
12613,141694.531,11.707,5369
12614,141706.109,11.565,5369
12615,141718.625,12.522,5369
12616,141731.625,12.991,5369
12617,141742.281,10.660,5369
12618,141756.484,14.217,5369
12619,141768.750,12.252,5369
12620,141781.250,12.511,5369
12621,141793.750,12.490,5369
12622,141805.750,11.998,5369
12623,141818.641,12.902,5369
12624,141830.328,11.681,5369
12625,141843.563,13.235,5369
12626,141856.672,13.112,5369
12627,141867.891,11.219,5369
12628,141881.125,13.231,5369
12629,141893.328,12.206,5369
12630,141905.719,12.393,5369
12631,141918.297,12.565,5369
12632,141930.547,12.259,5369
12633,141943.828,13.279,5369
12634,141956.922,13.093,5369
12635,141969.531,12.599,5369
12636,141982.953,13.431,5369
12637,141992.891, 9.937,5369
12638,142006.203,13.309,5369
12639,142019.625,13.431,5369
12640,142032.375,12.741,5369
12641,142044.641,12.272,5369
12642,142057.375,12.744,5369
12643,142072.109,14.713,5369
12644,142084.344,12.250,5369
12645,142095.297,10.960,5369
12646,142108.359,13.056,5369
12647,142121.031,12.659,5369
12648,142133.781,12.763,5369
12649,142146.156,12.357,5369
12650,142158.844,12.693,5369
12651,142171.578,12.732,5369
12652,142183.594,12.017,5369
12653,142196.219,12.637,5369
12654,142209.906,13.683,5369
12655,142221.734,11.826,5369
12656,142234.391,12.657,5369
12657,142247.172,12.788,5369
12658,142259.656,12.472,5369
12659,142272.359,12.715,5369
12660,142286.031,13.679,5369
12661,142298.016,11.974,5369
12662,142308.750,10.726,5369
12663,142322.031,13.293,5369
12664,142333.781,11.746,5369
12665,142346.547,12.774,5369
12666,142358.469,11.915,5369
12667,142370.109,11.626,5369
12668,142384.078,13.973,5369
12669,142396.516,12.455,5369
12670,142408.656,12.135,5369
12671,142421.313,12.666,5369
12672,142434.266,12.941,5369
12673,142446.297,12.028,5369
12674,142458.281,11.981,5369
12675,142470.859,12.586,5369
12676,142484.906,14.044,5369
12677,142497.172,12.271,5369
12678,142508.672,11.499,5369
12679,142520.906,12.221,5369
12680,142532.281,11.386,5369
12681,142545.516,13.230,5369
12682,142557.688,12.178,5369
12683,142570.313,12.613,5369
12684,142583.109,12.803,5369
12685,142595.250,12.152,5369
12686,142607.875,12.626,5369
12687,142619.531,11.638,5369
12688,142632.641,13.129,5369
12689,142645.031,12.376,5369
12690,142657.797,12.776,5369
12691,142671.828,14.032,5369
12692,142682.938,11.097,5369
12693,142696.078,13.132,5369
12694,142708.953,12.886,5369
12695,142720.828,11.871,5369
12696,142732.125,11.294,5369
12697,142745.266,13.154,5369
12698,142758.266,12.994,5369
12699,142770.641,12.377,5369
12700,142783.234,12.598,5369
12701,142795.500,12.262,5369
12702,142808.344,12.836,5369
12703,142820.844,12.502,5369
12704,142833.313,12.488,5369
12705,142845.531,12.196,5369
12706,142858.641,13.124,5369
12707,142870.063,11.413,5369
12708,142885.359,15.303,5369
12709,142898.328,12.961,5369
12710,142910.000,11.677,5369
12711,142922.734,12.733,5369
12712,142934.891,12.154,5369
12713,142946.375,11.491,5369
12714,142959.484,13.106,5369
12715,142972.094,12.601,5369
12716,142983.813,11.734,5369
12717,142996.906,13.081,5369
12718,143008.922,12.025,5369
12719,143021.719,12.792,5369
12720,143035.266,13.552,5369
12721,143046.500,11.231,5369
12722,143058.156,11.653,5369
12723,143071.344,13.205,5369
12724,143083.266,11.910,5369
12725,143095.531,12.260,5369
12726,143108.750,13.217,5369
12727,143120.688,11.950,5369
12728,143134.250,13.560,5369
12729,143146.063,11.808,5369
12730,143158.438,12.379,5369
12731,143170.484,12.050,5369
12732,143183.906,13.419,5369
12733,143196.016,12.113,5369
12734,143210.016,14.001,5369
12735,143221.719,11.687,5369
12736,143234.594,12.881,5369
12737,143246.656,12.067,5369
12738,143258.984,12.324,5369
12739,143271.188,12.214,5369
12740,143284.203,13.004,5369
12741,143296.375,12.176,5369
12742,143308.000,11.624,5369
12743,143321.297,13.300,5369
12744,143334.828,13.517,5369
12745,143347.609,12.795,5369
12746,143359.813,12.200,5369
12747,143372.250,12.438,5369
12748,143384.219,11.967,5369
12749,143397.188,12.975,5369
12750,143409.078,11.882,5369
12751,143423.266,14.188,5369
12752,143435.438,12.171,5369
12753,143448.109,12.667,5369
12754,143460.375,12.269,5369
12755,143473.547,13.165,5369
12756,143485.578,12.031,5369
12757,143498.141,12.561,5369
12758,143511.234,13.107,5369
12759,143523.672,12.436,5369
12760,143536.531,12.861,5369
12761,143549.188,12.662,5369
12762,143562.766,13.565,5369
12763,143573.359,10.611,5369
12764,143587.500,14.130,5369
12765,143599.516,12.007,5369
12766,143612.250,12.733,5369
12767,143625.156,12.920,5369
12768,143637.938,12.790,5369
12769,143650.328,12.372,5369
12770,143663.703,13.382,5369
12771,143675.281,11.576,5369
12772,143688.484,13.205,5369
12773,143701.266,12.786,5369
12774,143713.359,12.089,5369
12775,143726.094,12.729,5369
12776,143739.094,13.011,5369
12777,143750.891,11.783,5369
12778,143763.078,12.203,5369
12779,143776.656,13.583,5369
12780,143789.406,12.733,5369
12781,143801.531,12.127,5369
12782,143814.313,12.780,5369
12783,143826.453,12.150,5369
12784,143839.688,13.221,5369
12785,143852.172,12.491,5369
12786,143865.063,12.898,5369
12787,143878.563,13.504,5369
12788,143890.734,12.153,5369
12789,143903.922,13.195,5369
12790,143916.438,12.520,5369
12791,143930.063,13.622,5369
12792,143942.734,12.656,5369
12793,143955.609,12.894,5369
12794,143966.563,10.960,5369
12795,143979.813,13.245,5369
12796,143993.109,13.296,5369
12797,144004.422,11.315,5369
12798,144017.578,13.139,5369
12799,144030.328,12.765,5369
12800,144043.094,12.758,5369
12801,144055.172,12.090,5369
12802,144068.922,13.738,5369
12803,144082.688,13.769,5369
12804,144094.344,11.657,5369
12805,144106.234,11.881,5369
12806,144118.219,11.981,5369
12807,144129.813,11.602,5369
12808,144144.188,14.376,5369
12809,144156.469,12.289,5369
12810,144166.625,10.163,5369
12811,144181.641,15.002,5369
12812,144194.547,12.908,5369
12813,144206.563,12.017,5369
12814,144219.203,12.636,5369
12815,144232.203,12.996,5369
12816,144244.016,11.821,5369
12817,144256.781,12.758,5369
12818,144269.766,12.988,5369
12819,144281.875,12.109,5369
12820,144293.422,11.551,5369
12821,144306.828,13.401,5369
12822,144319.422,12.597,5369
12823,144332.297,12.871,5369
12824,144344.266,11.975,5369
12825,144355.906,11.644,5369
12826,144369.297,13.388,5369
12827,144381.641,12.332,5369
12828,144394.938,13.309,5369
12829,144407.641,12.702,5369
12830,144420.172,12.531,5369
12831,144431.734,11.561,5369
12832,144443.422,11.676,5369
12833,144456.234,12.829,5369
12834,144468.734,12.492,5369
12835,144482.469,13.745,5369
12836,144494.891,12.404,5369
12837,144506.078,11.185,5369
12838,144519.531,13.464,5369
12839,144532.016,12.500,5369
12840,144545.344,13.315,5369
12841,144556.188,10.839,5369
12842,144569.703,13.516,5369
12843,144582.281,12.572,5369
12844,144594.375,12.106,5369
12845,144607.219,12.840,5369
12846,144618.984,11.764,5369
12847,144632.141,13.154,5369
12848,144644.656,12.534,5369
12849,144656.781,12.109,5369
12850,144668.859,12.084,5369
12851,144681.484,12.621,5369
12852,144694.750,13.265,5369
12853,144706.578,11.834,5369
12854,144719.359,12.787,5369
12855,144731.469,12.092,5369
12856,144742.875,11.407,5369
12857,144756.516,13.651,5369
12858,144768.766,12.239,5369
12859,144781.766,13.015,5369
12860,144794.094,12.315,5369
12861,144806.625,12.541,5369
12862,144819.063,12.435,5369
12863,144833.078,14.022,5369
12864,144844.281,11.189,5369
12865,144857.172,12.907,5369
12866,144869.516,12.324,5369
12867,144883.156,13.656,5369
12868,144895.563,12.402,5369
12869,144907.359,11.799,5369
12870,144919.063,11.701,5369
12871,144933.500,14.431,5369
12872,144944.156,10.656,5369
12873,144957.594,13.447,5369
12874,144970.859,13.262,5369
12875,144982.391,11.537,5369
12876,144994.984,12.587,5369
12877,145007.609,12.629,5369
12878,145018.891,11.277,5369
12879,145032.531,13.652,5369
12880,145045.078,12.542,5369
12881,145056.891,11.809,5369
12882,145069.813,12.927,5369
12883,145082.641,12.830,5369
12884,145093.656,10.999,5369
12885,145106.516,12.873,5369
12886,145118.563,12.038,5369
12887,145131.188,12.633,5369
12888,145145.016,13.827,5369
12889,145156.250,11.226,5369
12890,145169.563,13.311,5369
12891,145181.766,12.203,5369
12892,145194.578,12.830,5369
12893,145206.391,11.808,5369
12894,145219.359,12.970,5369
12895,145230.953,11.585,5369
12896,145244.172,13.215,5369
12897,145256.766,12.588,5369
12898,145269.594,12.832,5369
12899,145283.234,13.658,5369
12900,145294.078,10.821,5369
12901,145307.094,13.026,5369
12902,145319.047,11.960,5369
12903,145331.094,12.038,5369
12904,145343.906,12.815,5369
12905,145357.859,13.965,5369
12906,145368.859,10.978,5369
12907,145380.734,11.874,5369
12908,145393.391,12.660,5369
12909,145405.578,12.198,5369
12910,145418.625,13.044,5369
12911,145430.797,12.168,5369
12912,145443.891,13.102,5369
12913,145456.391,12.502,5369
12914,145468.844,12.440,5369
12915,145480.359,11.527,5369
12916,145493.609,13.237,5369
12917,145505.828,12.235,5369
12918,145518.078,12.229,5369
12919,145530.391,12.320,5369
12920,145543.266,12.878,5369
12921,145556.031,12.773,5369
12922,145567.922,11.885,5369
12923,145580.875,12.952,5369
12924,145593.859,12.998,5369
12925,145604.078,10.207,5369
12926,145618.688,14.618,5369
12927,145631.656,12.964,5369
12928,145644.516,12.863,5369
12929,145658.016,13.508,5369
12930,145671.719,13.684,5369
12931,145684.750,13.021,5369
12932,145696.813,12.073,5369
12933,145708.219,11.399,5369
12934,145719.500,11.294,5369
12935,145732.031,12.535,5369
12936,145744.328,12.285,5369
12937,145755.766,11.440,5369
12938,145768.609,12.853,5369
12939,145781.125,12.504,5369
12940,145794.391,13.265,5369
12941,145806.172,11.778,5369
12942,145817.063,10.909,5369
12943,145830.188,13.108,5369
12944,145843.156,12.985,5369
12945,145856.078,12.909,5369
12946,145868.188,12.110,5369
12947,145880.734,12.548,5369
12948,145894.219,13.485,5369
12949,145906.422,12.203,5369
12950,145919.625,13.212,5369
12951,145931.813,12.176,5369
12952,145944.781,12.962,5369
12953,145956.813,12.037,5369
12954,145969.359,12.568,5369
12955,145981.828,12.459,5369
12956,145995.328,13.510,5369
12957,146007.953,12.613,5369
12958,146020.469,12.511,5369
12959,146033.281,12.812,5369
12960,146045.906,12.626,5369
12961,146057.047,11.149,5369
12962,146071.047,14.001,5369
12963,146083.203,12.158,5369
12964,146096.266,13.058,5369
12965,146109.219,12.951,5369
12966,146120.422,11.196,5369
12967,146132.734,12.314,5369
12968,146145.625,12.893,5369
12969,146157.391,11.763,5369
12970,146170.438,13.052,5369
12971,146182.672,12.237,5369
12972,146194.406,11.728,5369
12973,146208.266,13.860,5369
12974,146221.281,13.026,5369
12975,146233.234,11.955,5369
12976,146245.313,12.068,5369
12977,146258.516,13.199,5369
12978,146271.875,13.363,5369
12979,146283.969,12.093,5369
12980,146295.875,11.908,5369
12981,146308.516,12.645,5369
12982,146322.188,13.654,5369
12983,146333.031,10.859,5369
12984,146344.688,11.664,5369
12985,146358.109,13.397,5369
12986,146370.734,12.637,5369
12987,146383.781,13.050,5369
12988,146396.141,12.346,5369
12989,146409.250,13.123,5369
12990,146422.375,13.122,5369
12991,146433.844,11.472,5369
12992,146447.000,13.153,5369
12993,146459.891,12.894,5369
12994,146473.313,13.420,5369
12995,146485.094,11.789,5369
12996,146497.531,12.422,5369
12997,146510.203,12.680,5369
12998,146522.641,12.450,5369
12999,146535.781,13.129,5369
13000,146548.281,12.492,5369
13001,146560.156,11.871,5369
13002,146573.625,13.484,5369
13003,146585.422,11.777,5369
13004,146597.453,12.040,5369
13005,146611.109,13.667,5369
13006,146623.500,12.375,5369
13007,146637.688,14.194,5369
13008,146649.984,12.303,5369
13009,146661.203,11.220,5369
13010,146674.891,13.676,5369
13011,146688.219,13.331,5369
13012,146700.938,12.720,5369
13013,146713.406,12.472,5369
13014,146726.734,13.329,5369
13015,146739.406,12.658,5369
13016,146751.953,12.572,5369
13017,146764.750,12.784,5369
13018,146777.703,12.953,5369
13019,146790.078,12.377,5369
13020,146803.094,13.016,5369
13021,146815.906,12.810,5369
13022,146827.625,11.726,5369
13023,146842.422,14.795,5369
13024,146853.922,11.498,5369
13025,146867.766,13.838,5369
13026,146881.484,13.725,5369
13027,146893.156,11.668,5369
13028,146904.906,11.750,5369
13029,146916.641,11.741,5369
13030,146930.453,13.805,5369
13031,146944.391,13.941,5369
13032,146956.750,12.344,5369
13033,146968.844,12.101,5369
13034,146981.547,12.710,5369
13035,146994.375,12.827,5369
13036,147007.531,13.161,5369
13037,147019.250,11.719,5369
13038,147032.188,12.923,5369
13039,147044.422,12.249,5369
13040,147056.672,12.247,5369
13041,147069.781,13.106,5369
13042,147081.563,11.785,5369
13043,147095.172,13.613,5369
13044,147107.938,12.760,5369
13045,147120.719,12.780,5369
13046,147133.484,12.762,5369
13047,147145.188,11.719,5369
13048,147158.750,13.540,5369
13049,147171.656,12.917,5369
13050,147184.375,12.715,5369
13051,147197.656,13.288,5369
13052,147209.609,11.947,5369
13053,147222.313,12.714,5369
13054,147235.500,13.173,5369
13055,147248.641,13.161,5369
13056,147262.313,13.655,5369
13057,147274.891,12.575,5369
13058,147286.875,11.991,5369
13059,147299.422,12.548,5369
13060,147311.328,11.912,5369
13061,147324.813,13.469,5369
13062,147336.938,12.133,5369
13063,147349.344,12.417,5369
13064,147362.625,13.283,5369
13065,147375.875,13.252,5369
13066,147387.438,11.550,5369
13067,147400.484,13.047,5369
13068,147413.797,13.323,5369
13069,147426.188,12.370,5369
13070,147439.219,13.039,5369
13071,147450.828,11.613,5369
13072,147464.813,13.973,5369
13073,147476.766,11.950,5369
13074,147490.625,13.878,5369
13075,147501.906,11.277,5369
13076,147516.125,14.219,5369
13077,147526.813,10.676,5369
13078,147541.109,14.304,5369
13079,147553.000,11.885,5369
13080,147566.656,13.664,5369
13081,147579.109,12.458,5369
13082,147592.297,13.178,5369
13083,147603.469,11.171,5369
13084,147616.578,13.128,5369
13085,147628.875,12.287,5369
13086,147642.234,13.358,5369
13087,147656.266,14.023,5369
13088,147667.625,11.358,5369
13089,147679.938,12.324,5369
13090,147692.781,12.841,5369
13091,147705.297,12.519,5369
13092,147716.813,11.511,5369
13093,147730.594,13.788,5369
13094,147742.594,11.993,5369
13095,147756.281,13.684,5369
13096,147768.984,12.713,5369
13097,147780.844,11.846,5369
13098,147794.234,13.394,5369
13099,147807.172,12.941,5369
13100,147819.797,12.628,5369
13101,147833.188,13.388,5369
13102,147845.609,12.413,5369
13103,147858.500,12.911,5369
13104,147870.531,12.030,5369
13105,147883.563,13.027,5369
13106,147894.906,11.336,5369
13107,147909.156,14.251,5369
13108,147921.922,12.777,5369
13109,147934.438,12.504,5369
13110,147947.313,12.880,5369
13111,147959.516,12.191,5369
13112,147972.375,12.863,5369
13113,147986.516,14.148,5369
13114,147999.641,13.122,5369
13115,148012.422,12.792,5369
13116,148024.906,12.474,5369
13117,148038.063,13.156,5369
13118,148051.172,13.115,5369
13119,148063.859,12.682,5369
13120,148076.031,12.176,5369
13121,148088.594,12.568,5369
13122,148101.703,13.100,5369
13123,148114.172,12.461,5369
13124,148127.094,12.938,5369
13125,148139.891,12.800,5369
13126,148152.359,12.465,5369
13127,148165.031,12.661,5369
13128,148178.031,13.009,5369
13129,148190.828,12.780,5369
13130,148204.781,13.966,5369
13131,148216.797,12.004,5369
13132,148231.000,14.207,5369
13133,148242.094,11.086,5369
13134,148255.391,13.303,5369
13135,148267.469,12.079,5369
13136,148280.234,12.771,5369
13137,148293.188,12.959,5369
13138,148305.656,12.464,5369
13139,148318.625,12.975,5369
13140,148330.172,11.532,5369
13141,148344.891,14.721,5369
13142,148355.578,10.695,5369
13143,148368.953,13.376,5369
13144,148381.266,12.322,5369
13145,148394.109,12.822,5369
13146,148406.078,11.974,5369
13147,148419.500,13.423,5369
13148,148431.891,12.394,5369
13149,148445.766,13.882,5369
13150,148459.516,13.737,5369
13151,148471.703,12.197,5369
13152,148484.203,12.497,5369
13153,148496.984,12.778,5369
13154,148509.063,12.085,5369
13155,148522.531,13.478,5369
13156,148536.125,13.583,5369
13157,148547.703,11.571,5369
13158,148561.063,13.365,5369
13159,148574.000,12.945,5369
13160,148585.750,11.743,5369
13161,148599.719,13.965,5369
13162,148612.250,12.525,5369
13163,148625.766,13.535,5369
13164,148637.578,11.802,5369
13165,148651.047,13.477,5369
13166,148662.438,11.390,5369
13167,148676.141,13.695,5369
13168,148689.000,12.864,5369
13169,148701.813,12.814,5369
13170,148715.094,13.276,5369
13171,148727.641,12.543,5369
13172,148740.156,12.515,5369
13173,148753.500,13.346,5369
13174,148765.438,11.938,5369
13175,148777.531,12.096,5369
13176,148791.594,14.068,5369
13177,148804.000,12.410,5369
13178,148817.078,13.073,5369
13179,148829.609,12.525,5369
13180,148842.156,12.545,5369
13181,148855.781,13.623,5369
13182,148869.063,13.288,5369
13183,148880.750,11.685,5369
13184,148893.313,12.563,5369
13185,148906.344,13.028,5369
13186,148920.219,13.876,5369
13187,148932.906,12.691,5369
13188,148945.781,12.874,5369
13189,148958.750,12.960,5369
13190,148972.688,13.957,5369
13191,148984.109,11.407,5369
13192,148996.484,12.387,5369
13193,149008.891,12.401,5369
13194,149020.906,12.009,5369
13195,149033.984,13.095,5369
13196,149046.281,12.285,5369
13197,149059.484,13.201,5369
13198,149072.219,12.727,5369
13199,149084.609,12.411,5369
13200,149097.344,12.727,5369
13201,149109.656,12.303,5369
13202,149122.359,12.716,5369
13203,149135.344,12.979,5369
13204,149147.891,12.543,5369
13205,149159.953,12.070,5369
13206,149172.750,12.791,5369
13207,149185.672,12.927,5369
13208,149197.969,12.301,5369
13209,149209.922,11.945,5369
13210,149223.500,13.567,5369
13211,149236.328,12.844,5369
13212,149250.375,14.044,5369
13213,149261.359,10.989,5369
13214,149274.266,12.895,5369
13215,149286.625,12.372,5369
13216,149299.047,12.409,5369
13217,149311.516,12.466,5369
13218,149323.578,12.060,5369
13219,149336.281,12.708,5369
13220,149349.078,12.808,5369
13221,149361.906,12.832,5369
13222,149374.844,12.927,5369
13223,149386.656,11.825,5369
13224,149399.422,12.743,5369
13225,149411.609,12.202,5369
13226,149424.813,13.200,5369
13227,149437.328,12.529,5369
13228,149449.531,12.185,5369
13229,149461.859,12.332,5369
13230,149475.016,13.148,5369
13231,149487.313,12.314,5369
13232,149500.969,13.643,5369
13233,149511.047,10.085,5369
13234,149525.047,13.996,5369
13235,149537.063,12.010,5369
13236,149550.109,13.053,5369
13237,149562.391,12.283,5369
13238,149574.203,11.807,5369
13239,149586.578,12.378,5369
13240,149599.313,12.741,5369
13241,149612.641,13.328,5369
13242,149624.906,12.260,5369
13243,149638.328,13.423,5369
13244,149648.891,10.559,5369
13245,149662.047,13.158,5369
13246,149674.188,12.145,5369
13247,149686.641,12.458,5369
13248,149699.391,12.738,5369
13249,149712.641,13.266,5369
13250,149723.688,11.032,5369
13251,149736.781,13.092,5369
13252,149747.844,11.063,5369
13253,149761.516,13.678,5369
13254,149772.969,11.444,5369
13255,149786.281,13.318,5369
13256,149797.516,11.239,5369
13257,149810.688,13.176,5369
13258,149823.703,13.007,5369
13259,149835.469,11.764,5369
13260,149848.953,13.486,5369
13261,149861.219,12.275,5369
13262,149873.484,12.255,5369
13263,149886.281,12.790,5369
13264,149898.188,11.908,5369
13265,149910.203,12.013,5369
13266,149923.125,12.937,5369
13267,149935.578,12.448,5369
13268,149948.484,12.915,5369
13269,149961.125,12.634,5369
13270,149973.297,12.181,5369
13271,149985.859,12.560,5369
13272,149997.641,11.776,5369
13273,150010.172,12.531,5369
13274,150024.203,14.020,5369
13275,150037.563,13.361,5369
13276,150048.000,10.452,5369
13277,150060.938,12.929,5369
13278,150072.750,11.799,5369
13279,150085.016,12.281,5369
13280,150097.359,12.353,5369
13281,150110.016,12.658,5369
13282,150122.422,12.399,5369
13283,150134.969,12.534,5369
13284,150147.266,12.314,5369
13285,150159.234,11.958,5369
13286,150172.125,12.891,5369
13287,150184.625,12.514,5369
13288,150196.813,12.162,5369
13289,150209.063,12.271,5369
13290,150221.000,11.934,5369
13291,150234.656,13.655,5369
13292,150247.719,13.065,5369
13293,150259.391,11.666,5369
13294,150271.344,11.961,5369
13295,150283.641,12.281,5369
13296,150295.484,11.848,5369
13297,150308.641,13.166,5369
13298,150320.516,11.880,5369
13299,150333.078,12.555,5369
13300,150344.828,11.742,5369
13301,150358.188,13.368,5369
13302,150370.094,11.897,5369
13303,150382.922,12.825,5369
13304,150394.641,11.728,5369
13305,150406.578,11.940,5369
13306,150419.438,12.850,5369
13307,150433.063,13.628,5369
13308,150444.000,10.956,5369
13309,150457.578,13.565,5369
13310,150468.672,11.096,5369
13311,150481.734,13.058,5369
13312,150494.125,12.393,5369
13313,150506.875,12.742,5369
13314,150518.844,11.964,5369
13315,150531.203,12.370,5369
13316,150543.063,11.858,5369
13317,150556.813,13.744,5369
13318,150568.547,11.751,5369
13319,150581.953,13.400,5369
13320,150594.250,12.299,5369
13321,150606.422,12.172,5369
13322,150618.688,12.267,5369
13323,150631.891,13.197,5369
13324,150644.625,12.733,5369
13325,150657.172,12.554,5369
13326,150669.500,12.320,5369
13327,150680.422,10.932,5369
13328,150694.531,14.108,5369
13329,150706.609,12.084,5369
13330,150719.531,12.906,5369
13331,150731.453,11.916,5369
13332,150744.922,13.478,5369
13333,150756.516,11.598,5369
13334,150770.344,13.831,5369
13335,150782.141,11.788,5369
13336,150794.094,11.940,5369
13337,150807.969,13.892,5369
13338,150820.813,12.844,5369
13339,150834.313,13.502,5369
13340,150846.406,12.085,5369
13341,150858.047,11.642,5369
13342,150870.375,12.328,5369
13343,150883.500,13.123,5369
13344,150895.859,12.368,5369
13345,150907.984,12.132,5369
13346,150920.609,12.613,5369
13347,150933.563,12.944,5369
13348,150945.609,12.058,5369
13349,150958.250,12.642,5369
13350,150971.250,13.002,5369
13351,150984.734,13.477,5369
13352,150996.078,11.348,5369
13353,151007.688,11.611,5369
13354,151021.891,14.208,5369
13355,151035.266,13.381,5369
13356,151047.797,12.526,5369
13357,151060.219,12.417,5369
13358,151072.859,12.629,5369
13359,151082.656, 9.805,5369
13360,151097.031,14.376,5369
13361,151109.344,12.315,5369
13362,151121.953,12.615,5369
13363,151133.438,11.476,5369
13364,151145.500,12.057,5369
13365,151156.922,11.425,5369
13366,151169.859,12.938,5369
13367,151182.797,12.936,5369
13368,151195.063,12.274,5369
13369,151207.141,12.078,5369
13370,151219.391,12.238,5369
13371,151232.781,13.388,5369
13372,151243.672,10.902,5369
13373,151254.578,10.906,5369
13374,151267.438,12.854,5369
13375,151279.797,12.371,5369
13376,151291.313,11.512,5369
13377,151303.984,12.676,5369
13378,151316.125,12.123,5369
13379,151328.328,12.211,5369
13380,151340.781,12.441,5369
13381,151353.938,13.171,5369
13382,151365.203,11.272,5369
13383,151376.938,11.716,5369
13384,151388.734,11.798,5369
13385,151400.203,11.477,5369
13386,151413.484,13.269,5369
13387,151425.438,11.958,5369
13388,151436.328,10.895,5369
13389,151449.688,13.361,5369
13390,151462.016,12.337,5369
13391,151474.516,12.502,5369
13392,151486.766,12.227,5369
13393,151499.250,12.509,5369
13394,151511.297,12.036,5369
13395,151523.328,12.040,5369
13396,151535.781,12.454,5369
13397,151547.328,11.546,5369
13398,151558.406,11.063,5369
13399,151572.000,13.607,5369
13400,151582.688,10.686,5369
13401,151594.828,12.132,5369
13402,151606.797,11.973,5369
13403,151620.719,13.908,5369
13404,151632.719,12.003,5369
13405,151644.359,11.649,5369
13406,151655.484,11.122,5369
13407,151666.000,10.524,5369
13408,151677.703,11.700,5369
13409,151690.719,13.005,5369
13410,151701.719,11.014,5369
13411,151714.594,12.877,5369
13412,151725.266,10.678,5369
13413,151737.063,11.794,5369
13414,151747.984,10.919,5369
13415,151759.531,11.545,5369
13416,151770.172,10.636,5369
13417,151782.234,12.060,5369
13418,151793.953,11.734,5369
13419,151804.344,10.378,5369
13420,151816.719,12.375,5369
13421,151827.719,10.994,5369
13422,151840.516,12.810,5369
13423,151851.344,10.835,5369
13424,151863.141,11.791,5369
13425,151874.297,11.152,5369
13426,151886.188,11.883,5369
13427,151897.391,11.192,5369
13428,151908.734,11.353,5369
13429,151920.516,11.788,5369
13430,151932.406,11.888,5369
13431,151944.016,11.621,5369
13432,151955.328,11.304,5369
13433,151966.453,11.130,5369
13434,151978.109,11.648,5369
13435,151989.953,11.848,5369
13436,152001.531,11.568,5369
13437,152014.688,13.168,5369
13438,152025.875,11.181,5369
13439,152036.547,10.671,5369
13440,152048.719,12.171,5369
13441,152059.750,11.035,5369
13442,152071.438,11.690,5369
13443,152083.281,11.846,5369
13444,152094.984,11.706,5369
13445,152106.672,11.686,5369
13446,152117.875,11.200,5369
13447,152128.547,10.675,5369
13448,152140.875,12.327,5369
13449,152153.656,12.771,5369
13450,152164.906,11.250,5369
13451,152176.203,11.299,5369
13452,152187.500,11.297,5369
13453,152200.328,12.826,5369
13454,152211.219,10.903,5369
13455,152223.063,11.836,5369
13456,152234.859,11.787,5369
13457,152246.719,11.864,5369
13458,152258.906,12.190,5369
13459,152270.391,11.490,5369
13460,152281.703,11.310,5369
13461,152293.844,12.141,5369
13462,152305.469,11.617,5369
13463,152316.500,11.043,5369
13464,152328.281,11.779,5369
13465,152340.422,12.138,5369
13466,152351.422,10.990,5369
13467,152364.313,12.907,5369
13468,152374.484,10.170,5369
13469,152386.672,12.194,5369
13470,152398.016,11.336,5369
13471,152411.078,13.065,5369
13472,152421.875,10.796,5369
13473,152433.156,11.276,5369
13474,152445.203,12.053,5369
13475,152456.766,11.553,5369
13476,152468.188,11.429,5369
13477,152480.875,12.683,5369
13478,152492.531,11.663,5369
13479,152504.078,11.543,5369
13480,152514.547,10.466,5369
13481,152526.906,12.353,5369
13482,152537.766,10.877,5369
13483,152551.391,13.616,5369
13484,152562.094,10.698,5369
13485,152573.922,11.835,5369
13486,152586.578,12.661,5369
13487,152597.844,11.265,5369
13488,152609.094,11.241,5369
13489,152621.078,11.983,5369
13490,152633.125,12.058,5369
13491,152644.594,11.471,5369
13492,152656.047,11.440,5369
13493,152668.578,12.543,5369
13494,152680.016,11.445,5369
13495,152692.500,12.473,5369
13496,152703.625,11.115,5369
13497,152715.734,12.111,5369
13498,152727.906,12.179,5369
13499,152740.125,12.207,5369
13500,152751.813,11.704,5369
13501,152763.750,11.932,5369
13502,152775.266,11.516,5369
13503,152787.219,11.958,5369
13504,152799.297,12.081,5369
13505,152811.984,12.686,5369
13506,152823.828,11.845,5369
13507,152834.172,10.332,5369
13508,152845.641,11.465,5369
13509,152857.453,11.813,5369
13510,152868.797,11.344,5369
13511,152880.313,11.523,5369
13512,152892.547,12.229,5369
13513,152903.734,11.195,5369
13514,152915.219,11.488,5369
13515,152928.078,12.838,5369
13516,152939.484,11.416,5369
13517,152950.328,10.850,5369
13518,152961.906,11.587,5369
13519,152974.953,13.035,5369
13520,152986.594,11.639,5369
13521,152998.094,11.490,5369
13522,153010.750,12.669,5369
13523,153023.078,12.334,5369
13524,153033.406,10.308,5369
13525,153044.813,11.422,5369
13526,153056.438,11.618,5369
13527,153068.047,11.603,5369
13528,153080.266,12.221,5369
13529,153091.750,11.489,5369
13530,153103.250,11.512,5369
13531,153114.578,11.332,5369
13532,153126.500,11.914,5369
13533,153137.766,11.256,5369
13534,153148.938,11.176,5369
13535,153161.063,12.131,5369
13536,153172.484,11.428,5369
13537,153184.313,11.819,5369
13538,153195.734,11.425,5369
13539,153208.297,12.549,5369
13540,153221.406,13.115,5369
13541,153233.688,12.285,5369
13542,153245.422,11.726,5369
13543,153256.656,11.256,5369
13544,153267.172,10.504,5369
13545,153278.094,10.918,5369
13546,153289.703,11.615,5369
13547,153301.234,11.537,5369
13548,153313.250,12.011,5369
13549,153324.906,11.649,5369
13550,153336.938,12.029,5369
13551,153348.156,11.217,5369
13552,153359.547,11.388,5369
13553,153371.672,12.138,5369
13554,153383.531,11.844,5369
13555,153395.078,11.564,5369
13556,153406.531,11.453,5369
13557,153418.359,11.825,5369
13558,153429.531,11.166,5369
13559,153441.766,12.239,5369
13560,153453.828,12.068,5369
13561,153465.406,11.570,5369
13562,153476.688,11.291,5369
13563,153489.594,12.903,5369
13564,153501.141,11.545,5369
13565,153512.234,11.081,5369
13566,153524.422,12.201,5369
13567,153535.594,11.168,5369
13568,153547.938,12.355,5369
13569,153559.922,11.974,5369
13570,153571.172,11.250,5369
13571,153583.203,12.033,5369
13572,153594.813,11.604,5369
13573,153606.547,11.748,5369
13574,153619.078,12.523,5369
13575,153632.500,13.418,5369
13576,153643.813,11.317,5369
13577,153654.875,11.051,5369
13578,153665.828,10.973,5369
13579,153677.516,11.665,5369
13580,153687.750,10.253,5369
13581,153700.688,12.936,5369
13582,153713.188,12.506,5369
13583,153726.797,13.597,5369
13584,153738.734,11.933,5369
13585,153751.094,12.373,5369
13586,153761.438,10.325,5369
13587,153771.703,10.276,5369
13588,153783.172,11.478,5369
13589,153794.281,11.093,5369
13590,153806.891,12.611,5369
13591,153818.719,11.828,5369
13592,153830.359,11.640,5369
13593,153842.172,11.815,5369
13594,153854.328,12.165,5369
13595,153866.109,11.766,5369
13596,153878.172,12.071,5369
13597,153890.125,11.946,5369
13598,153902.000,11.884,5369
13599,153913.563,11.565,5369
13600,153924.672,11.113,5369
13601,153937.047,12.365,5369
13602,153948.469,11.434,5369
13603,153960.547,12.072,5369
13604,153972.406,11.853,5369
13605,153985.297,12.901,5369
13606,153996.609,11.310,5369
13607,154009.125,12.513,5369
13608,154020.703,11.562,5369
13609,154033.531,12.846,5369
13610,154044.469,10.938,5369
13611,154054.859,10.384,5369
13612,154067.141,12.292,5369
13613,154079.000,11.855,5369
13614,154090.500,11.495,5369
13615,154102.406,11.903,5369
13616,154113.672,11.272,5369
13617,154124.531,10.861,5369
13618,154137.578,13.035,5369
13619,154149.172,11.600,5369
13620,154161.453,12.282,5369
13621,154173.500,12.040,5369
13622,154185.406,11.903,5369
13623,154196.656,11.274,5369
13624,154208.672,12.006,5369
13625,154221.406,12.722,5369
13626,154232.938,11.533,5369
13627,154244.906,11.975,5369
13628,154257.047,12.148,5369
13629,154269.625,12.577,5369
13630,154280.266,10.632,5369
13631,154292.750,12.482,5369
13632,154304.094,11.341,5369
13633,154315.859,11.772,5369
13634,154327.375,11.503,5369
13635,154339.297,11.948,5369
13636,154351.141,11.838,5369
13637,154363.094,11.947,5369
13638,154375.563,12.475,5369
13639,154386.047,10.465,5369
13640,154398.703,12.668,5369
13641,154410.500,11.808,5369
13642,154422.234,11.724,5369
13643,154433.484,11.247,5369
13644,154445.188,11.719,5369
13645,154456.094,10.896,5369
13646,154468.531,12.438,5369
13647,154480.609,12.088,5369
13648,154491.391,10.759,5369
13649,154503.750,12.368,5369
13650,154516.469,12.726,5369
13651,154528.094,11.612,5369
13652,154539.484,11.390,5369
13653,154551.172,11.708,5369
13654,154562.797,11.615,5369
13655,154574.875,12.079,5369
13656,154586.328,11.451,5369
13657,154598.203,11.876,5369
13658,154609.703,11.493,5369
13659,154621.750,12.055,5369
13660,154633.906,12.155,5369
13661,154645.078,11.176,5369
13662,154657.500,12.415,5369
13663,154668.984,11.484,5369
13664,154680.438,11.461,5369
13665,154693.250,12.811,5369
13666,154704.641,11.389,5369
13667,154716.359,11.713,5369
13668,154727.406,11.042,5369
13669,154739.391,11.979,5369
13670,154751.078,11.705,5369
13671,154763.078,11.989,5369
13672,154775.641,12.561,5369
13673,154787.219,11.595,5369
13674,154799.438,12.199,5369
13675,154812.188,12.750,5369
13676,154823.297,11.127,5369
13677,154835.922,12.620,5369
13678,154846.453,10.535,5369
13679,154858.328,11.868,5369
13680,154869.750,11.430,5369
13681,154880.859,11.097,5369
13682,154893.656,12.809,5369
13683,154904.719,11.043,5369
13684,154917.328,12.624,5369
13685,154927.578,10.247,5369
13686,154940.391,12.813,5369
13687,154952.266,11.876,5369
13688,154963.953,11.693,5369
13689,154975.734,11.783,5369
13690,154987.281,11.549,5369
13691,155000.359,13.074,5369
13692,155010.391,10.028,5369
13693,155023.703,13.315,5369
13694,155035.438,11.717,5369
13695,155047.438,12.000,5369
13696,155057.563,10.134,5369
13697,155068.500,10.948,5369
13698,155081.188,12.693,5369
13699,155092.906,11.711,5369
13700,155105.016,12.098,5369
13701,155116.641,11.641,5369
13702,155128.234,11.588,5369
13703,155139.859,11.623,5369
13704,155151.391,11.530,5369
13705,155162.281,10.890,5369
13706,155174.672,12.406,5369
13707,155186.453,11.773,5369
13708,155198.375,11.912,5369
13709,155210.391,12.020,5369
13710,155222.547,12.161,5369
13711,155233.672,11.118,5369
13712,155245.297,11.636,5369
13713,155257.250,11.946,5369
13714,155268.172,10.910,5369
13715,155280.141,11.972,5369
13716,155291.578,11.437,5369
13717,155303.281,11.715,5369
13718,155315.406,12.105,5369
13719,155326.781,11.382,5369
13720,155339.328,12.560,5369
13721,155350.797,11.454,5369
13722,155362.203,11.417,5369
13723,155374.609,12.407,5369
13724,155385.484,10.876,5369
13725,155397.547,12.057,5369
13726,155408.875,11.319,5369
13727,155421.469,12.603,5369
13728,155433.422,11.953,5369
13729,155444.188,10.770,5369
13730,155456.578,12.396,5369
13731,155468.828,12.233,5369
13732,155480.438,11.625,5369
13733,155492.125,11.672,5369
13734,155504.000,11.899,5369
13735,155515.109,11.105,5369
13736,155526.594,11.473,5369
13737,155538.406,11.815,5369
13738,155549.734,11.323,5369
13739,155560.516,10.789,5369
13740,155573.078,12.555,5369
13741,155584.359,11.280,5369
13742,155595.406,11.052,5369
13743,155608.141,12.727,5369
13744,155618.859,10.716,5369
13745,155630.125,11.266,5369
13746,155641.531,11.410,5369
13747,155653.203,11.681,5369
13748,155664.500,11.296,5369
13749,155675.563,11.058,5369
13750,155686.828,11.260,5369
13751,155698.172,11.343,5369
13752,155710.281,12.112,5369
13753,155723.328,13.056,5369
13754,155733.109, 9.778,5369
13755,155743.375,10.260,5369
13756,155755.203,11.842,5369
13757,155766.875,11.656,5369
13758,155777.297,10.431,5369
13759,155790.125,12.827,5369
13760,155800.422,10.295,5369
13761,155810.656,10.237,5369
13762,155822.922,12.262,5369
13763,155833.875,10.961,5369
13764,155846.078,12.189,5369
13765,155857.078,11.005,5369
13766,155868.750,11.661,5369
13767,155878.906,10.173,5369
13768,155891.734,12.823,5369
13769,155902.344,10.604,5369
13770,155913.781,11.451,5369
13771,155924.844,11.051,5369
13772,155936.719,11.874,5369
13773,155947.781,11.067,5369
13774,155958.797,11.015,5369
13775,155971.172,12.380,5369
13776,155981.734,10.563,5369
13777,155994.047,12.296,5369
13778,156005.828,11.802,5369
13779,156015.938,10.105,5369
13780,156026.891,10.949,5369
13781,156037.563,10.677,5369
13782,156049.141,11.584,5369
13783,156059.859,10.710,5369
13784,156071.078,11.218,5369
13785,156082.875,11.790,5369
13786,156094.000,11.139,5369
13787,156105.578,11.565,5369
13788,156117.266,11.693,5369
13789,156128.297,11.039,5369
13790,156139.969,11.675,5369
13791,156151.000,11.014,5369
13792,156161.422,10.418,5369
13793,156173.156,11.754,5369
13794,156184.828,11.660,5369
13795,156195.734,10.918,5369
13796,156206.766,11.015,5369
13797,156218.359,11.604,5369
13798,156229.734,11.367,5369
13799,156240.734,10.994,5369
13800,156252.047,11.314,5369
13801,156263.641,11.598,5369
13802,156274.734,11.100,5369
13803,156286.969,12.232,5369
13804,156297.797,10.830,5369
13805,156308.359,10.563,5369
13806,156319.844,11.488,5369
13807,156330.797,10.943,5369
13808,156342.109,11.320,5369
13809,156353.953,11.845,5369
13810,156363.953,10.004,5369
13811,156375.344,11.386,5369
13812,156387.141,11.804,5369
13813,156398.047,10.889,5369
13814,156409.125,11.090,5369
13815,156420.656,11.531,5369
13816,156431.031,10.378,5369
13817,156443.984,12.961,5369
13818,156454.391,10.386,5369
13819,156465.891,11.503,5369
13820,156477.813,11.929,5369
13821,156488.781,10.967,5369
13822,156499.516,10.724,5369
13823,156510.594,11.087,5369
13824,156522.531,11.948,5369
13825,156533.406,10.860,5369
13826,156544.359,10.962,5369
13827,156556.625,12.261,5369
13828,156567.422,10.791,5369
13829,156579.250,11.841,5369
13830,156590.328,11.065,5369
13831,156600.406,10.089,5369
13832,156612.594,12.189,5369
13833,156624.625,12.031,5369
13834,156635.734,11.106,5369
13835,156646.250,10.503,5369
13836,156657.391,11.142,5369
13837,156669.141,11.765,5369
13838,156680.516,11.368,5369
13839,156691.813,11.302,5369
13840,156704.250,12.434,5369
13841,156715.234,10.986,5369
13842,156726.125,10.887,5369
13843,156736.750,10.621,5369
13844,156747.922,11.182,5369
13845,156759.438,11.503,5369
13846,156771.000,11.564,5369
13847,156783.219,12.233,5369
13848,156794.313,11.086,5369
13849,156805.000,10.685,5369
13850,156816.172,11.163,5369
13851,156826.828,10.665,5369
13852,156838.141,11.311,5369
13853,156849.750,11.621,5369
13854,156861.641,11.879,5369
13855,156871.609, 9.977,5369
13856,156883.859,12.255,5369
13857,156895.078,11.207,5369
13858,156906.594,11.518,5369
13859,156918.141,11.534,5369
13860,156929.328,11.211,5369
13861,156940.703,11.349,5369
13862,156951.688,11.006,5369
13863,156963.516,11.817,5369
13864,156974.234,10.726,5369
13865,156985.422,11.186,5369
13866,156996.953,11.522,5369
13867,157008.391,11.444,5369
13868,157020.313,11.926,5369
13869,157030.984,10.663,5369
13870,157042.172,11.185,5369
13871,157054.563,12.408,5369
13872,157066.047,11.475,5369
13873,157076.891,10.834,5369
13874,157087.781,10.907,5369
13875,157098.797,11.001,5369
13876,157110.531,11.754,5369
13877,157121.063,10.526,5369
13878,157132.484,11.418,5369
13879,157144.156,11.665,5369
13880,157155.172,11.029,5369
13881,157166.172,10.988,5369
13882,157178.250,12.080,5369
13883,157190.188,11.939,5369
13884,157200.891,10.706,5369
13885,157210.109, 9.203,5369
13886,157222.828,12.730,5369
13887,157233.625,10.794,5369
13888,157245.609,11.992,5369
13889,157256.125,10.511,5369
 