os,cpu,gpu,ram,kernel,driver,cpuscheduler
Steam Runtime 4,Intel Core i7-7700HQ CPU @ 2.80GHz,NVIDIA GeForce GTX 1050 Ti,24468604,6.12.108-1-MANJARO,,schedutil
fps,frametime,cpu_load,cpu_power,gpu_load,cpu_temp,gpu_temp,gpu_core_clock,gpu_mem_clock,gpu_vram_used,gpu_power,ram_used,swap_used,process_rss,cpu_mhz,elapsed
47.9784,20.8427,90.8861,0,92,87,0,0,0,0,0,15.717,8.91351,0,1768,269488965
53.2033,18.7958,90.8861,0,92,87,0,0,0,0,0,15.717,8.91351,0,1768,288284720
47.0719,21.2441,90.8861,0,92,87,0,0,0,0,0,15.717,8.91351,0,1768,309551806
54.5652,18.3267,90.8861,0,92,87,0,0,0,0,0,15.717,8.91351,0,1768,327857771
50.4348,19.8276,90.8861,0,92,87,0,0,0,0,0,15.717,8.91351,0,1768,347687596
50.8506,19.6654,90.8861,0,92,87,0,0,0,0,0,15.717,8.91351,0,1768,367373922
50.1634,19.9348,90.8861,0,92,87,0,0,0,0,0,15.717,8.91351,0,1768,387288973
44.918,22.2628,90.8861,0,92,87,0,0,0,0,0,15.717,8.91351,0,1768,409552113
53.1311,18.8214,90.8861,0,92,87,0,0,0,0,0,15.717,8.91351,0,1768,428374179
55.3933,18.0527,90.8861,0,92,87,0,0,0,0,0,15.717,8.91351,0,1768,446427896
50.8654,19.6597,90.8861,0,92,87,0,0,0,0,0,15.717,8.91351,0,1768,466110037
51.5166,19.4112,90.8861,0,92,87,0,0,0,0,0,15.717,8.91351,0,1768,485500841
49.2646,20.2986,90.8861,0,92,87,0,0,0,0,0,15.717,8.91351,0,1768,505800374
53.2689,18.7727,90.8861,0,92,87,0,0,0,0,0,15.717,8.91351,0,1768,524575228
48.5019,20.6177,90.8861,0,92,87,0,0,0,0,0,15.717,8.91351,0,1768,545193840
53.3026,18.7608,90.8861,0,92,87,0,0,0,0,0,15.717,8.91351,0,1768,563954815
49.6192,20.1535,90.8861,0,92,87,0,0,0,0,0,15.717,8.91351,0,1768,584110030
50.77,19.6967,90.8861,0,92,87,0,0,0,0,0,15.717,8.91351,0,1768,603807317
50.2464,19.9019,90.8861,0,92,87,0,0,0,0,0,15.717,8.91351,0,1768,623711063
49.5387,20.1862,90.8861,0,92,87,0,0,0,0,0,15.717,8.91351,0,1768,643918655
49.4437,20.225,90.8861,0,92,87,0,0,0,0,0,15.717,8.91351,0,1768,664124169
48.6548,20.553,90.8861,0,92,87,0,0,0,0,0,15.717,8.91351,0,1768,684678722
50.8318,19.6727,90.8861,0,92,87,0,0,0,0,0,15.717,8.91351,0,1768,704376361
53.7282,18.6122,90.8861,0,92,87,0,0,0,0,0,15.717,8.91351,0,1768,722965800
46.4097,21.5472,90.8861,0,92,87,0,0,0,0,0,15.717,8.91351,0,1768,744522958
56.3587,17.7435,71.6381,0,95,86,22,421,1051,0.746722,0,15.7177,8.91351,0,1778,762257833
48.2992,20.7043,71.6381,0,95,86,22,421,1051,0.746722,0,15.7177,8.91351,0,1778,782963556
53.4112,18.7227,71.6381,0,95,86,22,421,1051,0.746722,0,15.7177,8.91351,0,1778,801688148
47.6462,20.9881,71.6381,0,95,86,22,421,1051,0.746722,0,15.7177,8.91351,0,1778,822676634
49.1834,20.332,71.6381,0,95,86,22,421,1051,0.746722,0,15.7177,8.91351,0,1778,843030086
49.6227,20.1521,71.6381,0,95,86,22,421,1051,0.746722,0,15.7177,8.91351,0,1778,863219753
51.1604,19.5464,71.6381,0,95,86,22,421,1051,0.746722,0,15.7177,8.91351,0,1778,882710090
51.1216,19.5612,71.6381,0,95,86,22,421,1051,0.746722,0,15.7177,8.91351,0,1778,902271947
51.719,19.3352,71.6381,0,95,86,22,421,1051,0.746722,0,15.7177,8.91351,0,1778,921608120
49.9645,20.0142,71.6381,0,95,86,22,421,1051,0.746722,0,15.7177,8.91351,0,1778,941623717
50.9379,19.6317,71.6381,0,95,86,22,421,1051,0.746722,0,15.7177,8.91351,0,1778,961255181
50.5484,19.783,71.6381,0,95,86,22,421,1051,0.746722,0,15.7177,8.91351,0,1778,981039218
51.8882,19.2722,71.6381,0,95,86,22,421,1051,0.746722,0,15.7177,8.91351,0,1778,1000312874
48.6251,20.5655,71.6381,0,95,86,22,421,1051,0.746722,0,15.7177,8.91351,0,1778,1020901142
52.8974,18.9045,71.6381,0,95,86,22,421,1051,0.746722,0,15.7177,8.91351,0,1778,1039785765
50.4769,19.811,71.6381,0,95,86,22,421,1051,0.746722,0,15.7177,8.91351,0,1778,1059597122
52.3857,19.0892,71.6381,0,95,86,22,421,1051,0.746722,0,15.7177,8.91351,0,1778,1078687435
49.2057,20.3228,71.6381,0,95,86,22,421,1051,0.746722,0,15.7177,8.91351,0,1778,1099011207
52.4521,19.065,71.6381,0,95,86,22,421,1051,0.746722,0,15.7177,8.91351,0,1778,1118077286
51.1131,19.5645,71.6381,0,95,86,22,421,1051,0.746722,0,15.7177,8.91351,0,1778,1137644158
50.808,19.6819,71.6381,0,95,86,22,421,1051,0.746722,0,15.7177,8.91351,0,1778,1157325558
51.1459,19.5519,71.6381,0,95,86,22,421,1051,0.746722,0,15.7177,8.91351,0,1778,1176891603
51.4755,19.4267,71.6381,0,95,86,22,421,1051,0.746722,0,15.7177,8.91351,0,1778,1196332071
49.7964,20.0818,71.6381,0,95,86,22,421,1051,0.746722,0,15.7177,8.91351,0,1778,1216402534
53.4459,18.7105,71.6381,0,95,86,22,421,1051,0.746722,0,15.7177,8.91351,0,1778,1235113292
49.9413,20.0235,71.6381,0,95,86,22,421,1051,0.746722,0,15.7177,8.91351,0,1778,1255142639
51.7929,19.3077,75,0,100,86,74,1389,3504,2.48907,0,15.6956,8.91351,0,1756,1274449032
51.4085,19.452,75,0,100,86,74,1389,3504,2.48907,0,15.6956,8.91351,0,1756,1293900546
52.4631,19.061,75,0,100,86,74,1389,3504,2.48907,0,15.6956,8.91351,0,1756,1312962130
49.844,20.0626,75,0,100,86,74,1389,3504,2.48907,0,15.6956,8.91351,0,1756,1333047118
52.8275,18.9295,75,0,100,86,74,1389,3504,2.48907,0,15.6956,8.91351,0,1756,1351977446
49.2853,20.29,75,0,100,86,74,1389,3504,2.48907,0,15.6956,8.91351,0,1756,1372269491
54.0009,18.5182,75,0,100,86,74,1389,3504,2.48907,0,15.6956,8.91351,0,1756,1390767786
45.6219,21.9193,75,0,100,86,74,1389,3504,2.48907,0,15.6956,8.91351,0,1756,1412688682
59.6038,16.7775,75,0,100,86,74,1389,3504,2.48907,0,15.6956,8.91351,0,1756,1429466071
50.8889,19.6507,75,0,100,86,74,1389,3504,2.48907,0,15.6956,8.91351,0,1756,1449154413
52.3885,19.0882,75,0,100,86,74,1389,3504,2.48907,0,15.6956,8.91351,0,1756,1468221817
47.4774,21.0626,75,0,100,86,74,1389,3504,2.48907,0,15.6956,8.91351,0,1756,1489307353
56.5577,17.681,75,0,100,86,74,1389,3504,2.48907,0,15.6956,8.91351,0,1756,1506967833
50.0222,19.9911,75,0,100,86,74,1389,3504,2.48907,0,15.6956,8.91351,0,1756,1526959635
52.4531,19.0646,75,0,100,86,74,1389,3504,2.48907,0,15.6956,8.91351,0,1756,1546042700
50.4034,19.8399,75,0,100,86,74,1389,3504,2.48907,0,15.6956,8.91351,0,1756,1565887989
53.7991,18.5877,75,0,100,86,74,1389,3504,2.48907,0,15.6956,8.91351,0,1756,1584467975
50.9824,19.6146,75,0,100,86,74,1389,3504,2.48907,0,15.6956,8.91351,0,1756,1604071837
52.5752,19.0204,75,0,100,86,74,1389,3504,2.48907,0,15.6956,8.91351,0,1756,1623118458
49.7963,20.0818,75,0,100,86,74,1389,3504,2.48907,0,15.6956,8.91351,0,1756,1643176308
54.6496,18.2984,75,0,100,86,74,1389,3504,2.48907,0,15.6956,8.91351,0,1756,1661473818
50.5457,19.7841,75,0,100,86,74,1389,3504,2.48907,0,15.6956,8.91351,0,1756,1681260807
52.223,19.1486,75,0,100,86,74,1389,3504,2.48907,0,15.6956,8.91351,0,1756,1700431372
51.8931,19.2704,75,0,100,86,74,1389,3504,2.48907,0,15.6956,8.91351,0,1756,1719682881
52.1808,19.1641,75,0,100,86,74,1389,3504,2.48907,0,15.6956,8.91351,0,1756,1738869014
49.7648,20.0945,75,0,100,86,74,1389,3504,2.48907,0,15.6956,8.91351,0,1756,1758971210
54.483,18.3543,70.3518,0,100,86,74,1389,3504,2.48907,0,15.6959,8.91351,0,1774,1777349978
51.679,19.3502,70.3518,0,100,86,74,1389,3504,2.48907,0,15.6959,8.91351,0,1774,1796676261
52.1584,19.1724,70.3518,0,100,86,74,1389,3504,2.48907,0,15.6959,8.91351,0,1774,1815849101
51.7486,19.3242,70.3518,0,100,86,74,1389,3504,2.48907,0,15.6959,8.91351,0,1774,1835175760
51.8598,19.2828,70.3518,0,100,86,74,1389,3504,2.48907,0,15.6959,8.91351,0,1774,1854458331
49.3363,20.2691,70.3518,0,100,86,74,1389,3504,2.48907,0,15.6959,8.91351,0,1774,1874749783
55.2766,18.0908,70.3518,0,100,86,74,1389,3504,2.48907,0,15.6959,8.91351,0,1774,1892839868
49.6333,20.1478,70.3518,0,100,86,74,1389,3504,2.48907,0,15.6959,8.91351,0,1774,1913408578
54.7244,18.2734,70.3518,0,100,86,74,1389,3504,2.48907,0,15.6959,8.91351,0,1774,1931242262
48.7808,20.4999,70.3518,0,100,86,74,1389,3504,2.48907,0,15.6959,8.91351,0,1774,1951744860
53.8467,18.5712,70.3518,0,100,86,74,1389,3504,2.48907,0,15.6959,8.91351,0,1774,1970317202
44.633,22.4049,70.3518,0,100,86,74,1389,3504,2.48907,0,15.6959,8.91351,0,1774,1992723194
60.8685,16.4289,70.3518,0,100,86,74,1389,3504,2.48907,0,15.6959,8.91351,0,1774,2009151904
46.4376,21.5343,70.3518,0,100,86,74,1389,3504,2.48907,0,15.6959,8.91351,0,1774,2030687341
55.6142,17.981,70.3518,0,100,86,74,1389,3504,2.48907,0,15.6959,8.91351,0,1774,2048669089
50.9145,19.6408,70.3518,0,100,86,74,1389,3504,2.48907,0,15.6959,8.91351,0,1774,2068310858
51.9859,19.236,70.3518,0,100,86,74,1389,3504,2.48907,0,15.6959,8.91351,0,1774,2087547855
50.8793,19.6544,70.3518,0,100,86,74,1389,3504,2.48907,0,15.6959,8.91351,0,1774,2107224290
50.6467,19.7446,70.3518,0,100,86,74,1389,3504,2.48907,0,15.6959,8.91351,0,1774,2126949711
46.4166,21.544,70.3518,0,100,86,74,1389,3504,2.48907,0,15.6959,8.91351,0,1774,2148521499
56.1194,17.8191,70.3518,0,100,86,74,1389,3504,2.48907,0,15.6959,8.91351,0,1774,2166335899
48.2776,20.7135,70.3518,0,100,86,74,1389,3504,2.48907,0,15.6959,8.91351,0,1774,2187071563
53.8303,18.5769,70.3518,0,100,86,74,1389,3504,2.48907,0,15.6959,8.91351,0,1774,2205628927
51.885,19.2734,70.3518,0,100,86,74,1389,3504,2.48907,0,15.6959,8.91351,0,1774,2224924261
53.2704,18.7721,70.3518,0,100,86,74,1389,3504,2.48907,0,15.6959,8.91351,0,1774,2243676086
49.1551,20.3438,70.3518,0,100,86,74,1389,3504,2.48907,0,15.6959,8.91351,0,1774,2264047386
53.6882,18.6261,74.5592,0,100,86,74,1392,3504,2.48907,0,15.6965,8.91351,0,1765,2282648466
50.1393,19.9444,74.5592,0,100,86,74,1392,3504,2.48907,0,15.6965,8.91351,0,1765,2302594335
51.9979,19.2315,74.5592,0,100,86,74,1392,3504,2.48907,0,15.6965,8.91351,0,1765,2321848385
48.6158,20.5695,74.5592,0,100,86,74,1392,3504,2.48907,0,15.6965,8.91351,0,1765,2342419573
47.9656,20.8483,74.5592,0,100,86,74,1392,3504,2.48907,0,15.6965,8.91351,0,1765,2363268918
52.6977,18.9762,74.5592,0,100,86,74,1392,3504,2.48907,0,15.6965,8.91351,0,1765,2382247035
56.3697,17.74,74.5592,0,100,86,74,1392,3504,2.48907,0,15.6965,8.91351,0,1765,2399987181
45.4663,21.9943,74.5592,0,100,86,74,1392,3504,2.48907,0,15.6965,8.91351,0,1765,2421983040
59.3474,16.8499,74.5592,0,100,86,74,1392,3504,2.48907,0,15.6965,8.91351,0,1765,2438854639
49.2176,20.3179,74.5592,0,100,86,74,1392,3504,2.48907,0,15.6965,8.91351,0,1765,2459153005
47.7383,20.9476,74.5592,0,100,86,74,1392,3504,2.48907,0,15.6965,8.91351,0,1765,2480103906
60.3492,16.5702,74.5592,0,100,86,74,1392,3504,2.48907,0,15.6965,8.91351,0,1765,2496674408
52.1826,19.1635,74.5592,0,100,86,74,1392,3504,2.48907,0,15.6965,8.91351,0,1765,2515859935
49.5543,20.1799,74.5592,0,100,86,74,1392,3504,2.48907,0,15.6965,8.91351,0,1765,2536019983
54.0898,18.4878,74.5592,0,100,86,74,1392,3504,2.48907,0,15.6965,8.91351,0,1765,2554508533
51.2012,19.5308,74.5592,0,100,86,74,1392,3504,2.48907,0,15.6965,8.91351,0,1765,2574040808
53.613,18.6522,74.5592,0,100,86,74,1392,3504,2.48907,0,15.6965,8.91351,0,1765,2592716151
42.6096,23.4689,74.5592,0,100,86,74,1392,3504,2.48907,0,15.6965,8.91351,0,1765,2616164683
66.8811,14.9519,74.5592,0,100,86,74,1392,3504,2.48907,0,15.6965,8.91351,0,1765,2631117745
48.4796,20.6272,74.5592,0,100,86,74,1392,3504,2.48907,0,15.6965,8.91351,0,1765,2651746462
56.8284,17.5968,74.5592,0,100,86,74,1392,3504,2.48907,0,15.6965,8.91351,0,1765,2669366477
51.7868,19.3099,74.5592,0,100,86,74,1392,3504,2.48907,0,15.6965,8.91351,0,1765,2688656994
52.6946,18.9773,74.5592,0,100,86,74,1392,3504,2.48907,0,15.6965,8.91351,0,1765,2707633813
45.1686,22.1393,74.5592,0,100,86,74,1392,3504,2.48907,0,15.6965,8.91351,0,1765,2729775477
61.6328,16.2251,74.5592,0,100,86,74,1392,3504,2.48907,0,15.6965,8.91351,0,1765,2746002189
50.3745,19.8513,74.5592,0,100,86,74,1392,3504,2.48907,0,15.6965,8.91351,0,1765,2765894394
53.7795,18.5945,74.8052,0,100,84,74,1400,3504,2.48907,0,15.6968,8.91351,0,1784,2784450006
50.7699,19.6967,74.8052,0,100,84,74,1400,3504,2.48907,0,15.6968,8.91351,0,1784,2804147926
50.9471,19.6282,74.8052,0,100,84,74,1400,3504,2.48907,0,15.6968,8.91351,0,1784,2823776594
54.5246,18.3403,74.8052,0,100,84,74,1400,3504,2.48907,0,15.6968,8.91351,0,1784,2842118539
50.9937,19.6103,74.8052,0,100,84,74,1400,3504,2.48907,0,15.6968,8.91351,0,1784,2861729497
52.6203,19.0041,74.8052,0,100,84,74,1400,3504,2.48907,0,15.6968,8.91351,0,1784,2880735615
53.4198,18.7197,74.8052,0,100,84,74,1400,3504,2.48907,0,15.6968,8.91351,0,1784,2899455296
51.2177,19.5245,74.8052,0,100,84,74,1400,3504,2.48907,0,15.6968,8.91351,0,1784,2919005502
49.7577,20.0974,74.8052,0,100,84,74,1400,3504,2.48907,0,15.6968,8.91351,0,1784,2939079796
54.6866,18.286,74.8052,0,100,84,74,1400,3504,2.48907,0,15.6968,8.91351,0,1784,2957388502
52.4625,19.0612,74.8052,0,100,84,74,1400,3504,2.48907,0,15.6968,8.91351,0,1784,2976428955
51.6618,19.3567,74.8052,0,100,84,74,1400,3504,2.48907,0,15.6968,8.91351,0,1784,2995789478
51.7611,19.3195,74.8052,0,100,84,74,1400,3504,2.48907,0,15.6968,8.91351,0,1784,3015121134
51.4473,19.4374,74.8052,0,100,84,74,1400,3504,2.48907,0,15.6968,8.91351,0,1784,3034568405
50.3779,19.85,74.8052,0,100,84,74,1400,3504,2.48907,0,15.6968,8.91351,0,1784,3054418722
52.9003,18.9035,74.8052,0,100,84,74,1400,3504,2.48907,0,15.6968,8.91351,0,1784,3073323151
52.1224,19.1856,74.8052,0,100,84,74,1400,3504,2.48907,0,15.6968,8.91351,0,1784,3092509200
50.7914,19.6884,74.8052,0,100,84,74,1400,3504,2.48907,0,15.6968,8.91351,0,1784,3112178824
52.8132,18.9346,74.8052,0,100,84,74,1400,3504,2.48907,0,15.6968,8.91351,0,1784,3131115160
51.2807,19.5005,74.8052,0,100,84,74,1400,3504,2.48907,0,15.6968,8.91351,0,1784,3150637267
52.892,18.9064,74.8052,0,100,84,74,1400,3504,2.48907,0,15.6968,8.91351,0,1784,3169522836
47.585,21.015,74.8052,0,100,84,74,1400,3504,2.48907,0,15.6968,8.91351,0,1784,3190540253
54.1089,18.4812,74.8052,0,100,84,74,1400,3504,2.48907,0,15.6968,8.91351,0,1784,3209020708
50.2775,19.8896,74.8052,0,100,84,74,1400,3504,2.48907,0,15.6968,8.91351,0,1784,3228934630
47.6478,20.9873,74.8052,0,100,84,74,1400,3504,2.48907,0,15.6968,8.91351,0,1784,3249922112
51.624,19.3708,74.8052,0,100,84,74,1400,3504,2.48907,0,15.6968,8.91351,0,1784,3269320338
58.4333,17.1135,73.9796,0,100,84,74,1400,3504,2.48907,0,15.7116,8.91351,0,1763,3286409470
51.5519,19.3979,73.9796,0,100,84,74,1400,3504,2.48907,0,15.7116,8.91351,0,1763,3305807799
52.1712,19.1677,73.9796,0,100,84,74,1400,3504,2.48907,0,15.7116,8.91351,0,1763,3324976873
51.2564,19.5098,73.9796,0,100,84,74,1400,3504,2.48907,0,15.7116,8.91351,0,1763,3344486613
52.5684,19.0228,73.9796,0,100,84,74,1400,3504,2.48907,0,15.7116,8.91351,0,1763,3363581043
51.7796,19.3126,73.9796,0,100,84,74,1400,3504,2.48907,0,15.7116,8.91351,0,1763,3382825179
52.1208,19.1862,73.9796,0,100,84,74,1400,3504,2.48907,0,15.7116,8.91351,0,1763,3402032985
51.4783,19.4256,73.9796,0,100,84,74,1400,3504,2.48907,0,15.7116,8.91351,0,1763,3421439149
52.2505,19.1386,73.9796,0,100,84,74,1400,3504,2.48907,0,15.7116,8.91351,0,1763,3440603891
48.673,20.5453,73.9796,0,100,84,74,1400,3504,2.48907,0,15.7116,8.91351,0,1763,3461125161
56.0924,17.8277,73.9796,0,100,84,74,1400,3504,2.48907,0,15.7116,8.91351,0,1763,3478953125
42.3129,23.6335,73.9796,0,100,84,74,1400,3504,2.48907,0,15.7116,8.91351,0,1763,3502609296
66.8816,14.9518,73.9796,0,100,84,74,1400,3504,2.48907,0,15.7116,8.91351,0,1763,3517541007
51.5262,19.4076,73.9796,0,100,84,74,1400,3504,2.48907,0,15.7116,8.91351,0,1763,3536949811
52.3603,19.0984,73.9796,0,100,84,74,1400,3504,2.48907,0,15.7116,8.91351,0,1763,3556049602
45.9512,21.7622,73.9796,0,100,84,74,1400,3504,2.48907,0,15.7116,8.91351,0,1763,3577812356
60.4596,16.54,73.9796,0,100,84,74,1400,3504,2.48907,0,15.7116,8.91351,0,1763,3594352799
47.3404,21.1236,73.9796,0,100,84,74,1400,3504,2.48907,0,15.7116,8.91351,0,1763,3615476864
58.3347,17.1425,73.9796,0,100,84,74,1400,3504,2.48907,0,15.7116,8.91351,0,1763,3632620802
48.8587,20.4672,73.9796,0,100,84,74,1400,3504,2.48907,0,15.7116,8.91351,0,1763,3653089646
54.6138,18.3104,73.9796,0,100,84,74,1400,3504,2.48907,0,15.7116,8.91351,0,1763,3671401545
51.5702,19.391,73.9796,0,100,84,74,1400,3504,2.48907,0,15.7116,8.91351,0,1763,3690795150
53.057,18.8476,73.9796,0,100,84,74,1400,3504,2.48907,0,15.7116,8.91351,0,1763,3709642806
47.2806,21.1503,73.9796,0,100,84,74,1400,3504,2.48907,0,15.7116,8.91351,0,1763,3730817089
56.0302,17.8475,73.9796,0,100,84,74,1400,3504,2.48907,0,15.7116,8.91351,0,1763,3748643026
45.2841,22.0828,73.9796,0,100,84,74,1400,3504,2.48907,0,15.7116,8.91351,0,1763,3770732794
56.6089,17.6651,73.028,0,100,85,74,1394,3504,2.48907,0,15.7122,8.91351,0,1754,3788414394
53.9399,18.5392,73.028,0,100,85,74,1394,3504,2.48907,0,15.7122,8.91351,0,1754,3806934327
52.4274,19.074,73.028,0,100,85,74,1394,3504,2.48907,0,15.7122,8.91351,0,1754,3826008176
52.5722,19.0215,73.028,0,100,85,74,1394,3504,2.48907,0,15.7122,8.91351,0,1754,3845034153
51.5166,19.4112,73.028,0,100,85,74,1394,3504,2.48907,0,15.7122,8.91351,0,1754,3864465972
50.1294,19.9484,73.028,0,100,85,74,1394,3504,2.48907,0,15.7122,8.91351,0,1754,3884394131
54.2832,18.4219,73.028,0,100,85,74,1394,3504,2.48907,0,15.7122,8.91351,0,1754,3902817115
48.4689,20.6318,73.028,0,100,85,74,1394,3504,2.48907,0,15.7122,8.91351,0,1754,3923471576
56.4638,17.7105,73.028,0,100,85,74,1394,3504,2.48907,0,15.7122,8.91351,0,1754,3941160449
51.9836,19.2368,73.028,0,100,85,74,1394,3504,2.48907,0,15.7122,8.91351,0,1754,3960398795
52.1372,19.1802,73.028,0,100,85,74,1394,3504,2.48907,0,15.7122,8.91351,0,1754,3979579206
50.7644,19.6988,73.028,0,100,85,74,1394,3504,2.48907,0,15.7122,8.91351,0,1754,3999278342
54.7054,18.2797,73.028,0,100,85,74,1394,3504,2.48907,0,15.7122,8.91351,0,1754,4017558454
51.3896,19.4592,73.028,0,100,85,74,1394,3504,2.48907,0,15.7122,8.91351,0,1754,4037019826
53.0152,18.8625,73.028,0,100,85,74,1394,3504,2.48907,0,15.7122,8.91351,0,1754,4055881831
52.6104,19.0077,73.028,0,100,85,74,1394,3504,2.48907,0,15.7122,8.91351,0,1754,4074891080
52.9617,18.8816,73.028,0,100,85,74,1394,3504,2.48907,0,15.7122,8.91351,0,1754,4093774014
52.0543,19.2107,73.028,0,100,85,74,1394,3504,2.48907,0,15.7122,8.91351,0,1754,4113006518
53.4886,18.6956,73.028,0,100,85,74,1394,3504,2.48907,0,15.7122,8.91351,0,1754,4131703236
51.828,19.2946,73.028,0,100,85,74,1394,3504,2.48907,0,15.7122,8.91351,0,1754,4151000226
53.6227,18.6488,73.028,0,100,85,74,1394,3504,2.48907,0,15.7122,8.91351,0,1754,4169662257
51.9909,19.2341,73.028,0,100,85,74,1394,3504,2.48907,0,15.7122,8.91351,0,1754,4188886301
54.0331,18.5072,73.028,0,100,85,74,1394,3504,2.48907,0,15.7122,8.91351,0,1754,4207406327
52.2824,19.1269,73.028,0,100,85,74,1394,3504,2.48907,0,15.7122,8.91351,0,1754,4226520983
53.0752,18.8412,73.028,0,100,85,74,1394,3504,2.48907,0,15.7122,8.91351,0,1754,4245363806
52.3718,19.0943,73.028,0,100,85,74,1394,3504,2.48907,0,15.7122,8.91351,0,1754,4264459330
53.759,18.6015,73.028,0,100,85,74,1394,3504,2.48907,0,15.7122,8.91351,0,1754,4283065871
52.5467,19.0307,73.4491,0,100,85,73,1400,3504,2.48907,0,15.7122,8.91351,0,3519,4302093984
53.3975,18.7275,73.4491,0,100,85,73,1400,3504,2.48907,0,15.7122,8.91351,0,3519,4320822185
52.5048,19.0459,73.4491,0,100,85,73,1400,3504,2.48907,0,15.7122,8.91351,0,3519,4339868274
52.6837,18.9812,73.4491,0,100,85,73,1400,3504,2.48907,0,15.7122,8.91351,0,3519,4358850862
53.0846,18.8379,73.4491,0,100,85,73,1400,3504,2.48907,0,15.7122,8.91351,0,3519,4377690143
52.6299,19.0006,73.4491,0,100,85,73,1400,3504,2.48907,0,15.7122,8.91351,0,3519,4396691477
52.9118,18.8994,73.4491,0,100,85,73,1400,3504,2.48907,0,15.7122,8.91351,0,3519,4415592590
53.2679,18.773,73.4491,0,100,85,73,1400,3504,2.48907,0,15.7122,8.91351,0,3519,4434365364
52.3978,19.0848,73.4491,0,100,85,73,1400,3504,2.48907,0,15.7122,8.91351,0,3519,4453451022
52.6835,18.9813,73.4491,0,100,85,73,1400,3504,2.48907,0,15.7122,8.91351,0,3519,4472451448
51.8997,19.2679,73.4491,0,100,85,73,1400,3504,2.48907,0,15.7122,8.91351,0,3519,4491704424
53.3817,18.733,73.4491,0,100,85,73,1400,3504,2.48907,0,15.7122,8.91351,0,3519,4510437842
48.5047,20.6166,73.4491,0,100,85,73,1400,3504,2.48907,0,15.7122,8.91351,0,3519,4531055710
57.6545,17.3447,73.4491,0,100,85,73,1400,3504,2.48907,0,15.7122,8.91351,0,3519,4548401611
52.113,19.1891,73.4491,0,100,85,73,1400,3504,2.48907,0,15.7122,8.91351,0,3519,4567592657
52.5053,19.0457,73.4491,0,100,85,73,1400,3504,2.48907,0,15.7122,8.91351,0,3519,4586639319
41.7538,23.9499,73.4491,0,100,85,73,1400,3504,2.48907,0,15.7122,8.91351,0,3519,4610591169
53.648,18.64,73.4491,0,100,85,73,1400,3504,2.48907,0,15.7122,8.91351,0,3519,4629231617
52.3522,19.1014,73.4491,0,100,85,73,1400,3504,2.48907,0,15.7122,8.91351,0,3519,4648334856
52.1443,19.1775,73.4491,0,100,85,73,1400,3504,2.48907,0,15.7122,8.91351,0,3519,4667512909
51.2887,19.4975,73.4491,0,100,85,73,1400,3504,2.48907,0,15.7122,8.91351,0,3519,4687011456
52.7187,18.9686,73.4491,0,100,85,73,1400,3504,2.48907,0,15.7122,8.91351,0,3519,4705980609
52.1666,19.1694,73.4491,0,100,85,73,1400,3504,2.48907,0,15.7122,8.91351,0,3519,4725152354
52.2713,19.131,73.4491,0,100,85,73,1400,3504,2.48907,0,15.7122,8.91351,0,3519,4744296435
46.6101,21.4546,73.4491,0,100,85,73,1400,3504,2.48907,0,15.7122,8.91351,0,3519,4765740900
59.0658,16.9303,73.4491,0,100,85,73,1400,3504,2.48907,0,15.7122,8.91351,0,3519,4782671968
50.5649,19.7766,73.4491,0,100,85,73,1400,3504,2.48907,0,15.7122,8.91351,0,3519,4802456405
53.8354,18.5751,61.8358,0,100,92,73,1398,3504,2.48907,0,15.7124,8.91351,0,3405,4821025425
52.1913,19.1603,61.8358,0,100,92,73,1398,3504,2.48907,0,15.7124,8.91351,0,3405,4840187796
51.4237,19.4463,61.8358,0,100,92,73,1398,3504,2.48907,0,15.7124,8.91351,0,3405,4859656726
50.8551,19.6637,61.8358,0,100,92,73,1398,3504,2.48907,0,15.7124,8.91351,0,3405,4879301398
53.9857,18.5234,61.8358,0,100,92,73,1398,3504,2.48907,0,15.7124,8.91351,0,3405,4897843280
46.7621,21.3848,61.8358,0,100,92,73,1398,3504,2.48907,0,15.7124,8.91351,0,3405,4919211130
58.7737,17.0144,61.8358,0,100,92,73,1398,3504,2.48907,0,15.7124,8.91351,0,3405,4936240141
52.1915,19.1602,61.8358,0,100,92,73,1398,3504,2.48907,0,15.7124,8.91351,0,3405,4955388943
51.8617,19.282,61.8358,0,100,92,73,1398,3504,2.48907,0,15.7124,8.91351,0,3405,4974671257
51.7314,19.3306,61.8358,0,100,92,73,1398,3504,2.48907,0,15.7124,8.91351,0,3405,4994003255
52.6405,18.9968,61.8358,0,100,92,73,1398,3504,2.48907,0,15.7124,8.91351,0,3405,5013001059
49.0428,20.3904,61.8358,0,100,92,73,1398,3504,2.48907,0,15.7124,8.91351,0,3405,5033393243
55.3052,18.0815,61.8358,0,100,92,73,1398,3504,2.48907,0,15.7124,8.91351,0,3405,5051476586
51.6946,19.3444,61.8358,0,100,92,73,1398,3504,2.48907,0,15.7124,8.91351,0,3405,5070983534
52.6774,18.9835,61.8358,0,100,92,73,1398,3504,2.48907,0,15.7124,8.91351,0,3405,5089812132
50.9661,19.6209,61.8358,0,100,92,73,1398,3504,2.48907,0,15.7124,8.91351,0,3405,5109433680
50.5841,19.769,61.8358,0,100,92,73,1398,3504,2.48907,0,15.7124,8.91351,0,3405,5129202992
54.6564,18.2961,61.8358,0,100,92,73,1398,3504,2.48907,0,15.7124,8.91351,0,3405,5147501366
52.2016,19.1565,61.8358,0,100,92,73,1398,3504,2.48907,0,15.7124,8.91351,0,3405,5166658070
51.0163,19.6016,61.8358,0,100,92,73,1398,3504,2.48907,0,15.7124,8.91351,0,3405,5186261576
52.9926,18.8706,61.8358,0,100,92,73,1398,3504,2.48907,0,15.7124,8.91351,0,3405,5205132582
50.5423,19.7854,61.8358,0,100,92,73,1398,3504,2.48907,0,15.7124,8.91351,0,3405,5224930262
54.2523,18.4324,61.8358,0,100,92,73,1398,3504,2.48907,0,15.7124,8.91351,0,3405,5243353162
50.6953,19.7257,61.8358,0,100,92,73,1398,3504,2.48907,0,15.7124,8.91351,0,3405,5263080130
53.9377,18.5399,61.8358,0,100,92,73,1398,3504,2.48907,0,15.7124,8.91351,0,3405,5281620438
51.456,19.4341,61.8358,0,100,92,73,1398,3504,2.48907,0,15.7124,8.91351,0,3405,5301056932
52.9147,18.8983,61.8358,0,100,92,73,1398,3504,2.48907,0,15.7124,8.91351,0,3405,5319958344
46.3704,21.5655,65.2812,0,100,92,74,1392,3504,2.48907,0,15.7129,8.91351,0,3400,5341522100
59.6133,16.7748,65.2812,0,100,92,74,1392,3504,2.48907,0,15.7129,8.91351,0,3400,5358298423
51.4436,19.4388,65.2812,0,100,92,74,1392,3504,2.48907,0,15.7129,8.91351,0,3400,5377738698
53.1632,18.81,65.2812,0,100,92,74,1392,3504,2.48907,0,15.7129,8.91351,0,3400,5396550427
51.0603,19.5847,65.2812,0,100,92,74,1392,3504,2.48907,0,15.7129,8.91351,0,3400,5416146607
53.3666,18.7383,65.2812,0,100,92,74,1392,3504,2.48907,0,15.7129,8.91351,0,3400,5434875414
49.0221,20.3989,65.2812,0,100,92,74,1392,3504,2.48907,0,15.7129,8.91351,0,3400,5455274606
55.7464,17.9384,65.2812,0,100,92,74,1392,3504,2.48907,0,15.7129,8.91351,0,3400,5473214124
52.4512,19.0654,65.2812,0,100,92,74,1392,3504,2.48907,0,15.7129,8.91351,0,3400,5492281465
52.4654,19.0602,65.2812,0,100,92,74,1392,3504,2.48907,0,15.7129,8.91351,0,3400,5511342047
50.7648,19.6987,65.2812,0,100,92,74,1392,3504,2.48907,0,15.7129,8.91351,0,3400,5531042952
53.1191,18.8256,65.2812,0,100,92,74,1392,3504,2.48907,0,15.7129,8.91351,0,3400,5549869137
50.5834,19.7693,65.2812,0,100,92,74,1392,3504,2.48907,0,15.7129,8.91351,0,3400,5569638921
52.8534,18.9203,65.2812,0,100,92,74,1392,3504,2.48907,0,15.7129,8.91351,0,3400,5588561239
51.1417,19.5535,65.2812,0,100,92,74,1392,3504,2.48907,0,15.7129,8.91351,0,3400,5608116201
53.4484,18.7096,65.2812,0,100,92,74,1392,3504,2.48907,0,15.7129,8.91351,0,3400,5626826022
52.3615,19.098,65.2812,0,100,92,74,1392,3504,2.48907,0,15.7129,8.91351,0,3400,5645926018
52.1687,19.1686,65.2812,0,100,92,74,1392,3504,2.48907,0,15.7129,8.91351,0,3400,5665094836
52.2014,19.1566,65.2812,0,100,92,74,1392,3504,2.48907,0,15.7129,8.91351,0,3400,5684266004
52.3121,19.1161,65.2812,0,100,92,74,1392,3504,2.48907,0,15.7129,8.91351,0,3400,5703369980
52.386,19.0891,65.2812,0,100,92,74,1392,3504,2.48907,0,15.7129,8.91351,0,3400,5722461153
52.0328,19.2186,65.2812,0,100,92,74,1392,3504,2.48907,0,15.7129,8.91351,0,3400,5741678751
51.4988,19.4179,65.2812,0,100,92,74,1392,3504,2.48907,0,15.7129,8.91351,0,3400,5761099552
53.0226,18.8599,65.2812,0,100,92,74,1392,3504,2.48907,0,15.7129,8.91351,0,3400,5779959967
52.6176,19.005,65.2812,0,100,92,74,1392,3504,2.48907,0,15.7129,8.91351,0,3400,5798966650
52.1168,19.1877,65.2812,0,100,92,74,1392,3504,2.48907,0,15.7129,8.91351,0,3400,5818153929
51.326,19.4833,65.2812,0,100,92,74,1392,3504,2.48907,0,15.7129,8.91351,0,3400,5837645108
52.9104,18.8999,69.8529,0,100,95,74,1392,3504,2.48907,0,15.7005,8.91351,0,3490,5856540037
50.0233,19.9907,69.8529,0,100,95,74,1392,3504,2.48907,0,15.7005,8.91351,0,3490,5876533423
55.376,18.0584,69.8529,0,100,95,74,1392,3504,2.48907,0,15.7005,8.91351,0,3490,5894592109
51.7408,19.3271,69.8529,0,100,95,74,1392,3504,2.48907,0,15.7005,8.91351,0,3490,5913921565
52.497,19.0487,69.8529,0,100,95,74,1392,3504,2.48907,0,15.7005,8.91351,0,3490,5932971053
52.8901,18.9071,69.8529,0,100,95,74,1392,3504,2.48907,0,15.7005,8.91351,0,3490,5951879480
52.3124,19.1159,69.8529,0,100,95,74,1392,3504,2.48907,0,15.7005,8.91351,0,3490,5970996358
50.8297,19.6736,69.8529,0,100,95,74,1392,3504,2.48907,0,15.7005,8.91351,0,3490,5990671293
55.0231,18.1742,69.8529,0,100,95,74,1392,3504,2.48907,0,15.7005,8.91351,0,3490,6008846264
52.2101,19.1534,69.8529,0,100,95,74,1392,3504,2.48907,0,15.7005,8.91351,0,3490,6028002905
53.162,18.8104,69.8529,0,100,95,74,1392,3504,2.48907,0,15.7005,8.91351,0,3490,6046812507
52.5368,19.0343,69.8529,0,100,95,74,1392,3504,2.48907,0,15.7005,8.91351,0,3490,6065849055
52.7723,18.9494,69.8529,0,100,95,74,1392,3504,2.48907,0,15.7005,8.91351,0,3490,6084798684
52.2025,19.1562,69.8529,0,100,95,74,1392,3504,2.48907,0,15.7005,8.91351,0,3490,6103955423
53.0026,18.867,69.8529,0,100,95,74,1392,3504,2.48907,0,15.7005,8.91351,0,3490,6122823243
52.4353,19.0711,69.8529,0,100,95,74,1392,3504,2.48907,0,15.7005,8.91351,0,3490,6141896459
52.5928,19.014,69.8529,0,100,95,74,1392,3504,2.48907,0,15.7005,8.91351,0,3490,6160911923
52.864,18.9165,69.8529,0,100,95,74,1392,3504,2.48907,0,15.7005,8.91351,0,3490,6179830223
52.7749,18.9484,69.8529,0,100,95,74,1392,3504,2.48907,0,15.7005,8.91351,0,3490,6198779732
45.7044,21.8797,69.8529,0,100,95,74,1392,3504,2.48907,0,15.7005,8.91351,0,3490,6220660647
61.8774,16.161,69.8529,0,100,95,74,1392,3504,2.48907,0,15.7005,8.91351,0,3490,6236822556
51.5798,19.3874,69.8529,0,100,95,74,1392,3504,2.48907,0,15.7005,8.91351,0,3490,6256211378
54.1029,18.4833,69.8529,0,100,95,74,1392,3504,2.48907,0,15.7005,8.91351,0,3490,6274696051
50.8656,19.6597,69.8529,0,100,95,74,1392,3504,2.48907,0,15.7005,8.91351,0,3490,6294356531
54.0951,18.486,69.8529,0,100,95,74,1392,3504,2.48907,0,15.7005,8.91351,0,3490,6312843305
48.7981,20.4926,69.8529,0,100,95,74,1392,3504,2.48907,0,15.7005,8.91351,0,3490,6333337466
57.2837,17.457,69.8529,0,100,95,74,1392,3504,2.48907,0,15.7005,8.91351,0,3490,6350799930
52.5453,19.0312,65.4229,0,100,95,74,1393,3504,2.48907,0,15.701,8.91351,0,3400,6369828365
52.4674,19.0594,65.4229,0,100,95,74,1393,3504,2.48907,0,15.701,8.91351,0,3400,6388888353
48.8018,20.491,65.4229,0,100,95,74,1393,3504,2.48907,0,15.701,8.91351,0,3400,6409380127
56.6283,17.659,65.4229,0,100,95,74,1393,3504,2.48907,0,15.701,8.91351,0,3400,6427039201
51.6413,19.3644,65.4229,0,100,95,74,1393,3504,2.48907,0,15.701,8.91351,0,3400,6446407370
52.8472,18.9225,65.4229,0,100,95,74,1393,3504,2.48907,0,15.701,8.91351,0,3400,6465328813
51.1317,19.5573,65.4229,0,100,95,74,1393,3504,2.48907,0,15.701,8.91351,0,3400,6484887502
52.3092,19.1171,65.4229,0,100,95,74,1393,3504,2.48907,0,15.701,8.91351,0,3400,6504005570
51.627,19.3697,65.4229,0,100,95,74,1393,3504,2.48907,0,15.701,8.91351,0,3400,6523377160
51.3376,19.4789,65.4229,0,100,95,74,1393,3504,2.48907,0,15.701,8.91351,0,3400,6542856365
52.5836,19.0173,65.4229,0,100,95,74,1393,3504,2.48907,0,15.701,8.91351,0,3400,6561876758
51.8718,19.2783,65.4229,0,100,95,74,1393,3504,2.48907,0,15.701,8.91351,0,3400,6581173487
51.2936,19.4956,65.4229,0,100,95,74,1393,3504,2.48907,0,15.701,8.91351,0,3400,6600652134
53.3385,18.7482,65.4229,0,100,95,74,1393,3504,2.48907,0,15.701,8.91351,0,3400,6619401198
52.3278,19.1103,65.4229,0,100,95,74,1393,3504,2.48907,0,15.701,8.91351,0,3400,6638512725
52.0016,19.2302,65.4229,0,100,95,74,1393,3504,2.48907,0,15.701,8.91351,0,3400,6657743440
52.2061,19.1549,65.4229,0,100,95,74,1393,3504,2.48907,0,15.701,8.91351,0,3400,6676899523
52.6088,19.0082,65.4229,0,100,95,74,1393,3504,2.48907,0,15.701,8.91351,0,3400,6695909569
51.0176,19.6011,65.4229,0,100,95,74,1393,3504,2.48907,0,15.701,8.91351,0,3400,6715511125
52.4773,19.0559,65.4229,0,100,95,74,1393,3504,2.48907,0,15.701,8.91351,0,3400,6734567283
50.5225,19.7932,65.4229,0,100,95,74,1393,3504,2.48907,0,15.701,8.91351,0,3400,6754362030
52.0164,19.2247,65.4229,0,100,95,74,1393,3504,2.48907,0,15.701,8.91351,0,3400,6773587342
49.7564,20.0979,65.4229,0,100,95,74,1393,3504,2.48907,0,15.701,8.91351,0,3400,6793687097
51.7407,19.3271,65.4229,0,100,95,74,1393,3504,2.48907,0,15.701,8.91351,0,3400,6813014278
51.5118,19.413,65.4229,0,100,95,74,1393,3504,2.48907,0,15.701,8.91351,0,3400,6832429783
52.527,19.0378,65.4229,0,100,95,74,1393,3504,2.48907,0,15.701,8.91351,0,3400,6851470352
50.977,19.6167,63.2391,0,100,90,74,1400,3504,2.48907,0,15.7036,8.91351,0,3423,6871086574
52.1564,19.1731,63.2391,0,100,90,74,1400,3504,2.48907,0,15.7036,8.91351,0,3423,6890259819
51.2733,19.5033,63.2391,0,100,90,74,1400,3504,2.48907,0,15.7036,8.91351,0,3423,6909765095
52.6138,19.0064,63.2391,0,100,90,74,1400,3504,2.48907,0,15.7036,8.91351,0,3423,6928771957
52.0201,19.2233,63.2391,0,100,90,74,1400,3504,2.48907,0,15.7036,8.91351,0,3423,6948028068
52.0994,19.1941,63.2391,0,100,90,74,1400,3504,2.48907,0,15.7036,8.91351,0,3423,6967191591
52.106,19.1916,63.2391,0,100,90,74,1400,3504,2.48907,0,15.7036,8.91351,0,3423,6986384969
51.827,19.295,63.2391,0,100,90,74,1400,3504,2.48907,0,15.7036,8.91351,0,3423,7005681094
51.9394,19.2532,63.2391,0,100,90,74,1400,3504,2.48907,0,15.7036,8.91351,0,3423,7024937187
52.1672,19.1691,63.2391,0,100,90,74,1400,3504,2.48907,0,15.7036,8.91351,0,3423,7044106039
47.0342,21.2611,63.2391,0,100,90,74,1400,3504,2.48907,0,15.7036,8.91351,0,3423,7065368932
55.9204,17.8826,63.2391,0,100,90,74,1400,3504,2.48907,0,15.7036,8.91351,0,3423,7083252504
50.0181,19.9928,63.2391,0,100,90,74,1400,3504,2.48907,0,15.7036,8.91351,0,3423,7103247011
51.9457,19.2509,63.2391,0,100,90,74,1400,3504,2.48907,0,15.7036,8.91351,0,3423,7122498658
50.3912,19.8447,63.2391,0,100,90,74,1400,3504,2.48907,0,15.7036,8.91351,0,3423,7142344496
50.5991,19.7632,63.2391,0,100,90,74,1400,3504,2.48907,0,15.7036,8.91351,0,3423,7162108876
50.6875,19.7287,63.2391,0,100,90,74,1400,3504,2.48907,0,15.7036,8.91351,0,3423,7181839502
51.3744,19.4649,63.2391,0,100,90,74,1400,3504,2.48907,0,15.7036,8.91351,0,3423,7201304486
50.4947,19.8041,63.2391,0,100,90,74,1400,3504,2.48907,0,15.7036,8.91351,0,3423,7221111311
52.2238,19.1484,63.2391,0,100,90,74,1400,3504,2.48907,0,15.7036,8.91351,0,3423,7240259305
50.2156,19.9141,63.2391,0,100,90,74,1400,3504,2.48907,0,15.7036,8.91351,0,3423,7260175296
51.5627,19.3939,63.2391,0,100,90,74,1400,3504,2.48907,0,15.7036,8.91351,0,3423,7279569477
45.4047,22.0242,63.2391,0,100,90,74,1400,3504,2.48907,0,15.7036,8.91351,0,3423,7301595120
54.4146,18.3774,63.2391,0,100,90,74,1400,3504,2.48907,0,15.7036,8.91351,0,3423,7319973462
48.5958,20.5779,63.2391,0,100,90,74,1400,3504,2.48907,0,15.7036,8.91351,0,3423,7340552542
55.5587,17.999,63.2391,0,100,90,74,1400,3504,2.48907,0,15.7036,8.91351,0,3423,7358556469
50.4795,19.81,65.9148,0,100,90,74,1402,3504,2.48907,0,15.7009,8.91351,0,3467,7378363009
53.0766,18.8407,65.9148,0,100,90,74,1402,3504,2.48907,0,15.7009,8.91351,0,3467,7397224022
45.6935,21.8849,65.9148,0,100,90,74,1402,3504,2.48907,0,15.7009,8.91351,0,3467,7419090971
61.0336,16.3844,65.9148,0,100,90,74,1402,3504,2.48907,0,15.7009,8.91351,0,3467,7435476698
49.032,20.3948,65.9148,0,100,90,74,1402,3504,2.48907,0,15.7009,8.91351,0,3467,7455872336
56.235,17.7825,65.9148,0,100,90,74,1402,3504,2.48907,0,15.7009,8.91351,0,3467,7473656113
50.6242,19.7534,65.9148,0,100,90,74,1402,3504,2.48907,0,15.7009,8.91351,0,3467,7493412068
54.0941,18.4863,65.9148,0,100,90,74,1402,3504,2.48907,0,15.7009,8.91351,0,3467,7511899854
40.898,24.4511,65.9148,0,100,90,74,1402,3504,2.48907,0,15.7009,8.91351,0,3467,7536366843
73.4693,13.6111,65.9148,0,100,90,74,1402,3504,2.48907,0,15.7009,8.91351,0,3467,7549964197
50.2614,19.896,65.9148,0,100,90,74,1402,3504,2.48907,0,15.7009,8.91351,0,3467,7569860976
51.7074,19.3396,65.9148,0,100,90,74,1402,3504,2.48907,0,15.7009,8.91351,0,3467,7589200693
47.7671,20.9349,65.9148,0,100,90,74,1402,3504,2.48907,0,15.7009,8.91351,0,3467,7610137999
60.0614,16.6496,65.9148,0,100,90,74,1402,3504,2.48907,0,15.7009,8.91351,0,3467,7626788047
51.5071,19.4148,65.9148,0,100,90,74,1402,3504,2.48907,0,15.7009,8.91351,0,3467,7646204030
53.7457,18.6061,65.9148,0,100,90,74,1402,3504,2.48907,0,15.7009,8.91351,0,3467,7664811355
49.4702,20.2142,65.9148,0,100,90,74,1402,3504,2.48907,0,15.7009,8.91351,0,3467,7685027092
57.0614,17.525,65.9148,0,100,90,74,1402,3504,2.48907,0,15.7009,8.91351,0,3467,7702552327
52.6244,19.0026,65.9148,0,100,90,74,1402,3504,2.48907,0,15.7009,8.91351,0,3467,7721556963
52.8745,18.9127,65.9148,0,100,90,74,1402,3504,2.48907,0,15.7009,8.91351,0,3467,7740469371
52.1992,19.1574,65.9148,0,100,90,74,1402,3504,2.48907,0,15.7009,8.91351,0,3467,7759627788
53.0544,18.8486,65.9148,0,100,90,74,1402,3504,2.48907,0,15.7009,8.91351,0,3467,7778476874
46.6251,21.4477,65.9148,0,100,90,74,1402,3504,2.48907,0,15.7009,8.91351,0,3467,7799925332
53.7554,18.6028,65.9148,0,100,90,74,1402,3504,2.48907,0,15.7009,8.91351,0,3467,7818529529
51.7586,19.3205,65.9148,0,100,90,74,1402,3504,2.48907,0,15.7009,8.91351,0,3467,7837852441
53.3625,18.7398,65.9148,0,100,90,74,1402,3504,2.48907,0,15.7009,8.91351,0,3467,7856591925
50.6806,19.7314,65.9148,0,100,90,74,1402,3504,2.48907,0,15.7009,8.91351,0,3467,7876328921
54.9678,18.1925,72.3301,0,100,94,74,1430,3504,2.48907,0,15.6931,8.91351,0,3400,7894535929
51.0131,19.6028,72.3301,0,100,94,74,1430,3504,2.48907,0,15.6931,8.91351,0,3400,7914121804
54.471,18.3584,72.3301,0,100,94,74,1430,3504,2.48907,0,15.6931,8.91351,0,3400,7932480994
49.965,20.014,72.3301,0,100,94,74,1430,3504,2.48907,0,15.6931,8.91351,0,3400,7952496336
56.1886,17.7972,72.3301,0,100,94,74,1430,3504,2.48907,0,15.6931,8.91351,0,3400,7970307034
52.9618,18.8815,72.3301,0,100,94,74,1430,3504,2.48907,0,15.6931,8.91351,0,3400,7989178386
52.3747,19.0932,72.3301,0,100,94,74,1430,3504,2.48907,0,15.6931,8.91351,0,3400,8008289266
51.6229,19.3712,72.3301,0,100,94,74,1430,3504,2.48907,0,15.6931,8.91351,0,3400,8027643112
54.7507,18.2646,72.3301,0,100,94,74,1430,3504,2.48907,0,15.6931,8.91351,0,3400,8045909900
52.0627,19.2076,72.3301,0,100,94,74,1430,3504,2.48907,0,15.6931,8.91351,0,3400,8065118742
53.4921,18.6944,72.3301,0,100,94,74,1430,3504,2.48907,0,15.6931,8.91351,0,3400,8083814048
52.6629,18.9887,72.3301,0,100,94,74,1430,3504,2.48907,0,15.6931,8.91351,0,3400,8102804194
53.3036,18.7604,72.3301,0,100,94,74,1430,3504,2.48907,0,15.6931,8.91351,0,3400,8121564348
52.5289,19.0371,72.3301,0,100,94,74,1430,3504,2.48907,0,15.6931,8.91351,0,3400,8140602962
52.8368,18.9262,72.3301,0,100,94,74,1430,3504,2.48907,0,15.6931,8.91351,0,3400,8159530102
45.6141,21.923,72.3301,0,100,94,74,1430,3504,2.48907,0,15.6931,8.91351,0,3400,8181454293
63.4493,15.7606,72.3301,0,100,94,74,1430,3504,2.48907,0,15.6931,8.91351,0,3400,8197233840
45.3915,22.0305,72.3301,0,100,94,74,1430,3504,2.48907,0,15.6931,8.91351,0,3400,8219247179
62.8907,15.9006,72.3301,0,100,94,74,1430,3504,2.48907,0,15.6931,8.91351,0,3400,8235148942
48.5788,20.5851,72.3301,0,100,94,74,1430,3504,2.48907,0,15.6931,8.91351,0,3400,8255735687
57.9734,17.2493,72.3301,0,100,94,74,1430,3504,2.48907,0,15.6931,8.91351,0,3400,8272985959
52.1729,19.167,72.3301,0,100,94,74,1430,3504,2.48907,0,15.6931,8.91351,0,3400,8292167536
53.2872,18.7662,72.3301,0,100,94,74,1430,3504,2.48907,0,15.6931,8.91351,0,3400,8310934781
45.3708,22.0406,72.3301,0,100,94,74,1430,3504,2.48907,0,15.6931,8.91351,0,3400,8332976600
62.7267,15.9422,72.3301,0,100,94,74,1430,3504,2.48907,0,15.6931,8.91351,0,3400,8348919294
51.3971,19.4563,72.3301,0,100,94,74,1430,3504,2.48907,0,15.6931,8.91351,0,3400,8368376806
53.7704,18.5976,72.3301,0,100,94,74,1430,3504,2.48907,0,15.6931,8.91351,0,3400,8386982467
52.7348,18.9628,68.9055,0,100,94,74,1455,3504,2.48907,0,15.6931,8.91351,0,3170,8405939401
52.8479,18.9222,68.9055,0,100,94,74,1455,3504,2.48907,0,15.6931,8.91351,0,3170,8424862483
51.4562,19.434,68.9055,0,100,94,74,1455,3504,2.48907,0,15.6931,8.91351,0,3170,8444299292
53.701,18.6216,68.9055,0,100,94,74,1455,3504,2.48907,0,15.6931,8.91351,0,3170,8462920179
45.1921,22.1278,68.9055,0,100,94,74,1455,3504,2.48907,0,15.6931,8.91351,0,3170,8485050099
63.2464,15.8112,68.9055,0,100,94,74,1455,3504,2.48907,0,15.6931,8.91351,0,3170,8500861853
52.4054,19.082,68.9055,0,100,94,74,1455,3504,2.48907,0,15.6931,8.91351,0,3170,8519945390
52.8426,18.9241,68.9055,0,100,94,74,1455,3504,2.48907,0,15.6931,8.91351,0,3170,8538869376
50.8518,19.665,68.9055,0,100,94,74,1455,3504,2.48907,0,15.6931,8.91351,0,3170,8558535573
54.0255,18.5098,68.9055,0,100,94,74,1455,3504,2.48907,0,15.6931,8.91351,0,3170,8577046217
51.506,19.4152,68.9055,0,100,94,74,1455,3504,2.48907,0,15.6931,8.91351,0,3170,8596463815
53.9926,18.5211,68.9055,0,100,94,74,1455,3504,2.48907,0,15.6931,8.91351,0,3170,8614984928
45.5612,21.9485,68.9055,0,100,94,74,1455,3504,2.48907,0,15.6931,8.91351,0,3170,8636936137
61.6022,16.2332,68.9055,0,100,94,74,1455,3504,2.48907,0,15.6931,8.91351,0,3170,8653169313
52.036,19.2174,68.9055,0,100,94,74,1455,3504,2.48907,0,15.6931,8.91351,0,3170,8672389021
53.0107,18.8641,68.9055,0,100,94,74,1455,3504,2.48907,0,15.6931,8.91351,0,3170,8691252325
49.7121,20.1158,68.9055,0,100,94,74,1455,3504,2.48907,0,15.6931,8.91351,0,3170,8711368796
55.4705,18.0276,68.9055,0,100,94,74,1455,3504,2.48907,0,15.6931,8.91351,0,3170,8729398254
47.496,21.0544,68.9055,0,100,94,74,1455,3504,2.48907,0,15.6931,8.91351,0,3170,8750453570
53.7396,18.6082,68.9055,0,100,94,74,1455,3504,2.48907,0,15.6931,8.91351,0,3170,8769063027
53.7577,18.602,68.9055,0,100,94,74,1455,3504,2.48907,0,15.6931,8.91351,0,3170,8787666087
54.9674,18.1926,68.9055,0,100,94,74,1455,3504,2.48907,0,15.6931,8.91351,0,3170,8805859171
48.0511,20.8112,68.9055,0,100,94,74,1455,3504,2.48907,0,15.6931,8.91351,0,3170,8826672342
57.3705,17.4306,68.9055,0,100,94,74,1455,3504,2.48907,0,15.6931,8.91351,0,3170,8844103121
52.1558,19.1733,68.9055,0,100,94,74,1455,3504,2.48907,0,15.6931,8.91351,0,3170,8863277368
52.5464,19.0308,68.9055,0,100,94,74,1455,3504,2.48907,0,15.6931,8.91351,0,3170,8882309421
50.729,19.7126,68.9055,0,100,94,74,1455,3504,2.48907,0,15.6931,8.91351,0,3170,8902031827
53.0996,18.8325,69.5545,0,100,96,74,1455,3504,2.48907,0,15.6924,8.91351,0,3485,8920857853
50.1588,19.9367,69.5545,0,100,96,74,1455,3504,2.48907,0,15.6924,8.91351,0,3485,8940796173
52.6797,18.9826,69.5545,0,100,96,74,1455,3504,2.48907,0,15.6924,8.91351,0,3485,8959779919
50.9601,19.6232,69.5545,0,100,96,74,1455,3504,2.48907,0,15.6924,8.91351,0,3485,8979406920
52.049,19.2127,69.5545,0,100,96,74,1455,3504,2.48907,0,15.6924,8.91351,0,3485,8998618915
48.198,20.7477,69.5545,0,100,96,74,1455,3504,2.48907,0,15.6924,8.91351,0,3485,9019368800
54.7314,18.271,69.5545,0,100,96,74,1455,3504,2.48907,0,15.6924,8.91351,0,3485,9037639467
50.9915,19.6111,69.5545,0,100,96,74,1455,3504,2.48907,0,15.6924,8.91351,0,3485,9057252580
52.0183,19.224,69.5545,0,100,96,74,1455,3504,2.48907,0,15.6924,8.91351,0,3485,9076477496
50.6192,19.7554,69.5545,0,100,96,74,1455,3504,2.48907,0,15.6924,8.91351,0,3485,9096233369
52.3377,19.1067,69.5545,0,100,96,74,1455,3504,2.48907,0,15.6924,8.91351,0,3485,9115340398
50.6166,19.7564,69.5545,0,100,96,74,1455,3504,2.48907,0,15.6924,8.91351,0,3485,9135098447
51.8737,19.2776,69.5545,0,100,96,74,1455,3504,2.48907,0,15.6924,8.91351,0,3485,9154376131
50.7394,19.7086,69.5545,0,100,96,74,1455,3504,2.48907,0,15.6924,8.91351,0,3485,9174086771
51.6389,19.3652,69.5545,0,100,96,74,1455,3504,2.48907,0,15.6924,8.91351,0,3485,9193451940
48.8253,20.4812,69.5545,0,100,96,74,1455,3504,2.48907,0,15.6924,8.91351,0,3485,9213935432
54.3662,18.3938,69.5545,0,100,96,74,1455,3504,2.48907,0,15.6924,8.91351,0,3485,9232328876
50.187,19.9255,69.5545,0,100,96,74,1455,3504,2.48907,0,15.6924,8.91351,0,3485,9252256603
51.5079,19.4145,69.5545,0,100,96,74,1455,3504,2.48907,0,15.6924,8.91351,0,3485,9271671362
51.0182,19.6009,69.5545,0,100,96,74,1455,3504,2.48907,0,15.6924,8.91351,0,3485,9291273906
51.7744,19.3146,69.5545,0,100,96,74,1455,3504,2.48907,0,15.6924,8.91351,0,3485,9310589568
49.8985,20.0407,69.5545,0,100,96,74,1455,3504,2.48907,0,15.6924,8.91351,0,3485,9330631822
51.778,19.3132,69.5545,0,100,96,74,1455,3504,2.48907,0,15.6924,8.91351,0,3485,9349945529
48.6964,20.5354,69.5545,0,100,96,74,1455,3504,2.48907,0,15.6924,8.91351,0,3485,9370482253
54.0924,18.4869,69.5545,0,100,96,74,1455,3504,2.48907,0,15.6924,8.91351,0,3485,9388970093
44.4759,22.4841,69.5545,0,100,96,74,1455,3504,2.48907,0,15.6924,8.91351,0,3485,9411460089
59.5418,16.7949,69.0773,0,100,96,74,1455,3504,2.48907,0,15.6924,8.91351,0,3352,9428250861
49.352,20.2626,69.0773,0,100,96,74,1455,3504,2.48907,0,15.6924,8.91351,0,3352,9448514743
52.6446,18.9953,69.0773,0,100,96,74,1455,3504,2.48907,0,15.6924,8.91351,0,3352,9467511811
50.4528,19.8205,69.0773,0,100,96,74,1455,3504,2.48907,0,15.6924,8.91351,0,3352,9487332459
51.3363,19.4794,69.0773,0,100,96,74,1455,3504,2.48907,0,15.6924,8.91351,0,3352,9506913497
45.9245,21.7749,69.0773,0,100,96,74,1455,3504,2.48907,0,15.6924,8.91351,0,3352,9528590008
56.8269,17.5973,69.0773,0,100,96,74,1455,3504,2.48907,0,15.6924,8.91351,0,3352,9546187694
50.9648,19.6214,69.0773,0,100,96,74,1455,3504,2.48907,0,15.6924,8.91351,0,3352,9565810032
51.4491,19.4367,69.0773,0,100,96,74,1455,3504,2.48907,0,15.6924,8.91351,0,3352,9585247547
49.5896,20.1655,69.0773,0,100,96,74,1455,3504,2.48907,0,15.6924,8.91351,0,3352,9605414245
51.9415,19.2524,69.0773,0,100,96,74,1455,3504,2.48907,0,15.6924,8.91351,0,3352,9624667524
47.4294,21.084,69.0773,0,100,96,74,1455,3504,2.48907,0,15.6924,8.91351,0,3352,9645752997
54.3245,18.4079,69.0773,0,100,96,74,1455,3504,2.48907,0,15.6924,8.91351,0,3352,9664162190
49.4295,20.2308,69.0773,0,100,96,74,1455,3504,2.48907,0,15.6924,8.91351,0,3352,9684394889
51.61,19.3761,69.0773,0,100,96,74,1455,3504,2.48907,0,15.6924,8.91351,0,3352,9703771345
50.0537,19.9785,69.0773,0,100,96,74,1455,3504,2.48907,0,15.6924,8.91351,0,3352,9723751076
51.8619,19.282,69.0773,0,100,96,74,1455,3504,2.48907,0,15.6924,8.91351,0,3352,9743034768
42.2337,23.6778,69.0773,0,100,96,74,1455,3504,2.48907,0,15.6924,8.91351,0,3352,9766713081
63.3873,15.776,69.0773,0,100,96,74,1455,3504,2.48907,0,15.6924,8.91351,0,3352,9782491199
49.2118,20.3203,69.0773,0,100,96,74,1455,3504,2.48907,0,15.6924,8.91351,0,3352,9802812402
51.4423,19.4392,69.0773,0,100,96,74,1455,3504,2.48907,0,15.6924,8.91351,0,3352,9822251790
50.3375,19.8659,69.0773,0,100,96,74,1455,3504,2.48907,0,15.6924,8.91351,0,3352,9842118644
50.8294,19.6736,69.0773,0,100,96,74,1455,3504,2.48907,0,15.6924,8.91351,0,3352,9861794088
49.6812,20.1284,69.0773,0,100,96,74,1455,3504,2.48907,0,15.6924,8.91351,0,3352,9881922797
51.8063,19.3027,69.0773,0,100,96,74,1455,3504,2.48907,0,15.6924,8.91351,0,3352,9901226228
49.9474,20.0211,69.0773,0,100,96,74,1455,3504,2.48907,0,15.6924,8.91351,0,3352,9921934943
51.1976,19.5322,68.0798,0,100,95,74,1455,3504,2.48907,0,15.692,8.91351,0,3411,9940781626
49.9909,20.0036,68.0798,0,100,95,74,1455,3504,2.48907,0,15.692,8.91351,0,3411,9960788492
51.1406,19.5539,68.0798,0,100,95,74,1455,3504,2.48907,0,15.692,8.91351,0,3411,9980342069
50.3505,19.8608,68.0798,0,100,95,74,1455,3504,2.48907,0,15.692,8.91351,0,3411,10000204028
51.3538,19.4728,68.0798,0,100,95,74,1455,3504,2.48907,0,15.692,8.91351,0,3411,10019677784
45.7968,21.8356,68.0798,0,100,95,74,1455,3504,2.48907,0,15.692,8.91351,0,3411,10041515464
52.2682,19.1321,68.0798,0,100,95,74,1455,3504,2.48907,0,15.692,8.91351,0,3411,10060647719
44.9742,22.235,68.0798,0,100,95,74,1455,3504,2.48907,0,15.692,8.91351,0,3411,10082883197
45.6861,21.8885,68.0798,0,100,95,74,1455,3504,2.48907,0,15.692,8.91351,0,3411,10104773688
32.5788,30.6948,68.0798,0,100,95,74,1455,3504,2.48907,0,15.692,8.91351,0,3411,10135470061
114.311,8.74804,68.0798,0,100,95,74,1455,3504,2.48907,0,15.692,8.91351,0,3411,10144219209
41.6531,24.0078,68.0798,0,100,95,74,1455,3504,2.48907,0,15.692,8.91351,0,3411,10168227177
51.5872,19.3847,68.0798,0,100,95,74,1455,3504,2.48907,0,15.692,8.91351,0,3411,10187613376
42.4785,23.5413,68.0798,0,100,95,74,1455,3504,2.48907,0,15.692,8.91351,0,3411,10211156041
64.216,15.5724,68.0798,0,100,95,74,1455,3504,2.48907,0,15.692,8.91351,0,3411,10226730228
51.0734,19.5797,68.0798,0,100,95,74,1455,3504,2.48907,0,15.692,8.91351,0,3411,10246311155
51.2174,19.5246,68.0798,0,100,95,74,1455,3504,2.48907,0,15.692,8.91351,0,3411,10265837364
51.5137,19.4123,68.0798,0,100,95,74,1455,3504,2.48907,0,15.692,8.91351,0,3411,10285251093
51.7943,19.3071,68.0798,0,100,95,74,1455,3504,2.48907,0,15.692,8.91351,0,3411,10304558256
47.1768,21.1969,68.0798,0,100,95,74,1455,3504,2.48907,0,15.692,8.91351,0,3411,10325756918
55.8994,17.8893,68.0798,0,100,95,74,1455,3504,2.48907,0,15.692,8.91351,0,3411,10343647670
48.2001,20.7469,68.0798,0,100,95,74,1455,3504,2.48907,0,15.692,8.91351,0,3411,10364396387
56.6565,17.6502,68.0798,0,100,95,74,1455,3504,2.48907,0,15.692,8.91351,0,3411,10382046558
50.9371,19.632,68.0798,0,100,95,74,1455,3504,2.48907,0,15.692,8.91351,0,3411,10401680135
52.2435,19.1411,68.0798,0,100,95,74,1455,3504,2.48907,0,15.692,8.91351,0,3411,10420822970
52.8313,18.9282,68.0798,0,100,95,74,1455,3504,2.48907,0,15.692,8.91351,0,3411,10439754836
52.4808,19.0546,77.7506,0,100,95,75,1455,3504,2.48907,0,15.6922,8.91314,0,3417,10458807925
50.5942,19.7651,77.7506,0,100,95,75,1455,3504,2.48907,0,15.6922,8.91314,0,3417,10478573970
55.7224,17.9461,77.7506,0,100,95,75,1455,3504,2.48907,0,15.6922,8.91314,0,3417,10496520188
52.0035,19.2295,77.7506,0,100,95,75,1455,3504,2.48907,0,15.6922,8.91314,0,3417,10515752106
53.3667,18.7383,77.7506,0,100,95,75,1455,3504,2.48907,0,15.6922,8.91314,0,3417,10534491114
51.5335,19.4049,77.7506,0,100,95,75,1455,3504,2.48907,0,15.6922,8.91314,0,3417,10553897626
55.4215,18.0435,77.7506,0,100,95,75,1455,3504,2.48907,0,15.6922,8.91314,0,3417,10571941485
52.2844,19.1262,77.7506,0,100,95,75,1455,3504,2.48907,0,15.6922,8.91314,0,3417,10591068880
54.163,18.4628,77.7506,0,100,95,75,1455,3504,2.48907,0,15.6922,8.91314,0,3417,10609532510
52.493,19.0501,77.7506,0,100,95,75,1455,3504,2.48907,0,15.6922,8.91314,0,3417,10628584876
53.5833,18.6625,77.7506,0,100,95,75,1455,3504,2.48907,0,15.6922,8.91314,0,3417,10647247636
52.9575,18.8831,77.7506,0,100,95,75,1455,3504,2.48907,0,15.6922,8.91314,0,3417,10666131734
53.7265,18.6128,77.7506,0,100,95,75,1455,3504,2.48907,0,15.6922,8.91314,0,3417,10684745559
52.2768,19.1289,77.7506,0,100,95,75,1455,3504,2.48907,0,15.6922,8.91314,0,3417,10703875615
54.2278,18.4407,77.7506,0,100,95,75,1455,3504,2.48907,0,15.6922,8.91314,0,3417,10722318254
50.9692,19.6197,77.7506,0,100,95,75,1455,3504,2.48907,0,15.6922,8.91314,0,3417,10741938086
55.8386,17.9088,77.7506,0,100,95,75,1455,3504,2.48907,0,15.6922,8.91314,0,3417,10759848105
47.2462,21.1657,77.7506,0,100,95,75,1455,3504,2.48907,0,15.6922,8.91314,0,3417,10781014670
61.6424,16.2226,77.7506,0,100,95,75,1455,3504,2.48907,0,15.6922,8.91314,0,3417,10797238250
52.6248,19.0025,77.7506,0,100,95,75,1455,3504,2.48907,0,15.6922,8.91314,0,3417,10816242054
53.589,18.6605,77.7506,0,100,95,75,1455,3504,2.48907,0,15.6922,8.91314,0,3417,10834903073
50.1097,19.9562,77.7506,0,100,95,75,1455,3504,2.48907,0,15.6922,8.91314,0,3417,10854860787
56.8312,17.596,77.7506,0,100,95,75,1455,3504,2.48907,0,15.6922,8.91314,0,3417,10872457730
49.8266,20.0696,77.7506,0,100,95,75,1455,3504,2.48907,0,15.6922,8.91314,0,3417,10892528142
56.8267,17.5974,77.7506,0,100,95,75,1455,3504,2.48907,0,15.6922,8.91314,0,3417,10910145141
49.1517,20.3452,77.7506,0,100,95,75,1455,3504,2.48907,0,15.6922,8.91314,0,3417,10930473257
57.8008,17.3008,77.7506,0,100,95,75,1455,3504,2.48907,0,15.6922,8.91314,0,3417,10947777992
46.6076,21.4557,72.7723,0,99,97,75,1542,3504,2.48907,0,15.6979,8.91314,0,3400,10969232217
61.7979,16.1818,72.7723,0,99,97,75,1542,3504,2.48907,0,15.6979,8.91314,0,3400,10985432896
48.9616,20.4242,72.7723,0,99,97,75,1542,3504,2.48907,0,15.6979,8.91314,0,3400,11005841273
58.2338,17.1722,72.7723,0,99,97,75,1542,3504,2.48907,0,15.6979,8.91314,0,3400,11023013814
49.5948,20.1634,72.7723,0,99,97,75,1542,3504,2.48907,0,15.6979,8.91314,0,3400,11043177413
57.1677,17.4924,72.7723,0,99,97,75,1542,3504,2.48907,0,15.6979,8.91314,0,3400,11060670783
44.1313,22.6597,72.7723,0,99,97,75,1542,3504,2.48907,0,15.6979,8.91314,0,3400,11083331013
66.3777,15.0653,72.7723,0,99,97,75,1542,3504,2.48907,0,15.6979,8.91314,0,3400,11098398298
52.4604,19.062,72.7723,0,99,97,75,1542,3504,2.48907,0,15.6979,8.91314,0,3400,11117462531
53.566,18.6686,72.7723,0,99,97,75,1542,3504,2.48907,0,15.6979,8.91314,0,3400,11136131146
53.3602,18.7405,72.7723,0,99,97,75,1542,3504,2.48907,0,15.6979,8.91314,0,3400,11154873484
53.4386,18.7131,72.7723,0,99,97,75,1542,3504,2.48907,0,15.6979,8.91314,0,3400,11173587611
51.3387,19.4785,72.7723,0,99,97,75,1542,3504,2.48907,0,15.6979,8.91314,0,3400,11193067213
54.9773,18.1893,72.7723,0,99,97,75,1542,3504,2.48907,0,15.6979,8.91314,0,3400,11211257755
45.9843,21.7466,72.7723,0,99,97,75,1542,3504,2.48907,0,15.6979,8.91314,0,3400,11233005411
63.912,15.6465,72.7723,0,99,97,75,1542,3504,2.48907,0,15.6979,8.91314,0,3400,11248666183
51.2496,19.5124,72.7723,0,99,97,75,1542,3504,2.48907,0,15.6979,8.91314,0,3400,11268194400
55.1188,18.1426,72.7723,0,99,97,75,1542,3504,2.48907,0,15.6979,8.91314,0,3400,11286310085
52.9719,18.8779,72.7723,0,99,97,75,1542,3504,2.48907,0,15.6979,8.91314,0,3400,11305189311
53.5905,18.66,72.7723,0,99,97,75,1542,3504,2.48907,0,15.6979,8.91314,0,3400,11323850219
52.7974,18.9403,72.7723,0,99,97,75,1542,3504,2.48907,0,15.6979,8.91314,0,3400,11342792522
53.746,18.606,72.7723,0,99,97,75,1542,3504,2.48907,0,15.6979,8.91314,0,3400,11361398969
51.6774,19.3508,72.7723,0,99,97,75,1542,3504,2.48907,0,15.6979,8.91314,0,3400,11380750981
54.7104,18.2781,72.7723,0,99,97,75,1542,3504,2.48907,0,15.6979,8.91314,0,3400,11399029457
52.1642,19.1702,72.7723,0,99,97,75,1542,3504,2.48907,0,15.6979,8.91314,0,3400,11418201534
54.4101,18.3789,72.7723,0,99,97,75,1542,3504,2.48907,0,15.6979,8.91314,0,3400,11436580658
48.0032,20.832,72.7723,0,99,97,75,1542,3504,2.48907,0,15.6979,8.91314,0,3400,11457439265
59.7776,16.7287,68.7657,0,100,97,76,1569,3504,2.48907,0,15.6857,8.91314,0,3400,11474144018
48.2676,20.7178,68.7657,0,100,97,76,1569,3504,2.48907,0,15.6857,8.91314,0,3400,11494863262
59.391,16.8376,68.7657,0,100,97,76,1569,3504,2.48907,0,15.6857,8.91314,0,3400,11511701809
50.1077,19.957,68.7657,0,100,97,76,1569,3504,2.48907,0,15.6857,8.91314,0,3400,11531658741
56.3663,17.7411,68.7657,0,100,97,76,1569,3504,2.48907,0,15.6857,8.91314,0,3400,11549401751
45.2921,22.0789,68.7657,0,100,97,76,1569,3504,2.48907,0,15.6857,8.91314,0,3400,11571481688
64.6426,15.4697,68.7657,0,100,97,76,1569,3504,2.48907,0,15.6857,8.91314,0,3400,11586952780
46.3501,21.5749,68.7657,0,100,97,76,1569,3504,2.48907,0,15.6857,8.91314,0,3400,11608528678
62.0574,16.1141,68.7657,0,100,97,76,1569,3504,2.48907,0,15.6857,8.91314,0,3400,11624643804
46.7733,21.3797,68.7657,0,100,97,76,1569,3504,2.48907,0,15.6857,8.91314,0,3400,11646025404
61.8689,16.1632,68.7657,0,100,97,76,1569,3504,2.48907,0,15.6857,8.91314,0,3400,11662188961
53.0514,18.8496,68.7657,0,100,97,76,1569,3504,2.48907,0,15.6857,8.91314,0,3400,11681040297
53.5234,18.6834,68.7657,0,100,97,76,1569,3504,2.48907,0,15.6857,8.91314,0,3400,11699723786
53.1814,18.8036,68.7657,0,100,97,76,1569,3504,2.48907,0,15.6857,8.91314,0,3400,11718529325
53.2991,18.7621,68.7657,0,100,97,76,1569,3504,2.48907,0,15.6857,8.91314,0,3400,11737291421
45.4839,21.9858,68.7657,0,100,97,76,1569,3504,2.48907,0,15.6857,8.91314,0,3400,11759279200
64.0046,15.6239,68.7657,0,100,97,76,1569,3504,2.48907,0,15.6857,8.91314,0,3400,11774903772
46.1394,21.6735,68.7657,0,100,97,76,1569,3504,2.48907,0,15.6857,8.91314,0,3400,11796577965
60.1922,16.6134,68.7657,0,100,97,76,1569,3504,2.48907,0,15.6857,8.91314,0,3400,11813192987
52.2012,19.1566,68.7657,0,100,97,76,1569,3504,2.48907,0,15.6857,8.91314,0,3400,11832350669
55.019,18.1755,68.7657,0,100,97,76,1569,3504,2.48907,0,15.6857,8.91314,0,3400,11850526656
45.7934,21.8372,68.7657,0,100,97,76,1569,3504,2.48907,0,15.6857,8.91314,0,3400,11872365864
63.0553,15.8591,68.7657,0,100,97,76,1569,3504,2.48907,0,15.6857,8.91314,0,3400,11888238196
53.525,18.6829,68.7657,0,100,97,76,1569,3504,2.48907,0,15.6857,8.91314,0,3400,11906910476
53.507,18.6892,68.7657,0,100,97,76,1569,3504,2.48907,0,15.6857,8.91314,0,3400,11925600116
53.0444,18.8521,68.7657,0,100,97,76,1569,3504,2.48907,0,15.6857,8.91314,0,3400,11944453058
52.9645,18.8806,68.7657,0,100,97,76,1569,3504,2.48907,0,15.6857,8.91314,0,3400,11963336597
52.4703,19.0584,73.3668,0,100,97,76,1569,3504,2.48907,0,15.6872,8.91314,0,3417,11982393811
54.7632,18.2604,73.3668,0,100,97,76,1569,3504,2.48907,0,15.6872,8.91314,0,3417,12000658797
49.0775,20.376,73.3668,0,100,97,76,1569,3504,2.48907,0,15.6872,8.91314,0,3417,12021032607
58.0293,17.2327,73.3668,0,100,97,76,1569,3504,2.48907,0,15.6872,8.91314,0,3417,12038266372
47.9844,20.8401,73.3668,0,100,97,76,1569,3504,2.48907,0,15.6872,8.91314,0,3417,12059107850
60.2381,16.6008,73.3668,0,100,97,76,1569,3504,2.48907,0,15.6872,8.91314,0,3417,12075708932
49.5087,20.1985,73.3668,0,100,97,76,1569,3504,2.48907,0,15.6872,8.91314,0,3417,12095909438
57.0601,17.5254,73.3668,0,100,97,76,1569,3504,2.48907,0,15.6872,8.91314,0,3417,12113434920
53.2996,18.7619,73.3668,0,100,97,76,1569,3504,2.48907,0,15.6872,8.91314,0,3417,12132199142
53.0984,18.8329,73.3668,0,100,97,76,1569,3504,2.48907,0,15.6872,8.91314,0,3417,12151032514
49.3536,20.2619,73.3668,0,100,97,76,1569,3504,2.48907,0,15.6872,8.91314,0,3417,12171295426
58.4365,17.1126,73.3668,0,100,97,76,1569,3504,2.48907,0,15.6872,8.91314,0,3417,12188422273
53.3093,18.7585,73.3668,0,100,97,76,1569,3504,2.48907,0,15.6872,8.91314,0,3417,12207168539
53.5458,18.6756,73.3668,0,100,97,76,1569,3504,2.48907,0,15.6872,8.91314,0,3417,12225844592
52.6886,18.9794,73.3668,0,100,97,76,1569,3504,2.48907,0,15.6872,8.91314,0,3417,12244826028
53.4221,18.7189,73.3668,0,100,97,76,1569,3504,2.48907,0,15.6872,8.91314,0,3417,12263545153
52.539,19.0335,73.3668,0,100,97,76,1569,3504,2.48907,0,15.6872,8.91314,0,3417,12282581235
53.9715,18.5283,73.3668,0,100,97,76,1569,3504,2.48907,0,15.6872,8.91314,0,3417,12301108663
52.8723,18.9135,73.3668,0,100,97,76,1569,3504,2.48907,0,15.6872,8.91314,0,3417,12320023474
47.9071,20.8737,73.3668,0,100,97,76,1569,3504,2.48907,0,15.6872,8.91314,0,3417,12340898759
60.5215,16.523,73.3668,0,100,97,76,1569,3504,2.48907,0,15.6872,8.91314,0,3417,12357422729
54.2538,18.4319,73.3668,0,100,97,76,1569,3504,2.48907,0,15.6872,8.91314,0,3417,12375855154
48.8622,20.4657,73.3668,0,100,97,76,1569,3504,2.48907,0,15.6872,8.91314,0,3417,12396322548
58.0366,17.2305,73.3668,0,100,97,76,1569,3504,2.48907,0,15.6872,8.91314,0,3417,12413554045
48.6712,20.546,73.3668,0,100,97,76,1569,3504,2.48907,0,15.6872,8.91314,0,3417,12434100582
58.7386,17.0246,73.3668,0,100,97,76,1569,3504,2.48907,0,15.6872,8.91314,0,3417,12451126469
50.254,19.8989,73.3668,0,100,97,76,1569,3504,2.48907,0,15.6872,8.91314,0,3417,12471029837
57.3,17.452,64.8379,0,100,97,76,1569,3504,2.48907,0,15.6864,8.91314,0,3402,12488480069
53.1192,18.8256,64.8379,0,100,97,76,1569,3504,2.48907,0,15.6864,8.91314,0,3402,12507306198
52.6623,18.9889,64.8379,0,100,97,76,1569,3504,2.48907,0,15.6864,8.91314,0,3402,12526295910
47.4716,21.0652,64.8379,0,100,97,76,1569,3504,2.48907,0,15.6864,8.91314,0,3402,12547362451
61.7402,16.1969,64.8379,0,100,97,76,1569,3504,2.48907,0,15.6864,8.91314,0,3402,12563587764
53.2674,18.7732,64.8379,0,100,97,76,1569,3504,2.48907,0,15.6864,8.91314,0,3402,12582334789
53.7944,18.5893,64.8379,0,100,97,76,1569,3504,2.48907,0,15.6864,8.91314,0,3402,12600925130
52.0118,19.2264,64.8379,0,100,97,76,1569,3504,2.48907,0,15.6864,8.91314,0,3402,12620153288
54.2479,18.4339,64.8379,0,100,97,76,1569,3504,2.48907,0,15.6864,8.91314,0,3402,12638586855
51.8142,19.2997,64.8379,0,100,97,76,1569,3504,2.48907,0,15.6864,8.91314,0,3402,12657888203
53.9221,18.5453,64.8379,0,100,97,76,1569,3504,2.48907,0,15.6864,8.91314,0,3402,12676434051
53.3944,18.7286,64.8379,0,100,97,76,1569,3504,2.48907,0,15.6864,8.91314,0,3402,12695166546
53.4639,18.7042,64.8379,0,100,97,76,1569,3504,2.48907,0,15.6864,8.91314,0,3402,12713869740
52.8599,18.9179,64.8379,0,100,97,76,1569,3504,2.48907,0,15.6864,8.91314,0,3402,12732789344
53.3151,18.7564,64.8379,0,100,97,76,1569,3504,2.48907,0,15.6864,8.91314,0,3402,12751559663
50.6369,19.7484,64.8379,0,100,97,76,1569,3504,2.48907,0,15.6864,8.91314,0,3402,12771296158
56.0137,17.8528,64.8379,0,100,97,76,1569,3504,2.48907,0,15.6864,8.91314,0,3402,12789150155
46.4491,21.529,64.8379,0,100,97,76,1569,3504,2.48907,0,15.6864,8.91314,0,3402,12810681329
58.2715,17.161,64.8379,0,100,97,76,1569,3504,2.48907,0,15.6864,8.91314,0,3402,12827842062
52.4835,19.0536,64.8379,0,100,97,76,1569,3504,2.48907,0,15.6864,8.91314,0,3402,12846910123
53.7788,18.5947,64.8379,0,100,97,76,1569,3504,2.48907,0,15.6864,8.91314,0,3402,12865492554
48.2896,20.7084,64.8379,0,100,97,76,1569,3504,2.48907,0,15.6864,8.91314,0,3402,12886202839
58.8633,16.9885,64.8379,0,100,97,76,1569,3504,2.48907,0,15.6864,8.91314,0,3402,12903192534
52.914,18.8986,64.8379,0,100,97,76,1569,3504,2.48907,0,15.6864,8.91314,0,3402,12922092089
53.5757,18.6652,64.8379,0,100,97,76,1569,3504,2.48907,0,15.6864,8.91314,0,3402,12940758738
46.0621,21.7098,64.8379,0,100,97,76,1569,3504,2.48907,0,15.6864,8.91314,0,3402,12962469918
62.4984,16.0004,64.8379,0,100,97,76,1569,3504,2.48907,0,15.6864,8.91314,0,3402,12978475861
51.8903,19.2714,71.0723,0,100,96,76,1563,3504,2.48907,0,15.6864,8.91314,0,3462,12997742774
54.4244,18.3741,71.0723,0,100,96,76,1563,3504,2.48907,0,15.6864,8.91314,0,3462,13016118080
50.7206,19.7159,71.0723,0,100,96,76,1563,3504,2.48907,0,15.6864,8.91314,0,3462,13035835237
56.0708,17.8346,71.0723,0,100,96,76,1563,3504,2.48907,0,15.6864,8.91314,0,3462,13053670203
51.4402,19.44,71.0723,0,100,96,76,1563,3504,2.48907,0,15.6864,8.91314,0,3462,13073111375
54.8504,18.2314,71.0723,0,100,96,76,1563,3504,2.48907,0,15.6864,8.91314,0,3462,13091343393
48.7462,20.5144,71.0723,0,100,96,76,1563,3504,2.48907,0,15.6864,8.91314,0,3462,13111858867
58.5102,17.091,71.0723,0,100,96,76,1563,3504,2.48907,0,15.6864,8.91314,0,3462,13128957290
44.4963,22.4738,71.0723,0,100,96,76,1563,3504,2.48907,0,15.6864,8.91314,0,3462,13151425525
65.2277,15.3309,71.0723,0,100,96,76,1563,3504,2.48907,0,15.6864,8.91314,0,3462,13166757221
52.6376,18.9978,71.0723,0,100,96,76,1563,3504,2.48907,0,15.6864,8.91314,0,3462,13185756894
53.6185,18.6503,71.0723,0,100,96,76,1563,3504,2.48907,0,15.6864,8.91314,0,3462,13204407393
53.1795,18.8042,71.0723,0,100,96,76,1563,3504,2.48907,0,15.6864,8.91314,0,3462,13223213311
54.8738,18.2236,71.0723,0,100,96,76,1563,3504,2.48907,0,15.6864,8.91314,0,3462,13241450719
54.7332,18.2705,71.0723,0,100,96,76,1563,3504,2.48907,0,15.6864,8.91314,0,3462,13259709520
54.4208,18.3753,71.0723,0,100,96,76,1563,3504,2.48907,0,15.6864,8.91314,0,3462,13278085622
48.5576,20.5941,71.0723,0,100,96,76,1563,3504,2.48907,0,15.6864,8.91314,0,3462,13298679828
62.4622,16.0097,71.0723,0,100,96,76,1563,3504,2.48907,0,15.6864,8.91314,0,3462,13314690349
53.5458,18.6756,71.0723,0,100,96,76,1563,3504,2.48907,0,15.6864,8.91314,0,3462,13333369996
56.5086,17.6964,71.0723,0,100,96,76,1563,3504,2.48907,0,15.6864,8.91314,0,3462,13351065523
55.081,18.1551,71.0723,0,100,96,76,1563,3504,2.48907,0,15.6864,8.91314,0,3462,13369222148
55.1219,18.1416,71.0723,0,100,96,76,1563,3504,2.48907,0,15.6864,8.91314,0,3462,13387364056
55.2188,18.1098,71.0723,0,100,96,76,1563,3504,2.48907,0,15.6864,8.91314,0,3462,13405475401
55.1886,18.1197,71.0723,0,100,96,76,1563,3504,2.48907,0,15.6864,8.91314,0,3462,13423613454
54.2396,18.4367,71.0723,0,100,96,76,1563,3504,2.48907,0,15.6864,8.91314,0,3462,13442033391
57.151,17.4975,71.0723,0,100,96,76,1563,3504,2.48907,0,15.6864,8.91314,0,3462,13459532418
55.6955,17.9548,71.0723,0,100,96,76,1563,3504,2.48907,0,15.6864,8.91314,0,3462,13477488334
55.7192,17.9471,71.0723,0,100,96,76,1563,3504,2.48907,0,15.6864,8.91314,0,3462,13495446832
55.1788,18.1229,68.3698,0,100,96,76,1568,3504,2.48907,0,15.6867,8.91314,0,3234,13513561641
56.0694,17.835,68.3698,0,100,96,76,1568,3504,2.48907,0,15.6867,8.91314,0,3234,13531396974
55.6158,17.9805,68.3698,0,100,96,76,1568,3504,2.48907,0,15.6867,8.91314,0,3234,13549379029
55.0335,18.1708,68.3698,0,100,96,76,1568,3504,2.48907,0,15.6867,8.91314,0,3234,13567563236
56.0825,17.8309,68.3698,0,100,96,76,1568,3504,2.48907,0,15.6867,8.91314,0,3234,13585383122
55.3045,18.0817,68.3698,0,100,96,76,1568,3504,2.48907,0,15.6867,8.91314,0,3234,13603464742
52.7008,18.9751,68.3698,0,100,96,76,1568,3504,2.48907,0,15.6867,8.91314,0,3234,13622441047
58.4117,17.1199,68.3698,0,100,96,76,1568,3504,2.48907,0,15.6867,8.91314,0,3234,13639561219
54.7247,18.2733,68.3698,0,100,96,76,1568,3504,2.48907,0,15.6867,8.91314,0,3234,13657836721
55.111,18.1452,68.3698,0,100,96,76,1568,3504,2.48907,0,15.6867,8.91314,0,3234,13675996007
55.3512,18.0665,68.3698,0,100,96,76,1568,3504,2.48907,0,15.6867,8.91314,0,3234,13694051491
55.3826,18.0562,68.3698,0,100,96,76,1568,3504,2.48907,0,15.6867,8.91314,0,3234,13712108053
54.9925,18.1843,68.3698,0,100,96,76,1568,3504,2.48907,0,15.6867,8.91314,0,3234,13730293176
55.5549,18.0002,68.3698,0,100,96,76,1568,3504,2.48907,0,15.6867,8.91314,0,3234,13748294341
49.565,20.1755,68.3698,0,100,96,76,1568,3504,2.48907,0,15.6867,8.91314,0,3234,13768471816
62.9785,15.8784,68.3698,0,100,96,76,1568,3504,2.48907,0,15.6867,8.91314,0,3234,13784351455
54.0346,18.5067,68.3698,0,100,96,76,1568,3504,2.48907,0,15.6867,8.91314,0,3234,13802859918
56.7595,17.6182,68.3698,0,100,96,76,1568,3504,2.48907,0,15.6867,8.91314,0,3234,13820478291
53.3404,18.7475,68.3698,0,100,96,76,1568,3504,2.48907,0,15.6867,8.91314,0,3234,13839228162
57.5539,17.375,68.3698,0,100,96,76,1568,3504,2.48907,0,15.6867,8.91314,0,3234,13856603968
55.3293,18.0736,68.3698,0,100,96,76,1568,3504,2.48907,0,15.6867,8.91314,0,3234,13874678655
55.695,17.9549,68.3698,0,100,96,76,1568,3504,2.48907,0,15.6867,8.91314,0,3234,13892647115
49.5803,20.1693,68.3698,0,100,96,76,1568,3504,2.48907,0,15.6867,8.91314,0,3234,13912805436
63.5056,15.7466,68.3698,0,100,96,76,1568,3504,2.48907,0,15.6867,8.91314,0,3234,13928552519
51.492,19.4205,68.3698,0,100,96,76,1568,3504,2.48907,0,15.6867,8.91314,0,3234,13947974616
59.6517,16.764,68.3698,0,100,96,76,1568,3504,2.48907,0,15.6867,8.91314,0,3234,13964738726
55.5402,18.005,68.3698,0,100,96,76,1568,3504,2.48907,0,15.6867,8.91314,0,3234,13982746014
55.1462,18.1336,68.3698,0,100,96,76,1568,3504,2.48907,0,15.6867,8.91314,0,3234,14000883673
55.5822,17.9914,72.2084,0,100,96,77,1635,3504,2.48907,0,15.6869,8.91314,0,3447,14018874245
56.1668,17.8041,72.2084,0,100,96,77,1635,3504,2.48907,0,15.6869,8.91314,0,3447,14036678599
53.3547,18.7425,72.2084,0,100,96,77,1635,3504,2.48907,0,15.6869,8.91314,0,3447,14055422690
58.107,17.2096,72.2084,0,100,96,77,1635,3504,2.48907,0,15.6869,8.91314,0,3447,14072633920
51.3385,19.4786,72.2084,0,100,96,77,1635,3504,2.48907,0,15.6869,8.91314,0,3447,14092114690
56.0299,17.8476,72.2084,0,100,96,77,1635,3504,2.48907,0,15.6869,8.91314,0,3447,14109962475
56.4286,17.7215,72.2084,0,100,96,77,1635,3504,2.48907,0,15.6869,8.91314,0,3447,14127685087
59.085,16.9248,72.2084,0,100,96,77,1635,3504,2.48907,0,15.6869,8.91314,0,3447,14144610931
52.3702,19.0948,72.2084,0,100,96,77,1635,3504,2.48907,0,15.6869,8.91314,0,3447,14163707719
59.3378,16.8527,72.2084,0,100,96,77,1635,3504,2.48907,0,15.6869,8.91314,0,3447,14180582603
54.4956,18.3501,72.2084,0,100,96,77,1635,3504,2.48907,0,15.6869,8.91314,0,3447,14198914404
57.0829,17.5184,72.2084,0,100,96,77,1635,3504,2.48907,0,15.6869,8.91314,0,3447,14216433271
55.2133,18.1116,72.2084,0,100,96,77,1635,3504,2.48907,0,15.6869,8.91314,0,3447,14234546147
56.1454,17.8109,72.2084,0,100,96,77,1635,3504,2.48907,0,15.6869,8.91314,0,3447,14252357897
55.2597,18.0964,72.2084,0,100,96,77,1635,3504,2.48907,0,15.6869,8.91314,0,3447,14270456227
55.5614,17.9981,72.2084,0,100,96,77,1635,3504,2.48907,0,15.6869,8.91314,0,3447,14288453924
52.0968,19.195,72.2084,0,100,96,77,1635,3504,2.48907,0,15.6869,8.91314,0,3447,14307650381
60.1439,16.6268,72.2084,0,100,96,77,1635,3504,2.48907,0,15.6869,8.91314,0,3447,14324278060
54.7316,18.271,72.2084,0,100,96,77,1635,3504,2.48907,0,15.6869,8.91314,0,3447,14342561932
56.9272,17.5663,72.2084,0,100,96,77,1635,3504,2.48907,0,15.6869,8.91314,0,3447,14360115906
55.1014,18.1483,72.2084,0,100,96,77,1635,3504,2.48907,0,15.6869,8.91314,0,3447,14378266955
56.323,17.7547,72.2084,0,100,96,77,1635,3504,2.48907,0,15.6869,8.91314,0,3447,14396021539
47.0905,21.2357,72.2084,0,100,96,77,1635,3504,2.48907,0,15.6869,8.91314,0,3447,14417258199
68.3813,14.6239,72.2084,0,100,96,77,1635,3504,2.48907,0,15.6869,8.91314,0,3447,14431883391
46.5068,21.5022,72.2084,0,100,96,77,1635,3504,2.48907,0,15.6869,8.91314,0,3447,14453387069
69.344,14.4209,72.2084,0,100,96,77,1635,3504,2.48907,0,15.6869,8.91314,0,3447,14467808633
52.1526,19.1745,72.2084,0,100,96,77,1635,3504,2.48907,0,15.6869,8.91314,0,3447,14486983694
59.4652,16.8166,72.2084,0,100,96,77,1635,3504,2.48907,0,15.6869,8.91314,0,3447,14503802295
55.9486,17.8735,66.9211,0,100,96,78,1632,3504,2.48907,0,15.6721,8.91314,0,3425,14521676079
56.235,17.7825,66.9211,0,100,96,78,1632,3504,2.48907,0,15.6721,8.91314,0,3425,14539458222
55.154,18.1311,66.9211,0,100,96,78,1632,3504,2.48907,0,15.6721,8.91314,0,3425,14557591312
56.0369,17.8454,66.9211,0,100,96,78,1632,3504,2.48907,0,15.6721,8.91314,0,3425,14575437746
47.5395,21.0351,66.9211,0,100,96,78,1632,3504,2.48907,0,15.6721,8.91314,0,3425,14596474889
67.9888,14.7083,66.9211,0,100,96,78,1632,3504,2.48907,0,15.6721,8.91314,0,3425,14611183230
55.2603,18.0962,66.9211,0,100,96,78,1632,3504,2.48907,0,15.6721,8.91314,0,3425,14629280791
56.3966,17.7316,66.9211,0,100,96,78,1632,3504,2.48907,0,15.6721,8.91314,0,3425,14647013616
53.1604,18.811,66.9211,0,100,96,78,1632,3504,2.48907,0,15.6721,8.91314,0,3425,14665825135
58.9318,16.9688,66.9211,0,100,96,78,1632,3504,2.48907,0,15.6721,8.91314,0,3425,14682795370
50.7145,19.7182,66.9211,0,100,96,78,1632,3504,2.48907,0,15.6721,8.91314,0,3425,14702514404
62.1171,16.0986,66.9211,0,100,96,78,1632,3504,2.48907,0,15.6721,8.91314,0,3425,14718614103
48.0028,20.8321,66.9211,0,100,96,78,1632,3504,2.48907,0,15.6721,8.91314,0,3425,14739447443
67.4882,14.8174,66.9211,0,100,96,78,1632,3504,2.48907,0,15.6721,8.91314,0,3425,14754264793
56.0205,17.8506,66.9211,0,100,96,78,1632,3504,2.48907,0,15.6721,8.91314,0,3425,14772116830
55.9724,17.8659,66.9211,0,100,96,78,1632,3504,2.48907,0,15.6721,8.91314,0,3425,14789984343
54.7895,18.2517,66.9211,0,100,96,78,1632,3504,2.48907,0,15.6721,8.91314,0,3425,14808236786
56.4282,17.7216,66.9211,0,100,96,78,1632,3504,2.48907,0,15.6721,8.91314,0,3425,14825959696
55.7874,17.9252,66.9211,0,100,96,78,1632,3504,2.48907,0,15.6721,8.91314,0,3425,14843886845
56.3703,17.7398,66.9211,0,100,96,78,1632,3504,2.48907,0,15.6721,8.91314,0,3425,14861627236
55.6995,17.9535,66.9211,0,100,96,78,1632,3504,2.48907,0,15.6721,8.91314,0,3425,14879582618
56.4876,17.703,66.9211,0,100,96,78,1632,3504,2.48907,0,15.6721,8.91314,0,3425,14897285483
44.624,22.4095,66.9211,0,100,96,78,1632,3504,2.48907,0,15.6721,8.91314,0,3425,14919697073
75.624,13.2233,66.9211,0,100,96,78,1632,3504,2.48907,0,15.6721,8.91314,0,3425,14932920503
55.9133,17.8848,66.9211,0,100,96,78,1632,3504,2.48907,0,15.6721,8.91314,0,3425,14950807677
56.0821,17.831,66.9211,0,100,96,78,1632,3504,2.48907,0,15.6721,8.91314,0,3425,14968638717
53.8941,18.5549,66.9211,0,100,96,78,1632,3504,2.48907,0,15.6721,8.91314,0,3425,14987195200
58.5631,17.0756,66.9211,0,100,96,78,1632,3504,2.48907,0,15.6721,8.91314,0,3425,15004286688
53.8847,18.5581,72.3192,0,100,97,78,1632,3504,2.48907,0,15.6721,8.91314,0,3451,15022832006
58.7812,17.0122,72.3192,0,100,97,78,1632,3504,2.48907,0,15.6721,8.91314,0,3451,15039844627
49.1496,20.346,72.3192,0,100,97,78,1632,3504,2.48907,0,15.6721,8.91314,0,3451,15060192010
65.4254,15.2846,72.3192,0,100,97,78,1632,3504,2.48907,0,15.6721,8.91314,0,3451,15075478169
55.8709,17.8984,72.3192,0,100,97,78,1632,3504,2.48907,0,15.6721,8.91314,0,3451,15093378568
56.3652,17.7414,72.3192,0,100,97,78,1632,3504,2.48907,0,15.6721,8.91314,0,3451,15111120963
55.8129,17.917,72.3192,0,100,97,78,1632,3504,2.48907,0,15.6721,8.91314,0,3451,15129039295
56.9527,17.5584,72.3192,0,100,97,78,1632,3504,2.48907,0,15.6721,8.91314,0,3451,15146599670
55.8144,17.9165,72.3192,0,100,97,78,1632,3504,2.48907,0,15.6721,8.91314,0,3451,15164524286
57.1441,17.4996,72.3192,0,100,97,78,1632,3504,2.48907,0,15.6721,8.91314,0,3451,15182017194
54.7071,18.2792,72.3192,0,100,97,78,1632,3504,2.48907,0,15.6721,8.91314,0,3451,15200297978
58.4455,17.11,72.3192,0,100,97,78,1632,3504,2.48907,0,15.6721,8.91314,0,3451,15217409513
53.7297,18.6117,72.3192,0,100,97,78,1632,3504,2.48907,0,15.6721,8.91314,0,3451,15236022477
60.0314,16.6579,72.3192,0,100,97,78,1632,3504,2.48907,0,15.6721,8.91314,0,3451,15252680773
51.2671,19.5057,72.3192,0,100,97,78,1632,3504,2.48907,0,15.6721,8.91314,0,3451,15272187772
63.3259,15.7913,72.3192,0,100,97,78,1632,3504,2.48907,0,15.6721,8.91314,0,3451,15287980380
55.1473,18.1332,72.3192,0,100,97,78,1632,3504,2.48907,0,15.6721,8.91314,0,3451,15306114790
58.5874,17.0685,72.3192,0,100,97,78,1632,3504,2.48907,0,15.6721,8.91314,0,3451,15323196599
55.7887,17.9248,72.3192,0,100,97,78,1632,3504,2.48907,0,15.6721,8.91314,0,3451,15341110094
58.2877,17.1563,72.3192,0,100,97,78,1632,3504,2.48907,0,15.6721,8.91314,0,3451,15358267586
55.6317,17.9754,72.3192,0,100,97,78,1632,3504,2.48907,0,15.6721,8.91314,0,3451,15376244006
58.5908,17.0675,72.3192,0,100,97,78,1632,3504,2.48907,0,15.6721,8.91314,0,3451,15393311639
56.4839,17.7042,72.3192,0,100,97,78,1632,3504,2.48907,0,15.6721,8.91314,0,3451,15411018545
57.6169,17.356,72.3192,0,100,97,78,1632,3504,2.48907,0,15.6721,8.91314,0,3451,15428374101
48.1521,20.7675,72.3192,0,100,97,78,1632,3504,2.48907,0,15.6721,8.91314,0,3451,15449143728
69.2618,14.438,72.3192,0,100,97,78,1632,3504,2.48907,0,15.6721,8.91314,0,3451,15463582254
57.6284,17.3526,72.3192,0,100,97,78,1632,3504,2.48907,0,15.6721,8.91314,0,3451,15480938178
57.5918,17.3636,72.3192,0,100,97,78,1632,3504,2.48907,0,15.6721,8.91314,0,3451,15498299936
56.0376,17.8452,72.3192,0,100,97,78,1632,3504,2.48907,0,15.6721,8.91314,0,3451,15516149208
58.0524,17.2258,71.8519,0,100,97,78,1634,3504,2.48907,0,15.714,8.91314,0,3400,15533373856
56.2535,17.7767,71.8519,0,100,97,78,1634,3504,2.48907,0,15.714,8.91314,0,3400,15551152944
58.1302,17.2027,71.8519,0,100,97,78,1634,3504,2.48907,0,15.714,8.91314,0,3400,15568355524
55.6169,17.9802,71.8519,0,100,97,78,1634,3504,2.48907,0,15.714,8.91314,0,3400,15586336449
59.5627,16.789,71.8519,0,100,97,78,1634,3504,2.48907,0,15.714,8.91314,0,3400,15603126560
54.2784,18.4235,71.8519,0,100,97,78,1634,3504,2.48907,0,15.714,8.91314,0,3400,15621552567
60.7891,16.4503,71.8519,0,100,97,78,1634,3504,2.48907,0,15.714,8.91314,0,3400,15638002270
56.8515,17.5897,71.8519,0,100,97,78,1634,3504,2.48907,0,15.714,8.91314,0,3400,15655593276
57.6909,17.3338,71.8519,0,100,97,78,1634,3504,2.48907,0,15.714,8.91314,0,3400,15672928347
56.9732,17.5521,71.8519,0,100,97,78,1634,3504,2.48907,0,15.714,8.91314,0,3400,15690482357
57.4592,17.4036,71.8519,0,100,97,78,1634,3504,2.48907,0,15.714,8.91314,0,3400,15707885439
46.9994,21.2769,71.8519,0,100,97,78,1634,3504,2.48907,0,15.714,8.91314,0,3400,15729181826
73.4338,13.6177,71.8519,0,100,97,78,1634,3504,2.48907,0,15.714,8.91314,0,3400,15742782991
50.8128,19.6801,71.8519,0,100,97,78,1634,3504,2.48907,0,15.714,8.91314,0,3400,15762464029
65.9956,15.1525,71.8519,0,100,97,78,1634,3504,2.48907,0,15.714,8.91314,0,3400,15777616873
56.8938,17.5766,71.8519,0,100,97,78,1634,3504,2.48907,0,15.714,8.91314,0,3400,15795195311
57.3927,17.4238,71.8519,0,100,97,78,1634,3504,2.48907,0,15.714,8.91314,0,3400,15812620744
50.3574,19.8581,71.8519,0,100,97,78,1634,3504,2.48907,0,15.714,8.91314,0,3400,15832479507
67.1399,14.8943,71.8519,0,100,97,78,1634,3504,2.48907,0,15.714,8.91314,0,3400,15847374713
53.8693,18.5634,71.8519,0,100,97,78,1634,3504,2.48907,0,15.714,8.91314,0,3400,15865940121
60.9523,16.4063,71.8519,0,100,97,78,1634,3504,2.48907,0,15.714,8.91314,0,3400,15882346996
57.0572,17.5263,71.8519,0,100,97,78,1634,3504,2.48907,0,15.714,8.91314,0,3400,15899874709
57.4491,17.4067,71.8519,0,100,97,78,1634,3504,2.48907,0,15.714,8.91314,0,3400,15917281941
56.4778,17.7061,71.8519,0,100,97,78,1634,3504,2.48907,0,15.714,8.91314,0,3400,15934989872
58.4994,17.0942,71.8519,0,100,97,78,1634,3504,2.48907,0,15.714,8.91314,0,3400,15952085356
57.1421,17.5002,71.8519,0,100,97,78,1634,3504,2.48907,0,15.714,8.91314,0,3400,15969587614
57.2505,17.4671,71.8519,0,100,97,78,1634,3504,2.48907,0,15.714,8.91314,0,3400,15987054875
57.0546,17.5271,71.8519,0,100,97,78,1634,3504,2.48907,0,15.714,8.91314,0,3400,16004583321
57.7224,17.3243,71.8519,0,100,97,78,1634,3504,2.48907,0,15.714,8.91314,0,3400,16021909753
52.525,19.0386,73.6842,0,100,96,78,1635,3504,2.48907,0,15.7636,8.91314,0,3400,16040948048
63.1225,15.8422,73.6842,0,100,96,78,1635,3504,2.48907,0,15.7636,8.91314,0,3400,16056789959
56.5978,17.6685,73.6842,0,100,96,78,1635,3504,2.48907,0,15.7636,8.91314,0,3400,16074473092
58.8375,16.996,73.6842,0,100,96,78,1635,3504,2.48907,0,15.7636,8.91314,0,3400,16091457244
57.8514,17.2857,73.6842,0,100,96,78,1635,3504,2.48907,0,15.7636,8.91314,0,3400,16108744003
57.8892,17.2744,73.6842,0,100,96,78,1635,3504,2.48907,0,15.7636,8.91314,0,3400,16126019545
58.5094,17.0913,73.6842,0,100,96,78,1635,3504,2.48907,0,15.7636,8.91314,0,3400,16143111954
57.4672,17.4012,73.6842,0,100,96,78,1635,3504,2.48907,0,15.7636,8.91314,0,3400,16160513509
58.9397,16.9665,73.6842,0,100,96,78,1635,3504,2.48907,0,15.7636,8.91314,0,3400,16177481168
58.5978,17.0655,73.6842,0,100,96,78,1635,3504,2.48907,0,15.7636,8.91314,0,3400,16194547673
58.3551,17.1365,73.6842,0,100,96,78,1635,3504,2.48907,0,15.7636,8.91314,0,3400,16211685221
58.9225,16.9714,73.6842,0,100,96,78,1635,3504,2.48907,0,15.7636,8.91314,0,3400,16228658018
58.6962,17.0369,73.6842,0,100,96,78,1635,3504,2.48907,0,15.7636,8.91314,0,3400,16245696449
58.2185,17.1767,73.6842,0,100,96,78,1635,3504,2.48907,0,15.7636,8.91314,0,3400,16262873219
53.6198,18.6498,73.6842,0,100,96,78,1635,3504,2.48907,0,15.7636,8.91314,0,3400,16281525708
65.879,15.1793,73.6842,0,100,96,78,1635,3504,2.48907,0,15.7636,8.91314,0,3400,16296705047
52.3786,19.0918,73.6842,0,100,96,78,1635,3504,2.48907,0,15.7636,8.91314,0,3400,16315797787
67.7483,14.7605,73.6842,0,100,96,78,1635,3504,2.48907,0,15.7636,8.91314,0,3400,16330559295
58.7594,17.0186,73.6842,0,100,96,78,1635,3504,2.48907,0,15.7636,8.91314,0,3400,16347579701
59.6192,16.7731,73.6842,0,100,96,78,1635,3504,2.48907,0,15.7636,8.91314,0,3400,16364352532
58.5076,17.0918,73.6842,0,100,96,78,1635,3504,2.48907,0,15.7636,8.91314,0,3400,16381445656
59.1033,16.9195,73.6842,0,100,96,78,1635,3504,2.48907,0,15.7636,8.91314,0,3400,16398366075
56.6516,17.6517,73.6842,0,100,96,78,1635,3504,2.48907,0,15.7636,8.91314,0,3400,16416019556
61.7672,16.1898,73.6842,0,100,96,78,1635,3504,2.48907,0,15.7636,8.91314,0,3400,16432211030
59.0502,16.9347,73.6842,0,100,96,78,1635,3504,2.48907,0,15.7636,8.91314,0,3400,16449147503
59.4379,16.8243,73.6842,0,100,96,78,1635,3504,2.48907,0,15.7636,8.91314,0,3400,16465971750
58.675,17.043,73.6842,0,100,96,78,1635,3504,2.48907,0,15.7636,8.91314,0,3400,16483017169
58.8731,16.9857,73.6842,0,100,96,78,1635,3504,2.48907,0,15.7636,8.91314,0,3400,16500003749
59.5549,16.7912,73.6842,0,100,96,78,1635,3504,2.48907,0,15.7636,8.91314,0,3400,16516795911
58.1563,17.195,73.6842,0,100,96,78,1635,3504,2.48907,0,15.7636,8.91314,0,3400,16533995444
59.8277,16.7147,72.8395,0,100,96,79,1660,3504,2.48907,0,15.6744,8.91314,0,3447,16550707975
58.8576,16.9902,72.8395,0,100,96,79,1660,3504,2.48907,0,15.6744,8.91314,0,3447,16567698794
55.0468,18.1664,72.8395,0,100,96,79,1660,3504,2.48907,0,15.6744,8.91314,0,3447,16585867108
62.4512,16.0125,72.8395,0,100,96,79,1660,3504,2.48907,0,15.6744,8.91314,0,3447,16601880410
58.846,16.9935,72.8395,0,100,96,79,1660,3504,2.48907,0,15.6744,8.91314,0,3447,16618876831
56.9181,17.5691,72.8395,0,100,96,79,1660,3504,2.48907,0,15.6744,8.91314,0,3447,16636445167
60.4341,16.5469,72.8395,0,100,96,79,1660,3504,2.48907,0,15.6744,8.91314,0,3447,16652994300
59.793,16.7244,72.8395,0,100,96,79,1660,3504,2.48907,0,15.6744,8.91314,0,3447,16669719407
58.4556,17.107,72.8395,0,100,96,79,1660,3504,2.48907,0,15.6744,8.91314,0,3447,16686827156
58.9318,16.9688,72.8395,0,100,96,79,1660,3504,2.48907,0,15.6744,8.91314,0,3447,16703810005
58.3231,17.1459,72.8395,0,100,96,79,1660,3504,2.48907,0,15.6744,8.91314,0,3447,16720945159
60.1868,16.6149,72.8395,0,100,96,79,1660,3504,2.48907,0,15.6744,8.91314,0,3447,16737559497
58.5739,17.0724,72.8395,0,100,96,79,1660,3504,2.48907,0,15.6744,8.91314,0,3447,16754633863
59.2226,16.8855,72.8395,0,100,96,79,1660,3504,2.48907,0,15.6744,8.91314,0,3447,16771520742
59.2058,16.8902,72.8395,0,100,96,79,1660,3504,2.48907,0,15.6744,8.91314,0,3447,16788412645
58.8052,17.0053,72.8395,0,100,96,79,1660,3504,2.48907,0,15.6744,8.91314,0,3447,16805419204
53.5855,18.6618,72.8395,0,100,96,79,1660,3504,2.48907,0,15.6744,8.91314,0,3447,16824082593
65.4291,15.2837,72.8395,0,100,96,79,1660,3504,2.48907,0,15.6744,8.91314,0,3447,16839366641
58.8367,16.9962,72.8395,0,100,96,79,1660,3504,2.48907,0,15.6744,8.91314,0,3447,16856364409
58.9382,16.9669,72.8395,0,100,96,79,1660,3504,2.48907,0,15.6744,8.91314,0,3447,16873332540
59.2615,16.8744,72.8395,0,100,96,79,1660,3504,2.48907,0,15.6744,8.91314,0,3447,16890207978
59.5734,16.786,72.8395,0,100,96,79,1660,3504,2.48907,0,15.6744,8.91314,0,3447,16906995027
58.2778,17.1592,72.8395,0,100,96,79,1660,3504,2.48907,0,15.6744,8.91314,0,3447,16924155224
59.7346,16.7407,72.8395,0,100,96,79,1660,3504,2.48907,0,15.6744,8.91314,0,3447,16940896701
57.9527,17.2555,72.8395,0,100,96,79,1660,3504,2.48907,0,15.6744,8.91314,0,3447,16958153486
59.7039,16.7493,72.8395,0,100,96,79,1660,3504,2.48907,0,15.6744,8.91314,0,3447,16974905781
59.0833,16.9253,72.8395,0,100,96,79,1660,3504,2.48907,0,15.6744,8.91314,0,3447,16991831163
59.595,16.7799,72.8395,0,100,96,79,1660,3504,2.48907,0,15.6744,8.91314,0,3447,17008611529
59.3405,16.8519,72.8395,0,100,96,79,1660,3504,2.48907,0,15.6744,8.91314,0,3447,17025465063
59.0838,16.9251,72.8395,0,100,96,79,1660,3504,2.48907,0,15.6744,8.91314,0,3447,17042394375
58.1555,17.1953,66.0147,0,100,100,80,1695,3504,2.48907,0,15.647,8.91314,0,3481,17059587276
59.922,16.6884,66.0147,0,100,100,80,1695,3504,2.48907,0,15.647,8.91314,0,3481,17076276538
59.22,16.8862,66.0147,0,100,100,80,1695,3504,2.48907,0,15.647,8.91314,0,3481,17093164977
58.7731,17.0146,66.0147,0,100,100,80,1695,3504,2.48907,0,15.647,8.91314,0,3481,17110180415
59.3093,16.8608,66.0147,0,100,100,80,1695,3504,2.48907,0,15.647,8.91314,0,3481,17127041963
59.2922,16.8656,66.0147,0,100,100,80,1695,3504,2.48907,0,15.647,8.91314,0,3481,17143908859
59.0268,16.9415,66.0147,0,100,100,80,1695,3504,2.48907,0,15.647,8.91314,0,3481,17160853004
59.5963,16.7796,66.0147,0,100,100,80,1695,3504,2.48907,0,15.647,8.91314,0,3481,17177631452
58.602,17.0643,66.0147,0,100,100,80,1695,3504,2.48907,0,15.647,8.91314,0,3481,17194696260
59.8431,16.7104,66.0147,0,100,100,80,1695,3504,2.48907,0,15.647,8.91314,0,3481,17211408355
58.8076,17.0046,66.0147,0,100,100,80,1695,3504,2.48907,0,15.647,8.91314,0,3481,17228414670
59.7734,16.7299,66.0147,0,100,100,80,1695,3504,2.48907,0,15.647,8.91314,0,3481,17245144661
59.0777,16.9269,66.0147,0,100,100,80,1695,3504,2.48907,0,15.647,8.91314,0,3481,17262072747
59.1703,16.9004,66.0147,0,100,100,80,1695,3504,2.48907,0,15.647,8.91314,0,3481,17278974535
59.1733,16.8995,66.0147,0,100,100,80,1695,3504,2.48907,0,15.647,8.91314,0,3481,17295876124
58.3795,17.1293,66.0147,0,100,100,80,1695,3504,2.48907,0,15.647,8.91314,0,3481,17313006461
59.2722,16.8713,66.0147,0,100,100,80,1695,3504,2.48907,0,15.647,8.91314,0,3481,17329879097
59.6507,16.7643,66.0147,0,100,100,80,1695,3504,2.48907,0,15.647,8.91314,0,3481,17346644008
59.2795,16.8692,66.0147,0,100,100,80,1695,3504,2.48907,0,15.647,8.91314,0,3481,17363514918
59.3535,16.8482,66.0147,0,100,100,80,1695,3504,2.48907,0,15.647,8.91314,0,3481,17380364724
59.0576,16.9326,66.0147,0,100,100,80,1695,3504,2.48907,0,15.647,8.91314,0,3481,17397297888
58.9297,16.9694,66.0147,0,100,100,80,1695,3504,2.48907,0,15.647,8.91314,0,3481,17414267765
59.2466,16.8786,66.0147,0,100,100,80,1695,3504,2.48907,0,15.647,8.91314,0,3481,17431148292
59.2076,16.8897,66.0147,0,100,100,80,1695,3504,2.48907,0,15.647,8.91314,0,3481,17448038775
59.5305,16.7981,66.0147,0,100,100,80,1695,3504,2.48907,0,15.647,8.91314,0,3481,17464838855
59.1536,16.9051,66.0147,0,100,100,80,1695,3504,2.48907,0,15.647,8.91314,0,3481,17481743911
57.4113,17.4182,66.0147,0,100,100,80,1695,3504,2.48907,0,15.647,8.91314,0,3481,17499164169
60.972,16.401,66.0147,0,100,100,80,1695,3504,2.48907,0,15.647,8.91314,0,3481,17515565922
59.2098,16.8891,66.0147,0,100,100,80,1695,3504,2.48907,0,15.647,8.91314,0,3481,17532456747
59.5471,16.7934,66.0147,0,100,100,80,1695,3504,2.48907,0,15.647,8.91314,0,3481,17549254473
50.7032,19.7226,67.3367,0,100,100,80,1695,3504,2.48907,0,15.6395,8.91314,0,3400,17568974713
70.5098,14.1824,67.3367,0,100,100,80,1695,3504,2.48907,0,15.6395,8.91314,0,3400,17583158645
58.5524,17.0787,67.3367,0,100,100,80,1695,3504,2.48907,0,15.6395,8.91314,0,3400,17600238290
59.6201,16.7729,67.3367,0,100,100,80,1695,3504,2.48907,0,15.6395,8.91314,0,3400,17617012178
50.3499,19.861,67.3367,0,100,100,80,1695,3504,2.48907,0,15.6395,8.91314,0,3400,17636874071
72.2379,13.8432,67.3367,0,100,100,80,1695,3504,2.48907,0,15.6395,8.91314,0,3400,17650718544
58.3256,17.1451,67.3367,0,100,100,80,1695,3504,2.48907,0,15.6395,8.91314,0,3400,17667864885
58.95,16.9635,67.3367,0,100,100,80,1695,3504,2.48907,0,15.6395,8.91314,0,3400,17684828916
58.5587,17.0769,67.3367,0,100,100,80,1695,3504,2.48907,0,15.6395,8.91314,0,3400,17701908782
60.5274,16.5215,67.3367,0,100,100,80,1695,3504,2.48907,0,15.6395,8.91314,0,3400,17718430036
58.6438,17.0521,67.3367,0,100,100,80,1695,3504,2.48907,0,15.6395,8.91314,0,3400,17735483031
59.5656,16.7882,67.3367,0,100,100,80,1695,3504,2.48907,0,15.6395,8.91314,0,3400,17752272494
56.7894,17.6089,67.3367,0,100,100,80,1695,3504,2.48907,0,15.6395,8.91314,0,3400,17769882921
61.8023,16.1806,67.3367,0,100,100,80,1695,3504,2.48907,0,15.6395,8.91314,0,3400,17786063627
58.1136,17.2077,67.3367,0,100,100,80,1695,3504,2.48907,0,15.6395,8.91314,0,3400,17803273345
60.0182,16.6616,67.3367,0,100,100,80,1695,3504,2.48907,0,15.6395,8.91314,0,3400,17819935255
49.5348,20.1878,67.3367,0,100,100,80,1695,3504,2.48907,0,15.6395,8.91314,0,3400,17840137265
72.8803,13.7211,67.3367,0,100,100,80,1695,3504,2.48907,0,15.6395,8.91314,0,3400,17853846945
57.4062,17.4197,67.3367,0,100,100,80,1695,3504,2.48907,0,15.6395,8.91314,0,3400,17871267732
60.5873,16.5051,67.3367,0,100,100,80,1695,3504,2.48907,0,15.6395,8.91314,0,3400,17887773339
58.8576,16.9902,67.3367,0,100,100,80,1695,3504,2.48907,0,15.6395,8.91314,0,3400,17904766001
59.0375,16.9384,67.3367,0,100,100,80,1695,3504,2.48907,0,15.6395,8.91314,0,3400,17921704945
59.3917,16.8374,67.3367,0,100,100,80,1695,3504,2.48907,0,15.6395,8.91314,0,3400,17938542820
58.9881,16.9526,67.3367,0,100,100,80,1695,3504,2.48907,0,15.6395,8.91314,0,3400,17955496009
55.4453,18.0358,67.3367,0,100,100,80,1695,3504,2.48907,0,15.6395,8.91314,0,3400,17973532877
63.3322,15.7898,67.3367,0,100,100,80,1695,3504,2.48907,0,15.6395,8.91314,0,3400,17989323739
58.2493,17.1676,67.3367,0,100,100,80,1695,3504,2.48907,0,15.6395,8.91314,0,3400,18006492169
59.8715,16.7024,67.3367,0,100,100,80,1695,3504,2.48907,0,15.6395,8.91314,0,3400,18023195018
57.6795,17.3372,67.3367,0,100,100,80,1695,3504,2.48907,0,15.6395,8.91314,0,3400,18040534822
60.3248,16.5769,67.3367,0,100,100,80,1695,3504,2.48907,0,15.6395,8.91314,0,3400,18057114955
58.1198,17.2058,72.9114,0,100,98,80,1695,3504,2.48907,0,15.6383,8.91314,0,3300,18074322112
59.6152,16.7742,72.9114,0,100,98,80,1695,3504,2.48907,0,15.6383,8.91314,0,3300,18091107678
59.0291,16.9408,72.9114,0,100,98,80,1695,3504,2.48907,0,15.6383,8.91314,0,3300,18108036702
59.5815,16.7837,72.9114,0,100,98,80,1695,3504,2.48907,0,15.6383,8.91314,0,3300,18124822236
57.1629,17.4939,72.9114,0,100,98,80,1695,3504,2.48907,0,15.6383,8.91314,0,3300,18142317808
60.8155,16.4432,72.9114,0,100,98,80,1695,3504,2.48907,0,15.6383,8.91314,0,3300,18158760631
58.8636,16.9884,72.9114,0,100,98,80,1695,3504,2.48907,0,15.6383,8.91314,0,3300,18175751570
59.5476,16.7933,72.9114,0,100,98,80,1695,3504,2.48907,0,15.6383,8.91314,0,3300,18192544985
58.5111,17.0908,72.9114,0,100,98,80,1695,3504,2.48907,0,15.6383,8.91314,0,3300,18209637514
58.5383,17.0828,72.9114,0,100,98,80,1695,3504,2.48907,0,15.6383,8.91314,0,3300,18226720918
59.4551,16.8194,72.9114,0,100,98,80,1695,3504,2.48907,0,15.6383,8.91314,0,3300,18243541617
58.6827,17.0408,72.9114,0,100,98,80,1695,3504,2.48907,0,15.6383,8.91314,0,3300,18260584151
59.2972,16.8642,72.9114,0,100,98,80,1695,3504,2.48907,0,15.6383,8.91314,0,3300,18277449484
58.8021,17.0062,72.9114,0,100,98,80,1695,3504,2.48907,0,15.6383,8.91314,0,3300,18294456762
57.5522,17.3755,72.9114,0,100,98,80,1695,3504,2.48907,0,15.6383,8.91314,0,3300,18311832390
60.8029,16.4466,72.9114,0,100,98,80,1695,3504,2.48907,0,15.6383,8.91314,0,3300,18328279232
58.8556,16.9907,72.9114,0,100,98,80,1695,3504,2.48907,0,15.6383,8.91314,0,3300,18345273024
49.2795,20.2924,72.9114,0,100,98,80,1695,3504,2.48907,0,15.6383,8.91314,0,3300,18365565659
72.1038,13.8689,72.9114,0,100,98,80,1695,3504,2.48907,0,15.6383,8.91314,0,3300,18379435942
59.3599,16.8464,72.9114,0,100,98,80,1695,3504,2.48907,0,15.6383,8.91314,0,3300,18396282828
59.1331,16.911,72.9114,0,100,98,80,1695,3504,2.48907,0,15.6383,8.91314,0,3300,18413195238
59.1261,16.913,72.9114,0,100,98,80,1695,3504,2.48907,0,15.6383,8.91314,0,3300,18430108913
53.1018,18.8318,72.9114,0,100,98,80,1695,3504,2.48907,0,15.6383,8.91314,0,3300,18448943793
65.3392,15.3048,72.9114,0,100,98,80,1695,3504,2.48907,0,15.6383,8.91314,0,3300,18464248041
57.7235,17.324,72.9114,0,100,98,80,1695,3504,2.48907,0,15.6383,8.91314,0,3300,18481573529
60.18,16.6168,72.9114,0,100,98,80,1695,3504,2.48907,0,15.6383,8.91314,0,3300,18498191488
58.6669,17.0454,72.9114,0,100,98,80,1695,3504,2.48907,0,15.6383,8.91314,0,3300,18515238388
58.4258,17.1157,72.9114,0,100,98,80,1695,3504,2.48907,0,15.6383,8.91314,0,3300,18532354692
58.7124,17.0322,72.9114,0,100,98,80,1695,3504,2.48907,0,15.6383,8.91314,0,3300,18549389069
59.0503,16.9347,72.9114,0,100,98,80,1695,3504,2.48907,0,15.6383,8.91314,0,3300,18566328593
51.7293,19.3314,67,0,100,98,81,1695,3504,2.48907,0,15.6372,8.91314,0,3247,18585656699
67.9886,14.7083,67,0,100,98,81,1695,3504,2.48907,0,15.6372,8.91314,0,3247,18600365999
58.2069,17.1801,67,0,100,98,81,1695,3504,2.48907,0,15.6372,8.91314,0,3247,18617546982
58.7821,17.012,67,0,100,98,81,1695,3504,2.48907,0,15.6372,8.91314,0,3247,18634560276
56.8029,17.6047,67,0,100,98,81,1695,3504,2.48907,0,15.6372,8.91314,0,3247,18652166069
61.0289,16.3857,67,0,100,98,81,1695,3504,2.48907,0,15.6372,8.91314,0,3247,18668552773
53.3629,18.7396,67,0,100,98,81,1695,3504,2.48907,0,15.6372,8.91314,0,3247,18687293340
64.6761,15.4617,67,0,100,98,81,1695,3504,2.48907,0,15.6372,8.91314,0,3247,18702756272
56.219,17.7876,67,0,100,98,81,1695,3504,2.48907,0,15.6372,8.91314,0,3247,18720543714
61.1281,16.3591,67,0,100,98,81,1695,3504,2.48907,0,15.6372,8.91314,0,3247,18736904748
56.1137,17.821,67,0,100,98,81,1695,3504,2.48907,0,15.6372,8.91314,0,3247,18754728085
61.5589,16.2446,67,0,100,98,81,1695,3504,2.48907,0,15.6372,8.91314,0,3247,18770972726
57.5748,17.3687,67,0,100,98,81,1695,3504,2.48907,0,15.6372,8.91314,0,3247,18788341736
52.909,18.9004,67,0,100,98,81,1695,3504,2.48907,0,15.6372,8.91314,0,3247,18807244336
65.9811,15.1558,67,0,100,98,81,1695,3504,2.48907,0,15.6372,8.91314,0,3247,18822402332
58.8823,16.983,67,0,100,98,81,1695,3504,2.48907,0,15.6372,8.91314,0,3247,18839385699
56.3057,17.7602,67,0,100,98,81,1695,3504,2.48907,0,15.6372,8.91314,0,3247,18857147631
59.9735,16.674,67,0,100,98,81,1695,3504,2.48907,0,15.6372,8.91314,0,3247,18873821371
58.0847,17.2162,67,0,100,98,81,1695,3504,2.48907,0,15.6372,8.91314,0,3247,18891039921
59.1319,16.9113,67,0,100,98,81,1695,3504,2.48907,0,15.6372,8.91314,0,3247,18907951199
52.6728,18.9851,67,0,100,98,81,1695,3504,2.48907,0,15.6372,8.91314,0,3247,18926937726
62.0917,16.1052,67,0,100,98,81,1695,3504,2.48907,0,15.6372,8.91314,0,3247,18943043147
58.5791,17.0709,67,0,100,98,81,1695,3504,2.48907,0,15.6372,8.91314,0,3247,18960116390
58.236,17.1715,67,0,100,98,81,1695,3504,2.48907,0,15.6372,8.91314,0,3247,18977306542
54.636,18.3029,67,0,100,98,81,1695,3504,2.48907,0,15.6372,8.91314,0,3247,18995593400
63.0689,15.8557,67,0,100,98,81,1695,3504,2.48907,0,15.6372,8.91314,0,3247,19011449266
58.081,17.2173,67,0,100,98,81,1695,3504,2.48907,0,15.6372,8.91314,0,3247,19028667803
58.9471,16.9644,67,0,100,98,81,1695,3504,2.48907,0,15.6372,8.91314,0,3247,19045650967
58.1739,17.1898,67,0,100,98,81,1695,3504,2.48907,0,15.6372,8.91314,0,3247,19062838030
58.9325,16.9686,67,0,100,98,81,1695,3504,2.48907,0,15.6372,8.91314,0,3247,19079795963
55.632,17.9753,69.2308,0,100,96,81,1695,3504,2.48907,0,15.6483,8.91314,0,3467,19097770232
61.0381,16.3832,69.2308,0,100,96,81,1695,3504,2.48907,0,15.6483,8.91314,0,3467,19114154036
55.9476,17.8739,69.2308,0,100,96,81,1695,3504,2.48907,0,15.6483,8.91314,0,3467,19132028728
61.5443,16.2485,69.2308,0,100,96,81,1695,3504,2.48907,0,15.6483,8.91314,0,3467,19148277884
58.6896,17.0388,69.2308,0,100,96,81,1695,3504,2.48907,0,15.6483,8.91314,0,3467,19165317779
59.004,16.948,69.2308,0,100,96,81,1695,3504,2.48907,0,15.6483,8.91314,0,3467,19182266559
52.6864,18.9802,69.2308,0,100,96,81,1695,3504,2.48907,0,15.6483,8.91314,0,3467,19201248428
65.6034,15.2431,69.2308,0,100,96,81,1695,3504,2.48907,0,15.6483,8.91314,0,3467,19216492636
57.4817,17.3968,69.2308,0,100,96,81,1695,3504,2.48907,0,15.6483,8.91314,0,3467,19233890812
60.0412,16.6552,69.2308,0,100,96,81,1695,3504,2.48907,0,15.6483,8.91314,0,3467,19250546927
58.1455,17.1982,69.2308,0,100,96,81,1695,3504,2.48907,0,15.6483,8.91314,0,3467,19267748706
58.9724,16.9571,69.2308,0,100,96,81,1695,3504,2.48907,0,15.6483,8.91314,0,3467,19284705419
51.7107,19.3384,69.2308,0,100,96,81,1695,3504,2.48907,0,15.6483,8.91314,0,3467,19304052336
67.7462,14.761,69.2308,0,100,96,81,1695,3504,2.48907,0,15.6483,8.91314,0,3467,19318807702
58.9228,16.9713,69.2308,0,100,96,81,1695,3504,2.48907,0,15.6483,8.91314,0,3467,19335782751
58.5554,17.0778,69.2308,0,100,96,81,1695,3504,2.48907,0,15.6483,8.91314,0,3467,19352858886
58.8054,17.0053,69.2308,0,100,96,81,1695,3504,2.48907,0,15.6483,8.91314,0,3467,19369865595
59.0547,16.9334,69.2308,0,100,96,81,1695,3504,2.48907,0,15.6483,8.91314,0,3467,19386799945
58.4687,17.1032,69.2308,0,100,96,81,1695,3504,2.48907,0,15.6483,8.91314,0,3467,19403905016
59.1241,16.9136,69.2308,0,100,96,81,1695,3504,2.48907,0,15.6483,8.91314,0,3467,19420819361
57.1138,17.5089,69.2308,0,100,96,81,1695,3504,2.48907,0,15.6483,8.91314,0,3467,19438328846
60.3312,16.5752,69.2308,0,100,96,81,1695,3504,2.48907,0,15.6483,8.91314,0,3467,19454904343
56.4931,17.7013,69.2308,0,100,96,81,1695,3504,2.48907,0,15.6483,8.91314,0,3467,19472607274
61.2349,16.3306,69.2308,0,100,96,81,1695,3504,2.48907,0,15.6483,8.91314,0,3467,19488939844
59.2694,16.8721,69.2308,0,100,96,81,1695,3504,2.48907,0,15.6483,8.91314,0,3467,19505812833
59.0626,16.9312,69.2308,0,100,96,81,1695,3504,2.48907,0,15.6483,8.91314,0,3467,19522744978
50.6732,19.7343,69.2308,0,100,96,81,1695,3504,2.48907,0,15.6483,8.91314,0,3467,19542480659
71.11,14.0627,69.2308,0,100,96,81,1695,3504,2.48907,0,15.6483,8.91314,0,3467,19556543866
58.5983,17.0653,69.2308,0,100,96,81,1695,3504,2.48907,0,15.6483,8.91314,0,3467,19573611028
59.0576,16.9326,69.2308,0,100,96,81,1695,3504,2.48907,0,15.6483,8.91314,0,3467,19590561111
58.015,17.2369,66.5,0,100,96,81,1695,3504,2.48907,0,15.6471,8.91314,0,3468,19607782733
59.3505,16.8491,66.5,0,100,96,81,1695,3504,2.48907,0,15.6471,8.91314,0,3468,19624632274
59.4218,16.8288,66.5,0,100,96,81,1695,3504,2.48907,0,15.6471,8.91314,0,3468,19641463735
58.5871,17.0686,66.5,0,100,96,81,1695,3504,2.48907,0,15.6471,8.91314,0,3468,19658532717
59.3234,16.8568,66.5,0,100,96,81,1695,3504,2.48907,0,15.6471,8.91314,0,3468,19675391334
59.5218,16.8006,66.5,0,100,96,81,1695,3504,2.48907,0,15.6471,8.91314,0,3468,19692192572
58.1866,17.1861,66.5,0,100,96,81,1695,3504,2.48907,0,15.6471,8.91314,0,3468,19709380278
59.5431,16.7945,66.5,0,100,96,81,1695,3504,2.48907,0,15.6471,8.91314,0,3468,19726175176
50.9803,19.6154,66.5,0,100,96,81,1695,3504,2.48907,0,15.6471,8.91314,0,3468,19745792018
69.6698,14.3534,66.5,0,100,96,81,1695,3504,2.48907,0,15.6471,8.91314,0,3468,19760146828
56.5052,17.6975,66.5,0,100,96,81,1695,3504,2.48907,0,15.6471,8.91314,0,3468,19777845356
62.1232,16.097,66.5,0,100,96,81,1695,3504,2.48907,0,15.6471,8.91314,0,3468,19793944291
58.9247,16.9708,66.5,0,100,96,81,1695,3504,2.48907,0,15.6471,8.91314,0,3468,19810916679
58.8535,16.9913,66.5,0,100,96,81,1695,3504,2.48907,0,15.6471,8.91314,0,3468,19827908779
54.5712,18.3247,66.5,0,100,96,81,1695,3504,2.48907,0,15.6471,8.91314,0,3468,19846236881
65.0388,15.3754,66.5,0,100,96,81,1695,3504,2.48907,0,15.6471,8.91314,0,3468,19861611627
58.4328,17.1137,66.5,0,100,96,81,1695,3504,2.48907,0,15.6471,8.91314,0,3468,19878727899
59.9233,16.688,66.5,0,100,96,81,1695,3504,2.48907,0,15.6471,8.91314,0,3468,19895416266
59.0991,16.9207,66.5,0,100,96,81,1695,3504,2.48907,0,15.6471,8.91314,0,3468,19912338933
57.8993,17.2714,66.5,0,100,96,81,1695,3504,2.48907,0,15.6471,8.91314,0,3468,19929610896
59.0556,16.9332,66.5,0,100,96,81,1695,3504,2.48907,0,15.6471,8.91314,0,3468,19946567853
58.8322,16.9975,66.5,0,100,96,81,1695,3504,2.48907,0,15.6471,8.91314,0,3468,19963543448
56.6762,17.6441,66.5,0,100,96,81,1695,3504,2.48907,0,15.6471,8.91314,0,3468,19981188991
61.0722,16.3741,66.5,0,100,96,81,1695,3504,2.48907,0,15.6471,8.91314,0,3468,19997563129
55.2755,18.0912,66.5,0,100,96,81,1695,3504,2.48907,0,15.6471,8.91314,0,3468,20015655909
63.8735,15.656,66.5,0,100,96,81,1695,3504,2.48907,0,15.6471,8.91314,0,3468,20031312403
59.0791,16.9265,66.5,0,100,96,81,1695,3504,2.48907,0,15.6471,8.91314,0,3468,20048240819
59.0971,16.9213,66.5,0,100,96,81,1695,3504,2.48907,0,15.6471,8.91314,0,3468,20065163465
57.9225,17.2644,66.5,0,100,96,81,1695,3504,2.48907,0,15.6471,8.91314,0,3468,20082428259
59.3025,16.8627,66.5,0,100,96,81,1695,3504,2.48907,0,15.6471,8.91314,0,3468,20099296322
53.116,18.8267,71.358,0,100,95,81,1695,3504,2.48907,0,15.6477,8.91314,0,3385,20118119903
66.6668,15,71.358,0,100,95,81,1695,3504,2.48907,0,15.6477,8.91314,0,3385,20133121374
52.2819,19.1271,71.358,0,100,95,81,1695,3504,2.48907,0,15.6477,8.91314,0,3385,20152248951
67.1596,14.8899,71.358,0,100,95,81,1695,3504,2.48907,0,15.6477,8.91314,0,3385,20167140281
58.6619,17.0468,71.358,0,100,95,81,1695,3504,2.48907,0,15.6477,8.91314,0,3385,20184188554
59.0007,16.9489,71.358,0,100,95,81,1695,3504,2.48907,0,15.6477,8.91314,0,3385,20201137533
52.2941,19.1226,71.358,0,100,95,81,1695,3504,2.48907,0,15.6477,8.91314,0,3385,20220261791
67.1311,14.8962,71.358,0,100,95,81,1695,3504,2.48907,0,15.6477,8.91314,0,3385,20235158280
58.7708,17.0152,71.358,0,100,95,81,1695,3504,2.48907,0,15.6477,8.91314,0,3385,20252174642
58.1183,17.2063,71.358,0,100,95,81,1695,3504,2.48907,0,15.6477,8.91314,0,3385,20269381930
58.6537,17.0492,71.358,0,100,95,81,1695,3504,2.48907,0,15.6477,8.91314,0,3385,20286431759
59.2036,16.8909,71.358,0,100,95,81,1695,3504,2.48907,0,15.6477,8.91314,0,3385,20303335824
58.8393,16.9955,71.358,0,100,95,81,1695,3504,2.48907,0,15.6477,8.91314,0,3385,20320321428
58.611,17.0616,71.358,0,100,95,81,1695,3504,2.48907,0,15.6477,8.91314,0,3385,20337396505
54.7658,18.2596,71.358,0,100,95,81,1695,3504,2.48907,0,15.6477,8.91314,0,3385,20355644373
62.7737,15.9302,71.358,0,100,95,81,1695,3504,2.48907,0,15.6477,8.91314,0,3385,20371575269
58.2803,17.1584,71.358,0,100,95,81,1695,3504,2.48907,0,15.6477,8.91314,0,3385,20388735356
59.8567,16.7066,71.358,0,100,95,81,1695,3504,2.48907,0,15.6477,8.91314,0,3385,20405441848
58.4431,17.1106,71.358,0,100,95,81,1695,3504,2.48907,0,15.6477,8.91314,0,3385,20422554583
59.085,16.9248,71.358,0,100,95,81,1695,3504,2.48907,0,15.6477,8.91314,0,3385,20439479502
57.5979,17.3617,71.358,0,100,95,81,1695,3504,2.48907,0,15.6477,8.91314,0,3385,20456842977
59.3538,16.8481,71.358,0,100,95,81,1695,3504,2.48907,0,15.6477,8.91314,0,3385,20473692611
57.5285,17.3827,71.358,0,100,95,81,1695,3504,2.48907,0,15.6477,8.91314,0,3385,20491076152
60.0881,16.6422,71.358,0,100,95,81,1695,3504,2.48907,0,15.6477,8.91314,0,3385,20507718961
51.7503,19.3236,71.358,0,100,95,81,1695,3504,2.48907,0,15.6477,8.91314,0,3385,20527043818
68.1257,14.6787,71.358,0,100,95,81,1695,3504,2.48907,0,15.6477,8.91314,0,3385,20541723339
56.3355,17.7508,71.358,0,100,95,81,1695,3504,2.48907,0,15.6477,8.91314,0,3385,20559475719
61.9449,16.1434,71.358,0,100,95,81,1695,3504,2.48907,0,15.6477,8.91314,0,3385,20575620481
58.4341,17.1133,71.358,0,100,95,81,1695,3504,2.48907,0,15.6477,8.91314,0,3385,20592736047
58.3836,17.1281,71.358,0,100,95,81,1695,3504,2.48907,0,15.6477,8.91314,0,3385,20609868003
59.0491,16.9351,66.5,0,100,95,81,1684,3504,2.48907,0,15.6473,8.91314,0,3199,20626799908
59.5819,16.7836,66.5,0,100,95,81,1684,3504,2.48907,0,15.6473,8.91314,0,3199,20643585171
58.8729,16.9857,66.5,0,100,95,81,1684,3504,2.48907,0,15.6473,8.91314,0,3199,20660573783
58.6536,17.0492,66.5,0,100,95,81,1684,3504,2.48907,0,15.6473,8.91314,0,3199,20677622323
58.1389,17.2002,66.5,0,100,95,81,1684,3504,2.48907,0,15.6473,8.91314,0,3199,20694824240
59.8595,16.7058,66.5,0,100,95,81,1684,3504,2.48907,0,15.6473,8.91314,0,3199,20711530091
58.8632,16.9885,66.5,0,100,95,81,1684,3504,2.48907,0,15.6473,8.91314,0,3199,20728521439
59.3027,16.8626,66.5,0,100,95,81,1684,3504,2.48907,0,15.6473,8.91314,0,3199,20745384774
58.4473,17.1094,66.5,0,100,95,81,1684,3504,2.48907,0,15.6473,8.91314,0,3199,20762498323
58.7733,17.0145,66.5,0,100,95,81,1684,3504,2.48907,0,15.6473,8.91314,0,3199,20779511457
53.3545,18.7425,66.5,0,100,95,81,1684,3504,2.48907,0,15.6473,8.91314,0,3199,20798255058
66.3467,15.0723,66.5,0,100,95,81,1684,3504,2.48907,0,15.6473,8.91314,0,3199,20813333775
58.1427,17.1991,66.5,0,100,95,81,1684,3504,2.48907,0,15.6473,8.91314,0,3199,20830529250
60.1509,16.6249,66.5,0,100,95,81,1684,3504,2.48907,0,15.6473,8.91314,0,3199,20847154752
46.5739,21.4712,66.5,0,100,95,81,1684,3504,2.48907,0,15.6473,8.91314,0,3199,20868627767
80.3135,12.4512,66.5,0,100,95,81,1684,3504,2.48907,0,15.6473,8.91314,0,3199,20881079268
52.2512,19.1383,66.5,0,100,95,81,1684,3504,2.48907,0,15.6473,8.91314,0,3199,20900218765
67.9767,14.7109,66.5,0,100,95,81,1684,3504,2.48907,0,15.6473,8.91314,0,3199,20914931376
57.0713,17.5219,66.5,0,100,95,81,1684,3504,2.48907,0,15.6473,8.91314,0,3199,20932454396
61.0762,16.373,66.5,0,100,95,81,1684,3504,2.48907,0,15.6473,8.91314,0,3199,20948827781
56.9048,17.5732,66.5,0,100,95,81,1684,3504,2.48907,0,15.6473,8.91314,0,3199,20966402650
61.2315,16.3315,66.5,0,100,95,81,1684,3504,2.48907,0,15.6473,8.91314,0,3199,20982734802
51.1618,19.5459,66.5,0,100,95,81,1684,3504,2.48907,0,15.6473,8.91314,0,3199,21002281672
68.0685,14.6911,66.5,0,100,95,81,1684,3504,2.48907,0,15.6473,8.91314,0,3199,21016974347
59.6466,16.7654,66.5,0,100,95,81,1684,3504,2.48907,0,15.6473,8.91314,0,3199,21033740797
59.8678,16.7035,66.5,0,100,95,81,1684,3504,2.48907,0,15.6473,8.91314,0,3199,21050444834
57.7768,17.308,66.5,0,100,95,81,1684,3504,2.48907,0,15.6473,8.91314,0,3199,21067754858
59.6886,16.7536,66.5,0,100,95,81,1684,3504,2.48907,0,15.6473,8.91314,0,3199,21084508683
59.5996,16.7786,66.5,0,100,95,81,1684,3504,2.48907,0,15.6473,8.91314,0,3199,21101289837
58.6701,17.0445,66.5,0,100,95,81,1684,3504,2.48907,0,15.6473,8.91314,0,3199,21118354942
59.0545,16.9335,70.297,0,100,98,81,1683,3504,2.48907,0,15.6482,8.91314,0,3443,21135270085
59.1032,16.9196,70.297,0,100,98,81,1683,3504,2.48907,0,15.6482,8.91314,0,3443,21152190977
58.5887,17.0681,70.297,0,100,98,81,1683,3504,2.48907,0,15.6482,8.91314,0,3443,21169260542
58.7066,17.0339,70.297,0,100,98,81,1683,3504,2.48907,0,15.6482,8.91314,0,3443,21186295642
54.1901,18.4535,70.297,0,100,98,81,1683,3504,2.48907,0,15.6482,8.91314,0,3443,21204750783
65.6319,15.2365,70.297,0,100,98,81,1683,3504,2.48907,0,15.6482,8.91314,0,3443,21219988132
55.0322,18.1712,70.297,0,100,98,81,1683,3504,2.48907,0,15.6482,8.91314,0,3443,21238160596
63.0468,15.8612,70.297,0,100,98,81,1683,3504,2.48907,0,15.6482,8.91314,0,3443,21254022688
55.1615,18.1286,70.297,0,100,98,81,1683,3504,2.48907,0,15.6482,8.91314,0,3443,21272152850
62.1777,16.0829,70.297,0,100,98,81,1683,3504,2.48907,0,15.6482,8.91314,0,3443,21288254957
58.621,17.0587,70.297,0,100,98,81,1683,3504,2.48907,0,15.6482,8.91314,0,3443,21305296708
49.5424,20.1847,70.297,0,100,98,81,1683,3504,2.48907,0,15.6482,8.91314,0,3443,21325482252
72.811,13.7342,70.297,0,100,98,81,1683,3504,2.48907,0,15.6482,8.91314,0,3443,21339217725
54.0903,18.4876,70.297,0,100,98,81,1683,3504,2.48907,0,15.6482,8.91314,0,3443,21357705522
61.6119,16.2306,70.297,0,100,98,81,1683,3504,2.48907,0,15.6482,8.91314,0,3443,21373959764
58.101,17.2114,70.297,0,100,98,81,1683,3504,2.48907,0,15.6482,8.91314,0,3443,21391150814
58.0996,17.2118,70.297,0,100,98,81,1683,3504,2.48907,0,15.6482,8.91314,0,3443,21408363656
58.4532,17.1077,70.297,0,100,98,81,1683,3504,2.48907,0,15.6482,8.91314,0,3443,21425506505
58.6626,17.0466,70.297,0,100,98,81,1683,3504,2.48907,0,15.6482,8.91314,0,3443,21442551132
55.2874,18.0873,70.297,0,100,98,81,1683,3504,2.48907,0,15.6482,8.91314,0,3443,21460639397
55.71,17.9501,70.297,0,100,98,81,1683,3504,2.48907,0,15.6482,8.91314,0,3443,21478590728
59.8643,16.7045,70.297,0,100,98,81,1683,3504,2.48907,0,15.6482,8.91314,0,3443,21495297015
60.1208,16.6332,70.297,0,100,98,81,1683,3504,2.48907,0,15.6482,8.91314,0,3443,21511930616
51.9886,19.235,70.297,0,100,98,81,1683,3504,2.48907,0,15.6482,8.91314,0,3443,21531187371
55.949,17.8734,70.297,0,100,98,81,1683,3504,2.48907,0,15.6482,8.91314,0,3443,21549738948
69.4693,14.3948,70.297,0,100,98,81,1683,3504,2.48907,0,15.6482,8.91314,0,3443,21564135693
49.5122,20.197,70.297,0,100,98,81,1683,3504,2.48907,0,15.6482,8.91314,0,3443,21584332963
62.0148,16.1252,70.297,0,100,98,81,1683,3504,2.48907,0,15.6482,8.91314,0,3443,21600458951
50.4988,19.8024,70.297,0,100,98,81,1683,3504,2.48907,0,15.6482,8.91314,0,3443,21620298494
52.8316,18.9281,81.4536,0,100,98,81,1683,3504,2.48907,0,15.6487,8.91314,0,1730,21639192926
41.4819,24.1069,81.4536,0,100,98,81,1683,3504,2.48907,0,15.6487,8.91314,0,1730,21663301379
57.0434,17.5305,81.4536,0,100,98,81,1683,3504,2.48907,0,15.6487,8.91314,0,1730,21681065567
40.9603,24.4139,81.4536,0,100,98,81,1683,3504,2.48907,0,15.6487,8.91314,0,1730,21705247644
56.3745,17.7385,81.4536,0,100,98,81,1683,3504,2.48907,0,15.6487,8.91314,0,1730,21722986981
40.8873,24.4575,81.4536,0,100,98,81,1683,3504,2.48907,0,15.6487,8.91314,0,1730,21747466281
54.3073,18.4137,81.4536,0,100,98,81,1683,3504,2.48907,0,15.6487,8.91314,0,1730,21765861003
40.9485,24.4209,81.4536,0,100,98,81,1683,3504,2.48907,0,15.6487,8.91314,0,1730,21790283429
50.206,19.9179,81.4536,0,100,98,81,1683,3504,2.48907,0,15.6487,8.91314,0,1730,21810203197
48.6675,20.5476,81.4536,0,100,98,81,1683,3504,2.48907,0,15.6487,8.91314,0,1730,21830751290
39.0584,25.6027,81.4536,0,100,98,81,1683,3504,2.48907,0,15.6487,8.91314,0,1730,21856383202
49.5356,20.1875,81.4536,0,100,98,81,1683,3504,2.48907,0,15.6487,8.91314,0,1730,21876571035
46.527,21.4929,81.4536,0,100,98,81,1683,3504,2.48907,0,15.6487,8.91314,0,1730,21898065775
52.2542,19.1372,81.4536,0,100,98,81,1683,3504,2.48907,0,15.6487,8.91314,0,1730,21917203503
50.8386,19.6701,81.4536,0,100,98,81,1683,3504,2.48907,0,15.6487,8.91314,0,1730,21936875027
47.7091,20.9603,81.4536,0,100,98,81,1683,3504,2.48907,0,15.6487,8.91314,0,1730,21957836279
53.8386,18.574,81.4536,0,100,98,81,1683,3504,2.48907,0,15.6487,8.91314,0,1730,21976411228
47.4343,21.0818,81.4536,0,100,98,81,1683,3504,2.48907,0,15.6487,8.91314,0,1730,21997494112
41.6121,24.0315,81.4536,0,100,98,81,1683,3504,2.48907,0,15.6487,8.91314,0,1730,22021642162
46.3731,21.5642,81.4536,0,100,98,81,1683,3504,2.48907,0,15.6487,8.91314,0,1730,22043129828
42.4455,23.5596,81.4536,0,100,98,81,1683,3504,2.48907,0,15.6487,8.91314,0,1730,22066690700
52.0341,19.2182,81.4536,0,100,98,81,1683,3504,2.48907,0,15.6487,8.91314,0,1730,22085909899
46.204,21.6432,81.4536,0,100,98,81,1683,3504,2.48907,0,15.6487,8.91314,0,1730,22107553860
50.9109,19.6422,81.4536,0,100,98,81,1683,3504,2.48907,0,15.6487,8.91314,0,1730,22127223773
50.3087,19.8773,92,0,99,88,81,1587,3504,2.48907,0,15.649,8.91314,0,1754,22147097098
50.0962,19.9616,92,0,99,88,81,1587,3504,2.48907,0,15.649,8.91314,0,1754,22167058561
48.693,20.5368,92,0,99,88,81,1587,3504,2.48907,0,15.649,8.91314,0,1754,22187617623
39.4325,25.3598,92,0,99,88,81,1587,3504,2.48907,0,15.649,8.91314,0,1754,22212992118
65.672,15.2272,92,0,99,88,81,1587,3504,2.48907,0,15.649,8.91314,0,1754,22228208440
43.4846,22.9967,92,0,99,88,81,1587,3504,2.48907,0,15.649,8.91314,0,1754,22251206575
63.7448,15.6875,92,0,99,88,81,1587,3504,2.48907,0,15.649,8.91314,0,1754,22266895349
48.8425,20.474,92,0,99,88,81,1587,3504,2.48907,0,15.649,8.91314,0,1754,22287370821
53.0795,18.8397,92,0,99,88,81,1587,3504,2.48907,0,15.649,8.91314,0,1754,22306210831
51.1635,19.5452,92,0,99,88,81,1587,3504,2.48907,0,15.649,8.91314,0,1754,22325757929
49.9473,20.0211,92,0,99,88,81,1587,3504,2.48907,0,15.649,8.91314,0,1754,22345779918
47.2248,21.1753,92,0,99,88,81,1587,3504,2.48907,0,15.649,8.91314,0,1754,22366977725
57.174,17.4905,92,0,99,88,81,1587,3504,2.48907,0,15.649,8.91314,0,1754,22384468960
50.8171,19.6784,92,0,99,88,81,1587,3504,2.48907,0,15.649,8.91314,0,1754,22404127826
52.0489,19.2127,92,0,99,88,81,1587,3504,2.48907,0,15.649,8.91314,0,1754,22423340182
51.5085,19.4143,92,0,99,88,81,1587,3504,2.48907,0,15.649,8.91314,0,1754,22442755577
46.431,21.5373,92,0,99,88,81,1587,3504,2.48907,0,15.649,8.91314,0,1754,22464293965
55.6512,17.9691,92,0,99,88,81,1587,3504,2.48907,0,15.649,8.91314,0,1754,22482285666
52.3251,19.1113,92,0,99,88,81,1587,3504,2.48907,0,15.649,8.91314,0,1754,22501397762
50.4203,19.8333,92,0,99,88,81,1587,3504,2.48907,0,15.649,8.91314,0,1754,22521212297
45.3051,22.0726,92,0,99,88,81,1587,3504,2.48907,0,15.649,8.91314,0,1754,22543306106
33.5132,29.839,92,0,99,88,81,1587,3504,2.48907,0,15.649,8.91314,0,1754,22573125351
34.7259,28.797,92,0,99,88,81,1587,3504,2.48907,0,15.649,8.91314,0,1754,22601923981
90.5539,11.0431,92,0,99,88,81,1587,3504,2.48907,0,15.649,8.91314,0,1754,22612967200
48.9328,20.4362,92,0,99,88,81,1587,3504,2.48907,0,15.649,8.91314,0,1754,22633445749
46.699,21.4137,92.0792,0,99,88,81,1587,3504,2.48907,0,15.6639,8.91314,0,1730,22654819747
51.5002,19.4174,92.0792,0,99,88,81,1587,3504,2.48907,0,15.6639,8.91314,0,1730,22674237896
47.4857,21.059,92.0792,0,99,88,81,1587,3504,2.48907,0,15.6639,8.91314,0,1730,22695298470
47.7143,20.9581,92.0792,0,99,88,81,1587,3504,2.48907,0,15.6639,8.91314,0,1730,22716257151
50.9918,19.611,92.0792,0,99,88,81,1587,3504,2.48907,0,15.6639,8.91314,0,1730,22735868718
51.1334,19.5567,92.0792,0,99,88,81,1587,3504,2.48907,0,15.6639,8.91314,0,1730,22755447474
42.4688,23.5467,92.0792,0,99,88,81,1587,3504,2.48907,0,15.6639,8.91314,0,1730,22778996702
50.7988,19.6855,92.0792,0,99,88,81,1587,3504,2.48907,0,15.6639,8.91314,0,1730,22798682037
49.0748,20.3771,92.0792,0,99,88,81,1587,3504,2.48907,0,15.6639,8.91314,0,1730,22819082497
53.4071,18.7241,92.0792,0,99,88,81,1587,3504,2.48907,0,15.6639,8.91314,0,1730,22837786697
31.1669,32.0853,92.0792,0,99,88,81,1587,3504,2.48907,0,15.6639,8.91314,0,1730,22869873491
40.6309,24.6118,92.0792,0,99,88,81,1587,3504,2.48907,0,15.6639,8.91314,0,1730,22894486685
65.6424,15.2341,92.0792,0,99,88,81,1587,3504,2.48907,0,15.6639,8.91314,0,1730,22912495569
48.1328,20.7759,92.0792,0,99,88,81,1587,3504,2.48907,0,15.6639,8.91314,0,1730,22933271993
62.5172,15.9956,92.0792,0,99,88,81,1587,3504,2.48907,0,15.6639,8.91314,0,1730,22949289827
57.9698,17.2504,92.0792,0,99,88,81,1587,3504,2.48907,0,15.6639,8.91314,0,1730,22966542193
50.7731,19.6955,92.0792,0,99,88,81,1587,3504,2.48907,0,15.6639,8.91314,0,1730,22986259423
38.0753,26.2638,92.0792,0,99,88,81,1587,3504,2.48907,0,15.6639,8.91314,0,1730,23012524019
75.1031,13.315,92.0792,0,99,88,81,1587,3504,2.48907,0,15.6639,8.91314,0,1730,23025818614
49.8531,20.0589,92.0792,0,99,88,81,1587,3504,2.48907,0,15.6639,8.91314,0,1730,23045879482
45.1564,22.1453,92.0792,0,99,88,81,1587,3504,2.48907,0,15.6639,8.91314,0,1730,23068037679
51.6384,19.3654,92.0792,0,99,88,81,1587,3504,2.48907,0,15.6639,8.91314,0,1730,23087392065
52.4585,19.0627,92.0792,0,99,88,81,1587,3504,2.48907,0,15.6639,8.91314,0,1730,23106477578
49.6716,20.1322,92.0792,0,99,88,81,1587,3504,2.48907,0,15.6639,8.91314,0,1730,23126610331
43.3052,23.0919,92.0792,0,99,88,81,1587,3504,2.48907,0,15.6639,8.91314,0,1730,23149709105
53.7553,18.6028,88.0779,0,98,87,76,1388,3504,2.48907,0,15.649,8.91314,0,1731,23168329013
59.527,16.7991,88.0779,0,98,87,76,1388,3504,2.48907,0,15.649,8.91314,0,1731,23185108520
51.6118,19.3754,88.0779,0,98,87,76,1388,3504,2.48907,0,15.649,8.91314,0,1731,23204485720
47.3285,21.1289,88.0779,0,98,87,76,1388,3504,2.48907,0,15.649,8.91314,0,1731,23225615415
50.9887,19.6122,88.0779,0,98,87,76,1388,3504,2.48907,0,15.649,8.91314,0,1731,23245229745
48.5097,20.6144,88.0779,0,98,87,76,1388,3504,2.48907,0,15.649,8.91314,0,1731,23265843975
52.2493,19.139,88.0779,0,98,87,76,1388,3504,2.48907,0,15.649,8.91314,0,1731,23284984102
46.4997,21.5055,88.0779,0,98,87,76,1388,3504,2.48907,0,15.649,8.91314,0,1731,23306504193
48.7071,20.5309,88.0779,0,98,87,76,1388,3504,2.48907,0,15.649,8.91314,0,1731,23327023740
49.8621,20.0553,88.0779,0,98,87,76,1388,3504,2.48907,0,15.649,8.91314,0,1731,23347080396
49.119,20.3587,88.0779,0,98,87,76,1388,3504,2.48907,0,15.649,8.91314,0,1731,23367439230
49.1864,20.3308,88.0779,0,98,87,76,1388,3504,2.48907,0,15.649,8.91314,0,1731,23387793100
48.0831,20.7973,88.0779,0,98,87,76,1388,3504,2.48907,0,15.649,8.91314,0,1731,23408570340
50.3476,19.8619,88.0779,0,98,87,76,1388,3504,2.48907,0,15.649,8.91314,0,1731,23428446359
50.2383,19.9051,88.0779,0,98,87,76,1388,3504,2.48907,0,15.649,8.91314,0,1731,23448338525
49.1905,20.3291,88.0779,0,98,87,76,1388,3504,2.48907,0,15.649,8.91314,0,1731,23468668406
47.9427,20.8582,88.0779,0,98,87,76,1388,3504,2.48907,0,15.649,8.91314,0,1731,23489527289
51.0316,19.5957,88.0779,0,98,87,76,1388,3504,2.48907,0,15.649,8.91314,0,1731,23509123818
49.4434,20.2251,88.0779,0,98,87,76,1388,3504,2.48907,0,15.649,8.91314,0,1731,23529350711
49.3667,20.2566,88.0779,0,98,87,76,1388,3504,2.48907,0,15.649,8.91314,0,1731,23549608225
49.3321,20.2708,88.0779,0,98,87,76,1388,3504,2.48907,0,15.649,8.91314,0,1731,23569880196
49.9682,20.0127,88.0779,0,98,87,76,1388,3504,2.48907,0,15.649,8.91314,0,1731,23589894518
41.2858,24.2214,88.0779,0,98,87,76,1388,3504,2.48907,0,15.649,8.91314,0,1731,23614117116
62.8112,15.9207,88.0779,0,98,87,76,1388,3504,2.48907,0,15.649,8.91314,0,1731,23630063423
49.2784,20.2929,88.0779,0,98,87,76,1388,3504,2.48907,0,15.649,8.91314,0,1731,23650336938
49.8905,20.0439,83.6272,0,99,87,76,1392,3504,2.48907,0,15.65,8.91314,0,1765,23670377133
49.2895,20.2883,83.6272,0,99,87,76,1392,3504,2.48907,0,15.65,8.91314,0,1765,23690768993
48.9061,20.4473,83.6272,0,99,87,76,1392,3504,2.48907,0,15.65,8.91314,0,1765,23711196593
50.9266,19.6361,83.6272,0,99,87,76,1392,3504,2.48907,0,15.65,8.91314,0,1765,23730833102
49.8064,20.0777,83.6272,0,99,87,76,1392,3504,2.48907,0,15.65,8.91314,0,1765,23750910683
49.8381,20.065,83.6272,0,99,87,76,1392,3504,2.48907,0,15.65,8.91314,0,1765,23770977591
48.9961,20.4098,83.6272,0,99,87,76,1392,3504,2.48907,0,15.65,8.91314,0,1765,23791406269
48.7597,20.5087,83.6272,0,99,87,76,1392,3504,2.48907,0,15.65,8.91314,0,1765,23811898168
51.2991,19.4935,83.6272,0,99,87,76,1392,3504,2.48907,0,15.65,8.91314,0,1765,23831392947
48.5408,20.6012,83.6272,0,99,87,76,1392,3504,2.48907,0,15.65,8.91314,0,1765,23851994397
51.4674,19.4298,83.6272,0,99,87,76,1392,3504,2.48907,0,15.65,8.91314,0,1765,23871424625
47.0386,21.2591,83.6272,0,99,87,76,1392,3504,2.48907,0,15.65,8.91314,0,1765,23892686252
47.8583,20.895,83.6272,0,99,87,76,1392,3504,2.48907,0,15.65,8.91314,0,1765,23913582605
48.7699,20.5045,83.6272,0,99,87,76,1392,3504,2.48907,0,15.65,8.91314,0,1765,23934087016
45.0651,22.1901,83.6272,0,99,87,76,1392,3504,2.48907,0,15.65,8.91314,0,1765,23956278121
56.0725,17.8341,83.6272,0,99,87,76,1392,3504,2.48907,0,15.65,8.91314,0,1765,23974135983
35.1471,28.4519,83.6272,0,99,87,76,1392,3504,2.48907,0,15.65,8.91314,0,1765,24002609038
53.4445,18.711,83.6272,0,99,87,76,1392,3504,2.48907,0,15.65,8.91314,0,1765,24021321973
35.7224,27.9937,83.6272,0,99,87,76,1392,3504,2.48907,0,15.65,8.91314,0,1765,24049294720
50.5744,19.7729,83.6272,0,99,87,76,1392,3504,2.48907,0,15.65,8.91314,0,1765,24069070053
46.0067,21.736,83.6272,0,99,87,76,1392,3504,2.48907,0,15.65,8.91314,0,1765,24090827169
50.7179,19.7169,83.6272,0,99,87,76,1392,3504,2.48907,0,15.65,8.91314,0,1765,24110525027
52.6218,19.0035,83.6272,0,99,87,76,1392,3504,2.48907,0,15.65,8.91314,0,1765,24129529242
45.7472,21.8592,83.6272,0,99,87,76,1392,3504,2.48907,0,15.65,8.91314,0,1765,24151392673
61.223,16.3337,85.213,0,99,88,76,1392,3504,2.48907,0,15.6497,8.91314,0,1728,24167724381
51.0976,19.5704,85.213,0,99,88,76,1392,3504,2.48907,0,15.6497,8.91314,0,1728,24187317661
44.8693,22.287,85.213,0,99,88,76,1392,3504,2.48907,0,15.6497,8.91314,0,1728,24209583877
51.3283,19.4824,85.213,0,99,88,76,1392,3504,2.48907,0,15.6497,8.91314,0,1728,24229066985
45.3218,22.0644,85.213,0,99,88,76,1392,3504,2.48907,0,15.6497,8.91314,0,1728,24251154834
45.1211,22.1626,85.213,0,99,88,76,1392,3504,2.48907,0,15.6497,8.91314,0,1728,24273338637
50.6534,19.742,85.213,0,99,88,76,1392,3504,2.48907,0,15.6497,8.91314,0,1728,24293087980
51.9925,19.2335,85.213,0,99,88,76,1392,3504,2.48907,0,15.6497,8.91314,0,1728,24312319530
48.5893,20.5807,85.213,0,99,88,76,1392,3504,2.48907,0,15.6497,8.91314,0,1728,24332902044
49.9045,20.0383,85.213,0,99,88,76,1392,3504,2.48907,0,15.6497,8.91314,0,1728,24352941401
47.1603,21.2043,85.213,0,99,88,76,1392,3504,2.48907,0,15.6497,8.91314,0,1728,24374146674
50.8799,19.6541,85.213,0,99,88,76,1392,3504,2.48907,0,15.6497,8.91314,0,1728,24393802062
45.2595,22.0948,85.213,0,99,88,76,1392,3504,2.48907,0,15.6497,8.91314,0,1728,24415897697
47.4986,21.0533,85.213,0,99,88,76,1392,3504,2.48907,0,15.6497,8.91314,0,1728,24436972608
52.0328,19.2187,85.213,0,99,88,76,1392,3504,2.48907,0,15.6497,8.91314,0,1728,24456192995
47.6109,21.0036,85.213,0,99,88,76,1392,3504,2.48907,0,15.6497,8.91314,0,1728,24477175326
47.247,21.1654,85.213,0,99,88,76,1392,3504,2.48907,0,15.6497,8.91314,0,1728,24498359070
49.3951,20.2449,85.213,0,99,88,76,1392,3504,2.48907,0,15.6497,8.91314,0,1728,24518588722
50.1607,19.9359,85.213,0,99,88,76,1392,3504,2.48907,0,15.6497,8.91314,0,1728,24538526008
46.4482,21.5294,85.213,0,99,88,76,1392,3504,2.48907,0,15.6497,8.91314,0,1728,24560079582
45.2706,22.0894,85.213,0,99,88,76,1392,3504,2.48907,0,15.6497,8.91314,0,1728,24582167217
43.2828,23.1039,85.213,0,99,88,76,1392,3504,2.48907,0,15.6497,8.91314,0,1728,24605272104
42.9447,23.2857,85.213,0,99,88,76,1392,3504,2.48907,0,15.6497,8.91314,0,1728,24628560118
62.9053,15.8969,85.213,0,99,88,76,1392,3504,2.48907,0,15.6497,8.91314,0,1728,24644457545
50.2623,19.8956,85.213,0,99,88,76,1392,3504,2.48907,0,15.6497,8.91314,0,1728,24664381189
49.0383,20.3922,83.871,0,98,88,76,1391,3504,2.48907,0,15.6496,8.91314,0,1740,24684748055
42.6998,23.4193,83.871,0,98,88,76,1391,3504,2.48907,0,15.6496,8.91314,0,1740,24708235724
58.7771,17.0134,83.871,0,98,88,76,1391,3504,2.48907,0,15.6496,8.91314,0,1740,24725182967
46.8912,21.326,83.871,0,98,88,76,1391,3504,2.48907,0,15.6496,8.91314,0,1740,24746510449
51.9683,19.2425,83.871,0,98,88,76,1391,3504,2.48907,0,15.6496,8.91314,0,1740,24765791704
43.0623,23.2222,83.871,0,98,88,76,1391,3504,2.48907,0,15.6496,8.91314,0,1740,24788998603
59.135,16.9105,83.871,0,98,88,76,1391,3504,2.48907,0,15.6496,8.91314,0,1740,24805889738
47.5553,21.0282,83.871,0,98,88,76,1391,3504,2.48907,0,15.6496,8.91314,0,1740,24826940177
52.7731,18.949,83.871,0,98,88,76,1391,3504,2.48907,0,15.6496,8.91314,0,1740,24845868530
39.1669,25.5317,83.871,0,98,88,76,1391,3504,2.48907,0,15.6496,8.91314,0,1740,24871402183
67.4998,14.8149,83.871,0,98,88,76,1391,3504,2.48907,0,15.6496,8.91314,0,1740,24886217092
48.926,20.439,83.871,0,98,88,76,1391,3504,2.48907,0,15.6496,8.91314,0,1740,24906658364
45.9167,21.7785,83.871,0,98,88,76,1391,3504,2.48907,0,15.6496,8.91314,0,1740,24928437638
49.4003,20.2428,83.871,0,98,88,76,1391,3504,2.48907,0,15.6496,8.91314,0,1740,24948681143
43.9523,22.7519,83.871,0,98,88,76,1391,3504,2.48907,0,15.6496,8.91314,0,1740,24971435162
63.2977,15.7984,83.871,0,98,88,76,1391,3504,2.48907,0,15.6496,8.91314,0,1740,24987234739
52.3339,19.1081,83.871,0,98,88,76,1391,3504,2.48907,0,15.6496,8.91314,0,1740,25006343978
47.5479,21.0314,83.871,0,98,88,76,1391,3504,2.48907,0,15.6496,8.91314,0,1740,25027398128
47.7586,20.9386,83.871,0,98,88,76,1391,3504,2.48907,0,15.6496,8.91314,0,1740,25048316505
51.9373,19.254,83.871,0,98,88,76,1391,3504,2.48907,0,15.6496,8.91314,0,1740,25067571195
55.0027,18.1809,83.871,0,98,88,76,1391,3504,2.48907,0,15.6496,8.91314,0,1740,25085754129
43.0064,23.2524,83.871,0,98,88,76,1391,3504,2.48907,0,15.6496,8.91314,0,1740,25109027634
57.2813,17.4577,83.871,0,98,88,76,1391,3504,2.48907,0,15.6496,8.91314,0,1740,25126486643
49.3694,20.2555,83.871,0,98,88,76,1391,3504,2.48907,0,15.6496,8.91314,0,1740,25146721633
53.0084,18.8649,83.871,0,98,88,76,1391,3504,2.48907,0,15.6496,8.91314,0,1740,25165595013
49.6897,20.1249,84.4221,0,98,88,76,1391,3504,2.48907,0,15.649,8.91314,0,1756,25185715074
50.0077,19.9969,84.4221,0,98,88,76,1391,3504,2.48907,0,15.649,8.91314,0,1756,25205712665
44.2868,22.5801,84.4221,0,98,88,76,1391,3504,2.48907,0,15.649,8.91314,0,1756,25228294826
57.4084,17.4191,84.4221,0,98,88,76,1391,3504,2.48907,0,15.649,8.91314,0,1756,25245714425
49.9662,20.0135,84.4221,0,98,88,76,1391,3504,2.48907,0,15.649,8.91314,0,1756,25265728909
42.3069,23.6368,84.4221,0,98,88,76,1391,3504,2.48907,0,15.649,8.91314,0,1756,25289366005
53.4801,18.6985,84.4221,0,98,88,76,1391,3504,2.48907,0,15.649,8.91314,0,1756,25308066034
55.7377,17.9412,84.4221,0,98,88,76,1391,3504,2.48907,0,15.649,8.91314,0,1756,25326029213
45.3099,22.0702,84.4221,0,98,88,76,1391,3504,2.48907,0,15.649,8.91314,0,1756,25348079621
31.9422,31.3065,84.4221,0,98,88,76,1391,3504,2.48907,0,15.649,8.91314,0,1756,25379386607
99.6521,10.0349,84.4221,0,98,88,76,1391,3504,2.48907,0,15.649,8.91314,0,1756,25389423791
42.3078,23.6363,84.4221,0,98,88,76,1391,3504,2.48907,0,15.649,8.91314,0,1756,25413060197
51.5271,19.4073,84.4221,0,98,88,76,1391,3504,2.48907,0,15.649,8.91314,0,1756,25432468514
48.9758,20.4183,84.4221,0,98,88,76,1391,3504,2.48907,0,15.649,8.91314,0,1756,25452887631
48.0941,20.7926,84.4221,0,98,88,76,1391,3504,2.48907,0,15.649,8.91314,0,1756,25473702186
49.6092,20.1575,84.4221,0,98,88,76,1391,3504,2.48907,0,15.649,8.91314,0,1756,25493840343
45.1021,22.1719,84.4221,0,98,88,76,1391,3504,2.48907,0,15.649,8.91314,0,1756,25516033458
52.8856,18.9087,84.4221,0,98,88,76,1391,3504,2.48907,0,15.649,8.91314,0,1756,25534923106
47.451,21.0744,84.4221,0,98,88,76,1391,3504,2.48907,0,15.649,8.91314,0,1756,25556020873
49.645,20.143,84.4221,0,98,88,76,1391,3504,2.48907,0,15.649,8.91314,0,1756,25576143324
50.0267,19.9893,84.4221,0,98,88,76,1391,3504,2.48907,0,15.649,8.91314,0,1756,25596156465
48.5483,20.598,84.4221,0,98,88,76,1391,3504,2.48907,0,15.649,8.91314,0,1756,25616734705
49.1384,20.3507,84.4221,0,98,88,76,1391,3504,2.48907,0,15.649,8.91314,0,1756,25637103170
44.4078,22.5186,84.4221,0,98,88,76,1391,3504,2.48907,0,15.649,8.91314,0,1756,25659604651
51.4504,19.4362,84.4221,0,98,88,76,1391,3504,2.48907,0,15.649,8.91314,0,1756,25679612971
50.8337,19.672,83.7438,0,100,88,76,1399,3504,2.48907,0,15.6493,8.91314,0,1810,25698737422
45.9506,21.7625,83.7438,0,100,88,76,1399,3504,2.48907,0,15.6493,8.91314,0,1810,25720480348
48.2827,20.7114,83.7438,0,100,88,76,1399,3504,2.48907,0,15.6493,8.91314,0,1810,25741191804
47.374,21.1086,83.7438,0,100,88,76,1399,3504,2.48907,0,15.6493,8.91314,0,1810,25762323088
56.0871,17.8294,83.7438,0,100,88,76,1399,3504,2.48907,0,15.6493,8.91314,0,1810,25780132805
45.8249,21.8222,83.7438,0,100,88,76,1399,3504,2.48907,0,15.6493,8.91314,0,1810,25801956403
53.3103,18.7581,83.7438,0,100,88,76,1399,3504,2.48907,0,15.6493,8.91314,0,1810,25820715250
49.0497,20.3875,83.7438,0,100,88,76,1399,3504,2.48907,0,15.6493,8.91314,0,1810,25841104609
46.5084,21.5015,83.7438,0,100,88,76,1399,3504,2.48907,0,15.6493,8.91314,0,1810,25862627917
45.1198,22.1632,83.7438,0,100,88,76,1399,3504,2.48907,0,15.6493,8.91314,0,1810,25884813262
57.7838,17.3059,83.7438,0,100,88,76,1399,3504,2.48907,0,15.6493,8.91314,0,1810,25902120280
48.0073,20.8301,83.7438,0,100,88,76,1399,3504,2.48907,0,15.6493,8.91314,0,1810,25922966367
49.5799,20.1695,83.7438,0,100,88,76,1399,3504,2.48907,0,15.6493,8.91314,0,1810,25944265667
49.8156,20.074,83.7438,0,100,88,76,1399,3504,2.48907,0,15.6493,8.91314,0,1810,25964362259
45.8112,21.8287,83.7438,0,100,88,76,1399,3504,2.48907,0,15.6493,8.91314,0,1810,25986192105
51.9077,19.265,83.7438,0,100,88,76,1399,3504,2.48907,0,15.6493,8.91314,0,1810,26005458175
37.3563,26.7692,83.7438,0,100,88,76,1399,3504,2.48907,0,15.6493,8.91314,0,1810,26032228090
55.19,18.1192,83.7438,0,100,88,76,1399,3504,2.48907,0,15.6493,8.91314,0,1810,26050349664
47.0755,21.2425,83.7438,0,100,88,76,1399,3504,2.48907,0,15.6493,8.91314,0,1810,26071594415
41.5406,24.0728,83.7438,0,100,88,76,1399,3504,2.48907,0,15.6493,8.91314,0,1810,26095687573
54.2042,18.4488,83.7438,0,100,88,76,1399,3504,2.48907,0,15.6493,8.91314,0,1810,26114159391
46.3335,21.5827,83.7438,0,100,88,76,1399,3504,2.48907,0,15.6493,8.91314,0,1810,26135742668
48.3192,20.6957,83.7438,0,100,88,76,1399,3504,2.48907,0,15.6493,8.91314,0,1810,26156439157
49.0665,20.3805,83.7438,0,100,88,76,1399,3504,2.48907,0,15.6493,8.91314,0,1810,26176822149
47.8459,20.9004,83.7438,0,100,88,76,1399,3504,2.48907,0,15.6493,8.91314,0,1810,26197752569
49.9713,20.0115,87.1671,0,100,86,76,1399,3504,2.48907,0,15.6493,8.91314,0,1768,26217737032
49.2707,20.296,87.1671,0,100,86,76,1399,3504,2.48907,0,15.6493,8.91314,0,1768,26238034174
47.4436,21.0776,87.1671,0,100,86,76,1399,3504,2.48907,0,15.6493,8.91314,0,1768,26259132959
48.3184,20.696,87.1671,0,100,86,76,1399,3504,2.48907,0,15.6493,8.91314,0,1768,26279830926
47.0974,21.2326,87.1671,0,100,86,76,1399,3504,2.48907,0,15.6493,8.91314,0,1768,26301064674
48.1984,20.7476,87.1671,0,100,86,76,1399,3504,2.48907,0,15.6493,8.91314,0,1768,26321792210
47.3445,21.1218,87.1671,0,100,86,76,1399,3504,2.48907,0,15.6493,8.91314,0,1768,26342915176
38.8828,25.7183,87.1671,0,100,86,76,1399,3504,2.48907,0,15.6493,8.91314,0,1768,26368655776
63.1054,15.8465,87.1671,0,100,86,76,1399,3504,2.48907,0,15.6493,8.91314,0,1768,26384503032
45.3498,22.0508,87.1671,0,100,86,76,1399,3504,2.48907,0,15.6493,8.91314,0,1768,26406555519
48.9,20.4499,87.1671,0,100,86,76,1399,3504,2.48907,0,15.6493,8.91314,0,1768,26427006209
44.0506,22.7012,87.1671,0,100,86,76,1399,3504,2.48907,0,15.6493,8.91314,0,1768,26449708463
54.3606,18.3957,87.1671,0,100,86,76,1399,3504,2.48907,0,15.6493,8.91314,0,1768,26468137326
47.2249,21.1753,87.1671,0,100,86,76,1399,3504,2.48907,0,15.6493,8.91314,0,1768,26489281615
49.384,20.2495,87.1671,0,100,86,76,1399,3504,2.48907,0,15.6493,8.91314,0,1768,26509554431
48.6846,20.5404,87.1671,0,100,86,76,1399,3504,2.48907,0,15.6493,8.91314,0,1768,26530074961
47.3236,21.1311,87.1671,0,100,86,76,1399,3504,2.48907,0,15.6493,8.91314,0,1768,26551229686
48.6429,20.558,87.1671,0,100,86,76,1399,3504,2.48907,0,15.6493,8.91314,0,1768,26571765570
48.6895,20.5383,87.1671,0,100,86,76,1399,3504,2.48907,0,15.6493,8.91314,0,1768,26592306062
48.08,20.7987,87.1671,0,100,86,76,1399,3504,2.48907,0,15.6493,8.91314,0,1768,26613126433
49.3677,20.2562,87.1671,0,100,86,76,1399,3504,2.48907,0,15.6493,8.91314,0,1768,26633379867
47.6751,20.9753,87.1671,0,100,86,76,1399,3504,2.48907,0,15.6493,8.91314,0,1768,26654339134
47.588,21.0137,87.1671,0,100,86,76,1399,3504,2.48907,0,15.6493,8.91314,0,1768,26675354515
38.05,26.2812,87.1671,0,100,86,76,1399,3504,2.48907,0,15.6493,8.91314,0,1768,26701664483
56.3153,17.7572,86.2155,0,99,86,76,1409,3504,2.48907,0,15.6495,8.91314,0,1724,26719397496
54.1178,18.4782,86.2155,0,99,86,76,1409,3504,2.48907,0,15.6495,8.91314,0,1724,26737874388
48.4291,20.6488,86.2155,0,99,86,76,1409,3504,2.48907,0,15.6495,8.91314,0,1724,26758525906
38.1637,26.2029,86.2155,0,99,86,76,1409,3504,2.48907,0,15.6495,8.91314,0,1724,26784729719
47.7576,20.9391,86.2155,0,99,86,76,1409,3504,2.48907,0,15.6495,8.91314,0,1724,26805691332
55.2828,18.0888,86.2155,0,99,86,76,1409,3504,2.48907,0,15.6495,8.91314,0,1724,26823781762
44.658,22.3924,86.2155,0,99,86,76,1409,3504,2.48907,0,15.6495,8.91314,0,1724,26846154665
37.2107,26.874,86.2155,0,99,86,76,1409,3504,2.48907,0,15.6495,8.91314,0,1724,26873028123
49.7502,20.1004,86.2155,0,99,86,76,1409,3504,2.48907,0,15.6495,8.91314,0,1724,26893129559
48.3482,20.6833,86.2155,0,99,86,76,1409,3504,2.48907,0,15.6495,8.91314,0,1724,26913835336
29.1759,34.2749,86.2155,0,99,86,76,1409,3504,2.48907,0,15.6495,8.91314,0,1724,26948113353
37.6251,26.578,86.2155,0,99,86,76,1409,3504,2.48907,0,15.6495,8.91314,0,1724,26974691166
77.9526,12.8283,86.2155,0,99,86,76,1409,3504,2.48907,0,15.6495,8.91314,0,1724,26987521446
50.1435,19.9428,86.2155,0,99,86,76,1409,3504,2.48907,0,15.6495,8.91314,0,1724,27007485578
43.5899,22.9411,86.2155,0,99,86,76,1409,3504,2.48907,0,15.6495,8.91314,0,1724,27030406801
50.0331,19.9868,86.2155,0,99,86,76,1409,3504,2.48907,0,15.6495,8.91314,0,1724,27050415888
47.4406,21.079,86.2155,0,99,86,76,1409,3504,2.48907,0,15.6495,8.91314,0,1724,27071495311
48.9403,20.4331,86.2155,0,99,86,76,1409,3504,2.48907,0,15.6495,8.91314,0,1724,27091930566
38.9018,25.7058,86.2155,0,99,86,76,1409,3504,2.48907,0,15.6495,8.91314,0,1724,27117637231
45.6223,21.9191,86.2155,0,99,86,76,1409,3504,2.48907,0,15.6495,8.91314,0,1724,27139578880
42.3128,23.6335,86.2155,0,99,86,76,1409,3504,2.48907,0,15.6495,8.91314,0,1724,27163191454
33.7925,29.5924,86.2155,0,99,86,76,1409,3504,2.48907,0,15.6495,8.91314,0,1724,27192785241
62.4757,16.0062,86.2155,0,99,86,76,1409,3504,2.48907,0,15.6495,8.91314,0,1724,27208822274
61.5761,16.2401,90.709,0,97,86,75,1404,3504,2.48907,0,15.6495,8.91314,0,1728,27225035151
45.3711,22.0405,90.709,0,97,86,75,1404,3504,2.48907,0,15.6495,8.91314,0,1728,27247076239
49.015,20.4019,90.709,0,97,86,75,1404,3504,2.48907,0,15.6495,8.91314,0,1728,27267478702
46.1536,21.6668,90.709,0,97,86,75,1404,3504,2.48907,0,15.6495,8.91314,0,1728,27289168796
51.1625,19.5456,90.709,0,97,86,75,1404,3504,2.48907,0,15.6495,8.91314,0,1728,27308714267
49.1901,20.3293,90.709,0,97,86,75,1404,3504,2.48907,0,15.6495,8.91314,0,1728,27329058954
48.492,20.6219,90.709,0,97,86,75,1404,3504,2.48907,0,15.6495,8.91314,0,1728,27349703956
43.4632,23.008,90.709,0,97,86,75,1404,3504,2.48907,0,15.6495,8.91314,0,1728,27372691455
48.0488,20.8122,90.709,0,97,86,75,1404,3504,2.48907,0,15.6495,8.91314,0,1728,27393504917
45.6452,21.9081,90.709,0,97,86,75,1404,3504,2.48907,0,15.6495,8.91314,0,1728,27415414473
47.1211,21.2219,90.709,0,97,86,75,1404,3504,2.48907,0,15.6495,8.91314,0,1728,27436638135
40.4005,24.7522,90.709,0,97,86,75,1404,3504,2.48907,0,15.6495,8.91314,0,1728,27461390296
49.4728,20.2131,90.709,0,97,86,75,1404,3504,2.48907,0,15.6495,8.91314,0,1728,27481625286
48.1768,20.7569,90.709,0,97,86,75,1404,3504,2.48907,0,15.6495,8.91314,0,1728,27502404763
41.5976,24.0398,90.709,0,97,86,75,1404,3504,2.48907,0,15.6495,8.91314,0,1728,27526445907
53.0217,18.8602,90.709,0,97,86,75,1404,3504,2.48907,0,15.6495,8.91314,0,1728,27545286826
47.9475,20.8562,90.709,0,97,86,75,1404,3504,2.48907,0,15.6495,8.91314,0,1728,27566143328
32.213,31.0434,90.709,0,97,86,75,1404,3504,2.48907,0,15.6495,8.91314,0,1728,27597187562
69.8782,14.3106,90.709,0,97,86,75,1404,3504,2.48907,0,15.6495,8.91314,0,1728,27611498568
56.5275,17.6905,90.709,0,97,86,75,1404,3504,2.48907,0,15.6495,8.91314,0,1728,27629190278
34.0991,29.3263,90.709,0,97,86,75,1404,3504,2.48907,0,15.6495,8.91314,0,1728,27658518422
47.6001,21.0084,90.709,0,97,86,75,1404,3504,2.48907,0,15.6495,8.91314,0,1728,27679526973
43.22,23.1375,90.709,0,97,86,75,1404,3504,2.48907,0,15.6495,8.91314,0,1728,27702665532
50.6997,19.724,90.709,0,97,86,75,1404,3504,2.48907,0,15.6495,8.91314,0,1728,27722396132
44.0747,22.6888,92.2693,0,97,86,75,1404,3504,2.48907,0,15.6484,8.91314,0,1788,27745080245
48.0185,20.8253,92.2693,0,97,86,75,1404,3504,2.48907,0,15.6484,8.91314,0,1788,27765906898
50.0703,19.9719,92.2693,0,97,86,75,1404,3504,2.48907,0,15.6484,8.91314,0,1788,27785880143
47.9309,20.8634,92.2693,0,97,86,75,1404,3504,2.48907,0,15.6484,8.91314,0,1788,27806744919
41.7494,23.9524,92.2693,0,97,86,75,1404,3504,2.48907,0,15.6484,8.91314,0,1788,27830698174
29.6142,33.7676,92.2693,0,97,86,75,1404,3504,2.48907,0,15.6484,8.91314,0,1788,27864466528
31.4746,31.7717,92.2693,0,97,86,75,1404,3504,2.48907,0,15.6484,8.91314,0,1788,27896239044
75.3073,13.2789,92.2693,0,97,86,75,1404,3504,2.48907,0,15.6484,8.91314,0,1788,27909519441
48.3361,20.6885,92.2693,0,97,86,75,1404,3504,2.48907,0,15.6484,8.91314,0,1788,27930209160
35.0778,28.5081,92.2693,0,97,86,75,1404,3504,2.48907,0,15.6484,8.91314,0,1788,27958717876
22.937,43.5976,92.2693,0,97,86,75,1404,3504,2.48907,0,15.6484,8.91314,0,1788,28002317160
40.1779,24.8893,92.2693,0,97,86,75,1404,3504,2.48907,0,15.6484,8.91314,0,1788,28027207626
30.9024,32.3599,92.2693,0,97,86,75,1404,3504,2.48907,0,15.6484,8.91314,0,1788,28059569179
31.2798,31.9695,92.2693,0,97,86,75,1404,3504,2.48907,0,15.6484,8.91314,0,1788,28091539095
36.5464,27.3625,92.2693,0,97,86,75,1404,3504,2.48907,0,15.6484,8.91314,0,1788,28118902315
39.919,25.0507,92.2693,0,97,86,75,1404,3504,2.48907,0,15.6484,8.91314,0,1788,28143954544
57.8157,17.2963,92.2693,0,97,86,75,1404,3504,2.48907,0,15.6484,8.91314,0,1788,28161251598
36.7232,27.2307,92.2693,0,97,86,75,1404,3504,2.48907,0,15.6484,8.91314,0,1788,28188482691
40.1185,24.9261,92.2693,0,97,86,75,1404,3504,2.48907,0,15.6484,8.91314,0,1788,28213431862
20.1457,49.6383,92.2693,0,97,86,75,1404,3504,2.48907,0,15.6484,8.91314,0,1788,28263099658
48.3703,20.6738,96.2963,0,94,88,75,1420,3504,2.48907,0,15.6593,8.91314,0,1738,28283767013
25.2278,39.6388,96.2963,0,94,88,75,1420,3504,2.48907,0,15.6593,8.91314,0,1738,28323428906
40.783,24.52,96.2963,0,94,88,75,1420,3504,2.48907,0,15.6593,8.91314,0,1738,28347949577
31.7462,31.4998,96.2963,0,94,88,75,1420,3504,2.48907,0,15.6593,8.91314,0,1738,28379449960
41.5282,24.08,96.2963,0,94,88,75,1420,3504,2.48907,0,15.6593,8.91314,0,1738,28403531422
30.0223,33.3085,96.2963,0,94,88,75,1420,3504,2.48907,0,15.6593,8.91314,0,1738,28436840531
37.2584,26.8396,96.2963,0,94,88,75,1420,3504,2.48907,0,15.6593,8.91314,0,1738,28463681488
40.6492,24.6007,96.2963,0,94,88,75,1420,3504,2.48907,0,15.6593,8.91314,0,1738,28488282853
39.1101,25.5688,96.2963,0,94,88,75,1420,3504,2.48907,0,15.6593,8.91314,0,1738,28513853951
19.5489,51.1539,96.2963,0,94,88,75,1420,3504,2.48907,0,15.6593,8.91314,0,1738,28565029867
34.3356,29.1243,96.2963,0,94,88,75,1420,3504,2.48907,0,15.6593,8.91314,0,1738,28594135792
42.6862,23.4268,96.2963,0,94,88,75,1420,3504,2.48907,0,15.6593,8.91314,0,1738,28617584851
41.2378,24.2496,96.2963,0,94,88,75,1420,3504,2.48907,0,15.6593,8.91314,0,1738,28641813427
39.4146,25.3713,96.2963,0,94,88,75,1420,3504,2.48907,0,15.6593,8.91314,0,1738,28667207784
32.0196,31.2309,96.2963,0,94,88,75,1420,3504,2.48907,0,15.6593,8.91314,0,1738,28698439595
28.7398,34.795,96.2963,0,94,88,75,1420,3504,2.48907,0,15.6593,8.91314,0,1738,28733257255
33.2233,30.0993,96.2963,0,94,88,75,1420,3504,2.48907,0,15.6593,8.91314,0,1738,28763367324
31.2186,32.0322,95.9596,0,94,88,75,1420,3504,2.48907,0,15.6712,8.91314,0,1732,28795370066
36.6992,27.2485,95.9596,0,94,88,75,1420,3504,2.48907,0,15.6712,8.91314,0,1732,28822619853
32.5244,30.7461,95.9596,0,94,88,75,1420,3504,2.48907,0,15.6712,8.91314,0,1732,28853367266
45.4321,22.0109,95.9596,0,94,88,75,1420,3504,2.48907,0,15.6712,8.91314,0,1732,28875379391
28.3088,35.3247,95.9596,0,94,88,75,1420,3504,2.48907,0,15.6712,8.91314,0,1732,28910705604
40.3571,24.7788,95.9596,0,94,88,75,1420,3504,2.48907,0,15.6712,8.91314,0,1732,28935485769
38.1833,26.1894,95.9596,0,94,88,75,1420,3504,2.48907,0,15.6712,8.91314,0,1732,28961676147
26.752,37.3803,95.9596,0,94,88,75,1420,3504,2.48907,0,15.6712,8.91314,0,1732,28999056852
34.0904,29.3337,95.9596,0,94,88,75,1420,3504,2.48907,0,15.6712,8.91314,0,1732,29028391947
37.8438,26.4244,95.9596,0,94,88,75,1420,3504,2.48907,0,15.6712,8.91314,0,1732,29054817479
36.4239,27.4545,95.9596,0,94,88,75,1420,3504,2.48907,0,15.6712,8.91314,0,1732,29082273566
37.0912,26.9606,95.9596,0,94,88,75,1420,3504,2.48907,0,15.6712,8.91314,0,1732,29109235433
46.4637,21.5222,95.9596,0,94,88,75,1420,3504,2.48907,0,15.6712,8.91314,0,1732,29130778899
40.9759,24.4046,95.9596,0,94,88,75,1420,3504,2.48907,0,15.6712,8.91314,0,1732,29155163691
39.1141,25.5663,95.9596,0,94,88,75,1420,3504,2.48907,0,15.6712,8.91314,0,1732,29180731376
34.6352,28.8724,95.9596,0,94,88,75,1420,3504,2.48907,0,15.6712,8.91314,0,1732,29209604621
45.4428,22.0057,95.9596,0,94,88,75,1420,3504,2.48907,0,15.6712,8.91314,0,1732,29231610651
44.8386,22.3022,95.9596,0,94,88,75,1420,3504,2.48907,0,15.6712,8.91314,0,1732,29253914817
39.0237,25.6254,95.9596,0,94,88,75,1420,3504,2.48907,0,15.6712,8.91314,0,1732,29279550870
36.3618,27.5014,93.8875,0,94,87,75,1420,3504,2.48907,0,15.6713,8.91314,0,1727,29307043962
45.5009,21.9776,93.8875,0,94,87,75,1420,3504,2.48907,0,15.6713,8.91314,0,1727,29329022535
43.856,22.8019,93.8875,0,94,87,75,1420,3504,2.48907,0,15.6713,8.91314,0,1727,29351826666
47.3604,21.1147,93.8875,0,94,87,75,1420,3504,2.48907,0,15.6713,8.91314,0,1727,29372941505
42.9667,23.2738,93.8875,0,94,87,75,1420,3504,2.48907,0,15.6713,8.91314,0,1727,29396237384
47.1651,21.2021,93.8875,0,94,87,75,1420,3504,2.48907,0,15.6713,8.91314,0,1727,29417420004
43.8502,22.8049,93.8875,0,94,87,75,1420,3504,2.48907,0,15.6713,8.91314,0,1727,29440247002
44.7288,22.3569,93.8875,0,94,87,75,1420,3504,2.48907,0,15.6713,8.91314,0,1727,29462605045
42.8716,23.3255,93.8875,0,94,87,75,1420,3504,2.48907,0,15.6713,8.91314,0,1727,29485930908
44.8417,22.3007,93.8875,0,94,87,75,1420,3504,2.48907,0,15.6713,8.91314,0,1727,29508253766
45.8513,21.8096,93.8875,0,94,87,75,1420,3504,2.48907,0,15.6713,8.91314,0,1727,29530065375
43.8713,22.7939,93.8875,0,94,87,75,1420,3504,2.48907,0,15.6713,8.91314,0,1727,29552859329
45.601,21.9293,93.8875,0,94,87,75,1420,3504,2.48907,0,15.6713,8.91314,0,1727,29574789338
44.7315,22.3556,93.8875,0,94,87,75,1420,3504,2.48907,0,15.6713,8.91314,0,1727,29597147617
43.9847,22.7352,93.8875,0,94,87,75,1420,3504,2.48907,0,15.6713,8.91314,0,1727,29619883719
45.5685,21.945,93.8875,0,94,87,75,1420,3504,2.48907,0,15.6713,8.91314,0,1727,29641829462
45.7815,21.8429,93.8875,0,94,87,75,1420,3504,2.48907,0,15.6713,8.91314,0,1727,29663673615
45.7537,21.8562,93.8875,0,94,87,75,1420,3504,2.48907,0,15.6713,8.91314,0,1727,29685531813
46.4401,21.5331,93.8875,0,94,87,75,1420,3504,2.48907,0,15.6713,8.91314,0,1727,29707064165
44.505,22.4694,93.8875,0,94,87,75,1420,3504,2.48907,0,15.6713,8.91314,0,1727,29729535483
45.3141,22.0682,93.8875,0,94,87,75,1420,3504,2.48907,0,15.6713,8.91314,0,1727,29751604734
47.743,20.9455,93.8875,0,94,87,75,1420,3504,2.48907,0,15.6713,8.91314,0,1727,29772550996
47.9698,20.8465,93.8875,0,94,87,75,1420,3504,2.48907,0,15.6713,8.91314,0,1727,29793406320
37.7158,26.5141,86.9136,0,73,87,75,1499,3504,2.48907,0,15.6714,8.91314,0,1730,29819914775
58.6215,17.0586,86.9136,0,73,87,75,1499,3504,2.48907,0,15.6714,8.91314,0,1730,29836995904
47.9508,20.8547,86.9136,0,73,87,75,1499,3504,2.48907,0,15.6714,8.91314,0,1730,29857873671
46.4762,21.5164,86.9136,0,73,87,75,1499,3504,2.48907,0,15.6714,8.91314,0,1730,29879368631
46.4584,21.5246,86.9136,0,73,87,75,1499,3504,2.48907,0,15.6714,8.91314,0,1730,29900894982
46.2813,21.607,86.9136,0,73,87,75,1499,3504,2.48907,0,15.6714,8.91314,0,1730,29922502479
42.4654,23.5486,86.9136,0,73,87,75,1499,3504,2.48907,0,15.6714,8.91314,0,1730,29946053093
51.1049,19.5676,86.9136,0,73,87,75,1499,3504,2.48907,0,15.6714,8.91314,0,1730,29965621003
35.4729,28.1905,86.9136,0,73,87,75,1499,3504,2.48907,0,15.6714,8.91314,0,1730,29993833187
68.0291,14.6996,86.9136,0,73,87,75,1499,3504,2.48907,0,15.6714,8.91314,0,1730,30008534372
44.5522,22.4456,86.9136,0,73,87,75,1499,3504,2.48907,0,15.6714,8.91314,0,1730,30031002149
45.5589,21.9496,86.9136,0,73,87,75,1499,3504,2.48907,0,15.6714,8.91314,0,1730,30052952720
42.747,23.3935,86.9136,0,73,87,75,1499,3504,2.48907,0,15.6714,8.91314,0,1730,30076368717
55.0054,18.18,86.9136,0,73,87,75,1499,3504,2.48907,0,15.6714,8.91314,0,1730,30094528939
43.9099,22.7739,86.9136,0,73,87,75,1499,3504,2.48907,0,15.6714,8.91314,0,1730,30117324803
48.9708,20.4203,86.9136,0,73,87,75,1499,3504,2.48907,0,15.6714,8.91314,0,1730,30137724601
31.9483,31.3005,86.9136,0,73,87,75,1499,3504,2.48907,0,15.6714,8.91314,0,1730,30169026422
80.5584,12.4133,86.9136,0,73,87,75,1499,3504,2.48907,0,15.6714,8.91314,0,1730,30181461837
48.5433,20.6002,86.9136,0,73,87,75,1499,3504,2.48907,0,15.6714,8.91314,0,1730,30202041196
44.5595,22.4419,86.9136,0,73,87,75,1499,3504,2.48907,0,15.6714,8.91314,0,1730,30224484498
48.9853,20.4143,86.9136,0,73,87,75,1499,3504,2.48907,0,15.6714,8.91314,0,1730,30244921058
46.0335,21.7233,86.9136,0,73,87,75,1499,3504,2.48907,0,15.6714,8.91314,0,1730,30266625379
42.443,23.561,86.9136,0,73,87,75,1499,3504,2.48907,0,15.6714,8.91314,0,1730,30290186297
43.8627,22.7984,86.9136,0,73,87,75,1499,3504,2.48907,0,15.6714,8.91314,0,1730,30313012948
55.8169,17.9157,89.5631,0,95,87,75,1398,3504,2.48907,0,15.6795,8.9129,0,1732,30330923879
46.4418,21.5323,89.5631,0,95,87,75,1398,3504,2.48907,0,15.6795,8.9129,0,1732,30352457298
46.4687,21.5199,89.5631,0,95,87,75,1398,3504,2.48907,0,15.6795,8.9129,0,1732,30373978189
39.6298,25.2335,89.5631,0,95,87,75,1398,3504,2.48907,0,15.6795,8.9129,0,1732,30399212899
55.9129,17.8849,89.5631,0,95,87,75,1398,3504,2.48907,0,15.6795,8.9129,0,1732,30417099658
45.6149,21.9226,89.5631,0,95,87,75,1398,3504,2.48907,0,15.6795,8.9129,0,1732,30439044579
43.5633,22.9551,89.5631,0,95,87,75,1398,3504,2.48907,0,15.6795,8.9129,0,1732,30461979430
52.2475,19.1397,89.5631,0,95,87,75,1398,3504,2.48907,0,15.6795,8.9129,0,1732,30481137846
42.7587,23.3871,89.5631,0,95,87,75,1398,3504,2.48907,0,15.6795,8.9129,0,1732,30504508873
50.8358,19.6712,89.5631,0,95,87,75,1398,3504,2.48907,0,15.6795,8.9129,0,1732,30524180811
46.2643,21.6149,89.5631,0,95,87,75,1398,3504,2.48907,0,15.6795,8.9129,0,1732,30545796645
46.9009,21.3216,89.5631,0,95,87,75,1398,3504,2.48907,0,15.6795,8.9129,0,1732,30567119602
46.3334,21.5827,89.5631,0,95,87,75,1398,3504,2.48907,0,15.6795,8.9129,0,1732,30588704248
46.6915,21.4172,89.5631,0,95,87,75,1398,3504,2.48907,0,15.6795,8.9129,0,1732,30610139653
46.7701,21.3812,89.5631,0,95,87,75,1398,3504,2.48907,0,15.6795,8.9129,0,1732,30632168642
47.9495,20.8553,89.5631,0,95,87,75,1398,3504,2.48907,0,15.6795,8.9129,0,1732,30653034018
46.3364,21.5813,89.5631,0,95,87,75,1398,3504,2.48907,0,15.6795,8.9129,0,1732,30674616955
47.0681,21.2458,89.5631,0,95,87,75,1398,3504,2.48907,0,15.6795,8.9129,0,1732,30695872069
46.1029,21.6906,89.5631,0,95,87,75,1398,3504,2.48907,0,15.6795,8.9129,0,1732,30717553596
46.7685,21.3819,89.5631,0,95,87,75,1398,3504,2.48907,0,15.6795,8.9129,0,1732,30738936361
44.904,22.2697,89.5631,0,95,87,75,1398,3504,2.48907,0,15.6795,8.9129,0,1732,30761209480
46.2717,21.6115,89.5631,0,95,87,75,1398,3504,2.48907,0,15.6795,8.9129,0,1732,30782821008
45.3319,22.0595,89.5631,0,95,87,75,1398,3504,2.48907,0,15.6795,8.9129,0,1732,30804883369
46.5274,21.4927,89.5631,0,95,87,75,1398,3504,2.48907,0,15.6795,8.9129,0,1732,30826378502
44.6462,22.3983,68.2927,0,95,87,75,1398,3504,2.48907,0,15.6796,8.9129,0,3405,30848776734
46.733,21.3982,68.2927,0,95,87,75,1398,3504,2.48907,0,15.6796,8.9129,0,3405,30870176045
45.3125,22.069,68.2927,0,95,87,75,1398,3504,2.48907,0,15.6796,8.9129,0,3405,30892246068
45.5526,21.9526,68.2927,0,95,87,75,1398,3504,2.48907,0,15.6796,8.9129,0,3405,30914199986
43.6133,22.9288,68.2927,0,95,87,75,1398,3504,2.48907,0,15.6796,8.9129,0,3405,30937130538
46.649,21.4367,68.2927,0,95,87,75,1398,3504,2.48907,0,15.6796,8.9129,0,3405,30958567593
45.5807,21.9391,68.2927,0,95,87,75,1398,3504,2.48907,0,15.6796,8.9129,0,3405,30980507915
46.3472,21.5763,68.2927,0,95,87,75,1398,3504,2.48907,0,15.6796,8.9129,0,3405,31002087075
46.4188,21.543,68.2927,0,95,87,75,1398,3504,2.48907,0,15.6796,8.9129,0,3405,31023630334
45.2742,22.0876,68.2927,0,95,87,75,1398,3504,2.48907,0,15.6796,8.9129,0,3405,31045720357
47.0808,21.2401,68.2927,0,95,87,75,1398,3504,2.48907,0,15.6796,8.9129,0,3405,31066959757
46.0307,21.7246,68.2927,0,95,87,75,1398,3504,2.48907,0,15.6796,8.9129,0,3405,31088685532
45.2839,22.0829,68.2927,0,95,87,75,1398,3504,2.48907,0,15.6796,8.9129,0,3405,31110770429
45.0526,22.1963,68.2927,0,95,87,75,1398,3504,2.48907,0,15.6796,8.9129,0,3405,31132968163
39.5345,25.2944,68.2927,0,95,87,75,1398,3504,2.48907,0,15.6796,8.9129,0,3405,31158263008
47.0136,21.2705,68.2927,0,95,87,75,1398,3504,2.48907,0,15.6796,8.9129,0,3405,31179534369
44.8909,22.2762,68.2927,0,95,87,75,1398,3504,2.48907,0,15.6796,8.9129,0,3405,31201811983
46.7005,21.4131,68.2927,0,95,87,75,1398,3504,2.48907,0,15.6796,8.9129,0,3405,31223225146
45.5745,21.9421,68.2927,0,95,87,75,1398,3504,2.48907,0,15.6796,8.9129,0,3405,31245168950
47.2252,21.1751,68.2927,0,95,87,75,1398,3504,2.48907,0,15.6796,8.9129,0,3405,31266344202
46.1161,21.6844,68.2927,0,95,87,75,1398,3504,2.48907,0,15.6796,8.9129,0,3405,31288030150
46.4561,21.5257,68.2927,0,95,87,75,1398,3504,2.48907,0,15.6796,8.9129,0,3405,31309555676
43.8853,22.7867,68.2927,0,95,87,75,1398,3504,2.48907,0,15.6796,8.9129,0,3405,31332351567
48.7643,20.5068,74.1935,0,99,94,75,1392,3504,2.48907,0,15.6905,8.9129,0,3360,31352851348
46.0695,21.7063,74.1935,0,99,94,75,1392,3504,2.48907,0,15.6905,8.9129,0,3360,31374559701
46.726,21.4013,74.1935,0,99,94,75,1392,3504,2.48907,0,15.6905,8.9129,0,3360,31395961803
44.9891,22.2276,74.1935,0,99,94,75,1392,3504,2.48907,0,15.6905,8.9129,0,3360,31418190724
47.694,20.967,74.1935,0,99,94,75,1392,3504,2.48907,0,15.6905,8.9129,0,3360,31439176262
43.504,22.9864,74.1935,0,99,94,75,1392,3504,2.48907,0,15.6905,8.9129,0,3360,31462145909
49.6514,20.1404,74.1935,0,99,94,75,1392,3504,2.48907,0,15.6905,8.9129,0,3360,31482287472
46.3976,21.5528,74.1935,0,99,94,75,1392,3504,2.48907,0,15.6905,8.9129,0,3360,31503841897
46.187,21.6511,74.1935,0,99,94,75,1392,3504,2.48907,0,15.6905,8.9129,0,3360,31525493664
45.4584,21.9981,74.1935,0,99,94,75,1392,3504,2.48907,0,15.6905,8.9129,0,3360,31547494542
47.6887,20.9693,74.1935,0,99,94,75,1392,3504,2.48907,0,15.6905,8.9129,0,3360,31568476947
46.0764,21.7031,74.1935,0,99,94,75,1392,3504,2.48907,0,15.6905,8.9129,0,3360,31590170187
46.6331,21.444,74.1935,0,99,94,75,1392,3504,2.48907,0,15.6905,8.9129,0,3360,31611613179
42.289,23.6468,74.1935,0,99,94,75,1392,3504,2.48907,0,15.6905,8.9129,0,3360,31635261541
51.8836,19.2739,74.1935,0,99,94,75,1392,3504,2.48907,0,15.6905,8.9129,0,3360,31654536311
37.2284,26.8612,74.1935,0,99,94,75,1392,3504,2.48907,0,15.6905,8.9129,0,3360,31681399320
60.5254,16.522,74.1935,0,99,94,75,1392,3504,2.48907,0,15.6905,8.9129,0,3360,31697921329
38.5562,25.9362,74.1935,0,99,94,75,1392,3504,2.48907,0,15.6905,8.9129,0,3360,31723859505
57.0904,17.5161,74.1935,0,99,94,75,1392,3504,2.48907,0,15.6905,8.9129,0,3360,31741377239
46.4936,21.5083,74.1935,0,99,94,75,1392,3504,2.48907,0,15.6905,8.9129,0,3360,31762886710
46.1069,21.6887,74.1935,0,99,94,75,1392,3504,2.48907,0,15.6905,8.9129,0,3360,31784577339
45.6686,21.8969,74.1935,0,99,94,75,1392,3504,2.48907,0,15.6905,8.9129,0,3360,31806475905
46.6695,21.4273,74.1935,0,99,94,75,1392,3504,2.48907,0,15.6905,8.9129,0,3360,31827904043
45.9436,21.7658,74.1935,0,99,94,75,1392,3504,2.48907,0,15.6905,8.9129,0,3360,31849674587
46.1615,21.6631,66.0194,0,100,94,75,1395,3504,2.48907,0,15.6904,8.9129,0,3169,31871334050
46.0981,21.6929,66.0194,0,100,94,75,1395,3504,2.48907,0,15.6904,8.9129,0,3169,31893029188
45.9527,21.7615,66.0194,0,100,94,75,1395,3504,2.48907,0,15.6904,8.9129,0,3169,31914790783
41.6873,23.9881,66.0194,0,100,94,75,1395,3504,2.48907,0,15.6904,8.9129,0,3169,31938779828
48.4638,20.6339,66.0194,0,100,94,75,1395,3504,2.48907,0,15.6904,8.9129,0,3169,31959415266
45.0725,22.1865,66.0194,0,100,94,75,1395,3504,2.48907,0,15.6904,8.9129,0,3169,31981603453
46.6076,21.4557,66.0194,0,100,94,75,1395,3504,2.48907,0,15.6904,8.9129,0,3169,32003061142
45.7374,21.8639,66.0194,0,100,94,75,1395,3504,2.48907,0,15.6904,8.9129,0,3169,32024926543
45.9644,21.756,66.0194,0,100,94,75,1395,3504,2.48907,0,15.6904,8.9129,0,3169,32046683270
45.5251,21.9659,66.0194,0,100,94,75,1395,3504,2.48907,0,15.6904,8.9129,0,3169,32068649862
46.5697,21.4732,66.0194,0,100,94,75,1395,3504,2.48907,0,15.6904,8.9129,0,3169,32090123678
45.782,21.8426,66.0194,0,100,94,75,1395,3504,2.48907,0,15.6904,8.9129,0,3169,32111968876
45.4855,21.985,66.0194,0,100,94,75,1395,3504,2.48907,0,15.6904,8.9129,0,3169,32133954020
45.1422,22.1522,66.0194,0,100,94,75,1395,3504,2.48907,0,15.6904,8.9129,0,3169,32156106977
47.0986,21.232,66.0194,0,100,94,75,1395,3504,2.48907,0,15.6904,8.9129,0,3169,32177339785
45.7362,21.8645,66.0194,0,100,94,75,1395,3504,2.48907,0,15.6904,8.9129,0,3169,32199206668
41.5043,24.0939,66.0194,0,100,94,75,1395,3504,2.48907,0,15.6904,8.9129,0,3169,32223300509
52.2215,19.1492,66.0194,0,100,94,75,1395,3504,2.48907,0,15.6904,8.9129,0,3169,32242450632
45.9356,21.7696,66.0194,0,100,94,75,1395,3504,2.48907,0,15.6904,8.9129,0,3169,32264221018
41.9624,23.8308,66.0194,0,100,94,75,1395,3504,2.48907,0,15.6904,8.9129,0,3169,32288053033
51.2833,19.4995,66.0194,0,100,94,75,1395,3504,2.48907,0,15.6904,8.9129,0,3169,32307566000
46.0179,21.7307,66.0194,0,100,94,75,1395,3504,2.48907,0,15.6904,8.9129,0,3169,32329285857
46.9613,21.2941,66.0194,0,100,94,75,1395,3504,2.48907,0,15.6904,8.9129,0,3169,32350583956
43.484,22.997,72.7047,0,100,95,75,1396,3504,2.48907,0,15.6958,8.9129,0,3400,32373579719
49.3699,20.2553,72.7047,0,100,95,75,1396,3504,2.48907,0,15.6958,8.9129,0,3400,32393835752
46.3085,21.5943,72.7047,0,100,95,75,1396,3504,2.48907,0,15.6958,8.9129,0,3400,32415432328
45.9602,21.758,72.7047,0,100,95,75,1396,3504,2.48907,0,15.6958,8.9129,0,3400,32437189959
44.8322,22.3054,72.7047,0,100,95,75,1396,3504,2.48907,0,15.6958,8.9129,0,3400,32459496619
46.5708,21.4727,72.7047,0,100,95,75,1396,3504,2.48907,0,15.6958,8.9129,0,3400,32480970183
44.1091,22.6711,72.7047,0,100,95,75,1396,3504,2.48907,0,15.6958,8.9129,0,3400,32503643095
46.1211,21.6821,72.7047,0,100,95,75,1396,3504,2.48907,0,15.6958,8.9129,0,3400,32525326057
45.3339,22.0585,72.7047,0,100,95,75,1396,3504,2.48907,0,15.6958,8.9129,0,3400,32547386418
46.3995,21.552,72.7047,0,100,95,75,1396,3504,2.48907,0,15.6958,8.9129,0,3400,32568937992
45.2664,22.0914,72.7047,0,100,95,75,1396,3504,2.48907,0,15.6958,8.9129,0,3400,32591031963
46.442,21.5322,72.7047,0,100,95,75,1396,3504,2.48907,0,15.6958,8.9129,0,3400,32612564706
45.582,21.9385,72.7047,0,100,95,75,1396,3504,2.48907,0,15.6958,8.9129,0,3400,32634505511
45.8785,21.7967,72.7047,0,100,95,75,1396,3504,2.48907,0,15.6958,8.9129,0,3400,32656302248
45.0982,22.1738,72.7047,0,100,95,75,1396,3504,2.48907,0,15.6958,8.9129,0,3400,32678490795
46.2786,21.6083,72.7047,0,100,95,75,1396,3504,2.48907,0,15.6958,8.9129,0,3400,32700087543
41.9949,23.8124,72.7047,0,100,95,75,1396,3504,2.48907,0,15.6958,8.9129,0,3400,32723903641
46.4746,21.5171,72.7047,0,100,95,75,1396,3504,2.48907,0,15.6958,8.9129,0,3400,32745419178
42.8014,23.3637,72.7047,0,100,95,75,1396,3504,2.48907,0,15.6958,8.9129,0,3400,32768784455
48.9762,20.4181,72.7047,0,100,95,75,1396,3504,2.48907,0,15.6958,8.9129,0,3400,32789202307
42.8102,23.3589,72.7047,0,100,95,75,1396,3504,2.48907,0,15.6958,8.9129,0,3400,32812563161
49.2968,20.2853,72.7047,0,100,95,75,1396,3504,2.48907,0,15.6958,8.9129,0,3400,32832848614
45.6832,21.8899,72.7047,0,100,95,75,1396,3504,2.48907,0,15.6958,8.9129,0,3400,32854746965
45.8842,21.794,61.4035,0,100,95,75,1390,3504,2.48907,0,15.6978,8.9129,0,3449,32876535279
43.159,23.1701,61.4035,0,100,95,75,1390,3504,2.48907,0,15.6978,8.9129,0,3449,32899710057
45.177,22.1352,61.4035,0,100,95,75,1390,3504,2.48907,0,15.6978,8.9129,0,3449,32921843219
45.0842,22.1807,61.4035,0,100,95,75,1390,3504,2.48907,0,15.6978,8.9129,0,3449,32944026102
47.4279,21.0846,61.4035,0,100,95,75,1390,3504,2.48907,0,15.6978,8.9129,0,3449,32965110365
43.4055,23.0386,61.4035,0,100,95,75,1390,3504,2.48907,0,15.6978,8.9129,0,3449,32988150539
48.5369,20.6029,61.4035,0,100,95,75,1390,3504,2.48907,0,15.6978,8.9129,0,3449,33008753854
45.4759,21.9897,61.4035,0,100,95,75,1390,3504,2.48907,0,15.6978,8.9129,0,3449,33030747117
45.6374,21.9118,61.4035,0,100,95,75,1390,3504,2.48907,0,15.6978,8.9129,0,3449,33052661916
36.2248,27.6054,61.4035,0,100,95,75,1390,3504,2.48907,0,15.6978,8.9129,0,3449,33080265614
62.5564,15.9856,61.4035,0,100,95,75,1390,3504,2.48907,0,15.6978,8.9129,0,3449,33096251847
36.6722,27.2686,61.4035,0,100,95,75,1390,3504,2.48907,0,15.6978,8.9129,0,3449,33123521536
61.4477,16.274,61.4035,0,100,95,75,1390,3504,2.48907,0,15.6978,8.9129,0,3449,33139796074
44.3536,22.5461,61.4035,0,100,95,75,1390,3504,2.48907,0,15.6978,8.9129,0,3449,33162343820
41.2235,24.258,61.4035,0,100,95,75,1390,3504,2.48907,0,15.6978,8.9129,0,3449,33186602899
52.3467,19.1034,61.4035,0,100,95,75,1390,3504,2.48907,0,15.6978,8.9129,0,3449,33205706851
45.7526,21.8567,61.4035,0,100,95,75,1390,3504,2.48907,0,15.6978,8.9129,0,3449,33227564930
44.8343,22.3044,61.4035,0,100,95,75,1390,3504,2.48907,0,15.6978,8.9129,0,3449,33249870859
45.6143,21.923,61.4035,0,100,95,75,1390,3504,2.48907,0,15.6978,8.9129,0,3449,33271795209
45.2459,22.1015,61.4035,0,100,95,75,1390,3504,2.48907,0,15.6978,8.9129,0,3449,33293897659
45.7954,21.8363,61.4035,0,100,95,75,1390,3504,2.48907,0,15.6978,8.9129,0,3449,33315735569
45.3125,22.069,61.4035,0,100,95,75,1390,3504,2.48907,0,15.6978,8.9129,0,3449,33337805811
43.2206,23.1371,61.4035,0,100,95,75,1390,3504,2.48907,0,15.6978,8.9129,0,3449,33360949679
47.3995,21.0973,73.5802,0,100,94,75,1390,3504,2.48907,0,15.6906,8.9129,0,3400,33382042076
45.4027,22.0251,73.5802,0,100,94,75,1390,3504,2.48907,0,15.6906,8.9129,0,3400,33404069399
44.8923,22.2755,73.5802,0,100,94,75,1390,3504,2.48907,0,15.6906,8.9129,0,3400,33426345410
45.7797,21.8437,73.5802,0,100,94,75,1390,3504,2.48907,0,15.6906,8.9129,0,3400,33448190833
45.7127,21.8758,73.5802,0,100,94,75,1390,3504,2.48907,0,15.6906,8.9129,0,3400,33470067733
45.9727,21.7521,73.5802,0,100,94,75,1390,3504,2.48907,0,15.6906,8.9129,0,3400,33491821006
42.3707,23.6012,73.5802,0,100,94,75,1390,3504,2.48907,0,15.6906,8.9129,0,3400,33515423990
50.4146,19.8355,73.5802,0,100,94,75,1390,3504,2.48907,0,15.6906,8.9129,0,3400,33535259988
43.9432,22.7566,73.5802,0,100,94,75,1390,3504,2.48907,0,15.6906,8.9129,0,3400,33558018013
48.3415,20.6862,73.5802,0,100,94,75,1390,3504,2.48907,0,15.6906,8.9129,0,3400,33578705184
44.4305,22.507,73.5802,0,100,94,75,1390,3504,2.48907,0,15.6906,8.9129,0,3400,33601213302
48.243,20.7284,73.5802,0,100,94,75,1390,3504,2.48907,0,15.6906,8.9129,0,3400,33621942386
39.7266,25.172,73.5802,0,100,94,75,1390,3504,2.48907,0,15.6906,8.9129,0,3400,33647115624
56.2008,17.7933,73.5802,0,100,94,75,1390,3504,2.48907,0,15.6906,8.9129,0,3400,33664909991
46.0028,21.7378,73.5802,0,100,94,75,1390,3504,2.48907,0,15.6906,8.9129,0,3400,33686653220
46.8859,21.3284,73.5802,0,100,94,75,1390,3504,2.48907,0,15.6906,8.9129,0,3400,33707979750
44.4917,22.4761,73.5802,0,100,94,75,1390,3504,2.48907,0,15.6906,8.9129,0,3400,33730460100
47.9774,20.8431,73.5802,0,100,94,75,1390,3504,2.48907,0,15.6906,8.9129,0,3400,33751301819
46.9905,21.2809,73.5802,0,100,94,75,1390,3504,2.48907,0,15.6906,8.9129,0,3400,33772584636
46.6267,21.447,73.5802,0,100,94,75,1390,3504,2.48907,0,15.6906,8.9129,0,3400,33794032064
46.588,21.4647,73.5802,0,100,94,75,1390,3504,2.48907,0,15.6906,8.9129,0,3400,33815498527
46.6659,21.4289,73.5802,0,100,94,75,1390,3504,2.48907,0,15.6906,8.9129,0,3400,33836928156
38.5316,25.9528,73.5802,0,100,94,75,1390,3504,2.48907,0,15.6906,8.9129,0,3400,33862887944
56.4132,17.7264,67,0,100,94,75,1392,3504,2.48907,0,15.6905,8.9129,0,3369,33880608887
40.2725,24.8309,67,0,100,94,75,1392,3504,2.48907,0,15.6905,8.9129,0,3369,33905440768
58.0853,17.2161,67,0,100,94,75,1392,3504,2.48907,0,15.6905,8.9129,0,3369,33922657526
42.8197,23.3537,67,0,100,94,75,1392,3504,2.48907,0,15.6905,8.9129,0,3369,33946012858
50.8018,19.6843,67,0,100,94,75,1392,3504,2.48907,0,15.6905,8.9129,0,3369,33965698697
42.607,23.4703,67,0,100,94,75,1392,3504,2.48907,0,15.6905,8.9129,0,3369,33989169764
48.297,20.7052,67,0,100,94,75,1392,3504,2.48907,0,15.6905,8.9129,0,3369,34009875710
46.663,21.4303,67,0,100,94,75,1392,3504,2.48907,0,15.6905,8.9129,0,3369,34031307670
46.4072,21.5484,67,0,100,94,75,1392,3504,2.48907,0,15.6905,8.9129,0,3369,34052869272
39.1245,25.5594,67,0,100,94,75,1392,3504,2.48907,0,15.6905,8.9129,0,3369,34078417184
52.4981,19.0483,67,0,100,94,75,1392,3504,2.48907,0,15.6905,8.9129,0,3369,34097467643
42.6445,23.4497,67,0,100,94,75,1392,3504,2.48907,0,15.6905,8.9129,0,3369,34120920481
46.1747,21.6569,67,0,100,94,75,1392,3504,2.48907,0,15.6905,8.9129,0,3369,34142576806
37.7595,26.4834,67,0,100,94,75,1392,3504,2.48907,0,15.6905,8.9129,0,3369,34169061530
60.7358,16.4647,67,0,100,94,75,1392,3504,2.48907,0,15.6905,8.9129,0,3369,34185527854
46.7639,21.384,67,0,100,94,75,1392,3504,2.48907,0,15.6905,8.9129,0,3369,34206912553
46.3554,21.5725,67,0,100,94,75,1392,3504,2.48907,0,15.6905,8.9129,0,3369,34228498565
44.3913,22.5269,67,0,100,94,75,1392,3504,2.48907,0,15.6905,8.9129,0,3369,34251014116
48.7759,20.5019,67,0,100,94,75,1392,3504,2.48907,0,15.6905,8.9129,0,3369,34271534938
44.652,22.3954,67,0,100,94,75,1392,3504,2.48907,0,15.6905,8.9129,0,3369,34293913696
48.8118,20.4868,67,0,100,94,75,1392,3504,2.48907,0,15.6905,8.9129,0,3369,34314401707
44.4654,22.4894,67,0,100,94,75,1392,3504,2.48907,0,15.6905,8.9129,0,3369,34336892682
48.5052,20.6164,67,0,100,94,75,1392,3504,2.48907,0,15.6905,8.9129,0,3369,34357510105
46.2055,21.6425,67,0,100,94,75,1392,3504,2.48907,0,15.6905,8.9129,0,3369,34379161271
46.8948,21.3243,72.8814,0,100,96,75,1436,3504,2.48907,0,15.6844,8.9129,0,3426,34400479438
40.3764,24.7669,72.8814,0,100,96,75,1436,3504,2.48907,0,15.6844,8.9129,0,3426,34425246792
54.3738,18.3912,72.8814,0,100,96,75,1436,3504,2.48907,0,15.6844,8.9129,0,3426,34443639138
34.0125,29.401,72.8814,0,100,96,75,1436,3504,2.48907,0,15.6844,8.9129,0,3426,34473041480
72.5819,13.7775,72.8814,0,100,96,75,1436,3504,2.48907,0,15.6844,8.9129,0,3426,34486819947
38.1586,26.2064,72.8814,0,100,96,75,1436,3504,2.48907,0,15.6844,8.9129,0,3426,34513028565
46.7376,21.396,72.8814,0,100,96,75,1436,3504,2.48907,0,15.6844,8.9129,0,3426,34534423637
46.1805,21.6542,72.8814,0,100,96,75,1436,3504,2.48907,0,15.6844,8.9129,0,3426,34556079289
46.4982,21.5062,72.8814,0,100,96,75,1436,3504,2.48907,0,15.6844,8.9129,0,3426,34577586098
42.2069,23.6928,72.8814,0,100,96,75,1436,3504,2.48907,0,15.6844,8.9129,0,3426,34601280973
51.6622,19.3565,72.8814,0,100,96,75,1436,3504,2.48907,0,15.6844,8.9129,0,3426,34620638029
44.4145,22.5151,72.8814,0,100,96,75,1436,3504,2.48907,0,15.6844,8.9129,0,3426,34643153954
47.6159,21.0014,72.8814,0,100,96,75,1436,3504,2.48907,0,15.6844,8.9129,0,3426,34664156007
41.7986,23.9242,72.8814,0,100,96,75,1436,3504,2.48907,0,15.6844,8.9129,0,3426,34688080988
52.2271,19.1472,72.8814,0,100,96,75,1436,3504,2.48907,0,15.6844,8.9129,0,3426,34707229039
39.8582,25.0889,72.8814,0,100,96,75,1436,3504,2.48907,0,15.6844,8.9129,0,3426,34732319743
54.7426,18.2673,72.8814,0,100,96,75,1436,3504,2.48907,0,15.6844,8.9129,0,3426,34750587576
44.615,22.414,72.8814,0,100,96,75,1436,3504,2.48907,0,15.6844,8.9129,0,3426,34773005443
47.7205,20.9554,72.8814,0,100,96,75,1436,3504,2.48907,0,15.6844,8.9129,0,3426,34793960133
44.7719,22.3354,72.8814,0,100,96,75,1436,3504,2.48907,0,15.6844,8.9129,0,3426,34816296519
48.0086,20.8296,72.8814,0,100,96,75,1436,3504,2.48907,0,15.6844,8.9129,0,3426,34837127108
45.879,21.7965,72.8814,0,100,96,75,1436,3504,2.48907,0,15.6844,8.9129,0,3426,34858924796
45.9967,21.7407,72.8814,0,100,96,75,1436,3504,2.48907,0,15.6844,8.9129,0,3426,34880670542
38.987,25.6495,69.6429,0,100,96,76,1434,3504,2.48907,0,15.6852,8.9129,0,3408,34906316971
56.183,17.799,69.6429,0,100,96,76,1434,3504,2.48907,0,15.6852,8.9129,0,3408,34924117072
45.2747,22.0874,69.6429,0,100,96,76,1434,3504,2.48907,0,15.6852,8.9129,0,3408,34946206710
46.1829,21.653,69.6429,0,100,96,76,1434,3504,2.48907,0,15.6852,8.9129,0,3408,34967859256
43.4287,23.0262,69.6429,0,100,96,76,1434,3504,2.48907,0,15.6852,8.9129,0,3408,34990887909
48.7752,20.5022,69.6429,0,100,96,76,1434,3504,2.48907,0,15.6852,8.9129,0,3408,35011390214
45.9602,21.758,69.6429,0,100,96,76,1434,3504,2.48907,0,15.6852,8.9129,0,3408,35033149105
45.3362,22.0574,69.6429,0,100,96,76,1434,3504,2.48907,0,15.6852,8.9129,0,3408,35055207734
46.1155,21.6847,69.6429,0,100,96,76,1434,3504,2.48907,0,15.6852,8.9129,0,3408,35076892805
44.8069,22.318,69.6429,0,100,96,76,1434,3504,2.48907,0,15.6852,8.9129,0,3408,35099232695
47.45,21.0748,69.6429,0,100,96,76,1434,3504,2.48907,0,15.6852,8.9129,0,3408,35120289226
45.6789,21.8919,69.6429,0,100,96,76,1434,3504,2.48907,0,15.6852,8.9129,0,3408,35142183570
44.0685,22.6919,69.6429,0,100,96,76,1434,3504,2.48907,0,15.6852,8.9129,0,3408,35164877518
42.9901,23.2611,69.6429,0,100,96,76,1434,3504,2.48907,0,15.6852,8.9129,0,3408,35188138367
48.461,20.6351,69.6429,0,100,96,76,1434,3504,2.48907,0,15.6852,8.9129,0,3408,35208774419
45.7813,21.843,69.6429,0,100,96,76,1434,3504,2.48907,0,15.6852,8.9129,0,3408,35230641036
45.3001,22.075,69.6429,0,100,96,76,1434,3504,2.48907,0,15.6852,8.9129,0,3408,35252695138
45.007,22.2188,69.6429,0,100,96,76,1434,3504,2.48907,0,15.6852,8.9129,0,3408,35274913948
46.4939,21.5082,69.6429,0,100,96,76,1434,3504,2.48907,0,15.6852,8.9129,0,3408,35296422999
45.9678,21.7544,69.6429,0,100,96,76,1434,3504,2.48907,0,15.6852,8.9129,0,3408,35318179541
45.4056,22.0237,69.6429,0,100,96,76,1434,3504,2.48907,0,15.6852,8.9129,0,3408,35340204081
46.1676,21.6602,69.6429,0,100,96,76,1434,3504,2.48907,0,15.6852,8.9129,0,3408,35361865214
45.7822,21.8425,69.6429,0,100,96,76,1434,3504,2.48907,0,15.6852,8.9129,0,3408,35383714912
45.8102,21.8292,73.3831,0,100,98,76,1434,3504,2.48907,0,15.686,8.9129,0,3573,35405540504
45.6849,21.8891,73.3831,0,100,98,76,1434,3504,2.48907,0,15.686,8.9129,0,3573,35427430600
45.9707,21.753,73.3831,0,100,98,76,1434,3504,2.48907,0,15.686,8.9129,0,3573,35449184324
45.543,21.9573,73.3831,0,100,98,76,1434,3504,2.48907,0,15.686,8.9129,0,3573,35471150561
45.9234,21.7754,73.3831,0,100,98,76,1434,3504,2.48907,0,15.686,8.9129,0,3573,35492918891
43.0113,23.2497,73.3831,0,100,98,76,1434,3504,2.48907,0,15.686,8.9129,0,3573,35516170203
48.7216,20.5248,73.3831,0,100,98,76,1434,3504,2.48907,0,15.686,8.9129,0,3573,35536696074
45.4077,22.0227,73.3831,0,100,98,76,1434,3504,2.48907,0,15.686,8.9129,0,3573,35558720986
40.4464,24.7241,73.3831,0,100,98,76,1434,3504,2.48907,0,15.686,8.9129,0,3573,35583444629
50.9099,19.6425,73.3831,0,100,98,76,1434,3504,2.48907,0,15.686,8.9129,0,3573,35603088614
46.1143,21.6853,73.3831,0,100,98,76,1434,3504,2.48907,0,15.686,8.9129,0,3573,35624774391
37.5482,26.6324,73.3831,0,100,98,76,1434,3504,2.48907,0,15.686,8.9129,0,3573,35651408127
57.7004,17.3309,73.3831,0,100,98,76,1434,3504,2.48907,0,15.686,8.9129,0,3573,35668739067
44.0545,22.6991,73.3831,0,100,98,76,1434,3504,2.48907,0,15.686,8.9129,0,3573,35691440396
46.2299,21.631,73.3831,0,100,98,76,1434,3504,2.48907,0,15.686,8.9129,0,3573,35713071773
45.2213,22.1135,73.3831,0,100,98,76,1434,3504,2.48907,0,15.686,8.9129,0,3573,35735186765
46.3578,21.5713,73.3831,0,100,98,76,1434,3504,2.48907,0,15.686,8.9129,0,3573,35756759147
45.6566,21.9026,73.3831,0,100,98,76,1434,3504,2.48907,0,15.686,8.9129,0,3573,35778663232
45.7619,21.8523,73.3831,0,100,98,76,1434,3504,2.48907,0,15.686,8.9129,0,3573,35800515775
46.0298,21.7251,73.3831,0,100,98,76,1434,3504,2.48907,0,15.686,8.9129,0,3573,35822242709
45.7771,21.845,73.3831,0,100,98,76,1434,3504,2.48907,0,15.686,8.9129,0,3573,35844089056
44.5802,22.4315,73.3831,0,100,98,76,1434,3504,2.48907,0,15.686,8.9129,0,3573,35866521326
45.6787,21.892,73.3831,0,100,98,76,1434,3504,2.48907,0,15.686,8.9129,0,3573,35888647287
45.5235,21.9667,70.4156,0,100,98,76,1430,3504,2.48907,0,15.6867,8.9129,0,3400,35910382445
45.2465,22.1012,70.4156,0,100,98,76,1430,3504,2.48907,0,15.6867,8.9129,0,3400,35932484524
48.3802,20.6696,70.4156,0,100,98,76,1430,3504,2.48907,0,15.6867,8.9129,0,3400,35953155759
45.5875,21.9358,70.4156,0,100,98,76,1430,3504,2.48907,0,15.6867,8.9129,0,3400,35975093376
37.0453,26.994,70.4156,0,100,98,76,1430,3504,2.48907,0,15.6867,8.9129,0,3400,36002087142
60.4839,16.5333,70.4156,0,100,98,76,1430,3504,2.48907,0,15.6867,8.9129,0,3400,36018621759
46.4971,21.5067,70.4156,0,100,98,76,1430,3504,2.48907,0,15.6867,8.9129,0,3400,36040129575
46.2396,21.6265,70.4156,0,100,98,76,1430,3504,2.48907,0,15.6867,8.9129,0,3400,36061757963
44.7949,22.324,70.4156,0,100,98,76,1430,3504,2.48907,0,15.6867,8.9129,0,3400,36084082598
46.6237,21.4483,70.4156,0,100,98,76,1430,3504,2.48907,0,15.6867,8.9129,0,3400,36105531562
46.8662,21.3373,70.4156,0,100,98,76,1430,3504,2.48907,0,15.6867,8.9129,0,3400,36126869917
45.8788,21.7965,70.4156,0,100,98,76,1430,3504,2.48907,0,15.6867,8.9129,0,3400,36148668231
46.359,21.5708,70.4156,0,100,98,76,1430,3504,2.48907,0,15.6867,8.9129,0,3400,36170240260
45.9875,21.7451,70.4156,0,100,98,76,1430,3504,2.48907,0,15.6867,8.9129,0,3400,36191985786
43.3219,23.083,70.4156,0,100,98,76,1430,3504,2.48907,0,15.6867,8.9129,0,3400,36215069744
49.7717,20.0917,70.4156,0,100,98,76,1430,3504,2.48907,0,15.6867,8.9129,0,3400,36235162519
46.1867,21.6513,70.4156,0,100,98,76,1430,3504,2.48907,0,15.6867,8.9129,0,3400,36256832078
46.3078,21.5946,70.4156,0,100,98,76,1430,3504,2.48907,0,15.6867,8.9129,0,3400,36278425657
46.5558,21.4796,70.4156,0,100,98,76,1430,3504,2.48907,0,15.6867,8.9129,0,3400,36299905063
44.659,22.3919,70.4156,0,100,98,76,1430,3504,2.48907,0,15.6867,8.9129,0,3400,36322298256
47.4534,21.0733,70.4156,0,100,98,76,1430,3504,2.48907,0,15.6867,8.9129,0,3400,36343372770
46.0723,21.705,70.4156,0,100,98,76,1430,3504,2.48907,0,15.6867,8.9129,0,3400,36365078857
45.2729,22.0883,70.4156,0,100,98,76,1430,3504,2.48907,0,15.6867,8.9129,0,3400,36387169661
46.507,21.5021,70.4156,0,100,98,76,1430,3504,2.48907,0,15.6867,8.9129,0,3400,36408676257
44.708,22.3673,74.1463,0,100,97,76,1430,3504,2.48907,0,15.6867,8.9129,0,3441,36431040687
46.7538,21.3886,74.1463,0,100,97,76,1430,3504,2.48907,0,15.6867,8.9129,0,3441,36452430756
46.1379,21.6742,74.1463,0,100,97,76,1430,3504,2.48907,0,15.6867,8.9129,0,3441,36474105685
46.4953,21.5075,74.1463,0,100,97,76,1430,3504,2.48907,0,15.6867,8.9129,0,3441,36495629962
45.9696,21.7535,74.1463,0,100,97,76,1430,3504,2.48907,0,15.6867,8.9129,0,3441,36517385429
47.1071,21.2282,74.1463,0,100,97,76,1430,3504,2.48907,0,15.6867,8.9129,0,3441,36538613559
40.7533,24.5379,74.1463,0,100,97,76,1430,3504,2.48907,0,15.6867,8.9129,0,3441,36563153806
55.0464,18.1665,74.1463,0,100,97,76,1430,3504,2.48907,0,15.6867,8.9129,0,3441,36581321392
42.1732,23.7118,74.1463,0,100,97,76,1430,3504,2.48907,0,15.6867,8.9129,0,3441,36605033829
53.4121,18.7223,74.1463,0,100,97,76,1430,3504,2.48907,0,15.6867,8.9129,0,3441,36623757576
47.1177,21.2235,74.1463,0,100,97,76,1430,3504,2.48907,0,15.6867,8.9129,0,3441,36644982563
47.3731,21.109,74.1463,0,100,97,76,1430,3504,2.48907,0,15.6867,8.9129,0,3441,36666092512
47.6,21.0084,74.1463,0,100,97,76,1430,3504,2.48907,0,15.6867,8.9129,0,3441,36687104078
47.8152,20.9139,74.1463,0,100,97,76,1430,3504,2.48907,0,15.6867,8.9129,0,3441,36708019174
41.1925,24.2763,74.1463,0,100,97,76,1430,3504,2.48907,0,15.6867,8.9129,0,3441,36732295980
57.7849,17.3056,74.1463,0,100,97,76,1430,3504,2.48907,0,15.6867,8.9129,0,3441,36749603019
48.0989,20.7905,74.1463,0,100,97,76,1430,3504,2.48907,0,15.6867,8.9129,0,3441,36770395195
48.9443,20.4314,74.1463,0,100,97,76,1430,3504,2.48907,0,15.6867,8.9129,0,3441,36790827481
47.96,20.8507,74.1463,0,100,97,76,1430,3504,2.48907,0,15.6867,8.9129,0,3441,36811679927
49.2541,20.3029,74.1463,0,100,97,76,1430,3504,2.48907,0,15.6867,8.9129,0,3441,36831982544
40.7217,24.557,74.1463,0,100,97,76,1430,3504,2.48907,0,15.6867,8.9129,0,3441,36856541140
60.3721,16.5639,74.1463,0,100,97,76,1430,3504,2.48907,0,15.6867,8.9129,0,3441,36873105470
48.0941,20.7926,74.1463,0,100,97,76,1430,3504,2.48907,0,15.6867,8.9129,0,3441,36893898504
50.5916,19.7661,74.1463,0,100,97,76,1430,3504,2.48907,0,15.6867,8.9129,0,3441,36913671776
45.2737,22.0879,69.0176,0,100,97,76,1461,3504,2.48907,0,15.6873,8.9129,0,3409,36935755518
53.7013,18.6215,69.0176,0,100,97,76,1461,3504,2.48907,0,15.6873,8.9129,0,3409,36954376451
43.189,23.1541,69.0176,0,100,97,76,1461,3504,2.48907,0,15.6873,8.9129,0,3409,36977532824
57.6763,17.3381,69.0176,0,100,97,76,1461,3504,2.48907,0,15.6873,8.9129,0,3409,36994872179
43.7858,22.8385,69.0176,0,100,97,76,1461,3504,2.48907,0,15.6873,8.9129,0,3409,37017712907
56.6671,17.6469,69.0176,0,100,97,76,1461,3504,2.48907,0,15.6873,8.9129,0,3409,37035360527
47.4875,21.0582,69.0176,0,100,97,76,1461,3504,2.48907,0,15.6873,8.9129,0,3409,37056419055
51.5362,19.4038,69.0176,0,100,97,76,1461,3504,2.48907,0,15.6873,8.9129,0,3409,37075823900
43.81,22.8258,69.0176,0,100,97,76,1461,3504,2.48907,0,15.6873,8.9129,0,3409,37098650597
56.3302,17.7525,69.0176,0,100,97,76,1461,3504,2.48907,0,15.6873,8.9129,0,3409,37116405010
48.751,20.5124,69.0176,0,100,97,76,1461,3504,2.48907,0,15.6873,8.9129,0,3409,37136917768
49.4425,20.2255,69.0176,0,100,97,76,1461,3504,2.48907,0,15.6873,8.9129,0,3409,37157144454
41.4951,24.0993,69.0176,0,100,97,76,1461,3504,2.48907,0,15.6873,8.9129,0,3409,37181245246
64.9943,15.386,69.0176,0,100,97,76,1461,3504,2.48907,0,15.6873,8.9129,0,3409,37196632478
49.3325,20.2706,69.0176,0,100,97,76,1461,3504,2.48907,0,15.6873,8.9129,0,3409,37216904969
49.9995,20.0002,69.0176,0,100,97,76,1461,3504,2.48907,0,15.6873,8.9129,0,3409,37236905562
48.3355,20.6887,69.0176,0,100,97,76,1461,3504,2.48907,0,15.6873,8.9129,0,3409,37257595365
50.9574,19.6242,69.0176,0,100,97,76,1461,3504,2.48907,0,15.6873,8.9129,0,3409,37277219892
48.7746,20.5025,69.0176,0,100,97,76,1461,3504,2.48907,0,15.6873,8.9129,0,3409,37297724408
51.0433,19.5912,69.0176,0,100,97,76,1461,3504,2.48907,0,15.6873,8.9129,0,3409,37317316230
47.391,21.1011,69.0176,0,100,97,76,1461,3504,2.48907,0,15.6873,8.9129,0,3409,37338418951
52.539,19.0335,69.0176,0,100,97,76,1461,3504,2.48907,0,15.6873,8.9129,0,3409,37357452648
49.5085,20.1986,69.0176,0,100,97,76,1461,3504,2.48907,0,15.6873,8.9129,0,3409,37377652703
49.9618,20.0153,69.0176,0,100,97,76,1461,3504,2.48907,0,15.6873,8.9129,0,3409,37397669988
48.6603,20.5506,69.0176,0,100,97,76,1461,3504,2.48907,0,15.6873,8.9129,0,3409,37418229016
51.0194,19.6004,73.0392,0,100,98,77,1551,3504,2.48907,0,15.6873,8.9129,0,3321,37437822515
47.293,21.1448,73.0392,0,100,98,77,1551,3504,2.48907,0,15.6873,8.9129,0,3321,37458968548
52.952,18.885,73.0392,0,100,98,77,1551,3504,2.48907,0,15.6873,8.9129,0,3321,37477853667
49.6431,20.1438,73.0392,0,100,98,77,1551,3504,2.48907,0,15.6873,8.9129,0,3321,37498000047
50.0887,19.9646,73.0392,0,100,98,77,1551,3504,2.48907,0,15.6873,8.9129,0,3321,37517964508
49.483,20.209,73.0392,0,100,98,77,1551,3504,2.48907,0,15.6873,8.9129,0,3321,37538187243
50.0652,19.974,73.0392,0,100,98,77,1551,3504,2.48907,0,15.6873,8.9129,0,3321,37558160515
48.1442,20.7709,73.0392,0,100,98,77,1551,3504,2.48907,0,15.6873,8.9129,0,3321,37578932880
51.3714,19.4661,73.0392,0,100,98,77,1551,3504,2.48907,0,15.6873,8.9129,0,3321,37598399974
46.651,21.4357,73.0392,0,100,98,77,1551,3504,2.48907,0,15.6873,8.9129,0,3321,37619836321
53.9655,18.5304,73.0392,0,100,98,77,1551,3504,2.48907,0,15.6873,8.9129,0,3321,37638369715
46.8879,21.3275,73.0392,0,100,98,77,1551,3504,2.48907,0,15.6873,8.9129,0,3321,37659698827
53.6652,18.6341,73.0392,0,100,98,77,1551,3504,2.48907,0,15.6873,8.9129,0,3321,37678332305
48.0873,20.7955,73.0392,0,100,98,77,1551,3504,2.48907,0,15.6873,8.9129,0,3321,37699130251
51.8307,19.2936,73.0392,0,100,98,77,1551,3504,2.48907,0,15.6873,8.9129,0,3321,37718424174
47.8236,20.9102,73.0392,0,100,98,77,1551,3504,2.48907,0,15.6873,8.9129,0,3321,37739335951
52.6108,19.0075,73.0392,0,100,98,77,1551,3504,2.48907,0,15.6873,8.9129,0,3321,37758344668
49.5622,20.1767,73.0392,0,100,98,77,1551,3504,2.48907,0,15.6873,8.9129,0,3321,37778522997
50.4217,19.8327,73.0392,0,100,98,77,1551,3504,2.48907,0,15.6873,8.9129,0,3321,37798356072
48.5831,20.5833,73.0392,0,100,98,77,1551,3504,2.48907,0,15.6873,8.9129,0,3321,37818939907
51.8252,19.2956,73.0392,0,100,98,77,1551,3504,2.48907,0,15.6873,8.9129,0,3321,37838237088
46.9718,21.2894,73.0392,0,100,98,77,1551,3504,2.48907,0,15.6873,8.9129,0,3321,37859528373
50.126,19.9497,73.0392,0,100,98,77,1551,3504,2.48907,0,15.6873,8.9129,0,3321,37879479490
53.0372,18.8547,73.0392,0,100,98,77,1551,3504,2.48907,0,15.6873,8.9129,0,3321,37898334530
50.842,19.6688,73.0392,0,100,98,77,1551,3504,2.48907,0,15.6873,8.9129,0,3321,37918004647
49.8388,20.0647,73.0392,0,100,98,77,1551,3504,2.48907,0,15.6873,8.9129,0,3321,37938076794
50.3326,19.8678,74.5098,0,100,98,77,1551,3504,2.48907,0,15.6875,8.9129,0,3400,37957939487
43.5719,22.9506,74.5098,0,100,98,77,1551,3504,2.48907,0,15.6875,8.9129,0,3400,37980891857
58.8363,16.9963,74.5098,0,100,98,77,1551,3504,2.48907,0,15.6875,8.9129,0,3400,37997888765
48.7196,20.5256,74.5098,0,100,98,77,1551,3504,2.48907,0,15.6875,8.9129,0,3400,38018416484
51.5143,19.4121,74.5098,0,100,98,77,1551,3504,2.48907,0,15.6875,8.9129,0,3400,38037828171
47.0999,21.2315,74.5098,0,100,98,77,1551,3504,2.48907,0,15.6875,8.9129,0,3400,38059062838
53.297,18.7628,74.5098,0,100,98,77,1551,3504,2.48907,0,15.6875,8.9129,0,3400,38077825574
43.2919,23.099,74.5098,0,100,98,77,1551,3504,2.48907,0,15.6875,8.9129,0,3400,38100926381
58.3807,17.129,74.5098,0,100,98,77,1551,3504,2.48907,0,15.6875,8.9129,0,3400,38118056343
50.0538,19.9785,74.5098,0,100,98,77,1551,3504,2.48907,0,15.6875,8.9129,0,3400,38138035746
49.6665,20.1343,74.5098,0,100,98,77,1551,3504,2.48907,0,15.6875,8.9129,0,3400,38158173303
49.809,20.0767,74.5098,0,100,98,77,1551,3504,2.48907,0,15.6875,8.9129,0,3400,38178249399
47.5619,21.0252,74.5098,0,100,98,77,1551,3504,2.48907,0,15.6875,8.9129,0,3400,38199275860
52.4387,19.0699,74.5098,0,100,98,77,1551,3504,2.48907,0,15.6875,8.9129,0,3400,38218346864
49.4335,20.2292,74.5098,0,100,98,77,1551,3504,2.48907,0,15.6875,8.9129,0,3400,38238577573
49.8856,20.0459,74.5098,0,100,98,77,1551,3504,2.48907,0,15.6875,8.9129,0,3400,38258623388
50.0553,19.9779,74.5098,0,100,98,77,1551,3504,2.48907,0,15.6875,8.9129,0,3400,38278602291
48.3391,20.6872,74.5098,0,100,98,77,1551,3504,2.48907,0,15.6875,8.9129,0,3400,38299291144
52.157,19.1729,74.5098,0,100,98,77,1551,3504,2.48907,0,15.6875,8.9129,0,3400,38318464525
50.1738,19.9307,74.5098,0,100,98,77,1551,3504,2.48907,0,15.6875,8.9129,0,3400,38338396772
46.8347,21.3517,74.5098,0,100,98,77,1551,3504,2.48907,0,15.6875,8.9129,0,3400,38359750297
44.3241,22.5611,74.5098,0,100,98,77,1551,3504,2.48907,0,15.6875,8.9129,0,3400,38382312697
52.8541,18.92,74.5098,0,100,98,77,1551,3504,2.48907,0,15.6875,8.9129,0,3400,38401232602
50.4062,19.8388,74.5098,0,100,98,77,1551,3504,2.48907,0,15.6875,8.9129,0,3400,38421074094
51.0601,19.5848,74.5098,0,100,98,77,1551,3504,2.48907,0,15.6875,8.9129,0,3400,38440661914
46.1538,21.6667,74.0554,0,100,99,77,1556,3504,2.48907,0,15.6683,8.9129,0,3293,38462329016
57.3975,17.4224,74.0554,0,100,99,77,1556,3504,2.48907,0,15.6683,8.9129,0,3293,38479750914
47.8536,20.8971,74.0554,0,100,99,77,1556,3504,2.48907,0,15.6683,8.9129,0,3293,38500649151
55.2614,18.0958,74.0554,0,100,99,77,1556,3504,2.48907,0,15.6683,8.9129,0,3293,38518745435
51.0814,19.5766,74.0554,0,100,99,77,1556,3504,2.48907,0,15.6683,8.9129,0,3293,38538323625
51.5686,19.3916,74.0554,0,100,99,77,1556,3504,2.48907,0,15.6683,8.9129,0,3293,38557716724
48.9987,20.4087,74.0554,0,100,99,77,1556,3504,2.48907,0,15.6683,8.9129,0,3293,38578125966
53.2366,18.7841,74.0554,0,100,99,77,1556,3504,2.48907,0,15.6683,8.9129,0,3293,38596911907
51.6037,19.3785,74.0554,0,100,99,77,1556,3504,2.48907,0,15.6683,8.9129,0,3293,38616292065
52.0591,19.2089,74.0554,0,100,99,77,1556,3504,2.48907,0,15.6683,8.9129,0,3293,38635501176
40.4536,24.7197,74.0554,0,100,99,77,1556,3504,2.48907,0,15.6683,8.9129,0,3293,38660221766
70.605,14.1633,74.0554,0,100,99,77,1556,3504,2.48907,0,15.6683,8.9129,0,3293,38674386558
46.7143,21.4067,74.0554,0,100,99,77,1556,3504,2.48907,0,15.6683,8.9129,0,3293,38695795070
58.1184,17.2063,74.0554,0,100,99,77,1556,3504,2.48907,0,15.6683,8.9129,0,3293,38713001930
51.6776,19.3507,74.0554,0,100,99,77,1556,3504,2.48907,0,15.6683,8.9129,0,3293,38732355029
53.4214,18.7191,74.0554,0,100,99,77,1556,3504,2.48907,0,15.6683,8.9129,0,3293,38751074549
50.7902,19.6889,74.0554,0,100,99,77,1556,3504,2.48907,0,15.6683,8.9129,0,3293,38770764115
53.3727,18.7362,74.0554,0,100,99,77,1556,3504,2.48907,0,15.6683,8.9129,0,3293,38789502601
52.694,18.9775,74.0554,0,100,99,77,1556,3504,2.48907,0,15.6683,8.9129,0,3293,38808481816
52.4046,19.0823,74.0554,0,100,99,77,1556,3504,2.48907,0,15.6683,8.9129,0,3293,38827565307
46.5161,21.4979,74.0554,0,100,99,77,1556,3504,2.48907,0,15.6683,8.9129,0,3293,38849064460
60.5952,16.5029,74.0554,0,100,99,77,1556,3504,2.48907,0,15.6683,8.9129,0,3293,38865568875
52.8603,18.9178,74.0554,0,100,99,77,1556,3504,2.48907,0,15.6683,8.9129,0,3293,38884487821
52.771,18.9498,74.0554,0,100,99,77,1556,3504,2.48907,0,15.6683,8.9129,0,3293,38903437322
45.4076,22.0227,74.0554,0,100,99,77,1556,3504,2.48907,0,15.6683,8.9129,0,3293,38925460924
62.3278,16.0442,74.0554,0,100,99,77,1556,3504,2.48907,0,15.6683,8.9129,0,3293,38941508285
36.3059,27.5437,80.3571,0,99,99,77,1564,3504,2.48907,0,15.6624,8.9129,0,3400,38969050694
97.8184,10.223,80.3571,0,99,99,77,1564,3504,2.48907,0,15.6624,8.9129,0,3400,38979274394
53.5112,18.6877,80.3571,0,99,99,77,1564,3504,2.48907,0,15.6624,8.9129,0,3400,38997964201
52.8064,18.9371,80.3571,0,99,99,77,1564,3504,2.48907,0,15.6624,8.9129,0,3400,39016902107
53.4048,18.7249,80.3571,0,99,99,77,1564,3504,2.48907,0,15.6624,8.9129,0,3400,39035627585
53.1312,18.8213,80.3571,0,99,99,77,1564,3504,2.48907,0,15.6624,8.9129,0,3400,39054450018
53.4995,18.6918,80.3571,0,99,99,77,1564,3504,2.48907,0,15.6624,8.9129,0,3400,39073143767
53.3913,18.7296,80.3571,0,99,99,77,1564,3504,2.48907,0,15.6624,8.9129,0,3400,39091874498
55.8386,17.9088,80.3571,0,99,99,77,1564,3504,2.48907,0,15.6624,8.9129,0,3400,39109783616
55.8655,17.9001,80.3571,0,99,99,77,1564,3504,2.48907,0,15.6624,8.9129,0,3400,39127684615
56.5814,17.6736,80.3571,0,99,99,77,1564,3504,2.48907,0,15.6624,8.9129,0,3400,39145363729
57.3141,17.4477,80.3571,0,99,99,77,1564,3504,2.48907,0,15.6624,8.9129,0,3400,39162809795
44.0342,22.7096,80.3571,0,99,99,77,1564,3504,2.48907,0,15.6624,8.9129,0,3400,39185523214
74.3518,13.4496,80.3571,0,99,99,77,1564,3504,2.48907,0,15.6624,8.9129,0,3400,39198971177
68.5465,14.5886,80.3571,0,99,99,77,1564,3504,2.48907,0,15.6624,8.9129,0,3400,39213560947
52.951,18.8854,80.3571,0,99,99,77,1564,3504,2.48907,0,15.6624,8.9129,0,3400,39232449313
68.8787,14.5183,80.3571,0,99,99,77,1564,3504,2.48907,0,15.6624,8.9129,0,3400,39246967447
60.5341,16.5196,80.3571,0,99,99,77,1564,3504,2.48907,0,15.6624,8.9129,0,3400,39263488418
63.4884,15.7509,80.3571,0,99,99,77,1564,3504,2.48907,0,15.6624,8.9129,0,3400,39279241446
62.1341,16.0942,80.3571,0,99,99,77,1564,3504,2.48907,0,15.6624,8.9129,0,3400,39295334843
59.0953,16.9218,80.3571,0,99,99,77,1564,3504,2.48907,0,15.6624,8.9129,0,3400,39312257783
64.3561,15.5385,80.3571,0,99,99,77,1564,3504,2.48907,0,15.6624,8.9129,0,3400,39327800068
55.7185,17.9474,80.3571,0,99,99,77,1564,3504,2.48907,0,15.6624,8.9129,0,3400,39345748900
70.815,14.1213,80.3571,0,99,99,77,1564,3504,2.48907,0,15.6624,8.9129,0,3400,39359868605
62.4445,16.0142,80.3571,0,99,99,77,1564,3504,2.48907,0,15.6624,8.9129,0,3400,39375886615
62.4369,16.0162,80.3571,0,99,99,77,1564,3504,2.48907,0,15.6624,8.9129,0,3400,39391905559
63.0363,15.8639,80.3571,0,99,99,77,1564,3504,2.48907,0,15.6624,8.9129,0,3400,39407767292
62.4633,16.0094,80.3571,0,99,99,77,1564,3504,2.48907,0,15.6624,8.9129,0,3400,39423778717
49.3573,20.2604,80.3571,0,99,99,77,1564,3504,2.48907,0,15.6624,8.9129,0,3400,39444047185
78.4846,12.7413,81.9797,0,99,98,77,1567,3504,2.50516,0,15.6488,8.9129,0,3300,39456784663
63.06,15.8579,81.9797,0,99,98,77,1567,3504,2.50516,0,15.6488,8.9129,0,3300,39472642307
60.9265,16.4132,81.9797,0,99,98,77,1567,3504,2.50516,0,15.6488,8.9129,0,3300,39489055408
57.8385,17.2895,81.9797,0,99,98,77,1567,3504,2.50516,0,15.6488,8.9129,0,3300,39506346168
60.3589,16.5676,81.9797,0,99,98,77,1567,3504,2.50516,0,15.6488,8.9129,0,3300,39522917404
61.6851,16.2114,81.9797,0,99,98,77,1567,3504,2.50516,0,15.6488,8.9129,0,3300,39539129147
59.7948,16.7239,81.9797,0,99,98,77,1567,3504,2.50516,0,15.6488,8.9129,0,3300,39555855065
59.8601,16.7056,81.9797,0,99,98,77,1567,3504,2.50516,0,15.6488,8.9129,0,3300,39572561114
59.3647,16.845,81.9797,0,99,98,77,1567,3504,2.50516,0,15.6488,8.9129,0,3300,39589406687
48.7083,20.5304,81.9797,0,99,98,77,1567,3504,2.50516,0,15.6488,8.9129,0,3300,39609937253
74.4284,13.4357,81.9797,0,99,98,77,1567,3504,2.50516,0,15.6488,8.9129,0,3300,39623375005
55.6261,17.9772,81.9797,0,99,98,77,1567,3504,2.50516,0,15.6488,8.9129,0,3300,39641354796
62.2849,16.0553,81.9797,0,99,98,77,1567,3504,2.50516,0,15.6488,8.9129,0,3300,39657410315
58.7267,17.028,81.9797,0,99,98,77,1567,3504,2.50516,0,15.6488,8.9129,0,3300,39674439671
58.32,17.1468,81.9797,0,99,98,77,1567,3504,2.50516,0,15.6488,8.9129,0,3300,39691588865
56.1219,17.8184,81.9797,0,99,98,77,1567,3504,2.50516,0,15.6488,8.9129,0,3300,39709407810
58.7069,17.0338,81.9797,0,99,98,77,1567,3504,2.50516,0,15.6488,8.9129,0,3300,39726442060
47.3098,21.1373,81.9797,0,99,98,77,1567,3504,2.50516,0,15.6488,8.9129,0,3300,39747580746
70.6849,14.1473,81.9797,0,99,98,77,1567,3504,2.50516,0,15.6488,8.9129,0,3300,39761729570
51.1292,19.5583,81.9797,0,99,98,77,1567,3504,2.50516,0,15.6488,8.9129,0,3300,39781288233
63.6763,15.7044,81.9797,0,99,98,77,1567,3504,2.50516,0,15.6488,8.9129,0,3300,39796994122
51.931,19.2563,81.9797,0,99,98,77,1567,3504,2.50516,0,15.6488,8.9129,0,3300,39816252035
58.49,17.0969,81.9797,0,99,98,77,1567,3504,2.50516,0,15.6488,8.9129,0,3300,39833350416
56.6844,17.6415,81.9797,0,99,98,77,1567,3504,2.50516,0,15.6488,8.9129,0,3300,39850993287
60.185,16.6154,81.9797,0,99,98,77,1567,3504,2.50516,0,15.6488,8.9129,0,3300,39867609567
57.1576,17.4955,81.9797,0,99,98,77,1567,3504,2.50516,0,15.6488,8.9129,0,3300,39885106161
59.248,16.8782,81.9797,0,99,98,77,1567,3504,2.50516,0,15.6488,8.9129,0,3300,39901985041
57.9098,17.2682,81.9797,0,99,98,77,1567,3504,2.50516,0,15.6488,8.9129,0,3300,39919254254
56.5198,17.6929,81.9797,0,99,98,77,1567,3504,2.50516,0,15.6488,8.9129,0,3300,39936960003
57.5759,17.3684,81.9797,0,99,98,77,1567,3504,2.50516,0,15.6488,8.9129,0,3300,39954334670
58.3573,17.1358,75.4342,0,99,98,78,1632,3504,2.50724,0,15.6415,8.9129,0,3530,39971465452
54.0884,18.4883,75.4342,0,99,98,78,1632,3504,2.50724,0,15.6415,8.9129,0,3530,39989955027
61.369,16.2949,75.4342,0,99,98,78,1632,3504,2.50724,0,15.6415,8.9129,0,3530,40006249735
49.2206,20.3167,75.4342,0,99,98,78,1632,3504,2.50724,0,15.6415,8.9129,0,3530,40026569519
57.5847,17.3657,75.4342,0,99,98,78,1632,3504,2.50724,0,15.6415,8.9129,0,3530,40043936131
57.5164,17.3863,75.4342,0,99,98,78,1632,3504,2.50724,0,15.6415,8.9129,0,3530,40061324435
58.0799,17.2177,75.4342,0,99,98,78,1632,3504,2.50724,0,15.6415,8.9129,0,3530,40078543114
57.4289,17.4128,75.4342,0,99,98,78,1632,3504,2.50724,0,15.6415,8.9129,0,3530,40095957312
57.8556,17.2844,75.4342,0,99,98,78,1632,3504,2.50724,0,15.6415,8.9129,0,3530,40113241839
57.4731,17.3994,75.4342,0,99,98,78,1632,3504,2.50724,0,15.6415,8.9129,0,3530,40130642908
57.5105,17.3881,75.4342,0,99,98,78,1632,3504,2.50724,0,15.6415,8.9129,0,3530,40148049341
48.9277,20.4383,75.4342,0,99,98,78,1632,3504,2.50724,0,15.6415,8.9129,0,3530,40168470562
67.917,14.7239,75.4342,0,99,98,78,1632,3504,2.50724,0,15.6415,8.9129,0,3530,40183195681
55.404,18.0492,75.4342,0,99,98,78,1632,3504,2.50724,0,15.6415,8.9129,0,3530,40201247044
59.439,16.824,75.4342,0,99,98,78,1632,3504,2.50724,0,15.6415,8.9129,0,3530,40218073201
54.576,18.3231,75.4342,0,99,98,78,1632,3504,2.50724,0,15.6415,8.9129,0,3530,40236395586
62.1211,16.0976,75.4342,0,99,98,78,1632,3504,2.50724,0,15.6415,8.9129,0,3530,40252494918
52.8298,18.9287,75.4342,0,99,98,78,1632,3504,2.50724,0,15.6415,8.9129,0,3530,40271424147
64.2015,15.576,75.4342,0,99,98,78,1632,3504,2.50724,0,15.6415,8.9129,0,3530,40287001746
56.0523,17.8405,75.4342,0,99,98,78,1632,3504,2.50724,0,15.6415,8.9129,0,3530,40304846290
59.4252,16.8279,75.4342,0,99,98,78,1632,3504,2.50724,0,15.6415,8.9129,0,3530,40321673135
53.9748,18.5272,75.4342,0,99,98,78,1632,3504,2.50724,0,15.6415,8.9129,0,3530,40340201882
59.4401,16.8237,75.4342,0,99,98,78,1632,3504,2.50724,0,15.6415,8.9129,0,3530,40357027229
59.3843,16.8395,75.4342,0,99,98,78,1632,3504,2.50724,0,15.6415,8.9129,0,3530,40373866555
57.2217,17.4759,75.4342,0,99,98,78,1632,3504,2.50724,0,15.6415,8.9129,0,3530,40391344972
58.0818,17.2171,75.4342,0,99,98,78,1632,3504,2.50724,0,15.6415,8.9129,0,3530,40408563216
57.9445,17.2579,75.4342,0,99,98,78,1632,3504,2.50724,0,15.6415,8.9129,0,3530,40425822257
54.0686,18.495,75.4342,0,99,98,78,1632,3504,2.50724,0,15.6415,8.9129,0,3530,40444318682
57.7437,17.3179,75.4342,0,99,98,78,1632,3504,2.50724,0,15.6415,8.9129,0,3530,40461646344
57.1876,17.4863,73.2187,0,99,95,78,1632,3504,2.50724,0,15.6291,8.9129,0,3400,40479125860
58.0806,17.2175,73.2187,0,99,95,78,1632,3504,2.50724,0,15.6291,8.9129,0,3400,40496344363
56.6109,17.6644,73.2187,0,99,95,78,1632,3504,2.50724,0,15.6291,8.9129,0,3400,40514010250
58.5002,17.094,73.2187,0,99,95,78,1632,3504,2.50724,0,15.6291,8.9129,0,3400,40531105229
51.6825,19.3489,73.2187,0,99,95,78,1632,3504,2.50724,0,15.6291,8.9129,0,3400,40550454475
58.1071,17.2096,73.2187,0,99,95,78,1632,3504,2.50724,0,15.6291,8.9129,0,3400,40567665671
57.5063,17.3894,73.2187,0,99,95,78,1632,3504,2.50724,0,15.6291,8.9129,0,3400,40585055492
57.4145,17.4172,73.2187,0,99,95,78,1632,3504,2.50724,0,15.6291,8.9129,0,3400,40602473925
57.6049,17.3596,73.2187,0,99,95,78,1632,3504,2.50724,0,15.6291,8.9129,0,3400,40619837779
57.4631,17.4025,73.2187,0,99,95,78,1632,3504,2.50724,0,15.6291,8.9129,0,3400,40637239089
56.6401,17.6553,73.2187,0,99,95,78,1632,3504,2.50724,0,15.6291,8.9129,0,3400,40654895206
58.429,17.1148,73.2187,0,99,95,78,1632,3504,2.50724,0,15.6291,8.9129,0,3400,40672010793
52.7019,18.9747,73.2187,0,99,95,78,1632,3504,2.50724,0,15.6291,8.9129,0,3400,40690987244
63.137,15.8386,73.2187,0,99,95,78,1632,3504,2.50724,0,15.6291,8.9129,0,3400,40706827406
53.2289,18.7868,73.2187,0,99,95,78,1632,3504,2.50724,0,15.6291,8.9129,0,3400,40725614758
62.8801,15.9033,73.2187,0,99,95,78,1632,3504,2.50724,0,15.6291,8.9129,0,3400,40741518974
57.2846,17.4567,73.2187,0,99,95,78,1632,3504,2.50724,0,15.6291,8.9129,0,3400,40758976873
57.9401,17.2592,73.2187,0,99,95,78,1632,3504,2.50724,0,15.6291,8.9129,0,3400,40776237357
56.5571,17.6813,73.2187,0,99,95,78,1632,3504,2.50724,0,15.6291,8.9129,0,3400,40793920133
58.6667,17.0455,73.2187,0,99,95,78,1632,3504,2.50724,0,15.6291,8.9129,0,3400,40810966296
56.7136,17.6325,73.2187,0,99,95,78,1632,3504,2.50724,0,15.6291,8.9129,0,3400,40828599510
57.9198,17.2652,73.2187,0,99,95,78,1632,3504,2.50724,0,15.6291,8.9129,0,3400,40845883005
58.4169,17.1183,73.2187,0,99,95,78,1632,3504,2.50724,0,15.6291,8.9129,0,3400,40862986490
57.1496,17.4979,73.2187,0,99,95,78,1632,3504,2.50724,0,15.6291,8.9129,0,3400,40880484568
57.0667,17.5233,73.2187,0,99,95,78,1632,3504,2.50724,0,15.6291,8.9129,0,3400,40898009091
58.2579,17.1651,73.2187,0,99,95,78,1632,3504,2.50724,0,15.6291,8.9129,0,3400,40915174719
57.6067,17.3591,73.2187,0,99,95,78,1632,3504,2.50724,0,15.6291,8.9129,0,3400,40932535425
58.5624,17.0758,73.2187,0,99,95,78,1632,3504,2.50724,0,15.6291,8.9129,0,3400,40949611278
57.5585,17.3736,73.2187,0,99,95,78,1632,3504,2.50724,0,15.6291,8.9129,0,3400,40966993194
57.8232,17.2941,70.9596,0,100,95,79,1645,3504,2.5067,0,15.5875,8.9129,0,3400,40984282596
58.2077,17.1799,70.9596,0,100,95,79,1645,3504,2.5067,0,15.5875,8.9129,0,3400,41001463520
57.9252,17.2636,70.9596,0,100,95,79,1645,3504,2.5067,0,15.5875,8.9129,0,3400,41018728259
57.6947,17.3326,70.9596,0,100,95,79,1645,3504,2.5067,0,15.5875,8.9129,0,3400,41036062464
58.2352,17.1717,70.9596,0,100,95,79,1645,3504,2.5067,0,15.5875,8.9129,0,3400,41053234836
56.3346,17.7511,70.9596,0,100,95,79,1645,3504,2.5067,0,15.5875,8.9129,0,3400,41070987222
59.6383,16.7678,70.9596,0,100,95,79,1645,3504,2.5067,0,15.5875,8.9129,0,3400,41087755286
55.9316,17.879,70.9596,0,100,95,79,1645,3504,2.5067,0,15.5875,8.9129,0,3400,41105635902
59.6367,16.7682,70.9596,0,100,95,79,1645,3504,2.5067,0,15.5875,8.9129,0,3400,41122404453
50.6886,19.7283,70.9596,0,100,95,79,1645,3504,2.5067,0,15.5875,8.9129,0,3400,41142138546
67.1934,14.8824,70.9596,0,100,95,79,1645,3504,2.5067,0,15.5875,8.9129,0,3400,41157017858
57.4797,17.3975,70.9596,0,100,95,79,1645,3504,2.5067,0,15.5875,8.9129,0,3400,41174417145
58.1879,17.1857,70.9596,0,100,95,79,1645,3504,2.5067,0,15.5875,8.9129,0,3400,41191603880
57.407,17.4195,70.9596,0,100,95,79,1645,3504,2.5067,0,15.5875,8.9129,0,3400,41209024132
58.4563,17.1068,70.9596,0,100,95,79,1645,3504,2.5067,0,15.5875,8.9129,0,3400,41226131952
57.3791,17.428,70.9596,0,100,95,79,1645,3504,2.5067,0,15.5875,8.9129,0,3400,41243561171
58.4081,17.1209,70.9596,0,100,95,79,1645,3504,2.5067,0,15.5875,8.9129,0,3400,41260683112
51.6004,19.3797,70.9596,0,100,95,79,1645,3504,2.5067,0,15.5875,8.9129,0,3400,41280062734
66.7955,14.9711,70.9596,0,100,95,79,1645,3504,2.5067,0,15.5875,8.9129,0,3400,41295034335
50.0239,19.9905,70.9596,0,100,95,79,1645,3504,2.5067,0,15.5875,8.9129,0,3400,41315027205
69.3548,14.4186,70.9596,0,100,95,79,1645,3504,2.5067,0,15.5875,8.9129,0,3400,41329447658
47.5948,21.0107,70.9596,0,100,95,79,1645,3504,2.5067,0,15.5875,8.9129,0,3400,41350460080
68.0934,14.6857,70.9596,0,100,95,79,1645,3504,2.5067,0,15.5875,8.9129,0,3400,41365146454
60.0016,16.6662,70.9596,0,100,95,79,1645,3504,2.5067,0,15.5875,8.9129,0,3400,41381814682
58.6516,17.0498,70.9596,0,100,95,79,1645,3504,2.5067,0,15.5875,8.9129,0,3400,41398871043
58.0588,17.2239,70.9596,0,100,95,79,1645,3504,2.5067,0,15.5875,8.9129,0,3400,41416094991
58.129,17.2031,70.9596,0,100,95,79,1645,3504,2.5067,0,15.5875,8.9129,0,3400,41433298419
58.5958,17.0661,70.9596,0,100,95,79,1645,3504,2.5067,0,15.5875,8.9129,0,3400,41450366529
58.2071,17.18,70.9596,0,100,95,79,1645,3504,2.5067,0,15.5875,8.9129,0,3400,41467550286
58.209,17.1795,72.3618,0,100,96,80,1645,3504,2.51471,0,15.5661,8.9129,0,3434,41484736395
56.714,17.6323,72.3618,0,100,96,80,1645,3504,2.51471,0,15.5661,8.9129,0,3434,41502361434
54.8714,18.2244,72.3618,0,100,96,80,1645,3504,2.51471,0,15.5661,8.9129,0,3434,41520587950
59.1277,16.9126,72.3618,0,100,96,80,1645,3504,2.51471,0,15.5661,8.9129,0,3434,41537500514
62.3394,16.0412,72.3618,0,100,96,80,1645,3504,2.51471,0,15.5661,8.9129,0,3434,41553544261
58.6696,17.0446,72.3618,0,100,96,80,1645,3504,2.51471,0,15.5661,8.9129,0,3434,41570589595
56.9761,17.5512,72.3618,0,100,96,80,1645,3504,2.51471,0,15.5661,8.9129,0,3434,41588140974
59.6575,16.7623,72.3618,0,100,96,80,1645,3504,2.51471,0,15.5661,8.9129,0,3434,41604905372
56.6229,17.6607,72.3618,0,100,96,80,1645,3504,2.51471,0,15.5661,8.9129,0,3434,41622567335
59.209,16.8893,72.3618,0,100,96,80,1645,3504,2.51471,0,15.5661,8.9129,0,3434,41639457641
56.6231,17.6607,72.3618,0,100,96,80,1645,3504,2.51471,0,15.5661,8.9129,0,3434,41657119250
60.2039,16.6102,72.3618,0,100,96,80,1645,3504,2.51471,0,15.5661,8.9129,0,3434,41673729584
54.9764,18.1896,72.3618,0,100,96,80,1645,3504,2.51471,0,15.5661,8.9129,0,3434,41691920371
61.0918,16.3688,72.3618,0,100,96,80,1645,3504,2.51471,0,15.5661,8.9129,0,3434,41708289653
55.2889,18.0868,72.3618,0,100,96,80,1645,3504,2.51471,0,15.5661,8.9129,0,3434,41726378394
60.6387,16.4911,72.3618,0,100,96,80,1645,3504,2.51471,0,15.5661,8.9129,0,3434,41742869853
57.6467,17.3471,72.3618,0,100,96,80,1645,3504,2.51471,0,15.5661,8.9129,0,3434,41760217926
58.9372,16.9672,72.3618,0,100,96,80,1645,3504,2.51471,0,15.5661,8.9129,0,3434,41777186190
57.7326,17.3213,72.3618,0,100,96,80,1645,3504,2.51471,0,15.5661,8.9129,0,3434,41794510043
58.9142,16.9738,72.3618,0,100,96,80,1645,3504,2.51471,0,15.5661,8.9129,0,3434,41811483547
49.864,20.0546,72.3618,0,100,96,80,1645,3504,2.51471,0,15.5661,8.9129,0,3434,41831538826
66.4915,15.0395,72.3618,0,100,96,80,1645,3504,2.51471,0,15.5661,8.9129,0,3434,41846579206
57.7832,17.3061,72.3618,0,100,96,80,1645,3504,2.51471,0,15.5661,8.9129,0,3434,41863888632
58.1903,17.185,72.3618,0,100,96,80,1645,3504,2.51471,0,15.5661,8.9129,0,3434,41881074188
50.875,19.656,72.3618,0,100,96,80,1645,3504,2.51471,0,15.5661,8.9129,0,3434,41900733204
58.3533,17.137,72.3618,0,100,96,80,1645,3504,2.51471,0,15.5661,8.9129,0,3434,41917869173
57.9357,17.2605,72.3618,0,100,96,80,1645,3504,2.51471,0,15.5661,8.9129,0,3434,41935131977
58.2773,17.1593,72.3618,0,100,96,80,1645,3504,2.51471,0,15.5661,8.9129,0,3434,41952291088
57.5854,17.3655,72.3618,0,100,96,80,1645,3504,2.51471,0,15.5661,8.9129,0,3434,41969662960
58.3498,17.138,70.8955,0,100,96,80,1645,3504,2.51742,0,15.561,8.9129,0,3400,41986796277
55.1619,18.1285,70.8955,0,100,96,80,1645,3504,2.51742,0,15.561,8.9129,0,3400,42004926293
62.0695,16.111,70.8955,0,100,96,80,1645,3504,2.51742,0,15.561,8.9129,0,3400,42021037499
57.5139,17.3871,70.8955,0,100,96,80,1645,3504,2.51742,0,15.561,8.9129,0,3400,42038426447
58.3382,17.1414,70.8955,0,100,96,80,1645,3504,2.51742,0,15.561,8.9129,0,3400,42055568396
58.3352,17.1423,70.8955,0,100,96,80,1645,3504,2.51742,0,15.561,8.9129,0,3400,42072712158
58.5732,17.0727,70.8955,0,100,96,80,1645,3504,2.51742,0,15.561,8.9129,0,3400,42089785681
57.4193,17.4157,70.8955,0,100,96,80,1645,3504,2.51742,0,15.561,8.9129,0,3400,42107202912
58.6827,17.0408,70.8955,0,100,96,80,1645,3504,2.51742,0,15.561,8.9129,0,3400,42124244130
57.9066,17.2692,70.8955,0,100,96,80,1645,3504,2.51742,0,15.561,8.9129,0,3400,42141515753
58.2608,17.1642,70.8955,0,100,96,80,1645,3504,2.51742,0,15.561,8.9129,0,3400,42158679580
57.4529,17.4056,70.8955,0,100,96,80,1645,3504,2.51742,0,15.561,8.9129,0,3400,42176086340
58.7769,17.0135,70.8955,0,100,96,80,1645,3504,2.51742,0,15.561,8.9129,0,3400,42193100914
58.0335,17.2314,70.8955,0,100,96,80,1645,3504,2.51742,0,15.561,8.9129,0,3400,42210333052
57.8955,17.2725,70.8955,0,100,96,80,1645,3504,2.51742,0,15.561,8.9129,0,3400,42227607049
58.7903,17.0096,70.8955,0,100,96,80,1645,3504,2.51742,0,15.561,8.9129,0,3400,42244618611
57.8859,17.2754,70.8955,0,100,96,80,1645,3504,2.51742,0,15.561,8.9129,0,3400,42261896778
28.5349,35.0449,70.8955,0,100,96,80,1645,3504,2.51742,0,15.561,8.9129,0,3400,42296941695
58.4122,17.1197,70.8955,0,100,96,80,1645,3504,2.51742,0,15.561,8.9129,0,3400,42314060786
60.1406,16.6277,70.8955,0,100,96,80,1645,3504,2.51742,0,15.561,8.9129,0,3400,42330690048
60.587,16.5052,70.8955,0,100,96,80,1645,3504,2.51742,0,15.561,8.9129,0,3400,42347197147
54.0169,18.5127,70.8955,0,100,96,80,1645,3504,2.51742,0,15.561,8.9129,0,3400,42365710722
61.1361,16.357,70.8955,0,100,96,80,1645,3504,2.51742,0,15.561,8.9129,0,3400,42382076393
51.5229,19.4089,70.8955,0,100,96,80,1645,3504,2.51742,0,15.561,8.9129,0,3400,42401487408
74.8183,13.3657,70.8955,0,100,96,80,1645,3504,2.51742,0,15.561,8.9129,0,3400,42414853875
55.327,18.0743,70.8955,0,100,96,80,1645,3504,2.51742,0,15.561,8.9129,0,3400,42432929554
64.2584,15.5622,70.8955,0,100,96,80,1645,3504,2.51742,0,15.561,8.9129,0,3400,42448492750
60.9961,16.3945,70.8955,0,100,96,80,1645,3504,2.51742,0,15.561,8.9129,0,3400,42464888389
61.7583,16.1922,70.8955,0,100,96,80,1645,3504,2.51742,0,15.561,8.9129,0,3400,42481083530
57.1593,17.495,73.3831,0,100,96,79,1645,3504,2.51495,0,15.566,8.9129,0,3404,42498577322
63.0393,15.8631,73.3831,0,100,96,79,1645,3504,2.51495,0,15.566,8.9129,0,3404,42514441346
54.5231,18.3408,73.3831,0,100,96,79,1645,3504,2.51495,0,15.566,8.9129,0,3404,42532783926
62.092,16.1051,73.3831,0,100,96,79,1645,3504,2.51495,0,15.566,8.9129,0,3404,42548908723
53.3452,18.7458,73.3831,0,100,96,79,1645,3504,2.51495,0,15.566,8.9129,0,3404,42567635929
61.3658,16.2957,73.3831,0,100,96,79,1645,3504,2.51495,0,15.566,8.9129,0,3404,42583934201
61.2411,16.3289,73.3831,0,100,96,79,1645,3504,2.51495,0,15.566,8.9129,0,3404,42600263931
63.1312,15.84,73.3831,0,100,96,79,1645,3504,2.51495,0,15.566,8.9129,0,3404,42616105547
57.0863,17.5173,73.3831,0,100,96,79,1645,3504,2.51495,0,15.566,8.9129,0,3404,42633623715
62.2082,16.075,73.3831,0,100,96,79,1645,3504,2.51495,0,15.566,8.9129,0,3404,42649699625
57.234,17.4721,73.3831,0,100,96,79,1645,3504,2.51495,0,15.566,8.9129,0,3404,42667173091
63.6587,15.7088,73.3831,0,100,96,79,1645,3504,2.51495,0,15.566,8.9129,0,3404,42682882689
56.0202,17.8507,73.3831,0,100,96,79,1645,3504,2.51495,0,15.566,8.9129,0,3404,42700733910
60.871,16.4282,73.3831,0,100,96,79,1645,3504,2.51495,0,15.566,8.9129,0,3404,42717163979
59.5386,16.7958,73.3831,0,100,96,79,1645,3504,2.51495,0,15.566,8.9129,0,3404,42733961370
60.958,16.4048,73.3831,0,100,96,79,1645,3504,2.51495,0,15.566,8.9129,0,3404,42750366967
51.2899,19.497,73.3831,0,100,96,79,1645,3504,2.51495,0,15.566,8.9129,0,3404,42769865046
72.9464,13.7087,73.3831,0,100,96,79,1645,3504,2.51495,0,15.566,8.9129,0,3404,42783574884
56.7049,17.6351,73.3831,0,100,96,79,1645,3504,2.51495,0,15.566,8.9129,0,3404,42801212326
62.7862,15.9271,73.3831,0,100,96,79,1645,3504,2.51495,0,15.566,8.9129,0,3404,42817139972
58.2181,17.1768,73.3831,0,100,96,79,1645,3504,2.51495,0,15.566,8.9129,0,3404,42834318143
62.1818,16.0819,73.3831,0,100,96,79,1645,3504,2.51495,0,15.566,8.9129,0,3404,42850401157
48.6389,20.5597,73.3831,0,100,96,79,1645,3504,2.51495,0,15.566,8.9129,0,3404,42870961959
79.0476,12.6506,73.3831,0,100,96,79,1645,3504,2.51495,0,15.566,8.9129,0,3404,42883613514
58.478,17.1004,73.3831,0,100,96,79,1645,3504,2.51495,0,15.566,8.9129,0,3404,42900715087
62.2963,16.0523,73.3831,0,100,96,79,1645,3504,2.51495,0,15.566,8.9129,0,3404,42916769189
55.5757,17.9935,73.3831,0,100,96,79,1645,3504,2.51495,0,15.566,8.9129,0,3404,42934762941
63.0561,15.8589,73.3831,0,100,96,79,1645,3504,2.51495,0,15.566,8.9129,0,3404,42950622608
41.1957,24.2744,73.3831,0,100,96,79,1645,3504,2.51495,0,15.566,8.9129,0,3404,42974898645
100.623,9.93808,73.3831,0,100,96,79,1645,3504,2.51495,0,15.566,8.9129,0,3404,42984841713
40.8766,24.4639,71.5365,0,96,96,80,1692,3504,2.51235,0,15.5813,8.9129,0,3400,43009302594
55.0345,18.1704,71.5365,0,96,96,80,1692,3504,2.51235,0,15.5813,8.9129,0,3400,43027474582
66.1493,15.1173,71.5365,0,96,96,80,1692,3504,2.51235,0,15.5813,8.9129,0,3400,43042593770
60.2439,16.5992,71.5365,0,96,96,80,1692,3504,2.51235,0,15.5813,8.9129,0,3400,43059192987
59.6579,16.7622,71.5365,0,96,96,80,1692,3504,2.51235,0,15.5813,8.9129,0,3400,43075956789
60.104,16.6378,71.5365,0,96,96,80,1692,3504,2.51235,0,15.5813,8.9129,0,3400,43092595548
51.154,19.5488,71.5365,0,96,96,80,1692,3504,2.51235,0,15.5813,8.9129,0,3400,43112145668
70.471,14.1902,71.5365,0,96,96,80,1692,3504,2.51235,0,15.5813,8.9129,0,3400,43126339736
56.8838,17.5797,71.5365,0,96,96,80,1692,3504,2.51235,0,15.5813,8.9129,0,3400,43143918007
61.5951,16.2351,71.5365,0,96,96,80,1692,3504,2.51235,0,15.5813,8.9129,0,3400,43160154242
56.1889,17.7971,71.5365,0,96,96,80,1692,3504,2.51235,0,15.5813,8.9129,0,3400,43177952029
61.8179,16.1765,71.5365,0,96,96,80,1692,3504,2.51235,0,15.5813,8.9129,0,3400,43194130095
51.9244,19.2588,71.5365,0,96,96,80,1692,3504,2.51235,0,15.5813,8.9129,0,3400,43213390368
58.6281,17.0567,71.5365,0,96,96,80,1692,3504,2.51235,0,15.5813,8.9129,0,3400,43230449234
43.2465,23.1233,71.5365,0,96,96,80,1692,3504,2.51235,0,15.5813,8.9129,0,3400,43253573970
61.4769,16.2663,71.5365,0,96,96,80,1692,3504,2.51235,0,15.5813,8.9129,0,3400,43269841292
50.816,19.6789,71.5365,0,96,96,80,1692,3504,2.51235,0,15.5813,8.9129,0,3400,43289521353
57.0741,17.5211,71.5365,0,96,96,80,1692,3504,2.51235,0,15.5813,8.9129,0,3400,43307044025
48.4638,20.6339,71.5365,0,96,96,80,1692,3504,2.51235,0,15.5813,8.9129,0,3400,43327678863
56.5491,17.6838,71.5365,0,96,96,80,1692,3504,2.51235,0,15.5813,8.9129,0,3400,43345363667
49.1984,20.3258,71.5365,0,96,96,80,1692,3504,2.51235,0,15.5813,8.9129,0,3400,43365691670
50.2833,19.8873,71.5365,0,96,96,80,1692,3504,2.51235,0,15.5813,8.9129,0,3400,43385579943
51.0044,19.6061,71.5365,0,96,96,80,1692,3504,2.51235,0,15.5813,8.9129,0,3400,43405187710
55.01,18.1785,71.5365,0,96,96,80,1692,3504,2.51235,0,15.5813,8.9129,0,3400,43423368086
49.8024,20.0794,71.5365,0,96,96,80,1692,3504,2.51235,0,15.5813,8.9129,0,3400,43443448902
54.3923,18.3849,71.5365,0,96,96,80,1692,3504,2.51235,0,15.5813,8.9129,0,3400,43461855303
50.6979,19.7247,71.5365,0,96,96,80,1692,3504,2.51235,0,15.5813,8.9129,0,3400,43481561130
51.1032,19.5683,71.5365,0,96,96,80,1692,3504,2.51235,0,15.5813,8.9129,0,3400,43501156577
54.1297,18.4742,75.1807,0,96,89,80,1692,3504,2.51235,0,15.5816,8.9129,0,1754,43519605981
54.132,18.4734,75.1807,0,96,89,80,1692,3504,2.51235,0,15.5816,8.9129,0,1754,43538078373
45.2961,22.077,75.1807,0,96,89,80,1692,3504,2.51235,0,15.5816,8.9129,0,1754,43560157447
56.0365,17.8455,75.1807,0,96,89,80,1692,3504,2.51235,0,15.5816,8.9129,0,1754,43578004677
34.6614,28.8505,75.1807,0,96,89,80,1692,3504,2.51235,0,15.5816,8.9129,0,1754,43606855957
83.471,11.9802,75.1807,0,96,89,80,1692,3504,2.51235,0,15.5816,8.9129,0,1754,43618838106
59.5054,16.8052,75.1807,0,96,89,80,1692,3504,2.51235,0,15.5816,8.9129,0,1754,43635644292
41.8634,23.8872,75.1807,0,96,89,80,1692,3504,2.51235,0,15.5816,8.9129,0,1754,43659532931
65.1793,15.3423,75.1807,0,96,89,80,1692,3504,2.51235,0,15.5816,8.9129,0,1754,43674875920
54.5533,18.3307,75.1807,0,96,89,80,1692,3504,2.51235,0,15.5816,8.9129,0,1754,43693228992
43.4778,23.0003,75.1807,0,96,89,80,1692,3504,2.51235,0,15.5816,8.9129,0,1754,43716208625
63.4406,15.7628,75.1807,0,96,89,80,1692,3504,2.51235,0,15.5816,8.9129,0,1754,43731972059
48.8427,20.4739,75.1807,0,96,89,80,1692,3504,2.51235,0,15.5816,8.9129,0,1754,43752468549
54.1817,18.4564,75.1807,0,96,89,80,1692,3504,2.51235,0,15.5816,8.9129,0,1754,43770926004
50.8682,19.6587,75.1807,0,96,89,80,1692,3504,2.51235,0,15.5816,8.9129,0,1754,43790585516
53.3121,18.7575,75.1807,0,96,89,80,1692,3504,2.51235,0,15.5816,8.9129,0,1754,43809343298
49.8165,20.0737,75.1807,0,96,89,80,1692,3504,2.51235,0,15.5816,8.9129,0,1754,43829419056
52.8003,18.9393,75.1807,0,96,89,80,1692,3504,2.51235,0,15.5816,8.9129,0,1754,43848358918
45.7068,21.8786,75.1807,0,96,89,80,1692,3504,2.51235,0,15.5816,8.9129,0,1754,43870238959
55.907,17.8869,75.1807,0,96,89,80,1692,3504,2.51235,0,15.5816,8.9129,0,1754,43888127832
54.5304,18.3384,75.1807,0,96,89,80,1692,3504,2.51235,0,15.5816,8.9129,0,1754,43906467303
51.2496,19.5123,75.1807,0,96,89,80,1692,3504,2.51235,0,15.5816,8.9129,0,1754,43925980182
49.5711,20.173,75.1807,0,96,89,80,1692,3504,2.51235,0,15.5816,8.9129,0,1754,43946175238
54.0218,18.5111,75.1807,0,96,89,80,1692,3504,2.51235,0,15.5816,8.9129,0,1754,43964687436
52.1559,19.1733,75.1807,0,96,89,80,1692,3504,2.51235,0,15.5816,8.9129,0,1754,43983840684
51.557,19.396,75.1807,0,96,89,80,1692,3504,2.51235,0,15.5816,8.9129,0,1754,44003754703
43.62,22.9253,84.399,0,100,89,79,1521,3504,2.43309,0,15.5819,8.9129,0,1723,44026164085
52.9273,18.8938,84.399,0,100,89,79,1521,3504,2.43309,0,15.5819,8.9129,0,1723,44045058895
49.7556,20.0982,84.399,0,100,89,79,1521,3504,2.43309,0,15.5819,8.9129,0,1723,44065163716
53.6841,18.6275,84.399,0,100,89,79,1521,3504,2.43309,0,15.5819,8.9129,0,1723,44083787110
46.8625,21.339,84.399,0,100,89,79,1521,3504,2.43309,0,15.5819,8.9129,0,1723,44105126976
56.597,17.6688,84.399,0,100,89,79,1521,3504,2.43309,0,15.5819,8.9129,0,1723,44122796893
50.7305,19.712,84.399,0,100,89,79,1521,3504,2.43309,0,15.5819,8.9129,0,1723,44142509874
53.4784,18.6991,84.399,0,100,89,79,1521,3504,2.43309,0,15.5819,8.9129,0,1723,44161209216
51.578,19.3881,84.399,0,100,89,79,1521,3504,2.43309,0,15.5819,8.9129,0,1723,44180619975
52.0828,19.2002,84.399,0,100,89,79,1521,3504,2.43309,0,15.5819,8.9129,0,1723,44199800086
47.5449,21.0328,84.399,0,100,89,79,1521,3504,2.43309,0,15.5819,8.9129,0,1723,44220854852
40.6949,24.5731,84.399,0,100,89,79,1521,3504,2.43309,0,15.5819,8.9129,0,1723,44245429288
71.5429,13.9776,84.399,0,100,89,79,1521,3504,2.43309,0,15.5819,8.9129,0,1723,44259429022
52.313,19.1157,84.399,0,100,89,79,1521,3504,2.43309,0,15.5819,8.9129,0,1723,44278523429
55.44,18.0375,84.399,0,100,89,79,1521,3504,2.43309,0,15.5819,8.9129,0,1723,44296562550
54.3493,18.3995,84.399,0,100,89,79,1521,3504,2.43309,0,15.5819,8.9129,0,1723,44314962821
57.1046,17.5117,84.399,0,100,89,79,1521,3504,2.43309,0,15.5819,8.9129,0,1723,44332476424
56.2769,17.7693,84.399,0,100,89,79,1521,3504,2.43309,0,15.5819,8.9129,0,1723,44350247097
57.4013,17.4212,84.399,0,100,89,79,1521,3504,2.43309,0,15.5819,8.9129,0,1723,44367668969
57.0268,17.5356,84.399,0,100,89,79,1521,3504,2.43309,0,15.5819,8.9129,0,1723,44385227020
57.6638,17.3419,84.399,0,100,89,79,1521,3504,2.43309,0,15.5819,8.9129,0,1723,44402569751
56.6055,17.6661,84.399,0,100,89,79,1521,3504,2.43309,0,15.5819,8.9129,0,1723,44420238007
32.6822,30.5977,84.399,0,100,89,79,1521,3504,2.43309,0,15.5819,8.9129,0,1723,44450858403
57.1859,17.4868,84.399,0,100,89,79,1521,3504,2.43309,0,15.5819,8.9129,0,1723,44468345347
56.916,17.5698,84.399,0,100,89,79,1521,3504,2.43309,0,15.5819,8.9129,0,1723,44485917109
57.9202,17.2651,84.399,0,100,89,79,1521,3504,2.43309,0,15.5819,8.9129,0,1723,44503213778
57.4316,17.412,84.399,0,100,89,79,1521,3504,2.43309,0,15.5819,8.9129,0,1723,44520665206
57.9988,17.2417,83.9506,0,100,87,76,1388,3504,2.42993,0,15.5819,8.9129,0,1772,44537838922
43.0732,23.2163,83.9506,0,100,87,76,1388,3504,2.42993,0,15.5819,8.9129,0,1772,44561056712
90.0357,11.1067,83.9506,0,100,87,76,1388,3504,2.42993,0,15.5819,8.9129,0,1772,44572163436
57.2433,17.4693,83.9506,0,100,87,76,1388,3504,2.42993,0,15.5819,8.9129,0,1772,44589632959
60.2403,16.6002,83.9506,0,100,87,76,1388,3504,2.42993,0,15.5819,8.9129,0,1772,44606255411
53.7682,18.5984,83.9506,0,100,87,76,1388,3504,2.42993,0,15.5819,8.9129,0,1772,44624834293
62.9586,15.8835,83.9506,0,100,87,76,1388,3504,2.42993,0,15.5819,8.9129,0,1772,44640737218
53.2545,18.7778,83.9506,0,100,87,76,1388,3504,2.42993,0,15.5819,8.9129,0,1772,44659518326
59.6586,16.762,83.9506,0,100,87,76,1388,3504,2.42993,0,15.5819,8.9129,0,1772,44676261445
43.1919,23.1525,83.9506,0,100,87,76,1388,3504,2.42993,0,15.5819,8.9129,0,1772,44699414615
57.1727,17.4909,83.9506,0,100,87,76,1388,3504,2.42993,0,15.5819,8.9129,0,1772,44716927106
53.7127,18.6176,83.9506,0,100,87,76,1388,3504,2.42993,0,15.5819,8.9129,0,1772,44735550294
55.2632,18.0952,83.9506,0,100,87,76,1388,3504,2.42993,0,15.5819,8.9129,0,1772,44753643070
50.1,19.9601,83.9506,0,100,87,76,1388,3504,2.42993,0,15.5819,8.9129,0,1772,44773604414
59.8362,16.7123,83.9506,0,100,87,76,1388,3504,2.42993,0,15.5819,8.9129,0,1772,44790317625
54.3554,18.3974,83.9506,0,100,87,76,1388,3504,2.42993,0,15.5819,8.9129,0,1772,44808755047
55.2497,18.0996,83.9506,0,100,87,76,1388,3504,2.42993,0,15.5819,8.9129,0,1772,44826816873
49.4012,20.2424,83.9506,0,100,87,76,1388,3504,2.42993,0,15.5819,8.9129,0,1772,44847081814
54.5108,18.345,83.9506,0,100,87,76,1388,3504,2.42993,0,15.5819,8.9129,0,1772,44865407431
45.7482,21.8588,83.9506,0,100,87,76,1388,3504,2.42993,0,15.5819,8.9129,0,1772,44887266905
62.5878,15.9776,83.9506,0,100,87,76,1388,3504,2.42993,0,15.5819,8.9129,0,1772,44903245524
49.9821,20.0072,83.9506,0,100,87,76,1388,3504,2.42993,0,15.5819,8.9129,0,1772,44923275508
56.5304,17.6896,83.9506,0,100,87,76,1388,3504,2.42993,0,15.5819,8.9129,0,1772,44940965635
45.9488,21.7634,83.9506,0,100,87,76,1388,3504,2.42993,0,15.5819,8.9129,0,1772,44962730578
62.0677,16.1114,83.9506,0,100,87,76,1388,3504,2.42993,0,15.5819,8.9129,0,1772,44978864260
49.338,20.2683,83.9506,0,100,87,76,1388,3504,2.42993,0,15.5819,8.9129,0,1772,44999134130
57.8178,17.2957,83.9506,0,100,87,76,1388,3504,2.42993,0,15.5819,8.9129,0,1772,45016452017
52.5389,19.0335,83.9506,0,100,87,76,1388,3504,2.42993,0,15.5819,8.9129,0,1772,45035494155
52.9104,18.8999,80.0983,0,100,87,76,1388,3504,2.42993,0,15.5986,8.9129,0,1775,45054365865
53.1188,18.8257,80.0983,0,100,87,76,1388,3504,2.42993,0,15.5986,8.9129,0,1775,45073192672
50.5176,19.7951,80.0983,0,100,87,76,1388,3504,2.42993,0,15.5986,8.9129,0,1775,45092988978
55.5126,18.0139,80.0983,0,100,87,76,1388,3504,2.42993,0,15.5986,8.9129,0,1775,45111005351
52.6126,19.0068,80.0983,0,100,87,76,1388,3504,2.42993,0,15.5986,8.9129,0,1775,45130011943
50.4343,19.8278,80.0983,0,100,87,76,1388,3504,2.42993,0,15.5986,8.9129,0,1775,45149861941
54.3427,18.4017,80.0983,0,100,87,76,1388,3504,2.42993,0,15.5986,8.9129,0,1775,45168245034
32.3429,30.9187,80.0983,0,100,87,76,1388,3504,2.42993,0,15.5986,8.9129,0,1775,45199163895
60.984,16.3977,80.0983,0,100,87,76,1388,3504,2.42993,0,15.5986,8.9129,0,1775,45215584737
52.8726,18.9134,80.0983,0,100,87,76,1388,3504,2.42993,0,15.5986,8.9129,0,1775,45234498940
44.3691,22.5382,80.0983,0,100,87,76,1388,3504,2.42993,0,15.5986,8.9129,0,1775,45257038693
50.7844,19.6911,80.0983,0,100,87,76,1388,3504,2.42993,0,15.5986,8.9129,0,1775,45276731127
51.3899,19.4591,80.0983,0,100,87,76,1388,3504,2.42993,0,15.5986,8.9129,0,1775,45296191405
48.3381,20.6876,80.0983,0,100,87,76,1388,3504,2.42993,0,15.5986,8.9129,0,1775,45316879133
61.5478,16.2475,80.0983,0,100,87,76,1388,3504,2.42993,0,15.5986,8.9129,0,1775,45333127809
53.7858,18.5923,80.0983,0,100,87,76,1388,3504,2.42993,0,15.5986,8.9129,0,1775,45351721064
53.8551,18.5683,80.0983,0,100,87,76,1388,3504,2.42993,0,15.5986,8.9129,0,1775,45370290370
53.8659,18.5646,80.0983,0,100,87,76,1388,3504,2.42993,0,15.5986,8.9129,0,1775,45388857089
47.8906,20.8809,80.0983,0,100,87,76,1388,3504,2.42993,0,15.5986,8.9129,0,1775,45409738169
53.3194,18.7549,80.0983,0,100,87,76,1388,3504,2.42993,0,15.5986,8.9129,0,1775,45428515270
54.0743,18.4931,80.0983,0,100,87,76,1388,3504,2.42993,0,15.5986,8.9129,0,1775,45446988085
52.1649,19.17,80.0983,0,100,87,76,1388,3504,2.42993,0,15.5986,8.9129,0,1775,45466159629
55.6872,17.9574,80.0983,0,100,87,76,1388,3504,2.42993,0,15.5986,8.9129,0,1775,45484138101
53.5942,18.6587,80.0983,0,100,87,76,1388,3504,2.42993,0,15.5986,8.9129,0,1775,45502798695
53.8117,18.5833,80.0983,0,100,87,76,1388,3504,2.42993,0,15.5986,8.9129,0,1775,45521361910
50.9667,19.6206,80.0983,0,100,87,76,1388,3504,2.42993,0,15.5986,8.9129,0,1775,45541011527
57.3477,17.4375,89.4207,0,98,87,76,1388,3504,2.42659,0,15.6033,8.9129,0,1746,45558446652
48.4064,20.6584,89.4207,0,98,87,76,1388,3504,2.42659,0,15.6033,8.9129,0,1746,45579081674
59.9751,16.6736,89.4207,0,98,87,76,1388,3504,2.42659,0,15.6033,8.9129,0,1746,45595756817
44.1709,22.6393,89.4207,0,98,87,76,1388,3504,2.42659,0,15.6033,8.9129,0,1746,45618397428
70.7,14.1443,89.4207,0,98,87,76,1388,3504,2.42659,0,15.6033,8.9129,0,1746,45632560783
49.9465,20.0214,89.4207,0,98,87,76,1388,3504,2.42659,0,15.6033,8.9129,0,1746,45652565956
53.9435,18.5379,89.4207,0,98,87,76,1388,3504,2.42659,0,15.6033,8.9129,0,1746,45671103702
52.715,18.9699,89.4207,0,98,87,76,1388,3504,2.42659,0,15.6033,8.9129,0,1746,45690074331
53.1773,18.805,89.4207,0,98,87,76,1388,3504,2.42659,0,15.6033,8.9129,0,1746,45708879967
52.1057,19.1918,89.4207,0,98,87,76,1388,3504,2.42659,0,15.6033,8.9129,0,1746,45728072649
53.2928,18.7642,89.4207,0,98,87,76,1388,3504,2.42659,0,15.6033,8.9129,0,1746,45746838856
51.55,19.3986,89.4207,0,98,87,76,1388,3504,2.42659,0,15.6033,8.9129,0,1746,45766237732
53.4394,18.7128,89.4207,0,98,87,76,1388,3504,2.42659,0,15.6033,8.9129,0,1746,45784951836
49.2177,20.3179,89.4207,0,98,87,76,1388,3504,2.42659,0,15.6033,8.9129,0,1746,45805271233
55.7162,17.9481,89.4207,0,98,87,76,1388,3504,2.42659,0,15.6033,8.9129,0,1746,45823219567
52.1371,19.1802,89.4207,0,98,87,76,1388,3504,2.42659,0,15.6033,8.9129,0,1746,45842402362
53.6828,18.628,89.4207,0,98,87,76,1388,3504,2.42659,0,15.6033,8.9129,0,1746,45861031022
52.7793,18.9468,89.4207,0,98,87,76,1388,3504,2.42659,0,15.6033,8.9129,0,1746,45879978758
52.7541,18.9559,89.4207,0,98,87,76,1388,3504,2.42659,0,15.6033,8.9129,0,1746,45898953138
52.1814,19.1639,89.4207,0,98,87,76,1388,3504,2.42659,0,15.6033,8.9129,0,1746,45918099904
53.1726,18.8067,89.4207,0,98,87,76,1388,3504,2.42659,0,15.6033,8.9129,0,1746,45936907387
52.1343,19.1812,89.4207,0,98,87,76,1388,3504,2.42659,0,15.6033,8.9129,0,1746,45956090911
52.886,18.9086,89.4207,0,98,87,76,1388,3504,2.42659,0,15.6033,8.9129,0,1746,45974999576
50.7825,19.6918,89.4207,0,98,87,76,1388,3504,2.42659,0,15.6033,8.9129,0,1746,45994692011
54.2147,18.4452,89.4207,0,98,87,76,1388,3504,2.42659,0,15.6033,8.9129,0,1746,46013160312
52.7657,18.9517,89.4207,0,98,87,76,1388,3504,2.42659,0,15.6033,8.9129,0,1746,46032113151
52.4581,19.0628,89.4207,0,98,87,76,1388,3504,2.42659,0,15.6033,8.9129,0,1746,46051193699
51.7325,19.3302,80.6452,0,100,87,76,1379,3504,2.42519,0,15.6151,8.9129,0,1864,46070507694
52.8809,18.9104,80.6452,0,100,87,76,1379,3504,2.42519,0,15.6151,8.9129,0,1864,46089440649
49.5848,20.1675,80.6452,0,100,87,76,1379,3504,2.42519,0,15.6151,8.9129,0,1864,46109587876
54.9901,18.1851,80.6452,0,100,87,76,1379,3504,2.42519,0,15.6151,8.9129,0,1864,46127774913
52.4529,19.0647,80.6452,0,100,87,76,1379,3504,2.42519,0,15.6151,8.9129,0,1864,46146841050
52.711,18.9714,80.6452,0,100,87,76,1379,3504,2.42519,0,15.6151,8.9129,0,1864,46165813326
51.7534,19.3224,80.6452,0,100,87,76,1379,3504,2.42519,0,15.6151,8.9129,0,1864,46185164344
53.2224,18.7891,80.6452,0,100,87,76,1379,3504,2.42519,0,15.6151,8.9129,0,1864,46203954360
51.0071,19.6051,80.6452,0,100,87,76,1379,3504,2.42519,0,15.6151,8.9129,0,1864,46223561687
54.0059,18.5165,80.6452,0,100,87,76,1379,3504,2.42519,0,15.6151,8.9129,0,1864,46242079137
46.9399,21.3038,80.6452,0,100,87,76,1379,3504,2.42519,0,15.6151,8.9129,0,1864,46263384090
59.7177,16.7455,80.6452,0,100,87,76,1379,3504,2.42519,0,15.6151,8.9129,0,1864,46280130610
39.2476,25.4793,80.6452,0,100,87,76,1379,3504,2.42519,0,15.6151,8.9129,0,1864,46305610930
74.6511,13.3956,80.6452,0,100,87,76,1379,3504,2.42519,0,15.6151,8.9129,0,1864,46319007050
43.0112,23.2498,80.6452,0,100,87,76,1379,3504,2.42519,0,15.6151,8.9129,0,1864,46342257440
68.9314,14.5072,80.6452,0,100,87,76,1379,3504,2.42519,0,15.6151,8.9129,0,1864,46356767614
46.3279,21.5852,80.6452,0,100,87,76,1379,3504,2.42519,0,15.6151,8.9129,0,1864,46378353146
59.5372,16.7962,80.6452,0,100,87,76,1379,3504,2.42519,0,15.6151,8.9129,0,1864,46395150247
46.8342,21.3519,80.6452,0,100,87,76,1379,3504,2.42519,0,15.6151,8.9129,0,1864,46416525752
57.9069,17.2691,80.6452,0,100,87,76,1379,3504,2.42519,0,15.6151,8.9129,0,1864,46433773512
50.6511,19.7429,80.6452,0,100,87,76,1379,3504,2.42519,0,15.6151,8.9129,0,1864,46453538880
53.1967,18.7981,80.6452,0,100,87,76,1379,3504,2.42519,0,15.6151,8.9129,0,1864,46472337741
52.358,19.0993,80.6452,0,100,87,76,1379,3504,2.42519,0,15.6151,8.9129,0,1864,46491417172
52.2462,19.1401,80.6452,0,100,87,76,1379,3504,2.42519,0,15.6151,8.9129,0,1864,46510558786
47.9427,20.8582,80.6452,0,100,87,76,1379,3504,2.42519,0,15.6151,8.9129,0,1864,46531439147
57.5035,17.3902,80.6452,0,100,87,76,1379,3504,2.42519,0,15.6151,8.9129,0,1864,46548830164
51.674,19.3521,80.6452,0,100,87,76,1379,3504,2.42519,0,15.6151,8.9129,0,1864,46568210828
52.3475,19.1031,77.284,0,100,86,76,1379,3504,2.42519,0,15.6155,8.9129,0,1749,46587287583
46.9974,21.2778,77.284,0,100,86,76,1379,3504,2.42519,0,15.6155,8.9129,0,1749,46608566187
57.5389,17.3796,77.284,0,100,86,76,1379,3504,2.42519,0,15.6155,8.9129,0,1749,46625966805
50.5021,19.8012,77.284,0,100,86,76,1379,3504,2.42519,0,15.6155,8.9129,0,1749,46645749692
54.3457,18.4007,77.284,0,100,86,76,1379,3504,2.42519,0,15.6155,8.9129,0,1749,46664150426
51.7783,19.3131,77.284,0,100,86,76,1379,3504,2.42519,0,15.6155,8.9129,0,1749,46683465874
52.0228,19.2223,77.284,0,100,86,76,1379,3504,2.42519,0,15.6155,8.9129,0,1749,46702689018
50.7461,19.706,77.284,0,100,86,76,1379,3504,2.42519,0,15.6155,8.9129,0,1749,46722396040
53.6385,18.6433,77.284,0,100,86,76,1379,3504,2.42519,0,15.6155,8.9129,0,1749,46741039776
51.0676,19.5819,77.284,0,100,86,76,1379,3504,2.42519,0,15.6155,8.9129,0,1749,46760644816
52.649,18.9937,77.284,0,100,86,76,1379,3504,2.42519,0,15.6155,8.9129,0,1749,46779640773
45.3725,22.0398,77.284,0,100,86,76,1379,3504,2.42519,0,15.6155,8.9129,0,1749,46801702737
57.3327,17.4421,77.284,0,100,86,76,1379,3504,2.42519,0,15.6155,8.9129,0,1749,46819125083
51.3037,19.4918,77.284,0,100,86,76,1379,3504,2.42519,0,15.6155,8.9129,0,1749,46838617428
49.6908,20.1245,77.284,0,100,86,76,1379,3504,2.42519,0,15.6155,8.9129,0,1749,46858763359
53.7304,18.6114,77.284,0,100,86,76,1379,3504,2.42519,0,15.6155,8.9129,0,1749,46877354343
52.5619,19.0252,77.284,0,100,86,76,1379,3504,2.42519,0,15.6155,8.9129,0,1749,46896402801
51.3392,19.4783,77.284,0,100,86,76,1379,3504,2.42519,0,15.6155,8.9129,0,1749,46915881640
52.0515,19.2118,77.284,0,100,86,76,1379,3504,2.42519,0,15.6155,8.9129,0,1749,46935093851
50.9313,19.6343,77.284,0,100,86,76,1379,3504,2.42519,0,15.6155,8.9129,0,1749,46954731455
42.8123,23.3578,77.284,0,100,86,76,1379,3504,2.42519,0,15.6155,8.9129,0,1749,46978090259
66.0027,15.1509,77.284,0,100,86,76,1379,3504,2.42519,0,15.6155,8.9129,0,1749,46993242092
52.0849,19.1994,77.284,0,100,86,76,1379,3504,2.42519,0,15.6155,8.9129,0,1749,47012442454
51.0889,19.5737,77.284,0,100,86,76,1379,3504,2.42519,0,15.6155,8.9129,0,1749,47032065881
52.1044,19.1922,77.284,0,100,86,76,1379,3504,2.42519,0,15.6155,8.9129,0,1749,47051211169
50.7807,19.6925,77.284,0,100,86,76,1379,3504,2.42519,0,15.6155,8.9129,0,1749,47070936200
52.902,18.9029,76.6332,0,100,86,76,1380,3504,2.42494,0,15.6305,8.9129,0,1821,47089829570
49.1444,20.3482,76.6332,0,100,86,76,1380,3504,2.42494,0,15.6305,8.9129,0,1821,47110158240
52.6365,18.9982,76.6332,0,100,86,76,1380,3504,2.42494,0,15.6305,8.9129,0,1821,47129156619
49.5952,20.1632,76.6332,0,100,86,76,1380,3504,2.42494,0,15.6305,8.9129,0,1821,47149343350
53.815,18.5822,76.6332,0,100,86,76,1380,3504,2.42494,0,15.6305,8.9129,0,1821,47167903616
43.3457,23.0703,76.6332,0,100,86,76,1380,3504,2.42494,0,15.6305,8.9129,0,1821,47190975948
64.2825,15.5563,76.6332,0,100,86,76,1380,3504,2.42494,0,15.6305,8.9129,0,1821,47206533583
46.4155,21.5445,76.6332,0,100,86,76,1380,3504,2.42494,0,15.6305,8.9129,0,1821,47228078906
56.7005,17.6365,76.6332,0,100,86,76,1380,3504,2.42494,0,15.6305,8.9129,0,1821,47245715509
50.5749,19.7727,76.6332,0,100,86,76,1380,3504,2.42494,0,15.6305,8.9129,0,1821,47265491385
51.4374,19.4411,76.6332,0,100,86,76,1380,3504,2.42494,0,15.6305,8.9129,0,1821,47284932253
48.2079,20.7435,76.6332,0,100,86,76,1380,3504,2.42494,0,15.6305,8.9129,0,1821,47305676498
55.3394,18.0703,76.6332,0,100,86,76,1380,3504,2.42494,0,15.6305,8.9129,0,1821,47323773731
51.5683,19.3918,76.6332,0,100,86,76,1380,3504,2.42494,0,15.6305,8.9129,0,1821,47343166211
49.8421,20.0634,76.6332,0,100,86,76,1380,3504,2.42494,0,15.6305,8.9129,0,1821,47363252147
44.2697,22.5888,76.6332,0,100,86,76,1380,3504,2.42494,0,15.6305,8.9129,0,1821,47385857129
61.3359,16.3037,76.6332,0,100,86,76,1380,3504,2.42494,0,15.6305,8.9129,0,1821,47402125292
47.8384,20.9037,76.6332,0,100,86,76,1380,3504,2.42494,0,15.6305,8.9129,0,1821,47423030591
53.3828,18.7326,76.6332,0,100,86,76,1380,3504,2.42494,0,15.6305,8.9129,0,1821,47441785335
50.921,19.6383,76.6332,0,100,86,76,1380,3504,2.42494,0,15.6305,8.9129,0,1821,47461404118
52.2974,19.1214,76.6332,0,100,86,76,1380,3504,2.42494,0,15.6305,8.9129,0,1821,47480526662
51.0447,19.5907,76.6332,0,100,86,76,1380,3504,2.42494,0,15.6305,8.9129,0,1821,47500140787
48.949,20.4294,76.6332,0,100,86,76,1380,3504,2.42494,0,15.6305,8.9129,0,1821,47520549132
49.9788,20.0085,76.6332,0,100,86,76,1380,3504,2.42494,0,15.6305,8.9129,0,1821,47540558930
53.6095,18.6534,76.6332,0,100,86,76,1380,3504,2.42494,0,15.6305,8.9129,0,1821,47559234766
50.3828,19.848,76.6332,0,100,86,76,1380,3504,2.42494,0,15.6305,8.9129,0,1821,47579109083
43.2229,23.1359,81,0,100,86,76,1388,3504,2.42344,0,15.6306,8.9129,0,1796,47602220867
38.1645,26.2024,81,0,100,86,76,1388,3504,2.42344,0,15.6306,8.9129,0,1796,47628423722
57.6762,17.3382,81,0,100,86,76,1388,3504,2.42344,0,15.6306,8.9129,0,1796,47645762469
48.5044,20.6167,81,0,100,86,76,1388,3504,2.42344,0,15.6306,8.9129,0,1796,47666380555
51.3944,19.4574,81,0,100,86,76,1388,3504,2.42344,0,15.6306,8.9129,0,1796,47685838720
51.9959,19.2323,81,0,100,86,76,1388,3504,2.42344,0,15.6306,8.9129,0,1796,47705071758
50.1561,19.9378,81,0,100,86,76,1388,3504,2.42344,0,15.6306,8.9129,0,1796,47725010748
41.893,23.8703,81,0,100,86,76,1388,3504,2.42344,0,15.6306,8.9129,0,1796,47748882593
65.5614,15.2529,81,0,100,86,76,1388,3504,2.42344,0,15.6306,8.9129,0,1796,47764156891
47.7747,20.9316,81,0,100,86,76,1388,3504,2.42344,0,15.6306,8.9129,0,1796,47785068266
53.4011,18.7262,81,0,100,86,76,1388,3504,2.42344,0,15.6306,8.9129,0,1796,47803816573
50.9787,19.6161,81,0,100,86,76,1388,3504,2.42344,0,15.6306,8.9129,0,1796,47823433937
50.1259,19.9498,81,0,100,86,76,1388,3504,2.42344,0,15.6306,8.9129,0,1796,47843362968
48.8839,20.4566,81,0,100,86,76,1388,3504,2.42344,0,15.6306,8.9129,0,1796,47863841775
53.8516,18.5695,81,0,100,86,76,1388,3504,2.42344,0,15.6306,8.9129,0,1796,47882391270
50.8018,19.6844,81,0,100,86,76,1388,3504,2.42344,0,15.6306,8.9129,0,1796,47902075848
48.0331,20.819,81,0,100,86,76,1388,3504,2.42344,0,15.6306,8.9129,0,1796,47922896624
52.5798,19.0187,81,0,100,86,76,1388,3504,2.42344,0,15.6306,8.9129,0,1796,47941937034
48.3339,20.6894,81,0,100,86,76,1388,3504,2.42344,0,15.6306,8.9129,0,1796,47962607046
54.1828,18.456,81,0,100,86,76,1388,3504,2.42344,0,15.6306,8.9129,0,1796,47981064051
51.2993,19.4934,81,0,100,86,76,1388,3504,2.42344,0,15.6306,8.9129,0,1796,48000558099
50.0578,19.9769,81,0,100,86,76,1388,3504,2.42344,0,15.6306,8.9129,0,1796,48020536388
51.1539,19.5488,81,0,100,86,76,1388,3504,2.42344,0,15.6306,8.9129,0,1796,48040085679
48.3853,20.6674,81,0,100,86,76,1388,3504,2.42344,0,15.6306,8.9129,0,1796,48060754231
52.2438,19.141,81,0,100,86,76,1388,3504,2.42344,0,15.6306,8.9129,0,1796,48079923514
43.5441,22.9652,89.6202,0,100,86,76,1388,3504,2.42344,0,15.639,8.9129,0,1747,48102861814
43.5127,22.9818,89.6202,0,100,86,76,1388,3504,2.42344,0,15.639,8.9129,0,1747,48125866914
50.5571,19.7796,89.6202,0,100,86,76,1388,3504,2.42344,0,15.639,8.9129,0,1747,48145626272
47.9171,20.8694,89.6202,0,100,86,76,1388,3504,2.42344,0,15.639,8.9129,0,1747,48166496367
47.9309,20.8634,89.6202,0,100,86,76,1388,3504,2.42344,0,15.639,8.9129,0,1747,48187361239
49.7344,20.1068,89.6202,0,100,86,76,1388,3504,2.42344,0,15.639,8.9129,0,1747,48207468362
54.7714,18.2577,89.6202,0,100,86,76,1388,3504,2.42344,0,15.639,8.9129,0,1747,48225728482
47.8218,20.911,89.6202,0,100,86,76,1388,3504,2.42344,0,15.639,8.9129,0,1747,48246640660
38.2723,26.1286,89.6202,0,100,86,76,1388,3504,2.42344,0,15.639,8.9129,0,1747,48272790561
52.4885,19.0518,89.6202,0,100,86,76,1388,3504,2.42344,0,15.639,8.9129,0,1747,48291843117
41.3106,24.2069,89.6202,0,100,86,76,1388,3504,2.42344,0,15.639,8.9129,0,1747,48316030576
47.7372,20.948,89.6202,0,100,86,76,1388,3504,2.42344,0,15.639,8.9129,0,1747,48337001306
34.3404,29.1202,89.6202,0,100,86,76,1388,3504,2.42344,0,15.639,8.9129,0,1747,48366101085
46.4799,21.5147,89.6202,0,100,86,76,1388,3504,2.42344,0,15.639,8.9129,0,1747,48387638985
56.967,17.554,89.6202,0,100,86,76,1388,3504,2.42344,0,15.639,8.9129,0,1747,48405171914
44.8119,22.3155,89.6202,0,100,86,76,1388,3504,2.42344,0,15.639,8.9129,0,1747,48428339000
51.2877,19.4979,89.6202,0,100,86,76,1388,3504,2.42344,0,15.639,8.9129,0,1747,48447857896
47.6693,20.9779,89.6202,0,100,86,76,1388,3504,2.42344,0,15.639,8.9129,0,1747,48468838560
51.3072,19.4904,89.6202,0,100,86,76,1388,3504,2.42344,0,15.639,8.9129,0,1747,48488329104
48.3236,20.6938,89.6202,0,100,86,76,1388,3504,2.42344,0,15.639,8.9129,0,1747,48509024060
46.6891,21.4183,89.6202,0,100,86,76,1388,3504,2.42344,0,15.639,8.9129,0,1747,48530464574
57.1969,17.4835,89.6202,0,100,86,76,1388,3504,2.42344,0,15.639,8.9129,0,1747,48547927891
45.5229,21.9669,89.6202,0,100,86,76,1388,3504,2.42344,0,15.639,8.9129,0,1747,48569895984
58.5629,17.0757,89.6202,0,100,86,76,1388,3504,2.42344,0,15.639,8.9129,0,1747,48586980337
50.6795,19.7319,94.2643,0,99,87,76,1382,3504,2.42227,0,15.6352,8.9129,0,1725,48606708118
50.774,19.6951,94.2643,0,99,87,76,1382,3504,2.42227,0,15.6352,8.9129,0,1725,48626403987
50.5827,19.7696,94.2643,0,99,87,76,1382,3504,2.42227,0,15.6352,8.9129,0,1725,48646175134
50.5079,19.7989,94.2643,0,99,87,76,1382,3504,2.42227,0,15.6352,8.9129,0,1725,48665974954
47.0127,21.2708,94.2643,0,99,87,76,1382,3504,2.42227,0,15.6352,8.9129,0,1725,48687246881
53.9685,18.5293,94.2643,0,99,87,76,1382,3504,2.42227,0,15.6352,8.9129,0,1725,48705777399
50.418,19.8342,94.2643,0,99,87,76,1382,3504,2.42227,0,15.6352,8.9129,0,1725,48725612772
50.4786,19.8104,94.2643,0,99,87,76,1382,3504,2.42227,0,15.6352,8.9129,0,1725,48745444852
45.5232,21.9668,94.2643,0,99,87,76,1382,3504,2.42227,0,15.6352,8.9129,0,1725,48767392567
47.9435,20.8579,94.2643,0,99,87,76,1382,3504,2.42227,0,15.6352,8.9129,0,1725,48788273080
46.957,21.2961,94.2643,0,99,87,76,1382,3504,2.42227,0,15.6352,8.9129,0,1725,48809584624
62.3977,16.0262,94.2643,0,99,87,76,1382,3504,2.42227,0,15.6352,8.9129,0,1725,48825597651
46.9029,21.3207,94.2643,0,99,87,76,1382,3504,2.42227,0,15.6352,8.9129,0,1725,48846919249
55.2261,18.1074,94.2643,0,99,87,76,1382,3504,2.42227,0,15.6352,8.9129,0,1725,48865049117
42.0273,23.794,94.2643,0,99,87,76,1382,3504,2.42227,0,15.6352,8.9129,0,1725,48888842313
62.364,16.0349,94.2643,0,99,87,76,1382,3504,2.42227,0,15.6352,8.9129,0,1725,48904899854
48.9225,20.4405,94.2643,0,99,87,76,1382,3504,2.42227,0,15.6352,8.9129,0,1725,48925320512
51.453,19.4352,94.2643,0,99,87,76,1382,3504,2.42227,0,15.6352,8.9129,0,1725,48944757087
45.0446,22.2002,94.2643,0,99,87,76,1382,3504,2.42227,0,15.6352,8.9129,0,1725,48966957811
57.1123,17.5094,94.2643,0,99,87,76,1382,3504,2.42227,0,15.6352,8.9129,0,1725,48984468124
47.7555,20.94,94.2643,0,99,87,76,1382,3504,2.42227,0,15.6352,8.9129,0,1725,49005409986
48.4943,20.621,94.2643,0,99,87,76,1382,3504,2.42227,0,15.6352,8.9129,0,1725,49026031888
48.9843,20.4147,94.2643,0,99,87,76,1382,3504,2.42227,0,15.6352,8.9129,0,1725,49046447901
50.3696,19.8533,94.2643,0,99,87,76,1382,3504,2.42227,0,15.6352,8.9129,0,1725,49066323527
49.901,20.0397,94.2643,0,99,87,76,1382,3504,2.42227,0,15.6352,8.9129,0,1725,49086385415
47.8137,20.9145,94.2643,0,99,87,76,1382,3504,2.42227,0,15.6352,8.9129,0,1725,49107325329
47.7911,20.9244,85.8537,0,97,87,76,1377,3504,2.42209,0,15.6352,8.9129,0,1776,49128227108
52.6709,18.9858,85.8537,0,97,87,76,1377,3504,2.42209,0,15.6352,8.9129,0,1776,49147212578
44.56,22.4416,85.8537,0,97,87,76,1377,3504,2.42209,0,15.6352,8.9129,0,1776,49169676173
55.3013,18.0827,85.8537,0,97,87,76,1377,3504,2.42209,0,15.6352,8.9129,0,1776,49187760167
49.6407,20.1448,85.8537,0,97,87,76,1377,3504,2.42209,0,15.6352,8.9129,0,1776,49207906724
49.231,20.3124,85.8537,0,97,87,76,1377,3504,2.42209,0,15.6352,8.9129,0,1776,49228219578
48.4828,20.6259,85.8537,0,97,87,76,1377,3504,2.42209,0,15.6352,8.9129,0,1776,49248867656
47.8184,20.9125,85.8537,0,97,87,76,1377,3504,2.42209,0,15.6352,8.9129,0,1776,49269761116
44.1836,22.6328,85.8537,0,97,87,76,1377,3504,2.42209,0,15.6352,8.9129,0,1776,49292394850
49.0018,20.4074,85.8537,0,97,87,76,1377,3504,2.42209,0,15.6352,8.9129,0,1776,49312825749
47.7847,20.9272,85.8537,0,97,87,76,1377,3504,2.42209,0,15.6352,8.9129,0,1776,49333751931
49.313,20.2786,85.8537,0,97,87,76,1377,3504,2.42209,0,15.6352,8.9129,0,1776,49354031405
43.241,23.1262,85.8537,0,97,87,76,1377,3504,2.42209,0,15.6352,8.9129,0,1776,49377159127
52.7644,18.9522,85.8537,0,97,87,76,1377,3504,2.42209,0,15.6352,8.9129,0,1776,49396111697
44.9235,22.2601,85.8537,0,97,87,76,1377,3504,2.42209,0,15.6352,8.9129,0,1776,49418373465
48.808,20.4885,85.8537,0,97,87,76,1377,3504,2.42209,0,15.6352,8.9129,0,1776,49438896201
48.5658,20.5906,85.8537,0,97,87,76,1377,3504,2.42209,0,15.6352,8.9129,0,1776,49459454282
47.9503,20.8549,85.8537,0,97,87,76,1377,3504,2.42209,0,15.6352,8.9129,0,1776,49480331976
49.46,20.2183,85.8537,0,97,87,76,1377,3504,2.42209,0,15.6352,8.9129,0,1776,49500530237
48.117,20.7827,85.8537,0,97,87,76,1377,3504,2.42209,0,15.6352,8.9129,0,1776,49521313123
48.0721,20.8021,85.8537,0,97,87,76,1377,3504,2.42209,0,15.6352,8.9129,0,1776,49542116641
47.3635,21.1133,85.8537,0,97,87,76,1377,3504,2.42209,0,15.6352,8.9129,0,1776,49563232218
48.6904,20.5379,85.8537,0,97,87,76,1377,3504,2.42209,0,15.6352,8.9129,0,1776,49583771777
47.6613,20.9814,85.8537,0,97,87,76,1377,3504,2.42209,0,15.6352,8.9129,0,1776,49604773134
44.8024,22.3202,85.8537,0,97,87,76,1377,3504,2.42209,0,15.6352,8.9129,0,1776,49627121357
53.483,18.6975,80.8252,0,97,85,76,1377,3504,2.42209,0,15.6357,8.9129,0,1798,49645811448
41.1424,24.3058,80.8252,0,97,85,76,1377,3504,2.42209,0,15.6357,8.9129,0,1798,49670100066
58.2737,17.1604,80.8252,0,97,85,76,1377,3504,2.42209,0,15.6357,8.9129,0,1798,49687261240
44.0398,22.7067,80.8252,0,97,85,76,1377,3504,2.42209,0,15.6357,8.9129,0,1798,49709969473
50.2155,19.9142,80.8252,0,97,85,76,1377,3504,2.42209,0,15.6357,8.9129,0,1798,49729885687
44.7212,22.3607,80.8252,0,97,85,76,1377,3504,2.42209,0,15.6357,8.9129,0,1798,49752246861
52.5725,19.0213,80.8252,0,97,85,76,1377,3504,2.42209,0,15.6357,8.9129,0,1798,49771269132
47.3016,21.1409,80.8252,0,97,85,76,1377,3504,2.42209,0,15.6357,8.9129,0,1798,49792442528
49.1724,20.3366,80.8252,0,97,85,76,1377,3504,2.42209,0,15.6357,8.9129,0,1798,49812800754
40.9333,24.43,80.8252,0,97,85,76,1377,3504,2.42209,0,15.6357,8.9129,0,1798,49837211546
56.8201,17.5994,80.8252,0,97,85,76,1377,3504,2.42209,0,15.6357,8.9129,0,1798,49854811737
48.3697,20.6741,80.8252,0,97,85,76,1377,3504,2.42209,0,15.6357,8.9129,0,1798,49875487489
50.6968,19.7251,80.8252,0,97,85,76,1377,3504,2.42209,0,15.6357,8.9129,0,1798,49895213445
47.4311,21.0832,80.8252,0,97,85,76,1377,3504,2.42209,0,15.6357,8.9129,0,1798,49916297567
50.4673,19.8148,80.8252,0,97,85,76,1377,3504,2.42209,0,15.6357,8.9129,0,1798,49936113473
43.3924,23.0455,80.8252,0,97,85,76,1377,3504,2.42209,0,15.6357,8.9129,0,1798,49959159864
50.8775,19.6551,80.8252,0,97,85,76,1377,3504,2.42209,0,15.6357,8.9129,0,1798,49978837780
42.2895,23.6465,80.8252,0,97,85,76,1377,3504,2.42209,0,15.6357,8.9129,0,1798,50002485554
57.838,17.2897,80.8252,0,97,85,76,1377,3504,2.42209,0,15.6357,8.9129,0,1798,50019756157
44.6653,22.3887,80.8252,0,97,85,76,1377,3504,2.42209,0,15.6357,8.9129,0,1798,50042145999
55.1093,18.1458,80.8252,0,97,85,76,1377,3504,2.42209,0,15.6357,8.9129,0,1798,50060293088
48.2248,20.7362,80.8252,0,97,85,76,1377,3504,2.42209,0,15.6357,8.9129,0,1798,50081030753
47.6887,20.9693,80.8252,0,97,85,76,1377,3504,2.42209,0,15.6357,8.9129,0,1798,50102001455
49.3655,20.257,80.8252,0,97,85,76,1377,3504,2.42209,0,15.6357,8.9129,0,1798,50122260029
48.5144,20.6124,80.8252,0,97,85,76,1377,3504,2.42209,0,15.6357,8.9129,0,1798,50142879359
44.186,22.6316,78.3251,0,100,85,76,1369,3504,2.42173,0,15.6507,8.9129,0,1767,50165505454
50.7276,19.7131,78.3251,0,100,85,76,1369,3504,2.42173,0,15.6507,8.9129,0,1767,50185220239
45.2008,22.1235,78.3251,0,100,85,76,1369,3504,2.42173,0,15.6507,8.9129,0,1767,50207345373
47.3518,21.1185,78.3251,0,100,85,76,1369,3504,2.42173,0,15.6507,8.9129,0,1767,50228464980
48.5672,20.59,78.3251,0,100,85,76,1369,3504,2.42173,0,15.6507,8.9129,0,1767,50249056111
48.577,20.5859,78.3251,0,100,85,76,1369,3504,2.42173,0,15.6507,8.9129,0,1767,50269642870
48.4528,20.6386,78.3251,0,100,85,76,1369,3504,2.42173,0,15.6507,8.9129,0,1767,50290282963
44.6968,22.373,78.3251,0,100,85,76,1369,3504,2.42173,0,15.6507,8.9129,0,1767,50312657146
41.0632,24.3527,78.3251,0,100,85,76,1369,3504,2.42173,0,15.6507,8.9129,0,1767,50337010480
47.956,20.8525,78.3251,0,100,85,76,1369,3504,2.42173,0,15.6507,8.9129,0,1767,50357864111
44.1633,22.6432,78.3251,0,100,85,76,1369,3504,2.42173,0,15.6507,8.9129,0,1767,50380530206
52.4544,19.0642,78.3251,0,100,85,76,1369,3504,2.42173,0,15.6507,8.9129,0,1767,50399573790
47.4346,21.0817,78.3251,0,100,85,76,1369,3504,2.42173,0,15.6507,8.9129,0,1767,50420657663
45.7147,21.8748,78.3251,0,100,85,76,1369,3504,2.42173,0,15.6507,8.9129,0,1767,50442532977
49.1243,20.3565,78.3251,0,100,85,76,1369,3504,2.42173,0,15.6507,8.9129,0,1767,50462891103
48.722,20.5246,78.3251,0,100,85,76,1369,3504,2.42173,0,15.6507,8.9129,0,1767,50483415830
46.7791,21.3771,78.3251,0,100,85,76,1369,3504,2.42173,0,15.6507,8.9129,0,1767,50504816059
49.0444,20.3897,78.3251,0,100,85,76,1369,3504,2.42173,0,15.6507,8.9129,0,1767,50525185191
47.5554,21.0281,78.3251,0,100,85,76,1369,3504,2.42173,0,15.6507,8.9129,0,1767,50546236284
48.0644,20.8054,78.3251,0,100,85,76,1369,3504,2.42173,0,15.6507,8.9129,0,1767,50567064519
48.0735,20.8015,78.3251,0,100,85,76,1369,3504,2.42173,0,15.6507,8.9129,0,1767,50587845269
47.5684,21.0223,78.3251,0,100,85,76,1369,3504,2.42173,0,15.6507,8.9129,0,1767,50608868718
45.4635,21.9957,78.3251,0,100,85,76,1369,3504,2.42173,0,15.6507,8.9129,0,1767,50630886492
51.3765,19.4642,78.3251,0,100,85,76,1369,3504,2.42173,0,15.6507,8.9129,0,1767,50650335684
47.9901,20.8376,81.6583,0,100,87,76,1371,3504,2.42124,0,15.651,8.9129,0,1738,50671169223
47.6784,20.9739,81.6583,0,100,87,76,1371,3504,2.42124,0,15.651,8.9129,0,1738,50692166767
47.5196,21.044,81.6583,0,100,87,76,1371,3504,2.42124,0,15.651,8.9129,0,1738,50713212333
48.8159,20.4851,81.6583,0,100,87,76,1371,3504,2.42124,0,15.651,8.9129,0,1738,50733697683
42.092,23.7575,81.6583,0,100,87,76,1371,3504,2.42124,0,15.651,8.9129,0,1738,50757435875
53.9066,18.5506,81.6583,0,100,87,76,1371,3504,2.42124,0,15.651,8.9129,0,1738,50775987352
43.6116,22.9297,81.6583,0,100,87,76,1371,3504,2.42124,0,15.651,8.9129,0,1738,50798918080
47.162,21.2035,81.6583,0,100,87,76,1371,3504,2.42124,0,15.651,8.9129,0,1738,50820123356
48.789,20.4964,81.6583,0,100,87,76,1371,3504,2.42124,0,15.651,8.9129,0,1738,50840620378
51.1827,19.5379,81.6583,0,100,87,76,1371,3504,2.42124,0,15.651,8.9129,0,1738,50860160601
48.5004,20.6184,81.6583,0,100,87,76,1371,3504,2.42124,0,15.651,8.9129,0,1738,50880780362
45.7597,21.8533,81.6583,0,100,87,76,1371,3504,2.42124,0,15.651,8.9129,0,1738,50902634703
48.1923,20.7502,81.6583,0,100,87,76,1371,3504,2.42124,0,15.651,8.9129,0,1738,50923386084
48.5263,20.6074,81.6583,0,100,87,76,1371,3504,2.42124,0,15.651,8.9129,0,1738,50944026110
45.8045,21.8319,81.6583,0,100,87,76,1371,3504,2.42124,0,15.651,8.9129,0,1738,50965827391
49.8669,20.0534,81.6583,0,100,87,76,1371,3504,2.42124,0,15.651,8.9129,0,1738,50985881880
47.6335,20.9936,81.6583,0,100,87,76,1371,3504,2.42124,0,15.651,8.9129,0,1738,51006876382
47.869,20.8904,81.6583,0,100,87,76,1371,3504,2.42124,0,15.651,8.9129,0,1738,51027767125
34.8894,28.662,81.6583,0,100,87,76,1371,3504,2.42124,0,15.651,8.9129,0,1738,51056430582
61.4414,16.2757,81.6583,0,100,87,76,1371,3504,2.42124,0,15.651,8.9129,0,1738,51072706850
43.1132,23.1947,81.6583,0,100,87,76,1371,3504,2.42124,0,15.651,8.9129,0,1738,51095903490
54.4352,18.3705,81.6583,0,100,87,76,1371,3504,2.42124,0,15.651,8.9129,0,1738,51114274189
43.8653,22.797,81.6583,0,100,87,76,1371,3504,2.42124,0,15.651,8.9129,0,1738,51137072383
52.062,19.2079,81.6583,0,100,87,76,1371,3504,2.42124,0,15.651,8.9129,0,1738,51156287948
46.9514,21.2986,86.6834,0,100,87,76,1371,3504,2.42124,0,15.6663,8.9129,0,1725,51177581602
44.73,22.3564,86.6834,0,100,87,76,1371,3504,2.42124,0,15.6663,8.9129,0,1725,51199938266
44.4929,22.4755,86.6834,0,100,87,76,1371,3504,2.42124,0,15.6663,8.9129,0,1725,51222415589
55.4438,18.0363,86.6834,0,100,87,76,1371,3504,2.42124,0,15.6663,8.9129,0,1725,51240473805
41.8716,23.8826,86.6834,0,100,87,76,1371,3504,2.42124,0,15.6663,8.9129,0,1725,51264357570
51.5195,19.4101,86.6834,0,100,87,76,1371,3504,2.42124,0,15.6663,8.9129,0,1725,51283769313
47.0604,21.2493,86.6834,0,100,87,76,1371,3504,2.42124,0,15.6663,8.9129,0,1725,51305020314
48.3664,20.6755,86.6834,0,100,87,76,1371,3504,2.42124,0,15.6663,8.9129,0,1725,51325696279
42.6451,23.4494,86.6834,0,100,87,76,1371,3504,2.42124,0,15.6663,8.9129,0,1725,51349148785
54.4376,18.3697,86.6834,0,100,87,76,1371,3504,2.42124,0,15.6663,8.9129,0,1725,51367517161
42.9075,23.3059,86.6834,0,100,87,76,1371,3504,2.42124,0,15.6663,8.9129,0,1725,51390824611
40.5806,24.6423,86.6834,0,100,87,76,1371,3504,2.42124,0,15.6663,8.9129,0,1725,51415489170
52.4986,19.0481,86.6834,0,100,87,76,1371,3504,2.42124,0,15.6663,8.9129,0,1725,51434517240
48.8128,20.4864,86.6834,0,100,87,76,1371,3504,2.42124,0,15.6663,8.9129,0,1725,51455030323
45.8495,21.8105,86.6834,0,100,87,76,1371,3504,2.42124,0,15.6663,8.9129,0,1725,51476816266
47.2214,21.1768,86.6834,0,100,87,76,1371,3504,2.42124,0,15.6663,8.9129,0,1725,51497993628
49.1069,20.3637,86.6834,0,100,87,76,1371,3504,2.42124,0,15.6663,8.9129,0,1725,51518358784
48.0439,20.8143,86.6834,0,100,87,76,1371,3504,2.42124,0,15.6663,8.9129,0,1725,51539175553
32.2791,30.9798,86.6834,0,100,87,76,1371,3504,2.42124,0,15.6663,8.9129,0,1725,51570177976
48.2399,20.7297,86.6834,0,100,87,76,1371,3504,2.42124,0,15.6663,8.9129,0,1725,51590908088
40.2018,24.8745,86.6834,0,100,87,76,1371,3504,2.42124,0,15.6663,8.9129,0,1725,51615783543
53.2453,18.781,86.6834,0,100,87,76,1371,3504,2.42124,0,15.6663,8.9129,0,1725,51634587029
49.8316,20.0676,86.6834,0,100,87,76,1371,3504,2.42124,0,15.6663,8.9129,0,1725,51654634737
49.2419,20.3079,86.6834,0,100,87,76,1371,3504,2.42124,0,15.6663,8.9129,0,1725,51674948643
51.1954,19.533,93.8726,0,100,88,75,1363,3504,2.42116,0,15.6885,8.9129,0,1727,51694479229
47.4841,21.0597,93.8726,0,100,88,75,1363,3504,2.42116,0,15.6885,8.9129,0,1727,51715539806
43.8552,22.8023,93.8726,0,100,88,75,1363,3504,2.42116,0,15.6885,8.9129,0,1727,51738342907
51.4917,19.4206,93.8726,0,100,88,75,1363,3504,2.42116,0,15.6885,8.9129,0,1727,51757809433
46.5376,21.488,93.8726,0,100,88,75,1363,3504,2.42116,0,15.6885,8.9129,0,1727,51779254674
48.1599,20.7642,93.8726,0,100,88,75,1363,3504,2.42116,0,15.6885,8.9129,0,1727,51800039999
46.4039,21.5499,93.8726,0,100,88,75,1363,3504,2.42116,0,15.6885,8.9129,0,1727,51821612791
36.624,27.3045,93.8726,0,100,88,75,1363,3504,2.42116,0,15.6885,8.9129,0,1727,51848896802
64.7944,15.4334,93.8726,0,100,88,75,1363,3504,2.42116,0,15.6885,8.9129,0,1727,51864332813
37.0216,27.0112,93.8726,0,100,88,75,1363,3504,2.42116,0,15.6885,8.9129,0,1727,51891345082
49.1155,20.3602,93.8726,0,100,88,75,1363,3504,2.42116,0,15.6885,8.9129,0,1727,51911706574
52.8415,18.9245,93.8726,0,100,88,75,1363,3504,2.42116,0,15.6885,8.9129,0,1727,51930633046
40.1988,24.8763,93.8726,0,100,88,75,1363,3504,2.42116,0,15.6885,8.9129,0,1727,51955509950
58.9509,16.9633,93.8726,0,100,88,75,1363,3504,2.42116,0,15.6885,8.9129,0,1727,51972473351
51.8192,19.2979,93.8726,0,100,88,75,1363,3504,2.42116,0,15.6885,8.9129,0,1727,51991793504
41.6294,24.0215,93.8726,0,100,88,75,1363,3504,2.42116,0,15.6885,8.9129,0,1727,52015796275
54.9516,18.1978,93.8726,0,100,88,75,1363,3504,2.42116,0,15.6885,8.9129,0,1727,52033994800
46.8779,21.332,93.8726,0,100,88,75,1363,3504,2.42116,0,15.6885,8.9129,0,1727,52055338913
47.3554,21.1169,93.8726,0,100,88,75,1363,3504,2.42116,0,15.6885,8.9129,0,1727,52076446079
47.6573,20.9831,93.8726,0,100,88,75,1363,3504,2.42116,0,15.6885,8.9129,0,1727,52097430006
39.3982,25.3818,93.8726,0,100,88,75,1363,3504,2.42116,0,15.6885,8.9129,0,1727,52122814109
56.4954,17.7006,93.8726,0,100,88,75,1363,3504,2.42116,0,15.6885,8.9129,0,1727,52140515710
48.3847,20.6677,93.8726,0,100,88,75,1363,3504,2.42116,0,15.6885,8.9129,0,1727,52161184693
46.8367,21.3508,93.8726,0,100,88,75,1363,3504,2.42116,0,15.6885,8.9129,0,1727,52182561249
47.5304,21.0391,82.4691,0,100,88,75,1363,3504,2.42116,0,15.689,8.9129,0,1743,52203576276
46.9824,21.2846,82.4691,0,100,88,75,1363,3504,2.42116,0,15.689,8.9129,0,1743,52224883303
47.601,21.008,82.4691,0,100,88,75,1363,3504,2.42116,0,15.689,8.9129,0,1743,52245871019
47.3097,21.1373,82.4691,0,100,88,75,1363,3504,2.42116,0,15.689,8.9129,0,1743,52267031432
47.4237,21.0865,82.4691,0,100,88,75,1363,3504,2.42116,0,15.689,8.9129,0,1743,52288097900
47.199,21.1869,82.4691,0,100,88,75,1363,3504,2.42116,0,15.689,8.9129,0,1743,52309285220
39.0015,25.64,82.4691,0,100,88,75,1363,3504,2.42116,0,15.689,8.9129,0,1743,52334947667
57.5494,17.3764,82.4691,0,100,88,75,1363,3504,2.42116,0,15.689,8.9129,0,1743,52352303540
43.4037,23.0395,82.4691,0,100,88,75,1363,3504,2.42116,0,15.689,8.9129,0,1743,52375345204
47.3605,21.1146,82.4691,0,100,88,75,1363,3504,2.42116,0,15.689,8.9129,0,1743,52396460345
43.8652,22.7971,82.4691,0,100,88,75,1363,3504,2.42116,0,15.689,8.9129,0,1743,52419258149
42.4644,23.5492,82.4691,0,100,88,75,1363,3504,2.42116,0,15.689,8.9129,0,1743,52442808933
55.169,18.1261,82.4691,0,100,88,75,1363,3504,2.42116,0,15.689,8.9129,0,1743,52460936396
41.0012,24.3895,82.4691,0,100,88,75,1363,3504,2.42116,0,15.689,8.9129,0,1743,52485337344
48.3687,20.6745,82.4691,0,100,88,75,1363,3504,2.42116,0,15.689,8.9129,0,1743,52506033892
48.6921,20.5372,82.4691,0,100,88,75,1363,3504,2.42116,0,15.689,8.9129,0,1743,52526550478
47.0127,21.2709,82.4691,0,100,88,75,1363,3504,2.42116,0,15.689,8.9129,0,1743,52547824044
45.9268,21.7738,82.4691,0,100,88,75,1363,3504,2.42116,0,15.689,8.9129,0,1743,52569597419
43.9669,22.7444,82.4691,0,100,88,75,1363,3504,2.42116,0,15.689,8.9129,0,1743,52592343950
48.1107,20.7854,82.4691,0,100,88,75,1363,3504,2.42116,0,15.689,8.9129,0,1743,52613130108
50.5818,19.77,82.4691,0,100,88,75,1363,3504,2.42116,0,15.689,8.9129,0,1743,52632922560
45.1701,22.1385,82.4691,0,100,88,75,1363,3504,2.42116,0,15.689,8.9129,0,1743,52655041067
48.3232,20.694,82.4691,0,100,88,75,1363,3504,2.42116,0,15.689,8.9129,0,1743,52675756162
46.0275,21.7261,82.4691,0,100,88,75,1363,3504,2.42116,0,15.689,8.9129,0,1743,52697491012
47.392,21.1006,82.963,0,98,88,75,1374,3504,2.42114,0,15.7035,8.9129,0,1729,52718585773
44.9601,22.2419,82.963,0,98,88,75,1374,3504,2.42114,0,15.7035,8.9129,0,1729,52740828748
46.1288,21.6784,82.963,0,98,88,75,1374,3504,2.42114,0,15.7035,8.9129,0,1729,52762508835
47.4156,21.0901,82.963,0,98,88,75,1374,3504,2.42114,0,15.7035,8.9129,0,1729,52783599306
43.4454,23.0174,82.963,0,98,88,75,1374,3504,2.42114,0,15.7035,8.9129,0,1729,52806638538
50.7111,19.7195,82.963,0,98,88,75,1374,3504,2.42114,0,15.7035,8.9129,0,1729,52826338844
46.8009,21.3671,82.963,0,98,88,75,1374,3504,2.42114,0,15.7035,8.9129,0,1729,52847708332
45.7255,21.8696,82.963,0,98,88,75,1374,3504,2.42114,0,15.7035,8.9129,0,1729,52869578666
46.7375,21.3961,82.963,0,98,88,75,1374,3504,2.42114,0,15.7035,8.9129,0,1729,52890976764
48.3363,20.6884,82.963,0,98,88,75,1374,3504,2.42114,0,15.7035,8.9129,0,1729,52911679010
46.9144,21.3154,82.963,0,98,88,75,1374,3504,2.42114,0,15.7035,8.9129,0,1729,52932982892
46.7885,21.3728,82.963,0,98,88,75,1374,3504,2.42114,0,15.7035,8.9129,0,1729,52954357071
39.3314,25.425,82.963,0,98,88,75,1374,3504,2.42114,0,15.7035,8.9129,0,1729,52979783249
60.52,16.5235,82.963,0,98,88,75,1374,3504,2.42114,0,15.7035,8.9129,0,1729,52996307655
47.3127,21.136,82.963,0,98,88,75,1374,3504,2.42114,0,15.7035,8.9129,0,1729,53017465164
42.5763,23.4872,82.963,0,98,88,75,1374,3504,2.42114,0,15.7035,8.9129,0,1729,53040932157
53.3055,18.7598,82.963,0,98,88,75,1374,3504,2.42114,0,15.7035,8.9129,0,1729,53059693185
44.0596,22.6965,82.963,0,98,88,75,1374,3504,2.42114,0,15.7035,8.9129,0,1729,53082390752
38.886,25.7162,82.963,0,98,88,75,1374,3504,2.42114,0,15.7035,8.9129,0,1729,53108128874
56.1333,17.8147,82.963,0,98,88,75,1374,3504,2.42114,0,15.7035,8.9129,0,1729,53125944312
49.6052,20.1592,82.963,0,98,88,75,1374,3504,2.42114,0,15.7035,8.9129,0,1729,53146104999
46.7208,21.4037,82.963,0,98,88,75,1374,3504,2.42114,0,15.7035,8.9129,0,1729,53167530971
46.885,21.3288,82.963,0,98,88,75,1374,3504,2.42114,0,15.7035,8.9129,0,1729,53188840069
48.7421,20.5161,82.963,0,98,88,75,1374,3504,2.42114,0,15.7035,8.9129,0,1729,53209361282
45.7102,21.877,78.1863,0,100,88,75,1366,3504,2.42114,0,15.7037,8.9129,0,1751,53231235980
47.8148,20.914,78.1863,0,100,88,75,1366,3504,2.42114,0,15.7037,8.9129,0,1751,53252150179
48.3587,20.6788,78.1863,0,100,88,75,1366,3504,2.42114,0,15.7037,8.9129,0,1751,53272851276
46.6263,21.4471,78.1863,0,100,88,75,1366,3504,2.42114,0,15.7037,8.9129,0,1751,53294277634
47.0595,21.2497,78.1863,0,100,88,75,1366,3504,2.42114,0,15.7037,8.9129,0,1751,53315529202
43.194,23.1514,78.1863,0,100,88,75,1366,3504,2.42114,0,15.7037,8.9129,0,1751,53338681507
51.1211,19.5614,78.1863,0,100,88,75,1366,3504,2.42114,0,15.7037,8.9129,0,1751,53358244989
46.6025,21.4581,78.1863,0,100,88,75,1366,3504,2.42114,0,15.7037,8.9129,0,1751,53379725458
46.6676,21.4281,78.1863,0,100,88,75,1366,3504,2.42114,0,15.7037,8.9129,0,1751,53401154040
44.1072,22.672,78.1863,0,100,88,75,1366,3504,2.42114,0,15.7037,8.9129,0,1751,53423805565
48.6157,20.5695,78.1863,0,100,88,75,1366,3504,2.42114,0,15.7037,8.9129,0,1751,53444376391
45.1751,22.1361,78.1863,0,100,88,75,1366,3504,2.42114,0,15.7037,8.9129,0,1751,53466513569
50.7365,19.7097,78.1863,0,100,88,75,1366,3504,2.42114,0,15.7037,8.9129,0,1751,53486225484
43.2504,23.1212,78.1863,0,100,88,75,1366,3504,2.42114,0,15.7037,8.9129,0,1751,53509346309
46.6863,21.4196,78.1863,0,100,88,75,1366,3504,2.42114,0,15.7037,8.9129,0,1751,53530766467
47.773,20.9323,78.1863,0,100,88,75,1366,3504,2.42114,0,15.7037,8.9129,0,1751,53551699846
47.1507,21.2086,78.1863,0,100,88,75,1366,3504,2.42114,0,15.7037,8.9129,0,1751,53572910136
43.6794,22.8941,78.1863,0,100,88,75,1366,3504,2.42114,0,15.7037,8.9129,0,1751,53595825324
46.7738,21.3795,78.1863,0,100,88,75,1366,3504,2.42114,0,15.7037,8.9129,0,1751,53617184749
52.3515,19.1017,78.1863,0,100,88,75,1366,3504,2.42114,0,15.7037,8.9129,0,1751,53636287355
46.3292,21.5846,78.1863,0,100,88,75,1366,3504,2.42114,0,15.7037,8.9129,0,1751,53657874129
44.9586,22.2427,78.1863,0,100,88,75,1366,3504,2.42114,0,15.7037,8.9129,0,1751,53680130853
47.3261,21.13,78.1863,0,100,88,75,1366,3504,2.42114,0,15.7037,8.9129,0,1751,53701249323
50.3335,19.8675,78.1863,0,100,88,75,1366,3504,2.42114,0,15.7037,8.9129,0,1751,53721143584
45.7431,21.8612,85.8942,0,100,86,75,1366,3504,2.42114,0,15.6978,8.9129,0,1734,53743001535
46.3814,21.5603,85.8942,0,100,86,75,1366,3504,2.42114,0,15.6978,8.9129,0,1734,53764541764
42.3088,23.6358,85.8942,0,100,86,75,1366,3504,2.42114,0,15.6978,8.9129,0,1734,53788179134
55.2284,18.1066,85.8942,0,100,86,75,1366,3504,2.42114,0,15.6978,8.9129,0,1734,53806286918
43.893,22.7827,85.8942,0,100,86,75,1366,3504,2.42114,0,15.6978,8.9129,0,1734,53829091817
50.4174,19.8344,85.8942,0,100,86,75,1366,3504,2.42114,0,15.6978,8.9129,0,1734,53848928892
46.933,21.307,85.8942,0,100,86,75,1366,3504,2.42114,0,15.6978,8.9129,0,1734,53870236130
42.8671,23.3279,85.8942,0,100,86,75,1366,3504,2.42114,0,15.6978,8.9129,0,1734,53893564437
48.3601,20.6782,85.8942,0,100,86,75,1366,3504,2.42114,0,15.6978,8.9129,0,1734,53914244812
49.9771,20.0091,85.8942,0,100,86,75,1366,3504,2.42114,0,15.6978,8.9129,0,1734,53934253962
41.4701,24.1138,85.8942,0,100,86,75,1366,3504,2.42114,0,15.6978,8.9129,0,1734,53958370263
48.0467,20.8131,85.8942,0,100,86,75,1366,3504,2.42114,0,15.6978,8.9129,0,1734,53979183801
54.4983,18.3492,85.8942,0,100,86,75,1366,3504,2.42114,0,15.6978,8.9129,0,1734,53997554898
46.9588,21.2953,85.8942,0,100,86,75,1366,3504,2.42114,0,15.6978,8.9129,0,1734,54018852444
45.65,21.9058,85.8942,0,100,86,75,1366,3504,2.42114,0,15.6978,8.9129,0,1734,54040758815
46.8627,21.3389,85.8942,0,100,86,75,1366,3504,2.42114,0,15.6978,8.9129,0,1734,54062098294
43.3045,23.0923,85.8942,0,100,86,75,1366,3504,2.42114,0,15.6978,8.9129,0,1734,54085202864
51.5985,19.3804,85.8942,0,100,86,75,1366,3504,2.42114,0,15.6978,8.9129,0,1734,54104573447
44.1437,22.6533,85.8942,0,100,86,75,1366,3504,2.42114,0,15.6978,8.9129,0,1734,54127227763
47.8699,20.89,85.8942,0,100,86,75,1366,3504,2.42114,0,15.6978,8.9129,0,1734,54148119266
48.6782,20.5431,85.8942,0,100,86,75,1366,3504,2.42114,0,15.6978,8.9129,0,1734,54168664021
47.6324,20.9941,85.8942,0,100,86,75,1366,3504,2.42114,0,15.6978,8.9129,0,1734,54189658464
47.4781,21.0624,85.8942,0,100,86,75,1366,3504,2.42114,0,15.6978,8.9129,0,1734,54210722045
44.8298,22.3066,85.8942,0,100,86,75,1366,3504,2.42114,0,15.6978,8.9129,0,1734,54233054255
45.4531,22.0007,83.4975,0,100,86,75,1370,3504,2.42114,0,15.6984,8.9129,0,1745,54255031242
52.6721,18.9854,83.4975,0,100,86,75,1370,3504,2.42114,0,15.6984,8.9129,0,1745,54274018487
40.2539,24.8423,83.4975,0,100,86,75,1370,3504,2.42114,0,15.6984,8.9129,0,1745,54298861469
57.2098,17.4795,83.4975,0,100,86,75,1370,3504,2.42114,0,15.6984,8.9129,0,1745,54316342257
46.9099,21.3175,83.4975,0,100,86,75,1370,3504,2.42114,0,15.6984,8.9129,0,1745,54337661511
47.7903,20.9248,83.4975,0,100,86,75,1370,3504,2.42114,0,15.6984,8.9129,0,1745,54358586176
41.8461,23.8971,83.4975,0,100,86,75,1370,3504,2.42114,0,15.6984,8.9129,0,1745,54382484438
47.0049,21.2744,83.4975,0,100,86,75,1370,3504,2.42114,0,15.6984,8.9129,0,1745,54403760394
54.4043,18.3809,83.4975,0,100,86,75,1370,3504,2.42114,0,15.6984,8.9129,0,1745,54422141975
47.312,21.1363,83.4975,0,100,86,75,1370,3504,2.42114,0,15.6984,8.9129,0,1745,54443279092
45.6586,21.9017,83.4975,0,100,86,75,1370,3504,2.42114,0,15.6984,8.9129,0,1745,54465203965
47.952,20.8542,83.4975,0,100,86,75,1370,3504,2.42114,0,15.6984,8.9129,0,1745,54486080011
45.0893,22.1782,83.4975,0,100,86,75,1370,3504,2.42114,0,15.6984,8.9129,0,1745,54508238663
48.7219,20.5247,83.4975,0,100,86,75,1370,3504,2.42114,0,15.6984,8.9129,0,1745,54528764191
40.8911,24.4552,83.4975,0,100,86,75,1370,3504,2.42114,0,15.6984,8.9129,0,1745,54553220936
40.108,24.9327,83.4975,0,100,86,75,1370,3504,2.42114,0,15.6984,8.9129,0,1745,54578153293
50.3712,19.8526,83.4975,0,100,86,75,1370,3504,2.42114,0,15.6984,8.9129,0,1745,54598007254
49.4225,20.2337,83.4975,0,100,86,75,1370,3504,2.42114,0,15.6984,8.9129,0,1745,54618263179
49.1645,20.3399,83.4975,0,100,86,75,1370,3504,2.42114,0,15.6984,8.9129,0,1745,54638604980
45.4172,22.0181,83.4975,0,100,86,75,1370,3504,2.42114,0,15.6984,8.9129,0,1745,54660623900
49.8509,20.0598,83.4975,0,100,86,75,1370,3504,2.42114,0,15.6984,8.9129,0,1745,54680662995
47.2755,21.1526,83.4975,0,100,86,75,1370,3504,2.42114,0,15.6984,8.9129,0,1745,54701817278
47.0976,21.2325,83.4975,0,100,86,75,1370,3504,2.42114,0,15.6984,8.9129,0,1745,54723051215
47.2403,21.1684,83.4975,0,100,86,75,1370,3504,2.42114,0,15.6984,8.9129,0,1745,54744223559
47.0508,21.2536,82.25,0,100,86,75,1375,3504,2.42114,0,15.6988,8.9129,0,1805,54765495678
43.99,22.7324,82.25,0,100,86,75,1375,3504,2.42114,0,15.6988,8.9129,0,1805,54788207736
45.8785,21.7967,82.25,0,100,86,75,1375,3504,2.42114,0,15.6988,8.9129,0,1805,54810005305
48.931,20.4369,82.25,0,100,86,75,1375,3504,2.42114,0,15.6988,8.9129,0,1805,54830464452
42.8363,23.3447,82.25,0,100,86,75,1375,3504,2.42114,0,15.6988,8.9129,0,1805,54853789114
52.4371,19.0705,82.25,0,100,86,75,1375,3504,2.42114,0,15.6988,8.9129,0,1805,54872860988
40.0993,24.9381,82.25,0,100,86,75,1375,3504,2.42114,0,15.6988,8.9129,0,1805,54897800424
54.3912,18.3853,82.25,0,100,86,75,1375,3504,2.42114,0,15.6988,8.9129,0,1805,54916208737
47.903,20.8755,82.25,0,100,86,75,1375,3504,2.42114,0,15.6988,8.9129,0,1805,54937085765
48.097,20.7913,82.25,0,100,86,75,1375,3504,2.42114,0,15.6988,8.9129,0,1805,54957877651
47.0102,21.272,82.25,0,100,86,75,1375,3504,2.42114,0,15.6988,8.9129,0,1805,54979151376
47.7921,20.924,82.25,0,100,86,75,1375,3504,2.42114,0,15.6988,8.9129,0,1805,55000097759
46.2537,21.6199,82.25,0,100,86,75,1375,3504,2.42114,0,15.6988,8.9129,0,1805,55021718536
48.0475,20.8127,82.25,0,100,86,75,1375,3504,2.42114,0,15.6988,8.9129,0,1805,55042534974
42.005,23.8067,82.25,0,100,86,75,1375,3504,2.42114,0,15.6988,8.9129,0,1805,55066340619
52.8631,18.9168,82.25,0,100,86,75,1375,3504,2.42114,0,15.6988,8.9129,0,1805,55085258270
42.4725,23.5446,82.25,0,100,86,75,1375,3504,2.42114,0,15.6988,8.9129,0,1805,55108804278
53.6375,18.6437,82.25,0,100,86,75,1375,3504,2.42114,0,15.6988,8.9129,0,1805,55127449068
46.3466,21.5766,82.25,0,100,86,75,1375,3504,2.42114,0,15.6988,8.9129,0,1805,55149027131
41.4507,24.125,82.25,0,100,86,75,1375,3504,2.42114,0,15.6988,8.9129,0,1805,55173152963
52.3276,19.1104,82.25,0,100,86,75,1375,3504,2.42114,0,15.6988,8.9129,0,1805,55192265090
50.4646,19.8159,82.25,0,100,86,75,1375,3504,2.42114,0,15.6988,8.9129,0,1805,55212081507
46.1008,21.6916,82.25,0,100,86,75,1375,3504,2.42114,0,15.6988,8.9129,0,1805,55233774426
48.3081,20.7005,82.25,0,100,86,75,1375,3504,2.42114,0,15.6988,8.9129,0,1805,55254479924
47.1901,21.1909,78.1955,0,100,86,75,1375,3504,2.42114,0,15.6988,8.9129,0,1875,55275667523
47.4287,21.0843,78.1955,0,100,86,75,1375,3504,2.42114,0,15.6988,8.9129,0,1875,55296752530
46.1855,21.6518,78.1955,0,100,86,75,1375,3504,2.42114,0,15.6988,8.9129,0,1875,55318406398
49.5142,20.1962,78.1955,0,100,86,75,1375,3504,2.42114,0,15.6988,8.9129,0,1875,55338624112
42.1888,23.703,78.1955,0,100,86,75,1375,3504,2.42114,0,15.6988,8.9129,0,1875,55362307078
51.5748,19.3893,78.1955,0,100,86,75,1375,3504,2.42114,0,15.6988,8.9129,0,1875,55381697247
48.3097,20.6998,78.1955,0,100,86,75,1375,3504,2.42114,0,15.6988,8.9129,0,1875,55402397531
48.2882,20.709,78.1955,0,100,86,75,1375,3504,2.42114,0,15.6988,8.9129,0,1875,55423108430
38.9374,25.6822,78.1955,0,100,86,75,1375,3504,2.42114,0,15.6988,8.9129,0,1875,55448791163
60.2876,16.5872,78.1955,0,100,86,75,1375,3504,2.42114,0,15.6988,8.9129,0,1875,55465379934
33.5751,29.784,78.1955,0,100,86,75,1375,3504,2.42114,0,15.6988,8.9129,0,1875,55495165069
49.0766,20.3763,78.1955,0,100,86,75,1375,3504,2.42114,0,15.6988,8.9129,0,1875,55515541977
47.5432,21.0335,78.1955,0,100,86,75,1375,3504,2.42114,0,15.6988,8.9129,0,1875,55536576116
45.0224,22.2111,78.1955,0,100,86,75,1375,3504,2.42114,0,15.6988,8.9129,0,1875,55558787936
46.963,21.2933,78.1955,0,100,86,75,1375,3504,2.42114,0,15.6988,8.9129,0,1875,55580082999
50.4598,19.8178,78.1955,0,100,86,75,1375,3504,2.42114,0,15.6988,8.9129,0,1875,55599900705
48.0308,20.82,78.1955,0,100,86,75,1375,3504,2.42114,0,15.6988,8.9129,0,1875,55620722972
47.7881,20.9257,78.1955,0,100,86,75,1375,3504,2.42114,0,15.6988,8.9129,0,1875,55641649152
46.5716,21.4723,78.1955,0,100,86,75,1375,3504,2.42114,0,15.6988,8.9129,0,1875,55663123437
48.7363,20.5186,78.1955,0,100,86,75,1375,3504,2.42114,0,15.6988,8.9129,0,1875,55683643299
47.1881,21.1918,78.1955,0,100,86,75,1375,3504,2.42114,0,15.6988,8.9129,0,1875,55704848866
47.7951,20.9226,78.1955,0,100,86,75,1375,3504,2.42114,0,15.6988,8.9129,0,1875,55725760043
47.6345,20.9932,78.1955,0,100,86,75,1375,3504,2.42114,0,15.6988,8.9129,0,1875,55746767669
47.59,21.0128,78.1955,0,100,86,75,1375,3504,2.42114,0,15.6988,8.9129,0,1875,55767773397
47.6115,21.0033,78.8321,0,100,98,75,1378,3504,2.42111,0,15.7146,8.9129,0,3488,55788791265
47.7905,20.9247,78.8321,0,100,98,75,1378,3504,2.42111,0,15.7146,8.9129,0,3488,55809716904
47.1181,21.2233,78.8321,0,100,98,75,1378,3504,2.42111,0,15.7146,8.9129,0,3488,55830941382
47.9161,20.8698,78.8321,0,100,98,75,1378,3504,2.42111,0,15.7146,8.9129,0,3488,55851812412
47.3571,21.1162,78.8321,0,100,98,75,1378,3504,2.42111,0,15.7146,8.9129,0,3488,55872942290
47.4748,21.0638,78.8321,0,100,98,75,1378,3504,2.42111,0,15.7146,8.9129,0,3488,55893994264
47.7672,20.9349,78.8321,0,100,98,75,1378,3504,2.42111,0,15.7146,8.9129,0,3488,55914943408
47.8441,20.9012,78.8321,0,100,98,75,1378,3504,2.42111,0,15.7146,8.9129,0,3488,55935832885
47.2205,21.1773,78.8321,0,100,98,75,1378,3504,2.42111,0,15.7146,8.9129,0,3488,55957011020
48.1972,20.7481,78.8321,0,100,98,75,1378,3504,2.42111,0,15.7146,8.9129,0,3488,55977760091
47.4972,21.0539,78.8321,0,100,98,75,1378,3504,2.42111,0,15.7146,8.9129,0,3488,55998814890
48.147,20.7697,78.8321,0,100,98,75,1378,3504,2.42111,0,15.7146,8.9129,0,3488,56019584813
47.3751,21.1081,78.8321,0,100,98,75,1378,3504,2.42111,0,15.7146,8.9129,0,3488,56040694547
48.0913,20.7938,78.8321,0,100,98,75,1378,3504,2.42111,0,15.7146,8.9129,0,3488,56061489379
47.6982,20.9651,78.8321,0,100,98,75,1378,3504,2.42111,0,15.7146,8.9129,0,3488,56082456065
48.2163,20.7399,78.8321,0,100,98,75,1378,3504,2.42111,0,15.7146,8.9129,0,3488,56103196845
47.4948,21.055,78.8321,0,100,98,75,1378,3504,2.42111,0,15.7146,8.9129,0,3488,56124252298
48.2144,20.7407,78.8321,0,100,98,75,1378,3504,2.42111,0,15.7146,8.9129,0,3488,56144994643
47.8318,20.9066,78.8321,0,100,98,75,1378,3504,2.42111,0,15.7146,8.9129,0,3488,56165901533
48.2952,20.706,78.8321,0,100,98,75,1378,3504,2.42111,0,15.7146,8.9129,0,3488,56186608537
47.6457,20.9882,78.8321,0,100,98,75,1378,3504,2.42111,0,15.7146,8.9129,0,3488,56207598606
47.7912,20.9244,78.8321,0,100,98,75,1378,3504,2.42111,0,15.7146,8.9129,0,3488,56228522962
48.1553,20.7661,78.8321,0,100,98,75,1378,3504,2.42111,0,15.7146,8.9129,0,3488,56249291264
47.7897,20.925,78.8321,0,100,98,75,1378,3504,2.42111,0,15.7146,8.9129,0,3488,56270234486
48.1912,20.7507,71.2121,0,100,98,75,1374,3504,2.41042,0,15.7107,8.9129,0,3466,56290969331
47.9644,20.8488,71.2121,0,100,98,75,1374,3504,2.41042,0,15.7107,8.9129,0,3466,56311818428
47.556,21.0278,71.2121,0,100,98,75,1374,3504,2.41042,0,15.7107,8.9129,0,3466,56332847650
48.2869,20.7096,71.2121,0,100,98,75,1374,3504,2.41042,0,15.7107,8.9129,0,3466,56353559794
46.3014,21.5976,71.2121,0,100,98,75,1374,3504,2.41042,0,15.7107,8.9129,0,3466,56375158114
49.383,20.2499,71.2121,0,100,98,75,1374,3504,2.41042,0,15.7107,8.9129,0,3466,56395408708
47.3188,21.1333,71.2121,0,100,98,75,1374,3504,2.41042,0,15.7107,8.9129,0,3466,56416543137
46.1517,21.6677,71.2121,0,100,98,75,1374,3504,2.41042,0,15.7107,8.9129,0,3466,56438211828
50.127,19.9493,71.2121,0,100,98,75,1374,3504,2.41042,0,15.7107,8.9129,0,3466,56458162749
47.5847,21.0151,71.2121,0,100,98,75,1374,3504,2.41042,0,15.7107,8.9129,0,3466,56479180462
46.6939,21.4161,71.2121,0,100,98,75,1374,3504,2.41042,0,15.7107,8.9129,0,3466,56500596387
46.5658,21.475,71.2121,0,100,98,75,1374,3504,2.41042,0,15.7107,8.9129,0,3466,56522072120
49.9024,20.0391,71.2121,0,100,98,75,1374,3504,2.41042,0,15.7107,8.9129,0,3466,56542112816
47.4292,21.0841,71.2121,0,100,98,75,1374,3504,2.41042,0,15.7107,8.9129,0,3466,56563198187
47.1679,21.2009,71.2121,0,100,98,75,1374,3504,2.41042,0,15.7107,8.9129,0,3466,56584401566
47.7383,20.9475,71.2121,0,100,98,75,1374,3504,2.41042,0,15.7107,8.9129,0,3466,56605354302
46.2989,21.5988,71.2121,0,100,98,75,1374,3504,2.41042,0,15.7107,8.9129,0,3466,56626952613
48.8477,20.4718,71.2121,0,100,98,75,1374,3504,2.41042,0,15.7107,8.9129,0,3466,56647425371
44.1245,22.6631,71.2121,0,100,98,75,1374,3504,2.41042,0,15.7107,8.9129,0,3466,56670090276
50.7863,19.6903,71.2121,0,100,98,75,1374,3504,2.41042,0,15.7107,8.9129,0,3466,56689780919
44.5632,22.44,71.2121,0,100,98,75,1374,3504,2.41042,0,15.7107,8.9129,0,3466,56712222742
50.7488,19.7049,71.2121,0,100,98,75,1374,3504,2.41042,0,15.7107,8.9129,0,3466,56731929326
46.9144,21.3154,71.2121,0,100,98,75,1374,3504,2.41042,0,15.7107,8.9129,0,3466,56753245983
46.2679,21.6133,71.2121,0,100,98,75,1374,3504,2.41042,0,15.7107,8.9129,0,3466,56774864565
48.6521,20.5541,75.4951,0,100,98,75,1379,3504,2.38981,0,15.6962,8.9129,0,3335,56795417801
47.0507,21.2537,75.4951,0,100,98,75,1379,3504,2.38981,0,15.6962,8.9129,0,3335,56816670626
47.2147,21.1798,75.4951,0,100,98,75,1379,3504,2.38981,0,15.6962,8.9129,0,3335,56837851186
47.5656,21.0236,75.4951,0,100,98,75,1379,3504,2.38981,0,15.6962,8.9129,0,3335,56858876217
47.2945,21.1441,75.4951,0,100,98,75,1379,3504,2.38981,0,15.6962,8.9129,0,3335,56880020858
47.474,21.0642,75.4951,0,100,98,75,1379,3504,2.38981,0,15.6962,8.9129,0,3335,56901086077
41.9839,23.8186,75.4951,0,100,98,75,1379,3504,2.38981,0,15.6962,8.9129,0,3335,56924928253
54.3989,18.3827,75.4951,0,100,98,75,1379,3504,2.38981,0,15.6962,8.9129,0,3335,56943289244
45.0668,22.1893,75.4951,0,100,98,75,1379,3504,2.38981,0,15.6962,8.9129,0,3335,56965480603
49.4574,20.2194,75.4951,0,100,98,75,1379,3504,2.38981,0,15.6962,8.9129,0,3335,56985700693
45.849,21.8107,75.4951,0,100,98,75,1379,3504,2.38981,0,15.6962,8.9129,0,3335,57007512170
48.3809,20.6693,75.4951,0,100,98,75,1379,3504,2.38981,0,15.6962,8.9129,0,3335,57028182807
48.4647,20.6336,75.4951,0,100,98,75,1379,3504,2.38981,0,15.6962,8.9129,0,3335,57048818309
47.3912,21.1009,75.4951,0,100,98,75,1379,3504,2.38981,0,15.6962,8.9129,0,3335,57069919352
45.748,21.8589,75.4951,0,100,98,75,1379,3504,2.38981,0,15.6962,8.9129,0,3335,57091780064
49.1291,20.3545,75.4951,0,100,98,75,1379,3504,2.38981,0,15.6962,8.9129,0,3335,57112135291
47.1729,21.1986,75.4951,0,100,98,75,1379,3504,2.38981,0,15.6962,8.9129,0,3335,57133336182
48.2541,20.7236,75.4951,0,100,98,75,1379,3504,2.38981,0,15.6962,8.9129,0,3335,57154058870
47.1802,21.1953,75.4951,0,100,98,75,1379,3504,2.38981,0,15.6962,8.9129,0,3335,57175255444
47.6419,20.9899,75.4951,0,100,98,75,1379,3504,2.38981,0,15.6962,8.9129,0,3335,57196247252
47.7844,20.9273,75.4951,0,100,98,75,1379,3504,2.38981,0,15.6962,8.9129,0,3335,57217175032
47.7999,20.9205,75.4951,0,100,98,75,1379,3504,2.38981,0,15.6962,8.9129,0,3335,57238096720
44.8599,22.2916,75.4951,0,100,98,75,1379,3504,2.38981,0,15.6962,8.9129,0,3335,57260390056
50.7571,19.7017,75.4951,0,100,98,75,1379,3504,2.38981,0,15.6962,8.9129,0,3335,57280094919
47.671,20.9771,78.1095,0,100,98,75,1379,3504,2.38799,0,15.6723,8.9129,0,3287,57301071118
47.5212,21.0433,78.1095,0,100,98,75,1379,3504,2.38799,0,15.6723,8.9129,0,3287,57322114836
46.674,21.4252,78.1095,0,100,98,75,1379,3504,2.38799,0,15.6723,8.9129,0,3287,57343542019
49.1163,20.3598,78.1095,0,100,98,75,1379,3504,2.38799,0,15.6723,8.9129,0,3287,57363901053
46.4235,21.5408,78.1095,0,100,98,75,1379,3504,2.38799,0,15.6723,8.9129,0,3287,57385444683
48.2364,20.7312,78.1095,0,100,98,75,1379,3504,2.38799,0,15.6723,8.9129,0,3287,57406176278
48.3472,20.6837,78.1095,0,100,98,75,1379,3504,2.38799,0,15.6723,8.9129,0,3287,57426860687
46.6188,21.4506,78.1095,0,100,98,75,1379,3504,2.38799,0,15.6723,8.9129,0,3287,57448312400
48.6671,20.5478,78.1095,0,100,98,75,1379,3504,2.38799,0,15.6723,8.9129,0,3287,57468862052
47.7331,20.9498,78.1095,0,100,98,75,1379,3504,2.38799,0,15.6723,8.9129,0,3287,57489812858
44.0764,22.6879,78.1095,0,100,98,75,1379,3504,2.38799,0,15.6723,8.9129,0,3287,57512502416
52.3873,19.0886,78.1095,0,100,98,75,1379,3504,2.38799,0,15.6723,8.9129,0,3287,57531591349
47.2067,21.1835,78.1095,0,100,98,75,1379,3504,2.38799,0,15.6723,8.9129,0,3287,57552776912
48.0363,20.8176,78.1095,0,100,98,75,1379,3504,2.38799,0,15.6723,8.9129,0,3287,57573595220
46.8992,21.3223,78.1095,0,100,98,75,1379,3504,2.38799,0,15.6723,8.9129,0,3287,57594917979
48.0583,20.8081,78.1095,0,100,98,75,1379,3504,2.38799,0,15.6723,8.9129,0,3287,57615727579
38.021,26.3012,78.1095,0,100,98,75,1379,3504,2.38799,0,15.6723,8.9129,0,3287,57642030193
61.5598,16.2444,78.1095,0,100,98,75,1379,3504,2.38799,0,15.6723,8.9129,0,3287,57658274792
47.3419,21.1229,78.1095,0,100,98,75,1379,3504,2.38799,0,15.6723,8.9129,0,3287,57679398358
47.614,21.0022,78.1095,0,100,98,75,1379,3504,2.38799,0,15.6723,8.9129,0,3287,57700402204
47.7935,20.9233,78.1095,0,100,98,75,1379,3504,2.38799,0,15.6723,8.9129,0,3287,57721327140
47.264,21.1578,78.1095,0,100,98,75,1379,3504,2.38799,0,15.6723,8.9129,0,3287,57742485145
47.6301,20.9951,78.1095,0,100,98,75,1379,3504,2.38799,0,15.6723,8.9129,0,3287,57763482512
47.3077,21.1382,78.1095,0,100,98,75,1379,3504,2.38799,0,15.6723,8.9129,0,3287,57784623689
47.8813,20.885,78.607,0,100,97,75,1379,3504,2.38799,0,15.6596,8.9129,0,3291,57805506739
47.5301,21.0393,78.607,0,100,97,75,1379,3504,2.38799,0,15.6596,8.9129,0,3291,57826547931
42.3105,23.6348,78.607,0,100,97,75,1379,3504,2.38799,0,15.6596,8.9129,0,3291,57850183224
54.0862,18.489,78.607,0,100,97,75,1379,3504,2.38799,0,15.6596,8.9129,0,3291,57868673929
43.6682,22.9,78.607,0,100,97,75,1379,3504,2.38799,0,15.6596,8.9129,0,3291,57891575100
52.0405,19.2158,78.607,0,100,97,75,1379,3504,2.38799,0,15.6596,8.9129,0,3291,57910792962
47.0816,21.2397,78.607,0,100,97,75,1379,3504,2.38799,0,15.6596,8.9129,0,3291,57932032982
48.0796,20.7988,78.607,0,100,97,75,1379,3504,2.38799,0,15.6596,8.9129,0,3291,57952835509
43.8457,22.8072,78.607,0,100,97,75,1379,3504,2.38799,0,15.6596,8.9129,0,3291,57975641467
51.7671,19.3173,78.607,0,100,97,75,1379,3504,2.38799,0,15.6596,8.9129,0,3291,57994960307
47.3241,21.1309,78.607,0,100,97,75,1379,3504,2.38799,0,15.6596,8.9129,0,3291,58016092248
47.3782,21.1068,78.607,0,100,97,75,1379,3504,2.38799,0,15.6596,8.9129,0,3291,58037200059
45.7076,21.8782,78.607,0,100,97,75,1379,3504,2.38799,0,15.6596,8.9129,0,3291,58059078974
49.3071,20.281,78.607,0,100,97,75,1379,3504,2.38799,0,15.6596,8.9129,0,3291,58079362235
45.7406,21.8624,78.607,0,100,97,75,1379,3504,2.38799,0,15.6596,8.9129,0,3291,58101268761
49.2816,20.2915,78.607,0,100,97,75,1379,3504,2.38799,0,15.6596,8.9129,0,3291,58121517988
41.7147,23.9723,78.607,0,100,97,75,1379,3504,2.38799,0,15.6596,8.9129,0,3291,58145491487
54.972,18.1911,78.607,0,100,97,75,1379,3504,2.38799,0,15.6596,8.9129,0,3291,58163683218
46.4079,21.548,78.607,0,100,97,75,1379,3504,2.38799,0,15.6596,8.9129,0,3291,58185232409
48.3918,20.6647,78.607,0,100,97,75,1379,3504,2.38799,0,15.6596,8.9129,0,3291,58205898406
46.9568,21.2962,78.607,0,100,97,75,1379,3504,2.38799,0,15.6596,8.9129,0,3291,58227195961
47.4298,21.0838,78.607,0,100,97,75,1379,3504,2.38799,0,15.6596,8.9129,0,3291,58248280291
46.0898,21.6968,78.607,0,100,97,75,1379,3504,2.38799,0,15.6596,8.9129,0,3291,58269978929
48.5477,20.5983,78.607,0,100,97,75,1379,3504,2.38799,0,15.6596,8.9129,0,3291,58290585538
45.1792,22.1341,77.3869,0,100,97,75,1379,3504,2.38874,0,15.6185,8.9129,0,3400,58312712663
49.7247,20.1107,77.3869,0,100,97,75,1379,3504,2.38874,0,15.6185,8.9129,0,3400,58332824565
46.0932,21.6952,77.3869,0,100,97,75,1379,3504,2.38874,0,15.6185,8.9129,0,3400,58354521102
48.7225,20.5244,77.3869,0,100,97,75,1379,3504,2.38874,0,15.6185,8.9129,0,3400,58375047078
42.5068,23.5256,77.3869,0,100,97,75,1379,3504,2.38874,0,15.6185,8.9129,0,3400,58398574389
37.5478,26.6327,77.3869,0,100,97,75,1379,3504,2.38874,0,15.6185,8.9129,0,3400,58425209566
49.5052,20.1999,77.3869,0,100,97,75,1379,3504,2.38874,0,15.6185,8.9129,0,3400,58445411847
59.6608,16.7614,77.3869,0,100,97,75,1379,3504,2.38874,0,15.6185,8.9129,0,3400,58462171923
42.9249,23.2965,77.3869,0,100,97,75,1379,3504,2.38874,0,15.6185,8.9129,0,3400,58485471494
52.6466,18.9946,77.3869,0,100,97,75,1379,3504,2.38874,0,15.6185,8.9129,0,3400,58504466859
46.8897,21.3267,77.3869,0,100,97,75,1379,3504,2.38874,0,15.6185,8.9129,0,3400,58525793462
47.4977,21.0537,77.3869,0,100,97,75,1379,3504,2.38874,0,15.6185,8.9129,0,3400,58546860636
47.3899,21.1015,77.3869,0,100,97,75,1379,3504,2.38874,0,15.6185,8.9129,0,3400,58567950958
47.4478,21.0758,77.3869,0,100,97,75,1379,3504,2.38874,0,15.6185,8.9129,0,3400,58589028137
43.6511,22.9089,77.3869,0,100,97,75,1379,3504,2.38874,0,15.6185,8.9129,0,3400,58611938517
52.3413,19.1054,77.3869,0,100,97,75,1379,3504,2.38874,0,15.6185,8.9129,0,3400,58631044390
47.3021,21.1407,77.3869,0,100,97,75,1379,3504,2.38874,0,15.6185,8.9129,0,3400,58652203342
48.3636,20.6767,77.3869,0,100,97,75,1379,3504,2.38874,0,15.6185,8.9129,0,3400,58672865706
34.8836,28.6668,77.3869,0,100,97,75,1379,3504,2.38874,0,15.6185,8.9129,0,3400,58701532815
77.3891,12.9217,77.3869,0,100,97,75,1379,3504,2.38874,0,15.6185,8.9129,0,3400,58714455832
42.278,23.653,77.3869,0,100,97,75,1379,3504,2.38874,0,15.6185,8.9129,0,3400,58738110847
49.5677,20.1744,77.3869,0,100,97,75,1379,3504,2.38874,0,15.6185,8.9129,0,3400,58758285531
52.479,19.0553,77.3869,0,100,97,75,1379,3504,2.38874,0,15.6185,8.9129,0,3400,58777343413
48.7873,20.4971,77.3869,0,100,97,75,1379,3504,2.38874,0,15.6185,8.9129,0,3400,58797846993
48.1545,20.7665,77.8325,0,100,97,75,1382,3504,2.38996,0,15.5219,8.9129,0,3241,58818620143
48.1093,20.786,77.8325,0,100,97,75,1382,3504,2.38996,0,15.5219,8.9129,0,3241,58839394420
48.3024,20.7029,77.8325,0,100,97,75,1382,3504,2.38996,0,15.5219,8.9129,0,3241,58860099484
48.5867,20.5818,77.8325,0,100,97,75,1382,3504,2.38996,0,15.5219,8.9129,0,3241,58880681203
47.7428,20.9456,77.8325,0,100,97,75,1382,3504,2.38996,0,15.5219,8.9129,0,3241,58901627507
48.7414,20.5165,77.8325,0,100,97,75,1382,3504,2.38996,0,15.5219,8.9129,0,3241,58922145241
43.751,22.8566,77.8325,0,100,97,75,1382,3504,2.38996,0,15.5219,8.9129,0,3241,58945003159
54.0948,18.4861,77.8325,0,100,97,75,1382,3504,2.38996,0,15.5219,8.9129,0,3241,58963490372
48.9801,20.4165,77.8325,0,100,97,75,1382,3504,2.38996,0,15.5219,8.9129,0,3241,58983907929
46.9085,21.3181,77.8325,0,100,97,75,1382,3504,2.38996,0,15.5219,8.9129,0,3241,59005229243
50.2978,19.8816,77.8325,0,100,97,75,1382,3504,2.38996,0,15.5219,8.9129,0,3241,59025110919
48.7224,20.5244,77.8325,0,100,97,75,1382,3504,2.38996,0,15.5219,8.9129,0,3241,59045636668
47.7631,20.9367,77.8325,0,100,97,75,1382,3504,2.38996,0,15.5219,8.9129,0,3241,59066574105
49.1227,20.3572,77.8325,0,100,97,75,1382,3504,2.38996,0,15.5219,8.9129,0,3241,59086950902
48.6656,20.5484,77.8325,0,100,97,75,1382,3504,2.38996,0,15.5219,8.9129,0,3241,59107501868
48.507,20.6156,77.8325,0,100,97,75,1382,3504,2.38996,0,15.5219,8.9129,0,3241,59128117012
49.0846,20.373,77.8325,0,100,97,75,1382,3504,2.38996,0,15.5219,8.9129,0,3241,59148492015
49.2814,20.2917,77.8325,0,100,97,75,1382,3504,2.38996,0,15.5219,8.9129,0,3241,59168784322
48.0785,20.7993,77.8325,0,100,97,75,1382,3504,2.38996,0,15.5219,8.9129,0,3241,59189585591
49.5277,20.1907,77.8325,0,100,97,75,1382,3504,2.38996,0,15.5219,8.9129,0,3241,59209797539
48.4912,20.6223,77.8325,0,100,97,75,1382,3504,2.38996,0,15.5219,8.9129,0,3241,59230422296
49.9045,20.0383,77.8325,0,100,97,75,1382,3504,2.38996,0,15.5219,8.9129,0,3241,59250460592
48.9165,20.443,77.8325,0,100,97,75,1382,3504,2.38996,0,15.5219,8.9129,0,3241,59270905324
48.7081,20.5305,77.8325,0,100,97,75,1382,3504,2.38996,0,15.5219,8.9129,0,3241,59291436481
48.3865,20.6669,77.8325,0,100,97,75,1382,3504,2.38996,0,15.5219,8.9129,0,3241,59312110730
50.2619,19.8958,61.33,0,100,97,75,1419,3504,2.39101,0,15.5091,8.9129,0,3400,59332002205
48.354,20.6808,61.33,0,100,97,75,1419,3504,2.39101,0,15.5091,8.9129,0,3400,59352683439
49.1441,20.3483,61.33,0,100,97,75,1419,3504,2.39101,0,15.5091,8.9129,0,3400,59373033196
49.2229,20.3158,61.33,0,100,97,75,1419,3504,2.39101,0,15.5091,8.9129,0,3400,59393351077
49.0042,20.4064,61.33,0,100,97,75,1419,3504,2.39101,0,15.5091,8.9129,0,3400,59413757731
48.7566,20.51,61.33,0,100,97,75,1419,3504,2.39101,0,15.5091,8.9129,0,3400,59434269447
49.0283,20.3964,61.33,0,100,97,75,1419,3504,2.39101,0,15.5091,8.9129,0,3400,59454666936
45.7279,21.8685,61.33,0,100,97,75,1419,3504,2.39101,0,15.5091,8.9129,0,3400,59476537099
52.1209,19.1862,61.33,0,100,97,75,1419,3504,2.39101,0,15.5091,8.9129,0,3400,59495724030
47.5738,21.02,61.33,0,100,97,75,1419,3504,2.39101,0,15.5091,8.9129,0,3400,59516745228
49.5581,20.1783,61.33,0,100,97,75,1419,3504,2.39101,0,15.5091,8.9129,0,3400,59536924001
47.3654,21.1125,61.33,0,100,97,75,1419,3504,2.39101,0,15.5091,8.9129,0,3400,59558038368
48.9451,20.4311,61.33,0,100,97,75,1419,3504,2.39101,0,15.5091,8.9129,0,3400,59578469853
40.1253,24.922,61.33,0,100,97,75,1419,3504,2.39101,0,15.5091,8.9129,0,3400,59603393794
45.3712,22.0404,61.33,0,100,97,75,1419,3504,2.39101,0,15.5091,8.9129,0,3400,59625435338
52.0786,19.2017,61.33,0,100,97,75,1419,3504,2.39101,0,15.5091,8.9129,0,3400,59644639011
48.535,20.6037,61.33,0,100,97,75,1419,3504,2.39101,0,15.5091,8.9129,0,3400,59665243006
45.5371,21.9601,61.33,0,100,97,75,1419,3504,2.39101,0,15.5091,8.9129,0,3400,59687205008
48.1648,20.762,61.33,0,100,97,75,1419,3504,2.39101,0,15.5091,8.9129,0,3400,59707966431
48.0295,20.8205,61.33,0,100,97,75,1419,3504,2.39101,0,15.5091,8.9129,0,3400,59728787857
47.2431,21.1671,61.33,0,100,97,75,1419,3504,2.39101,0,15.5091,8.9129,0,3400,59749956737
45.8647,21.8033,61.33,0,100,97,75,1419,3504,2.39101,0,15.5091,8.9129,0,3400,59771760950
51.2309,19.5195,61.33,0,100,97,75,1419,3504,2.39101,0,15.5091,8.9129,0,3400,59791281865
46.0538,21.7137,61.33,0,100,97,75,1419,3504,2.39101,0,15.5091,8.9129,0,3400,59813001513
50.2667,19.8939,72.9798,0,100,98,76,1420,3504,2.39223,0,15.5293,8.9129,0,3399,59832892827
45.632,21.9145,72.9798,0,100,98,76,1420,3504,2.39223,0,15.5293,8.9129,0,3399,59854807082
50.6402,19.7472,72.9798,0,100,98,76,1420,3504,2.39223,0,15.5293,8.9129,0,3399,59874555732
47.8222,20.9108,72.9798,0,100,98,76,1420,3504,2.39223,0,15.5293,8.9129,0,3399,59895467421
47.9605,20.8505,72.9798,0,100,98,76,1420,3504,2.39223,0,15.5293,8.9129,0,3399,59916318833
46.2242,21.6337,72.9798,0,100,98,76,1420,3504,2.39223,0,15.5293,8.9129,0,3399,59937954045
50.4959,19.8036,72.9798,0,100,98,76,1420,3504,2.39223,0,15.5293,8.9129,0,3399,59957757561
47.313,21.1358,72.9798,0,100,98,76,1420,3504,2.39223,0,15.5293,8.9129,0,3399,59978894492
49.0237,20.3983,72.9798,0,100,98,76,1420,3504,2.39223,0,15.5293,8.9129,0,3399,59999294363
48.22,20.7383,72.9798,0,100,98,76,1420,3504,2.39223,0,15.5293,8.9129,0,3399,60020034371
48.071,20.8026,72.9798,0,100,98,76,1420,3504,2.39223,0,15.5293,8.9129,0,3399,60040837616
47.06,21.2495,72.9798,0,100,98,76,1420,3504,2.39223,0,15.5293,8.9129,0,3399,60062088135
49.7799,20.0884,72.9798,0,100,98,76,1420,3504,2.39223,0,15.5293,8.9129,0,3399,60082177402
48.4622,20.6346,72.9798,0,100,98,76,1420,3504,2.39223,0,15.5293,8.9129,0,3399,60102813543
48.4902,20.6227,72.9798,0,100,98,76,1420,3504,2.39223,0,15.5293,8.9129,0,3399,60123436582
47.3095,21.1374,72.9798,0,100,98,76,1420,3504,2.39223,0,15.5293,8.9129,0,3399,60144576099
49.3031,20.2827,72.9798,0,100,98,76,1420,3504,2.39223,0,15.5293,8.9129,0,3399,60164859221
47.4502,21.0747,72.9798,0,100,98,76,1420,3504,2.39223,0,15.5293,8.9129,0,3399,60185934281
48.164,20.7624,72.9798,0,100,98,76,1420,3504,2.39223,0,15.5293,8.9129,0,3399,60206700568
45.9774,21.7498,72.9798,0,100,98,76,1420,3504,2.39223,0,15.5293,8.9129,0,3399,60228449950
52.158,19.1725,72.9798,0,100,98,76,1420,3504,2.39223,0,15.5293,8.9129,0,3399,60247623477
47.2766,21.1521,72.9798,0,100,98,76,1420,3504,2.39223,0,15.5293,8.9129,0,3399,60268776254
49.8317,20.0676,72.9798,0,100,98,76,1420,3504,2.39223,0,15.5293,8.9129,0,3399,60288844546
43.9479,22.7542,72.9798,0,100,98,76,1420,3504,2.39223,0,15.5293,8.9129,0,3399,60311600095
53.4526,18.7082,72.9798,0,100,98,76,1420,3504,2.39223,0,15.5293,8.9129,0,3399,60330312121
48.2471,20.7266,73.8916,0,100,98,76,1426,3504,2.39751,0,15.5355,8.9129,0,3428,60351037781
48.5574,20.5942,73.8916,0,100,98,76,1426,3504,2.39751,0,15.5355,8.9129,0,3428,60371632511
48.1881,20.752,73.8916,0,100,98,76,1426,3504,2.39751,0,15.5355,8.9129,0,3428,60392387804
48.6416,20.5585,73.8916,0,100,98,76,1426,3504,2.39751,0,15.5355,8.9129,0,3428,60412946111
43.6777,22.895,73.8916,0,100,98,76,1426,3504,2.39751,0,15.5355,8.9129,0,3428,60435855245
47.2475,21.1652,73.8916,0,100,98,76,1426,3504,2.39751,0,15.5355,8.9129,0,3428,60457007838
53.1036,18.8311,73.8916,0,100,98,76,1426,3504,2.39751,0,15.5355,8.9129,0,3428,60475840763
47.8418,20.9022,73.8916,0,100,98,76,1426,3504,2.39751,0,15.5355,8.9129,0,3428,60496744140
42.9135,23.3027,73.8916,0,100,98,76,1426,3504,2.39751,0,15.5355,8.9129,0,3428,60520048589
53.5671,18.6682,73.8916,0,100,98,76,1426,3504,2.39751,0,15.5355,8.9129,0,3428,60538716644
43.6719,22.898,73.8916,0,100,98,76,1426,3504,2.39751,0,15.5355,8.9129,0,3428,60561618023
46.3654,21.5678,73.8916,0,100,98,76,1426,3504,2.39751,0,15.5355,8.9129,0,3428,60583187695
52.0813,19.2007,73.8916,0,100,98,76,1426,3504,2.39751,0,15.5355,8.9129,0,3428,60602387867
48.2124,20.7416,73.8916,0,100,98,76,1426,3504,2.39751,0,15.5355,8.9129,0,3428,60623129743
46.7691,21.3817,73.8916,0,100,98,76,1426,3504,2.39751,0,15.5355,8.9129,0,3428,60644513060
49.0635,20.3818,73.8916,0,100,98,76,1426,3504,2.39751,0,15.5355,8.9129,0,3428,60664895879
46.1923,21.6486,73.8916,0,100,98,76,1426,3504,2.39751,0,15.5355,8.9129,0,3428,60686546146
50.0253,19.9899,73.8916,0,100,98,76,1426,3504,2.39751,0,15.5355,8.9129,0,3428,60706536384
48.4981,20.6194,73.8916,0,100,98,76,1426,3504,2.39751,0,15.5355,8.9129,0,3428,60727155607
48.0185,20.8253,73.8916,0,100,98,76,1426,3504,2.39751,0,15.5355,8.9129,0,3428,60747982962
46.5831,21.467,73.8916,0,100,98,76,1426,3504,2.39751,0,15.5355,8.9129,0,3428,60769452000
49.7527,20.0994,73.8916,0,100,98,76,1426,3504,2.39751,0,15.5355,8.9129,0,3428,60789550982
43.5295,22.9729,73.8916,0,100,98,76,1426,3504,2.39751,0,15.5355,8.9129,0,3428,60812525347
54.1678,18.4612,73.8916,0,100,98,76,1426,3504,2.39751,0,15.5355,8.9129,0,3428,60830990219
47.1807,21.1951,67.7749,0,100,97,76,1426,3504,2.39751,0,15.5357,8.9129,0,3400,60852184349
49.4236,20.2333,67.7749,0,100,97,76,1426,3504,2.39751,0,15.5357,8.9129,0,3400,60872419281
47.114,21.2251,67.7749,0,100,97,76,1426,3504,2.39751,0,15.5357,8.9129,0,3400,60893645454
47.1247,21.2203,67.7749,0,100,97,76,1426,3504,2.39751,0,15.5357,8.9129,0,3400,60914870793
51.183,19.5377,67.7749,0,100,97,76,1426,3504,2.39751,0,15.5357,8.9129,0,3400,60934406288
48.1039,20.7883,67.7749,0,100,97,76,1426,3504,2.39751,0,15.5357,8.9129,0,3400,60955194743
46.307,21.595,67.7749,0,100,97,76,1426,3504,2.39751,0,15.5357,8.9129,0,3400,60976791562
51.1993,19.5315,67.7749,0,100,97,76,1426,3504,2.39751,0,15.5357,8.9129,0,3400,60996325277
44.3434,22.5513,67.7749,0,100,97,76,1426,3504,2.39751,0,15.5357,8.9129,0,3400,61018875724
53.2806,18.7685,67.7749,0,100,97,76,1426,3504,2.39751,0,15.5357,8.9129,0,3400,61037645417
47.2267,21.1745,67.7749,0,100,97,76,1426,3504,2.39751,0,15.5357,8.9129,0,3400,61058822168
49.7129,20.1155,67.7749,0,100,97,76,1426,3504,2.39751,0,15.5357,8.9129,0,3400,61078938618
46.5917,21.4631,67.7749,0,100,97,76,1426,3504,2.39751,0,15.5357,8.9129,0,3400,61100403072
50.5399,19.7863,67.7749,0,100,97,76,1426,3504,2.39751,0,15.5357,8.9129,0,3400,61120190694
43.1465,23.1768,67.7749,0,100,97,76,1426,3504,2.39751,0,15.5357,8.9129,0,3400,61143369084
51.9344,19.2551,67.7749,0,100,97,76,1426,3504,2.39751,0,15.5357,8.9129,0,3400,61162625010
48.068,20.8039,67.7749,0,100,97,76,1426,3504,2.39751,0,15.5357,8.9129,0,3400,61183491224
48.6844,20.5405,67.7749,0,100,97,76,1426,3504,2.39751,0,15.5357,8.9129,0,3400,61203971566
48.0402,20.8159,67.7749,0,100,97,76,1426,3504,2.39751,0,15.5357,8.9129,0,3400,61224788875
48.5913,20.5798,67.7749,0,100,97,76,1426,3504,2.39751,0,15.5357,8.9129,0,3400,61245369574
45.0028,22.2208,67.7749,0,100,97,76,1426,3504,2.39751,0,15.5357,8.9129,0,3400,61267595682
52.0654,19.2066,67.7749,0,100,97,76,1426,3504,2.39751,0,15.5357,8.9129,0,3400,61286801655
43.6109,22.9301,67.7749,0,100,97,76,1426,3504,2.39751,0,15.5357,8.9129,0,3400,61309732394
55.048,18.166,67.7749,0,100,97,76,1426,3504,2.39751,0,15.5357,8.9129,0,3400,61327898977
44.8334,22.3048,67.7749,0,100,97,76,1426,3504,2.39751,0,15.5357,8.9129,0,3400,61350210399
52.181,19.1641,72.4638,0,100,97,76,1425,3504,2.39916,0,15.57,8.9129,0,3400,61369370503
47.6754,20.9752,72.4638,0,100,97,76,1425,3504,2.39916,0,15.57,8.9129,0,3400,61390347392
49.401,20.2425,72.4638,0,100,97,76,1425,3504,2.39916,0,15.57,8.9129,0,3400,61410590662
44.2308,22.6087,72.4638,0,100,97,76,1425,3504,2.39916,0,15.57,8.9129,0,3400,61433200253
51.1268,19.5592,72.4638,0,100,97,76,1425,3504,2.39916,0,15.57,8.9129,0,3400,61452760609
44.646,22.3984,72.4638,0,100,97,76,1425,3504,2.39916,0,15.57,8.9129,0,3400,61475160368
51.2042,19.5297,72.4638,0,100,97,76,1425,3504,2.39916,0,15.57,8.9129,0,3400,61494690273
48.4748,20.6293,72.4638,0,100,97,76,1425,3504,2.39916,0,15.57,8.9129,0,3400,61515321592
47.9202,20.868,72.4638,0,100,97,76,1425,3504,2.39916,0,15.57,8.9129,0,3400,61536190841
48.0415,20.8153,72.4638,0,100,97,76,1425,3504,2.39916,0,15.57,8.9129,0,3400,61557007883
49.2417,20.308,72.4638,0,100,97,76,1425,3504,2.39916,0,15.57,8.9129,0,3400,61577316275
45.2707,22.0893,72.4638,0,100,97,76,1425,3504,2.39916,0,15.57,8.9129,0,3400,61599408336
49.0524,20.3864,72.4638,0,100,97,76,1425,3504,2.39916,0,15.57,8.9129,0,3400,61619795050
45.358,22.0468,72.4638,0,100,97,76,1425,3504,2.39916,0,15.57,8.9129,0,3400,61641844029
52.8281,18.9293,72.4638,0,100,97,76,1425,3504,2.39916,0,15.57,8.9129,0,3400,61660774283
48.5967,20.5775,72.4638,0,100,97,76,1425,3504,2.39916,0,15.57,8.9129,0,3400,61681352796
48.8741,20.4607,72.4638,0,100,97,76,1425,3504,2.39916,0,15.57,8.9129,0,3400,61701814745
42.2242,23.6831,72.4638,0,100,97,76,1425,3504,2.39916,0,15.57,8.9129,0,3400,61725498586
55.5075,18.0156,72.4638,0,100,97,76,1425,3504,2.39916,0,15.57,8.9129,0,3400,61743517850
43.5024,22.9872,72.4638,0,100,97,76,1425,3504,2.39916,0,15.57,8.9129,0,3400,61766503402
58.4481,17.1092,72.4638,0,100,97,76,1425,3504,2.39916,0,15.57,8.9129,0,3400,61783613525
48.8352,20.477,72.4638,0,100,97,76,1425,3504,2.39916,0,15.57,8.9129,0,3400,61804091924
49.7225,20.1116,72.4638,0,100,97,76,1425,3504,2.39916,0,15.57,8.9129,0,3400,61824205131
49.0881,20.3715,72.4638,0,100,97,76,1425,3504,2.39916,0,15.57,8.9129,0,3400,61844579181
49.5246,20.192,72.4638,0,100,97,76,1425,3504,2.39916,0,15.57,8.9129,0,3400,61864775014
48.5995,20.5763,72.3716,0,100,97,76,1431,3504,2.40112,0,15.5763,8.9129,0,3457,61885347879
50.7649,19.6986,72.3716,0,100,97,76,1431,3504,2.40112,0,15.5763,8.9129,0,3457,61905048405
48.618,20.5685,72.3716,0,100,97,76,1431,3504,2.40112,0,15.5763,8.9129,0,3457,61925629895
50.4518,19.8209,72.3716,0,100,97,76,1431,3504,2.40112,0,15.5763,8.9129,0,3457,61945439988
49.5453,20.1836,72.3716,0,100,97,76,1431,3504,2.40112,0,15.5763,8.9129,0,3457,61965625222
50.0847,19.9662,72.3716,0,100,97,76,1431,3504,2.40112,0,15.5763,8.9129,0,3457,61985591636
49.3833,20.2497,72.3716,0,100,97,76,1431,3504,2.40112,0,15.5763,8.9129,0,3457,62005844621
50.1363,19.9456,72.3716,0,100,97,76,1431,3504,2.40112,0,15.5763,8.9129,0,3457,62025789449
49.5101,20.1979,72.3716,0,100,97,76,1431,3504,2.40112,0,15.5763,8.9129,0,3457,62045991580
50.1458,19.9419,72.3716,0,100,97,76,1431,3504,2.40112,0,15.5763,8.9129,0,3457,62065937537
45.3519,22.0498,72.3716,0,100,97,76,1431,3504,2.40112,0,15.5763,8.9129,0,3457,62087987084
55.0956,18.1503,72.3716,0,100,97,76,1431,3504,2.40112,0,15.5763,8.9129,0,3457,62106138065
49.6993,20.121,72.3716,0,100,97,76,1431,3504,2.40112,0,15.5763,8.9129,0,3457,62126260931
50.2944,19.8829,72.3716,0,100,97,76,1431,3504,2.40112,0,15.5763,8.9129,0,3457,62146144679
49.6833,20.1275,72.3716,0,100,97,76,1431,3504,2.40112,0,15.5763,8.9129,0,3457,62166272814
50.1068,19.9574,72.3716,0,100,97,76,1431,3504,2.40112,0,15.5763,8.9129,0,3457,62186231411
49.9757,20.0097,72.3716,0,100,97,76,1431,3504,2.40112,0,15.5763,8.9129,0,3457,62206268067
49.9332,20.0268,72.3716,0,100,97,76,1431,3504,2.40112,0,15.5763,8.9129,0,3457,62226270666
49.7505,20.1003,72.3716,0,100,97,76,1431,3504,2.40112,0,15.5763,8.9129,0,3457,62246371260
45.9733,21.7518,72.3716,0,100,97,76,1431,3504,2.40112,0,15.5763,8.9129,0,3457,62268124412
54.166,18.4618,72.3716,0,100,97,76,1431,3504,2.40112,0,15.5763,8.9129,0,3457,62286587065
51.3891,19.4594,72.3716,0,100,97,76,1431,3504,2.40112,0,15.5763,8.9129,0,3457,62306047173
49.4867,20.2074,72.3716,0,100,97,76,1431,3504,2.40112,0,15.5763,8.9129,0,3457,62326256492
51.0528,19.5876,72.3716,0,100,97,76,1431,3504,2.40112,0,15.5763,8.9129,0,3457,62345844162
50.1704,19.9321,72.3716,0,100,97,76,1431,3504,2.40112,0,15.5763,8.9129,0,3457,62365782978
50.1856,19.9261,73.0964,0,100,97,76,1505,3504,2.4037,0,15.587,8.9129,0,3299,62385704126
50.0176,19.993,73.0964,0,100,97,76,1505,3504,2.4037,0,15.587,8.9129,0,3299,62405697589
50.5748,19.7727,73.0964,0,100,97,76,1505,3504,2.4037,0,15.587,8.9129,0,3299,62425471883
43.2968,23.0964,73.0964,0,100,97,76,1505,3504,2.4037,0,15.587,8.9129,0,3299,62448570708
48.9939,20.4107,73.0964,0,100,97,76,1505,3504,2.4037,0,15.587,8.9129,0,3299,62468982455
52.3513,19.1017,73.0964,0,100,97,76,1505,3504,2.4037,0,15.587,8.9129,0,3299,62488083712
45.525,21.966,73.0964,0,100,97,76,1505,3504,2.4037,0,15.587,8.9129,0,3299,62510051309
53.708,18.6192,73.0964,0,100,97,76,1505,3504,2.4037,0,15.587,8.9129,0,3299,62528671308
52.6715,18.9856,73.0964,0,100,97,76,1505,3504,2.4037,0,15.587,8.9129,0,3299,62547658339
41.1899,24.2778,73.0964,0,100,97,76,1505,3504,2.4037,0,15.587,8.9129,0,3299,62571937601
49.5295,20.19,73.0964,0,100,97,76,1505,3504,2.4037,0,15.587,8.9129,0,3299,62592128419
52.2827,19.1268,73.0964,0,100,97,76,1505,3504,2.4037,0,15.587,8.9129,0,3299,62611256287
47.445,21.077,73.0964,0,100,97,76,1505,3504,2.4037,0,15.587,8.9129,0,3299,62632334008
54.8223,18.2407,73.0964,0,100,97,76,1505,3504,2.4037,0,15.587,8.9129,0,3299,62650575873
50.7777,19.6937,73.0964,0,100,97,76,1505,3504,2.4037,0,15.587,8.9129,0,3299,62670270376
50.6415,19.7467,73.0964,0,100,97,76,1505,3504,2.4037,0,15.587,8.9129,0,3299,62690018808
50.7598,19.7006,73.0964,0,100,97,76,1505,3504,2.4037,0,15.587,8.9129,0,3299,62709721693
50.5043,19.8003,73.0964,0,100,97,76,1505,3504,2.4037,0,15.587,8.9129,0,3299,62729535274
51.1429,19.553,73.0964,0,100,97,76,1505,3504,2.4037,0,15.587,8.9129,0,3299,62749088751
50.7184,19.7167,73.0964,0,100,97,76,1505,3504,2.4037,0,15.587,8.9129,0,3299,62768793538
51.0181,19.6009,73.0964,0,100,97,76,1505,3504,2.4037,0,15.587,8.9129,0,3299,62788395991
50.1934,19.9229,73.0964,0,100,97,76,1505,3504,2.4037,0,15.587,8.9129,0,3299,62808341082
51.2441,19.5144,73.0964,0,100,97,76,1505,3504,2.4037,0,15.587,8.9129,0,3299,62827834708
50.5519,19.7816,73.0964,0,100,97,76,1505,3504,2.4037,0,15.587,8.9129,0,3299,62847618896
51.0006,19.6076,73.0964,0,100,97,76,1505,3504,2.4037,0,15.587,8.9129,0,3299,62867229422
50.0458,19.9817,73.8579,0,99,98,77,1551,3504,2.41724,0,15.5978,8.9129,0,3200,62887210322
51.5647,19.3931,73.8579,0,99,98,77,1551,3504,2.41724,0,15.5978,8.9129,0,3200,62906604115
50.8584,19.6624,73.8579,0,99,98,77,1551,3504,2.41724,0,15.5978,8.9129,0,3200,62926266899
50.8637,19.6604,73.8579,0,99,98,77,1551,3504,2.41724,0,15.5978,8.9129,0,3200,62945928321
48.414,20.6552,73.8579,0,99,98,77,1551,3504,2.41724,0,15.5978,8.9129,0,3200,62966584116
52.8135,18.9346,73.8579,0,99,98,77,1551,3504,2.41724,0,15.5978,8.9129,0,3200,62985521042
43.0061,23.2525,73.8579,0,99,98,77,1551,3504,2.41724,0,15.5978,8.9129,0,3200,63008774296
61.7722,16.1885,73.8579,0,99,98,77,1551,3504,2.41724,0,15.5978,8.9129,0,3200,63024963932
44.4944,22.4747,73.8579,0,99,98,77,1551,3504,2.41724,0,15.5978,8.9129,0,3200,63047439590
58.2359,17.1715,73.8579,0,99,98,77,1551,3504,2.41724,0,15.5978,8.9129,0,3200,63064611999
51.9556,19.2472,73.8579,0,99,98,77,1551,3504,2.41724,0,15.5978,8.9129,0,3200,63083861153
50.8823,19.6532,73.8579,0,99,98,77,1551,3504,2.41724,0,15.5978,8.9129,0,3200,63103515370
51.0269,19.5975,73.8579,0,99,98,77,1551,3504,2.41724,0,15.5978,8.9129,0,3200,63123114137
51.196,19.5328,73.8579,0,99,98,77,1551,3504,2.41724,0,15.5978,8.9129,0,3200,63142647055
50.5315,19.7896,73.8579,0,99,98,77,1551,3504,2.41724,0,15.5978,8.9129,0,3200,63162438573
51.4889,19.4217,73.8579,0,99,98,77,1551,3504,2.41724,0,15.5978,8.9129,0,3200,63181861056
51.0031,19.6067,73.8579,0,99,98,77,1551,3504,2.41724,0,15.5978,8.9129,0,3200,63201468765
50.9735,19.618,73.8579,0,99,98,77,1551,3504,2.41724,0,15.5978,8.9129,0,3200,63221087772
51.153,19.5492,73.8579,0,99,98,77,1551,3504,2.41724,0,15.5978,8.9129,0,3200,63240639541
51.2232,19.5224,73.8579,0,99,98,77,1551,3504,2.41724,0,15.5978,8.9129,0,3200,63260162102
42.2924,23.6449,73.8579,0,99,98,77,1551,3504,2.41724,0,15.5978,8.9129,0,3200,63283808186
64.8195,15.4274,73.8579,0,99,98,77,1551,3504,2.41724,0,15.5978,8.9129,0,3200,63299235911
51.3728,19.4656,73.8579,0,99,98,77,1551,3504,2.41724,0,15.5978,8.9129,0,3200,63318702897
51.0263,19.5977,73.8579,0,99,98,77,1551,3504,2.41724,0,15.5978,8.9129,0,3200,63338304004
48.7045,20.532,73.8579,0,99,98,77,1551,3504,2.41724,0,15.5978,8.9129,0,3200,63358835517
54.2942,18.4182,73.8579,0,99,98,77,1551,3504,2.41724,0,15.5978,8.9129,0,3200,63377258065
51.0517,19.588,68.4864,0,100,98,77,1546,3504,2.41724,0,15.6097,8.9129,0,3300,63396844373
51.1429,19.5531,68.4864,0,100,98,77,1546,3504,2.41724,0,15.6097,8.9129,0,3300,63416398329
48.4437,20.6425,68.4864,0,100,98,77,1546,3504,2.41724,0,15.6097,8.9129,0,3300,63437041493
54.1678,18.4611,68.4864,0,100,98,77,1546,3504,2.41724,0,15.6097,8.9129,0,3300,63455504337
49.7687,20.093,68.4864,0,100,98,77,1546,3504,2.41724,0,15.6097,8.9129,0,3300,63475598087
52.7388,18.9614,68.4864,0,100,98,77,1546,3504,2.41724,0,15.6097,8.9129,0,3300,63494560985
46.6565,21.4332,68.4864,0,100,98,77,1546,3504,2.41724,0,15.6097,8.9129,0,3300,63515994771
55.5185,18.012,68.4864,0,100,98,77,1546,3504,2.41724,0,15.6097,8.9129,0,3300,63534008296
44.3045,22.5711,68.4864,0,100,98,77,1546,3504,2.41724,0,15.6097,8.9129,0,3300,63556582056
52.0894,19.1978,68.4864,0,100,98,77,1546,3504,2.41724,0,15.6097,8.9129,0,3300,63575778824
48.2438,20.7281,68.4864,0,100,98,77,1546,3504,2.41724,0,15.6097,8.9129,0,3300,63596508343
54.1233,18.4763,68.4864,0,100,98,77,1546,3504,2.41724,0,15.6097,8.9129,0,3300,63614992270
48.7722,20.5035,68.4864,0,100,98,77,1546,3504,2.41724,0,15.6097,8.9129,0,3300,63635495041
52.1429,19.1781,68.4864,0,100,98,77,1546,3504,2.41724,0,15.6097,8.9129,0,3300,63654672974
47.0401,21.2584,68.4864,0,100,98,77,1546,3504,2.41724,0,15.6097,8.9129,0,3300,63675932638
55.5231,18.0105,68.4864,0,100,98,77,1546,3504,2.41724,0,15.6097,8.9129,0,3300,63693943749
37.7812,26.4682,68.4864,0,100,98,77,1546,3504,2.41724,0,15.6097,8.9129,0,3300,63720413224
77.0512,12.9784,68.4864,0,100,98,77,1546,3504,2.41724,0,15.6097,8.9129,0,3300,63733392601
49.7374,20.1056,68.4864,0,100,98,77,1546,3504,2.41724,0,15.6097,8.9129,0,3300,63753500798
51.1799,19.5389,68.4864,0,100,98,77,1546,3504,2.41724,0,15.6097,8.9129,0,3300,63773040745
50.756,19.7021,68.4864,0,100,98,77,1546,3504,2.41724,0,15.6097,8.9129,0,3300,63792742433
50.8111,19.6808,68.4864,0,100,98,77,1546,3504,2.41724,0,15.6097,8.9129,0,3300,63812424229
48.5805,20.5844,68.4864,0,100,98,77,1546,3504,2.41724,0,15.6097,8.9129,0,3300,63833009793
52.9327,18.8919,68.4864,0,100,98,77,1546,3504,2.41724,0,15.6097,8.9129,0,3300,63851902854
50.6552,19.7413,68.4864,0,100,98,77,1546,3504,2.41724,0,15.6097,8.9129,0,3300,63871644995
50.284,19.887,68.4864,0,100,98,77,1546,3504,2.41724,0,15.6097,8.9129,0,3300,63891536308
50.5241,19.7925,73.1884,0,100,99,77,1546,3504,2.41724,0,15.5971,8.9129,0,3202,63911327482
51.4819,19.4243,73.1884,0,100,99,77,1546,3504,2.41724,0,15.5971,8.9129,0,3202,63930752391
50.5218,19.7935,73.1884,0,100,99,77,1546,3504,2.41724,0,15.5971,8.9129,0,3202,63950548370
50.3355,19.8667,73.1884,0,100,99,77,1546,3504,2.41724,0,15.5971,8.9129,0,3202,63970416373
47.9665,20.8479,73.1884,0,100,99,77,1546,3504,2.41724,0,15.5971,8.9129,0,3202,63991264216
47.7167,20.957,73.1884,0,100,99,77,1546,3504,2.41724,0,15.5971,8.9129,0,3202,64012221731
57.5165,17.3863,73.1884,0,100,99,77,1546,3504,2.41724,0,15.5971,8.9129,0,3202,64029609521
52.0257,19.2213,73.1884,0,100,99,77,1546,3504,2.41724,0,15.5971,8.9129,0,3202,64048831313
42.9296,23.294,73.1884,0,100,99,77,1546,3504,2.41724,0,15.5971,8.9129,0,3202,64072126301
62.5651,15.9834,73.1884,0,100,99,77,1546,3504,2.41724,0,15.5971,8.9129,0,3202,64088123352
49.7965,20.0817,73.1884,0,100,99,77,1546,3504,2.41724,0,15.5971,8.9129,0,3202,64108193578
47.0895,21.2361,73.1884,0,100,99,77,1546,3504,2.41724,0,15.5971,8.9129,0,3202,64129430192
49.6301,20.1491,73.1884,0,100,99,77,1546,3504,2.41724,0,15.5971,8.9129,0,3202,64149580155
58.7546,17.0199,73.1884,0,100,99,77,1546,3504,2.41724,0,15.5971,8.9129,0,3202,64166602617
48.8289,20.4797,73.1884,0,100,99,77,1546,3504,2.41724,0,15.5971,8.9129,0,3202,64187085324
51.5432,19.4012,73.1884,0,100,99,77,1546,3504,2.41724,0,15.5971,8.9129,0,3202,64206486499
46.8918,21.3257,73.1884,0,100,99,77,1546,3504,2.41724,0,15.5971,8.9129,0,3202,64227811968
54.1069,18.4819,73.1884,0,100,99,77,1546,3504,2.41724,0,15.5971,8.9129,0,3202,64246294814
46.2569,21.6184,73.1884,0,100,99,77,1546,3504,2.41724,0,15.5971,8.9129,0,3202,64267914651
54.647,18.2993,73.1884,0,100,99,77,1546,3504,2.41724,0,15.5971,8.9129,0,3202,64286214277
50.0884,19.9647,73.1884,0,100,99,77,1546,3504,2.41724,0,15.5971,8.9129,0,3202,64306180897
51.6991,19.3427,73.1884,0,100,99,77,1546,3504,2.41724,0,15.5971,8.9129,0,3202,64325523920
49.6901,20.1247,73.1884,0,100,99,77,1546,3504,2.41724,0,15.5971,8.9129,0,3202,64345650138
51.3816,19.4622,73.1884,0,100,99,77,1546,3504,2.41724,0,15.5971,8.9129,0,3202,64365113007
46.2728,21.611,73.1884,0,100,99,77,1546,3504,2.41724,0,15.5971,8.9129,0,3202,64386725146
54.1268,18.4752,73.1884,0,100,99,77,1546,3504,2.41724,0,15.5971,8.9129,0,3202,64405227183
47.6568,20.9833,74.9373,0,100,99,78,1551,3504,2.41778,0,15.5903,8.9129,0,3400,64426203855
52.69,18.9789,74.9373,0,100,99,78,1551,3504,2.41778,0,15.5903,8.9129,0,3400,64445166872
49.2553,20.3024,74.9373,0,100,99,78,1551,3504,2.41778,0,15.5903,8.9129,0,3400,64466112839
52.3046,19.1188,74.9373,0,100,99,78,1551,3504,2.41778,0,15.5903,8.9129,0,3400,64484591105
50.6116,19.7583,74.9373,0,100,99,78,1551,3504,2.41778,0,15.5903,8.9129,0,3400,64504352352
51.0692,19.5813,74.9373,0,100,99,78,1551,3504,2.41778,0,15.5903,8.9129,0,3400,64523934202
49.6759,20.1305,74.9373,0,100,99,78,1551,3504,2.41778,0,15.5903,8.9129,0,3400,64544066470
52.5881,19.0157,74.9373,0,100,99,78,1551,3504,2.41778,0,15.5903,8.9129,0,3400,64563082096
49.4798,20.2103,74.9373,0,100,99,78,1551,3504,2.41778,0,15.5903,8.9129,0,3400,64583294924
52.3254,19.1112,74.9373,0,100,99,78,1551,3504,2.41778,0,15.5903,8.9129,0,3400,64602407972
52.113,19.1891,74.9373,0,100,99,78,1551,3504,2.41778,0,15.5903,8.9129,0,3400,64621598258
52.1228,19.1855,74.9373,0,100,99,78,1551,3504,2.41778,0,15.5903,8.9129,0,3400,64640784126
52.0963,19.1952,74.9373,0,100,99,78,1551,3504,2.41778,0,15.5903,8.9129,0,3400,64659981115
51.4891,19.4216,74.9373,0,100,99,78,1551,3504,2.41778,0,15.5903,8.9129,0,3400,64679403211
51.683,19.3487,74.9373,0,100,99,78,1551,3504,2.41778,0,15.5903,8.9129,0,3400,64698753874
53.1311,18.8214,74.9373,0,100,99,78,1551,3504,2.41778,0,15.5903,8.9129,0,3400,64717575190
52.4189,19.0771,74.9373,0,100,99,78,1551,3504,2.41778,0,15.5903,8.9129,0,3400,64736653840
51.6877,19.347,74.9373,0,100,99,78,1551,3504,2.41778,0,15.5903,8.9129,0,3400,64756001896
52.7792,18.9468,74.9373,0,100,99,78,1551,3504,2.41778,0,15.5903,8.9129,0,3400,64774950094
52.7245,18.9665,74.9373,0,100,99,78,1551,3504,2.41778,0,15.5903,8.9129,0,3400,64793916863
50.5506,19.7822,74.9373,0,100,99,78,1551,3504,2.41778,0,15.5903,8.9129,0,3400,64813700198
54.6842,18.2868,74.9373,0,100,99,78,1551,3504,2.41778,0,15.5903,8.9129,0,3400,64831987807
50.2323,19.9075,74.9373,0,100,99,78,1551,3504,2.41778,0,15.5903,8.9129,0,3400,64851908298
55.0651,18.1603,74.9373,0,100,99,78,1551,3504,2.41778,0,15.5903,8.9129,0,3400,64870058265
52.6439,18.9956,74.9373,0,100,99,78,1551,3504,2.41778,0,15.5903,8.9129,0,3400,64889055263
52.2927,19.1231,74.9373,0,100,99,78,1551,3504,2.41778,0,15.5903,8.9129,0,3400,64908181910
52.8656,18.9159,73.2323,0,100,98,78,1563,3504,2.42047,0,15.5789,8.9129,0,3280,64927096067
52.4399,19.0695,73.2323,0,100,98,78,1563,3504,2.42047,0,15.5789,8.9129,0,3280,64946166945
52.5511,19.0291,73.2323,0,100,98,78,1563,3504,2.42047,0,15.5789,8.9129,0,3280,64965197433
52.4718,19.0578,73.2323,0,100,98,78,1563,3504,2.42047,0,15.5789,8.9129,0,3280,64984256707
52.3883,19.0882,73.2323,0,100,98,78,1563,3504,2.42047,0,15.5789,8.9129,0,3280,65003345673
52.7424,18.9601,73.2323,0,100,98,78,1563,3504,2.42047,0,15.5789,8.9129,0,3280,65022305237
51.9873,19.2355,73.2323,0,100,98,78,1563,3504,2.42047,0,15.5789,8.9129,0,3280,65041542446
53.257,18.7769,73.2323,0,100,98,78,1563,3504,2.42047,0,15.5789,8.9129,0,3280,65060322513
49.7895,20.0846,73.2323,0,100,98,78,1563,3504,2.42047,0,15.5789,8.9129,0,3280,65080406234
55.3934,18.0527,73.2323,0,100,98,78,1563,3504,2.42047,0,15.5789,8.9129,0,3280,65098459357
50.4484,19.8222,73.2323,0,100,98,78,1563,3504,2.42047,0,15.5789,8.9129,0,3280,65118283824
54.5558,18.3299,73.2323,0,100,98,78,1563,3504,2.42047,0,15.5789,8.9129,0,3280,65136614616
51.3556,19.4721,73.2323,0,100,98,78,1563,3504,2.42047,0,15.5789,8.9129,0,3280,65156090418
53.9153,18.5476,73.2323,0,100,98,78,1563,3504,2.42047,0,15.5789,8.9129,0,3280,65174636133
51.925,19.2585,73.2323,0,100,98,78,1563,3504,2.42047,0,15.5789,8.9129,0,3280,65193897727
52.8472,18.9225,73.2323,0,100,98,78,1563,3504,2.42047,0,15.5789,8.9129,0,3280,65212820313
47.1691,21.2003,73.2323,0,100,98,78,1563,3504,2.42047,0,15.5789,8.9129,0,3280,65234022349
58.9786,16.9553,73.2323,0,100,98,78,1563,3504,2.42047,0,15.5789,8.9129,0,3280,65250979260
51.1434,19.5529,73.2323,0,100,98,78,1563,3504,2.42047,0,15.5789,8.9129,0,3280,65270532350
54.2878,18.4204,73.2323,0,100,98,78,1563,3504,2.42047,0,15.5789,8.9129,0,3280,65288953580
51.7836,19.3111,73.2323,0,100,98,78,1563,3504,2.42047,0,15.5789,8.9129,0,3280,65308266055
53.2016,18.7964,73.2323,0,100,98,78,1563,3504,2.42047,0,15.5789,8.9129,0,3280,65327066598
52.2575,19.136,73.2323,0,100,98,78,1563,3504,2.42047,0,15.5789,8.9129,0,3280,65346202169
49.1641,20.34,73.2323,0,100,98,78,1563,3504,2.42047,0,15.5789,8.9129,0,3280,65366542707
55.1129,18.1446,73.2323,0,100,98,78,1563,3504,2.42047,0,15.5789,8.9129,0,3280,65384688754
54.4529,18.3645,73.2323,0,100,98,78,1563,3504,2.42047,0,15.5789,8.9129,0,3280,65403053285
52.6001,19.0114,73.2323,0,100,98,78,1563,3504,2.42047,0,15.5789,8.9129,0,3280,65422070749
52.7268,18.9657,74.1935,0,100,98,79,1638,3504,2.43544,0,15.5569,8.9129,0,3185,65441031726
52.8894,18.9074,74.1935,0,100,98,79,1638,3504,2.43544,0,15.5569,8.9129,0,3185,65459941258
53.0122,18.8636,74.1935,0,100,98,79,1638,3504,2.43544,0,15.5569,8.9129,0,3185,65478805529
50.0404,19.9838,74.1935,0,100,98,79,1638,3504,2.43544,0,15.5569,8.9129,0,3185,65498790646
50.654,19.7418,74.1935,0,100,98,79,1638,3504,2.43544,0,15.5569,8.9129,0,3185,65518532909
54.8369,18.2359,74.1935,0,100,98,79,1638,3504,2.43544,0,15.5569,8.9129,0,3185,65536773416
52.9779,18.8758,74.1935,0,100,98,79,1638,3504,2.43544,0,15.5569,8.9129,0,3185,65555653925
51.2933,19.4957,74.1935,0,100,98,79,1638,3504,2.43544,0,15.5569,8.9129,0,3185,65575150503
54.7778,18.2556,74.1935,0,100,98,79,1638,3504,2.43544,0,15.5569,8.9129,0,3185,65593410482
44.8728,22.2852,74.1935,0,100,98,79,1638,3504,2.43544,0,15.5569,8.9129,0,3185,65615695290
53.0288,18.8577,74.1935,0,100,98,79,1638,3504,2.43544,0,15.5569,8.9129,0,3185,65634554783
53.6575,18.6367,74.1935,0,100,98,79,1638,3504,2.43544,0,15.5569,8.9129,0,3185,65653191318
52.5546,19.0278,74.1935,0,100,98,79,1638,3504,2.43544,0,15.5569,8.9129,0,3185,65672219490
50.7468,19.7057,74.1935,0,100,98,79,1638,3504,2.43544,0,15.5569,8.9129,0,3185,65691929242
56.5087,17.6964,74.1935,0,100,98,79,1638,3504,2.43544,0,15.5569,8.9129,0,3185,65709625536
46.0748,21.7038,74.1935,0,100,98,79,1638,3504,2.43544,0,15.5569,8.9129,0,3185,65731330397
63.4529,15.7597,74.1935,0,100,98,79,1638,3504,2.43544,0,15.5569,8.9129,0,3185,65747090482
48.3292,20.6914,74.1935,0,100,98,79,1638,3504,2.43544,0,15.5569,8.9129,0,3185,65767783565
59.8299,16.714,74.1935,0,100,98,79,1638,3504,2.43544,0,15.5569,8.9129,0,3185,65784498829
51.7146,19.3369,74.1935,0,100,98,79,1638,3504,2.43544,0,15.5569,8.9129,0,3185,65803836892
55.1849,18.1209,74.1935,0,100,98,79,1638,3504,2.43544,0,15.5569,8.9129,0,3185,65821959157
49.9286,20.0286,74.1935,0,100,98,79,1638,3504,2.43544,0,15.5569,8.9129,0,3185,65841989049
57.6857,17.3353,74.1935,0,100,98,79,1638,3504,2.43544,0,15.5569,8.9129,0,3185,65859325821
48.2159,20.7401,74.1935,0,100,98,79,1638,3504,2.43544,0,15.5569,8.9129,0,3185,65880067555
52.1082,19.1909,74.1935,0,100,98,79,1638,3504,2.43544,0,15.5569,8.9129,0,3185,65899258245
54.4194,18.3758,74.1935,0,100,98,79,1638,3504,2.43544,0,15.5569,8.9129,0,3185,65917637762
53.8846,18.5582,74.1935,0,100,98,79,1638,3504,2.43544,0,15.5569,8.9129,0,3185,65936199637
51.1854,19.5368,73.399,0,99,97,79,1634,3504,2.48778,0,15.5743,8.9129,0,3200,65955733243
55.9315,17.879,73.399,0,99,97,79,1634,3504,2.48778,0,15.5743,8.9129,0,3200,65973612864
46.0227,21.7284,73.399,0,99,97,79,1634,3504,2.48778,0,15.5743,8.9129,0,3200,65995342540
63.0081,15.871,73.399,0,99,97,79,1634,3504,2.48778,0,15.5743,8.9129,0,3200,66011213263
52.5762,19.02,73.399,0,99,97,79,1634,3504,2.48778,0,15.5743,8.9129,0,3200,66030235672
48.3318,20.6903,73.399,0,99,97,79,1634,3504,2.48778,0,15.5743,8.9129,0,3200,66050926882
48.804,20.4901,73.399,0,99,97,79,1634,3504,2.48778,0,15.5743,8.9129,0,3200,66071417626
57.7064,17.3291,73.399,0,99,97,79,1634,3504,2.48778,0,15.5743,8.9129,0,3200,66088747989
52.8701,18.9143,73.399,0,99,97,79,1634,3504,2.48778,0,15.5743,8.9129,0,3200,66107663020
53.5669,18.6682,73.399,0,99,97,79,1634,3504,2.48778,0,15.5743,8.9129,0,3200,66126332172
52.7405,18.9608,73.399,0,99,97,79,1634,3504,2.48778,0,15.5743,8.9129,0,3200,66145293993
53.1356,18.8198,73.399,0,99,97,79,1634,3504,2.48778,0,15.5743,8.9129,0,3200,66164115986
52.489,19.0516,73.399,0,99,97,79,1634,3504,2.48778,0,15.5743,8.9129,0,3200,66183168582
53.7607,18.6009,73.399,0,99,97,79,1634,3504,2.48778,0,15.5743,8.9129,0,3200,66201770302
52.1027,19.1929,73.399,0,99,97,79,1634,3504,2.48778,0,15.5743,8.9129,0,3200,66220964253
53.7266,18.6128,73.399,0,99,97,79,1634,3504,2.48778,0,15.5743,8.9129,0,3200,66239578559
53.0397,18.8538,73.399,0,99,97,79,1634,3504,2.48778,0,15.5743,8.9129,0,3200,66258433781
53.2187,18.7904,73.399,0,99,97,79,1634,3504,2.48778,0,15.5743,8.9129,0,3200,66277224288
52.2786,19.1283,73.399,0,99,97,79,1634,3504,2.48778,0,15.5743,8.9129,0,3200,66296354845
53.8736,18.562,73.399,0,99,97,79,1634,3504,2.48778,0,15.5743,8.9129,0,3200,66314918669
52.4918,19.0506,73.399,0,99,97,79,1634,3504,2.48778,0,15.5743,8.9129,0,3200,66333970189
53.8938,18.555,73.399,0,99,97,79,1634,3504,2.48778,0,15.5743,8.9129,0,3200,66352525471
53.2017,18.7964,73.399,0,99,97,79,1634,3504,2.48778,0,15.5743,8.9129,0,3200,66371324200
53.4051,18.7248,73.399,0,99,97,79,1634,3504,2.48778,0,15.5743,8.9129,0,3200,66390048965
53.0812,18.8391,73.399,0,99,97,79,1634,3504,2.48778,0,15.5743,8.9129,0,3200,66408889271
53.5389,18.678,73.399,0,99,97,79,1634,3504,2.48778,0,15.5743,8.9129,0,3200,66427580639
50.2053,19.9182,73.399,0,99,97,79,1634,3504,2.48778,0,15.5743,8.9129,0,3200,66447491111
56.6721,17.6454,66.9154,0,99,97,79,1632,3504,2.54257,0,15.5959,8.9129,0,3401,66465133804
51.9101,19.2641,66.9154,0,99,97,79,1632,3504,2.54257,0,15.5959,8.9129,0,3401,66484399060
54.6129,18.3107,66.9154,0,99,97,79,1632,3504,2.54257,0,15.5959,8.9129,0,3401,66502710291
51.1213,19.5613,66.9154,0,99,97,79,1632,3504,2.54257,0,15.5959,8.9129,0,3401,66522273622
54.719,18.2752,66.9154,0,99,97,79,1632,3504,2.54257,0,15.5959,8.9129,0,3401,66540549769
50.1577,19.9371,66.9154,0,99,97,79,1632,3504,2.54257,0,15.5959,8.9129,0,3401,66560488214
58.3985,17.1237,66.9154,0,99,97,79,1632,3504,2.54257,0,15.5959,8.9129,0,3401,66577612737
51.493,19.4201,66.9154,0,99,97,79,1632,3504,2.54257,0,15.5959,8.9129,0,3401,66597339135
55.0594,18.1622,66.9154,0,99,97,79,1632,3504,2.54257,0,15.5959,8.9129,0,3401,66615196859
44.8534,22.2948,66.9154,0,99,97,79,1632,3504,2.54257,0,15.5959,8.9129,0,3401,66637493323
65.9293,15.1678,66.9154,0,99,97,79,1632,3504,2.54257,0,15.5959,8.9129,0,3401,66652662165
52.578,19.0193,66.9154,0,99,97,79,1632,3504,2.54257,0,15.5959,8.9129,0,3401,66671683146
53.9028,18.5519,66.9154,0,99,97,79,1632,3504,2.54257,0,15.5959,8.9129,0,3401,66690235780
46.2586,21.6176,66.9154,0,99,97,79,1632,3504,2.54257,0,15.5959,8.9129,0,3401,66711855367
63.1748,15.8291,66.9154,0,99,97,79,1632,3504,2.54257,0,15.5959,8.9129,0,3401,66727685701
48.1373,20.7739,66.9154,0,99,97,79,1632,3504,2.54257,0,15.5959,8.9129,0,3401,66748460401
52.7174,18.9691,66.9154,0,99,97,79,1632,3504,2.54257,0,15.5959,8.9129,0,3401,66767430003
51.848,19.2872,66.9154,0,99,97,79,1632,3504,2.54257,0,15.5959,8.9129,0,3401,66786719744
56.223,17.7863,66.9154,0,99,97,79,1632,3504,2.54257,0,15.5959,8.9129,0,3401,66804506665
50.0455,19.9818,66.9154,0,99,97,79,1632,3504,2.54257,0,15.5959,8.9129,0,3401,66824490097
50.9385,19.6315,66.9154,0,99,97,79,1632,3504,2.54257,0,15.5959,8.9129,0,3401,66844123137
46.9983,21.2774,66.9154,0,99,97,79,1632,3504,2.54257,0,15.5959,8.9129,0,3401,66865399963
66.0254,15.1457,66.9154,0,99,97,79,1632,3504,2.54257,0,15.5959,8.9129,0,3401,66880546598
52.0132,19.2259,66.9154,0,99,97,79,1632,3504,2.54257,0,15.5959,8.9129,0,3401,66899774574
54.2601,18.4297,66.9154,0,99,97,79,1632,3504,2.54257,0,15.5959,8.9129,0,3401,66918205863
53.115,18.8271,66.9154,0,99,97,79,1632,3504,2.54257,0,15.5959,8.9129,0,3401,66937034096
53.2491,18.7797,66.9154,0,99,97,79,1632,3504,2.54257,0,15.5959,8.9129,0,3401,66955816354
45.9029,21.7851,76.7327,0,99,97,79,1632,3504,2.54257,0,15.6054,8.9129,0,3400,66977600739
51.4401,19.4401,76.7327,0,99,97,79,1632,3504,2.54257,0,15.6054,8.9129,0,3400,66997041873
52.604,19.0099,76.7327,0,99,97,79,1632,3504,2.54257,0,15.6054,8.9129,0,3400,67016054299
54.7867,18.2526,76.7327,0,99,97,79,1632,3504,2.54257,0,15.6054,8.9129,0,3400,67034307376
51.1608,19.5462,76.7327,0,99,97,79,1632,3504,2.54257,0,15.6054,8.9129,0,3400,67053854853
53.4079,18.7238,76.7327,0,99,97,79,1632,3504,2.54257,0,15.6054,8.9129,0,3400,67072579146
52.4597,19.0623,76.7327,0,99,97,79,1632,3504,2.54257,0,15.6054,8.9129,0,3400,67091642864
52.0204,19.2232,76.7327,0,99,97,79,1632,3504,2.54257,0,15.6054,8.9129,0,3400,67110871650
51.8391,19.2904,76.7327,0,99,97,79,1632,3504,2.54257,0,15.6054,8.9129,0,3400,67130159332
51.7602,19.3199,76.7327,0,99,97,79,1632,3504,2.54257,0,15.6054,8.9129,0,3400,67149480002
48.3344,20.6892,76.7327,0,99,97,79,1632,3504,2.54257,0,15.6054,8.9129,0,3400,67170171152
45.2983,22.0759,76.7327,0,99,97,79,1632,3504,2.54257,0,15.6054,8.9129,0,3400,67192247603
47.2022,21.1855,76.7327,0,99,97,79,1632,3504,2.54257,0,15.6054,8.9129,0,3400,67213433922
63.2234,15.8169,76.7327,0,99,97,79,1632,3504,2.54257,0,15.6054,8.9129,0,3400,67229251673
44.921,22.2613,76.7327,0,99,97,79,1632,3504,2.54257,0,15.6054,8.9129,0,3400,67251516726
53.3284,18.7517,76.7327,0,99,97,79,1632,3504,2.54257,0,15.6054,8.9129,0,3400,67270267475
43.9236,22.7668,76.7327,0,99,97,79,1632,3504,2.54257,0,15.6054,8.9129,0,3400,67293052889
52.2283,19.1467,76.7327,0,99,97,79,1632,3504,2.54257,0,15.6054,8.9129,0,3400,67312183614
43.1377,23.1816,76.7327,0,99,97,79,1632,3504,2.54257,0,15.6054,8.9129,0,3400,67335365658
52.771,18.9498,76.7327,0,99,97,79,1632,3504,2.54257,0,15.6054,8.9129,0,3400,67354316595
44.2946,22.5761,76.7327,0,99,97,79,1632,3504,2.54257,0,15.6054,8.9129,0,3400,67376894524
51.0619,19.5841,76.7327,0,99,97,79,1632,3504,2.54257,0,15.6054,8.9129,0,3400,67396478382
38.4531,26.0057,76.7327,0,99,97,79,1632,3504,2.54257,0,15.6054,8.9129,0,3400,67422485896
44.2782,22.5845,76.7327,0,99,97,79,1632,3504,2.54257,0,15.6054,8.9129,0,3400,67445092652
53.4626,18.7047,76.7327,0,99,97,79,1632,3504,2.54257,0,15.6054,8.9129,0,3400,67463802552
52.6974,18.9763,68.3292,0,100,97,80,1632,3504,2.54893,0,15.6076,8.9129,0,1769,67482797082
33.8965,29.5016,68.3292,0,100,97,80,1632,3504,2.54893,0,15.6076,8.9129,0,1769,67512299169
37.0216,27.0112,68.3292,0,100,97,80,1632,3504,2.54893,0,15.6076,8.9129,0,1769,67539311500
54.0676,18.4954,68.3292,0,100,97,80,1632,3504,2.54893,0,15.6076,8.9129,0,1769,67557807406
39.7879,25.1333,68.3292,0,100,97,80,1632,3504,2.54893,0,15.6076,8.9129,0,1769,67582941596
63.499,15.7483,68.3292,0,100,97,80,1632,3504,2.54893,0,15.6076,8.9129,0,1769,67598691357
35.8734,27.8758,68.3292,0,100,97,80,1632,3504,2.54893,0,15.6076,8.9129,0,1769,67626590148
60.145,16.6265,68.3292,0,100,97,80,1632,3504,2.54893,0,15.6076,8.9129,0,1769,67643217176
36.2033,27.6218,68.3292,0,100,97,80,1632,3504,2.54893,0,15.6076,8.9129,0,1769,67670820401
68.5627,14.5852,68.3292,0,100,97,80,1632,3504,2.54893,0,15.6076,8.9129,0,1769,67685405210
42.9604,23.2773,68.3292,0,100,97,80,1632,3504,2.54893,0,15.6076,8.9129,0,1769,67708706275
40.0615,24.9616,68.3292,0,100,97,80,1632,3504,2.54893,0,15.6076,8.9129,0,1769,67733646872
52.6858,18.9804,68.3292,0,100,97,80,1632,3504,2.54893,0,15.6076,8.9129,0,1769,67752628094
40.4277,24.7355,68.3292,0,100,97,80,1632,3504,2.54893,0,15.6076,8.9129,0,1769,67777385933
37.3458,26.7767,68.3292,0,100,97,80,1632,3504,2.54893,0,15.6076,8.9129,0,1769,67804164384
43.8335,22.8136,68.3292,0,100,97,80,1632,3504,2.54893,0,15.6076,8.9129,0,1769,67826999586
46.8802,21.331,68.3292,0,100,97,80,1632,3504,2.54893,0,15.6076,8.9129,0,1769,67848312324
64.3686,15.5355,68.3292,0,100,97,80,1632,3504,2.54893,0,15.6076,8.9129,0,1769,67863962255
46.3857,21.5584,68.3292,0,100,97,80,1632,3504,2.54893,0,15.6076,8.9129,0,1769,67885428471
36.6584,27.2789,68.3292,0,100,97,80,1632,3504,2.54893,0,15.6076,8.9129,0,1769,67912687623
53.144,18.8168,68.3292,0,100,97,80,1632,3504,2.54893,0,15.6076,8.9129,0,1769,67931505352
51.3736,19.4653,68.3292,0,100,97,80,1632,3504,2.54893,0,15.6076,8.9129,0,1769,67950972018
34.3195,29.1379,68.3292,0,100,97,80,1632,3504,2.54893,0,15.6076,8.9129,0,1769,67980116898
64.3634,15.5368,94.1463,0,99,89,78,1491,3504,2.56038,0,15.6375,8.9129,0,1727,67995670038
40.1315,24.9181,94.1463,0,99,89,78,1491,3504,2.56038,0,15.6375,8.9129,0,1727,68020589490
23.2003,43.1029,94.1463,0,99,89,78,1491,3504,2.56038,0,15.6375,8.9129,0,1727,68063730065
114.924,8.70137,94.1463,0,99,89,78,1491,3504,2.56038,0,15.6375,8.9129,0,1727,68072403757
21.0895,47.417,94.1463,0,99,89,78,1491,3504,2.56038,0,15.6375,8.9129,0,1727,68119821988
48.8394,20.4753,94.1463,0,99,89,78,1491,3504,2.56038,0,15.6375,8.9129,0,1727,68140297936
34.7896,28.7442,94.1463,0,99,89,78,1491,3504,2.56038,0,15.6375,8.9129,0,1727,68169044666
53.2449,18.7811,94.1463,0,99,89,78,1491,3504,2.56038,0,15.6375,8.9129,0,1727,68187827623
31.0958,32.1587,94.1463,0,99,89,78,1491,3504,2.56038,0,15.6375,8.9129,0,1727,68219985665
46.1065,21.6889,94.1463,0,99,89,78,1491,3504,2.56038,0,15.6375,8.9129,0,1727,68241676000
10.3054,97.0363,94.1463,0,99,89,78,1491,3504,2.56038,0,15.6375,8.9129,0,1727,68338714557
58.1653,17.1924,94.1463,0,99,89,78,1491,3504,2.56038,0,15.6375,8.9129,0,1727,68355907921
35.2292,28.3856,94.1463,0,99,89,78,1491,3504,2.56038,0,15.6375,8.9129,0,1727,68384295070
42.6716,23.4348,94.1463,0,99,89,78,1491,3504,2.56038,0,15.6375,8.9129,0,1727,68407731100
30.8512,32.4136,94.1463,0,99,89,78,1491,3504,2.56038,0,15.6375,8.9129,0,1727,68440167019
38.202,26.1766,94.1463,0,99,89,78,1491,3504,2.56038,0,15.6375,8.9129,0,1727,68466323570
35.8935,27.8602,94.1463,0,99,89,78,1491,3504,2.56038,0,15.6375,8.9129,0,1727,68494211070
35.8745,27.875,97.2973,0,99,89,78,1491,3504,2.56038,0,15.6568,8.9129,0,1746,68522062004
4.84324,206.473,97.2973,0,99,89,78,1491,3504,2.56038,0,15.6568,8.9129,0,1746,68728566196
40.7532,24.5379,97.2973,0,99,89,78,1491,3504,2.56038,0,15.6568,8.9129,0,1746,68753096050
24.3944,40.993,97.2973,0,99,89,78,1491,3504,2.56038,0,15.6568,8.9129,0,1746,68794090743
302.704,3.30356,97.2973,0,99,89,78,1491,3504,2.56038,0,15.6568,8.9129,0,1746,68797395903
12.6649,78.9582,97.2973,0,99,89,78,1491,3504,2.56038,0,15.6568,8.9129,0,1746,68876333691
24.6585,40.5539,97.2973,0,99,89,78,1491,3504,2.56038,0,15.6568,8.9129,0,1746,68916889139
195.689,5.11015,97.2973,0,99,89,78,1491,3504,2.56038,0,15.6568,8.9129,0,1746,68922000643
388.311,2.57525,97.2973,0,99,89,78,1491,3504,2.56038,0,15.6568,8.9129,0,1746,68924597501
20.9774,47.6703,97.2973,0,99,89,78,1491,3504,2.56038,0,15.6568,8.9129,0,1746,68972268745
180.097,5.55258,97.2973,0,99,89,78,1491,3504,2.56038,0,15.6568,8.9129,0,1746,68977800762
31.227,32.0236,97.2973,0,99,89,78,1491,3504,2.56038,0,15.6568,8.9129,0,1746,69009854390
135.392,7.38598,95.8435,0,74,87,76,1460,3504,2.561,0,15.659,8.9129,0,1772,69017213894
27.0006,37.0362,95.8435,0,74,87,76,1460,3504,2.561,0,15.659,8.9129,0,1772,69054251630
189.888,5.26626,95.8435,0,74,87,76,1460,3504,2.561,0,15.659,8.9129,0,1772,69059531228
27.9975,35.7175,95.8435,0,74,87,76,1460,3504,2.561,0,15.659,8.9129,0,1772,69095258518
242.405,4.12533,95.8435,0,74,87,76,1460,3504,2.561,0,15.659,8.9129,0,1772,69099391926
25.5611,39.1219,95.8435,0,74,87,76,1460,3504,2.561,0,15.659,8.9129,0,1772,69138486341
344.084,2.90626,95.8435,0,74,87,76,1460,3504,2.561,0,15.659,8.9129,0,1772,69141392761
24.4664,40.8723,95.8435,0,74,87,76,1460,3504,2.561,0,15.659,8.9129,0,1772,69182288281
201.616,4.95992,95.8435,0,74,87,76,1460,3504,2.561,0,15.659,8.9129,0,1772,69187228251
27.295,36.6367,95.8435,0,74,87,76,1460,3504,2.561,0,15.659,8.9129,0,1772,69223866223
121.175,8.25252,95.8435,0,74,87,76,1460,3504,2.561,0,15.659,8.9129,0,1772,69232142131
28.8449,34.6681,95.8435,0,74,87,76,1460,3504,2.561,0,15.659,8.9129,0,1772,69266811259
66.5383,15.0289,95.8435,0,74,87,76,1460,3504,2.561,0,15.659,8.9129,0,1772,69281819779
35.6448,28.0546,95.8435,0,74,87,76,1460,3504,2.561,0,15.659,8.9129,0,1772,69309875819
46.359,21.5708,95.8435,0,74,87,76,1460,3504,2.561,0,15.659,8.9129,0,1772,69331446948
49.7689,20.0929,95.8435,0,74,87,76,1460,3504,2.561,0,15.659,8.9129,0,1772,69351554716
48.3272,20.6923,95.8435,0,74,87,76,1460,3504,2.561,0,15.659,8.9129,0,1772,69372235491
47.2507,21.1637,95.8435,0,74,87,76,1460,3504,2.561,0,15.659,8.9129,0,1772,69393401033
47.722,20.9547,95.8435,0,74,87,76,1460,3504,2.561,0,15.659,8.9129,0,1772,69414356127
46.178,21.6553,95.8435,0,74,87,76,1460,3504,2.561,0,15.659,8.9129,0,1772,69436013065
48.8515,20.4702,95.8435,0,74,87,76,1460,3504,2.561,0,15.659,8.9129,0,1772,69456482420
46.927,21.3097,95.8435,0,74,87,76,1460,3504,2.561,0,15.659,8.9129,0,1772,69477793874
47.1575,21.2056,95.8435,0,74,87,76,1460,3504,2.561,0,15.659,8.9129,0,1772,69499001344
48.4534,20.6384,95.8435,0,74,87,76,1460,3504,2.561,0,15.659,8.9129,0,1772,69519666189
47.5977,21.0094,75.1244,0,74,87,76,1460,3504,2.561,0,15.6769,8.9129,0,1974,69540651000
47.8272,20.9086,75.1244,0,74,87,76,1460,3504,2.561,0,15.6769,8.9129,0,1974,69561561101
47.7797,20.9294,75.1244,0,74,87,76,1460,3504,2.561,0,15.6769,8.9129,0,1974,69582490432
48.1253,20.7791,75.1244,0,74,87,76,1460,3504,2.561,0,15.6769,8.9129,0,1974,69603314767
47.0341,21.2612,75.1244,0,74,87,76,1460,3504,2.561,0,15.6769,8.9129,0,1974,69624535075
48.0836,20.7971,75.1244,0,74,87,76,1460,3504,2.561,0,15.6769,8.9129,0,1974,69645332263
44.757,22.3428,75.1244,0,74,87,76,1460,3504,2.561,0,15.6769,8.9129,0,1974,69667696741
51.5753,19.3891,75.1244,0,74,87,76,1460,3504,2.561,0,15.6769,8.9129,0,1974,69687065213
48.1523,20.7674,75.1244,0,74,87,76,1460,3504,2.561,0,15.6769,8.9129,0,1974,69707832989
47.8132,20.9147,75.1244,0,74,87,76,1460,3504,2.561,0,15.6769,8.9129,0,1974,69728750263
48.0031,20.832,75.1244,0,74,87,76,1460,3504,2.561,0,15.6769,8.9129,0,1974,69749583368
47.247,21.1654,75.1244,0,74,87,76,1460,3504,2.561,0,15.6769,8.9129,0,1974,69770750000
48.4153,20.6546,75.1244,0,74,87,76,1460,3504,2.561,0,15.6769,8.9129,0,1974,69791427254
47.6977,20.9654,75.1244,0,74,87,76,1460,3504,2.561,0,15.6769,8.9129,0,1974,69812373064
47.9827,20.8408,75.1244,0,74,87,76,1460,3504,2.561,0,15.6769,8.9129,0,1974,69833214441
48.8617,20.4659,75.1244,0,74,87,76,1460,3504,2.561,0,15.6769,8.9129,0,1974,69853682288
46.9047,21.3198,75.1244,0,74,87,76,1460,3504,2.561,0,15.6769,8.9129,0,1974,69875023689
47.6163,21.0012,75.1244,0,74,87,76,1460,3504,2.561,0,15.6769,8.9129,0,1974,69896022732
48.2026,20.7458,75.1244,0,74,87,76,1460,3504,2.561,0,15.6769,8.9129,0,1974,69916870292
47.4167,21.0896,75.1244,0,74,87,76,1460,3504,2.561,0,15.6769,8.9129,0,1974,69937842316
48.1813,20.7549,75.1244,0,74,87,76,1460,3504,2.561,0,15.6769,8.9129,0,1974,69958598918
47.5267,21.0408,75.1244,0,74,87,76,1460,3504,2.561,0,15.6769,8.9129,0,1974,69979641120
47.6139,21.0023,75.1244,0,74,87,76,1460,3504,2.561,0,15.6769,8.9129,0,1974,70000644646
48.7333,20.5199,75.1244,0,74,87,76,1460,3504,2.561,0,15.6769,8.9129,0,1974,70021175553
46.833,21.3525,75.2551,0,92,86,76,1380,3504,2.56104,0,15.6774,8.9129,0,2216,70042518225
49.5359,20.1874,75.2551,0,92,86,76,1380,3504,2.56104,0,15.6774,8.9129,0,2216,70062728239
48.1493,20.7687,75.2551,0,92,86,76,1380,3504,2.56104,0,15.6774,8.9129,0,2216,70083497478
48.1797,20.7556,75.2551,0,92,86,76,1380,3504,2.56104,0,15.6774,8.9129,0,2216,70104245750
47.8861,20.8829,75.2551,0,92,86,76,1380,3504,2.56104,0,15.6774,8.9129,0,2216,70125116978
47.7422,20.9458,75.2551,0,92,86,76,1380,3504,2.56104,0,15.6774,8.9129,0,2216,70146064444
47.2479,21.165,75.2551,0,92,86,76,1380,3504,2.56104,0,15.6774,8.9129,0,2216,70167250945
48.95,20.429,75.2551,0,92,86,76,1380,3504,2.56104,0,15.6774,8.9129,0,2216,70187660855
48.3922,20.6645,75.2551,0,92,86,76,1380,3504,2.56104,0,15.6774,8.9129,0,2216,70208325468
47.8641,20.8925,75.2551,0,92,86,76,1380,3504,2.56104,0,15.6774,8.9129,0,2216,70229218950
48.6171,20.5689,75.2551,0,92,86,76,1380,3504,2.56104,0,15.6774,8.9129,0,2216,70249788091
47.6411,20.9903,75.2551,0,92,86,76,1380,3504,2.56104,0,15.6774,8.9129,0,2216,70270780645
48.5271,20.607,75.2551,0,92,86,76,1380,3504,2.56104,0,15.6774,8.9129,0,2216,70291388492
48.2353,20.7317,75.2551,0,92,86,76,1380,3504,2.56104,0,15.6774,8.9129,0,2216,70312121337
48.3099,20.6997,75.2551,0,92,86,76,1380,3504,2.56104,0,15.6774,8.9129,0,2216,70332842727
45.2349,22.1068,75.2551,0,92,86,76,1380,3504,2.56104,0,15.6774,8.9129,0,2216,70354951589
48.2787,20.7131,75.2551,0,92,86,76,1380,3504,2.56104,0,15.6774,8.9129,0,2216,70375665489
49.4282,20.2314,75.2551,0,92,86,76,1380,3504,2.56104,0,15.6774,8.9129,0,2216,70395918898
47.0594,21.2497,75.2551,0,92,86,76,1380,3504,2.56104,0,15.6774,8.9129,0,2216,70417170701
45.9816,21.7478,75.2551,0,92,86,76,1380,3504,2.56104,0,15.6774,8.9129,0,2216,70438919444
47.6155,21.0016,75.2551,0,92,86,76,1380,3504,2.56104,0,15.6774,8.9129,0,2216,70459921453
47.3639,21.1131,75.2551,0,92,86,76,1380,3504,2.56104,0,15.6774,8.9129,0,2216,70481036679
48.9506,20.4288,75.2551,0,92,86,76,1380,3504,2.56104,0,15.6774,8.9129,0,2216,70501466645
46.4944,21.508,75.2551,0,92,86,76,1380,3504,2.56104,0,15.6774,8.9129,0,2216,70523004158
50.2397,19.9046,69.1919,0,92,86,76,1380,3504,2.56104,0,15.6803,8.9129,0,1781,70542881757
43.4469,23.0166,69.1919,0,92,86,76,1380,3504,2.56104,0,15.6803,8.9129,0,1781,70565900536
56.7467,17.6222,69.1919,0,92,86,76,1380,3504,2.56104,0,15.6803,8.9129,0,1781,70583541381
47.2255,21.175,69.1919,0,92,86,76,1380,3504,2.56104,0,15.6803,8.9129,0,1781,70604720785
49.288,20.2889,69.1919,0,92,86,76,1380,3504,2.56104,0,15.6803,8.9129,0,1781,70625009445
46.7244,21.4021,69.1919,0,92,86,76,1380,3504,2.56104,0,15.6803,8.9129,0,1781,70646413858
51.1134,19.5644,69.1919,0,92,86,76,1380,3504,2.56104,0,15.6803,8.9129,0,1781,70665976979
46.6956,21.4153,69.1919,0,92,86,76,1380,3504,2.56104,0,15.6803,8.9129,0,1781,70687410468
50.3522,19.8601,69.1919,0,92,86,76,1380,3504,2.56104,0,15.6803,8.9129,0,1781,70707235421
45.9002,21.7864,69.1919,0,92,86,76,1380,3504,2.56104,0,15.6803,8.9129,0,1781,70729044249
48.6724,20.5455,69.1919,0,92,86,76,1380,3504,2.56104,0,15.6803,8.9129,0,1781,70749611834
50.3379,19.8657,69.1919,0,92,86,76,1380,3504,2.56104,0,15.6803,8.9129,0,1781,70769458597
48.264,20.7194,69.1919,0,92,86,76,1380,3504,2.56104,0,15.6803,8.9129,0,1781,70790177957
46.0257,21.727,69.1919,0,92,86,76,1380,3504,2.56104,0,15.6803,8.9129,0,1781,70811906837
51.5362,19.4038,69.1919,0,92,86,76,1380,3504,2.56104,0,15.6803,8.9129,0,1781,70831311529
44.8017,22.3206,69.1919,0,92,86,76,1380,3504,2.56104,0,15.6803,8.9129,0,1781,70853633613
50.5743,19.7729,69.1919,0,92,86,76,1380,3504,2.56104,0,15.6803,8.9129,0,1781,70873407023
48.5915,20.5797,69.1919,0,92,86,76,1380,3504,2.56104,0,15.6803,8.9129,0,1781,70893988532
50.2075,19.9173,69.1919,0,92,86,76,1380,3504,2.56104,0,15.6803,8.9129,0,1781,70913906153
47.5977,21.0094,69.1919,0,92,86,76,1380,3504,2.56104,0,15.6803,8.9129,0,1781,70934918218
49.5482,20.1823,69.1919,0,92,86,76,1380,3504,2.56104,0,15.6803,8.9129,0,1781,70955101293
44.7165,22.3631,69.1919,0,92,86,76,1380,3504,2.56104,0,15.6803,8.9129,0,1781,70977465494
52.5838,19.0173,69.1919,0,92,86,76,1380,3504,2.56104,0,15.6803,8.9129,0,1781,70996484061
44.7214,22.3607,69.1919,0,92,86,76,1380,3504,2.56104,0,15.6803,8.9129,0,1781,71018866011
54.1984,18.4507,69.1919,0,92,86,76,1380,3504,2.56104,0,15.6803,8.9129,0,1781,71037300720
47.7993,20.9208,73.8272,0,100,88,76,1388,3504,2.56104,0,15.6808,8.9129,0,1812,71058219389
50.057,19.9772,73.8272,0,100,88,76,1388,3504,2.56104,0,15.6808,8.9129,0,1812,71078197345
46.8056,21.3649,73.8272,0,100,88,76,1388,3504,2.56104,0,15.6808,8.9129,0,1812,71099563698
51.0926,19.5723,73.8272,0,100,88,76,1388,3504,2.56104,0,15.6808,8.9129,0,1812,71119149549
46.2671,21.6136,73.8272,0,100,88,76,1388,3504,2.56104,0,15.6808,8.9129,0,1812,71140752631
48.7234,20.524,73.8272,0,100,88,76,1388,3504,2.56104,0,15.6808,8.9129,0,1812,71161276449
48.1084,20.7864,73.8272,0,100,88,76,1388,3504,2.56104,0,15.6808,8.9129,0,1812,71182065274
50.3627,19.856,73.8272,0,100,88,76,1388,3504,2.56104,0,15.6808,8.9129,0,1812,71201922100
50.5219,19.7934,73.8272,0,100,88,76,1388,3504,2.56104,0,15.6808,8.9129,0,1812,71221716463
49.3043,20.2822,73.8272,0,100,88,76,1388,3504,2.56104,0,15.6808,8.9129,0,1812,71241999993
44.3198,22.5633,73.8272,0,100,88,76,1388,3504,2.56104,0,15.6808,8.9129,0,1812,71264564134
54.1429,18.4696,73.8272,0,100,88,76,1388,3504,2.56104,0,15.6808,8.9129,0,1812,71283034306
47.8197,20.9119,73.8272,0,100,88,76,1388,3504,2.56104,0,15.6808,8.9129,0,1812,71303947785
49.9089,20.0365,73.8272,0,100,88,76,1388,3504,2.56104,0,15.6808,8.9129,0,1812,71323986427
48.6598,20.5509,73.8272,0,100,88,76,1388,3504,2.56104,0,15.6808,8.9129,0,1812,71344555961
48.5296,20.606,73.8272,0,100,88,76,1388,3504,2.56104,0,15.6808,8.9129,0,1812,71365165787
48.9655,20.4225,73.8272,0,100,88,76,1388,3504,2.56104,0,15.6808,8.9129,0,1812,71385568290
47.6686,20.9782,73.8272,0,100,88,76,1388,3504,2.56104,0,15.6808,8.9129,0,1812,71406567764
48.1342,20.7752,73.8272,0,100,88,76,1388,3504,2.56104,0,15.6808,8.9129,0,1812,71427323649
47.6882,20.9695,73.8272,0,100,88,76,1388,3504,2.56104,0,15.6808,8.9129,0,1812,71448294964
48.6596,20.5509,73.8272,0,100,88,76,1388,3504,2.56104,0,15.6808,8.9129,0,1812,71468847186
47.8487,20.8992,73.8272,0,100,88,76,1388,3504,2.56104,0,15.6808,8.9129,0,1812,71489747811
46.2958,21.6002,73.8272,0,100,88,76,1388,3504,2.56104,0,15.6808,8.9129,0,1812,71511349114
46.1203,21.6824,73.8272,0,100,88,76,1388,3504,2.56104,0,15.6808,8.9129,0,1812,71533031687
50.6018,19.7621,73.8272,0,100,88,76,1388,3504,2.56104,0,15.6808,8.9129,0,1812,71552802783
48.2966,20.7054,68.7805,0,100,88,76,1392,3504,2.56104,0,15.6844,8.9129,0,2608,71573500249
48.0242,20.8228,68.7805,0,100,88,76,1392,3504,2.56104,0,15.6844,8.9129,0,2608,71594326279
45.6412,21.91,68.7805,0,100,88,76,1392,3504,2.56104,0,15.6844,8.9129,0,2608,71616236622
43.2618,23.1151,68.7805,0,100,88,76,1392,3504,2.56104,0,15.6844,8.9129,0,2608,71639374713
54.5464,18.333,68.7805,0,100,88,76,1392,3504,2.56104,0,15.6844,8.9129,0,2608,71657686712
47.5684,21.0224,68.7805,0,100,88,76,1392,3504,2.56104,0,15.6844,8.9129,0,2608,71678712130
48.4442,20.6423,68.7805,0,100,88,76,1392,3504,2.56104,0,15.6844,8.9129,0,2608,71699354736
45.7031,21.8804,68.7805,0,100,88,76,1392,3504,2.56104,0,15.6844,8.9129,0,2608,71721236853
50.7096,19.7201,68.7805,0,100,88,76,1392,3504,2.56104,0,15.6844,8.9129,0,2608,71740956982
48.194,20.7495,68.7805,0,100,88,76,1392,3504,2.56104,0,15.6844,8.9129,0,2608,71761709760
41.6118,24.0316,68.7805,0,100,88,76,1392,3504,2.56104,0,15.6844,8.9129,0,2608,71785741311
57.023,17.5368,68.7805,0,100,88,76,1392,3504,2.56104,0,15.6844,8.9129,0,2608,71803301345
48.1613,20.7636,68.7805,0,100,88,76,1392,3504,2.56104,0,15.6844,8.9129,0,2608,71824065590
45.5756,21.9416,68.7805,0,100,88,76,1392,3504,2.56104,0,15.6844,8.9129,0,2608,71846007671
49.7503,20.1004,68.7805,0,100,88,76,1392,3504,2.56104,0,15.6844,8.9129,0,2608,71866130313
47.7517,20.9416,68.7805,0,100,88,76,1392,3504,2.56104,0,15.6844,8.9129,0,2608,71887074415
44.3927,22.5262,68.7805,0,100,88,76,1392,3504,2.56104,0,15.6844,8.9129,0,2608,71909600720
43.9652,22.7453,68.7805,0,100,88,76,1392,3504,2.56104,0,15.6844,8.9129,0,2608,71932347211
57.2898,17.4551,68.7805,0,100,88,76,1392,3504,2.56104,0,15.6844,8.9129,0,2608,71949825132
48.0467,20.8131,68.7805,0,100,88,76,1392,3504,2.56104,0,15.6844,8.9129,0,2608,71970618959
49.0302,20.3956,68.7805,0,100,88,76,1392,3504,2.56104,0,15.6844,8.9129,0,2608,71991015782
29.1264,34.3331,68.7805,0,100,88,76,1392,3504,2.56104,0,15.6844,8.9129,0,2608,72025348835
73.0143,13.6959,68.7805,0,100,88,76,1392,3504,2.56104,0,15.6844,8.9129,0,2608,72039045798
38.6281,25.8879,68.7805,0,100,88,76,1392,3504,2.56104,0,15.6844,8.9129,0,2608,72064938808
46.7089,21.4092,79.9505,0,100,87,76,1392,3504,2.56104,0,15.693,8.9129,0,1750,72086344377
50.742,19.7076,79.9505,0,100,87,76,1392,3504,2.56104,0,15.693,8.9129,0,1750,72106054247
49.5823,20.1685,79.9505,0,100,87,76,1392,3504,2.56104,0,15.693,8.9129,0,1750,72126222970
48.1096,20.7859,79.9505,0,100,87,76,1392,3504,2.56104,0,15.693,8.9129,0,1750,72147029124
49.0466,20.3888,79.9505,0,100,87,76,1392,3504,2.56104,0,15.693,8.9129,0,1750,72167400057
48.5497,20.5975,79.9505,0,100,87,76,1392,3504,2.56104,0,15.693,8.9129,0,1750,72188019696
46.3616,21.5696,79.9505,0,100,87,76,1392,3504,2.56104,0,15.693,8.9129,0,1750,72209568195
45.6257,21.9175,79.9505,0,100,87,76,1392,3504,2.56104,0,15.693,8.9129,0,1750,72231487949
55.2466,18.1007,79.9505,0,100,87,76,1392,3504,2.56104,0,15.693,8.9129,0,1750,72249589157
43.5238,22.9759,79.9505,0,100,87,76,1392,3504,2.56104,0,15.693,8.9129,0,1750,72272587845
51.2968,19.4944,79.9505,0,100,87,76,1392,3504,2.56104,0,15.693,8.9129,0,1750,72292062960
50.6538,19.7419,79.9505,0,100,87,76,1392,3504,2.56104,0,15.693,8.9129,0,1750,72311827907
49.3083,20.2806,79.9505,0,100,87,76,1392,3504,2.56104,0,15.693,8.9129,0,1750,72332107901
38.8552,25.7366,79.9505,0,100,87,76,1392,3504,2.56104,0,15.693,8.9129,0,1750,72357846146
62.1713,16.0846,79.9505,0,100,87,76,1392,3504,2.56104,0,15.693,8.9129,0,1750,72373931928
51.6378,19.3657,79.9505,0,100,87,76,1392,3504,2.56104,0,15.693,8.9129,0,1750,72393299043
49.3466,20.2648,79.9505,0,100,87,76,1392,3504,2.56104,0,15.693,8.9129,0,1750,72413565025
48.1626,20.763,79.9505,0,100,87,76,1392,3504,2.56104,0,15.693,8.9129,0,1750,72434329247
48.6374,20.5603,79.9505,0,100,87,76,1392,3504,2.56104,0,15.693,8.9129,0,1750,72454889286
48.048,20.8125,79.9505,0,100,87,76,1392,3504,2.56104,0,15.693,8.9129,0,1750,72475724237
47.804,20.9187,79.9505,0,100,87,76,1392,3504,2.56104,0,15.693,8.9129,0,1750,72496644216
48.3993,20.6615,79.9505,0,100,87,76,1392,3504,2.56104,0,15.693,8.9129,0,1750,72517286082
47.7323,20.9502,79.9505,0,100,87,76,1392,3504,2.56104,0,15.693,8.9129,0,1750,72538238527
48.35,20.6825,79.9505,0,100,87,76,1392,3504,2.56104,0,15.693,8.9129,0,1750,72558921856
47.7269,20.9526,79.9505,0,100,87,76,1392,3504,2.56104,0,15.693,8.9129,0,1750,72579877038
47.3382,21.1246,74.3142,0,100,87,76,1386,3504,2.56104,0,15.6933,8.9129,0,1760,72601023018
49.1202,20.3582,74.3142,0,100,87,76,1386,3504,2.56104,0,15.6933,8.9129,0,1760,72621360442
42.7738,23.3788,74.3142,0,100,87,76,1386,3504,2.56104,0,15.6933,8.9129,0,1760,72644741061
44.9053,22.2691,74.3142,0,100,87,76,1386,3504,2.56104,0,15.6933,8.9129,0,1760,72667012416
45.5907,21.9343,74.3142,0,100,87,76,1386,3504,2.56104,0,15.6933,8.9129,0,1760,72688970160
55.0707,18.1585,74.3142,0,100,87,76,1386,3504,2.56104,0,15.6933,8.9129,0,1760,72707107072
48.2324,20.733,74.3142,0,100,87,76,1386,3504,2.56104,0,15.6933,8.9129,0,1760,72727841895
49.5625,20.1765,74.3142,0,100,87,76,1386,3504,2.56104,0,15.6933,8.9129,0,1760,72748019025
43.5945,22.9387,74.3142,0,100,87,76,1386,3504,2.56104,0,15.6933,8.9129,0,1760,72770980632
53.4842,18.6971,74.3142,0,100,87,76,1386,3504,2.56104,0,15.6933,8.9129,0,1760,72789658260
48.8359,20.4767,74.3142,0,100,87,76,1386,3504,2.56104,0,15.6933,8.9129,0,1760,72810135185
47.6598,20.982,74.3142,0,100,87,76,1386,3504,2.56104,0,15.6933,8.9129,0,1760,72831140017
48.1176,20.7824,74.3142,0,100,87,76,1386,3504,2.56104,0,15.6933,8.9129,0,1760,72851924404
48.4452,20.6419,74.3142,0,100,87,76,1386,3504,2.56104,0,15.6933,8.9129,0,1760,72872545076
42.6725,23.4343,74.3142,0,100,87,76,1386,3504,2.56104,0,15.6933,8.9129,0,1760,72895981477
47.3092,21.1375,74.3142,0,100,87,76,1386,3504,2.56104,0,15.6933,8.9129,0,1760,72917120085
47.484,21.0597,74.3142,0,100,87,76,1386,3504,2.56104,0,15.6933,8.9129,0,1760,72938181662
50.209,19.9167,74.3142,0,100,87,76,1386,3504,2.56104,0,15.6933,8.9129,0,1760,72958098486
44.6409,22.401,74.3142,0,100,87,76,1386,3504,2.56104,0,15.6933,8.9129,0,1760,72980501700
51.0647,19.583,74.3142,0,100,87,76,1386,3504,2.56104,0,15.6933,8.9129,0,1760,73000085062
48.5207,20.6097,74.3142,0,100,87,76,1386,3504,2.56104,0,15.6933,8.9129,0,1760,73020696132
48.4445,20.6422,74.3142,0,100,87,76,1386,3504,2.56104,0,15.6933,8.9129,0,1760,73041339191
44.6907,22.376,74.3142,0,100,87,76,1386,3504,2.56104,0,15.6933,8.9129,0,1760,73063715981
52.2453,19.1405,74.3142,0,100,87,76,1386,3504,2.56104,0,15.6933,8.9129,0,1760,73082860060
47.1669,21.2013,80.4511,0,99,87,76,1392,3504,2.56104,0,15.7089,8.9129,0,1727,73104081505
47.9766,20.8435,80.4511,0,99,87,76,1392,3504,2.56104,0,15.7089,8.9129,0,1727,73124904426
43.5744,22.9492,80.4511,0,99,87,76,1392,3504,2.56104,0,15.7089,8.9129,0,1727,73147856082
51.5371,19.4035,80.4511,0,99,87,76,1392,3504,2.56104,0,15.7089,8.9129,0,1727,73167259103
47.5043,21.0507,80.4511,0,99,87,76,1392,3504,2.56104,0,15.7089,8.9129,0,1727,73188333102
46.7505,21.3902,80.4511,0,99,87,76,1392,3504,2.56104,0,15.7089,8.9129,0,1727,73209703455
49.203,20.324,80.4511,0,99,87,76,1392,3504,2.56104,0,15.7089,8.9129,0,1727,73230028333
48.9017,20.4492,80.4511,0,99,87,76,1392,3504,2.56104,0,15.7089,8.9129,0,1727,73250479139
47.5057,21.0501,80.4511,0,99,87,76,1392,3504,2.56104,0,15.7089,8.9129,0,1727,73271531135
49.0922,20.3698,80.4511,0,99,87,76,1392,3504,2.56104,0,15.7089,8.9129,0,1727,73291901697
47.0253,21.2651,80.4511,0,99,87,76,1392,3504,2.56104,0,15.7089,8.9129,0,1727,73313168536
49.2262,20.3144,80.4511,0,99,87,76,1392,3504,2.56104,0,15.7089,8.9129,0,1727,73333483742
46.9269,21.3098,80.4511,0,99,87,76,1392,3504,2.56104,0,15.7089,8.9129,0,1727,73354793908
49.0185,20.4005,80.4511,0,99,87,76,1392,3504,2.56104,0,15.7089,8.9129,0,1727,73375217609
46.1575,21.665,80.4511,0,99,87,76,1392,3504,2.56104,0,15.7089,8.9129,0,1727,73396862142
50.0892,19.9644,80.4511,0,99,87,76,1392,3504,2.56104,0,15.7089,8.9129,0,1727,73416827296
47.9241,20.8663,80.4511,0,99,87,76,1392,3504,2.56104,0,15.7089,8.9129,0,1727,73437695760
48.3069,20.701,80.4511,0,99,87,76,1392,3504,2.56104,0,15.7089,8.9129,0,1727,73458421227
45.4492,22.0026,80.4511,0,99,87,76,1392,3504,2.56104,0,15.7089,8.9129,0,1727,73480403353
51.1119,19.5649,80.4511,0,99,87,76,1392,3504,2.56104,0,15.7089,8.9129,0,1727,73499968596
44.8333,22.3048,80.4511,0,99,87,76,1392,3504,2.56104,0,15.7089,8.9129,0,1727,73522275194
52.1564,19.1731,80.4511,0,99,87,76,1392,3504,2.56104,0,15.7089,8.9129,0,1727,73541447522
45.8347,21.8175,80.4511,0,99,87,76,1392,3504,2.56104,0,15.7089,8.9129,0,1727,73563268526
50.1873,19.9254,80.4511,0,99,87,76,1392,3504,2.56104,0,15.7089,8.9129,0,1727,73583197416
46.6776,21.4236,71.5762,0,99,87,76,1392,3504,2.56104,0,15.7084,8.9129,0,1759,73604639296
46.0812,21.7008,71.5762,0,99,87,76,1392,3504,2.56104,0,15.7084,8.9129,0,1759,73626319335
47.6699,20.9776,71.5762,0,99,87,76,1392,3504,2.56104,0,15.7084,8.9129,0,1759,73647299228
51.806,19.3028,71.5762,0,99,87,76,1392,3504,2.56104,0,15.7084,8.9129,0,1759,73666623751
45.9721,21.7523,71.5762,0,99,87,76,1392,3504,2.56104,0,15.7084,8.9129,0,1759,73688356350
50.5326,19.7892,71.5762,0,99,87,76,1392,3504,2.56104,0,15.7084,8.9129,0,1759,73708147131
45.9423,21.7664,71.5762,0,99,87,76,1392,3504,2.56104,0,15.7084,8.9129,0,1759,73729935007
46.9683,21.291,71.5762,0,99,87,76,1392,3504,2.56104,0,15.7084,8.9129,0,1759,73751206956
41.6906,23.9862,71.5762,0,99,87,76,1392,3504,2.56104,0,15.7084,8.9129,0,1759,73775214909
51.8414,19.2896,71.5762,0,99,87,76,1392,3504,2.56104,0,15.7084,8.9129,0,1759,73794505604
52.6648,18.988,71.5762,0,99,87,76,1392,3504,2.56104,0,15.7084,8.9129,0,1759,73813494414
50.9751,19.6174,71.5762,0,99,87,76,1392,3504,2.56104,0,15.7084,8.9129,0,1759,73833112557
43.6889,22.8891,71.5762,0,99,87,76,1392,3504,2.56104,0,15.7084,8.9129,0,1759,73856002640
48.9362,20.4348,71.5762,0,99,87,76,1392,3504,2.56104,0,15.7084,8.9129,0,1759,73876439399
47.4387,21.0798,71.5762,0,99,87,76,1392,3504,2.56104,0,15.7084,8.9129,0,1759,73897520480
48.5202,20.61,71.5762,0,99,87,76,1392,3504,2.56104,0,15.7084,8.9129,0,1759,73918131144
47.8693,20.8902,71.5762,0,99,87,76,1392,3504,2.56104,0,15.7084,8.9129,0,1759,73939021633
48.2297,20.7341,71.5762,0,99,87,76,1392,3504,2.56104,0,15.7084,8.9129,0,1759,73959778531
44.6361,22.4034,71.5762,0,99,87,76,1392,3504,2.56104,0,15.7084,8.9129,0,1759,73982182910
51.064,19.5833,71.5762,0,99,87,76,1392,3504,2.56104,0,15.7084,8.9129,0,1759,74001766342
46.1407,21.6728,71.5762,0,99,87,76,1392,3504,2.56104,0,15.7084,8.9129,0,1759,74023440723
39.0692,25.5956,71.5762,0,99,87,76,1392,3504,2.56104,0,15.7084,8.9129,0,1759,74049553023
55.2793,18.0899,71.5762,0,99,87,76,1392,3504,2.56104,0,15.7084,8.9129,0,1759,74067151151
45.6784,21.8922,71.5762,0,99,87,76,1392,3504,2.56104,0,15.7084,8.9129,0,1759,74089028300
50.8984,19.647,80.2993,0,100,87,76,1392,3504,2.56104,0,15.7187,8.9129,0,1734,74108670330
45.2746,22.0874,80.2993,0,100,87,76,1392,3504,2.56104,0,15.7187,8.9129,0,1734,74130780491
40.7444,24.5432,80.2993,0,100,87,76,1392,3504,2.56104,0,15.7187,8.9129,0,1734,74155303958
58.5353,17.0837,80.2993,0,100,87,76,1392,3504,2.56104,0,15.7187,8.9129,0,1734,74172387840
44.4935,22.4752,80.2993,0,100,87,76,1392,3504,2.56104,0,15.7187,8.9129,0,1734,74194864772
51.6222,19.3715,80.2993,0,100,87,76,1392,3504,2.56104,0,15.7187,8.9129,0,1734,74214237578
44.3255,22.5604,80.2993,0,100,87,76,1392,3504,2.56104,0,15.7187,8.9129,0,1734,74236798396
52.334,19.108,80.2993,0,100,87,76,1392,3504,2.56104,0,15.7187,8.9129,0,1734,74255907415
46.0726,21.7049,80.2993,0,100,87,76,1392,3504,2.56104,0,15.7187,8.9129,0,1734,74277613051
47.9769,20.8434,80.2993,0,100,87,76,1392,3504,2.56104,0,15.7187,8.9129,0,1734,74298479727
46.6981,21.4141,80.2993,0,100,87,76,1392,3504,2.56104,0,15.7187,8.9129,0,1734,74319874908
50.1279,19.949,80.2993,0,100,87,76,1392,3504,2.56104,0,15.7187,8.9129,0,1734,74339824168
48.2424,20.7287,80.2993,0,100,87,76,1392,3504,2.56104,0,15.7187,8.9129,0,1734,74360554389
48.8778,20.4592,80.2993,0,100,87,76,1392,3504,2.56104,0,15.7187,8.9129,0,1734,74381034883
47.0473,21.2552,80.2993,0,100,87,76,1392,3504,2.56104,0,15.7187,8.9129,0,1734,74402292193
49.4966,20.2034,80.2993,0,100,87,76,1392,3504,2.56104,0,15.7187,8.9129,0,1734,74422802872
43.4188,23.0315,80.2993,0,100,87,76,1392,3504,2.56104,0,15.7187,8.9129,0,1734,74445550799
50.7401,19.7083,80.2993,0,100,87,76,1392,3504,2.56104,0,15.7187,8.9129,0,1734,74465259824
50.5937,19.7653,80.2993,0,100,87,76,1392,3504,2.56104,0,15.7187,8.9129,0,1734,74485025658
48.7467,20.5142,80.2993,0,100,87,76,1392,3504,2.56104,0,15.7187,8.9129,0,1734,74505562360
46.1849,21.6521,80.2993,0,100,87,76,1392,3504,2.56104,0,15.7187,8.9129,0,1734,74527195632
50.5489,19.7828,80.2993,0,100,87,76,1392,3504,2.56104,0,15.7187,8.9129,0,1734,74546979217
39.7673,25.1463,80.2993,0,100,87,76,1392,3504,2.56104,0,15.7187,8.9129,0,1734,74572126607
60.6119,16.4984,80.2993,0,100,87,76,1392,3504,2.56104,0,15.7187,8.9129,0,1734,74588625955
47.9453,20.8571,80.2993,0,100,87,76,1392,3504,2.56104,0,15.7187,8.9129,0,1734,74609516189
49.3442,20.2658,83.5821,0,100,87,76,1392,3504,2.56104,0,15.72,8.9129,0,1742,74629750800
44.5044,22.4697,83.5821,0,100,87,76,1392,3504,2.56104,0,15.72,8.9129,0,1742,74652242701
51.4921,19.4204,83.5821,0,100,87,76,1392,3504,2.56104,0,15.72,8.9129,0,1742,74671644006
46.2235,21.634,83.5821,0,100,87,76,1392,3504,2.56104,0,15.72,8.9129,0,1742,74693279234
51.0909,19.5729,83.5821,0,100,87,76,1392,3504,2.56104,0,15.72,8.9129,0,1742,74712852811
46.0944,21.6946,83.5821,0,100,87,76,1392,3504,2.56104,0,15.72,8.9129,0,1742,74734548552
48.5529,20.5961,83.5821,0,100,87,76,1392,3504,2.56104,0,15.72,8.9129,0,1742,74755146301
44.8652,22.289,83.5821,0,100,87,76,1392,3504,2.56104,0,15.72,8.9129,0,1742,74777457189
29.4396,33.9679,83.5821,0,100,87,76,1392,3504,2.56104,0,15.72,8.9129,0,1742,74811406426
155.54,6.4292,83.5821,0,100,87,76,1392,3504,2.56104,0,15.72,8.9129,0,1742,74817856788
47.9068,20.8739,83.5821,0,100,87,76,1392,3504,2.56104,0,15.72,8.9129,0,1742,74838731360
30.3212,32.9802,83.5821,0,100,87,76,1392,3504,2.56104,0,15.72,8.9129,0,1742,74871714324
50.0146,19.9942,83.5821,0,100,87,76,1392,3504,2.56104,0,15.72,8.9129,0,1742,74891709079
48.9176,20.4425,83.5821,0,100,87,76,1392,3504,2.56104,0,15.72,8.9129,0,1742,74912152236
47.931,20.8633,83.5821,0,100,87,76,1392,3504,2.56104,0,15.72,8.9129,0,1742,74933037442
45.5454,21.9561,83.5821,0,100,87,76,1392,3504,2.56104,0,15.72,8.9129,0,1742,74954973867
49.9569,20.0173,83.5821,0,100,87,76,1392,3504,2.56104,0,15.72,8.9129,0,1742,74974992086
44.1378,22.6563,83.5821,0,100,87,76,1392,3504,2.56104,0,15.72,8.9129,0,1742,74997650222
54.9782,18.189,83.5821,0,100,87,76,1392,3504,2.56104,0,15.72,8.9129,0,1742,75015841050
47.6043,21.0065,83.5821,0,100,87,76,1392,3504,2.56104,0,15.72,8.9129,0,1742,75036848524
48.5289,20.6063,83.5821,0,100,87,76,1392,3504,2.56104,0,15.72,8.9129,0,1742,75057456495
46.634,21.4436,83.5821,0,100,87,76,1392,3504,2.56104,0,15.72,8.9129,0,1742,75078901036
50.6322,19.7503,83.5821,0,100,87,76,1392,3504,2.56104,0,15.72,8.9129,0,1742,75098652610
45.8341,21.8178,83.5821,0,100,87,76,1392,3504,2.56104,0,15.72,8.9129,0,1742,75120474742
50.0558,19.9777,85.2217,0,100,87,76,1392,3504,2.56104,0,15.715,8.9129,0,1911,75140451359
46.0912,21.6961,85.2217,0,100,87,76,1392,3504,2.56104,0,15.715,8.9129,0,1911,75162148263
46.6799,21.4225,85.2217,0,100,87,76,1392,3504,2.56104,0,15.715,8.9129,0,1911,75183589063
50.2774,19.8897,85.2217,0,100,87,76,1392,3504,2.56104,0,15.715,8.9129,0,1911,75203482932
45.1814,22.133,85.2217,0,100,87,76,1392,3504,2.56104,0,15.715,8.9129,0,1911,75225617676
50.5104,19.7979,85.2217,0,100,87,76,1392,3504,2.56104,0,15.715,8.9129,0,1911,75245395617
50.8758,19.6557,85.2217,0,100,87,76,1392,3504,2.56104,0,15.715,8.9129,0,1911,75265072669
45.1818,22.1328,85.2217,0,100,87,76,1392,3504,2.56104,0,15.715,8.9129,0,1911,75287184906
47.2414,21.1679,85.2217,0,100,87,76,1392,3504,2.56104,0,15.715,8.9129,0,1911,75308375883
49.227,20.314,85.2217,0,100,87,76,1392,3504,2.56104,0,15.715,8.9129,0,1911,75328669957
46.257,21.6183,85.2217,0,100,87,76,1392,3504,2.56104,0,15.715,8.9129,0,1911,75350289100
46.1957,21.647,85.2217,0,100,87,76,1392,3504,2.56104,0,15.715,8.9129,0,1911,75371939148
50.194,19.9227,85.2217,0,100,87,76,1392,3504,2.56104,0,15.715,8.9129,0,1911,75391861450
48.0116,20.8283,85.2217,0,100,87,76,1392,3504,2.56104,0,15.715,8.9129,0,1911,75412705320
46.3553,21.5725,85.2217,0,100,87,76,1392,3504,2.56104,0,15.715,8.9129,0,1911,75434300350
50.2799,19.8887,85.2217,0,100,87,76,1392,3504,2.56104,0,15.715,8.9129,0,1911,75454189578
48.2931,20.7069,85.2217,0,100,87,76,1392,3504,2.56104,0,15.715,8.9129,0,1911,75474898135
47.9391,20.8598,85.2217,0,100,87,76,1392,3504,2.56104,0,15.715,8.9129,0,1911,75495780374
48.5191,20.6104,85.2217,0,100,87,76,1392,3504,2.56104,0,15.715,8.9129,0,1911,75516390941
48.1654,20.7618,85.2217,0,100,87,76,1392,3504,2.56104,0,15.715,8.9129,0,1911,75537154031
46.2606,21.6166,85.2217,0,100,87,76,1392,3504,2.56104,0,15.715,8.9129,0,1911,75558792621
44.6324,22.4052,85.2217,0,100,87,76,1392,3504,2.56104,0,15.715,8.9129,0,1911,75581178508
52.7853,18.9447,85.2217,0,100,87,76,1392,3504,2.56104,0,15.715,8.9129,0,1911,75600144545
43.2141,23.1406,85.2217,0,100,87,76,1392,3504,2.56104,0,15.715,8.9129,0,1911,75623294687
54.6293,18.3052,68.3292,0,97,87,75,1392,3504,2.56104,0,15.7153,8.9129,0,1772,75641572095
48.5086,20.6149,68.3292,0,97,87,75,1392,3504,2.56104,0,15.7153,8.9129,0,1772,75662189081
48.7812,20.4997,68.3292,0,97,87,75,1392,3504,2.56104,0,15.7153,8.9129,0,1772,75682689988
44.2538,22.5969,68.3292,0,97,87,75,1392,3504,2.56104,0,15.7153,8.9129,0,1772,75705289410
52.6568,18.9909,68.3292,0,97,87,75,1392,3504,2.56104,0,15.7153,8.9129,0,1772,75724280161
46.5506,21.482,68.3292,0,97,87,75,1392,3504,2.56104,0,15.7153,8.9129,0,1772,75745781887
50.2077,19.9173,68.3292,0,97,87,75,1392,3504,2.56104,0,15.7153,8.9129,0,1772,75765683190
48.2556,20.723,68.3292,0,97,87,75,1392,3504,2.56104,0,15.7153,8.9129,0,1772,75786430205
48.8737,20.4609,68.3292,0,97,87,75,1392,3504,2.56104,0,15.7153,8.9129,0,1772,75806868012
48.1904,20.751,68.3292,0,97,87,75,1392,3504,2.56104,0,15.7153,8.9129,0,1772,75827620112
48.5682,20.5896,68.3292,0,97,87,75,1392,3504,2.56104,0,15.7153,8.9129,0,1772,75848211469
48.4229,20.6514,68.3292,0,97,87,75,1392,3504,2.56104,0,15.7153,8.9129,0,1772,75868863914
48.5535,20.5958,68.3292,0,97,87,75,1392,3504,2.56104,0,15.7153,8.9129,0,1772,75889461383
48.6668,20.5479,68.3292,0,97,87,75,1392,3504,2.56104,0,15.7153,8.9129,0,1772,75910010019
48.7503,20.5127,68.3292,0,97,87,75,1392,3504,2.56104,0,15.7153,8.9129,0,1772,75930523784
45.6532,21.9043,68.3292,0,97,87,75,1392,3504,2.56104,0,15.7153,8.9129,0,1772,75952447091
45.0455,22.1998,68.3292,0,97,87,75,1392,3504,2.56104,0,15.7153,8.9129,0,1772,75974631421
56.3662,17.7411,68.3292,0,97,87,75,1392,3504,2.56104,0,15.7153,8.9129,0,1772,75992372972
47.3854,21.1035,68.3292,0,97,87,75,1392,3504,2.56104,0,15.7153,8.9129,0,1772,76013501870
49.1977,20.3262,68.3292,0,97,87,75,1392,3504,2.56104,0,15.7153,8.9129,0,1772,76033806067
48.2098,20.7427,68.3292,0,97,87,75,1392,3504,2.56104,0,15.7153,8.9129,0,1772,76054549232
48.6295,20.5636,68.3292,0,97,87,75,1392,3504,2.56104,0,15.7153,8.9129,0,1772,76075135276
47.8319,20.9066,68.3292,0,97,87,75,1392,3504,2.56104,0,15.7153,8.9129,0,1772,76096042435
49.5848,20.1675,68.3292,0,97,87,75,1392,3504,2.56104,0,15.7153,8.9129,0,1772,76116202567
47.85,20.8986,68.3292,0,97,87,75,1392,3504,2.56104,0,15.7153,8.9129,0,1772,76137095185
48.8072,20.4888,75.6824,0,97,85,75,1392,3504,2.56104,0,15.7155,8.9129,0,1767,76157600749
47.1533,21.2074,75.6824,0,97,85,75,1392,3504,2.56104,0,15.7155,8.9129,0,1767,76178788652
49.9314,20.0275,75.6824,0,97,85,75,1392,3504,2.56104,0,15.7155,8.9129,0,1767,76198816975
48.2262,20.7356,75.6824,0,97,85,75,1392,3504,2.56104,0,15.7155,8.9129,0,1767,76219552476
48.4416,20.6434,75.6824,0,97,85,75,1392,3504,2.56104,0,15.7155,8.9129,0,1767,76240197177
47.4247,21.0861,75.6824,0,97,85,75,1392,3504,2.56104,0,15.7155,8.9129,0,1767,76261284123
48.8098,20.4877,75.6824,0,97,85,75,1392,3504,2.56104,0,15.7155,8.9129,0,1767,76281774961
47.4474,21.076,75.6824,0,97,85,75,1392,3504,2.56104,0,15.7155,8.9129,0,1767,76302850761
49.3605,20.2591,75.6824,0,97,85,75,1392,3504,2.56104,0,15.7155,8.9129,0,1767,76323132860
48.6347,20.5615,75.6824,0,97,85,75,1392,3504,2.56104,0,15.7155,8.9129,0,1767,76343694699
48.0993,20.7903,75.6824,0,97,85,75,1392,3504,2.56104,0,15.7155,8.9129,0,1767,76364465661
47.3292,21.1286,75.6824,0,97,85,75,1392,3504,2.56104,0,15.7155,8.9129,0,1767,76385594978
49.6417,20.1444,75.6824,0,97,85,75,1392,3504,2.56104,0,15.7155,8.9129,0,1767,76405740851
47.4866,21.0586,75.6824,0,97,85,75,1392,3504,2.56104,0,15.7155,8.9129,0,1767,76426821948
49.7283,20.1093,75.6824,0,97,85,75,1392,3504,2.56104,0,15.7155,8.9129,0,1767,76446909988
48.8739,20.4608,75.6824,0,97,85,75,1392,3504,2.56104,0,15.7155,8.9129,0,1767,76467372741
47.8327,20.9062,75.6824,0,97,85,75,1392,3504,2.56104,0,15.7155,8.9129,0,1767,76488280024
48.4967,20.62,75.6824,0,97,85,75,1392,3504,2.56104,0,15.7155,8.9129,0,1767,76508899105
48.3143,20.6978,75.6824,0,97,85,75,1392,3504,2.56104,0,15.7155,8.9129,0,1767,76529599168
47.9436,20.8579,75.6824,0,97,85,75,1392,3504,2.56104,0,15.7155,8.9129,0,1767,76550457634
49.04,20.3915,75.6824,0,97,85,75,1392,3504,2.56104,0,15.7155,8.9129,0,1767,76570850181
48.0455,20.8136,75.6824,0,97,85,75,1392,3504,2.56104,0,15.7155,8.9129,0,1767,76591665016
47.8222,20.9108,75.6824,0,97,85,75,1392,3504,2.56104,0,15.7155,8.9129,0,1767,76612598229
47.1597,21.2045,75.6824,0,97,85,75,1392,3504,2.56104,0,15.7155,8.9129,0,1767,76633783042
49.3665,20.2567,75.6824,0,97,85,75,1392,3504,2.56104,0,15.7155,8.9129,0,1767,76654103562
48.0579,20.8082,67.9707,0,100,85,75,1382,3504,2.56104,0,15.716,8.9129,0,3473,76674872005
48.2421,20.7288,67.9707,0,100,85,75,1382,3504,2.56104,0,15.716,8.9129,0,3473,76695622856
48.428,20.6492,67.9707,0,100,85,75,1382,3504,2.56104,0,15.716,8.9129,0,3473,76716252561
48.4397,20.6442,67.9707,0,100,85,75,1382,3504,2.56104,0,15.716,8.9129,0,3473,76736918270
47.7337,20.9496,67.9707,0,100,85,75,1382,3504,2.56104,0,15.716,8.9129,0,3473,76757869620
48.6575,20.5518,67.9707,0,100,85,75,1382,3504,2.56104,0,15.716,8.9129,0,3473,76778401316
48.1271,20.7783,67.9707,0,100,85,75,1382,3504,2.56104,0,15.716,8.9129,0,3473,76799180259
48.7356,20.5189,67.9707,0,100,85,75,1382,3504,2.56104,0,15.716,8.9129,0,3473,76819761047
42.9662,23.2741,67.9707,0,100,85,75,1382,3504,2.56104,0,15.716,8.9129,0,3473,76843019433
40.3022,24.8126,67.9707,0,100,85,75,1382,3504,2.56104,0,15.716,8.9129,0,3473,76867812383
56.5431,17.6856,67.9707,0,100,85,75,1382,3504,2.56104,0,15.716,8.9129,0,3473,76885520002
45.6622,21.9,67.9707,0,100,85,75,1382,3504,2.56104,0,15.716,8.9129,0,3473,76907400164
45.6666,21.8979,67.9707,0,100,85,75,1382,3504,2.56104,0,15.716,8.9129,0,3473,76929299314
58.6344,17.0548,67.9707,0,100,85,75,1382,3504,2.56104,0,15.716,8.9129,0,3473,76946376092
45.0261,22.2093,67.9707,0,100,85,75,1382,3504,2.56104,0,15.716,8.9129,0,3473,76968586600
49.0844,20.3731,67.9707,0,100,85,75,1382,3504,2.56104,0,15.716,8.9129,0,3473,76988939306
49.2072,20.3222,67.9707,0,100,85,75,1382,3504,2.56104,0,15.716,8.9129,0,3473,77009264377
43.3924,23.0455,67.9707,0,100,85,75,1382,3504,2.56104,0,15.716,8.9129,0,3473,77032310469
55.9663,17.8679,67.9707,0,100,85,75,1382,3504,2.56104,0,15.716,8.9129,0,3473,77050192805
47.1813,21.1948,67.9707,0,100,85,75,1382,3504,2.56104,0,15.716,8.9129,0,3473,77071397252
49.6506,20.1408,67.9707,0,100,85,75,1382,3504,2.56104,0,15.716,8.9129,0,3473,77091571006
43.5536,22.9602,67.9707,0,100,85,75,1382,3504,2.56104,0,15.716,8.9129,0,3473,77114533087
52.2917,19.1235,67.9707,0,100,85,75,1382,3504,2.56104,0,15.716,8.9129,0,3473,77133658696
48.3227,20.6942,67.9707,0,100,85,75,1382,3504,2.56104,0,15.716,8.9129,0,3473,77154381033
48.8841,20.4565,79.3451,0,100,86,75,1382,3504,2.56104,0,15.7166,8.9129,0,1733,77174832971
43.6168,22.927,79.3451,0,100,86,75,1382,3504,2.56104,0,15.7166,8.9129,0,1733,77197760274
54.0863,18.489,79.3451,0,100,86,75,1382,3504,2.56104,0,15.7166,8.9129,0,1733,77216272500
47.626,20.9969,79.3451,0,100,86,75,1382,3504,2.56104,0,15.7166,8.9129,0,1733,77237271228
49.1483,20.3466,79.3451,0,100,86,75,1382,3504,2.56104,0,15.7166,8.9129,0,1733,77257597085
47.4684,21.0666,79.3451,0,100,86,75,1382,3504,2.56104,0,15.7166,8.9129,0,1733,77278666608
48.4429,20.6429,79.3451,0,100,86,75,1382,3504,2.56104,0,15.7166,8.9129,0,1733,77299309648
44.5425,22.4505,79.3451,0,100,86,75,1382,3504,2.56104,0,15.7166,8.9129,0,1733,77321783561
48.8358,20.4768,79.3451,0,100,86,75,1382,3504,2.56104,0,15.7166,8.9129,0,1733,77342260456
50.5063,19.7995,79.3451,0,100,86,75,1382,3504,2.56104,0,15.7166,8.9129,0,1733,77362061876
48.8334,20.4778,79.3451,0,100,86,75,1382,3504,2.56104,0,15.7166,8.9129,0,1733,77382539899
47.1246,21.2203,79.3451,0,100,86,75,1382,3504,2.56104,0,15.7166,8.9129,0,1733,77403760937
48.9139,20.4441,79.3451,0,100,86,75,1382,3504,2.56104,0,15.7166,8.9129,0,1733,77424228319
48.1967,20.7483,79.3451,0,100,86,75,1382,3504,2.56104,0,15.7166,8.9129,0,1733,77444990170
44.5441,22.4497,79.3451,0,100,86,75,1382,3504,2.56104,0,15.7166,8.9129,0,1733,77467427879
47.656,20.9837,79.3451,0,100,86,75,1382,3504,2.56104,0,15.7166,8.9129,0,1733,77488391526
49.7396,20.1047,79.3451,0,100,86,75,1382,3504,2.56104,0,15.7166,8.9129,0,1733,77508497742
48.2995,20.7042,79.3451,0,100,86,75,1382,3504,2.56104,0,15.7166,8.9129,0,1733,77529203314
49.1386,20.3506,79.3451,0,100,86,75,1382,3504,2.56104,0,15.7166,8.9129,0,1733,77549554815
46.8564,21.3418,79.3451,0,100,86,75,1382,3504,2.56104,0,15.7166,8.9129,0,1733,77570898458
41.7613,23.9456,79.3451,0,100,86,75,1382,3504,2.56104,0,15.7166,8.9129,0,1733,77594845827
51.5749,19.3893,79.3451,0,100,86,75,1382,3504,2.56104,0,15.7166,8.9129,0,1733,77614234631
46.9858,21.283,79.3451,0,100,86,75,1382,3504,2.56104,0,15.7166,8.9129,0,1733,77635519025
49.8605,20.056,79.3451,0,100,86,75,1382,3504,2.56104,0,15.7166,8.9129,0,1733,77655582209
43.3299,23.0787,77.2021,0,100,86,75,1382,3504,2.56104,0,15.7166,8.9129,0,1751,77678654727
50.9944,19.61,77.2021,0,100,86,75,1382,3504,2.56104,0,15.7166,8.9129,0,1751,77698265971
50.2112,19.9159,77.2021,0,100,86,75,1382,3504,2.56104,0,15.7166,8.9129,0,1751,77718205263
41.8399,23.9006,77.2021,0,100,86,75,1382,3504,2.56104,0,15.7166,8.9129,0,1751,77742085905
58.495,17.0955,77.2021,0,100,86,75,1382,3504,2.56104,0,15.7166,8.9129,0,1751,77759182556
46.4815,21.5139,77.2021,0,100,86,75,1382,3504,2.56104,0,15.7166,8.9129,0,1751,77780697170
50.4223,19.8325,77.2021,0,100,86,75,1382,3504,2.56104,0,15.7166,8.9129,0,1751,77800530355
42.6815,23.4294,77.2021,0,100,86,75,1382,3504,2.56104,0,15.7166,8.9129,0,1751,77823961719
38.4677,25.9959,77.2021,0,100,86,75,1382,3504,2.56104,0,15.7166,8.9129,0,1751,77849980395
79.1582,12.6329,77.2021,0,100,86,75,1382,3504,2.56104,0,15.7166,8.9129,0,1751,77862592569
48.2893,20.7085,77.2021,0,100,86,75,1382,3504,2.56104,0,15.7166,8.9129,0,1751,77883301807
41.3585,24.1788,77.2021,0,100,86,75,1382,3504,2.56104,0,15.7166,8.9129,0,1751,77907484197
55.135,18.1373,77.2021,0,100,86,75,1382,3504,2.56104,0,15.7166,8.9129,0,1751,77925621521
48.6049,20.574,77.2021,0,100,86,75,1382,3504,2.56104,0,15.7166,8.9129,0,1751,77946217750
50.0251,19.99,77.2021,0,100,86,75,1382,3504,2.56104,0,15.7166,8.9129,0,1751,77966209179
41.629,24.0217,77.2021,0,100,86,75,1382,3504,2.56104,0,15.7166,8.9129,0,1751,77990231606
57.4476,17.4072,77.2021,0,100,86,75,1382,3504,2.56104,0,15.7166,8.9129,0,1751,78007661480
49.072,20.3782,77.2021,0,100,86,75,1382,3504,2.56104,0,15.7166,8.9129,0,1751,78028041060
37.6131,26.5864,77.2021,0,100,86,75,1382,3504,2.56104,0,15.7166,8.9129,0,1751,78054649558
62.8834,15.9024,77.2021,0,100,86,75,1382,3504,2.56104,0,15.7166,8.9129,0,1751,78070554730
48.1587,20.7647,77.2021,0,100,86,75,1382,3504,2.56104,0,15.7166,8.9129,0,1751,78091297544
41.254,24.2401,77.2021,0,100,86,75,1382,3504,2.56104,0,15.7166,8.9129,0,1751,78115538820
58.3416,17.1404,77.2021,0,100,86,75,1382,3504,2.56104,0,15.7166,8.9129,0,1751,78132680304
44.4763,22.4839,77.2021,0,100,86,75,1382,3504,2.56104,0,15.7166,8.9129,0,1751,78155186825
47.8221,20.9108,77.2021,0,100,86,75,1382,3504,2.56104,0,15.7166,8.9129,0,1751,78176082296
40.4314,24.7333,87.9012,0,100,88,75,1387,3504,2.56104,0,15.7166,8.9129,0,1730,78200833116
55.4172,18.0449,87.9012,0,100,88,75,1387,3504,2.56104,0,15.7166,8.9129,0,1730,78218857273
42.774,23.3787,87.9012,0,100,88,75,1387,3504,2.56104,0,15.7166,8.9129,0,1730,78242259739
44.556,22.4437,87.9012,0,100,88,75,1387,3504,2.56104,0,15.7166,8.9129,0,1730,78264682433
42.8333,23.3463,87.9012,0,100,88,75,1387,3504,2.56104,0,15.7166,8.9129,0,1730,78288029392
56.6924,17.639,87.9012,0,100,88,75,1387,3504,2.56104,0,15.7166,8.9129,0,1730,78305669544
48.3022,20.703,87.9012,0,100,88,75,1387,3504,2.56104,0,15.7166,8.9129,0,1730,78326373142
58.8524,16.9917,87.9012,0,100,88,75,1387,3504,2.56104,0,15.7166,8.9129,0,1730,78343387929
47.7519,20.9416,87.9012,0,100,88,75,1387,3504,2.56104,0,15.7166,8.9129,0,1730,78364310321
48.4528,20.6386,87.9012,0,100,88,75,1387,3504,2.56104,0,15.7166,8.9129,0,1730,78384948448
43.9858,22.7346,87.9012,0,100,88,75,1387,3504,2.56104,0,15.7166,8.9129,0,1730,78407705948
47.2416,21.1678,87.9012,0,100,88,75,1387,3504,2.56104,0,15.7166,8.9129,0,1730,78428853886
42.8628,23.3303,87.9012,0,100,88,75,1387,3504,2.56104,0,15.7166,8.9129,0,1730,78452185689
58.3525,17.1372,87.9012,0,100,88,75,1387,3504,2.56104,0,15.7166,8.9129,0,1730,78469345881
42.4407,23.5623,87.9012,0,100,88,75,1387,3504,2.56104,0,15.7166,8.9129,0,1730,78492908813
53.2093,18.7937,87.9012,0,100,88,75,1387,3504,2.56104,0,15.7166,8.9129,0,1730,78511703706
45.4377,22.0081,87.9012,0,100,88,75,1387,3504,2.56104,0,15.7166,8.9129,0,1730,78533714104
52.4011,19.0836,87.9012,0,100,88,75,1387,3504,2.56104,0,15.7166,8.9129,0,1730,78552797132
43.4995,22.9888,87.9012,0,100,88,75,1387,3504,2.56104,0,15.7166,8.9129,0,1730,78575787752
54.465,18.3604,87.9012,0,100,88,75,1387,3504,2.56104,0,15.7166,8.9129,0,1730,78594147829
41.07,24.3487,87.9012,0,100,88,75,1387,3504,2.56104,0,15.7166,8.9129,0,1730,78618497817
50.4351,19.8274,87.9012,0,100,88,75,1387,3504,2.56104,0,15.7166,8.9129,0,1730,78638326702
48.4638,20.634,87.9012,0,100,88,75,1387,3504,2.56104,0,15.7166,8.9129,0,1730,78658961514
48.9075,20.4468,87.9012,0,100,88,75,1387,3504,2.56104,0,15.7166,8.9129,0,1730,78679686965
46.9304,21.3081,83.4606,0,100,88,75,1387,3504,2.56104,0,15.7314,8.9129,0,1802,78700739595
48.8187,20.484,83.4606,0,100,88,75,1387,3504,2.56104,0,15.7314,8.9129,0,1802,78721202827
41.6509,24.0091,83.4606,0,100,88,75,1387,3504,2.56104,0,15.7314,8.9129,0,1802,78745212942
58.9448,16.965,83.4606,0,100,88,75,1387,3504,2.56104,0,15.7314,8.9129,0,1802,78762199921
45.4098,22.0217,83.4606,0,100,88,75,1387,3504,2.56104,0,15.7314,8.9129,0,1802,78784202250
51.1002,19.5694,83.4606,0,100,88,75,1387,3504,2.56104,0,15.7314,8.9129,0,1802,78803793586
46.0225,21.7285,83.4606,0,100,88,75,1387,3504,2.56104,0,15.7314,8.9129,0,1802,78825501662
50.9992,19.6082,83.4606,0,100,88,75,1387,3504,2.56104,0,15.7314,8.9129,0,1802,78845110514
47.8765,20.8871,83.4606,0,100,88,75,1387,3504,2.56104,0,15.7314,8.9129,0,1802,78866000603
48.8554,20.4686,83.4606,0,100,88,75,1387,3504,2.56104,0,15.7314,8.9129,0,1802,78886490104
46.5764,21.4701,83.4606,0,100,88,75,1387,3504,2.56104,0,15.7314,8.9129,0,1802,78907939410
49.7782,20.0891,83.4606,0,100,88,75,1387,3504,2.56104,0,15.7314,8.9129,0,1802,78928051157
43.1001,23.2018,83.4606,0,100,88,75,1387,3504,2.56104,0,15.7314,8.9129,0,1802,78951275396
52.6456,18.9949,83.4606,0,100,88,75,1387,3504,2.56104,0,15.7314,8.9129,0,1802,78970250060
44.514,22.4649,83.4606,0,100,88,75,1387,3504,2.56104,0,15.7314,8.9129,0,1802,78992714922
55.1862,18.1205,83.4606,0,100,88,75,1387,3504,2.56104,0,15.7314,8.9129,0,1802,79010857015
48.3465,20.684,83.4606,0,100,88,75,1387,3504,2.56104,0,15.7314,8.9129,0,1802,79031543623
48.216,20.74,83.4606,0,100,88,75,1387,3504,2.56104,0,15.7314,8.9129,0,1802,79052283928
42.7849,23.3727,83.4606,0,100,88,75,1387,3504,2.56104,0,15.7314,8.9129,0,1802,79075674723
55.3244,18.0752,83.4606,0,100,88,75,1387,3504,2.56104,0,15.7314,8.9129,0,1802,79093734107
47.1255,21.2199,83.4606,0,100,88,75,1387,3504,2.56104,0,15.7314,8.9129,0,1802,79114954472
49.4795,20.2104,83.4606,0,100,88,75,1387,3504,2.56104,0,15.7314,8.9129,0,1802,79135166219
48.1922,20.7502,83.4606,0,100,88,75,1387,3504,2.56104,0,15.7314,8.9129,0,1802,79155919105
48.7037,20.5323,83.4606,0,100,88,75,1387,3504,2.56104,0,15.7314,8.9129,0,1802,79176471604
47.9815,20.8414,83.4606,0,100,88,75,1387,3504,2.56104,0,15.7314,8.9129,0,1802,79197297644
48.9434,20.4318,76.5133,0,100,86,75,1388,3504,2.56104,0,15.7312,8.9129,0,1746,79217739252
46.194,21.6478,76.5133,0,100,86,75,1388,3504,2.56104,0,15.7312,8.9129,0,1746,79239397232
50.4147,19.8355,76.5133,0,100,86,75,1388,3504,2.56104,0,15.7312,8.9129,0,1746,79259232110
43.3909,23.0463,76.5133,0,100,86,75,1388,3504,2.56104,0,15.7312,8.9129,0,1746,79282280195
53.9179,18.5467,76.5133,0,100,86,75,1388,3504,2.56104,0,15.7312,8.9129,0,1746,79300827408
46.9141,21.3156,76.5133,0,100,86,75,1388,3504,2.56104,0,15.7312,8.9129,0,1746,79322144031
48.5952,20.5782,76.5133,0,100,86,75,1388,3504,2.56104,0,15.7312,8.9129,0,1746,79342724180
39.7938,25.1296,76.5133,0,100,86,75,1388,3504,2.56104,0,15.7312,8.9129,0,1746,79367855354
63.3853,15.7765,76.5133,0,100,86,75,1388,3504,2.56104,0,15.7312,8.9129,0,1746,79383632419
48.3874,20.6665,76.5133,0,100,86,75,1388,3504,2.56104,0,15.7312,8.9129,0,1746,79404321738
49.4901,20.206,76.5133,0,100,86,75,1388,3504,2.56104,0,15.7312,8.9129,0,1746,79424507594
47.8935,20.8797,76.5133,0,100,86,75,1388,3504,2.56104,0,15.7312,8.9129,0,1746,79445390041
49.039,20.3919,76.5133,0,100,86,75,1388,3504,2.56104,0,15.7312,8.9129,0,1746,79465781949
47.0169,21.2689,76.5133,0,100,86,75,1388,3504,2.56104,0,15.7312,8.9129,0,1746,79487051961
50.4765,19.8112,76.5133,0,100,86,75,1388,3504,2.56104,0,15.7312,8.9129,0,1746,79506882295
48.4595,20.6358,76.5133,0,100,86,75,1388,3504,2.56104,0,15.7312,8.9129,0,1746,79527503045
48.7421,20.5162,76.5133,0,100,86,75,1388,3504,2.56104,0,15.7312,8.9129,0,1746,79548036825
44.017,22.7185,76.5133,0,100,86,75,1388,3504,2.56104,0,15.7312,8.9129,0,1746,79570738079
53.3354,18.7493,76.5133,0,100,86,75,1388,3504,2.56104,0,15.7312,8.9129,0,1746,79589488875
48.9071,20.4469,76.5133,0,100,86,75,1388,3504,2.56104,0,15.7312,8.9129,0,1746,79611154801
52.6262,19.0019,76.5133,0,100,86,75,1388,3504,2.56104,0,15.7312,8.9129,0,1746,79630169680
44.9535,22.2452,76.5133,0,100,86,75,1388,3504,2.56104,0,15.7312,8.9129,0,1746,79652403589
52.6871,18.98,76.5133,0,100,86,75,1388,3504,2.56104,0,15.7312,8.9129,0,1746,79671396647
44.8711,22.286,76.5133,0,100,86,75,1388,3504,2.56104,0,15.7312,8.9129,0,1746,79693671032
53.329,18.7515,76.5133,0,100,86,75,1388,3504,2.56104,0,15.7312,8.9129,0,1746,79712427041
47.8406,20.9027,73.9024,0,100,86,75,1392,3504,2.56104,0,15.7248,8.9129,0,1864,79733348549
49.3222,20.2749,73.9024,0,100,86,75,1392,3504,2.56104,0,15.7248,8.9129,0,1864,79753642064
48.2842,20.7107,73.9024,0,100,86,75,1392,3504,2.56104,0,15.7248,8.9129,0,1864,79774357533
48.795,20.4939,73.9024,0,100,86,75,1392,3504,2.56104,0,15.7248,8.9129,0,1864,79794843739
46.0608,21.7104,73.9024,0,100,86,75,1392,3504,2.56104,0,15.7248,8.9129,0,1864,79816543440
50.3962,19.8428,73.9024,0,100,86,75,1392,3504,2.56104,0,15.7248,8.9129,0,1864,79836387054
48.366,20.6757,73.9024,0,100,86,75,1392,3504,2.56104,0,15.7248,8.9129,0,1864,79857066117
45.728,21.8685,73.9024,0,100,86,75,1392,3504,2.56104,0,15.7248,8.9129,0,1864,79878934354
41.0342,24.3699,73.9024,0,100,86,75,1392,3504,2.56104,0,15.7248,8.9129,0,1864,79903305512
57.5986,17.3615,73.9024,0,100,86,75,1392,3504,2.56104,0,15.7248,8.9129,0,1864,79920668011
48.6964,20.5354,73.9024,0,100,86,75,1392,3504,2.56104,0,15.7248,8.9129,0,1864,79941225494
48.2758,20.7143,73.9024,0,100,86,75,1392,3504,2.56104,0,15.7248,8.9129,0,1864,79961920682
44.766,22.3384,73.9024,0,100,86,75,1392,3504,2.56104,0,15.7248,8.9129,0,1864,79984260365
48.266,20.7185,73.9024,0,100,86,75,1392,3504,2.56104,0,15.7248,8.9129,0,1864,80004999807
49.7954,20.0822,73.9024,0,100,86,75,1392,3504,2.56104,0,15.7248,8.9129,0,1864,80025062594
26.8454,37.2504,73.9024,0,100,86,75,1392,3504,2.56104,0,15.7248,8.9129,0,1864,80062314962
52.5462,19.0309,73.9024,0,100,86,75,1392,3504,2.56104,0,15.7248,8.9129,0,1864,80081346820
66.1132,15.1256,73.9024,0,100,86,75,1392,3504,2.56104,0,15.7248,8.9129,0,1864,80096473501
42.3773,23.5975,73.9024,0,100,86,75,1392,3504,2.56104,0,15.7248,8.9129,0,1864,80120094129
33.0056,30.2978,73.9024,0,100,86,75,1392,3504,2.56104,0,15.7248,8.9129,0,1864,80150371473
49.7364,20.106,73.9024,0,100,86,75,1392,3504,2.56104,0,15.7248,8.9129,0,1864,80170478043
50.3343,19.8672,73.9024,0,100,86,75,1392,3504,2.56104,0,15.7248,8.9129,0,1864,80190346315
48.8873,20.4552,73.9024,0,100,86,75,1392,3504,2.56104,0,15.7248,8.9129,0,1864,80210802326
49.4192,20.2351,73.9024,0,100,86,75,1392,3504,2.56104,0,15.7248,8.9129,0,1864,80231043003
47.538,21.0358,86.7647,0,100,87,75,1392,3504,2.56104,0,15.7404,8.9129,0,1737,80252097080
50.7112,19.7195,86.7647,0,100,87,75,1392,3504,2.56104,0,15.7404,8.9129,0,1737,80271817534
48.4754,20.629,86.7647,0,100,87,75,1392,3504,2.56104,0,15.7404,8.9129,0,1737,80292448130
49.8772,20.0493,86.7647,0,100,87,75,1392,3504,2.56104,0,15.7404,8.9129,0,1737,80312518410
48.9724,20.4197,86.7647,0,100,87,75,1392,3504,2.56104,0,15.7404,8.9129,0,1737,80332940083
48.7963,20.4933,86.7647,0,100,87,75,1392,3504,2.56104,0,15.7404,8.9129,0,1737,80353455324
48.0117,20.8283,86.7647,0,100,87,75,1392,3504,2.56104,0,15.7404,8.9129,0,1737,80374284725
49.3219,20.275,86.7647,0,100,87,75,1392,3504,2.56104,0,15.7404,8.9129,0,1737,80394560505
39.9885,25.0072,86.7647,0,100,87,75,1392,3504,2.56104,0,15.7404,8.9129,0,1737,80419600685
62.3015,16.051,86.7647,0,100,87,75,1392,3504,2.56104,0,15.7404,8.9129,0,1737,80435653212
49.0195,20.4,86.7647,0,100,87,75,1392,3504,2.56104,0,15.7404,8.9129,0,1737,80456054541
47.6448,20.9886,86.7647,0,100,87,75,1392,3504,2.56104,0,15.7404,8.9129,0,1737,80477065690
48.5547,20.5953,86.7647,0,100,87,75,1392,3504,2.56104,0,15.7404,8.9129,0,1737,80497663169
46.9372,21.3051,86.7647,0,100,87,75,1392,3504,2.56104,0,15.7404,8.9129,0,1737,80518946694
47.2771,21.1519,86.7647,0,100,87,75,1392,3504,2.56104,0,15.7404,8.9129,0,1737,80540099891
48.4146,20.6549,86.7647,0,100,87,75,1392,3504,2.56104,0,15.7404,8.9129,0,1737,80560756874
48.6259,20.5652,86.7647,0,100,87,75,1392,3504,2.56104,0,15.7404,8.9129,0,1737,80581323073
48.5318,20.605,86.7647,0,100,87,75,1392,3504,2.56104,0,15.7404,8.9129,0,1737,80601930283
48.5974,20.5772,86.7647,0,100,87,75,1392,3504,2.56104,0,15.7404,8.9129,0,1737,80622528480
42.9121,23.3035,86.7647,0,100,87,75,1392,3504,2.56104,0,15.7404,8.9129,0,1737,80645832541
55.5766,17.9932,86.7647,0,100,87,75,1392,3504,2.56104,0,15.7404,8.9129,0,1737,80663807633
41.3674,24.1736,86.7647,0,100,87,75,1392,3504,2.56104,0,15.7404,8.9129,0,1737,80688002015
52.6237,19.0028,86.7647,0,100,87,75,1392,3504,2.56104,0,15.7404,8.9129,0,1737,80706984612
49.7204,20.1125,86.7647,0,100,87,75,1392,3504,2.56104,0,15.7404,8.9129,0,1737,80727098468
41.9566,23.8342,86.7647,0,100,87,75,1392,3504,2.56104,0,15.7404,8.9129,0,1737,80750961031
56.4764,17.7065,83.2524,0,97,87,75,1393,3504,2.56104,0,15.7571,8.9129,0,1757,80768640771
43.3401,23.0733,83.2524,0,97,87,75,1393,3504,2.56104,0,15.7571,8.9129,0,1757,80791714528
52.2752,19.1295,83.2524,0,97,87,75,1393,3504,2.56104,0,15.7571,8.9129,0,1757,80810869644
47.1429,21.2121,83.2524,0,97,87,75,1393,3504,2.56104,0,15.7571,8.9129,0,1757,80832058817
49.9959,20.0016,83.2524,0,97,87,75,1393,3504,2.56104,0,15.7571,8.9129,0,1757,80852063062
48.4054,20.6588,83.2524,0,97,87,75,1393,3504,2.56104,0,15.7571,8.9129,0,1757,80872723297
49.4711,20.2138,83.2524,0,97,87,75,1393,3504,2.56104,0,15.7571,8.9129,0,1757,80892958662
47.0098,21.2722,83.2524,0,97,87,75,1393,3504,2.56104,0,15.7571,8.9129,0,1757,80914210818
50.4095,19.8375,83.2524,0,97,87,75,1393,3504,2.56104,0,15.7571,8.9129,0,1757,80934047640
44.804,22.3194,83.2524,0,97,87,75,1393,3504,2.56104,0,15.7571,8.9129,0,1757,80956369073
50.6792,19.732,83.2524,0,97,87,75,1393,3504,2.56104,0,15.7571,8.9129,0,1757,80976102169
48.8845,20.4564,83.2524,0,97,87,75,1393,3504,2.56104,0,15.7571,8.9129,0,1757,80996559249
47.7914,20.9243,83.2524,0,97,87,75,1393,3504,2.56104,0,15.7571,8.9129,0,1757,81017484966
40.8889,24.4565,83.2524,0,97,87,75,1393,3504,2.56104,0,15.7571,8.9129,0,1757,81041962583
47.7313,20.9506,83.2524,0,97,87,75,1393,3504,2.56104,0,15.7571,8.9129,0,1757,81062893417
55.4509,18.034,83.2524,0,97,87,75,1393,3504,2.56104,0,15.7571,8.9129,0,1757,81080929568
50.9629,19.6221,83.2524,0,97,87,75,1393,3504,2.56104,0,15.7571,8.9129,0,1757,81100552242
46.7517,21.3896,83.2524,0,97,87,75,1393,3504,2.56104,0,15.7571,8.9129,0,1757,81121943220
50.1496,19.9403,83.2524,0,97,87,75,1393,3504,2.56104,0,15.7571,8.9129,0,1757,81141884439
46.4365,21.5348,83.2524,0,97,87,75,1393,3504,2.56104,0,15.7571,8.9129,0,1757,81163420841
53.1907,18.8003,83.2524,0,97,87,75,1393,3504,2.56104,0,15.7571,8.9129,0,1757,81182242284
49.4309,20.2303,83.2524,0,97,87,75,1393,3504,2.56104,0,15.7571,8.9129,0,1757,81202491768
49.3896,20.2472,83.2524,0,97,87,75,1393,3504,2.56104,0,15.7571,8.9129,0,1757,81222701080
48.77,20.5044,83.2524,0,97,87,75,1393,3504,2.56104,0,15.7571,8.9129,0,1757,81243208074
49.2361,20.3103,83.2524,0,97,87,75,1393,3504,2.56104,0,15.7571,8.9129,0,1757,81263521546
46.6072,21.4559,81.8408,0,100,86,75,1388,3504,2.56104,0,15.7574,8.9129,0,1792,81284976035
50.2032,19.9191,81.8408,0,100,86,75,1388,3504,2.56104,0,15.7574,8.9129,0,1792,81304895715
49.8549,20.0582,81.8408,0,100,86,75,1388,3504,2.56104,0,15.7574,8.9129,0,1792,81324976998
49.4007,20.2426,81.8408,0,100,86,75,1388,3504,2.56104,0,15.7574,8.9129,0,1792,81345198715
47.7745,20.9317,81.8408,0,100,86,75,1388,3504,2.56104,0,15.7574,8.9129,0,1792,81366131049
49.533,20.1885,81.8408,0,100,86,75,1388,3504,2.56104,0,15.7574,8.9129,0,1792,81386321022
47.0473,21.2552,81.8408,0,100,86,75,1388,3504,2.56104,0,15.7574,8.9129,0,1792,81407577780
51.1682,19.5434,81.8408,0,100,86,75,1388,3504,2.56104,0,15.7574,8.9129,0,1792,81427122242
47.7162,20.9572,81.8408,0,100,86,75,1388,3504,2.56104,0,15.7574,8.9129,0,1792,81448102202
49.2772,20.2934,81.8408,0,100,86,75,1388,3504,2.56104,0,15.7574,8.9129,0,1792,81468396219
49.0529,20.3862,81.8408,0,100,86,75,1388,3504,2.56104,0,15.7574,8.9129,0,1792,81488783835
49.2758,20.2939,81.8408,0,100,86,75,1388,3504,2.56104,0,15.7574,8.9129,0,1792,81509078316
45.5409,21.9583,81.8408,0,100,86,75,1388,3504,2.56104,0,15.7574,8.9129,0,1792,81531038494
53.4127,18.7221,81.8408,0,100,86,75,1388,3504,2.56104,0,15.7574,8.9129,0,1792,81549760136
47.4888,21.0576,81.8408,0,100,86,75,1388,3504,2.56104,0,15.7574,8.9129,0,1792,81570819997
50.8331,19.6722,81.8408,0,100,86,75,1388,3504,2.56104,0,15.7574,8.9129,0,1792,81590513501
47.1891,21.1913,81.8408,0,100,86,75,1388,3504,2.56104,0,15.7574,8.9129,0,1792,81611706764
51.4469,19.4375,81.8408,0,100,86,75,1388,3504,2.56104,0,15.7574,8.9129,0,1792,81631144893
44.5927,22.4252,81.8408,0,100,86,75,1388,3504,2.56104,0,15.7574,8.9129,0,1792,81653574178
52.0015,19.2302,81.8408,0,100,86,75,1388,3504,2.56104,0,15.7574,8.9129,0,1792,81672803206
47.7078,20.9609,81.8408,0,100,86,75,1388,3504,2.56104,0,15.7574,8.9129,0,1792,81693765302
51.0418,19.5918,81.8408,0,100,86,75,1388,3504,2.56104,0,15.7574,8.9129,0,1792,81713357886
48.4193,20.6529,81.8408,0,100,86,75,1388,3504,2.56104,0,15.7574,8.9129,0,1792,81734013214
50.2715,19.892,81.8408,0,100,86,75,1388,3504,2.56104,0,15.7574,8.9129,0,1792,81753905548
47.6681,20.9784,81.8408,0,100,86,75,1388,3504,2.56104,0,15.7574,8.9129,0,1792,81774911442
49.9293,20.0283,68.3292,0,100,86,75,1388,3504,2.56104,0,15.7578,8.9129,0,1731,81794935821
47.341,21.1233,68.3292,0,100,86,75,1388,3504,2.56104,0,15.7578,8.9129,0,1731,81816038660
50.8383,19.6702,68.3292,0,100,86,75,1388,3504,2.56104,0,15.7578,8.9129,0,1731,81835710553
48.8019,20.491,68.3292,0,100,86,75,1388,3504,2.56104,0,15.7578,8.9129,0,1731,81856222505
49.5844,20.1676,68.3292,0,100,86,75,1388,3504,2.56104,0,15.7578,8.9129,0,1731,81876370698
48.8522,20.4699,68.3292,0,100,86,75,1388,3504,2.56104,0,15.7578,8.9129,0,1731,81896841390
48.8434,20.4736,68.3292,0,100,86,75,1388,3504,2.56104,0,15.7578,8.9129,0,1731,81917316812
49.7064,20.1181,68.3292,0,100,86,75,1388,3504,2.56104,0,15.7578,8.9129,0,1731,81937456690
48.5434,20.6001,68.3292,0,100,86,75,1388,3504,2.56104,0,15.7578,8.9129,0,1731,81958037263
50.2445,19.9027,68.3292,0,100,86,75,1388,3504,2.56104,0,15.7578,8.9129,0,1731,81977940580
48.6854,20.54,68.3292,0,100,86,75,1388,3504,2.56104,0,15.7578,8.9129,0,1731,81998480933
25.5351,39.1618,68.3292,0,100,86,75,1388,3504,2.56104,0,15.7578,8.9129,0,1731,82037645125
108.698,9.19981,68.3292,0,100,86,75,1388,3504,2.56104,0,15.7578,8.9129,0,1731,82046845933
58.7436,17.0231,68.3292,0,100,86,75,1388,3504,2.56104,0,15.7578,8.9129,0,1731,82063871503
46.6537,21.4345,68.3292,0,100,86,75,1388,3504,2.56104,0,15.7578,8.9129,0,1731,82085306798
47.6105,21.0038,68.3292,0,100,86,75,1388,3504,2.56104,0,15.7578,8.9129,0,1731,82106310254
49.8489,20.0606,68.3292,0,100,86,75,1388,3504,2.56104,0,15.7578,8.9129,0,1731,82126373357
49.2035,20.3238,68.3292,0,100,86,75,1388,3504,2.56104,0,15.7578,8.9129,0,1731,82146719637
49.9383,20.0247,68.3292,0,100,86,75,1388,3504,2.56104,0,15.7578,8.9129,0,1731,82166743751
48.2921,20.7073,68.3292,0,100,86,75,1388,3504,2.56104,0,15.7578,8.9129,0,1731,82187452914
49.5846,20.1675,68.3292,0,100,86,75,1388,3504,2.56104,0,15.7578,8.9129,0,1731,82207643326
43.1556,23.1719,68.3292,0,100,86,75,1388,3504,2.56104,0,15.7578,8.9129,0,1731,82230795564
53.0339,18.8559,68.3292,0,100,86,75,1388,3504,2.56104,0,15.7578,8.9129,0,1731,82249674060
49.869,20.0526,68.3292,0,100,86,75,1388,3504,2.56104,0,15.7578,8.9129,0,1731,82269727922
50.9438,19.6295,68.3292,0,100,86,75,1388,3504,2.56104,0,15.7578,8.9129,0,1731,82289372029
48.6949,20.536,82.8851,0,100,86,75,1392,3504,2.56104,0,15.757,8.9129,0,1754,82309894864
50.9099,19.6425,82.8851,0,100,86,75,1392,3504,2.56104,0,15.757,8.9129,0,1754,82329562815
47.6853,20.9708,82.8851,0,100,86,75,1392,3504,2.56104,0,15.757,8.9129,0,1754,82350532224
49.8648,20.0542,82.8851,0,100,86,75,1392,3504,2.56104,0,15.757,8.9129,0,1754,82370587837
47.7826,20.9281,82.8851,0,100,86,75,1392,3504,2.56104,0,15.757,8.9129,0,1754,82391495961
49.6705,20.1327,82.8851,0,100,86,75,1392,3504,2.56104,0,15.757,8.9129,0,1754,82411629089
48.4081,20.6577,82.8851,0,100,86,75,1392,3504,2.56104,0,15.757,8.9129,0,1754,82432308798
48.4575,20.6366,82.8851,0,100,86,75,1392,3504,2.56104,0,15.757,8.9129,0,1754,82452926430
49.1924,20.3283,82.8851,0,100,86,75,1392,3504,2.56104,0,15.757,8.9129,0,1754,82473254626
49.5528,20.1805,82.8851,0,100,86,75,1392,3504,2.56104,0,15.757,8.9129,0,1754,82493457526
48.5243,20.6082,82.8851,0,100,86,75,1392,3504,2.56104,0,15.757,8.9129,0,1754,82514046210
49.6339,20.1475,82.8851,0,100,86,75,1392,3504,2.56104,0,15.757,8.9129,0,1754,82534195078
48.7216,20.5248,82.8851,0,100,86,75,1392,3504,2.56104,0,15.757,8.9129,0,1754,82554721452
46.67,21.427,82.8851,0,100,86,75,1392,3504,2.56104,0,15.757,8.9129,0,1754,82576148772
51.5634,19.3936,82.8851,0,100,86,75,1392,3504,2.56104,0,15.757,8.9129,0,1754,82595564862
40.1994,24.876,82.8851,0,100,86,75,1392,3504,2.56104,0,15.757,8.9129,0,1754,82620420385
61.9615,16.1391,82.8851,0,100,86,75,1392,3504,2.56104,0,15.757,8.9129,0,1754,82636588612
47.5958,21.0103,82.8851,0,100,86,75,1392,3504,2.56104,0,15.757,8.9129,0,1754,82657599152
51.465,19.4307,82.8851,0,100,86,75,1392,3504,2.56104,0,15.757,8.9129,0,1754,82677052523
49.7087,20.1172,82.8851,0,100,86,75,1392,3504,2.56104,0,15.757,8.9129,0,1754,82697183476
48.0564,20.8089,82.8851,0,100,86,75,1392,3504,2.56104,0,15.757,8.9129,0,1754,82718002178
50.032,19.9872,82.8851,0,100,86,75,1392,3504,2.56104,0,15.757,8.9129,0,1754,82737991898
48.2311,20.7335,82.8851,0,100,86,75,1392,3504,2.56104,0,15.757,8.9129,0,1754,82758726215
50.8326,19.6724,82.8851,0,100,86,75,1392,3504,2.56104,0,15.757,8.9129,0,1754,82778399627
48.0843,20.7968,82.8851,0,100,86,75,1392,3504,2.56104,0,15.757,8.9129,0,1754,82799226861
51.084,19.5756,67.6617,0,100,86,75,1392,3504,2.56104,0,15.7642,8.9129,0,2021,82818775043
49.2643,20.2987,67.6617,0,100,86,75,1392,3504,2.56104,0,15.7642,8.9129,0,2021,82839075138
48.9854,20.4143,67.6617,0,100,86,75,1392,3504,2.56104,0,15.7642,8.9129,0,2021,82859511056
49.6847,20.1269,67.6617,0,100,86,75,1392,3504,2.56104,0,15.7642,8.9129,0,2021,82879619131
49.0721,20.3782,67.6617,0,100,86,75,1392,3504,2.56104,0,15.7642,8.9129,0,2021,82900016114
49.7032,20.1194,67.6617,0,100,86,75,1392,3504,2.56104,0,15.7642,8.9129,0,2021,82920119612
49.6402,20.1449,67.6617,0,100,86,75,1392,3504,2.56104,0,15.7642,8.9129,0,2021,82940264892
48.9282,20.4381,67.6617,0,100,86,75,1392,3504,2.56104,0,15.7642,8.9129,0,2021,82960706495
49.5577,20.1785,67.6617,0,100,86,75,1392,3504,2.56104,0,15.7642,8.9129,0,2021,82980884173
44.2327,22.6077,67.6617,0,100,86,75,1392,3504,2.56104,0,15.7642,8.9129,0,2021,83003493408
55.0846,18.1539,67.6617,0,100,86,75,1392,3504,2.56104,0,15.7642,8.9129,0,2021,83021648130
49.2138,20.3195,67.6617,0,100,86,75,1392,3504,2.56104,0,15.7642,8.9129,0,2021,83041969139
49.9749,20.01,67.6617,0,100,86,75,1392,3504,2.56104,0,15.7642,8.9129,0,2021,83061981607
47.0499,21.254,67.6617,0,100,86,75,1392,3504,2.56104,0,15.7642,8.9129,0,2021,83083235387
52.0578,19.2094,67.6617,0,100,86,75,1392,3504,2.56104,0,15.7642,8.9129,0,2021,83102458820
43.5337,22.9707,67.6617,0,100,86,75,1392,3504,2.56104,0,15.7642,8.9129,0,2021,83125418745
57.3754,17.4291,67.6617,0,100,86,75,1392,3504,2.56104,0,15.7642,8.9129,0,2021,83142847971
48.4685,20.6319,67.6617,0,100,86,75,1392,3504,2.56104,0,15.7642,8.9129,0,2021,83163480321
50.1181,19.9529,67.6617,0,100,86,75,1392,3504,2.56104,0,15.7642,8.9129,0,2021,83183458286
47.3145,21.1352,67.6617,0,100,86,75,1392,3504,2.56104,0,15.7642,8.9129,0,2021,83204571105
52.0871,19.1986,67.6617,0,100,86,75,1392,3504,2.56104,0,15.7642,8.9129,0,2021,83223770920
49.208,20.3219,67.6617,0,100,86,75,1392,3504,2.56104,0,15.7642,8.9129,0,2021,83244094150
49.3729,20.254,67.6617,0,100,86,75,1392,3504,2.56104,0,15.7642,8.9129,0,2021,83264348564
47.9803,20.8419,67.6617,0,100,86,75,1392,3504,2.56104,0,15.7642,8.9129,0,2021,83285191577
51.7361,19.3289,67.6617,0,100,86,75,1392,3504,2.56104,0,15.7642,8.9129,0,2021,83304544415
46.9366,21.3053,61.3466,0,98,95,75,1392,3504,2.56104,0,15.7642,8.9129,0,3400,83325829167
50.6065,19.7603,61.3466,0,98,95,75,1392,3504,2.56104,0,15.7642,8.9129,0,3400,83345588771
49.3682,20.2559,61.3466,0,98,95,75,1392,3504,2.56104,0,15.7642,8.9129,0,3400,83365846747
49.6802,20.1287,61.3466,0,98,95,75,1392,3504,2.56104,0,15.7642,8.9129,0,3400,83385994038
49.1648,20.3398,61.3466,0,98,95,75,1392,3504,2.56104,0,15.7642,8.9129,0,3400,83406317295
50.2405,19.9043,61.3466,0,98,95,75,1392,3504,2.56104,0,15.7642,8.9129,0,3400,83426222623
49.7501,20.1005,61.3466,0,98,95,75,1392,3504,2.56104,0,15.7642,8.9129,0,3400,83446323672
49.621,20.1528,61.3466,0,98,95,75,1392,3504,2.56104,0,15.7642,8.9129,0,3400,83466476926
49.5411,20.1853,61.3466,0,98,95,75,1392,3504,2.56104,0,15.7642,8.9129,0,3400,83486664399
49.9067,20.0374,61.3466,0,98,95,75,1392,3504,2.56104,0,15.7642,8.9129,0,3400,83506701826
48.5028,20.6174,61.3466,0,98,95,75,1392,3504,2.56104,0,15.7642,8.9129,0,3400,83527321010
49.7522,20.0996,61.3466,0,98,95,75,1392,3504,2.56104,0,15.7642,8.9129,0,3400,83547422651
49.4874,20.2072,61.3466,0,98,95,75,1392,3504,2.56104,0,15.7642,8.9129,0,3400,83567632008
50.1696,19.9324,61.3466,0,98,95,75,1392,3504,2.56104,0,15.7642,8.9129,0,3400,83587564353
47.6937,20.9671,61.3466,0,98,95,75,1392,3504,2.56104,0,15.7642,8.9129,0,3400,83608531845
52.0698,19.205,61.3466,0,98,95,75,1392,3504,2.56104,0,15.7642,8.9129,0,3400,83627738370
49.2702,20.2962,61.3466,0,98,95,75,1392,3504,2.56104,0,15.7642,8.9129,0,3400,83648034550
49.8371,20.0654,61.3466,0,98,95,75,1392,3504,2.56104,0,15.7642,8.9129,0,3400,83668101957
46.0879,21.6977,61.3466,0,98,95,75,1392,3504,2.56104,0,15.7642,8.9129,0,3400,83689800478
54.4055,18.3805,61.3466,0,98,95,75,1392,3504,2.56104,0,15.7642,8.9129,0,3400,83708182029
44.5908,22.4261,61.3466,0,98,95,75,1392,3504,2.56104,0,15.7642,8.9129,0,3400,83730610381
54.4824,18.3546,61.3466,0,98,95,75,1392,3504,2.56104,0,15.7642,8.9129,0,3400,83748964537
48.8193,20.4837,61.3466,0,98,95,75,1392,3504,2.56104,0,15.7642,8.9129,0,3400,83769450650
50.5191,19.7945,61.3466,0,98,95,75,1392,3504,2.56104,0,15.7642,8.9129,0,3400,83789244997
49.5303,20.1897,61.3466,0,98,95,75,1392,3504,2.56104,0,15.7642,8.9129,0,3400,83809444193
49.91,20.036,63.2242,0,100,95,75,1392,3504,2.56104,0,15.7641,8.9129,0,3434,83829473304
49.2421,20.3078,63.2242,0,100,95,75,1392,3504,2.56104,0,15.7641,8.9129,0,3434,83849782450
50.256,19.8981,63.2242,0,100,95,75,1392,3504,2.56104,0,15.7641,8.9129,0,3434,83869681170
49.2825,20.2912,63.2242,0,100,95,75,1392,3504,2.56104,0,15.7641,8.9129,0,3434,83889978268
50.1434,19.9428,63.2242,0,100,95,75,1392,3504,2.56104,0,15.7641,8.9129,0,3434,83909920948
46.998,21.2775,63.2242,0,100,95,75,1392,3504,2.56104,0,15.7641,8.9129,0,3434,83931199720
31.0922,32.1624,63.2242,0,100,95,75,1392,3504,2.56104,0,15.7641,8.9129,0,3434,83963363625
94.4733,10.585,63.2242,0,100,95,75,1392,3504,2.56104,0,15.7641,8.9129,0,3434,83973949577
54.7741,18.2568,63.2242,0,100,95,75,1392,3504,2.56104,0,15.7641,8.9129,0,3434,83992206753
49.5348,20.1878,63.2242,0,100,95,75,1392,3504,2.56104,0,15.7641,8.9129,0,3434,84012396397
49.7219,20.1119,63.2242,0,100,95,75,1392,3504,2.56104,0,15.7641,8.9129,0,3434,84032509025
42.4974,23.5309,63.2242,0,100,95,75,1392,3504,2.56104,0,15.7641,8.9129,0,3434,84056042076
50.1621,19.9354,63.2242,0,100,95,75,1392,3504,2.56104,0,15.7641,8.9129,0,3434,84075977803
49.5714,20.1729,63.2242,0,100,95,75,1392,3504,2.56104,0,15.7641,8.9129,0,3434,84096152858
50.2941,19.8831,63.2242,0,100,95,75,1392,3504,2.56104,0,15.7641,8.9129,0,3434,84116036389
49.619,20.1536,63.2242,0,100,95,75,1392,3504,2.56104,0,15.7641,8.9129,0,3434,84136191322
49.2209,20.3166,63.2242,0,100,95,75,1392,3504,2.56104,0,15.7641,8.9129,0,3434,84156508737
48.3099,20.6997,63.2242,0,100,95,75,1392,3504,2.56104,0,15.7641,8.9129,0,3434,84177209641
50.8827,19.653,63.2242,0,100,95,75,1392,3504,2.56104,0,15.7641,8.9129,0,3434,84196863378
50.6181,19.7558,63.2242,0,100,95,75,1392,3504,2.56104,0,15.7641,8.9129,0,3434,84216623056
49.9805,20.0078,63.2242,0,100,95,75,1392,3504,2.56104,0,15.7641,8.9129,0,3434,84236630652
49.2397,20.3088,63.2242,0,100,95,75,1392,3504,2.56104,0,15.7641,8.9129,0,3434,84256940373
50.1664,19.9337,63.2242,0,100,95,75,1392,3504,2.56104,0,15.7641,8.9129,0,3434,84276875263
49.158,20.3426,63.2242,0,100,95,75,1392,3504,2.56104,0,15.7641,8.9129,0,3434,84297219091
50.3507,19.8607,63.2242,0,100,95,75,1392,3504,2.56104,0,15.7641,8.9129,0,3434,84317086186
49.4269,20.2319,64.6465,0,100,95,75,1392,3504,2.56104,0,15.7641,8.9129,0,3400,84337314153
49.9544,20.0182,64.6465,0,100,95,75,1392,3504,2.56104,0,15.7641,8.9129,0,3400,84357332925
49.6444,20.1433,64.6465,0,100,95,75,1392,3504,2.56104,0,15.7641,8.9129,0,3400,84377478401
49.8985,20.0407,64.6465,0,100,95,75,1392,3504,2.56104,0,15.7641,8.9129,0,3400,84397520709
49.2608,20.3001,64.6465,0,100,95,75,1392,3504,2.56104,0,15.7641,8.9129,0,3400,84417823023
50.3193,19.8731,64.6465,0,100,95,75,1392,3504,2.56104,0,15.7641,8.9129,0,3400,84437696146
49.8155,20.0741,64.6465,0,100,95,75,1392,3504,2.56104,0,15.7641,8.9129,0,3400,84457771356
49.9037,20.0386,64.6465,0,100,95,75,1392,3504,2.56104,0,15.7641,8.9129,0,3400,84477810991
49.5793,20.1697,64.6465,0,100,95,75,1392,3504,2.56104,0,15.7641,8.9129,0,3400,84497982265
50.0767,19.9694,64.6465,0,100,95,75,1392,3504,2.56104,0,15.7641,8.9129,0,3400,84517951590
48.6285,20.5641,64.6465,0,100,95,75,1392,3504,2.56104,0,15.7641,8.9129,0,3400,84538529901
50.0992,19.9604,64.6465,0,100,95,75,1392,3504,2.56104,0,15.7641,8.9129,0,3400,84558478128
49.7182,20.1133,64.6465,0,100,95,75,1392,3504,2.56104,0,15.7641,8.9129,0,3400,84578594194
50.0936,19.9626,64.6465,0,100,95,75,1392,3504,2.56104,0,15.7641,8.9129,0,3400,84598556732
49.5749,20.1715,64.6465,0,100,95,75,1392,3504,2.56104,0,15.7641,8.9129,0,3400,84618730484
50.0683,19.9727,64.6465,0,100,95,75,1392,3504,2.56104,0,15.7641,8.9129,0,3400,84638703410
49.521,20.1935,64.6465,0,100,95,75,1392,3504,2.56104,0,15.7641,8.9129,0,3400,84658898756
50.1544,19.9384,64.6465,0,100,95,75,1392,3504,2.56104,0,15.7641,8.9129,0,3400,84678838031
48.3313,20.6905,64.6465,0,100,95,75,1392,3504,2.56104,0,15.7641,8.9129,0,3400,84699530408
51.2428,19.5149,64.6465,0,100,95,75,1392,3504,2.56104,0,15.7641,8.9129,0,3400,84719044935
47.2941,21.1443,64.6465,0,100,95,75,1392,3504,2.56104,0,15.7641,8.9129,0,3400,84740190642
52.6911,18.9785,64.6465,0,100,95,75,1392,3504,2.56104,0,15.7641,8.9129,0,3400,84759169985
49.5255,20.1916,64.6465,0,100,95,75,1392,3504,2.56104,0,15.7641,8.9129,0,3400,84779363759
50.3016,19.8801,64.6465,0,100,95,75,1392,3504,2.56104,0,15.7641,8.9129,0,3400,84799244158
49.3385,20.2681,64.6465,0,100,95,75,1392,3504,2.56104,0,15.7641,8.9129,0,3400,84819520131
50.3005,19.8805,62.9073,0,100,95,75,1392,3504,2.56104,0,15.7645,8.9129,0,3374,84839394453
49.8353,20.0661,62.9073,0,100,95,75,1392,3504,2.56104,0,15.7645,8.9129,0,3374,84859462673
49.8289,20.0687,62.9073,0,100,95,75,1392,3504,2.56104,0,15.7645,8.9129,0,3374,84879531426
48.476,20.6288,62.9073,0,100,95,75,1392,3504,2.56104,0,15.7645,8.9129,0,3374,84900163478
51.6044,19.3782,62.9073,0,100,95,75,1392,3504,2.56104,0,15.7645,8.9129,0,3374,84919541803
44.6286,22.4071,62.9073,0,100,95,75,1392,3504,2.56104,0,15.7645,8.9129,0,3374,84941950629
55.7944,17.9229,62.9073,0,100,95,75,1392,3504,2.56104,0,15.7645,8.9129,0,3374,84959874195
45.2855,22.0821,62.9073,0,100,95,75,1392,3504,2.56104,0,15.7645,8.9129,0,3374,84981958100
55.3468,18.0679,62.9073,0,100,95,75,1392,3504,2.56104,0,15.7645,8.9129,0,3374,85000044376
50.1488,19.9406,62.9073,0,100,95,75,1392,3504,2.56104,0,15.7645,8.9129,0,3374,85019968504
50.1972,19.9214,62.9073,0,100,95,75,1392,3504,2.56104,0,15.7645,8.9129,0,3374,85039890877
49.9448,20.0221,62.9073,0,100,95,75,1392,3504,2.56104,0,15.7645,8.9129,0,3374,85059914546
49.578,20.1702,62.9073,0,100,95,75,1392,3504,2.56104,0,15.7645,8.9129,0,3374,85080085148
49.8195,20.0725,62.9073,0,100,95,75,1392,3504,2.56104,0,15.7645,8.9129,0,3374,85100159502
50.0141,19.9944,62.9073,0,100,95,75,1392,3504,2.56104,0,15.7645,8.9129,0,3374,85120154150
50.2436,19.903,62.9073,0,100,95,75,1392,3504,2.56104,0,15.7645,8.9129,0,3374,85140059195
49.9235,20.0306,62.9073,0,100,95,75,1392,3504,2.56104,0,15.7645,8.9129,0,3374,85160090484
50.0066,19.9974,62.9073,0,100,95,75,1392,3504,2.56104,0,15.7645,8.9129,0,3374,85180089247
50.2866,19.886,62.9073,0,100,95,75,1392,3504,2.56104,0,15.7645,8.9129,0,3374,85199975449
48.7873,20.4971,62.9073,0,100,95,75,1392,3504,2.56104,0,15.7645,8.9129,0,3374,85220473979
51.0157,19.6018,62.9073,0,100,95,75,1392,3504,2.56104,0,15.7645,8.9129,0,3374,85240076841
49.3882,20.2477,62.9073,0,100,95,75,1392,3504,2.56104,0,15.7645,8.9129,0,3374,85260326991
50.699,19.7243,62.9073,0,100,95,75,1392,3504,2.56104,0,15.7645,8.9129,0,3374,85280051458
50.1463,19.9416,62.9073,0,100,95,75,1392,3504,2.56104,0,15.7645,8.9129,0,3374,85299995105
49.9926,20.0029,62.9073,0,100,95,75,1392,3504,2.56104,0,15.7645,8.9129,0,3374,85320021583
49.9665,20.0134,61.3466,0,100,95,75,1392,3504,2.56104,0,15.7572,8.9129,0,3436,85340014824
50.2573,19.8976,61.3466,0,100,95,75,1392,3504,2.56104,0,15.7572,8.9129,0,3436,85359912442
45.348,22.0517,61.3466,0,100,95,75,1392,3504,2.56104,0,15.7572,8.9129,0,3436,85381966162
56.1947,17.7953,61.3466,0,100,95,75,1392,3504,2.56104,0,15.7572,8.9129,0,3436,85399762540
46.933,21.307,61.3466,0,100,95,75,1392,3504,2.56104,0,15.7572,8.9129,0,3436,85421074216
53.2066,18.7947,61.3466,0,100,95,75,1392,3504,2.56104,0,15.7572,8.9129,0,3436,85439865810
50.066,19.9736,61.3466,0,100,95,75,1392,3504,2.56104,0,15.7572,8.9129,0,3436,85459841530
50.2633,19.8952,61.3466,0,100,95,75,1392,3504,2.56104,0,15.7572,8.9129,0,3436,85479737778
47.3357,21.1257,61.3466,0,100,95,75,1392,3504,2.56104,0,15.7572,8.9129,0,3436,85500866350
50.2898,19.8847,61.3466,0,100,95,75,1392,3504,2.56104,0,15.7572,8.9129,0,3436,85520750272
45.7078,21.8781,61.3466,0,100,95,75,1392,3504,2.56104,0,15.7572,8.9129,0,3436,85542630314
55.1596,18.1292,61.3466,0,100,95,75,1392,3504,2.56104,0,15.7572,8.9129,0,3436,85560759725
49.9285,20.0287,61.3466,0,100,95,75,1392,3504,2.56104,0,15.7572,8.9129,0,3436,85580803719
50.4315,19.8289,61.3466,0,100,95,75,1392,3504,2.56104,0,15.7572,8.9129,0,3436,85600621021
49.4818,20.2094,61.3466,0,100,95,75,1392,3504,2.56104,0,15.7572,8.9129,0,3436,85620830892
50.5599,19.7785,61.3466,0,100,95,75,1392,3504,2.56104,0,15.7572,8.9129,0,3436,85640610095
49.0053,20.4059,61.3466,0,100,95,75,1392,3504,2.56104,0,15.7572,8.9129,0,3436,85661017228
50.7847,19.691,61.3466,0,100,95,75,1392,3504,2.56104,0,15.7572,8.9129,0,3436,85680708943
50.0346,19.9862,61.3466,0,100,95,75,1392,3504,2.56104,0,15.7572,8.9129,0,3436,85700718960
49.7814,20.0878,61.3466,0,100,95,75,1392,3504,2.56104,0,15.7572,8.9129,0,3436,85720786524
49.1598,20.3418,61.3466,0,100,95,75,1392,3504,2.56104,0,15.7572,8.9129,0,3436,85741129645
47.5911,21.0123,61.3466,0,100,95,75,1392,3504,2.56104,0,15.7572,8.9129,0,3436,85762143441
53.4485,18.7096,61.3466,0,100,95,75,1392,3504,2.56104,0,15.7572,8.9129,0,3436,85780854480
50.8,19.685,61.3466,0,100,95,75,1392,3504,2.56104,0,15.7572,8.9129,0,3436,85800539801
45.7231,21.8708,61.3466,0,100,95,75,1392,3504,2.56104,0,15.7572,8.9129,0,3436,85822415356
55.1298,18.139,62.9073,0,100,95,75,1392,3504,2.56104,0,15.7663,8.9129,0,3302,85840551747
49.6945,20.123,62.9073,0,100,95,75,1392,3504,2.56104,0,15.7663,8.9129,0,3302,85860677248
49.9329,20.0269,62.9073,0,100,95,75,1392,3504,2.56104,0,15.7663,8.9129,0,3302,85880704826
50.6048,19.761,62.9073,0,100,95,75,1392,3504,2.56104,0,15.7663,8.9129,0,3302,85900466825
50.4692,19.8141,62.9073,0,100,95,75,1392,3504,2.56104,0,15.7663,8.9129,0,3302,85920281754
50.7404,19.7082,62.9073,0,100,95,75,1392,3504,2.56104,0,15.7663,8.9129,0,3302,85939991720
50.8233,19.676,62.9073,0,100,95,75,1392,3504,2.56104,0,15.7663,8.9129,0,3302,85959668953
47.1607,21.2041,62.9073,0,100,95,75,1392,3504,2.56104,0,15.7663,8.9129,0,3302,85980874261
55.9599,17.8699,62.9073,0,100,95,75,1392,3504,2.56104,0,15.7663,8.9129,0,3302,85998744399
50.8622,19.661,62.9073,0,100,95,75,1392,3504,2.56104,0,15.7663,8.9129,0,3302,86018415910
51.7824,19.3116,62.9073,0,100,95,75,1392,3504,2.56104,0,15.7663,8.9129,0,3302,86037719105
51.2946,19.4952,62.9073,0,100,95,75,1392,3504,2.56104,0,15.7663,8.9129,0,3302,86057215528
51.5183,19.4106,62.9073,0,100,95,75,1392,3504,2.56104,0,15.7663,8.9129,0,3302,86076626477
51.4624,19.4317,62.9073,0,100,95,75,1392,3504,2.56104,0,15.7663,8.9129,0,3302,86096059184
51.6007,19.3796,62.9073,0,100,95,75,1392,3504,2.56104,0,15.7663,8.9129,0,3302,86115439743
51.4467,19.4376,62.9073,0,100,95,75,1392,3504,2.56104,0,15.7663,8.9129,0,3302,86134878560
51.9469,19.2504,62.9073,0,100,95,75,1392,3504,2.56104,0,15.7663,8.9129,0,3302,86154130010
41.6826,23.9908,62.9073,0,100,95,75,1392,3504,2.56104,0,15.7663,8.9129,0,3302,86178122177
68.1629,14.6707,62.9073,0,100,95,75,1392,3504,2.56104,0,15.7663,8.9129,0,3302,86192793596
49.0487,20.3879,62.9073,0,100,95,75,1392,3504,2.56104,0,15.7663,8.9129,0,3302,86213184137
55.7444,17.939,62.9073,0,100,95,75,1392,3504,2.56104,0,15.7663,8.9129,0,3302,86231124310
51.9201,19.2604,62.9073,0,100,95,75,1392,3504,2.56104,0,15.7663,8.9129,0,3302,86250386569
51.9698,19.2419,62.9073,0,100,95,75,1392,3504,2.56104,0,15.7663,8.9129,0,3302,86269629075
51.7673,19.3172,62.9073,0,100,95,75,1392,3504,2.56104,0,15.7663,8.9129,0,3302,86288947348
52.6686,18.9866,62.9073,0,100,95,75,1392,3504,2.56104,0,15.7663,8.9129,0,3302,86307934786
47.8684,20.8906,62.9073,0,100,95,75,1392,3504,2.56104,0,15.7663,8.9129,0,3302,86328833582
56.0376,17.8452,72.1105,0,100,98,75,1392,3504,2.56104,0,15.7666,8.9129,0,3307,86346672068
45.8269,21.8212,72.1105,0,100,98,75,1392,3504,2.56104,0,15.7666,8.9129,0,3307,86368509097
60.0186,16.6615,72.1105,0,100,98,75,1392,3504,2.56104,0,15.7666,8.9129,0,3307,86385184534
51.4303,19.4438,72.1105,0,100,98,75,1392,3504,2.56104,0,15.7666,8.9129,0,3307,86404615753
52.3463,19.1035,72.1105,0,100,98,75,1392,3504,2.56104,0,15.7666,8.9129,0,3307,86423720270
52.1884,19.1613,72.1105,0,100,98,75,1392,3504,2.56104,0,15.7666,8.9129,0,3307,86442884268
51.9397,19.2531,72.1105,0,100,98,75,1392,3504,2.56104,0,15.7666,8.9129,0,3307,86462155772
51.7183,19.3355,72.1105,0,100,98,75,1392,3504,2.56104,0,15.7666,8.9129,0,3307,86481473435
52.3616,19.098,72.1105,0,100,98,75,1392,3504,2.56104,0,15.7666,8.9129,0,3307,86500572551
51.9167,19.2616,72.1105,0,100,98,75,1392,3504,2.56104,0,15.7666,8.9129,0,3307,86519836295
52.4176,19.0776,72.1105,0,100,98,75,1392,3504,2.56104,0,15.7666,8.9129,0,3307,86538913889
51.8132,19.3001,72.1105,0,100,98,75,1392,3504,2.56104,0,15.7666,8.9129,0,3307,86558216247
52.008,19.2278,72.1105,0,100,98,75,1392,3504,2.56104,0,15.7666,8.9129,0,3307,86577444196
51.9068,19.2653,72.1105,0,100,98,75,1392,3504,2.56104,0,15.7666,8.9129,0,3307,86596711523
52.2861,19.1256,72.1105,0,100,98,75,1392,3504,2.56104,0,15.7666,8.9129,0,3307,86615837751
51.8917,19.2709,72.1105,0,100,98,75,1392,3504,2.56104,0,15.7666,8.9129,0,3307,86635110384
52.2402,19.1423,72.1105,0,100,98,75,1392,3504,2.56104,0,15.7666,8.9129,0,3307,86654253137
52.2448,19.1407,72.1105,0,100,98,75,1392,3504,2.56104,0,15.7666,8.9129,0,3307,86673394761
52.0709,19.2046,72.1105,0,100,98,75,1392,3504,2.56104,0,15.7666,8.9129,0,3307,86692600579
52.1259,19.1843,72.1105,0,100,98,75,1392,3504,2.56104,0,15.7666,8.9129,0,3307,86711785602
51.6854,19.3478,72.1105,0,100,98,75,1392,3504,2.56104,0,15.7666,8.9129,0,3307,86731134041
52.475,19.0567,72.1105,0,100,98,75,1392,3504,2.56104,0,15.7666,8.9129,0,3307,86750192034
51.9094,19.2643,72.1105,0,100,98,75,1392,3504,2.56104,0,15.7666,8.9129,0,3307,86769457277
52.5895,19.0152,72.1105,0,100,98,75,1392,3504,2.56104,0,15.7666,8.9129,0,3307,86788491717
51.8864,19.2729,72.1105,0,100,98,75,1392,3504,2.56104,0,15.7666,8.9129,0,3307,86807748138
52.3237,19.1118,72.1105,0,100,98,75,1392,3504,2.56104,0,15.7666,8.9129,0,3307,86826861069
52.3771,19.0923,72.1105,0,100,98,75,1392,3504,2.56104,0,15.7666,8.9129,0,3307,86845955418
51.994,19.233,58.9806,0,100,98,75,1439,3504,2.56102,0,15.7521,8.9129,0,3477,86865187842
52.0577,19.2095,58.9806,0,100,98,75,1439,3504,2.56102,0,15.7521,8.9129,0,3477,86884397947
51.7192,19.3352,58.9806,0,100,98,75,1439,3504,2.56102,0,15.7521,8.9129,0,3477,86903734107
52.828,18.9294,58.9806,0,100,98,75,1439,3504,2.56102,0,15.7521,8.9129,0,3477,86922664508
52.3289,19.1099,58.9806,0,100,98,75,1439,3504,2.56102,0,15.7521,8.9129,0,3477,86941774689
52.3207,19.1129,58.9806,0,100,98,75,1439,3504,2.56102,0,15.7521,8.9129,0,3477,86960903377
52.1911,19.1603,58.9806,0,100,98,75,1439,3504,2.56102,0,15.7521,8.9129,0,3477,86980060584
52.4334,19.0718,58.9806,0,100,98,75,1439,3504,2.56102,0,15.7521,8.9129,0,3477,86999133426
51.6338,19.3672,58.9806,0,100,98,75,1439,3504,2.56102,0,15.7521,8.9129,0,3477,87018572792
52.6944,18.9773,58.9806,0,100,98,75,1439,3504,2.56102,0,15.7521,8.9129,0,3477,87037481954
52.1168,19.1877,58.9806,0,100,98,75,1439,3504,2.56102,0,15.7521,8.9129,0,3477,87056669838
52.5777,19.0195,58.9806,0,100,98,75,1439,3504,2.56102,0,15.7521,8.9129,0,3477,87075690091
52.0995,19.194,58.9806,0,100,98,75,1439,3504,2.56102,0,15.7521,8.9129,0,3477,87094886089
51.5317,19.4055,58.9806,0,100,98,75,1439,3504,2.56102,0,15.7521,8.9129,0,3477,87114292670
52.9533,18.8846,58.9806,0,100,98,75,1439,3504,2.56102,0,15.7521,8.9129,0,3477,87133178451
52.3096,19.117,58.9806,0,100,98,75,1439,3504,2.56102,0,15.7521,8.9129,0,3477,87152296398
52.3492,19.1025,58.9806,0,100,98,75,1439,3504,2.56102,0,15.7521,8.9129,0,3477,87171401290
52.3069,19.1179,58.9806,0,100,98,75,1439,3504,2.56102,0,15.7521,8.9129,0,3477,87190519180
52.3699,19.0949,58.9806,0,100,98,75,1439,3504,2.56102,0,15.7521,8.9129,0,3477,87209616629
52.4445,19.0678,58.9806,0,100,98,75,1439,3504,2.56102,0,15.7521,8.9129,0,3477,87228685541
52.0314,19.2191,58.9806,0,100,98,75,1439,3504,2.56102,0,15.7521,8.9129,0,3477,87247905260
52.5585,19.0264,58.9806,0,100,98,75,1439,3504,2.56102,0,15.7521,8.9129,0,3477,87266932649
46.412,21.5461,58.9806,0,100,98,75,1439,3504,2.56102,0,15.7521,8.9129,0,3477,87288480500
59.8005,16.7223,58.9806,0,100,98,75,1439,3504,2.56102,0,15.7521,8.9129,0,3477,87305203638
52.337,19.1069,58.9806,0,100,98,75,1439,3504,2.56102,0,15.7521,8.9129,0,3477,87324313409
52.5518,19.0289,58.9806,0,100,98,75,1439,3504,2.56102,0,15.7521,8.9129,0,3477,87343342099
51.8628,19.2817,58.9806,0,100,98,75,1439,3504,2.56102,0,15.7521,8.9129,0,3477,87362628956
52.9036,18.9023,65.2174,0,100,94,76,1455,3504,2.56097,0,15.7524,8.9129,0,3400,87381528191
51.898,19.2686,65.2174,0,100,94,76,1455,3504,2.56097,0,15.7524,8.9129,0,3400,87400799595
52.7136,18.9704,65.2174,0,100,94,76,1455,3504,2.56097,0,15.7524,8.9129,0,3400,87419769939
51.9207,19.2601,65.2174,0,100,94,76,1455,3504,2.56097,0,15.7524,8.9129,0,3400,87439031198
52.562,19.0252,65.2174,0,100,94,76,1455,3504,2.56097,0,15.7524,8.9129,0,3400,87458056349
52.0302,19.2196,65.2174,0,100,94,76,1455,3504,2.56097,0,15.7524,8.9129,0,3400,87477277644
52.957,18.8832,65.2174,0,100,94,76,1455,3504,2.56097,0,15.7524,8.9129,0,3400,87496162041
52.3384,19.1064,65.2174,0,100,94,76,1455,3504,2.56097,0,15.7524,8.9129,0,3400,87515269646
52.1493,19.1757,65.2174,0,100,94,76,1455,3504,2.56097,0,15.7524,8.9129,0,3400,87534445956
52.5576,19.0267,65.2174,0,100,94,76,1455,3504,2.56097,0,15.7524,8.9129,0,3400,87553474012
52.0403,19.2159,65.2174,0,100,94,76,1455,3504,2.56097,0,15.7524,8.9129,0,3400,87572712939
48.4088,20.6574,65.2174,0,100,94,76,1455,3504,2.56097,0,15.7524,8.9129,0,3400,87593359664
57.2662,17.4623,65.2174,0,100,94,76,1455,3504,2.56097,0,15.7524,8.9129,0,3400,87610822867
52.5251,19.0385,65.2174,0,100,94,76,1455,3504,2.56097,0,15.7524,8.9129,0,3400,87629862895
45.5402,21.9586,65.2174,0,100,94,76,1455,3504,2.56097,0,15.7524,8.9129,0,3400,87651822295
62.1311,16.095,65.2174,0,100,94,76,1455,3504,2.56097,0,15.7524,8.9129,0,3400,87667919161
52.4356,19.071,65.2174,0,100,94,76,1455,3504,2.56097,0,15.7524,8.9129,0,3400,87686990426
52.2855,19.1258,65.2174,0,100,94,76,1455,3504,2.56097,0,15.7524,8.9129,0,3400,87706116842
53.552,18.6734,65.2174,0,100,94,76,1455,3504,2.56097,0,15.7524,8.9129,0,3400,87724791134
53.4575,18.7064,65.2174,0,100,94,76,1455,3504,2.56097,0,15.7524,8.9129,0,3400,87743499480
53.0735,18.8418,65.2174,0,100,94,76,1455,3504,2.56097,0,15.7524,8.9129,0,3400,87762341871
51.0943,19.5716,65.2174,0,100,94,76,1455,3504,2.56097,0,15.7524,8.9129,0,3400,87781914518
55.8767,17.8966,65.2174,0,100,94,76,1455,3504,2.56097,0,15.7524,8.9129,0,3400,87799811884
44.9411,22.2513,65.2174,0,100,94,76,1455,3504,2.56097,0,15.7524,8.9129,0,3400,87822064171
66.5345,15.0298,65.2174,0,100,94,76,1455,3504,2.56097,0,15.7524,8.9129,0,3400,87837095500
53.4365,18.7138,65.2174,0,100,94,76,1455,3504,2.56097,0,15.7524,8.9129,0,3400,87855810291
53.8593,18.5669,65.2174,0,100,94,76,1455,3504,2.56097,0,15.7524,8.9129,0,3400,87875100535
48.5864,20.5819,80,0,100,94,76,1449,3504,2.56097,0,15.7469,8.9129,0,3400,87895677139
51.0464,19.59,80,0,100,94,76,1449,3504,2.56097,0,15.7469,8.9129,0,3400,87915267940
66.7646,14.978,80,0,100,94,76,1449,3504,2.56097,0,15.7469,8.9129,0,3400,87930247308
53.9207,18.5458,80,0,100,94,76,1449,3504,2.56097,0,15.7469,8.9129,0,3400,87948794585
42.6395,23.4524,80,0,100,94,76,1449,3504,2.56097,0,15.7469,8.9129,0,3400,87972248693
66.3345,15.0751,80,0,100,94,76,1449,3504,2.56097,0,15.7469,8.9129,0,3400,87987325614
60.2292,16.6032,80,0,100,94,76,1449,3504,2.56097,0,15.7469,8.9129,0,3400,88003930643
54.9054,18.2132,80,0,100,94,76,1449,3504,2.56097,0,15.7469,8.9129,0,3400,88022144234
34.3988,29.0708,80,0,100,94,76,1449,3504,2.56097,0,15.7469,8.9129,0,3400,88051215866
55.1611,18.1287,80,0,100,94,76,1449,3504,2.56097,0,15.7469,8.9129,0,3400,88069347311
64.603,15.4792,80,0,100,94,76,1449,3504,2.56097,0,15.7469,8.9129,0,3400,88084827084
59.5704,16.7869,80,0,100,94,76,1449,3504,2.56097,0,15.7469,8.9129,0,3400,88101615097
57.6548,17.3446,80,0,100,94,76,1449,3504,2.56097,0,15.7469,8.9129,0,3400,88118961049
58.54,17.0823,80,0,100,94,76,1449,3504,2.56097,0,15.7469,8.9129,0,3400,88136044211
55.513,18.0138,80,0,100,94,76,1449,3504,2.56097,0,15.7469,8.9129,0,3400,88154058603
62.3554,16.0371,80,0,100,94,76,1449,3504,2.56097,0,15.7469,8.9129,0,3400,88170096809
57.3756,17.429,80,0,100,94,76,1449,3504,2.56097,0,15.7469,8.9129,0,3400,88187526726
63.0848,15.8517,80,0,100,94,76,1449,3504,2.56097,0,15.7469,8.9129,0,3400,88203379789
60.0005,16.6665,80,0,100,94,76,1449,3504,2.56097,0,15.7469,8.9129,0,3400,88220048225
59.8571,16.7065,80,0,100,94,76,1449,3504,2.56097,0,15.7469,8.9129,0,3400,88236767766
51.4458,19.4379,80,0,100,94,76,1449,3504,2.56097,0,15.7469,8.9129,0,3400,88256193998
62.7908,15.9259,80,0,100,94,76,1449,3504,2.56097,0,15.7469,8.9129,0,3400,88272120657
57.9061,17.2693,80,0,100,94,76,1449,3504,2.56097,0,15.7469,8.9129,0,3400,88289391617
58.6076,17.0626,80,0,100,94,76,1449,3504,2.56097,0,15.7469,8.9129,0,3400,88306454753
51.0157,19.6018,80,0,100,94,76,1449,3504,2.56097,0,15.7469,8.9129,0,3400,88326058038
60.3964,16.5573,80,0,100,94,76,1449,3504,2.56097,0,15.7469,8.9129,0,3400,88342617118
49.4436,20.2251,80,0,100,94,76,1449,3504,2.56097,0,15.7469,8.9129,0,3400,88362842644
59.7078,16.7482,80,0,100,94,76,1449,3504,2.56097,0,15.7469,8.9129,0,3400,88379595432
46.6945,21.4158,77.5253,0,96,93,75,1453,3504,2.56464,0,15.7472,8.9129,0,3400,88401008470
55.3907,18.0536,77.5253,0,96,93,75,1453,3504,2.56464,0,15.7472,8.9129,0,3400,88419063900
58.3496,17.1381,77.5253,0,96,93,75,1453,3504,2.56464,0,15.7472,8.9129,0,3400,88436204006
58.4818,17.0993,77.5253,0,96,93,75,1453,3504,2.56464,0,15.7472,8.9129,0,3400,88453304559
45.8139,21.8275,77.5253,0,96,93,75,1453,3504,2.56464,0,15.7472,8.9129,0,3400,88475136868
57.2329,17.4725,77.5253,0,96,93,75,1453,3504,2.56464,0,15.7472,8.9129,0,3400,88492619747
54.3487,18.3997,77.5253,0,96,93,75,1453,3504,2.56464,0,15.7472,8.9129,0,3400,88511014027
56.766,17.6162,77.5253,0,96,93,75,1453,3504,2.56464,0,15.7472,8.9129,0,3400,88528626191
52.1068,19.1914,77.5253,0,96,93,75,1453,3504,2.56464,0,15.7472,8.9129,0,3400,88547818651
55.8312,17.9111,77.5253,0,96,93,75,1453,3504,2.56464,0,15.7472,8.9129,0,3400,88565758512
53.1263,18.8231,77.5253,0,96,93,75,1453,3504,2.56464,0,15.7472,8.9129,0,3400,88584555201
55.8428,17.9074,77.5253,0,96,93,75,1453,3504,2.56464,0,15.7472,8.9129,0,3400,88602463032
48.9567,20.4262,77.5253,0,96,93,75,1453,3504,2.56464,0,15.7472,8.9129,0,3400,88622891585
60.3941,16.5579,77.5253,0,96,93,75,1453,3504,2.56464,0,15.7472,8.9129,0,3400,88639450313
55.3096,18.0801,77.5253,0,96,93,75,1453,3504,2.56464,0,15.7472,8.9129,0,3400,88657531506
53.6285,18.6468,77.5253,0,96,93,75,1453,3504,2.56464,0,15.7472,8.9129,0,3400,88676178378
54.575,18.3234,77.5253,0,96,93,75,1453,3504,2.56464,0,15.7472,8.9129,0,3400,88694505555
54.4761,18.3567,77.5253,0,96,93,75,1453,3504,2.56464,0,15.7472,8.9129,0,3400,88712862979
53.6984,18.6225,77.5253,0,96,93,75,1453,3504,2.56464,0,15.7472,8.9129,0,3400,88731486766
55.8168,17.9157,77.5253,0,96,93,75,1453,3504,2.56464,0,15.7472,8.9129,0,3400,88749403397
39.0392,25.6153,77.5253,0,96,93,75,1453,3504,2.56464,0,15.7472,8.9129,0,3400,88775019382
85.6869,11.6704,77.5253,0,96,93,75,1453,3504,2.56464,0,15.7472,8.9129,0,3400,88786690663
54.6724,18.2908,77.5253,0,96,93,75,1453,3504,2.56464,0,15.7472,8.9129,0,3400,88804982316
54.8161,18.2428,77.5253,0,96,93,75,1453,3504,2.56464,0,15.7472,8.9129,0,3400,88823226798
50.6452,19.7452,77.5253,0,96,93,75,1453,3504,2.56464,0,15.7472,8.9129,0,3400,88842973538
59.1853,16.8961,77.5253,0,96,93,75,1453,3504,2.56464,0,15.7472,8.9129,0,3400,88859870645
53.3172,18.7557,77.5253,0,96,93,75,1453,3504,2.56464,0,15.7472,8.9129,0,3400,88878627038
56.6586,17.6496,77.5253,0,96,93,75,1453,3504,2.56464,0,15.7472,8.9129,0,3400,88896285623
55.3112,18.0795,71.7122,0,100,93,76,1462,3504,2.55879,0,15.7482,8.9129,0,3400,88914359213
55.241,18.1025,71.7122,0,100,93,76,1462,3504,2.55879,0,15.7482,8.9129,0,3400,88932461485
53.2746,18.7707,71.7122,0,100,93,76,1462,3504,2.55879,0,15.7482,8.9129,0,3400,88951235040
55.9814,17.8631,71.7122,0,100,93,76,1462,3504,2.55879,0,15.7482,8.9129,0,3400,88969111634
56.7046,17.6353,71.7122,0,100,93,76,1462,3504,2.55879,0,15.7482,8.9129,0,3400,88986736117
54.7581,18.2621,71.7122,0,100,93,76,1462,3504,2.55879,0,15.7482,8.9129,0,3400,89004998085
57.3742,17.4294,71.7122,0,100,93,76,1462,3504,2.55879,0,15.7482,8.9129,0,3400,89022428609
55.0434,18.1675,71.7122,0,100,93,76,1462,3504,2.55879,0,15.7482,8.9129,0,3400,89040597558
57.3982,17.4221,71.7122,0,100,93,76,1462,3504,2.55879,0,15.7482,8.9129,0,3400,89058032344
57.4356,17.4108,71.7122,0,100,93,76,1462,3504,2.55879,0,15.7482,8.9129,0,3400,89075431817
56.5889,17.6713,71.7122,0,100,93,76,1462,3504,2.55879,0,15.7482,8.9129,0,3400,89093105339
56.8657,17.5853,71.7122,0,100,93,76,1462,3504,2.55879,0,15.7482,8.9129,0,3400,89110691474
56.7102,17.6335,71.7122,0,100,93,76,1462,3504,2.55879,0,15.7482,8.9129,0,3400,89128326220
54.9369,18.2027,71.7122,0,100,93,76,1462,3504,2.55879,0,15.7482,8.9129,0,3400,89146529448
59.6234,16.7719,71.7122,0,100,93,76,1462,3504,2.55879,0,15.7482,8.9129,0,3400,89163303424
56.9247,17.5671,71.7122,0,100,93,76,1462,3504,2.55879,0,15.7482,8.9129,0,3400,89180870944
57.1668,17.4927,71.7122,0,100,93,76,1462,3504,2.55879,0,15.7482,8.9129,0,3400,89198364948
51.7759,19.314,71.7122,0,100,93,76,1462,3504,2.55879,0,15.7482,8.9129,0,3400,89217679754
63.2884,15.8007,71.7122,0,100,93,76,1462,3504,2.55879,0,15.7482,8.9129,0,3400,89233482887
57.4259,17.4137,71.7122,0,100,93,76,1462,3504,2.55879,0,15.7482,8.9129,0,3400,89250897545
57.2083,17.48,71.7122,0,100,93,76,1462,3504,2.55879,0,15.7482,8.9129,0,3400,89268378964
57.0489,17.5288,71.7122,0,100,93,76,1462,3504,2.55879,0,15.7482,8.9129,0,3400,89285909663
51.6124,19.3752,71.7122,0,100,93,76,1462,3504,2.55879,0,15.7482,8.9129,0,3400,89305286332
64.2536,15.5633,71.7122,0,100,93,76,1462,3504,2.55879,0,15.7482,8.9129,0,3400,89320849632
56.1428,17.8117,71.7122,0,100,93,76,1462,3504,2.55879,0,15.7482,8.9129,0,3400,89338662810
57.9969,17.2423,71.7122,0,100,93,76,1462,3504,2.55879,0,15.7482,8.9129,0,3400,89355905899
56.0573,17.8389,71.7122,0,100,93,76,1462,3504,2.55879,0,15.7482,8.9129,0,3400,89373747308
57.4946,17.393,71.7122,0,100,93,76,1462,3504,2.55879,0,15.7482,8.9129,0,3400,89391140440
48.1427,20.7716,71.7122,0,100,93,76,1462,3504,2.55879,0,15.7482,8.9129,0,3400,89411916058
69.9965,14.2864,75.7353,0,100,93,76,1462,3504,2.55879,0,15.7482,8.9129,0,3400,89426200278
57.2709,17.4609,75.7353,0,100,93,76,1462,3504,2.55879,0,15.7482,8.9129,0,3400,89443662776
57.3375,17.4406,75.7353,0,100,93,76,1462,3504,2.55879,0,15.7482,8.9129,0,3400,89461103276
55.499,18.0183,75.7353,0,100,93,76,1462,3504,2.55879,0,15.7482,8.9129,0,3400,89479123959
58.8483,16.9928,75.7353,0,100,93,76,1462,3504,2.55879,0,15.7482,8.9129,0,3400,89496117958
45.2323,22.1081,75.7353,0,100,93,76,1462,3504,2.55879,0,15.7482,8.9129,0,3400,89518226485
77.0273,12.9824,75.7353,0,100,93,76,1462,3504,2.55879,0,15.7482,8.9129,0,3400,89531210419
47.0718,21.2442,75.7353,0,100,93,76,1462,3504,2.55879,0,15.7482,8.9129,0,3400,89552455957
72.6171,13.7709,75.7353,0,100,93,76,1462,3504,2.55879,0,15.7482,8.9129,0,3400,89566227069
55.688,17.9572,75.7353,0,100,93,76,1462,3504,2.55879,0,15.7482,8.9129,0,3400,89584185679
58.4876,17.0976,75.7353,0,100,93,76,1462,3504,2.55879,0,15.7482,8.9129,0,3400,89601284181
56.9485,17.5597,75.7353,0,100,93,76,1462,3504,2.55879,0,15.7482,8.9129,0,3400,89618846405
56.8303,17.5963,75.7353,0,100,93,76,1462,3504,2.55879,0,15.7482,8.9129,0,3400,89636443367
56.7308,17.6271,75.7353,0,100,93,76,1462,3504,2.55879,0,15.7482,8.9129,0,3400,89654073052
57.1851,17.4871,75.7353,0,100,93,76,1462,3504,2.55879,0,15.7482,8.9129,0,3400,89671559590
54.4107,18.3787,75.7353,0,100,93,76,1462,3504,2.55879,0,15.7482,8.9129,0,3400,89689939278
59.953,16.6797,75.7353,0,100,93,76,1462,3504,2.55879,0,15.7482,8.9129,0,3400,89706619562
54.9262,18.2062,75.7353,0,100,93,76,1462,3504,2.55879,0,15.7482,8.9129,0,3400,89724827609
58.6632,17.0465,75.7353,0,100,93,76,1462,3504,2.55879,0,15.7482,8.9129,0,3400,89741874339
50.1549,19.9382,75.7353,0,100,93,76,1462,3504,2.55879,0,15.7482,8.9129,0,3400,89761814462
66.1404,15.1193,75.7353,0,100,93,76,1462,3504,2.55879,0,15.7482,8.9129,0,3400,89776934712
51.9304,19.2565,75.7353,0,100,93,76,1462,3504,2.55879,0,15.7482,8.9129,0,3400,89796192823
63.3234,15.7919,75.7353,0,100,93,76,1462,3504,2.55879,0,15.7482,8.9129,0,3400,89811985468
54.9767,18.1895,75.7353,0,100,93,76,1462,3504,2.55879,0,15.7482,8.9129,0,3400,89830176746
58.7642,17.0172,75.7353,0,100,93,76,1462,3504,2.55879,0,15.7482,8.9129,0,3400,89847194712
55.3461,18.0681,75.7353,0,100,93,76,1462,3504,2.55879,0,15.7482,8.9129,0,3400,89865263681
58.0724,17.2199,75.7353,0,100,93,76,1462,3504,2.55879,0,15.7482,8.9129,0,3400,89882484007
56.3951,17.732,75.7353,0,100,93,76,1462,3504,2.55879,0,15.7482,8.9129,0,3400,89900217862
54.3535,18.3981,75.7353,0,100,93,76,1462,3504,2.55879,0,15.7482,8.9129,0,3400,89918619415
60.8322,16.4387,74.5636,0,100,93,76,1565,3504,2.55585,0,15.7473,8.9129,0,3489,89935056578
57.4574,17.4042,74.5636,0,100,93,76,1565,3504,2.55585,0,15.7473,8.9129,0,3489,89952462137
49.7184,20.1133,74.5636,0,100,93,76,1565,3504,2.55585,0,15.7473,8.9129,0,3489,89972576712
66.4558,15.0476,74.5636,0,100,93,76,1565,3504,2.55585,0,15.7473,8.9129,0,3489,89987625500
55.2974,18.084,74.5636,0,100,93,76,1565,3504,2.55585,0,15.7473,8.9129,0,3489,90005711607
58.39,17.1262,74.5636,0,100,93,76,1565,3504,2.55585,0,15.7473,8.9129,0,3489,90022838901
51.788,19.3095,74.5636,0,100,93,76,1565,3504,2.55585,0,15.7473,8.9129,0,3489,90042150202
62.2213,16.0717,74.5636,0,100,93,76,1565,3504,2.55585,0,15.7473,8.9129,0,3489,90058220968
56.0922,17.8278,74.5636,0,100,93,76,1565,3504,2.55585,0,15.7473,8.9129,0,3489,90076050966
58.7793,17.0128,74.5636,0,100,93,76,1565,3504,2.55585,0,15.7473,8.9129,0,3489,90093064509
53.9443,18.5376,74.5636,0,100,93,76,1565,3504,2.55585,0,15.7473,8.9129,0,3489,90111603418
59.5356,16.7967,74.5636,0,100,93,76,1565,3504,2.55585,0,15.7473,8.9129,0,3489,90128400883
54.958,18.1957,74.5636,0,100,93,76,1565,3504,2.55585,0,15.7473,8.9129,0,3489,90146598457
59.9895,16.6696,74.5636,0,100,93,76,1565,3504,2.55585,0,15.7473,8.9129,0,3489,90163268561
53.5442,18.6762,74.5636,0,100,93,76,1565,3504,2.55585,0,15.7473,8.9129,0,3489,90181945253
60.6004,16.5015,74.5636,0,100,93,76,1565,3504,2.55585,0,15.7473,8.9129,0,3489,90198447807
57.0633,17.5244,74.5636,0,100,93,76,1565,3504,2.55585,0,15.7473,8.9129,0,3489,90215974781
56.7475,17.6219,74.5636,0,100,93,76,1565,3504,2.55585,0,15.7473,8.9129,0,3489,90233596600
56.1745,17.8017,74.5636,0,100,93,76,1565,3504,2.55585,0,15.7473,8.9129,0,3489,90251398643
58.2356,17.1716,74.5636,0,100,93,76,1565,3504,2.55585,0,15.7473,8.9129,0,3489,90268571770
54.9695,18.1919,74.5636,0,100,93,76,1565,3504,2.55585,0,15.7473,8.9129,0,3489,90286765514
59.3021,16.8628,74.5636,0,100,93,76,1565,3504,2.55585,0,15.7473,8.9129,0,3489,90303634304
54.8649,18.2266,74.5636,0,100,93,76,1565,3504,2.55585,0,15.7473,8.9129,0,3489,90321855893
59.4891,16.8098,74.5636,0,100,93,76,1565,3504,2.55585,0,15.7473,8.9129,0,3489,90338689033
56.6154,17.663,74.5636,0,100,93,76,1565,3504,2.55585,0,15.7473,8.9129,0,3489,90356340197
56.7123,17.6328,74.5636,0,100,93,76,1565,3504,2.55585,0,15.7473,8.9129,0,3489,90373973628
55.6496,17.9696,74.5636,0,100,93,76,1565,3504,2.55585,0,15.7473,8.9129,0,3489,90391945752
59.282,16.8685,74.5636,0,100,93,76,1565,3504,2.55585,0,15.7473,8.9129,0,3489,90408814120
56.3448,17.7479,74.5636,0,100,93,76,1565,3504,2.55585,0,15.7473,8.9129,0,3489,90426640656
57.5499,17.3762,69.8254,0,100,95,77,1569,3504,2.53258,0,15.7547,8.9129,0,3409,90443942269
55.6971,17.9543,69.8254,0,100,95,77,1569,3504,2.53258,0,15.7547,8.9129,0,3409,90461897889
58.1924,17.1844,69.8254,0,100,95,77,1569,3504,2.53258,0,15.7547,8.9129,0,3409,90479095288
40.6928,24.5744,69.8254,0,100,95,77,1569,3504,2.53258,0,15.7547,8.9129,0,3409,90503658978
95.3285,10.49,69.8254,0,100,95,77,1569,3504,2.53258,0,15.7547,8.9129,0,3409,90514163844
53.354,18.7427,69.8254,0,100,95,77,1569,3504,2.53258,0,15.7547,8.9129,0,3409,90532893844
57.1694,17.4919,69.8254,0,100,95,77,1569,3504,2.53258,0,15.7547,8.9129,0,3409,90550386805
57.1186,17.5074,69.8254,0,100,95,77,1569,3504,2.53258,0,15.7547,8.9129,0,3409,90567896477
57.1723,17.491,69.8254,0,100,95,77,1569,3504,2.53258,0,15.7547,8.9129,0,3409,90585388610
50.194,19.9227,69.8254,0,100,95,77,1569,3504,2.53258,0,15.7547,8.9129,0,3409,90605311624
65.9831,15.1554,69.8254,0,100,95,77,1569,3504,2.53258,0,15.7547,8.9129,0,3409,90620467930
54.4401,18.3688,69.8254,0,100,95,77,1569,3504,2.53258,0,15.7547,8.9129,0,3409,90638839206
60.1294,16.6308,69.8254,0,100,95,77,1569,3504,2.53258,0,15.7547,8.9129,0,3409,90655469968
56.8475,17.5909,69.8254,0,100,95,77,1569,3504,2.53258,0,15.7547,8.9129,0,3409,90673062739
56.6372,17.6562,69.8254,0,100,95,77,1569,3504,2.53258,0,15.7547,8.9129,0,3409,90690732150
57.3324,17.4421,69.8254,0,100,95,77,1569,3504,2.53258,0,15.7547,8.9129,0,3409,90708164062
57.4106,17.4184,69.8254,0,100,95,77,1569,3504,2.53258,0,15.7547,8.9129,0,3409,90725583790
56.6969,17.6376,69.8254,0,100,95,77,1569,3504,2.53258,0,15.7547,8.9129,0,3409,90743222977
56.5451,17.685,69.8254,0,100,95,77,1569,3504,2.53258,0,15.7547,8.9129,0,3409,90760908956
54.4449,18.3672,69.8254,0,100,95,77,1569,3504,2.53258,0,15.7547,8.9129,0,3409,90779276981
58.25,17.1674,69.8254,0,100,95,77,1569,3504,2.53258,0,15.7547,8.9129,0,3409,90796445939
56.8113,17.6021,69.8254,0,100,95,77,1569,3504,2.53258,0,15.7547,8.9129,0,3409,90814049738
57.0941,17.5149,69.8254,0,100,95,77,1569,3504,2.53258,0,15.7547,8.9129,0,3409,90831565194
56.6925,17.639,69.8254,0,100,95,77,1569,3504,2.53258,0,15.7547,8.9129,0,3409,90849205951
57.3234,17.4449,69.8254,0,100,95,77,1569,3504,2.53258,0,15.7547,8.9129,0,3409,90866651427
55.6602,17.9662,69.8254,0,100,95,77,1569,3504,2.53258,0,15.7547,8.9129,0,3409,90884618829
58.7939,17.0086,69.8254,0,100,95,77,1569,3504,2.53258,0,15.7547,8.9129,0,3409,90901628235
53.6032,18.6556,69.8254,0,100,95,77,1569,3504,2.53258,0,15.7547,8.9129,0,3409,90920284668
60.755,16.4596,69.8254,0,100,95,77,1569,3504,2.53258,0,15.7547,8.9129,0,3409,90936746894
56.002,17.8565,68.3047,0,100,95,77,1569,3504,2.51435,0,15.7545,8.9129,0,3465,90954603517
58.3178,17.1474,68.3047,0,100,95,77,1569,3504,2.51435,0,15.7545,8.9129,0,3465,90971752006
54.0866,18.4889,68.3047,0,100,95,77,1569,3504,2.51435,0,15.7545,8.9129,0,3465,90990253913
60.0834,16.6435,68.3047,0,100,95,77,1569,3504,2.51435,0,15.7545,8.9129,0,3465,91006886305
51.9852,19.2363,68.3047,0,100,95,77,1569,3504,2.51435,0,15.7545,8.9129,0,3465,91026123792
59.6646,16.7604,68.3047,0,100,95,77,1569,3504,2.51435,0,15.7545,8.9129,0,3465,91042885621
56.3115,17.7584,68.3047,0,100,95,77,1569,3504,2.51435,0,15.7545,8.9129,0,3465,91060645054
60.4466,16.5435,68.3047,0,100,95,77,1569,3504,2.51435,0,15.7545,8.9129,0,3465,91077189520
55.6367,17.9738,68.3047,0,100,95,77,1569,3504,2.51435,0,15.7545,8.9129,0,3465,91095164467
58.3421,17.1403,68.3047,0,100,95,77,1569,3504,2.51435,0,15.7545,8.9129,0,3465,91112323868
46.3407,21.5793,68.3047,0,100,95,77,1569,3504,2.51435,0,15.7545,8.9129,0,3465,91133885234
74.0034,13.5129,68.3047,0,100,95,77,1569,3504,2.51435,0,15.7545,8.9129,0,3465,91147399671
52.6439,18.9956,68.3047,0,100,95,77,1569,3504,2.51435,0,15.7545,8.9129,0,3465,91166397240
57.9931,17.2434,68.3047,0,100,95,77,1569,3504,2.51435,0,15.7545,8.9129,0,3465,91183640709
55.256,18.0976,68.3047,0,100,95,77,1569,3504,2.51435,0,15.7545,8.9129,0,3465,91201740969
58.3531,17.1371,68.3047,0,100,95,77,1569,3504,2.51435,0,15.7545,8.9129,0,3465,91218877842
57.1713,17.4913,68.3047,0,100,95,77,1569,3504,2.51435,0,15.7545,8.9129,0,3465,91236369424
57.1222,17.5063,68.3047,0,100,95,77,1569,3504,2.51435,0,15.7545,8.9129,0,3465,91253877955
54.7952,18.2498,68.3047,0,100,95,77,1569,3504,2.51435,0,15.7545,8.9129,0,3465,91272129393
59.9085,16.6921,68.3047,0,100,95,77,1569,3504,2.51435,0,15.7545,8.9129,0,3465,91288822699
56.3187,17.7561,68.3047,0,100,95,77,1569,3504,2.51435,0,15.7545,8.9129,0,3465,91306581170
57.2222,17.4757,68.3047,0,100,95,77,1569,3504,2.51435,0,15.7545,8.9129,0,3465,91324056397
56.2756,17.7697,68.3047,0,100,95,77,1569,3504,2.51435,0,15.7545,8.9129,0,3465,91341827749
57.4135,17.4175,68.3047,0,100,95,77,1569,3504,2.51435,0,15.7545,8.9129,0,3465,91359245332
51.5401,19.4024,68.3047,0,100,95,77,1569,3504,2.51435,0,15.7545,8.9129,0,3465,91378648427
61.2888,16.3162,68.3047,0,100,95,77,1569,3504,2.51435,0,15.7545,8.9129,0,3465,91394966564
50.0286,19.9886,68.3047,0,100,95,77,1569,3504,2.51435,0,15.7545,8.9129,0,3465,91414956141
68.2486,14.6523,68.3047,0,100,95,77,1569,3504,2.51435,0,15.7545,8.9129,0,3465,91429608900
56.7427,17.6234,68.3047,0,100,95,77,1569,3504,2.51435,0,15.7545,8.9129,0,3465,91447242306
56.8302,17.5963,72.9323,0,100,94,77,1569,3504,2.50389,0,15.7593,8.9129,0,3399,91464831030
54.8003,18.2481,72.9323,0,100,94,77,1569,3504,2.50389,0,15.7593,8.9129,0,3399,91483080952
57.3254,17.4443,72.9323,0,100,94,77,1569,3504,2.50389,0,15.7593,8.9129,0,3399,91500525471
56.2826,17.7675,72.9323,0,100,94,77,1569,3504,2.50389,0,15.7593,8.9129,0,3399,91518294430
56.3762,17.738,72.9323,0,100,94,77,1569,3504,2.50389,0,15.7593,8.9129,0,3399,91536033189
56.8912,17.5774,72.9323,0,100,94,77,1569,3504,2.50389,0,15.7593,8.9129,0,3399,91553612639
56.4821,17.7047,72.9323,0,100,94,77,1569,3504,2.50389,0,15.7593,8.9129,0,3399,91571316926
56.7421,17.6236,72.9323,0,100,94,77,1569,3504,2.50389,0,15.7593,8.9129,0,3399,91588942454
51.6863,19.3475,72.9323,0,100,94,77,1569,3504,2.50389,0,15.7593,8.9129,0,3399,91608291444
68.0896,14.6865,72.9323,0,100,94,77,1569,3504,2.50389,0,15.7593,8.9129,0,3399,91622978819
65.6065,15.2424,72.9323,0,100,94,77,1569,3504,2.50389,0,15.7593,8.9129,0,3399,91638221606
67.457,14.8243,72.9323,0,100,94,77,1569,3504,2.50389,0,15.7593,8.9129,0,3399,91653048432
68.4869,14.6013,72.9323,0,100,94,77,1569,3504,2.50389,0,15.7593,8.9129,0,3399,91667650396
69.9022,14.3057,72.9323,0,100,94,77,1569,3504,2.50389,0,15.7593,8.9129,0,3399,91681957637
58.8591,16.9897,72.9323,0,100,94,77,1569,3504,2.50389,0,15.7593,8.9129,0,3399,91698963651
86.5586,11.5529,72.9323,0,100,94,77,1569,3504,2.50389,0,15.7593,8.9129,0,3399,91710501461
67.7398,14.7624,72.9323,0,100,94,77,1569,3504,2.50389,0,15.7593,8.9129,0,3399,91725266083
66.7053,14.9913,72.9323,0,100,94,77,1569,3504,2.50389,0,15.7593,8.9129,0,3399,91740257266
82.6855,12.094,72.9323,0,100,94,77,1569,3504,2.50389,0,15.7593,8.9129,0,3399,91752352101
61.675,16.214,72.9323,0,100,94,77,1569,3504,2.50389,0,15.7593,8.9129,0,3399,91768567323
92.1125,10.8563,72.9323,0,100,94,77,1569,3504,2.50389,0,15.7593,8.9129,0,3399,91779425258
73.3163,13.6395,72.9323,0,100,94,77,1569,3504,2.50389,0,15.7593,8.9129,0,3399,91793066564
74.6166,13.4018,72.9323,0,100,94,77,1569,3504,2.50389,0,15.7593,8.9129,0,3399,91806469987
78.3442,12.7642,72.9323,0,100,94,77,1569,3504,2.50389,0,15.7593,8.9129,0,3399,91819235040
77.4246,12.9158,72.9323,0,100,94,77,1569,3504,2.50389,0,15.7593,8.9129,0,3399,91832152354
79.4293,12.5898,72.9323,0,100,94,77,1569,3504,2.50389,0,15.7593,8.9129,0,3399,91844743562
75.713,13.2078,72.9323,0,100,94,77,1569,3504,2.50389,0,15.7593,8.9129,0,3399,91857952159
84.9133,11.7767,72.9323,0,100,94,77,1569,3504,2.50389,0,15.7593,8.9129,0,3399,91869730136
81.6911,12.2412,72.9323,0,100,94,77,1569,3504,2.50389,0,15.7593,8.9129,0,3399,91881971920
72.0639,13.8766,72.9323,0,100,94,77,1569,3504,2.50389,0,15.7593,8.9129,0,3399,91895850737
80.3605,12.4439,72.9323,0,100,94,77,1569,3504,2.50389,0,15.7593,8.9129,0,3399,91908294560
74.2344,13.4709,72.9323,0,100,94,77,1569,3504,2.50389,0,15.7593,8.9129,0,3399,91921767316
74.9692,13.3388,72.9323,0,100,94,77,1569,3504,2.50389,0,15.7593,8.9129,0,3399,91935107983
76.2497,13.1148,72.9323,0,100,94,77,1569,3504,2.50389,0,15.7593,8.9129,0,3399,91948484673
73.2687,13.6484,81.2183,0,97,94,77,1594,3504,2.49575,0,15.7422,8.9129,0,3455,91961873422
80.8137,12.3741,81.2183,0,97,94,77,1594,3504,2.49575,0,15.7422,8.9129,0,3455,91974248886
72.1821,13.8538,81.2183,0,97,94,77,1594,3504,2.49575,0,15.7422,8.9129,0,3455,91988107406
87.3979,11.4419,81.2183,0,97,94,77,1594,3504,2.49575,0,15.7422,8.9129,0,3455,91999564748
78.2974,12.7718,81.2183,0,97,94,77,1594,3504,2.49575,0,15.7422,8.9129,0,3455,92012318865
77.49,12.9049,81.2183,0,97,94,77,1594,3504,2.49575,0,15.7422,8.9129,0,3455,92025224620
82.5562,12.113,81.2183,0,97,94,77,1594,3504,2.49575,0,15.7422,8.9129,0,3455,92037339202
82.5794,12.1096,81.2183,0,97,94,77,1594,3504,2.49575,0,15.7422,8.9129,0,3455,92049449958
81.8974,12.2104,81.2183,0,97,94,77,1594,3504,2.49575,0,15.7422,8.9129,0,3455,92061661564
80.3486,12.4458,81.2183,0,97,94,77,1594,3504,2.49575,0,15.7422,8.9129,0,3455,92074108401
77.3215,12.933,81.2183,0,97,94,77,1594,3504,2.49575,0,15.7422,8.9129,0,3455,92087043967
85.8124,11.6533,81.2183,0,97,94,77,1594,3504,2.49575,0,15.7422,8.9129,0,3455,92098698155
74.5761,13.4091,81.2183,0,97,94,77,1594,3504,2.49575,0,15.7422,8.9129,0,3455,92112109280
65.8844,15.1781,81.2183,0,97,94,77,1594,3504,2.49575,0,15.7422,8.9129,0,3455,92127287575
106.001,9.43388,81.2183,0,97,94,77,1594,3504,2.49575,0,15.7422,8.9129,0,3455,92136723449
89.0256,11.2327,81.2183,0,97,94,77,1594,3504,2.49575,0,15.7422,8.9129,0,3455,92147956776
80.7741,12.3802,81.2183,0,97,94,77,1594,3504,2.49575,0,15.7422,8.9129,0,3455,92160341212
81.0829,12.3331,81.2183,0,97,94,77,1594,3504,2.49575,0,15.7422,8.9129,0,3455,92172678017
82.5584,12.1126,81.2183,0,97,94,77,1594,3504,2.49575,0,15.7422,8.9129,0,3455,92184790612
80.1668,12.474,81.2183,0,97,94,77,1594,3504,2.49575,0,15.7422,8.9129,0,3455,92197265004
80.9449,12.3541,81.2183,0,97,94,77,1594,3504,2.49575,0,15.7422,8.9129,0,3455,92209619840
82.3674,12.1407,81.2183,0,97,94,77,1594,3504,2.49575,0,15.7422,8.9129,0,3455,92221762206
80.0007,12.4999,81.2183,0,97,94,77,1594,3504,2.49575,0,15.7422,8.9129,0,3455,92234263098
82.5027,12.1208,81.2183,0,97,94,77,1594,3504,2.49575,0,15.7422,8.9129,0,3455,92246385738
81.0741,12.3344,81.2183,0,97,94,77,1594,3504,2.49575,0,15.7422,8.9129,0,3455,92258720623
80.2016,12.4686,81.2183,0,97,94,77,1594,3504,2.49575,0,15.7422,8.9129,0,3455,92271191130
81.251,12.3075,81.2183,0,97,94,77,1594,3504,2.49575,0,15.7422,8.9129,0,3455,92283499106
79.9695,12.5048,81.2183,0,97,94,77,1594,3504,2.49575,0,15.7422,8.9129,0,3455,92296004703
81.0662,12.3356,81.2183,0,97,94,77,1594,3504,2.49575,0,15.7422,8.9129,0,3455,92308341036
80.2023,12.4685,81.2183,0,97,94,77,1594,3504,2.49575,0,15.7422,8.9129,0,3455,92320810329
80.8545,12.3679,81.2183,0,97,94,77,1594,3504,2.49575,0,15.7422,8.9129,0,3455,92333180285
69.1448,14.4624,81.2183,0,97,94,77,1594,3504,2.49575,0,15.7422,8.9129,0,3455,92347643534
94.5894,10.572,81.2183,0,97,94,77,1594,3504,2.49575,0,15.7422,8.9129,0,3455,92358215864
77.0624,12.9765,81.2183,0,97,94,77,1594,3504,2.49575,0,15.7422,8.9129,0,3455,92371194540
74.3153,13.4562,81.2183,0,97,94,77,1594,3504,2.49575,0,15.7422,8.9129,0,3455,92384652600
87.234,11.4634,81.2183,0,97,94,77,1594,3504,2.49575,0,15.7422,8.9129,0,3455,92396117005
79.752,12.5389,81.2183,0,97,94,77,1594,3504,2.49575,0,15.7422,8.9129,0,3455,92408655978
70.771,14.1301,81.2183,0,97,94,77,1594,3504,2.49575,0,15.7422,8.9129,0,3455,92422787748
89.2699,11.202,81.2183,0,97,94,77,1594,3504,2.49575,0,15.7422,8.9129,0,3455,92433990270
66.7464,14.9821,81.2183,0,97,94,77,1594,3504,2.49575,0,15.7422,8.9129,0,3455,92448980141
77.4681,12.9085,78.2828,0,97,98,77,1594,3504,2.49575,0,15.7261,8.9129,0,3383,92461885191
64.799,15.4323,78.2828,0,97,98,77,1594,3504,2.49575,0,15.7261,8.9129,0,3383,92477318918
80.304,12.4527,78.2828,0,97,98,77,1594,3504,2.49575,0,15.7261,8.9129,0,3383,92489774108
65.3389,15.3048,78.2828,0,97,98,77,1594,3504,2.49575,0,15.7261,8.9129,0,3383,92505078753
79.7331,12.5418,78.2828,0,97,98,77,1594,3504,2.49575,0,15.7261,8.9129,0,3383,92517620514
68.4607,14.6069,78.2828,0,97,98,77,1594,3504,2.49575,0,15.7261,8.9129,0,3383,92532229393
75.8478,13.1843,78.2828,0,97,98,77,1594,3504,2.49575,0,15.7261,8.9129,0,3383,92545414251
54.9009,18.2147,78.2828,0,97,98,77,1594,3504,2.49575,0,15.7261,8.9129,0,3383,92563630816
88.8186,11.2589,78.2828,0,97,98,77,1594,3504,2.49575,0,15.7261,8.9129,0,3383,92574889983
52.6743,18.9846,78.2828,0,97,98,77,1594,3504,2.49575,0,15.7261,8.9129,0,3383,92593876826
75.0797,13.3192,78.2828,0,97,98,77,1594,3504,2.49575,0,15.7261,8.9129,0,3383,92607195723
72.2886,13.8334,78.2828,0,97,98,77,1594,3504,2.49575,0,15.7261,8.9129,0,3383,92621051329
75.3792,13.2663,78.2828,0,97,98,77,1594,3504,2.49575,0,15.7261,8.9129,0,3383,92634319256
61.9304,16.1472,78.2828,0,97,98,77,1594,3504,2.49575,0,15.7261,8.9129,0,3383,92650467424
71.4807,13.9898,78.2828,0,97,98,77,1594,3504,2.49575,0,15.7261,8.9129,0,3383,92664458245
69.7969,14.3273,78.2828,0,97,98,77,1594,3504,2.49575,0,15.7261,8.9129,0,3383,92678786962
76.296,13.1069,78.2828,0,97,98,77,1594,3504,2.49575,0,15.7261,8.9129,0,3383,92691894527
48.606,20.5736,78.2828,0,97,98,77,1594,3504,2.49575,0,15.7261,8.9129,0,3383,92712470014
128.778,7.76528,78.2828,0,97,98,77,1594,3504,2.49575,0,15.7261,8.9129,0,3383,92720236155
49.711,20.1163,78.2828,0,97,98,77,1594,3504,2.49575,0,15.7261,8.9129,0,3383,92740354387
129.613,7.71526,78.2828,0,97,98,77,1594,3504,2.49575,0,15.7261,8.9129,0,3383,92748070252
61.389,16.2896,78.2828,0,97,98,77,1594,3504,2.49575,0,15.7261,8.9129,0,3383,92764361282
84.4509,11.8412,78.2828,0,97,98,77,1594,3504,2.49575,0,15.7261,8.9129,0,3383,92776224236
53.7986,18.5879,78.2828,0,97,98,77,1594,3504,2.49575,0,15.7261,8.9129,0,3383,92794791902
89.3487,11.1921,78.2828,0,97,98,77,1594,3504,2.49575,0,15.7261,8.9129,0,3383,92805985226
59.5727,16.7862,78.2828,0,97,98,77,1594,3504,2.49575,0,15.7261,8.9129,0,3383,92822771774
102.937,9.71471,78.2828,0,97,98,77,1594,3504,2.49575,0,15.7261,8.9129,0,3383,92832488395
68.4002,14.6198,78.2828,0,97,98,77,1594,3504,2.49575,0,15.7261,8.9129,0,3383,92847130148
73.9949,13.5144,78.2828,0,97,98,77,1594,3504,2.49575,0,15.7261,8.9129,0,3383,92860625143
71.1327,14.0582,78.2828,0,97,98,77,1594,3504,2.49575,0,15.7261,8.9129,0,3383,92874684270
72.0968,13.8702,78.2828,0,97,98,77,1594,3504,2.49575,0,15.7261,8.9129,0,3383,92889966505
59.8059,16.7208,78.2828,0,97,98,77,1594,3504,2.49575,0,15.7261,8.9129,0,3383,92905299268
85.9344,11.6368,78.2828,0,97,98,77,1594,3504,2.49575,0,15.7261,8.9129,0,3383,92916937332
60.2416,16.5998,78.2828,0,97,98,77,1594,3504,2.49575,0,15.7261,8.9129,0,3383,92933559416
74.1273,13.4903,78.2828,0,97,98,77,1594,3504,2.49575,0,15.7261,8.9129,0,3383,92947030191
81.1152,12.3281,78.2828,0,97,98,77,1594,3504,2.49575,0,15.7261,8.9129,0,3383,92959395450
72.5306,13.7873,83.5411,0,94,98,78,1602,3504,2.4963,0,15.7181,8.9129,0,1844,92973147135
55.3423,18.0694,83.5411,0,94,98,78,1602,3504,2.4963,0,15.7181,8.9129,0,1844,92991217645
98.7133,10.1303,83.5411,0,94,98,78,1602,3504,2.4963,0,15.7181,8.9129,0,1844,93001349258
64.5987,15.4802,83.5411,0,94,98,78,1602,3504,2.4963,0,15.7181,8.9129,0,1844,93016831396
70.2726,14.2303,83.5411,0,94,98,78,1602,3504,2.4963,0,15.7181,8.9129,0,1844,93031062140
76.2248,13.1191,83.5411,0,94,98,78,1602,3504,2.4963,0,15.7181,8.9129,0,1844,93044181624
74.2206,13.4734,83.5411,0,94,98,78,1602,3504,2.4963,0,15.7181,8.9129,0,1844,93057655233
67.6942,14.7723,83.5411,0,94,98,78,1602,3504,2.4963,0,15.7181,8.9129,0,1844,93072428850
65.5011,15.2669,83.5411,0,94,98,78,1602,3504,2.4963,0,15.7181,8.9129,0,1844,93087721562
56.2334,17.783,83.5411,0,94,98,78,1602,3504,2.4963,0,15.7181,8.9129,0,1844,93105482386
39.261,25.4706,83.5411,0,94,98,78,1602,3504,2.4963,0,15.7181,8.9129,0,1844,93130953206
274.334,3.64519,83.5411,0,94,98,78,1602,3504,2.4963,0,15.7181,8.9129,0,1844,93134620572
50.3905,19.845,83.5411,0,94,98,78,1602,3504,2.4963,0,15.7181,8.9129,0,1844,93154467189
69.5313,14.382,83.5411,0,94,98,78,1602,3504,2.4963,0,15.7181,8.9129,0,1844,93168870088
47.0438,21.2568,83.5411,0,94,98,78,1602,3504,2.4963,0,15.7181,8.9129,0,1844,93190128622
56.1207,17.8187,83.5411,0,94,98,78,1602,3504,2.4963,0,15.7181,8.9129,0,1844,93207949192
59.6068,16.7766,83.5411,0,94,98,78,1602,3504,2.4963,0,15.7181,8.9129,0,1844,93224726268
70.7958,14.1251,83.5411,0,94,98,78,1602,3504,2.4963,0,15.7181,8.9129,0,1844,93238851573
77.8214,12.8499,83.5411,0,94,98,78,1602,3504,2.4963,0,15.7181,8.9129,0,1844,93251724958
80.4628,12.4281,83.5411,0,94,98,78,1602,3504,2.4963,0,15.7181,8.9129,0,1844,93264175051
73.5882,13.5891,83.5411,0,94,98,78,1602,3504,2.4963,0,15.7181,8.9129,0,1844,93277743784
40.1773,24.8897,83.5411,0,94,98,78,1602,3504,2.4963,0,15.7181,8.9129,0,1844,93302655886
53.719,18.6154,83.5411,0,94,98,78,1602,3504,2.4963,0,15.7181,8.9129,0,1844,93321252254
75.7337,13.2042,83.5411,0,94,98,78,1602,3504,2.4963,0,15.7181,8.9129,0,1844,93334457148
81.4067,12.284,83.5411,0,94,98,78,1602,3504,2.4963,0,15.7181,8.9129,0,1844,93346742837
70.8378,14.1168,83.5411,0,94,98,78,1602,3504,2.4963,0,15.7181,8.9129,0,1844,93360884029
75.5083,13.2436,83.5411,0,94,98,78,1602,3504,2.4963,0,15.7181,8.9129,0,1844,93374128125
71.6164,13.9633,83.5411,0,94,98,78,1602,3504,2.4963,0,15.7181,8.9129,0,1844,93388091057
67.4113,14.8343,83.5411,0,94,98,78,1602,3504,2.4963,0,15.7181,8.9129,0,1844,93402926732
56.2072,17.7913,83.5411,0,94,98,78,1602,3504,2.4963,0,15.7181,8.9129,0,1844,93420718579
69.99,14.2877,83.5411,0,94,98,78,1602,3504,2.4963,0,15.7181,8.9129,0,1844,93435008579
83.6767,11.9508,83.5411,0,94,98,78,1602,3504,2.4963,0,15.7181,8.9129,0,1844,93446961034
67.26,14.8677,83.5411,0,94,98,78,1602,3504,2.4963,0,15.7181,8.9129,0,1844,93461836809
56.8954,17.5761,93.401,0,99,86,76,1405,3504,2.49756,0,15.7017,8.9129,0,1734,93479407363
60.2006,16.6111,93.401,0,99,86,76,1405,3504,2.49756,0,15.7017,8.9129,0,1734,93496040118
79.9946,12.5008,93.401,0,99,86,76,1405,3504,2.49756,0,15.7017,8.9129,0,1734,93508521231
73.2134,13.6587,93.401,0,99,86,76,1405,3504,2.49756,0,15.7017,8.9129,0,1734,93522181359
73.3892,13.626,93.401,0,99,86,76,1405,3504,2.49756,0,15.7017,8.9129,0,1734,93535832888
55.9986,17.8576,93.401,0,99,86,76,1405,3504,2.49756,0,15.7017,8.9129,0,1734,93553667169
102.788,9.72873,93.401,0,99,86,76,1405,3504,2.49756,0,15.7017,8.9129,0,1734,93563396925
66.0839,15.1323,93.401,0,99,86,76,1405,3504,2.49756,0,15.7017,8.9129,0,1734,93578551719
75.8101,13.1909,93.401,0,99,86,76,1405,3504,2.49756,0,15.7017,8.9129,0,1734,93591743840
69.9421,14.2975,93.401,0,99,86,76,1405,3504,2.49756,0,15.7017,8.9129,0,1734,93606042113
64.385,15.5316,93.401,0,99,86,76,1405,3504,2.49756,0,15.7017,8.9129,0,1734,93621575022
87.0172,11.492,93.401,0,99,86,76,1405,3504,2.49756,0,15.7017,8.9129,0,1734,93633069822
55.1994,18.1161,93.401,0,99,86,76,1405,3504,2.49756,0,15.7017,8.9129,0,1734,93651186706
86.416,11.5719,93.401,0,99,86,76,1405,3504,2.49756,0,15.7017,8.9129,0,1734,93662759357
69.0143,14.4897,93.401,0,99,86,76,1405,3504,2.49756,0,15.7017,8.9129,0,1734,93677250937
75.9441,13.1676,93.401,0,99,86,76,1405,3504,2.49756,0,15.7017,8.9129,0,1734,93690419456
72.117,13.8664,93.401,0,99,86,76,1405,3504,2.49756,0,15.7017,8.9129,0,1734,93704287694
69.3587,14.4178,93.401,0,99,86,76,1405,3504,2.49756,0,15.7017,8.9129,0,1734,93718728323
78.086,12.8064,93.401,0,99,86,76,1405,3504,2.49756,0,15.7017,8.9129,0,1734,93731537701
72.0659,13.8762,93.401,0,99,86,76,1405,3504,2.49756,0,15.7017,8.9129,0,1734,93745441304
61.8241,16.1749,93.401,0,99,86,76,1405,3504,2.49756,0,15.7017,8.9129,0,1734,93761588816
81.234,12.3101,93.401,0,99,86,76,1405,3504,2.49756,0,15.7017,8.9129,0,1734,93773900099
67.0239,14.92,93.401,0,99,86,76,1405,3504,2.49756,0,15.7017,8.9129,0,1734,93788842251
72.0787,13.8737,93.401,0,99,86,76,1405,3504,2.49756,0,15.7017,8.9129,0,1734,93802696525
73.5965,13.5876,93.401,0,99,86,76,1405,3504,2.49756,0,15.7017,8.9129,0,1734,93816284751
69.156,14.4601,93.401,0,99,86,76,1405,3504,2.49756,0,15.7017,8.9129,0,1734,93830746179
61.1478,16.3538,93.401,0,99,86,76,1405,3504,2.49756,0,15.7017,8.9129,0,1734,93847101337
67.3469,14.8485,93.401,0,99,86,76,1405,3504,2.49756,0,15.7017,8.9129,0,1734,93861971820
94.4689,10.5855,93.401,0,99,86,76,1405,3504,2.49756,0,15.7017,8.9129,0,1734,93872559020
72.2429,13.8422,93.401,0,99,86,76,1405,3504,2.49756,0,15.7017,8.9129,0,1734,93886381207
72.3171,13.828,93.401,0,99,86,76,1405,3504,2.49756,0,15.7017,8.9129,0,1734,93900230617
70.0179,14.2821,93.401,0,99,86,76,1405,3504,2.49756,0,15.7017,8.9129,0,1734,93914514871
67.0166,14.9217,93.401,0,99,86,76,1405,3504,2.49756,0,15.7017,8.9129,0,1734,93929415633
71.3784,14.0098,93.401,0,99,86,76,1405,3504,2.49756,0,15.7017,8.9129,0,1734,93943426452
54.6777,18.289,93.401,0,99,86,76,1405,3504,2.49756,0,15.7017,8.9129,0,1734,93961716639
86.457,11.5664,93.401,0,99,86,76,1405,3504,2.49756,0,15.7017,8.9129,0,1734,93973289859
62.3064,16.0497,88.9447,0,99,86,76,1405,3504,2.49756,0,15.6981,8.9129,0,1798,93989334687
67.8634,14.7355,88.9447,0,99,86,76,1405,3504,2.49756,0,15.6981,8.9129,0,1798,94004071301
60.0764,16.6455,88.9447,0,99,86,76,1405,3504,2.49756,0,15.6981,8.9129,0,1798,94020718212
71.3333,14.0187,88.9447,0,99,86,76,1405,3504,2.49756,0,15.6981,8.9129,0,1798,94034739227
65.9611,15.1604,88.9447,0,99,86,76,1405,3504,2.49756,0,15.6981,8.9129,0,1798,94049901134
56.8754,17.5823,88.9447,0,99,86,76,1405,3504,2.49756,0,15.6981,8.9129,0,1798,94067505216
88.389,11.3136,88.9447,0,99,86,76,1405,3504,2.49756,0,15.6981,8.9129,0,1798,94078797996
59.6173,16.7737,88.9447,0,99,86,76,1405,3504,2.49756,0,15.6981,8.9129,0,1798,94095572431
85.0742,11.7544,88.9447,0,99,86,76,1405,3504,2.49756,0,15.6981,8.9129,0,1798,94107328199
71.6754,13.9518,88.9447,0,99,86,76,1405,3504,2.49756,0,15.6981,8.9129,0,1798,94121281613
50.2202,19.9123,88.9447,0,99,86,76,1405,3504,2.49756,0,15.6981,8.9129,0,1798,94141194949
116.025,8.61886,88.9447,0,99,86,76,1405,3504,2.49756,0,15.6981,8.9129,0,1798,94149815595
61.0925,16.3686,88.9447,0,99,86,76,1405,3504,2.49756,0,15.6981,8.9129,0,1798,94166206603
71.0915,14.0664,88.9447,0,99,86,76,1405,3504,2.49756,0,15.6981,8.9129,0,1798,94180253262
70.414,14.2017,88.9447,0,99,86,76,1405,3504,2.49756,0,15.6981,8.9129,0,1798,94194478318
70.1508,14.255,88.9447,0,99,86,76,1405,3504,2.49756,0,15.6981,8.9129,0,1798,94208733540
48.7382,20.5178,88.9447,0,99,86,76,1405,3504,2.49756,0,15.6981,8.9129,0,1798,94229274651
67.6194,14.7887,88.9447,0,99,86,76,1405,3504,2.49756,0,15.6981,8.9129,0,1798,94244064348
46.6155,21.4521,88.9447,0,99,86,76,1405,3504,2.49756,0,15.6981,8.9129,0,1798,94265518108
95.1513,10.5096,88.9447,0,99,86,76,1405,3504,2.49756,0,15.6981,8.9129,0,1798,94276029295
35.6469,28.053,88.9447,0,99,86,76,1405,3504,2.49756,0,15.6981,8.9129,0,1798,94304083889
63.9604,15.6347,88.9447,0,99,86,76,1405,3504,2.49756,0,15.6981,8.9129,0,1798,94319719223
70.2306,14.2388,88.9447,0,99,86,76,1405,3504,2.49756,0,15.6981,8.9129,0,1798,94333959032
68.9393,14.5055,88.9447,0,99,86,76,1405,3504,2.49756,0,15.6981,8.9129,0,1798,94348465223
55.0506,18.1651,88.9447,0,99,86,76,1405,3504,2.49756,0,15.6981,8.9129,0,1798,94366631189
53.5515,18.6736,88.9447,0,99,86,76,1405,3504,2.49756,0,15.6981,8.9129,0,1798,94385306311
75.4834,13.2479,88.9447,0,99,86,76,1405,3504,2.49756,0,15.6981,8.9129,0,1798,94398576437
55.9629,17.869,88.9447,0,99,86,76,1405,3504,2.49756,0,15.6981,8.9129,0,1798,94416458151
44.7586,22.3421,88.9447,0,99,86,76,1405,3504,2.49756,0,15.6981,8.9129,0,1798,94438768228
75.2509,13.2889,88.9447,0,99,86,76,1405,3504,2.49756,0,15.6981,8.9129,0,1798,94452056963
51.1066,19.567,88.9447,0,99,86,76,1405,3504,2.49756,0,15.6981,8.9129,0,1798,94471626388
58.9087,16.9754,88.9447,0,99,86,76,1405,3504,2.49756,0,15.6981,8.9129,0,1798,94488628570
69.497,14.3891,90.709,0,95,87,76,1408,3504,2.49789,0,15.692,8.9129,0,1751,94502993221
60.9301,16.4123,90.709,0,95,87,76,1408,3504,2.49789,0,15.692,8.9129,0,1751,94519440454
58.0937,17.2136,90.709,0,95,87,76,1408,3504,2.49789,0,15.692,8.9129,0,1751,94536654766
62.1813,16.082,90.709,0,95,87,76,1408,3504,2.49789,0,15.692,8.9129,0,1751,94552758451
61.012,16.3902,90.709,0,95,87,76,1408,3504,2.49789,0,15.692,8.9129,0,1751,94569128907
59.7421,16.7386,90.709,0,95,87,76,1408,3504,2.49789,0,15.692,8.9129,0,1751,94585868403
40.5713,24.648,90.709,0,95,87,76,1408,3504,2.49789,0,15.692,8.9129,0,1751,94610538644
68.7153,14.5528,90.709,0,95,87,76,1408,3504,2.49789,0,15.692,8.9129,0,1751,94625072186
67.6546,14.781,90.709,0,95,87,76,1408,3504,2.49789,0,15.692,8.9129,0,1751,94639853546
65.4402,15.2811,90.709,0,95,87,76,1408,3504,2.49789,0,15.692,8.9129,0,1751,94655134867
59.5631,16.7889,90.709,0,95,87,76,1408,3504,2.49789,0,15.692,8.9129,0,1751,94671925791
56.916,17.5698,90.709,0,95,87,76,1408,3504,2.49789,0,15.692,8.9129,0,1751,94689498542
63.9148,15.6458,90.709,0,95,87,76,1408,3504,2.49789,0,15.692,8.9129,0,1751,94705165603
50.8991,19.6467,90.709,0,95,87,76,1408,3504,2.49789,0,15.692,8.9129,0,1751,94724792014
71.668,13.9532,90.709,0,95,87,76,1408,3504,2.49789,0,15.692,8.9129,0,1751,94738768547
64.0203,15.62,90.709,0,95,87,76,1408,3504,2.49789,0,15.692,8.9129,0,1751,94754389401
62.7705,15.931,90.709,0,95,87,76,1408,3504,2.49789,0,15.692,8.9129,0,1751,94770342571
61.1306,16.3584,90.709,0,95,87,76,1408,3504,2.49789,0,15.692,8.9129,0,1751,94786701357
63.0765,15.8538,90.709,0,95,87,76,1408,3504,2.49789,0,15.692,8.9129,0,1751,94802536083
65.8352,15.1894,90.709,0,95,87,76,1408,3504,2.49789,0,15.692,8.9129,0,1751,94817725551
64.5745,15.486,90.709,0,95,87,76,1408,3504,2.49789,0,15.692,8.9129,0,1751,94833235008
47.9158,20.8699,90.709,0,95,87,76,1408,3504,2.49789,0,15.692,8.9129,0,1751,94854106119
81.9453,12.2033,90.709,0,95,87,76,1408,3504,2.49789,0,15.692,8.9129,0,1751,94866311612
63.5206,15.7429,90.709,0,95,87,76,1408,3504,2.49789,0,15.692,8.9129,0,1751,94882054963
82.9639,12.0534,90.709,0,95,87,76,1408,3504,2.49789,0,15.692,8.9129,0,1751,94894110869
67.7419,14.7619,90.709,0,95,87,76,1408,3504,2.49789,0,15.692,8.9129,0,1751,94908894053
55.88,17.8955,90.709,0,95,87,76,1408,3504,2.49789,0,15.692,8.9129,0,1751,94926770132
64.2438,15.5657,90.709,0,95,87,76,1408,3504,2.49789,0,15.692,8.9129,0,1751,94942335832
60.9119,16.4172,90.709,0,95,87,76,1408,3504,2.49789,0,15.692,8.9129,0,1751,94958757160
87.9327,11.3723,90.709,0,95,87,76,1408,3504,2.49789,0,15.692,8.9129,0,1751,94970152087
68.4754,14.6038,90.709,0,95,87,76,1408,3504,2.49789,0,15.692,8.9129,0,1751,94984755012
71.0732,14.07,90.709,0,95,87,76,1408,3504,2.49789,0,15.692,8.9129,0,1751,94998832977
71.056,14.0734,86.3184,0,97,87,75,1386,3504,2.49816,0,15.6871,8.9129,0,1815,95012901225
69.8747,14.3113,86.3184,0,97,87,75,1386,3504,2.49816,0,15.6871,8.9129,0,1815,95027213485
23.6463,42.29,86.3184,0,97,87,75,1386,3504,2.49816,0,15.6871,8.9129,0,1815,95069505234
118.158,8.46323,86.3184,0,97,87,75,1386,3504,2.49816,0,15.6871,8.9129,0,1815,95077969326
28.3793,35.2369,86.3184,0,97,87,75,1386,3504,2.49816,0,15.6871,8.9129,0,1815,95113207299
13.6105,73.4724,86.3184,0,97,87,75,1386,3504,2.49816,0,15.6871,8.9129,0,1815,95186702049
40.8547,24.477,86.3184,0,97,87,75,1386,3504,2.49816,0,15.6871,8.9129,0,1815,95211160719
30.3767,32.92,86.3184,0,97,87,75,1386,3504,2.49816,0,15.6871,8.9129,0,1815,95244080561
47.1706,21.1996,86.3184,0,97,87,75,1386,3504,2.49816,0,15.6871,8.9129,0,1815,95265281599
44.8944,22.2745,86.3184,0,97,87,75,1386,3504,2.49816,0,15.6871,8.9129,0,1815,95287578831
206.7,4.83793,86.3184,0,97,87,75,1386,3504,2.49816,0,15.6871,8.9129,0,1815,95292418665
329.824,3.03192,86.3184,0,97,87,75,1386,3504,2.49816,0,15.6871,8.9129,0,1815,95295472074
26.7316,37.4089,86.3184,0,97,87,75,1386,3504,2.49816,0,15.6871,8.9129,0,1815,95332861375
40.2597,24.8387,86.3184,0,97,87,75,1386,3504,2.49816,0,15.6871,8.9129,0,1815,95357701204
129.849,7.70125,86.3184,0,97,87,75,1386,3504,2.49816,0,15.6871,8.9129,0,1815,95365425801
254.036,3.93646,86.3184,0,97,87,75,1386,3504,2.49816,0,15.6871,8.9129,0,1815,95369340255
31.8411,31.4059,86.3184,0,97,87,75,1386,3504,2.49816,0,15.6871,8.9129,0,1815,95400749272
242.486,4.12394,86.3184,0,97,87,75,1386,3504,2.49816,0,15.6871,8.9129,0,1815,95404875940
35.9684,27.8022,86.3184,0,97,87,75,1386,3504,2.49816,0,15.6871,8.9129,0,1815,95432750437
215.366,4.64326,86.3184,0,97,87,75,1386,3504,2.49816,0,15.6871,8.9129,0,1815,95437320911
32.214,31.0424,86.3184,0,97,87,75,1386,3504,2.49816,0,15.6871,8.9129,0,1815,95468366073
198.959,5.02616,86.3184,0,97,87,75,1386,3504,2.49816,0,15.6871,8.9129,0,1815,95473413600
42.6811,23.4296,86.3184,0,97,87,75,1386,3504,2.49816,0,15.6871,8.9129,0,1815,95496823155
249.435,4.00907,86.3184,0,97,87,75,1386,3504,2.49816,0,15.6871,8.9129,0,1815,95500865389
33.5071,29.8445,89.7698,0,97,87,75,1386,3504,2.49816,0,15.6966,8.9129,0,1767,95530706622
153.708,6.50584,89.7698,0,97,87,75,1386,3504,2.49816,0,15.6966,8.9129,0,1767,95537213868
33.1235,30.1901,89.7698,0,97,87,75,1386,3504,2.49816,0,15.6966,8.9129,0,1767,95567404380
74.9716,13.3384,89.7698,0,97,87,75,1386,3504,2.49816,0,15.6966,8.9129,0,1767,95580743960
55.1266,18.1401,89.7698,0,97,87,75,1386,3504,2.49816,0,15.6966,8.9129,0,1767,95598884538
60.5781,16.5076,89.7698,0,97,87,75,1386,3504,2.49816,0,15.6966,8.9129,0,1767,95615394700
58.5643,17.0753,89.7698,0,97,87,75,1386,3504,2.49816,0,15.6966,8.9129,0,1767,95632471417
59.1214,16.9144,89.7698,0,97,87,75,1386,3504,2.49816,0,15.6966,8.9129,0,1767,95649385904
59.2391,16.8808,89.7698,0,97,87,75,1386,3504,2.49816,0,15.6966,8.9129,0,1767,95666268676
59.7485,16.7368,89.7698,0,97,87,75,1386,3504,2.49816,0,15.6966,8.9129,0,1767,95683027660
60.475,16.5358,89.7698,0,97,87,75,1386,3504,2.49816,0,15.6966,8.9129,0,1767,95699543172
56.6956,17.638,89.7698,0,97,87,75,1386,3504,2.49816,0,15.6966,8.9129,0,1767,95717182955
62.5157,15.996,89.7698,0,97,87,75,1386,3504,2.49816,0,15.6966,8.9129,0,1767,95733178738
59.4932,16.8086,89.7698,0,97,87,75,1386,3504,2.49816,0,15.6966,8.9129,0,1767,95749988756
43.525,22.9753,89.7698,0,97,87,75,1386,3504,2.49816,0,15.6966,8.9129,0,1767,95772966068
46.6673,21.4283,89.7698,0,97,87,75,1386,3504,2.49816,0,15.6966,8.9129,0,1767,95794394397
83.6085,11.9605,89.7698,0,97,87,75,1386,3504,2.49816,0,15.6966,8.9129,0,1767,95806377573
57.3183,17.4464,89.7698,0,97,87,75,1386,3504,2.49816,0,15.6966,8.9129,0,1767,95823802975
62.6184,15.9698,89.7698,0,97,87,75,1386,3504,2.49816,0,15.6966,8.9129,0,1767,95839822756
59.3606,16.8462,89.7698,0,97,87,75,1386,3504,2.49816,0,15.6966,8.9129,0,1767,95856644242
59.0281,16.9411,89.7698,0,97,87,75,1386,3504,2.49816,0,15.6966,8.9129,0,1767,95873565531
58.1826,17.1873,89.7698,0,97,87,75,1386,3504,2.49816,0,15.6966,8.9129,0,1767,95890774552
56.5277,17.6904,89.7698,0,97,87,75,1386,3504,2.49816,0,15.6966,8.9129,0,1767,95908444018
62.8085,15.9214,89.7698,0,97,87,75,1386,3504,2.49816,0,15.6966,8.9129,0,1767,95924367724
61.8802,16.1603,89.7698,0,97,87,75,1386,3504,2.49816,0,15.6966,8.9129,0,1767,95940528427
58.8173,17.0018,89.7698,0,97,87,75,1386,3504,2.49816,0,15.6966,8.9129,0,1767,95957531397
60.5805,16.507,89.7698,0,97,87,75,1386,3504,2.49816,0,15.6966,8.9129,0,1767,95974039171
59.0351,16.9391,89.7698,0,97,87,75,1386,3504,2.49816,0,15.6966,8.9129,0,1767,95990980066
59.6574,16.7624,89.7698,0,97,87,75,1386,3504,2.49816,0,15.6966,8.9129,0,1767,96007769897
55.7005,17.9532,82.2335,0,82,87,75,1393,3504,2.48895,0,15.6869,8.9129,0,1798,96025698741
62.2661,16.0601,82.2335,0,82,87,75,1393,3504,2.48895,0,15.6869,8.9129,0,1798,96041760266
42.6038,23.4721,82.2335,0,82,87,75,1393,3504,2.48895,0,15.6869,8.9129,0,1798,96065233330
96.1721,10.398,82.2335,0,82,87,75,1393,3504,2.48895,0,15.6869,8.9129,0,1798,96075632666
60.7202,16.469,82.2335,0,82,87,75,1393,3504,2.48895,0,15.6869,8.9129,0,1798,96092101930
49.3649,20.2573,82.2335,0,82,87,75,1393,3504,2.48895,0,15.6869,8.9129,0,1798,96112361283
56.2996,17.7621,82.2335,0,82,87,75,1393,3504,2.48895,0,15.6869,8.9129,0,1798,96130124043
66.4763,15.043,82.2335,0,82,87,75,1393,3504,2.48895,0,15.6869,8.9129,0,1798,96145169235
69.8476,14.3169,82.2335,0,82,87,75,1393,3504,2.48895,0,15.6869,8.9129,0,1798,96159486458
44.3618,22.5419,82.2335,0,82,87,75,1393,3504,2.48895,0,15.6869,8.9129,0,1798,96182029841
90.4886,11.0511,82.2335,0,82,87,75,1393,3504,2.48895,0,15.6869,8.9129,0,1798,96193144440
57.2433,17.4693,82.2335,0,82,87,75,1393,3504,2.48895,0,15.6869,8.9129,0,1798,96210552371
56.5481,17.684,82.2335,0,82,87,75,1393,3504,2.48895,0,15.6869,8.9129,0,1798,96228237103
54.4201,18.3756,82.2335,0,82,87,75,1393,3504,2.48895,0,15.6869,8.9129,0,1798,96246614438
73.1165,13.6768,82.2335,0,82,87,75,1393,3504,2.48895,0,15.6869,8.9129,0,1798,96260292058
57.9579,17.2539,82.2335,0,82,87,75,1393,3504,2.48895,0,15.6869,8.9129,0,1798,96277547129
60.6372,16.4915,82.2335,0,82,87,75,1393,3504,2.48895,0,15.6869,8.9129,0,1798,96294040164
61.0868,16.3701,82.2335,0,82,87,75,1393,3504,2.48895,0,15.6869,8.9129,0,1798,96310431622
49.2911,20.2876,82.2335,0,82,87,75,1393,3504,2.48895,0,15.6869,8.9129,0,1798,96330720869
49.92,20.0321,82.2335,0,82,87,75,1393,3504,2.48895,0,15.6869,8.9129,0,1798,96350754378
77.2055,12.9525,82.2335,0,82,87,75,1393,3504,2.48895,0,15.6869,8.9129,0,1798,96363728820
60.1234,16.6325,82.2335,0,82,87,75,1393,3504,2.48895,0,15.6869,8.9129,0,1798,96380341697
59.8257,16.7152,82.2335,0,82,87,75,1393,3504,2.48895,0,15.6869,8.9129,0,1798,96397057752
56.0969,17.8263,82.2335,0,82,87,75,1393,3504,2.48895,0,15.6869,8.9129,0,1798,96414885323
63.7395,15.6889,82.2335,0,82,87,75,1393,3504,2.48895,0,15.6869,8.9129,0,1798,96430595469
59.5627,16.789,82.2335,0,82,87,75,1393,3504,2.48895,0,15.6869,8.9129,0,1798,96447386174
56.4243,17.7229,82.2335,0,82,87,75,1393,3504,2.48895,0,15.6869,8.9129,0,1798,96465088795
58.088,17.2153,82.2335,0,82,87,75,1393,3504,2.48895,0,15.6869,8.9129,0,1798,96482313072
66.3086,15.081,82.2335,0,82,87,75,1393,3504,2.48895,0,15.6869,8.9129,0,1798,96497391129
59.8796,16.7002,82.2335,0,82,87,75,1393,3504,2.48895,0,15.6869,8.9129,0,1798,96514097057
54.8825,18.2207,87.3449,0,82,87,75,1393,3504,2.48895,0,15.6946,8.9129,0,1755,96532335014
65.0434,15.3743,87.3449,0,82,87,75,1393,3504,2.48895,0,15.6946,8.9129,0,1755,96547688745
59.3933,16.8369,87.3449,0,82,87,75,1393,3504,2.48895,0,15.6946,8.9129,0,1755,96564539375
58.533,17.0844,87.3449,0,82,87,75,1393,3504,2.48895,0,15.6946,8.9129,0,1755,96581612405
60.7752,16.4541,87.3449,0,82,87,75,1393,3504,2.48895,0,15.6946,8.9129,0,1755,96598088322
56.2436,17.7798,87.3449,0,82,87,75,1393,3504,2.48895,0,15.6946,8.9129,0,1755,96615848068
63.8057,15.6726,87.3449,0,82,87,75,1393,3504,2.48895,0,15.6946,8.9129,0,1755,96631542744
59.9581,16.6783,87.3449,0,82,87,75,1393,3504,2.48895,0,15.6946,8.9129,0,1755,96648222053
59.3901,16.8378,87.3449,0,82,87,75,1393,3504,2.48895,0,15.6946,8.9129,0,1755,96665081693
52.349,19.1026,87.3449,0,82,87,75,1393,3504,2.48895,0,15.6946,8.9129,0,1755,96684203529
68.579,14.5817,87.3449,0,82,87,75,1393,3504,2.48895,0,15.6946,8.9129,0,1755,96698790024
57.393,17.4237,87.3449,0,82,87,75,1393,3504,2.48895,0,15.6946,8.9129,0,1755,96716194117
60.373,16.5637,87.3449,0,82,87,75,1393,3504,2.48895,0,15.6946,8.9129,0,1755,96732759460
59.9438,16.6823,87.3449,0,82,87,75,1393,3504,2.48895,0,15.6946,8.9129,0,1755,96749463280
59.7181,16.7453,87.3449,0,82,87,75,1393,3504,2.48895,0,15.6946,8.9129,0,1755,96766231276
56.6811,17.6426,87.3449,0,82,87,75,1393,3504,2.48895,0,15.6946,8.9129,0,1755,96783854479
63.34,15.7878,87.3449,0,82,87,75,1393,3504,2.48895,0,15.6946,8.9129,0,1755,96799664186
59.4282,16.827,87.3449,0,82,87,75,1393,3504,2.48895,0,15.6946,8.9129,0,1755,96816491547
58.4764,17.1009,87.3449,0,82,87,75,1393,3504,2.48895,0,15.6946,8.9129,0,1755,96833594382
60.9177,16.4156,87.3449,0,82,87,75,1393,3504,2.48895,0,15.6946,8.9129,0,1755,96850010861
59.2985,16.8638,87.3449,0,82,87,75,1393,3504,2.48895,0,15.6946,8.9129,0,1755,96866875386
57.4903,17.3942,87.3449,0,82,87,75,1393,3504,2.48895,0,15.6946,8.9129,0,1755,96884271790
61.2407,16.329,87.3449,0,82,87,75,1393,3504,2.48895,0,15.6946,8.9129,0,1755,96900602457
59.5552,16.7911,87.3449,0,82,87,75,1393,3504,2.48895,0,15.6946,8.9129,0,1755,96917395111
59.9159,16.6901,87.3449,0,82,87,75,1393,3504,2.48895,0,15.6946,8.9129,0,1755,96934106458
59.2755,16.8704,87.3449,0,82,87,75,1393,3504,2.48895,0,15.6946,8.9129,0,1755,96950978146
57.838,17.2897,87.3449,0,82,87,75,1393,3504,2.48895,0,15.6946,8.9129,0,1755,96968248506
57.1468,17.4988,87.3449,0,82,87,75,1393,3504,2.48895,0,15.6946,8.9129,0,1755,96985749009
65.0131,15.3815,87.3449,0,82,87,75,1393,3504,2.48895,0,15.6946,8.9129,0,1755,97001131358
55.3483,18.0674,87.3449,0,82,87,75,1393,3504,2.48895,0,15.6946,8.9129,0,1755,97019206093
59.0095,16.9464,71.8204,0,100,87,75,1382,3504,2.48632,0,15.693,8.9129,0,1739,97036146914
62.1316,16.0949,71.8204,0,100,87,75,1382,3504,2.48632,0,15.693,8.9129,0,1739,97052243115
58.904,16.9768,71.8204,0,100,87,75,1382,3504,2.48632,0,15.693,8.9129,0,1739,97069220787
54.1198,18.4775,71.8204,0,100,87,75,1382,3504,2.48632,0,15.693,8.9129,0,1739,97087700030
67.913,14.7247,71.8204,0,100,87,75,1382,3504,2.48632,0,15.693,8.9129,0,1739,97102425092
54.3102,18.4128,71.8204,0,100,87,75,1382,3504,2.48632,0,15.693,8.9129,0,1739,97120840159
64.1944,15.5777,71.8204,0,100,87,75,1382,3504,2.48632,0,15.693,8.9129,0,1739,97136439201
61.7109,16.2046,71.8204,0,100,87,75,1382,3504,2.48632,0,15.693,8.9129,0,1739,97152644894
60.3604,16.5672,71.8204,0,100,87,75,1382,3504,2.48632,0,15.693,8.9129,0,1739,97169233104
59.7159,16.746,71.8204,0,100,87,75,1382,3504,2.48632,0,15.693,8.9129,0,1739,97185959740
59.1114,16.9172,71.8204,0,100,87,75,1382,3504,2.48632,0,15.693,8.9129,0,1739,97202901479
52.7566,18.955,71.8204,0,100,87,75,1382,3504,2.48632,0,15.693,8.9129,0,1739,97221833919
60.0441,16.6544,71.8204,0,100,87,75,1382,3504,2.48632,0,15.693,8.9129,0,1739,97238489312
58.1084,17.2092,71.8204,0,100,87,75,1382,3504,2.48632,0,15.693,8.9129,0,1739,97255700879
53.7375,18.609,71.8204,0,100,87,75,1382,3504,2.48632,0,15.693,8.9129,0,1739,97274311453
63.9832,15.6291,71.8204,0,100,87,75,1382,3504,2.48632,0,15.693,8.9129,0,1739,97289941072
50.917,19.6398,71.8204,0,100,87,75,1382,3504,2.48632,0,15.693,8.9129,0,1739,97309602824
56.6282,17.659,71.8204,0,100,87,75,1382,3504,2.48632,0,15.693,8.9129,0,1739,97327242664
59.6628,16.7609,71.8204,0,100,87,75,1382,3504,2.48632,0,15.693,8.9129,0,1739,97344004020
61.9634,16.1386,71.8204,0,100,87,75,1382,3504,2.48632,0,15.693,8.9129,0,1739,97360143640
59.8733,16.7019,71.8204,0,100,87,75,1382,3504,2.48632,0,15.693,8.9129,0,1739,97376847226
60.9566,16.4051,71.8204,0,100,87,75,1382,3504,2.48632,0,15.693,8.9129,0,1739,97393274768
60.6639,16.4843,71.8204,0,100,87,75,1382,3504,2.48632,0,15.693,8.9129,0,1739,97409759594
60.7159,16.4702,71.8204,0,100,87,75,1382,3504,2.48632,0,15.693,8.9129,0,1739,97426230839
59.639,16.7675,71.8204,0,100,87,75,1382,3504,2.48632,0,15.693,8.9129,0,1739,97443000274
52.1786,19.1649,71.8204,0,100,87,75,1382,3504,2.48632,0,15.693,8.9129,0,1739,97462187735
48.2404,20.7295,71.8204,0,100,87,75,1382,3504,2.48632,0,15.693,8.9129,0,1739,97482897261
38.5317,25.9527,71.8204,0,100,87,75,1382,3504,2.48632,0,15.693,8.9129,0,1739,97508850570
85.8128,11.6533,71.8204,0,100,87,75,1382,3504,2.48632,0,15.693,8.9129,0,1739,97520533686
59.6842,16.7549,89.4472,0,100,87,75,1384,3504,2.48663,0,15.6936,8.9129,0,1729,97537283969
63.2463,15.8112,89.4472,0,100,87,75,1384,3504,2.48663,0,15.6936,8.9129,0,1729,97553096039
48.518,20.6109,89.4472,0,100,87,75,1384,3504,2.48663,0,15.6936,8.9129,0,1729,97573708954
64.4285,15.5211,89.4472,0,100,87,75,1384,3504,2.48663,0,15.6936,8.9129,0,1729,97589230426
60.0446,16.6543,89.4472,0,100,87,75,1384,3504,2.48663,0,15.6936,8.9129,0,1729,97605885886
61.3218,16.3074,89.4472,0,100,87,75,1384,3504,2.48663,0,15.6936,8.9129,0,1729,97622194494
55.8291,17.9118,89.4472,0,100,87,75,1384,3504,2.48663,0,15.6936,8.9129,0,1729,97640107520
68.8482,14.5247,89.4472,0,100,87,75,1384,3504,2.48663,0,15.6936,8.9129,0,1729,97654634053
28.6684,34.8816,89.4472,0,100,87,75,1384,3504,2.48663,0,15.6936,8.9129,0,1729,97689516862
75.8795,13.1788,89.4472,0,100,87,75,1384,3504,2.48663,0,15.6936,8.9129,0,1729,97702695877
29.7243,33.6425,89.4472,0,100,87,75,1384,3504,2.48663,0,15.6936,8.9129,0,1729,97736360363
118.493,8.43932,89.4472,0,100,87,75,1384,3504,2.48663,0,15.6936,8.9129,0,1729,97744779365
54.6361,18.3029,89.4472,0,100,87,75,1384,3504,2.48663,0,15.6936,8.9129,0,1729,97763083830
71.8256,13.9226,89.4472,0,100,87,75,1384,3504,2.48663,0,15.6936,8.9129,0,1729,97777007919
46.3739,21.5639,89.4472,0,100,87,75,1384,3504,2.48663,0,15.6936,8.9129,0,1729,97798574007
61.9577,16.14,89.4472,0,100,87,75,1384,3504,2.48663,0,15.6936,8.9129,0,1729,97814713983
70.6955,14.1452,89.4472,0,100,87,75,1384,3504,2.48663,0,15.6936,8.9129,0,1729,97828861214
56.7341,17.6261,89.4472,0,100,87,75,1384,3504,2.48663,0,15.6936,8.9129,0,1729,97846487312
57.692,17.3334,89.4472,0,100,87,75,1384,3504,2.48663,0,15.6936,8.9129,0,1729,97863823219
58.907,16.9759,89.4472,0,100,87,75,1384,3504,2.48663,0,15.6936,8.9129,0,1729,97880798900
43.9197,22.7688,89.4472,0,100,87,75,1384,3504,2.48663,0,15.6936,8.9129,0,1729,97903569353
72.6221,13.7699,89.4472,0,100,87,75,1384,3504,2.48663,0,15.6936,8.9129,0,1729,97917361682
54.5349,18.3369,89.4472,0,100,87,75,1384,3504,2.48663,0,15.6936,8.9129,0,1729,97935679261
67.043,14.9158,89.4472,0,100,87,75,1384,3504,2.48663,0,15.6936,8.9129,0,1729,97950616355
53.3627,18.7397,89.4472,0,100,87,75,1384,3504,2.48663,0,15.6936,8.9129,0,1729,97969379749
67.3883,14.8394,89.4472,0,100,87,75,1384,3504,2.48663,0,15.6936,8.9129,0,1729,97984220132
57.5777,17.3678,89.4472,0,100,87,75,1384,3504,2.48663,0,15.6936,8.9129,0,1729,98001588535
63.0577,15.8585,89.4472,0,100,87,75,1384,3504,2.48663,0,15.6936,8.9129,0,1729,98017564665
48.4954,20.6205,89.4472,0,100,87,75,1384,3504,2.48663,0,15.6936,8.9129,0,1729,98038075677
51.1241,19.5602,92.5558,0,100,87,75,1384,3504,2.48663,0,15.7034,8.9129,0,1737,98057821368
63.7461,15.6872,92.5558,0,100,87,75,1384,3504,2.48663,0,15.7034,8.9129,0,1737,98073319496
60.1269,16.6315,92.5558,0,100,87,75,1384,3504,2.48663,0,15.7034,8.9129,0,1737,98089952009
57.5666,17.3712,92.5558,0,100,87,75,1384,3504,2.48663,0,15.7034,8.9129,0,1737,98107325014
59.3845,16.8394,92.5558,0,100,87,75,1384,3504,2.48663,0,15.7034,8.9129,0,1737,98124164834
53.6459,18.6408,92.5558,0,100,87,75,1384,3504,2.48663,0,15.7034,8.9129,0,1737,98142806906
67.405,14.8357,92.5558,0,100,87,75,1384,3504,2.48663,0,15.7034,8.9129,0,1737,98157665912
54.9407,18.2014,92.5558,0,100,87,75,1384,3504,2.48663,0,15.7034,8.9129,0,1737,98175846995
58.3762,17.1303,92.5558,0,100,87,75,1384,3504,2.48663,0,15.7034,8.9129,0,1737,98193608232
62.5996,15.9745,92.5558,0,100,87,75,1384,3504,2.48663,0,15.7034,8.9129,0,1737,98209583858
58.8714,16.9862,92.5558,0,100,87,75,1384,3504,2.48663,0,15.7034,8.9129,0,1737,98226572092
60.4144,16.5523,92.5558,0,100,87,75,1384,3504,2.48663,0,15.7034,8.9129,0,1737,98243124258
58.9714,16.9574,92.5558,0,100,87,75,1384,3504,2.48663,0,15.7034,8.9129,0,1737,98260104275
59.3962,16.8361,92.5558,0,100,87,75,1384,3504,2.48663,0,15.7034,8.9129,0,1737,98276941603
59.3709,16.8433,92.5558,0,100,87,75,1384,3504,2.48663,0,15.7034,8.9129,0,1737,98293810412
55.8405,17.9081,92.5558,0,100,87,75,1384,3504,2.48663,0,15.7034,8.9129,0,1737,98311696051
48.1729,20.7586,92.5558,0,100,87,75,1384,3504,2.48663,0,15.7034,8.9129,0,1737,98332454844
83.8293,11.929,92.5558,0,100,87,75,1384,3504,2.48663,0,15.7034,8.9129,0,1737,98344405833
58.8536,16.9913,92.5558,0,100,87,75,1384,3504,2.48663,0,15.7034,8.9129,0,1737,98361397604
23.3177,42.8858,92.5558,0,100,87,75,1384,3504,2.48663,0,15.7034,8.9129,0,1737,98404284332
153.514,6.51407,92.5558,0,100,87,75,1384,3504,2.48663,0,15.7034,8.9129,0,1737,98410778486
58.4011,17.123,92.5558,0,100,87,75,1384,3504,2.48663,0,15.7034,8.9129,0,1737,98427902614
59.3031,16.8625,92.5558,0,100,87,75,1384,3504,2.48663,0,15.7034,8.9129,0,1737,98444767283
32.602,30.673,92.5558,0,100,87,75,1384,3504,2.48663,0,15.7034,8.9129,0,1737,98475441733
78.7072,12.7053,92.5558,0,100,87,75,1384,3504,2.48663,0,15.7034,8.9129,0,1737,98488168681
55.9175,17.8835,92.5558,0,100,87,75,1384,3504,2.48663,0,15.7034,8.9129,0,1737,98506031694
60.687,16.478,92.5558,0,100,87,75,1384,3504,2.48663,0,15.7034,8.9129,0,1737,98522511338
56.1286,17.8162,92.5558,0,100,87,75,1384,3504,2.48663,0,15.7034,8.9129,0,1737,98540364834
59.8933,16.6964,92.7681,0,95,87,75,1390,3504,2.48663,0,15.7032,8.9129,0,1762,98557058813
50.7355,19.7101,92.7681,0,95,87,75,1390,3504,2.48663,0,15.7032,8.9129,0,1762,98576738961
65.3839,15.2943,92.7681,0,95,87,75,1390,3504,2.48663,0,15.7032,8.9129,0,1762,98592033316
60.1845,16.6156,92.7681,0,95,87,75,1390,3504,2.48663,0,15.7032,8.9129,0,1762,98608649657
59.6967,16.7513,92.7681,0,95,87,75,1390,3504,2.48663,0,15.7032,8.9129,0,1762,98625401450
54.2507,18.433,92.7681,0,95,87,75,1390,3504,2.48663,0,15.7032,8.9129,0,1762,98643835105
52.2183,19.1504,92.7681,0,95,87,75,1390,3504,2.48663,0,15.7032,8.9129,0,1762,98662987501
69.7523,14.3364,92.7681,0,95,87,75,1390,3504,2.48663,0,15.7032,8.9129,0,1762,98677345947
51.8068,19.3025,92.7681,0,95,87,75,1390,3504,2.48663,0,15.7032,8.9129,0,1762,98696648464
57.8859,17.2754,92.7681,0,95,87,75,1390,3504,2.48663,0,15.7032,8.9129,0,1762,98713925750
62.76,15.9337,92.7681,0,95,87,75,1390,3504,2.48663,0,15.7032,8.9129,0,1762,98729881259
52.191,19.1604,92.7681,0,95,87,75,1390,3504,2.48663,0,15.7032,8.9129,0,1762,98749064476
46.6993,21.4136,92.7681,0,95,87,75,1390,3504,2.48663,0,15.7032,8.9129,0,1762,98770457688
79.2681,12.6154,92.7681,0,95,87,75,1390,3504,2.48663,0,15.7032,8.9129,0,1762,98783075761
61.2595,16.324,92.7681,0,95,87,75,1390,3504,2.48663,0,15.7032,8.9129,0,1762,98799421679
66.0666,15.1362,92.7681,0,95,87,75,1390,3504,2.48663,0,15.7032,8.9129,0,1762,98814558216
53.4409,18.7123,92.7681,0,95,87,75,1390,3504,2.48663,0,15.7032,8.9129,0,1762,98833250109
69.4081,14.4075,92.7681,0,95,87,75,1390,3504,2.48663,0,15.7032,8.9129,0,1762,98847658980
58.9313,16.9689,92.7681,0,95,87,75,1390,3504,2.48663,0,15.7032,8.9129,0,1762,98864629174
59.9553,16.6791,92.7681,0,95,87,75,1390,3504,2.48663,0,15.7032,8.9129,0,1762,98881308686
59.7782,16.7285,92.7681,0,95,87,75,1390,3504,2.48663,0,15.7032,8.9129,0,1762,98898060459
60.2225,16.6051,92.7681,0,95,87,75,1390,3504,2.48663,0,15.7032,8.9129,0,1762,98914667140
57.1658,17.493,92.7681,0,95,87,75,1390,3504,2.48663,0,15.7032,8.9129,0,1762,98932244225
61.4112,16.2837,92.7681,0,95,87,75,1390,3504,2.48663,0,15.7032,8.9129,0,1762,98948463516
59.2379,16.8811,92.7681,0,95,87,75,1390,3504,2.48663,0,15.7032,8.9129,0,1762,98965327493
58.5121,17.0905,92.7681,0,95,87,75,1390,3504,2.48663,0,15.7032,8.9129,0,1762,98982446253
56.4986,17.6995,92.7681,0,95,87,75,1390,3504,2.48663,0,15.7032,8.9129,0,1762,99000119578
61.1132,16.3631,92.7681,0,95,87,75,1390,3504,2.48663,0,15.7032,8.9129,0,1762,99016483317
57.8206,17.2949,92.7681,0,95,87,75,1390,3504,2.48663,0,15.7032,8.9129,0,1762,99033779826
50.8158,19.6789,92.7681,0,95,87,75,1390,3504,2.48663,0,15.7032,8.9129,0,1762,99053467531
58.4284,17.115,84.2752,0,97,87,75,1386,3504,2.48663,0,15.7005,8.9129,0,1775,99070576419
57.4068,17.4195,84.2752,0,97,87,75,1386,3504,2.48663,0,15.7005,8.9129,0,1775,99088017937
61.3933,16.2884,84.2752,0,97,87,75,1386,3504,2.48663,0,15.7005,8.9129,0,1775,99104286013
58.6267,17.0571,84.2752,0,97,87,75,1386,3504,2.48663,0,15.7005,8.9129,0,1775,99121345943
57.3674,17.4315,84.2752,0,97,87,75,1386,3504,2.48663,0,15.7005,8.9129,0,1775,99138777602
60.627,16.4943,84.2752,0,97,87,75,1386,3504,2.48663,0,15.7005,8.9129,0,1775,99155272543
59.0153,16.9448,84.2752,0,97,87,75,1386,3504,2.48663,0,15.7005,8.9129,0,1775,99172240645
60.5569,16.5134,84.2752,0,97,87,75,1386,3504,2.48663,0,15.7005,8.9129,0,1775,99188734978
59.6494,16.7646,84.2752,0,97,87,75,1386,3504,2.48663,0,15.7005,8.9129,0,1775,99205519907
58.6743,17.0432,84.2752,0,97,87,75,1386,3504,2.48663,0,15.7005,8.9129,0,1775,99222558027
58.1616,17.1935,84.2752,0,97,87,75,1386,3504,2.48663,0,15.7005,8.9129,0,1775,99239759426
56.9,17.5747,84.2752,0,97,87,75,1386,3504,2.48663,0,15.7005,8.9129,0,1775,99257313831
54.473,18.3577,84.2752,0,97,87,75,1386,3504,2.48663,0,15.7005,8.9129,0,1775,99275700686
61.9732,16.136,84.2752,0,97,87,75,1386,3504,2.48663,0,15.7005,8.9129,0,1775,99291809785
51.3108,19.4891,84.2752,0,97,87,75,1386,3504,2.48663,0,15.7005,8.9129,0,1775,99311300414
68.6128,14.5745,84.2752,0,97,87,75,1386,3504,2.48663,0,15.7005,8.9129,0,1775,99325876548
59.7005,16.7503,84.2752,0,97,87,75,1386,3504,2.48663,0,15.7005,8.9129,0,1775,99342627615
48.9931,20.411,84.2752,0,97,87,75,1386,3504,2.48663,0,15.7005,8.9129,0,1775,99363040221
52.0534,19.211,84.2752,0,97,87,75,1386,3504,2.48663,0,15.7005,8.9129,0,1775,99382252597
55.9783,17.8641,84.2752,0,97,87,75,1386,3504,2.48663,0,15.7005,8.9129,0,1775,99400116947
73.9277,13.5267,84.2752,0,97,87,75,1386,3504,2.48663,0,15.7005,8.9129,0,1775,99413644630
45.8558,21.8075,84.2752,0,97,87,75,1386,3504,2.48663,0,15.7005,8.9129,0,1775,99435453123
50.0861,19.9656,84.2752,0,97,87,75,1386,3504,2.48663,0,15.7005,8.9129,0,1775,99455420098
58.988,16.9526,84.2752,0,97,87,75,1386,3504,2.48663,0,15.7005,8.9129,0,1775,99472373942
56.8469,17.5911,84.2752,0,97,87,75,1386,3504,2.48663,0,15.7005,8.9129,0,1775,99489986630
59.3845,16.8394,84.2752,0,97,87,75,1386,3504,2.48663,0,15.7005,8.9129,0,1775,99506828643
59.3668,16.8444,84.2752,0,97,87,75,1386,3504,2.48663,0,15.7005,8.9129,0,1775,99523694318
59.4561,16.8191,84.2752,0,97,87,75,1386,3504,2.48663,0,15.7005,8.9129,0,1775,99540515817
58.943,16.9656,84.2752,0,97,87,75,1386,3504,2.48663,0,15.7005,8.9129,0,1775,99557483920
59.0611,16.9316,83.6683,0,97,87,75,1386,3504,2.48663,0,15.6994,8.9129,0,1726,99574435379
60.1097,16.6362,83.6683,0,97,87,75,1386,3504,2.48663,0,15.6994,8.9129,0,1726,99591051643
59.1026,16.9197,83.6683,0,97,87,75,1386,3504,2.48663,0,15.6994,8.9129,0,1726,99607973364
58.3805,17.129,83.6683,0,97,87,75,1386,3504,2.48663,0,15.6994,8.9129,0,1726,99625103500
60.0212,16.6608,83.6683,0,97,87,75,1386,3504,2.48663,0,15.6994,8.9129,0,1726,99641765602
58.8872,16.9816,83.6683,0,97,87,75,1386,3504,2.48663,0,15.6994,8.9129,0,1726,99658748966
58.0768,17.2186,83.6683,0,97,87,75,1386,3504,2.48663,0,15.6994,8.9129,0,1726,99675968248
59.4126,16.8314,83.6683,0,97,87,75,1386,3504,2.48663,0,15.6994,8.9129,0,1726,99692799801
56.7684,17.6154,83.6683,0,97,87,75,1386,3504,2.48663,0,15.6994,8.9129,0,1726,99710416565
57.9198,17.2652,83.6683,0,97,87,75,1386,3504,2.48663,0,15.6994,8.9129,0,1726,99727703906
59.3896,16.838,83.6683,0,97,87,75,1386,3504,2.48663,0,15.6994,8.9129,0,1726,99744521991
58.4734,17.1018,83.6683,0,97,87,75,1386,3504,2.48663,0,15.6994,8.9129,0,1726,99761624866
57.6907,17.3338,83.6683,0,97,87,75,1386,3504,2.48663,0,15.6994,8.9129,0,1726,99778981104
58.4424,17.1109,83.6683,0,97,87,75,1386,3504,2.48663,0,15.6994,8.9129,0,1726,99796072060
56.0506,17.841,83.6683,0,97,87,75,1386,3504,2.48663,0,15.6994,8.9129,0,1726,99813913927
58.3387,17.1413,83.6683,0,97,87,75,1386,3504,2.48663,0,15.6994,8.9129,0,1726,99831056042
59.3494,16.8494,83.6683,0,97,87,75,1386,3504,2.48663,0,15.6994,8.9129,0,1726,99847938166
58.0728,17.2198,83.6683,0,97,87,75,1386,3504,2.48663,0,15.6994,8.9129,0,1726,99865126406
58.3925,17.1255,83.6683,0,97,87,75,1386,3504,2.48663,0,15.6994,8.9129,0,1726,99882253575
58.4257,17.1158,83.6683,0,97,87,75,1386,3504,2.48663,0,15.6994,8.9129,0,1726,99899391566
59.1966,16.8929,83.6683,0,97,87,75,1386,3504,2.48663,0,15.6994,8.9129,0,1726,99916309413
58.2978,17.1533,83.6683,0,97,87,75,1386,3504,2.48663,0,15.6994,8.9129,0,1726,99933462636
58.242,17.1697,83.6683,0,97,87,75,1386,3504,2.48663,0,15.6994,8.9129,0,1726,99950635208
58.2287,17.1737,83.6683,0,97,87,75,1386,3504,2.48663,0,15.6994,8.9129,0,1726,99967830536
45.6598,21.9011,83.6683,0,97,87,75,1386,3504,2.48663,0,15.6994,8.9129,0,1726,99989712382
73.2242,13.6567,83.6683,0,97,87,75,1386,3504,2.48663,0,15.6994,8.9129,0,1726,100003390420
49.7854,20.0862,83.6683,0,97,87,75,1386,3504,2.48663,0,15.6994,8.9129,0,1726,100023456596
69.93,14.3,83.6683,0,97,87,75,1386,3504,2.48663,0,15.6994,8.9129,0,1726,100037758011
58.8376,16.9959,83.6683,0,97,87,75,1386,3504,2.48663,0,15.6994,8.9129,0,1726,100054803669
58.937,16.9673,83.6683,0,97,87,75,1386,3504,2.48663,0,15.6994,8.9129,0,1726,100071795434
53.9824,18.5246,72.6619,0,98,87,75,1388,3504,2.48663,0,15.7,8.9129,0,1740,100090297800
62.0575,16.1141,72.6619,0,98,87,75,1388,3504,2.48663,0,15.7,8.9129,0,1740,100106412615
55.7366,17.9415,72.6619,0,98,87,75,1388,3504,2.48663,0,15.7,8.9129,0,1740,100124356818
53.3499,18.7442,72.6619,0,98,87,75,1388,3504,2.48663,0,15.7,8.9129,0,1740,100143100954
70.7636,14.1316,72.6619,0,98,87,75,1388,3504,2.48663,0,15.7,8.9129,0,1740,100157234354
56.941,17.562,72.6619,0,98,87,75,1388,3504,2.48663,0,15.7,8.9129,0,1740,100176020014
58.5979,17.0654,72.6619,0,98,87,75,1388,3504,2.48663,0,15.7,8.9129,0,1740,100191864876
58.6758,17.0428,72.6619,0,98,87,75,1388,3504,2.48663,0,15.7,8.9129,0,1740,100208908530
59.623,16.772,72.6619,0,98,87,75,1388,3504,2.48663,0,15.7,8.9129,0,1740,100225683071
58.0936,17.2136,72.6619,0,98,87,75,1388,3504,2.48663,0,15.7,8.9129,0,1740,100242897779
59.2608,16.8745,72.6619,0,98,87,75,1388,3504,2.48663,0,15.7,8.9129,0,1740,100259773610
56.3114,17.7584,72.6619,0,98,87,75,1388,3504,2.48663,0,15.7,8.9129,0,1740,100277532276
60.8685,16.4289,72.6619,0,98,87,75,1388,3504,2.48663,0,15.7,8.9129,0,1740,100293983785
58.1897,17.1852,72.6619,0,98,87,75,1388,3504,2.48663,0,15.7,8.9129,0,1740,100311169189
58.8305,16.998,72.6619,0,98,87,75,1388,3504,2.48663,0,15.7,8.9129,0,1740,100328185587
57.9723,17.2496,72.6619,0,98,87,75,1388,3504,2.48663,0,15.7,8.9129,0,1740,100345420034
57.9336,17.2611,72.6619,0,98,87,75,1388,3504,2.48663,0,15.7,8.9129,0,1740,100362682341
59.0244,16.9422,72.6619,0,98,87,75,1388,3504,2.48663,0,15.7,8.9129,0,1740,100379625691
56.8293,17.5965,72.6619,0,98,87,75,1388,3504,2.48663,0,15.7,8.9129,0,1740,100397224086
57.9042,17.2699,72.6619,0,98,87,75,1388,3504,2.48663,0,15.7,8.9129,0,1740,100414515477
61.7588,16.192,72.6619,0,98,87,75,1388,3504,2.48663,0,15.7,8.9129,0,1740,100430687479
58.2361,17.1715,72.6619,0,98,87,75,1388,3504,2.48663,0,15.7,8.9129,0,1740,100447881276
57.9746,17.2489,72.6619,0,98,87,75,1388,3504,2.48663,0,15.7,8.9129,0,1740,100465110856
58.498,17.0946,72.6619,0,98,87,75,1388,3504,2.48663,0,15.7,8.9129,0,1740,100482205317
58.3051,17.1511,72.6619,0,98,87,75,1388,3504,2.48663,0,15.7,8.9129,0,1740,100499358741
52.2429,19.1414,72.6619,0,98,87,75,1388,3504,2.48663,0,15.7,8.9129,0,1740,100518500778
66.3291,15.0763,72.6619,0,98,87,75,1388,3504,2.48663,0,15.7,8.9129,0,1740,100533599439
57.488,17.3949,72.6619,0,98,87,75,1388,3504,2.48663,0,15.7,8.9129,0,1740,100551097480
58.9619,16.9601,72.6619,0,98,87,75,1388,3504,2.48663,0,15.7,8.9129,0,1740,100567935433
55.768,17.9314,72.6619,0,98,87,75,1388,3504,2.48663,0,15.7,8.9129,0,1740,100585892595
55.895,17.8907,73.1527,0,100,86,75,1392,3504,2.48663,0,15.6997,8.9129,0,1731,100603803488
60.4221,16.5502,73.1527,0,100,86,75,1392,3504,2.48663,0,15.6997,8.9129,0,1731,100620332992
58.6695,17.0446,73.1527,0,100,86,75,1392,3504,2.48663,0,15.6997,8.9129,0,1731,100637407247
57.5656,17.3715,73.1527,0,100,86,75,1392,3504,2.48663,0,15.6997,8.9129,0,1731,100654771587
57.399,17.4219,73.1527,0,100,86,75,1392,3504,2.48663,0,15.6997,8.9129,0,1731,100672174469
59.2527,16.8769,73.1527,0,100,86,75,1392,3504,2.48663,0,15.6997,8.9129,0,1731,100689052394
56.9174,17.5693,73.1527,0,100,86,75,1392,3504,2.48663,0,15.6997,8.9129,0,1731,100706644198
58.1653,17.1924,73.1527,0,100,86,75,1392,3504,2.48663,0,15.6997,8.9129,0,1731,100723816690
56.5491,17.6837,73.1527,0,100,86,75,1392,3504,2.48663,0,15.6997,8.9129,0,1731,100741501385
61.0316,16.385,73.1527,0,100,86,75,1392,3504,2.48663,0,15.6997,8.9129,0,1731,100757889090
58.3941,17.125,73.1527,0,100,86,75,1392,3504,2.48663,0,15.6997,8.9129,0,1731,100775013116
58.0385,17.2299,73.1527,0,100,86,75,1392,3504,2.48663,0,15.6997,8.9129,0,1731,100792244267
57.3948,17.4232,73.1527,0,100,86,75,1392,3504,2.48663,0,15.6997,8.9129,0,1731,100809667541
58.3399,17.1409,73.1527,0,100,86,75,1392,3504,2.48663,0,15.6997,8.9129,0,1731,100826810979
49.0253,20.3976,73.1527,0,100,86,75,1392,3504,2.48663,0,15.6997,8.9129,0,1731,100847209160
60.4068,16.5544,73.1527,0,100,86,75,1392,3504,2.48663,0,15.6997,8.9129,0,1731,100863764220
67.7097,14.7689,73.1527,0,100,86,75,1392,3504,2.48663,0,15.6997,8.9129,0,1731,100878533730
57.5168,17.3862,73.1527,0,100,86,75,1392,3504,2.48663,0,15.6997,8.9129,0,1731,100895921226
58.2756,17.1598,73.1527,0,100,86,75,1392,3504,2.48663,0,15.6997,8.9129,0,1731,100913081926
57.8797,17.2772,73.1527,0,100,86,75,1392,3504,2.48663,0,15.6997,8.9129,0,1731,100930381170
59.2081,16.8896,73.1527,0,100,86,75,1392,3504,2.48663,0,15.6997,8.9129,0,1731,100947271060
57.5064,17.3894,73.1527,0,100,86,75,1392,3504,2.48663,0,15.6997,8.9129,0,1731,100964662965
59.1177,16.9154,73.1527,0,100,86,75,1392,3504,2.48663,0,15.6997,8.9129,0,1731,100981578195
58.8933,16.9799,73.1527,0,100,86,75,1392,3504,2.48663,0,15.6997,8.9129,0,1731,100998558754
57.4639,17.4022,73.1527,0,100,86,75,1392,3504,2.48663,0,15.6997,8.9129,0,1731,101015961746
58.3708,17.1319,73.1527,0,100,86,75,1392,3504,2.48663,0,15.6997,8.9129,0,1731,101033095126
57.7606,17.3128,73.1527,0,100,86,75,1392,3504,2.48663,0,15.6997,8.9129,0,1731,101050409352
57.6883,17.3345,73.1527,0,100,86,75,1392,3504,2.48663,0,15.6997,8.9129,0,1731,101067743265
58.1082,17.2093,73.1527,0,100,86,75,1392,3504,2.48663,0,15.6997,8.9129,0,1731,101084954630
55.2981,18.0838,73.1527,0,100,86,75,1392,3504,2.48663,0,15.6997,8.9129,0,1731,101103063920
60.0395,16.6557,71.1111,0,100,86,75,1392,3504,2.48663,0,15.7155,8.9129,0,1747,101119696882
59.0812,16.9259,71.1111,0,100,86,75,1392,3504,2.48663,0,15.7155,8.9129,0,1747,101136624147
58.8934,16.9798,71.1111,0,100,86,75,1392,3504,2.48663,0,15.7155,8.9129,0,1747,101153605860
58.2204,17.1761,71.1111,0,100,86,75,1392,3504,2.48663,0,15.7155,8.9129,0,1747,101170781412
47.4837,21.0599,71.1111,0,100,86,75,1392,3504,2.48663,0,15.7155,8.9129,0,1747,101191842978
75.6006,13.2274,71.1111,0,100,86,75,1392,3504,2.48663,0,15.7155,8.9129,0,1747,101205071956
57.6112,17.3577,71.1111,0,100,86,75,1392,3504,2.48663,0,15.7155,8.9129,0,1747,101222431567
57.9953,17.2428,71.1111,0,100,86,75,1392,3504,2.48663,0,15.7155,8.9129,0,1747,101239677319
58.4432,17.1106,71.1111,0,100,86,75,1392,3504,2.48663,0,15.7155,8.9129,0,1747,101256809551
55.6362,17.9739,71.1111,0,100,86,75,1392,3504,2.48663,0,15.7155,8.9129,0,1747,101274782837
60.1384,16.6283,71.1111,0,100,86,75,1392,3504,2.48663,0,15.7155,8.9129,0,1747,101291391306
58.4655,17.1041,71.1111,0,100,86,75,1392,3504,2.48663,0,15.7155,8.9129,0,1747,101308496477
58.2282,17.1738,71.1111,0,100,86,75,1392,3504,2.48663,0,15.7155,8.9129,0,1747,101325672601
58.0622,17.2229,71.1111,0,100,86,75,1392,3504,2.48663,0,15.7155,8.9129,0,1747,101342917675
58.1051,17.2102,71.1111,0,100,86,75,1392,3504,2.48663,0,15.7155,8.9129,0,1747,101360106613
57.5211,17.3849,71.1111,0,100,86,75,1392,3504,2.48663,0,15.7155,8.9129,0,1747,101377492431
58.7887,17.0101,71.1111,0,100,86,75,1392,3504,2.48663,0,15.7155,8.9129,0,1747,101394505137
58.6126,17.0612,71.1111,0,100,86,75,1392,3504,2.48663,0,15.7155,8.9129,0,1747,101411566083
57.8577,17.2838,71.1111,0,100,86,75,1392,3504,2.48663,0,15.7155,8.9129,0,1747,101428852549
58.2851,17.1571,71.1111,0,100,86,75,1392,3504,2.48663,0,15.7155,8.9129,0,1747,101446031279
58.7185,17.0304,71.1111,0,100,86,75,1392,3504,2.48663,0,15.7155,8.9129,0,1747,101463041142
58.0598,17.2236,71.1111,0,100,86,75,1392,3504,2.48663,0,15.7155,8.9129,0,1747,101480265601
55.5017,18.0175,71.1111,0,100,86,75,1392,3504,2.48663,0,15.7155,8.9129,0,1747,101498284337
58.616,17.0602,71.1111,0,100,86,75,1392,3504,2.48663,0,15.7155,8.9129,0,1747,101515345903
57.2149,17.478,71.1111,0,100,86,75,1392,3504,2.48663,0,15.7155,8.9129,0,1747,101532824741
57.158,17.4954,71.1111,0,100,86,75,1392,3504,2.48663,0,15.7155,8.9129,0,1747,101550349901
58.6231,17.0581,71.1111,0,100,86,75,1392,3504,2.48663,0,15.7155,8.9129,0,1747,101567381782
57.2491,17.4675,71.1111,0,100,86,75,1392,3504,2.48663,0,15.7155,8.9129,0,1747,101584851808
58.7159,17.0312,71.1111,0,100,86,75,1392,3504,2.48663,0,15.7155,8.9129,0,1747,101601903908
52.1776,19.1653,71.1111,0,100,86,75,1392,3504,2.48663,0,15.7155,8.9129,0,1747,101621099718
63.6466,15.7118,74.2092,0,100,86,75,1392,3504,2.48663,0,15.7152,8.9129,0,1737,101636783774
58.1488,17.1973,74.2092,0,100,86,75,1392,3504,2.48663,0,15.7152,8.9129,0,1737,101653981957
57.5941,17.3629,74.2092,0,100,86,75,1392,3504,2.48663,0,15.7152,8.9129,0,1737,101671346688
58.1972,17.183,74.2092,0,100,86,75,1392,3504,2.48663,0,15.7152,8.9129,0,1737,101688531128
57.055,17.527,74.2092,0,100,86,75,1392,3504,2.48663,0,15.7152,8.9129,0,1737,101706079908
57.5537,17.3751,74.2092,0,100,86,75,1392,3504,2.48663,0,15.7152,8.9129,0,1737,101723436197
57.4344,17.4112,74.2092,0,100,86,75,1392,3504,2.48663,0,15.7152,8.9129,0,1737,101740847920
58.1398,17.1999,74.2092,0,100,86,75,1392,3504,2.48663,0,15.7152,8.9129,0,1737,101758048669
57.8366,17.2901,74.2092,0,100,86,75,1392,3504,2.48663,0,15.7152,8.9129,0,1737,101775339902
57.1703,17.4916,74.2092,0,100,86,75,1392,3504,2.48663,0,15.7152,8.9129,0,1737,101792833319
53.7687,18.5982,74.2092,0,100,86,75,1392,3504,2.48663,0,15.7152,8.9129,0,1737,101811454083
64.5004,15.5038,74.2092,0,100,86,75,1392,3504,2.48663,0,15.7152,8.9129,0,1737,101826958387
56.9175,17.5693,74.2092,0,100,86,75,1392,3504,2.48663,0,15.7152,8.9129,0,1737,101844529696
58.5554,17.0778,74.2092,0,100,86,75,1392,3504,2.48663,0,15.7152,8.9129,0,1737,101861608139
53.3786,18.7341,74.2092,0,100,86,75,1392,3504,2.48663,0,15.7152,8.9129,0,1737,101880345507
49.9057,20.0378,74.2092,0,100,86,75,1392,3504,2.48663,0,15.7152,8.9129,0,1737,101900382741
65.9624,15.1602,74.2092,0,100,86,75,1392,3504,2.48663,0,15.7152,8.9129,0,1737,101915543651
60.5822,16.5065,74.2092,0,100,86,75,1392,3504,2.48663,0,15.7152,8.9129,0,1737,101932075487
56.2252,17.7856,74.2092,0,100,86,75,1392,3504,2.48663,0,15.7152,8.9129,0,1737,101949863773
57.1839,17.4874,74.2092,0,100,86,75,1392,3504,2.48663,0,15.7152,8.9129,0,1737,101967350541
57.3761,17.4289,74.2092,0,100,86,75,1392,3504,2.48663,0,15.7152,8.9129,0,1737,101984802135
61.2004,16.3398,74.2092,0,100,86,75,1392,3504,2.48663,0,15.7152,8.9129,0,1737,102001121800
58.3244,17.1455,74.2092,0,100,86,75,1392,3504,2.48663,0,15.7152,8.9129,0,1737,102018267266
58.1782,17.1886,74.2092,0,100,86,75,1392,3504,2.48663,0,15.7152,8.9129,0,1737,102035457552
55.8233,17.9137,74.2092,0,100,86,75,1392,3504,2.48663,0,15.7152,8.9129,0,1737,102053372938
59.1796,16.8977,74.2092,0,100,86,75,1392,3504,2.48663,0,15.7152,8.9129,0,1737,102070271277
46.9241,21.311,74.2092,0,100,86,75,1392,3504,2.48663,0,15.7152,8.9129,0,1737,102091584223
75.6642,13.2163,74.2092,0,100,86,75,1392,3504,2.48663,0,15.7152,8.9129,0,1737,102104800305
58.5206,17.088,74.2092,0,100,86,75,1392,3504,2.48663,0,15.7152,8.9129,0,1737,102121919960
57.4792,17.3976,76.2626,0,100,86,75,1389,3504,2.48663,0,15.7152,8.9129,0,1889,102139288848
53.9716,18.5283,76.2626,0,100,86,75,1389,3504,2.48663,0,15.7152,8.9129,0,1889,102157840790
59.9199,16.6889,76.2626,0,100,86,75,1389,3504,2.48663,0,15.7152,8.9129,0,1889,102174508785
53.7237,18.6138,76.2626,0,100,86,75,1389,3504,2.48663,0,15.7152,8.9129,0,1889,102193123704
62.8312,15.9157,76.2626,0,100,86,75,1389,3504,2.48663,0,15.7152,8.9129,0,1889,102209040367
57.9204,17.2651,76.2626,0,100,86,75,1389,3504,2.48663,0,15.7152,8.9129,0,1889,102226306935
58.7573,17.0191,76.2626,0,100,86,75,1389,3504,2.48663,0,15.7152,8.9129,0,1889,102243326069
53.9619,18.5316,76.2626,0,100,86,75,1389,3504,2.48663,0,15.7152,8.9129,0,1889,102261859658
59.9775,16.6729,76.2626,0,100,86,75,1389,3504,2.48663,0,15.7152,8.9129,0,1889,102278532552
60.3575,16.5679,76.2626,0,100,86,75,1389,3504,2.48663,0,15.7152,8.9129,0,1889,102295102003
54.756,18.2628,76.2626,0,100,86,75,1389,3504,2.48663,0,15.7152,8.9129,0,1889,102313366595
59.0954,16.9218,76.2626,0,100,86,75,1389,3504,2.48663,0,15.7152,8.9129,0,1889,102330309592
57.5561,17.3744,76.2626,0,100,86,75,1389,3504,2.48663,0,15.7152,8.9129,0,1889,102347684953
57.0218,17.5372,76.2626,0,100,86,75,1389,3504,2.48663,0,15.7152,8.9129,0,1889,102365244548
61.3222,16.3073,76.2626,0,100,86,75,1389,3504,2.48663,0,15.7152,8.9129,0,1889,102381551852
58.3242,17.1455,76.2626,0,100,86,75,1389,3504,2.48663,0,15.7152,8.9129,0,1889,102398678774
53.194,18.7991,76.2626,0,100,86,75,1389,3504,2.48663,0,15.7152,8.9129,0,1889,102417477703
60.3218,16.5777,76.2626,0,100,86,75,1389,3504,2.48663,0,15.7152,8.9129,0,1889,102434057711
60.6685,16.483,76.2626,0,100,86,75,1389,3504,2.48663,0,15.7152,8.9129,0,1889,102450541376
50.1717,19.9316,76.2626,0,100,86,75,1389,3504,2.48663,0,15.7152,8.9129,0,1889,102470473595
69.5538,14.3774,76.2626,0,100,86,75,1389,3504,2.48663,0,15.7152,8.9129,0,1889,102484872849
57.844,17.2879,76.2626,0,100,86,75,1389,3504,2.48663,0,15.7152,8.9129,0,1889,102502161989
57.4824,17.3966,76.2626,0,100,86,75,1389,3504,2.48663,0,15.7152,8.9129,0,1889,102519580569
59.0538,16.9337,76.2626,0,100,86,75,1389,3504,2.48663,0,15.7152,8.9129,0,1889,102536514621
56.2343,17.7827,76.2626,0,100,86,75,1389,3504,2.48663,0,15.7152,8.9129,0,1889,102554298281
53.8192,18.5807,76.2626,0,100,86,75,1389,3504,2.48663,0,15.7152,8.9129,0,1889,102572878240
64.7428,15.4457,76.2626,0,100,86,75,1389,3504,2.48663,0,15.7152,8.9129,0,1889,102588306137
57.5762,17.3683,76.2626,0,100,86,75,1389,3504,2.48663,0,15.7152,8.9129,0,1889,102605677369
57.5303,17.3821,76.2626,0,100,86,75,1389,3504,2.48663,0,15.7152,8.9129,0,1889,102623082794
58.9261,16.9704,76.1307,0,100,86,75,1385,3504,2.48663,0,15.7152,8.9129,0,1773,102640030732
57.2214,17.476,76.1307,0,100,86,75,1385,3504,2.48663,0,15.7152,8.9129,0,1773,102657528598
57.611,17.3578,76.1307,0,100,86,75,1385,3504,2.48663,0,15.7152,8.9129,0,1773,102674867423
58.7806,17.0124,76.1307,0,100,86,75,1385,3504,2.48663,0,15.7152,8.9129,0,1773,102691880691
54.2983,18.4168,76.1307,0,100,86,75,1385,3504,2.48663,0,15.7152,8.9129,0,1773,102710298371
59.5986,16.7789,76.1307,0,100,86,75,1385,3504,2.48663,0,15.7152,8.9129,0,1773,102727077195
58.9406,16.9662,76.1307,0,100,86,75,1385,3504,2.48663,0,15.7152,8.9129,0,1773,102744045043
54.1532,18.4661,76.1307,0,100,86,75,1385,3504,2.48663,0,15.7152,8.9129,0,1773,102762512174
62.5366,15.9906,76.1307,0,100,86,75,1385,3504,2.48663,0,15.7152,8.9129,0,1773,102778525537
57.9723,17.2496,76.1307,0,100,86,75,1385,3504,2.48663,0,15.7152,8.9129,0,1773,102795754207
57.9415,17.2588,76.1307,0,100,86,75,1385,3504,2.48663,0,15.7152,8.9129,0,1773,102813014371
56.5102,17.6959,76.1307,0,100,86,75,1385,3504,2.48663,0,15.7152,8.9129,0,1773,102830711248
58.444,17.1104,76.1307,0,100,86,75,1385,3504,2.48663,0,15.7152,8.9129,0,1773,102847836166
58.2124,17.1785,76.1307,0,100,86,75,1385,3504,2.48663,0,15.7152,8.9129,0,1773,102865015554
58.188,17.1857,76.1307,0,100,86,75,1385,3504,2.48663,0,15.7152,8.9129,0,1773,102882204811
56.5817,17.6735,76.1307,0,100,86,75,1385,3504,2.48663,0,15.7152,8.9129,0,1773,102899899107
57.0145,17.5394,76.1307,0,100,86,75,1385,3504,2.48663,0,15.7152,8.9129,0,1773,102917418865
60.8708,16.4282,76.1307,0,100,86,75,1385,3504,2.48663,0,15.7152,8.9129,0,1773,102933848560
50.6735,19.7342,76.1307,0,100,86,75,1385,3504,2.48663,0,15.7152,8.9129,0,1773,102953584567
57.7652,17.3115,76.1307,0,100,86,75,1385,3504,2.48663,0,15.7152,8.9129,0,1773,102970896119
66.0042,15.1506,76.1307,0,100,86,75,1385,3504,2.48663,0,15.7152,8.9129,0,1773,102986069007
56.5902,17.6709,76.1307,0,100,86,75,1385,3504,2.48663,0,15.7152,8.9129,0,1773,103003719891
58.7205,17.0298,76.1307,0,100,86,75,1385,3504,2.48663,0,15.7152,8.9129,0,1773,103020751056
56.7205,17.6303,76.1307,0,100,86,75,1385,3504,2.48663,0,15.7152,8.9129,0,1773,103038381530
57.2548,17.4658,76.1307,0,100,86,75,1385,3504,2.48663,0,15.7152,8.9129,0,1773,103055849096
58.5827,17.0699,76.1307,0,100,86,75,1385,3504,2.48663,0,15.7152,8.9129,0,1773,103072919508
51.9069,19.2653,76.1307,0,100,86,75,1385,3504,2.48663,0,15.7152,8.9129,0,1773,103092206416
46.1641,21.6618,76.1307,0,100,86,75,1385,3504,2.48663,0,15.7152,8.9129,0,1773,103113869762
60.0799,16.6445,76.1307,0,100,86,75,1385,3504,2.48663,0,15.7152,8.9129,0,1773,103130519338
52.2369,19.1436,74.3719,0,100,86,75,1385,3504,2.48663,0,15.7152,8.9129,0,1727,103149680662
63.252,15.8098,74.3719,0,100,86,75,1385,3504,2.48663,0,15.7152,8.9129,0,1727,103165470661
54.5341,18.3372,74.3719,0,100,86,75,1385,3504,2.48663,0,15.7152,8.9129,0,1727,103183809207
52.3954,19.0857,74.3719,0,100,86,75,1385,3504,2.48663,0,15.7152,8.9129,0,1727,103202896235
72.7628,13.7433,74.3719,0,100,86,75,1385,3504,2.48663,0,15.7152,8.9129,0,1727,103216640934
47.8289,20.9078,74.3719,0,100,86,75,1385,3504,2.48663,0,15.7152,8.9129,0,1727,103237549377
65.1723,15.3439,74.3719,0,100,86,75,1385,3504,2.48663,0,15.7152,8.9129,0,1727,103252894426
56.8014,17.6052,74.3719,0,100,86,75,1385,3504,2.48663,0,15.7152,8.9129,0,1727,103270501139
56.8554,17.5885,74.3719,0,100,86,75,1385,3504,2.48663,0,15.7152,8.9129,0,1727,103288090318
64.2884,15.5549,74.3719,0,100,86,75,1385,3504,2.48663,0,15.7152,8.9129,0,1727,103303668121
57.7921,17.3034,74.3719,0,100,86,75,1385,3504,2.48663,0,15.7152,8.9129,0,1727,103320952441
49.5827,20.1683,74.3719,0,100,86,75,1385,3504,2.48663,0,15.7152,8.9129,0,1727,103341142753
55.3735,18.0592,74.3719,0,100,86,75,1385,3504,2.48663,0,15.7152,8.9129,0,1727,103359182553
72.9024,13.717,74.3719,0,100,86,75,1385,3504,2.48663,0,15.7152,8.9129,0,1727,103372900468
58.7241,17.0288,74.3719,0,100,86,75,1385,3504,2.48663,0,15.7152,8.9129,0,1727,103389949547
57.6086,17.3585,74.3719,0,100,86,75,1385,3504,2.48663,0,15.7152,8.9129,0,1727,103407290696
47.2745,21.1531,74.3719,0,100,86,75,1385,3504,2.48663,0,15.7152,8.9129,0,1727,103428465584
74.3258,13.4543,74.3719,0,100,86,75,1385,3504,2.48663,0,15.7152,8.9129,0,1727,103441921004
58.1124,17.208,74.3719,0,100,86,75,1385,3504,2.48663,0,15.7152,8.9129,0,1727,103459130609
49.6034,20.1599,74.3719,0,100,86,75,1385,3504,2.48663,0,15.7152,8.9129,0,1727,103479292442
49.6418,20.1443,74.3719,0,100,86,75,1385,3504,2.48663,0,15.7152,8.9129,0,1727,103499437396
51.0502,19.5886,74.3719,0,100,86,75,1385,3504,2.48663,0,15.7152,8.9129,0,1727,103519026312
62.1321,16.0948,74.3719,0,100,86,75,1385,3504,2.48663,0,15.7152,8.9129,0,1727,103535122184
52.6609,18.9894,74.3719,0,100,86,75,1385,3504,2.48663,0,15.7152,8.9129,0,1727,103554134788
64.2683,15.5598,74.3719,0,100,86,75,1385,3504,2.48663,0,15.7152,8.9129,0,1727,103569674667
59.861,16.7054,74.3719,0,100,86,75,1385,3504,2.48663,0,15.7152,8.9129,0,1727,103586381479
59.2305,16.8832,74.3719,0,100,86,75,1385,3504,2.48663,0,15.7152,8.9129,0,1727,103603264721
56.3712,17.7396,74.3719,0,100,86,75,1385,3504,2.48663,0,15.7152,8.9129,0,1727,103621031747
55.7836,17.9264,74.3719,0,100,86,75,1385,3504,2.48663,0,15.7152,8.9129,0,1727,103638961493
60.882,16.4252,88.9724,0,99,86,75,1380,3504,2.48663,0,15.7229,8.9129,0,1765,103655360643
58.2685,17.1619,88.9724,0,99,86,75,1380,3504,2.48663,0,15.7229,8.9129,0,1765,103672523363
58.5048,17.0926,88.9724,0,99,86,75,1380,3504,2.48663,0,15.7229,8.9129,0,1765,103689617053
54.7488,18.2652,88.9724,0,99,86,75,1380,3504,2.48663,0,15.7229,8.9129,0,1765,103707883101
61.9864,16.1326,88.9724,0,99,86,75,1380,3504,2.48663,0,15.7229,8.9129,0,1765,103724019700
57.2896,17.4552,88.9724,0,99,86,75,1380,3504,2.48663,0,15.7229,8.9129,0,1765,103741495120
50.8219,19.6766,88.9724,0,99,86,75,1380,3504,2.48663,0,15.7229,8.9129,0,1765,103761151496
52.7872,18.944,88.9724,0,99,86,75,1380,3504,2.48663,0,15.7229,8.9129,0,1765,103780096636
60.3014,16.5834,88.9724,0,99,86,75,1380,3504,2.48663,0,15.7229,8.9129,0,1765,103796680883
59.7827,16.7272,88.9724,0,99,86,75,1380,3504,2.48663,0,15.7229,8.9129,0,1765,103813430203
60.5004,16.5288,88.9724,0,99,86,75,1380,3504,2.48663,0,15.7229,8.9129,0,1765,103829962144
51.1751,19.5408,88.9724,0,99,86,75,1380,3504,2.48663,0,15.7229,8.9129,0,1765,103849503000
47.2518,21.1632,88.9724,0,99,86,75,1380,3504,2.48663,0,15.7229,8.9129,0,1765,103870666797
76.0312,13.1525,88.9724,0,99,86,75,1380,3504,2.48663,0,15.7229,8.9129,0,1765,103883821098
57.6267,17.3531,88.9724,0,99,86,75,1380,3504,2.48663,0,15.7229,8.9129,0,1765,103901196842
55.1321,18.1382,88.9724,0,99,86,75,1380,3504,2.48663,0,15.7229,8.9129,0,1765,103919315656
60.3652,16.5658,88.9724,0,99,86,75,1380,3504,2.48663,0,15.7229,8.9129,0,1765,103935883077
58.2685,17.1619,88.9724,0,99,86,75,1380,3504,2.48663,0,15.7229,8.9129,0,1765,103953045802
56.949,17.5596,88.9724,0,99,86,75,1380,3504,2.48663,0,15.7229,8.9129,0,1765,103970626615
57.6281,17.3526,88.9724,0,99,86,75,1380,3504,2.48663,0,15.7229,8.9129,0,1765,103987960177
57.3572,17.4346,88.9724,0,99,86,75,1380,3504,2.48663,0,15.7229,8.9129,0,1765,104005395582
55.5011,18.0177,88.9724,0,99,86,75,1380,3504,2.48663,0,15.7229,8.9129,0,1765,104023435279
59.7614,16.7332,88.9724,0,99,86,75,1380,3504,2.48663,0,15.7229,8.9129,0,1765,104040147342
57.2802,17.458,88.9724,0,99,86,75,1380,3504,2.48663,0,15.7229,8.9129,0,1765,104057607238
55.77,17.9308,88.9724,0,99,86,75,1380,3504,2.48663,0,15.7229,8.9129,0,1765,104075538787
60.1159,16.6345,88.9724,0,99,86,75,1380,3504,2.48663,0,15.7229,8.9129,0,1765,104092188693
55.0471,18.1663,88.9724,0,99,86,75,1380,3504,2.48663,0,15.7229,8.9129,0,1765,104110355464
60.3977,16.5569,88.9724,0,99,86,75,1380,3504,2.48663,0,15.7229,8.9129,0,1765,104126913709
56.0745,17.8334,88.9724,0,99,86,75,1380,3504,2.48663,0,15.7229,8.9129,0,1765,104144773037
58.4418,17.111,86.1893,0,99,87,75,1382,3504,2.48663,0,15.7102,8.9129,0,1779,104161902124
56.8708,17.5837,86.1893,0,99,87,75,1382,3504,2.48663,0,15.7102,8.9129,0,1779,104179702090
55.9651,17.8683,86.1893,0,99,87,75,1382,3504,2.48663,0,15.7102,8.9129,0,1779,104197355561
55.6987,17.9537,86.1893,0,99,87,75,1382,3504,2.48663,0,15.7102,8.9129,0,1779,104215289718
61.8153,16.1772,86.1893,0,99,87,75,1382,3504,2.48663,0,15.7102,8.9129,0,1779,104231468376
56.1009,17.825,86.1893,0,99,87,75,1382,3504,2.48663,0,15.7102,8.9129,0,1779,104249295591
59.0212,16.9431,86.1893,0,99,87,75,1382,3504,2.48663,0,15.7102,8.9129,0,1779,104266239093
56.6211,17.6613,86.1893,0,99,87,75,1382,3504,2.48663,0,15.7102,8.9129,0,1779,104283937763
59.8396,16.7113,86.1893,0,99,87,75,1382,3504,2.48663,0,15.7102,8.9129,0,1779,104300613977
55.9224,17.8819,86.1893,0,99,87,75,1382,3504,2.48663,0,15.7102,8.9129,0,1779,104318517771
58.2468,17.1683,86.1893,0,99,87,75,1382,3504,2.48663,0,15.7102,8.9129,0,1779,104335686896
57.9828,17.2465,86.1893,0,99,87,75,1382,3504,2.48663,0,15.7102,8.9129,0,1779,104352934794
58.1793,17.1882,86.1893,0,99,87,75,1382,3504,2.48663,0,15.7102,8.9129,0,1779,104370123096
57.0172,17.5386,86.1893,0,99,87,75,1382,3504,2.48663,0,15.7102,8.9129,0,1779,104387662878
58.0563,17.2247,86.1893,0,99,87,75,1382,3504,2.48663,0,15.7102,8.9129,0,1779,104404910486
53.8876,18.5571,86.1893,0,99,87,75,1382,3504,2.48663,0,15.7102,8.9129,0,1779,104423448194
61.8093,16.1788,86.1893,0,99,87,75,1382,3504,2.48663,0,15.7102,8.9129,0,1779,104439626516
54.8044,18.2467,86.1893,0,99,87,75,1382,3504,2.48663,0,15.7102,8.9129,0,1779,104457875160
61.0191,16.3883,86.1893,0,99,87,75,1382,3504,2.48663,0,15.7102,8.9129,0,1779,104474263662
52.1426,19.1782,86.1893,0,99,87,75,1382,3504,2.48663,0,15.7102,8.9129,0,1779,104493443633
63.6015,15.7229,86.1893,0,99,87,75,1382,3504,2.48663,0,15.7102,8.9129,0,1779,104509187979
58.6089,17.0622,86.1893,0,99,87,75,1382,3504,2.48663,0,15.7102,8.9129,0,1779,104526232478
57.1037,17.512,86.1893,0,99,87,75,1382,3504,2.48663,0,15.7102,8.9129,0,1779,104543743745
57.8808,17.2769,86.1893,0,99,87,75,1382,3504,2.48663,0,15.7102,8.9129,0,1779,104561023064
58.2385,17.1708,86.1893,0,99,87,75,1382,3504,2.48663,0,15.7102,8.9129,0,1779,104578193655
57.2751,17.4596,86.1893,0,99,87,75,1382,3504,2.48663,0,15.7102,8.9129,0,1779,104595654526
58.6658,17.0457,86.1893,0,99,87,75,1382,3504,2.48663,0,15.7102,8.9129,0,1779,104612722586
56.6514,17.6518,86.1893,0,99,87,75,1382,3504,2.48663,0,15.7102,8.9129,0,1779,104630354688
58.0192,17.2357,86.1893,0,99,87,75,1382,3504,2.48663,0,15.7102,8.9129,0,1779,104647616517
57.4959,17.3926,77.9747,0,99,87,75,1382,3504,2.48663,0,15.7108,8.9129,0,1738,104664985140
57.6175,17.3558,77.9747,0,99,87,75,1382,3504,2.48663,0,15.7108,8.9129,0,1738,104682341962
58.063,17.2227,77.9747,0,99,87,75,1382,3504,2.48663,0,15.7108,8.9129,0,1738,104699566834
56.9901,17.5469,77.9747,0,99,87,75,1382,3504,2.48663,0,15.7108,8.9129,0,1738,104717114199
52.5075,19.0449,77.9747,0,99,87,75,1382,3504,2.48663,0,15.7108,8.9129,0,1738,104736160112
63.3377,15.7884,77.9747,0,99,87,75,1382,3504,2.48663,0,15.7108,8.9129,0,1738,104751949172
53.6928,18.6245,77.9747,0,99,87,75,1382,3504,2.48663,0,15.7108,8.9129,0,1738,104770574607
62.8802,15.9033,77.9747,0,99,87,75,1382,3504,2.48663,0,15.7108,8.9129,0,1738,104786479845
52.6041,19.0099,77.9747,0,99,87,75,1382,3504,2.48663,0,15.7108,8.9129,0,1738,104805489708
65.7806,15.202,77.9747,0,99,87,75,1382,3504,2.48663,0,15.7108,8.9129,0,1738,104820693015
48.191,20.7507,77.9747,0,99,87,75,1382,3504,2.48663,0,15.7108,8.9129,0,1738,104841444648
70.0563,14.2742,77.9747,0,99,87,75,1382,3504,2.48663,0,15.7108,8.9129,0,1738,104855721037
55.2459,18.1009,77.9747,0,99,87,75,1382,3504,2.48663,0,15.7108,8.9129,0,1738,104873821849
61.113,16.3631,77.9747,0,99,87,75,1382,3504,2.48663,0,15.7108,8.9129,0,1738,104890186944
53.107,18.8299,77.9747,0,99,87,75,1382,3504,2.48663,0,15.7108,8.9129,0,1738,104909018397
62.4252,16.0192,77.9747,0,99,87,75,1382,3504,2.48663,0,15.7108,8.9129,0,1738,104925059321
53.1119,18.8282,77.9747,0,99,87,75,1382,3504,2.48663,0,15.7108,8.9129,0,1738,104943868541
63.4271,15.7661,77.9747,0,99,87,75,1382,3504,2.48663,0,15.7108,8.9129,0,1738,104959635954
57.3084,17.4494,77.9747,0,99,87,75,1382,3504,2.48663,0,15.7108,8.9129,0,1738,104977108402
58.3581,17.1356,77.9747,0,99,87,75,1382,3504,2.48663,0,15.7108,8.9129,0,1738,104994223516
49.5506,20.1814,77.9747,0,99,87,75,1382,3504,2.48663,0,15.7108,8.9129,0,1738,105014405379
63.4828,15.7523,77.9747,0,99,87,75,1382,3504,2.48663,0,15.7108,8.9129,0,1738,105030181039
51.3017,19.4925,77.9747,0,99,87,75,1382,3504,2.48663,0,15.7108,8.9129,0,1738,105049678365
62.1123,16.0999,77.9747,0,99,87,75,1382,3504,2.48663,0,15.7108,8.9129,0,1738,105065757877
57.4775,17.3981,77.9747,0,99,87,75,1382,3504,2.48663,0,15.7108,8.9129,0,1738,105083178692
58.929,16.9696,77.9747,0,99,87,75,1382,3504,2.48663,0,15.7108,8.9129,0,1738,105100127597
59.5562,16.7909,77.9747,0,99,87,75,1382,3504,2.48663,0,15.7108,8.9129,0,1738,105116942714
57.3442,17.4386,77.9747,0,99,87,75,1382,3504,2.48663,0,15.7108,8.9129,0,1738,105134359962
54.1531,18.4661,77.9747,0,99,87,75,1382,3504,2.48663,0,15.7108,8.9129,0,1738,105152855888
62.8662,15.9068,72.3457,0,100,88,75,1379,3504,2.48663,0,15.7108,8.9129,0,1821,105168734963
56.7639,17.6168,72.3457,0,100,88,75,1379,3504,2.48663,0,15.7108,8.9129,0,1821,105186374180
58.7823,17.0119,72.3457,0,100,88,75,1379,3504,2.48663,0,15.7108,8.9129,0,1821,105203386949
46.114,21.6854,72.3457,0,100,88,75,1379,3504,2.48663,0,15.7108,8.9129,0,1821,105225073690
73.6926,13.5699,72.3457,0,100,88,75,1379,3504,2.48663,0,15.7108,8.9129,0,1821,105238666288
58.2276,17.174,72.3457,0,100,88,75,1379,3504,2.48663,0,15.7108,8.9129,0,1821,105255821406
57.92,17.2652,72.3457,0,100,88,75,1379,3504,2.48663,0,15.7108,8.9129,0,1821,105273107993
58.552,17.0788,72.3457,0,100,88,75,1379,3504,2.48663,0,15.7108,8.9129,0,1821,105290187143
57.5922,17.3635,72.3457,0,100,88,75,1379,3504,2.48663,0,15.7108,8.9129,0,1821,105307552096
54.0931,18.4866,72.3457,0,100,88,75,1379,3504,2.48663,0,15.7108,8.9129,0,1821,105326039774
61.7361,16.198,72.3457,0,100,88,75,1379,3504,2.48663,0,15.7108,8.9129,0,1821,105342256628
56.7324,17.6266,72.3457,0,100,88,75,1379,3504,2.48663,0,15.7108,8.9129,0,1821,105359867217
58.2376,17.171,72.3457,0,100,88,75,1379,3504,2.48663,0,15.7108,8.9129,0,1821,105377039699
57.5817,17.3666,72.3457,0,100,88,75,1379,3504,2.48663,0,15.7108,8.9129,0,1821,105394428414
48.7322,20.5203,72.3457,0,100,88,75,1379,3504,2.48663,0,15.7108,8.9129,0,1821,105414935388
64.1515,15.5881,72.3457,0,100,88,75,1379,3504,2.48663,0,15.7108,8.9129,0,1821,105430518940
62.3707,16.0332,72.3457,0,100,88,75,1379,3504,2.48663,0,15.7108,8.9129,0,1821,105446551756
58.2819,17.158,72.3457,0,100,88,75,1379,3504,2.48663,0,15.7108,8.9129,0,1821,105463729794
57.4973,17.3921,72.3457,0,100,88,75,1379,3504,2.48663,0,15.7108,8.9129,0,1821,105481105797
55.8755,17.8969,72.3457,0,100,88,75,1379,3504,2.48663,0,15.7108,8.9129,0,1821,105499003105
55.381,18.0567,72.3457,0,100,88,75,1379,3504,2.48663,0,15.7108,8.9129,0,1821,105517080945
62.194,16.0787,72.3457,0,100,88,75,1379,3504,2.48663,0,15.7108,8.9129,0,1821,105533161383
57.7784,17.3075,72.3457,0,100,88,75,1379,3504,2.48663,0,15.7108,8.9129,0,1821,105550448002
57.8146,17.2967,72.3457,0,100,88,75,1379,3504,2.48663,0,15.7108,8.9129,0,1821,105567747313
58.0959,17.2129,72.3457,0,100,88,75,1379,3504,2.48663,0,15.7108,8.9129,0,1821,105584960630
57.7903,17.3039,72.3457,0,100,88,75,1379,3504,2.48663,0,15.7108,8.9129,0,1821,105602287614
57.798,17.3016,72.3457,0,100,88,75,1379,3504,2.48663,0,15.7108,8.9129,0,1821,105619569182
57.6758,17.3383,72.3457,0,100,88,75,1379,3504,2.48663,0,15.7108,8.9129,0,1821,105636929553
53.7743,18.5963,72.3457,0,100,88,75,1379,3504,2.48663,0,15.7108,8.9129,0,1821,105655533996
58.5912,17.0674,77.0781,0,100,88,75,1379,3504,2.48663,0,15.7149,8.9129,0,1742,105672577707
58.4342,17.1133,77.0781,0,100,88,75,1379,3504,2.48663,0,15.7149,8.9129,0,1742,105689711605
55.8477,17.9058,77.0781,0,100,88,75,1379,3504,2.48663,0,15.7149,8.9129,0,1742,105707597052
60.5147,16.5249,77.0781,0,100,88,75,1379,3504,2.48663,0,15.7149,8.9129,0,1742,105724123532
55.9365,17.8774,77.0781,0,100,88,75,1379,3504,2.48663,0,15.7149,8.9129,0,1742,105742001716
60.0486,16.6532,77.0781,0,100,88,75,1379,3504,2.48663,0,15.7149,8.9129,0,1742,105758654256
58.1197,17.2059,77.0781,0,100,88,75,1379,3504,2.48663,0,15.7149,8.9129,0,1742,105775882763
57.3073,17.4498,77.0781,0,100,88,75,1379,3504,2.48663,0,15.7149,8.9129,0,1742,105793312754
57.1538,17.4967,77.0781,0,100,88,75,1379,3504,2.48663,0,15.7149,8.9129,0,1742,105810810199
57.6609,17.3428,77.0781,0,100,88,75,1379,3504,2.48663,0,15.7149,8.9129,0,1742,105828156788
58.4491,17.1089,77.0781,0,100,88,75,1379,3504,2.48663,0,15.7149,8.9129,0,1742,105845264698
54.7959,18.2495,77.0781,0,100,88,75,1379,3504,2.48663,0,15.7149,8.9129,0,1742,105863536394
54.0267,18.5094,77.0781,0,100,88,75,1379,3504,2.48663,0,15.7149,8.9129,0,1742,105882026621
65.4434,15.2804,77.0781,0,100,88,75,1379,3504,2.48663,0,15.7149,8.9129,0,1742,105897307631
58.1694,17.1912,77.0781,0,100,88,75,1379,3504,2.48663,0,15.7149,8.9129,0,1742,105914499842
57.3053,17.4504,77.0781,0,100,88,75,1379,3504,2.48663,0,15.7149,8.9129,0,1742,105931964458
58.3832,17.1282,77.0781,0,100,88,75,1379,3504,2.48663,0,15.7149,8.9129,0,1742,105949093987
57.0564,17.5265,77.0781,0,100,88,75,1379,3504,2.48663,0,15.7149,8.9129,0,1742,105966854709
59.9914,16.6691,77.0781,0,100,88,75,1379,3504,2.48663,0,15.7149,8.9129,0,1742,105983525755
55.0524,18.1645,77.0781,0,100,88,75,1379,3504,2.48663,0,15.7149,8.9129,0,1742,106001690826
60.9341,16.4112,77.0781,0,100,88,75,1379,3504,2.48663,0,15.7149,8.9129,0,1742,106018103212
55.4886,18.0217,77.0781,0,100,88,75,1379,3504,2.48663,0,15.7149,8.9129,0,1742,106036125077
60.0241,16.66,77.0781,0,100,88,75,1379,3504,2.48663,0,15.7149,8.9129,0,1742,106052807964
58.0882,17.2152,77.0781,0,100,88,75,1379,3504,2.48663,0,15.7149,8.9129,0,1742,106070002908
58.0903,17.2146,77.0781,0,100,88,75,1379,3504,2.48663,0,15.7149,8.9129,0,1742,106087240352
58.6113,17.0616,77.0781,0,100,88,75,1379,3504,2.48663,0,15.7149,8.9129,0,1742,106104281068
57.0546,17.5271,77.0781,0,100,88,75,1379,3504,2.48663,0,15.7149,8.9129,0,1742,106121810357
57.8153,17.2964,77.0781,0,100,88,75,1379,3504,2.48663,0,15.7149,8.9129,0,1742,106139107881
56.1415,17.8121,77.0781,0,100,88,75,1379,3504,2.48663,0,15.7149,8.9129,0,1742,106156950827
60.4856,16.5329,76.2755,0,100,86,75,1379,3504,2.48663,0,15.7149,8.9129,0,1741,106173467824
54.2043,18.4487,76.2755,0,100,86,75,1379,3504,2.48663,0,15.7149,8.9129,0,1741,106191905324
62.9769,15.8788,76.2755,0,100,86,75,1379,3504,2.48663,0,15.7149,8.9129,0,1741,106207785300
51.42,19.4477,76.2755,0,100,86,75,1379,3504,2.48663,0,15.7149,8.9129,0,1741,106227233884
66.5585,15.0244,76.2755,0,100,86,75,1379,3504,2.48663,0,15.7149,8.9129,0,1741,106242280164
54.2133,18.4457,76.2755,0,100,86,75,1379,3504,2.48663,0,15.7149,8.9129,0,1741,106260732756
59.8218,16.7163,76.2755,0,100,86,75,1379,3504,2.48663,0,15.7149,8.9129,0,1741,106277444846
61.0315,16.385,76.2755,0,100,86,75,1379,3504,2.48663,0,15.7149,8.9129,0,1741,106293830223
53.9063,18.5507,76.2755,0,100,86,75,1379,3504,2.48663,0,15.7149,8.9129,0,1741,106312381828
57.414,17.4173,76.2755,0,100,86,75,1379,3504,2.48663,0,15.7149,8.9129,0,1741,106329800775
56.6357,17.6567,76.2755,0,100,86,75,1379,3504,2.48663,0,15.7149,8.9129,0,1741,106347459612
59.1827,16.8968,76.2755,0,100,86,75,1379,3504,2.48663,0,15.7149,8.9129,0,1741,106364357616
59.2448,16.8791,76.2755,0,100,86,75,1379,3504,2.48663,0,15.7149,8.9129,0,1741,106381257102
59.1936,16.8937,76.2755,0,100,86,75,1379,3504,2.48663,0,15.7149,8.9129,0,1741,106398131333
57.0071,17.5417,76.2755,0,100,86,75,1379,3504,2.48663,0,15.7149,8.9129,0,1741,106415674939
59.0325,16.9398,76.2755,0,100,86,75,1379,3504,2.48663,0,15.7149,8.9129,0,1741,106432615702
57.649,17.3463,76.2755,0,100,86,75,1379,3504,2.48663,0,15.7149,8.9129,0,1741,106449984542
58.4331,17.1136,76.2755,0,100,86,75,1379,3504,2.48663,0,15.7149,8.9129,0,1741,106467098697
57.5544,17.3749,76.2755,0,100,86,75,1379,3504,2.48663,0,15.7149,8.9129,0,1741,106484475244
56.7292,17.6276,76.2755,0,100,86,75,1379,3504,2.48663,0,15.7149,8.9129,0,1741,106502104914
59.2907,16.866,76.2755,0,100,86,75,1379,3504,2.48663,0,15.7149,8.9129,0,1741,106518992595
51.6832,19.3486,76.2755,0,100,86,75,1379,3504,2.48663,0,15.7149,8.9129,0,1741,106538364411
66.7452,14.9824,76.2755,0,100,86,75,1379,3504,2.48663,0,15.7149,8.9129,0,1741,106553442664
57.3397,17.4399,76.2755,0,100,86,75,1379,3504,2.48663,0,15.7149,8.9129,0,1741,106570768040
59.699,16.7507,76.2755,0,100,86,75,1379,3504,2.48663,0,15.7149,8.9129,0,1741,106587518583
54.0557,18.4994,76.2755,0,100,86,75,1379,3504,2.48663,0,15.7149,8.9129,0,1741,106606019477
60.3125,16.5803,76.2755,0,100,86,75,1379,3504,2.48663,0,15.7149,8.9129,0,1741,106622601275
58.1062,17.2099,76.2755,0,100,86,75,1379,3504,2.48663,0,15.7149,8.9129,0,1741,106639811507
58.632,17.0555,76.2755,0,100,86,75,1379,3504,2.48663,0,15.7149,8.9129,0,1741,106656867433
57.269,17.4615,76.2755,0,100,86,75,1379,3504,2.48663,0,15.7149,8.9129,0,1741,106674354935
60.0337,16.6573,77.2616,0,100,86,75,1379,3504,2.48663,0,15.73,8.9129,0,2250,106690989162
56.3015,17.7615,77.2616,0,100,86,75,1379,3504,2.48663,0,15.73,8.9129,0,2250,106708750422
58.5423,17.0817,77.2616,0,100,86,75,1379,3504,2.48663,0,15.73,8.9129,0,2250,106725833449
59.3706,16.8433,77.2616,0,100,86,75,1379,3504,2.48663,0,15.73,8.9129,0,2250,106742677931
58.5909,17.0675,77.2616,0,100,86,75,1379,3504,2.48663,0,15.73,8.9129,0,2250,106759746894
57.3322,17.4422,77.2616,0,100,86,75,1379,3504,2.48663,0,15.73,8.9129,0,2250,106777189411
58.2367,17.1713,77.2616,0,100,86,75,1379,3504,2.48663,0,15.73,8.9129,0,2250,106794382987
59.1056,16.9189,77.2616,0,100,86,75,1379,3504,2.48663,0,15.73,8.9129,0,2250,106811324258
58.1888,17.1855,77.2616,0,100,86,75,1379,3504,2.48663,0,15.73,8.9129,0,2250,106828532231
57.3955,17.423,77.2616,0,100,86,75,1379,3504,2.48663,0,15.73,8.9129,0,2250,106845977823
58.772,17.0149,77.2616,0,100,86,75,1379,3504,2.48663,0,15.73,8.9129,0,2250,106863014937
53.1291,18.8221,77.2616,0,100,86,75,1379,3504,2.48663,0,15.73,8.9129,0,2250,106881886832
63.7611,15.6835,77.2616,0,100,86,75,1379,3504,2.48663,0,15.73,8.9129,0,2250,106897592823
57.1277,17.5046,77.2616,0,100,86,75,1379,3504,2.48663,0,15.73,8.9129,0,2250,106915077508
59.3189,16.858,77.2616,0,100,86,75,1379,3504,2.48663,0,15.73,8.9129,0,2250,106931949149
52.5625,19.025,77.2616,0,100,86,75,1379,3504,2.48663,0,15.73,8.9129,0,2250,106950961863
64.1857,15.5798,77.2616,0,100,86,75,1379,3504,2.48663,0,15.73,8.9129,0,2250,106966543478
53.8883,18.5569,77.2616,0,100,86,75,1379,3504,2.48663,0,15.73,8.9129,0,2250,106985122887
61.9349,16.146,77.2616,0,100,86,75,1379,3504,2.48663,0,15.73,8.9129,0,2250,107001247929
56.9049,17.5732,77.2616,0,100,86,75,1379,3504,2.48663,0,15.73,8.9129,0,2250,107018823139
60.1178,16.634,77.2616,0,100,86,75,1379,3504,2.48663,0,15.73,8.9129,0,2250,107035476040
57.6127,17.3573,77.2616,0,100,86,75,1379,3504,2.48663,0,15.73,8.9129,0,2250,107052816432
58.1849,17.1866,77.2616,0,100,86,75,1379,3504,2.48663,0,15.73,8.9129,0,2250,107070004788
57.0942,17.5149,77.2616,0,100,86,75,1379,3504,2.48663,0,15.73,8.9129,0,2250,107087541343
59.6726,16.7581,77.2616,0,100,86,75,1379,3504,2.48663,0,15.73,8.9129,0,2250,107104300132
55.75,17.9372,77.2616,0,100,86,75,1379,3504,2.48663,0,15.73,8.9129,0,2250,107122218729
62.2111,16.0743,77.2616,0,100,86,75,1379,3504,2.48663,0,15.73,8.9129,0,2250,107138293802
58.3317,17.1433,77.2616,0,100,86,75,1379,3504,2.48663,0,15.73,8.9129,0,2250,107155459302
57.7196,17.3252,77.2616,0,100,86,75,1379,3504,2.48663,0,15.73,8.9129,0,2250,107172786635
56.7004,17.6366,77.2616,0,100,86,75,1379,3504,2.48663,0,15.73,8.9129,0,2250,107190447687
58.2221,17.1756,70.0748,0,100,86,75,1379,3504,2.48663,0,15.73,8.9129,0,1809,107207599454
58.7013,17.0354,70.0748,0,100,86,75,1379,3504,2.48663,0,15.73,8.9129,0,1809,107224656294
59.5673,16.7877,70.0748,0,100,86,75,1379,3504,2.48663,0,15.73,8.9129,0,1809,107241424530
56.5544,17.6821,70.0748,0,100,86,75,1379,3504,2.48663,0,15.73,8.9129,0,1809,107259107381
59.0099,16.9463,70.0748,0,100,86,75,1379,3504,2.48663,0,15.73,8.9129,0,1809,107276054032
57.7644,17.3117,70.0748,0,100,86,75,1379,3504,2.48663,0,15.73,8.9129,0,1809,107293388401
58.7963,17.0079,70.0748,0,100,86,75,1379,3504,2.48663,0,15.73,8.9129,0,1809,107310375249
55.7078,17.9508,70.0748,0,100,86,75,1379,3504,2.48663,0,15.73,8.9129,0,1809,107328349313
60.9867,16.397,70.0748,0,100,86,75,1379,3504,2.48663,0,15.73,8.9129,0,1809,107344725403
57.2896,17.4552,70.0748,0,100,86,75,1379,3504,2.48663,0,15.73,8.9129,0,1809,107362182331
57.8332,17.2911,70.0748,0,100,86,75,1379,3504,2.48663,0,15.73,8.9129,0,1809,107379473552
57.3777,17.4284,70.0748,0,100,86,75,1379,3504,2.48663,0,15.73,8.9129,0,1809,107396903997
57.872,17.2795,70.0748,0,100,86,75,1379,3504,2.48663,0,15.73,8.9129,0,1809,107414183361
58.5856,17.0691,70.0748,0,100,86,75,1379,3504,2.48663,0,15.73,8.9129,0,1809,107431255174
57.1828,17.4878,70.0748,0,100,86,75,1379,3504,2.48663,0,15.73,8.9129,0,1809,107448744756
55.8079,17.9186,70.0748,0,100,86,75,1379,3504,2.48663,0,15.73,8.9129,0,1809,107466685324
54.9693,18.192,70.0748,0,100,86,75,1379,3504,2.48663,0,15.73,8.9129,0,1809,107484857441
57.4425,17.4087,70.0748,0,100,86,75,1379,3504,2.48663,0,15.73,8.9129,0,1809,107502267662
57.9547,17.2548,70.0748,0,100,86,75,1379,3504,2.48663,0,15.73,8.9129,0,1809,107519522810
57.2781,17.4587,70.0748,0,100,86,75,1379,3504,2.48663,0,15.73,8.9129,0,1809,107536982512
51.1664,19.5441,70.0748,0,100,86,75,1379,3504,2.48663,0,15.73,8.9129,0,1809,107556528796
60.8667,16.4293,70.0748,0,100,86,75,1379,3504,2.48663,0,15.73,8.9129,0,1809,107572959195
58.6706,17.0443,70.0748,0,100,86,75,1379,3504,2.48663,0,15.73,8.9129,0,1809,107590025521
57.9742,17.249,70.0748,0,100,86,75,1379,3504,2.48663,0,15.73,8.9129,0,1809,107607276139
56.9018,17.5741,70.0748,0,100,86,75,1379,3504,2.48663,0,15.73,8.9129,0,1809,107624851046
54.4207,18.3754,70.0748,0,100,86,75,1379,3504,2.48663,0,15.73,8.9129,0,1809,107643248426
62.6988,15.9493,70.0748,0,100,86,75,1379,3504,2.48663,0,15.73,8.9129,0,1809,107659177237
53.6041,18.6553,70.0748,0,100,86,75,1379,3504,2.48663,0,15.73,8.9129,0,1809,107677833982
62.6959,15.95,70.0748,0,100,86,75,1379,3504,2.48663,0,15.73,8.9129,0,1809,107693808311
55.7741,17.9295,83.3753,0,100,86,75,1379,3504,2.48663,0,15.7305,8.9129,0,1790,107711714861
59.5851,16.7827,83.3753,0,100,86,75,1379,3504,2.48663,0,15.7305,8.9129,0,1790,107728499116
55.2795,18.0899,83.3753,0,100,86,75,1379,3504,2.48663,0,15.7305,8.9129,0,1790,107746590714
47.586,21.0146,83.3753,0,100,86,75,1379,3504,2.48663,0,15.7305,8.9129,0,1790,107767605284
74.365,13.4472,83.3753,0,100,86,75,1379,3504,2.48663,0,15.7305,8.9129,0,1790,107781055057
60.1571,16.6231,83.3753,0,100,86,75,1379,3504,2.48663,0,15.7305,8.9129,0,1790,107797698918
56.6914,17.6394,83.3753,0,100,86,75,1379,3504,2.48663,0,15.7305,8.9129,0,1790,107815339116
58.8406,16.9951,83.3753,0,100,86,75,1379,3504,2.48663,0,15.7305,8.9129,0,1790,107832336351
56.2146,17.789,83.3753,0,100,86,75,1379,3504,2.48663,0,15.7305,8.9129,0,1790,107850126159
53.366,18.7385,83.3753,0,100,86,75,1379,3504,2.48663,0,15.7305,8.9129,0,1790,107868866419
62.7964,15.9245,83.3753,0,100,86,75,1379,3504,2.48663,0,15.7305,8.9129,0,1790,107884812978
61.0489,16.3803,83.3753,0,100,86,75,1379,3504,2.48663,0,15.7305,8.9129,0,1790,107901173711
57.5143,17.387,83.3753,0,100,86,75,1379,3504,2.48663,0,15.7305,8.9129,0,1790,107918561453
58.2534,17.1664,83.3753,0,100,86,75,1379,3504,2.48663,0,15.7305,8.9129,0,1790,107935729093
56.2178,17.788,83.3753,0,100,86,75,1379,3504,2.48663,0,15.7305,8.9129,0,1790,107953549789
63.1907,15.8251,83.3753,0,100,86,75,1379,3504,2.48663,0,15.7305,8.9129,0,1790,107969343940
51.061,19.5844,83.3753,0,100,86,75,1379,3504,2.48663,0,15.7305,8.9129,0,1790,107988929719
67.3208,14.8543,83.3753,0,100,86,75,1379,3504,2.48663,0,15.7305,8.9129,0,1790,108003797770
58.2274,17.1741,83.3753,0,100,86,75,1379,3504,2.48663,0,15.7305,8.9129,0,1790,108020961599
58.2787,17.1589,83.3753,0,100,86,75,1379,3504,2.48663,0,15.7305,8.9129,0,1790,108038120653
55.0528,18.1644,83.3753,0,100,86,75,1379,3504,2.48663,0,15.7305,8.9129,0,1790,108056286192
62.0148,16.1252,83.3753,0,100,86,75,1379,3504,2.48663,0,15.7305,8.9129,0,1790,108072412269
52.3054,19.1185,83.3753,0,100,86,75,1379,3504,2.48663,0,15.7305,8.9129,0,1790,108091531723
65.2745,15.3199,83.3753,0,100,86,75,1379,3504,2.48663,0,15.7305,8.9129,0,1790,108106852123
55.0081,18.1791,83.3753,0,100,86,75,1379,3504,2.48663,0,15.7305,8.9129,0,1790,108125032873
61.8681,16.1634,83.3753,0,100,86,75,1379,3504,2.48663,0,15.7305,8.9129,0,1790,108141196850
57.809,17.2983,83.3753,0,100,86,75,1379,3504,2.48663,0,15.7305,8.9129,0,1790,108158497092
58.7331,17.0262,83.3753,0,100,86,75,1379,3504,2.48663,0,15.7305,8.9129,0,1790,108175524072
58.1324,17.2021,83.3753,0,100,86,75,1379,3504,2.48663,0,15.7305,8.9129,0,1790,108192727541
57.7983,17.3015,83.3753,0,100,86,75,1379,3504,2.48663,0,15.7305,8.9129,0,1790,108210033532
57.6482,17.3466,74.3902,0,100,98,75,1379,3504,2.48663,0,15.7305,8.9129,0,3215,108227377659
58.6167,17.06,74.3902,0,100,98,75,1379,3504,2.48663,0,15.7305,8.9129,0,3215,108244440081
56.0445,17.843,74.3902,0,100,98,75,1379,3504,2.48663,0,15.7305,8.9129,0,3215,108262283251
59.8314,16.7136,74.3902,0,100,98,75,1379,3504,2.48663,0,15.7305,8.9129,0,3215,108278998340
56.2185,17.7877,74.3902,0,100,98,75,1379,3504,2.48663,0,15.7305,8.9129,0,3215,108296787309
60.3497,16.5701,74.3902,0,100,98,75,1379,3504,2.48663,0,15.7305,8.9129,0,3215,108313358665
57.391,17.4243,74.3902,0,100,98,75,1379,3504,2.48663,0,15.7305,8.9129,0,3215,108330797612
58.3832,17.1282,74.3902,0,100,98,75,1379,3504,2.48663,0,15.7305,8.9129,0,3215,108347913339
57.7689,17.3104,74.3902,0,100,98,75,1379,3504,2.48663,0,15.7305,8.9129,0,3215,108365225437
58.1959,17.1833,74.3902,0,100,98,75,1379,3504,2.48663,0,15.7305,8.9129,0,3215,108382428132
53.1981,18.7977,74.3902,0,100,98,75,1379,3504,2.48663,0,15.7305,8.9129,0,3215,108401209391
59.8652,16.7042,74.3902,0,100,98,75,1379,3504,2.48663,0,15.7305,8.9129,0,3215,108417913894
57.09,17.5162,74.3902,0,100,98,75,1379,3504,2.48663,0,15.7305,8.9129,0,3215,108435431846
57.3273,17.4437,74.3902,0,100,98,75,1379,3504,2.48663,0,15.7305,8.9129,0,3215,108452875882
55.0738,18.1574,74.3902,0,100,98,75,1379,3504,2.48663,0,15.7305,8.9129,0,3215,108471033821
62.3501,16.0385,74.3902,0,100,98,75,1379,3504,2.48663,0,15.7305,8.9129,0,3215,108487074177
53.1904,18.8004,74.3902,0,100,98,75,1379,3504,2.48663,0,15.7305,8.9129,0,3215,108505875946
64.2126,15.5733,74.3902,0,100,98,75,1379,3504,2.48663,0,15.7305,8.9129,0,3215,108521449894
58.0367,17.2305,74.3902,0,100,98,75,1379,3504,2.48663,0,15.7305,8.9129,0,3215,108538682447
58.1659,17.1922,74.3902,0,100,98,75,1379,3504,2.48663,0,15.7305,8.9129,0,3215,108555874440
55.0601,18.162,74.3902,0,100,98,75,1379,3504,2.48663,0,15.7305,8.9129,0,3215,108574038272
59.8914,16.6969,74.3902,0,100,98,75,1379,3504,2.48663,0,15.7305,8.9129,0,3215,108590755017
58.0563,17.2247,74.3902,0,100,98,75,1379,3504,2.48663,0,15.7305,8.9129,0,3215,108607991131
58.2463,17.1685,74.3902,0,100,98,75,1379,3504,2.48663,0,15.7305,8.9129,0,3215,108625150410
52.3843,19.0897,74.3902,0,100,98,75,1379,3504,2.48663,0,15.7305,8.9129,0,3215,108644242637
60.4028,16.5555,74.3902,0,100,98,75,1379,3504,2.48663,0,15.7305,8.9129,0,3215,108660798477
56.4707,17.7083,74.3902,0,100,98,75,1379,3504,2.48663,0,15.7305,8.9129,0,3215,108678508423
59.2066,16.89,74.3902,0,100,98,75,1379,3504,2.48663,0,15.7305,8.9129,0,3215,108695398681
57.3772,17.4285,74.3902,0,100,98,75,1379,3504,2.48663,0,15.7305,8.9129,0,3215,108712834187
57.6851,17.3355,66.4122,0,100,98,75,1379,3504,2.48663,0,15.7304,8.9129,0,3479,108730164677
54.0447,18.5032,66.4122,0,100,98,75,1379,3504,2.48663,0,15.7304,8.9129,0,3479,108748669061
60.8515,16.4335,66.4122,0,100,98,75,1379,3504,2.48663,0,15.7304,8.9129,0,3479,108765103560
56.8297,17.5964,66.4122,0,100,98,75,1379,3504,2.48663,0,15.7304,8.9129,0,3479,108782703996
57.4104,17.4184,66.4122,0,100,98,75,1379,3504,2.48663,0,15.7304,8.9129,0,3479,108800120696
43.8481,22.806,66.4122,0,100,98,75,1379,3504,2.48663,0,15.7304,8.9129,0,3479,108822928185
83.196,12.0198,66.4122,0,100,98,75,1379,3504,2.48663,0,15.7304,8.9129,0,3479,108834948057
57.6583,17.3436,66.4122,0,100,98,75,1379,3504,2.48663,0,15.7304,8.9129,0,3479,108852293261
57.3081,17.4495,66.4122,0,100,98,75,1379,3504,2.48663,0,15.7304,8.9129,0,3479,108869743823
53.5963,18.658,66.4122,0,100,98,75,1379,3504,2.48663,0,15.7304,8.9129,0,3479,108888404292
61.6955,16.2086,66.4122,0,100,98,75,1379,3504,2.48663,0,15.7304,8.9129,0,3479,108904613353
54.4232,18.3745,66.4122,0,100,98,75,1379,3504,2.48663,0,15.7304,8.9129,0,3479,108922990234
60.1654,16.6209,66.4122,0,100,98,75,1379,3504,2.48663,0,15.7304,8.9129,0,3479,108939624000
57.0769,17.5202,66.4122,0,100,98,75,1379,3504,2.48663,0,15.7304,8.9129,0,3479,108957134054
57.0119,17.5402,66.4122,0,100,98,75,1379,3504,2.48663,0,15.7304,8.9129,0,3479,108974674569
48.5633,20.5917,66.4122,0,100,98,75,1379,3504,2.48663,0,15.7304,8.9129,0,3479,108995267334
70.1192,14.2614,66.4122,0,100,98,75,1379,3504,2.48663,0,15.7304,8.9129,0,3479,109009529820
57.4466,17.4075,66.4122,0,100,98,75,1379,3504,2.48663,0,15.7304,8.9129,0,3479,109026939485
57.0765,17.5203,66.4122,0,100,98,75,1379,3504,2.48663,0,15.7304,8.9129,0,3479,109044460762
57.1927,17.4847,66.4122,0,100,98,75,1379,3504,2.48663,0,15.7304,8.9129,0,3479,109061948275
57.184,17.4874,66.4122,0,100,98,75,1379,3504,2.48663,0,15.7304,8.9129,0,3479,109079436751
56.8203,17.5994,66.4122,0,100,98,75,1379,3504,2.48663,0,15.7304,8.9129,0,3479,109097037109
56.767,17.6159,66.4122,0,100,98,75,1379,3504,2.48663,0,15.7304,8.9129,0,3479,109114653495
57.4594,17.4036,66.4122,0,100,98,75,1379,3504,2.48663,0,15.7304,8.9129,0,3479,109132059108
57.6831,17.3361,66.4122,0,100,98,75,1379,3504,2.48663,0,15.7304,8.9129,0,3479,109149395857
41.3414,24.1888,66.4122,0,100,98,75,1379,3504,2.48663,0,15.7304,8.9129,0,3479,109173586510
63.42,15.7679,66.4122,0,100,98,75,1379,3504,2.48663,0,15.7304,8.9129,0,3479,109189354788
56.634,17.6572,66.4122,0,100,98,75,1379,3504,2.48663,0,15.7304,8.9129,0,3479,109207013696
57.2906,17.4549,66.4122,0,100,98,75,1379,3504,2.48663,0,15.7304,8.9129,0,3479,109224473059
55.981,17.8632,72.2359,0,100,99,75,1379,3504,2.48663,0,15.7422,8.9129,0,3278,109242337107
57.1581,17.4953,72.2359,0,100,99,75,1379,3504,2.48663,0,15.7422,8.9129,0,3278,109259830274
47.3892,21.1019,72.2359,0,100,99,75,1379,3504,2.48663,0,15.7422,8.9129,0,3278,109280933459
71.304,14.0245,72.2359,0,100,99,75,1379,3504,2.48663,0,15.7422,8.9129,0,3278,109294959210
49.2753,20.2941,72.2359,0,100,99,75,1379,3504,2.48663,0,15.7422,8.9129,0,3278,109315254328
60.6006,16.5015,72.2359,0,100,99,75,1379,3504,2.48663,0,15.7422,8.9129,0,3278,109331756709
51.4278,19.4447,72.2359,0,100,99,75,1379,3504,2.48663,0,15.7422,8.9129,0,3278,109351203190
69.1171,14.4682,72.2359,0,100,99,75,1379,3504,2.48663,0,15.7422,8.9129,0,3278,109365676172
51.8092,19.3016,72.2359,0,100,99,75,1379,3504,2.48663,0,15.7422,8.9129,0,3278,109384976297
63.7541,15.6853,72.2359,0,100,99,75,1379,3504,2.48663,0,15.7422,8.9129,0,3278,109400661832
47.1594,21.2047,72.2359,0,100,99,75,1379,3504,2.48663,0,15.7422,8.9129,0,3278,109421868089
71.833,13.9212,72.2359,0,100,99,75,1379,3504,2.48663,0,15.7422,8.9129,0,3278,109435789881
50.3514,19.8604,72.2359,0,100,99,75,1379,3504,2.48663,0,15.7422,8.9129,0,3278,109455651453
65.2791,15.3188,72.2359,0,100,99,75,1379,3504,2.48663,0,15.7422,8.9129,0,3278,109470971216
57.4528,17.4056,72.2359,0,100,99,75,1379,3504,2.48663,0,15.7422,8.9129,0,3278,109488379138
56.8882,17.5783,72.2359,0,100,99,75,1379,3504,2.48663,0,15.7422,8.9129,0,3278,109505975194
55.2313,18.1057,72.2359,0,100,99,75,1379,3504,2.48663,0,15.7422,8.9129,0,3278,109524064109
58.8795,16.9838,72.2359,0,100,99,75,1379,3504,2.48663,0,15.7422,8.9129,0,3278,109541049286
55.3849,18.0554,72.2359,0,100,99,75,1379,3504,2.48663,0,15.7422,8.9129,0,3278,109559106374
58.3763,17.1302,72.2359,0,100,99,75,1379,3504,2.48663,0,15.7422,8.9129,0,3278,109576259924
52.0162,19.2248,72.2359,0,100,99,75,1379,3504,2.48663,0,15.7422,8.9129,0,3278,109595463027
62.69,15.9515,72.2359,0,100,99,75,1379,3504,2.48663,0,15.7422,8.9129,0,3278,109611415046
55.6957,17.9547,72.2359,0,100,99,75,1379,3504,2.48663,0,15.7422,8.9129,0,3278,109629371894
57.9757,17.2486,72.2359,0,100,99,75,1379,3504,2.48663,0,15.7422,8.9129,0,3278,109646638509
56.425,17.7227,72.2359,0,100,99,75,1379,3504,2.48663,0,15.7422,8.9129,0,3278,109664344433
56.8827,17.58,72.2359,0,100,99,75,1379,3504,2.48663,0,15.7422,8.9129,0,3278,109681924880
53.5876,18.661,72.2359,0,100,99,75,1379,3504,2.48663,0,15.7422,8.9129,0,3278,109700587885
59.4795,16.8125,72.2359,0,100,99,75,1379,3504,2.48663,0,15.7422,8.9129,0,3278,109717413250
53.3895,18.7303,72.2359,0,100,99,75,1379,3504,2.48663,0,15.7422,8.9129,0,3278,109736151794
60.2139,16.6075,69.7561,0,100,99,75,1379,3504,2.48663,0,15.6296,8.9129,0,3427,109752752915
56.7344,17.626,69.7561,0,100,99,75,1379,3504,2.48663,0,15.6296,8.9129,0,3427,109770380371
56.7773,17.6127,69.7561,0,100,99,75,1379,3504,2.48663,0,15.6296,8.9129,0,3427,109787994808
56.1989,17.7939,69.7561,0,100,99,75,1379,3504,2.48663,0,15.6296,8.9129,0,3427,109805789604
55.9332,17.8785,69.7561,0,100,99,75,1379,3504,2.48663,0,15.6296,8.9129,0,3427,109823686667
56.6851,17.6413,69.7561,0,100,99,75,1379,3504,2.48663,0,15.6296,8.9129,0,3427,109841311382
56.84,17.5932,69.7561,0,100,99,75,1379,3504,2.48663,0,15.6296,8.9129,0,3427,109858906310
55.2528,18.0986,69.7561,0,100,99,75,1379,3504,2.48663,0,15.6296,8.9129,0,3427,109877006503
56.532,17.6891,69.7561,0,100,99,75,1379,3504,2.48663,0,15.6296,8.9129,0,3427,109894696258
55.7675,17.9316,69.7561,0,100,99,75,1379,3504,2.48663,0,15.6296,8.9129,0,3427,109912629851
57.3927,17.4238,69.7561,0,100,99,75,1379,3504,2.48663,0,15.6296,8.9129,0,3427,109930054546
56.0316,17.8471,69.7561,0,100,99,75,1379,3504,2.48663,0,15.6296,8.9129,0,3427,109947903250
56.2714,17.771,69.7561,0,100,99,75,1379,3504,2.48663,0,15.6296,8.9129,0,3427,109965673876
56.1447,17.8111,69.7561,0,100,99,75,1379,3504,2.48663,0,15.6296,8.9129,0,3427,109983507171
56.845,17.5917,69.7561,0,100,99,75,1379,3504,2.48663,0,15.6296,8.9129,0,3427,110001080310
