os,cpu,gpu,ram,kernel,driver,cpuscheduler
Steam Runtime 4,Intel Core i7-7700HQ CPU @ 2.80GHz,NVIDIA GeForce GTX 1050 Ti,24468604,6.12.108-1-MANJARO,,performance
fps,frametime,cpu_load,cpu_power,gpu_load,cpu_temp,gpu_temp,gpu_core_clock,gpu_mem_clock,gpu_vram_used,gpu_power,ram_used,swap_used,process_rss,cpu_mhz,elapsed
46.6302,21.4453,59.4595,0,100,88,0,0,0,0,0,11.1241,2.95807,0,3400,275430580
43.7114,22.8773,59.4595,0,100,88,0,0,0,0,0,11.1241,2.95807,0,3400,298309251
49.3543,20.2617,59.4595,0,100,88,0,0,0,0,0,11.1241,2.95807,0,3400,318573268
45.9068,21.7832,59.4595,0,100,88,0,0,0,0,0,11.1241,2.95807,0,3400,340356785
47.2931,21.1447,59.4595,0,100,88,0,0,0,0,0,11.1241,2.95807,0,3400,361502963
47.5253,21.0414,59.4595,0,100,88,0,0,0,0,0,11.1241,2.95807,0,3400,382545258
44.7847,22.3291,59.4595,0,100,88,0,0,0,0,0,11.1241,2.95807,0,3400,404875015
48.3671,20.6752,59.4595,0,100,88,0,0,0,0,0,11.1241,2.95807,0,3400,425551865
42.5498,23.5019,59.4595,0,100,88,0,0,0,0,0,11.1241,2.95807,0,3400,449055852
51.507,19.4148,59.4595,0,100,88,0,0,0,0,0,11.1241,2.95807,0,3400,468471766
44.2075,22.6206,59.4595,0,100,88,0,0,0,0,0,11.1241,2.95807,0,3400,491093698
46.7347,21.3974,59.4595,0,100,88,0,0,0,0,0,11.1241,2.95807,0,3400,512493855
48.457,20.6369,59.4595,0,100,88,0,0,0,0,0,11.1241,2.95807,0,3400,533132609
49.9509,20.0197,59.4595,0,100,88,0,0,0,0,0,11.1241,2.95807,0,3400,553151431
42.6649,23.4385,59.4595,0,100,88,0,0,0,0,0,11.1241,2.95807,0,3400,576591458
43.3754,23.0545,59.4595,0,100,88,0,0,0,0,0,11.1241,2.95807,0,3400,599647446
55.425,18.0424,59.4595,0,100,88,0,0,0,0,0,11.1241,2.95807,0,3400,617691081
43.9967,22.729,59.4595,0,100,88,0,0,0,0,0,11.1241,2.95807,0,3400,640422744
46.4446,21.531,59.4595,0,100,88,0,0,0,0,0,11.1241,2.95807,0,3400,661954205
51.1258,19.5596,59.4595,0,100,88,0,0,0,0,0,11.1241,2.95807,0,3400,681515758
41.7469,23.9539,59.4595,0,100,88,0,0,0,0,0,11.1241,2.95807,0,3400,705471969
47.5946,21.0108,59.4595,0,100,88,0,0,0,0,0,11.1241,2.95807,0,3400,726483564
46.9712,21.2896,59.4595,0,100,88,0,0,0,0,0,11.1241,2.95807,0,3400,747781303
50.896,19.6479,50,0,100,88,43,925,1927,1.21054,0,11.1241,2.95807,0,3400,767423214
44.1587,22.6456,50,0,100,88,43,925,1927,1.21054,0,11.1241,2.95807,0,3400,790068793
51.3094,19.4896,50,0,100,88,43,925,1927,1.21054,0,11.1241,2.95807,0,3400,809560487
46.1518,21.6676,50,0,100,88,43,925,1927,1.21054,0,11.1241,2.95807,0,3400,831228469
48.1581,20.7649,50,0,100,88,43,925,1927,1.21054,0,11.1241,2.95807,0,3400,851995367
40.2766,24.8283,50,0,100,88,43,925,1927,1.21054,0,11.1241,2.95807,0,3400,876825034
51.4141,19.4499,50,0,100,88,43,925,1927,1.21054,0,11.1241,2.95807,0,3400,896276134
40.2794,24.8266,50,0,100,88,43,925,1927,1.21054,0,11.1241,2.95807,0,3400,921104559
58.9281,16.9698,50,0,100,88,43,925,1927,1.21054,0,11.1241,2.95807,0,3400,938074949
41.3955,24.1572,50,0,100,88,43,925,1927,1.21054,0,11.1241,2.95807,0,3400,962232682
45.3808,22.0358,50,0,100,88,43,925,1927,1.21054,0,11.1241,2.95807,0,3400,984270996
53.6439,18.6414,50,0,100,88,43,925,1927,1.21054,0,11.1241,2.95807,0,3400,1002913256
52.4792,19.0552,50,0,100,88,43,925,1927,1.21054,0,11.1241,2.95807,0,3400,1021969375
42.1538,23.7227,50,0,100,88,43,925,1927,1.21054,0,11.1241,2.95807,0,3400,1045694033
48.1174,20.7825,50,0,100,88,43,925,1927,1.21054,0,11.1241,2.95807,0,3400,1066477401
43.3142,23.0871,50,0,100,88,43,925,1927,1.21054,0,11.1241,2.95807,0,3400,1089565124
49.8988,20.0406,50,0,100,88,43,925,1927,1.21054,0,11.1241,2.95807,0,3400,1109607274
48.9315,20.4367,50,0,100,88,43,925,1927,1.21054,0,11.1241,2.95807,0,3400,1130044783
42.7516,23.3909,50,0,100,88,43,925,1927,1.21054,0,11.1241,2.95807,0,3400,1153437187
53.1028,18.8314,50,0,100,88,43,925,1927,1.21054,0,11.1241,2.95807,0,3400,1172270375
44.6769,22.3829,50,0,100,88,43,925,1927,1.21054,0,11.1241,2.95807,0,3400,1194653758
58.4011,17.123,50,0,100,88,43,925,1927,1.21054,0,11.1241,2.95807,0,3400,1211777164
37.6369,26.5697,50,0,100,88,43,925,1927,1.21054,0,11.1241,2.95807,0,3400,1238348516
46.3367,21.5811,50,0,100,88,43,925,1927,1.21054,0,11.1241,2.95807,0,3400,1259937756
47.0505,21.2538,64.2857,0,100,94,79,1683,3504,2.20099,0,11.1391,2.95807,0,3402,1281185503
61.1495,16.3534,64.2857,0,100,94,79,1683,3504,2.20099,0,11.1391,2.95807,0,3402,1297540104
47.2085,21.1826,64.2857,0,100,94,79,1683,3504,2.20099,0,11.1391,2.95807,0,3402,1318724529
48.2438,20.728,64.2857,0,100,94,79,1683,3504,2.20099,0,11.1391,2.95807,0,3402,1339457046
43.1334,23.1839,64.2857,0,100,94,79,1683,3504,2.20099,0,11.1391,2.95807,0,3402,1362652630
50.4576,19.8186,64.2857,0,100,94,79,1683,3504,2.20099,0,11.1391,2.95807,0,3402,1382460432
51.6869,19.3473,64.2857,0,100,94,79,1683,3504,2.20099,0,11.1391,2.95807,0,3402,1401809430
45.7781,21.8445,64.2857,0,100,94,79,1683,3504,2.20099,0,11.1391,2.95807,0,3402,1423654446
44.9725,22.2358,64.2857,0,100,94,79,1683,3504,2.20099,0,11.1391,2.95807,0,3402,1445892607
44.6789,22.3819,64.2857,0,100,94,79,1683,3504,2.20099,0,11.1391,2.95807,0,3402,1468276672
52.9495,18.8859,64.2857,0,100,94,79,1683,3504,2.20099,0,11.1391,2.95807,0,3402,1487162414
48.3825,20.6686,64.2857,0,100,94,79,1683,3504,2.20099,0,11.1391,2.95807,0,3402,1507832507
48.0727,20.8018,64.2857,0,100,94,79,1683,3504,2.20099,0,11.1391,2.95807,0,3402,1528635759
49.5695,20.1737,64.2857,0,100,94,79,1683,3504,2.20099,0,11.1391,2.95807,0,3402,1548811591
48.8813,20.4577,64.2857,0,100,94,79,1683,3504,2.20099,0,11.1391,2.95807,0,3402,1569270071
48.6075,20.573,64.2857,0,100,94,79,1683,3504,2.20099,0,11.1391,2.95807,0,3402,1589845508
47.2904,21.146,64.2857,0,100,94,79,1683,3504,2.20099,0,11.1391,2.95807,0,3402,1610991332
43.5297,22.9728,64.2857,0,100,94,79,1683,3504,2.20099,0,11.1391,2.95807,0,3402,1633966755
44.2436,22.6021,64.2857,0,100,94,79,1683,3504,2.20099,0,11.1391,2.95807,0,3402,1656570555
51.6814,19.3493,64.2857,0,100,94,79,1683,3504,2.20099,0,11.1391,2.95807,0,3402,1675921177
51.0036,19.6065,64.2857,0,100,94,79,1683,3504,2.20099,0,11.1391,2.95807,0,3402,1695529002
46.7776,21.3777,64.2857,0,100,94,79,1683,3504,2.20099,0,11.1391,2.95807,0,3402,1716908968
48.1294,20.7773,64.2857,0,100,94,79,1683,3504,2.20099,0,11.1391,2.95807,0,3402,1737687188
44.0747,22.6888,64.2857,0,100,94,79,1683,3504,2.20099,0,11.1391,2.95807,0,3402,1760380571
49.7719,20.0916,51.2821,0,100,94,79,1683,3504,2.20099,0,11.136,2.95807,0,3400,1780470103
51.618,19.3731,51.2821,0,100,94,79,1683,3504,2.20099,0,11.136,2.95807,0,3400,1799846362
47.6077,21.005,51.2821,0,100,94,79,1683,3504,2.20099,0,11.136,2.95807,0,3400,1820865972
50.2378,19.9053,51.2821,0,100,94,79,1683,3504,2.20099,0,11.136,2.95807,0,3400,1840759674
47.2254,21.1751,51.2821,0,100,94,79,1683,3504,2.20099,0,11.136,2.95807,0,3400,1861935843
47.8799,20.8856,51.2821,0,100,94,79,1683,3504,2.20099,0,11.136,2.95807,0,3400,1882822547
46.4152,21.5446,51.2821,0,100,94,79,1683,3504,2.20099,0,11.136,2.95807,0,3400,1904367658
48.0781,20.7995,51.2821,0,100,94,79,1683,3504,2.20099,0,11.136,2.95807,0,3400,1925168590
45.8133,21.8277,51.2821,0,100,94,79,1683,3504,2.20099,0,11.136,2.95807,0,3400,1946998819
47.8652,20.892,51.2821,0,100,94,79,1683,3504,2.20099,0,11.136,2.95807,0,3400,1967890858
51.2819,19.5,51.2821,0,100,94,79,1683,3504,2.20099,0,11.136,2.95807,0,3400,1987393106
49.1651,20.3396,51.2821,0,100,94,79,1683,3504,2.20099,0,11.136,2.95807,0,3400,2007733839
43.537,22.969,51.2821,0,100,94,79,1683,3504,2.20099,0,11.136,2.95807,0,3400,2030704468
46.9575,21.2959,51.2821,0,100,94,79,1683,3504,2.20099,0,11.136,2.95807,0,3400,2052001992
51.9628,19.2445,51.2821,0,100,94,79,1683,3504,2.20099,0,11.136,2.95807,0,3400,2071248290
45.2909,22.0795,51.2821,0,100,94,79,1683,3504,2.20099,0,11.136,2.95807,0,3400,2093328642
52.5903,19.0149,51.2821,0,100,94,79,1683,3504,2.20099,0,11.136,2.95807,0,3400,2112345505
46.84,21.3493,51.2821,0,100,94,79,1683,3504,2.20099,0,11.136,2.95807,0,3400,2133696130
46.1975,21.6462,51.2821,0,100,94,79,1683,3504,2.20099,0,11.136,2.95807,0,3400,2155344008
46.2919,21.6021,51.2821,0,100,94,79,1683,3504,2.20099,0,11.136,2.95807,0,3400,2176946752
44.1307,22.6599,51.2821,0,100,94,79,1683,3504,2.20099,0,11.136,2.95807,0,3400,2199608755
53.0924,18.8351,51.2821,0,100,94,79,1683,3504,2.20099,0,11.136,2.95807,0,3400,2218444578
47.4613,21.0698,51.2821,0,100,94,79,1683,3504,2.20099,0,11.136,2.95807,0,3400,2239516432
46.6078,21.4556,51.2821,0,100,94,79,1683,3504,2.20099,0,11.136,2.95807,0,3400,2260975716
56.0588,17.8384,50.6203,0,100,89,79,1683,3504,2.20099,0,11.1364,2.95807,0,3400,2278812612
46.4206,21.5422,50.6203,0,100,89,79,1683,3504,2.20099,0,11.1364,2.95807,0,3400,2300355012
50.9498,19.6272,50.6203,0,100,89,79,1683,3504,2.20099,0,11.1364,2.95807,0,3400,2319989198
46.4542,21.5266,50.6203,0,100,89,79,1683,3504,2.20099,0,11.1364,2.95807,0,3400,2341511727
48.59,20.5804,50.6203,0,100,89,79,1683,3504,2.20099,0,11.1364,2.95807,0,3400,2362106582
43.2103,23.1426,50.6203,0,100,89,79,1683,3504,2.20099,0,11.1364,2.95807,0,3400,2385237051
51.4705,19.4286,50.6203,0,100,89,79,1683,3504,2.20099,0,11.1364,2.95807,0,3400,2404666933
50.1902,19.9242,50.6203,0,100,89,79,1683,3504,2.20099,0,11.1364,2.95807,0,3400,2424594137
48.0688,20.8035,50.6203,0,100,89,79,1683,3504,2.20099,0,11.1364,2.95807,0,3400,2445398548
49.2712,20.2959,50.6203,0,100,89,79,1683,3504,2.20099,0,11.1364,2.95807,0,3400,2465694321
46.9373,21.305,50.6203,0,100,89,79,1683,3504,2.20099,0,11.1364,2.95807,0,3400,2487001273
47.8142,20.9143,50.6203,0,100,89,79,1683,3504,2.20099,0,11.1364,2.95807,0,3400,2507917581
50.1657,19.9339,50.6203,0,100,89,79,1683,3504,2.20099,0,11.1364,2.95807,0,3400,2527852571
46.0779,21.7024,50.6203,0,100,89,79,1683,3504,2.20099,0,11.1364,2.95807,0,3400,2549555928
48.4372,20.6453,50.6203,0,100,89,79,1683,3504,2.20099,0,11.1364,2.95807,0,3400,2570202074
51.4764,19.4264,50.6203,0,100,89,79,1683,3504,2.20099,0,11.1364,2.95807,0,3400,2589630160
46.1186,21.6832,50.6203,0,100,89,79,1683,3504,2.20099,0,11.1364,2.95807,0,3400,2611314325
46.9572,21.296,50.6203,0,100,89,79,1683,3504,2.20099,0,11.1364,2.95807,0,3400,2632612127
49.6932,20.1235,50.6203,0,100,89,79,1683,3504,2.20099,0,11.1364,2.95807,0,3400,2652736325
46.8411,21.3488,50.6203,0,100,89,79,1683,3504,2.20099,0,11.1364,2.95807,0,3400,2674085995
48.4367,20.6455,50.6203,0,100,89,79,1683,3504,2.20099,0,11.1364,2.95807,0,3400,2694733235
49.3024,20.283,50.6203,0,100,89,79,1683,3504,2.20099,0,11.1364,2.95807,0,3400,2715017762
47.0308,21.2627,50.6203,0,100,89,79,1683,3504,2.20099,0,11.1364,2.95807,0,3400,2736281161
52.2245,19.1481,50.6203,0,100,89,79,1683,3504,2.20099,0,11.1364,2.95807,0,3400,2755431775
44.1633,22.6432,50.6203,0,100,89,79,1683,3504,2.20099,0,11.1364,2.95807,0,3400,2778080815
54.3495,18.3994,48.6683,0,100,89,79,1683,3504,2.20099,0,11.1366,2.95807,0,3401,2796476944
50.2945,19.8829,48.6683,0,100,89,79,1683,3504,2.20099,0,11.1366,2.95807,0,3401,2816360865
43.7758,22.8437,48.6683,0,100,89,79,1683,3504,2.20099,0,11.1366,2.95807,0,3401,2839205787
49.6926,20.1237,48.6683,0,100,89,79,1683,3504,2.20099,0,11.1366,2.95807,0,3401,2859331109
53.2314,18.7859,48.6683,0,100,89,79,1683,3504,2.20099,0,11.1366,2.95807,0,3401,2878117719
45.0905,22.1776,48.6683,0,100,89,79,1683,3504,2.20099,0,11.1366,2.95807,0,3401,2900297832
47.4495,21.075,48.6683,0,100,89,79,1683,3504,2.20099,0,11.1366,2.95807,0,3401,2921373599
49.7992,20.0807,48.6683,0,100,89,79,1683,3504,2.20099,0,11.1366,2.95807,0,3401,2941473291
51.3537,19.4728,48.6683,0,100,89,79,1683,3504,2.20099,0,11.1366,2.95807,0,3401,2960930181
49.3505,20.2632,48.6683,0,100,89,79,1683,3504,2.20099,0,11.1366,2.95807,0,3401,2981193478
47.2741,21.1533,48.6683,0,100,89,79,1683,3504,2.20099,0,11.1366,2.95807,0,3401,3002347185
51.4444,19.4385,48.6683,0,100,89,79,1683,3504,2.20099,0,11.1366,2.95807,0,3401,3021787618
42.8115,23.3582,48.6683,0,100,89,79,1683,3504,2.20099,0,11.1366,2.95807,0,3401,3045148007
55.637,17.9736,48.6683,0,100,89,79,1683,3504,2.20099,0,11.1366,2.95807,0,3401,3063122697
43.3701,23.0574,48.6683,0,100,89,79,1683,3504,2.20099,0,11.1366,2.95807,0,3401,3086181572
55.3799,18.0571,48.6683,0,100,89,79,1683,3504,2.20099,0,11.1366,2.95807,0,3401,3104240468
44.3212,22.5626,48.6683,0,100,89,79,1683,3504,2.20099,0,11.1366,2.95807,0,3401,3126804029
51.7796,19.3126,48.6683,0,100,89,79,1683,3504,2.20099,0,11.1366,2.95807,0,3401,3146118358
51.6667,19.3548,48.6683,0,100,89,79,1683,3504,2.20099,0,11.1366,2.95807,0,3401,3165474293
48.4144,20.655,48.6683,0,100,89,79,1683,3504,2.20099,0,11.1366,2.95807,0,3401,3186130367
52.5764,19.0199,48.6683,0,100,89,79,1683,3504,2.20099,0,11.1366,2.95807,0,3401,3205161848
47.8369,20.9043,48.6683,0,100,89,79,1683,3504,2.20099,0,11.1366,2.95807,0,3401,3226056550
44.6388,22.4021,48.6683,0,100,89,79,1683,3504,2.20099,0,11.1366,2.95807,0,3401,3248460196
48.5271,20.607,48.6683,0,100,89,79,1683,3504,2.20099,0,11.1366,2.95807,0,3401,3269068531
51.1926,19.5341,48.6683,0,100,89,79,1683,3504,2.20099,0,11.1366,2.95807,0,3401,3288606303
52.4531,19.0647,47.4074,0,100,86,79,1665,3504,2.20099,0,11.1366,2.95807,0,3415,3307694750
49.3888,20.2475,47.4074,0,100,86,79,1665,3504,2.20099,0,11.1366,2.95807,0,3415,3327919562
47.4965,21.0542,47.4074,0,100,86,79,1665,3504,2.20099,0,11.1366,2.95807,0,3415,3348975016
44.7873,22.3278,47.4074,0,100,86,79,1665,3504,2.20099,0,11.1366,2.95807,0,3415,3371303152
54.0484,18.5019,47.4074,0,100,86,79,1665,3504,2.20099,0,11.1366,2.95807,0,3415,3389806081
48.7747,20.5024,47.4074,0,100,86,79,1665,3504,2.20099,0,11.1366,2.95807,0,3415,3410310786
46.6526,21.435,47.4074,0,100,86,79,1665,3504,2.20099,0,11.1366,2.95807,0,3415,3431745842
53.5225,18.6837,47.4074,0,100,86,79,1665,3504,2.20099,0,11.1366,2.95807,0,3415,3450432852
46.6864,21.4195,47.4074,0,100,86,79,1665,3504,2.20099,0,11.1366,2.95807,0,3415,3471851623
49.1268,20.3555,47.4074,0,100,86,79,1665,3504,2.20099,0,11.1366,2.95807,0,3415,3492208502
48.3374,20.6879,47.4074,0,100,86,79,1665,3504,2.20099,0,11.1366,2.95807,0,3415,3512897920
51.2897,19.4971,47.4074,0,100,86,79,1665,3504,2.20099,0,11.1366,2.95807,0,3415,3532396530
49.6437,20.1435,47.4074,0,100,86,79,1665,3504,2.20099,0,11.1366,2.95807,0,3415,3552541206
47.0249,21.2653,47.4074,0,100,86,79,1665,3504,2.20099,0,11.1366,2.95807,0,3415,3573807980
50.557,19.7797,47.4074,0,100,86,79,1665,3504,2.20099,0,11.1366,2.95807,0,3415,3593589172
43.5008,22.9881,47.4074,0,100,86,79,1665,3504,2.20099,0,11.1366,2.95807,0,3415,3616578215
51.5656,19.3928,47.4074,0,100,86,79,1665,3504,2.20099,0,11.1366,2.95807,0,3415,3635985771
50.9415,19.6304,47.4074,0,100,86,79,1665,3504,2.20099,0,11.1366,2.95807,0,3415,3655603724
41.4531,24.1237,47.4074,0,100,86,79,1665,3504,2.20099,0,11.1366,2.95807,0,3415,3679728283
54.7025,18.2807,47.4074,0,100,86,79,1665,3504,2.20099,0,11.1366,2.95807,0,3415,3698011225
43.0786,23.2134,47.4074,0,100,86,79,1665,3504,2.20099,0,11.1366,2.95807,0,3415,3721225330
46.5771,21.4698,47.4074,0,100,86,79,1665,3504,2.20099,0,11.1366,2.95807,0,3415,3742696683
51.0978,19.5703,47.4074,0,100,86,79,1665,3504,2.20099,0,11.1366,2.95807,0,3415,3762268212
47.3693,21.1107,47.4074,0,100,86,79,1665,3504,2.20099,0,11.1366,2.95807,0,3415,3783379314
45.3485,22.0514,47.4074,0,100,86,79,1665,3504,2.20099,0,11.1366,2.95807,0,3415,3805438509
44.2198,22.6143,46.89,0,100,86,79,1665,3504,2.20099,0,11.1367,2.95807,0,3400,3828047663
48.0445,20.814,46.89,0,100,86,79,1665,3504,2.20099,0,11.1367,2.95807,0,3400,3848864387
48.9867,20.4137,46.89,0,100,86,79,1665,3504,2.20099,0,11.1367,2.95807,0,3400,3869278897
44.4583,22.493,46.89,0,100,86,79,1665,3504,2.20099,0,11.1367,2.95807,0,3400,3891771747
47.3959,21.0989,46.89,0,100,86,79,1665,3504,2.20099,0,11.1367,2.95807,0,3400,3912872661
49.1884,20.33,46.89,0,100,86,79,1665,3504,2.20099,0,11.1367,2.95807,0,3400,3933203178
46.7424,21.3939,46.89,0,100,86,79,1665,3504,2.20099,0,11.1367,2.95807,0,3400,3954598857
47.416,21.0899,46.89,0,100,86,79,1665,3504,2.20099,0,11.1367,2.95807,0,3400,3975690366
45.1121,22.167,46.89,0,100,86,79,1665,3504,2.20099,0,11.1367,2.95807,0,3400,3997858794
47.7958,20.9223,46.89,0,100,86,79,1665,3504,2.20099,0,11.1367,2.95807,0,3400,4018781936
39.2374,25.4859,46.89,0,100,86,79,1665,3504,2.20099,0,11.1367,2.95807,0,3400,4044268800
58.434,17.1133,46.89,0,100,86,79,1665,3504,2.20099,0,11.1367,2.95807,0,3400,4061384284
44.5401,22.4517,46.89,0,100,86,79,1665,3504,2.20099,0,11.1367,2.95807,0,3400,4083837156
48.0306,20.8201,46.89,0,100,86,79,1665,3504,2.20099,0,11.1367,2.95807,0,3400,4104657034
41.7136,23.973,46.89,0,100,86,79,1665,3504,2.20099,0,11.1367,2.95807,0,3400,4128631447
51.497,19.4186,46.89,0,100,86,79,1665,3504,2.20099,0,11.1367,2.95807,0,3400,4148050492
49.5831,20.1682,46.89,0,100,86,79,1665,3504,2.20099,0,11.1367,2.95807,0,3400,4168220463
49.3863,20.2485,46.89,0,100,86,79,1665,3504,2.20099,0,11.1367,2.95807,0,3400,4188470901
46.4168,21.5439,46.89,0,100,86,79,1665,3504,2.20099,0,11.1367,2.95807,0,3400,4210017199
43.5296,22.9729,46.89,0,100,86,79,1665,3504,2.20099,0,11.1367,2.95807,0,3400,4232990221
45.5132,21.9716,46.89,0,100,86,79,1665,3504,2.20099,0,11.1367,2.95807,0,3400,4254963733
53.4336,18.7148,46.89,0,100,86,79,1665,3504,2.20099,0,11.1367,2.95807,0,3400,4273679604
46.5283,21.4923,46.89,0,100,86,79,1665,3504,2.20099,0,11.1367,2.95807,0,3400,4295174958
45.3332,22.0589,46.89,0,100,86,79,1665,3504,2.20099,0,11.1367,2.95807,0,3400,4317237116
45.0591,22.1931,46.6667,0,100,87,78,1628,3504,2.20099,0,11.1367,2.95807,0,3434,4339427290
50.3844,19.8474,46.6667,0,100,87,78,1628,3504,2.20099,0,11.1367,2.95807,0,3434,4359320733
48.3531,20.6812,46.6667,0,100,87,78,1628,3504,2.20099,0,11.1367,2.95807,0,3434,4380003132
45.6545,21.9037,46.6667,0,100,87,78,1628,3504,2.20099,0,11.1367,2.95807,0,3434,4401907862
43.02,23.245,46.6667,0,100,87,78,1628,3504,2.20099,0,11.1367,2.95807,0,3434,4425153545
54.1002,18.4842,46.6667,0,100,87,78,1628,3504,2.20099,0,11.1367,2.95807,0,3434,4443638660
47.565,21.0238,46.6667,0,100,87,78,1628,3504,2.20099,0,11.1367,2.95807,0,3434,4464682625
43.6329,22.9185,46.6667,0,100,87,78,1628,3504,2.20099,0,11.1367,2.95807,0,3434,4487586065
52.1328,19.1818,46.6667,0,100,87,78,1628,3504,2.20099,0,11.1367,2.95807,0,3434,4506769921
46.191,21.6493,46.6667,0,100,87,78,1628,3504,2.20099,0,11.1367,2.95807,0,3434,4528419963
44.0206,22.7166,46.6667,0,100,87,78,1628,3504,2.20099,0,11.1367,2.95807,0,3434,4551138240
44.667,22.3879,46.6667,0,100,87,78,1628,3504,2.20099,0,11.1367,2.95807,0,3434,4573527026
53.2551,18.7775,46.6667,0,100,87,78,1628,3504,2.20099,0,11.1367,2.95807,0,3434,4592306664
45.3268,22.062,46.6667,0,100,87,78,1628,3504,2.20099,0,11.1367,2.95807,0,3434,4614371436
45.9352,21.7698,46.6667,0,100,87,78,1628,3504,2.20099,0,11.1367,2.95807,0,3434,4636140550
49.2565,20.3019,46.6667,0,100,87,78,1628,3504,2.20099,0,11.1367,2.95807,0,3434,4656443297
45.582,21.9385,46.6667,0,100,87,78,1628,3504,2.20099,0,11.1367,2.95807,0,3434,4678382841
50.8503,19.6656,46.6667,0,100,87,78,1628,3504,2.20099,0,11.1367,2.95807,0,3434,4698050896
42.7834,23.3736,46.6667,0,100,87,78,1628,3504,2.20099,0,11.1367,2.95807,0,3434,4721424729
51.0673,19.582,46.6667,0,100,87,78,1628,3504,2.20099,0,11.1367,2.95807,0,3434,4741007938
46.7054,21.4108,46.6667,0,100,87,78,1628,3504,2.20099,0,11.1367,2.95807,0,3434,4762420767
47.7842,20.9274,46.6667,0,100,87,78,1628,3504,2.20099,0,11.1367,2.95807,0,3434,4783349762
48.5331,20.6045,46.6667,0,100,87,78,1628,3504,2.20099,0,11.1367,2.95807,0,3434,4803954155
46.7623,21.3848,46.6667,0,100,87,78,1628,3504,2.20099,0,11.1367,2.95807,0,3434,4825346539
45.5168,21.9699,45.5919,0,100,87,77,1568,3504,2.20099,0,11.1371,2.95807,0,3414,4847312031
49.0467,20.3888,45.5919,0,100,87,77,1568,3504,2.20099,0,11.1371,2.95807,0,3414,4867702329
49.0503,20.3872,45.5919,0,100,87,77,1568,3504,2.20099,0,11.1371,2.95807,0,3414,4888090675
47.2628,21.1583,45.5919,0,100,87,77,1568,3504,2.20099,0,11.1371,2.95807,0,3414,4909249948
41.1449,24.3044,45.5919,0,100,87,77,1568,3504,2.20099,0,11.1371,2.95807,0,3414,4933554937
52.9513,18.8853,45.5919,0,100,87,77,1568,3504,2.20099,0,11.1371,2.95807,0,3414,4952442971
46.023,21.7283,45.5919,0,100,87,77,1568,3504,2.20099,0,11.1371,2.95807,0,3414,4974171835
52.3971,19.085,45.5919,0,100,87,77,1568,3504,2.20099,0,11.1371,2.95807,0,3414,4993258413
49.0891,20.3711,45.5919,0,100,87,77,1568,3504,2.20099,0,11.1371,2.95807,0,3414,5013631295
43.9932,22.7308,45.5919,0,100,87,77,1568,3504,2.20099,0,11.1371,2.95807,0,3414,5036363438
48.4582,20.6364,45.5919,0,100,87,77,1568,3504,2.20099,0,11.1371,2.95807,0,3414,5057001006
45.1438,22.1514,45.5919,0,100,87,77,1568,3504,2.20099,0,11.1371,2.95807,0,3414,5079153885
48.0245,20.8227,45.5919,0,100,87,77,1568,3504,2.20099,0,11.1371,2.95807,0,3414,5099977035
42.5599,23.4963,45.5919,0,100,87,77,1568,3504,2.20099,0,11.1371,2.95807,0,3414,5123474591
52.567,19.0234,45.5919,0,100,87,77,1568,3504,2.20099,0,11.1371,2.95807,0,3414,5142499040
51.2698,19.5047,45.5919,0,100,87,77,1568,3504,2.20099,0,11.1371,2.95807,0,3414,5162005903
45.9407,21.7672,45.5919,0,100,87,77,1568,3504,2.20099,0,11.1371,2.95807,0,3414,5183774520
51.8223,19.2967,45.5919,0,100,87,77,1568,3504,2.20099,0,11.1371,2.95807,0,3414,5203072534
45.0645,22.1904,45.5919,0,100,87,77,1568,3504,2.20099,0,11.1371,2.95807,0,3414,5225264386
48.5672,20.59,45.5919,0,100,87,77,1568,3504,2.20099,0,11.1371,2.95807,0,3414,5245855378
47.0015,21.2759,45.5919,0,100,87,77,1568,3504,2.20099,0,11.1371,2.95807,0,3414,5267130993
47.8305,20.9072,45.5919,0,100,87,77,1568,3504,2.20099,0,11.1371,2.95807,0,3414,5288040768
48.2313,20.7334,45.5919,0,100,87,77,1568,3504,2.20099,0,11.1371,2.95807,0,3414,5308776596
48.0394,20.8163,45.5919,0,100,87,77,1568,3504,2.20099,0,11.1371,2.95807,0,3414,5329594841
48.1464,20.77,48.8943,0,100,88,77,1572,3504,2.20099,0,11.1254,2.95807,0,3401,5350364430
43.7338,22.8656,48.8943,0,100,88,77,1572,3504,2.20099,0,11.1254,2.95807,0,3401,5373231010
48.7992,20.4922,48.8943,0,100,88,77,1572,3504,2.20099,0,11.1254,2.95807,0,3401,5393726242
47.6608,20.9816,48.8943,0,100,88,77,1572,3504,2.20099,0,11.1254,2.95807,0,3401,5414709155
43.6288,22.9206,48.8943,0,100,88,77,1572,3504,2.20099,0,11.1254,2.95807,0,3401,5437629750
44.7475,22.3476,48.8943,0,100,88,77,1572,3504,2.20099,0,11.1254,2.95807,0,3401,5459981421
60.5824,16.5064,48.8943,0,100,88,77,1572,3504,2.20099,0,11.1254,2.95807,0,3401,5476487179
44.1411,22.6546,48.8943,0,100,88,77,1572,3504,2.20099,0,11.1254,2.95807,0,3401,5499142725
51.5299,19.4062,48.8943,0,100,88,77,1572,3504,2.20099,0,11.1254,2.95807,0,3401,5518550935
46.0365,21.7219,48.8943,0,100,88,77,1572,3504,2.20099,0,11.1254,2.95807,0,3401,5540273813
50.073,19.9709,48.8943,0,100,88,77,1572,3504,2.20099,0,11.1254,2.95807,0,3401,5560246201
46.0236,21.728,48.8943,0,100,88,77,1572,3504,2.20099,0,11.1254,2.95807,0,3401,5581975633
49.0105,20.4038,48.8943,0,100,88,77,1572,3504,2.20099,0,11.1254,2.95807,0,3401,5602381393
45.7239,21.8704,48.8943,0,100,88,77,1572,3504,2.20099,0,11.1254,2.95807,0,3401,5624253000
49.4209,20.2343,48.8943,0,100,88,77,1572,3504,2.20099,0,11.1254,2.95807,0,3401,5644489605
48.0504,20.8115,48.8943,0,100,88,77,1572,3504,2.20099,0,11.1254,2.95807,0,3401,5665301589
48.7154,20.5274,48.8943,0,100,88,77,1572,3504,2.20099,0,11.1254,2.95807,0,3401,5685830745
46.4358,21.5351,48.8943,0,100,88,77,1572,3504,2.20099,0,11.1254,2.95807,0,3401,5707367232
45.175,22.1361,48.8943,0,100,88,77,1572,3504,2.20099,0,11.1254,2.95807,0,3401,5729505399
50.6338,19.7497,48.8943,0,100,88,77,1572,3504,2.20099,0,11.1254,2.95807,0,3401,5749255441
47.9829,20.8407,48.8943,0,100,88,77,1572,3504,2.20099,0,11.1254,2.95807,0,3401,5770109833
45.4238,22.0149,48.8943,0,100,88,77,1572,3504,2.20099,0,11.1254,2.95807,0,3401,5792114535
49.8573,20.0572,48.8943,0,100,88,77,1572,3504,2.20099,0,11.1254,2.95807,0,3401,5812171685
45.2835,22.0831,48.8943,0,100,88,77,1572,3504,2.20099,0,11.1254,2.95807,0,3401,5834258746
45.6533,21.9042,44.3038,0,100,88,77,1582,3504,2.20099,0,11.1251,2.95807,0,3400,5856161306
53.111,18.8285,44.3038,0,100,88,77,1582,3504,2.20099,0,11.1251,2.95807,0,3400,5874991767
47.3076,21.1382,44.3038,0,100,88,77,1582,3504,2.20099,0,11.1251,2.95807,0,3400,5896130421
49.757,20.0977,44.3038,0,100,88,77,1582,3504,2.20099,0,11.1251,2.95807,0,3400,5916229845
44.7276,22.3575,44.3038,0,100,88,77,1582,3504,2.20099,0,11.1251,2.95807,0,3400,5938589449
48.9075,20.4468,44.3038,0,100,88,77,1582,3504,2.20099,0,11.1251,2.95807,0,3400,5959037329
44.3642,22.5407,44.3038,0,100,88,77,1582,3504,2.20099,0,11.1251,2.95807,0,3400,5981578789
53.0603,18.8465,44.3038,0,100,88,77,1582,3504,2.20099,0,11.1251,2.95807,0,3400,6000426644
48.5007,20.6183,44.3038,0,100,88,77,1582,3504,2.20099,0,11.1251,2.95807,0,3400,6021046221
50.0736,19.9706,44.3038,0,100,88,77,1582,3504,2.20099,0,11.1251,2.95807,0,3400,6041018588
47.2791,21.151,44.3038,0,100,88,77,1582,3504,2.20099,0,11.1251,2.95807,0,3400,6062171321
51.3594,19.4706,44.3038,0,100,88,77,1582,3504,2.20099,0,11.1251,2.95807,0,3400,6081660016
52.4175,19.0776,44.3038,0,100,88,77,1582,3504,2.20099,0,11.1251,2.95807,0,3400,6100720108
49.383,20.2499,44.3038,0,100,88,77,1582,3504,2.20099,0,11.1251,2.95807,0,3400,6120973068
45.57,21.9443,44.3038,0,100,88,77,1582,3504,2.20099,0,11.1251,2.95807,0,3400,6142917351
54.6469,18.2993,44.3038,0,100,88,77,1582,3504,2.20099,0,11.1251,2.95807,0,3400,6161218244
46.0406,21.72,44.3038,0,100,88,77,1582,3504,2.20099,0,11.1251,2.95807,0,3400,6182939915
47.9528,20.8538,44.3038,0,100,88,77,1582,3504,2.20099,0,11.1251,2.95807,0,3400,6203795066
51.9475,19.2502,44.3038,0,100,88,77,1582,3504,2.20099,0,11.1251,2.95807,0,3400,6223046746
47.745,20.9446,44.3038,0,100,88,77,1582,3504,2.20099,0,11.1251,2.95807,0,3400,6243992413
45.0528,22.1962,44.3038,0,100,88,77,1582,3504,2.20099,0,11.1251,2.95807,0,3400,6266190780
54.4255,18.3737,44.3038,0,100,88,77,1582,3504,2.20099,0,11.1251,2.95807,0,3400,6284564482
51.6221,19.3716,44.3038,0,100,88,77,1582,3504,2.20099,0,11.1251,2.95807,0,3400,6303937983
44.0928,22.6794,44.3038,0,100,88,77,1582,3504,2.20099,0,11.1251,2.95807,0,3400,6326618627
46.6264,21.4471,44.3038,0,100,88,77,1582,3504,2.20099,0,11.1251,2.95807,0,3400,6348072541
57.9543,17.255,46.8983,0,100,87,77,1598,3504,2.20099,0,11.125,2.95807,0,3400,6365323547
49.6923,20.1239,46.8983,0,100,87,77,1598,3504,2.20099,0,11.125,2.95807,0,3400,6385448561
48.5402,20.6015,46.8983,0,100,87,77,1598,3504,2.20099,0,11.125,2.95807,0,3400,6406114013
51.0818,19.5765,46.8983,0,100,87,77,1598,3504,2.20099,0,11.125,2.95807,0,3400,6425629562
47.3137,21.1355,46.8983,0,100,87,77,1598,3504,2.20099,0,11.125,2.95807,0,3400,6446766621
51.8379,19.2909,46.8983,0,100,87,77,1598,3504,2.20099,0,11.125,2.95807,0,3400,6466059076
46.1508,21.6681,46.8983,0,100,87,77,1598,3504,2.20099,0,11.125,2.95807,0,3400,6487728282
48.0386,20.8166,46.8983,0,100,87,77,1598,3504,2.20099,0,11.125,2.95807,0,3400,6508545354
49.816,20.0739,46.8983,0,100,87,77,1598,3504,2.20099,0,11.125,2.95807,0,3400,6528620680
47.7024,20.9633,46.8983,0,100,87,77,1598,3504,2.20099,0,11.125,2.95807,0,3400,6549586251
52.3739,19.0935,46.8983,0,100,87,77,1598,3504,2.20099,0,11.125,2.95807,0,3400,6568680574
50.2979,19.8816,46.8983,0,100,87,77,1598,3504,2.20099,0,11.125,2.95807,0,3400,6588563587
51.0986,19.57,46.8983,0,100,87,77,1598,3504,2.20099,0,11.125,2.95807,0,3400,6608138542
46.2912,21.6024,46.8983,0,100,87,77,1598,3504,2.20099,0,11.125,2.95807,0,3400,6629740275
52.42,19.0767,46.8983,0,100,87,77,1598,3504,2.20099,0,11.125,2.95807,0,3400,6648818676
44.0446,22.7043,46.8983,0,100,87,77,1598,3504,2.20099,0,11.125,2.95807,0,3400,6671522369
61.2079,16.3377,46.8983,0,100,87,77,1598,3504,2.20099,0,11.125,2.95807,0,3400,6687862352
42.8766,23.3227,46.8983,0,100,87,77,1598,3504,2.20099,0,11.125,2.95807,0,3400,6711186573
47.0579,21.2504,46.8983,0,100,87,77,1598,3504,2.20099,0,11.125,2.95807,0,3400,6732437791
51.9683,19.2425,46.8983,0,100,87,77,1598,3504,2.20099,0,11.125,2.95807,0,3400,6751682450
50.9611,19.6228,46.8983,0,100,87,77,1598,3504,2.20099,0,11.125,2.95807,0,3400,6771309717
57.7373,17.3198,46.8983,0,100,87,77,1598,3504,2.20099,0,11.125,2.95807,0,3400,6788632793
48.0071,20.8303,46.8983,0,100,87,77,1598,3504,2.20099,0,11.125,2.95807,0,3400,6809466327
47.7325,20.9501,46.8983,0,100,87,77,1598,3504,2.20099,0,11.125,2.95807,0,3400,6830416522
52.9971,18.869,46.8983,0,100,87,77,1598,3504,2.20099,0,11.125,2.95807,0,3400,6849573138
48.8036,20.4903,61.0687,0,100,87,78,1655,3504,2.20099,0,11.1172,2.95807,0,3403,6869777382
50.9642,19.6216,61.0687,0,100,87,78,1655,3504,2.20099,0,11.1172,2.95807,0,3403,6889399793
45.883,21.7945,61.0687,0,100,87,78,1655,3504,2.20099,0,11.1172,2.95807,0,3403,6911196487
53.4785,18.6991,61.0687,0,100,87,78,1655,3504,2.20099,0,11.1172,2.95807,0,3403,6929897027
46.2239,21.6338,61.0687,0,100,87,78,1655,3504,2.20099,0,11.1172,2.95807,0,3403,6951531812
53.0075,18.8652,61.0687,0,100,87,78,1655,3504,2.20099,0,11.1172,2.95807,0,3403,6970398556
49.5272,20.1909,61.0687,0,100,87,78,1655,3504,2.20099,0,11.1172,2.95807,0,3403,6990589971
50.9745,19.6176,61.0687,0,100,87,78,1655,3504,2.20099,0,11.1172,2.95807,0,3403,7010209633
42.4412,23.562,61.0687,0,100,87,78,1655,3504,2.20099,0,11.1172,2.95807,0,3403,7033773027
49.4474,20.2235,61.0687,0,100,87,78,1655,3504,2.20099,0,11.1172,2.95807,0,3403,7053997930
59.8552,16.707,61.0687,0,100,87,78,1655,3504,2.20099,0,11.1172,2.95807,0,3403,7070705229
49.8676,20.0531,61.0687,0,100,87,78,1655,3504,2.20099,0,11.1172,2.95807,0,3403,7090758814
48.3561,20.6799,61.0687,0,100,87,78,1655,3504,2.20099,0,11.1172,2.95807,0,3403,7111441211
53.6107,18.653,61.0687,0,100,87,78,1655,3504,2.20099,0,11.1172,2.95807,0,3403,7130095366
43.531,22.9721,61.0687,0,100,87,78,1655,3504,2.20099,0,11.1172,2.95807,0,3403,7153069979
49.6666,20.1343,61.0687,0,100,87,78,1655,3504,2.20099,0,11.1172,2.95807,0,3403,7173204532
47.5626,21.0249,61.0687,0,100,87,78,1655,3504,2.20099,0,11.1172,2.95807,0,3403,7194231470
50.8357,19.6712,61.0687,0,100,87,78,1655,3504,2.20099,0,11.1172,2.95807,0,3403,7213902909
52.6781,18.9832,61.0687,0,100,87,78,1655,3504,2.20099,0,11.1172,2.95807,0,3403,7232888279
47.4065,21.0942,61.0687,0,100,87,78,1655,3504,2.20099,0,11.1172,2.95807,0,3403,7253983104
54.5451,18.3335,61.0687,0,100,87,78,1655,3504,2.20099,0,11.1172,2.95807,0,3403,7272317624
51.491,19.4209,61.0687,0,100,87,78,1655,3504,2.20099,0,11.1172,2.95807,0,3403,7291741816
49.6182,20.1539,61.0687,0,100,87,78,1655,3504,2.20099,0,11.1172,2.95807,0,3403,7311896661
49.1448,20.348,61.0687,0,100,87,78,1655,3504,2.20099,0,11.1172,2.95807,0,3403,7332245807
47.0399,21.2586,61.0687,0,100,87,78,1655,3504,2.20099,0,11.1172,2.95807,0,3403,7353509848
50.9676,19.6203,49.6241,0,100,88,79,1670,3504,2.20099,0,11.0964,2.95807,0,3400,7373127571
51.8283,19.2945,49.6241,0,100,88,79,1670,3504,2.20099,0,11.0964,2.95807,0,3400,7392423919
46.3613,21.5697,49.6241,0,100,88,79,1670,3504,2.20099,0,11.0964,2.95807,0,3400,7413994916
49.7813,20.0879,49.6241,0,100,88,79,1670,3504,2.20099,0,11.0964,2.95807,0,3400,7434083562
46.4409,21.5327,49.6241,0,100,88,79,1670,3504,2.20099,0,11.0964,2.95807,0,3400,7455617229
51.0539,19.5871,49.6241,0,100,88,79,1670,3504,2.20099,0,11.0964,2.95807,0,3400,7475206996
55.3618,18.063,49.6241,0,100,88,79,1670,3504,2.20099,0,11.0964,2.95807,0,3400,7493271260
48.9646,20.4229,49.6241,0,100,88,79,1670,3504,2.20099,0,11.0964,2.95807,0,3400,7513695615
45.4675,21.9937,49.6241,0,100,88,79,1670,3504,2.20099,0,11.0964,2.95807,0,3400,7535688715
52.2221,19.149,49.6241,0,100,88,79,1670,3504,2.20099,0,11.0964,2.95807,0,3400,7554868584
47.0649,21.2473,49.6241,0,100,88,79,1670,3504,2.20099,0,11.0964,2.95807,0,3400,7576097642
57.499,17.3916,49.6241,0,100,88,79,1670,3504,2.20099,0,11.0964,2.95807,0,3400,7593490732
47.2567,21.161,49.6241,0,100,88,79,1670,3504,2.20099,0,11.0964,2.95807,0,3400,7614666433
51.0708,19.5807,49.6241,0,100,88,79,1670,3504,2.20099,0,11.0964,2.95807,0,3400,7634235673
46.4198,21.5425,49.6241,0,100,88,79,1670,3504,2.20099,0,11.0964,2.95807,0,3400,7655780710
52.9727,18.8777,49.6241,0,100,88,79,1670,3504,2.20099,0,11.0964,2.95807,0,3400,7674660182
44.0884,22.6817,49.6241,0,100,88,79,1670,3504,2.20099,0,11.0964,2.95807,0,3400,7697341325
51.2615,19.5078,49.6241,0,100,88,79,1670,3504,2.20099,0,11.0964,2.95807,0,3400,7716850505
51.2585,19.509,49.6241,0,100,88,79,1670,3504,2.20099,0,11.0964,2.95807,0,3400,7736359883
52.6934,18.9777,49.6241,0,100,88,79,1670,3504,2.20099,0,11.0964,2.95807,0,3400,7755339315
48.5487,20.5979,49.6241,0,100,88,79,1670,3504,2.20099,0,11.0964,2.95807,0,3400,7775936874
44.1806,22.6343,49.6241,0,100,88,79,1670,3504,2.20099,0,11.0964,2.95807,0,3400,7798573850
44.6405,22.4012,49.6241,0,100,88,79,1670,3504,2.20099,0,11.0964,2.95807,0,3400,7820998273
59.9148,16.6904,49.6241,0,100,88,79,1670,3504,2.20099,0,11.0964,2.95807,0,3400,7837667491
46.7552,21.388,49.6241,0,100,88,79,1670,3504,2.20099,0,11.0964,2.95807,0,3400,7859062186
53.8354,18.5751,50.5076,0,100,88,79,1670,3504,2.20099,0,11.0963,2.95807,0,3400,7877632703
46.9604,21.2945,50.5076,0,100,88,79,1670,3504,2.20099,0,11.0963,2.95807,0,3400,7898928384
49.2664,20.2978,50.5076,0,100,88,79,1670,3504,2.20099,0,11.0963,2.95807,0,3400,7919227596
50.2939,19.8831,50.5076,0,100,88,79,1670,3504,2.20099,0,11.0963,2.95807,0,3400,7939111330
41.4632,24.1178,50.5076,0,100,88,79,1670,3504,2.20099,0,11.0963,2.95807,0,3400,7963230579
55.6891,17.9568,50.5076,0,100,88,79,1670,3504,2.20099,0,11.0963,2.95807,0,3400,7981188778
39.5139,25.3075,50.5076,0,100,88,79,1670,3504,2.20099,0,11.0963,2.95807,0,3400,8006498337
58.1749,17.1895,50.5076,0,100,88,79,1670,3504,2.20099,0,11.0963,2.95807,0,3400,8023688516
48.5525,20.5963,50.5076,0,100,88,79,1670,3504,2.20099,0,11.0963,2.95807,0,3400,8044286583
41.7472,23.9537,50.5076,0,100,88,79,1670,3504,2.20099,0,11.0963,2.95807,0,3400,8068240426
54.9599,18.1951,50.5076,0,100,88,79,1670,3504,2.20099,0,11.0963,2.95807,0,3400,8086436732
41.8386,23.9014,50.5076,0,100,88,79,1670,3504,2.20099,0,11.0963,2.95807,0,3400,8110339862
48.0051,20.8311,50.5076,0,100,88,79,1670,3504,2.20099,0,11.0963,2.95807,0,3400,8131171612
41.3768,24.1681,50.5076,0,100,88,79,1670,3504,2.20099,0,11.0963,2.95807,0,3400,8155340402
43.0165,23.2469,50.5076,0,100,88,79,1670,3504,2.20099,0,11.0963,2.95807,0,3400,8178588568
48.0523,20.8107,50.5076,0,100,88,79,1670,3504,2.20099,0,11.0963,2.95807,0,3400,8199401449
45.0882,22.1788,50.5076,0,100,88,79,1670,3504,2.20099,0,11.0963,2.95807,0,3400,8221581068
43.1853,23.156,50.5076,0,100,88,79,1670,3504,2.20099,0,11.0963,2.95807,0,3400,8244738497
43.9521,22.7521,50.5076,0,100,88,79,1670,3504,2.20099,0,11.0963,2.95807,0,3400,8267492229
33.1726,30.1454,50.5076,0,100,88,79,1670,3504,2.20099,0,11.0963,2.95807,0,3400,8297651982
40.5732,24.6468,50.5076,0,100,88,79,1670,3504,2.20099,0,11.0963,2.95807,0,3400,8322306412
39.9695,25.019,50.5076,0,100,88,79,1670,3504,2.20099,0,11.0963,2.95807,0,3400,8347327249
46.8973,21.3232,50.5076,0,100,88,79,1670,3504,2.20099,0,11.0963,2.95807,0,3400,8368678712
34.9694,28.5964,61.25,0,100,86,79,1661,3504,2.20099,0,11.0963,2.95807,0,1758,8397270700
38.0592,26.2749,61.25,0,100,86,79,1661,3504,2.20099,0,11.0963,2.95807,0,1758,8423548557
73.1154,13.677,61.25,0,100,86,79,1661,3504,2.20099,0,11.0963,2.95807,0,1758,8437227213
40.564,24.6524,61.25,0,100,86,79,1661,3504,2.20099,0,11.0963,2.95807,0,1758,8461880251
43.2675,23.1121,61.25,0,100,86,79,1661,3504,2.20099,0,11.0963,2.95807,0,1758,8485014315
41.9923,23.8139,61.25,0,100,86,79,1661,3504,2.20099,0,11.0963,2.95807,0,1758,8508829299
48.049,20.8121,61.25,0,100,86,79,1661,3504,2.20099,0,11.0963,2.95807,0,1758,8529642532
45.6231,21.9187,61.25,0,100,86,79,1661,3504,2.20099,0,11.0963,2.95807,0,1758,8551562842
41.3136,24.2051,61.25,0,100,86,79,1661,3504,2.20099,0,11.0963,2.95807,0,1758,8575747516
43.9369,22.7599,61.25,0,100,86,79,1661,3504,2.20099,0,11.0963,2.95807,0,1758,8598509279
41.3617,24.1769,61.25,0,100,86,79,1661,3504,2.20099,0,11.0963,2.95807,0,1758,8622685782
41.0214,24.3775,61.25,0,100,86,79,1661,3504,2.20099,0,11.0963,2.95807,0,1758,8647064465
40.6434,24.6042,61.25,0,100,86,79,1661,3504,2.20099,0,11.0963,2.95807,0,1758,8671671109
46.2138,21.6385,61.25,0,100,86,79,1661,3504,2.20099,0,11.0963,2.95807,0,1758,8693309994
46.1769,21.6558,61.25,0,100,86,79,1661,3504,2.20099,0,11.0963,2.95807,0,1758,8714966450
37.8448,26.4237,61.25,0,100,86,79,1661,3504,2.20099,0,11.0963,2.95807,0,1758,8741412963
39.9624,25.0235,61.25,0,100,86,79,1661,3504,2.20099,0,11.0963,2.95807,0,1758,8766416174
44.4708,22.4867,61.25,0,100,86,79,1661,3504,2.20099,0,11.0963,2.95807,0,1758,8788904096
39.9198,25.0502,61.25,0,100,86,79,1661,3504,2.20099,0,11.0963,2.95807,0,1758,8813955005
49.8557,20.0579,61.25,0,100,86,79,1661,3504,2.20099,0,11.0963,2.95807,0,1758,8834014442
41.7024,23.9794,61.25,0,100,86,79,1661,3504,2.20099,0,11.0963,2.95807,0,1758,8857995003
50.9333,19.6335,61.25,0,100,86,79,1661,3504,2.20099,0,11.0963,2.95807,0,1758,8877657195
40.6096,24.6247,73.9348,0,100,86,76,1470,3504,2.20099,0,11.0968,2.95807,0,1775,8902277120
40.3014,24.813,73.9348,0,100,86,76,1470,3504,2.20099,0,11.0968,2.95807,0,1775,8927090796
48.1166,20.7828,73.9348,0,100,86,76,1470,3504,2.20099,0,11.0968,2.95807,0,1775,8947895812
36.428,27.4514,73.9348,0,100,86,76,1470,3504,2.20099,0,11.0968,2.95807,0,1775,8975348931
54.4194,18.3758,73.9348,0,100,86,76,1470,3504,2.20099,0,11.0968,2.95807,0,1775,8993726108
36.9358,27.074,73.9348,0,100,86,76,1470,3504,2.20099,0,11.0968,2.95807,0,1775,9020802129
36.8739,27.1195,73.9348,0,100,86,76,1470,3504,2.20099,0,11.0968,2.95807,0,1775,9047921780
45.0304,22.2072,73.9348,0,100,86,76,1470,3504,2.20099,0,11.0968,2.95807,0,1775,9070130871
37.2632,26.8362,73.9348,0,100,86,76,1470,3504,2.20099,0,11.0968,2.95807,0,1775,9096989549
53.1403,18.8181,73.9348,0,100,86,76,1470,3504,2.20099,0,11.0968,2.95807,0,1775,9115812609
40.2454,24.8476,73.9348,0,100,86,76,1470,3504,2.20099,0,11.0968,2.95807,0,1775,9140637154
43.3138,23.0873,73.9348,0,100,86,76,1470,3504,2.20099,0,11.0968,2.95807,0,1775,9163725225
43.3507,23.0677,73.9348,0,100,86,76,1470,3504,2.20099,0,11.0968,2.95807,0,1775,9186793784
42.3262,23.626,73.9348,0,100,86,76,1470,3504,2.20099,0,11.0968,2.95807,0,1775,9210421506
41.0755,24.3454,73.9348,0,100,86,76,1470,3504,2.20099,0,11.0968,2.95807,0,1775,9234768734
45.4591,21.9978,73.9348,0,100,86,76,1470,3504,2.20099,0,11.0968,2.95807,0,1775,9256766465
39.59,25.2589,73.9348,0,100,86,76,1470,3504,2.20099,0,11.0968,2.95807,0,1775,9282027977
37.0834,26.9662,73.9348,0,100,86,76,1470,3504,2.20099,0,11.0968,2.95807,0,1775,9308994950
45.2726,22.0884,73.9348,0,100,86,76,1470,3504,2.20099,0,11.0968,2.95807,0,1775,9331084514
35.4737,28.1899,73.9348,0,100,86,76,1470,3504,2.20099,0,11.0968,2.95807,0,1775,9359297059
60.9485,16.4073,73.9348,0,100,86,76,1470,3504,2.20099,0,11.0968,2.95807,0,1775,9375682858
44.5683,22.4375,73.9348,0,100,86,76,1470,3504,2.20099,0,11.0968,2.95807,0,1775,9398145742
41.7992,23.9239,78.4314,0,100,84,75,1417,3504,2.20099,0,11.0968,2.95807,0,1839,9422047646
50.0516,19.9794,78.4314,0,100,84,75,1417,3504,2.20099,0,11.0968,2.95807,0,1839,9442041488
35.8685,27.8796,78.4314,0,100,84,75,1417,3504,2.20099,0,11.0968,2.95807,0,1839,9469909320
45.5511,21.9534,78.4314,0,100,84,75,1417,3504,2.20099,0,11.0968,2.95807,0,1839,9491882402
37.3715,26.7583,78.4314,0,100,84,75,1417,3504,2.20099,0,11.0968,2.95807,0,1839,9518625348
59.7267,16.7429,78.4314,0,100,84,75,1417,3504,2.20099,0,11.0968,2.95807,0,1839,9535368467
37.7814,26.4681,78.4314,0,100,84,75,1417,3504,2.20099,0,11.0968,2.95807,0,1839,9561837248
37.0544,26.9874,78.4314,0,100,84,75,1417,3504,2.20099,0,11.0968,2.95807,0,1839,9588825258
44.1458,22.6522,78.4314,0,100,84,75,1417,3504,2.20099,0,11.0968,2.95807,0,1839,9611479437
45.8963,21.7883,78.4314,0,100,84,75,1417,3504,2.20099,0,11.0968,2.95807,0,1839,9633314976
49.592,20.1645,78.4314,0,100,84,75,1417,3504,2.20099,0,11.0968,2.95807,0,1839,9653432956
44.34,22.553,78.4314,0,100,84,75,1417,3504,2.20099,0,11.0968,2.95807,0,1839,9675987630
40.8306,24.4914,78.4314,0,100,84,75,1417,3504,2.20099,0,11.0968,2.95807,0,1839,9700479874
36.0156,27.7657,78.4314,0,100,84,75,1417,3504,2.20099,0,11.0968,2.95807,0,1839,9728247542
44.677,22.3829,78.4314,0,100,84,75,1417,3504,2.20099,0,11.0968,2.95807,0,1839,9750653336
43.7886,22.837,78.4314,0,100,84,75,1417,3504,2.20099,0,11.0968,2.95807,0,1839,9773470821
34.7166,28.8046,78.4314,0,100,84,75,1417,3504,2.20099,0,11.0968,2.95807,0,1839,9802297780
46.5794,21.4687,78.4314,0,100,84,75,1417,3504,2.20099,0,11.0968,2.95807,0,1839,9823768153
41.2063,24.2681,78.4314,0,100,84,75,1417,3504,2.20099,0,11.0968,2.95807,0,1839,9848048945
50.5537,19.7809,78.4314,0,100,84,75,1417,3504,2.20099,0,11.0968,2.95807,0,1839,9867818611
42.3699,23.6017,78.4314,0,100,84,75,1417,3504,2.20099,0,11.0968,2.95807,0,1839,9891442477
45.9827,21.7473,78.4314,0,100,84,75,1417,3504,2.20099,0,11.0968,2.95807,0,1839,9913175847
40.2131,24.8675,78.3042,0,100,84,75,1417,3504,2.20099,0,11.0895,2.95807,0,1749,9938038546
40.5812,24.6419,78.3042,0,100,84,75,1417,3504,2.20099,0,11.0895,2.95807,0,1749,9962683100
42.1218,23.7407,78.3042,0,100,84,75,1417,3504,2.20099,0,11.0895,2.95807,0,1749,9986423336
40.433,24.7323,78.3042,0,100,84,75,1417,3504,2.20099,0,11.0895,2.95807,0,1749,10011177515
39.8597,25.088,78.3042,0,100,84,75,1417,3504,2.20099,0,11.0895,2.95807,0,1749,10036266288
49.6367,20.1464,78.3042,0,100,84,75,1417,3504,2.20099,0,11.0895,2.95807,0,1749,10056415456
37.576,26.6127,78.3042,0,100,84,75,1417,3504,2.20099,0,11.0895,2.95807,0,1749,10083028373
48.0404,20.8158,78.3042,0,100,84,75,1417,3504,2.20099,0,11.0895,2.95807,0,1749,10103866502
38.9554,25.6704,78.3042,0,100,84,75,1417,3504,2.20099,0,11.0895,2.95807,0,1749,10129517867
38.2285,26.1585,78.3042,0,100,84,75,1417,3504,2.20099,0,11.0895,2.95807,0,1749,10155698044
52.0238,19.222,78.3042,0,100,84,75,1417,3504,2.20099,0,11.0895,2.95807,0,1749,10174922165
37.4168,26.726,78.3042,0,100,84,75,1417,3504,2.20099,0,11.0895,2.95807,0,1749,10201651678
41.9738,23.8244,78.3042,0,100,84,75,1417,3504,2.20099,0,11.0895,2.95807,0,1749,10225473703
42.1762,23.71,78.3042,0,100,84,75,1417,3504,2.20099,0,11.0895,2.95807,0,1749,10249185449
46.5573,21.4789,78.3042,0,100,84,75,1417,3504,2.20099,0,11.0895,2.95807,0,1749,10270666208
37.6786,26.5403,78.3042,0,100,84,75,1417,3504,2.20099,0,11.0895,2.95807,0,1749,10297207807
37.7778,26.4706,78.3042,0,100,84,75,1417,3504,2.20099,0,11.0895,2.95807,0,1749,10323679256
41.7643,23.9439,78.3042,0,100,84,75,1417,3504,2.20099,0,11.0895,2.95807,0,1749,10347646407
45.3395,22.0558,78.3042,0,100,84,75,1417,3504,2.20099,0,11.0895,2.95807,0,1749,10369703393
59.9742,16.6738,78.3042,0,100,84,75,1417,3504,2.20099,0,11.0895,2.95807,0,1749,10386377255
30.8341,32.4317,78.3042,0,100,84,75,1417,3504,2.20099,0,11.0895,2.95807,0,1749,10418815350
44.7991,22.3219,78.6765,0,99,84,75,1417,3504,2.20099,0,11.0897,2.95807,0,1779,10441133716
44.9832,22.2305,78.6765,0,99,84,75,1417,3504,2.20099,0,11.0897,2.95807,0,1779,10463365090
44.508,22.4679,78.6765,0,99,84,75,1417,3504,2.20099,0,11.0897,2.95807,0,1779,10485855238
42.2579,23.6642,78.6765,0,99,84,75,1417,3504,2.20099,0,11.0897,2.95807,0,1779,10509500384
34.5444,28.9482,78.6765,0,99,84,75,1417,3504,2.20099,0,11.0897,2.95807,0,1779,10538449914
49.8918,20.0434,78.6765,0,99,84,75,1417,3504,2.20099,0,11.0897,2.95807,0,1779,10558515867
46.1031,21.6905,78.6765,0,99,84,75,1417,3504,2.20099,0,11.0897,2.95807,0,1779,10580186447
35.9368,27.8266,78.6765,0,99,84,75,1417,3504,2.20099,0,11.0897,2.95807,0,1779,10608014552
33.8802,29.5158,78.6765,0,99,84,75,1417,3504,2.20099,0,11.0897,2.95807,0,1779,10637553430
25.0734,39.8829,78.6765,0,99,84,75,1417,3504,2.20099,0,11.0897,2.95807,0,1779,10677423718
26.5907,37.6071,78.6765,0,99,84,75,1417,3504,2.20099,0,11.0897,2.95807,0,1779,10715024664
27.9281,35.8062,78.6765,0,99,84,75,1417,3504,2.20099,0,11.0897,2.95807,0,1779,10750831615
23.6542,42.2758,78.6765,0,99,84,75,1417,3504,2.20099,0,11.0897,2.95807,0,1779,10793108658
28.1537,35.5193,78.6765,0,99,84,75,1417,3504,2.20099,0,11.0897,2.95807,0,1779,10828629059
45.3258,22.0625,78.6765,0,99,84,75,1417,3504,2.20099,0,11.0897,2.95807,0,1779,10850721649
24.4773,40.8542,78.6765,0,99,84,75,1417,3504,2.20099,0,11.0897,2.95807,0,1779,10891548414
34.3828,29.0843,78.6765,0,99,84,75,1417,3504,2.20099,0,11.0897,2.95807,0,1779,10920638623
20.754,48.1834,88.1612,0,100,84,75,1417,3504,2.20099,0,11.0895,2.95807,0,1740,10968819248
29.8775,33.4701,88.1612,0,100,84,75,1417,3504,2.20099,0,11.0895,2.95807,0,1740,11002290927
49.2273,20.3139,88.1612,0,100,84,75,1417,3504,2.20099,0,11.0895,2.95807,0,1740,11022606210
21.9808,45.4944,88.1612,0,100,84,75,1417,3504,2.20099,0,11.0895,2.95807,0,1740,11068107083
21.5149,46.4793,88.1612,0,100,84,75,1417,3504,2.20099,0,11.0895,2.95807,0,1740,11114582074
37.1433,26.9228,88.1612,0,100,84,75,1417,3504,2.20099,0,11.0895,2.95807,0,1740,11141506064
40.7872,24.5175,88.1612,0,100,84,75,1417,3504,2.20099,0,11.0895,2.95807,0,1740,11166046412
37.6142,26.5857,88.1612,0,100,84,75,1417,3504,2.20099,0,11.0895,2.95807,0,1740,11192633728
36.6655,27.2736,88.1612,0,100,84,75,1417,3504,2.20099,0,11.0895,2.95807,0,1740,11219929197
47.259,21.16,88.1612,0,100,84,75,1417,3504,2.20099,0,11.0895,2.95807,0,1740,11241090370
29.923,33.4191,88.1612,0,100,84,75,1417,3504,2.20099,0,11.0895,2.95807,0,1740,11274511723
38.1181,26.2343,88.1612,0,100,84,75,1417,3504,2.20099,0,11.0895,2.95807,0,1740,11300779767
41.0541,24.3581,88.1612,0,100,84,75,1417,3504,2.20099,0,11.0895,2.95807,0,1740,11325128423
43.012,23.2494,88.1612,0,100,84,75,1417,3504,2.20099,0,11.0895,2.95807,0,1740,11348357389
34.4793,29.0029,88.1612,0,100,84,75,1417,3504,2.20099,0,11.0895,2.95807,0,1740,11377360980
36.6994,27.2484,88.1612,0,100,84,75,1417,3504,2.20099,0,11.0895,2.95807,0,1740,11404610374
31.7143,31.5315,88.1612,0,100,84,75,1417,3504,2.20099,0,11.0895,2.95807,0,1740,11436167214
41.6569,24.0056,83.6634,0,100,85,75,1417,3504,2.20099,0,11.0892,2.95807,0,1778,11460184871
35.5106,28.1606,83.6634,0,100,85,75,1417,3504,2.20099,0,11.0892,2.95807,0,1778,11488354087
34.6187,28.8861,83.6634,0,100,85,75,1417,3504,2.20099,0,11.0892,2.95807,0,1778,11517221722
42.9898,23.2613,83.6634,0,100,85,75,1417,3504,2.20099,0,11.0892,2.95807,0,1778,11540484404
39.3895,25.3875,83.6634,0,100,85,75,1417,3504,2.20099,0,11.0892,2.95807,0,1778,11565872737
31.8097,31.4369,83.6634,0,100,85,75,1417,3504,2.20099,0,11.0892,2.95807,0,1778,11597310654
44.2846,22.5812,83.6634,0,100,85,75,1417,3504,2.20099,0,11.0892,2.95807,0,1778,11619894734
42.6713,23.435,83.6634,0,100,85,75,1417,3504,2.20099,0,11.0892,2.95807,0,1778,11643329701
40.6178,24.6198,83.6634,0,100,85,75,1417,3504,2.20099,0,11.0892,2.95807,0,1778,11667952456
37.4754,26.6842,83.6634,0,100,85,75,1417,3504,2.20099,0,11.0892,2.95807,0,1778,11694636439
28.6975,34.8463,83.6634,0,100,85,75,1417,3504,2.20099,0,11.0892,2.95807,0,1778,11729484152
27.5172,36.3409,83.6634,0,100,85,75,1417,3504,2.20099,0,11.0892,2.95807,0,1778,11765826929
58.412,17.1198,83.6634,0,100,85,75,1417,3504,2.20099,0,11.0892,2.95807,0,1778,11782947471
50.3407,19.8646,83.6634,0,100,85,75,1417,3504,2.20099,0,11.0892,2.95807,0,1778,11802812831
21.7868,45.8993,83.6634,0,100,85,75,1417,3504,2.20099,0,11.0892,2.95807,0,1778,11848712536
34.7483,28.7784,83.6634,0,100,85,75,1417,3504,2.20099,0,11.0892,2.95807,0,1778,11877492897
32.2924,30.967,83.6634,0,100,85,75,1417,3504,2.20099,0,11.0892,2.95807,0,1778,11908463272
29.9124,33.431,83.6634,0,100,85,75,1417,3504,2.20099,0,11.0892,2.95807,0,1778,11941929108
27.2435,36.706,80.5063,0,80,85,74,1476,3504,2.20099,0,11.0899,2.95807,0,1840,11978601151
30.3727,32.9243,80.5063,0,80,85,74,1476,3504,2.20099,0,11.0899,2.95807,0,1840,12011525178
26.4953,37.7426,80.5063,0,80,85,74,1476,3504,2.20099,0,11.0899,2.95807,0,1840,12049268988
30.7984,32.4692,80.5063,0,80,85,74,1476,3504,2.20099,0,11.0899,2.95807,0,1840,12081739510
37.0297,27.0053,80.5063,0,80,85,74,1476,3504,2.20099,0,11.0899,2.95807,0,1840,12108766745
34.155,29.2783,80.5063,0,80,85,74,1476,3504,2.20099,0,11.0899,2.95807,0,1840,12138025365
27.637,36.1833,80.5063,0,80,85,74,1476,3504,2.20099,0,11.0899,2.95807,0,1840,12174212431
36.5449,27.3636,80.5063,0,80,85,74,1476,3504,2.20099,0,11.0899,2.95807,0,1840,12201596653
33.6018,29.7603,80.5063,0,80,85,74,1476,3504,2.20099,0,11.0899,2.95807,0,1840,12231337789
29.5393,33.8532,80.5063,0,80,85,74,1476,3504,2.20099,0,11.0899,2.95807,0,1840,12265191410
25.4195,39.34,80.5063,0,80,85,74,1476,3504,2.20099,0,11.0899,2.95807,0,1840,12304533761
23.869,41.8953,80.5063,0,80,85,74,1476,3504,2.20099,0,11.0899,2.95807,0,1840,12346429162
35.3564,28.2834,80.5063,0,80,85,74,1476,3504,2.20099,0,11.0899,2.95807,0,1840,12374735071
27.9905,35.7264,80.5063,0,80,85,74,1476,3504,2.20099,0,11.0899,2.95807,0,1840,12410441151
24.3516,41.065,80.5063,0,80,85,74,1476,3504,2.20099,0,11.0899,2.95807,0,1840,12451535280
39.3404,25.4192,86.6005,0,84,85,74,1474,3504,2.20099,0,11.0899,2.95807,0,1747,12476949463
30.023,33.3078,86.6005,0,84,85,74,1474,3504,2.20099,0,11.0899,2.95807,0,1747,12510238003
25.1174,39.813,86.6005,0,84,85,74,1474,3504,2.20099,0,11.0899,2.95807,0,1747,12550073563
23.7277,42.1449,86.6005,0,84,85,74,1474,3504,2.20099,0,11.0899,2.95807,0,1747,12592220413
28.5868,34.9811,86.6005,0,84,85,74,1474,3504,2.20099,0,11.0899,2.95807,0,1747,12627202464
24.9546,40.0727,86.6005,0,84,85,74,1474,3504,2.20099,0,11.0899,2.95807,0,1747,12667275851
24.8667,40.2144,86.6005,0,84,85,74,1474,3504,2.20099,0,11.0899,2.95807,0,1747,12707492147
26.238,38.1127,86.6005,0,84,85,74,1474,3504,2.20099,0,11.0899,2.95807,0,1747,12745607133
22.4592,44.5252,86.6005,0,84,85,74,1474,3504,2.20099,0,11.0899,2.95807,0,1747,12790134195
37.8728,26.4042,86.6005,0,84,85,74,1474,3504,2.20099,0,11.0899,2.95807,0,1747,12816559743
29.3308,34.0938,86.6005,0,84,85,74,1474,3504,2.20099,0,11.0899,2.95807,0,1747,12850635087
36.5031,27.3949,86.6005,0,84,85,74,1474,3504,2.20099,0,11.0899,2.95807,0,1747,12878052493
31.0916,32.163,86.6005,0,84,85,74,1474,3504,2.20099,0,11.0899,2.95807,0,1747,12910213158
29.3821,34.0343,86.6005,0,84,85,74,1474,3504,2.20099,0,11.0899,2.95807,0,1747,12944231454
33.045,30.2617,86.6005,0,84,85,74,1474,3504,2.20099,0,11.0899,2.95807,0,1747,12974497375
29.2328,34.2081,84.6535,0,84,85,74,1474,3504,2.20099,0,11.0899,2.95807,0,1836,13008704475
44.3099,22.5683,84.6535,0,84,85,74,1474,3504,2.20099,0,11.0899,2.95807,0,1836,13031272676
26.2763,38.057,84.6535,0,84,85,74,1474,3504,2.20099,0,11.0899,2.95807,0,1836,13069331049
47.3482,21.1201,84.6535,0,84,85,74,1474,3504,2.20099,0,11.0899,2.95807,0,1836,13090452396
32.0911,31.1613,84.6535,0,84,85,74,1474,3504,2.20099,0,11.0899,2.95807,0,1836,13121615806
34.4728,29.0084,84.6535,0,84,85,74,1474,3504,2.20099,0,11.0899,2.95807,0,1836,13150645908
26.9048,37.1681,84.6535,0,84,85,74,1474,3504,2.20099,0,11.0899,2.95807,0,1836,13187836860
23.8626,41.9066,84.6535,0,84,85,74,1474,3504,2.20099,0,11.0899,2.95807,0,1836,13229724224
29.1373,34.3202,84.6535,0,84,85,74,1474,3504,2.20099,0,11.0899,2.95807,0,1836,13264047115
30.7159,32.5564,84.6535,0,84,85,74,1474,3504,2.20099,0,11.0899,2.95807,0,1836,13296603349
27.155,36.8256,84.6535,0,84,85,74,1474,3504,2.20099,0,11.0899,2.95807,0,1836,13333430360
34.3534,29.1092,84.6535,0,84,85,74,1474,3504,2.20099,0,11.0899,2.95807,0,1836,13362560541
30.4074,32.8867,84.6535,0,84,85,74,1474,3504,2.20099,0,11.0899,2.95807,0,1836,13395449313
36.1428,27.668,84.6535,0,84,85,74,1474,3504,2.20099,0,11.0899,2.95807,0,1836,13423116321
27.9333,35.7995,84.6535,0,84,85,74,1474,3504,2.20099,0,11.0899,2.95807,0,1836,13458917913
38.6751,25.8564,84.6535,0,84,85,74,1474,3504,2.20099,0,11.0899,2.95807,0,1836,13484801441
32.9382,30.3598,78.66,0,69,84,74,1552,3504,2.20099,0,11.09,2.95807,0,1890,13515144148
32.9121,30.384,78.66,0,69,84,74,1552,3504,2.20099,0,11.09,2.95807,0,1890,13545521215
35.4563,28.2037,78.66,0,69,84,74,1552,3504,2.20099,0,11.09,2.95807,0,1890,13573726499
28.2017,35.4588,78.66,0,69,84,74,1552,3504,2.20099,0,11.09,2.95807,0,1890,13609187457
38.8701,25.7267,78.66,0,69,84,74,1552,3504,2.20099,0,11.09,2.95807,0,1890,13634915515
26.3876,37.8966,78.66,0,69,84,74,1552,3504,2.20099,0,11.09,2.95807,0,1890,13672812433
44.6998,22.3715,78.66,0,69,84,74,1552,3504,2.20099,0,11.09,2.95807,0,1890,13695206036
21.907,45.6476,78.66,0,69,84,74,1552,3504,2.20099,0,11.09,2.95807,0,1890,13740853872
54.1928,18.4526,78.66,0,69,84,74,1552,3504,2.20099,0,11.09,2.95807,0,1890,13759287815
32.1049,31.1479,78.66,0,69,84,74,1552,3504,2.20099,0,11.09,2.95807,0,1890,13790436570
40.8752,24.4647,78.66,0,69,84,74,1552,3504,2.20099,0,11.09,2.95807,0,1890,13814923634
33.8212,29.5673,78.66,0,69,84,74,1552,3504,2.20099,0,11.09,2.95807,0,1890,13844492007
31.4625,31.7839,78.66,0,69,84,74,1552,3504,2.20099,0,11.09,2.95807,0,1890,13876255333
26.219,38.1402,78.66,0,69,84,74,1552,3504,2.20099,0,11.09,2.95807,0,1890,13914397693
38.0355,26.2912,78.66,0,69,84,74,1552,3504,2.20099,0,11.09,2.95807,0,1890,13940690041
56.9779,17.5507,78.66,0,69,84,74,1552,3504,2.20099,0,11.09,2.95807,0,1890,13958263095
27.1049,36.8937,78.66,0,69,84,74,1552,3504,2.20099,0,11.09,2.95807,0,1890,13995139907
28.3904,35.2231,79.7468,0,69,84,74,1552,3504,2.20099,0,11.0934,2.95807,0,1753,14030361019
28.8302,34.6858,79.7468,0,69,84,74,1552,3504,2.20099,0,11.0934,2.95807,0,1753,14065048962
55.2692,18.0933,79.7468,0,69,84,74,1552,3504,2.20099,0,11.0934,2.95807,0,1753,14083164244
35.9696,27.8012,79.7468,0,69,84,74,1552,3504,2.20099,0,11.0934,2.95807,0,1753,14111019667
33.7879,29.5964,79.7468,0,69,84,74,1552,3504,2.20099,0,11.0934,2.95807,0,1753,14140565025
28.4115,35.197,79.7468,0,69,84,74,1552,3504,2.20099,0,11.0934,2.95807,0,1753,14175742292
47.1849,21.1932,79.7468,0,69,84,74,1552,3504,2.20099,0,11.0934,2.95807,0,1753,14196935956
32.5709,30.7022,79.7468,0,69,84,74,1552,3504,2.20099,0,11.0934,2.95807,0,1753,14227640447
26.6012,37.5923,79.7468,0,69,84,74,1552,3504,2.20099,0,11.0934,2.95807,0,1753,14265233426
40.9623,24.4127,79.7468,0,69,84,74,1552,3504,2.20099,0,11.0934,2.95807,0,1753,14289647451
26.9803,37.0641,79.7468,0,69,84,74,1552,3504,2.20099,0,11.0934,2.95807,0,1753,14326712975
35.7593,27.9647,79.7468,0,69,84,74,1552,3504,2.20099,0,11.0934,2.95807,0,1753,14354678853
31.4489,31.7976,79.7468,0,69,84,74,1552,3504,2.20099,0,11.0934,2.95807,0,1753,14386478192
33.8559,29.537,79.7468,0,69,84,74,1552,3504,2.20099,0,11.0934,2.95807,0,1753,14416016117
29.2261,34.216,79.7468,0,69,84,74,1552,3504,2.20099,0,11.0934,2.95807,0,1753,14450234002
57.4984,17.3918,79.7468,0,69,84,74,1552,3504,2.20099,0,11.0934,2.95807,0,1753,14467625452
29.9173,33.4255,79.7468,0,69,84,74,1552,3504,2.20099,0,11.0934,2.95807,0,1753,14501076763
33.1404,30.1747,78.7179,0,78,84,74,1490,3504,2.20099,0,11.0936,2.95807,0,1822,14531251732
32.4538,30.813,78.7179,0,78,84,74,1490,3504,2.20099,0,11.0936,2.95807,0,1822,14562064281
36.3676,27.497,78.7179,0,78,84,74,1490,3504,2.20099,0,11.0936,2.95807,0,1822,14589584326
39.7894,25.1323,78.7179,0,78,84,74,1490,3504,2.20099,0,11.0936,2.95807,0,1822,14614718042
27.4259,36.4619,78.7179,0,78,84,74,1490,3504,2.20099,0,11.0936,2.95807,0,1822,14651182952
34.6746,28.8396,78.7179,0,78,84,74,1490,3504,2.20099,0,11.0936,2.95807,0,1822,14680035803
37.1392,26.9258,78.7179,0,78,84,74,1490,3504,2.20099,0,11.0936,2.95807,0,1822,14706971000
36.9061,27.0958,78.7179,0,78,84,74,1490,3504,2.20099,0,11.0936,2.95807,0,1822,14734047915
25.6156,39.0388,78.7179,0,78,84,74,1490,3504,2.20099,0,11.0936,2.95807,0,1822,14773088125
25.6603,38.9707,78.7179,0,78,84,74,1490,3504,2.20099,0,11.0936,2.95807,0,1822,14812059719
47.4081,21.0935,78.7179,0,78,84,74,1490,3504,2.20099,0,11.0936,2.95807,0,1822,14833154906
34.2845,29.1677,78.7179,0,78,84,74,1490,3504,2.20099,0,11.0936,2.95807,0,1822,14862345420
29.6365,33.7421,78.7179,0,78,84,74,1490,3504,2.20099,0,11.0936,2.95807,0,1822,14896088620
31.5644,31.6812,78.7179,0,78,84,74,1490,3504,2.20099,0,11.0936,2.95807,0,1822,14927770288
31.7148,31.531,78.7179,0,78,84,74,1490,3504,2.20099,0,11.0936,2.95807,0,1822,14959302966
40.2067,24.8715,78.7179,0,78,84,74,1490,3504,2.20099,0,11.0936,2.95807,0,1822,14984176160
34.6575,28.8538,78.7179,0,78,84,74,1490,3504,2.20099,0,11.0936,2.95807,0,1822,15013062735
21.4811,46.5524,79.6569,0,78,84,74,1490,3504,2.20099,0,11.0936,2.95807,0,1806,15059585612
28.3291,35.2994,79.6569,0,78,84,74,1490,3504,2.20099,0,11.0936,2.95807,0,1806,15094886728
41.2047,24.2691,79.6569,0,78,84,74,1490,3504,2.20099,0,11.0936,2.95807,0,1806,15119158070
34.5263,28.9634,79.6569,0,78,84,74,1490,3504,2.20099,0,11.0936,2.95807,0,1806,15148122825
24.3188,41.1204,79.6569,0,78,84,74,1490,3504,2.20099,0,11.0936,2.95807,0,1806,15189244348
41.5741,24.0535,79.6569,0,78,84,74,1490,3504,2.20099,0,11.0936,2.95807,0,1806,15213299610
32.6606,30.6179,79.6569,0,78,84,74,1490,3504,2.20099,0,11.0936,2.95807,0,1806,15243918559
32.7215,30.5609,79.6569,0,78,84,74,1490,3504,2.20099,0,11.0936,2.95807,0,1806,15274480682
33.1412,30.174,79.6569,0,78,84,74,1490,3504,2.20099,0,11.0936,2.95807,0,1806,15304676377
32.4556,30.8113,79.6569,0,78,84,74,1490,3504,2.20099,0,11.0936,2.95807,0,1806,15335466988
30.3744,32.9225,79.6569,0,78,84,74,1490,3504,2.20099,0,11.0936,2.95807,0,1806,15368391051
27.5428,36.3072,79.6569,0,78,84,74,1490,3504,2.20099,0,11.0936,2.95807,0,1806,15404720324
46.6256,21.4475,79.6569,0,78,84,74,1490,3504,2.20099,0,11.0936,2.95807,0,1806,15426147923
29.9516,33.3871,79.6569,0,78,84,74,1490,3504,2.20099,0,11.0936,2.95807,0,1806,15459537578
30.9586,32.3012,79.6569,0,78,84,74,1490,3504,2.20099,0,11.0936,2.95807,0,1806,15491847509
38.1761,26.1944,79.6569,0,78,84,74,1490,3504,2.20099,0,11.0936,2.95807,0,1806,15518061879
24.8451,40.2493,85.8911,0,82,85,74,1477,3504,2.20099,0,11.0938,2.95807,0,1788,15558309435
36.8555,27.133,85.8911,0,82,85,74,1477,3504,2.20099,0,11.0938,2.95807,0,1788,15585444414
32.2202,31.0365,85.8911,0,82,85,74,1477,3504,2.20099,0,11.0938,2.95807,0,1788,15616480887
38.1105,26.2395,85.8911,0,82,85,74,1477,3504,2.20099,0,11.0938,2.95807,0,1788,15642742853
24.1373,41.4297,85.8911,0,82,85,74,1477,3504,2.20099,0,11.0938,2.95807,0,1788,15684151045
60.5072,16.527,85.8911,0,82,85,74,1477,3504,2.20099,0,11.0938,2.95807,0,1788,15700679855
20.7307,48.2377,85.8911,0,82,85,74,1477,3504,2.20099,0,11.0938,2.95807,0,1788,15748919201
46.3114,21.5929,85.8911,0,82,85,74,1477,3504,2.20099,0,11.0938,2.95807,0,1788,15770513543
38.5634,25.9313,85.8911,0,82,85,74,1477,3504,2.20099,0,11.0938,2.95807,0,1788,15796449402
31.2449,32.0052,85.8911,0,82,85,74,1477,3504,2.20099,0,11.0938,2.95807,0,1788,15828453552
24.5898,40.6672,85.8911,0,82,85,74,1477,3504,2.20099,0,11.0938,2.95807,0,1788,15869144303
33.2562,30.0695,85.8911,0,82,85,74,1477,3504,2.20099,0,11.0938,2.95807,0,1788,15899193143
30.3275,32.9733,85.8911,0,82,85,74,1477,3504,2.20099,0,11.0938,2.95807,0,1788,15932168146
26.9883,37.0531,85.8911,0,82,85,74,1477,3504,2.20099,0,11.0938,2.95807,0,1788,15969221339
28.4799,35.1125,85.8911,0,82,85,74,1477,3504,2.20099,0,11.0938,2.95807,0,1788,16004358395
45.4119,22.0207,85.8911,0,82,85,74,1477,3504,2.20099,0,11.0938,2.95807,0,1788,16026383092
38.4774,25.9893,85.0374,0,77,85,74,1522,3504,2.20099,0,11.0946,2.95807,0,1834,16052348051
28.5433,35.0345,85.0374,0,77,85,74,1522,3504,2.20099,0,11.0946,2.95807,0,1834,16087384378
31.0197,32.2376,85.0374,0,77,85,74,1522,3504,2.20099,0,11.0946,2.95807,0,1834,16119622742
33.4384,29.9057,85.0374,0,77,85,74,1522,3504,2.20099,0,11.0946,2.95807,0,1834,16149531507
29.1015,34.3624,85.0374,0,77,85,74,1522,3504,2.20099,0,11.0946,2.95807,0,1834,16183894720
28.2713,35.3715,85.0374,0,77,85,74,1522,3504,2.20099,0,11.0946,2.95807,0,1834,16219266991
28.3839,35.2313,85.0374,0,77,85,74,1522,3504,2.20099,0,11.0946,2.95807,0,1834,16254499259
29.3132,34.1143,85.0374,0,77,85,74,1522,3504,2.20099,0,11.0946,2.95807,0,1834,16288614481
31.0065,32.2513,85.0374,0,77,85,74,1522,3504,2.20099,0,11.0946,2.95807,0,1834,16320867679
30.5844,32.6964,85.0374,0,77,85,74,1522,3504,2.20099,0,11.0946,2.95807,0,1834,16353567010
32.1349,31.1188,85.0374,0,77,85,74,1522,3504,2.20099,0,11.0946,2.95807,0,1834,16384686208
30.0578,33.2692,85.0374,0,77,85,74,1522,3504,2.20099,0,11.0946,2.95807,0,1834,16417956950
43.1447,23.1778,85.0374,0,77,85,74,1522,3504,2.20099,0,11.0946,2.95807,0,1834,16441135618
39.2276,25.4922,85.0374,0,77,85,74,1522,3504,2.20099,0,11.0946,2.95807,0,1834,16466628805
40.4115,24.7454,85.0374,0,77,85,74,1522,3504,2.20099,0,11.0946,2.95807,0,1834,16491376263
27.6182,36.2081,85.0374,0,77,85,74,1522,3504,2.20099,0,11.0946,2.95807,0,1834,16527592321
24.9167,40.1338,81.2821,0,77,85,74,1522,3504,2.20099,0,11.1404,2.95807,0,1803,16567720882
38.4817,25.9863,81.2821,0,77,85,74,1522,3504,2.20099,0,11.1404,2.95807,0,1803,16593708516
29.6086,33.774,81.2821,0,77,85,74,1522,3504,2.20099,0,11.1404,2.95807,0,1803,16627483723
32.1284,31.1251,81.2821,0,77,85,74,1522,3504,2.20099,0,11.1404,2.95807,0,1803,16658644505
42.5405,23.507,81.2821,0,77,85,74,1522,3504,2.20099,0,11.1404,2.95807,0,1803,16682117670
29.1281,34.3311,81.2821,0,77,85,74,1522,3504,2.20099,0,11.1404,2.95807,0,1803,16716452085
26.6066,37.5846,81.2821,0,77,85,74,1522,3504,2.20099,0,11.1404,2.95807,0,1803,16754036628
35.1981,28.4106,81.2821,0,77,85,74,1522,3504,2.20099,0,11.1404,2.95807,0,1803,16782448820
34.9167,28.6396,81.2821,0,77,85,74,1522,3504,2.20099,0,11.1404,2.95807,0,1803,16811114605
26.4362,37.827,81.2821,0,77,85,74,1522,3504,2.20099,0,11.1404,2.95807,0,1803,16848964076
51.5331,19.405,81.2821,0,77,85,74,1522,3504,2.20099,0,11.1404,2.95807,0,1803,16868349769
32.1482,31.1059,81.2821,0,77,85,74,1522,3504,2.20099,0,11.1404,2.95807,0,1803,16899456364
28.8463,34.6665,81.2821,0,77,85,74,1522,3504,2.20099,0,11.1404,2.95807,0,1803,16934122967
29.6379,33.7406,81.2821,0,77,85,74,1522,3504,2.20099,0,11.1404,2.95807,0,1803,16967866014
19.7776,50.5621,81.2821,0,77,85,74,1522,3504,2.20099,0,11.1404,2.95807,0,1803,17018429829
39.6524,25.2192,81.2821,0,77,85,74,1522,3504,2.20099,0,11.1404,2.95807,0,1803,17043675199
28.5176,35.0661,83.8791,0,75,85,74,1505,3504,2.20099,0,11.1615,2.95807,0,1775,17078717636
29.7413,33.6233,83.8791,0,75,85,74,1505,3504,2.20099,0,11.1615,2.95807,0,1775,17112344523
43.3668,23.0591,83.8791,0,75,85,74,1505,3504,2.20099,0,11.1615,2.95807,0,1775,17135402267
30.0291,33.301,83.8791,0,75,85,74,1505,3504,2.20099,0,11.1615,2.95807,0,1775,17168704899
26.7526,37.3795,83.8791,0,75,85,74,1505,3504,2.20099,0,11.1615,2.95807,0,1775,17206084849
35.9852,27.7892,83.8791,0,75,85,74,1505,3504,2.20099,0,11.1615,2.95807,0,1775,17233875512
26.8456,37.2501,83.8791,0,75,85,74,1505,3504,2.20099,0,11.1615,2.95807,0,1775,17271148303
39.7636,25.1486,83.8791,0,75,85,74,1505,3504,2.20099,0,11.1615,2.95807,0,1775,17296298018
20.4254,48.9585,83.8791,0,75,85,74,1505,3504,2.20099,0,11.1615,2.95807,0,1775,17345258131
33.7722,29.6101,83.8791,0,75,85,74,1505,3504,2.20099,0,11.1615,2.95807,0,1775,17374889707
27.7732,36.0059,83.8791,0,75,85,74,1505,3504,2.20099,0,11.1615,2.95807,0,1775,17410876884
27.167,36.8094,83.8791,0,75,85,74,1505,3504,2.20099,0,11.1615,2.95807,0,1775,17447687579
23.1431,43.2093,83.8791,0,75,85,74,1505,3504,2.20099,0,11.1615,2.95807,0,1775,17490919631
65.064,15.3695,83.8791,0,75,85,74,1505,3504,2.20099,0,11.1615,2.95807,0,1775,17506282031
35.057,28.525,83.8791,0,75,85,74,1505,3504,2.20099,0,11.1615,2.95807,0,1775,17534795164
40.1109,24.9309,83.8791,0,75,85,74,1505,3504,2.20099,0,11.1615,2.95807,0,1775,17559732725
36.0071,27.7723,87.6263,0,75,85,74,1505,3504,2.20099,0,11.162,2.95807,0,1888,17587500879
35.7249,27.9917,87.6263,0,75,85,74,1505,3504,2.20099,0,11.162,2.95807,0,1888,17615493226
32.2145,31.042,87.6263,0,75,85,74,1505,3504,2.20099,0,11.162,2.95807,0,1888,17646536475
35.6526,28.0485,87.6263,0,75,85,74,1505,3504,2.20099,0,11.162,2.95807,0,1888,17674587200
36.7179,27.2347,87.6263,0,75,85,74,1505,3504,2.20099,0,11.162,2.95807,0,1888,17701844219
35.0585,28.5238,87.6263,0,75,85,74,1505,3504,2.20099,0,11.162,2.95807,0,1888,17730347759
30.6031,32.6765,87.6263,0,75,85,74,1505,3504,2.20099,0,11.162,2.95807,0,1888,17763047357
39.6082,25.2473,87.6263,0,75,85,74,1505,3504,2.20099,0,11.162,2.95807,0,1888,17788296625
42.4021,23.5837,87.6263,0,75,85,74,1505,3504,2.20099,0,11.162,2.95807,0,1888,17811881105
29.0013,34.4812,87.6263,0,75,85,74,1505,3504,2.20099,0,11.162,2.95807,0,1888,17846364966
38.8542,25.7373,87.6263,0,75,85,74,1505,3504,2.20099,0,11.162,2.95807,0,1888,17872102787
30.2358,33.0734,87.6263,0,75,85,74,1505,3504,2.20099,0,11.162,2.95807,0,1888,17905177226
34.5315,28.959,87.6263,0,75,85,74,1505,3504,2.20099,0,11.162,2.95807,0,1888,17934137212
21.8308,45.8069,87.6263,0,75,85,74,1505,3504,2.20099,0,11.162,2.95807,0,1888,17979979867
35.5843,28.1023,87.6263,0,75,85,74,1505,3504,2.20099,0,11.162,2.95807,0,1888,18008083900
32.0503,31.2009,87.6263,0,75,85,74,1505,3504,2.20099,0,11.162,2.95807,0,1888,18039252622
29.1229,34.3373,87.6263,0,75,85,74,1505,3504,2.20099,0,11.162,2.95807,0,1888,18073594469
23.7233,42.1527,84.6914,0,71,85,74,1551,3504,2.20099,0,11.162,2.95807,0,1733,18115766935
43.8013,22.8304,84.6914,0,71,85,74,1551,3504,2.20099,0,11.162,2.95807,0,1733,18138575562
32.7508,30.5336,84.6914,0,71,85,74,1551,3504,2.20099,0,11.162,2.95807,0,1733,18169131106
22.4419,44.5594,84.6914,0,71,85,74,1551,3504,2.20099,0,11.162,2.95807,0,1733,18213692800
45.6309,21.915,84.6914,0,71,85,74,1551,3504,2.20099,0,11.162,2.95807,0,1733,18235628676
27.6391,36.1806,84.6914,0,71,85,74,1551,3504,2.20099,0,11.162,2.95807,0,1733,18271790344
23.0574,43.37,84.6914,0,71,85,74,1551,3504,2.20099,0,11.162,2.95807,0,1733,18315161436
39.9742,25.0161,84.6914,0,71,85,74,1551,3504,2.20099,0,11.162,2.95807,0,1733,18340198670
18.5445,53.9244,84.6914,0,71,85,74,1551,3504,2.20099,0,11.162,2.95807,0,1733,18394146265
94.293,10.6052,84.6914,0,71,85,74,1551,3504,2.20099,0,11.162,2.95807,0,1733,18404732160
29.957,33.3812,84.6914,0,71,85,74,1551,3504,2.20099,0,11.162,2.95807,0,1733,18438114687
28.4318,35.1719,84.6914,0,71,85,74,1551,3504,2.20099,0,11.162,2.95807,0,1733,18473287474
41.8136,23.9156,84.6914,0,71,85,74,1551,3504,2.20099,0,11.162,2.95807,0,1733,18497205319
49.7749,20.0905,84.6914,0,71,85,74,1551,3504,2.20099,0,11.162,2.95807,0,1733,18517317774
43.5199,22.978,84.6914,0,71,85,74,1551,3504,2.20099,0,11.162,2.95807,0,1733,18540297386
37.0356,27.0011,84.6914,0,71,85,74,1551,3504,2.20099,0,11.162,2.95807,0,1733,18567279069
23.6335,42.3129,84.6914,0,71,85,74,1551,3504,2.20099,0,11.162,2.95807,0,1733,18609597045
30.9351,32.3257,86.506,0,71,84,74,1551,3504,2.20099,0,11.1376,2.95807,0,1730,18641920659
47.53,21.0393,86.506,0,71,84,74,1551,3504,2.20099,0,11.1376,2.95807,0,1730,18662960521
50.7201,19.716,86.506,0,71,84,74,1551,3504,2.20099,0,11.1376,2.95807,0,1730,18682678537
28.5531,35.0224,86.506,0,71,84,74,1551,3504,2.20099,0,11.1376,2.95807,0,1730,18717703080
34.1372,29.2936,86.506,0,71,84,74,1551,3504,2.20099,0,11.1376,2.95807,0,1730,18746997620
48.7591,20.509,86.506,0,71,84,74,1551,3504,2.20099,0,11.1376,2.95807,0,1730,18767507324
33.297,30.0327,86.506,0,71,84,74,1551,3504,2.20099,0,11.1376,2.95807,0,1730,18797540468
39.7226,25.1746,86.506,0,71,84,74,1551,3504,2.20099,0,11.1376,2.95807,0,1730,18822717256
45.1797,22.1338,86.506,0,71,84,74,1551,3504,2.20099,0,11.1376,2.95807,0,1730,18844876028
48.4577,20.6366,86.506,0,71,84,74,1551,3504,2.20099,0,11.1376,2.95807,0,1730,18865491682
34.207,29.2337,86.506,0,71,84,74,1551,3504,2.20099,0,11.1376,2.95807,0,1730,18894726523
51.931,19.2563,86.506,0,71,84,74,1551,3504,2.20099,0,11.1376,2.95807,0,1730,18913983879
59.3377,16.8527,86.506,0,71,84,74,1551,3504,2.20099,0,11.1376,2.95807,0,1730,18930836450
41.367,24.1739,86.506,0,71,84,74,1551,3504,2.20099,0,11.1376,2.95807,0,1730,18955013729
36.2102,27.6166,86.506,0,71,84,74,1551,3504,2.20099,0,11.1376,2.95807,0,1730,18982630171
51.6404,19.3647,86.506,0,71,84,74,1551,3504,2.20099,0,11.1376,2.95807,0,1730,19001996115
45.3578,22.0469,86.506,0,71,84,74,1551,3504,2.20099,0,11.1376,2.95807,0,1730,19024052044
44.0975,22.677,86.506,0,71,84,74,1551,3504,2.20099,0,11.1376,2.95807,0,1730,19046731634
40.7469,24.5417,86.506,0,71,84,74,1551,3504,2.20099,0,11.1376,2.95807,0,1730,19071274949
45.0146,22.215,86.506,0,71,84,74,1551,3504,2.20099,0,11.1376,2.95807,0,1730,19093490596
43.8156,22.8229,86.506,0,71,84,74,1551,3504,2.20099,0,11.1376,2.95807,0,1730,19116317322
50.5105,19.7979,83.715,0,73,84,74,1529,3504,2.20099,0,11.1301,2.95807,0,1723,19136112847
34.9429,28.6181,83.715,0,73,84,74,1529,3504,2.20099,0,11.1301,2.95807,0,1723,19164754702
42.9616,23.2766,83.715,0,73,84,74,1529,3504,2.20099,0,11.1301,2.95807,0,1723,19188028822
45.6648,21.8987,83.715,0,73,84,74,1529,3504,2.20099,0,11.1301,2.95807,0,1723,19209932975
38.2341,26.1547,83.715,0,73,84,74,1529,3504,2.20099,0,11.1301,2.95807,0,1723,19236067164
38.8681,25.728,83.715,0,73,84,74,1529,3504,2.20099,0,11.1301,2.95807,0,1723,19261817879
35.7262,27.9906,83.715,0,73,84,74,1529,3504,2.20099,0,11.1301,2.95807,0,1723,19289788119
44.4239,22.5104,83.715,0,73,84,74,1529,3504,2.20099,0,11.1301,2.95807,0,1723,19312300076
41.2417,24.2473,83.715,0,73,84,74,1529,3504,2.20099,0,11.1301,2.95807,0,1723,19336571842
52.8521,18.9207,83.715,0,73,84,74,1529,3504,2.20099,0,11.1301,2.95807,0,1723,19355483336
50.1078,19.957,83.715,0,73,84,74,1529,3504,2.20099,0,11.1301,2.95807,0,1723,19375427744
41.6867,23.9885,83.715,0,73,84,74,1529,3504,2.20099,0,11.1301,2.95807,0,1723,19399417722
45.675,21.8938,83.715,0,73,84,74,1529,3504,2.20099,0,11.1301,2.95807,0,1723,19421334922
44.0197,22.7171,83.715,0,73,84,74,1529,3504,2.20099,0,11.1301,2.95807,0,1723,19444031815
39.6481,25.2219,83.715,0,73,84,74,1529,3504,2.20099,0,11.1301,2.95807,0,1723,19469255237
45.1933,22.1272,83.715,0,73,84,74,1529,3504,2.20099,0,11.1301,2.95807,0,1723,19491405129
43.3944,23.0444,83.715,0,73,84,74,1529,3504,2.20099,0,11.1301,2.95807,0,1723,19514447134
45.8652,21.803,83.715,0,73,84,74,1529,3504,2.20099,0,11.1301,2.95807,0,1723,19536232989
40.431,24.7335,83.715,0,73,84,74,1529,3504,2.20099,0,11.1301,2.95807,0,1723,19560988953
43.5949,22.9384,83.715,0,73,84,74,1529,3504,2.20099,0,11.1301,2.95807,0,1723,19583908180
42.8705,23.3261,83.715,0,73,84,74,1529,3504,2.20099,0,11.1301,2.95807,0,1723,19607234246
43.8619,22.7988,83.715,0,73,84,74,1529,3504,2.20099,0,11.1301,2.95807,0,1723,19630036014
49.6389,20.1455,77.6156,0,92,84,74,1420,3504,2.20099,0,11.1303,2.95807,0,1732,19650181277
38.8888,25.7144,77.6156,0,92,84,74,1420,3504,2.20099,0,11.1303,2.95807,0,1732,19675896989
47.1785,21.1961,77.6156,0,92,84,74,1420,3504,2.20099,0,11.1303,2.95807,0,1732,19697115258
38.5884,25.9146,77.6156,0,92,84,74,1420,3504,2.20099,0,11.1303,2.95807,0,1732,19723010522
41.2802,24.2247,77.6156,0,92,84,74,1420,3504,2.20099,0,11.1303,2.95807,0,1732,19747235916
46.8245,21.3563,77.6156,0,92,84,74,1420,3504,2.20099,0,11.1303,2.95807,0,1732,19768592666
41.8088,23.9184,77.6156,0,92,84,74,1420,3504,2.20099,0,11.1303,2.95807,0,1732,19792513256
41.2636,24.2344,77.6156,0,92,84,74,1420,3504,2.20099,0,11.1303,2.95807,0,1732,19816748851
40.8064,24.506,77.6156,0,92,84,74,1420,3504,2.20099,0,11.1303,2.95807,0,1732,19841257036
45.3266,22.0621,77.6156,0,92,84,74,1420,3504,2.20099,0,11.1303,2.95807,0,1732,19863319262
38.1284,26.2272,77.6156,0,92,84,74,1420,3504,2.20099,0,11.1303,2.95807,0,1732,19889548559
42.7187,23.4089,77.6156,0,92,84,74,1420,3504,2.20099,0,11.1303,2.95807,0,1732,19912958773
44.5411,22.4512,77.6156,0,92,84,74,1420,3504,2.20099,0,11.1303,2.95807,0,1732,19935411113
41.4999,24.0965,77.6156,0,92,84,74,1420,3504,2.20099,0,11.1303,2.95807,0,1732,19959529955
46.3674,21.5669,77.6156,0,92,84,74,1420,3504,2.20099,0,11.1303,2.95807,0,1732,19981111496
46.6405,21.4406,77.6156,0,92,84,74,1420,3504,2.20099,0,11.1303,2.95807,0,1732,20002540796
37.7971,26.4571,77.6156,0,92,84,74,1420,3504,2.20099,0,11.1303,2.95807,0,1732,20028999858
44.8287,22.3071,77.6156,0,92,84,74,1420,3504,2.20099,0,11.1303,2.95807,0,1732,20051307239
46.8955,21.324,77.6156,0,92,84,74,1420,3504,2.20099,0,11.1303,2.95807,0,1732,20072633151
42.7378,23.3985,77.6156,0,92,84,74,1420,3504,2.20099,0,11.1303,2.95807,0,1732,20096031791
41.0499,24.3606,77.6156,0,92,84,74,1420,3504,2.20099,0,11.1303,2.95807,0,1732,20120394311
39.2047,25.5071,77.6156,0,92,84,74,1420,3504,2.20099,0,11.1303,2.95807,0,1732,20145925889
53.0738,18.8417,73.0769,0,100,84,74,1417,3504,2.20099,0,11.1303,2.95807,0,1837,20164743804
42.7701,23.3808,73.0769,0,100,84,74,1417,3504,2.20099,0,11.1303,2.95807,0,1837,20188147775
33.704,29.6701,73.0769,0,100,84,74,1417,3504,2.20099,0,11.1303,2.95807,0,1837,20217819692
43.7321,22.8665,73.0769,0,100,84,74,1417,3504,2.20099,0,11.1303,2.95807,0,1837,20240686515
49.7773,20.0895,73.0769,0,100,84,74,1417,3504,2.20099,0,11.1303,2.95807,0,1837,20260797465
37.0215,27.0113,73.0769,0,100,84,74,1417,3504,2.20099,0,11.1303,2.95807,0,1837,20287810187
46.6411,21.4403,73.0769,0,100,84,74,1417,3504,2.20099,0,11.1303,2.95807,0,1837,20309230882
33.8339,29.5562,73.0769,0,100,84,74,1417,3504,2.20099,0,11.1303,2.95807,0,1837,20338787232
54.174,18.4591,73.0769,0,100,84,74,1417,3504,2.20099,0,11.1303,2.95807,0,1837,20357269890
55.6712,17.9626,73.0769,0,100,84,74,1417,3504,2.20099,0,11.1303,2.95807,0,1837,20375213600
40.4352,24.7309,73.0769,0,100,84,74,1417,3504,2.20099,0,11.1303,2.95807,0,1837,20399944970
43.3728,23.0559,73.0769,0,100,84,74,1417,3504,2.20099,0,11.1303,2.95807,0,1837,20423002469
42.2985,23.6415,73.0769,0,100,84,74,1417,3504,2.20099,0,11.1303,2.95807,0,1837,20446644300
42.4271,23.5698,73.0769,0,100,84,74,1417,3504,2.20099,0,11.1303,2.95807,0,1837,20470216278
32.4439,30.8224,73.0769,0,100,84,74,1417,3504,2.20099,0,11.1303,2.95807,0,1837,20501040557
49.2475,20.3056,73.0769,0,100,84,74,1417,3504,2.20099,0,11.1303,2.95807,0,1837,20521368092
44.8673,22.2879,73.0769,0,100,84,74,1417,3504,2.20099,0,11.1303,2.95807,0,1837,20543635355
36.6877,27.2571,73.0769,0,100,84,74,1417,3504,2.20099,0,11.1303,2.95807,0,1837,20570894492
49.8445,20.0624,73.0769,0,100,84,74,1417,3504,2.20099,0,11.1303,2.95807,0,1837,20590983250
42.1234,23.7398,73.0769,0,100,84,74,1417,3504,2.20099,0,11.1303,2.95807,0,1837,20614701195
39.8976,25.0642,73.0769,0,100,84,74,1417,3504,2.20099,0,11.1303,2.95807,0,1837,20639767149
45.5886,21.9353,73.0769,0,100,84,74,1417,3504,2.20099,0,11.1303,2.95807,0,1837,20661703518
38.2342,26.1546,73.2057,0,100,83,74,1417,3504,2.20099,0,11.1452,2.95807,0,1768,20687858614
42.6856,23.4271,73.2057,0,100,83,74,1417,3504,2.20099,0,11.1452,2.95807,0,1768,20711288085
33.189,30.1304,73.2057,0,100,83,74,1417,3504,2.20099,0,11.1452,2.95807,0,1768,20741425933
45.9712,21.7528,73.2057,0,100,83,74,1417,3504,2.20099,0,11.1452,2.95807,0,1768,20763174649
46.268,21.6132,73.2057,0,100,83,74,1417,3504,2.20099,0,11.1452,2.95807,0,1768,20784801543
43.522,22.9769,73.2057,0,100,83,74,1417,3504,2.20099,0,11.1452,2.95807,0,1768,20807768245
36.9409,27.0702,73.2057,0,100,83,74,1417,3504,2.20099,0,11.1452,2.95807,0,1768,20834839756
47.3768,21.1074,73.2057,0,100,83,74,1417,3504,2.20099,0,11.1452,2.95807,0,1768,20855948128
48.0268,20.8217,73.2057,0,100,83,74,1417,3504,2.20099,0,11.1452,2.95807,0,1768,20876770334
41.3318,24.1945,73.2057,0,100,83,74,1417,3504,2.20099,0,11.1452,2.95807,0,1768,20900966531
37.17,26.9035,73.2057,0,100,83,74,1417,3504,2.20099,0,11.1452,2.95807,0,1768,20927893832
47.1485,21.2096,73.2057,0,100,83,74,1417,3504,2.20099,0,11.1452,2.95807,0,1768,20949095722
42.8159,23.3558,73.2057,0,100,83,74,1417,3504,2.20099,0,11.1452,2.95807,0,1768,20972439877
38.2472,26.1457,73.2057,0,100,83,74,1417,3504,2.20099,0,11.1452,2.95807,0,1768,20998586589
50.5959,19.7645,73.2057,0,100,83,74,1417,3504,2.20099,0,11.1452,2.95807,0,1768,21018353109
43.1382,23.1813,73.2057,0,100,83,74,1417,3504,2.20099,0,11.1452,2.95807,0,1768,21041557302
37.1869,26.8912,73.2057,0,100,83,74,1417,3504,2.20099,0,11.1452,2.95807,0,1768,21068449440
44.8263,22.3083,73.2057,0,100,83,74,1417,3504,2.20099,0,11.1452,2.95807,0,1768,21090758682
44.6174,22.4128,73.2057,0,100,83,74,1417,3504,2.20099,0,11.1452,2.95807,0,1768,21113173791
49.381,20.2507,73.2057,0,100,83,74,1417,3504,2.20099,0,11.1452,2.95807,0,1768,21133424830
38.5363,25.9496,73.2057,0,100,83,74,1417,3504,2.20099,0,11.1452,2.95807,0,1768,21159397348
36.8374,27.1463,73.2057,0,100,83,74,1417,3504,2.20099,0,11.1452,2.95807,0,1768,21186547006
52.2468,19.1399,74.6305,0,100,83,74,1417,3504,2.20099,0,11.1452,2.95807,0,1717,21205665424
42.4097,23.5795,74.6305,0,100,83,74,1417,3504,2.20099,0,11.1452,2.95807,0,1717,21229245610
42.7095,23.414,74.6305,0,100,83,74,1417,3504,2.20099,0,11.1452,2.95807,0,1717,21252681974
40.4888,24.6982,74.6305,0,100,83,74,1417,3504,2.20099,0,11.1452,2.95807,0,1717,21277403278
38.5735,25.9245,74.6305,0,100,83,74,1417,3504,2.20099,0,11.1452,2.95807,0,1717,21303328935
40.2562,24.8409,74.6305,0,100,83,74,1417,3504,2.20099,0,11.1452,2.95807,0,1717,21328191790
39.4695,25.336,74.6305,0,100,83,74,1417,3504,2.20099,0,11.1452,2.95807,0,1717,21353542299
51.57,19.3911,74.6305,0,100,83,74,1417,3504,2.20099,0,11.1452,2.95807,0,1717,21372942673
34.1173,29.3106,74.6305,0,100,83,74,1417,3504,2.20099,0,11.1452,2.95807,0,1717,21402233967
48.0346,20.8183,74.6305,0,100,83,74,1417,3504,2.20099,0,11.1452,2.95807,0,1717,21423052303
42.9738,23.27,74.6305,0,100,83,74,1417,3504,2.20099,0,11.1452,2.95807,0,1717,21446323003
46.3802,21.5609,74.6305,0,100,83,74,1417,3504,2.20099,0,11.1452,2.95807,0,1717,21467885504
44.5985,22.4223,74.6305,0,100,83,74,1417,3504,2.20099,0,11.1452,2.95807,0,1717,21490308881
27.7529,36.0323,74.6305,0,100,83,74,1417,3504,2.20099,0,11.1452,2.95807,0,1717,21526363186
55.2453,18.1011,74.6305,0,100,83,74,1417,3504,2.20099,0,11.1452,2.95807,0,1717,21544444949
56.327,17.7535,74.6305,0,100,83,74,1417,3504,2.20099,0,11.1452,2.95807,0,1717,21562199139
38.129,26.2268,74.6305,0,100,83,74,1417,3504,2.20099,0,11.1452,2.95807,0,1717,21588427627
44.225,22.6117,74.6305,0,100,83,74,1417,3504,2.20099,0,11.1452,2.95807,0,1717,21611040786
32.7827,30.5039,74.6305,0,100,83,74,1417,3504,2.20099,0,11.1452,2.95807,0,1717,21641546302
59.2523,16.877,74.6305,0,100,83,74,1417,3504,2.20099,0,11.1452,2.95807,0,1717,21658424438
48.4916,20.6221,74.6305,0,100,83,74,1417,3504,2.20099,0,11.1452,2.95807,0,1717,21679047680
42.8883,23.3164,74.6305,0,100,83,74,1417,3504,2.20099,0,11.1452,2.95807,0,1717,21702371814
42.9645,23.275,77.3067,0,100,83,74,1417,3504,2.20099,0,11.1448,2.95807,0,1783,21725643396
31.8287,31.4182,77.3067,0,100,83,74,1417,3504,2.20099,0,11.1448,2.95807,0,1783,21757062506
54.7666,18.2593,77.3067,0,100,83,74,1417,3504,2.20099,0,11.1448,2.95807,0,1783,21775322456
35.8547,27.8903,77.3067,0,100,83,74,1417,3504,2.20099,0,11.1448,2.95807,0,1783,21803213141
39.6303,25.2332,77.3067,0,100,83,74,1417,3504,2.20099,0,11.1448,2.95807,0,1783,21828448520
53.5465,18.6754,77.3067,0,100,83,74,1417,3504,2.20099,0,11.1448,2.95807,0,1783,21847124839
44.7031,22.3698,77.3067,0,100,83,74,1417,3504,2.20099,0,11.1448,2.95807,0,1783,21869517514
41.8981,23.8675,77.3067,0,100,83,74,1417,3504,2.20099,0,11.1448,2.95807,0,1783,21893364228
36.3544,27.507,77.3067,0,100,83,74,1417,3504,2.20099,0,11.1448,2.95807,0,1783,21920872947
46.8394,21.3496,77.3067,0,100,83,74,1417,3504,2.20099,0,11.1448,2.95807,0,1783,21942244936
34.654,28.8567,77.3067,0,100,83,74,1417,3504,2.20099,0,11.1448,2.95807,0,1783,21971101987
44.1967,22.6261,77.3067,0,100,83,74,1417,3504,2.20099,0,11.1448,2.95807,0,1783,21993729907
46.7738,21.3795,77.3067,0,100,83,74,1417,3504,2.20099,0,11.1448,2.95807,0,1783,22015110753
40.7615,24.533,77.3067,0,100,83,74,1417,3504,2.20099,0,11.1448,2.95807,0,1783,22039645242
38.7544,25.8035,77.3067,0,100,83,74,1417,3504,2.20099,0,11.1448,2.95807,0,1783,22065449491
47.0629,21.2482,77.3067,0,100,83,74,1417,3504,2.20099,0,11.1448,2.95807,0,1783,22086719375
41.4428,24.1297,77.3067,0,100,83,74,1417,3504,2.20099,0,11.1448,2.95807,0,1783,22110828534
49.1279,20.355,77.3067,0,100,83,74,1417,3504,2.20099,0,11.1448,2.95807,0,1783,22131207035
39.0417,25.6136,77.3067,0,100,83,74,1417,3504,2.20099,0,11.1448,2.95807,0,1783,22156799946
37.4151,26.7272,77.3067,0,100,83,74,1417,3504,2.20099,0,11.1448,2.95807,0,1783,22183528970
48.7856,20.4978,77.3067,0,100,83,74,1417,3504,2.20099,0,11.1448,2.95807,0,1783,22204065656
42.9486,23.2836,73.2143,0,100,83,74,1417,3504,2.20099,0,11.1447,2.95807,0,1767,22227334054
44.0677,22.6924,73.2143,0,100,83,74,1417,3504,2.20099,0,11.1447,2.95807,0,1767,22250006942
39.5514,25.2835,73.2143,0,100,83,74,1417,3504,2.20099,0,11.1447,2.95807,0,1767,22275297464
36.836,27.1473,73.2143,0,100,83,74,1417,3504,2.20099,0,11.1447,2.95807,0,1767,22302438579
51.4317,19.4433,73.2143,0,100,83,74,1417,3504,2.20099,0,11.1447,2.95807,0,1767,22321884137
34.1516,29.2812,73.2143,0,100,83,74,1417,3504,2.20099,0,11.1447,2.95807,0,1767,22351166709
53.8889,18.5567,73.2143,0,100,83,74,1417,3504,2.20099,0,11.1447,2.95807,0,1767,22369723930
45.2551,22.0969,73.2143,0,100,83,74,1417,3504,2.20099,0,11.1447,2.95807,0,1767,22391822156
33.3985,29.9415,73.2143,0,100,83,74,1417,3504,2.20099,0,11.1447,2.95807,0,1767,22421764838
48.794,20.4943,73.2143,0,100,83,74,1417,3504,2.20099,0,11.1447,2.95807,0,1767,22442281097
43.1443,23.178,73.2143,0,100,83,74,1417,3504,2.20099,0,11.1447,2.95807,0,1767,22465470093
35.4606,28.2003,73.2143,0,100,83,74,1417,3504,2.20099,0,11.1447,2.95807,0,1767,22493641723
44.4907,22.4766,73.2143,0,100,83,74,1417,3504,2.20099,0,11.1447,2.95807,0,1767,22516140954
49.0841,20.3732,73.2143,0,100,83,74,1417,3504,2.20099,0,11.1447,2.95807,0,1767,22536494438
40.3213,24.8008,73.2143,0,100,83,74,1417,3504,2.20099,0,11.1447,2.95807,0,1767,22561317374
42.0218,23.7972,73.2143,0,100,83,74,1417,3504,2.20099,0,11.1447,2.95807,0,1767,22585094182
49.0629,20.382,73.2143,0,100,83,74,1417,3504,2.20099,0,11.1447,2.95807,0,1767,22605477701
42.809,23.3596,73.2143,0,100,83,74,1417,3504,2.20099,0,11.1447,2.95807,0,1767,22628837969
39.5688,25.2725,73.2143,0,100,83,74,1417,3504,2.20099,0,11.1447,2.95807,0,1767,22654133056
41.1742,24.287,73.2143,0,100,83,74,1417,3504,2.20099,0,11.1447,2.95807,0,1767,22678421006
46.7699,21.3813,73.2143,0,100,83,74,1417,3504,2.20099,0,11.1447,2.95807,0,1767,22699825084
39.6307,25.233,73.2143,0,100,83,74,1417,3504,2.20099,0,11.1447,2.95807,0,1767,22725085963
45.8835,21.7943,77.1357,0,100,83,74,1417,3504,2.20099,0,11.1447,2.95807,0,1740,22746854645
36.2375,27.5957,77.1357,0,100,83,74,1417,3504,2.20099,0,11.1447,2.95807,0,1740,22774451702
36.5894,27.3303,77.1357,0,100,83,74,1417,3504,2.20099,0,11.1447,2.95807,0,1740,22801806485
49.4535,20.221,77.1357,0,100,83,74,1417,3504,2.20099,0,11.1447,2.95807,0,1740,22822026549
39.1833,25.5211,77.1357,0,100,83,74,1417,3504,2.20099,0,11.1447,2.95807,0,1740,22847528338
47.9763,20.8436,77.1357,0,100,83,74,1417,3504,2.20099,0,11.1447,2.95807,0,1740,22868373431
42.7464,23.3938,77.1357,0,100,83,74,1417,3504,2.20099,0,11.1447,2.95807,0,1740,22891768666
46.0102,21.7343,77.1357,0,100,83,74,1417,3504,2.20099,0,11.1447,2.95807,0,1740,22913503193
40.8078,24.5051,77.1357,0,100,83,74,1417,3504,2.20099,0,11.1447,2.95807,0,1740,22938009321
34.9195,28.6373,77.1357,0,100,83,74,1417,3504,2.20099,0,11.1447,2.95807,0,1740,22966669260
52.771,18.9498,77.1357,0,100,83,74,1417,3504,2.20099,0,11.1447,2.95807,0,1740,22985619496
42.8137,23.357,77.1357,0,100,83,74,1417,3504,2.20099,0,11.1447,2.95807,0,1740,23008999039
37.9747,26.3333,77.1357,0,100,83,74,1417,3504,2.20099,0,11.1447,2.95807,0,1740,23035335377
37.2681,26.8326,77.1357,0,100,83,74,1417,3504,2.20099,0,11.1447,2.95807,0,1740,23062168691
52.7219,18.9675,77.1357,0,100,83,74,1417,3504,2.20099,0,11.1447,2.95807,0,1740,23081137596
36.7062,27.2434,77.1357,0,100,83,74,1417,3504,2.20099,0,11.1447,2.95807,0,1740,23108381888
44.5202,22.4617,77.1357,0,100,83,74,1417,3504,2.20099,0,11.1447,2.95807,0,1740,23130865611
43.4071,23.0377,77.1357,0,100,83,74,1417,3504,2.20099,0,11.1447,2.95807,0,1740,23153884188
39.1235,25.5601,77.1357,0,100,83,74,1417,3504,2.20099,0,11.1447,2.95807,0,1740,23179464362
34.2729,29.1775,77.1357,0,100,83,74,1417,3504,2.20099,0,11.1447,2.95807,0,1740,23208671215
34.5598,28.9354,77.1357,0,100,83,74,1417,3504,2.20099,0,11.1447,2.95807,0,1740,23237585193
30.6423,32.6346,76.8293,0,100,83,74,1417,3504,2.20099,0,11.1444,2.95807,0,1780,23270216744
36.0556,27.735,76.8293,0,100,83,74,1417,3504,2.20099,0,11.1444,2.95807,0,1780,23297974253
34.3531,29.1094,76.8293,0,100,83,74,1417,3504,2.20099,0,11.1444,2.95807,0,1780,23327065100
43.1424,23.1791,76.8293,0,100,83,74,1417,3504,2.20099,0,11.1444,2.95807,0,1780,23350246611
38.807,25.7686,76.8293,0,100,83,74,1417,3504,2.20099,0,11.1444,2.95807,0,1780,23376036531
33.3084,30.0225,76.8293,0,100,83,74,1417,3504,2.20099,0,11.1444,2.95807,0,1780,23406038083
38.2073,26.173,76.8293,0,100,83,74,1417,3504,2.20099,0,11.1444,2.95807,0,1780,23432212532
42.7975,23.3658,76.8293,0,100,83,74,1417,3504,2.20099,0,11.1444,2.95807,0,1780,23455580146
34.9169,28.6394,76.8293,0,100,83,74,1417,3504,2.20099,0,11.1444,2.95807,0,1780,23484220405
36.1739,27.6442,76.8293,0,100,83,74,1417,3504,2.20099,0,11.1444,2.95807,0,1780,23511867064
44.3901,22.5275,76.8293,0,100,83,74,1417,3504,2.20099,0,11.1444,2.95807,0,1780,23534416847
30.4073,32.8868,76.8293,0,100,83,74,1417,3504,2.20099,0,11.1444,2.95807,0,1780,23567304658
42.1955,23.6992,76.8293,0,100,83,74,1417,3504,2.20099,0,11.1444,2.95807,0,1780,23591026855
35.8062,27.9281,76.8293,0,100,83,74,1417,3504,2.20099,0,11.1444,2.95807,0,1780,23618947766
33.0582,30.2497,76.8293,0,100,83,74,1417,3504,2.20099,0,11.1444,2.95807,0,1780,23649199137
37.0529,26.9885,76.8293,0,100,83,74,1417,3504,2.20099,0,11.1444,2.95807,0,1780,23676189110
69.7411,14.3388,76.8293,0,100,83,74,1417,3504,2.20099,0,11.1444,2.95807,0,1780,23690528701
69.0619,14.4798,76.8293,0,100,83,74,1417,3504,2.20099,0,11.1444,2.95807,0,1780,23705009086
43.898,22.7801,76.8293,0,100,83,74,1417,3504,2.20099,0,11.1444,2.95807,0,1780,23727791880
37.3277,26.7897,76.8293,0,100,83,74,1417,3504,2.20099,0,11.1444,2.95807,0,1780,23754584102
43.1665,23.1661,77.8338,0,96,86,73,1437,3504,2.20099,0,11.1243,2.95807,0,3408,23777749562
44.1935,22.6278,77.8338,0,96,86,73,1437,3504,2.20099,0,11.1243,2.95807,0,3408,23800379567
44.203,22.6229,77.8338,0,96,86,73,1437,3504,2.20099,0,11.1243,2.95807,0,3408,23823004045
36.0352,27.7506,77.8338,0,96,86,73,1437,3504,2.20099,0,11.1243,2.95807,0,3408,23850756143
45.6912,21.886,77.8338,0,96,86,73,1437,3504,2.20099,0,11.1243,2.95807,0,3408,23872643008
41.811,23.9172,77.8338,0,96,86,73,1437,3504,2.20099,0,11.1243,2.95807,0,3408,23896561891
39.7434,25.1614,77.8338,0,96,86,73,1437,3504,2.20099,0,11.1243,2.95807,0,3408,23921723876
40.1307,24.9185,77.8338,0,96,86,73,1437,3504,2.20099,0,11.1243,2.95807,0,3408,23946644291
35.6554,28.0462,77.8338,0,96,86,73,1437,3504,2.20099,0,11.1243,2.95807,0,3408,23974691583
44.3514,22.5472,77.8338,0,96,86,73,1437,3504,2.20099,0,11.1243,2.95807,0,3408,23997240398
45.8798,21.7961,77.8338,0,96,86,73,1437,3504,2.20099,0,11.1243,2.95807,0,3408,24019037655
37.1685,26.9045,77.8338,0,96,86,73,1437,3504,2.20099,0,11.1243,2.95807,0,3408,24045942970
40.3669,24.7728,77.8338,0,96,86,73,1437,3504,2.20099,0,11.1243,2.95807,0,3408,24070717905
47.3827,21.1048,77.8338,0,96,86,73,1437,3504,2.20099,0,11.1243,2.95807,0,3408,24091823633
37.0394,26.9983,77.8338,0,96,86,73,1437,3504,2.20099,0,11.1243,2.95807,0,3408,24118823207
42.3637,23.6051,77.8338,0,96,86,73,1437,3504,2.20099,0,11.1243,2.95807,0,3408,24142430559
45.3867,22.0329,77.8338,0,96,86,73,1437,3504,2.20099,0,11.1243,2.95807,0,3408,24164464129
41.233,24.2524,77.8338,0,96,86,73,1437,3504,2.20099,0,11.1243,2.95807,0,3408,24188717888
42.1802,23.7078,77.8338,0,96,86,73,1437,3504,2.20099,0,11.1243,2.95807,0,3408,24212427950
35.7701,27.9563,77.8338,0,96,86,73,1437,3504,2.20099,0,11.1243,2.95807,0,3408,24240386024
51.0655,19.5827,77.8338,0,96,86,73,1437,3504,2.20099,0,11.1243,2.95807,0,3408,24259976672
42.8288,23.3488,54.3367,0,96,86,73,1437,3504,2.20099,0,11.1242,2.95807,0,3400,24283320034
38.2714,26.1291,54.3367,0,96,86,73,1437,3504,2.20099,0,11.1242,2.95807,0,3400,24309449896
40.3252,24.7984,54.3367,0,96,86,73,1437,3504,2.20099,0,11.1242,2.95807,0,3400,24334248262
37.4135,26.7283,54.3367,0,96,86,73,1437,3504,2.20099,0,11.1242,2.95807,0,3400,24360978430
51.8826,19.2743,54.3367,0,96,86,73,1437,3504,2.20099,0,11.1242,2.95807,0,3400,24380254756
39.2697,25.4649,54.3367,0,96,86,73,1437,3504,2.20099,0,11.1242,2.95807,0,3400,24405721542
40.87,24.4678,54.3367,0,96,86,73,1437,3504,2.20099,0,11.1242,2.95807,0,3400,24430189423
41.1485,24.3022,54.3367,0,96,86,73,1437,3504,2.20099,0,11.1242,2.95807,0,3400,24454493492
42.2951,23.6434,54.3367,0,96,86,73,1437,3504,2.20099,0,11.1242,2.95807,0,3400,24478176128
36.617,27.3097,54.3367,0,96,86,73,1437,3504,2.20099,0,11.1242,2.95807,0,3400,24505449038
43.4683,23.0053,54.3367,0,96,86,73,1437,3504,2.20099,0,11.1242,2.95807,0,3400,24528454202
41.4342,24.1346,54.3367,0,96,86,73,1437,3504,2.20099,0,11.1242,2.95807,0,3400,24552591569
38.8942,25.7108,54.3367,0,96,86,73,1437,3504,2.20099,0,11.1242,2.95807,0,3400,24578303962
39.0849,25.5853,54.3367,0,96,86,73,1437,3504,2.20099,0,11.1242,2.95807,0,3400,24603888872
41.6921,23.9854,54.3367,0,96,86,73,1437,3504,2.20099,0,11.1242,2.95807,0,3400,24627876517
41.0796,24.343,54.3367,0,96,86,73,1437,3504,2.20099,0,11.1242,2.95807,0,3400,24652220058
38.13,26.2261,54.3367,0,96,86,73,1437,3504,2.20099,0,11.1242,2.95807,0,3400,24678464034
41.9878,23.8165,54.3367,0,96,86,73,1437,3504,2.20099,0,11.1242,2.95807,0,3400,24702265388
36.7697,27.1963,54.3367,0,96,86,73,1437,3504,2.20099,0,11.1242,2.95807,0,3400,24729462435
43.7108,22.8777,54.3367,0,96,86,73,1437,3504,2.20099,0,11.1242,2.95807,0,3400,24752341771
41.4244,24.1404,54.3367,0,96,86,73,1437,3504,2.20099,0,11.1242,2.95807,0,3400,24776488725
38.3761,26.0579,53.4483,0,95,93,74,1422,3504,2.20099,0,11.1167,2.95807,0,3400,24802542069
40.7559,24.5363,53.4483,0,95,93,74,1422,3504,2.20099,0,11.1167,2.95807,0,3400,24827079452
44.4552,22.4945,53.4483,0,95,93,74,1422,3504,2.20099,0,11.1167,2.95807,0,3400,24849575065
38.4828,25.9856,53.4483,0,95,93,74,1422,3504,2.20099,0,11.1167,2.95807,0,3400,24875580351
39.299,25.446,53.4483,0,95,93,74,1422,3504,2.20099,0,11.1167,2.95807,0,3400,24901009688
41.4392,24.1317,53.4483,0,95,93,74,1422,3504,2.20099,0,11.1167,2.95807,0,3400,24925143057
33.4375,29.9065,53.4483,0,95,93,74,1422,3504,2.20099,0,11.1167,2.95807,0,3400,24955050156
44.9282,22.2577,53.4483,0,95,93,74,1422,3504,2.20099,0,11.1167,2.95807,0,3400,24977310145
46.471,21.5188,53.4483,0,95,93,74,1422,3504,2.20099,0,11.1167,2.95807,0,3400,24998830339
43.3416,23.0725,53.4483,0,95,93,74,1422,3504,2.20099,0,11.1167,2.95807,0,3400,25021904539
38.7844,25.7836,53.4483,0,95,93,74,1422,3504,2.20099,0,11.1167,2.95807,0,3400,25047689469
40.909,24.4445,53.4483,0,95,93,74,1422,3504,2.20099,0,11.1167,2.95807,0,3400,25072133225
36.4248,27.4538,53.4483,0,95,93,74,1422,3504,2.20099,0,11.1167,2.95807,0,3400,25099588602
45.9188,21.7776,53.4483,0,95,93,74,1422,3504,2.20099,0,11.1167,2.95807,0,3400,25121368603
36.5384,27.3685,53.4483,0,95,93,74,1422,3504,2.20099,0,11.1167,2.95807,0,3400,25148738454
43.0271,23.2412,53.4483,0,95,93,74,1422,3504,2.20099,0,11.1167,2.95807,0,3400,25171981761
42.9405,23.288,53.4483,0,95,93,74,1422,3504,2.20099,0,11.1167,2.95807,0,3400,25195270498
40.614,24.622,53.4483,0,95,93,74,1422,3504,2.20099,0,11.1167,2.95807,0,3400,25219894282
42.691,23.4241,53.4483,0,95,93,74,1422,3504,2.20099,0,11.1167,2.95807,0,3400,25243319389
38.9536,25.6716,53.4483,0,95,93,74,1422,3504,2.20099,0,11.1167,2.95807,0,3400,25268992343
40.8147,24.501,53.4483,0,95,93,74,1422,3504,2.20099,0,11.1167,2.95807,0,3400,25293499420
34.5594,28.9357,51.7073,0,100,93,74,1419,3504,2.20099,0,11.1166,2.95807,0,3401,25322432385
52.8186,18.9327,51.7073,0,100,93,74,1419,3504,2.20099,0,11.1166,2.95807,0,3401,25341366331
38.9043,25.7041,51.7073,0,100,93,74,1419,3504,2.20099,0,11.1166,2.95807,0,3401,25367071492
36.627,27.3022,51.7073,0,100,93,74,1419,3504,2.20099,0,11.1166,2.95807,0,3401,25394375339
44.7972,22.3228,51.7073,0,100,93,74,1419,3504,2.20099,0,11.1166,2.95807,0,3401,25416699079
42.6139,23.4665,51.7073,0,100,93,74,1419,3504,2.20099,0,11.1166,2.95807,0,3401,25440167746
43.0422,23.233,51.7073,0,100,93,74,1419,3504,2.20099,0,11.1166,2.95807,0,3401,25463401849
36.1958,27.6275,51.7073,0,100,93,74,1419,3504,2.20099,0,11.1166,2.95807,0,3401,25491030507
44.2306,22.6088,51.7073,0,100,93,74,1419,3504,2.20099,0,11.1166,2.95807,0,3401,25513641444
37.0917,26.9602,51.7073,0,100,93,74,1419,3504,2.20099,0,11.1166,2.95807,0,3401,25540602688
44.3769,22.5343,51.7073,0,100,93,74,1419,3504,2.20099,0,11.1166,2.95807,0,3401,25563137839
36.6152,27.311,51.7073,0,100,93,74,1419,3504,2.20099,0,11.1166,2.95807,0,3401,25590449454
48.1274,20.7782,51.7073,0,100,93,74,1419,3504,2.20099,0,11.1166,2.95807,0,3401,25611228710
36.7906,27.1809,51.7073,0,100,93,74,1419,3504,2.20099,0,11.1166,2.95807,0,3401,25638411393
41.4911,24.1016,51.7073,0,100,93,74,1419,3504,2.20099,0,11.1166,2.95807,0,3401,25662514391
41.0571,24.3563,51.7073,0,100,93,74,1419,3504,2.20099,0,11.1166,2.95807,0,3401,25686872415
38.3134,26.1005,51.7073,0,100,93,74,1419,3504,2.20099,0,11.1166,2.95807,0,3401,25712973721
51.1584,19.5471,51.7073,0,100,93,74,1419,3504,2.20099,0,11.1166,2.95807,0,3401,25732522475
38.028,26.2964,51.7073,0,100,93,74,1419,3504,2.20099,0,11.1166,2.95807,0,3401,25758819716
35.8488,27.8949,51.7073,0,100,93,74,1419,3504,2.20099,0,11.1166,2.95807,0,3401,25786717387
42.7344,23.4004,51.7073,0,100,93,74,1419,3504,2.20099,0,11.1166,2.95807,0,3401,25810120884
41.8144,23.9152,56.3415,0,100,94,74,1418,3504,2.20099,0,11.1091,2.95807,0,3400,25834033727
46.2602,21.6168,56.3415,0,100,94,74,1418,3504,2.20099,0,11.1091,2.95807,0,3400,25855652721
41.0674,24.3502,56.3415,0,100,94,74,1418,3504,2.20099,0,11.1091,2.95807,0,3400,25880004174
38.9157,25.6966,56.3415,0,100,94,74,1418,3504,2.20099,0,11.1091,2.95807,0,3400,25905702584
41.9728,23.8249,56.3415,0,100,94,74,1418,3504,2.20099,0,11.1091,2.95807,0,3400,25929529415
40.9196,24.4382,56.3415,0,100,94,74,1418,3504,2.20099,0,11.1091,2.95807,0,3400,25953967965
39.3343,25.4231,56.3415,0,100,94,74,1418,3504,2.20099,0,11.1091,2.95807,0,3400,25979392841
41.7701,23.9406,56.3415,0,100,94,74,1418,3504,2.20099,0,11.1091,2.95807,0,3400,26003334286
40.0924,24.9424,56.3415,0,100,94,74,1418,3504,2.20099,0,11.1091,2.95807,0,3400,26028278352
41.4375,24.1327,56.3415,0,100,94,74,1418,3504,2.20099,0,11.1091,2.95807,0,3400,26052412534
36.2157,27.6123,56.3415,0,100,94,74,1418,3504,2.20099,0,11.1091,2.95807,0,3400,26080039224
45.4205,22.0165,56.3415,0,100,94,74,1418,3504,2.20099,0,11.1091,2.95807,0,3400,26102056117
43.4343,23.0233,56.3415,0,100,94,74,1418,3504,2.20099,0,11.1091,2.95807,0,3400,26125082001
34.4568,29.0218,56.3415,0,100,94,74,1418,3504,2.20099,0,11.1091,2.95807,0,3400,26154104778
46.0957,21.694,56.3415,0,100,94,74,1418,3504,2.20099,0,11.1091,2.95807,0,3400,26175800067
39.7513,25.1564,56.3415,0,100,94,74,1418,3504,2.20099,0,11.1091,2.95807,0,3400,26200957475
42.1155,23.7442,56.3415,0,100,94,74,1418,3504,2.20099,0,11.1091,2.95807,0,3400,26224703542
35.1237,28.4708,56.3415,0,100,94,74,1418,3504,2.20099,0,11.1091,2.95807,0,3400,26253175142
44.0229,22.7155,56.3415,0,100,94,74,1418,3504,2.20099,0,11.1091,2.95807,0,3400,26275891497
37.2857,26.8199,56.3415,0,100,94,74,1418,3504,2.20099,0,11.1091,2.95807,0,3400,26302713212
43.3351,23.076,56.3415,0,100,94,74,1418,3504,2.20099,0,11.1091,2.95807,0,3400,26325795521
42.6044,23.4717,52.439,0,100,94,74,1418,3504,2.20099,0,11.1094,2.95807,0,3400,26349263292
39.4159,25.3705,52.439,0,100,94,74,1418,3504,2.20099,0,11.1094,2.95807,0,3400,26374635828
39.324,25.4298,52.439,0,100,94,74,1418,3504,2.20099,0,11.1094,2.95807,0,3400,26400066758
36.4765,27.4149,52.439,0,100,94,74,1418,3504,2.20099,0,11.1094,2.95807,0,3400,26427482755
40.8252,24.4947,52.439,0,100,94,74,1418,3504,2.20099,0,11.1094,2.95807,0,3400,26451978097
44.9295,22.2571,52.439,0,100,94,74,1418,3504,2.20099,0,11.1094,2.95807,0,3400,26474237059
37.6171,26.5836,52.439,0,100,94,74,1418,3504,2.20099,0,11.1094,2.95807,0,3400,26500821713
42.058,23.7767,52.439,0,100,94,74,1418,3504,2.20099,0,11.1094,2.95807,0,3400,26524599872
38.6677,25.8614,52.439,0,100,94,74,1418,3504,2.20099,0,11.1094,2.95807,0,3400,26550462446
38.6711,25.8591,52.439,0,100,94,74,1418,3504,2.20099,0,11.1094,2.95807,0,3400,26576321386
43.965,22.7454,52.439,0,100,94,74,1418,3504,2.20099,0,11.1094,2.95807,0,3400,26599067782
38.641,25.8793,52.439,0,100,94,74,1418,3504,2.20099,0,11.1094,2.95807,0,3400,26624948379
40.2401,24.8508,52.439,0,100,94,74,1418,3504,2.20099,0,11.1094,2.95807,0,3400,26649801115
43.8591,22.8003,52.439,0,100,94,74,1418,3504,2.20099,0,11.1094,2.95807,0,3400,26672602999
38.0173,26.3038,52.439,0,100,94,74,1418,3504,2.20099,0,11.1094,2.95807,0,3400,26698908294
41.2688,24.2314,52.439,0,100,94,74,1418,3504,2.20099,0,11.1094,2.95807,0,3400,26723141211
37.695,26.5287,52.439,0,100,94,74,1418,3504,2.20099,0,11.1094,2.95807,0,3400,26749670919
42.5441,23.505,52.439,0,100,94,74,1418,3504,2.20099,0,11.1094,2.95807,0,3400,26773188394
36.8245,27.1559,52.439,0,100,94,74,1418,3504,2.20099,0,11.1094,2.95807,0,3400,26800346723
46.5583,21.4784,52.439,0,100,94,74,1418,3504,2.20099,0,11.1094,2.95807,0,3400,26821825670
41.9689,23.8272,52.439,0,100,94,74,1418,3504,2.20099,0,11.1094,2.95807,0,3400,26845657302
39.6355,25.2299,54.5673,0,100,93,74,1422,3504,2.20099,0,11.1099,2.95807,0,3400,26870886413
44.663,22.3899,54.5673,0,100,93,74,1422,3504,2.20099,0,11.1099,2.95807,0,3400,26893277641
43.0438,23.2321,54.5673,0,100,93,74,1422,3504,2.20099,0,11.1099,2.95807,0,3400,26916510791
37.8578,26.4146,54.5673,0,100,93,74,1422,3504,2.20099,0,11.1099,2.95807,0,3400,26942926956
41.9353,23.8463,54.5673,0,100,93,74,1422,3504,2.20099,0,11.1099,2.95807,0,3400,26966774980
38.2435,26.1482,54.5673,0,100,93,74,1422,3504,2.20099,0,11.1099,2.95807,0,3400,26992924132
40.4584,24.7168,54.5673,0,100,93,74,1422,3504,2.20099,0,11.1099,2.95807,0,3400,27017641604
38.5126,25.9656,54.5673,0,100,93,74,1422,3504,2.20099,0,11.1099,2.95807,0,3400,27043609013
43.3421,23.0723,54.5673,0,100,93,74,1422,3504,2.20099,0,11.1099,2.95807,0,3400,27066682908
42.5135,23.522,54.5673,0,100,93,74,1422,3504,2.20099,0,11.1099,2.95807,0,3400,27090206196
43.9497,22.7533,54.5673,0,100,93,74,1422,3504,2.20099,0,11.1099,2.95807,0,3400,27112959846
44.3077,22.5694,54.5673,0,100,93,74,1422,3504,2.20099,0,11.1099,2.95807,0,3400,27135532871
33.7268,29.65,54.5673,0,100,93,74,1422,3504,2.20099,0,11.1099,2.95807,0,3400,27165184148
33.9534,29.4521,54.5673,0,100,93,74,1422,3504,2.20099,0,11.1099,2.95807,0,3400,27194736557
58.6339,17.055,54.5673,0,100,93,74,1422,3504,2.20099,0,11.1099,2.95807,0,3400,27211694241
37.4904,26.6735,54.5673,0,100,93,74,1422,3504,2.20099,0,11.1099,2.95807,0,3400,27238368957
45.1087,22.1687,54.5673,0,100,93,74,1422,3504,2.20099,0,11.1099,2.95807,0,3400,27260538693
38.4222,26.0266,54.5673,0,100,93,74,1422,3504,2.20099,0,11.1099,2.95807,0,3400,27286567558
41.7476,23.9535,54.5673,0,100,93,74,1422,3504,2.20099,0,11.1099,2.95807,0,3400,27310521162
45.6028,21.9285,54.5673,0,100,93,74,1422,3504,2.20099,0,11.1099,2.95807,0,3400,27332451421
40.8862,24.4582,54.5673,0,100,93,74,1422,3504,2.20099,0,11.1099,2.95807,0,3400,27356918975
38.456,26.0037,57.7778,0,100,93,74,1450,3504,2.20099,0,11.1102,2.95807,0,3400,27382914775
43.4898,22.9939,57.7778,0,100,93,74,1450,3504,2.20099,0,11.1102,2.95807,0,3400,27405910163
34.6001,28.9016,57.7778,0,100,93,74,1450,3504,2.20099,0,11.1102,2.95807,0,3400,27434814113
50.2742,19.8909,57.7778,0,100,93,74,1450,3504,2.20099,0,11.1102,2.95807,0,3400,27454706580
39.524,25.3011,57.7778,0,100,93,74,1450,3504,2.20099,0,11.1102,2.95807,0,3400,27480008407
42.9683,23.273,57.7778,0,100,93,74,1450,3504,2.20099,0,11.1102,2.95807,0,3400,27503284562
40.8393,24.4862,57.7778,0,100,93,74,1450,3504,2.20099,0,11.1102,2.95807,0,3400,27527771405
39.1525,25.5412,57.7778,0,100,93,74,1450,3504,2.20099,0,11.1102,2.95807,0,3400,27553314475
41.2422,24.247,57.7778,0,100,93,74,1450,3504,2.20099,0,11.1102,2.95807,0,3400,27577561101
39.6656,25.2107,57.7778,0,100,93,74,1450,3504,2.20099,0,11.1102,2.95807,0,3400,27602772574
42.206,23.6933,57.7778,0,100,93,74,1450,3504,2.20099,0,11.1102,2.95807,0,3400,27626466574
38.6825,25.8515,57.7778,0,100,93,74,1450,3504,2.20099,0,11.1102,2.95807,0,3400,27652318967
42.5292,23.5133,57.7778,0,100,93,74,1450,3504,2.20099,0,11.1102,2.95807,0,3400,27675832573
44.1501,22.65,57.7778,0,100,93,74,1450,3504,2.20099,0,11.1102,2.95807,0,3400,27698484330
38.8658,25.7296,57.7778,0,100,93,74,1450,3504,2.20099,0,11.1102,2.95807,0,3400,27724215638
36.2533,27.5837,57.7778,0,100,93,74,1450,3504,2.20099,0,11.1102,2.95807,0,3400,27751800105
40.6927,24.5744,57.7778,0,100,93,74,1450,3504,2.20099,0,11.1102,2.95807,0,3400,27776375837
44.0997,22.6759,57.7778,0,100,93,74,1450,3504,2.20099,0,11.1102,2.95807,0,3400,27799053034
35.9494,27.8169,57.7778,0,100,93,74,1450,3504,2.20099,0,11.1102,2.95807,0,3400,27826872101
40.813,24.502,57.7778,0,100,93,74,1450,3504,2.20099,0,11.1102,2.95807,0,3400,27851375108
46.7526,21.3892,57.7778,0,100,93,74,1450,3504,2.20099,0,11.1102,2.95807,0,3400,27872771130
39.3674,25.4018,59.6107,0,100,89,74,1458,3504,2.20099,0,11.1102,2.95807,0,3400,27898168429
46.3635,21.5687,59.6107,0,100,89,74,1458,3504,2.20099,0,11.1102,2.95807,0,3400,27919737581
38.7645,25.7968,59.6107,0,100,89,74,1458,3504,2.20099,0,11.1102,2.95807,0,3400,27945534666
38.549,25.941,59.6107,0,100,89,74,1458,3504,2.20099,0,11.1102,2.95807,0,3400,27971477794
46.4934,21.5084,59.6107,0,100,89,74,1458,3504,2.20099,0,11.1102,2.95807,0,3400,27992987002
38.5304,25.9535,59.6107,0,100,89,74,1458,3504,2.20099,0,11.1102,2.95807,0,3400,28018942100
35.3607,28.28,59.6107,0,100,89,74,1458,3504,2.20099,0,11.1102,2.95807,0,3400,28047222957
44.0967,22.6775,59.6107,0,100,89,74,1458,3504,2.20099,0,11.1102,2.95807,0,3400,28069901392
39.2503,25.4775,59.6107,0,100,89,74,1458,3504,2.20099,0,11.1102,2.95807,0,3400,28095380387
41.5653,24.0585,59.6107,0,100,89,74,1458,3504,2.20099,0,11.1102,2.95807,0,3400,28119440133
44.2818,22.5826,59.6107,0,100,89,74,1458,3504,2.20099,0,11.1102,2.95807,0,3400,28142024425
39.9462,25.0337,59.6107,0,100,89,74,1458,3504,2.20099,0,11.1102,2.95807,0,3400,28167059255
38.2099,26.1712,59.6107,0,100,89,74,1458,3504,2.20099,0,11.1102,2.95807,0,3400,28193231855
39.4813,25.3285,59.6107,0,100,89,74,1458,3504,2.20099,0,11.1102,2.95807,0,3400,28218562026
43.1694,23.1646,59.6107,0,100,89,74,1458,3504,2.20099,0,11.1102,2.95807,0,3400,28241728308
40.5252,24.676,59.6107,0,100,89,74,1458,3504,2.20099,0,11.1102,2.95807,0,3400,28266404910
34.0983,29.327,59.6107,0,100,89,74,1458,3504,2.20099,0,11.1102,2.95807,0,3400,28295736613
48.1282,20.7779,59.6107,0,100,89,74,1458,3504,2.20099,0,11.1102,2.95807,0,3400,28316512275
39.0726,25.5934,59.6107,0,100,89,74,1458,3504,2.20099,0,11.1102,2.95807,0,3400,28342107435
37.8226,26.4393,59.6107,0,100,89,74,1458,3504,2.20099,0,11.1102,2.95807,0,3400,28368547860
48.2732,20.7154,59.6107,0,100,89,74,1458,3504,2.20099,0,11.1102,2.95807,0,3400,28389270120
39.4626,25.3404,57.4939,0,100,89,74,1455,3504,2.20099,0,11.1102,2.95807,0,3400,28414605397
40.8887,24.4566,57.4939,0,100,89,74,1455,3504,2.20099,0,11.1102,2.95807,0,3400,28439068769
39.4897,25.323,57.4939,0,100,89,74,1455,3504,2.20099,0,11.1102,2.95807,0,3400,28464392292
39.1019,25.5742,57.4939,0,100,89,74,1455,3504,2.20099,0,11.1102,2.95807,0,3400,28489965475
37.699,26.5259,57.4939,0,100,89,74,1455,3504,2.20099,0,11.1102,2.95807,0,3400,28516493667
34.6474,28.8622,57.4939,0,100,89,74,1455,3504,2.20099,0,11.1102,2.95807,0,3400,28545356047
48.2826,20.7114,57.4939,0,100,89,74,1455,3504,2.20099,0,11.1102,2.95807,0,3400,28566069412
41.6371,24.017,57.4939,0,100,89,74,1455,3504,2.20099,0,11.1102,2.95807,0,3400,28590086166
44.3407,22.5527,57.4939,0,100,89,74,1455,3504,2.20099,0,11.1102,2.95807,0,3400,28612641054
36.2257,27.6047,57.4939,0,100,89,74,1455,3504,2.20099,0,11.1102,2.95807,0,3400,28640245276
43.8979,22.7801,57.4939,0,100,89,74,1455,3504,2.20099,0,11.1102,2.95807,0,3400,28663027530
36.2032,27.6218,57.4939,0,100,89,74,1455,3504,2.20099,0,11.1102,2.95807,0,3400,28690650360
43.5442,22.9652,57.4939,0,100,89,74,1455,3504,2.20099,0,11.1102,2.95807,0,3400,28713616068
40.9522,24.4187,57.4939,0,100,89,74,1455,3504,2.20099,0,11.1102,2.95807,0,3400,28738036776
40.2054,24.8723,57.4939,0,100,89,74,1455,3504,2.20099,0,11.1102,2.95807,0,3400,28762909020
40.526,24.6755,57.4939,0,100,89,74,1455,3504,2.20099,0,11.1102,2.95807,0,3400,28787589456
33.5192,29.8336,57.4939,0,100,89,74,1455,3504,2.20099,0,11.1102,2.95807,0,3400,28817421608
40.0283,24.9823,57.4939,0,100,89,74,1455,3504,2.20099,0,11.1102,2.95807,0,3400,28842408202
38.1645,26.2024,57.4939,0,100,89,74,1455,3504,2.20099,0,11.1102,2.95807,0,3400,28868610480
49.5491,20.182,57.4939,0,100,89,74,1455,3504,2.20099,0,11.1102,2.95807,0,3400,28888793382
39.2514,25.4768,57.4939,0,100,89,74,1455,3504,2.20099,0,11.1102,2.95807,0,3400,28914275013
41.9681,23.8276,58.753,0,100,89,74,1455,3504,2.20099,0,11.1251,2.95807,0,3408,28938101876
35.0273,28.5492,58.753,0,100,89,74,1455,3504,2.20099,0,11.1251,2.95807,0,3408,28966652098
42.2602,23.6629,58.753,0,100,89,74,1455,3504,2.20099,0,11.1251,2.95807,0,3408,28990315687
40.4883,24.6985,58.753,0,100,89,74,1455,3504,2.20099,0,11.1251,2.95807,0,3408,29015015408
35.6619,28.0411,58.753,0,100,89,74,1455,3504,2.20099,0,11.1251,2.95807,0,3408,29043058737
42.2276,23.6812,58.753,0,100,89,74,1455,3504,2.20099,0,11.1251,2.95807,0,3408,29066741162
38.4075,26.0366,58.753,0,100,89,74,1455,3504,2.20099,0,11.1251,2.95807,0,3408,29092779638
40.3555,24.7798,58.753,0,100,89,74,1455,3504,2.20099,0,11.1251,2.95807,0,3408,29117560589
41.3938,24.1582,58.753,0,100,89,74,1455,3504,2.20099,0,11.1251,2.95807,0,3408,29141719401
38.938,25.6819,58.753,0,100,89,74,1455,3504,2.20099,0,11.1251,2.95807,0,3408,29167402180
38.4697,25.9945,58.753,0,100,89,74,1455,3504,2.20099,0,11.1251,2.95807,0,3408,29193399535
33.8648,29.5292,58.753,0,100,89,74,1455,3504,2.20099,0,11.1251,2.95807,0,3408,29222928232
48.1048,20.7879,58.753,0,100,89,74,1455,3504,2.20099,0,11.1251,2.95807,0,3408,29243718479
37.324,26.7924,58.753,0,100,89,74,1455,3504,2.20099,0,11.1251,2.95807,0,3408,29270530781
39.2977,25.4468,58.753,0,100,89,74,1455,3504,2.20099,0,11.1251,2.95807,0,3408,29295960355
40.1775,24.8896,58.753,0,100,89,74,1455,3504,2.20099,0,11.1251,2.95807,0,3408,29320850249
37.916,26.3741,58.753,0,100,89,74,1455,3504,2.20099,0,11.1251,2.95807,0,3408,29347226931
40.4348,24.7312,58.753,0,100,89,74,1455,3504,2.20099,0,11.1251,2.95807,0,3408,29371966497
37.1296,26.9327,58.753,0,100,89,74,1455,3504,2.20099,0,11.1251,2.95807,0,3408,29398897477
35.3898,28.2567,58.753,0,100,89,74,1455,3504,2.20099,0,11.1251,2.95807,0,3408,29427159350
42.3583,23.6081,54.5894,0,100,89,74,1455,3504,2.20099,0,11.1252,2.95807,0,3402,29450763709
38.1944,26.1818,54.5894,0,100,89,74,1455,3504,2.20099,0,11.1252,2.95807,0,3402,29476947647
41.8202,23.9119,54.5894,0,100,89,74,1455,3504,2.20099,0,11.1252,2.95807,0,3402,29500859805
39.1324,25.5543,54.5894,0,100,89,74,1455,3504,2.20099,0,11.1252,2.95807,0,3402,29526416114
38.7361,25.8157,54.5894,0,100,89,74,1455,3504,2.20099,0,11.1252,2.95807,0,3402,29552233624
34.9354,28.6242,54.5894,0,100,89,74,1455,3504,2.20099,0,11.1252,2.95807,0,3402,29580859076
39.3837,25.3912,54.5894,0,100,89,74,1455,3504,2.20099,0,11.1252,2.95807,0,3402,29606250884
28.0801,35.6125,54.5894,0,100,89,74,1455,3504,2.20099,0,11.1252,2.95807,0,3402,29641863784
67.3491,14.848,54.5894,0,100,89,74,1455,3504,2.20099,0,11.1252,2.95807,0,3402,29656712913
33.8406,29.5503,54.5894,0,100,89,74,1455,3504,2.20099,0,11.1252,2.95807,0,3402,29686264221
39.1703,25.5295,54.5894,0,100,89,74,1455,3504,2.20099,0,11.1252,2.95807,0,3402,29711795202
35.8853,27.8666,54.5894,0,100,89,74,1455,3504,2.20099,0,11.1252,2.95807,0,3402,29739662507
47.887,20.8825,54.5894,0,100,89,74,1455,3504,2.20099,0,11.1252,2.95807,0,3402,29760549795
38.5573,25.9355,54.5894,0,100,89,74,1455,3504,2.20099,0,11.1252,2.95807,0,3402,29786485784
51.8553,19.2844,54.5894,0,100,89,74,1455,3504,2.20099,0,11.1252,2.95807,0,3402,29805771791
36.8513,27.1361,54.5894,0,100,89,74,1455,3504,2.20099,0,11.1252,2.95807,0,3402,29832909653
45.5554,21.9513,54.5894,0,100,89,74,1455,3504,2.20099,0,11.1252,2.95807,0,3402,29854862135
35.2537,28.3658,54.5894,0,100,89,74,1455,3504,2.20099,0,11.1252,2.95807,0,3402,29883228722
46.8938,21.3248,54.5894,0,100,89,74,1455,3504,2.20099,0,11.1252,2.95807,0,3402,29904556721
37.3728,26.7574,54.5894,0,100,89,74,1455,3504,2.20099,0,11.1252,2.95807,0,3402,29931320639
43.0148,23.2478,63.3663,0,100,89,74,1455,3504,2.20099,0,11.1424,2.95807,0,3402,29954564377
42.1698,23.7137,63.3663,0,100,89,74,1455,3504,2.20099,0,11.1424,2.95807,0,3402,29978277968
41.5694,24.0562,63.3663,0,100,89,74,1455,3504,2.20099,0,11.1424,2.95807,0,3402,30002335808
44.3948,22.5252,63.3663,0,100,89,74,1455,3504,2.20099,0,11.1424,2.95807,0,3402,30024863475
37.4693,26.6885,63.3663,0,100,89,74,1455,3504,2.20099,0,11.1424,2.95807,0,3402,30051553347
34.8523,28.6925,63.3663,0,100,89,74,1455,3504,2.20099,0,11.1424,2.95807,0,3402,30080247117
45.4147,22.0193,63.3663,0,100,89,74,1455,3504,2.20099,0,11.1424,2.95807,0,3402,30102266721
38.4013,26.0408,63.3663,0,100,89,74,1455,3504,2.20099,0,11.1424,2.95807,0,3402,30128308875
48.4112,20.6564,63.3663,0,100,89,74,1455,3504,2.20099,0,11.1424,2.95807,0,3402,30148966334
36.0816,27.715,63.3663,0,100,89,74,1455,3504,2.20099,0,11.1424,2.95807,0,3402,30176682843
46.9695,21.2904,63.3663,0,100,89,74,1455,3504,2.20099,0,11.1424,2.95807,0,3402,30197974237
40.2644,24.8359,63.3663,0,100,89,74,1455,3504,2.20099,0,11.1424,2.95807,0,3402,30222811518
35.0028,28.5691,63.3663,0,100,89,74,1455,3504,2.20099,0,11.1424,2.95807,0,3402,30251380866
52.5573,19.0268,63.3663,0,100,89,74,1455,3504,2.20099,0,11.1424,2.95807,0,3402,30270410153
37.2941,26.8139,63.3663,0,100,89,74,1455,3504,2.20099,0,11.1424,2.95807,0,3402,30297224933
42.2447,23.6716,63.3663,0,100,89,74,1455,3504,2.20099,0,11.1424,2.95807,0,3402,30320899006
36.9239,27.0827,63.3663,0,100,89,74,1455,3504,2.20099,0,11.1424,2.95807,0,3402,30347981967
46.3789,21.5615,63.3663,0,100,89,74,1455,3504,2.20099,0,11.1424,2.95807,0,3402,30369544943
37.4677,26.6896,63.3663,0,100,89,74,1455,3504,2.20099,0,11.1424,2.95807,0,3402,30396234714
42.8668,23.3281,63.3663,0,100,89,74,1455,3504,2.20099,0,11.1424,2.95807,0,3402,30419564907
40.7279,24.5532,63.3663,0,100,89,74,1455,3504,2.20099,0,11.1424,2.95807,0,3402,30444124074
37.7575,26.4848,57.561,0,100,89,74,1532,3504,2.20099,0,11.1428,2.95807,0,3400,30470605778
44.9715,22.2363,57.561,0,100,89,74,1532,3504,2.20099,0,11.1428,2.95807,0,3400,30492842866
38.1613,26.2045,57.561,0,100,89,74,1532,3504,2.20099,0,11.1428,2.95807,0,3400,30519049097
48.9027,20.4488,57.561,0,100,89,74,1532,3504,2.20099,0,11.1428,2.95807,0,3400,30539498377
37.6327,26.5726,57.561,0,100,89,74,1532,3504,2.20099,0,11.1428,2.95807,0,3400,30566072806
39.9176,25.0516,57.561,0,100,89,74,1532,3504,2.20099,0,11.1428,2.95807,0,3400,30591124913
37.7276,26.5058,57.561,0,100,89,74,1532,3504,2.20099,0,11.1428,2.95807,0,3400,30617632332
44.2919,22.5775,57.561,0,100,89,74,1532,3504,2.20099,0,11.1428,2.95807,0,3400,30640211619
39.4041,25.3781,57.561,0,100,89,74,1532,3504,2.20099,0,11.1428,2.95807,0,3400,30665590778
39.9401,25.0375,57.561,0,100,89,74,1532,3504,2.20099,0,11.1428,2.95807,0,3400,30690628616
43.2177,23.1387,57.561,0,100,89,74,1532,3504,2.20099,0,11.1428,2.95807,0,3400,30713769457
44.008,22.7232,57.561,0,100,89,74,1532,3504,2.20099,0,11.1428,2.95807,0,3400,30736495948
37.775,26.4726,57.561,0,100,89,74,1532,3504,2.20099,0,11.1428,2.95807,0,3400,30762968507
44.6369,22.403,57.561,0,100,89,74,1532,3504,2.20099,0,11.1428,2.95807,0,3400,30785373561
30.5613,32.7211,57.561,0,100,89,74,1532,3504,2.20099,0,11.1428,2.95807,0,3400,30818094854
51.1826,19.5379,57.561,0,100,89,74,1532,3504,2.20099,0,11.1428,2.95807,0,3400,30837634559
43.4235,23.029,57.561,0,100,89,74,1532,3504,2.20099,0,11.1428,2.95807,0,3400,30860664164
36.4644,27.424,57.561,0,100,89,74,1532,3504,2.20099,0,11.1428,2.95807,0,3400,30888089632
45.2159,22.1161,57.561,0,100,89,74,1532,3504,2.20099,0,11.1428,2.95807,0,3400,30910208032
40.1053,24.9344,57.561,0,100,89,74,1532,3504,2.20099,0,11.1428,2.95807,0,3400,30935144817
38.8856,25.7165,57.561,0,100,89,74,1532,3504,2.20099,0,11.1428,2.95807,0,3400,30960868164
40.6435,24.6042,61.5196,0,100,93,75,1569,3504,2.20099,0,11.1434,2.95807,0,3400,30985466432
45.0474,22.1988,61.5196,0,100,93,75,1569,3504,2.20099,0,11.1434,2.95807,0,3400,31007666152
33.8333,29.5566,61.5196,0,100,93,75,1569,3504,2.20099,0,11.1434,2.95807,0,3400,31037224914
44.1668,22.6415,61.5196,0,100,93,75,1569,3504,2.20099,0,11.1434,2.95807,0,3400,31059868068
43.2895,23.1003,61.5196,0,100,93,75,1569,3504,2.20099,0,11.1434,2.95807,0,3400,31082969844
42.1353,23.7331,61.5196,0,100,93,75,1569,3504,2.20099,0,11.1434,2.95807,0,3400,31106704395
39.5082,25.3112,61.5196,0,100,93,75,1569,3504,2.20099,0,11.1434,2.95807,0,3400,31132017228
39.4208,25.3673,61.5196,0,100,93,75,1569,3504,2.20099,0,11.1434,2.95807,0,3400,31157385256
37.8126,26.4462,61.5196,0,100,93,75,1569,3504,2.20099,0,11.1434,2.95807,0,3400,31183832324
43.1738,23.1622,61.5196,0,100,93,75,1569,3504,2.20099,0,11.1434,2.95807,0,3400,31206995501
38.8968,25.7091,61.5196,0,100,93,75,1569,3504,2.20099,0,11.1434,2.95807,0,3400,31232706257
39.4188,25.3686,61.5196,0,100,93,75,1569,3504,2.20099,0,11.1434,2.95807,0,3400,31258075901
44.9638,22.2401,61.5196,0,100,93,75,1569,3504,2.20099,0,11.1434,2.95807,0,3400,31280320817
41.4853,24.1049,61.5196,0,100,93,75,1569,3504,2.20099,0,11.1434,2.95807,0,3400,31304425317
37.0577,26.985,61.5196,0,100,93,75,1569,3504,2.20099,0,11.1434,2.95807,0,3400,31331411866
41.8709,23.883,61.5196,0,100,93,75,1569,3504,2.20099,0,11.1434,2.95807,0,3400,31355296833
39.0066,25.6367,61.5196,0,100,93,75,1569,3504,2.20099,0,11.1434,2.95807,0,3400,31380934230
42.1818,23.7069,61.5196,0,100,93,75,1569,3504,2.20099,0,11.1434,2.95807,0,3400,31404642819
44.5161,22.4638,61.5196,0,100,93,75,1569,3504,2.20099,0,11.1434,2.95807,0,3400,31427107513
37.5696,26.6173,61.5196,0,100,93,75,1569,3504,2.20099,0,11.1434,2.95807,0,3400,31453725247
39.572,25.2704,61.5196,0,100,93,75,1569,3504,2.20099,0,11.1434,2.95807,0,3400,31479001633
42.2162,23.6876,60.9877,0,100,93,75,1569,3504,2.20099,0,11.1438,2.95807,0,3400,31502687486
41.1941,24.2753,60.9877,0,100,93,75,1569,3504,2.20099,0,11.1438,2.95807,0,3400,31526963007
37.2276,26.8618,60.9877,0,100,93,75,1569,3504,2.20099,0,11.1438,2.95807,0,3400,31553826772
38.5384,25.9481,60.9877,0,100,93,75,1569,3504,2.20099,0,11.1438,2.95807,0,3400,31579780107
40.1093,24.9319,60.9877,0,100,93,75,1569,3504,2.20099,0,11.1438,2.95807,0,3400,31604710374
42.9451,23.2856,60.9877,0,100,93,75,1569,3504,2.20099,0,11.1438,2.95807,0,3400,31627997476
41.0526,24.359,60.9877,0,100,93,75,1569,3504,2.20099,0,11.1438,2.95807,0,3400,31652360140
37.7022,26.5237,60.9877,0,100,93,75,1569,3504,2.20099,0,11.1438,2.95807,0,3400,31678883703
44.7151,22.3638,60.9877,0,100,93,75,1569,3504,2.20099,0,11.1438,2.95807,0,3400,31701247955
38.6586,25.8675,60.9877,0,100,93,75,1569,3504,2.20099,0,11.1438,2.95807,0,3400,31727454793
40.6196,24.6187,60.9877,0,100,93,75,1569,3504,2.20099,0,11.1438,2.95807,0,3400,31751738118
41.9282,23.8503,60.9877,0,100,93,75,1569,3504,2.20099,0,11.1438,2.95807,0,3400,31775589920
33.5217,29.8315,60.9877,0,100,93,75,1569,3504,2.20099,0,11.1438,2.95807,0,3400,31805422696
50.7673,19.6977,60.9877,0,100,93,75,1569,3504,2.20099,0,11.1438,2.95807,0,3400,31825126757
36.3525,27.5084,60.9877,0,100,93,75,1569,3504,2.20099,0,11.1438,2.95807,0,3400,31852631699
41.2793,24.2252,60.9877,0,100,93,75,1569,3504,2.20099,0,11.1438,2.95807,0,3400,31876859360
36.0882,27.7099,60.9877,0,100,93,75,1569,3504,2.20099,0,11.1438,2.95807,0,3400,31904569247
43.2933,23.0983,60.9877,0,100,93,75,1569,3504,2.20099,0,11.1438,2.95807,0,3400,31927669270
44.1433,22.6535,60.9877,0,100,93,75,1569,3504,2.20099,0,11.1438,2.95807,0,3400,31950325000
33.4605,29.886,60.9877,0,100,93,75,1569,3504,2.20099,0,11.1438,2.95807,0,3400,31980215933
46.9817,21.2849,59.8485,0,100,93,76,1569,3504,2.20099,0,11.1588,2.95807,0,3400,32001497078
36.3433,27.5154,59.8485,0,100,93,76,1569,3504,2.20099,0,11.1588,2.95807,0,3400,32029013194
45.8579,21.8065,59.8485,0,100,93,76,1569,3504,2.20099,0,11.1588,2.95807,0,3400,32050821936
37.0893,26.962,59.8485,0,100,93,76,1569,3504,2.20099,0,11.1588,2.95807,0,3400,32077785260
45.2172,22.1155,59.8485,0,100,93,76,1569,3504,2.20099,0,11.1588,2.95807,0,3400,32099901938
41.199,24.2724,59.8485,0,100,93,76,1569,3504,2.20099,0,11.1588,2.95807,0,3400,32124175203
39.7257,25.1726,59.8485,0,100,93,76,1569,3504,2.20099,0,11.1588,2.95807,0,3400,32149349862
38.2021,26.1766,59.8485,0,100,93,76,1569,3504,2.20099,0,11.1588,2.95807,0,3400,32175529042
39.1509,25.5422,59.8485,0,100,93,76,1569,3504,2.20099,0,11.1588,2.95807,0,3400,32201072080
41.3102,24.2071,59.8485,0,100,93,76,1569,3504,2.20099,0,11.1588,2.95807,0,3400,32225283516
40.9243,24.4353,59.8485,0,100,93,76,1569,3504,2.20099,0,11.1588,2.95807,0,3400,32249717543
32.5102,30.7596,59.8485,0,100,93,76,1569,3504,2.20099,0,11.1588,2.95807,0,3400,32280477596
53.5597,18.6708,59.8485,0,100,93,76,1569,3504,2.20099,0,11.1588,2.95807,0,3400,32299150515
32.4642,30.8031,59.8485,0,100,93,76,1569,3504,2.20099,0,11.1588,2.95807,0,3400,32329954517
46.2538,21.6199,59.8485,0,100,93,76,1569,3504,2.20099,0,11.1588,2.95807,0,3400,32351575711
45.9354,21.7697,59.8485,0,100,93,76,1569,3504,2.20099,0,11.1588,2.95807,0,3400,32373346398
38.7641,25.797,59.8485,0,100,93,76,1569,3504,2.20099,0,11.1588,2.95807,0,3400,32399145761
38.2802,26.1232,59.8485,0,100,93,76,1569,3504,2.20099,0,11.1588,2.95807,0,3400,32425270481
42.8603,23.3316,59.8485,0,100,93,76,1569,3504,2.20099,0,11.1588,2.95807,0,3400,32448602066
35.6702,28.0346,59.8485,0,100,93,76,1569,3504,2.20099,0,11.1588,2.95807,0,3400,32476637564
40.7271,24.5537,59.8485,0,100,93,76,1569,3504,2.20099,0,11.1588,2.95807,0,3400,32501210469
40.1969,24.8775,62.5,0,100,93,76,1569,3504,2.20099,0,11.1593,2.95807,0,3400,32526071323
39.8529,25.0923,62.5,0,100,93,76,1569,3504,2.20099,0,11.1593,2.95807,0,3400,32551165786
34.9785,28.589,62.5,0,100,93,76,1569,3504,2.20099,0,11.1593,2.95807,0,3400,32579755962
43.0023,23.2546,62.5,0,100,93,76,1569,3504,2.20099,0,11.1593,2.95807,0,3400,32603012525
48.5999,20.5762,62.5,0,100,93,76,1569,3504,2.20099,0,11.1593,2.95807,0,3400,32623591174
33.9251,29.4767,62.5,0,100,93,76,1569,3504,2.20099,0,11.1593,2.95807,0,3400,32653068260
50.0177,19.9929,62.5,0,100,93,76,1569,3504,2.20099,0,11.1593,2.95807,0,3400,32673063772
40.0075,24.9953,62.5,0,100,93,76,1569,3504,2.20099,0,11.1593,2.95807,0,3400,32698059969
38.4417,26.0134,62.5,0,100,93,76,1569,3504,2.20099,0,11.1593,2.95807,0,3400,32724075922
53.5615,18.6701,62.5,0,100,93,76,1569,3504,2.20099,0,11.1593,2.95807,0,3400,32742747719
39.3154,25.4353,62.5,0,100,93,76,1569,3504,2.20099,0,11.1593,2.95807,0,3400,32768184307
42.7905,23.3697,62.5,0,100,93,76,1569,3504,2.20099,0,11.1593,2.95807,0,3400,32791570705
40.2009,24.875,62.5,0,100,93,76,1569,3504,2.20099,0,11.1593,2.95807,0,3400,32816447878
36.7961,27.1768,62.5,0,100,93,76,1569,3504,2.20099,0,11.1593,2.95807,0,3400,32843625301
41.4626,24.1181,62.5,0,100,93,76,1569,3504,2.20099,0,11.1593,2.95807,0,3400,32867745108
47.7078,20.9609,62.5,0,100,93,76,1569,3504,2.20099,0,11.1593,2.95807,0,3400,32888706701
38.4354,26.0177,62.5,0,100,93,76,1569,3504,2.20099,0,11.1593,2.95807,0,3400,32914727669
44.2455,22.6012,62.5,0,100,93,76,1569,3504,2.20099,0,11.1593,2.95807,0,3400,32937329924
40.418,24.7414,62.5,0,100,93,76,1569,3504,2.20099,0,11.1593,2.95807,0,3400,32962071599
37.5425,26.6365,62.5,0,100,93,76,1569,3504,2.20099,0,11.1593,2.95807,0,3400,32988722194
42.2595,23.6633,62.5,0,100,93,76,1569,3504,2.20099,0,11.1593,2.95807,0,3400,33012381498
45.9711,21.7528,61.5776,0,100,94,76,1569,3504,2.20099,0,11.1593,2.95807,0,3400,33034131038
37.2616,26.8373,61.5776,0,100,94,76,1569,3504,2.20099,0,11.1593,2.95807,0,3400,33060968282
44.1554,22.6473,61.5776,0,100,94,76,1569,3504,2.20099,0,11.1593,2.95807,0,3400,33083618181
45.6462,21.9076,61.5776,0,100,94,76,1569,3504,2.20099,0,11.1593,2.95807,0,3400,33105526692
40.1702,24.8941,61.5776,0,100,94,76,1569,3504,2.20099,0,11.1593,2.95807,0,3400,33130422731
40.6919,24.5749,61.5776,0,100,94,76,1569,3504,2.20099,0,11.1593,2.95807,0,3400,33154998259
36.4083,27.4663,61.5776,0,100,94,76,1569,3504,2.20099,0,11.1593,2.95807,0,3400,33182465911
37.2605,26.8381,61.5776,0,100,94,76,1569,3504,2.20099,0,11.1593,2.95807,0,3400,33209306204
56.7452,17.6226,61.5776,0,100,94,76,1569,3504,2.20099,0,11.1593,2.95807,0,3400,33226928479
42.4118,23.5784,61.5776,0,100,94,76,1569,3504,2.20099,0,11.1593,2.95807,0,3400,33250509408
39.6365,25.2293,61.5776,0,100,94,76,1569,3504,2.20099,0,11.1593,2.95807,0,3400,33275739831
44.0508,22.7011,61.5776,0,100,94,76,1569,3504,2.20099,0,11.1593,2.95807,0,3400,33298442601
36.685,27.2591,61.5776,0,100,94,76,1569,3504,2.20099,0,11.1593,2.95807,0,3400,33325703042
45.6047,21.9275,61.5776,0,100,94,76,1569,3504,2.20099,0,11.1593,2.95807,0,3400,33347632650
40.1553,24.9033,61.5776,0,100,94,76,1569,3504,2.20099,0,11.1593,2.95807,0,3400,33372536824
44.3642,22.5407,61.5776,0,100,94,76,1569,3504,2.20099,0,11.1593,2.95807,0,3400,33395078665
33.5654,29.7926,61.5776,0,100,94,76,1569,3504,2.20099,0,11.1593,2.95807,0,3400,33424871630
57.8397,17.2891,61.5776,0,100,94,76,1569,3504,2.20099,0,11.1593,2.95807,0,3400,33442161658
40.648,24.6014,61.5776,0,100,94,76,1569,3504,2.20099,0,11.1593,2.95807,0,3400,33466838858
39.1764,25.5256,61.5776,0,100,94,76,1569,3504,2.20099,0,11.1593,2.95807,0,3400,33492350004
41.6878,23.9879,61.5776,0,100,94,76,1569,3504,2.20099,0,11.1593,2.95807,0,3400,33516343343
40.9587,24.4148,64.7643,0,100,94,76,1630,3504,2.20099,0,11.1747,2.95807,0,3402,33540755961
46.7464,21.392,64.7643,0,100,94,76,1630,3504,2.20099,0,11.1747,2.95807,0,3402,33562148132
37.3334,26.7857,64.7643,0,100,94,76,1630,3504,2.20099,0,11.1747,2.95807,0,3402,33588936357
43.0107,23.25,64.7643,0,100,94,76,1630,3504,2.20099,0,11.1747,2.95807,0,3402,33612187414
43.353,23.0664,64.7643,0,100,94,76,1630,3504,2.20099,0,11.1747,2.95807,0,3402,33635254914
31.1393,32.1137,64.7643,0,100,94,76,1630,3504,2.20099,0,11.1747,2.95807,0,3402,33667371753
50.687,19.7289,64.7643,0,100,94,76,1630,3504,2.20099,0,11.1747,2.95807,0,3402,33687100632
38.4137,26.0323,64.7643,0,100,94,76,1630,3504,2.20099,0,11.1747,2.95807,0,3402,33713134005
47.4224,21.0871,64.7643,0,100,94,76,1630,3504,2.20099,0,11.1747,2.95807,0,3402,33734224345
39.0292,25.6218,64.7643,0,100,94,76,1630,3504,2.20099,0,11.1747,2.95807,0,3402,33759859466
45.6451,21.9081,64.7643,0,100,94,76,1630,3504,2.20099,0,11.1747,2.95807,0,3402,33781755255
33.0114,30.2926,64.7643,0,100,94,76,1630,3504,2.20099,0,11.1747,2.95807,0,3402,33812049810
35.0925,28.4961,64.7643,0,100,94,76,1630,3504,2.20099,0,11.1747,2.95807,0,3402,33840547117
58.9974,16.9499,64.7643,0,100,94,76,1630,3504,2.20099,0,11.1747,2.95807,0,3402,33857518353
41.1917,24.2767,64.7643,0,100,94,76,1630,3504,2.20099,0,11.1747,2.95807,0,3402,33881776629
38.0085,26.3099,64.7643,0,100,94,76,1630,3504,2.20099,0,11.1747,2.95807,0,3402,33908087208
44.0534,22.6997,64.7643,0,100,94,76,1630,3504,2.20099,0,11.1747,2.95807,0,3402,33930787833
41.612,24.0315,64.7643,0,100,94,76,1630,3504,2.20099,0,11.1747,2.95807,0,3402,33954820381
43.905,22.7765,64.7643,0,100,94,76,1630,3504,2.20099,0,11.1747,2.95807,0,3402,33977599498
36.2113,27.6157,64.7643,0,100,94,76,1630,3504,2.20099,0,11.1747,2.95807,0,3402,34005215769
49.3378,20.2684,64.7643,0,100,94,76,1630,3504,2.20099,0,11.1747,2.95807,0,3402,34025487924
34.8553,28.69,66.9903,0,100,94,77,1645,3504,2.20099,0,11.1747,2.95807,0,3400,34054176564
46.2599,21.617,66.9903,0,100,94,77,1645,3504,2.20099,0,11.1747,2.95807,0,3400,34075795192
38.8212,25.7591,66.9903,0,100,94,77,1645,3504,2.20099,0,11.1747,2.95807,0,3400,34101554401
45.3599,22.0459,66.9903,0,100,94,77,1645,3504,2.20099,0,11.1747,2.95807,0,3400,34123602130
41.565,24.0587,66.9903,0,100,94,77,1645,3504,2.20099,0,11.1747,2.95807,0,3400,34147662221
33.6724,29.6979,66.9903,0,100,94,77,1645,3504,2.20099,0,11.1747,2.95807,0,3400,34177361428
44.847,22.2981,66.9903,0,100,94,77,1645,3504,2.20099,0,11.1747,2.95807,0,3400,34199661182
48.9917,20.4116,66.9903,0,100,94,77,1645,3504,2.20099,0,11.1747,2.95807,0,3400,34220073800
37.3681,26.7608,66.9903,0,100,94,77,1645,3504,2.20099,0,11.1747,2.95807,0,3400,34246835345
40.1748,24.8912,66.9903,0,100,94,77,1645,3504,2.20099,0,11.1747,2.95807,0,3400,34271728466
45.3608,22.0454,66.9903,0,100,94,77,1645,3504,2.20099,0,11.1747,2.95807,0,3400,34293775055
41.6595,24.0041,66.9903,0,100,94,77,1645,3504,2.20099,0,11.1747,2.95807,0,3400,34317781060
34.5639,28.9319,66.9903,0,100,94,77,1645,3504,2.20099,0,11.1747,2.95807,0,3400,34346713108
45.0466,22.1992,66.9903,0,100,94,77,1645,3504,2.20099,0,11.1747,2.95807,0,3400,34368914523
41.9363,23.8457,66.9903,0,100,94,77,1645,3504,2.20099,0,11.1747,2.95807,0,3400,34392761514
39.8656,25.0843,66.9903,0,100,94,77,1645,3504,2.20099,0,11.1747,2.95807,0,3400,34417847020
45.3184,22.0661,66.9903,0,100,94,77,1645,3504,2.20099,0,11.1747,2.95807,0,3400,34439914586
36.2016,27.6231,66.9903,0,100,94,77,1645,3504,2.20099,0,11.1747,2.95807,0,3400,34467540066
39.3971,25.3826,66.9903,0,100,94,77,1645,3504,2.20099,0,11.1747,2.95807,0,3400,34492923231
45.375,22.0385,66.9903,0,100,94,77,1645,3504,2.20099,0,11.1747,2.95807,0,3400,34514962929
36.9899,27.0344,66.9903,0,100,94,77,1645,3504,2.20099,0,11.1747,2.95807,0,3400,34542014130
49.7973,20.0814,63.7037,0,100,94,77,1645,3504,2.20099,0,11.1672,2.95807,0,3400,34562079836
37.967,26.3387,63.7037,0,100,94,77,1645,3504,2.20099,0,11.1672,2.95807,0,3400,34588419685
39.8801,25.0752,63.7037,0,100,94,77,1645,3504,2.20099,0,11.1672,2.95807,0,3400,34613496503
42.4414,23.5619,63.7037,0,100,94,77,1645,3504,2.20099,0,11.1672,2.95807,0,3400,34637060293
41.6719,23.997,63.7037,0,100,94,77,1645,3504,2.20099,0,11.1672,2.95807,0,3400,34661057823
40.3533,24.7811,63.7037,0,100,94,77,1645,3504,2.20099,0,11.1672,2.95807,0,3400,34685840435
39.1243,25.5596,63.7037,0,100,94,77,1645,3504,2.20099,0,11.1672,2.95807,0,3400,34711401943
44.4031,22.5209,63.7037,0,100,94,77,1645,3504,2.20099,0,11.1672,2.95807,0,3400,34733928441
37.7524,26.4884,63.7037,0,100,94,77,1645,3504,2.20099,0,11.1672,2.95807,0,3400,34760416215
38.9096,25.7006,63.7037,0,100,94,77,1645,3504,2.20099,0,11.1672,2.95807,0,3400,34786117427
43.6591,22.9047,63.7037,0,100,94,77,1645,3504,2.20099,0,11.1672,2.95807,0,3400,34809023626
37.7318,26.5028,63.7037,0,100,94,77,1645,3504,2.20099,0,11.1672,2.95807,0,3400,34835527573
39.0969,25.5775,63.7037,0,100,94,77,1645,3504,2.20099,0,11.1672,2.95807,0,3400,34861106474
44.4817,22.4811,63.7037,0,100,94,77,1645,3504,2.20099,0,11.1672,2.95807,0,3400,34883588368
30.828,32.4381,63.7037,0,100,94,77,1645,3504,2.20099,0,11.1672,2.95807,0,3400,34916028090
43.3286,23.0795,63.7037,0,100,94,77,1645,3504,2.20099,0,11.1672,2.95807,0,3400,34939110157
39.3842,25.3909,63.7037,0,100,94,77,1645,3504,2.20099,0,11.1672,2.95807,0,3400,34964501350
41.8426,23.8991,63.7037,0,100,94,77,1645,3504,2.20099,0,11.1672,2.95807,0,3400,34988401853
37.7393,26.4976,63.7037,0,100,94,77,1645,3504,2.20099,0,11.1672,2.95807,0,3400,35014901132
35.9541,27.8132,63.7037,0,100,94,77,1645,3504,2.20099,0,11.1672,2.95807,0,3400,35042718566
67.596,14.7938,67.6692,0,100,94,78,1645,3504,2.20099,0,11.1672,2.95807,0,3400,35057511015
35.9038,27.8522,67.6692,0,100,94,78,1645,3504,2.20099,0,11.1672,2.95807,0,3400,35085364013
34.4238,29.0497,67.6692,0,100,94,78,1645,3504,2.20099,0,11.1672,2.95807,0,3400,35114419291
53.9989,18.5189,67.6692,0,100,94,78,1645,3504,2.20099,0,11.1672,2.95807,0,3400,35132935100
42.3043,23.6382,67.6692,0,100,94,78,1645,3504,2.20099,0,11.1672,2.95807,0,3400,35156575615
38.5691,25.9275,67.6692,0,100,94,78,1645,3504,2.20099,0,11.1672,2.95807,0,3400,35182520087
41.323,24.1996,67.6692,0,100,94,78,1645,3504,2.20099,0,11.1672,2.95807,0,3400,35206716700
35.0926,28.4961,67.6692,0,100,94,78,1645,3504,2.20099,0,11.1672,2.95807,0,3400,35235214090
44.0684,22.692,67.6692,0,100,94,78,1645,3504,2.20099,0,11.1672,2.95807,0,3400,35257906433
39.0416,25.6137,67.6692,0,100,94,78,1645,3504,2.20099,0,11.1672,2.95807,0,3400,35283523209
37.4142,26.7278,67.6692,0,100,94,78,1645,3504,2.20099,0,11.1672,2.95807,0,3400,35310251767
37.8796,26.3994,67.6692,0,100,94,78,1645,3504,2.20099,0,11.1672,2.95807,0,3400,35336652343
40.0408,24.9745,67.6692,0,100,94,78,1645,3504,2.20099,0,11.1672,2.95807,0,3400,35361628028
33.7891,29.5953,67.6692,0,100,94,78,1645,3504,2.20099,0,11.1672,2.95807,0,3400,35391229125
37.7542,26.4871,67.6692,0,100,94,78,1645,3504,2.20099,0,11.1672,2.95807,0,3400,35417715279
31.8731,31.3744,67.6692,0,100,94,78,1645,3504,2.20099,0,11.1672,2.95807,0,3400,35449092219
41.751,23.9515,67.6692,0,100,94,78,1645,3504,2.20099,0,11.1672,2.95807,0,3400,35473045167
37.4644,26.692,67.6692,0,100,94,78,1645,3504,2.20099,0,11.1672,2.95807,0,3400,35499738276
19.9032,50.2432,67.6692,0,100,94,78,1645,3504,2.20099,0,11.1672,2.95807,0,3400,35549989289
28.9071,34.5936,68.5786,0,100,94,77,1565,3504,2.20099,0,11.1606,2.95807,0,1725,35584597921
42.8325,23.3468,68.5786,0,100,94,77,1565,3504,2.20099,0,11.1606,2.95807,0,1725,35607966730
33.534,29.8205,68.5786,0,100,94,77,1565,3504,2.20099,0,11.1606,2.95807,0,1725,35637810991
19.8206,50.4527,68.5786,0,100,94,77,1565,3504,2.20099,0,11.1606,2.95807,0,1725,35688243149
25.2926,39.5372,68.5786,0,100,94,77,1565,3504,2.20099,0,11.1606,2.95807,0,1725,35727802988
46.8682,21.3364,68.5786,0,100,94,77,1565,3504,2.20099,0,11.1606,2.95807,0,1725,35749118744
21.7349,46.0089,68.5786,0,100,94,77,1565,3504,2.20099,0,11.1606,2.95807,0,1725,35795190893
25.1673,39.734,68.5786,0,100,94,77,1565,3504,2.20099,0,11.1606,2.95807,0,1725,35834890126
19.7594,50.6087,68.5786,0,100,94,77,1565,3504,2.20099,0,11.1606,2.95807,0,1725,35885499153
31.4012,31.8459,68.5786,0,100,94,77,1565,3504,2.20099,0,11.1606,2.95807,0,1725,35917346409
28.581,34.9883,68.5786,0,100,94,77,1565,3504,2.20099,0,11.1606,2.95807,0,1725,35952357435
23.468,42.6111,68.5786,0,100,94,77,1565,3504,2.20099,0,11.1606,2.95807,0,1725,35994971014
20.1205,49.7006,68.5786,0,100,94,77,1565,3504,2.20099,0,11.1606,2.95807,0,1725,36044671096
27.9956,35.7199,68.5786,0,100,94,77,1565,3504,2.20099,0,11.1606,2.95807,0,1725,36080416603
46.2277,21.6321,89.1041,0,100,86,77,1565,3504,2.20099,0,11.1606,2.95807,0,1802,36102038597
37.2595,26.8388,89.1041,0,100,86,77,1565,3504,2.20099,0,11.1606,2.95807,0,1802,36128867041
21.3498,46.8389,89.1041,0,100,86,77,1565,3504,2.20099,0,11.1606,2.95807,0,1802,36175728978
34.1894,29.2488,89.1041,0,100,86,77,1565,3504,2.20099,0,11.1606,2.95807,0,1802,36204999175
23.2133,43.0788,89.1041,0,100,86,77,1565,3504,2.20099,0,11.1606,2.95807,0,1802,36248078332
41.0213,24.3776,89.1041,0,100,86,77,1565,3504,2.20099,0,11.1606,2.95807,0,1802,36272458959
24.5782,40.6864,89.1041,0,100,86,77,1565,3504,2.20099,0,11.1606,2.95807,0,1802,36313144784
56.8352,17.5947,89.1041,0,100,86,77,1565,3504,2.20099,0,11.1606,2.95807,0,1802,36330763237
30.4452,32.8459,89.1041,0,100,86,77,1565,3504,2.20099,0,11.1606,2.95807,0,1802,36363588942
23.1665,43.1657,89.1041,0,100,86,77,1565,3504,2.20099,0,11.1606,2.95807,0,1802,36406778398
22.1169,45.2143,89.1041,0,100,86,77,1565,3504,2.20099,0,11.1606,2.95807,0,1802,36451971678
31.716,31.5299,89.1041,0,100,86,77,1565,3504,2.20099,0,11.1606,2.95807,0,1802,36483523626
32.7527,30.5319,89.1041,0,100,86,77,1565,3504,2.20099,0,11.1606,2.95807,0,1802,36514057003
31.7662,31.48,89.1041,0,100,86,77,1565,3504,2.20099,0,11.1606,2.95807,0,1802,36545516985
37.8986,26.3862,89.1041,0,100,86,77,1565,3504,2.20099,0,11.1606,2.95807,0,1802,36571905101
26.7233,37.4206,89.1041,0,100,86,77,1565,3504,2.20099,0,11.1606,2.95807,0,1802,36609328433
25.4768,39.2514,85.7488,0,83,86,74,1460,3504,2.20099,0,11.1608,2.95807,0,1742,36648578468
25.1399,39.7774,85.7488,0,83,86,74,1460,3504,2.20099,0,11.1608,2.95807,0,1742,36688356514
23.1306,43.2327,85.7488,0,83,86,74,1460,3504,2.20099,0,11.1608,2.95807,0,1742,36731590987
43.9979,22.7284,85.7488,0,83,86,74,1460,3504,2.20099,0,11.1608,2.95807,0,1742,36754321532
30.4432,32.8481,85.7488,0,83,86,74,1460,3504,2.20099,0,11.1608,2.95807,0,1742,36787201597
27.5471,36.3014,85.7488,0,83,86,74,1460,3504,2.20099,0,11.1608,2.95807,0,1742,36823490233
22.7663,43.9245,85.7488,0,83,86,74,1460,3504,2.20099,0,11.1608,2.95807,0,1742,36867403870
20.2819,49.305,85.7488,0,83,86,74,1460,3504,2.20099,0,11.1608,2.95807,0,1742,36916731244
33.0699,30.239,85.7488,0,83,86,74,1460,3504,2.20099,0,11.1608,2.95807,0,1742,36946971106
42.2094,23.6914,85.7488,0,83,86,74,1460,3504,2.20099,0,11.1608,2.95807,0,1742,36970643484
28.1723,35.4959,85.7488,0,83,86,74,1460,3504,2.20099,0,11.1608,2.95807,0,1742,37006141210
27.3937,36.5048,85.7488,0,83,86,74,1460,3504,2.20099,0,11.1608,2.95807,0,1742,37042666728
39.3409,25.4189,85.7488,0,83,86,74,1460,3504,2.20099,0,11.1608,2.95807,0,1742,37068087162
25.2837,39.5512,85.7488,0,83,86,74,1460,3504,2.20099,0,11.1608,2.95807,0,1742,37107639425
24.909,40.1461,85.7488,0,83,86,74,1460,3504,2.20099,0,11.1608,2.95807,0,1742,37147792889
35.5662,28.1166,81.9672,0,83,85,74,1460,3504,2.20099,0,11.1608,2.95807,0,1731,37175918179
26.153,38.2366,81.9672,0,83,85,74,1460,3504,2.20099,0,11.1608,2.95807,0,1731,37214143801
24.9548,40.0724,81.9672,0,83,85,74,1460,3504,2.20099,0,11.1608,2.95807,0,1731,37254217214
34.3644,29.0999,81.9672,0,83,85,74,1460,3504,2.20099,0,11.1608,2.95807,0,1731,37283317905
22.7825,43.8934,81.9672,0,83,85,74,1460,3504,2.20099,0,11.1608,2.95807,0,1731,37327213619
33.0778,30.2317,81.9672,0,83,85,74,1460,3504,2.20099,0,11.1608,2.95807,0,1731,37357445044
26.8957,37.1806,81.9672,0,83,85,74,1460,3504,2.20099,0,11.1608,2.95807,0,1731,37394667156
27.4989,36.3651,81.9672,0,83,85,74,1460,3504,2.20099,0,11.1608,2.95807,0,1731,37431034142
38.1744,26.1955,81.9672,0,83,85,74,1460,3504,2.20099,0,11.1608,2.95807,0,1731,37457229925
26.642,37.5348,81.9672,0,83,85,74,1460,3504,2.20099,0,11.1608,2.95807,0,1731,37494786676
24.0147,41.6412,81.9672,0,83,85,74,1460,3504,2.20099,0,11.1608,2.95807,0,1731,37536450238
31.2852,31.964,81.9672,0,83,85,74,1460,3504,2.20099,0,11.1608,2.95807,0,1731,37568394377
22.0115,45.4307,81.9672,0,83,85,74,1460,3504,2.20099,0,11.1608,2.95807,0,1731,37613826363
43.4739,23.0023,81.9672,0,83,85,74,1460,3504,2.20099,0,11.1608,2.95807,0,1731,37636830949
28.6379,34.9188,81.9672,0,83,85,74,1460,3504,2.20099,0,11.1608,2.95807,0,1731,37671775166
27.8979,35.845,85.049,0,80,85,74,1476,3504,2.20099,0,11.1608,2.95807,0,1724,37707616950
29.2585,34.1781,85.049,0,80,85,74,1476,3504,2.20099,0,11.1608,2.95807,0,1724,37741817623
34.704,28.8151,85.049,0,80,85,74,1476,3504,2.20099,0,11.1608,2.95807,0,1724,37770612722
26.2083,38.1559,85.049,0,80,85,74,1476,3504,2.20099,0,11.1608,2.95807,0,1724,37808771178
32.2301,31.0269,85.049,0,80,85,74,1476,3504,2.20099,0,11.1608,2.95807,0,1724,37839798583
24.2368,41.2596,85.049,0,80,85,74,1476,3504,2.20099,0,11.1608,2.95807,0,1724,37881059633
27.4143,36.4773,85.049,0,80,85,74,1476,3504,2.20099,0,11.1608,2.95807,0,1724,37917558185
19.4866,51.3173,85.049,0,80,85,74,1476,3504,2.20099,0,11.1608,2.95807,0,1724,37968878190
29.4672,33.936,85.049,0,80,85,74,1476,3504,2.20099,0,11.1608,2.95807,0,1724,38002814548
20.7643,48.1595,85.049,0,80,85,74,1476,3504,2.20099,0,11.1608,2.95807,0,1724,38050976590
54.3851,18.3874,85.049,0,80,85,74,1476,3504,2.20099,0,11.1608,2.95807,0,1724,38069365100
27.061,36.9536,85.049,0,80,85,74,1476,3504,2.20099,0,11.1608,2.95807,0,1724,38106319268
35.1433,28.4549,85.049,0,80,85,74,1476,3504,2.20099,0,11.1608,2.95807,0,1724,38134776293
24.8201,40.2899,85.049,0,80,85,74,1476,3504,2.20099,0,11.1608,2.95807,0,1724,38175092820
27.3091,36.6179,85.422,0,80,85,74,1476,3504,2.20099,0,11.1608,2.95807,0,1739,38211686206
24.598,40.6536,85.422,0,80,85,74,1476,3504,2.20099,0,11.1608,2.95807,0,1739,38252340399
56.7934,17.6077,85.422,0,80,85,74,1476,3504,2.20099,0,11.1608,2.95807,0,1739,38269948066
33.1689,30.1487,85.422,0,80,85,74,1476,3504,2.20099,0,11.1608,2.95807,0,1739,38300098557
22.3651,44.7126,85.422,0,80,85,74,1476,3504,2.20099,0,11.1608,2.95807,0,1739,38344813594
28.2971,35.3394,85.422,0,80,85,74,1476,3504,2.20099,0,11.1608,2.95807,0,1739,38380160374
23.8615,41.9086,85.422,0,80,85,74,1476,3504,2.20099,0,11.1608,2.95807,0,1739,38422086828
32.9912,30.3111,85.422,0,80,85,74,1476,3504,2.20099,0,11.1608,2.95807,0,1739,38452377841
24.1531,41.4025,85.422,0,80,85,74,1476,3504,2.20099,0,11.1608,2.95807,0,1739,38493780364
31.0834,32.1715,85.422,0,80,85,74,1476,3504,2.20099,0,11.1608,2.95807,0,1739,38525973926
26.0637,38.3675,85.422,0,80,85,74,1476,3504,2.20099,0,11.1608,2.95807,0,1739,38564323290
38.1288,26.2269,85.422,0,80,85,74,1476,3504,2.20099,0,11.1608,2.95807,0,1739,38590551066
30.1327,33.1865,85.422,0,80,85,74,1476,3504,2.20099,0,11.1608,2.95807,0,1739,38623759401
27.022,37.0069,85.422,0,80,85,74,1476,3504,2.20099,0,11.1608,2.95807,0,1739,38660786034
28.4814,35.1107,85.422,0,80,85,74,1476,3504,2.20099,0,11.1608,2.95807,0,1739,38695904317
23.171,43.1574,82.9268,0,78,85,74,1468,3504,2.20099,0,11.1608,2.95807,0,1761,38739039582
31.5752,31.6704,82.9268,0,78,85,74,1468,3504,2.20099,0,11.1608,2.95807,0,1761,38770711035
21.8521,45.7622,82.9268,0,78,85,74,1468,3504,2.20099,0,11.1608,2.95807,0,1761,38816474277
33.5738,29.7851,82.9268,0,78,85,74,1468,3504,2.20099,0,11.1608,2.95807,0,1761,38846260823
32.1301,31.1235,82.9268,0,78,85,74,1468,3504,2.20099,0,11.1608,2.95807,0,1761,38877386526
21.3642,46.8072,82.9268,0,78,85,74,1468,3504,2.20099,0,11.1608,2.95807,0,1761,38924193956
29.02,34.459,82.9268,0,78,85,74,1468,3504,2.20099,0,11.1608,2.95807,0,1761,38958655513
19.4383,51.4448,82.9268,0,78,85,74,1468,3504,2.20099,0,11.1608,2.95807,0,1761,39010101833
20.3735,49.0835,82.9268,0,78,85,74,1468,3504,2.20099,0,11.1608,2.95807,0,1761,39059207195
29.7284,33.6379,82.9268,0,78,85,74,1468,3504,2.20099,0,11.1608,2.95807,0,1761,39092826261
28.5945,34.9718,82.9268,0,78,85,74,1468,3504,2.20099,0,11.1608,2.95807,0,1761,39127799054
29.6981,33.6722,82.9268,0,78,85,74,1468,3504,2.20099,0,11.1608,2.95807,0,1761,39161471876
19.2752,51.8802,82.9268,0,78,85,74,1468,3504,2.20099,0,11.1608,2.95807,0,1761,39213383832
29.9735,33.3628,89.6552,0,75,86,74,1498,3504,2.20099,0,11.1608,2.95807,0,1731,39246718362
34.3259,29.1325,89.6552,0,75,86,74,1498,3504,2.20099,0,11.1608,2.95807,0,1731,39275851493
23.988,41.6875,89.6552,0,75,86,74,1498,3504,2.20099,0,11.1608,2.95807,0,1731,39317561910
24.7491,40.4055,89.6552,0,75,86,74,1498,3504,2.20099,0,11.1608,2.95807,0,1731,39358094055
39.7187,25.177,89.6552,0,75,86,74,1498,3504,2.20099,0,11.1608,2.95807,0,1731,39383126077
42.5646,23.4937,89.6552,0,75,86,74,1498,3504,2.20099,0,11.1608,2.95807,0,1731,39406620791
28.4535,35.1451,89.6552,0,75,86,74,1498,3504,2.20099,0,11.1608,2.95807,0,1731,39441770093
34.8585,28.6874,89.6552,0,75,86,74,1498,3504,2.20099,0,11.1608,2.95807,0,1731,39470455972
26.0775,38.3472,89.6552,0,75,86,74,1498,3504,2.20099,0,11.1608,2.95807,0,1731,39508806338
29.5324,33.8611,89.6552,0,75,86,74,1498,3504,2.20099,0,11.1608,2.95807,0,1731,39542666902
23.9345,41.7806,89.6552,0,75,86,74,1498,3504,2.20099,0,11.1608,2.95807,0,1731,39584449102
55.8717,17.8981,89.6552,0,75,86,74,1498,3504,2.20099,0,11.1608,2.95807,0,1731,39602369313
26.3161,37.9995,89.6552,0,75,86,74,1498,3504,2.20099,0,11.1608,2.95807,0,1731,39642763414
37.2558,26.8415,89.6552,0,75,86,74,1498,3504,2.20099,0,11.1608,2.95807,0,1731,39667233252
26.3069,38.0128,89.6552,0,75,86,74,1498,3504,2.20099,0,11.1608,2.95807,0,1731,39705226299
39.2783,25.4593,89.6552,0,75,86,74,1498,3504,2.20099,0,11.1608,2.95807,0,1731,39730692872
22.328,44.7868,88.2064,0,75,86,74,1498,3504,2.20099,0,11.169,2.95807,0,1778,39775475352
40.9823,24.4008,88.2064,0,75,86,74,1498,3504,2.20099,0,11.169,2.95807,0,1778,39799877313
46.5773,21.4697,88.2064,0,75,86,74,1498,3504,2.20099,0,11.169,2.95807,0,1778,39821369135
18.8265,53.1165,88.2064,0,75,86,74,1498,3504,2.20099,0,11.169,2.95807,0,1778,39874487057
42.8509,23.3367,88.2064,0,75,86,74,1498,3504,2.20099,0,11.169,2.95807,0,1778,39897824272
49.2109,20.3207,88.2064,0,75,86,74,1498,3504,2.20099,0,11.169,2.95807,0,1778,39918147424
10.4546,95.652,88.2064,0,75,86,74,1498,3504,2.20099,0,11.169,2.95807,0,1778,40013798637
11.239,88.9762,88.2064,0,75,86,74,1498,3504,2.20099,0,11.169,2.95807,0,1778,40102776762
39.0267,25.6235,88.2064,0,75,86,74,1498,3504,2.20099,0,11.169,2.95807,0,1778,40128401891
9.5212,105.029,88.2064,0,75,86,74,1498,3504,2.20099,0,11.169,2.95807,0,1778,40233455799
33.4574,29.8888,70,0,76,85,73,1470,3504,2.20099,0,11.169,2.95807,0,1748,40263321356
40.2743,24.8298,70,0,76,85,73,1470,3504,2.20099,0,11.169,2.95807,0,1748,40288152514
23.3978,42.7392,70,0,76,85,73,1470,3504,2.20099,0,11.169,2.95807,0,1748,40330893986
27.4689,36.4048,70,0,76,85,73,1470,3504,2.20099,0,11.169,2.95807,0,1748,40367298672
16.6245,60.1523,70,0,76,85,73,1470,3504,2.20099,0,11.169,2.95807,0,1748,40427454255
20.1686,49.5821,70,0,76,85,73,1470,3504,2.20099,0,11.169,2.95807,0,1748,40477036722
28.1093,35.5755,70,0,76,85,73,1470,3504,2.20099,0,11.169,2.95807,0,1748,40512612889
19.3027,51.8062,70,0,76,85,73,1470,3504,2.20099,0,11.169,2.95807,0,1748,40564421176
19.0648,52.4528,70,0,76,85,73,1470,3504,2.20099,0,11.169,2.95807,0,1748,40616873524
24.467,40.8714,70,0,76,85,73,1470,3504,2.20099,0,11.169,2.95807,0,1748,40657746107
17.1816,58.2018,70,0,76,85,73,1470,3504,2.20099,0,11.169,2.95807,0,1748,40715949563
23.9312,41.7864,70,0,76,85,73,1470,3504,2.20099,0,11.169,2.95807,0,1748,40757744546
30.5666,32.7155,89.6135,0,76,85,73,1470,3504,2.20099,0,11.1836,2.95807,0,1723,40790453184
32.1585,31.096,89.6135,0,76,85,73,1470,3504,2.20099,0,11.1836,2.95807,0,1723,40821550930
24.3825,41.013,89.6135,0,76,85,73,1470,3504,2.20099,0,11.1836,2.95807,0,1723,40862565561
28.7345,34.8013,89.6135,0,76,85,73,1470,3504,2.20099,0,11.1836,2.95807,0,1723,40897389847
24.1902,41.339,89.6135,0,76,85,73,1470,3504,2.20099,0,11.1836,2.95807,0,1723,40938709642
32.6773,30.6022,89.6135,0,76,85,73,1470,3504,2.20099,0,11.1836,2.95807,0,1723,40969311998
47.4476,21.0759,89.6135,0,76,85,73,1470,3504,2.20099,0,11.1836,2.95807,0,1723,40990389399
23.5773,42.4136,89.6135,0,76,85,73,1470,3504,2.20099,0,11.1836,2.95807,0,1723,41032826220
23.8502,41.9283,89.6135,0,76,85,73,1470,3504,2.20099,0,11.1836,2.95807,0,1723,41074735386
23.4019,42.7315,89.6135,0,76,85,73,1470,3504,2.20099,0,11.1836,2.95807,0,1723,41117493153
71.9419,13.9001,89.6135,0,76,85,73,1470,3504,2.20099,0,11.1836,2.95807,0,1723,41131368785
45.8949,21.7889,89.6135,0,76,85,73,1470,3504,2.20099,0,11.1836,2.95807,0,1723,41153157991
42.7226,23.4068,89.6135,0,76,85,73,1470,3504,2.20099,0,11.1836,2.95807,0,1723,41176586972
28.0693,35.6261,89.6135,0,76,85,73,1470,3504,2.20099,0,11.1836,2.95807,0,1723,41212235297
77.5351,12.8974,89.6135,0,76,85,73,1470,3504,2.20099,0,11.1836,2.95807,0,1723,41225114077
30.4002,32.8945,89.6135,0,76,85,73,1470,3504,2.20099,0,11.1836,2.95807,0,1723,41258015834
65.6328,15.2363,88.0711,0,54,83,73,1596,3504,2.20099,0,11.1888,2.95807,0,1771,41273246709
27.0761,36.933,88.0711,0,54,83,73,1596,3504,2.20099,0,11.1888,2.95807,0,1771,41310182422
72.0889,13.8718,88.0711,0,54,83,73,1596,3504,2.20099,0,11.1888,2.95807,0,1771,41324055030
38.8882,25.7147,88.0711,0,54,83,73,1596,3504,2.20099,0,11.1888,2.95807,0,1771,41349771418
43.7117,22.8772,88.0711,0,54,83,73,1596,3504,2.20099,0,11.1888,2.95807,0,1771,41372649424
55.3219,18.076,88.0711,0,54,83,73,1596,3504,2.20099,0,11.1888,2.95807,0,1771,41390726063
53.21,18.7935,88.0711,0,54,83,73,1596,3504,2.20099,0,11.1888,2.95807,0,1771,41409520455
32.9314,30.3662,88.0711,0,54,83,73,1596,3504,2.20099,0,11.1888,2.95807,0,1771,41439887720
70.0859,14.2682,88.0711,0,54,83,73,1596,3504,2.20099,0,11.1888,2.95807,0,1771,41454157395
47.0949,21.2337,88.0711,0,54,83,73,1596,3504,2.20099,0,11.1888,2.95807,0,1771,41475392021
38.5463,25.9428,88.0711,0,54,83,73,1596,3504,2.20099,0,11.1888,2.95807,0,1771,41501359436
39.1457,25.5456,88.0711,0,54,83,73,1596,3504,2.20099,0,11.1888,2.95807,0,1771,41526883912
49.2272,20.314,88.0711,0,54,83,73,1596,3504,2.20099,0,11.1888,2.95807,0,1771,41547198767
42.3824,23.5947,88.0711,0,54,83,73,1596,3504,2.20099,0,11.1888,2.95807,0,1771,41570793406
46.9297,21.3085,88.0711,0,54,83,73,1596,3504,2.20099,0,11.1888,2.95807,0,1771,41592125000
40.3969,24.7544,88.0711,0,54,83,73,1596,3504,2.20099,0,11.1888,2.95807,0,1771,41616860002
42.9722,23.2709,88.0711,0,54,83,73,1596,3504,2.20099,0,11.1888,2.95807,0,1771,41640132173
44.7261,22.3583,88.0711,0,54,83,73,1596,3504,2.20099,0,11.1888,2.95807,0,1771,41662491778
39.2681,25.466,88.0711,0,54,83,73,1596,3504,2.20099,0,11.1888,2.95807,0,1771,41687979961
41.4944,24.0996,88.0711,0,54,83,73,1596,3504,2.20099,0,11.1888,2.95807,0,1771,41712102301
57.2152,17.4779,88.0711,0,54,83,73,1596,3504,2.20099,0,11.1888,2.95807,0,1771,41729560458
42.611,23.4681,88.0711,0,54,83,73,1596,3504,2.20099,0,11.1888,2.95807,0,1771,41753030840
40.6505,24.5999,88.0711,0,54,83,73,1596,3504,2.20099,0,11.1888,2.95807,0,1771,41777634118
41.0814,24.3419,72.5247,0,54,83,73,1596,3504,2.20099,0,11.1891,2.95807,0,1818,41801995148
50.9173,19.6397,72.5247,0,54,83,73,1596,3504,2.20099,0,11.1891,2.95807,0,1818,41821637534
41.4773,24.1096,72.5247,0,54,83,73,1596,3504,2.20099,0,11.1891,2.95807,0,1818,41845748243
47.3923,21.1005,72.5247,0,54,83,73,1596,3504,2.20099,0,11.1891,2.95807,0,1818,41866849325
35.6375,28.0603,72.5247,0,54,83,73,1596,3504,2.20099,0,11.1891,2.95807,0,1818,41894911699
47.8859,20.883,72.5247,0,54,83,73,1596,3504,2.20099,0,11.1891,2.95807,0,1818,41915795750
39.9534,25.0291,72.5247,0,54,83,73,1596,3504,2.20099,0,11.1891,2.95807,0,1818,41940825693
46.355,21.5726,72.5247,0,54,83,73,1596,3504,2.20099,0,11.1891,2.95807,0,1818,41962399400
41.8587,23.8899,72.5247,0,54,83,73,1596,3504,2.20099,0,11.1891,2.95807,0,1818,41986324562
43.4523,23.0137,72.5247,0,54,83,73,1596,3504,2.20099,0,11.1891,2.95807,0,1818,42009337150
49.9914,20.0034,72.5247,0,54,83,73,1596,3504,2.20099,0,11.1891,2.95807,0,1818,42029341650
41.3953,24.1573,72.5247,0,54,83,73,1596,3504,2.20099,0,11.1891,2.95807,0,1818,42053521624
31.9853,31.2643,72.5247,0,54,83,73,1596,3504,2.20099,0,11.1891,2.95807,0,1818,42084787410
59.8614,16.7053,72.5247,0,54,83,73,1596,3504,2.20099,0,11.1891,2.95807,0,1818,42101494641
31.1643,32.088,72.5247,0,54,83,73,1596,3504,2.20099,0,11.1891,2.95807,0,1818,42133603987
62.1069,16.1013,72.5247,0,54,83,73,1596,3504,2.20099,0,11.1891,2.95807,0,1818,42151305057
35.416,28.2358,72.5247,0,54,83,73,1596,3504,2.20099,0,11.1891,2.95807,0,1818,42177945021
60.9426,16.4089,72.5247,0,54,83,73,1596,3504,2.20099,0,11.1891,2.95807,0,1818,42194333777
45.2726,22.0884,72.5247,0,54,83,73,1596,3504,2.20099,0,11.1891,2.95807,0,1818,42216422913
44.5886,22.4272,72.5247,0,54,83,73,1596,3504,2.20099,0,11.1891,2.95807,0,1818,42238851511
39.2198,25.4973,72.5247,0,54,83,73,1596,3504,2.20099,0,11.1891,2.95807,0,1818,42264349668
44.0367,22.7083,72.5247,0,54,83,73,1596,3504,2.20099,0,11.1891,2.95807,0,1818,42287083191
39.9805,25.0122,73.2997,0,87,83,74,1434,3504,2.2001,0,11.1891,2.95807,0,1748,42312094224
49.1201,20.3583,73.2997,0,87,83,74,1434,3504,2.2001,0,11.1891,2.95807,0,1748,42332433125
43.4426,23.0189,73.2997,0,87,83,74,1434,3504,2.2001,0,11.1891,2.95807,0,1748,42355473431
41.8965,23.8683,73.2997,0,87,83,74,1434,3504,2.2001,0,11.1891,2.95807,0,1748,42379321872
48.7113,20.5291,73.2997,0,87,83,74,1434,3504,2.2001,0,11.1891,2.95807,0,1748,42399852667
41.5715,24.0549,73.2997,0,87,83,74,1434,3504,2.2001,0,11.1891,2.95807,0,1748,42423909052
42.5594,23.4966,73.2997,0,87,83,74,1434,3504,2.2001,0,11.1891,2.95807,0,1748,42447407637
40.5356,24.6697,73.2997,0,87,83,74,1434,3504,2.2001,0,11.1891,2.95807,0,1748,42472077678
44.302,22.5723,73.2997,0,87,83,74,1434,3504,2.2001,0,11.1891,2.95807,0,1748,42494651526
44.8308,22.3061,73.2997,0,87,83,74,1434,3504,2.2001,0,11.1891,2.95807,0,1748,42516979620
45.9147,21.7795,73.2997,0,87,83,74,1434,3504,2.2001,0,11.1891,2.95807,0,1748,42538761863
41.7639,23.9441,73.2997,0,87,83,74,1434,3504,2.2001,0,11.1891,2.95807,0,1748,42562705985
45.2129,22.1176,73.2997,0,87,83,74,1434,3504,2.2001,0,11.1891,2.95807,0,1748,42584826043
40.354,24.7807,73.2997,0,87,83,74,1434,3504,2.2001,0,11.1891,2.95807,0,1748,42609608826
38.291,26.1158,73.2997,0,87,83,74,1434,3504,2.2001,0,11.1891,2.95807,0,1748,42635749803
52.213,19.1523,73.2997,0,87,83,74,1434,3504,2.2001,0,11.1891,2.95807,0,1748,42654916933
45.7768,21.8451,73.2997,0,87,83,74,1434,3504,2.2001,0,11.1891,2.95807,0,1748,42676770934
37.9198,26.3714,73.2997,0,87,83,74,1434,3504,2.2001,0,11.1891,2.95807,0,1748,42703123377
32.4357,30.8303,73.2997,0,87,83,74,1434,3504,2.2001,0,11.1891,2.95807,0,1748,42733955500
75.62,13.224,73.2997,0,87,83,74,1434,3504,2.2001,0,11.1891,2.95807,0,1748,42747203900
34.4003,29.0695,73.2997,0,87,83,74,1434,3504,2.2001,0,11.1891,2.95807,0,1748,42776273711
54.9233,18.2072,73.2997,0,87,83,74,1434,3504,2.2001,0,11.1891,2.95807,0,1748,42794507534
41.7244,23.9668,70.0508,0,100,83,74,1417,3504,2.19916,0,11.1893,2.95807,0,1788,42818463613
42.3345,23.6214,70.0508,0,100,83,74,1417,3504,2.19916,0,11.1893,2.95807,0,1788,42842072705
40.8877,24.4572,70.0508,0,100,83,74,1417,3504,2.19916,0,11.1893,2.95807,0,1788,42866530919
53.193,18.7995,70.0508,0,100,83,74,1417,3504,2.19916,0,11.1893,2.95807,0,1788,42885353439
38.163,26.2034,70.0508,0,100,83,74,1417,3504,2.19916,0,11.1893,2.95807,0,1788,42911537803
39.8037,25.1233,70.0508,0,100,83,74,1417,3504,2.19916,0,11.1893,2.95807,0,1788,42936660601
44.0982,22.6767,70.0508,0,100,83,74,1417,3504,2.19916,0,11.1893,2.95807,0,1788,42959338877
43.7058,22.8802,70.0508,0,100,83,74,1417,3504,2.19916,0,11.1893,2.95807,0,1788,42982242012
45.071,22.1872,70.0508,0,100,83,74,1417,3504,2.19916,0,11.1893,2.95807,0,1788,43004409403
41.209,24.2666,70.0508,0,100,83,74,1417,3504,2.19916,0,11.1893,2.95807,0,1788,43028697599
33.2398,30.0844,70.0508,0,100,83,74,1417,3504,2.19916,0,11.1893,2.95807,0,1788,43058762501
54.5505,18.3316,70.0508,0,100,83,74,1417,3504,2.19916,0,11.1893,2.95807,0,1788,43077095735
41.3316,24.1946,70.0508,0,100,83,74,1417,3504,2.19916,0,11.1893,2.95807,0,1788,43101306300
41.0024,24.3888,70.0508,0,100,83,74,1417,3504,2.19916,0,11.1893,2.95807,0,1788,43125681668
46.6894,21.4181,70.0508,0,100,83,74,1417,3504,2.19916,0,11.1893,2.95807,0,1788,43147101371
42.855,23.3345,70.0508,0,100,83,74,1417,3504,2.19916,0,11.1893,2.95807,0,1788,43170437260
48.4965,20.6201,70.0508,0,100,83,74,1417,3504,2.19916,0,11.1893,2.95807,0,1788,43191080939
40.5514,24.66,70.0508,0,100,83,74,1417,3504,2.19916,0,11.1893,2.95807,0,1788,43215720271
42.7618,23.3854,70.0508,0,100,83,74,1417,3504,2.19916,0,11.1893,2.95807,0,1788,43239128282
39.7777,25.1397,70.0508,0,100,83,74,1417,3504,2.19916,0,11.1893,2.95807,0,1788,43264269886
50.0798,19.9681,70.0508,0,100,83,74,1417,3504,2.19916,0,11.1893,2.95807,0,1788,43284217604
37.3286,26.7891,70.0508,0,100,83,74,1417,3504,2.19916,0,11.1893,2.95807,0,1788,43311010613
56.3193,17.7559,71.8519,0,100,83,74,1417,3504,2.1985,0,11.1893,2.95807,0,1769,43328786391
35.7603,27.9639,71.8519,0,100,83,74,1417,3504,2.1985,0,11.1893,2.95807,0,1769,43356751747
53.4811,18.6982,71.8519,0,100,83,74,1417,3504,2.1985,0,11.1893,2.95807,0,1769,43375450135
34.3443,29.1169,71.8519,0,100,83,74,1417,3504,2.1985,0,11.1893,2.95807,0,1769,43404588837
49.7476,20.1015,71.8519,0,100,83,74,1417,3504,2.1985,0,11.1893,2.95807,0,1769,43424693016
43.7061,22.8801,71.8519,0,100,83,74,1417,3504,2.1985,0,11.1893,2.95807,0,1769,43447552394
41.6109,24.0322,71.8519,0,100,83,74,1417,3504,2.1985,0,11.1893,2.95807,0,1769,43471585606
45.9407,21.7672,71.8519,0,100,83,74,1417,3504,2.1985,0,11.1893,2.95807,0,1769,43493374915
42.2749,23.6547,71.8519,0,100,83,74,1417,3504,2.1985,0,11.1893,2.95807,0,1769,43517030478
42.2895,23.6465,71.8519,0,100,83,74,1417,3504,2.1985,0,11.1893,2.95807,0,1769,43540677983
42.947,23.2845,71.8519,0,100,83,74,1417,3504,2.1985,0,11.1893,2.95807,0,1769,43563963308
39.3962,25.3832,71.8519,0,100,83,74,1417,3504,2.1985,0,11.1893,2.95807,0,1769,43589368477
39.1863,25.5191,71.8519,0,100,83,74,1417,3504,2.1985,0,11.1893,2.95807,0,1769,43614867709
53.0953,18.8341,71.8519,0,100,83,74,1417,3504,2.1985,0,11.1893,2.95807,0,1769,43633705043
36.6643,27.2745,71.8519,0,100,83,74,1417,3504,2.1985,0,11.1893,2.95807,0,1769,43660980205
46.4342,21.5359,71.8519,0,100,83,74,1417,3504,2.1985,0,11.1893,2.95807,0,1769,43682539499
45.7234,21.8706,71.8519,0,100,83,74,1417,3504,2.1985,0,11.1893,2.95807,0,1769,43704389189
37.605,26.5922,71.8519,0,100,83,74,1417,3504,2.1985,0,11.1893,2.95807,0,1769,43730982670
46.6343,21.4434,71.8519,0,100,83,74,1417,3504,2.1985,0,11.1893,2.95807,0,1769,43752427958
36.2778,27.5651,71.8519,0,100,83,74,1417,3504,2.1985,0,11.1893,2.95807,0,1769,43779992960
47.1671,21.2012,71.8519,0,100,83,74,1417,3504,2.1985,0,11.1893,2.95807,0,1769,43801195289
40.7277,24.5533,71.8519,0,100,83,74,1417,3504,2.1985,0,11.1893,2.95807,0,1769,43825777486
37.4482,26.7036,71.5365,0,100,83,74,1417,3504,2.1985,0,11.1901,2.95807,0,1737,43852477006
39.4208,25.3673,71.5365,0,100,83,74,1417,3504,2.1985,0,11.1901,2.95807,0,1737,43877823873
64.7802,15.4368,71.5365,0,100,83,74,1417,3504,2.1985,0,11.1901,2.95807,0,1737,43893261258
40.4448,24.725,71.5365,0,100,83,74,1417,3504,2.1985,0,11.1901,2.95807,0,1737,43918009038
41.8838,23.8756,71.5365,0,100,83,74,1417,3504,2.1985,0,11.1901,2.95807,0,1737,43941864780
50.1343,19.9464,71.5365,0,100,83,74,1417,3504,2.1985,0,11.1901,2.95807,0,1737,43961811890
40.2025,24.8741,71.5365,0,100,83,74,1417,3504,2.1985,0,11.1901,2.95807,0,1737,43986687232
41.162,24.2942,71.5365,0,100,83,74,1417,3504,2.1985,0,11.1901,2.95807,0,1737,44010982962
46.8672,21.3369,71.5365,0,100,83,74,1417,3504,2.1985,0,11.1901,2.95807,0,1737,44032343083
35.8018,27.9315,71.5365,0,100,83,74,1417,3504,2.1985,0,11.1901,2.95807,0,1737,44060274669
43.7665,22.8485,71.5365,0,100,83,74,1417,3504,2.1985,0,11.1901,2.95807,0,1737,44083125664
45.8571,21.8069,71.5365,0,100,83,74,1417,3504,2.1985,0,11.1901,2.95807,0,1737,44104932838
49.4971,20.2032,71.5365,0,100,83,74,1417,3504,2.1985,0,11.1901,2.95807,0,1737,44125136885
40.5717,24.6477,71.5365,0,100,83,74,1417,3504,2.1985,0,11.1901,2.95807,0,1737,44149786013
41.5307,24.0786,71.5365,0,100,83,74,1417,3504,2.1985,0,11.1901,2.95807,0,1737,44173866125
41.1428,24.3056,71.5365,0,100,83,74,1417,3504,2.1985,0,11.1901,2.95807,0,1737,44198172837
43.3541,23.0659,71.5365,0,100,83,74,1417,3504,2.1985,0,11.1901,2.95807,0,1737,44221261202
49.1746,20.3357,71.5365,0,100,83,74,1417,3504,2.1985,0,11.1901,2.95807,0,1737,44241576863
40.1486,24.9075,71.5365,0,100,83,74,1417,3504,2.1985,0,11.1901,2.95807,0,1737,44266485652
38.8017,25.7721,71.5365,0,100,83,74,1417,3504,2.1985,0,11.1901,2.95807,0,1737,44292259103
37.8814,26.3982,71.5365,0,100,83,74,1417,3504,2.1985,0,11.1901,2.95807,0,1737,44318658436
52.1278,19.1836,71.5365,0,100,83,74,1417,3504,2.1985,0,11.1901,2.95807,0,1737,44337847231
43.7695,22.847,72.3785,0,100,82,74,1417,3504,2.19742,0,11.1824,2.95807,0,1778,44360692283
36.5665,27.3475,72.3785,0,100,82,74,1417,3504,2.19742,0,11.1824,2.95807,0,1778,44388061386
53.4281,18.7167,72.3785,0,100,82,74,1417,3504,2.19742,0,11.1824,2.95807,0,1778,44406779616
31.9572,31.2919,72.3785,0,100,82,74,1417,3504,2.19742,0,11.1824,2.95807,0,1778,44438072236
53.2658,18.7738,72.3785,0,100,82,74,1417,3504,2.19742,0,11.1824,2.95807,0,1778,44456847268
49.5941,20.1637,72.3785,0,100,82,74,1417,3504,2.19742,0,11.1824,2.95807,0,1778,44477019180
31.7772,31.4691,72.3785,0,100,82,74,1417,3504,2.19742,0,11.1824,2.95807,0,1778,44508510326
62.0304,16.1211,72.3785,0,100,82,74,1417,3504,2.19742,0,11.1824,2.95807,0,1778,44524611466
36.1472,27.6647,72.3785,0,100,82,74,1417,3504,2.19742,0,11.1824,2.95807,0,1778,44552277227
47.0495,21.2542,72.3785,0,100,82,74,1417,3504,2.19742,0,11.1824,2.95807,0,1778,44573532144
46.251,21.6211,72.3785,0,100,82,74,1417,3504,2.19742,0,11.1824,2.95807,0,1778,44595154596
38.2052,26.1744,72.3785,0,100,82,74,1417,3504,2.19742,0,11.1824,2.95807,0,1778,44621352299
39.1317,25.5547,72.3785,0,100,82,74,1417,3504,2.19742,0,11.1824,2.95807,0,1778,44646887289
52.2833,19.1266,72.3785,0,100,82,74,1417,3504,2.19742,0,11.1824,2.95807,0,1778,44666035805
41.4729,24.1121,72.3785,0,100,82,74,1417,3504,2.19742,0,11.1824,2.95807,0,1778,44690170930
42.9096,23.3048,72.3785,0,100,82,74,1417,3504,2.19742,0,11.1824,2.95807,0,1778,44713477344
43.9259,22.7656,72.3785,0,100,82,74,1417,3504,2.19742,0,11.1824,2.95807,0,1778,44736264876
45.532,21.9626,72.3785,0,100,82,74,1417,3504,2.19742,0,11.1824,2.95807,0,1778,44758207502
39.1094,25.5693,72.3785,0,100,82,74,1417,3504,2.19742,0,11.1824,2.95807,0,1778,44783799364
42.7613,23.3856,72.3785,0,100,82,74,1417,3504,2.19742,0,11.1824,2.95807,0,1778,44807165099
45.9605,21.7578,72.3785,0,100,82,74,1417,3504,2.19742,0,11.1824,2.95807,0,1778,44828923772
41.9379,23.8448,72.3785,0,100,82,74,1417,3504,2.19742,0,11.1824,2.95807,0,1778,44852794824
34.6481,28.8616,75.1244,0,100,82,74,1417,3504,2.19655,0,11.1835,2.95807,0,1784,44881655157
62.6474,15.9624,75.1244,0,100,82,74,1417,3504,2.19655,0,11.1835,2.95807,0,1784,44897597792
28.4881,35.1023,75.1244,0,100,82,74,1417,3504,2.19655,0,11.1835,2.95807,0,1784,44932699895
80.8577,12.3674,75.1244,0,100,82,74,1417,3504,2.19655,0,11.1835,2.95807,0,1784,44945067845
36.2969,27.5505,75.1244,0,100,82,74,1417,3504,2.19655,0,11.1835,2.95807,0,1784,44972620411
50.7322,19.7113,75.1244,0,100,82,74,1417,3504,2.19655,0,11.1835,2.95807,0,1784,44992332657
43.2473,23.1228,75.1244,0,100,82,74,1417,3504,2.19655,0,11.1835,2.95807,0,1784,45015456958
39.5785,25.2663,75.1244,0,100,82,74,1417,3504,2.19655,0,11.1835,2.95807,0,1784,45040725339
40.826,24.4942,75.1244,0,100,82,74,1417,3504,2.19655,0,11.1835,2.95807,0,1784,45065220261
49.6987,20.1213,75.1244,0,100,82,74,1417,3504,2.19655,0,11.1835,2.95807,0,1784,45085343721
42.9438,23.2863,75.1244,0,100,82,74,1417,3504,2.19655,0,11.1835,2.95807,0,1784,45108629326
41.0541,24.3581,75.1244,0,100,82,74,1417,3504,2.19655,0,11.1835,2.95807,0,1784,45132990770
43.651,22.909,75.1244,0,100,82,74,1417,3504,2.19655,0,11.1835,2.95807,0,1784,45155921417
45.2569,22.0961,75.1244,0,100,82,74,1417,3504,2.19655,0,11.1835,2.95807,0,1784,45178019371
41.8011,23.9228,75.1244,0,100,82,74,1417,3504,2.19655,0,11.1835,2.95807,0,1784,45201922219
37.2828,26.822,75.1244,0,100,82,74,1417,3504,2.19655,0,11.1835,2.95807,0,1784,45228767045
43.2458,23.1236,75.1244,0,100,82,74,1417,3504,2.19655,0,11.1835,2.95807,0,1784,45251871090
38.5102,25.9671,75.1244,0,100,82,74,1417,3504,2.19655,0,11.1835,2.95807,0,1784,45277860287
43.8868,22.7859,75.1244,0,100,82,74,1417,3504,2.19655,0,11.1835,2.95807,0,1784,45300647059
47.2192,21.1778,75.1244,0,100,82,74,1417,3504,2.19655,0,11.1835,2.95807,0,1784,45321826713
44.3758,22.5348,75.1244,0,100,82,74,1417,3504,2.19655,0,11.1835,2.95807,0,1784,45344362592
39.0507,25.6077,75.1244,0,100,82,74,1417,3504,2.19655,0,11.1835,2.95807,0,1784,45369999450
43.3069,23.091,69.5332,0,100,83,74,1417,3504,2.19572,0,11.1914,2.95807,0,1815,45393105689
55.8525,17.9043,69.5332,0,100,83,74,1417,3504,2.19572,0,11.1914,2.95807,0,1815,45411012209
3.8058,262.757,69.5332,0,100,83,74,1417,3504,2.19572,0,11.1914,2.95807,0,1815,45673791357
65.2084,15.3354,69.5332,0,100,83,74,1417,3504,2.19572,0,11.1914,2.95807,0,1815,45689127648
31.2362,32.0141,69.5332,0,100,83,74,1417,3504,2.19572,0,11.1914,2.95807,0,1815,45721164047
30.3531,32.9456,69.5332,0,100,83,74,1417,3504,2.19572,0,11.1914,2.95807,0,1815,45754090106
47.3794,21.1062,69.5332,0,100,83,74,1417,3504,2.19572,0,11.1914,2.95807,0,1815,45775197233
48.0305,20.8201,69.5332,0,100,83,74,1417,3504,2.19572,0,11.1914,2.95807,0,1815,45796018477
38.9593,25.6678,69.5332,0,100,83,74,1417,3504,2.19572,0,11.1914,2.95807,0,1815,45821708306
38.056,26.2771,69.5332,0,100,83,74,1417,3504,2.19572,0,11.1914,2.95807,0,1815,45847986158
21.6731,46.1401,69.5332,0,100,83,74,1417,3504,2.19572,0,11.1914,2.95807,0,1815,45894130863
42.0078,23.8051,64.8193,0,100,83,74,1417,3504,2.19572,0,11.1913,2.95807,0,1730,45917933543
43.4301,23.0255,64.8193,0,100,83,74,1417,3504,2.19572,0,11.1913,2.95807,0,1730,45940981869
27.8904,35.8546,64.8193,0,100,83,74,1417,3504,2.19572,0,11.1913,2.95807,0,1730,45976816747
24.8343,40.2669,64.8193,0,100,83,74,1417,3504,2.19572,0,11.1913,2.95807,0,1730,46017084868
25.8959,38.6162,64.8193,0,100,83,74,1417,3504,2.19572,0,11.1913,2.95807,0,1730,46055723845
50.7404,19.7082,64.8193,0,100,83,74,1417,3504,2.19572,0,11.1913,2.95807,0,1730,46075411267
50.4079,19.8382,64.8193,0,100,83,74,1417,3504,2.19572,0,11.1913,2.95807,0,1730,46095272543
49.6857,20.1265,64.8193,0,100,83,74,1417,3504,2.19572,0,11.1913,2.95807,0,1730,46115378232
43.1902,23.1534,64.8193,0,100,83,74,1417,3504,2.19572,0,11.1913,2.95807,0,1730,46138652846
58.8536,16.9913,64.8193,0,100,83,74,1417,3504,2.19572,0,11.1913,2.95807,0,1730,46155645224
42.1336,23.734,64.8193,0,100,83,74,1417,3504,2.19572,0,11.1913,2.95807,0,1730,46179380916
52.2772,19.1288,64.8193,0,100,83,74,1417,3504,2.19572,0,11.1913,2.95807,0,1730,46198510543
32.0504,31.2009,64.8193,0,100,83,74,1417,3504,2.19572,0,11.1913,2.95807,0,1730,46229734135
58.0899,17.2147,64.8193,0,100,83,74,1417,3504,2.19572,0,11.1913,2.95807,0,1730,46246951865
40.6332,24.6104,64.8193,0,100,83,74,1417,3504,2.19572,0,11.1913,2.95807,0,1730,46271564362
45.887,21.7927,64.8193,0,100,83,74,1417,3504,2.19572,0,11.1913,2.95807,0,1730,46293356502
32.1571,31.0974,64.8193,0,100,83,74,1417,3504,2.19572,0,11.1913,2.95807,0,1730,46324456565
69.5012,14.3882,64.8193,0,100,83,74,1417,3504,2.19572,0,11.1913,2.95807,0,1730,46338844500
50.8312,19.673,64.8193,0,100,83,74,1417,3504,2.19572,0,11.1913,2.95807,0,1730,46358541232
35.3047,28.3248,64.8193,0,100,83,74,1417,3504,2.19572,0,11.1913,2.95807,0,1730,46386844949
46.583,21.467,64.8193,0,100,83,74,1417,3504,2.19572,0,11.1913,2.95807,0,1730,46408316945
47.6539,20.9847,75.7426,0,64,83,72,1458,3504,2.19522,0,11.1914,2.95807,0,1735,46429299492
40.7602,24.5338,75.7426,0,64,83,72,1458,3504,2.19522,0,11.1914,2.95807,0,1735,46453856291
38.2689,26.1308,75.7426,0,64,83,72,1458,3504,2.19522,0,11.1914,2.95807,0,1735,46480012270
62.2335,16.0685,75.7426,0,64,83,72,1458,3504,2.19522,0,11.1914,2.95807,0,1735,46496080414
50.8495,19.6659,75.7426,0,64,83,72,1458,3504,2.19522,0,11.1914,2.95807,0,1735,46515747858
34.0024,29.4097,75.7426,0,64,83,72,1458,3504,2.19522,0,11.1914,2.95807,0,1735,46545180596
54.9527,18.1975,75.7426,0,64,83,72,1458,3504,2.19522,0,11.1914,2.95807,0,1735,46563379287
48.935,20.4353,75.7426,0,64,83,72,1458,3504,2.19522,0,11.1914,2.95807,0,1735,46583835953
41.2629,24.2349,75.7426,0,64,83,72,1458,3504,2.19522,0,11.1914,2.95807,0,1735,46608052139
47.6669,20.9789,75.7426,0,64,83,72,1458,3504,2.19522,0,11.1914,2.95807,0,1735,46629010891
43.098,23.2029,75.7426,0,64,83,72,1458,3504,2.19522,0,11.1914,2.95807,0,1735,46652215483
42.2263,23.6819,75.7426,0,64,83,72,1458,3504,2.19522,0,11.1914,2.95807,0,1735,46675899872
41.7325,23.9622,75.7426,0,64,83,72,1458,3504,2.19522,0,11.1914,2.95807,0,1735,46699882943
42.2578,23.6642,75.7426,0,64,83,72,1458,3504,2.19522,0,11.1914,2.95807,0,1735,46723528268
37.5503,26.6309,75.7426,0,64,83,72,1458,3504,2.19522,0,11.1914,2.95807,0,1735,46750160462
48.2245,20.7363,75.7426,0,64,83,72,1458,3504,2.19522,0,11.1914,2.95807,0,1735,46770898709
44.401,22.522,75.7426,0,64,83,72,1458,3504,2.19522,0,11.1914,2.95807,0,1735,46793421553
77.8395,12.8469,75.7426,0,64,83,72,1458,3504,2.19522,0,11.1914,2.95807,0,1735,46806290508
44.4024,22.5213,75.7426,0,64,83,72,1458,3504,2.19522,0,11.1914,2.95807,0,1735,46828792580
36.5476,27.3616,75.7426,0,64,83,72,1458,3504,2.19522,0,11.1914,2.95807,0,1735,46856155276
49.9417,20.0234,75.7426,0,64,83,72,1458,3504,2.19522,0,11.1914,2.95807,0,1735,46876179282
43.3147,23.0868,75.7426,0,64,83,72,1458,3504,2.19522,0,11.1914,2.95807,0,1735,46899266996
54.6849,18.2866,75.7426,0,64,83,72,1458,3504,2.19522,0,11.1914,2.95807,0,1735,46917582545
41.2771,24.2265,74.6803,0,94,83,73,1387,3504,2.19415,0,11.1918,2.95807,0,1733,46941782525
37.2465,26.8481,74.6803,0,94,83,73,1387,3504,2.19415,0,11.1918,2.95807,0,1733,46968633138
52.8655,18.9159,74.6803,0,94,83,73,1387,3504,2.19415,0,11.1918,2.95807,0,1733,46987550573
43.087,23.2089,74.6803,0,94,83,73,1387,3504,2.19415,0,11.1918,2.95807,0,1733,47010759555
47.5061,21.0499,74.6803,0,94,83,73,1387,3504,2.19415,0,11.1918,2.95807,0,1733,47031811062
42.0382,23.7879,74.6803,0,94,83,73,1387,3504,2.19415,0,11.1918,2.95807,0,1733,47055599810
32.2869,30.9723,74.6803,0,94,83,73,1387,3504,2.19415,0,11.1918,2.95807,0,1733,47086574087
39.6766,25.2038,74.6803,0,94,83,73,1387,3504,2.19415,0,11.1918,2.95807,0,1733,47111778418
26.2383,38.1123,74.6803,0,94,83,73,1387,3504,2.19415,0,11.1918,2.95807,0,1733,47149893738
62.2242,16.0709,74.6803,0,94,83,73,1387,3504,2.19415,0,11.1918,2.95807,0,1733,47165965120
45.1621,22.1424,74.6803,0,94,83,73,1387,3504,2.19415,0,11.1918,2.95807,0,1733,47188108598
31.3589,31.8889,74.6803,0,94,83,73,1387,3504,2.19415,0,11.1918,2.95807,0,1733,47219998541
38.9109,25.6997,74.6803,0,94,83,73,1387,3504,2.19415,0,11.1918,2.95807,0,1733,47245700051
58.4592,17.106,74.6803,0,94,83,73,1387,3504,2.19415,0,11.1918,2.95807,0,1733,47262806699
47.2942,21.1442,74.6803,0,94,83,73,1387,3504,2.19415,0,11.1918,2.95807,0,1733,47283973483
51.7762,19.3139,74.6803,0,94,83,73,1387,3504,2.19415,0,11.1918,2.95807,0,1733,47303288371
49.8545,20.0584,74.6803,0,94,83,73,1387,3504,2.19415,0,11.1918,2.95807,0,1733,47323369488
36.4797,27.4125,74.6803,0,94,83,73,1387,3504,2.19415,0,11.1918,2.95807,0,1733,47350762066
49.7888,20.0849,74.6803,0,94,83,73,1387,3504,2.19415,0,11.1918,2.95807,0,1733,47370848444
62.5431,15.989,74.6803,0,94,83,73,1387,3504,2.19415,0,11.1918,2.95807,0,1733,47386839342
38.3922,26.047,74.6803,0,94,83,73,1387,3504,2.19415,0,11.1918,2.95807,0,1733,47412905206
34.736,28.7886,74.6803,0,94,83,73,1387,3504,2.19415,0,11.1918,2.95807,0,1733,47441692306
67.6806,14.7753,76.2376,0,94,82,73,1387,3504,2.19415,0,11.1921,2.95807,0,1767,47456453498
37.2288,26.861,76.2376,0,94,82,73,1387,3504,2.19415,0,11.1921,2.95807,0,1767,47483316820
53.3252,18.7529,76.2376,0,94,82,73,1387,3504,2.19415,0,11.1921,2.95807,0,1767,47502071176
38.9775,25.6558,76.2376,0,94,82,73,1387,3504,2.19415,0,11.1921,2.95807,0,1767,47527727496
47.9036,20.8753,76.2376,0,94,82,73,1387,3504,2.19415,0,11.1921,2.95807,0,1767,47548625597
41.6269,24.0229,76.2376,0,94,82,73,1387,3504,2.19415,0,11.1921,2.95807,0,1767,47572649555
45.0417,22.2016,76.2376,0,94,82,73,1387,3504,2.19415,0,11.1921,2.95807,0,1767,47594852070
43.8887,22.7849,76.2376,0,94,82,73,1387,3504,2.19415,0,11.1921,2.95807,0,1767,47617638236
37.3445,26.7777,76.2376,0,94,82,73,1387,3504,2.19415,0,11.1921,2.95807,0,1767,47644416633
41.1357,24.3098,76.2376,0,94,82,73,1387,3504,2.19415,0,11.1921,2.95807,0,1767,47668753041
57.0926,17.5154,76.2376,0,94,82,73,1387,3504,2.19415,0,11.1921,2.95807,0,1767,47686244634
44.3641,22.5407,76.2376,0,94,82,73,1387,3504,2.19415,0,11.1921,2.95807,0,1767,47708786620
46.9296,21.3085,76.2376,0,94,82,73,1387,3504,2.19415,0,11.1921,2.95807,0,1767,47730097378
40.1039,24.9353,76.2376,0,94,82,73,1387,3504,2.19415,0,11.1921,2.95807,0,1767,47755054331
47.639,20.9912,76.2376,0,94,82,73,1387,3504,2.19415,0,11.1921,2.95807,0,1767,47776024764
34.2423,29.2036,76.2376,0,94,82,73,1387,3504,2.19415,0,11.1921,2.95807,0,1767,47805229486
62.7401,15.9388,76.2376,0,94,82,73,1387,3504,2.19415,0,11.1921,2.95807,0,1767,47821170439
42.1318,23.735,76.2376,0,94,82,73,1387,3504,2.19415,0,11.1921,2.95807,0,1767,47844905094
46.9378,21.3048,76.2376,0,94,82,73,1387,3504,2.19415,0,11.1921,2.95807,0,1767,47866212863
41.9657,23.829,76.2376,0,94,82,73,1387,3504,2.19415,0,11.1921,2.95807,0,1767,47890042536
39.6428,25.2252,76.2376,0,94,82,73,1387,3504,2.19415,0,11.1921,2.95807,0,1767,47915269921
40.0066,24.9958,76.2376,0,94,82,73,1387,3504,2.19415,0,11.1921,2.95807,0,1767,47940266668
52.8037,18.9381,76.2376,0,94,82,73,1387,3504,2.19415,0,11.1921,2.95807,0,1767,47959231896
40.5632,24.6529,64.3564,0,97,82,73,1394,3504,2.1928,0,11.1923,2.95807,0,1777,47983880050
43.1853,23.1561,64.3564,0,97,82,73,1394,3504,2.1928,0,11.1923,2.95807,0,1777,48007037423
47.4428,21.078,64.3564,0,97,82,73,1394,3504,2.1928,0,11.1923,2.95807,0,1777,48028117104
49.1845,20.3316,64.3564,0,97,82,73,1394,3504,2.1928,0,11.1923,2.95807,0,1777,48048450620
39.8271,25.1085,64.3564,0,97,82,73,1394,3504,2.1928,0,11.1923,2.95807,0,1777,48073559210
47.4257,21.0856,64.3564,0,97,82,73,1394,3504,2.1928,0,11.1923,2.95807,0,1777,48094646138
32.167,31.0878,64.3564,0,97,82,73,1394,3504,2.1928,0,11.1923,2.95807,0,1777,48125735803
66.4191,15.0559,64.3564,0,97,82,73,1394,3504,2.1928,0,11.1923,2.95807,0,1777,48140793014
38.2202,26.1642,64.3564,0,97,82,73,1394,3504,2.1928,0,11.1923,2.95807,0,1777,48166957884
38.5017,25.9729,64.3564,0,97,82,73,1394,3504,2.1928,0,11.1923,2.95807,0,1777,48192932400
65.3624,15.2993,64.3564,0,97,82,73,1394,3504,2.1928,0,11.1923,2.95807,0,1777,48208233320
38.8524,25.7385,64.3564,0,97,82,73,1394,3504,2.1928,0,11.1923,2.95807,0,1777,48233972463
39.8557,25.0905,64.3564,0,97,82,73,1394,3504,2.1928,0,11.1923,2.95807,0,1777,48259064001
46.8527,21.3435,64.3564,0,97,82,73,1394,3504,2.1928,0,11.1923,2.95807,0,1777,48280409344
43.9238,22.7667,64.3564,0,97,82,73,1394,3504,2.1928,0,11.1923,2.95807,0,1777,48303198021
46.6352,21.443,64.3564,0,97,82,73,1394,3504,2.1928,0,11.1923,2.95807,0,1777,48324621478
33.6896,29.6828,64.3564,0,97,82,73,1394,3504,2.1928,0,11.1923,2.95807,0,1777,48354305396
67.9729,14.7117,64.3564,0,97,82,73,1394,3504,2.1928,0,11.1923,2.95807,0,1777,48369039323
40.0981,24.9388,64.3564,0,97,82,73,1394,3504,2.1928,0,11.1923,2.95807,0,1777,48393979844
41.559,24.0622,64.3564,0,97,82,73,1394,3504,2.1928,0,11.1923,2.95807,0,1777,48418043523
39.6806,25.2013,64.3564,0,97,82,73,1394,3504,2.1928,0,11.1923,2.95807,0,1777,48443267261
46.7414,21.3943,64.3564,0,97,82,73,1394,3504,2.1928,0,11.1923,2.95807,0,1777,48464667038
49.4572,20.2195,74.7475,0,100,82,74,1392,3504,2.18872,0,11.1924,2.95807,0,1810,48484884885
43.7565,22.8537,74.7475,0,100,82,74,1392,3504,2.18872,0,11.1924,2.95807,0,1810,48507761949
40.3415,24.7884,74.7475,0,100,82,74,1392,3504,2.18872,0,11.1924,2.95807,0,1810,48532550527
40.8648,24.4709,74.7475,0,100,82,74,1392,3504,2.18872,0,11.1924,2.95807,0,1810,48557023302
44.3614,22.5421,74.7475,0,100,82,74,1392,3504,2.18872,0,11.1924,2.95807,0,1810,48579587570
49.4825,20.2092,74.7475,0,100,82,74,1392,3504,2.18872,0,11.1924,2.95807,0,1810,48599810269
38.7225,25.8248,74.7475,0,100,82,74,1392,3504,2.18872,0,11.1924,2.95807,0,1810,48625615545
45.9143,21.7797,74.7475,0,100,82,74,1392,3504,2.18872,0,11.1924,2.95807,0,1810,48647384041
42.1848,23.7052,74.7475,0,100,82,74,1392,3504,2.18872,0,11.1924,2.95807,0,1810,48671240585
38.6887,25.8473,74.7475,0,100,82,74,1392,3504,2.18872,0,11.1924,2.95807,0,1810,48697114579
41.4164,24.1451,74.7475,0,100,82,74,1392,3504,2.18872,0,11.1924,2.95807,0,1810,48721255746
51.7966,19.3063,74.7475,0,100,82,74,1392,3504,2.18872,0,11.1924,2.95807,0,1810,48740593879
44.8564,22.2934,74.7475,0,100,82,74,1392,3504,2.18872,0,11.1924,2.95807,0,1810,48762888596
37.4133,26.7284,74.7475,0,100,82,74,1392,3504,2.18872,0,11.1924,2.95807,0,1810,48789617951
50.1818,19.9276,74.7475,0,100,82,74,1392,3504,2.18872,0,11.1924,2.95807,0,1810,48809547781
36.4266,27.4525,74.7475,0,100,82,74,1392,3504,2.18872,0,11.1924,2.95807,0,1810,48837021644
43.3641,23.0606,74.7475,0,100,82,74,1392,3504,2.18872,0,11.1924,2.95807,0,1810,48860105527
41.1997,24.272,74.7475,0,100,82,74,1392,3504,2.18872,0,11.1924,2.95807,0,1810,48884357127
41.4812,24.1073,74.7475,0,100,82,74,1392,3504,2.18872,0,11.1924,2.95807,0,1810,48908467068
46.1069,21.6887,74.7475,0,100,82,74,1392,3504,2.18872,0,11.1924,2.95807,0,1810,48930156362
38.3251,26.0925,74.7475,0,100,82,74,1392,3504,2.18872,0,11.1924,2.95807,0,1810,48956262337
43.6537,22.9076,74.7475,0,100,82,74,1392,3504,2.18872,0,11.1924,2.95807,0,1810,48979162912
41.4639,24.1174,72.0297,0,100,82,74,1392,3504,2.18872,0,11.1924,2.95807,0,1774,49003276832
47.6676,20.9786,72.0297,0,100,82,74,1392,3504,2.18872,0,11.1924,2.95807,0,1774,49024278054
36.2362,27.5967,72.0297,0,100,82,74,1392,3504,2.18872,0,11.1924,2.95807,0,1774,49051876359
50.9045,19.6446,72.0297,0,100,82,74,1392,3504,2.18872,0,11.1924,2.95807,0,1774,49071501543
43.2842,23.1031,72.0297,0,100,82,74,1392,3504,2.18872,0,11.1924,2.95807,0,1774,49094626616
38.6452,25.8764,72.0297,0,100,82,74,1392,3504,2.18872,0,11.1924,2.95807,0,1774,49120503670
47.4628,21.0691,72.0297,0,100,82,74,1392,3504,2.18872,0,11.1924,2.95807,0,1774,49141599720
38.8372,25.7485,72.0297,0,100,82,74,1392,3504,2.18872,0,11.1924,2.95807,0,1774,49167344660
39.8508,25.0936,72.0297,0,100,82,74,1392,3504,2.18872,0,11.1924,2.95807,0,1774,49192418111
41.9528,23.8363,72.0297,0,100,82,74,1392,3504,2.18872,0,11.1924,2.95807,0,1774,49216256125
36.9982,27.0283,72.0297,0,100,82,74,1392,3504,2.18872,0,11.1924,2.95807,0,1774,49243285829
45.1558,22.1456,72.0297,0,100,82,74,1392,3504,2.18872,0,11.1924,2.95807,0,1774,49265453822
46.5111,21.5002,72.0297,0,100,82,74,1392,3504,2.18872,0,11.1924,2.95807,0,1774,49286955366
51.8451,19.2882,72.0297,0,100,82,74,1392,3504,2.18872,0,11.1924,2.95807,0,1774,49306245030
35.9494,27.8169,72.0297,0,100,82,74,1392,3504,2.18872,0,11.1924,2.95807,0,1774,49334062972
37.9564,26.346,72.0297,0,100,82,74,1392,3504,2.18872,0,11.1924,2.95807,0,1774,49360419383
52.8334,18.9274,72.0297,0,100,82,74,1392,3504,2.18872,0,11.1924,2.95807,0,1774,49379345287
36.7409,27.2176,72.0297,0,100,82,74,1392,3504,2.18872,0,11.1924,2.95807,0,1774,49406563837
44.1595,22.6452,72.0297,0,100,82,74,1392,3504,2.18872,0,11.1924,2.95807,0,1774,49429209892
36.61,27.315,72.0297,0,100,82,74,1392,3504,2.18872,0,11.1924,2.95807,0,1774,49456526183
49.1674,20.3387,72.0297,0,100,82,74,1392,3504,2.18872,0,11.1924,2.95807,0,1774,49476866108
35.4114,28.2395,72.0297,0,100,82,74,1392,3504,2.18872,0,11.1924,2.95807,0,1774,49505111398
46.2612,21.6164,73.5294,0,100,82,73,1392,3504,2.18412,0,11.1863,2.95807,0,1773,49526725234
41.1714,24.2887,73.5294,0,100,82,73,1392,3504,2.18412,0,11.1863,2.95807,0,1773,49551015022
40.417,24.7421,73.5294,0,100,82,73,1392,3504,2.18412,0,11.1863,2.95807,0,1773,49575779619
40.5523,24.6595,73.5294,0,100,82,73,1392,3504,2.18412,0,11.1863,2.95807,0,1773,49600439908
32.1413,31.1126,73.5294,0,100,82,73,1392,3504,2.18412,0,11.1863,2.95807,0,1773,49631553575
31.4188,31.8281,73.5294,0,100,82,73,1392,3504,2.18412,0,11.1863,2.95807,0,1773,49663404596
41.1845,24.281,73.5294,0,100,82,73,1392,3504,2.18412,0,11.1863,2.95807,0,1773,49687665899
52.7744,18.9486,73.5294,0,100,82,73,1392,3504,2.18412,0,11.1863,2.95807,0,1773,49706615690
19.9951,50.0121,73.5294,0,100,82,73,1392,3504,2.18412,0,11.1863,2.95807,0,1773,49756651336
424.816,2.35396,73.5294,0,100,82,73,1392,3504,2.18412,0,11.1863,2.95807,0,1773,49759005730
39.6622,25.2129,73.5294,0,100,82,73,1392,3504,2.18412,0,11.1863,2.95807,0,1773,49784216898
43.9318,22.7626,73.5294,0,100,82,73,1392,3504,2.18412,0,11.1863,2.95807,0,1773,49806984815
27.4762,36.3951,73.5294,0,100,82,73,1392,3504,2.18412,0,11.1863,2.95807,0,1773,49843381126
99.4759,10.0527,73.5294,0,100,82,73,1392,3504,2.18412,0,11.1863,2.95807,0,1773,49853434531
36.9363,27.0736,73.5294,0,100,82,73,1392,3504,2.18412,0,11.1863,2.95807,0,1773,49880509647
43.9052,22.7764,73.5294,0,100,82,73,1392,3504,2.18412,0,11.1863,2.95807,0,1773,49903287702
42.0956,23.7554,73.5294,0,100,82,73,1392,3504,2.18412,0,11.1863,2.95807,0,1773,49927065508
24.3037,41.1459,73.5294,0,100,82,73,1392,3504,2.18412,0,11.1863,2.95807,0,1773,49968214256
74.0868,13.4977,73.5294,0,100,82,73,1392,3504,2.18412,0,11.1863,2.95807,0,1773,49981735177
33.3321,30.0011,73.5294,0,100,82,73,1392,3504,2.18412,0,11.1863,2.95807,0,1773,50011802982
21.284,46.9837,75.4386,0,100,82,73,1392,3504,2.16888,0,11.1863,2.95807,0,1750,50058743495
38.5525,25.9386,75.4386,0,100,82,73,1392,3504,2.16888,0,11.1863,2.95807,0,1750,50084661074
63.4271,15.7661,75.4386,0,100,82,73,1392,3504,2.16888,0,11.1863,2.95807,0,1750,50100429401
33.5556,29.8012,75.4386,0,100,82,73,1392,3504,2.16888,0,11.1863,2.95807,0,1750,50130231752
27.964,35.7603,75.4386,0,100,82,73,1392,3504,2.16888,0,11.1863,2.95807,0,1750,50165992913
19.8274,50.4353,75.4386,0,100,82,73,1392,3504,2.16888,0,11.1863,2.95807,0,1750,50216428672
708.752,1.41093,75.4386,0,100,82,73,1392,3504,2.16888,0,11.1863,2.95807,0,1750,50217840594
23.5317,42.4958,75.4386,0,100,82,73,1392,3504,2.16888,0,11.1863,2.95807,0,1750,50260361480
81.743,12.2335,75.4386,0,100,82,73,1392,3504,2.16888,0,11.1863,2.95807,0,1750,50272595516
31.3023,31.9465,75.4386,0,100,82,73,1392,3504,2.16888,0,11.1863,2.95807,0,1750,50304542827
69.0242,14.4877,75.4386,0,100,82,73,1392,3504,2.16888,0,11.1863,2.95807,0,1750,50319031390
33.5508,29.8055,75.4386,0,100,82,73,1392,3504,2.16888,0,11.1863,2.95807,0,1750,50348838288
31.3463,31.9017,75.4386,0,100,82,73,1392,3504,2.16888,0,11.1863,2.95807,0,1750,50380743401
41.1183,24.3201,75.4386,0,100,82,73,1392,3504,2.16888,0,11.1863,2.95807,0,1750,50405085105
61.0785,16.3724,75.4386,0,100,82,73,1392,3504,2.16888,0,11.1863,2.95807,0,1750,50421458859
40.9363,24.4282,75.4386,0,100,82,73,1392,3504,2.16888,0,11.1863,2.95807,0,1750,50445888145
30.9546,32.3054,75.4386,0,100,82,73,1392,3504,2.16888,0,11.1863,2.95807,0,1750,50478194428
46.8158,21.3603,75.4386,0,100,82,73,1392,3504,2.16888,0,11.1863,2.95807,0,1750,50499577020
50.1497,19.9403,75.4386,0,100,82,73,1392,3504,2.16888,0,11.1863,2.95807,0,1750,50519525357
42.935,23.291,80.1489,0,91,83,73,1407,3504,2.11624,0,11.1869,2.95807,0,1760,50542791064
38.2005,26.1777,80.1489,0,91,83,73,1407,3504,2.11624,0,11.1869,2.95807,0,1760,50568969843
39.895,25.0658,80.1489,0,91,83,73,1407,3504,2.11624,0,11.1869,2.95807,0,1760,50594037313
36.6038,27.3196,80.1489,0,91,83,73,1407,3504,2.11624,0,11.1869,2.95807,0,1760,50621357995
37.9337,26.3618,80.1489,0,91,83,73,1407,3504,2.11624,0,11.1869,2.95807,0,1760,50647720584
37.2914,26.8158,80.1489,0,91,83,73,1407,3504,2.11624,0,11.1869,2.95807,0,1760,50674537517
51.4124,19.4506,80.1489,0,91,83,73,1407,3504,2.11624,0,11.1869,2.95807,0,1760,50694014566
35.4126,28.2385,80.1489,0,91,83,73,1407,3504,2.11624,0,11.1869,2.95807,0,1760,50722249702
39.4478,25.35,80.1489,0,91,83,73,1407,3504,2.11624,0,11.1869,2.95807,0,1760,50747579661
38.1236,26.2305,80.1489,0,91,83,73,1407,3504,2.11624,0,11.1869,2.95807,0,1760,50773812424
48.0357,20.8179,80.1489,0,91,83,73,1407,3504,2.11624,0,11.1869,2.95807,0,1760,50794630550
36.0318,27.7533,80.1489,0,91,83,73,1407,3504,2.11624,0,11.1869,2.95807,0,1760,50822406669
37.4331,26.7143,80.1489,0,91,83,73,1407,3504,2.11624,0,11.1869,2.95807,0,1760,50849122585
41.3097,24.2074,80.1489,0,91,83,73,1407,3504,2.11624,0,11.1869,2.95807,0,1760,50873330423
43.1567,23.1714,80.1489,0,91,83,73,1407,3504,2.11624,0,11.1869,2.95807,0,1760,50896502468
57.3048,17.4506,80.1489,0,91,83,73,1407,3504,2.11624,0,11.1869,2.95807,0,1760,50913954589
42.8476,23.3385,80.1489,0,91,83,73,1407,3504,2.11624,0,11.1869,2.95807,0,1760,50937295318
37.9244,26.3682,80.1489,0,91,83,73,1407,3504,2.11624,0,11.1869,2.95807,0,1760,50963665147
40.8391,24.4863,80.1489,0,91,83,73,1407,3504,2.11624,0,11.1869,2.95807,0,1760,50988152975
37.1794,26.8966,80.1489,0,91,83,73,1407,3504,2.11624,0,11.1869,2.95807,0,1760,51015050490
42.3767,23.5979,80.1489,0,91,83,73,1407,3504,2.11624,0,11.1869,2.95807,0,1760,51038653584
40.7312,24.5512,63.3663,0,91,83,73,1407,3504,2.11624,0,11.1869,2.95807,0,3400,51063202495
36.4205,27.4571,63.3663,0,91,83,73,1407,3504,2.11624,0,11.1869,2.95807,0,3400,51090660833
43.9282,22.7644,63.3663,0,91,83,73,1407,3504,2.11624,0,11.1869,2.95807,0,3400,51113427090
41.5578,24.0629,63.3663,0,91,83,73,1407,3504,2.11624,0,11.1869,2.95807,0,3400,51137489830
36.5868,27.3323,63.3663,0,91,83,73,1407,3504,2.11624,0,11.1869,2.95807,0,3400,51164827441
38.1923,26.1833,63.3663,0,91,83,73,1407,3504,2.11624,0,11.1869,2.95807,0,3400,51191009920
44.441,22.5017,63.3663,0,91,83,73,1407,3504,2.11624,0,11.1869,2.95807,0,3400,51213512986
38.1107,26.2394,63.3663,0,91,83,73,1407,3504,2.11624,0,11.1869,2.95807,0,3400,51239752304
36.5756,27.3406,63.3663,0,91,83,73,1407,3504,2.11624,0,11.1869,2.95807,0,3400,51267094731
42.4036,23.5829,63.3663,0,91,83,73,1407,3504,2.11624,0,11.1869,2.95807,0,3400,51290678545
41.6442,24.0129,63.3663,0,91,83,73,1407,3504,2.11624,0,11.1869,2.95807,0,3400,51314693281
37.5671,26.619,63.3663,0,91,83,73,1407,3504,2.11624,0,11.1869,2.95807,0,3400,51341313229
38.7317,25.8187,63.3663,0,91,83,73,1407,3504,2.11624,0,11.1869,2.95807,0,3400,51367132238
41.5003,24.0962,63.3663,0,91,83,73,1407,3504,2.11624,0,11.1869,2.95807,0,3400,51391230837
36.1925,27.6301,63.3663,0,91,83,73,1407,3504,2.11624,0,11.1869,2.95807,0,3400,51418862299
42.9417,23.2874,63.3663,0,91,83,73,1407,3504,2.11624,0,11.1869,2.95807,0,3400,51442150254
39.5375,25.2924,63.3663,0,91,83,73,1407,3504,2.11624,0,11.1869,2.95807,0,3400,51467457400
41.5103,24.0904,63.3663,0,91,83,73,1407,3504,2.11624,0,11.1869,2.95807,0,3400,51491535353
35.2922,28.3349,63.3663,0,91,83,73,1407,3504,2.11624,0,11.1869,2.95807,0,3400,51519871803
40.5935,24.6345,63.3663,0,91,83,73,1407,3504,2.11624,0,11.1869,2.95807,0,3400,51544604619
41.5573,24.0631,51.1335,0,100,85,73,1386,3504,2.10406,0,11.1871,2.95807,0,3400,51568572304
39.9596,25.0253,51.1335,0,100,85,73,1386,3504,2.10406,0,11.1871,2.95807,0,3400,51593600055
39.2355,25.4871,51.1335,0,100,85,73,1386,3504,2.10406,0,11.1871,2.95807,0,3400,51619087461
38.2136,26.1687,51.1335,0,100,85,73,1386,3504,2.10406,0,11.1871,2.95807,0,3400,51645257306
39.875,25.0784,51.1335,0,100,85,73,1386,3504,2.10406,0,11.1871,2.95807,0,3400,51670337256
37.9611,26.3428,51.1335,0,100,85,73,1386,3504,2.10406,0,11.1871,2.95807,0,3400,51696681352
43.9144,22.7716,51.1335,0,100,85,73,1386,3504,2.10406,0,11.1871,2.95807,0,3400,51719454473
37.0605,26.9829,51.1335,0,100,85,73,1386,3504,2.10406,0,11.1871,2.95807,0,3400,51746438607
32.6597,30.6187,51.1335,0,100,85,73,1386,3504,2.10406,0,11.1871,2.95807,0,3400,51777057265
44.9874,22.2284,51.1335,0,100,85,73,1386,3504,2.10406,0,11.1871,2.95807,0,3400,51799286658
45.9277,21.7734,51.1335,0,100,85,73,1386,3504,2.10406,0,11.1871,2.95807,0,3400,51821061605
37.4477,26.7039,51.1335,0,100,85,73,1386,3504,2.10406,0,11.1871,2.95807,0,3400,51847766840
36.0741,27.7207,51.1335,0,100,85,73,1386,3504,2.10406,0,11.1871,2.95807,0,3400,51875489359
42.5538,23.4996,51.1335,0,100,85,73,1386,3504,2.10406,0,11.1871,2.95807,0,3400,51898990516
34.8175,28.7212,51.1335,0,100,85,73,1386,3504,2.10406,0,11.1871,2.95807,0,3400,51927712378
44.2345,22.6068,51.1335,0,100,85,73,1386,3504,2.10406,0,11.1871,2.95807,0,3400,51950321158
36.1641,27.6517,51.1335,0,100,85,73,1386,3504,2.10406,0,11.1871,2.95807,0,3400,51977974598
41.3556,24.1805,51.1335,0,100,85,73,1386,3504,2.10406,0,11.1871,2.95807,0,3400,52002156443
38.5761,25.9228,51.1335,0,100,85,73,1386,3504,2.10406,0,11.1871,2.95807,0,3400,52028081417
37.7298,26.5043,51.1335,0,100,85,73,1386,3504,2.10406,0,11.1871,2.95807,0,3400,52054618941
44.5065,22.4686,52.5547,0,100,85,73,1392,3504,2.10307,0,11.1871,2.95807,0,3401,52077057380
38.8979,25.7083,52.5547,0,100,85,73,1392,3504,2.10307,0,11.1871,2.95807,0,3401,52102766399
40.6093,24.6249,52.5547,0,100,85,73,1392,3504,2.10307,0,11.1871,2.95807,0,3401,52127392345
37.3513,26.7728,52.5547,0,100,85,73,1392,3504,2.10307,0,11.1871,2.95807,0,3401,52154168641
39.3325,25.4242,52.5547,0,100,85,73,1392,3504,2.10307,0,11.1871,2.95807,0,3401,52179592592
40.8664,24.47,52.5547,0,100,85,73,1392,3504,2.10307,0,11.1871,2.95807,0,3401,52204065743
39.268,25.466,52.5547,0,100,85,73,1392,3504,2.10307,0,11.1871,2.95807,0,3401,52229532095
38.345,26.079,52.5547,0,100,85,73,1392,3504,2.10307,0,11.1871,2.95807,0,3401,52255611611
33.3755,29.9621,52.5547,0,100,85,73,1392,3504,2.10307,0,11.1871,2.95807,0,3401,52285575911
46.6216,21.4493,52.5547,0,100,85,73,1392,3504,2.10307,0,11.1871,2.95807,0,3401,52307026651
38.8632,25.7313,52.5547,0,100,85,73,1392,3504,2.10307,0,11.1871,2.95807,0,3401,52332759682
37.1507,26.9174,52.5547,0,100,85,73,1392,3504,2.10307,0,11.1871,2.95807,0,3401,52359678100
39.6323,25.232,52.5547,0,100,85,73,1392,3504,2.10307,0,11.1871,2.95807,0,3401,52384911366
34.3125,29.1439,52.5547,0,100,85,73,1392,3504,2.10307,0,11.1871,2.95807,0,3401,52414056478
42.6322,23.4564,52.5547,0,100,85,73,1392,3504,2.10307,0,11.1871,2.95807,0,3401,52437515125
38.5004,25.9738,52.5547,0,100,85,73,1392,3504,2.10307,0,11.1871,2.95807,0,3401,52463488544
41.2892,24.2194,52.5547,0,100,85,73,1392,3504,2.10307,0,11.1871,2.95807,0,3401,52487709088
39.9642,25.0224,52.5547,0,100,85,73,1392,3504,2.10307,0,11.1871,2.95807,0,3401,52512733599
37.634,26.5717,52.5547,0,100,85,73,1392,3504,2.10307,0,11.1871,2.95807,0,3401,52539306235
39.1049,25.5723,52.5547,0,100,85,73,1392,3504,2.10307,0,11.1871,2.95807,0,3401,52564892387
41.3414,24.1889,57.9853,0,100,91,73,1392,3504,2.10031,0,11.1928,2.95807,0,3401,52589069666
37.6423,26.5659,57.9853,0,100,91,73,1392,3504,2.10031,0,11.1928,2.95807,0,3401,52615637232
35.2313,28.3838,57.9853,0,100,91,73,1392,3504,2.10031,0,11.1928,2.95807,0,3401,52644022230
44.766,22.3384,57.9853,0,100,91,73,1392,3504,2.10031,0,11.1928,2.95807,0,3401,52666362484
38.1176,26.2346,57.9853,0,100,91,73,1392,3504,2.10031,0,11.1928,2.95807,0,3401,52692598179
33.1828,30.1361,57.9853,0,100,91,73,1392,3504,2.10031,0,11.1928,2.95807,0,3401,52722735150
42.0014,23.8087,57.9853,0,100,91,73,1392,3504,2.10031,0,11.1928,2.95807,0,3401,52746544397
41.4859,24.1045,57.9853,0,100,91,73,1392,3504,2.10031,0,11.1928,2.95807,0,3401,52770651301
36.2647,27.575,57.9853,0,100,91,73,1392,3504,2.10031,0,11.1928,2.95807,0,3401,52798226769
41.8072,23.9193,57.9853,0,100,91,73,1392,3504,2.10031,0,11.1928,2.95807,0,3401,52822146953
42.1972,23.6982,57.9853,0,100,91,73,1392,3504,2.10031,0,11.1928,2.95807,0,3401,52845846480
38.6777,25.8547,57.9853,0,100,91,73,1392,3504,2.10031,0,11.1928,2.95807,0,3401,52871702552
38.1086,26.2408,57.9853,0,100,91,73,1392,3504,2.10031,0,11.1928,2.95807,0,3401,52897943943
38.944,25.6779,57.9853,0,100,91,73,1392,3504,2.10031,0,11.1928,2.95807,0,3401,52923623387
39.3868,25.3892,57.9853,0,100,91,73,1392,3504,2.10031,0,11.1928,2.95807,0,3401,52949014425
39.182,25.5219,57.9853,0,100,91,73,1392,3504,2.10031,0,11.1928,2.95807,0,3401,52974538557
24.659,40.5532,57.9853,0,100,91,73,1392,3504,2.10031,0,11.1928,2.95807,0,3401,53015091749
50.8417,19.6689,57.9853,0,100,91,73,1392,3504,2.10031,0,11.1928,2.95807,0,3401,53034762852
65.1421,15.3511,57.9853,0,100,91,73,1392,3504,2.10031,0,11.1928,2.95807,0,3401,53050114577
32.298,30.9616,57.9853,0,100,91,73,1392,3504,2.10031,0,11.1928,2.95807,0,3401,53081080363
48.076,20.8004,61.4251,0,100,91,73,1392,3504,2.09816,0,11.2051,2.95807,0,3402,53101879120
35.6798,28.0271,61.4251,0,100,91,73,1392,3504,2.09816,0,11.2051,2.95807,0,3402,53129907715
38.8934,25.7113,61.4251,0,100,91,73,1392,3504,2.09816,0,11.2051,2.95807,0,3402,53155620690
39.0377,25.6162,61.4251,0,100,91,73,1392,3504,2.09816,0,11.2051,2.95807,0,3402,53181238106
41.2263,24.2564,61.4251,0,100,91,73,1392,3504,2.09816,0,11.2051,2.95807,0,3402,53205496041
37.9471,26.3525,61.4251,0,100,91,73,1392,3504,2.09816,0,11.2051,2.95807,0,3402,53231849579
37.3299,26.7882,61.4251,0,100,91,73,1392,3504,2.09816,0,11.2051,2.95807,0,3402,53258639095
37.4299,26.7166,61.4251,0,100,91,73,1392,3504,2.09816,0,11.2051,2.95807,0,3402,53285357808
37.4844,26.6778,61.4251,0,100,91,73,1392,3504,2.09816,0,11.2051,2.95807,0,3402,53312037422
41.4225,24.1415,61.4251,0,100,91,73,1392,3504,2.09816,0,11.2051,2.95807,0,3402,53336179261
35.8053,27.9288,61.4251,0,100,91,73,1392,3504,2.09816,0,11.2051,2.95807,0,3402,53364109469
37.7257,26.5071,61.4251,0,100,91,73,1392,3504,2.09816,0,11.2051,2.95807,0,3402,53390617338
40.8662,24.4701,61.4251,0,100,91,73,1392,3504,2.09816,0,11.2051,2.95807,0,3402,53415089249
35.4531,28.2062,61.4251,0,100,91,73,1392,3504,2.09816,0,11.2051,2.95807,0,3402,53443308966
41.6192,24.0274,61.4251,0,100,91,73,1392,3504,2.09816,0,11.2051,2.95807,0,3402,53467339020
39.8764,25.0775,61.4251,0,100,91,73,1392,3504,2.09816,0,11.2051,2.95807,0,3402,53492417373
36.6218,27.3061,61.4251,0,100,91,73,1392,3504,2.09816,0,11.2051,2.95807,0,3402,53519723837
40.036,24.9775,61.4251,0,100,91,73,1392,3504,2.09816,0,11.2051,2.95807,0,3402,53544702626
40.655,24.5972,61.4251,0,100,91,73,1392,3504,2.09816,0,11.2051,2.95807,0,3402,53569300385
33.8336,29.5564,61.4251,0,100,91,73,1392,3504,2.09816,0,11.2051,2.95807,0,3402,53598863109
38.3365,26.0848,55.1471,0,100,93,73,1392,3504,2.09752,0,11.1974,2.95807,0,3400,53624945069
38.0574,26.2761,55.1471,0,100,93,73,1392,3504,2.09752,0,11.1974,2.95807,0,3400,53651221693
27.7624,36.0199,55.1471,0,100,93,73,1392,3504,2.09752,0,11.1974,2.95807,0,3400,53687243033
84.9888,11.7663,55.1471,0,100,93,73,1392,3504,2.09752,0,11.1974,2.95807,0,3400,53699010051
36.0565,27.7343,55.1471,0,100,93,73,1392,3504,2.09752,0,11.1974,2.95807,0,3400,53726745964
33.3102,30.0208,55.1471,0,100,93,73,1392,3504,2.09752,0,11.1974,2.95807,0,3400,53756768731
44.8131,22.3149,55.1471,0,100,93,73,1392,3504,2.09752,0,11.1974,2.95807,0,3400,53779084363
38.0997,26.2469,55.1471,0,100,93,73,1392,3504,2.09752,0,11.1974,2.95807,0,3400,53805332524
38.192,26.1835,55.1471,0,100,93,73,1392,3504,2.09752,0,11.1974,2.95807,0,3400,53831517642
36.0854,27.7121,55.1471,0,100,93,73,1392,3504,2.09752,0,11.1974,2.95807,0,3400,53859230863
43.5277,22.9739,55.1471,0,100,93,73,1392,3504,2.09752,0,11.1974,2.95807,0,3400,53882205845
34.9029,28.6509,55.1471,0,100,93,73,1392,3504,2.09752,0,11.1974,2.95807,0,3400,53910857857
45.3319,22.0595,55.1471,0,100,93,73,1392,3504,2.09752,0,11.1974,2.95807,0,3400,53932918965
36.9265,27.0808,55.1471,0,100,93,73,1392,3504,2.09752,0,11.1974,2.95807,0,3400,53960000978
45.4619,21.9964,55.1471,0,100,93,73,1392,3504,2.09752,0,11.1974,2.95807,0,3400,53981999008
33.6985,29.6749,55.1471,0,100,93,73,1392,3504,2.09752,0,11.1974,2.95807,0,3400,54011675271
42.1743,23.7111,55.1471,0,100,93,73,1392,3504,2.09752,0,11.1974,2.95807,0,3400,54035387135
38.3041,26.1069,55.1471,0,100,93,73,1392,3504,2.09752,0,11.1974,2.95807,0,3400,54061495934
40.921,24.4374,55.1471,0,100,93,73,1392,3504,2.09752,0,11.1974,2.95807,0,3400,54085934100
39.849,25.0947,55.1471,0,100,93,73,1392,3504,2.09752,0,11.1974,2.95807,0,3400,54111034911
30.1765,33.1383,57.2464,0,100,93,73,1395,3504,2.09747,0,11.1977,2.95807,0,3400,54144169164
54.4506,18.3653,57.2464,0,100,93,73,1395,3504,2.09747,0,11.1977,2.95807,0,3400,54162536448
34.2623,29.1866,57.2464,0,100,93,73,1395,3504,2.09747,0,11.1977,2.95807,0,3400,54191724026
42.6305,23.4574,57.2464,0,100,93,73,1395,3504,2.09747,0,11.1977,2.95807,0,3400,54215182923
42.2372,23.6758,57.2464,0,100,93,73,1395,3504,2.09747,0,11.1977,2.95807,0,3400,54238859498
36.6288,27.3009,57.2464,0,100,93,73,1395,3504,2.09747,0,11.1977,2.95807,0,3400,54266161926
40.8683,24.4688,57.2464,0,100,93,73,1395,3504,2.09747,0,11.1977,2.95807,0,3400,54290632117
44.0111,22.7215,57.2464,0,100,93,73,1395,3504,2.09747,0,11.1977,2.95807,0,3400,54313353580
36.6519,27.2838,57.2464,0,100,93,73,1395,3504,2.09747,0,11.1977,2.95807,0,3400,54340639732
35.711,28.0026,57.2464,0,100,93,73,1395,3504,2.09747,0,11.1977,2.95807,0,3400,54368644017
42.4733,23.5442,57.2464,0,100,93,73,1395,3504,2.09747,0,11.1977,2.95807,0,3400,54392189506
39.7973,25.1273,57.2464,0,100,93,73,1395,3504,2.09747,0,11.1977,2.95807,0,3400,54417318804
38.7026,25.8381,57.2464,0,100,93,73,1395,3504,2.09747,0,11.1977,2.95807,0,3400,54443156941
40.0545,24.966,57.2464,0,100,93,73,1395,3504,2.09747,0,11.1977,2.95807,0,3400,54468124979
34.6677,28.8453,57.2464,0,100,93,73,1395,3504,2.09747,0,11.1977,2.95807,0,3400,54496971612
36.5725,27.3429,57.2464,0,100,93,73,1395,3504,2.09747,0,11.1977,2.95807,0,3400,54524315403
36.3796,27.4879,57.2464,0,100,93,73,1395,3504,2.09747,0,11.1977,2.95807,0,3400,54551805051
42.8407,23.3423,57.2464,0,100,93,73,1395,3504,2.09747,0,11.1977,2.95807,0,3400,54575150396
43.2117,23.1419,57.2464,0,100,93,73,1395,3504,2.09747,0,11.1977,2.95807,0,3400,54598292112
33.0021,30.3011,57.2464,0,100,93,73,1395,3504,2.09747,0,11.1977,2.95807,0,3400,54628596756
57.7829,17.3062,65.1219,0,100,94,74,1441,3504,2.09664,0,11.2102,2.95807,0,3400,54645903275
39.1227,25.5606,65.1219,0,100,94,74,1441,3504,2.09664,0,11.2102,2.95807,0,3400,54671464097
35.3775,28.2666,65.1219,0,100,94,74,1441,3504,2.09664,0,11.2102,2.95807,0,3400,54699730802
41.1745,24.2869,65.1219,0,100,94,74,1441,3504,2.09664,0,11.2102,2.95807,0,3400,54724019505
41.4785,24.1089,65.1219,0,100,94,74,1441,3504,2.09664,0,11.2102,2.95807,0,3400,54748129237
38.7574,25.8015,65.1219,0,100,94,74,1441,3504,2.09664,0,11.2102,2.95807,0,3400,54773932203
38.7015,25.8388,65.1219,0,100,94,74,1441,3504,2.09664,0,11.2102,2.95807,0,3400,54799774659
37.5808,26.6093,65.1219,0,100,94,74,1441,3504,2.09664,0,11.2102,2.95807,0,3400,54826383924
42.0004,23.8093,65.1219,0,100,94,74,1441,3504,2.09664,0,11.2102,2.95807,0,3400,54850193233
38.045,26.2847,65.1219,0,100,94,74,1441,3504,2.09664,0,11.2102,2.95807,0,3400,54876479563
34.0403,29.3769,65.1219,0,100,94,74,1441,3504,2.09664,0,11.2102,2.95807,0,3400,54905857627
46.1034,21.6904,65.1219,0,100,94,74,1441,3504,2.09664,0,11.2102,2.95807,0,3400,54927549687
39.1854,25.5197,65.1219,0,100,94,74,1441,3504,2.09664,0,11.2102,2.95807,0,3400,54953071780
43.0541,23.2266,65.1219,0,100,94,74,1441,3504,2.09664,0,11.2102,2.95807,0,3400,54976298901
35.646,28.0536,65.1219,0,100,94,74,1441,3504,2.09664,0,11.2102,2.95807,0,3400,55004353883
41.6682,23.9991,65.1219,0,100,94,74,1441,3504,2.09664,0,11.2102,2.95807,0,3400,55028353382
40.5703,24.6486,65.1219,0,100,94,74,1441,3504,2.09664,0,11.2102,2.95807,0,3400,55053890077
41.1349,24.3103,65.1219,0,100,94,74,1441,3504,2.09664,0,11.2102,2.95807,0,3400,55078202199
39.7952,25.1287,65.1219,0,100,94,74,1441,3504,2.09664,0,11.2102,2.95807,0,3400,55103331735
38.5572,25.9355,65.1219,0,100,94,74,1441,3504,2.09664,0,11.2102,2.95807,0,3400,55129275306
39.4051,25.3774,56.4886,0,100,94,74,1442,3504,2.08528,0,11.2102,2.95807,0,3400,55154646324
37.3214,26.7943,56.4886,0,100,94,74,1442,3504,2.08528,0,11.2102,2.95807,0,3400,55181442158
38.6856,25.8494,56.4886,0,100,94,74,1442,3504,2.08528,0,11.2102,2.95807,0,3400,55207291645
37.6877,26.5339,56.4886,0,100,94,74,1442,3504,2.08528,0,11.2102,2.95807,0,3400,55233827220
46.3199,21.589,56.4886,0,100,94,74,1442,3504,2.08528,0,11.2102,2.95807,0,3400,55255418378
37.8682,26.4073,56.4886,0,100,94,74,1442,3504,2.08528,0,11.2102,2.95807,0,3400,55281825509
34.9845,28.5841,56.4886,0,100,94,74,1442,3504,2.08528,0,11.2102,2.95807,0,3400,55310416250
47.9424,20.8584,56.4886,0,100,94,74,1442,3504,2.08528,0,11.2102,2.95807,0,3400,55331271961
36.8351,27.148,56.4886,0,100,94,74,1442,3504,2.08528,0,11.2102,2.95807,0,3400,55358422542
34.7847,28.7483,56.4886,0,100,94,74,1442,3504,2.08528,0,11.2102,2.95807,0,3400,55387173206
40.7576,24.5353,56.4886,0,100,94,74,1442,3504,2.08528,0,11.2102,2.95807,0,3400,55411708754
42.1986,23.6975,56.4886,0,100,94,74,1442,3504,2.08528,0,11.2102,2.95807,0,3400,55435409807
39.109,25.5696,56.4886,0,100,94,74,1442,3504,2.08528,0,11.2102,2.95807,0,3400,55460982128
29.3249,34.1008,56.4886,0,100,94,74,1442,3504,2.08528,0,11.2102,2.95807,0,3400,55495080765
55.3163,18.0779,56.4886,0,100,94,74,1442,3504,2.08528,0,11.2102,2.95807,0,3400,55513160314
39.9006,25.0623,56.4886,0,100,94,74,1442,3504,2.08528,0,11.2102,2.95807,0,3400,55538223349
36.0079,27.7716,56.4886,0,100,94,74,1442,3504,2.08528,0,11.2102,2.95807,0,3400,55565997049
38.4511,26.0071,56.4886,0,100,94,74,1442,3504,2.08528,0,11.2102,2.95807,0,3400,55592006414
45.2286,22.1099,56.4886,0,100,94,74,1442,3504,2.08528,0,11.2102,2.95807,0,3400,55614122305
34.848,28.696,56.4886,0,100,94,74,1442,3504,2.08528,0,11.2102,2.95807,0,3400,55642820797
41.858,23.8903,65.3563,0,100,95,74,1442,3504,2.08528,0,11.2276,2.95807,0,3414,55666797102
27.9873,35.7305,65.3563,0,100,95,74,1442,3504,2.08528,0,11.2276,2.95807,0,3414,55702439080
31.6404,31.6052,65.3563,0,100,95,74,1442,3504,2.08528,0,11.2276,2.95807,0,3414,55734046507
54.6723,18.2908,65.3563,0,100,95,74,1442,3504,2.08528,0,11.2276,2.95807,0,3414,55752337771
44.1112,22.67,65.3563,0,100,95,74,1442,3504,2.08528,0,11.2276,2.95807,0,3414,55775008994
59.4128,16.8314,65.3563,0,100,95,74,1442,3504,2.08528,0,11.2276,2.95807,0,3414,55791841389
38.3957,26.0446,65.3563,0,100,95,74,1442,3504,2.08528,0,11.2276,2.95807,0,3414,55817889757
36.6651,27.2739,65.3563,0,100,95,74,1442,3504,2.08528,0,11.2276,2.95807,0,3414,55845163732
29.5843,33.8017,65.3563,0,100,95,74,1442,3504,2.08528,0,11.2276,2.95807,0,3414,55878966624
53.5489,18.6745,65.3563,0,100,95,74,1442,3504,2.08528,0,11.2276,2.95807,0,3414,55897642616
39.5989,25.2532,65.3563,0,100,95,74,1442,3504,2.08528,0,11.2276,2.95807,0,3414,55922897875
38.2912,26.1157,65.3563,0,100,95,74,1442,3504,2.08528,0,11.2276,2.95807,0,3414,55949015583
38.0565,26.2767,65.3563,0,100,95,74,1442,3504,2.08528,0,11.2276,2.95807,0,3414,55975292458
40.5643,24.6522,65.3563,0,100,95,74,1442,3504,2.08528,0,11.2276,2.95807,0,3414,55999946282
38.5059,25.97,65.3563,0,100,95,74,1442,3504,2.08528,0,11.2276,2.95807,0,3414,56025918554
39.4643,25.3393,65.3563,0,100,95,74,1442,3504,2.08528,0,11.2276,2.95807,0,3414,56051261535
38.3042,26.1068,65.3563,0,100,95,74,1442,3504,2.08528,0,11.2276,2.95807,0,3414,56077386010
41.8924,23.8707,65.3563,0,100,95,74,1442,3504,2.08528,0,11.2276,2.95807,0,3414,56101242246
36.8389,27.1452,65.3563,0,100,95,74,1442,3504,2.08528,0,11.2276,2.95807,0,3414,56128387580
38.0174,26.3037,65.3563,0,100,95,74,1442,3504,2.08528,0,11.2276,2.95807,0,3414,56154700141
41.352,24.1826,56.7901,0,100,95,74,1447,3504,2.05398,0,11.2246,2.95807,0,3415,56178876230
37.4579,26.6966,56.7901,0,100,95,74,1447,3504,2.05398,0,11.2246,2.95807,0,3415,56205575593
32.7918,30.4955,56.7901,0,100,95,74,1447,3504,2.05398,0,11.2246,2.95807,0,3415,56236072445
43.7848,22.839,56.7901,0,100,95,74,1447,3504,2.05398,0,11.2246,2.95807,0,3415,56258912225
41.455,24.1225,56.7901,0,100,95,74,1447,3504,2.05398,0,11.2246,2.95807,0,3415,56283036103
36.6128,27.3128,56.7901,0,100,95,74,1447,3504,2.05398,0,11.2246,2.95807,0,3415,56310351268
39.1345,25.5529,56.7901,0,100,95,74,1447,3504,2.05398,0,11.2246,2.95807,0,3415,56335905367
40.5464,24.6631,56.7901,0,100,95,74,1447,3504,2.05398,0,11.2246,2.95807,0,3415,56360595202
39.1851,25.5199,56.7901,0,100,95,74,1447,3504,2.05398,0,11.2246,2.95807,0,3415,56386111914
36.5266,27.3773,56.7901,0,100,95,74,1447,3504,2.05398,0,11.2246,2.95807,0,3415,56413489319
43.2693,23.1111,56.7901,0,100,95,74,1447,3504,2.05398,0,11.2246,2.95807,0,3415,56436604966
36.971,27.0482,56.7901,0,100,95,74,1447,3504,2.05398,0,11.2246,2.95807,0,3415,56463652382
35.2304,28.3846,56.7901,0,100,95,74,1447,3504,2.05398,0,11.2246,2.95807,0,3415,56492038994
43.2395,23.127,56.7901,0,100,95,74,1447,3504,2.05398,0,11.2246,2.95807,0,3415,56515166175
36.5772,27.3394,56.7901,0,100,95,74,1447,3504,2.05398,0,11.2246,2.95807,0,3415,56542511488
37.8153,26.4443,56.7901,0,100,95,74,1447,3504,2.05398,0,11.2246,2.95807,0,3415,56569149207
43.1905,23.1533,56.7901,0,100,95,74,1447,3504,2.05398,0,11.2246,2.95807,0,3415,56592107987
33.8532,29.5393,56.7901,0,100,95,74,1447,3504,2.05398,0,11.2246,2.95807,0,3415,56621648863
36.0237,27.7595,56.7901,0,100,95,74,1447,3504,2.05398,0,11.2246,2.95807,0,3415,56649410315
42.9636,23.2755,56.7901,0,100,95,74,1447,3504,2.05398,0,11.2246,2.95807,0,3415,56672693658
41.9803,23.8207,52.4752,0,100,93,74,1449,3504,2.05039,0,11.2165,2.95807,0,3400,56696508207
38.8563,25.7358,52.4752,0,100,93,74,1449,3504,2.05039,0,11.2165,2.95807,0,3400,56722246943
38.1514,26.2114,52.4752,0,100,93,74,1449,3504,2.05039,0,11.2165,2.95807,0,3400,56748461845
35.9927,27.7834,52.4752,0,100,93,74,1449,3504,2.05039,0,11.2165,2.95807,0,3400,56776245869
42.5469,23.5035,52.4752,0,100,93,74,1449,3504,2.05039,0,11.2165,2.95807,0,3400,56799749308
37.1358,26.9282,52.4752,0,100,93,74,1449,3504,2.05039,0,11.2165,2.95807,0,3400,56826679993
43.4999,22.9886,52.4752,0,100,93,74,1449,3504,2.05039,0,11.2165,2.95807,0,3400,56849669180
38.6641,25.8638,52.4752,0,100,93,74,1449,3504,2.05039,0,11.2165,2.95807,0,3400,56875534367
35.0898,28.4983,52.4752,0,100,93,74,1449,3504,2.05039,0,11.2165,2.95807,0,3400,56904035204
36.8616,27.1285,52.4752,0,100,93,74,1449,3504,2.05039,0,11.2165,2.95807,0,3400,56931164141
45.9866,21.7455,52.4752,0,100,93,74,1449,3504,2.05039,0,11.2165,2.95807,0,3400,56952910961
36.7971,27.1761,52.4752,0,100,93,74,1449,3504,2.05039,0,11.2165,2.95807,0,3400,56980087882
43.2173,23.1389,52.4752,0,100,93,74,1449,3504,2.05039,0,11.2165,2.95807,0,3400,57003243663
40.5415,24.6661,52.4752,0,100,93,74,1449,3504,2.05039,0,11.2165,2.95807,0,3400,57027901579
36.7026,27.246,52.4752,0,100,93,74,1449,3504,2.05039,0,11.2165,2.95807,0,3400,57055145336
43.6769,22.8954,52.4752,0,100,93,74,1449,3504,2.05039,0,11.2165,2.95807,0,3400,57078041599
33.9625,29.4443,52.4752,0,100,93,74,1449,3504,2.05039,0,11.2165,2.95807,0,3400,57107489073
51.4662,19.4302,52.4752,0,100,93,74,1449,3504,2.05039,0,11.2165,2.95807,0,3400,57126920320
40.392,24.7574,52.4752,0,100,93,74,1449,3504,2.05039,0,11.2165,2.95807,0,3400,57151677844
39.6279,25.2347,52.4752,0,100,93,74,1449,3504,2.05039,0,11.2165,2.95807,0,3400,57176921179
37.9274,26.3661,62.1483,0,100,93,74,1455,3504,2.05392,0,11.2081,2.95807,0,3403,57203281938
50.0629,19.9749,62.1483,0,100,93,74,1455,3504,2.05392,0,11.2081,2.95807,0,3403,57223257599
36.4513,27.4338,62.1483,0,100,93,74,1455,3504,2.05392,0,11.2081,2.95807,0,3403,57250693104
41.4929,24.1005,62.1483,0,100,93,74,1455,3504,2.05392,0,11.2081,2.95807,0,3403,57274794542
41.2103,24.2658,62.1483,0,100,93,74,1455,3504,2.05392,0,11.2081,2.95807,0,3403,57299060993
39.5295,25.2976,62.1483,0,100,93,74,1455,3504,2.05392,0,11.2081,2.95807,0,3403,57324362065
47.3921,21.1006,62.1483,0,100,93,74,1455,3504,2.05392,0,11.2081,2.95807,0,3403,57345462158
39.4159,25.3705,62.1483,0,100,93,74,1455,3504,2.05392,0,11.2081,2.95807,0,3403,57370846640
40.6594,24.5946,62.1483,0,100,93,74,1455,3504,2.05392,0,11.2081,2.95807,0,3403,57395430242
38.1045,26.2436,62.1483,0,100,93,74,1455,3504,2.05392,0,11.2081,2.95807,0,3403,57421674950
42.7719,23.3798,62.1483,0,100,93,74,1455,3504,2.05392,0,11.2081,2.95807,0,3403,57445056478
42.8808,23.3205,62.1483,0,100,93,74,1455,3504,2.05392,0,11.2081,2.95807,0,3403,57468378045
40.5716,24.6478,62.1483,0,100,93,74,1455,3504,2.05392,0,11.2081,2.95807,0,3403,57493032034
37.8072,26.45,62.1483,0,100,93,74,1455,3504,2.05392,0,11.2081,2.95807,0,3403,57519480268
40.4179,24.7415,62.1483,0,100,93,74,1455,3504,2.05392,0,11.2081,2.95807,0,3403,57544223546
45.9747,21.7511,62.1483,0,100,93,74,1455,3504,2.05392,0,11.2081,2.95807,0,3403,57565975686
35.8217,27.9161,62.1483,0,100,93,74,1455,3504,2.05392,0,11.2081,2.95807,0,3403,57593896414
43.7737,22.8448,62.1483,0,100,93,74,1455,3504,2.05392,0,11.2081,2.95807,0,3403,57616739075
30.2287,33.0812,62.1483,0,100,93,74,1455,3504,2.05392,0,11.2081,2.95807,0,3403,57649821833
67.1825,14.8848,62.1483,0,100,93,74,1455,3504,2.05392,0,11.2081,2.95807,0,3403,57664706491
41.2124,24.2646,62.1483,0,100,93,74,1455,3504,2.05392,0,11.2081,2.95807,0,3403,57688974870
45.0825,22.1816,64.891,0,100,90,74,1516,3504,2.06436,0,11.1983,2.95807,0,3400,57711156295
35.336,28.2998,64.891,0,100,90,74,1516,3504,2.06436,0,11.1983,2.95807,0,3400,57739456262
41.1538,24.2991,64.891,0,100,90,74,1516,3504,2.06436,0,11.1983,2.95807,0,3400,57763756816
44.7941,22.3244,64.891,0,100,90,74,1516,3504,2.06436,0,11.1983,2.95807,0,3400,57786081962
39.9903,25.0061,64.891,0,100,90,74,1516,3504,2.06436,0,11.1983,2.95807,0,3400,57811090078
38.2521,26.1424,64.891,0,100,90,74,1516,3504,2.06436,0,11.1983,2.95807,0,3400,57837233188
42.8368,23.3444,64.891,0,100,90,74,1516,3504,2.06436,0,11.1983,2.95807,0,3400,57860578701
38.3031,26.1076,64.891,0,100,90,74,1516,3504,2.06436,0,11.1983,2.95807,0,3400,57886687029
40.5425,24.6655,64.891,0,100,90,74,1516,3504,2.06436,0,11.1983,2.95807,0,3400,57911353911
43.3488,23.0687,64.891,0,100,90,74,1516,3504,2.06436,0,11.1983,2.95807,0,3400,57934452656
36.4162,27.4603,64.891,0,100,90,74,1516,3504,2.06436,0,11.1983,2.95807,0,3400,57961886312
42.0763,23.7663,64.891,0,100,90,74,1516,3504,2.06436,0,11.1983,2.95807,0,3400,57985655411
36.8615,27.1286,64.891,0,100,90,74,1516,3504,2.06436,0,11.1983,2.95807,0,3400,58012786212
42.1663,23.7156,64.891,0,100,90,74,1516,3504,2.06436,0,11.1983,2.95807,0,3400,58036504238
48.7703,20.5043,64.891,0,100,90,74,1516,3504,2.06436,0,11.1983,2.95807,0,3400,58057008938
35.7905,27.9404,64.891,0,100,90,74,1516,3504,2.06436,0,11.1983,2.95807,0,3400,58084953356
44.9099,22.2668,64.891,0,100,90,74,1516,3504,2.06436,0,11.1983,2.95807,0,3400,58107219477
41.8299,23.9064,64.891,0,100,90,74,1516,3504,2.06436,0,11.1983,2.95807,0,3400,58131127446
35.904,27.8521,64.891,0,100,90,74,1516,3504,2.06436,0,11.1983,2.95807,0,3400,58158981472
49.8785,20.0487,64.891,0,100,90,74,1516,3504,2.06436,0,11.1983,2.95807,0,3400,58179031133
38.139,26.2199,64.891,0,100,90,74,1516,3504,2.06436,0,11.1983,2.95807,0,3400,58205260143
38.0553,26.2775,66.5848,0,100,90,75,1557,3504,2.06661,0,11.2131,2.95807,0,3400,58231531514
38.2172,26.1662,66.5848,0,100,90,75,1557,3504,2.06661,0,11.2131,2.95807,0,3400,58257700958
54.6449,18.3,66.5848,0,100,90,75,1557,3504,2.06661,0,11.2131,2.95807,0,3400,58276003482
35.0796,28.5066,66.5848,0,100,90,75,1557,3504,2.06661,0,11.2131,2.95807,0,3400,58304508782
49.7863,20.0859,66.5848,0,100,90,75,1557,3504,2.06661,0,11.2131,2.95807,0,3400,58324596239
41.7256,23.9661,66.5848,0,100,90,75,1557,3504,2.06661,0,11.2131,2.95807,0,3400,58348563776
36.7776,27.1904,66.5848,0,100,90,75,1557,3504,2.06661,0,11.2131,2.95807,0,3400,58375755059
42.4363,23.5648,66.5848,0,100,90,75,1557,3504,2.06661,0,11.2131,2.95807,0,3400,58399321883
39.1251,25.559,66.5848,0,100,90,75,1557,3504,2.06661,0,11.2131,2.95807,0,3400,58424882267
41.9803,23.8207,66.5848,0,100,90,75,1557,3504,2.06661,0,11.2131,2.95807,0,3400,58448705195
37.3558,26.7696,66.5848,0,100,90,75,1557,3504,2.06661,0,11.2131,2.95807,0,3400,58475477491
47.8662,20.8916,66.5848,0,100,90,75,1557,3504,2.06661,0,11.2131,2.95807,0,3400,58496367984
37.2168,26.8696,66.5848,0,100,90,75,1557,3504,2.06661,0,11.2131,2.95807,0,3400,58523239431
46.3035,21.5966,66.5848,0,100,90,75,1557,3504,2.06661,0,11.2131,2.95807,0,3400,58544837133
37.0484,26.9917,66.5848,0,100,90,75,1557,3504,2.06661,0,11.2131,2.95807,0,3400,58571829942
40.0696,24.9566,66.5848,0,100,90,75,1557,3504,2.06661,0,11.2131,2.95807,0,3400,58596789058
41.7163,23.9714,66.5848,0,100,90,75,1557,3504,2.06661,0,11.2131,2.95807,0,3400,58620762715
40.9244,24.4353,66.5848,0,100,90,75,1557,3504,2.06661,0,11.2131,2.95807,0,3400,58645197742
38.8097,25.7668,66.5848,0,100,90,75,1557,3504,2.06661,0,11.2131,2.95807,0,3400,58670966701
39.4467,25.3507,66.5848,0,100,90,75,1557,3504,2.06661,0,11.2131,2.95807,0,3400,58696318151
48.6533,20.5536,66.5848,0,100,90,75,1557,3504,2.06661,0,11.2131,2.95807,0,3400,58716876711
39.5515,25.2835,59.1371,0,100,92,76,1557,3504,2.06809,0,11.2081,2.95807,0,3400,58742157721
39.0699,25.5952,59.1371,0,100,92,76,1557,3504,2.06809,0,11.2081,2.95807,0,3400,58767754667
44.1364,22.657,59.1371,0,100,92,76,1557,3504,2.06809,0,11.2081,2.95807,0,3400,58790412510
36.7742,27.193,59.1371,0,100,92,76,1557,3504,2.06809,0,11.2081,2.95807,0,3400,58817606906
43.0583,23.2243,59.1371,0,100,92,76,1557,3504,2.06809,0,11.2081,2.95807,0,3400,58840832046
37.7902,26.4619,59.1371,0,100,92,76,1557,3504,2.06809,0,11.2081,2.95807,0,3400,58867297726
41.8955,23.8689,59.1371,0,100,92,76,1557,3504,2.06809,0,11.2081,2.95807,0,3400,58891165954
42.4727,23.5445,59.1371,0,100,92,76,1557,3504,2.06809,0,11.2081,2.95807,0,3400,58914711816
40.8913,24.4551,59.1371,0,100,92,76,1557,3504,2.06809,0,11.2081,2.95807,0,3400,58939168883
36.5469,27.3621,59.1371,0,100,92,76,1557,3504,2.06809,0,11.2081,2.95807,0,3400,58966531707
45.5677,21.9454,59.1371,0,100,92,76,1557,3504,2.06809,0,11.2081,2.95807,0,3400,58988479554
40.7369,24.5477,59.1371,0,100,92,76,1557,3504,2.06809,0,11.2081,2.95807,0,3400,59013026868
33.3233,30.009,59.1371,0,100,92,76,1557,3504,2.06809,0,11.2081,2.95807,0,3400,59043041228
45.8576,21.8066,59.1371,0,100,92,76,1557,3504,2.06809,0,11.2081,2.95807,0,3400,59064847004
41.504,24.094,59.1371,0,100,92,76,1557,3504,2.06809,0,11.2081,2.95807,0,3400,59088943422
39.6835,25.1994,59.1371,0,100,92,76,1557,3504,2.06809,0,11.2081,2.95807,0,3400,59114143301
35.8357,27.9051,59.1371,0,100,92,76,1557,3504,2.06809,0,11.2081,2.95807,0,3400,59142049246
43.1435,23.1784,59.1371,0,100,92,76,1557,3504,2.06809,0,11.2081,2.95807,0,3400,59165229372
39.6651,25.2111,59.1371,0,100,92,76,1557,3504,2.06809,0,11.2081,2.95807,0,3400,59190441906
45.8358,21.817,59.1371,0,100,92,76,1557,3504,2.06809,0,11.2081,2.95807,0,3400,59212259500
40.5556,24.6575,59.1371,0,100,92,76,1557,3504,2.06809,0,11.2081,2.95807,0,3400,59236923132
36.8503,27.1368,52.2782,0,100,92,76,1563,3504,2.07263,0,11.2064,2.95807,0,3411,59264056801
42.9608,23.277,52.2782,0,100,92,76,1563,3504,2.07263,0,11.2064,2.95807,0,3411,59287335315
39.312,25.4376,52.2782,0,100,92,76,1563,3504,2.07263,0,11.2064,2.95807,0,3411,59312774161
43.0163,23.247,52.2782,0,100,92,76,1563,3504,2.07263,0,11.2064,2.95807,0,3411,59336021495
37.9907,26.3222,52.2782,0,100,92,76,1563,3504,2.07263,0,11.2064,2.95807,0,3411,59362346886
36.9396,27.0712,52.2782,0,100,92,76,1563,3504,2.07263,0,11.2064,2.95807,0,3411,59389419600
50.9279,19.6356,52.2782,0,100,92,76,1563,3504,2.07263,0,11.2064,2.95807,0,3411,59409057987
39.2638,25.4688,52.2782,0,100,92,76,1563,3504,2.07263,0,11.2064,2.95807,0,3411,59434525671
41.4137,24.1466,52.2782,0,100,92,76,1563,3504,2.07263,0,11.2064,2.95807,0,3411,59458673697
37.6261,26.5773,52.2782,0,100,92,76,1563,3504,2.07263,0,11.2064,2.95807,0,3411,59485256268
36.4059,27.4681,52.2782,0,100,92,76,1563,3504,2.07263,0,11.2064,2.95807,0,3411,59512722281
34.9771,28.5902,52.2782,0,100,92,76,1563,3504,2.07263,0,11.2064,2.95807,0,3411,59541314291
43.1168,23.1928,52.2782,0,100,92,76,1563,3504,2.07263,0,11.2064,2.95807,0,3411,59564508160
37.3483,26.775,52.2782,0,100,92,76,1563,3504,2.07263,0,11.2064,2.95807,0,3411,59591285734
37.8438,26.4244,52.2782,0,100,92,76,1563,3504,2.07263,0,11.2064,2.95807,0,3411,59617710030
41.5567,24.0635,52.2782,0,100,92,76,1563,3504,2.07263,0,11.2064,2.95807,0,3411,59641773257
39.8787,25.076,52.2782,0,100,92,76,1563,3504,2.07263,0,11.2064,2.95807,0,3411,59666850083
43.5882,22.942,52.2782,0,100,92,76,1563,3504,2.07263,0,11.2064,2.95807,0,3411,59689794165
39.0655,25.598,52.2782,0,100,92,76,1563,3504,2.07263,0,11.2064,2.95807,0,3411,59715392870
38.0726,26.2656,52.2782,0,100,92,76,1563,3504,2.07263,0,11.2064,2.95807,0,3411,59741664684
43.1108,23.1961,53.1017,0,100,92,76,1566,3504,2.08659,0,11.2043,2.95807,0,3423,59764856446
37.7651,26.4795,53.1017,0,100,92,76,1566,3504,2.08659,0,11.2043,2.95807,0,3423,59791338104
44.9888,22.2278,53.1017,0,100,92,76,1566,3504,2.08659,0,11.2043,2.95807,0,3423,59813567541
38.3405,26.0821,53.1017,0,100,92,76,1566,3504,2.08659,0,11.2043,2.95807,0,3423,59839658895
58.2369,17.1712,53.1017,0,100,92,76,1566,3504,2.08659,0,11.2043,2.95807,0,3423,59856822187
39.956,25.0275,53.1017,0,100,92,76,1566,3504,2.08659,0,11.2043,2.95807,0,3423,59881851766
34.8172,28.7214,53.1017,0,100,92,76,1566,3504,2.08659,0,11.2043,2.95807,0,3423,59910574081
59.071,16.9288,53.1017,0,100,92,76,1566,3504,2.08659,0,11.2043,2.95807,0,3423,59927505554
39.9226,25.0484,53.1017,0,100,92,76,1566,3504,2.08659,0,11.2043,2.95807,0,3423,59952554082
43.4565,23.0115,53.1017,0,100,92,76,1566,3504,2.08659,0,11.2043,2.95807,0,3423,59975566583
41.8636,23.8871,53.1017,0,100,92,76,1566,3504,2.08659,0,11.2043,2.95807,0,3423,59999454984
41.5847,24.0473,53.1017,0,100,92,76,1566,3504,2.08659,0,11.2043,2.95807,0,3423,60023503768
40.0615,24.9616,53.1017,0,100,92,76,1566,3504,2.08659,0,11.2043,2.95807,0,3423,60048467050
46.65,21.4362,53.1017,0,100,92,76,1566,3504,2.08659,0,11.2043,2.95807,0,3423,60069904816
42.3625,23.6058,53.1017,0,100,92,76,1566,3504,2.08659,0,11.2043,2.95807,0,3423,60093513153
44.3587,22.5435,53.1017,0,100,92,76,1566,3504,2.08659,0,11.2043,2.95807,0,3423,60116058518
43.7672,22.8481,53.1017,0,100,92,76,1566,3504,2.08659,0,11.2043,2.95807,0,3423,60138906642
41.6972,23.9825,53.1017,0,100,92,76,1566,3504,2.08659,0,11.2043,2.95807,0,3423,60162892026
42.1387,23.7311,53.1017,0,100,92,76,1566,3504,2.08659,0,11.2043,2.95807,0,3423,60186623164
39.5569,25.28,53.1017,0,100,92,76,1566,3504,2.08659,0,11.2043,2.95807,0,3423,60211905295
43.4135,23.0343,53.1017,0,100,92,76,1566,3504,2.08659,0,11.2043,2.95807,0,3423,60234938913
47.6264,20.9968,53.1017,0,100,92,76,1566,3504,2.08659,0,11.2043,2.95807,0,3423,60255941147
42.5829,23.4836,52.3691,0,100,92,76,1566,3504,2.08659,0,11.1873,2.95807,0,3400,60279421802
41.9735,23.8246,52.3691,0,100,92,76,1566,3504,2.08659,0,11.1873,2.95807,0,3400,60303247083
42.237,23.6759,52.3691,0,100,92,76,1566,3504,2.08659,0,11.1873,2.95807,0,3400,60326924247
33.6151,29.7486,52.3691,0,100,92,76,1566,3504,2.08659,0,11.1873,2.95807,0,3400,60356676707
63.03,15.8655,52.3691,0,100,92,76,1566,3504,2.08659,0,11.1873,2.95807,0,3400,60372542378
42.5418,23.5063,52.3691,0,100,92,76,1566,3504,2.08659,0,11.1873,2.95807,0,3400,60396050830
40.7129,24.5623,52.3691,0,100,92,76,1566,3504,2.08659,0,11.1873,2.95807,0,3400,60420612772
41.579,24.0506,52.3691,0,100,92,76,1566,3504,2.08659,0,11.1873,2.95807,0,3400,60444665445
45.9538,21.761,52.3691,0,100,92,76,1566,3504,2.08659,0,11.1873,2.95807,0,3400,60466428085
37.679,26.54,52.3691,0,100,92,76,1566,3504,2.08659,0,11.1873,2.95807,0,3400,60492968516
48.0584,20.808,52.3691,0,100,92,76,1566,3504,2.08659,0,11.1873,2.95807,0,3400,60513782166
38.8166,25.7622,52.3691,0,100,92,76,1566,3504,2.08659,0,11.1873,2.95807,0,3400,60539543462
45.3488,22.0513,52.3691,0,100,92,76,1566,3504,2.08659,0,11.1873,2.95807,0,3400,60561595038
42.3707,23.6012,52.3691,0,100,92,76,1566,3504,2.08659,0,11.1873,2.95807,0,3400,60585197499
44.8218,22.3106,52.3691,0,100,92,76,1566,3504,2.08659,0,11.1873,2.95807,0,3400,60607508956
43.368,23.0585,52.3691,0,100,92,76,1566,3504,2.08659,0,11.1873,2.95807,0,3400,60630569936
39.5929,25.2571,52.3691,0,100,92,76,1566,3504,2.08659,0,11.1873,2.95807,0,3400,60655827581
41.4998,24.0965,52.3691,0,100,92,76,1566,3504,2.08659,0,11.1873,2.95807,0,3400,60679925666
47.0884,21.2366,52.3691,0,100,92,76,1566,3504,2.08659,0,11.1873,2.95807,0,3400,60701162811
39.6814,25.2007,52.3691,0,100,92,76,1566,3504,2.08659,0,11.1873,2.95807,0,3400,60726363706
46.6697,21.4272,52.3691,0,100,92,76,1566,3504,2.08659,0,11.1873,2.95807,0,3400,60747793524
29.22,34.2231,52.3691,0,100,92,76,1566,3504,2.08659,0,11.1873,2.95807,0,3400,60782020542
73.5698,13.5925,51.0843,0,100,89,76,1646,3504,2.09099,0,11.1819,2.95807,0,3400,60795611850
40.3436,24.7871,51.0843,0,100,89,76,1646,3504,2.09099,0,11.1819,2.95807,0,3400,60820398796
45.3848,22.0338,51.0843,0,100,89,76,1646,3504,2.09099,0,11.1819,2.95807,0,3400,60842433806
40.6514,24.5994,51.0843,0,100,89,76,1646,3504,2.09099,0,11.1819,2.95807,0,3400,60867035759
18.2559,54.7767,51.0843,0,100,89,76,1646,3504,2.09099,0,11.1819,2.95807,0,3400,60921813532
100.665,9.93396,51.0843,0,100,89,76,1646,3504,2.09099,0,11.1819,2.95807,0,3400,60931748647
39.0689,25.5958,51.0843,0,100,89,76,1646,3504,2.09099,0,11.1819,2.95807,0,3400,60957347117
55.3247,18.0751,51.0843,0,100,89,76,1646,3504,2.09099,0,11.1819,2.95807,0,3400,60975422720
41.8092,23.9182,51.0843,0,100,89,76,1646,3504,2.09099,0,11.1819,2.95807,0,3400,60999342630
40.3931,24.7567,51.0843,0,100,89,76,1646,3504,2.09099,0,11.1819,2.95807,0,3400,61024099974
38.0569,26.2764,51.0843,0,100,89,76,1646,3504,2.09099,0,11.1819,2.95807,0,3400,61050379468
53.4541,18.7076,51.0843,0,100,89,76,1646,3504,2.09099,0,11.1819,2.95807,0,3400,61069086679
44.8483,22.2974,51.0843,0,100,89,76,1646,3504,2.09099,0,11.1819,2.95807,0,3400,61091385596
38.8806,25.7198,51.0843,0,100,89,76,1646,3504,2.09099,0,11.1819,2.95807,0,3400,61117105945
43.2283,23.133,51.0843,0,100,89,76,1646,3504,2.09099,0,11.1819,2.95807,0,3400,61140240560
45.288,22.0809,51.0843,0,100,89,76,1646,3504,2.09099,0,11.1819,2.95807,0,3400,61162322837
41.5575,24.0631,51.0843,0,100,89,76,1646,3504,2.09099,0,11.1819,2.95807,0,3400,61186387878
41.9813,23.8201,51.0843,0,100,89,76,1646,3504,2.09099,0,11.1819,2.95807,0,3400,61210208993
43.0531,23.2272,51.0843,0,100,89,76,1646,3504,2.09099,0,11.1819,2.95807,0,3400,61233437562
42.7534,23.39,51.0843,0,100,89,76,1646,3504,2.09099,0,11.1819,2.95807,0,3400,61256827789
38.7429,25.8112,51.0843,0,100,89,76,1646,3504,2.09099,0,11.1819,2.95807,0,3400,61282646999
46.7502,21.3903,58.1047,0,100,89,77,1652,3504,2.09502,0,11.1783,2.95807,0,3400,61304033154
45.2652,22.092,58.1047,0,100,89,77,1652,3504,2.09502,0,11.1783,2.95807,0,3400,61326127807
38.9519,25.6727,58.1047,0,100,89,77,1652,3504,2.09502,0,11.1783,2.95807,0,3400,61351800150
38.8696,25.7271,58.1047,0,100,89,77,1652,3504,2.09502,0,11.1783,2.95807,0,3400,61377528453
37.28,26.824,58.1047,0,100,89,77,1652,3504,2.09502,0,11.1783,2.95807,0,3400,61404353185
45.8905,21.791,58.1047,0,100,89,77,1652,3504,2.09502,0,11.1783,2.95807,0,3400,61426146004
39.3943,25.3844,58.1047,0,100,89,77,1652,3504,2.09502,0,11.1783,2.95807,0,3400,61451532869
36.7553,27.207,58.1047,0,100,89,77,1652,3504,2.09502,0,11.1783,2.95807,0,3400,61478740970
38.3397,26.0826,58.1047,0,100,89,77,1652,3504,2.09502,0,11.1783,2.95807,0,3400,61504826068
38.9864,25.65,58.1047,0,100,89,77,1652,3504,2.09502,0,11.1783,2.95807,0,3400,61530476367
37.0648,26.9798,58.1047,0,100,89,77,1652,3504,2.09502,0,11.1783,2.95807,0,3400,61557456407
37.6373,26.5694,58.1047,0,100,89,77,1652,3504,2.09502,0,11.1783,2.95807,0,3400,61584027879
39.6514,25.2198,58.1047,0,100,89,77,1652,3504,2.09502,0,11.1783,2.95807,0,3400,61609248270
33.4264,29.9165,58.1047,0,100,89,77,1652,3504,2.09502,0,11.1783,2.95807,0,3400,61639165115
25.8419,38.6968,58.1047,0,100,89,77,1652,3504,2.09502,0,11.1783,2.95807,0,3400,61677862769
49.6992,20.1211,58.1047,0,100,89,77,1652,3504,2.09502,0,11.1783,2.95807,0,3400,61697985678
27.7516,36.034,58.1047,0,100,89,77,1652,3504,2.09502,0,11.1783,2.95807,0,3400,61734021682
34.3999,29.0698,58.1047,0,100,89,77,1652,3504,2.09502,0,11.1783,2.95807,0,3400,61763113875
20.2792,49.3115,58.1047,0,100,89,77,1652,3504,2.09502,0,11.1783,2.95807,0,3400,61812453053
50.3531,19.8598,58.1509,0,97,85,77,1622,3504,2.09749,0,11.1777,2.95807,0,1729,61832287471
44.9877,22.2283,58.1509,0,97,85,77,1622,3504,2.09749,0,11.1777,2.95807,0,1729,61854518312
30.0488,33.2792,58.1509,0,97,85,77,1622,3504,2.09749,0,11.1777,2.95807,0,1729,61887798099
28.7319,34.8046,58.1509,0,97,85,77,1622,3504,2.09749,0,11.1777,2.95807,0,1729,61922604191
38.5374,25.9488,58.1509,0,97,85,77,1622,3504,2.09749,0,11.1777,2.95807,0,1729,61948554681
25.7504,38.8344,58.1509,0,97,85,77,1622,3504,2.09749,0,11.1777,2.95807,0,1729,61987390074
43.8128,22.8244,58.1509,0,97,85,77,1622,3504,2.09749,0,11.1777,2.95807,0,1729,62010217739
25.2424,39.6158,58.1509,0,97,85,77,1622,3504,2.09749,0,11.1777,2.95807,0,1729,62049834559
61.0217,16.3876,58.1509,0,97,85,77,1622,3504,2.09749,0,11.1777,2.95807,0,1729,62066222750
27.9678,35.7554,58.1509,0,97,85,77,1622,3504,2.09749,0,11.1777,2.95807,0,1729,62102000633
48.6892,20.5384,58.1509,0,97,85,77,1622,3504,2.09749,0,11.1777,2.95807,0,1729,62122540219
26.0685,38.3604,58.1509,0,97,85,77,1622,3504,2.09749,0,11.1777,2.95807,0,1729,62160880219
30.1516,33.1657,58.1509,0,97,85,77,1622,3504,2.09749,0,11.1777,2.95807,0,1729,62194047395
8.52499,117.302,58.1509,0,97,85,77,1622,3504,2.09749,0,11.1777,2.95807,0,1729,62311350051
13.4164,74.5355,58.1509,0,97,85,77,1622,3504,2.09749,0,11.1777,2.95807,0,1729,62385913089
20.2116,49.4766,74.3929,0,96,85,74,1408,3504,2.11273,0,11.1763,2.95807,0,1764,62435364586
13.7191,72.891,74.3929,0,96,85,74,1408,3504,2.11273,0,11.1763,2.95807,0,1764,62508256118
22.5018,44.4409,74.3929,0,96,85,74,1408,3504,2.11273,0,11.1763,2.95807,0,1764,62552698729
26.5068,37.7262,74.3929,0,96,85,74,1408,3504,2.11273,0,11.1763,2.95807,0,1764,62590425966
17.2749,57.8873,74.3929,0,96,85,74,1408,3504,2.11273,0,11.1763,2.95807,0,1764,62648335711
22.5989,44.2499,74.3929,0,96,85,74,1408,3504,2.11273,0,11.1763,2.95807,0,1764,62692566306
15.1847,65.8557,74.3929,0,96,85,74,1408,3504,2.11273,0,11.1763,2.95807,0,1764,62758421874
19.5416,51.1728,74.3929,0,96,85,74,1408,3504,2.11273,0,11.1763,2.95807,0,1764,62809595799
24.7055,40.4769,74.3929,0,96,85,74,1408,3504,2.11273,0,11.1763,2.95807,0,1764,62850095112
22.7508,43.9546,74.3929,0,96,85,74,1408,3504,2.11273,0,11.1763,2.95807,0,1764,62894056307
11.008,90.8431,61.1386,0,96,83,74,1408,3504,2.11273,0,11.1738,2.95807,0,1776,62984876694
20.6108,48.5182,61.1386,0,96,83,74,1408,3504,2.11273,0,11.1738,2.95807,0,1776,63033415353
35.0383,28.5402,61.1386,0,96,83,74,1408,3504,2.11273,0,11.1738,2.95807,0,1776,63061935134
42.916,23.3013,61.1386,0,96,83,74,1408,3504,2.11273,0,11.1738,2.95807,0,1776,63085237860
51.2366,19.5173,61.1386,0,96,83,74,1408,3504,2.11273,0,11.1738,2.95807,0,1776,63104754836
30.0447,33.2838,61.1386,0,96,83,74,1408,3504,2.11273,0,11.1738,2.95807,0,1776,63138040000
31.9629,31.2863,61.1386,0,96,83,74,1408,3504,2.11273,0,11.1738,2.95807,0,1776,63169350798
64.2907,15.5544,61.1386,0,96,83,74,1408,3504,2.11273,0,11.1738,2.95807,0,1776,63184884186
41.7915,23.9283,61.1386,0,96,83,74,1408,3504,2.11273,0,11.1738,2.95807,0,1776,63208835023
29.8537,33.4967,61.1386,0,96,83,74,1408,3504,2.11273,0,11.1738,2.95807,0,1776,63242311729
45.1571,22.1449,61.1386,0,96,83,74,1408,3504,2.11273,0,11.1738,2.95807,0,1776,63264478903
38.5676,25.9285,61.1386,0,96,83,74,1408,3504,2.11273,0,11.1738,2.95807,0,1776,63290408425
34.3156,29.1412,61.1386,0,96,83,74,1408,3504,2.11273,0,11.1738,2.95807,0,1776,63319551093
30.3623,32.9355,61.1386,0,96,83,74,1408,3504,2.11273,0,11.1738,2.95807,0,1776,63352487537
45.6465,21.9075,61.1386,0,96,83,74,1408,3504,2.11273,0,11.1738,2.95807,0,1776,63374418136
39.9334,25.0417,61.1386,0,96,83,74,1408,3504,2.11273,0,11.1738,2.95807,0,1776,63399468800
37.2603,26.8382,73.1646,0,46,83,73,1591,3504,2.11359,0,11.1729,2.95807,0,1761,63426301790
34.2672,29.1824,73.1646,0,46,83,73,1591,3504,2.11359,0,11.1729,2.95807,0,1761,63455505520
41.6607,24.0034,73.1646,0,46,83,73,1591,3504,2.11359,0,11.1729,2.95807,0,1761,63479509931
35.4685,28.194,73.1646,0,46,83,73,1591,3504,2.11359,0,11.1729,2.95807,0,1761,63507704660
36.7822,27.1871,73.1646,0,46,83,73,1591,3504,2.11359,0,11.1729,2.95807,0,1761,63534893466
36.5846,27.3339,73.1646,0,46,83,73,1591,3504,2.11359,0,11.1729,2.95807,0,1761,63562249437
40.5806,24.6423,73.1646,0,46,83,73,1591,3504,2.11359,0,11.1729,2.95807,0,1761,63586871353
41.0545,24.3579,73.1646,0,46,83,73,1591,3504,2.11359,0,11.1729,2.95807,0,1761,63611231006
36.8541,27.134,73.1646,0,46,83,73,1591,3504,2.11359,0,11.1729,2.95807,0,1761,63638386939
40.088,24.9451,73.1646,0,46,83,73,1591,3504,2.11359,0,11.1729,2.95807,0,1761,63663312545
32.0821,31.17,73.1646,0,46,83,73,1591,3504,2.11359,0,11.1729,2.95807,0,1761,63694483704
35.9214,27.8386,73.1646,0,46,83,73,1591,3504,2.11359,0,11.1729,2.95807,0,1761,63722323607
42.2398,23.6743,73.1646,0,46,83,73,1591,3504,2.11359,0,11.1729,2.95807,0,1761,63745999231
30.4825,32.8057,73.1646,0,46,83,73,1591,3504,2.11359,0,11.1729,2.95807,0,1761,63778806527
30.8155,32.4512,73.1646,0,46,83,73,1591,3504,2.11359,0,11.1729,2.95807,0,1761,63811259537
41.2779,24.226,73.1646,0,46,83,73,1591,3504,2.11359,0,11.1729,2.95807,0,1761,63835486060
33.2601,30.0661,73.1646,0,46,83,73,1591,3504,2.11359,0,11.1729,2.95807,0,1761,63865554621
38.4765,25.9899,73.1646,0,46,83,73,1591,3504,2.11359,0,11.1729,2.95807,0,1761,63891548463
23.5563,42.4515,73.1646,0,46,83,73,1591,3504,2.11359,0,11.1729,2.95807,0,1761,63934001417
35.8801,27.8706,82.2966,0,88,86,74,1389,3504,2.11683,0,11.1704,2.95807,0,1799,63961869601
29.279,34.1542,82.2966,0,88,86,74,1389,3504,2.11683,0,11.1704,2.95807,0,1799,63996045700
38.4864,25.9832,82.2966,0,88,86,74,1389,3504,2.11683,0,11.1704,2.95807,0,1799,64022009534
22.292,44.8592,82.2966,0,88,86,74,1389,3504,2.11683,0,11.1704,2.95807,0,1799,64066891804
43.8212,22.82,82.2966,0,88,86,74,1389,3504,2.11683,0,11.1704,2.95807,0,1799,64089691596
38.7101,25.833,82.2966,0,88,86,74,1389,3504,2.11683,0,11.1704,2.95807,0,1799,64115548887
19.701,50.7588,82.2966,0,88,86,74,1389,3504,2.11683,0,11.1704,2.95807,0,1799,64166287053
33.9717,29.4363,82.2966,0,88,86,74,1389,3504,2.11683,0,11.1704,2.95807,0,1799,64195737206
18.6313,53.6732,82.2966,0,88,86,74,1389,3504,2.11683,0,11.1704,2.95807,0,1799,64249399501
40.2815,24.8253,82.2966,0,88,86,74,1389,3504,2.11683,0,11.1704,2.95807,0,1799,64274248362
20.9206,47.7998,82.2966,0,88,86,74,1389,3504,2.11683,0,11.1704,2.95807,0,1799,64322054663
38.2974,26.1114,82.2966,0,88,86,74,1389,3504,2.11683,0,11.1704,2.95807,0,1799,64348140201
30.2969,33.0067,82.2966,0,88,86,74,1389,3504,2.11683,0,11.1704,2.95807,0,1799,64381149279
53.0995,18.8326,82.2966,0,88,86,74,1389,3504,2.11683,0,11.1704,2.95807,0,1799,64399982105
39.442,25.3537,82.2966,0,88,86,74,1389,3504,2.11683,0,11.1704,2.95807,0,1799,64425337159
35.9187,27.8407,82.2966,0,88,86,74,1389,3504,2.11683,0,11.1704,2.95807,0,1799,64453205975
35.5752,28.1095,85.2217,0,88,86,74,1389,3504,2.11683,0,11.1405,2.95807,0,1774,64481292759
41.6729,23.9964,85.2217,0,88,86,74,1389,3504,2.11683,0,11.1405,2.95807,0,1774,64505308543
46.4029,21.5504,85.2217,0,88,86,74,1389,3504,2.11683,0,11.1405,2.95807,0,1774,64526838848
35.8975,27.8571,85.2217,0,88,86,74,1389,3504,2.11683,0,11.1405,2.95807,0,1774,64554696965
32.309,30.9511,85.2217,0,88,86,74,1389,3504,2.11683,0,11.1405,2.95807,0,1774,64585672668
24.5392,40.7512,85.2217,0,88,86,74,1389,3504,2.11683,0,11.1405,2.95807,0,1774,64626401941
43.7571,22.8535,85.2217,0,88,86,74,1389,3504,2.11683,0,11.1405,2.95807,0,1774,64649256515
25.3529,39.4432,85.2217,0,88,86,74,1389,3504,2.11683,0,11.1405,2.95807,0,1774,64688721709
37.1609,26.91,85.2217,0,88,86,74,1389,3504,2.11683,0,11.1405,2.95807,0,1774,64715612149
40.8127,24.5021,85.2217,0,88,86,74,1389,3504,2.11683,0,11.1405,2.95807,0,1774,64740116823
39.0764,25.5909,85.2217,0,88,86,74,1389,3504,2.11683,0,11.1405,2.95807,0,1774,64765734502
33.6793,29.6918,85.2217,0,88,86,74,1389,3504,2.11683,0,11.1405,2.95807,0,1774,64795403172
31.9807,31.2688,85.2217,0,88,86,74,1389,3504,2.11683,0,11.1405,2.95807,0,1774,64826695756
35.0184,28.5565,85.2217,0,88,86,74,1389,3504,2.11683,0,11.1405,2.95807,0,1774,64855233180
32.4771,30.7909,85.2217,0,88,86,74,1389,3504,2.11683,0,11.1405,2.95807,0,1774,64886024147
41.3172,24.203,85.2217,0,88,86,74,1389,3504,2.11683,0,11.1405,2.95807,0,1774,64910227525
40.6096,24.6247,85.2217,0,88,86,74,1389,3504,2.11683,0,11.1405,2.95807,0,1774,64934874628
35.4713,28.1918,85.2217,0,88,86,74,1389,3504,2.11683,0,11.1405,2.95807,0,1774,64963108287
32.2839,30.9752,75.2577,0,83,85,73,1439,3504,2.13002,0,11.1402,2.95807,0,1732,64994065776
41.7279,23.9648,75.2577,0,83,85,73,1439,3504,2.13002,0,11.1402,2.95807,0,1732,65018031899
41.668,23.9992,75.2577,0,83,85,73,1439,3504,2.13002,0,11.1402,2.95807,0,1732,65042010909
31.6471,31.5985,75.2577,0,83,85,73,1439,3504,2.13002,0,11.1402,2.95807,0,1732,65073611289
20.8122,48.0486,75.2577,0,83,85,73,1439,3504,2.13002,0,11.1402,2.95807,0,1732,65121661349
20.2233,49.448,75.2577,0,83,85,73,1439,3504,2.13002,0,11.1402,2.95807,0,1732,65171131088
42.735,23.4,75.2577,0,83,85,73,1439,3504,2.13002,0,11.1402,2.95807,0,1732,65194512465
33.3271,30.0056,75.2577,0,83,85,73,1439,3504,2.13002,0,11.1402,2.95807,0,1732,65224539742
38.0095,26.3092,75.2577,0,83,85,73,1439,3504,2.13002,0,11.1402,2.95807,0,1732,65250828566
41.5006,24.096,75.2577,0,83,85,73,1439,3504,2.13002,0,11.1402,2.95807,0,1732,65274928929
35.4722,28.1911,75.2577,0,83,85,73,1439,3504,2.13002,0,11.1402,2.95807,0,1732,65303140117
33.0523,30.2551,75.2577,0,83,85,73,1439,3504,2.13002,0,11.1402,2.95807,0,1732,65333375860
37.7024,26.5235,75.2577,0,83,85,73,1439,3504,2.13002,0,11.1402,2.95807,0,1732,65359921887
42.5092,23.5243,75.2577,0,83,85,73,1439,3504,2.13002,0,11.1402,2.95807,0,1732,65383431484
35.8723,27.8767,75.2577,0,83,85,73,1439,3504,2.13002,0,11.1402,2.95807,0,1732,65411303033
43.791,22.8357,75.2577,0,83,85,73,1439,3504,2.13002,0,11.1402,2.95807,0,1732,65434157966
33.0932,30.2177,75.2577,0,83,85,73,1439,3504,2.13002,0,11.1402,2.95807,0,1732,65464383210
34.048,29.3703,78.1407,0,83,85,73,1439,3504,2.13002,0,11.1533,2.95807,0,1763,65493730516
45.8214,21.8239,78.1407,0,83,85,73,1439,3504,2.13002,0,11.1533,2.95807,0,1763,65515554846
28.1683,35.5009,78.1407,0,83,85,73,1439,3504,2.13002,0,11.1533,2.95807,0,1763,65551056992
24.2986,41.1547,78.1407,0,83,85,73,1439,3504,2.13002,0,11.1533,2.95807,0,1763,65592212941
23.0301,43.4214,78.1407,0,83,85,73,1439,3504,2.13002,0,11.1533,2.95807,0,1763,65635635675
37.379,26.753,78.1407,0,83,85,73,1439,3504,2.13002,0,11.1533,2.95807,0,1763,65662411447
29.4982,33.9003,78.1407,0,83,85,73,1439,3504,2.13002,0,11.1533,2.95807,0,1763,65696291582
41.1883,24.2787,78.1407,0,83,85,73,1439,3504,2.13002,0,11.1533,2.95807,0,1763,65720573868
38.5495,25.9407,78.1407,0,83,85,73,1439,3504,2.13002,0,11.1533,2.95807,0,1763,65746514576
36.5727,27.3428,78.1407,0,83,85,73,1439,3504,2.13002,0,11.1533,2.95807,0,1763,65773858044
25.2636,39.5827,78.1407,0,83,85,73,1439,3504,2.13002,0,11.1533,2.95807,0,1763,65813463168
45.9764,21.7503,78.1407,0,83,85,73,1439,3504,2.13002,0,11.1533,2.95807,0,1763,65835192844
35.6888,28.02,78.1407,0,83,85,73,1439,3504,2.13002,0,11.1533,2.95807,0,1763,65863215528
35.5499,28.1295,78.1407,0,83,85,73,1439,3504,2.13002,0,11.1533,2.95807,0,1763,65891348694
33.0588,30.2492,78.1407,0,83,85,73,1439,3504,2.13002,0,11.1533,2.95807,0,1763,65921618623
36.3057,27.5439,78.1407,0,83,85,73,1439,3504,2.13002,0,11.1533,2.95807,0,1763,65949163658
35.5408,28.1367,78.1407,0,83,85,73,1439,3504,2.13002,0,11.1533,2.95807,0,1763,65977306281
27.147,36.8364,74.321,0,90,84,73,1419,3504,2.13249,0,11.1541,2.95807,0,1733,66014139534
27.5555,36.2904,74.321,0,90,84,73,1419,3504,2.13249,0,11.1541,2.95807,0,1733,66050452728
47.9864,20.8392,74.321,0,90,84,73,1419,3504,2.13249,0,11.1541,2.95807,0,1733,66071271855
37.2406,26.8524,74.321,0,90,84,73,1419,3504,2.13249,0,11.1541,2.95807,0,1733,66098128086
22.4627,44.5183,74.321,0,90,84,73,1419,3504,2.13249,0,11.1541,2.95807,0,1733,66142644721
31.8832,31.3644,74.321,0,90,84,73,1419,3504,2.13249,0,11.1541,2.95807,0,1733,66174011377
26.6754,37.4877,74.321,0,90,84,73,1419,3504,2.13249,0,11.1541,2.95807,0,1733,66211560667
38.687,25.8484,74.321,0,90,84,73,1419,3504,2.13249,0,11.1541,2.95807,0,1733,66237399052
39.7815,25.1373,74.321,0,90,84,73,1419,3504,2.13249,0,11.1541,2.95807,0,1733,66262537701
29.2713,34.1632,74.321,0,90,84,73,1419,3504,2.13249,0,11.1541,2.95807,0,1733,66296723657
27.8927,35.8517,74.321,0,90,84,73,1419,3504,2.13249,0,11.1541,2.95807,0,1733,66332575120
39.2592,25.4718,74.321,0,90,84,73,1419,3504,2.13249,0,11.1541,2.95807,0,1733,66358049541
38.9761,25.6567,74.321,0,90,84,73,1419,3504,2.13249,0,11.1541,2.95807,0,1733,66383707089
35.9031,27.8527,74.321,0,90,84,73,1419,3504,2.13249,0,11.1541,2.95807,0,1733,66411561287
30.8632,32.401,74.321,0,90,84,73,1419,3504,2.13249,0,11.1541,2.95807,0,1733,66443976551
31.6355,31.6101,74.321,0,90,84,73,1419,3504,2.13249,0,11.1541,2.95807,0,1733,66475596731
33.7752,29.6075,74.321,0,90,84,73,1419,3504,2.13249,0,11.1541,2.95807,0,1733,66505215559
43.3841,23.0499,78.3455,0,88,84,73,1434,3504,2.14882,0,11.1526,2.95807,0,1782,66528235497
35.0848,28.5024,78.3455,0,88,84,73,1434,3504,2.14882,0,11.1526,2.95807,0,1782,66556760456
44.0986,22.6765,78.3455,0,88,84,73,1434,3504,2.14882,0,11.1526,2.95807,0,1782,66579417583
44.7747,22.334,78.3455,0,88,84,73,1434,3504,2.14882,0,11.1526,2.95807,0,1782,66601752313
39.4401,25.3549,78.3455,0,88,84,73,1434,3504,2.14882,0,11.1526,2.95807,0,1782,66627109885
40.3259,24.7979,78.3455,0,88,84,73,1434,3504,2.14882,0,11.1526,2.95807,0,1782,66651921566
43.3098,23.0895,78.3455,0,88,84,73,1434,3504,2.14882,0,11.1526,2.95807,0,1782,66675020559
39.7088,25.1833,78.3455,0,88,84,73,1434,3504,2.14882,0,11.1526,2.95807,0,1782,66700224615
30.939,32.3217,78.3455,0,88,84,73,1434,3504,2.14882,0,11.1526,2.95807,0,1782,66732548215
46.6208,21.4497,78.3455,0,88,84,73,1434,3504,2.14882,0,11.1526,2.95807,0,1782,66753977737
37.2941,26.8139,78.3455,0,88,84,73,1434,3504,2.14882,0,11.1526,2.95807,0,1782,66780793187
18.7625,53.2977,78.3455,0,88,84,73,1434,3504,2.14882,0,11.1526,2.95807,0,1782,66834113173
26.9706,37.0774,78.3455,0,88,84,73,1434,3504,2.14882,0,11.1526,2.95807,0,1782,66871191662
50.9833,19.6143,78.3455,0,88,84,73,1434,3504,2.14882,0,11.1526,2.95807,0,1782,66890787756
20.9927,47.6357,78.3455,0,88,84,73,1434,3504,2.14882,0,11.1526,2.95807,0,1782,66938423470
64.6676,15.4637,78.3455,0,88,84,73,1434,3504,2.14882,0,11.1526,2.95807,0,1782,66953910133
30.7882,32.48,78.3455,0,88,84,73,1434,3504,2.14882,0,11.1526,2.95807,0,1782,66986394481
51.9435,19.2517,78.3455,0,88,84,73,1434,3504,2.14882,0,11.1526,2.95807,0,1782,67005674382
31.8163,31.4304,79.1123,0,88,85,73,1434,3504,2.14882,0,11.1501,2.95807,0,1735,67037081358
35.9017,27.8539,79.1123,0,88,85,73,1434,3504,2.14882,0,11.1501,2.95807,0,1735,67064935140
29.1429,34.3137,79.1123,0,88,85,73,1434,3504,2.14882,0,11.1501,2.95807,0,1735,67099249835
44.6838,22.3795,79.1123,0,88,85,73,1434,3504,2.14882,0,11.1501,2.95807,0,1735,67121631959
19.8869,50.2845,79.1123,0,88,85,73,1434,3504,2.14882,0,11.1501,2.95807,0,1735,67171918063
37.1565,26.9132,79.1123,0,88,85,73,1434,3504,2.14882,0,11.1501,2.95807,0,1735,67198831509
35.0814,28.5051,79.1123,0,88,85,73,1434,3504,2.14882,0,11.1501,2.95807,0,1735,67227339623
29.0303,34.4468,79.1123,0,88,85,73,1434,3504,2.14882,0,11.1501,2.95807,0,1735,67261787211
28.8753,34.6317,79.1123,0,88,85,73,1434,3504,2.14882,0,11.1501,2.95807,0,1735,67296441220
20.8562,47.9474,79.1123,0,88,85,73,1434,3504,2.14882,0,11.1501,2.95807,0,1735,67344369257
27.1367,36.8505,79.1123,0,88,85,73,1434,3504,2.14882,0,11.1501,2.95807,0,1735,67381222828
23.2184,43.0693,79.1123,0,88,85,73,1434,3504,2.14882,0,11.1501,2.95807,0,1735,67424293743
24.8355,40.265,79.1123,0,88,85,73,1434,3504,2.14882,0,11.1501,2.95807,0,1735,67464559429
26.8669,37.2206,79.1123,0,88,85,73,1434,3504,2.14882,0,11.1501,2.95807,0,1735,67501782800
26.4953,37.7425,79.1123,0,88,85,73,1434,3504,2.14882,0,11.1501,2.95807,0,1735,67539552083
28.0199,35.689,75.2381,0,89,85,73,1418,3504,2.17648,0,11.1543,2.95807,0,1731,67575239450
30.9432,32.3172,75.2381,0,89,85,73,1418,3504,2.17648,0,11.1543,2.95807,0,1731,67607534518
20.8108,48.052,75.2381,0,89,85,73,1418,3504,2.17648,0,11.1543,2.95807,0,1731,67655587265
32.7309,30.5522,75.2381,0,89,85,73,1418,3504,2.17648,0,11.1543,2.95807,0,1731,67686141408
26.5531,37.6604,75.2381,0,89,85,73,1418,3504,2.17648,0,11.1543,2.95807,0,1731,67723831284
32.2404,31.0169,75.2381,0,89,85,73,1418,3504,2.17648,0,11.1543,2.95807,0,1731,67754820412
5.21345,191.811,75.2381,0,89,85,73,1418,3504,2.17648,0,11.1543,2.95807,0,1731,67946632198
33.1596,30.1572,75.2381,0,89,85,73,1418,3504,2.17648,0,11.1543,2.95807,0,1731,67976812400
40.9759,24.4046,75.2381,0,89,85,73,1418,3504,2.17648,0,11.1543,2.95807,0,1731,68001197586
18.9316,52.8216,75.2381,0,89,85,73,1418,3504,2.17648,0,11.1543,2.95807,0,1731,68054049408
23.3151,42.8906,61.2346,0,71,83,73,1540,3504,2.21565,0,11.1586,2.95807,0,1902,68096913900
24.0653,41.5536,61.2346,0,71,83,73,1540,3504,2.21565,0,11.1586,2.95807,0,1902,68138468402
52.7535,18.9561,61.2346,0,71,83,73,1540,3504,2.21565,0,11.1586,2.95807,0,1902,68157449275
24.0886,41.5134,61.2346,0,71,83,73,1540,3504,2.21565,0,11.1586,2.95807,0,1902,68198942411
37.3021,26.8081,61.2346,0,71,83,73,1540,3504,2.21565,0,11.1586,2.95807,0,1902,68225750717
38.6406,25.8795,61.2346,0,71,83,73,1540,3504,2.21565,0,11.1586,2.95807,0,1902,68251654994
32.2079,31.0483,61.2346,0,71,83,73,1540,3504,2.21565,0,11.1586,2.95807,0,1902,68282724994
27.9585,35.7673,61.2346,0,71,83,73,1540,3504,2.21565,0,11.1586,2.95807,0,1902,68318471342
44.7199,22.3614,61.2346,0,71,83,73,1540,3504,2.21565,0,11.1586,2.95807,0,1902,68340834663
30.7222,32.5497,61.2346,0,71,83,73,1540,3504,2.21565,0,11.1586,2.95807,0,1902,68373385926
29.5877,33.7978,61.2346,0,71,83,73,1540,3504,2.21565,0,11.1586,2.95807,0,1902,68407185100
31.0153,32.2422,61.2346,0,71,83,73,1540,3504,2.21565,0,11.1586,2.95807,0,1902,68439427874
37.0228,27.0104,61.2346,0,71,83,73,1540,3504,2.21565,0,11.1586,2.95807,0,1902,68466438778
38.4834,25.9852,61.2346,0,71,83,73,1540,3504,2.21565,0,11.1586,2.95807,0,1902,68492425911
42.4082,23.5804,61.2346,0,71,83,73,1540,3504,2.21565,0,11.1586,2.95807,0,1902,68516030465
31.9406,31.3081,61.2346,0,71,83,73,1540,3504,2.21565,0,11.1586,2.95807,0,1902,68547316410
34.7748,28.7565,61.2346,0,71,83,73,1540,3504,2.21565,0,11.1586,2.95807,0,1902,68576104483
42.9834,23.2648,77.2059,0,71,83,73,1540,3504,2.21565,0,11.1573,2.95807,0,1755,68599341337
38.0481,26.2825,77.2059,0,71,83,73,1540,3504,2.21565,0,11.1573,2.95807,0,1755,68625624518
22.5838,44.2795,77.2059,0,71,83,73,1540,3504,2.21565,0,11.1573,2.95807,0,1755,68669929960
47.1691,21.2003,77.2059,0,71,83,73,1540,3504,2.21565,0,11.1573,2.95807,0,1755,68691129655
26.8888,37.1903,77.2059,0,71,83,73,1540,3504,2.21565,0,11.1573,2.95807,0,1755,68728345853
31.3613,31.8865,77.2059,0,71,83,73,1540,3504,2.21565,0,11.1573,2.95807,0,1755,68760230012
45.3418,22.0547,77.2059,0,71,83,73,1540,3504,2.21565,0,11.1573,2.95807,0,1755,68782264946
37.2782,26.8253,77.2059,0,71,83,73,1540,3504,2.21565,0,11.1573,2.95807,0,1755,68809091774
28.4734,35.1205,77.2059,0,71,83,73,1540,3504,2.21565,0,11.1573,2.95807,0,1755,68844212442
38.3093,26.1033,77.2059,0,71,83,73,1540,3504,2.21565,0,11.1573,2.95807,0,1755,68870338013
31.5412,31.7045,77.2059,0,71,83,73,1540,3504,2.21565,0,11.1573,2.95807,0,1755,68902023125
34.9171,28.6392,77.2059,0,71,83,73,1540,3504,2.21565,0,11.1573,2.95807,0,1755,68930663364
33.282,30.0462,77.2059,0,71,83,73,1540,3504,2.21565,0,11.1573,2.95807,0,1755,68960731571
36.3586,27.5038,77.2059,0,71,83,73,1540,3504,2.21565,0,11.1573,2.95807,0,1755,68988215265
29.8974,33.4477,77.2059,0,71,83,73,1540,3504,2.21565,0,11.1573,2.95807,0,1755,69021664280
46.0443,21.7182,77.2059,0,71,83,73,1540,3504,2.21565,0,11.1573,2.95807,0,1755,69043405804
34.0034,29.4088,77.2059,0,71,83,73,1540,3504,2.21565,0,11.1573,2.95807,0,1755,69072794879
44.0155,22.7193,77.2059,0,71,83,73,1540,3504,2.21565,0,11.1573,2.95807,0,1755,69095542707
34.1387,29.2922,70.7143,0,64,83,73,1506,3504,2.25061,0,11.1559,2.95807,0,1751,69124808573
36.5489,27.3606,70.7143,0,64,83,73,1506,3504,2.25061,0,11.1559,2.95807,0,1751,69152170842
37.0228,27.0104,70.7143,0,64,83,73,1506,3504,2.25061,0,11.1559,2.95807,0,1751,69179203827
46.6464,21.4379,70.7143,0,64,83,73,1506,3504,2.25061,0,11.1559,2.95807,0,1751,69200643059
33.9029,29.496,70.7143,0,64,83,73,1506,3504,2.25061,0,11.1559,2.95807,0,1751,69230139939
32.8272,30.4625,70.7143,0,64,83,73,1506,3504,2.25061,0,11.1559,2.95807,0,1751,69260603695
43.2564,23.118,70.7143,0,64,83,73,1506,3504,2.25061,0,11.1559,2.95807,0,1751,69283723721
21.6576,46.1732,70.7143,0,64,83,73,1506,3504,2.25061,0,11.1559,2.95807,0,1751,69329897362
37.8723,26.4045,70.7143,0,64,83,73,1506,3504,2.25061,0,11.1559,2.95807,0,1751,69356325684
38.3715,26.061,70.7143,0,64,83,73,1506,3504,2.25061,0,11.1559,2.95807,0,1751,69382387839
20.5684,48.6183,70.7143,0,64,83,73,1506,3504,2.25061,0,11.1559,2.95807,0,1751,69430985750
47.5123,21.0472,70.7143,0,64,83,73,1506,3504,2.25061,0,11.1559,2.95807,0,1751,69452034707
25.1849,39.7063,70.7143,0,64,83,73,1506,3504,2.25061,0,11.1559,2.95807,0,1751,69491741358
29.217,34.2266,70.7143,0,64,83,73,1506,3504,2.25061,0,11.1559,2.95807,0,1751,69525990631
30.8787,32.3848,70.7143,0,64,83,73,1506,3504,2.25061,0,11.1559,2.95807,0,1751,69558356954
29.2229,34.2197,70.7143,0,64,83,73,1506,3504,2.25061,0,11.1559,2.95807,0,1751,69592577889
35.3857,28.26,70.7143,0,64,83,73,1506,3504,2.25061,0,11.1559,2.95807,0,1751,69620844040
36.8898,27.1078,80.6846,0,91,83,73,1426,3504,2.26006,0,11.1551,2.95807,0,1814,69647948331
23.3338,42.8563,80.6846,0,91,83,73,1426,3504,2.26006,0,11.1551,2.95807,0,1814,69690827115
25.8332,38.7098,80.6846,0,91,83,73,1426,3504,2.26006,0,11.1551,2.95807,0,1814,69729517199
25.5132,39.1953,80.6846,0,91,83,73,1426,3504,2.26006,0,11.1551,2.95807,0,1814,69768713775
27.1555,36.825,80.6846,0,91,83,73,1426,3504,2.26006,0,11.1551,2.95807,0,1814,69805540435
21.487,46.5399,80.6846,0,91,83,73,1426,3504,2.26006,0,11.1551,2.95807,0,1814,69852081261
28.0661,35.6301,80.6846,0,91,83,73,1426,3504,2.26006,0,11.1551,2.95807,0,1814,69887712561
14.8925,67.1479,80.6846,0,91,83,73,1426,3504,2.26006,0,11.1551,2.95807,0,1814,69954860636
32.1867,31.0687,80.6846,0,91,83,73,1426,3504,2.26006,0,11.1551,2.95807,0,1814,69985931068
21.6962,46.0911,80.6846,0,91,83,73,1426,3504,2.26006,0,11.1551,2.95807,0,1814,70032035968
23.7942,42.027,80.6846,0,91,83,73,1426,3504,2.26006,0,11.1551,2.95807,0,1814,70074050975
22.9756,43.5244,80.6846,0,91,83,73,1426,3504,2.26006,0,11.1551,2.95807,0,1814,70117577389
13.017,76.8226,80.6846,0,91,83,73,1426,3504,2.26006,0,11.1551,2.95807,0,1814,70194427233
31.1574,32.0951,86.8889,0,91,84,73,1426,3504,2.26006,0,11.1548,2.95807,0,1742,70226497678
29.0406,34.4346,86.8889,0,91,84,73,1426,3504,2.26006,0,11.1548,2.95807,0,1742,70260933205
28.4672,35.1282,86.8889,0,91,84,73,1426,3504,2.26006,0,11.1548,2.95807,0,1742,70296062900
30.5789,32.7023,86.8889,0,91,84,73,1426,3504,2.26006,0,11.1548,2.95807,0,1742,70328785961
40.907,24.4457,86.8889,0,91,84,73,1426,3504,2.26006,0,11.1548,2.95807,0,1742,70353211351
32.4451,30.8213,86.8889,0,91,84,73,1426,3504,2.26006,0,11.1548,2.95807,0,1742,70384033721
54.7493,18.2651,86.8889,0,91,84,73,1426,3504,2.26006,0,11.1548,2.95807,0,1742,70402321560
41.9844,23.8184,86.8889,0,91,84,73,1426,3504,2.26006,0,11.1548,2.95807,0,1742,70426135362
46.0492,21.7159,86.8889,0,91,84,73,1426,3504,2.26006,0,11.1548,2.95807,0,1742,70447852731
47.3418,21.123,86.8889,0,91,84,73,1426,3504,2.26006,0,11.1548,2.95807,0,1742,70468976856
40.1395,24.9131,86.8889,0,91,84,73,1426,3504,2.26006,0,11.1548,2.95807,0,1742,70493891310
36.3053,27.5442,86.8889,0,91,84,73,1426,3504,2.26006,0,11.1548,2.95807,0,1742,70521436892
37.605,26.5922,86.8889,0,91,84,73,1426,3504,2.26006,0,11.1548,2.95807,0,1742,70548052009
36.3037,27.5454,86.8889,0,91,84,73,1426,3504,2.26006,0,11.1548,2.95807,0,1742,70575577852
42.6009,23.4737,86.8889,0,91,84,73,1426,3504,2.26006,0,11.1548,2.95807,0,1742,70599052301
26.9923,37.0477,86.8889,0,91,84,73,1426,3504,2.26006,0,11.1548,2.95807,0,1742,70636100947
56.8807,17.5807,86.8889,0,91,84,73,1426,3504,2.26006,0,11.1548,2.95807,0,1742,70653682911
35.0697,28.5147,86.8889,0,91,84,73,1426,3504,2.26006,0,11.1548,2.95807,0,1742,70682199226
24.3822,41.0135,86.8889,0,91,84,73,1426,3504,2.26006,0,11.1548,2.95807,0,1742,70723216949
65.6094,15.2417,74.6341,0,64,84,73,1584,3504,2.27185,0,11.1402,2.95807,0,1725,70738456811
46.1454,21.6706,74.6341,0,64,84,73,1584,3504,2.27185,0,11.1402,2.95807,0,1725,70760152679
37.2828,26.822,74.6341,0,64,84,73,1584,3504,2.27185,0,11.1402,2.95807,0,1725,70786974789
45.2946,22.0777,74.6341,0,64,84,73,1584,3504,2.27185,0,11.1402,2.95807,0,1725,70809054731
37.9221,26.3698,74.6341,0,64,84,73,1584,3504,2.27185,0,11.1402,2.95807,0,1725,70835426074
33.8919,29.5056,74.6341,0,64,84,73,1584,3504,2.27185,0,11.1402,2.95807,0,1725,70864932144
45.8943,21.7892,74.6341,0,64,84,73,1584,3504,2.27185,0,11.1402,2.95807,0,1725,70886721641
46.6644,21.4296,74.6341,0,64,84,73,1584,3504,2.27185,0,11.1402,2.95807,0,1725,70908175265
37.0055,27.023,74.6341,0,64,84,73,1584,3504,2.27185,0,11.1402,2.95807,0,1725,70935177554
33.1711,30.1467,74.6341,0,64,84,73,1584,3504,2.27185,0,11.1402,2.95807,0,1725,70965347207
35.2942,28.3332,74.6341,0,64,84,73,1584,3504,2.27185,0,11.1402,2.95807,0,1725,70993661312
40.4847,24.7007,74.6341,0,64,84,73,1584,3504,2.27185,0,11.1402,2.95807,0,1725,71018363978
47.0952,21.2336,74.6341,0,64,84,73,1584,3504,2.27185,0,11.1402,2.95807,0,1725,71039619653
18.9873,52.6667,74.6341,0,64,84,73,1584,3504,2.27185,0,11.1402,2.95807,0,1725,71092266164
52.2654,19.1331,74.6341,0,64,84,73,1584,3504,2.27185,0,11.1402,2.95807,0,1725,71111400354
34.7393,28.7858,74.6341,0,64,84,73,1584,3504,2.27185,0,11.1402,2.95807,0,1725,71140191486
48.5962,20.5778,74.6341,0,64,84,73,1584,3504,2.27185,0,11.1402,2.95807,0,1725,71160766808
32.7356,30.5478,74.6341,0,64,84,73,1584,3504,2.27185,0,11.1402,2.95807,0,1725,71191316282
42.9429,23.2867,74.6341,0,64,84,73,1584,3504,2.27185,0,11.1402,2.95807,0,1725,71214603386
36.3903,27.4798,74.6341,0,64,84,73,1584,3504,2.27185,0,11.1402,2.95807,0,1725,71242112468
73.4149,13.6212,77.5904,0,64,83,73,1584,3504,2.27185,0,11.1399,2.95807,0,1937,71255707786
45.976,21.7505,77.5904,0,64,83,73,1584,3504,2.27185,0,11.1399,2.95807,0,1937,71277458774
37.2918,26.8155,77.5904,0,64,83,73,1584,3504,2.27185,0,11.1399,2.95807,0,1937,71304276353
43.59,22.9411,77.5904,0,64,83,73,1584,3504,2.27185,0,11.1399,2.95807,0,1937,71327217803
39.9267,25.0459,77.5904,0,64,83,73,1584,3504,2.27185,0,11.1399,2.95807,0,1937,71352266416
35.799,27.9338,77.5904,0,64,83,73,1584,3504,2.27185,0,11.1399,2.95807,0,1937,71380199930
45.7719,21.8475,77.5904,0,64,83,73,1584,3504,2.27185,0,11.1399,2.95807,0,1937,71402070126
14.0282,71.2851,77.5904,0,64,83,73,1584,3504,2.27185,0,11.1399,2.95807,0,1937,71473356147
27.8925,35.8519,77.5904,0,64,83,73,1584,3504,2.27185,0,11.1399,2.95807,0,1937,71509209130
44.3914,22.5269,77.5904,0,64,83,73,1584,3504,2.27185,0,11.1399,2.95807,0,1937,71531737669
53.9628,18.5313,77.5904,0,64,83,73,1584,3504,2.27185,0,11.1399,2.95807,0,1937,71550268606
50.4929,19.8048,77.5904,0,64,83,73,1584,3504,2.27185,0,11.1399,2.95807,0,1937,71570075221
44.1013,22.6751,77.5904,0,64,83,73,1584,3504,2.27185,0,11.1399,2.95807,0,1937,71592772387
41.0983,24.3319,77.5904,0,64,83,73,1584,3504,2.27185,0,11.1399,2.95807,0,1937,71617106244
36.7877,27.183,77.5904,0,64,83,73,1584,3504,2.27185,0,11.1399,2.95807,0,1937,71644268402
36.1077,27.695,77.5904,0,64,83,73,1584,3504,2.27185,0,11.1399,2.95807,0,1937,71671985748
42.7493,23.3922,77.5904,0,64,83,73,1584,3504,2.27185,0,11.1399,2.95807,0,1937,71695359194
36.5078,27.3914,77.5904,0,64,83,73,1584,3504,2.27185,0,11.1399,2.95807,0,1937,71722751558
44.3592,22.5433,77.5904,0,64,83,73,1584,3504,2.27185,0,11.1399,2.95807,0,1937,71745297614
36.5411,27.3664,60.8247,0,93,83,73,1389,3504,2.27294,0,11.1548,2.95807,0,1729,71772664167
42.796,23.3667,60.8247,0,93,83,73,1389,3504,2.27294,0,11.1548,2.95807,0,1729,71796030617
40.468,24.7109,60.8247,0,93,83,73,1389,3504,2.27294,0,11.1548,2.95807,0,1729,71820763334
37.2319,26.8587,60.8247,0,93,83,73,1389,3504,2.27294,0,11.1548,2.95807,0,1729,71847602001
39.4404,25.3547,60.8247,0,93,83,73,1389,3504,2.27294,0,11.1548,2.95807,0,1729,71872979619
42.1024,23.7516,60.8247,0,93,83,73,1389,3504,2.27294,0,11.1548,2.95807,0,1729,71896723650
36.0716,27.7227,60.8247,0,93,83,73,1389,3504,2.27294,0,11.1548,2.95807,0,1729,71924434737
43.6768,22.8954,60.8247,0,93,83,73,1389,3504,2.27294,0,11.1548,2.95807,0,1729,71947331789
44.0072,22.7235,60.8247,0,93,83,73,1389,3504,2.27294,0,11.1548,2.95807,0,1729,71970056226
34.6268,28.8793,60.8247,0,93,83,73,1389,3504,2.27294,0,11.1548,2.95807,0,1729,71998936133
41.2573,24.2381,60.8247,0,93,83,73,1389,3504,2.27294,0,11.1548,2.95807,0,1729,72023176809
44.3091,22.5687,60.8247,0,93,83,73,1389,3504,2.27294,0,11.1548,2.95807,0,1729,72045746156
38.5883,25.9146,60.8247,0,93,83,73,1389,3504,2.27294,0,11.1548,2.95807,0,1729,72071661925
43.9526,22.7518,60.8247,0,93,83,73,1389,3504,2.27294,0,11.1548,2.95807,0,1729,72094436946
40.6778,24.5834,60.8247,0,93,83,73,1389,3504,2.27294,0,11.1548,2.95807,0,1729,72119042834
36.5675,27.3467,60.8247,0,93,83,73,1389,3504,2.27294,0,11.1548,2.95807,0,1729,72146369819
45.1428,22.1519,60.8247,0,93,83,73,1389,3504,2.27294,0,11.1548,2.95807,0,1729,72168588532
38.0077,26.3104,60.8247,0,93,83,73,1389,3504,2.27294,0,11.1548,2.95807,0,1729,72194855177
39.7507,25.1568,60.8247,0,93,83,73,1389,3504,2.27294,0,11.1548,2.95807,0,1729,72219992296
44.0925,22.6796,60.8247,0,93,83,73,1389,3504,2.27294,0,11.1548,2.95807,0,1729,72242673059
39.6453,25.2237,60.8247,0,93,83,73,1389,3504,2.27294,0,11.1548,2.95807,0,1729,72267900667
33.444,29.9008,57.3171,0,95,82,73,1388,3504,2.27301,0,11.1551,2.95807,0,1753,72297800804
46.0972,21.6933,57.3171,0,95,82,73,1388,3504,2.27301,0,11.1551,2.95807,0,1753,72319496161
38.1504,26.212,57.3171,0,95,82,73,1388,3504,2.27301,0,11.1551,2.95807,0,1753,72345708059
44.196,22.6265,57.3171,0,95,82,73,1388,3504,2.27301,0,11.1551,2.95807,0,1753,72368336674
40.6793,24.5825,57.3171,0,95,82,73,1388,3504,2.27301,0,11.1551,2.95807,0,1753,72392920143
40.6644,24.5915,57.3171,0,95,82,73,1388,3504,2.27301,0,11.1551,2.95807,0,1753,72417512957
43.8621,22.7987,57.3171,0,95,82,73,1388,3504,2.27301,0,11.1551,2.95807,0,1753,72440334614
37.1241,26.9367,57.3171,0,95,82,73,1388,3504,2.27301,0,11.1551,2.95807,0,1753,72467251252
39.5948,25.2558,57.3171,0,95,82,73,1388,3504,2.27301,0,11.1551,2.95807,0,1753,72492507961
45.012,22.2163,57.3171,0,95,82,73,1388,3504,2.27301,0,11.1551,2.95807,0,1753,72514746307
39.3552,25.4096,57.3171,0,95,82,73,1388,3504,2.27301,0,11.1551,2.95807,0,1753,72540136486
42.3816,23.5951,57.3171,0,95,82,73,1388,3504,2.27301,0,11.1551,2.95807,0,1753,72563733711
32.7304,30.5526,57.3171,0,95,82,73,1388,3504,2.27301,0,11.1551,2.95807,0,1753,72594307638
46.5129,21.4994,57.3171,0,95,82,73,1388,3504,2.27301,0,11.1551,2.95807,0,1753,72615808122
44.4569,22.4937,57.3171,0,95,82,73,1388,3504,2.27301,0,11.1551,2.95807,0,1753,72638303804
33.2404,30.0839,57.3171,0,95,82,73,1388,3504,2.27301,0,11.1551,2.95807,0,1753,72668388081
49.4173,20.2358,57.3171,0,95,82,73,1388,3504,2.27301,0,11.1551,2.95807,0,1753,72688625582
34.1322,29.2979,57.3171,0,95,82,73,1388,3504,2.27301,0,11.1551,2.95807,0,1753,72717924712
38.9735,25.6584,57.3171,0,95,82,73,1388,3504,2.27301,0,11.1551,2.95807,0,1753,72743604681
36.0465,27.7419,57.3171,0,95,82,73,1388,3504,2.27301,0,11.1551,2.95807,0,1753,72771328744
44.5494,22.447,59.4737,0,100,82,73,1392,3504,2.27301,0,11.1552,2.95807,0,1883,72793806253
33.2233,30.0993,59.4737,0,100,82,73,1392,3504,2.27301,0,11.1552,2.95807,0,1883,72823876076
58.8036,17.0058,59.4737,0,100,82,73,1392,3504,2.27301,0,11.1552,2.95807,0,1883,72840904468
39.2673,25.4665,59.4737,0,100,82,73,1392,3504,2.27301,0,11.1552,2.95807,0,1883,72866351295
39.1902,25.5166,59.4737,0,100,82,73,1392,3504,2.27301,0,11.1552,2.95807,0,1883,72891869771
43.9281,22.7645,59.4737,0,100,82,73,1392,3504,2.27301,0,11.1552,2.95807,0,1883,72914634769
38.1808,26.1912,59.4737,0,100,82,73,1392,3504,2.27301,0,11.1552,2.95807,0,1883,72940827220
39.7851,25.135,59.4737,0,100,82,73,1392,3504,2.27301,0,11.1552,2.95807,0,1883,72965962836
30.2209,33.0897,59.4737,0,100,82,73,1392,3504,2.27301,0,11.1552,2.95807,0,1883,72999075259
67.6104,14.7906,59.4737,0,100,82,73,1392,3504,2.27301,0,11.1552,2.95807,0,1883,73013845123
35.4189,28.2335,59.4737,0,100,82,73,1392,3504,2.27301,0,11.1552,2.95807,0,1883,73042092819
45.1979,22.1249,59.4737,0,100,82,73,1392,3504,2.27301,0,11.1552,2.95807,0,1883,73064226520
41.2907,24.2185,59.4737,0,100,82,73,1392,3504,2.27301,0,11.1552,2.95807,0,1883,73088467396
36.0596,27.7318,59.4737,0,100,82,73,1392,3504,2.27301,0,11.1552,2.95807,0,1883,73116200675
40.6611,24.5935,59.4737,0,100,82,73,1392,3504,2.27301,0,11.1552,2.95807,0,1883,73140796059
42.0006,23.8092,59.4737,0,100,82,73,1392,3504,2.27301,0,11.1552,2.95807,0,1883,73164627350
36.2193,27.6096,59.4737,0,100,82,73,1392,3504,2.27301,0,11.1552,2.95807,0,1883,73192773179
48.4273,20.6495,59.4737,0,100,82,73,1392,3504,2.27301,0,11.1552,2.95807,0,1883,73212868252
38.8089,25.7673,59.4737,0,100,82,73,1392,3504,2.27301,0,11.1552,2.95807,0,1883,73238657143
38.8161,25.7625,59.4737,0,100,82,73,1392,3504,2.27301,0,11.1552,2.95807,0,1883,73264421200
41.5252,24.0818,59.4737,0,100,82,73,1392,3504,2.27301,0,11.1552,2.95807,0,1883,73288530602
41.316,24.2037,72.2772,0,100,83,73,1392,3504,2.27301,0,11.1554,2.95807,0,1746,73312709459
37.337,26.7831,72.2772,0,100,83,73,1392,3504,2.27301,0,11.1554,2.95807,0,1746,73339494287
41.9312,23.8486,72.2772,0,100,83,73,1392,3504,2.27301,0,11.1554,2.95807,0,1746,73363344042
41.6242,24.0245,72.2772,0,100,83,73,1392,3504,2.27301,0,11.1554,2.95807,0,1746,73387391293
35.962,27.8072,72.2772,0,100,83,73,1392,3504,2.27301,0,11.1554,2.95807,0,1746,73415177372
35.2828,28.3424,72.2772,0,100,83,73,1392,3504,2.27301,0,11.1554,2.95807,0,1746,73443521204
39.5891,25.2595,72.2772,0,100,83,73,1392,3504,2.27301,0,11.1554,2.95807,0,1746,73468781606
44.4627,22.4908,72.2772,0,100,83,73,1392,3504,2.27301,0,11.1554,2.95807,0,1746,73491273333
36.5398,27.3674,72.2772,0,100,83,73,1392,3504,2.27301,0,11.1554,2.95807,0,1746,73518642167
38.9183,25.6949,72.2772,0,100,83,73,1392,3504,2.27301,0,11.1554,2.95807,0,1746,73544339184
47.0676,21.2461,72.2772,0,100,83,73,1392,3504,2.27301,0,11.1554,2.95807,0,1746,73565587055
40.5976,24.632,72.2772,0,100,83,73,1392,3504,2.27301,0,11.1554,2.95807,0,1746,73590219421
36.7008,27.2474,72.2772,0,100,83,73,1392,3504,2.27301,0,11.1554,2.95807,0,1746,73617467614
39.7231,25.1743,72.2772,0,100,83,73,1392,3504,2.27301,0,11.1554,2.95807,0,1746,73642643015
42.4727,23.5445,72.2772,0,100,83,73,1392,3504,2.27301,0,11.1554,2.95807,0,1746,73666189007
43.5533,22.9604,72.2772,0,100,83,73,1392,3504,2.27301,0,11.1554,2.95807,0,1746,73689150395
35.1736,28.4305,72.2772,0,100,83,73,1392,3504,2.27301,0,11.1554,2.95807,0,1746,73717581590
41.8904,23.8718,72.2772,0,100,83,73,1392,3504,2.27301,0,11.1554,2.95807,0,1746,73741454639
39.4455,25.3514,72.2772,0,100,83,73,1392,3504,2.27301,0,11.1554,2.95807,0,1746,73766807150
44.5519,22.4457,72.2772,0,100,83,73,1392,3504,2.27301,0,11.1554,2.95807,0,1746,73789271573
35.1964,28.412,73.9899,0,100,83,73,1392,3504,2.27301,0,11.1554,2.95807,0,1726,73817667686
38.9144,25.6974,73.9899,0,100,83,73,1392,3504,2.27301,0,11.1554,2.95807,0,1726,73843366004
37.1184,26.9408,73.9899,0,100,83,73,1392,3504,2.27301,0,11.1554,2.95807,0,1726,73870307887
39.258,25.4725,73.9899,0,100,83,73,1392,3504,2.27301,0,11.1554,2.95807,0,1726,73895781546
45.4319,22.011,73.9899,0,100,83,73,1392,3504,2.27301,0,11.1554,2.95807,0,1726,73917794641
43.3178,23.0852,73.9899,0,100,83,73,1392,3504,2.27301,0,11.1554,2.95807,0,1726,73940880604
35.1625,28.4394,73.9899,0,100,83,73,1392,3504,2.27301,0,11.1554,2.95807,0,1726,73969321374
35.942,27.8226,73.9899,0,100,83,73,1392,3504,2.27301,0,11.1554,2.95807,0,1726,73997166626
49.3105,20.2797,73.9899,0,100,83,73,1392,3504,2.27301,0,11.1554,2.95807,0,1726,74017425360
38.6856,25.8494,73.9899,0,100,83,73,1392,3504,2.27301,0,11.1554,2.95807,0,1726,74043276952
39.1322,25.5544,73.9899,0,100,83,73,1392,3504,2.27301,0,11.1554,2.95807,0,1726,74068832096
44.2415,22.6032,73.9899,0,100,83,73,1392,3504,2.27301,0,11.1554,2.95807,0,1726,74091436814
38.8271,25.7552,73.9899,0,100,83,73,1392,3504,2.27301,0,11.1554,2.95807,0,1726,74117304062
39.5205,25.3033,73.9899,0,100,83,73,1392,3504,2.27301,0,11.1554,2.95807,0,1726,74142496753
38.824,25.7573,73.9899,0,100,83,73,1392,3504,2.27301,0,11.1554,2.95807,0,1726,74168256594
37.4973,26.6686,73.9899,0,100,83,73,1392,3504,2.27301,0,11.1554,2.95807,0,1726,74194925725
40.4766,24.7056,73.9899,0,100,83,73,1392,3504,2.27301,0,11.1554,2.95807,0,1726,74219633593
38.6259,25.8893,73.9899,0,100,83,73,1392,3504,2.27301,0,11.1554,2.95807,0,1726,74245524809
39.3961,25.3833,73.9899,0,100,83,73,1392,3504,2.27301,0,11.1554,2.95807,0,1726,74270908092
34.7067,28.8129,73.9899,0,100,83,73,1392,3504,2.27301,0,11.1554,2.95807,0,1726,74299747766
43.2664,23.1126,68.9223,0,100,83,73,1401,3504,2.27301,0,11.1707,2.95807,0,1771,74322857377
37.3656,26.7626,68.9223,0,100,83,73,1401,3504,2.27301,0,11.1707,2.95807,0,1771,74349620489
38.7928,25.778,68.9223,0,100,83,73,1401,3504,2.27301,0,11.1707,2.95807,0,1771,74375421666
32.3876,30.876,68.9223,0,100,83,73,1401,3504,2.27301,0,11.1707,2.95807,0,1771,74406276992
53.1645,18.8096,68.9223,0,100,83,73,1401,3504,2.27301,0,11.1707,2.95807,0,1771,74425088109
36.487,27.407,68.9223,0,100,83,73,1401,3504,2.27301,0,11.1707,2.95807,0,1771,74452496319
36.9991,27.0277,68.9223,0,100,83,73,1401,3504,2.27301,0,11.1707,2.95807,0,1771,74479525573
40.5054,24.6881,68.9223,0,100,83,73,1401,3504,2.27301,0,11.1707,2.95807,0,1771,74504216046
40.5678,24.6501,68.9223,0,100,83,73,1401,3504,2.27301,0,11.1707,2.95807,0,1771,74528888530
34.4917,28.9925,68.9223,0,100,83,73,1401,3504,2.27301,0,11.1707,2.95807,0,1771,74557881604
45.8413,21.8144,68.9223,0,100,83,73,1401,3504,2.27301,0,11.1707,2.95807,0,1771,74579676330
38.8565,25.7357,68.9223,0,100,83,73,1401,3504,2.27301,0,11.1707,2.95807,0,1771,74605433910
34.9511,28.6114,68.9223,0,100,83,73,1401,3504,2.27301,0,11.1707,2.95807,0,1771,74634069556
50.4542,19.8199,68.9223,0,100,83,73,1401,3504,2.27301,0,11.1707,2.95807,0,1771,74653868986
32.6157,30.6601,68.9223,0,100,83,73,1401,3504,2.27301,0,11.1707,2.95807,0,1771,74684542386
42.2321,23.6787,68.9223,0,100,83,73,1401,3504,2.27301,0,11.1707,2.95807,0,1771,74708230016
38.2341,26.1547,68.9223,0,100,83,73,1401,3504,2.27301,0,11.1707,2.95807,0,1771,74734364826
35.9553,27.8123,68.9223,0,100,83,73,1401,3504,2.27301,0,11.1707,2.95807,0,1771,74762177784
45.9475,21.764,68.9223,0,100,83,73,1401,3504,2.27301,0,11.1707,2.95807,0,1771,74783942962
40.8589,24.4745,68.9223,0,100,83,73,1401,3504,2.27301,0,11.1707,2.95807,0,1771,74808439136
36.3324,27.5237,73.6973,0,100,83,73,1401,3504,2.27301,0,11.1707,2.95807,0,1839,74835976588
38.9037,25.7045,73.6973,0,100,83,73,1401,3504,2.27301,0,11.1707,2.95807,0,1839,74861660567
43.2978,23.0958,73.6973,0,100,83,73,1401,3504,2.27301,0,11.1707,2.95807,0,1839,74884779552
40.5848,24.6398,73.6973,0,100,83,73,1401,3504,2.27301,0,11.1707,2.95807,0,1839,74909399564
35.8576,27.8881,73.6973,0,100,83,73,1401,3504,2.27301,0,11.1707,2.95807,0,1839,74937288929
47.2036,21.1848,73.6973,0,100,83,73,1401,3504,2.27301,0,11.1707,2.95807,0,1839,74958502189
28.8443,34.6689,73.6973,0,100,83,73,1401,3504,2.27301,0,11.1707,2.95807,0,1839,74993168988
51.0578,19.5856,73.6973,0,100,83,73,1401,3504,2.27301,0,11.1707,2.95807,0,1839,75012775479
52.4394,19.0696,73.6973,0,100,83,73,1401,3504,2.27301,0,11.1707,2.95807,0,1839,75031826109
33.0275,30.2778,73.6973,0,100,83,73,1401,3504,2.27301,0,11.1707,2.95807,0,1839,75062104331
55.9319,17.8789,73.6973,0,100,83,73,1401,3504,2.27301,0,11.1707,2.95807,0,1839,75080007806
34.7387,28.7863,73.6973,0,100,83,73,1401,3504,2.27301,0,11.1707,2.95807,0,1839,75108795238
40.416,24.7426,73.6973,0,100,83,73,1401,3504,2.27301,0,11.1707,2.95807,0,1839,75133538641
38.6046,25.9036,73.6973,0,100,83,73,1401,3504,2.27301,0,11.1707,2.95807,0,1839,75159442977
39.128,25.5571,73.6973,0,100,83,73,1401,3504,2.27301,0,11.1707,2.95807,0,1839,75185022916
37.3057,26.8056,73.6973,0,100,83,73,1401,3504,2.27301,0,11.1707,2.95807,0,1839,75211808149
42.1828,23.7063,73.6973,0,100,83,73,1401,3504,2.27301,0,11.1707,2.95807,0,1839,75235537592
48.5206,20.6098,73.6973,0,100,83,73,1401,3504,2.27301,0,11.1707,2.95807,0,1839,75256148422
40.2753,24.8291,73.6973,0,100,83,73,1401,3504,2.27301,0,11.1707,2.95807,0,1839,75280990852
32.7447,30.5393,73.6973,0,100,83,73,1401,3504,2.27301,0,11.1707,2.95807,0,1839,75311522185
45.444,22.0051,74.2268,0,100,83,73,1405,3504,2.27301,0,11.187,2.95807,0,1850,75333526409
45.8259,21.8217,74.2268,0,100,83,73,1405,3504,2.27301,0,11.187,2.95807,0,1850,75355347837
34.4223,29.0509,74.2268,0,100,83,73,1405,3504,2.27301,0,11.187,2.95807,0,1850,75384400783
36.326,27.5285,74.2268,0,100,83,73,1405,3504,2.27301,0,11.187,2.95807,0,1850,75411930740
49.2738,20.2948,74.2268,0,100,83,73,1405,3504,2.27301,0,11.187,2.95807,0,1850,75432225716
29.7619,33.6,74.2268,0,100,83,73,1405,3504,2.27301,0,11.187,2.95807,0,1850,75465847905
56.4026,17.7297,74.2268,0,100,83,73,1405,3504,2.27301,0,11.187,2.95807,0,1850,75483558049
39.9669,25.0207,74.2268,0,100,83,73,1405,3504,2.27301,0,11.187,2.95807,0,1850,75508580333
32.8558,30.436,74.2268,0,100,83,73,1405,3504,2.27301,0,11.187,2.95807,0,1850,75539039142
42.3989,23.5855,74.2268,0,100,83,73,1405,3504,2.27301,0,11.187,2.95807,0,1850,75562605144
46.6397,21.441,74.2268,0,100,83,73,1405,3504,2.27301,0,11.187,2.95807,0,1850,75584059840
36.0295,27.755,74.2268,0,100,83,73,1405,3504,2.27301,0,11.187,2.95807,0,1850,75611836793
36.4624,27.4255,74.2268,0,100,83,73,1405,3504,2.27301,0,11.187,2.95807,0,1850,75639285144
49.5496,20.1818,74.2268,0,100,83,73,1405,3504,2.27301,0,11.187,2.95807,0,1850,75659468390
42.3059,23.6374,74.2268,0,100,83,73,1405,3504,2.27301,0,11.187,2.95807,0,1850,75683085415
35.26,28.3607,74.2268,0,100,83,73,1405,3504,2.27301,0,11.187,2.95807,0,1850,75711446851
47.0024,21.2755,74.2268,0,100,83,73,1405,3504,2.27301,0,11.187,2.95807,0,1850,75732746048
41.9622,23.831,74.2268,0,100,83,73,1405,3504,2.27301,0,11.187,2.95807,0,1850,75756556294
43.7822,22.8403,74.2268,0,100,83,73,1405,3504,2.27301,0,11.187,2.95807,0,1850,75779398114
37.0892,26.962,74.2268,0,100,83,73,1405,3504,2.27301,0,11.187,2.95807,0,1850,75806361979
39.0527,25.6064,74.2268,0,100,83,73,1405,3504,2.27301,0,11.187,2.95807,0,1850,75831974341
33.2766,30.0511,76.1905,0,100,83,73,1394,3504,2.27301,0,11.1933,2.95807,0,1732,75862021183
38.7295,25.8201,76.1905,0,100,83,73,1394,3504,2.27301,0,11.1933,2.95807,0,1732,75887862857
42.5155,23.5209,76.1905,0,100,83,73,1394,3504,2.27301,0,11.1933,2.95807,0,1732,75911364738
45.8037,21.8323,76.1905,0,100,83,73,1394,3504,2.27301,0,11.1933,2.95807,0,1732,75933219178
39.3077,25.4403,76.1905,0,100,83,73,1394,3504,2.27301,0,11.1933,2.95807,0,1732,75958661542
49.771,20.092,76.1905,0,100,83,73,1394,3504,2.27301,0,11.1933,2.95807,0,1732,75978753966
33.986,29.4239,76.1905,0,100,83,73,1394,3504,2.27301,0,11.1933,2.95807,0,1732,76008178325
42.2045,23.6941,76.1905,0,100,83,73,1394,3504,2.27301,0,11.1933,2.95807,0,1732,76031874786
35.2776,28.3466,76.1905,0,100,83,73,1394,3504,2.27301,0,11.1933,2.95807,0,1732,76060222639
35.7119,28.0019,76.1905,0,100,83,73,1394,3504,2.27301,0,11.1933,2.95807,0,1732,76088225961
43.4289,23.0262,76.1905,0,100,83,73,1394,3504,2.27301,0,11.1933,2.95807,0,1732,76111252536
39.4352,25.3581,76.1905,0,100,83,73,1394,3504,2.27301,0,11.1933,2.95807,0,1732,76136633377
30.2016,33.1108,76.1905,0,100,83,73,1394,3504,2.27301,0,11.1933,2.95807,0,1732,76169780616
63.5176,15.7437,76.1905,0,100,83,73,1394,3504,2.27301,0,11.1933,2.95807,0,1732,76185490543
36.8223,27.1574,76.1905,0,100,83,73,1394,3504,2.27301,0,11.1933,2.95807,0,1732,76212648658
49.8983,20.0408,76.1905,0,100,83,73,1394,3504,2.27301,0,11.1933,2.95807,0,1732,76232690693
36.2708,27.5704,76.1905,0,100,83,73,1394,3504,2.27301,0,11.1933,2.95807,0,1732,76260283463
47.4407,21.079,76.1905,0,100,83,73,1394,3504,2.27301,0,11.1933,2.95807,0,1732,76281341156
37.7104,26.5179,76.1905,0,100,83,73,1394,3504,2.27301,0,11.1933,2.95807,0,1732,76307861909
40.8869,24.4577,76.1905,0,100,83,73,1394,3504,2.27301,0,11.1933,2.95807,0,1732,76332322310
45.8734,21.7991,78.803,0,100,83,73,1392,3504,2.27301,0,11.2112,2.95807,0,1817,76354120138
34.3804,29.0863,78.803,0,100,83,73,1392,3504,2.27301,0,11.2112,2.95807,0,1817,76383207630
48.8686,20.463,78.803,0,100,83,73,1392,3504,2.27301,0,11.2112,2.95807,0,1817,76403672383
38.8412,25.7459,78.803,0,100,83,73,1392,3504,2.27301,0,11.2112,2.95807,0,1817,76429419553
38.2192,26.1648,78.803,0,100,83,73,1392,3504,2.27301,0,11.2112,2.95807,0,1817,76455585550
38.8113,25.7657,78.803,0,100,83,73,1392,3504,2.27301,0,11.2112,2.95807,0,1817,76481352089
41.4261,24.1394,78.803,0,100,83,73,1392,3504,2.27301,0,11.2112,2.95807,0,1817,76505492020
35.7838,27.9456,78.803,0,100,83,73,1392,3504,2.27301,0,11.2112,2.95807,0,1817,76533439852
45.1116,22.1673,78.803,0,100,83,73,1392,3504,2.27301,0,11.2112,2.95807,0,1817,76555609102
36.528,27.3762,78.803,0,100,83,73,1392,3504,2.27301,0,11.2112,2.95807,0,1817,76582985690
37.6579,26.5548,78.803,0,100,83,73,1392,3504,2.27301,0,11.2112,2.95807,0,1817,76609541809
45.8637,21.8037,78.803,0,100,83,73,1392,3504,2.27301,0,11.2112,2.95807,0,1817,76631359209
37.5008,26.6661,78.803,0,100,83,73,1392,3504,2.27301,0,11.2112,2.95807,0,1817,76658014228
45.3947,22.029,78.803,0,100,83,73,1392,3504,2.27301,0,11.2112,2.95807,0,1817,76680045160
38.5289,25.9546,78.803,0,100,83,73,1392,3504,2.27301,0,11.2112,2.95807,0,1817,76706000281
42.3835,23.5941,78.803,0,100,83,73,1392,3504,2.27301,0,11.2112,2.95807,0,1817,76729619520
33.6903,29.6821,78.803,0,100,83,73,1392,3504,2.27301,0,11.2112,2.95807,0,1817,76759279576
41.4675,24.1153,78.803,0,100,83,73,1392,3504,2.27301,0,11.2112,2.95807,0,1817,76783396347
44.6233,22.4098,78.803,0,100,83,73,1392,3504,2.27301,0,11.2112,2.95807,0,1817,76805828744
31.5386,31.7072,78.803,0,100,83,73,1392,3504,2.27301,0,11.2112,2.95807,0,1817,76837520746
55.1945,18.1178,64.2673,0,100,83,73,1392,3504,2.27301,0,11.1997,2.95807,0,1760,76855660410
39.8861,25.0714,64.2673,0,100,83,73,1392,3504,2.27301,0,11.1997,2.95807,0,1760,76880709094
48.8105,20.4874,64.2673,0,100,83,73,1392,3504,2.27301,0,11.1997,2.95807,0,1760,76901198479
46.1118,21.6864,64.2673,0,100,83,73,1392,3504,2.27301,0,11.1997,2.95807,0,1760,76922885691
38.8628,25.7315,64.2673,0,100,83,73,1392,3504,2.27301,0,11.1997,2.95807,0,1760,76948619031
39.6201,25.2397,64.2673,0,100,83,73,1392,3504,2.27301,0,11.1997,2.95807,0,1760,76973859940
41.4931,24.1004,64.2673,0,100,83,73,1392,3504,2.27301,0,11.1997,2.95807,0,1760,76997961307
38.9798,25.6543,64.2673,0,100,83,73,1392,3504,2.27301,0,11.1997,2.95807,0,1760,77023616465
40.2371,24.8527,64.2673,0,100,83,73,1392,3504,2.27301,0,11.1997,2.95807,0,1760,77048472452
39.8898,25.0691,64.2673,0,100,83,73,1392,3504,2.27301,0,11.1997,2.95807,0,1760,77073541869
40.1431,24.9109,64.2673,0,100,83,73,1392,3504,2.27301,0,11.1997,2.95807,0,1760,77098453436
40.9423,24.4246,64.2673,0,100,83,73,1392,3504,2.27301,0,11.1997,2.95807,0,1760,77122879469
41.4891,24.1027,64.2673,0,100,83,73,1392,3504,2.27301,0,11.1997,2.95807,0,1760,77146983967
37.394,26.7423,64.2673,0,100,83,73,1392,3504,2.27301,0,11.1997,2.95807,0,1760,77173727327
40.1022,24.9363,64.2673,0,100,83,73,1392,3504,2.27301,0,11.1997,2.95807,0,1760,77198664681
41.4963,24.0985,64.2673,0,100,83,73,1392,3504,2.27301,0,11.1997,2.95807,0,1760,77222764280
37.8537,26.4175,64.2673,0,100,83,73,1392,3504,2.27301,0,11.1997,2.95807,0,1760,77249183412
39.9713,25.0179,64.2673,0,100,83,73,1392,3504,2.27301,0,11.1997,2.95807,0,1760,77274203125
43.6288,22.9206,64.2673,0,100,83,73,1392,3504,2.27301,0,11.1997,2.95807,0,1760,77297123656
40.4374,24.7296,64.2673,0,100,83,73,1392,3504,2.27301,0,11.1997,2.95807,0,1760,77321854372
41.6404,24.0152,64.2673,0,100,83,73,1392,3504,2.27301,0,11.1997,2.95807,0,1760,77345873730
36.8974,27.1022,47.5247,0,100,88,73,1392,3504,2.27301,0,11.2186,2.95807,0,3423,77372973513
41.0334,24.3704,47.5247,0,100,88,73,1392,3504,2.27301,0,11.2186,2.95807,0,3423,77397345674
40.4674,24.7113,47.5247,0,100,88,73,1392,3504,2.27301,0,11.2186,2.95807,0,3423,77422058919
40.5832,24.6407,47.5247,0,100,88,73,1392,3504,2.27301,0,11.2186,2.95807,0,3423,77446700701
41.1325,24.3116,47.5247,0,100,88,73,1392,3504,2.27301,0,11.2186,2.95807,0,3423,77471015431
40.5951,24.6335,47.5247,0,100,88,73,1392,3504,2.27301,0,11.2186,2.95807,0,3423,77495652832
38.4559,26.0038,47.5247,0,100,88,73,1392,3504,2.27301,0,11.2186,2.95807,0,3423,77521658427
42.6199,23.4632,47.5247,0,100,88,73,1392,3504,2.27301,0,11.2186,2.95807,0,3423,77545121111
36.7304,27.2254,47.5247,0,100,88,73,1392,3504,2.27301,0,11.2186,2.95807,0,3423,77572347542
39.1795,25.5236,47.5247,0,100,88,73,1392,3504,2.27301,0,11.2186,2.95807,0,3423,77597873647
43.7057,22.8803,47.5247,0,100,88,73,1392,3504,2.27301,0,11.2186,2.95807,0,3423,77620755548
41.4007,24.1542,47.5247,0,100,88,73,1392,3504,2.27301,0,11.2186,2.95807,0,3423,77644911284
39.4383,25.3561,47.5247,0,100,88,73,1392,3504,2.27301,0,11.2186,2.95807,0,3423,77670267493
39.8773,25.0769,47.5247,0,100,88,73,1392,3504,2.27301,0,11.2186,2.95807,0,3423,77695345503
40.2983,24.8149,47.5247,0,100,88,73,1392,3504,2.27301,0,11.2186,2.95807,0,3423,77720161505
36.6253,27.3036,47.5247,0,100,88,73,1392,3504,2.27301,0,11.2186,2.95807,0,3423,77747467105
44.8908,22.2763,47.5247,0,100,88,73,1392,3504,2.27301,0,11.2186,2.95807,0,3423,77769743335
40.757,24.5357,47.5247,0,100,88,73,1392,3504,2.27301,0,11.2186,2.95807,0,3423,77794280127
39.7153,25.1792,47.5247,0,100,88,73,1392,3504,2.27301,0,11.2186,2.95807,0,3423,77819462956
39.9173,25.0518,47.5247,0,100,88,73,1392,3504,2.27301,0,11.2186,2.95807,0,3423,77844515140
40.1811,24.8873,47.5247,0,100,88,73,1392,3504,2.27301,0,11.2186,2.95807,0,3423,77869408926
41.2502,24.2423,40.0498,0,100,88,73,1393,3504,2.27301,0,11.219,2.95807,0,3402,77893646810
39.8112,25.1186,40.0498,0,100,88,73,1393,3504,2.27301,0,11.219,2.95807,0,3402,77918766206
39.0738,25.5926,40.0498,0,100,88,73,1393,3504,2.27301,0,11.219,2.95807,0,3402,77944359479
38.9846,25.6512,40.0498,0,100,88,73,1393,3504,2.27301,0,11.219,2.95807,0,3402,77970012418
43.0196,23.2452,40.0498,0,100,88,73,1393,3504,2.27301,0,11.219,2.95807,0,3402,77993259486
38.4946,25.9777,40.0498,0,100,88,73,1393,3504,2.27301,0,11.219,2.95807,0,3402,78019238171
38.346,26.0783,40.0498,0,100,88,73,1393,3504,2.27301,0,11.219,2.95807,0,3402,78045318994
43.9457,22.7553,40.0498,0,100,88,73,1393,3504,2.27301,0,11.219,2.95807,0,3402,78068074370
40.0796,24.9503,40.0498,0,100,88,73,1393,3504,2.27301,0,11.219,2.95807,0,3402,78093026656
40.704,24.5676,40.0498,0,100,88,73,1393,3504,2.27301,0,11.219,2.95807,0,3402,78117594970
35.3444,28.293,40.0498,0,100,88,73,1393,3504,2.27301,0,11.219,2.95807,0,3402,78145890406
47.0293,21.2634,40.0498,0,100,88,73,1393,3504,2.27301,0,11.219,2.95807,0,3402,78167154758
41.138,24.3084,40.0498,0,100,88,73,1393,3504,2.27301,0,11.219,2.95807,0,3402,78191463952
38.229,26.1581,40.0498,0,100,88,73,1393,3504,2.27301,0,11.219,2.95807,0,3402,78217623826
41.2666,24.2327,40.0498,0,100,88,73,1393,3504,2.27301,0,11.219,2.95807,0,3402,78241858043
41.9861,23.8174,40.0498,0,100,88,73,1393,3504,2.27301,0,11.219,2.95807,0,3402,78265676183
37.8029,26.453,40.0498,0,100,88,73,1393,3504,2.27301,0,11.219,2.95807,0,3402,78292130424
40.7621,24.5326,40.0498,0,100,88,73,1393,3504,2.27301,0,11.219,2.95807,0,3402,78316665040
42.2032,23.6949,40.0498,0,100,88,73,1393,3504,2.27301,0,11.219,2.95807,0,3402,78340359567
37.392,26.7437,40.0498,0,100,88,73,1393,3504,2.27301,0,11.219,2.95807,0,3402,78367105819
40.5738,24.6464,40.0498,0,100,88,73,1393,3504,2.27301,0,11.219,2.95807,0,3402,78391757449
41.8439,23.8983,41.6667,0,100,85,73,1392,3504,2.27301,0,11.2193,2.95807,0,3402,78415925217
40.0154,24.9904,41.6667,0,100,85,73,1392,3504,2.27301,0,11.2193,2.95807,0,3402,78440645132
39.4334,25.3592,41.6667,0,100,85,73,1392,3504,2.27301,0,11.2193,2.95807,0,3402,78466005547
39.585,25.2621,41.6667,0,100,85,73,1392,3504,2.27301,0,11.2193,2.95807,0,3402,78491268434
41.2364,24.2504,41.6667,0,100,85,73,1392,3504,2.27301,0,11.2193,2.95807,0,3402,78515521036
40.9556,24.4167,41.6667,0,100,85,73,1392,3504,2.27301,0,11.2193,2.95807,0,3402,78539938304
37.4951,26.6702,41.6667,0,100,85,73,1392,3504,2.27301,0,11.2193,2.95807,0,3402,78566609247
37.072,26.9745,41.6667,0,100,85,73,1392,3504,2.27301,0,11.2193,2.95807,0,3402,78593584232
47.9316,20.863,41.6667,0,100,85,73,1392,3504,2.27301,0,11.2193,2.95807,0,3402,78614449389
37.4555,26.6983,41.6667,0,100,85,73,1392,3504,2.27301,0,11.2193,2.95807,0,3402,78641175090
39.2453,25.4808,41.6667,0,100,85,73,1392,3504,2.27301,0,11.2193,2.95807,0,3402,78666630825
43.6913,22.8878,41.6667,0,100,85,73,1392,3504,2.27301,0,11.2193,2.95807,0,3402,78689520746
39.6656,25.2108,41.6667,0,100,85,73,1392,3504,2.27301,0,11.2193,2.95807,0,3402,78714733694
38.1775,26.1935,41.6667,0,100,85,73,1392,3504,2.27301,0,11.2193,2.95807,0,3402,78740927608
43.241,23.1262,41.6667,0,100,85,73,1392,3504,2.27301,0,11.2193,2.95807,0,3402,78764055640
39.1472,25.5446,41.6667,0,100,85,73,1392,3504,2.27301,0,11.2193,2.95807,0,3402,78789602010
41.4644,24.1171,41.6667,0,100,85,73,1392,3504,2.27301,0,11.2193,2.95807,0,3402,78813720051
37.7924,26.4603,41.6667,0,100,85,73,1392,3504,2.27301,0,11.2193,2.95807,0,3402,78840181358
40.427,24.7359,41.6667,0,100,85,73,1392,3504,2.27301,0,11.2193,2.95807,0,3402,78864918417
40.1775,24.8896,41.6667,0,100,85,73,1392,3504,2.27301,0,11.2193,2.95807,0,3402,78889809724
38.7245,25.8234,41.6667,0,100,85,73,1392,3504,2.27301,0,11.2193,2.95807,0,3402,78915636943
38.7487,25.8073,41.1622,0,100,85,73,1392,3504,2.27301,0,11.2196,2.95807,0,3400,78941442543
44.9842,22.23,41.1622,0,100,85,73,1392,3504,2.27301,0,11.2196,2.95807,0,3400,78963677413
38.6755,25.8562,41.1622,0,100,85,73,1392,3504,2.27301,0,11.2196,2.95807,0,3400,78989530853
39.3399,25.4195,41.1622,0,100,85,73,1392,3504,2.27301,0,11.2196,2.95807,0,3400,79014952383
39.5891,25.2595,41.1622,0,100,85,73,1392,3504,2.27301,0,11.2196,2.95807,0,3400,79040212539
43.628,22.9211,41.1622,0,100,85,73,1392,3504,2.27301,0,11.2196,2.95807,0,3400,79063135610
40.245,24.8478,41.1622,0,100,85,73,1392,3504,2.27301,0,11.2196,2.95807,0,3400,79087985689
39.1365,25.5516,41.1622,0,100,85,73,1392,3504,2.27301,0,11.2196,2.95807,0,3400,79113538928
39.8676,25.083,41.1622,0,100,85,73,1392,3504,2.27301,0,11.2196,2.95807,0,3400,79138622315
38.762,25.7985,41.1622,0,100,85,73,1392,3504,2.27301,0,11.2196,2.95807,0,3400,79164422220
40.2958,24.8165,41.1622,0,100,85,73,1392,3504,2.27301,0,11.2196,2.95807,0,3400,79189240129
43.843,22.8087,41.1622,0,100,85,73,1392,3504,2.27301,0,11.2196,2.95807,0,3400,79212050514
33.3467,29.9879,41.1622,0,100,85,73,1392,3504,2.27301,0,11.2196,2.95807,0,3400,79242039907
48.4977,20.6196,41.1622,0,100,85,73,1392,3504,2.27301,0,11.2196,2.95807,0,3400,79262659791
38.7376,25.8147,41.1622,0,100,85,73,1392,3504,2.27301,0,11.2196,2.95807,0,3400,79288475324
38.7383,25.8142,41.1622,0,100,85,73,1392,3504,2.27301,0,11.2196,2.95807,0,3400,79314291503
44.0709,22.6907,41.1622,0,100,85,73,1392,3504,2.27301,0,11.2196,2.95807,0,3400,79336983406
39.1718,25.5286,41.1622,0,100,85,73,1392,3504,2.27301,0,11.2196,2.95807,0,3400,79362513372
37.4124,26.7291,41.1622,0,100,85,73,1392,3504,2.27301,0,11.2196,2.95807,0,3400,79389243310
43.6129,22.929,41.1622,0,100,85,73,1392,3504,2.27301,0,11.2196,2.95807,0,3400,79412174697
40.0181,24.9887,41.1622,0,100,85,73,1392,3504,2.27301,0,11.2196,2.95807,0,3400,79437168425
41.6019,24.0373,43.9206,0,100,86,73,1392,3504,2.27301,0,11.2184,2.95807,0,3400,79461204323
36.3179,27.5346,43.9206,0,100,86,73,1392,3504,2.27301,0,11.2184,2.95807,0,3400,79488739453
43.2621,23.1149,43.9206,0,100,86,73,1392,3504,2.27301,0,11.2184,2.95807,0,3400,79511857488
39.2002,25.51,43.9206,0,100,86,73,1392,3504,2.27301,0,11.2184,2.95807,0,3400,79537366775
40.5286,24.6739,43.9206,0,100,86,73,1392,3504,2.27301,0,11.2184,2.95807,0,3400,79562042735
40.5177,24.6805,43.9206,0,100,86,73,1392,3504,2.27301,0,11.2184,2.95807,0,3400,79586725265
38.5164,25.963,43.9206,0,100,86,73,1392,3504,2.27301,0,11.2184,2.95807,0,3400,79612689040
38.748,25.8078,43.9206,0,100,86,73,1392,3504,2.27301,0,11.2184,2.95807,0,3400,79638498098
41.6084,24.0336,43.9206,0,100,86,73,1392,3504,2.27301,0,11.2184,2.95807,0,3400,79662533476
42.4664,23.548,43.9206,0,100,86,73,1392,3504,2.27301,0,11.2184,2.95807,0,3400,79686082433
39.4404,25.3547,43.9206,0,100,86,73,1392,3504,2.27301,0,11.2184,2.95807,0,3400,79711437561
40.3126,24.8061,43.9206,0,100,86,73,1392,3504,2.27301,0,11.2184,2.95807,0,3400,79736245585
38.5932,25.9113,43.9206,0,100,86,73,1392,3504,2.27301,0,11.2184,2.95807,0,3400,79762157089
43.3334,23.0769,43.9206,0,100,86,73,1392,3504,2.27301,0,11.2184,2.95807,0,3400,79785234763
39.3551,25.4097,43.9206,0,100,86,73,1392,3504,2.27301,0,11.2184,2.95807,0,3400,79810645836
40.6357,24.6089,43.9206,0,100,86,73,1392,3504,2.27301,0,11.2184,2.95807,0,3400,79835256052
38.7162,25.829,43.9206,0,100,86,73,1392,3504,2.27301,0,11.2184,2.95807,0,3400,79861085868
40.3497,24.7834,43.9206,0,100,86,73,1392,3504,2.27301,0,11.2184,2.95807,0,3400,79885871082
43.9448,22.7558,43.9206,0,100,86,73,1392,3504,2.27301,0,11.2184,2.95807,0,3400,79908629887
41.755,23.9492,43.9206,0,100,86,73,1392,3504,2.27301,0,11.2184,2.95807,0,3400,79932579026
42.8416,23.3418,43.9206,0,100,86,73,1392,3504,2.27301,0,11.2184,2.95807,0,3400,79955925700
40.9633,24.4121,41.6667,0,100,86,73,1395,3504,2.27301,0,11.2183,2.95807,0,3401,79980336738
39.4889,25.3236,41.6667,0,100,86,73,1395,3504,2.27301,0,11.2183,2.95807,0,3401,80005661530
43.6651,22.9016,41.6667,0,100,86,73,1395,3504,2.27301,0,11.2183,2.95807,0,3401,80028566383
38.5912,25.9126,41.6667,0,100,86,73,1395,3504,2.27301,0,11.2183,2.95807,0,3401,80054478301
48.678,20.5432,41.6667,0,100,86,73,1395,3504,2.27301,0,11.2183,2.95807,0,3401,80075023716
39.668,25.2092,41.6667,0,100,86,73,1395,3504,2.27301,0,11.2183,2.95807,0,3401,80100234256
42.1463,23.7269,41.6667,0,100,86,73,1395,3504,2.27301,0,11.2183,2.95807,0,3401,80123966115
41.4889,24.1029,41.6667,0,100,86,73,1395,3504,2.27301,0,11.2183,2.95807,0,3401,80148087521
37.4338,26.7138,41.6667,0,100,86,73,1395,3504,2.27301,0,11.2183,2.95807,0,3401,80174783087
46.9363,21.3055,41.6667,0,100,86,73,1395,3504,2.27301,0,11.2183,2.95807,0,3401,80196090165
39.1811,25.5225,41.6667,0,100,86,73,1395,3504,2.27301,0,11.2183,2.95807,0,3401,80221615021
44.8953,22.2741,41.6667,0,100,86,73,1395,3504,2.27301,0,11.2183,2.95807,0,3401,80243888916
39.1235,25.5601,41.6667,0,100,86,73,1395,3504,2.27301,0,11.2183,2.95807,0,3401,80269450632
37.9022,26.3837,41.6667,0,100,86,73,1395,3504,2.27301,0,11.2183,2.95807,0,3401,80295836120
48.3231,20.6941,41.6667,0,100,86,73,1395,3504,2.27301,0,11.2183,2.95807,0,3401,80316531528
42.0694,23.7702,41.6667,0,100,86,73,1395,3504,2.27301,0,11.2183,2.95807,0,3401,80340302990
42.2315,23.679,41.6667,0,100,86,73,1395,3504,2.27301,0,11.2183,2.95807,0,3401,80363983493
40.7347,24.5491,41.6667,0,100,86,73,1395,3504,2.27301,0,11.2183,2.95807,0,3401,80388534367
39.7766,25.1404,41.6667,0,100,86,73,1395,3504,2.27301,0,11.2183,2.95807,0,3401,80413675101
43.1291,23.1862,41.6667,0,100,86,73,1395,3504,2.27301,0,11.2183,2.95807,0,3401,80436862043
42.3721,23.6004,41.6667,0,100,86,73,1395,3504,2.27301,0,11.2183,2.95807,0,3401,80460468540
41.8612,23.8885,44.1397,0,100,85,73,1395,3504,2.27301,0,11.2191,2.95807,0,3400,80484354820
39.4426,25.3533,44.1397,0,100,85,73,1395,3504,2.27301,0,11.2191,2.95807,0,3400,80509708945
41.2125,24.2645,44.1397,0,100,85,73,1395,3504,2.27301,0,11.2191,2.95807,0,3400,80533974472
45.3659,22.043,44.1397,0,100,85,73,1395,3504,2.27301,0,11.2191,2.95807,0,3400,80556019862
36.8444,27.1411,44.1397,0,100,85,73,1395,3504,2.27301,0,11.2191,2.95807,0,3400,80583162201
43.7321,22.8665,44.1397,0,100,85,73,1395,3504,2.27301,0,11.2191,2.95807,0,3400,80606029697
39.508,25.3113,44.1397,0,100,85,73,1395,3504,2.27301,0,11.2191,2.95807,0,3400,80631343149
42.8534,23.3354,44.1397,0,100,85,73,1395,3504,2.27301,0,11.2191,2.95807,0,3400,80654679251
41.0296,24.3727,44.1397,0,100,85,73,1395,3504,2.27301,0,11.2191,2.95807,0,3400,80679053351
41.8212,23.9113,44.1397,0,100,85,73,1395,3504,2.27301,0,11.2191,2.95807,0,3400,80702965722
42.7419,23.3963,44.1397,0,100,85,73,1395,3504,2.27301,0,11.2191,2.95807,0,3400,80726468752
38.6107,25.8995,44.1397,0,100,85,73,1395,3504,2.27301,0,11.2191,2.95807,0,3400,80752264432
41.7551,23.9492,44.1397,0,100,85,73,1395,3504,2.27301,0,11.2191,2.95807,0,3400,80776214316
39.4153,25.3708,44.1397,0,100,85,73,1395,3504,2.27301,0,11.2191,2.95807,0,3400,80801587507
43.4323,23.0243,44.1397,0,100,85,73,1395,3504,2.27301,0,11.2191,2.95807,0,3400,80824611915
40.9298,24.4321,44.1397,0,100,85,73,1395,3504,2.27301,0,11.2191,2.95807,0,3400,80849046445
41.9659,23.8288,44.1397,0,100,85,73,1395,3504,2.27301,0,11.2191,2.95807,0,3400,80872876179
41.4968,24.0983,44.1397,0,100,85,73,1395,3504,2.27301,0,11.2191,2.95807,0,3400,80896976213
40.3035,24.8118,44.1397,0,100,85,73,1395,3504,2.27301,0,11.2191,2.95807,0,3400,80921788936
40.9308,24.4315,44.1397,0,100,85,73,1395,3504,2.27301,0,11.2191,2.95807,0,3400,80946222064
37.6364,26.57,44.1397,0,100,85,73,1395,3504,2.27301,0,11.2191,2.95807,0,3400,80972796421
43.0573,23.2249,43.0318,0,100,85,73,1450,3504,2.27301,0,11.219,2.95807,0,3400,80996020067
41.8911,23.8714,43.0318,0,100,85,73,1450,3504,2.27301,0,11.219,2.95807,0,3400,81019894249
42.4849,23.5378,43.0318,0,100,85,73,1450,3504,2.27301,0,11.219,2.95807,0,3400,81043432582
40.477,24.7054,43.0318,0,100,85,73,1450,3504,2.27301,0,11.219,2.95807,0,3400,81068138745
41.8935,23.87,43.0318,0,100,85,73,1450,3504,2.27301,0,11.219,2.95807,0,3400,81092010388
41.0284,24.3733,43.0318,0,100,85,73,1450,3504,2.27301,0,11.219,2.95807,0,3400,81116384680
40.5087,24.6861,43.0318,0,100,85,73,1450,3504,2.27301,0,11.219,2.95807,0,3400,81141071565
43.4688,23.005,43.0318,0,100,85,73,1450,3504,2.27301,0,11.219,2.95807,0,3400,81164079592
37.3493,26.7743,43.0318,0,100,85,73,1450,3504,2.27301,0,11.219,2.95807,0,3400,81190866575
45.7953,21.8363,43.0318,0,100,85,73,1450,3504,2.27301,0,11.219,2.95807,0,3400,81212692633
35.6904,28.0188,43.0318,0,100,85,73,1450,3504,2.27301,0,11.219,2.95807,0,3400,81240712896
43.6259,22.9222,43.0318,0,100,85,73,1450,3504,2.27301,0,11.219,2.95807,0,3400,81263636372
44.2629,22.5923,43.0318,0,100,85,73,1450,3504,2.27301,0,11.219,2.95807,0,3400,81286230306
39.3199,25.4324,43.0318,0,100,85,73,1450,3504,2.27301,0,11.219,2.95807,0,3400,81311664540
41.4761,24.1103,43.0318,0,100,85,73,1450,3504,2.27301,0,11.219,2.95807,0,3400,81335775947
39.1571,25.5382,43.0318,0,100,85,73,1450,3504,2.27301,0,11.219,2.95807,0,3400,81361314446
43.3022,23.0935,43.0318,0,100,85,73,1450,3504,2.27301,0,11.219,2.95807,0,3400,81384409840
42.0759,23.7666,43.0318,0,100,85,73,1450,3504,2.27301,0,11.219,2.95807,0,3400,81408177299
38.3557,26.0717,43.0318,0,100,85,73,1450,3504,2.27301,0,11.219,2.95807,0,3400,81434250254
44.3356,22.5552,43.0318,0,100,85,73,1450,3504,2.27301,0,11.219,2.95807,0,3400,81456807045
36.2434,27.5912,43.0318,0,100,85,73,1450,3504,2.27301,0,11.219,2.95807,0,3400,81484401620
43.7258,22.8698,43.4673,0,100,87,74,1455,3504,2.27301,0,11.22,2.95807,0,3400,81507270778
41.4458,24.1279,43.4673,0,100,87,74,1455,3504,2.27301,0,11.22,2.95807,0,3400,81531399825
38.8163,25.7624,43.4673,0,100,87,74,1455,3504,2.27301,0,11.22,2.95807,0,3400,81557162801
42.0144,23.8014,43.4673,0,100,87,74,1455,3504,2.27301,0,11.22,2.95807,0,3400,81580965052
40.151,24.906,43.4673,0,100,87,74,1455,3504,2.27301,0,11.22,2.95807,0,3400,81605872864
45.54,21.9587,43.4673,0,100,87,74,1455,3504,2.27301,0,11.22,2.95807,0,3400,81627833293
36.5066,27.3923,43.4673,0,100,87,74,1455,3504,2.27301,0,11.22,2.95807,0,3400,81655226270
39.0952,25.5786,43.4673,0,100,87,74,1455,3504,2.27301,0,11.22,2.95807,0,3400,81680806489
38.3595,26.0692,43.4673,0,100,87,74,1455,3504,2.27301,0,11.22,2.95807,0,3400,81706900751
41.5952,24.0412,43.4673,0,100,87,74,1455,3504,2.27301,0,11.22,2.95807,0,3400,81730920256
44.1181,22.6664,43.4673,0,100,87,74,1455,3504,2.27301,0,11.22,2.95807,0,3400,81753588575
42.5701,23.4907,43.4673,0,100,87,74,1455,3504,2.27301,0,11.22,2.95807,0,3400,81777081509
39.5414,25.2899,43.4673,0,100,87,74,1455,3504,2.27301,0,11.22,2.95807,0,3400,81802371712
43.7091,22.8785,43.4673,0,100,87,74,1455,3504,2.27301,0,11.22,2.95807,0,3400,81825251769
38.5671,25.9288,43.4673,0,100,87,74,1455,3504,2.27301,0,11.22,2.95807,0,3400,81851182254
41.4482,24.1265,43.4673,0,100,87,74,1455,3504,2.27301,0,11.22,2.95807,0,3400,81875309834
38.1121,26.2384,43.4673,0,100,87,74,1455,3504,2.27301,0,11.22,2.95807,0,3400,81901548664
42.5911,23.4791,43.4673,0,100,87,74,1455,3504,2.27301,0,11.22,2.95807,0,3400,81925029718
41.6185,24.0278,43.4673,0,100,87,74,1455,3504,2.27301,0,11.22,2.95807,0,3400,81949058265
40.4895,24.6978,43.4673,0,100,87,74,1455,3504,2.27301,0,11.22,2.95807,0,3400,81973757118
40.8339,24.4895,43.4673,0,100,87,74,1455,3504,2.27301,0,11.22,2.95807,0,3400,81998250915
39.1301,25.5558,50.3704,0,100,87,74,1455,3504,2.27301,0,11.2107,2.95807,0,3400,82023803840
41.9459,23.8403,50.3704,0,100,87,74,1455,3504,2.27301,0,11.2107,2.95807,0,3400,82047645610
38.7998,25.7734,50.3704,0,100,87,74,1455,3504,2.27301,0,11.2107,2.95807,0,3400,82073419672
44.666,22.3884,50.3704,0,100,87,74,1455,3504,2.27301,0,11.2107,2.95807,0,3400,82095809918
43.2216,23.1366,50.3704,0,100,87,74,1455,3504,2.27301,0,11.2107,2.95807,0,3400,82118946939
43.4834,22.9973,50.3704,0,100,87,74,1455,3504,2.27301,0,11.2107,2.95807,0,3400,82141946074
44.5104,22.4667,50.3704,0,100,87,74,1455,3504,2.27301,0,11.2107,2.95807,0,3400,82164413949
39.0036,25.6386,50.3704,0,100,87,74,1455,3504,2.27301,0,11.2107,2.95807,0,3400,82190054386
40.7618,24.5328,50.3704,0,100,87,74,1455,3504,2.27301,0,11.2107,2.95807,0,3400,82214588663
43.5844,22.944,50.3704,0,100,87,74,1455,3504,2.27301,0,11.2107,2.95807,0,3400,82237535027
43.5108,22.9828,50.3704,0,100,87,74,1455,3504,2.27301,0,11.2107,2.95807,0,3400,82260518039
34.8232,28.7165,50.3704,0,100,87,74,1455,3504,2.27301,0,11.2107,2.95807,0,3400,82289245277
58.0354,17.2309,50.3704,0,100,87,74,1455,3504,2.27301,0,11.2107,2.95807,0,3400,82306469818
38.2606,26.1365,50.3704,0,100,87,74,1455,3504,2.27301,0,11.2107,2.95807,0,3400,82332611114
47.0417,21.2577,50.3704,0,100,87,74,1455,3504,2.27301,0,11.2107,2.95807,0,3400,82353868439
39.2842,25.4555,50.3704,0,100,87,74,1455,3504,2.27301,0,11.2107,2.95807,0,3400,82379325951
41.216,24.2624,50.3704,0,100,87,74,1455,3504,2.27301,0,11.2107,2.95807,0,3400,82403588478
45.5769,21.941,50.3704,0,100,87,74,1455,3504,2.27301,0,11.2107,2.95807,0,3400,82425531985
41.8072,23.9193,50.3704,0,100,87,74,1455,3504,2.27301,0,11.2107,2.95807,0,3400,82449451631
38.6643,25.8636,50.3704,0,100,87,74,1455,3504,2.27301,0,11.2107,2.95807,0,3400,82475315677
44.7454,22.3487,50.3704,0,100,87,74,1455,3504,2.27301,0,11.2107,2.95807,0,3400,82497665692
42.5851,23.4824,50.3704,0,100,87,74,1455,3504,2.27301,0,11.2107,2.95807,0,3400,82521154470
42.784,23.3732,43.4466,0,100,86,74,1455,3504,2.27301,0,11.2068,2.95807,0,3408,82544523579
42.137,23.7321,43.4466,0,100,86,74,1455,3504,2.27301,0,11.2068,2.95807,0,3408,82568256977
39.6553,25.2173,43.4466,0,100,86,74,1455,3504,2.27301,0,11.2068,2.95807,0,3408,82593476132
46.2181,21.6366,43.4466,0,100,86,74,1455,3504,2.27301,0,11.2068,2.95807,0,3408,82615114087
41.9486,23.8387,43.4466,0,100,86,74,1455,3504,2.27301,0,11.2068,2.95807,0,3408,82638954140
42.2302,23.6797,43.4466,0,100,86,74,1455,3504,2.27301,0,11.2068,2.95807,0,3408,82662634585
38.8591,25.734,43.4466,0,100,86,74,1455,3504,2.27301,0,11.2068,2.95807,0,3408,82688371087
45.2536,22.0977,43.4466,0,100,86,74,1455,3504,2.27301,0,11.2068,2.95807,0,3408,82710468750
41.4563,24.1218,43.4466,0,100,86,74,1455,3504,2.27301,0,11.2068,2.95807,0,3408,82734592042
43.1396,23.1805,43.4466,0,100,86,74,1455,3504,2.27301,0,11.2068,2.95807,0,3408,82757773052
43.8484,22.8059,43.4466,0,100,86,74,1455,3504,2.27301,0,11.2068,2.95807,0,3408,82780580542
41.4941,24.0998,43.4466,0,100,86,74,1455,3504,2.27301,0,11.2068,2.95807,0,3408,82804681490
44.0091,22.7226,43.4466,0,100,86,74,1455,3504,2.27301,0,11.2068,2.95807,0,3408,82827404825
42.7813,23.3747,43.4466,0,100,86,74,1455,3504,2.27301,0,11.2068,2.95807,0,3408,82850780826
44.0164,22.7188,43.4466,0,100,86,74,1455,3504,2.27301,0,11.2068,2.95807,0,3408,82873501499
41.7556,23.9489,43.4466,0,100,86,74,1455,3504,2.27301,0,11.2068,2.95807,0,3408,82897452495
41.3717,24.1711,43.4466,0,100,86,74,1455,3504,2.27301,0,11.2068,2.95807,0,3408,82921644954
42.6244,23.4607,43.4466,0,100,86,74,1455,3504,2.27301,0,11.2068,2.95807,0,3408,82945085993
44.3482,22.5488,43.4466,0,100,86,74,1455,3504,2.27301,0,11.2068,2.95807,0,3408,82967635401
44.6785,22.3821,43.4466,0,100,86,74,1455,3504,2.27301,0,11.2068,2.95807,0,3408,82990019968
44.2928,22.577,43.4466,0,100,86,74,1455,3504,2.27301,0,11.2068,2.95807,0,3408,83012597854
42.1574,23.7206,43.4466,0,100,86,74,1455,3504,2.27301,0,11.2068,2.95807,0,3408,83036322087
42.5355,23.5098,41.9753,0,100,86,74,1450,3504,2.27301,0,11.2068,2.95807,0,3403,83059830501
43.2032,23.1464,41.9753,0,100,86,74,1450,3504,2.27301,0,11.2068,2.95807,0,3403,83082977833
47.2982,21.1424,41.9753,0,100,86,74,1450,3504,2.27301,0,11.2068,2.95807,0,3403,83104123076
44.0439,22.7046,41.9753,0,100,86,74,1450,3504,2.27301,0,11.2068,2.95807,0,3403,83126828302
45.8539,21.8084,41.9753,0,100,86,74,1450,3504,2.27301,0,11.2068,2.95807,0,3403,83148638377
46.5614,21.477,41.9753,0,100,86,74,1450,3504,2.27301,0,11.2068,2.95807,0,3403,83170116991
45.1779,22.1347,41.9753,0,100,86,74,1450,3504,2.27301,0,11.2068,2.95807,0,3403,83192252609
42.639,23.4527,41.9753,0,100,86,74,1450,3504,2.27301,0,11.2068,2.95807,0,3403,83215706152
46.5059,21.5027,41.9753,0,100,86,74,1450,3504,2.27301,0,11.2068,2.95807,0,3403,83237211105
43.3616,23.0619,41.9753,0,100,86,74,1450,3504,2.27301,0,11.2068,2.95807,0,3403,83260273015
47.9499,20.8551,41.9753,0,100,86,74,1450,3504,2.27301,0,11.2068,2.95807,0,3403,83281129686
40.661,24.5936,41.9753,0,100,86,74,1450,3504,2.27301,0,11.2068,2.95807,0,3403,83305725883
43.7113,22.8774,41.9753,0,100,86,74,1450,3504,2.27301,0,11.2068,2.95807,0,3403,83328626258
41.6187,24.0277,41.9753,0,100,86,74,1450,3504,2.27301,0,11.2068,2.95807,0,3403,83352633674
50.7464,19.7058,41.9753,0,100,86,74,1450,3504,2.27301,0,11.2068,2.95807,0,3403,83372347279
48.6983,20.5346,41.9753,0,100,86,74,1450,3504,2.27301,0,11.2068,2.95807,0,3403,83392881165
44.2065,22.6211,41.9753,0,100,86,74,1450,3504,2.27301,0,11.2068,2.95807,0,3403,83415502464
41.6827,23.9908,41.9753,0,100,86,74,1450,3504,2.27301,0,11.2068,2.95807,0,3403,83439495092
49.7305,20.1084,41.9753,0,100,86,74,1450,3504,2.27301,0,11.2068,2.95807,0,3403,83459604530
46.1963,21.6468,41.9753,0,100,86,74,1450,3504,2.27301,0,11.2068,2.95807,0,3403,83481252381
44.6081,22.4175,41.9753,0,100,86,74,1450,3504,2.27301,0,11.2068,2.95807,0,3403,83503672272
45.2251,22.1116,41.9753,0,100,86,74,1450,3504,2.27301,0,11.2068,2.95807,0,3403,83525783723
43.0792,23.213,41.9753,0,100,86,74,1450,3504,2.27301,0,11.2068,2.95807,0,3403,83549002735
46.0589,21.7113,45.9459,0,100,86,74,1520,3504,2.27301,0,11.2067,2.95807,0,3400,83570712852
44.3686,22.5385,45.9459,0,100,86,74,1520,3504,2.27301,0,11.2067,2.95807,0,3400,83593250814
45.6774,21.8927,45.9459,0,100,86,74,1520,3504,2.27301,0,11.2067,2.95807,0,3400,83615145251
45.2177,22.1152,45.9459,0,100,86,74,1520,3504,2.27301,0,11.2067,2.95807,0,3400,83637262139
48.4962,20.6202,45.9459,0,100,86,74,1520,3504,2.27301,0,11.2067,2.95807,0,3400,83657883377
42.348,23.6139,45.9459,0,100,86,74,1520,3504,2.27301,0,11.2067,2.95807,0,3400,83681499250
44.8948,22.2743,45.9459,0,100,86,74,1520,3504,2.27301,0,11.2067,2.95807,0,3400,83703774425
44.6121,22.4154,45.9459,0,100,86,74,1520,3504,2.27301,0,11.2067,2.95807,0,3400,83726190401
46.0356,21.7223,45.9459,0,100,86,74,1520,3504,2.27301,0,11.2067,2.95807,0,3400,83747932325
45.9177,21.7781,45.9459,0,100,86,74,1520,3504,2.27301,0,11.2067,2.95807,0,3400,83769695713
41.1877,24.2791,45.9459,0,100,86,74,1520,3504,2.27301,0,11.2067,2.95807,0,3400,83793974578
46.7354,21.397,45.9459,0,100,86,74,1520,3504,2.27301,0,11.2067,2.95807,0,3400,83815372549
46.2907,21.6026,45.9459,0,100,86,74,1520,3504,2.27301,0,11.2067,2.95807,0,3400,83836976371
46.2575,21.6181,45.9459,0,100,86,74,1520,3504,2.27301,0,11.2067,2.95807,0,3400,83858594842
43.7948,22.8338,45.9459,0,100,86,74,1520,3504,2.27301,0,11.2067,2.95807,0,3400,83881430397
47.5428,21.0337,45.9459,0,100,86,74,1520,3504,2.27301,0,11.2067,2.95807,0,3400,83902466337
43.857,22.8014,45.9459,0,100,86,74,1520,3504,2.27301,0,11.2067,2.95807,0,3400,83925268701
45.4081,22.0225,45.9459,0,100,86,74,1520,3504,2.27301,0,11.2067,2.95807,0,3400,83947293146
43.9988,22.7279,45.9459,0,100,86,74,1520,3504,2.27301,0,11.2067,2.95807,0,3400,83970021538
46.814,21.3611,45.9459,0,100,86,74,1520,3504,2.27301,0,11.2067,2.95807,0,3400,83991384825
42.8305,23.3478,45.9459,0,100,86,74,1520,3504,2.27301,0,11.2067,2.95807,0,3400,84014733334
43.8114,22.8251,45.9459,0,100,86,74,1520,3504,2.27301,0,11.2067,2.95807,0,3400,84037559422
38.1327,26.2242,45.9459,0,100,86,74,1520,3504,2.27301,0,11.2067,2.95807,0,3400,84063791293
50.7085,19.7206,44.25,0,100,86,75,1559,3504,2.27301,0,11.2149,2.95807,0,3412,84083506569
43.477,23.0006,44.25,0,100,86,75,1559,3504,2.27301,0,11.2149,2.95807,0,3412,84106510313
41.3448,24.1868,44.25,0,100,86,75,1559,3504,2.27301,0,11.2149,2.95807,0,3412,84130697557
56.7965,17.6067,44.25,0,100,86,75,1559,3504,2.27301,0,11.2149,2.95807,0,3412,84148305489
44.2625,22.5925,44.25,0,100,86,75,1559,3504,2.27301,0,11.2149,2.95807,0,3412,84170899173
46.6054,21.4568,44.25,0,100,86,75,1559,3504,2.27301,0,11.2149,2.95807,0,3412,84192357529
45.7704,21.8482,44.25,0,100,86,75,1559,3504,2.27301,0,11.2149,2.95807,0,3412,84214207604
42.2407,23.6738,44.25,0,100,86,75,1559,3504,2.27301,0,11.2149,2.95807,0,3412,84237882582
50.5046,19.8002,44.25,0,100,86,75,1559,3504,2.27301,0,11.2149,2.95807,0,3412,84257684701
44.3122,22.5672,44.25,0,100,86,75,1559,3504,2.27301,0,11.2149,2.95807,0,3412,84280252565
43.5097,22.9834,44.25,0,100,86,75,1559,3504,2.27301,0,11.2149,2.95807,0,3412,84303237521
47.6701,20.9775,44.25,0,100,86,75,1559,3504,2.27301,0,11.2149,2.95807,0,3412,84324216542
42.6367,23.454,44.25,0,100,86,75,1559,3504,2.27301,0,11.2149,2.95807,0,3412,84347671621
42.3618,23.6062,44.25,0,100,86,75,1559,3504,2.27301,0,11.2149,2.95807,0,3412,84371279988
47.0715,21.2443,44.25,0,100,86,75,1559,3504,2.27301,0,11.2149,2.95807,0,3412,84392525648
45.7886,21.8395,44.25,0,100,86,75,1559,3504,2.27301,0,11.2149,2.95807,0,3412,84414383827
44.8348,22.3041,44.25,0,100,86,75,1559,3504,2.27301,0,11.2149,2.95807,0,3412,84436670863
45.0654,22.19,44.25,0,100,86,75,1559,3504,2.27301,0,11.2149,2.95807,0,3412,84458861409
44.343,22.5515,44.25,0,100,86,75,1559,3504,2.27301,0,11.2149,2.95807,0,3412,84481414320
46.2879,21.6039,44.25,0,100,86,75,1559,3504,2.27301,0,11.2149,2.95807,0,3412,84503019761
46.2368,21.6278,44.25,0,100,86,75,1559,3504,2.27301,0,11.2149,2.95807,0,3412,84524648909
43.4705,23.0041,44.25,0,100,86,75,1559,3504,2.27301,0,11.2149,2.95807,0,3412,84547654669
48.1761,20.7572,44.25,0,100,86,75,1559,3504,2.27301,0,11.2149,2.95807,0,3412,84568418126
46.5315,21.4908,52.3342,0,100,89,75,1559,3504,2.27301,0,11.2288,2.95807,0,3400,84589905385
41.896,23.8686,52.3342,0,100,89,75,1559,3504,2.27301,0,11.2288,2.95807,0,3400,84613775587
46.7147,21.4065,52.3342,0,100,89,75,1559,3504,2.27301,0,11.2288,2.95807,0,3400,84635182963
49.5742,20.1718,52.3342,0,100,89,75,1559,3504,2.27301,0,11.2288,2.95807,0,3400,84655356459
39.3818,25.3925,52.3342,0,100,89,75,1559,3504,2.27301,0,11.2288,2.95807,0,3400,84680750234
46.7556,21.3878,52.3342,0,100,89,75,1559,3504,2.27301,0,11.2288,2.95807,0,3400,84702157436
50.3641,19.8554,52.3342,0,100,89,75,1559,3504,2.27301,0,11.2288,2.95807,0,3400,84721996175
40.8438,24.4835,52.3342,0,100,89,75,1559,3504,2.27301,0,11.2288,2.95807,0,3400,84746480797
51.7599,19.32,52.3342,0,100,89,75,1559,3504,2.27301,0,11.2288,2.95807,0,3400,84765802148
42.8134,23.3572,52.3342,0,100,89,75,1559,3504,2.27301,0,11.2288,2.95807,0,3400,84789160087
48.5567,20.5945,52.3342,0,100,89,75,1559,3504,2.27301,0,11.2288,2.95807,0,3400,84809757774
43.4015,23.0407,52.3342,0,100,89,75,1559,3504,2.27301,0,11.2288,2.95807,0,3400,84832798518
46.441,21.5327,52.3342,0,100,89,75,1559,3504,2.27301,0,11.2288,2.95807,0,3400,84854332582
47.296,21.1434,52.3342,0,100,89,75,1559,3504,2.27301,0,11.2288,2.95807,0,3400,84875477495
43.8007,22.8307,52.3342,0,100,89,75,1559,3504,2.27301,0,11.2288,2.95807,0,3400,84898309427
41.8949,23.8693,52.3342,0,100,89,75,1559,3504,2.27301,0,11.2288,2.95807,0,3400,84922179675
52.6921,18.9782,52.3342,0,100,89,75,1559,3504,2.27301,0,11.2288,2.95807,0,3400,84941159309
43.1831,23.1572,52.3342,0,100,89,75,1559,3504,2.27301,0,11.2288,2.95807,0,3400,84964317356
47.4675,21.067,52.3342,0,100,89,75,1559,3504,2.27301,0,11.2288,2.95807,0,3400,84985385561
46.4322,21.5368,52.3342,0,100,89,75,1559,3504,2.27301,0,11.2288,2.95807,0,3400,85006923783
45.0253,22.2097,52.3342,0,100,89,75,1559,3504,2.27301,0,11.2288,2.95807,0,3400,85029135288
47.2383,21.1693,52.3342,0,100,89,75,1559,3504,2.27301,0,11.2288,2.95807,0,3400,85050303981
42.6715,23.4348,52.3342,0,100,89,75,1559,3504,2.27301,0,11.2288,2.95807,0,3400,85073744525
41.1841,24.2812,42.6396,0,100,89,75,1553,3504,2.27301,0,11.2213,2.95807,0,3400,85098023513
50.1459,19.9418,42.6396,0,100,89,75,1553,3504,2.27301,0,11.2213,2.95807,0,3400,85117966367
46.1041,21.6901,42.6396,0,100,89,75,1553,3504,2.27301,0,11.2213,2.95807,0,3400,85139657507
43.8562,22.8018,42.6396,0,100,89,75,1553,3504,2.27301,0,11.2213,2.95807,0,3400,85162460033
46.9615,21.294,42.6396,0,100,89,75,1553,3504,2.27301,0,11.2213,2.95807,0,3400,85183754809
47.3524,21.1183,42.6396,0,100,89,75,1553,3504,2.27301,0,11.2213,2.95807,0,3400,85204875532
43.8006,22.8307,42.6396,0,100,89,75,1553,3504,2.27301,0,11.2213,2.95807,0,3400,85227707176
47.3783,21.1067,42.6396,0,100,89,75,1553,3504,2.27301,0,11.2213,2.95807,0,3400,85248813578
47.1123,21.2259,42.6396,0,100,89,75,1553,3504,2.27301,0,11.2213,2.95807,0,3400,85270041170
45.6176,21.9213,42.6396,0,100,89,75,1553,3504,2.27301,0,11.2213,2.95807,0,3400,85291964157
43.2083,23.1437,42.6396,0,100,89,75,1553,3504,2.27301,0,11.2213,2.95807,0,3400,85315108909
46.3172,21.5903,42.6396,0,100,89,75,1553,3504,2.27301,0,11.2213,2.95807,0,3400,85336699893
43.8574,22.8012,42.6396,0,100,89,75,1553,3504,2.27301,0,11.2213,2.95807,0,3400,85359502283
42.5551,23.499,42.6396,0,100,89,75,1553,3504,2.27301,0,11.2213,2.95807,0,3400,85383003899
48.1738,20.7582,42.6396,0,100,89,75,1553,3504,2.27301,0,11.2213,2.95807,0,3400,85403762784
48.6612,20.5502,42.6396,0,100,89,75,1553,3504,2.27301,0,11.2213,2.95807,0,3400,85424313943
43.0806,23.2123,42.6396,0,100,89,75,1553,3504,2.27301,0,11.2213,2.95807,0,3400,85447527143
46.9833,21.2842,42.6396,0,100,89,75,1553,3504,2.27301,0,11.2213,2.95807,0,3400,85468814543
47.8504,20.8985,42.6396,0,100,89,75,1553,3504,2.27301,0,11.2213,2.95807,0,3400,85489712995
44.6936,22.3746,42.6396,0,100,89,75,1553,3504,2.27301,0,11.2213,2.95807,0,3400,85512089111
42.7218,23.4073,42.6396,0,100,89,75,1553,3504,2.27301,0,11.2213,2.95807,0,3400,85535496225
47.5911,21.0123,42.6396,0,100,89,75,1553,3504,2.27301,0,11.2213,2.95807,0,3400,85556510308
45.8623,21.8044,42.6396,0,100,89,75,1553,3504,2.27301,0,11.2213,2.95807,0,3400,85578317892
39.8508,25.0936,45.3846,0,100,85,75,1559,3504,2.27301,0,11.215,2.95807,0,3442,85603410750
52.8252,18.9304,45.3846,0,100,85,75,1559,3504,2.27301,0,11.215,2.95807,0,3442,85622343382
47.8793,20.8858,45.3846,0,100,85,75,1559,3504,2.27301,0,11.215,2.95807,0,3442,85643229450
45.9948,21.7416,45.3846,0,100,85,75,1559,3504,2.27301,0,11.215,2.95807,0,3442,85664989486
42.2911,23.6456,45.3846,0,100,85,75,1559,3504,2.27301,0,11.215,2.95807,0,3442,85688620465
45.4171,22.0182,45.3846,0,100,85,75,1559,3504,2.27301,0,11.215,2.95807,0,3442,85710639344
48.3826,20.6686,45.3846,0,100,85,75,1559,3504,2.27301,0,11.215,2.95807,0,3442,85731309612
47.2889,21.1466,45.3846,0,100,85,75,1559,3504,2.27301,0,11.215,2.95807,0,3442,85752457408
45.5093,21.9735,45.3846,0,100,85,75,1559,3504,2.27301,0,11.215,2.95807,0,3442,85774432163
50.1362,19.9457,45.3846,0,100,85,75,1559,3504,2.27301,0,11.215,2.95807,0,3442,85794379130
44.2003,22.6243,45.3846,0,100,85,75,1559,3504,2.27301,0,11.215,2.95807,0,3442,85817004769
50.0448,19.9821,45.3846,0,100,85,75,1559,3504,2.27301,0,11.215,2.95807,0,3442,85836988174
46.6388,21.4414,45.3846,0,100,85,75,1559,3504,2.27301,0,11.215,2.95807,0,3442,85858430994
50.4085,19.8379,45.3846,0,100,85,75,1559,3504,2.27301,0,11.215,2.95807,0,3442,85878270606
48.1094,20.786,45.3846,0,100,85,75,1559,3504,2.27301,0,11.215,2.95807,0,3442,85899057124
48.1354,20.7747,45.3846,0,100,85,75,1559,3504,2.27301,0,11.215,2.95807,0,3442,85919833010
47.0444,21.2565,45.3846,0,100,85,75,1559,3504,2.27301,0,11.215,2.95807,0,3442,85941090999
44.4842,22.4799,45.3846,0,100,85,75,1559,3504,2.27301,0,11.215,2.95807,0,3442,85963572513
50.0992,19.9604,45.3846,0,100,85,75,1559,3504,2.27301,0,11.215,2.95807,0,3442,85983534916
47.7719,20.9328,45.3846,0,100,85,75,1559,3504,2.27301,0,11.215,2.95807,0,3442,86004468683
46.2229,21.6343,45.3846,0,100,85,75,1559,3504,2.27301,0,11.215,2.95807,0,3442,86026104280
44.7138,22.3645,45.3846,0,100,85,75,1559,3504,2.27301,0,11.215,2.95807,0,3442,86048470074
48.6349,20.5614,45.3846,0,100,85,75,1559,3504,2.27301,0,11.215,2.95807,0,3442,86069032968
48.1188,20.7819,45.3846,0,100,85,75,1559,3504,2.27301,0,11.215,2.95807,0,3442,86089818896
50.4441,19.8239,43.2161,0,100,85,75,1567,3504,2.27301,0,11.215,2.95807,0,3400,86109640776
45.9931,21.7424,43.2161,0,100,85,75,1567,3504,2.27301,0,11.215,2.95807,0,3400,86131383667
48.0597,20.8075,43.2161,0,100,85,75,1567,3504,2.27301,0,11.215,2.95807,0,3400,86152192645
42.8467,23.339,43.2161,0,100,85,75,1567,3504,2.27301,0,11.215,2.95807,0,3400,86175532722
49.8164,20.0737,43.2161,0,100,85,75,1567,3504,2.27301,0,11.215,2.95807,0,3400,86195609056
46.8665,21.3372,43.2161,0,100,85,75,1567,3504,2.27301,0,11.215,2.95807,0,3400,86216947500
51.8748,19.2772,43.2161,0,100,85,75,1567,3504,2.27301,0,11.215,2.95807,0,3400,86236225362
44.7472,22.3477,43.2161,0,100,85,75,1567,3504,2.27301,0,11.215,2.95807,0,3400,86258574424
49.0538,20.3858,43.2161,0,100,85,75,1567,3504,2.27301,0,11.215,2.95807,0,3400,86278961651
48.5995,20.5763,43.2161,0,100,85,75,1567,3504,2.27301,0,11.215,2.95807,0,3400,86299539339
48.1989,20.7474,43.2161,0,100,85,75,1567,3504,2.27301,0,11.215,2.95807,0,3400,86320287818
46.4651,21.5215,43.2161,0,100,85,75,1567,3504,2.27301,0,11.215,2.95807,0,3400,86341811042
48.5927,20.5792,43.2161,0,100,85,75,1567,3504,2.27301,0,11.215,2.95807,0,3400,86362391097
48.193,20.7499,43.2161,0,100,85,75,1567,3504,2.27301,0,11.215,2.95807,0,3400,86383142176
43.8277,22.8166,43.2161,0,100,85,75,1567,3504,2.27301,0,11.215,2.95807,0,3400,86405960928
49.877,20.0493,43.2161,0,100,85,75,1567,3504,2.27301,0,11.215,2.95807,0,3400,86426010459
46.9975,21.2777,43.2161,0,100,85,75,1567,3504,2.27301,0,11.215,2.95807,0,3400,86447290238
47.9566,20.8522,43.2161,0,100,85,75,1567,3504,2.27301,0,11.215,2.95807,0,3400,86468143468
49.7358,20.1062,43.2161,0,100,85,75,1567,3504,2.27301,0,11.215,2.95807,0,3400,86488252071
44.1813,22.634,43.2161,0,100,85,75,1567,3504,2.27301,0,11.215,2.95807,0,3400,86510886359
49.1656,20.3394,43.2161,0,100,85,75,1567,3504,2.27301,0,11.215,2.95807,0,3400,86531226824
48.458,20.6364,43.2161,0,100,85,75,1567,3504,2.27301,0,11.215,2.95807,0,3400,86551864097
47.4239,21.0864,43.2161,0,100,85,75,1567,3504,2.27301,0,11.215,2.95807,0,3400,86572952804
46.89,21.3265,43.2161,0,100,85,75,1567,3504,2.27301,0,11.215,2.95807,0,3400,86594284734
47.7556,20.9399,43.2911,0,100,88,76,1657,3504,2.27301,0,11.2168,2.95807,0,3400,86615221616
49.9098,20.0361,43.2911,0,100,88,76,1657,3504,2.27301,0,11.2168,2.95807,0,3400,86635258915
48.7979,20.4927,43.2911,0,100,88,76,1657,3504,2.27301,0,11.2168,2.95807,0,3400,86655752979
42.5018,23.5284,43.2911,0,100,88,76,1657,3504,2.27301,0,11.2168,2.95807,0,3400,86679281925
51.7647,19.3182,43.2911,0,100,88,76,1657,3504,2.27301,0,11.2168,2.95807,0,3400,86698600694
44.9271,22.2583,43.2911,0,100,88,76,1657,3504,2.27301,0,11.2168,2.95807,0,3400,86720860596
50.155,19.9382,43.2911,0,100,88,76,1657,3504,2.27301,0,11.2168,2.95807,0,3400,86740801249
48.5997,20.5763,43.2911,0,100,88,76,1657,3504,2.27301,0,11.2168,2.95807,0,3400,86761378331
48.0432,20.8146,43.2911,0,100,88,76,1657,3504,2.27301,0,11.2168,2.95807,0,3400,86782193924
45.6662,21.898,43.2911,0,100,88,76,1657,3504,2.27301,0,11.2168,2.95807,0,3400,86804093215
48.6433,20.5578,43.2911,0,100,88,76,1657,3504,2.27301,0,11.2168,2.95807,0,3400,86824652020
47.1727,21.1987,43.2911,0,100,88,76,1657,3504,2.27301,0,11.2168,2.95807,0,3400,86845853176
48.5685,20.5895,43.2911,0,100,88,76,1657,3504,2.27301,0,11.2168,2.95807,0,3400,86866443470
45.0661,22.1896,43.2911,0,100,88,76,1657,3504,2.27301,0,11.2168,2.95807,0,3400,86888633241
49.7805,20.0882,43.2911,0,100,88,76,1657,3504,2.27301,0,11.2168,2.95807,0,3400,86908724653
47.577,21.0186,43.2911,0,100,88,76,1657,3504,2.27301,0,11.2168,2.95807,0,3400,86929743054
48.1073,20.7869,43.2911,0,100,88,76,1657,3504,2.27301,0,11.2168,2.95807,0,3400,86950531830
47.3116,21.1365,43.2911,0,100,88,76,1657,3504,2.27301,0,11.2168,2.95807,0,3400,86971669011
41.9211,23.8544,43.2911,0,100,88,76,1657,3504,2.27301,0,11.2168,2.95807,0,3400,86995524962
55.2587,18.0967,43.2911,0,100,88,76,1657,3504,2.27301,0,11.2168,2.95807,0,3400,87013623611
45.5666,21.9459,43.2911,0,100,88,76,1657,3504,2.27301,0,11.2168,2.95807,0,3400,87035584823
50.033,19.9868,43.2911,0,100,88,76,1657,3504,2.27301,0,11.2168,2.95807,0,3400,87055558275
50.2979,19.8815,43.2911,0,100,88,76,1657,3504,2.27301,0,11.2168,2.95807,0,3400,87075441314
42.5409,23.5068,43.2911,0,100,88,76,1657,3504,2.27301,0,11.2168,2.95807,0,3400,87098953568
49.5344,20.188,48.3544,0,100,88,77,1657,3504,2.27301,0,11.2168,2.95807,0,3399,87119139652
47.6122,21.003,48.3544,0,100,88,77,1657,3504,2.27301,0,11.2168,2.95807,0,3399,87140143101
49.7191,20.113,48.3544,0,100,88,77,1657,3504,2.27301,0,11.2168,2.95807,0,3399,87160257798
39.3813,25.3927,48.3544,0,100,88,77,1657,3504,2.27301,0,11.2168,2.95807,0,3399,87185652127
43.9969,22.7289,48.3544,0,100,88,77,1657,3504,2.27301,0,11.2168,2.95807,0,3399,87208382609
48.7442,20.5153,48.3544,0,100,88,77,1657,3504,2.27301,0,11.2168,2.95807,0,3399,87228900332
53.639,18.6432,48.3544,0,100,88,77,1657,3504,2.27301,0,11.2168,2.95807,0,3399,87247543805
50.6307,19.7509,48.3544,0,100,88,77,1657,3504,2.27301,0,11.2168,2.95807,0,3399,87267296823
42.1461,23.727,48.3544,0,100,88,77,1657,3504,2.27301,0,11.2168,2.95807,0,3399,87291025409
67.1895,14.8833,48.3544,0,100,88,77,1657,3504,2.27301,0,11.2168,2.95807,0,3399,87305909130
45.2098,22.1191,48.3544,0,100,88,77,1657,3504,2.27301,0,11.2168,2.95807,0,3399,87328028892
52.4336,19.0718,48.3544,0,100,88,77,1657,3504,2.27301,0,11.2168,2.95807,0,3399,87347102741
45.9397,21.7676,48.3544,0,100,88,77,1657,3504,2.27301,0,11.2168,2.95807,0,3399,87368871207
46.0235,21.728,48.3544,0,100,88,77,1657,3504,2.27301,0,11.2168,2.95807,0,3399,87390600438
47.2457,21.1659,48.3544,0,100,88,77,1657,3504,2.27301,0,11.2168,2.95807,0,3399,87411767493
46.3527,21.5737,48.3544,0,100,88,77,1657,3504,2.27301,0,11.2168,2.95807,0,3399,87433343023
52.0564,19.2099,48.3544,0,100,88,77,1657,3504,2.27301,0,11.2168,2.95807,0,3399,87452553020
48.2122,20.7416,48.3544,0,100,88,77,1657,3504,2.27301,0,11.2168,2.95807,0,3399,87473296383
46.084,21.6995,48.3544,0,100,88,77,1657,3504,2.27301,0,11.2168,2.95807,0,3399,87495011240
46.762,21.3849,48.3544,0,100,88,77,1657,3504,2.27301,0,11.2168,2.95807,0,3399,87516383819
48.2229,20.737,48.3544,0,100,88,77,1657,3504,2.27301,0,11.2168,2.95807,0,3399,87537122734
52.2536,19.1374,48.3544,0,100,88,77,1657,3504,2.27301,0,11.2168,2.95807,0,3399,87556260711
48.4112,20.6564,48.3544,0,100,88,77,1657,3504,2.27301,0,11.2168,2.95807,0,3399,87576918590
46.8581,21.341,48.3544,0,100,88,77,1657,3504,2.27301,0,11.2168,2.95807,0,3399,87598268521
44.0434,22.7049,48.3544,0,100,88,77,1657,3504,2.27301,0,11.2168,2.95807,0,3399,87620973864
48.5521,20.5964,53.5627,0,100,88,77,1657,3504,2.27301,0,11.2191,2.95807,0,3405,87641564375
48.3448,20.6847,53.5627,0,100,88,77,1657,3504,2.27301,0,11.2191,2.95807,0,3405,87662250207
45.3102,22.0701,53.5627,0,100,88,77,1657,3504,2.27301,0,11.2191,2.95807,0,3405,87684321604
48.3694,20.6742,53.5627,0,100,88,77,1657,3504,2.27301,0,11.2191,2.95807,0,3405,87704998646
45.303,22.0736,53.5627,0,100,88,77,1657,3504,2.27301,0,11.2191,2.95807,0,3405,87727072859
49.9247,20.0302,53.5627,0,100,88,77,1657,3504,2.27301,0,11.2191,2.95807,0,3405,87747104191
43.5011,22.9879,53.5627,0,100,88,77,1657,3504,2.27301,0,11.2191,2.95807,0,3405,87770093405
48.2877,20.7092,53.5627,0,100,88,77,1657,3504,2.27301,0,11.2191,2.95807,0,3405,87790803799
49.2274,20.3139,53.5627,0,100,88,77,1657,3504,2.27301,0,11.2191,2.95807,0,3405,87811118584
49.1886,20.3299,53.5627,0,100,88,77,1657,3504,2.27301,0,11.2191,2.95807,0,3405,87831450080
47.3873,21.1027,53.5627,0,100,88,77,1657,3504,2.27301,0,11.2191,2.95807,0,3405,87852553238
43.6249,22.9227,53.5627,0,100,88,77,1657,3504,2.27301,0,11.2191,2.95807,0,3405,87875491180
50.5361,19.7878,53.5627,0,100,88,77,1657,3504,2.27301,0,11.2191,2.95807,0,3405,87895266765
45.6356,21.9127,53.5627,0,100,88,77,1657,3504,2.27301,0,11.2191,2.95807,0,3405,87917181474
44.3285,22.5589,53.5627,0,100,88,77,1657,3504,2.27301,0,11.2191,2.95807,0,3405,87939741261
45.4749,21.9901,53.5627,0,100,88,77,1657,3504,2.27301,0,11.2191,2.95807,0,3405,87961733140
50.9525,19.6261,53.5627,0,100,88,77,1657,3504,2.27301,0,11.2191,2.95807,0,3405,87981360895
45.6161,21.9221,53.5627,0,100,88,77,1657,3504,2.27301,0,11.2191,2.95807,0,3405,88003283805
46.0215,21.729,53.5627,0,100,88,77,1657,3504,2.27301,0,11.2191,2.95807,0,3405,88025014300
48.2112,20.7421,53.5627,0,100,88,77,1657,3504,2.27301,0,11.2191,2.95807,0,3405,88045759003
48.5896,20.5805,53.5627,0,100,88,77,1657,3504,2.27301,0,11.2191,2.95807,0,3405,88066340637
49.1394,20.3503,53.5627,0,100,88,77,1657,3504,2.27301,0,11.2191,2.95807,0,3405,88086691169
45.8126,21.8281,53.5627,0,100,88,77,1657,3504,2.27301,0,11.2191,2.95807,0,3405,88108520375
48.3476,20.6836,53.5627,0,100,88,77,1657,3504,2.27301,0,11.2191,2.95807,0,3405,88129209754
47.9643,20.8488,43.2911,0,100,88,77,1657,3504,2.27297,0,11.2191,2.95807,0,3400,88150056711
44.8171,22.3129,43.2911,0,100,88,77,1657,3504,2.27297,0,11.2191,2.95807,0,3400,88172372641
49.0591,20.3836,43.2911,0,100,88,77,1657,3504,2.27297,0,11.2191,2.95807,0,3400,88192755707
46.2352,21.6285,43.2911,0,100,88,77,1657,3504,2.27297,0,11.2191,2.95807,0,3400,88214385368
45.1413,22.1527,43.2911,0,100,88,77,1657,3504,2.27297,0,11.2191,2.95807,0,3400,88236539816
45.2803,22.0846,43.2911,0,100,88,77,1657,3504,2.27297,0,11.2191,2.95807,0,3400,88258625654
50.2081,19.9171,43.2911,0,100,88,77,1657,3504,2.27297,0,11.2191,2.95807,0,3400,88278543579
42.6476,23.448,43.2911,0,100,88,77,1657,3504,2.27297,0,11.2191,2.95807,0,3400,88301992389
52.3376,19.1067,43.2911,0,100,88,77,1657,3504,2.27297,0,11.2191,2.95807,0,3400,88321100388
45.9129,21.7804,43.2911,0,100,88,77,1657,3504,2.27297,0,11.2191,2.95807,0,3400,88342881923
47.0876,21.237,43.2911,0,100,88,77,1657,3504,2.27297,0,11.2191,2.95807,0,3400,88364120144
46.0409,21.7198,43.2911,0,100,88,77,1657,3504,2.27297,0,11.2191,2.95807,0,3400,88385841103
49.3025,20.2829,43.2911,0,100,88,77,1657,3504,2.27297,0,11.2191,2.95807,0,3400,88406126249
42.9422,23.2871,43.2911,0,100,88,77,1657,3504,2.27297,0,11.2191,2.95807,0,3400,88429414424
50.3923,19.8443,43.2911,0,100,88,77,1657,3504,2.27297,0,11.2191,2.95807,0,3400,88449259787
47.0207,21.2672,43.2911,0,100,88,77,1657,3504,2.27297,0,11.2191,2.95807,0,3400,88470528767
46.4453,21.5307,43.2911,0,100,88,77,1657,3504,2.27297,0,11.2191,2.95807,0,3400,88492060789
46.6959,21.4151,43.2911,0,100,88,77,1657,3504,2.27297,0,11.2191,2.95807,0,3400,88513476501
48.1694,20.7601,43.2911,0,100,88,77,1657,3504,2.27297,0,11.2191,2.95807,0,3400,88534237035
45.2383,22.1052,43.2911,0,100,88,77,1657,3504,2.27297,0,11.2191,2.95807,0,3400,88556344294
50.3661,19.8546,43.2911,0,100,88,77,1657,3504,2.27297,0,11.2191,2.95807,0,3400,88576200006
44.104,22.6737,43.2911,0,100,88,77,1657,3504,2.27297,0,11.2191,2.95807,0,3400,88598875821
47.4634,21.0689,43.2911,0,100,88,77,1657,3504,2.27297,0,11.2191,2.95807,0,3400,88619945528
45.0765,22.1845,43.2911,0,100,88,77,1657,3504,2.27297,0,11.2191,2.95807,0,3400,88642134122
44.0009,22.7268,45.2736,0,100,95,77,1657,3504,2.27297,0,11.2261,2.95807,0,3455,88664859328
51.1944,19.5334,45.2736,0,100,95,77,1657,3504,2.27297,0,11.2261,2.95807,0,3455,88684394435
46.1852,21.652,45.2736,0,100,95,77,1657,3504,2.27297,0,11.2261,2.95807,0,3455,88706047293
40.6103,24.6243,45.2736,0,100,95,77,1657,3504,2.27297,0,11.2261,2.95807,0,3455,88730673488
52.1619,19.1711,45.2736,0,100,95,77,1657,3504,2.27297,0,11.2261,2.95807,0,3455,88749845249
41.8933,23.8702,45.2736,0,100,95,77,1657,3504,2.27297,0,11.2261,2.95807,0,3455,88773717610
50.942,19.6302,45.2736,0,100,95,77,1657,3504,2.27297,0,11.2261,2.95807,0,3455,88793348784
44.8495,22.2968,45.2736,0,100,95,77,1657,3504,2.27297,0,11.2261,2.95807,0,3455,88815646608
49.5121,20.1971,45.2736,0,100,95,77,1657,3504,2.27297,0,11.2261,2.95807,0,3455,88835845319
50.3816,19.8485,45.2736,0,100,95,77,1657,3504,2.27297,0,11.2261,2.95807,0,3455,88855694363
42.6427,23.4506,45.2736,0,100,95,77,1657,3504,2.27297,0,11.2261,2.95807,0,3455,88879147125
52.9207,18.8962,45.2736,0,100,95,77,1657,3504,2.27297,0,11.2261,2.95807,0,3455,88898044616
44.7371,22.3528,45.2736,0,100,95,77,1657,3504,2.27297,0,11.2261,2.95807,0,3455,88920398405
50.6171,19.7562,45.2736,0,100,95,77,1657,3504,2.27297,0,11.2261,2.95807,0,3455,88940155838
41.7904,23.9289,45.2736,0,100,95,77,1657,3504,2.27297,0,11.2261,2.95807,0,3455,88964087005
32.425,30.8404,45.2736,0,100,95,77,1657,3504,2.27297,0,11.2261,2.95807,0,3455,88994927501
119.527,8.36633,45.2736,0,100,95,77,1657,3504,2.27297,0,11.2261,2.95807,0,3455,89003295418
42.7284,23.4036,45.2736,0,100,95,77,1657,3504,2.27297,0,11.2261,2.95807,0,3455,89026700315
45.8337,21.818,45.2736,0,100,95,77,1657,3504,2.27297,0,11.2261,2.95807,0,3455,89048519192
52.6175,19.0051,45.2736,0,100,95,77,1657,3504,2.27297,0,11.2261,2.95807,0,3455,89067525338
48.3694,20.6742,45.2736,0,100,95,77,1657,3504,2.27297,0,11.2261,2.95807,0,3455,89088199733
32.6114,30.6642,45.2736,0,100,95,77,1657,3504,2.27297,0,11.2261,2.95807,0,3455,89118865307
29.8467,33.5046,45.2736,0,100,95,77,1657,3504,2.27297,0,11.2261,2.95807,0,3455,89152373689
48.975,20.4186,46.4286,0,100,95,77,1657,3504,2.27295,0,11.1796,2.95807,0,3404,89172791559
79.6031,12.5623,46.4286,0,100,95,77,1657,3504,2.27295,0,11.1796,2.95807,0,3404,89185355564
38.0671,26.2694,46.4286,0,100,95,77,1657,3504,2.27295,0,11.1796,2.95807,0,3404,89211625869
87.3829,11.4439,46.4286,0,100,95,77,1657,3504,2.27295,0,11.1796,2.95807,0,3404,89223099035
59.391,16.8376,46.4286,0,100,95,77,1657,3504,2.27295,0,11.1796,2.95807,0,3404,89239925022
60.6523,16.4874,46.4286,0,100,95,77,1657,3504,2.27295,0,11.1796,2.95807,0,3404,89256413498
48.15,20.7684,46.4286,0,100,95,77,1657,3504,2.27295,0,11.1796,2.95807,0,3404,89277183584
48.7278,20.5222,46.4286,0,100,95,77,1657,3504,2.27295,0,11.1796,2.95807,0,3404,89297707473
58.459,17.106,46.4286,0,100,95,77,1657,3504,2.27295,0,11.1796,2.95807,0,3404,89314815561
26.725,37.4181,46.4286,0,100,95,77,1657,3504,2.27295,0,11.1796,2.95807,0,3404,89352235252
108.415,9.22382,46.4286,0,100,95,77,1657,3504,2.27295,0,11.1796,2.95807,0,3404,89361459460
65.2795,15.3188,46.4286,0,100,95,77,1657,3504,2.27295,0,11.1796,2.95807,0,3404,89376780125
46.8913,21.3259,46.4286,0,100,95,77,1657,3504,2.27295,0,11.1796,2.95807,0,3404,89398106436
51.7141,19.3371,46.4286,0,100,95,77,1657,3504,2.27295,0,11.1796,2.95807,0,3404,89417444993
50.2555,19.8983,46.4286,0,100,95,77,1657,3504,2.27295,0,11.1796,2.95807,0,3404,89437345112
50.552,19.7816,46.4286,0,100,95,77,1657,3504,2.27295,0,11.1796,2.95807,0,3404,89457128718
54.7392,18.2685,46.4286,0,100,95,77,1657,3504,2.27295,0,11.1796,2.95807,0,3404,89475397971
45.7518,21.8571,46.4286,0,100,95,77,1657,3504,2.27295,0,11.1796,2.95807,0,3404,89497256922
49.788,20.0852,46.4286,0,100,95,77,1657,3504,2.27295,0,11.1796,2.95807,0,3404,89517343084
52.4123,19.0795,46.4286,0,100,95,77,1657,3504,2.27295,0,11.1796,2.95807,0,3404,89536423712
47.5751,21.0194,46.4286,0,100,95,77,1657,3504,2.27295,0,11.1796,2.95807,0,3404,89557444355
54.7879,18.2522,46.4286,0,100,95,77,1657,3504,2.27295,0,11.1796,2.95807,0,3404,89575709783
47.8969,20.8782,46.4286,0,100,95,77,1657,3504,2.27295,0,11.1796,2.95807,0,3404,89596576141
51.558,19.3956,46.4286,0,100,95,77,1657,3504,2.27295,0,11.1796,2.95807,0,3404,89615974244
49.4825,20.2092,46.4286,0,100,95,77,1657,3504,2.27295,0,11.1796,2.95807,0,3404,89636183479
47.474,21.0642,46.4286,0,100,95,77,1657,3504,2.27295,0,11.1796,2.95807,0,3404,89657254863
54.5938,18.3171,68.8442,0,99,88,78,1685,3504,2.275,0,11.1806,2.95807,0,3400,89675567431
47.5733,21.0202,68.8442,0,99,88,78,1685,3504,2.275,0,11.1806,2.95807,0,3400,89696590407
46.3642,21.5684,68.8442,0,99,88,78,1685,3504,2.275,0,11.1806,2.95807,0,3400,89718158683
55.1562,18.1303,68.8442,0,99,88,78,1685,3504,2.275,0,11.1806,2.95807,0,3400,89736289335
53.0373,18.8547,68.8442,0,99,88,78,1685,3504,2.275,0,11.1806,2.95807,0,3400,89755146295
40.2775,24.8277,68.8442,0,99,88,78,1685,3504,2.275,0,11.1806,2.95807,0,3400,89779975258
63.8617,15.6588,68.8442,0,99,88,78,1685,3504,2.275,0,11.1806,2.95807,0,3400,89795635709
22.7314,43.992,68.8442,0,99,88,78,1685,3504,2.275,0,11.1806,2.95807,0,3400,89839629085
40.6302,24.6122,68.8442,0,99,88,78,1685,3504,2.275,0,11.1806,2.95807,0,3400,89864242964
110.041,9.08752,68.8442,0,99,88,78,1685,3504,2.275,0,11.1806,2.95807,0,3400,89873330832
48.8349,20.4771,68.8442,0,99,88,78,1685,3504,2.275,0,11.1806,2.95807,0,3400,89893809361
49.9322,20.0272,68.8442,0,99,88,78,1685,3504,2.275,0,11.1806,2.95807,0,3400,89913837635
54.975,18.1901,68.8442,0,99,88,78,1685,3504,2.275,0,11.1806,2.95807,0,3400,89932029496
50.0486,19.9806,68.8442,0,99,88,78,1685,3504,2.275,0,11.1806,2.95807,0,3400,89952011444
46.5574,21.4789,68.8442,0,99,88,78,1685,3504,2.275,0,11.1806,2.95807,0,3400,89973491064
51.3278,19.4826,68.8442,0,99,88,78,1685,3504,2.275,0,11.1806,2.95807,0,3400,89992975189
44.3938,22.5257,68.8442,0,99,88,78,1685,3504,2.275,0,11.1806,2.95807,0,3400,90015502027
50.8166,19.6786,68.8442,0,99,88,78,1685,3504,2.275,0,11.1806,2.95807,0,3400,90035183945
52.3148,19.1151,68.8442,0,99,88,78,1685,3504,2.275,0,11.1806,2.95807,0,3400,90054299145
46.1885,21.6504,68.8442,0,99,88,78,1685,3504,2.275,0,11.1806,2.95807,0,3400,90075950569
53.1799,18.8041,68.8442,0,99,88,78,1685,3504,2.275,0,11.1806,2.95807,0,3400,90094756319
47.788,20.9258,68.8442,0,99,88,78,1685,3504,2.275,0,11.1806,2.95807,0,3400,90115683510
46.1932,21.6482,68.8442,0,99,88,78,1685,3504,2.275,0,11.1806,2.95807,0,3400,90137334218
56.7767,17.6129,68.8442,0,99,88,78,1685,3504,2.275,0,11.1806,2.95807,0,3400,90154948295
48.8437,20.4735,68.8442,0,99,88,78,1685,3504,2.275,0,11.1806,2.95807,0,3400,90175429930
43.771,22.8462,64.6914,0,99,88,78,1683,3504,2.27995,0,11.181,2.95807,0,3400,90198269570
52.6659,18.9876,64.6914,0,99,88,78,1683,3504,2.27995,0,11.181,2.95807,0,3400,90217259535
48.6266,20.5649,64.6914,0,99,88,78,1683,3504,2.27995,0,11.181,2.95807,0,3400,90237825923
49.882,20.0473,64.6914,0,99,88,78,1683,3504,2.27995,0,11.181,2.95807,0,3400,90257873725
48.83,20.4792,64.6914,0,99,88,78,1683,3504,2.27995,0,11.181,2.95807,0,3400,90278353932
49.8786,20.0487,64.6914,0,99,88,78,1683,3504,2.27995,0,11.181,2.95807,0,3400,90298404323
45.8394,21.8153,64.6914,0,99,88,78,1683,3504,2.27995,0,11.181,2.95807,0,3400,90320220535
52.5668,19.0234,64.6914,0,99,88,78,1683,3504,2.27995,0,11.181,2.95807,0,3400,90339247007
48.1283,20.7778,64.6914,0,99,88,78,1683,3504,2.27995,0,11.181,2.95807,0,3400,90360025938
48.674,20.5448,64.6914,0,99,88,78,1683,3504,2.27995,0,11.181,2.95807,0,3400,90380571927
45.477,21.9892,64.6914,0,99,88,78,1683,3504,2.27995,0,11.181,2.95807,0,3400,90402562089
54.2979,18.4169,64.6914,0,99,88,78,1683,3504,2.27995,0,11.181,2.95807,0,3400,90420980281
46.0003,21.739,64.6914,0,99,88,78,1683,3504,2.27995,0,11.181,2.95807,0,3400,90442720530
48.6782,20.5431,64.6914,0,99,88,78,1683,3504,2.27995,0,11.181,2.95807,0,3400,90463265714
50.8669,19.6592,64.6914,0,99,88,78,1683,3504,2.27995,0,11.181,2.95807,0,3400,90482926583
50.2799,19.8887,64.6914,0,99,88,78,1683,3504,2.27995,0,11.181,2.95807,0,3400,90502815980
40.4667,24.7117,64.6914,0,99,88,78,1683,3504,2.27995,0,11.181,2.95807,0,3400,90527547082
63.6151,15.7195,64.6914,0,99,88,78,1683,3504,2.27995,0,11.181,2.95807,0,3400,90543249007
44.7205,22.3611,64.6914,0,99,88,78,1683,3504,2.27995,0,11.181,2.95807,0,3400,90565613097
52.781,18.9462,64.6914,0,99,88,78,1683,3504,2.27995,0,11.181,2.95807,0,3400,90584560990
46.2727,21.611,64.6914,0,99,88,78,1683,3504,2.27995,0,11.181,2.95807,0,3400,90606171382
54.2549,18.4315,64.6914,0,99,88,78,1683,3504,2.27995,0,11.181,2.95807,0,3400,90624605099
47.0588,21.25,64.6914,0,99,88,78,1683,3504,2.27995,0,11.181,2.95807,0,3400,90645855916
49.2408,20.3084,64.6914,0,99,88,78,1683,3504,2.27995,0,11.181,2.95807,0,3400,90666166146
50.1534,19.9388,64.6914,0,99,88,78,1683,3504,2.27995,0,11.181,2.95807,0,3400,90686112937
48.4032,20.6598,65.5941,0,98,93,78,1683,3504,2.27348,0,11.1906,2.95807,0,3400,90706767841
49.4677,20.2152,65.5941,0,98,93,78,1683,3504,2.27348,0,11.1906,2.95807,0,3400,90726984077
52.6355,18.9986,65.5941,0,98,93,78,1683,3504,2.27348,0,11.1906,2.95807,0,3400,90745983906
42.495,23.5322,65.5941,0,98,93,78,1683,3504,2.27348,0,11.1906,2.95807,0,3400,90769517930
53.5586,18.6711,65.5941,0,98,93,78,1683,3504,2.27348,0,11.1906,2.95807,0,3400,90788189557
49.5987,20.1618,65.5941,0,98,93,78,1683,3504,2.27348,0,11.1906,2.95807,0,3400,90808352320
51.4101,19.4514,65.5941,0,98,93,78,1683,3504,2.27348,0,11.1906,2.95807,0,3400,90827805530
44.3784,22.5335,65.5941,0,98,93,78,1683,3504,2.27348,0,11.1906,2.95807,0,3400,90850340651
52.5279,19.0375,65.5941,0,98,93,78,1683,3504,2.27348,0,11.1906,2.95807,0,3400,90869380204
46.9563,21.2964,65.5941,0,98,93,78,1683,3504,2.27348,0,11.1906,2.95807,0,3400,90890676794
45.9193,21.7773,65.5941,0,98,93,78,1683,3504,2.27348,0,11.1906,2.95807,0,3400,90912473766
55.679,17.9601,65.5941,0,98,93,78,1683,3504,2.27348,0,11.1906,2.95807,0,3400,90930418179
48.7631,20.5073,65.5941,0,98,93,78,1683,3504,2.27348,0,11.1906,2.95807,0,3400,90950927737
54.0739,18.4932,65.5941,0,98,93,78,1683,3504,2.27348,0,11.1906,2.95807,0,3400,90969421627
44.8005,22.3212,65.5941,0,98,93,78,1683,3504,2.27348,0,11.1906,2.95807,0,3400,90991744924
48.9288,20.4378,65.5941,0,98,93,78,1683,3504,2.27348,0,11.1906,2.95807,0,3400,91012183479
49.3587,20.2599,65.5941,0,98,93,78,1683,3504,2.27348,0,11.1906,2.95807,0,3400,91032443148
48.4799,20.6271,65.5941,0,98,93,78,1683,3504,2.27348,0,11.1906,2.95807,0,3400,91053070956
53.3332,18.75,65.5941,0,98,93,78,1683,3504,2.27348,0,11.1906,2.95807,0,3400,91071822026
43.5756,22.9486,65.5941,0,98,93,78,1683,3504,2.27348,0,11.1906,2.95807,0,3400,91094772861
57.3569,17.4347,65.5941,0,98,93,78,1683,3504,2.27348,0,11.1906,2.95807,0,3400,91112208341
48.0356,20.8179,65.5941,0,98,93,78,1683,3504,2.27348,0,11.1906,2.95807,0,3400,91133027441
49.4701,20.2142,65.5941,0,98,93,78,1683,3504,2.27348,0,11.1906,2.95807,0,3400,91153243918
49.9954,20.0018,65.5941,0,98,93,78,1683,3504,2.27348,0,11.1906,2.95807,0,3400,91173246866
57.4813,17.397,65.5941,0,98,93,78,1683,3504,2.27348,0,11.1906,2.95807,0,3400,91190651297
42.4235,23.5719,64.8379,0,100,93,79,1683,3504,2.26881,0,11.1908,2.95807,0,3400,91214218497
48.7205,20.5252,64.8379,0,100,93,79,1683,3504,2.26881,0,11.1908,2.95807,0,3400,91234744634
46.6024,21.4581,64.8379,0,100,93,79,1683,3504,2.26881,0,11.1908,2.95807,0,3400,91256204920
48.3932,20.6641,64.8379,0,100,93,79,1683,3504,2.26881,0,11.1908,2.95807,0,3400,91276869550
44.5139,22.4649,64.8379,0,100,93,79,1683,3504,2.26881,0,11.1908,2.95807,0,3400,91299335978
63.0514,15.8601,64.8379,0,100,93,79,1683,3504,2.26881,0,11.1908,2.95807,0,3400,91315197199
45.5151,21.9707,64.8379,0,100,93,79,1683,3504,2.26881,0,11.1908,2.95807,0,3400,91337169204
54.9479,18.1991,64.8379,0,100,93,79,1683,3504,2.26881,0,11.1908,2.95807,0,3400,91355369354
46.5628,21.4764,64.8379,0,100,93,79,1683,3504,2.26881,0,11.1908,2.95807,0,3400,91376847622
46.1712,21.6585,64.8379,0,100,93,79,1683,3504,2.26881,0,11.1908,2.95807,0,3400,91398507034
49.5734,20.1721,64.8379,0,100,93,79,1683,3504,2.26881,0,11.1908,2.95807,0,3400,91419109561
43.745,22.8598,64.8379,0,100,93,79,1683,3504,2.26881,0,11.1908,2.95807,0,3400,91441971061
52.2987,19.1209,64.8379,0,100,93,79,1683,3504,2.26881,0,11.1908,2.95807,0,3400,91461093139
45.1843,22.1316,64.8379,0,100,93,79,1683,3504,2.26881,0,11.1908,2.95807,0,3400,91483226218
56.9574,17.557,64.8379,0,100,93,79,1683,3504,2.26881,0,11.1908,2.95807,0,3400,91500784744
46.3994,21.552,64.8379,0,100,93,79,1683,3504,2.26881,0,11.1908,2.95807,0,3400,91522350528
49.6328,20.148,64.8379,0,100,93,79,1683,3504,2.26881,0,11.1908,2.95807,0,3400,91542487351
50.3506,19.8607,64.8379,0,100,93,79,1683,3504,2.26881,0,11.1908,2.95807,0,3400,91562354539
56.4914,17.7018,64.8379,0,100,93,79,1683,3504,2.26881,0,11.1908,2.95807,0,3400,91580053407
39.2028,25.5084,64.8379,0,100,93,79,1683,3504,2.26881,0,11.1908,2.95807,0,3400,91605562773
49.5211,20.1934,64.8379,0,100,93,79,1683,3504,2.26881,0,11.1908,2.95807,0,3400,91625757749
50.204,19.9187,64.8379,0,100,93,79,1683,3504,2.26881,0,11.1908,2.95807,0,3400,91645677845
58.3311,17.1435,64.8379,0,100,93,79,1683,3504,2.26881,0,11.1908,2.95807,0,3400,91662822172
51.1937,19.5337,64.8379,0,100,93,79,1683,3504,2.26881,0,11.1908,2.95807,0,3400,91682358624
49.4014,20.2423,64.8379,0,100,93,79,1683,3504,2.26881,0,11.1908,2.95807,0,3400,91702604647
46.9822,21.2847,69.9005,0,100,89,79,1683,3504,2.26881,0,11.2065,2.95807,0,3400,91723886912
50.3912,19.8447,69.9005,0,100,89,79,1683,3504,2.26881,0,11.2065,2.95807,0,3400,91743732496
47.3998,21.0972,69.9005,0,100,89,79,1683,3504,2.26881,0,11.2065,2.95807,0,3400,91764830842
48.8738,20.4609,69.9005,0,100,89,79,1683,3504,2.26881,0,11.2065,2.95807,0,3400,91785292745
50.2772,19.8897,69.9005,0,100,89,79,1683,3504,2.26881,0,11.2065,2.95807,0,3400,91805184342
44.0551,22.6988,69.9005,0,100,89,79,1683,3504,2.26881,0,11.2065,2.95807,0,3400,91827883577
59.6085,16.7761,69.9005,0,100,89,79,1683,3504,2.26881,0,11.2065,2.95807,0,3400,91844660604
46.5952,21.4614,69.9005,0,100,89,79,1683,3504,2.26881,0,11.2065,2.95807,0,3400,91866123752
46.5202,21.496,69.9005,0,100,89,79,1683,3504,2.26881,0,11.2065,2.95807,0,3400,91887621281
43.1998,23.1483,69.9005,0,100,89,79,1683,3504,2.26881,0,11.2065,2.95807,0,3400,91910785000
54.939,18.202,69.9005,0,100,89,79,1683,3504,2.26881,0,11.2065,2.95807,0,3400,91928974485
47.9829,20.8407,69.9005,0,100,89,79,1683,3504,2.26881,0,11.2065,2.95807,0,3400,91949816609
27.266,36.6758,69.9005,0,100,89,79,1683,3504,2.26881,0,11.2065,2.95807,0,3400,91986495809
29.4744,33.9278,69.9005,0,100,89,79,1683,3504,2.26881,0,11.2065,2.95807,0,3400,92020425289
121.25,8.24744,69.9005,0,100,89,79,1683,3504,2.26881,0,11.2065,2.95807,0,3400,92028673497
32.6677,30.6113,69.9005,0,100,89,79,1683,3504,2.26881,0,11.2065,2.95807,0,3400,92059286256
45.6229,21.9188,69.9005,0,100,89,79,1683,3504,2.26881,0,11.2065,2.95807,0,3400,92081205910
75.2691,13.2857,69.9005,0,100,89,79,1683,3504,2.26881,0,11.2065,2.95807,0,3400,92094492482
48.8484,20.4715,69.9005,0,100,89,79,1683,3504,2.26881,0,11.2065,2.95807,0,3400,92114964552
66.7908,14.9721,69.9005,0,100,89,79,1683,3504,2.26881,0,11.2065,2.95807,0,3400,92129940534
47.3859,21.1033,69.9005,0,100,89,79,1683,3504,2.26881,0,11.2065,2.95807,0,3400,92151044309
48.9046,20.448,69.9005,0,100,89,79,1683,3504,2.26881,0,11.2065,2.95807,0,3400,92171493109
49.0702,20.379,69.9005,0,100,89,79,1683,3504,2.26881,0,11.2065,2.95807,0,3400,92191873253
47.7387,20.9474,69.9005,0,100,89,79,1683,3504,2.26881,0,11.2065,2.95807,0,3400,92212826052
52.9487,18.8862,76,0,100,89,79,1683,3504,2.26815,0,11.2234,2.95807,0,3402,92231711610
50.76,19.7005,76,0,100,89,79,1683,3504,2.26815,0,11.2234,2.95807,0,3402,92251411638
44.7769,22.333,76,0,100,89,79,1683,3504,2.26815,0,11.2234,2.95807,0,3402,92273744613
42.0468,23.783,76,0,100,89,79,1683,3504,2.26815,0,11.2234,2.95807,0,3402,92297528382
52.0742,19.2034,76,0,100,89,79,1683,3504,2.26815,0,11.2234,2.95807,0,3402,92316733420
49.0235,20.3984,76,0,100,89,79,1683,3504,2.26815,0,11.2234,2.95807,0,3402,92337132745
51.4162,19.4491,76,0,100,89,79,1683,3504,2.26815,0,11.2234,2.95807,0,3402,92356583843
49.1702,20.3375,76,0,100,89,79,1683,3504,2.26815,0,11.2234,2.95807,0,3402,92376923642
44.3305,22.5578,76,0,100,89,79,1683,3504,2.26815,0,11.2234,2.95807,0,3402,92399481946
53.6593,18.6361,76,0,100,89,79,1683,3504,2.26815,0,11.2234,2.95807,0,3402,92418119094
45.0773,22.1841,76,0,100,89,79,1683,3504,2.26815,0,11.2234,2.95807,0,3402,92440304051
46.7336,21.3979,76,0,100,89,79,1683,3504,2.26815,0,11.2234,2.95807,0,3402,92461703961
55.0461,18.1666,76,0,100,89,79,1683,3504,2.26815,0,11.2234,2.95807,0,3402,92479871976
47.782,20.9284,76,0,100,89,79,1683,3504,2.26815,0,11.2234,2.95807,0,3402,92500801969
45.8107,21.8289,76,0,100,89,79,1683,3504,2.26815,0,11.2234,2.95807,0,3402,92522632385
65.7059,15.2193,76,0,100,89,79,1683,3504,2.26815,0,11.2234,2.95807,0,3402,92537853857
40.3002,24.8138,76,0,100,89,79,1683,3504,2.26815,0,11.2234,2.95807,0,3402,92562667046
49.0079,20.4049,76,0,100,89,79,1683,3504,2.26815,0,11.2234,2.95807,0,3402,92583074687
53.1473,18.8156,76,0,100,89,79,1683,3504,2.26815,0,11.2234,2.95807,0,3402,92601890216
49.0776,20.3759,76,0,100,89,79,1683,3504,2.26815,0,11.2234,2.95807,0,3402,92622267113
47.23,21.173,76,0,100,89,79,1683,3504,2.26815,0,11.2234,2.95807,0,3402,92643442622
48.0765,20.8002,76,0,100,89,79,1683,3504,2.26815,0,11.2234,2.95807,0,3402,92664244195
47.4113,21.092,76,0,100,89,79,1683,3504,2.26815,0,11.2234,2.95807,0,3402,92685336412
45.7417,21.8619,76,0,100,89,79,1683,3504,2.26815,0,11.2234,2.95807,0,3402,92707198992
51.9585,19.2461,76,0,100,89,79,1683,3504,2.26815,0,11.2234,2.95807,0,3402,92726453959
59.7078,16.7482,74.5679,0,97,95,78,1683,3504,2.24137,0,11.1717,2.95807,0,3400,92743196482
44.9771,22.2335,74.5679,0,97,95,78,1683,3504,2.24137,0,11.1717,2.95807,0,3400,92765431443
52.9592,18.8825,74.5679,0,97,95,78,1683,3504,2.24137,0,11.1717,2.95807,0,3400,92784315002
57.4542,17.4052,74.5679,0,97,95,78,1683,3504,2.24137,0,11.1717,2.95807,0,3400,92801722571
39.1665,25.532,74.5679,0,97,95,78,1683,3504,2.24137,0,11.1717,2.95807,0,3400,92827254137
58.88,16.9837,74.5679,0,97,95,78,1683,3504,2.24137,0,11.1717,2.95807,0,3400,92844239544
47.5477,21.0315,74.5679,0,97,95,78,1683,3504,2.24137,0,11.1717,2.95807,0,3400,92865271783
56.7346,17.6259,74.5679,0,97,95,78,1683,3504,2.24137,0,11.1717,2.95807,0,3400,92882900253
52.3979,19.0847,74.5679,0,97,95,78,1683,3504,2.24137,0,11.1717,2.95807,0,3400,92901985752
46.9684,21.2909,74.5679,0,97,95,78,1683,3504,2.24137,0,11.1717,2.95807,0,3400,92923277594
42.8885,23.3163,74.5679,0,97,95,78,1683,3504,2.24137,0,11.1717,2.95807,0,3400,92946594698
53.5601,18.6706,74.5679,0,97,95,78,1683,3504,2.24137,0,11.1717,2.95807,0,3400,92965266295
51.9679,19.2427,74.5679,0,97,95,78,1683,3504,2.24137,0,11.1717,2.95807,0,3400,92984510646
49.8921,20.0433,74.5679,0,97,95,78,1683,3504,2.24137,0,11.1717,2.95807,0,3400,93004555262
43.8915,22.7835,74.5679,0,97,95,78,1683,3504,2.24137,0,11.1717,2.95807,0,3400,93027339112
58.9813,16.9545,74.5679,0,97,95,78,1683,3504,2.24137,0,11.1717,2.95807,0,3400,93044295459
44.7137,22.3645,74.5679,0,97,95,78,1683,3504,2.24137,0,11.1717,2.95807,0,3400,93066661342
43.83,22.8154,74.5679,0,97,95,78,1683,3504,2.24137,0,11.1717,2.95807,0,3400,93089476746
59.3907,16.8377,74.5679,0,97,95,78,1683,3504,2.24137,0,11.1717,2.95807,0,3400,93106315108
58.2365,17.1714,74.5679,0,97,95,78,1683,3504,2.24137,0,11.1717,2.95807,0,3400,93123487611
13.9042,71.9209,74.5679,0,97,95,78,1683,3504,2.24137,0,11.1717,2.95807,0,3400,93195409839
38.139,26.2199,74.5679,0,97,95,78,1683,3504,2.24137,0,11.1717,2.95807,0,3400,93221630796
158.268,6.31839,74.5679,0,97,95,78,1683,3504,2.24137,0,11.1717,2.95807,0,3400,93227954350
69.6827,14.3508,58.5,0,100,95,79,1683,3504,2.22848,0,11.1359,2.95807,0,1853,93242302933
58.3029,17.1518,58.5,0,100,95,79,1683,3504,2.22848,0,11.1359,2.95807,0,1853,93259455444
95.8675,10.4311,58.5,0,100,95,79,1683,3504,2.22848,0,11.1359,2.95807,0,1853,93269888004
65.756,15.2077,58.5,0,100,95,79,1683,3504,2.22848,0,11.1359,2.95807,0,1853,93285096557
88.0052,11.363,58.5,0,100,95,79,1683,3504,2.22848,0,11.1359,2.95807,0,1853,93296460637
67.4641,14.8227,58.5,0,100,95,79,1683,3504,2.22848,0,11.1359,2.95807,0,1853,93311283553
69.9736,14.2911,58.5,0,100,95,79,1683,3504,2.22848,0,11.1359,2.95807,0,1853,93325576913
74.0132,13.5111,58.5,0,100,95,79,1683,3504,2.22848,0,11.1359,2.95807,0,1853,93339089471
76.97,12.9921,58.5,0,100,95,79,1683,3504,2.22848,0,11.1359,2.95807,0,1853,93352105007
59.3139,16.8595,58.5,0,100,95,79,1683,3504,2.22848,0,11.1359,2.95807,0,1853,93368942250
64.9788,15.3896,58.5,0,100,95,79,1683,3504,2.22848,0,11.1359,2.95807,0,1853,93384333887
88.9488,11.2424,58.5,0,100,95,79,1683,3504,2.22848,0,11.1359,2.95807,0,1853,93395577650
78.695,12.7073,58.5,0,100,95,79,1683,3504,2.22848,0,11.1359,2.95807,0,1853,93408285936
61.7841,16.1854,58.5,0,100,95,79,1683,3504,2.22848,0,11.1359,2.95807,0,1853,93424473040
68.121,14.6798,58.5,0,100,95,79,1683,3504,2.22848,0,11.1359,2.95807,0,1853,93439153843
46.8579,21.3411,58.5,0,100,95,79,1683,3504,2.22848,0,11.1359,2.95807,0,1853,93460495483
81.7719,12.2291,58.5,0,100,95,79,1683,3504,2.22848,0,11.1359,2.95807,0,1853,93472726166
47.0568,21.2509,58.5,0,100,95,79,1683,3504,2.22848,0,11.1359,2.95807,0,1853,93493977484
73.425,13.6193,58.5,0,100,95,79,1683,3504,2.22848,0,11.1359,2.95807,0,1853,93507598577
29.1648,34.2879,58.5,0,100,95,79,1683,3504,2.22848,0,11.1359,2.95807,0,1853,93541908188
39.4007,25.3803,58.5,0,100,95,79,1683,3504,2.22848,0,11.1359,2.95807,0,1853,93567289708
145.141,6.88986,58.5,0,100,95,79,1683,3504,2.22848,0,11.1359,2.95807,0,1853,93574180788
72.1016,13.8693,58.5,0,100,95,79,1683,3504,2.22848,0,11.1359,2.95807,0,1853,93588050735
67.9124,14.7248,58.5,0,100,95,79,1683,3504,2.22848,0,11.1359,2.95807,0,1853,93602776911
67.6478,14.7824,58.5,0,100,95,79,1683,3504,2.22848,0,11.1359,2.95807,0,1853,93617560036
67.5688,14.7997,58.5,0,100,95,79,1683,3504,2.22848,0,11.1359,2.95807,0,1853,93632361249
65.4256,15.2845,58.5,0,100,95,79,1683,3504,2.22848,0,11.1359,2.95807,0,1853,93647646703
69.8802,14.3102,58.5,0,100,95,79,1683,3504,2.22848,0,11.1359,2.95807,0,1853,93661958908
59.2289,16.8837,58.5,0,100,95,79,1683,3504,2.22848,0,11.1359,2.95807,0,1853,93678843500
62.6943,15.9504,58.5,0,100,95,79,1683,3504,2.22848,0,11.1359,2.95807,0,1853,93694795121
50.5973,19.7639,58.5,0,100,95,79,1683,3504,2.22848,0,11.1359,2.95807,0,1853,93714560425
63.6351,15.7146,58.5,0,100,95,79,1683,3504,2.22848,0,11.1359,2.95807,0,1853,93730305614
62.2425,16.0662,69.4872,0,92,83,78,1564,3504,2.22515,0,11.1365,2.95807,0,1820,93746345246
71.1294,14.0589,69.4872,0,92,83,78,1564,3504,2.22515,0,11.1365,2.95807,0,1820,93760404465
58.9996,16.9493,69.4872,0,92,83,78,1564,3504,2.22515,0,11.1365,2.95807,0,1820,93777355136
68.2778,14.6461,69.4872,0,92,83,78,1564,3504,2.22515,0,11.1365,2.95807,0,1820,93792027360
59.051,16.9345,69.4872,0,92,83,78,1564,3504,2.22515,0,11.1365,2.95807,0,1820,93808938221
95.8325,10.4349,69.4872,0,92,83,78,1564,3504,2.22515,0,11.1365,2.95807,0,1820,93819449693
60.3276,16.5762,69.4872,0,92,83,78,1564,3504,2.22515,0,11.1365,2.95807,0,1820,93836027815
52.3612,19.0981,69.4872,0,92,83,78,1564,3504,2.22515,0,11.1365,2.95807,0,1820,93855126297
69.4222,14.4046,69.4872,0,92,83,78,1564,3504,2.22515,0,11.1365,2.95807,0,1820,93869533190
63.7465,15.6871,69.4872,0,92,83,78,1564,3504,2.22515,0,11.1365,2.95807,0,1820,93885242604
72.0269,13.8837,69.4872,0,92,83,78,1564,3504,2.22515,0,11.1365,2.95807,0,1820,93899127710
63.2657,15.8063,69.4872,0,92,83,78,1564,3504,2.22515,0,11.1365,2.95807,0,1820,93914934273
60.2299,16.6031,69.4872,0,92,83,78,1564,3504,2.22515,0,11.1365,2.95807,0,1820,93931538983
63.2718,15.8048,69.4872,0,92,83,78,1564,3504,2.22515,0,11.1365,2.95807,0,1820,93947345067
55.5158,18.0129,69.4872,0,92,83,78,1564,3504,2.22515,0,11.1365,2.95807,0,1820,93965358375
75.6381,13.2209,69.4872,0,92,83,78,1564,3504,2.22515,0,11.1365,2.95807,0,1820,93978580285
59.7438,16.7381,69.4872,0,92,83,78,1564,3504,2.22515,0,11.1365,2.95807,0,1820,93995341199
65.7327,15.2131,69.4872,0,92,83,78,1564,3504,2.22515,0,11.1365,2.95807,0,1820,94010555689
63.0507,15.8602,69.4872,0,92,83,78,1564,3504,2.22515,0,11.1365,2.95807,0,1820,94026416384
65.473,15.2735,69.4872,0,92,83,78,1564,3504,2.22515,0,11.1365,2.95807,0,1820,94041669607
63.6382,15.7138,69.4872,0,92,83,78,1564,3504,2.22515,0,11.1365,2.95807,0,1820,94057384071
55.0122,18.1778,69.4872,0,92,83,78,1564,3504,2.22515,0,11.1365,2.95807,0,1820,94075584872
82.9382,12.0572,69.4872,0,92,83,78,1564,3504,2.22515,0,11.1365,2.95807,0,1820,94087623409
46.4364,21.5348,69.4872,0,92,83,78,1564,3504,2.22515,0,11.1365,2.95807,0,1820,94109179292
105.395,9.48811,69.4872,0,92,83,78,1564,3504,2.22515,0,11.1365,2.95807,0,1820,94118647924
56.861,17.5868,69.4872,0,92,83,78,1564,3504,2.22515,0,11.1365,2.95807,0,1820,94136236025
66.3073,15.0813,69.4872,0,92,83,78,1564,3504,2.22515,0,11.1365,2.95807,0,1820,94151318117
61.1552,16.3518,69.4872,0,92,83,78,1564,3504,2.22515,0,11.1365,2.95807,0,1820,94167691510
67.7455,14.7611,69.4872,0,92,83,78,1564,3504,2.22515,0,11.1365,2.95807,0,1820,94182454815
61.2501,16.3265,69.4872,0,92,83,78,1564,3504,2.22515,0,11.1365,2.95807,0,1820,94198782468
45.2525,22.0982,69.4872,0,92,83,78,1564,3504,2.22515,0,11.1365,2.95807,0,1820,94220882421
105.882,9.44446,69.4872,0,92,83,78,1564,3504,2.22515,0,11.1365,2.95807,0,1820,94230329261
61.0691,16.3749,72.6804,0,92,83,78,1564,3504,2.22515,0,11.1599,2.95807,0,1757,94246724147
66.5464,15.0271,72.6804,0,92,83,78,1564,3504,2.22515,0,11.1599,2.95807,0,1757,94261753892
68.0262,14.7002,72.6804,0,92,83,78,1564,3504,2.22515,0,11.1599,2.95807,0,1757,94276454561
63.5711,15.7304,72.6804,0,92,83,78,1564,3504,2.22515,0,11.1599,2.95807,0,1757,94292207792
67.6317,14.786,72.6804,0,92,83,78,1564,3504,2.22515,0,11.1599,2.95807,0,1757,94306998084
64.2415,15.5663,72.6804,0,92,83,78,1564,3504,2.22515,0,11.1599,2.95807,0,1757,94322563908
65.9141,15.1713,72.6804,0,92,83,78,1564,3504,2.22515,0,11.1599,2.95807,0,1757,94337735868
60.9917,16.3957,72.6804,0,92,83,78,1564,3504,2.22515,0,11.1599,2.95807,0,1757,94354133209
73.4692,13.6111,72.6804,0,92,83,78,1564,3504,2.22515,0,11.1599,2.95807,0,1757,94367746264
60.2855,16.5877,72.6804,0,92,83,78,1564,3504,2.22515,0,11.1599,2.95807,0,1757,94384335439
56.4445,17.7165,72.6804,0,92,83,78,1564,3504,2.22515,0,11.1599,2.95807,0,1757,94402053276
78.0418,12.8136,72.6804,0,92,83,78,1564,3504,2.22515,0,11.1599,2.95807,0,1757,94414888334
59.1097,16.9177,72.6804,0,92,83,78,1564,3504,2.22515,0,11.1599,2.95807,0,1757,94431786167
70.2431,14.2363,72.6804,0,92,83,78,1564,3504,2.22515,0,11.1599,2.95807,0,1757,94446023703
52.1755,19.1661,72.6804,0,92,83,78,1564,3504,2.22515,0,11.1599,2.95807,0,1757,94465190737
91.7464,10.8996,72.6804,0,92,83,78,1564,3504,2.22515,0,11.1599,2.95807,0,1757,94476090891
71.2772,14.0297,72.6804,0,92,83,78,1564,3504,2.22515,0,11.1599,2.95807,0,1757,94490122446
55.992,17.8597,72.6804,0,92,83,78,1564,3504,2.22515,0,11.1599,2.95807,0,1757,94507984201
62.5636,15.9837,72.6804,0,92,83,78,1564,3504,2.22515,0,11.1599,2.95807,0,1757,94523968735
56.4262,17.7223,72.6804,0,92,83,78,1564,3504,2.22515,0,11.1599,2.95807,0,1757,94541713886
87.9761,11.3667,72.6804,0,92,83,78,1564,3504,2.22515,0,11.1599,2.95807,0,1757,94553080257
60.8894,16.4232,72.6804,0,92,83,78,1564,3504,2.22515,0,11.1599,2.95807,0,1757,94569505960
68.7803,14.5391,72.6804,0,92,83,78,1564,3504,2.22515,0,11.1599,2.95807,0,1757,94584067253
58.3839,17.128,72.6804,0,92,83,78,1564,3504,2.22515,0,11.1599,2.95807,0,1757,94601175285
67.3917,14.8386,72.6804,0,92,83,78,1564,3504,2.22515,0,11.1599,2.95807,0,1757,94616013782
54.3316,18.4055,72.6804,0,92,83,78,1564,3504,2.22515,0,11.1599,2.95807,0,1757,94634441430
65.0126,15.3816,72.6804,0,92,83,78,1564,3504,2.22515,0,11.1599,2.95807,0,1757,94649802165
62.683,15.9533,72.6804,0,92,83,78,1564,3504,2.22515,0,11.1599,2.95807,0,1757,94665757892
64.2342,15.568,72.6804,0,92,83,78,1564,3504,2.22515,0,11.1599,2.95807,0,1757,94681325807
59.7915,16.7248,72.6804,0,92,83,78,1564,3504,2.22515,0,11.1599,2.95807,0,1757,94698052874
60.9625,16.4035,72.6804,0,92,83,78,1564,3504,2.22515,0,11.1599,2.95807,0,1757,94714456126
67.0802,14.9075,72.6804,0,92,83,78,1564,3504,2.22515,0,11.1599,2.95807,0,1757,94729365278
60.5638,16.5115,72.6804,0,92,83,78,1564,3504,2.22515,0,11.1599,2.95807,0,1757,94745902460
55.9344,17.8781,69.797,0,99,83,75,1408,3504,2.21951,0,11.1603,2.95807,0,1754,94763757596
60.8214,16.4416,69.797,0,99,83,75,1408,3504,2.21951,0,11.1603,2.95807,0,1754,94780200049
66.6792,14.9972,69.797,0,99,83,75,1408,3504,2.21951,0,11.1603,2.95807,0,1754,94795198528
58.2774,17.1593,69.797,0,99,83,75,1408,3504,2.21951,0,11.1603,2.95807,0,1754,94812379780
52.5575,19.0268,69.797,0,99,83,75,1408,3504,2.21951,0,11.1603,2.95807,0,1754,94831429811
72.8653,13.724,69.797,0,99,83,75,1408,3504,2.21951,0,11.1603,2.95807,0,1754,94845154175
66.9919,14.9272,69.797,0,99,83,75,1408,3504,2.21951,0,11.1603,2.95807,0,1754,94860087350
56.6813,17.6425,69.797,0,99,83,75,1408,3504,2.21951,0,11.1603,2.95807,0,1754,94877728002
50.0537,19.9785,69.797,0,99,83,75,1408,3504,2.21951,0,11.1603,2.95807,0,1754,94897729280
48.4007,20.6609,69.797,0,99,83,75,1408,3504,2.21951,0,11.1603,2.95807,0,1754,94918369813
88.6177,11.2844,69.797,0,99,83,75,1408,3504,2.21951,0,11.1603,2.95807,0,1754,94929655291
74.962,13.3401,69.797,0,99,83,75,1408,3504,2.21951,0,11.1603,2.95807,0,1754,94942996628
54.0731,18.4935,69.797,0,99,83,75,1408,3504,2.21951,0,11.1603,2.95807,0,1754,94961491198
71.5556,13.9751,69.797,0,99,83,75,1408,3504,2.21951,0,11.1603,2.95807,0,1754,94975467928
55.797,17.9221,69.797,0,99,83,75,1408,3504,2.21951,0,11.1603,2.95807,0,1754,94993391736
67.5546,14.8028,69.797,0,99,83,75,1408,3504,2.21951,0,11.1603,2.95807,0,1754,95008195051
75.9893,13.1597,69.797,0,99,83,75,1408,3504,2.21951,0,11.1603,2.95807,0,1754,95021356301
64.5638,15.4886,69.797,0,99,83,75,1408,3504,2.21951,0,11.1603,2.95807,0,1754,95036845443
49.4282,20.2314,69.797,0,99,83,75,1408,3504,2.21951,0,11.1603,2.95807,0,1754,95057079211
68.9166,14.5103,69.797,0,99,83,75,1408,3504,2.21951,0,11.1603,2.95807,0,1754,95071610711
29.3194,34.1072,69.797,0,99,83,75,1408,3504,2.21951,0,11.1603,2.95807,0,1754,95105697689
420.989,2.37536,69.797,0,99,83,75,1408,3504,2.21951,0,11.1603,2.95807,0,1754,95108075410
34.3032,29.1518,69.797,0,99,83,75,1408,3504,2.21951,0,11.1603,2.95807,0,1754,95137228789
117.378,8.51948,69.797,0,99,83,75,1408,3504,2.21951,0,11.1603,2.95807,0,1754,95145770205
44.2956,22.5756,69.797,0,99,83,75,1408,3504,2.21951,0,11.1603,2.95807,0,1754,95168325150
69.6421,14.3591,69.797,0,99,83,75,1408,3504,2.21951,0,11.1603,2.95807,0,1754,95182685760
78.8328,12.6851,69.797,0,99,83,75,1408,3504,2.21951,0,11.1603,2.95807,0,1754,95195371514
46.4653,21.5214,69.797,0,99,83,75,1408,3504,2.21951,0,11.1603,2.95807,0,1754,95216914861
108.528,9.21419,69.797,0,99,83,75,1408,3504,2.21951,0,11.1603,2.95807,0,1754,95226132010
55.9162,17.8839,69.797,0,99,83,75,1408,3504,2.21951,0,11.1603,2.95807,0,1754,95244016126
59.8105,16.7195,69.797,0,99,83,75,1408,3504,2.21951,0,11.1603,2.95807,0,1754,95260762148
63.2341,15.8142,78.5714,0,100,83,75,1417,3504,2.21732,0,11.1753,2.95807,0,1761,95276552390
57.863,17.2822,78.5714,0,100,83,75,1417,3504,2.21732,0,11.1753,2.95807,0,1761,95293836403
57.2116,17.479,78.5714,0,100,83,75,1417,3504,2.21732,0,11.1753,2.95807,0,1761,95311315577
73.4643,13.6121,78.5714,0,100,83,75,1417,3504,2.21732,0,11.1753,2.95807,0,1761,95324951278
49.2941,20.2864,78.5714,0,100,83,75,1417,3504,2.21732,0,11.1753,2.95807,0,1761,95345237770
83.0702,12.038,78.5714,0,100,83,75,1417,3504,2.21732,0,11.1753,2.95807,0,1761,95357256148
58.0887,17.215,78.5714,0,100,83,75,1417,3504,2.21732,0,11.1753,2.95807,0,1761,95374472536
59.7975,16.7231,78.5714,0,100,83,75,1417,3504,2.21732,0,11.1753,2.95807,0,1761,95391197169
62.1275,16.0959,78.5714,0,100,83,75,1417,3504,2.21732,0,11.1753,2.95807,0,1761,95407294675
68.0016,14.7055,78.5714,0,100,83,75,1417,3504,2.21732,0,11.1753,2.95807,0,1761,95422023069
58.1982,17.1827,78.5714,0,100,83,75,1417,3504,2.21732,0,11.1753,2.95807,0,1761,95439185856
60.1427,16.6271,78.5714,0,100,83,75,1417,3504,2.21732,0,11.1753,2.95807,0,1761,95455813124
62.5034,15.9991,78.5714,0,100,83,75,1417,3504,2.21732,0,11.1753,2.95807,0,1761,95471835917
51.5266,19.4075,78.5714,0,100,83,75,1417,3504,2.21732,0,11.1753,2.95807,0,1761,95491221756
72.3974,13.8127,78.5714,0,100,83,75,1417,3504,2.21732,0,11.1753,2.95807,0,1761,95505056530
53.0783,18.8401,78.5714,0,100,83,75,1417,3504,2.21732,0,11.1753,2.95807,0,1761,95523876987
71.0888,14.0669,78.5714,0,100,83,75,1417,3504,2.21732,0,11.1753,2.95807,0,1761,95537944430
53.2756,18.7703,78.5714,0,100,83,75,1417,3504,2.21732,0,11.1753,2.95807,0,1761,95556717044
57.0211,17.5374,78.5714,0,100,83,75,1417,3504,2.21732,0,11.1753,2.95807,0,1761,95574254943
86.0572,11.6202,78.5714,0,100,83,75,1417,3504,2.21732,0,11.1753,2.95807,0,1761,95585877784
37.4143,26.7278,78.5714,0,100,83,75,1417,3504,2.21732,0,11.1753,2.95807,0,1761,95612626532
99.6995,10.0301,78.5714,0,100,83,75,1417,3504,2.21732,0,11.1753,2.95807,0,1761,95622657712
40.0887,24.9447,78.5714,0,100,83,75,1417,3504,2.21732,0,11.1753,2.95807,0,1761,95647625045
136.473,7.32746,78.5714,0,100,83,75,1417,3504,2.21732,0,11.1753,2.95807,0,1761,95654931932
52.4552,19.0639,78.5714,0,100,83,75,1417,3504,2.21732,0,11.1753,2.95807,0,1761,95674018921
65.5949,15.2451,78.5714,0,100,83,75,1417,3504,2.21732,0,11.1753,2.95807,0,1761,95689264977
46.6812,21.4219,78.5714,0,100,83,75,1417,3504,2.21732,0,11.1753,2.95807,0,1761,95710686786
112.086,8.92175,78.5714,0,100,83,75,1417,3504,2.21732,0,11.1753,2.95807,0,1761,95719609883
50.3665,19.8545,78.5714,0,100,83,75,1417,3504,2.21732,0,11.1753,2.95807,0,1761,95739465571
66.0104,15.1491,78.5714,0,100,83,75,1417,3504,2.21732,0,11.1753,2.95807,0,1761,95754616628
46.0554,21.713,78.5714,0,100,83,75,1417,3504,2.21732,0,11.1753,2.95807,0,1761,95776359179
93.175,10.7325,70.7196,0,98,84,74,1417,3504,2.21613,0,11.1757,2.95807,0,1751,95787065060
56.5499,17.6835,70.7196,0,98,84,74,1417,3504,2.21613,0,11.1757,2.95807,0,1751,95804749256
68.3817,14.6238,70.7196,0,98,84,74,1417,3504,2.21613,0,11.1757,2.95807,0,1751,95819395679
46.3801,21.561,70.7196,0,98,84,74,1417,3504,2.21613,0,11.1757,2.95807,0,1751,95840957636
66.3645,15.0683,70.7196,0,98,84,74,1417,3504,2.21613,0,11.1757,2.95807,0,1751,95856050175
72.1747,13.8553,70.7196,0,98,84,74,1417,3504,2.21613,0,11.1757,2.95807,0,1751,95869906355
66.3553,15.0704,70.7196,0,98,84,74,1417,3504,2.21613,0,11.1757,2.95807,0,1751,95884998856
56.7175,17.6312,70.7196,0,98,84,74,1417,3504,2.21613,0,11.1757,2.95807,0,1751,95902609161
47.7724,20.9326,70.7196,0,98,84,74,1417,3504,2.21613,0,11.1757,2.95807,0,1751,95923543699
50.5031,19.8008,70.7196,0,98,84,74,1417,3504,2.21613,0,11.1757,2.95807,0,1751,95943346533
47.3013,21.1411,70.7196,0,98,84,74,1417,3504,2.21613,0,11.1757,2.95807,0,1751,95964488090
67.3357,14.851,70.7196,0,98,84,74,1417,3504,2.21613,0,11.1757,2.95807,0,1751,95979362236
50.7881,19.6896,70.7196,0,98,84,74,1417,3504,2.21613,0,11.1757,2.95807,0,1751,95999031717
60.6047,16.5004,70.7196,0,98,84,74,1417,3504,2.21613,0,11.1757,2.95807,0,1751,96015533094
152.968,6.53732,70.7196,0,98,84,74,1417,3504,2.21613,0,11.1757,2.95807,0,1751,96022070651
51.0787,19.5776,70.7196,0,98,84,74,1417,3504,2.21613,0,11.1757,2.95807,0,1751,96041650443
49.4905,20.2059,70.7196,0,98,84,74,1417,3504,2.21613,0,11.1757,2.95807,0,1751,96061857959
29.5465,33.845,70.7196,0,98,84,74,1417,3504,2.21613,0,11.1757,2.95807,0,1751,96095704812
30.219,33.0917,70.7196,0,98,84,74,1417,3504,2.21613,0,11.1757,2.95807,0,1751,96128797026
43.3115,23.0886,70.7196,0,98,84,74,1417,3504,2.21613,0,11.1757,2.95807,0,1751,96151907896
42.0802,23.7642,70.7196,0,98,84,74,1417,3504,2.21613,0,11.1757,2.95807,0,1751,96175672751
71.6188,13.9628,70.7196,0,98,84,74,1417,3504,2.21613,0,11.1757,2.95807,0,1751,96189616938
31.1795,32.0724,70.7196,0,98,84,74,1417,3504,2.21613,0,11.1757,2.95807,0,1751,96221689562
50.4948,19.804,70.7196,0,98,84,74,1417,3504,2.21613,0,11.1757,2.95807,0,1751,96241515212
59.4133,16.8313,70.7196,0,98,84,74,1417,3504,2.21613,0,11.1757,2.95807,0,1751,96258330012
45.3093,22.0705,70.7196,0,98,84,74,1417,3504,2.21613,0,11.1757,2.95807,0,1751,96280403604
55.3173,18.0775,74.321,0,98,84,74,1417,3504,2.21613,0,11.1907,2.95807,0,1820,96298477484
43.5483,22.963,74.321,0,98,84,74,1417,3504,2.21613,0,11.1907,2.95807,0,1820,96321442620
56.6326,17.6577,74.321,0,98,84,74,1417,3504,2.21613,0,11.1907,2.95807,0,1820,96339121800
70.462,14.192,74.321,0,98,84,74,1417,3504,2.21613,0,11.1907,2.95807,0,1820,96353296357
57.7601,17.313,74.321,0,98,84,74,1417,3504,2.21613,0,11.1907,2.95807,0,1820,96370609438
45.3534,22.0491,74.321,0,98,84,74,1417,3504,2.21613,0,11.1907,2.95807,0,1820,96392657806
49.7005,20.1205,74.321,0,98,84,74,1417,3504,2.21613,0,11.1907,2.95807,0,1820,96412800852
24.9591,40.0656,74.321,0,98,84,74,1417,3504,2.21613,0,11.1907,2.95807,0,1820,96452846724
126.466,7.90727,74.321,0,98,84,74,1417,3504,2.21613,0,11.1907,2.95807,0,1820,96460777029
45.4295,22.0121,74.321,0,98,84,74,1417,3504,2.21613,0,11.1907,2.95807,0,1820,96482771055
116.206,8.60543,74.321,0,98,84,74,1417,3504,2.21613,0,11.1907,2.95807,0,1820,96491402810
52.3464,19.1035,74.321,0,98,84,74,1417,3504,2.21613,0,11.1907,2.95807,0,1820,96510503310
59.0665,16.9301,74.321,0,98,84,74,1417,3504,2.21613,0,11.1907,2.95807,0,1820,96527413050
50.6846,19.7298,74.321,0,98,84,74,1417,3504,2.21613,0,11.1907,2.95807,0,1820,96547143398
54.7256,18.273,74.321,0,98,84,74,1417,3504,2.21613,0,11.1907,2.95807,0,1820,96565417855
42.7244,23.4058,74.321,0,98,84,74,1417,3504,2.21613,0,11.1907,2.95807,0,1820,96588824947
62.0296,16.1213,74.321,0,98,84,74,1417,3504,2.21613,0,11.1907,2.95807,0,1820,96604949368
30.3468,32.9524,74.321,0,98,84,74,1417,3504,2.21613,0,11.1907,2.95807,0,1820,96637902600
147.653,6.77261,74.321,0,98,84,74,1417,3504,2.21613,0,11.1907,2.95807,0,1820,96644675893
58.7287,17.0274,74.321,0,98,84,74,1417,3504,2.21613,0,11.1907,2.95807,0,1820,96661704082
51.1769,19.5401,74.321,0,98,84,74,1417,3504,2.21613,0,11.1907,2.95807,0,1820,96681248633
67.7431,14.7616,74.321,0,98,84,74,1417,3504,2.21613,0,11.1907,2.95807,0,1820,96696030465
35.5858,28.1011,74.321,0,98,84,74,1417,3504,2.21613,0,11.1907,2.95807,0,1820,96724112385
57.9969,17.2423,74.321,0,98,84,74,1417,3504,2.21613,0,11.1907,2.95807,0,1820,96741356793
42.1079,23.7485,74.321,0,98,84,74,1417,3504,2.21613,0,11.1907,2.95807,0,1820,96765106213
137.486,7.27348,74.321,0,98,84,74,1417,3504,2.21613,0,11.1907,2.95807,0,1820,96772380668
63.4487,15.7608,74.321,0,98,84,74,1417,3504,2.21613,0,11.1907,2.95807,0,1820,96788143229
30.0246,33.306,75.3149,0,89,85,74,1453,3504,2.21302,0,11.1877,2.95807,0,1820,96821448507
46.4356,21.5352,75.3149,0,89,85,74,1453,3504,2.21302,0,11.1877,2.95807,0,1820,96842986647
58.8658,16.9878,75.3149,0,89,85,74,1453,3504,2.21302,0,11.1877,2.95807,0,1820,96859975620
30.4584,32.8316,75.3149,0,89,85,74,1453,3504,2.21302,0,11.1877,2.95807,0,1820,96892807437
79.8772,12.5192,75.3149,0,89,85,74,1453,3504,2.21302,0,11.1877,2.95807,0,1820,96905327238
39.6497,25.2209,75.3149,0,89,85,74,1453,3504,2.21302,0,11.1877,2.95807,0,1820,96930550002
23.183,43.135,75.3149,0,89,85,74,1453,3504,2.21302,0,11.1877,2.95807,0,1820,96973707582
76.2483,13.1151,75.3149,0,89,85,74,1453,3504,2.21302,0,11.1877,2.95807,0,1820,96986802155
35.3426,28.2944,75.3149,0,89,85,74,1453,3504,2.21302,0,11.1877,2.95807,0,1820,97015098434
22.9798,43.5165,75.3149,0,89,85,74,1453,3504,2.21302,0,11.1877,2.95807,0,1820,97058617246
46.8091,21.3634,75.3149,0,89,85,74,1453,3504,2.21302,0,11.1877,2.95807,0,1820,97079981163
48.0272,20.8215,75.3149,0,89,85,74,1453,3504,2.21302,0,11.1877,2.95807,0,1820,97100802503
42.7827,23.3739,75.3149,0,89,85,74,1453,3504,2.21302,0,11.1877,2.95807,0,1820,97124212321
56.111,17.8218,75.3149,0,89,85,74,1453,3504,2.21302,0,11.1877,2.95807,0,1820,97142013984
56.8459,17.5914,75.3149,0,89,85,74,1453,3504,2.21302,0,11.1877,2.95807,0,1820,97159606520
64.4166,15.5239,75.3149,0,89,85,74,1453,3504,2.21302,0,11.1877,2.95807,0,1820,97175132838
43.7177,22.874,75.3149,0,89,85,74,1453,3504,2.21302,0,11.1877,2.95807,0,1820,97198027500
58.9147,16.9737,75.3149,0,89,85,74,1453,3504,2.21302,0,11.1877,2.95807,0,1820,97214981323
55.7501,17.9372,75.3149,0,89,85,74,1453,3504,2.21302,0,11.1877,2.95807,0,1820,97232920332
50.726,19.7137,75.3149,0,89,85,74,1453,3504,2.21302,0,11.1877,2.95807,0,1820,97252635071
53.1385,18.8188,75.3149,0,89,85,74,1453,3504,2.21302,0,11.1877,2.95807,0,1820,97271479447
60.0744,16.646,75.3149,0,89,85,74,1453,3504,2.21302,0,11.1877,2.95807,0,1820,97288125927
38.7038,25.8373,75.3149,0,89,85,74,1453,3504,2.21302,0,11.1877,2.95807,0,1820,97313971702
35.6835,28.0242,75.7281,0,78,85,74,1477,3504,2.21045,0,11.1941,2.95807,0,1756,97342012115
40.2663,24.8346,75.7281,0,78,85,74,1477,3504,2.21045,0,11.1941,2.95807,0,1756,97366826718
76.1746,13.1277,75.7281,0,78,85,74,1477,3504,2.21045,0,11.1941,2.95807,0,1756,97379976204
89.2675,11.2023,75.7281,0,78,85,74,1477,3504,2.21045,0,11.1941,2.95807,0,1756,97391159112
53.9075,18.5503,75.7281,0,78,85,74,1477,3504,2.21045,0,11.1941,2.95807,0,1756,97409710287
64.6512,15.4676,75.7281,0,78,85,74,1477,3504,2.21045,0,11.1941,2.95807,0,1756,97425178828
25.5248,39.1776,75.7281,0,78,85,74,1477,3504,2.21045,0,11.1941,2.95807,0,1756,97464358772
46.8883,21.3273,75.7281,0,78,85,74,1477,3504,2.21045,0,11.1941,2.95807,0,1756,97485687509
53.1622,18.8103,75.7281,0,78,85,74,1477,3504,2.21045,0,11.1941,2.95807,0,1756,97504499632
67.3929,14.8384,75.7281,0,78,85,74,1477,3504,2.21045,0,11.1941,2.95807,0,1756,97519340651
71.6238,13.9618,75.7281,0,78,85,74,1477,3504,2.21045,0,11.1941,2.95807,0,1756,97533302939
45.6646,21.8988,75.7281,0,78,85,74,1477,3504,2.21045,0,11.1941,2.95807,0,1756,97555223773
61.5539,16.2459,75.7281,0,78,85,74,1477,3504,2.21045,0,11.1941,2.95807,0,1756,97571449968
57.5582,17.3737,75.7281,0,78,85,74,1477,3504,2.21045,0,11.1941,2.95807,0,1756,97588844944
53.2918,18.7646,75.7281,0,78,85,74,1477,3504,2.21045,0,11.1941,2.95807,0,1756,97607590206
65.4956,15.2682,75.7281,0,78,85,74,1477,3504,2.21045,0,11.1941,2.95807,0,1756,97622859449
61.1295,16.3587,75.7281,0,78,85,74,1477,3504,2.21045,0,11.1941,2.95807,0,1756,97639220548
49.9191,20.0324,75.7281,0,78,85,74,1477,3504,2.21045,0,11.1941,2.95807,0,1756,97659254282
56.1034,17.8242,75.7281,0,78,85,74,1477,3504,2.21045,0,11.1941,2.95807,0,1756,97677078336
60.2252,16.6043,75.7281,0,78,85,74,1477,3504,2.21045,0,11.1941,2.95807,0,1756,97693684507
45.2951,22.0774,75.7281,0,78,85,74,1477,3504,2.21045,0,11.1941,2.95807,0,1756,97715763413
52.1704,19.168,75.7281,0,78,85,74,1477,3504,2.21045,0,11.1941,2.95807,0,1756,97734932476
64.674,15.4622,75.7281,0,78,85,74,1477,3504,2.21045,0,11.1941,2.95807,0,1756,97750397135
29.5057,33.8917,75.7281,0,78,85,74,1477,3504,2.21045,0,11.1941,2.95807,0,1756,97784289618
63.3586,15.7832,75.7281,0,78,85,74,1477,3504,2.21045,0,11.1941,2.95807,0,1756,97800075311
41.5949,24.0414,75.7281,0,78,85,74,1477,3504,2.21045,0,11.1941,2.95807,0,1756,97824120263
61.0256,16.3866,77.8895,0,78,83,74,1477,3504,2.21045,0,11.1934,2.95807,0,1817,97840524903
65.4294,15.2837,77.8895,0,78,83,74,1477,3504,2.21045,0,11.1934,2.95807,0,1817,97855788261
74.521,13.419,77.8895,0,78,83,74,1477,3504,2.21045,0,11.1934,2.95807,0,1817,97869209476
61.212,16.3367,77.8895,0,78,83,74,1477,3504,2.21045,0,11.1934,2.95807,0,1817,97885548709
58.4648,17.1043,77.8895,0,78,83,74,1477,3504,2.21045,0,11.1934,2.95807,0,1817,97902653338
53.1352,18.8199,77.8895,0,78,83,74,1477,3504,2.21045,0,11.1934,2.95807,0,1817,97921473384
53.1534,18.8135,77.8895,0,78,83,74,1477,3504,2.21045,0,11.1934,2.95807,0,1817,97940288137
67.0266,14.9195,77.8895,0,78,83,74,1477,3504,2.21045,0,11.1934,2.95807,0,1817,97955209890
59.0672,16.9299,77.8895,0,78,83,74,1477,3504,2.21045,0,11.1934,2.95807,0,1817,97972162592
42.6198,23.4633,77.8895,0,78,83,74,1477,3504,2.21045,0,11.1934,2.95807,0,1817,97995627397
23.7539,42.0983,77.8895,0,78,83,74,1477,3504,2.21045,0,11.1934,2.95807,0,1817,98037727798
107.554,9.29766,77.8895,0,78,83,74,1477,3504,2.21045,0,11.1934,2.95807,0,1817,98047026789
64.5727,15.4864,77.8895,0,78,83,74,1477,3504,2.21045,0,11.1934,2.95807,0,1817,98062513338
48.0191,20.825,77.8895,0,78,83,74,1477,3504,2.21045,0,11.1934,2.95807,0,1817,98083340962
56.6023,17.6671,77.8895,0,78,83,74,1477,3504,2.21045,0,11.1934,2.95807,0,1817,98101031615
64.6851,15.4595,77.8895,0,78,83,74,1477,3504,2.21045,0,11.1934,2.95807,0,1817,98116490884
40.4448,24.7251,77.8895,0,78,83,74,1477,3504,2.21045,0,11.1934,2.95807,0,1817,98141195893
67.6383,14.7845,77.8895,0,78,83,74,1477,3504,2.21045,0,11.1934,2.95807,0,1817,98155981784
43.4068,23.0379,77.8895,0,78,83,74,1477,3504,2.21045,0,11.1934,2.95807,0,1817,98179021704
70.2896,14.2268,77.8895,0,78,83,74,1477,3504,2.21045,0,11.1934,2.95807,0,1817,98193248797
54.5651,18.3267,77.8895,0,78,83,74,1477,3504,2.21045,0,11.1934,2.95807,0,1817,98211577307
52.6582,18.9904,77.8895,0,78,83,74,1477,3504,2.21045,0,11.1934,2.95807,0,1817,98230569846
26.9261,37.1387,77.8895,0,78,83,74,1477,3504,2.21045,0,11.1934,2.95807,0,1817,98267709951
39.9682,25.0199,77.8895,0,78,83,74,1477,3504,2.21045,0,11.1934,2.95807,0,1817,98292731606
50.2766,19.89,77.8895,0,78,83,74,1477,3504,2.21045,0,11.1934,2.95807,0,1817,98312621847
69.6278,14.3621,77.8895,0,78,83,74,1477,3504,2.21045,0,11.1934,2.95807,0,1817,98327047725
45.1145,22.1658,84.5178,0,81,83,74,1444,3504,2.20943,0,11.2138,2.95807,0,1789,98349183340
51.4654,19.4305,84.5178,0,81,83,74,1444,3504,2.20943,0,11.2138,2.95807,0,1789,98368636580
50.7307,19.7119,84.5178,0,81,83,74,1444,3504,2.20943,0,11.2138,2.95807,0,1789,98388350402
57.0988,17.5135,84.5178,0,81,83,74,1444,3504,2.20943,0,11.2138,2.95807,0,1789,98405886586
106.031,9.43118,84.5178,0,81,83,74,1444,3504,2.20943,0,11.2138,2.95807,0,1789,98415297276
50.5999,19.7629,84.5178,0,81,83,74,1444,3504,2.20943,0,11.2138,2.95807,0,1789,98435063487
23.3513,42.8242,84.5178,0,81,83,74,1444,3504,2.20943,0,11.2138,2.95807,0,1789,98477887831
73.1859,13.6638,84.5178,0,81,83,74,1444,3504,2.20943,0,11.2138,2.95807,0,1789,98491553643
59.3452,16.8506,84.5178,0,81,83,74,1444,3504,2.20943,0,11.2138,2.95807,0,1789,98508404209
55.1658,18.1272,84.5178,0,81,83,74,1444,3504,2.20943,0,11.2138,2.95807,0,1789,98526554451
51.2006,19.531,84.5178,0,81,83,74,1444,3504,2.20943,0,11.2138,2.95807,0,1789,98546065550
38.6343,25.8837,84.5178,0,81,83,74,1444,3504,2.20943,0,11.2138,2.95807,0,1789,98571952101
44.2402,22.6039,84.5178,0,81,83,74,1444,3504,2.20943,0,11.2138,2.95807,0,1789,98594556876
53.8011,18.587,84.5178,0,81,83,74,1444,3504,2.20943,0,11.2138,2.95807,0,1789,98613145036
57.8632,17.2821,84.5178,0,81,83,74,1444,3504,2.20943,0,11.2138,2.95807,0,1789,98630428368
43.3251,23.0813,84.5178,0,81,83,74,1444,3504,2.20943,0,11.2138,2.95807,0,1789,98653512142
49.765,20.0944,84.5178,0,81,83,74,1444,3504,2.20943,0,11.2138,2.95807,0,1789,98673609184
48.0716,20.8023,84.5178,0,81,83,74,1444,3504,2.20943,0,11.2138,2.95807,0,1789,98694411143
107.257,9.32344,84.5178,0,81,83,74,1444,3504,2.20943,0,11.2138,2.95807,0,1789,98703735905
40.9218,24.4369,84.5178,0,81,83,74,1444,3504,2.20943,0,11.2138,2.95807,0,1789,98728195403
51.6263,19.37,84.5178,0,81,83,74,1444,3504,2.20943,0,11.2138,2.95807,0,1789,98747567298
55.9872,17.8612,84.5178,0,81,83,74,1444,3504,2.20943,0,11.2138,2.95807,0,1789,98765430583
76.6539,13.0456,84.5178,0,81,83,74,1444,3504,2.20943,0,11.2138,2.95807,0,1789,98778499954
33.336,29.9976,84.5178,0,81,83,74,1444,3504,2.20943,0,11.2138,2.95807,0,1789,98808497553
54.1219,18.4768,84.5178,0,81,83,74,1444,3504,2.20943,0,11.2138,2.95807,0,1789,98826954777
55.6416,17.9722,84.5178,0,81,83,74,1444,3504,2.20943,0,11.2138,2.95807,0,1789,98844951931
75.8145,13.1901,83.7037,0,81,85,74,1444,3504,2.20943,0,11.2175,2.95807,0,1785,98858118361
69.1236,14.4668,83.7037,0,81,85,74,1444,3504,2.20943,0,11.2175,2.95807,0,1785,98872586854
70.3612,14.2124,83.7037,0,81,85,74,1444,3504,2.20943,0,11.2175,2.95807,0,1785,98886800705
37.3458,26.7768,83.7037,0,81,85,74,1444,3504,2.20943,0,11.2175,2.95807,0,1785,98913578455
51.0653,19.5828,83.7037,0,81,85,74,1444,3504,2.20943,0,11.2175,2.95807,0,1785,98933162446
70.8717,14.11,83.7037,0,81,85,74,1444,3504,2.20943,0,11.2175,2.95807,0,1785,98947272197
26.7697,37.3556,83.7037,0,81,85,74,1444,3504,2.20943,0,11.2175,2.95807,0,1785,98984651107
156.1,6.40614,83.7037,0,81,85,74,1444,3504,2.20943,0,11.2175,2.95807,0,1785,98991038763
52.4576,19.063,83.7037,0,81,85,74,1444,3504,2.20943,0,11.2175,2.95807,0,1785,99010131153
55.9751,17.8651,83.7037,0,81,85,74,1444,3504,2.20943,0,11.2175,2.95807,0,1785,99027968571
59.5417,16.795,83.7037,0,81,85,74,1444,3504,2.20943,0,11.2175,2.95807,0,1785,99044765257
59.4291,16.8268,83.7037,0,81,85,74,1444,3504,2.20943,0,11.2175,2.95807,0,1785,99061593025
74.8871,13.3534,83.7037,0,81,85,74,1444,3504,2.20943,0,11.2175,2.95807,0,1785,99074948765
51.8319,19.2931,83.7037,0,81,85,74,1444,3504,2.20943,0,11.2175,2.95807,0,1785,99094242849
81.3634,12.2905,83.7037,0,81,85,74,1444,3504,2.20943,0,11.2175,2.95807,0,1785,99106535922
55.0235,18.1741,83.7037,0,81,85,74,1444,3504,2.20943,0,11.2175,2.95807,0,1785,99124731746
66.3039,15.0821,83.7037,0,81,85,74,1444,3504,2.20943,0,11.2175,2.95807,0,1785,99139793077
59.9895,16.6696,83.7037,0,81,85,74,1444,3504,2.20943,0,11.2175,2.95807,0,1785,99156464178
17.9173,55.8119,83.7037,0,81,85,74,1444,3504,2.20943,0,11.2175,2.95807,0,1785,99212278260
77.9564,12.8277,83.7037,0,81,85,74,1444,3504,2.20943,0,11.2175,2.95807,0,1785,99225105457
36.0908,27.7079,83.7037,0,81,85,74,1444,3504,2.20943,0,11.2175,2.95807,0,1785,99252813777
52.1766,19.1657,83.7037,0,81,85,74,1444,3504,2.20943,0,11.2175,2.95807,0,1785,99271982401
47.1903,21.1908,83.7037,0,81,85,74,1444,3504,2.20943,0,11.2175,2.95807,0,1785,99293174543
38.5898,25.9136,83.7037,0,81,85,74,1444,3504,2.20943,0,11.2175,2.95807,0,1785,99319089135
29.9807,33.3548,83.7037,0,81,85,74,1444,3504,2.20943,0,11.2175,2.95807,0,1785,99352484478
41.5164,24.0869,73.1646,0,82,85,74,1461,3504,2.20978,0,11.216,2.95807,0,1741,99376555491
45.6657,21.8983,73.1646,0,82,85,74,1461,3504,2.20978,0,11.216,2.95807,0,1741,99398432419
67.2546,14.8689,73.1646,0,82,85,74,1461,3504,2.20978,0,11.216,2.95807,0,1741,99413328767
49.4553,20.2203,73.1646,0,82,85,74,1461,3504,2.20978,0,11.216,2.95807,0,1741,99433550168
54.5392,18.3354,73.1646,0,82,85,74,1461,3504,2.20978,0,11.216,2.95807,0,1741,99451887243
34.7192,28.8025,73.1646,0,82,85,74,1461,3504,2.20978,0,11.216,2.95807,0,1741,99480690799
119.178,8.3908,73.1646,0,82,85,74,1461,3504,2.20978,0,11.216,2.95807,0,1741,99489082331
60.4923,16.531,73.1646,0,82,85,74,1461,3504,2.20978,0,11.216,2.95807,0,1741,99505635557
52.6693,18.9864,73.1646,0,82,85,74,1461,3504,2.20978,0,11.216,2.95807,0,1741,99524624260
48.0049,20.8312,73.1646,0,82,85,74,1461,3504,2.20978,0,11.216,2.95807,0,1741,99545456879
61.7417,16.1965,73.1646,0,82,85,74,1461,3504,2.20978,0,11.216,2.95807,0,1741,99561675514
40.3787,24.7655,73.1646,0,82,85,74,1461,3504,2.20978,0,11.216,2.95807,0,1741,99586422129
61.7988,16.1815,73.1646,0,82,85,74,1461,3504,2.20978,0,11.216,2.95807,0,1741,99602626212
46.0243,21.7276,73.1646,0,82,85,74,1461,3504,2.20978,0,11.216,2.95807,0,1741,99624355093
58.8016,17.0063,73.1646,0,82,85,74,1461,3504,2.20978,0,11.216,2.95807,0,1741,99641362484
49.1132,20.3611,73.1646,0,82,85,74,1461,3504,2.20978,0,11.216,2.95807,0,1741,99661724497
67.1105,14.9008,73.1646,0,82,85,74,1461,3504,2.20978,0,11.216,2.95807,0,1741,99676626093
38.9436,25.6781,73.1646,0,82,85,74,1461,3504,2.20978,0,11.216,2.95807,0,1741,99702306235
43.1434,23.1785,73.1646,0,82,85,74,1461,3504,2.20978,0,11.216,2.95807,0,1741,99725507641
63.5809,15.728,73.1646,0,82,85,74,1461,3504,2.20978,0,11.216,2.95807,0,1741,99741214621
51.5782,19.3881,73.1646,0,82,85,74,1461,3504,2.20978,0,11.216,2.95807,0,1741,99760617920
47.6233,20.9981,73.1646,0,82,85,74,1461,3504,2.20978,0,11.216,2.95807,0,1741,99781604785
39.6534,25.2185,73.1646,0,82,85,74,1461,3504,2.20978,0,11.216,2.95807,0,1741,99806823264
38.9789,25.6549,73.1646,0,82,85,74,1461,3504,2.20978,0,11.216,2.95807,0,1741,99832479324
54.2479,18.4339,73.1646,0,82,85,74,1461,3504,2.20978,0,11.216,2.95807,0,1741,99850915212
34.8503,28.6942,73.1646,0,82,85,74,1461,3504,2.20978,0,11.216,2.95807,0,1741,99879634455
166.311,6.01283,80.5288,0,85,86,74,1429,3504,2.21008,0,11.2154,2.95807,0,1776,99885623432
48.596,20.5778,80.5288,0,85,86,74,1429,3504,2.21008,0,11.2154,2.95807,0,1776,99906214899
43.538,22.9685,80.5288,0,85,86,74,1429,3504,2.21008,0,11.2154,2.95807,0,1776,99929172257
58.4699,17.1028,80.5288,0,85,86,74,1429,3504,2.21008,0,11.2154,2.95807,0,1776,99946276603
51.8464,19.2877,80.5288,0,85,86,74,1429,3504,2.21008,0,11.2154,2.95807,0,1776,99965565383
36.9695,27.0493,80.5288,0,85,86,74,1429,3504,2.21008,0,11.2154,2.95807,0,1776,99992617471
59.6223,16.7723,80.5288,0,85,86,74,1429,3504,2.21008,0,11.2154,2.95807,0,1776,100009409659
63.4074,15.771,80.5288,0,85,86,74,1429,3504,2.21008,0,11.2154,2.95807,0,1776,100025161531
70.2953,14.2257,80.5288,0,85,86,74,1429,3504,2.21008,0,11.2154,2.95807,0,1776,100039387629
51.6516,19.3605,80.5288,0,85,86,74,1429,3504,2.21008,0,11.2154,2.95807,0,1776,100058770781
47.393,21.1002,80.5288,0,85,86,74,1429,3504,2.21008,0,11.2154,2.95807,0,1776,100079872443
57.1311,17.5036,80.5288,0,85,86,74,1429,3504,2.21008,0,11.2154,2.95807,0,1776,100097377140
48.4266,20.6498,80.5288,0,85,86,74,1429,3504,2.21008,0,11.2154,2.95807,0,1776,100118006834
53.1233,18.8241,80.5288,0,85,86,74,1429,3504,2.21008,0,11.2154,2.95807,0,1776,100136832795
51.1734,19.5414,80.5288,0,85,86,74,1429,3504,2.21008,0,11.2154,2.95807,0,1776,100156376965
46.7354,21.397,80.5288,0,85,86,74,1429,3504,2.21008,0,11.2154,2.95807,0,1776,100177773630
59.0969,16.9214,80.5288,0,85,86,74,1429,3504,2.21008,0,11.2154,2.95807,0,1776,100194717395
39.5611,25.2773,80.5288,0,85,86,74,1429,3504,2.21008,0,11.2154,2.95807,0,1776,100219975708
61.2026,16.3392,80.5288,0,85,86,74,1429,3504,2.21008,0,11.2154,2.95807,0,1776,100236315915
43.3267,23.0805,80.5288,0,85,86,74,1429,3504,2.21008,0,11.2154,2.95807,0,1776,100259396661
59.5931,16.7805,80.5288,0,85,86,74,1429,3504,2.21008,0,11.2154,2.95807,0,1776,100276178547
47.7457,20.9443,80.5288,0,85,86,74,1429,3504,2.21008,0,11.2154,2.95807,0,1776,100297144992
50.0663,19.9735,80.5288,0,85,86,74,1429,3504,2.21008,0,11.2154,2.95807,0,1776,100317121186
54.7443,18.2667,80.5288,0,85,86,74,1429,3504,2.21008,0,11.2154,2.95807,0,1776,100335409403
44.2826,22.5822,80.5288,0,85,86,74,1429,3504,2.21008,0,11.2154,2.95807,0,1776,100357970986
53.9745,18.5273,80.5288,0,85,86,74,1429,3504,2.21008,0,11.2154,2.95807,0,1776,100376501417
50.6636,19.738,80.5288,0,85,86,74,1429,3504,2.21008,0,11.2154,2.95807,0,1776,100396243500
66.9493,14.9367,78.8557,0,97,86,74,1399,3504,2.21014,0,11.2048,2.95807,0,1768,100411200234
49.0243,20.398,78.8557,0,97,86,74,1399,3504,2.21014,0,11.2048,2.95807,0,1768,100431576946
38.5084,25.9683,78.8557,0,97,86,74,1399,3504,2.21014,0,11.2048,2.95807,0,1768,100457546873
80.5151,12.42,78.8557,0,97,86,74,1399,3504,2.21014,0,11.2048,2.95807,0,1768,100469967692
50.1815,19.9277,78.8557,0,97,86,74,1399,3504,2.21014,0,11.2048,2.95807,0,1768,100489896525
43.5228,22.9765,78.8557,0,97,86,74,1399,3504,2.21014,0,11.2048,2.95807,0,1768,100512874388
67.4714,14.8211,78.8557,0,97,86,74,1399,3504,2.21014,0,11.2048,2.95807,0,1768,100527717702
33.6341,29.7317,78.8557,0,97,86,74,1399,3504,2.21014,0,11.2048,2.95807,0,1768,100557429287
40.0421,24.9737,78.8557,0,97,86,74,1399,3504,2.21014,0,11.2048,2.95807,0,1768,100582426082
46.9205,21.3126,78.8557,0,97,86,74,1399,3504,2.21014,0,11.2048,2.95807,0,1768,100603731551
37.8343,26.431,78.8557,0,97,86,74,1399,3504,2.21014,0,11.2048,2.95807,0,1768,100630150433
42.3086,23.6358,78.8557,0,97,86,74,1399,3504,2.21014,0,11.2048,2.95807,0,1768,100653788795
29.4814,33.9197,78.8557,0,97,86,74,1399,3504,2.21014,0,11.2048,2.95807,0,1768,100687769792
42.6954,23.4217,78.8557,0,97,86,74,1399,3504,2.21014,0,11.2048,2.95807,0,1768,100711152710
40.2379,24.8522,78.8557,0,97,86,74,1399,3504,2.21014,0,11.2048,2.95807,0,1768,100735985166
47.256,21.1613,78.8557,0,97,86,74,1399,3504,2.21014,0,11.2048,2.95807,0,1768,100757168295
43.9034,22.7773,78.8557,0,97,86,74,1399,3504,2.21014,0,11.2048,2.95807,0,1768,100779926163
33.5262,29.8274,78.8557,0,97,86,74,1399,3504,2.21014,0,11.2048,2.95807,0,1768,100809775099
39.9452,25.0343,78.8557,0,97,86,74,1399,3504,2.21014,0,11.2048,2.95807,0,1768,100834790201
91.6255,10.914,78.8557,0,97,86,74,1399,3504,2.21014,0,11.2048,2.95807,0,1768,100845706158
34.1585,29.2753,78.8557,0,97,86,74,1399,3504,2.21014,0,11.2048,2.95807,0,1768,100874982454
55.0347,18.1704,78.8557,0,97,86,74,1399,3504,2.21014,0,11.2048,2.95807,0,1768,100893176409
30.466,32.8235,78.8557,0,97,86,74,1399,3504,2.21014,0,11.2048,2.95807,0,1768,100925982914
90.827,11.0099,82.0331,0,97,84,74,1399,3504,2.21014,0,11.2036,2.95807,0,1770,100937011119
38.3181,26.0973,82.0331,0,97,84,74,1399,3504,2.21014,0,11.2036,2.95807,0,1770,100963110175
23.839,41.948,82.0331,0,97,84,74,1399,3504,2.21014,0,11.2036,2.95807,0,1770,101005080513
51.8383,19.2908,82.0331,0,97,84,74,1399,3504,2.21014,0,11.2036,2.95807,0,1770,101024352022
43.3591,23.0632,82.0331,0,97,84,74,1399,3504,2.21014,0,11.2036,2.95807,0,1770,101047416471
30.8804,32.383,82.0331,0,97,84,74,1399,3504,2.21014,0,11.2036,2.95807,0,1770,101079801700
44.8834,22.2799,82.0331,0,97,84,74,1399,3504,2.21014,0,11.2036,2.95807,0,1770,101102082731
34.672,28.8417,82.0331,0,97,84,74,1399,3504,2.21014,0,11.2036,2.95807,0,1770,101130947604
41.0543,24.358,82.0331,0,97,84,74,1399,3504,2.21014,0,11.2036,2.95807,0,1770,101155328076
43.5381,22.9684,82.0331,0,97,84,74,1399,3504,2.21014,0,11.2036,2.95807,0,1770,101178274887
47.7564,20.9396,82.0331,0,97,84,74,1399,3504,2.21014,0,11.2036,2.95807,0,1770,101199215589
46.8524,21.3436,82.0331,0,97,84,74,1399,3504,2.21014,0,11.2036,2.95807,0,1770,101220582018
41.5679,24.057,82.0331,0,97,84,74,1399,3504,2.21014,0,11.2036,2.95807,0,1770,101244641046
40.9503,24.4199,82.0331,0,97,84,74,1399,3504,2.21014,0,11.2036,2.95807,0,1770,101269040277
37.3171,26.7974,82.0331,0,97,84,74,1399,3504,2.21014,0,11.2036,2.95807,0,1770,101295841515
31.6011,31.6444,82.0331,0,97,84,74,1399,3504,2.21014,0,11.2036,2.95807,0,1770,101327506692
40.9007,24.4495,82.0331,0,97,84,74,1399,3504,2.21014,0,11.2036,2.95807,0,1770,101351937509
41.72,23.9693,82.0331,0,97,84,74,1399,3504,2.21014,0,11.2036,2.95807,0,1770,101375927243
26.2623,38.0774,82.0331,0,97,84,74,1399,3504,2.21014,0,11.2036,2.95807,0,1770,101414006310
35.2168,28.3955,82.0331,0,97,84,74,1399,3504,2.21014,0,11.2036,2.95807,0,1770,101442427661
36.965,27.0526,76.3092,0,93,84,74,1424,3504,2.21033,0,11.2016,2.95807,0,1772,101469457918
36.3217,27.5317,76.3092,0,93,84,74,1424,3504,2.21033,0,11.2016,2.95807,0,1772,101496989755
21.4073,46.7131,76.3092,0,93,84,74,1424,3504,2.21033,0,11.2016,2.95807,0,1772,101543704260
23.3295,42.8642,76.3092,0,93,84,74,1424,3504,2.21033,0,11.2016,2.95807,0,1772,101586570301
39.2716,25.4637,76.3092,0,93,84,74,1424,3504,2.21033,0,11.2016,2.95807,0,1772,101612056458
36.6334,27.2975,76.3092,0,93,84,74,1424,3504,2.21033,0,11.2016,2.95807,0,1772,101639356073
46.6027,21.458,76.3092,0,93,84,74,1424,3504,2.21033,0,11.2016,2.95807,0,1772,101660815073
44.8397,22.3017,76.3092,0,93,84,74,1424,3504,2.21033,0,11.2016,2.95807,0,1772,101683117199
51.0269,19.5975,76.3092,0,93,84,74,1424,3504,2.21033,0,11.2016,2.95807,0,1772,101702715769
45.0308,22.207,76.3092,0,93,84,74,1424,3504,2.21033,0,11.2016,2.95807,0,1772,101724937155
42.7733,23.3791,76.3092,0,93,84,74,1424,3504,2.21033,0,11.2016,2.95807,0,1772,101748304176
40.0263,24.9836,76.3092,0,93,84,74,1424,3504,2.21033,0,11.2016,2.95807,0,1772,101773289244
29.2789,34.1543,76.3092,0,93,84,74,1424,3504,2.21033,0,11.2016,2.95807,0,1772,101807445435
38.8578,25.7348,76.3092,0,93,84,74,1424,3504,2.21033,0,11.2016,2.95807,0,1772,101833203024
45.8221,21.8235,76.3092,0,93,84,74,1424,3504,2.21033,0,11.2016,2.95807,0,1772,101855026383
37.2041,26.8788,76.3092,0,93,84,74,1424,3504,2.21033,0,11.2016,2.95807,0,1772,101881928247
46.1335,21.6762,76.3092,0,93,84,74,1424,3504,2.21033,0,11.2016,2.95807,0,1772,101903605246
42.2337,23.6778,76.3092,0,93,84,74,1424,3504,2.21033,0,11.2016,2.95807,0,1772,101927284857
51.0122,19.6032,76.3092,0,93,84,74,1424,3504,2.21033,0,11.2016,2.95807,0,1772,101946891370
45.395,22.0289,66.25,0,70,84,74,1520,3504,2.21074,0,11.2013,2.95807,0,1794,101968918253
46.8567,21.3417,66.25,0,70,84,74,1520,3504,2.21074,0,11.2013,2.95807,0,1794,101990261070
41.4868,24.104,66.25,0,70,84,74,1520,3504,2.21074,0,11.2013,2.95807,0,1794,102014366627
56.4939,17.701,66.25,0,70,84,74,1520,3504,2.21074,0,11.2013,2.95807,0,1794,102032068229
42.0062,23.806,66.25,0,70,84,74,1520,3504,2.21074,0,11.2013,2.95807,0,1794,102055874261
43.9974,22.7286,66.25,0,70,84,74,1520,3504,2.21074,0,11.2013,2.95807,0,1794,102078604419
50.258,19.8973,66.25,0,70,84,74,1520,3504,2.21074,0,11.2013,2.95807,0,1794,102098502787
59.5699,16.787,66.25,0,70,84,74,1520,3504,2.21074,0,11.2013,2.95807,0,1794,102115291621
48.033,20.819,66.25,0,70,84,74,1520,3504,2.21074,0,11.2013,2.95807,0,1794,102136113068
34.2405,29.2052,66.25,0,70,84,74,1520,3504,2.21074,0,11.2013,2.95807,0,1794,102165317968
54.1858,18.455,66.25,0,70,84,74,1520,3504,2.21074,0,11.2013,2.95807,0,1794,102183780311
35.6649,28.0388,66.25,0,70,84,74,1520,3504,2.21074,0,11.2013,2.95807,0,1794,102211815619
51.637,19.366,66.25,0,70,84,74,1520,3504,2.21074,0,11.2013,2.95807,0,1794,102231205275
38.8622,25.7319,66.25,0,70,84,74,1520,3504,2.21074,0,11.2013,2.95807,0,1794,102256917098
48.5079,20.6152,66.25,0,70,84,74,1520,3504,2.21074,0,11.2013,2.95807,0,1794,102277533927
53.4406,18.7124,66.25,0,70,84,74,1520,3504,2.21074,0,11.2013,2.95807,0,1794,102296248898
71.8433,13.9192,66.25,0,70,84,74,1520,3504,2.21074,0,11.2013,2.95807,0,1794,102310168502
110.46,9.05302,66.25,0,70,84,74,1520,3504,2.21074,0,11.2013,2.95807,0,1794,102319222243
51.3973,19.4563,66.25,0,70,84,74,1520,3504,2.21074,0,11.2013,2.95807,0,1794,102338679365
53.2809,18.7684,66.25,0,70,84,74,1520,3504,2.21074,0,11.2013,2.95807,0,1794,102357449196
50.5895,19.767,66.25,0,70,84,74,1520,3504,2.21074,0,11.2013,2.95807,0,1794,102377218342
45.9988,21.7397,66.25,0,70,84,74,1520,3504,2.21074,0,11.2013,2.95807,0,1794,102398959490
54.2035,18.449,66.25,0,70,84,74,1520,3504,2.21074,0,11.2013,2.95807,0,1794,102417409838
51.9525,19.2483,66.25,0,70,84,74,1520,3504,2.21074,0,11.2013,2.95807,0,1794,102436659448
49.4083,20.2395,66.25,0,70,84,74,1520,3504,2.21074,0,11.2013,2.95807,0,1794,102456904056
47.3022,21.1407,63.9799,0,70,84,74,1520,3504,2.21074,0,11.2011,2.95807,0,3400,102478041325
48.9457,20.4308,63.9799,0,70,84,74,1520,3504,2.21074,0,11.2011,2.95807,0,3400,102498474219
51.6061,19.3775,63.9799,0,70,84,74,1520,3504,2.21074,0,11.2011,2.95807,0,3400,102517851621
52.087,19.1987,63.9799,0,70,84,74,1520,3504,2.21074,0,11.2011,2.95807,0,3400,102537052609
49.6806,20.1286,63.9799,0,70,84,74,1520,3504,2.21074,0,11.2011,2.95807,0,3400,102557181934
48.476,20.6287,63.9799,0,70,84,74,1520,3504,2.21074,0,11.2011,2.95807,0,3400,102577812176
52.5933,19.0138,63.9799,0,70,84,74,1520,3504,2.21074,0,11.2011,2.95807,0,3400,102596826937
50.4808,19.8095,63.9799,0,70,84,74,1520,3504,2.21074,0,11.2011,2.95807,0,3400,102616638148
51.817,19.2987,63.9799,0,70,84,74,1520,3504,2.21074,0,11.2011,2.95807,0,3400,102635937944
39.6722,25.2066,63.9799,0,70,84,74,1520,3504,2.21074,0,11.2011,2.95807,0,3400,102661146191
63.9792,15.6301,63.9799,0,70,84,74,1520,3504,2.21074,0,11.2011,2.95807,0,3400,102676777445
47.8246,20.9097,63.9799,0,70,84,74,1520,3504,2.21074,0,11.2011,2.95807,0,3400,102697707540
54.1795,18.4571,63.9799,0,70,84,74,1520,3504,2.21074,0,11.2011,2.95807,0,3400,102716165776
51.9188,19.2609,63.9799,0,70,84,74,1520,3504,2.21074,0,11.2011,2.95807,0,3400,102735427782
50.3687,19.8536,63.9799,0,70,84,74,1520,3504,2.21074,0,11.2011,2.95807,0,3400,102755282525
48.3979,20.6621,63.9799,0,70,84,74,1520,3504,2.21074,0,11.2011,2.95807,0,3400,102775946690
54.2115,18.4463,63.9799,0,70,84,74,1520,3504,2.21074,0,11.2011,2.95807,0,3400,102794393265
33.4676,29.8796,63.9799,0,70,84,74,1520,3504,2.21074,0,11.2011,2.95807,0,3400,102824286805
65.3728,15.2969,63.9799,0,70,84,74,1520,3504,2.21074,0,11.2011,2.95807,0,3400,102839572604
66.3783,15.0652,63.9799,0,70,84,74,1520,3504,2.21074,0,11.2011,2.95807,0,3400,102854639006
51.4832,19.4238,63.9799,0,70,84,74,1520,3504,2.21074,0,11.2011,2.95807,0,3400,102874063516
49.8201,20.0722,63.9799,0,70,84,74,1520,3504,2.21074,0,11.2011,2.95807,0,3400,102894137824
47.8031,20.9191,63.9799,0,70,84,74,1520,3504,2.21074,0,11.2011,2.95807,0,3400,102915057678
52.702,18.9746,63.9799,0,70,84,74,1520,3504,2.21074,0,11.2011,2.95807,0,3400,102934033875
48.7625,20.5076,63.9799,0,70,84,74,1520,3504,2.21074,0,11.2011,2.95807,0,3400,102954544233
51.1681,19.5434,63.9799,0,70,84,74,1520,3504,2.21074,0,11.2011,2.95807,0,3400,102974094163
48.1615,20.7635,40.399,0,91,83,74,1415,3504,2.21086,0,11.2019,2.95807,0,3406,102994852473
50.9006,19.6461,40.399,0,91,83,74,1415,3504,2.21086,0,11.2019,2.95807,0,3406,103014500787
51.3248,19.4838,40.399,0,91,83,74,1415,3504,2.21086,0,11.2019,2.95807,0,3406,103033984471
49.4135,20.2374,40.399,0,91,83,74,1415,3504,2.21086,0,11.2019,2.95807,0,3406,103054223733
51.2924,19.4961,40.399,0,91,83,74,1415,3504,2.21086,0,11.2019,2.95807,0,3406,103073721555
51.1078,19.5665,40.399,0,91,83,74,1415,3504,2.21086,0,11.2019,2.95807,0,3406,103093289435
46.1733,21.6575,40.399,0,91,83,74,1415,3504,2.21086,0,11.2019,2.95807,0,3406,103114948741
54.8899,18.2183,40.399,0,91,83,74,1415,3504,2.21086,0,11.2019,2.95807,0,3406,103133167302
49.4043,20.2411,40.399,0,91,83,74,1415,3504,2.21086,0,11.2019,2.95807,0,3406,103153410587
50.3357,19.8666,40.399,0,91,83,74,1415,3504,2.21086,0,11.2019,2.95807,0,3406,103173276392
50.4662,19.8152,40.399,0,91,83,74,1415,3504,2.21086,0,11.2019,2.95807,0,3406,103193093873
49.3969,20.2442,40.399,0,91,83,74,1415,3504,2.21086,0,11.2019,2.95807,0,3406,103213339368
51.7354,19.3291,40.399,0,91,83,74,1415,3504,2.21086,0,11.2019,2.95807,0,3406,103232667705
49.5759,20.1711,40.399,0,91,83,74,1415,3504,2.21086,0,11.2019,2.95807,0,3406,103252840944
51.4685,19.4293,40.399,0,91,83,74,1415,3504,2.21086,0,11.2019,2.95807,0,3406,103272271253
49.8281,20.069,40.399,0,91,83,74,1415,3504,2.21086,0,11.2019,2.95807,0,3406,103292342002
47.4339,21.082,40.399,0,91,83,74,1415,3504,2.21086,0,11.2019,2.95807,0,3406,103313425059
49.0284,20.3963,40.399,0,91,83,74,1415,3504,2.21086,0,11.2019,2.95807,0,3406,103333840715
55.7132,17.9491,40.399,0,91,83,74,1415,3504,2.21086,0,11.2019,2.95807,0,3406,103351773273
49.2941,20.2864,40.399,0,91,83,74,1415,3504,2.21086,0,11.2019,2.95807,0,3406,103372060146
50.2156,19.9141,40.399,0,91,83,74,1415,3504,2.21086,0,11.2019,2.95807,0,3406,103391975913
49.1821,20.3326,40.399,0,91,83,74,1415,3504,2.21086,0,11.2019,2.95807,0,3406,103412311927
51.2116,19.5268,40.399,0,91,83,74,1415,3504,2.21086,0,11.2019,2.95807,0,3406,103431838239
49.8064,20.0777,40.399,0,91,83,74,1415,3504,2.21086,0,11.2019,2.95807,0,3406,103451917954
46.1388,21.6737,40.399,0,91,83,74,1415,3504,2.21086,0,11.2019,2.95807,0,3406,103473592870
56.7107,17.6334,40.399,0,91,83,74,1415,3504,2.21086,0,11.2019,2.95807,0,3406,103491229761
50.6484,19.744,32.9356,0,100,83,74,1391,3504,2.20336,0,11.2019,2.95807,0,3428,103510973533
48.7187,20.526,32.9356,0,100,83,74,1391,3504,2.20336,0,11.2019,2.95807,0,3428,103531500894
52.5323,19.0359,32.9356,0,100,83,74,1391,3504,2.20336,0,11.2019,2.95807,0,3428,103550538298
49.3704,20.2551,32.9356,0,100,83,74,1391,3504,2.20336,0,11.2019,2.95807,0,3428,103570793842
50.3168,19.8741,32.9356,0,100,83,74,1391,3504,2.20336,0,11.2019,2.95807,0,3428,103590671158
47.3942,21.0996,32.9356,0,100,83,74,1391,3504,2.20336,0,11.2019,2.95807,0,3428,103611770295
51.9339,19.2552,32.9356,0,100,83,74,1391,3504,2.20336,0,11.2019,2.95807,0,3428,103631026863
53.8756,18.5613,32.9356,0,100,83,74,1391,3504,2.20336,0,11.2019,2.95807,0,3428,103649590811
49.3617,20.2586,32.9356,0,100,83,74,1391,3504,2.20336,0,11.2019,2.95807,0,3428,103669849891
49.389,20.2474,32.9356,0,100,83,74,1391,3504,2.20336,0,11.2019,2.95807,0,3428,103690099047
50.0711,19.9716,32.9356,0,100,83,74,1391,3504,2.20336,0,11.2019,2.95807,0,3428,103710071692
48.3527,20.6814,32.9356,0,100,83,74,1391,3504,2.20336,0,11.2019,2.95807,0,3428,103730753662
50.7715,19.6961,32.9356,0,100,83,74,1391,3504,2.20336,0,11.2019,2.95807,0,3428,103750451860
51.0202,19.6001,32.9356,0,100,83,74,1391,3504,2.20336,0,11.2019,2.95807,0,3428,103770051642
50.4537,19.8201,32.9356,0,100,83,74,1391,3504,2.20336,0,11.2019,2.95807,0,3428,103789872094
43.4348,23.023,32.9356,0,100,83,74,1391,3504,2.20336,0,11.2019,2.95807,0,3428,103812898072
60.4807,16.5342,32.9356,0,100,83,74,1391,3504,2.20336,0,11.2019,2.95807,0,3428,103829432442
50.2187,19.9129,32.9356,0,100,83,74,1391,3504,2.20336,0,11.2019,2.95807,0,3428,103849347375
48.0507,20.8113,32.9356,0,100,83,74,1391,3504,2.20336,0,11.2019,2.95807,0,3428,103870159451
51.7812,19.312,32.9356,0,100,83,74,1391,3504,2.20336,0,11.2019,2.95807,0,3428,103889473531
51.0566,19.5861,32.9356,0,100,83,74,1391,3504,2.20336,0,11.2019,2.95807,0,3428,103909060679
47.5774,21.0184,32.9356,0,100,83,74,1391,3504,2.20336,0,11.2019,2.95807,0,3428,103930079978
49.911,20.0357,32.9356,0,100,83,74,1391,3504,2.20336,0,11.2019,2.95807,0,3428,103950117026
53.9274,18.5434,32.9356,0,100,83,74,1391,3504,2.20336,0,11.2019,2.95807,0,3428,103968661546
46.1897,21.6498,32.9356,0,100,83,74,1391,3504,2.20336,0,11.2019,2.95807,0,3428,103990313414
52.1887,19.1612,32.9356,0,100,83,74,1391,3504,2.20336,0,11.2019,2.95807,0,3428,104009477048
46.1372,21.6745,41.6667,0,100,92,74,1392,3504,2.19861,0,11.2023,2.95807,0,3413,104031150848
56.2238,17.7861,41.6667,0,100,92,74,1392,3504,2.19861,0,11.2023,2.95807,0,3413,104048939583
50.5936,19.7653,41.6667,0,100,92,74,1392,3504,2.19861,0,11.2023,2.95807,0,3413,104068705687
47.965,20.8485,41.6667,0,100,92,74,1392,3504,2.19861,0,11.2023,2.95807,0,3413,104089556257
52.285,19.126,41.6667,0,100,92,74,1392,3504,2.19861,0,11.2023,2.95807,0,3413,104108682835
50.3396,19.8651,41.6667,0,100,92,74,1392,3504,2.19861,0,11.2023,2.95807,0,3413,104128549060
46.709,21.4091,41.6667,0,100,92,74,1392,3504,2.19861,0,11.2023,2.95807,0,3413,104149959097
53.6657,18.6339,41.6667,0,100,92,74,1392,3504,2.19861,0,11.2023,2.95807,0,3413,104168595408
45.3498,22.0508,41.6667,0,100,92,74,1392,3504,2.19861,0,11.2023,2.95807,0,3413,104190647356
48.9067,20.4471,41.6667,0,100,92,74,1392,3504,2.19861,0,11.2023,2.95807,0,3413,104211097031
50.7995,19.6852,41.6667,0,100,92,74,1392,3504,2.19861,0,11.2023,2.95807,0,3413,104230782454
52.0146,19.2254,41.6667,0,100,92,74,1392,3504,2.19861,0,11.2023,2.95807,0,3413,104250009671
47.59,21.0128,41.6667,0,100,92,74,1392,3504,2.19861,0,11.2023,2.95807,0,3413,104271023993
55.9833,17.8625,41.6667,0,100,92,74,1392,3504,2.19861,0,11.2023,2.95807,0,3413,104288887779
50.2335,19.907,41.6667,0,100,92,74,1392,3504,2.19861,0,11.2023,2.95807,0,3413,104308795965
50.7038,19.7224,41.6667,0,100,92,74,1392,3504,2.19861,0,11.2023,2.95807,0,3413,104328519392
43.8049,22.8285,41.6667,0,100,92,74,1392,3504,2.19861,0,11.2023,2.95807,0,3413,104351349882
58.3164,17.1478,41.6667,0,100,92,74,1392,3504,2.19861,0,11.2023,2.95807,0,3413,104368499556
47.3296,21.1284,41.6667,0,100,92,74,1392,3504,2.19861,0,11.2023,2.95807,0,3413,104389628203
49.725,20.1106,41.6667,0,100,92,74,1392,3504,2.19861,0,11.2023,2.95807,0,3413,104409740358
56.3134,17.7578,41.6667,0,100,92,74,1392,3504,2.19861,0,11.2023,2.95807,0,3413,104427499728
49.2417,20.308,41.6667,0,100,92,74,1392,3504,2.19861,0,11.2023,2.95807,0,3413,104447808442
52.2484,19.1394,41.6667,0,100,92,74,1392,3504,2.19861,0,11.2023,2.95807,0,3413,104466949518
43.9683,22.7437,41.6667,0,100,92,74,1392,3504,2.19861,0,11.2023,2.95807,0,3413,104489694267
55.7423,17.9397,41.6667,0,100,92,74,1392,3504,2.19861,0,11.2023,2.95807,0,3413,104507634534
46.4308,21.5374,41.6667,0,100,92,74,1392,3504,2.19861,0,11.2023,2.95807,0,3413,104529178149
51.9867,19.2357,54.7677,0,100,92,74,1392,3504,2.19861,0,11.2253,2.95807,0,3403,104548411798
53.0452,18.8519,54.7677,0,100,92,74,1392,3504,2.19861,0,11.2253,2.95807,0,3403,104567265326
46.6479,21.4372,54.7677,0,100,92,74,1392,3504,2.19861,0,11.2253,2.95807,0,3403,104588704578
49.5314,20.1892,54.7677,0,100,92,74,1392,3504,2.19861,0,11.2253,2.95807,0,3403,104608894094
45.7967,21.8356,54.7677,0,100,92,74,1392,3504,2.19861,0,11.2253,2.95807,0,3403,104630731236
53.5874,18.6611,54.7677,0,100,92,74,1392,3504,2.19861,0,11.2253,2.95807,0,3403,104649392565
49.1826,20.3324,54.7677,0,100,92,74,1392,3504,2.19861,0,11.2253,2.95807,0,3403,104669726546
44.811,22.3159,54.7677,0,100,92,74,1392,3504,2.19861,0,11.2253,2.95807,0,3403,104692043800
47.3301,21.1282,54.7677,0,100,92,74,1392,3504,2.19861,0,11.2253,2.95807,0,3403,104713172971
51.1504,19.5502,54.7677,0,100,92,74,1392,3504,2.19861,0,11.2253,2.95807,0,3403,104732724974
50.5715,19.774,54.7677,0,100,92,74,1392,3504,2.19861,0,11.2253,2.95807,0,3403,104752500136
51.2989,19.4936,54.7677,0,100,92,74,1392,3504,2.19861,0,11.2253,2.95807,0,3403,104771996385
48.8617,20.4659,54.7677,0,100,92,74,1392,3504,2.19861,0,11.2253,2.95807,0,3403,104792463013
43.5405,22.9671,54.7677,0,100,92,74,1392,3504,2.19861,0,11.2253,2.95807,0,3403,104815431752
57.0196,17.5378,54.7677,0,100,92,74,1392,3504,2.19861,0,11.2253,2.95807,0,3403,104832970808
46.7072,21.41,54.7677,0,100,92,74,1392,3504,2.19861,0,11.2253,2.95807,0,3403,104854382385
52.2107,19.1532,54.7677,0,100,92,74,1392,3504,2.19861,0,11.2253,2.95807,0,3403,104873536841
46.3276,21.5854,54.7677,0,100,92,74,1392,3504,2.19861,0,11.2253,2.95807,0,3403,104895124214
51.8109,19.301,54.7677,0,100,92,74,1392,3504,2.19861,0,11.2253,2.95807,0,3403,104914426632
46.5984,21.46,54.7677,0,100,92,74,1392,3504,2.19861,0,11.2253,2.95807,0,3403,104935887120
51.2314,19.5193,54.7677,0,100,92,74,1392,3504,2.19861,0,11.2253,2.95807,0,3403,104955407900
49.9145,20.0343,54.7677,0,100,92,74,1392,3504,2.19861,0,11.2253,2.95807,0,3403,104975443860
46.2381,21.6272,54.7677,0,100,92,74,1392,3504,2.19861,0,11.2253,2.95807,0,3403,104997072042
51.4426,19.4391,54.7677,0,100,92,74,1392,3504,2.19861,0,11.2253,2.95807,0,3403,105016514059
51.8046,19.3033,54.7677,0,100,92,74,1392,3504,2.19861,0,11.2253,2.95807,0,3403,105035824382
47.2197,21.1776,44.3325,0,100,94,74,1398,3504,2.19861,0,11.2254,2.95807,0,3460,105056996941
51.1246,19.5601,44.3325,0,100,94,74,1398,3504,2.19861,0,11.2254,2.95807,0,3460,105076557838
46.0748,21.7038,44.3325,0,100,94,74,1398,3504,2.19861,0,11.2254,2.95807,0,3460,105098263537
51.1875,19.536,44.3325,0,100,94,74,1398,3504,2.19861,0,11.2254,2.95807,0,3460,105117800335
51.9762,19.2396,44.3325,0,100,94,74,1398,3504,2.19861,0,11.2254,2.95807,0,3460,105137041192
45.0163,22.2142,44.3325,0,100,94,74,1398,3504,2.19861,0,11.2254,2.95807,0,3460,105159257521
53.8823,18.559,44.3325,0,100,94,74,1398,3504,2.19861,0,11.2254,2.95807,0,3460,105177817602
50.8844,19.6524,44.3325,0,100,94,74,1398,3504,2.19861,0,11.2254,2.95807,0,3460,105197470388
49.0976,20.3676,44.3325,0,100,94,74,1398,3504,2.19861,0,11.2254,2.95807,0,3460,105217840303
47.5042,21.0508,44.3325,0,100,94,74,1398,3504,2.19861,0,11.2254,2.95807,0,3460,105238907889
46.8014,21.3669,44.3325,0,100,94,74,1398,3504,2.19861,0,11.2254,2.95807,0,3460,105260259604
52.9974,18.8688,44.3325,0,100,94,74,1398,3504,2.19861,0,11.2254,2.95807,0,3460,105279129367
49.1641,20.3401,44.3325,0,100,94,74,1398,3504,2.19861,0,11.2254,2.95807,0,3460,105299471569
48.5849,20.5825,44.3325,0,100,94,74,1398,3504,2.19861,0,11.2254,2.95807,0,3460,105320054813
44.8957,22.2739,44.3325,0,100,94,74,1398,3504,2.19861,0,11.2254,2.95807,0,3460,105342330707
59.3705,16.8434,44.3325,0,100,94,74,1398,3504,2.19861,0,11.2254,2.95807,0,3460,105359175063
45.2639,22.0927,44.3325,0,100,94,74,1398,3504,2.19861,0,11.2254,2.95807,0,3460,105381270364
53.9884,18.5225,44.3325,0,100,94,74,1398,3504,2.19861,0,11.2254,2.95807,0,3460,105399792360
53.6782,18.6295,44.3325,0,100,94,74,1398,3504,2.19861,0,11.2254,2.95807,0,3460,105418423138
49.0753,20.3768,44.3325,0,100,94,74,1398,3504,2.19861,0,11.2254,2.95807,0,3460,105438800646
48.5036,20.617,44.3325,0,100,94,74,1398,3504,2.19861,0,11.2254,2.95807,0,3460,105459418938
40.1015,24.9367,44.3325,0,100,94,74,1398,3504,2.19861,0,11.2254,2.95807,0,3460,105484356544
72.5104,13.7911,44.3325,0,100,94,74,1398,3504,2.19861,0,11.2254,2.95807,0,3460,105498148692
47.3006,21.1414,44.3325,0,100,94,74,1398,3504,2.19861,0,11.2254,2.95807,0,3460,105519291751
50.803,19.6839,44.3325,0,100,94,74,1398,3504,2.19861,0,11.2254,2.95807,0,3460,105538982846
47.0819,21.2396,41.1028,0,100,94,74,1430,3504,2.19861,0,11.2256,2.95807,0,3418,105560217517
55.7779,17.9282,41.1028,0,100,94,74,1430,3504,2.19861,0,11.2256,2.95807,0,3418,105578147248
50.0689,19.9725,41.1028,0,100,94,74,1430,3504,2.19861,0,11.2256,2.95807,0,3418,105598121515
48.5717,20.5881,41.1028,0,100,94,74,1430,3504,2.19861,0,11.2256,2.95807,0,3418,105618710975
51.5279,19.407,41.1028,0,100,94,74,1430,3504,2.19861,0,11.2256,2.95807,0,3418,105638118539
49.2442,20.307,41.1028,0,100,94,74,1430,3504,2.19861,0,11.2256,2.95807,0,3418,105658426153
48.6989,20.5343,41.1028,0,100,94,74,1430,3504,2.19861,0,11.2256,2.95807,0,3418,105678962342
54.2488,18.4336,41.1028,0,100,94,74,1430,3504,2.19861,0,11.2256,2.95807,0,3418,105697397115
47.719,20.956,41.1028,0,100,94,74,1430,3504,2.19861,0,11.2256,2.95807,0,3418,105718354819
49.5956,20.1631,41.1028,0,100,94,74,1430,3504,2.19861,0,11.2256,2.95807,0,3418,105738518966
51.1877,19.5359,41.1028,0,100,94,74,1430,3504,2.19861,0,11.2256,2.95807,0,3418,105758056450
47.3861,21.1032,41.1028,0,100,94,74,1430,3504,2.19861,0,11.2256,2.95807,0,3418,105779161483
51.5214,19.4094,41.1028,0,100,94,74,1430,3504,2.19861,0,11.2256,2.95807,0,3418,105798571872
54.1625,18.4629,41.1028,0,100,94,74,1430,3504,2.19861,0,11.2256,2.95807,0,3418,105817036362
50.7545,19.7027,41.1028,0,100,94,74,1430,3504,2.19861,0,11.2256,2.95807,0,3418,105836740736
48.917,20.4428,41.1028,0,100,94,74,1430,3504,2.19861,0,11.2256,2.95807,0,3418,105857184031
50.053,19.9788,41.1028,0,100,94,74,1430,3504,2.19861,0,11.2256,2.95807,0,3418,105877164138
48.3859,20.6672,41.1028,0,100,94,74,1430,3504,2.19861,0,11.2256,2.95807,0,3418,105897833520
48.7829,20.499,41.1028,0,100,94,74,1430,3504,2.19861,0,11.2256,2.95807,0,3418,105918333790
54.8389,18.2352,41.1028,0,100,94,74,1430,3504,2.19861,0,11.2256,2.95807,0,3418,105936570366
51.1679,19.5435,41.1028,0,100,94,74,1430,3504,2.19861,0,11.2256,2.95807,0,3418,105956115055
47.4904,21.0569,41.1028,0,100,94,74,1430,3504,2.19861,0,11.2256,2.95807,0,3418,105977172928
44.5958,22.4236,41.1028,0,100,94,74,1430,3504,2.19861,0,11.2256,2.95807,0,3418,105999597804
57.8934,17.2731,41.1028,0,100,94,74,1430,3504,2.19861,0,11.2256,2.95807,0,3418,106016872036
51.2043,19.5296,41.1028,0,100,94,74,1430,3504,2.19861,0,11.2256,2.95807,0,3418,106036403072
48.258,20.722,41.1028,0,100,94,74,1430,3504,2.19861,0,11.2256,2.95807,0,3418,106057454311
53.5922,18.6594,46.247,0,100,93,74,1455,3504,2.19861,0,11.2108,2.95807,0,3400,106075786460
50.021,19.9916,46.247,0,100,93,74,1455,3504,2.19861,0,11.2108,2.95807,0,3400,106095779901
50.1914,19.9237,46.247,0,100,93,74,1455,3504,2.19861,0,11.2108,2.95807,0,3400,106115705662
51.871,19.2786,46.247,0,100,93,74,1455,3504,2.19861,0,11.2108,2.95807,0,3400,106134985704
50.4884,19.8065,46.247,0,100,93,74,1455,3504,2.19861,0,11.2108,2.95807,0,3400,106154793671
49.8437,20.0627,46.247,0,100,93,74,1455,3504,2.19861,0,11.2108,2.95807,0,3400,106174857641
52.786,18.9444,46.247,0,100,93,74,1455,3504,2.19861,0,11.2108,2.95807,0,3400,106193803224
50.7932,19.6877,46.247,0,100,93,74,1455,3504,2.19861,0,11.2108,2.95807,0,3400,106213492108
51.4613,19.4321,46.247,0,100,93,74,1455,3504,2.19861,0,11.2108,2.95807,0,3400,106232926176
52.6905,18.9788,46.247,0,100,93,74,1455,3504,2.19861,0,11.2108,2.95807,0,3400,106251906593
55.2465,18.1007,46.247,0,100,93,74,1455,3504,2.19861,0,11.2108,2.95807,0,3400,106270007854
49.7569,20.0977,46.247,0,100,93,74,1455,3504,2.19861,0,11.2108,2.95807,0,3400,106290106595
51.5408,19.4021,46.247,0,100,93,74,1455,3504,2.19861,0,11.2108,2.95807,0,3400,106309510092
52.5681,19.023,46.247,0,100,93,74,1455,3504,2.19861,0,11.2108,2.95807,0,3400,106328536200
48.0502,20.8116,46.247,0,100,93,74,1455,3504,2.19861,0,11.2108,2.95807,0,3400,106349347094
52.0065,19.2284,46.247,0,100,93,74,1455,3504,2.19861,0,11.2108,2.95807,0,3400,106368577335
53.8124,18.5831,46.247,0,100,93,74,1455,3504,2.19861,0,11.2108,2.95807,0,3400,106387161953
51.5227,19.4089,46.247,0,100,93,74,1455,3504,2.19861,0,11.2108,2.95807,0,3400,106406573798
49.3335,20.2702,46.247,0,100,93,74,1455,3504,2.19861,0,11.2108,2.95807,0,3400,106426845363
53.4519,18.7084,46.247,0,100,93,74,1455,3504,2.19861,0,11.2108,2.95807,0,3400,106445554352
55.4577,18.0318,46.247,0,100,93,74,1455,3504,2.19861,0,11.2108,2.95807,0,3400,106463586907
47.1603,21.2043,46.247,0,100,93,74,1455,3504,2.19861,0,11.2108,2.95807,0,3400,106484793056
48.7269,20.5226,46.247,0,100,93,74,1455,3504,2.19861,0,11.2108,2.95807,0,3400,106505317564
59.3422,16.8514,46.247,0,100,93,74,1455,3504,2.19861,0,11.2108,2.95807,0,3400,106522182653
51.7665,19.3175,46.247,0,100,93,74,1455,3504,2.19861,0,11.2108,2.95807,0,3400,106541489665
48.8354,20.4769,46.247,0,100,93,74,1455,3504,2.19861,0,11.2108,2.95807,0,3400,106561971703
52.3691,19.0952,45.1282,0,100,93,74,1455,3504,2.19861,0,11.2038,2.95807,0,3400,106581063522
51.3183,19.4862,45.1282,0,100,93,74,1455,3504,2.19861,0,11.2038,2.95807,0,3400,106600551985
44.7074,22.3677,45.1282,0,100,93,74,1455,3504,2.19861,0,11.2038,2.95807,0,3400,106622920224
64.0507,15.6126,45.1282,0,100,93,74,1455,3504,2.19861,0,11.2038,2.95807,0,3400,106638552271
50.7209,19.7157,45.1282,0,100,93,74,1455,3504,2.19861,0,11.2038,2.95807,0,3400,106658264350
50.004,19.9984,45.1282,0,100,93,74,1455,3504,2.19861,0,11.2038,2.95807,0,3400,106678250799
56.3422,17.7487,45.1282,0,100,93,74,1455,3504,2.19861,0,11.2038,2.95807,0,3400,106696001690
48.4554,20.6375,45.1282,0,100,93,74,1455,3504,2.19861,0,11.2038,2.95807,0,3400,106716639922
52.553,19.0284,45.1282,0,100,93,74,1455,3504,2.19861,0,11.2038,2.95807,0,3400,106735670352
52.614,19.0063,45.1282,0,100,93,74,1455,3504,2.19861,0,11.2038,2.95807,0,3400,106754678197
50.6577,19.7403,45.1282,0,100,93,74,1455,3504,2.19861,0,11.2038,2.95807,0,3400,106774419362
47.8361,20.9047,45.1282,0,100,93,74,1455,3504,2.19861,0,11.2038,2.95807,0,3400,106795326309
53.7603,18.6011,45.1282,0,100,93,74,1455,3504,2.19861,0,11.2038,2.95807,0,3400,106813928132
56.6364,17.6565,45.1282,0,100,93,74,1455,3504,2.19861,0,11.2038,2.95807,0,3400,106831585527
50.9377,19.6318,45.1282,0,100,93,74,1455,3504,2.19861,0,11.2038,2.95807,0,3400,106851220037
49.0238,20.3982,45.1282,0,100,93,74,1455,3504,2.19861,0,11.2038,2.95807,0,3400,106871617961
52.5169,19.0415,45.1282,0,100,93,74,1455,3504,2.19861,0,11.2038,2.95807,0,3400,106890661284
52.19,19.1608,45.1282,0,100,93,74,1455,3504,2.19861,0,11.2038,2.95807,0,3400,106909824147
52.656,18.9912,45.1282,0,100,93,74,1455,3504,2.19861,0,11.2038,2.95807,0,3400,106928817915
53.6688,18.6328,45.1282,0,100,93,74,1455,3504,2.19861,0,11.2038,2.95807,0,3400,106947450287
50.7107,19.7197,45.1282,0,100,93,74,1455,3504,2.19861,0,11.2038,2.95807,0,3400,106967288445
48.4814,20.6265,45.1282,0,100,93,74,1455,3504,2.19861,0,11.2038,2.95807,0,3400,106987798284
53.6734,18.6312,45.1282,0,100,93,74,1455,3504,2.19861,0,11.2038,2.95807,0,3400,107006431891
49.243,20.3075,45.1282,0,100,93,74,1455,3504,2.19861,0,11.2038,2.95807,0,3400,107026738926
50.6541,19.7418,45.1282,0,100,93,74,1455,3504,2.19861,0,11.2038,2.95807,0,3400,107046481986
54.3279,18.4068,45.1282,0,100,93,74,1455,3504,2.19861,0,11.2038,2.95807,0,3400,107064899391
52.3154,19.1148,47.25,0,100,93,74,1455,3504,2.19861,0,11.2041,2.95807,0,3400,107084005783
49.1082,20.3632,47.25,0,100,93,74,1455,3504,2.19861,0,11.2041,2.95807,0,3400,107104383459
57.6973,17.3318,47.25,0,100,93,74,1455,3504,2.19861,0,11.2041,2.95807,0,3400,107121704251
48.1774,20.7566,47.25,0,100,93,74,1455,3504,2.19861,0,11.2041,2.95807,0,3400,107142461781
53.6111,18.6529,47.25,0,100,93,74,1455,3504,2.19861,0,11.2041,2.95807,0,3400,107161115973
45.4479,22.0032,47.25,0,100,93,74,1455,3504,2.19861,0,11.2041,2.95807,0,3400,107183120474
56.3826,17.736,47.25,0,100,93,74,1455,3504,2.19861,0,11.2041,2.95807,0,3400,107200858655
54.7783,18.2554,47.25,0,100,93,74,1455,3504,2.19861,0,11.2041,2.95807,0,3400,107219115105
47.2362,21.1702,47.25,0,100,93,74,1455,3504,2.19861,0,11.2041,2.95807,0,3400,107240286756
57.3887,17.425,47.25,0,100,93,74,1455,3504,2.19861,0,11.2041,2.95807,0,3400,107257713248
46.6541,21.4343,47.25,0,100,93,74,1455,3504,2.19861,0,11.2041,2.95807,0,3400,107279148400
51.1612,19.5461,47.25,0,100,93,74,1455,3504,2.19861,0,11.2041,2.95807,0,3400,107298697448
58.5978,17.0655,47.25,0,100,93,74,1455,3504,2.19861,0,11.2041,2.95807,0,3400,107315762801
51.7988,19.3055,47.25,0,100,93,74,1455,3504,2.19861,0,11.2041,2.95807,0,3400,107335070124
50.6465,19.7447,47.25,0,100,93,74,1455,3504,2.19861,0,11.2041,2.95807,0,3400,107354817507
53.8873,18.5572,47.25,0,100,93,74,1455,3504,2.19861,0,11.2041,2.95807,0,3400,107373375343
50.3691,19.8534,47.25,0,100,93,74,1455,3504,2.19861,0,11.2041,2.95807,0,3400,107393231124
54.2689,18.4268,47.25,0,100,93,74,1455,3504,2.19861,0,11.2041,2.95807,0,3400,107411659922
47.8666,20.8914,47.25,0,100,93,74,1455,3504,2.19861,0,11.2041,2.95807,0,3400,107432552919
54.8062,18.2461,47.25,0,100,93,74,1455,3504,2.19861,0,11.2041,2.95807,0,3400,107450800400
50.4118,19.8366,47.25,0,100,93,74,1455,3504,2.19861,0,11.2041,2.95807,0,3400,107470637172
55.8621,17.9012,47.25,0,100,93,74,1455,3504,2.19861,0,11.2041,2.95807,0,3400,107488539338
50.7099,19.72,47.25,0,100,93,74,1455,3504,2.19861,0,11.2041,2.95807,0,3400,107508261082
50.6036,19.7614,47.25,0,100,93,74,1455,3504,2.19861,0,11.2041,2.95807,0,3400,107528024336
50.2278,19.9093,47.25,0,100,93,74,1455,3504,2.19861,0,11.2041,2.95807,0,3400,107547935054
52.8906,18.9069,47.25,0,100,93,74,1455,3504,2.19861,0,11.2041,2.95807,0,3400,107567207972
54.0124,18.5143,47,0,100,93,75,1455,3504,2.19861,0,11.204,2.95807,0,3400,107585359264
50.3987,19.8418,47,0,100,93,75,1455,3504,2.19861,0,11.204,2.95807,0,3400,107605202357
51.2668,19.5058,47,0,100,93,75,1455,3504,2.19861,0,11.204,2.95807,0,3400,107624709299
49.345,20.2655,47,0,100,93,75,1455,3504,2.19861,0,11.204,2.95807,0,3400,107644976089
53.0904,18.8358,47,0,100,93,75,1455,3504,2.19861,0,11.204,2.95807,0,3400,107663813351
56.7073,17.6344,47,0,100,93,75,1455,3504,2.19861,0,11.204,2.95807,0,3400,107681449396
50.5817,19.77,47,0,100,93,75,1455,3504,2.19861,0,11.204,2.95807,0,3400,107701234757
51.5649,19.393,47,0,100,93,75,1455,3504,2.19861,0,11.204,2.95807,0,3400,107720628513
53.3827,18.7327,47,0,100,93,75,1455,3504,2.19861,0,11.204,2.95807,0,3400,107739362408
51.6285,19.3692,47,0,100,93,75,1455,3504,2.19861,0,11.204,2.95807,0,3400,107758732993
51.0036,19.6064,47,0,100,93,75,1455,3504,2.19861,0,11.204,2.95807,0,3400,107778340286
50.4392,19.8259,47,0,100,93,75,1455,3504,2.19861,0,11.204,2.95807,0,3400,107798167533
50.5109,19.7977,47,0,100,93,75,1455,3504,2.19861,0,11.204,2.95807,0,3400,107817967426
55.2433,18.1018,47,0,100,93,75,1455,3504,2.19861,0,11.204,2.95807,0,3400,107836069538
50.8394,19.6698,47,0,100,93,75,1455,3504,2.19861,0,11.204,2.95807,0,3400,107855741747
45.2401,22.1043,47,0,100,93,75,1455,3504,2.19861,0,11.204,2.95807,0,3400,107877847549
50.205,19.9183,47,0,100,93,75,1455,3504,2.19861,0,11.204,2.95807,0,3400,107897767886
45.4867,21.9844,47,0,100,93,75,1455,3504,2.19861,0,11.204,2.95807,0,3400,107919752781
72.1019,13.8693,47,0,100,93,75,1455,3504,2.19861,0,11.204,2.95807,0,3400,107933623381
59.7773,16.7288,47,0,100,93,75,1455,3504,2.19861,0,11.204,2.95807,0,3400,107950354091
49.5317,20.1891,47,0,100,93,75,1455,3504,2.19861,0,11.204,2.95807,0,3400,107970543876
46.7703,21.3811,47,0,100,93,75,1455,3504,2.19861,0,11.204,2.95807,0,3400,107991926646
57.9738,17.2492,47,0,100,93,75,1455,3504,2.19861,0,11.204,2.95807,0,3400,108009178018
53.2207,18.7897,47,0,100,93,75,1455,3504,2.19861,0,11.204,2.95807,0,3400,108027968289
49.2988,20.2845,47,0,100,93,75,1455,3504,2.19861,0,11.204,2.95807,0,3400,108048253296
53.0353,18.8554,47,0,100,93,75,1455,3504,2.19861,0,11.204,2.95807,0,3400,108067116440
50.6658,19.7372,56.9231,0,100,96,74,1455,3504,2.19861,0,11.2321,2.95807,0,3400,108086849296
41.2881,24.22,56.9231,0,100,96,74,1455,3504,2.19861,0,11.2321,2.95807,0,3400,108111071301
43.3087,23.0901,56.9231,0,100,96,74,1455,3504,2.19861,0,11.2321,2.95807,0,3400,108134162740
40.6145,24.6217,56.9231,0,100,96,74,1455,3504,2.19861,0,11.2321,2.95807,0,3400,108158785128
65.9285,15.1679,56.9231,0,100,96,74,1455,3504,2.19861,0,11.2321,2.95807,0,3400,108173955115
65.5135,15.264,56.9231,0,100,96,74,1455,3504,2.19861,0,11.2321,2.95807,0,3400,108189219916
65.4321,15.283,56.9231,0,100,96,74,1455,3504,2.19861,0,11.2321,2.95807,0,3400,108204507235
61.0271,16.3862,56.9231,0,100,96,74,1455,3504,2.19861,0,11.2321,2.95807,0,3400,108220892956
59.5113,16.8035,56.9231,0,100,96,74,1455,3504,2.19861,0,11.2321,2.95807,0,3400,108237697374
48.7688,20.5049,56.9231,0,100,96,74,1455,3504,2.19861,0,11.2321,2.95807,0,3400,108258204683
51.7459,19.3252,56.9231,0,100,96,74,1455,3504,2.19861,0,11.2321,2.95807,0,3400,108277531492
52.6745,18.9845,56.9231,0,100,96,74,1455,3504,2.19861,0,11.2321,2.95807,0,3400,108296516953
56.2853,17.7666,56.9231,0,100,96,74,1455,3504,2.19861,0,11.2321,2.95807,0,3400,108314284619
51.5265,19.4075,56.9231,0,100,96,74,1455,3504,2.19861,0,11.2321,2.95807,0,3400,108333693275
45.4745,21.9904,56.9231,0,100,96,74,1455,3504,2.19861,0,11.2321,2.95807,0,3400,108355684569
62.6665,15.9575,56.9231,0,100,96,74,1455,3504,2.19861,0,11.2321,2.95807,0,3400,108371642444
49.1132,20.3611,56.9231,0,100,96,74,1455,3504,2.19861,0,11.2321,2.95807,0,3400,108392005481
56.0773,17.8325,56.9231,0,100,96,74,1455,3504,2.19861,0,11.2321,2.95807,0,3400,108409840598
50.9538,19.6256,56.9231,0,100,96,74,1455,3504,2.19861,0,11.2321,2.95807,0,3400,108429466905
54.5036,18.3474,56.9231,0,100,96,74,1455,3504,2.19861,0,11.2321,2.95807,0,3400,108447814931
51.9102,19.264,56.9231,0,100,96,74,1455,3504,2.19861,0,11.2321,2.95807,0,3400,108467080105
58.289,17.1559,56.9231,0,100,96,74,1455,3504,2.19861,0,11.2321,2.95807,0,3400,108484237620
50.2917,19.884,56.9231,0,100,96,74,1455,3504,2.19861,0,11.2321,2.95807,0,3400,108504122106
50.5003,19.8019,56.9231,0,100,96,74,1455,3504,2.19861,0,11.2321,2.95807,0,3400,108523925563
57.2997,17.4521,56.9231,0,100,96,74,1455,3504,2.19861,0,11.2321,2.95807,0,3400,108541377690
54.9958,18.1832,56.9231,0,100,96,74,1455,3504,2.19861,0,11.2321,2.95807,0,3400,108559562589
50.9037,19.645,56.9231,0,100,96,74,1455,3504,2.19861,0,11.2321,2.95807,0,3400,108579217582
60.9045,16.4192,59.3137,0,99,96,75,1455,3504,2.19864,0,11.2429,2.95758,0,3425,108595629503
57.8511,17.2857,59.3137,0,99,96,75,1455,3504,2.19864,0,11.2429,2.95758,0,3425,108612917143
52.2161,19.1512,59.3137,0,99,96,75,1455,3504,2.19864,0,11.2429,2.95758,0,3425,108632068009
56.7431,17.6233,59.3137,0,99,96,75,1455,3504,2.19864,0,11.2429,2.95758,0,3425,108649693227
51.9073,19.2651,59.3137,0,99,96,75,1455,3504,2.19864,0,11.2429,2.95758,0,3425,108668960668
49.541,20.1853,59.3137,0,99,96,75,1455,3504,2.19864,0,11.2429,2.95758,0,3425,108689147741
66.5417,15.0282,59.3137,0,99,96,75,1455,3504,2.19864,0,11.2429,2.95758,0,3425,108704176016
48.1614,20.7635,59.3137,0,99,96,75,1455,3504,2.19864,0,11.2429,2.95758,0,3425,108724941817
60.2078,16.6091,59.3137,0,99,96,75,1455,3504,2.19864,0,11.2429,2.95758,0,3425,108741551532
50.4938,19.8044,59.3137,0,99,96,75,1455,3504,2.19864,0,11.2429,2.95758,0,3425,108761357838
56.2277,17.7848,59.3137,0,99,96,75,1455,3504,2.19864,0,11.2429,2.95758,0,3425,108779144911
53.8465,18.5713,59.3137,0,99,96,75,1455,3504,2.19864,0,11.2429,2.95758,0,3425,108797716325
48.8816,20.4576,59.3137,0,99,96,75,1455,3504,2.19864,0,11.2429,2.95758,0,3425,108818176299
64.4212,15.5228,59.3137,0,99,96,75,1455,3504,2.19864,0,11.2429,2.95758,0,3425,108833700811
49.7733,20.0911,59.3137,0,99,96,75,1455,3504,2.19864,0,11.2429,2.95758,0,3425,108853792304
56.5902,17.6709,59.3137,0,99,96,75,1455,3504,2.19864,0,11.2429,2.95758,0,3425,108871464782
56.0593,17.8382,59.3137,0,99,96,75,1455,3504,2.19864,0,11.2429,2.95758,0,3425,108889304489
54.61,18.3117,59.3137,0,99,96,75,1455,3504,2.19864,0,11.2429,2.95758,0,3425,108907617718
52.1101,19.1901,59.3137,0,99,96,75,1455,3504,2.19864,0,11.2429,2.95758,0,3425,108926807520
54.3635,18.3947,59.3137,0,99,96,75,1455,3504,2.19864,0,11.2429,2.95758,0,3425,108945204903
54.5113,18.3448,59.3137,0,99,96,75,1455,3504,2.19864,0,11.2429,2.95758,0,3425,108963550275
53.2855,18.7668,59.3137,0,99,96,75,1455,3504,2.19864,0,11.2429,2.95758,0,3425,108982318196
59.4147,16.8308,59.3137,0,99,96,75,1455,3504,2.19864,0,11.2429,2.95758,0,3425,108999150738
54.0293,18.5085,59.3137,0,99,96,75,1455,3504,2.19864,0,11.2429,2.95758,0,3425,109017659523
49.363,20.2581,59.3137,0,99,96,75,1455,3504,2.19864,0,11.2429,2.95758,0,3425,109037919911
58.6064,17.063,59.3137,0,99,96,75,1455,3504,2.19864,0,11.2429,2.95758,0,3425,109054984516
56.5807,17.6739,59.3137,0,99,96,75,1455,3504,2.19864,0,11.2429,2.95758,0,3425,109072658235
51.1278,19.5588,59.3137,0,99,96,75,1455,3504,2.19864,0,11.2429,2.95758,0,3425,109092223737
54.4068,18.3801,49.8765,0,99,87,75,1527,3504,2.19879,0,11.258,2.95758,0,3400,109110600804
54.5955,18.3165,49.8765,0,99,87,75,1527,3504,2.19879,0,11.258,2.95758,0,3400,109128917987
57.1407,17.5006,49.8765,0,99,87,75,1527,3504,2.19879,0,11.258,2.95758,0,3400,109146420690
52.3863,19.0889,49.8765,0,99,87,75,1527,3504,2.19879,0,11.258,2.95758,0,3400,109165512228
54.1286,18.4745,49.8765,0,99,87,75,1527,3504,2.19879,0,11.258,2.95758,0,3400,109183987197
54.0084,18.5157,49.8765,0,99,87,75,1527,3504,2.19879,0,11.258,2.95758,0,3400,109202505359
52.3636,19.0972,49.8765,0,99,87,75,1527,3504,2.19879,0,11.258,2.95758,0,3400,109221603497
56.0778,17.8324,49.8765,0,99,87,75,1527,3504,2.19879,0,11.258,2.95758,0,3400,109239437990
48.9065,20.4472,49.8765,0,99,87,75,1527,3504,2.19879,0,11.258,2.95758,0,3400,109259887160
59.4438,16.8226,49.8765,0,99,87,75,1527,3504,2.19879,0,11.258,2.95758,0,3400,109276710743
54.8248,18.2399,49.8765,0,99,87,75,1527,3504,2.19879,0,11.258,2.95758,0,3400,109294951109
54.5188,18.3423,49.8765,0,99,87,75,1527,3504,2.19879,0,11.258,2.95758,0,3400,109313295637
54.5579,18.3291,49.8765,0,99,87,75,1527,3504,2.19879,0,11.258,2.95758,0,3400,109331624871
52.8381,18.9257,49.8765,0,99,87,75,1527,3504,2.19879,0,11.258,2.95758,0,3400,109350552918
55.8662,17.8999,49.8765,0,99,87,75,1527,3504,2.19879,0,11.258,2.95758,0,3400,109368453556
52.0603,19.2085,49.8765,0,99,87,75,1527,3504,2.19879,0,11.258,2.95758,0,3400,109387663236
41.779,23.9355,49.8765,0,99,87,75,1527,3504,2.19879,0,11.258,2.95758,0,3400,109411600793
68.5947,14.5784,49.8765,0,99,87,75,1527,3504,2.19879,0,11.258,2.95758,0,3400,109426181489
59.6857,16.7544,49.8765,0,99,87,75,1527,3504,2.19879,0,11.258,2.95758,0,3400,109442937023
47.1356,21.2154,49.8765,0,99,87,75,1527,3504,2.19879,0,11.258,2.95758,0,3400,109464153558
62.1025,16.1024,49.8765,0,99,87,75,1527,3504,2.19879,0,11.258,2.95758,0,3400,109480256481
52.4366,19.0706,49.8765,0,99,87,75,1527,3504,2.19879,0,11.258,2.95758,0,3400,109499352529
50.0474,19.9811,49.8765,0,99,87,75,1527,3504,2.19879,0,11.258,2.95758,0,3400,109519334926
59.0904,16.9232,49.8765,0,99,87,75,1527,3504,2.19879,0,11.258,2.95758,0,3400,109536259249
51.5106,19.4135,49.8765,0,99,87,75,1527,3504,2.19879,0,11.258,2.95758,0,3400,109555674733
57.9077,17.2689,49.8765,0,99,87,75,1527,3504,2.19879,0,11.258,2.95758,0,3400,109572944303
54.2556,18.4313,49.8765,0,99,87,75,1527,3504,2.19879,0,11.258,2.95758,0,3400,109591376531
50.7347,19.7104,49.8765,0,99,87,75,1527,3504,2.19879,0,11.258,2.95758,0,3400,109611095154
54.0157,18.5131,54.1667,0,100,87,76,1550,3504,2.19879,0,11.2584,2.95758,0,3400,109629603549
61.0869,16.3701,54.1667,0,100,87,76,1550,3504,2.19879,0,11.2584,2.95758,0,3400,109645974940
47.021,21.2671,54.1667,0,100,87,76,1550,3504,2.19879,0,11.2584,2.95758,0,3400,109667244306
61.5706,16.2415,54.1667,0,100,87,76,1550,3504,2.19879,0,11.2584,2.95758,0,3400,109683486264
47.0065,21.2737,54.1667,0,100,87,76,1550,3504,2.19879,0,11.2584,2.95758,0,3400,109704761290
61.2627,16.3232,54.1667,0,100,87,76,1550,3504,2.19879,0,11.2584,2.95758,0,3400,109721085102
46.9822,21.2847,54.1667,0,100,87,76,1550,3504,2.19879,0,11.2584,2.95758,0,3400,109742370366
58.0807,17.2174,54.1667,0,100,87,76,1550,3504,2.19879,0,11.2584,2.95758,0,3400,109759589843
56.081,17.8313,54.1667,0,100,87,76,1550,3504,2.19879,0,11.2584,2.95758,0,3400,109777422985
55.9408,17.8761,54.1667,0,100,87,76,1550,3504,2.19879,0,11.2584,2.95758,0,3400,109795300102
58.2197,17.1763,54.1667,0,100,87,76,1550,3504,2.19879,0,11.2584,2.95758,0,3400,109812477778
53.9714,18.5283,54.1667,0,100,87,76,1550,3504,2.19879,0,11.2584,2.95758,0,3400,109831007029
54.2886,18.4201,54.1667,0,100,87,76,1550,3504,2.19879,0,11.2584,2.95758,0,3400,109849428559
56.3934,17.7326,54.1667,0,100,87,76,1550,3504,2.19879,0,11.2584,2.95758,0,3400,109867161086
47.3298,21.1283,54.1667,0,100,87,76,1550,3504,2.19879,0,11.2584,2.95758,0,3400,109888291251
58.0214,17.235,54.1667,0,100,87,76,1550,3504,2.19879,0,11.2584,2.95758,0,3400,109905527483
50.2637,19.8951,54.1667,0,100,87,76,1550,3504,2.19879,0,11.2584,2.95758,0,3400,109925423594
59.6701,16.7588,54.1667,0,100,87,76,1550,3504,2.19879,0,11.2584,2.95758,0,3400,109942184219
53.2868,18.7664,54.1667,0,100,87,76,1550,3504,2.19879,0,11.2584,2.95758,0,3400,109960952717
52.3915,19.0871,54.1667,0,100,87,76,1550,3504,2.19879,0,11.2584,2.95758,0,3400,109980040554
52.6695,18.9863,54.1667,0,100,87,76,1550,3504,2.19879,0,11.2584,2.95758,0,3400,109999028373
51.694,19.3446,54.1667,0,100,87,76,1550,3504,2.19879,0,11.2584,2.95758,0,3400,110018373721
