os,cpu,gpu,ram,kernel,driver,cpuscheduler
Steam Runtime 4,Intel Core i7-7700HQ CPU @ 2.80GHz,NVIDIA GeForce GTX 1050 Ti,24468604,6.12.108-1-MANJARO,,schedutil
fps,frametime,cpu_load,cpu_power,gpu_load,cpu_temp,gpu_temp,gpu_core_clock,gpu_mem_clock,gpu_vram_used,gpu_power,ram_used,swap_used,process_rss,cpu_mhz,elapsed
49.1922,20.3284,62.1622,0,100,82,46,1204,2452,0.888715,0,16.1463,2.20802,0,3404,468671547
41.0799,24.3428,62.1622,0,100,82,46,1204,2452,0.888715,0,16.1463,2.20802,0,3404,493015807
51.7345,19.3295,62.1622,0,100,82,46,1204,2452,0.888715,0,16.1463,2.20802,0,3404,512346692
45.3903,22.0312,62.1622,0,100,82,46,1204,2452,0.888715,0,16.1463,2.20802,0,3404,534379163
46.0954,21.6941,62.1622,0,100,82,46,1204,2452,0.888715,0,16.1463,2.20802,0,3404,556074370
50.5394,19.7866,62.1622,0,100,82,46,1204,2452,0.888715,0,16.1463,2.20802,0,3404,575862089
42.6375,23.4535,62.1622,0,100,82,46,1204,2452,0.888715,0,16.1463,2.20802,0,3404,599322215
46.2676,21.6134,62.1622,0,100,82,46,1204,2452,0.888715,0,16.1463,2.20802,0,3404,620934166
46.5596,21.4779,62.1622,0,100,82,46,1204,2452,0.888715,0,16.1463,2.20802,0,3404,642412594
48.4215,20.652,62.1622,0,100,82,46,1204,2452,0.888715,0,16.1463,2.20802,0,3404,663067033
45.8696,21.8009,62.1622,0,100,82,46,1204,2452,0.888715,0,16.1463,2.20802,0,3404,684867086
48.3581,20.679,62.1622,0,100,82,46,1204,2452,0.888715,0,16.1463,2.20802,0,3404,705548407
46.0511,21.715,62.1622,0,100,82,46,1204,2452,0.888715,0,16.1463,2.20802,0,3404,727264253
44.5403,22.4516,62.1622,0,100,82,46,1204,2452,0.888715,0,16.1463,2.20802,0,3404,749717617
46.492,21.5091,62.1622,0,100,82,46,1204,2452,0.888715,0,16.1463,2.20802,0,3404,771227883
52.1675,19.169,62.1622,0,100,82,46,1204,2452,0.888715,0,16.1463,2.20802,0,3404,790397427
45.3194,22.0656,62.1622,0,100,82,46,1204,2452,0.888715,0,16.1463,2.20802,0,3404,812465345
45.4486,22.0029,62.1622,0,100,82,46,1204,2452,0.888715,0,16.1463,2.20802,0,3404,834468102
45.0995,22.1732,62.1622,0,100,82,46,1204,2452,0.888715,0,16.1463,2.20802,0,3404,856643038
49.5036,20.2005,62.1622,0,100,82,46,1204,2452,0.888715,0,16.1463,2.20802,0,3404,876843978
42.9851,23.2639,62.1622,0,100,82,46,1204,2452,0.888715,0,16.1463,2.20802,0,3404,900110944
52.2446,19.1407,62.1622,0,100,82,46,1204,2452,0.888715,0,16.1463,2.20802,0,3404,919251923
46.7864,21.3737,62.1622,0,100,82,46,1204,2452,0.888715,0,16.1463,2.20802,0,3404,940629741
47.0372,21.2598,61.6505,0,100,82,66,1721,3504,1.27521,0,16.1986,2.26832,0,3413,961888310
42.3654,23.6041,61.6505,0,100,82,66,1721,3504,1.27521,0,16.1986,2.26832,0,3413,985500335
49.0533,20.386,61.6505,0,100,82,66,1721,3504,1.27521,0,16.1986,2.26832,0,3413,1005887378
49.159,20.3422,61.6505,0,100,82,66,1721,3504,1.27521,0,16.1986,2.26832,0,3413,1026230313
41.9556,23.8347,61.6505,0,100,82,66,1721,3504,1.27521,0,16.1986,2.26832,0,3413,1050066302
48.9892,20.4127,61.6505,0,100,82,66,1721,3504,1.27521,0,16.1986,2.26832,0,3413,1070481987
47.9882,20.8385,61.6505,0,100,82,66,1721,3504,1.27521,0,16.1986,2.26832,0,3413,1091320718
49.0383,20.3922,61.6505,0,100,82,66,1721,3504,1.27521,0,16.1986,2.26832,0,3413,1111715006
36.7451,27.2145,61.6505,0,100,82,66,1721,3504,1.27521,0,16.1986,2.26832,0,3413,1138929585
61.2619,16.3234,61.6505,0,100,82,66,1721,3504,1.27521,0,16.1986,2.26832,0,3413,1155254192
43.1884,23.1543,61.6505,0,100,82,66,1721,3504,1.27521,0,16.1986,2.26832,0,3413,1178408893
46.6256,21.4475,61.6505,0,100,82,66,1721,3504,1.27521,0,16.1986,2.26832,0,3413,1199858956
48.2391,20.7301,61.6505,0,100,82,66,1721,3504,1.27521,0,16.1986,2.26832,0,3413,1220590251
46.8402,21.3492,61.6505,0,100,82,66,1721,3504,1.27521,0,16.1986,2.26832,0,3413,1241940181
46.0774,21.7026,61.6505,0,100,82,66,1721,3504,1.27521,0,16.1986,2.26832,0,3413,1263644123
44.4749,22.4846,61.6505,0,100,82,66,1721,3504,1.27521,0,16.1986,2.26832,0,3413,1286131350
49.6748,20.1309,61.6505,0,100,82,66,1721,3504,1.27521,0,16.1986,2.26832,0,3413,1306262403
34.1348,29.2956,61.6505,0,100,82,66,1721,3504,1.27521,0,16.1986,2.26832,0,3413,1335559440
59.6946,16.7519,61.6505,0,100,82,66,1721,3504,1.27521,0,16.1986,2.26832,0,3413,1352318020
50.0521,19.9792,61.6505,0,100,82,66,1721,3504,1.27521,0,16.1986,2.26832,0,3413,1372296544
48.4467,20.6413,61.6505,0,100,82,66,1721,3504,1.27521,0,16.1986,2.26832,0,3413,1392937511
48.2275,20.7351,61.6505,0,100,82,66,1721,3504,1.27521,0,16.1986,2.26832,0,3413,1413674570
46.8018,21.3667,61.6505,0,100,82,66,1721,3504,1.27521,0,16.1986,2.26832,0,3413,1435041767
48.4096,20.6571,61.6505,0,100,82,66,1721,3504,1.27521,0,16.1986,2.26832,0,3413,1455705985
43.0454,23.2313,64.5161,0,100,83,66,1721,3504,1.27521,0,16.179,2.32276,0,3400,1478933244
48.0123,20.828,64.5161,0,100,83,66,1721,3504,1.27521,0,16.179,2.32276,0,3400,1499762326
48.3477,20.6835,64.5161,0,100,83,66,1721,3504,1.27521,0,16.179,2.32276,0,3400,1520449095
46.282,21.6067,64.5161,0,100,83,66,1721,3504,1.27521,0,16.179,2.32276,0,3400,1542055612
45.2755,22.087,64.5161,0,100,83,66,1721,3504,1.27521,0,16.179,2.32276,0,3400,1564143702
46.8104,21.3628,64.5161,0,100,83,66,1721,3504,1.27521,0,16.179,2.32276,0,3400,1585509362
45.4928,21.9815,64.5161,0,100,83,66,1721,3504,1.27521,0,16.179,2.32276,0,3400,1607492001
47.917,20.8694,64.5161,0,100,83,66,1721,3504,1.27521,0,16.179,2.32276,0,3400,1628361011
47.1001,21.2314,64.5161,0,100,83,66,1721,3504,1.27521,0,16.179,2.32276,0,3400,1649595639
46.4522,21.5275,64.5161,0,100,83,66,1721,3504,1.27521,0,16.179,2.32276,0,3400,1671130363
47.7764,20.9308,64.5161,0,100,83,66,1721,3504,1.27521,0,16.179,2.32276,0,3400,1692054482
46.4655,21.5213,64.5161,0,100,83,66,1721,3504,1.27521,0,16.179,2.32276,0,3400,1713577908
44.1702,22.6397,64.5161,0,100,83,66,1721,3504,1.27521,0,16.179,2.32276,0,3400,1736218277
48.6374,20.5603,64.5161,0,100,83,66,1721,3504,1.27521,0,16.179,2.32276,0,3400,1756779933
47.8187,20.9123,64.5161,0,100,83,66,1721,3504,1.27521,0,16.179,2.32276,0,3400,1777693395
44.8143,22.3143,64.5161,0,100,83,66,1721,3504,1.27521,0,16.179,2.32276,0,3400,1800009401
48.8435,20.4736,64.5161,0,100,83,66,1721,3504,1.27521,0,16.179,2.32276,0,3400,1820484343
38.4517,26.0066,64.5161,0,100,83,66,1721,3504,1.27521,0,16.179,2.32276,0,3400,1846492584
60.3351,16.5741,64.5161,0,100,83,66,1721,3504,1.27521,0,16.179,2.32276,0,3400,1863067673
44.2563,22.5956,64.5161,0,100,83,66,1721,3504,1.27521,0,16.179,2.32276,0,3400,1885668158
46.2936,21.6013,64.5161,0,100,83,66,1721,3504,1.27521,0,16.179,2.32276,0,3400,1907266710
44.9213,22.2611,64.5161,0,100,83,66,1721,3504,1.27521,0,16.179,2.32276,0,3400,1929529665
48.6629,20.5495,64.5161,0,100,83,66,1721,3504,1.27521,0,16.179,2.32276,0,3400,1950082328
46.0232,21.7282,64.5161,0,100,83,66,1721,3504,1.27521,0,16.179,2.32276,0,3400,1971813812
45.0081,22.2182,57.75,0,100,83,66,1721,3504,1.2811,0,16.1103,2.38111,0,3400,1994029931
47.2533,21.1625,57.75,0,100,83,66,1721,3504,1.2811,0,16.1103,2.38111,0,3400,2015193146
49.874,20.0505,57.75,0,100,83,66,1721,3504,1.2811,0,16.1103,2.38111,0,3400,2035247174
47.2868,21.1475,57.75,0,100,83,66,1721,3504,1.2811,0,16.1103,2.38111,0,3400,2056394258
44.2546,22.5965,57.75,0,100,83,66,1721,3504,1.2811,0,16.1103,2.38111,0,3400,2078996173
45.7133,21.8755,57.75,0,100,83,66,1721,3504,1.2811,0,16.1103,2.38111,0,3400,2100869991
49.4611,20.2179,57.75,0,100,83,66,1721,3504,1.2811,0,16.1103,2.38111,0,3400,2121090117
44.0567,22.698,57.75,0,100,83,66,1721,3504,1.2811,0,16.1103,2.38111,0,3400,2143787554
43.222,23.1364,57.75,0,100,83,66,1721,3504,1.2811,0,16.1103,2.38111,0,3400,2166925084
51.114,19.5641,57.75,0,100,83,66,1721,3504,1.2811,0,16.1103,2.38111,0,3400,2186491332
50.9294,19.635,57.75,0,100,83,66,1721,3504,1.2811,0,16.1103,2.38111,0,3400,2206126109
47.0605,21.2493,57.75,0,100,83,66,1721,3504,1.2811,0,16.1103,2.38111,0,3400,2227377540
41.0888,24.3375,57.75,0,100,83,66,1721,3504,1.2811,0,16.1103,2.38111,0,3400,2251717160
52.5862,19.0164,57.75,0,100,83,66,1721,3504,1.2811,0,16.1103,2.38111,0,3400,2270733559
46.7558,21.3877,57.75,0,100,83,66,1721,3504,1.2811,0,16.1103,2.38111,0,3400,2292121880
47.3022,21.1407,57.75,0,100,83,66,1721,3504,1.2811,0,16.1103,2.38111,0,3400,2313264232
46.1933,21.6482,57.75,0,100,83,66,1721,3504,1.2811,0,16.1103,2.38111,0,3400,2334913129
44.0064,22.724,57.75,0,100,83,66,1721,3504,1.2811,0,16.1103,2.38111,0,3400,2357638255
48.4003,20.661,57.75,0,100,83,66,1721,3504,1.2811,0,16.1103,2.38111,0,3400,2378302353
41.9517,23.8369,57.75,0,100,83,66,1721,3504,1.2811,0,16.1103,2.38111,0,3400,2402145407
52.9804,18.8749,57.75,0,100,83,66,1721,3504,1.2811,0,16.1103,2.38111,0,3400,2421017240
45.9101,21.7817,57.75,0,100,83,66,1721,3504,1.2811,0,16.1103,2.38111,0,3400,2442800657
44.1597,22.6451,57.75,0,100,83,66,1721,3504,1.2811,0,16.1103,2.38111,0,3400,2465446603
50.1362,19.9457,57.75,0,100,83,66,1721,3504,1.2811,0,16.1103,2.38111,0,3400,2485395975
39.9652,25.0218,62.4378,0,100,84,66,1721,3504,1.2932,0,16.072,2.43214,0,3426,2510415832
55.2032,18.1149,62.4378,0,100,84,66,1721,3504,1.2932,0,16.072,2.43214,0,3426,2528533744
46.8457,21.3467,62.4378,0,100,84,66,1721,3504,1.2932,0,16.072,2.43214,0,3426,2549882039
47.9266,20.8652,62.4378,0,100,84,66,1721,3504,1.2932,0,16.072,2.43214,0,3426,2570747322
46.5843,21.4665,62.4378,0,100,84,66,1721,3504,1.2932,0,16.072,2.43214,0,3426,2592214539
43.9956,22.7295,62.4378,0,100,84,66,1721,3504,1.2932,0,16.072,2.43214,0,3426,2614945751
45.3517,22.0499,62.4378,0,100,84,66,1721,3504,1.2932,0,16.072,2.43214,0,3426,2636997231
46.6232,21.4486,62.4378,0,100,84,66,1721,3504,1.2932,0,16.072,2.43214,0,3426,2658445809
40.5178,24.6805,62.4378,0,100,84,66,1721,3504,1.2932,0,16.072,2.43214,0,3426,2683128771
57.8183,17.2956,62.4378,0,100,84,66,1721,3504,1.2932,0,16.072,2.43214,0,3426,2700424664
45.3289,22.061,62.4378,0,100,84,66,1721,3504,1.2932,0,16.072,2.43214,0,3426,2722487109
44.4143,22.5153,62.4378,0,100,84,66,1721,3504,1.2932,0,16.072,2.43214,0,3426,2745005302
38.8153,25.763,62.4378,0,100,84,66,1721,3504,1.2932,0,16.072,2.43214,0,3426,2770769269
58.5228,17.0874,62.4378,0,100,84,66,1721,3504,1.2932,0,16.072,2.43214,0,3426,2787856695
46.8989,21.3224,62.4378,0,100,84,66,1721,3504,1.2932,0,16.072,2.43214,0,3426,2809179516
49.1128,20.3613,62.4378,0,100,84,66,1721,3504,1.2932,0,16.072,2.43214,0,3426,2829542763
42.096,23.7552,62.4378,0,100,84,66,1721,3504,1.2932,0,16.072,2.43214,0,3426,2853301796
49.8773,20.0492,62.4378,0,100,84,66,1721,3504,1.2932,0,16.072,2.43214,0,3426,2873349327
48.6492,20.5553,62.4378,0,100,84,66,1721,3504,1.2932,0,16.072,2.43214,0,3426,2893908503
38.2369,26.1527,62.4378,0,100,84,66,1721,3504,1.2932,0,16.072,2.43214,0,3426,2920061226
60.0721,16.6467,62.4378,0,100,84,66,1721,3504,1.2932,0,16.072,2.43214,0,3426,2936709101
31.9072,31.3409,62.4378,0,100,84,66,1721,3504,1.2932,0,16.072,2.43214,0,3426,2968050754
73.2468,13.6525,62.4378,0,100,84,66,1721,3504,1.2932,0,16.072,2.43214,0,3426,2981708384
48.5306,20.6056,62.4378,0,100,84,66,1721,3504,1.2932,0,16.072,2.43214,0,3426,3002331678
42.6967,23.421,60.1467,0,100,84,66,1721,3504,1.30291,0,16.0681,2.49049,0,3400,3025744498
51.86,19.2827,60.1467,0,100,84,66,1721,3504,1.30291,0,16.0681,2.49049,0,3400,3045028129
48.0492,20.812,60.1467,0,100,84,66,1721,3504,1.30291,0,16.0681,2.49049,0,3400,3065844244
44.9067,22.2684,60.1467,0,100,84,66,1721,3504,1.30291,0,16.0681,2.49049,0,3400,3088111843
35.0452,28.5346,60.1467,0,100,84,66,1721,3504,1.30291,0,16.0681,2.49049,0,3400,3116647782
79.6054,12.562,60.1467,0,100,84,66,1721,3504,1.30291,0,16.0681,2.49049,0,3400,3129210895
39.7583,25.152,60.1467,0,100,84,66,1721,3504,1.30291,0,16.0681,2.49049,0,3400,3154364432
56.0104,17.8538,60.1467,0,100,84,66,1721,3504,1.30291,0,16.0681,2.49049,0,3400,3172217431
46.5112,21.5002,60.1467,0,100,84,66,1721,3504,1.30291,0,16.0681,2.49049,0,3400,3193718777
37.3701,26.7594,60.1467,0,100,84,66,1721,3504,1.30291,0,16.0681,2.49049,0,3400,3220481503
46.7962,21.3693,60.1467,0,100,84,66,1721,3504,1.30291,0,16.0681,2.49049,0,3400,3241851421
57.8767,17.2781,60.1467,0,100,84,66,1721,3504,1.30291,0,16.0681,2.49049,0,3400,3259130367
49.3434,20.2661,60.1467,0,100,84,66,1721,3504,1.30291,0,16.0681,2.49049,0,3400,3279398620
45.7323,21.8664,60.1467,0,100,84,66,1721,3504,1.30291,0,16.0681,2.49049,0,3400,3301265272
43.8303,22.8153,60.1467,0,100,84,66,1721,3504,1.30291,0,16.0681,2.49049,0,3400,3324081975
46.698,21.4142,60.1467,0,100,84,66,1721,3504,1.30291,0,16.0681,2.49049,0,3400,3345497031
51.8289,19.2943,60.1467,0,100,84,66,1721,3504,1.30291,0,16.0681,2.49049,0,3400,3364792568
40.3479,24.7844,60.1467,0,100,84,66,1721,3504,1.30291,0,16.0681,2.49049,0,3400,3389578831
56.448,17.7154,60.1467,0,100,84,66,1721,3504,1.30291,0,16.0681,2.49049,0,3400,3407294808
37.116,26.9426,60.1467,0,100,84,66,1721,3504,1.30291,0,16.0681,2.49049,0,3400,3434258273
64.4999,15.5039,60.1467,0,100,84,66,1721,3504,1.30291,0,16.0681,2.49049,0,3400,3449744849
45.955,21.7604,60.1467,0,100,84,66,1721,3504,1.30291,0,16.0681,2.49049,0,3400,3471508638
43.3634,23.0609,60.1467,0,100,84,66,1721,3504,1.30291,0,16.0681,2.49049,0,3400,3494569740
46.7589,21.3863,60.1467,0,100,84,66,1721,3504,1.30291,0,16.0681,2.49049,0,3400,3515958284
38.0544,26.2782,62.6866,0,100,85,66,1721,3504,1.31339,0,16.0351,2.57716,0,3403,3542236602
64.8129,15.429,62.6866,0,100,85,66,1721,3504,1.31339,0,16.0351,2.57716,0,3403,3557666595
46.8847,21.3289,62.6866,0,100,85,66,1721,3504,1.31339,0,16.0351,2.57716,0,3403,3578997926
49.5877,20.1663,62.6866,0,100,85,66,1721,3504,1.31339,0,16.0351,2.57716,0,3403,3599163102
46.2343,21.6289,62.6866,0,100,85,66,1721,3504,1.31339,0,16.0351,2.57716,0,3403,3620809086
49.4337,20.2291,62.6866,0,100,85,66,1721,3504,1.31339,0,16.0351,2.57716,0,3403,3641042087
47.5393,21.0352,62.6866,0,100,85,66,1721,3504,1.31339,0,16.0351,2.57716,0,3403,3662060780
46.0213,21.7291,62.6866,0,100,85,66,1721,3504,1.31339,0,16.0351,2.57716,0,3403,3683788803
44.7311,22.3558,62.6866,0,100,85,66,1721,3504,1.31339,0,16.0351,2.57716,0,3403,3706146220
39.9748,25.0158,62.6866,0,100,85,66,1721,3504,1.31339,0,16.0351,2.57716,0,3403,3731164333
27.1786,36.7937,62.6866,0,100,85,66,1721,3504,1.31339,0,16.0351,2.57716,0,3403,3767964518
339.664,2.94409,62.6866,0,100,85,66,1721,3504,1.31339,0,16.0351,2.57716,0,3403,3770905085
42.78,23.3754,62.6866,0,100,85,66,1721,3504,1.31339,0,16.0351,2.57716,0,3403,3794281443
40.8217,24.4968,62.6866,0,100,85,66,1721,3504,1.31339,0,16.0351,2.57716,0,3403,3818779742
45.4658,21.9946,62.6866,0,100,85,66,1721,3504,1.31339,0,16.0351,2.57716,0,3403,3840775520
44.3361,22.555,62.6866,0,100,85,66,1721,3504,1.31339,0,16.0351,2.57716,0,3403,3863331342
61.6142,16.23,62.6866,0,100,85,66,1721,3504,1.31339,0,16.0351,2.57716,0,3403,3879563307
38.0969,26.2489,62.6866,0,100,85,66,1721,3504,1.31339,0,16.0351,2.57716,0,3403,3905812954
48.6514,20.5544,62.6866,0,100,85,66,1721,3504,1.31339,0,16.0351,2.57716,0,3403,3926369568
56.3309,17.7522,62.6866,0,100,85,66,1721,3504,1.31339,0,16.0351,2.57716,0,3403,3944122516
42.2719,23.6564,62.6866,0,100,85,66,1721,3504,1.31339,0,16.0351,2.57716,0,3403,3967782904
50.3239,19.8713,62.6866,0,100,85,66,1721,3504,1.31339,0,16.0351,2.57716,0,3403,3987653608
47.7704,20.9335,62.6866,0,100,85,66,1721,3504,1.31339,0,16.0351,2.57716,0,3403,4008593606
44.7659,22.3384,62.6866,0,100,85,66,1721,3504,1.31339,0,16.0351,2.57716,0,3403,4030929608
46.335,21.5819,59.466,0,100,85,66,1721,3504,1.32348,0,15.9913,2.63892,0,3400,4052511257
46.5933,21.4623,59.466,0,100,85,66,1721,3504,1.32348,0,15.9913,2.63892,0,3400,4073973233
43.3601,23.0627,59.466,0,100,85,66,1721,3504,1.32348,0,15.9913,2.63892,0,3400,4097038721
47.5013,21.0521,59.466,0,100,85,66,1721,3504,1.32348,0,15.9913,2.63892,0,3400,4118092926
48.3028,20.7027,59.466,0,100,85,66,1721,3504,1.32348,0,15.9913,2.63892,0,3400,4138794093
41.1584,24.2963,59.466,0,100,85,66,1721,3504,1.32348,0,15.9913,2.63892,0,3400,4163092401
53.1088,18.8293,59.466,0,100,85,66,1721,3504,1.32348,0,15.9913,2.63892,0,3400,4181922075
43.4608,23.0092,59.466,0,100,85,66,1721,3504,1.32348,0,15.9913,2.63892,0,3400,4204932466
52.4065,19.0816,59.466,0,100,85,66,1721,3504,1.32348,0,15.9913,2.63892,0,3400,4224015497
35.2516,28.3675,59.466,0,100,85,66,1721,3504,1.32348,0,15.9913,2.63892,0,3400,4252400330
38.4182,26.0293,59.466,0,100,85,66,1721,3504,1.32348,0,15.9913,2.63892,0,3400,4278415766
71.6629,13.9542,59.466,0,100,85,66,1721,3504,1.32348,0,15.9913,2.63892,0,3400,4292369812
49.1611,20.3413,59.466,0,100,85,66,1721,3504,1.32348,0,15.9913,2.63892,0,3400,4312713285
45.3516,22.0499,59.466,0,100,85,66,1721,3504,1.32348,0,15.9913,2.63892,0,3400,4334764284
46.9357,21.3057,59.466,0,100,85,66,1721,3504,1.32348,0,15.9913,2.63892,0,3400,4356079609
52.2159,19.1513,59.466,0,100,85,66,1721,3504,1.32348,0,15.9913,2.63892,0,3400,4375222652
44.5455,22.449,59.466,0,100,85,66,1721,3504,1.32348,0,15.9913,2.63892,0,3400,4397673090
46.4239,21.5407,59.466,0,100,85,66,1721,3504,1.32348,0,15.9913,2.63892,0,3400,4419214697
41.404,24.1523,59.466,0,100,85,66,1721,3504,1.32348,0,15.9913,2.63892,0,3400,4443368352
51.0928,19.5722,59.466,0,100,85,66,1721,3504,1.32348,0,15.9913,2.63892,0,3400,4462941083
47.9883,20.8384,59.466,0,100,85,66,1721,3504,1.32348,0,15.9913,2.63892,0,3400,4483782054
46.139,21.6737,59.466,0,100,85,66,1721,3504,1.32348,0,15.9913,2.63892,0,3400,4505456138
42.3872,23.592,59.466,0,100,85,66,1721,3504,1.32348,0,15.9913,2.63892,0,3400,4529052238
50.2023,19.9194,59.466,0,100,85,66,1721,3504,1.32348,0,15.9913,2.63892,0,3400,4548974170
37.7466,26.4925,51.1111,0,100,80,66,1710,3504,1.33907,0,15.9428,2.71436,0,3412,4575465447
51.281,19.5004,51.1111,0,100,80,66,1710,3504,1.33907,0,15.9428,2.71436,0,3412,4594967036
45.1686,22.1393,51.1111,0,100,80,66,1710,3504,1.33907,0,15.9428,2.71436,0,3412,4617108851
54.0339,18.5069,51.1111,0,100,80,66,1710,3504,1.33907,0,15.9428,2.71436,0,3412,4635617320
44.697,22.3729,51.1111,0,100,80,66,1710,3504,1.33907,0,15.9428,2.71436,0,3412,4657990386
44.1092,22.671,51.1111,0,100,80,66,1710,3504,1.33907,0,15.9428,2.71436,0,3412,4680663328
51.1553,19.5483,51.1111,0,100,80,66,1710,3504,1.33907,0,15.9428,2.71436,0,3412,4700212460
39.8321,25.1054,51.1111,0,100,80,66,1710,3504,1.33907,0,15.9428,2.71436,0,3412,4725319086
51.1861,19.5366,51.1111,0,100,80,66,1710,3504,1.33907,0,15.9428,2.71436,0,3412,4744857296
48.3087,20.7002,51.1111,0,100,80,66,1710,3504,1.33907,0,15.9428,2.71436,0,3412,4765558171
46.3608,21.57,51.1111,0,100,80,66,1710,3504,1.33907,0,15.9428,2.71436,0,3412,4787128986
48.0576,20.8084,51.1111,0,100,80,66,1710,3504,1.33907,0,15.9428,2.71436,0,3412,4807938636
39.4168,25.3699,51.1111,0,100,80,66,1710,3504,1.33907,0,15.9428,2.71436,0,3412,4833311237
56.1048,17.8238,51.1111,0,100,80,66,1710,3504,1.33907,0,15.9428,2.71436,0,3412,4851139328
38.8396,25.7469,51.1111,0,100,80,66,1710,3504,1.33907,0,15.9428,2.71436,0,3412,4876886059
52.904,18.9022,51.1111,0,100,80,66,1710,3504,1.33907,0,15.9428,2.71436,0,3412,4895787444
49.0265,20.3971,51.1111,0,100,80,66,1710,3504,1.33907,0,15.9428,2.71436,0,3412,4916186143
45.917,21.7784,51.1111,0,100,80,66,1710,3504,1.33907,0,15.9428,2.71436,0,3412,4937965711
47.043,21.2572,51.1111,0,100,80,66,1710,3504,1.33907,0,15.9428,2.71436,0,3412,4959227493
27.6782,36.1295,51.1111,0,100,80,66,1710,3504,1.33907,0,15.9428,2.71436,0,3412,4995358528
169.794,5.88949,51.1111,0,100,80,66,1710,3504,1.33907,0,15.9428,2.71436,0,3412,5001250400
49.5018,20.2013,51.1111,0,100,80,66,1710,3504,1.33907,0,15.9428,2.71436,0,3412,5021450574
46.2904,21.6028,51.1111,0,100,80,66,1710,3504,1.33907,0,15.9428,2.71436,0,3412,5043057681
27.7563,36.0278,51.1111,0,100,80,66,1710,3504,1.33907,0,15.9428,2.71436,0,3412,5079089932
66.9723,14.9316,64.0476,0,100,80,66,1708,3504,1.35673,0,15.9112,2.82569,0,3400,5094020902
77.9014,12.8367,64.0476,0,100,80,66,1708,3504,1.35673,0,15.9112,2.82569,0,3400,5106855129
19.355,51.6663,64.0476,0,100,80,66,1708,3504,1.35673,0,15.9112,2.82569,0,3400,5158522965
361.791,2.76403,64.0476,0,100,80,66,1708,3504,1.35673,0,15.9112,2.82569,0,3400,5161287861
106.009,9.43317,64.0476,0,100,80,66,1708,3504,1.35673,0,15.9112,2.82569,0,3400,5170721915
44.5288,22.4574,64.0476,0,100,80,66,1708,3504,1.35673,0,15.9112,2.82569,0,3400,5193181065
45.88,21.796,64.0476,0,100,80,66,1708,3504,1.35673,0,15.9112,2.82569,0,3400,5214977837
40.1723,24.8928,64.0476,0,100,80,66,1708,3504,1.35673,0,15.9112,2.82569,0,3400,5239871606
67.0952,14.9042,64.0476,0,100,80,66,1708,3504,1.35673,0,15.9112,2.82569,0,3400,5254775573
43.7239,22.8708,64.0476,0,100,80,66,1708,3504,1.35673,0,15.9112,2.82569,0,3400,5277664832
42.8666,23.3282,64.0476,0,100,80,66,1708,3504,1.35673,0,15.9112,2.82569,0,3400,5300978035
48.7449,20.5149,64.0476,0,100,80,66,1708,3504,1.35673,0,15.9112,2.82569,0,3400,5321493001
42.3355,23.6209,64.0476,0,100,80,66,1708,3504,1.35673,0,15.9112,2.82569,0,3400,5345114811
51.9315,19.2561,64.0476,0,100,80,66,1708,3504,1.35673,0,15.9112,2.82569,0,3400,5364373314
38.4831,25.9854,64.0476,0,100,80,66,1708,3504,1.35673,0,15.9112,2.82569,0,3400,5390358977
65.5217,15.2621,64.0476,0,100,80,66,1708,3504,1.35673,0,15.9112,2.82569,0,3400,5405621616
45.8532,21.8087,64.0476,0,100,80,66,1708,3504,1.35673,0,15.9112,2.82569,0,3400,5427431894
37.786,26.4648,64.0476,0,100,80,66,1708,3504,1.35673,0,15.9112,2.82569,0,3400,5453897509
55.5652,17.9969,64.0476,0,100,80,66,1708,3504,1.35673,0,15.9112,2.82569,0,3400,5471895675
42.1373,23.7319,64.0476,0,100,80,66,1708,3504,1.35673,0,15.9112,2.82569,0,3400,5495631980
47.9111,20.872,64.0476,0,100,80,66,1708,3504,1.35673,0,15.9112,2.82569,0,3400,5516505856
47.318,21.1336,64.0476,0,100,80,66,1708,3504,1.35673,0,15.9112,2.82569,0,3400,5537638809
51.2909,19.4966,64.0476,0,100,80,66,1708,3504,1.35673,0,15.9112,2.82569,0,3400,5557139258
45.51,21.9732,64.0476,0,100,80,66,1708,3504,1.35673,0,15.9112,2.82569,0,3400,5579126285
49.4228,20.2336,67.2634,0,100,81,67,1708,3504,1.37582,0,15.8977,2.92872,0,3406,5599350878
17.403,57.4614,67.2634,0,100,81,67,1708,3504,1.37582,0,15.8977,2.92872,0,3406,5656814080
73.6602,13.5759,67.2634,0,100,81,67,1708,3504,1.37582,0,15.8977,2.92872,0,3406,5670388725
20.3186,49.216,67.2634,0,100,81,67,1708,3504,1.37582,0,15.8977,2.92872,0,3406,5719606152
63.7205,15.6935,67.2634,0,100,81,67,1708,3504,1.37582,0,15.8977,2.92872,0,3406,5735303556
92.8158,10.774,67.2634,0,100,81,67,1708,3504,1.37582,0,15.8977,2.92872,0,3406,5746077683
46.9272,21.3096,67.2634,0,100,81,67,1708,3504,1.37582,0,15.8977,2.92872,0,3406,5767387443
46.8451,21.3469,67.2634,0,100,81,67,1708,3504,1.37582,0,15.8977,2.92872,0,3406,5788735697
48.4492,20.6402,67.2634,0,100,81,67,1708,3504,1.37582,0,15.8977,2.92872,0,3406,5809377539
46.1459,21.6704,67.2634,0,100,81,67,1708,3504,1.37582,0,15.8977,2.92872,0,3406,5831048440
47.1599,21.2044,67.2634,0,100,81,67,1708,3504,1.37582,0,15.8977,2.92872,0,3406,5852253866
48.6514,20.5544,67.2634,0,100,81,67,1708,3504,1.37582,0,15.8977,2.92872,0,3406,5872809317
46.8628,21.3389,67.2634,0,100,81,67,1708,3504,1.37582,0,15.8977,2.92872,0,3406,5894149825
46.2134,21.6388,67.2634,0,100,81,67,1708,3504,1.37582,0,15.8977,2.92872,0,3406,5915789032
45.8863,21.793,67.2634,0,100,81,67,1708,3504,1.37582,0,15.8977,2.92872,0,3406,5937583180
47.35,21.1193,67.2634,0,100,81,67,1708,3504,1.37582,0,15.8977,2.92872,0,3406,5958703860
44.3474,22.5492,67.2634,0,100,81,67,1708,3504,1.37582,0,15.8977,2.92872,0,3406,5981254825
35.6487,28.0515,67.2634,0,100,81,67,1708,3504,1.37582,0,15.8977,2.92872,0,3406,6009307587
57.2411,17.47,67.2634,0,100,81,67,1708,3504,1.37582,0,15.8977,2.92872,0,3406,6026778656
57.2365,17.4714,67.2634,0,100,81,67,1708,3504,1.37582,0,15.8977,2.92872,0,3406,6044250007
43.7997,22.8312,67.2634,0,100,81,67,1708,3504,1.37582,0,15.8977,2.92872,0,3406,6067084581
44.3074,22.5696,67.2634,0,100,81,67,1708,3504,1.37582,0,15.8977,2.92872,0,3406,6089660464
43.1127,23.195,57.8692,0,93,81,66,1708,3504,1.41411,0,15.928,3.00367,0,3400,6112850815
46.857,21.3415,57.8692,0,93,81,66,1708,3504,1.41411,0,15.928,3.00367,0,3400,6134194709
47.1927,21.1897,57.8692,0,93,81,66,1708,3504,1.41411,0,15.928,3.00367,0,3400,6155385540
51.1275,19.5589,57.8692,0,93,81,66,1708,3504,1.41411,0,15.928,3.00367,0,3400,6174945713
47.5454,21.0325,57.8692,0,93,81,66,1708,3504,1.41411,0,15.928,3.00367,0,3400,6195980171
38.4097,26.0351,57.8692,0,93,81,66,1708,3504,1.41411,0,15.928,3.00367,0,3400,6222015609
52.5135,19.0427,57.8692,0,93,81,66,1708,3504,1.41411,0,15.928,3.00367,0,3400,6241059637
46.8082,21.3638,57.8692,0,93,81,66,1708,3504,1.41411,0,15.928,3.00367,0,3400,6262426409
39.7988,25.1264,57.8692,0,93,81,66,1708,3504,1.41411,0,15.928,3.00367,0,3400,6287552572
45.527,21.965,57.8692,0,93,81,66,1708,3504,1.41411,0,15.928,3.00367,0,3400,6309522129
43.3711,23.0568,57.8692,0,93,81,66,1708,3504,1.41411,0,15.928,3.00367,0,3400,6332577621
70.8935,14.1057,57.8692,0,93,81,66,1708,3504,1.41411,0,15.928,3.00367,0,3400,6346686088
41.8875,23.8735,57.8692,0,93,81,66,1708,3504,1.41411,0,15.928,3.00367,0,3400,6370559630
53.7563,18.6025,57.8692,0,93,81,66,1708,3504,1.41411,0,15.928,3.00367,0,3400,6389162749
40.2515,24.8438,57.8692,0,93,81,66,1708,3504,1.41411,0,15.928,3.00367,0,3400,6414029304
59.6118,16.7752,57.8692,0,93,81,66,1708,3504,1.41411,0,15.928,3.00367,0,3400,6430785421
44.4484,22.498,57.8692,0,93,81,66,1708,3504,1.41411,0,15.928,3.00367,0,3400,6453282851
47.2189,21.1779,57.8692,0,93,81,66,1708,3504,1.41411,0,15.928,3.00367,0,3400,6474469353
42.1458,23.7271,57.8692,0,93,81,66,1708,3504,1.41411,0,15.928,3.00367,0,3400,6498195017
45.0352,22.2048,57.8692,0,93,81,66,1708,3504,1.41411,0,15.928,3.00367,0,3400,6520399251
47.7375,20.9479,57.8692,0,93,81,66,1708,3504,1.41411,0,15.928,3.00367,0,3400,6541352286
43.6304,22.9198,57.8692,0,93,81,66,1708,3504,1.41411,0,15.928,3.00367,0,3400,6564270845
61.5912,16.2361,57.8692,0,93,81,66,1708,3504,1.41411,0,15.928,3.00367,0,3400,6580507659
47.7836,20.9277,57.8692,0,93,81,66,1708,3504,1.41411,0,15.928,3.00367,0,3400,6601440888
43.5519,22.9611,78.4653,0,100,83,67,1708,3504,1.46826,0,15.9958,3.10181,0,3409,6624400365
46.2092,21.6407,78.4653,0,100,83,67,1708,3504,1.46826,0,15.9958,3.10181,0,3409,6646045581
49.2424,20.3077,78.4653,0,100,83,67,1708,3504,1.46826,0,15.9958,3.10181,0,3409,6666353494
46.8802,21.331,78.4653,0,100,83,67,1708,3504,1.46826,0,15.9958,3.10181,0,3409,6687684342
38.5664,25.9293,78.4653,0,100,83,67,1708,3504,1.46826,0,15.9958,3.10181,0,3409,6713614068
55.4951,18.0196,78.4653,0,100,83,67,1708,3504,1.46826,0,15.9958,3.10181,0,3409,6731637479
42.4348,23.5655,78.4653,0,100,83,67,1708,3504,1.46826,0,15.9958,3.10181,0,3409,6755203399
50.548,19.7832,78.4653,0,100,83,67,1708,3504,1.46826,0,15.9958,3.10181,0,3409,6774987909
50.3285,19.8695,78.4653,0,100,83,67,1708,3504,1.46826,0,15.9958,3.10181,0,3409,6794858294
41.7709,23.9401,78.4653,0,100,83,67,1708,3504,1.46826,0,15.9958,3.10181,0,3409,6818800076
47.4865,21.0586,78.4653,0,100,83,67,1708,3504,1.46826,0,15.9958,3.10181,0,3409,6839859424
53.9251,18.5442,78.4653,0,100,83,67,1708,3504,1.46826,0,15.9958,3.10181,0,3409,6858407877
45.2258,22.1112,78.4653,0,100,83,67,1708,3504,1.46826,0,15.9958,3.10181,0,3409,6880516561
40.1667,24.8963,78.4653,0,100,83,67,1708,3504,1.46826,0,15.9958,3.10181,0,3409,6905413845
56.7856,17.6101,78.4653,0,100,83,67,1708,3504,1.46826,0,15.9958,3.10181,0,3409,6923026021
38.0806,26.2601,78.4653,0,100,83,67,1708,3504,1.46826,0,15.9958,3.10181,0,3409,6949287782
54.4731,18.3577,78.4653,0,100,83,67,1708,3504,1.46826,0,15.9958,3.10181,0,3409,6967647298
44.4779,22.4831,78.4653,0,100,83,67,1708,3504,1.46826,0,15.9958,3.10181,0,3409,6990131351
54.5977,18.3158,78.4653,0,100,83,67,1708,3504,1.46826,0,15.9958,3.10181,0,3409,7008446848
47.5924,21.0117,78.4653,0,100,83,67,1708,3504,1.46826,0,15.9958,3.10181,0,3409,7029460513
46.2108,21.64,78.4653,0,100,83,67,1708,3504,1.46826,0,15.9958,3.10181,0,3409,7051101401
47.8793,20.8858,78.4653,0,100,83,67,1708,3504,1.46826,0,15.9958,3.10181,0,3409,7071991011
42.7484,23.3927,78.4653,0,100,83,67,1708,3504,1.46826,0,15.9958,3.10181,0,3409,7095388968
48.879,20.4587,78.4653,0,100,83,67,1708,3504,1.46826,0,15.9958,3.10181,0,3409,7115854665
48.9535,20.4276,65.5696,0,100,83,67,1708,3504,1.47627,0,16.0087,3.1775,0,3419,7136274507
46.5279,21.4925,65.5696,0,100,83,67,1708,3504,1.47627,0,16.0087,3.1775,0,3419,7157769903
44.7925,22.3252,65.5696,0,100,83,67,1708,3504,1.47627,0,16.0087,3.1775,0,3419,7180097116
44.753,22.3449,65.5696,0,100,83,67,1708,3504,1.47627,0,16.0087,3.1775,0,3419,7202441521
50.2307,19.9082,65.5696,0,100,83,67,1708,3504,1.47627,0,16.0087,3.1775,0,3419,7222351590
43.0472,23.2303,65.5696,0,100,83,67,1708,3504,1.47627,0,16.0087,3.1775,0,3419,7245586026
54.3995,18.3825,65.5696,0,100,83,67,1708,3504,1.47627,0,16.0087,3.1775,0,3419,7263967435
45.5586,21.9498,65.5696,0,100,83,67,1708,3504,1.47627,0,16.0087,3.1775,0,3419,7285919134
46.1748,21.6568,65.5696,0,100,83,67,1708,3504,1.47627,0,16.0087,3.1775,0,3419,7307579978
46.5627,21.4764,65.5696,0,100,83,67,1708,3504,1.47627,0,16.0087,3.1775,0,3419,7329055602
44.363,22.5413,65.5696,0,100,83,67,1708,3504,1.47627,0,16.0087,3.1775,0,3419,7351597694
52.2652,19.1332,65.5696,0,100,83,67,1708,3504,1.47627,0,16.0087,3.1775,0,3419,7370731122
44.3937,22.5257,65.5696,0,100,83,67,1708,3504,1.47627,0,16.0087,3.1775,0,3419,7393258791
47.0657,21.2469,65.5696,0,100,83,67,1708,3504,1.47627,0,16.0087,3.1775,0,3419,7414506884
45.7583,21.854,65.5696,0,100,83,67,1708,3504,1.47627,0,16.0087,3.1775,0,3419,7436361857
48.7726,20.5033,65.5696,0,100,83,67,1708,3504,1.47627,0,16.0087,3.1775,0,3419,7456868230
47.7096,20.9601,65.5696,0,100,83,67,1708,3504,1.47627,0,16.0087,3.1775,0,3419,7477828940
45.2326,22.108,65.5696,0,100,83,67,1708,3504,1.47627,0,16.0087,3.1775,0,3419,7499956799
49.4629,20.2172,65.5696,0,100,83,67,1708,3504,1.47627,0,16.0087,3.1775,0,3419,7520156649
45.22,22.1141,65.5696,0,100,83,67,1708,3504,1.47627,0,16.0087,3.1775,0,3419,7542271916
46.1369,21.6746,65.5696,0,100,83,67,1708,3504,1.47627,0,16.0087,3.1775,0,3419,7563947193
45.8821,21.795,65.5696,0,100,83,67,1708,3504,1.47627,0,16.0087,3.1775,0,3419,7585742430
47.0169,21.269,65.5696,0,100,83,67,1708,3504,1.47627,0,16.0087,3.1775,0,3419,7607014844
49.1304,20.354,65.5696,0,100,83,67,1708,3504,1.47627,0,16.0087,3.1775,0,3419,7627371183
46.4028,21.5504,39.1304,0,100,77,67,1708,3504,1.47835,0,15.9747,3.24049,0,3449,7648942073
48.5986,20.5767,39.1304,0,100,77,67,1708,3504,1.47835,0,15.9747,3.24049,0,3449,7669497030
43.4624,23.0084,39.1304,0,100,77,67,1708,3504,1.47835,0,15.9747,3.24049,0,3449,7692507503
49.7976,20.0813,39.1304,0,100,77,67,1708,3504,1.47835,0,15.9747,3.24049,0,3449,7712589836
46.4806,21.5144,39.1304,0,100,77,67,1708,3504,1.47835,0,15.9747,3.24049,0,3449,7734106097
45.8275,21.821,39.1304,0,100,77,67,1708,3504,1.47835,0,15.9747,3.24049,0,3449,7755927457
47.3743,21.1085,39.1304,0,100,77,67,1708,3504,1.47835,0,15.9747,3.24049,0,3449,7777036150
45.6589,21.9015,39.1304,0,100,77,67,1708,3504,1.47835,0,15.9747,3.24049,0,3449,7798939732
48.5496,20.5975,39.1304,0,100,77,67,1708,3504,1.47835,0,15.9747,3.24049,0,3449,7819537282
42.0188,23.7989,39.1304,0,100,77,67,1708,3504,1.47835,0,15.9747,3.24049,0,3449,7843338272
50.3972,19.8424,39.1304,0,100,77,67,1708,3504,1.47835,0,15.9747,3.24049,0,3449,7863181952
46.887,21.3279,39.1304,0,100,77,67,1708,3504,1.47835,0,15.9747,3.24049,0,3449,7884511069
47.3337,21.1266,39.1304,0,100,77,67,1708,3504,1.47835,0,15.9747,3.24049,0,3449,7905638244
44.8606,22.2913,39.1304,0,100,77,67,1708,3504,1.47835,0,15.9747,3.24049,0,3449,7927932128
48.0363,20.8176,39.1304,0,100,77,67,1708,3504,1.47835,0,15.9747,3.24049,0,3449,7948749181
45.7013,21.8812,39.1304,0,100,77,67,1708,3504,1.47835,0,15.9747,3.24049,0,3449,7970632422
46.0676,21.7072,39.1304,0,100,77,67,1708,3504,1.47835,0,15.9747,3.24049,0,3449,7992340635
47.9174,20.8692,39.1304,0,100,77,67,1708,3504,1.47835,0,15.9747,3.24049,0,3449,8013211646
36.368,27.4967,39.1304,0,100,77,67,1708,3504,1.47835,0,15.9747,3.24049,0,3449,8040709843
55.1461,18.1336,39.1304,0,100,77,67,1708,3504,1.47835,0,15.9747,3.24049,0,3449,8058843709
45.1712,22.138,39.1304,0,100,77,67,1708,3504,1.47835,0,15.9747,3.24049,0,3449,8080985866
46.7651,21.3834,39.1304,0,100,77,67,1708,3504,1.47835,0,15.9747,3.24049,0,3449,8102368190
43.652,22.9085,39.1304,0,100,77,67,1708,3504,1.47835,0,15.9747,3.24049,0,3449,8125279743
44.9641,22.2399,39.1304,0,100,77,67,1708,3504,1.47835,0,15.9747,3.24049,0,3449,8147522865
40.9859,24.3986,37.284,0,100,77,67,1708,3504,1.47835,0,15.962,3.30421,0,3430,8171919587
49.7101,20.1166,37.284,0,100,77,67,1708,3504,1.47835,0,15.962,3.30421,0,3430,8192037249
45.0751,22.1852,37.284,0,100,77,67,1708,3504,1.47835,0,15.962,3.30421,0,3430,8214224864
42.9853,23.2638,37.284,0,100,77,67,1708,3504,1.47835,0,15.962,3.30421,0,3430,8237489200
45.6039,21.9279,37.284,0,100,77,67,1708,3504,1.47835,0,15.962,3.30421,0,3430,8259419933
43.7438,22.8604,37.284,0,100,77,67,1708,3504,1.47835,0,15.962,3.30421,0,3430,8282280713
44.7762,22.3333,37.284,0,100,77,67,1708,3504,1.47835,0,15.962,3.30421,0,3430,8304615631
44.4659,22.4891,37.284,0,100,77,67,1708,3504,1.47835,0,15.962,3.30421,0,3430,8327106009
43.757,22.8535,37.284,0,100,77,67,1708,3504,1.47835,0,15.962,3.30421,0,3430,8349964497
25.0718,39.8855,37.284,0,100,77,67,1708,3504,1.47835,0,15.962,3.30421,0,3430,8389848683
168.908,5.92038,37.284,0,100,77,67,1708,3504,1.47835,0,15.962,3.30421,0,3430,8395770379
46.1541,21.6665,37.284,0,100,77,67,1708,3504,1.47835,0,15.962,3.30421,0,3430,8417451024
46.4604,21.5237,37.284,0,100,77,67,1708,3504,1.47835,0,15.962,3.30421,0,3430,8438962095
44.9413,22.2513,37.284,0,100,77,67,1708,3504,1.47835,0,15.962,3.30421,0,3430,8461215302
45.1104,22.1678,37.284,0,100,77,67,1708,3504,1.47835,0,15.962,3.30421,0,3430,8483383643
45.9649,21.7557,37.284,0,100,77,67,1708,3504,1.47835,0,15.962,3.30421,0,3430,8505140670
44.0596,22.6965,37.284,0,100,77,67,1708,3504,1.47835,0,15.962,3.30421,0,3430,8527839027
45.1209,22.1627,37.284,0,100,77,67,1708,3504,1.47835,0,15.962,3.30421,0,3430,8550002497
36.7916,27.1801,37.284,0,100,77,67,1708,3504,1.47835,0,15.962,3.30421,0,3430,8577185080
50.352,19.8602,37.284,0,100,77,67,1708,3504,1.47835,0,15.962,3.30421,0,3430,8597046967
53.4447,18.7109,37.284,0,100,77,67,1708,3504,1.47835,0,15.962,3.30421,0,3430,8615758289
43.0365,23.2361,37.284,0,100,77,67,1708,3504,1.47835,0,15.962,3.30421,0,3430,8638996700
48.2077,20.7436,37.284,0,100,77,67,1708,3504,1.47835,0,15.962,3.30421,0,3430,8659745577
53.9626,18.5313,44.5813,0,100,80,67,1708,3504,1.48322,0,15.9579,3.36622,0,3403,8678274381
51.7168,19.3361,44.5813,0,100,80,67,1708,3504,1.48322,0,15.9579,3.36622,0,3403,8697611944
45.8428,21.8137,44.5813,0,100,80,67,1708,3504,1.48322,0,15.9579,3.36622,0,3403,8719425521
44.5707,22.4363,44.5813,0,100,80,67,1708,3504,1.48322,0,15.9579,3.36622,0,3403,8741863525
52.5156,19.0419,44.5813,0,100,80,67,1708,3504,1.48322,0,15.9579,3.36622,0,3403,8760911454
43.3602,23.0626,44.5813,0,100,80,67,1708,3504,1.48322,0,15.9579,3.36622,0,3403,8783971567
53.4963,18.6929,44.5813,0,100,80,67,1708,3504,1.48322,0,15.9579,3.36622,0,3403,8802666999
54.0494,18.5016,44.5813,0,100,80,67,1708,3504,1.48322,0,15.9579,3.36622,0,3403,8821169820
45.7203,21.8721,44.5813,0,100,80,67,1708,3504,1.48322,0,15.9579,3.36622,0,3403,8843043355
43.9887,22.7331,44.5813,0,100,80,67,1708,3504,1.48322,0,15.9579,3.36622,0,3403,8865782327
47.5863,21.0145,44.5813,0,100,80,67,1708,3504,1.48322,0,15.9579,3.36622,0,3403,8886794833
51.5992,19.3801,44.5813,0,100,80,67,1708,3504,1.48322,0,15.9579,3.36622,0,3403,8906177210
38.2208,26.1638,44.5813,0,100,80,67,1708,3504,1.48322,0,15.9579,3.36622,0,3403,8932343969
72.1239,13.865,44.5813,0,100,80,67,1708,3504,1.48322,0,15.9579,3.36622,0,3403,8946207482
45.5308,21.9632,44.5813,0,100,80,67,1708,3504,1.48322,0,15.9579,3.36622,0,3403,8968173241
51.5452,19.4004,44.5813,0,100,80,67,1708,3504,1.48322,0,15.9579,3.36622,0,3403,8987573048
49.9015,20.0395,44.5813,0,100,80,67,1708,3504,1.48322,0,15.9579,3.36622,0,3403,9007614887
16.4106,60.9364,44.5813,0,100,80,67,1708,3504,1.48322,0,15.9579,3.36622,0,3403,9068552873
214.111,4.67047,44.5813,0,100,80,67,1708,3504,1.48322,0,15.9579,3.36622,0,3403,9073223547
51.5904,19.3835,44.5813,0,100,80,67,1708,3504,1.48322,0,15.9579,3.36622,0,3403,9092608397
40.4857,24.7001,44.5813,0,100,80,67,1708,3504,1.48322,0,15.9579,3.36622,0,3403,9117322140
56.7872,17.6096,44.5813,0,100,80,67,1708,3504,1.48322,0,15.9579,3.36622,0,3403,9134919850
46.5482,21.4831,44.5813,0,100,80,67,1708,3504,1.48322,0,15.9579,3.36622,0,3403,9156405028
46.4426,21.5319,44.5813,0,100,80,67,1708,3504,1.48322,0,15.9579,3.36622,0,3403,9177941409
46.6825,21.4213,50,0,100,80,67,1708,3504,1.49936,0,15.9056,3.44361,0,3423,9199360236
47.4522,21.0738,50,0,100,80,67,1708,3504,1.49936,0,15.9056,3.44361,0,3423,9220435034
43.8863,22.7862,50,0,100,80,67,1708,3504,1.49936,0,15.9056,3.44361,0,3423,9243222274
46.6951,21.4155,50,0,100,80,67,1708,3504,1.49936,0,15.9056,3.44361,0,3423,9264639483
48.2695,20.717,50,0,100,80,67,1708,3504,1.49936,0,15.9056,3.44361,0,3423,9285358913
44.2495,22.5991,50,0,100,80,67,1708,3504,1.49936,0,15.9056,3.44361,0,3423,9307957689
46.206,21.6422,50,0,100,80,67,1708,3504,1.49936,0,15.9056,3.44361,0,3423,9329601264
44.7849,22.3289,50,0,100,80,67,1708,3504,1.49936,0,15.9056,3.44361,0,3423,9351930396
46.2248,21.6334,50,0,100,80,67,1708,3504,1.49936,0,15.9056,3.44361,0,3423,9373566272
45.5399,21.9588,50,0,100,80,67,1708,3504,1.49936,0,15.9056,3.44361,0,3423,9395525644
44.3296,22.5583,50,0,100,80,67,1708,3504,1.49936,0,15.9056,3.44361,0,3423,9418085056
49.7616,20.0958,50,0,100,80,67,1708,3504,1.49936,0,15.9056,3.44361,0,3423,9438183213
45.4454,22.0044,50,0,100,80,67,1708,3504,1.49936,0,15.9056,3.44361,0,3423,9460187452
42.2348,23.6771,50,0,100,80,67,1708,3504,1.49936,0,15.9056,3.44361,0,3423,9483881905
31.5714,31.6742,50,0,100,80,67,1708,3504,1.49936,0,15.9056,3.44361,0,3423,9515540965
36.8324,27.15,50,0,100,80,67,1708,3504,1.49936,0,15.9056,3.44361,0,3423,9542692565
257.764,3.87952,50,0,100,80,67,1708,3504,1.49936,0,15.9056,3.44361,0,3423,9546573901
46.5327,21.4902,50,0,100,80,67,1708,3504,1.49936,0,15.9056,3.44361,0,3423,9568065003
42.4439,23.5605,50,0,100,80,67,1708,3504,1.49936,0,15.9056,3.44361,0,3423,9591625364
47.4696,21.0661,50,0,100,80,67,1708,3504,1.49936,0,15.9056,3.44361,0,3423,9612704928
46.1951,21.6473,50,0,100,80,67,1708,3504,1.49936,0,15.9056,3.44361,0,3423,9634342151
51.8207,19.2973,50,0,100,80,67,1708,3504,1.49936,0,15.9056,3.44361,0,3423,9653639955
47.6872,20.97,50,0,100,80,67,1708,3504,1.49936,0,15.9056,3.44361,0,3423,9674611111
51.0619,19.5841,50,0,100,80,67,1708,3504,1.49936,0,15.9056,3.44361,0,3423,9694198599
46.5758,21.4704,34.7291,0,96,87,66,1696,3504,1.51422,0,15.903,3.50391,0,3412,9715670503
52.6023,19.0106,34.7291,0,96,87,66,1696,3504,1.51422,0,15.903,3.50391,0,3412,9734681419
39.7459,25.1598,34.7291,0,96,87,66,1696,3504,1.51422,0,15.903,3.50391,0,3412,9759846440
44.7244,22.3592,34.7291,0,96,87,66,1696,3504,1.51422,0,15.903,3.50391,0,3412,9782203707
79.2061,12.6253,34.7291,0,96,87,66,1696,3504,1.51422,0,15.903,3.50391,0,3412,9794831174
49.9241,20.0304,34.7291,0,96,87,66,1696,3504,1.51422,0,15.903,3.50391,0,3412,9814863109
31.2053,32.0458,34.7291,0,96,87,66,1696,3504,1.51422,0,15.903,3.50391,0,3412,9846912192
91.0262,10.9858,34.7291,0,96,87,66,1696,3504,1.51422,0,15.903,3.50391,0,3412,9857896374
45.8111,21.8288,34.7291,0,96,87,66,1696,3504,1.51422,0,15.903,3.50391,0,3412,9879744073
69.0588,14.4804,34.7291,0,96,87,66,1696,3504,1.51422,0,15.903,3.50391,0,3412,9894210206
47.472,21.0651,34.7291,0,96,87,66,1696,3504,1.51422,0,15.903,3.50391,0,3412,9915275623
54.4291,18.3725,34.7291,0,96,87,66,1696,3504,1.51422,0,15.903,3.50391,0,3412,9933649333
40.5054,24.6881,34.7291,0,96,87,66,1696,3504,1.51422,0,15.903,3.50391,0,3412,9958340596
56.7897,17.6088,34.7291,0,96,87,66,1696,3504,1.51422,0,15.903,3.50391,0,3412,9975950689
45.1042,22.1709,34.7291,0,96,87,66,1696,3504,1.51422,0,15.903,3.50391,0,3412,9998137542
64.6293,15.4729,34.7291,0,96,87,66,1696,3504,1.51422,0,15.903,3.50391,0,3412,10013598943
49.7563,20.098,34.7291,0,96,87,66,1696,3504,1.51422,0,15.903,3.50391,0,3412,10033694169
52.8988,18.904,34.7291,0,96,87,66,1696,3504,1.51422,0,15.903,3.50391,0,3412,10052599323
47.719,20.956,34.7291,0,96,87,66,1696,3504,1.51422,0,15.903,3.50391,0,3412,10073556772
50.6481,19.7441,34.7291,0,96,87,66,1696,3504,1.51422,0,15.903,3.50391,0,3412,10093301375
51.6073,19.3771,34.7291,0,96,87,66,1696,3504,1.51422,0,15.903,3.50391,0,3412,10112679797
50.2498,19.9006,34.7291,0,96,87,66,1696,3504,1.51422,0,15.903,3.50391,0,3412,10132581820
46.286,21.6048,34.7291,0,96,87,66,1696,3504,1.51422,0,15.903,3.50391,0,3412,10154188060
44.1074,22.6719,34.7291,0,96,87,66,1696,3504,1.51422,0,15.903,3.50391,0,3412,10176860252
47.0659,21.2468,34.7291,0,96,87,66,1696,3504,1.51422,0,15.903,3.50391,0,3412,10198111341
45.9051,21.7841,42.6396,0,100,87,67,1663,3504,1.51422,0,15.8875,3.57691,0,3520,10219892910
45.477,21.9891,42.6396,0,100,87,67,1663,3504,1.51422,0,15.8875,3.57691,0,3520,10241883659
46.0734,21.7045,42.6396,0,100,87,67,1663,3504,1.51422,0,15.8875,3.57691,0,3520,10263595456
48.3607,20.6779,42.6396,0,100,87,67,1663,3504,1.51422,0,15.8875,3.57691,0,3520,10284270669
37.2116,26.8733,42.6396,0,100,87,67,1663,3504,1.51422,0,15.8875,3.57691,0,3520,10311146165
50.6426,19.7462,42.6396,0,100,87,67,1663,3504,1.51422,0,15.8875,3.57691,0,3520,10330893773
54.7781,18.2555,42.6396,0,100,87,67,1663,3504,1.51422,0,15.8875,3.57691,0,3520,10349149573
47.9826,20.8409,42.6396,0,100,87,67,1663,3504,1.51422,0,15.8875,3.57691,0,3520,10370005396
36.5187,27.3832,42.6396,0,100,87,67,1663,3504,1.51422,0,15.8875,3.57691,0,3520,10397376743
55.846,17.9064,42.6396,0,100,87,67,1663,3504,1.51422,0,15.8875,3.57691,0,3520,10415283965
48.8085,20.4882,42.6396,0,100,87,67,1663,3504,1.51422,0,15.8875,3.57691,0,3520,10435773008
38.4485,26.0088,42.6396,0,100,87,67,1663,3504,1.51422,0,15.8875,3.57691,0,3520,10461786125
52.9863,18.8728,42.6396,0,100,87,67,1663,3504,1.51422,0,15.8875,3.57691,0,3520,10480659028
41.7041,23.9785,42.6396,0,100,87,67,1663,3504,1.51422,0,15.8875,3.57691,0,3520,10504638078
49.7887,20.0849,42.6396,0,100,87,67,1663,3504,1.51422,0,15.8875,3.57691,0,3520,10524724696
42.5664,23.4927,42.6396,0,100,87,67,1663,3504,1.51422,0,15.8875,3.57691,0,3520,10548218604
38.2631,26.1348,42.6396,0,100,87,67,1663,3504,1.51422,0,15.8875,3.57691,0,3520,10574353933
42.4721,23.5449,42.6396,0,100,87,67,1663,3504,1.51422,0,15.8875,3.57691,0,3520,10597902718
62.6345,15.9656,42.6396,0,100,87,67,1663,3504,1.51422,0,15.8875,3.57691,0,3520,10613868508
45.8028,21.8327,42.6396,0,100,87,67,1663,3504,1.51422,0,15.8875,3.57691,0,3520,10635701093
44.6463,22.3983,42.6396,0,100,87,67,1663,3504,1.51422,0,15.8875,3.57691,0,3520,10658100884
43.72,22.8728,42.6396,0,100,87,67,1663,3504,1.51422,0,15.8875,3.57691,0,3520,10680974993
51.701,19.342,42.6396,0,100,87,67,1663,3504,1.51422,0,15.8875,3.57691,0,3520,10700320304
45.2352,22.1067,49.2424,0,100,87,67,1683,3504,1.51422,0,15.931,3.64234,0,3434,10722428195
40.6062,24.6268,49.2424,0,100,87,67,1683,3504,1.51422,0,15.931,3.64234,0,3434,10747054441
53.0175,18.8617,49.2424,0,100,87,67,1683,3504,1.51422,0,15.931,3.64234,0,3434,10765916743
47.2088,21.1825,49.2424,0,100,87,67,1683,3504,1.51422,0,15.931,3.64234,0,3434,10787100021
45.7805,21.8433,49.2424,0,100,87,67,1683,3504,1.51422,0,15.931,3.64234,0,3434,10808945362
44.415,22.5149,49.2424,0,100,87,67,1683,3504,1.51422,0,15.931,3.64234,0,3434,10831461220
50.1622,19.9353,49.2424,0,100,87,67,1683,3504,1.51422,0,15.931,3.64234,0,3434,10851396963
45.1776,22.1349,49.2424,0,100,87,67,1683,3504,1.51422,0,15.931,3.64234,0,3434,10873533336
45.718,21.8732,49.2424,0,100,87,67,1683,3504,1.51422,0,15.931,3.64234,0,3434,10895410690
45.6837,21.8897,49.2424,0,100,87,67,1683,3504,1.51422,0,15.931,3.64234,0,3434,10917315451
45.8715,21.8,49.2424,0,100,87,67,1683,3504,1.51422,0,15.931,3.64234,0,3434,10939116650
42.3079,23.6363,49.2424,0,100,87,67,1683,3504,1.51422,0,15.931,3.64234,0,3434,10962756928
47.4725,21.0648,49.2424,0,100,87,67,1683,3504,1.51422,0,15.931,3.64234,0,3434,10983820407
46.4451,21.5308,49.2424,0,100,87,67,1683,3504,1.51422,0,15.931,3.64234,0,3434,11005352996
41.0416,24.3655,49.2424,0,100,87,67,1683,3504,1.51422,0,15.931,3.64234,0,3434,11029730041
45.8508,21.8099,49.2424,0,100,87,67,1683,3504,1.51422,0,15.931,3.64234,0,3434,11051535321
50.2946,19.8829,49.2424,0,100,87,67,1683,3504,1.51422,0,15.931,3.64234,0,3434,11071420035
42.7549,23.3891,49.2424,0,100,87,67,1683,3504,1.51422,0,15.931,3.64234,0,3434,11094811626
45.9719,21.7524,49.2424,0,100,87,67,1683,3504,1.51422,0,15.931,3.64234,0,3434,11116563785
44.8583,22.2924,49.2424,0,100,87,67,1683,3504,1.51422,0,15.931,3.64234,0,3434,11138858482
46.4914,21.5094,49.2424,0,100,87,67,1683,3504,1.51422,0,15.931,3.64234,0,3434,11160369146
45.7876,21.84,49.2424,0,100,87,67,1683,3504,1.51422,0,15.931,3.64234,0,3434,11182209986
47.821,20.9113,49.2424,0,100,87,67,1683,3504,1.51422,0,15.931,3.64234,0,3434,11203129933
44.2794,22.5838,49.6203,0,100,87,67,1659,3504,1.51441,0,15.8903,3.70094,0,3400,11225707028
42.2615,23.6622,49.6203,0,100,87,67,1659,3504,1.51441,0,15.8903,3.70094,0,3400,11249373126
51.4905,19.4211,49.6203,0,100,87,67,1659,3504,1.51441,0,15.8903,3.70094,0,3400,11268793858
43.1327,23.1843,49.6203,0,100,87,67,1659,3504,1.51441,0,15.8903,3.70094,0,3400,11291980991
39.6161,25.2422,49.6203,0,100,87,67,1659,3504,1.51441,0,15.8903,3.70094,0,3400,11317222548
48.021,20.8242,49.6203,0,100,87,67,1659,3504,1.51441,0,15.8903,3.70094,0,3400,11338049348
49.7851,20.0863,49.6203,0,100,87,67,1659,3504,1.51441,0,15.8903,3.70094,0,3400,11358138526
47.9821,20.8411,49.6203,0,100,87,67,1659,3504,1.51441,0,15.8903,3.70094,0,3400,11378979634
45.4516,22.0014,49.6203,0,100,87,67,1659,3504,1.51441,0,15.8903,3.70094,0,3400,11400985874
48.5591,20.5935,49.6203,0,100,87,67,1659,3504,1.51441,0,15.8903,3.70094,0,3400,11421578604
45.9383,21.7683,49.6203,0,100,87,67,1659,3504,1.51441,0,15.8903,3.70094,0,3400,11443347038
43.338,23.0744,49.6203,0,100,87,67,1659,3504,1.51441,0,15.8903,3.70094,0,3400,11466422737
53.1123,18.828,49.6203,0,100,87,67,1659,3504,1.51441,0,15.8903,3.70094,0,3400,11485252121
39.6199,25.2398,49.6203,0,100,87,67,1659,3504,1.51441,0,15.8903,3.70094,0,3400,11510493253
53.6625,18.635,49.6203,0,100,87,67,1659,3504,1.51441,0,15.8903,3.70094,0,3400,11529129310
47.2558,21.1614,49.6203,0,100,87,67,1659,3504,1.51441,0,15.8903,3.70094,0,3400,11550291592
40.2134,24.8673,49.6203,0,100,87,67,1659,3504,1.51441,0,15.8903,3.70094,0,3400,11575164240
46.0709,21.7057,49.6203,0,100,87,67,1659,3504,1.51441,0,15.8903,3.70094,0,3400,11596870224
51.9784,19.2387,49.6203,0,100,87,67,1659,3504,1.51441,0,15.8903,3.70094,0,3400,11616107930
51.0119,19.6033,49.6203,0,100,87,67,1659,3504,1.51441,0,15.8903,3.70094,0,3400,11635712642
42.8767,23.3227,49.6203,0,100,87,67,1659,3504,1.51441,0,15.8903,3.70094,0,3400,11659037519
48.3946,20.6635,49.6203,0,100,87,67,1659,3504,1.51441,0,15.8903,3.70094,0,3400,11679702304
46.1512,21.6679,49.6203,0,100,87,67,1659,3504,1.51441,0,15.8903,3.70094,0,3400,11701372686
49.5204,20.1937,49.6203,0,100,87,67,1659,3504,1.51441,0,15.8903,3.70094,0,3400,11721578694
46.2285,21.6317,51.5892,0,100,88,67,1670,3504,1.51693,0,15.8472,3.76344,0,3477,11743199417
43.6247,22.9228,51.5892,0,100,88,67,1670,3504,1.51693,0,15.8472,3.76344,0,3477,11766141818
48.5646,20.5912,51.5892,0,100,88,67,1670,3504,1.51693,0,15.8472,3.76344,0,3477,11786721055
47.1678,21.2009,51.5892,0,100,88,67,1670,3504,1.51693,0,15.8472,3.76344,0,3477,11807936524
47.8685,20.8906,51.5892,0,100,88,67,1670,3504,1.51693,0,15.8472,3.76344,0,3477,11828810956
48.352,20.6817,51.5892,0,100,88,67,1670,3504,1.51693,0,15.8472,3.76344,0,3477,11849494640
45.0514,22.1969,51.5892,0,100,88,67,1670,3504,1.51693,0,15.8472,3.76344,0,3477,11871693125
42.8155,23.356,51.5892,0,100,88,67,1670,3504,1.51693,0,15.8472,3.76344,0,3477,11895051127
48.4631,20.6343,51.5892,0,100,88,67,1670,3504,1.51693,0,15.8472,3.76344,0,3477,11915684453
44.4995,22.4722,51.5892,0,100,88,67,1670,3504,1.51693,0,15.8472,3.76344,0,3477,11938157954
39.2952,25.4484,51.5892,0,100,88,67,1670,3504,1.51693,0,15.8472,3.76344,0,3477,11963607614
60.8674,16.4291,51.5892,0,100,88,67,1670,3504,1.51693,0,15.8472,3.76344,0,3477,11980037746
46.4255,21.5399,51.5892,0,100,88,67,1670,3504,1.51693,0,15.8472,3.76344,0,3477,12001578340
38.595,25.9101,51.5892,0,100,88,67,1670,3504,1.51693,0,15.8472,3.76344,0,3477,12027490565
59.0317,16.9401,51.5892,0,100,88,67,1670,3504,1.51693,0,15.8472,3.76344,0,3477,12044453979
46.0216,21.7289,51.5892,0,100,88,67,1670,3504,1.51693,0,15.8472,3.76344,0,3477,12066175503
40.0689,24.957,51.5892,0,100,88,67,1670,3504,1.51693,0,15.8472,3.76344,0,3477,12091149790
50.4572,19.8188,51.5892,0,100,88,67,1670,3504,1.51693,0,15.8472,3.76344,0,3477,12110954242
48.6343,20.5616,51.5892,0,100,88,67,1670,3504,1.51693,0,15.8472,3.76344,0,3477,12131516473
47.1005,21.2312,51.5892,0,100,88,67,1670,3504,1.51693,0,15.8472,3.76344,0,3477,12152751731
44.7493,22.3467,51.5892,0,100,88,67,1670,3504,1.51693,0,15.8472,3.76344,0,3477,12175096799
47.7729,20.9324,51.5892,0,100,88,67,1670,3504,1.51693,0,15.8472,3.76344,0,3477,12196031065
50.5448,19.7844,51.5892,0,100,88,67,1670,3504,1.51693,0,15.8472,3.76344,0,3477,12215818666
43.1495,23.1752,51.5892,0,100,88,67,1670,3504,1.51693,0,15.8472,3.76344,0,3477,12238996973
48.2238,20.7367,52.3342,0,100,88,67,1708,3504,1.54426,0,15.8162,3.82178,0,3432,12259750492
46.7317,21.3988,52.3342,0,100,88,67,1708,3504,1.54426,0,15.8162,3.82178,0,3432,12281148530
48.4413,20.6435,52.3342,0,100,88,67,1708,3504,1.54426,0,15.8162,3.82178,0,3432,12301793176
44.0877,22.6821,52.3342,0,100,88,67,1708,3504,1.54426,0,15.8162,3.82178,0,3432,12324478247
47.546,21.0323,52.3342,0,100,88,67,1708,3504,1.54426,0,15.8162,3.82178,0,3432,12345513204
41.2535,24.2404,52.3342,0,100,88,67,1708,3504,1.54426,0,15.8162,3.82178,0,3432,12369753173
43.6765,22.8956,52.3342,0,100,88,67,1708,3504,1.54426,0,15.8162,3.82178,0,3432,12392649393
61.0746,16.3734,52.3342,0,100,88,67,1708,3504,1.54426,0,15.8162,3.82178,0,3432,12409023689
31.9233,31.3251,52.3342,0,100,88,67,1708,3504,1.54426,0,15.8162,3.82178,0,3432,12440350829
89.3064,11.1974,52.3342,0,100,88,67,1708,3504,1.54426,0,15.8162,3.82178,0,3432,12451549104
43.9455,22.7554,52.3342,0,100,88,67,1708,3504,1.54426,0,15.8162,3.82178,0,3432,12474305225
42.4824,23.5392,52.3342,0,100,88,67,1708,3504,1.54426,0,15.8162,3.82178,0,3432,12497848105
41.2113,24.2652,52.3342,0,100,88,67,1708,3504,1.54426,0,15.8162,3.82178,0,3432,12522140806
61.2225,16.3339,52.3342,0,100,88,67,1708,3504,1.54426,0,15.8162,3.82178,0,3432,12538447648
43.266,23.1128,52.3342,0,100,88,67,1708,3504,1.54426,0,15.8162,3.82178,0,3432,12561563063
49.7474,20.1016,52.3342,0,100,88,67,1708,3504,1.54426,0,15.8162,3.82178,0,3432,12581665348
43.6618,22.9033,52.3342,0,100,88,67,1708,3504,1.54426,0,15.8162,3.82178,0,3432,12604570376
44.0342,22.7096,52.3342,0,100,88,67,1708,3504,1.54426,0,15.8162,3.82178,0,3432,12627291655
47.4512,21.0743,52.3342,0,100,88,67,1708,3504,1.54426,0,15.8162,3.82178,0,3432,12648360434
49.6076,20.1582,52.3342,0,100,88,67,1708,3504,1.54426,0,15.8162,3.82178,0,3432,12668521685
44.3308,22.5577,52.3342,0,100,88,67,1708,3504,1.54426,0,15.8162,3.82178,0,3432,12691079731
44.4518,22.4963,52.3342,0,100,88,67,1708,3504,1.54426,0,15.8162,3.82178,0,3432,12713576412
47.4249,21.086,52.3342,0,100,88,67,1708,3504,1.54426,0,15.8162,3.82178,0,3432,12734663363
45.7069,21.8785,52.3342,0,100,88,67,1708,3504,1.54426,0,15.8162,3.82178,0,3432,12756558092
45.6369,21.9121,55.8824,0,100,87,68,1708,3504,1.55959,0,15.8689,3.88159,0,3400,12778458621
48.3877,20.6664,55.8824,0,100,87,68,1708,3504,1.55959,0,15.8689,3.88159,0,3400,12799125097
43.4877,22.995,55.8824,0,100,87,68,1708,3504,1.55959,0,15.8689,3.88159,0,3400,12822121733
48.9964,20.4097,55.8824,0,100,87,68,1708,3504,1.55959,0,15.8689,3.88159,0,3400,12842542586
44.9804,22.2319,55.8824,0,100,87,68,1708,3504,1.55959,0,15.8689,3.88159,0,3400,12864787546
47.6211,20.9991,55.8824,0,100,87,68,1708,3504,1.55959,0,15.8689,3.88159,0,3400,12885774584
46.3071,21.5949,55.8824,0,100,87,68,1708,3504,1.55959,0,15.8689,3.88159,0,3400,12907370539
45.5887,21.9353,55.8824,0,100,87,68,1708,3504,1.55959,0,15.8689,3.88159,0,3400,12929306294
46.2952,21.6005,55.8824,0,100,87,68,1708,3504,1.55959,0,15.8689,3.88159,0,3400,12950909963
45.5425,21.9575,55.8824,0,100,87,68,1708,3504,1.55959,0,15.8689,3.88159,0,3400,12972868514
44.6164,22.4133,55.8824,0,100,87,68,1708,3504,1.55959,0,15.8689,3.88159,0,3400,12995281361
48.3836,20.6682,55.8824,0,100,87,68,1708,3504,1.55959,0,15.8689,3.88159,0,3400,13015951723
43.3284,23.0795,55.8824,0,100,87,68,1708,3504,1.55959,0,15.8689,3.88159,0,3400,13039032888
48.678,20.5432,55.8824,0,100,87,68,1708,3504,1.55959,0,15.8689,3.88159,0,3400,13059576205
46.7515,21.3897,55.8824,0,100,87,68,1708,3504,1.55959,0,15.8689,3.88159,0,3400,13080965877
44.857,22.293,55.8824,0,100,87,68,1708,3504,1.55959,0,15.8689,3.88159,0,3400,13103260974
45.0922,22.1768,55.8824,0,100,87,68,1708,3504,1.55959,0,15.8689,3.88159,0,3400,13125455156
45.9034,21.7849,55.8824,0,100,87,68,1708,3504,1.55959,0,15.8689,3.88159,0,3400,13147223840
44.3084,22.5691,55.8824,0,100,87,68,1708,3504,1.55959,0,15.8689,3.88159,0,3400,13169795178
49.6503,20.1409,55.8824,0,100,87,68,1708,3504,1.55959,0,15.8689,3.88159,0,3400,13189937612
45.0946,22.1756,55.8824,0,100,87,68,1708,3504,1.55959,0,15.8689,3.88159,0,3400,13212113854
47.0696,21.2452,55.8824,0,100,87,68,1708,3504,1.55959,0,15.8689,3.88159,0,3400,13233359108
44.5553,22.444,55.8824,0,100,87,68,1708,3504,1.55959,0,15.8689,3.88159,0,3400,13255807616
48.566,20.5905,55.8824,0,100,87,68,1708,3504,1.55959,0,15.8689,3.88159,0,3400,13276407242
46.5171,21.4975,42.1308,0,100,87,68,1708,3504,1.5809,0,15.8801,3.89746,0,3400,13297900892
46.3194,21.5892,42.1308,0,100,87,68,1708,3504,1.5809,0,15.8801,3.89746,0,3400,13319488225
44.3758,22.5348,42.1308,0,100,87,68,1708,3504,1.5809,0,15.8801,3.89746,0,3400,13342024381
41.6367,24.0173,42.1308,0,100,87,68,1708,3504,1.5809,0,15.8801,3.89746,0,3400,13366055969
47.9312,20.8632,42.1308,0,100,87,68,1708,3504,1.5809,0,15.8801,3.89746,0,3400,13386919049
46.8726,21.3344,42.1308,0,100,87,68,1708,3504,1.5809,0,15.8801,3.89746,0,3400,13408254523
47.2514,21.1634,42.1308,0,100,87,68,1708,3504,1.5809,0,15.8801,3.89746,0,3400,13429417613
49.4881,20.2069,42.1308,0,100,87,68,1708,3504,1.5809,0,15.8801,3.89746,0,3400,13449625641
44.7758,22.3335,42.1308,0,100,87,68,1708,3504,1.5809,0,15.8801,3.89746,0,3400,13471961407
46.1438,21.6714,42.1308,0,100,87,68,1708,3504,1.5809,0,15.8801,3.89746,0,3400,13493636704
47.0319,21.2622,42.1308,0,100,87,68,1708,3504,1.5809,0,15.8801,3.89746,0,3400,13514898211
46.5283,21.4923,42.1308,0,100,87,68,1708,3504,1.5809,0,15.8801,3.89746,0,3400,13536392934
43.8708,22.7942,42.1308,0,100,87,68,1708,3504,1.5809,0,15.8801,3.89746,0,3400,13559291123
46.4053,21.5493,42.1308,0,100,87,68,1708,3504,1.5809,0,15.8801,3.89746,0,3400,13580737522
45.9215,21.7763,42.1308,0,100,87,68,1708,3504,1.5809,0,15.8801,3.89746,0,3400,13602515413
46.4258,21.5398,42.1308,0,100,87,68,1708,3504,1.5809,0,15.8801,3.89746,0,3400,13624055672
45.5425,21.9575,42.1308,0,100,87,68,1708,3504,1.5809,0,15.8801,3.89746,0,3400,13646019808
45.7908,21.8384,42.1308,0,100,87,68,1708,3504,1.5809,0,15.8801,3.89746,0,3400,13667858073
44.072,22.6901,42.1308,0,100,87,68,1708,3504,1.5809,0,15.8801,3.89746,0,3400,13690550440
46.7669,21.3827,42.1308,0,100,87,68,1708,3504,1.5809,0,15.8801,3.89746,0,3400,13711933002
46.3463,21.5767,42.1308,0,100,87,68,1708,3504,1.5809,0,15.8801,3.89746,0,3400,13733511822
45.8705,21.8005,42.1308,0,100,87,68,1708,3504,1.5809,0,15.8801,3.89746,0,3400,13755316120
45.4425,22.0058,42.1308,0,100,87,68,1708,3504,1.5809,0,15.8801,3.89746,0,3400,13777323627
45.3411,22.055,40.404,0,100,81,68,1708,3504,1.61285,0,15.9938,3.89746,0,3416,13799376160
47.0411,21.258,40.404,0,100,81,68,1708,3504,1.61285,0,15.9938,3.89746,0,3416,13820635668
47.8003,20.9204,40.404,0,100,81,68,1708,3504,1.61285,0,15.9938,3.89746,0,3416,13841555928
42.9915,23.2604,40.404,0,100,81,68,1708,3504,1.61285,0,15.9938,3.89746,0,3416,13864817497
50.5394,19.7866,40.404,0,100,81,68,1708,3504,1.61285,0,15.9938,3.89746,0,3416,13884604495
41.4234,24.141,40.404,0,100,81,68,1708,3504,1.61285,0,15.9938,3.89746,0,3416,13908747023
50.8498,19.6658,40.404,0,100,81,68,1708,3504,1.61285,0,15.9938,3.89746,0,3416,13928413713
47.371,21.11,40.404,0,100,81,68,1708,3504,1.61285,0,15.9938,3.89746,0,3416,13949525163
43.9981,22.7283,40.404,0,100,81,68,1708,3504,1.61285,0,15.9938,3.89746,0,3416,13972259382
48.1574,20.7652,40.404,0,100,81,68,1708,3504,1.61285,0,15.9938,3.89746,0,3416,13993024474
45.4797,21.9878,40.404,0,100,81,68,1708,3504,1.61285,0,15.9938,3.89746,0,3416,14015011629
46.2767,21.6091,40.404,0,100,81,68,1708,3504,1.61285,0,15.9938,3.89746,0,3416,14036623341
43.0213,23.2443,40.404,0,100,81,68,1708,3504,1.61285,0,15.9938,3.89746,0,3416,14059868947
46.1396,21.6733,40.404,0,100,81,68,1708,3504,1.61285,0,15.9938,3.89746,0,3416,14081542557
47.7016,20.9637,40.404,0,100,81,68,1708,3504,1.61285,0,15.9938,3.89746,0,3416,14102507704
44.1663,22.6417,40.404,0,100,81,68,1708,3504,1.61285,0,15.9938,3.89746,0,3416,14125149579
46.6722,21.426,40.404,0,100,81,68,1708,3504,1.61285,0,15.9938,3.89746,0,3416,14146576703
40.2064,24.8717,40.404,0,100,81,68,1708,3504,1.61285,0,15.9938,3.89746,0,3416,14171466309
51.8843,19.2736,40.404,0,100,81,68,1708,3504,1.61285,0,15.9938,3.89746,0,3416,14190724895
47.6011,21.0079,40.404,0,100,81,68,1708,3504,1.61285,0,15.9938,3.89746,0,3416,14211733343
46.346,21.5769,40.404,0,100,81,68,1708,3504,1.61285,0,15.9938,3.89746,0,3416,14233312110
43.0877,23.2085,40.404,0,100,81,68,1708,3504,1.61285,0,15.9938,3.89746,0,3416,14256521643
48.2206,20.738,40.404,0,100,81,68,1708,3504,1.61285,0,15.9938,3.89746,0,3416,14277260819
46.9779,21.2866,40.404,0,100,81,68,1708,3504,1.61285,0,15.9938,3.89746,0,3416,14298551895
41.4637,24.1175,40.1478,0,100,81,68,1708,3504,1.61285,0,16.0031,3.89746,0,3552,14322669214
47.5335,21.0378,40.1478,0,100,81,68,1708,3504,1.61285,0,16.0031,3.89746,0,3552,14343709376
49.5968,20.1626,40.1478,0,100,81,68,1708,3504,1.61285,0,16.0031,3.89746,0,3552,14363873433
46.8652,21.3378,40.1478,0,100,81,68,1708,3504,1.61285,0,16.0031,3.89746,0,3552,14385212054
44.9169,22.2633,40.1478,0,100,81,68,1708,3504,1.61285,0,16.0031,3.89746,0,3552,14407476046
46.5122,21.4997,40.1478,0,100,81,68,1708,3504,1.61285,0,16.0031,3.89746,0,3552,14428976755
45.8412,21.8145,40.1478,0,100,81,68,1708,3504,1.61285,0,16.0031,3.89746,0,3552,14450792287
45.4935,21.9811,40.1478,0,100,81,68,1708,3504,1.61285,0,16.0031,3.89746,0,3552,14472773991
48.7785,20.5008,40.1478,0,100,81,68,1708,3504,1.61285,0,16.0031,3.89746,0,3552,14493278171
46.5335,21.4899,40.1478,0,100,81,68,1708,3504,1.61285,0,16.0031,3.89746,0,3552,14514768686
45.1941,22.1268,40.1478,0,100,81,68,1708,3504,1.61285,0,16.0031,3.89746,0,3552,14536896849
41.6139,24.0304,40.1478,0,100,81,68,1708,3504,1.61285,0,16.0031,3.89746,0,3552,14560927232
51.6848,19.348,40.1478,0,100,81,68,1708,3504,1.61285,0,16.0031,3.89746,0,3552,14580276068
48.8075,20.4886,40.1478,0,100,81,68,1708,3504,1.61285,0,16.0031,3.89746,0,3552,14600767995
44.7381,22.3523,40.1478,0,100,81,68,1708,3504,1.61285,0,16.0031,3.89746,0,3552,14623121083
45.9668,21.7548,40.1478,0,100,81,68,1708,3504,1.61285,0,16.0031,3.89746,0,3552,14644876202
47.1376,21.2145,40.1478,0,100,81,68,1708,3504,1.61285,0,16.0031,3.89746,0,3552,14666091744
44.1343,22.6581,40.1478,0,100,81,68,1708,3504,1.61285,0,16.0031,3.89746,0,3552,14688751736
46.5844,21.4664,40.1478,0,100,81,68,1708,3504,1.61285,0,16.0031,3.89746,0,3552,14710218903
45.6967,21.8834,40.1478,0,100,81,68,1708,3504,1.61285,0,16.0031,3.89746,0,3552,14732102680
46.8853,21.3287,40.1478,0,100,81,68,1708,3504,1.61285,0,16.0031,3.89746,0,3552,14753432571
46.6076,21.4557,40.1478,0,100,81,68,1708,3504,1.61285,0,16.0031,3.89746,0,3552,14774890415
46.4554,21.526,40.1478,0,100,81,68,1708,3504,1.61285,0,16.0031,3.89746,0,3552,14796417042
47.2368,21.1699,40.1478,0,100,81,68,1708,3504,1.61285,0,16.0031,3.89746,0,3552,14817595384
45.2143,22.1169,34.0686,0,100,78,68,1708,3504,1.63097,0,16.0008,3.89746,0,3409,14839709761
46.6544,21.4342,34.0686,0,100,78,68,1708,3504,1.63097,0,16.0008,3.89746,0,3409,14861142520
48.7636,20.5071,34.0686,0,100,78,68,1708,3504,1.63097,0,16.0008,3.89746,0,3409,14881650724
43.2304,23.1319,34.0686,0,100,78,68,1708,3504,1.63097,0,16.0008,3.89746,0,3409,14904783682
46.6703,21.4269,34.0686,0,100,78,68,1708,3504,1.63097,0,16.0008,3.89746,0,3409,14926211267
46.2653,21.6145,34.0686,0,100,78,68,1708,3504,1.63097,0,16.0008,3.89746,0,3409,14947826957
47.6194,20.9998,34.0686,0,100,78,68,1708,3504,1.63097,0,16.0008,3.89746,0,3409,14968828680
46.359,21.5708,34.0686,0,100,78,68,1708,3504,1.63097,0,16.0008,3.89746,0,3409,14990400120
46.5266,21.4931,34.0686,0,100,78,68,1708,3504,1.63097,0,16.0008,3.89746,0,3409,15011894084
44.3583,22.5437,34.0686,0,100,78,68,1708,3504,1.63097,0,16.0008,3.89746,0,3409,15034440360
44.7077,22.3675,34.0686,0,100,78,68,1708,3504,1.63097,0,16.0008,3.89746,0,3409,15056808165
49.2191,20.3173,34.0686,0,100,78,68,1708,3504,1.63097,0,16.0008,3.89746,0,3409,15077126886
47.4946,21.055,34.0686,0,100,78,68,1708,3504,1.63097,0,16.0008,3.89746,0,3409,15098183438
42.1504,23.7245,34.0686,0,100,78,68,1708,3504,1.63097,0,16.0008,3.89746,0,3409,15121911275
42.234,23.6776,34.0686,0,100,78,68,1708,3504,1.63097,0,16.0008,3.89746,0,3409,15145586897
53.8114,18.5834,34.0686,0,100,78,68,1708,3504,1.63097,0,16.0008,3.89746,0,3409,15164184047
40.7845,24.5191,34.0686,0,100,78,68,1708,3504,1.63097,0,16.0008,3.89746,0,3409,15188693733
49.7044,20.1189,34.0686,0,100,78,68,1708,3504,1.63097,0,16.0008,3.89746,0,3409,15208814156
46.4077,21.5481,34.0686,0,100,78,68,1708,3504,1.63097,0,16.0008,3.89746,0,3409,15230362049
42.8577,23.333,34.0686,0,100,78,68,1708,3504,1.63097,0,16.0008,3.89746,0,3409,15253701286
42.9466,23.2847,34.0686,0,100,78,68,1708,3504,1.63097,0,16.0008,3.89746,0,3409,15276984520
54.1212,18.477,34.0686,0,100,78,68,1708,3504,1.63097,0,16.0008,3.89746,0,3409,15295462576
46.6901,21.4178,34.0686,0,100,78,68,1708,3504,1.63097,0,16.0008,3.89746,0,3409,15316881251
44.8852,22.279,34.0686,0,100,78,68,1708,3504,1.63097,0,16.0008,3.89746,0,3409,15339165609
42.5991,23.4747,40.9201,0,100,78,68,1708,3504,1.66649,0,15.4361,3.90014,0,3426,15362637696
49.2679,20.2972,40.9201,0,100,78,68,1708,3504,1.66649,0,15.4361,3.90014,0,3426,15382935907
45.267,22.0912,40.9201,0,100,78,68,1708,3504,1.66649,0,15.4361,3.90014,0,3426,15405028011
44.7292,22.3568,40.9201,0,100,78,68,1708,3504,1.66649,0,15.4361,3.90014,0,3426,15427386865
50.5727,19.7735,40.9201,0,100,78,68,1708,3504,1.66649,0,15.4361,3.90014,0,3426,15447160805
42.3206,23.6292,40.9201,0,100,78,68,1708,3504,1.66649,0,15.4361,3.90014,0,3426,15470802534
46.4247,21.5403,40.9201,0,100,78,68,1708,3504,1.66649,0,15.4361,3.90014,0,3426,15492337740
48.4601,20.6355,40.9201,0,100,78,68,1708,3504,1.66649,0,15.4361,3.90014,0,3426,15512971934
44.4243,22.5102,40.9201,0,100,78,68,1708,3504,1.66649,0,15.4361,3.90014,0,3426,15535485023
43.7951,22.8336,40.9201,0,100,78,68,1708,3504,1.66649,0,15.4361,3.90014,0,3426,15558322892
45.0173,22.2137,40.9201,0,100,78,68,1708,3504,1.66649,0,15.4361,3.90014,0,3426,15580534547
48.6537,20.5534,40.9201,0,100,78,68,1708,3504,1.66649,0,15.4361,3.90014,0,3426,15601092954
46.179,21.6549,40.9201,0,100,78,68,1708,3504,1.66649,0,15.4361,3.90014,0,3426,15622745712
46.1152,21.6848,40.9201,0,100,78,68,1708,3504,1.66649,0,15.4361,3.90014,0,3426,15644430119
47.7259,20.953,40.9201,0,100,78,68,1708,3504,1.66649,0,15.4361,3.90014,0,3426,15665384398
43.1969,23.1498,40.9201,0,100,78,68,1708,3504,1.66649,0,15.4361,3.90014,0,3426,15688537048
48.5239,20.6084,40.9201,0,100,78,68,1708,3504,1.66649,0,15.4361,3.90014,0,3426,15709149631
46.3823,21.5599,40.9201,0,100,78,68,1708,3504,1.66649,0,15.4361,3.90014,0,3426,15730706927
45.542,21.9578,40.9201,0,100,78,68,1708,3504,1.66649,0,15.4361,3.90014,0,3426,15752666388
42.517,23.52,40.9201,0,100,78,68,1708,3504,1.66649,0,15.4361,3.90014,0,3426,15776187709
50.585,19.7687,40.9201,0,100,78,68,1708,3504,1.66649,0,15.4361,3.90014,0,3426,15795957748
45.5275,21.9648,40.9201,0,100,78,68,1708,3504,1.66649,0,15.4361,3.90014,0,3426,15817923988
47.4653,21.068,40.9201,0,100,78,68,1708,3504,1.66649,0,15.4361,3.90014,0,3426,15838993444
45.0794,22.1831,40.9201,0,100,78,68,1708,3504,1.66649,0,15.4361,3.90014,0,3426,15861179576
45.2888,22.0805,37.4083,0,100,77,68,1708,3504,1.68637,0,15.4689,3.90014,0,3489,15883258710
46.9545,21.2972,37.4083,0,100,77,68,1708,3504,1.68637,0,15.4689,3.90014,0,3489,15904556729
43.9233,22.767,37.4083,0,100,77,68,1708,3504,1.68637,0,15.4689,3.90014,0,3489,15927325002
48.1487,20.769,37.4083,0,100,77,68,1708,3504,1.68637,0,15.4689,3.90014,0,3489,15948095550
45.2948,22.0776,37.4083,0,100,77,68,1708,3504,1.68637,0,15.4689,3.90014,0,3489,15970179381
44.9457,22.2491,37.4083,0,100,77,68,1708,3504,1.68637,0,15.4689,3.90014,0,3489,15992425202
47.5522,21.0295,37.4083,0,100,77,68,1708,3504,1.68637,0,15.4689,3.90014,0,3489,16013455943
47.0333,21.2615,37.4083,0,100,77,68,1708,3504,1.68637,0,15.4689,3.90014,0,3489,16034719630
46.5462,21.484,37.4083,0,100,77,68,1708,3504,1.68637,0,15.4689,3.90014,0,3489,16056203386
44.4162,22.5143,37.4083,0,100,77,68,1708,3504,1.68637,0,15.4689,3.90014,0,3489,16078719013
48.227,20.7353,37.4083,0,100,77,68,1708,3504,1.68637,0,15.4689,3.90014,0,3489,16099458399
46.1167,21.6841,37.4083,0,100,77,68,1708,3504,1.68637,0,15.4689,3.90014,0,3489,16121142967
45.6503,21.9057,37.4083,0,100,77,68,1708,3504,1.68637,0,15.4689,3.90014,0,3489,16143049313
47.977,20.8433,37.4083,0,100,77,68,1708,3504,1.68637,0,15.4689,3.90014,0,3489,16163893015
43.0777,23.2139,37.4083,0,100,77,68,1708,3504,1.68637,0,15.4689,3.90014,0,3489,16187108197
48.1569,20.7655,37.4083,0,100,77,68,1708,3504,1.68637,0,15.4689,3.90014,0,3489,16207876445
46.8785,21.3317,37.4083,0,100,77,68,1708,3504,1.68637,0,15.4689,3.90014,0,3489,16229208607
43.727,22.8692,37.4083,0,100,77,68,1708,3504,1.68637,0,15.4689,3.90014,0,3489,16252079122
45.6248,21.9179,37.4083,0,100,77,68,1708,3504,1.68637,0,15.4689,3.90014,0,3489,16274003206
46.3995,21.552,37.4083,0,100,77,68,1708,3504,1.68637,0,15.4689,3.90014,0,3489,16295552379
42.3153,23.6321,37.4083,0,100,77,68,1708,3504,1.68637,0,15.4689,3.90014,0,3489,16319186853
43.148,23.1761,37.4083,0,100,77,68,1708,3504,1.68637,0,15.4689,3.90014,0,3489,16342367210
53.0163,18.8621,37.4083,0,100,77,68,1708,3504,1.68637,0,15.4689,3.90014,0,3489,16361230526
44.3456,22.5502,41.1168,0,100,77,68,1708,3504,1.71407,0,15.5091,3.90014,0,3416,16383781457
43.1371,23.1819,41.1168,0,100,77,68,1708,3504,1.71407,0,15.5091,3.90014,0,3416,16406962298
50.4254,19.8313,41.1168,0,100,77,68,1708,3504,1.71407,0,15.5091,3.90014,0,3416,16426797596
47.965,20.8485,41.1168,0,100,77,68,1708,3504,1.71407,0,15.5091,3.90014,0,3416,16447646497
44.2742,22.5865,41.1168,0,100,77,68,1708,3504,1.71407,0,15.5091,3.90014,0,3416,16470237996
44.866,22.2886,41.1168,0,100,77,68,1708,3504,1.71407,0,15.5091,3.90014,0,3416,16492525804
48.0997,20.7902,41.1168,0,100,77,68,1708,3504,1.71407,0,15.5091,3.90014,0,3416,16513317189
46.5954,21.4614,41.1168,0,100,77,68,1708,3504,1.71407,0,15.5091,3.90014,0,3416,16534780117
41.9491,23.8384,41.1168,0,100,77,68,1708,3504,1.71407,0,15.5091,3.90014,0,3416,16558619348
49.4671,20.2155,41.1168,0,100,77,68,1708,3504,1.71407,0,15.5091,3.90014,0,3416,16578834178
43.9491,22.7536,41.1168,0,100,77,68,1708,3504,1.71407,0,15.5091,3.90014,0,3416,16601589050
50.217,19.9136,41.1168,0,100,77,68,1708,3504,1.71407,0,15.5091,3.90014,0,3416,16621504223
43.8598,22.7999,41.1168,0,100,77,68,1708,3504,1.71407,0,15.5091,3.90014,0,3416,16644305308
51.9939,19.233,41.1168,0,100,77,68,1708,3504,1.71407,0,15.5091,3.90014,0,3416,16663539319
43.7419,22.8614,41.1168,0,100,77,68,1708,3504,1.71407,0,15.5091,3.90014,0,3416,16686401670
45.2635,22.0929,41.1168,0,100,77,68,1708,3504,1.71407,0,15.5091,3.90014,0,3416,16708495012
46.6247,21.4478,41.1168,0,100,77,68,1708,3504,1.71407,0,15.5091,3.90014,0,3416,16729944972
46.4721,21.5183,41.1168,0,100,77,68,1708,3504,1.71407,0,15.5091,3.90014,0,3416,16751465005
48.2397,20.7298,41.1168,0,100,77,68,1708,3504,1.71407,0,15.5091,3.90014,0,3416,16772195310
44.0051,22.7246,41.1168,0,100,77,68,1708,3504,1.71407,0,15.5091,3.90014,0,3416,16794921096
50.0093,19.9963,41.1168,0,100,77,68,1708,3504,1.71407,0,15.5091,3.90014,0,3416,16814918733
45.2069,22.1205,41.1168,0,100,77,68,1708,3504,1.71407,0,15.5091,3.90014,0,3416,16837040438
45.095,22.1754,41.1168,0,100,77,68,1708,3504,1.71407,0,15.5091,3.90014,0,3416,16859217039
45.9589,21.7586,41.1168,0,100,77,68,1708,3504,1.71407,0,15.5091,3.90014,0,3416,16880978946
46.083,21.7,44.9761,0,100,79,68,1708,3504,1.72729,0,15.5253,3.90014,0,3486,16902693733
45.7344,21.8654,44.9761,0,100,79,68,1708,3504,1.72729,0,15.5253,3.90014,0,3486,16924562210
47.205,21.1842,44.9761,0,100,79,68,1708,3504,1.72729,0,15.5253,3.90014,0,3486,16945747209
43.0069,23.2521,44.9761,0,100,79,68,1708,3504,1.72729,0,15.5253,3.90014,0,3486,16969002052
49.155,20.3438,44.9761,0,100,79,68,1708,3504,1.72729,0,15.5253,3.90014,0,3486,16989348817
44.4679,22.4881,44.9761,0,100,79,68,1708,3504,1.72729,0,15.5253,3.90014,0,3486,17011835418
44.4959,22.474,44.9761,0,100,79,68,1708,3504,1.72729,0,15.5253,3.90014,0,3486,17034310790
47.0619,21.2486,44.9761,0,100,79,68,1708,3504,1.72729,0,15.5253,3.90014,0,3486,17055561368
40.1179,24.9265,44.9761,0,100,79,68,1708,3504,1.72729,0,15.5253,3.90014,0,3486,17080488515
52.1098,19.1903,44.9761,0,100,79,68,1708,3504,1.72729,0,15.5253,3.90014,0,3486,17099680283
44.1563,22.6468,44.9761,0,100,79,68,1708,3504,1.72729,0,15.5253,3.90014,0,3486,17122328605
46.2247,21.6335,44.9761,0,100,79,68,1708,3504,1.72729,0,15.5253,3.90014,0,3486,17143975214
46.3952,21.554,44.9761,0,100,79,68,1708,3504,1.72729,0,15.5253,3.90014,0,3486,17165518761
46.0341,21.723,44.9761,0,100,79,68,1708,3504,1.72729,0,15.5253,3.90014,0,3486,17187242077
45.743,21.8613,44.9761,0,100,79,68,1708,3504,1.72729,0,15.5253,3.90014,0,3486,17209105950
48.4268,20.6497,44.9761,0,100,79,68,1708,3504,1.72729,0,15.5253,3.90014,0,3486,17229754936
43.8512,22.8044,44.9761,0,100,79,68,1708,3504,1.72729,0,15.5253,3.90014,0,3486,17252561221
40.761,24.5333,44.9761,0,100,79,68,1708,3504,1.72729,0,15.5253,3.90014,0,3486,17277094734
53.4026,18.7257,44.9761,0,100,79,68,1708,3504,1.72729,0,15.5253,3.90014,0,3486,17295821726
45.1848,22.1313,44.9761,0,100,79,68,1708,3504,1.72729,0,15.5253,3.90014,0,3486,17317954545
44.2192,22.6146,44.9761,0,100,79,68,1708,3504,1.72729,0,15.5253,3.90014,0,3486,17340570168
47.1416,21.2127,44.9761,0,100,79,68,1708,3504,1.72729,0,15.5253,3.90014,0,3486,17361784036
39.2125,25.5021,44.9761,0,100,79,68,1708,3504,1.72729,0,15.5253,3.90014,0,3486,17387291501
56.303,17.761,36.9347,0,100,79,68,1708,3504,1.75847,0,15.5311,3.90014,0,3400,17405049111
45.3268,22.062,36.9347,0,100,79,68,1708,3504,1.75847,0,15.5311,3.90014,0,3400,17427111918
49.5126,20.1969,36.9347,0,100,79,68,1708,3504,1.75847,0,15.5311,3.90014,0,3400,17447310041
41.8125,23.9163,36.9347,0,100,79,68,1708,3504,1.75847,0,15.5311,3.90014,0,3400,17471226754
52.3232,19.112,36.9347,0,100,79,68,1708,3504,1.75847,0,15.5311,3.90014,0,3400,17490342442
46.7785,21.3773,36.9347,0,100,79,68,1708,3504,1.75847,0,15.5311,3.90014,0,3400,17511718915
45.4733,21.9909,36.9347,0,100,79,68,1708,3504,1.75847,0,15.5311,3.90014,0,3400,17533711494
44.7264,22.3582,36.9347,0,100,79,68,1708,3504,1.75847,0,15.5311,3.90014,0,3400,17556074609
46.3093,21.5939,36.9347,0,100,79,68,1708,3504,1.75847,0,15.5311,3.90014,0,3400,17577666455
47.2893,21.1464,36.9347,0,100,79,68,1708,3504,1.75847,0,15.5311,3.90014,0,3400,17598814262
47.0211,21.267,36.9347,0,100,79,68,1708,3504,1.75847,0,15.5311,3.90014,0,3400,17620082620
44.5453,22.4491,36.9347,0,100,79,68,1708,3504,1.75847,0,15.5311,3.90014,0,3400,17642532232
49.1824,20.3325,36.9347,0,100,79,68,1708,3504,1.75847,0,15.5311,3.90014,0,3400,17662866284
42.878,23.322,36.9347,0,100,79,68,1708,3504,1.75847,0,15.5311,3.90014,0,3400,17686190496
50.0149,19.9941,36.9347,0,100,79,68,1708,3504,1.75847,0,15.5311,3.90014,0,3400,17706185823
46.1459,21.6704,36.9347,0,100,79,68,1708,3504,1.75847,0,15.5311,3.90014,0,3400,17727857388
45.8508,21.8099,36.9347,0,100,79,68,1708,3504,1.75847,0,15.5311,3.90014,0,3400,17749667995
47.5771,21.0185,36.9347,0,100,79,68,1708,3504,1.75847,0,15.5311,3.90014,0,3400,17770687177
45.6157,21.9223,36.9347,0,100,79,68,1708,3504,1.75847,0,15.5311,3.90014,0,3400,17792611347
45.8311,21.8193,36.9347,0,100,79,68,1708,3504,1.75847,0,15.5311,3.90014,0,3400,17814432825
45.9189,21.7775,36.9347,0,100,79,68,1708,3504,1.75847,0,15.5311,3.90014,0,3400,17836214391
39.5098,25.3101,36.9347,0,100,79,68,1708,3504,1.75847,0,15.5311,3.90014,0,3400,17861522136
55.1638,18.1278,36.9347,0,100,79,68,1708,3504,1.75847,0,15.5311,3.90014,0,3400,17879652215
44.2264,22.6109,36.9347,0,100,79,68,1708,3504,1.75847,0,15.5311,3.90014,0,3400,17902266222
45.8225,21.8233,40.7317,0,100,82,68,1708,3504,1.77177,0,15.5122,3.90014,0,3481,17924087981
47.3378,21.1248,40.7317,0,100,82,68,1708,3504,1.77177,0,15.5122,3.90014,0,3481,17945214434
46.8017,21.3667,40.7317,0,100,82,68,1708,3504,1.77177,0,15.5122,3.90014,0,3481,17966583388
45.1421,22.1523,40.7317,0,100,82,68,1708,3504,1.77177,0,15.5122,3.90014,0,3481,17988735598
47.2916,21.1454,40.7317,0,100,82,68,1708,3504,1.77177,0,15.5122,3.90014,0,3481,18009882985
46.6055,21.4567,40.7317,0,100,82,68,1708,3504,1.77177,0,15.5122,3.90014,0,3481,18031348952
48.861,20.4662,40.7317,0,100,82,68,1708,3504,1.77177,0,15.5122,3.90014,0,3481,18051815238
44.8434,22.2998,40.7317,0,100,82,68,1708,3504,1.77177,0,15.5122,3.90014,0,3481,18074112231
49.7663,20.0939,40.7317,0,100,82,68,1708,3504,1.77177,0,15.5122,3.90014,0,3481,18094207387
44.3064,22.5701,40.7317,0,100,82,68,1708,3504,1.77177,0,15.5122,3.90014,0,3481,18116778445
48.0895,20.7946,40.7317,0,100,82,68,1708,3504,1.77177,0,15.5122,3.90014,0,3481,18137574825
47.1681,21.2008,40.7317,0,100,82,68,1708,3504,1.77177,0,15.5122,3.90014,0,3481,18158775923
47.8478,20.8996,40.7317,0,100,82,68,1708,3504,1.77177,0,15.5122,3.90014,0,3481,18179675903
46.2875,21.6041,40.7317,0,100,82,68,1708,3504,1.77177,0,15.5122,3.90014,0,3481,18201282433
46.5446,21.4848,40.7317,0,100,82,68,1708,3504,1.77177,0,15.5122,3.90014,0,3481,18222769256
46.1505,21.6682,40.7317,0,100,82,68,1708,3504,1.77177,0,15.5122,3.90014,0,3481,18244437878
48.1365,20.7743,40.7317,0,100,82,68,1708,3504,1.77177,0,15.5122,3.90014,0,3481,18265213708
47.1722,21.1989,40.7317,0,100,82,68,1708,3504,1.77177,0,15.5122,3.90014,0,3481,18286413734
43.2589,23.1166,40.7317,0,100,82,68,1708,3504,1.77177,0,15.5122,3.90014,0,3481,18309532277
52.4563,19.0635,40.7317,0,100,82,68,1708,3504,1.77177,0,15.5122,3.90014,0,3481,18328596267
44.8873,22.278,40.7317,0,100,82,68,1708,3504,1.77177,0,15.5122,3.90014,0,3481,18350877303
47.57,21.0217,40.7317,0,100,82,68,1708,3504,1.77177,0,15.5122,3.90014,0,3481,18371898769
45.6781,21.8923,40.7317,0,100,82,68,1708,3504,1.77177,0,15.5122,3.90014,0,3481,18393792660
46.091,21.6962,40.7317,0,100,82,68,1708,3504,1.77177,0,15.5122,3.90014,0,3481,18415493041
49.128,20.355,40.6015,0,100,82,68,1708,3504,1.79016,0,15.6809,3.90332,0,3425,18435847027
47.6905,20.9685,40.6015,0,100,82,68,1708,3504,1.79016,0,15.6809,3.90332,0,3425,18456815290
45.6968,21.8834,40.6015,0,100,82,68,1708,3504,1.79016,0,15.6809,3.90332,0,3425,18478702734
47.9257,20.8656,40.6015,0,100,82,68,1708,3504,1.79016,0,15.6809,3.90332,0,3425,18499568647
46.0037,21.7374,40.6015,0,100,82,68,1708,3504,1.79016,0,15.6809,3.90332,0,3425,18521307020
46.0341,21.723,40.6015,0,100,82,68,1708,3504,1.79016,0,15.6809,3.90332,0,3425,18543030307
49.7401,20.1045,40.6015,0,100,82,68,1708,3504,1.79016,0,15.6809,3.90332,0,3425,18563139330
45.8973,21.7878,40.6015,0,100,82,68,1708,3504,1.79016,0,15.6809,3.90332,0,3425,18584925621
43.6598,22.9044,40.6015,0,100,82,68,1708,3504,1.79016,0,15.6809,3.90332,0,3425,18607850177
51.2471,19.5133,40.6015,0,100,82,68,1708,3504,1.79016,0,15.6809,3.90332,0,3425,18627345046
46.9865,21.2827,40.6015,0,100,82,68,1708,3504,1.79016,0,15.6809,3.90332,0,3425,18648628955
42.3021,23.6395,40.6015,0,100,82,68,1708,3504,1.79016,0,15.6809,3.90332,0,3425,18672276949
52.1644,19.1702,40.6015,0,100,82,68,1708,3504,1.79016,0,15.6809,3.90332,0,3425,18691442648
43.8455,22.8074,40.6015,0,100,82,68,1708,3504,1.79016,0,15.6809,3.90332,0,3425,18714253501
43.9795,22.7378,40.6015,0,100,82,68,1708,3504,1.79016,0,15.6809,3.90332,0,3425,18736991350
52.8843,18.9092,40.6015,0,100,82,68,1708,3504,1.79016,0,15.6809,3.90332,0,3425,18755903009
45.6814,21.8907,40.6015,0,100,82,68,1708,3504,1.79016,0,15.6809,3.90332,0,3425,18777794343
45.1206,22.1628,40.6015,0,100,82,68,1708,3504,1.79016,0,15.6809,3.90332,0,3425,18799958305
45.2307,22.1089,40.6015,0,100,82,68,1708,3504,1.79016,0,15.6809,3.90332,0,3425,18822069799
51.4264,19.4453,40.6015,0,100,82,68,1708,3504,1.79016,0,15.6809,3.90332,0,3425,18841514555
46.7082,21.4095,40.6015,0,100,82,68,1708,3504,1.79016,0,15.6809,3.90332,0,3425,18862925729
45.7819,21.8427,40.6015,0,100,82,68,1708,3504,1.79016,0,15.6809,3.90332,0,3425,18884768505
45.4981,21.9789,40.6015,0,100,82,68,1708,3504,1.79016,0,15.6809,3.90332,0,3425,18906749517
48.9808,20.4162,40.6015,0,100,82,68,1708,3504,1.79016,0,15.6809,3.90332,0,3425,18927174009
45.9656,21.7554,44.1624,0,100,80,69,1708,3504,1.79598,0,15.715,3.90893,0,3419,18948924668
48.219,20.7387,44.1624,0,100,80,69,1708,3504,1.79598,0,15.715,3.90893,0,3419,18969663970
44.3936,22.5258,44.1624,0,100,80,69,1708,3504,1.79598,0,15.715,3.90893,0,3419,18992190865
45.608,21.926,44.1624,0,100,80,69,1708,3504,1.79598,0,15.715,3.90893,0,3419,19014118953
47.5701,21.0216,44.1624,0,100,80,69,1708,3504,1.79598,0,15.715,3.90893,0,3419,19035142802
49.0056,20.4059,44.1624,0,100,80,69,1708,3504,1.79598,0,15.715,3.90893,0,3419,19055548348
45.4736,21.9908,44.1624,0,100,80,69,1708,3504,1.79598,0,15.715,3.90893,0,3419,19077539943
48.8667,20.4638,44.1624,0,100,80,69,1708,3504,1.79598,0,15.715,3.90893,0,3419,19098004763
44.8245,22.3092,44.1624,0,100,80,69,1708,3504,1.79598,0,15.715,3.90893,0,3419,19120315678
47.7208,20.9552,44.1624,0,100,80,69,1708,3504,1.79598,0,15.715,3.90893,0,3419,19141271259
46.2354,21.6284,44.1624,0,100,80,69,1708,3504,1.79598,0,15.715,3.90893,0,3419,19162900097
46.4738,21.5175,44.1624,0,100,80,69,1708,3504,1.79598,0,15.715,3.90893,0,3419,19184420404
45.4626,21.9961,44.1624,0,100,80,69,1708,3504,1.79598,0,15.715,3.90893,0,3419,19206416763
47.4265,21.0853,44.1624,0,100,80,69,1708,3504,1.79598,0,15.715,3.90893,0,3419,19227503297
46.3304,21.5841,44.1624,0,100,80,69,1708,3504,1.79598,0,15.715,3.90893,0,3419,19249089662
45.3385,22.0563,44.1624,0,100,80,69,1708,3504,1.79598,0,15.715,3.90893,0,3419,19271145801
46.5972,21.4605,44.1624,0,100,80,69,1708,3504,1.79598,0,15.715,3.90893,0,3419,19292606719
47.0808,21.2401,44.1624,0,100,80,69,1708,3504,1.79598,0,15.715,3.90893,0,3419,19313861898
48.4,20.6612,44.1624,0,100,80,69,1708,3504,1.79598,0,15.715,3.90893,0,3419,19334510859
44.7852,22.3288,44.1624,0,100,80,69,1708,3504,1.79598,0,15.715,3.90893,0,3419,19356841220
45.6247,21.918,44.1624,0,100,80,69,1708,3504,1.79598,0,15.715,3.90893,0,3419,19378760176
44.6391,22.4019,44.1624,0,100,80,69,1708,3504,1.79598,0,15.715,3.90893,0,3419,19401163029
49.3108,20.2795,44.1624,0,100,80,69,1708,3504,1.79598,0,15.715,3.90893,0,3419,19421443839
45.0359,22.2045,44.1624,0,100,80,69,1708,3504,1.79598,0,15.715,3.90893,0,3419,19443654066
43.7335,22.8658,34.6247,0,100,80,69,1708,3504,1.79672,0,15.7613,3.90893,0,3413,19466516525
45.9726,21.7521,34.6247,0,100,80,69,1708,3504,1.79672,0,15.7613,3.90893,0,3413,19488269049
49.3896,20.2472,34.6247,0,100,80,69,1708,3504,1.79672,0,15.7613,3.90893,0,3413,19508518433
48.433,20.6471,34.6247,0,100,80,69,1708,3504,1.79672,0,15.7613,3.90893,0,3413,19529165474
45.2807,22.0845,34.6247,0,100,80,69,1708,3504,1.79672,0,15.7613,3.90893,0,3413,19551251956
47.5688,21.0222,34.6247,0,100,80,69,1708,3504,1.79672,0,15.7613,3.90893,0,3413,19572275880
44.1433,22.6535,34.6247,0,100,80,69,1708,3504,1.79672,0,15.7613,3.90893,0,3413,19594929988
46.2967,21.5998,34.6247,0,100,80,69,1708,3504,1.79672,0,15.7613,3.90893,0,3413,19616530462
47.2095,21.1822,34.6247,0,100,80,69,1708,3504,1.79672,0,15.7613,3.90893,0,3413,19637713575
46.4875,21.5112,34.6247,0,100,80,69,1708,3504,1.79672,0,15.7613,3.90893,0,3413,19659226808
47.1474,21.2101,34.6247,0,100,80,69,1708,3504,1.79672,0,15.7613,3.90893,0,3413,19680437347
45.3087,22.0708,34.6247,0,100,80,69,1708,3504,1.79672,0,15.7613,3.90893,0,3413,19702509664
47.7383,20.9475,34.6247,0,100,80,69,1708,3504,1.79672,0,15.7613,3.90893,0,3413,19723457757
44.6263,22.4083,34.6247,0,100,80,69,1708,3504,1.79672,0,15.7613,3.90893,0,3413,19745867132
48.4352,20.6461,34.6247,0,100,80,69,1708,3504,1.79672,0,15.7613,3.90893,0,3413,19766526435
46.811,21.3625,34.6247,0,100,80,69,1708,3504,1.79672,0,15.7613,3.90893,0,3413,19787877023
48.2826,20.7114,34.6247,0,100,80,69,1708,3504,1.79672,0,15.7613,3.90893,0,3413,19808590869
42.5234,23.5165,34.6247,0,100,80,69,1708,3504,1.79672,0,15.7613,3.90893,0,3413,19832107721
50.7642,19.6989,34.6247,0,100,80,69,1708,3504,1.79672,0,15.7613,3.90893,0,3413,19851808179
48.6933,20.5367,34.6247,0,100,80,69,1708,3504,1.79672,0,15.7613,3.90893,0,3413,19872345980
46.1031,21.6905,34.6247,0,100,80,69,1708,3504,1.79672,0,15.7613,3.90893,0,3413,19894037893
45.1544,22.1463,34.6247,0,100,80,69,1708,3504,1.79672,0,15.7613,3.90893,0,3413,19916184952
48.07,20.803,34.6247,0,100,80,69,1708,3504,1.79672,0,15.7613,3.90893,0,3413,19936989256
48.0159,20.8264,34.6247,0,100,80,69,1708,3504,1.79672,0,15.7613,3.90893,0,3413,19957819752
45.5428,21.9574,24.1206,0,100,72,69,1708,3504,1.7985,0,15.7002,3.91894,0,3489,19979775066
45.5316,21.9628,24.1206,0,100,72,69,1708,3504,1.7985,0,15.7002,3.91894,0,3489,20001739161
48.5749,20.5868,24.1206,0,100,72,69,1708,3504,1.7985,0,15.7002,3.91894,0,3489,20022327858
46.2548,21.6194,24.1206,0,100,72,69,1708,3504,1.7985,0,15.7002,3.91894,0,3489,20043949773
45.7705,21.8481,24.1206,0,100,72,69,1708,3504,1.7985,0,15.7002,3.91894,0,3489,20065797758
48.3072,20.7009,24.1206,0,100,72,69,1708,3504,1.7985,0,15.7002,3.91894,0,3489,20086502207
48.3229,20.6941,24.1206,0,100,72,69,1708,3504,1.7985,0,15.7002,3.91894,0,3489,20107196533
43.9912,22.7318,24.1206,0,100,72,69,1708,3504,1.7985,0,15.7002,3.91894,0,3489,20129930011
48.9652,20.4227,24.1206,0,100,72,69,1708,3504,1.7985,0,15.7002,3.91894,0,3489,20150353757
45.1142,22.166,24.1206,0,100,72,69,1708,3504,1.7985,0,15.7002,3.91894,0,3489,20172521736
48.6509,20.5546,24.1206,0,100,72,69,1708,3504,1.7985,0,15.7002,3.91894,0,3489,20193076663
47.0308,21.2626,24.1206,0,100,72,69,1708,3504,1.7985,0,15.7002,3.91894,0,3489,20214357815
47.6319,20.9943,24.1206,0,100,72,69,1708,3504,1.7985,0,15.7002,3.91894,0,3489,20235336129
46.3924,21.5552,24.1206,0,100,72,69,1708,3504,1.7985,0,15.7002,3.91894,0,3489,20256891802
46.9686,21.2908,24.1206,0,100,72,69,1708,3504,1.7985,0,15.7002,3.91894,0,3489,20278183596
48.0252,20.8224,24.1206,0,100,72,69,1708,3504,1.7985,0,15.7002,3.91894,0,3489,20299006894
46.0899,21.6967,24.1206,0,100,72,69,1708,3504,1.7985,0,15.7002,3.91894,0,3489,20320704951
47.2597,21.1597,24.1206,0,100,72,69,1708,3504,1.7985,0,15.7002,3.91894,0,3489,20341865780
45.2123,22.1179,24.1206,0,100,72,69,1708,3504,1.7985,0,15.7002,3.91894,0,3489,20363984522
48.0088,20.8295,24.1206,0,100,72,69,1708,3504,1.7985,0,15.7002,3.91894,0,3489,20384815011
46.0583,21.7116,24.1206,0,100,72,69,1708,3504,1.7985,0,15.7002,3.91894,0,3489,20406527519
46.9029,21.3206,24.1206,0,100,72,69,1708,3504,1.7985,0,15.7002,3.91894,0,3489,20427850172
48.0388,20.8165,24.1206,0,100,72,69,1708,3504,1.7985,0,15.7002,3.91894,0,3489,20448667213
46.8337,21.3521,24.1206,0,100,72,69,1708,3504,1.7985,0,15.7002,3.91894,0,3489,20470023103
47.5222,21.0428,20.0993,0,100,72,69,1708,3504,1.7985,0,15.8944,3.91894,0,3455,20491065693
45.6756,21.8935,20.0993,0,100,72,69,1708,3504,1.7985,0,15.8944,3.91894,0,3455,20512977980
47.6107,21.0037,20.0993,0,100,72,69,1708,3504,1.7985,0,15.8944,3.91894,0,3455,20533963994
47.1489,21.2094,20.0993,0,100,72,69,1708,3504,1.7985,0,15.8944,3.91894,0,3455,20555174986
48.3209,20.695,20.0993,0,100,72,69,1708,3504,1.7985,0,15.8944,3.91894,0,3455,20575870732
46.686,21.4197,20.0993,0,100,72,69,1708,3504,1.7985,0,15.8944,3.91894,0,3455,20597291221
46.491,21.5096,20.0993,0,100,72,69,1708,3504,1.7985,0,15.8944,3.91894,0,3455,20618802289
42.1545,23.7223,20.0993,0,100,72,69,1708,3504,1.7985,0,15.8944,3.91894,0,3455,20642525728
48.3308,20.6907,20.0993,0,100,72,69,1708,3504,1.7985,0,15.8944,3.91894,0,3455,20663217585
48.806,20.4893,20.0993,0,100,72,69,1708,3504,1.7985,0,15.8944,3.91894,0,3455,20683708665
46.8944,21.3245,20.0993,0,100,72,69,1708,3504,1.7985,0,15.8944,3.91894,0,3455,20705033170
46.5619,21.4768,20.0993,0,100,72,69,1708,3504,1.7985,0,15.8944,3.91894,0,3455,20726510639
50.0211,19.9915,20.0993,0,100,72,69,1708,3504,1.7985,0,15.8944,3.91894,0,3455,20746503259
44.3753,22.5351,20.0993,0,100,72,69,1708,3504,1.7985,0,15.8944,3.91894,0,3455,20769040373
47.4739,21.0642,20.0993,0,100,72,69,1708,3504,1.7985,0,15.8944,3.91894,0,3455,20790105660
46.1677,21.6602,20.0993,0,100,72,69,1708,3504,1.7985,0,15.8944,3.91894,0,3455,20811766904
44.8686,22.2873,20.0993,0,100,72,69,1708,3504,1.7985,0,15.8944,3.91894,0,3455,20834055495
46.4902,21.5099,20.0993,0,100,72,69,1708,3504,1.7985,0,15.8944,3.91894,0,3455,20855567206
45.7279,21.8685,20.0993,0,100,72,69,1708,3504,1.7985,0,15.8944,3.91894,0,3455,20877436398
45.8778,21.797,20.0993,0,100,72,69,1708,3504,1.7985,0,15.8944,3.91894,0,3455,20899233945
46.8137,21.3613,20.0993,0,100,72,69,1708,3504,1.7985,0,15.8944,3.91894,0,3455,20920595960
44.692,22.3754,20.0993,0,100,72,69,1708,3504,1.7985,0,15.8944,3.91894,0,3455,20942973131
47.5829,21.0159,20.0993,0,100,72,69,1708,3504,1.7985,0,15.8944,3.91894,0,3455,20963989377
46.4308,21.5374,20.0993,0,100,72,69,1708,3504,1.7985,0,15.8944,3.91894,0,3455,20985530436
46.1672,21.6604,26.1845,0,100,74,69,1708,3504,1.7998,0,15.914,3.91894,0,3550,21007191720
44.1893,22.6299,26.1845,0,100,74,69,1708,3504,1.7998,0,15.914,3.91894,0,3550,21029822671
46.2903,21.6028,26.1845,0,100,74,69,1708,3504,1.7998,0,15.914,3.91894,0,3550,21051429067
48.2269,20.7353,26.1845,0,100,74,69,1708,3504,1.7998,0,15.914,3.91894,0,3550,21072164801
46.1687,21.6597,26.1845,0,100,74,69,1708,3504,1.7998,0,15.914,3.91894,0,3550,21093825039
45.5212,21.9678,26.1845,0,100,74,69,1708,3504,1.7998,0,15.914,3.91894,0,3550,21115792693
45.9504,21.7626,26.1845,0,100,74,69,1708,3504,1.7998,0,15.914,3.91894,0,3550,21137555375
46.7846,21.3746,26.1845,0,100,74,69,1708,3504,1.7998,0,15.914,3.91894,0,3550,21158931384
45.3102,22.0701,26.1845,0,100,74,69,1708,3504,1.7998,0,15.914,3.91894,0,3550,21181002406
46.4065,21.5487,26.1845,0,100,74,69,1708,3504,1.7998,0,15.914,3.91894,0,3550,21202552461
46.7828,21.3754,26.1845,0,100,74,69,1708,3504,1.7998,0,15.914,3.91894,0,3550,21223928295
46.0387,21.7209,26.1845,0,100,74,69,1708,3504,1.7998,0,15.914,3.91894,0,3550,21245651078
46.9027,21.3207,26.1845,0,100,74,69,1708,3504,1.7998,0,15.914,3.91894,0,3550,21266972273
46.391,21.5559,26.1845,0,100,74,69,1708,3504,1.7998,0,15.914,3.91894,0,3550,21288529687
45.5183,21.9692,26.1845,0,100,74,69,1708,3504,1.7998,0,15.914,3.91894,0,3550,21310500469
42.8877,23.3167,26.1845,0,100,74,69,1708,3504,1.7998,0,15.914,3.91894,0,3550,21333819987
49.048,20.3882,26.1845,0,100,74,69,1708,3504,1.7998,0,15.914,3.91894,0,3550,21354207775
47.5479,21.0314,26.1845,0,100,74,69,1708,3504,1.7998,0,15.914,3.91894,0,3550,21375240992
45.5309,21.9631,26.1845,0,100,74,69,1708,3504,1.7998,0,15.914,3.91894,0,3550,21397204947
45.6038,21.928,26.1845,0,100,74,69,1708,3504,1.7998,0,15.914,3.91894,0,3550,21419133376
45.9513,21.7622,26.1845,0,100,74,69,1708,3504,1.7998,0,15.914,3.91894,0,3550,21440897639
46.2832,21.6061,26.1845,0,100,74,69,1708,3504,1.7998,0,15.914,3.91894,0,3550,21462504330
47.2989,21.1421,26.1845,0,100,74,69,1708,3504,1.7998,0,15.914,3.91894,0,3550,21483648262
46.5321,21.4905,26.1845,0,100,74,69,1708,3504,1.7998,0,15.914,3.91894,0,3550,21505144270
44.895,22.2742,27.845,0,100,74,69,1708,3504,1.80271,0,15.9018,3.91894,0,3554,21527415584
47.8259,20.9092,27.845,0,100,74,69,1708,3504,1.80271,0,15.9018,3.91894,0,3554,21548325450
39.3488,25.4138,27.845,0,100,74,69,1708,3504,1.80271,0,15.9018,3.91894,0,3554,21573740535
55.3279,18.0741,27.845,0,100,74,69,1708,3504,1.80271,0,15.9018,3.91894,0,3554,21591814866
45.5072,21.9745,27.845,0,100,74,69,1708,3504,1.80271,0,15.9018,3.91894,0,3554,21613790360
44.487,22.4785,27.845,0,100,74,69,1708,3504,1.80271,0,15.9018,3.91894,0,3554,21636270327
47.0454,21.2561,27.845,0,100,74,69,1708,3504,1.80271,0,15.9018,3.91894,0,3554,21657526991
22.8978,43.6723,27.845,0,100,74,69,1708,3504,1.80271,0,15.9018,3.91894,0,3554,21701201791
204.028,4.9013,27.845,0,100,74,69,1708,3504,1.80271,0,15.9018,3.91894,0,3554,21706103420
50.9994,19.6081,27.845,0,100,74,69,1708,3504,1.80271,0,15.9018,3.91894,0,3554,21725711985
45.3286,22.0611,27.845,0,100,74,69,1708,3504,1.80271,0,15.9018,3.91894,0,3554,21747773728
47.6418,20.99,27.845,0,100,74,69,1708,3504,1.80271,0,15.9018,3.91894,0,3554,21768765430
45.1634,22.1418,27.845,0,100,74,69,1708,3504,1.80271,0,15.9018,3.91894,0,3554,21790908540
48.1112,20.7852,27.845,0,100,74,69,1708,3504,1.80271,0,15.9018,3.91894,0,3554,21811695590
45.4232,22.0152,27.845,0,100,74,69,1708,3504,1.80271,0,15.9018,3.91894,0,3554,21833711603
42.5617,23.4953,27.845,0,100,74,69,1708,3504,1.80271,0,15.9018,3.91894,0,3554,21857207690
46.6631,21.4302,27.845,0,100,74,69,1708,3504,1.80271,0,15.9018,3.91894,0,3554,21878639653
48.3999,20.6612,27.845,0,100,74,69,1708,3504,1.80271,0,15.9018,3.91894,0,3554,21899301468
43.6812,22.8931,27.845,0,100,74,69,1708,3504,1.80271,0,15.9018,3.91894,0,3554,21922195763
49.2404,20.3085,27.845,0,100,74,69,1708,3504,1.80271,0,15.9018,3.91894,0,3554,21942505961
46.7997,21.3677,27.845,0,100,74,69,1708,3504,1.80271,0,15.9018,3.91894,0,3554,21963874549
48.6903,20.538,27.845,0,100,74,69,1708,3504,1.80271,0,15.9018,3.91894,0,3554,21984414071
44.0847,22.6836,27.845,0,100,74,69,1708,3504,1.80271,0,15.9018,3.91894,0,3554,22007101155
48.6731,20.5452,31.4861,0,100,75,69,1708,3504,1.82825,0,15.925,3.91894,0,3447,22027644747
46.8665,21.3372,31.4861,0,100,75,69,1708,3504,1.82825,0,15.925,3.91894,0,3447,22048983399
48.253,20.7241,31.4861,0,100,75,69,1708,3504,1.82825,0,15.925,3.91894,0,3447,22069708861
46.6714,21.4264,31.4861,0,100,75,69,1708,3504,1.82825,0,15.925,3.91894,0,3447,22091148737
46.8371,21.3506,31.4861,0,100,75,69,1708,3504,1.82825,0,15.925,3.91894,0,3447,22112487664
40.0327,24.9796,31.4861,0,100,75,69,1708,3504,1.82825,0,15.925,3.91894,0,3447,22137468163
58.0946,17.2133,31.4861,0,100,75,69,1708,3504,1.82825,0,15.925,3.91894,0,3447,22154682872
46.3984,21.5524,31.4861,0,100,75,69,1708,3504,1.82825,0,15.925,3.91894,0,3447,22176236075
46.0241,21.7278,31.4861,0,100,75,69,1708,3504,1.82825,0,15.925,3.91894,0,3447,22197964327
46.1345,21.6757,31.4861,0,100,75,69,1708,3504,1.82825,0,15.925,3.91894,0,3447,22219641318
48.2399,20.7297,31.4861,0,100,75,69,1708,3504,1.82825,0,15.925,3.91894,0,3447,22240372586
46.9347,21.3062,31.4861,0,100,75,69,1708,3504,1.82825,0,15.925,3.91894,0,3447,22261679721
47.151,21.2085,31.4861,0,100,75,69,1708,3504,1.82825,0,15.925,3.91894,0,3447,22282889569
45.9522,21.7618,31.4861,0,100,75,69,1708,3504,1.82825,0,15.925,3.91894,0,3447,22304652419
47.1219,21.2215,31.4861,0,100,75,69,1708,3504,1.82825,0,15.925,3.91894,0,3447,22325875214
46.4901,21.5099,31.4861,0,100,75,69,1708,3504,1.82825,0,15.925,3.91894,0,3447,22347386829
46.983,21.2843,31.4861,0,100,75,69,1708,3504,1.82825,0,15.925,3.91894,0,3447,22368673288
46.796,21.3694,31.4861,0,100,75,69,1708,3504,1.82825,0,15.925,3.91894,0,3447,22390043165
45.6207,21.9199,31.4861,0,100,75,69,1708,3504,1.82825,0,15.925,3.91894,0,3447,22411964022
48.7387,20.5176,31.4861,0,100,75,69,1708,3504,1.82825,0,15.925,3.91894,0,3447,22432483212
47.4185,21.0888,31.4861,0,100,75,69,1708,3504,1.82825,0,15.925,3.91894,0,3447,22453572360
47.4727,21.0647,31.4861,0,100,75,69,1708,3504,1.82825,0,15.925,3.91894,0,3447,22474638895
45.3684,22.0418,31.4861,0,100,75,69,1708,3504,1.82825,0,15.925,3.91894,0,3447,22496699295
47.4522,21.0738,31.4861,0,100,75,69,1708,3504,1.82825,0,15.925,3.91894,0,3447,22517783718
46.7217,21.4033,25.1889,0,99,75,69,1708,3504,1.84576,0,15.927,3.91894,0,3483,22539160231
46.3939,21.5545,25.1889,0,99,75,69,1708,3504,1.84576,0,15.927,3.91894,0,3483,22560716287
46.8756,21.333,25.1889,0,99,75,69,1708,3504,1.84576,0,15.927,3.91894,0,3483,22582050161
44.583,22.4301,25.1889,0,99,75,69,1708,3504,1.84576,0,15.927,3.91894,0,3483,22604482032
44.0711,22.6906,25.1889,0,99,75,69,1708,3504,1.84576,0,15.927,3.91894,0,3483,22627176150
53.8211,18.5801,25.1889,0,99,75,69,1708,3504,1.84576,0,15.927,3.91894,0,3483,22645753580
47.2875,21.1472,25.1889,0,99,75,69,1708,3504,1.84576,0,15.927,3.91894,0,3483,22666902071
44.4879,22.478,25.1889,0,99,75,69,1708,3504,1.84576,0,15.927,3.91894,0,3483,22689381857
46.8156,21.3604,25.1889,0,99,75,69,1708,3504,1.84576,0,15.927,3.91894,0,3483,22710744094
48.2452,20.7274,25.1889,0,99,75,69,1708,3504,1.84576,0,15.927,3.91894,0,3483,22731471492
46.7918,21.3713,25.1889,0,99,75,69,1708,3504,1.84576,0,15.927,3.91894,0,3483,22752844297
46.0117,21.7336,25.1889,0,99,75,69,1708,3504,1.84576,0,15.927,3.91894,0,3483,22774578850
46.5526,21.4811,25.1889,0,99,75,69,1708,3504,1.84576,0,15.927,3.91894,0,3483,22796061081
45.2449,22.102,25.1889,0,99,75,69,1708,3504,1.84576,0,15.927,3.91894,0,3483,22818165500
49.7666,20.0938,25.1889,0,99,75,69,1708,3504,1.84576,0,15.927,3.91894,0,3483,22838259905
45.7527,21.8566,25.1889,0,99,75,69,1708,3504,1.84576,0,15.927,3.91894,0,3483,22860117481
46.3076,21.5947,25.1889,0,99,75,69,1708,3504,1.84576,0,15.927,3.91894,0,3483,22881713695
46.8835,21.3295,25.1889,0,99,75,69,1708,3504,1.84576,0,15.927,3.91894,0,3483,22903044272
44.8556,22.2938,25.1889,0,99,75,69,1708,3504,1.84576,0,15.927,3.91894,0,3483,22925342183
46.0664,21.7078,25.1889,0,99,75,69,1708,3504,1.84576,0,15.927,3.91894,0,3483,22947049840
43.0744,23.2156,25.1889,0,99,75,69,1708,3504,1.84576,0,15.927,3.91894,0,3483,22970267362
50.3255,19.8707,25.1889,0,99,75,69,1708,3504,1.84576,0,15.927,3.91894,0,3483,22990137201
45.6297,21.9156,25.1889,0,99,75,69,1708,3504,1.84576,0,15.927,3.91894,0,3483,23012054243
47.8049,20.9183,25.1889,0,99,75,69,1708,3504,1.84576,0,15.927,3.91894,0,3483,23032976641
43.2594,23.1164,23.192,0,100,81,69,1708,3504,1.86151,0,15.9355,3.91894,0,3433,23056092031
49.6705,20.1327,23.192,0,100,81,69,1708,3504,1.86151,0,15.9355,3.91894,0,3433,23076227413
47.0421,21.2575,23.192,0,100,81,69,1708,3504,1.86151,0,15.9355,3.91894,0,3433,23097484717
46.3661,21.5675,23.192,0,100,81,69,1708,3504,1.86151,0,15.9355,3.91894,0,3433,23119054005
45.1706,22.1383,23.192,0,100,81,69,1708,3504,1.86151,0,15.9355,3.91894,0,3433,23141193249
47.415,21.0904,23.192,0,100,81,69,1708,3504,1.86151,0,15.9355,3.91894,0,3433,23162284994
46.8431,21.3479,23.192,0,100,81,69,1708,3504,1.86151,0,15.9355,3.91894,0,3433,23183633262
45.7736,21.8466,23.192,0,100,81,69,1708,3504,1.86151,0,15.9355,3.91894,0,3433,23205481705
45.1444,22.1511,23.192,0,100,81,69,1708,3504,1.86151,0,15.9355,3.91894,0,3433,23227634486
47.9371,20.8607,23.192,0,100,81,69,1708,3504,1.86151,0,15.9355,3.91894,0,3433,23248497976
45.7154,21.8745,23.192,0,100,81,69,1708,3504,1.86151,0,15.9355,3.91894,0,3433,23270370859
47.2707,21.1547,23.192,0,100,81,69,1708,3504,1.86151,0,15.9355,3.91894,0,3433,23291527520
46.4496,21.5287,23.192,0,100,81,69,1708,3504,1.86151,0,15.9355,3.91894,0,3433,23313057587
45.2504,22.0993,23.192,0,100,81,69,1708,3504,1.86151,0,15.9355,3.91894,0,3433,23335156918
49.4346,20.2287,23.192,0,100,81,69,1708,3504,1.86151,0,15.9355,3.91894,0,3433,23355387810
45.4884,21.9836,23.192,0,100,81,69,1708,3504,1.86151,0,15.9355,3.91894,0,3433,23377372897
46.1804,21.6542,23.192,0,100,81,69,1708,3504,1.86151,0,15.9355,3.91894,0,3433,23399028216
46.6936,21.4162,23.192,0,100,81,69,1708,3504,1.86151,0,15.9355,3.91894,0,3433,23420470354
46.76,21.3858,23.192,0,100,81,69,1708,3504,1.86151,0,15.9355,3.91894,0,3433,23441832030
46.8068,21.3644,23.192,0,100,81,69,1708,3504,1.86151,0,15.9355,3.91894,0,3433,23463197637
46.6366,21.4424,23.192,0,100,81,69,1708,3504,1.86151,0,15.9355,3.91894,0,3433,23484640862
45.3964,22.0282,23.192,0,100,81,69,1708,3504,1.86151,0,15.9355,3.91894,0,3433,23506669940
46.0689,21.7066,23.192,0,100,81,69,1708,3504,1.86151,0,15.9355,3.91894,0,3433,23528377849
41.8293,23.9067,23.192,0,100,81,69,1708,3504,1.86151,0,15.9355,3.91894,0,3433,23552289381
51.1869,19.5363,30.6173,0,100,81,69,1708,3504,1.89244,0,15.912,3.91894,0,3412,23571822616
47.6119,21.0032,30.6173,0,100,81,69,1708,3504,1.89244,0,15.912,3.91894,0,3412,23592826967
47.2521,21.1631,30.6173,0,100,81,69,1708,3504,1.89244,0,15.912,3.91894,0,3412,23613991440
44.6738,22.3845,30.6173,0,100,81,69,1708,3504,1.89244,0,15.912,3.91894,0,3412,23636378055
46.0219,21.7288,30.6173,0,100,81,69,1708,3504,1.89244,0,15.912,3.91894,0,3412,23658107154
47.6818,20.9724,30.6173,0,100,81,69,1708,3504,1.89244,0,15.912,3.91894,0,3412,23679081753
44.3826,22.5313,30.6173,0,100,81,69,1708,3504,1.89244,0,15.912,3.91894,0,3412,23701614051
48.0362,20.8177,30.6173,0,100,81,69,1708,3504,1.89244,0,15.912,3.91894,0,3412,23722432826
45.3748,22.0387,30.6173,0,100,81,69,1708,3504,1.89244,0,15.912,3.91894,0,3412,23744472660
46.0567,21.7124,30.6173,0,100,81,69,1708,3504,1.89244,0,15.912,3.91894,0,3412,23766186496
45.1285,22.1589,30.6173,0,100,81,69,1708,3504,1.89244,0,15.912,3.91894,0,3412,23788345914
47.0122,21.2711,30.6173,0,100,81,69,1708,3504,1.89244,0,15.912,3.91894,0,3412,23809619575
46.0488,21.7161,30.6173,0,100,81,69,1708,3504,1.89244,0,15.912,3.91894,0,3412,23831348553
46.8027,21.3663,30.6173,0,100,81,69,1708,3504,1.89244,0,15.912,3.91894,0,3412,23852701751
47.0092,21.2725,30.6173,0,100,81,69,1708,3504,1.89244,0,15.912,3.91894,0,3412,23873976569
46.5564,21.4793,30.6173,0,100,81,69,1708,3504,1.89244,0,15.912,3.91894,0,3412,23895455541
46.2199,21.6357,30.6173,0,100,81,69,1708,3504,1.89244,0,15.912,3.91894,0,3412,23917092631
44.6205,22.4112,30.6173,0,100,81,69,1708,3504,1.89244,0,15.912,3.91894,0,3412,23939505826
44.9038,22.2698,30.6173,0,100,81,69,1708,3504,1.89244,0,15.912,3.91894,0,3412,23961775438
48.9165,20.443,30.6173,0,100,81,69,1708,3504,1.89244,0,15.912,3.91894,0,3412,23982219163
46.3616,21.5696,30.6173,0,100,81,69,1708,3504,1.89244,0,15.912,3.91894,0,3412,24003789658
46.4308,21.5374,30.6173,0,100,81,69,1708,3504,1.89244,0,15.912,3.91894,0,3412,24025329038
42.9605,23.2772,30.6173,0,100,81,69,1708,3504,1.89244,0,15.912,3.91894,0,3412,24048606647
48.6097,20.572,30.6173,0,100,81,69,1708,3504,1.89244,0,15.912,3.91894,0,3412,24069183859
46.2905,21.6027,27.5862,0,100,74,69,1708,3504,1.93959,0,15.9275,3.91894,0,3450,24090785303
45.748,21.8589,27.5862,0,100,74,69,1708,3504,1.93959,0,15.9275,3.91894,0,3450,24112644797
45.9963,21.7409,27.5862,0,100,74,69,1708,3504,1.93959,0,15.9275,3.91894,0,3450,24134386892
47.651,20.9859,27.5862,0,100,74,69,1708,3504,1.93959,0,15.9275,3.91894,0,3450,24155373337
44.2627,22.5924,27.5862,0,100,74,69,1708,3504,1.93959,0,15.9275,3.91894,0,3450,24177967633
45.8848,21.7937,27.5862,0,100,74,69,1708,3504,1.93959,0,15.9275,3.91894,0,3450,24199762953
48.8199,20.4835,27.5862,0,100,74,69,1708,3504,1.93959,0,15.9275,3.91894,0,3450,24220246413
44.8443,22.2994,27.5862,0,100,74,69,1708,3504,1.93959,0,15.9275,3.91894,0,3450,24242546727
48.075,20.8008,27.5862,0,100,74,69,1708,3504,1.93959,0,15.9275,3.91894,0,3450,24263349132
45.7344,21.8654,27.5862,0,100,74,69,1708,3504,1.93959,0,15.9275,3.91894,0,3450,24285217183
46.3177,21.59,27.5862,0,100,74,69,1708,3504,1.93959,0,15.9275,3.91894,0,3450,24306808084
45.659,21.9015,27.5862,0,100,74,69,1708,3504,1.93959,0,15.9275,3.91894,0,3450,24328710967
45.9002,21.7864,27.5862,0,100,74,69,1708,3504,1.93959,0,15.9275,3.91894,0,3450,24350498721
46.0624,21.7097,27.5862,0,100,74,69,1708,3504,1.93959,0,15.9275,3.91894,0,3450,24372209555
45.1395,22.1535,27.5862,0,100,74,69,1708,3504,1.93959,0,15.9275,3.91894,0,3450,24394364230
46.367,21.5671,27.5862,0,100,74,69,1708,3504,1.93959,0,15.9275,3.91894,0,3450,24415933097
47.0042,21.2747,27.5862,0,100,74,69,1708,3504,1.93959,0,15.9275,3.91894,0,3450,24437207987
47.452,21.0739,27.5862,0,100,74,69,1708,3504,1.93959,0,15.9275,3.91894,0,3450,24458282562
44.6314,22.4058,27.5862,0,100,74,69,1708,3504,1.93959,0,15.9275,3.91894,0,3450,24480689513
46.3474,21.5762,27.5862,0,100,74,69,1708,3504,1.93959,0,15.9275,3.91894,0,3450,24502266298
45.472,21.9916,27.5862,0,100,74,69,1708,3504,1.93959,0,15.9275,3.91894,0,3450,24524259538
45.3152,22.0677,27.5862,0,100,74,69,1708,3504,1.93959,0,15.9275,3.91894,0,3450,24546330053
45.5649,21.9467,27.5862,0,100,74,69,1708,3504,1.93959,0,15.9275,3.91894,0,3450,24568277159
46.3388,21.5802,27.5862,0,100,74,69,1708,3504,1.93959,0,15.9275,3.91894,0,3450,24589860950
41.439,24.1318,27.451,0,100,74,69,1708,3504,1.97202,0,15.8546,3.92944,0,3401,24613993346
49.4381,20.2273,27.451,0,100,74,69,1708,3504,1.97202,0,15.8546,3.92944,0,3401,24634219009
39.7135,25.1804,27.451,0,100,74,69,1708,3504,1.97202,0,15.8546,3.92944,0,3401,24659432353
57.8907,17.2739,27.451,0,100,74,69,1708,3504,1.97202,0,15.8546,3.92944,0,3401,24676677855
47.1822,21.1944,27.451,0,100,74,69,1708,3504,1.97202,0,15.8546,3.92944,0,3401,24697874552
49.29,20.2881,27.451,0,100,74,69,1708,3504,1.97202,0,15.8546,3.92944,0,3401,24718162993
43.5688,22.9522,27.451,0,100,74,69,1708,3504,1.97202,0,15.8546,3.92944,0,3401,24741117158
45.3054,22.0724,27.451,0,100,74,69,1708,3504,1.97202,0,15.8546,3.92944,0,3401,24763190044
51.4117,19.4508,27.451,0,100,74,69,1708,3504,1.97202,0,15.8546,3.92944,0,3401,24782642775
45.0304,22.2072,27.451,0,100,74,69,1708,3504,1.97202,0,15.8546,3.92944,0,3401,24804852039
45.7581,21.854,27.451,0,100,74,69,1708,3504,1.97202,0,15.8546,3.92944,0,3401,24826705862
47.6339,20.9934,27.451,0,100,74,69,1708,3504,1.97202,0,15.8546,3.92944,0,3401,24847700819
46.3027,21.597,27.451,0,100,74,69,1708,3504,1.97202,0,15.8546,3.92944,0,3401,24869298411
44.2768,22.5852,27.451,0,100,74,69,1708,3504,1.97202,0,15.8546,3.92944,0,3401,24891884728
49.4185,20.2353,27.451,0,100,74,69,1708,3504,1.97202,0,15.8546,3.92944,0,3401,24912121784
46.0535,21.7139,27.451,0,100,74,69,1708,3504,1.97202,0,15.8546,3.92944,0,3401,24933836395
46.5387,21.4875,27.451,0,100,74,69,1708,3504,1.97202,0,15.8546,3.92944,0,3401,24955324552
46.8461,21.3465,27.451,0,100,74,69,1708,3504,1.97202,0,15.8546,3.92944,0,3401,24976672090
46.942,21.3029,27.451,0,100,74,69,1708,3504,1.97202,0,15.8546,3.92944,0,3401,24997976475
47.0578,21.2505,27.451,0,100,74,69,1708,3504,1.97202,0,15.8546,3.92944,0,3401,25019228033
46.9357,21.3058,27.451,0,100,74,69,1708,3504,1.97202,0,15.8546,3.92944,0,3401,25040534241
47.7087,20.9605,27.451,0,100,74,69,1708,3504,1.97202,0,15.8546,3.92944,0,3401,25061499349
44.884,22.2796,27.451,0,100,74,69,1708,3504,1.97202,0,15.8546,3.92944,0,3401,25083776928
48.7727,20.5033,27.451,0,100,74,69,1708,3504,1.97202,0,15.8546,3.92944,0,3401,25104283574
46.9754,21.2877,21.75,0,100,73,69,1708,3504,2.02626,0,15.894,3.92944,0,3651,25125569718
47.0532,21.2526,21.75,0,100,73,69,1708,3504,2.02626,0,15.894,3.92944,0,3651,25146823484
46.4915,21.5093,21.75,0,100,73,69,1708,3504,2.02626,0,15.894,3.92944,0,3651,25168333651
43.1563,23.1716,21.75,0,100,73,69,1708,3504,2.02626,0,15.894,3.92944,0,3651,25191507152
50.1853,19.9262,21.75,0,100,73,69,1708,3504,2.02626,0,15.894,3.92944,0,3651,25211433405
47.4218,21.0873,21.75,0,100,73,69,1708,3504,2.02626,0,15.894,3.92944,0,3651,25232521524
46.9133,21.3159,21.75,0,100,73,69,1708,3504,2.02626,0,15.894,3.92944,0,3651,25253838269
46.1176,21.6837,21.75,0,100,73,69,1708,3504,2.02626,0,15.894,3.92944,0,3651,25275523043
46.7259,21.4014,21.75,0,100,73,69,1708,3504,2.02626,0,15.894,3.92944,0,3651,25296926291
47.3588,21.1154,21.75,0,100,73,69,1708,3504,2.02626,0,15.894,3.92944,0,3651,25318042601
47.6368,20.9922,21.75,0,100,73,69,1708,3504,2.02626,0,15.894,3.92944,0,3651,25339034590
45.8724,21.7996,21.75,0,100,73,69,1708,3504,2.02626,0,15.894,3.92944,0,3651,25360836786
46.1756,21.6564,21.75,0,100,73,69,1708,3504,2.02626,0,15.894,3.92944,0,3651,25382493549
46.0625,21.7096,21.75,0,100,73,69,1708,3504,2.02626,0,15.894,3.92944,0,3651,25404204880
47.3918,21.1007,21.75,0,100,73,69,1708,3504,2.02626,0,15.894,3.92944,0,3651,25425307061
44.2323,22.6079,21.75,0,100,73,69,1708,3504,2.02626,0,15.894,3.92944,0,3651,25447916228
47.9289,20.8643,21.75,0,100,73,69,1708,3504,2.02626,0,15.894,3.92944,0,3651,25468782118
45.5644,21.9469,21.75,0,100,73,69,1708,3504,2.02626,0,15.894,3.92944,0,3651,25490730820
46.2484,21.6224,21.75,0,100,73,69,1708,3504,2.02626,0,15.894,3.92944,0,3651,25512354200
47.1294,21.2182,21.75,0,100,73,69,1708,3504,2.02626,0,15.894,3.92944,0,3651,25533573543
46.8246,21.3563,21.75,0,100,73,69,1708,3504,2.02626,0,15.894,3.92944,0,3651,25554931408
45.0243,22.2102,21.75,0,100,73,69,1708,3504,2.02626,0,15.894,3.92944,0,3651,25577142378
45.0344,22.2052,21.75,0,100,73,69,1708,3504,2.02626,0,15.894,3.92944,0,3651,25599348729
48.9529,20.4278,21.75,0,100,73,69,1708,3504,2.02626,0,15.894,3.92944,0,3651,25619780288
44.1833,22.633,21.0784,0,100,73,69,1708,3504,2.05073,0,15.9066,3.92944,0,3434,25642417239
49.7067,20.118,21.0784,0,100,73,69,1708,3504,2.05073,0,15.9066,3.92944,0,3434,25662531797
45.0189,22.2129,21.0784,0,100,73,69,1708,3504,2.05073,0,15.9066,3.92944,0,3434,25684744906
46.369,21.5661,21.0784,0,100,73,69,1708,3504,2.05073,0,15.9066,3.92944,0,3434,25706315311
46.4637,21.5222,21.0784,0,100,73,69,1708,3504,2.05073,0,15.9066,3.92944,0,3434,25727837553
47.88,20.8855,21.0784,0,100,73,69,1708,3504,2.05073,0,15.9066,3.92944,0,3434,25748723020
45.6934,21.885,21.0784,0,100,73,69,1708,3504,2.05073,0,15.9066,3.92944,0,3434,25770608311
46.7548,21.3882,21.0784,0,100,73,69,1708,3504,2.05073,0,15.9066,3.92944,0,3434,25792002643
45.7914,21.8382,21.0784,0,100,73,69,1708,3504,2.05073,0,15.9066,3.92944,0,3434,25813840411
45.8347,21.8175,21.0784,0,100,73,69,1708,3504,2.05073,0,15.9066,3.92944,0,3434,25835662326
47.9712,20.8458,21.0784,0,100,73,69,1708,3504,2.05073,0,15.9066,3.92944,0,3434,25856505624
44.1307,22.66,21.0784,0,100,73,69,1708,3504,2.05073,0,15.9066,3.92944,0,3434,25879166706
45.5757,21.9415,21.0784,0,100,73,69,1708,3504,2.05073,0,15.9066,3.92944,0,3434,25901109475
47.5833,21.0158,21.0784,0,100,73,69,1708,3504,2.05073,0,15.9066,3.92944,0,3434,25922125926
47.7853,20.9269,21.0784,0,100,73,69,1708,3504,2.05073,0,15.9066,3.92944,0,3434,25943054089
44.7732,22.3348,21.0784,0,100,73,69,1708,3504,2.05073,0,15.9066,3.92944,0,3434,25965390464
41.4447,24.1285,21.0784,0,100,73,69,1708,3504,2.05073,0,15.9066,3.92944,0,3434,25989519814
52.4779,19.0556,21.0784,0,100,73,69,1708,3504,2.05073,0,15.9066,3.92944,0,3434,26008577027
46.7191,21.4045,21.0784,0,100,73,69,1708,3504,2.05073,0,15.9066,3.92944,0,3434,26029982661
46.4272,21.5391,21.0784,0,100,73,69,1708,3504,2.05073,0,15.9066,3.92944,0,3434,26051535407
45.9807,21.7483,21.0784,0,100,73,69,1708,3504,2.05073,0,15.9066,3.92944,0,3434,26073272912
46.8561,21.3419,21.0784,0,100,73,69,1708,3504,2.05073,0,15.9066,3.92944,0,3434,26094614859
47.5017,21.0519,21.0784,0,100,73,69,1708,3504,2.05073,0,15.9066,3.92944,0,3434,26115667875
45.8064,21.831,21.0784,0,100,73,69,1708,3504,2.05073,0,15.9066,3.92944,0,3434,26137502736
47.4946,21.055,25.3695,0,100,73,69,1708,3504,2.05856,0,15.9283,3.92944,0,3536,26158556757
46.4791,21.515,25.3695,0,100,73,69,1708,3504,2.05856,0,15.9283,3.92944,0,3536,26180073203
45.2686,22.0904,25.3695,0,100,73,69,1708,3504,2.05856,0,15.9283,3.92944,0,3536,26202164763
48.0935,20.7928,25.3695,0,100,73,69,1708,3504,2.05856,0,15.9283,3.92944,0,3536,26222958404
43.4151,23.0335,25.3695,0,100,73,69,1708,3504,2.05856,0,15.9283,3.92944,0,3536,26245993580
49.7001,20.1207,25.3695,0,100,73,69,1708,3504,2.05856,0,15.9283,3.92944,0,3536,26266115298
46.2052,21.6426,25.3695,0,100,73,69,1708,3504,2.05856,0,15.9283,3.92944,0,3536,26287759693
45.5955,21.932,25.3695,0,100,73,69,1708,3504,2.05856,0,15.9283,3.92944,0,3536,26309691977
45.6187,21.9209,25.3695,0,100,73,69,1708,3504,2.05856,0,15.9283,3.92944,0,3536,26331614092
48.9327,20.4362,25.3695,0,100,73,69,1708,3504,2.05856,0,15.9283,3.92944,0,3536,26352051577
45.8821,21.795,25.3695,0,100,73,69,1708,3504,2.05856,0,15.9283,3.92944,0,3536,26373847745
45.6715,21.8955,25.3695,0,100,73,69,1708,3504,2.05856,0,15.9283,3.92944,0,3536,26395745977
47.2339,21.1712,25.3695,0,100,73,69,1708,3504,2.05856,0,15.9283,3.92944,0,3536,26416918120
44.4741,22.485,25.3695,0,100,73,69,1708,3504,2.05856,0,15.9283,3.92944,0,3536,26439403020
49.5264,20.1912,25.3695,0,100,73,69,1708,3504,2.05856,0,15.9283,3.92944,0,3536,26459595284
47.4793,21.0618,25.3695,0,100,73,69,1708,3504,2.05856,0,15.9283,3.92944,0,3536,26480658432
46.3832,21.5595,25.3695,0,100,73,69,1708,3504,2.05856,0,15.9283,3.92944,0,3536,26502219763
39.1004,25.5752,25.3695,0,100,73,69,1708,3504,2.05856,0,15.9283,3.92944,0,3536,26527795814
57.5399,17.3793,25.3695,0,100,73,69,1708,3504,2.05856,0,15.9283,3.92944,0,3536,26545174893
48.3608,20.6779,25.3695,0,100,73,69,1708,3504,2.05856,0,15.9283,3.92944,0,3536,26565854423
43.5904,22.9408,25.3695,0,100,73,69,1708,3504,2.05856,0,15.9283,3.92944,0,3536,26588796331
44.9132,22.2651,25.3695,0,100,73,69,1708,3504,2.05856,0,15.9283,3.92944,0,3536,26611062148
50.1902,19.9242,25.3695,0,100,73,69,1708,3504,2.05856,0,15.9283,3.92944,0,3536,26630988353
46.09,21.6967,25.3695,0,100,73,69,1708,3504,2.05856,0,15.9283,3.92944,0,3536,26652687479
48.2647,20.7191,32.0802,0,100,73,69,1708,3504,2.08335,0,15.9194,3.92944,0,3438,26673405981
43.9031,22.7774,32.0802,0,100,73,69,1708,3504,2.08335,0,15.9194,3.92944,0,3438,26696184448
47.5199,21.0438,32.0802,0,100,73,69,1708,3504,2.08335,0,15.9194,3.92944,0,3438,26717229338
47.8896,20.8814,32.0802,0,100,73,69,1708,3504,2.08335,0,15.9194,3.92944,0,3438,26738111627
47.4616,21.0697,32.0802,0,100,73,69,1708,3504,2.08335,0,15.9194,3.92944,0,3438,26759183029
41.7819,23.9338,32.0802,0,100,73,69,1708,3504,2.08335,0,15.9194,3.92944,0,3438,26783118274
51.9008,19.2675,32.0802,0,100,73,69,1708,3504,2.08335,0,15.9194,3.92944,0,3438,26802387105
44.481,22.4815,32.0802,0,100,73,69,1708,3504,2.08335,0,15.9194,3.92944,0,3438,26824869259
47.6688,20.9781,32.0802,0,100,73,69,1708,3504,2.08335,0,15.9194,3.92944,0,3438,26845847977
47.1801,21.1954,32.0802,0,100,73,69,1708,3504,2.08335,0,15.9194,3.92944,0,3438,26867057037
47.1871,21.1922,32.0802,0,100,73,69,1708,3504,2.08335,0,15.9194,3.92944,0,3438,26888250635
45.6849,21.8891,32.0802,0,100,73,69,1708,3504,2.08335,0,15.9194,3.92944,0,3438,26910140612
47.4739,21.0642,32.0802,0,100,73,69,1708,3504,2.08335,0,15.9194,3.92944,0,3438,26931205141
47.3203,21.1326,32.0802,0,100,73,69,1708,3504,2.08335,0,15.9194,3.92944,0,3438,26952338559
46.3517,21.5742,32.0802,0,100,73,69,1708,3504,2.08335,0,15.9194,3.92944,0,3438,26973932131
46.1667,21.6606,32.0802,0,100,73,69,1708,3504,2.08335,0,15.9194,3.92944,0,3438,26995577057
47.5617,21.0253,32.0802,0,100,73,69,1708,3504,2.08335,0,15.9194,3.92944,0,3438,27016603348
47.0359,21.2604,32.0802,0,100,73,69,1708,3504,2.08335,0,15.9194,3.92944,0,3438,27037864705
43.7441,22.8602,32.0802,0,100,73,69,1708,3504,2.08335,0,15.9194,3.92944,0,3438,27060726350
40.9422,24.4247,32.0802,0,100,73,69,1708,3504,2.08335,0,15.9194,3.92944,0,3438,27085152843
51.0209,19.5998,32.0802,0,100,73,69,1708,3504,2.08335,0,15.9194,3.92944,0,3438,27104766166
43.9229,22.7672,32.0802,0,100,73,69,1708,3504,2.08335,0,15.9194,3.92944,0,3438,27127521818
44.9154,22.2641,32.0802,0,100,73,69,1708,3504,2.08335,0,15.9194,3.92944,0,3438,27149786728
45.9786,21.7492,32.0802,0,100,73,69,1708,3504,2.08335,0,15.9194,3.92944,0,3438,27171539948
44.3962,22.5245,22.7384,0,100,74,69,1708,3504,2.08419,0,15.97,3.93945,0,3574,27194063525
45.4019,22.0255,22.7384,0,100,74,69,1708,3504,2.08419,0,15.97,3.93945,0,3574,27216089661
43.611,22.93,22.7384,0,100,74,69,1708,3504,2.08419,0,15.97,3.93945,0,3574,27239020951
45.838,21.8159,22.7384,0,100,74,69,1708,3504,2.08419,0,15.97,3.93945,0,3574,27260837735
43.962,22.7469,22.7384,0,100,74,69,1708,3504,2.08419,0,15.97,3.93945,0,3574,27283584721
45.7599,21.8532,22.7384,0,100,74,69,1708,3504,2.08419,0,15.97,3.93945,0,3574,27305439573
40.7047,24.5672,22.7384,0,100,74,69,1708,3504,2.08419,0,15.97,3.93945,0,3574,27330009219
47.646,20.9881,22.7384,0,100,74,69,1708,3504,2.08419,0,15.97,3.93945,0,3574,27350997222
44.9751,22.2345,22.7384,0,100,74,69,1708,3504,2.08419,0,15.97,3.93945,0,3574,27373234605
44.1581,22.6459,22.7384,0,100,74,69,1708,3504,2.08419,0,15.97,3.93945,0,3574,27395880360
45.1382,22.1542,22.7384,0,100,74,69,1708,3504,2.08419,0,15.97,3.93945,0,3574,27418036478
43.5899,22.9411,22.7384,0,100,74,69,1708,3504,2.08419,0,15.97,3.93945,0,3574,27440977948
46.0351,21.7226,22.7384,0,100,74,69,1708,3504,2.08419,0,15.97,3.93945,0,3574,27462701640
43.5856,22.9434,22.7384,0,100,74,69,1708,3504,2.08419,0,15.97,3.93945,0,3574,27485646921
45.5364,21.9605,22.7384,0,100,74,69,1708,3504,2.08419,0,15.97,3.93945,0,3574,27507609107
43.7315,22.8668,22.7384,0,100,74,69,1708,3504,2.08419,0,15.97,3.93945,0,3574,27530477496
43.3063,23.0913,22.7384,0,100,74,69,1708,3504,2.08419,0,15.97,3.93945,0,3574,27553570279
46.6129,21.4533,22.7384,0,100,74,69,1708,3504,2.08419,0,15.97,3.93945,0,3574,27575023450
44.0037,22.7254,22.7384,0,100,74,69,1708,3504,2.08419,0,15.97,3.93945,0,3574,27597767694
18.605,53.7488,22.7384,0,100,74,69,1708,3504,2.08419,0,15.97,3.93945,0,3574,27651500185
102.196,9.78508,22.7384,0,100,74,69,1708,3504,2.08419,0,15.97,3.93945,0,3574,27661285715
15.5132,64.4614,22.7384,0,100,74,69,1708,3504,2.08419,0,15.97,3.93945,0,3574,27725750387
14.5076,68.9296,30.1402,0,100,74,68,1708,3504,2.08871,0,16.1153,3.93945,0,3410,27794678941
16.6847,59.9352,30.1402,0,100,74,68,1708,3504,2.08871,0,16.1153,3.93945,0,3410,27854619817
16.9234,59.0898,30.1402,0,100,74,68,1708,3504,2.08871,0,16.1153,3.93945,0,3410,27913709268
19.8123,50.4737,30.1402,0,100,74,68,1708,3504,2.08871,0,16.1153,3.93945,0,3410,27964183044
21.2165,47.1331,30.1402,0,100,74,68,1708,3504,2.08871,0,16.1153,3.93945,0,3410,28011318788
21.8238,45.8215,30.1402,0,100,74,68,1708,3504,2.08871,0,16.1153,3.93945,0,3410,28057140553
21.5697,46.3614,30.1402,0,100,74,68,1708,3504,2.08871,0,16.1153,3.93945,0,3410,28103504900
21.7652,45.9449,30.1402,0,100,74,68,1708,3504,2.08871,0,16.1153,3.93945,0,3410,28149451419
22.2559,44.932,30.1402,0,100,74,68,1708,3504,2.08871,0,16.1153,3.93945,0,3410,28194387282
27.2921,36.6407,30.1402,0,100,74,68,1708,3504,2.08871,0,16.1153,3.93945,0,3410,28231029359
81.12,12.3274,43.6725,0,100,77,68,1708,3504,2.08871,0,16.0591,3.95019,0,3443,28243355195
86.2665,11.592,43.6725,0,100,77,68,1708,3504,2.08871,0,16.0591,3.95019,0,3443,28254952454
46.038,21.7212,43.6725,0,100,77,68,1708,3504,2.08871,0,16.0591,3.95019,0,3443,28276671904
46.0734,21.7045,43.6725,0,100,77,68,1708,3504,2.08871,0,16.0591,3.95019,0,3443,28298378420
43.5826,22.9449,43.6725,0,100,77,68,1708,3504,2.08871,0,16.0591,3.95019,0,3443,28321323577
40.534,24.6706,43.6725,0,100,77,68,1708,3504,2.08871,0,16.0591,3.95019,0,3443,28345996174
40.039,24.9757,43.6725,0,100,77,68,1708,3504,2.08871,0,16.0591,3.95019,0,3443,28370971773
40.8366,24.4878,43.6725,0,100,77,68,1708,3504,2.08871,0,16.0591,3.95019,0,3443,28395462905
39.8397,25.1006,43.6725,0,100,77,68,1708,3504,2.08871,0,16.0591,3.95019,0,3443,28420564984
40.7294,24.5523,43.6725,0,100,77,68,1708,3504,2.08871,0,16.0591,3.95019,0,3443,28445116879
40.1163,24.9275,43.6725,0,100,77,68,1708,3504,2.08871,0,16.0591,3.95019,0,3443,28470045481
40.4799,24.7036,43.6725,0,100,77,68,1708,3504,2.08871,0,16.0591,3.95019,0,3443,28494750373
39.2427,25.4825,43.6725,0,100,77,68,1708,3504,2.08871,0,16.0591,3.95019,0,3443,28520234098
41.5421,24.072,43.6725,0,100,77,68,1708,3504,2.08871,0,16.0591,3.95019,0,3443,28544309207
40.4363,24.7303,43.6725,0,100,77,68,1708,3504,2.08871,0,16.0591,3.95019,0,3443,28569040589
40.5242,24.6766,43.6725,0,100,77,68,1708,3504,2.08871,0,16.0591,3.95019,0,3443,28593717731
40.3896,24.7588,43.6725,0,100,77,68,1708,3504,2.08871,0,16.0591,3.95019,0,3443,28618478166
38.8695,25.7271,43.6725,0,100,77,68,1708,3504,2.08871,0,16.0591,3.95019,0,3443,28644205063
39.2604,25.471,43.6725,0,100,77,68,1708,3504,2.08871,0,16.0591,3.95019,0,3443,28669679338
41.9172,23.8566,43.6725,0,100,77,68,1708,3504,2.08871,0,16.0591,3.95019,0,3443,28693535981
40.5513,24.6601,43.6725,0,100,77,68,1708,3504,2.08871,0,16.0591,3.95019,0,3443,28718197092
39.5823,25.2638,43.6725,0,100,77,68,1708,3504,2.08871,0,16.0591,3.95019,0,3443,28743465759
41.4482,24.1265,33.4158,0,54,77,66,1693,3504,2.10458,0,16.0556,3.95019,0,3412,28767589114
37.9502,26.3503,33.4158,0,54,77,66,1693,3504,2.10458,0,16.0556,3.95019,0,3412,28793941223
46.097,21.6934,33.4158,0,54,77,66,1693,3504,2.10458,0,16.0556,3.95019,0,3412,28815634624
39.3846,25.3906,33.4158,0,54,77,66,1693,3504,2.10458,0,16.0556,3.95019,0,3412,28841027927
37.4875,26.6756,33.4158,0,54,77,66,1693,3504,2.10458,0,16.0556,3.95019,0,3412,28867704563
45.3061,22.0721,33.4158,0,54,77,66,1693,3504,2.10458,0,16.0556,3.95019,0,3412,28889777059
42.1948,23.6996,33.4158,0,54,77,66,1693,3504,2.10458,0,16.0556,3.95019,0,3412,28913477387
42.076,23.7665,33.4158,0,54,77,66,1693,3504,2.10458,0,16.0556,3.95019,0,3412,28937244945
39.4954,25.3194,33.4158,0,54,77,66,1693,3504,2.10458,0,16.0556,3.95019,0,3412,28962566943
42.0426,23.7854,33.4158,0,54,77,66,1693,3504,2.10458,0,16.0556,3.95019,0,3412,28986352801
40.7949,24.5129,33.4158,0,54,77,66,1693,3504,2.10458,0,16.0556,3.95019,0,3412,29010866764
39.5276,25.2988,33.4158,0,54,77,66,1693,3504,2.10458,0,16.0556,3.95019,0,3412,29036166003
40.3949,24.7556,33.4158,0,54,77,66,1693,3504,2.10458,0,16.0556,3.95019,0,3412,29060922206
42.7718,23.3799,33.4158,0,54,77,66,1693,3504,2.10458,0,16.0556,3.95019,0,3412,29084303868
39.4634,25.3399,33.4158,0,54,77,66,1693,3504,2.10458,0,16.0556,3.95019,0,3412,29109645110
42.3323,23.6226,33.4158,0,54,77,66,1693,3504,2.10458,0,16.0556,3.95019,0,3412,29133268562
41.0978,24.3322,33.4158,0,54,77,66,1693,3504,2.10458,0,16.0556,3.95019,0,3412,29157602699
41.101,24.3303,33.4158,0,54,77,66,1693,3504,2.10458,0,16.0556,3.95019,0,3412,29181934808
39.2796,25.4585,33.4158,0,54,77,66,1693,3504,2.10458,0,16.0556,3.95019,0,3412,29207394189
41.0754,24.3455,33.4158,0,54,77,66,1693,3504,2.10458,0,16.0556,3.95019,0,3412,29231740366
41.8093,23.9181,33.4158,0,54,77,66,1693,3504,2.10458,0,16.0556,3.95019,0,3412,29255662737
40.4232,24.7383,28.3951,0,85,74,66,1501,3504,2.12404,0,16.1438,3.95019,0,3563,29280398877
41.076,24.3451,28.3951,0,85,74,66,1501,3504,2.12404,0,16.1438,3.95019,0,3563,29304746253
40.9608,24.4136,28.3951,0,85,74,66,1501,3504,2.12404,0,16.1438,3.95019,0,3563,29329161475
41.4571,24.1213,28.3951,0,85,74,66,1501,3504,2.12404,0,16.1438,3.95019,0,3563,29353283241
41.3412,24.189,28.3951,0,85,74,66,1501,3504,2.12404,0,16.1438,3.95019,0,3563,29377473055
40.7586,24.5347,28.3951,0,85,74,66,1501,3504,2.12404,0,16.1438,3.95019,0,3563,29402008133
40.5277,24.6745,28.3951,0,85,74,66,1501,3504,2.12404,0,16.1438,3.95019,0,3563,29426690268
41.8443,23.8981,28.3951,0,85,74,66,1501,3504,2.12404,0,16.1438,3.95019,0,3563,29450588351
40.8937,24.4537,28.3951,0,85,74,66,1501,3504,2.12404,0,16.1438,3.95019,0,3563,29475043226
42.2327,23.6784,28.3951,0,85,74,66,1501,3504,2.12404,0,16.1438,3.95019,0,3563,29498722794
42.0875,23.76,28.3951,0,85,74,66,1501,3504,2.12404,0,16.1438,3.95019,0,3563,29522483622
39.6691,25.2085,28.3951,0,85,74,66,1501,3504,2.12404,0,16.1438,3.95019,0,3563,29547694671
42.0106,23.8035,28.3951,0,85,74,66,1501,3504,2.12404,0,16.1438,3.95019,0,3563,29571498480
42.4138,23.5772,28.3951,0,85,74,66,1501,3504,2.12404,0,16.1438,3.95019,0,3563,29595076354
40.8096,24.504,28.3951,0,85,74,66,1501,3504,2.12404,0,16.1438,3.95019,0,3563,29619594587
40.4188,24.741,28.3951,0,85,74,66,1501,3504,2.12404,0,16.1438,3.95019,0,3563,29644322591
41.5129,24.0889,28.3951,0,85,74,66,1501,3504,2.12404,0,16.1438,3.95019,0,3563,29668412871
40.3048,24.8109,28.3951,0,85,74,66,1501,3504,2.12404,0,16.1438,3.95019,0,3563,29693224340
42.0406,23.7865,28.3951,0,85,74,66,1501,3504,2.12404,0,16.1438,3.95019,0,3563,29717011744
40.9702,24.408,28.3951,0,85,74,66,1501,3504,2.12404,0,16.1438,3.95019,0,3563,29741420659
42.1689,23.7142,28.3951,0,85,74,66,1501,3504,2.12404,0,16.1438,3.95019,0,3563,29765138090
40.8626,24.4723,14.8515,0,100,74,66,1551,3504,2.13718,0,16.1525,3.95019,0,3581,29789608818
40.3958,24.7551,14.8515,0,100,74,66,1551,3504,2.13718,0,16.1525,3.95019,0,3581,29814365214
43.1406,23.18,14.8515,0,100,74,66,1551,3504,2.13718,0,16.1525,3.95019,0,3581,29837546108
40.4121,24.7451,14.8515,0,100,74,66,1551,3504,2.13718,0,16.1525,3.95019,0,3581,29862291765
40.6982,24.5711,14.8515,0,100,74,66,1551,3504,2.13718,0,16.1525,3.95019,0,3581,29886864747
42.3318,23.6229,14.8515,0,100,74,66,1551,3504,2.13718,0,16.1525,3.95019,0,3581,29910487924
39.3022,25.4439,14.8515,0,100,74,66,1551,3504,2.13718,0,16.1525,3.95019,0,3581,29935933288
43.6418,22.9138,14.8515,0,100,74,66,1551,3504,2.13718,0,16.1525,3.95019,0,3581,29958848141
39.6859,25.1979,14.8515,0,100,74,66,1551,3504,2.13718,0,16.1525,3.95019,0,3581,29984047781
41.96,23.8322,14.8515,0,100,74,66,1551,3504,2.13718,0,16.1525,3.95019,0,3581,30007879763
45.4952,21.9804,14.8515,0,100,74,66,1551,3504,2.13718,0,16.1525,3.95019,0,3581,30029861338
41.1383,24.3083,14.8515,0,100,74,66,1551,3504,2.13718,0,16.1525,3.95019,0,3581,30054171401
1.2154,822.772,14.8515,0,100,74,66,1551,3504,2.13718,0,16.1525,3.95019,0,3581,30876949792
5.3581,186.633,24.5714,0,52,81,64,1574,3504,2.1844,0,16.2466,3.96093,0,3400,31063580064
38.5484,25.9414,24.5714,0,52,81,64,1574,3504,2.1844,0,16.2466,3.96093,0,3400,31089521922
65.5884,15.2466,24.5714,0,52,81,64,1574,3504,2.1844,0,16.2466,3.96093,0,3400,31104770200
32.6081,30.6673,24.5714,0,52,81,64,1574,3504,2.1844,0,16.2466,3.96093,0,3400,31135439223
31.6933,31.5524,24.5714,0,52,81,64,1574,3504,2.1844,0,16.2466,3.96093,0,3400,31166992491
32.129,31.1245,24.5714,0,52,81,64,1574,3504,2.1844,0,16.2466,3.96093,0,3400,31198117209
32.7665,30.519,24.5714,0,52,81,64,1574,3504,2.1844,0,16.2466,3.96093,0,3400,31228638207
31.5092,31.7367,24.5714,0,52,81,64,1574,3504,2.1844,0,16.2466,3.96093,0,3400,31260376715
30.9285,32.3327,24.5714,0,52,81,64,1574,3504,2.1844,0,16.2466,3.96093,0,3400,31292709722
28.5646,35.0083,24.5714,0,52,81,64,1574,3504,2.1844,0,16.2466,3.96093,0,3400,31327718456
30.3272,32.9737,24.5714,0,52,81,64,1574,3504,2.1844,0,16.2466,3.96093,0,3400,31360693242
36.8064,27.1692,24.5714,0,52,81,64,1574,3504,2.1844,0,16.2466,3.96093,0,3400,31387865845
30.9694,32.2899,38.3249,0,2,81,63,1594,3504,2.24216,0,16.3071,3.96093,0,3400,31420155054
28.0934,35.5955,38.3249,0,2,81,63,1594,3504,2.24216,0,16.3071,3.96093,0,3400,31455751910
30.4161,32.8774,38.3249,0,2,81,63,1594,3504,2.24216,0,16.3071,3.96093,0,3400,31488633023
32.9022,30.3931,38.3249,0,2,81,63,1594,3504,2.24216,0,16.3071,3.96093,0,3400,31519026595
29.1967,34.2504,38.3249,0,2,81,63,1594,3504,2.24216,0,16.3071,3.96093,0,3400,31553278266
31.4047,31.8424,38.3249,0,2,81,63,1594,3504,2.24216,0,16.3071,3.96093,0,3400,31585121465
32.9974,30.3054,38.3249,0,2,81,63,1594,3504,2.24216,0,16.3071,3.96093,0,3400,31615429075
27.2067,36.7556,38.3249,0,2,81,63,1594,3504,2.24216,0,16.3071,3.96093,0,3400,31652184489
32.4338,30.832,38.3249,0,2,81,63,1594,3504,2.24216,0,16.3071,3.96093,0,3400,31683018821
31.0245,32.2326,38.3249,0,2,81,63,1594,3504,2.24216,0,16.3071,3.96093,0,3400,31715252353
29.8774,33.4701,38.3249,0,2,81,63,1594,3504,2.24216,0,16.3071,3.96093,0,3400,31748723363
33.8767,29.5188,38.3249,0,2,81,63,1594,3504,2.24216,0,16.3071,3.96093,0,3400,31778244822
34.0748,29.3472,38.3249,0,2,81,63,1594,3504,2.24216,0,16.3071,3.96093,0,3400,31807592271
31.1154,32.1384,38.3249,0,2,81,63,1594,3504,2.24216,0,16.3071,3.96093,0,3400,31839731999
31.0005,32.2575,38.3249,0,2,81,63,1594,3504,2.24216,0,16.3071,3.96093,0,3400,31871990443
31.6701,31.5755,38.3249,0,2,81,63,1594,3504,2.24216,0,16.3071,3.96093,0,3400,31903571082
33.8934,29.5042,44.6384,0,83,79,65,1562,3504,2.2125,0,16.32,3.96093,0,3403,31933072246
28.6385,34.918,44.6384,0,83,79,65,1562,3504,2.2125,0,16.32,3.96093,0,3403,31967991612
35.3697,28.2728,44.6384,0,83,79,65,1562,3504,2.2125,0,16.32,3.96093,0,3403,31996265888
30.1764,33.1384,44.6384,0,83,79,65,1562,3504,2.2125,0,16.32,3.96093,0,3403,32029406238
33.3797,29.9583,44.6384,0,83,79,65,1562,3504,2.2125,0,16.32,3.96093,0,3403,32059364746
34.1205,29.3079,44.6384,0,83,79,65,1562,3504,2.2125,0,16.32,3.96093,0,3403,32088674167
30.4205,32.8726,44.6384,0,83,79,65,1562,3504,2.2125,0,16.32,3.96093,0,3403,32121547618
37.8283,26.4352,44.6384,0,83,79,65,1562,3504,2.2125,0,16.32,3.96093,0,3403,32147987527
31.5077,31.7383,44.6384,0,83,79,65,1562,3504,2.2125,0,16.32,3.96093,0,3403,32179724397
31.8499,31.3973,44.6384,0,83,79,65,1562,3504,2.2125,0,16.32,3.96093,0,3403,32211122650
34.1456,29.2864,44.6384,0,83,79,65,1562,3504,2.2125,0,16.32,3.96093,0,3403,32240411018
33.4389,29.9053,44.6384,0,83,79,65,1562,3504,2.2125,0,16.32,3.96093,0,3403,32270318090
31.8754,31.3722,44.6384,0,83,79,65,1562,3504,2.2125,0,16.32,3.96093,0,3403,32301690670
31.516,31.7299,44.6384,0,83,79,65,1562,3504,2.2125,0,16.32,3.96093,0,3403,32333421458
33.5087,29.843,44.6384,0,83,79,65,1562,3504,2.2125,0,16.32,3.96093,0,3403,32363266768
31.2996,31.9492,44.6384,0,83,79,65,1562,3504,2.2125,0,16.32,3.96093,0,3403,32395217882
24.3832,41.0119,44.6384,0,83,79,65,1562,3504,2.2125,0,16.32,3.96093,0,3403,32436249736
51.46,19.4326,46.4286,0,100,79,66,1544,3504,2.20947,0,16.3201,3.96093,0,3424,32455665509
34.8192,28.7198,46.4286,0,100,79,66,1544,3504,2.20947,0,16.3201,3.96093,0,3424,32484385462
31.4266,31.8202,46.4286,0,100,79,66,1544,3504,2.20947,0,16.3201,3.96093,0,3424,32516207366
30.8992,32.3633,46.4286,0,100,79,66,1544,3504,2.20947,0,16.3201,3.96093,0,3424,32548572590
36.2202,27.6089,46.4286,0,100,79,66,1544,3504,2.20947,0,16.3201,3.96093,0,3424,32576182040
32.7868,30.5,46.4286,0,100,79,66,1544,3504,2.20947,0,16.3201,3.96093,0,3424,32606684215
31.0142,32.2433,46.4286,0,100,79,66,1544,3504,2.20947,0,16.3201,3.96093,0,3424,32638928222
32.2424,31.015,46.4286,0,100,79,66,1544,3504,2.20947,0,16.3201,3.96093,0,3424,32669945312
31.7378,31.5081,46.4286,0,100,79,66,1544,3504,2.20947,0,16.3201,3.96093,0,3424,32701454604
34.4732,29.008,46.4286,0,100,79,66,1544,3504,2.20947,0,16.3201,3.96093,0,3424,32730463912
34.9452,28.6162,46.4286,0,100,79,66,1544,3504,2.20947,0,16.3201,3.96093,0,3424,32759081108
28.5313,35.0492,46.4286,0,100,79,66,1544,3504,2.20947,0,16.3201,3.96093,0,3424,32794131613
35.0598,28.5227,46.4286,0,100,79,66,1544,3504,2.20947,0,16.3201,3.96093,0,3424,32822654254
33.3123,30.019,46.4286,0,100,79,66,1544,3504,2.20947,0,16.3201,3.96093,0,3424,32852675822
32.4885,30.7801,46.4286,0,100,79,66,1544,3504,2.20947,0,16.3201,3.96093,0,3424,32883455266
34.3222,29.1357,46.4286,0,100,79,66,1544,3504,2.20947,0,16.3201,3.96093,0,3424,32912593337
30.4113,32.8825,46.4286,0,100,79,66,1544,3504,2.20947,0,16.3201,3.96093,0,3424,32945504944
33.5829,29.777,39.1414,0,100,85,66,1544,3504,2.20947,0,16.3201,3.96093,0,3407,32975254456
30.9759,32.2832,39.1414,0,100,85,66,1544,3504,2.20947,0,16.3201,3.96093,0,3407,33007540079
36.4492,27.4355,39.1414,0,100,85,66,1544,3504,2.20947,0,16.3201,3.96093,0,3407,33034976768
33.435,29.9087,39.1414,0,100,85,66,1544,3504,2.20947,0,16.3201,3.96093,0,3407,33064886245
30.3089,32.9936,39.1414,0,100,85,66,1544,3504,2.20947,0,16.3201,3.96093,0,3407,33097882330
35.9273,27.834,39.1414,0,100,85,66,1544,3504,2.20947,0,16.3201,3.96093,0,3407,33125715970
31.5299,31.7159,39.1414,0,100,85,66,1544,3504,2.20947,0,16.3201,3.96093,0,3407,33157432496
32.7112,30.5706,39.1414,0,100,85,66,1544,3504,2.20947,0,16.3201,3.96093,0,3407,33188005088
32.285,30.9742,39.1414,0,100,85,66,1544,3504,2.20947,0,16.3201,3.96093,0,3407,33218979724
33.5825,29.7774,39.1414,0,100,85,66,1544,3504,2.20947,0,16.3201,3.96093,0,3407,33248759385
31.8032,31.4434,39.1414,0,100,85,66,1544,3504,2.20947,0,16.3201,3.96093,0,3407,33280203907
32.9589,30.3408,39.1414,0,100,85,66,1544,3504,2.20947,0,16.3201,3.96093,0,3407,33310544831
32.4607,30.8065,39.1414,0,100,85,66,1544,3504,2.20947,0,16.3201,3.96093,0,3407,33341352733
33.3174,30.0143,39.1414,0,100,85,66,1544,3504,2.20947,0,16.3201,3.96093,0,3407,33371369203
33.5981,29.7636,39.1414,0,100,85,66,1544,3504,2.20947,0,16.3201,3.96093,0,3407,33401133675
36.3803,27.4874,39.1414,0,100,85,66,1544,3504,2.20947,0,16.3201,3.96093,0,3407,33428623075
31.497,31.749,39.1414,0,100,85,66,1544,3504,2.20947,0,16.3201,3.96093,0,3407,33460381207
32.7271,30.5557,48.6352,0,100,85,66,1531,3504,2.20947,0,16.3416,3.96093,0,3402,33490931964
38.9202,25.6936,48.6352,0,100,85,66,1531,3504,2.20947,0,16.3416,3.96093,0,3402,33516624910
34.7932,28.7413,48.6352,0,100,85,66,1531,3504,2.20947,0,16.3416,3.96093,0,3402,33545367927
35.9584,27.8099,48.6352,0,100,85,66,1531,3504,2.20947,0,16.3416,3.96093,0,3402,33573178093
32.8051,30.4831,48.6352,0,100,85,66,1531,3504,2.20947,0,16.3416,3.96093,0,3402,33603663008
37.3397,26.7812,48.6352,0,100,85,66,1531,3504,2.20947,0,16.3416,3.96093,0,3402,33630444356
33.6413,29.7253,48.6352,0,100,85,66,1531,3504,2.20947,0,16.3416,3.96093,0,3402,33660173840
33.8167,29.5712,48.6352,0,100,85,66,1531,3504,2.20947,0,16.3416,3.96093,0,3402,33689743794
38.1535,26.2099,48.6352,0,100,85,66,1531,3504,2.20947,0,16.3416,3.96093,0,3402,33715954964
34.1919,29.2467,48.6352,0,100,85,66,1531,3504,2.20947,0,16.3416,3.96093,0,3402,33745203940
32.9833,30.3184,48.6352,0,100,85,66,1531,3504,2.20947,0,16.3416,3.96093,0,3402,33775523190
33.7391,29.6392,48.6352,0,100,85,66,1531,3504,2.20947,0,16.3416,3.96093,0,3402,33805164044
34.5692,28.9275,48.6352,0,100,85,66,1531,3504,2.20947,0,16.3416,3.96093,0,3402,33834092988
38.21,26.1711,48.6352,0,100,85,66,1531,3504,2.20947,0,16.3416,3.96093,0,3402,33860265654
33.8816,29.5146,48.6352,0,100,85,66,1531,3504,2.20947,0,16.3416,3.96093,0,3402,33889781482
36.4986,27.3983,48.6352,0,100,85,66,1531,3504,2.20947,0,16.3416,3.96093,0,3402,33917181389
33.977,29.4316,48.6352,0,100,85,66,1531,3504,2.20947,0,16.3416,3.96093,0,3402,33946617134
31.9078,31.3403,48.6352,0,100,85,66,1531,3504,2.20947,0,16.3416,3.96093,0,3402,33977959667
37.5458,26.6341,44.6078,0,100,79,66,1565,3504,2.20947,0,16.3444,3.96093,0,3400,34005180814
36.2921,27.5542,44.6078,0,100,79,66,1565,3504,2.20947,0,16.3444,3.96093,0,3400,34032147644
33.6045,29.7579,44.6078,0,100,79,66,1565,3504,2.20947,0,16.3444,3.96093,0,3400,34061906374
35.7512,27.9711,44.6078,0,100,79,66,1565,3504,2.20947,0,16.3444,3.96093,0,3400,34089878880
34.0976,29.3275,44.6078,0,100,79,66,1565,3504,2.20947,0,16.3444,3.96093,0,3400,34119207119
36.73,27.2257,44.6078,0,100,79,66,1565,3504,2.20947,0,16.3444,3.96093,0,3400,34146434940
36.0272,27.7568,44.6078,0,100,79,66,1565,3504,2.20947,0,16.3444,3.96093,0,3400,34174193993
33.9716,29.4363,44.6078,0,100,79,66,1565,3504,2.20947,0,16.3444,3.96093,0,3400,34203630956
35.2537,28.3658,44.6078,0,100,79,66,1565,3504,2.20947,0,16.3444,3.96093,0,3400,34232000765
36.7617,27.2022,44.6078,0,100,79,66,1565,3504,2.20947,0,16.3444,3.96093,0,3400,34259202363
35.4454,28.2124,44.6078,0,100,79,66,1565,3504,2.20947,0,16.3444,3.96093,0,3400,34287429255
35.2973,28.3307,44.6078,0,100,79,66,1565,3504,2.20947,0,16.3444,3.96093,0,3400,34315749561
35.1718,28.4319,44.6078,0,100,79,66,1565,3504,2.20947,0,16.3444,3.96093,0,3400,34344183658
33.2727,30.0547,44.6078,0,100,79,66,1565,3504,2.20947,0,16.3444,3.96093,0,3400,34374238789
35.6949,28.0152,44.6078,0,100,79,66,1565,3504,2.20947,0,16.3444,3.96093,0,3400,34402256375
34.3065,29.149,44.6078,0,100,79,66,1565,3504,2.20947,0,16.3444,3.96093,0,3400,34431405613
30.3785,32.918,44.6078,0,100,79,66,1565,3504,2.20947,0,16.3444,3.96093,0,3400,34464325185
40.6968,24.572,44.6078,0,100,79,66,1565,3504,2.20947,0,16.3444,3.96093,0,3400,34488903116
34.7439,28.782,43.5835,0,100,79,67,1645,3504,2.20947,0,16.3665,3.96093,0,3400,34517681229
34.7143,28.8066,43.5835,0,100,79,67,1645,3504,2.20947,0,16.3665,3.96093,0,3400,34546488565
34.0004,29.4114,43.5835,0,100,79,67,1645,3504,2.20947,0,16.3665,3.96093,0,3400,34575900929
41.8466,23.8968,43.5835,0,100,79,67,1645,3504,2.20947,0,16.3665,3.96093,0,3400,34599799653
34.9313,28.6276,43.5835,0,100,79,67,1645,3504,2.20947,0,16.3665,3.96093,0,3400,34628428318
37.6718,26.5451,43.5835,0,100,79,67,1645,3504,2.20947,0,16.3665,3.96093,0,3400,34654974666
37.1261,26.9352,43.5835,0,100,79,67,1645,3504,2.20947,0,16.3665,3.96093,0,3400,34681911185
32.3053,30.9547,43.5835,0,100,79,67,1645,3504,2.20947,0,16.3665,3.96093,0,3400,34712866804
33.4581,29.8881,43.5835,0,100,79,67,1645,3504,2.20947,0,16.3665,3.96093,0,3400,34742756928
43.0804,23.2124,43.5835,0,100,79,67,1645,3504,2.20947,0,16.3665,3.96093,0,3400,34765970471
34.6661,28.8466,43.5835,0,100,79,67,1645,3504,2.20947,0,16.3665,3.96093,0,3400,34794820970
36.3645,27.4994,43.5835,0,100,79,67,1645,3504,2.20947,0,16.3665,3.96093,0,3400,34822318823
34.702,28.8168,43.5835,0,100,79,67,1645,3504,2.20947,0,16.3665,3.96093,0,3400,34851136163
36.4486,27.4359,43.5835,0,100,79,67,1645,3504,2.20947,0,16.3665,3.96093,0,3400,34878586129
32.328,30.933,43.5835,0,100,79,67,1645,3504,2.20947,0,16.3665,3.96093,0,3400,34909507702
41.328,24.1967,43.5835,0,100,79,67,1645,3504,2.20947,0,16.3665,3.96093,0,3400,34933706517
32.9936,30.3089,43.5835,0,100,79,67,1645,3504,2.20947,0,16.3665,3.96093,0,3400,34964015821
36.7565,27.2061,43.5835,0,100,79,67,1645,3504,2.20947,0,16.3665,3.96093,0,3400,34991230518
35.9067,27.85,47.5827,0,100,80,68,1645,3504,2.20947,0,16.3832,3.95483,0,3400,35019073860
35.445,28.2128,47.5827,0,100,80,68,1645,3504,2.20947,0,16.3832,3.95483,0,3400,35047288564
34.8535,28.6915,47.5827,0,100,80,68,1645,3504,2.20947,0,16.3832,3.95483,0,3400,35075980932
35.9265,27.8346,47.5827,0,100,80,68,1645,3504,2.20947,0,16.3832,3.95483,0,3400,35103817971
39.0525,25.6065,47.5827,0,100,80,68,1645,3504,2.20947,0,16.3832,3.95483,0,3400,35129425396
34.5338,28.9571,47.5827,0,100,80,68,1645,3504,2.20947,0,16.3832,3.95483,0,3400,35158383396
35.8509,27.8933,47.5827,0,100,80,68,1645,3504,2.20947,0,16.3832,3.95483,0,3400,35186278567
35.9612,27.8078,47.5827,0,100,80,68,1645,3504,2.20947,0,16.3832,3.95483,0,3400,35214088230
35.5505,28.129,47.5827,0,100,80,68,1645,3504,2.20947,0,16.3832,3.95483,0,3400,35242218016
35.3819,28.2631,47.5827,0,100,80,68,1645,3504,2.20947,0,16.3832,3.95483,0,3400,35270482126
36.5738,27.342,47.5827,0,100,80,68,1645,3504,2.20947,0,16.3832,3.95483,0,3400,35297824877
37.0768,26.9711,47.5827,0,100,80,68,1645,3504,2.20947,0,16.3832,3.95483,0,3400,35324797037
36.1411,27.6693,47.5827,0,100,80,68,1645,3504,2.20947,0,16.3832,3.95483,0,3400,35352467968
34.416,29.0562,47.5827,0,100,80,68,1645,3504,2.20947,0,16.3832,3.95483,0,3400,35381525463
34.8533,28.6917,47.5827,0,100,80,68,1645,3504,2.20947,0,16.3832,3.95483,0,3400,35410217665
37.4825,26.6791,47.5827,0,100,80,68,1645,3504,2.20947,0,16.3832,3.95483,0,3400,35436898765
36.6853,27.2589,47.5827,0,100,80,68,1645,3504,2.20947,0,16.3832,3.95483,0,3400,35464158812
36.2014,27.6233,47.5827,0,100,80,68,1645,3504,2.20947,0,16.3832,3.95483,0,3400,35491784275
33.0971,30.2141,37.8173,0,100,80,68,1645,3504,2.20947,0,16.3886,3.95483,0,3445,35521997934
39.6283,25.2345,37.8173,0,100,80,68,1645,3504,2.20947,0,16.3886,3.95483,0,3445,35547234219
33.9965,29.4148,37.8173,0,100,80,68,1645,3504,2.20947,0,16.3886,3.95483,0,3445,35576649546
34.5674,28.929,37.8173,0,100,80,68,1645,3504,2.20947,0,16.3886,3.95483,0,3445,35605579229
39.5852,25.262,37.8173,0,100,80,68,1645,3504,2.20947,0,16.3886,3.95483,0,3445,35630842519
31.5316,31.7142,37.8173,0,100,80,68,1645,3504,2.20947,0,16.3886,3.95483,0,3445,35662557839
41.0984,24.3318,37.8173,0,100,80,68,1645,3504,2.20947,0,16.3886,3.95483,0,3445,35686890012
35.9673,27.803,37.8173,0,100,80,68,1645,3504,2.20947,0,16.3886,3.95483,0,3445,35714696466
35.4368,28.2192,37.8173,0,100,80,68,1645,3504,2.20947,0,16.3886,3.95483,0,3445,35742915794
35.8467,27.8966,37.8173,0,100,80,68,1645,3504,2.20947,0,16.3886,3.95483,0,3445,35770813175
34.5788,28.9195,37.8173,0,100,80,68,1645,3504,2.20947,0,16.3886,3.95483,0,3445,35799733016
39.1227,25.5606,37.8173,0,100,80,68,1645,3504,2.20947,0,16.3886,3.95483,0,3445,35825294977
34.7829,28.7497,37.8173,0,100,80,68,1645,3504,2.20947,0,16.3886,3.95483,0,3445,35854047202
36.5543,27.3566,37.8173,0,100,80,68,1645,3504,2.20947,0,16.3886,3.95483,0,3445,35881404390
35.9683,27.8022,37.8173,0,100,80,68,1645,3504,2.20947,0,16.3886,3.95483,0,3445,35909210119
34.3066,29.1489,37.8173,0,100,80,68,1645,3504,2.20947,0,16.3886,3.95483,0,3445,35938359412
39.6039,25.25,37.8173,0,100,80,68,1645,3504,2.20947,0,16.3886,3.95483,0,3445,35963611060
33.6042,29.7581,37.8173,0,100,80,68,1645,3504,2.20947,0,16.3886,3.95483,0,3445,35993372355
36.7989,27.1747,41.4141,0,100,80,68,1645,3504,2.20947,0,16.3913,3.95483,0,3404,36020546087
36.8672,27.1244,41.4141,0,100,80,68,1645,3504,2.20947,0,16.3913,3.95483,0,3404,36047671604
37.1593,26.9112,41.4141,0,100,80,68,1645,3504,2.20947,0,16.3913,3.95483,0,3404,36074585351
33.9062,29.4931,41.4141,0,100,80,68,1645,3504,2.20947,0,16.3913,3.95483,0,3404,36104082682
38.8682,25.728,41.4141,0,100,80,68,1645,3504,2.20947,0,16.3913,3.95483,0,3404,36129818692
38.4101,26.0348,41.4141,0,100,80,68,1645,3504,2.20947,0,16.3913,3.95483,0,3404,36155849808
34.0943,29.3304,41.4141,0,100,80,68,1645,3504,2.20947,0,16.3913,3.95483,0,3404,36185181071
38.7695,25.7934,41.4141,0,100,80,68,1645,3504,2.20947,0,16.3913,3.95483,0,3404,36210976407
36.4041,27.4695,41.4141,0,100,80,68,1645,3504,2.20947,0,16.3913,3.95483,0,3404,36238446397
34.6466,28.8629,41.4141,0,100,80,68,1645,3504,2.20947,0,16.3913,3.95483,0,3404,36267310747
38.7584,25.8009,41.4141,0,100,80,68,1645,3504,2.20947,0,16.3913,3.95483,0,3404,36293112932
35.1618,28.44,41.4141,0,100,80,68,1645,3504,2.20947,0,16.3913,3.95483,0,3404,36321555298
37.8995,26.3856,41.4141,0,100,80,68,1645,3504,2.20947,0,16.3913,3.95483,0,3404,36347941757
35.7739,27.9533,41.4141,0,100,80,68,1645,3504,2.20947,0,16.3913,3.95483,0,3404,36375895590
37.1864,26.8916,41.4141,0,100,80,68,1645,3504,2.20947,0,16.3913,3.95483,0,3404,36402788545
38.7883,25.781,41.4141,0,100,80,68,1645,3504,2.20947,0,16.3913,3.95483,0,3404,36428571134
37.3717,26.7582,41.4141,0,100,80,68,1645,3504,2.20947,0,16.3913,3.95483,0,3404,36455331289
36.3527,27.5083,41.4141,0,100,80,68,1645,3504,2.20947,0,16.3913,3.95483,0,3404,36482841444
37.1519,26.9165,41.4141,0,100,80,68,1645,3504,2.20947,0,16.3913,3.95483,0,3404,36509760839
38.0476,26.2829,41.2346,0,100,80,68,1645,3504,2.20947,0,16.3865,3.95483,0,3400,36536041703
38.8246,25.7569,41.2346,0,100,80,68,1645,3504,2.20947,0,16.3865,3.95483,0,3400,36561802146
37.3957,26.7411,41.2346,0,100,80,68,1645,3504,2.20947,0,16.3865,3.95483,0,3400,36588544790
39.8743,25.0788,41.2346,0,100,80,68,1645,3504,2.20947,0,16.3865,3.95483,0,3400,36613625388
35.1979,28.4108,41.2346,0,100,80,68,1645,3504,2.20947,0,16.3865,3.95483,0,3400,36642036728
40.5084,24.6862,41.2346,0,100,80,68,1645,3504,2.20947,0,16.3865,3.95483,0,3400,36666724314
38.6992,25.8404,41.2346,0,100,80,68,1645,3504,2.20947,0,16.3865,3.95483,0,3400,36692565314
35.4505,28.2083,41.2346,0,100,80,68,1645,3504,2.20947,0,16.3865,3.95483,0,3400,36720774513
37.9121,26.3768,41.2346,0,100,80,68,1645,3504,2.20947,0,16.3865,3.95483,0,3400,36747152713
37.3019,26.8083,41.2346,0,100,80,68,1645,3504,2.20947,0,16.3865,3.95483,0,3400,36773962548
37.7678,26.4776,41.2346,0,100,80,68,1645,3504,2.20947,0,16.3865,3.95483,0,3400,36800442754
36.8181,27.1606,41.2346,0,100,80,68,1645,3504,2.20947,0,16.3865,3.95483,0,3400,36827604076
41.6666,24.0001,41.2346,0,100,80,68,1645,3504,2.20947,0,16.3865,3.95483,0,3400,36851604491
35.5371,28.1396,41.2346,0,100,80,68,1645,3504,2.20947,0,16.3865,3.95483,0,3400,36879745735
40.7183,24.559,41.2346,0,100,80,68,1645,3504,2.20947,0,16.3865,3.95483,0,3400,36904306170
35.6614,28.0415,41.2346,0,100,80,68,1645,3504,2.20947,0,16.3865,3.95483,0,3400,36932348726
40.1399,24.9129,41.2346,0,100,80,68,1645,3504,2.20947,0,16.3865,3.95483,0,3400,36957262898
35.991,27.7847,41.2346,0,100,80,68,1645,3504,2.20947,0,16.3865,3.95483,0,3400,36985049544
38.7862,25.7823,41.2346,0,100,80,68,1645,3504,2.20947,0,16.3865,3.95483,0,3400,37010837724
35.473,28.1904,39.5408,0,100,80,68,1708,3504,2.20947,0,16.3867,3.95483,0,3413,37039024366
39.7961,25.1281,39.5408,0,100,80,68,1708,3504,2.20947,0,16.3867,3.95483,0,3413,37064154006
38.9012,25.7062,39.5408,0,100,80,68,1708,3504,2.20947,0,16.3867,3.95483,0,3413,37089861365
36.5643,27.3491,39.5408,0,100,80,68,1708,3504,2.20947,0,16.3867,3.95483,0,3413,37117211904
38.5913,25.9125,39.5408,0,100,80,68,1708,3504,2.20947,0,16.3867,3.95483,0,3413,37143124461
37.3715,26.7584,39.5408,0,100,80,68,1708,3504,2.20947,0,16.3867,3.95483,0,3413,37169884454
39.0288,25.6221,39.5408,0,100,80,68,1708,3504,2.20947,0,16.3867,3.95483,0,3413,37195507712
37.4664,26.6906,39.5408,0,100,80,68,1708,3504,2.20947,0,16.3867,3.95483,0,3413,37222199604
35.2814,28.3435,39.5408,0,100,80,68,1708,3504,2.20947,0,16.3867,3.95483,0,3413,37250543751
40.0631,24.9606,39.5408,0,100,80,68,1708,3504,2.20947,0,16.3867,3.95483,0,3413,37275505998
37.2065,26.877,39.5408,0,100,80,68,1708,3504,2.20947,0,16.3867,3.95483,0,3413,37302385012
37.1236,26.937,39.5408,0,100,80,68,1708,3504,2.20947,0,16.3867,3.95483,0,3413,37329330853
39.6473,25.2224,39.5408,0,100,80,68,1708,3504,2.20947,0,16.3867,3.95483,0,3413,37354548689
37.322,26.7939,39.5408,0,100,80,68,1708,3504,2.20947,0,16.3867,3.95483,0,3413,37381343431
35.9009,27.8545,39.5408,0,100,80,68,1708,3504,2.20947,0,16.3867,3.95483,0,3413,37409198310
41.8505,23.8946,39.5408,0,100,80,68,1708,3504,2.20947,0,16.3867,3.95483,0,3413,37433094331
37.202,26.8803,39.5408,0,100,80,68,1708,3504,2.20947,0,16.3867,3.95483,0,3413,37459976648
34.937,28.623,39.5408,0,100,80,68,1708,3504,2.20947,0,16.3867,3.95483,0,3413,37488599645
39.6033,25.2504,39.5408,0,100,80,68,1708,3504,2.20947,0,16.3867,3.95483,0,3413,37513855708
36.9643,27.0531,37.5321,0,100,80,68,1708,3504,2.20947,0,16.382,3.95483,0,3422,37540906242
41.2532,24.2405,37.5321,0,100,80,68,1708,3504,2.20947,0,16.382,3.95483,0,3422,37565147969
37.6491,26.5611,37.5321,0,100,80,68,1708,3504,2.20947,0,16.382,3.95483,0,3422,37591711596
37.1936,26.8863,37.5321,0,100,80,68,1708,3504,2.20947,0,16.382,3.95483,0,3422,37618598724
36.7958,27.177,37.5321,0,100,80,68,1708,3504,2.20947,0,16.382,3.95483,0,3422,37645777644
37.5315,26.6443,37.5321,0,100,80,68,1708,3504,2.20947,0,16.382,3.95483,0,3422,37672423338
38.6191,25.894,37.5321,0,100,80,68,1708,3504,2.20947,0,16.382,3.95483,0,3422,37698317729
37.4081,26.7321,37.5321,0,100,80,68,1708,3504,2.20947,0,16.382,3.95483,0,3422,37725050628
39.5882,25.26,37.5321,0,100,80,68,1708,3504,2.20947,0,16.382,3.95483,0,3422,37750311433
37.6711,26.5456,37.5321,0,100,80,68,1708,3504,2.20947,0,16.382,3.95483,0,3422,37776858073
32.9209,30.3758,37.5321,0,100,80,68,1708,3504,2.20947,0,16.382,3.95483,0,3422,37807235084
44.5462,22.4486,37.5321,0,100,80,68,1708,3504,2.20947,0,16.382,3.95483,0,3422,37829686439
36.3182,27.5344,37.5321,0,100,80,68,1708,3504,2.20947,0,16.382,3.95483,0,3422,37857221159
40.3158,24.8042,37.5321,0,100,80,68,1708,3504,2.20947,0,16.382,3.95483,0,3422,37882026174
37.1182,26.9409,37.5321,0,100,80,68,1708,3504,2.20947,0,16.382,3.95483,0,3422,37908967848
38.6691,25.8604,37.5321,0,100,80,68,1708,3504,2.20947,0,16.382,3.95483,0,3422,37934829734
37.6996,26.5255,37.5321,0,100,80,68,1708,3504,2.20947,0,16.382,3.95483,0,3422,37961357366
33.437,29.9069,37.5321,0,100,80,68,1708,3504,2.20947,0,16.382,3.95483,0,3422,37991264470
43.9365,22.7601,37.5321,0,100,80,68,1708,3504,2.20947,0,16.382,3.95483,0,3422,38014032039
35.6047,28.0862,37.2449,0,100,84,69,1708,3504,2.20947,0,16.3798,3.95483,0,3422,38042113834
39.0269,25.6234,37.2449,0,100,84,69,1708,3504,2.20947,0,16.3798,3.95483,0,3422,38067738733
39.3361,25.4219,37.2449,0,100,84,69,1708,3504,2.20947,0,16.3798,3.95483,0,3422,38093162068
37.8725,26.4044,37.2449,0,100,84,69,1708,3504,2.20947,0,16.3798,3.95483,0,3422,38119567171
38.1829,26.1897,37.2449,0,100,84,69,1708,3504,2.20947,0,16.3798,3.95483,0,3422,38145758194
35.9356,27.8276,37.2449,0,100,84,69,1708,3504,2.20947,0,16.3798,3.95483,0,3422,38173589166
37.9516,26.3494,37.2449,0,100,84,69,1708,3504,2.20947,0,16.3798,3.95483,0,3422,38199938292
39.3172,25.4342,37.2449,0,100,84,69,1708,3504,2.20947,0,16.3798,3.95483,0,3422,38225374692
37.9965,26.3182,37.2449,0,100,84,69,1708,3504,2.20947,0,16.3798,3.95483,0,3422,38251693546
39.0336,25.6189,37.2449,0,100,84,69,1708,3504,2.20947,0,16.3798,3.95483,0,3422,38277313680
35.578,28.1072,37.2449,0,100,84,69,1708,3504,2.20947,0,16.3798,3.95483,0,3422,38305421926
31.7307,31.5153,37.2449,0,100,84,69,1708,3504,2.20947,0,16.3798,3.95483,0,3422,38336951578
50.7853,19.6907,37.2449,0,100,84,69,1708,3504,2.20947,0,16.3798,3.95483,0,3422,38356632491
36.5447,27.3638,37.2449,0,100,84,69,1708,3504,2.20947,0,16.3798,3.95483,0,3422,38383996610
39.8238,25.1106,37.2449,0,100,84,69,1708,3504,2.20947,0,16.3798,3.95483,0,3422,38409108372
38.4328,26.0194,37.2449,0,100,84,69,1708,3504,2.20947,0,16.3798,3.95483,0,3422,38435129508
37.2256,26.8632,37.2449,0,100,84,69,1708,3504,2.20947,0,16.3798,3.95483,0,3422,38461994176
36.6242,27.3043,37.2449,0,100,84,69,1708,3504,2.20947,0,16.3798,3.95483,0,3422,38489299549
38.9881,25.6489,37.2449,0,100,84,69,1708,3504,2.20947,0,16.3798,3.95483,0,3422,38514953755
38.2753,26.1265,39.1414,0,100,84,70,1708,3504,2.20947,0,16.3932,3.95483,0,3425,38541078103
37.6626,26.5516,39.1414,0,100,84,70,1708,3504,2.20947,0,16.3932,3.95483,0,3425,38567630366
36.5643,27.3491,39.1414,0,100,84,70,1708,3504,2.20947,0,16.3932,3.95483,0,3425,38594982175
39.0375,25.6164,39.1414,0,100,84,70,1708,3504,2.20947,0,16.3932,3.95483,0,3425,38620598713
33.9686,29.4389,39.1414,0,100,84,70,1708,3504,2.20947,0,16.3932,3.95483,0,3425,38650040216
43.5169,22.9796,39.1414,0,100,84,70,1708,3504,2.20947,0,16.3932,3.95483,0,3425,38673021125
38.3076,26.1045,39.1414,0,100,84,70,1708,3504,2.20947,0,16.3932,3.95483,0,3425,38699133450
38.8486,25.741,39.1414,0,100,84,70,1708,3504,2.20947,0,16.3932,3.95483,0,3425,38724868353
34.7214,28.8007,39.1414,0,100,84,70,1708,3504,2.20947,0,16.3932,3.95483,0,3425,38753670161
39.3001,25.4452,39.1414,0,100,84,70,1708,3504,2.20947,0,16.3932,3.95483,0,3425,38779116332
40.601,24.6299,39.1414,0,100,84,70,1708,3504,2.20947,0,16.3932,3.95483,0,3425,38803749239
37.7545,26.4869,39.1414,0,100,84,70,1708,3504,2.20947,0,16.3932,3.95483,0,3425,38830236764
36.9458,27.0667,39.1414,0,100,84,70,1708,3504,2.20947,0,16.3932,3.95483,0,3425,38857305126
36.9312,27.0774,39.1414,0,100,84,70,1708,3504,2.20947,0,16.3932,3.95483,0,3425,38884383472
39.7836,25.136,39.1414,0,100,84,70,1708,3504,2.20947,0,16.3932,3.95483,0,3425,38909520938
38.0151,26.3053,39.1414,0,100,84,70,1708,3504,2.20947,0,16.3932,3.95483,0,3425,38935828006
33.7452,29.6338,39.1414,0,100,84,70,1708,3504,2.20947,0,16.3932,3.95483,0,3425,38965462368
43.3872,23.0483,39.1414,0,100,84,70,1708,3504,2.20947,0,16.3932,3.95483,0,3425,38988511624
38.3588,26.0697,39.1414,0,100,84,70,1708,3504,2.20947,0,16.3932,3.95483,0,3425,39014582172
37.8813,26.3982,39.1414,0,100,84,70,1708,3504,2.20947,0,16.3932,3.95483,0,3425,39040986335
37.8206,26.4406,38.7952,0,100,86,70,1708,3504,2.20947,0,16.3854,3.95483,0,3400,39067423656
38.8439,25.744,38.7952,0,100,86,70,1708,3504,2.20947,0,16.3854,3.95483,0,3400,39093169038
38.7089,25.8338,38.7952,0,100,86,70,1708,3504,2.20947,0,16.3854,3.95483,0,3400,39119004226
38.444,26.0119,38.7952,0,100,86,70,1708,3504,2.20947,0,16.3854,3.95483,0,3400,39145017079
36.6369,27.2949,38.7952,0,100,86,70,1708,3504,2.20947,0,16.3854,3.95483,0,3400,39172313981
38.8529,25.7381,38.7952,0,100,86,70,1708,3504,2.20947,0,16.3854,3.95483,0,3400,39198052093
34.2494,29.1976,38.7952,0,100,86,70,1708,3504,2.20947,0,16.3854,3.95483,0,3400,39227266306
42.7132,23.412,38.7952,0,100,86,70,1708,3504,2.20947,0,16.3854,3.95483,0,3400,39250679718
38.8276,25.7549,38.7952,0,100,86,70,1708,3504,2.20947,0,16.3854,3.95483,0,3400,39276434937
37.5205,26.6521,38.7952,0,100,86,70,1708,3504,2.20947,0,16.3854,3.95483,0,3400,39303089372
39.86,25.0878,38.7952,0,100,86,70,1708,3504,2.20947,0,16.3854,3.95483,0,3400,39328178657
35.9522,27.8147,38.7952,0,100,86,70,1708,3504,2.20947,0,16.3854,3.95483,0,3400,39355994860
39.4077,25.3757,38.7952,0,100,86,70,1708,3504,2.20947,0,16.3854,3.95483,0,3400,39381371595
39.2638,25.4688,38.7952,0,100,86,70,1708,3504,2.20947,0,16.3854,3.95483,0,3400,39406841409
35.3796,28.2649,38.7952,0,100,86,70,1708,3504,2.20947,0,16.3854,3.95483,0,3400,39435107704
41.2152,24.2629,38.7952,0,100,86,70,1708,3504,2.20947,0,16.3854,3.95483,0,3400,39459371836
37.248,26.847,38.7952,0,100,86,70,1708,3504,2.20947,0,16.3854,3.95483,0,3400,39486220240
39.6896,25.1955,38.7952,0,100,86,70,1708,3504,2.20947,0,16.3854,3.95483,0,3400,39511417191
37.3052,26.8059,38.7952,0,100,86,70,1708,3504,2.20947,0,16.3854,3.95483,0,3400,39538225478
35.5935,28.095,38.7952,0,100,86,70,1708,3504,2.20947,0,16.3854,3.95483,0,3400,39566323840
40.4387,24.7288,48.2185,0,100,86,70,1708,3504,2.20947,0,16.2516,3.96679,0,3400,39591051657
35.9459,27.8196,48.2185,0,100,86,70,1708,3504,2.20947,0,16.2516,3.96679,0,3400,39618873108
39.7724,25.1431,48.2185,0,100,86,70,1708,3504,2.20947,0,16.2516,3.96679,0,3400,39644016576
38.9863,25.6501,48.2185,0,100,86,70,1708,3504,2.20947,0,16.2516,3.96679,0,3400,39669668120
37.0722,26.9744,48.2185,0,100,86,70,1708,3504,2.20947,0,16.2516,3.96679,0,3400,39696643391
36.7647,27.2,48.2185,0,100,86,70,1708,3504,2.20947,0,16.2516,3.96679,0,3400,39723845029
40.4174,24.7418,48.2185,0,100,86,70,1708,3504,2.20947,0,16.2516,3.96679,0,3400,39748592764
37.4165,26.7262,48.2185,0,100,86,70,1708,3504,2.20947,0,16.2516,3.96679,0,3400,39775315690
38.7043,25.8369,48.2185,0,100,86,70,1708,3504,2.20947,0,16.2516,3.96679,0,3400,39801154014
35.8443,27.8985,48.2185,0,100,86,70,1708,3504,2.20947,0,16.2516,3.96679,0,3400,39829053300
39.6045,25.2497,48.2185,0,100,86,70,1708,3504,2.20947,0,16.2516,3.96679,0,3400,39854303263
38.3518,26.0744,48.2185,0,100,86,70,1708,3504,2.20947,0,16.2516,3.96679,0,3400,39880382518
36.1112,27.6923,48.2185,0,100,86,70,1708,3504,2.20947,0,16.2516,3.96679,0,3400,39908073310
38.5145,25.9642,48.2185,0,100,86,70,1708,3504,2.20947,0,16.2516,3.96679,0,3400,39934057502
39.5079,25.3114,48.2185,0,100,86,70,1708,3504,2.20947,0,16.2516,3.96679,0,3400,39959351966
38.9525,25.6723,48.2185,0,100,86,70,1708,3504,2.20947,0,16.2516,3.96679,0,3400,39985025873
34.9771,28.5901,48.2185,0,100,86,70,1708,3504,2.20947,0,16.2516,3.96679,0,3400,40013617209
40.2392,24.8514,48.2185,0,100,86,70,1708,3504,2.20947,0,16.2516,3.96679,0,3400,40038469721
38.0648,26.271,48.2185,0,100,86,70,1708,3504,2.20947,0,16.2516,3.96679,0,3400,40064742992
37.8901,26.3921,48.2185,0,100,86,70,1708,3504,2.20947,0,16.2516,3.96679,0,3400,40091141425
37.419,26.7244,36.9412,0,100,77,70,1708,3504,2.20947,0,16.2572,3.96679,0,3430,40117860836
36.0948,27.7048,36.9412,0,100,77,70,1708,3504,2.20947,0,16.2572,3.96679,0,3430,40145567667
40.3763,24.767,36.9412,0,100,77,70,1708,3504,2.20947,0,16.2572,3.96679,0,3430,40170336418
35.7348,27.9839,36.9412,0,100,77,70,1708,3504,2.20947,0,16.2572,3.96679,0,3430,40198321279
42.6923,23.4234,36.9412,0,100,77,70,1708,3504,2.20947,0,16.2572,3.96679,0,3430,40221745649
35.2984,28.3299,36.9412,0,100,77,70,1708,3504,2.20947,0,16.2572,3.96679,0,3430,40250076960
40.1412,24.912,36.9412,0,100,77,70,1708,3504,2.20947,0,16.2572,3.96679,0,3430,40274991981
36.0841,27.713,36.9412,0,100,77,70,1708,3504,2.20947,0,16.2572,3.96679,0,3430,40302704880
41.9879,23.8164,36.9412,0,100,77,70,1708,3504,2.20947,0,16.2572,3.96679,0,3430,40326524518
35.4343,28.2212,36.9412,0,100,77,70,1708,3504,2.20947,0,16.2572,3.96679,0,3430,40354746290
36.9429,27.0688,36.9412,0,100,77,70,1708,3504,2.20947,0,16.2572,3.96679,0,3430,40381815472
40.6102,24.6244,36.9412,0,100,77,70,1708,3504,2.20947,0,16.2572,3.96679,0,3430,40406441372
36.1011,27.7,36.9412,0,100,77,70,1708,3504,2.20947,0,16.2572,3.96679,0,3430,40434142627
41.7049,23.978,36.9412,0,100,77,70,1708,3504,2.20947,0,16.2572,3.96679,0,3430,40458121920
38.0319,26.2937,36.9412,0,100,77,70,1708,3504,2.20947,0,16.2572,3.96679,0,3430,40484416111
37.7137,26.5155,36.9412,0,100,77,70,1708,3504,2.20947,0,16.2572,3.96679,0,3430,40510932726
39.7502,25.1571,36.9412,0,100,77,70,1708,3504,2.20947,0,16.2572,3.96679,0,3430,40536091433
34.6889,28.8277,36.9412,0,100,77,70,1708,3504,2.20947,0,16.2572,3.96679,0,3430,40564919474
38.8513,25.7391,36.9412,0,100,77,70,1708,3504,2.20947,0,16.2572,3.96679,0,3430,40590660783
39.1738,25.5272,36.9412,0,100,77,70,1708,3504,2.20947,0,16.2572,3.96679,0,3430,40616196431
37.7673,26.4779,43.4783,0,100,77,70,1708,3504,2.20947,0,16.2851,3.96679,0,3400,40642668032
39.446,25.3511,43.4783,0,100,77,70,1708,3504,2.20947,0,16.2851,3.96679,0,3400,40668021352
32.0762,31.1757,43.4783,0,100,77,70,1708,3504,2.20947,0,16.2851,3.96679,0,3400,40699197267
45.4401,22.007,43.4783,0,100,77,70,1708,3504,2.20947,0,16.2851,3.96679,0,3400,40721206139
38.3194,26.0965,43.4783,0,100,77,70,1708,3504,2.20947,0,16.2851,3.96679,0,3400,40747303391
35.9239,27.8366,43.4783,0,100,77,70,1708,3504,2.20947,0,16.2851,3.96679,0,3400,40775141392
39.274,25.4622,43.4783,0,100,77,70,1708,3504,2.20947,0,16.2851,3.96679,0,3400,40800605733
40.0015,24.9991,43.4783,0,100,77,70,1708,3504,2.20947,0,16.2851,3.96679,0,3400,40825605190
36.2892,27.5564,43.4783,0,100,77,70,1708,3504,2.20947,0,16.2851,3.96679,0,3400,40853162265
37.1718,26.9021,43.4783,0,100,77,70,1708,3504,2.20947,0,16.2851,3.96679,0,3400,40880066122
41.9651,23.8293,43.4783,0,100,77,70,1708,3504,2.20947,0,16.2851,3.96679,0,3400,40903897126
37.4525,26.7005,43.4783,0,100,77,70,1708,3504,2.20947,0,16.2851,3.96679,0,3400,40930599149
39.0794,25.5889,43.4783,0,100,77,70,1708,3504,2.20947,0,16.2851,3.96679,0,3400,40956188471
34.998,28.573,43.4783,0,100,77,70,1708,3504,2.20947,0,16.2851,3.96679,0,3400,40984762667
41.2272,24.2558,43.4783,0,100,77,70,1708,3504,2.20947,0,16.2851,3.96679,0,3400,41009020555
37.9449,26.354,43.4783,0,100,77,70,1708,3504,2.20947,0,16.2851,3.96679,0,3400,41035374685
34.9117,28.6437,43.4783,0,100,77,70,1708,3504,2.20947,0,16.2851,3.96679,0,3400,41064019495
41.2865,24.221,43.4783,0,100,77,70,1708,3504,2.20947,0,16.2851,3.96679,0,3400,41088242672
37.0979,26.9557,43.4783,0,100,77,70,1708,3504,2.20947,0,16.2851,3.96679,0,3400,41115199383
38.8603,25.7332,43.4783,0,100,77,70,1708,3504,2.20947,0,16.2851,3.96679,0,3400,41140960846
37.5406,26.6378,41.2621,0,100,86,70,1708,3504,2.20947,0,16.2861,3.96679,0,3418,41167573378
37.6501,26.5604,41.2621,0,100,86,70,1708,3504,2.20947,0,16.2861,3.96679,0,3418,41194135036
38.6964,25.8422,41.2621,0,100,86,70,1708,3504,2.20947,0,16.2861,3.96679,0,3418,41219978865
36.8925,27.1058,41.2621,0,100,86,70,1708,3504,2.20947,0,16.2861,3.96679,0,3418,41247085735
38.9173,25.6955,41.2621,0,100,86,70,1708,3504,2.20947,0,16.2861,3.96679,0,3418,41272781123
36.1785,27.6408,41.2621,0,100,86,70,1708,3504,2.20947,0,16.2861,3.96679,0,3418,41300422660
39.1676,25.5313,41.2621,0,100,86,70,1708,3504,2.20947,0,16.2861,3.96679,0,3418,41325955586
36.4413,27.4414,41.2621,0,100,86,70,1708,3504,2.20947,0,16.2861,3.96679,0,3418,41353399343
38.6468,25.8754,41.2621,0,100,86,70,1708,3504,2.20947,0,16.2861,3.96679,0,3418,41379274510
38.5521,25.9389,41.2621,0,100,86,70,1708,3504,2.20947,0,16.2861,3.96679,0,3418,41405214941
36.8915,27.1065,41.2621,0,100,86,70,1708,3504,2.20947,0,16.2861,3.96679,0,3418,41432322552
39.2554,25.4742,41.2621,0,100,86,70,1708,3504,2.20947,0,16.2861,3.96679,0,3418,41457797177
34.6338,28.8735,41.2621,0,100,86,70,1708,3504,2.20947,0,16.2861,3.96679,0,3418,41486672061
39.4697,25.3359,41.2621,0,100,86,70,1708,3504,2.20947,0,16.2861,3.96679,0,3418,41512009271
38.6067,25.9022,41.2621,0,100,86,70,1708,3504,2.20947,0,16.2861,3.96679,0,3418,41537912554
38.2491,26.1444,41.2621,0,100,86,70,1708,3504,2.20947,0,16.2861,3.96679,0,3418,41564057533
35.4816,28.1836,41.2621,0,100,86,70,1708,3504,2.20947,0,16.2861,3.96679,0,3418,41592242386
38.7852,25.783,41.2621,0,100,86,70,1708,3504,2.20947,0,16.2861,3.96679,0,3418,41618026605
33.8183,29.5698,41.2621,0,100,86,70,1708,3504,2.20947,0,16.2861,3.96679,0,3418,41647601484
42.3793,23.5964,42.3174,0,100,86,70,1708,3504,2.20947,0,16.3019,3.96679,0,3400,41671196125
37.8783,26.4004,42.3174,0,100,86,70,1708,3504,2.20947,0,16.3019,3.96679,0,3400,41697600339
37.828,26.4354,42.3174,0,100,86,70,1708,3504,2.20947,0,16.3019,3.96679,0,3400,41724034952
35.3878,28.2584,42.3174,0,100,86,70,1708,3504,2.20947,0,16.3019,3.96679,0,3400,41752294589
38.1217,26.2318,42.3174,0,100,86,70,1708,3504,2.20947,0,16.3019,3.96679,0,3400,41778528457
38.2055,26.1742,42.3174,0,100,86,70,1708,3504,2.20947,0,16.3019,3.96679,0,3400,41804704444
38.844,25.744,42.3174,0,100,86,70,1708,3504,2.20947,0,16.3019,3.96679,0,3400,41830468230
36.3942,27.4769,42.3174,0,100,86,70,1708,3504,2.20947,0,16.3019,3.96679,0,3400,41857927902
38.1214,26.232,42.3174,0,100,86,70,1708,3504,2.20947,0,16.3019,3.96679,0,3400,41884161912
36.5373,27.3693,42.3174,0,100,86,70,1708,3504,2.20947,0,16.3019,3.96679,0,3400,41911531831
36.491,27.404,42.3174,0,100,86,70,1708,3504,2.20947,0,16.3019,3.96679,0,3400,41938936446
35.8824,27.8688,42.3174,0,100,86,70,1708,3504,2.20947,0,16.3019,3.96679,0,3400,41966806527
42.0164,23.8002,42.3174,0,100,86,70,1708,3504,2.20947,0,16.3019,3.96679,0,3400,41990607938
35.3356,28.3001,42.3174,0,100,86,70,1708,3504,2.20947,0,16.3019,3.96679,0,3400,42018910258
38.5431,25.945,42.3174,0,100,86,70,1708,3504,2.20947,0,16.3019,3.96679,0,3400,42044855343
34.6372,28.8707,42.3174,0,100,86,70,1708,3504,2.20947,0,16.3019,3.96679,0,3400,42073728754
41.7541,23.9498,42.3174,0,100,86,70,1708,3504,2.20947,0,16.3019,3.96679,0,3400,42097679961
34.9427,28.6183,42.3174,0,100,86,70,1708,3504,2.20947,0,16.3019,3.96679,0,3400,42126299449
38.7399,25.8132,42.3174,0,100,86,70,1708,3504,2.20947,0,16.3019,3.96679,0,3400,42152118838
36.1647,27.6513,44.3069,0,100,86,70,1708,3504,2.20947,0,16.3022,3.96679,0,3433,42179765872
40.1698,24.8943,44.3069,0,100,86,70,1708,3504,2.20947,0,16.3022,3.96679,0,3433,42204661162
36.4971,27.3994,44.3069,0,100,86,70,1708,3504,2.20947,0,16.3022,3.96679,0,3433,42232061702
36.2171,27.6112,44.3069,0,100,86,70,1708,3504,2.20947,0,16.3022,3.96679,0,3433,42259673154
39.6698,25.2081,44.3069,0,100,86,70,1708,3504,2.20947,0,16.3022,3.96679,0,3433,42284883416
34.4275,29.0465,44.3069,0,100,86,70,1708,3504,2.20947,0,16.3022,3.96679,0,3433,42313931900
39.5739,25.2692,44.3069,0,100,86,70,1708,3504,2.20947,0,16.3022,3.96679,0,3433,42339202587
36.901,27.0995,44.3069,0,100,86,70,1708,3504,2.20947,0,16.3022,3.96679,0,3433,42366303067
34.5419,28.9503,44.3069,0,100,86,70,1708,3504,2.20947,0,16.3022,3.96679,0,3433,42395255028
41.084,24.3404,44.3069,0,100,86,70,1708,3504,2.20947,0,16.3022,3.96679,0,3433,42419596516
37.1735,26.9009,44.3069,0,100,86,70,1708,3504,2.20947,0,16.3022,3.96679,0,3433,42446498601
37.3744,26.7563,44.3069,0,100,86,70,1708,3504,2.20947,0,16.3022,3.96679,0,3433,42473255181
37.7224,26.5095,44.3069,0,100,86,70,1708,3504,2.20947,0,16.3022,3.96679,0,3433,42499766939
35.4388,28.2177,44.3069,0,100,86,70,1708,3504,2.20947,0,16.3022,3.96679,0,3433,42527985119
38.763,25.7978,44.3069,0,100,86,70,1708,3504,2.20947,0,16.3022,3.96679,0,3433,42553798384
30.6828,32.5915,44.3069,0,100,86,70,1708,3504,2.20947,0,16.3022,3.96679,0,3433,42586390996
44.8766,22.2833,44.3069,0,100,86,70,1708,3504,2.20947,0,16.3022,3.96679,0,3433,42608674683
37.4952,26.6701,44.3069,0,100,86,70,1708,3504,2.20947,0,16.3022,3.96679,0,3433,42635345800
37.4789,26.6817,44.3069,0,100,86,70,1708,3504,2.20947,0,16.3022,3.96679,0,3433,42662033600
37.3957,26.741,35.4592,0,100,86,70,1708,3504,2.20947,0,16.3034,3.96679,0,3457,42688773136
36.5432,27.3649,35.4592,0,100,86,70,1708,3504,2.20947,0,16.3034,3.96679,0,3457,42716138041
36.9015,27.0992,35.4592,0,100,86,70,1708,3504,2.20947,0,16.3034,3.96679,0,3457,42743239224
37.1463,26.9206,35.4592,0,100,86,70,1708,3504,2.20947,0,16.3034,3.96679,0,3457,42770160935
34.8436,28.6997,35.4592,0,100,86,70,1708,3504,2.20947,0,16.3034,3.96679,0,3457,42798860995
39.6686,25.2089,35.4592,0,100,86,70,1708,3504,2.20947,0,16.3034,3.96679,0,3457,42824071939
36.4408,27.4418,35.4592,0,100,86,70,1708,3504,2.20947,0,16.3034,3.96679,0,3457,42851515861
37.1713,26.9024,35.4592,0,100,86,70,1708,3504,2.20947,0,16.3034,3.96679,0,3457,42878417905
37.0804,26.9684,35.4592,0,100,86,70,1708,3504,2.20947,0,16.3034,3.96679,0,3457,42905388910
36.5257,27.378,35.4592,0,100,86,70,1708,3504,2.20947,0,16.3034,3.96679,0,3457,42932767846
35.9264,27.8347,35.4592,0,100,86,70,1708,3504,2.20947,0,16.3034,3.96679,0,3457,42960602695
40.0178,24.9889,35.4592,0,100,86,70,1708,3504,2.20947,0,16.3034,3.96679,0,3457,42985591873
34.1619,29.2724,35.4592,0,100,86,70,1708,3504,2.20947,0,16.3034,3.96679,0,3457,43014868305
39.2652,25.4679,35.4592,0,100,86,70,1708,3504,2.20947,0,16.3034,3.96679,0,3457,43040336876
36.8044,27.1707,35.4592,0,100,86,70,1708,3504,2.20947,0,16.3034,3.96679,0,3457,43067508383
35.6247,28.0704,35.4592,0,100,86,70,1708,3504,2.20947,0,16.3034,3.96679,0,3457,43095580191
38.4116,26.0338,35.4592,0,100,86,70,1708,3504,2.20947,0,16.3034,3.96679,0,3457,43121614632
33.9648,29.4422,35.4592,0,100,86,70,1708,3504,2.20947,0,16.3034,3.96679,0,3457,43151059507
38.7303,25.8196,35.4592,0,100,86,70,1708,3504,2.20947,0,16.3034,3.96679,0,3457,43176883554
35.778,27.9501,30.402,0,100,78,70,1708,3504,2.20947,0,16.3038,3.96679,0,3400,43204831436
37.3798,26.7524,30.402,0,100,78,70,1708,3504,2.20947,0,16.3038,3.96679,0,3400,43231585205
35.8968,27.8577,30.402,0,100,78,70,1708,3504,2.20947,0,16.3038,3.96679,0,3400,43259444780
39.5677,25.2732,30.402,0,100,78,70,1708,3504,2.20947,0,16.3038,3.96679,0,3400,43284719281
37.7853,26.4653,30.402,0,100,78,70,1708,3504,2.20947,0,16.3038,3.96679,0,3400,43311185673
33.1407,30.1744,30.402,0,100,78,70,1708,3504,2.20947,0,16.3038,3.96679,0,3400,43341361895
39.2096,25.504,30.402,0,100,78,70,1708,3504,2.20947,0,16.3038,3.96679,0,3400,43366867147
37.3588,26.7675,30.402,0,100,78,70,1708,3504,2.20947,0,16.3038,3.96679,0,3400,43393635418
36.2576,27.5804,30.402,0,100,78,70,1708,3504,2.20947,0,16.3038,3.96679,0,3400,43421218347
36.6249,27.3039,30.402,0,100,78,70,1708,3504,2.20947,0,16.3038,3.96679,0,3400,43448522001
36.5038,27.3944,30.402,0,100,78,70,1708,3504,2.20947,0,16.3038,3.96679,0,3400,43475918678
38.3542,26.0728,30.402,0,100,78,70,1708,3504,2.20947,0,16.3038,3.96679,0,3400,43501992878
37.5912,26.6019,30.402,0,100,78,70,1708,3504,2.20947,0,16.3038,3.96679,0,3400,43528595472
36.8757,27.1181,30.402,0,100,78,70,1708,3504,2.20947,0,16.3038,3.96679,0,3400,43555715411
35.1732,28.4307,30.402,0,100,78,70,1708,3504,2.20947,0,16.3038,3.96679,0,3400,43584147148
38.2934,26.1141,30.402,0,100,78,70,1708,3504,2.20947,0,16.3038,3.96679,0,3400,43610263451
35.7937,27.9378,30.402,0,100,78,70,1708,3504,2.20947,0,16.3038,3.96679,0,3400,43638201879
36.9957,27.0301,30.402,0,100,78,70,1708,3504,2.20947,0,16.3038,3.96679,0,3400,43665232680
34.7346,28.7898,30.402,0,100,78,70,1708,3504,2.20947,0,16.3038,3.96679,0,3400,43694031576
37.8185,26.4421,36.3855,0,100,78,70,1708,3504,2.20947,0,16.3268,3.96679,0,3400,43720468011
35.9938,27.7825,36.3855,0,100,78,70,1708,3504,2.20947,0,16.3268,3.96679,0,3400,43748252844
35.4729,28.1905,36.3855,0,100,78,70,1708,3504,2.20947,0,16.3268,3.96679,0,3400,43776444955
39.8095,25.1196,36.3855,0,100,78,70,1708,3504,2.20947,0,16.3268,3.96679,0,3400,43801564967
33.1999,30.1206,36.3855,0,100,78,70,1708,3504,2.20947,0,16.3268,3.96679,0,3400,43831685858
38.5497,25.9405,36.3855,0,100,78,70,1708,3504,2.20947,0,16.3268,3.96679,0,3400,43857628149
36.944,27.068,36.3855,0,100,78,70,1708,3504,2.20947,0,16.3268,3.96679,0,3400,43884696464
34.381,29.0858,36.3855,0,100,78,70,1708,3504,2.20947,0,16.3268,3.96679,0,3400,43913783549
30.1552,33.1617,36.3855,0,100,78,70,1708,3504,2.20947,0,16.3268,3.96679,0,3400,43946947732
35.7859,27.944,36.3855,0,100,78,70,1708,3504,2.20947,0,16.3268,3.96679,0,3400,43974892074
31.9804,31.2692,36.3855,0,100,78,70,1708,3504,2.20947,0,16.3268,3.96679,0,3400,44006163438
44.9931,22.2256,36.3855,0,100,78,70,1708,3504,2.20947,0,16.3268,3.96679,0,3400,44028389793
29.4796,33.9217,36.3855,0,100,78,70,1708,3504,2.20947,0,16.3268,3.96679,0,3400,44062311893
45.5855,21.9368,36.3855,0,100,78,70,1708,3504,2.20947,0,16.3268,3.96679,0,3400,44084251306
31.3102,31.9385,36.3855,0,100,78,70,1708,3504,2.20947,0,16.3268,3.96679,0,3400,44116190205
40.4919,24.6963,36.3855,0,100,78,70,1708,3504,2.20947,0,16.3268,3.96679,0,3400,44140887547
32.4284,30.8371,36.3855,0,100,78,70,1708,3504,2.20947,0,16.3268,3.96679,0,3400,44171725918
32.601,30.6739,36.3855,0,100,78,70,1708,3504,2.20947,0,16.3268,3.96679,0,3400,44202401915
43.7506,22.8568,53.753,0,100,77,70,1708,3504,2.20947,0,16.3272,3.96679,0,1781,44225264462
32.9715,30.3292,53.753,0,100,77,70,1708,3504,2.20947,0,16.3272,3.96679,0,1781,44255593825
26.5948,37.6014,53.753,0,100,77,70,1708,3504,2.20947,0,16.3272,3.96679,0,1781,44293196843
32.8052,30.483,53.753,0,100,77,70,1708,3504,2.20947,0,16.3272,3.96679,0,1781,44323681819
27.6897,36.1144,53.753,0,100,77,70,1708,3504,2.20947,0,16.3272,3.96679,0,1781,44359796544
32.2739,30.9848,53.753,0,100,77,70,1708,3504,2.20947,0,16.3272,3.96679,0,1781,44390805334
29.0506,34.4227,53.753,0,100,77,70,1708,3504,2.20947,0,16.3272,3.96679,0,1781,44425207095
30.6937,32.58,53.753,0,100,77,70,1708,3504,2.20947,0,16.3272,3.96679,0,1781,44457787814
32.7432,30.5407,53.753,0,100,77,70,1708,3504,2.20947,0,16.3272,3.96679,0,1781,44488351794
34.0116,29.4017,53.753,0,100,77,70,1708,3504,2.20947,0,16.3272,3.96679,0,1781,44517760188
23.9022,41.8372,53.753,0,100,77,70,1708,3504,2.20947,0,16.3272,3.96679,0,1781,44559594249
42.375,23.5988,53.753,0,100,77,70,1708,3504,2.20947,0,16.3272,3.96679,0,1781,44583173774
25.4413,39.3061,53.753,0,100,77,70,1708,3504,2.20947,0,16.3272,3.96679,0,1781,44622479696
40.9538,24.4178,53.753,0,100,77,70,1708,3504,2.20947,0,16.3272,3.96679,0,1781,44646901144
32.3968,30.8672,53.753,0,100,77,70,1708,3504,2.20947,0,16.3272,3.96679,0,1781,44677790558
29.0813,34.3863,53.753,0,100,77,70,1708,3504,2.20947,0,16.3272,3.96679,0,1781,44712179902
42.8997,23.3102,79.8982,0,100,77,70,1666,3504,2.20947,0,16.3526,3.96679,0,1751,44735488769
25.3749,39.409,79.8982,0,100,77,70,1666,3504,2.20947,0,16.3526,3.96679,0,1751,44774898697
35.8126,27.9231,79.8982,0,100,77,70,1666,3504,2.20947,0,16.3526,3.96679,0,1751,44802823314
35.8459,27.8972,79.8982,0,100,77,70,1666,3504,2.20947,0,16.3526,3.96679,0,1751,44830721243
26.4374,37.8252,79.8982,0,100,77,70,1666,3504,2.20947,0,16.3526,3.96679,0,1751,44868547989
33.9808,29.4284,79.8982,0,100,77,70,1666,3504,2.20947,0,16.3526,3.96679,0,1751,44897977021
31.7399,31.5061,79.8982,0,100,77,70,1666,3504,2.20947,0,16.3526,3.96679,0,1751,44929484210
35.2871,28.339,79.8982,0,100,77,70,1666,3504,2.20947,0,16.3526,3.96679,0,1751,44957825963
32.5374,30.7338,79.8982,0,100,77,70,1666,3504,2.20947,0,16.3526,3.96679,0,1751,44988560271
20.2964,49.2699,79.8982,0,100,77,70,1666,3504,2.20947,0,16.3526,3.96679,0,1751,45037831877
40.8311,24.4911,79.8982,0,100,77,70,1666,3504,2.20947,0,16.3526,3.96679,0,1751,45062345988
41.4001,24.1546,79.8982,0,100,77,70,1666,3504,2.20947,0,16.3526,3.96679,0,1751,45086522299
26.9499,37.1058,79.8982,0,100,77,70,1666,3504,2.20947,0,16.3526,3.96679,0,1751,45123629673
30.9272,32.334,79.8982,0,100,77,70,1666,3504,2.20947,0,16.3526,3.96679,0,1751,45155943979
28.3563,35.2656,79.8982,0,100,77,70,1666,3504,2.20947,0,16.3526,3.96679,0,1751,45191211046
43.3577,23.0639,79.8982,0,100,77,70,1666,3504,2.20947,0,16.3526,3.96679,0,1751,45214300428
35.1703,28.4331,80.9045,0,100,76,67,1463,3504,2.20947,0,16.3548,3.96679,0,1792,45242731980
27.8558,35.8992,80.9045,0,100,76,67,1463,3504,2.20947,0,16.3548,3.96679,0,1792,45278610910
21.4752,46.5652,80.9045,0,100,76,67,1463,3504,2.20947,0,16.3548,3.96679,0,1792,45325198243
51.328,19.4825,80.9045,0,100,76,67,1463,3504,2.20947,0,16.3548,3.96679,0,1792,45344661069
28.3175,35.3138,80.9045,0,100,76,67,1463,3504,2.20947,0,16.3548,3.96679,0,1792,45379976798
24.4909,40.8314,80.9045,0,100,76,67,1463,3504,2.20947,0,16.3548,3.96679,0,1792,45420830098
37.7771,26.4711,80.9045,0,100,76,67,1463,3504,2.20947,0,16.3548,3.96679,0,1792,45447281879
28.1204,35.5614,80.9045,0,100,76,67,1463,3504,2.20947,0,16.3548,3.96679,0,1792,45482845646
27.727,36.0659,80.9045,0,100,76,67,1463,3504,2.20947,0,16.3548,3.96679,0,1792,45518924587
35.7648,27.9605,80.9045,0,100,76,67,1463,3504,2.20947,0,16.3548,3.96679,0,1792,45546873438
32.3446,30.9171,80.9045,0,100,76,67,1463,3504,2.20947,0,16.3548,3.96679,0,1792,45577792577
24.1341,41.4352,80.9045,0,100,76,67,1463,3504,2.20947,0,16.3548,3.96679,0,1792,45619227337
26.1239,38.2791,80.9045,0,100,76,67,1463,3504,2.20947,0,16.3548,3.96679,0,1792,45657508381
36.8522,27.1354,80.9045,0,100,76,67,1463,3504,2.20947,0,16.3548,3.96679,0,1792,45684644837
40.1212,24.9245,80.9045,0,100,76,67,1463,3504,2.20947,0,16.3548,3.96679,0,1792,45709570408
35.0483,28.532,80.9045,0,100,76,67,1463,3504,2.20947,0,16.3548,3.96679,0,1792,45738106553
29.6823,33.6901,86.6505,0,100,76,67,1463,3504,2.20947,0,16.3726,3.96679,0,1738,45771796220
26.3764,37.9127,86.6505,0,100,76,67,1463,3504,2.20947,0,16.3726,3.96679,0,1738,45809710883
30.5192,32.7663,86.6505,0,100,76,67,1463,3504,2.20947,0,16.3726,3.96679,0,1738,45842478269
28.9685,34.5202,86.6505,0,100,76,67,1463,3504,2.20947,0,16.3726,3.96679,0,1738,45876998423
35.4809,28.1842,86.6505,0,100,76,67,1463,3504,2.20947,0,16.3726,3.96679,0,1738,45905214630
34.1477,29.2845,86.6505,0,100,76,67,1463,3504,2.20947,0,16.3726,3.96679,0,1738,45934491091
31.563,31.6827,86.6505,0,100,76,67,1463,3504,2.20947,0,16.3726,3.96679,0,1738,45966197444
30.2993,33.0041,86.6505,0,100,76,67,1463,3504,2.20947,0,16.3726,3.96679,0,1738,45999202407
25.5948,39.0705,86.6505,0,100,76,67,1463,3504,2.20947,0,16.3726,3.96679,0,1738,46038253376
29.0895,34.3766,86.6505,0,100,76,67,1463,3504,2.20947,0,16.3726,3.96679,0,1738,46072643432
33.488,29.8614,86.6505,0,100,76,67,1463,3504,2.20947,0,16.3726,3.96679,0,1738,46102530111
32.3025,30.9573,86.6505,0,100,76,67,1463,3504,2.20947,0,16.3726,3.96679,0,1738,46133485893
41.398,24.1557,86.6505,0,100,76,67,1463,3504,2.20947,0,16.3726,3.96679,0,1738,46157644355
30.5515,32.7317,86.6505,0,100,76,67,1463,3504,2.20947,0,16.3726,3.96679,0,1738,46190356212
25.4065,39.3599,86.6505,0,100,76,67,1463,3504,2.20947,0,16.3726,3.96679,0,1738,46229720313
38.7823,25.785,86.6505,0,100,76,67,1463,3504,2.20947,0,16.3726,3.96679,0,1738,46255505295
29.5268,33.8675,77.6442,0,98,77,67,1491,3504,2.20947,0,16.3705,3.96679,0,1873,46289373912
33.0549,30.2527,77.6442,0,98,77,67,1491,3504,2.20947,0,16.3705,3.96679,0,1873,46319648224
33.0549,30.2527,77.6442,0,98,77,67,1491,3504,2.20947,0,16.3705,3.96679,0,1873,46349881307
29.4784,33.9232,77.6442,0,98,77,67,1491,3504,2.20947,0,16.3705,3.96679,0,1873,46383807483
28.7821,34.7438,77.6442,0,98,77,67,1491,3504,2.20947,0,16.3705,3.96679,0,1873,46418550511
36.5694,27.3453,77.6442,0,98,77,67,1491,3504,2.20947,0,16.3705,3.96679,0,1873,46445898714
32.9585,30.3412,77.6442,0,98,77,67,1491,3504,2.20947,0,16.3705,3.96679,0,1873,46476240490
28.9978,34.4853,77.6442,0,98,77,67,1491,3504,2.20947,0,16.3705,3.96679,0,1873,46510726796
33.2593,30.0667,77.6442,0,98,77,67,1491,3504,2.20947,0,16.3705,3.96679,0,1873,46540815839
21.6772,46.1314,77.6442,0,98,77,67,1491,3504,2.20947,0,16.3705,3.96679,0,1873,46586928234
51.7647,19.3182,77.6442,0,98,77,67,1491,3504,2.20947,0,16.3705,3.96679,0,1873,46606268428
31.088,32.1667,77.6442,0,98,77,67,1491,3504,2.20947,0,16.3705,3.96679,0,1873,46638437782
31.866,31.3814,77.6442,0,98,77,67,1491,3504,2.20947,0,16.3705,3.96679,0,1873,46669798096
34.2408,29.2049,77.6442,0,98,77,67,1491,3504,2.20947,0,16.3705,3.96679,0,1873,46699005319
27.5096,36.351,77.6442,0,98,77,67,1491,3504,2.20947,0,16.3705,3.96679,0,1873,46735357830
26.7491,37.3844,77.6442,0,98,77,67,1491,3504,2.20947,0,16.3705,3.96679,0,1873,46772769326
33.6394,29.727,77.9126,0,100,77,67,1493,3504,2.20947,0,16.3677,3.96679,0,1806,46802513271
35.1409,28.4568,77.9126,0,100,77,67,1493,3504,2.20947,0,16.3677,3.96679,0,1806,46830950220
33.0494,30.2577,77.9126,0,100,77,67,1493,3504,2.20947,0,16.3677,3.96679,0,1806,46861230042
28.5467,35.0303,77.9126,0,100,77,67,1493,3504,2.20947,0,16.3677,3.96679,0,1806,46896240337
32.7199,30.5624,77.9126,0,100,77,67,1493,3504,2.20947,0,16.3677,3.96679,0,1806,46926805450
24.615,40.6256,77.9126,0,100,77,67,1493,3504,2.20947,0,16.3677,3.96679,0,1806,46967432007
26.363,37.9319,77.9126,0,100,77,67,1493,3504,2.20947,0,16.3677,3.96679,0,1806,47005386938
33.2322,30.0913,77.9126,0,100,77,67,1493,3504,2.20947,0,16.3677,3.96679,0,1806,47035457130
30.0223,33.3086,77.9126,0,100,77,67,1493,3504,2.20947,0,16.3677,3.96679,0,1806,47068766780
24.0872,41.5158,77.9126,0,100,77,67,1493,3504,2.20947,0,16.3677,3.96679,0,1806,47110306120
26.8276,37.2751,77.9126,0,100,77,67,1493,3504,2.20947,0,16.3677,3.96679,0,1806,47147582347
43.4763,23.0011,77.9126,0,100,77,67,1493,3504,2.20947,0,16.3677,3.96679,0,1806,47170607230
34.9528,28.61,77.9126,0,100,77,67,1493,3504,2.20947,0,16.3677,3.96679,0,1806,47199216918
23.3172,42.8868,77.9126,0,100,77,67,1493,3504,2.20947,0,16.3677,3.96679,0,1806,47242129245
48.2255,20.7359,77.9126,0,100,77,67,1493,3504,2.20947,0,16.3677,3.96679,0,1806,47262849014
24.2067,41.3108,77.9126,0,100,77,67,1493,3504,2.20947,0,16.3677,3.96679,0,1806,47304160214
42.2794,23.6522,83.4975,0,100,77,67,1493,3504,2.20947,0,16.3958,3.96679,0,1761,47327831562
34.7595,28.7691,83.4975,0,100,77,67,1493,3504,2.20947,0,16.3958,3.96679,0,1761,47356604170
29.2893,34.1421,83.4975,0,100,77,67,1493,3504,2.20947,0,16.3958,3.96679,0,1761,47390746411
25.5233,39.1798,83.4975,0,100,77,67,1493,3504,2.20947,0,16.3958,3.96679,0,1761,47429927664
46.0525,21.7144,83.4975,0,100,77,67,1493,3504,2.20947,0,16.3958,3.96679,0,1761,47451646498
24.5923,40.6632,83.4975,0,100,77,67,1493,3504,2.20947,0,16.3958,3.96679,0,1761,47492308889
32.0703,31.1815,83.4975,0,100,77,67,1493,3504,2.20947,0,16.3958,3.96679,0,1761,47523513784
22.4257,44.5918,83.4975,0,100,77,67,1493,3504,2.20947,0,16.3958,3.96679,0,1761,47568120391
48.5618,20.5923,83.4975,0,100,77,67,1493,3504,2.20947,0,16.3958,3.96679,0,1761,47588680386
34.1193,29.3089,83.4975,0,100,77,67,1493,3504,2.20947,0,16.3958,3.96679,0,1761,47617990250
30.0345,33.295,83.4975,0,100,77,67,1493,3504,2.20947,0,16.3958,3.96679,0,1761,47651307041
29.3178,34.109,83.4975,0,100,77,67,1493,3504,2.20947,0,16.3958,3.96679,0,1761,47685396184
38.7043,25.8369,83.4975,0,100,77,67,1493,3504,2.20947,0,16.3958,3.96679,0,1761,47711235583
32.1967,31.0591,83.4975,0,100,77,67,1493,3504,2.20947,0,16.3958,3.96679,0,1761,47742295658
25.6921,38.9225,83.4975,0,100,77,67,1493,3504,2.20947,0,16.3958,3.96679,0,1761,47781240534
29.6637,33.7112,83.4975,0,100,77,67,1493,3504,2.20947,0,16.3958,3.96679,0,1761,47814934770
30.6255,32.6525,82.3232,0,98,77,67,1493,3504,2.20947,0,16.4011,3.96679,0,1749,47847586157
39.2577,25.4727,82.3232,0,98,77,67,1493,3504,2.20947,0,16.4011,3.96679,0,1749,47873062171
27.6859,36.1195,82.3232,0,98,77,67,1493,3504,2.20947,0,16.4011,3.96679,0,1749,47909202233
33.3584,29.9775,82.3232,0,98,77,67,1493,3504,2.20947,0,16.4011,3.96679,0,1749,47939160269
29.3359,34.0879,82.3232,0,98,77,67,1493,3504,2.20947,0,16.4011,3.96679,0,1749,47973249697
35.6928,28.0169,82.3232,0,98,77,67,1493,3504,2.20947,0,16.4011,3.96679,0,1749,48001266635
25.7833,38.7847,82.3232,0,98,77,67,1493,3504,2.20947,0,16.4011,3.96679,0,1749,48040054142
42.8676,23.3277,82.3232,0,98,77,67,1493,3504,2.20947,0,16.4011,3.96679,0,1749,48063381184
24.663,40.5465,82.3232,0,98,77,67,1493,3504,2.20947,0,16.4011,3.96679,0,1749,48103929893
32.2989,30.9608,82.3232,0,98,77,67,1493,3504,2.20947,0,16.4011,3.96679,0,1749,48134912897
32.0151,31.2353,82.3232,0,98,77,67,1493,3504,2.20947,0,16.4011,3.96679,0,1749,48166140257
36.3524,27.5085,82.3232,0,98,77,67,1493,3504,2.20947,0,16.4011,3.96679,0,1749,48193638106
34.0441,29.3737,82.3232,0,98,77,67,1493,3504,2.20947,0,16.4011,3.96679,0,1749,48223033948
27.2897,36.6439,82.3232,0,98,77,67,1493,3504,2.20947,0,16.4011,3.96679,0,1749,48259680211
30.9838,32.275,82.3232,0,98,77,67,1493,3504,2.20947,0,16.4011,3.96679,0,1749,48291955170
34.9379,28.6222,82.3232,0,98,77,67,1493,3504,2.20947,0,16.4011,3.96679,0,1749,48320606075
25.6339,39.0109,73.2143,0,98,76,67,1493,3504,2.20947,0,16.4004,3.96679,0,1743,48359611669
34.636,28.8717,73.2143,0,98,76,67,1493,3504,2.20947,0,16.4004,3.96679,0,1743,48388483890
37.383,26.7501,73.2143,0,98,76,67,1493,3504,2.20947,0,16.4004,3.96679,0,1743,48415236819
25.0882,39.8593,73.2143,0,98,76,67,1493,3504,2.20947,0,16.4004,3.96679,0,1743,48455096563
36.4947,27.4013,73.2143,0,98,76,67,1493,3504,2.20947,0,16.4004,3.96679,0,1743,48482477517
36.9165,27.0881,73.2143,0,98,76,67,1493,3504,2.20947,0,16.4004,3.96679,0,1743,48509567680
32.1172,31.136,73.2143,0,98,76,67,1493,3504,2.20947,0,16.4004,3.96679,0,1743,48540710569
28.4731,35.1209,73.2143,0,98,76,67,1493,3504,2.20947,0,16.4004,3.96679,0,1743,48575841174
33.4871,29.8622,73.2143,0,98,76,67,1493,3504,2.20947,0,16.4004,3.96679,0,1743,48605691926
25.6532,38.9815,73.2143,0,98,76,67,1493,3504,2.20947,0,16.4004,3.96679,0,1743,48644674341
36.8745,27.119,73.2143,0,98,76,67,1493,3504,2.20947,0,16.4004,3.96679,0,1743,48671796292
35.0542,28.5273,73.2143,0,98,76,67,1493,3504,2.20947,0,16.4004,3.96679,0,1743,48700322787
27.2361,36.716,73.2143,0,98,76,67,1493,3504,2.20947,0,16.4004,3.96679,0,1743,48737060763
38.6672,25.8617,73.2143,0,98,76,67,1493,3504,2.20947,0,16.4004,3.96679,0,1743,48762924397
26.6925,37.4637,73.2143,0,98,76,67,1493,3504,2.20947,0,16.4004,3.96679,0,1743,48800389175
40.0986,24.9385,73.2143,0,98,76,67,1493,3504,2.20947,0,16.4004,3.96679,0,1743,48825331147
28.744,34.7899,75.3846,0,99,76,67,1493,3504,2.20947,0,16.3981,3.96679,0,1728,48860119475
33.5889,29.7718,75.3846,0,99,76,67,1493,3504,2.20947,0,16.3981,3.96679,0,1728,48889895917
27.1096,36.8873,75.3846,0,99,76,67,1493,3504,2.20947,0,16.3981,3.96679,0,1728,48926781826
30.8223,32.444,75.3846,0,99,76,67,1493,3504,2.20947,0,16.3981,3.96679,0,1728,48959554045
27.7812,35.9956,75.3846,0,99,76,67,1493,3504,2.20947,0,16.3981,3.96679,0,1728,48995224960
30.4202,32.8729,75.3846,0,99,76,67,1493,3504,2.20947,0,16.3981,3.96679,0,1728,49028099287
36.9517,27.0623,75.3846,0,99,76,67,1493,3504,2.20947,0,16.3981,3.96679,0,1728,49055163275
36.785,27.185,75.3846,0,99,76,67,1493,3504,2.20947,0,16.3981,3.96679,0,1728,49082348571
27.7899,35.9843,75.3846,0,99,76,67,1493,3504,2.20947,0,16.3981,3.96679,0,1728,49118354723
33.4902,29.8595,75.3846,0,99,76,67,1493,3504,2.20947,0,16.3981,3.96679,0,1728,49148217070
33.5782,29.7812,75.3846,0,99,76,67,1493,3504,2.20947,0,16.3981,3.96679,0,1728,49177999727
38.1293,26.2266,75.3846,0,99,76,67,1493,3504,2.20947,0,16.3981,3.96679,0,1728,49204303099
26.4911,37.7485,75.3846,0,99,76,67,1493,3504,2.20947,0,16.3981,3.96679,0,1728,49242055852
32.1814,31.0738,75.3846,0,99,76,67,1493,3504,2.20947,0,16.3981,3.96679,0,1728,49273129073
36.2301,27.6013,75.3846,0,99,76,67,1493,3504,2.20947,0,16.3981,3.96679,0,1728,49300731631
29.2745,34.1595,75.3846,0,99,76,67,1493,3504,2.20947,0,16.3981,3.96679,0,1728,49334917266
27.1019,36.8978,74.938,0,100,76,67,1493,3504,2.20947,0,16.4111,3.96679,0,1747,49371812622
37.4707,26.6875,74.938,0,100,76,67,1493,3504,2.20947,0,16.4111,3.96679,0,1747,49398502082
32.1591,31.0954,74.938,0,100,76,67,1493,3504,2.20947,0,16.4111,3.96679,0,1747,49429597368
36.8573,27.1317,74.938,0,100,76,67,1493,3504,2.20947,0,16.4111,3.96679,0,1747,49456731391
30.3426,32.957,74.938,0,100,76,67,1493,3504,2.20947,0,16.4111,3.96679,0,1747,49489689218
27.1033,36.8959,74.938,0,100,76,67,1493,3504,2.20947,0,16.4111,3.96679,0,1747,49526586419
39.1743,25.527,74.938,0,100,76,67,1493,3504,2.20947,0,16.4111,3.96679,0,1747,49552115068
29.1571,34.297,74.938,0,100,76,67,1493,3504,2.20947,0,16.4111,3.96679,0,1747,49586413376
31.738,31.508,74.938,0,100,76,67,1493,3504,2.20947,0,16.4111,3.96679,0,1747,49617924348
26.4095,37.8651,74.938,0,100,76,67,1493,3504,2.20947,0,16.4111,3.96679,0,1747,49655818185
48.0037,20.8317,74.938,0,100,76,67,1493,3504,2.20947,0,16.4111,3.96679,0,1747,49676642378
29.7335,33.6321,74.938,0,100,76,67,1493,3504,2.20947,0,16.4111,3.96679,0,1747,49710275203
27.631,36.1912,74.938,0,100,76,67,1493,3504,2.20947,0,16.4111,3.96679,0,1747,49746468834
33.8926,29.505,74.938,0,100,76,67,1493,3504,2.20947,0,16.4111,3.96679,0,1747,49775974542
33.1727,30.1453,74.938,0,100,76,67,1493,3504,2.20947,0,16.4111,3.96679,0,1747,49806143527
34.3167,29.1403,74.938,0,100,76,67,1493,3504,2.20947,0,16.4111,3.96679,0,1747,49835291281
33.1177,30.1953,69.1517,0,100,76,67,1493,3504,2.20947,0,16.4106,3.96679,0,1786,49865502778
31.6704,31.5753,69.1517,0,100,76,67,1493,3504,2.20947,0,16.4106,3.96679,0,1786,49897058145
28.9867,34.4986,69.1517,0,100,76,67,1493,3504,2.20947,0,16.4106,3.96679,0,1786,49931556586
35.0208,28.5544,69.1517,0,100,76,67,1493,3504,2.20947,0,16.4106,3.96679,0,1786,49960111513
31.3674,31.8802,69.1517,0,100,76,67,1493,3504,2.20947,0,16.4106,3.96679,0,1786,49992014846
28.0794,35.6133,69.1517,0,100,76,67,1493,3504,2.20947,0,16.4106,3.96679,0,1786,50027630011
31.1498,32.1029,69.1517,0,100,76,67,1493,3504,2.20947,0,16.4106,3.96679,0,1786,50059734016
25.2275,39.6393,69.1517,0,100,76,67,1493,3504,2.20947,0,16.4106,3.96679,0,1786,50099374534
39.6486,25.2216,69.1517,0,100,76,67,1493,3504,2.20947,0,16.4106,3.96679,0,1786,50124598494
29.2756,34.1581,69.1517,0,100,76,67,1493,3504,2.20947,0,16.4106,3.96679,0,1786,50158756364
41.5491,24.0679,69.1517,0,100,76,67,1493,3504,2.20947,0,16.4106,3.96679,0,1786,50182825342
27.7109,36.0869,69.1517,0,100,76,67,1493,3504,2.20947,0,16.4106,3.96679,0,1786,50218934885
30.3294,32.9713,69.1517,0,100,76,67,1493,3504,2.20947,0,16.4106,3.96679,0,1786,50251887741
36.442,27.4408,69.1517,0,100,76,67,1493,3504,2.20947,0,16.4106,3.96679,0,1786,50279329235
28.8894,34.6148,69.1517,0,100,76,67,1493,3504,2.20947,0,16.4106,3.96679,0,1786,50313948048
40.3286,24.7963,69.1517,0,100,76,67,1493,3504,2.20947,0,16.4106,3.96679,0,1786,50338746298
26.2729,38.062,73.9018,0,100,77,67,1493,3504,2.20947,0,16.4202,3.96679,0,1837,50376806037
47.1751,21.1976,73.9018,0,100,77,67,1493,3504,2.20947,0,16.4202,3.96679,0,1837,50398003650
27.5892,36.2461,73.9018,0,100,77,67,1493,3504,2.20947,0,16.4202,3.96679,0,1837,50434273523
46.8272,21.3551,73.9018,0,100,77,67,1493,3504,2.20947,0,16.4202,3.96679,0,1837,50455607635
26.0317,38.4148,73.9018,0,100,77,67,1493,3504,2.20947,0,16.4202,3.96679,0,1837,50494024451
48.0072,20.8302,73.9018,0,100,77,67,1493,3504,2.20947,0,16.4202,3.96679,0,1837,50514855374
23.6066,42.361,73.9018,0,100,77,67,1493,3504,2.20947,0,16.4202,3.96679,0,1837,50557218461
40.1477,24.908,73.9018,0,100,77,67,1493,3504,2.20947,0,16.4202,3.96679,0,1837,50582127728
33.5318,29.8224,73.9018,0,100,77,67,1493,3504,2.20947,0,16.4202,3.96679,0,1837,50611952093
26.1891,38.1838,73.9018,0,100,77,67,1493,3504,2.20947,0,16.4202,3.96679,0,1837,50650136629
34.0019,29.4101,73.9018,0,100,77,67,1493,3504,2.20947,0,16.4202,3.96679,0,1837,50679550875
43.8143,22.8236,73.9018,0,100,77,67,1493,3504,2.20947,0,16.4202,3.96679,0,1837,50702373675
32.3062,30.9538,73.9018,0,100,77,67,1493,3504,2.20947,0,16.4202,3.96679,0,1837,50733350049
27.8742,35.8755,73.9018,0,100,77,67,1493,3504,2.20947,0,16.4202,3.96679,0,1837,50769206006
41.2109,24.2654,73.9018,0,100,77,67,1493,3504,2.20947,0,16.4202,3.96679,0,1837,50793471444
32.4583,30.8088,73.9018,0,100,77,67,1493,3504,2.20947,0,16.4202,3.96679,0,1837,50824302288
32.5753,30.6981,73.9018,0,100,77,67,1493,3504,2.20947,0,16.4202,3.96679,0,1837,50855036279
31.9158,31.3325,79.1878,0,100,77,67,1493,3504,2.20947,0,16.4275,3.96679,0,1768,50886336213
33.0933,30.2176,79.1878,0,100,77,67,1493,3504,2.20947,0,16.4275,3.96679,0,1768,50916576475
30.2061,33.1059,79.1878,0,100,77,67,1493,3504,2.20947,0,16.4275,3.96679,0,1768,50949687548
33.8279,29.5614,79.1878,0,100,77,67,1493,3504,2.20947,0,16.4275,3.96679,0,1768,50979248326
33.5878,29.7727,79.1878,0,100,77,67,1493,3504,2.20947,0,16.4275,3.96679,0,1768,51009053774
37.6067,26.591,79.1878,0,100,77,67,1493,3504,2.20947,0,16.4275,3.96679,0,1768,51035614722
32.4971,30.7719,79.1878,0,100,77,67,1493,3504,2.20947,0,16.4275,3.96679,0,1768,51066387493
28.199,35.4623,79.1878,0,100,77,67,1493,3504,2.20947,0,16.4275,3.96679,0,1768,51101851684
27.3331,36.5857,79.1878,0,100,77,67,1493,3504,2.20947,0,16.4275,3.96679,0,1768,51138455194
41.6434,24.0134,79.1878,0,100,77,67,1493,3504,2.20947,0,16.4275,3.96679,0,1768,51162451740
29.1709,34.2808,79.1878,0,100,77,67,1493,3504,2.20947,0,16.4275,3.96679,0,1768,51196754529
39.9665,25.021,79.1878,0,100,77,67,1493,3504,2.20947,0,16.4275,3.96679,0,1768,51221776668
25.9871,38.4807,79.1878,0,100,77,67,1493,3504,2.20947,0,16.4275,3.96679,0,1768,51260238021
30.4586,32.8314,79.1878,0,100,77,67,1493,3504,2.20947,0,16.4275,3.96679,0,1768,51293070325
18.467,54.1507,79.1878,0,100,77,67,1493,3504,2.20947,0,16.4275,3.96679,0,1768,51347222913
174.367,5.73503,79.1878,0,100,77,67,1493,3504,2.20947,0,16.4275,3.96679,0,1768,51352959716
24.8914,40.1745,79.1878,0,100,77,67,1493,3504,2.20947,0,16.4275,3.96679,0,1768,51393157847
35.3663,28.2755,81.5603,0,100,77,67,1493,3504,2.20947,0,16.4554,3.96679,0,1769,51421432236
27.7924,35.9811,81.5603,0,100,77,67,1493,3504,2.20947,0,16.4554,3.96679,0,1769,51457393586
30.9605,32.2992,81.5603,0,100,77,67,1493,3504,2.20947,0,16.4554,3.96679,0,1769,51489694560
42.4526,23.5557,81.5603,0,100,77,67,1493,3504,2.20947,0,16.4554,3.96679,0,1769,51513250592
36.675,27.2665,81.5603,0,100,77,67,1493,3504,2.20947,0,16.4554,3.96679,0,1769,51540519204
40.8322,24.4905,81.5603,0,100,77,67,1493,3504,2.20947,0,16.4554,3.96679,0,1769,51565011798
29.769,33.592,81.5603,0,100,77,67,1493,3504,2.20947,0,16.4554,3.96679,0,1769,51598604512
28.7604,34.77,81.5603,0,100,77,67,1493,3504,2.20947,0,16.4554,3.96679,0,1769,51633374372
30.5599,32.7226,81.5603,0,100,77,67,1493,3504,2.20947,0,16.4554,3.96679,0,1769,51666100439
41.3372,24.1913,81.5603,0,100,77,67,1493,3504,2.20947,0,16.4554,3.96679,0,1769,51690312753
39.8912,25.0682,81.5603,0,100,77,67,1493,3504,2.20947,0,16.4554,3.96679,0,1769,51715359067
26.4676,37.7821,81.5603,0,100,77,67,1493,3504,2.20947,0,16.4554,3.96679,0,1769,51753164351
39.4167,25.37,81.5603,0,100,77,67,1493,3504,2.20947,0,16.4554,3.96679,0,1769,51778514378
32.0074,31.2428,81.5603,0,100,77,67,1493,3504,2.20947,0,16.4554,3.96679,0,1769,51809759042
28.4859,35.105,81.5603,0,100,77,67,1493,3504,2.20947,0,16.4554,3.96679,0,1769,51844865304
27.5337,36.3191,81.5603,0,100,77,67,1493,3504,2.20947,0,16.4554,3.96679,0,1769,51881202827
47.566,21.0234,81.5603,0,100,77,67,1493,3504,2.20947,0,16.4554,3.96679,0,1769,51902234226
28.5022,35.0851,72.5191,0,100,77,67,1493,3504,2.20947,0,16.4555,3.96679,0,1757,51937297787
33.8173,29.5707,72.5191,0,100,77,67,1493,3504,2.20947,0,16.4555,3.96679,0,1757,51966889100
27.7576,36.0262,72.5191,0,100,77,67,1493,3504,2.20947,0,16.4555,3.96679,0,1757,52002895743
34.6064,28.8964,72.5191,0,100,77,67,1493,3504,2.20947,0,16.4555,3.96679,0,1757,52031792766
46.9282,21.3092,72.5191,0,100,77,67,1493,3504,2.20947,0,16.4555,3.96679,0,1757,52053103205
25.1866,39.7037,72.5191,0,100,77,67,1493,3504,2.20947,0,16.4555,3.96679,0,1757,52092806962
38.9358,25.6833,72.5191,0,100,77,67,1493,3504,2.20947,0,16.4555,3.96679,0,1757,52118497411
35.8848,27.8669,72.5191,0,100,77,67,1493,3504,2.20947,0,16.4555,3.96679,0,1757,52146362214
26.7531,37.3788,72.5191,0,100,77,67,1493,3504,2.20947,0,16.4555,3.96679,0,1757,52183741724
43.0056,23.2528,72.5191,0,100,77,67,1493,3504,2.20947,0,16.4555,3.96679,0,1757,52206995579
31.898,31.3499,72.5191,0,100,77,67,1493,3504,2.20947,0,16.4555,3.96679,0,1757,52238348301
36.6171,27.3096,72.5191,0,100,77,67,1493,3504,2.20947,0,16.4555,3.96679,0,1757,52265657493
28.9695,34.519,72.5191,0,100,77,67,1493,3504,2.20947,0,16.4555,3.96679,0,1757,52300190399
44.3974,22.5239,72.5191,0,100,77,67,1493,3504,2.20947,0,16.4555,3.96679,0,1757,52322703072
29.9129,33.4304,72.5191,0,100,77,67,1493,3504,2.20947,0,16.4555,3.96679,0,1757,52356134337
33.4533,29.8924,72.5191,0,100,77,67,1493,3504,2.20947,0,16.4555,3.96679,0,1757,52386050738
34.2761,29.1749,72.5191,0,100,77,67,1493,3504,2.20947,0,16.4555,3.96679,0,1757,52415229892
32.1111,31.1419,76.1671,0,98,76,67,1493,3504,2.20947,0,16.4552,3.96679,0,1754,52446347919
30.9236,32.3378,76.1671,0,98,76,67,1493,3504,2.20947,0,16.4552,3.96679,0,1754,52478709918
32.8528,30.4388,76.1671,0,98,76,67,1493,3504,2.20947,0,16.4552,3.96679,0,1754,52509147752
28.722,34.8165,76.1671,0,98,76,67,1493,3504,2.20947,0,16.4552,3.96679,0,1754,52543965815
29.2111,34.2335,76.1671,0,98,76,67,1493,3504,2.20947,0,16.4552,3.96679,0,1754,52578200613
47.6785,20.9738,76.1671,0,98,76,67,1493,3504,2.20947,0,16.4552,3.96679,0,1754,52599175402
31.8663,31.3811,76.1671,0,98,76,67,1493,3504,2.20947,0,16.4552,3.96679,0,1754,52630558660
32.6445,30.633,76.1671,0,98,76,67,1493,3504,2.20947,0,16.4552,3.96679,0,1754,52661192785
36.9677,27.0506,76.1671,0,98,76,67,1493,3504,2.20947,0,16.4552,3.96679,0,1754,52688243455
32.7041,30.5772,76.1671,0,98,76,67,1493,3504,2.20947,0,16.4552,3.96679,0,1754,52718823245
31.9201,31.3283,76.1671,0,98,76,67,1493,3504,2.20947,0,16.4552,3.96679,0,1754,52750153395
29.1303,34.3285,76.1671,0,98,76,67,1493,3504,2.20947,0,16.4552,3.96679,0,1754,52784480758
37.558,26.6255,76.1671,0,98,76,67,1493,3504,2.20947,0,16.4552,3.96679,0,1754,52811107982
33.4076,29.9333,76.1671,0,98,76,67,1493,3504,2.20947,0,16.4552,3.96679,0,1754,52841042033
33.8817,29.5144,76.1671,0,98,76,67,1493,3504,2.20947,0,16.4552,3.96679,0,1754,52870557838
29.9917,33.3426,76.1671,0,98,76,67,1493,3504,2.20947,0,16.4552,3.96679,0,1754,52903903512
36.617,27.3097,76.1671,0,98,76,67,1493,3504,2.20947,0,16.4552,3.96679,0,1754,52931217864
31.4369,31.8098,75.9305,0,98,76,67,1493,3504,2.20947,0,16.4625,3.96679,0,1717,52963025276
35.7034,28.0085,75.9305,0,98,76,67,1493,3504,2.20947,0,16.4625,3.96679,0,1717,52991032671
34.2909,29.1623,75.9305,0,98,76,67,1493,3504,2.20947,0,16.4625,3.96679,0,1717,53020197228
30.2939,33.0099,75.9305,0,98,76,67,1493,3504,2.20947,0,16.4625,3.96679,0,1717,53053208744
33.0262,30.279,75.9305,0,98,76,67,1493,3504,2.20947,0,16.4625,3.96679,0,1717,53083487999
43.4089,23.0368,75.9305,0,98,76,67,1493,3504,2.20947,0,16.4625,3.96679,0,1717,53106526673
31.2585,31.9913,75.9305,0,98,76,67,1493,3504,2.20947,0,16.4625,3.96679,0,1717,53138519505
33.8575,29.5356,75.9305,0,98,76,67,1493,3504,2.20947,0,16.4625,3.96679,0,1717,53168055206
36.0751,27.7199,75.9305,0,98,76,67,1493,3504,2.20947,0,16.4625,3.96679,0,1717,53195777092
29.7096,33.6591,75.9305,0,98,76,67,1493,3504,2.20947,0,16.4625,3.96679,0,1717,53229436831
34.093,29.3316,75.9305,0,98,76,67,1493,3504,2.20947,0,16.4625,3.96679,0,1717,53258769570
34.3267,29.1319,75.9305,0,98,76,67,1493,3504,2.20947,0,16.4625,3.96679,0,1717,53287903694
31.3926,31.8546,75.9305,0,98,76,67,1493,3504,2.20947,0,16.4625,3.96679,0,1717,53319759770
34.4115,29.06,75.9305,0,98,76,67,1493,3504,2.20947,0,16.4625,3.96679,0,1717,53348821027
28.8454,34.6675,75.9305,0,98,76,67,1493,3504,2.20947,0,16.4625,3.96679,0,1717,53383488719
36.4847,27.4088,75.9305,0,98,76,67,1493,3504,2.20947,0,16.4625,3.96679,0,1717,53410899650
34.5746,28.9229,75.9305,0,98,76,67,1493,3504,2.20947,0,16.4625,3.96679,0,1717,53439832762
33.9255,29.4763,49.1315,0,100,87,67,1494,3504,2.20947,0,16.4626,3.96679,0,3400,53469303370
31.9504,31.2985,49.1315,0,100,87,67,1494,3504,2.20947,0,16.4626,3.96679,0,3400,53500601767
33.3648,29.9717,49.1315,0,100,87,67,1494,3504,2.20947,0,16.4626,3.96679,0,3400,53530575249
32.3688,30.894,49.1315,0,100,87,67,1494,3504,2.20947,0,16.4626,3.96679,0,3400,53561470446
31.4108,31.8362,49.1315,0,100,87,67,1494,3504,2.20947,0,16.4626,3.96679,0,3400,53593311928
34.4762,29.0055,49.1315,0,100,87,67,1494,3504,2.20947,0,16.4626,3.96679,0,3400,53622318711
32.617,30.6588,49.1315,0,100,87,67,1494,3504,2.20947,0,16.4626,3.96679,0,3400,53652978642
32.3763,30.8868,49.1315,0,100,87,67,1494,3504,2.20947,0,16.4626,3.96679,0,3400,53683866957
31.2981,31.9509,49.1315,0,100,87,67,1494,3504,2.20947,0,16.4626,3.96679,0,3400,53715819254
34.6371,28.8708,49.1315,0,100,87,67,1494,3504,2.20947,0,16.4626,3.96679,0,3400,53744691874
31.581,31.6646,49.1315,0,100,87,67,1494,3504,2.20947,0,16.4626,3.96679,0,3400,53776357757
32.1752,31.0798,49.1315,0,100,87,67,1494,3504,2.20947,0,16.4626,3.96679,0,3400,53807437998
33.3428,29.9914,49.1315,0,100,87,67,1494,3504,2.20947,0,16.4626,3.96679,0,3400,53837430405
32.5835,30.6904,49.1315,0,100,87,67,1494,3504,2.20947,0,16.4626,3.96679,0,3400,53868121355
32.6327,30.6441,49.1315,0,100,87,67,1494,3504,2.20947,0,16.4626,3.96679,0,3400,53898768000
33.3188,30.0131,49.1315,0,100,87,67,1494,3504,2.20947,0,16.4626,3.96679,0,3400,53928782059
32.2789,30.98,49.1315,0,100,87,67,1494,3504,2.20947,0,16.4626,3.96679,0,3400,53959766167
30.0178,33.3136,44.8441,0,100,87,67,1493,3504,2.20947,0,16.4547,3.96679,0,3405,53993090439
35.1024,28.4881,44.8441,0,100,87,67,1493,3504,2.20947,0,16.4547,3.96679,0,3405,54021566709
26.356,37.942,44.8441,0,100,87,67,1493,3504,2.20947,0,16.4547,3.96679,0,3405,54059528028
42.3914,23.5897,44.8441,0,100,87,67,1493,3504,2.20947,0,16.4547,3.96679,0,3405,54083102648
31.0689,32.1865,44.8441,0,100,87,67,1493,3504,2.20947,0,16.4547,3.96679,0,3405,54115288215
31.5491,31.6966,44.8441,0,100,87,67,1493,3504,2.20947,0,16.4547,3.96679,0,3405,54146987011
35.6261,28.0693,44.8441,0,100,87,67,1493,3504,2.20947,0,16.4547,3.96679,0,3405,54175057727
32.7329,30.5503,44.8441,0,100,87,67,1493,3504,2.20947,0,16.4547,3.96679,0,3405,54205609563
30.5998,32.6799,44.8441,0,100,87,67,1493,3504,2.20947,0,16.4547,3.96679,0,3405,54238290402
33.2846,30.0439,44.8441,0,100,87,67,1493,3504,2.20947,0,16.4547,3.96679,0,3405,54268337434
32.4681,30.7995,44.8441,0,100,87,67,1493,3504,2.20947,0,16.4547,3.96679,0,3405,54299150202
30.1678,33.1479,44.8441,0,100,87,67,1493,3504,2.20947,0,16.4547,3.96679,0,3405,54332286653
34.3805,29.0863,44.8441,0,100,87,67,1493,3504,2.20947,0,16.4547,3.96679,0,3405,54361374204
34.9094,28.6456,44.8441,0,100,87,67,1493,3504,2.20947,0,16.4547,3.96679,0,3405,54390021612
34.3148,29.142,44.8441,0,100,87,67,1493,3504,2.20947,0,16.4547,3.96679,0,3405,54419164996
32.2976,30.962,44.8441,0,100,87,67,1493,3504,2.20947,0,16.4547,3.96679,0,3405,54450128747
32.0361,31.2148,44.8441,0,100,87,67,1493,3504,2.20947,0,16.4547,3.96679,0,3405,54481347377
34.7624,28.7667,41.75,0,100,81,67,1494,3504,2.20947,0,16.4545,3.96679,0,3400,54510112792
31.3173,31.9312,41.75,0,100,81,67,1494,3504,2.20947,0,16.4545,3.96679,0,3400,54542045887
29.8162,33.5388,41.75,0,100,81,67,1494,3504,2.20947,0,16.4545,3.96679,0,3400,54575586231
38.7357,25.816,41.75,0,100,81,67,1494,3504,2.20947,0,16.4545,3.96679,0,3400,54601403007
30.963,32.2966,41.75,0,100,81,67,1494,3504,2.20947,0,16.4545,3.96679,0,3400,54633700624
32.3998,30.8644,41.75,0,100,81,67,1494,3504,2.20947,0,16.4545,3.96679,0,3400,54664580080
32.4244,30.8409,41.75,0,100,81,67,1494,3504,2.20947,0,16.4545,3.96679,0,3400,54695421344
33.5876,29.7729,41.75,0,100,81,67,1494,3504,2.20947,0,16.4545,3.96679,0,3400,54725196078
34.9989,28.5723,41.75,0,100,81,67,1494,3504,2.20947,0,16.4545,3.96679,0,3400,54753769846
28.7568,34.7744,41.75,0,100,81,67,1494,3504,2.20947,0,16.4545,3.96679,0,3400,54788545954
38.1495,26.2127,41.75,0,100,81,67,1494,3504,2.20947,0,16.4545,3.96679,0,3400,54814759296
31.9465,31.3023,41.75,0,100,81,67,1494,3504,2.20947,0,16.4545,3.96679,0,3400,54846063135
34.3439,29.1173,41.75,0,100,81,67,1494,3504,2.20947,0,16.4545,3.96679,0,3400,54875181670
31.7802,31.4661,41.75,0,100,81,67,1494,3504,2.20947,0,16.4545,3.96679,0,3400,54906649293
30.2111,33.1005,41.75,0,100,81,67,1494,3504,2.20947,0,16.4545,3.96679,0,3400,54939751734
33.1965,30.1236,41.75,0,100,81,67,1494,3504,2.20947,0,16.4545,3.96679,0,3400,54969875407
38.314,26.1001,41.75,0,100,81,67,1494,3504,2.20947,0,16.4545,3.96679,0,3400,54995980221
31.086,32.1689,45.2323,0,100,81,67,1493,3504,2.20947,0,16.4695,3.96679,0,3400,55028149012
32.4708,30.7969,45.2323,0,100,81,67,1493,3504,2.20947,0,16.4695,3.96679,0,3400,55058945942
33.2228,30.0998,45.2323,0,100,81,67,1493,3504,2.20947,0,16.4695,3.96679,0,3400,55089046976
32.1964,31.0594,45.2323,0,100,81,67,1493,3504,2.20947,0,16.4695,3.96679,0,3400,55120108347
33.0178,30.2867,45.2323,0,100,81,67,1493,3504,2.20947,0,16.4695,3.96679,0,3400,55150394898
33.8221,29.5665,45.2323,0,100,81,67,1493,3504,2.20947,0,16.4695,3.96679,0,3400,55179962710
29.9929,33.3412,45.2323,0,100,81,67,1493,3504,2.20947,0,16.4695,3.96679,0,3400,55213317573
34.3271,29.1315,45.2323,0,100,81,67,1493,3504,2.20947,0,16.4695,3.96679,0,3400,55242440798
31.0159,32.2415,45.2323,0,100,81,67,1493,3504,2.20947,0,16.4695,3.96679,0,3400,55274682692
31.3712,31.8763,45.2323,0,100,81,67,1493,3504,2.20947,0,16.4695,3.96679,0,3400,55306558189
37.1768,26.8985,45.2323,0,100,81,67,1493,3504,2.20947,0,16.4695,3.96679,0,3400,55333458332
32.4435,30.8228,45.2323,0,100,81,67,1493,3504,2.20947,0,16.4695,3.96679,0,3400,55364281754
32.2567,31.0013,45.2323,0,100,81,67,1493,3504,2.20947,0,16.4695,3.96679,0,3400,55395285065
31.7127,31.5331,45.2323,0,100,81,67,1493,3504,2.20947,0,16.4695,3.96679,0,3400,55426820264
34.6043,28.8982,45.2323,0,100,81,67,1493,3504,2.20947,0,16.4695,3.96679,0,3400,55455742169
29.5694,33.8187,45.2323,0,100,81,67,1493,3504,2.20947,0,16.4695,3.96679,0,3400,55489541552
33.452,29.8936,45.2323,0,100,81,67,1493,3504,2.20947,0,16.4695,3.96679,0,3400,55519441941
33.7212,29.6549,44.686,0,100,80,67,1494,3504,2.20947,0,16.4671,3.96679,0,3400,55549093179
32.7835,30.5031,44.686,0,100,80,67,1494,3504,2.20947,0,16.4671,3.96679,0,3400,55579597557
30.7841,32.4843,44.686,0,100,80,67,1494,3504,2.20947,0,16.4671,3.96679,0,3400,55612083620
37.1207,26.9392,44.686,0,100,80,67,1494,3504,2.20947,0,16.4671,3.96679,0,3400,55639023040
34.7456,28.7806,44.686,0,100,80,67,1494,3504,2.20947,0,16.4671,3.96679,0,3400,55667805052
31.211,32.0399,44.686,0,100,80,67,1494,3504,2.20947,0,16.4671,3.96679,0,3400,55699848786
34.8697,28.6782,44.686,0,100,80,67,1494,3504,2.20947,0,16.4671,3.96679,0,3400,55728529025
28.8058,34.7152,44.686,0,100,80,67,1494,3504,2.20947,0,16.4671,3.96679,0,3400,55763256594
34.2887,29.1641,44.686,0,100,80,67,1494,3504,2.20947,0,16.4671,3.96679,0,3400,55792410765
32.9774,30.3238,44.686,0,100,80,67,1494,3504,2.20947,0,16.4671,3.96679,0,3400,55822734457
32.0482,31.203,44.686,0,100,80,67,1494,3504,2.20947,0,16.4671,3.96679,0,3400,55853940055
33.6935,29.6793,44.686,0,100,80,67,1494,3504,2.20947,0,16.4671,3.96679,0,3400,55883619997
32.578,30.6956,44.686,0,100,80,67,1494,3504,2.20947,0,16.4671,3.96679,0,3400,55914317042
24.4234,40.9444,44.686,0,100,80,67,1494,3504,2.20947,0,16.4671,3.96679,0,3400,55955262254
55.9834,17.8625,44.686,0,100,80,67,1494,3504,2.20947,0,16.4671,3.96679,0,3400,55973125254
33.3307,30.0023,44.686,0,100,80,67,1494,3504,2.20947,0,16.4671,3.96679,0,3400,56003130295
28.2868,35.3521,44.686,0,100,80,67,1494,3504,2.20947,0,16.4671,3.96679,0,3400,56038484128
41.3244,24.1988,43.8424,0,100,80,67,1493,3504,2.20947,0,16.4656,3.96679,0,3400,56062683146
30.16,33.1565,43.8424,0,100,80,67,1493,3504,2.20947,0,16.4656,3.96679,0,3400,56095844215
32.863,30.4294,43.8424,0,100,80,67,1493,3504,2.20947,0,16.4656,3.96679,0,3400,56126275837
35.2394,28.3773,43.8424,0,100,80,67,1493,3504,2.20947,0,16.4656,3.96679,0,3400,56154652598
33.2839,30.0446,43.8424,0,100,80,67,1493,3504,2.20947,0,16.4656,3.96679,0,3400,56184698471
30.6496,32.6269,43.8424,0,100,80,67,1493,3504,2.20947,0,16.4656,3.96679,0,3400,56217326022
37.9364,26.3599,43.8424,0,100,80,67,1493,3504,2.20947,0,16.4656,3.96679,0,3400,56243688048
33.5784,29.781,43.8424,0,100,80,67,1493,3504,2.20947,0,16.4656,3.96679,0,3400,56273470510
33.1624,30.1547,43.8424,0,100,80,67,1493,3504,2.20947,0,16.4656,3.96679,0,3400,56303625831
31.3127,31.9359,43.8424,0,100,80,67,1493,3504,2.20947,0,16.4656,3.96679,0,3400,56335563315
35.1421,28.4559,43.8424,0,100,80,67,1493,3504,2.20947,0,16.4656,3.96679,0,3400,56364021255
34.8218,28.7177,43.8424,0,100,80,67,1493,3504,2.20947,0,16.4656,3.96679,0,3400,56392740941
30.049,33.279,43.8424,0,100,80,67,1493,3504,2.20947,0,16.4656,3.96679,0,3400,56426021140
35.2233,28.3903,43.8424,0,100,80,67,1493,3504,2.20947,0,16.4656,3.96679,0,3400,56454411808
35.3236,28.3097,43.8424,0,100,80,67,1493,3504,2.20947,0,16.4656,3.96679,0,3400,56482722831
31.8112,31.4355,43.8424,0,100,80,67,1493,3504,2.20947,0,16.4656,3.96679,0,3400,56514158946
35.4582,28.2022,43.8424,0,100,80,67,1493,3504,2.20947,0,16.4656,3.96679,0,3400,56542368964
34.3091,29.1468,45.2736,0,100,81,67,1493,3504,2.20947,0,16.465,3.96679,0,3418,56571511484
30.7057,32.5673,45.2736,0,100,81,67,1493,3504,2.20947,0,16.465,3.96679,0,3418,56604080052
36.8888,27.1085,45.2736,0,100,81,67,1493,3504,2.20947,0,16.465,3.96679,0,3418,56631189744
30.7468,32.5237,45.2736,0,100,81,67,1493,3504,2.20947,0,16.465,3.96679,0,3418,56663714367
36.755,27.2072,45.2736,0,100,81,67,1493,3504,2.20947,0,16.465,3.96679,0,3418,56690922940
33.0901,30.2206,45.2736,0,100,81,67,1493,3504,2.20947,0,16.465,3.96679,0,3418,56721145003
27.0649,36.9483,45.2736,0,100,81,67,1493,3504,2.20947,0,16.465,3.96679,0,3418,56758094579
36.9603,27.0561,45.2736,0,100,81,67,1493,3504,2.20947,0,16.465,3.96679,0,3418,56785151570
38.7601,25.7997,45.2736,0,100,81,67,1493,3504,2.20947,0,16.465,3.96679,0,3418,56810952107
34.7724,28.7584,45.2736,0,100,81,67,1493,3504,2.20947,0,16.465,3.96679,0,3418,56839711125
26.3101,38.0083,45.2736,0,100,81,67,1493,3504,2.20947,0,16.465,3.96679,0,3418,56877721040
35.4793,28.1854,45.2736,0,100,81,67,1493,3504,2.20947,0,16.465,3.96679,0,3418,56905906853
42.4581,23.5526,45.2736,0,100,81,67,1493,3504,2.20947,0,16.465,3.96679,0,3418,56929462748
34.4455,29.0314,45.2736,0,100,81,67,1493,3504,2.20947,0,16.465,3.96679,0,3418,56958494714
33.8887,29.5083,45.2736,0,100,81,67,1493,3504,2.20947,0,16.465,3.96679,0,3418,56988003865
32.633,30.6439,45.2736,0,100,81,67,1493,3504,2.20947,0,16.465,3.96679,0,3418,57018649789
32.1073,31.1456,45.2736,0,100,81,67,1493,3504,2.20947,0,16.465,3.96679,0,3418,57049801685
30.9665,32.293,54.0816,0,100,81,67,1539,3504,2.20947,0,16.454,3.96679,0,3400,57082089224
37.6177,26.5832,54.0816,0,100,81,67,1539,3504,2.20947,0,16.454,3.96679,0,3400,57108675558
34.2032,29.237,54.0816,0,100,81,67,1539,3504,2.20947,0,16.454,3.96679,0,3400,57137913355
32.3861,30.8775,54.0816,0,100,81,67,1539,3504,2.20947,0,16.454,3.96679,0,3400,57168791933
31.3277,31.9207,54.0816,0,100,81,67,1539,3504,2.20947,0,16.454,3.96679,0,3400,57200713104
36.5052,27.3934,54.0816,0,100,81,67,1539,3504,2.20947,0,16.454,3.96679,0,3400,57228108539
33.678,29.693,54.0816,0,100,81,67,1539,3504,2.20947,0,16.454,3.96679,0,3400,57257802901
31.1256,32.1279,54.0816,0,100,81,67,1539,3504,2.20947,0,16.454,3.96679,0,3400,57289950953
36.209,27.6174,54.0816,0,100,81,67,1539,3504,2.20947,0,16.454,3.96679,0,3400,57317550734
33.1139,30.1988,54.0816,0,100,81,67,1539,3504,2.20947,0,16.454,3.96679,0,3400,57347751493
31.4546,31.7918,54.0816,0,100,81,67,1539,3504,2.20947,0,16.454,3.96679,0,3400,57379544611
35.3958,28.2519,54.0816,0,100,81,67,1539,3504,2.20947,0,16.454,3.96679,0,3400,57407796709
30.3838,32.9123,54.0816,0,100,81,67,1539,3504,2.20947,0,16.454,3.96679,0,3400,57440710357
37.4755,26.6841,54.0816,0,100,81,67,1539,3504,2.20947,0,16.454,3.96679,0,3400,57467396363
29.8257,33.5281,54.0816,0,100,81,67,1539,3504,2.20947,0,16.454,3.96679,0,3400,57500925048
34.8804,28.6694,54.0816,0,100,81,67,1539,3504,2.20947,0,16.454,3.96679,0,3400,57529595996
31.8371,31.4099,54.0816,0,100,81,67,1539,3504,2.20947,0,16.454,3.96679,0,3400,57561012603
34.3674,29.0973,44.6115,0,100,87,67,1556,3504,2.20947,0,16.4479,3.96679,0,3400,57590105668
34.0548,29.3644,44.6115,0,100,87,67,1556,3504,2.20947,0,16.4479,3.96679,0,3400,57619471932
33.4734,29.8745,44.6115,0,100,87,67,1556,3504,2.20947,0,16.4479,3.96679,0,3400,57649347074
30.2251,33.0851,44.6115,0,100,87,67,1556,3504,2.20947,0,16.4479,3.96679,0,3400,57682436181
36.8013,27.1729,44.6115,0,100,87,67,1556,3504,2.20947,0,16.4479,3.96679,0,3400,57709607792
30.8915,32.3713,44.6115,0,100,87,67,1556,3504,2.20947,0,16.4479,3.96679,0,3400,57741982959
29.5992,33.7847,44.6115,0,100,87,67,1556,3504,2.20947,0,16.4479,3.96679,0,3400,57775768000
36.2039,27.6213,44.6115,0,100,87,67,1556,3504,2.20947,0,16.4479,3.96679,0,3400,57803390246
31.037,32.2196,44.6115,0,100,87,67,1556,3504,2.20947,0,16.4479,3.96679,0,3400,57835610179
37.0987,26.9551,44.6115,0,100,87,67,1556,3504,2.20947,0,16.4479,3.96679,0,3400,57862567082
32.2092,31.047,44.6115,0,100,87,67,1556,3504,2.20947,0,16.4479,3.96679,0,3400,57893616323
32.779,30.5073,44.6115,0,100,87,67,1556,3504,2.20947,0,16.4479,3.96679,0,3400,57924125122
32.7995,30.4883,44.6115,0,100,87,67,1556,3504,2.20947,0,16.4479,3.96679,0,3400,57954632782
30.6237,32.6544,44.6115,0,100,87,67,1556,3504,2.20947,0,16.4479,3.96679,0,3400,57987270071
31.7202,31.5257,44.6115,0,100,87,67,1556,3504,2.20947,0,16.4479,3.96679,0,3400,58018798294
37.3296,26.7884,44.6115,0,100,87,67,1556,3504,2.20947,0,16.4479,3.96679,0,3400,58045588462
25.0462,39.9263,44.6115,0,100,87,67,1556,3504,2.20947,0,16.4479,3.96679,0,3400,58085516867
39.7758,25.1409,46.8293,0,100,87,67,1556,3504,2.20947,0,16.4635,3.96679,0,3409,58110680720
33.6616,29.7074,46.8293,0,100,87,67,1556,3504,2.20947,0,16.4635,3.96679,0,3409,58140393696
31.4272,31.8195,46.8293,0,100,87,67,1556,3504,2.20947,0,16.4635,3.96679,0,3409,58172213117
33.806,29.5806,46.8293,0,100,87,67,1556,3504,2.20947,0,16.4635,3.96679,0,3409,58201792871
33.4491,29.8962,46.8293,0,100,87,67,1556,3504,2.20947,0,16.4635,3.96679,0,3409,58231692055
33.9178,29.4831,46.8293,0,100,87,67,1556,3504,2.20947,0,16.4635,3.96679,0,3409,58261175622
33.2933,30.0361,46.8293,0,100,87,67,1556,3504,2.20947,0,16.4635,3.96679,0,3409,58291213224
30.5538,32.7291,46.8293,0,100,87,67,1556,3504,2.20947,0,16.4635,3.96679,0,3409,58323942776
34.8651,28.682,46.8293,0,100,87,67,1556,3504,2.20947,0,16.4635,3.96679,0,3409,58352627721
31.6142,31.6313,46.8293,0,100,87,67,1556,3504,2.20947,0,16.4635,3.96679,0,3409,58384259957
33.8152,29.5725,46.8293,0,100,87,67,1556,3504,2.20947,0,16.4635,3.96679,0,3409,58413832612
31.6106,31.635,46.8293,0,100,87,67,1556,3504,2.20947,0,16.4635,3.96679,0,3409,58445469157
30.4364,32.8554,46.8293,0,100,87,67,1556,3504,2.20947,0,16.4635,3.96679,0,3409,58478326301
39.5192,25.3042,46.8293,0,100,87,67,1556,3504,2.20947,0,16.4635,3.96679,0,3409,58503631860
31.2765,31.9729,46.8293,0,100,87,67,1556,3504,2.20947,0,16.4635,3.96679,0,3409,58535606314
30.8504,32.4145,46.8293,0,100,87,67,1556,3504,2.20947,0,16.4635,3.96679,0,3409,58568021899
36.2299,27.6015,46.8293,0,100,87,67,1556,3504,2.20947,0,16.4635,3.96679,0,3409,58595639982
32.7505,30.5339,46.5995,0,100,87,67,1556,3504,2.20947,0,16.4636,3.96679,0,3406,58626160642
32.8772,30.4163,46.5995,0,100,87,67,1556,3504,2.20947,0,16.4636,3.96679,0,3406,58656578222
33.7859,29.5981,46.5995,0,100,87,67,1556,3504,2.20947,0,16.4636,3.96679,0,3406,58686177281
32.1615,31.0931,46.5995,0,100,87,67,1556,3504,2.20947,0,16.4636,3.96679,0,3406,58717271658
30.8254,32.4408,46.5995,0,100,87,67,1556,3504,2.20947,0,16.4636,3.96679,0,3406,58749713054
35.6926,28.017,46.5995,0,100,87,67,1556,3504,2.20947,0,16.4636,3.96679,0,3406,58777731908
31.2613,31.9884,46.5995,0,100,87,67,1556,3504,2.20947,0,16.4636,3.96679,0,3406,58809722816
29.8853,33.4612,46.5995,0,100,87,67,1556,3504,2.20947,0,16.4636,3.96679,0,3406,58843184066
35.1818,28.4238,46.5995,0,100,87,67,1556,3504,2.20947,0,16.4636,3.96679,0,3406,58871610098
30.5862,32.6945,46.5995,0,100,87,67,1556,3504,2.20947,0,16.4636,3.96679,0,3406,58904305578
38.9847,25.6511,46.5995,0,100,87,67,1556,3504,2.20947,0,16.4636,3.96679,0,3406,58929957645
30.5797,32.7015,46.5995,0,100,87,67,1556,3504,2.20947,0,16.4636,3.96679,0,3406,58962660976
36.0755,27.7196,46.5995,0,100,87,67,1556,3504,2.20947,0,16.4636,3.96679,0,3406,58990381899
33.3819,29.9564,46.5995,0,100,87,67,1556,3504,2.20947,0,16.4636,3.96679,0,3406,59020339213
31.5615,31.6842,46.5995,0,100,87,67,1556,3504,2.20947,0,16.4636,3.96679,0,3406,59052023133
40.0463,24.9711,46.5995,0,100,87,67,1556,3504,2.20947,0,16.4636,3.96679,0,3406,59076996741
34.9137,28.642,46.5995,0,100,87,67,1556,3504,2.20947,0,16.4636,3.96679,0,3406,59105644285
29.8006,33.5563,49.8747,0,100,87,67,1556,3504,2.20947,0,16.4546,3.96679,0,3400,59139196487
36.4484,27.4361,49.8747,0,100,87,67,1556,3504,2.20947,0,16.4546,3.96679,0,3400,59166676556
37.4309,26.7159,49.8747,0,100,87,67,1556,3504,2.20947,0,16.4546,3.96679,0,3400,59193392575
33.7757,29.6071,49.8747,0,100,87,67,1556,3504,2.20947,0,16.4546,3.96679,0,3400,59223000692
32.4844,30.784,49.8747,0,100,87,67,1556,3504,2.20947,0,16.4546,3.96679,0,3400,59253786053
37.2277,26.8618,49.8747,0,100,87,67,1556,3504,2.20947,0,16.4546,3.96679,0,3400,59280649159
35.4009,28.2479,49.8747,0,100,87,67,1556,3504,2.20947,0,16.4546,3.96679,0,3400,59308898620
35.8734,27.8758,49.8747,0,100,87,67,1556,3504,2.20947,0,16.4546,3.96679,0,3400,59336777997
28.9164,34.5825,49.8747,0,100,87,67,1556,3504,2.20947,0,16.4546,3.96679,0,3400,59371359591
36.1439,27.6672,49.8747,0,100,87,67,1556,3504,2.20947,0,16.4546,3.96679,0,3400,59399028920
33.4412,29.9033,49.8747,0,100,87,67,1556,3504,2.20947,0,16.4546,3.96679,0,3400,59428933406
34.8544,28.6908,49.8747,0,100,87,67,1556,3504,2.20947,0,16.4546,3.96679,0,3400,59457625365
35.8355,27.9053,49.8747,0,100,87,67,1556,3504,2.20947,0,16.4546,3.96679,0,3400,59485533065
33.6057,29.7568,49.8747,0,100,87,67,1556,3504,2.20947,0,16.4546,3.96679,0,3400,59515291362
35.5905,28.0974,49.8747,0,100,87,67,1556,3504,2.20947,0,16.4546,3.96679,0,3400,59543389658
33.9029,29.496,49.8747,0,100,87,67,1556,3504,2.20947,0,16.4546,3.96679,0,3400,59572887160
32.2635,30.9948,49.8747,0,100,87,67,1556,3504,2.20947,0,16.4546,3.96679,0,3400,59603883708
34.871,28.6771,49.8747,0,100,87,67,1556,3504,2.20947,0,16.4546,3.96679,0,3400,59632567162
31.6097,31.6359,49.7653,0,100,89,68,1647,3504,2.20947,0,16.4546,3.96679,0,3400,59664197174
37.8395,26.4274,49.7653,0,100,89,68,1647,3504,2.20947,0,16.4546,3.96679,0,3400,59690627330
32.6502,30.6277,49.7653,0,100,89,68,1647,3504,2.20947,0,16.4546,3.96679,0,3400,59721269318
32.8385,30.4521,49.7653,0,100,89,68,1647,3504,2.20947,0,16.4546,3.96679,0,3400,59751708858
34.1859,29.2518,49.7653,0,100,89,68,1647,3504,2.20947,0,16.4546,3.96679,0,3400,59780962400
34.5541,28.9401,49.7653,0,100,89,68,1647,3504,2.20947,0,16.4546,3.96679,0,3400,59809904383
36.9779,27.0432,49.7653,0,100,89,68,1647,3504,2.20947,0,16.4546,3.96679,0,3400,59836947780
32.6948,30.5859,49.7653,0,100,89,68,1647,3504,2.20947,0,16.4546,3.96679,0,3400,59867535649
30.3687,32.9286,49.7653,0,100,89,68,1647,3504,2.20947,0,16.4546,3.96679,0,3400,59900465768
30.8276,32.4384,49.7653,0,100,89,68,1647,3504,2.20947,0,16.4546,3.96679,0,3400,59932905846
48.9905,20.4121,49.7653,0,100,89,68,1647,3504,2.20947,0,16.4546,3.96679,0,3400,59953318407
30.8723,32.3915,49.7653,0,100,89,68,1647,3504,2.20947,0,16.4546,3.96679,0,3400,59985711416
33.2441,30.0806,49.7653,0,100,89,68,1647,3504,2.20947,0,16.4546,3.96679,0,3400,60015792389
37.5937,26.6002,49.7653,0,100,89,68,1647,3504,2.20947,0,16.4546,3.96679,0,3400,60042394269
32.8605,30.4316,49.7653,0,100,89,68,1647,3504,2.20947,0,16.4546,3.96679,0,3400,60072828688
36.1931,27.6296,49.7653,0,100,89,68,1647,3504,2.20947,0,16.4546,3.96679,0,3400,60100458536
33.2464,30.0785,49.7653,0,100,89,68,1647,3504,2.20947,0,16.4546,3.96679,0,3400,60130539367
29.6142,33.7675,49.7653,0,100,89,68,1647,3504,2.20947,0,16.4546,3.96679,0,3400,60164309401
34.2059,29.2347,51.8868,0,100,89,68,1647,3504,2.20947,0,16.4699,3.96679,0,3400,60193547761
37.4004,26.7377,51.8868,0,100,89,68,1647,3504,2.20947,0,16.4699,3.96679,0,3400,60220284192
35.1646,28.4377,51.8868,0,100,89,68,1647,3504,2.20947,0,16.4699,3.96679,0,3400,60248722744
33.6739,29.6966,51.8868,0,100,89,68,1647,3504,2.20947,0,16.4699,3.96679,0,3400,60278420428
34.858,28.6878,51.8868,0,100,89,68,1647,3504,2.20947,0,16.4699,3.96679,0,3400,60307109008
31.4529,31.7936,51.8868,0,100,89,68,1647,3504,2.20947,0,16.4699,3.96679,0,3400,60338903282
35.9842,27.79,51.8868,0,100,89,68,1647,3504,2.20947,0,16.4699,3.96679,0,3400,60366695581
34.4536,29.0246,51.8868,0,100,89,68,1647,3504,2.20947,0,16.4699,3.96679,0,3400,60395722024
33.2461,30.0787,51.8868,0,100,89,68,1647,3504,2.20947,0,16.4699,3.96679,0,3400,60425801691
31.8205,31.4263,51.8868,0,100,89,68,1647,3504,2.20947,0,16.4699,3.96679,0,3400,60457228076
35.2812,28.3437,51.8868,0,100,89,68,1647,3504,2.20947,0,16.4699,3.96679,0,3400,60485574040
33.4291,29.9141,51.8868,0,100,89,68,1647,3504,2.20947,0,16.4699,3.96679,0,3400,60515489386
32.5259,30.7447,51.8868,0,100,89,68,1647,3504,2.20947,0,16.4699,3.96679,0,3400,60546235649
38.0106,26.3085,51.8868,0,100,89,68,1647,3504,2.20947,0,16.4699,3.96679,0,3400,60572545563
29.9207,33.4217,51.8868,0,100,89,68,1647,3504,2.20947,0,16.4699,3.96679,0,3400,60605967056
35.1111,28.481,51.8868,0,100,89,68,1647,3504,2.20947,0,16.4699,3.96679,0,3400,60634450342
39.7962,25.128,51.8868,0,100,89,68,1647,3504,2.20947,0,16.4699,3.96679,0,3400,60659581725
33.5339,29.8206,51.8868,0,100,89,68,1647,3504,2.20947,0,16.4699,3.96679,0,3400,60689404713
30.3359,32.9643,52.4038,0,100,89,69,1645,3504,2.20947,0,16.4693,3.96679,0,3400,60722367623
33.9653,29.4419,52.4038,0,100,89,69,1645,3504,2.20947,0,16.4693,3.96679,0,3400,60751812763
35.0185,28.5563,52.4038,0,100,89,69,1645,3504,2.20947,0,16.4693,3.96679,0,3400,60780368870
32.832,30.4581,52.4038,0,100,89,69,1645,3504,2.20947,0,16.4693,3.96679,0,3400,60810831062
39.3055,25.4418,52.4038,0,100,89,69,1645,3504,2.20947,0,16.4693,3.96679,0,3400,60836271549
31.4095,31.8375,52.4038,0,100,89,69,1645,3504,2.20947,0,16.4693,3.96679,0,3400,60868110470
32.1747,31.0803,52.4038,0,100,89,69,1645,3504,2.20947,0,16.4693,3.96679,0,3400,60899192700
31.0772,32.1779,52.4038,0,100,89,69,1645,3504,2.20947,0,16.4693,3.96679,0,3400,60931371773
34.4699,29.0108,52.4038,0,100,89,69,1645,3504,2.20947,0,16.4693,3.96679,0,3400,60960383852
38.7403,25.8129,52.4038,0,100,89,69,1645,3504,2.20947,0,16.4693,3.96679,0,3400,60986199659
33.9205,29.4807,52.4038,0,100,89,69,1645,3504,2.20947,0,16.4693,3.96679,0,3400,61015683779
36.1069,27.6956,52.4038,0,100,89,69,1645,3504,2.20947,0,16.4693,3.96679,0,3400,61043377838
33.4139,29.9277,52.4038,0,100,89,69,1645,3504,2.20947,0,16.4693,3.96679,0,3400,61073307426
30.9456,32.3148,52.4038,0,100,89,69,1645,3504,2.20947,0,16.4693,3.96679,0,3400,61105624164
32.7657,30.5197,52.4038,0,100,89,69,1645,3504,2.20947,0,16.4693,3.96679,0,3400,61136144898
32.0323,31.2185,52.4038,0,100,89,69,1645,3504,2.20947,0,16.4693,3.96679,0,3400,61167364617
35.3211,28.3117,52.4038,0,100,89,69,1645,3504,2.20947,0,16.4693,3.96679,0,3400,61195682943
34.2242,29.2191,53.25,0,100,89,69,1645,3504,2.20947,0,16.4878,3.96533,0,3400,61224898407
32.5859,30.6881,53.25,0,100,89,69,1645,3504,2.20947,0,16.4878,3.96533,0,3400,61255588886
37.7827,26.4672,53.25,0,100,89,69,1645,3504,2.20947,0,16.4878,3.96533,0,3400,61282056108
32.1573,31.0971,53.25,0,100,89,69,1645,3504,2.20947,0,16.4878,3.96533,0,3400,61313153995
33.1544,30.1619,53.25,0,100,89,69,1645,3504,2.20947,0,16.4878,3.96533,0,3400,61343316833
33.2787,30.0492,53.25,0,100,89,69,1645,3504,2.20947,0,16.4878,3.96533,0,3400,61373367831
34.9098,28.6453,53.25,0,100,89,69,1645,3504,2.20947,0,16.4878,3.96533,0,3400,61402013674
32.3028,30.9571,53.25,0,100,89,69,1645,3504,2.20947,0,16.4878,3.96533,0,3400,61432995898
34.8653,28.6818,53.25,0,100,89,69,1645,3504,2.20947,0,16.4878,3.96533,0,3400,61461656269
32.2723,30.9863,53.25,0,100,89,69,1645,3504,2.20947,0,16.4878,3.96533,0,3400,61492644200
32.1361,31.1177,53.25,0,100,89,69,1645,3504,2.20947,0,16.4878,3.96533,0,3400,61523764424
35.3044,28.3251,53.25,0,100,89,69,1645,3504,2.20947,0,16.4878,3.96533,0,3400,61552089387
33.6788,29.6923,53.25,0,100,89,69,1645,3504,2.20947,0,16.4878,3.96533,0,3400,61581784055
34.6817,28.8337,53.25,0,100,89,69,1645,3504,2.20947,0,16.4878,3.96533,0,3400,61610616873
33.9128,29.4874,53.25,0,100,89,69,1645,3504,2.20947,0,16.4878,3.96533,0,3400,61640106517
29.8309,33.5223,53.25,0,100,89,69,1645,3504,2.20947,0,16.4878,3.96533,0,3400,61673630678
36.5092,27.3903,53.25,0,100,89,69,1645,3504,2.20947,0,16.4878,3.96533,0,3400,61701025437
32.1278,31.1257,51.6129,0,100,89,69,1645,3504,2.20947,0,16.4868,3.96533,0,3400,61732148413
33.8204,29.568,51.6129,0,100,89,69,1645,3504,2.20947,0,16.4868,3.96533,0,3400,61761720845
32.9075,30.3882,51.6129,0,100,89,69,1645,3504,2.20947,0,16.4868,3.96533,0,3400,61792109929
34.0147,29.399,51.6129,0,100,89,69,1645,3504,2.20947,0,16.4868,3.96533,0,3400,61821509038
34.7863,28.7469,51.6129,0,100,89,69,1645,3504,2.20947,0,16.4868,3.96533,0,3400,61850258106
22.7469,43.9621,51.6129,0,100,89,69,1645,3504,2.20947,0,16.4868,3.96533,0,3400,61894221403
52.2062,19.1548,51.6129,0,100,89,69,1645,3504,2.20947,0,16.4868,3.96533,0,3400,61913378567
38.2519,26.1425,51.6129,0,100,89,69,1645,3504,2.20947,0,16.4868,3.96533,0,3400,61939521870
23.1895,43.1229,51.6129,0,100,89,69,1645,3504,2.20947,0,16.4868,3.96533,0,3400,61982645506
44.1429,22.6537,51.6129,0,100,89,69,1645,3504,2.20947,0,16.4868,3.96533,0,3400,62005300162
36.6588,27.2786,51.6129,0,100,89,69,1645,3504,2.20947,0,16.4868,3.96533,0,3400,62032581083
33.1524,30.1637,51.6129,0,100,89,69,1645,3504,2.20947,0,16.4868,3.96533,0,3400,62062745455
35.4147,28.2369,51.6129,0,100,89,69,1645,3504,2.20947,0,16.4868,3.96533,0,3400,62090983411
25.6754,38.9478,51.6129,0,100,89,69,1645,3504,2.20947,0,16.4868,3.96533,0,3400,62129945816
45.6539,21.9039,51.6129,0,100,89,69,1645,3504,2.20947,0,16.4868,3.96533,0,3400,62151838505
36.2854,27.5593,51.6129,0,100,89,69,1645,3504,2.20947,0,16.4868,3.96533,0,3400,62179398691
35.2642,28.3574,51.6129,0,100,89,69,1645,3504,2.20947,0,16.4868,3.96533,0,3400,62207761188
29.2935,34.1373,59.9502,0,100,89,69,1645,3504,2.20947,0,16.5597,3.96533,0,3400,62241896571
36.4184,27.4587,59.9502,0,100,89,69,1645,3504,2.20947,0,16.5597,3.96533,0,3400,62269357247
32.0319,31.2188,59.9502,0,100,89,69,1645,3504,2.20947,0,16.5597,3.96533,0,3400,62300576377
33.7164,29.6591,59.9502,0,100,89,69,1645,3504,2.20947,0,16.5597,3.96533,0,3400,62330238157
33.9866,29.4233,59.9502,0,100,89,69,1645,3504,2.20947,0,16.5597,3.96533,0,3400,62359663966
27.0302,36.9956,59.9502,0,100,89,69,1645,3504,2.20947,0,16.5597,3.96533,0,3400,62396660864
48.1505,20.7682,59.9502,0,100,89,69,1645,3504,2.20947,0,16.5597,3.96533,0,3400,62417429348
32.0836,31.1686,59.9502,0,100,89,69,1645,3504,2.20947,0,16.5597,3.96533,0,3400,62448602335
41.907,23.8624,59.9502,0,100,89,69,1645,3504,2.20947,0,16.5597,3.96533,0,3400,62472463378
30.7394,32.5316,59.9502,0,100,89,69,1645,3504,2.20947,0,16.5597,3.96533,0,3400,62504995456
30.6611,32.6146,59.9502,0,100,89,69,1645,3504,2.20947,0,16.5597,3.96533,0,3400,62537612471
36.2813,27.5624,59.9502,0,100,89,69,1645,3504,2.20947,0,16.5597,3.96533,0,3400,62565175666
37.6938,26.5296,59.9502,0,100,89,69,1645,3504,2.20947,0,16.5597,3.96533,0,3400,62591706974
32.2775,30.9813,59.9502,0,100,89,69,1645,3504,2.20947,0,16.5597,3.96533,0,3400,62622688538
30.825,32.4412,59.9502,0,100,89,69,1645,3504,2.20947,0,16.5597,3.96533,0,3400,62655132734
35.9325,27.8299,59.9502,0,100,89,69,1645,3504,2.20947,0,16.5597,3.96533,0,3400,62682962579
33.6274,29.7376,59.9502,0,100,89,69,1645,3504,2.20947,0,16.5597,3.96533,0,3400,62712706472
33.7674,29.6144,63.0542,0,100,83,70,1701,3504,2.20947,0,16.5692,3.96533,0,3400,62742318556
35.8941,27.8597,63.0542,0,100,83,70,1701,3504,2.20947,0,16.5692,3.96533,0,3400,62770178875
30.7674,32.502,63.0542,0,100,83,70,1701,3504,2.20947,0,16.5692,3.96533,0,3400,62802685436
36.8897,27.1078,63.0542,0,100,83,70,1701,3504,2.20947,0,16.5692,3.96533,0,3400,62829791758
30.744,32.5267,63.0542,0,100,83,70,1701,3504,2.20947,0,16.5692,3.96533,0,3400,62862319293
35.378,28.2661,63.0542,0,100,83,70,1701,3504,2.20947,0,16.5692,3.96533,0,3400,62890587412
33.9401,29.4637,63.0542,0,100,83,70,1701,3504,2.20947,0,16.5692,3.96533,0,3400,62920056662
33.9907,29.4198,63.0542,0,100,83,70,1701,3504,2.20947,0,16.5692,3.96533,0,3400,62949473127
32.6069,30.6684,63.0542,0,100,83,70,1701,3504,2.20947,0,16.5692,3.96533,0,3400,62980144366
33.0828,30.2272,63.0542,0,100,83,70,1701,3504,2.20947,0,16.5692,3.96533,0,3400,63010371779
37.2536,26.8431,63.0542,0,100,83,70,1701,3504,2.20947,0,16.5692,3.96533,0,3400,63037218404
30.1616,33.1547,63.0542,0,100,83,70,1701,3504,2.20947,0,16.5692,3.96533,0,3400,63070380689
34.4103,29.061,63.0542,0,100,83,70,1701,3504,2.20947,0,16.5692,3.96533,0,3400,63099439974
32.7765,30.5097,63.0542,0,100,83,70,1701,3504,2.20947,0,16.5692,3.96533,0,3400,63129949353
33.4473,29.8978,63.0542,0,100,83,70,1701,3504,2.20947,0,16.5692,3.96533,0,3400,63159848822
34.574,28.9234,63.0542,0,100,83,70,1701,3504,2.20947,0,16.5692,3.96533,0,3400,63188773155
31.5339,31.7119,63.0542,0,100,83,70,1701,3504,2.20947,0,16.5692,3.96533,0,3400,63220489995
37.509,26.6602,56.9682,0,100,83,71,1708,3504,2.20947,0,16.5845,3.96533,0,3400,63247149247
32.3086,30.9515,56.9682,0,100,83,71,1708,3504,2.20947,0,16.5845,3.96533,0,3400,63278100456
34.9619,28.6025,56.9682,0,100,83,71,1708,3504,2.20947,0,16.5845,3.96533,0,3400,63306714728
35.8437,27.8989,56.9682,0,100,83,71,1708,3504,2.20947,0,16.5845,3.96533,0,3400,63334612970
28.9435,34.5501,56.9682,0,100,83,71,1708,3504,2.20947,0,16.5845,3.96533,0,3400,63369164790
37.6068,26.5909,56.9682,0,100,83,71,1708,3504,2.20947,0,16.5845,3.96533,0,3400,63395758758
32.1975,31.0583,56.9682,0,100,83,71,1708,3504,2.20947,0,16.5845,3.96533,0,3400,63426816994
35.9483,27.8178,56.9682,0,100,83,71,1708,3504,2.20947,0,16.5845,3.96533,0,3400,63454636528
31.1005,32.1538,56.9682,0,100,83,71,1708,3504,2.20947,0,16.5845,3.96533,0,3400,63486803398
35.6918,28.0176,56.9682,0,100,83,71,1708,3504,2.20947,0,16.5845,3.96533,0,3400,63514813481
31.9213,31.327,56.9682,0,100,83,71,1708,3504,2.20947,0,16.5845,3.96533,0,3400,63546137450
34.0942,29.3305,56.9682,0,100,83,71,1708,3504,2.20947,0,16.5845,3.96533,0,3400,63575469806
34.4162,29.056,56.9682,0,100,83,71,1708,3504,2.20947,0,16.5845,3.96533,0,3400,63604526985
35.2185,28.3941,56.9682,0,100,83,71,1708,3504,2.20947,0,16.5845,3.96533,0,3400,63632922985
31.8706,31.3769,56.9682,0,100,83,71,1708,3504,2.20947,0,16.5845,3.96533,0,3400,63664300703
33.346,29.9886,56.9682,0,100,83,71,1708,3504,2.20947,0,16.5845,3.96533,0,3400,63694291114
31.5734,31.6722,56.9682,0,100,83,71,1708,3504,2.20947,0,16.5845,3.96533,0,3400,63725979404
34.0072,29.4055,55.1378,0,100,83,71,1708,3504,2.20947,0,16.5839,3.96533,0,3400,63755373452
34.6943,28.8232,55.1378,0,100,83,71,1708,3504,2.20947,0,16.5839,3.96533,0,3400,63784197594
30.5001,32.7868,55.1378,0,100,83,71,1708,3504,2.20947,0,16.5839,3.96533,0,3400,63816987656
33.9553,29.4505,55.1378,0,100,83,71,1708,3504,2.20947,0,16.5839,3.96533,0,3400,63846437818
36.9429,27.0688,55.1378,0,100,83,71,1708,3504,2.20947,0,16.5839,3.96533,0,3400,63873508980
33.1579,30.1587,55.1378,0,100,83,71,1708,3504,2.20947,0,16.5839,3.96533,0,3400,63903669234
33.8983,29.5,55.1378,0,100,83,71,1708,3504,2.20947,0,16.5839,3.96533,0,3400,63933170545
29.8704,33.478,55.1378,0,100,83,71,1708,3504,2.20947,0,16.5839,3.96533,0,3400,63966647831
36.6661,27.2732,55.1378,0,100,83,71,1708,3504,2.20947,0,16.5839,3.96533,0,3400,63993924891
34.2798,29.1717,55.1378,0,100,83,71,1708,3504,2.20947,0,16.5839,3.96533,0,3400,64023095595
34.6001,28.9016,55.1378,0,100,83,71,1708,3504,2.20947,0,16.5839,3.96533,0,3400,64051999017
29.0238,34.4544,55.1378,0,100,83,71,1708,3504,2.20947,0,16.5839,3.96533,0,3400,64086454588
36.5551,27.356,55.1378,0,100,83,71,1708,3504,2.20947,0,16.5839,3.96533,0,3400,64113811677
32.4245,30.8408,55.1378,0,100,83,71,1708,3504,2.20947,0,16.5839,3.96533,0,3400,64144653441
35.4507,28.2082,55.1378,0,100,83,71,1708,3504,2.20947,0,16.5839,3.96533,0,3400,64172863854
32.6331,30.6437,55.1378,0,100,83,71,1708,3504,2.20947,0,16.5839,3.96533,0,3400,64203507625
35.2627,28.3586,55.1378,0,100,83,71,1708,3504,2.20947,0,16.5839,3.96533,0,3400,64231871483
31.6027,31.6429,54.359,0,100,83,71,1708,3504,2.20947,0,16.5872,3.96533,0,3402,64263512243
30.7227,32.5493,54.359,0,100,83,71,1708,3504,2.20947,0,16.5872,3.96533,0,3402,64296060796
34.3462,29.1153,54.359,0,100,83,71,1708,3504,2.20947,0,16.5872,3.96533,0,3402,64325176676
36.5903,27.3296,54.359,0,100,83,71,1708,3504,2.20947,0,16.5872,3.96533,0,3402,64352508858
33.5165,29.836,54.359,0,100,83,71,1708,3504,2.20947,0,16.5872,3.96533,0,3402,64382345688
30.8424,32.4229,54.359,0,100,83,71,1708,3504,2.20947,0,16.5872,3.96533,0,3402,64414769265
37.6007,26.5953,54.359,0,100,83,71,1708,3504,2.20947,0,16.5872,3.96533,0,3402,64441366815
27.8764,35.8726,54.359,0,100,83,71,1708,3504,2.20947,0,16.5872,3.96533,0,3402,64477240043
38.4653,25.9974,54.359,0,100,83,71,1708,3504,2.20947,0,16.5872,3.96533,0,3402,64503240656
34.8571,28.6885,54.359,0,100,83,71,1708,3504,2.20947,0,16.5872,3.96533,0,3402,64531929585
30.6371,32.6402,54.359,0,100,83,71,1708,3504,2.20947,0,16.5872,3.96533,0,3402,64564570845
35.9392,27.8248,54.359,0,100,83,71,1708,3504,2.20947,0,16.5872,3.96533,0,3402,64592397745
31.612,31.6335,54.359,0,100,83,71,1708,3504,2.20947,0,16.5872,3.96533,0,3402,64624032188
34.5927,28.9078,54.359,0,100,83,71,1708,3504,2.20947,0,16.5872,3.96533,0,3402,64652940646
31.9502,31.2987,54.359,0,100,83,71,1708,3504,2.20947,0,16.5872,3.96533,0,3402,64684243563
37.1218,26.9384,54.359,0,100,83,71,1708,3504,2.20947,0,16.5872,3.96533,0,3402,64711181069
32.4622,30.8051,54.359,0,100,83,71,1708,3504,2.20947,0,16.5872,3.96533,0,3402,64741995031
32.9754,30.3256,55.25,0,100,82,71,1708,3504,2.20947,0,16.5875,3.96533,0,3406,64772315557
33.2649,30.0617,55.25,0,100,82,71,1708,3504,2.20947,0,16.5875,3.96533,0,3406,64802378957
33.5739,29.785,55.25,0,100,82,71,1708,3504,2.20947,0,16.5875,3.96533,0,3406,64832166147
35.2361,28.38,55.25,0,100,82,71,1708,3504,2.20947,0,16.5875,3.96533,0,3406,64860546250
31.4337,31.813,55.25,0,100,82,71,1708,3504,2.20947,0,16.5875,3.96533,0,3406,64892360772
32.6973,30.5835,55.25,0,100,82,71,1708,3504,2.20947,0,16.5875,3.96533,0,3406,64922945947
34.422,29.0512,55.25,0,100,82,71,1708,3504,2.20947,0,16.5875,3.96533,0,3406,64951998596
30.0345,33.295,55.25,0,100,82,71,1708,3504,2.20947,0,16.5875,3.96533,0,3406,64985294087
37.6243,26.5785,55.25,0,100,82,71,1708,3504,2.20947,0,16.5875,3.96533,0,3406,65011874279
33.8356,29.5547,55.25,0,100,82,71,1708,3504,2.20947,0,16.5875,3.96533,0,3406,65041430158
30.2,33.1126,55.25,0,100,82,71,1708,3504,2.20947,0,16.5875,3.96533,0,3406,65074544733
37.1152,26.9431,55.25,0,100,82,71,1708,3504,2.20947,0,16.5875,3.96533,0,3406,65101488296
31.8509,31.3963,55.25,0,100,82,71,1708,3504,2.20947,0,16.5875,3.96533,0,3406,65132885809
35.4359,28.22,55.25,0,100,82,71,1708,3504,2.20947,0,16.5875,3.96533,0,3406,65161108814
28.8754,34.6316,55.25,0,100,82,71,1708,3504,2.20947,0,16.5875,3.96533,0,3406,65195739788
32.3367,30.9246,55.25,0,100,82,71,1708,3504,2.20947,0,16.5875,3.96533,0,3406,65226666026
35.7585,27.9654,55.25,0,100,82,71,1708,3504,2.20947,0,16.5875,3.96533,0,3406,65254634841
35.6611,28.0418,55.611,0,100,82,71,1708,3504,2.20947,0,16.5883,3.96533,0,3400,65282675707
30.55,32.7332,55.611,0,100,82,71,1708,3504,2.20947,0,16.5883,3.96533,0,3400,65315409618
30.8341,32.4316,55.611,0,100,82,71,1708,3504,2.20947,0,16.5883,3.96533,0,3400,65347841021
38.9458,25.6767,55.611,0,100,82,71,1708,3504,2.20947,0,16.5883,3.96533,0,3400,65373520630
30.4803,32.8081,55.611,0,100,82,71,1708,3504,2.20947,0,16.5883,3.96533,0,3400,65406339275
35.3654,28.2762,55.611,0,100,82,71,1708,3504,2.20947,0,16.5883,3.96533,0,3400,65434609990
31.2745,31.975,55.611,0,100,82,71,1708,3504,2.20947,0,16.5883,3.96533,0,3400,65466585819
34.4409,29.0352,55.611,0,100,82,71,1708,3504,2.20947,0,16.5883,3.96533,0,3400,65495622719
34.2492,29.1977,55.611,0,100,82,71,1708,3504,2.20947,0,16.5883,3.96533,0,3400,65524822036
33.2248,30.098,55.611,0,100,82,71,1708,3504,2.20947,0,16.5883,3.96533,0,3400,65554920506
31.91,31.3381,55.611,0,100,82,71,1708,3504,2.20947,0,16.5883,3.96533,0,3400,65586260350
32.6391,30.6381,55.611,0,100,82,71,1708,3504,2.20947,0,16.5883,3.96533,0,3400,65616899355
31.5307,31.7151,55.611,0,100,82,71,1708,3504,2.20947,0,16.5883,3.96533,0,3400,65648616040
38.9453,25.677,55.611,0,100,82,71,1708,3504,2.20947,0,16.5883,3.96533,0,3400,65674294074
26.2949,38.0302,55.611,0,100,82,71,1708,3504,2.20947,0,16.5883,3.96533,0,3400,65712325348
39.7525,25.1557,55.611,0,100,82,71,1708,3504,2.20947,0,16.5883,3.96533,0,3400,65737483031
34.9578,28.6059,55.611,0,100,82,71,1708,3504,2.20947,0,16.5883,3.96533,0,3400,65766095124
30.864,32.4002,54.0741,0,100,82,71,1708,3504,2.20947,0,16.5883,3.96533,0,3400,65798492270
35.9323,27.8302,54.0741,0,100,82,71,1708,3504,2.20947,0,16.5883,3.96533,0,3400,65826322700
32.2044,31.0516,54.0741,0,100,82,71,1708,3504,2.20947,0,16.5883,3.96533,0,3400,65857376604
30.3374,32.9626,54.0741,0,100,82,71,1708,3504,2.20947,0,16.5883,3.96533,0,3400,65890339635
37.6345,26.5714,54.0741,0,100,82,71,1708,3504,2.20947,0,16.5883,3.96533,0,3400,65916912503
29.9245,33.4174,54.0741,0,100,82,71,1708,3504,2.20947,0,16.5883,3.96533,0,3400,65950331114
34.3209,29.1368,54.0741,0,100,82,71,1708,3504,2.20947,0,16.5883,3.96533,0,3400,65979468537
34.5101,28.977,54.0741,0,100,82,71,1708,3504,2.20947,0,16.5883,3.96533,0,3400,66008447167
31.7408,31.5052,54.0741,0,100,82,71,1708,3504,2.20947,0,16.5883,3.96533,0,3400,66039954346
36.022,27.7608,54.0741,0,100,82,71,1708,3504,2.20947,0,16.5883,3.96533,0,3400,66067714959
29.6008,33.7829,54.0741,0,100,82,71,1708,3504,2.20947,0,16.5883,3.96533,0,3400,66101499558
35.3657,28.276,54.0741,0,100,82,71,1708,3504,2.20947,0,16.5883,3.96533,0,3400,66129776949
34.0433,29.3743,54.0741,0,100,82,71,1708,3504,2.20947,0,16.5883,3.96533,0,3400,66159152740
29.5764,33.8107,54.0741,0,100,82,71,1708,3504,2.20947,0,16.5883,3.96533,0,3400,66192963784
33.137,30.1777,54.0741,0,100,82,71,1708,3504,2.20947,0,16.5883,3.96533,0,3400,66223144147
36.6809,27.2622,54.0741,0,100,82,71,1708,3504,2.20947,0,16.5883,3.96533,0,3400,66250405443
33.1087,30.2036,54.0741,0,100,82,71,1708,3504,2.20947,0,16.5883,3.96533,0,3400,66280619502
21.6438,46.2026,55.7178,0,100,82,71,1708,3504,2.20947,0,16.5885,3.96533,0,3400,66326815799
53.5931,18.6591,55.7178,0,100,82,71,1708,3504,2.20947,0,16.5885,3.96533,0,3400,66345477474
36.1628,27.6527,55.7178,0,100,82,71,1708,3504,2.20947,0,16.5885,3.96533,0,3400,66373132260
30.6388,32.6383,55.7178,0,100,82,71,1708,3504,2.20947,0,16.5885,3.96533,0,3400,66405772995
31.8624,31.385,55.7178,0,100,82,71,1708,3504,2.20947,0,16.5885,3.96533,0,3400,66437157692
38.0593,26.2748,55.7178,0,100,82,71,1708,3504,2.20947,0,16.5885,3.96533,0,3400,66463434754
27.846,35.9118,55.7178,0,100,82,71,1708,3504,2.20947,0,16.5885,3.96533,0,3400,66499347500
30.4812,32.8071,55.7178,0,100,82,71,1708,3504,2.20947,0,16.5885,3.96533,0,3400,66532159382
36.7472,27.213,55.7178,0,100,82,71,1708,3504,2.20947,0,16.5885,3.96533,0,3400,66559371179
33.7725,29.6098,55.7178,0,100,82,71,1708,3504,2.20947,0,16.5885,3.96533,0,3400,66588983596
29.4008,34.0127,55.7178,0,100,82,71,1708,3504,2.20947,0,16.5885,3.96533,0,3400,66622995537
33.6402,29.7264,55.7178,0,100,82,71,1708,3504,2.20947,0,16.5885,3.96533,0,3400,66652722384
35.6044,28.0864,55.7178,0,100,82,71,1708,3504,2.20947,0,16.5885,3.96533,0,3400,66680811170
34.6928,28.8244,55.7178,0,100,82,71,1708,3504,2.20947,0,16.5885,3.96533,0,3400,66709636361
30.4298,32.8626,55.7178,0,100,82,71,1708,3504,2.20947,0,16.5885,3.96533,0,3400,66742500331
30.4687,32.8205,55.7178,0,100,82,71,1708,3504,2.20947,0,16.5885,3.96533,0,3400,66775320658
38.8081,25.7678,55.7178,0,100,82,71,1708,3504,2.20947,0,16.5885,3.96533,0,3400,66801094257
29.8736,33.4743,55.8252,0,100,89,71,1708,3504,2.20947,0,16.5885,3.96533,0,3412,66834566456
32.1252,31.1282,55.8252,0,100,89,71,1708,3504,2.20947,0,16.5885,3.96533,0,3412,66865694878
34.7099,28.8102,55.8252,0,100,89,71,1708,3504,2.20947,0,16.5885,3.96533,0,3412,66894509114
29.4913,33.9083,55.8252,0,100,89,71,1708,3504,2.20947,0,16.5885,3.96533,0,3412,66928416184
37.3077,26.8041,55.8252,0,100,89,71,1708,3504,2.20947,0,16.5885,3.96533,0,3412,66955222447
33.4547,29.8911,55.8252,0,100,89,71,1708,3504,2.20947,0,16.5885,3.96533,0,3412,66985115944
32.2502,31.0075,55.8252,0,100,89,71,1708,3504,2.20947,0,16.5885,3.96533,0,3412,67016125029
34.0411,29.3762,55.8252,0,100,89,71,1708,3504,2.20947,0,16.5885,3.96533,0,3412,67045503335
28.6204,34.9401,55.8252,0,100,89,71,1708,3504,2.20947,0,16.5885,3.96533,0,3412,67080443547
31.7661,31.4801,55.8252,0,100,89,71,1708,3504,2.20947,0,16.5885,3.96533,0,3412,67111924292
33.7631,29.6182,55.8252,0,100,89,71,1708,3504,2.20947,0,16.5885,3.96533,0,3412,67141551129
34.8652,28.6819,55.8252,0,100,89,71,1708,3504,2.20947,0,16.5885,3.96533,0,3412,67170230019
30.8904,32.3725,55.8252,0,100,89,71,1708,3504,2.20947,0,16.5885,3.96533,0,3412,67202617958
32.7257,30.557,55.8252,0,100,89,71,1708,3504,2.20947,0,16.5885,3.96533,0,3412,67233175108
25.4598,39.2776,55.8252,0,100,89,71,1708,3504,2.20947,0,16.5885,3.96533,0,3412,67272453787
35.8986,27.8562,55.8252,0,100,89,71,1708,3504,2.20947,0,16.5885,3.96533,0,3412,67300310974
39,25.641,55.8252,0,100,89,71,1708,3504,2.20947,0,16.5885,3.96533,0,3412,67325961752
31.9567,31.2923,57.2447,0,100,89,71,1698,3504,2.20947,0,16.6037,3.96533,0,3415,67357249726
34.1238,29.305,57.2447,0,100,89,71,1698,3504,2.20947,0,16.6037,3.96533,0,3415,67386554736
27.9098,35.8297,57.2447,0,100,89,71,1698,3504,2.20947,0,16.6037,3.96533,0,3415,67422387546
32.4399,30.8262,57.2447,0,100,89,71,1698,3504,2.20947,0,16.6037,3.96533,0,3415,67453214965
33.7227,29.6536,57.2447,0,100,89,71,1698,3504,2.20947,0,16.6037,3.96533,0,3415,67482870092
33.2,30.1205,57.2447,0,100,89,71,1698,3504,2.20947,0,16.6037,3.96533,0,3415,67512991879
33.177,30.1414,57.2447,0,100,89,71,1698,3504,2.20947,0,16.6037,3.96533,0,3415,67543133459
33.683,29.6886,57.2447,0,100,89,71,1698,3504,2.20947,0,16.6037,3.96533,0,3415,67572825893
31.9916,31.2582,57.2447,0,100,89,71,1698,3504,2.20947,0,16.6037,3.96533,0,3415,67604087461
32.4511,30.8156,57.2447,0,100,89,71,1698,3504,2.20947,0,16.6037,3.96533,0,3415,67634907096
32.0076,31.2426,57.2447,0,100,89,71,1698,3504,2.20947,0,16.6037,3.96533,0,3415,67666152681
28.9714,34.5167,57.2447,0,100,89,71,1698,3504,2.20947,0,16.6037,3.96533,0,3415,67700667230
36.9768,27.044,57.2447,0,100,89,71,1698,3504,2.20947,0,16.6037,3.96533,0,3415,67727713795
28.22,35.4359,57.2447,0,100,89,71,1698,3504,2.20947,0,16.6037,3.96533,0,3415,67763157343
31.8166,31.4302,57.2447,0,100,89,71,1698,3504,2.20947,0,16.6037,3.96533,0,3415,67794583221
36.7985,27.175,57.2447,0,100,89,71,1698,3504,2.20947,0,16.6037,3.96533,0,3415,67821760671
29.989,33.3455,57.2447,0,100,89,71,1698,3504,2.20947,0,16.6037,3.96533,0,3415,67855115365
38.2395,26.151,63.9423,0,100,86,71,1695,3504,2.20947,0,16.5966,3.96533,0,3400,67881260493
31.1524,32.1003,63.9423,0,100,86,71,1695,3504,2.20947,0,16.5966,3.96533,0,3400,67913367718
31.1512,32.1015,63.9423,0,100,86,71,1695,3504,2.20947,0,16.5966,3.96533,0,3400,67945464798
34.5158,28.9722,63.9423,0,100,86,71,1695,3504,2.20947,0,16.5966,3.96533,0,3400,67974438734
34.4719,29.0092,63.9423,0,100,86,71,1695,3504,2.20947,0,16.5966,3.96533,0,3400,68003449234
29.4594,33.945,63.9423,0,100,86,71,1695,3504,2.20947,0,16.5966,3.96533,0,3400,68037394232
31.3181,31.9304,63.9423,0,100,86,71,1695,3504,2.20947,0,16.5966,3.96533,0,3400,68069326679
34.3794,29.0872,63.9423,0,100,86,71,1695,3504,2.20947,0,16.5966,3.96533,0,3400,68098416095
31.5942,31.6514,63.9423,0,100,86,71,1695,3504,2.20947,0,16.5966,3.96533,0,3400,68130067633
34.2873,29.1653,63.9423,0,100,86,71,1695,3504,2.20947,0,16.5966,3.96533,0,3400,68159235065
28.4739,35.1199,63.9423,0,100,86,71,1695,3504,2.20947,0,16.5966,3.96533,0,3400,68194356331
36.7171,27.2352,63.9423,0,100,86,71,1695,3504,2.20947,0,16.5966,3.96533,0,3400,68221594496
28.7683,34.7605,63.9423,0,100,86,71,1695,3504,2.20947,0,16.5966,3.96533,0,3400,68256354202
27.7599,36.0232,63.9423,0,100,86,71,1695,3504,2.20947,0,16.5966,3.96533,0,3400,68292378671
35.2868,28.3392,63.9423,0,100,86,71,1695,3504,2.20947,0,16.5966,3.96533,0,3400,68320720599
34.2775,29.1736,63.9423,0,100,86,71,1695,3504,2.20947,0,16.5966,3.96533,0,3400,68349895021
30.6331,32.6444,63.9423,0,100,86,71,1695,3504,2.20947,0,16.5966,3.96533,0,3400,68382675598
37.6145,26.5855,58.4323,0,100,86,71,1695,3504,2.20947,0,16.5827,3.96533,0,3401,68409127155
7.40988,134.955,58.4323,0,100,86,71,1695,3504,2.20947,0,16.5827,3.96533,0,3401,68544084117
78.5825,12.7255,58.4323,0,100,86,71,1695,3504,2.20947,0,16.5827,3.96533,0,3401,68556809752
30.0962,33.2268,58.4323,0,100,86,71,1695,3504,2.20947,0,16.5827,3.96533,0,3401,68590039581
31.3601,31.8877,58.4323,0,100,86,71,1695,3504,2.20947,0,16.5827,3.96533,0,3401,68621927705
36.1391,27.6708,58.4323,0,100,86,71,1695,3504,2.20947,0,16.5827,3.96533,0,3401,68649600868
29.7056,33.6636,58.4323,0,100,86,71,1695,3504,2.20947,0,16.5827,3.96533,0,3401,68683264714
34.0449,29.373,58.4323,0,100,86,71,1695,3504,2.20947,0,16.5827,3.96533,0,3401,68712637834
30.6832,32.5911,58.4323,0,100,86,71,1695,3504,2.20947,0,16.5827,3.96533,0,3401,68745229906
33.993,29.4179,58.4323,0,100,86,71,1695,3504,2.20947,0,16.5827,3.96533,0,3401,68774650631
32.5753,30.6981,58.4323,0,100,86,71,1695,3504,2.20947,0,16.5827,3.96533,0,3401,68805349193
29.1995,34.2471,58.4323,0,100,86,71,1695,3504,2.20947,0,16.5827,3.96533,0,3401,68839596645
35.1492,28.4502,58.4323,0,100,86,71,1695,3504,2.20947,0,16.5827,3.96533,0,3401,68868048528
33.3406,29.9934,58.4323,0,100,86,71,1695,3504,2.20947,0,16.5827,3.96533,0,3401,68898325184
30.1178,33.203,47.7941,0,93,83,71,1695,3504,2.20947,0,16.5829,3.96533,0,3400,68931252691
31.7837,31.4627,47.7941,0,93,83,71,1695,3504,2.20947,0,16.5829,3.96533,0,3400,68962715304
27.613,36.2148,47.7941,0,93,83,71,1695,3504,2.20947,0,16.5829,3.96533,0,3400,68998931872
34.9353,28.6243,47.7941,0,93,83,71,1695,3504,2.20947,0,16.5829,3.96533,0,3400,69027556925
33.8231,29.5656,47.7941,0,93,83,71,1695,3504,2.20947,0,16.5829,3.96533,0,3400,69057123746
27.6169,36.2097,47.7941,0,93,83,71,1695,3504,2.20947,0,16.5829,3.96533,0,3400,69093335379
35.5776,28.1075,47.7941,0,93,83,71,1695,3504,2.20947,0,16.5829,3.96533,0,3400,69121444231
29.3616,34.0581,47.7941,0,93,83,71,1695,3504,2.20947,0,16.5829,3.96533,0,3400,69155504520
32.175,31.08,47.7941,0,93,83,71,1695,3504,2.20947,0,16.5829,3.96533,0,3400,69186585228
35.0062,28.5663,47.7941,0,93,83,71,1695,3504,2.20947,0,16.5829,3.96533,0,3400,69215153065
28.5321,35.0483,47.7941,0,93,83,71,1695,3504,2.20947,0,16.5829,3.96533,0,3400,69250203415
31.4735,31.7728,47.7941,0,93,83,71,1695,3504,2.20947,0,16.5829,3.96533,0,3400,69281976682
37.0651,26.9796,47.7941,0,93,83,71,1695,3504,2.20947,0,16.5829,3.96533,0,3400,69308958660
26.6064,37.5849,47.7941,0,93,83,71,1695,3504,2.20947,0,16.5829,3.96533,0,3400,69346544869
28.771,34.7572,47.7941,0,93,83,71,1695,3504,2.20947,0,16.5829,3.96533,0,3400,69381302445
38.195,26.1814,47.7941,0,93,83,71,1695,3504,2.20947,0,16.5829,3.96533,0,3400,69407489323
37.2456,26.8488,59.9022,0,94,83,71,1695,3504,2.20947,0,16.572,3.96533,0,3401,69434336508
28.2268,35.4273,59.9022,0,94,83,71,1695,3504,2.20947,0,16.572,3.96533,0,3401,69469765581
32.4605,30.8067,59.9022,0,94,83,71,1695,3504,2.20947,0,16.572,3.96533,0,3401,69500573291
32.3811,30.8822,59.9022,0,94,83,71,1695,3504,2.20947,0,16.572,3.96533,0,3401,69531456873
27.1887,36.78,59.9022,0,94,83,71,1695,3504,2.20947,0,16.572,3.96533,0,3401,69568249798
36.2842,27.5602,59.9022,0,94,83,71,1695,3504,2.20947,0,16.572,3.96533,0,3401,69595799670
29.3438,34.0787,59.9022,0,94,83,71,1695,3504,2.20947,0,16.572,3.96533,0,3401,69629878818
35.6161,28.0772,59.9022,0,94,83,71,1695,3504,2.20947,0,16.572,3.96533,0,3401,69657957632
29.6922,33.6789,59.9022,0,94,83,71,1695,3504,2.20947,0,16.572,3.96533,0,3401,69691637905
34.6245,28.8813,59.9022,0,94,83,71,1695,3504,2.20947,0,16.572,3.96533,0,3401,69720519810
31.5829,31.6627,59.9022,0,94,83,71,1695,3504,2.20947,0,16.572,3.96533,0,3401,69752185249
27.5218,36.3348,59.9022,0,94,83,71,1695,3504,2.20947,0,16.572,3.96533,0,3401,69788519442
36.9213,27.0846,59.9022,0,94,83,71,1695,3504,2.20947,0,16.572,3.96533,0,3401,69815606555
28.9099,34.5903,59.9022,0,94,83,71,1695,3504,2.20947,0,16.572,3.96533,0,3401,69850197491
35.1211,28.4729,59.9022,0,94,83,71,1695,3504,2.20947,0,16.572,3.96533,0,3401,69878671892
28.9388,34.5556,59.9022,0,94,83,71,1695,3504,2.20947,0,16.572,3.96533,0,3401,69913246450
32.5019,30.7674,58.25,0,100,84,72,1695,3504,2.20947,0,16.572,3.96533,0,3400,69943996749
36.0103,27.7698,58.25,0,100,84,72,1695,3504,2.20947,0,16.572,3.96533,0,3400,69971769636
29.9914,33.3429,58.25,0,100,84,72,1695,3504,2.20947,0,16.572,3.96533,0,3400,70005110402
30.2971,33.0065,58.25,0,100,84,72,1695,3504,2.20947,0,16.572,3.96533,0,3400,70038120444
33.6609,29.7081,58.25,0,100,84,72,1695,3504,2.20947,0,16.572,3.96533,0,3400,70067830153
28.6282,34.9305,58.25,0,100,84,72,1695,3504,2.20947,0,16.572,3.96533,0,3400,70102760465
31.1976,32.0537,58.25,0,100,84,72,1695,3504,2.20947,0,16.572,3.96533,0,3400,70134815008
36.1062,27.6961,58.25,0,100,84,72,1695,3504,2.20947,0,16.572,3.96533,0,3400,70162512307
27.4927,36.3733,58.25,0,100,84,72,1695,3504,2.20947,0,16.572,3.96533,0,3400,70198887808
28.836,34.6788,58.25,0,100,84,72,1695,3504,2.20947,0,16.572,3.96533,0,3400,70233567071
35.323,28.3102,58.25,0,100,84,72,1695,3504,2.20947,0,16.572,3.96533,0,3400,70261879932
38.031,26.2943,58.25,0,100,84,72,1695,3504,2.20947,0,16.572,3.96533,0,3400,70288174517
27.111,36.8854,58.25,0,100,84,72,1695,3504,2.20947,0,16.572,3.96533,0,3400,70325064314
16.295,61.3684,58.25,0,100,84,72,1695,3504,2.20947,0,16.572,3.96533,0,3400,70386431935
110.413,9.05693,58.25,0,100,84,72,1695,3504,2.20947,0,16.572,3.96533,0,3400,70395489133
24.8406,40.2566,58.25,0,100,84,72,1695,3504,2.20947,0,16.572,3.96533,0,3400,70435771889
32.9813,30.3202,56.6586,0,100,84,72,1695,3504,2.20947,0,16.5717,3.96533,0,3401,70466068064
31.16,32.0924,56.6586,0,100,84,72,1695,3504,2.20947,0,16.5717,3.96533,0,3401,70498162837
37.5756,26.613,56.6586,0,100,84,72,1695,3504,2.20947,0,16.5717,3.96533,0,3401,70524775627
26.5306,37.6924,56.6586,0,100,84,72,1695,3504,2.20947,0,16.5717,3.96533,0,3401,70562484176
31.5389,31.7069,56.6586,0,100,84,72,1695,3504,2.20947,0,16.5717,3.96533,0,3401,70594178033
33.9961,29.4151,56.6586,0,100,84,72,1695,3504,2.20947,0,16.5717,3.96533,0,3401,70623595029
31.1917,32.0598,56.6586,0,100,84,72,1695,3504,2.20947,0,16.5717,3.96533,0,3401,70655656736
34.6249,28.8809,56.6586,0,100,84,72,1695,3504,2.20947,0,16.5717,3.96533,0,3401,70684541615
27.7199,36.0752,56.6586,0,100,84,72,1695,3504,2.20947,0,16.5717,3.96533,0,3401,70720616475
32.0074,31.2428,56.6586,0,100,84,72,1695,3504,2.20947,0,16.5717,3.96533,0,3401,70751860534
34.8166,28.722,56.6586,0,100,84,72,1695,3504,2.20947,0,16.5717,3.96533,0,3401,70780583619
29.7637,33.598,56.6586,0,100,84,72,1695,3504,2.20947,0,16.5717,3.96533,0,3401,70814183633
35.4659,28.1961,56.6586,0,100,84,72,1695,3504,2.20947,0,16.5717,3.96533,0,3401,70842379674
32.3648,30.8977,56.6586,0,100,84,72,1695,3504,2.20947,0,16.5717,3.96533,0,3401,70873279613
29.6864,33.6854,56.6586,0,100,84,72,1695,3504,2.20947,0,16.5717,3.96533,0,3401,70906966152
29.1272,34.3322,56.6586,0,100,84,72,1695,3504,2.20947,0,16.5717,3.96533,0,3401,70941301899
35.7163,27.9984,58.1047,0,99,89,71,1695,3504,2.20947,0,16.5719,3.96533,0,3400,70969322159
30.8165,32.4502,58.1047,0,99,89,71,1695,3504,2.20947,0,16.5719,3.96533,0,3400,71001762506
31.0253,32.2318,58.1047,0,99,89,71,1695,3504,2.20947,0,16.5719,3.96533,0,3400,71033993386
32.9843,30.3174,58.1047,0,99,89,71,1695,3504,2.20947,0,16.5719,3.96533,0,3400,71064317720
30.2355,33.0737,58.1047,0,99,89,71,1695,3504,2.20947,0,16.5719,3.96533,0,3400,71097388827
30.1155,33.2055,58.1047,0,99,89,71,1695,3504,2.20947,0,16.5719,3.96533,0,3400,71130596855
36.1419,27.6687,58.1047,0,99,89,71,1695,3504,2.20947,0,16.5719,3.96533,0,3400,71158266557
26.8909,37.1873,58.1047,0,99,89,71,1695,3504,2.20947,0,16.5719,3.96533,0,3400,71195453783
40.8988,24.4506,58.1047,0,99,89,71,1695,3504,2.20947,0,16.5719,3.96533,0,3400,71219906373
24.7533,40.3986,58.1047,0,99,89,71,1695,3504,2.20947,0,16.5719,3.96533,0,3400,71260305577
34.9344,28.6251,58.1047,0,99,89,71,1695,3504,2.20947,0,16.5719,3.96533,0,3400,71288932702
32.9764,30.3247,58.1047,0,99,89,71,1695,3504,2.20947,0,16.5719,3.96533,0,3400,71319258412
31.6158,31.6298,58.1047,0,99,89,71,1695,3504,2.20947,0,16.5719,3.96533,0,3400,71350889968
30.3702,32.9271,58.1047,0,99,89,71,1695,3504,2.20947,0,16.5719,3.96533,0,3400,71383818426
36.8146,27.1631,58.1047,0,99,89,71,1695,3504,2.20947,0,16.5719,3.96533,0,3400,71410981678
31.9877,31.262,58.1047,0,99,89,71,1695,3504,2.20947,0,16.5719,3.96533,0,3400,71442249391
30.5407,32.7432,58.7654,0,98,89,72,1695,3504,2.20947,0,16.5717,3.96533,0,3400,71474990601
37.5522,26.6296,58.7654,0,98,89,72,1695,3504,2.20947,0,16.5717,3.96533,0,3400,71501621645
27.4618,36.4142,58.7654,0,98,89,72,1695,3504,2.20947,0,16.5717,3.96533,0,3400,71538036055
34.7265,28.7965,58.7654,0,98,89,72,1695,3504,2.20947,0,16.5717,3.96533,0,3400,71566834053
31.1202,32.1335,58.7654,0,98,89,72,1695,3504,2.20947,0,16.5717,3.96533,0,3400,71598969226
33.9806,29.4286,58.7654,0,98,89,72,1695,3504,2.20947,0,16.5717,3.96533,0,3400,71628398390
31.738,31.5079,58.7654,0,98,89,72,1695,3504,2.20947,0,16.5717,3.96533,0,3400,71659908214
32.0608,31.1907,58.7654,0,98,89,72,1695,3504,2.20947,0,16.5717,3.96533,0,3400,71691099989
30.3254,32.9757,58.7654,0,98,89,72,1695,3504,2.20947,0,16.5717,3.96533,0,3400,71724077708
33.1144,30.1983,58.7654,0,98,89,72,1695,3504,2.20947,0,16.5717,3.96533,0,3400,71754276602
31.7903,31.4561,58.7654,0,98,89,72,1695,3504,2.20947,0,16.5717,3.96533,0,3400,71785733943
31.413,31.8339,58.7654,0,98,89,72,1695,3504,2.20947,0,16.5717,3.96533,0,3400,71817569821
30.6901,32.5838,58.7654,0,98,89,72,1695,3504,2.20947,0,16.5717,3.96533,0,3400,71850155040
34.0108,29.4024,58.7654,0,98,89,72,1695,3504,2.20947,0,16.5717,3.96533,0,3400,71879558104
30.4016,32.893,58.7654,0,98,89,72,1695,3504,2.20947,0,16.5717,3.96533,0,3400,71912453118
29.7393,33.6255,58.7654,0,98,89,72,1695,3504,2.20947,0,16.5717,3.96533,0,3400,71946608074
28.5225,35.06,51.1166,0,100,90,72,1695,3504,2.20947,0,16.5715,3.96533,0,3400,71981141313
37.745,26.4936,51.1166,0,100,90,72,1695,3504,2.20947,0,16.5715,3.96533,0,3400,72007635107
29.7191,33.6484,51.1166,0,100,90,72,1695,3504,2.20947,0,16.5715,3.96533,0,3400,72041291440
32.7156,30.5664,51.1166,0,100,90,72,1695,3504,2.20947,0,16.5715,3.96533,0,3400,72071857236
28.4899,35.1002,51.1166,0,100,90,72,1695,3504,2.20947,0,16.5715,3.96533,0,3400,72106959959
30.5391,32.7449,51.1166,0,100,90,72,1695,3504,2.20947,0,16.5715,3.96533,0,3400,72139705576
31.4897,31.7564,51.1166,0,100,90,72,1695,3504,2.20947,0,16.5715,3.96533,0,3400,72171464175
34.9038,28.6502,51.1166,0,100,90,72,1695,3504,2.20947,0,16.5715,3.96533,0,3400,72200116568
31.7108,31.535,51.1166,0,100,90,72,1695,3504,2.20947,0,16.5715,3.96533,0,3400,72231655365
29.6971,33.6733,51.1166,0,100,90,72,1695,3504,2.20947,0,16.5715,3.96533,0,3400,72265328107
29.3285,34.0965,51.1166,0,100,90,72,1695,3504,2.20947,0,16.5715,3.96533,0,3400,72299429593
30.5078,32.7785,51.1166,0,100,90,72,1695,3504,2.20947,0,16.5715,3.96533,0,3400,72332208802
32.4391,30.827,51.1166,0,100,90,72,1695,3504,2.20947,0,16.5715,3.96533,0,3400,72363035776
31.4149,31.832,51.1166,0,100,90,72,1695,3504,2.20947,0,16.5715,3.96533,0,3400,72394868691
31.5376,31.7082,51.1166,0,100,90,72,1695,3504,2.20947,0,16.5715,3.96533,0,3400,72426580868
31.164,32.0883,51.1166,0,100,90,72,1695,3504,2.20947,0,16.5715,3.96533,0,3400,72458670796
30.9389,32.3217,56.1097,0,100,90,72,1695,3504,2.20947,0,16.5716,3.96533,0,3400,72490990971
33.2653,30.0613,56.1097,0,100,90,72,1695,3504,2.20947,0,16.5716,3.96533,0,3400,72521054321
31.3068,31.9419,56.1097,0,100,90,72,1695,3504,2.20947,0,16.5716,3.96533,0,3400,72552996337
30.9649,32.2946,56.1097,0,100,90,72,1695,3504,2.20947,0,16.5716,3.96533,0,3400,72585291773
35.7901,27.9407,56.1097,0,100,90,72,1695,3504,2.20947,0,16.5716,3.96533,0,3400,72613233721
29.7433,33.621,56.1097,0,100,90,72,1695,3504,2.20947,0,16.5716,3.96533,0,3400,72646857103
36.0317,27.7534,56.1097,0,100,90,72,1695,3504,2.20947,0,16.5716,3.96533,0,3400,72674612099
31.5634,31.6823,56.1097,0,100,90,72,1695,3504,2.20947,0,16.5716,3.96533,0,3400,72706294160
29.2417,34.1977,56.1097,0,100,90,72,1695,3504,2.20947,0,16.5716,3.96533,0,3400,72740492615
36.0872,27.7107,56.1097,0,100,90,72,1695,3504,2.20947,0,16.5716,3.96533,0,3400,72768206099
31.8232,31.4236,56.1097,0,100,90,72,1695,3504,2.20947,0,16.5716,3.96533,0,3400,72799629200
36.0211,27.7615,56.1097,0,100,90,72,1695,3504,2.20947,0,16.5716,3.96533,0,3400,72827415205
31.4224,31.8244,56.1097,0,100,90,72,1695,3504,2.20947,0,16.5716,3.96533,0,3400,72859219827
33.6533,29.7147,56.1097,0,100,90,72,1695,3504,2.20947,0,16.5716,3.96533,0,3400,72888935141
28.9635,34.5262,56.1097,0,100,90,72,1695,3504,2.20947,0,16.5716,3.96533,0,3400,72923462346
40.3343,24.7928,56.1097,0,100,90,72,1695,3504,2.20947,0,16.5716,3.96533,0,3400,72948256182
28.7392,34.7957,56.1097,0,100,90,72,1695,3504,2.20947,0,16.5716,3.96533,0,3400,72983060178
36.062,27.73,56.3415,0,100,90,72,1695,3504,2.20947,0,16.5867,3.96533,0,3400,73010785809
33.7079,29.6667,56.3415,0,100,90,72,1695,3504,2.20947,0,16.5867,3.96533,0,3400,73040452464
29.7941,33.5636,56.3415,0,100,90,72,1695,3504,2.20947,0,16.5867,3.96533,0,3400,73074018496
29.4982,33.9003,56.3415,0,100,90,72,1695,3504,2.20947,0,16.5867,3.96533,0,3400,73107918390
35.0886,28.4993,56.3415,0,100,90,72,1695,3504,2.20947,0,16.5867,3.96533,0,3400,73136418620
40.2772,24.8279,56.3415,0,100,90,72,1695,3504,2.20947,0,16.5867,3.96533,0,3400,73161249185
19.2932,51.8316,56.3415,0,100,90,72,1695,3504,2.20947,0,16.5867,3.96533,0,3400,73213081569
17.1015,58.4742,56.3415,0,100,90,72,1695,3504,2.20947,0,16.5867,3.96533,0,3400,73271556812
47.3379,21.1247,56.3415,0,100,90,72,1695,3504,2.20947,0,16.5867,3.96533,0,3400,73292683054
33.0961,30.215,56.3415,0,100,90,72,1695,3504,2.20947,0,16.5867,3.96533,0,3400,73322899369
33.1613,30.1556,56.3415,0,100,90,72,1695,3504,2.20947,0,16.5867,3.96533,0,3400,73353056907
37.6587,26.5543,56.3415,0,100,90,72,1695,3504,2.20947,0,16.5867,3.96533,0,3400,73379612379
27.0252,37.0026,56.3415,0,100,90,72,1695,3504,2.20947,0,16.5867,3.96533,0,3400,73416620255
59.239,16.8808,56.3415,0,100,90,72,1695,3504,2.20947,0,16.5867,3.96533,0,3400,73433499731
35.5255,28.1488,56.3415,0,100,90,72,1695,3504,2.20947,0,16.5867,3.96533,0,3400,73461649599
31.0624,32.1933,56.3415,0,100,90,72,1695,3504,2.20947,0,16.5867,3.96533,0,3400,73493847048
38.3029,26.1077,72.2922,0,100,90,72,1695,3504,2.20947,0,16.3897,3.97583,0,3400,73519953688
33.9022,29.4966,72.2922,0,100,90,72,1695,3504,2.20947,0,16.3897,3.97583,0,3400,73549451318
33.8547,29.538,72.2922,0,100,90,72,1695,3504,2.20947,0,16.3897,3.97583,0,3400,73578990196
31.4075,31.8395,72.2922,0,100,90,72,1695,3504,2.20947,0,16.3897,3.97583,0,3400,73610830387
37.6229,26.5795,72.2922,0,100,90,72,1695,3504,2.20947,0,16.3897,3.97583,0,3400,73637411864
29.7508,33.6125,72.2922,0,100,90,72,1695,3504,2.20947,0,16.3897,3.97583,0,3400,73671025473
32.8588,30.4333,72.2922,0,100,90,72,1695,3504,2.20947,0,16.3897,3.97583,0,3400,73701462306
34.5652,28.9308,72.2922,0,100,90,72,1695,3504,2.20947,0,16.3897,3.97583,0,3400,73730393001
31.5803,31.6653,72.2922,0,100,90,72,1695,3504,2.20947,0,16.3897,3.97583,0,3400,73762089304
35.2583,28.3621,72.2922,0,100,90,72,1695,3504,2.20947,0,16.3897,3.97583,0,3400,73790423051
36.9484,27.0647,72.2922,0,100,90,72,1695,3504,2.20947,0,16.3897,3.97583,0,3400,73817488164
30.8389,32.4266,72.2922,0,100,90,72,1695,3504,2.20947,0,16.3897,3.97583,0,3400,73849916356
35.8264,27.9124,72.2922,0,100,90,72,1695,3504,2.20947,0,16.3897,3.97583,0,3400,73877829747
35.1828,28.423,72.2922,0,100,90,72,1695,3504,2.20947,0,16.3897,3.97583,0,3400,73906253840
37.6622,26.5518,72.2922,0,100,90,72,1695,3504,2.20947,0,16.3897,3.97583,0,3400,73932808577
37.0846,26.9654,72.2922,0,100,90,72,1695,3504,2.20947,0,16.3897,3.97583,0,3400,73959773922
36.9308,27.0777,72.2922,0,100,90,72,1695,3504,2.20947,0,16.3897,3.97583,0,3400,73986852977
31.8885,31.3593,72.2922,0,100,90,72,1695,3504,2.20947,0,16.3897,3.97583,0,3400,74018218353
41.0463,24.3628,63.2212,0,96,88,71,1695,3504,2.20947,0,16.3748,3.97583,0,3400,74042577147
35.7478,27.9738,63.2212,0,96,88,71,1695,3504,2.20947,0,16.3748,3.97583,0,3400,74070552328
41.3795,24.1666,63.2212,0,96,88,71,1695,3504,2.20947,0,16.3748,3.97583,0,3400,74094720282
35.9339,27.8289,63.2212,0,96,88,71,1695,3504,2.20947,0,16.3748,3.97583,0,3400,74122550087
36.1396,27.6705,63.2212,0,96,88,71,1695,3504,2.20947,0,16.3748,3.97583,0,3400,74150222293
36.4855,27.4082,63.2212,0,96,88,71,1695,3504,2.20947,0,16.3748,3.97583,0,3400,74177632479
35.8283,27.9109,63.2212,0,96,88,71,1695,3504,2.20947,0,16.3748,3.97583,0,3400,74205544070
35.1066,28.4847,63.2212,0,96,88,71,1695,3504,2.20947,0,16.3748,3.97583,0,3400,74234030529
37.1549,26.9144,63.2212,0,96,88,71,1695,3504,2.20947,0,16.3748,3.97583,0,3400,74260945316
36.952,27.0621,63.2212,0,96,88,71,1695,3504,2.20947,0,16.3748,3.97583,0,3400,74288008632
37.1686,26.9045,63.2212,0,96,88,71,1695,3504,2.20947,0,16.3748,3.97583,0,3400,74314913941
33.9991,29.4126,63.2212,0,96,88,71,1695,3504,2.20947,0,16.3748,3.97583,0,3400,74344327547
38.5737,25.9244,63.2212,0,96,88,71,1695,3504,2.20947,0,16.3748,3.97583,0,3400,74370253605
34.0627,29.3576,63.2212,0,96,88,71,1695,3504,2.20947,0,16.3748,3.97583,0,3400,74399613116
34.3856,29.0819,63.2212,0,96,88,71,1695,3504,2.20947,0,16.3748,3.97583,0,3400,74428695197
41.0421,24.3652,63.2212,0,96,88,71,1695,3504,2.20947,0,16.3748,3.97583,0,3400,74453061340
35.215,28.397,63.2212,0,96,88,71,1695,3504,2.20947,0,16.3748,3.97583,0,3400,74481460454
37.483,26.6787,63.2212,0,96,88,71,1695,3504,2.20947,0,16.3748,3.97583,0,3400,74508140611
34.9899,28.5797,63.2212,0,96,88,71,1695,3504,2.20947,0,16.3748,3.97583,0,3400,74536722589
34.7319,28.792,61.7073,0,100,88,72,1695,3504,2.23122,0,16.3773,3.97583,0,3400,74565513128
39.6289,25.2341,61.7073,0,100,88,72,1695,3504,2.23122,0,16.3773,3.97583,0,3400,74590749306
35.2184,28.3943,61.7073,0,100,88,72,1695,3504,2.23122,0,16.3773,3.97583,0,3400,74619144951
36.8773,27.117,61.7073,0,100,88,72,1695,3504,2.23122,0,16.3773,3.97583,0,3400,74646262679
37.7264,26.5066,61.7073,0,100,88,72,1695,3504,2.23122,0,16.3773,3.97583,0,3400,74672770630
35.5901,28.0977,61.7073,0,100,88,72,1695,3504,2.23122,0,16.3773,3.97583,0,3400,74700868710
37.7294,26.5045,61.7073,0,100,88,72,1695,3504,2.23122,0,16.3773,3.97583,0,3400,74727374983
36.4302,27.4497,61.7073,0,100,88,72,1695,3504,2.23122,0,16.3773,3.97583,0,3400,74754825961
33.2396,30.0846,61.7073,0,100,88,72,1695,3504,2.23122,0,16.3773,3.97583,0,3400,74784911137
38.5374,25.9488,61.7073,0,100,88,72,1695,3504,2.23122,0,16.3773,3.97583,0,3400,74810860921
37.0064,27.0224,61.7073,0,100,88,72,1695,3504,2.23122,0,16.3773,3.97583,0,3400,74837883946
39.1957,25.513,61.7073,0,100,88,72,1695,3504,2.23122,0,16.3773,3.97583,0,3400,74863399137
33.6891,29.6832,61.7073,0,100,88,72,1695,3504,2.23122,0,16.3773,3.97583,0,3400,74893085011
37.4977,26.6683,61.7073,0,100,88,72,1695,3504,2.23122,0,16.3773,3.97583,0,3400,74919754152
37.7339,26.5013,61.7073,0,100,88,72,1695,3504,2.23122,0,16.3773,3.97583,0,3400,74946255732
36.8955,27.1036,61.7073,0,100,88,72,1695,3504,2.23122,0,16.3773,3.97583,0,3400,74973360681
34.5683,28.9282,61.7073,0,100,88,72,1695,3504,2.23122,0,16.3773,3.97583,0,3400,75002290397
35.48,28.1849,61.7073,0,100,88,72,1695,3504,2.23122,0,16.3773,3.97583,0,3400,75030475315
36.0106,27.7696,61.7073,0,100,88,72,1695,3504,2.23122,0,16.3773,3.97583,0,3400,75058249357
38.6009,25.9062,54.9751,0,100,89,72,1695,3504,2.24281,0,16.3868,3.97583,0,3400,75084152932
36.297,27.5505,54.9751,0,100,89,72,1695,3504,2.24281,0,16.3868,3.97583,0,3400,75111705753
33.8442,29.5471,54.9751,0,100,89,72,1695,3504,2.24281,0,16.3868,3.97583,0,3400,75141253478
37.8992,26.3858,54.9751,0,100,89,72,1695,3504,2.24281,0,16.3868,3.97583,0,3400,75167640155
33.9965,29.4148,54.9751,0,100,89,72,1695,3504,2.24281,0,16.3868,3.97583,0,3400,75197057323
36.7779,27.1902,54.9751,0,100,89,72,1695,3504,2.24281,0,16.3868,3.97583,0,3400,75224248701
39.333,25.4239,54.9751,0,100,89,72,1695,3504,2.24281,0,16.3868,3.97583,0,3400,75249674413
35.5514,28.1283,54.9751,0,100,89,72,1695,3504,2.24281,0,16.3868,3.97583,0,3400,75277807085
38.3896,26.0487,54.9751,0,100,89,72,1695,3504,2.24281,0,16.3868,3.97583,0,3400,75303855278
32.2611,30.9971,54.9751,0,100,89,72,1695,3504,2.24281,0,16.3868,3.97583,0,3400,75334853494
39.6994,25.1893,54.9751,0,100,89,72,1695,3504,2.24281,0,16.3868,3.97583,0,3400,75360043814
36.0037,27.7749,54.9751,0,100,89,72,1695,3504,2.24281,0,16.3868,3.97583,0,3400,75387819568
36.0321,27.7531,54.9751,0,100,89,72,1695,3504,2.24281,0,16.3868,3.97583,0,3400,75415576007
36.3116,27.5394,54.9751,0,100,89,72,1695,3504,2.24281,0,16.3868,3.97583,0,3400,75443115843
33.504,29.8472,54.9751,0,100,89,72,1695,3504,2.24281,0,16.3868,3.97583,0,3400,75472964164
39.8729,25.0797,54.9751,0,100,89,72,1695,3504,2.24281,0,16.3868,3.97583,0,3400,75498043732
36.3933,27.4776,54.9751,0,100,89,72,1695,3504,2.24281,0,16.3868,3.97583,0,3400,75525523001
34.861,28.6854,54.9751,0,100,89,72,1695,3504,2.24281,0,16.3868,3.97583,0,3400,75554209283
37.2732,26.8289,54.9751,0,100,89,72,1695,3504,2.24281,0,16.3868,3.97583,0,3400,75581042941
35.5779,28.1073,55.7457,0,100,89,72,1695,3504,2.24057,0,16.3826,3.97583,0,3400,75609147676
35.9386,27.8253,55.7457,0,100,89,72,1695,3504,2.24057,0,16.3826,3.97583,0,3400,75636975320
35.8166,27.92,55.7457,0,100,89,72,1695,3504,2.24057,0,16.3826,3.97583,0,3400,75664896550
35.5152,28.157,55.7457,0,100,89,72,1695,3504,2.24057,0,16.3826,3.97583,0,3400,75693054560
35.7829,27.9463,55.7457,0,100,89,72,1695,3504,2.24057,0,16.3826,3.97583,0,3400,75721002341
36.7755,27.192,55.7457,0,100,89,72,1695,3504,2.24057,0,16.3826,3.97583,0,3400,75748197302
38.4585,26.0021,55.7457,0,100,89,72,1695,3504,2.24057,0,16.3826,3.97583,0,3400,75774198892
32.1575,31.097,55.7457,0,100,89,72,1695,3504,2.24057,0,16.3826,3.97583,0,3400,75805296311
39.8727,25.0798,55.7457,0,100,89,72,1695,3504,2.24057,0,16.3826,3.97583,0,3400,75830377971
39.3859,25.3898,55.7457,0,100,89,72,1695,3504,2.24057,0,16.3826,3.97583,0,3400,75855769139
35.5315,28.144,55.7457,0,100,89,72,1695,3504,2.24057,0,16.3826,3.97583,0,3400,75883913966
32.2251,31.0317,55.7457,0,100,89,72,1695,3504,2.24057,0,16.3826,3.97583,0,3400,75914945270
40.9394,24.4263,55.7457,0,100,89,72,1695,3504,2.24057,0,16.3826,3.97583,0,3400,75939373497
37.3936,26.7426,55.7457,0,100,89,72,1695,3504,2.24057,0,16.3826,3.97583,0,3400,75966119271
36.8184,27.1603,55.7457,0,100,89,72,1695,3504,2.24057,0,16.3826,3.97583,0,3400,75993279617
31.5089,31.7371,55.7457,0,100,89,72,1695,3504,2.24057,0,16.3826,3.97583,0,3400,76025017613
41.2428,24.2467,55.7457,0,100,89,72,1695,3504,2.24057,0,16.3826,3.97583,0,3400,76049265802
36.064,27.7285,55.7457,0,100,89,72,1695,3504,2.24057,0,16.3826,3.97583,0,3400,76076995509
34.196,29.2432,55.7457,0,100,89,72,1695,3504,2.24057,0,16.3826,3.97583,0,3400,76106242159
35.7562,27.9672,56.4477,0,100,86,72,1695,3504,2.24112,0,16.3775,3.97583,0,3402,76134209043
41.2685,24.2316,56.4477,0,100,86,72,1695,3504,2.24112,0,16.3775,3.97583,0,3402,76158441307
36.7706,27.1956,56.4477,0,100,86,72,1695,3504,2.24112,0,16.3775,3.97583,0,3402,76185638373
37.7999,26.4551,56.4477,0,100,86,72,1695,3504,2.24112,0,16.3775,3.97583,0,3402,76212094540
34.1866,29.2512,56.4477,0,100,86,72,1695,3504,2.24112,0,16.3775,3.97583,0,3402,76241350093
36.2505,27.5858,56.4477,0,100,86,72,1695,3504,2.24112,0,16.3775,3.97583,0,3402,76268935204
37.0839,26.9659,56.4477,0,100,86,72,1695,3504,2.24112,0,16.3775,3.97583,0,3402,76295902128
35.2783,28.346,56.4477,0,100,86,72,1695,3504,2.24112,0,16.3775,3.97583,0,3402,76324250382
38.4234,26.0258,56.4477,0,100,86,72,1695,3504,2.24112,0,16.3775,3.97583,0,3402,76350278636
36.163,27.6526,56.4477,0,100,86,72,1695,3504,2.24112,0,16.3775,3.97583,0,3402,76377931230
36.8184,27.1603,56.4477,0,100,86,72,1695,3504,2.24112,0,16.3775,3.97583,0,3402,76405092843
38.7482,25.8077,56.4477,0,100,86,72,1695,3504,2.24112,0,16.3775,3.97583,0,3402,76430901895
14.0281,71.2857,56.4477,0,100,86,72,1695,3504,2.24112,0,16.3775,3.97583,0,3402,76502188223
74.3062,13.4578,56.4477,0,100,86,72,1695,3504,2.24112,0,16.3775,3.97583,0,3402,76515647028
42.4548,23.5545,56.4477,0,100,86,72,1695,3504,2.24112,0,16.3775,3.97583,0,3402,76539201596
39.9162,25.0525,56.4477,0,100,86,72,1695,3504,2.24112,0,16.3775,3.97583,0,3402,76564255754
40.7354,24.5487,56.4477,0,100,86,72,1695,3504,2.24112,0,16.3775,3.97583,0,3402,76588815584
36.5495,27.3602,56.4477,0,100,86,72,1695,3504,2.24112,0,16.3775,3.97583,0,3402,76616169971
34.3107,29.1454,54.0342,0,100,86,72,1695,3504,2.24458,0,16.381,3.97583,0,3400,76645314194
33.093,30.2178,54.0342,0,100,86,72,1695,3504,2.24458,0,16.381,3.97583,0,3400,76675533431
43.2289,23.1327,54.0342,0,100,86,72,1695,3504,2.24458,0,16.381,3.97583,0,3400,76698668788
38.9067,25.7025,54.0342,0,100,86,72,1695,3504,2.24458,0,16.381,3.97583,0,3400,76724371532
36.7083,27.2418,54.0342,0,100,86,72,1695,3504,2.24458,0,16.381,3.97583,0,3400,76751614857
35.6126,28.0799,54.0342,0,100,86,72,1695,3504,2.24458,0,16.381,3.97583,0,3400,76779695594
39.3802,25.3935,54.0342,0,100,86,72,1695,3504,2.24458,0,16.381,3.97583,0,3400,76805090370
35.9968,27.7802,54.0342,0,100,86,72,1695,3504,2.24458,0,16.381,3.97583,0,3400,76832872083
37.557,26.6262,54.0342,0,100,86,72,1695,3504,2.24458,0,16.381,3.97583,0,3400,76859499156
37.0939,26.9586,54.0342,0,100,86,72,1695,3504,2.24458,0,16.381,3.97583,0,3400,76886459351
31.8464,31.4008,54.0342,0,100,86,72,1695,3504,2.24458,0,16.381,3.97583,0,3400,76917860072
41.2094,24.2663,54.0342,0,100,86,72,1695,3504,2.24458,0,16.381,3.97583,0,3400,76942128235
36.8549,27.1334,54.0342,0,100,86,72,1695,3504,2.24458,0,16.381,3.97583,0,3400,76969262562
35.2731,28.3503,54.0342,0,100,86,72,1695,3504,2.24458,0,16.381,3.97583,0,3400,76997614983
33.9223,29.4791,54.0342,0,100,86,72,1695,3504,2.24458,0,16.381,3.97583,0,3400,77027095382
41.8246,23.9094,54.0342,0,100,86,72,1695,3504,2.24458,0,16.381,3.97583,0,3400,77051006687
35.7789,27.9494,54.0342,0,100,86,72,1695,3504,2.24458,0,16.381,3.97583,0,3400,77078956735
36.0351,27.7508,54.0342,0,100,86,72,1695,3504,2.24458,0,16.381,3.97583,0,3400,77106708589
38.7775,25.7882,54.0342,0,100,86,72,1695,3504,2.24458,0,16.381,3.97583,0,3400,77132501121
31.0006,32.2574,52.4155,0,96,82,72,1695,3504,2.24312,0,16.3924,3.97583,0,3400,77164766173
35.3789,28.2654,52.4155,0,96,82,72,1695,3504,2.24312,0,16.3924,3.97583,0,3400,77193023360
47.4972,21.0539,52.4155,0,96,82,72,1695,3504,2.24312,0,16.3924,3.97583,0,3400,77214078135
36.1597,27.6551,52.4155,0,96,82,72,1695,3504,2.24312,0,16.3924,3.97583,0,3400,77241734866
38.376,26.0579,52.4155,0,96,82,72,1695,3504,2.24312,0,16.3924,3.97583,0,3400,77267793698
35.6339,28.0632,52.4155,0,96,82,72,1695,3504,2.24312,0,16.3924,3.97583,0,3400,77295859022
39.4342,25.3587,52.4155,0,96,82,72,1695,3504,2.24312,0,16.3924,3.97583,0,3400,77321221564
38.1722,26.1971,52.4155,0,96,82,72,1695,3504,2.24312,0,16.3924,3.97583,0,3400,77347416629
38.2043,26.1751,52.4155,0,96,82,72,1695,3504,2.24312,0,16.3924,3.97583,0,3400,77373594182
35.4026,28.2466,52.4155,0,96,82,72,1695,3504,2.24312,0,16.3924,3.97583,0,3400,77401842150
34.4161,29.0561,52.4155,0,96,82,72,1695,3504,2.24312,0,16.3924,3.97583,0,3400,77430899172
39.0307,25.6208,52.4155,0,96,82,72,1695,3504,2.24312,0,16.3924,3.97583,0,3400,77456521349
34.4668,29.0134,52.4155,0,96,82,72,1695,3504,2.24312,0,16.3924,3.97583,0,3400,77485535907
42.674,23.4335,52.4155,0,96,82,72,1695,3504,2.24312,0,16.3924,3.97583,0,3400,77508970361
36.3048,27.5446,52.4155,0,96,82,72,1695,3504,2.24312,0,16.3924,3.97583,0,3400,77536516711
34.6409,28.8676,52.4155,0,96,82,72,1695,3504,2.24312,0,16.3924,3.97583,0,3400,77565386355
39.1454,25.5458,52.4155,0,96,82,72,1695,3504,2.24312,0,16.3924,3.97583,0,3400,77590932957
37.894,26.3894,52.4155,0,96,82,72,1695,3504,2.24312,0,16.3924,3.97583,0,3400,77617323750
35.8854,27.8665,52.4155,0,96,82,72,1695,3504,2.24312,0,16.3924,3.97583,0,3400,77645193505
39.6587,25.2152,51.4778,0,96,82,72,1695,3504,2.24312,0,16.3942,3.97583,0,3411,77670407879
35.4266,28.2274,51.4778,0,96,82,72,1695,3504,2.24312,0,16.3942,3.97583,0,3411,77698636506
32.3843,30.8792,51.4778,0,96,82,72,1695,3504,2.24312,0,16.3942,3.97583,0,3411,77729516600
43.9073,22.7753,51.4778,0,96,82,72,1695,3504,2.24312,0,16.3942,3.97583,0,3411,77752293077
37.9086,26.3792,51.4778,0,96,82,72,1695,3504,2.24312,0,16.3942,3.97583,0,3411,77778672279
34.5277,28.9622,51.4778,0,96,82,72,1695,3504,2.24312,0,16.3942,3.97583,0,3411,77807636377
39.9428,25.0358,51.4778,0,96,82,72,1695,3504,2.24312,0,16.3942,3.97583,0,3411,77832674095
34.4613,29.0181,51.4778,0,96,82,72,1695,3504,2.24312,0,16.3942,3.97583,0,3411,77861693017
39.3731,25.3981,51.4778,0,96,82,72,1695,3504,2.24312,0,16.3942,3.97583,0,3411,77887093547
36.2351,27.5976,51.4778,0,96,82,72,1695,3504,2.24312,0,16.3942,3.97583,0,3411,77914691762
37.9598,26.3437,51.4778,0,96,82,72,1695,3504,2.24312,0,16.3942,3.97583,0,3411,77941036498
36.103,27.6985,51.4778,0,96,82,72,1695,3504,2.24312,0,16.3942,3.97583,0,3411,77968735858
36.8508,27.1364,51.4778,0,96,82,72,1695,3504,2.24312,0,16.3942,3.97583,0,3411,77995874022
37.1003,26.954,51.4778,0,96,82,72,1695,3504,2.24312,0,16.3942,3.97583,0,3411,78022828791
36.7535,27.2083,51.4778,0,96,82,72,1695,3504,2.24312,0,16.3942,3.97583,0,3411,78050038531
37.2133,26.8721,51.4778,0,96,82,72,1695,3504,2.24312,0,16.3942,3.97583,0,3411,78076912081
35.5138,28.1581,51.4778,0,96,82,72,1695,3504,2.24312,0,16.3942,3.97583,0,3411,78105071278
37.7632,26.4808,51.4778,0,96,82,72,1695,3504,2.24312,0,16.3942,3.97583,0,3411,78131553536
38.1155,26.236,51.4778,0,96,82,72,1695,3504,2.24312,0,16.3942,3.97583,0,3411,78157793460
37.4171,26.7257,50.1211,0,100,81,73,1695,3504,2.16747,0,16.4093,3.97583,0,3403,78184517218
36.4419,27.4409,50.1211,0,100,81,73,1695,3504,2.16747,0,16.4093,3.97583,0,3403,78211959676
37.1753,26.8996,50.1211,0,100,81,73,1695,3504,2.16747,0,16.4093,3.97583,0,3403,78238860595
37.4255,26.7198,50.1211,0,100,81,73,1695,3504,2.16747,0,16.4093,3.97583,0,3403,78265581034
37.8118,26.4468,50.1211,0,100,81,73,1695,3504,2.16747,0,16.4093,3.97583,0,3403,78292029966
35.6729,28.0325,50.1211,0,100,81,73,1695,3504,2.16747,0,16.4093,3.97583,0,3403,78320063970
34.0273,29.3882,50.1211,0,100,81,73,1695,3504,2.16747,0,16.4093,3.97583,0,3403,78349453144
41.2532,24.2406,50.1211,0,100,81,73,1695,3504,2.16747,0,16.4093,3.97583,0,3403,78373695752
35.6305,28.0658,50.1211,0,100,81,73,1695,3504,2.16747,0,16.4093,3.97583,0,3403,78401764142
38.3412,26.0816,50.1211,0,100,81,73,1695,3504,2.16747,0,16.4093,3.97583,0,3403,78427845820
37.9766,26.332,50.1211,0,100,81,73,1695,3504,2.16747,0,16.4093,3.97583,0,3403,78454180170
36.0559,27.7347,50.1211,0,100,81,73,1695,3504,2.16747,0,16.4093,3.97583,0,3403,78481914756
35.9736,27.7982,50.1211,0,100,81,73,1695,3504,2.16747,0,16.4093,3.97583,0,3403,78509715037
36.5268,27.3772,50.1211,0,100,81,73,1695,3504,2.16747,0,16.4093,3.97583,0,3403,78537092450
37.9098,26.3784,50.1211,0,100,81,73,1695,3504,2.16747,0,16.4093,3.97583,0,3403,78563472923
37.8583,26.4143,50.1211,0,100,81,73,1695,3504,2.16747,0,16.4093,3.97583,0,3403,78589887660
34.172,29.2637,50.1211,0,100,81,73,1695,3504,2.16747,0,16.4093,3.97583,0,3403,78619153956
38.5366,25.9493,50.1211,0,100,81,73,1695,3504,2.16747,0,16.4093,3.97583,0,3403,78645102900
38.921,25.6931,50.1211,0,100,81,73,1695,3504,2.16747,0,16.4093,3.97583,0,3403,78670801710
34.3905,29.0778,50.7282,0,100,81,73,1695,3504,2.16092,0,16.4274,3.97583,0,3405,78699876663
40.681,24.5815,50.7282,0,100,81,73,1695,3504,2.16092,0,16.4274,3.97583,0,3405,78724458379
33.9423,29.4617,50.7282,0,100,81,73,1695,3504,2.16092,0,16.4274,3.97583,0,3405,78753922384
32.6303,30.6464,50.7282,0,100,81,73,1695,3504,2.16092,0,16.4274,3.97583,0,3405,78784569715
42.8234,23.3517,50.7282,0,100,81,73,1695,3504,2.16092,0,16.4274,3.97583,0,3405,78807921191
38.3832,26.0531,50.7282,0,100,81,73,1695,3504,2.16092,0,16.4274,3.97583,0,3405,78833976485
36.7291,27.2264,50.7282,0,100,81,73,1695,3504,2.16092,0,16.4274,3.97583,0,3405,78861203904
33.89,29.5072,50.7282,0,100,81,73,1695,3504,2.16092,0,16.4274,3.97583,0,3405,78890713099
36.3619,27.5013,50.7282,0,100,81,73,1695,3504,2.16092,0,16.4274,3.97583,0,3405,78918215267
42.7745,23.3784,50.7282,0,100,81,73,1695,3504,2.16092,0,16.4274,3.97583,0,3405,78941595127
36.9164,27.0882,50.7282,0,100,81,73,1695,3504,2.16092,0,16.4274,3.97583,0,3405,78968684177
36.2671,27.5732,50.7282,0,100,81,73,1695,3504,2.16092,0,16.4274,3.97583,0,3405,78996258795
38.6746,25.8567,50.7282,0,100,81,73,1695,3504,2.16092,0,16.4274,3.97583,0,3405,79022130057
36.9916,27.0332,50.7282,0,100,81,73,1695,3504,2.16092,0,16.4274,3.97583,0,3405,79049151386
37.2496,26.8459,50.7282,0,100,81,73,1695,3504,2.16092,0,16.4274,3.97583,0,3405,79075998175
35.4753,28.1886,50.7282,0,100,81,73,1695,3504,2.16092,0,16.4274,3.97583,0,3405,79104187567
38.7771,25.7884,50.7282,0,100,81,73,1695,3504,2.16092,0,16.4274,3.97583,0,3405,79129977984
36.2602,27.5784,50.7282,0,100,81,73,1695,3504,2.16092,0,16.4274,3.97583,0,3405,79157557795
37.8831,26.397,50.7282,0,100,81,73,1695,3504,2.16092,0,16.4274,3.97583,0,3405,79183959542
33.4872,29.8621,57.0732,0,100,82,73,1695,3504,2.15614,0,16.4522,3.97583,0,3400,79213818370
40.2192,24.8638,57.0732,0,100,82,73,1695,3504,2.15614,0,16.4522,3.97583,0,3400,79238684789
41.7942,23.9268,57.0732,0,100,82,73,1695,3504,2.15614,0,16.4522,3.97583,0,3400,79262612680
36.5972,27.3245,57.0732,0,100,82,73,1695,3504,2.15614,0,16.4522,3.97583,0,3400,79289937424
36.2478,27.5879,57.0732,0,100,82,73,1695,3504,2.15614,0,16.4522,3.97583,0,3400,79317527430
38.4457,26.0107,57.0732,0,100,82,73,1695,3504,2.15614,0,16.4522,3.97583,0,3400,79343539188
41.5324,24.0776,57.0732,0,100,82,73,1695,3504,2.15614,0,16.4522,3.97583,0,3400,79367617710
38.612,25.8987,57.0732,0,100,82,73,1695,3504,2.15614,0,16.4522,3.97583,0,3400,79393517246
37.7784,26.4702,57.0732,0,100,82,73,1695,3504,2.15614,0,16.4522,3.97583,0,3400,79419988846
36.6548,27.2816,57.0732,0,100,82,73,1695,3504,2.15614,0,16.4522,3.97583,0,3400,79447271643
40.7238,24.5557,57.0732,0,100,82,73,1695,3504,2.15614,0,16.4522,3.97583,0,3400,79471828077
35.0143,28.5598,57.0732,0,100,82,73,1695,3504,2.15614,0,16.4522,3.97583,0,3400,79500390311
40.379,24.7654,57.0732,0,100,82,73,1695,3504,2.15614,0,16.4522,3.97583,0,3400,79525156461
38.4223,26.0266,57.0732,0,100,82,73,1695,3504,2.15614,0,16.4522,3.97583,0,3400,79551184078
35.5869,28.1002,57.0732,0,100,82,73,1695,3504,2.15614,0,16.4522,3.97583,0,3400,79579285015
31.331,31.9173,57.0732,0,100,82,73,1695,3504,2.15614,0,16.4522,3.97583,0,3400,79611203463
47.6712,20.977,57.0732,0,100,82,73,1695,3504,2.15614,0,16.4522,3.97583,0,3400,79632182461
40.5059,24.6878,57.0732,0,100,82,73,1695,3504,2.15614,0,16.4522,3.97583,0,3400,79656870746
38.8166,25.7622,57.0732,0,100,82,73,1695,3504,2.15614,0,16.4522,3.97583,0,3400,79682634801
37.9658,26.3395,57.0732,0,100,82,73,1695,3504,2.15614,0,16.4522,3.97583,0,3400,79708980127
37.9386,26.3584,47.2289,0,100,82,73,1695,3504,2.15471,0,16.4522,3.97583,0,3400,79735335839
40.0464,24.971,47.2289,0,100,82,73,1695,3504,2.15471,0,16.4522,3.97583,0,3400,79760308143
33.1698,30.1479,47.2289,0,100,82,73,1695,3504,2.15471,0,16.4522,3.97583,0,3400,79790457463
43.8999,22.7791,47.2289,0,100,82,73,1695,3504,2.15471,0,16.4522,3.97583,0,3400,79813238017
37.6251,26.578,47.2289,0,100,82,73,1695,3504,2.15471,0,16.4522,3.97583,0,3400,79839817329
34.5094,28.9776,47.2289,0,100,82,73,1695,3504,2.15471,0,16.4522,3.97583,0,3400,79868795879
42.532,23.5117,47.2289,0,100,82,73,1695,3504,2.15471,0,16.4522,3.97583,0,3400,79892310025
39.745,25.1604,47.2289,0,100,82,73,1695,3504,2.15471,0,16.4522,3.97583,0,3400,79917469423
37.1587,26.9116,47.2289,0,100,82,73,1695,3504,2.15471,0,16.4522,3.97583,0,3400,79944381871
33.8772,29.5184,47.2289,0,100,82,73,1695,3504,2.15471,0,16.4522,3.97583,0,3400,79973901900
44.7308,22.3559,47.2289,0,100,82,73,1695,3504,2.15471,0,16.4522,3.97583,0,3400,79996260358
37.4943,26.6707,47.2289,0,100,82,73,1695,3504,2.15471,0,16.4522,3.97583,0,3400,80022932878
38.0478,26.2827,47.2289,0,100,82,73,1695,3504,2.15471,0,16.4522,3.97583,0,3400,80049236532
35.5436,28.1345,47.2289,0,100,82,73,1695,3504,2.15471,0,16.4522,3.97583,0,3400,80077359695
40.4311,24.7335,47.2289,0,100,82,73,1695,3504,2.15471,0,16.4522,3.97583,0,3400,80102094627
37.215,26.8709,47.2289,0,100,82,73,1695,3504,2.15471,0,16.4522,3.97583,0,3400,80128967630
35.8129,27.9229,47.2289,0,100,82,73,1695,3504,2.15471,0,16.4522,3.97583,0,3400,80156891804
34.4379,29.0378,47.2289,0,100,82,73,1695,3504,2.15471,0,16.4522,3.97583,0,3400,80185930806
41.6714,23.9973,47.2289,0,100,82,73,1695,3504,2.15471,0,16.4522,3.97583,0,3400,80209936270
41.9666,23.8285,48.4375,0,100,83,73,1695,3504,2.15382,0,16.484,3.97583,0,3419,80233758936
37.9914,26.3218,48.4375,0,100,83,73,1695,3504,2.15382,0,16.484,3.97583,0,3419,80260119256
39.2651,25.4679,48.4375,0,100,83,73,1695,3504,2.15382,0,16.484,3.97583,0,3419,80285612027
36.5847,27.3338,48.4375,0,100,83,73,1695,3504,2.15382,0,16.484,3.97583,0,3419,80312947472
37.6884,26.5334,48.4375,0,100,83,73,1695,3504,2.15382,0,16.484,3.97583,0,3419,80339481862
36.6904,27.2551,48.4375,0,100,83,73,1695,3504,2.15382,0,16.484,3.97583,0,3419,80366738864
39.1153,25.5654,48.4375,0,100,83,73,1695,3504,2.15382,0,16.484,3.97583,0,3419,80392304345
36.3861,27.483,48.4375,0,100,83,73,1695,3504,2.15382,0,16.484,3.97583,0,3419,80419789696
39.1486,25.5437,48.4375,0,100,83,73,1695,3504,2.15382,0,16.484,3.97583,0,3419,80445334336
41.2668,24.2326,48.4375,0,100,83,73,1695,3504,2.15382,0,16.484,3.97583,0,3419,80469568224
36.6366,27.2951,48.4375,0,100,83,73,1695,3504,2.15382,0,16.484,3.97583,0,3419,80496864818
36.396,27.4755,48.4375,0,100,83,73,1695,3504,2.15382,0,16.484,3.97583,0,3419,80524340927
40.6636,24.592,48.4375,0,100,83,73,1695,3504,2.15382,0,16.484,3.97583,0,3419,80548935165
36.919,27.0863,48.4375,0,100,83,73,1695,3504,2.15382,0,16.484,3.97583,0,3419,80576023252
37.3468,26.776,48.4375,0,100,83,73,1695,3504,2.15382,0,16.484,3.97583,0,3419,80602800769
38.5069,25.9694,48.4375,0,100,83,73,1695,3504,2.15382,0,16.484,3.97583,0,3419,80628776732
36.0468,27.7417,48.4375,0,100,83,73,1695,3504,2.15382,0,16.484,3.97583,0,3419,80656526889
38.4312,26.0205,48.4375,0,100,83,73,1695,3504,2.15382,0,16.484,3.97583,0,3419,80682548629
39.4614,25.3412,48.4375,0,100,83,73,1695,3504,2.15382,0,16.484,3.97583,0,3419,80707890374
36.9783,27.0429,48.4375,0,100,83,73,1695,3504,2.15382,0,16.484,3.97583,0,3419,80734936108
37.0894,26.9619,46.9586,0,100,83,73,1695,3504,2.15375,0,16.484,3.97583,0,3409,80761896647
39.435,25.3582,46.9586,0,100,83,73,1695,3504,2.15375,0,16.484,3.97583,0,3409,80787256377
35.333,28.3022,46.9586,0,100,83,73,1695,3504,2.15375,0,16.484,3.97583,0,3409,80815560039
37.3252,26.7915,46.9586,0,100,83,73,1695,3504,2.15375,0,16.484,3.97583,0,3409,80842352724
38.2009,26.1774,46.9586,0,100,83,73,1695,3504,2.15375,0,16.484,3.97583,0,3409,80868531196
37.5416,26.6371,46.9586,0,100,83,73,1695,3504,2.15375,0,16.484,3.97583,0,3409,80895170636
41.6143,24.0302,46.9586,0,100,83,73,1695,3504,2.15375,0,16.484,3.97583,0,3409,80919201926
38.9913,25.6467,46.9586,0,100,83,73,1695,3504,2.15375,0,16.484,3.97583,0,3409,80944849506
37.2457,26.8487,46.9586,0,100,83,73,1695,3504,2.15375,0,16.484,3.97583,0,3409,80971699871
33.3782,29.9596,46.9586,0,100,83,73,1695,3504,2.15375,0,16.484,3.97583,0,3409,81001660306
42.9665,23.2739,46.9586,0,100,83,73,1695,3504,2.15375,0,16.484,3.97583,0,3409,81024934942
38.3373,26.0843,46.9586,0,100,83,73,1695,3504,2.15375,0,16.484,3.97583,0,3409,81051020933
34.3953,29.0738,46.9586,0,100,83,73,1695,3504,2.15375,0,16.484,3.97583,0,3409,81080095026
41.2998,24.2132,46.9586,0,100,83,73,1695,3504,2.15375,0,16.484,3.97583,0,3409,81104309850
38.4838,25.985,46.9586,0,100,83,73,1695,3504,2.15375,0,16.484,3.97583,0,3409,81130296090
37.6399,26.5675,46.9586,0,100,83,73,1695,3504,2.15375,0,16.484,3.97583,0,3409,81156864331
34.5675,28.9289,46.9586,0,100,83,73,1695,3504,2.15375,0,16.484,3.97583,0,3409,81185794785
41.334,24.1932,46.9586,0,100,83,73,1695,3504,2.15375,0,16.484,3.97583,0,3409,81209989770
36.5776,27.3392,46.9586,0,100,83,73,1695,3504,2.15375,0,16.484,3.97583,0,3409,81237335076
37.8218,26.4398,49.5025,0,100,88,73,1695,3504,2.15045,0,16.4778,3.97583,0,3430,81263770658
39.1437,25.5469,49.5025,0,100,88,73,1695,3504,2.15045,0,16.4778,3.97583,0,3430,81289319422
37.1096,26.9472,49.5025,0,100,88,73,1695,3504,2.15045,0,16.4778,3.97583,0,3430,81316267653
33.1826,30.1363,49.5025,0,100,88,73,1695,3504,2.15045,0,16.4778,3.97583,0,3430,81346404860
40.3544,24.7804,49.5025,0,100,88,73,1695,3504,2.15045,0,16.4778,3.97583,0,3430,81371186865
37.3031,26.8074,49.5025,0,100,88,73,1695,3504,2.15045,0,16.4778,3.97583,0,3430,81397996790
40.2323,24.8557,49.5025,0,100,88,73,1695,3504,2.15045,0,16.4778,3.97583,0,3430,81422853555
29.3285,34.0966,49.5025,0,100,88,73,1695,3504,2.15045,0,16.4778,3.97583,0,3430,81456952788
46.5444,21.4848,49.5025,0,100,88,73,1695,3504,2.15045,0,16.4778,3.97583,0,3430,81478439706
35.3523,28.2867,49.5025,0,100,88,73,1695,3504,2.15045,0,16.4778,3.97583,0,3430,81506726424
39.9737,25.0164,49.5025,0,100,88,73,1695,3504,2.15045,0,16.4778,3.97583,0,3430,81531744245
32.6131,30.6626,49.5025,0,100,88,73,1695,3504,2.15045,0,16.4778,3.97583,0,3430,81562407310
40.3342,24.7928,49.5025,0,100,88,73,1695,3504,2.15045,0,16.4778,3.97583,0,3430,81587203751
37.8496,26.4204,49.5025,0,100,88,73,1695,3504,2.15045,0,16.4778,3.97583,0,3430,81613624168
35.4683,28.1942,49.5025,0,100,88,73,1695,3504,2.15045,0,16.4778,3.97583,0,3430,81641822773
39.418,25.3691,49.5025,0,100,88,73,1695,3504,2.15045,0,16.4778,3.97583,0,3430,81667190203
38.4417,26.0134,49.5025,0,100,88,73,1695,3504,2.15045,0,16.4778,3.97583,0,3430,81693204989
34.5664,28.9298,49.5025,0,100,88,73,1695,3504,2.15045,0,16.4778,3.97583,0,3430,81722136541
35.8367,27.9044,49.5025,0,100,88,73,1695,3504,2.15045,0,16.4778,3.97583,0,3430,81750044636
41.3319,24.1944,54.4118,0,100,88,73,1695,3504,2.12997,0,16.4456,3.97583,0,3409,81774237504
33.141,30.1741,54.4118,0,100,88,73,1695,3504,2.12997,0,16.4456,3.97583,0,3409,81804413287
29.1462,34.3098,54.4118,0,100,88,73,1695,3504,2.12997,0,16.4456,3.97583,0,3409,81838724297
43.1364,23.1823,54.4118,0,100,88,73,1695,3504,2.12997,0,16.4456,3.97583,0,3409,81861906861
45.8973,21.7878,54.4118,0,100,88,73,1695,3504,2.12997,0,16.4456,3.97583,0,3409,81883696922
42.8676,23.3276,54.4118,0,100,88,73,1695,3504,2.12997,0,16.4456,3.97583,0,3409,81907027493
35.4927,28.1748,54.4118,0,100,88,73,1695,3504,2.12997,0,16.4456,3.97583,0,3409,81935200982
30.4505,32.8402,54.4118,0,100,88,73,1695,3504,2.12997,0,16.4456,3.97583,0,3409,81968042911
46.6857,21.4198,54.4118,0,100,88,73,1695,3504,2.12997,0,16.4456,3.97583,0,3409,81989463293
37.0556,26.9865,54.4118,0,100,88,73,1695,3504,2.12997,0,16.4456,3.97583,0,3409,82016451658
35.0935,28.4953,54.4118,0,100,88,73,1695,3504,2.12997,0,16.4456,3.97583,0,3409,82044947094
37.3549,26.7702,54.4118,0,100,88,73,1695,3504,2.12997,0,16.4456,3.97583,0,3409,82071718501
38.4856,25.9837,54.4118,0,100,88,73,1695,3504,2.12997,0,16.4456,3.97583,0,3409,82097703656
32.9352,30.3627,54.4118,0,100,88,73,1695,3504,2.12997,0,16.4456,3.97583,0,3409,82128068352
35.1309,28.465,54.4118,0,100,88,73,1695,3504,2.12997,0,16.4456,3.97583,0,3409,82156631200
40.9384,24.4269,54.4118,0,100,88,73,1695,3504,2.12997,0,16.4456,3.97583,0,3409,82181059067
35.9473,27.8185,54.4118,0,100,88,73,1695,3504,2.12997,0,16.4456,3.97583,0,3409,82208878135
31.2551,31.9948,54.4118,0,100,88,73,1695,3504,2.12997,0,16.4456,3.97583,0,3409,82240874232
40.7743,24.5252,54.4118,0,100,88,73,1695,3504,2.12997,0,16.4456,3.97583,0,3409,82265406735
38.9475,25.6756,57.0025,0,100,91,73,1695,3504,2.12245,0,16.3713,3.99438,0,3400,82291079478
37.9245,26.3681,57.0025,0,100,91,73,1695,3504,2.12245,0,16.3713,3.99438,0,3400,82317448296
30.7198,32.5523,57.0025,0,100,91,73,1695,3504,2.12245,0,16.3713,3.99438,0,3400,82350001974
35.321,28.3118,57.0025,0,100,91,73,1695,3504,2.12245,0,16.3713,3.99438,0,3400,82378314288
44.8786,22.2823,57.0025,0,100,91,73,1695,3504,2.12245,0,16.3713,3.99438,0,3400,82400597677
36.966,27.0519,57.0025,0,100,91,73,1695,3504,2.12245,0,16.3713,3.99438,0,3400,82427651385
35.676,28.03,57.0025,0,100,91,73,1695,3504,2.12245,0,16.3713,3.99438,0,3400,82455683086
33.3164,30.0152,57.0025,0,100,91,73,1695,3504,2.12245,0,16.3713,3.99438,0,3400,82485702250
38.9198,25.6939,57.0025,0,100,91,73,1695,3504,2.12245,0,16.3713,3.99438,0,3400,82511394088
38.6508,25.8727,57.0025,0,100,91,73,1695,3504,2.12245,0,16.3713,3.99438,0,3400,82537268631
36.6988,27.2489,57.0025,0,100,91,73,1695,3504,2.12245,0,16.3713,3.99438,0,3400,82564519204
36.093,27.7062,57.0025,0,100,91,73,1695,3504,2.12245,0,16.3713,3.99438,0,3400,82592225659
35.3717,28.2712,57.0025,0,100,91,73,1695,3504,2.12245,0,16.3713,3.99438,0,3400,82620498967
36.2205,27.6087,57.0025,0,100,91,73,1695,3504,2.12245,0,16.3713,3.99438,0,3400,82648109096
38.0883,26.2548,57.0025,0,100,91,73,1695,3504,2.12245,0,16.3713,3.99438,0,3400,82674365093
31.7566,31.4895,57.0025,0,100,91,73,1695,3504,2.12245,0,16.3713,3.99438,0,3400,82705856730
35.8909,27.8622,57.0025,0,100,91,73,1695,3504,2.12245,0,16.3713,3.99438,0,3400,82733720290
42.2138,23.689,57.0025,0,100,91,73,1695,3504,2.12245,0,16.3713,3.99438,0,3400,82757409461
33.5666,29.7915,57.0025,0,100,91,73,1695,3504,2.12245,0,16.3713,3.99438,0,3400,82787206954
34.2523,29.1951,61.2048,0,100,91,73,1695,3504,2.12188,0,16.3288,4.01025,0,3400,82816398530
38.7164,25.8288,61.2048,0,100,91,73,1695,3504,2.12188,0,16.3288,4.01025,0,3400,82842227604
34.6103,28.8932,61.2048,0,100,91,73,1695,3504,2.12188,0,16.3288,4.01025,0,3400,82871122580
38.7422,25.8116,61.2048,0,100,91,73,1695,3504,2.12188,0,16.3288,4.01025,0,3400,82896935095
35.6717,28.0334,61.2048,0,100,91,73,1695,3504,2.12188,0,16.3288,4.01025,0,3400,82924970220
36.3832,27.4852,61.2048,0,100,91,73,1695,3504,2.12188,0,16.3288,4.01025,0,3400,82952456012
28.7762,34.751,61.2048,0,100,91,73,1695,3504,2.12188,0,16.3288,4.01025,0,3400,82987211462
34.7111,28.8092,61.2048,0,100,91,73,1695,3504,2.12188,0,16.3288,4.01025,0,3400,83016022886
43.0493,23.2292,61.2048,0,100,91,73,1695,3504,2.12188,0,16.3288,4.01025,0,3400,83039252421
33.2835,30.0449,61.2048,0,100,91,73,1695,3504,2.12188,0,16.3288,4.01025,0,3400,83069297425
31.7236,31.5222,61.2048,0,100,91,73,1695,3504,2.12188,0,16.3288,4.01025,0,3400,83100823543
46.8306,21.3536,61.2048,0,100,91,73,1695,3504,2.12188,0,16.3288,4.01025,0,3400,83122177189
33.9606,29.4459,61.2048,0,100,91,73,1695,3504,2.12188,0,16.3288,4.01025,0,3400,83151627052
37.2436,26.8503,61.2048,0,100,91,73,1695,3504,2.12188,0,16.3288,4.01025,0,3400,83178477043
31.0173,32.2401,61.2048,0,100,91,73,1695,3504,2.12188,0,16.3288,4.01025,0,3400,83210719568
33.9819,29.4274,61.2048,0,100,91,73,1695,3504,2.12188,0,16.3288,4.01025,0,3400,83240147966
38.0399,26.2882,61.2048,0,100,91,73,1695,3504,2.12188,0,16.3288,4.01025,0,3400,83266437470
35.7308,27.9871,61.2048,0,100,91,73,1695,3504,2.12188,0,16.3288,4.01025,0,3400,83294427487
36.7023,27.2463,67.2544,0,100,87,73,1695,3504,2.12188,0,16.4918,4.01025,0,3400,83321672460
33.2856,30.0431,67.2544,0,100,87,73,1695,3504,2.12188,0,16.4918,4.01025,0,3400,83351717542
33.2001,30.1204,67.2544,0,100,87,73,1695,3504,2.12188,0,16.4918,4.01025,0,3400,83381841145
34.4564,29.0222,67.2544,0,100,87,73,1695,3504,2.12188,0,16.4918,4.01025,0,3400,83410864077
35.9712,27.8,67.2544,0,100,87,73,1695,3504,2.12188,0,16.4918,4.01025,0,3400,83438669252
35.6358,28.0617,67.2544,0,100,87,73,1695,3504,2.12188,0,16.4918,4.01025,0,3400,83466730152
36.4514,27.4338,67.2544,0,100,87,73,1695,3504,2.12188,0,16.4918,4.01025,0,3400,83494164998
33.5685,29.7898,67.2544,0,100,87,73,1695,3504,2.12188,0,16.4918,4.01025,0,3400,83523955947
33.5062,29.8452,67.2544,0,100,87,73,1695,3504,2.12188,0,16.4918,4.01025,0,3400,83553802102
34.5731,28.9242,67.2544,0,100,87,73,1695,3504,2.12188,0,16.4918,4.01025,0,3400,83582728103
32.457,30.81,67.2544,0,100,87,73,1695,3504,2.12188,0,16.4918,4.01025,0,3400,83613539408
32.907,30.3887,67.2544,0,100,87,73,1695,3504,2.12188,0,16.4918,4.01025,0,3400,83643928189
36.4926,27.4028,67.2544,0,100,87,73,1695,3504,2.12188,0,16.4918,4.01025,0,3400,83671353704
35.8251,27.9134,67.2544,0,100,87,73,1695,3504,2.12188,0,16.4918,4.01025,0,3400,83699267194
32.1074,31.1454,67.2544,0,100,87,73,1695,3504,2.12188,0,16.4918,4.01025,0,3400,83730415333
31.1978,32.0535,67.2544,0,100,87,73,1695,3504,2.12188,0,16.4918,4.01025,0,3400,83762469913
31.7592,31.4869,67.2544,0,100,87,73,1695,3504,2.12188,0,16.4918,4.01025,0,3400,83793959282
43.6875,22.8898,67.2544,0,100,87,73,1695,3504,2.12188,0,16.4918,4.01025,0,3400,83816853625
33.4961,29.8542,56.974,0,100,87,73,1669,3504,2.12337,0,16.479,4.01025,0,3405,83846704683
31.538,31.7078,56.974,0,100,87,73,1669,3504,2.12337,0,16.479,4.01025,0,3405,83878413921
33.7529,29.6271,56.974,0,100,87,73,1669,3504,2.12337,0,16.479,4.01025,0,3405,83908055086
34.2119,29.2296,56.974,0,100,87,73,1669,3504,2.12337,0,16.479,4.01025,0,3405,83937286266
35.2832,28.3421,56.974,0,100,87,73,1669,3504,2.12337,0,16.479,4.01025,0,3405,83965631953
32.4056,30.8589,56.974,0,100,87,73,1669,3504,2.12337,0,16.479,4.01025,0,3405,83996491639
29.5548,33.8354,56.974,0,100,87,73,1669,3504,2.12337,0,16.479,4.01025,0,3405,84030327296
32.3119,30.9483,56.974,0,100,87,73,1669,3504,2.12337,0,16.479,4.01025,0,3405,84061276461
32.6595,30.619,56.974,0,100,87,73,1669,3504,2.12337,0,16.479,4.01025,0,3405,84091897217
28.1979,35.4636,56.974,0,100,87,73,1669,3504,2.12337,0,16.479,4.01025,0,3405,84127361839
33.4669,29.8803,56.974,0,100,87,73,1669,3504,2.12337,0,16.479,4.01025,0,3405,84157243663
31.0445,32.2119,56.974,0,100,87,73,1669,3504,2.12337,0,16.479,4.01025,0,3405,84189457341
33.5255,29.828,56.974,0,100,87,73,1669,3504,2.12337,0,16.479,4.01025,0,3405,84219286261
33.6173,29.7466,56.974,0,100,87,73,1669,3504,2.12337,0,16.479,4.01025,0,3405,84249057236
30.6557,32.6204,56.974,0,100,87,73,1669,3504,2.12337,0,16.479,4.01025,0,3405,84281664746
29.9363,33.4043,56.974,0,100,87,73,1669,3504,2.12337,0,16.479,4.01025,0,3405,84315072068
34.0367,29.38,56.974,0,100,87,73,1669,3504,2.12337,0,16.479,4.01025,0,3405,84344455849
30.9028,32.3595,62.5304,0,100,87,72,1617,3504,2.12469,0,16.4428,4.01025,0,3400,84376812460
34.3465,29.115,62.5304,0,100,87,72,1617,3504,2.12469,0,16.4428,4.01025,0,3400,84405929899
24.7006,40.4849,62.5304,0,100,87,72,1617,3504,2.12469,0,16.4428,4.01025,0,3400,84446419619
36.3047,27.5447,62.5304,0,100,87,72,1617,3504,2.12469,0,16.4428,4.01025,0,3400,84473961736
38.4775,25.9892,62.5304,0,100,87,72,1617,3504,2.12469,0,16.4428,4.01025,0,3400,84499953109
31.3384,31.9098,62.5304,0,100,87,72,1617,3504,2.12469,0,16.4428,4.01025,0,3400,84531863042
30.4525,32.838,62.5304,0,100,87,72,1617,3504,2.12469,0,16.4428,4.01025,0,3400,84564702631
30.2461,33.0621,62.5304,0,100,87,72,1617,3504,2.12469,0,16.4428,4.01025,0,3400,84597765980
29.1911,34.257,62.5304,0,100,87,72,1617,3504,2.12469,0,16.4428,4.01025,0,3400,84632023955
39.802,25.1244,62.5304,0,100,87,72,1617,3504,2.12469,0,16.4428,4.01025,0,3400,84657151308
30.6431,32.6338,62.5304,0,100,87,72,1617,3504,2.12469,0,16.4428,4.01025,0,3400,84689784855
29.4367,33.9712,62.5304,0,100,87,72,1617,3504,2.12469,0,16.4428,4.01025,0,3400,84723757453
39.0239,25.6253,62.5304,0,100,87,72,1617,3504,2.12469,0,16.4428,4.01025,0,3400,84749384282
28.4961,35.0925,62.5304,0,100,87,72,1617,3504,2.12469,0,16.4428,4.01025,0,3400,84784479159
35.6426,28.0563,62.5304,0,100,87,72,1617,3504,2.12469,0,16.4428,4.01025,0,3400,84812535105
29.8106,33.5451,62.5304,0,100,87,72,1617,3504,2.12469,0,16.4428,4.01025,0,3400,84846083745
31.4629,31.7834,63.8243,0,100,87,71,1513,3504,2.12763,0,16.4285,4.01025,0,3400,84877866372
34.9592,28.6047,63.8243,0,100,87,71,1513,3504,2.12763,0,16.4285,4.01025,0,3400,84906474652
30.5065,32.7799,63.8243,0,100,87,71,1513,3504,2.12763,0,16.4285,4.01025,0,3400,84939254061
31.2712,31.9783,63.8243,0,100,87,71,1513,3504,2.12763,0,16.4285,4.01025,0,3400,84971233675
33.8202,29.5682,63.8243,0,100,87,71,1513,3504,2.12763,0,16.4285,4.01025,0,3400,85000802832
30.2566,33.0507,63.8243,0,100,87,71,1513,3504,2.12763,0,16.4285,4.01025,0,3400,85033855111
32.4202,30.845,63.8243,0,100,87,71,1513,3504,2.12763,0,16.4285,4.01025,0,3400,85064702582
31.8474,31.3997,63.8243,0,100,87,71,1513,3504,2.12763,0,16.4285,4.01025,0,3400,85096102513
31.7612,31.4849,63.8243,0,100,87,71,1513,3504,2.12763,0,16.4285,4.01025,0,3400,85127587898
31.4849,31.7613,63.8243,0,100,87,71,1513,3504,2.12763,0,16.4285,4.01025,0,3400,85159351258
33.0382,30.268,63.8243,0,100,87,71,1513,3504,2.12763,0,16.4285,4.01025,0,3400,85189619271
31.37,31.8776,63.8243,0,100,87,71,1513,3504,2.12763,0,16.4285,4.01025,0,3400,85221498811
32.3554,30.9067,63.8243,0,100,87,71,1513,3504,2.12763,0,16.4285,4.01025,0,3400,85252406183
31.2481,32.002,63.8243,0,100,87,71,1513,3504,2.12763,0,16.4285,4.01025,0,3400,85284408876
28.7631,34.7667,63.8243,0,100,87,71,1513,3504,2.12763,0,16.4285,4.01025,0,3400,85319177191
33.183,30.1359,63.8243,0,100,87,71,1513,3504,2.12763,0,16.4285,4.01025,0,3400,85349317833
32.1567,31.0978,40.1985,0,100,82,71,1506,3504,2.14283,0,16.4026,4.01025,0,3400,85380418438
31.8427,31.4044,40.1985,0,100,82,71,1506,3504,2.14283,0,16.4026,4.01025,0,3400,85411818682
30.925,32.3363,40.1985,0,100,82,71,1506,3504,2.14283,0,16.4026,4.01025,0,3400,85444155801
32.1771,31.078,40.1985,0,100,82,71,1506,3504,2.14283,0,16.4026,4.01025,0,3400,85475237801
29.8809,33.4662,40.1985,0,100,82,71,1506,3504,2.14283,0,16.4026,4.01025,0,3400,85508703611
30.083,33.2413,40.1985,0,100,82,71,1506,3504,2.14283,0,16.4026,4.01025,0,3400,85541947677
37.9099,26.3784,40.1985,0,100,82,71,1506,3504,2.14283,0,16.4026,4.01025,0,3400,85568325687
30.6596,32.6162,40.1985,0,100,82,71,1506,3504,2.14283,0,16.4026,4.01025,0,3400,85600943471
28.4907,35.0992,40.1985,0,100,82,71,1506,3504,2.14283,0,16.4026,4.01025,0,3400,85636044101
30.7323,32.5391,40.1985,0,100,82,71,1506,3504,2.14283,0,16.4026,4.01025,0,3400,85668585006
39.7877,25.1334,40.1985,0,100,82,71,1506,3504,2.14283,0,16.4026,4.01025,0,3400,85693718470
26.6029,37.5899,40.1985,0,100,82,71,1506,3504,2.14283,0,16.4026,4.01025,0,3400,85731309219
34.5752,28.9225,40.1985,0,100,82,71,1506,3504,2.14283,0,16.4026,4.01025,0,3400,85760233589
33.5321,29.8221,40.1985,0,100,82,71,1506,3504,2.14283,0,16.4026,4.01025,0,3400,85790057313
29.6126,33.7694,40.1985,0,100,82,71,1506,3504,2.14283,0,16.4026,4.01025,0,3400,85823827651
27.2459,36.7028,40.1985,0,100,82,71,1506,3504,2.14283,0,16.4026,4.01025,0,3400,85860538827
41.1483,24.3023,58.3744,0,100,82,71,1496,3504,2.14591,0,16.3691,4.01025,0,3400,85884836033
30.5267,32.7582,58.3744,0,100,82,71,1496,3504,2.14591,0,16.3691,4.01025,0,3400,85917594981
32.6851,30.595,58.3744,0,100,82,71,1496,3504,2.14591,0,16.3691,4.01025,0,3400,85948191258
29.3193,34.1072,58.3744,0,100,82,71,1496,3504,2.14591,0,16.3691,4.01025,0,3400,85982300694
34.6441,28.8649,58.3744,0,100,82,71,1496,3504,2.14591,0,16.3691,4.01025,0,3400,86011217298
29.5148,33.8813,58.3744,0,100,82,71,1496,3504,2.14591,0,16.3691,4.01025,0,3400,86045047970
32.3521,30.9099,58.3744,0,100,82,71,1496,3504,2.14591,0,16.3691,4.01025,0,3400,86075960233
31.1925,32.059,58.3744,0,100,82,71,1496,3504,2.14591,0,16.3691,4.01025,0,3400,86108018832
28.9,34.6021,58.3744,0,100,82,71,1496,3504,2.14591,0,16.3691,4.01025,0,3400,86142623056
33.0051,30.2984,58.3744,0,100,82,71,1496,3504,2.14591,0,16.3691,4.01025,0,3400,86172922390
35.2422,28.3751,58.3744,0,100,82,71,1496,3504,2.14591,0,16.3691,4.01025,0,3400,86201300391
31.8173,31.4295,58.3744,0,100,82,71,1496,3504,2.14591,0,16.3691,4.01025,0,3400,86232730940
29.9384,33.4019,58.3744,0,100,82,71,1496,3504,2.14591,0,16.3691,4.01025,0,3400,86266133251
31.8747,31.3728,58.3744,0,100,82,71,1496,3504,2.14591,0,16.3691,4.01025,0,3400,86297507396
31.2075,32.0435,58.3744,0,100,82,71,1496,3504,2.14591,0,16.3691,4.01025,0,3400,86329552833
31.6413,31.6043,58.3744,0,100,82,71,1496,3504,2.14591,0,16.3691,4.01025,0,3400,86361158587
30.4458,32.8453,55.1122,0,100,84,71,1498,3504,2.14959,0,16.3568,4.01025,0,3400,86394006317
30.4472,32.8437,55.1122,0,100,84,71,1498,3504,2.14959,0,16.3568,4.01025,0,3400,86426851582
32.6568,30.6215,55.1122,0,100,84,71,1498,3504,2.14959,0,16.3568,4.01025,0,3400,86457472654
31.6663,31.5793,55.1122,0,100,84,71,1498,3504,2.14959,0,16.3568,4.01025,0,3400,86489056996
35.3957,28.252,55.1122,0,100,84,71,1498,3504,2.14959,0,16.3568,4.01025,0,3400,86517309045
32.0324,31.2184,55.1122,0,100,84,71,1498,3504,2.14959,0,16.3568,4.01025,0,3400,86548528273
32.7959,30.4916,55.1122,0,100,84,71,1498,3504,2.14959,0,16.3568,4.01025,0,3400,86579964696
34.3516,29.1107,55.1122,0,100,84,71,1498,3504,2.14959,0,16.3568,4.01025,0,3400,86608132853
35.0687,28.5154,55.1122,0,100,84,71,1498,3504,2.14959,0,16.3568,4.01025,0,3400,86636649438
29.203,34.2431,55.1122,0,100,84,71,1498,3504,2.14959,0,16.3568,4.01025,0,3400,86670893905
34.2573,29.1909,55.1122,0,100,84,71,1498,3504,2.14959,0,16.3568,4.01025,0,3400,86700086488
32.6011,30.6738,55.1122,0,100,84,71,1498,3504,2.14959,0,16.3568,4.01025,0,3400,86730761442
34.0882,29.3357,55.1122,0,100,84,71,1498,3504,2.14959,0,16.3568,4.01025,0,3400,86760097854
29.2746,34.1593,55.1122,0,100,84,71,1498,3504,2.14959,0,16.3568,4.01025,0,3400,86794258507
31.8114,31.4352,55.1122,0,100,84,71,1498,3504,2.14959,0,16.3568,4.01025,0,3400,86825697612
40.8673,24.4695,55.1122,0,100,84,71,1498,3504,2.14959,0,16.3568,4.01025,0,3400,86850166013
32.2189,31.0376,55.1122,0,100,84,71,1498,3504,2.14959,0,16.3568,4.01025,0,3400,86881208515
32.3725,30.8904,59.0686,0,100,84,71,1563,3504,2.15235,0,16.3997,4.01025,0,3414,86912098971
35.5738,28.1106,59.0686,0,100,84,71,1563,3504,2.15235,0,16.3997,4.01025,0,3414,86940209726
30.1105,33.211,59.0686,0,100,84,71,1563,3504,2.15235,0,16.3997,4.01025,0,3414,86973420919
36.0574,27.7335,59.0686,0,100,84,71,1563,3504,2.15235,0,16.3997,4.01025,0,3414,87001156201
33.3862,29.9525,59.0686,0,100,84,71,1563,3504,2.15235,0,16.3997,4.01025,0,3414,87031110856
30.1413,33.1771,59.0686,0,100,84,71,1563,3504,2.15235,0,16.3997,4.01025,0,3414,87064288751
35.4136,28.2378,59.0686,0,100,84,71,1563,3504,2.15235,0,16.3997,4.01025,0,3414,87092528143
31.1681,32.0841,59.0686,0,100,84,71,1563,3504,2.15235,0,16.3997,4.01025,0,3414,87124612848
32.6656,30.6132,59.0686,0,100,84,71,1563,3504,2.15235,0,16.3997,4.01025,0,3414,87155229489
28.432,35.1716,59.0686,0,100,84,71,1563,3504,2.15235,0,16.3997,4.01025,0,3414,87190401352
40.4978,24.6927,59.0686,0,100,84,71,1563,3504,2.15235,0,16.3997,4.01025,0,3414,87215094770
30.265,33.0415,59.0686,0,100,84,71,1563,3504,2.15235,0,16.3997,4.01025,0,3414,87248136719
34.172,29.2638,59.0686,0,100,84,71,1563,3504,2.15235,0,16.3997,4.01025,0,3414,87277402627
31.7889,31.4576,59.0686,0,100,84,71,1563,3504,2.15235,0,16.3997,4.01025,0,3414,87308862011
34.2822,29.1696,59.0686,0,100,84,71,1563,3504,2.15235,0,16.3997,4.01025,0,3414,87338034181
30.8106,32.4564,59.0686,0,100,84,71,1563,3504,2.15235,0,16.3997,4.01025,0,3414,87370491670
35.7771,27.9508,59.0686,0,100,84,71,1563,3504,2.15235,0,16.3997,4.01025,0,3414,87398444889
31.8356,31.4113,57.1078,0,100,90,71,1563,3504,2.15235,0,16.4082,4.01025,0,3417,87429854898
29.9024,33.4421,57.1078,0,100,90,71,1563,3504,2.15235,0,16.4082,4.01025,0,3417,87463298440
36.0448,27.7432,57.1078,0,100,90,71,1563,3504,2.15235,0,16.4082,4.01025,0,3417,87491044691
33.3889,29.9501,57.1078,0,100,90,71,1563,3504,2.15235,0,16.4082,4.01025,0,3417,87520994091
31.1648,32.0874,57.1078,0,100,90,71,1563,3504,2.15235,0,16.4082,4.01025,0,3417,87553082731
34.579,28.9193,57.1078,0,100,90,71,1563,3504,2.15235,0,16.4082,4.01025,0,3417,87582003514
32.3924,30.8715,57.1078,0,100,90,71,1563,3504,2.15235,0,16.4082,4.01025,0,3417,87612875701
31.7719,31.4743,57.1078,0,100,90,71,1563,3504,2.15235,0,16.4082,4.01025,0,3417,87644358651
35.2824,28.3427,57.1078,0,100,90,71,1563,3504,2.15235,0,16.4082,4.01025,0,3417,87672720156
17.5613,56.9433,57.1078,0,100,90,71,1563,3504,2.15235,0,16.4082,4.01025,0,3417,87729645819
24.1595,41.3915,57.1078,0,100,90,71,1563,3504,2.15235,0,16.4082,4.01025,0,3417,87771038729
39.4785,25.3302,57.1078,0,100,90,71,1563,3504,2.15235,0,16.4082,4.01025,0,3417,87796369015
28.135,35.543,57.1078,0,100,90,71,1563,3504,2.15235,0,16.4082,4.01025,0,3417,87831912415
40.5576,24.6563,57.1078,0,100,90,71,1563,3504,2.15235,0,16.4082,4.01025,0,3417,87856571151
51.1786,19.5394,57.1078,0,100,90,71,1563,3504,2.15235,0,16.4082,4.01025,0,3417,87876110634
31.2599,31.9899,57.1078,0,100,90,71,1563,3504,2.15235,0,16.4082,4.01025,0,3417,87908107911
36.1694,27.6477,52.6185,0,100,90,72,1603,3504,2.15302,0,16.3849,4.01025,0,3400,87935751087
36.5786,27.3384,52.6185,0,100,90,72,1603,3504,2.15302,0,16.3849,4.01025,0,3400,87963091412
25.6227,39.0279,52.6185,0,100,90,72,1603,3504,2.15302,0,16.3849,4.01025,0,3400,88002120520
51.9182,19.2611,52.6185,0,100,90,72,1603,3504,2.15302,0,16.3849,4.01025,0,3400,88021382509
36.4481,27.4362,52.6185,0,100,90,72,1603,3504,2.15302,0,16.3849,4.01025,0,3400,88048885570
29.469,33.934,52.6185,0,100,90,72,1603,3504,2.15302,0,16.3849,4.01025,0,3400,88082821323
33.5861,29.7742,52.6185,0,100,90,72,1603,3504,2.15302,0,16.3849,4.01025,0,3400,88112595329
32.8173,30.4717,52.6185,0,100,90,72,1603,3504,2.15302,0,16.3849,4.01025,0,3400,88143069494
32.4817,30.7865,52.6185,0,100,90,72,1603,3504,2.15302,0,16.3849,4.01025,0,3400,88173857008
33.1789,30.1396,52.6185,0,100,90,72,1603,3504,2.15302,0,16.3849,4.01025,0,3400,88203998288
32.7168,30.5654,52.6185,0,100,90,72,1603,3504,2.15302,0,16.3849,4.01025,0,3400,88234564257
31.3956,31.8516,52.6185,0,100,90,72,1603,3504,2.15302,0,16.3849,4.01025,0,3400,88266418633
35.3465,28.2914,52.6185,0,100,90,72,1603,3504,2.15302,0,16.3849,4.01025,0,3400,88294709706
32.58,30.6937,52.6185,0,100,90,72,1603,3504,2.15302,0,16.3849,4.01025,0,3400,88325404516
33.1678,30.1497,52.6185,0,100,90,72,1603,3504,2.15302,0,16.3849,4.01025,0,3400,88355558999
34.1773,29.2592,52.6185,0,100,90,72,1603,3504,2.15302,0,16.3849,4.01025,0,3400,88384817103
32.3173,30.9432,52.6185,0,100,90,72,1603,3504,2.15302,0,16.3849,4.01025,0,3400,88415764547
32.8622,30.4301,55.4187,0,98,89,72,1612,3504,2.15332,0,16.4451,4.0249,0,3400,88446192116
31.0178,32.2396,55.4187,0,98,89,72,1612,3504,2.15332,0,16.4451,4.0249,0,3400,88478433023
34.1787,29.258,55.4187,0,98,89,72,1612,3504,2.15332,0,16.4451,4.0249,0,3400,88507691980
33.9629,29.4439,55.4187,0,98,89,72,1612,3504,2.15332,0,16.4451,4.0249,0,3400,88537138540
34.1105,29.3165,55.4187,0,98,89,72,1612,3504,2.15332,0,16.4451,4.0249,0,3400,88566455556
31.4817,31.7645,55.4187,0,98,89,72,1612,3504,2.15332,0,16.4451,4.0249,0,3400,88598222007
31.1034,32.1508,55.4187,0,98,89,72,1612,3504,2.15332,0,16.4451,4.0249,0,3400,88630373731
33.6575,29.7111,55.4187,0,98,89,72,1612,3504,2.15332,0,16.4451,4.0249,0,3400,88660086564
32.0211,31.2294,55.4187,0,98,89,72,1612,3504,2.15332,0,16.4451,4.0249,0,3400,88691317229
30.8019,32.4655,55.4187,0,98,89,72,1612,3504,2.15332,0,16.4451,4.0249,0,3400,88723785920
33.7078,29.6668,55.4187,0,98,89,72,1612,3504,2.15332,0,16.4451,4.0249,0,3400,88753451229
33.3126,30.0187,55.4187,0,98,89,72,1612,3504,2.15332,0,16.4451,4.0249,0,3400,88783474242
32.9221,30.3748,55.4187,0,98,89,72,1612,3504,2.15332,0,16.4451,4.0249,0,3400,88813849357
31.7176,31.5283,55.4187,0,98,89,72,1612,3504,2.15332,0,16.4451,4.0249,0,3400,88845377889
29.9348,33.4059,55.4187,0,98,89,72,1612,3504,2.15332,0,16.4451,4.0249,0,3400,88878784905
32.0353,31.2155,55.4187,0,98,89,72,1612,3504,2.15332,0,16.4451,4.0249,0,3400,88910002528
38.924,25.6911,55.4187,0,98,89,72,1612,3504,2.15332,0,16.4451,4.0249,0,3400,88935697220
31.247,32.003,58.3732,0,100,89,72,1603,3504,2.15334,0,16.4515,4.0249,0,3410,88967698875
28.5276,35.0538,58.3732,0,100,89,72,1603,3504,2.15334,0,16.4515,4.0249,0,3410,89002754567
32.4069,30.8576,58.3732,0,100,89,72,1603,3504,2.15334,0,16.4515,4.0249,0,3410,89033615319
39.208,25.505,58.3732,0,100,89,72,1603,3504,2.15334,0,16.4515,4.0249,0,3410,89059118615
30.9969,32.2613,58.3732,0,100,89,72,1603,3504,2.15334,0,16.4515,4.0249,0,3410,89091380838
32.5576,30.7148,58.3732,0,100,89,72,1603,3504,2.15334,0,16.4515,4.0249,0,3410,89122097895
32.7185,30.5638,58.3732,0,100,89,72,1603,3504,2.15334,0,16.4515,4.0249,0,3410,89152662321
31.1419,32.1111,58.3732,0,100,89,72,1603,3504,2.15334,0,16.4515,4.0249,0,3410,89184779262
31.3543,31.8936,58.3732,0,100,89,72,1603,3504,2.15334,0,16.4515,4.0249,0,3410,89216671093
34.3586,29.1048,58.3732,0,100,89,72,1603,3504,2.15334,0,16.4515,4.0249,0,3410,89245776082
26.7896,37.328,58.3732,0,100,89,72,1603,3504,2.15334,0,16.4515,4.0249,0,3410,89283104796
34.6808,28.8344,58.3732,0,100,89,72,1603,3504,2.15334,0,16.4515,4.0249,0,3410,89311944541
38.6881,25.8477,58.3732,0,100,89,72,1603,3504,2.15334,0,16.4515,4.0249,0,3410,89337790941
34.9539,28.6091,58.3732,0,100,89,72,1603,3504,2.15334,0,16.4515,4.0249,0,3410,89366400719
34.0329,29.3834,58.3732,0,100,89,72,1603,3504,2.15334,0,16.4515,4.0249,0,3410,89395785298
31.8417,31.4054,58.3732,0,100,89,72,1603,3504,2.15334,0,16.4515,4.0249,0,3410,89427194782
34.1355,29.295,58.3732,0,100,89,72,1603,3504,2.15334,0,16.4515,4.0249,0,3410,89456495159
31.3211,31.9273,62.8019,0,100,90,72,1607,3504,2.15469,0,16.466,4.0249,0,3400,89488420138
35.2441,28.3735,62.8019,0,100,90,72,1607,3504,2.15469,0,16.466,4.0249,0,3400,89516793174
33.8501,29.542,62.8019,0,100,90,72,1607,3504,2.15469,0,16.466,4.0249,0,3400,89546337502
35.2996,28.3289,62.8019,0,100,90,72,1607,3504,2.15469,0,16.466,4.0249,0,3400,89574667719
33.6664,29.7032,62.8019,0,100,90,72,1607,3504,2.15469,0,16.466,4.0249,0,3400,89604374079
31.5344,31.7114,62.8019,0,100,90,72,1607,3504,2.15469,0,16.466,4.0249,0,3400,89636086800
36.9792,27.0423,62.8019,0,100,90,72,1607,3504,2.15469,0,16.466,4.0249,0,3400,89663142575
32.4825,30.7858,62.8019,0,100,90,72,1607,3504,2.15469,0,16.466,4.0249,0,3400,89693915273
29.2227,34.22,62.8019,0,100,90,72,1607,3504,2.15469,0,16.466,4.0249,0,3400,89728137150
34.3463,29.1152,62.8019,0,100,90,72,1607,3504,2.15469,0,16.466,4.0249,0,3400,89757254850
35.4553,28.2045,62.8019,0,100,90,72,1607,3504,2.15469,0,16.466,4.0249,0,3400,89785467190
24.6109,40.6324,62.8019,0,100,90,72,1607,3504,2.15469,0,16.466,4.0249,0,3400,89826092758
49.4645,20.2165,62.8019,0,100,90,72,1607,3504,2.15469,0,16.466,4.0249,0,3400,89846310712
24.57,40.7,62.8019,0,100,90,72,1607,3504,2.15469,0,16.466,4.0249,0,3400,89887013381
44.537,22.4533,62.8019,0,100,90,72,1607,3504,2.15469,0,16.466,4.0249,0,3400,89909465961
30.8444,32.4208,62.8019,0,100,90,72,1607,3504,2.15469,0,16.466,4.0249,0,3400,89941892090
39.5457,25.2872,62.8019,0,100,90,72,1607,3504,2.15469,0,16.466,4.0249,0,3400,89967182998
32.5332,30.7378,66.9154,0,100,90,72,1680,3504,2.16026,0,16.4474,4.03808,0,3400,89997917547
35.7973,27.9351,66.9154,0,100,90,72,1680,3504,2.16026,0,16.4474,4.03808,0,3400,90025854944
31.4725,31.7737,66.9154,0,100,90,72,1680,3504,2.16026,0,16.4474,4.03808,0,3400,90057642243
36.333,27.5232,66.9154,0,100,90,72,1680,3504,2.16026,0,16.4474,4.03808,0,3400,90085154297
34.6001,28.9016,66.9154,0,100,90,72,1680,3504,2.16026,0,16.4474,4.03808,0,3400,90114057201
32.6513,30.6266,66.9154,0,100,90,72,1680,3504,2.16026,0,16.4474,4.03808,0,3400,90144685113
32.1372,31.1166,66.9154,0,100,90,72,1680,3504,2.16026,0,16.4474,4.03808,0,3400,90175802164
34.673,28.8409,66.9154,0,100,90,72,1680,3504,2.16026,0,16.4474,4.03808,0,3400,90204644178
33.7225,29.6538,66.9154,0,100,90,72,1680,3504,2.16026,0,16.4474,4.03808,0,3400,90234298471
32.5094,30.7603,66.9154,0,100,90,72,1680,3504,2.16026,0,16.4474,4.03808,0,3400,90265060230
33.56,29.7974,66.9154,0,100,90,72,1680,3504,2.16026,0,16.4474,4.03808,0,3400,90294859159
29.2437,34.1954,66.9154,0,100,90,72,1680,3504,2.16026,0,16.4474,4.03808,0,3400,90329058344
37.3283,26.7893,66.9154,0,100,90,72,1680,3504,2.16026,0,16.4474,4.03808,0,3400,90355847357
37.5465,26.6336,66.9154,0,100,90,72,1680,3504,2.16026,0,16.4474,4.03808,0,3400,90382481256
30.9132,32.3486,66.9154,0,100,90,72,1680,3504,2.16026,0,16.4474,4.03808,0,3400,90414832466
40.4232,24.7383,66.9154,0,100,90,72,1680,3504,2.16026,0,16.4474,4.03808,0,3400,90439572290
35.6187,28.0752,66.9154,0,100,90,72,1680,3504,2.16026,0,16.4474,4.03808,0,3400,90467664946
35.6578,28.0443,70.2771,0,100,87,74,1690,3504,2.18056,0,16.3262,4.10254,0,3400,90495701002
30.7439,32.5267,70.2771,0,100,87,74,1690,3504,2.18056,0,16.3262,4.10254,0,3400,90528226677
28.0238,35.684,70.2771,0,100,87,74,1690,3504,2.18056,0,16.3262,4.10254,0,3400,90563911435
25.1095,39.8255,70.2771,0,100,87,74,1690,3504,2.18056,0,16.3262,4.10254,0,3400,90603738822
16.6183,60.1745,70.2771,0,100,87,74,1690,3504,2.18056,0,16.3262,4.10254,0,3400,90663914768
52.7424,18.9601,70.2771,0,100,87,74,1690,3504,2.18056,0,16.3262,4.10254,0,3400,90682884816
53.4503,18.709,70.2771,0,100,87,74,1690,3504,2.18056,0,16.3262,4.10254,0,3400,90701592608
32.4228,30.8425,70.2771,0,100,87,74,1690,3504,2.18056,0,16.3262,4.10254,0,3400,90732437747
35.1909,28.4164,70.2771,0,100,87,74,1690,3504,2.18056,0,16.3262,4.10254,0,3400,90760858412
34.183,29.2543,70.2771,0,100,87,74,1690,3504,2.18056,0,16.3262,4.10254,0,3400,90790111467
33.6963,29.6769,70.2771,0,100,87,74,1690,3504,2.18056,0,16.3262,4.10254,0,3400,90819791938
36.3647,27.4992,70.2771,0,100,87,74,1690,3504,2.18056,0,16.3262,4.10254,0,3400,90847291667
35.4033,28.2459,70.2771,0,100,87,74,1690,3504,2.18056,0,16.3262,4.10254,0,3400,90875539341
31.5178,31.7281,70.2771,0,100,87,74,1690,3504,2.18056,0,16.3262,4.10254,0,3400,90907268788
31.8629,31.3845,70.2771,0,100,87,74,1690,3504,2.18056,0,16.3262,4.10254,0,3400,90938654445
35.6374,28.0604,70.2771,0,100,87,74,1690,3504,2.18056,0,16.3262,4.10254,0,3400,90966716074
33.2898,30.0393,70.2771,0,100,87,74,1690,3504,2.18056,0,16.3262,4.10254,0,3400,90996762042
35.6595,28.043,61.2048,0,100,87,74,1690,3504,2.18056,0,16.3235,4.10254,0,3400,91024800132
33.54,29.8151,61.2048,0,100,87,74,1690,3504,2.18056,0,16.3235,4.10254,0,3400,91054618903
33.4526,29.893,61.2048,0,100,87,74,1690,3504,2.18056,0,16.3235,4.10254,0,3400,91084512727
32.6207,30.6553,61.2048,0,100,87,74,1690,3504,2.18056,0,16.3235,4.10254,0,3400,91115170793
36.8775,27.1168,61.2048,0,100,87,74,1690,3504,2.18056,0,16.3235,4.10254,0,3400,91142285510
34.3439,29.1172,61.2048,0,100,87,74,1690,3504,2.18056,0,16.3235,4.10254,0,3400,91171405403
32.6124,30.6632,61.2048,0,100,87,74,1690,3504,2.18056,0,16.3235,4.10254,0,3400,91202069719
35.9206,27.8392,61.2048,0,100,87,74,1690,3504,2.18056,0,16.3235,4.10254,0,3400,91229909635
34.5933,28.9074,61.2048,0,100,87,74,1690,3504,2.18056,0,16.3235,4.10254,0,3400,91258818478
34.2295,29.2146,61.2048,0,100,87,74,1690,3504,2.18056,0,16.3235,4.10254,0,3400,91288033140
34.0485,29.3699,61.2048,0,100,87,74,1690,3504,2.18056,0,16.3235,4.10254,0,3400,91317404301
27.9544,35.7725,61.2048,0,100,87,74,1690,3504,2.18056,0,16.3235,4.10254,0,3400,91353178133
39.6623,25.2128,61.2048,0,100,87,74,1690,3504,2.18056,0,16.3235,4.10254,0,3400,91378392756
32.2525,31.0054,61.2048,0,100,87,74,1690,3504,2.18056,0,16.3235,4.10254,0,3400,91409399120
33.2125,30.1092,61.2048,0,100,87,74,1690,3504,2.18056,0,16.3235,4.10254,0,3400,91439509916
31.7391,31.5069,61.2048,0,100,87,74,1690,3504,2.18056,0,16.3235,4.10254,0,3400,91471018504
30.6579,32.6181,61.2048,0,100,87,74,1690,3504,2.18056,0,16.3235,4.10254,0,3400,91503641094
28.3471,35.277,49.3766,0,96,83,73,1685,3504,2.25379,0,16.3451,4.10254,0,3400,91538915398
35.6535,28.0478,49.3766,0,96,83,73,1685,3504,2.25379,0,16.3451,4.10254,0,3400,91566965718
29.6803,33.6924,49.3766,0,96,83,73,1685,3504,2.25379,0,16.3451,4.10254,0,3400,91600658309
31.4595,31.7869,49.3766,0,96,83,73,1685,3504,2.25379,0,16.3451,4.10254,0,3400,91632446911
19.1397,52.2476,49.3766,0,96,83,73,1685,3504,2.25379,0,16.3451,4.10254,0,3400,91684717202
37.5238,26.6497,49.3766,0,96,83,73,1685,3504,2.25379,0,16.3451,4.10254,0,3400,91711367737
24.2308,41.2698,49.3766,0,96,83,73,1685,3504,2.25379,0,16.3451,4.10254,0,3400,91752618011
34.2547,29.1931,49.3766,0,96,83,73,1685,3504,2.25379,0,16.3451,4.10254,0,3400,91781812072
33.5072,29.8444,49.3766,0,96,83,73,1685,3504,2.25379,0,16.3451,4.10254,0,3400,91811670117
32.7142,30.5677,49.3766,0,96,83,73,1685,3504,2.25379,0,16.3451,4.10254,0,3400,91842226747
27.8522,35.9038,49.3766,0,96,83,73,1685,3504,2.25379,0,16.3451,4.10254,0,3400,91878152928
29.6874,33.6844,49.3766,0,96,83,73,1685,3504,2.25379,0,16.3451,4.10254,0,3400,91911819426
32.832,30.4581,49.3766,0,96,83,73,1685,3504,2.25379,0,16.3451,4.10254,0,3400,91942301610
26.7304,37.4106,49.3766,0,96,83,73,1685,3504,2.25379,0,16.3451,4.10254,0,3400,91979691924
23.9959,41.6737,49.3766,0,96,83,73,1685,3504,2.25379,0,16.3451,4.10254,0,3400,92021371284
36.8807,27.1144,72.6368,0,100,83,73,1625,3504,2.27928,0,16.3225,4.10254,0,1749,92048481574
38.044,26.2853,72.6368,0,100,83,73,1625,3504,2.27928,0,16.3225,4.10254,0,1749,92074767805
27.3062,36.6217,72.6368,0,100,83,73,1625,3504,2.27928,0,16.3225,4.10254,0,1749,92111390043
23.4228,42.6934,72.6368,0,100,83,73,1625,3504,2.27928,0,16.3225,4.10254,0,1749,92154084950
28.3644,35.2555,72.6368,0,100,83,73,1625,3504,2.27928,0,16.3225,4.10254,0,1749,92189342867
27.1676,36.8085,72.6368,0,100,83,73,1625,3504,2.27928,0,16.3225,4.10254,0,1749,92226171420
42.6637,23.4391,72.6368,0,100,83,73,1625,3504,2.27928,0,16.3225,4.10254,0,1749,92249632621
38.2155,26.1674,72.6368,0,100,83,73,1625,3504,2.27928,0,16.3225,4.10254,0,1749,92275781444
27.1265,36.8643,72.6368,0,100,83,73,1625,3504,2.27928,0,16.3225,4.10254,0,1749,92312645159
34.5852,28.9141,72.6368,0,100,83,73,1625,3504,2.27928,0,16.3225,4.10254,0,1749,92341581790
31.9635,31.2856,72.6368,0,100,83,73,1625,3504,2.27928,0,16.3225,4.10254,0,1749,92372847513
27.1688,36.8069,72.6368,0,100,83,73,1625,3504,2.27928,0,16.3225,4.10254,0,1749,92409655394
26.0189,38.4336,72.6368,0,100,83,73,1625,3504,2.27928,0,16.3225,4.10254,0,1749,92448103076
35.287,28.3391,72.6368,0,100,83,73,1625,3504,2.27928,0,16.3225,4.10254,0,1749,92476452051
30.8272,32.4389,72.6368,0,100,83,73,1625,3504,2.27928,0,16.3225,4.10254,0,1749,92508869538
34.2931,29.1604,72.6368,0,100,83,73,1625,3504,2.27928,0,16.3225,4.10254,0,1749,92538035727
27.9081,35.8319,80.303,0,99,80,71,1453,3504,2.29388,0,16.3317,4.10254,0,1745,92573865331
24.8605,40.2245,80.303,0,99,80,71,1453,3504,2.29388,0,16.3317,4.10254,0,1745,92614091240
43.0294,23.2399,80.303,0,99,80,71,1453,3504,2.29388,0,16.3317,4.10254,0,1745,92637331378
25.7582,38.8226,80.303,0,99,80,71,1453,3504,2.29388,0,16.3317,4.10254,0,1745,92676155408
35.6047,28.0862,80.303,0,99,80,71,1453,3504,2.29388,0,16.3317,4.10254,0,1745,92704242762
30.6166,32.662,80.303,0,99,80,71,1453,3504,2.29388,0,16.3317,4.10254,0,1745,92736905763
28.3045,35.33,80.303,0,99,80,71,1453,3504,2.29388,0,16.3317,4.10254,0,1745,92772237681
31.8982,31.3497,80.303,0,99,80,71,1453,3504,2.29388,0,16.3317,4.10254,0,1745,92803588913
29.3454,34.0769,80.303,0,99,80,71,1453,3504,2.29388,0,16.3317,4.10254,0,1745,92837688107
24.1611,41.3888,80.303,0,99,80,71,1453,3504,2.29388,0,16.3317,4.10254,0,1745,92879055858
32.3163,30.9441,80.303,0,99,80,71,1453,3504,2.29388,0,16.3317,4.10254,0,1745,92910001011
39.174,25.5271,80.303,0,99,80,71,1453,3504,2.29388,0,16.3317,4.10254,0,1745,92935551391
26.2093,38.1544,80.303,0,99,80,71,1453,3504,2.29388,0,16.3317,4.10254,0,1745,92973685122
29.0163,34.4634,80.303,0,99,80,71,1453,3504,2.29388,0,16.3317,4.10254,0,1745,93008170988
28.7219,34.8167,80.303,0,99,80,71,1453,3504,2.29388,0,16.3317,4.10254,0,1745,93042991886
35.2754,28.3483,67.75,0,99,80,71,1453,3504,2.29388,0,16.3288,4.10254,0,1746,93071340885
31.2416,32.0086,67.75,0,99,80,71,1453,3504,2.29388,0,16.3288,4.10254,0,1746,93103327047
33.4694,29.878,67.75,0,99,80,71,1453,3504,2.29388,0,16.3288,4.10254,0,1746,93133206005
25.8757,38.6463,67.75,0,99,80,71,1453,3504,2.29388,0,16.3288,4.10254,0,1746,93171854330
29.2244,34.218,67.75,0,99,80,71,1453,3504,2.29388,0,16.3288,4.10254,0,1746,93206072886
34.2811,29.1706,67.75,0,99,80,71,1453,3504,2.29388,0,16.3288,4.10254,0,1746,93235248233
34.7422,28.7835,67.75,0,99,80,71,1453,3504,2.29388,0,16.3288,4.10254,0,1746,93264029556
29.6815,33.691,67.75,0,99,80,71,1453,3504,2.29388,0,16.3288,4.10254,0,1746,93297740221
28.7132,34.8272,67.75,0,99,80,71,1453,3504,2.29388,0,16.3288,4.10254,0,1746,93332550830
25.8778,38.6432,67.75,0,99,80,71,1453,3504,2.29388,0,16.3288,4.10254,0,1746,93371196203
31.1322,32.121,67.75,0,99,80,71,1453,3504,2.29388,0,16.3288,4.10254,0,1746,93403317333
30.0681,33.2578,67.75,0,99,80,71,1453,3504,2.29388,0,16.3288,4.10254,0,1746,93436575167
33.1947,30.1253,67.75,0,99,80,71,1453,3504,2.29388,0,16.3288,4.10254,0,1746,93466701760
37.9999,26.3158,67.75,0,99,80,71,1453,3504,2.29388,0,16.3288,4.10254,0,1746,93493017686
30.844,32.4212,67.75,0,99,80,71,1453,3504,2.29388,0,16.3288,4.10254,0,1746,93525439404
28.6061,34.9576,67.75,0,99,80,71,1453,3504,2.29388,0,16.3288,4.10254,0,1746,93560402121
26.59,37.6082,73.4336,0,99,79,70,1454,3504,2.29679,0,16.3596,4.10254,0,1733,93598008409
34.0092,29.4038,73.4336,0,99,79,70,1454,3504,2.29679,0,16.3596,4.10254,0,1733,93627413767
36.5352,27.3709,73.4336,0,99,79,70,1454,3504,2.29679,0,16.3596,4.10254,0,1733,93654806297
30.2367,33.0723,73.4336,0,99,79,70,1454,3504,2.29679,0,16.3596,4.10254,0,1733,93687879486
27.1714,36.8034,73.4336,0,99,79,70,1454,3504,2.29679,0,16.3596,4.10254,0,1733,93724685431
29.6333,33.7458,73.4336,0,99,79,70,1454,3504,2.29679,0,16.3596,4.10254,0,1733,93758433350
29.9677,33.3693,73.4336,0,99,79,70,1454,3504,2.29679,0,16.3596,4.10254,0,1733,93791802559
33.3824,29.9559,73.4336,0,99,79,70,1454,3504,2.29679,0,16.3596,4.10254,0,1733,93821761049
33.7498,29.6298,73.4336,0,99,79,70,1454,3504,2.29679,0,16.3596,4.10254,0,1733,93851412966
16.0204,62.4204,73.4336,0,99,79,70,1454,3504,2.29679,0,16.3596,4.10254,0,1733,93913812736
23.7894,42.0356,73.4336,0,99,79,70,1454,3504,2.29679,0,16.3596,4.10254,0,1733,93955863198
51.8524,19.2855,73.4336,0,99,79,70,1454,3504,2.29679,0,16.3596,4.10254,0,1733,93975135929
26.7131,37.4348,73.4336,0,99,79,70,1454,3504,2.29679,0,16.3596,4.10254,0,1733,94012572405
42.7805,23.3751,73.4336,0,99,79,70,1454,3504,2.29679,0,16.3596,4.10254,0,1733,94035961976
34.2095,29.2317,73.4336,0,99,79,70,1454,3504,2.29679,0,16.3596,4.10254,0,1733,94065184164
28.4678,35.1274,61.9898,0,100,79,70,1453,3504,2.29712,0,16.3624,4.10254,0,1802,94100310134
30.5676,32.7144,61.9898,0,100,79,70,1453,3504,2.29712,0,16.3624,4.10254,0,1802,94133177401
26.6155,37.5721,61.9898,0,100,79,70,1453,3504,2.29712,0,16.3624,4.10254,0,1802,94170599011
33.1849,30.1342,61.9898,0,100,79,70,1453,3504,2.29712,0,16.3624,4.10254,0,1802,94200754926
30.888,32.3751,61.9898,0,100,79,70,1453,3504,2.29712,0,16.3624,4.10254,0,1802,94233109601
28.4455,35.155,61.9898,0,100,79,70,1453,3504,2.29712,0,16.3624,4.10254,0,1802,94268286810
31.653,31.5926,61.9898,0,100,79,70,1453,3504,2.29712,0,16.3624,4.10254,0,1802,94299880766
30.1592,33.1573,61.9898,0,100,79,70,1453,3504,2.29712,0,16.3624,4.10254,0,1802,94333039772
29.1078,34.3551,61.9898,0,100,79,70,1453,3504,2.29712,0,16.3624,4.10254,0,1802,94367395797
33.1024,30.2092,61.9898,0,100,79,70,1453,3504,2.29712,0,16.3624,4.10254,0,1802,94397607352
28.1373,35.54,61.9898,0,100,79,70,1453,3504,2.29712,0,16.3624,4.10254,0,1802,94433159971
31.624,31.6216,61.9898,0,100,79,70,1453,3504,2.29712,0,16.3624,4.10254,0,1802,94464791898
28.7653,34.7641,61.9898,0,100,79,70,1453,3504,2.29712,0,16.3624,4.10254,0,1802,94499535882
27.7473,36.0396,61.9898,0,100,79,70,1453,3504,2.29712,0,16.3624,4.10254,0,1802,94535577176
35.7896,27.9411,61.9898,0,100,79,70,1453,3504,2.29712,0,16.3624,4.10254,0,1802,94563520166
21.8732,45.7181,61.9898,0,100,79,70,1453,3504,2.29712,0,16.3624,4.10254,0,1802,94609242687
38.5172,25.9624,63.0588,0,100,81,70,1453,3504,2.29712,0,16.3623,4.10254,0,1732,94635202805
28.0545,35.6449,63.0588,0,100,81,70,1453,3504,2.29712,0,16.3623,4.10254,0,1732,94670848591
28.3423,35.283,63.0588,0,100,81,70,1453,3504,2.29712,0,16.3623,4.10254,0,1732,94706153906
33.0283,30.2771,63.0588,0,100,81,70,1453,3504,2.29712,0,16.3623,4.10254,0,1732,94736434594
34.8068,28.73,63.0588,0,100,81,70,1453,3504,2.29712,0,16.3623,4.10254,0,1732,94765142757
28.8717,34.636,63.0588,0,100,81,70,1453,3504,2.29712,0,16.3623,4.10254,0,1732,94799780557
33.9382,29.4653,63.0588,0,100,81,70,1453,3504,2.29712,0,16.3623,4.10254,0,1732,94829246434
28.1835,35.4818,63.0588,0,100,81,70,1453,3504,2.29712,0,16.3623,4.10254,0,1732,94864749633
31.4441,31.8024,63.0588,0,100,81,70,1453,3504,2.29712,0,16.3623,4.10254,0,1732,94896531910
25.6603,38.9707,63.0588,0,100,81,70,1453,3504,2.29712,0,16.3623,4.10254,0,1732,94935503972
32.4885,30.7801,63.0588,0,100,81,70,1453,3504,2.29712,0,16.3623,4.10254,0,1732,94966285318
30.2145,33.0967,63.0588,0,100,81,70,1453,3504,2.29712,0,16.3623,4.10254,0,1732,94999383020
31.579,31.6666,63.0588,0,100,81,70,1453,3504,2.29712,0,16.3623,4.10254,0,1732,95031071693
27.2317,36.7219,63.0588,0,100,81,70,1453,3504,2.29712,0,16.3623,4.10254,0,1732,95067773218
35.0555,28.5262,63.0588,0,100,81,70,1453,3504,2.29712,0,16.3623,4.10254,0,1732,95096322673
31.6407,31.6049,63.0588,0,100,81,70,1453,3504,2.29712,0,16.3623,4.10254,0,1732,95127911256
29.1725,34.2789,66.2562,0,98,81,70,1452,3504,2.29712,0,16.3686,4.10254,0,1788,95162188478
25.3579,39.4355,66.2562,0,98,81,70,1452,3504,2.29712,0,16.3686,4.10254,0,1788,95201646120
33.6681,29.7017,66.2562,0,98,81,70,1452,3504,2.29712,0,16.3686,4.10254,0,1788,95231327205
34.3978,29.0716,66.2562,0,98,81,70,1452,3504,2.29712,0,16.3686,4.10254,0,1788,95260399641
28.3952,35.2173,66.2562,0,98,81,70,1452,3504,2.29712,0,16.3686,4.10254,0,1788,95295618457
31.2258,32.0248,66.2562,0,98,81,70,1452,3504,2.29712,0,16.3686,4.10254,0,1788,95327644581
29.2295,34.2121,66.2562,0,98,81,70,1452,3504,2.29712,0,16.3686,4.10254,0,1788,95361859887
30.4186,32.8746,66.2562,0,98,81,70,1452,3504,2.29712,0,16.3686,4.10254,0,1788,95394734839
30.5022,32.7845,66.2562,0,98,81,70,1452,3504,2.29712,0,16.3686,4.10254,0,1788,95427519669
29.3565,34.0639,66.2562,0,98,81,70,1452,3504,2.29712,0,16.3686,4.10254,0,1788,95461585232
33.526,29.8276,66.2562,0,98,81,70,1452,3504,2.29712,0,16.3686,4.10254,0,1788,95491415389
23.5873,42.3957,66.2562,0,98,81,70,1452,3504,2.29712,0,16.3686,4.10254,0,1788,95533810914
29.6618,33.7134,66.2562,0,98,81,70,1452,3504,2.29712,0,16.3686,4.10254,0,1788,95567546870
39.7326,25.1682,66.2562,0,98,81,70,1452,3504,2.29712,0,16.3686,4.10254,0,1788,95592716014
27.5237,36.3323,66.2562,0,98,81,70,1452,3504,2.29712,0,16.3686,4.10254,0,1788,95629056225
33.982,29.4273,63.5443,0,100,80,70,1451,3504,2.29712,0,16.3687,4.10254,0,1842,95658500736
27.905,35.8359,63.5443,0,100,80,70,1451,3504,2.29712,0,16.3687,4.10254,0,1842,95694337241
27.4923,36.3738,63.5443,0,100,80,70,1451,3504,2.29712,0,16.3687,4.10254,0,1842,95730710656
31.1048,32.1494,63.5443,0,100,80,70,1451,3504,2.29712,0,16.3687,4.10254,0,1842,95762862929
29.6525,33.724,63.5443,0,100,80,70,1451,3504,2.29712,0,16.3687,4.10254,0,1842,95796587282
27.9587,35.7671,63.5443,0,100,80,70,1451,3504,2.29712,0,16.3687,4.10254,0,1842,95832376694
33.7433,29.6355,63.5443,0,100,80,70,1451,3504,2.29712,0,16.3687,4.10254,0,1842,95862013720
30.7308,32.5406,63.5443,0,100,80,70,1451,3504,2.29712,0,16.3687,4.10254,0,1842,95894533771
27.9172,35.8202,63.5443,0,100,80,70,1451,3504,2.29712,0,16.3687,4.10254,0,1842,95930376470
30.6092,32.6699,63.5443,0,100,80,70,1451,3504,2.29712,0,16.3687,4.10254,0,1842,95963026392
33.1366,30.1781,63.5443,0,100,80,70,1451,3504,2.29712,0,16.3687,4.10254,0,1842,95993206339
27.187,36.7824,63.5443,0,100,80,70,1451,3504,2.29712,0,16.3687,4.10254,0,1842,96029989416
34.4679,29.0125,63.5443,0,100,80,70,1451,3504,2.29712,0,16.3687,4.10254,0,1842,96059003285
29.4783,33.9232,63.5443,0,100,80,70,1451,3504,2.29712,0,16.3687,4.10254,0,1842,96092927429
32.3,30.9597,63.5443,0,100,80,70,1451,3504,2.29712,0,16.3687,4.10254,0,1842,96123888217
26.4784,37.7666,63.5443,0,100,80,70,1451,3504,2.29712,0,16.3687,4.10254,0,1842,96161660737
26.6808,37.4802,73.913,0,100,80,70,1451,3504,2.29712,0,16.3645,4.10254,0,1776,96199159733
33.836,29.5544,73.913,0,100,80,70,1451,3504,2.29712,0,16.3645,4.10254,0,1776,96228715730
32.589,30.6852,73.913,0,100,80,70,1451,3504,2.29712,0,16.3645,4.10254,0,1776,96259400038
29.054,34.4187,73.913,0,100,80,70,1451,3504,2.29712,0,16.3645,4.10254,0,1776,96293820284
28.2984,35.3377,73.913,0,100,80,70,1451,3504,2.29712,0,16.3645,4.10254,0,1776,96329159055
34.8468,28.697,73.913,0,100,80,70,1451,3504,2.29712,0,16.3645,4.10254,0,1776,96357857475
27.5164,36.342,73.913,0,100,80,70,1451,3504,2.29712,0,16.3645,4.10254,0,1776,96394200625
32.2659,30.9925,73.913,0,100,80,70,1451,3504,2.29712,0,16.3645,4.10254,0,1776,96425194203
30.5293,32.7554,73.913,0,100,80,70,1451,3504,2.29712,0,16.3645,4.10254,0,1776,96457950389
23.6529,42.2782,73.913,0,100,80,70,1451,3504,2.29712,0,16.3645,4.10254,0,1776,96500230826
32.3203,30.9403,73.913,0,100,80,70,1451,3504,2.29712,0,16.3645,4.10254,0,1776,96531172320
26.3655,37.9284,73.913,0,100,80,70,1451,3504,2.29712,0,16.3645,4.10254,0,1776,96569101173
28.0153,35.6948,73.913,0,100,80,70,1451,3504,2.29712,0,16.3645,4.10254,0,1776,96604797144
40.1669,24.8961,73.913,0,100,80,70,1451,3504,2.29712,0,16.3645,4.10254,0,1776,96629694734
37.4782,26.6822,73.913,0,100,80,70,1451,3504,2.29712,0,16.3645,4.10254,0,1776,96656397943
24.0787,41.5305,73.913,0,100,80,70,1451,3504,2.29712,0,16.3645,4.10254,0,1776,96697932746
39.1802,25.5231,83.1754,0,100,82,70,1451,3504,2.29712,0,16.2807,4.11303,0,1875,96723454626
30.8163,32.4504,83.1754,0,100,82,70,1451,3504,2.29712,0,16.2807,4.11303,0,1875,96755924126
29.1274,34.3319,83.1754,0,100,82,70,1451,3504,2.29712,0,16.2807,4.11303,0,1875,96790609259
30.4653,32.8242,83.1754,0,100,82,70,1451,3504,2.29712,0,16.2807,4.11303,0,1875,96823434344
26.2344,38.1178,83.1754,0,100,82,70,1451,3504,2.29712,0,16.2807,4.11303,0,1875,96861552658
31.1004,32.154,83.1754,0,100,82,70,1451,3504,2.29712,0,16.2807,4.11303,0,1875,96893707176
27.8306,35.9317,83.1754,0,100,82,70,1451,3504,2.29712,0,16.2807,4.11303,0,1875,96929640447
30.5968,32.6832,83.1754,0,100,82,70,1451,3504,2.29712,0,16.2807,4.11303,0,1875,96962324995
27.9327,35.8003,83.1754,0,100,82,70,1451,3504,2.29712,0,16.2807,4.11303,0,1875,96998125267
33.0462,30.2606,83.1754,0,100,82,70,1451,3504,2.29712,0,16.2807,4.11303,0,1875,97028387497
33.6062,29.7564,83.1754,0,100,82,70,1451,3504,2.29712,0,16.2807,4.11303,0,1875,97058144475
29.5204,33.8748,83.1754,0,100,82,70,1451,3504,2.29712,0,16.2807,4.11303,0,1875,97092020555
31.3316,31.9167,83.1754,0,100,82,70,1451,3504,2.29712,0,16.2807,4.11303,0,1875,97123938458
28.4175,35.1896,83.1754,0,100,82,70,1451,3504,2.29712,0,16.2807,4.11303,0,1875,97159129359
32.1825,31.0728,83.1754,0,100,82,70,1451,3504,2.29712,0,16.2807,4.11303,0,1875,97190203983
28.5601,35.0139,83.1754,0,100,82,70,1451,3504,2.29712,0,16.2807,4.11303,0,1875,97225222663
31.4257,31.8211,68.6747,0,100,82,70,1451,3504,2.29712,0,16.2597,4.14062,0,1788,97257041075
30.3585,32.9397,68.6747,0,100,82,70,1451,3504,2.29712,0,16.2597,4.14062,0,1788,97289981243
26.5703,37.636,68.6747,0,100,82,70,1451,3504,2.29712,0,16.2597,4.14062,0,1788,97327619221
31.1156,32.1382,68.6747,0,100,82,70,1451,3504,2.29712,0,16.2597,4.14062,0,1788,97359779578
27.4626,36.4132,68.6747,0,100,82,70,1451,3504,2.29712,0,16.2597,4.14062,0,1788,97396171321
34.0322,29.3839,68.6747,0,100,82,70,1451,3504,2.29712,0,16.2597,4.14062,0,1788,97425555906
29.2403,34.1994,68.6747,0,100,82,70,1451,3504,2.29712,0,16.2597,4.14062,0,1788,97459757185
27.1034,36.8958,68.6747,0,100,82,70,1451,3504,2.29712,0,16.2597,4.14062,0,1788,97496655824
27.091,36.9126,68.6747,0,100,82,70,1451,3504,2.29712,0,16.2597,4.14062,0,1788,97533568815
30.5896,32.6908,68.6747,0,100,82,70,1451,3504,2.29712,0,16.2597,4.14062,0,1788,97566260304
30.9165,32.3452,68.6747,0,100,82,70,1451,3504,2.29712,0,16.2597,4.14062,0,1788,97598638320
34.2527,29.1948,68.6747,0,100,82,70,1451,3504,2.29712,0,16.2597,4.14062,0,1788,97627834651
28.5135,35.0711,68.6747,0,100,82,70,1451,3504,2.29712,0,16.2597,4.14062,0,1788,97662920588
25.0935,39.851,68.6747,0,100,82,70,1451,3504,2.29712,0,16.2597,4.14062,0,1788,97702781185
35.4878,28.1787,68.6747,0,100,82,70,1451,3504,2.29712,0,16.2597,4.14062,0,1788,97730966386
35.556,28.1247,74.75,0,100,81,70,1451,3504,2.29712,0,16.2484,4.16088,0,1745,97759065340
28.2287,35.425,74.75,0,100,81,70,1451,3504,2.29712,0,16.2484,4.16088,0,1745,97794491199
29.4365,33.9715,74.75,0,100,81,70,1451,3504,2.29712,0,16.2484,4.16088,0,1745,97828463798
23.1699,43.1594,74.75,0,100,81,70,1451,3504,2.29712,0,16.2484,4.16088,0,1745,97871624024
36.7992,27.1745,74.75,0,100,81,70,1451,3504,2.29712,0,16.2484,4.16088,0,1745,97898799211
41.9664,23.8286,74.75,0,100,81,70,1451,3504,2.29712,0,16.2484,4.16088,0,1745,97922629983
26.8607,37.2292,74.75,0,100,81,70,1451,3504,2.29712,0,16.2484,4.16088,0,1745,97959880626
31.6735,31.5721,74.75,0,100,81,70,1451,3504,2.29712,0,16.2484,4.16088,0,1745,97991432806
29.2685,34.1665,74.75,0,100,81,70,1451,3504,2.29712,0,16.2484,4.16088,0,1745,98025601324
28.4542,35.1442,74.75,0,100,81,70,1451,3504,2.29712,0,16.2484,4.16088,0,1745,98060746963
34.803,28.7332,74.75,0,100,81,70,1451,3504,2.29712,0,16.2484,4.16088,0,1745,98089502658
29.1582,34.2956,74.75,0,100,81,70,1451,3504,2.29712,0,16.2484,4.16088,0,1745,98123820371
31.0839,32.171,74.75,0,100,81,70,1451,3504,2.29712,0,16.2484,4.16088,0,1745,98155971584
32.3931,30.8708,74.75,0,100,81,70,1451,3504,2.29712,0,16.2484,4.16088,0,1745,98186844103
30.8713,32.3925,74.75,0,100,81,70,1451,3504,2.29712,0,16.2484,4.16088,0,1745,98219237069
27.1737,36.8003,74.75,0,100,81,70,1451,3504,2.29712,0,16.2484,4.16088,0,1745,98256062967
33.5872,29.7732,70.0495,0,100,81,70,1447,3504,2.29712,0,16.2347,4.18579,0,1741,98285834843
29.7131,33.6551,70.0495,0,100,81,70,1447,3504,2.29712,0,16.2347,4.18579,0,1741,98319469592
30.9418,32.3187,70.0495,0,100,81,70,1447,3504,2.29712,0,16.2347,4.18579,0,1741,98351789531
26.2243,38.1326,70.0495,0,100,81,70,1447,3504,2.29712,0,16.2347,4.18579,0,1741,98389922919
31.3507,31.8973,70.0495,0,100,81,70,1447,3504,2.29712,0,16.2347,4.18579,0,1741,98421821636
28.1524,35.5209,70.0495,0,100,81,70,1447,3504,2.29712,0,16.2347,4.18579,0,1741,98457343352
31.5896,31.656,70.0495,0,100,81,70,1447,3504,2.29712,0,16.2347,4.18579,0,1741,98489000680
31.4012,31.8459,70.0495,0,100,81,70,1447,3504,2.29712,0,16.2347,4.18579,0,1741,98520848141
29.1127,34.3493,70.0495,0,100,81,70,1447,3504,2.29712,0,16.2347,4.18579,0,1741,98555199139
26.9514,37.1038,70.0495,0,100,81,70,1447,3504,2.29712,0,16.2347,4.18579,0,1741,98592302407
34.6319,28.8751,70.0495,0,100,81,70,1447,3504,2.29712,0,16.2347,4.18579,0,1741,98621178746
30.0083,33.3241,70.0495,0,100,81,70,1447,3504,2.29712,0,16.2347,4.18579,0,1741,98654526193
38.1128,26.2379,70.0495,0,100,81,70,1447,3504,2.29712,0,16.2347,4.18579,0,1741,98680763121
27.5609,36.2832,70.0495,0,100,81,70,1447,3504,2.29712,0,16.2347,4.18579,0,1741,98717047743
26.1177,38.2882,70.0495,0,100,81,70,1447,3504,2.29712,0,16.2347,4.18579,0,1741,98755358599
35.7814,27.9475,70.0495,0,100,81,70,1447,3504,2.29712,0,16.2347,4.18579,0,1741,98783312794
28.1344,35.5436,75.2404,0,100,82,70,1455,3504,2.29712,0,16.22,4.20971,0,1791,98818850300
29.0467,34.4274,75.2404,0,100,82,70,1455,3504,2.29712,0,16.22,4.20971,0,1791,98853301701
32.6218,30.6544,75.2404,0,100,82,70,1455,3504,2.29712,0,16.22,4.20971,0,1791,98883956424
35.3278,28.3063,75.2404,0,100,82,70,1455,3504,2.29712,0,16.22,4.20971,0,1791,98912285175
28.4768,35.1163,75.2404,0,100,82,70,1455,3504,2.29712,0,16.22,4.20971,0,1791,98947381991
29.2906,34.1406,75.2404,0,100,82,70,1455,3504,2.29712,0,16.22,4.20971,0,1791,98981524086
24.688,40.5056,75.2404,0,100,82,70,1455,3504,2.29712,0,16.22,4.20971,0,1791,99022030714
31.1805,32.0713,75.2404,0,100,82,70,1455,3504,2.29712,0,16.22,4.20971,0,1791,99054102877
36.4783,27.4135,75.2404,0,100,82,70,1455,3504,2.29712,0,16.22,4.20971,0,1791,99081519216
28.4444,35.1563,75.2404,0,100,82,70,1455,3504,2.29712,0,16.22,4.20971,0,1791,99116697502
24.6524,40.564,75.2404,0,100,82,70,1455,3504,2.29712,0,16.22,4.20971,0,1791,99157262459
33.3687,29.9682,75.2404,0,100,82,70,1455,3504,2.29712,0,16.22,4.20971,0,1791,99187210679
41.6439,24.0131,75.2404,0,100,82,70,1455,3504,2.29712,0,16.22,4.20971,0,1791,99211225580
27.2945,36.6374,75.2404,0,100,82,70,1455,3504,2.29712,0,16.22,4.20971,0,1791,99247882677
31.2459,32.0042,75.2404,0,100,82,70,1455,3504,2.29712,0,16.22,4.20971,0,1791,99279891197
28.148,35.5265,75.2404,0,100,82,70,1455,3504,2.29712,0,16.22,4.20971,0,1791,99315421930
35.7923,27.939,75.5981,0,100,82,70,1455,3504,2.29712,0,16.2061,4.23169,0,1735,99343380769
24.3515,41.0653,75.5981,0,100,82,70,1455,3504,2.29712,0,16.2061,4.23169,0,1735,99384426012
40.0078,24.9951,75.5981,0,100,82,70,1455,3504,2.29712,0,16.2061,4.23169,0,1735,99409424374
31.62,31.6256,75.5981,0,100,82,70,1455,3504,2.29712,0,16.2061,4.23169,0,1735,99441079304
28.6253,34.9341,75.5981,0,100,82,70,1455,3504,2.29712,0,16.2061,4.23169,0,1735,99475983916
29.7659,33.5955,75.5981,0,100,82,70,1455,3504,2.29712,0,16.2061,4.23169,0,1735,99509580338
24.3808,41.016,75.5981,0,100,82,70,1455,3504,2.29712,0,16.2061,4.23169,0,1735,99550598273
30.0808,33.2438,75.5981,0,100,82,70,1455,3504,2.29712,0,16.2061,4.23169,0,1735,99583843000
33.4525,29.8931,75.5981,0,100,82,70,1455,3504,2.29712,0,16.2061,4.23169,0,1735,99613737487
31.6081,31.6375,75.5981,0,100,82,70,1455,3504,2.29712,0,16.2061,4.23169,0,1735,99645397840
33.0741,30.2351,75.5981,0,100,82,70,1455,3504,2.29712,0,16.2061,4.23169,0,1735,99675613513
24.1953,41.3303,75.5981,0,100,82,70,1455,3504,2.29712,0,16.2061,4.23169,0,1735,99716944310
34.318,29.1393,75.5981,0,100,82,70,1455,3504,2.29712,0,16.2061,4.23169,0,1735,99746085162
29.5125,33.8839,75.5981,0,100,82,70,1455,3504,2.29712,0,16.2061,4.23169,0,1735,99779970584
32.8333,30.4569,75.5981,0,100,82,70,1455,3504,2.29712,0,16.2061,4.23169,0,1735,99810427951
35.3907,28.256,75.5981,0,100,82,70,1455,3504,2.29712,0,16.2061,4.23169,0,1735,99838688932
27.6401,36.1793,69.6078,0,100,81,70,1449,3504,2.29712,0,16.1896,4.25781,0,1751,99874865421
27.1291,36.8608,69.6078,0,100,81,70,1449,3504,2.29712,0,16.1896,4.25781,0,1751,99911727620
28.7569,34.7743,69.6078,0,100,81,70,1449,3504,2.29712,0,16.1896,4.25781,0,1751,99946502926
32.6083,30.6671,69.6078,0,100,81,70,1449,3504,2.29712,0,16.1896,4.25781,0,1751,99977192488
31.4604,31.786,69.6078,0,100,81,70,1449,3504,2.29712,0,16.1896,4.25781,0,1751,100008959975
34.7956,28.7393,69.6078,0,100,81,70,1449,3504,2.29712,0,16.1896,4.25781,0,1751,100037699914
27.404,36.4911,69.6078,0,100,81,70,1449,3504,2.29712,0,16.1896,4.25781,0,1751,100074193187
29.1218,34.3386,69.6078,0,100,81,70,1449,3504,2.29712,0,16.1896,4.25781,0,1751,100108553069
29.3244,34.1012,69.6078,0,100,81,70,1449,3504,2.29712,0,16.1896,4.25781,0,1751,100142676388
33.8239,29.5649,69.6078,0,100,81,70,1449,3504,2.29712,0,16.1896,4.25781,0,1751,100172241965
25.8743,38.6484,69.6078,0,100,81,70,1449,3504,2.29712,0,16.1896,4.25781,0,1751,100210891492
35.8131,27.9228,69.6078,0,100,81,70,1449,3504,2.29712,0,16.1896,4.25781,0,1751,100238814819
26.3913,37.8912,69.6078,0,100,81,70,1449,3504,2.29712,0,16.1896,4.25781,0,1751,100276729366
33.0383,30.2679,69.6078,0,100,81,70,1449,3504,2.29712,0,16.1896,4.25781,0,1751,100306977787
30.9315,32.3295,69.6078,0,100,81,70,1449,3504,2.29712,0,16.1896,4.25781,0,1751,100339312747
32.7352,30.5481,73.8579,0,100,81,70,1451,3504,2.29712,0,16.1749,4.28051,0,1740,100369858101
30.4344,32.8575,73.8579,0,100,81,70,1451,3504,2.29712,0,16.1749,4.28051,0,1740,100402715381
31.6146,31.631,73.8579,0,100,81,70,1451,3504,2.29712,0,16.1749,4.28051,0,1740,100434349575
29.165,34.2877,73.8579,0,100,81,70,1451,3504,2.29712,0,16.1749,4.28051,0,1740,100468636662
29.3503,34.0712,73.8579,0,100,81,70,1451,3504,2.29712,0,16.1749,4.28051,0,1740,100502730201
31.0125,32.245,73.8579,0,100,81,70,1451,3504,2.29712,0,16.1749,4.28051,0,1740,100534976208
30.0943,33.2289,73.8579,0,100,81,70,1451,3504,2.29712,0,16.1749,4.28051,0,1740,100568205264
32.1178,31.1354,73.8579,0,100,81,70,1451,3504,2.29712,0,16.1749,4.28051,0,1740,100599342441
26.8715,37.2141,73.8579,0,100,81,70,1451,3504,2.29712,0,16.1749,4.28051,0,1740,100636557303
25.9851,38.4836,73.8579,0,100,81,70,1451,3504,2.29712,0,16.1749,4.28051,0,1740,100675042859
36.6503,27.2849,73.8579,0,100,81,70,1451,3504,2.29712,0,16.1749,4.28051,0,1740,100702328225
28.6694,34.8803,73.8579,0,100,81,70,1451,3504,2.29712,0,16.1749,4.28051,0,1740,100737209813
24.2084,41.308,73.8579,0,100,81,70,1451,3504,2.29712,0,16.1749,4.28051,0,1740,100778519663
46.2421,21.6253,73.8579,0,100,81,70,1451,3504,2.29712,0,16.1749,4.28051,0,1740,100800144972
33.4063,29.9344,73.8579,0,100,81,70,1451,3504,2.29712,0,16.1749,4.28051,0,1740,100830082495
27.1634,36.8143,73.8579,0,100,81,70,1451,3504,2.29712,0,16.1749,4.28051,0,1740,100866921697
25.4534,39.2875,70.2128,0,100,82,70,1451,3504,2.29712,0,16.1612,4.3042,0,1771,100906185091
37.8325,26.4323,70.2128,0,100,82,70,1451,3504,2.29712,0,16.1612,4.3042,0,1771,100932639615
30.5948,32.6853,70.2128,0,100,82,70,1451,3504,2.29712,0,16.1612,4.3042,0,1771,100965339631
29.2949,34.1356,70.2128,0,100,82,70,1451,3504,2.29712,0,16.1612,4.3042,0,1771,100999463273
30.3555,32.9429,70.2128,0,100,82,70,1451,3504,2.29712,0,16.1612,4.3042,0,1771,101032406637
29.3851,34.0309,70.2128,0,100,82,70,1451,3504,2.29712,0,16.1612,4.3042,0,1771,101066438247
41.3037,24.2109,70.2128,0,100,82,70,1451,3504,2.29712,0,16.1612,4.3042,0,1771,101090671572
24.4241,40.9431,70.2128,0,100,82,70,1451,3504,2.29712,0,16.1612,4.3042,0,1771,101131616088
28.4647,35.1312,70.2128,0,100,82,70,1451,3504,2.29712,0,16.1612,4.3042,0,1771,101166772054
35.5999,28.09,70.2128,0,100,82,70,1451,3504,2.29712,0,16.1612,4.3042,0,1771,101194839614
31.7386,31.5074,70.2128,0,100,82,70,1451,3504,2.29712,0,16.1612,4.3042,0,1771,101226347450
32.4267,30.8388,70.2128,0,100,82,70,1451,3504,2.29712,0,16.1612,4.3042,0,1771,101257187175
27.7793,35.9981,70.2128,0,100,82,70,1451,3504,2.29712,0,16.1612,4.3042,0,1771,101293187934
29.8388,33.5134,70.2128,0,100,82,70,1451,3504,2.29712,0,16.1612,4.3042,0,1771,101326702063
30.7838,32.4847,70.2128,0,100,82,70,1451,3504,2.29712,0,16.1612,4.3042,0,1771,101359209436
27.3409,36.5752,70.2128,0,100,82,70,1451,3504,2.29712,0,16.1612,4.3042,0,1771,101395767466
35.6564,28.0454,75.5924,0,100,82,70,1455,3504,2.29712,0,16.1428,4.33007,0,1736,101423832685
30.7489,32.5215,75.5924,0,100,82,70,1455,3504,2.29712,0,16.1428,4.33007,0,1736,101456333095
32.8838,30.4101,75.5924,0,100,82,70,1455,3504,2.29712,0,16.1428,4.33007,0,1736,101486751461
27.8832,35.8639,75.5924,0,100,82,70,1455,3504,2.29712,0,16.1428,4.33007,0,1736,101522609846
27.3579,36.5526,75.5924,0,100,82,70,1455,3504,2.29712,0,16.1428,4.33007,0,1736,101559162730
25.2473,39.6081,75.5924,0,100,82,70,1455,3504,2.29712,0,16.1428,4.33007,0,1736,101598773007
36.7745,27.1927,75.5924,0,100,82,70,1455,3504,2.29712,0,16.1428,4.33007,0,1736,101625966917
28.848,34.6645,75.5924,0,100,82,70,1455,3504,2.29712,0,16.1428,4.33007,0,1736,101660631822
32.5264,30.7442,75.5924,0,100,82,70,1455,3504,2.29712,0,16.1428,4.33007,0,1736,101691377908
31.5085,31.7374,75.5924,0,100,82,70,1455,3504,2.29712,0,16.1428,4.33007,0,1736,101723117277
29.6148,33.7669,75.5924,0,100,82,70,1455,3504,2.29712,0,16.1428,4.33007,0,1736,101756885074
30.272,33.0338,75.5924,0,100,82,70,1455,3504,2.29712,0,16.1428,4.33007,0,1736,101789920079
27.5454,36.3036,75.5924,0,100,82,70,1455,3504,2.29712,0,16.1428,4.33007,0,1736,101826226010
27.8133,35.9541,75.5924,0,100,82,70,1455,3504,2.29712,0,16.1428,4.33007,0,1736,101862181459
35.8453,27.8977,75.5924,0,100,82,70,1455,3504,2.29712,0,16.1428,4.33007,0,1736,101890079731
33.1903,30.1293,75.5924,0,100,82,70,1455,3504,2.29712,0,16.1428,4.33007,0,1736,101920234786
27.0525,36.9651,69.8765,0,100,80,70,1450,3504,2.29712,0,16.1046,4.36425,0,1730,101957176038
30.3634,32.9344,69.8765,0,100,80,70,1450,3504,2.29712,0,16.1046,4.36425,0,1730,101990111926
31.4476,31.7989,69.8765,0,100,80,70,1450,3504,2.29712,0,16.1046,4.36425,0,1730,102021942152
31.1284,32.125,69.8765,0,100,80,70,1450,3504,2.29712,0,16.1046,4.36425,0,1730,102054037665
30.7113,32.5613,69.8765,0,100,80,70,1450,3504,2.29712,0,16.1046,4.36425,0,1730,102086600655
30.9898,32.2687,69.8765,0,100,80,70,1450,3504,2.29712,0,16.1046,4.36425,0,1730,102118870244
24.2588,41.2221,69.8765,0,100,80,70,1450,3504,2.29712,0,16.1046,4.36425,0,1730,102160094899
34.5711,28.9259,69.8765,0,100,80,70,1450,3504,2.29712,0,16.1046,4.36425,0,1730,102189041836
36.0073,27.7721,69.8765,0,100,80,70,1450,3504,2.29712,0,16.1046,4.36425,0,1730,102216793307
29.4461,33.9604,69.8765,0,100,80,70,1450,3504,2.29712,0,16.1046,4.36425,0,1730,102250777066
32.7126,30.5692,69.8765,0,100,80,70,1450,3504,2.29712,0,16.1046,4.36425,0,1730,102281325393
32.5932,30.6812,69.8765,0,100,80,70,1450,3504,2.29712,0,16.1046,4.36425,0,1730,102312007134
27.4064,36.4878,69.8765,0,100,80,70,1450,3504,2.29712,0,16.1046,4.36425,0,1730,102348496741
28.6348,34.9225,69.8765,0,100,80,70,1450,3504,2.29712,0,16.1046,4.36425,0,1730,102383421269
32.4883,30.7803,69.8765,0,100,80,70,1450,3504,2.29712,0,16.1046,4.36425,0,1730,102414223790
29.2121,34.2324,69.8765,0,100,80,70,1450,3504,2.29712,0,16.1046,4.36425,0,1730,102448458881
29.3123,34.1153,74.463,0,100,80,70,1450,3504,2.29712,0,16.153,4.36425,0,1762,102482564638
33.1868,30.1325,74.463,0,100,80,70,1450,3504,2.29712,0,16.153,4.36425,0,1762,102512685543
32.6096,30.6658,74.463,0,100,80,70,1450,3504,2.29712,0,16.153,4.36425,0,1762,102543352316
27.8612,35.8922,74.463,0,100,80,70,1450,3504,2.29712,0,16.153,4.36425,0,1762,102579245387
30.4111,32.8828,74.463,0,100,80,70,1450,3504,2.29712,0,16.153,4.36425,0,1762,102612128300
33.1656,30.1517,74.463,0,100,80,70,1450,3504,2.29712,0,16.153,4.36425,0,1762,102642284002
31.5878,31.6578,74.463,0,100,80,70,1450,3504,2.29712,0,16.153,4.36425,0,1762,102673942646
18.8184,53.1396,74.463,0,100,80,70,1450,3504,2.29712,0,16.153,4.36425,0,1762,102727083213
34.733,28.791,74.463,0,100,80,70,1450,3504,2.29712,0,16.153,4.36425,0,1762,102755875040
46.0568,21.7123,74.463,0,100,80,70,1450,3504,2.29712,0,16.153,4.36425,0,1762,102777588265
26.7931,37.323,74.463,0,100,80,70,1450,3504,2.29712,0,16.153,4.36425,0,1762,102814911838
35.9502,27.8163,74.463,0,100,80,70,1450,3504,2.29712,0,16.153,4.36425,0,1762,102842751377
29.0208,34.458,74.463,0,100,80,70,1450,3504,2.29712,0,16.153,4.36425,0,1762,102877188616
25.2712,39.5707,74.463,0,100,80,70,1450,3504,2.29712,0,16.153,4.36425,0,1762,102916761110
45.3432,22.054,74.463,0,100,80,70,1450,3504,2.29712,0,16.153,4.36425,0,1762,102938815894
30.387,32.9089,74.463,0,100,80,70,1450,3504,2.29712,0,16.153,4.36425,0,1762,102971731906
30.1025,33.2199,73.1707,0,100,81,69,1452,3504,2.29712,0,16.1642,4.36425,0,1751,103004962202
30.1006,33.2219,73.1707,0,100,81,69,1452,3504,2.29712,0,16.1642,4.36425,0,1751,103038184952
35.4821,28.1832,73.1707,0,100,81,69,1452,3504,2.29712,0,16.1642,4.36425,0,1751,103066369998
28.7605,34.77,73.1707,0,100,81,69,1452,3504,2.29712,0,16.1642,4.36425,0,1751,103101141206
31.5228,31.723,73.1707,0,100,81,69,1452,3504,2.29712,0,16.1642,4.36425,0,1751,103132883708
31.8523,31.3949,73.1707,0,100,81,69,1452,3504,2.29712,0,16.1642,4.36425,0,1751,103164261650
28.705,34.8371,73.1707,0,100,81,69,1452,3504,2.29712,0,16.1642,4.36425,0,1751,103199120586
29.7397,33.6251,73.1707,0,100,81,69,1452,3504,2.29712,0,16.1642,4.36425,0,1751,103232768460
27.545,36.3042,73.1707,0,100,81,69,1452,3504,2.29712,0,16.1642,4.36425,0,1751,103269051869
33.4387,29.9055,73.1707,0,100,81,69,1452,3504,2.29712,0,16.1642,4.36425,0,1751,103298958953
32.6318,30.645,73.1707,0,100,81,69,1452,3504,2.29712,0,16.1642,4.36425,0,1751,103329604338
33.5161,29.8364,73.1707,0,100,81,69,1452,3504,2.29712,0,16.1642,4.36425,0,1751,103359463352
26.5347,37.6866,73.1707,0,100,81,69,1452,3504,2.29712,0,16.1642,4.36425,0,1751,103397130410
34.911,28.6442,73.1707,0,100,81,69,1452,3504,2.29712,0,16.1642,4.36425,0,1751,103425776115
33.0222,30.2826,73.1707,0,100,81,69,1452,3504,2.29712,0,16.1642,4.36425,0,1751,103456061036
26.1276,38.2736,73.1707,0,100,81,69,1452,3504,2.29712,0,16.1642,4.36425,0,1751,103494362332
32.1633,31.0913,58.0882,0,100,81,69,1455,3504,2.29712,0,16.1717,4.36425,0,1773,103525448221
27.1926,36.7747,58.0882,0,100,81,69,1455,3504,2.29712,0,16.1717,4.36425,0,1773,103562223414
39.3163,25.4347,58.0882,0,100,81,69,1455,3504,2.29712,0,16.1717,4.36425,0,1773,103587659353
29.4567,33.9481,58.0882,0,100,81,69,1455,3504,2.29712,0,16.1717,4.36425,0,1773,103621609612
27.8762,35.8728,58.0882,0,100,81,69,1455,3504,2.29712,0,16.1717,4.36425,0,1773,103657503416
35.1553,28.4452,58.0882,0,100,81,69,1455,3504,2.29712,0,16.1717,4.36425,0,1773,103685967641
34.5067,28.9799,58.0882,0,100,81,69,1455,3504,2.29712,0,16.1717,4.36425,0,1773,103714929895
30.4684,32.8209,58.0882,0,100,81,69,1455,3504,2.29712,0,16.1717,4.36425,0,1773,103747753661
29.8918,33.454,58.0882,0,100,81,69,1455,3504,2.29712,0,16.1717,4.36425,0,1773,103781208975
28.1743,35.4933,58.0882,0,100,81,69,1455,3504,2.29712,0,16.1717,4.36425,0,1773,103816702843
33.9692,29.4385,58.0882,0,100,81,69,1455,3504,2.29712,0,16.1717,4.36425,0,1773,103846142741
33.5025,29.8485,58.0882,0,100,81,69,1455,3504,2.29712,0,16.1717,4.36425,0,1773,103875992587
21.4869,46.5401,58.0882,0,100,81,69,1455,3504,2.29712,0,16.1717,4.36425,0,1773,103922533476
53.457,18.7066,58.0882,0,100,81,69,1455,3504,2.29712,0,16.1717,4.36425,0,1773,103941241663
28.3885,35.2255,58.0882,0,100,81,69,1455,3504,2.29712,0,16.1717,4.36425,0,1773,103976467827
29.3877,34.0279,58.0882,0,100,81,69,1455,3504,2.29712,0,16.1717,4.36425,0,1773,104010498975
32.1523,31.1019,65.3563,0,100,79,69,1455,3504,2.29712,0,16.1768,4.36425,0,1778,104041622086
33.8945,29.5033,65.3563,0,100,79,69,1455,3504,2.29712,0,16.1768,4.36425,0,1778,104071105948
30.7995,32.4681,65.3563,0,100,79,69,1455,3504,2.29712,0,16.1768,4.36425,0,1778,104103575336
31.1105,32.1435,65.3563,0,100,79,69,1455,3504,2.29712,0,16.1768,4.36425,0,1778,104135720011
32.1881,31.0674,65.3563,0,100,79,69,1455,3504,2.29712,0,16.1768,4.36425,0,1778,104166808945
31.2965,31.9525,65.3563,0,100,79,69,1455,3504,2.29712,0,16.1768,4.36425,0,1778,104198784400
30.3257,32.9754,65.3563,0,100,79,69,1455,3504,2.29712,0,16.1768,4.36425,0,1778,104231739933
30.5475,32.7359,65.3563,0,100,79,69,1455,3504,2.29712,0,16.1768,4.36425,0,1778,104264476454
25.7034,38.9054,65.3563,0,100,79,69,1455,3504,2.29712,0,16.1768,4.36425,0,1778,104303384611
32.9567,30.3428,65.3563,0,100,79,69,1455,3504,2.29712,0,16.1768,4.36425,0,1778,104333727575
28.3823,35.2332,65.3563,0,100,79,69,1455,3504,2.29712,0,16.1768,4.36425,0,1778,104368961837
36.2841,27.5603,65.3563,0,100,79,69,1455,3504,2.29712,0,16.1768,4.36425,0,1778,104396522523
32.9028,30.3925,65.3563,0,100,79,69,1455,3504,2.29712,0,16.1768,4.36425,0,1778,104426929211
29.3609,34.0589,65.3563,0,100,79,69,1455,3504,2.29712,0,16.1768,4.36425,0,1778,104460976925
35.1087,28.483,65.3563,0,100,79,69,1455,3504,2.29712,0,16.1768,4.36425,0,1778,104489461145
29.9525,33.3862,65.3563,0,100,79,69,1455,3504,2.29712,0,16.1768,4.36425,0,1778,104522850152
32.1226,31.1308,62.8079,0,100,79,69,1455,3504,2.29712,0,16.1773,4.36425,0,1747,104553979624
22.1059,45.2368,62.8079,0,100,79,69,1455,3504,2.29712,0,16.1773,4.36425,0,1747,104599218307
31.6387,31.6068,62.8079,0,100,79,69,1455,3504,2.29712,0,16.1773,4.36425,0,1747,104630827288
37.7421,26.4956,62.8079,0,100,79,69,1455,3504,2.29712,0,16.1773,4.36425,0,1747,104657322750
35.6309,28.0655,62.8079,0,100,79,69,1455,3504,2.29712,0,16.1773,4.36425,0,1747,104685390438
32.3565,30.9057,62.8079,0,100,79,69,1455,3504,2.29712,0,16.1773,4.36425,0,1747,104716299121
23.4274,42.685,62.8079,0,100,79,69,1455,3504,2.29712,0,16.1773,4.36425,0,1747,104759004072
43.7294,22.8679,62.8079,0,100,79,69,1455,3504,2.29712,0,16.1773,4.36425,0,1747,104781852514
34.9917,28.5782,62.8079,0,100,79,69,1455,3504,2.29712,0,16.1773,4.36425,0,1747,104810431452
28.9215,34.5763,62.8079,0,100,79,69,1455,3504,2.29712,0,16.1773,4.36425,0,1747,104845007995
30.8698,32.3941,62.8079,0,100,79,69,1455,3504,2.29712,0,16.1773,4.36425,0,1747,104877403163
28.2974,35.339,62.8079,0,100,79,69,1455,3504,2.29712,0,16.1773,4.36425,0,1747,104912744079
25.1674,39.7339,62.8079,0,100,79,69,1455,3504,2.29712,0,16.1773,4.36425,0,1747,104952478464
46.5749,21.4708,62.8079,0,100,79,69,1455,3504,2.29712,0,16.1773,4.36425,0,1747,104973950148
32.1896,31.0659,62.8079,0,100,79,69,1455,3504,2.29712,0,16.1773,4.36425,0,1747,105005040210
30.8533,32.4115,62.8079,0,100,79,69,1455,3504,2.29712,0,16.1773,4.36425,0,1747,105037432605
30.0237,33.307,66.9118,0,100,79,69,1455,3504,2.29712,0,16.1787,4.36425,0,1795,105070738269
33.1752,30.143,66.9118,0,100,79,69,1455,3504,2.29712,0,16.1787,4.36425,0,1795,105100902336
30.6989,32.5745,66.9118,0,100,79,69,1455,3504,2.29712,0,16.1787,4.36425,0,1795,105133457583
29.7245,33.6423,66.9118,0,100,79,69,1455,3504,2.29712,0,16.1787,4.36425,0,1795,105167118401
34.0113,29.402,66.9118,0,100,79,69,1455,3504,2.29712,0,16.1787,4.36425,0,1795,105196504292
30.6511,32.6252,66.9118,0,100,79,69,1455,3504,2.29712,0,16.1787,4.36425,0,1795,105229130166
28.2017,35.4589,66.9118,0,100,79,69,1455,3504,2.29712,0,16.1787,4.36425,0,1795,105264589673
37.7703,26.4758,66.9118,0,100,79,69,1455,3504,2.29712,0,16.1787,4.36425,0,1795,105291067962
30.8088,32.4582,66.9118,0,100,79,69,1455,3504,2.29712,0,16.1787,4.36425,0,1795,105323549272
29.5509,33.8399,66.9118,0,100,79,69,1455,3504,2.29712,0,16.1787,4.36425,0,1795,105357369288
29.045,34.4293,66.9118,0,100,79,69,1455,3504,2.29712,0,16.1787,4.36425,0,1795,105391800142
32.3378,30.9236,66.9118,0,100,79,69,1455,3504,2.29712,0,16.1787,4.36425,0,1795,105422725859
33.5737,29.7853,66.9118,0,100,79,69,1455,3504,2.29712,0,16.1787,4.36425,0,1795,105452510906
34.8929,28.6591,66.9118,0,100,79,69,1455,3504,2.29712,0,16.1787,4.36425,0,1795,105481171445
27.387,36.5136,66.9118,0,100,79,69,1455,3504,2.29712,0,16.1787,4.36425,0,1795,105517686563
28.9368,34.5581,66.9118,0,100,79,69,1455,3504,2.29712,0,16.1787,4.36425,0,1795,105552269341
36.8288,27.1527,63.9304,0,100,79,69,1455,3504,2.29712,0,16.1795,4.36425,0,1735,105579398845
33.963,29.4438,63.9304,0,100,79,69,1455,3504,2.29712,0,16.1795,4.36425,0,1735,105608843521
30.5263,32.7586,63.9304,0,100,79,69,1455,3504,2.29712,0,16.1795,4.36425,0,1735,105641603117
34.8256,28.7145,63.9304,0,100,79,69,1455,3504,2.29712,0,16.1795,4.36425,0,1735,105670319172
25.878,38.6429,63.9304,0,100,79,69,1455,3504,2.29712,0,16.1795,4.36425,0,1735,105708962770
35.5388,28.1383,63.9304,0,100,79,69,1455,3504,2.29712,0,16.1795,4.36425,0,1735,105737124271
30.8148,32.452,63.9304,0,100,79,69,1455,3504,2.29712,0,16.1795,4.36425,0,1735,105769577796
34.8843,28.6662,63.9304,0,100,79,69,1455,3504,2.29712,0,16.1795,4.36425,0,1735,105798245206
32.4422,30.8241,63.9304,0,100,79,69,1455,3504,2.29712,0,16.1795,4.36425,0,1735,105829091219
30.1392,33.1794,63.9304,0,100,79,69,1455,3504,2.29712,0,16.1795,4.36425,0,1735,105862272259
31.2466,32.0034,63.9304,0,100,79,69,1455,3504,2.29712,0,16.1795,4.36425,0,1735,105894254490
32.1956,31.0601,63.9304,0,100,79,69,1455,3504,2.29712,0,16.1795,4.36425,0,1735,105925315968
33.6044,29.758,63.9304,0,100,79,69,1455,3504,2.29712,0,16.1795,4.36425,0,1735,105955096665
29.234,34.2067,63.9304,0,100,79,69,1455,3504,2.29712,0,16.1795,4.36425,0,1735,105989297037
33.8508,29.5414,63.9304,0,100,79,69,1455,3504,2.29712,0,16.1795,4.36425,0,1735,106018826473
28.8504,34.6615,63.9304,0,100,79,69,1455,3504,2.29712,0,16.1795,4.36425,0,1735,106053493560
33.5917,29.7692,64.4501,0,100,78,69,1455,3504,2.29712,0,16.1727,4.36425,0,1786,106083259686
29.1004,34.3638,64.4501,0,100,78,69,1455,3504,2.29712,0,16.1727,4.36425,0,1786,106117624988
29.8592,33.4905,64.4501,0,100,78,69,1455,3504,2.29712,0,16.1727,4.36425,0,1786,106151137455
32.2919,30.9675,64.4501,0,100,78,69,1455,3504,2.29712,0,16.1727,4.36425,0,1786,106182085234
29.4621,33.9419,64.4501,0,100,78,69,1455,3504,2.29712,0,16.1727,4.36425,0,1786,106216029192
34.8858,28.6649,64.4501,0,100,78,69,1455,3504,2.29712,0,16.1727,4.36425,0,1786,106244696720
33.5425,29.8129,64.4501,0,100,78,69,1455,3504,2.29712,0,16.1727,4.36425,0,1786,106274529949
27.4465,36.4345,64.4501,0,100,78,69,1455,3504,2.29712,0,16.1727,4.36425,0,1786,106310945316
35.8801,27.8706,64.4501,0,100,78,69,1455,3504,2.29712,0,16.1727,4.36425,0,1786,106338817722
31.4999,31.7461,64.4501,0,100,78,69,1455,3504,2.29712,0,16.1727,4.36425,0,1786,106370565353
30.2415,33.0672,64.4501,0,100,78,69,1455,3504,2.29712,0,16.1727,4.36425,0,1786,106403655705
32.1051,31.1477,64.4501,0,100,78,69,1455,3504,2.29712,0,16.1727,4.36425,0,1786,106434784200
31.4436,31.803,64.4501,0,100,78,69,1455,3504,2.29712,0,16.1727,4.36425,0,1786,106466609123
30.0169,33.3146,64.4501,0,100,78,69,1455,3504,2.29712,0,16.1727,4.36425,0,1786,106499924508
29.3622,34.0574,64.4501,0,100,78,69,1455,3504,2.29712,0,16.1727,4.36425,0,1786,106533991187
32.6374,30.6397,64.4501,0,100,78,69,1455,3504,2.29712,0,16.1727,4.36425,0,1786,106564666399
27.9208,35.8155,61.1675,0,100,78,69,1455,3504,2.29712,0,16.1732,4.36425,0,1737,106600448321
33.8628,29.5309,61.1675,0,100,78,69,1455,3504,2.29712,0,16.1732,4.36425,0,1737,106629979591
33.1408,30.1743,61.1675,0,100,78,69,1455,3504,2.29712,0,16.1732,4.36425,0,1737,106660175822
30.0635,33.2629,61.1675,0,100,78,69,1455,3504,2.29712,0,16.1732,4.36425,0,1737,106693440584
34.0511,29.3676,61.1675,0,100,78,69,1455,3504,2.29712,0,16.1732,4.36425,0,1737,106722789907
27.4728,36.3996,61.1675,0,100,78,69,1455,3504,2.29712,0,16.1732,4.36425,0,1737,106759210577
32.8311,30.4589,61.1675,0,100,78,69,1455,3504,2.29712,0,16.1732,4.36425,0,1737,106789670964
32.0054,31.2447,61.1675,0,100,78,69,1455,3504,2.29712,0,16.1732,4.36425,0,1737,106820895894
27.6294,36.1934,61.1675,0,100,78,69,1455,3504,2.29712,0,16.1732,4.36425,0,1737,106857091824
39.7073,25.1843,61.1675,0,100,78,69,1455,3504,2.29712,0,16.1732,4.36425,0,1737,106882276603
28.6557,34.897,61.1675,0,100,78,69,1455,3504,2.29712,0,16.1732,4.36425,0,1737,106917176015
43.4305,23.0253,61.1675,0,100,78,69,1455,3504,2.29712,0,16.1732,4.36425,0,1737,106940203968
30.4907,32.7969,61.1675,0,100,78,69,1455,3504,2.29712,0,16.1732,4.36425,0,1737,106972999888
34.01,29.4031,61.1675,0,100,78,69,1455,3504,2.29712,0,16.1732,4.36425,0,1737,107002405349
29.2183,34.2251,61.1675,0,100,78,69,1455,3504,2.29712,0,16.1732,4.36425,0,1737,107036631475
32.2492,31.0085,61.1675,0,100,78,69,1455,3504,2.29712,0,16.1732,4.36425,0,1737,107067647335
31.735,31.5109,59.5908,0,100,83,69,1458,3504,2.29712,0,16.1867,4.36425,0,3400,107099152984
31.5946,31.651,59.5908,0,100,83,69,1458,3504,2.29712,0,16.1867,4.36425,0,3400,107130805692
30.6949,32.5787,59.5908,0,100,83,69,1458,3504,2.29712,0,16.1867,4.36425,0,3400,107163384722
31.2926,31.9565,59.5908,0,100,83,69,1458,3504,2.29712,0,16.1867,4.36425,0,3400,107195342695
30.2541,33.0534,59.5908,0,100,83,69,1458,3504,2.29712,0,16.1867,4.36425,0,3400,107228395877
32.1406,31.1133,59.5908,0,100,83,69,1458,3504,2.29712,0,16.1867,4.36425,0,3400,107259509995
31.6213,31.6242,59.5908,0,100,83,69,1458,3504,2.29712,0,16.1867,4.36425,0,3400,107291136742
31.2736,31.9759,59.5908,0,100,83,69,1458,3504,2.29712,0,16.1867,4.36425,0,3400,107323113587
30.695,32.5786,59.5908,0,100,83,69,1458,3504,2.29712,0,16.1867,4.36425,0,3400,107355693332
29.4608,33.9434,59.5908,0,100,83,69,1458,3504,2.29712,0,16.1867,4.36425,0,3400,107389637887
32.9327,30.3649,59.5908,0,100,83,69,1458,3504,2.29712,0,16.1867,4.36425,0,3400,107420007054
29.6779,33.6951,59.5908,0,100,83,69,1458,3504,2.29712,0,16.1867,4.36425,0,3400,107453701306
33.4367,29.9072,59.5908,0,100,83,69,1458,3504,2.29712,0,16.1867,4.36425,0,3400,107483609870
31.7191,31.5267,59.5908,0,100,83,69,1458,3504,2.29712,0,16.1867,4.36425,0,3400,107515138621
28.3042,35.3305,59.5908,0,100,83,69,1458,3504,2.29712,0,16.1867,4.36425,0,3400,107550469851
34.8451,28.6985,59.5908,0,100,83,69,1458,3504,2.29712,0,16.1867,4.36425,0,3400,107579171807
30.8576,32.407,41.4216,0,100,83,69,1458,3504,2.29712,0,16.187,4.36425,0,3400,107611578605
31.059,32.1968,41.4216,0,100,83,69,1458,3504,2.29712,0,16.187,4.36425,0,3400,107643788202
32.2893,30.97,41.4216,0,100,83,69,1458,3504,2.29712,0,16.187,4.36425,0,3400,107674747238
28.6141,34.9478,41.4216,0,100,83,69,1458,3504,2.29712,0,16.187,4.36425,0,3400,107709697049
33.7702,29.6119,41.4216,0,100,83,69,1458,3504,2.29712,0,16.187,4.36425,0,3400,107739309255
31.7658,31.4804,41.4216,0,100,83,69,1458,3504,2.29712,0,16.187,4.36425,0,3400,107770790635
29.919,33.4236,41.4216,0,100,83,69,1458,3504,2.29712,0,16.187,4.36425,0,3400,107804214554
31.2434,32.0068,41.4216,0,100,83,69,1458,3504,2.29712,0,16.187,4.36425,0,3400,107836224746
30.0515,33.2762,41.4216,0,100,83,69,1458,3504,2.29712,0,16.187,4.36425,0,3400,107869500777
32.0263,31.2244,41.4216,0,100,83,69,1458,3504,2.29712,0,16.187,4.36425,0,3400,107900728062
33.9162,29.4845,41.4216,0,100,83,69,1458,3504,2.29712,0,16.187,4.36425,0,3400,107930213624
28.8314,34.6844,41.4216,0,100,83,69,1458,3504,2.29712,0,16.187,4.36425,0,3400,107964899434
33.4296,29.9136,41.4216,0,100,83,69,1458,3504,2.29712,0,16.187,4.36425,0,3400,107994814197
31.1145,32.1393,41.4216,0,100,83,69,1458,3504,2.29712,0,16.187,4.36425,0,3400,108026957560
31.1395,32.1136,41.4216,0,100,83,69,1458,3504,2.29712,0,16.187,4.36425,0,3400,108059069651
29.5858,33.8,41.4216,0,100,83,69,1458,3504,2.29712,0,16.187,4.36425,0,3400,108092874431
32.7307,30.5524,39.5062,0,100,83,69,1455,3504,2.29712,0,16.2099,4.36425,0,3400,108123425214
31.2244,32.0262,39.5062,0,100,83,69,1455,3504,2.29712,0,16.2099,4.36425,0,3400,108155452204
30.2679,33.0383,39.5062,0,100,83,69,1455,3504,2.29712,0,16.2099,4.36425,0,3400,108188491237
28.8719,34.6358,39.5062,0,100,83,69,1455,3504,2.29712,0,16.2099,4.36425,0,3400,108223128571
31.2809,31.9684,39.5062,0,100,83,69,1455,3504,2.29712,0,16.2099,4.36425,0,3400,108255098596
31.2158,32.035,39.5062,0,100,83,69,1455,3504,2.29712,0,16.2099,4.36425,0,3400,108287135646
35.1591,28.4421,39.5062,0,100,83,69,1455,3504,2.29712,0,16.2099,4.36425,0,3400,108315579559
23.499,42.555,39.5062,0,100,83,69,1455,3504,2.29712,0,16.2099,4.36425,0,3400,108358134369
42.7067,23.4155,39.5062,0,100,83,69,1455,3504,2.29712,0,16.2099,4.36425,0,3400,108381553748
31.6036,31.642,39.5062,0,100,83,69,1455,3504,2.29712,0,16.2099,4.36425,0,3400,108413194839
30.114,33.2072,39.5062,0,100,83,69,1455,3504,2.29712,0,16.2099,4.36425,0,3400,108446402709
35.1285,28.4669,39.5062,0,100,83,69,1455,3504,2.29712,0,16.2099,4.36425,0,3400,108474872690
31.9084,31.3397,39.5062,0,100,83,69,1455,3504,2.29712,0,16.2099,4.36425,0,3400,108506212587
30.2752,33.0304,39.5062,0,100,83,69,1455,3504,2.29712,0,16.2099,4.36425,0,3400,108539243909
30.5565,32.7263,39.5062,0,100,83,69,1455,3504,2.29712,0,16.2099,4.36425,0,3400,108571971102
31.5848,31.6608,39.5062,0,100,83,69,1455,3504,2.29712,0,16.2099,4.36425,0,3400,108603640630
31.4122,31.8348,49.8765,0,100,83,69,1457,3504,2.29712,0,16.2268,4.36425,0,3400,108635471568
30.3292,32.9715,49.8765,0,100,83,69,1457,3504,2.29712,0,16.2268,4.36425,0,3400,108668442999
31.3319,31.9164,49.8765,0,100,83,69,1457,3504,2.29712,0,16.2268,4.36425,0,3400,108700361280
31.7552,31.4909,49.8765,0,100,83,69,1457,3504,2.29712,0,16.2268,4.36425,0,3400,108731865261
27.8499,35.9068,49.8765,0,100,83,69,1457,3504,2.29712,0,16.2268,4.36425,0,3400,108767759851
33.7786,29.6045,49.8765,0,100,83,69,1457,3504,2.29712,0,16.2268,4.36425,0,3400,108797366141
32.1502,31.104,49.8765,0,100,83,69,1457,3504,2.29712,0,16.2268,4.36425,0,3400,108828470881
29.7942,33.5636,49.8765,0,100,83,69,1457,3504,2.29712,0,16.2268,4.36425,0,3400,108862035862
31.9477,31.3012,49.8765,0,100,83,69,1457,3504,2.29712,0,16.2268,4.36425,0,3400,108893337377
29.1885,34.26,49.8765,0,100,83,69,1457,3504,2.29712,0,16.2268,4.36425,0,3400,108927597699
32.228,31.0289,49.8765,0,100,83,69,1457,3504,2.29712,0,16.2268,4.36425,0,3400,108958629073
32.2085,31.0477,49.8765,0,100,83,69,1457,3504,2.29712,0,16.2268,4.36425,0,3400,108989677760
32.4046,30.8599,49.8765,0,100,83,69,1457,3504,2.29712,0,16.2268,4.36425,0,3400,109020538472
27.9035,35.8378,49.8765,0,100,83,69,1457,3504,2.29712,0,16.2268,4.36425,0,3400,109056377910
34.0991,29.3263,49.8765,0,100,83,69,1457,3504,2.29712,0,16.2268,4.36425,0,3400,109085704816
32.5067,30.7629,49.8765,0,100,83,69,1457,3504,2.29712,0,16.2268,4.36425,0,3400,109116473030
30.4383,32.8533,41.7476,0,100,83,69,1460,3504,2.29712,0,16.2345,4.36425,0,3401,109149323097
32.3519,30.9101,41.7476,0,100,83,69,1460,3504,2.29712,0,16.2345,4.36425,0,3401,109180234675
29.878,33.4694,41.7476,0,100,83,69,1460,3504,2.29712,0,16.2345,4.36425,0,3401,109213705563
33.2499,30.0753,41.7476,0,100,83,69,1460,3504,2.29712,0,16.2345,4.36425,0,3401,109243781789
31.0932,32.1613,41.7476,0,100,83,69,1460,3504,2.29712,0,16.2345,4.36425,0,3401,109275943558
29.8364,33.5161,41.7476,0,100,83,69,1460,3504,2.29712,0,16.2345,4.36425,0,3401,109309460336
31.1664,32.0858,41.7476,0,100,83,69,1460,3504,2.29712,0,16.2345,4.36425,0,3401,109341548486
29.8433,33.5084,41.7476,0,100,83,69,1460,3504,2.29712,0,16.2345,4.36425,0,3401,109375056953
31.2449,32.0052,41.7476,0,100,83,69,1460,3504,2.29712,0,16.2345,4.36425,0,3401,109407064834
33.2553,30.0704,41.7476,0,100,83,69,1460,3504,2.29712,0,16.2345,4.36425,0,3401,109437137105
32.3513,30.9107,41.7476,0,100,83,69,1460,3504,2.29712,0,16.2345,4.36425,0,3401,109468048238
32.2439,31.0137,41.7476,0,100,83,69,1460,3504,2.29712,0,16.2345,4.36425,0,3401,109499065124
29.2107,34.2341,41.7476,0,100,83,69,1460,3504,2.29712,0,16.2345,4.36425,0,3401,109533299620
31.5234,31.7225,41.7476,0,100,83,69,1460,3504,2.29712,0,16.2345,4.36425,0,3401,109565023002
31.5351,31.7107,41.7476,0,100,83,69,1460,3504,2.29712,0,16.2345,4.36425,0,3401,109596734986
31.6565,31.589,41.7476,0,100,83,69,1460,3504,2.29712,0,16.2345,4.36425,0,3401,109628332458
30.8201,32.4464,37.594,0,100,83,69,1456,3504,2.29712,0,16.2345,4.36425,0,3406,109660773838
32.5004,30.7688,37.594,0,100,83,69,1456,3504,2.29712,0,16.2345,4.36425,0,3406,109691542821
30.8629,32.4013,37.594,0,100,83,69,1456,3504,2.29712,0,16.2345,4.36425,0,3406,109723944914
30.3246,32.9765,37.594,0,100,83,69,1456,3504,2.29712,0,16.2345,4.36425,0,3406,109756923194
31.8968,31.3511,37.594,0,100,83,69,1456,3504,2.29712,0,16.2345,4.36425,0,3406,109788276854
31.3326,31.9157,37.594,0,100,83,69,1456,3504,2.29712,0,16.2345,4.36425,0,3406,109820193991
30.9271,32.3341,37.594,0,100,83,69,1456,3504,2.29712,0,16.2345,4.36425,0,3406,109852528008
30.722,32.55,37.594,0,100,83,69,1456,3504,2.29712,0,16.2345,4.36425,0,3406,109885079107
32.0394,31.2115,37.594,0,100,83,69,1456,3504,2.29712,0,16.2345,4.36425,0,3406,109916293457
31.413,31.8339,37.594,0,100,83,69,1456,3504,2.29712,0,16.2345,4.36425,0,3406,109948127098
31.6344,31.6111,37.594,0,100,83,69,1456,3504,2.29712,0,16.2345,4.36425,0,3406,109979739834
31.4801,31.7661,37.594,0,100,83,69,1456,3504,2.29712,0,16.2345,4.36425,0,3406,110011510136
