Frame, Time (ms), Delta (ms) , Memory (mb)
    1, 0.000, 0.000,4309
    2, 4.917, 4.917,5719
    3,14.143, 9.226,5719
    4,22.198, 8.055,5719
    5,30.418, 8.220,5719
    6,38.354, 7.936,5719
    7,46.017, 7.663,5719
    8,53.880, 7.863,5719
    9,62.700, 8.820,5719
   10,71.339, 8.639,5719
   11,79.428, 8.089,5719
   12,87.322, 7.894,5719
   13,96.201, 8.879,5719
   14,104.180, 7.979,5719
   15,112.367, 8.187,5719
   16,120.494, 8.127,5719
   17,130.424, 9.930,5719
   18,140.548,10.124,5719
   19,149.370, 8.822,5719
   20,158.841, 9.471,5719
   21,167.718, 8.877,5719
   22,177.060, 9.342,5719
   23,185.691, 8.631,5719
   24,193.723, 8.032,5719
   25,202.301, 8.578,5719
   26,210.512, 8.211,5719
   27,218.583, 8.071,5719
   28,226.597, 8.014,5719
   29,235.641, 9.044,5719
   30,243.954, 8.313,5719
   31,251.728, 7.774,5719
   32,260.016, 8.288,5719
   33,268.344, 8.328,5719
   34,276.986, 8.642,5719
   35,285.950, 8.964,5719
   36,294.119, 8.169,5719
   37,302.236, 8.117,5719
   38,310.886, 8.650,5719
   39,319.251, 8.365,5719
   40,328.217, 8.966,5719
   41,336.721, 8.504,5719
   42,345.895, 9.174,5719
   43,355.457, 9.562,5719
   44,364.616, 9.159,5719
   45,373.512, 8.896,5719
   46,383.553,10.041,5719
   47,391.900, 8.347,5719
   48,400.566, 8.666,5719
   49,409.696, 9.130,5719
   50,419.086, 9.390,5719
   51,427.323, 8.237,5719
   52,435.777, 8.454,5719
   53,444.829, 9.052,5719
   54,453.444, 8.615,5719
   55,462.516, 9.072,5719
   56,471.187, 8.671,5719
   57,479.612, 8.425,5719
   58,488.976, 9.364,5719
   59,497.104, 8.128,5719
   60,505.196, 8.092,5719
   61,513.354, 8.158,5719
   62,521.937, 8.583,5719
   63,531.494, 9.557,5719
   64,540.402, 8.908,5719
   65,548.070, 7.668,5719
   66,556.114, 8.044,5719
   67,564.447, 8.333,5719
   68,572.341, 7.894,5719
   69,580.552, 8.211,5719
   70,589.082, 8.530,5719
   71,598.004, 8.922,5719
   72,606.676, 8.672,5719
   73,614.885, 8.209,5719
   74,622.967, 8.082,5719
   75,631.984, 9.017,5719
   76,639.889, 7.905,5719
   77,647.828, 7.939,5719
   78,656.523, 8.695,5719
   79,664.813, 8.290,5719
   80,672.547, 7.734,5719
   81,680.142, 7.595,5719
   82,688.615, 8.473,5719
   83,697.089, 8.474,5719
   84,705.416, 8.327,5719
   85,713.136, 7.720,5719
   86,721.077, 7.941,5719
   87,729.582, 8.505,5719
   88,737.321, 7.739,5719
   89,746.207, 8.886,5719
   90,754.976, 8.769,5719
   91,763.339, 8.363,5719
   92,771.321, 7.982,5719
   93,779.099, 7.778,5719
   94,787.006, 7.907,5719
   95,794.796, 7.790,5719
   96,803.491, 8.695,5719
   97,811.202, 7.711,5719
   98,819.042, 7.840,5719
   99,826.832, 7.790,5719
  100,834.535, 7.703,5719
  101,842.458, 7.923,5719
  102,850.399, 7.941,5719
  103,858.491, 8.092,5719
  104,866.633, 8.142,5719
  105,874.331, 7.698,5719
  106,882.592, 8.261,5719
  107,890.791, 8.199,5719
  108,899.690, 8.899,5719
  109,908.736, 9.046,5719
  110,918.995,10.259,5719
  111,929.534,10.539,5719
  112,939.623,10.089,5719
  113,948.324, 8.701,5719
  114,956.789, 8.465,5719
  115,965.047, 8.258,5719
  116,974.500, 9.453,5719
  117,983.093, 8.593,5719
  118,991.333, 8.240,5719
  119,999.601, 8.268,5719
  120,1007.996, 8.395,5719
  121,1016.135, 8.139,5719
  122,1024.248, 8.113,5719
  123,1033.856, 9.608,5719
  124,1042.059, 8.203,5719
  125,1049.951, 7.892,5719
  126,1058.282, 8.331,5719
  127,1066.671, 8.389,5719
  128,1074.611, 7.940,5719
  129,1083.362, 8.751,5719
  130,1092.143, 8.781,5719
  131,1101.108, 8.965,5719
  132,1109.783, 8.675,5719
  133,1118.248, 8.465,5719
  134,1126.915, 8.667,5719
  135,1135.206, 8.291,5719
  136,1143.364, 8.158,5719
  137,1151.466, 8.102,5719
  138,1160.356, 8.890,5719
  139,1168.653, 8.297,5719
  140,1176.591, 7.938,5719
  141,1184.845, 8.254,5719
  142,1193.369, 8.524,5719
  143,1202.126, 8.757,5719
  144,1211.226, 9.100,5719
  145,1219.316, 8.090,5719
  146,1228.410, 9.094,5719
  147,1236.173, 7.763,5719
  148,1244.416, 8.243,5719
  149,1252.264, 7.848,5719
  150,1259.837, 7.573,5719
  151,1267.884, 8.047,5719
  152,1275.151, 7.267,5719
  153,1282.769, 7.618,5719
  154,1290.885, 8.116,5719
  155,1298.665, 7.780,5719
  156,1306.888, 8.223,5719
  157,1315.381, 8.493,5719
  158,1324.450, 9.069,5719
  159,1333.565, 9.115,5719
  160,1341.763, 8.198,5719
  161,1350.132, 8.369,5719
  162,1357.821, 7.689,5719
  163,1366.134, 8.313,5719
  164,1373.901, 7.767,5719
  165,1381.435, 7.534,5719
  166,1389.391, 7.956,5719
  167,1397.409, 8.018,5719
  168,1405.190, 7.781,5719
  169,1412.831, 7.641,5719
  170,1420.817, 7.986,5719
  171,1428.723, 7.906,5719
  172,1436.936, 8.213,5719
  173,1445.240, 8.304,5719
  174,1453.037, 7.797,5719
  175,1460.773, 7.736,5719
  176,1468.485, 7.712,5719
  177,1475.922, 7.437,5719
  178,1483.568, 7.646,5719
  179,1491.565, 7.997,5719
  180,1499.811, 8.246,5719
  181,1507.311, 7.500,5719
  182,1515.401, 8.090,5719
  183,1522.772, 7.371,5719
  184,1530.582, 7.810,5719
  185,1538.060, 7.478,5719
  186,1545.896, 7.836,5719
  187,1554.154, 8.258,5719
  188,1561.954, 7.800,5719
  189,1569.523, 7.569,5719
  190,1577.085, 7.562,5719
  191,1585.061, 7.976,5719
  192,1592.997, 7.936,5719
  193,1600.999, 8.002,5719
  194,1609.126, 8.127,5719
  195,1616.549, 7.423,5719
  196,1624.669, 8.120,5719
  197,1633.285, 8.616,5719
  198,1641.103, 7.818,5719
  199,1649.354, 8.251,5719
  200,1658.036, 8.682,5719
  201,1666.747, 8.711,5719
  202,1674.867, 8.120,5719
  203,1682.614, 7.747,5719
  204,1690.765, 8.151,5719
  205,1698.979, 8.214,5719
  206,1709.019,10.040,5719
  207,1718.147, 9.128,5719
  208,1727.291, 9.144,5719
  209,1735.391, 8.100,5719
  210,1743.644, 8.253,5719
  211,1751.822, 8.178,5719
  212,1761.083, 9.261,5719
  213,1769.443, 8.360,5719
  214,1778.996, 9.553,5719
  215,1787.513, 8.517,5719
  216,1795.527, 8.014,5719
  217,1803.800, 8.273,5719
  218,1812.494, 8.694,5719
  219,1821.319, 8.825,5719
  220,1830.157, 8.838,5719
  221,1838.607, 8.450,5719
  222,1846.468, 7.861,5719
  223,1853.791, 7.323,5719
  224,1862.115, 8.324,5719
  225,1869.976, 7.861,5719
  226,1877.703, 7.727,5719
  227,1885.015, 7.312,5719
  228,1892.549, 7.534,5719
  229,1900.462, 7.913,5719
  230,1908.301, 7.839,5719
  231,1916.034, 7.733,5719
  232,1923.891, 7.857,5719
  233,1931.221, 7.330,5719
  234,1938.771, 7.550,5719
  235,1946.128, 7.357,5719
  236,1953.330, 7.202,5719
  237,1960.883, 7.553,5719
  238,1968.915, 8.032,5719
  239,1976.900, 7.985,5719
  240,1984.508, 7.608,5719
  241,1991.840, 7.332,5719
  242,1999.535, 7.695,5719
  243,2006.978, 7.443,5719
  244,2014.362, 7.384,5719
  245,2021.349, 6.987,5719
  246,2028.854, 7.505,5719
  247,2036.302, 7.448,5719
  248,2043.573, 7.271,5719
  249,2051.093, 7.520,5719
  250,2058.525, 7.432,5719
  251,2065.991, 7.466,5719
  252,2073.584, 7.593,5719
  253,2081.261, 7.677,5719
  254,2088.715, 7.454,5719
  255,2096.900, 8.185,5719
  256,2106.183, 9.283,5719
  257,2114.120, 7.937,5719
  258,2121.905, 7.785,5719
  259,2129.386, 7.481,5719
  260,2136.852, 7.466,5719
  261,2144.660, 7.808,5719
  262,2152.705, 8.045,5719
  263,2160.337, 7.632,5719
  264,2168.577, 8.240,5719
  265,2175.680, 7.103,5719
  266,2183.985, 8.305,5719
  267,2191.625, 7.640,5719
  268,2199.230, 7.605,5719
  269,2206.866, 7.636,5719
  270,2214.868, 8.002,5719
  271,2223.046, 8.178,5719
  272,2231.616, 8.570,5719
  273,2238.910, 7.294,5719
  274,2246.525, 7.615,5719
  275,2254.175, 7.650,5719
  276,2261.754, 7.579,5719
  277,2269.319, 7.565,5719
  278,2276.888, 7.569,5719
  279,2284.740, 7.852,5719
  280,2293.063, 8.323,5719
  281,2300.383, 7.320,5719
  282,2308.896, 8.513,5719
  283,2316.611, 7.715,5719
  284,2324.611, 8.000,5719
  285,2332.308, 7.697,5719
  286,2340.236, 7.928,5719
  287,2348.103, 7.867,5719
  288,2355.863, 7.760,5719
  289,2363.609, 7.746,5719
  290,2371.330, 7.721,5719
  291,2379.340, 8.010,5719
  292,2387.075, 7.735,5719
  293,2394.944, 7.869,5719
  294,2403.138, 8.194,5719
  295,2411.217, 8.079,5719
  296,2419.367, 8.150,5719
  297,2427.322, 7.955,5719
  298,2436.372, 9.050,5719
  299,2444.589, 8.217,5719
  300,2452.279, 7.690,5719
  301,2460.124, 7.845,5719
  302,2467.437, 7.313,5719
  303,2474.807, 7.370,5719
  304,2482.682, 7.875,5719
  305,2491.122, 8.440,5719
  306,2500.786, 9.664,5719
  307,2508.668, 7.882,5719
  308,2516.022, 7.354,5719
  309,2523.742, 7.720,5719
  310,2531.460, 7.718,5719
  311,2538.788, 7.328,5719
  312,2546.555, 7.767,5719
  313,2553.591, 7.036,5719
  314,2561.006, 7.415,5719
  315,2568.454, 7.448,5719
  316,2575.460, 7.006,5719
  317,2582.633, 7.173,5719
  318,2589.907, 7.274,5719
  319,2596.967, 7.060,5719
  320,2604.734, 7.767,5719
  321,2612.460, 7.726,5719
  322,2620.061, 7.601,5719
  323,2627.286, 7.225,5719
  324,2634.625, 7.339,5719
  325,2641.542, 6.917,5719
  326,2648.458, 6.916,5719
  327,2655.464, 7.006,5719
  328,2662.966, 7.502,5719
  329,2670.267, 7.301,5719
  330,2677.996, 7.729,5719
  331,2686.167, 8.171,5719
  332,2693.458, 7.291,5719
  333,2700.746, 7.288,5719
  334,2708.276, 7.530,5719
  335,2715.845, 7.569,5719
  336,2722.999, 7.154,5719
  337,2730.162, 7.163,5719
  338,2737.224, 7.062,5719
  339,2744.118, 6.894,5719
  340,2750.977, 6.859,5719
  341,2758.194, 7.217,5719
  342,2765.810, 7.616,5719
  343,2773.872, 8.062,5719
  344,2782.101, 8.229,5719
  345,2789.061, 6.960,5719
  346,2795.969, 6.908,5719
  347,2803.084, 7.115,5719
  348,2810.224, 7.140,5719
  349,2817.580, 7.356,5719
  350,2824.853, 7.273,5719
  351,2831.974, 7.121,5719
  352,2839.346, 7.372,5719
  353,2846.627, 7.281,5719
  354,2854.419, 7.792,5719
  355,2861.515, 7.096,5719
  356,2869.722, 8.207,5719
  357,2877.321, 7.599,5719
  358,2886.279, 8.958,5719
  359,2894.082, 7.803,5719
  360,2901.813, 7.731,5719
  361,2908.969, 7.156,5719
  362,2916.835, 7.866,5719
  363,2924.469, 7.634,5719
  364,2932.025, 7.556,5719
  365,2939.168, 7.143,5719
  366,2946.320, 7.152,5719
  367,2953.617, 7.297,5719
  368,2961.508, 7.891,5719
  369,2968.676, 7.168,5719
  370,2976.300, 7.624,5719
  371,2983.598, 7.298,5719
  372,2991.230, 7.632,5719
  373,2998.967, 7.737,5719
  374,3006.592, 7.625,5719
  375,3014.352, 7.760,5719
  376,3022.411, 8.059,5719
  377,3030.384, 7.973,5719
  378,3038.316, 7.932,5719
  379,3046.234, 7.918,5719
  380,3054.418, 8.184,5719
  381,3062.282, 7.864,5719
  382,3070.610, 8.328,5719
  383,3079.065, 8.455,5719
  384,3086.925, 7.860,5719
  385,3094.468, 7.543,5719
  386,3102.931, 8.463,5719
  387,3110.785, 7.854,5719
  388,3118.484, 7.699,5719
  389,3126.093, 7.609,5719
  390,3134.562, 8.469,5719
  391,3142.358, 7.796,5719
  392,3149.629, 7.271,5719
  393,3157.659, 8.030,5719
  394,3165.694, 8.035,5719
  395,3173.397, 7.703,5719
  396,3181.209, 7.812,5719
  397,3188.823, 7.614,5719
  398,3196.037, 7.214,5719
  399,3203.197, 7.160,5719
  400,3210.219, 7.022,5719
  401,3217.213, 6.994,5719
  402,3225.122, 7.909,5719
  403,3231.940, 6.818,5719
  404,3239.409, 7.469,5719
  405,3246.755, 7.346,5719
  406,3253.645, 6.890,5719
  407,3260.285, 6.640,5719
  408,3268.023, 7.738,5719
  409,3276.222, 8.199,5719
  410,3284.036, 7.814,5719
  411,3291.475, 7.439,5719
  412,3298.568, 7.093,5719
  413,3305.365, 6.797,5719
  414,3312.552, 7.187,5719
  415,3319.525, 6.973,5719
  416,3326.508, 6.983,5719
  417,3333.373, 6.865,5719
  418,3340.478, 7.105,5719
  419,3348.120, 7.642,5719
  420,3355.251, 7.131,5719
  421,3362.153, 6.902,5719
  422,3369.071, 6.918,5719
  423,3375.898, 6.827,5719
  424,3383.043, 7.145,5719
  425,3389.844, 6.801,5719
  426,3396.943, 7.099,5719
  427,3403.715, 6.772,5719
  428,3411.248, 7.533,5719
  429,3418.385, 7.137,5719
  430,3425.476, 7.091,5719
  431,3432.504, 7.028,5719
  432,3439.721, 7.217,5719
  433,3446.464, 6.743,5719
  434,3453.801, 7.337,5719
  435,3461.258, 7.457,5719
  436,3468.886, 7.628,5719
  437,3475.638, 6.752,5719
  438,3482.712, 7.074,5719
  439,3490.290, 7.578,5719
  440,3497.444, 7.154,5719
  441,3504.209, 6.765,5719
  442,3511.729, 7.520,5719
  443,3518.540, 6.811,5719
  444,3525.341, 6.801,5719
  445,3531.918, 6.577,5719
  446,3538.855, 6.937,5719
  447,3545.595, 6.740,5719
  448,3552.697, 7.102,5719
  449,3559.793, 7.096,5719
  450,3566.711, 6.918,5719
  451,3573.535, 6.824,5719
  452,3580.374, 6.839,5719
  453,3587.234, 6.860,5719
  454,3594.604, 7.370,5719
  455,3601.931, 7.327,5719
  456,3609.537, 7.606,5719
  457,3616.565, 7.028,5719
  458,3623.732, 7.167,5719
  459,3631.385, 7.653,5719
  460,3638.276, 6.891,5719
  461,3646.084, 7.808,5719
  462,3653.327, 7.243,5719
  463,3661.750, 8.423,5719
  464,3672.376,10.626,5719
  465,3680.551, 8.175,5719
  466,3688.409, 7.858,5719
  467,3696.375, 7.966,5719
  468,3703.775, 7.400,5719
  469,3711.309, 7.534,5719
  470,3719.810, 8.501,5719
  471,3727.546, 7.736,5719
  472,3735.611, 8.065,5719
  473,3742.887, 7.276,5719
  474,3750.309, 7.422,5719
  475,3758.057, 7.748,5719
  476,3765.816, 7.759,5719
  477,3774.215, 8.399,5719
  478,3783.007, 8.792,5719
  479,3791.341, 8.334,5719
  480,3798.467, 7.126,5719
  481,3805.106, 6.639,5719
  482,3811.780, 6.674,5719
  483,3818.536, 6.756,5719
  484,3825.174, 6.638,5719
  485,3831.976, 6.802,5719
  486,3838.720, 6.744,5719
  487,3845.361, 6.641,5719
  488,3852.115, 6.754,5719
  489,3858.597, 6.482,5719
  490,3865.982, 7.385,5719
  491,3872.668, 6.686,5719
  492,3880.024, 7.356,5719
  493,3886.634, 6.610,5719
  494,3893.939, 7.305,5719
  495,3900.970, 7.031,5719
  496,3907.626, 6.656,5719
  497,3914.739, 7.113,5719
  498,3921.413, 6.674,5719
  499,3928.096, 6.683,5719
  500,3934.867, 6.771,5719
  501,3941.953, 7.086,5719
  502,3949.152, 7.199,5719
  503,3956.746, 7.594,5719
  504,3963.776, 7.030,5719
  505,3970.890, 7.114,5719
  506,3978.118, 7.228,5719
  507,3985.927, 7.809,5719
  508,3993.161, 7.234,5719
  509,4000.386, 7.225,5719
  510,4007.547, 7.161,5719
  511,4014.170, 6.623,5719
  512,4020.995, 6.825,5719
  513,4027.470, 6.475,5719
  514,4034.151, 6.681,5719
  515,4040.509, 6.358,5719
  516,4047.138, 6.629,5719
  517,4054.719, 7.581,5719
  518,4063.394, 8.675,5719
  519,4070.770, 7.376,5719
  520,4077.590, 6.820,5719
  521,4084.792, 7.202,5687
  522,4092.150, 7.358,5687
  523,4099.607, 7.457,5687
  524,4106.345, 6.738,5687
  525,4113.182, 6.837,5687
  526,4120.033, 6.851,5687
  527,4127.218, 7.185,5687
  528,4133.957, 6.739,5687
  529,4140.986, 7.029,5687
  530,4148.311, 7.325,5687
  531,4155.221, 6.910,5687
  532,4162.049, 6.828,5687
  533,4169.814, 7.765,5687
  534,4176.572, 6.758,5687
  535,4183.181, 6.609,5687
  536,4189.914, 6.733,5687
  537,4197.525, 7.611,5687
  538,4204.549, 7.024,5687
  539,4211.664, 7.115,5687
  540,4218.697, 7.033,5687
  541,4225.350, 6.653,5687
  542,4232.352, 7.002,5687
  543,4238.987, 6.635,5687
  544,4246.174, 7.187,5687
  545,4252.724, 6.550,5687
  546,4260.175, 7.451,5687
  547,4267.501, 7.326,5687
  548,4274.402, 6.901,5687
  549,4281.703, 7.301,5687
  550,4288.546, 6.843,5687
  551,4295.530, 6.984,5687
  552,4303.142, 7.612,5687
  553,4310.188, 7.046,5687
  554,4317.611, 7.423,5687
  555,4324.864, 7.253,5687
  556,4332.211, 7.347,5687
  557,4339.088, 6.877,5687
  558,4345.877, 6.789,5687
  559,4353.255, 7.378,5687
  560,4360.155, 6.900,5687
  561,4367.694, 7.539,5687
  562,4375.003, 7.309,5687
  563,4382.420, 7.417,5687
  564,4389.556, 7.136,5687
  565,4396.600, 7.044,5687
  566,4403.851, 7.251,5687
  567,4410.968, 7.117,5687
  568,4418.029, 7.061,5687
  569,4424.860, 6.831,5687
  570,4432.188, 7.328,5687
  571,4439.509, 7.321,5687
  572,4447.790, 8.281,5687
  573,4455.722, 7.932,5687
  574,4462.654, 6.932,5687
  575,4469.615, 6.961,5687
  576,4476.619, 7.004,5687
  577,4483.584, 6.965,5687
  578,4490.893, 7.309,5687
  579,4497.749, 6.856,5687
  580,4504.534, 6.785,5687
  581,4511.364, 6.830,5687
  582,4518.718, 7.354,5687
  583,4525.607, 6.889,5687
  584,4532.376, 6.769,5687
  585,4539.085, 6.709,5687
  586,4546.154, 7.069,5687
  587,4552.990, 6.836,5687
  588,4559.886, 6.896,5687
  589,4566.639, 6.753,5687
  590,4573.306, 6.667,5687
  591,4580.009, 6.703,5687
  592,4587.102, 7.093,5687
  593,4593.921, 6.819,5687
  594,4600.549, 6.628,5687
  595,4607.072, 6.523,5687
  596,4613.615, 6.543,5687
  597,4620.870, 7.255,5687
  598,4627.905, 7.035,5687
  599,4634.508, 6.603,5687
  600,4641.314, 6.806,5687
  601,4647.808, 6.494,5687
  602,4654.668, 6.860,5687
  603,4661.304, 6.636,5687
  604,4668.273, 6.969,5687
  605,4675.318, 7.045,5687
  606,4682.431, 7.113,5687
  607,4689.807, 7.376,5687
  608,4696.525, 6.718,5687
  609,4703.358, 6.833,5687
  610,4710.129, 6.771,5687
  611,4717.117, 6.988,5687
  612,4723.975, 6.858,5687
  613,4731.550, 7.575,5687
  614,4739.666, 8.116,5687
  615,4746.791, 7.125,5687
  616,4754.783, 7.992,5687
  617,4762.094, 7.311,5687
  618,4769.183, 7.089,5687
  619,4776.391, 7.208,5687
  620,4783.731, 7.340,5687
  621,4791.001, 7.270,5687
  622,4798.828, 7.827,5687
  623,4805.726, 6.898,5687
  624,4812.728, 7.002,5687
  625,4820.187, 7.459,5687
  626,4827.895, 7.708,5687
  627,4836.159, 8.264,5687
  628,4844.599, 8.440,5687
  629,4852.164, 7.565,5687
  630,4858.919, 6.755,5687
  631,4865.891, 6.972,5687
  632,4873.027, 7.136,5687
  633,4879.801, 6.774,5687
  634,4887.077, 7.276,5687
  635,4893.861, 6.784,5687
  636,4900.469, 6.608,5687
  637,4906.861, 6.392,5687
  638,4913.961, 7.100,5687
  639,4920.944, 6.983,5687
  640,4927.974, 7.030,5687
  641,4934.480, 6.506,5687
  642,4942.251, 7.771,5687
  643,4949.081, 6.830,5687
  644,4955.875, 6.794,5687
  645,4963.589, 7.714,5687
  646,4970.425, 6.836,5687
  647,4977.270, 6.845,5687
  648,4984.457, 7.187,5687
  649,4991.319, 6.862,5687
  650,4998.631, 7.312,5687
  651,5005.643, 7.012,5687
  652,5012.637, 6.994,5687
  653,5020.130, 7.493,5687
  654,5027.436, 7.306,5687
  655,5034.597, 7.161,5687
  656,5042.022, 7.425,5687
  657,5049.856, 7.834,5687
  658,5057.699, 7.843,5687
  659,5064.696, 6.997,5687
  660,5072.117, 7.421,5687
  661,5079.041, 6.924,5687
  662,5085.905, 6.864,5687
  663,5093.336, 7.431,5687
  664,5100.164, 6.828,5687
  665,5107.219, 7.055,5687
  666,5114.749, 7.530,5687
  667,5122.254, 7.505,5687
  668,5129.877, 7.623,5687
  669,5137.141, 7.264,5687
  670,5144.390, 7.249,5687
  671,5151.983, 7.593,5687
  672,5158.835, 6.852,5687
  673,5165.949, 7.114,5687
  674,5173.129, 7.180,5687
  675,5179.710, 6.581,5687
  676,5186.555, 6.845,5687
  677,5193.646, 7.091,5687
  678,5200.472, 6.826,5687
  679,5207.232, 6.760,5687
  680,5214.256, 7.024,5687
  681,5222.102, 7.846,5687
  682,5231.633, 9.531,5687
  683,5239.100, 7.467,5687
  684,5245.848, 6.748,5687
  685,5252.666, 6.818,5687
  686,5259.685, 7.019,5687
  687,5266.346, 6.661,5687
  688,5273.246, 6.900,5687
  689,5280.082, 6.836,5687
  690,5286.844, 6.762,5687
  691,5293.404, 6.560,5687
  692,5300.109, 6.705,5687
  693,5306.791, 6.682,5687
  694,5314.095, 7.304,5687
  695,5320.631, 6.536,5687
  696,5327.479, 6.848,5687
  697,5334.179, 6.700,5687
  698,5341.195, 7.016,5687
  699,5347.643, 6.448,5687
  700,5354.670, 7.027,5687
  701,5362.337, 7.667,5687
  702,5369.225, 6.888,5687
  703,5376.036, 6.811,5687
  704,5382.549, 6.513,5687
  705,5389.771, 7.222,5687
  706,5396.597, 6.826,5687
  707,5403.033, 6.436,5687
  708,5409.732, 6.699,5687
  709,5416.093, 6.361,5687
  710,5423.212, 7.119,5687
  711,5429.807, 6.595,5687
  712,5436.211, 6.404,5687
  713,5442.405, 6.194,5687
  714,5448.956, 6.551,5687
  715,5455.772, 6.816,5687
  716,5462.872, 7.100,5687
  717,5469.889, 7.017,5687
  718,5476.585, 6.696,5687
  719,5483.118, 6.533,5687
  720,5489.938, 6.820,5687
  721,5496.417, 6.479,5687
  722,5503.454, 7.037,5687
  723,5510.326, 6.872,5687
  724,5516.825, 6.499,5687
  725,5523.010, 6.185,5687
  726,5529.409, 6.399,5687
  727,5536.105, 6.696,5687
  728,5543.371, 7.266,5687
  729,5550.940, 7.569,5687
  730,5558.087, 7.147,5687
  731,5565.320, 7.233,5687
  732,5573.509, 8.189,5687
  733,5581.275, 7.766,5687
  734,5588.106, 6.831,5687
  735,5595.441, 7.335,5687
  736,5603.467, 8.026,5687
  737,5611.369, 7.902,5687
  738,5619.841, 8.472,5687
  739,5627.335, 7.494,5687
  740,5635.137, 7.802,5687
  741,5642.399, 7.262,5687
  742,5649.790, 7.391,5687
  743,5656.716, 6.926,5687
  744,5664.186, 7.470,5687
  745,5671.555, 7.369,5687
  746,5679.279, 7.724,5687
  747,5686.460, 7.181,5687
  748,5693.821, 7.361,5687
  749,5700.583, 6.762,5687
  750,5707.837, 7.254,5687
  751,5714.848, 7.011,5687
  752,5722.000, 7.151,5687
  753,5729.495, 7.496,5687
  754,5737.545, 8.050,5687
  755,5744.004, 6.459,5687
  756,5750.488, 6.484,5687
  757,5756.739, 6.251,5687
  758,5763.172, 6.433,5687
  759,5769.501, 6.329,5687
  760,5775.845, 6.344,5687
  761,5782.817, 6.972,5687
  762,5789.834, 7.017,5687
  763,5796.445, 6.611,5687
  764,5802.986, 6.541,5687
  765,5809.786, 6.800,5687
  766,5816.125, 6.338,5687
  767,5822.396, 6.272,5687
  768,5828.708, 6.312,5687
  769,5835.308, 6.600,5687
  770,5841.904, 6.596,5687
  771,5848.244, 6.340,5687
  772,5854.787, 6.543,5687
  773,5862.028, 7.241,5687
  774,5869.134, 7.106,5687
  775,5875.593, 6.459,5687
  776,5881.925, 6.332,5687
  777,5888.804, 6.879,5687
  778,5895.430, 6.626,5687
  779,5901.890, 6.460,5687
  780,5908.192, 6.302,5687
  781,5914.668, 6.476,5687
  782,5921.297, 6.629,5687
  783,5927.740, 6.443,5687
  784,5935.110, 7.370,5687
  785,5941.744, 6.634,5687
  786,5948.264, 6.520,5687
  787,5954.584, 6.320,5687
  788,5961.290, 6.706,5687
  789,5967.638, 6.348,5687
  790,5974.001, 6.363,5687
  791,5980.418, 6.417,5687
  792,5986.907, 6.489,5687
  793,5993.492, 6.585,5687
  794,6002.080, 8.588,5687
  795,6009.357, 7.277,5687
  796,6016.132, 6.775,5687
  797,6022.354, 6.221,5687
  798,6028.962, 6.609,5687
  799,6035.305, 6.343,5687
  800,6041.984, 6.679,5687
  801,6048.891, 6.907,5687
  802,6055.359, 6.468,5687
  803,6061.691, 6.332,5687
  804,6068.441, 6.750,5687
  805,6075.000, 6.559,5687
  806,6081.370, 6.370,5687
  807,6087.694, 6.324,5687
  808,6094.268, 6.574,5687
  809,6101.172, 6.904,5687
  810,6107.777, 6.605,5687
  811,6114.142, 6.365,5687
  812,6121.025, 6.883,5687
  813,6127.499, 6.473,5687
  814,6134.169, 6.671,5687
  815,6140.756, 6.587,5687
  816,6147.459, 6.703,5687
  817,6153.979, 6.520,5687
  818,6161.011, 7.032,5687
  819,6167.654, 6.643,5687
  820,6175.006, 7.352,5687
  821,6181.679, 6.673,5687
  822,6188.880, 7.201,5687
  823,6195.607, 6.727,5687
  824,6203.101, 7.494,5687
  825,6210.964, 7.863,5687
  826,6218.839, 7.875,5687
  827,6226.503, 7.664,5687
  828,6233.768, 7.265,5687
  829,6241.225, 7.457,5687
  830,6248.282, 7.057,5687
  831,6254.991, 6.709,5687
  832,6262.133, 7.142,5687
  833,6269.224, 7.091,5687
  834,6276.491, 7.267,5687
  835,6283.119, 6.628,5687
  836,6291.031, 7.912,5687
  837,6298.697, 7.666,5687
  838,6306.187, 7.489,5687
  839,6314.140, 7.954,5687
  840,6322.653, 8.513,5687
  841,6330.109, 7.456,5687
  842,6337.146, 7.037,5687
  843,6343.565, 6.419,5687
  844,6350.323, 6.758,5687
  845,6356.863, 6.540,5687
  846,6362.972, 6.109,5687
  847,6369.539, 6.567,5687
  848,6375.955, 6.416,5687
  849,6382.160, 6.205,5687
  850,6389.463, 7.303,5687
  851,6397.186, 7.722,5687
  852,6404.461, 7.276,5687
  853,6411.400, 6.939,5687
  854,6418.672, 7.272,5687
  855,6425.482, 6.810,5687
  856,6432.007, 6.525,5687
  857,6438.751, 6.744,5687
  858,6445.224, 6.473,5687
  859,6452.323, 7.099,5687
  860,6458.910, 6.587,5687
  861,6465.390, 6.480,5687
  862,6471.882, 6.492,5687
  863,6478.396, 6.513,5687
  864,6485.098, 6.703,5687
  865,6491.592, 6.494,5687
  866,6498.527, 6.935,5687
  867,6505.120, 6.593,5687
  868,6511.677, 6.557,5687
  869,6517.951, 6.274,5687
  870,6524.830, 6.879,5687
  871,6531.437, 6.606,5687
  872,6538.036, 6.600,5687
  873,6544.348, 6.312,5687
  874,6551.065, 6.717,5687
  875,6557.395, 6.329,5687
  876,6563.483, 6.089,5687
  877,6569.479, 5.996,5687
  878,6576.261, 6.782,5687
  879,6582.368, 6.107,5687
  880,6588.542, 6.174,5687
  881,6594.792, 6.249,5687
  882,6601.629, 6.838,5687
  883,6607.807, 6.178,5687
  884,6614.111, 6.304,5687
  885,6620.375, 6.263,5687
  886,6626.949, 6.575,5687
  887,6633.813, 6.863,5687
  888,6640.646, 6.833,5687
  889,6646.979, 6.334,5687
  890,6653.255, 6.276,5687
  891,6659.692, 6.437,5687
  892,6666.141, 6.449,5687
  893,6672.511, 6.370,5687
  894,6678.729, 6.218,5687
  895,6685.377, 6.648,5687
  896,6692.148, 6.771,5687
  897,6698.386, 6.238,5687
  898,6704.758, 6.372,5687
  899,6711.009, 6.251,5687
  900,6717.295, 6.286,5687
  901,6723.490, 6.195,5687
  902,6729.994, 6.504,5687
  903,6736.690, 6.696,5687
  904,6743.744, 7.054,5687
  905,6750.488, 6.744,5687
  906,6757.571, 7.083,5687
  907,6764.059, 6.488,5687
  908,6770.714, 6.655,5687
  909,6778.343, 7.629,5687
  910,6786.885, 8.542,5687
  911,6794.134, 7.249,5687
  912,6800.995, 6.861,5687
  913,6808.353, 7.357,5687
  914,6815.958, 7.606,5687
  915,6823.074, 7.116,5687
  916,6830.225, 7.151,5687
  917,6836.760, 6.535,5687
  918,6843.588, 6.828,5687
  919,6849.727, 6.138,5687
  920,6856.233, 6.507,5687
  921,6862.525, 6.292,5687
  922,6869.145, 6.619,5687
  923,6875.591, 6.447,5687
  924,6882.060, 6.468,5687
  925,6888.738, 6.679,5687
  926,6894.935, 6.196,5687
  927,6901.127, 6.193,5687
  928,6907.430, 6.303,5687
  929,6914.028, 6.598,5687
  930,6921.121, 7.093,5687
  931,6928.423, 7.302,5687
  932,6934.819, 6.396,5687
  933,6941.981, 7.162,5687
  934,6949.150, 7.169,5687
  935,6956.114, 6.964,5687
  936,6963.619, 7.505,5687
  937,6970.438, 6.819,5687
  938,6977.104, 6.666,5687
  939,6983.956, 6.851,5687
  940,6990.941, 6.986,5687
  941,6997.519, 6.577,5687
  942,7005.727, 8.208,5687
  943,7014.263, 8.537,5687
  944,7021.167, 6.904,5687
  945,7028.400, 7.233,5687
  946,7035.854, 7.454,5687
  947,7042.720, 6.866,5687
  948,7050.292, 7.571,5687
  949,7057.661, 7.370,5687
  950,7064.795, 7.134,5687
  951,7072.113, 7.318,5687
  952,7079.688, 7.574,5687
  953,7086.331, 6.643,5687
  954,7093.222, 6.892,5687
  955,7099.265, 6.043,5687
  956,7105.620, 6.355,5687
  957,7112.485, 6.865,5687
  958,7118.718, 6.233,5687
  959,7125.537, 6.819,5687
  960,7132.092, 6.555,5687
  961,7138.521, 6.428,5687
  962,7145.066, 6.546,5687
  963,7151.605, 6.539,5687
  964,7159.451, 7.846,5687
  965,7165.833, 6.381,5687
  966,7172.328, 6.496,5687
  967,7180.137, 7.809,5687
  968,7187.963, 7.826,5687
  969,7194.807, 6.844,5687
  970,7201.342, 6.535,5687
  971,7208.213, 6.871,5687
  972,7214.841, 6.628,5687
  973,7221.548, 6.707,5687
  974,7228.421, 6.873,5687
  975,7235.233, 6.812,5687
  976,7242.178, 6.945,5687
  977,7249.091, 6.913,5687
  978,7255.753, 6.662,5687
  979,7262.967, 7.214,5687
  980,7270.337, 7.370,5687
  981,7277.264, 6.927,5687
  982,7284.549, 7.285,5687
  983,7291.360, 6.811,5687
  984,7298.613, 7.253,5687
  985,7305.574, 6.961,5687
  986,7312.564, 6.990,5687
  987,7319.749, 7.184,5687
  988,7326.417, 6.668,5687
  989,7333.110, 6.694,5687
  990,7339.764, 6.654,5687
  991,7347.360, 7.596,5687
  992,7354.863, 7.503,5687
  993,7361.301, 6.438,5687
  994,7368.555, 7.254,5687
  995,7375.865, 7.310,5687
  996,7382.383, 6.518,5687
  997,7388.967, 6.584,5687
  998,7395.627, 6.660,5687
  999,7401.928, 6.301,5687
 1000,7408.761, 6.833,5687
 1001,7415.226, 6.464,5687
 1002,7421.790, 6.564,5687
 1003,7428.445, 6.656,5687
 1004,7435.080, 6.634,5687
 1005,7441.390, 6.311,5687
 1006,7448.507, 7.117,5687
 1007,7455.260, 6.753,5687
 1008,7461.730, 6.470,5687
 1009,7468.330, 6.599,5687
 1010,7475.036, 6.707,5687
 1011,7481.703, 6.667,5687
 1012,7488.570, 6.867,5687
 1013,7495.450, 6.880,5687
 1014,7502.445, 6.995,5687
 1015,7509.271, 6.826,5687
 1016,7516.243, 6.972,5687
 1017,7522.926, 6.683,5687
 1018,7529.547, 6.621,5687
 1019,7536.265, 6.718,5687
 1020,7543.543, 7.278,5687
 1021,7550.485, 6.942,5687
 1022,7558.175, 7.690,5687
 1023,7566.670, 8.495,5687
 1024,7575.368, 8.698,5687
 1025,7583.592, 8.224,5687
 1026,7591.048, 7.456,5687
 1027,7598.458, 7.409,5687
 1028,7606.716, 8.259,5687
 1029,7614.656, 7.940,5687
 1030,7621.938, 7.281,5687
 1031,7629.239, 7.302,5687
 1032,7636.609, 7.370,5687
 1033,7643.536, 6.927,5687
 1034,7651.421, 7.885,5687
 1035,7660.562, 9.140,5687
 1036,7668.296, 7.735,5687
 1037,7675.712, 7.416,5687
 1038,7683.422, 7.710,5687
 1039,7690.844, 7.422,5687
 1040,7698.062, 7.217,5687
 1041,7704.453, 6.392,5687
 1042,7711.350, 6.896,5687
 1043,7718.866, 7.517,5687
 1044,7725.907, 7.041,5687
 1045,7732.648, 6.741,5687
 1046,7739.254, 6.606,5687
 1047,7746.028, 6.774,5687
 1048,7752.812, 6.783,5687
 1049,7759.324, 6.513,5687
 1050,7765.855, 6.531,5687
 1051,7772.442, 6.587,5687
 1052,7779.435, 6.992,5687
 1053,7786.229, 6.794,5687
 1054,7793.066, 6.838,5687
 1055,7800.197, 7.131,5687
 1056,7807.333, 7.135,5687
 1057,7814.111, 6.779,5687
 1058,7820.944, 6.833,5687
 1059,7827.777, 6.833,5687
 1060,7834.397, 6.620,5687
 1061,7841.425, 7.028,5687
 1062,7849.111, 7.686,5687
 1063,7856.314, 7.203,5687
 1064,7862.781, 6.467,5687
 1065,7869.734, 6.953,5687
 1066,7876.036, 6.302,5687
 1067,7882.329, 6.292,5687
 1068,7888.607, 6.279,5687
 1069,7895.445, 6.838,5687
 1070,7902.431, 6.986,5687
 1071,7909.013, 6.582,5687
 1072,7915.781, 6.768,5687
 1073,7922.848, 7.067,5687
 1074,7929.354, 6.505,5687
 1075,7936.243, 6.890,5687
 1076,7942.547, 6.304,5687
 1077,7949.616, 7.069,5687
 1078,7957.625, 8.009,5687
 1079,7965.042, 7.417,5687
 1080,7972.050, 7.008,5687
 1081,7979.181, 7.131,5687
 1082,7985.690, 6.509,5687
 1083,7992.383, 6.693,5687
 1084,7999.217, 6.834,5687
 1085,8006.165, 6.947,5687
 1086,8013.461, 7.297,5687
 1087,8020.650, 7.189,5687
 1088,8027.592, 6.942,5687
 1089,8034.128, 6.536,5687
 1090,8041.295, 7.167,5687
 1091,8048.357, 7.062,5687
 1092,8055.157, 6.800,5687
 1093,8062.104, 6.946,5687
 1094,8069.010, 6.907,5687
 1095,8076.061, 7.050,5687
 1096,8082.808, 6.747,5687
 1097,8089.708, 6.900,5687
 1098,8097.264, 7.557,5687
 1099,8104.246, 6.981,5687
 1100,8111.272, 7.027,5687
 1101,8118.872, 7.599,5687
 1102,8126.256, 7.385,5687
 1103,8133.560, 7.303,5687
 1104,8140.723, 7.164,5687
 1105,8147.566, 6.843,5687
 1106,8154.644, 7.077,5687
 1107,8161.856, 7.213,5687
 1108,8169.383, 7.527,5687
 1109,8176.560, 7.176,5687
 1110,8184.329, 7.769,5687
 1111,8191.519, 7.190,5687
 1112,8198.937, 7.418,5687
 1113,8206.762, 7.825,5687
 1114,8213.892, 7.130,5687
 1115,8222.308, 8.416,5687
 1116,8230.659, 8.352,5687
 1117,8237.966, 7.306,5687
 1118,8245.314, 7.349,5687
 1119,8252.485, 7.171,5687
 1120,8259.579, 7.094,5687
 1121,8266.487, 6.908,5687
 1122,8273.465, 6.977,5687
 1123,8280.605, 7.141,5687
 1124,8288.223, 7.617,5687
 1125,8297.228, 9.005,5687
 1126,8304.649, 7.422,5687
 1127,8311.765, 7.115,5687
 1128,8318.380, 6.615,5687
 1129,8325.951, 7.572,5687
 1130,8333.327, 7.376,5687
 1131,8341.048, 7.720,5687
 1132,8349.670, 8.623,5687
 1133,8358.417, 8.747,5687
 1134,8366.050, 7.632,5687
 1135,8373.219, 7.169,5687
 1136,8379.937, 6.718,5687
 1137,8386.878, 6.942,5687
 1138,8393.849, 6.970,5687
 1139,8401.270, 7.421,5687
 1140,8408.380, 7.110,5687
 1141,8415.153, 6.774,5687
 1142,8422.237, 7.084,5687
 1143,8429.118, 6.881,5687
 1144,8436.517, 7.398,5687
 1145,8443.174, 6.657,5687
 1146,8449.968, 6.794,5687
 1147,8457.113, 7.146,5687
 1148,8464.074, 6.961,5687
 1149,8471.284, 7.210,5687
 1150,8478.253, 6.969,5687
 1151,8485.691, 7.438,5687
 1152,8494.041, 8.350,5687
 1153,8501.236, 7.195,5687
 1154,8508.272, 7.036,5687
 1155,8515.047, 6.774,5687
 1156,8521.981, 6.935,5687
 1157,8528.551, 6.569,5687
 1158,8535.508, 6.957,5687
 1159,8542.778, 7.271,5687
 1160,8549.624, 6.846,5687
 1161,8556.744, 7.120,5687
 1162,8563.552, 6.807,5687
 1163,8570.577, 7.026,5687
 1164,8577.509, 6.931,5687
 1165,8584.573, 7.065,5687
 1166,8591.134, 6.560,5687
 1167,8598.787, 7.654,5687
 1168,8605.684, 6.896,5687
 1169,8612.620, 6.937,5687
 1170,8619.237, 6.617,5687
 1171,8626.063, 6.825,5687
 1172,8632.641, 6.578,5687
 1173,8639.610, 6.970,5687
 1174,8646.886, 7.275,5687
 1175,8653.702, 6.817,5687
 1176,8660.514, 6.811,5687
 1177,8667.571, 7.058,5687
 1178,8674.955, 7.384,5687
 1179,8682.006, 7.050,5687
 1180,8689.458, 7.453,5687
 1181,8697.184, 7.725,5687
 1182,8704.100, 6.916,5687
 1183,8711.119, 7.020,5687
 1184,8718.810, 7.690,5687
 1185,8726.511, 7.701,5687
 1186,8734.416, 7.906,5687
 1187,8743.056, 8.639,5687
 1188,8750.897, 7.842,5687
 1189,8758.510, 7.612,5687
 1190,8765.496, 6.987,5687
 1191,8772.512, 7.015,5687
 1192,8780.815, 8.304,5687
 1193,8787.845, 7.029,5687
 1194,8795.069, 7.225,5687
 1195,8802.251, 7.182,5687
 1196,8809.320, 7.069,5687
 1197,8816.277, 6.957,5687
 1198,8823.785, 7.508,5687
 1199,8831.838, 8.052,5687
 1200,8840.033, 8.196,5687
 1201,8847.774, 7.741,5687
 1202,8856.001, 8.227,5687
 1203,8863.479, 7.477,5687
 1204,8870.589, 7.110,5687
 1205,8878.012, 7.423,5687
 1206,8885.364, 7.353,5687
 1207,8892.547, 7.182,5687
 1208,8899.971, 7.424,5687
 1209,8907.158, 7.188,5687
 1210,8915.101, 7.942,5687
 1211,8922.847, 7.746,5687
 1212,8930.594, 7.747,5687
 1213,8937.982, 7.389,5687
 1214,8946.349, 8.366,5687
 1215,8954.233, 7.885,5687
 1216,8962.730, 8.497,5687
 1217,8970.530, 7.800,5687
 1218,8978.216, 7.685,5687
 1219,8985.519, 7.303,5687
 1220,8993.747, 8.229,5687
 1221,9001.904, 8.157,5687
 1222,9009.858, 7.954,5687
 1223,9017.756, 7.897,5687
 1224,9026.321, 8.566,5687
 1225,9034.927, 8.605,5687
 1226,9043.096, 8.169,5687
 1227,9050.720, 7.624,5687
 1228,9058.824, 8.105,5687
 1229,9066.340, 7.515,5687
 1230,9074.131, 7.791,5687
 1231,9081.107, 6.977,5687
 1232,9087.981, 6.874,5687
 1233,9095.156, 7.175,5687
 1234,9102.804, 7.647,5687
 1235,9109.952, 7.149,5687
 1236,9117.430, 7.477,5687
 1237,9124.125, 6.696,5687
 1238,9131.752, 7.627,5687
 1239,9140.166, 8.414,5687
 1240,9147.847, 7.680,5687
 1241,9155.251, 7.405,5687
 1242,9163.135, 7.883,5687
 1243,9170.939, 7.805,5687
 1244,9178.972, 8.032,5687
 1245,9186.910, 7.939,5687
 1246,9194.458, 7.548,5687
 1247,9201.773, 7.315,5687
 1248,9208.974, 7.200,5687
 1249,9216.460, 7.487,5687
 1250,9223.728, 7.267,5687
 1251,9231.078, 7.351,5687
 1252,9238.449, 7.371,5687
 1253,9245.665, 7.216,5687
 1254,9253.310, 7.644,5687
 1255,9260.221, 6.911,5687
 1256,9267.447, 7.227,5687
 1257,9274.954, 7.507,5687
 1258,9282.672, 7.717,5687
 1259,9289.921, 7.249,5687
 1260,9297.104, 7.184,5687
 1261,9304.047, 6.942,5687
 1262,9311.332, 7.286,5687
 1263,9318.665, 7.333,5687
 1264,9325.801, 7.135,5687
 1265,9332.775, 6.975,5687
 1266,9339.890, 7.114,5687
 1267,9346.772, 6.883,5687
 1268,9353.896, 7.123,5687
 1269,9361.153, 7.258,5687
 1270,9368.833, 7.680,5687
 1271,9376.227, 7.393,5687
 1272,9384.239, 8.013,5687
 1273,9391.932, 7.692,5687
 1274,9399.486, 7.555,5687
 1275,9407.103, 7.616,5687
 1276,9414.378, 7.275,5687
 1277,9421.766, 7.388,5687
 1278,9429.653, 7.888,5687
 1279,9437.575, 7.922,5687
 1280,9445.389, 7.813,5687
 1281,9452.976, 7.587,5687
 1282,9460.681, 7.705,5687
 1283,9468.930, 8.249,5687
 1284,9476.737, 7.808,5687
 1285,9485.361, 8.624,5687
 1286,9493.705, 8.344,5687
 1287,9501.594, 7.888,5687
 1288,9509.298, 7.704,5687
 1289,9517.532, 8.235,5687
 1290,9529.992,12.460,5687
 1291,9538.911, 8.919,5687
 1292,9547.010, 8.098,5687
 1293,9554.894, 7.884,5687
 1294,9563.482, 8.589,5687
 1295,9571.279, 7.797,5687
 1296,9579.111, 7.832,5687
 1297,9587.007, 7.895,5687
 1298,9596.257, 9.250,5687
 1299,9604.327, 8.071,5687
 1300,9612.309, 7.981,5687
 1301,9620.204, 7.896,5687
 1302,9627.931, 7.726,5687
 1303,9636.147, 8.217,5687
 1304,9644.229, 8.082,5687
 1305,9652.684, 8.454,5687
 1306,9660.850, 8.166,5687
 1307,9668.725, 7.875,5687
 1308,9676.610, 7.886,5687
 1309,9683.632, 7.021,5687
 1310,9691.235, 7.604,5687
 1311,9699.192, 7.957,5687
 1312,9706.990, 7.798,5687
 1313,9714.391, 7.400,5687
 1314,9721.986, 7.596,5687
 1315,9729.708, 7.722,5687
 1316,9738.107, 8.399,5687
 1317,9746.386, 8.278,5687
 1318,9754.314, 7.929,5687
 1319,9762.748, 8.434,5687
 1320,9770.527, 7.779,5687
 1321,9777.914, 7.387,5687
 1322,9785.780, 7.866,5687
 1323,9792.911, 7.131,5687
 1324,9800.282, 7.371,5687
 1325,9807.899, 7.617,5687
 1326,9815.171, 7.271,5687
 1327,9822.471, 7.300,5687
 1328,9830.047, 7.576,5687
 1329,9837.784, 7.738,5687
 1330,9845.341, 7.556,5687
 1331,9852.392, 7.051,5687
 1332,9861.453, 9.062,5687
 1333,9868.770, 7.316,5687
 1334,9876.033, 7.264,5687
 1335,9883.190, 7.157,5687
 1336,9890.796, 7.605,5687
 1337,9898.061, 7.265,5687
 1338,9905.772, 7.712,5687
 1339,9915.379, 9.606,5687
 1340,9925.396,10.017,5687
 1341,9934.871, 9.476,5687
 1342,9944.324, 9.453,5687
 1343,9953.162, 8.838,5687
 1344,9962.648, 9.486,5687
 1345,9971.176, 8.527,5687
 1346,9979.322, 8.147,5687
 1347,9989.093, 9.770,5687
 1348,9999.120,10.028,5687
 1349,10008.520, 9.399,5687
 1350,10017.606, 9.087,5687
 1351,10026.199, 8.593,5687
 1352,10035.595, 9.395,5687
 1353,10044.354, 8.759,5687
 1354,10052.665, 8.312,5687
 1355,10060.899, 8.234,5687
 1356,10069.951, 9.052,5687
 1357,10079.260, 9.308,5687
 1358,10089.484,10.225,5687
 1359,10098.891, 9.406,5687
 1360,10107.147, 8.257,5687
 1361,10116.418, 9.270,5687
 1362,10125.855, 9.438,5687
 1363,10134.447, 8.592,5687
 1364,10143.464, 9.016,5687
 1365,10152.049, 8.585,5687
 1366,10161.063, 9.015,5687
 1367,10170.586, 9.522,5687
 1368,10179.463, 8.877,5687
 1369,10189.006, 9.543,5687
 1370,10197.826, 8.821,5687
 1371,10206.207, 8.381,5687
 1372,10214.580, 8.373,5687
 1373,10222.840, 8.259,5687
 1374,10232.161, 9.322,5687
 1375,10240.468, 8.306,5687
 1376,10248.612, 8.145,5687
 1377,10257.125, 8.513,5687
 1378,10265.593, 8.467,5687
 1379,10273.845, 8.252,5687
 1380,10282.410, 8.566,5687
 1381,10290.374, 7.964,5687
 1382,10298.563, 8.188,5687
 1383,10307.448, 8.886,5687
 1384,10317.065, 9.617,5687
 1385,10324.943, 7.878,5687
 1386,10333.708, 8.765,5687
 1387,10342.389, 8.680,5687
 1388,10350.605, 8.217,5687
 1389,10358.564, 7.959,5687
 1390,10366.541, 7.977,5687
 1391,10374.737, 8.196,5687
 1392,10383.021, 8.284,5687
 1393,10391.893, 8.871,5687
 1394,10400.116, 8.224,5687
 1395,10408.771, 8.654,5687
 1396,10416.733, 7.963,5687
 1397,10425.445, 8.712,5687
 1398,10433.360, 7.915,5687
 1399,10441.825, 8.465,5687
 1400,10449.849, 8.023,5687
 1401,10457.777, 7.929,5687
 1402,10465.924, 8.146,5687
 1403,10473.690, 7.767,5687
 1404,10481.878, 8.187,5687
 1405,10489.492, 7.615,5687
 1406,10497.467, 7.974,5687
 1407,10505.934, 8.467,5687
 1408,10514.420, 8.486,5687
 1409,10522.387, 7.967,5687
 1410,10530.312, 7.925,5687
 1411,10538.294, 7.982,5687
 1412,10546.882, 8.588,5687
 1413,10554.859, 7.978,5687
 1414,10562.690, 7.831,5687
 1415,10570.831, 8.141,5687
 1416,10579.244, 8.413,5687
 1417,10587.200, 7.956,5687
 1418,10595.308, 8.107,5687
 1419,10603.351, 8.043,5687
 1420,10611.284, 7.934,5687
 1421,10618.998, 7.714,5687
 1422,10626.669, 7.670,5687
 1423,10634.334, 7.665,5687
 1424,10642.109, 7.776,5687
 1425,10649.881, 7.771,5687
 1426,10658.428, 8.547,5687
 1427,10666.857, 8.430,5687
 1428,10675.141, 8.283,5687
 1429,10683.599, 8.458,5687
 1430,10692.665, 9.067,5687
 1431,10702.490, 9.825,5687
 1432,10712.609,10.119,5687
 1433,10721.710, 9.100,5687
 1434,10729.642, 7.932,5687
 1435,10737.890, 8.248,5687
 1436,10746.247, 8.358,5687
 1437,10754.739, 8.492,5687
 1438,10763.784, 9.045,5687
 1439,10772.603, 8.818,5687
 1440,10780.942, 8.340,5687
 1441,10788.879, 7.936,5687
 1442,10797.163, 8.285,5687
 1443,10805.566, 8.403,5687
 1444,10813.349, 7.782,5687
 1445,10821.365, 8.017,5687
 1446,10829.563, 8.198,5687
 1447,10837.580, 8.017,5687
 1448,10846.524, 8.944,5687
 1449,10856.261, 9.736,5687
 1450,10865.882, 9.621,5687
 1451,10874.277, 8.396,5687
 1452,10883.117, 8.840,5687
 1453,10891.609, 8.492,5687
 1454,10900.314, 8.705,5687
 1455,10909.550, 9.235,5687
 1456,10918.129, 8.579,5687
 1457,10926.578, 8.450,5687
 1458,10935.399, 8.821,5687
 1459,10944.427, 9.027,5687
 1460,10953.620, 9.194,5687
 1461,10962.383, 8.762,5687
 1462,10972.001, 9.618,5687
 1463,10980.317, 8.317,5687
 1464,10989.048, 8.730,5687
 1465,10997.760, 8.712,5687
 1466,11006.723, 8.963,5687
 1467,11015.323, 8.601,5687
 1468,11024.720, 9.396,5687
 1469,11033.130, 8.410,5687
 1470,11042.051, 8.921,5687
 1471,11049.824, 7.774,5687
 1472,11057.892, 8.067,5687
 1473,11065.976, 8.084,5687
 1474,11074.910, 8.935,5687
 1475,11083.080, 8.170,5687
 1476,11091.728, 8.647,5687
 1477,11101.964,10.236,5687
 1478,11110.979, 9.015,5687
 1479,11119.944, 8.966,5687
 1480,11128.633, 8.688,5687
 1481,11136.905, 8.273,5687
 1482,11145.401, 8.496,5687
 1483,11153.736, 8.335,5687
 1484,11161.823, 8.087,5687
 1485,11170.560, 8.736,5687
 1486,11179.267, 8.707,5687
 1487,11187.870, 8.604,5687
 1488,11196.652, 8.782,5687
 1489,11204.593, 7.940,5687
 1490,11213.023, 8.431,5687
 1491,11221.704, 8.681,5687
 1492,11231.137, 9.432,5687
 1493,11239.282, 8.146,5687
 1494,11247.310, 8.027,5687
 1495,11255.409, 8.100,5687
 1496,11263.940, 8.531,5687
 1497,11272.138, 8.197,5687
 1498,11280.296, 8.158,5687
 1499,11289.051, 8.755,5687
 1500,11297.461, 8.410,5687
 1501,11305.396, 7.936,5687
 1502,11313.756, 8.359,5687
 1503,11321.675, 7.919,5687
 1504,11330.085, 8.410,5687
 1505,11338.039, 7.955,5687
 1506,11346.010, 7.970,5687
 1507,11355.299, 9.289,5687
 1508,11363.552, 8.253,5687
 1509,11371.841, 8.289,5687
 1510,11380.863, 9.023,5687
 1511,11389.386, 8.522,5687
 1512,11398.138, 8.752,5687
 1513,11406.522, 8.385,5687
 1514,11414.845, 8.322,5687
 1515,11423.396, 8.552,5687
 1516,11431.669, 8.272,5687
 1517,11440.199, 8.531,5687
 1518,11449.313, 9.114,5687
 1519,11458.858, 9.545,5687
 1520,11467.823, 8.965,5687
 1521,11476.657, 8.834,5687
 1522,11487.532,10.875,5687
 1523,11498.002,10.469,5687
 1524,11508.675,10.673,5687
 1525,11518.320, 9.646,5687
 1526,11528.032, 9.712,5687
 1527,11537.192, 9.160,5687
 1528,11546.663, 9.471,5687
 1529,11556.383, 9.719,5687
 1530,11566.641,10.258,5687
 1531,11576.929,10.288,5687
 1532,11586.850, 9.921,5687
 1533,11596.274, 9.425,5687
 1534,11607.293,11.018,5687
 1535,11617.282, 9.990,5687
 1536,11626.874, 9.591,5687
 1537,11635.876, 9.002,5687
 1538,11644.951, 9.076,5687
 1539,11654.069, 9.118,5687
 1540,11662.649, 8.580,5687
 1541,11671.511, 8.861,5687
 1542,11679.992, 8.482,5687
 1543,11687.978, 7.985,5687
 1544,11697.396, 9.419,5687
 1545,11706.571, 9.175,5687
 1546,11715.645, 9.073,5687
 1547,11724.068, 8.424,5687
 1548,11733.267, 9.198,5687
 1549,11741.550, 8.283,5687
 1550,11749.951, 8.402,5687
 1551,11758.104, 8.152,5687
 1552,11766.727, 8.623,5687
 1553,11774.979, 8.253,5687
 1554,11783.251, 8.271,5687
 1555,11791.271, 8.021,5687
 1556,11799.549, 8.277,5687
 1557,11808.280, 8.732,5687
 1558,11817.531, 9.251,5687
 1559,11826.210, 8.678,5687
 1560,11834.607, 8.398,5687
 1561,11843.000, 8.392,5687
 1562,11852.120, 9.121,5687
 1563,11860.413, 8.293,5687
 1564,11868.710, 8.296,5687
 1565,11877.730, 9.021,5687
 1566,11887.893,10.162,5687
 1567,11896.675, 8.782,5687
 1568,11905.591, 8.916,5687
 1569,11914.188, 8.597,5687
 1570,11923.493, 9.306,5687
 1571,11932.675, 9.181,5687
 1572,11941.617, 8.943,5687
 1573,11950.413, 8.796,5687
 1574,11959.145, 8.731,5687
 1575,11968.550, 9.405,5687
 1576,11977.494, 8.945,5687
 1577,11986.243, 8.749,5687
 1578,11994.993, 8.750,5687
 1579,12004.076, 9.083,5687
 1580,12013.175, 9.098,5687
 1581,12021.974, 8.799,5687
 1582,12031.456, 9.482,5687
 1583,12040.617, 9.162,5687
 1584,12050.074, 9.457,5687
 1585,12058.995, 8.921,5687
 1586,12068.123, 9.127,5687
 1587,12077.281, 9.159,5687
 1588,12086.679, 9.397,5687
 1589,12096.071, 9.393,5687
 1590,12105.400, 9.329,5687
 1591,12115.219, 9.818,5687
 1592,12124.885, 9.666,5687
 1593,12135.396,10.512,5687
 1594,12144.939, 9.543,5687
 1595,12154.217, 9.277,5687
 1596,12163.816, 9.600,5687
 1597,12173.251, 9.434,5687
 1598,12182.597, 9.346,5687
 1599,12192.067, 9.471,5687
 1600,12201.860, 9.793,5687
 1601,12211.391, 9.530,5687
 1602,12220.773, 9.383,5687
 1603,12230.050, 9.276,5687
 1604,12240.639,10.589,5687
 1605,12250.560, 9.921,5687
 1606,12259.963, 9.403,5687
 1607,12269.579, 9.617,5687
 1608,12280.054,10.474,5687
 1609,12289.307, 9.253,5687
 1610,12298.891, 9.584,5687
 1611,12307.723, 8.832,5687
 1612,12317.283, 9.561,5687
 1613,12326.493, 9.210,5687
 1614,12335.979, 9.486,5687
 1615,12345.946, 9.967,5719
 1616,12355.221, 9.274,5719
 1617,12365.649,10.429,5719
 1618,12375.042, 9.392,5719
 1619,12384.211, 9.169,5719
 1620,12393.432, 9.221,5719
 1621,12403.211, 9.779,5719
 1622,12412.233, 9.023,5719
 1623,12421.607, 9.374,5719
 1624,12430.546, 8.938,5719
 1625,12439.318, 8.773,5719
 1626,12449.024, 9.706,5719
 1627,12458.446, 9.422,5719
 1628,12467.960, 9.513,5719
 1629,12477.174, 9.214,5719
 1630,12486.059, 8.885,5719
 1631,12495.139, 9.080,5719
 1632,12504.150, 9.012,5719
 1633,12513.519, 9.368,5719
 1634,12522.602, 9.083,5719
 1635,12532.071, 9.470,5719
 1636,12541.034, 8.963,5719
 1637,12550.594, 9.559,5719
 1638,12560.354, 9.761,5719
 1639,12570.001, 9.646,5719
 1640,12579.619, 9.619,5719
 1641,12588.584, 8.964,5719
 1642,12597.515, 8.931,5719
 1643,12606.899, 9.385,5719
 1644,12616.202, 9.303,5719
 1645,12625.397, 9.195,5719
 1646,12634.541, 9.143,5719
 1647,12643.968, 9.427,5719
 1648,12653.109, 9.142,5719
 1649,12664.756,11.646,5719
 1650,12676.551,11.795,5719
 1651,12687.161,10.611,5719
 1652,12697.031, 9.870,5719
 1653,12707.286,10.255,5719
 1654,12717.216, 9.929,5719
 1655,12727.237,10.022,5719
 1656,12736.900, 9.663,5719
 1657,12746.655, 9.755,5719
 1658,12755.938, 9.283,5719
 1659,12765.587, 9.648,5719
 1660,12776.183,10.596,5719
 1661,12785.854, 9.672,5719
 1662,12795.961,10.106,5719
 1663,12805.629, 9.668,5719
 1664,12815.550, 9.921,5719
 1665,12825.206, 9.656,5719
 1666,12835.247,10.041,5719
 1667,12845.266,10.019,5719
 1668,12855.237, 9.972,5719
 1669,12866.195,10.958,5719
 1670,12878.676,12.480,5719
 1671,12889.286,10.611,5719
 1672,12899.947,10.661,5719
 1673,12910.447,10.500,5719
 1674,12920.941,10.494,5719
 1675,12932.194,11.253,5719
 1676,12943.098,10.903,5719
 1677,12953.215,10.117,5719
 1678,12963.663,10.448,5719
 1679,12973.764,10.101,5719
 1680,12985.517,11.753,5719
 1681,12995.926,10.409,5719
 1682,13006.777,10.852,5719
 1683,13016.359, 9.582,5719
 1684,13026.136, 9.776,5719
 1685,13035.707, 9.571,5719
 1686,13045.939,10.233,5719
 1687,13056.080,10.140,5719
 1688,13067.993,11.914,5719
 1689,13078.301,10.307,5719
 1690,13089.132,10.831,5719
 1691,13098.788, 9.656,5719
 1692,13109.001,10.213,5719
 1693,13119.005,10.004,5719
 1694,13129.182,10.177,5719
 1695,13139.267,10.085,5719
 1696,13149.371,10.104,5719
 1697,13159.339, 9.968,5719
 1698,13169.692,10.354,5719
 1699,13179.470, 9.777,5719
 1700,13190.070,10.601,5719
 1701,13200.809,10.738,5719
 1702,13211.156,10.348,5719
 1703,13220.991, 9.835,5719
 1704,13230.847, 9.855,5719
 1705,13241.140,10.293,5719
 1706,13253.830,12.690,5719
 1707,13264.059,10.229,5719
 1708,13274.179,10.120,5719
 1709,13284.116, 9.938,5719
 1710,13295.295,11.178,5719
 1711,13305.604,10.310,5719
 1712,13315.846,10.241,5719
 1713,13326.001,10.155,5719
 1714,13335.894, 9.893,5719
 1715,13346.108,10.215,5719
 1716,13356.323,10.215,5719
 1717,13366.563,10.240,5719
 1718,13376.531, 9.968,5719
 1719,13387.126,10.594,5719
 1720,13397.386,10.260,5719
 1721,13408.237,10.852,5719
 1722,13420.479,12.241,5719
 1723,13431.046,10.567,5719
 1724,13442.456,11.410,5719
 1725,13454.207,11.751,5719
 1726,13466.950,12.744,5719
 1727,13477.633,10.682,5719
 1728,13488.412,10.779,5719
 1729,13498.620,10.208,5719
 1730,13510.265,11.645,5719
 1731,13520.995,10.730,5719
 1732,13531.626,10.631,5719
 1733,13542.172,10.546,5719
 1734,13553.049,10.877,5719
 1735,13563.546,10.497,5719
 1736,13574.350,10.804,5719
 1737,13585.097,10.747,5719
 1738,13595.636,10.539,5719
 1739,13606.647,11.012,5719
 1740,13618.811,12.163,5719
 1741,13630.265,11.454,5719
 1742,13642.153,11.889,5719
 1743,13653.440,11.287,5719
 1744,13665.364,11.924,5719
 1745,13677.551,12.186,5719
 1746,13689.399,11.849,5719
 1747,13701.277,11.878,5719
 1748,13713.659,12.382,5719
 1749,13726.558,12.898,5719
 1750,13738.527,11.970,5719
 1751,13750.148,11.621,5719
 1752,13760.497,10.348,5719
 1753,13771.007,10.510,5719
 1754,13782.483,11.477,5719
 1755,13792.937,10.453,5719
 1756,13803.433,10.496,5719
 1757,13813.641,10.208,5719
 1758,13823.962,10.321,5719
 1759,13834.716,10.754,5719
 1760,13846.097,11.381,5719
 1761,13858.799,12.702,5719
 1762,13869.796,10.997,5719
 1763,13880.311,10.515,5719
 1764,13891.426,11.115,5719
 1765,13901.896,10.471,5719
 1766,13912.649,10.753,5719
 1767,13923.589,10.939,5719
 1768,13934.830,11.241,5719
 1769,13946.097,11.267,5719
 1770,13957.324,11.228,5719
 1771,13968.162,10.837,5719
 1772,13979.039,10.877,5719
 1773,13989.946,10.908,5719
 1774,14000.639,10.692,5719
 1775,14010.964,10.325,5719
 1776,14021.597,10.633,5719
 1777,14031.648,10.052,5719
 1778,14043.159,11.511,5719
 1779,14054.813,11.653,5719
 1780,14065.844,11.031,5719
 1781,14077.110,11.267,5719
 1782,14088.664,11.553,5719
 1783,14099.577,10.913,5719
 1784,14110.264,10.687,5719
 1785,14120.714,10.450,5719
 1786,14130.955,10.241,5719
 1787,14141.152,10.198,5719
 1788,14152.475,11.322,5719
 1789,14163.529,11.055,5719
 1790,14174.938,11.409,5719
 1791,14185.692,10.754,5719
 1792,14196.512,10.819,5719
 1793,14207.549,11.037,5719
 1794,14219.380,11.831,5719
 1795,14232.023,12.644,5719
 1796,14243.712,11.688,5719
 1797,14257.743,14.031,5719
 1798,14270.566,12.824,5719
 1799,14282.848,12.281,5719
 1800,14295.204,12.356,5719
 1801,14307.075,11.872,5719
 1802,14319.193,12.118,5719
 1803,14331.622,12.428,5719
 1804,14343.956,12.334,5719
 1805,14355.557,11.601,5719
 1806,14368.595,13.038,5719
 1807,14380.008,11.413,5719
 1808,14390.901,10.894,5719
 1809,14401.874,10.972,5719
 1810,14412.275,10.402,5719
 1811,14424.331,12.055,5719
 1812,14434.731,10.401,5719
 1813,14446.020,11.288,5719
 1814,14456.882,10.862,5719
 1815,14468.004,11.122,5719
 1816,14479.354,11.350,5719
 1817,14490.239,10.886,5719
 1818,14500.723,10.483,5719
 1819,14511.556,10.833,5719
 1820,14522.149,10.594,5719
 1821,14532.597,10.447,5719
 1822,14543.304,10.707,5719
 1823,14553.765,10.461,5719
 1824,14564.299,10.534,5719
 1825,14576.151,11.853,5719
 1826,14587.282,11.131,5719
 1827,14597.749,10.466,5719
 1828,14608.808,11.059,5719
 1829,14619.293,10.485,5719
 1830,14629.839,10.546,5719
 1831,14640.954,11.115,5719
 1832,14653.563,12.610,5719
 1833,14665.212,11.648,5719
 1834,14676.271,11.059,5719
 1835,14688.044,11.773,5719
 1836,14698.913,10.869,5719
 1837,14710.266,11.353,5719
 1838,14722.049,11.783,5719
 1839,14733.755,11.706,5719
 1840,14746.096,12.341,5719
 1841,14758.318,12.223,5719
 1842,14770.360,12.042,5719
 1843,14782.132,11.771,5719
 1844,14794.906,12.775,5719
 1845,14806.071,11.165,5719
 1846,14817.503,11.431,5719
 1847,14829.540,12.037,5719
 1848,14840.937,11.397,5719
 1849,14852.314,11.378,5719
 1850,14864.497,12.182,5719
 1851,14876.094,11.597,5719
 1852,14888.838,12.744,5719
 1853,14901.668,12.830,5719
 1854,14913.266,11.598,5719
 1855,14926.017,12.751,5719
 1856,14937.182,11.165,5719
 1857,14948.355,11.174,5719
 1858,14959.691,11.336,5719
 1859,14971.458,11.766,5719
 1860,14982.965,11.507,5719
 1861,14994.899,11.935,5719
 1862,15006.514,11.614,5719
 1863,15017.246,10.732,5719
 1864,15028.147,10.902,5719
 1865,15039.058,10.910,5719
 1866,15051.935,12.877,5719
 1867,15062.938,11.003,5719
 1868,15074.315,11.378,5719
 1869,15085.161,10.845,5719
 1870,15096.572,11.412,5719
 1871,15107.796,11.223,5719
 1872,15118.793,10.997,5719
 1873,15129.908,11.115,5719
 1874,15140.528,10.621,5719
 1875,15152.156,11.628,5719
 1876,15163.179,11.022,5719
 1877,15173.618,10.439,5719
 1878,15184.353,10.735,5719
 1879,15195.745,11.392,5719
 1880,15207.415,11.670,5719
 1881,15218.759,11.344,5719
 1882,15229.464,10.705,5719
 1883,15240.415,10.951,5719
 1884,15250.932,10.517,5719
 1885,15261.814,10.883,5719
 1886,15272.274,10.460,5719
 1887,15282.959,10.684,5719
 1888,15293.325,10.366,5719
 1889,15303.674,10.349,5719
 1890,15314.702,11.028,5719
 1891,15325.123,10.421,5719
 1892,15336.060,10.937,5719
 1893,15346.896,10.836,5719
 1894,15357.710,10.814,5719
 1895,15367.860,10.151,5719
 1896,15378.980,11.120,5719
 1897,15389.604,10.624,5719
 1898,15400.072,10.468,5719
 1899,15410.767,10.694,5719
 1900,15422.273,11.507,5719
 1901,15433.771,11.498,5719
 1902,15446.616,12.844,5719
 1903,15458.480,11.865,5719
 1904,15469.479,10.998,5719
 1905,15479.678,10.199,5719
 1906,15490.485,10.808,5719
 1907,15501.509,11.023,5719
 1908,15512.348,10.839,5719
 1909,15523.260,10.912,5719
 1910,15535.109,11.850,5719
 1911,15545.619,10.509,5719
 1912,15556.285,10.666,5719
 1913,15566.951,10.666,5719
 1914,15577.837,10.886,5719
 1915,15589.299,11.462,5719
 1916,15600.589,11.290,5719
 1917,15612.390,11.801,5719
 1918,15624.013,11.623,5719
 1919,15637.772,13.760,5719
 1920,15648.694,10.922,5719
 1921,15659.962,11.267,5719
 1922,15671.591,11.629,5719
 1923,15683.143,11.552,5719
 1924,15694.445,11.303,5719
 1925,15705.227,10.781,5719
 1926,15717.914,12.687,5719
 1927,15729.327,11.413,5719
 1928,15740.977,11.650,5719
 1929,15753.246,12.269,5719
 1930,15764.273,11.028,5719
 1931,15775.570,11.297,5719
 1932,15786.840,11.269,5719
 1933,15797.679,10.839,5719
 1934,15808.842,11.163,5719
 1935,15819.646,10.804,5719
 1936,15831.425,11.779,5719
 1937,15845.276,13.852,5719
 1938,15857.049,11.772,5719
 1939,15868.685,11.636,5719
 1940,15879.292,10.607,5719
 1941,15891.015,11.723,5719
 1942,15901.504,10.489,5719
 1943,15912.399,10.896,5719
 1944,15924.149,11.750,5719
 1945,15935.009,10.859,5719
 1946,15946.063,11.055,5719
 1947,15958.163,12.099,5719
 1948,15969.420,11.257,5719
 1949,15979.928,10.508,5719
 1950,15990.588,10.660,5719
 1951,16001.313,10.725,5719
 1952,16011.865,10.552,5719
 1953,16021.802, 9.937,5719
 1954,16032.011,10.209,5719
 1955,16042.394,10.383,5719
 1956,16053.413,11.019,5719
 1957,16063.788,10.375,5719
 1958,16073.837,10.049,5719
 1959,16083.963,10.126,5719
 1960,16094.523,10.561,5687
 1961,16104.400, 9.877,5687
 1962,16114.721,10.320,5687
 1963,16126.346,11.625,5687
 1964,16135.879, 9.533,5687
 1965,16145.892,10.013,5687
 1966,16156.371,10.479,5687
 1967,16167.896,11.526,5687
 1968,16178.426,10.529,5687
 1969,16189.297,10.871,5687
 1970,16200.011,10.714,5687
 1971,16210.954,10.943,5687
 1972,16221.588,10.634,5687
 1973,16234.987,13.400,5687
 1974,16247.157,12.169,5687
 1975,16258.979,11.823,5687
 1976,16271.370,12.390,5687
 1977,16282.621,11.251,5687
 1978,16294.598,11.977,5687
 1979,16305.644,11.046,5687
 1980,16317.184,11.540,5687
 1981,16329.888,12.704,5687
 1982,16343.392,13.504,5687
 1983,16356.803,13.411,5687
 1984,16367.267,10.464,5687
 1985,16378.380,11.113,5687
 1986,16388.898,10.518,5687
 1987,16398.924,10.026,5687
 1988,16408.740, 9.816,5687
 1989,16418.803,10.062,5687
 1990,16429.412,10.611,5687
 1991,16439.543,10.131,5687
 1992,16449.883,10.340,5687
 1993,16460.121,10.238,5687
 1994,16470.652,10.530,5687
 1995,16481.031,10.380,5687
 1996,16491.652,10.621,5687
 1997,16502.439,10.786,5687
 1998,16512.809,10.369,5687
 1999,16522.904,10.096,5687
 2000,16533.287,10.383,5687
 2001,16543.006, 9.720,5687
 2002,16552.996, 9.990,5687
 2003,16562.758, 9.761,5687
 2004,16572.764,10.005,5687
 2005,16582.727, 9.964,5687
 2006,16593.324,10.597,5687
 2007,16603.350,10.026,5687
 2008,16613.816,10.467,5687
 2009,16624.209,10.392,5687
 2010,16635.914,11.705,5687
 2011,16646.344,10.429,5687
 2012,16656.873,10.530,5687
 2013,16667.006,10.134,5687
 2014,16677.113,10.106,5687
 2015,16687.408,10.296,5687
 2016,16698.266,10.856,5687
 2017,16708.252, 9.987,5687
 2018,16719.021,10.769,5687
 2019,16729.121,10.100,5687
 2020,16739.572,10.451,5687
 2021,16749.988,10.416,5687
 2022,16760.291,10.303,5687
 2023,16770.703,10.412,5687
 2024,16780.932,10.228,5687
 2025,16791.885,10.953,5687
 2026,16803.586,11.703,5687
 2027,16813.934,10.346,5687
 2028,16825.031,11.098,5687
 2029,16835.748,10.717,5687
 2030,16847.051,11.303,5687
 2031,16858.404,11.353,5687
 2032,16869.492,11.088,5687
 2033,16880.182,10.690,5687
 2034,16891.033,10.851,5687
 2035,16902.141,11.107,5687
 2036,16914.938,12.798,5687
 2037,16926.480,11.543,5687
 2038,16937.328,10.849,5687
 2039,16948.381,11.052,5687
 2040,16959.504,11.122,5687
 2041,16969.945,10.442,5687
 2042,16981.141,11.196,5687
 2043,16990.838, 9.697,5687
 2044,17000.297, 9.459,5687
 2045,17010.256, 9.958,5687
 2046,17022.479,12.223,5687
 2047,17034.049,11.569,5687
 2048,17044.004, 9.957,5687
 2049,17054.488,10.483,5687
 2050,17064.656,10.169,5687
 2051,17074.889,10.231,5687
 2052,17085.221,10.334,5687
 2053,17095.262,10.040,5687
 2054,17105.617,10.355,5687
 2055,17115.717,10.099,5687
 2056,17126.613,10.898,5687
 2057,17136.521, 9.906,5687
 2058,17146.350, 9.830,5687
 2059,17156.434,10.083,5687
 2060,17166.148, 9.717,5687
 2061,17175.682, 9.531,5687
 2062,17185.596, 9.914,5687
 2063,17195.160, 9.566,5687
 2064,17205.158, 9.998,5687
 2065,17215.086, 9.928,5687
 2066,17225.881,10.794,5687
 2067,17236.898,11.018,5687
 2068,17246.389, 9.490,5687
 2069,17256.154, 9.766,5687
 2070,17265.979, 9.824,5687
 2071,17276.861,10.881,5687
 2072,17287.393,10.534,5687
 2073,17297.211, 9.817,5687
 2074,17306.934, 9.721,5687
 2075,17316.656, 9.724,5687
 2076,17326.568, 9.913,5687
 2077,17337.049,10.481,5687
 2078,17346.934, 9.884,5687
 2079,17356.160, 9.226,5687
 2080,17366.203,10.043,5687
 2081,17375.473, 9.270,5687
 2082,17386.609,11.136,5687
 2083,17396.531, 9.922,5687
 2084,17407.135,10.604,5687
 2085,17419.613,12.477,5687
 2086,17430.789,11.178,5687
 2087,17442.102,11.312,5687
 2088,17452.209,10.107,5687
 2089,17462.354,10.144,5687
 2090,17472.514,10.161,5687
 2091,17482.365, 9.851,5687
 2092,17493.363,10.998,5687
 2093,17503.521,10.158,5687
 2094,17513.738,10.218,5687
 2095,17523.469, 9.731,5687
 2096,17533.373, 9.904,5687
 2097,17543.504,10.130,5687
 2098,17554.336,10.833,5687
 2099,17564.371,10.034,5687
 2100,17574.701,10.330,5687
 2101,17585.389,10.687,5687
 2102,17596.313,10.926,5687
 2103,17606.824,10.510,5687
 2104,17618.297,11.473,5687
 2105,17629.588,11.293,5687
 2106,17639.980,10.392,5687
 2107,17650.416,10.436,5687
 2108,17661.076,10.659,5687
 2109,17671.352,10.274,5687
 2110,17681.713,10.363,5687
 2111,17691.980,10.268,5687
 2112,17702.504,10.523,5687
 2113,17713.201,10.696,5687
 2114,17722.920, 9.721,5687
 2115,17732.182, 9.258,5687
 2116,17742.258,10.078,5687
 2117,17751.643, 9.385,5687
 2118,17761.678,10.035,5687
 2119,17771.346, 9.667,5687
 2120,17780.686, 9.341,5687
 2121,17790.682, 9.994,5687
 2122,17799.760, 9.079,5687
 2123,17810.063,10.304,5687
 2124,17821.004,10.941,5687
 2125,17830.803, 9.799,5687
 2126,17840.477, 9.674,5687
 2127,17849.996, 9.521,5687
 2128,17859.645, 9.647,5687
 2129,17870.162,10.518,5687
 2130,17880.342,10.178,5687
 2131,17890.277, 9.936,5687
 2132,17900.445,10.169,5687
 2133,17910.572,10.128,5687
 2134,17920.793,10.219,5687
 2135,17931.297,10.503,5687
 2136,17941.500,10.204,5687
 2137,17951.916,10.416,5687
 2138,17962.555,10.639,5687
 2139,17972.850,10.293,5687
 2140,17983.053,10.204,5687
 2141,17993.670,10.619,5687
 2142,18003.609, 9.938,5687
 2143,18013.309, 9.700,5687
 2144,18022.785, 9.475,5687
 2145,18032.574, 9.791,5687
 2146,18041.779, 9.204,5687
 2147,18051.354, 9.574,5687
 2148,18060.598, 9.243,5687
 2149,18069.945, 9.349,5687
 2150,18080.299,10.354,5687
 2151,18089.705, 9.405,5687
 2152,18098.918, 9.215,5687
 2153,18108.613, 9.694,5687
 2154,18118.320, 9.708,5687
 2155,18128.070, 9.750,5687
 2156,18137.953, 9.881,5687
 2157,18148.139,10.187,5687
 2158,18158.365,10.227,5687
 2159,18168.236, 9.872,5687
 2160,18178.787,10.549,5687
 2161,18189.859,11.072,5687
 2162,18202.195,12.336,5687
 2163,18214.332,12.138,5687
 2164,18225.369,11.037,5687
 2165,18236.836,11.467,5687
 2166,18247.527,10.690,5687
 2167,18258.166,10.640,5687
 2168,18269.375,11.208,5687
 2169,18279.764,10.388,5687
 2170,18291.316,11.555,5687
 2171,18301.793,10.474,5687
 2172,18312.350,10.558,5687
 2173,18323.021,10.672,5687
 2174,18332.686, 9.664,5687
 2175,18342.035, 9.349,5687
 2176,18353.377,11.343,5687
 2177,18362.898, 9.521,5687
 2178,18371.949, 9.051,5687
 2179,18381.645, 9.696,5687
 2180,18390.615, 8.969,5687
 2181,18400.381, 9.766,5687
 2182,18409.865, 9.484,5687
 2183,18419.293, 9.429,5687
 2184,18428.291, 8.997,5687
 2185,18437.145, 8.855,5687
 2186,18446.469, 9.324,5687
 2187,18456.473,10.002,5687
 2188,18466.004, 9.533,5687
 2189,18475.301, 9.295,5687
 2190,18484.539, 9.239,5687
 2191,18493.984, 9.445,5687
 2192,18504.049,10.066,5687
 2193,18513.266, 9.214,5687
 2194,18522.389, 9.125,5687
 2195,18531.396, 9.009,5687
 2196,18540.773, 9.375,5687
 2197,18549.945, 9.172,5687
 2198,18558.982, 9.038,5687
 2199,18568.416, 9.433,5687
 2200,18577.824, 9.410,5687
 2201,18586.846, 9.020,5687
 2202,18598.420,11.574,5687
 2203,18608.553,10.134,5687
 2204,18618.285, 9.730,5687
 2205,18627.367, 9.083,5687
 2206,18636.908, 9.541,5687
 2207,18646.230, 9.323,5687
 2208,18655.539, 9.308,5687
 2209,18664.449, 8.911,5687
 2210,18674.076, 9.628,5687
 2211,18683.313, 9.234,5687
 2212,18692.484, 9.172,5687
 2213,18701.609, 9.125,5687
 2214,18711.445, 9.835,5687
 2215,18721.557,10.113,5687
 2216,18731.398, 9.842,5687
 2217,18740.910, 9.512,5687
 2218,18750.443, 9.532,5687
 2219,18759.721, 9.278,5687
 2220,18769.668, 9.949,5687
 2221,18779.086, 9.417,5687
 2222,18788.682, 9.594,5687
 2223,18798.977,10.296,5687
 2224,18809.027,10.050,5687
 2225,18819.354,10.326,5687
 2226,18829.342, 9.989,5687
 2227,18839.480,10.139,5687
 2228,18849.449, 9.968,5687
 2229,18859.113, 9.663,5687
 2230,18868.934, 9.820,5687
 2231,18878.770, 9.838,5687
 2232,18888.242, 9.473,5687
 2233,18897.959, 9.716,5687
 2234,18907.590, 9.630,5687
 2235,18917.445, 9.857,5687
 2236,18928.119,10.673,5687
 2237,18939.137,11.018,5687
 2238,18949.457,10.321,5687
 2239,18958.598, 9.140,5687
 2240,18968.205, 9.608,5687
 2241,18976.996, 8.791,5687
 2242,18987.021,10.025,5687
 2243,18997.119,10.097,5687
 2244,19006.430, 9.311,5687
 2245,19015.650, 9.221,5687
 2246,19025.143, 9.492,5687
 2247,19034.928, 9.784,5687
 2248,19044.736, 9.811,5687
 2249,19053.477, 8.738,5687
 2250,19062.934, 9.458,5687
 2251,19071.623, 8.689,5687
 2252,19080.625, 9.001,5687
 2253,19089.934, 9.310,5687
 2254,19099.164, 9.232,5687
 2255,19108.736, 9.571,5687
 2256,19118.158, 9.422,5687
 2257,19127.912, 9.755,5687
 2258,19138.711,10.797,5687
 2259,19149.018,10.305,5687
 2260,19158.160, 9.146,5687
 2261,19166.889, 8.726,5687
 2262,19176.506, 9.618,5687
 2263,19185.793, 9.287,5687
 2264,19195.018, 9.225,5687
 2265,19203.268, 8.249,5687
 2266,19212.457, 9.191,5687
 2267,19221.406, 8.949,5687
 2268,19230.373, 8.965,5687
 2269,19239.389, 9.018,5687
 2270,19248.682, 9.290,5687
 2271,19257.330, 8.651,5687
 2272,19266.252, 8.921,5687
 2273,19275.217, 8.964,5687
 2274,19283.979, 8.763,5687
 2275,19292.789, 8.809,5687
 2276,19301.357, 8.568,5687
 2277,19309.648, 8.292,5687
 2278,19318.979, 9.331,5687
 2279,19327.250, 8.272,5687
 2280,19335.893, 8.643,5687
 2281,19345.203, 9.309,5687
 2282,19354.561, 9.357,5687
 2283,19363.953, 9.393,5687
 2284,19373.963,10.010,5687
 2285,19385.141,11.179,5687
 2286,19394.988, 9.848,5687
 2287,19404.053, 9.064,5687
 2288,19413.039, 8.985,5687
 2289,19422.164, 9.126,5687
 2290,19430.832, 8.667,5687
 2291,19439.416, 8.585,5687
 2292,19449.174, 9.757,5687
 2293,19458.354, 9.180,5687
 2294,19467.381, 9.027,5687
 2295,19476.068, 8.687,5687
 2296,19484.898, 8.831,5687
 2297,19494.041, 9.141,5687
 2298,19502.949, 8.910,5687
 2299,19512.285, 9.334,5687
 2300,19521.219, 8.935,5687
 2301,19530.430, 9.210,5687
 2302,19539.969, 9.541,5687
 2303,19548.729, 8.760,5687
 2304,19559.158,10.429,5687
 2305,19568.832, 9.673,5687
 2306,19578.480, 9.650,5687
 2307,19587.873, 9.390,5687
 2308,19597.355, 9.483,5687
 2309,19606.277, 8.922,5687
 2310,19617.084,10.809,5687
 2311,19625.918, 8.833,5687
 2312,19634.828, 8.911,5687
 2313,19643.146, 8.317,5687
 2314,19651.965, 8.817,5687
 2315,19661.285, 9.321,5687
 2316,19670.898, 9.614,5687
 2317,19679.789, 8.889,5687
 2318,19688.766, 8.976,5687
 2319,19697.195, 8.431,5687
 2320,19705.406, 8.212,5687
 2321,19714.037, 8.631,5687
 2322,19723.051, 9.013,5687
 2323,19732.918, 9.868,5687
 2324,19742.678, 9.759,5687
 2325,19751.316, 8.639,5687
 2326,19760.816, 9.499,5687
 2327,19771.129,10.313,5687
 2328,19781.414,10.286,5687
 2329,19790.479, 9.064,5687
 2330,19799.471, 8.992,5687
 2331,19808.012, 8.540,5687
 2332,19816.479, 8.468,5687
 2333,19824.809, 8.329,5687
 2334,19833.264, 8.455,5687
 2335,19841.762, 8.497,5687
 2336,19850.281, 8.520,5687
 2337,19858.227, 7.947,5687
 2338,19866.561, 8.334,5687
 2339,19875.541, 8.979,5687
 2340,19883.893, 8.353,5687
 2341,19891.730, 7.838,5687
 2342,19900.475, 8.744,5687
 2343,19908.773, 8.298,5687
 2344,19917.223, 8.450,5687
 2345,19925.426, 8.202,5687
 2346,19933.438, 8.013,5687
 2347,19941.332, 7.895,5687
 2348,19949.508, 8.174,5687
 2349,19957.961, 8.455,5687
 2350,19966.068, 8.108,5687
 2351,19974.762, 8.691,5687
 2352,19984.248, 9.489,5687
 2353,19992.461, 8.211,5687
 2354,20000.965, 8.503,5687
 2355,20009.930, 8.966,5687
 2356,20018.814, 8.885,5687
 2357,20027.896, 9.083,5687
 2358,20036.197, 8.299,5687
 2359,20044.549, 8.351,5687
 2360,20053.656, 9.110,5687
 2361,20062.293, 8.634,5687
 2362,20070.492, 8.201,5687
 2363,20079.201, 8.708,5687
 2364,20088.988, 9.788,5687
 2365,20097.996, 9.007,5687
 2366,20107.285, 9.290,5687
 2367,20115.813, 8.527,5687
 2368,20124.895, 9.082,5687
 2369,20133.180, 8.284,5687
 2370,20142.080, 8.903,5687
 2371,20150.787, 8.705,5687
 2372,20160.480, 9.694,5687
 2373,20171.426,10.945,5687
 2374,20180.689, 9.264,5687
 2375,20190.576, 9.887,5687
 2376,20201.178,10.601,5687
 2377,20211.045, 9.867,5687
 2378,20221.813,10.769,5687
 2379,20231.828,10.014,5687
 2380,20241.426, 9.597,5687
 2381,20250.572, 9.147,5687
 2382,20259.586, 9.013,5687
 2383,20269.098, 9.511,5687
 2384,20278.266, 9.168,5687
 2385,20287.076, 8.812,5687
 2386,20296.508, 9.431,5687
 2387,20306.033, 9.527,5687
 2388,20314.057, 8.023,5687
 2389,20322.328, 8.271,5687
 2390,20330.789, 8.461,5687
 2391,20339.363, 8.574,5687
 2392,20348.980, 9.619,5687
 2393,20357.686, 8.703,5687
 2394,20365.477, 7.793,5687
 2395,20373.408, 7.932,5687
 2396,20382.225, 8.815,5687
 2397,20390.738, 8.514,5687
 2398,20398.754, 8.014,5687
 2399,20407.385, 8.632,5687
 2400,20415.934, 8.547,5687
 2401,20424.561, 8.629,5687
 2402,20433.123, 8.562,5687
 2403,20441.492, 8.370,5687
 2404,20449.496, 8.005,5687
 2405,20457.699, 8.201,5687
 2406,20467.988,10.290,5687
 2407,20476.217, 8.229,5687
 2408,20484.590, 8.372,5687
 2409,20492.385, 7.794,5687
 2410,20500.416, 8.033,5687
 2411,20508.775, 8.358,5687
 2412,20517.881, 9.105,5687
 2413,20525.732, 7.852,5687
 2414,20533.873, 8.142,5687
 2415,20541.566, 7.693,5687
 2416,20549.305, 7.739,5687
 2417,20559.316,10.010,5687
 2418,20569.086, 9.769,5687
 2419,20577.447, 8.362,5687
 2420,20585.316, 7.870,5687
 2421,20593.844, 8.526,5687
 2422,20601.930, 8.085,5687
 2423,20610.217, 8.289,5687
 2424,20618.902, 8.686,5687
 2425,20627.188, 8.284,5687
 2426,20635.541, 8.354,5687
 2427,20643.590, 8.049,5687
 2428,20652.689, 9.100,5687
 2429,20660.820, 8.132,5687
 2430,20669.344, 8.521,5687
 2431,20677.568, 8.226,5687
 2432,20686.404, 8.835,5687
 2433,20694.191, 7.787,5687
 2434,20702.291, 8.100,5687
 2435,20710.398, 8.108,5687
 2436,20719.002, 8.602,5687
 2437,20728.432, 9.430,5687
 2438,20736.938, 8.506,5687
 2439,20744.924, 7.986,5687
 2440,20753.205, 8.282,5687
 2441,20761.129, 7.925,5687
 2442,20769.453, 8.322,5687
 2443,20777.711, 8.259,5687
 2444,20786.072, 8.361,5687
 2445,20794.912, 8.841,5687
 2446,20803.354, 8.439,5687
 2447,20811.545, 8.192,5687
 2448,20820.541, 8.998,5687
 2449,20829.816, 9.274,5687
 2450,20838.914, 9.099,5687
 2451,20847.617, 8.701,5687
 2452,20857.301, 9.686,5687
 2453,20865.691, 8.389,5687
 2454,20874.480, 8.789,5687
 2455,20882.912, 8.433,5687
 2456,20891.389, 8.477,5687
 2457,20899.631, 8.241,5687
 2458,20908.465, 8.835,5687
 2459,20917.396, 8.932,5687
 2460,20925.639, 8.241,5687
 2461,20933.861, 8.221,5687
 2462,20943.496, 9.636,5687
 2463,20954.453,10.956,5687
 2464,20964.473,10.022,5687
 2465,20973.494, 9.021,5687
 2466,20981.770, 8.273,5687
 2467,20989.689, 7.920,5687
 2468,20998.336, 8.647,5687
 2469,21006.598, 8.261,5687
 2470,21014.631, 8.035,5687
 2471,21022.633, 8.002,5687
 2472,21030.801, 8.168,5687
 2473,21039.186, 8.384,5687
 2474,21047.725, 8.539,5687
 2475,21055.455, 7.731,5687
 2476,21063.402, 7.948,5687
 2477,21071.613, 8.211,5687
 2478,21079.770, 8.155,5687
 2479,21087.285, 7.517,5687
 2480,21095.357, 8.070,5687
 2481,21103.445, 8.090,5687
 2482,21111.561, 8.116,5687
 2483,21119.621, 8.060,5687
 2484,21127.367, 7.745,5687
 2485,21134.982, 7.616,5687
 2486,21142.713, 7.731,5687
 2487,21150.734, 8.021,5687
 2488,21158.426, 7.691,5687
 2489,21165.938, 7.510,5687
 2490,21174.518, 8.581,5687
 2491,21181.924, 7.406,5687
 2492,21189.451, 7.528,5687
 2493,21197.277, 7.825,5687
 2494,21204.820, 7.546,5687
 2495,21212.492, 7.672,5687
 2496,21220.152, 7.659,5687
 2497,21228.590, 8.435,5687
 2498,21236.555, 7.967,5687
 2499,21243.949, 7.394,5687
 2500,21252.801, 8.851,5687
 2501,21260.820, 8.020,5687
 2502,21268.988, 8.168,5687
 2503,21276.584, 7.595,5687
 2504,21284.564, 7.982,5687
 2505,21292.029, 7.464,5687
 2506,21300.145, 8.116,5687
 2507,21308.492, 8.348,5687
 2508,21317.146, 8.654,5687
 2509,21325.744, 8.599,5687
 2510,21335.422, 9.676,5687
 2511,21345.385, 9.962,5687
 2512,21354.020, 8.635,5687
 2513,21362.549, 8.530,5687
 2514,21370.893, 8.344,5687
 2515,21378.957, 8.063,5687
 2516,21387.014, 8.057,5687
 2517,21394.561, 7.549,5687
 2518,21404.520, 9.957,5687
 2519,21412.557, 8.038,5687
 2520,21420.510, 7.952,5687
 2521,21428.346, 7.837,5687
 2522,21437.041, 8.694,5687
 2523,21445.883, 8.843,5687
 2524,21453.977, 8.093,5687
 2525,21463.621, 9.646,5687
 2526,21471.951, 8.329,5687
 2527,21480.320, 8.371,5687
 2528,21488.439, 8.117,5687
 2529,21496.465, 8.027,5687
 2530,21504.545, 8.080,5687
 2531,21512.889, 8.343,5687
 2532,21521.197, 8.307,5687
 2533,21529.357, 8.160,5687
 2534,21537.842, 8.485,5687
 2535,21546.725, 8.885,5687
 2536,21555.221, 8.494,5687
 2537,21563.607, 8.387,5687
 2538,21572.525, 8.919,5687
 2539,21580.701, 8.175,5687
 2540,21588.973, 8.273,5687
 2541,21597.271, 8.297,5687
 2542,21605.686, 8.414,5687
 2543,21613.738, 8.054,5687
 2544,21621.938, 8.197,5687
 2545,21630.797, 8.860,5687
 2546,21639.197, 8.401,5687
 2547,21647.793, 8.595,5687
 2548,21656.980, 9.190,5687
 2549,21664.678, 7.695,5687
 2550,21673.496, 8.821,5687
 2551,21681.148, 7.652,5687
 2552,21688.961, 7.812,5687
 2553,21697.988, 9.028,5687
 2554,21705.850, 7.858,5687
 2555,21714.217, 8.370,5687
 2556,21721.633, 7.416,5687
 2557,21730.795, 9.161,5687
 2558,21740.324, 9.530,5687
 2559,21748.586, 8.261,5687
 2560,21756.682, 8.094,5687
 2561,21764.352, 7.671,5687
 2562,21772.457, 8.105,5687
 2563,21780.553, 8.096,5687
 2564,21789.086, 8.533,5687
 2565,21796.857, 7.771,5687
 2566,21804.805, 7.949,5687
 2567,21813.236, 8.432,5687
 2568,21820.992, 7.755,5687
 2569,21829.207, 8.215,5687
 2570,21837.996, 8.790,5687
 2571,21846.459, 8.462,5687
 2572,21854.281, 7.821,5687
 2573,21861.861, 7.580,5687
 2574,21869.547, 7.687,5687
 2575,21878.250, 8.703,5687
 2576,21886.457, 8.206,5687
 2577,21894.395, 7.939,5687
 2578,21902.426, 8.031,5687
 2579,21909.869, 7.442,5687
 2580,21917.896, 8.029,5687
 2581,21925.281, 7.385,5687
 2582,21933.229, 7.948,5687
 2583,21940.938, 7.707,5687
 2584,21949.080, 8.143,5687
 2585,21956.318, 7.239,5687
 2586,21964.209, 7.889,5687
 2587,21972.320, 8.112,5687
 2588,21980.359, 8.039,5687
 2589,21988.182, 7.823,5687
 2590,21996.236, 8.054,5687
 2591,22003.922, 7.685,5687
 2592,22012.285, 8.363,5687
 2593,22020.018, 7.733,5687
 2594,22027.621, 7.604,5687
 2595,22035.297, 7.676,5687
 2596,22042.785, 7.488,5687
 2597,22050.641, 7.856,5687
 2598,22058.342, 7.699,5687
 2599,22066.273, 7.933,5687
 2600,22074.553, 8.280,5687
 2601,22082.449, 7.897,5687
 2602,22090.881, 8.430,5687
 2603,22100.156, 9.276,5687
 2604,22108.199, 8.043,5687
 2605,22116.568, 8.371,5687
 2606,22126.287, 9.717,5687
 2607,22136.250, 9.963,5687
 2608,22145.910, 9.661,5687
 2609,22155.324, 9.414,5687
 2610,22164.424, 9.098,5687
 2611,22173.654, 9.232,5687
 2612,22182.334, 8.677,5687
 2613,22191.666, 9.332,5687
 2614,22200.848, 9.183,5687
 2615,22210.320, 9.474,5687
 2616,22219.557, 9.235,5687
 2617,22228.980, 9.426,5687
 2618,22238.438, 9.454,5687
 2619,22247.928, 9.491,5687
 2620,22257.098, 9.170,5687
 2621,22266.064, 8.968,5687
 2622,22273.807, 7.742,5687
 2623,22281.510, 7.702,5687
 2624,22289.121, 7.611,5687
 2625,22296.385, 7.266,5687
 2626,22304.156, 7.771,5687
 2627,22312.109, 7.953,5687
 2628,22319.945, 7.835,5687
 2629,22327.846, 7.900,5687
 2630,22335.543, 7.698,5687
 2631,22343.422, 7.879,5687
 2632,22351.236, 7.814,5687
 2633,22358.693, 7.458,5687
 2634,22366.113, 7.420,5687
 2635,22373.426, 7.310,5687
 2636,22380.971, 7.547,5687
 2637,22388.197, 7.226,5687
 2638,22396.010, 7.812,5687
 2639,22403.221, 7.213,5687
 2640,22410.715, 7.493,5687
 2641,22419.004, 8.288,5687
 2642,22427.033, 8.030,5687
 2643,22434.602, 7.569,5687
 2644,22442.348, 7.745,5687
 2645,22449.842, 7.495,5687
 2646,22458.420, 8.577,5687
 2647,22466.670, 8.249,5687
 2648,22474.668, 7.999,5687
 2649,22482.400, 7.734,5687
 2650,22490.494, 8.094,5687
 2651,22498.242, 7.748,5687
 2652,22506.203, 7.960,5687
 2653,22515.445, 9.243,5687
 2654,22525.416, 9.969,5687
 2655,22533.285, 7.870,5687
 2656,22541.379, 8.094,5687
 2657,22549.168, 7.788,5687
 2658,22556.971, 7.804,5687
 2659,22564.777, 7.806,5687
 2660,22572.201, 7.424,5687
 2661,22580.145, 7.944,5687
 2662,22588.121, 7.977,5687
 2663,22595.660, 7.539,5687
 2664,22603.941, 8.281,5687
 2665,22611.549, 7.606,5687
 2666,22619.936, 8.387,5687
 2667,22627.805, 7.870,5687
 2668,22635.813, 8.009,5687
 2669,22643.486, 7.673,5687
 2670,22651.453, 7.965,5687
 2671,22659.043, 7.591,5687
 2672,22666.842, 7.797,5687
 2673,22675.225, 8.385,5687
 2674,22683.545, 8.320,5687
 2675,22691.342, 7.797,5687
 2676,22699.232, 7.892,5687
 2677,22707.148, 7.916,5687
 2678,22715.049, 7.899,5687
 2679,22723.057, 8.007,5687
 2680,22732.617, 9.561,5687
 2681,22741.117, 8.499,5687
 2682,22749.393, 8.276,5687
 2683,22757.758, 8.365,5687
 2684,22766.898, 9.142,5687
 2685,22774.785, 7.885,5687
 2686,22782.891, 8.107,5687
 2687,22791.756, 8.864,5687
 2688,22800.209, 8.453,5687
 2689,22808.561, 8.352,5687
 2690,22817.668, 9.107,5687
 2691,22826.570, 8.904,5687
 2692,22835.174, 8.603,5687
 2693,22844.682, 9.508,5687
 2694,22853.057, 8.376,5687
 2695,22862.441, 9.383,5687
 2696,22870.859, 8.418,5687
 2697,22878.750, 7.890,5687
 2698,22886.635, 7.886,5687
 2699,22894.523, 7.888,5687
 2700,22903.191, 8.668,5687
 2701,22912.434, 9.242,5687
 2702,22921.756, 9.322,5687
 2703,22929.801, 8.045,5687
 2704,22937.502, 7.700,5687
 2705,22945.490, 7.991,5687
 2706,22954.273, 8.781,5687
 2707,22962.918, 8.644,5687
 2708,22971.348, 8.431,5687
 2709,22980.693, 9.346,5687
 2710,22989.729, 9.035,5687
 2711,22997.965, 8.238,5687
 2712,23006.418, 8.452,5687
 2713,23015.596, 9.177,5687
 2714,23023.904, 8.309,5687
 2715,23032.156, 8.254,5687
 2716,23040.678, 8.520,5687
 2717,23048.834, 8.154,5687
 2718,23057.572, 8.740,5687
 2719,23065.441, 7.870,5687
 2720,23073.217, 7.774,5687
 2721,23081.545, 8.329,5687
 2722,23089.529, 7.984,5687
 2723,23097.793, 8.263,5687
 2724,23105.828, 8.038,5687
 2725,23114.105, 8.275,5687
 2726,23121.877, 7.772,5687
 2727,23129.904, 8.027,5687
 2728,23137.680, 7.775,5687
 2729,23145.273, 7.594,5687
 2730,23153.352, 8.078,5687
 2731,23161.766, 8.414,5687
 2732,23170.010, 8.245,5687
 2733,23179.016, 9.005,5687
 2734,23187.197, 8.181,5687
 2735,23195.221, 8.024,5687
 2736,23204.305, 9.084,5687
 2737,23212.697, 8.394,5687
 2738,23220.350, 7.650,5687
 2739,23229.094, 8.745,5687
 2740,23238.025, 8.932,5687
 2741,23245.604, 7.578,5687
 2742,23253.342, 7.737,5687
 2743,23261.594, 8.254,5687
 2744,23270.313, 8.719,5687
 2745,23278.424, 8.110,5687
 2746,23287.309, 8.886,5687
 2747,23295.744, 8.437,5687
 2748,23306.131,10.385,5687
 2749,23314.768, 8.636,5687
 2750,23323.137, 8.369,5687
 2751,23331.463, 8.327,5687
 2752,23339.873, 8.410,5687
 2753,23348.094, 8.219,5687
 2754,23356.121, 8.030,5687
 2755,23363.955, 7.833,5687
 2756,23372.854, 8.897,5687
 2757,23381.170, 8.316,5687
 2758,23390.160, 8.994,5687
 2759,23398.422, 8.259,5687
 2760,23406.225, 7.803,5687
 2761,23414.289, 8.064,5687
 2762,23422.527, 8.239,5687
 2763,23431.607, 9.080,5687
 2764,23440.105, 8.497,5687
 2765,23448.373, 8.270,5687
 2766,23457.068, 8.695,5687
 2767,23465.410, 8.342,5687
 2768,23474.281, 8.870,5687
 2769,23483.510, 9.228,5687
 2770,23492.869, 9.359,5687
 2771,23501.408, 8.540,5687
 2772,23510.213, 8.804,5687
 2773,23518.777, 8.566,5687
 2774,23527.609, 8.830,5687
 2775,23535.975, 8.367,5687
 2776,23544.629, 8.653,5687
 2777,23552.834, 8.206,5687
 2778,23561.490, 8.657,5687
 2779,23570.254, 8.761,5687
 2780,23578.947, 8.695,5687
 2781,23588.473, 9.526,5687
 2782,23597.813, 9.341,5687
 2783,23607.025, 9.210,5687
 2784,23615.838, 8.812,5687
 2785,23623.928, 8.091,5687
 2786,23632.018, 8.091,5687
 2787,23639.998, 7.978,5687
 2788,23647.973, 7.977,5687
 2789,23655.840, 7.866,5687
 2790,23663.682, 7.843,5687
 2791,23672.320, 8.639,5687
 2792,23680.469, 8.148,5687
 2793,23688.488, 8.020,5687
 2794,23698.434, 9.943,5687
 2795,23707.240, 8.809,5687
 2796,23715.928, 8.686,5687
 2797,23724.365, 8.439,5687
 2798,23732.873, 8.508,5687
 2799,23741.152, 8.278,5687
 2800,23749.463, 8.311,5687
 2801,23758.115, 8.652,5687
 2802,23766.445, 8.329,5687
 2803,23774.824, 8.380,5687
 2804,23783.254, 8.430,5687
 2805,23791.697, 8.442,5687
 2806,23800.969, 9.272,5687
 2807,23809.137, 8.168,5687
 2808,23818.057, 8.922,5687
 2809,23826.430, 8.371,5687
 2810,23834.498, 8.067,5687
 2811,23842.459, 7.963,5687
 2812,23850.381, 7.922,5687
 2813,23858.447, 8.066,5687
 2814,23866.334, 7.885,5687
 2815,23874.510, 8.178,5687
 2816,23882.789, 8.278,5687
 2817,23890.830, 8.041,5687
 2818,23898.766, 7.936,5687
 2819,23907.404, 8.640,5687
 2820,23915.598, 8.191,5687
 2821,23923.857, 8.262,5687
 2822,23932.189, 8.331,5687
 2823,23940.541, 8.352,5687
 2824,23948.934, 8.391,5687
 2825,23956.797, 7.866,5687
 2826,23964.914, 8.116,5687
 2827,23972.572, 7.660,5687
 2828,23980.803, 8.229,5687
 2829,23988.529, 7.725,5687
 2830,23997.305, 8.776,5687
 2831,24005.221, 7.916,5687
 2832,24014.854, 9.634,5687
 2833,24022.988, 8.136,5687
 2834,24031.545, 8.556,5687
 2835,24039.998, 8.452,5687
 2836,24048.068, 8.070,5687
 2837,24056.363, 8.295,5687
 2838,24065.234, 8.872,5687
 2839,24073.869, 8.635,5687
 2840,24083.473, 9.604,5687
 2841,24094.299,10.825,5687
 2842,24103.844, 9.544,5687
 2843,24113.461, 9.617,5687
 2844,24123.535,10.075,5687
 2845,24133.094, 9.557,5687
 2846,24142.557, 9.464,5687
 2847,24151.896, 9.340,5687
 2848,24161.674, 9.777,5687
 2849,24171.146, 9.474,5687
 2850,24181.785,10.637,5687
 2851,24192.102,10.317,5687
 2852,24202.648,10.548,5687
 2853,24212.180, 9.530,5687
 2854,24220.732, 8.553,5687
 2855,24229.553, 8.821,5687
 2856,24238.246, 8.692,5687
 2857,24246.281, 8.036,5687
 2858,24254.785, 8.505,5687
 2859,24263.025, 8.240,5687
 2860,24272.232, 9.208,5687
 2861,24280.785, 8.550,5687
 2862,24290.469, 9.686,5687
 2863,24298.924, 8.453,5687
 2864,24307.795, 8.872,5687
 2865,24317.002, 9.207,5687
 2866,24325.754, 8.752,5687
 2867,24335.645, 9.890,5687
 2868,24344.945, 9.300,5687
 2869,24353.617, 8.674,5687
 2870,24362.646, 9.029,5687
 2871,24372.018, 9.370,5687
 2872,24380.959, 8.942,5687
 2873,24390.254, 9.295,5687
 2874,24398.551, 8.297,5687
 2875,24406.479, 7.928,5687
 2876,24415.023, 8.544,5687
 2877,24422.926, 7.903,5687
 2878,24432.189, 9.264,5687
 2879,24440.953, 8.764,5687
 2880,24448.924, 7.969,5687
 2881,24457.020, 8.096,5687
 2882,24465.510, 8.489,5687
 2883,24473.992, 8.484,5687
 2884,24483.680, 9.687,5687
 2885,24492.369, 8.690,5687
 2886,24501.174, 8.805,5687
 2887,24509.877, 8.704,5687
 2888,24518.785, 8.906,5687
 2889,24527.137, 8.352,5687
 2890,24535.541, 8.406,5687
 2891,24545.105, 9.564,5687
 2892,24553.385, 8.279,5687
 2893,24561.969, 8.584,5687
 2894,24570.645, 8.677,5687
 2895,24578.830, 8.184,5687
 2896,24587.648, 8.818,5687
 2897,24596.189, 8.541,5687
 2898,24604.740, 8.551,5687
 2899,24613.330, 8.589,5687
 2900,24622.332, 9.002,5687
 2901,24630.734, 8.404,5687
 2902,24639.521, 8.786,5687
 2903,24648.650, 9.130,5687
 2904,24657.813, 9.162,5687
 2905,24666.346, 8.532,5687
 2906,24675.072, 8.727,5687
 2907,24684.041, 8.969,5687
 2908,24693.232, 9.191,5687
 2909,24702.246, 9.014,5687
 2910,24711.336, 9.089,5687
 2911,24719.789, 8.454,5687
 2912,24729.193, 9.403,5687
 2913,24739.836,10.643,5687
 2914,24749.152, 9.319,5687
 2915,24759.889,10.735,5687
 2916,24769.797, 9.909,5687
 2917,24779.258, 9.459,5687
 2918,24788.549, 9.292,5687
 2919,24797.473, 8.925,5687
 2920,24806.504, 9.029,5687
 2921,24815.346, 8.842,5687
 2922,24824.543, 9.198,5687
 2923,24833.205, 8.662,5687
 2924,24841.770, 8.564,5687
 2925,24849.889, 8.119,5687
 2926,24859.119, 9.231,5687
 2927,24868.510, 9.391,5687
 2928,24878.494, 9.982,5687
 2929,24887.301, 8.808,5687
 2930,24895.891, 8.591,5687
 2931,24904.473, 8.582,5687
 2932,24913.344, 8.870,5687
 2933,24922.291, 8.948,5687
 2934,24930.793, 8.502,5687
 2935,24939.461, 8.668,5687
 2936,24948.396, 8.935,5687
 2937,24956.797, 8.401,5687
 2938,24965.881, 9.085,5687
 2939,24974.549, 8.666,5687
 2940,24983.723, 9.175,5687
 2941,24992.191, 8.468,5687
 2942,25002.156, 9.966,5687
 2943,25011.305, 9.148,5687
 2944,25019.889, 8.584,5687
 2945,25028.873, 8.985,5687
 2946,25037.613, 8.739,5687
 2947,25046.518, 8.905,5687
 2948,25054.693, 8.175,5687
 2949,25062.555, 7.862,5687
 2950,25071.564, 9.009,5687
 2951,25079.926, 8.361,5687
 2952,25088.715, 8.790,5687
 2953,25096.949, 8.233,5687
 2954,25105.586, 8.637,5687
 2955,25113.484, 7.900,5687
 2956,25121.775, 8.290,5687
 2957,25130.193, 8.419,5687
 2958,25139.389, 9.194,5687
 2959,25147.674, 8.284,5687
 2960,25156.135, 8.463,5687
 2961,25164.654, 8.520,5687
 2962,25173.162, 8.505,5687
 2963,25182.617, 9.456,5687
 2964,25190.744, 8.127,5687
 2965,25198.961, 8.217,5687
 2966,25207.521, 8.561,5687
 2967,25215.814, 8.294,5687
 2968,25224.297, 8.482,5687
 2969,25232.510, 8.213,5687
 2970,25241.609, 9.099,5687
 2971,25250.621, 9.011,5687
 2972,25260.465, 9.844,5687
 2973,25270.797,10.332,5687
 2974,25280.199, 9.403,5687
 2975,25289.154, 8.956,5687
 2976,25298.238, 9.084,5687
 2977,25306.693, 8.454,5687
 2978,25315.316, 8.623,5687
 2979,25324.438, 9.120,5687
 2980,25333.166, 8.730,5687
 2981,25342.869, 9.703,5687
 2982,25351.570, 8.702,5687
 2983,25359.961, 8.390,5687
 2984,25368.525, 8.565,5687
 2985,25378.488, 9.962,5687
 2986,25387.904, 9.418,5687
 2987,25398.275,10.369,5687
 2988,25408.709,10.433,5687
 2989,25418.445, 9.738,5687
 2990,25428.887,10.441,5687
 2991,25438.881, 9.994,5687
 2992,25449.305,10.423,5687
 2993,25459.988,10.685,5687
 2994,25469.857, 9.869,5687
 2995,25479.805, 9.948,5687
 2996,25489.826,10.019,5687
 2997,25499.600, 9.774,5687
 2998,25510.162,10.561,5687
 2999,25520.172,10.011,5687
 3000,25529.850, 9.678,5687
 3001,25541.086,11.237,5687
 3002,25551.285,10.198,5687
 3003,25560.621, 9.337,5687
 3004,25571.781,11.161,5687
 3005,25582.182,10.399,5687
 3006,25592.635,10.454,5687
 3007,25601.762, 9.126,5687
 3008,25611.033, 9.273,5687
 3009,25620.934, 9.900,5687
 3010,25629.520, 8.585,5687
 3011,25638.504, 8.984,5687
 3012,25646.842, 8.338,5687
 3013,25655.939, 9.098,5687
 3014,25665.709, 9.770,5687
 3015,25674.467, 8.758,5687
 3016,25683.254, 8.787,5687
 3017,25691.506, 8.251,5687
 3018,25701.248, 9.742,5687
 3019,25710.629, 9.382,5687
 3020,25719.617, 8.987,5687
 3021,25727.984, 8.370,5687
 3022,25737.137, 9.152,5687
 3023,25746.170, 9.032,5687
 3024,25754.893, 8.723,5687
 3025,25762.998, 8.103,5687
 3026,25772.111, 9.115,5687
 3027,25780.434, 8.321,5687
 3028,25789.221, 8.788,5687
 3029,25798.289, 9.069,5687
 3030,25809.174,10.884,5687
 3031,25817.773, 8.601,5687
 3032,25826.598, 8.824,5687
 3033,25834.869, 8.270,5687
 3034,25843.678, 8.810,5687
 3035,25852.354, 8.675,5687
 3036,25860.857, 8.503,5687
 3037,25869.346, 8.488,5687
 3038,25877.955, 8.611,5687
 3039,25886.365, 8.410,5687
 3040,25895.029, 8.665,5687
 3041,25903.557, 8.526,5687
 3042,25912.098, 8.542,5687
 3043,25920.758, 8.659,5687
 3044,25930.148, 9.391,5687
 3045,25939.023, 8.875,5687
 3046,25947.758, 8.735,5687
 3047,25956.861, 9.104,5687
 3048,25965.279, 8.417,5687
 3049,25974.010, 8.730,5687
 3050,25982.449, 8.439,5687
 3051,25991.258, 8.808,5687
 3052,26000.221, 8.964,5687
 3053,26008.984, 8.764,5687
 3054,26018.750, 9.766,5687
 3055,26029.949,11.200,5687
 3056,26039.689, 9.740,5687
 3057,26049.510, 9.820,5687
 3058,26061.178,11.668,5687
 3059,26071.248,10.069,5687
 3060,26081.357,10.110,5687
 3061,26090.850, 9.491,5687
 3062,26101.316,10.470,5687
 3063,26110.271, 8.953,5687
 3064,26120.365,10.094,5687
 3065,26130.014, 9.649,5687
 3066,26140.135,10.121,5687
 3067,26149.752, 9.616,5687
 3068,26159.385, 9.633,5687
 3069,26169.734,10.351,5687
 3070,26179.549, 9.815,5687
 3071,26189.330, 9.778,5687
 3072,26198.756, 9.427,5687
 3073,26208.104, 9.348,5687
 3074,26216.555, 8.452,5687
 3075,26225.201, 8.646,5687
 3076,26235.732,10.532,5687
 3077,26249.715,13.982,5687
 3078,26262.125,12.411,5687
 3079,26273.805,11.679,5687
 3080,26283.381, 9.577,5687
 3081,26292.129, 8.747,5687
 3082,26300.799, 8.670,5687
 3083,26309.701, 8.901,5687
 3084,26319.213, 9.513,5687
 3085,26328.422, 9.209,5687
 3086,26337.480, 9.060,5687
 3087,26347.037, 9.555,5687
 3088,26356.213, 9.176,5687
 3089,26366.010, 9.796,5687
 3090,26375.893, 9.883,5687
 3091,26385.096, 9.203,5687
 3092,26395.760,10.664,5687
 3093,26404.408, 8.648,5687
 3094,26413.281, 8.873,5687
 3095,26422.289, 9.008,5687
 3096,26431.217, 8.930,5687
 3097,26441.053, 9.834,5687
 3098,26452.281,11.228,5687
 3099,26462.418,10.137,5687
 3100,26471.930, 9.513,5687
 3101,26483.430,11.499,5687
 3102,26493.176, 9.746,5687
 3103,26502.506, 9.331,5687
 3104,26512.033, 9.528,5687
 3105,26520.785, 8.752,5687
 3106,26530.016, 9.229,5687
 3107,26538.801, 8.786,5687
 3108,26547.801, 8.999,5687
 3109,26556.984, 9.186,5687
 3110,26566.422, 9.435,5687
 3111,26575.666, 9.243,5687
 3112,26584.912, 9.247,5687
 3113,26594.041, 9.130,5687
 3114,26602.871, 8.830,5687
 3115,26611.477, 8.605,5687
 3116,26620.719, 9.243,5687
 3117,26629.588, 8.868,5687
 3118,26638.602, 9.013,5687
 3119,26647.148, 8.549,5687
 3120,26656.525, 9.377,5687
 3121,26665.793, 9.267,5687
 3122,26675.305, 9.511,5687
 3123,26684.924, 9.619,5687
 3124,26694.137, 9.213,5687
 3125,26704.109, 9.972,5687
 3126,26713.789, 9.682,5687
 3127,26722.846, 9.054,5687
 3128,26732.127, 9.283,5687
 3129,26742.385,10.259,5687
 3130,26752.740,10.353,5687
 3131,26762.039, 9.300,5687
 3132,26772.725,10.685,5687
 3133,26782.984,10.262,5687
 3134,26792.785, 9.800,5687
 3135,26802.189, 9.402,5687
 3136,26811.885, 9.697,5687
 3137,26820.820, 8.936,5687
 3138,26829.674, 8.852,5687
 3139,26840.209,10.535,5687
 3140,26849.568, 9.360,5687
 3141,26858.781, 9.213,5687
 3142,26867.668, 8.886,5687
 3143,26876.701, 9.033,5687
 3144,26885.773, 9.073,5687
 3145,26895.334, 9.561,5687
 3146,26903.926, 8.591,5687
 3147,26912.480, 8.557,5687
 3148,26921.637, 9.156,5687
 3149,26930.453, 8.816,5687
 3150,26939.301, 8.846,5687
 3151,26947.965, 8.665,5687
 3152,26957.170, 9.204,5687
 3153,26965.701, 8.532,5687
 3154,26974.549, 8.848,5687
 3155,26983.418, 8.867,5687
 3156,26992.662, 9.244,5687
 3157,27001.668, 9.007,5687
 3158,27010.158, 8.491,5687
 3159,27019.621, 9.464,5687
 3160,27029.699,10.077,5687
 3161,27038.672, 8.972,5687
 3162,27047.545, 8.873,5687
 3163,27055.982, 8.439,5687
 3164,27064.797, 8.814,5687
 3165,27073.293, 8.495,5687
 3166,27081.557, 8.264,5687
 3167,27090.748, 9.191,5687
 3168,27100.037, 9.291,5687
 3169,27108.842, 8.804,5687
 3170,27117.250, 8.408,5687
 3171,27126.525, 9.276,5687
 3172,27135.148, 8.622,5687
 3173,27143.436, 8.287,5687
 3174,27152.025, 8.590,5687
 3175,27160.221, 8.195,5687
 3176,27168.947, 8.727,5687
 3177,27177.611, 8.664,5687
 3178,27185.977, 8.367,5687
 3179,27194.322, 8.344,5687
 3180,27203.564, 9.242,5687
 3181,27212.387, 8.823,5687
 3182,27221.361, 8.975,5687
 3183,27231.178, 9.814,5687
 3184,27241.941,10.766,5687
 3185,27251.057, 9.115,5687
 3186,27260.770, 9.713,5687
 3187,27269.529, 8.759,5687
 3188,27278.350, 8.819,5687
 3189,27286.977, 8.630,5687
 3190,27296.133, 9.154,5687
 3191,27305.873, 9.740,5687
 3192,27315.400, 9.529,5687
 3193,27324.426, 9.025,5687
 3194,27333.225, 8.798,5687
 3195,27341.887, 8.663,5687
 3196,27350.701, 8.815,5687
 3197,27360.545, 9.844,5687
 3198,27369.141, 8.596,5687
 3199,27378.344, 9.201,5687
 3200,27387.801, 9.458,5687
 3201,27396.586, 8.785,5687
 3202,27405.898, 9.313,5687
 3203,27415.813, 9.914,5687
 3204,27426.135,10.322,5687
 3205,27435.389, 9.253,5687
 3206,27445.521,10.133,5687
 3207,27454.994, 9.473,5687
 3208,27464.354, 9.359,5687
 3209,27473.553, 9.200,5687
 3210,27482.988, 9.434,5687
 3211,27492.766, 9.779,5687
 3212,27502.229, 9.464,5687
 3213,27511.906, 9.674,5687
 3214,27522.758,10.854,5687
 3215,27532.484, 9.727,5687
 3216,27543.609,11.123,5687
 3217,27553.449, 9.840,5687
 3218,27563.705,10.256,5687
 3219,27573.330, 9.624,5687
 3220,27582.574, 9.245,5687
 3221,27591.984, 9.412,5687
 3222,27601.270, 9.283,5687
 3223,27610.033, 8.764,5687
 3224,27619.135, 9.103,5687
 3225,27628.830, 9.695,5687
 3226,27639.035,10.205,5687
 3227,27648.793, 9.759,5687
 3228,27657.848, 9.053,5687
 3229,27666.605, 8.759,5687
 3230,27675.277, 8.671,5687
 3231,27684.432, 9.154,5687
 3232,27693.340, 8.908,5687
 3233,27702.457, 9.117,5687
 3234,27711.246, 8.790,5687
 3235,27720.426, 9.179,5687
 3236,27729.998, 9.573,5687
 3237,27738.984, 8.987,5687
 3238,27748.305, 9.320,5687
 3239,27757.031, 8.726,5687
 3240,27765.939, 8.908,5687
 3241,27774.793, 8.854,5687
 3242,27784.322, 9.527,5687
 3243,27793.682, 9.362,5687
 3244,27802.484, 8.803,5687
 3245,27811.281, 8.796,5687
 3246,27820.666, 9.384,5687
 3247,27829.758, 9.092,5687
 3248,27839.359, 9.602,5687
 3249,27848.617, 9.259,5687
 3250,27857.686, 9.067,5687
 3251,27866.355, 8.670,5687
 3252,27875.137, 8.783,5687
 3253,27884.021, 8.882,5687
 3254,27892.857, 8.838,5687
 3255,27901.545, 8.686,5687
 3256,27910.008, 8.463,5687
 3257,27919.254, 9.245,5687
 3258,27928.021, 8.768,5687
 3259,27937.064, 9.046,5687
 3260,27946.326, 9.258,5687
 3261,27955.393, 9.070,5687
 3262,27965.135, 9.741,5687
 3263,27974.518, 9.381,5687
 3264,27983.301, 8.784,5687
 3265,27992.178, 8.877,5687
 3266,28001.502, 9.323,5687
 3267,28011.098, 9.597,5687
 3268,28020.445, 9.349,5687
 3269,28030.145, 9.700,5687
 3270,28041.250,11.103,5687
 3271,28052.881,11.631,5687
 3272,28062.809, 9.928,5687
 3273,28072.844,10.035,5687
 3274,28082.516, 9.672,5687
 3275,28092.182, 9.666,5687
 3276,28102.420,10.238,5687
 3277,28111.861, 9.442,5687
 3278,28121.484, 9.625,5687
 3279,28131.045, 9.560,5687
 3280,28140.734, 9.689,5687
 3281,28150.418, 9.683,5687
 3282,28161.725,11.308,5687
 3283,28171.582, 9.856,5687
 3284,28181.965,10.384,5687
 3285,28190.963, 8.997,5687
 3286,28200.266, 9.301,5687
 3287,28209.076, 8.811,5687
 3288,28218.100, 9.024,5687
 3289,28226.877, 8.779,5687
 3290,28235.797, 8.919,5687
 3291,28244.977, 9.180,5687
 3292,28253.914, 8.937,5687
 3293,28263.305, 9.390,5687
 3294,28272.393, 9.088,5687
 3295,28281.488, 9.095,5687
 3296,28290.148, 8.662,5687
 3297,28299.369, 9.220,5687
 3298,28309.029, 9.660,5687
 3299,28318.613, 9.584,5687
 3300,28328.545, 9.932,5687
 3301,28337.717, 9.171,5687
 3302,28346.898, 9.183,5687
 3303,28355.918, 9.018,5687
 3304,28365.006, 9.089,5687
 3305,28375.125,10.118,5687
 3306,28384.453, 9.330,5687
 3307,28393.102, 8.646,5687
 3308,28402.273, 9.173,5687
 3309,28411.322, 9.047,5687
 3310,28420.740, 9.419,5687
 3311,28429.949, 9.209,5687
 3312,28440.936,10.987,5687
 3313,28450.449, 9.515,5687
 3314,28460.189, 9.740,5687
 3315,28469.121, 8.931,5687
 3316,28478.939, 9.818,5687
 3317,28487.961, 9.023,5687
 3318,28497.738, 9.774,5687
 3319,28506.809, 9.073,5687
 3320,28515.729, 8.921,5687
 3321,28526.029,10.298,5687
 3322,28536.264,10.235,5687
 3323,28545.957, 9.694,5687
 3324,28556.020,10.062,5687
 3325,28565.910, 9.889,5687
 3326,28575.881, 9.974,5687
 3327,28585.852, 9.969,5687
 3328,28596.736,10.884,5687
 3329,28607.832,11.096,5687
 3330,28618.758,10.926,5687
 3331,28629.176,10.418,5687
 3332,28639.469,10.294,5687
 3333,28649.705,10.236,5687
 3334,28659.631, 9.926,5687
 3335,28669.473, 9.843,5687
 3336,28679.480,10.006,5687
 3337,28689.777,10.298,5687
 3338,28700.041,10.262,5687
 3339,28709.879, 9.839,5687
 3340,28720.074,10.195,5687
 3341,28729.518, 9.444,5687
 3342,28739.246, 9.727,5687
 3343,28748.689, 9.445,5687
 3344,28758.250, 9.559,5687
 3345,28767.551, 9.302,5687
 3346,28778.117,10.567,5687
 3347,28788.838,10.718,5687
 3348,28800.314,11.479,5687
 3349,28809.758, 9.443,5687
 3350,28819.473, 9.714,5687
 3351,28830.617,11.145,5687
 3352,28840.838,10.219,5687
 3353,28850.641, 9.806,5687
 3354,28860.305, 9.662,5687
 3355,28869.879, 9.575,5687
 3356,28880.363,10.484,5687
 3357,28889.822, 9.459,5687
 3358,28899.598, 9.775,5687
 3359,28909.578, 9.981,5687
 3360,28919.346, 9.767,5687
 3361,28928.873, 9.527,5687
 3362,28938.689, 9.818,5687
 3363,28947.980, 9.292,5687
 3364,28957.828, 9.845,5687
 3365,28967.785, 9.959,5687
 3366,28977.199, 9.413,5687
 3367,28986.342, 9.141,5687
 3368,28995.627, 9.287,5687
 3369,29005.047, 9.420,5687
 3370,29014.736, 9.688,5687
 3371,29024.480, 9.746,5687
 3372,29034.670,10.187,5687
 3373,29044.717,10.048,5687
 3374,29055.006,10.288,5687
 3375,29064.365, 9.360,5687
 3376,29074.430,10.066,5687
 3377,29083.998, 9.567,5687
 3378,29093.426, 9.429,5687
 3379,29103.053, 9.626,5687
 3380,29112.535, 9.483,5687
 3381,29122.617,10.083,5687
 3382,29132.486, 9.867,5687
 3383,29141.545, 9.060,5687
 3384,29151.012, 9.466,5687
 3385,29160.621, 9.610,5687
 3386,29169.938, 9.316,5687
 3387,29179.582, 9.644,5687
 3388,29188.885, 9.305,5687
 3389,29198.486, 9.600,5687
 3390,29208.762,10.274,5687
 3391,29220.326,11.566,5687
 3392,29234.768,14.441,5687
 3393,29247.006,12.237,5687
 3394,29258.160,11.155,5687
 3395,29268.924,10.764,5687
 3396,29278.896, 9.974,5687
 3397,29288.719, 9.822,5687
 3398,29298.729,10.011,5687
 3399,29308.422, 9.690,5687
 3400,29318.102, 9.681,5687
 3401,29327.777, 9.677,5687
 3402,29338.730,10.953,5687
 3403,29348.686, 9.954,5687
 3404,29358.842,10.156,5687
 3405,29368.539, 9.698,5687
 3406,29378.961,10.423,5687
 3407,29389.031,10.069,5687
 3408,29399.129,10.099,5687
 3409,29409.523,10.393,5687
 3410,29420.662,11.139,5687
 3411,29431.109,10.446,5687
 3412,29442.914,11.804,5687
 3413,29453.184,10.271,5687
 3414,29463.725,10.543,5687
 3415,29474.064,10.339,5687
 3416,29484.799,10.734,5687
 3417,29494.830,10.031,5687
 3418,29505.330,10.499,5687
 3419,29515.236, 9.906,5687
 3420,29525.947,10.712,5687
 3421,29536.162,10.213,5687
 3422,29547.512,11.351,5687
 3423,29558.479,10.968,5687
 3424,29569.574,11.094,5687
 3425,29578.861, 9.289,5687
 3426,29589.098,10.234,5687
 3427,29598.826, 9.729,5687
 3428,29608.564, 9.740,5687
 3429,29619.109,10.543,5687
 3430,29630.777,11.670,5687
 3431,29641.410,10.631,5687
 3432,29652.441,11.033,5687
 3433,29663.777,11.335,5687
 3434,29674.025,10.249,5687
 3435,29683.760, 9.733,5687
 3436,29693.605, 9.846,5687
 3437,29703.402, 9.795,5687
 3438,29713.668,10.267,5687
 3439,29723.365, 9.698,5687
 3440,29734.834,11.467,5687
 3441,29745.734,10.902,5687
 3442,29757.854,12.118,5687
 3443,29768.738,10.885,5687
 3444,29779.314,10.578,5687
 3445,29789.564,10.250,5687
 3446,29799.590,10.023,5687
 3447,29809.053, 9.466,5687
 3448,29818.557, 9.503,5687
 3449,29828.186, 9.629,5687
 3450,29838.414,10.227,5687
 3451,29848.521,10.109,5687
 3452,29858.518, 9.996,5687
 3453,29868.803,10.285,5687
 3454,29878.760, 9.956,5687
 3455,29888.281, 9.522,5687
 3456,29898.338,10.057,5687
 3457,29909.709,11.370,5687
 3458,29919.641, 9.933,5687
 3459,29929.340, 9.698,5687
 3460,29939.209, 9.869,5687
 3461,29948.986, 9.776,5687
 3462,29958.936, 9.951,5687
 3463,29969.453,10.517,5687
 3464,29979.967,10.515,5687
 3465,29989.914, 9.947,5687
 3466,30000.701,10.787,5687
 3467,30011.291,10.590,5687
 3468,30024.092,12.800,5687
 3469,30034.705,10.613,5687
 3470,30045.029,10.325,5687
 3471,30054.912, 9.882,5687
 3472,30065.461,10.550,5687
 3473,30075.918,10.456,5687
 3474,30086.107,10.190,5687
 3475,30097.113,11.007,5687
 3476,30107.916,10.801,5687
 3477,30118.525,10.611,5687
 3478,30128.557,10.032,5687
 3479,30138.518, 9.960,5687
 3480,30149.152,10.633,5687
 3481,30159.525,10.373,5687
 3482,30170.953,11.430,5687
 3483,30181.846,10.890,5687
 3484,30192.930,11.086,5687
 3485,30203.727,10.797,5687
 3486,30214.643,10.916,5687
 3487,30225.436,10.792,5687
 3488,30237.295,11.860,5687
 3489,30249.465,12.169,5687
 3490,30261.479,12.015,5687
 3491,30271.654,10.173,5687
 3492,30283.098,11.444,5687
 3493,30294.742,11.645,5687
 3494,30305.838,11.097,5687
 3495,30316.857,11.019,5687
 3496,30328.164,11.306,5687
 3497,30337.998, 9.834,5687
 3498,30347.998,10.001,5687
 3499,30358.486,10.486,5687
 3500,30368.365, 9.882,5687
 3501,30377.857, 9.492,5687
 3502,30387.789, 9.931,5687
 3503,30398.406,10.616,5687
 3504,30408.633,10.227,5687
 3505,30421.301,12.670,5687
 3506,30432.297,10.996,5687
 3507,30441.939, 9.641,5687
 3508,30452.018,10.077,5687
 3509,30461.939, 9.923,5687
 3510,30472.322,10.383,5687
 3511,30482.213, 9.892,5687
 3512,30492.809,10.596,5687
 3513,30503.406,10.594,5687
 3514,30513.678,10.274,5687
 3515,30523.957,10.278,5687
 3516,30534.293,10.338,5687
 3517,30544.438,10.143,5687
 3518,30555.221,10.784,5687
 3519,30565.146, 9.926,5687
 3520,30575.434,10.286,5687
 3521,30585.297, 9.865,5687
 3522,30595.590,10.292,5687
 3523,30606.365,10.774,5687
 3524,30616.518,10.154,5687
 3525,30626.406, 9.887,5687
 3526,30636.176, 9.770,5687
 3527,30646.201,10.026,5687
 3528,30656.533,10.333,5687
 3529,30666.871,10.337,5687
 3530,30677.422,10.549,5687
 3531,30688.156,10.735,5687
 3532,30698.889,10.735,5687
 3533,30709.727,10.837,5687
 3534,30721.670,11.943,5687
 3535,30732.758,11.088,5687
 3536,30744.373,11.614,5687
 3537,30755.727,11.355,5687
 3538,30767.629,11.901,5687
 3539,30778.508,10.879,5687
 3540,30789.195,10.688,5687
 3541,30800.549,11.355,5687
 3542,30814.332,13.781,5687
 3543,30826.336,12.004,5687
 3544,30837.752,11.416,5687
 3545,30848.645,10.895,5687
 3546,30860.631,11.985,5687
 3547,30871.330,10.697,5687
 3548,30882.289,10.962,5687
 3549,30892.584,10.293,5687
 3550,30903.961,11.378,5687
 3551,30915.553,11.592,5687
 3552,30928.637,13.083,5687
 3553,30941.734,13.097,5687
 3554,30952.102,10.367,5687
 3555,30962.615,10.515,5687
 3556,30972.773,10.159,5687
 3557,30982.922,10.148,5687
 3558,30992.920, 9.997,5687
 3559,31003.309,10.389,5687
 3560,31013.889,10.580,5687
 3561,31024.289,10.402,5687
 3562,31035.561,11.272,5687
 3563,31045.613,10.050,5687
 3564,31056.193,10.582,5687
 3565,31067.465,11.271,5687
 3566,31079.150,11.684,5687
 3567,31088.994, 9.845,5687
 3568,31100.273,11.278,5687
 3569,31110.570,10.297,5687
 3570,31120.717,10.149,5687
 3571,31130.611, 9.893,5687
 3572,31141.619,11.008,5687
 3573,31152.902,11.283,5687
 3574,31163.182,10.280,5687
 3575,31174.057,10.876,5687
 3576,31184.465,10.407,5687
 3577,31194.486,10.019,5687
 3578,31205.701,11.217,5687
 3579,31217.273,11.571,5687
 3580,31228.113,10.841,5687
 3581,31238.383,10.270,5687
 3582,31249.701,11.317,5687
 3583,31260.545,10.845,5687
 3584,31271.457,10.913,5687
 3585,31282.373,10.916,5687
 3586,31293.174,10.799,5687
 3587,31303.602,10.429,5687
 3588,31314.648,11.045,5687
 3589,31325.055,10.408,5687
 3590,31336.385,11.331,5687
 3591,31346.977,10.592,5687
 3592,31360.061,13.084,5687
 3593,31370.969,10.906,5687
 3594,31382.061,11.093,5687
 3595,31392.830,10.767,5687
 3596,31403.609,10.782,5687
 3597,31414.617,11.008,5687
 3598,31425.977,11.360,5687
 3599,31437.422,11.444,5687
 3600,31448.602,11.180,5687
 3601,31460.295,11.693,5687
 3602,31471.617,11.321,5687
 3603,31482.705,11.090,5687
 3604,31494.066,11.360,5687
 3605,31506.135,12.069,5687
 3606,31517.145,11.009,5687
 3607,31528.455,11.311,5687
 3608,31540.043,11.588,5687
 3609,31551.453,11.409,5687
 3610,31562.936,11.483,5687
 3611,31574.090,11.154,5687
 3612,31584.781,10.692,5687
 3613,31595.613,10.832,5687
 3614,31608.330,12.715,5687
 3615,31619.549,11.222,5687
 3616,31630.205,10.654,5687
 3617,31640.559,10.355,5687
 3618,31651.324,10.764,5687
 3619,31662.014,10.690,5687
 3620,31673.240,11.226,5687
 3621,31684.064,10.824,5687
 3622,31695.635,11.572,5687
 3623,31706.127,10.492,5687
 3624,31716.965,10.838,5687
 3625,31727.520,10.554,5687
 3626,31738.307,10.788,5687
 3627,31748.701,10.394,5687
 3628,31759.666,10.965,5687
 3629,31770.217,10.552,5687
 3630,31782.537,12.319,5687
 3631,31793.318,10.779,5687
 3632,31804.230,10.913,5687
 3633,31814.541,10.311,5687
 3634,31825.215,10.675,5687
 3635,31835.455,10.240,5687
 3636,31845.686,10.229,5687
 3637,31856.133,10.448,5687
 3638,31867.049,10.918,5687
 3639,31877.357,10.308,5687
 3640,31888.617,11.259,5687
 3641,31899.053,10.437,5687
 3642,31910.006,10.951,5687
 3643,31920.580,10.574,5687
 3644,31931.486,10.905,5687
 3645,31941.770,10.286,5687
 3646,31952.412,10.641,5687
 3647,31962.514,10.103,5687
 3648,31973.625,11.111,5687
 3649,31984.727,11.102,5687
 3650,31997.230,12.502,5687
 3651,32010.154,12.925,5687
 3652,32021.691,11.537,5687
 3653,32032.381,10.691,5687
 3654,32043.098,10.716,5687
 3655,32054.242,11.142,5687
 3656,32064.945,10.704,5687
 3657,32076.266,11.321,5687
 3658,32087.254,10.987,5687
 3659,32098.273,11.021,5687
 3660,32109.580,11.306,5687
 3661,32120.354,10.775,5687
 3662,32131.514,11.158,5687
 3663,32142.646,11.133,5687
 3664,32153.754,11.108,5687
 3665,32164.965,11.213,5687
 3666,32176.354,11.386,5687
 3667,32188.029,11.678,5687
 3668,32200.119,12.089,5687
 3669,32212.371,12.252,5687
 3670,32224.422,12.050,5687
 3671,32236.465,12.045,5687
 3672,32249.541,13.076,5687
 3673,32261.533,11.992,5687
 3674,32272.777,11.244,5687
 3675,32284.037,11.259,5687
 3676,32295.697,11.660,5687
 3677,32307.393,11.697,5687
 3678,32320.193,12.798,5687
 3679,32333.004,12.811,5687
 3680,32344.180,11.176,5687
 3681,32354.834,10.654,5687
 3682,32365.357,10.525,5687
 3683,32376.576,11.217,5687
 3684,32387.438,10.862,5687
 3685,32399.881,12.444,5687
 3686,32412.576,12.694,5687
 3687,32424.410,11.835,5687
 3688,32435.609,11.198,5687
 3689,32446.596,10.987,5687
 3690,32458.176,11.580,5687
 3691,32469.738,11.563,5687
 3692,32480.797,11.059,5687
 3693,32491.701,10.903,5687
 3694,32502.785,11.084,5687
 3695,32514.225,11.441,5687
 3696,32526.479,12.253,5687
 3697,32537.398,10.918,5687
 3698,32548.266,10.869,5687
 3699,32558.822,10.557,5687
 3700,32569.607,10.785,5687
 3701,32580.078,10.469,5687
 3702,32591.525,11.450,5687
 3703,32602.572,11.045,5687
 3704,32613.367,10.796,5687
 3705,32624.420,11.052,5687
 3706,32636.445,12.026,5687
 3707,32647.521,11.075,5687
 3708,32658.318,10.798,5687
 3709,32669.541,11.223,5687
 3710,32680.445,10.904,5687
 3711,32691.705,11.259,5687
 3712,32702.309,10.606,5687
 3713,32712.777,10.466,5687
 3714,32723.617,10.841,5687
 3715,32735.088,11.470,5687
 3716,32746.887,11.800,5687
 3717,32758.857,11.970,5687
 3718,32770.453,11.596,5687
 3719,32782.660,12.206,5687
 3720,32795.898,13.240,5687
 3721,32810.234,14.333,5687
 3722,32822.426,12.192,5687
 3723,32834.727,12.301,5687
 3724,32847.895,13.170,5687
 3725,32861.250,13.356,5687
 3726,32874.082,12.831,5687
 3727,32886.855,12.772,5687
 3728,32899.488,12.635,5687
 3729,32912.563,13.074,5687
 3730,32925.902,13.339,5687
 3731,32937.738,11.837,5687
 3732,32950.051,12.311,5687
 3733,32962.281,12.232,5687
 3734,32973.184,10.901,5687
 3735,32984.000,10.816,5687
 3736,32994.801,10.801,5687
 3737,33005.242,10.441,5687
 3738,33016.379,11.138,5687
 3739,33027.105,10.725,5687
 3740,33038.672,11.567,5687
 3741,33049.605,10.935,5687
 3742,33061.098,11.491,5687
 3743,33071.879,10.780,5687
 3744,33083.883,12.004,5687
 3745,33096.109,12.227,5687
 3746,33107.566,11.456,5687
 3747,33118.504,10.939,5687
 3748,33129.766,11.264,5687
 3749,33140.738,10.972,5687
 3750,33151.664,10.925,5687
 3751,33162.781,11.117,5687
 3752,33174.512,11.730,5687
 3753,33185.781,11.270,5687
 3754,33199.766,13.984,5687
 3755,33211.863,12.095,5687
 3756,33223.625,11.765,5687
 3757,33234.672,11.049,5687
 3758,33246.082,11.406,5687
 3759,33258.410,12.331,5687
 3760,33270.195,11.781,5687
 3761,33281.438,11.246,5687
 3762,33293.246,11.808,5687
 3763,33304.738,11.490,5687
 3764,33316.105,11.367,5687
 3765,33327.828,11.726,5687
 3766,33339.813,11.985,5687
 3767,33351.012,11.200,5687
 3768,33362.523,11.508,5687
 3769,33375.090,12.567,5687
 3770,33387.086,11.996,5687
 3771,33398.887,11.801,5687
 3772,33410.777,11.892,5687
 3773,33422.910,12.131,5687
 3774,33434.871,11.962,5687
 3775,33446.402,11.532,5687
 3776,33458.578,12.176,5687
 3777,33470.742,12.164,5687
 3778,33482.887,12.144,5687
 3779,33494.844,11.958,5687
 3780,33507.191,12.345,5687
 3781,33519.070,11.880,5687
 3782,33531.168,12.100,5687
 3783,33543.215,12.044,5687
 3784,33555.203,11.985,5687
 3785,33567.191,11.991,5687
 3786,33579.391,12.199,5687
 3787,33593.086,13.697,5687
 3788,33606.172,13.088,5687
 3789,33617.383,11.206,5687
 3790,33629.105,11.724,5687
 3791,33640.313,11.209,5687
 3792,33652.691,12.378,5687
 3793,33664.035,11.340,5687
 3794,33675.797,11.766,5687
 3795,33686.832,11.037,5687
 3796,33699.457,12.623,5687
 3797,33710.336,10.878,5687
 3798,33721.797,11.462,5687
 3799,33732.551,10.752,5687
 3800,33743.504,10.954,5687
 3801,33754.473,10.972,5687
 3802,33766.242,11.767,5687
 3803,33777.195,10.952,5687
 3804,33788.137,10.945,5687
 3805,33800.082,11.944,5687
 3806,33811.297,11.213,5687
 3807,33822.008,10.712,5687
 3808,33832.988,10.980,5687
 3809,33843.953,10.965,5687
 3810,33855.480,11.529,5687
 3811,33866.152,10.669,5687
 3812,33877.145,10.995,5687
 3813,33888.047,10.900,5687
 3814,33899.563,11.513,5687
 3815,33911.250,11.689,5687
 3816,33922.688,11.438,5687
 3817,33933.465,10.780,5687
 3818,33944.992,11.526,5687
 3819,33955.969,10.979,5687
 3820,33966.680,10.709,5687
 3821,33978.777,12.098,5687
 3822,33992.672,13.895,5687
 3823,34004.402,11.728,5687
 3824,34017.344,12.946,5687
 3825,34029.441,12.092,5687
 3826,34041.570,12.129,5687
 3827,34053.305,11.738,5687
 3828,34065.027,11.718,5687
 3829,34077.309,12.285,5687
 3830,34088.590,11.281,5687
 3831,34099.676,11.088,5687
 3832,34111.914,12.234,5687
 3833,34123.957,12.044,5687
 3834,34135.930,11.971,5687
 3835,34148.555,12.628,5687
 3836,34160.789,12.235,5687
 3837,34173.527,12.734,5687
 3838,34185.367,11.840,5687
 3839,34196.953,11.589,5687
 3840,34208.695,11.741,5687
 3841,34221.051,12.354,5687
 3842,34234.270,13.222,5687
 3843,34246.156,11.887,5687
 3844,34259.664,13.510,5687
 3845,34272.758,13.089,5687
 3846,34286.258,13.500,5687
 3847,34300.559,14.302,5687
 3848,34313.797,13.238,5687
 3849,34326.113,12.318,5687
 3850,34340.570,14.455,5687
 3851,34351.535,10.965,5687
 3852,34363.465,11.931,5687
 3853,34374.773,11.309,5687
 3854,34386.945,12.170,5687
 3855,34400.410,13.465,5687
 3856,34412.891,12.479,5687
 3857,34424.273,11.383,5687
 3858,34435.355,11.082,5687
 3859,34448.074,12.722,5687
 3860,34459.594,11.520,5687
 3861,34471.098,11.500,5687
 3862,34482.832,11.738,5687
 3863,34494.363,11.530,5687
 3864,34507.801,13.440,5687
 3865,34519.703,11.899,5687
 3866,34531.773,12.072,5687
 3867,34543.219,11.445,5687
 3868,34556.332,13.115,5687
 3869,34567.938,11.605,5687
 3870,34579.113,11.172,5687
 3871,34589.867,10.756,5687
 3872,34600.941,11.074,5687
 3873,34611.641,10.698,5687
 3874,34622.688,11.047,5687
 3875,34633.621,10.934,5687
 3876,34644.473,10.854,5687
 3877,34655.789,11.315,5687
 3878,34667.539,11.746,5687
 3879,34678.289,10.756,5687
 3880,34689.766,11.475,5687
 3881,34700.523,10.756,5687
 3882,34711.941,11.420,5687
 3883,34723.344,11.405,5687
 3884,34735.527,12.177,5687
 3885,34752.176,16.651,5687
 3886,34767.020,14.844,5687
 3887,34780.313,13.294,5687
 3888,34793.242,12.929,5687
 3889,34805.887,12.643,5687
 3890,34817.648,11.765,5687
 3891,34829.992,12.343,5687
 3892,34842.109,12.115,5687
 3893,34854.711,12.602,5687
 3894,34866.289,11.580,5687
 3895,34879.508,13.219,5687
 3896,34891.383,11.871,5687
 3897,34902.664,11.285,5687
 3898,34914.203,11.537,5687
 3899,34926.250,12.045,5687
 3900,34937.898,11.649,5687
 3901,34950.266,12.369,5687
 3902,34963.840,13.576,5687
 3903,34976.824,12.982,5687
 3904,34990.754,13.931,5687
 3905,35003.535,12.780,5687
 3906,35016.758,13.223,5687
 3907,35030.000,13.245,5687
 3908,35043.270,13.267,5687
 3909,35056.734,13.465,5687
 3910,35069.781,13.047,5687
 3911,35083.289,13.508,5687
 3912,35095.383,12.093,5687
 3913,35108.316,12.935,5687
 3914,35120.754,12.434,5687
 3915,35131.785,11.034,5687
 3916,35143.219,11.430,5687
 3917,35155.125,11.909,5687
 3918,35166.332,11.210,5687
 3919,35177.563,11.228,5687
 3920,35190.141,12.579,5687
 3921,35203.082,12.939,5687
 3922,35215.465,12.383,5687
 3923,35227.074,11.611,5687
 3924,35239.625,12.550,5687
 3925,35251.207,11.580,5687
 3926,35262.836,11.633,5687
 3927,35274.602,11.764,5687
 3928,35285.863,11.259,5687
 3929,35298.801,12.939,5687
 3930,35310.563,11.762,5687
 3931,35321.945,11.384,5687
 3932,35334.211,12.263,5687
 3933,35345.379,11.171,5687
 3934,35356.996,11.617,5687
 3935,35368.133,11.138,5687
 3936,35379.352,11.216,5687
 3937,35391.344,11.993,5687
 3938,35403.242,11.897,5687
 3939,35414.352,11.109,5687
 3940,35425.949,11.600,5687
 3941,35437.117,11.169,5687
 3942,35448.918,11.798,5687
 3943,35460.648,11.731,5687
 3944,35471.699,11.051,5687
 3945,35482.652,10.955,5687
 3946,35494.488,11.835,5687
 3947,35505.840,11.355,5687
 3948,35517.297,11.452,5687
 3949,35529.098,11.802,5687
 3950,35541.281,12.184,5687
 3951,35552.816,11.537,5687
 3952,35565.031,12.211,5687
 3953,35577.297,12.268,5687
 3954,35592.074,14.775,5687
 3955,35606.555,14.482,5687
 3956,35621.867,15.309,5687
 3957,35634.242,12.380,5687
 3958,35647.590,13.345,5687
 3959,35660.031,12.441,5687
 3960,35672.176,12.150,5687
 3961,35684.230,12.049,5687
 3962,35696.410,12.181,5687
 3963,35708.266,11.857,5687
 3964,35721.582,13.316,5687
 3965,35733.273,11.691,5687
 3966,35745.488,12.218,5687
 3967,35756.457,10.966,5687
 3968,35768.211,11.753,5687
 3969,35779.184,10.972,5687
 3970,35790.305,11.125,5687
 3971,35801.367,11.058,5687
 3972,35812.648,11.285,5687
 3973,35823.902,11.251,5687
 3974,35835.785,11.883,5687
 3975,35847.391,11.605,5687
 3976,35859.063,11.672,5687
 3977,35870.715,11.652,5687
 3978,35882.313,11.600,5687
 3979,35893.777,11.462,5687
 3980,35905.539,11.761,5687
 3981,35917.289,11.751,5687
 3982,35930.035,12.745,5687
 3983,35941.672,11.643,5687
 3984,35952.707,11.032,5687
 3985,35964.090,11.384,5687
 3986,35975.516,11.422,5687
 3987,35986.992,11.482,5687
 3988,36000.570,13.572,5687
 3989,36012.602,12.035,5687
 3990,36025.496,12.895,5687
 3991,36037.641,12.145,5687
 3992,36050.656,13.016,5687
 3993,36062.699,12.039,5687
 3994,36074.266,11.570,5687
 3995,36086.582,12.315,5687
 3996,36098.625,12.044,5687
 3997,36109.992,11.367,5687
 3998,36122.051,12.058,5687
 3999,36133.543,11.489,5687
 4000,36146.063,12.520,5687
 4001,36157.746,11.686,5687
 4002,36169.977,12.232,5687
 4003,36182.125,12.146,5687
 4004,36194.184,12.056,5687
 4005,36206.875,12.691,5687
 4006,36219.859,12.984,5687
 4007,36232.156,12.303,5687
 4008,36244.406,12.247,5687
 4009,36257.434,13.027,5687
 4010,36270.672,13.239,5687
 4011,36283.316,12.645,5687
 4012,36296.563,13.246,5687
 4013,36308.848,12.283,5687
 4014,36321.199,12.351,5687
 4015,36333.738,12.543,5687
 4016,36346.805,13.065,5687
 4017,36359.898,13.095,5687
 4018,36372.434,12.535,5687
 4019,36384.188,11.753,5687
 4020,36397.891,13.704,5687
 4021,36411.883,13.989,5687
 4022,36425.578,13.697,5687
 4023,36438.160,12.582,5687
 4024,36450.098,11.938,5687
 4025,36461.797,11.700,5687
 4026,36474.691,12.893,5687
 4027,36486.551,11.860,5687
 4028,36499.684,13.129,5687
 4029,36511.484,11.806,5687
 4030,36524.270,12.785,5687
 4031,36536.578,12.307,5687
 4032,36548.383,11.804,5687
 4033,36560.219,11.838,5687
 4034,36573.047,12.826,5687
 4035,36584.383,11.335,5687
 4036,36596.195,11.811,5687
 4037,36608.855,12.662,5687
 4038,36620.566,11.712,5687
 4039,36631.910,11.345,5687
 4040,36643.723,11.811,5687
 4041,36655.230,11.507,5687
 4042,36666.879,11.650,5687
 4043,36679.164,12.287,5687
 4044,36691.457,12.294,5687
 4045,36702.961,11.502,5687
 4046,36714.566,11.604,5687
 4047,36725.695,11.127,5687
 4048,36737.457,11.764,5687
 4049,36748.848,11.390,5687
 4050,36761.090,12.244,5687
 4051,36773.555,12.464,5687
 4052,36787.113,13.558,5687
 4053,36801.270,14.158,5687
 4054,36814.207,12.936,5687
 4055,36826.074,11.867,5687
 4056,36838.160,12.088,5687
 4057,36849.625,11.462,5687
 4058,36861.746,12.121,5687
 4059,36874.406,12.661,5687
 4060,36887.996,13.593,5687
 4061,36900.641,12.644,5687
 4062,36912.777,12.133,5687
 4063,36925.184,12.405,5687
 4064,36938.637,13.457,5687
 4065,36951.336,12.698,5687
 4066,36964.984,13.649,5687
 4067,36977.523,12.538,5687
 4068,36990.246,12.723,5687
 4069,37003.563,13.314,5687
 4070,37016.848,13.285,5687
 4071,37029.758,12.913,5687
 4072,37044.426,14.669,5687
 4073,37058.434,14.009,5687
 4074,37073.152,14.716,5687
 4075,37086.973,13.821,5687
 4076,37101.160,14.190,5687
 4077,37115.891,14.728,5687
 4078,37131.129,15.241,5687
 4079,37146.320,15.188,5687
 4080,37159.441,13.122,5687
 4081,37172.582,13.140,5687
 4082,37185.602,13.021,5687
 4083,37199.746,14.142,5687
 4084,37212.797,13.053,5687
 4085,37225.141,12.345,5687
 4086,37238.031,12.886,5687
 4087,37250.145,12.116,5687
 4088,37262.348,12.199,5687
 4089,37274.523,12.179,5687
 4090,37287.492,12.971,5687
 4091,37299.539,12.042,5687
 4092,37312.457,12.923,5687
 4093,37325.523,13.065,5687
 4094,37338.688,13.163,5687
 4095,37350.121,11.435,5687
 4096,37362.242,12.121,5687
 4097,37374.336,12.095,5687
 4098,37386.988,12.651,5687
 4099,37399.715,12.726,5687
 4100,37411.551,11.834,5687
 4101,37423.770,12.221,5687
 4102,37436.195,12.425,5687
 4103,37448.020,11.821,5687
 4104,37460.371,12.355,5687
 4105,37472.672,12.302,5687
 4106,37484.828,12.158,5687
 4107,37497.496,12.666,5687
 4108,37509.930,12.431,5687
 4109,37522.203,12.275,5687
 4110,37535.215,13.012,5687
 4111,37547.387,12.173,5687
 4112,37560.875,13.486,5687
 4113,37572.969,12.094,5687
 4114,37585.816,12.849,5687
 4115,37600.488,14.672,5687
 4116,37612.824,12.337,5687
 4117,37627.473,14.649,5687
 4118,37641.520,14.043,5687
 4119,37655.750,14.231,5687
 4120,37668.973,13.226,5687
 4121,37681.863,12.888,5687
 4122,37695.117,13.256,5687
 4123,37708.863,13.742,5687
 4124,37720.992,12.131,5687
 4125,37733.871,12.878,5687
 4126,37747.734,13.864,5687
 4127,37761.168,13.436,5687
 4128,37774.160,12.994,5687
 4129,37786.953,12.789,5687
 4130,37801.398,14.446,5687
 4131,37814.441,13.042,5687
 4132,37826.809,12.367,5687
 4133,37838.871,12.061,5687
 4134,37851.402,12.535,5687
 4135,37863.691,12.284,5687
 4136,37876.313,12.628,5687
 4137,37888.816,12.503,5687
 4138,37900.375,11.556,5687
 4139,37911.500,11.128,5687
 4140,37924.027,12.524,5687
 4141,37936.441,12.413,5687
 4142,37948.629,12.190,5687
 4143,37961.371,12.740,5687
 4144,37973.961,12.592,5687
 4145,37986.883,12.919,5687
 4146,37999.387,12.503,5687
 4147,38013.145,13.764,5687
 4148,38026.754,13.608,5687
 4149,38039.363,12.607,5687
 4150,38050.672,11.313,5687
 4151,38063.156,12.481,5687
 4152,38075.219,12.063,5687
 4153,38087.328,12.110,5687
 4154,38100.188,12.855,5687
 4155,38112.063,11.877,5687
 4156,38123.785,11.723,5687
 4157,38135.609,11.827,5687
 4158,38147.641,12.029,5687
 4159,38159.266,11.623,5687
 4160,38171.797,12.534,5687
 4161,38183.859,12.062,5687
 4162,38196.926,13.066,5687
 4163,38209.250,12.322,5687
 4164,38221.133,11.887,5687
 4165,38234.922,13.787,5687
 4166,38248.621,13.701,5687
 4167,38261.367,12.744,5687
 4168,38275.043,13.675,5687
 4169,38288.293,13.251,5687
 4170,38300.918,12.626,5687
 4171,38313.875,12.953,5687
 4172,38326.484,12.615,5687
 4173,38340.367,13.879,5687
 4174,38353.109,12.743,5687
 4175,38366.707,13.596,5687
 4176,38379.957,13.253,5687
 4177,38394.387,14.427,5687
 4178,38408.215,13.828,5687
 4179,38421.207,12.994,5687
 4180,38433.207,11.998,5687
 4181,38445.406,12.201,5687
 4182,38458.563,13.156,5687
 4183,38470.477,11.916,5687
 4184,38482.613,12.135,5687
 4185,38495.375,12.760,5687
 4186,38507.949,12.577,5687
 4187,38519.918,11.968,5687
 4188,38532.371,12.453,5687
 4189,38545.473,13.104,5687
 4190,38558.016,12.539,5687
 4191,38570.770,12.755,5687
 4192,38583.594,12.823,5687
 4193,38595.645,12.055,5687
 4194,38607.824,12.181,5687
 4195,38619.949,12.121,5687
 4196,38631.730,11.782,5687
 4197,38643.535,11.803,5687
 4198,38655.188,11.650,5687
 4199,38667.473,12.288,5687
 4200,38679.430,11.958,5687
 4201,38691.176,11.743,5687
 4202,38704.168,12.999,5687
 4203,38716.059,11.885,5687
 4204,38728.066,12.007,5687
 4205,38739.707,11.643,5687
 4206,38752.086,12.379,5687
 4207,38763.922,11.835,5687
 4208,38776.145,12.223,5687
 4209,38788.621,12.479,5687
 4210,38801.926,13.303,5687
 4211,38814.977,13.051,5687
 4212,38827.270,12.294,5687
 4213,38840.328,13.061,5687
 4214,38852.590,12.259,5687
 4215,38864.590,12.000,5687
 4216,38876.875,12.283,5687
 4217,38888.523,11.647,5687
 4218,38900.957,12.437,5687
 4219,38913.934,12.977,5687
 4220,38925.961,12.025,5687
 4221,38938.359,12.398,5687
 4222,38950.680,12.320,5687
 4223,38962.953,12.278,5687
 4224,38975.313,12.360,5687
 4225,38987.805,12.491,5687
 4226,38999.734,11.926,5687
 4227,39012.426,12.692,5687
 4228,39025.535,13.109,5687
 4229,39038.691,13.157,5687
 4230,39051.621,12.931,5687
 4231,39064.207,12.584,5687
 4232,39077.191,12.985,5687
 4233,39090.070,12.879,5687
 4234,39102.527,12.455,5687
 4235,39115.191,12.664,5687
 4236,39129.094,13.905,5687
 4237,39142.453,13.360,5687
 4238,39156.355,13.899,5687
 4239,39170.191,13.838,5687
 4240,39182.668,12.480,5687
 4241,39195.129,12.460,5687
 4242,39210.090,14.957,5687
 4243,39222.629,12.543,5687
 4244,39235.992,13.361,5687
 4245,39248.039,12.046,5687
 4246,39261.305,13.268,5687
 4247,39274.336,13.031,5687
 4248,39288.789,14.452,5687
 4249,39302.113,13.326,5687
 4250,39315.488,13.374,5687
 4251,39328.523,13.031,5687
 4252,39343.027,14.506,5687
 4253,39355.879,12.851,5687
 4254,39368.602,12.727,5687
 4255,39380.516,11.912,5687
 4256,39392.457,11.940,5687
 4257,39404.145,11.689,5687
 4258,39416.363,12.218,5687
 4259,39428.008,11.643,5687
 4260,39440.020,12.013,5687
 4261,39452.531,12.513,5687
 4262,39464.785,12.256,5687
 4263,39476.805,12.019,5687
 4264,39488.711,11.902,5687
 4265,39500.277,11.569,5687
 4266,39512.965,12.688,5687
 4267,39524.781,11.815,5687
 4268,39538.063,13.280,5687
 4269,39550.227,12.165,5687
 4270,39563.406,13.180,5687
 4271,39575.910,12.503,5687
 4272,39588.887,12.976,5687
 4273,39602.848,13.962,5687
 4274,39616.059,13.213,5687
 4275,39628.563,12.501,5687
 4276,39640.434,11.875,5687
 4277,39652.859,12.420,5687
 4278,39665.402,12.548,5687
 4279,39677.895,12.491,5687
 4280,39690.090,12.196,5687
 4281,39701.941,11.852,5687
 4282,39714.426,12.485,5687
 4283,39726.605,12.179,5687
 4284,39740.688,14.080,5687
 4285,39753.906,13.220,5687
 4286,39769.289,15.382,5687
 4287,39782.578,13.290,5687
 4288,39796.641,14.064,5687
 4289,39809.676,13.031,5687
 4290,39821.750,12.075,5687
 4291,39834.484,12.738,5687
 4292,39847.477,12.991,5687
 4293,39859.711,12.231,5687
 4294,39872.227,12.517,5687
 4295,39885.355,13.126,5687
 4296,39898.637,13.287,5687
 4297,39911.516,12.876,5687
 4298,39924.180,12.661,5687
 4299,39936.105,11.928,5687
 4300,39948.141,12.037,5687
 4301,39959.531,11.387,5687
 4302,39972.188,12.658,5687
 4303,39984.449,12.263,5687
 4304,39997.418,12.970,5687
 4305,40010.883,13.464,5687
 4306,40024.066,13.184,5687
 4307,40037.184,13.115,5687
 4308,40049.730,12.546,5687
 4309,40061.703,11.973,5687
 4310,40073.930,12.231,5687
 4311,40087.141,13.209,5687
 4312,40098.938,11.798,5687
 4313,40110.867,11.925,5687
 4314,40123.230,12.366,5687
 4315,40135.258,12.026,5687
 4316,40147.434,12.179,5687
 4317,40159.484,12.050,5687
 4318,40171.363,11.877,5687
 4319,40183.906,12.543,5687
 4320,40196.613,12.708,5687
 4321,40208.996,12.386,5687
 4322,40222.012,13.009,5687
 4323,40234.453,12.446,5687
 4324,40246.875,12.419,5687
 4325,40259.621,12.748,5687
 4326,40273.969,14.348,5621
 4327,40286.422,12.452,5621
 4328,40298.633,12.215,5621
 4329,40311.234,12.598,5621
 4330,40324.715,13.479,5621
 4331,40334.555, 9.840,5621
 4332,40344.465, 9.914,5621
 4333,40353.516, 9.047,5621
 4334,40362.656, 9.144,5621
 4335,40371.531, 8.871,5621
 4336,40378.879, 7.349,5621
 4337,40389.281,10.402,5621
 4338,40398.449, 9.169,5621
 4339,40408.992,10.543,5621
 4340,40416.859, 7.868,5621
 4341,40427.988,11.130,5621
 4342,40439.695,11.703,5621
 4343,40451.469,11.776,5621
 4344,40463.203,11.731,5621
 4345,40471.559, 8.358,5621
 4346,40485.734,14.176,5621
 4347,40501.059,15.324,5621
 4348,40515.688,14.627,5621
 4349,40521.824, 6.143,5621
 4350,40529.000, 7.173,5621
 4351,40535.250, 6.251,5621
 4352,40550.656,15.406,5621
 4353,40557.648, 6.991,5621
 4354,40565.156, 7.509,5621
 4355,40572.484, 7.328,5621
 4356,40580.652, 8.169,5621
 4357,40588.480, 7.825,5621
 4358,40596.688, 8.207,5621
 4359,40604.316, 7.631,5621
 4360,40612.473, 8.154,5621
 4361,40619.402, 6.932,5621
 4362,40626.824, 7.422,5621
 4363,40635.953, 9.127,5621
 4364,40651.078,15.126,5621
 4365,40666.578,15.500,5621
 4366,40679.523,12.942,5621
 4367,40690.594,11.074,5621
 4368,40696.832, 6.240,5621
 4369,40705.219, 8.381,5621
 4370,40713.145, 7.928,5621
 4371,40720.137, 6.994,5621
 4372,40727.965, 7.827,5621
 4373,40739.285,11.320,5621
 4374,40752.055,12.768,5621
 4375,40763.492,11.440,5621
 4376,40773.898,10.405,5621
 4377,40784.109,10.211,5621
 4378,40794.414,10.305,5621
 4379,40803.164, 8.751,5621
 4380,40813.969,10.805,5621
 4381,40823.215, 9.244,5621
 4382,40832.629, 9.416,5621
 4383,40843.922,11.290,5621
 4384,40854.313,10.392,5621
 4385,40863.855, 9.541,5621
 4386,40872.723, 8.870,5621
 4387,40881.199, 8.474,5621
 4388,40889.770, 8.572,5621
 4389,40899.750, 9.982,5621
 4390,40909.742, 9.992,5621
 4391,40919.980,10.239,5621
 4392,40929.789, 9.808,5621
 4393,40942.457,12.667,5621
 4394,40954.699,12.241,5621
 4395,40966.930,12.230,5621
 4396,40983.180,16.250,5621
 4397,40993.441,10.263,5621
 4398,41002.641, 9.203,5621
 4399,41013.461,10.819,5621
 4400,41023.160, 9.697,5621
 4401,41032.277, 9.119,5621
 4402,41039.141, 6.864,5621
 4403,41046.371, 7.226,5621
 4404,41055.898, 9.528,5621
 4405,41069.355,13.459,5621
 4406,41080.813,11.457,5621
 4407,41091.770,10.957,5621
 4408,41101.191, 9.421,5621
 4409,41112.570,11.378,5589
 4410,41130.539,17.969,5605
 4411,41142.875,12.334,5605
 4412,41152.391, 9.518,5605
 4413,41166.047,13.657,5605
 4414,41179.680,13.631,5605
 4415,41192.316,12.640,5605
 4416,41209.316,16.999,5605
 4417,41218.363, 9.047,5605
 4418,41226.648, 8.288,5605
 4419,41235.813, 9.161,5605
 4420,41244.770, 8.955,5605
 4421,41253.602, 8.834,5605
 4422,41262.320, 8.718,5605
 4423,41274.117,11.797,5605
 4424,41281.801, 7.684,5605
 4425,41288.957, 7.158,5605
 4426,41295.992, 7.037,5605
 4427,41303.809, 7.815,5605
 4428,41312.977, 9.169,5605
 4429,41325.207,12.226,5605
 4430,41337.188,11.979,5605
 4431,41348.824,11.641,5605
 4432,41363.449,14.622,5637
 4433,41372.250, 8.800,5637
 4434,41381.855, 9.606,5637
 4435,41391.266, 9.414,5637
 4436,41400.172, 8.902,5637
 4437,41408.211, 8.042,5637
 4438,41416.930, 8.718,5637
 4439,41424.871, 7.939,5637
 4440,41463.461,38.592,5653
 4441,41472.063, 8.601,5653
 4442,41482.035, 9.973,5653
 4443,41496.129,14.093,5653
 4444,41504.367, 8.237,5653
 4445,41515.848,11.481,5653
 4446,41525.211, 9.364,5653
 4447,41534.043, 8.830,5653
 4448,41542.262, 8.222,5669
 4449,41549.805, 7.545,5669
 4450,41558.348, 8.541,5669
 4451,41570.789,12.443,5669
 4452,41581.234,10.441,5669
 4453,41591.711,10.478,5669
 4454,41601.688, 9.975,5669
 4455,41609.473, 7.789,5685
 4456,41618.359, 8.885,5685
 4457,41627.688, 9.328,5685
 4458,41639.348,11.660,5685
 4459,41652.844,13.494,5685
 4460,41660.746, 7.903,5685
 4461,41668.188, 7.441,5685
 4462,41675.746, 7.560,5685
 4463,41683.074, 7.331,5685
 4464,41694.707,11.631,5685
 4465,41700.934, 6.227,5685
 4466,41711.793,10.859,5685
 4467,41719.777, 7.984,5685
 4468,41726.535, 6.758,5685
 4469,41733.746, 7.212,5685
 4470,41740.508, 6.757,5685
 4471,41747.059, 6.553,5685
 4472,41754.270, 7.213,5685
 4473,41762.367, 8.096,5685
 4474,41769.984, 7.620,5685
 4475,41779.023, 9.035,5685
 4476,41788.926, 9.904,5685
 4477,41799.762,10.839,5685
 4478,41808.098, 8.336,5685
 4479,41815.797, 7.699,5685
 4480,41824.547, 8.745,5685
 4481,41833.105, 8.563,5685
 4482,41843.398,10.291,5685
 4483,41857.809,14.412,5685
 4484,41867.441, 9.633,5685
 4485,41879.285,11.844,5685
 4486,41890.938,11.649,5685
 4487,41903.621,12.687,5685
 4488,41915.109,11.488,5685
 4489,41924.555, 9.445,5685
 4490,41931.910, 7.353,5685
 4491,41939.230, 7.322,5685
 4492,41948.188, 8.955,5685
 4493,41962.754,14.566,5685
 4494,41971.051, 8.296,5685
 4495,41980.953, 9.908,5685
 4496,41989.441, 8.487,5685
 4497,41999.117, 9.674,5685
 4498,42010.746,11.631,5685
 4499,42022.129,11.382,5685
 4500,42031.586, 9.454,5685
 4501,42038.805, 7.221,5685
 4502,42045.660, 6.857,5685
 4503,42052.570, 6.908,5685
 4504,42058.563, 5.991,5685
 4505,42065.371, 6.811,5685
 4506,42072.211, 6.840,5685
 4507,42083.375,11.162,5685
 4508,42093.391,10.017,5685
 4509,42105.457,12.065,5685
 4510,42114.082, 8.625,5685
 4511,42121.480, 7.399,5685
 4512,42129.445, 7.966,5685
 4513,42136.676, 7.226,5685
 4514,42144.180, 7.508,5685
 4515,42151.508, 7.325,5685
 4516,42160.309, 8.806,5685
 4517,42169.555, 9.242,5685
 4518,42177.707, 8.155,5685
 4519,42186.176, 8.467,5685
 4520,42196.539,10.362,5685
 4521,42204.324, 7.790,5685
 4522,42212.516, 8.185,5685
 4523,42221.035, 8.522,5685
 4524,42228.957, 7.925,5685
 4525,42258.242,29.283,5685
 4526,42270.637,12.396,5685
 4527,42278.418, 7.780,5685
 4528,42287.676, 9.258,5685
 4529,42296.055, 8.377,5685
 4530,42302.574, 6.520,5685
 4531,42308.242, 5.668,5685
 4532,42313.914, 5.675,5685
 4533,42320.844, 6.928,5685
 4534,42326.785, 5.942,5685
 4535,42334.141, 7.357,5717
 4536,42341.984, 7.842,5717
 4537,42349.945, 7.962,5717
 4538,42357.305, 7.358,5717
 4539,42364.820, 7.517,5685
 4540,42372.746, 7.925,5685
 4541,42380.777, 8.032,5685
 4542,42387.859, 7.079,5685
 4543,42395.184, 7.323,5685
 4544,42402.809, 7.628,5685
 4545,42409.805, 6.998,5685
 4546,42416.629, 6.822,5685
 4547,42424.238, 7.609,5685
 4548,42431.383, 7.143,5685
 4549,42438.121, 6.743,5685
 4550,42446.277, 8.154,5685
 4551,42452.891, 6.611,5685
 4552,42459.980, 7.092,5685
 4553,42466.313, 6.333,5685
 4554,42473.547, 7.233,5685
 4555,42480.449, 6.901,5685
 4556,42487.594, 7.145,5685
 4557,42493.785, 6.194,5685
 4558,42499.754, 5.965,5685
 4559,42506.273, 6.523,5685
 4560,42513.699, 7.425,5685
 4561,42520.301, 6.601,5685
 4562,42526.691, 6.391,5685
 4563,42534.004, 7.311,5685
 4564,42541.008, 7.004,5685
 4565,42547.547, 6.538,5685
 4566,42554.133, 6.590,5685
 4567,42561.566, 7.431,5685
 4568,42568.582, 7.016,5685
 4569,42575.707, 7.126,5685
 4570,42581.402, 5.696,5685
 4571,42587.773, 6.370,5685
 4572,42594.203, 6.429,5685
 4573,42601.133, 6.930,5685
 4574,42607.316, 6.185,5685
 4575,42612.887, 5.569,5685
 4576,42619.559, 6.670,5685
 4577,42626.043, 6.486,5685
 4578,42631.723, 5.680,5685
 4579,42638.184, 6.459,5685
 4580,42644.137, 5.954,5685
 4581,42649.699, 5.562,5685
 4582,42656.125, 6.427,5685
 4583,42661.801, 5.677,5685
 4584,42667.379, 5.574,5685
 4585,42674.027, 6.652,5685
 4586,42682.180, 8.148,5685
 4587,42688.363, 6.187,5685
 4588,42694.563, 6.200,5685
 4589,42701.355, 6.791,5685
 4590,42707.406, 6.052,5685
 4591,42713.246, 5.841,5685
 4592,42718.941, 5.694,5685
 4593,42725.551, 6.609,5685
 4594,42731.973, 6.423,5685
 4595,42737.883, 5.907,5685
 4596,42744.121, 6.243,5685
 4597,42751.215, 7.092,5685
 4598,42757.293, 6.079,5685
 4599,42763.883, 6.588,5685
 4600,42769.563, 5.680,5685
 4601,42776.156, 6.595,5685
 4602,42782.949, 6.792,5685
 4603,42788.719, 5.770,5685
 4604,42794.566, 5.846,5685
 4605,42800.160, 5.599,5685
 4606,42806.043, 5.880,5685
 4607,42811.883, 5.840,5685
 4608,42817.676, 5.790,5685
 4609,42823.465, 5.793,5685
 4610,42830.047, 6.580,5685
 4611,42835.723, 5.675,5685
 4612,42841.488, 5.766,5685
 4613,42847.988, 6.502,5685
 4614,42854.016, 6.024,5685
 4615,42860.934, 6.920,5685
 4616,42867.324, 6.392,5685
 4617,42873.203, 5.877,5685
 4618,42878.809, 5.607,5685
 4619,42885.215, 6.405,5685
 4620,42890.781, 5.566,5685
 4621,42896.461, 5.681,5685
 4622,42902.371, 5.908,5685
 4623,42908.887, 6.515,5685
 4624,42914.598, 5.713,5685
 4625,42920.227, 5.630,5685
 4626,42926.828, 6.601,5685
 4627,42932.285, 5.456,5685
 4628,42937.719, 5.432,5685
 4629,42943.176, 5.456,5685
 4630,42948.746, 5.575,5685
 4631,42954.672, 5.922,5685
 4632,42960.586, 5.915,5685
 4633,42966.281, 5.699,5685
 4634,42971.922, 5.639,5685
 4635,42978.469, 6.547,5685
 4636,42984.402, 5.931,5685
 4637,42990.320, 5.919,5685
 4638,42996.145, 5.826,5685
 4639,43001.922, 5.777,5685
 4640,43007.762, 5.841,5685
 4641,43013.867, 6.100,5685
 4642,43020.602, 6.740,5685
 4643,43027.066, 6.464,5685
 4644,43033.789, 6.722,5685
 4645,43040.789, 7.001,5685
 4646,43046.969, 6.181,5685
 4647,43053.402, 6.428,5685
 4648,43061.016, 7.615,5685
 4649,43068.547, 7.532,5685
 4650,43075.504, 6.955,5685
 4651,43081.594, 6.092,5685
 4652,43087.648, 6.054,5685
 4653,43093.785, 6.138,5685
 4654,43100.172, 6.384,5685
 4655,43106.695, 6.523,5685
 4656,43113.707, 7.014,5685
 4657,43120.328, 6.624,5685
 4658,43126.773, 6.442,5685
 4659,43133.875, 7.102,5685
 4660,43140.594, 6.717,5685
 4661,43146.863, 6.270,5685
 4662,43153.023, 6.159,5685
 4663,43160.914, 7.892,5685
 4664,43167.266, 6.351,5685
 4665,43174.281, 7.020,5685
 4666,43181.305, 7.020,5685
 4667,43187.152, 5.851,5685
 4668,43192.711, 5.556,5685
 4669,43198.539, 5.825,5685
 4670,43205.027, 6.491,5685
 4671,43210.707, 5.681,5685
 4672,43216.563, 5.852,5685
 4673,43222.414, 5.853,5685
 4674,43228.766, 6.353,5685
 4675,43234.617, 5.852,5685
 4676,43240.355, 5.737,5685
 4677,43246.082, 5.727,5685
 4678,43252.020, 5.937,5685
 4679,43257.699, 5.681,5685
 4680,43263.410, 5.710,5685
 4681,43269.957, 6.548,5685
 4682,43276.355, 6.394,5685
 4683,43283.027, 6.676,5685
 4684,43288.895, 5.866,5685
 4685,43295.043, 6.150,5685
 4686,43300.773, 5.729,5685
 4687,43306.508, 5.731,5685
 4688,43312.816, 6.316,5685
 4689,43318.668, 5.844,5685
 4690,43324.379, 5.714,5685
 4691,43330.793, 6.414,5685
 4692,43336.434, 5.644,5685
 4693,43342.391, 5.955,5685
 4694,43348.195, 5.803,5685
 4695,43353.910, 5.717,5685
 4696,43359.578, 5.669,5685
 4697,43365.289, 5.709,5685
 4698,43371.098, 5.811,5685
 4699,43377.066, 5.965,5685
 4700,43383.375, 6.308,5685
 4701,43389.133, 5.760,5685
 4702,43395.012, 5.878,5685
 4703,43401.398, 6.386,5685
 4704,43407.152, 5.756,5685
 4705,43413.648, 6.495,5685
 4706,43420.188, 6.537,5685
 4707,43427.113, 6.930,5685
 4708,43433.020, 5.901,5685
 4709,43440.270, 7.255,5685
 4710,43447.242, 6.969,5685
 4711,43453.523, 6.282,5685
 4712,43459.625, 6.105,5685
 4713,43465.566, 5.938,5685
 4714,43472.020, 6.452,5685
 4715,43477.887, 5.868,5685
 4716,43484.000, 6.112,5685
 4717,43490.078, 6.081,5685
 4718,43495.898, 5.819,5685
 4719,43501.723, 5.824,5685
 4720,43507.637, 5.917,5685
 4721,43514.152, 6.514,5685
 4722,43520.070, 5.918,5685
 4723,43526.094, 6.023,5685
 4724,43532.027, 5.933,5685
 4725,43538.379, 6.353,5685
 4726,43544.555, 6.176,5685
 4727,43550.809, 6.255,5685
 4728,43557.070, 6.261,5685
 4729,43564.629, 7.560,5685
 4730,43570.738, 6.105,5685
 4731,43577.461, 6.726,5685
 4732,43583.348, 5.885,5685
 4733,43590.426, 7.080,5685
 4734,43596.961, 6.537,5685
 4735,43603.449, 6.486,5685
 4736,43609.746, 6.297,5685
 4737,43616.473, 6.725,5685
 4738,43622.773, 6.301,5685
 4739,43629.090, 6.318,5685
 4740,43635.305, 6.215,5685
 4741,43642.094, 6.787,5685
 4742,43649.203, 7.108,5685
 4743,43655.574, 6.373,5685
 4744,43662.488, 6.914,5685
 4745,43669.949, 7.462,5685
 4746,43676.871, 6.920,5685
 4747,43683.359, 6.489,5685
 4748,43689.480, 6.121,5685
 4749,43696.184, 6.702,5685
 4750,43702.621, 6.441,5685
 4751,43708.809, 6.189,5685
 4752,43715.801, 6.990,5685
 4753,43722.020, 6.215,5685
 4754,43728.223, 6.206,5685
 4755,43734.363, 6.140,5685
 4756,43740.988, 6.626,5685
 4757,43747.340, 6.350,5685
 4758,43754.020, 6.678,5685
 4759,43761.367, 7.350,5685
 4760,43767.707, 6.337,5685
 4761,43774.008, 6.303,5685
 4762,43780.551, 6.542,5685
 4763,43786.773, 6.226,5685
 4764,43793.270, 6.495,5685
 4765,43800.301, 7.031,5685
 4766,43807.391, 7.090,5685
 4767,43814.418, 7.026,5685
 4768,43821.801, 7.383,5685
 4769,43829.625, 7.826,5685
 4770,43836.215, 6.587,5685
 4771,43842.793, 6.583,5685
 4772,43848.625, 5.828,5685
 4773,43854.656, 6.035,5685
 4774,43860.402, 5.745,5685
 4775,43866.289, 5.887,5685
 4776,43872.211, 5.920,5685
 4777,43877.957, 5.746,5685
 4778,43883.777, 5.819,5685
 4779,43889.656, 5.884,5685
 4780,43895.484, 5.825,5685
 4781,43901.633, 6.149,5685
 4782,43908.055, 6.419,5685
 4783,43914.020, 5.967,5685
 4784,43920.023, 6.001,5685
 4785,43926.074, 6.055,5685
 4786,43932.934, 6.858,5685
 4787,43938.945, 6.010,5685
 4788,43945.777, 6.834,5685
 4789,43952.648, 6.872,5685
 4790,43958.555, 5.906,5685
 4791,43964.816, 6.263,5685
 4792,43970.656, 5.837,5685
 4793,43977.246, 6.591,5685
 4794,43983.871, 6.622,5685
 4795,43990.059, 6.190,5685
 4796,43995.895, 5.835,5685
 4797,44001.555, 5.662,5685
 4798,44007.570, 6.013,5685
 4799,44014.781, 7.212,5685
 4800,44020.961, 6.179,5685
 4801,44026.922, 5.960,5685
 4802,44032.746, 5.825,5685
 4803,44039.324, 6.582,5685
 4804,44045.113, 5.786,5685
 4805,44050.801, 5.687,5685
 4806,44056.707, 5.906,5685
 4807,44062.457, 5.752,5685
 4808,44069.020, 6.562,5685
 4809,44074.715, 5.696,5685
 4810,44080.648, 5.934,5685
 4811,44086.398, 5.749,5685
 4812,44092.203, 5.801,5685
 4813,44098.859, 6.659,5685
 4814,44104.859, 5.998,5685
 4815,44110.641, 5.787,5685
 4816,44116.773, 6.131,5685
 4817,44122.895, 6.120,5685
 4818,44128.863, 5.967,5685
 4819,44134.895, 6.033,5685
 4820,44141.094, 6.198,5685
 4821,44146.957, 5.864,5685
 4822,44153.656, 6.699,5685
 4823,44159.309, 5.655,5685
 4824,44165.137, 5.829,5685
 4825,44171.262, 6.123,5685
 4826,44176.965, 5.702,5685
 4827,44183.891, 6.924,5685
 4828,44189.738, 5.850,5685
 4829,44195.945, 6.209,5685
 4830,44203.859, 7.911,5685
 4831,44212.016, 8.155,5685
 4832,44219.773, 7.760,5685
 4833,44226.641, 6.870,5685
 4834,44232.738, 6.094,5685
 4835,44238.938, 6.202,5685
 4836,44244.898, 5.957,5685
 4837,44250.945, 6.051,5685
 4838,44256.852, 5.903,5685
 4839,44262.738, 5.887,5685
 4840,44268.680, 5.941,5685
 4841,44274.520, 5.840,5685
 4842,44280.926, 6.406,5685
 4843,44288.066, 7.141,5685
 4844,44295.883, 7.817,5685
 4845,44302.230, 6.346,5685
 4846,44310.699, 8.467,5685
 4847,44318.203, 7.506,5685
 4848,44326.027, 7.823,5685
 4849,44333.641, 7.615,5685
 4850,44340.523, 6.880,5685
 4851,44348.324, 7.805,5685
 4852,44355.586, 7.263,5685
 4853,44362.355, 6.765,5685
 4854,44370.008, 7.654,5685
 4855,44377.020, 7.012,5685
 4856,44383.629, 6.611,5685
 4857,44391.137, 7.506,5685
 4858,44398.898, 7.763,5685
 4859,44406.207, 7.306,5685
 4860,44412.902, 6.696,5685
 4861,44419.676, 6.771,5685
 4862,44426.891, 7.219,5685
 4863,44434.398, 7.506,5685
 4864,44441.887, 7.489,5685
 4865,44448.797, 6.913,5685
 4866,44456.215, 7.416,5685
 4867,44463.492, 7.278,5685
 4868,44470.195, 6.700,5685
 4869,44477.305, 7.112,5685
 4870,44485.059, 7.753,5685
 4871,44491.668, 6.606,5685
 4872,44498.887, 7.222,5685
 4873,44506.523, 7.634,5685
 4874,44514.957, 8.437,5685
 4875,44521.563, 6.606,5685
 4876,44529.004, 7.438,5685
 4877,44536.625, 7.627,5685
 4878,44545.602, 8.973,5685
 4879,44554.195, 8.595,5685
 4880,44560.383, 6.185,5685
 4881,44566.648, 6.267,5685
 4882,44574.434, 7.785,5685
 4883,44580.727, 6.292,5685
 4884,44587.121, 6.398,5685
 4885,44592.992, 5.869,5685
 4886,44600.637, 7.645,5685
 4887,44609.074, 8.439,5685
 4888,44616.785, 7.708,5685
 4889,44623.281, 6.496,5685
 4890,44631.219, 7.939,5685
 4891,44637.754, 6.536,5685
 4892,44643.848, 6.091,5685
 4893,44650.063, 6.217,5685
 4894,44657.348, 7.285,5685
 4895,44663.930, 6.582,5685
 4896,44671.090, 7.158,5685
 4897,44677.590, 6.503,5685
 4898,44684.020, 6.429,5685
 4899,44691.457, 7.440,5685
 4900,44697.859, 6.398,5685
 4901,44704.578, 6.722,5685
 4902,44710.523, 5.942,5685
 4903,44717.941, 7.421,5685
 4904,44725.090, 7.148,5685
 4905,44731.883, 6.789,5685
 4906,44738.016, 6.133,5685
 4907,44743.953, 5.943,5685
 4908,44750.535, 6.577,5685
 4909,44757.012, 6.475,5685
 4910,44763.141, 6.134,5685
 4911,44769.949, 6.807,5685
 4912,44776.516, 6.567,5685
 4913,44784.117, 7.603,5685
 4914,44790.398, 6.279,5685
 4915,44796.773, 6.375,5685
 4916,44802.551, 5.777,5685
 4917,44810.707, 8.158,5685
 4918,44817.227, 6.518,5685
 4919,44825.051, 7.826,5685
 4920,44831.340, 6.288,5685
 4921,44838.133, 6.795,5685
 4922,44845.098, 6.962,5685
 4923,44851.582, 6.484,5685
 4924,44857.898, 6.319,5685
 4925,44864.246, 6.346,5685
 4926,44870.906, 6.660,5685
 4927,44876.664, 5.755,5685
 4928,44883.180, 6.518,5685
 4929,44889.930, 6.753,5685
 4930,44896.152, 6.222,5685
 4931,44903.738, 7.583,5685
 4932,44909.934, 6.198,5685
 4933,44916.043, 6.106,5685
 4934,44922.164, 6.122,5685
 4935,44929.773, 7.612,5685
 4936,44936.184, 6.406,5685
 4937,44942.836, 6.655,5685
 4938,44949.082, 6.244,5685
 4939,44955.723, 6.640,5685
 4940,44963.125, 7.407,5685
 4941,44970.098, 6.971,5685
 4942,44976.688, 6.587,5685
 4943,44983.246, 6.562,5685
 4944,44991.461, 8.214,5685
 4945,44999.305, 7.844,5685
 4946,45006.438, 7.132,5685
 4947,45012.605, 6.169,5685
 4948,45020.016, 7.407,5685
 4949,45026.711, 6.696,5685
 4950,45033.703, 6.993,5685
 4951,45040.395, 6.693,5685
 4952,45047.957, 7.563,5685
 4953,45054.637, 6.679,5685
 4954,45062.109, 7.472,5685
 4955,45069.824, 7.718,5685
 4956,45077.266, 7.439,5685
 4957,45083.820, 6.555,5685
 4958,45090.957, 7.137,5685
 4959,45098.395, 7.438,5685
 4960,45107.406, 9.011,5685
 4961,45115.133, 7.728,5685
 4962,45122.035, 6.900,5685
 4963,45128.758, 6.723,5685
 4964,45137.188, 8.430,5685
 4965,45145.555, 8.364,5685
 4966,45152.906, 7.354,5685
 4967,45160.262, 7.355,5685
 4968,45168.191, 7.928,5685
 4969,45174.965, 6.776,5685
 4970,45182.586, 7.623,5685
 4971,45190.547, 7.959,5685
 4972,45198.480, 7.934,5685
 4973,45205.906, 7.425,5685
 4974,45213.332, 7.426,5685
 4975,45220.680, 7.345,5685
 4976,45228.551, 7.873,5685
 4977,45235.668, 7.116,5685
 4978,45242.816, 7.153,5685
 4979,45250.445, 7.626,5685
 4980,45258.629, 8.184,5685
 4981,45266.180, 7.548,5685
 4982,45272.844, 6.667,5685
 4983,45280.320, 7.477,5685
 4984,45287.531, 7.211,5685
 4985,45294.898, 7.364,5685
 4986,45301.129, 6.233,5685
 4987,45307.594, 6.467,5685
 4988,45314.340, 6.740,5685
 4989,45322.008, 7.669,5685
 4990,45329.285, 7.280,5685
 4991,45336.949, 7.665,5685
 4992,45344.395, 7.446,5685
 4993,45352.363, 7.967,5685
 4994,45359.434, 7.070,5685
 4995,45366.371, 6.938,5685
 4996,45373.004, 6.632,5685
 4997,45381.711, 8.706,5685
 4998,45391.043, 9.335,5685
 4999,45398.426, 7.382,5685
 5000,45405.984, 7.561,5685
 5001,45414.555, 8.566,5685
 5002,45421.941, 7.388,5685
 5003,45429.379, 7.437,5685
 5004,45435.770, 6.393,5685
 5005,45443.426, 7.657,5685
 5006,45450.602, 7.175,5685
 5007,45457.234, 6.633,5685
 5008,45463.680, 6.441,5685
 5009,45470.488, 6.813,5685
 5010,45477.895, 7.404,5685
 5011,45485.133, 7.241,5685
 5012,45491.680, 6.542,5685
 5013,45499.066, 7.391,5685
 5014,45507.207, 8.137,5685
 5015,45514.137, 6.934,5685
 5016,45520.578, 6.438,5685
 5017,45527.059, 6.482,5685
 5018,45534.289, 7.233,5685
 5019,45540.965, 6.675,5685
 5020,45548.051, 7.085,5685
 5021,45555.508, 7.454,5685
 5022,45562.840, 7.333,5685
 5023,45569.082, 6.245,5685
 5024,45576.152, 7.068,5685
 5025,45582.523, 6.370,5685
 5026,45590.098, 7.574,5685
 5027,45596.547, 6.452,5685
 5028,45603.500, 6.950,5685
 5029,45609.543, 6.045,5685
 5030,45616.758, 7.214,5685
 5031,45624.703, 7.946,5685
 5032,45631.633, 6.933,5685
 5033,45638.430, 6.793,5685
 5034,45645.031, 6.602,5685
 5035,45651.934, 6.902,5685
 5036,45659.074, 7.140,5685
 5037,45665.965, 6.893,5685
 5038,45672.016, 6.049,5685
 5039,45678.738, 6.721,5685
 5040,45686.555, 7.818,5685
 5041,45693.352, 6.797,5685
 5042,45699.797, 6.446,5685
 5043,45707.293, 7.496,5685
 5044,45716.059, 8.763,5685
 5045,45722.508, 6.450,5685
 5046,45730.355, 7.850,5685
 5047,45736.805, 6.450,5685
 5048,45744.773, 7.968,5685
 5049,45751.793, 7.021,5685
 5050,45759.461, 7.666,5685
 5051,45767.766, 8.306,5685
 5052,45776.836, 9.067,5685
 5053,45786.488, 9.655,5685
 5054,45794.719, 8.229,5685
 5055,45803.141, 8.425,5685
 5056,45810.418, 7.275,5685
 5057,45817.844, 7.422,5685
 5058,45825.098, 7.258,5685
 5059,45833.137, 8.042,5685
 5060,45841.023, 7.881,5685
 5061,45847.766, 6.746,5685
 5062,45854.648, 6.885,5685
 5063,45862.648, 8.000,5685
 5064,45871.539, 8.887,5685
 5065,45879.199, 7.660,5685
 5066,45887.438, 8.238,5685
 5067,45895.594, 8.156,5685
 5068,45905.348, 9.751,5685
 5069,45913.898, 8.556,5685
 5070,45922.426, 8.524,5685
 5071,45930.320, 7.898,5685
 5072,45937.793, 7.470,5685
 5073,45944.285, 6.493,5685
 5074,45951.699, 7.414,5685
 5075,45958.195, 6.497,5685
 5076,45964.832, 6.633,5685
 5077,45971.434, 6.605,5685
 5078,45978.465, 7.030,5685
 5079,45985.977, 7.514,5685
 5080,45992.305, 6.327,5685
 5081,45999.289, 6.983,5685
 5082,46005.961, 6.672,5685
 5083,46012.570, 6.609,5685
 5084,46019.535, 6.965,5685
 5085,46026.457, 6.925,5685
 5086,46032.906, 6.446,5685
 5087,46039.414, 6.510,5685
 5088,46046.555, 7.140,5685
 5089,46053.234, 6.680,5685
 5090,46059.664, 6.428,5685
 5091,46067.957, 8.296,5685
 5092,46075.602, 7.642,5685
 5093,46082.008, 6.405,5685
 5094,46088.434, 6.430,5685
 5095,46094.914, 6.480,5685
 5096,46102.012, 7.094,5685
 5097,46109.004, 6.991,5685
 5098,46116.977, 7.979,5685
 5099,46123.664, 6.682,5685
 5100,46130.141, 6.479,5685
 5101,46137.203, 7.063,5685
 5102,46144.949, 7.746,5685
 5103,46152.043, 7.091,5685
 5104,46158.523, 6.479,5685
 5105,46167.375, 8.855,5685
 5106,46176.336, 8.960,5685
 5107,46185.012, 8.674,5685
 5108,46192.445, 7.437,5685
 5109,46200.051, 7.605,5685
 5110,46207.125, 7.075,5685
 5111,46214.422, 7.297,5685
 5112,46221.348, 6.921,5685
 5113,46229.238, 7.894,5685
 5114,46236.074, 6.837,5685
 5115,46242.586, 6.513,5685
 5116,46249.250, 6.664,5685
 5117,46257.035, 7.781,5685
 5118,46264.141, 7.109,5685
 5119,46270.379, 6.237,5685
 5120,46277.543, 7.162,5685
 5121,46285.465, 7.926,5685
 5122,46292.434, 6.969,5685
 5123,46299.352, 6.913,5685
 5124,46305.902, 6.554,5685
 5125,46313.004, 7.099,5685
 5126,46320.355, 7.352,5685
 5127,46328.996, 8.638,5685
 5128,46337.133, 8.142,5685
 5129,46346.195, 9.061,5685
 5130,46354.879, 8.682,5685
 5131,46362.535, 7.657,5685
 5132,46371.965, 9.431,5685
 5133,46381.758, 9.792,5685
 5134,46389.184, 7.424,5685
 5135,46397.082, 7.902,5685
 5136,46405.012, 7.927,5685
 5137,46412.746, 7.738,5685
 5138,46420.055, 7.307,5685
 5139,46426.930, 6.876,5685
 5140,46436.641, 9.710,5685
 5141,46443.512, 6.870,5685
 5142,46450.891, 7.379,5685
 5143,46458.781, 7.893,5685
 5144,46466.117, 7.335,5685
 5145,46474.305, 8.186,5685
 5146,46481.625, 7.324,5685
 5147,46490.480, 8.855,5685
 5148,46499.480, 9.000,5685
 5149,46507.289, 7.809,5685
 5150,46514.508, 7.215,5685
 5151,46522.117, 7.611,5685
 5152,46530.191, 8.071,5685
 5153,46536.770, 6.583,5685
 5154,46544.152, 7.381,5685
 5155,46551.484, 7.332,5685
 5156,46560.219, 8.735,5685
 5157,46568.125, 7.906,5685
 5158,46575.641, 7.517,5685
 5159,46582.816, 7.175,5685
 5160,46591.379, 8.560,5685
 5161,46599.348, 7.969,5685
 5162,46608.188, 8.837,5685
 5163,46616.793, 8.608,5685
 5164,46625.031, 8.237,5685
 5165,46633.715, 8.684,5685
 5166,46641.258, 7.545,5685
 5167,46648.348, 7.090,5685
 5168,46656.984, 8.636,5685
 5169,46663.906, 6.920,5685
 5170,46670.621, 6.717,5685
 5171,46679.105, 8.485,5685
 5172,46685.953, 6.850,5685
 5173,46693.164, 7.208,5685
 5174,46700.328, 7.161,5685
 5175,46707.609, 7.284,5685
 5176,46714.098, 6.490,5685
 5177,46720.539, 6.441,5685
 5178,46727.344, 6.803,5685
 5179,46735.543, 8.200,5685
 5180,46742.914, 7.370,5685
 5181,46749.762, 6.848,5685
 5182,46756.543, 6.782,5685
 5183,46764.328, 7.782,5685
 5184,46773.066, 8.740,5685
 5185,46779.203, 6.135,5685
 5186,46786.035, 6.836,5685
 5187,46792.215, 6.177,5685
 5188,46800.434, 8.223,5685
 5189,46807.480, 7.048,5685
 5190,46814.832, 7.345,5685
 5191,46821.648, 6.820,5685
 5192,46829.160, 7.509,5685
 5193,46836.305, 7.147,5685
 5194,46842.660, 6.351,5685
 5195,46849.426, 6.768,5685
 5196,46856.125, 6.702,5685
 5197,46863.535, 7.407,5685
 5198,46871.293, 7.760,5685
 5199,46877.945, 6.655,5685
 5200,46885.480, 7.535,5685
 5201,46893.145, 7.665,5685
 5202,46900.148, 7.002,5685
 5203,46908.848, 8.697,5685
 5204,46916.816, 7.969,5685
 5205,46923.418, 6.600,5685
 5206,46930.633, 7.216,5685
 5207,46938.027, 7.395,5685
 5208,46944.613, 6.588,5685
 5209,46952.719, 8.102,5685
 5210,46961.375, 8.658,5685
 5211,46970.227, 8.850,5685
 5212,46978.523, 8.297,5685
 5213,46985.539, 7.018,5685
 5214,46993.535, 7.993,5685
 5215,47000.605, 7.073,5685
 5216,47008.613, 8.007,5685
 5217,47016.145, 7.533,5685
 5218,47022.641, 6.496,5685
 5219,47029.699, 7.054,5685
 5220,47036.844, 7.144,5685
 5221,47044.242, 7.404,5685
 5222,47051.301, 7.057,5685
 5223,47058.328, 7.025,5685
 5224,47065.410, 7.082,5685
 5225,47073.160, 7.749,5685
 5226,47079.617, 6.459,5685
 5227,47086.625, 7.010,5685
 5228,47093.891, 7.266,5685
 5229,47102.480, 8.592,5685
 5230,47109.668, 7.182,5685
 5231,47116.605, 6.939,5685
 5232,47123.984, 7.383,5685
 5233,47131.832, 7.841,5685
 5234,47139.141, 7.314,5685
 5235,47146.355, 7.209,5685
 5236,47153.191, 6.838,5685
 5237,47161.176, 7.983,5685
 5238,47169.723, 8.547,5685
 5239,47177.574, 7.854,5685
 5240,47185.883, 8.310,5685
 5241,47194.570, 8.686,5685
 5242,47202.621, 8.052,5685
 5243,47209.816, 7.195,5685
 5244,47219.043, 9.227,5685
 5245,47227.012, 7.967,5685
 5246,47233.789, 6.778,5685
 5247,47240.816, 7.030,5685
 5248,47247.559, 6.738,5685
 5249,47255.781, 8.224,5685
 5250,47264.262, 8.481,5685
 5251,47271.410, 7.150,5685
 5252,47279.398, 7.986,5685
 5253,47288.227, 8.826,5685
 5254,47294.984, 6.763,5685
 5255,47302.094, 7.108,5685
 5256,47309.090, 6.994,5685
 5257,47317.391, 8.301,5685
 5258,47324.961, 7.570,5685
 5259,47332.281, 7.324,5685
 5260,47338.852, 6.565,5685
 5261,47346.410, 7.563,5685
 5262,47354.008, 7.595,5685
 5263,47362.516, 8.509,5685
 5264,47370.367, 7.849,5685
 5265,47377.297, 6.933,5685
 5266,47385.719, 8.419,5685
 5267,47393.066, 7.351,5685
 5268,47400.484, 7.418,5685
 5269,47409.465, 8.979,5685
 5270,47416.984, 7.521,5685
 5271,47425.078, 8.091,5685
 5272,47432.992, 7.912,5685
 5273,47440.836, 7.845,5685
 5274,47448.320, 7.487,5685
 5275,47455.129, 6.811,5685
 5276,47463.672, 8.539,5685
 5277,47470.660, 6.985,5685
 5278,47478.160, 7.502,5685
 5279,47485.910, 7.751,5685
 5280,47493.219, 7.309,5685
 5281,47500.176, 6.956,5685
 5282,47506.617, 6.443,5685
 5283,47515.066, 8.449,5685
 5284,47523.793, 8.726,5685
 5285,47531.059, 7.264,5685
 5286,47538.105, 7.048,5685
 5287,47545.055, 6.951,5685
 5288,47553.676, 8.620,5685
 5289,47561.117, 7.443,5685
 5290,47568.340, 7.221,5685
 5291,47575.281, 6.942,5685
 5292,47583.129, 7.847,5685
 5293,47590.832, 7.702,5685
 5294,47597.441, 6.612,5685
 5295,47604.738, 7.296,5685
 5296,47612.355, 7.615,5685
 5297,47620.043, 7.687,5685
 5298,47626.625, 6.585,5685
 5299,47634.316, 7.693,5685
 5300,47642.129, 7.814,5685
 5301,47648.594, 6.462,5685
 5302,47655.758, 7.163,5685
 5303,47662.887, 7.129,5685
 5304,47669.914, 7.027,5685
 5305,47676.828, 6.911,5685
 5306,47683.426, 6.603,5685
 5307,47689.961, 6.535,5685
 5308,47699.191, 9.228,5685
 5309,47708.109, 8.920,5685
 5310,47715.039, 6.928,5685
 5311,47723.297, 8.261,5685
 5312,47730.750, 7.452,5685
 5313,47738.984, 8.235,5685
 5314,47748.578, 9.591,5685
 5315,47757.098, 8.520,5685
 5316,47766.695, 9.596,5685
 5317,47774.188, 7.494,5685
 5318,47781.441, 7.256,5685
 5319,47791.387, 9.944,5685
 5320,47799.352, 7.963,5685
 5321,47806.180, 6.830,5685
 5322,47813.512, 7.331,5685
 5323,47822.344, 8.830,5685
 5324,47829.840, 7.498,5685
 5325,47838.285, 8.447,5685
 5326,47846.766, 8.481,5685
 5327,47855.832, 9.064,5685
 5328,47863.629, 7.800,5685
 5329,47870.754, 7.124,5685
 5330,47878.859, 8.105,5685
 5331,47887.250, 8.388,5685
 5332,47895.098, 7.849,5685
 5333,47903.090, 7.993,5685
 5334,47911.887, 8.797,5685
 5335,47919.637, 7.751,5685
 5336,47926.340, 6.700,5685
 5337,47932.922, 6.584,5685
 5338,47939.852, 6.926,5685
 5339,47948.676, 8.828,5685
 5340,47955.410, 6.734,5685
 5341,47962.324, 6.910,5685
 5342,47969.414, 7.095,5685
 5343,47978.121, 8.707,5685
 5344,47985.691, 7.568,5685
 5345,47993.180, 7.487,5685
 5346,48000.023, 6.846,5685
 5347,48007.367, 7.342,5685
 5348,48013.777, 6.412,5685
 5349,48020.793, 7.019,5685
 5350,48028.359, 7.563,5685
 5351,48036.258, 7.897,5685
 5352,48042.758, 6.503,5685
 5353,48050.391, 7.630,5685
 5354,48057.164, 6.772,5685
 5355,48064.203, 7.042,5685
 5356,48071.660, 7.457,5685
 5357,48077.910, 6.250,5685
 5358,48084.418, 6.509,5685
 5359,48091.926, 7.506,5685
 5360,48099.563, 7.639,5685
 5361,48106.789, 7.226,5685
 5362,48113.340, 6.550,5685
 5363,48119.617, 6.279,5685
 5364,48127.109, 7.490,5685
 5365,48135.387, 8.277,5685
 5366,48144.105, 8.719,5685
 5367,48154.117,10.012,5685
 5368,48161.781, 7.666,5685
 5369,48167.965, 6.183,5685
 5370,48174.754, 6.787,5685
 5371,48181.969, 7.216,5685
 5372,48189.707, 7.736,5685
 5373,48197.215, 7.509,5685
 5374,48204.379, 7.163,5685
 5375,48211.340, 6.959,5685
 5376,48220.145, 8.811,5685
 5377,48227.414, 7.267,5685
 5378,48234.375, 6.961,5685
 5379,48242.680, 8.302,5685
 5380,48250.258, 7.581,5685
 5381,48257.691, 7.434,5685
 5382,48264.426, 6.733,5685
 5383,48271.500, 7.071,5685
 5384,48279.805, 8.311,5685
 5385,48286.496, 6.687,5685
 5386,48293.500, 7.004,5685
 5387,48300.914, 7.417,5685
 5388,48308.801, 7.888,5685
 5389,48315.855, 7.050,5685
 5390,48323.039, 7.186,5685
 5391,48330.633, 7.597,5685
 5392,48339.871, 9.234,5685
 5393,48347.770, 7.900,5685
 5394,48355.195, 7.423,5685
 5395,48364.172, 8.979,5685
 5396,48372.277, 8.107,5685
 5397,48379.445, 7.167,5685
 5398,48387.770, 8.323,5685
 5399,48396.746, 8.978,5685
 5400,48404.859, 8.111,5685
 5401,48412.867, 8.007,5685
 5402,48420.617, 7.753,5685
 5403,48429.023, 8.405,5685
 5404,48436.336, 7.310,5685
 5405,48443.777, 7.445,5685
 5406,48452.586, 8.806,5685
 5407,48461.633, 9.051,5685
 5408,48468.984, 7.353,5685
 5409,48477.449, 8.461,5685
 5410,48485.785, 8.337,5685
 5411,48493.629, 7.843,5685
 5412,48501.828, 8.196,5685
 5413,48508.738, 6.915,5685
 5414,48517.004, 8.264,5685
 5415,48524.637, 7.635,5685
 5416,48532.965, 8.326,5685
 5417,48542.078, 9.112,5685
 5418,48550.996, 8.915,5685
 5419,48558.793, 7.800,5685
 5420,48568.172, 9.378,5685
 5421,48575.738, 7.569,5685
 5422,48582.906, 7.169,5685
 5423,48589.996, 7.086,5685
 5424,48596.965, 6.971,5685
 5425,48605.137, 8.173,5685
 5426,48612.184, 7.043,5685
 5427,48619.656, 7.472,5685
 5428,48626.211, 6.555,5685
 5429,48635.016, 8.805,5685
 5430,48643.273, 8.260,5685
 5431,48650.078, 6.804,5685
 5432,48657.266, 7.191,5685
 5433,48664.684, 7.415,5685
 5434,48672.633, 7.951,5685
 5435,48679.660, 7.024,5685
 5436,48686.715, 7.057,5685
 5437,48695.059, 8.345,5685
 5438,48703.203, 8.140,5685
 5439,48710.344, 7.143,5685
 5440,48716.516, 6.173,5685
 5441,48723.766, 7.251,5685
 5442,48731.301, 7.534,5685
 5443,48737.875, 6.571,5685
 5444,48745.004, 7.128,5685
 5445,48751.230, 6.230,5685
 5446,48758.945, 7.717,5685
 5447,48765.879, 6.930,5685
 5448,48772.602, 6.726,5685
 5449,48779.742, 7.139,5685
 5450,48787.645, 7.903,5685
 5451,48794.699, 7.055,5685
 5452,48801.258, 6.558,5685
 5453,48808.078, 6.821,5685
 5454,48815.375, 7.296,5685
 5455,48822.641, 7.268,5685
 5456,48829.121, 6.479,5685
 5457,48836.332, 7.206,5685
 5458,48842.699, 6.370,5685
 5459,48850.410, 7.711,5685
 5460,48857.094, 6.685,5685
 5461,48863.926, 6.833,5685
 5462,48870.922, 6.995,5685
 5463,48879.695, 8.772,5685
 5464,48887.441, 7.749,5685
 5465,48894.363, 6.917,5685
 5466,48901.195, 6.834,5685
 5467,48909.035, 7.842,5685
 5468,48917.098, 8.062,5685
 5469,48925.801, 8.704,5685
 5470,48934.164, 8.362,5685
 5471,48942.281, 8.120,5685
 5472,48949.848, 7.563,5685
 5473,48956.723, 6.875,5685
 5474,48963.816, 7.096,5685
 5475,48971.418, 7.598,5685
 5476,48978.285, 6.870,5685
 5477,48985.980, 7.697,5685
 5478,48993.094, 7.112,5685
 5479,49000.473, 7.381,5685
 5480,49007.789, 7.313,5685
 5481,49014.398, 6.608,5685
 5482,49021.777, 7.381,5685
 5483,49029.102, 7.323,5685
 5484,49036.563, 7.461,5685
 5485,49043.012, 6.448,5685
 5486,49050.953, 7.943,5685
 5487,49058.953, 8.000,5685
 5488,49066.496, 7.542,5685
 5489,49073.574, 7.080,5685
 5490,49079.895, 6.318,5685
 5491,49089.008, 9.112,5685
 5492,49097.289, 8.287,5685
 5493,49104.906, 7.614,5685
 5494,49113.754, 8.847,5685
 5495,49121.398, 7.644,5685
 5496,49129.273, 7.877,5685
 5497,49136.906, 7.631,5685
 5498,49144.227, 7.323,5685
 5499,49152.559, 8.329,5685
 5500,49160.332, 7.773,5685
 5501,49168.418, 8.090,5685
 5502,49178.055, 9.633,5685
 5503,49185.289, 7.236,5685
 5504,49194.895, 9.604,5685
 5505,49204.469, 9.576,5685
 5506,49214.297, 9.831,5685
 5507,49222.211, 7.912,5685
 5508,49230.016, 7.803,5685
 5509,49237.684, 7.667,5685
 5510,49245.219, 7.534,5685
 5511,49252.637, 7.422,5685
 5512,49261.574, 8.936,5685
 5513,49271.199, 9.623,5685
 5514,49279.102, 7.906,5685
 5515,49287.383, 8.278,5685
 5516,49294.453, 7.074,5685
 5517,49303.887, 9.432,5685
 5518,49311.266, 7.379,5685
 5519,49318.738, 7.470,5685
 5520,49328.035, 9.298,5685
 5521,49336.012, 7.975,5685
 5522,49343.684, 7.675,5685
 5523,49351.129, 7.447,5685
 5524,49359.531, 8.400,5685
 5525,49366.773, 7.243,5685
 5526,49374.105, 7.331,5685
 5527,49380.875, 6.770,5685
 5528,49388.926, 8.050,5685
 5529,49397.012, 8.084,5685
 5530,49404.137, 7.128,5685
 5531,49411.125, 6.988,5685
 5532,49417.723, 6.597,5685
 5533,49424.297, 6.576,5685
 5534,49430.648, 6.354,5685
 5535,49437.723, 7.072,5685
 5536,49444.148, 6.426,5685
 5537,49451.656, 7.505,5685
 5538,49458.258, 6.602,5685
 5539,49464.590, 6.333,5685
 5540,49471.027, 6.436,5685
 5541,49477.426, 6.402,5685
 5542,49483.723, 6.293,5685
 5543,49490.688, 6.965,5685
 5544,49496.844, 6.157,5685
 5545,49503.426, 6.583,5685
 5546,49510.055, 6.628,5685
 5547,49516.461, 6.409,5685
 5548,49522.734, 6.272,5685
 5549,49528.922, 6.186,5685
 5550,49535.816, 6.896,5685
 5551,49542.141, 6.326,5685
 5552,49548.285, 6.144,5685
 5553,49555.824, 7.534,5685
 5554,49562.824, 7.001,5685
 5555,49569.535, 6.711,5685
 5556,49576.285, 6.752,5685
 5557,49583.707, 7.419,5685
 5558,49590.273, 6.569,5685
 5559,49597.500, 7.223,5685
 5560,49603.918, 6.421,5685
 5561,49611.969, 8.053,5685
 5562,49618.684, 6.714,5685
 5563,49626.137, 7.455,5685
 5564,49632.723, 6.584,5685
 5565,49639.605, 6.883,5685
 5566,49646.672, 7.064,5685
 5567,49653.902, 7.233,5685
 5568,49660.492, 6.587,5685
 5569,49667.145, 6.657,5685
 5570,49673.973, 6.828,5685
 5571,49680.770, 6.797,5685
 5572,49687.313, 6.544,5685
 5573,49693.902, 6.586,5685
 5574,49701.297, 7.395,5685
 5575,49708.266, 6.969,5685
 5576,49717.949, 9.683,5685
 5577,49726.000, 8.050,5685
 5578,49732.945, 6.945,5685
 5579,49739.340, 6.396,5685
 5580,49745.988, 6.648,5685
 5581,49753.297, 7.311,5685
 5582,49759.742, 6.443,5685
 5583,49766.961, 7.219,5685
 5584,49773.691, 6.730,5685
 5585,49780.371, 6.679,5685
 5586,49788.066, 7.698,5685
 5587,49795.340, 7.272,5685
 5588,49802.199, 6.858,5685
 5589,49808.645, 6.449,5685
 5590,49815.137, 6.493,5685
 5591,49821.969, 6.832,5685
 5592,49828.695, 6.722,5685
 5593,49836.027, 7.330,5685
 5594,49842.402, 6.378,5685
 5595,49848.801, 6.398,5685
 5596,49856.250, 7.448,5685
 5597,49862.789, 6.542,5685
 5598,49869.941, 7.152,5685
 5599,49876.836, 6.890,5685
 5600,49883.684, 6.848,5685
 5601,49890.641, 6.962,5685
 5602,49897.883, 7.242,5685
 5603,49904.836, 6.948,5685
 5604,49911.945, 7.116,5685
 5605,49918.664, 6.714,5685
 5606,49925.594, 6.934,5685
 5607,49934.145, 8.548,5685
 5608,49941.020, 6.872,5685
 5609,49948.129, 7.114,5685
 5610,49954.730, 6.601,5685
 5611,49961.406, 6.676,5685
 5612,49968.750, 7.344,5685
 5613,49976.203, 7.450,5685
 5614,49982.703, 6.502,5685
 5615,49990.195, 7.489,5685
 5616,49997.234, 7.044,5685
 5617,50005.129, 7.895,5685
 5618,50012.512, 7.380,5685
 5619,50019.656, 7.143,5685
 5620,50026.043, 6.386,5685
 5621,50033.434, 7.396,5685
 5622,50040.188, 6.752,5685
 5623,50046.883, 6.696,5685
 5624,50053.355, 6.471,5685
 5625,50059.637, 6.282,5685
 5626,50066.094, 6.456,5685
 5627,50072.473, 6.383,5685
 5628,50079.848, 7.371,5685
 5629,50085.992, 6.142,5685
 5630,50092.332, 6.340,5685
 5631,50098.895, 6.565,5685
 5632,50106.426, 7.532,5685
 5633,50114.234, 7.810,5685
 5634,50121.824, 7.587,5685
 5635,50128.293, 6.470,5685
 5636,50135.461, 7.170,5685
 5637,50142.684, 7.219,5685
 5638,50149.242, 6.562,5685
 5639,50155.762, 6.519,5685
 5640,50162.363, 6.601,5685
 5641,50169.145, 6.780,5685
 5642,50175.859, 6.714,5685
 5643,50182.305, 6.446,5685
 5644,50188.938, 6.636,5685
 5645,50195.563, 6.622,5685
 5646,50202.273, 6.712,5685
 5647,50209.180, 6.903,5685
 5648,50215.883, 6.704,5685
 5649,50222.395, 6.511,5685
 5650,50228.809, 6.417,5685
 5651,50235.211, 6.399,5685
 5652,50241.766, 6.558,5685
 5653,50248.676, 6.906,5685
 5654,50255.031, 6.357,5685
 5655,50262.094, 7.066,5685
 5656,50268.328, 6.231,5685
 5657,50274.516, 6.190,5685
 5658,50281.637, 7.121,5685
 5659,50288.016, 6.378,5685
 5660,50294.363, 6.346,5685
 5661,50300.766, 6.405,5685
 5662,50307.172, 6.403,5685
 5663,50314.367, 7.196,5685
 5664,50320.852, 6.483,5685
 5665,50327.168, 6.318,5685
 5666,50333.426, 6.262,5685
 5667,50339.879, 6.449,5685
 5668,50346.504, 6.626,5685
 5669,50353.594, 7.091,5685
 5670,50359.867, 6.272,5685
 5671,50367.035, 7.167,5685
 5672,50373.258, 6.224,5685
 5673,50380.367, 7.109,5685
 5674,50386.672, 6.303,5685
 5675,50392.879, 6.208,5685
 5676,50399.004, 6.127,5685
 5677,50405.293, 6.290,5685
 5678,50412.273, 6.981,5685
 5679,50419.313, 7.041,5685
 5680,50425.922, 6.607,5685
 5681,50432.762, 6.839,5685
 5682,50439.430, 6.667,5685
 5683,50446.801, 7.371,5685
 5684,50453.363, 6.560,5685
 5685,50460.570, 7.210,5685
 5686,50467.090, 6.521,5685
 5687,50473.906, 6.814,5685
 5688,50480.559, 6.652,5685
 5689,50487.590, 7.032,5685
 5690,50496.508, 8.919,5685
 5691,50504.262, 7.754,5685
 5692,50511.371, 7.106,5685
 5693,50518.723, 7.352,5685
 5694,50525.422, 6.702,5685
 5695,50532.059, 6.636,5685
 5696,50539.070, 7.011,5685
 5697,50547.113, 8.047,5685
 5698,50554.938, 7.824,5685
 5699,50562.156, 7.215,5685
 5700,50569.211, 7.057,5685
 5701,50576.086, 6.873,5685
 5702,50583.000, 6.913,5685
 5703,50589.781, 6.785,5685
 5704,50597.410, 7.626,5685
 5705,50604.660, 7.248,5685
 5706,50612.172, 7.515,5685
 5707,50619.047, 6.875,5685
 5708,50626.359, 7.310,5685
 5709,50633.215, 6.857,5685
 5710,50639.715, 6.500,5685
 5711,50646.117, 6.405,5685
 5712,50652.332, 6.210,5685
 5713,50658.664, 6.332,5685
 5714,50665.242, 6.582,5685
 5715,50672.445, 7.202,5685
 5716,50678.797, 6.352,5685
 5717,50685.488, 6.688,5685
 5718,50691.676, 6.190,5685
 5719,50698.156, 6.477,5685
 5720,50705.555, 7.404,5685
 5721,50712.406, 6.849,5685
 5722,50719.250, 6.847,5685
 5723,50725.539, 6.287,5685
 5724,50732.074, 6.534,5685
 5725,50738.457, 6.383,5685
 5726,50744.535, 6.079,5685
 5727,50750.781, 6.247,5685
 5728,50757.910, 7.128,5685
 5729,50764.180, 6.269,5685
 5730,50770.434, 6.255,5685
 5731,50777.898, 7.464,5685
 5732,50785.219, 7.319,5685
 5733,50792.539, 7.321,5685
 5734,50798.820, 6.279,5685
 5735,50804.977, 6.162,5685
 5736,50811.387, 6.409,5685
 5737,50818.172, 6.780,5685
 5738,50824.414, 6.246,5685
 5739,50830.637, 6.225,5685
 5740,50836.934, 6.294,5685
 5741,50844.555, 7.620,5685
 5742,50851.594, 7.042,5685
 5743,50858.820, 7.225,5685
 5744,50864.938, 6.117,5685
 5745,50871.363, 6.423,5685
 5746,50878.938, 7.580,5685
 5747,50887.121, 8.184,5685
 5748,50894.652, 7.526,5685
 5749,50901.156, 6.504,5685
 5750,50907.859, 6.704,5685
 5751,50914.242, 6.383,5685
 5752,50921.602, 7.363,5685
 5753,50928.730, 7.128,5685
 5754,50935.258, 6.528,5685
 5755,50941.465, 6.208,5685
 5756,50947.777, 6.309,5685
 5757,50954.402, 6.625,5685
 5758,50961.824, 7.419,5685
 5759,50968.035, 6.213,5685
 5760,50974.586, 6.553,5685
 5761,50981.074, 6.489,5685
 5762,50988.609, 7.534,5685
 5763,50995.242, 6.632,5685
 5764,51002.313, 7.071,5685
 5765,51008.754, 6.441,5685
 5766,51015.113, 6.360,5685
 5767,51021.809, 6.696,5685
 5768,51028.004, 6.190,5685
 5769,51034.641, 6.644,5685
 5770,51041.195, 6.551,5685
 5771,51047.930, 6.736,5685
 5772,51054.609, 6.678,5685
 5773,51061.004, 6.393,5685
 5774,51068.156, 7.153,5685
 5775,51074.516, 6.357,5685
 5776,51081.070, 6.558,5685
 5777,51088.082, 7.013,5685
 5778,51096.922, 8.837,5685
 5779,51104.945, 8.027,5685
 5780,51112.711, 7.763,5685
 5781,51120.445, 7.737,5685
 5782,51127.449, 7.001,5685
 5783,51134.242, 6.793,5685
 5784,51141.887, 7.646,5685
 5785,51148.734, 6.848,5685
 5786,51155.777, 7.041,5685
 5787,51162.668, 6.888,5685
 5788,51169.020, 6.353,5685
 5789,51175.723, 6.705,5685
 5790,51182.441, 6.718,5685
 5791,51189.793, 7.355,5685
 5792,51197.188, 7.392,5685
 5793,51205.852, 8.663,5685
 5794,51214.250, 8.398,5685
 5795,51222.434, 8.184,5685
 5796,51230.258, 7.825,5685
 5797,51238.227, 7.969,5685
 5798,51244.898, 6.671,5685
 5799,51251.203, 6.307,5685
 5800,51257.770, 6.564,5685
 5801,51265.234, 7.464,5685
 5802,51272.570, 7.340,5685
 5803,51280.250, 7.680,5685
 5804,51287.184, 6.930,5685
 5805,51293.605, 6.425,5685
 5806,51299.957, 6.351,5685
 5807,51307.594, 7.635,5685
 5808,51314.543, 6.949,5685
 5809,51321.887, 7.344,5685
 5810,51328.605, 6.720,5685
 5811,51335.051, 6.444,5685
 5812,51341.301, 6.251,5685
 5813,51347.730, 6.427,5685
 5814,51354.895, 7.165,5685
 5815,51361.434, 6.542,5685
 5816,51367.973, 6.538,5685
 5817,51374.273, 6.303,5685
 5818,51380.680, 6.402,5685
 5819,51387.305, 6.628,5685
 5820,51394.527, 7.220,5685
 5821,51401.883, 7.354,5685
 5822,51409.453, 7.573,5685
 5823,51417.305, 7.854,5685
 5824,51424.387, 7.079,5685
 5825,51432.055, 7.667,5685
 5826,51438.406, 6.354,5685
 5827,51444.770, 6.361,5685
 5828,51451.652, 6.884,5685
 5829,51459.703, 8.051,5685
 5830,51466.832, 7.126,5685
 5831,51473.281, 6.451,5685
 5832,51480.340, 7.058,5685
 5833,51487.555, 7.216,5685
 5834,51494.586, 7.032,5685
 5835,51502.953, 8.370,5685
 5836,51509.797, 6.843,5685
 5837,51516.398, 6.598,5685
 5838,51523.570, 7.171,5685
 5839,51530.957, 7.389,5685
 5840,51537.773, 6.816,5685
 5841,51544.117, 6.344,5685
 5842,51551.922, 7.807,5685
 5843,51558.758, 6.834,5685
 5844,51565.551, 6.792,5685
 5845,51571.867, 6.317,5685
 5846,51578.230, 6.362,5685
 5847,51584.621, 6.392,5685
 5848,51591.266, 6.643,5685
 5849,51598.465, 7.202,5685
 5850,51605.379, 6.911,5685
 5851,51611.844, 6.465,5685
 5852,51618.633, 6.791,5685
 5853,51626.770, 8.139,5685
 5854,51633.313, 6.540,5685
 5855,51640.844, 7.530,5685
 5856,51647.582, 6.741,5685
 5857,51654.863, 7.279,5685
 5858,51663.070, 8.208,5685
 5859,51670.320, 7.248,5685
 5860,51677.117, 6.800,5685
 5861,51684.102, 6.985,5685
 5862,51690.645, 6.542,5685
 5863,51697.305, 6.663,5685
 5864,51704.141, 6.834,5685
 5865,51711.590, 7.447,5685
 5866,51718.164, 6.575,5685
 5867,51724.602, 6.437,5685
 5868,51731.395, 6.793,5685
 5869,51738.957, 7.564,5685
 5870,51745.777, 6.820,5685
 5871,51752.563, 6.783,5685
 5872,51759.230, 6.668,5685
 5873,51765.734, 6.504,5685
 5874,51772.332, 6.595,5685
 5875,51778.859, 6.529,5685
 5876,51785.773, 6.917,5685
 5877,51792.277, 6.505,5685
 5878,51798.934, 6.655,5685
 5879,51805.703, 6.767,5685
 5880,51813.188, 7.483,5685
 5881,51819.715, 6.528,5685
 5882,51827.180, 7.467,5685
 5883,51834.070, 6.891,5685
 5884,51842.430, 8.360,5685
 5885,51850.445, 8.015,5685
 5886,51857.434, 6.991,5685
 5887,51864.375, 6.937,5685
 5888,51872.441, 8.071,5685
 5889,51879.289, 6.845,5685
 5890,51886.395, 7.106,5685
 5891,51893.027, 6.630,5685
 5892,51900.074, 7.050,5685
 5893,51907.641, 7.566,5685
 5894,51915.004, 7.363,5685
 5895,51922.410, 7.406,5685
 5896,51929.258, 6.850,5685
 5897,51936.266, 7.004,5685
 5898,51943.242, 6.979,5685
 5899,51951.316, 8.073,5685
 5900,51958.414, 7.098,5685
 5901,51965.527, 7.113,5685
 5902,51972.719, 7.190,5685
 5903,51979.891, 7.173,5685
 5904,51986.305, 6.417,5685
 5905,51992.582, 6.276,5685
 5906,51998.969, 6.387,5685
 5907,52005.305, 6.335,5685
 5908,52011.656, 6.348,5685
 5909,52018.086, 6.434,5685
 5910,52024.352, 6.262,5685
 5911,52031.945, 7.597,5685
 5912,52038.652, 6.706,5685
 5913,52045.098, 6.445,5685
 5914,52053.660, 8.563,5685
 5915,52061.668, 8.004,5685
 5916,52069.328, 7.663,5685
 5917,52076.035, 6.706,5685
 5918,52083.242, 7.211,5685
 5919,52090.473, 7.231,5685
 5920,52097.039, 6.562,5685
 5921,52103.734, 6.696,5685
 5922,52110.184, 6.448,5685
 5923,52117.520, 7.338,5685
 5924,52123.859, 6.339,5685
 5925,52130.203, 6.343,5685
 5926,52137.133, 6.934,5685
 5927,52143.563, 6.425,5685
 5928,52149.945, 6.388,5685
 5929,52156.461, 6.514,5685
 5930,52163.320, 6.856,5685
 5931,52169.559, 6.241,5685
 5932,52175.918, 6.360,5685
 5933,52182.301, 6.383,5685
 5934,52189.664, 7.359,5685
 5935,52196.797, 7.137,5685
 5936,52204.281, 7.482,5685
 5937,52212.160, 7.877,5685
 5938,52219.910, 7.754,5685
 5939,52226.379, 6.469,5685
 5940,52233.906, 7.526,5685
 5941,52240.328, 6.419,5685
 5942,52247.563, 7.238,5685
 5943,52254.074, 6.512,5685
 5944,52260.559, 6.483,5685
 5945,52267.383, 6.823,5685
 5946,52274.434, 7.052,5685
 5947,52280.836, 6.402,5685
 5948,52287.305, 6.471,5685
 5949,52293.531, 6.224,5685
 5950,52299.777, 6.249,5685
 5951,52305.961, 6.181,5685
 5952,52312.172, 6.209,5685
 5953,52319.391, 7.220,5685
 5954,52325.523, 6.134,5685
 5955,52331.691, 6.165,5685
 5956,52338.691, 7.003,5685
 5957,52344.922, 6.232,5685
 5958,52351.219, 6.297,5685
 5959,52357.621, 6.403,5685
 5960,52364.055, 6.430,5685
 5961,52371.938, 7.886,5685
 5962,52378.523, 6.582,5685
 5963,52385.926, 7.404,5685
 5964,52393.445, 7.522,5685
 5965,52400.168, 6.718,5685
 5966,52406.996, 6.827,5685
 5967,52414.086, 7.093,5685
 5968,52421.730, 7.647,5685
 5969,52428.688, 6.954,5685
 5970,52435.656, 6.968,5685
 5971,52444.703, 9.049,5685
 5972,52452.711, 8.006,5685
 5973,52460.391, 7.680,5685
 5974,52467.543, 7.153,5685
 5975,52474.906, 7.362,5685
 5976,52482.188, 7.283,5685
 5977,52490.043, 7.854,5685
 5978,52497.590, 7.548,5685
 5979,52504.668, 7.077,5685
 5980,52512.008, 7.339,5685
 5981,52519.047, 7.040,5685
 5982,52526.035, 6.987,5685
 5983,52532.719, 6.687,5685
 5984,52539.586, 6.869,5685
 5985,52547.297, 7.710,5685
 5986,52554.113, 6.818,5685
 5987,52561.938, 7.824,5685
 5988,52570.742, 8.802,5685
 5989,52578.371, 7.628,5685
 5990,52586.793, 8.423,5685
 5991,52593.879, 7.084,5685
 5992,52600.484, 6.605,5685
 5993,52607.090, 6.609,5685
 5994,52613.656, 6.563,5685
 5995,52619.852, 6.195,5685
 5996,52626.656, 6.805,5685
 5997,52634.441, 7.787,5685
 5998,52641.027, 6.584,5685
 5999,52647.402, 6.377,5685
 6000,52653.934, 6.533,5685
 6001,52660.273, 6.339,5685
 6002,52666.922, 6.648,5685
 6003,52673.211, 6.289,5685
 6004,52679.699, 6.487,5685
 6005,52686.129, 6.430,5685
 6006,52693.836, 7.705,5685
 6007,52700.184, 6.349,5685
 6008,52706.906, 6.726,5685
 6009,52713.578, 6.671,5685
 6010,52720.324, 6.741,5685
 6011,52726.664, 6.342,5685
 6012,52733.719, 7.057,5685
 6013,52740.273, 6.556,5685
 6014,52746.922, 6.647,5685
 6015,52754.121, 7.200,5685
 6016,52761.039, 6.916,5685
 6017,52767.234, 6.195,5685
 6018,52773.492, 6.257,5685
 6019,52779.914, 6.425,5685
 6020,52787.016, 7.099,5685
 6021,52793.332, 6.316,5685
 6022,52801.523, 8.193,5685
 6023,52808.520, 6.994,5685
 6024,52814.953, 6.436,5685
 6025,52822.004, 7.047,5685
 6026,52828.629, 6.629,5685
 6027,52835.652, 7.021,5685
 6028,52843.660, 8.008,5685
 6029,52850.555, 6.894,5685
 6030,52857.387, 6.833,5685
 6031,52864.195, 6.810,5685
 6032,52871.277, 7.083,5685
 6033,52878.473, 7.196,5685
 6034,52885.121, 6.650,5685
 6035,52891.539, 6.414,5685
 6036,52898.172, 6.632,5685
 6037,52905.906, 7.736,5685
 6038,52913.266, 7.362,5685
 6039,52919.836, 6.568,5685
 6040,52926.465, 6.632,5685
 6041,52933.004, 6.533,5685
 6042,52939.281, 6.283,5685
 6043,52945.996, 6.710,5685
 6044,52952.785, 6.790,5685
 6045,52959.465, 6.681,5685
 6046,52966.762, 7.297,5685
 6047,52973.422, 6.660,5685
 6048,52980.504, 7.079,5685
 6049,52987.504, 7.000,5685
 6050,52994.355, 6.853,5685
 6051,53001.555, 7.198,5685
 6052,53009.309, 7.759,5685
 6053,53016.172, 6.860,5685
 6054,53023.656, 7.483,5685
 6055,53030.309, 6.655,5685
 6056,53037.059, 6.747,5685
 6057,53043.746, 6.691,5685
 6058,53050.121, 6.376,5685
 6059,53058.180, 8.053,5685
 6060,53065.301, 7.126,5685
 6061,53072.941, 7.641,5685
 6062,53081.426, 8.481,5685
 6063,53088.465, 7.040,5685
 6064,53095.910, 7.446,5685
 6065,53103.594, 7.686,5685
 6066,53110.566, 6.971,5685
 6067,53119.328, 8.758,5685
 6068,53127.043, 7.719,5685
 6069,53133.762, 6.718,5685
 6070,53140.441, 6.680,5685
 6071,53147.973, 7.531,5685
 6072,53154.984, 7.008,5685
 6073,53162.902, 7.920,5685
 6074,53170.453, 7.553,5685
 6075,53177.379, 6.923,5685
 6076,53184.969, 7.593,5685
 6077,53192.191, 7.220,5685
 6078,53199.121, 6.933,5685
 6079,53205.938, 6.813,5685
 6080,53212.684, 6.747,5685
 6081,53220.750, 8.067,5685
 6082,53229.793, 9.043,5685
 6083,53237.398, 7.605,5685
 6084,53244.727, 7.328,5685
 6085,53252.805, 8.080,5685
 6086,53259.953, 7.150,5685
 6087,53266.684, 6.724,5685
 6088,53273.230, 6.550,5685
 6089,53280.531, 7.300,5685
 6090,53287.098, 6.566,5685
 6091,53293.816, 6.719,5685
 6092,53300.340, 6.523,5685
 6093,53306.770, 6.434,5685
 6094,53313.043, 6.272,5685
 6095,53319.656, 6.610,5685
 6096,53326.469, 6.816,5685
 6097,53334.121, 7.651,5685
 6098,53340.730, 6.608,5685
 6099,53347.543, 6.812,5685
 6100,53354.180, 6.638,5685
 6101,53360.664, 6.483,5685
 6102,53366.938, 6.276,5685
 6103,53373.844, 6.902,5685
 6104,53380.086, 6.247,5685
 6105,53386.406, 6.320,5685
 6106,53392.703, 6.296,5685
 6107,53398.930, 6.227,5685
 6108,53405.504, 6.572,5685
 6109,53411.992, 6.488,5685
 6110,53418.355, 6.364,5685
 6111,53424.793, 6.439,5685
 6112,53431.359, 6.564,5685
 6113,53439.039, 7.681,5685
 6114,53445.500, 6.460,5685
 6115,53452.027, 6.527,5685
 6116,53458.387, 6.363,5685
 6117,53464.867, 6.479,5685
 6118,53471.867, 6.997,5685
 6119,53478.832, 6.966,5685
 6120,53485.465, 6.638,5685
 6121,53491.602, 6.135,5685
 6122,53498.707, 7.101,5685
 6123,53504.969, 6.267,5685
 6124,53511.324, 6.353,5685
 6125,53517.762, 6.436,5685
 6126,53523.988, 6.228,5685
 6127,53531.125, 7.137,5685
 6128,53537.633, 6.507,5685
 6129,53544.750, 7.119,5685
 6130,53551.305, 6.556,5685
 6131,53557.641, 6.333,5685
 6132,53563.969, 6.331,5685
 6133,53570.680, 6.708,5685
 6134,53577.305, 6.629,5685
 6135,53584.098, 6.789,5685
 6136,53591.363, 7.267,5685
 6137,53598.047, 6.683,5685
 6138,53605.090, 7.042,5685
 6139,53614.504, 9.412,5685
 6140,53621.984, 7.480,5685
 6141,53630.547, 8.563,5685
 6142,53637.453, 6.909,5685
 6143,53644.883, 7.430,5685
 6144,53652.547, 7.662,5685
 6145,53659.844, 7.295,5685
 6146,53666.633, 6.792,5685
 6147,53673.660, 7.025,5685
 6148,53680.379, 6.721,5685
 6149,53687.352, 6.972,5685
 6150,53694.492, 7.138,5685
 6151,53701.039, 6.549,5685
 6152,53707.711, 6.674,5685
 6153,53715.277, 7.568,5685
 6154,53721.926, 6.646,5685
 6155,53728.211, 6.287,5685
 6156,53735.324, 7.110,5685
 6157,53741.770, 6.449,5685
 6158,53748.324, 6.551,5685
 6159,53755.668, 7.342,5685
 6160,53762.316, 6.651,5685
 6161,53769.445, 7.130,5685
 6162,53775.941, 6.498,5685
 6163,53783.020, 7.077,5685
 6164,53790.121, 7.103,5685
 6165,53796.883, 6.757,5685
 6166,53803.648, 6.767,5685
 6167,53810.652, 7.003,5685
 6168,53817.594, 6.945,5685
 6169,53824.516, 6.917,5685
 6170,53831.461, 6.949,5685
 6171,53839.043, 7.579,5685
 6172,53846.406, 7.367,5685
 6173,53853.422, 7.015,5685
 6174,53861.125, 7.705,5685
 6175,53868.203, 7.075,5685
 6176,53875.203, 7.002,5685
 6177,53881.953, 6.752,5685
 6178,53889.355, 7.396,5685
 6179,53895.980, 6.625,5685
 6180,53903.793, 7.815,5685
 6181,53911.266, 7.472,5685
 6182,53918.316, 7.048,5685
 6183,53925.566, 7.255,5685
 6184,53932.723, 7.153,5685
 6185,53940.391, 7.670,5685
 6186,53947.836, 7.442,5685
 6187,53954.453, 6.623,5685
 6188,53961.125, 6.671,5685
 6189,53968.105, 6.982,5685
 6190,53975.332, 7.221,5685
 6191,53981.871, 6.542,5685
 6192,53988.617, 6.745,5685
 6193,53995.117, 6.502,5685
 6194,54001.539, 6.421,5685
 6195,54009.082, 7.541,5685
 6196,54016.742, 7.663,5685
 6197,54023.785, 7.042,5685
 6198,54031.113, 7.327,5685
 6199,54037.641, 6.532,5685
 6200,54045.242, 7.600,5685
 6201,54051.711, 6.466,5685
 6202,54059.105, 7.395,5685
 6203,54065.945, 6.841,5685
 6204,54073.121, 7.174,5685
 6205,54079.836, 6.713,5685
 6206,54086.672, 6.838,5685
 6207,54093.984, 7.312,5685
 6208,54101.770, 7.785,5685
 6209,54109.957, 8.190,5685
 6210,54117.211, 7.253,5685
 6211,54124.234, 7.025,5685
 6212,54131.355, 7.118,5685
 6213,54138.305, 6.952,5685
 6214,54145.531, 7.222,5685
 6215,54152.164, 6.632,5685
 6216,54158.961, 6.803,5685
 6217,54166.648, 7.683,5685
 6218,54173.516, 6.867,5685
 6219,54180.555, 7.043,5685
 6220,54187.699, 7.143,5685
 6221,54194.527, 6.826,5685
 6222,54201.184, 6.657,5685
 6223,54208.781, 7.599,5685
 6224,54216.262, 7.481,5685
 6225,54223.836, 7.574,5685
 6226,54230.875, 7.038,5685
 6227,54237.699, 6.824,5685
 6228,54245.258, 7.560,5685
 6229,54251.902, 6.643,5685
 6230,54258.570, 6.670,5685
 6231,54265.402, 6.831,5685
 6232,54272.215, 6.813,5685
 6233,54279.859, 7.645,5685
 6234,54287.746, 7.887,5685
 6235,54294.656, 6.907,5685
 6236,54301.715, 7.062,5685
 6237,54308.645, 6.925,5685
 6238,54315.563, 6.920,5685
 6239,54322.602, 7.041,5685
 6240,54329.402, 6.800,5685
 6241,54336.258, 6.858,5685
 6242,54342.906, 6.647,5685
 6243,54350.273, 7.369,5685
 6244,54357.570, 7.295,5685
 6245,54364.449, 6.881,5685
 6246,54371.340, 6.885,5685
 6247,54378.410, 7.073,5685
 6248,54385.473, 7.062,5685
 6249,54393.293, 7.823,5685
 6250,54401.242, 7.949,5685
 6251,54410.090, 8.847,5685
 6252,54418.016, 7.923,5685
 6253,54425.621, 7.608,5685
 6254,54434.043, 8.421,5685
 6255,54441.504, 7.459,5685
 6256,54449.223, 7.721,5685
 6257,54456.930, 7.709,5685
 6258,54464.879, 7.945,5685
 6259,54472.082, 7.206,5685
 6260,54480.484, 8.399,5685
 6261,54487.742, 7.260,5685
 6262,54495.242, 7.502,5685
 6263,54502.887, 7.641,5685
 6264,54510.777, 7.891,5685
 6265,54518.938, 8.160,5685
 6266,54526.172, 7.232,5685
 6267,54533.746, 7.578,5685
 6268,54540.758, 7.013,5685
 6269,54548.652, 7.890,5685
 6270,54555.750, 7.101,5685
 6271,54562.547, 6.798,5685
 6272,54569.738, 7.192,5685
 6273,54576.164, 6.423,5685
 6274,54582.699, 6.536,5685
 6275,54589.367, 6.667,5685
 6276,54596.504, 7.136,5685
 6277,54603.777, 7.278,5685
 6278,54610.629, 6.849,5685
 6279,54617.332, 6.703,5685
 6280,54624.156, 6.821,5685
 6281,54630.938, 6.783,5685
 6282,54638.020, 7.082,5685
 6283,54644.520, 6.500,5685
 6284,54652.180, 7.662,5685
 6285,54659.813, 7.630,5685
 6286,54666.250, 6.441,5685
 6287,54673.105, 6.856,5685
 6288,54679.840, 6.732,5685
 6289,54686.543, 6.702,5685
 6290,54693.250, 6.710,5685
 6291,54699.926, 6.676,5685
 6292,54706.531, 6.601,5685
 6293,54714.953, 8.426,5685
 6294,54721.625, 6.672,5685
 6295,54728.277, 6.653,5685
 6296,54734.918, 6.640,5685
 6297,54741.320, 6.398,5685
 6298,54748.867, 7.547,5685
 6299,54755.594, 6.728,5685
 6300,54762.047, 6.453,5685
 6301,54768.590, 6.545,5685
 6302,54775.000, 6.408,5685
 6303,54782.129, 7.130,5685
 6304,54790.035, 7.906,5685
 6305,54798.715, 8.678,5685
 6306,54806.441, 7.730,5685
 6307,54813.727, 7.285,5685
 6308,54821.457, 7.730,5685
 6309,54828.684, 7.227,5685
 6310,54836.219, 7.534,5685
 6311,54843.180, 6.960,5685
 6312,54850.707, 7.527,5685
 6313,54857.445, 6.740,5685
 6314,54864.625, 7.180,5685
 6315,54871.195, 6.571,5685
 6316,54878.074, 6.876,5685
 6317,54884.910, 6.837,5685
 6318,54892.289, 7.381,5685
 6319,54900.004, 7.711,5685
 6320,54906.930, 6.929,5685
 6321,54914.094, 7.163,5685
 6322,54921.332, 7.239,5685
 6323,54928.594, 7.260,5685
 6324,54935.855, 7.262,5685
 6325,54942.691, 6.838,5685
 6326,54950.301, 7.610,5685
 6327,54957.332, 7.026,5685
 6328,54965.797, 8.469,5685
 6329,54973.445, 7.648,5685
 6330,54981.277, 7.834,5685
 6331,54988.180, 6.899,5685
 6332,54995.238, 7.060,5685
 6333,55003.164, 7.923,5685
 6334,55010.027, 6.866,5685
 6335,55017.461, 7.434,5685
 6336,55025.164, 7.700,5685
 6337,55033.980, 8.816,5685
 6338,55041.613, 7.636,5685
 6339,55049.043, 7.430,5685
 6340,55056.523, 7.481,5685
 6341,55063.789, 7.265,5685
 6342,55071.914, 8.123,5685
 6343,55079.234, 7.323,5685
 6344,55087.152, 7.914,5685
 6345,55095.152, 8.002,5685
 6346,55103.602, 8.450,5685
 6347,55110.953, 7.351,5685
 6348,55118.070, 7.118,5685
 6349,55125.227, 7.156,5685
 6350,55132.461, 7.236,5685
 6351,55141.391, 8.927,5685
 6352,55148.859, 7.467,5685
 6353,55155.859, 7.004,5685
 6354,55163.840, 7.979,5685
 6355,55172.164, 8.321,5685
 6356,55179.406, 7.245,5685
 6357,55187.484, 8.076,5685
 6358,55195.684, 8.199,5685
 6359,55203.020, 7.337,5685
 6360,55210.816, 7.797,5685
 6361,55219.449, 8.638,5685
 6362,55226.605, 7.153,5685
 6363,55233.734, 7.128,5685
 6364,55241.477, 7.743,5685
 6365,55248.996, 7.516,5685
 6366,55256.402, 7.409,5685
 6367,55263.781, 7.380,5685
 6368,55271.414, 7.634,5685
 6369,55278.340, 6.922,5685
 6370,55285.281, 6.945,5685
 6371,55291.801, 6.518,5685
 6372,55298.531, 6.728,5685
 6373,55305.922, 7.392,5685
 6374,55312.645, 6.724,5685
 6375,55320.059, 7.416,5685
 6376,55327.203, 7.144,5685
 6377,55334.188, 6.981,5685
 6378,55340.723, 6.538,5685
 6379,55349.148, 8.423,5685
 6380,55355.684, 6.534,5685
 6381,55362.246, 6.565,5685
 6382,55369.047, 6.801,5685
 6383,55375.570, 6.522,5685
 6384,55384.223, 8.655,5685
 6385,55390.813, 6.585,5685
 6386,55397.445, 6.638,5685
 6387,55404.059, 6.614,5685
 6388,55411.652, 7.591,5685
 6389,55418.434, 6.785,5685
 6390,55424.875, 6.440,5685
 6391,55431.598, 6.723,5685
 6392,55438.590, 6.992,5685
 6393,55445.578, 6.989,5685
 6394,55453.137, 7.559,5685
 6395,55459.930, 6.791,5685
 6396,55466.707, 6.776,5685
 6397,55473.270, 6.563,5685
 6398,55479.871, 6.602,5685
 6399,55486.621, 6.751,5685
 6400,55494.164, 7.540,5685
 6401,55500.629, 6.467,5685
 6402,55507.516, 6.883,5685
 6403,55514.426, 6.916,5685
 6404,55521.988, 7.556,5685
 6405,55528.559, 6.574,5685
 6406,55535.879, 7.321,5685
 6407,55542.438, 6.558,5685
 6408,55548.898, 6.461,5685
 6409,55555.652, 6.752,5685
 6410,55562.922, 7.274,5685
 6411,55570.945, 8.021,5685
 6412,55579.633, 8.689,5685
 6413,55586.977, 7.340,5685
 6414,55593.691, 6.715,5685
 6415,55600.930, 7.240,5685
 6416,55607.465, 6.538,5685
 6417,55614.066, 6.598,5685
 6418,55621.129, 7.063,5685
 6419,55628.363, 7.236,5685
 6420,55634.887, 6.523,5685
 6421,55641.723, 6.833,5685
 6422,55648.430, 6.710,5685
 6423,55655.250, 6.822,5685
 6424,55662.090, 6.838,5685
 6425,55669.121, 7.034,5685
 6426,55675.688, 6.563,5685
 6427,55682.477, 6.785,5685
 6428,55689.434, 6.961,5685
 6429,55696.309, 6.874,5685
 6430,55703.484, 7.173,5685
 6431,55710.570, 7.092,5685
 6432,55719.066, 8.495,5685
 6433,55727.469, 8.403,5685
 6434,55736.180, 8.707,5685
 6435,55743.320, 7.140,5685
 6436,55751.203, 7.883,5685
 6437,55758.594, 7.392,5685
 6438,55767.023, 8.430,5685
 6439,55776.277, 9.255,5685
 6440,55784.633, 8.359,5685
 6441,55794.047, 9.411,5685
 6442,55802.043, 7.995,5685
 6443,55809.961, 7.922,5685
 6444,55818.008, 8.041,5685
 6445,55825.195, 7.187,5685
 6446,55832.051, 6.858,5685
 6447,55839.254, 7.203,5685
 6448,55846.004, 6.750,5685
 6449,55852.727, 6.724,5685
 6450,55860.633, 7.906,5685
 6451,55868.234, 7.603,5685
 6452,55876.020, 7.781,5685
 6453,55883.758, 7.740,5685
 6454,55891.051, 7.292,5685
 6455,55898.609, 7.562,5685
 6456,55906.867, 8.257,5685
 6457,55913.598, 6.730,5685
 6458,55920.332, 6.734,5685
 6459,55927.891, 7.556,5685
 6460,55934.680, 6.789,5685
 6461,55941.750, 7.074,5685
 6462,55948.281, 6.533,5685
 6463,55954.949, 6.667,5685
 6464,55962.480, 7.526,5685
 6465,55970.879, 8.400,5685
 6466,55978.578, 7.700,5685
 6467,55985.930, 7.351,5685
 6468,55992.750, 6.823,5685
 6469,56000.477, 7.724,5685
 6470,56008.211, 7.735,5653
 6471,56015.715, 7.502,5653
 6472,56022.566, 6.855,5653
 6473,56030.195, 7.625,5653
 6474,56037.492, 7.296,5653
 6475,56044.938, 7.448,5653
 6476,56051.547, 6.611,5653
 6477,56058.844, 7.293,5653
 6478,56065.668, 6.824,5653
 6479,56072.270, 6.606,5653
 6480,56078.602, 6.331,5653
 6481,56085.418, 6.816,5653
 6482,56092.391, 6.974,5653
 6483,56099.004, 6.609,5653
 6484,56106.523, 7.522,5653
 6485,56113.035, 6.512,5653
 6486,56119.629, 6.596,5653
 6487,56126.379, 6.746,5653
 6488,56133.508, 7.128,5653
 6489,56139.887, 6.383,5653
 6490,56146.578, 6.693,5653
 6491,56154.324, 7.741,5653
 6492,56160.793, 6.471,5653
 6493,56167.445, 6.655,5653
 6494,56174.074, 6.629,5653
 6495,56181.402, 7.327,5653
 6496,56188.059, 6.655,5653
 6497,56195.383, 7.323,5653
 6498,56203.063, 7.682,5653
 6499,56209.652, 6.585,5653
 6500,56216.688, 7.037,5653
 6501,56224.680, 7.994,5653
 6502,56230.922, 6.244,5653
 6503,56237.707, 6.784,5653
 6504,56244.547, 6.839,5653
 6505,56250.828, 6.281,5653
 6506,56257.453, 6.627,5653
 6507,56264.031, 6.577,5653
 6508,56270.500, 6.466,5653
 6509,56277.242, 6.745,5653
 6510,56284.930, 7.690,5653
 6511,56291.246, 6.313,5653
 6512,56298.559, 7.313,5653
 6513,56306.195, 7.634,5653
 6514,56313.090, 6.896,5653
 6515,56320.813, 7.724,5653
 6516,56327.500, 6.685,5653
 6517,56334.355, 6.859,5653
 6518,56341.020, 6.664,5653
 6519,56348.484, 7.461,5653
 6520,56356.809, 8.326,5653
 6521,56364.414, 7.608,5653
 6522,56371.203, 6.788,5653
 6523,56377.793, 6.593,5653
 6524,56385.051, 7.256,5653
 6525,56391.883, 6.832,5653
 6526,56399.289, 7.408,5653
 6527,56406.234, 6.940,5653
 6528,56413.887, 7.654,5653
 6529,56421.609, 7.724,5653
 6530,56429.434, 7.822,5653
 6531,56437.340, 7.906,5653
 6532,56445.203, 7.866,5653
 6533,56452.035, 6.830,5653
 6534,56459.047, 7.013,5653
 6535,56466.180, 7.129,5653
 6536,56474.141, 7.961,5653
 6537,56481.906, 7.771,5653
 6538,56489.844, 7.936,5653
 6539,56497.078, 7.235,5653
 6540,56504.813, 7.733,5653
 6541,56511.762, 6.950,5653
 6542,56520.258, 8.495,5653
 6543,56528.453, 8.198,5653
 6544,56535.770, 7.317,5653
 6545,56543.242, 7.468,5653
 6546,56551.230, 7.990,5653
 6547,56558.512, 7.281,5653
 6548,56566.516, 8.005,5653
 6549,56573.566, 7.049,5653
 6550,56581.004, 7.435,5653
 6551,56587.988, 6.984,5653
 6552,56596.004, 8.016,5653
 6553,56604.633, 8.633,5653
 6554,56612.266, 7.631,5653
 6555,56621.699, 9.433,5653
 6556,56630.191, 8.492,5653
 6557,56639.414, 9.225,5653
 6558,56646.656, 7.240,5653
 6559,56653.223, 6.568,5653
 6560,56659.836, 6.612,5653
 6561,56666.359, 6.524,5653
 6562,56673.730, 7.372,5653
 6563,56680.379, 6.647,5653
 6564,56686.746, 6.367,5653
 6565,56693.254, 6.509,5653
 6566,56699.777, 6.527,5653
 6567,56707.172, 7.391,5653
 6568,56713.672, 6.499,5653
 6569,56721.371, 7.700,5653
 6570,56729.266, 7.898,5653
 6571,56735.930, 6.660,5653
 6572,56744.043, 8.112,5653
 6573,56752.375, 8.335,5653
 6574,56759.508, 7.129,5653
 6575,56766.246, 6.743,5653
 6576,56772.836, 6.587,5653
 6577,56779.516, 6.681,5653
 6578,56787.672, 8.155,5653
 6579,56794.266, 6.595,5653
 6580,56800.953, 6.689,5653
 6581,56808.340, 7.382,5653
 6582,56814.988, 6.652,5653
 6583,56822.469, 7.483,5653
 6584,56829.535, 7.062,5653
 6585,56836.813, 7.275,5653
 6586,56843.895, 7.087,5653
 6587,56850.625, 6.732,5653
 6588,56857.285, 6.659,5653
 6589,56864.023, 6.736,5653
 6590,56871.289, 7.269,5653
 6591,56878.043, 6.749,5653
 6592,56885.227, 7.187,5653
 6593,56891.543, 6.314,5653
 6594,56898.309, 6.766,5653
 6595,56905.156, 6.845,5653
 6596,56912.281, 7.132,5653
 6597,56919.285, 7.002,5653
 6598,56926.125, 6.839,5653
 6599,56933.563, 7.436,5653
 6600,56940.590, 7.028,5653
 6601,56947.410, 6.820,5653
 6602,56953.902, 6.492,5653
 6603,56961.188, 7.287,5653
 6604,56968.715, 7.525,5653
 6605,56975.617, 6.907,5653
 6606,56982.504, 6.882,5653
 6607,56989.227, 6.724,5653
 6608,56996.441, 7.216,5653
 6609,57002.797, 6.357,5653
 6610,57009.973, 7.172,5653
 6611,57016.387, 6.415,5653
 6612,57023.195, 6.809,5653
 6613,57029.879, 6.684,5653
 6614,57036.922, 7.041,5653
 6615,57044.617, 7.700,5653
 6616,57052.148, 7.528,5653
 6617,57059.074, 6.928,5653
 6618,57066.066, 6.991,5653
 6619,57073.008, 6.938,5653
 6620,57079.836, 6.827,5653
 6621,57087.355, 7.520,5653
 6622,57095.039, 7.685,5653
 6623,57103.234, 8.199,5653
 6624,57111.598, 8.362,5653
 6625,57118.844, 7.246,5653
 6626,57126.125, 7.282,5653
 6627,57135.652, 9.523,5653
 6628,57144.508, 8.859,5653
 6629,57153.113, 8.607,5653
 6630,57160.238, 7.123,5653
 6631,57167.777, 7.541,5653
 6632,57176.039, 8.259,5653
 6633,57183.270, 7.233,5653
 6634,57191.219, 7.945,5653
 6635,57198.375, 7.159,5653
 6636,57205.730, 7.355,5653
 6637,57213.895, 8.163,5653
 6638,57221.996, 8.103,5653
 6639,57229.949, 7.954,5653
 6640,57237.918, 7.969,5653
 6641,57245.938, 8.019,5653
 6642,57254.301, 8.364,5653
 6643,57261.801, 7.501,5653
 6644,57268.785, 6.981,5653
 6645,57275.512, 6.725,5653
 6646,57284.539, 9.031,5653
 6647,57292.598, 8.059,5653
 6648,57300.027, 7.427,5653
 6649,57306.410, 6.384,5653
 6650,57313.012, 6.602,5653
 6651,57320.395, 7.381,5653
 6652,57327.918, 7.526,5653
 6653,57334.438, 6.520,5653
 6654,57341.488, 7.048,5653
 6655,57348.840, 7.351,5653
 6656,57355.297, 6.458,5653
 6657,57362.500, 7.201,5653
 6658,57369.484, 6.986,5653
 6659,57377.141, 7.657,5653
 6660,57383.730, 6.588,5653
 6661,57390.324, 6.594,5653
 6662,57396.930, 6.608,5653
 6663,57403.527, 6.595,5653
 6664,57410.766, 7.241,5653
 6665,57417.285, 6.519,5653
 6666,57424.047, 6.762,5653
 6667,57430.586, 6.539,5653
 6668,57437.230, 6.643,5653
 6669,57443.785, 6.557,5653
 6670,57450.484, 6.694,5653
 6671,57457.863, 7.381,5653
 6672,57464.574, 6.712,5653
 6673,57472.891, 8.319,5653
 6674,57480.387, 7.494,5653
 6675,57487.531, 7.143,5653
 6676,57495.914, 8.384,5653
 6677,57503.434, 7.520,5653
 6678,57510.082, 6.649,5653
 6679,57518.332, 8.250,5653
 6680,57527.617, 9.284,5653
 6681,57535.043, 7.427,5653
 6682,57542.098, 7.053,5653
 6683,57549.758, 7.661,5653
 6684,57556.613, 6.856,5653
 6685,57563.211, 6.595,5653
 6686,57570.668, 7.459,5653
 6687,57577.613, 6.947,5653
 6688,57584.602, 6.989,5653
 6689,57591.414, 6.810,5653
 6690,57598.664, 7.249,5653
 6691,57605.848, 7.184,5653
 6692,57612.867, 7.021,5653
 6693,57621.086, 8.218,5653
 6694,57628.285, 7.200,5653
 6695,57635.320, 7.033,5653
 6696,57642.633, 7.314,5653
 6697,57649.773, 7.141,5653
 6698,57656.871, 7.096,5653
 6699,57664.547, 7.678,5653
 6700,57671.871, 7.324,5653
 6701,57679.711, 7.839,5653
 6702,57688.250, 8.538,5653
 6703,57695.852, 7.602,5653
 6704,57703.273, 7.424,5653
 6705,57711.027, 7.754,5653
 6706,57718.402, 7.372,5653
 6707,57727.285, 8.885,5653
 6708,57734.434, 7.150,5653
 6709,57742.074, 7.639,5653
 6710,57749.910, 7.835,5653
 6711,57757.441, 7.531,5653
 6712,57764.586, 7.148,5653
 6713,57772.520, 7.929,5653
 6714,57779.883, 7.364,5653
 6715,57787.965, 8.084,5653
 6716,57795.738, 7.774,5653
 6717,57802.883, 7.143,5653
 6718,57809.973, 7.086,5653
 6719,57817.020, 7.050,5653
 6720,57824.098, 7.082,5653
 6721,57831.645, 7.542,5653
 6722,57838.836, 7.194,5653
 6723,57846.035, 7.197,5653
 6724,57854.082, 8.050,5653
 6725,57861.875, 7.793,5653
 6726,57868.785, 6.912,5653
 6727,57875.797, 7.009,5653
 6728,57883.293, 7.496,5653
 6729,57890.625, 7.335,5653
 6730,57898.078, 7.450,5653
 6731,57904.727, 6.647,5653
 6732,57912.758, 8.034,5653
 6733,57921.703, 8.943,5653
 6734,57929.477, 7.770,5653
 6735,57936.461, 6.990,5653
 6736,57943.168, 6.703,5653
 6737,57949.828, 6.662,5653
 6738,57956.668, 6.840,5653
 6739,57964.059, 7.393,5653
 6740,57970.746, 6.688,5653
 6741,57978.344, 7.593,5653
 6742,57985.738, 7.399,5653
 6743,57992.266, 6.525,5653
 6744,57999.895, 7.629,5653
 6745,58008.238, 8.345,5653
 6746,58015.020, 6.780,5653
 6747,58021.695, 6.676,5653
 6748,58028.449, 6.756,5653
 6749,58035.379, 6.929,5653
 6750,58042.520, 7.139,5653
 6751,58049.211, 6.692,5653
 6752,58055.758, 6.546,5653
 6753,58062.398, 6.641,5653
 6754,58068.965, 6.567,5653
 6755,58075.465, 6.500,5653
 6756,58082.000, 6.533,5653
 6757,58088.500, 6.498,5653
 6758,58095.988, 7.492,5653
 6759,58102.879, 6.889,5653
 6760,58111.094, 8.216,5653
 6761,58117.828, 6.731,5653
 6762,58124.375, 6.551,5653
 6763,58131.867, 7.491,5653
 6764,58138.617, 6.750,5653
 6765,58145.164, 6.545,5653
 6766,58152.090, 6.931,5653
 6767,58158.793, 6.701,5653
 6768,58165.293, 6.502,5653
 6769,58172.551, 7.254,5653
 6770,58178.930, 6.382,5653
 6771,58185.555, 6.625,5653
 6772,58191.934, 6.378,5653
 6773,58199.242, 7.309,5653
 6774,58205.738, 6.497,5653
 6775,58212.711, 6.970,5653
 6776,58220.551, 7.839,5653
 6777,58227.637, 7.087,5653
 6778,58236.109, 8.474,5653
 6779,58243.125, 7.015,5653
 6780,58249.844, 6.719,5653
 6781,58256.457, 6.616,5653
 6782,58263.602, 7.142,5653
 6783,58270.449, 6.849,5653
 6784,58277.934, 7.484,5653
 6785,58284.719, 6.783,5653
 6786,58292.746, 8.026,5653
 6787,58300.578, 7.836,5653
 6788,58308.637, 8.052,5653
 6789,58315.609, 6.980,5653
 6790,58322.961, 7.351,5653
 6791,58329.957, 6.995,5653
 6792,58336.809, 6.847,5653
 6793,58343.578, 6.774,5653
 6794,58350.410, 6.832,5653
 6795,58357.109, 6.700,5653
 6796,58364.059, 6.949,5653
 6797,58372.332, 8.271,5653
 6798,58380.117, 7.786,5653
 6799,58387.895, 7.777,5653
 6800,58395.859, 7.966,5653
 6801,58403.352, 7.491,5653
 6802,58410.672, 7.319,5653
 6803,58419.020, 8.350,5653
 6804,58426.043, 7.021,5653
 6805,58432.965, 6.925,5653
 6806,58440.148, 7.178,5653
 6807,58447.660, 7.513,5653
 6808,58454.512, 6.854,5653
 6809,58462.348, 7.834,5653
 6810,58469.477, 7.131,5653
 6811,58476.602, 7.127,5653
 6812,58483.941, 7.340,5653
 6813,58490.930, 6.988,5653
 6814,58497.891, 6.958,5653
 6815,58505.305, 7.413,5653
 6816,58512.195, 6.894,5653
 6817,58519.547, 7.350,5653
 6818,58526.813, 7.265,5653
 6819,58535.277, 8.466,5653
 6820,58542.184, 6.904,5653
 6821,58549.754, 7.574,5653
 6822,58557.371, 7.615,5653
 6823,58564.586, 7.218,5653
 6824,58572.426, 7.837,5653
 6825,58579.492, 7.067,5653
 6826,58586.910, 7.419,5653
 6827,58594.027, 7.117,5653
 6828,58601.988, 7.956,5653
 6829,58608.844, 6.858,5653
 6830,58615.488, 6.644,5653
 6831,58622.012, 6.525,5653
 6832,58628.840, 6.827,5653
 6833,58635.484, 6.646,5653
 6834,58642.723, 7.238,5653
 6835,58650.219, 7.498,5653
 6836,58656.684, 6.462,5653
 6837,58663.289, 6.606,5653
 6838,58670.031, 6.741,5653
 6839,58677.309, 7.275,5653
 6840,58683.848, 6.543,5653
 6841,58690.988, 7.137,5653
 6842,58699.379, 8.392,5653
 6843,58706.859, 7.483,5653
 6844,58713.512, 6.651,5653
 6845,58720.430, 6.920,5653
 6846,58727.168, 6.735,5653
 6847,58734.227, 7.061,5653
 6848,58741.160, 6.931,5653
 6849,58748.594, 7.437,5653
 6850,58755.605, 7.011,5653
 6851,58762.988, 7.379,5653
 6852,58769.574, 6.591,5653
 6853,58776.453, 6.880,5653
 6854,58783.426, 6.972,5653
 6855,58789.988, 6.558,5653
 6856,58796.816, 6.830,5653
 6857,58803.563, 6.746,5653
 6858,58810.754, 7.195,5653
 6859,58817.555, 6.800,5653
 6860,58824.270, 6.713,5653
 6861,58830.754, 6.487,5653
 6862,58837.547, 6.790,5653
 6863,58844.906, 7.361,5653
 6864,58852.949, 8.044,5653
 6865,58859.582, 6.631,5653
 6866,58866.246, 6.664,5653
 6867,58872.984, 6.735,5653
 6868,58879.379, 6.398,5653
 6869,58886.164, 6.781,5653
 6870,58892.598, 6.437,5653
 6871,58899.184, 6.586,5653
 6872,58906.566, 7.382,5653
 6873,58913.250, 6.684,5653
 6874,58920.258, 7.007,5653
 6875,58926.813, 6.553,5653
 6876,58933.355, 6.543,5653
 6877,58940.121, 6.768,5653
 6878,58947.637, 7.514,5653
 6879,58955.023, 7.388,5653
 6880,58961.941, 6.919,5653
 6881,58969.156, 7.214,5653
 6882,58976.531, 7.377,5653
 6883,58984.051, 7.517,5653
 6884,58990.777, 6.727,5653
 6885,58997.734, 6.958,5653
 6886,59005.875, 8.138,5653
 6887,59012.859, 6.987,5653
 6888,59019.711, 6.850,5653
 6889,59026.340, 6.631,5653
 6890,59033.848, 7.507,5653
 6891,59040.895, 7.046,5653
 6892,59048.594, 7.702,5653
 6893,59055.426, 6.833,5653
 6894,59062.930, 7.502,5653
 6895,59070.945, 8.015,5653
 6896,59079.441, 8.499,5653
 6897,59088.402, 8.957,5653
 6898,59096.516, 8.112,5653
 6899,59104.805, 8.289,5653
 6900,59112.086, 7.283,5653
 6901,59119.629, 7.545,5653
 6902,59126.828, 7.197,5653
 6903,59134.027, 7.201,5653
 6904,59141.227, 7.198,5653
 6905,59148.863, 7.636,5653
 6906,59155.820, 6.954,5653
 6907,59162.828, 7.009,5653
 6908,59170.574, 7.748,5653
 6909,59178.082, 7.508,5653
 6910,59185.414, 7.334,5653
 6911,59192.363, 6.945,5653
 6912,59200.480, 8.117,5653
 6913,59208.043, 7.564,5653
 6914,59215.539, 7.497,5653
 6915,59223.043, 7.502,5653
 6916,59229.813, 6.769,5653
 6917,59236.316, 6.506,5653
 6918,59243.492, 7.173,5653
 6919,59250.754, 7.268,5653
 6920,59257.273, 6.518,5653
 6921,59263.875, 6.602,5653
 6922,59270.383, 6.506,5653
 6923,59277.266, 6.884,5653
 6924,59283.797, 6.532,5653
 6925,59290.324, 6.524,5653
 6926,59297.051, 6.727,5653
 6927,59304.832, 7.782,5653
 6928,59312.355, 7.522,5653
 6929,59318.914, 6.560,5653
 6930,59325.535, 6.620,5653
 6931,59332.250, 6.718,5653
 6932,59339.383, 7.131,5653
 6933,59347.727, 8.344,5653
 6934,59354.563, 6.836,5653
 6935,59361.836, 7.270,5653
 6936,59368.203, 6.371,5653
 6937,59375.070, 6.868,5653
 6938,59382.289, 7.221,5653
 6939,59389.777, 7.485,5653
 6940,59397.309, 7.527,5653
 6941,59403.785, 6.484,5653
 6942,59411.066, 7.278,5653
 6943,59418.887, 7.820,5653
 6944,59425.813, 6.922,5653
 6945,59432.750, 6.941,5653
 6946,59440.098, 7.347,5653
 6947,59446.559, 6.463,5653
 6948,59453.602, 7.044,5653
 6949,59460.910, 7.308,5653
 6950,59469.500, 8.585,5653
 6951,59477.398, 7.901,5653
 6952,59484.996, 7.597,5653
 6953,59492.637, 7.642,5653
 6954,59499.594, 6.958,5653
 6955,59506.973, 7.376,5653
 6956,59513.660, 6.686,5653
 6957,59520.230, 6.575,5653
 6958,59526.793, 6.565,5653
 6959,59534.121, 7.328,5653
 6960,59540.527, 6.403,5653
 6961,59547.191, 6.664,5653
 6962,59553.820, 6.629,5653
 6963,59560.711, 6.891,5653
 6964,59567.945, 7.237,5653
 6965,59576.227, 8.278,5653
 6966,59582.879, 6.653,5653
 6967,59591.051, 8.169,5653
 6968,59598.094, 7.046,5653
 6969,59605.418, 7.326,5653
 6970,59612.031, 6.609,5653
 6971,59618.844, 6.814,5653
 6972,59626.094, 7.252,5653
 6973,59632.898, 6.805,5653
 6974,59639.500, 6.598,5653
 6975,59646.441, 6.945,5653
 6976,59653.438, 6.995,5653
 6977,59660.469, 7.026,5653
 6978,59667.082, 6.619,5653
 6979,59674.277, 7.194,5653
 6980,59681.484, 7.206,5653
 6981,59688.242, 6.757,5653
 6982,59697.113, 8.874,5653
 6983,59704.844, 7.729,5653
 6984,59711.914, 7.071,5653
 6985,59719.711, 7.797,5653
 6986,59726.941, 7.231,5653
 6987,59734.605, 7.663,5653
 6988,59742.273, 7.669,5653
 6989,59751.141, 8.866,5653
 6990,59758.906, 7.764,5653
 6991,59767.219, 8.312,5653
 6992,59776.035, 8.818,5653
 6993,59784.273, 8.242,5653
 6994,59791.777, 7.503,5653
 6995,59800.156, 8.375,5653
 6996,59808.770, 8.616,5653
 6997,59816.613, 7.844,5653
 6998,59825.156, 8.539,5653
 6999,59832.281, 7.130,5653
 7000,59839.574, 7.290,5653
 7001,59848.141, 8.565,5653
 7002,59856.563, 8.422,5653
 7003,59864.004, 7.441,5653
 7004,59871.395, 7.395,5653
 7005,59877.828, 6.430,5653
 7006,59885.230, 7.405,5653
 7007,59891.789, 6.560,5653
 7008,59898.508, 6.717,5653
 7009,59905.559, 7.049,5653
 7010,59913.523, 7.965,5653
 7011,59920.340, 6.818,5653
 7012,59926.953, 6.612,5653
 7013,59933.859, 6.907,5653
 7014,59941.152, 7.292,5653
 7015,59947.938, 6.785,5653
 7016,59955.402, 7.464,5653
 7017,59961.848, 6.445,5653
 7018,59968.500, 6.655,5653
 7019,59975.137, 6.635,5653
 7020,59981.750, 6.616,5653
 7021,59988.426, 6.675,5653
 7022,59995.645, 7.217,5653
 7023,60002.430, 6.788,5653
 7024,60009.020, 6.588,5653
 7025,60016.742, 7.723,5653
 7026,60023.945, 7.203,5653
 7027,60030.594, 6.648,5653
 7028,60037.180, 6.585,5653
 7029,60044.355, 7.178,5653
 7030,60050.914, 6.556,5653
 7031,60057.539, 6.628,5653
 7032,60064.602, 7.060,5653
 7033,60071.961, 7.361,5653
 7034,60078.512, 6.549,5653
 7035,60085.000, 6.487,5653
 7036,60091.988, 6.990,5653
 7037,60098.367, 6.379,5653
 7038,60105.105, 6.741,5653
 7039,60112.422, 7.315,5653
 7040,60119.914, 7.490,5653
 7041,60127.859, 7.948,5653
 7042,60134.668, 6.804,5653
 7043,60141.160, 6.495,5653
 7044,60147.523, 6.364,5653
 7045,60154.488, 6.963,5653
 7046,60161.887, 7.401,5653
 7047,60168.789, 6.904,5653
 7048,60175.566, 6.774,5653
 7049,60182.004, 6.437,5653
 7050,60188.516, 6.511,5653
 7051,60194.938, 6.426,5653
 7052,60202.074, 7.133,5653
 7053,60209.523, 7.451,5653
 7054,60216.945, 7.422,5653
 7055,60223.777, 6.832,5653
 7056,60231.074, 7.295,5653
 7057,60239.344, 8.271,5653
 7058,60247.238, 7.896,5653
 7059,60255.516, 8.277,5653
 7060,60262.605, 7.089,5653
 7061,60270.371, 7.764,5653
 7062,60276.828, 6.455,5653
 7063,60284.348, 7.521,5653
 7064,60291.156, 6.810,5653
 7065,60297.887, 6.731,5653
 7066,60304.410, 6.522,5653
 7067,60311.625, 7.216,5653
 7068,60318.648, 7.021,5653
 7069,60325.434, 6.789,5653
 7070,60333.660, 8.223,5653
 7071,60342.004, 8.343,5653
 7072,60348.820, 6.820,5653
 7073,60356.531, 7.709,5653
 7074,60363.309, 6.777,5653
 7075,60370.484, 7.178,5653
 7076,60378.078, 7.595,5653
 7077,60385.082, 7.005,5653
 7078,60391.941, 6.857,5653
 7079,60399.035, 7.095,5653
 7080,60405.742, 6.707,5653
 7081,60412.348, 6.604,5653
 7082,60419.793, 7.445,5653
 7083,60427.012, 7.220,5653
 7084,60435.184, 8.171,5653
 7085,60442.754, 7.570,5653
 7086,60450.375, 7.621,5653
 7087,60457.258, 6.886,5653
 7088,60464.199, 6.938,5653
 7089,60471.707, 7.508,5653
 7090,60478.504, 6.795,5653
 7091,60485.578, 7.078,5653
 7092,60492.484, 6.905,5653
 7093,60499.332, 6.844,5653
 7094,60506.012, 6.683,5653
 7095,60514.023, 8.011,5653
 7096,60521.195, 7.170,5653
 7097,60528.988, 7.796,5653
 7098,60536.246, 7.258,5653
 7099,60544.570, 8.325,5653
 7100,60552.840, 8.268,5653
 7101,60560.508, 7.665,5653
 7102,60567.180, 6.673,5653
 7103,60574.707, 7.531,5653
 7104,60582.035, 7.327,5653
 7105,60588.578, 6.541,5653
 7106,60596.219, 7.644,5653
 7107,60604.359, 8.139,5653
 7108,60610.746, 6.386,5653
 7109,60617.754, 7.008,5653
 7110,60624.340, 6.586,5653
 7111,60631.051, 6.713,5653
 7112,60638.574, 7.523,5653
 7113,60646.836, 8.258,5653
 7114,60654.555, 7.723,5653
 7115,60661.695, 7.139,5653
 7116,60668.461, 6.768,5653
 7117,60675.371, 6.905,5653
 7118,60682.762, 7.394,5653
 7119,60689.121, 6.358,5653
 7120,60695.609, 6.492,5653
 7121,60702.027, 6.413,5653
 7122,60708.617, 6.592,5653
 7123,60715.387, 6.767,5653
 7124,60722.004, 6.620,5653
 7125,60728.598, 6.595,5653
 7126,60735.953, 7.357,5653
 7127,60743.859, 7.903,5653
 7128,60750.512, 6.651,5653
 7129,60758.066, 7.558,5653
 7130,60764.848, 6.777,5653
 7131,60772.305, 7.458,5653
 7132,60778.945, 6.644,5653
 7133,60785.883, 6.934,5653
 7134,60792.773, 6.894,5653
 7135,60799.219, 6.443,5653
 7136,60805.863, 6.645,5653
 7137,60813.113, 7.251,5653
 7138,60820.566, 7.452,5653
 7139,60827.375, 6.807,5653
 7140,60833.766, 6.394,5653
 7141,60840.969, 7.200,5653
 7142,60848.238, 7.272,5653
 7143,60854.938, 6.700,5653
 7144,60861.863, 6.924,5653
 7145,60869.016, 7.151,5653
 7146,60876.508, 7.494,5653
 7147,60883.250, 6.742,5653
 7148,60890.559, 7.307,5653
 7149,60897.227, 6.668,5653
 7150,60904.414, 7.188,5653
 7151,60911.020, 6.604,5653
 7152,60919.176, 8.156,5653
 7153,60925.723, 6.550,5653
 7154,60932.773, 7.051,5653
 7155,60940.020, 7.243,5653
 7156,60946.699, 6.680,5653
 7157,60953.305, 6.604,5653
 7158,60959.754, 6.452,5653
 7159,60967.254, 7.500,5653
 7160,60975.262, 8.008,5653
 7161,60982.566, 7.306,5653
 7162,60990.418, 7.853,5653
 7163,60997.281, 6.864,5653
 7164,61004.383, 7.099,5653
 7165,61011.055, 6.670,5653
 7166,61018.172, 7.117,5653
 7167,61028.656,10.485,5653
 7168,61036.754, 8.099,5653
 7169,61044.844, 8.090,5653
 7170,61052.004, 7.156,5653
 7171,61059.512, 7.509,5653
 7172,61067.133, 7.622,5653
 7173,61075.531, 8.398,5653
 7174,61083.652, 8.123,5653
 7175,61091.363, 7.709,5653
 7176,61098.543, 7.181,5653
 7177,61106.223, 7.679,5653
 7178,61113.430, 7.208,5653
 7179,61121.480, 8.048,5653
 7180,61128.348, 6.867,5653
 7181,61136.117, 7.774,5653
 7182,61144.512, 8.393,5653
 7183,61153.012, 8.501,5653
 7184,61160.305, 7.291,5653
 7185,61167.348, 7.045,5653
 7186,61174.309, 6.957,5653
 7187,61182.152, 7.846,5653
 7188,61188.664, 6.511,5653
 7189,61195.637, 6.970,5653
 7190,61202.180, 6.544,5653
 7191,61208.883, 6.705,5653
 7192,61215.605, 6.724,5653
 7193,61222.230, 6.626,5653
 7194,61229.699, 7.468,5653
 7195,61236.516, 6.816,5653
 7196,61243.242, 6.726,5653
 7197,61250.309, 7.066,5653
 7198,61257.082, 6.775,5653
 7199,61263.703, 6.621,5653
 7200,61270.008, 6.303,5653
 7201,61277.246, 7.239,5653
 7202,61284.262, 7.016,5653
 7203,61291.066, 6.803,5653
 7204,61297.738, 6.674,5653
 7205,61304.363, 6.625,5653
 7206,61311.133, 6.767,5653
 7207,61318.258, 7.129,5653
 7208,61325.414, 7.154,5653
 7209,61333.043, 7.630,5653
 7210,61339.570, 6.527,5653
 7211,61346.141, 6.569,5653
 7212,61352.617, 6.479,5653
 7213,61359.273, 6.655,5653
 7214,61366.828, 7.552,5653
 7215,61373.438, 6.614,5653
 7216,61381.035, 7.594,5653
 7217,61387.660, 6.624,5653
 7218,61395.227, 7.570,5653
 7219,61401.785, 6.559,5653
 7220,61409.824, 8.036,5653
 7221,61417.891, 8.066,5653
 7222,61426.027, 8.139,5653
 7223,61433.598, 7.570,5653
 7224,61440.238, 6.642,5653
 7225,61447.414, 7.175,5653
 7226,61454.715, 7.301,5653
 7227,61462.402, 7.685,5653
 7228,61469.355, 6.952,5653
 7229,61475.969, 6.614,5653
 7230,61482.762, 6.798,5653
 7231,61490.059, 7.294,5653
 7232,61498.539, 8.482,5653
 7233,61505.805, 7.261,5653
 7234,61515.238, 9.436,5653
 7235,61522.527, 7.290,5653
 7236,61530.781, 8.256,5653
 7237,61537.836, 7.053,5653
 7238,61544.324, 6.484,5653
 7239,61551.695, 7.373,5653
 7240,61558.156, 6.460,5653
 7241,61564.645, 6.489,5653
 7242,61570.926, 6.283,5653
 7243,61577.648, 6.720,5653
 7244,61584.203, 6.557,5653
 7245,61591.195, 6.993,5653
 7246,61600.020, 8.825,5653
 7247,61607.691, 7.669,5653
 7248,61614.973, 7.281,5653
 7249,61622.586, 7.616,5653
 7250,61630.223, 7.637,5653
 7251,61638.051, 7.825,5653
 7252,61645.324, 7.276,5653
 7253,61652.223, 6.898,5653
 7254,61659.199, 6.977,5653
 7255,61665.922, 6.725,5653
 7256,61672.684, 6.758,5653
 7257,61680.535, 7.853,5653
 7258,61687.504, 6.968,5653
 7259,61694.340, 6.836,5653
 7260,61701.871, 7.532,5653
 7261,61709.434, 7.564,5653
 7262,61716.766, 7.332,5653
 7263,61723.871, 7.102,5653
 7264,61730.668, 6.798,5653
 7265,61737.496, 6.826,5653
 7266,61745.188, 7.692,5653
 7267,61752.984, 7.797,5653
 7268,61760.195, 7.211,5653
 7269,61767.301, 7.105,5653
 7270,61774.531, 7.231,5653
 7271,61782.086, 7.558,5653
 7272,61788.496, 6.408,5653
 7273,61794.898, 6.404,5653
 7274,61802.109, 7.212,5653
 7275,61810.715, 8.605,5653
 7276,61818.656, 7.937,5653
 7277,61826.020, 7.365,5653
 7278,61832.824, 6.805,5653
 7279,61839.273, 6.449,5653
 7280,61845.965, 6.690,5653
 7281,61853.574, 7.613,5653
 7282,61860.258, 6.683,5653
 7283,61867.258, 6.998,5653
 7284,61873.988, 6.730,5653
 7285,61880.816, 6.828,5653
 7286,61887.387, 6.572,5653
 7287,61894.871, 7.483,5653
 7288,61901.676, 6.804,5653
 7289,61908.109, 6.437,5653
 7290,61916.004, 7.894,5653
 7291,61923.828, 7.820,5653
 7292,61930.992, 7.167,5653
 7293,61938.160, 7.168,5653
 7294,61946.000, 7.839,5653
 7295,61954.590, 8.592,5653
 7296,61962.754, 8.162,5653
 7297,61970.938, 8.185,5653
 7298,61978.672, 7.734,5653
 7299,61986.246, 7.576,5653
 7300,61993.625, 7.379,5653
 7301,62000.883, 7.255,5653
 7302,62009.535, 8.654,5653
 7303,62018.215, 8.680,5653
 7304,62026.789, 8.576,5653
 7305,62035.156, 8.365,5653
 7306,62042.219, 7.064,5653
 7307,62050.230, 8.011,5653
 7308,62058.281, 8.052,5653
 7309,62065.234, 6.952,5653
 7310,62072.324, 7.085,5653
 7311,62079.988, 7.664,5653
 7312,62087.418, 7.435,5653
 7313,62095.066, 7.646,5653
 7314,62102.051, 6.986,5653
 7315,62110.625, 8.577,5653
 7316,62119.082, 8.454,5653
 7317,62126.340, 7.255,5653
 7318,62134.797, 8.456,5653
 7319,62142.000, 7.206,5653
 7320,62148.805, 6.803,5653
 7321,62155.594, 6.793,5653
 7322,62162.363, 6.765,5653
 7323,62169.281, 6.923,5653
 7324,62176.074, 6.789,5653
 7325,62182.844, 6.771,5653
 7326,62190.324, 7.478,5653
 7327,62198.141, 7.817,5653
 7328,62206.176, 8.035,5653
 7329,62214.859, 8.685,5653
 7330,62223.566, 8.708,5653
 7331,62230.805, 7.234,5653
 7332,62239.273, 8.475,5653
 7333,62247.578, 8.305,5653
 7334,62254.500, 6.918,5653
 7335,62261.180, 6.678,5653
 7336,62268.105, 6.932,5653
 7337,62275.426, 7.316,5653
 7338,62282.141, 6.714,5653
 7339,62288.648, 6.509,5653
 7340,62295.145, 6.496,5653
 7341,62302.813, 7.666,5653
 7342,62309.496, 6.684,5653
 7343,62316.645, 7.149,5653
 7344,62323.363, 6.718,5653
 7345,62329.758, 6.399,5653
 7346,62336.324, 6.563,5653
 7347,62343.988, 7.662,5653
 7348,62350.867, 6.880,5653
 7349,62357.883, 7.016,5653
 7350,62364.656, 6.775,5653
 7351,62371.816, 7.158,5653
 7352,62379.195, 7.381,5653
 7353,62386.035, 6.839,5653
 7354,62393.074, 7.043,5653
 7355,62400.254, 7.179,5653
 7356,62407.031, 6.774,5653
 7357,62414.082, 7.051,5653
 7358,62421.340, 7.257,5653
 7359,62428.223, 6.885,5653
 7360,62436.148, 7.925,5653
 7361,62443.156, 7.009,5653
 7362,62450.660, 7.502,5653
 7363,62457.328, 6.669,5653
 7364,62464.109, 6.782,5653
 7365,62470.848, 6.737,5653
 7366,62477.773, 6.929,5653
 7367,62485.121, 7.345,5653
 7368,62492.746, 7.626,5653
 7369,62501.375, 8.629,5653
 7370,62508.359, 6.982,5653
 7371,62515.820, 7.459,5653
 7372,62522.656, 6.839,5653
 7373,62529.133, 6.476,5653
 7374,62535.492, 6.361,5653
 7375,62542.078, 6.587,5653
 7376,62548.781, 6.702,5653
 7377,62556.203, 7.422,5653
 7378,62562.691, 6.487,5653
 7379,62569.500, 6.809,5653
 7380,62576.301, 6.801,5653
 7381,62583.441, 7.140,5653
 7382,62590.602, 7.163,5653
 7383,62598.477, 7.873,5653
 7384,62606.258, 7.784,5653
 7385,62613.797, 7.533,5653
 7386,62620.980, 7.186,5653
 7387,62628.160, 7.180,5653
 7388,62635.418, 7.260,5653
 7389,62642.402, 6.981,5653
 7390,62649.465, 7.063,5653
 7391,62656.977, 7.512,5653
 7392,62663.715, 6.739,5653
 7393,62670.289, 6.578,5653
 7394,62676.848, 6.554,5653
 7395,62683.234, 6.389,5653
 7396,62690.043, 6.806,5653
 7397,62696.730, 6.690,5653
 7398,62704.680, 7.948,5653
 7399,62711.066, 6.388,5653
 7400,62717.695, 6.626,5653
 7401,62724.438, 6.746,5653
 7402,62730.762, 6.322,5653
 7403,62737.035, 6.274,5653
 7404,62743.844, 6.809,5653
 7405,62750.340, 6.493,5653
 7406,62756.773, 6.436,5653
 7407,62764.332, 7.557,5653
 7408,62771.746, 7.414,5653
 7409,62777.922, 6.179,5653
 7410,62785.215, 7.292,5653
 7411,62791.563, 6.347,5653
 7412,62797.918, 6.355,5653
 7413,62804.281, 6.363,5653
 7414,62810.648, 6.365,5653
 7415,62818.168, 7.520,5653
 7416,62824.762, 6.595,5653
 7417,62832.023, 7.263,5653
 7418,62838.281, 6.258,5653
 7419,62845.477, 7.195,5653
 7420,62851.848, 6.371,5653
 7421,62858.203, 6.357,5653
 7422,62865.281, 7.078,5653
 7423,62873.008, 7.723,5653
 7424,62879.355, 6.347,5653
 7425,62885.852, 6.498,5653
 7426,62892.434, 6.582,5653
 7427,62898.895, 6.461,5653
 7428,62905.258, 6.363,5653
 7429,62911.512, 6.253,5653
 7430,62918.777, 7.271,5653
 7431,62925.313, 6.530,5653
 7432,62931.816, 6.505,5653
 7433,62938.289, 6.476,5653
 7434,62944.594, 6.303,5653
 7435,62952.113, 7.522,5653
 7436,62958.828, 6.711,5653
 7437,62965.980, 7.149,5653
 7438,62973.566, 7.591,5653
 7439,62983.426, 9.861,5653
 7440,62992.934, 9.507,5653
 7441,63001.359, 8.423,5653
 7442,63008.945, 7.590,5653
 7443,63016.098, 7.149,5653
 7444,63023.602, 7.506,5653
 7445,63031.438, 7.836,5653
 7446,63038.508, 7.068,5653
 7447,63046.020, 7.512,5653
 7448,63053.004, 6.982,5653
 7449,63059.977, 6.973,5653
 7450,63067.977, 8.000,5653
 7451,63074.996, 7.020,5653
 7452,63083.203, 8.209,5653
 7453,63090.488, 7.282,5653
 7454,63098.090, 7.604,5653
 7455,63106.012, 7.923,5653
 7456,63113.934, 7.922,5653
 7457,63121.273, 7.342,5653
 7458,63128.480, 7.203,5653
 7459,63135.129, 6.647,5653
 7460,63141.578, 6.454,5653
 7461,63148.902, 7.322,5653
 7462,63155.348, 6.446,5653
 7463,63161.984, 6.633,5653
 7464,63169.281, 7.303,5653
 7465,63175.715, 6.432,5653
 7466,63182.113, 6.397,5653
 7467,63189.098, 6.986,5653
 7468,63195.551, 6.451,5653
 7469,63202.676, 7.126,5653
 7470,63208.930, 6.255,5653
 7471,63215.652, 6.718,5653
 7472,63222.234, 6.587,5653
 7473,63228.668, 6.432,5653
 7474,63234.969, 6.298,5653
 7475,63241.719, 6.753,5653
 7476,63248.977, 7.256,5653
 7477,63255.785, 6.809,5653
 7478,63262.730, 6.948,5653
 7479,63269.906, 7.175,5653
 7480,63276.281, 6.373,5653
 7481,63283.250, 6.971,5653
 7482,63290.121, 6.869,5653
 7483,63297.363, 7.240,5653
 7484,63304.348, 6.986,5653
 7485,63311.965, 7.615,5653
 7486,63318.859, 6.898,5653
 7487,63325.844, 6.985,5653
 7488,63332.266, 6.421,5653
 7489,63339.672, 7.404,5653
 7490,63346.766, 7.097,5653
 7491,63354.148, 7.381,5653
 7492,63360.867, 6.717,5653
 7493,63367.953, 7.088,5653
 7494,63376.879, 8.925,5653
 7495,63384.785, 7.908,5653
 7496,63392.211, 7.425,5653
 7497,63400.602, 8.392,5653
 7498,63407.508, 6.904,5653
 7499,63414.066, 6.560,5653
 7500,63420.766, 6.699,5653
 7501,63427.258, 6.491,5653
 7502,63433.738, 6.480,5653
 7503,63440.301, 6.560,5653
 7504,63448.445, 8.151,5653
 7505,63455.074, 6.626,5685
 7506,63461.852, 6.777,5685
 7507,63469.523, 7.671,5685
 7508,63476.504, 6.980,5685
 7509,63483.113, 6.613,5685
 7510,63490.309, 7.193,5685
 7511,63497.559, 7.250,5685
 7512,63504.387, 6.827,5685
 7513,63511.852, 7.465,5685
 7514,63519.266, 7.416,5685
 7515,63526.668, 7.399,5685
 7516,63533.777, 7.112,5685
 7517,63540.410, 6.634,5685
 7518,63547.934, 7.524,5685
 7519,63554.605, 6.672,5685
 7520,63561.445, 6.840,5685
 7521,63568.156, 6.709,5685
 7522,63574.770, 6.616,5685
 7523,63582.133, 7.359,5685
 7524,63589.066, 6.935,5685
 7525,63596.094, 7.028,5685
 7526,63603.113, 7.022,5685
 7527,63610.262, 7.146,5685
 7528,63619.000, 8.736,5685
 7529,63626.316, 7.318,5685
 7530,63633.188, 6.872,5685
 7531,63640.363, 7.173,5685
 7532,63647.852, 7.489,5685
 7533,63655.574, 7.724,5685
 7534,63662.516, 6.943,5685
 7535,63669.383, 6.866,5685
 7536,63676.320, 6.937,5685
 7537,63683.801, 7.478,5685
 7538,63691.207, 7.408,5685
 7539,63698.363, 7.155,5685
 7540,63705.875, 7.513,5685
 7541,63714.023, 8.149,5685
 7542,63721.727, 7.703,5685
 7543,63729.211, 7.485,5685
 7544,63736.059, 6.850,5685
 7545,63743.410, 7.351,5685
 7546,63750.727, 7.316,5685
 7547,63757.176, 6.446,5685
 7548,63764.406, 7.234,5685
 7549,63772.480, 8.071,5685
 7550,63779.387, 6.906,5685
 7551,63786.262, 6.879,5685
 7552,63792.852, 6.589,5685
 7553,63799.402, 6.550,5685
 7554,63806.090, 6.686,5685
 7555,63813.379, 7.289,5685
 7556,63819.906, 6.529,5685
 7557,63826.902, 6.997,5685
 7558,63833.500, 6.593,5685
 7559,63840.320, 6.822,5685
 7560,63847.121, 6.805,5685
 7561,63853.785, 6.663,5685
 7562,63860.449, 6.662,5685
 7563,63867.020, 6.568,5685
 7564,63874.305, 7.286,5685
 7565,63881.031, 6.727,5685
 7566,63888.238, 7.208,5685
 7567,63895.023, 6.786,5685
 7568,63901.359, 6.334,5685
 7569,63908.371, 7.011,5685
 7570,63915.527, 7.157,5685
 7571,63922.309, 6.783,5685
 7572,63928.930, 6.621,5685
 7573,63935.672, 6.741,5685
 7574,63942.363, 6.693,5685
 7575,63948.859, 6.494,5685
 7576,63956.516, 7.659,5685
 7577,63963.352, 6.835,5685
 7578,63969.629, 6.273,5685
 7579,63976.633, 7.005,5685
 7580,63984.180, 7.551,5685
 7581,63990.656, 6.475,5685
 7582,63997.520, 6.863,5685
 7583,64004.043, 6.524,5685
 7584,64010.922, 6.881,5685
 7585,64017.500, 6.575,5685
 7586,64023.922, 6.426,5685
 7587,64031.441, 7.516,5685
 7588,64039.930, 8.490,5685
 7589,64047.418, 7.489,5685
 7590,64054.355, 6.936,5685
 7591,64061.359, 7.002,5685
 7592,64067.953, 6.595,5685
 7593,64075.414, 7.461,5685
 7594,64082.953, 7.542,5685
 7595,64090.371, 7.415,5685
 7596,64097.754, 7.384,5685
 7597,64104.230, 6.475,5685
 7598,64111.516, 7.286,5685
 7599,64118.090, 6.573,5685
 7600,64124.898, 6.808,5685
 7601,64132.004, 7.107,5685
 7602,64138.844, 6.841,5685
 7603,64147.484, 8.637,5685
 7604,64155.332, 7.847,5685
 7605,64163.609, 8.282,5685
 7606,64170.566, 6.957,5685
 7607,64177.879, 7.312,5685
 7608,64184.547, 6.667,5685
 7609,64191.809, 7.260,5685
 7610,64199.355, 7.546,5685
 7611,64206.809, 7.453,5685
 7612,64213.523, 6.716,5685
 7613,64220.242, 6.722,5685
 7614,64226.668, 6.423,5685
 7615,64233.148, 6.482,5685
 7616,64239.777, 6.629,5685
 7617,64247.035, 7.256,5685
 7618,64254.129, 7.093,5685
 7619,64260.973, 6.843,5685
 7620,64268.340, 7.367,5685
 7621,64274.898, 6.561,5685
 7622,64281.688, 6.790,5685
 7623,64288.828, 7.138,5685
 7624,64295.492, 6.666,5685
 7625,64302.191, 6.700,5685
 7626,64308.750, 6.560,5685
 7627,64316.172, 7.421,5685
 7628,64323.652, 7.480,5685
 7629,64330.598, 6.945,5685
 7630,64338.047, 7.449,5685
 7631,64346.211, 8.164,5685
 7632,64353.945, 7.736,5685
 7633,64360.961, 7.012,5685
 7634,64367.945, 6.990,5685
 7635,64374.785, 6.837,5685
 7636,64381.512, 6.724,5685
 7637,64388.238, 6.728,5685
 7638,64395.555, 7.319,5685
 7639,64402.215, 6.659,5685
 7640,64409.094, 6.879,5685
 7641,64416.527, 7.432,5685
 7642,64423.891, 7.365,5685
 7643,64431.035, 7.145,5685
 7644,64438.410, 7.373,5685
 7645,64446.250, 7.841,5685
 7646,64453.953, 7.703,5685
 7647,64462.125, 8.169,5685
 7648,64469.922, 7.799,5685
 7649,64477.203, 7.279,5685
 7650,64483.813, 6.610,5685
 7651,64490.195, 6.386,5685
 7652,64496.586, 6.388,5685
 7653,64503.953, 7.370,5685
 7654,64510.219, 6.265,5685
 7655,64517.238, 7.018,5685
 7656,64523.707, 6.471,5685
 7657,64530.063, 6.353,5685
 7658,64537.211, 7.151,5685
 7659,64543.973, 6.756,5685
 7660,64551.668, 7.697,5685
 7661,64560.035, 8.370,5685
 7662,64568.484, 8.445,5685
 7663,64575.387, 6.904,5685
 7664,64582.063, 6.677,5685
 7665,64588.852, 6.790,5685
 7666,64595.551, 6.699,5685
 7667,64602.184, 6.633,5685
 7668,64608.742, 6.558,5685
 7669,64616.777, 8.039,5685
 7670,64623.441, 6.660,5685
 7671,64629.840, 6.399,5685
 7672,64636.477, 6.634,5685
 7673,64642.898, 6.424,5685
 7674,64649.988, 7.091,5685
 7675,64657.215, 7.225,5685
 7676,64664.773, 7.562,5685
 7677,64671.852, 7.073,5685
 7678,64679.504, 7.655,5685
 7679,64686.746, 7.243,5685
 7680,64693.125, 6.375,5685
 7681,64699.625, 6.502,5685
 7682,64706.340, 6.716,5685
 7683,64712.824, 6.482,5685
 7684,64720.309, 7.484,5685
 7685,64727.227, 6.920,5685
 7686,64734.004, 6.779,5685
 7687,64740.492, 6.486,5685
 7688,64747.195, 6.703,5685
 7689,64753.836, 6.641,5685
 7690,64760.258, 6.424,5685
 7691,64767.145, 6.885,5685
 7692,64773.734, 6.591,5685
 7693,64781.465, 7.727,5685
 7694,64787.965, 6.501,5685
 7695,64794.414, 6.453,5685
 7696,64801.438, 7.022,5685
 7697,64807.742, 6.304,5685
 7698,64814.199, 6.456,5685
 7699,64821.594, 7.399,5685
 7700,64828.172, 6.572,5685
 7701,64835.152, 6.983,5685
 7702,64842.504, 7.352,5685
 7703,64849.844, 7.341,5685
 7704,64856.898, 7.053,5685
 7705,64864.719, 7.822,5685
 7706,64871.723, 7.003,5685
 7707,64878.441, 6.720,5685
 7708,64887.094, 8.652,5685
 7709,64894.008, 6.913,5685
 7710,64901.695, 7.687,5685
 7711,64909.250, 7.557,5685
 7712,64916.695, 7.442,5685
 7713,64923.699, 7.007,5685
 7714,64930.668, 6.965,5685
 7715,64939.711, 9.044,5685
 7716,64948.035, 8.323,5685
 7717,64955.469, 7.433,5685
 7718,64962.605, 7.141,5685
 7719,64970.066, 7.459,5685
 7720,64976.891, 6.823,5685
 7721,64983.898, 7.009,5685
 7722,64991.449, 7.554,5685
 7723,64998.762, 7.309,5685
 7724,65006.461, 7.696,5685
 7725,65013.535, 7.078,5685
 7726,65020.273, 6.741,5685
 7727,65027.836, 7.561,5685
 7728,65036.773, 8.939,5685
 7729,65044.102, 7.328,5685
 7730,65051.422, 7.318,5685
 7731,65058.410, 6.988,5685
 7732,65066.234, 7.826,5685
 7733,65073.766, 7.530,5685
 7734,65080.891, 7.126,5685
 7735,65087.203, 6.309,5685
 7736,65093.707, 6.508,5685
 7737,65100.895, 7.186,5685
 7738,65107.445, 6.552,5685
 7739,65113.945, 6.498,5685
 7740,65121.395, 7.448,5685
 7741,65128.523, 7.130,5685
 7742,65134.926, 6.405,5685
 7743,65141.262, 6.334,5685
 7744,65147.414, 6.152,5685
 7745,65154.359, 6.946,5685
 7746,65160.867, 6.509,5685
 7747,65167.059, 6.191,5685
 7748,65174.000, 6.939,5685
 7749,65180.738, 6.739,5685
 7750,65187.012, 6.275,5685
 7751,65193.215, 6.202,5685
 7752,65199.574, 6.361,5685
 7753,65206.375, 6.799,5685
 7754,65212.691, 6.316,5685
 7755,65219.262, 6.572,5685
 7756,65225.672, 6.409,5685
 7757,65232.051, 6.377,5685
 7758,65239.551, 7.502,5685
 7759,65246.180, 6.628,5685
 7760,65252.766, 6.589,5685
 7761,65259.340, 6.570,5685
 7762,65265.602, 6.264,5685
 7763,65271.918, 6.318,5685
 7764,65279.078, 7.160,5685
 7765,65285.422, 6.344,5685
 7766,65292.023, 6.599,5685
 7767,65298.957, 6.933,5685
 7768,65305.777, 6.822,5685
 7769,65312.418, 6.643,5685
 7770,65319.125, 6.703,5685
 7771,65326.586, 7.462,5685
 7772,65333.590, 7.005,5685
 7773,65341.715, 8.123,5685
 7774,65349.219, 7.507,5685
 7775,65356.637, 7.413,5685
 7776,65364.418, 7.785,5685
 7777,65371.988, 7.566,5685
 7778,65378.500, 6.513,5685
 7779,65384.914, 6.419,5685
 7780,65391.262, 6.347,5685
 7781,65397.734, 6.471,5685
 7782,65404.523, 6.788,5685
 7783,65412.070, 7.547,5685
 7784,65419.281, 7.215,5685
 7785,65425.785, 6.500,5685
 7786,65432.492, 6.708,5685
 7787,65439.309, 6.814,5685
 7788,65447.363, 8.056,5685
 7789,65454.129, 6.763,5685
 7790,65460.598, 6.474,5685
 7791,65467.020, 6.420,5685
 7792,65474.188, 7.167,5685
 7793,65480.840, 6.653,5685
 7794,65488.586, 7.748,5685
 7795,65495.328, 6.738,5685
 7796,65501.914, 6.590,5685
 7797,65509.715, 7.798,5685
 7798,65516.797, 7.083,5685
 7799,65523.781, 6.987,5685
 7800,65530.348, 6.564,5685
 7801,65537.984, 7.640,5685
 7802,65544.977, 6.991,5685
 7803,65551.781, 6.805,5685
 7804,65559.070, 7.285,5685
 7805,65566.000, 6.932,5685
 7806,65573.602, 7.600,5685
 7807,65580.656, 7.053,5685
 7808,65587.227, 6.571,5685
 7809,65593.922, 6.696,5685
 7810,65601.320, 7.401,5685
 7811,65608.109, 6.785,5685
 7812,65614.820, 6.715,5685
 7813,65622.594, 7.771,5685
 7814,65629.906, 7.312,5685
 7815,65636.750, 6.843,5685
 7816,65643.625, 6.875,5685
 7817,65650.484, 6.859,5685
 7818,65658.563, 8.080,5685
 7819,65665.547, 6.985,5685
 7820,65673.234, 7.684,5685
 7821,65679.953, 6.720,5685
 7822,65686.414, 6.464,5685
 7823,65693.656, 7.240,5685
 7824,65700.797, 7.145,5685
 7825,65707.039, 6.239,5685
 7826,65713.602, 6.559,5685
 7827,65720.406, 6.803,5685
 7828,65728.531, 8.130,5685
 7829,65735.992, 7.463,5685
 7830,65742.602, 6.605,5685
 7831,65749.586, 6.983,5685
 7832,65757.367, 7.784,5685
 7833,65764.117, 6.752,5685
 7834,65770.383, 6.260,5685
 7835,65776.820, 6.445,5685
 7836,65783.797, 6.972,5685
 7837,65790.211, 6.417,5685
 7838,65796.469, 6.256,5685
 7839,65802.789, 6.320,5685
 7840,65809.492, 6.702,5685
 7841,65816.656, 7.164,5685
 7842,65824.688, 8.038,5685
 7843,65831.320, 6.628,5685
 7844,65838.586, 7.262,5685
 7845,65845.352, 6.774,5685
 7846,65852.758, 7.399,5685
 7847,65859.227, 6.474,5685
 7848,65865.453, 6.226,5685
 7849,65872.648, 7.194,5685
 7850,65879.164, 6.513,5685
 7851,65885.305, 6.143,5685
 7852,65891.734, 6.426,5685
 7853,65899.242, 7.508,5685
 7854,65906.758, 7.514,5685
 7855,65912.828, 6.073,5685
 7856,65919.563, 6.736,5685
 7857,65927.133, 7.574,5685
 7858,65933.445, 6.308,5685
 7859,65940.305, 6.859,5685
 7860,65947.148, 6.849,5685
 7861,65953.531, 6.381,5685
 7862,65960.938, 7.406,5685
 7863,65968.164, 7.227,5685
 7864,65975.313, 7.149,5685
 7865,65982.375, 7.060,5685
 7866,65989.258, 6.885,5685
 7867,65995.492, 6.235,5685
 7868,66002.656, 7.163,5685
 7869,66009.266, 6.609,5685
 7870,66015.695, 6.434,5685
 7871,66022.078, 6.377,5685
 7872,66029.289, 7.215,5685
 7873,66035.602, 6.306,5685
 7874,66041.820, 6.219,5685
 7875,66049.000, 7.181,5685
 7876,66055.695, 6.700,5685
 7877,66062.109, 6.408,5685
 7878,66068.594, 6.487,5685
 7879,66075.406, 6.813,5685
 7880,66083.117, 7.713,5685
 7881,66089.938, 6.819,5685
 7882,66096.797, 6.855,5685
 7883,66104.758, 7.964,5685
 7884,66114.359, 9.600,5685
 7885,66123.141, 8.786,5685
 7886,66130.320, 7.174,5685
 7887,66137.602, 7.287,5685
 7888,66144.234, 6.628,5685
 7889,66151.305, 7.070,5685
 7890,66159.828, 8.524,5685
 7891,66166.648, 6.819,5685
 7892,66173.250, 6.605,5685
 7893,66180.531, 7.284,5685
 7894,66188.258, 7.722,5685
 7895,66195.922, 7.662,5685
 7896,66202.797, 6.880,5685
 7897,66210.102, 7.303,5685
 7898,66217.250, 7.148,5685
 7899,66224.328, 7.079,5685
 7900,66231.133, 6.800,5685
 7901,66237.672, 6.547,5685
 7902,66244.180, 6.502,5685
 7903,66250.633, 6.459,5685
 7904,66257.859, 7.224,5685
 7905,66264.906, 7.047,5685
 7906,66272.727, 7.818,5685
 7907,66280.180, 7.456,5685
 7908,66287.070, 6.886,5685
 7909,66294.031, 6.965,5685
 7910,66301.016, 6.987,5685
 7911,66307.695, 6.676,5685
 7912,66314.984, 7.289,5685
 7913,66321.836, 6.852,5685
 7914,66328.500, 6.663,5685
 7915,66336.961, 8.465,5685
 7916,66344.430, 7.463,5685
 7917,66351.344, 6.914,5685
 7918,66358.016, 6.677,5685
 7919,66365.234, 7.212,5685
 7920,66373.656, 8.429,5685
 7921,66380.523, 6.864,5685
 7922,66388.516, 7.991,5685
 7923,66396.602, 8.090,5685
 7924,66403.492, 6.890,5685
 7925,66410.523, 7.028,5685
 7926,66418.211, 7.684,5685
 7927,66425.555, 7.344,5685
 7928,66432.555, 7.002,5685
 7929,66438.828, 6.272,5685
 7930,66445.078, 6.250,5685
 7931,66451.211, 6.131,5685
 7932,66457.938, 6.728,5685
 7933,66465.313, 7.378,5685
 7934,66471.789, 6.476,5685
 7935,66478.641, 6.856,5685
 7936,66485.875, 7.228,5685
 7937,66492.305, 6.435,5685
 7938,66498.641, 6.335,5685
 7939,66505.984, 7.344,5685
 7940,66514.211, 8.225,5685
 7941,66522.688, 8.482,5685
 7942,66529.461, 6.765,5685
 7943,66536.219, 6.756,5685
 7944,66542.992, 6.782,5685
 7945,66550.141, 7.143,5685
 7946,66557.813, 7.674,5685
 7947,66565.742, 7.929,5685
 7948,66572.883, 7.142,5685
 7949,66580.172, 7.288,5685
 7950,66587.766, 7.590,5685
 7951,66595.602, 7.836,5685
 7952,66603.461, 7.862,5685
 7953,66610.750, 7.290,5685
 7954,66617.820, 7.068,5685
 7955,66624.969, 7.152,5685
 7956,66633.359, 8.394,5685
 7957,66640.289, 6.929,5685
 7958,66646.867, 6.576,5685
 7959,66653.570, 6.703,5685
 7960,66660.094, 6.518,5685
 7961,66667.180, 7.091,5685
 7962,66673.594, 6.411,5685
 7963,66681.305, 7.714,5685
 7964,66688.414, 7.109,5685
 7965,66694.984, 6.572,5685
 7966,66701.813, 6.826,5685
 7967,66708.102, 6.289,5685
 7968,66714.516, 6.412,5685
 7969,66720.883, 6.367,5685
 7970,66727.570, 6.685,5685
 7971,66733.883, 6.314,5685
 7972,66740.195, 6.314,5685
 7973,66747.258, 7.063,5685
 7974,66754.570, 7.314,5685
 7975,66761.047, 6.474,5685
 7976,66767.422, 6.373,5685
 7977,66774.344, 6.928,5685
 7978,66780.828, 6.479,5685
 7979,66787.625, 6.799,5685
 7980,66794.961, 7.340,5685
 7981,66802.781, 7.815,5685
 7982,66809.227, 6.449,5685
 7983,66815.547, 6.315,5685
 7984,66823.133, 7.588,5685
 7985,66829.461, 6.328,5685
 7986,66835.961, 6.501,5685
 7987,66843.438, 7.476,5685
 7988,66849.984, 6.547,5685
 7989,66856.594, 6.610,5685
 7990,66863.148, 6.555,5685
 7991,66870.219, 7.068,5685
 7992,66877.641, 7.424,5685
 7993,66884.438, 6.795,5685
 7994,66891.211, 6.774,5685
 7995,66899.313, 8.104,5685
 7996,66909.234, 9.921,5685
 7997,66917.781, 8.543,5685
 7998,66925.250, 7.475,5685
 7999,66932.117, 6.864,5685
 8000,66939.070, 6.952,5685
 8001,66946.383, 7.316,5685
 8002,66952.953, 6.570,5685
 8003,66960.117, 7.164,5685
 8004,66966.891, 6.771,5685
 8005,66974.078, 7.188,5685
 8006,66981.602, 7.521,5685
 8007,66989.203, 7.604,5685
 8008,66996.656, 7.458,5685
 8009,67004.320, 7.664,5685
 8010,67012.039, 7.711,5685
 8011,67019.125, 7.092,5685
 8012,67025.344, 6.220,5685
 8013,67031.844, 6.499,5685
 8014,67038.195, 6.353,5685
 8015,67045.305, 7.103,5685
 8016,67052.438, 7.132,5685
 8017,67059.875, 7.442,5685
 8018,67066.922, 7.047,5685
 8019,67074.828, 7.903,5685
 8020,67081.266, 6.436,5685
 8021,67087.391, 6.127,5685
 8022,67094.406, 7.012,5685
 8023,67100.617, 6.217,5685
 8024,67106.836, 6.217,5685
 8025,67113.648, 6.814,5685
 8026,67121.023, 7.378,5685
 8027,67128.445, 7.418,5685
 8028,67134.609, 6.164,5685
 8029,67141.719, 7.110,5685
 8030,67148.070, 6.351,5685
 8031,67154.516, 6.442,5685
 8032,67160.914, 6.401,5685
 8033,67167.359, 6.450,5685
 8034,67173.461, 6.092,5685
 8035,67180.164, 6.705,5685
 8036,67186.320, 6.162,5685
 8037,67193.516, 7.193,5685
 8038,67201.172, 7.660,5685
 8039,67207.383, 6.201,5685
 8040,67213.539, 6.164,5685
 8041,67221.086, 7.542,5685
 8042,67228.938, 7.855,5685
 8043,67235.555, 6.620,5685
 8044,67242.219, 6.660,5685
 8045,67248.656, 6.439,5685
 8046,67255.000, 6.344,5685
 8047,67262.727, 7.725,5685
 8048,67269.094, 6.363,5685
 8049,67276.258, 7.171,5685
 8050,67282.859, 6.600,5685
 8051,67291.758, 8.897,5685
 8052,67298.883, 7.125,5685
 8053,67306.352, 7.472,5685
 8054,67312.711, 6.350,5685
 8055,67319.156, 6.456,5685
 8056,67326.484, 7.324,5685
 8057,67333.133, 6.645,5685
 8058,67339.531, 6.401,5685
 8059,67346.617, 7.093,5685
 8060,67353.188, 6.563,5685
 8061,67359.563, 6.379,5685
 8062,67366.578, 7.013,5685
 8063,67373.055, 6.471,5685
 8064,67380.273, 7.230,5685
 8065,67387.578, 7.304,5685
 8066,67395.844, 8.262,5685
 8067,67402.484, 6.640,5685
 8068,67408.898, 6.417,5685
 8069,67415.328, 6.428,5685
 8070,67422.133, 6.798,5685
 8071,67428.539, 6.413,5685
 8072,67436.156, 7.613,5685
 8073,67443.539, 7.386,5685
 8074,67450.633, 7.093,5685
 8075,67458.469, 7.833,5685
 8076,67465.273, 6.811,5685
 8077,67472.148, 6.873,5685
 8078,67478.477, 6.328,5685
 8079,67485.922, 7.443,5685
 8080,67492.625, 6.708,5685
 8081,67499.563, 6.937,5685
 8082,67507.094, 7.525,5685
 8083,67514.547, 7.455,5685
 8084,67521.906, 7.362,5685
 8085,67529.938, 8.029,5685
 8086,67537.930, 7.992,5685
 8087,67545.695, 7.775,5685
 8088,67552.930, 7.230,5685
 8089,67559.750, 6.815,5685
 8090,67566.438, 6.684,5685
 8091,67573.125, 6.688,5685
 8092,67580.055, 6.932,5685
 8093,67586.898, 6.843,5685
 8094,67593.531, 6.638,5685
 8095,67600.305, 6.776,5685
 8096,67608.063, 7.753,5685
 8097,67615.688, 7.630,5685
 8098,67622.844, 7.152,5685
 8099,67629.469, 6.624,5685
 8100,67635.609, 6.141,5685
 8101,67642.719, 7.109,5685
 8102,67649.391, 6.672,5685
 8103,67656.523, 7.134,5685
 8104,67662.805, 6.283,5685
 8105,67669.219, 6.408,5685
 8106,67676.609, 7.399,5685
 8107,67684.523, 7.906,5685
 8108,67691.758, 7.238,5685
 8109,67699.477, 7.721,5685
 8110,67706.289, 6.813,5685
 8111,67712.383, 6.086,5685
 8112,67719.148, 6.772,5685
 8113,67725.633, 6.489,5685
 8114,67731.688, 6.049,5685
 8115,67738.008, 6.320,5685
 8116,67744.578, 6.574,5685
 8117,67751.781, 7.200,5685
 8118,67758.602, 6.824,5685
 8119,67765.016, 6.414,5685
 8120,67771.328, 6.307,5685
 8121,67777.617, 6.293,5685
 8122,67784.242, 6.620,5685
 8123,67790.523, 6.282,5685
 8124,67796.836, 6.313,5685
 8125,67803.313, 6.478,5685
 8126,67810.227, 6.911,5685
 8127,67816.320, 6.095,5685
 8128,67823.719, 7.395,5685
 8129,67830.984, 7.273,5685
 8130,67837.063, 6.073,5685
 8131,67843.133, 6.073,5685
 8132,67849.172, 6.036,5685
 8133,67855.555, 6.389,5685
 8134,67862.438, 6.878,5685
 8135,67869.641, 7.209,5685
 8136,67876.500, 6.858,5685
 8137,67882.594, 6.089,5685
 8138,67889.641, 7.050,5685
 8139,67895.680, 6.040,5685
 8140,67901.984, 6.301,5685
 8141,67908.000, 6.018,5685
 8142,67914.000, 6.003,5685
 8143,67920.969, 6.969,5685
 8144,67927.273, 6.303,5685
 8145,67934.461, 7.182,5685
 8146,67941.297, 6.843,5685
 8147,67947.430, 6.122,5685
 8148,67953.461, 6.036,5685
 8149,67959.781, 6.317,5685
 8150,67966.734, 6.955,5685
 8151,67973.000, 6.274,5685
 8152,67979.898, 6.897,5685
 8153,67986.047, 6.141,5685
 8154,67992.141, 6.093,5685
 8155,67998.445, 6.304,5685
 8156,68004.602, 6.160,5685
 8157,68010.719, 6.115,5685
 8158,68017.719, 7.000,5685
 8159,68024.828, 7.111,5685
 8160,68031.188, 6.357,5685
 8161,68037.555, 6.372,5685
 8162,68044.117, 6.556,5685
 8163,68050.398, 6.282,5685
 8164,68056.961, 6.571,5685
 8165,68064.156, 7.193,5685
 8166,68072.727, 8.567,5685
 8167,68079.625, 6.904,5685
 8168,68086.992, 7.363,5685
 8169,68094.195, 7.200,5685
 8170,68101.633, 7.444,5685
 8171,68109.258, 7.627,5685
 8172,68117.227, 7.966,5685
 8173,68123.781, 6.554,5685
 8174,68130.219, 6.434,5685
 8175,68136.711, 6.492,5685
 8176,68143.516, 6.809,5685
 8177,68150.883, 7.365,5685
 8178,68157.219, 6.339,5685
 8179,68164.250, 7.027,5685
 8180,68170.414, 6.164,5685
 8181,68177.820, 7.408,5685
 8182,68184.234, 6.417,5685
 8183,68190.578, 6.344,5685
 8184,68196.773, 6.188,5685
 8185,68203.609, 6.844,5685
 8186,68210.805, 7.191,5685
 8187,68218.102, 7.298,5685
 8188,68225.023, 6.922,5685
 8189,68233.719, 8.687,5685
 8190,68240.953, 7.246,5685
 8191,68248.195, 7.240,5685
 8192,68255.055, 6.857,5685
 8193,68263.344, 8.291,5685
 8194,68270.352, 7.014,5685
 8195,68277.297, 6.937,5685
 8196,68286.016, 8.726,5685
 8197,68294.164, 8.141,5685
 8198,68301.922, 7.762,5685
 8199,68309.664, 7.746,5685
 8200,68316.984, 7.316,5685
 8201,68324.305, 7.323,5685
 8202,68331.891, 7.580,5685
 8203,68339.141, 7.246,5685
 8204,68347.422, 8.281,5685
 8205,68354.406, 6.983,5685
 8206,68361.594, 7.196,5685
 8207,68368.195, 6.595,5685
 8208,68374.344, 6.154,5685
 8209,68380.273, 5.929,5685
 8210,68386.758, 6.482,5685
 8211,68393.148, 6.390,5685
 8212,68399.797, 6.651,5685
 8213,68406.742, 6.938,5685
 8214,68413.539, 6.801,5685
 8215,68420.547, 7.011,5685
 8216,68428.383, 7.829,5685
 8217,68436.070, 7.689,5685
 8218,68442.977, 6.910,5685
 8219,68449.578, 6.603,5685
 8220,68457.859, 8.277,5685
 8221,68465.258, 7.406,5685
 8222,68472.008, 6.753,5685
 8223,68478.875, 6.863,5685
 8224,68485.125, 6.249,5685
 8225,68491.547, 6.419,5685
 8226,68499.047, 7.494,5685
 8227,68506.008, 6.969,5685
 8228,68512.914, 6.905,5685
 8229,68519.063, 6.142,5685
 8230,68525.320, 6.266,5685
 8231,68531.391, 6.064,5685
 8232,68538.578, 7.190,5685
 8233,68544.914, 6.342,5685
 8234,68551.789, 6.872,5685
 8235,68559.633, 7.845,5685
 8236,68565.992, 6.360,5685
 8237,68572.750, 6.756,5685
 8238,68578.992, 6.245,5685
 8239,68585.211, 6.216,5685
 8240,68591.320, 6.112,5685
 8241,68598.289, 6.966,5685
 8242,68605.500, 7.207,5685
 8243,68611.984, 6.490,5685
 8244,68618.000, 6.019,5685
 8245,68625.008, 7.008,5685
 8246,68631.734, 6.715,5685
 8247,68638.281, 6.554,5685
 8248,68644.430, 6.148,5685
 8249,68650.422, 5.992,5685
 8250,68656.516, 6.092,5685
 8251,68663.219, 6.708,5685
 8252,68670.094, 6.867,5685
 8253,68676.625, 6.542,5685
 8254,68683.398, 6.768,5685
 8255,68689.461, 6.056,5685
 8256,68696.273, 6.822,5685
 8257,68702.656, 6.384,5685
 8258,68709.203, 6.541,5685
 8259,68715.398, 6.193,5685
 8260,68722.148, 6.754,5685
 8261,68728.164, 6.010,5685
 8262,68734.250, 6.090,5685
 8263,68740.625, 6.374,5685
 8264,68747.398, 6.771,5685
 8265,68754.656, 7.263,5685
 8266,68761.797, 7.138,5685
 8267,68768.867, 7.070,5685
 8268,68775.102, 6.236,5685
 8269,68781.602, 6.503,5685
 8270,68788.188, 6.583,5685
 8271,68794.617, 6.434,5685
 8272,68801.906, 7.287,5685
 8273,68808.469, 6.561,5685
 8274,68815.328, 6.860,5685
 8275,68822.383, 7.052,5685
 8276,68829.492, 7.109,5685
 8277,68836.273, 6.789,5685
 8278,68843.266, 6.987,5685
 8279,68851.945, 8.682,5685
 8280,68860.148, 8.195,5685
 8281,68866.977, 6.837,5685
 8282,68873.875, 6.893,5685
 8283,68880.539, 6.669,5685
 8284,68887.820, 7.276,5685
 8285,68896.055, 8.229,5685
 8286,68903.430, 7.382,5685
 8287,68911.398, 7.965,5685
 8288,68919.508, 8.113,5685
 8289,68927.875, 8.368,5685
 8290,68935.297, 7.426,5685
 8291,68942.953, 7.656,5685
 8292,68950.188, 7.230,5685
 8293,68957.852, 7.667,5685
 8294,68964.781, 6.926,5685
 8295,68971.344, 6.567,5685
 8296,68977.578, 6.234,5685
 8297,68983.875, 6.296,5685
 8298,68989.969, 6.098,5685
 8299,68996.766, 6.791,5685
 8300,69004.000, 7.240,5685
 8301,69010.203, 6.199,5685
 8302,69017.344, 7.145,5685
 8303,69025.164, 7.816,5685
 8304,69031.383, 6.215,5685
 8305,69037.648, 6.272,5685
 8306,69043.781, 6.128,5685
 8307,69049.891, 6.110,5685
 8308,69055.961, 6.069,5685
 8309,69062.234, 6.275,5685
 8310,69069.172, 6.936,5685
 8311,69075.336, 6.165,5685
 8312,69081.477, 6.139,5685
 8313,69088.125, 6.651,5685
 8314,69095.570, 7.447,5685
 8315,69101.867, 6.297,5685
 8316,69108.844, 6.970,5685
 8317,69115.906, 7.064,5685
 8318,69122.680, 6.779,5685
 8319,69129.664, 6.983,5685
 8320,69136.352, 6.689,5685
 8321,69142.547, 6.192,5685
 8322,69149.477, 6.927,5685
 8323,69155.867, 6.396,5685
 8324,69162.164, 6.296,5685
 8325,69168.375, 6.205,5685
 8326,69174.484, 6.108,5685
 8327,69180.555, 6.074,5685
 8328,69186.711, 6.151,5685
 8329,69192.641, 5.943,5685
 8330,69198.734, 6.085,5685
 8331,69205.133, 6.398,5685
 8332,69211.523, 6.391,5685
 8333,69218.172, 6.650,5685
 8334,69225.289, 7.121,5685
 8335,69233.313, 8.026,5685
 8336,69241.352, 8.036,5685
 8337,69249.172, 7.821,5685
 8338,69255.781, 6.605,5685
 8339,69262.203, 6.420,5685
 8340,69269.266, 7.067,5685
 8341,69275.563, 6.297,5685
 8342,69282.500, 6.933,5685
 8343,69289.758, 7.256,5685
 8344,69296.039, 6.281,5685
 8345,69302.203, 6.172,5685
 8346,69309.258, 7.050,5685
 8347,69315.477, 6.217,5685
 8348,69322.195, 6.725,5685
 8349,69329.305, 7.107,5685
 8350,69335.734, 6.423,5685
 8351,69342.375, 6.646,5685
 8352,69348.773, 6.398,5685
 8353,69355.383, 6.605,5685
 8354,69362.789, 7.414,5685
 8355,69369.250, 6.458,5685
 8356,69376.781, 7.533,5685
 8357,69383.977, 7.200,5685
 8358,69391.258, 7.276,5685
 8359,69398.648, 7.396,5685
 8360,69405.930, 7.276,5685
 8361,69413.625, 7.698,5685
 8362,69420.211, 6.584,5685
 8363,69426.914, 6.702,5685
 8364,69434.914, 7.998,5685
 8365,69442.289, 7.381,5685
 8366,69449.930, 7.635,5685
 8367,69456.594, 6.670,5685
 8368,69463.477, 6.875,5685
 8369,69470.211, 6.735,5685
 8370,69476.922, 6.718,5685
 8371,69483.539, 6.612,5685
 8372,69491.203, 7.666,5685
 8373,69498.023, 6.823,5685
 8374,69504.586, 6.562,5685
 8375,69511.297, 6.706,5685
 8376,69518.750, 7.453,5685
 8377,69525.445, 6.695,5685
 8378,69531.938, 6.492,5685
 8379,69538.523, 6.591,5685
 8380,69545.438, 6.909,5685
 8381,69553.836, 8.399,5685
 8382,69561.398, 7.565,5685
 8383,69568.367, 6.966,5685
 8384,69575.656, 7.291,5685
 8385,69581.867, 6.211,5685
 8386,69588.000, 6.134,5685
 8387,69594.852, 6.851,5685
 8388,69601.211, 6.362,5685
 8389,69608.039, 6.817,5685
 8390,69615.000, 6.975,5685
 8391,69621.219, 6.209,5685
 8392,69628.891, 7.674,5685
 8393,69636.625, 7.740,5685
 8394,69643.672, 7.043,5685
 8395,69650.367, 6.688,5685
 8396,69657.297, 6.939,5685
 8397,69664.875, 7.579,5685
 8398,69671.406, 6.522,5685
 8399,69678.578, 7.177,5685
 8400,69685.391, 6.809,5685
 8401,69691.625, 6.238,5685
 8402,69698.539, 6.916,5685
 8403,69704.914, 6.371,5685
 8404,69711.188, 6.275,5685
 8405,69717.531, 6.346,5685
 8406,69723.875, 6.341,5685
 8407,69730.125, 6.247,5685
 8408,69736.828, 6.710,5685
 8409,69743.227, 6.395,5685
 8410,69749.516, 6.293,5685
 8411,69755.961, 6.445,5685
 8412,69762.867, 6.901,5685
 8413,69770.805, 7.941,5685
 8414,69777.023, 6.219,5685
 8415,69784.055, 7.025,5685
 8416,69790.211, 6.162,5685
 8417,69796.250, 6.038,5685
 8418,69802.250, 5.999,5685
 8419,69809.258, 7.009,5685
 8420,69816.016, 6.762,5685
 8421,69822.383, 6.363,5685
 8422,69828.523, 6.142,5685
 8423,69834.625, 6.099,5685
 8424,69841.320, 6.698,5685
 8425,69847.625, 6.305,5685
 8426,69853.672, 6.051,5685
 8427,69859.625, 5.951,5685
 8428,69866.602, 6.976,5685
 8429,69873.938, 7.336,5685
 8430,69881.398, 7.455,5685
 8431,69889.656, 8.262,5685
 8432,69896.992, 7.335,5685
 8433,69904.570, 7.576,5685
 8434,69911.375, 6.804,5685
 8435,69918.984, 7.618,5685
 8436,69925.680, 6.695,5685
 8437,69932.844, 7.161,5685
 8438,69940.609, 7.763,5685
 8439,69947.758, 7.145,5685
 8440,69955.227, 7.476,5685
 8441,69962.211, 6.980,5685
 8442,69968.961, 6.751,5685
 8443,69976.172, 7.212,5685
 8444,69983.273, 7.105,5685
 8445,69990.797, 7.519,5685
 8446,69997.789, 6.990,5685
 8447,70004.805, 7.020,5685
 8448,70011.477, 6.667,5685
 8449,70019.875, 8.397,5685
 8450,70027.039, 7.162,5685
 8451,70033.750, 6.714,5685
 8452,70040.086, 6.338,5685
 8453,70046.500, 6.416,5685
 8454,70052.859, 6.361,5685
 8455,70060.828, 7.967,5685
 8456,70066.977, 6.148,5685
 8457,70074.242, 7.268,5685
 8458,70080.938, 6.694,5685
 8459,70087.352, 6.417,5685
 8460,70094.133, 6.774,5685
 8461,70100.563, 6.429,5685
 8462,70107.148, 6.587,5685
 8463,70113.633, 6.487,5685
 8464,70120.750, 7.112,5685
 8465,70127.063, 6.312,5685
 8466,70133.367, 6.302,5685
 8467,70140.688, 7.329,5685
 8468,70148.133, 7.440,5685
 8469,70154.477, 6.347,5685
 8470,70160.945, 6.476,5685
 8471,70168.844, 7.890,5685
 8472,70175.367, 6.518,5685
 8473,70183.547, 8.185,5685
 8474,70191.578, 8.035,5685
 8475,70199.164, 7.587,5685
 8476,70205.727, 6.558,5685
 8477,70213.773, 8.049,5685
 8478,70220.727, 6.953,5685
 8479,70228.258, 7.537,5685
 8480,70234.656, 6.392,5685
 8481,70241.523, 6.866,5685
 8482,70248.117, 6.593,5685
 8483,70255.438, 7.320,5685
 8484,70262.047, 6.606,5685
 8485,70269.805, 7.764,5685
 8486,70276.641, 6.842,5685
 8487,70283.563, 6.916,5685
 8488,70291.336, 7.777,5685
 8489,70298.969, 7.633,5685
 8490,70306.266, 7.298,5685
 8491,70313.234, 6.968,5685
 8492,70319.570, 6.336,5685
 8493,70325.844, 6.272,5685
 8494,70331.953, 6.111,5685
 8495,70339.109, 7.154,5685
 8496,70345.633, 6.522,5685
 8497,70352.688, 7.054,5685
 8498,70358.922, 6.233,5685
 8499,70365.273, 6.352,5685
 8500,70371.367, 6.088,5685
 8501,70377.563, 6.203,5685
 8502,70383.914, 6.355,5685
 8503,70390.320, 6.408,5685
 8504,70396.445, 6.115,5685
 8505,70404.250, 7.811,5685
 8506,70411.344, 7.098,5685
 8507,70418.773, 7.423,5685
 8508,70425.719, 6.946,5685
 8509,70432.211, 6.494,5685
 8510,70439.430, 7.217,5685
 8511,70447.727, 8.291,5685
 8512,70454.484, 6.758,5685
 8513,70461.484, 7.005,5685
 8514,70469.047, 7.560,5685
 8515,70475.680, 6.642,5685
 8516,70482.641, 6.955,5685
 8517,70488.969, 6.327,5685
 8518,70496.234, 7.267,5685
 8519,70502.734, 6.495,5685
 8520,70510.336, 7.608,5685
 8521,70517.969, 7.633,5685
 8522,70524.633, 6.666,5685
 8523,70531.188, 6.552,5685
 8524,70537.984, 6.794,5685
 8525,70545.555, 7.576,5685
 8526,70552.086, 6.524,5685
 8527,70558.227, 6.140,5685
 8528,70564.391, 6.165,5685
 8529,70571.203, 6.812,5685
 8530,70578.336, 7.136,5685
 8531,70584.773, 6.436,5685
 8532,70591.070, 6.296,5685
 8533,70598.664, 7.599,5685
 8534,70605.086, 6.413,5685
 8535,70612.328, 7.252,5685
 8536,70618.867, 6.533,5685
 8537,70626.016, 7.154,5685
 8538,70633.367, 7.348,5685
 8539,70640.070, 6.701,5685
 8540,70646.367, 6.297,5685
 8541,70652.781, 6.417,5685
 8542,70659.047, 6.263,5685
 8543,70665.273, 6.233,5685
 8544,70672.227, 6.946,5685
 8545,70679.313, 7.092,5685
 8546,70686.258, 6.942,5685
 8547,70693.391, 7.130,5685
 8548,70700.469, 7.075,5685
 8549,70706.852, 6.384,5685
 8550,70713.891, 7.044,5685
 8551,70721.617, 7.725,5685
 8552,70728.180, 6.567,5685
 8553,70734.797, 6.610,5685
 8554,70741.523, 6.729,5685
 8555,70748.844, 7.320,5685
 8556,70756.047, 7.199,5685
 8557,70763.656, 7.616,5685
 8558,70770.828, 7.167,5685
 8559,70777.320, 6.499,5685
 8560,70784.500, 7.174,5685
 8561,70791.102, 6.603,5685
 8562,70798.836, 7.733,5685
 8563,70807.750, 8.912,5685
 8564,70815.125, 7.375,5685
 8565,70822.875, 7.752,5685
 8566,70831.219, 8.346,5685
 8567,70839.055, 7.833,5685
 8568,70846.531, 7.484,5685
 8569,70853.234, 6.703,5685
 8570,70860.672, 7.440,5685
 8571,70867.805, 7.124,5685
 8572,70876.008, 8.207,5685
 8573,70884.234, 8.223,5685
 8574,70892.414, 8.182,5685
 8575,70900.445, 8.026,5685
 8576,70907.563, 7.120,5685
 8577,70913.664, 6.109,5685
 8578,70919.977, 6.310,5685
 8579,70926.523, 6.542,5685
 8580,70938.117,11.597,5685
 8581,70945.164, 7.046,5685
 8582,70951.508, 6.340,5685
 8583,70957.906, 6.405,5685
 8584,70964.070, 6.156,5685
 8585,70970.992, 6.926,5685
 8586,70977.203, 6.210,5685
 8587,70984.336, 7.134,5685
 8588,70990.742, 6.408,5685
 8589,70997.031, 6.288,5685
 8590,71004.195, 7.165,5685
 8591,71010.852, 6.658,5685
 8592,71017.203, 6.349,5685
 8593,71023.906, 6.700,5685
 8594,71031.813, 7.905,5685
 8595,71038.539, 6.730,5685
 8596,71045.461, 6.922,5685
 8597,71052.547, 7.084,5685
 8598,71059.000, 6.457,5685
 8599,71065.313, 6.315,5685
 8600,71071.531, 6.217,5685
 8601,71077.750, 6.214,5685
 8602,71084.766, 7.014,5685
 8603,71091.164, 6.403,5685
 8604,71097.516, 6.350,5685
 8605,71104.406, 6.891,5685
 8606,71111.094, 6.690,5685
 8607,71117.203, 6.111,5685
 8608,71123.391, 6.181,5685
 8609,71129.477, 6.085,5685
 8610,71135.492, 6.015,5685
 8611,71142.180, 6.696,5685
 8612,71148.703, 6.518,5685
 8613,71154.992, 6.298,5685
 8614,71160.945, 5.950,5685
 8615,71167.750, 6.796,5685
 8616,71175.000, 7.259,5685
 8617,71181.094, 6.089,5685
 8618,71188.172, 7.081,5685
 8619,71195.828, 7.653,5685
 8620,71203.367, 7.537,5685
 8621,71210.031, 6.664,5685
 8622,71216.336, 6.307,5685
 8623,71222.898, 6.560,5685
 8624,71229.227, 6.333,5685
 8625,71236.172, 6.945,5685
 8626,71242.648, 6.475,5685
 8627,71249.563, 6.917,5685
 8628,71256.102, 6.537,5685
 8629,71262.445, 6.338,5685
 8630,71268.836, 6.394,5685
 8631,71275.289, 6.457,5685
 8632,71281.531, 6.241,5685
 8633,71287.914, 6.386,5685
 8634,71294.477, 6.560,5685
 8635,71300.805, 6.322,5685
 8636,71307.070, 6.266,5685
 8637,71314.055, 6.987,5685
 8638,71320.273, 6.220,5685
 8639,71326.430, 6.154,5685
 8640,71332.961, 6.532,5685
 8641,71339.758, 6.799,5685
 8642,71346.688, 6.937,5685
 8643,71353.719, 7.016,5685
 8644,71360.500, 6.788,5685
 8645,71367.063, 6.557,5685
 8646,71373.492, 6.433,5685
 8647,71379.875, 6.385,5685
 8648,71386.578, 6.701,5685
 8649,71393.852, 7.277,5685
 8650,71400.328, 6.479,5685
 8651,71407.000, 6.670,5685
 8652,71413.734, 6.727,5685
 8653,71420.813, 7.082,5685
 8654,71429.242, 8.436,5685
 8655,71436.203, 6.959,5685
 8656,71442.641, 6.435,5685
 8657,71450.352, 7.712,5685
 8658,71457.133, 6.781,5685
 8659,71464.398, 7.264,5685
 8660,71471.070, 6.667,5685
 8661,71477.906, 6.842,5685
 8662,71484.688, 6.781,5685
 8663,71491.664, 6.978,5685
 8664,71498.320, 6.655,5685
 8665,71505.250, 6.930,5685
 8666,71512.711, 7.458,5685
 8667,71519.516, 6.806,5685
 8668,71526.719, 7.199,5685
 8669,71533.227, 6.511,5685
 8670,71539.617, 6.397,5685
 8671,71546.844, 7.222,5685
 8672,71552.922, 6.082,5685
 8673,71559.148, 6.220,5685
 8674,71566.445, 7.296,5685
 8675,71572.703, 6.260,5685
 8676,71579.906, 7.202,5685
 8677,71588.266, 8.362,5685
 8678,71597.867, 9.600,5685
 8679,71606.141, 8.274,5685
 8680,71613.703, 7.560,5685
 8681,71622.188, 8.487,5685
 8682,71632.266,10.082,5685
 8683,71639.813, 7.545,5685
 8684,71647.570, 7.758,5685
 8685,71654.547, 6.972,5685
 8686,71661.523, 6.976,5685
 8687,71668.484, 6.961,5685
 8688,71675.289, 6.813,5685
 8689,71682.055, 6.758,5685
 8690,71688.758, 6.707,5685
 8691,71695.031, 6.270,5685
 8692,71701.320, 6.295,5685
 8693,71707.844, 6.524,5685
 8694,71714.672, 6.824,5685
 8695,71720.711, 6.036,5685
 8696,71726.789, 6.076,5685
 8697,71733.703, 6.912,5685
 8698,71740.672, 6.984,5685
 8699,71747.555, 6.876,5685
 8700,71754.539, 6.984,5685
 8701,71760.695, 6.151,5685
 8702,71766.984, 6.294,5685
 8703,71774.125, 7.142,5685
 8704,71781.344, 7.219,5685
 8705,71788.492, 7.144,5685
 8706,71794.992, 6.505,5685
 8707,71801.797, 6.805,5685
 8708,71807.945, 6.148,5685
 8709,71814.492, 6.546,5685
 8710,71820.766, 6.270,5685
 8711,71827.523, 6.762,5685
 8712,71833.578, 6.051,5685
 8713,71840.375, 6.799,5685
 8714,71846.477, 6.098,5685
 8715,71852.539, 6.066,5685
 8716,71859.414, 6.875,5685
 8717,71865.484, 6.069,5685
 8718,71871.547, 6.061,5685
 8719,71877.648, 6.103,5685
 8720,71884.273, 6.624,5685
 8721,71890.594, 6.326,5685
 8722,71896.828, 6.233,5685
 8723,71903.148, 6.315,5685
 8724,71909.203, 6.058,5685
 8725,71915.352, 6.153,5685
 8726,71921.508, 6.149,5685
 8727,71927.711, 6.202,5685
 8728,71935.172, 7.465,5685
 8729,71941.477, 6.307,5685
 8730,71947.742, 6.261,5685
 8731,71953.992, 6.253,5685
 8732,71960.336, 6.344,5685
 8733,71966.961, 6.626,5685
 8734,71974.695, 7.725,5685
 8735,71982.453, 7.765,5685
 8736,71989.656, 7.206,5685
 8737,71996.430, 6.771,5685
 8738,72003.195, 6.766,5685
 8739,72009.961, 6.770,5685
 8740,72016.992, 7.028,5685
 8741,72024.016, 7.028,5685
 8742,72031.406, 7.384,5685
 8743,72038.633, 7.231,5685
 8744,72045.117, 6.475,5685
 8745,72052.031, 6.912,5685
 8746,72059.570, 7.551,5685
 8747,72066.289, 6.713,5685
 8748,72072.852, 6.561,5685
 8749,72080.188, 7.337,5685
 8750,72087.828, 7.644,5685
 8751,72095.219, 7.390,5685
 8752,72102.211, 6.995,5685
 8753,72109.508, 7.290,5685
 8754,72117.711, 8.205,5685
 8755,72126.055, 8.342,5685
 8756,72132.898, 6.848,5685
 8757,72139.891, 6.992,5685
 8758,72146.641, 6.747,5685
 8759,72153.219, 6.577,5685
 8760,72160.656, 7.440,5685
 8761,72167.211, 6.552,5685
 8762,72173.906, 6.703,5685
 8763,72180.742, 6.826,5685
 8764,72187.313, 6.576,5685
 8765,72193.789, 6.475,5685
 8766,72200.648, 6.864,5685
 8767,72207.648, 6.999,5685
 8768,72214.242, 6.592,5685
 8769,72221.148, 6.907,5685
 8770,72228.727, 7.569,5685
 8771,72235.641, 6.924,5685
 8772,72243.141, 7.495,5685
 8773,72251.102, 7.960,5685
 8774,72258.766, 7.668,5685
 8775,72265.203, 6.433,5685
 8776,72271.984, 6.785,5685
 8777,72279.141, 7.152,5685
 8778,72285.617, 6.487,5685
 8779,72291.828, 6.208,5685
 8780,72298.000, 6.175,5685
 8781,72304.344, 6.341,5685
 8782,72311.711, 7.358,5685
 8783,72318.555, 6.849,5685
 8784,72324.797, 6.243,5685
 8785,72331.016, 6.222,5685
 8786,72337.180, 6.161,5685
 8787,72344.156, 6.972,5685
 8788,72351.172, 7.017,5685
 8789,72357.414, 6.242,5685
 8790,72365.555, 8.148,5685
 8791,72372.867, 7.308,5685
 8792,72380.648, 7.785,5685
 8793,72386.930, 6.279,5685
 8794,72393.055, 6.119,5685
 8795,72399.391, 6.337,5685
 8796,72406.305, 6.922,5685
 8797,72412.484, 6.174,5685
 8798,72418.977, 6.500,5685
 8799,72427.031, 8.041,5685
 8800,72434.438, 7.412,5685
 8801,72440.586, 6.153,5685
 8802,72447.031, 6.435,5685
 8803,72453.266, 6.243,5685
 8804,72459.711, 6.437,5685
 8805,72465.938, 6.239,5685
 8806,72472.773, 6.827,5685
 8807,72479.031, 6.258,5685
 8808,72485.859, 6.835,5685
 8809,72492.391, 6.521,5685
 8810,72498.680, 6.300,5685
 8811,72505.398, 6.709,5685
 8812,72511.406, 6.013,5685
 8813,72517.945, 6.544,5685
 8814,72524.547, 6.600,5685
 8815,72530.797, 6.246,5685
 8816,72537.016, 6.224,5685
 8817,72544.273, 7.257,5685
 8818,72550.789, 6.507,5685
 8819,72557.211, 6.425,5685
 8820,72563.398, 6.189,5685
 8821,72569.461, 6.062,5685
 8822,72575.805, 6.346,5685
 8823,72582.078, 6.267,5685
 8824,72588.320, 6.253,5685
 8825,72594.922, 6.594,5685
 8826,72602.594, 7.674,5685
 8827,72608.727, 6.133,5685
 8828,72615.664, 6.940,5685
 8829,72622.070, 6.400,5685
 8830,72629.523, 7.454,5685
 8831,72635.648, 6.133,5685
 8832,72642.664, 7.011,5685
 8833,72649.844, 7.182,5685
 8834,72656.039, 6.187,5685
 8835,72662.391, 6.352,5685
 8836,72668.891, 6.508,5685
 8837,72675.172, 6.280,5685
 8838,72682.234, 7.063,5685
 8839,72688.883, 6.650,5685
 8840,72696.156, 7.269,5685
 8841,72702.430, 6.270,5685
 8842,72709.203, 6.774,5685
 8843,72716.188, 6.990,5685
 8844,72723.625, 7.440,5685
 8845,72730.711, 7.077,5685
 8846,72737.797, 7.089,5685
 8847,72744.656, 6.863,5685
 8848,72752.758, 8.096,5685
 8849,72760.945, 8.188,5685
 8850,72769.094, 8.150,5685
 8851,72776.188, 7.092,5685
 8852,72783.492, 7.306,5685
 8853,72790.914, 7.427,5685
 8854,72798.047, 7.126,5685
 8855,72804.797, 6.750,5685
 8856,72811.461, 6.661,5685
 8857,72818.227, 6.774,5685
 8858,72824.914, 6.683,5685
 8859,72832.742, 7.830,5685
 8860,72841.211, 8.466,5685
 8861,72848.875, 7.666,5685
 8862,72857.125, 8.248,5685
 8863,72864.523, 7.402,5685
 8864,72871.492, 6.971,5685
 8865,72878.102, 6.606,5685
 8866,72884.258, 6.157,5685
 8867,72890.695, 6.435,5685
 8868,72897.914, 7.219,5685
 8869,72904.984, 7.078,5685
 8870,72911.922, 6.929,5685
 8871,72918.297, 6.381,5685
 8872,72925.680, 7.382,5685
 8873,72932.203, 6.524,5685
 8874,72939.148, 6.938,5685
 8875,72946.109, 6.961,5685
 8876,72953.313, 7.212,5685
 8877,72960.492, 7.177,5685
 8878,72967.719, 7.224,5685
 8879,72973.844, 6.122,5685
 8880,72980.758, 6.913,5685
 8881,72986.906, 6.153,5685
 8882,72994.195, 7.285,5685
 8883,73000.469, 6.279,5685
 8884,73006.555, 6.083,5685
 8885,73012.602, 6.051,5685
 8886,73018.633, 6.033,5685
 8887,73025.617, 6.986,5685
 8888,73032.133, 6.506,5685
 8889,73038.195, 6.062,5685
 8890,73044.336, 6.152,5685
 8891,73051.648, 7.306,5685
 8892,73057.836, 6.187,5685
 8893,73064.641, 6.811,5685
 8894,73071.766, 7.117,5685
 8895,73077.969, 6.206,5685
 8896,73084.117, 6.146,5685
 8897,73090.422, 6.302,5685
 8898,73096.773, 6.351,5685
 8899,73102.977, 6.206,5685
 8900,73109.094, 6.114,5685
 8901,73115.906, 6.821,5685
 8902,73122.656, 6.753,5685
 8903,73129.781, 7.118,5685
 8904,73136.977, 7.197,5685
 8905,73144.773, 7.794,5685
 8906,73152.313, 7.540,5685
 8907,73159.484, 7.170,5685
 8908,73165.766, 6.277,5685
 8909,73172.070, 6.311,5685
 8910,73178.977, 6.906,5685
 8911,73185.539, 6.565,5685
 8912,73191.750, 6.208,5685
 8913,73198.906, 7.158,5685
 8914,73205.250, 6.348,5685
 8915,73211.398, 6.136,5685
 8916,73217.664, 6.279,5685
 8917,73225.328, 7.661,5685
 8918,73231.609, 6.279,5685
 8919,73237.914, 6.304,5685
 8920,73244.211, 6.294,5685
 8921,73250.523, 6.312,5685
 8922,73257.867, 7.347,5685
 8923,73265.320, 7.455,5685
 8924,73272.500, 7.180,5685
 8925,73280.750, 8.247,5685
 8926,73287.344, 6.594,5685
 8927,73294.336, 6.996,5685
 8928,73300.836, 6.498,5685
 8929,73307.047, 6.202,5685
 8930,73313.734, 6.695,5685
 8931,73320.266, 6.534,5685
 8932,73326.906, 6.641,5685
 8933,73333.367, 6.457,5685
 8934,73339.766, 6.395,5685
 8935,73347.570, 7.810,5685
 8936,73354.297, 6.725,5685
 8937,73361.859, 7.561,5685
 8938,73370.063, 8.202,5685
 8939,73376.836, 6.772,5685
 8940,73384.063, 7.230,5685
 8941,73390.859, 6.796,5685
 8942,73397.656, 6.803,5685
 8943,73404.664, 7.005,5685
 8944,73411.539, 6.876,5685
 8945,73417.984, 6.443,5685
 8946,73424.805, 6.816,5685
 8947,73432.719, 7.915,5685
 8948,73439.945, 7.233,5685
 8949,73447.969, 8.019,5685
 8950,73455.359, 7.391,5685
 8951,73462.867, 7.506,5685
 8952,73469.672, 6.810,5685
 8953,73477.695, 8.019,5685
 8954,73485.188, 7.493,5685
 8955,73492.180, 6.993,5685
 8956,73499.109, 6.930,5685
 8957,73505.625, 6.521,5685
 8958,73511.898, 6.267,5685
 8959,73518.750, 6.852,5685
 8960,73524.961, 6.214,5685
 8961,73531.398, 6.435,5685
 8962,73538.766, 7.364,5685
 8963,73546.063, 7.300,5685
 8964,73552.672, 6.617,5685
 8965,73560.008, 7.330,5685
 8966,73566.570, 6.565,5685
 8967,73572.891, 6.315,5685
 8968,73580.742, 7.846,5685
 8969,73587.414, 6.676,5685
 8970,73594.516, 7.103,5685
 8971,73601.313, 6.799,5685
 8972,73607.523, 6.209,5685
 8973,73613.805, 6.284,5685
 8974,73620.063, 6.256,5685
 8975,73626.531, 6.471,5685
 8976,73633.516, 6.980,5685
 8977,73640.383, 6.866,5685
 8978,73646.578, 6.201,5685
 8979,73653.617, 7.043,5685
 8980,73660.570, 6.946,5685
 8981,73668.484, 7.910,5685
 8982,73674.711, 6.224,5685
 8983,73680.977, 6.272,5685
 8984,73687.523, 6.550,5685
 8985,73694.477, 6.948,5685
 8986,73700.547, 6.074,5685
 8987,73706.828, 6.280,5685
 8988,73713.617, 6.790,5685
 8989,73720.641, 7.030,5685
 8990,73726.727, 6.079,5685
 8991,73733.586, 6.863,5685
 8992,73740.711, 7.114,5685
 8993,73747.609, 6.909,5685
 8994,73754.406, 6.787,5685
 8995,73760.523, 6.122,5685
 8996,73766.734, 6.209,5685
 8997,73772.797, 6.066,5685
 8998,73779.977, 7.183,5685
 8999,73786.563, 6.586,5685
 9000,73794.156, 7.593,5685
 9001,73800.930, 6.772,5685
 9002,73807.914, 6.988,5685
 9003,73814.156, 6.238,5685
 9004,73822.398, 8.241,5685
 9005,73828.664, 6.273,5685
 9006,73835.383, 6.707,5685
 9007,73842.211, 6.835,5685
 9008,73848.883, 6.669,5685
 9009,73854.938, 6.060,5685
 9010,73861.805, 6.862,5685
 9011,73867.969, 6.166,5685
 9012,73874.117, 6.143,5685
 9013,73880.742, 6.630,5685
 9014,73886.875, 6.132,5685
 9015,73894.211, 7.333,5685
 9016,73900.977, 6.768,5685
 9017,73908.359, 7.376,5685
 9018,73914.695, 6.337,5685
 9019,73922.039, 7.351,5685
 9020,73930.898, 8.856,5685
 9021,73939.414, 8.516,5685
 9022,73946.703, 7.289,5685
 9023,73953.242, 6.544,5685
 9024,73959.844, 6.595,5685
 9025,73966.758, 6.920,5685
 9026,73974.156, 7.398,5685
 9027,73981.375, 7.216,5685
 9028,73988.633, 7.259,5685
 9029,73994.789, 6.154,5685
 9030,74002.180, 7.395,5685
 9031,74008.602, 6.419,5685
 9032,74015.070, 6.468,5685
 9033,74021.906, 6.835,5685
 9034,74028.445, 6.538,5685
 9035,74034.547, 6.107,5685
 9036,74041.586, 7.036,5685
 9037,74048.492, 6.904,5685
 9038,74055.164, 6.675,5685
 9039,74061.266, 6.105,5685
 9040,74068.750, 7.477,5685
 9041,74075.922, 7.175,5685
 9042,74083.375, 7.453,5685
 9043,74090.891, 7.520,5685
 9044,74098.516, 7.620,5685
 9045,74105.273, 6.764,5685
 9046,74113.711, 8.427,5685
 9047,74121.875, 8.168,5685
 9048,74129.172, 7.302,5685
 9049,74136.836, 7.665,5685
 9050,74143.789, 6.949,5685
 9051,74150.930, 7.143,5685
 9052,74157.828, 6.899,5685
 9053,74164.594, 6.766,5685
 9054,74171.258, 6.660,5685
 9055,74177.820, 6.566,5685
 9056,74186.016, 8.197,5685
 9057,74194.039, 8.016,5685
 9058,74201.969, 7.933,5685
 9059,74210.008, 8.045,5685
 9060,74218.461, 8.445,5685
 9061,74225.258, 6.803,5685
 9062,74232.711, 7.445,5685
 9063,74239.977, 7.275,5685
 9064,74246.883, 6.904,5685
 9065,74253.109, 6.223,5685
 9066,74259.914, 6.808,5685
 9067,74266.039, 6.117,5685
 9068,74272.000, 5.969,5685
 9069,74278.539, 6.540,5685
 9070,74286.031, 7.482,5685
 9071,74292.641, 6.620,5685
 9072,74300.516, 7.868,5685
 9073,74307.008, 6.497,5685
 9074,74313.461, 6.448,5685
 9075,74322.133, 8.678,5685
 9076,74329.422, 7.283,5685
 9077,74336.859, 7.442,5685
 9078,74343.148, 6.286,5685
 9079,74350.484, 7.336,5685
 9080,74356.609, 6.128,5685
 9081,74363.445, 6.830,5685
 9082,74369.875, 6.434,5685
 9083,74377.031, 7.154,5685
 9084,74384.461, 7.429,5685
 9085,74390.680, 6.225,5685
 9086,74397.563, 6.884,5685
 9087,74404.539, 6.974,5685
 9088,74410.602, 6.062,5685
 9089,74417.492, 6.891,5685
 9090,74423.594, 6.101,5685
 9091,74430.516, 6.919,5685
 9092,74437.477, 6.966,5685
 9093,74444.445, 6.962,5685
 9094,74451.453, 7.011,5685
 9095,74458.508, 7.053,5685
 9096,74464.695, 6.184,5685
 9097,74471.727, 7.033,5685
 9098,74478.516, 6.793,5685
 9099,74485.430, 6.913,5685
 9100,74491.633, 6.203,5685
 9101,74498.313, 6.685,5685
 9102,74504.508, 6.191,5685
 9103,74511.461, 6.948,5685
 9104,74518.469, 7.016,5685
 9105,74525.406, 6.934,5685
 9106,74531.922, 6.520,5685
 9107,74539.430, 7.498,5685
 9108,74547.398, 7.973,5685
 9109,74554.102, 6.703,5685
 9110,74561.023, 6.917,5685
 9111,74567.930, 6.913,5685
 9112,74574.031, 6.100,5685
 9113,74580.891, 6.861,5685
 9114,74587.664, 6.773,5685
 9115,74593.727, 6.062,5685
 9116,74600.617, 6.893,5685
 9117,74607.547, 6.927,5685
 9118,74614.703, 7.155,5685
 9119,74621.664, 6.964,5685
 9120,74628.281, 6.618,5685
 9121,74634.609, 6.332,5685
 9122,74641.969, 7.361,5685
 9123,74649.648, 7.680,5685
 9124,74656.180, 6.523,5685
 9125,74662.602, 6.426,5685
 9126,74669.836, 7.232,5685
 9127,74676.711, 6.873,5685
 9128,74684.789, 8.076,5685
 9129,74691.422, 6.634,5685
 9130,74698.063, 6.642,5685
 9131,74706.602, 8.544,5685
 9132,74716.328, 9.726,5685
 9133,74724.344, 8.019,5685
 9134,74731.711, 7.357,5685
 9135,74739.031, 7.323,5685
 9136,74746.297, 7.270,5685
 9137,74753.703, 7.395,5685
 9138,74760.758, 7.059,5685
 9139,74768.203, 7.452,5685
 9140,74775.539, 7.335,5685
 9141,74783.305, 7.769,5685
 9142,74789.781, 6.471,5685
 9143,74796.672, 6.893,5685
 9144,74803.742, 7.066,5685
 9145,74810.516, 6.771,5685
 9146,74818.406, 7.890,5685
 9147,74825.797, 7.396,5685
 9148,74832.891, 7.094,5685
 9149,74839.930, 7.038,5685
 9150,74846.203, 6.273,5685
 9151,74853.523, 7.325,5685
 9152,74859.750, 6.218,5685
 9153,74865.906, 6.159,5685
 9154,74872.938, 7.032,5685
 9155,74879.000, 6.066,5685
 9156,74884.906, 5.902,5685
 9157,74890.977, 6.076,5685
 9158,74897.203, 6.223,5685
 9159,74904.516, 7.313,5685
 9160,74910.531, 6.017,5685
 9161,74916.758, 6.224,5685
 9162,74923.727, 6.964,5685
 9163,74930.641, 6.925,5685
 9164,74936.641, 5.999,5685
 9165,74942.805, 6.156,5685
 9166,74948.883, 6.082,5685
 9167,74955.961, 7.081,5685
 9168,74963.195, 7.231,5685
 9169,74970.367, 7.170,5685
 9170,74976.477, 6.110,5685
 9171,74982.500, 6.022,5685
 9172,74988.727, 6.227,5685
 9173,74994.898, 6.178,5685
 9174,75001.141, 6.238,5685
 9175,75007.148, 6.005,5685
 9176,75013.273, 6.131,5685
 9177,75020.195, 6.919,5685
 9178,75026.664, 6.470,5685
 9179,75032.930, 6.265,5685
 9180,75038.914, 5.987,5685
 9181,75045.172, 6.252,5685
 9182,75051.156, 5.985,5685
 9183,75058.336, 7.185,5685
 9184,75065.172, 6.832,5685
 9185,75072.148, 6.972,5685
 9186,75078.336, 6.200,5685
 9187,75084.438, 6.093,5685
 9188,75091.375, 6.938,5685
 9189,75098.609, 7.233,5685
 9190,75106.938, 8.333,5685
 9191,75113.969, 7.031,5685
 9192,75121.492, 7.524,5685
 9193,75129.328, 7.839,5685
 9194,75136.023, 6.687,5685
 9195,75143.102, 7.075,5685
 9196,75149.672, 6.576,5685
 9197,75156.328, 6.661,5685
 9198,75163.242, 6.907,5685
 9199,75170.344, 7.110,5685
 9200,75177.031, 6.681,5685
 9201,75183.258, 6.228,5685
 9202,75189.680, 6.426,5685
 9203,75196.102, 6.415,5685
 9204,75202.320, 6.223,5685
 9205,75208.609, 6.286,5685
 9206,75214.852, 6.245,5685
 9207,75221.000, 6.146,5685
 9208,75227.156, 6.156,5685
 9209,75233.695, 6.532,5685
 9210,75239.867, 6.180,5685
 9211,75248.039, 8.163,5685
 9212,75255.453, 7.422,5685
 9213,75261.781, 6.326,5685
 9214,75268.383, 6.599,5685
 9215,75276.086, 7.707,5685
 9216,75283.859, 7.774,5685
 9217,75291.063, 7.196,5685
 9218,75297.555, 6.502,5685
 9219,75304.617, 7.064,5685
 9220,75311.641, 7.021,5685
 9221,75318.383, 6.738,5685
 9222,75324.977, 6.603,5685
 9223,75331.891, 6.904,5685
 9224,75339.586, 7.703,5685
 9225,75346.156, 6.567,5685
 9226,75354.367, 8.203,5685
 9227,75361.648, 7.293,5685
 9228,75369.227, 7.576,5685
 9229,75376.055, 6.821,5685
 9230,75383.641, 7.593,5685
 9231,75391.469, 7.827,5685
 9232,75398.484, 7.016,5685
 9233,75405.516, 7.027,5685
 9234,75412.859, 7.346,5685
 9235,75420.781, 7.921,5685
 9236,75427.875, 7.091,5685
 9237,75435.336, 7.470,5685
 9238,75442.328, 6.993,5685
 9239,75449.477, 7.138,5685
 9240,75456.211, 6.741,5685
 9241,75463.914, 7.704,5685
 9242,75470.883, 6.963,5685
 9243,75477.281, 6.406,5685
 9244,75484.195, 6.913,5685
 9245,75492.398, 8.196,5685
 9246,75499.281, 6.890,5685
 9247,75505.750, 6.463,5685
 9248,75512.758, 7.009,5685
 9249,75519.273, 6.515,5685
 9250,75525.484, 6.208,5685
 9251,75531.773, 6.288,5685
 9252,75537.984, 6.220,5685
 9253,75544.898, 6.908,5685
 9254,75551.617, 6.719,5685
 9255,75557.734, 6.112,5685
 9256,75563.969, 6.240,5685
 9257,75570.359, 6.384,5685
 9258,75577.844, 7.495,5685
 9259,75584.328, 6.487,5685
 9260,75590.438, 6.099,5685
 9261,75597.836, 7.404,5685
 9262,75604.125, 6.290,5685
 9263,75610.461, 6.333,5685
 9264,75616.672, 6.216,5685
 9265,75623.609, 6.933,5685
 9266,75630.617, 7.009,5685
 9267,75637.602, 6.983,5685
 9268,75643.648, 6.050,5685
 9269,75650.063, 6.407,5685
 9270,75656.477, 6.415,5685
 9271,75662.594, 6.126,5685
 9272,75668.766, 6.168,5685
 9273,75675.703, 6.935,5685
 9274,75682.211, 6.512,5685
 9275,75688.211, 6.002,5685
 9276,75694.375, 6.152,5685
 9277,75700.688, 6.316,5685
 9278,75707.719, 7.034,5685
 9279,75715.039, 7.315,5685
 9280,75721.320, 6.294,5685
 9281,75727.602, 6.274,5685
 9282,75733.789, 6.188,5685
 9283,75740.719, 6.924,5685
 9284,75747.617, 6.908,5685
 9285,75753.695, 6.070,5685
 9286,75759.844, 6.157,5685
 9287,75765.891, 6.042,5685
 9288,75772.844, 6.953,5685
 9289,75779.023, 6.179,5685
 9290,75785.859, 6.836,5685
 9291,75793.633, 7.774,5685
 9292,75800.344, 6.714,5685
 9293,75807.141, 6.794,5685
 9294,75814.055, 6.911,5685
 9295,75820.430, 6.374,5685
 9296,75826.594, 6.170,5685
 9297,75832.773, 6.175,5685
 9298,75838.750, 5.975,5685
 9299,75845.922, 7.175,5685
 9300,75852.078, 6.159,5685
 9301,75858.508, 6.426,5685
 9302,75865.656, 7.158,5685
 9303,75873.719, 8.056,5685
 9304,75882.594, 8.876,5685
 9305,75889.188, 6.589,5685
 9306,75895.438, 6.251,5685
 9307,75901.727, 6.286,5685
 9308,75908.922, 7.204,5685
 9309,75916.227, 7.307,5685
 9310,75922.414, 6.181,5685
 9311,75929.742, 7.330,5685
 9312,75936.906, 7.168,5685
 9313,75943.125, 6.209,5685
 9314,75950.273, 7.159,5685
 9315,75956.414, 6.130,5685
 9316,75962.961, 6.559,5685
 9317,75969.172, 6.207,5685
 9318,75976.172, 6.997,5685
 9319,75983.602, 7.429,5685
 9320,75989.969, 6.371,5685
 9321,75996.094, 6.122,5685
 9322,76002.906, 6.817,5685
 9323,76010.539, 7.626,5685
 9324,76017.516, 6.978,5685
 9325,76024.336, 6.827,5685
 9326,76031.211, 6.872,5685
 9327,76039.109, 7.892,5685
 9328,76045.953, 6.851,5685
 9329,76052.563, 6.607,5685
 9330,76060.594, 8.033,5685
 9331,76068.906, 8.310,5685
 9332,76076.922, 8.014,5685
 9333,76084.781, 7.857,5685
 9334,76091.563, 6.785,5685
 9335,76098.602, 7.043,5685
 9336,76106.578, 7.978,5685
 9337,76113.656, 7.073,5685
 9338,76120.547, 6.894,5685
 9339,76128.086, 7.533,5685
 9340,76136.133, 8.047,5685
 9341,76143.656, 7.529,5685
 9342,76152.211, 8.553,5685
 9343,76160.523, 8.311,5685
 9344,76168.086, 7.562,5685
 9345,76176.063, 7.975,5685
 9346,76183.477, 7.411,5685
 9347,76190.758, 7.281,5685
 9348,76198.555, 7.805,5685
 9349,76204.859, 6.302,5685
 9350,76211.500, 6.643,5685
 9351,76218.711, 7.206,5685
 9352,76226.406, 7.699,5685
 9353,76234.102, 7.688,5685
 9354,76241.180, 7.085,5685
 9355,76247.648, 6.475,5685
 9356,76255.891, 8.234,5685
 9357,76263.938, 8.048,5685
 9358,76272.086, 8.150,5685
 9359,76280.336, 8.255,5685
 9360,76287.805, 7.459,5685
 9361,76295.430, 7.625,5685
 9362,76302.461, 7.031,5685
 9363,76309.977, 7.524,5685
 9364,76316.688, 6.701,5685
 9365,76323.102, 6.415,5685
 9366,76330.203, 7.105,5685
 9367,76336.984, 6.782,5685
 9368,76343.477, 6.492,5685
 9369,76349.828, 6.350,5685
 9370,76356.883, 7.053,5685
 9371,76363.063, 6.178,5685
 9372,76370.594, 7.540,5685
 9373,76377.109, 6.507,5685
 9374,76384.125, 7.022,5685
 9375,76391.320, 7.197,5685
 9376,76397.719, 6.394,5685
 9377,76403.781, 6.058,5685
 9378,76410.477, 6.698,5685
 9379,76416.875, 6.403,5685
 9380,76424.203, 7.324,5685
 9381,76431.305, 7.110,5685
 9382,76437.703, 6.385,5685
 9383,76445.039, 7.341,5685
 9384,76451.211, 6.175,5685
 9385,76458.406, 7.195,5685
 9386,76464.570, 6.166,5685
 9387,76471.695, 7.121,5685
 9388,76478.688, 6.993,5685
 9389,76484.867, 6.185,5685
 9390,76491.500, 6.628,5685
 9391,76498.633, 7.134,5685
 9392,76504.805, 6.168,5685
 9393,76511.141, 6.337,5685
 9394,76517.203, 6.068,5685
 9395,76523.438, 6.228,5685
 9396,76529.766, 6.330,5685
 9397,76536.867, 7.106,5685
 9398,76543.297, 6.431,5685
 9399,76551.703, 8.398,5685
 9400,76558.945, 7.248,5685
 9401,76566.109, 7.160,5685
 9402,76572.539, 6.431,5685
 9403,76579.141, 6.599,5685
 9404,76586.625, 7.489,5685
 9405,76594.820, 8.196,5685
 9406,76603.328, 8.512,5685
 9407,76611.648, 8.320,5685
 9408,76619.547, 7.896,5685
 9409,76626.508, 6.959,5685
 9410,76633.961, 7.456,5685
 9411,76641.633, 7.674,5685
 9412,76650.422, 8.776,5685
 9413,76658.734, 8.317,5685
 9414,76666.508, 7.778,5685
 9415,76675.141, 8.629,5685
 9416,76683.609, 8.475,5685
 9417,76691.781, 8.162,5685
 9418,76699.125, 7.351,5685
 9419,76706.313, 7.191,5685
 9420,76713.367, 7.043,5685
 9421,76720.234, 6.874,5685
 9422,76727.906, 7.675,5685
 9423,76734.461, 6.547,5685
 9424,76742.047, 7.587,5685
 9425,76749.313, 7.274,5685
 9426,76756.172, 6.853,5685
 9427,76763.984, 7.819,5685
 9428,76770.914, 6.929,5685
 9429,76778.758, 7.837,5685
 9430,76786.594, 7.838,5685
 9431,76794.344, 7.753,5685
 9432,76801.391, 7.040,5685
 9433,76807.867, 6.480,5685
 9434,76814.055, 6.181,5685
 9435,76820.641, 6.597,5685
 9436,76827.734, 7.083,5685
 9437,76833.969, 6.246,5685
 9438,76839.875, 5.903,5685
 9439,76846.758, 6.874,5685
 9440,76852.875, 6.123,5685
 9441,76858.945, 6.073,5685
 9442,76866.852, 7.905,5685
 9443,76874.195, 7.341,5685
 9444,76880.500, 6.304,5685
 9445,76887.859, 7.359,5685
 9446,76894.141, 6.284,5685
 9447,76900.422, 6.275,5685
 9448,76907.492, 7.078,5685
 9449,76914.477, 6.981,5685
 9450,76920.594, 6.118,5685
 9451,76926.984, 6.396,5685
 9452,76933.367, 6.378,5685
 9453,76939.734, 6.367,5685
 9454,76946.961, 7.228,5685
 9455,76953.648, 6.692,5685
 9456,76959.836, 6.182,5685
 9457,76966.758, 6.916,5685
 9458,76973.945, 7.199,5685
 9459,76980.586, 6.637,5685
 9460,76987.570, 6.987,5685
 9461,76993.859, 6.282,5685
 9462,77000.977, 7.119,5685
 9463,77006.992, 6.023,5685
 9464,77013.414, 6.413,5685
 9465,77019.484, 6.071,5685
 9466,77025.703, 6.214,5685
 9467,77033.250, 7.551,5685
 9468,77042.188, 8.943,5685
 9469,77049.570, 7.383,5685
 9470,77055.953, 6.380,5685
 9471,77062.945, 6.990,5685
 9472,77069.180, 6.238,5685
 9473,77075.883, 6.699,5685
 9474,77083.023, 7.142,5685
 9475,77090.227, 7.202,5685
 9476,77096.406, 6.180,5685
 9477,77102.859, 6.452,5685
 9478,77109.945, 7.088,5685
 9479,77116.211, 6.263,5685
 9480,77123.203, 7.000,5685
 9481,77129.594, 6.386,5685
 9482,77135.953, 6.359,5685
 9483,77143.398, 7.439,5685
 9484,77149.977, 6.587,5685
 9485,77156.141, 6.163,5685
 9486,77162.563, 6.420,5685
 9487,77169.703, 7.136,5685
 9488,77176.781, 7.081,5685
 9489,77184.031, 7.247,5685
 9490,77191.039, 7.012,5685
 9491,77197.469, 6.432,5685
 9492,77204.141, 6.671,5685
 9493,77211.594, 7.453,5685
 9494,77219.180, 7.584,5685
 9495,77226.875, 7.699,5685
 9496,77233.867, 6.989,5685
 9497,77240.719, 6.848,5685
 9498,77248.438, 7.724,5685
 9499,77255.234, 6.802,5685
 9500,77262.602, 7.363,5685
 9501,77269.109, 6.503,5685
 9502,77276.461, 7.355,5685
 9503,77283.047, 6.580,5685
 9504,77290.727, 7.679,5685
 9505,77297.922, 7.200,5685
 9506,77305.383, 7.457,5685
 9507,77311.953, 6.578,5685
 9508,77318.609, 6.660,5685
 9509,77325.258, 6.645,5685
 9510,77331.750, 6.487,5685
 9511,77338.953, 7.210,5685
 9512,77345.586, 6.631,5685
 9513,77352.563, 6.972,5685
 9514,77359.734, 7.168,5685
 9515,77367.148, 7.417,5685
 9516,77375.125, 7.975,5685
 9517,77381.422, 6.301,5685
 9518,77387.664, 6.248,5685
 9519,77394.070, 6.397,5685
 9520,77400.695, 6.625,5685
 9521,77407.688, 6.996,5685
 9522,77415.172, 7.486,5685
 9523,77423.141, 7.970,5685
 9524,77430.086, 6.945,5685
 9525,77437.305, 7.222,5685
 9526,77443.430, 6.116,5685
 9527,77450.305, 6.883,5685
 9528,77457.375, 7.062,5685
 9529,77463.867, 6.499,5685
 9530,77470.711, 6.837,5685
 9531,77477.195, 6.492,5685
 9532,77484.148, 6.946,5685
 9533,77491.242, 7.097,5685
 9534,77497.539, 6.300,5685
 9535,77504.828, 7.288,5685
 9536,77511.289, 6.465,5685
 9537,77517.711, 6.413,5685
 9538,77525.164, 7.454,5685
 9539,77531.492, 6.331,5685
 9540,77537.656, 6.166,5685
 9541,77543.797, 6.141,5685
 9542,77550.008, 6.214,5685
 9543,77556.281, 6.270,5685
 9544,77562.391, 6.100,5685
 9545,77569.586, 7.207,5685
 9546,77576.531, 6.944,5685
 9547,77583.469, 6.931,5685
 9548,77590.516, 7.050,5685
 9549,77596.875, 6.358,5685
 9550,77603.141, 6.269,5685
 9551,77610.359, 7.215,5685
 9552,77617.008, 6.655,5685
 9553,77624.281, 7.271,5685
 9554,77631.578, 7.296,5685
 9555,77637.836, 6.259,5685
 9556,77644.023, 6.184,5685
 9557,77650.195, 6.172,5685
 9558,77656.453, 6.258,5685
 9559,77662.703, 6.244,5685
 9560,77669.289, 6.597,5685
 9561,77675.477, 6.179,5685
 9562,77681.836, 6.363,5685
 9563,77687.914, 6.079,5685
 9564,77694.484, 6.566,5685
 9565,77700.695, 6.212,5685
 9566,77706.820, 6.125,5685
 9567,77713.086, 6.269,5685
 9568,77720.531, 7.445,5685
 9569,77726.773, 6.238,5685
 9570,77732.836, 6.066,5685
 9571,77739.875, 7.040,5685
 9572,77745.984, 6.109,5685
 9573,77753.188, 7.199,5685
 9574,77760.328, 7.145,5685
 9575,77766.578, 6.253,5685
 9576,77773.633, 7.052,5685
 9577,77780.820, 7.187,5685
 9578,77788.250, 7.431,5685
 9579,77795.297, 7.044,5685
 9580,77803.992, 8.702,5685
 9581,77811.633, 7.642,5685
 9582,77818.781, 7.137,5685
 9583,77826.695, 7.912,5685
 9584,77833.203, 6.517,5685
 9585,77840.313, 7.107,5685
 9586,77847.938, 7.631,5685
 9587,77854.234, 6.292,5685
 9588,77861.234, 6.997,5685
 9589,77867.289, 6.059,5685
 9590,77874.289, 7.001,5685
 9591,77881.336, 7.049,5685
 9592,77887.922, 6.583,5685
 9593,77895.180, 7.256,5685
 9594,77901.688, 6.504,5685
 9595,77907.945, 6.265,5685
 9596,77914.164, 6.216,5685
 9597,77920.531, 6.370,5685
 9598,77927.773, 7.237,5685
 9599,77935.430, 7.659,5685
 9600,77941.836, 6.406,5685
 9601,77948.039, 6.197,5685
 9602,77954.555, 6.522,5685
 9603,77960.852, 6.298,5685
 9604,77968.516, 7.658,5685
 9605,77975.906, 7.398,5685
 9606,77983.430, 7.514,5685
 9607,77990.086, 6.660,5685
 9608,77997.594, 7.514,5685
 9609,78004.766, 7.168,5685
 9610,78011.383, 6.611,5685
 9611,78019.445, 8.067,5685
 9612,78027.102, 7.655,5685
 9613,78034.906, 7.807,5685
 9614,78042.594, 7.686,5685
 9615,78049.047, 6.453,5685
 9616,78055.836, 6.790,5685
 9617,78063.148, 7.313,5685
 9618,78070.047, 6.894,5685
 9619,78076.781, 6.740,5685
 9620,78084.219, 7.435,5685
 9621,78091.734, 7.516,5685
 9622,78099.586, 7.853,5685
 9623,78107.063, 7.473,5685
 9624,78113.289, 6.235,5685
 9625,78120.039, 6.738,5685
 9626,78126.867, 6.836,5685
 9627,78134.625, 7.759,5685
 9628,78141.211, 6.586,5685
 9629,78147.766, 6.546,5685
 9630,78154.086, 6.322,5685
 9631,78161.547, 7.465,5685
 9632,78167.938, 6.393,5685
 9633,78174.359, 6.419,5685
 9634,78181.625, 7.268,5685
 9635,78187.984, 6.363,5685
 9636,78194.883, 6.897,5685
 9637,78202.727, 7.836,5685
 9638,78210.352, 7.628,5685
 9639,78217.813, 7.462,5685
 9640,78224.852, 7.039,5685
 9641,78232.141, 7.287,5685
 9642,78239.531, 7.392,5685
 9643,78246.352, 6.815,5685
 9644,78254.102, 7.758,5685
 9645,78261.992, 7.895,5685
 9646,78269.555, 7.559,5685
 9647,78277.461, 7.903,5685
 9648,78285.023, 7.559,5685
 9649,78292.133, 7.111,5685
 9650,78299.188, 7.058,5685
 9651,78305.453, 6.263,5685
 9652,78311.625, 6.175,5685
 9653,78317.938, 6.315,5685
 9654,78324.945, 7.004,5685
 9655,78331.313, 6.372,5685
 9656,78338.266, 6.953,5685
 9657,78344.586, 6.314,5685
 9658,78351.820, 7.235,5685
 9659,78358.250, 6.433,5685
 9660,78364.453, 6.198,5685
 9661,78370.734, 6.281,5685
 9662,78377.672, 6.946,5685
 9663,78384.758, 7.081,5685
 9664,78391.156, 6.400,5685
 9665,78397.969, 6.816,5685
 9666,78404.578, 6.605,5685
 9667,78411.688, 7.104,5685
 9668,78418.828, 7.141,5685
 9669,78426.125, 7.296,5685
 9670,78433.555, 7.437,5685
 9671,78441.188, 7.632,5685
 9672,78449.359, 8.169,5685
 9673,78456.188, 6.828,5685
 9674,78463.695, 7.502,5685
 9675,78470.664, 6.980,5685
 9676,78476.852, 6.179,5685
 9677,78482.969, 6.127,5685
 9678,78489.398, 6.422,5685
 9679,78495.609, 6.217,5685
 9680,78502.758, 7.140,5685
 9681,78509.102, 6.347,5685
 9682,78515.461, 6.360,5685
 9683,78522.867, 7.405,5685
 9684,78529.227, 6.363,5685
 9685,78536.563, 7.334,5685
 9686,78544.125, 7.560,5685
 9687,78550.672, 6.552,5685
 9688,78557.430, 6.753,5685
 9689,78564.398, 6.968,5685
 9690,78572.070, 7.668,5685
 9691,78579.063, 6.994,5685
 9692,78587.164, 8.108,5685
 9693,78596.234, 9.071,5685
 9694,78603.844, 7.604,5685
 9695,78611.961, 8.123,5685
 9696,78620.336, 8.373,5685
 9697,78627.430, 7.095,5685
 9698,78634.141, 6.705,5685
 9699,78642.594, 8.457,5685
 9700,78650.125, 7.530,5685
 9701,78657.430, 7.307,5685
 9702,78664.070, 6.639,5685
 9703,78672.070, 8.000,5685
 9704,78680.695, 8.625,5685
 9705,78688.109, 7.412,5685
 9706,78696.695, 8.588,5685
 9707,78704.820, 8.129,5685
 9708,78711.070, 6.244,5685
 9709,78717.203, 6.138,5685
 9710,78724.172, 6.966,5685
 9711,78731.219, 7.050,5685
 9712,78738.188, 6.968,5685
 9713,78744.383, 6.193,5685
 9714,78750.555, 6.174,5685
 9715,78756.672, 6.119,5685
 9716,78763.500, 6.825,5685
 9717,78770.398, 6.894,5685
 9718,78777.891, 7.501,5685
 9719,78784.469, 6.572,5685
 9720,78791.711, 7.240,5685
 9721,78798.188, 6.482,5685
 9722,78805.094, 6.902,5685
 9723,78811.195, 6.104,5685
 9724,78818.133, 6.939,5685
 9725,78824.438, 6.305,5685
 9726,78830.703, 6.258,5685
 9727,78837.695, 6.993,5685
 9728,78844.742, 7.046,5685
 9729,78851.953, 7.216,5685
 9730,78858.188, 6.235,5685
 9731,78864.359, 6.172,5685
 9732,78871.320, 6.964,5685
 9733,78879.000, 7.677,5685
 9734,78885.922, 6.922,5685
 9735,78892.961, 7.041,5685
 9736,78900.000, 7.038,5685
 9737,78907.141, 7.142,5685
 9738,78913.250, 6.105,5685
 9739,78920.094, 6.844,5685
 9740,78927.094, 7.002,5685
 9741,78933.391, 6.291,5685
 9742,78939.539, 6.156,5685
 9743,78946.500, 6.956,5685
 9744,78952.547, 6.049,5685
 9745,78958.711, 6.164,5685
 9746,78964.805, 6.096,5685
 9747,78971.766, 6.959,5685
 9748,78979.398, 7.626,5685
 9749,78987.078, 7.681,5685
 9750,78994.844, 7.771,5685
 9751,79001.266, 6.428,5685
 9752,79007.547, 6.279,5685
 9753,79014.758, 7.202,5685
 9754,79022.117, 7.366,5685
 9755,79028.641, 6.528,5685
 9756,79035.688, 7.035,5685
 9757,79043.422, 7.735,5685
 9758,79049.719, 6.295,5685
 9759,79056.031, 6.314,5685
 9760,79062.188, 6.164,5685
 9761,79068.336, 6.148,5685
 9762,79074.750, 6.408,5685
 9763,79081.047, 6.297,5685
 9764,79088.180, 7.133,5685
 9765,79094.875, 6.702,5685
 9766,79101.203, 6.327,5685
 9767,79107.398, 6.193,5685
 9768,79113.930, 6.535,5685
 9769,79120.625, 6.694,5685
 9770,79127.828, 7.198,5685
 9771,79134.211, 6.387,5685
 9772,79140.430, 6.213,5685
 9773,79147.086, 6.659,5685
 9774,79153.570, 6.484,5685
 9775,79159.914, 6.346,5685
 9776,79167.305, 7.394,5685
 9777,79174.023, 6.713,5685
 9778,79181.328, 7.309,5685
 9779,79187.813, 6.483,5685
 9780,79195.156, 7.341,5685
 9781,79202.516, 7.365,5685
 9782,79210.055, 7.532,5685
 9783,79217.570, 7.523,5685
 9784,79225.414, 7.840,5685
 9785,79232.195, 6.779,5685
 9786,79239.484, 7.292,5685
 9787,79246.211, 6.725,5685
 9788,79253.000, 6.794,5685
 9789,79259.617, 6.615,5685
 9790,79266.055, 6.431,5685
 9791,79272.594, 6.543,5685
 9792,79280.109, 7.514,5685
 9793,79287.484, 7.380,5685
 9794,79294.289, 6.801,5685
 9795,79301.484, 7.199,5685
 9796,79309.336, 7.851,5685
 9797,79317.891, 8.551,5685
 9798,79325.086, 7.196,5685
 9799,79331.602, 6.518,5685
 9800,79338.383, 6.776,5685
 9801,79344.633, 6.256,5685
 9802,79351.109, 6.476,5685
 9803,79357.336, 6.226,5685
 9804,79364.859, 7.521,5685
 9805,79373.242, 8.389,5685
 9806,79380.148, 6.905,5685
 9807,79386.367, 6.211,5685
 9808,79392.820, 6.457,5685
 9809,79399.359, 6.535,5685
 9810,79405.367, 6.010,5685
 9811,79412.047, 6.676,5685
 9812,79418.750, 6.710,5685
 9813,79425.227, 6.477,5685
 9814,79431.813, 6.582,5685
 9815,79438.133, 6.322,5685
 9816,79444.523, 6.392,5685
 9817,79451.133, 6.608,5685
 9818,79457.289, 6.161,5685
 9819,79463.352, 6.058,5685
 9820,79469.453, 6.099,5685
 9821,79475.750, 6.297,5685
 9822,79482.805, 7.061,5685
 9823,79489.266, 6.459,5685
 9824,79495.664, 6.403,5685
 9825,79503.688, 8.014,5685
 9826,79511.563, 7.881,5685
 9827,79519.422, 7.856,5685
 9828,79526.828, 7.404,5685
 9829,79533.875, 7.055,5685
 9830,79540.211, 6.328,5685
 9831,79547.352, 7.138,5685
 9832,79553.391, 6.039,5685
 9833,79560.570, 7.190,5685
 9834,79567.625, 7.053,5685
 9835,79574.109, 6.481,5685
 9836,79580.719, 6.608,5685
 9837,79587.617, 6.905,5685
 9838,79594.500, 6.880,5685
 9839,79602.148, 7.645,5685
 9840,79608.445, 6.300,5685
 9841,79615.250, 6.805,5685
 9842,79621.625, 6.379,5685
 9843,79628.922, 7.290,5685
 9844,79636.102, 7.177,5685
 9845,79642.422, 6.323,5685
 9846,79649.453, 7.032,5685
 9847,79655.570, 6.121,5685
 9848,79661.914, 6.341,5685
 9849,79668.000, 6.087,5685
 9850,79674.508, 6.505,5685
 9851,79680.797, 6.291,5685
 9852,79687.148, 6.347,5685
 9853,79693.602, 6.461,5685
 9854,79700.648, 7.047,5578
 9855,79708.063, 7.405,5578
 9856,79714.906, 6.847,5578
 9857,79721.031, 6.126,5578
 9858,79728.211, 7.179,5578
 9859,79735.047, 6.837,5578
 9860,79742.086, 7.038,5578
 9861,79748.234, 6.154,5578
 9862,79755.047, 6.808,5578
 9863,79761.117, 6.068,5578
 9864,79767.961, 6.847,5578
 9865,79774.336, 6.377,5578
 9866,79780.266, 5.932,5578
 9867,79787.383, 7.105,5578
 9868,79794.289, 6.913,5578
 9869,79800.836, 6.544,5578
 9870,79808.039, 7.203,5578
 9871,79814.164, 6.127,5578
 9872,79820.188, 6.025,5578
 9873,79827.461, 7.274,5578
 9874,79834.180, 6.720,5578
 9875,79841.133, 6.949,5578
 9876,79847.383, 6.252,5578
 9877,79853.375, 5.991,5578
 9878,79859.359, 5.982,5578
 9879,79865.430, 6.074,5578
 9880,79872.328, 6.903,5578
 9881,79879.148, 6.816,5578
 9882,79885.133, 5.986,5578
 9883,79891.281, 6.147,5578
 9884,79897.500, 6.220,5578
 9885,79904.766, 7.263,5578
 9886,79910.805, 6.039,5578
 9887,79918.797, 7.991,5578
 9888,79925.445, 6.652,5578
 9889,79932.227, 6.785,5578
 9890,79938.141, 5.909,5578
 9891,79944.188, 6.044,5578
 9892,79950.297, 6.118,5578
 9893,79957.297, 7.001,5578
 9894,79964.133, 6.829,5578
 9895,79970.328, 6.197,5578
 9896,79976.922, 6.593,5578
 9897,79983.156, 6.237,5578
 9898,79989.695, 6.529,5578
 9899,79996.492, 6.802,5578
 9900,80002.680, 6.188,5578
 9901,80009.266, 6.586,5578
 9902,80017.383, 8.112,5578
 9903,80024.484, 7.105,5578
 9904,80032.063, 7.576,5578
 9905,80039.695, 7.631,5578
 9906,80046.375, 6.685,5578
 9907,80053.094, 6.715,5578
 9908,80061.695, 8.602,5578
 9909,80068.828, 7.140,5578
 9910,80076.547, 7.714,5578
 9911,80083.906, 7.359,5578
 9912,80091.273, 7.369,5578
 9913,80097.750, 6.471,5578
 9914,80105.148, 7.406,5578
 9915,80112.086, 6.930,5578
 9916,80120.656, 8.577,5578
 9917,80128.938, 8.284,5578
 9918,80136.648, 7.710,5578
 9919,80144.578, 7.927,5578
 9920,80151.586, 7.006,5578
 9921,80158.609, 7.025,5578
 9922,80165.648, 7.042,5578
 9923,80172.570, 6.919,5578
 9924,80179.367, 6.798,5578
 9925,80186.531, 7.165,5578
 9926,80192.570, 6.036,5578
 9927,80199.484, 6.917,5578
 9928,80205.555, 6.070,5578
 9929,80211.609, 6.057,5578
 9930,80218.734, 7.121,5578
 9931,80225.625, 6.895,5578
 9932,80231.734, 6.102,5578
 9933,80238.961, 7.231,5578
 9934,80245.188, 6.228,5578
 9935,80251.398, 6.209,5578
 9936,80258.500, 7.105,5578
 9937,80264.891, 6.391,5578
 9938,80271.047, 6.145,5578
 9939,80277.156, 6.115,5578
 9940,80283.203, 6.045,5578
 9941,80289.484, 6.284,5578
 9942,80296.258, 6.776,5578
 9943,80302.836, 6.580,5578
 9944,80309.109, 6.264,5578
 9945,80316.508, 7.405,5578
 9946,80323.172, 6.661,5578
 9947,80329.500, 6.331,5578
 9948,80337.164, 7.665,5578
 9949,80343.742, 6.571,5578
 9950,80350.164, 6.428,5578
 9951,80358.172, 8.005,5578
 9952,80365.078, 6.908,5578
 9953,80371.367, 6.290,5578
 9954,80377.844, 6.478,5578
 9955,80384.680, 6.830,5578
 9956,80391.461, 6.787,5578
 9957,80397.648, 6.192,5578
 9958,80404.055, 6.401,5578
 9959,80411.086, 7.028,5578
 9960,80417.930, 6.846,5578
 9961,80424.164, 6.235,5578
 9962,80431.602, 7.441,5578
 9963,80439.594, 7.988,5578
 9964,80448.125, 8.530,5578
 9965,80455.281, 7.160,5578
 9966,80461.492, 6.212,5578
 9967,80467.594, 6.098,5578
 9968,80473.773, 6.179,5578
 9969,80479.820, 6.046,5578
 9970,80486.031, 6.210,5578
 9971,80492.859, 6.830,5578
 9972,80499.133, 6.271,5578
 9973,80505.938, 6.814,5578
 9974,80512.859, 6.916,5578
 9975,80519.031, 6.165,5578
 9976,80525.852, 6.828,5578
 9977,80532.766, 6.909,5578
 9978,80540.125, 7.361,5578
 9979,80547.609, 7.486,5578
 9980,80554.852, 7.243,5578
 9981,80562.258, 7.412,5578
 9982,80568.594, 6.333,5578
 9983,80575.836, 7.238,5578
 9984,80582.758, 6.925,5578
 9985,80590.016, 7.249,5578
 9986,80597.102, 7.088,5578
 9987,80603.625, 6.533,5578
 9988,80610.750, 7.116,5578
 9989,80618.492, 7.743,5578
 9990,80625.492, 7.001,5578
 9991,80632.117, 6.623,5578
 9992,80639.617, 7.508,5578
 9993,80646.453, 6.828,5578
 9994,80653.625, 7.176,5578
 9995,80661.141, 7.515,5578
 9996,80669.023, 7.879,5578
 9997,80676.766, 7.745,5578
 9998,80683.438, 6.673,5578
 9999,80690.758, 7.319,5578
10000,80697.336, 6.584,5578
10001,80705.109, 7.768,5578
10002,80711.477, 6.369,5578
10003,80717.922, 6.451,5578
10004,80725.492, 7.566,5578
10005,80733.141, 7.643,5578
10006,80739.969, 6.832,5578
10007,80747.031, 7.063,5578
10008,80754.289, 7.257,5578
10009,80760.609, 6.326,5578
10010,80766.820, 6.204,5578
10011,80773.633, 6.819,5578
10012,80780.352, 6.707,5578
10013,80786.500, 6.157,5578
10014,80793.141, 6.634,5578
10015,80799.141, 6.005,5578
10016,80805.328, 6.194,5578
10017,80812.055, 6.719,5578
10018,80819.398, 7.341,5578
10019,80827.758, 8.362,5578
10020,80834.367, 6.609,5578
10021,80840.695, 6.326,5578
10022,80847.797, 7.102,5578
10023,80854.609, 6.820,5578
10024,80861.727, 7.108,5578
10025,80867.922, 6.204,5578
10026,80875.195, 7.273,5578
10027,80882.180, 6.982,5578
10028,80890.438, 8.255,5578
10029,80896.961, 6.532,5578
10030,80903.328, 6.366,5578
10031,80910.375, 7.038,5578
10032,80916.695, 6.322,5578
10033,80922.836, 6.139,5578
10034,80929.023, 6.186,5578
10035,80935.578, 6.560,5578
10036,80942.445, 6.867,5578
10037,80949.438, 6.989,5578
10038,80955.852, 6.414,5578
10039,80962.313, 6.470,5578
10040,80968.422, 6.101,5578
10041,80974.781, 6.358,5578
10042,80980.961, 6.184,5578
10043,80988.219, 7.255,5578
10044,80994.250, 6.035,5578
10045,81000.289, 6.044,5578
10046,81006.602, 6.310,5578
10047,81013.563, 6.961,5578
10048,81019.820, 6.253,5578
10049,81026.102, 6.282,5578
10050,81032.211, 6.111,5578
10051,81039.234, 7.019,5578
10052,81046.195, 6.960,5578
10053,81053.445, 7.248,5578
10054,81059.563, 6.123,5578
10055,81066.805, 7.244,5578
10056,81073.164, 6.358,5578
10057,81080.242, 7.081,5578
10058,81086.664, 6.421,5578
10059,81093.781, 7.111,5578
10060,81100.844, 7.067,5578
10061,81107.000, 6.157,5578
10062,81113.078, 6.078,5578
10063,81119.078, 5.992,5578
10064,81126.172, 7.098,5578
10065,81133.000, 6.836,5578
10066,81140.125, 7.118,5578
10067,81146.508, 6.385,5578
10068,81153.391, 6.876,5578
10069,81161.375, 7.990,5578
10070,81169.094, 7.721,5578
10071,81175.984, 6.895,5578
10072,81183.055, 7.063,5578
10073,81189.414, 6.356,5578
10074,81198.156, 8.747,5578
10075,81206.148, 7.993,5578
10076,81214.570, 8.425,5578
10077,81221.305, 6.731,5578
10078,81228.164, 6.862,5578
10079,81234.953, 6.785,5578
10080,81241.492, 6.537,5578
10081,81249.516, 8.025,5578
10082,81257.914, 8.404,5578
10083,81265.633, 7.718,5578
10084,81272.570, 6.938,5578
10085,81280.539, 7.968,5578
10086,81287.727, 7.183,5578
10087,81294.445, 6.718,5578
10088,81301.305, 6.862,5578
10089,81309.469, 8.161,5578
10090,81316.180, 6.714,5578
10091,81324.070, 7.890,5578
10092,81330.391, 6.319,5578
10093,81336.500, 6.108,5578
10094,81343.648, 7.151,5578
10095,81350.656, 7.015,5578
10096,81356.773, 6.108,5578
10097,81363.156, 6.388,5578
10098,81369.992, 6.835,5578
10099,81376.203, 6.207,5578
10100,81382.781, 6.579,5578
10101,81390.844, 8.061,5578
10102,81397.586, 6.744,5578
10103,81404.398, 6.812,5578
10104,81411.000, 6.604,5578
10105,81418.891, 7.891,5578
10106,81426.188, 7.296,5578
10107,81434.094, 7.901,5578
10108,81441.109, 7.014,5578
10109,81447.375, 6.266,5578
10110,81454.547, 7.174,5578
10111,81462.000, 7.458,5578
10112,81468.164, 6.158,5578
10113,81475.523, 7.363,5578
10114,81482.500, 6.975,5578
10115,81489.977, 7.485,5578
10116,81497.086, 7.102,5578
10117,81504.219, 7.137,5578
10118,81511.414, 7.194,5578
10119,81517.734, 6.313,5578
10120,81523.797, 6.068,5578
10121,81529.898, 6.102,5578
10122,81536.070, 6.165,5578
10123,81543.313, 7.249,5578
10124,81549.398, 6.082,5578
10125,81556.344, 6.945,5578
10126,81562.445, 6.105,5578
10127,81569.469, 7.026,5578
10128,81575.664, 6.201,5578
10129,81582.648, 6.980,5578
10130,81591.188, 8.539,5578
10131,81598.516, 7.325,5578
10132,81605.867, 7.353,5578
10133,81614.047, 8.174,5578
10134,81620.969, 6.931,5578
10135,81628.281, 7.313,5578
10136,81635.117, 6.830,5578
10137,81642.242, 7.127,5578
10138,81648.547, 6.307,5578
10139,81655.844, 7.295,5578
10140,81662.086, 6.236,5578
10141,81669.156, 7.073,5578
10142,81675.234, 6.083,5578
10143,81682.477, 7.240,5578
10144,81689.625, 7.153,5578
10145,81695.992, 6.366,5578
10146,81703.594, 7.597,5578
10147,81710.805, 7.211,5578
10148,81717.219, 6.416,5578
10149,81724.328, 7.108,5578
10150,81730.422, 6.090,5578
10151,81737.109, 6.693,5578
10152,81744.398, 7.283,5578
10153,81751.016, 6.618,5578
10154,81758.547, 7.539,5578
10155,81766.313, 7.766,5578
10156,81772.617, 6.300,5578
10157,81778.914, 6.299,5578
10158,81785.141, 6.226,5578
10159,81792.969, 7.831,5578
10160,81800.148, 7.171,5578
10161,81807.719, 7.571,5578
10162,81815.883, 8.168,5578
10163,81822.516, 6.634,5578
10164,81830.055, 7.532,5578
10165,81837.648, 7.604,5578
10166,81844.922, 7.270,5578
10167,81852.578, 7.652,5578
10168,81858.992, 6.423,5578
10169,81865.766, 6.764,5578
10170,81872.578, 6.813,5578
10171,81879.953, 7.383,5578
10172,81887.359, 7.396,5578
10173,81895.281, 7.925,5578
10174,81903.133, 7.850,5578
10175,81910.516, 7.382,5578
10176,81917.031, 6.517,5578
10177,81923.102, 6.069,5578
10178,81930.602, 7.508,5578
10179,81936.906, 6.302,5578
10180,81943.109, 6.201,5578
10181,81949.289, 6.181,5578
10182,81955.422, 6.131,5578
10183,81962.641, 7.221,5578
10184,81970.578, 7.936,5578
10185,81977.828, 7.249,5578
10186,81985.180, 7.355,5578
10187,81992.297, 7.119,5578
10188,81999.359, 7.058,5578
10189,82006.680, 7.321,5578
10190,82014.484, 7.808,5578
10191,82021.125, 6.635,5578
10192,82027.734, 6.605,5578
10193,82034.781, 7.052,5578
10194,82041.133, 6.351,5578
10195,82047.852, 6.724,5578
10196,82053.938, 6.082,5578
10197,82060.875, 6.936,5578
10198,82067.273, 6.400,5578
10199,82074.883, 7.609,5578
10200,82081.188, 6.304,5578
10201,82088.641, 7.462,5578
10202,82095.602, 6.959,5578
10203,82103.070, 7.461,5578
10204,82110.273, 7.207,5578
10205,82117.586, 7.309,5578
10206,82124.906, 7.326,5578
10207,82132.922, 8.014,5578
10208,82139.438, 6.513,5578
10209,82146.414, 6.972,5578
10210,82153.508, 7.098,5578
10211,82159.664, 6.160,5578
10212,82165.633, 5.966,5578
10213,82171.898, 6.266,5578
10214,82178.086, 6.189,5578
10215,82185.016, 6.921,5578
10216,82191.859, 6.854,5578
10217,82197.898, 6.039,5578
10218,82204.039, 6.136,5578
10219,82210.977, 6.946,5578
10220,82217.242, 6.259,5578
10221,82224.383, 7.136,5578
10222,82231.602, 7.222,5578
10223,82238.219, 6.617,5578
10224,82244.680, 6.454,5578
10225,82252.016, 7.337,5578
10226,82258.391, 6.375,5578
10227,82264.469, 6.080,5578
10228,82271.578, 7.113,5578
10229,82277.711, 6.130,5578
10230,82284.930, 7.228,5578
10231,82291.172, 6.234,5578
10232,82297.320, 6.158,5578
10233,82304.359, 7.026,5578
10234,82311.070, 6.716,5578
10235,82317.602, 6.539,5578
10236,82324.516, 6.907,5578
10237,82331.297, 6.786,5578
10238,82338.578, 7.282,5578
10239,82346.617, 8.038,5578
10240,82354.258, 7.641,5578
10241,82361.063, 6.802,5578
10242,82368.023, 6.953,5578
10243,82376.055, 8.036,5578
10244,82382.273, 6.220,5578
10245,82389.367, 7.093,5578
10246,82395.688, 6.317,5578
10247,82403.008, 7.321,5578
10248,82410.297, 7.294,5578
10249,82416.813, 6.512,5578
10250,82423.500, 6.690,5578
10251,82429.961, 6.463,5578
10252,82436.453, 6.490,5578
10253,82444.063, 7.604,5578
10254,82451.438, 7.376,5578
10255,82459.094, 7.661,5578
10256,82466.391, 7.290,5578
10257,82473.727, 7.340,5578
10258,82482.242, 8.518,5578
10259,82490.070, 7.824,5578
10260,82498.305, 8.240,5578
10261,82505.797, 7.486,5578
10262,82512.828, 7.036,5578
10263,82520.406, 7.572,5578
10264,82527.984, 7.591,5578
10265,82535.523, 7.530,5578
10266,82542.344, 6.818,5578
10267,82549.422, 7.081,5578
10268,82556.320, 6.904,5578
10269,82563.914, 7.593,5578
10270,82571.328, 7.416,5578
10271,82579.430, 8.098,5578
10272,82585.859, 6.430,5578
10273,82593.633, 7.778,5578
10274,82600.398, 6.760,5578
10275,82607.648, 7.256,5578
10276,82614.797, 7.139,5578
10277,82621.586, 6.795,5578
10278,82629.180, 7.591,5578
10279,82635.617, 6.443,5578
10280,82641.781, 6.153,5578
10281,82649.938, 8.164,5578
10282,82656.820, 6.883,5578
10283,82663.234, 6.417,5578
10284,82669.484, 6.241,5578
10285,82675.719, 6.236,5578
10286,82683.313, 7.603,5578
10287,82689.586, 6.267,5578
10288,82695.813, 6.224,5578
10289,82702.547, 6.740,5578
10290,82708.719, 6.162,5578
10291,82715.070, 6.358,5578
10292,82722.539, 7.470,5578
10293,82728.891, 6.354,5578
10294,82737.938, 9.041,5578
10295,82744.664, 6.733,5578
10296,82751.055, 6.384,5578
10297,82758.414, 7.358,5578
10298,82764.844, 6.435,5578
10299,82771.930, 7.086,5578
10300,82778.344, 6.407,5578
10301,82784.633, 6.297,5578
10302,82790.836, 6.197,5578
10303,82798.195, 7.364,5578
10304,82804.406, 6.208,5578
10305,82810.688, 6.278,5578
10306,82817.836, 7.150,5578
10307,82824.891, 7.060,5578
10308,82831.344, 6.450,5578
10309,82837.930, 6.589,5578
10310,82844.328, 6.402,5578
10311,82850.750, 6.412,5578
10312,82858.281, 7.537,5578
10313,82865.742, 7.455,5578
10314,82871.992, 6.257,5578
10315,82879.188, 7.190,5578
10316,82885.523, 6.335,5578
10317,82891.992, 6.474,5578
10318,82899.461, 7.468,5578
10319,82906.641, 7.180,5578
10320,82912.930, 6.292,5578
10321,82920.055, 7.122,5578
10322,82927.828, 7.771,5578
10323,82935.094, 7.266,5578
10324,82942.094, 6.996,5578
10325,82948.516, 6.430,5578
10326,82954.844, 6.325,5578
10327,82962.180, 7.336,5578
10328,82970.188, 8.005,5578
10329,82977.242, 7.056,5578
10330,82984.266, 7.029,5578
10331,82991.055, 6.783,5578
10332,82997.188, 6.136,5578
10333,83003.508, 6.319,5578
10334,83009.695, 6.182,5578
10335,83016.086, 6.398,5578
10336,83022.594, 6.506,5578
10337,83028.984, 6.393,5578
10338,83036.648, 7.668,5578
10339,83043.125, 6.467,5578
10340,83049.469, 6.346,5578
10341,83056.930, 7.462,5578
10342,83064.414, 7.480,5578
10343,83071.945, 7.536,5578
10344,83079.367, 7.420,5578
10345,83086.813, 7.448,5578
10346,83094.195, 7.386,5578
10347,83101.172, 6.969,5578
10348,83108.578, 7.408,5578
10349,83118.047, 9.464,5578
10350,83125.047, 7.003,5578
10351,83133.453, 8.405,5578
10352,83141.445, 7.991,5578
10353,83148.156, 6.714,5578
10354,83156.117, 7.966,5578
10355,83163.805, 7.683,5578
10356,83170.313, 6.511,5578
10357,83178.414, 8.095,5578
10358,83188.445,10.033,5578
10359,83197.422, 8.977,5578
10360,83204.086, 6.662,5578
10361,83210.484, 6.406,5578
10362,83217.508, 7.018,5578
10363,83225.164, 7.657,5578
10364,83231.516, 6.352,5578
10365,83238.555, 7.040,5578
10366,83245.430, 6.871,5578
10367,83252.641, 7.222,5578
10368,83259.141, 6.493,5578
10369,83265.438, 6.293,5578
10370,83272.484, 7.047,5578
10371,83279.727, 7.241,5578
10372,83286.578, 6.859,5578
10373,83293.383, 6.802,5578
10374,83300.438, 7.058,5578
10375,83306.602, 6.166,5578
10376,83313.758, 7.151,5578
10377,83320.102, 6.347,5578
10378,83326.523, 6.420,5578
10379,83332.680, 6.153,5578
10380,83338.773, 6.096,5578
10381,83345.320, 6.549,5578
10382,83352.773, 7.454,5578
10383,83359.203, 6.429,5578
10384,83366.383, 7.178,5578
10385,83373.625, 7.247,5578
10386,83380.234, 6.606,5578
10387,83386.984, 6.754,5578
10388,83393.742, 6.747,5578
10389,83401.016, 7.276,5578
10390,83407.266, 6.254,5578
10391,83414.602, 7.335,5578
10392,83421.180, 6.575,5578
10393,83427.438, 6.257,5578
10394,83434.422, 6.982,5578
10395,83441.047, 6.631,5578
10396,83448.070, 7.022,5578
10397,83455.133, 7.061,5578
10398,83461.688, 6.558,5578
10399,83468.289, 6.604,5578
10400,83474.875, 6.585,5578
10401,83481.156, 6.275,5578
10402,83488.547, 7.392,5578
10403,83496.195, 7.656,5578
10404,83504.914, 8.717,5578
10405,83512.719, 7.800,5578
10406,83519.063, 6.344,5578
10407,83526.234, 7.176,5578
10408,83532.539, 6.304,5578
10409,83538.867, 6.324,5578
10410,83545.070, 6.204,5578
10411,83551.391, 6.318,5578
10412,83557.586, 6.203,5578
10413,83563.984, 6.398,5578
10414,83570.391, 6.404,5578
10415,83576.898, 6.508,5578
10416,83583.742, 6.843,5578
10417,83590.086, 6.339,5578
10418,83596.805, 6.724,5578
10419,83603.938, 7.137,5578
10420,83610.195, 6.257,5578
10421,83616.820, 6.617,5578
10422,83623.477, 6.660,5578
10423,83630.219, 6.746,5578
10424,83637.344, 7.119,5578
10425,83643.805, 6.462,5578
10426,83650.320, 6.524,5578
10427,83656.852, 6.520,5578
10428,83664.172, 7.327,5578
10429,83670.477, 6.301,5578
10430,83677.258, 6.784,5578
10431,83684.102, 6.844,5578
10432,83690.852, 6.746,5578
10433,83697.547, 6.701,5578
10434,83704.430, 6.874,5578
10435,83711.672, 7.239,5578
10436,83718.898, 7.240,5578
10437,83725.602, 6.699,5578
10438,83732.281, 6.679,5578
10439,83739.148, 6.865,5578
10440,83746.086, 6.939,5578
10441,83752.773, 6.682,5578
10442,83759.539, 6.768,5578
10443,83767.164, 7.627,5578
10444,83773.836, 6.674,5578
10445,83780.563, 6.730,5578
10446,83787.563, 6.994,5578
10447,83794.328, 6.770,5578
10448,83801.141, 6.806,5578
10449,83809.227, 8.091,5578
10450,83817.438, 8.210,5578
10451,83824.805, 7.366,5578
10452,83831.016, 6.210,5578
10453,83837.383, 6.366,5578
10454,83843.844, 6.465,5578
10455,83850.344, 6.497,5578
10456,83856.758, 6.412,5578
10457,83862.961, 6.211,5578
10458,83869.141, 6.177,5578
10459,83877.508, 8.369,5578
10460,83886.031, 8.518,5578
10461,83893.523, 7.497,5578
10462,83899.758, 6.231,5578
10463,83907.039, 7.281,5578
10464,83914.133, 7.098,5578
10465,83921.008, 6.869,5578
10466,83927.430, 6.421,5578
10467,83933.953, 6.530,5578
10468,83941.055, 7.093,5578
10469,83947.703, 6.650,5578
10470,83955.328, 7.633,5578
10471,83962.656, 7.329,5578
10472,83968.961, 6.299,5578
10473,83976.031, 7.066,5578
10474,83982.367, 6.337,5578
10475,83989.930, 7.569,5578
10476,83996.188, 6.258,5578
10477,84002.547, 6.354,5578
10478,84009.813, 7.269,5578
10479,84016.273, 6.467,5578
10480,84023.047, 6.764,5578
10481,84029.641, 6.603,5578
10482,84036.070, 6.421,5578
10483,84042.328, 6.263,5578
10484,84049.406, 7.074,5578
10485,84056.656, 7.258,5578
10486,84063.047, 6.377,5578
10487,84069.828, 6.792,5578
10488,84076.453, 6.621,5578
10489,84082.953, 6.506,5578
10490,84089.180, 6.222,5578
10491,84097.789, 8.610,5578
10492,84104.422, 6.630,5578
10493,84110.758, 6.335,5578
10494,84117.063, 6.306,5578
10495,84123.539, 6.477,5578
10496,84130.242, 6.701,5578
10497,84137.742, 7.499,5578
10498,84144.234, 6.499,5578
10499,84150.883, 6.642,5578
10500,84157.359, 6.478,5578
10501,84164.734, 7.377,5578
10502,84171.883, 7.151,5578
10503,84179.273, 7.389,5578
10504,84186.266, 6.993,5578
10505,84192.508, 6.237,5578
10506,84199.461, 6.954,5578
10507,84205.859, 6.403,5578
10508,84212.281, 6.422,5578
10509,84219.102, 6.819,5578
10510,84226.477, 7.370,5578
10511,84233.313, 6.847,5578
10512,84241.313, 7.997,5578
10513,84247.852, 6.535,5578
10514,84256.070, 8.214,5578
10515,84264.141, 8.076,5578
10516,84271.414, 7.274,5578
10517,84277.938, 6.522,5578
10518,84285.234, 7.300,5578
10519,84291.555, 6.318,5578
10520,84298.211, 6.652,5578
10521,84304.633, 6.427,5578
10522,84311.133, 6.496,5578
10523,84318.656, 7.532,5578
10524,84324.953, 6.290,5578
10525,84331.289, 6.340,5578
10526,84339.297, 8.010,5578
10527,84345.891, 6.593,5578
10528,84352.320, 6.424,5578
10529,84359.773, 7.451,5578
10530,84366.984, 7.220,5578
10531,84373.836, 6.848,5578
10532,84380.234, 6.397,5578
10533,84387.297, 7.068,5578
10534,84394.422, 7.120,5578
10535,84401.750, 7.326,5578
10536,84409.109, 7.362,5578
10537,84418.109, 8.998,5578
10538,84425.133, 7.023,5578
10539,84432.484, 7.355,5578
10540,84440.289, 7.807,5578
10541,84447.820, 7.528,5578
10542,84455.961, 8.144,5578
10543,84463.359, 7.388,5578
10544,84471.305, 7.952,5578
10545,84478.375, 7.067,5578
10546,84486.805, 8.426,5578
10547,84494.242, 7.448,5578
10548,84502.289, 8.047,5578
10549,84509.227, 6.934,5578
10550,84517.781, 8.551,5578
10551,84524.672, 6.891,5578
10552,84531.094, 6.418,5578
10553,84538.516, 7.424,5578
10554,84544.805, 6.290,5578
10555,84551.625, 6.825,5578
10556,84558.047, 6.418,5578
10557,84565.375, 7.324,5578
10558,84573.195, 7.829,5578
10559,84580.539, 7.338,5578
10560,84587.961, 7.429,5578
10561,84594.188, 6.219,5578
10562,84600.320, 6.136,5578
10563,84607.250, 6.930,5578
10564,84613.969, 6.720,5578
10565,84621.281, 7.317,5578
10566,84627.609, 6.324,5578
10567,84634.813, 7.202,5578
10568,84641.883, 7.067,5578
10569,84649.828, 7.946,5578
10570,84657.180, 7.355,5578
10571,84663.898, 6.720,5578
10572,84670.258, 6.354,5578
10573,84677.617, 7.368,5578
10574,84684.875, 7.251,5578
10575,84692.461, 7.582,5578
10576,84698.781, 6.326,5578
10577,84705.086, 6.298,5578
10578,84712.289, 7.209,5578
10579,84718.797, 6.508,5578
10580,84725.141, 6.341,5578
10581,84733.359, 8.216,5578
10582,84740.641, 7.287,5578
10583,84748.211, 7.569,5578
10584,84754.547, 6.336,5578
10585,84762.320, 7.781,5578
10586,84769.602, 7.280,5578
10587,84776.195, 6.588,5578
10588,84782.758, 6.558,5578
10589,84789.156, 6.406,5578
10590,84795.508, 6.344,5578
10591,84802.023, 6.513,5578
10592,84808.242, 6.225,5578
10593,84814.531, 6.293,5578
10594,84820.828, 6.291,5578
10595,84828.070, 7.244,5578
10596,84834.266, 6.200,5578
10597,84840.656, 6.386,5578
10598,84847.883, 7.228,5578
10599,84854.117, 6.232,5578
10600,84860.266, 6.153,5578
10601,84866.875, 6.609,5578
10602,84873.367, 6.482,5578
10603,84879.836, 6.478,5578
10604,84886.570, 6.735,5578
10605,84892.789, 6.212,5578
10606,84899.109, 6.327,5578
10607,84905.492, 6.384,5578
10608,84911.844, 6.349,5578
10609,84918.820, 6.973,5578
10610,84925.461, 6.640,5578
10611,84932.781, 7.320,5578
10612,84939.211, 6.431,5578
10613,84945.906, 6.696,5578
10614,84952.867, 6.961,5578
10615,84960.352, 7.482,5578
10616,84966.852, 6.505,5578
10617,84974.188, 7.335,5578
10618,84982.281, 8.097,5578
10619,84989.219, 6.933,5578
10620,84996.227, 7.013,5578
10621,85003.172, 6.943,5578
10622,85010.148, 6.977,5578
10623,85016.945, 6.798,5578
10624,85024.516, 7.563,5578
10625,85032.578, 8.064,5578
10626,85040.578, 8.000,5578
10627,85047.484, 6.905,5578
10628,85054.273, 6.795,5578
10629,85060.969, 6.693,5578
10630,85068.508, 7.537,5578
10631,85075.852, 7.348,5578
10632,85083.969, 8.115,5578
10633,85091.211, 7.240,5578
10634,85098.383, 7.174,5578
10635,85105.547, 7.167,5578
10636,85112.438, 6.890,5578
10637,85118.930, 6.488,5578
10638,85125.547, 6.623,5578
10639,85131.969, 6.419,5578
10640,85138.695, 6.719,5578
10641,85145.172, 6.487,5578
10642,85152.859, 7.687,5578
10643,85159.109, 6.241,5578
10644,85166.469, 7.361,5578
10645,85173.023, 6.555,5578
10646,85179.313, 6.295,5578
10647,85186.977, 7.664,5578
10648,85193.352, 6.371,5578
10649,85199.711, 6.359,5578
10650,85207.781, 8.070,5578
10651,85215.539, 7.760,5578
10652,85221.797, 6.259,5578
10653,85228.125, 6.328,5578
10654,85234.289, 6.169,5578
10655,85240.711, 6.415,5578
10656,85246.867, 6.158,5578
10657,85253.203, 6.340,5578
10658,85259.516, 6.307,5578
10659,85265.891, 6.377,5578
10660,85272.336, 6.440,5578
10661,85279.609, 7.280,5578
10662,85286.039, 6.422,5578
10663,85293.133, 7.100,5578
10664,85299.523, 6.387,5578
10665,85306.813, 7.293,5578
10666,85313.078, 6.265,5578
10667,85319.500, 6.420,5578
10668,85326.805, 7.306,5578
10669,85334.305, 7.505,5578
10670,85340.758, 6.447,5578
10671,85348.008, 7.244,5578
10672,85355.148, 7.148,5578
10673,85361.516, 6.369,5578
10674,85368.914, 7.395,5578
10675,85375.523, 6.612,5578
10676,85382.563, 7.041,5578
10677,85389.797, 7.229,5578
10678,85396.617, 6.827,5578
10679,85403.789, 7.165,5578
10680,85412.477, 8.692,5578
10681,85420.297, 7.824,5578
10682,85426.898, 6.595,5578
10683,85435.148, 8.249,5578
10684,85441.703, 6.556,5578
10685,85448.133, 6.429,5578
10686,85454.641, 6.515,5578
10687,85462.117, 7.470,5578
10688,85470.430, 8.308,5578
10689,85477.898, 7.478,5578
10690,85484.492, 6.590,5578
10691,85491.281, 6.795,5578
10692,85498.531, 7.248,5578
10693,85505.508, 6.970,5578
10694,85512.148, 6.646,5578
10695,85518.727, 6.576,5578
10696,85526.492, 7.763,5578
10697,85533.063, 6.573,5578
10698,85540.109, 7.044,5578
10699,85547.430, 7.321,5578
10700,85554.750, 7.322,5578
10701,85561.492, 6.742,5578
10702,85568.086, 6.595,5578
10703,85575.391, 7.302,5578
10704,85582.352, 6.958,5578
10705,85589.461, 7.108,5578
10706,85597.805, 8.346,5578
10707,85606.039, 8.234,5578
10708,85613.461, 7.423,5578
10709,85621.227, 7.766,5578
10710,85628.852, 7.623,5578
10711,85636.820, 7.972,5578
10712,85643.773, 6.949,5578
10713,85650.570, 6.802,5578
10714,85658.188, 7.619,5578
10715,85665.773, 7.585,5578
10716,85673.219, 7.448,5578
10717,85680.391, 7.161,5578
10718,85687.445, 7.064,5578
10719,85694.547, 7.097,5578
10720,85702.633, 8.092,5578
10721,85710.898, 8.265,5578
10722,85719.203, 8.299,5578
10723,85725.711, 6.507,5578
10724,85732.063, 6.352,5578
10725,85739.203, 7.144,5578
10726,85746.570, 7.366,5578
10727,85753.266, 6.699,5578
10728,85759.859, 6.590,5578
10729,85766.375, 6.511,5578
10730,85772.711, 6.340,5578
10731,85779.242, 6.536,5578
10732,85785.766, 6.522,5578
10733,85793.453, 7.687,5578
10734,85800.875, 7.420,5578
10735,85808.547, 7.675,5578
10736,85815.898, 7.348,5578
10737,85822.648, 6.753,5578
10738,85829.273, 6.625,5578
10739,85836.539, 7.263,5578
10740,85842.797, 6.257,5578
10741,85849.875, 7.081,5578
10742,85857.469, 7.589,5578
10743,85864.039, 6.570,5578
10744,85871.156, 7.122,5578
10745,85878.477, 7.315,5578
10746,85885.695, 7.216,5578
10747,85892.531, 6.843,5578
10748,85899.102, 6.571,5578
10749,85905.867, 6.766,5578
10750,85912.281, 6.413,5578
10751,85919.203, 6.924,5578
10752,85927.906, 8.706,5578
10753,85934.641, 6.735,5578
10754,85942.563, 7.920,5578
10755,85948.852, 6.289,5578
10756,85956.242, 7.391,5578
10757,85963.516, 7.272,5578
10758,85970.828, 7.311,5578
10759,85977.969, 7.145,5578
10760,85984.586, 6.612,5578
10761,85991.063, 6.470,5578
10762,85997.438, 6.378,5578
10763,86003.930, 6.500,5578
10764,86011.703, 7.763,5578
10765,86018.375, 6.676,5578
10766,86024.852, 6.480,5578
10767,86031.742, 6.888,5578
10768,86039.133, 7.389,5578
10769,86045.813, 6.679,5578
10770,86052.156, 6.348,5578
10771,86058.758, 6.597,5578
10772,86065.367, 6.612,5578
10773,86072.203, 6.838,5578
10774,86078.805, 6.602,5578
10775,86085.367, 6.553,5578
10776,86092.602, 7.243,5578
10777,86100.023, 7.418,5578
10778,86107.281, 7.263,5578
10779,86114.227, 6.941,5578
10780,86121.508, 7.279,5578
10781,86128.445, 6.943,5578
10782,86135.570, 7.126,5578
10783,86142.875, 7.305,5578
10784,86150.844, 7.969,5578
10785,86158.125, 7.279,5578
10786,86166.148, 8.019,5578
10787,86176.008, 9.855,5578
10788,86183.656, 7.663,5578
10789,86191.813, 8.147,5578
10790,86199.352, 7.537,5578
10791,86207.570, 8.223,5578
10792,86214.383, 6.811,5578
10793,86221.359, 6.972,5578
10794,86229.570, 8.216,5578
10795,86236.938, 7.369,5578
10796,86245.039, 8.097,5578
10797,86252.133, 7.095,5578
10798,86259.883, 7.757,5578
10799,86266.727, 6.841,5578
10800,86273.531, 6.801,5578
10801,86280.477, 6.945,5578
10802,86287.516, 7.040,5578
10803,86294.805, 7.292,5578
10804,86301.836, 7.031,5578
10805,86308.805, 6.969,5578
10806,86315.469, 6.661,5578
10807,86322.773, 7.309,5578
10808,86329.672, 6.895,5578
10809,86336.359, 6.689,5578
10810,86342.859, 6.502,5578
10811,86350.563, 7.704,5578
10812,86357.008, 6.440,5578
10813,86364.188, 7.184,5578
10814,86370.555, 6.366,5578
10815,86377.188, 6.628,5578
10816,86383.516, 6.330,5578
10817,86390.938, 7.426,5578
10818,86398.016, 7.069,5578
10819,86404.633, 6.627,5578
10820,86411.766, 7.130,5578
10821,86418.945, 7.182,5578
10822,86425.555, 6.606,5578
10823,86432.297, 6.749,5578
10824,86438.695, 6.391,5578
10825,86445.789, 7.093,5578
10826,86452.586, 6.799,5578
10827,86459.469, 6.883,5578
10828,86466.047, 6.578,5578
10829,86473.273, 7.230,5578
10830,86480.859, 7.585,5578
10831,86487.281, 6.424,5578
10832,86493.695, 6.403,5578
10833,86501.125, 7.437,5578
10834,86507.813, 6.683,5578
10835,86514.398, 6.589,5578
10836,86520.945, 6.552,5578
10837,86527.820, 6.869,5578
10838,86534.648, 6.833,5578
10839,86541.578, 6.929,5578
10840,86549.117, 7.538,5578
10841,86557.750, 8.630,5578
10842,86565.656, 7.911,5578
10843,86573.367, 7.702,5578
10844,86581.500, 8.135,5578
10845,86588.492, 6.992,5578
10846,86595.492, 7.006,5578
10847,86602.641, 7.153,5578
10848,86609.906, 7.264,5578
10849,86616.570, 6.660,5578
10850,86623.914, 7.347,5578
10851,86630.563, 6.643,5578
10852,86637.391, 6.827,5578
10853,86645.844, 8.451,5578
10854,86652.680, 6.835,5578
10855,86659.617, 6.941,5578
10856,86667.289, 7.679,5578
10857,86674.703, 7.403,5578
10858,86681.906, 7.211,5578
10859,86688.883, 6.973,5578
10860,86695.977, 7.096,5578
10861,86702.602, 6.627,5578
10862,86709.414, 6.803,5578
10863,86717.008, 7.599,5578
10864,86723.766, 6.759,5578
10865,86731.523, 7.761,5578
10866,86738.484, 6.954,5578
10867,86745.391, 6.906,5578
10868,86752.125, 6.738,5578
10869,86759.031, 6.903,5578
10870,86765.906, 6.883,5578
10871,86773.391, 7.474,5578
10872,86781.039, 7.649,5578
10873,86789.141, 8.109,5578
10874,86796.508, 7.367,5578
10875,86804.719, 8.206,5578
10876,86811.703, 6.984,5578
10877,86819.266, 7.567,5578
10878,86826.617, 7.356,5578
10879,86833.977, 7.358,5578
10880,86841.531, 7.548,5578
10881,86848.352, 6.816,5578
10882,86855.211, 6.864,5578
10883,86861.883, 6.672,5578
10884,86869.133, 7.254,5578
10885,86876.953, 7.820,5578
10886,86884.938, 7.985,5578
10887,86892.414, 7.473,5578
10888,86899.773, 7.358,5578
10889,86906.398, 6.623,5578
10890,86913.859, 7.463,5578
10891,86920.305, 6.448,5578
10892,86928.516, 8.207,5578
10893,86936.141, 7.627,5578
10894,86943.883, 7.744,5578
10895,86952.477, 8.596,5578
10896,86958.961, 6.485,5578
10897,86965.367, 6.398,5578
10898,86972.055, 6.689,5578
10899,86979.430, 7.381,5578
10900,86986.266, 6.834,5578
10901,86993.703, 7.438,5578
10902,87000.977, 7.275,5578
10903,87008.602, 7.623,5578
10904,87016.000, 7.392,5578
10905,87023.703, 7.710,5578
10906,87030.945, 7.245,5578
10907,87037.555, 6.607,5578
10908,87044.086, 6.526,5578
10909,87050.797, 6.714,5578
10910,87057.414, 6.617,5578
10911,87064.945, 7.533,5578
10912,87071.406, 6.456,5578
10913,87078.867, 7.467,5578
10914,87085.492, 6.625,5578
10915,87092.383, 6.887,5578
10916,87098.766, 6.384,5578
10917,87105.602, 6.836,5578
10918,87112.039, 6.435,5578
10919,87118.422, 6.387,5578
10920,87124.953, 6.531,5578
10921,87132.289, 7.334,5578
10922,87139.875, 7.592,5578
10923,87146.656, 6.776,5578
10924,87153.141, 6.486,5578
10925,87159.547, 6.407,5578
10926,87166.844, 7.294,5578
10927,87173.023, 6.175,5578
10928,87179.320, 6.308,5578
10929,87185.563, 6.241,5578
10930,87192.133, 6.568,5578
10931,87198.773, 6.640,5578
10932,87205.203, 6.427,5578
10933,87211.875, 6.674,5578
10934,87218.359, 6.477,5578
10935,87225.164, 6.808,5578
10936,87231.375, 6.208,5578
10937,87238.820, 7.455,5578
10938,87245.625, 6.804,5578
10939,87252.820, 7.189,5578
10940,87259.125, 6.309,5578
10941,87265.656, 6.531,5578
10942,87272.031, 6.374,5578
10943,87278.359, 6.322,5578
10944,87284.656, 6.306,5578
10945,87290.977, 6.317,5578
10946,87298.438, 7.457,5578
10947,87305.375, 6.938,5578
10948,87314.000, 8.622,5578
10949,87323.023, 9.029,5578
10950,87329.836, 6.812,5578
10951,87337.484, 7.653,5578
10952,87344.852, 7.361,5578
10953,87352.141, 7.291,5578
10954,87358.867, 6.733,5578
10955,87365.539, 6.672,5578
10956,87372.930, 7.385,5578
10957,87380.781, 7.848,5578
10958,87388.094, 7.317,5578
10959,87394.617, 6.523,5578
10960,87401.148, 6.528,5578
10961,87409.344, 8.194,5578
10962,87416.039, 6.701,5578
10963,87422.539, 6.499,5578
10964,87428.930, 6.397,5578
10965,87436.703, 7.763,5578
10966,87444.008, 7.304,5578
10967,87452.969, 8.967,5578
10968,87459.602, 6.631,5578
10969,87467.602, 8.005,5578
10970,87474.375, 6.767,5578
10971,87482.844, 8.474,5578
10972,87491.555, 8.709,5578
10973,87498.391, 6.830,5578
10974,87505.297, 6.910,5578
10975,87513.680, 8.382,5578
10976,87522.180, 8.502,5578
10977,87528.836, 6.656,5578
10978,87535.789, 6.955,5578
10979,87544.000, 8.204,5578
10980,87551.703, 7.708,5578
10981,87558.461, 6.755,5578
10982,87565.148, 6.687,5578
10983,87571.875, 6.734,5578
10984,87578.914, 7.036,5578
10985,87586.375, 7.455,5578
10986,87594.813, 8.442,5578
10987,87602.125, 7.314,5578
10988,87610.086, 7.961,5578
10989,87619.078, 8.986,5578
10990,87625.430, 6.353,5578
10991,87632.117, 6.691,5578
10992,87639.305, 7.188,5578
10993,87646.094, 6.786,5578
10994,87653.336, 7.240,5578
10995,87660.594, 7.265,5578
10996,87667.820, 7.223,5578
10997,87674.883, 7.065,5578
10998,87682.023, 7.139,5578
10999,87689.039, 7.014,5578
11000,87697.141, 8.102,5578
11001,87704.695, 7.549,5578
11002,87712.758, 8.065,5578
11003,87720.258, 7.509,5578
11004,87726.953, 6.697,5578
11005,87734.938, 7.983,5578
11006,87742.430, 7.488,5578
11007,87748.961, 6.537,5578
11008,87757.055, 8.086,5578
11009,87764.391, 7.335,5578
11010,87771.188, 6.800,5578
11011,87777.516, 6.326,5578
11012,87784.242, 6.731,5578
11013,87790.813, 6.566,5578
11014,87797.305, 6.498,5578
11015,87803.836, 6.528,5578
11016,87811.008, 7.164,5578
11017,87817.594, 6.594,5578
11018,87824.578, 6.986,5578
11019,87831.445, 6.864,5578
11020,87837.930, 6.486,5578
11021,87845.313, 7.389,5578
11022,87851.805, 6.485,5578
11023,87858.344, 6.535,5578
11024,87864.578, 6.238,5578
11025,87872.086, 7.502,5578
11026,87879.398, 7.313,5578
11027,87885.930, 6.536,5578
11028,87892.609, 6.682,5578
11029,87899.383, 6.765,5578
11030,87905.914, 6.539,5578
11031,87913.453, 7.534,5578
11032,87920.008, 6.553,5578
11033,87926.281, 6.279,5578
11034,87933.188, 6.911,5578
11035,87940.984, 7.796,5578
11036,87947.375, 6.384,5578
11037,87953.922, 6.548,5578
11038,87960.406, 6.487,5578
11039,87966.859, 6.453,5578
11040,87973.977, 7.120,5578
11041,87980.375, 6.393,5578
11042,87987.453, 7.079,5578
11043,87993.844, 6.391,5578
11044,88000.250, 6.406,5578
11045,88006.711, 6.459,5578
11046,88013.219, 6.513,5578
11047,88020.211, 6.995,5578
11048,88026.930, 6.720,5578
11049,88033.789, 6.851,5578
11050,88041.031, 7.239,5578
11051,88047.828, 6.803,5578
11052,88055.344, 7.510,5578
11053,88063.078, 7.738,5578
11054,88070.055, 6.977,5578
11055,88077.109, 7.053,5578
11056,88084.617, 7.510,5578
11057,88094.078, 9.456,5578
11058,88102.961, 8.889,5578
11059,88109.891, 6.928,5578
11060,88117.563, 7.675,5578
11061,88124.789, 7.220,5578
11062,88131.953, 7.173,5578
11063,88139.250, 7.291,5578
11064,88147.234, 7.984,5578
11065,88155.016, 7.775,5578
11066,88161.742, 6.734,5578
11067,88168.977, 7.236,5578
11068,88177.133, 8.154,5578
11069,88185.047, 7.912,5578
11070,88191.984, 6.940,5578
11071,88200.500, 8.517,5578
11072,88207.016, 6.510,5578
11073,88214.430, 7.416,5578
11074,88220.883, 6.461,5578
11075,88227.344, 6.449,5578
11076,88233.852, 6.518,5578
11077,88240.297, 6.444,5578
11078,88247.422, 7.122,5578
11079,88254.180, 6.761,5578
11080,88261.859, 7.682,5578
11081,88268.336, 6.471,5578
11082,88274.820, 6.484,5578
11083,88281.141, 6.318,5578
11084,88288.453, 7.316,5578
11085,88295.922, 7.469,5578
11086,88302.594, 6.673,5578
11087,88308.977, 6.383,5578
11088,88317.594, 8.620,5578
11089,88324.148, 6.552,5578
11090,88331.875, 7.724,5578
11091,88339.055, 7.178,5578
11092,88345.758, 6.704,5578
11093,88352.719, 6.963,5578
11094,88359.281, 6.562,5578
11095,88366.648, 7.371,5578
11096,88373.164, 6.511,5578
11097,88380.883, 7.720,5578
11098,88387.383, 6.494,5578
11099,88393.977, 6.603,5578
11100,88400.461, 6.477,5578
11101,88407.266, 6.813,5578
11102,88414.805, 7.531,5578
11103,88421.320, 6.526,5578
11104,88427.906, 6.581,5578
11105,88434.203, 6.297,5578
11106,88440.555, 6.354,5578
11107,88447.336, 6.772,5578
11108,88453.727, 6.395,5578
11109,88460.805, 7.076,5578
11110,88469.086, 8.285,5578
11111,88477.156, 8.067,5578
11112,88484.336, 7.175,5578
11113,88490.977, 6.647,5578
11114,88497.539, 6.566,5578
11115,88503.977, 6.438,5578
11116,88510.539, 6.563,5578
11117,88517.125, 6.580,5578
11118,88523.734, 6.611,5578
11119,88530.203, 6.469,5578
11120,88536.750, 6.548,5578
11121,88543.500, 6.746,5578
11122,88550.094, 6.592,5578
11123,88556.625, 6.536,5578
11124,88563.711, 7.083,5578
11125,88570.773, 7.066,5578
11126,88577.570, 6.796,5578
11127,88585.172, 7.600,5578
11128,88591.867, 6.698,5578
11129,88598.516, 6.645,5578
11130,88604.953, 6.444,5578
11131,88611.477, 6.516,5578
11132,88618.547, 7.071,5578
11133,88626.289, 7.744,5578
11134,88633.203, 6.920,5578
11135,88640.125, 6.918,5578
11136,88647.406, 7.278,5578
11137,88654.359, 6.956,5578
11138,88662.320, 7.961,5578
11139,88670.500, 8.182,5578
11140,88677.570, 7.069,5578
11141,88684.953, 7.385,5578
11142,88692.875, 7.920,5578
11143,88700.180, 7.299,5578
11144,88707.875, 7.702,5578
11145,88715.563, 7.689,5578
11146,88724.148, 8.583,5578
11147,88731.109, 6.962,5578
11148,88738.195, 7.080,5578
11149,88745.547, 7.358,5578
11150,88752.578, 7.033,5578
11151,88759.734, 7.145,5578
11152,88766.641, 6.913,5578
11153,88774.211, 7.571,5578
11154,88781.477, 7.268,5578
11155,88788.844, 7.365,5578
11156,88796.297, 7.458,5578
11157,88804.508, 8.206,5578
11158,88811.258, 6.752,5578
11159,88819.570, 8.307,5578
11160,88826.000, 6.431,5578
11161,88832.578, 6.578,5578
11162,88838.977, 6.404,5578
11163,88845.430, 6.451,5578
11164,88852.641, 7.208,5578
11165,88860.680, 8.036,5578
11166,88867.609, 6.935,5578
11167,88874.195, 6.587,5578
11168,88882.102, 7.906,5578
11169,88888.984, 6.887,5578
11170,88895.813, 6.825,5578
11171,88902.789, 6.974,5578
11172,88909.453, 6.660,5578
11173,88917.492, 8.044,5578
11174,88924.875, 7.381,5578
11175,88932.094, 7.215,5578
11176,88938.930, 6.840,5578
11177,88946.539, 7.610,5578
11178,88953.117, 6.578,5578
11179,88959.680, 6.555,5578
11180,88966.133, 6.455,5578
11181,88972.961, 6.832,5578
11182,88979.766, 6.804,5578
11183,88986.789, 7.024,5578
11184,88994.430, 7.638,5578
11185,89000.984, 6.559,5578
11186,89008.516, 7.528,5578
11187,89016.023, 7.505,5578
11188,89022.523, 6.503,5578
11189,89029.227, 6.705,5578
11190,89035.898, 6.672,5578
11191,89042.352, 6.450,5578
11192,89048.641, 6.296,5578
11193,89055.961, 7.321,5578
11194,89062.641, 6.675,5578
11195,89069.047, 6.408,5578
11196,89075.781, 6.733,5578
11197,89082.109, 6.329,5578
11198,89089.430, 7.315,5578
11199,89096.266, 6.840,5578
11200,89103.063, 6.797,5578
11201,89109.742, 6.676,5578
11202,89116.453, 6.711,5578
11203,89123.156, 6.708,5578
11204,89129.563, 6.406,5578
11205,89136.016, 6.449,5578
11206,89142.422, 6.406,5578
11207,89149.164, 6.748,5578
11208,89155.602, 6.438,5578
11209,89161.852, 6.248,5578
11210,89169.227, 7.378,5578
11211,89175.500, 6.273,5578
11212,89181.781, 6.276,5578
11213,89188.086, 6.301,5578
11214,89194.906, 6.827,5578
11215,89201.500, 6.593,5578
11216,89209.523, 8.025,5578
11217,89216.250, 6.725,5578
11218,89223.141, 6.888,5578
11219,89231.125, 7.987,5578
11220,89239.273, 8.151,5578
11221,89246.516, 7.240,5578
11222,89253.234, 6.719,5578
11223,89259.680, 6.444,5578
11224,89266.883, 7.207,5578
11225,89273.297, 6.410,5578
11226,89279.836, 6.542,5578
11227,89286.289, 6.452,5578
11228,89292.914, 6.628,5578
11229,89300.258, 7.338,5578
11230,89306.969, 6.714,5578
11231,89313.859, 6.890,5578
11232,89320.398, 6.539,5578
11233,89327.117, 6.717,5578
11234,89333.594, 6.480,5578
11235,89340.406, 6.806,5578
11236,89347.266, 6.867,5578
11237,89354.094, 6.822,5578
11238,89360.688, 6.596,5578
11239,89367.148, 6.464,5578
11240,89373.805, 6.651,5578
11241,89380.367, 6.563,5578
11242,89387.305, 6.945,5578
11243,89394.289, 6.984,5578
11244,89401.344, 7.046,5578
11245,89409.016, 7.669,5578
11246,89416.219, 7.214,5578
11247,89423.633, 7.416,5578
11248,89430.672, 7.027,5578
11249,89437.445, 6.775,5578
11250,89444.461, 7.018,5578
11251,89451.453, 6.992,5578
11252,89458.422, 6.972,5578
11253,89465.406, 6.978,5578
11254,89473.094, 7.691,5578
11255,89479.930, 6.837,5578
11256,89488.180, 8.250,5578
11257,89495.641, 7.466,5578
11258,89504.055, 8.408,5578
11259,89512.711, 8.654,5578
11260,89520.570, 7.866,5578
11261,89527.633, 7.065,5578
11262,89534.125, 6.485,5578
11263,89541.383, 7.257,5578
11264,89547.984, 6.606,5578
11265,89555.078, 7.092,5578
11266,89562.883, 7.803,5578
11267,89569.227, 6.348,5578
11268,89575.844, 6.617,5578
11269,89582.500, 6.653,5578
11270,89589.047, 6.544,5578
11271,89595.953, 6.909,5578
11272,89602.313, 6.364,5578
11273,89608.727, 6.404,5578
11274,89615.734, 7.010,5578
11275,89624.734, 9.004,5578
11276,89632.375, 7.639,5578
11277,89640.180, 7.810,5578
11278,89647.023, 6.835,5578
11279,89653.867, 6.848,5578
11280,89660.461, 6.592,5578
11281,89667.719, 7.254,5578
11282,89674.250, 6.543,5578
11283,89680.789, 6.534,5578
11284,89687.367, 6.572,5578
11285,89693.711, 6.346,5578
11286,89700.148, 6.437,5578
11287,89706.648, 6.506,5578
11288,89713.273, 6.624,5578
11289,89720.180, 6.908,5578
11290,89727.078, 6.891,5578
11291,89733.969, 6.896,5578
11292,89740.836, 6.864,5578
11293,89747.586, 6.756,5578
11294,89754.148, 6.559,5578
11295,89760.672, 6.521,5578
11296,89767.188, 6.521,5578
11297,89773.734, 6.539,5578
11298,89779.938, 6.214,5578
11299,89786.258, 6.321,5578
11300,89793.031, 6.761,5578
11301,89799.539, 6.515,5578
11302,89805.953, 6.415,5578
11303,89813.000, 7.039,5578
11304,89819.516, 6.521,5578
11305,89826.555, 7.043,5578
11306,89833.172, 6.618,5578
11307,89839.781, 6.602,5578
11308,89846.313, 6.537,5578
11309,89852.773, 6.458,5578
11310,89860.563, 7.791,5578
11311,89866.945, 6.387,5578
11312,89873.430, 6.479,5578
11313,89879.859, 6.429,5578
11314,89886.414, 6.554,5578
11315,89892.945, 6.532,5578
11316,89899.547, 6.603,5578
11317,89906.125, 6.577,5578
11318,89912.570, 6.447,5578
11319,89919.063, 6.487,5578
11320,89925.594, 6.540,5578
11321,89932.859, 7.260,5578
11322,89939.586, 6.725,5578
11323,89946.328, 6.742,5578
11324,89954.070, 7.744,5578
11325,89961.898, 7.829,5578
11326,89969.586, 7.685,5578
11327,89976.516, 6.928,5578
11328,89984.555, 8.041,5578
11329,89991.594, 7.043,5578
11330,90000.258, 8.667,5578
11331,90009.375, 9.111,5578
11332,90016.719, 7.345,5578
11333,90024.609, 7.891,5578
11334,90031.523, 6.915,5578
11335,90039.633, 8.115,5578
11336,90047.094, 7.453,5578
11337,90055.164, 8.069,5578
11338,90062.148, 6.987,5578
11339,90069.352, 7.198,5578
11340,90076.742, 7.390,5578
11341,90083.859, 7.120,5578
11342,90092.188, 8.332,5578
11343,90099.750, 7.557,5578
11344,90107.891, 8.143,5578
11345,90116.078, 8.188,5578
11346,90122.688, 6.609,5578
11347,90129.336, 6.647,5578
11348,90136.938, 7.609,5578
11349,90143.914, 6.975,5578
11350,90150.930, 7.011,5578
11351,90157.703, 6.769,5578
11352,90164.172, 6.477,5578
11353,90170.617, 6.449,5578
11354,90177.125, 6.499,5578
11355,90183.578, 6.459,5578
11356,90190.094, 6.510,5578
11357,90196.742, 6.646,5578
11358,90204.219, 7.481,5578
11359,90210.711, 6.489,5578
11360,90217.523, 6.820,5578
11361,90224.133, 6.606,5578
11362,90230.734, 6.599,5578
11363,90237.406, 6.673,5578
11364,90244.094, 6.685,5578
11365,90252.109, 8.021,5578
11366,90258.938, 6.828,5578
11367,90265.578, 6.640,5578
11368,90272.203, 6.622,5578
11369,90278.625, 6.429,5578
11370,90285.273, 6.648,5578
11371,90292.102, 6.818,5578
11372,90298.594, 6.502,5578
11373,90306.188, 7.587,5578
11374,90312.594, 6.413,5578
11375,90320.133, 7.534,5578
11376,90326.555, 6.425,5578
11377,90333.203, 6.645,5578
11378,90339.617, 6.421,5578
11379,90346.414, 6.789,5578
11380,90353.094, 6.676,5578
11381,90359.906, 6.822,5578
11382,90367.336, 7.419,5578
11383,90373.828, 6.498,5578
11384,90380.875, 7.046,5578
11385,90389.078, 8.202,5578
11386,90396.203, 7.126,5578
11387,90402.922, 6.721,5578
11388,90409.750, 6.827,5578
11389,90417.367, 7.618,5578
11390,90424.953, 7.587,5578
11391,90431.664, 6.703,5578
11392,90438.555, 6.896,5578
11393,90445.344, 6.785,5578
11394,90452.281, 6.943,5578
11395,90459.500, 7.220,5578
11396,90466.258, 6.759,5578
11397,90474.086, 7.827,5578
11398,90480.758, 6.673,5578
11399,90487.359, 6.594,5578
11400,90494.094, 6.738,5578
11401,90500.641, 6.553,5578
11402,90507.023, 6.375,5578
11403,90513.859, 6.837,5578
11404,90520.500, 6.640,5578
11405,90527.148, 6.648,5578
11406,90534.289, 7.151,5578
11407,90541.375, 7.077,5578
11408,90548.453, 7.081,5578
11409,90556.438, 7.978,5578
11410,90564.094, 7.661,5578
11411,90571.344, 7.247,5578
11412,90578.852, 7.515,5578
11413,90588.227, 9.370,5578
11414,90595.805, 7.580,5578
11415,90604.188, 8.384,5578
11416,90611.992, 7.795,5578
11417,90620.219, 8.234,5578
11418,90628.180, 7.963,5578
11419,90636.625, 8.448,5578
11420,90644.289, 7.659,5578
11421,90651.969, 7.682,5578
11422,90659.063, 7.091,5578
11423,90668.109, 9.050,5578
11424,90675.242, 7.130,5578
11425,90683.063, 7.815,5578
11426,90690.172, 7.114,5578
11427,90697.641, 7.475,5578
11428,90705.414, 7.771,5578
11429,90712.820, 7.407,5578
11430,90720.156, 7.330,5578
11431,90727.125, 6.968,5578
11432,90733.617, 6.501,5578
11433,90740.945, 7.326,5578
11434,90747.602, 6.659,5578
11435,90754.969, 7.363,5578
11436,90761.742, 6.771,5578
11437,90770.813, 9.072,5578
11438,90778.578, 7.766,5578
11439,90785.625, 7.051,5578
11440,90792.445, 6.817,5578
11441,90799.086, 6.640,5578
11442,90806.539, 7.454,5578
11443,90813.922, 7.383,5578
11444,90820.625, 6.705,5578
11445,90827.297, 6.674,5578
11446,90835.070, 7.766,5578
11447,90841.766, 6.697,5578
11448,90848.508, 6.739,5578
11449,90855.164, 6.656,5578
11450,90861.672, 6.506,5578
11451,90869.859, 8.191,5578
11452,90876.445, 6.586,5578
11453,90883.766, 7.321,5578
11454,90890.820, 7.053,5578
11455,90897.750, 6.932,5578
11456,90904.625, 6.877,5578
11457,90911.500, 6.875,5578
11458,90918.219, 6.720,5578
11459,90924.867, 6.648,5578
11460,90931.422, 6.553,5578
11461,90938.102, 6.678,5578
11462,90944.641, 6.544,5578
11463,90951.328, 6.681,5578
11464,90957.898, 6.575,5578
11465,90964.531, 6.633,5578
11466,90971.102, 6.567,5578
11467,90977.906, 6.806,5578
11468,90984.609, 6.701,5578
11469,90991.578, 6.970,5578
11470,90998.328, 6.750,5578
11471,91005.148, 6.818,5578
11472,91011.703, 6.557,5578
11473,91018.602, 6.902,5578
11474,91025.492, 6.883,5578
11475,91032.023, 6.531,5578
11476,91038.672, 6.652,5578
11477,91045.414, 6.740,5578
11478,91052.188, 6.777,5578
11479,91058.891, 6.707,5578
11480,91065.531, 6.636,5578
11481,91072.172, 6.640,5578
11482,91079.141, 6.969,5578
11483,91085.703, 6.557,5578
11484,91092.531, 6.831,5578
11485,91099.531, 7.003,5578
11486,91106.227, 6.693,5578
11487,91113.063, 6.835,5578
11488,91119.953, 6.896,5578
11489,91127.055, 7.097,5578
11490,91133.742, 6.689,5578
11491,91140.625, 6.883,5578
11492,91147.688, 7.058,5578
11493,91156.070, 8.390,5578
11494,91164.469, 8.395,5578
11495,91172.453, 7.983,5578
11496,91180.203, 7.755,5578
11497,91186.953, 6.749,5578
11498,91193.648, 6.696,5578
11499,91201.156, 7.502,5578
11500,91209.375, 8.217,5578
11501,91216.281, 6.918,5578
11502,91223.258, 6.976,5578
11503,91229.859, 6.594,5578
11504,91236.281, 6.429,5578
11505,91242.969, 6.689,5578
11506,91249.813, 6.838,5578
11507,91256.547, 6.736,5578
11508,91263.422, 6.871,5578
11509,91270.180, 6.758,5578
11510,91276.969, 6.791,5578
11511,91283.625, 6.656,5578
11512,91291.602, 7.982,5578
11513,91298.711, 7.099,5578
11514,91306.992, 8.284,5578
11515,91313.977, 6.992,5578
11516,91321.070, 7.087,5578
11517,91328.477, 7.406,5578
11518,91336.422, 7.943,5578
11519,91343.633, 7.221,5578
11520,91350.703, 7.063,5578
11521,91357.719, 7.010,5578
11522,91365.133, 7.417,5578
11523,91372.578, 7.451,5578
11524,91379.766, 7.188,5578
11525,91387.414, 7.647,5578
11526,91395.367, 7.946,5578
11527,91403.102, 7.736,5578
11528,91411.313, 8.220,5578
11529,91419.953, 8.639,5578
11530,91427.461, 7.506,5578
11531,91435.953, 8.491,5578
11532,91443.414, 7.462,5578
11533,91450.242, 6.831,5578
11534,91457.141, 6.892,5578
11535,91464.766, 7.627,5578
11536,91472.313, 7.554,5578
11537,91479.008, 6.685,5578
11538,91485.828, 6.823,5578
11539,91492.422, 6.592,5578
11540,91499.109, 6.687,5578
11541,91505.703, 6.594,5578
11542,91512.813, 7.109,5578
11543,91520.938, 8.134,5578
11544,91529.109, 8.163,5578
11545,91535.961, 6.858,5578
11546,91543.531, 7.565,5578
11547,91551.695, 8.161,5578
11548,91560.438, 8.742,5578
11549,91568.195, 7.766,5578
11550,91575.828, 7.628,5578
11551,91582.844, 7.017,5578
11552,91589.438, 6.594,5578
11553,91596.203, 6.766,5578
11554,91604.305, 8.104,5578
11555,91610.938, 6.632,5578
11556,91617.758, 6.820,5578
11557,91625.164, 7.402,5578
11558,91631.961, 6.804,5578
11559,91638.617, 6.653,5578
11560,91646.375, 7.757,5578
11561,91653.594, 7.223,5578
11562,91660.328, 6.724,5578
11563,91667.422, 7.098,5578
11564,91674.039, 6.617,5578
11565,91681.383, 7.340,5578
11566,91688.383, 7.002,5578
11567,91696.016, 7.631,5578
11568,91702.766, 6.755,5578
11569,91709.797, 7.029,5578
11570,91717.414, 7.619,5578
11571,91725.586, 8.172,5578
11572,91734.227, 8.639,5578
11573,91740.828, 6.605,5578
11574,91747.750, 6.916,5578
11575,91755.430, 7.685,5578
11576,91762.906, 7.480,5578
11577,91769.891, 6.985,5578
11578,91777.086, 7.190,5578
11579,91783.922, 6.837,5578
11580,91791.719, 7.790,5578
11581,91798.484, 6.770,5578
11582,91805.141, 6.659,5578
11583,91811.688, 6.540,5578
11584,91818.578, 6.902,5578
11585,91825.359, 6.772,5578
11586,91832.484, 7.129,5578
11587,91839.688, 7.201,5578
11588,91846.805, 7.121,5578
11589,91854.086, 7.281,5578
11590,91861.016, 6.925,5578
11591,91868.164, 7.155,5578
11592,91875.172, 7.005,5578
11593,91882.219, 7.048,5578
11594,91889.250, 7.035,5578
11595,91896.359, 7.098,5578
11596,91903.688, 7.332,5578
11597,91910.914, 7.234,5578
11598,91918.172, 7.255,5578
11599,91928.117, 9.938,5578
11600,91937.508, 9.398,5578
11601,91946.156, 8.647,5578
11602,91953.555, 7.395,5578
11603,91961.633, 8.082,5578
11604,91969.133, 7.500,5578
11605,91976.297, 7.165,5578
11606,91984.227, 7.927,5578
11607,91991.344, 7.115,5578
11608,91998.555, 7.213,5578
11609,92007.016, 8.455,5578
11610,92014.500, 7.493,5578
11611,92021.820, 7.318,5578
11612,92029.266, 7.445,5578
11613,92037.281, 8.022,5578
11614,92045.156, 7.873,5578
11615,92052.102, 6.940,5578
11616,92059.797, 7.694,5578
11617,92067.297, 7.510,5578
11618,92074.977, 7.680,5578
11619,92081.750, 6.765,5578
11620,92088.484, 6.732,5578
11621,92095.141, 6.656,5578
11622,92101.867, 6.732,5578
11623,92108.664, 6.792,5578
11624,92115.367, 6.703,5578
11625,92122.234, 6.869,5578
11626,92129.102, 6.869,5578
11627,92136.523, 7.422,5578
11628,92143.844, 7.324,5578
11629,92150.898, 7.054,5578
11630,92159.164, 8.259,5578
11631,92166.094, 6.931,5578
11632,92173.719, 7.621,5578
11633,92180.469, 6.751,5578
11634,92187.023, 6.557,5578
11635,92193.664, 6.639,5578
11636,92200.391, 6.729,5578
11637,92207.039, 6.649,5578
11638,92214.781, 7.743,5578
11639,92221.539, 6.760,5578
11640,92229.445, 7.903,5578
11641,92236.852, 7.411,5578
11642,92243.383, 6.523,5578
11643,92250.328, 6.950,5578
11644,92257.711, 7.377,5578
11645,92265.383, 7.675,5578
11646,92273.234, 7.857,5578
11647,92280.117, 6.882,5578
11648,92287.094, 6.976,5578
11649,92293.836, 6.743,5578
11650,92300.477, 6.641,5578
11651,92307.313, 6.839,5578
11652,92315.172, 7.858,5578
11653,92323.641, 8.467,5578
11654,92331.688, 8.039,5578
11655,92338.711, 7.027,5578
11656,92345.898, 7.191,5578
11657,92352.586, 6.690,5578
11658,92360.172, 7.580,5578
11659,92367.523, 7.357,5578
11660,92374.484, 6.958,5578
11661,92381.289, 6.810,5578
11662,92389.133, 7.838,5578
11663,92396.055, 6.918,5578
11664,92403.039, 6.987,5578
11665,92409.875, 6.841,5578
11666,92416.836, 6.954,5578
11667,92423.750, 6.915,5578
11668,92431.336, 7.582,5578
11669,92438.914, 7.589,5578
11670,92446.695, 7.773,5578
11671,92454.094, 7.399,5578
11672,92462.461, 8.369,5578
11673,92469.953, 7.494,5578
11674,92477.914, 7.962,5578
11675,92485.141, 7.221,5578
11676,92492.938, 7.800,5578
11677,92500.438, 7.495,5578
11678,92507.672, 7.237,5578
11679,92516.703, 9.030,5578
11680,92525.016, 8.314,5578
11681,92533.258, 8.245,5578
11682,92541.273, 8.018,5578
11683,92548.617, 7.347,5578
11684,92556.531, 7.912,5578
11685,92564.094, 7.555,5578
11686,92572.531, 8.441,5578
11687,92580.852, 8.319,5578
11688,92589.367, 8.514,5578
11689,92597.266, 7.903,5578
11690,92604.891, 7.625,5578
11691,92614.531, 9.636,5578
11692,92622.906, 8.380,5578
11693,92630.227, 7.317,5578
11694,92637.758, 7.532,5578
11695,92644.469, 6.714,5578
11696,92651.391, 6.917,5578
11697,92658.867, 7.483,5578
11698,92667.172, 8.298,5578
11699,92674.375, 7.203,5578
11700,92683.133, 8.763,5578
11701,92690.273, 7.140,5578
11702,92698.859, 8.585,5578
11703,92708.047, 9.183,5578
11704,92715.508, 7.467,5578
11705,92723.922, 8.410,5578
11706,92731.859, 7.941,5578
11707,92739.711, 7.847,5578
11708,92746.891, 7.185,5578
11709,92754.484, 7.587,5578
11710,92761.773, 7.290,5578
11711,92768.664, 6.888,5578
11712,92776.234, 7.579,5578
11713,92783.891, 7.658,5578
11714,92792.063, 8.167,5578
11715,92799.875, 7.816,5578
11716,92806.656, 6.773,5578
11717,92814.484, 7.830,5578
11718,92821.625, 7.150,5578
11719,92829.461, 7.826,5578
11720,92836.258, 6.803,5578
11721,92843.109, 6.847,5578
11722,92850.711, 7.597,5578
11723,92857.430, 6.726,5578
11724,92864.664, 7.229,5578
11725,92871.844, 7.189,5578
11726,92879.828, 7.980,5578
11727,92887.086, 7.254,5578
11728,92894.266, 7.187,5578
11729,92901.148, 6.881,5578
11730,92908.180, 7.032,5578
11731,92915.953, 7.776,5578
11732,92923.883, 7.928,5578
11733,92930.586, 6.705,5578
11734,92938.172, 7.580,5578
11735,92945.063, 6.887,5578
11736,92951.617, 6.564,5578
11737,92959.188, 7.567,5578
11738,92966.266, 7.076,5578
11739,92974.852, 8.584,5578
11740,92981.359, 6.507,5578
11741,92988.422, 7.066,5578
11742,92995.758, 7.337,5578
11743,93002.922, 7.164,5578
11744,93010.547, 7.622,5578
11745,93017.539, 6.991,5578
11746,93024.281, 6.745,5578
11747,93031.578, 7.302,5578
11748,93039.703, 8.119,5578
11749,93047.734, 8.033,5578
11750,93054.719, 6.979,5578
11751,93062.914, 8.206,5578
11752,93070.094, 7.169,5578
11753,93077.672, 7.576,5578
11754,93087.477, 9.809,5578
11755,93096.445, 8.970,5578
11756,93105.422, 8.975,5578
11757,93113.859, 8.445,5578
11758,93121.391, 7.527,5578
11759,93128.922, 7.534,5578
11760,93136.469, 7.545,5578
11761,93144.688, 8.215,5578
11762,93153.484, 8.802,5578
11763,93161.266, 7.781,5578
11764,93169.797, 8.528,5578
11765,93177.344, 7.543,5578
11766,93185.570, 8.236,5578
11767,93193.055, 7.479,5578
11768,93200.805, 7.754,5578
11769,93209.125, 8.312,5578
11770,93217.250, 8.129,5578
11771,93225.203, 7.955,5578
11772,93232.195, 6.989,5578
11773,93239.117, 6.922,5578
11774,93246.930, 7.821,5578
11775,93253.719, 6.778,5578
11776,93260.609, 6.895,5578
11777,93267.633, 7.026,5578
11778,93275.359, 7.720,5578
11779,93282.406, 7.050,5578
11780,93289.344, 6.933,5578
11781,93296.219, 6.880,5578
11782,93304.258, 8.040,5578
11783,93311.523, 7.267,5578
11784,93318.547, 7.025,5578
11785,93325.828, 7.274,5578
11786,93332.680, 6.855,5578
11787,93339.766, 7.084,5578
11788,93347.445, 7.683,5578
11789,93355.508, 8.061,5578
11790,93363.500, 7.995,5578
11791,93371.055, 7.553,5578
11792,93377.977, 6.928,5578
11793,93384.969, 6.986,5578
11794,93392.344, 7.368,5578
11795,93399.430, 7.091,5578
11796,93407.148, 7.717,5578
11797,93414.539, 7.395,5578
11798,93422.453, 7.908,5578
11799,93429.484, 7.039,5578
11800,93437.352, 7.863,5578
11801,93445.109, 7.761,5578
11802,93452.039, 6.928,5578
11803,93458.906, 6.871,5578
11804,93465.891, 6.982,5578
11805,93474.070, 8.179,5578
11806,93482.516, 8.441,5578
11807,93490.070, 7.558,5578
11808,93497.125, 7.056,5578
11809,93505.156, 8.027,5578
11810,93512.250, 7.102,5578
11811,93519.844, 7.585,5578
11812,93528.156, 8.318,5578
11813,93535.930, 7.772,5578
11814,93544.773, 8.844,5578
11815,93551.859, 7.090,5578
11816,93558.758, 6.895,5578
11817,93565.914, 7.154,5578
11818,93573.758, 7.841,5578
11819,93581.266, 7.513,5578
11820,93588.594, 7.331,5578
11821,93595.969, 7.374,5578
11822,93603.734, 7.764,5578
11823,93610.766, 7.030,5578
11824,93617.758, 6.989,5578
11825,93626.531, 8.780,5578
11826,93634.641, 8.107,5578
11827,93642.453, 7.814,5578
11828,93650.680, 8.216,5578
11829,93658.945, 8.278,5578
11830,93666.148, 7.195,5578
11831,93673.367, 7.222,5578
11832,93681.766, 8.393,5578
11833,93690.023, 8.264,5578
11834,93697.703, 7.679,5578
11835,93705.781, 8.080,5578
11836,93713.055, 7.269,5578
11837,93720.555, 7.502,5578
11838,93728.773, 8.220,5578
11839,93736.867, 8.092,5578
11840,93745.031, 8.165,5578
11841,93753.523, 8.497,5578
11842,93761.719, 8.187,5578
11843,93769.367, 7.649,5578
11844,93776.961, 7.599,5578
11845,93785.375, 8.409,5578
11846,93792.992, 7.615,5578
11847,93801.500, 8.512,5578
11848,93809.414, 7.910,5578
11849,93816.500, 7.089,5578
11850,93823.875, 7.382,5578
11851,93832.289, 8.416,5578
11852,93839.414, 7.112,5578
11853,93847.289, 7.887,5578
11854,93854.680, 7.385,5578
11855,93864.117, 9.437,5578
11856,93871.344, 7.220,5578
11857,93879.539, 8.207,5578
11858,93886.938, 7.394,5578
11859,93894.930, 7.990,5578
11860,93901.992, 7.059,5578
11861,93909.734, 7.744,5578
11862,93916.641, 6.910,5578
11863,93924.516, 7.878,5578
11864,93932.305, 7.793,5578
11865,93939.641, 7.331,5578
11866,93947.031, 7.389,5578
11867,93954.195, 7.168,5578
11868,93961.320, 7.113,5578
11869,93969.070, 7.752,5578
11870,93976.109, 7.040,5578
11871,93983.078, 6.971,5578
11872,93990.852, 7.778,5578
11873,93998.750, 7.894,5578
11874,94005.656, 6.906,5578
11875,94012.570, 6.919,5578
11876,94019.523, 6.948,5578
11877,94026.438, 6.919,5578
11878,94034.422, 7.980,5578
11879,94041.531, 7.112,5578
11880,94049.141, 7.608,5578
11881,94057.375, 8.230,5578
11882,94065.195, 7.827,5578
11883,94073.109, 7.913,5578
11884,94081.094, 7.985,5578
11885,94087.898, 6.803,5578
11886,94094.906, 7.009,5578
11887,94101.609, 6.702,5578
11888,94108.484, 6.871,5578
11889,94115.820, 7.337,5578
11890,94123.445, 7.628,5578
11891,94130.773, 7.329,5578
11892,94138.359, 7.579,5578
11893,94146.242, 7.892,5578
11894,94153.617, 7.379,5578
11895,94162.633, 9.009,5578
11896,94169.484, 6.850,5578
11897,94177.484, 8.001,5578
11898,94184.391, 6.907,5578
11899,94191.250, 6.858,5578
11900,94198.086, 6.837,5578
11901,94205.773, 7.683,5578
11902,94212.727, 6.953,5578
11903,94220.773, 8.051,5578
11904,94228.273, 7.507,5578
11905,94236.766, 8.482,5578
11906,94246.047, 9.279,5578
11907,94254.836, 8.799,5578
11908,94262.492, 7.653,5578
11909,94270.594, 8.107,5578
11910,94278.820, 8.223,5578
11911,94286.258, 7.435,5578
11912,94293.398, 7.142,5578
11913,94301.406, 8.002,5578
11914,94309.234, 7.834,5578
11915,94317.070, 7.829,5578
11916,94324.156, 7.092,5578
11917,94332.133, 7.978,5578
11918,94339.352, 7.215,5578
11919,94346.641, 7.295,5578
11920,94353.875, 7.233,5578
11921,94361.219, 7.340,5578
11922,94368.523, 7.305,5578
11923,94375.750, 7.224,5578
11924,94383.633, 7.891,5578
11925,94391.602, 7.962,5578
11926,94399.305, 7.711,5578
11927,94406.703, 7.386,5578
11928,94414.508, 7.814,5578
11929,94422.688, 8.176,5578
11930,94430.773, 8.083,5578
11931,94438.383, 7.612,5578
11932,94446.109, 7.727,5578
11933,94453.523, 7.418,5578
11934,94461.148, 7.623,5578
11935,94469.250, 8.102,5578
11936,94476.914, 7.665,5578
11937,94485.242, 8.329,5578
11938,94493.250, 8.008,5578
11939,94501.781, 8.526,5578
11940,94509.727, 7.941,5578
11941,94517.625, 7.909,5578
11942,94525.375, 7.743,5578
11943,94533.797, 8.426,5578
11944,94541.656, 7.853,5578
11945,94548.742, 7.089,5578
11946,94555.875, 7.138,5578
11947,94562.883, 7.003,5578
11948,94570.172, 7.289,5578
11949,94578.352, 8.178,5578
11950,94586.539, 8.190,5578
11951,94593.695, 7.156,5578
11952,94600.852, 7.159,5578
11953,94607.898, 7.045,5578
11954,94614.938, 7.044,5578
11955,94621.945, 7.007,5578
11956,94630.063, 8.111,5578
11957,94638.531, 8.467,5578
11958,94647.109, 8.583,5578
11959,94654.367, 7.255,5578
11960,94662.164, 7.798,5578
11961,94670.156, 7.991,5578
11962,94677.555, 7.399,5578
11963,94685.836, 8.285,5578
11964,94693.117, 7.277,5578
11965,94700.422, 7.307,5578
11966,94707.672, 7.249,5578
11967,94714.805, 7.132,5578
11968,94722.039, 7.231,5578
11969,94729.094, 7.057,5578
11970,94737.164, 8.069,5578
11971,94744.383, 7.216,5578
11972,94752.727, 8.344,5578
11973,94759.875, 7.154,5578
11974,94767.922, 8.049,5578
11975,94775.281, 7.363,5578
11976,94783.156, 7.866,5578
11977,94791.047, 7.889,5578
11978,94798.664, 7.614,5578
11979,94806.281, 7.626,5578
11980,94813.766, 7.479,5578
11981,94822.086, 8.324,5578
11982,94829.492, 7.409,5578
11983,94837.852, 8.357,5578
11984,94845.484, 7.634,5578
11985,94853.570, 8.084,5578
11986,94861.281, 7.713,5578
11987,94868.789, 7.508,5578
11988,94876.328, 7.530,5578
11989,94883.664, 7.339,5578
11990,94891.172, 7.511,5578
11991,94898.258, 7.093,5578
11992,94905.516, 7.255,5578
11993,94912.891, 7.375,5578
11994,94919.992, 7.092,5578
11995,94928.297, 8.315,5578
11996,94937.078, 8.776,5578
11997,94944.773, 7.692,5578
11998,94953.359, 8.589,5578
11999,94961.352, 7.990,5578
12000,94969.492, 8.147,5578
12001,94977.898, 8.409,5578
12002,94986.094, 8.188,5578
12003,94995.281, 9.191,5578
12004,95003.289, 8.008,5578
12005,95012.109, 8.816,5578
12006,95023.000,10.888,5578
12007,95030.969, 7.978,5578
12008,95040.063, 9.086,5578
12009,95047.914, 7.860,5578
12010,95055.813, 7.893,5578
12011,95064.289, 8.483,5578
12012,95071.805, 7.512,5578
12013,95080.461, 8.656,5578
12014,95089.727, 9.260,5578
12015,95098.398, 8.676,5578
12016,95107.219, 8.822,5578
12017,95116.359, 9.132,5578
12018,95124.258, 7.912,5578
12019,95131.734, 7.464,5578
12020,95138.953, 7.231,5578
12021,95146.727, 7.765,5578
12022,95154.625, 7.906,5578
12023,95162.219, 7.589,5578
12024,95170.688, 8.468,5578
12025,95177.789, 7.104,5578
12026,95184.875, 7.087,5578
12027,95192.031, 7.148,5578
12028,95199.953, 7.926,5578
12029,95207.578, 7.625,5578
12030,95214.633, 7.062,5578
12031,95221.703, 7.062,5578
12032,95228.750, 7.050,5578
12033,95236.039, 7.286,5578
12034,95243.703, 7.663,5578
12035,95250.961, 7.262,5578
12036,95257.938, 6.982,5578
12037,95266.000, 8.052,5578
12038,95273.000, 7.004,5578
12039,95280.227, 7.229,5578
12040,95287.188, 6.960,5578
12041,95294.281, 7.096,5578
12042,95301.391, 7.106,5578
12043,95308.586, 7.194,5578
12044,95316.070, 7.485,5578
12045,95323.383, 7.311,5578
12046,95331.570, 8.193,5578
12047,95338.664, 7.085,5578
12048,95345.734, 7.073,5578
12049,95352.867, 7.134,5578
12050,95359.898, 7.033,5578
12051,95366.930, 7.029,5578
12052,95374.602, 7.677,5578
12053,95381.672, 7.059,5578
12054,95388.609, 6.944,5578
12055,95396.758, 8.146,5578
12056,95405.813, 9.061,5578
12057,95415.258, 9.445,5578
12058,95422.961, 7.703,5578
12059,95431.008, 8.044,5578
12060,95439.281, 8.278,5578
12061,95447.336, 8.045,5578
12062,95454.500, 7.174,5578
12063,95462.242, 7.739,5578
12064,95469.438, 7.193,5578
12065,95476.617, 7.182,5578
12066,95484.563, 7.943,5578
12067,95492.758, 8.194,5578
12068,95500.242, 7.492,5578
12069,95508.148, 7.903,5578
12070,95515.320, 7.167,5578
12071,95522.789, 7.474,5578
12072,95530.234, 7.442,5578
12073,95538.539, 8.310,5578
12074,95546.211, 7.668,5578
12075,95554.500, 8.288,5578
12076,95563.875, 9.373,5578
12077,95572.133, 8.263,5578
12078,95580.922, 8.792,5578
12079,95588.727, 7.794,5578
12080,95597.406, 8.686,5578
12081,95606.219, 8.812,5578
12082,95614.172, 7.956,5578
12083,95621.688, 7.507,5578
12084,95630.422, 8.736,5578
12085,95639.703, 9.278,5578
12086,95647.969, 8.273,5578
12087,95655.813, 7.847,5578
12088,95664.102, 8.286,5578
12089,95672.867, 8.762,5578
12090,95680.133, 7.264,5578
12091,95687.422, 7.290,5578
12092,95694.844, 7.429,5578
12093,95702.469, 7.623,5578
12094,95711.242, 8.771,5578
12095,95719.391, 8.145,5578
12096,95728.031, 8.643,5578
12097,95735.648, 7.618,5578
12098,95744.227, 8.578,5578
12099,95751.547, 7.322,5578
12100,95759.625, 8.084,5578
12101,95767.711, 8.079,5578
12102,95774.781, 7.072,5578
12103,95782.578, 7.800,5578
12104,95791.539, 8.956,5578
12105,95799.602, 8.062,5578
12106,95807.180, 7.579,5578
12107,95814.211, 7.029,5578
12108,95821.578, 7.372,5578
12109,95828.836, 7.259,5578
12110,95836.109, 7.271,5578
12111,95844.445, 8.331,5578
12112,95851.719, 7.279,5578
12113,95859.047, 7.322,5578
12114,95866.172, 7.128,5578
12115,95873.430, 7.257,5578
12116,95881.320, 7.889,5578
12117,95888.930, 7.615,5578
12118,95896.398, 7.468,5578
12119,95904.672, 8.270,5578
12120,95912.250, 7.585,5578
12121,95919.609, 7.359,5578
12122,95927.797, 8.179,5578
12123,95935.398, 7.603,5578
12124,95942.906, 7.512,5578
12125,95950.852, 7.946,5578
12126,95959.180, 8.328,5578
12127,95966.672, 7.488,5578
12128,95974.164, 7.494,5578
12129,95982.188, 8.022,5578
12130,95990.320, 8.133,5578
12131,95999.273, 8.957,5578
12132,96006.672, 7.390,5578
12133,96014.711, 8.042,5578
12134,96022.039, 7.326,5578
12135,96030.594, 8.562,5578
12136,96039.008, 8.409,5578
12137,96046.992, 7.987,5578
12138,96055.477, 8.485,5578
12139,96062.961, 7.491,5578
12140,96071.523, 8.556,5578
12141,96079.914, 8.392,5578
12142,96087.188, 7.271,5578
12143,96094.453, 7.267,5578
12144,96102.125, 7.671,5578
12145,96109.352, 7.227,5578
12146,96117.008, 7.652,5578
12147,96124.523, 7.520,5578
12148,96132.758, 8.230,5578
12149,96140.000, 7.245,5578
12150,96148.133, 8.132,5578
12151,96157.648, 9.516,5578
12152,96166.195, 8.550,5578
12153,96175.898, 9.701,5578
12154,96185.453, 9.553,5578
12155,96193.523, 8.073,5578
12156,96200.945, 7.427,5578
12157,96209.156, 8.209,5578
12158,96217.445, 8.288,5578
12159,96225.047, 7.600,5578
12160,96232.367, 7.315,5578
12161,96240.195, 7.835,5578
12162,96248.375, 8.174,5578
12163,96256.180, 7.813,5578
12164,96263.367, 7.178,5578
12165,96271.125, 7.759,5578
12166,96279.914, 8.797,5578
12167,96287.664, 7.743,5578
12168,96296.867, 9.209,5578
12169,96305.133, 8.261,5578
12170,96312.594, 7.469,5578
12171,96320.328, 7.728,5578
12172,96327.922, 7.596,5578
12173,96335.805, 7.883,5578
12174,96346.406,10.596,5578
12175,96353.578, 7.176,5578
12176,96361.531, 7.952,5578
12177,96370.063, 8.526,5578
12178,96378.539, 8.484,5578
12179,96388.906,10.369,5578
12180,96397.094, 8.182,5578
12181,96406.250, 9.158,5578
12182,96416.016, 9.761,5578
12183,96425.484, 9.476,5578
12184,96434.938, 9.456,5578
12185,96444.305, 9.366,5578
12186,96452.266, 7.959,5578
12187,96460.375, 8.100,5578
12188,96468.484, 8.116,5578
12189,96478.000, 9.511,5578
12190,96485.594, 7.604,5578
12191,96493.055, 7.454,5578
12192,96500.406, 7.348,5578
12193,96507.734, 7.327,5578
12194,96515.703, 7.971,5578
12195,96523.602, 7.903,5578
12196,96530.875, 7.272,5578
12197,96539.328, 8.449,5578
12198,96547.359, 8.031,5578
12199,96554.555, 7.199,5578
12200,96562.742, 8.183,5578
12201,96572.547, 9.813,5578
12202,96582.359, 9.804,5578
12203,96590.383, 8.027,5578
12204,96599.813, 9.430,5578
12205,96607.992, 8.175,5578
12206,96618.219,10.235,5578
12207,96626.984, 8.762,5578
12208,96634.250, 7.273,5578
12209,96641.656, 7.398,5578
12210,96648.945, 7.292,5578
12211,96656.406, 7.459,5578
12212,96665.719, 9.311,5578
12213,96673.141, 7.427,5578
12214,96680.484, 7.344,5578
12215,96689.258, 8.776,5578
12216,96697.906, 8.642,5578
12217,96705.508, 7.601,5578
12218,96714.250, 8.746,5578
12219,96722.055, 7.804,5578
12220,96729.570, 7.518,5578
12221,96737.273, 7.700,5578
12222,96745.063, 7.788,5578
12223,96755.250,10.189,5578
12224,96762.953, 7.708,5578
12225,96772.094, 9.136,5578
12226,96780.117, 8.024,5578
12227,96787.828, 7.712,5578
12228,96795.156, 7.325,5578
12229,96804.461, 9.306,5578
12230,96811.508, 7.051,5578
12231,96819.031, 7.519,5578
12232,96827.703, 8.666,5578
12233,96834.820, 7.126,5578
12234,96844.180, 9.361,5578
12235,96852.313, 8.122,5578
12236,96860.508, 8.199,5578
12237,96868.242, 7.741,5578
12238,96876.180, 7.931,5578
12239,96884.258, 8.085,5578
12240,96894.617,10.356,5578
12241,96902.336, 7.716,5578
12242,96911.141, 8.805,5578
12243,96920.953, 9.815,5578
12244,96928.859, 7.909,5578
12245,96939.430,10.562,5578
12246,96947.625, 8.205,5578
12247,96957.391, 9.758,5578
12248,96968.508,11.117,5578
12249,96977.680, 9.168,5578
12250,96988.414,10.736,5578
12251,96997.469, 9.060,5578
12252,97005.688, 8.218,5578
12253,97014.492, 8.808,5578
12254,97022.695, 8.201,5578
12255,97032.578, 9.885,5578
12256,97040.773, 8.192,5578
12257,97049.070, 8.294,5578
12258,97057.297, 8.231,5578
12259,97065.523, 8.230,5578
12260,97072.984, 7.452,5578
12261,97083.375,10.394,5578
12262,97090.539, 7.165,5578
12263,97097.859, 7.325,5578
12264,97105.500, 7.634,5578
12265,97113.313, 7.813,5578
12266,97121.391, 8.074,5578
12267,97130.492, 9.107,5578
12268,97137.883, 7.389,5578
12269,97145.656, 7.772,5578
12270,97153.227, 7.577,5578
12271,97161.492, 8.266,5578
12272,97170.867, 9.370,5578
12273,97177.922, 7.054,5578
12274,97185.328, 7.404,5578
12275,97192.594, 7.276,5578
12276,97200.680, 8.076,5578
12277,97207.797, 7.117,5578
12278,97217.531, 9.737,5578
12279,97225.172, 7.644,5578
12280,97233.289, 8.118,5578
12281,97241.359, 8.063,5578
12282,97249.602, 8.245,5578
12283,97259.094, 9.490,5578
12284,97266.172, 7.082,5578
12285,97273.625, 7.458,5578
12286,97280.969, 7.341,5578
12287,97288.734, 7.761,5578
12288,97297.094, 8.364,5578
12289,97306.508, 9.415,5578
12290,97313.633, 7.123,5578
12291,97321.250, 7.617,5578
12292,97330.055, 8.798,5578
12293,97338.039, 7.985,5578
12294,97348.023, 9.989,5578
12295,97356.750, 8.723,5578
12296,97364.836, 8.089,5578
12297,97373.359, 8.524,5578
12298,97382.352, 8.991,5578
12299,97390.578, 8.230,5578
12300,97401.047,10.462,5578
12301,97408.070, 7.029,5578
12302,97416.477, 8.407,5578
12303,97423.859, 7.385,5578
12304,97431.969, 8.111,5578
12305,97442.789,10.810,5578
12306,97450.539, 7.756,5578
12307,97459.250, 8.712,5578
12308,97466.813, 7.560,5578
12309,97474.438, 7.622,5578
12310,97481.703, 7.265,5578
12311,97491.445, 9.747,5578
12312,97498.992, 7.541,5578
12313,97506.570, 7.586,5578
12314,97514.953, 8.382,5578
12315,97523.586, 8.632,5578
12316,97531.523, 7.938,5578
12317,97543.016,11.490,5578
12318,97550.586, 7.572,5578
12319,97558.969, 8.382,5578
12320,97567.711, 8.736,5578
12321,97576.523, 8.818,5578
12322,97588.484,11.965,5578
12323,97596.648, 8.154,5578
12324,97605.156, 8.511,5578
12325,97613.125, 7.972,5578
12326,97621.914, 8.793,5578
12327,97631.516, 9.595,5578
12328,97639.805, 8.290,5578
12329,97648.914, 9.115,5578
12330,97657.984, 9.064,5578
12331,97667.695, 9.707,5578
12332,97679.250,11.561,5578
12333,97687.164, 7.912,5578
12334,97695.125, 7.960,5578
12335,97702.805, 7.683,5578
12336,97710.227, 7.421,5578
12337,97720.844,10.617,5578
12338,97727.852, 7.009,5578
12339,97735.211, 7.362,5578
12340,97744.938, 9.726,5578
12341,97754.695, 9.755,5578
12342,97762.586, 7.891,5578
12343,97772.359, 9.771,5578
12344,97780.156, 7.798,5578
12345,97788.703, 8.542,5578
12346,97797.477, 8.777,5578
12347,97805.203, 7.728,5578
12348,97813.781, 8.582,5578
12349,97823.828,10.045,5578
12350,97830.914, 7.089,5578
12351,97839.734, 8.815,5578
12352,97848.367, 8.631,5578
12353,97857.273, 8.911,5578
12354,97867.680,10.403,5546
12355,97875.000, 7.321,5546
12356,97883.992, 8.986,5546
12357,97892.758, 8.771,5546
12358,97900.563, 7.807,5546
12359,97910.883,10.319,5546
12360,97918.422, 7.536,5546
12361,97926.531, 8.118,5546
12362,97935.922, 9.386,5546
12363,97943.633, 7.710,5546
12364,97951.156, 7.525,5546
12365,97961.750,10.593,5546
12366,97969.836, 8.083,5546
12367,97977.555, 7.719,5546
12368,97985.258, 7.705,5546
12369,97994.297, 9.042,5546
12370,98004.820,10.523,5546
12371,98012.086, 7.258,5546
12372,98019.984, 7.901,5546
12373,98028.086, 8.099,5546
12374,98035.602, 7.526,5546
12375,98044.484, 8.878,5546
12376,98053.781, 9.298,5546
12377,98062.297, 8.515,5546
12378,98070.711, 8.407,5546
12379,98079.680, 8.975,5546
12380,98088.625, 8.946,5546
12381,98100.000,11.369,5546
12382,98109.688, 9.690,5546
12383,98117.922, 8.238,5546
12384,98126.289, 8.366,5546
12385,98135.727, 9.438,5546
12386,98146.742,11.010,5546
12387,98155.719, 8.984,5546
12388,98164.398, 8.678,5546
12389,98173.289, 8.894,5546
12390,98181.805, 8.512,5546
12391,98192.805,10.999,5546
12392,98201.094, 8.289,5546
12393,98209.352, 8.252,5546
12394,98217.391, 8.043,5546
12395,98225.938, 8.554,5546
12396,98237.047,11.105,5546
12397,98245.313, 8.259,5546
12398,98254.445, 9.139,5546
12399,98262.453, 8.006,5546
12400,98271.094, 8.639,5546
12401,98281.563,10.477,5546
12402,98289.570, 8.004,5546
12403,98298.016, 8.441,5546
12404,98307.430, 9.417,5546
12405,98315.859, 8.430,5546
12406,98325.688, 9.827,5546
12407,98336.445,10.762,5546
12408,98344.945, 8.504,5546
12409,98354.320, 9.368,5546
12410,98363.352, 9.032,5546
12411,98371.836, 8.487,5546
12412,98382.836,10.997,5546
12413,98392.156, 9.323,5546
12414,98400.570, 8.413,5546
12415,98409.664, 9.090,5546
12416,98418.664, 9.001,5546
12417,98429.477,10.814,5546
12418,98438.289, 8.816,5546
12419,98447.125, 8.833,5546
12420,98454.914, 7.789,5546
12421,98463.359, 8.443,5546
12422,98473.984,10.625,5546
12423,98481.477, 7.491,5546
12424,98489.195, 7.722,5546
12425,98497.789, 8.595,5546
12426,98506.883, 9.097,5546
12427,98517.766,10.873,5546
12428,98526.984, 9.221,5546
12429,98537.023,10.042,5546
12430,98545.648, 8.622,5546
12431,98553.711, 8.060,5546
12432,98563.602, 9.898,5546
12433,98571.328, 7.721,5546
12434,98580.398, 9.073,5546
12435,98588.586, 8.189,5546
12436,98596.648, 8.062,5546
12437,98604.977, 8.327,5546
12438,98614.875, 9.900,5546
12439,98622.430, 7.555,5546
12440,98630.258, 7.827,5546
12441,98638.281, 8.024,5546
12442,98646.414, 8.133,5546
12443,98655.313, 8.894,5546
12444,98665.648,10.338,5546
12445,98674.102, 8.455,5546
12446,98681.625, 7.529,5546
12447,98690.453, 8.821,5546
12448,98699.469, 9.016,5546
12449,98711.492,12.023,5546
12450,98718.867, 7.381,5546
12451,98728.508, 9.638,5546
12452,98737.125, 8.614,5546
12453,98744.836, 7.716,5546
12454,98755.297,10.461,5546
12455,98763.289, 7.989,5546
12456,98772.758, 9.469,5546
12457,98782.078, 9.320,5546
12458,98790.227, 8.153,5546
12459,98799.977, 9.740,5546
12460,98807.500, 7.532,5546
12461,98816.000, 8.492,5546
12462,98823.773, 7.776,5546
12463,98831.656, 7.883,5546
12464,98841.836,10.184,5546
12465,98850.391, 8.548,5546
12466,98859.625, 9.240,5546
12467,98867.938, 8.316,5546
12468,98876.797, 8.855,5546
12469,98886.391, 9.592,5546
12470,98894.984, 8.587,5546
12471,98903.859, 8.882,5546
12472,98913.031, 9.171,5546
12473,98924.281,11.254,5546
12474,98934.867,10.581,5546
12475,98943.172, 8.306,5546
12476,98951.805, 8.631,5546
12477,98960.766, 8.964,5546
12478,98969.266, 8.506,5546
12479,98980.820,11.545,5546
12480,98988.734, 7.919,5546
12481,98997.711, 8.972,5546
12482,99006.781, 9.076,5546
12483,99016.227, 9.445,5546
12484,99026.078, 9.850,5546
12485,99038.125,12.044,5546
12486,99047.164, 9.040,5546
12487,99055.578, 8.420,5546
12488,99064.742, 9.161,5546
12489,99073.711, 8.963,5546
12490,99083.844,10.140,5546
12491,99092.227, 8.381,5546
12492,99101.125, 8.898,5546
12493,99109.063, 7.931,5546
12494,99118.211, 9.157,5546
12495,99129.984,11.770,5546
12496,99137.961, 7.980,5546
12497,99145.922, 7.957,5546
12498,99153.875, 7.960,5546
12499,99162.867, 8.992,5546
12500,99173.031,10.154,5546
12501,99180.633, 7.611,5546
12502,99188.563, 7.931,5546
12503,99196.859, 8.294,5546
12504,99204.750, 7.886,5546
12505,99212.781, 8.031,5546
12506,99222.313, 9.526,5546
12507,99230.016, 7.709,5546
12508,99238.320, 8.303,5546
12509,99247.477, 9.158,5546
12510,99256.820, 9.341,5546
12511,99267.086,10.267,5546
12512,99275.156, 8.071,5546
12513,99283.516, 8.360,5546
12514,99291.602, 8.094,5546
12515,99299.422, 7.810,5546
12516,99310.625,11.211,5546
12517,99319.898, 9.269,5546
12518,99328.141, 8.242,5546
12519,99336.070, 7.930,5546
12520,99345.391, 9.316,5546
12521,99354.555, 9.170,5546
12522,99364.875,10.320,5546
12523,99372.484, 7.605,5546
12524,99381.602, 9.126,5546
12525,99390.609, 9.009,5546
12526,99399.492, 8.873,5546
12527,99409.602,10.112,5546
12528,99417.664, 8.058,5546
12529,99426.000, 8.340,5546
12530,99434.844, 8.848,5546
12531,99442.945, 8.103,5546
12532,99452.055, 9.104,5546
12533,99463.461,11.403,5546
12534,99471.031, 7.575,5546
12535,99479.766, 8.729,5546
12536,99488.852, 9.087,5546
12537,99497.281, 8.437,5546
12538,99507.539,10.251,5546
12539,99516.914, 9.380,5546
12540,99526.234, 9.321,5546
12541,99535.445, 9.204,5546
12542,99545.555,10.115,5546
12543,99556.594,11.042,5546
12544,99567.016,10.415,5546
12545,99576.000, 8.984,5546
12546,99586.195,10.202,5546
12547,99596.469,10.273,5546
12548,99607.734,11.261,5546
12549,99616.250, 8.516,5546
12550,99625.422, 9.169,5546
12551,99635.016, 9.596,5546
12552,99643.773, 8.760,5546
12553,99653.109, 9.332,5546
12554,99663.414,10.309,5546
12555,99671.789, 8.372,5546
12556,99680.961, 9.180,5546
12557,99690.328, 9.357,5546
12558,99699.383, 9.060,5546
12559,99711.141,11.756,5546
12560,99719.266, 8.127,5546
12561,99728.117, 8.845,5546
12562,99736.289, 8.180,5546
12563,99744.797, 8.504,5546
12564,99753.836, 9.038,5546
12565,99764.688,10.849,5546
12566,99772.656, 7.966,5546
12567,99781.547, 8.899,5546
12568,99790.289, 8.746,5546
12569,99798.648, 8.346,5546
12570,99810.063,11.419,5546
12571,99817.750, 7.692,5546
12572,99826.789, 9.033,5546
12573,99834.953, 8.170,5546
12574,99843.016, 8.056,5546
12575,99853.359,10.346,5546
12576,99860.680, 7.322,5546
12577,99869.016, 8.338,5546
12578,99878.914, 9.897,5546
12579,99888.484, 9.574,5546
12580,99897.875, 9.387,5546
12581,99907.859, 9.988,5546
12582,99916.758, 8.897,5546
12583,99925.203, 8.444,5546
12584,99933.125, 7.925,5546
12585,99941.430, 8.302,5546
12586,99952.438,11.009,5546
12587,99960.125, 7.686,5546
12588,99968.453, 8.325,5546
12589,99977.742, 9.287,5546
12590,99986.320, 8.580,5546
12591,99994.398, 8.079,5546
12592,100006.023,11.628,5546
12593,100013.453, 7.431,5546
12594,100022.055, 8.601,5546
12595,100030.133, 8.074,5546
12596,100039.266, 9.140,5546
12597,100049.453,10.180,5546
12598,100058.023, 8.572,5546
12599,100066.656, 8.627,5546
12600,100075.828, 9.178,5546
12601,100085.328, 9.496,5546
12602,100097.156,11.834,5546
12603,100107.203,10.049,5546
12604,100116.039, 8.827,5546
12605,100125.945, 9.915,5546
12606,100134.961, 9.019,5546
12607,100146.586,11.623,5546
12608,100155.070, 8.477,5546
12609,100164.258, 9.195,5546
12610,100173.625, 9.368,5546
12611,100181.922, 8.292,5546
12612,100190.438, 8.517,5546
12613,100201.313,10.868,5546
12614,100208.984, 7.675,5546
12615,100217.523, 8.543,5546
12616,100226.516, 8.988,5546
12617,100234.773, 8.259,5546
12618,100243.383, 8.609,5546
12619,100255.727,12.341,5546
12620,100263.625, 7.906,5546
12621,100272.500, 8.875,5546
12622,100282.086, 9.578,5546
12623,100290.680, 8.591,5546
12624,100302.867,12.193,5546
12625,100311.586, 8.722,5546
12626,100320.898, 9.314,5546
12627,100330.414, 9.514,5546
12628,100339.898, 9.485,5546
12629,100351.766,11.864,5546
12630,100359.828, 8.060,5546
12631,100368.898, 9.074,5546
12632,100378.945,10.054,5546
12633,100388.234, 9.287,5546
12634,100400.547,12.310,5546
12635,100409.438, 8.890,5546
12636,100418.031, 8.592,5546
12637,100427.320, 9.289,5546
12638,100436.281, 8.966,5546
12639,100446.258, 9.970,5546
12640,100454.719, 8.463,5546
12641,100463.141, 8.418,5546
12642,100472.227, 9.091,5546
12643,100480.406, 8.177,5546
12644,100488.898, 8.495,5546
12645,100501.883,12.984,5546
12646,100511.125, 9.243,5546
12647,100520.289, 9.161,5546
12648,100528.820, 8.531,5546
12649,100537.180, 8.362,5546
12650,100548.133,10.948,5546
12651,100556.641, 8.506,5546
12652,100566.211, 9.574,5546
12653,100575.227, 9.018,5546
12654,100584.703, 9.472,5546
12655,100593.289, 8.595,5546
12656,100605.070,11.775,5546
12657,100613.008, 7.937,5546
12658,100622.867, 9.866,5546
12659,100631.578, 8.711,5546
12660,100640.180, 8.596,5546
12661,100650.422,10.245,5546
12662,100658.492, 8.066,5546
12663,100667.766, 9.274,5546
12664,100676.695, 8.924,5546
12665,100685.266, 8.582,5546
12666,100695.094, 9.821,5546
12667,100705.844,10.757,5546
12668,100713.664, 7.814,5546
12669,100722.563, 8.900,5546
12670,100731.141, 8.582,5546
12671,100740.398, 9.249,5546
12672,100752.055,11.663,5546
12673,100760.734, 8.675,5546
12674,100769.313, 8.576,5546
12675,100778.930, 9.624,5546
12676,100787.953, 9.022,5546
12677,100798.266,10.317,5546
12678,100807.461, 9.191,5546
12679,100817.008, 9.546,5546
12680,100826.313, 9.300,5546
12681,100836.594,10.291,5546
12682,100847.852,11.255,5546
12683,100856.867, 9.018,5546
12684,100866.992,10.116,5546
12685,100876.266, 9.283,5546
12686,100885.531, 9.261,5546
12687,100899.430,13.901,5546
12688,100909.078, 9.648,5546
12689,100918.773, 9.688,5546
12690,100928.852,10.088,5546
12691,100941.570,12.719,5546
12692,100953.883,12.310,5546
12693,100962.367, 8.481,5546
12694,100971.672, 9.298,5546
12695,100980.695, 9.031,5546
12696,100990.922,10.232,5546
12697,101002.742,11.809,5546
12698,101011.766, 9.030,5546
12699,101020.945, 9.186,5546
12700,101029.555, 8.605,5546
12701,101038.531, 8.972,5546
12702,101048.719,10.186,5546
12703,101059.344,10.627,5546
12704,101071.016,11.670,5546
12705,101080.406, 9.388,5546
12706,101088.648, 8.246,5546
12707,101097.359, 8.712,5546
12708,101108.336,10.972,5546
12709,101116.023, 7.691,5546
12710,101124.227, 8.210,5546
12711,101132.945, 8.714,5546
12712,101142.234, 9.293,5546
12713,101154.609,12.376,5546
12714,101163.859, 9.243,5546
12715,101173.516, 9.657,5546
12716,101183.469, 9.952,5546
12717,101192.359, 8.894,5546
12718,101203.836,11.473,5546
12719,101213.094, 9.263,5546
12720,101222.313, 9.211,5546
12721,101231.656, 9.349,5546
12722,101240.977, 9.313,5546
12723,101252.664,11.688,5546
12724,101260.875, 8.221,5546
12725,101269.930, 9.057,5546
12726,101278.172, 8.234,5546
12727,101288.383,10.214,5546
12728,101300.742,12.355,5546
12729,101309.820, 9.085,5546
12730,101318.625, 8.808,5546
12731,101327.844, 9.216,5546
12732,101336.359, 8.512,5546
12733,101346.586,10.227,5546
12734,101358.773,12.189,5546
12735,101367.016, 8.238,5546
12736,101376.766, 9.753,5546
12737,101385.945, 9.183,5546
12738,101396.313,10.356,5546
12739,101408.383,12.072,5546
12740,101417.742, 9.360,5546
12741,101428.406,10.670,5546
12742,101438.102, 9.695,5546
12743,101447.711, 9.607,5546
12744,101459.586,11.881,5546
12745,101468.828, 9.238,5546
12746,101478.086, 9.259,5546
12747,101487.977, 9.889,5546
12748,101498.414,10.439,5546
12749,101510.352,11.931,5546
12750,101519.914, 9.571,5546
12751,101529.789, 9.871,5546
12752,101539.508, 9.720,5546
12753,101549.148, 9.638,5546
12754,101560.898,11.755,5546
12755,101569.469, 8.565,5546
12756,101580.430,10.963,5546
12757,101590.172, 9.741,5546
12758,101600.414,10.244,5546
12759,101613.133,12.720,5546
12760,101623.406,10.273,5546
12761,101633.305, 9.896,5546
12762,101642.977, 9.668,5546
12763,101654.750,11.776,5546
12764,101662.586, 7.840,5546
12765,101671.000, 8.405,5546
12766,101682.398,11.401,5546
12767,101692.789,10.399,5546
12768,101704.266,11.476,5546
12769,101713.141, 8.872,5546
12770,101723.016, 9.873,5546
12771,101733.820,10.810,5546
12772,101743.352, 9.526,5546
12773,101752.180, 8.830,5546
12774,101764.445,12.268,5546
12775,101774.102, 9.649,5546
12776,101784.891,10.798,5546
12777,101795.188,10.294,5546
12778,101806.000,10.809,5546
12779,101817.508,11.511,5546
12780,101825.961, 8.459,5546
12781,101836.313,10.338,5546
12782,101844.609, 8.311,5546
12783,101853.992, 9.374,5546
12784,101864.805,10.811,5546
12785,101872.813, 8.013,5546
12786,101881.320, 8.500,5546
12787,101890.352, 9.037,5546
12788,101901.000,10.646,5546
12789,101911.734,10.736,5546
12790,101920.016, 8.282,5546
12791,101929.648, 9.629,5546
12792,101938.180, 8.539,5546
12793,101947.070, 8.882,5546
12794,101956.086, 9.021,5546
12795,101967.086,10.997,5546
12796,101974.727, 7.638,5546
12797,101984.266, 9.549,5546
12798,101992.758, 8.487,5546
12799,102002.453, 9.695,5546
12800,102013.594,11.147,5546
12801,102022.242, 8.649,5546
12802,102030.750, 8.502,5546
12803,102040.781,10.029,5546
12804,102050.164, 9.384,5546
12805,102061.117,10.952,5546
12806,102071.008, 9.889,5546
12807,102081.398,10.394,5546
12808,102091.047, 9.646,5546
12809,102100.563, 9.523,5546
12810,102110.477, 9.910,5546
12811,102121.875,11.401,5546
12812,102130.219, 8.344,5546
12813,102139.164, 8.942,5546
12814,102147.875, 8.712,5546
12815,102156.781, 8.906,5546
12816,102168.906,12.126,5546
12817,102179.844,10.934,5546
12818,102189.617, 9.774,5546
12819,102200.336,10.717,5546
12820,102211.227,10.894,5546
12821,102222.406,11.176,5546
12822,102230.930, 8.526,5546
12823,102240.078, 9.148,5546
12824,102249.875, 9.796,5546
12825,102259.602, 9.732,5546
12826,102269.195, 9.588,5546
12827,102279.914,10.722,5546
12828,102288.883, 8.965,5546
12829,102298.641, 9.757,5546
12830,102309.477,10.839,5546
12831,102319.789,10.312,5546
12832,102332.484,12.696,5546
12833,102341.742, 9.258,5546
12834,102352.016,10.267,5546
12835,102361.438, 9.426,5546
12836,102372.398,10.963,5546
12837,102384.063,11.664,5546
12838,102392.625, 8.566,5546
12839,102401.500, 8.871,5546
12840,102410.234, 8.736,5546
12841,102419.000, 8.765,5546
12842,102429.445,10.448,5546
12843,102438.711, 9.262,5546
12844,102447.641, 8.922,5546
12845,102456.375, 8.744,5546
12846,102465.344, 8.966,5546
12847,102474.039, 8.692,5546
12848,102486.109,12.074,5546
12849,102496.273,10.167,5546
12850,102506.500,10.227,5546
12851,102516.781,10.279,5546
12852,102526.375, 9.588,5546
12853,102536.883,10.511,5546
12854,102546.797, 9.915,5546
12855,102556.500, 9.706,5546
12856,102565.461, 8.955,5546
12857,102574.250, 8.797,5546
12858,102585.375,11.116,5546
12859,102594.375, 9.001,5546
12860,102603.844, 9.475,5546
12861,102613.445, 9.597,5546
12862,102623.008, 9.564,5546
12863,102631.727, 8.720,5546
12864,102642.820,11.094,5546
12865,102650.977, 8.155,5546
12866,102660.344, 9.368,5546
12867,102670.117, 9.775,5546
12868,102679.086, 8.969,5546
12869,102687.922, 8.839,5546
12870,102698.195,10.270,5546
12871,102706.445, 8.248,5546
12872,102714.906, 8.467,5546
12873,102723.805, 8.892,5546
12874,102732.672, 8.867,5546
12875,102741.594, 8.926,5546
12876,102752.984,11.385,5546
12877,102762.000, 9.015,5546
12878,102771.750, 9.756,5546
12879,102780.266, 8.518,5546
12880,102790.695,10.424,5546
12881,102801.484,10.792,5546
12882,102811.602,10.119,5546
12883,102820.859, 9.255,5546
12884,102830.211, 9.356,5546
12885,102839.344, 9.125,5546
12886,102850.063,10.716,5546
12887,102859.703, 9.643,5546
12888,102869.992,10.284,5546
12889,102881.469,11.484,5546
12890,102891.914,10.448,5546
12891,102901.984,10.066,5546
12892,102912.555,10.573,5546
12893,102922.625,10.077,5546
12894,102933.398,10.764,5546
12895,102943.258, 9.866,5546
12896,102953.352,10.090,5546
12897,102966.148,12.794,5546
12898,102975.789, 9.643,5546
12899,102986.109,10.318,5546
12900,102996.859,10.753,5546
12901,103008.164,11.304,5546
12902,103019.656,11.488,5546
12903,103028.117, 8.465,5546
12904,103037.227, 9.109,5546
12905,103046.227, 9.005,5546
12906,103056.406,10.171,5546
12907,103065.742, 9.335,5546
12908,103077.742,12.002,5546
12909,103086.273, 8.535,5546
12910,103096.797,10.521,5546
12911,103106.539, 9.746,5546
12912,103115.680, 9.132,5546
12913,103126.211,10.535,5546
12914,103135.750, 9.539,5546
12915,103145.195, 9.448,5546
12916,103154.258, 9.069,5546
12917,103164.102, 9.835,5546
12918,103174.289,10.190,5546
12919,103185.641,11.351,5546
12920,103194.039, 8.392,5546
12921,103203.828, 9.794,5546
12922,103213.586, 9.763,5546
12923,103222.484, 8.897,5546
12924,103233.609,11.128,5546
12925,103242.102, 8.482,5546
12926,103251.078, 8.983,5546
12927,103261.039, 9.958,5546
12928,103272.758,11.720,5546
12929,103286.125,13.365,5546
12930,103295.367, 9.241,5546
12931,103305.344, 9.979,5546
12932,103315.063, 9.721,5546
12933,103324.547, 9.483,5546
12934,103336.633,12.078,5546
12935,103347.102,10.475,5546
12936,103356.633, 9.532,5546
12937,103365.883, 9.252,5546
12938,103376.664,10.774,5546
12939,103388.305,11.642,5546
12940,103397.633, 9.327,5546
12941,103407.258, 9.632,5546
12942,103416.508, 9.253,5546
12943,103426.938,10.432,5546
12944,103437.539,10.598,5546
12945,103449.578,12.041,5546
12946,103459.344, 9.758,5546
12947,103470.258,10.916,5546
12948,103480.211, 9.952,5546
12949,103490.805,10.596,5546
12950,103503.984,13.173,5546
12951,103512.805, 8.830,5546
12952,103522.922,10.116,5546
12953,103532.492, 9.566,5546
12954,103542.438, 9.950,5546
12955,103553.852,11.410,5546
12956,103563.359, 9.506,5546
12957,103573.461,10.106,5546
12958,103584.164,10.700,5546
12959,103594.047, 9.884,5546
12960,103605.031,10.982,5546
12961,103617.789,12.761,5546
12962,103627.492, 9.701,5546
12963,103637.023, 9.528,5546
12964,103647.672,10.647,5546
12965,103657.922,10.256,5546
12966,103671.055,13.132,5546
12967,103680.414, 9.362,5546
12968,103690.031, 9.613,5546
12969,103699.906, 9.880,5546
12970,103710.227,10.320,5546
12971,103719.883, 9.656,5546
12972,103731.250,11.370,5546
12973,103740.453, 9.202,5546
12974,103750.289, 9.835,5546
12975,103760.789,10.500,5546
12976,103770.750, 9.961,5546
12977,103782.313,11.553,5546
12978,103790.813, 8.507,5546
12979,103800.891,10.084,5546
12980,103811.242,10.352,5546
12981,103821.367,10.118,5546
12982,103830.445, 9.081,5546
12983,103842.977,12.523,5546
12984,103851.188, 8.219,5546
12985,103861.000, 9.807,5546
12986,103870.453, 9.456,5546
12987,103880.688,10.233,5546
12988,103892.453,11.768,5546
12989,103901.977, 9.521,5546
12990,103912.570,10.597,5546
12991,103923.461,10.887,5546
12992,103933.453, 9.997,5546
12993,103945.523,12.071,5546
12994,103955.406, 9.878,5546
12995,103965.672,10.263,5546
12996,103975.453, 9.789,5546
12997,103985.508,10.054,5546
12998,103994.781, 9.270,5546
12999,104006.164,11.383,5546
13000,104014.773, 8.613,5546
13001,104024.391, 9.613,5546
13002,104034.422,10.032,5546
13003,104043.906, 9.491,5546
13004,104056.359,12.446,5546
13005,104067.109,10.751,5546
13006,104077.578,10.473,5546
13007,104087.602,10.023,5546
13008,104097.758,10.153,5546
13009,104109.461,11.700,5546
13010,104117.828, 8.368,5546
13011,104128.906,11.081,5546
13012,104138.852, 9.945,5546
13013,104148.313, 9.460,5546
13014,104158.344,10.031,5546
13015,104169.930,11.592,5546
13016,104178.891, 8.958,5546
13017,104189.648,10.749,5546
13018,104199.438, 9.792,5546
13019,104209.750,10.312,5546
13020,104221.266,11.519,5546
13021,104229.891, 8.629,5546
13022,104241.344,11.446,5546
13023,104251.266, 9.925,5546
13024,104262.266,11.002,5546
13025,104273.891,11.623,5546
13026,104285.898,12.014,5546
13027,104295.422, 9.514,5546
13028,104305.570,10.159,5546
13029,104315.430, 9.848,5546
13030,104325.336, 9.908,5546
13031,104338.172,12.837,5546
13032,104348.375,10.207,5546
13033,104358.828,10.455,5546
13034,104369.320,10.485,5546
13035,104379.695,10.377,5546
13036,104391.195,11.501,5546
13037,104399.570, 8.380,5546
13038,104408.727, 9.147,5546
13039,104417.992, 9.263,5546
13040,104427.008, 9.020,5546
13041,104436.609, 9.609,5546
13042,104447.281,10.668,5546
13043,104456.523, 9.244,5546
13044,104467.094,10.570,5546
13045,104479.031,11.937,5546
13046,104489.508,10.476,5546
13047,104499.766,10.258,5546
13048,104511.367,11.597,5546
13049,104519.938, 8.581,5546
13050,104529.063, 9.112,5546
13051,104539.477,10.418,5546
13052,104548.664, 9.186,5546
13053,104558.977,10.312,5546
13054,104571.594,12.626,5546
13055,104580.984, 9.386,5546
13056,104590.422, 9.440,5546
13057,104599.672, 9.240,5546
13058,104609.195, 9.531,5546
13059,104622.555,13.358,5546
13060,104631.492, 8.940,5546
13061,104641.711,10.212,5546
13062,104651.344, 9.634,5546
13063,104661.766,10.425,5546
13064,104673.320,11.550,5546
13065,104681.766, 8.450,5546
13066,104692.742,10.973,5546
13067,104702.000, 9.262,5546
13068,104712.031,10.032,5546
13069,104721.383, 9.351,5546
13070,104734.813,13.428,5546
13071,104742.859, 8.053,5546
13072,104752.984,10.121,5546
13073,104762.398, 9.411,5546
13074,104772.477,10.081,5546
13075,104783.867,11.391,5546
13076,104792.984, 9.109,5546
13077,104802.422, 9.448,5546
13078,104812.477,10.052,5546
13079,104823.141,10.667,5546
13080,104833.367,10.224,5546
13081,104845.531,12.168,5546
13082,104855.195, 9.660,5546
13083,104867.117,11.918,5546
13084,104879.438,12.324,5546
13085,104889.844,10.404,5546
13086,104903.922,14.083,5546
13087,104913.938,10.017,5546
13088,104924.266,10.324,5546
13089,104934.547,10.287,5546
13090,104945.977,11.420,5546
13091,104956.969,10.991,5546
13092,104969.594,12.633,5546
13093,104979.469, 9.872,5546
13094,104991.539,12.068,5546
13095,105003.039,11.501,5546
13096,105012.742, 9.700,5546
13097,105024.602,11.868,5546
13098,105033.672, 9.066,5546
13099,105043.297, 9.621,5546
13100,105053.203, 9.913,5546
13101,105063.203,10.003,5546
13102,105073.039, 9.830,5546
13103,105084.547,11.513,5546
13104,105093.641, 9.083,5546
13105,105103.281, 9.647,5546
13106,105113.023, 9.741,5546
13107,105122.859, 9.839,5546
13108,105132.305, 9.441,5546
13109,105144.742,12.439,5546
13110,105154.102, 9.362,5546
13111,105163.383, 9.280,5546
13112,105173.141, 9.756,5546
13113,105182.977, 9.831,5546
13114,105194.750,11.778,5546
13115,105204.313, 9.559,5546
13116,105214.141, 9.830,5546
13117,105223.516, 9.380,5546
13118,105233.039, 9.522,5546
13119,105242.797, 9.758,5546
13120,105255.078,12.283,5546
13121,105266.758,11.674,5546
13122,105276.516, 9.765,5546
13123,105286.656,10.135,5546
13124,105296.000, 9.342,5546
13125,105310.547,14.550,5546
13126,105319.180, 8.637,5546
13127,105328.516, 9.331,5546
13128,105338.297, 9.776,5546
13129,105347.867, 9.578,5546
13130,105357.188, 9.319,5546
13131,105369.133,11.942,5546
13132,105378.875, 9.745,5546
13133,105389.445,10.567,5546
13134,105399.195, 9.757,5546
13135,105411.148,11.947,5546
13136,105422.258,11.116,5546
13137,105436.094,13.832,5546
13138,105445.695, 9.599,5546
13139,105456.914,11.221,5546
13140,105467.938,11.023,5546
13141,105480.953,13.019,5546
13142,105494.406,13.451,5546
13143,105505.383,10.970,5546
13144,105516.852,11.473,5546
13145,105526.992,10.138,5546
13146,105540.164,13.180,5546
13147,105550.344,10.171,5546
13148,105561.055,10.711,5546
13149,105571.000, 9.951,5546
13150,105582.055,11.054,5546
13151,105595.203,13.149,5546
13152,105605.406,10.200,5546
13153,105616.781,11.379,5546
13154,105627.336,10.547,5546
13155,105636.750, 9.418,5546
13156,105646.664, 9.911,5546
13157,105660.695,14.036,5546
13158,105671.320,10.620,5546
13159,105681.445,10.132,5546
13160,105692.109,10.662,5546
13161,105701.773, 9.667,5546
13162,105711.695, 9.920,5546
13163,105723.742,12.044,5546
13164,105733.453, 9.710,5546
13165,105743.461,10.015,5546
13166,105753.039, 9.569,5546
13167,105763.414,10.376,5546
13168,105772.805, 9.396,5546
13169,105784.984,12.177,5546
13170,105793.609, 8.632,5546
13171,105803.695,10.076,5546
13172,105812.906, 9.220,5546
13173,105823.383,10.474,5546
13174,105833.398,10.008,5546
13175,105845.281,11.894,5546
13176,105854.094, 8.808,5546
13177,105863.227, 9.135,5546
13178,105872.758, 9.529,5546
13179,105882.469, 9.714,5546
13180,105891.953, 9.483,5546
13181,105904.313,12.351,5546
13182,105913.016, 8.706,5546
13183,105923.508,10.498,5546
13184,105933.086, 9.572,5546
13185,105943.992,10.909,5546
13186,105955.977,11.980,5546
13187,105964.984, 9.007,5546
13188,105974.703, 9.719,5546
13189,105984.406, 9.703,5546
13190,105995.227,10.830,5546
13191,106006.281,11.056,5546
13192,106020.883,14.601,5546
13193,106029.367, 8.475,5546
13194,106039.609,10.251,5546
13195,106051.961,12.346,5546
13196,106063.656,11.694,5546
13197,106077.070,13.418,5546
13198,106086.211, 9.140,5546
13199,106097.008,10.791,5546
13200,106107.328,10.319,5546
13201,106118.188,10.870,5546
13202,106128.539,10.346,5546
13203,106140.922,12.387,5546
13204,106149.547, 8.627,5546
13205,106160.398,10.848,5546
13206,106170.719,10.318,5546
13207,106180.313, 9.595,5546
13208,106190.578,10.266,5546
13209,106203.188,12.613,5546
13210,106212.984, 9.793,5546
13211,106223.875,10.896,5546
13212,106234.484,10.603,5546
13213,106245.641,11.154,5546
13214,106258.789,13.154,5546
13215,106269.406,10.613,5546
13216,106279.750,10.342,5546
13217,106290.898,11.151,5546
13218,106301.828,10.928,5546
13219,106315.070,13.245,5546
13220,106323.875, 8.803,5546
13221,106333.883,10.013,5546
13222,106344.250,10.364,5546
13223,106355.141,10.891,5546
13224,106365.555,10.416,5546
13225,106379.367,13.805,5546
13226,106388.641, 9.271,5546
13227,106399.523,10.892,5546
13228,106409.898,10.378,5546
13229,106421.453,11.547,5546
13230,106434.438,12.990,5546
13231,106442.961, 8.515,5546
13232,106453.844,10.892,5546
13233,106464.977,11.123,5546
13234,106476.141,11.170,5546
13235,106485.938, 9.803,5546
13236,106499.141,13.197,5546
13237,106507.586, 8.447,5546
13238,106517.773,10.182,5546
13239,106528.195,10.426,5546
13240,106539.203,11.011,5546
13241,106550.305,11.096,5546
13242,106562.555,12.252,5546
13243,106570.906, 8.351,5546
13244,106581.305,10.398,5546
13245,106591.320,10.010,5546
13246,106601.086, 9.770,5546
13247,106613.336,12.248,5546
13248,106622.391, 9.061,5546
13249,106632.148, 9.758,5546
13250,106641.641, 9.483,5546
13251,106651.906,10.278,5546
13252,106662.336,10.421,5546
13253,106674.438,12.105,5546
13254,106683.109, 8.672,5546
13255,106693.906,10.795,5546
13256,106703.492, 9.587,5546
13257,106714.367,10.875,5546
13258,106723.891, 9.530,5546
13259,106734.766,10.871,5546
13260,106743.859, 9.092,5546
13261,106753.570, 9.713,5546
13262,106763.336, 9.756,5546
13263,106772.719, 9.385,5546
13264,106782.430, 9.712,5546
13265,106796.492,14.070,5546
13266,106805.453, 8.954,5546
13267,106815.930,10.486,5546
13268,106826.484,10.551,5546
13269,106836.695,10.203,5546
13270,106850.656,13.964,5546
13271,106864.211,13.561,5546
13272,106876.219,12.009,5546
13273,106887.852,11.626,5546
13274,106900.055,12.202,5546
13275,106910.828,10.777,5546
13276,106925.070,14.241,5546
13277,106935.523,10.457,5546
13278,106947.578,12.054,5546
13279,106958.234,10.657,5546
13280,106970.148,11.915,5546
13281,106983.094,12.939,5546
13282,106994.477,11.383,5546
13283,107004.688,10.208,5546
13284,107014.750,10.065,5546
13285,107024.453, 9.706,5546
13286,107037.070,12.618,5546
13287,107045.352, 8.280,5546
13288,107055.203, 9.852,5546
13289,107065.672,10.469,5546
13290,107075.141, 9.468,5546
13291,107084.680, 9.537,5546
13292,107097.055,12.377,5546
13293,107105.695, 8.635,5546
13294,107116.125,10.435,5546
13295,107126.023, 9.893,5546
13296,107136.484,10.467,5546
13297,107146.719,10.232,5546
13298,107160.680,13.963,5546
13299,107168.836, 8.155,5546
13300,107178.648, 9.812,5546
13301,107187.844, 9.201,5546
13302,107198.570,10.724,5546
13303,107208.250, 9.684,5546
13304,107221.023,12.766,5546
13305,107230.648, 9.620,5546
13306,107240.258, 9.620,5546
13307,107250.828,10.569,5546
13308,107262.094,11.264,5546
13309,107274.844,12.752,5546
13310,107284.039, 9.188,5546
13311,107295.477,11.444,5546
13312,107305.227, 9.748,5546
13313,107315.070, 9.841,5546
13314,107326.469,11.400,5546
13315,107339.891,13.425,5546
13316,107348.625, 8.725,5546
13317,107359.461,10.845,5546
13318,107370.023,10.555,5546
13319,107379.813, 9.793,5546
13320,107391.477,11.662,5546
13321,107405.414,13.936,5546
13322,107415.258, 9.850,5546
13323,107425.492,10.234,5546
13324,107436.164,10.674,5546
13325,107446.727,10.555,5546
13326,107460.359,13.638,5546
13327,107469.852, 9.496,5546
13328,107481.094,11.238,5546
13329,107492.086,10.994,5546
13330,107503.102,11.016,5546
13331,107513.570,10.467,5546
13332,107526.398,12.826,5546
13333,107537.586,11.188,5546
13334,107549.328,11.741,5546
13335,107559.883,10.562,5546
13336,107571.500,11.613,5546
13337,107585.047,13.540,5546
13338,107595.688,10.643,5546
13339,107607.406,11.719,5546
13340,107617.867,10.464,5546
13341,107627.930,10.068,5546
13342,107638.734,10.801,5546
13343,107653.672,14.931,5546
13344,107664.531,10.868,5546
13345,107674.484, 9.954,5546
13346,107685.305,10.810,5546
13347,107697.180,11.879,5546
13348,107707.563,10.384,5546
13349,107719.820,12.256,5546
13350,107728.555, 8.742,5546
13351,107738.938,10.380,5546
13352,107748.438, 9.495,5546
13353,107759.117,10.683,5546
13354,107772.273,13.163,5546
13355,107781.430, 9.144,5546
13356,107791.188, 9.762,5546
13357,107801.023, 9.835,5546
13358,107811.094,10.069,5546
13359,107820.414, 9.322,5546
13360,107833.039,12.622,5546
13361,107842.031, 8.993,5546
13362,107851.297, 9.268,5546
13363,107862.219,10.928,5546
13364,107871.844, 9.620,5546
13365,107882.000,10.155,5546
13366,107894.703,12.699,5546
13367,107903.367, 8.668,5546
13368,107912.750, 9.385,5546
13369,107923.078,10.324,5546
13370,107932.930, 9.862,5546
13371,107942.930, 9.997,5546
13372,107954.852,11.917,5546
13373,107963.844, 8.997,5546
13374,107974.703,10.851,5546
13375,107984.852,10.156,5546
13376,107995.563,10.708,5546
13377,108007.094,11.527,5546
13378,108016.695, 9.600,5546
13379,108026.641, 9.946,5546
13380,108037.945,11.310,5546
13381,108049.195,11.252,5546
13382,108061.492,12.297,5546
13383,108074.031,12.533,5546
13384,108084.242,10.221,5546
13385,108094.688,10.438,5546
13386,108104.828,10.143,5546
13387,108115.922,11.093,5546
13388,108128.703,12.777,5546
13389,108138.133, 9.431,5546
13390,108148.234,10.106,5546
13391,108158.438,10.202,5546
13392,108168.891,10.456,5546
13393,108178.945,10.058,5546
13394,108192.648,13.688,5546
13395,108203.273,10.637,5546
13396,108215.195,11.917,5546
13397,108226.164,10.971,5546
13398,108237.352,11.187,5546
13399,108250.016,12.658,5546
13400,108259.789, 9.778,5546
13401,108270.305,10.514,5546
13402,108280.867,10.562,5546
13403,108292.719,11.850,5546
13404,108303.633,10.915,5546
13405,108317.000,13.368,5546
13406,108326.477, 9.480,5546
13407,108338.773,12.293,5546
13408,108350.695,11.923,5546
13409,108361.625,10.928,5546
13410,108376.188,14.570,5546
13411,108385.672, 9.479,5546
13412,108396.781,11.108,5546
13413,108407.672,10.893,5546
13414,108418.203,10.532,5546
13415,108428.125, 9.920,5546
13416,108441.547,13.426,5546
13417,108452.242,10.694,5546
13418,108464.477,12.234,5546
13419,108475.250,10.775,5546
13420,108485.359,10.104,5546
13421,108497.656,12.300,5546
13422,108507.648, 9.990,5546
13423,108517.641, 9.990,5546
13424,108527.844,10.211,5546
13425,108537.719, 9.873,5546
13426,108547.508, 9.787,5546
13427,108560.078,12.570,5546
13428,108569.594, 9.516,5546
13429,108579.484, 9.894,5546
13430,108590.039,10.553,5546
13431,108600.453,10.416,5546
13432,108611.141,10.686,5546
13433,108624.047,12.905,5546
13434,108632.898, 8.850,5546
13435,108642.789, 9.894,5546
13436,108652.742, 9.946,5546
13437,108663.500,10.760,5546
13438,108673.813,10.317,5546
13439,108687.844,14.028,5546
13440,108696.656, 8.808,5546
13441,108706.570, 9.925,5546
13442,108717.523,10.952,5546
13443,108727.555,10.027,5546
13444,108737.938,10.384,5546
13445,108750.391,12.449,5546
13446,108759.938, 9.557,5546
13447,108770.258,10.319,5546
13448,108780.938,10.675,5546
13449,108791.320,10.379,5546
13450,108801.734,10.411,5546
13451,108815.750,14.022,5546
13452,108829.164,13.415,5546
13453,108840.500,11.338,5546
13454,108854.492,13.991,5546
13455,108867.313,12.817,5546
13456,108879.875,12.565,5546
13457,108890.789,10.908,5546
13458,108902.789,12.002,5546
13459,108913.430,10.642,5546
13460,108925.156,11.731,5546
13461,108940.781,15.618,5546
13462,108951.398,10.615,5546
13463,108962.914,11.527,5546
13464,108975.188,12.270,5546
13465,108986.469,11.275,5546
13466,108998.711,12.240,5546
13467,109008.313, 9.604,5546
13468,109018.500,10.192,5546
13469,109028.406, 9.907,5546
13470,109039.633,11.223,5546
13471,109051.391,11.759,5546
13472,109064.391,12.995,5546
13473,109072.844, 8.459,5546
13474,109083.266,10.424,5546
13475,109093.555,10.291,5546
13476,109103.648,10.084,5546
13477,109114.313,10.668,5546
13478,109126.578,12.267,5546
13479,109136.258, 9.685,5546
13480,109148.078,11.811,5546
13481,109158.336,10.259,5546
13482,109168.523,10.191,5546
13483,109181.109,12.588,5546
13484,109190.594, 9.483,5546
13485,109200.992,10.396,5546
13486,109210.703, 9.710,5546
13487,109220.563, 9.860,5546
13488,109230.414, 9.853,5546
13489,109243.305,12.891,5546
13490,109254.672,11.362,5546
13491,109265.984,11.317,5546
13492,109276.828,10.842,5546
13493,109286.773, 9.951,5546
13494,109297.234,10.458,5546
13495,109310.844,13.610,5546
13496,109319.797, 8.951,5546
13497,109329.766, 9.973,5546
13498,109340.797,11.025,5546
13499,109350.992,10.192,5546
13500,109365.000,14.008,5546
13501,109374.484, 9.493,5546
13502,109384.500,10.017,5546
13503,109395.031,10.529,5546
13504,109405.648,10.609,5546
13505,109415.836,10.196,5546
13506,109428.570,12.734,5546
13507,109437.977, 9.398,5546
13508,109448.883,10.916,5546
13509,109460.375,11.483,5546
13510,109471.570,11.205,5546
13511,109482.469,10.892,5546
13512,109497.680,15.209,5546
13513,109507.195, 9.523,5546
13514,109518.516,11.317,5546
13515,109530.273,11.766,5546
13516,109540.898,10.617,5546
13517,109554.391,13.492,5546
13518,109563.844, 9.451,5546
13519,109576.258,12.418,5546
13520,109587.609,11.355,5546
13521,109599.844,12.228,5546
13522,109610.555,10.717,5546
13523,109624.625,14.060,5546
13524,109634.305, 9.682,5546
13525,109646.250,11.951,5546
13526,109656.680,10.429,5546
13527,109667.883,11.203,5546
13528,109679.063,11.174,5546
13529,109695.391,16.334,5546
13530,109704.852, 9.464,5546
13531,109717.570,12.716,5546
13532,109729.352,11.775,5546
13533,109740.047,10.698,5546
13534,109753.578,13.536,5546
13535,109762.914, 9.332,5546
13536,109774.781,11.871,5546
13537,109786.438,11.656,5546
13538,109796.117, 9.673,5546
13539,109806.859,10.747,5546
13540,109819.344,12.478,5546
13541,109828.336, 8.998,5546
13542,109838.328, 9.985,5546
13543,109848.438,10.116,5546
13544,109858.320, 9.882,5546
13545,109868.133, 9.812,5546
13546,109881.336,13.199,5546
13547,109890.406, 9.072,5546
13548,109900.688,10.285,5546
13549,109911.344,10.652,5546
13550,109921.359,10.018,5546
13551,109935.172,13.813,5546
13552,109944.508, 9.338,5546
13553,109954.125, 9.616,5546
13554,109964.297,10.170,5546
13555,109974.039, 9.742,5546
13556,109983.914, 9.884,5546
13557,109996.023,12.100,5546
13558,110005.977, 9.951,5546
13559,110016.297,10.324,5546
13560,110026.461,10.167,5546
13561,110037.000,10.533,5546
13562,110048.742,11.748,5546
13563,110063.555,14.812,5546
13564,110072.250, 8.700,5546
13565,110082.563,10.310,5546
13566,110093.250,10.688,5546
13567,110104.703,11.450,5546
13568,110116.320,11.611,5546
13569,110129.141,12.831,5546
13570,110138.180, 9.032,5546
13571,110148.469,10.293,5546
13572,110158.516,10.044,5546
13573,110168.406, 9.891,5546
13574,110178.625,10.218,5546
13575,110191.375,12.751,5546
13576,110201.688,10.313,5546
13577,110213.258,11.574,5546
13578,110224.688,11.426,5546
13579,110236.258,11.573,5546
13580,110250.750,14.486,5546
13581,110260.484, 9.735,5546
13582,110271.492,11.011,5546
13583,110282.875,11.388,5546
13584,110293.477,10.598,5546
13585,110305.133,11.654,5546
13586,110318.797,13.666,5546
13587,110329.852,11.057,5546
13588,110341.648,11.789,5546
13589,110354.109,12.464,5546
13590,110364.695,10.586,5546
13591,110378.359,13.662,5546
13592,110387.820, 9.464,5546
13593,110397.898,10.083,5546
13594,110407.438, 9.535,5546
13595,110417.508,10.070,5546
13596,110428.828,11.323,5546
13597,110443.102,14.271,5546
13598,110453.703,10.595,5546
13599,110464.070,10.374,5546
13600,110474.172,10.105,5546
13601,110484.563,10.386,5546
13602,110494.883,10.319,5546
13603,110507.406,12.527,5546
13604,110517.563,10.154,5546
13605,110529.914,12.356,5546
13606,110539.648, 9.724,5546
13607,110549.867,10.225,5546
13608,110563.383,13.515,5546
13609,110572.094, 8.710,5546
13610,110583.484,11.392,5546
13611,110593.656,10.165,5546
13612,110603.602, 9.956,5546
13613,110614.938,11.335,5546
13614,110627.305,12.364,5546
13615,110637.398,10.095,5546
13616,110647.469,10.071,5546
13617,110657.078, 9.605,5546
13618,110668.039,10.961,5546
13619,110678.633,10.592,5546
13620,110691.938,13.314,5546
13621,110700.688, 8.744,5546
13622,110711.320,10.632,5546
13623,110721.227, 9.910,5546
13624,110731.133, 9.902,5546
13625,110743.148,12.016,5546
13626,110755.375,12.230,5546
13627,110764.891, 9.516,5546
13628,110775.352,10.461,5546
13629,110785.625,10.271,5546
13630,110796.063,10.439,5546
13631,110808.430,12.365,5546
13632,110817.805, 9.375,5546
13633,110828.445,10.645,5546
13634,110839.711,11.264,5546
13635,110854.102,14.390,5546
13636,110865.453,11.348,5546
13637,110879.133,13.683,5546
13638,110890.016,10.883,5546
13639,110901.289,11.270,5546
13640,110912.227,10.946,5546
13641,110923.930,11.699,5546
13642,110935.930,12.004,5546
13643,110951.141,15.208,5546
13644,110962.391,11.243,5546
13645,110973.859,11.477,5546
13646,110984.688,10.822,5546
13647,110994.719,10.031,5546
13648,111007.656,12.935,5546
13649,111017.375, 9.721,5546
13650,111027.438,10.068,5546
13651,111037.742,10.302,5546
13652,111047.992,10.247,5546
13653,111059.078,11.090,5546
13654,111072.609,13.536,5546
13655,111081.609, 8.999,5546
13656,111092.250,10.639,5546
13657,111102.063, 9.809,5546
13658,111111.969, 9.905,5546
13659,111121.672, 9.702,5546
13660,111134.883,13.217,5546
13661,111144.031, 9.146,5546
13662,111153.906, 9.880,5546
13663,111164.359,10.447,5546
13664,111174.922,10.565,5546
13665,111184.953,10.022,5546
13666,111197.672,12.726,5546
13667,111206.992, 9.315,5546
13668,111217.719,10.727,5546
13669,111227.922,10.213,5546
13670,111239.961,12.027,5546
13671,111251.867,11.912,5546
13672,111265.313,13.443,5546
13673,111275.313, 9.997,5546
13674,111285.984,10.673,5546
13675,111296.602,10.629,5546
13676,111307.711,11.101,5546
13677,111319.961,12.247,5546
13678,111332.453,12.493,5546
13679,111341.953, 9.498,5546
13680,111353.398,11.452,5546
13681,111364.563,11.165,5546
13682,111375.008,10.443,5546
13683,111389.898,14.897,5546
13684,111401.016,11.107,5546
13685,111413.398,12.388,5546
13686,111425.469,12.072,5546
13687,111436.695,11.219,5546
13688,111449.172,12.479,5546
13689,111463.891,14.722,5546
13690,111473.531, 9.644,5546
13691,111484.766,11.233,5546
13692,111497.203,12.440,5546
13693,111508.648,11.439,5546
13694,111523.547,14.904,5546
13695,111535.680,12.123,5546
13696,111546.977,11.297,5546
13697,111558.273,11.310,5546
13698,111569.508,11.232,5546
13699,111582.031,12.518,5546
13700,111595.797,13.764,5546
13701,111606.359,10.564,5546
13702,111616.891,10.532,5546
13703,111628.039,11.146,5546
13704,111641.148,13.115,5546
13705,111653.906,12.756,5546
13706,111663.625, 9.713,5546
13707,111674.219,10.599,5546
13708,111684.586,10.367,5546
13709,111696.188,11.605,5546
13710,111708.297,12.098,5546
13711,111722.313,14.017,5546
13712,111732.516,10.212,5546
13713,111745.133,12.616,5546
13714,111756.508,11.377,5546
13715,111768.148,11.635,5546
13716,111781.422,13.276,5546
13717,111791.320, 9.893,5546
13718,111802.148,10.829,5546
13719,111814.594,12.448,5546
13720,111825.859,11.267,5546
13721,111837.008,11.146,5546
13722,111850.500,13.498,5546
13723,111860.727,10.217,5546
13724,111871.414,10.693,5546
13725,111882.867,11.453,5546
13726,111894.484,11.614,5546
13727,111908.336,13.852,5546
13728,111927.563,19.229,5546
13729,111940.906,13.347,5546
13730,111954.047,13.137,5546
13731,111965.789,11.743,5546
13732,111981.516,15.730,5546
13733,111992.133,10.616,5546
13734,112004.000,11.864,5546
13735,112016.117,12.119,5546
13736,112030.906,14.793,5546
13737,112048.930,18.021,5546
13738,112061.234,12.307,5546
13739,112072.664,11.422,5546
13740,112083.781,11.124,5546
13741,112095.633,11.842,5546
13742,112109.469,13.842,5546
13743,112124.539,15.073,5546
13744,112137.148,12.608,5546
13745,112148.578,11.434,5546
13746,112160.344,11.758,5546
13747,112172.180,11.840,5546
13748,112186.844,14.664,5546
13749,112197.516,10.672,5546
13750,112210.359,12.843,5546
13751,112224.211,13.848,5546
13752,112236.531,12.323,5546
13753,112251.617,15.084,5546
13754,112261.766,10.153,5546
13755,112273.914,12.150,5546
13756,112285.703,11.784,5546
13757,112296.711,11.009,5546
13758,112308.219,11.508,5546
13759,112322.078,13.856,5546
13760,112333.234,11.163,5546
13761,112346.727,13.488,5546
13762,112358.813,12.085,5546
13763,112369.375,10.560,5546
13764,112382.805,13.429,5546
13765,112392.328, 9.525,5546
13766,112402.805,10.480,5546
13767,112413.414,10.610,5546
13768,112423.992,10.575,5546
13769,112435.047,11.055,5546
13770,112451.094,16.049,5546
13771,112461.266,10.177,5546
13772,112472.289,11.014,5546
13773,112483.961,11.670,5546
13774,112495.266,11.317,5546
13775,112506.023,10.751,5546
13776,112520.070,14.048,5546
13777,112530.031, 9.959,5546
13778,112541.555,11.525,5546
13779,112552.477,10.920,5546
13780,112564.500,12.023,5546
13781,112578.039,13.537,5546
13782,112588.109,10.071,5546
13783,112598.797,10.691,5546
13784,112609.680,10.877,5546
13785,112620.680,11.000,5546
13786,112632.070,11.391,5546
13787,112645.781,13.719,5546
13788,112655.352, 9.566,5546
13789,112666.727,11.378,5546
13790,112677.813,11.084,5546
13791,112688.805,10.988,5546
13792,112699.398,10.595,5546
13793,112713.297,13.900,5546
13794,112722.617, 9.315,5546
13795,112733.453,10.845,5546
13796,112744.125,10.667,5546
13797,112755.227,11.104,5546
13798,112770.297,15.065,5546
13799,112781.219,10.929,5546
13800,112792.508,11.288,5546
13801,112804.031,11.523,5546
13802,112815.453,11.422,5546
13803,112828.758,13.307,5546
13804,112846.164,17.403,5546
13805,112857.125,10.965,5546
13806,112869.234,12.108,5546
13807,112882.102,12.867,5546
13808,112894.336,12.231,5546
13809,112909.656,15.319,5546
13810,112920.805,11.149,5546
13811,112933.305,12.496,5546
13812,112947.016,13.716,5546
13813,112959.438,12.421,5546
13814,112971.648,12.209,5546
13815,112987.828,16.185,5546
13816,112998.734,10.901,5546
13817,113010.320,11.586,5546
13818,113021.500,11.186,5546
13819,113033.164,11.660,5546
13820,113046.875,13.713,5546
13821,113057.023,10.144,5546
13822,113068.258,11.245,5546
13823,113079.445,11.177,5546
13824,113091.617,12.169,5546
13825,113102.688,11.075,5546
13826,113117.969,15.279,5546
13827,113127.758, 9.792,5546
13828,113138.484,10.729,5546
13829,113149.406,10.922,5546
13830,113160.531,11.125,5546
13831,113174.039,13.504,5546
13832,113183.750, 9.715,5546
13833,113195.617,11.861,5546
13834,113207.063,11.446,5546
13835,113219.039,11.980,5546
13836,113231.516,12.478,5546
13837,113246.055,14.537,5546
13838,113256.594,10.541,5546
13839,113268.211,11.615,5546
13840,113280.258,12.047,5546
13841,113292.750,12.492,5546
13842,113306.813,14.061,5546
13843,113317.570,10.761,5546
13844,113329.234,11.669,5546
13845,113340.484,11.247,5546
13846,113351.891,11.405,5546
13847,113363.844,11.949,5546
13848,113377.688,13.844,5546
13849,113387.398, 9.710,5546
13850,113399.586,12.191,5546
13851,113412.133,12.545,5546
13852,113424.508,12.381,5546
13853,113435.984,11.467,5546
13854,113450.438,14.460,5546
13855,113460.938,10.500,5546
13856,113472.680,11.741,5546
13857,113484.859,12.184,5546
13858,113497.102,12.237,5546
13859,113512.648,15.543,5546
13860,113524.148,11.503,5546
13861,113535.656,11.510,5546
13862,113548.133,12.479,5546
13863,113559.898,11.767,5546
13864,113574.930,15.034,5546
13865,113587.258,12.326,5546
13866,113599.180,11.915,5546
13867,113610.469,11.294,5546
13868,113623.742,13.268,5546
13869,113636.961,13.217,5546
13870,113651.711,14.749,5546
13871,113663.125,11.418,5546
13872,113674.070,10.947,5546
13873,113686.227,12.160,5546
13874,113697.250,11.018,5546
13875,113708.883,11.639,5546
13876,113724.156,15.267,5546
13877,113735.820,11.666,5546
13878,113748.453,12.628,5546
13879,113761.422,12.972,5546
13880,113772.711,11.291,5546
13881,113786.992,14.277,5546
13882,113796.391, 9.400,5546
13883,113807.359,10.971,5546
13884,113818.305,10.940,5546
13885,113830.438,12.136,5546
13886,113842.703,12.264,5546
13887,113856.398,13.698,5546
13888,113867.211,10.816,5546
13889,113878.578,11.369,5546
13890,113889.625,11.038,5546
13891,113900.852,11.232,5546
13892,113915.023,14.170,5546
13893,113925.086,10.064,5546
13894,113937.125,12.039,5546
13895,113949.945,12.815,5546
13896,113961.664,11.722,5546
13897,113973.797,12.134,5546
13898,113988.148,14.354,5546
13899,113999.078,10.930,5546
13900,114010.789,11.712,5546
13901,114024.492,13.699,5546
13902,114038.586,14.100,5546
13903,114055.188,16.598,5546
13904,114066.172,10.984,5546
13905,114077.727,11.548,5546
13906,114089.539,11.823,5546
13907,114100.781,11.235,5546
13908,114112.164,11.388,5546
13909,114128.078,15.909,5546
13910,114137.422, 9.344,5546
13911,114148.625,11.202,5546
13912,114160.742,12.119,5546
13913,114172.289,11.543,5546
13914,114184.219,11.936,5546
13915,114199.602,15.384,5546
13916,114209.367, 9.762,5546
13917,114222.313,12.946,5546
13918,114234.375,12.063,5546
13919,114246.102,11.724,5546
13920,114262.883,16.783,5546
13921,114273.586,10.706,5546
13922,114285.953,12.357,5546
13923,114298.102,12.156,5546
13924,114309.695,11.589,5546
13925,114321.703,12.008,5546
13926,114336.750,15.052,5546
13927,114349.023,12.267,5546
13928,114360.750,11.733,5546
13929,114372.563,11.812,5546
13930,114384.164,11.601,5546
13931,114398.180,14.020,5546
13932,114408.320,10.132,5546
13933,114419.398,11.079,5546
13934,114432.023,12.630,5546
13935,114444.117,12.093,5546
13936,114458.898,14.785,5546
13937,114469.102,10.196,5546
13938,114481.359,12.257,5546
13939,114492.953,11.593,5546
13940,114503.828,10.880,5546
13941,114515.547,11.717,5546
13942,114529.961,14.415,5546
13943,114540.430,10.471,5546
13944,114551.883,11.452,5546
13945,114563.117,11.236,5546
13946,114575.297,12.172,5546
13947,114587.477,12.188,5546
13948,114601.430,13.949,5546
13949,114611.570,10.148,5546
13950,114622.555,10.979,5546
13951,114634.133,11.580,5546
13952,114645.211,11.080,5546
13953,114656.000,10.778,5546
13954,114670.961,14.964,5546
13955,114680.695, 9.736,5546
13956,114692.617,11.917,5546
13957,114704.180,11.570,5546
13958,114715.547,11.366,5546
13959,114729.500,13.951,5546
13960,114739.375, 9.875,5546
13961,114750.500,11.125,5546
13962,114762.297,11.796,5546
13963,114775.117,12.824,5546
13964,114786.953,11.828,5546
13965,114802.625,15.677,5546
13966,114812.680,10.053,5546
13967,114825.398,12.718,5546
13968,114839.492,14.101,5546
13969,114852.594,13.106,5546
13970,114867.586,14.991,5546
13971,114879.766,12.171,5546
13972,114891.789,12.027,5546
13973,114905.414,13.621,5546
13974,114918.891,13.485,5546
13975,114931.023,12.127,5546
13976,114945.711,14.688,5546
13977,114957.711,11.997,5546
13978,114970.492,12.782,5546
13979,114983.148,12.659,5546
13980,114995.086,11.934,5546
13981,115009.539,14.457,5546
13982,115019.953,10.407,5546
13983,115030.930,10.989,5546
13984,115042.086,11.146,5546
13985,115053.414,11.331,5546
13986,115065.039,11.624,5546
13987,115078.719,13.679,5546
13988,115088.719,10.001,5546
13989,115100.094,11.375,5546
13990,115112.625,12.530,5546
13991,115124.883,12.262,5546
13992,115137.039,12.154,5546
13993,115152.055,15.014,5546
13994,115162.117,10.065,5546
13995,115174.313,12.189,5546
13996,115186.203,11.897,5546
13997,115199.203,13.001,5546
13998,115214.680,15.475,5546
13999,115229.586,14.912,5546
14000,115243.508,13.915,5546
14001,115255.766,12.258,5546
14002,115267.414,11.647,5546
14003,115279.133,11.724,5546
14004,115293.398,14.261,5546
14005,115303.844,10.450,5546
14006,115316.180,12.338,5546
14007,115328.594,12.414,5546
14008,115340.875,12.280,5546
14009,115352.469,11.593,5546
14010,115366.867,14.398,5546
14011,115378.297,11.421,5546
14012,115388.820,10.533,5546
14013,115401.203,12.380,5546
14014,115413.109,11.906,5546
14015,115427.430,14.317,5546
14016,115438.844,11.419,5546
14017,115451.063,12.220,5546
14018,115463.648,12.579,5546
14019,115476.500,12.854,5546
14020,115489.391,12.890,5546
14021,115504.672,15.281,5546
14022,115516.078,11.410,5546
14023,115528.242,12.164,5546
14024,115541.875,13.637,5546
14025,115553.750,11.870,5546
14026,115565.969,12.216,5546
14027,115582.117,16.153,5546
14028,115593.695,11.575,5546
14029,115606.359,12.661,5546
14030,115618.891,12.539,5546
14031,115632.742,13.850,5546
14032,115652.859,20.116,5546
14033,115663.188,10.325,5546
14034,115674.672,11.485,5546
14035,115687.156,12.483,5546
14036,115698.633,11.472,5546
14037,115710.047,11.419,5546
14038,115725.227,15.182,5546
14039,115736.000,10.772,5546
14040,115747.836,11.842,5546
14041,115760.398,12.560,5546
14042,115773.047,12.647,5546
14043,115788.867,15.818,5546
14044,115799.320,10.453,5546
14045,115811.227,11.912,5546
14046,115822.586,11.356,5546
14047,115833.688,11.102,5546
14048,115845.289,11.596,5546
14049,115859.297,14.012,5546
14050,115871.180,11.882,5546
14051,115883.375,12.194,5546
14052,115895.383,12.010,5546
14053,115908.281,12.892,5546
14054,115920.117,11.840,5546
14055,115935.102,14.986,5546
14056,115947.453,12.352,5546
14057,115959.672,12.220,5546
14058,115974.211,14.541,5546
14059,115985.438,11.223,5546
14060,115999.820,14.387,5546
14061,116010.578,10.755,5546
14062,116023.547,12.968,5546
14063,116037.031,13.482,5546
14064,116050.695,13.667,5546
14065,116066.945,16.246,5546
14066,116078.063,11.121,5546
14067,116089.992,11.928,5546
14068,116102.992,12.998,5546
14069,116115.719,12.725,5546
14070,116127.461,11.749,5546
14071,116142.641,15.174,5546
14072,116154.227,11.594,5546
14073,116166.695,12.460,5546
14074,116179.586,12.896,5546
14075,116192.094,12.507,5546
14076,116207.813,15.722,5546
14077,116219.313,11.497,5546
14078,116231.836,12.528,5546
14079,116245.594,13.756,5546
14080,116258.641,13.038,5546
14081,116272.258,13.630,5546
14082,116287.531,15.266,5546
14083,116299.492,11.963,5546
14084,116312.664,13.168,5546
14085,116325.078,12.413,5546
14086,116337.563,12.488,5546
14087,116355.656,18.095,5546
14088,116367.117,11.460,5546
14089,116381.352,14.233,5546
14090,116394.930,13.581,5546
14091,116408.031,13.099,5546
14092,116423.820,15.792,5546
14093,116439.656,15.831,5546
14094,116453.102,13.449,5546
14095,116466.000,12.896,5546
14096,116478.406,12.406,5546
14097,116493.211,14.811,5546
14098,116504.344,11.125,5546
14099,116516.680,12.341,5546
14100,116528.516,11.835,5546
14101,116540.344,11.826,5546
14102,116552.563,12.223,5546
14103,116567.680,15.113,5546
14104,116578.320,10.638,5546
14105,116590.594,12.281,5546
14106,116602.852,12.252,5546
14107,116615.883,13.038,5546
14108,116628.086,12.197,5546
14109,116642.430,14.345,5546
14110,116653.438,11.011,5546
14111,116665.500,12.062,5546
14112,116677.750,12.249,5546
14113,116689.352,11.594,5546
14114,116701.539,12.195,5546
14115,116716.664,15.120,5546
14116,116727.695,11.030,5546
14117,116739.891,12.201,5546
14118,116751.477,11.583,5546
14119,116763.156,11.687,5546
14120,116779.031,15.864,5546
14121,116789.805,10.779,5546
14122,116801.766,11.961,5546
14123,116814.922,13.159,5546
14124,116829.117,14.191,5546
14125,116844.141,15.024,5546
14126,116857.633,13.489,5546
14127,116869.234,11.610,5546
14128,116881.781,12.541,5546
14129,116894.031,12.247,5546
14130,116906.391,12.359,5546
14131,116921.531,15.148,5546
14132,116932.742,11.209,5546
14133,116944.836,12.096,5546
14134,116956.898,12.063,5546
14135,116971.641,14.738,5546
14136,116984.344,12.701,5546
14137,117002.656,18.316,5546
14138,117016.570,13.916,5546
14139,117029.398,12.827,5546
14140,117042.531,13.133,5546
14141,117055.336,12.801,5546
14142,117071.055,15.717,5546
14143,117082.625,11.569,5546
14144,117095.656,13.036,5546
14145,117108.258,12.608,5546
14146,117122.094,13.831,5546
14147,117137.578,15.487,5546
14148,117151.797,14.216,5546
14149,117163.422,11.625,5546
14150,117175.055,11.628,5546
14151,117186.695,11.640,5546
14152,117198.180,11.495,5546
14153,117213.102,14.917,5546
14154,117223.578,10.478,5546
14155,117236.867,13.288,5546
14156,117251.531,14.667,5546
14157,117263.953,12.411,5546
14158,117281.063,17.112,5546
14159,117293.414,12.351,5546
14160,117305.656,12.241,5546
14161,117318.844,13.194,5546
14162,117332.375,13.528,5546
14163,117346.398,14.023,5546
14164,117364.211,17.822,5546
14165,117376.078,11.859,5546
14166,117387.883,11.809,5546
14167,117400.109,12.225,5546
14168,117412.227,12.116,5546
14169,117424.531,12.306,5546
14170,117440.086,15.557,5546
14171,117451.172,11.080,5546
14172,117464.039,12.869,5546
14173,117476.180,12.144,5546
14174,117488.563,12.382,5546
14175,117500.930,12.365,5546
14176,117516.594,15.670,5546
14177,117527.656,11.050,5546
14178,117539.555,11.905,5546
14179,117552.891,13.337,5546
14180,117566.008,13.110,5546
14181,117582.438,16.439,5546
14182,117594.039,11.596,5546
14183,117606.789,12.757,5546
14184,117619.648,12.854,5546
14185,117633.156,13.506,5546
14186,117650.945,17.788,5546
14187,117663.172,12.232,5546
14188,117676.875,13.702,5546
14189,117691.711,14.831,5546
14190,117705.430,13.721,5546
14191,117718.820,13.391,5546
14192,117735.336,16.512,5546
14193,117747.688,12.356,5546
14194,117761.258,13.574,5546
14195,117774.492,13.232,5546
14196,117787.289,12.793,5546
14197,117804.453,17.171,5546
14198,117816.102,11.645,5546
14199,117828.281,12.175,5546
14200,117840.852,12.581,5546
14201,117852.906,12.054,5546
14202,117865.133,12.225,5546
14203,117879.680,14.538,5546
14204,117891.539,11.864,5546
14205,117903.359,11.817,5546
14206,117915.914,12.560,5546
14207,117928.859,12.944,5546
14208,117944.180,15.318,5546
14209,117956.234,12.059,5546
14210,117967.945,11.706,5546
14211,117980.242,12.299,5546
14212,117991.852,11.612,5546
14213,118004.367,12.513,5546
14214,118019.609,15.241,5546
14215,118031.656,12.042,5546
14216,118045.672,14.016,5546
14217,118058.539,12.876,5546
14218,118071.688,13.140,5546
14219,118083.742,12.063,5546
14220,118099.148,15.406,5546
14221,118111.367,12.219,5546
14222,118124.086,12.717,5546
14223,118136.906,12.822,5546
14224,118150.313,13.403,5546
14225,118165.672,15.359,5546
14226,118176.969,11.294,5546
14227,118188.945,11.977,5546
14228,118202.500,13.560,5546
14229,118216.555,14.055,5546
14230,118229.914,13.363,5546
14231,118245.953,16.029,5546
14232,118257.703,11.751,5546
14233,118271.164,13.467,5546
14234,118284.016,12.849,5546
14235,118297.070,13.053,5546
14236,118312.969,15.897,5546
14237,118326.320,13.354,5546
14238,118339.320,12.995,5546
14239,118352.766,13.449,5546
14240,118365.945,13.174,5546
14241,118379.453,13.515,5546
14242,118396.695,17.239,5546
14243,118408.906,12.215,5546
14244,118422.688,13.778,5546
14245,118439.148,16.468,5546
14246,118452.555,13.406,5546
14247,118468.664,16.099,5546
14248,118479.344,10.685,5546
14249,118491.641,12.298,5546
14250,118503.875,12.240,5546
14251,118517.102,13.220,5546
14252,118534.523,17.426,5546
14253,118546.438,11.915,5546
14254,118558.688,12.246,5546
14255,118571.555,12.874,5546
14256,118584.797,13.236,5546
14257,118596.828,12.029,5546
14258,118613.117,16.293,5546
14259,118624.211,11.094,5546
14260,118636.648,12.436,5546
14261,118650.492,13.841,5546
14262,118662.766,12.272,5546
14263,118675.633,12.867,5546
14264,118691.781,16.148,5546
14265,118702.281,10.504,5546
14266,118714.055,11.773,5546
14267,118727.969,13.911,5546
14268,118740.578,12.619,5546
14269,118757.227,16.647,5546
14270,118768.969,11.735,5546
14271,118781.500,12.533,5546
14272,118793.719,12.215,5546
14273,118805.961,12.245,5546
14274,118818.813,12.853,5546
14275,118836.547,17.735,5546
14276,118850.469,13.920,5546
14277,118863.727,13.259,5546
14278,118876.516,12.793,5546
14279,118888.961,12.435,5546
14280,118904.969,16.010,5546
14281,118916.328,11.357,5546
14282,120604.539,1688.220,5546
14283,120658.375,53.831,5546
14284,120671.805,13.432,5546
14285,120683.664,11.856,5546
14286,120698.938,15.273,5546
14287,120713.641,14.704,5546
14288,120729.031,15.389,5546
14289,120744.805,15.777,5546
14290,120759.031,14.224,5546
14291,120772.844,13.816,5546
14292,120785.828,12.982,5546
14293,120802.953,17.121,5546
14294,120816.422,13.472,5546
14295,120832.219,15.805,5546
14296,120849.047,16.822,5546
14297,120863.602,14.555,5546
14298,120882.711,19.105,5546
14299,120897.086,14.379,5546
14300,120910.391,13.308,5546
14301,120922.797,12.404,5546
14302,120938.914,16.124,5546
14303,120950.563,11.649,5546
14304,120963.055,12.487,5546
14305,120975.359,12.301,5546
14306,120987.477,12.119,5546
14307,121001.180,13.702,5546
14308,121016.445,15.267,5546
14309,121027.570,11.129,5546
14310,121039.875,12.303,5546
14311,121051.742,11.861,5546
14312,121064.570,12.832,5546
14313,121077.086,12.518,5546
14314,121093.445,16.353,5546
14315,121106.438,12.999,5546
14316,121120.008,13.562,5546
14317,121134.039,14.036,5546
14318,121147.648,13.608,5546
14319,121166.484,18.835,5546
14320,121177.211,10.735,5546
14321,121190.227,13.012,5546
14322,121202.273,12.042,5546
14323,121215.016,12.740,5546
14324,121230.375,15.363,5546
14325,121242.898,12.527,5546
14326,121255.523,12.622,5546
14327,121268.242,12.727,5546
14328,121281.305,13.055,5546
14329,121294.211,12.906,5546
14330,121310.570,16.361,5546
14331,121322.492,11.924,5546
14332,121335.672,13.176,5546
14333,121348.586,12.917,5546
14334,121361.945,13.355,5546
14335,121379.422,17.477,5546
14336,121393.305,13.880,5546
14337,121407.773,14.470,5546
14338,121422.563,14.791,5546
14339,121437.219,14.664,5546
14340,121451.063,13.833,5546
14341,121467.508,16.447,5546
14342,121478.391,10.887,5546
14343,121495.242,16.854,5546
14344,121509.016,13.768,5546
14345,121522.313,13.291,5546
14346,121538.992,16.686,5546
14347,121550.563,11.571,5546
14348,121564.063,13.499,5546
14349,121578.352,14.285,5546
14350,121592.133,13.790,5546
14351,121606.953,14.812,5546
14352,121623.734,16.783,5546
14353,121635.695,11.964,5546
14354,121648.188,12.494,5546
14355,121660.461,12.271,5546
14356,121674.242,13.782,5546
14357,121690.313,16.064,5546
14358,121700.828,10.524,5546
14359,121713.203,12.377,5546
14360,121725.789,12.584,5546
14361,121738.336,12.542,5546
14362,121751.063,12.728,5546
14363,121765.766,14.703,5546
14364,121777.352,11.587,5546
14365,121789.680,12.323,5546
14366,121801.945,12.264,5546
14367,121814.891,12.952,5546
14368,121830.555,15.664,5546
14369,121843.102,12.550,5546
14370,121855.547,12.445,5546
14371,121868.852,13.304,5546
14372,121882.172,13.321,5546
14373,121896.742,14.566,5546
14374,121913.961,17.221,5546
14375,121925.797,11.836,5546
14376,121940.195,14.402,5546
14377,121954.906,14.712,5546
14378,121967.117,12.209,5546
14379,121982.875,15.758,5546
14380,121995.680,12.797,5546
14381,122008.109,12.433,5546
14382,122021.539,13.434,5546
14383,122034.898,13.361,5546
14384,122049.711,14.807,5546
14385,122066.461,16.751,5546
14386,122079.711,13.247,5546
14387,122092.945,13.230,5546
14388,122106.109,13.171,5546
14389,122119.555,13.444,5546
14390,122136.523,16.975,5546
14391,122148.711,12.185,5546
14392,122162.273,13.554,5546
14393,122175.438,13.167,5546
14394,122188.664,13.223,5546
14395,122202.945,14.286,5546
14396,122218.836,15.890,5546
14397,122231.078,12.243,5546
14398,122246.391,15.313,5546
14399,122260.172,13.787,5546
14400,122272.789,12.611,5546
14401,122288.516,15.728,5546
14402,122300.773,12.256,5546
14403,122314.125,13.355,5546
14404,122326.789,12.660,5546
14405,122339.250,12.466,5546
14406,122356.094,16.838,5546
14407,122367.516,11.427,5546
14408,122379.797,12.279,5546
14409,122392.195,12.397,5546
14410,122405.305,13.111,5546
14411,122418.219,12.915,5546
14412,122433.086,14.863,5546
14413,122444.383,11.297,5546
14414,122457.070,12.692,5546
14415,122470.031,12.960,5546
14416,122482.656,12.621,5546
14417,122495.047,12.396,5546
14418,122511.547,16.502,5546
14419,122521.914,10.368,5546
14420,122533.727,11.808,5546
14421,122546.773,13.050,5546
14422,122559.328,12.546,5546
14423,122573.898,14.582,5546
14424,122585.570,11.670,5546
14425,122597.398,11.819,5546
14426,122609.430,12.036,5546
14427,122622.117,12.691,5546
14428,122634.211,12.096,5546
14429,122649.703,15.488,5546
14430,122661.180,11.478,5546
14431,122675.625,14.442,5546
14432,122694.133,18.512,5546
14433,122709.023,14.884,5546
14434,122725.492,16.475,5546
14435,122739.242,13.748,5546
14436,122752.773,13.533,5546
14437,122766.664,13.884,5546
14438,122781.211,14.555,5546
14439,122797.633,16.416,5546
14440,122810.016,12.380,5546
14441,122823.164,13.154,5546
14442,122836.906,13.743,5546
14443,122851.633,14.719,5546
14444,122866.008,14.378,5546
14445,122877.695,11.686,5546
14446,122890.383,12.692,5546
14447,122902.695,12.310,5546
14448,122914.695,12.000,5546
14449,122927.063,12.364,5546
14450,122942.453,15.393,5546
14451,122953.539,11.089,5546
14452,122965.539,11.998,5546
14453,122977.805,12.265,5546
14454,122990.539,12.738,5546
14455,123003.078,12.539,5546
14456,123018.438,15.358,5546
14457,123028.883,10.445,5546
14458,123041.172,12.294,5546
14459,123053.773,12.595,5546
14460,123066.023,12.248,5546
14461,123078.008,11.983,5546
14462,123095.141,17.138,5546
14463,123107.977,12.835,5546
14464,123121.711,13.731,5546
14465,123134.023,12.315,5546
14466,123147.047,13.020,5546
14467,123162.078,15.033,5546
14468,123173.359,11.281,5546
14469,123186.281,12.920,5546
14470,123198.859,12.585,5546
14471,123211.875,13.017,5546
14472,123223.969,12.090,5546
14473,123238.250,14.287,5546
14474,123250.344,12.090,5546
14475,123264.344,13.997,5546
14476,123277.055,12.710,5546
14477,123289.305,12.254,5546
14478,123302.328,13.018,5546
14479,123319.102,16.777,5546
14480,123331.109,12.010,5546
14481,123343.695,12.585,5546
14482,123357.688,13.989,5546
14483,123370.422,12.739,5546
14484,123385.906,15.482,5546
14485,123397.656,11.749,5546
14486,123410.914,13.267,5546
14487,123424.422,13.502,5546
14488,123437.477,13.052,5546
14489,123450.508,13.034,5546
14490,123466.969,16.452,5546
14491,123479.211,12.251,5546
14492,123493.313,14.098,5546
14493,123507.305,13.989,5546
14494,123520.219,12.925,5546
14495,123536.688,16.463,5546
14496,123547.656,10.970,5546
14497,123559.766,12.110,5546
14498,123571.953,12.185,5546
14499,123585.766,13.815,5546
14500,123598.484,12.718,5546
14501,123613.867,15.387,5546
14502,123625.523,11.649,5546
14503,123640.297,14.771,5546
14504,123653.086,12.793,5546
14505,123665.633,12.545,5546
14506,123678.195,12.568,5546
14507,123695.492,17.292,5546
14508,123706.320,10.825,5546
14509,123719.078,12.762,5546
14510,123732.664,13.583,5546
14511,123746.734,14.076,5546
14512,123761.281,14.538,5546
14513,123772.617,11.338,5546
14514,123785.047,12.436,5546
14515,123797.773,12.727,5546
14516,123810.047,12.270,5546
14517,123823.102,13.058,5546
14518,123838.703,15.600,5546
14519,123849.859,11.157,5546
14520,123863.945,14.077,5546
14521,123876.055,12.117,5546
14522,123888.758,12.706,5546
14523,123903.516,14.760,5546
14524,123919.156,15.635,5546
14525,123930.547,11.396,5546
14526,123942.844,12.292,5546
14527,123956.438,13.592,5546
14528,123968.633,12.194,5546
14529,123981.523,12.896,5546
14530,123996.969,15.436,5546
14531,124008.023,11.057,5546
14532,124020.789,12.772,5546
14533,124032.945,12.148,5546
14534,124045.203,12.270,5546
14535,124058.648,13.438,5546
14536,124074.984,16.332,5546
14537,124086.953,11.973,5546
14538,124099.992,13.038,5546
14539,124113.383,13.393,5546
14540,124127.594,14.211,5546
14541,124140.969,13.373,5546
14542,124156.953,15.984,5546
14543,124169.828,12.882,5546
14544,124183.336,13.503,5546
14545,124196.672,13.334,5546
14546,124209.742,13.070,5546
14547,124226.078,16.335,5546
14548,124238.367,12.289,5546
14549,124251.758,13.393,5546
14550,124263.523,11.767,5546
14551,124276.859,13.335,5546
14552,124289.172,12.312,5546
14553,124303.930,14.757,5546
14554,124318.945,15.015,5546
14555,124330.656,11.711,5546
14556,124342.680,12.028,5546
14557,124355.531,12.852,5546
14558,124368.047,12.515,5546
14559,124381.633,13.578,5546
14560,124398.055,16.428,5546
14561,124408.836,10.781,5546
14562,124421.414,12.580,5546
14563,124433.859,12.448,5546
14564,124445.797,11.938,5546
14565,124458.211,12.408,5546
14566,124472.539,14.331,5546
14567,124483.930,11.384,5546
14568,124496.414,12.488,5546
14569,124509.117,12.708,5546
14570,124521.422,12.303,5546
14571,124534.344,12.919,5546
14572,124550.102,15.759,5546
14573,124560.469,10.372,5546
14574,124572.688,12.213,5546
14575,124585.875,13.189,5546
14576,124600.102,14.224,5546
14577,124614.805,14.707,5546
14578,124626.875,12.074,5546
14579,124639.063,12.181,5546
14580,124652.578,13.524,5546
14581,124666.125,13.541,5546
14582,124679.516,13.394,5546
14583,124697.844,18.328,5546
14584,124711.313,13.459,5546
14585,124724.516,13.212,5546
14586,124736.914,12.400,5546
14587,124750.414,13.495,5546
14588,124763.305,12.883,5546
14589,124779.938,16.633,5546
14590,124791.242,11.313,5546
14591,124804.109,12.869,5546
14592,124817.203,13.096,5546
14593,124830.656,13.448,5546
14594,124842.891,12.237,5546
14595,124859.500,16.608,5546
14596,124871.063,11.564,5546
14597,124884.117,13.051,5546
14598,124896.930,12.806,5546
14599,124910.188,13.270,5546
14600,124924.344,14.145,5546
14601,124940.703,16.361,5546
14602,124953.102,12.402,5546
14603,124968.281,15.176,5546
14604,124982.992,14.716,5546
14605,124996.047,13.054,5546
14606,125012.727,16.682,5546
14607,125025.945,13.216,5546
14608,125038.578,12.634,5546
14609,125051.195,12.620,5546
14610,125062.906,11.714,5546
14611,125075.063,12.150,5546
14612,125090.359,15.296,5546
14613,125101.281,10.918,5546
14614,125115.984,14.702,5546
14615,125130.266,14.287,5546
14616,125143.734,13.464,5546
14617,125156.320,12.590,5546
14618,125170.602,14.282,5546
14619,125182.047,11.444,5546
14620,125194.430,12.384,5546
14621,125207.469,13.040,5546
14622,125219.797,12.328,5546
14623,125232.648,12.850,5546
14624,125248.797,16.150,5546
14625,125259.430,10.631,5546
14626,125271.516,12.088,5546
14627,125283.383,11.867,5546
14628,125295.422,12.038,5546
14629,125307.641,12.212,5546
14630,125323.758,16.122,5546
14631,125334.313,10.556,5546
14632,125347.438,13.128,5546
14633,125359.391,11.947,5546
14634,125371.414,12.024,5546
14635,125384.266,12.855,5546
14636,125399.625,15.358,5546
14637,125410.195,10.571,5546
14638,125422.680,12.479,5546
14639,125434.945,12.270,5546
14640,125449.156,14.216,5546
14641,125462.852,13.692,5546
14642,125478.742,15.890,5546
14643,125490.023,11.276,5546
14644,125504.984,14.967,5546
14645,125519.570,14.590,5546
14646,125533.305,13.729,5546
14647,125546.695,13.387,5546
14648,125565.516,18.828,5546
14649,125577.336,11.818,5546
14650,125591.047,13.711,5546
14651,125604.203,13.158,5546
14652,125618.609,14.402,5546
14653,125632.148,13.538,5546
14654,125649.141,16.995,5546
14655,125660.125,10.987,5546
14656,125672.727,12.602,5546
14657,125685.156,12.431,5546
14658,125697.211,12.056,5546
14659,125709.500,12.288,5546
14660,125724.711,15.207,5546
14661,125736.195,11.485,5546
14662,125748.273,12.076,5546
14663,125760.680,12.406,5546
14664,125773.969,13.290,5546
14665,125787.289,13.316,5546
14666,125803.641,16.349,5546
14667,125815.773,12.143,5546
14668,125828.148,12.371,5546
14669,125841.125,12.974,5546
14670,125854.695,13.570,5546
14671,125871.844,17.150,5546
14672,125885.438,13.599,5546
14673,125898.422,12.982,5546
14674,125912.227,13.811,5546
14675,125924.797,12.565,5546
14676,125937.563,12.766,5546
14677,125949.859,12.293,5546
14678,125965.781,15.920,5546
14679,125977.352,11.575,5546
14680,125990.750,13.399,5546
14681,126003.336,12.586,5546
14682,126016.078,12.742,5546
14683,126028.195,12.116,5546
14684,126042.953,14.753,5546
14685,126053.891,10.949,5546
14686,126066.398,12.503,5546
14687,126079.938,13.532,5546
14688,126094.141,14.211,5546
14689,126107.414,13.267,5546
14690,126124.234,16.829,5546
14691,126136.570,12.335,5546
14692,126150.367,13.794,5546
14693,126164.711,14.342,5546
14694,126177.906,13.199,5546
14695,126191.516,13.605,5546
14696,126208.789,17.274,5546
14697,126220.719,11.928,5546
14698,126233.984,13.262,5546
14699,126248.156,14.180,5546
14700,126262.195,14.035,5546
14701,126277.594,15.399,5546
14702,126288.297,10.697,5546
14703,126302.234,13.945,5546
14704,126315.859,13.625,5546
14705,126328.383,12.519,5546
14706,126341.719,13.336,5546
14707,126357.164,15.452,5546
14708,126368.984,11.815,5546
14709,126381.328,12.342,5546
14710,126395.477,14.155,5546
14711,126409.672,14.192,5546
14712,126424.320,14.646,5546
14713,126441.523,17.206,5546
14714,126452.797,11.274,5546
14715,126464.648,11.850,5546
14716,126476.844,12.201,5546
14717,126488.453,11.609,5546
14718,126501.203,12.752,5546
14719,126515.273,14.061,5546
14720,126527.570,12.306,5546
14721,126540.742,13.168,5546
14722,126553.211,12.473,5546
14723,126565.398,12.179,5546
14724,126577.922,12.524,5546
14725,126593.695,15.776,5546
14726,126604.008,10.308,5546
14727,126616.289,12.285,5546
14728,126629.055,12.765,5546
14729,126641.461,12.409,5546
14730,126653.523,12.062,5546
14731,126665.648,12.124,5546
14732,126681.125,15.478,5546
14733,126693.594,12.460,5546
14734,126707.797,14.209,5546
14735,126721.625,13.826,5546
14736,126735.734,14.114,5546
14737,126757.227,21.492,5546
14738,126775.648,18.418,5546
14739,126792.148,16.503,5546
14740,126807.125,14.979,5546
14741,126826.930,19.795,5546
14742,126841.953,15.030,5546
14743,126858.969,17.009,5546
14744,126873.086,14.123,5546
14745,126887.680,14.590,5546
14746,126901.102,13.426,5546
14747,126916.328,15.225,5546
14748,126932.945,16.615,5546
14749,126948.820,15.883,5546
14750,126969.031,20.207,5546
14751,126981.891,12.862,5546
14752,126997.414,15.525,5546
14753,127012.875,15.460,5546
14754,127026.383,13.505,5546
14755,127041.672,15.288,5546
14756,127064.758,23.086,5546
14757,127077.008,12.247,5546
14758,127089.852,12.853,5546
14759,127103.281,13.424,5546
14760,127117.063,13.784,5546
14761,127134.047,16.978,5546
14762,127150.297,16.248,5546
14763,127171.000,20.708,5546
14764,127182.469,11.467,5546
14765,127195.695,13.227,5546
14766,127208.828,13.135,5546
14767,127222.641,13.813,5546
14768,127235.969,13.325,5546
14769,127257.195,21.229,5546
14770,127269.414,12.223,5546
14771,127281.945,12.522,5546
14772,127295.859,13.922,5546
14773,127307.875,12.020,5546
14774,127320.273,12.385,5546
14775,127332.906,12.640,5546
14776,127354.188,21.282,5546
14777,127365.352,11.163,5546
14778,127378.602,13.242,5546
14779,127390.773,12.179,5546
14780,127403.594,12.819,5546
14781,127416.305,12.710,5546
14782,127427.953,11.649,5546
14783,127449.656,21.705,5546
14784,127460.672,11.011,5546
14785,127473.328,12.656,5546
14786,127486.305,12.977,5546
14787,127499.852,13.551,5546
14788,127515.602,15.750,5546
14789,127529.922,14.317,5546
14790,127554.297,24.380,5546
14791,127566.469,12.176,5546
14792,127580.547,14.075,5546
14793,127597.367,16.821,5546
14794,127612.594,15.219,5546
14795,127626.266,13.675,5546
14796,127649.891,23.633,5546
14797,127661.953,12.052,5546
14798,127675.625,13.669,5546
14799,127689.516,13.901,5546
14800,127704.000,14.476,5546
14801,127716.852,12.855,5546
14802,127737.523,20.674,5546
14803,127748.352,10.829,5546
14804,127761.070,12.720,5546
14805,127773.672,12.600,5546
14806,127787.320,13.642,5546
14807,127800.602,13.281,5546
14808,127814.070,13.477,5546
14809,127836.164,22.096,5546
14810,127846.625,10.450,5546
14811,127858.711,12.094,5546
14812,127870.648,11.930,5546
14813,127884.055,13.415,5546
14814,127897.078,13.022,5546
14815,127920.742,23.666,5546
14816,127931.547,10.804,5546
14817,127947.570,16.026,5546
14818,127961.008,13.432,5546
14819,127973.672,12.659,5546
14820,127987.992,14.324,5546
14821,128000.266,12.267,5546
14822,128022.766,22.509,5546
14823,128033.391,10.621,5546
14824,128046.711,13.326,5546
14825,128059.586,12.871,5546
14826,128072.609,13.021,5546
14827,128085.836,13.231,5546
14828,128099.797,13.960,5546
14829,128125.727,25.929,5546
14830,128139.094,13.372,5546
14831,128154.336,15.239,5546
14832,128168.719,14.379,5546
14833,128183.734,15.020,5546
14834,128197.516,13.782,5546
14835,128221.219,23.701,5546
14836,128232.281,11.061,5546
14837,128246.242,13.970,5546
14838,128261.063,14.814,5546
14839,128273.984,12.919,5546
14840,128286.539,12.560,5546
14841,128308.984,22.435,5546
14842,128321.031,12.049,5546
14843,128334.977,13.947,5546
14844,128351.039,16.064,5546
14845,128364.391,13.351,5546
14846,128376.570,12.184,5546
14847,128391.219,14.645,5546
14848,128413.414,22.195,5546
14849,128423.305, 9.888,5546
14850,128436.602,13.295,5546
14851,128453.664,17.067,5546
14852,128469.625,15.959,5546
14853,128481.922,12.299,5546
14854,128502.922,21.001,5546
14855,128513.500,10.583,5546
14856,128525.563,12.061,5546
14857,128539.945,14.378,5546
14858,128553.852,13.910,5546
14859,128567.422,13.569,5546
14860,128580.563,13.147,5546
14861,128602.281,21.709,5546
14862,128612.805,10.525,5546
14863,128625.492,12.694,5546
14864,128638.766,13.269,5546
14865,128651.008,12.242,5546
14866,128663.977,12.967,5546
14867,128684.344,20.363,5546
14868,128695.492,11.151,5546
14869,128707.273,11.776,5546
14870,128719.313,12.047,5546
14871,128734.031,14.717,5546
14872,128748.367,14.335,5546
14873,128764.461,16.098,5546
14874,128787.977,23.513,5546
14875,128798.469,10.498,5546
14876,128812.016,13.541,5546
14877,128825.016,12.997,5546
14878,128837.797,12.790,5546
14879,128851.367,13.560,5546
14880,128873.477,22.115,5546
14881,128885.664,12.184,5546
14882,128897.383,11.723,5546
14883,128912.531,15.150,5546
14884,128926.125,13.595,5546
14885,128938.711,12.584,5546
14886,128959.164,20.455,5546
14887,128971.758,12.590,5546
14888,128985.813,14.059,5546
14889,128999.859,14.043,5546
14890,129013.563,13.708,5546
14891,129027.031,13.466,5546
14892,129039.758,12.724,5546
14893,129061.031,21.269,5546
14894,129073.445,12.421,5546
14895,129089.141,15.690,5546
14896,129102.586,13.443,5546
14897,129116.445,13.864,5546
14898,129131.898,15.460,5546
14899,129154.383,22.480,5546
14900,129166.883,12.502,5546
14901,129178.984,12.093,5546
14902,129193.000,14.018,5546
14903,129208.023,15.021,5546
14904,129220.594,12.569,5546
14905,129243.977,23.385,5546
14906,129258.516,14.548,5546
14907,129272.313,13.790,5546
14908,129285.734,13.424,5546
14909,129302.633,16.898,5546
14910,129317.273,14.633,5546
14911,129330.852,13.586,5546
14912,129353.016,22.160,5546
14913,129363.570,10.559,5546
14914,129375.703,12.127,5546
14915,129388.414,12.716,5546
14916,129403.281,14.865,5546
14917,129416.109,12.833,5546
14918,129437.266,21.152,5546
14919,129448.352,11.089,5546
14920,129461.188,12.835,5546
14921,129474.375,13.184,5546
14922,129487.336,12.961,5546
14923,129499.945,12.611,5546
14924,129513.039,13.091,5546
14925,129535.086,22.052,5546
14926,129546.680,11.590,5546
14927,129559.313,12.635,5546
14928,129575.789,16.475,5546
14929,129589.508,13.719,5546
14930,129602.359,12.851,5546
14931,129626.266,23.903,5546
14932,129637.383,11.122,5546
14933,129650.070,12.690,5546
14934,129662.695,12.626,5546
14935,129675.516,12.821,5546
14936,129688.789,13.267,5546
14937,129712.219,23.436,5546
14938,129723.047,10.825,5546
14939,129736.211,13.166,5546
14940,129750.055,13.839,5546
14941,129765.297,15.245,5546
14942,129779.023,13.727,5546
14943,129801.148,22.124,5546
14944,129812.898,11.758,5546
14945,129826.914,14.004,5546
14946,129840.891,13.986,5546
14947,129854.398,13.502,5546
14948,129869.172,14.779,5546
14949,129892.781,23.602,5546
14950,129904.555,11.780,5546
14951,129918.375,13.815,5546
14952,129933.203,14.829,5546
14953,129946.711,13.507,5546
14954,129960.680,13.966,5546
14955,129983.586,22.906,5546
14956,129994.313,10.731,5546
14957,130007.258,12.942,5546
14958,130023.141,15.886,5546
14959,130036.039,12.898,5546
14960,130049.813,13.779,5546
14961,130062.305,12.481,5546
14962,130087.273,24.973,5546
14963,130099.766,12.490,5546
14964,130114.109,14.351,5546
14965,130127.586,13.467,5546
14966,130140.086,12.507,5546
14967,130153.078,12.995,5546
14968,130175.734,22.652,5546
14969,130185.656, 9.919,5546
14970,130197.586,11.931,5546
14971,130210.484,12.903,5546
14972,130223.727,13.240,5546
14973,130236.422,12.692,5546
14974,130257.813,21.391,5546
14975,130270.430,12.621,5546
14976,130283.320,12.887,5546
14977,130296.078,12.759,5546
14978,130308.969,12.890,5546
14979,130323.070,14.102,5546
14980,130347.672,24.598,5546
14981,130360.172,12.505,5546
14982,130376.555,16.385,5546
14983,130393.883,17.327,5546
14984,130410.008,16.124,5546
14985,130425.359,15.348,5546
14986,130450.422,25.070,5546
14987,130464.180,13.759,5546
14988,130481.406,17.218,5546
14989,130495.586,14.180,5546
14990,130510.617,15.029,5546
14991,130526.641,16.027,5546
14992,130539.750,13.109,5546
14993,130563.289,23.541,5546
14994,130573.813,10.526,5546
14995,130587.805,13.988,5546
14996,130599.984,12.178,5546
14997,130613.695,13.715,5546
14998,130627.023,13.328,5546
14999,130650.234,23.217,5546
15000,130660.898,10.664,5546
15001,130673.195,12.292,5546
15002,130686.156,12.959,5546
15003,130699.367,13.211,5546
15004,130712.039,12.674,5546
15005,130734.563,22.525,5546
15006,130744.938,10.369,5546
15007,130758.328,13.392,5546
15008,130771.164,12.836,5546
15009,130785.867,14.710,5546
15010,130801.125,15.254,5546
15011,130823.352,22.221,5546
15012,130834.805,11.456,5546
15013,130846.102,11.297,5546
15014,130858.727,12.623,5546
15015,130871.930,13.206,5546
15016,130885.648,13.714,5546
15017,130907.945,22.294,5546
15018,130919.719,11.784,5546
15019,130931.859,12.137,5546
15020,130948.063,16.203,5546
15021,130962.438,14.377,5546
15022,130975.500,13.060,5546
15023,130988.805,13.308,5546
15024,131011.750,22.940,5546
15025,131023.586,11.834,5546
15026,131036.508,12.930,5546
15027,131050.852,14.346,5546
15028,131063.766,12.910,5546
15029,131077.500,13.727,5546
15030,131103.125,25.631,5546
15031,131114.688,11.564,5546
15032,131128.938,14.249,5546
15033,131142.531,13.592,5546
15034,131157.109,14.579,5546
15035,131171.703,14.590,5546
15036,131197.766,26.066,5546
15037,131208.547,10.775,5546
15038,131222.094,13.547,5546
15039,131236.781,14.691,5546
15040,131250.094,13.307,5546
15041,131262.625,12.547,5546
15042,131286.234,23.605,5546
15043,131296.906,10.669,5546
15044,131309.859,12.957,5546
15045,131323.313,13.459,5546
15046,131337.828,14.506,5546
15047,131350.703,12.881,5546
15048,131372.922,22.211,5546
15049,131384.031,11.114,5546
15050,131399.188,15.152,5546
15051,131412.484,13.302,5546
15052,131426.281,13.786,5546
15053,131440.922,14.642,5546
15054,131464.250,23.331,5546
15055,131474.500,10.249,5546
15056,131487.813,13.318,5546
15057,131500.297,12.486,5546
15058,131515.125,14.825,5546
15059,131528.000,12.881,5546
15060,131549.766,21.757,5546
15061,131560.203,10.435,5546
15062,131573.859,13.668,5546
15063,131590.422,16.557,5546
15064,131605.656,15.236,5546
15065,131620.391,14.727,5546
15066,131642.922,22.540,5546
15067,131654.875,11.947,5546
15068,131667.203,12.322,5546
15069,131681.438,14.241,5546
15070,131695.047,13.609,5546
15071,131707.516,12.468,5546
15072,131729.344,21.831,5546
15073,131740.344,11.008,5546
15074,131753.500,13.140,5546
15075,131770.375,16.893,5546
15076,131783.313,12.933,5546
15077,131796.094,12.771,5546
15078,131817.625,21.544,5546
15079,131829.250,11.620,5546
15080,131841.328,12.074,5546
15081,131854.063,12.742,5546
15082,131868.422,14.342,5546
15083,131891.828,23.415,5546
15084,131902.516,10.685,5546
15085,131915.922,13.414,5546
15086,131929.172,13.248,5546
15087,131943.953,14.774,5546
15088,131967.672,23.734,5546
15089,131978.000,10.315,5546
15090,131990.953,12.961,5546
15091,132006.063,15.109,5546
15092,132019.484,13.417,5546
15093,132032.344,12.857,5546
15094,132053.875,21.529,5546
15095,132064.578,10.716,5546
15096,132077.313,12.729,5546
15097,132090.172,12.857,5546
15098,132102.844,12.674,5546
15099,132124.016,21.167,5546
15100,132134.391,10.388,5546
15101,132147.703,13.304,5546
15102,132160.500,12.800,5546
15103,132174.109,13.605,5546
15104,132187.594,13.488,5546
15105,132209.953,22.360,5546
15106,132220.047,10.087,5546
15107,132231.531,11.490,5546
15108,132243.906,12.368,5546
15109,132255.250,11.353,5546
15110,132268.672,13.421,5546
15111,132292.766,24.087,5546
15112,132303.078,10.311,5546
15113,132314.984,11.904,5546
15114,132327.313,12.336,5546
15115,132339.344,12.032,5546
15116,132358.484,19.129,5546
15117,132368.844,10.366,5546
15118,132380.922,12.085,5546
15119,132394.578,13.659,5546
15120,132409.109,14.525,5546
15121,132421.594,12.482,5546
15122,132442.641,21.044,5546
15123,132452.922,10.289,5546
15124,132465.141,12.217,5546
15125,132477.625,12.481,5546
15126,132489.172,11.549,5546
15127,132501.563,12.395,5546
15128,132523.844,22.279,5546
15129,132533.766, 9.914,5546
15130,132545.438,11.670,5546
15131,132557.266,11.837,5546
15132,132569.766,12.501,5546
15133,132582.813,13.040,5546
15134,132603.656,20.842,5546
15135,132615.125,11.468,5546
15136,132636.766,21.644,5546
15137,132650.281,13.522,5546
15138,132672.750,22.464,5546
15139,132687.766,15.021,5546
15140,132701.328,13.556,5546
15141,132715.453,14.118,5546
15142,132729.953,14.505,5546
15143,132742.578,12.624,5546
15144,132763.281,20.712,5546
15145,132773.781,10.490,5546
15146,132785.563,11.781,5546
15147,132798.875,13.326,5546
15148,132811.984,13.103,5546
15149,132832.688,20.706,5546
15150,132842.609, 9.920,5546
15151,132854.156,11.536,5546
15152,132865.844,11.690,5546
15153,132877.828,11.995,5546
15154,132889.453,11.623,5546
15155,132909.000,19.551,5546
15156,132918.578, 9.572,5546
15157,132930.297,11.727,5546
15158,132942.563,12.263,5546
15159,132955.172,12.598,5546
15160,132967.313,12.157,5546
15161,132986.547,19.226,5546
15162,132996.266, 9.715,5546
15163,133007.703,11.436,5546
15164,133019.078,11.381,5546
15165,133031.359,12.287,5546
15166,133043.359,11.993,5546
15167,133063.703,20.352,5546
15168,133073.375, 9.668,5546
15169,133085.281,11.910,5546
15170,133096.656,11.370,5546
15171,133108.969,12.306,5546
15172,133120.281,11.318,5546
15173,133140.297,20.010,5546
15174,133150.500,10.201,5546
15175,133163.000,12.499,5546
15176,133175.484,12.489,5546
15177,133188.141,12.649,5546
15178,133212.422,24.291,5546
15179,133223.094,10.670,5546
15180,133236.156,13.056,5546
15181,133248.984,12.841,5546
15182,133262.672,13.680,5546
15183,133276.031,13.358,5546
15184,133296.797,20.763,5546
15185,133307.578,10.788,5546
15186,133319.922,12.350,5546
15187,133332.328,12.397,5546
15188,133345.703,13.386,5546
15189,133366.016,20.306,5546
15190,133377.156,11.143,5546
15191,133389.938,12.776,5546
15192,133402.063,12.124,5546
15193,133413.203,11.138,5546
15194,133424.750,11.542,5546
15195,133444.172,19.427,5546
15196,133453.906, 9.744,5546
15197,133465.438,11.518,5546
15198,133477.656,12.224,5546
15199,133490.078,12.424,5546
15200,133501.797,11.719,5546
15201,133521.641,19.842,5546
15202,133531.250, 9.614,5546
15203,133542.219,10.962,5546
15204,133553.828,11.619,5546
15205,133565.609,11.768,5546
15206,133577.391,11.797,5546
15207,133599.750,22.354,5546
15208,133609.891,10.139,5546
15209,133621.422,11.525,5546
15210,133633.313,11.896,5546
15211,133645.094,11.779,5546
15212,133656.422,11.323,5546
15213,133677.031,20.617,5546
15214,133686.656, 9.627,5546
15215,133699.297,12.637,5546
15216,133710.656,11.355,5546
15217,133722.734,12.083,5546
15218,133741.484,18.743,5546
15219,133751.375, 9.903,5546
15220,133762.828,11.441,5546
15221,133780.500,17.676,5546
15222,133802.453,21.955,5546
15223,133827.563,25.109,5546
15224,133839.828,12.260,5546
15225,133853.391,13.579,5546
15226,133867.250,13.849,5546
15227,133881.703,14.450,5546
15228,133903.953,22.251,5546
15229,133915.547,11.597,5546
15230,133928.703,13.154,5546
15231,133941.328,12.631,5546
15232,133954.813,13.476,5546
15233,133977.375,22.570,5546
15234,133990.594,13.222,5546
15235,134004.625,14.022,5546
15236,134018.359,13.747,5546
15237,134030.844,12.479,5546
15238,134043.625,12.770,5546
15239,134063.750,20.130,5546
15240,134073.406, 9.657,5546
15241,134085.563,12.151,5546
15242,134097.375,11.826,5546
15243,134109.563,12.177,5546
15244,134122.266,12.706,5546
15245,134142.828,20.567,5546
15246,134152.781, 9.940,5546
15247,134163.984,11.219,5546
15248,134175.828,11.840,5546
15249,134187.547,11.722,5546
15250,134206.750,19.197,5546
15251,134217.250,10.493,5546
15252,134229.422,12.174,5546
15253,134241.375,11.967,5546
15254,134253.469,12.076,5546
15255,134265.922,12.458,5546
15256,134286.953,21.037,5546
15257,134296.219, 9.265,5546
15258,134308.141,11.907,5546
15259,134320.359,12.230,5546
15260,134332.469,12.114,5546
15261,134353.156,20.681,5546
15262,134362.984, 9.826,5546
15263,134374.906,11.922,5546
15264,134386.375,11.480,5546
15265,134398.891,12.507,5546
15266,134412.906,14.019,5546
15267,134433.875,20.969,5546
15268,134444.031,10.166,5546
15269,134455.969,11.935,5546
15270,134468.141,12.154,5546
15271,134480.375,12.244,5546
15272,134492.328,11.950,5546
15273,134513.656,21.326,5546
15274,134522.969, 9.314,5546
15275,134534.859,11.882,5546
15276,134547.328,12.481,5546
15277,134559.328,12.006,5546
15278,134571.422,12.081,5546
15279,134592.781,21.353,5546
15280,134602.781,10.003,5546
15281,134615.547,12.766,5546
15282,134628.078,12.538,5546
15283,134641.609,13.539,5546
15284,134663.891,22.283,5546
15285,134673.984,10.102,5546
15286,134686.797,12.791,5546
15287,134699.297,12.516,5546
15288,134711.422,12.102,5546
15289,134724.141,12.731,5546
15290,134746.359,22.227,5546
15291,134756.422,10.059,5546
15292,134768.500,12.074,5546
15293,134781.516,13.014,5546
15294,134793.500,11.982,5546
15295,134815.188,21.699,5546
15296,134825.266,10.070,5546
15297,134836.969,11.700,5546
15298,134849.156,12.201,5546
15299,134861.000,11.834,5546
15300,134880.656,19.662,5546
15301,134890.922,10.258,5546
15302,134902.422,11.497,5546
15303,134914.047,11.644,5546
15304,134926.531,12.467,5546
15305,134938.594,12.077,5546
15306,134958.469,19.867,5546
15307,134969.094,10.618,5546
15308,134981.547,12.453,5546
15309,134994.031,12.491,5546
15310,135006.109,12.064,5546
15311,135018.563,12.464,5546
15312,135039.016,20.459,5546
15313,135049.234,10.216,5546
15314,135060.672,11.447,5546
15315,135072.000,11.327,5546
15316,135083.828,11.827,5546
15317,135095.469,11.626,5546
15318,135114.813,19.343,5546
15319,135124.047, 9.248,5546
15320,135135.469,11.411,5546
15321,135147.578,12.114,5546
15322,135160.750,13.160,5546
15323,135172.844,12.104,5546
15324,135194.953,22.109,5546
15325,135206.703,11.757,5546
15326,135218.484,11.775,5546
15327,135229.844,11.368,5546
15328,135241.281,11.436,5546
15329,135260.484,19.193,5546
15330,135270.250, 9.773,5546
15331,135281.922,11.681,5546
15332,135294.234,12.296,5546
15333,135306.703,12.483,5546
15334,135318.656,11.955,5546
15335,135339.391,20.727,5546
15336,135349.484,10.085,5546
15337,135361.594,12.108,5546
15338,135374.109,12.512,5546
15339,135386.641,12.541,5546
15340,135399.516,12.874,5546
15341,135419.578,20.058,5546
15342,135430.000,10.437,5546
15343,135442.031,12.021,5546
15344,135453.938,11.909,5546
15345,135466.094,12.139,5546
15346,135478.906,12.825,5546
15347,135500.250,21.335,5546
15348,135511.094,10.857,5546
15349,135522.672,11.583,5546
15350,135534.672,11.999,5546
15351,135546.422,11.737,5546
15352,135567.219,20.803,5546
15353,135576.516, 9.298,5546
15354,135587.734,11.211,5546
15355,135598.875,11.148,5546
15356,135612.672,13.798,5546
15357,135625.719,13.050,5546
15358,135647.422,21.684,5546
15359,135657.781,10.377,5546
15360,135668.563,10.789,5546
15361,135679.953,11.391,5546
15362,135691.453,11.483,5546
15363,135703.141,11.691,5546
15364,135723.938,20.808,5546
15365,135733.328, 9.391,5546
15366,135745.031,11.689,5546
15367,135756.609,11.581,5546
15368,135768.516,11.916,5546
15369,135780.078,11.551,5546
15370,135800.578,20.500,5546
15371,135810.531, 9.952,5546
15372,135821.781,11.260,5546
15373,135834.141,12.349,5546
15374,135845.828,11.687,5546
15375,135866.078,20.243,5546
15376,135875.375, 9.310,5546
15377,135886.438,11.066,5546
15378,135897.656,11.219,5546
15379,135910.094,12.432,5546
15380,135921.781,11.694,5546
15381,135943.094,21.308,5546
15382,135952.922, 9.824,5546
15383,135964.359,11.438,5546
15384,135976.891,12.533,5546
15385,135989.547,12.656,5546
15386,136004.891,15.336,5546
15387,136029.828,24.949,5546
15388,136040.188,10.359,5546
15389,136052.453,12.271,5546
15390,136065.594,13.134,5546
15391,136079.094,13.496,5546
15392,136102.344,23.251,5546
15393,136113.281,10.946,5546
15394,136126.484,13.203,5546
15395,136140.609,14.124,5546
15396,136154.406,13.794,5546
15397,136167.250,12.841,5546
15398,136188.891,21.640,5546
15399,136199.500,10.607,5546
15400,136210.656,11.169,5546
15401,136223.156,12.500,5546
15402,136235.250,12.095,5546
15403,136246.984,11.720,5546
15404,136266.859,19.868,5546
15405,136276.797, 9.939,5546
15406,136289.281,12.501,5546
15407,136300.828,11.528,5546
15408,136313.094,12.279,5546
15409,136325.000,11.906,5546
15410,136344.984,19.980,5546
15411,136354.703, 9.728,5546
15412,136367.375,12.675,5546
15413,136378.703,11.331,5546
15414,136390.984,12.266,5546
15415,136404.328,13.348,5546
15416,136429.703,25.373,5546
15417,136440.078,10.364,5546
15418,136452.469,12.410,5546
15419,136464.672,12.200,5546
15420,136476.344,11.663,5546
15421,136487.625,11.284,5546
15422,136508.828,21.198,5546
15423,136518.578, 9.755,5546
15424,136530.078,11.487,5546
15425,136541.781,11.716,5546
15426,136553.484,11.697,5546
15427,136575.594,22.112,5546
15428,136585.938,10.352,5546
15429,136598.719,12.792,5546
15430,136610.906,12.165,5546
15431,136622.875,11.971,5546
15432,136635.469,12.599,5546
15433,136656.375,20.904,5546
15434,136667.516,11.143,5546
15435,136679.563,12.048,5546
15436,136693.047,13.487,5546
15437,136705.156,12.115,5546
15438,136717.203,12.042,5546
15439,136737.891,20.685,5546
15440,136748.156,10.262,5546
15441,136760.469,12.317,5546
15442,136773.109,12.643,5546
15443,136787.000,13.891,5546
15444,136806.625,19.623,5546
15445,136818.125,11.485,5546
15446,136830.141,12.023,5546
15447,136842.000,11.878,5546
15448,136853.531,11.515,5546
15449,136865.047,11.512,5546
15450,136886.359,21.315,5546
15451,136896.109, 9.740,5546
15452,136907.500,11.395,5546
15453,136919.266,11.779,5546
15454,136931.422,12.140,5546
15455,136942.641,11.241,5546
15456,136964.484,21.841,5546
15457,136973.688, 9.195,5546
15458,136984.922,11.239,5546
15459,136996.969,12.038,5546
15460,137008.766,11.797,5546
15461,137020.203,11.433,5546
15462,137040.984,20.788,5546
15463,137050.141, 9.160,5546
15464,137060.422,10.280,5546
15465,137073.000,12.585,5546
15466,137084.125,11.117,5546
15467,137103.844,19.721,5546
15468,137113.797, 9.954,5546
15469,137125.500,11.695,5546
15470,137136.641,11.156,5546
15471,137147.500,10.842,5546
15472,137158.922,11.424,5546
15473,137169.688,10.770,5546
15474,137189.672,19.977,5546
15475,137199.547, 9.878,5546
15476,137212.656,13.122,5546
15477,137228.688,16.029,5546
15478,137242.891,14.197,5546
15479,137265.766,22.874,5546
15480,137276.422,10.667,5546
15481,137289.063,12.639,5546
15482,137301.578,12.512,5546
15483,137315.844,14.258,5546
15484,137338.141,22.301,5546
15485,137350.031,11.895,5546
15486,137362.297,12.260,5546
15487,137373.672,11.381,5546
15488,137385.500,11.824,5546
15489,137399.359,13.863,5546
15490,137421.063,21.693,5546
15491,137433.063,12.014,5546
15492,137445.781,12.720,5546
15493,137458.047,12.262,5546
15494,137470.250,12.189,5546
15495,137482.766,12.510,5546
15496,137502.938,20.185,5546
15497,137512.578, 9.650,5546
15498,137524.578,12.002,5546
15499,137537.578,12.979,5546
15500,137549.594,12.024,5546
15501,137562.125,12.534,5546
15502,137582.469,20.354,5546
15503,137591.875, 9.408,5546
15504,137602.703,10.818,5546
15505,137613.938,11.245,5546
15506,137626.469,12.522,5546
15507,137640.094,13.616,5546
15508,137661.672,21.575,5546
15509,137670.938, 9.268,5546
15510,137681.625,10.691,5546
15511,137693.109,11.495,5546
15512,137704.172,11.045,5546
15513,137715.859,11.703,5546
15514,137734.438,18.570,5546
15515,137745.656,11.216,5546
15516,137756.563,10.909,5546
15517,137768.172,11.603,5546
15518,137779.531,11.362,5546
15519,137791.141,11.610,5546
15520,137810.594,19.460,5546
15521,137820.609,10.022,5546
15522,137831.156,10.545,5546
15523,137843.172,12.015,5546
15524,137854.422,11.244,5546
15525,137866.156,11.732,5546
15526,137885.094,18.935,5546
15527,137894.797, 9.701,5546
15528,137910.219,15.422,5546
15529,137921.766,11.553,5546
15530,137932.938,11.174,5546
15531,137943.984,11.056,5546
15532,137964.781,20.774,5546
15533,137974.984,10.213,5546
15534,137987.328,12.357,5546
15535,137999.281,11.953,5546
15536,138011.000,11.714,5546
15537,138033.000,21.997,5546
15538,138045.953,12.960,5546
15539,138058.625,12.668,5546
15540,138070.875,12.237,5546
15541,138083.000,12.138,5546
15542,138095.125,12.124,5546
15543,138107.609,12.473,5546
15544,138129.672,22.066,5546
15545,138139.922,10.266,5546
15546,138152.484,12.546,5546
15547,138165.406,12.912,5546
15548,138178.609,13.229,5546
15549,138199.594,20.963,5546
15550,138208.922, 9.340,5546
15551,138220.016,11.100,5546
15552,138231.703,11.686,5546
15553,138242.781,11.064,5546
15554,138253.813,11.042,5546
15555,138275.328,21.524,5546
15556,138284.563, 9.233,5546
15557,138296.500,11.924,5546
15558,138307.625,11.122,5546
15559,138318.953,11.333,5546
15560,138330.469,11.519,5546
15561,138350.594,20.128,5546
15562,138360.234, 9.639,5546
15563,138371.469,11.218,5546
15564,138384.047,12.601,5546
15565,138396.547,12.492,5546
15566,138408.234,11.684,5546
15567,138429.734,21.495,5546
15568,138440.766,11.026,5546
15569,138453.125,12.367,5546
15570,138466.031,12.922,5546
15571,138479.203,13.156,5546
15572,138500.844,21.643,5546
15573,138511.594,10.751,5546
15574,138523.500,11.897,5546
15575,138535.688,12.198,5546
15576,138547.859,12.177,5546
15577,138559.047,11.189,5546
15578,138579.531,20.467,5546
15579,138588.891, 9.369,5546
15580,138600.469,11.581,5546
15581,138612.375,11.902,5546
15582,138623.953,11.581,5546
15583,138636.266,12.312,5546
15584,138655.969,19.704,5546
15585,138665.609, 9.632,5546
15586,138677.797,12.198,5546
15587,138689.734,11.927,5546
15588,138702.781,13.052,5546
15589,138724.438,21.657,5546
15590,138736.188,11.750,5546
15591,138747.688,11.506,5546
15592,138759.578,11.884,5546
15593,138772.016,12.449,5546
15594,138784.688,12.666,5546
15595,138806.766,22.074,5546
15596,138816.656, 9.903,5546
15597,138829.906,13.244,5546
15598,138842.766,12.848,5546
15599,138854.219,11.455,5546
15600,138876.422,22.207,5546
15601,138887.047,10.619,5546
15602,138899.672,12.625,5546
15603,138911.875,12.215,5546
15604,138924.031,12.165,5546
15605,138935.438,11.380,5546
15606,138954.688,19.277,5546
15607,138964.031, 9.329,5546
15608,138975.531,11.487,5546
15609,138987.313,11.798,5546
15610,138998.891,11.574,5546
15611,139010.500,11.611,5546
15612,139031.688,21.179,5546
15613,139041.031, 9.344,5546
15614,139051.938,10.924,5546
15615,139062.750,10.794,5546
15616,139073.750,11.009,5546
15617,139084.859,11.104,5546
15618,139105.156,20.296,5546
15619,139114.406, 9.259,5546
15620,139125.547,11.134,5546
15621,139136.797,11.243,5546
15622,139148.500,11.716,5546
15623,139159.859,11.361,5546
15624,139179.984,20.122,5546
15625,139190.172,10.176,5546
15626,139201.250,11.093,5546
15627,139212.563,11.316,5546
15628,139225.578,13.007,5546
15629,139247.938,22.363,5546
15630,139257.531, 9.585,5546
15631,139269.234,11.712,5546
15632,139280.609,11.379,5546
15633,139292.578,11.973,5546
15634,139304.219,11.622,5546
15635,139323.703,19.489,5546
15636,139333.516, 9.813,5546
15637,139345.313,11.812,5546
15638,139357.000,11.669,5546
15639,139368.922,11.928,5546
15640,139380.547,11.626,5546
15641,139392.141,11.587,5546
15642,139412.781,20.641,5546
15643,139422.750, 9.962,5546
15644,139434.328,11.584,5546
15645,139446.891,12.564,5546
15646,139459.516,12.619,5546
15647,139471.938,12.432,5546
15648,139493.656,21.710,5546
15649,139506.016,12.376,5546
15650,139519.031,12.999,5546
15651,139531.313,12.297,5546
15652,139544.406,13.086,5546
15653,139567.344,22.937,5546
15654,139579.063,11.714,5546
15655,139591.313,12.255,5546
15656,139604.078,12.751,5546
15657,139616.234,12.174,5546
15658,139627.078,10.836,5546
15659,139649.609,22.525,5546
15660,139659.516, 9.919,5546
15661,139671.219,11.710,5546
15662,139682.547,11.318,5546
15663,139694.531,11.995,5546
15664,139706.641,12.109,5546
15665,139728.281,21.632,5546
15666,139737.609, 9.325,5546
15667,139749.078,11.476,5546
15668,139760.859,11.765,5546
15669,139773.734,12.880,5546
15670,139784.906,11.179,5546
15671,139805.609,20.693,5546
15672,139814.969, 9.362,5546
15673,139825.938,10.974,5546
15674,139837.563,11.622,5546
15675,139848.375,10.816,5546
15676,139867.141,18.776,5546
15677,139876.953, 9.798,5546
15678,139887.906,10.955,5546
15679,139899.016,11.110,5546
15680,139910.281,11.273,5546
15681,139921.000,10.711,5546
15682,139932.078,11.074,5546
15683,139951.547,19.465,5546
15684,139961.250, 9.719,5546
15685,139972.766,11.502,5546
15686,139984.766,12.009,5546
15687,139997.016,12.245,5546
15688,140008.313,11.296,5546
15689,140029.438,21.129,5546
15690,140040.891,11.450,5546
15691,140056.531,15.654,5546
15692,140069.922,13.390,5546
15693,140082.531,12.609,5546
15694,140105.766,23.232,5546
15695,140116.516,10.744,5546
15696,140128.844,12.331,5546
15697,140140.828,11.976,5546
15698,140153.109,12.292,5546
15699,140165.656,12.543,5546
15700,140188.188,22.530,5546
15701,140202.922,14.724,5546
15702,140215.000,12.087,5546
15703,140227.875,12.874,5546
15704,140239.766,11.900,5546
15705,140260.109,20.332,5546
15706,140269.578, 9.468,5546
15707,140280.969,11.401,5546
15708,140292.609,11.645,5546
15709,140305.063,12.453,5546
15710,140316.781,11.702,5546
15711,140335.156,18.392,5546
15712,140344.563, 9.404,5546
15713,140355.469,10.897,5546
15714,140366.563,11.103,5546
15715,140378.203,11.636,5546
15716,140389.125,10.928,5546
15717,140400.859,11.716,5546
15718,140412.875,12.015,5546
15719,140424.297,11.423,5546
15720,140435.984,11.697,5546
15721,140449.328,13.345,5546
15722,140461.063,11.738,5546
15723,140472.500,11.436,5546
15724,140483.750,11.254,5546
15725,140495.203,11.447,5546
15726,140507.375,12.179,5546
15727,140519.219,11.842,5546
15728,140530.750,11.514,5546
15729,140542.484,11.748,5546
15730,140554.500,12.008,5546
15731,140566.047,11.562,5546
15732,140577.500,11.439,5546
15733,140589.344,11.855,5546
15734,140600.469,11.115,5546
15735,140612.219,11.751,5546
15736,140625.297,13.092,5546
15737,140637.750,12.449,5546
15738,140650.250,12.492,5546
15739,140662.313,12.069,5546
15740,140675.172,12.855,5546
15741,140688.672,13.507,5546
15742,140701.766,13.078,5546
15743,140715.203,13.450,5546
15744,140728.797,13.588,5546
15745,140742.516,13.719,5546
15746,140755.906,13.388,5546
15747,140768.563,12.659,5546
15748,140782.219,13.651,5546
15749,140795.047,12.830,5546
15750,140808.875,13.830,5546
15751,140820.953,12.076,5546
15752,140834.438,13.482,5546
15753,140848.203,13.766,5546
15754,140860.203,11.997,5546
15755,140871.625,11.435,5546
15756,140884.391,12.761,5546
15757,140895.969,11.587,5546
15758,140907.766,11.783,5546
15759,140919.813,12.056,5546
15760,140931.078,11.265,5546
15761,140943.703,12.617,5546
15762,140955.656,11.964,5546
15763,140967.109,11.454,5546
15764,140979.047,11.923,5546
15765,140990.375,11.342,5546
15766,141001.766,11.383,5546
15767,141012.984,11.220,5546
15768,141024.938,11.947,5546
15769,141035.891,10.957,5546
15770,141047.922,12.035,5546
15771,141059.656,11.736,5546
15772,141070.844,11.177,5546
15773,141082.078,11.239,5546
15774,141093.094,11.013,5546
15775,141104.219,11.119,5546
15776,141115.719,11.505,5546
15777,141127.266,11.554,5546
15778,141138.422,11.158,5546
15779,141151.031,12.604,5546
15780,141162.063,11.026,5546
15781,141173.609,11.558,5546
15782,141184.813,11.198,5546
15783,141196.516,11.711,5546
15784,141207.969,11.454,5546
15785,141219.297,11.329,5546
15786,141231.063,11.764,5546
15787,141244.844,13.766,5546
15788,141257.344,12.508,5546
15789,141269.297,11.959,5546
15790,141280.984,11.687,5546
15791,141292.922,11.932,5546
15792,141305.938,13.027,5546
15793,141318.313,12.367,5546
15794,141330.063,11.733,5546
15795,141341.438,11.385,5546
15796,141353.000,11.573,5546
15797,141365.422,12.406,5546
15798,141377.781,12.375,5546
15799,141390.406,12.627,5546
15800,141404.922,14.501,5546
15801,141417.563,12.646,5546
15802,141431.281,13.719,5546
15803,141444.469,13.190,5546
15804,141458.453,13.987,5546
15805,141471.938,13.483,5546
15806,141485.219,13.288,5546
15807,141498.828,13.600,5546
15808,141511.797,12.972,5546
15809,141524.953,13.149,5546
15810,141537.922,12.971,5546
15811,141550.500,12.581,5546
15812,141562.844,12.344,5546
15813,141576.141,13.298,5546
15814,141590.344,14.205,5546
15815,141603.875,13.532,5546
15816,141616.281,12.405,5546
15817,141628.547,12.273,5546
15818,141642.516,13.960,5546
15819,141655.938,13.424,5546
15820,141667.938,12.005,5546
15821,141680.656,12.709,5546
15822,141693.359,12.713,5546
15823,141705.375,12.013,5546
15824,141717.859,12.485,5546
15825,141729.547,11.671,5546
15826,141741.906,12.376,5546
15827,141753.703,11.791,5546
15828,141766.641,12.937,5546
15829,141778.281,11.639,5546
15830,141790.359,12.080,5546
15831,141804.234,13.867,5546
15832,141816.578,12.363,5546
15833,141828.516,11.920,5546
15834,141840.344,11.833,5546
15835,141853.109,12.768,5546
15836,141865.234,12.126,5546
15837,141877.906,12.669,5546
15838,141890.094,12.176,5546
15839,141901.281,11.198,5546
15840,141912.969,11.685,5546
15841,141925.250,12.281,5546
15842,141937.078,11.832,5546
15843,141948.219,11.143,5546
15844,141959.484,11.259,5546
15845,141971.109,11.634,5546
15846,141982.391,11.275,5546
15847,141993.766,11.374,5546
15848,142004.984,11.220,5546
15849,142017.969,12.992,5546
15850,142031.688,13.710,5546
15851,142046.250,14.556,5546
15852,142059.594,13.346,5546
15853,142072.844,13.246,5546
15854,142086.875,14.044,5546
15855,142099.188,12.314,5546
15856,142112.000,12.812,5546
15857,142125.063,13.062,5546
15858,142137.172,12.106,5546
15859,142149.094,11.916,5546
15860,142161.266,12.188,5546
15861,142174.359,13.077,5546
15862,142186.953,12.596,5546
15863,142200.703,13.757,5546
15864,142212.875,12.160,5546
15865,142227.344,14.487,5546
15866,142241.047,13.699,5546
15867,142254.656,13.615,5546
15868,142267.500,12.831,5546
15869,142281.328,13.842,5546
15870,142294.922,13.578,5546
15871,142310.609,15.704,5546
15872,142326.031,15.419,5546
15873,142341.672,15.627,5546
15874,142355.453,13.776,5546
15875,142368.766,13.322,5546
15876,142382.203,13.437,5546
15877,142393.531,11.320,5546
15878,142405.188,11.664,5546
15879,142416.609,11.425,5546
15880,142428.906,12.284,5546
15881,142442.781,13.877,5546
15882,142455.734,12.969,5546
15883,142467.891,12.150,5546
15884,142479.609,11.716,5546
15885,142490.703,11.102,5546
15886,142502.953,12.236,5546
15887,142514.766,11.818,5546
15888,142526.969,12.210,5546
15889,142538.609,11.634,5546
15890,142550.672,12.066,5546
15891,142562.984,12.308,5546
15892,142574.656,11.675,5546
15893,142586.375,11.719,5546
15894,142598.188,11.801,5546
15895,142609.219,11.042,5546
15896,142620.828,11.610,5546
15897,142632.281,11.450,5546
15898,142643.922,11.647,5546
15899,142655.031,11.108,5546
15900,142666.297,11.255,5546
15901,142677.500,11.199,5546
15902,142688.609,11.120,5546
15903,142699.859,11.254,5546
15904,142711.234,11.380,5546
15905,142722.422,11.182,5546
15906,142733.141,10.718,5546
15907,142744.797,11.650,5546
15908,142756.453,11.661,5546
15909,142768.344,11.888,5546
15910,142779.875,11.530,5546
15911,142792.422,12.559,5546
15912,142804.406,11.982,5546
15913,142816.359,11.940,5546
15914,142828.094,11.729,5546
15915,142840.797,12.716,5546
15916,142855.797,15.007,5546
15917,142869.453,13.646,5546
15918,142882.219,12.769,5546
15919,142896.063,13.841,5546
15920,142909.313,13.259,5546
15921,142923.109,13.797,5546
15922,142936.281,13.157,5546
15923,142950.094,13.808,5546
15924,142964.391,14.314,5546
15925,142980.938,16.544,5546
15926,142994.969,14.030,5546
15927,143008.281,13.310,5546
15928,143021.859,13.590,5546
15929,143033.703,11.833,5546
15930,143045.516,11.803,5546
15931,143058.531,13.031,5546
15932,143070.188,11.644,5546
15933,143082.469,12.283,5546
15934,143094.797,12.320,5546
15935,143105.813,11.030,5546
15936,143117.563,11.745,5546
15937,143130.359,12.808,5546
15938,143141.688,11.315,5546
15939,143153.000,11.318,5546
15940,143164.703,11.705,5546
15941,143176.234,11.523,5546
15942,143187.969,11.744,5546
15943,143199.797,11.831,5546
15944,143211.797,11.990,5546
15945,143223.734,11.942,5546
15946,143236.016,12.282,5546
15947,143249.891,13.876,5546
15948,143262.453,12.566,5546
15949,143274.203,11.735,5546
15950,143286.297,12.101,5546
15951,143299.297,13.008,5546
15952,143311.406,12.103,5546
15953,143323.297,11.895,5546
15954,143335.656,12.357,5546
15955,143347.656,11.996,5546
15956,143359.234,11.587,5546
15957,143371.063,11.823,5546
15958,143382.875,11.805,5546
15959,143394.125,11.250,5546
15960,143406.750,12.621,5546
15961,143419.156,12.426,5546
15962,143430.875,11.709,5546
15963,143442.797,11.922,5546
15964,143454.703,11.913,5546
15965,143466.578,11.868,5546
15966,143479.250,12.680,5546
15967,143491.391,12.127,5546
15968,143503.844,12.467,5546
15969,143518.844,14.981,5546
15970,143531.063,12.226,5546
15971,143543.781,12.722,5546
15972,143556.594,12.820,5546
15973,143569.000,12.397,5546
15974,143582.344,13.338,5546
15975,143594.109,11.770,5546
15976,143606.797,12.692,5546
15977,143620.172,13.377,5546
15978,143633.219,13.054,5546
15979,143648.953,15.719,5546
15980,143660.672,11.736,5546
15981,143672.297,11.618,5546
15982,143684.469,12.169,5546
15983,143696.172,11.704,5546
15984,143708.125,11.951,5546
15985,143719.656,11.522,5546
15986,143731.875,12.228,5546
15987,143744.297,12.425,5546
15988,143755.891,11.591,5546
15989,143768.500,12.612,5546
15990,143780.359,11.848,5546
15991,143791.969,11.622,5546
15992,143803.859,11.896,5546
15993,143816.016,12.161,5546
15994,143828.219,12.183,5546
15995,143840.828,12.605,5546
15996,143852.125,11.296,5546
15997,143863.641,11.519,5546
15998,143875.047,11.419,5546
15999,143887.688,12.640,5546
16000,143900.656,12.966,5546
16001,143912.203,11.537,5546
16002,143923.359,11.179,5546
16003,143934.516,11.151,5546
16004,143946.422,11.898,5546
16005,143957.547,11.126,5546
16006,143969.109,11.556,5546
16007,143980.234,11.129,5546
16008,143992.172,11.927,5546
16009,144003.484,11.318,5546
16010,144014.859,11.382,5546
16011,144026.859,11.992,5546
16012,144040.547,13.696,5546
16013,144054.781,14.232,5546
16014,144067.078,12.293,5546
16015,144079.781,12.706,5546
16016,144092.578,12.806,5546
16017,144106.563,13.976,5546
16018,144121.203,14.642,5546
16019,144134.031,12.833,5546
16020,144146.781,12.735,5546
16021,144162.000,15.232,5546
16022,144173.797,11.799,5546
16023,144186.125,12.313,5546
16024,144198.594,12.477,5546
16025,144212.250,13.659,5546
16026,144223.719,11.466,5546
16027,144235.469,11.740,5546
16028,144250.641,15.188,5546
16029,144264.922,14.272,5546
16030,144277.969,13.050,5546
16031,144290.844,12.874,5546
16032,144305.281,14.439,5546
16033,144318.188,12.908,5546
16034,144330.453,12.268,5546
16035,144344.828,14.368,5546
16036,144356.563,11.738,5546
16037,144369.469,12.896,5546
16038,144382.563,13.113,5546
16039,144395.625,13.052,5546
16040,144407.688,12.061,5546
16041,144419.688,11.997,5546
16042,144431.000,11.314,5546
16043,144442.344,11.353,5546
16044,144456.859,14.503,5546
16045,144469.484,12.627,5546
16046,144482.156,12.674,5546
16047,144493.766,11.609,5546
16048,144505.953,12.196,5546
16049,144517.313,11.355,5546
16050,144529.453,12.142,5546
16051,144542.813,13.357,5546
16052,144554.156,11.341,5546
16053,144566.094,11.931,5546
16054,144578.375,12.298,5546
16055,144591.297,12.913,5546
16056,144603.781,12.495,5546
16057,144615.203,11.409,5546
16058,144626.844,11.635,5546
16059,144637.969,11.142,5546
16060,144649.359,11.398,5546
16061,144660.844,11.468,5546
16062,144672.188,11.342,5546
16063,144683.672,11.485,5546
16064,144695.500,11.827,5546
16065,144707.281,11.787,5546
16066,144720.203,12.912,5546
16067,144731.875,11.684,5546
16068,144742.813,10.930,5546
16069,144753.813,11.010,5546
16070,144765.094,11.268,5546
16071,144775.984,10.908,5546
16072,144788.156,12.150,5546
16073,144801.313,13.179,5546
16074,144814.281,12.959,5546
16075,144826.672,12.389,5546
16076,144839.469,12.799,5546
16077,144852.875,13.405,5546
16078,144868.063,15.178,5546
16079,144880.578,12.537,5546
16080,144891.984,11.398,5546
16081,144904.172,12.171,5546
16082,144916.188,12.024,5546
16083,144928.328,12.135,5546
16084,144940.219,11.891,5546
16085,144952.844,12.632,5546
16086,144965.047,12.199,5546
16087,144976.891,11.839,5546
16088,144988.922,12.041,5546
16089,145000.625,11.717,5546
16090,145013.047,12.414,5546
16091,145025.969,12.919,5546
16092,145038.359,12.384,5546
16093,145050.703,12.353,5546
16094,145063.188,12.485,5546
16095,145075.875,12.694,5546
16096,145088.250,12.353,5546
16097,145100.922,12.675,5546
16098,145113.563,12.642,5546
16099,145126.344,12.778,5546
16100,145138.625,12.300,5546
16101,145151.125,12.494,5546
16102,145164.000,12.880,5546
16103,145176.406,12.391,5546
16104,145188.969,12.570,5546
16105,145200.391,11.426,5546
16106,145212.188,11.786,5546
16107,145224.703,12.535,5546
16108,145237.656,12.945,5546
16109,145252.359,14.695,5546
16110,145265.859,13.508,5546
16111,145278.078,12.199,5546
16112,145290.125,12.056,5546
16113,145304.172,14.052,5546
16114,145316.313,12.138,5546
16115,145329.938,13.637,5546
16116,145341.891,11.949,5546
16117,145353.984,12.096,5546
16118,145365.688,11.688,5546
16119,145378.281,12.601,5546
16120,145389.734,11.450,5546
16121,145401.484,11.750,5546
16122,145412.500,11.026,5546
16123,145424.328,11.816,5546
16124,145436.531,12.215,5546
16125,145448.797,12.250,5546
16126,145460.172,11.380,5546
16127,145472.031,11.875,5546
16128,145484.531,12.487,5546
16129,145495.266,10.733,5546
16130,145506.672,11.423,5546
16131,145518.172,11.480,5546
16132,145530.266,12.096,5546
16133,145542.078,11.802,5546
16134,145553.750,11.688,5546
16135,145566.109,12.346,5546
16136,145577.563,11.462,5546
16137,145589.578,12.010,5546
16138,145601.016,11.445,5546
16139,145612.891,11.870,5546
16140,145625.031,12.150,5546
16141,145636.484,11.450,5546
16142,145650.797,14.298,5546
16143,145665.609,14.826,5546
16144,145679.047,13.430,5546
16145,145691.656,12.624,5546
16146,145704.094,12.428,5546
16147,145717.563,13.474,5546
16148,145730.078,12.499,5546
16149,145742.672,12.611,5546
16150,145755.719,13.041,5546
16151,145768.469,12.756,5546
16152,145782.406,13.939,5546
16153,145796.250,13.834,5546
16154,145809.484,13.229,5546
16155,145821.219,11.741,5546
16156,145832.547,11.333,5546
16157,145844.094,11.539,5546
16158,145856.391,12.302,5546
16159,145868.328,11.943,5546
16160,145879.844,11.511,5546
16161,145890.953,11.102,5546
16162,145902.219,11.272,5546
16163,145914.781,12.565,5546
16164,145925.813,11.033,5546
16165,145937.125,11.308,5546
16166,145948.938,11.816,5546
16167,145960.797,11.847,5546
16168,145972.641,11.856,5546
16169,145985.391,12.738,5546
16170,145997.422,12.035,5546
16171,146008.531,11.118,5546
16172,146019.766,11.235,5546
16173,146031.484,11.716,5546
16174,146042.422,10.934,5546
16175,146054.938,12.517,5546
16176,146068.313,13.383,5546
16177,146081.109,12.789,5546
16178,146092.719,11.598,5546
16179,146104.438,11.729,5546
16180,146116.750,12.302,5546
16181,146130.531,13.798,5546
16182,146141.906,11.373,5546
16183,146154.141,12.229,5546
16184,146166.406,12.277,5546
16185,146178.781,12.368,5546
16186,146191.797,13.018,5546
16187,146204.219,12.410,5546
16188,146215.766,11.561,5546
16189,146228.547,12.777,5546
16190,146240.484,11.937,5546
16191,146252.531,12.052,5546
16192,146264.172,11.638,5546
16193,146277.891,13.723,5546
16194,146289.922,12.030,5546
16195,146302.484,12.553,5546
16196,146316.016,13.536,5546
16197,146328.938,12.918,5546
16198,146342.953,14.025,5546
16199,146355.719,12.760,5546
16200,146370.000,14.295,5546
16201,146382.766,12.749,5546
16202,146398.750,15.973,5546
16203,146413.906,15.173,5546
16204,146429.063,15.157,5546
16205,146443.203,14.139,5546
16206,146457.063,13.850,5546
16207,146469.156,12.110,5546
16208,146480.797,11.621,5546
16209,146492.656,11.880,5546
16210,146504.563,11.902,5546
16211,146515.859,11.300,5546
16212,146527.469,11.590,5546
16213,146538.844,11.378,5546
16214,146550.609,11.786,5546
16215,146562.719,12.083,5546
16216,146574.453,11.750,5546
16217,146586.641,12.197,5546
16218,146597.938,11.286,5546
16219,146610.172,12.233,5546
16220,146621.875,11.702,5546
16221,146633.063,11.185,5546
16222,146645.156,12.102,5546
16223,146656.953,11.784,5546
16224,146668.094,11.136,5546
16225,146680.313,12.229,5546
16226,146691.469,11.161,5546
16227,146702.891,11.414,5546
16228,146713.984,11.115,5546
16229,146726.188,12.192,5546
16230,146736.969,10.777,5546
16231,146748.203,11.229,5546
16232,146759.344,11.160,5546
16233,146770.531,11.184,5546
16234,146781.156,10.620,5546
16235,146792.203,11.043,5546
16236,146803.844,11.643,5546
16237,146815.438,11.581,5546
16238,146827.172,11.741,5546
16239,146839.203,12.044,5546
16240,146854.031,14.832,5546
16241,146866.156,12.101,5546
16242,146877.969,11.834,5546
16243,146890.250,12.269,5546
16244,146901.078,10.836,5546
16245,146912.453,11.377,5546
16246,146923.781,11.324,5546
16247,146936.578,12.791,5546
16248,146948.328,11.743,5546
16249,146959.500,11.178,5546
16250,146971.047,11.547,5546
16251,146982.328,11.286,5546
16252,146993.531,11.193,5546
16253,147005.484,11.957,5546
16254,147017.141,11.663,5546
16255,147030.984,13.844,5546
16256,147043.656,12.664,5546
16257,147055.578,11.922,5546
16258,147069.250,13.673,5546
16259,147081.531,12.282,5546
16260,147094.266,12.739,5546
16261,147107.125,12.855,5546
16262,147119.344,12.235,5546
16263,147132.563,13.205,5546
16264,147145.984,13.435,5546
16265,147158.109,12.107,5546
16266,147171.703,13.605,5546
16267,147183.531,11.814,5546
16268,147196.172,12.649,5546
16269,147208.859,12.680,5546
16270,147220.422,11.565,5546
16271,147231.328,10.921,5546
16272,147244.531,13.199,5546
16273,147258.641,14.113,5546
16274,147270.750,12.089,5546
16275,147282.453,11.720,5546
16276,147294.031,11.572,5546
16277,147305.500,11.464,5546
16278,147317.219,11.723,5546
16279,147330.219,13.004,5546
16280,147342.781,12.550,5546
16281,147355.438,12.662,5546
16282,147368.188,12.752,5546
16283,147381.172,12.990,5546
16284,147393.656,12.476,5546
16285,147406.656,13.011,5546
16286,147418.422,11.754,5546
16287,147430.203,11.780,5546
16288,147442.063,11.859,5546
16289,147453.031,10.974,5546
16290,147466.125,13.081,5546
16291,147479.906,13.801,5546
16292,147491.875,11.965,5546
16293,147503.219,11.338,5546
16294,147515.422,12.202,5546
16295,147527.953,12.539,5546
16296,147540.438,12.484,5546
16297,147552.203,11.766,5546
16298,147564.891,12.685,5546
16299,147578.516,13.622,5546
16300,147590.578,12.067,5546
16301,147602.688,12.121,5546
16302,147615.391,12.678,5546
16303,147626.484,11.106,5546
16304,147638.594,12.112,5546
16305,147652.125,13.520,5546
16306,147664.984,12.869,5546
16307,147678.344,13.363,5546
16308,147691.094,12.741,5546
16309,147703.438,12.346,5546
16310,147715.203,11.771,5546
16311,147728.234,13.025,5546
16312,147739.156,10.922,5546
16313,147749.969,10.816,5546
16314,147761.672,11.701,5546
16315,147772.766,11.088,5546
16316,147785.109,12.351,5546
16317,147796.891,11.772,5546
16318,147810.094,13.200,5546
16319,147822.609,12.532,5546
16320,147834.563,11.945,5546
16321,147846.969,12.411,5546
16322,147859.047,12.075,5546
16323,147871.609,12.554,5546
16324,147884.063,12.461,5546
16325,147896.656,12.601,5546
16326,147909.484,12.824,5546
16327,147921.156,11.674,5546
16328,147935.328,14.182,5546
16329,147946.594,11.259,5546
16330,147959.906,13.308,5546
16331,147973.469,13.547,5546
16332,147984.844,11.385,5546
16333,147996.891,12.053,5546
16334,148008.078,11.178,5546
16335,148019.938,11.868,5546
16336,148032.328,12.380,5546
16337,148043.953,11.638,5546
16338,148057.125,13.167,5546
16339,148070.797,13.671,5546
16340,148081.844,11.049,5546
16341,148093.047,11.198,5546
16342,148105.313,12.275,5546
16343,148117.750,12.430,5546
16344,148129.641,11.888,5546
16345,148143.344,13.711,5546
16346,148155.703,12.352,5546
16347,148167.703,12.007,5546
16348,148181.109,13.407,5546
16349,148193.016,11.904,5546
16350,148205.078,12.066,5546
16351,148217.047,11.958,5546
16352,148228.313,11.267,5546
16353,148240.125,11.804,5546
16354,148251.203,11.102,5546
16355,148262.297,11.080,5546
16356,148273.594,11.296,5546
16357,148285.156,11.575,5546
16358,148295.844,10.685,5546
16359,148307.422,11.565,5546
16360,148319.500,12.082,5546
16361,148332.828,13.321,5546
16362,148343.016,10.192,5546
16363,148355.047,12.042,5546
16364,148366.266,11.216,5546
16365,148377.891,11.630,5546
16366,148389.391,11.480,5546
16367,148402.375,13.001,5546
16368,148415.188,12.811,5546
16369,148427.859,12.679,5546
16370,148439.656,11.791,5546
16371,148454.563,14.902,5546
16372,148467.719,13.159,5546
16373,148480.500,12.779,5546
16374,148493.219,12.723,5546
16375,148507.109,13.895,5546
16376,148521.078,13.954,5546
16377,148535.188,14.121,5546
16378,148549.297,14.113,5546
16379,148562.984,13.674,5546
16380,148576.172,13.194,5546
16381,148589.688,13.516,5546
16382,148602.266,12.570,5546
16383,148614.781,12.515,5546
16384,148626.469,11.702,5546
16385,148639.563,13.089,5546
16386,148651.297,11.739,5546
16387,148664.188,12.875,5546
16388,148676.672,12.498,5546
16389,148689.453,12.767,5546
16390,148701.703,12.257,5546
16391,148714.203,12.494,5546
16392,148726.469,12.272,5546
16393,148737.094,10.634,5546
16394,148749.016,11.917,5546
16395,148760.813,11.786,5546
16396,148772.484,11.677,5546
16397,148785.469,12.981,5546
16398,148796.438,10.972,5546
16399,148809.125,12.687,5546
16400,148821.094,11.980,5546
16401,148832.891,11.780,5546
16402,148844.859,11.970,5546
16403,148859.031,14.184,5546
16404,148870.891,11.854,5546
16405,148883.578,12.679,5546
16406,148895.609,12.038,5546
16407,148907.188,11.577,5546
16408,148918.719,11.525,5546
16409,148930.375,11.671,5546
16410,148941.531,11.152,5546
16411,148954.875,13.332,5546
16412,148968.141,13.271,5546
16413,148980.359,12.231,5546
16414,148991.906,11.546,5546
16415,149003.641,11.733,5546
16416,149014.859,11.211,5546
16417,149026.813,11.951,5546
16418,149038.578,11.773,5546
16419,149051.156,12.574,5546
16420,149063.813,12.665,5546
16421,149077.063,13.245,5546
16422,149089.609,12.547,5546
16423,149101.672,12.058,5546
16424,149114.391,12.719,5546
16425,149127.828,13.446,5546
16426,149140.344,12.502,5546
16427,149152.609,12.275,5546
16428,149165.016,12.408,5546
16429,149177.328,12.311,5546
16430,149189.766,12.436,5546
16431,149202.656,12.891,5546
16432,149214.500,11.849,5546
16433,149227.234,12.732,5546
16434,149239.422,12.178,5546
16435,149252.125,12.699,5546
16436,149264.297,12.186,5546
16437,149276.078,11.770,5546
16438,149288.625,12.562,5546
16439,149300.891,12.260,5546
16440,149312.297,11.401,5546
16441,149323.797,11.508,5546
16442,149335.313,11.518,5546
16443,149346.391,11.066,5546
16444,149357.406,11.010,5546
16445,149369.469,12.060,5546
16446,149381.219,11.774,5546
16447,149393.609,12.376,5546
16448,149404.922,11.315,5546
16449,149415.953,11.043,5546
16450,149427.672,11.700,5546
16451,149438.641,10.988,5546
16452,149451.438,12.787,5546
16453,149462.125,10.684,5546
16454,149473.516,11.383,5546
16455,149485.250,11.757,5546
16456,149498.891,13.629,5546
16457,149509.391,10.491,5546
16458,149522.078,12.690,5546
16459,149534.234,12.153,5546
16460,149545.234,11.019,5546
16461,149558.063,12.809,5546
16462,149568.828,10.762,5546
16463,149580.672,11.868,5546
16464,149592.375,11.694,5546
16465,149604.406,12.031,5546
16466,149615.672,11.269,5546
16467,149628.297,12.611,5546
16468,149641.641,13.352,5546
16469,149654.953,13.310,5546
16470,149666.328,11.370,5546
16471,149677.938,11.624,5546
16472,149690.641,12.701,5546
16473,149701.656,11.010,5546
16474,149713.906,12.259,5546
16475,149726.984,13.075,5546
16476,149738.922,11.923,5546
16477,149752.359,13.441,5546
16478,149763.594,11.229,5546
16479,149776.250,12.670,5546
16480,149789.094,12.840,5546
16481,149801.172,12.088,5546
16482,149814.984,13.801,5546
16483,149828.516,13.530,5546
16484,149842.047,13.533,5546
16485,149855.500,13.446,5546
16486,149867.406,11.907,5546
16487,149879.438,12.039,5546
16488,149892.172,12.731,5546
16489,149904.359,12.190,5546
16490,149916.891,12.524,5546
16491,149929.500,12.612,5546
16492,149942.328,12.837,5546
16493,149955.297,12.975,5546
16494,149968.094,12.781,5546
16495,149981.359,13.278,5546
16496,149992.922,11.547,5546
16497,150004.344,11.432,5546
16498,150015.875,11.537,5546
16499,150028.125,12.231,5546
16500,150040.250,12.142,5546
16501,150053.438,13.174,5546
16502,150065.563,12.133,5546
16503,150076.844,11.281,5546
16504,150088.344,11.506,5546
16505,150099.750,11.398,5546
16506,150111.531,11.777,5546
16507,150123.094,11.578,5546
16508,150135.203,12.113,5546
16509,150147.031,11.813,5546
16510,150159.047,12.024,5546
16511,150172.516,13.466,5546
16512,150184.938,12.419,5546
16513,150196.234,11.287,5546
16514,150207.266,11.047,5546
16515,150218.984,11.718,5546
16516,150230.469,11.482,5546
16517,150242.172,11.697,5546
16518,150253.203,11.038,5546
16519,150264.516,11.315,5546
16520,150275.250,10.733,5546
16521,150286.875,11.625,5546
16522,150298.125,11.247,5546
16523,150309.703,11.572,5546
16524,150320.484,10.786,5546
16525,150332.797,12.310,5546
16526,150345.328,12.536,5546
16527,150356.453,11.122,5546
16528,150368.766,12.314,5546
16529,150380.250,11.485,5546
16530,150391.609,11.355,5546
16531,150404.375,12.772,5546
16532,150416.500,12.122,5546
16533,150428.297,11.792,5546
16534,150442.500,14.214,5546
16535,150455.484,12.975,5546
16536,150467.125,11.649,5546
16537,150479.266,12.141,5546
16538,150490.906,11.635,5546
16539,150503.266,12.368,5546
16540,150513.844,10.568,5546
16541,150525.828,11.988,5546
16542,150537.281,11.463,5546
16543,150549.297,12.016,5546
16544,150561.641,12.330,5546
16545,150574.203,12.566,5546
16546,150587.188,12.991,5546
16547,150598.531,11.333,5546
16548,150611.266,12.738,5546
16549,150623.438,12.161,5546
16550,150636.234,12.804,5546
16551,150648.344,12.118,5546
16552,150660.625,12.286,5546
16553,150672.891,12.257,5546
16554,150685.359,12.473,5546
16555,150697.750,12.392,5546
16556,150709.922,12.169,5546
16557,150725.063,15.141,5546
16558,150752.078,27.006,5546
16559,150762.344,10.263,5546
16560,150773.594,11.255,5546
16561,150784.938,11.349,5546
16562,150796.453,11.521,5546
16563,150808.563,12.111,5546
16564,150819.672,11.105,5546
16565,150831.797,12.116,5546
16566,150849.250,17.454,5546
16567,150859.563,10.315,5546
16568,150871.672,12.105,5546
16569,150885.297,13.631,5546
16570,150897.750,12.450,5546
16571,150910.047,12.291,5546
16572,150921.969,11.936,5546
16573,150935.078,13.108,5546
16574,150954.047,18.957,5546
16575,150964.469,10.431,5546
16576,150976.781,12.304,5546
16577,150990.188,13.410,5546
16578,151001.922,11.736,5546
16579,151013.047,11.130,5546
16580,151025.063,12.011,5546
16581,151036.766,11.701,5546
16582,151048.188,11.422,5546
16583,151063.563,15.368,5546
16584,151073.734,10.189,5546
16585,151084.828,11.084,5546
16586,151097.094,12.274,5546
16587,151108.016,10.918,5546
16588,151119.672,11.647,5546
16589,151130.531,10.871,5546
16590,151142.094,11.549,5546
16591,151158.609,16.534,5546
16592,151168.781,10.163,5546
16593,151181.500,12.716,5546
16594,151192.891,11.387,5546
16595,151206.094,13.205,5546
16596,151219.016,12.918,5546
16597,151233.250,14.239,5546
16598,151246.734,13.479,5546
16599,151259.578,12.853,5546
16600,151274.422,14.848,5546
16601,151285.156,10.726,5546
16602,151297.125,11.981,5546
16603,151310.313,13.181,5546
16604,151323.266,12.963,5546
16605,151336.719,13.429,5546
16606,151349.422,12.709,5546
16607,151361.156,11.744,5546
16608,151376.688,15.532,5546
16609,151387.953,11.261,5546
16610,151400.438,12.481,5546
16611,151414.609,14.178,5546
16612,151427.266,12.665,5546
16613,151440.125,12.839,5546
16614,151451.656,11.546,5546
16615,151463.109,11.442,5546
16616,152133.500,670.391,5546
16617,152163.219,29.730,5546
16618,152173.625,10.391,5546
16619,152185.484,11.861,5546
16620,152201.453,15.962,5546
16621,152211.969,10.539,5546
16622,152223.719,11.733,5546
16623,152235.500,11.783,5546
16624,152247.094,11.597,5546
16625,152259.281,12.199,5546
16626,152271.719,12.435,5546
16627,152283.109,11.393,5546
16628,152294.016,10.906,5546
16629,152308.578,14.566,5546
16630,152318.500, 9.909,5546
16631,152329.953,11.461,5546
16632,152342.875,12.904,5546
16633,152356.563,13.709,5546
16634,152370.969,14.400,5546
16635,152384.516,13.552,5546
16636,152399.703,15.172,5546
16637,152417.078,17.376,5546
16638,152428.516,11.447,5546
16639,152441.578,13.055,5546
16640,152455.891,14.319,5546
16641,152470.750,14.854,5546
16642,152484.625,13.882,5546
16643,152498.313,13.678,5546
16644,152514.188,15.880,5546
16645,152527.750,13.561,5546
16646,152541.516,13.763,5546
16647,152553.859,12.351,5546
16648,152566.359,12.489,5546
16649,152578.828,12.463,5546
16650,152591.875,13.070,5546
16651,152603.234,11.358,5546
16652,152618.516,15.273,5546
16653,152628.953,10.441,5546
16654,152639.797,10.845,5546
16655,152651.500,11.693,5546
16656,152662.391,10.895,5546
16657,152673.438,11.040,5546
16658,152685.438,12.000,5546
16659,152696.891,11.458,5546
16660,152707.969,11.081,5546
16661,152722.516,14.547,5546
16662,152733.047,10.535,5546
16663,152744.188,11.133,5546
16664,152754.906,10.712,5546
16665,152766.969,12.068,5546
16666,152778.766,11.792,5546
16667,152792.234,13.470,5546
16668,152805.672,13.440,5546
16669,152820.266,14.605,5546
16670,152831.109,10.840,5546
16671,152842.484,11.382,5546
16672,152853.875,11.384,5546
16673,152865.031,11.147,5546
16674,152876.063,11.038,5546
16675,152888.609,12.551,5546
16676,152900.594,11.990,5546
16677,152918.266,17.658,5546
16678,152929.391,11.114,5546
16679,152940.172,10.786,5546
16680,152951.453,11.289,5546
16681,152963.016,11.558,5546
16682,152974.172,11.155,5546
16683,152986.000,11.846,5546
16684,152998.938,12.921,5546
16685,153015.172,16.251,5546
16686,153025.797,10.620,5546
16687,153038.969,13.160,5546
16688,153052.781,13.815,5546
16689,153064.266,11.482,5546
16690,153076.313,12.056,5546
16691,153089.063,12.755,5546
16692,153101.797,12.724,5546
16693,153121.641,19.846,5546
16694,153132.563,10.923,5546
16695,153145.625,13.054,5546
16696,153159.172,13.561,5546
16697,153173.391,14.209,5546
16698,153188.359,14.972,5546
16699,153202.734,14.365,5546
16700,153215.672,12.950,5546
16701,153232.406,16.738,5546
16702,153243.781,11.365,5546
16703,153255.109,11.335,5546
16704,153267.172,12.072,5546
16705,153278.297,11.116,5546
16706,153290.203,11.907,5546
16707,153301.156,10.956,5546
16708,153313.453,12.277,5546
16709,153325.297,11.864,5546
16710,153343.438,18.124,5546
16711,153353.969,10.545,5546
16712,153364.234,10.257,5546
16713,153375.797,11.568,5546
16714,153387.000,11.204,5546
16715,153398.766,11.758,5546
16716,153409.375,10.601,5546
16717,153421.203,11.846,5546
16718,153443.906,22.702,5546
16719,153454.578,10.681,5546
16720,153465.125,10.533,5546
16721,153476.609,11.485,5546
16722,153487.719,11.115,5546
16723,153498.781,11.055,5546
16724,153509.656,10.876,5546
16725,153521.500,11.837,5546
16726,153536.547,15.058,5546
16727,153547.594,11.038,5546
16728,153558.531,10.952,5546
16729,153569.828,11.293,5546
16730,153582.828,12.994,5546
16731,153596.141,13.308,5546
16732,153608.156,12.011,5546
16733,153619.891,11.758,5546
16734,153638.750,18.835,5546
16735,153648.734, 9.994,5546
16736,153660.781,12.048,5546
16737,153672.391,11.608,5546
16738,153683.609,11.225,5546
16739,153695.859,12.252,5546
16740,153706.781,10.917,5546
16741,153719.031,12.249,5546
16742,153739.750,20.719,5546
16743,153750.906,11.159,5546
16744,153762.984,12.083,5546
16745,153775.422,12.420,5546
16746,153786.875,11.467,5546
16747,153799.516,12.639,5546
16748,153812.672,13.163,5546
16749,153830.391,17.706,5546
16750,153841.719,11.330,5546
16751,153853.547,11.822,5546
16752,153866.656,13.132,5546
16753,153878.547,11.875,5546
16754,153891.406,12.860,5546
16755,153903.578,12.174,5546
16756,153915.266,11.689,5546
16757,153935.438,20.170,5546
16758,153946.047,10.604,5546
16759,153957.719,11.675,5546
16760,153969.563,11.844,5546
16761,153982.359,12.803,5546
16762,153994.969,12.609,5546
16763,154005.609,10.642,5546
16764,154018.094,12.464,5546
16765,154037.797,19.717,5546
16766,154047.344, 9.553,5546
16767,154058.938,11.579,5546
16768,154070.234,11.296,5546
16769,154081.516,11.287,5546
16770,154092.781,11.264,5546
16771,154104.328,11.559,5546
16772,154115.594,11.265,5546
16773,154132.063,16.461,5546
16774,154143.016,10.959,5546
16775,154153.984,10.965,5546
16776,154165.422,11.424,5546
16777,154177.016,11.604,5546
16778,154187.703,10.693,5546
16779,154198.859,11.145,5546
16780,154211.594,12.741,5546
16781,154229.500,17.905,5546
16782,154239.875,10.386,5546
16783,154251.766,11.880,5546
16784,154263.422,11.655,5546
16785,154275.859,12.440,5546
16786,154288.125,12.257,5546
16787,154299.891,11.787,5546
16788,154311.859,11.960,5546
16789,154330.422,18.564,5546
16790,154341.594,11.171,5546
16791,154354.406,12.813,5546
16792,154367.703,13.289,5546
16793,154380.703,12.993,5546
16794,154395.000,14.306,5546
16795,154407.875,12.877,5546
16796,154427.906,20.043,5546
16797,154438.156,10.237,5546
16798,154449.703,11.554,5546
16799,154461.188,11.484,5546
16800,154473.250,12.065,5546
16801,154484.516,11.259,5546
16802,154496.703,12.172,5546
16803,154508.766,12.068,5546
16804,154528.047,19.286,5546
16805,154538.156,10.115,5546
16806,154549.719,11.564,5546
16807,154562.188,12.466,5546
16808,154574.078,11.882,5546
16809,154586.641,12.577,5546
16810,154599.188,12.538,5546
16811,154611.375,12.178,5546
16812,154627.656,16.296,5546
16813,154637.984,10.333,5546
16814,154649.844,11.856,5546
16815,154662.078,12.221,5546
16816,154674.859,12.786,5546
16817,154687.016,12.153,5546
16818,154700.391,13.379,5546
16819,154711.641,11.248,5546
16820,154734.813,23.170,5546
16821,154744.609, 9.811,5546
16822,154755.313,10.702,5546
16823,154766.672,11.365,5546
16824,154777.766,11.093,5546
16825,154791.641,13.868,5546
16826,154802.656,11.024,5546
16827,154819.344,16.677,5546
16828,154829.438,10.092,5546
16829,154841.234,11.799,5546
16830,154854.141,12.893,5546
16831,154865.125,11.004,5546
16832,154876.813,11.681,5546
16833,154888.672,11.863,5546
16834,154899.328,10.660,5546
16835,154912.344,13.004,5546
16836,154930.391,18.053,5546
16837,154941.516,11.114,5546
16838,154952.109,10.588,5546
16839,154965.047,12.952,5546
16840,154976.469,11.418,5546
16841,154988.469,12.000,5546
16842,155000.484,12.018,5546
16843,155019.094,18.613,5546
16844,155030.891,11.785,5546
16845,155042.625,11.750,5546
16846,155053.828,11.194,5546
16847,155065.484,11.650,5546
16848,155077.234,11.768,5546
16849,155087.969,10.724,5546
16850,155100.203,12.232,5546
16851,155119.938,19.736,5546
16852,155130.813,10.869,5546
16853,155143.047,12.249,5546
16854,155155.453,12.395,5546
16855,155168.500,13.052,5546
16856,155183.750,15.244,5546
16857,155196.969,13.224,5546
16858,155210.344,13.367,5546
16859,155228.297,17.968,5546
16860,155239.172,10.865,5546
16861,155252.391,13.217,5546
16862,155264.781,12.384,5546
16863,155276.844,12.072,5546
16864,155290.125,13.277,5546
16865,155303.625,13.502,5546
16866,155320.344,16.722,5546
16867,155332.000,11.664,5546
16868,155344.953,12.947,5546
16869,155359.344,14.399,5546
16870,155370.813,11.455,5546
16871,155382.906,12.103,5546
16872,155394.344,11.436,5546
16873,155405.922,11.586,5546
16874,155425.859,19.931,5546
16875,155436.734,10.860,5546
16876,155448.750,12.022,5546
16877,155461.844,13.107,5546
16878,155474.281,12.432,5546
16879,155486.375,12.087,5546
16880,155498.844,12.470,5546
16881,155517.750,18.908,5546
16882,155528.281,10.534,5546
16883,155539.547,11.267,5546
16884,155550.453,10.903,5546
16885,155562.500,12.054,5546
16886,155573.547,11.044,5546
16887,155589.109,15.561,5546
16888,155601.578,12.462,5546
16889,155617.031,15.462,5546
16890,155627.969,10.931,5546
16891,155639.250,11.281,5546
16892,155651.297,12.053,5546
16893,155662.953,11.656,5546
16894,155675.172,12.218,5546
16895,155688.828,13.649,5546
16896,155699.703,10.874,5546
16897,155717.703,18.002,5546
16898,155727.500, 9.801,5546
16899,155738.609,11.121,5546
16900,155752.203,13.583,5546
16901,155763.516,11.300,5546
16902,155775.953,12.451,5546
16903,155787.656,11.701,5546
16904,155805.047,17.392,5546
16905,155816.078,11.029,5546
16906,155829.297,13.226,5546
16907,155841.172,11.873,5546
16908,155853.703,12.518,5546
16909,155866.109,12.407,5546
16910,155878.453,12.349,5546
16911,155890.391,11.946,5546
16912,155909.375,18.964,5546
16913,155921.500,12.132,5546
16914,155933.516,12.016,5546
16915,155945.063,11.556,5546
16916,155955.406,10.340,5546
16917,155966.313,10.904,5546
16918,155979.906,13.596,5546
16919,155997.250,17.358,5546
16920,156007.016, 9.753,5546
16921,156018.250,11.233,5546
16922,156029.375,11.123,5546
16923,156040.266,10.893,5546
16924,156052.563,12.306,5546
16925,156063.578,11.008,5546
16926,156076.297,12.719,5546
16927,156087.266,10.969,5546
16928,156103.953,16.691,5546
16929,156114.500,10.547,5546
16930,156125.250,10.757,5546
16931,156137.109,11.853,5546
16932,156148.813,11.698,5546
16933,156160.125,11.310,5546
16934,156171.172,11.045,5546
16935,156181.672,10.500,5546
16936,156196.531,14.863,5546
16937,156206.219, 9.688,5546
16938,156217.938,11.720,5546
16939,156229.250,11.310,5546
16940,156243.422,14.160,5546
16941,156255.156,11.748,5546
16942,156266.484,11.336,5546
16943,156277.484,10.993,5546
16944,156292.875,15.390,5546
16945,156304.125,11.245,5546
16946,156314.719,10.586,5546
16947,156325.813,11.104,5546
16948,156337.953,12.155,5546
16949,156350.109,12.142,5546
16950,156361.734,11.630,5546
16951,156374.500,12.758,5546
16952,156394.891,20.387,5546
16953,156405.250,10.366,5546
16954,156417.969,12.732,5546
16955,156430.828,12.839,5546
16956,156442.094,11.271,5546
16957,156454.406,12.313,5546
16958,156465.000,10.602,5546
16959,156477.094,12.087,5546
16960,156492.438,15.352,5546
16961,156501.844, 9.400,5546
16962,156513.391,11.536,5546
16963,156525.953,12.585,5546
16964,156538.672,12.719,5546
16965,156551.328,12.650,5546
16966,156563.828,12.498,5546
16967,156578.250,14.406,5546
16968,156594.172,15.924,5546
16969,156604.984,10.818,5546
16970,156617.828,12.845,5546
16971,156630.766,12.934,5546
16972,156644.328,13.571,5546
16973,156655.672,11.335,5546
16974,156667.000,11.330,5546
16975,156679.656,12.666,5546
16976,156697.391,17.715,5546
16977,156707.547,10.169,5546
16978,156718.672,11.136,5546
16979,156730.766,12.080,5546
16980,156743.078,12.319,5546
16981,156753.594,10.514,5546
16982,156763.719,10.120,5546
16983,156774.969,11.253,5546
16984,156793.734,18.761,5546
16985,156803.266, 9.548,5546
16986,156813.563,10.279,5546
16987,156825.797,12.246,5546
16988,156837.297,11.501,5546
16989,156849.031,11.724,5546
16990,156860.125,11.090,5546
16991,156871.063,10.944,5546
16992,156882.953,11.891,5546
16993,156898.469,15.527,5546
16994,156908.172, 9.686,5546
16995,156919.516,11.343,5546
16996,156930.406,10.900,5546
16997,156941.734,11.334,5546
16998,156953.250,11.507,5546
16999,156963.688,10.444,5546
17000,156974.703,10.994,5546
17001,156988.000,13.313,5546
17002,156999.438,11.438,5546
17003,157008.859, 9.412,5546
17004,157019.828,10.988,5546
17005,157030.609,10.781,5546
17006,157041.297,10.686,5546
17007,157052.500,11.198,5546
17008,157063.438,10.933,5546
17009,157074.563,11.128,5546
17010,157090.422,15.856,5546
17011,157099.703, 9.287,5546
17012,157111.484,11.767,5546
17013,157121.969,10.496,5546
17014,157133.641,11.674,5546
17015,157145.031,11.393,5546
17016,157156.828,11.785,5546
17017,157170.109,13.278,5546
17018,157189.000,18.895,5546
17019,157199.313,10.318,5546
17020,157210.703,11.380,5546
17021,157222.844,12.143,5546
17022,157234.313,11.472,5546
17023,157246.375,12.073,5546
17024,157259.547,13.165,5546
17025,157270.844,11.290,5546
17026,157286.297,15.463,5546
17027,157297.188,10.887,5546
17028,157310.875,13.691,5546
17029,157321.891,11.012,5546
17030,157334.000,12.123,5546
17031,157344.563,10.548,5546
17032,157356.219,11.662,5546
17033,157366.922,10.689,5546
17034,157382.375,15.457,5546
17035,157391.672, 9.298,5546
17036,157403.734,12.065,5546
17037,157414.984,11.252,5546
17038,157426.000,11.026,5546
17039,157437.297,11.288,5546
17040,157447.922,10.631,5546
17041,157459.063,11.140,5546
17042,157469.938,10.881,5546
17043,157487.641,17.684,5546
17044,157499.203,11.576,5546
17045,157510.609,11.409,5546
17046,157522.078,11.457,5546
17047,157534.125,12.047,5546
17048,157546.484,12.370,5546
17049,157558.094,11.592,5546
17050,157569.750,11.665,5546
17051,157587.344,17.602,5546
17052,157597.719,10.361,5546
17053,157608.922,11.212,5546
17054,157620.188,11.263,5546
17055,157630.969,10.775,5546
17056,157643.016,12.050,5546
17057,157654.719,11.697,5546
17058,157666.047,11.328,5546
17059,157683.594,17.559,5546
17060,157693.594, 9.994,5546
17061,157705.328,11.740,5546
17062,157717.172,11.842,5546
17063,157728.219,11.041,5546
17064,157742.031,13.810,5546
17065,157752.938,10.917,5546
17066,157764.531,11.601,5546
17067,157784.984,20.439,5546
17068,157795.344,10.367,5546
17069,157807.609,12.262,5546
17070,157819.063,11.459,5546
17071,157830.563,11.492,5546
17072,157842.922,12.359,5546
17073,157855.422,12.494,5546
17074,157871.875,16.464,5546
17075,157882.656,10.782,5546
17076,157893.938,11.287,5546
17077,157905.781,11.834,5546
17078,157918.234,12.457,5546
17079,157929.906,11.680,5546
17080,157942.266,12.353,5546
17081,157953.047,10.771,5546
17082,157966.313,13.273,5546
17083,157983.188,16.874,5546
17084,157992.453, 9.269,5546
17085,158002.891,10.425,5546
17086,158015.141,12.256,5546
17087,158027.031,11.892,5546
17088,158038.047,11.004,5546
17089,158048.281,10.248,5546
17090,158059.625,11.346,5546
17091,158077.031,17.403,5546
17092,158085.969, 8.946,5546
17093,158097.078,11.108,5546
17094,158108.297,11.213,5546
17095,158119.719,11.415,5546
17096,158130.594,10.879,5546
17097,158142.250,11.648,5546
17098,158154.719,12.467,5546
17099,158169.766,15.052,5546
17100,158180.969,11.210,5546
17101,158191.813,10.852,5546
17102,158202.563,10.741,5546
17103,158212.719,10.154,5546
17104,158223.031,10.319,5546
17105,158234.703,11.659,5546
17106,158245.688,10.995,5546
17107,158261.125,15.444,5546
17108,158271.313,10.183,5546
17109,158281.484,10.159,5546
17110,158293.563,12.090,5546
17111,158302.844, 9.269,5546
17112,158313.781,10.946,5546
17113,158324.234,10.445,5546
17114,158335.703,11.471,5546
17115,158346.703,10.997,5546
17116,158362.500,15.817,5546
17117,158373.906,11.404,5546
17118,158385.609,11.686,5546
17119,158397.031,11.430,5546
17120,158407.219,10.191,5546
17121,158418.234,11.016,5546
17122,158430.781,12.543,5546
17123,158443.141,12.368,5546
17124,158458.406,15.264,5546
17125,158467.922, 9.514,5546
17126,158478.500,10.574,5546
17127,158488.938,10.427,5546
17128,158499.469,10.529,5546
17129,158510.422,10.960,5546
17130,158522.109,11.690,5546
17131,158532.844,10.731,5546
17132,158549.656,16.812,5546
17133,158561.328,11.693,5546
17134,158574.859,13.511,5546
17135,158588.578,13.723,5546
17136,158602.078,13.499,5546
17137,158615.344,13.278,5546
17138,158627.438,12.074,5546
17139,158644.141,16.711,5546
17140,158657.438,13.292,5546
17141,158667.703,10.271,5546
17142,158679.594,11.891,5546
17143,158691.484,11.891,5546
17144,158704.172,12.682,5546
17145,158714.234,10.060,5546
17146,158725.391,11.158,5546
17147,158735.484,10.089,5546
17148,158750.141,14.667,5546
17149,158759.172, 9.031,5546
17150,158771.328,12.164,5546
17151,158783.922,12.598,5546
17152,158795.469,11.530,5546
17153,158806.766,11.293,5546
17154,158819.000,12.237,5546
17155,158830.875,11.881,5546
17156,158849.438,18.560,5546
17157,158859.234, 9.801,5546
17158,158872.391,13.159,5546
17159,158885.406,13.008,5546
17160,158897.781,12.377,5546
 