os,cpu,gpu,ram,kernel,driver,cpuscheduler
Steam Runtime 4,Intel Core i7-7700HQ CPU @ 2.80GHz,NVIDIA GeForce GTX 1050 Ti,24468604,6.12.108-1-MANJARO,,schedutil
fps,frametime,cpu_load,cpu_power,gpu_load,cpu_temp,gpu_temp,gpu_core_clock,gpu_mem_clock,gpu_vram_used,gpu_power,ram_used,swap_used,process_rss,cpu_mhz,elapsed
33.4582,29.888,53.6458,0,94,81,36,696,1752,1.14688,0,10.9206,2.48759,0,1727,467244227
309.85,3.22737,53.6458,0,94,81,36,696,1752,1.14688,0,10.9206,2.48759,0,1727,470492287
31.5749,31.6707,53.6458,0,94,81,36,696,1752,1.14688,0,10.9206,2.48759,0,1727,502144752
552.381,1.81035,53.6458,0,94,81,36,696,1752,1.14688,0,10.9206,2.48759,0,1727,503976500
25.2698,39.573,53.6458,0,94,81,36,696,1752,1.14688,0,10.9206,2.48759,0,1727,543528980
1097.83,0.910888,53.6458,0,94,81,36,696,1752,1.14688,0,10.9206,2.48759,0,1727,544438945
22.5139,44.4169,53.6458,0,94,81,36,696,1752,1.14688,0,10.9206,2.48759,0,1727,588889442
638.541,1.56607,53.6458,0,94,81,36,696,1752,1.14688,0,10.9206,2.48759,0,1727,590427436
49.4723,20.2133,53.6458,0,94,81,36,696,1752,1.14688,0,10.9206,2.48759,0,1727,610642322
1376.63,0.726414,53.6458,0,94,81,36,696,1752,1.14688,0,10.9206,2.48759,0,1727,611367694
31.4598,31.7866,53.6458,0,94,81,36,696,1752,1.14688,0,10.9206,2.48759,0,1727,643178823
1403.42,0.712546,53.6458,0,94,81,36,696,1752,1.14688,0,10.9206,2.48759,0,1727,643889119
24.9852,40.0237,53.6458,0,94,81,36,696,1752,1.14688,0,10.9206,2.48759,0,1727,683933286
1523.9,0.656209,53.6458,0,94,81,36,696,1752,1.14688,0,10.9206,2.48759,0,1727,684569857
39.5222,25.3022,53.6458,0,94,81,36,696,1752,1.14688,0,10.9206,2.48759,0,1727,709895640
684.482,1.46096,53.6458,0,94,81,36,696,1752,1.14688,0,10.9206,2.48759,0,1727,711334897
60.1921,16.6135,53.6458,0,94,81,36,696,1752,1.14688,0,10.9206,2.48759,0,1727,727950855
106.905,9.35407,53.6458,0,94,81,36,696,1752,1.14688,0,10.9206,2.48759,0,1727,737305973
21.7943,45.8836,53.6458,0,94,81,36,696,1752,1.14688,0,10.9206,2.48759,0,1727,783188916
1664.99,0.600604,53.6458,0,94,81,36,696,1752,1.14688,0,10.9206,2.48759,0,1727,783788421
45.9563,21.7598,53.6458,0,94,81,36,696,1752,1.14688,0,10.9206,2.48759,0,1727,805552165
66.3948,15.0614,53.6458,0,94,81,36,696,1752,1.14688,0,10.9206,2.48759,0,1727,820613849
24.5197,40.7835,53.6458,0,94,81,36,696,1752,1.14688,0,10.9206,2.48759,0,1727,861397770
1546.6,0.64658,53.6458,0,94,81,36,696,1752,1.14688,0,10.9206,2.48759,0,1727,862044152
27.5263,36.3288,53.6458,0,94,81,36,696,1752,1.14688,0,10.9206,2.48759,0,1727,898391626
1376.71,0.726372,53.6458,0,94,81,36,696,1752,1.14688,0,10.9206,2.48759,0,1727,899117600
32.3821,30.8813,53.6458,0,94,81,36,696,1752,1.14688,0,10.9206,2.48759,0,1727,930007679
707.286,1.41386,57.289,0,94,81,36,696,1752,1.14688,0,10.9285,2.48759,0,2428,931397149
59.3726,16.8428,57.289,0,94,81,36,696,1752,1.14688,0,10.9285,2.48759,0,2428,948241975
181.977,5.49519,57.289,0,94,81,36,696,1752,1.14688,0,10.9285,2.48759,0,2428,953755617
41.8747,23.8807,57.289,0,94,81,36,696,1752,1.14688,0,10.9285,2.48759,0,2428,977641200
98.6056,10.1414,57.289,0,94,81,36,696,1752,1.14688,0,10.9285,2.48759,0,2428,987762273
42.6841,23.4279,57.289,0,94,81,36,696,1752,1.14688,0,10.9285,2.48759,0,2428,1011190761
110.959,9.01232,57.289,0,94,81,36,696,1752,1.14688,0,10.9285,2.48759,0,2428,1020204342
40.4846,24.7008,57.289,0,94,81,36,696,1752,1.14688,0,10.9285,2.48759,0,2428,1044905949
117.247,8.52898,57.289,0,94,81,36,696,1752,1.14688,0,10.9285,2.48759,0,2428,1053435398
41.5268,24.0808,57.289,0,94,81,36,696,1752,1.14688,0,10.9285,2.48759,0,2428,1077518574
106.669,9.37477,57.289,0,94,81,36,696,1752,1.14688,0,10.9285,2.48759,0,2428,1086894213
37.4562,26.6978,57.289,0,94,81,36,696,1752,1.14688,0,10.9285,2.48759,0,2428,1113592864
156.742,6.3799,57.289,0,94,81,36,696,1752,1.14688,0,10.9285,2.48759,0,2428,1119992047
39.4155,25.3707,57.289,0,94,81,36,696,1752,1.14688,0,10.9285,2.48759,0,2428,1145346034
123.365,8.10603,57.289,0,94,81,36,696,1752,1.14688,0,10.9285,2.48759,0,2428,1153453493
34.1466,29.2855,57.289,0,94,81,36,696,1752,1.14688,0,10.9285,2.48759,0,2428,1182740843
207.322,4.82342,57.289,0,94,81,36,696,1752,1.14688,0,10.9285,2.48759,0,2428,1187564231
39.2635,25.469,57.289,0,94,81,36,696,1752,1.14688,0,10.9285,2.48759,0,2428,1213035784
142.036,7.04048,57.289,0,94,81,36,696,1752,1.14688,0,10.9285,2.48759,0,2428,1220077763
38.6279,25.888,57.289,0,94,81,36,696,1752,1.14688,0,10.9285,2.48759,0,2428,1245988369
129.782,7.70521,57.289,0,94,81,36,696,1752,1.14688,0,10.9285,2.48759,0,2428,1253716513
31.9746,31.2749,57.289,0,94,81,36,696,1752,1.14688,0,10.9285,2.48759,0,2428,1284971395
639.908,1.56272,57.289,0,94,81,36,696,1752,1.14688,0,10.9285,2.48759,0,2428,1286533042
27.739,36.0504,57.289,0,94,81,36,696,1752,1.14688,0,10.9285,2.48759,0,2428,1322607020
1371.44,0.729159,57.289,0,94,81,36,696,1752,1.14688,0,10.9285,2.48759,0,2428,1323313149
30.0036,33.3294,57.289,0,94,81,36,696,1752,1.14688,0,10.9285,2.48759,0,2428,1356645470
839.079,1.19178,57.289,0,94,81,36,696,1752,1.14688,0,10.9285,2.48759,0,2428,1357835937
32.1886,31.0669,57.289,0,94,81,36,696,1752,1.14688,0,10.9285,2.48759,0,2428,1388905024
1436.32,0.696225,57.289,0,94,81,36,696,1752,1.14688,0,10.9285,2.48759,0,2428,1389600224
29.6292,33.7505,57.289,0,94,81,36,696,1752,1.14688,0,10.9285,2.48759,0,2428,1423353660
1239.08,0.807048,57.289,0,94,81,36,696,1752,1.14688,0,10.9285,2.48759,0,2428,1424160263
43.1226,23.1897,57.289,0,94,81,36,696,1752,1.14688,0,10.9285,2.48759,0,2428,1447358784
172.334,5.80268,54.2289,0,95,80,72,1415,3504,2.29376,0,10.9287,2.48759,0,1750,1453176273
42.4988,23.5301,54.2289,0,95,80,72,1415,3504,2.29376,0,10.9287,2.48759,0,1750,1476706598
100.415,9.95872,54.2289,0,95,80,72,1415,3504,2.29376,0,10.9287,2.48759,0,1750,1486666377
39.5854,25.2619,54.2289,0,95,80,72,1415,3504,2.29376,0,10.9287,2.48759,0,1750,1511951467
128.378,7.78948,54.2289,0,95,80,72,1415,3504,2.29376,0,10.9287,2.48759,0,1750,1519719882
29.5947,33.7898,54.2289,0,95,80,72,1415,3504,2.29376,0,10.9287,2.48759,0,1750,1553511064
1308.81,0.764051,54.2289,0,95,80,72,1415,3504,2.29376,0,10.9287,2.48759,0,1750,1554274890
44.5948,22.4241,54.2289,0,95,80,72,1415,3504,2.29376,0,10.9287,2.48759,0,1750,1576739459
103.049,9.70414,54.2289,0,95,80,72,1415,3504,2.29376,0,10.9287,2.48759,0,1750,1586421723
24.4922,40.8294,54.2289,0,95,80,72,1415,3504,2.29376,0,10.9287,2.48759,0,1750,1627257370
1411.26,0.708586,54.2289,0,95,80,72,1415,3504,2.29376,0,10.9287,2.48759,0,1750,1627943839
24.1496,41.4086,54.2289,0,95,80,72,1415,3504,2.29376,0,10.9287,2.48759,0,1750,1669353145
1729.8,0.5781,54.2289,0,95,80,72,1415,3504,2.29376,0,10.9287,2.48759,0,1750,1669930936
17.7953,56.1947,54.2289,0,95,80,72,1415,3504,2.29376,0,10.9287,2.48759,0,1750,1726406076
502.206,1.99121,54.2289,0,95,80,72,1415,3504,2.29376,0,10.9287,2.48759,0,1750,1728118023
47.2265,21.1745,54.2289,0,95,80,72,1415,3504,2.29376,0,10.9287,2.48759,0,1750,1749294344
1339.96,0.74629,54.2289,0,95,80,72,1415,3504,2.29376,0,10.9287,2.48759,0,1750,1750061150
51.9709,19.2416,54.2289,0,95,80,72,1415,3504,2.29376,0,10.9287,2.48759,0,1750,1769305689
58.5076,17.0918,54.2289,0,95,80,72,1415,3504,2.29376,0,10.9287,2.48759,0,1750,1786376782
22.5656,44.3153,54.2289,0,95,80,72,1415,3504,2.29376,0,10.9287,2.48759,0,1750,1830712858
926.025,1.07989,54.2289,0,95,80,72,1415,3504,2.29376,0,10.9287,2.48759,0,1750,1831771519
58.0009,17.2411,54.2289,0,95,80,72,1415,3504,2.29376,0,10.9287,2.48759,0,1750,1849015288
254.979,3.92189,54.2289,0,95,80,72,1415,3504,2.29376,0,10.9287,2.48759,0,1750,1852939366
24.3234,41.1128,54.2289,0,95,80,72,1415,3504,2.29376,0,10.9287,2.48759,0,1750,1894063855
113.141,8.83849,54.2289,0,95,80,72,1415,3504,2.29376,0,10.9287,2.48759,0,1750,1902892623
35.797,27.9353,54.2289,0,95,80,72,1415,3504,2.29376,0,10.9287,2.48759,0,1750,1930827970
343.588,2.91046,54.2289,0,95,80,72,1415,3504,2.29376,0,10.9287,2.48759,0,1750,1933737486
28.1469,35.5278,54.2289,0,95,80,72,1415,3504,2.29376,0,10.9287,2.48759,0,1750,1969287804
1306.38,0.765476,54.2289,0,95,80,72,1415,3504,2.29376,0,10.9287,2.48759,0,1750,1970031750
25.5311,39.168,58.8378,0,95,80,72,1431,3504,2.29376,0,10.9212,2.48759,0,2659,2009213289
1642.79,0.608721,58.8378,0,95,80,72,1431,3504,2.29376,0,10.9212,2.48759,0,2659,2009808540
23.6841,42.2224,58.8378,0,95,80,72,1431,3504,2.29376,0,10.9212,2.48759,0,2659,2052033510
852.569,1.17292,58.8378,0,95,80,72,1431,3504,2.29376,0,10.9212,2.48759,0,2659,2053205222
77.6599,12.8767,58.8378,0,95,80,72,1431,3504,2.29376,0,10.9212,2.48759,0,2659,2066085728
302.606,3.30463,58.8378,0,95,80,72,1431,3504,2.29376,0,10.9212,2.48759,0,2659,2069389956
34.0862,29.3374,58.8378,0,95,80,72,1431,3504,2.29376,0,10.9212,2.48759,0,2659,2098727964
243.944,4.09931,58.8378,0,95,80,72,1431,3504,2.29376,0,10.9212,2.48759,0,2659,2102850226
28.7019,34.8409,58.8378,0,95,80,72,1431,3504,2.29376,0,10.9212,2.48759,0,2659,2137718886
1047.83,0.954351,58.8378,0,95,80,72,1431,3504,2.29376,0,10.9212,2.48759,0,2659,2138673245
22.6205,44.2077,58.8378,0,95,80,72,1431,3504,2.29376,0,10.9212,2.48759,0,2659,2182904086
876.045,1.14149,58.8378,0,95,80,72,1431,3504,2.29376,0,10.9212,2.48759,0,2659,2184023046
98.5348,10.1487,58.8378,0,95,80,72,1431,3504,2.29376,0,10.9212,2.48759,0,2659,2194174958
112.557,8.88437,58.8378,0,95,80,72,1431,3504,2.29376,0,10.9212,2.48759,0,2659,2203059067
32.7858,30.501,58.8378,0,95,80,72,1431,3504,2.29376,0,10.9212,2.48759,0,2659,2233584000
422.467,2.36705,58.8378,0,95,80,72,1431,3504,2.29376,0,10.9212,2.48759,0,2659,2235952333
25.2897,39.5419,58.8378,0,95,80,72,1431,3504,2.29376,0,10.9212,2.48759,0,2659,2275493626
1124.97,0.888914,58.8378,0,95,80,72,1431,3504,2.29376,0,10.9212,2.48759,0,2659,2276361200
28.3037,35.3311,58.8378,0,95,80,72,1431,3504,2.29376,0,10.9212,2.48759,0,2659,2311693878
612.86,1.6317,58.8378,0,95,80,72,1431,3504,2.29376,0,10.9212,2.48759,0,2659,2313326241
57.2062,17.4806,58.8378,0,95,80,72,1431,3504,2.29376,0,10.9212,2.48759,0,2659,2330808535
182.938,5.46633,58.8378,0,95,80,72,1431,3504,2.29376,0,10.9212,2.48759,0,2659,2336296380
43.0587,23.2241,58.8378,0,95,80,72,1431,3504,2.29376,0,10.9212,2.48759,0,2659,2359521738
104.428,9.57596,58.8378,0,95,80,72,1431,3504,2.29376,0,10.9212,2.48759,0,2659,2369100672
33.6513,29.7165,58.8378,0,95,80,72,1431,3504,2.29376,0,10.9212,2.48759,0,2659,2398839994
257.311,3.88635,58.8378,0,95,80,72,1431,3504,2.29376,0,10.9212,2.48759,0,2659,2402728125
21.76,45.956,58.8378,0,95,80,72,1431,3504,2.29376,0,10.9212,2.48759,0,2659,2448685810
805.355,1.24169,58.8378,0,95,80,72,1431,3504,2.29376,0,10.9212,2.48759,0,2659,2449924228
33.2759,30.0518,58.8378,0,95,80,72,1431,3504,2.29376,0,10.9212,2.48759,0,2659,2479999802
1391.43,0.718687,58.8378,0,95,80,72,1431,3504,2.29376,0,10.9212,2.48759,0,2659,2480696667
84.0395,11.8992,57.1782,0,95,81,72,1431,3504,2.29376,0,10.914,2.48759,0,2608,2492600117
102.089,9.79537,57.1782,0,95,81,72,1431,3504,2.29376,0,10.914,2.48759,0,2608,2502394862
20.9121,47.8192,57.1782,0,95,81,72,1431,3504,2.29376,0,10.914,2.48759,0,2608,2550233078
799.928,1.25011,57.1782,0,95,81,72,1431,3504,2.29376,0,10.914,2.48759,0,2608,2551485165
134.263,7.44806,57.1782,0,95,81,72,1431,3504,2.29376,0,10.914,2.48759,0,2608,2558935394
100.646,9.93577,57.1782,0,95,81,72,1431,3504,2.29376,0,10.914,2.48759,0,2608,2568893964
35.2099,28.4011,57.1782,0,95,81,72,1431,3504,2.29376,0,10.914,2.48759,0,2608,2597275353
158.659,6.30281,57.1782,0,95,81,72,1431,3504,2.29376,0,10.914,2.48759,0,2608,2603600163
36.551,27.359,57.1782,0,95,81,72,1431,3504,2.29376,0,10.914,2.48759,0,2608,2630959932
209.725,4.76815,57.1782,0,95,81,72,1431,3504,2.29376,0,10.914,2.48759,0,2608,2635707264
29.0654,34.4051,57.1782,0,95,81,72,1431,3504,2.29376,0,10.914,2.48759,0,2608,2670114129
697.835,1.433,57.1782,0,95,81,72,1431,3504,2.29376,0,10.914,2.48759,0,2608,2671546745
47.7735,20.9321,57.1782,0,95,81,72,1431,3504,2.29376,0,10.914,2.48759,0,2608,2692480691
104.904,9.53251,57.1782,0,95,81,72,1431,3504,2.29376,0,10.914,2.48759,0,2608,2702034863
39.5799,25.2653,57.1782,0,95,81,72,1431,3504,2.29376,0,10.914,2.48759,0,2608,2727280227
119.751,8.35066,57.1782,0,95,81,72,1431,3504,2.29376,0,10.914,2.48759,0,2608,2735653819
41.9922,23.814,57.1782,0,95,81,72,1431,3504,2.29376,0,10.914,2.48759,0,2608,2759447527
38.5811,25.9194,57.1782,0,95,81,72,1431,3504,2.29376,0,10.914,2.48759,0,2608,2785371256
20.8649,47.9273,57.1782,0,95,81,72,1431,3504,2.29376,0,10.914,2.48759,0,2608,2833297109
1239.22,0.806959,57.1782,0,95,81,72,1431,3504,2.29376,0,10.914,2.48759,0,2608,2834103381
83.5316,11.9715,57.1782,0,95,81,72,1431,3504,2.29376,0,10.914,2.48759,0,2608,2846076633
154.949,6.45372,57.1782,0,95,81,72,1431,3504,2.29376,0,10.914,2.48759,0,2608,2852532147
25.201,39.6809,57.1782,0,95,81,72,1431,3504,2.29376,0,10.914,2.48759,0,2608,2892245351
485.396,2.06017,57.1782,0,95,81,72,1431,3504,2.29376,0,10.914,2.48759,0,2608,2894318696
44.8372,22.3029,57.1782,0,95,81,72,1431,3504,2.29376,0,10.914,2.48759,0,2608,2916601556
392.468,2.54798,57.1782,0,95,81,72,1431,3504,2.29376,0,10.914,2.48759,0,2608,2919150750
17.2473,57.9801,57.1782,0,95,81,72,1431,3504,2.29376,0,10.914,2.48759,0,2608,2977130253
1630.74,0.613218,57.1782,0,95,81,72,1431,3504,2.29376,0,10.914,2.48759,0,2608,2977742484
50.9505,19.6269,57.1782,0,95,81,72,1431,3504,2.29376,0,10.914,2.48759,0,2608,2997398113
165.178,6.05408,63.5922,0,91,81,72,1405,3504,2.29376,0,10.9215,2.48759,0,1889,3003428842
18.9847,52.674,63.5922,0,91,81,72,1405,3504,2.29376,0,10.9215,2.48759,0,1889,3056101879
1661.74,0.601779,63.5922,0,91,81,72,1405,3504,2.29376,0,10.9215,2.48759,0,1889,3056702512
31.3344,31.9138,63.5922,0,91,81,72,1405,3504,2.29376,0,10.9215,2.48759,0,1889,3088618754
1561.19,0.640539,63.5922,0,91,81,72,1405,3504,2.29376,0,10.9215,2.48759,0,1889,3089258134
144.331,6.92854,63.5922,0,91,81,72,1405,3504,2.29376,0,10.9215,2.48759,0,1889,3096189822
173.584,5.76089,63.5922,0,91,81,72,1405,3504,2.29376,0,10.9215,2.48759,0,1889,3101952533
28.8796,34.6265,63.5922,0,91,81,72,1405,3504,2.29376,0,10.9215,2.48759,0,1889,3136580244
331.973,3.01229,63.5922,0,91,81,72,1405,3504,2.29376,0,10.9215,2.48759,0,1889,3139614181
21.906,45.6497,63.5922,0,91,81,72,1405,3504,2.29376,0,10.9215,2.48759,0,1889,3185264567
1357.86,0.736451,63.5922,0,91,81,72,1405,3504,2.29376,0,10.9215,2.48759,0,1889,3186000176
27.9651,35.7589,63.5922,0,91,81,72,1405,3504,2.29376,0,10.9215,2.48759,0,1889,3221761291
626.29,1.5967,63.5922,0,91,81,72,1405,3504,2.29376,0,10.9215,2.48759,0,1889,3223357488
71.6024,13.966,63.5922,0,91,81,72,1405,3504,2.29376,0,10.9215,2.48759,0,1889,3237325830
1174.63,0.851329,63.5922,0,91,81,72,1405,3504,2.29376,0,10.9215,2.48759,0,1889,3238176461
26.8765,37.2073,63.5922,0,91,81,72,1405,3504,2.29376,0,10.9215,2.48759,0,1889,3275386161
103.797,9.63416,63.5922,0,91,81,72,1405,3504,2.29376,0,10.9215,2.48759,0,1889,3285021088
39.5626,25.2764,63.5922,0,91,81,72,1405,3504,2.29376,0,10.9215,2.48759,0,1889,3310298772
1364.15,0.733058,63.5922,0,91,81,72,1405,3504,2.29376,0,10.9215,2.48759,0,1889,3311030943
31.1001,32.1542,63.5922,0,91,81,72,1405,3504,2.29376,0,10.9215,2.48759,0,1889,3343263931
108.398,9.22524,63.5922,0,91,81,72,1405,3504,2.29376,0,10.9215,2.48759,0,1889,3352648372
16.0604,62.265,63.5922,0,91,81,72,1405,3504,2.29376,0,10.9215,2.48759,0,1889,3414703593
1400.75,0.713904,63.5922,0,91,81,72,1405,3504,2.29376,0,10.9215,2.48759,0,1889,3415437819
116.1,8.61327,63.5922,0,91,81,72,1405,3504,2.29376,0,10.9215,2.48759,0,1889,3424052880
69.4534,14.3981,63.5922,0,91,81,72,1405,3504,2.29376,0,10.9215,2.48759,0,1889,3438453988
30.5621,32.7203,63.5922,0,91,81,72,1405,3504,2.29376,0,10.9215,2.48759,0,1889,3471175143
594.33,1.68257,63.5922,0,91,81,72,1405,3504,2.29376,0,10.9215,2.48759,0,1889,3472857300
32.3944,30.8695,63.5922,0,91,81,72,1405,3504,2.29376,0,10.9215,2.48759,0,1889,3503753667
602.866,1.65874,68.262,0,91,83,72,1405,3504,2.29376,0,10.9215,2.48759,0,1836,3505388306
32.3605,30.9019,68.262,0,91,83,72,1405,3504,2.29376,0,10.9215,2.48759,0,1836,3536304562
1315.24,0.760319,68.262,0,91,83,72,1405,3504,2.29376,0,10.9215,2.48759,0,1836,3537050799
29.2887,34.1429,68.262,0,91,83,72,1405,3504,2.29376,0,10.9215,2.48759,0,1836,3571196401
263.245,3.79874,68.262,0,91,83,72,1405,3504,2.29376,0,10.9215,2.48759,0,1836,3574995629
25.6722,38.9527,68.262,0,91,83,72,1405,3504,2.29376,0,10.9215,2.48759,0,1836,3613968037
1032.75,0.968292,68.262,0,91,83,72,1405,3504,2.29376,0,10.9215,2.48759,0,1836,3614918030
56.3526,17.7454,68.262,0,91,83,72,1405,3504,2.29376,0,10.9215,2.48759,0,1836,3632665877
407.438,2.45436,68.262,0,91,83,72,1405,3504,2.29376,0,10.9215,2.48759,0,1836,3635141913
33.5174,29.8352,68.262,0,91,83,72,1405,3504,2.29376,0,10.9215,2.48759,0,1836,3664956712
299.856,3.33493,68.262,0,91,83,72,1405,3504,2.29376,0,10.9215,2.48759,0,1836,3668293750
26.5232,37.7029,68.262,0,91,83,72,1405,3504,2.29376,0,10.9215,2.48759,0,1836,3705995842
595.348,1.67969,68.262,0,91,83,72,1405,3504,2.29376,0,10.9215,2.48759,0,1836,3707688890
31.6919,31.5538,68.262,0,91,83,72,1405,3504,2.29376,0,10.9215,2.48759,0,1836,3739253358
1229.21,0.813529,68.262,0,91,83,72,1405,3504,2.29376,0,10.9215,2.48759,0,1836,3740044544
56.1981,17.7942,68.262,0,91,83,72,1405,3504,2.29376,0,10.9215,2.48759,0,1836,3757841797
101.183,9.8831,68.262,0,91,83,72,1405,3504,2.29376,0,10.9215,2.48759,0,1836,3767725797
33.8427,29.5485,68.262,0,91,83,72,1405,3504,2.29376,0,10.9215,2.48759,0,1836,3797275836
215.537,4.63957,68.262,0,91,83,72,1405,3504,2.29376,0,10.9215,2.48759,0,1836,3801916858
44.4098,22.5175,68.262,0,91,83,72,1405,3504,2.29376,0,10.9215,2.48759,0,1836,3824435550
99.1454,10.0862,68.262,0,91,83,72,1405,3504,2.29376,0,10.9215,2.48759,0,1836,3834523566
21.6368,46.2175,68.262,0,91,83,72,1405,3504,2.29376,0,10.9215,2.48759,0,1836,3880762602
167.265,5.97854,68.262,0,91,83,72,1405,3504,2.29376,0,10.9215,2.48759,0,1836,3886742091
20.9565,47.718,68.262,0,91,83,72,1405,3504,2.29376,0,10.9215,2.48759,0,1836,3934482450
289.164,3.45825,68.262,0,91,83,72,1405,3504,2.29376,0,10.9215,2.48759,0,1836,3937919615
138.887,7.2001,68.262,0,91,83,72,1405,3504,2.29376,0,10.9215,2.48759,0,1836,3945120043
136.555,7.32307,68.262,0,91,83,72,1405,3504,2.29376,0,10.9215,2.48759,0,1836,3952465463
24.2509,41.2356,68.262,0,91,83,72,1405,3504,2.29376,0,10.9215,2.48759,0,1836,3993682145
1121.2,0.891905,68.262,0,91,83,72,1405,3504,2.29376,0,10.9215,2.48759,0,1836,3994572984
15.9185,62.8199,68.262,0,91,83,72,1405,3504,2.29376,0,10.9215,2.48759,0,1836,4057396695
756.595,1.32171,72.9216,0,90,83,72,1403,3504,2.29376,0,10.9215,2.48759,0,2288,4058714170
43.6683,22.8999,72.9216,0,90,83,72,1403,3504,2.29376,0,10.9215,2.48759,0,2288,4081616044
1180.07,0.847408,72.9216,0,90,83,72,1403,3504,2.29376,0,10.9215,2.48759,0,2288,4082463843
26.1946,38.1758,72.9216,0,90,83,72,1403,3504,2.29376,0,10.9215,2.48759,0,2288,4120641136
1123.37,0.890177,72.9216,0,90,83,72,1403,3504,2.29376,0,10.9215,2.48759,0,2288,4121531604
27.5546,36.2915,72.9216,0,90,83,72,1403,3504,2.29376,0,10.9215,2.48759,0,2288,4157843248
706.358,1.41571,72.9216,0,90,83,72,1403,3504,2.29376,0,10.9215,2.48759,0,2288,4159260994
29.2126,34.2318,72.9216,0,90,83,72,1403,3504,2.29376,0,10.9215,2.48759,0,2288,4193473319
1385.72,0.721647,72.9216,0,90,83,72,1403,3504,2.29376,0,10.9215,2.48759,0,2288,4194193874
131.08,7.62891,72.9216,0,90,83,72,1403,3504,2.29376,0,10.9215,2.48759,0,2288,4201825395
62.3008,16.0511,72.9216,0,90,83,72,1403,3504,2.29376,0,10.9215,2.48759,0,2288,4217878288
40.8784,24.4628,72.9216,0,90,83,72,1403,3504,2.29376,0,10.9215,2.48759,0,2288,4242342366
118.973,8.4053,72.9216,0,90,83,72,1403,3504,2.29376,0,10.9215,2.48759,0,2288,4250748263
23.5278,42.5028,72.9216,0,90,83,72,1403,3504,2.29376,0,10.9215,2.48759,0,2288,4293251572
1020.45,0.979958,72.9216,0,90,83,72,1403,3504,2.29376,0,10.9215,2.48759,0,2288,4294230688
26.8522,37.2409,72.9216,0,90,83,72,1403,3504,2.29376,0,10.9215,2.48759,0,2288,4331474210
1033.66,0.967438,72.9216,0,90,83,72,1403,3504,2.29376,0,10.9215,2.48759,0,2288,4332441435
27.9885,35.7289,72.9216,0,90,83,72,1403,3504,2.29376,0,10.9215,2.48759,0,2288,4368192383
1030.46,0.970442,72.9216,0,90,83,72,1403,3504,2.29376,0,10.9215,2.48759,0,2288,4369142119
91.1817,10.9671,72.9216,0,90,83,72,1403,3504,2.29376,0,10.9215,2.48759,0,2288,4380111992
224.812,4.44816,72.9216,0,90,83,72,1403,3504,2.29376,0,10.9215,2.48759,0,2288,4384560303
16.536,60.4742,72.9216,0,90,83,72,1403,3504,2.29376,0,10.9215,2.48759,0,2288,4445034958
687.342,1.45488,72.9216,0,90,83,72,1403,3504,2.29376,0,10.9215,2.48759,0,2288,4446489479
76.2153,13.1207,72.9216,0,90,83,72,1403,3504,2.29376,0,10.9215,2.48759,0,2288,4459610992
123.228,8.11505,72.9216,0,90,83,72,1403,3504,2.29376,0,10.9215,2.48759,0,2288,4467750056
34.1977,29.2418,72.9216,0,90,83,72,1403,3504,2.29376,0,10.9215,2.48759,0,2288,4496970975
160.808,6.21858,72.9216,0,90,83,72,1403,3504,2.29376,0,10.9215,2.48759,0,2288,4503191044
26.4847,37.7576,72.9216,0,90,83,72,1403,3504,2.29376,0,10.9215,2.48759,0,2288,4540949782
1199.48,0.833695,72.9216,0,90,83,72,1403,3504,2.29376,0,10.9215,2.48759,0,2288,4541803945
18.5053,54.0385,72.9216,0,90,83,72,1403,3504,2.29376,0,10.9215,2.48759,0,2288,4595827548
525.376,1.9034,77.0686,0,88,83,72,1434,3504,2.29376,0,10.9215,2.48759,0,1749,4597726705
29.8032,33.5535,77.0686,0,88,83,72,1434,3504,2.29376,0,10.9215,2.48759,0,1749,4631282072
785.538,1.27301,77.0686,0,88,83,72,1434,3504,2.29376,0,10.9215,2.48759,0,1749,4632555316
101.372,9.86462,77.0686,0,88,83,72,1434,3504,2.29376,0,10.9215,2.48759,0,1749,4642420510
119.094,8.39671,77.0686,0,88,83,72,1434,3504,2.29376,0,10.9215,2.48759,0,1749,4650819267
30.421,32.872,77.0686,0,88,83,72,1434,3504,2.29376,0,10.9215,2.48759,0,1749,4683692359
1122.3,0.891026,77.0686,0,88,83,72,1434,3504,2.29376,0,10.9215,2.48759,0,1749,4684582653
28.9144,34.5849,77.0686,0,88,83,72,1434,3504,2.29376,0,10.9215,2.48759,0,1749,4719170462
649.867,1.53878,77.0686,0,88,83,72,1434,3504,2.29376,0,10.9215,2.48759,0,1749,4720709996
33.7137,29.6616,77.0686,0,88,83,72,1434,3504,2.29376,0,10.9215,2.48759,0,1749,4750372883
1154.37,0.866272,77.0686,0,88,83,72,1434,3504,2.29376,0,10.9215,2.48759,0,1749,4751238528
30.1694,33.1462,77.0686,0,88,83,72,1434,3504,2.29376,0,10.9215,2.48759,0,1749,4784407471
1231.36,0.812111,77.0686,0,88,83,72,1434,3504,2.29376,0,10.9215,2.48759,0,1749,4785197793
28.3701,35.2484,77.0686,0,88,83,72,1434,3504,2.29376,0,10.9215,2.48759,0,1749,4820448830
365.188,2.73832,77.0686,0,88,83,72,1434,3504,2.29376,0,10.9215,2.48759,0,1749,4823187844
56.1392,17.8129,77.0686,0,88,83,72,1434,3504,2.29376,0,10.9215,2.48759,0,1749,4841002119
106.127,9.42271,77.0686,0,88,83,72,1434,3504,2.29376,0,10.9215,2.48759,0,1749,4850424997
41.8362,23.9028,77.0686,0,88,83,72,1434,3504,2.29376,0,10.9215,2.48759,0,1749,4874329834
104.461,9.57299,77.0686,0,88,83,72,1434,3504,2.29376,0,10.9215,2.48759,0,1749,4883903326
42.7007,23.4188,77.0686,0,88,83,72,1434,3504,2.29376,0,10.9215,2.48759,0,1749,4907344317
105.451,9.48306,77.0686,0,88,83,72,1434,3504,2.29376,0,10.9215,2.48759,0,1749,4916829849
28.8625,34.647,77.0686,0,88,83,72,1434,3504,2.29376,0,10.9215,2.48759,0,1749,4951477454
430.207,2.32446,77.0686,0,88,83,72,1434,3504,2.29376,0,10.9215,2.48759,0,1749,4953801392
32.7132,30.5687,77.0686,0,88,83,72,1434,3504,2.29376,0,10.9215,2.48759,0,1749,4984630170
874.094,1.14404,77.0686,0,88,83,72,1434,3504,2.29376,0,10.9215,2.48759,0,1749,4985515778
27.6974,36.1045,77.0686,0,88,83,72,1434,3504,2.29376,0,10.9215,2.48759,0,1749,5021643960
1320.56,0.757256,77.0686,0,88,83,72,1434,3504,2.29376,0,10.9215,2.48759,0,1749,5022378868
31.0215,32.2357,77.0686,0,88,83,72,1434,3504,2.29376,0,10.9215,2.48759,0,1749,5054617883
212.627,4.70307,77.0686,0,88,83,72,1434,3504,2.29376,0,10.9215,2.48759,0,1749,5059344029
49.4116,20.2382,77.0686,0,88,83,72,1434,3504,2.29376,0,10.9215,2.48759,0,1749,5079562116
233.285,4.2866,77.0686,0,88,83,72,1434,3504,2.29376,0,10.9215,2.48759,0,1749,5083850113
35.4565,28.2036,77.0686,0,88,83,72,1434,3504,2.29376,0,10.9215,2.48759,0,1749,5112059493
212.579,4.70414,73.1527,0,88,83,72,1434,3504,2.29376,0,10.9046,2.48759,0,1775,5116759208
23.2422,43.0252,73.1527,0,88,83,72,1434,3504,2.29376,0,10.9046,2.48759,0,1775,5159786176
408.967,2.44518,73.1527,0,88,83,72,1434,3504,2.29376,0,10.9046,2.48759,0,1775,5162230930
26.707,37.4433,73.1527,0,88,83,72,1434,3504,2.29376,0,10.9046,2.48759,0,1775,5199695849
1515.23,0.659966,73.1527,0,88,83,72,1434,3504,2.29376,0,10.9046,2.48759,0,1775,5200334248
141.651,7.05959,73.1527,0,88,83,72,1434,3504,2.29376,0,10.9046,2.48759,0,1775,5207417779
107.935,9.26486,73.1527,0,88,83,72,1434,3504,2.29376,0,10.9046,2.48759,0,1775,5216662958
20.9534,47.7249,73.1527,0,88,83,72,1434,3504,2.29376,0,10.9046,2.48759,0,1775,5264407967
880.002,1.13636,73.1527,0,88,83,72,1434,3504,2.29376,0,10.9046,2.48759,0,1775,5265544125
32.128,31.1255,73.1527,0,88,83,72,1434,3504,2.29376,0,10.9046,2.48759,0,1775,5296671756
1301.75,0.768194,73.1527,0,88,83,72,1434,3504,2.29376,0,10.9046,2.48759,0,1775,5297438700
84.8182,11.7899,73.1527,0,88,83,72,1434,3504,2.29376,0,10.9046,2.48759,0,1775,5309232475
130.494,7.6632,73.1527,0,88,83,72,1434,3504,2.29376,0,10.9046,2.48759,0,1775,5316896780
36.8043,27.1707,73.1527,0,88,83,72,1434,3504,2.29376,0,10.9046,2.48759,0,1775,5344068797
172.231,5.80616,73.1527,0,88,83,72,1434,3504,2.29376,0,10.9046,2.48759,0,1775,5349876126
30.0304,33.2996,73.1527,0,88,83,72,1434,3504,2.29376,0,10.9046,2.48759,0,1775,5383175989
332.101,3.01113,73.1527,0,88,83,72,1434,3504,2.29376,0,10.9046,2.48759,0,1775,5386206028
28.9099,34.5902,73.1527,0,88,83,72,1434,3504,2.29376,0,10.9046,2.48759,0,1775,5420780373
1289.06,0.775758,73.1527,0,88,83,72,1434,3504,2.29376,0,10.9046,2.48759,0,1775,5421553917
55.7433,17.9394,73.1527,0,88,83,72,1434,3504,2.29376,0,10.9046,2.48759,0,1775,5439497231
96.9251,10.3172,73.1527,0,88,83,72,1434,3504,2.29376,0,10.9046,2.48759,0,1775,5449827259
49.9709,20.0116,73.1527,0,88,83,72,1434,3504,2.29376,0,10.9046,2.48759,0,1775,5469831147
77.1403,12.9634,73.1527,0,88,83,72,1434,3504,2.29376,0,10.9046,2.48759,0,1775,5482792512
46.9601,21.2947,73.1527,0,88,83,72,1434,3504,2.29376,0,10.9046,2.48759,0,1775,5504089759
82.882,12.0654,73.1527,0,88,83,72,1434,3504,2.29376,0,10.9046,2.48759,0,1775,5516155120
46.8857,21.3285,73.1527,0,88,83,72,1434,3504,2.29376,0,10.9046,2.48759,0,1775,5537485567
83.9067,11.918,73.1527,0,88,83,72,1434,3504,2.29376,0,10.9046,2.48759,0,1775,5549403327
48.897,20.4511,73.1527,0,88,83,72,1434,3504,2.29376,0,10.9046,2.48759,0,1775,5569858874
78.3258,12.7672,73.1527,0,88,83,72,1434,3504,2.29376,0,10.9046,2.48759,0,1775,5582624310
33.1701,30.1477,73.1527,0,88,83,72,1434,3504,2.29376,0,10.9046,2.48759,0,1775,5612781452
324.642,3.08032,56.0723,0,94,83,72,1397,3504,2.29376,0,10.9054,2.48759,0,3406,5615853808
32.9827,30.3189,56.0723,0,94,83,72,1397,3504,2.29376,0,10.9054,2.48759,0,3406,5646174135
328.484,3.04429,56.0723,0,94,83,72,1397,3504,2.29376,0,10.9054,2.48759,0,3406,5649240370
48.7894,20.4963,56.0723,0,94,83,72,1397,3504,2.29376,0,10.9054,2.48759,0,3406,5669717479
77.8078,12.8522,56.0723,0,94,83,72,1397,3504,2.29376,0,10.9054,2.48759,0,3406,5682590298
36.5632,27.3499,56.0723,0,94,83,72,1397,3504,2.29376,0,10.9054,2.48759,0,3406,5709932663
166.204,6.01669,56.0723,0,94,83,72,1397,3504,2.29376,0,10.9054,2.48759,0,3406,5715939892
38.2788,26.1242,56.0723,0,94,83,72,1397,3504,2.29376,0,10.9054,2.48759,0,3406,5742064407
140.738,7.10542,56.0723,0,94,83,72,1397,3504,2.29376,0,10.9054,2.48759,0,3406,5749171204
47.2553,21.1617,56.0723,0,94,83,72,1397,3504,2.29376,0,10.9054,2.48759,0,3406,5770334252
82.4383,12.1303,56.0723,0,94,83,72,1397,3504,2.29376,0,10.9054,2.48759,0,3406,5782464345
43.5004,22.9883,56.0723,0,94,83,72,1397,3504,2.29376,0,10.9054,2.48759,0,3406,5805454950
95.8853,10.4291,56.0723,0,94,83,72,1397,3504,2.29376,0,10.9054,2.48759,0,3406,5815913727
47.1391,21.2138,56.0723,0,94,83,72,1397,3504,2.29376,0,10.9054,2.48759,0,3406,5837128941
83.4822,11.9786,56.0723,0,94,83,72,1397,3504,2.29376,0,10.9054,2.48759,0,3406,5849120997
31.9788,31.2707,56.0723,0,94,83,72,1397,3504,2.29376,0,10.9054,2.48759,0,3406,5880379025
471.897,2.11911,56.0723,0,94,83,72,1397,3504,2.29376,0,10.9054,2.48759,0,3406,5882499226
48.3872,20.6666,56.0723,0,94,83,72,1397,3504,2.29376,0,10.9054,2.48759,0,3406,5903167525
80.1475,12.477,56.0723,0,94,83,72,1397,3504,2.29376,0,10.9054,2.48759,0,3406,5915644723
39.1247,25.5593,56.0723,0,94,83,72,1397,3504,2.29376,0,10.9054,2.48759,0,3406,5941206307
127.678,7.83222,56.0723,0,94,83,72,1397,3504,2.29376,0,10.9054,2.48759,0,3406,5949039182
36.6376,27.2944,56.0723,0,94,83,72,1397,3504,2.29376,0,10.9054,2.48759,0,3406,5976335724
168.292,5.94207,56.0723,0,94,83,72,1397,3504,2.29376,0,10.9054,2.48759,0,3406,5982278441
35.2447,28.3731,56.0723,0,94,83,72,1397,3504,2.29376,0,10.9054,2.48759,0,3406,6010653262
196.211,5.09655,56.0723,0,94,83,72,1397,3504,2.29376,0,10.9054,2.48759,0,3406,6015751196
43.6327,22.9186,56.0723,0,94,83,72,1397,3504,2.29376,0,10.9054,2.48759,0,3406,6038669701
98.1842,10.1849,56.0723,0,94,83,72,1397,3504,2.29376,0,10.9054,2.48759,0,3406,6048855690
35.6827,28.0248,56.0723,0,94,83,72,1397,3504,2.29376,0,10.9054,2.48759,0,3406,6076894258
184.493,5.42025,56.0723,0,94,83,72,1397,3504,2.29376,0,10.9054,2.48759,0,3406,6082301611
42.3229,23.6279,56.0723,0,94,83,72,1397,3504,2.29376,0,10.9054,2.48759,0,3406,6105936238
102.674,9.7396,56.0723,0,94,83,72,1397,3504,2.29376,0,10.9054,2.48759,0,3406,6115674121
41.2311,24.2535,38.8325,0,99,83,72,1392,3504,2.29376,0,10.8984,2.48759,0,3422,6139926908
113.297,8.8264,38.8325,0,99,83,72,1392,3504,2.29376,0,10.8984,2.48759,0,3422,6148753565
47.6156,21.0015,38.8325,0,99,83,72,1392,3504,2.29376,0,10.8984,2.48759,0,3422,6169757636
80.6892,12.3932,38.8325,0,99,83,72,1392,3504,2.29376,0,10.8984,2.48759,0,3422,6182150389
32.4216,30.8436,38.8325,0,99,83,72,1392,3504,2.29376,0,10.8984,2.48759,0,3422,6212995839
403.802,2.47646,38.8325,0,99,83,72,1392,3504,2.29376,0,10.8984,2.48759,0,3422,6215473499
35.1933,28.4145,38.8325,0,99,83,72,1392,3504,2.29376,0,10.8984,2.48759,0,3422,6243888472
204.383,4.89278,38.8325,0,99,83,72,1392,3504,2.29376,0,10.8984,2.48759,0,3422,6248782749
49.6629,20.1358,38.8325,0,99,83,72,1392,3504,2.29376,0,10.8984,2.48759,0,3422,6268920221
75.7805,13.196,38.8325,0,99,83,72,1392,3504,2.29376,0,10.8984,2.48759,0,3422,6282116545
38.6862,25.849,38.8325,0,99,83,72,1392,3504,2.29376,0,10.8984,2.48759,0,3422,6307967414
135.214,7.39569,38.8325,0,99,83,72,1392,3504,2.29376,0,10.8984,2.48759,0,3422,6315382061
34.0907,29.3335,38.8325,0,99,83,72,1392,3504,2.29376,0,10.8984,2.48759,0,3422,6344698552
252.966,3.9531,38.8325,0,99,83,72,1392,3504,2.29376,0,10.8984,2.48759,0,3422,6348651879
31.4101,31.8369,38.8325,0,99,83,72,1392,3504,2.29376,0,10.8984,2.48759,0,3422,6380503587
569.878,1.75476,38.8325,0,99,83,72,1392,3504,2.29376,0,10.8984,2.48759,0,3422,6382245595
31.1423,32.1107,38.8325,0,99,83,72,1392,3504,2.29376,0,10.8984,2.48759,0,3422,6414356358
1217.26,0.82152,38.8325,0,99,83,72,1392,3504,2.29376,0,10.8984,2.48759,0,3422,6415178886
30.0878,33.236,38.8325,0,99,83,72,1392,3504,2.29376,0,10.8984,2.48759,0,3422,6448435356
2372.16,0.421557,38.8325,0,99,83,72,1392,3504,2.29376,0,10.8984,2.48759,0,3422,6448836768
45.0502,22.1974,38.8325,0,99,83,72,1392,3504,2.29376,0,10.8984,2.48759,0,3422,6471037705
92.8201,10.7735,38.8325,0,99,83,72,1392,3504,2.29376,0,10.8984,2.48759,0,3422,6481810497
45.5375,21.9599,38.8325,0,99,83,72,1392,3504,2.29376,0,10.8984,2.48759,0,3422,6503772695
87.6386,11.4105,38.8325,0,99,83,72,1392,3504,2.29376,0,10.8984,2.48759,0,3422,6515183688
42.5199,23.5184,38.8325,0,99,83,72,1392,3504,2.29376,0,10.8984,2.48759,0,3422,6538705151
101.635,9.83914,38.8325,0,99,83,72,1392,3504,2.29376,0,10.8984,2.48759,0,3422,6548544172
46.4811,21.5141,38.8325,0,99,83,72,1392,3504,2.29376,0,10.8984,2.48759,0,3422,6570063381
84.9915,11.7659,38.8325,0,99,83,72,1392,3504,2.29376,0,10.8984,2.48759,0,3422,6581828277
45.8578,21.8065,38.8325,0,99,83,72,1392,3504,2.29376,0,10.8984,2.48759,0,3422,6603639591
87.833,11.3852,38.8325,0,99,83,72,1392,3504,2.29376,0,10.8984,2.48759,0,3422,6615023065
38.9861,25.6502,38.8325,0,99,83,72,1392,3504,2.29376,0,10.8984,2.48759,0,3422,6640682092
130.261,7.67689,52.2145,0,100,91,72,1392,3504,2.29376,0,10.8913,2.48759,0,3400,6648351665
43.8093,22.8262,52.2145,0,100,91,72,1392,3504,2.29376,0,10.8913,2.48759,0,3400,6671181300
69.6684,14.3537,52.2145,0,100,91,72,1392,3504,2.29376,0,10.8913,2.48759,0,3400,6685535381
58.8248,16.9996,52.2145,0,100,91,72,1392,3504,2.29376,0,10.8913,2.48759,0,3400,6702536763
79.9062,12.5147,52.2145,0,100,91,72,1392,3504,2.29376,0,10.8913,2.48759,0,3400,6715052505
46.2653,21.6145,52.2145,0,100,91,72,1392,3504,2.29376,0,10.8913,2.48759,0,3400,6736668855
85.6782,11.6716,52.2145,0,100,91,72,1392,3504,2.29376,0,10.8913,2.48759,0,3400,6748352057
40.3204,24.8014,52.2145,0,100,91,72,1392,3504,2.29376,0,10.8913,2.48759,0,3400,6773143551
117.47,8.51278,52.2145,0,100,91,72,1392,3504,2.29376,0,10.8913,2.48759,0,3400,6781655423
49.139,20.3505,52.2145,0,100,91,72,1392,3504,2.29376,0,10.8913,2.48759,0,3400,6802007570
76.9074,13.0026,52.2145,0,100,91,72,1392,3504,2.29376,0,10.8913,2.48759,0,3400,6815011758
43.5696,22.9518,52.2145,0,100,91,72,1392,3504,2.29376,0,10.8913,2.48759,0,3400,6837964732
94.692,10.5605,52.2145,0,100,91,72,1392,3504,2.29376,0,10.8913,2.48759,0,3400,6848526785
51.4168,19.4489,52.2145,0,100,91,72,1392,3504,2.29376,0,10.8913,2.48759,0,3400,6867977123
33.0797,30.2301,52.2145,0,100,91,72,1392,3504,2.29376,0,10.8913,2.48759,0,3400,6898206503
47.1981,21.1873,52.2145,0,100,91,72,1392,3504,2.29376,0,10.8913,2.48759,0,3400,6919395197
83.5301,11.9717,52.2145,0,100,91,72,1392,3504,2.29376,0,10.8913,2.48759,0,3400,6931366754
48.575,20.5867,52.2145,0,100,91,72,1392,3504,2.29376,0,10.8913,2.48759,0,3400,6951956230
77.5421,12.8962,52.2145,0,100,91,72,1392,3504,2.29376,0,10.8913,2.48759,0,3400,6964852639
46.3511,21.5744,52.2145,0,100,91,72,1392,3504,2.29376,0,10.8913,2.48759,0,3400,6986429414
85.6031,11.6818,52.2145,0,100,91,72,1392,3504,2.29376,0,10.8913,2.48759,0,3400,6998110934
40.7489,24.5405,52.2145,0,100,91,72,1392,3504,2.29376,0,10.8913,2.48759,0,3400,7022653683
114.748,8.71473,52.2145,0,100,91,72,1392,3504,2.29376,0,10.8913,2.48759,0,3400,7031368450
40.1934,24.8797,52.2145,0,100,91,72,1392,3504,2.29376,0,10.8913,2.48759,0,3400,7056249916
119.401,8.37514,52.2145,0,100,91,72,1392,3504,2.29376,0,10.8913,2.48759,0,3400,7064625713
48.9854,20.4142,52.2145,0,100,91,72,1392,3504,2.29376,0,10.8913,2.48759,0,3400,7085041930
77.2376,12.9471,52.2145,0,100,91,72,1392,3504,2.29376,0,10.8913,2.48759,0,3400,7098001995
37.3295,26.7885,52.2145,0,100,91,72,1392,3504,2.29376,0,10.8913,2.48759,0,3400,7124779359
153.883,6.49844,52.2145,0,100,91,72,1392,3504,2.29376,0,10.8913,2.48759,0,3400,7131279282
49.2273,20.3139,52.2145,0,100,91,72,1392,3504,2.29376,0,10.8913,2.48759,0,3400,7151606017
77.1835,12.9561,51.5892,0,100,91,72,1392,3504,2.29376,0,10.8965,2.48759,0,3400,7164550418
48.4775,20.6281,51.5892,0,100,91,72,1392,3504,2.29376,0,10.8965,2.48759,0,3400,7185182581
78.7873,12.6924,51.5892,0,100,91,72,1392,3504,2.29376,0,10.8965,2.48759,0,3400,7197874218
31.3941,31.8531,51.5892,0,100,91,72,1392,3504,2.29376,0,10.8965,2.48759,0,3400,7229728912
572.933,1.7454,51.5892,0,100,91,72,1392,3504,2.29376,0,10.8965,2.48759,0,3400,7231475239
49.5357,20.1875,51.5892,0,100,91,72,1392,3504,2.29376,0,10.8965,2.48759,0,3400,7251664250
75.2973,13.2807,51.5892,0,100,91,72,1392,3504,2.29376,0,10.8965,2.48759,0,3400,7264947155
50.0851,19.966,51.5892,0,100,91,72,1392,3504,2.29376,0,10.8965,2.48759,0,3400,7284913053
76.574,13.0593,51.5892,0,100,91,72,1392,3504,2.29376,0,10.8965,2.48759,0,3400,7297975664
42.4623,23.5503,51.5892,0,100,91,72,1392,3504,2.29376,0,10.8965,2.48759,0,3400,7321525903
103.881,9.62638,51.5892,0,100,91,72,1392,3504,2.29376,0,10.8965,2.48759,0,3400,7331153344
48.5241,20.6083,51.5892,0,100,91,72,1392,3504,2.29376,0,10.8965,2.48759,0,3400,7351762384
77.6767,12.8739,51.5892,0,100,91,72,1392,3504,2.29376,0,10.8965,2.48759,0,3400,7364636936
49.927,20.0292,51.5892,0,100,91,72,1392,3504,2.29376,0,10.8965,2.48759,0,3400,7384668605
76.3815,13.0922,51.5892,0,100,91,72,1392,3504,2.29376,0,10.8965,2.48759,0,3400,7397760257
51.4984,19.4181,51.5892,0,100,91,72,1392,3504,2.29376,0,10.8965,2.48759,0,3400,7417197676
71.7714,13.9331,51.5892,0,100,91,72,1392,3504,2.29376,0,10.8965,2.48759,0,3400,7431131739
51.5356,19.4041,51.5892,0,100,91,72,1392,3504,2.29376,0,10.8965,2.48759,0,3400,7450518522
72.1514,13.8597,51.5892,0,100,91,72,1392,3504,2.29376,0,10.8965,2.48759,0,3400,7464379788
39.3374,25.4211,51.5892,0,100,91,72,1392,3504,2.29376,0,10.8965,2.48759,0,3400,7489800863
125.274,7.98249,51.5892,0,100,91,72,1392,3504,2.29376,0,10.8965,2.48759,0,3400,7497785606
52.4509,19.0654,51.5892,0,100,91,72,1392,3504,2.29376,0,10.8965,2.48759,0,3400,7516852052
69.2111,14.4486,51.5892,0,100,91,72,1392,3504,2.29376,0,10.8965,2.48759,0,3400,7531301752
52.882,18.91,51.5892,0,100,91,72,1392,3504,2.29376,0,10.8965,2.48759,0,3400,7550230677
70.2546,14.2339,51.5892,0,100,91,72,1392,3504,2.29376,0,10.8965,2.48759,0,3400,7564446886
52.9518,18.8851,51.5892,0,100,91,72,1392,3504,2.29376,0,10.8965,2.48759,0,3400,7583350700
69.8428,14.3179,51.5892,0,100,91,72,1392,3504,2.29376,0,10.8965,2.48759,0,3400,7597652999
45.9308,21.7719,51.5892,0,100,91,72,1392,3504,2.29376,0,10.8965,2.48759,0,3400,7619424998
35.5428,28.1351,51.5892,0,100,91,72,1392,3504,2.29376,0,10.8965,2.48759,0,3400,7647579279
48.7882,20.4968,51.5892,0,100,91,72,1392,3504,2.29376,0,10.8965,2.48759,0,3400,7668077368
77.8035,12.8529,51.1166,0,99,86,72,1393,3504,2.29376,0,10.899,2.48759,0,3490,7680912250
38.4031,26.0395,51.1166,0,99,86,72,1393,3504,2.29376,0,10.899,2.48759,0,3490,7706973357
134.653,7.42652,51.1166,0,99,86,72,1393,3504,2.29376,0,10.899,2.48759,0,3490,7714380528
39.1092,25.5694,51.1166,0,99,86,72,1393,3504,2.29376,0,10.899,2.48759,0,3490,7739952048
131.293,7.61658,51.1166,0,99,86,72,1393,3504,2.29376,0,10.899,2.48759,0,3490,7747567936
32.2864,30.9728,51.1166,0,99,86,72,1393,3504,2.29376,0,10.899,2.48759,0,3490,7778543408
472.208,2.11771,51.1166,0,99,86,72,1393,3504,2.29376,0,10.899,2.48759,0,3490,7780661179
42.8942,23.3132,51.1166,0,99,86,72,1393,3504,2.29376,0,10.899,2.48759,0,3490,7803978477
96.7815,10.3326,51.1166,0,99,86,72,1393,3504,2.29376,0,10.899,2.48759,0,3490,7814309654
50.8409,19.6692,51.1166,0,99,86,72,1393,3504,2.29376,0,10.899,2.48759,0,3490,7833979937
74.14,13.488,51.1166,0,99,86,72,1393,3504,2.29376,0,10.899,2.48759,0,3490,7847470081
49.6231,20.1519,51.1166,0,99,86,72,1393,3504,2.29376,0,10.899,2.48759,0,3490,7867622097
76.8777,13.0077,51.1166,0,99,86,72,1393,3504,2.29376,0,10.899,2.48759,0,3490,7880629722
48.9728,20.4195,51.1166,0,99,86,72,1393,3504,2.29376,0,10.899,2.48759,0,3490,7901050917
75.9576,13.1652,51.1166,0,99,86,72,1393,3504,2.29376,0,10.899,2.48759,0,3490,7914217082
27.4608,36.4155,51.1166,0,99,86,72,1393,3504,2.29376,0,10.899,2.48759,0,3490,7950639433
1063.42,0.940365,51.1166,0,99,86,72,1393,3504,2.29376,0,10.899,2.48759,0,3490,7951575484
64.3661,15.5361,51.1166,0,99,86,72,1393,3504,2.29376,0,10.899,2.48759,0,3490,7967166611
71.9376,13.9009,51.1166,0,99,86,72,1393,3504,2.29376,0,10.899,2.48759,0,3490,7981016840
52.1088,19.1906,51.1166,0,99,86,72,1393,3504,2.29376,0,10.899,2.48759,0,3490,8000207746
72.422,13.808,51.1166,0,99,86,72,1393,3504,2.29376,0,10.899,2.48759,0,3490,8014018353
50.79,19.6889,51.1166,0,99,86,72,1393,3504,2.29376,0,10.899,2.48759,0,3490,8033706615
74.4317,13.4351,51.1166,0,99,86,72,1393,3504,2.29376,0,10.899,2.48759,0,3490,8047161152
50.1882,19.925,51.1166,0,99,86,72,1393,3504,2.29376,0,10.899,2.48759,0,3490,8067088543
33.1795,30.1391,51.1166,0,99,86,72,1393,3504,2.29376,0,10.899,2.48759,0,3490,8097222084
46.8477,21.3458,51.1166,0,99,86,72,1393,3504,2.29376,0,10.899,2.48759,0,3490,8118556190
83.708,11.9463,51.1166,0,99,86,72,1393,3504,2.29376,0,10.899,2.48759,0,3490,8130503201
45.597,21.9313,51.1166,0,99,86,72,1393,3504,2.29376,0,10.899,2.48759,0,3490,8152436032
88.1804,11.3404,51.1166,0,99,86,72,1393,3504,2.29376,0,10.899,2.48759,0,3490,8163777796
43.7726,22.8453,51.1166,0,99,86,72,1393,3504,2.29376,0,10.899,2.48759,0,3490,8186630276
95.9082,10.4266,48.0952,0,100,86,72,1392,3504,2.29376,0,10.8993,2.48759,0,3400,8197051109
43.7752,22.844,48.0952,0,100,86,72,1392,3504,2.29376,0,10.8993,2.48759,0,3400,8219900173
95.7614,10.4426,48.0952,0,100,86,72,1392,3504,2.29376,0,10.8993,2.48759,0,3400,8230340119
48.9987,20.4087,48.0952,0,100,86,72,1392,3504,2.29376,0,10.8993,2.48759,0,3400,8250755987
77.333,12.9311,48.0952,0,100,86,72,1392,3504,2.29376,0,10.8993,2.48759,0,3400,8263682511
48.9985,20.4088,48.0952,0,100,86,72,1392,3504,2.29376,0,10.8993,2.48759,0,3400,8284093115
76.766,13.0266,48.0952,0,100,86,72,1392,3504,2.29376,0,10.8993,2.48759,0,3400,8297133059
51.2106,19.5272,48.0952,0,100,86,72,1392,3504,2.29376,0,10.8993,2.48759,0,3400,8316667066
73.122,13.6758,48.0952,0,100,86,72,1392,3504,2.29376,0,10.8993,2.48759,0,3400,8330326463
51.93,19.2567,48.0952,0,100,86,72,1392,3504,2.29376,0,10.8993,2.48759,0,3400,8349583044
32.6195,30.6565,48.0952,0,100,86,72,1392,3504,2.29376,0,10.8993,2.48759,0,3400,8380239440
29.2849,34.1473,48.0952,0,100,86,72,1392,3504,2.29376,0,10.8993,2.48759,0,3400,8414389065
446.306,2.24061,48.0952,0,100,86,72,1392,3504,2.29376,0,10.8993,2.48759,0,3400,8416629206
39.9723,25.0173,48.0952,0,100,86,72,1392,3504,2.29376,0,10.8993,2.48759,0,3400,8441648568
179.887,5.55905,48.0952,0,100,86,72,1392,3504,2.29376,0,10.8993,2.48759,0,3400,8447208513
40.5066,24.6873,48.0952,0,100,86,72,1392,3504,2.29376,0,10.8993,2.48759,0,3400,8471897648
117.28,8.52658,48.0952,0,100,86,72,1392,3504,2.29376,0,10.8993,2.48759,0,3400,8480424777
32.9596,30.3402,48.0952,0,100,86,72,1392,3504,2.29376,0,10.8993,2.48759,0,3400,8510766750
372.494,2.68461,48.0952,0,100,86,72,1392,3504,2.29376,0,10.8993,2.48759,0,3400,8513451963
32.8696,30.4232,48.0952,0,100,86,72,1392,3504,2.29376,0,10.8993,2.48759,0,3400,8543877040
311.071,3.2147,48.0952,0,100,86,72,1392,3504,2.29376,0,10.8993,2.48759,0,3400,8547201255
34.4017,29.0683,48.0952,0,100,86,72,1392,3504,2.29376,0,10.8993,2.48759,0,3400,8576164196
208.13,4.80468,48.0952,0,100,86,72,1392,3504,2.29376,0,10.8993,2.48759,0,3400,8580967336
51.24,19.516,48.0952,0,100,86,72,1392,3504,2.29376,0,10.8993,2.48759,0,3400,8600485755
77.3857,12.9223,48.0952,0,100,86,72,1392,3504,2.29376,0,10.8993,2.48759,0,3400,8613407892
26.6733,37.4906,48.0952,0,100,86,72,1392,3504,2.29376,0,10.8993,2.48759,0,3400,8650916794
1607.45,0.622103,48.0952,0,100,86,72,1392,3504,2.29376,0,10.8993,2.48759,0,3400,8651519602
65.6871,15.2237,48.0952,0,100,86,72,1392,3504,2.29376,0,10.8993,2.48759,0,3400,8666745969
75.7763,13.1967,48.0952,0,100,86,72,1392,3504,2.29376,0,10.8993,2.48759,0,3400,8679943046
47.0397,21.2587,48.4772,0,99,84,72,1405,3504,2.29376,0,10.8997,2.48759,0,3528,8703257507
82.5341,12.1162,48.4772,0,99,84,72,1405,3504,2.29376,0,10.8997,2.48759,0,3528,8713321292
30.0791,33.2456,48.4772,0,99,84,72,1405,3504,2.29376,0,10.8997,2.48759,0,3528,8746567395
2350.68,0.425408,48.4772,0,99,84,72,1405,3504,2.29376,0,10.8997,2.48759,0,3528,8746991458
46.6538,21.4345,48.4772,0,99,84,72,1405,3504,2.29376,0,10.8997,2.48759,0,3528,8768428949
87.7955,11.3901,48.4772,0,99,84,72,1405,3504,2.29376,0,10.8997,2.48759,0,3528,8779840386
49.7765,20.0898,48.4772,0,99,84,72,1405,3504,2.29376,0,10.8997,2.48759,0,3528,8799910033
75.6324,13.2218,48.4772,0,99,84,72,1405,3504,2.29376,0,10.8997,2.48759,0,3528,8813131976
49.9526,20.019,48.4772,0,99,84,72,1405,3504,2.29376,0,10.8997,2.48759,0,3528,8833153198
75.0665,13.3215,48.4772,0,99,84,72,1405,3504,2.29376,0,10.8997,2.48759,0,3528,8846474543
49.9732,20.0107,48.4772,0,99,84,72,1405,3504,2.29376,0,10.8997,2.48759,0,3528,8866487599
75.1135,13.3132,48.4772,0,99,84,72,1405,3504,2.29376,0,10.8997,2.48759,0,3528,8879800333
49.4423,20.2256,48.4772,0,99,84,72,1405,3504,2.29376,0,10.8997,2.48759,0,3528,8900027032
72.8093,13.7345,48.4772,0,99,84,72,1405,3504,2.29376,0,10.8997,2.48759,0,3528,8913763765
46.7724,21.3802,48.4772,0,99,84,72,1405,3504,2.29376,0,10.8997,2.48759,0,3528,8935143893
89.1403,11.2183,48.4772,0,99,84,72,1405,3504,2.29376,0,10.8997,2.48759,0,3528,8946362466
49.9671,20.0132,48.4772,0,99,84,72,1405,3504,2.29376,0,10.8997,2.48759,0,3528,8966377611
74.6147,13.4022,48.4772,0,99,84,72,1405,3504,2.29376,0,10.8997,2.48759,0,3528,8979780248
49.8736,20.0507,48.4772,0,99,84,72,1405,3504,2.29376,0,10.8997,2.48759,0,3528,8999832872
75.7049,13.2092,48.4772,0,99,84,72,1405,3504,2.29376,0,10.8997,2.48759,0,3528,9013042672
50.2339,19.9069,48.4772,0,99,84,72,1405,3504,2.29376,0,10.8997,2.48759,0,3528,9032949701
74.7843,13.3718,48.4772,0,99,84,72,1405,3504,2.29376,0,10.8997,2.48759,0,3528,9046322117
46.9702,21.2901,48.4772,0,99,84,72,1405,3504,2.29376,0,10.8997,2.48759,0,3528,9067613727
81.5386,12.2641,48.4772,0,99,84,72,1405,3504,2.29376,0,10.8997,2.48759,0,3528,9079878531
50.0857,19.9658,48.4772,0,99,84,72,1405,3504,2.29376,0,10.8997,2.48759,0,3528,9099845920
76.5041,13.0712,48.4772,0,99,84,72,1405,3504,2.29376,0,10.8997,2.48759,0,3528,9112917160
49.8377,20.0651,48.4772,0,99,84,72,1405,3504,2.29376,0,10.8997,2.48759,0,3528,9132984368
74.699,13.3871,48.4772,0,99,84,72,1405,3504,2.29376,0,10.8997,2.48759,0,3528,9146372931
35.3469,28.291,48.4772,0,99,84,72,1405,3504,2.29376,0,10.8997,2.48759,0,3528,9174663645
205.619,4.86336,48.4772,0,99,84,72,1405,3504,2.29376,0,10.8997,2.48759,0,3528,9179528005
45.2663,22.0915,48.4772,0,99,84,72,1405,3504,2.29376,0,10.8997,2.48759,0,3528,9202780671
88.7259,11.2707,51.1222,0,99,84,72,1405,3504,2.29376,0,10.8997,2.48759,0,3400,9212910258
46.9442,21.3019,51.1222,0,99,84,72,1405,3504,2.29376,0,10.8997,2.48759,0,3400,9234195121
83.4742,11.9798,51.1222,0,99,84,72,1405,3504,2.29376,0,10.8997,2.48759,0,3400,9246175897
50.0983,19.9608,51.1222,0,99,84,72,1405,3504,2.29376,0,10.8997,2.48759,0,3400,9266138211
75.0478,13.3248,51.1222,0,99,84,72,1405,3504,2.29376,0,10.8997,2.48759,0,3400,9279463606
50.4744,19.812,51.1222,0,99,84,72,1405,3504,2.29376,0,10.8997,2.48759,0,3400,9299277541
74.4945,13.4238,51.1222,0,99,84,72,1405,3504,2.29376,0,10.8997,2.48759,0,3400,9312701855
48.5499,20.5974,51.1222,0,99,84,72,1405,3504,2.29376,0,10.8997,2.48759,0,3400,9333300020
78.6229,12.7189,51.1222,0,99,84,72,1405,3504,2.29376,0,10.8997,2.48759,0,3400,9346019120
43.2631,23.1144,51.1222,0,99,84,72,1405,3504,2.29376,0,10.8997,2.48759,0,3400,9369135698
97.3215,10.2752,51.1222,0,99,84,72,1405,3504,2.29376,0,10.8997,2.48759,0,3400,9379411072
45.7815,21.8429,51.1222,0,99,84,72,1405,3504,2.29376,0,10.8997,2.48759,0,3400,9401255544
87.0106,11.4929,51.1222,0,99,84,72,1405,3504,2.29376,0,10.8997,2.48759,0,3400,9412749607
31.0618,32.1939,51.1222,0,99,84,72,1405,3504,2.29376,0,10.8997,2.48759,0,3400,9444958203
682.066,1.46613,51.1222,0,99,84,72,1405,3504,2.29376,0,10.8997,2.48759,0,3400,9446411111
47.7084,20.9607,51.1222,0,99,84,72,1405,3504,2.29376,0,10.8997,2.48759,0,3400,9467374257
84.3595,11.854,51.1222,0,99,84,72,1405,3504,2.29376,0,10.8997,2.48759,0,3400,9479228943
32.1835,31.0718,51.1222,0,99,84,72,1405,3504,2.29376,0,10.8997,2.48759,0,3400,9510302746
427.672,2.33824,51.1222,0,99,84,72,1405,3504,2.29376,0,10.8997,2.48759,0,3400,9512641055
50.076,19.9696,51.1222,0,99,84,72,1405,3504,2.29376,0,10.8997,2.48759,0,3400,9532612160
74.5602,13.412,51.1222,0,99,84,72,1405,3504,2.29376,0,10.8997,2.48759,0,3400,9546024280
30.2573,33.0499,51.1222,0,99,84,72,1405,3504,2.29376,0,10.8997,2.48759,0,3400,9579076145
1988.95,0.502777,51.1222,0,99,84,72,1405,3504,2.29376,0,10.8997,2.48759,0,3400,9579578329
32.5941,30.6804,51.1222,0,99,84,72,1405,3504,2.29376,0,10.8997,2.48759,0,3400,9610266640
455.358,2.19608,51.1222,0,99,84,72,1405,3504,2.29376,0,10.8997,2.48759,0,3400,9612459647
48.6191,20.568,51.1222,0,99,84,72,1405,3504,2.29376,0,10.8997,2.48759,0,3400,9633028864
69.5834,14.3713,51.1222,0,99,84,72,1405,3504,2.29376,0,10.8997,2.48759,0,3400,9647401473
55.463,18.03,51.1222,0,99,84,72,1405,3504,2.29376,0,10.8997,2.48759,0,3400,9665431791
73.4782,13.6095,51.1222,0,99,84,72,1405,3504,2.29376,0,10.8997,2.48759,0,3400,9679041633
50.9834,19.6142,51.1222,0,99,84,72,1405,3504,2.29376,0,10.8997,2.48759,0,3400,9698657214
72.5179,13.7897,51.1222,0,99,84,72,1405,3504,2.29376,0,10.8997,2.48759,0,3400,9712450403
51.0234,19.5989,52.3929,0,99,93,73,1430,3504,2.29376,0,10.9001,2.48759,0,3410,9732048041
73.4055,13.623,52.3929,0,99,93,73,1430,3504,2.29376,0,10.9001,2.48759,0,3410,9745671198
50.8078,19.682,52.3929,0,99,93,73,1430,3504,2.29376,0,10.9001,2.48759,0,3410,9765353404
72.7356,13.7484,52.3929,0,99,93,73,1430,3504,2.29376,0,10.9001,2.48759,0,3410,9779105072
30.5771,32.7042,52.3929,0,99,93,73,1430,3504,2.29376,0,10.9001,2.48759,0,3410,9811809254
1858.38,0.538104,52.3929,0,99,93,73,1430,3504,2.29376,0,10.9001,2.48759,0,3410,9812347264
32.624,30.6523,52.3929,0,99,93,73,1430,3504,2.29376,0,10.9001,2.48759,0,3410,9843013747
367.874,2.71832,52.3929,0,99,93,73,1430,3504,2.29376,0,10.9001,2.48759,0,3410,9845733850
49.342,20.2667,52.3929,0,99,93,73,1430,3504,2.29376,0,10.9001,2.48759,0,3410,9866001468
77.0762,12.9742,52.3929,0,99,93,73,1430,3504,2.29376,0,10.9001,2.48759,0,3410,9878976757
34.1813,29.2558,52.3929,0,99,93,73,1430,3504,2.29376,0,10.9001,2.48759,0,3410,9908233433
208.206,4.80293,52.3929,0,99,93,73,1430,3504,2.29376,0,10.9001,2.48759,0,3410,9913036829
34.7134,28.8073,52.3929,0,99,93,73,1430,3504,2.29376,0,10.9001,2.48759,0,3410,9941845411
272.43,3.67067,52.3929,0,99,93,73,1430,3504,2.29376,0,10.9001,2.48759,0,3410,9945517139
30.2829,33.022,52.3929,0,99,93,73,1430,3504,2.29376,0,10.9001,2.48759,0,3410,9978558714
725.211,1.37891,52.3929,0,99,93,73,1430,3504,2.29376,0,10.9001,2.48759,0,3410,9979919200
30.2034,33.1088,52.3929,0,99,93,73,1430,3504,2.29376,0,10.9001,2.48759,0,3410,10013030919
1797.09,0.556455,52.3929,0,99,93,73,1430,3504,2.29376,0,10.9001,2.48759,0,3410,10013587331
48.8492,20.4712,52.3929,0,99,93,73,1430,3504,2.29376,0,10.9001,2.48759,0,3410,10034061010
87.8984,11.3768,52.3929,0,99,93,73,1430,3504,2.29376,0,10.9001,2.48759,0,3410,10045438477
48.3235,20.6939,52.3929,0,99,93,73,1430,3504,2.29376,0,10.9001,2.48759,0,3410,10066133848
79.2204,12.623,52.3929,0,99,93,73,1430,3504,2.29376,0,10.9001,2.48759,0,3410,10078757025
48.8172,20.4846,52.3929,0,99,93,73,1430,3504,2.29376,0,10.9001,2.48759,0,3410,10099243344
75.894,13.1763,52.3929,0,99,93,73,1430,3504,2.29376,0,10.9001,2.48759,0,3410,10112420125
39.9254,25.0467,52.3929,0,99,93,73,1430,3504,2.29376,0,10.9001,2.48759,0,3410,10137469098
126.439,7.90894,52.3929,0,99,93,73,1430,3504,2.29376,0,10.9001,2.48759,0,3410,10145378083
30.7117,32.5609,52.3929,0,99,93,73,1430,3504,2.29376,0,10.9001,2.48759,0,3410,10177946315
1442.34,0.693317,52.3929,0,99,93,73,1430,3504,2.29376,0,10.9001,2.48759,0,3410,10178635998
49.3843,20.2494,52.3929,0,99,93,73,1430,3504,2.29376,0,10.9001,2.48759,0,3410,10198886242
76.001,13.1577,52.3929,0,99,93,73,1430,3504,2.29376,0,10.9001,2.48759,0,3410,10212044883
50.9947,19.6099,52.3929,0,99,93,73,1430,3504,2.29376,0,10.9001,2.48759,0,3410,10231669897
73.6685,13.5743,60.049,0,100,93,73,1430,3504,2.29376,0,10.887,2.48759,0,3437,10245231031
46.4241,21.5405,60.049,0,100,93,73,1430,3504,2.29376,0,10.887,2.48759,0,3437,10266773159
84.8978,11.7789,60.049,0,100,93,73,1430,3504,2.29376,0,10.887,2.48759,0,3437,10278552695
50.5289,19.7906,60.049,0,100,93,73,1430,3504,2.29376,0,10.887,2.48759,0,3437,10298345871
73.6495,13.5778,60.049,0,100,93,73,1430,3504,2.29376,0,10.887,2.48759,0,3437,10311923165
51.2609,19.508,60.049,0,100,93,73,1430,3504,2.29376,0,10.887,2.48759,0,3437,10331435314
72.9603,13.7061,60.049,0,100,93,73,1430,3504,2.29376,0,10.887,2.48759,0,3437,10345140126
46.2355,21.6284,60.049,0,100,93,73,1430,3504,2.29376,0,10.887,2.48759,0,3437,10366769255
85.5695,11.6864,60.049,0,100,93,73,1430,3504,2.29376,0,10.887,2.48759,0,3437,10378457077
50.427,19.8306,60.049,0,100,93,73,1430,3504,2.29376,0,10.887,2.48759,0,3437,10398288594
72.9572,13.7067,60.049,0,100,93,73,1430,3504,2.29376,0,10.887,2.48759,0,3437,10411995838
50.9948,19.6098,60.049,0,100,93,73,1430,3504,2.29376,0,10.887,2.48759,0,3437,10431607711
74.5869,13.4072,60.049,0,100,93,73,1430,3504,2.29376,0,10.887,2.48759,0,3437,10445014712
30.5092,32.777,60.049,0,100,93,73,1430,3504,2.29376,0,10.887,2.48759,0,3437,10477799468
1622.73,0.616247,60.049,0,100,93,73,1430,3504,2.29376,0,10.887,2.48759,0,3437,10478410942
50.9251,19.6367,60.049,0,100,93,73,1430,3504,2.29376,0,10.887,2.48759,0,3437,10498048962
73.2049,13.6603,60.049,0,100,93,73,1430,3504,2.29376,0,10.887,2.48759,0,3437,10511709879
51.5319,19.4055,60.049,0,100,93,73,1430,3504,2.29376,0,10.887,2.48759,0,3437,10531116583
71.691,13.9488,60.049,0,100,93,73,1430,3504,2.29376,0,10.887,2.48759,0,3437,10545066766
46.4142,21.5451,60.049,0,100,93,73,1430,3504,2.29376,0,10.887,2.48759,0,3437,10566612989
83.6055,11.9609,60.049,0,100,93,73,1430,3504,2.29376,0,10.887,2.48759,0,3437,10578575525
49.9971,20.0012,60.049,0,100,93,73,1430,3504,2.29376,0,10.887,2.48759,0,3437,10598577815
76.857,13.0112,60.049,0,100,93,73,1430,3504,2.29376,0,10.887,2.48759,0,3437,10611588873
50.8718,19.6572,60.049,0,100,93,73,1430,3504,2.29376,0,10.887,2.48759,0,3437,10631248039
72.9648,13.7052,60.049,0,100,93,73,1430,3504,2.29376,0,10.887,2.48759,0,3437,10644954689
50.316,19.8744,60.049,0,100,93,73,1430,3504,2.29376,0,10.887,2.48759,0,3437,10664831579
74.642,13.3973,60.049,0,100,93,73,1430,3504,2.29376,0,10.887,2.48759,0,3437,10678228030
48.0986,20.7906,60.049,0,100,93,73,1430,3504,2.29376,0,10.887,2.48759,0,3437,10699020901
73.9347,13.5254,60.049,0,100,93,73,1430,3504,2.29376,0,10.887,2.48759,0,3437,10712547411
52.9761,18.8764,60.049,0,100,93,73,1430,3504,2.29376,0,10.887,2.48759,0,3437,10731424601
70.2995,14.2249,60.049,0,100,93,73,1430,3504,2.29376,0,10.887,2.48759,0,3437,10745652953
53.5935,18.659,44.3627,0,100,92,73,1430,3504,2.29376,0,10.8875,2.48759,0,3400,10764311449
72.254,13.8401,44.3627,0,100,92,73,1430,3504,2.29376,0,10.8875,2.48759,0,3400,10778150690
32.8123,30.4764,44.3627,0,100,92,73,1430,3504,2.29376,0,10.8875,2.48759,0,3400,10808629948
355.177,2.8155,44.3627,0,100,92,73,1430,3504,2.29376,0,10.8875,2.48759,0,3400,10811445900
46.2917,21.6021,44.3627,0,100,92,73,1430,3504,2.29376,0,10.8875,2.48759,0,3400,10833049126
84.9167,11.7762,44.3627,0,100,92,73,1430,3504,2.29376,0,10.8875,2.48759,0,3400,10844826282
43.6742,22.8968,44.3627,0,100,92,73,1430,3504,2.29376,0,10.8875,2.48759,0,3400,10867724797
96.1862,10.3965,44.3627,0,100,92,73,1430,3504,2.29376,0,10.8875,2.48759,0,3400,10878122220
51.943,19.2519,44.3627,0,100,92,73,1430,3504,2.29376,0,10.8875,2.48759,0,3400,10897375202
71.5449,13.9772,44.3627,0,100,92,73,1430,3504,2.29376,0,10.8875,2.48759,0,3400,10911354069
49.1962,20.3268,44.3627,0,100,92,73,1430,3504,2.29376,0,10.8875,2.48759,0,3400,10931681077
77.2953,12.9374,44.3627,0,100,92,73,1430,3504,2.29376,0,10.8875,2.48759,0,3400,10944619251
51.5749,19.3893,44.3627,0,100,92,73,1430,3504,2.29376,0,10.8875,2.48759,0,3400,10964013828
70.0776,14.2699,44.3627,0,100,92,73,1430,3504,2.29376,0,10.8875,2.48759,0,3400,10978279683
50.5639,19.7769,44.3627,0,100,92,73,1430,3504,2.29376,0,10.8875,2.48759,0,3400,10998059380
73.6991,13.5687,44.3627,0,100,92,73,1430,3504,2.29376,0,10.8875,2.48759,0,3400,11011628059
32.1142,31.1389,44.3627,0,100,92,73,1430,3504,2.29376,0,10.8875,2.48759,0,3400,11042769932
519.812,1.92377,44.3627,0,100,92,73,1430,3504,2.29376,0,10.8875,2.48759,0,3400,11044693916
39.5227,25.3019,44.3627,0,100,92,73,1430,3504,2.29376,0,10.8875,2.48759,0,3400,11069997901
126.875,7.88179,44.3627,0,100,92,73,1430,3504,2.29376,0,10.8875,2.48759,0,3400,11077879647
50.7187,19.7166,44.3627,0,100,92,73,1430,3504,2.29376,0,10.8875,2.48759,0,3400,11097597792
73.7599,13.5575,44.3627,0,100,92,73,1430,3504,2.29376,0,10.8875,2.48759,0,3400,11111155972
47.9721,20.8454,44.3627,0,100,92,73,1430,3504,2.29376,0,10.8875,2.48759,0,3400,11132002956
80.3385,12.4473,44.3627,0,100,92,73,1430,3504,2.29376,0,10.8875,2.48759,0,3400,11144450756
38.2823,26.1217,44.3627,0,100,92,73,1430,3504,2.29376,0,10.8875,2.48759,0,3400,11170575317
135.593,7.37502,44.3627,0,100,92,73,1430,3504,2.29376,0,10.8875,2.48759,0,3400,11177949919
51.3139,19.4879,44.3627,0,100,92,73,1430,3504,2.29376,0,10.8875,2.48759,0,3400,11197439775
32.8444,30.4466,44.3627,0,100,92,73,1430,3504,2.29376,0,10.8875,2.48759,0,3400,11227886362
36.7819,27.1873,44.3627,0,100,92,73,1430,3504,2.29376,0,10.8875,2.48759,0,3400,11255097590
3229.29,0.309666,44.3627,0,100,92,73,1430,3504,2.29376,0,10.8875,2.48759,0,3400,11255383033
73.8738,13.5366,46.4935,0,100,92,73,1430,3504,2.29376,0,10.8878,2.48759,0,3400,11268935727
39.379,25.3942,46.4935,0,100,92,73,1430,3504,2.29376,0,10.8878,2.48759,0,3400,11294318734
41.3984,24.1555,46.4935,0,100,92,73,1430,3504,2.29376,0,10.8878,2.48759,0,3400,11318476563
105.333,9.4937,46.4935,0,100,92,73,1430,3504,2.29376,0,10.8878,2.48759,0,3400,11327971544
49.2723,20.2954,46.4935,0,100,92,73,1430,3504,2.29376,0,10.8878,2.48759,0,3400,11348267638
79.2613,12.6165,46.4935,0,100,92,73,1430,3504,2.29376,0,10.8878,2.48759,0,3400,11360886415
47.4317,21.0829,46.4935,0,100,92,73,1430,3504,2.29376,0,10.8878,2.48759,0,3400,11381970126
81.6692,12.2445,46.4935,0,100,92,73,1430,3504,2.29376,0,10.8878,2.48759,0,3400,11394215508
27.2687,36.6721,46.4935,0,100,92,73,1430,3504,2.29376,0,10.8878,2.48759,0,3400,11430888839
963.101,1.03831,46.4935,0,100,92,73,1430,3504,2.29376,0,10.8878,2.48759,0,3400,11431927152
60.1609,16.6221,46.4935,0,100,92,73,1430,3504,2.29376,0,10.8878,2.48759,0,3400,11448550517
81.8149,12.2227,46.4935,0,100,92,73,1430,3504,2.29376,0,10.8878,2.48759,0,3400,11460774349
43.0973,23.2033,46.4935,0,100,92,73,1430,3504,2.29376,0,10.8878,2.48759,0,3400,11483978911
94.1571,10.6205,46.4935,0,100,92,73,1430,3504,2.29376,0,10.8878,2.48759,0,3400,11494601815
30.1639,33.1522,46.4935,0,100,92,73,1430,3504,2.29376,0,10.8878,2.48759,0,3400,11527754762
2451.99,0.407832,46.4935,0,100,92,73,1430,3504,2.29376,0,10.8878,2.48759,0,3400,11528162205
48.1736,20.7582,46.4935,0,100,92,73,1430,3504,2.29376,0,10.8878,2.48759,0,3400,11548923508
83.5656,11.9666,46.4935,0,100,92,73,1430,3504,2.29376,0,10.8878,2.48759,0,3400,11560890305
47.7164,20.9571,46.4935,0,100,92,73,1430,3504,2.29376,0,10.8878,2.48759,0,3400,11581848507
82.017,12.1926,46.4935,0,100,92,73,1430,3504,2.29376,0,10.8878,2.48759,0,3400,11594041887
48.76,20.5086,46.4935,0,100,92,73,1430,3504,2.29376,0,10.8878,2.48759,0,3400,11614552862
77.6683,12.8753,46.4935,0,100,92,73,1430,3504,2.29376,0,10.8878,2.48759,0,3400,11627427734
47.776,20.931,46.4935,0,100,92,73,1430,3504,2.29376,0,10.8878,2.48759,0,3400,11648359802
79.0381,12.6521,46.4935,0,100,92,73,1430,3504,2.29376,0,10.8878,2.48759,0,3400,11661012895
42.5231,23.5166,46.4935,0,100,92,73,1430,3504,2.29376,0,10.8878,2.48759,0,3400,11684531198
106.34,9.40379,46.4935,0,100,92,73,1430,3504,2.29376,0,10.8878,2.48759,0,3400,11693934588
45.5919,21.9337,46.4935,0,100,92,73,1430,3504,2.29376,0,10.8878,2.48759,0,3400,11715869567
88.1605,11.3429,46.4935,0,100,92,73,1430,3504,2.29376,0,10.8878,2.48759,0,3400,11727215237
48.6681,20.5473,46.4935,0,100,92,73,1430,3504,2.29376,0,10.8878,2.48759,0,3400,11747762066
78.1637,12.7937,46.4935,0,100,92,73,1430,3504,2.29376,0,10.8878,2.48759,0,3400,11760564386
35.9759,27.7964,55.0251,0,100,85,73,1430,3504,2.29376,0,10.8882,2.48759,0,3537,11788355190
182.439,5.48127,55.0251,0,100,85,73,1430,3504,2.29376,0,10.8882,2.48759,0,3537,11793837178
49.5861,20.1669,55.0251,0,100,85,73,1430,3504,2.29376,0,10.8882,2.48759,0,3537,11814005462
76.1332,13.1349,55.0251,0,100,85,73,1430,3504,2.29376,0,10.8882,2.48759,0,3537,11827140642
48.9375,20.4342,55.0251,0,100,85,73,1430,3504,2.29376,0,10.8882,2.48759,0,3537,11847576029
77.7329,12.8646,55.0251,0,100,85,73,1430,3504,2.29376,0,10.8882,2.48759,0,3537,11860441118
29.6728,33.7009,55.0251,0,100,85,73,1430,3504,2.29376,0,10.8882,2.48759,0,3537,11894161652
1788.13,0.559242,55.0251,0,100,85,73,1430,3504,2.29376,0,10.8882,2.48759,0,3537,11894701066
51.7236,19.3335,55.0251,0,100,85,73,1430,3504,2.29376,0,10.8882,2.48759,0,3537,11914038039
76.1586,13.1305,55.0251,0,100,85,73,1430,3504,2.29376,0,10.8882,2.48759,0,3537,11927167608
48.7528,20.5116,55.0251,0,100,85,73,1430,3504,2.29376,0,10.8882,2.48759,0,3537,11947680897
78.8004,12.6903,55.0251,0,100,85,73,1430,3504,2.29376,0,10.8882,2.48759,0,3537,11960373107
29.0588,34.413,55.0251,0,100,85,73,1430,3504,2.29376,0,10.8882,2.48759,0,3537,11994787252
2017.69,0.495617,55.0251,0,100,85,73,1430,3504,2.29376,0,10.8882,2.48759,0,3537,11995281450
45.1968,22.1254,55.0251,0,100,85,73,1430,3504,2.29376,0,10.8882,2.48759,0,3537,12017410324
104.393,9.57917,55.0251,0,100,85,73,1430,3504,2.29376,0,10.8882,2.48759,0,3537,12026989524
42.7093,23.4141,55.0251,0,100,85,73,1430,3504,2.29376,0,10.8882,2.48759,0,3537,12050405795
100.875,9.91323,55.0251,0,100,85,73,1430,3504,2.29376,0,10.8882,2.48759,0,3537,12060319819
40.2048,24.8726,55.0251,0,100,85,73,1430,3504,2.29376,0,10.8882,2.48759,0,3537,12085194263
119.19,8.38995,55.0251,0,100,85,73,1430,3504,2.29376,0,10.8882,2.48759,0,3537,12093583139
48.6399,20.5593,55.0251,0,100,85,73,1430,3504,2.29376,0,10.8882,2.48759,0,3537,12114144626
78.6711,12.7111,55.0251,0,100,85,73,1430,3504,2.29376,0,10.8882,2.48759,0,3537,12126855654
39.9856,25.009,55.0251,0,100,85,73,1430,3504,2.29376,0,10.8882,2.48759,0,3537,12151869716
120.272,8.31452,55.0251,0,100,85,73,1430,3504,2.29376,0,10.8882,2.48759,0,3537,12160183004
42.823,23.3519,55.0251,0,100,85,73,1430,3504,2.29376,0,10.8882,2.48759,0,3537,12183536017
100.564,9.94392,55.0251,0,100,85,73,1430,3504,2.29376,0,10.8882,2.48759,0,3537,12193481978
47.7301,20.9512,55.0251,0,100,85,73,1430,3504,2.29376,0,10.8882,2.48759,0,3537,12214433959
81.1198,12.3274,55.0251,0,100,85,73,1430,3504,2.29376,0,10.8882,2.48759,0,3537,12226761767
46.0928,21.6953,55.0251,0,100,85,73,1430,3504,2.29376,0,10.8882,2.48759,0,3537,12248458723
81.6742,12.2438,55.0251,0,100,85,73,1430,3504,2.29376,0,10.8882,2.48759,0,3537,12260705936
45.5271,21.9649,50.6493,0,98,85,73,1484,3504,2.32351,0,10.8885,2.48759,0,3400,12282669459
93.6965,10.6728,50.6493,0,98,85,73,1484,3504,2.32351,0,10.8885,2.48759,0,3400,12293342157
41.5759,24.0524,50.6493,0,98,85,73,1484,3504,2.32351,0,10.8885,2.48759,0,3400,12317394902
106.614,9.37961,50.6493,0,98,85,73,1484,3504,2.32351,0,10.8885,2.48759,0,3400,12326788552
45.7144,21.8749,50.6493,0,98,85,73,1484,3504,2.32351,0,10.8885,2.48759,0,3400,12348652722
87.9086,11.3754,50.6493,0,98,85,73,1484,3504,2.32351,0,10.8885,2.48759,0,3400,12360027850
27.25,36.6972,50.6493,0,98,85,73,1484,3504,2.32351,0,10.8885,2.48759,0,3400,12396726207
2653.76,0.376824,50.6493,0,98,85,73,1484,3504,2.32351,0,10.8885,2.48759,0,3400,12397102312
60.816,16.443,50.6493,0,98,85,73,1484,3504,2.32351,0,10.8885,2.48759,0,3400,12413548413
76.5207,13.0684,50.6493,0,98,85,73,1484,3504,2.32351,0,10.8885,2.48759,0,3400,12426617026
48.3581,20.679,50.6493,0,98,85,73,1484,3504,2.32351,0,10.8885,2.48759,0,3400,12447296384
79.4018,12.5942,50.6493,0,98,85,73,1484,3504,2.32351,0,10.8885,2.48759,0,3400,12459891522
44.3792,22.5331,50.6493,0,98,85,73,1484,3504,2.32351,0,10.8885,2.48759,0,3400,12482426971
92.5186,10.8086,50.6493,0,98,85,73,1484,3504,2.32351,0,10.8885,2.48759,0,3400,12493235300
39.017,25.6299,50.6493,0,98,85,73,1484,3504,2.32351,0,10.8885,2.48759,0,3400,12518866637
121.912,8.20266,50.6493,0,98,85,73,1484,3504,2.32351,0,10.8885,2.48759,0,3400,12527070884
33.4452,29.8997,50.6493,0,98,85,73,1484,3504,2.32351,0,10.8885,2.48759,0,3400,12556970964
354.465,2.82115,50.6493,0,98,85,73,1484,3504,2.32351,0,10.8885,2.48759,0,3400,12559792194
34.635,28.8725,50.6493,0,98,85,73,1484,3504,2.32351,0,10.8885,2.48759,0,3400,12588667800
223,4.4843,50.6493,0,98,85,73,1484,3504,2.32351,0,10.8885,2.48759,0,3400,12593152324
48.9745,20.4188,50.6493,0,98,85,73,1484,3504,2.32351,0,10.8885,2.48759,0,3400,12613572298
77.558,12.8936,50.6493,0,98,85,73,1484,3504,2.32351,0,10.8885,2.48759,0,3400,12626468065
49.1204,20.3581,50.6493,0,98,85,73,1484,3504,2.32351,0,10.8885,2.48759,0,3400,12646827965
76.7529,13.0288,50.6493,0,98,85,73,1484,3504,2.32351,0,10.8885,2.48759,0,3400,12659856853
41.146,24.3037,50.6493,0,98,85,73,1484,3504,2.32351,0,10.8885,2.48759,0,3400,12684161350
113.007,8.84904,50.6493,0,98,85,73,1484,3504,2.32351,0,10.8885,2.48759,0,3400,12693009879
40.58,24.6427,50.6493,0,98,85,73,1484,3504,2.32351,0,10.8885,2.48759,0,3400,12717655383
115.328,8.67094,50.6493,0,98,85,73,1484,3504,2.32351,0,10.8885,2.48759,0,3400,12726326004
47.474,21.0641,50.6493,0,98,85,73,1484,3504,2.32351,0,10.8885,2.48759,0,3400,12747390989
81.6621,12.2456,50.6493,0,98,85,73,1484,3504,2.32351,0,10.8885,2.48759,0,3400,12759637616
48.9035,20.4484,50.6493,0,98,85,73,1484,3504,2.32351,0,10.8885,2.48759,0,3400,12780109602
77.7593,12.8602,49.3734,0,95,86,74,1582,3504,2.32507,0,10.8884,2.48759,0,3437,12792965327
46.8802,21.331,49.3734,0,95,86,74,1582,3504,2.32507,0,10.8884,2.48759,0,3437,12814279881
83.4255,11.9867,49.3734,0,95,86,74,1582,3504,2.32507,0,10.8884,2.48759,0,3437,12826267759
45.3994,22.0267,49.3734,0,95,86,74,1582,3504,2.32507,0,10.8884,2.48759,0,3437,12848295631
88.487,11.3011,49.3734,0,95,86,74,1582,3504,2.32507,0,10.8884,2.48759,0,3437,12859597637
48.9877,20.4133,49.3734,0,95,86,74,1582,3504,2.32507,0,10.8884,2.48759,0,3437,12880012250
77.816,12.8508,49.3734,0,95,86,74,1582,3504,2.32507,0,10.8884,2.48759,0,3437,12892863561
49.4648,20.2164,49.3734,0,95,86,74,1582,3504,2.32507,0,10.8884,2.48759,0,3437,12913082018
76.4836,13.0747,49.3734,0,95,86,74,1582,3504,2.32507,0,10.8884,2.48759,0,3437,12926159917
41.2408,24.2478,49.3734,0,95,86,74,1582,3504,2.32507,0,10.8884,2.48759,0,3437,12950405404
109.678,9.1176,49.3734,0,95,86,74,1582,3504,2.32507,0,10.8884,2.48759,0,3437,12959522792
45.382,22.0352,49.3734,0,95,86,74,1582,3504,2.32507,0,10.8884,2.48759,0,3437,12981560212
89.2519,11.2042,49.3734,0,95,86,74,1582,3504,2.32507,0,10.8884,2.48759,0,3437,12992777383
49.172,20.3368,49.3734,0,95,86,74,1582,3504,2.32507,0,10.8884,2.48759,0,3437,13013102898
76.5164,13.0691,49.3734,0,95,86,74,1582,3504,2.32507,0,10.8884,2.48759,0,3437,13026172643
46.3653,21.5679,49.3734,0,95,86,74,1582,3504,2.32507,0,10.8884,2.48759,0,3437,13047742028
85.964,11.6328,49.3734,0,95,86,74,1582,3504,2.32507,0,10.8884,2.48759,0,3437,13059376572
48.6824,20.5413,49.3734,0,95,86,74,1582,3504,2.32507,0,10.8884,2.48759,0,3437,13079918192
77.8476,12.8456,49.3734,0,95,86,74,1582,3504,2.32507,0,10.8884,2.48759,0,3437,13092765449
37.2518,26.8443,49.3734,0,95,86,74,1582,3504,2.32507,0,10.8884,2.48759,0,3437,13119610664
157.799,6.33716,49.3734,0,95,86,74,1582,3504,2.32507,0,10.8884,2.48759,0,3437,13125947538
34.6534,28.8572,49.3734,0,95,86,74,1582,3504,2.32507,0,10.8884,2.48759,0,3437,13154806406
225.228,4.43995,49.3734,0,95,86,74,1582,3504,2.32507,0,10.8884,2.48759,0,3437,13159246083
33.5699,29.7886,49.3734,0,95,86,74,1582,3504,2.32507,0,10.8884,2.48759,0,3437,13189037450
283.563,3.52655,49.3734,0,95,86,74,1582,3504,2.32507,0,10.8884,2.48759,0,3437,13192563715
48.6075,20.573,49.3734,0,95,86,74,1582,3504,2.32507,0,10.8884,2.48759,0,3437,13213139789
78.2091,12.7862,49.3734,0,95,86,74,1582,3504,2.32507,0,10.8884,2.48759,0,3437,13225925850
36.9047,27.0969,49.3734,0,95,86,74,1582,3504,2.32507,0,10.8884,2.48759,0,3437,13253023608
162.03,6.17171,49.3734,0,95,86,74,1582,3504,2.32507,0,10.8884,2.48759,0,3437,13259195819
30.0877,33.2362,49.3734,0,95,86,74,1582,3504,2.32507,0,10.8884,2.48759,0,3437,13292435933
2127.73,0.469985,49.1358,0,94,86,75,1588,3504,2.32507,0,10.8884,2.48759,0,3400,13292903095
31.5241,31.7218,49.1358,0,94,86,75,1588,3504,2.32507,0,10.8884,2.48759,0,3400,13324627673
853.147,1.17213,49.1358,0,94,86,75,1588,3504,2.32507,0,10.8884,2.48759,0,3400,13325799700
33.4099,29.9313,49.1358,0,94,86,75,1588,3504,2.32507,0,10.8884,2.48759,0,3400,13355733279
290.986,3.43659,49.1358,0,94,86,75,1588,3504,2.32507,0,10.8884,2.48759,0,3400,13359169774
32.8701,30.4228,49.1358,0,94,86,75,1588,3504,2.32507,0,10.8884,2.48759,0,3400,13389593941
343.314,2.91279,49.1358,0,94,86,75,1588,3504,2.32507,0,10.8884,2.48759,0,3400,13392506464
50.4376,19.8265,49.1358,0,94,86,75,1588,3504,2.32507,0,10.8884,2.48759,0,3400,13412335576
74.7511,13.3777,49.1358,0,94,86,75,1588,3504,2.32507,0,10.8884,2.48759,0,3400,13425713197
32.1209,31.1324,49.1358,0,94,86,75,1588,3504,2.32507,0,10.8884,2.48759,0,3400,13456847928
452.937,2.20781,49.1358,0,94,86,75,1588,3504,2.32507,0,10.8884,2.48759,0,3400,13459055747
47.5873,21.014,49.1358,0,94,86,75,1588,3504,2.32507,0,10.8884,2.48759,0,3400,13480071420
81.516,12.2675,49.1358,0,94,86,75,1588,3504,2.32507,0,10.8884,2.48759,0,3400,13492339386
48.3154,20.6974,49.1358,0,94,86,75,1588,3504,2.32507,0,10.8884,2.48759,0,3400,13513038994
79.3578,12.6012,49.1358,0,94,86,75,1588,3504,2.32507,0,10.8884,2.48759,0,3400,13525640472
31.5915,31.6541,49.1358,0,94,86,75,1588,3504,2.32507,0,10.8884,2.48759,0,3400,13557295341
583.687,1.71325,49.1358,0,94,86,75,1588,3504,2.32507,0,10.8884,2.48759,0,3400,13559009480
31.2092,32.0418,49.1358,0,94,86,75,1588,3504,2.32507,0,10.8884,2.48759,0,3400,13591053049
798.164,1.25287,49.1358,0,94,86,75,1588,3504,2.32507,0,10.8884,2.48759,0,3400,13592306601
31.8687,31.3788,49.1358,0,94,86,75,1588,3504,2.32507,0,10.8884,2.48759,0,3400,13623698908
496.367,2.01464,49.1358,0,94,86,75,1588,3504,2.32507,0,10.8884,2.48759,0,3400,13625700350
31.8582,31.3891,49.1358,0,94,86,75,1588,3504,2.32507,0,10.8884,2.48759,0,3400,13657090932
546.704,1.82914,49.1358,0,94,86,75,1588,3504,2.32507,0,10.8884,2.48759,0,3400,13658924091
30.2988,33.0046,49.1358,0,94,86,75,1588,3504,2.32507,0,10.8884,2.48759,0,3400,13691929192
2985.22,0.334984,49.1358,0,94,86,75,1588,3504,2.32507,0,10.8884,2.48759,0,3400,13692261391
48.3019,20.7031,49.1358,0,94,86,75,1588,3504,2.32507,0,10.8884,2.48759,0,3400,13712967311
79.6531,12.5544,49.1358,0,94,86,75,1588,3504,2.32507,0,10.8884,2.48759,0,3400,13725522205
46.5497,21.4824,49.1358,0,94,86,75,1588,3504,2.32507,0,10.8884,2.48759,0,3400,13747006198
79.5679,12.5679,49.1358,0,94,86,75,1588,3504,2.32507,0,10.8884,2.48759,0,3400,13759574476
51.8024,19.3041,49.1358,0,94,86,75,1588,3504,2.32507,0,10.8884,2.48759,0,3400,13778879909
75.9685,13.1633,49.1358,0,94,86,75,1588,3504,2.32507,0,10.8884,2.48759,0,3400,13792044822
29.6479,33.7291,49.1358,0,94,86,75,1588,3504,2.32507,0,10.8884,2.48759,0,3400,13825789409
1686.97,0.592778,49.5349,0,92,87,75,1595,3504,2.32507,0,10.8855,2.48759,0,3530,13826365189
48.0095,20.8292,49.5349,0,92,87,75,1595,3504,2.32507,0,10.8855,2.48759,0,3530,13847198167
86.3365,11.5826,49.5349,0,92,87,75,1595,3504,2.32507,0,10.8855,2.48759,0,3530,13858792891
49.1175,20.3593,49.5349,0,92,87,75,1595,3504,2.32507,0,10.8855,2.48759,0,3530,13879141362
77.4809,12.9064,49.5349,0,92,87,75,1595,3504,2.32507,0,10.8855,2.48759,0,3530,13892062130
49.0936,20.3693,49.5349,0,92,87,75,1595,3504,2.32507,0,10.8855,2.48759,0,3530,13912420305
77.6455,12.879,49.5349,0,92,87,75,1595,3504,2.32507,0,10.8855,2.48759,0,3530,13925297998
42.0844,23.7618,49.5349,0,92,87,75,1595,3504,2.32507,0,10.8855,2.48759,0,3530,13949062610
104.912,9.53177,49.5349,0,92,87,75,1595,3504,2.32507,0,10.8855,2.48759,0,3530,13958618379
33.984,29.4256,49.5349,0,92,87,75,1595,3504,2.32507,0,10.8855,2.48759,0,3530,13988021284
247.882,4.03418,49.5349,0,92,87,75,1595,3504,2.32507,0,10.8855,2.48759,0,3530,13992057421
49.2205,20.3168,49.5349,0,92,87,75,1595,3504,2.32507,0,10.8855,2.48759,0,3530,14012375612
76.7343,13.032,49.5349,0,92,87,75,1595,3504,2.32507,0,10.8855,2.48759,0,3530,14025408398
32.0798,31.1723,49.5349,0,92,87,75,1595,3504,2.32507,0,10.8855,2.48759,0,3530,14056594009
543.933,1.83846,49.5349,0,92,87,75,1595,3504,2.32507,0,10.8855,2.48759,0,3530,14058419622
44.7397,22.3515,49.5349,0,92,87,75,1595,3504,2.32507,0,10.8855,2.48759,0,3530,14080774386
89.3781,11.1884,49.5349,0,92,87,75,1595,3504,2.32507,0,10.8855,2.48759,0,3530,14091975700
48.8216,20.4827,49.5349,0,92,87,75,1595,3504,2.32507,0,10.8855,2.48759,0,3530,14112448286
79.0967,12.6428,49.5349,0,92,87,75,1595,3504,2.32507,0,10.8855,2.48759,0,3530,14125103690
31.6728,31.5729,49.5349,0,92,87,75,1595,3504,2.32507,0,10.8855,2.48759,0,3530,14156682005
596.428,1.67665,49.5349,0,92,87,75,1595,3504,2.32507,0,10.8855,2.48759,0,3530,14158339565
32.7444,30.5396,49.5349,0,92,87,75,1595,3504,2.32507,0,10.8855,2.48759,0,3530,14188882563
351.78,2.84269,49.5349,0,92,87,75,1595,3504,2.32507,0,10.8855,2.48759,0,3530,14191725922
30.0522,33.2755,49.5349,0,92,87,75,1595,3504,2.32507,0,10.8855,2.48759,0,3530,14225001753
2962.4,0.337564,49.5349,0,92,87,75,1595,3504,2.32507,0,10.8855,2.48759,0,3530,14225337979
31.3066,31.9421,49.5349,0,92,87,75,1595,3504,2.32507,0,10.8855,2.48759,0,3530,14257282017
1026.31,0.974364,49.5349,0,92,87,75,1595,3504,2.32507,0,10.8855,2.48759,0,3530,14258255265
38.1026,26.2449,49.5349,0,92,87,75,1595,3504,2.32507,0,10.8855,2.48759,0,3530,14284508524
139.813,7.15243,49.5349,0,92,87,75,1595,3504,2.32507,0,10.8855,2.48759,0,3530,14291657706
32.5316,30.7394,49.5349,0,92,87,75,1595,3504,2.32507,0,10.8855,2.48759,0,3530,14322409942
372.366,2.68553,49.5349,0,92,87,75,1595,3504,2.32507,0,10.8855,2.48759,0,3530,14325081653
37.4136,26.7282,49.5349,0,92,87,75,1595,3504,2.32507,0,10.8855,2.48759,0,3530,14351816175
151.141,6.61636,35.109,0,92,87,75,1595,3504,2.32507,0,10.8866,2.48759,0,3403,14358429206
36.4273,27.4519,35.109,0,92,87,75,1595,3504,2.32507,0,10.8866,2.48759,0,3403,14385883524
175.894,5.68524,35.109,0,92,87,75,1595,3504,2.32507,0,10.8866,2.48759,0,3403,14391586860
36.5875,27.3318,35.109,0,92,87,75,1595,3504,2.32507,0,10.8866,2.48759,0,3403,14418901339
166.401,6.00958,35.109,0,92,87,75,1595,3504,2.32507,0,10.8866,2.48759,0,3403,14424928012
45.6506,21.9055,35.109,0,92,87,75,1595,3504,2.32507,0,10.8866,2.48759,0,3403,14446819417
88.0152,11.3617,35.109,0,92,87,75,1595,3504,2.32507,0,10.8866,2.48759,0,3403,14458181614
49.9401,20.024,35.109,0,92,87,75,1595,3504,2.32507,0,10.8866,2.48759,0,3403,14478207048
75.4276,13.2577,35.109,0,92,87,75,1595,3504,2.32507,0,10.8866,2.48759,0,3403,14491465584
36.6479,27.2867,35.109,0,92,87,75,1595,3504,2.32507,0,10.8866,2.48759,0,3403,14518753356
164.005,6.09737,35.109,0,92,87,75,1595,3504,2.32507,0,10.8866,2.48759,0,3403,14524852165
35.9834,27.7906,35.109,0,92,87,75,1595,3504,2.32507,0,10.8866,2.48759,0,3403,14552642937
183.59,5.44693,35.109,0,92,87,75,1595,3504,2.32507,0,10.8866,2.48759,0,3403,14558090210
41.4426,24.1298,35.109,0,92,87,75,1595,3504,2.32507,0,10.8866,2.48759,0,3403,14582221822
107.293,9.32031,35.109,0,92,87,75,1595,3504,2.32507,0,10.8866,2.48759,0,3403,14591555687
35.7332,27.9852,35.109,0,92,87,75,1595,3504,2.32507,0,10.8866,2.48759,0,3403,14619541346
195.366,5.1186,35.109,0,92,87,75,1595,3504,2.32507,0,10.8866,2.48759,0,3403,14624647299
33.6314,29.7341,35.109,0,92,87,75,1595,3504,2.32507,0,10.8866,2.48759,0,3403,14654382509
271.862,3.67833,35.109,0,92,87,75,1595,3504,2.32507,0,10.8866,2.48759,0,3403,14658061521
49.977,20.0092,35.109,0,92,87,75,1595,3504,2.32507,0,10.8866,2.48759,0,3403,14678072320
75.0393,13.3264,35.109,0,92,87,75,1595,3504,2.32507,0,10.8866,2.48759,0,3403,14691417524
32.9875,30.3145,35.109,0,92,87,75,1595,3504,2.32507,0,10.8866,2.48759,0,3403,14721713896
351.938,2.84141,35.109,0,92,87,75,1595,3504,2.32507,0,10.8866,2.48759,0,3403,14724554941
32.9788,30.3225,35.109,0,92,87,75,1595,3504,2.32507,0,10.8866,2.48759,0,3403,14754879992
324.892,3.07795,35.109,0,92,87,75,1595,3504,2.32507,0,10.8866,2.48759,0,3403,14757956712
41.322,24.2002,35.109,0,92,87,75,1595,3504,2.32507,0,10.8866,2.48759,0,3403,14782160667
110.524,9.04784,35.109,0,92,87,75,1595,3504,2.32507,0,10.8866,2.48759,0,3403,14791207366
29.4101,34.0019,35.109,0,92,87,75,1595,3504,2.32507,0,10.8866,2.48759,0,3403,14825211031
62.0261,16.1222,35.109,0,92,87,75,1595,3504,2.32507,0,10.8866,2.48759,0,3403,14841335137
51.6224,19.3714,35.109,0,92,87,75,1595,3504,2.32507,0,10.8866,2.48759,0,3403,14860715169
2471.45,0.40462,35.109,0,92,87,75,1595,3504,2.32507,0,10.8866,2.48759,0,3403,14861111854
63.832,15.6661,35.1942,0,92,84,75,1625,3504,2.32507,0,10.8871,2.48759,0,3450,14876779197
69.3061,14.4287,35.1942,0,92,84,75,1625,3504,2.32507,0,10.8871,2.48759,0,3450,14891221233
36.966,27.0519,35.1942,0,92,84,75,1625,3504,2.32507,0,10.8871,2.48759,0,3450,14918262311
160.35,6.23634,35.1942,0,92,84,75,1625,3504,2.32507,0,10.8871,2.48759,0,3450,14924499449
38.7325,25.8181,35.1942,0,92,84,75,1625,3504,2.32507,0,10.8871,2.48759,0,3450,14950320795
133.85,7.47107,35.1942,0,92,84,75,1625,3504,2.32507,0,10.8871,2.48759,0,3450,14957810300
40.8612,24.4731,35.1942,0,92,84,75,1625,3504,2.32507,0,10.8871,2.48759,0,3450,14982265587
114.692,8.71903,35.1942,0,92,84,75,1625,3504,2.32507,0,10.8871,2.48759,0,3450,14990984437
35.5683,28.115,35.1942,0,92,84,75,1625,3504,2.32507,0,10.8871,2.48759,0,3450,15019101515
189.401,5.27979,35.1942,0,92,84,75,1625,3504,2.32507,0,10.8871,2.48759,0,3450,15024398163
46.8014,21.3669,35.1942,0,92,84,75,1625,3504,2.32507,0,10.8871,2.48759,0,3450,15045751264
83.9962,11.9053,35.1942,0,92,84,75,1625,3504,2.32507,0,10.8871,2.48759,0,3450,15057669274
40.3317,24.7944,35.1942,0,92,84,75,1625,3504,2.32507,0,10.8871,2.48759,0,3450,15082453976
116.762,8.56442,35.1942,0,92,84,75,1625,3504,2.32507,0,10.8871,2.48759,0,3450,15091031214
49.3556,20.2611,35.1942,0,92,84,75,1625,3504,2.32507,0,10.8871,2.48759,0,3450,15111280249
76.8105,13.0191,35.1942,0,92,84,75,1625,3504,2.32507,0,10.8871,2.48759,0,3450,15124317892
45.1365,22.155,35.1942,0,92,84,75,1625,3504,2.32507,0,10.8871,2.48759,0,3450,15146456248
89.9931,11.112,35.1942,0,92,84,75,1625,3504,2.32507,0,10.8871,2.48759,0,3450,15157568977
48.9283,20.4381,35.1942,0,92,84,75,1625,3504,2.32507,0,10.8871,2.48759,0,3450,15178010377
77.3151,12.9341,35.1942,0,92,84,75,1625,3504,2.32507,0,10.8871,2.48759,0,3450,15190957418
36.9009,27.0996,35.1942,0,92,84,75,1625,3504,2.32507,0,10.8871,2.48759,0,3450,15218044972
45.7352,21.865,35.1942,0,92,84,75,1625,3504,2.32507,0,10.8871,2.48759,0,3450,15239911921
108.384,9.22643,35.1942,0,92,84,75,1625,3504,2.32507,0,10.8871,2.48759,0,3450,15249139792
119.205,8.3889,35.1942,0,92,84,75,1625,3504,2.32507,0,10.8871,2.48759,0,3450,15257544436
33.1912,30.1285,35.1942,0,92,84,75,1625,3504,2.32507,0,10.8871,2.48759,0,3450,15287658787
321.177,3.11354,35.1942,0,92,84,75,1625,3504,2.32507,0,10.8871,2.48759,0,3450,15290771886
46.3045,21.5962,35.1942,0,92,84,75,1625,3504,2.32507,0,10.8871,2.48759,0,3450,15312370344
85.2841,11.7255,35.1942,0,92,84,75,1625,3504,2.32507,0,10.8871,2.48759,0,3450,15324095810
27.9235,35.8122,35.1942,0,92,84,75,1625,3504,2.32507,0,10.8871,2.48759,0,3450,15359910264
2763.82,0.361818,35.1942,0,92,84,75,1625,3504,2.32507,0,10.8871,2.48759,0,3450,15360271758
47.1855,21.1929,35.1942,0,92,84,75,1625,3504,2.32507,0,10.8871,2.48759,0,3450,15381474794
101.791,9.82409,44.8193,0,87,84,76,1674,3504,2.32507,0,10.8874,2.48759,0,3400,15391292180
50.8455,19.6674,44.8193,0,87,84,76,1674,3504,2.32507,0,10.8874,2.48759,0,3400,15410960408
76.8746,13.0082,44.8193,0,87,84,76,1674,3504,2.32507,0,10.8874,2.48759,0,3400,15423969431
28.167,35.5025,44.8193,0,87,84,76,1674,3504,2.32507,0,10.8874,2.48759,0,3400,15459472050
3215.42,0.311001,44.8193,0,87,84,76,1674,3504,2.32507,0,10.8874,2.48759,0,3400,15459782421
51.3561,19.4719,44.8193,0,87,84,76,1674,3504,2.32507,0,10.8874,2.48759,0,3400,15479256763
87.8959,11.3771,44.8193,0,87,84,76,1674,3504,2.32507,0,10.8874,2.48759,0,3400,15490634000
46.3214,21.5883,44.8193,0,87,84,76,1674,3504,2.32507,0,10.8874,2.48759,0,3400,15512224250
85.0332,11.7601,44.8193,0,87,84,76,1674,3504,2.32507,0,10.8874,2.48759,0,3400,15523986818
48.6547,20.553,44.8193,0,87,84,76,1674,3504,2.32507,0,10.8874,2.48759,0,3400,15544540079
78.9047,12.6735,44.8193,0,87,84,76,1674,3504,2.32507,0,10.8874,2.48759,0,3400,15557213541
46.1439,21.6714,44.8193,0,87,84,76,1674,3504,2.32507,0,10.8874,2.48759,0,3400,15578886444
85.4925,11.6969,44.8193,0,87,84,76,1674,3504,2.32507,0,10.8874,2.48759,0,3400,15590586161
48.9241,20.4398,44.8193,0,87,84,76,1674,3504,2.32507,0,10.8874,2.48759,0,3400,15612094542
85.2204,11.7343,44.8193,0,87,84,76,1674,3504,2.32507,0,10.8874,2.48759,0,3400,15623829256
16.8359,59.3968,44.8193,0,87,84,76,1674,3504,2.32507,0,10.8874,2.48759,0,3400,15683227437
1573.83,0.635394,44.8193,0,87,84,76,1674,3504,2.32507,0,10.8874,2.48759,0,3400,15683866007
63.5135,15.7447,44.8193,0,87,84,76,1674,3504,2.32507,0,10.8874,2.48759,0,3400,15699610308
116.611,8.57554,44.8193,0,87,84,76,1674,3504,2.32507,0,10.8874,2.48759,0,3400,15708186948
41.747,23.9538,44.8193,0,87,84,76,1674,3504,2.32507,0,10.8874,2.48759,0,3400,15732142159
118.412,8.44509,44.8193,0,87,84,76,1674,3504,2.32507,0,10.8874,2.48759,0,3400,15740588148
43.971,22.7423,44.8193,0,87,84,76,1674,3504,2.32507,0,10.8874,2.48759,0,3400,15763331763
95.486,10.4727,44.8193,0,87,84,76,1674,3504,2.32507,0,10.8874,2.48759,0,3400,15773805385
46.4115,21.5464,44.8193,0,87,84,76,1674,3504,2.32507,0,10.8874,2.48759,0,3400,15795353659
86.1013,11.6142,44.8193,0,87,84,76,1674,3504,2.32507,0,10.8874,2.48759,0,3400,15806969056
47.4454,21.0768,44.8193,0,87,84,76,1674,3504,2.32507,0,10.8874,2.48759,0,3400,15828047716
81.4929,12.271,44.8193,0,87,84,76,1674,3504,2.32507,0,10.8874,2.48759,0,3400,15840319819
48.948,20.4298,44.8193,0,87,84,76,1674,3504,2.32507,0,10.8874,2.48759,0,3400,15860749997
77.8679,12.8423,44.8193,0,87,84,76,1674,3504,2.32507,0,10.8874,2.48759,0,3400,15873592985
28.7494,34.7833,44.8193,0,87,84,76,1674,3504,2.32507,0,10.8874,2.48759,0,3400,15908399078
2593.85,0.385528,58.5956,0,89,87,76,1673,3504,2.32507,0,10.9565,2.48759,0,3437,15908761997
51.7133,19.3374,58.5956,0,89,87,76,1673,3504,2.32507,0,10.9565,2.48759,0,3437,15928102191
82.3152,12.1484,58.5956,0,89,87,76,1673,3504,2.32507,0,10.9565,2.48759,0,3437,15940251146
48.8182,20.4842,58.5956,0,89,87,76,1673,3504,2.32507,0,10.9565,2.48759,0,3437,15960737339
78.0001,12.8205,58.5956,0,89,87,76,1673,3504,2.32507,0,10.9565,2.48759,0,3437,15973557650
46.984,21.2838,58.5956,0,89,87,76,1673,3504,2.32507,0,10.9565,2.48759,0,3437,15994843586
83.5561,11.968,58.5956,0,89,87,76,1673,3504,2.32507,0,10.9565,2.48759,0,3437,16006823983
48.4568,20.6369,58.5956,0,89,87,76,1673,3504,2.32507,0,10.9565,2.48759,0,3437,16027450123
78.7457,12.6991,58.5956,0,89,87,76,1673,3504,2.32507,0,10.9565,2.48759,0,3437,16040161892
41.0505,24.3602,58.5956,0,89,87,76,1673,3504,2.32507,0,10.9565,2.48759,0,3437,16064511423
111.443,8.97317,58.5956,0,89,87,76,1673,3504,2.32507,0,10.9565,2.48759,0,3437,16073504139
48.2981,20.7048,58.5956,0,89,87,76,1673,3504,2.32507,0,10.9565,2.48759,0,3437,16094192164
79.6065,12.5618,58.5956,0,89,87,76,1673,3504,2.32507,0,10.9565,2.48759,0,3437,16106753155
49.0016,20.4075,58.5956,0,89,87,76,1673,3504,2.32507,0,10.9565,2.48759,0,3437,16127163474
77.6186,12.8835,58.5956,0,89,87,76,1673,3504,2.32507,0,10.9565,2.48759,0,3437,16140046816
42.2385,23.6751,58.5956,0,89,87,76,1673,3504,2.32507,0,10.9565,2.48759,0,3437,16163723972
104.186,9.59819,58.5956,0,89,87,76,1673,3504,2.32507,0,10.9565,2.48759,0,3437,16173322421
30.4449,32.8462,58.5956,0,89,87,76,1673,3504,2.32507,0,10.9565,2.48759,0,3437,16206169213
2176.38,0.459478,58.5956,0,89,87,76,1673,3504,2.32507,0,10.9565,2.48759,0,3437,16206627218
49.5053,20.1999,58.5956,0,89,87,76,1673,3504,2.32507,0,10.9565,2.48759,0,3437,16226830239
76.4013,13.0888,58.5956,0,89,87,76,1673,3504,2.32507,0,10.9565,2.48759,0,3437,16239919565
31.6489,31.5967,58.5956,0,89,87,76,1673,3504,2.32507,0,10.9565,2.48759,0,3437,16271516645
569.374,1.75632,58.5956,0,89,87,76,1673,3504,2.32507,0,10.9565,2.48759,0,3437,16273274030
47.9609,20.8503,58.5956,0,89,87,76,1673,3504,2.32507,0,10.9565,2.48759,0,3437,16294125187
80.5008,12.4222,58.5956,0,89,87,76,1673,3504,2.32507,0,10.9565,2.48759,0,3437,16306547696
44.9525,22.2457,58.5956,0,89,87,76,1673,3504,2.32507,0,10.9565,2.48759,0,3437,16328802430
90.4144,11.0602,58.5956,0,89,87,76,1673,3504,2.32507,0,10.9565,2.48759,0,3437,16339862885
43.3387,23.0741,58.5956,0,89,87,76,1673,3504,2.32507,0,10.9565,2.48759,0,3437,16362938567
97.5579,10.2503,58.5956,0,89,87,76,1673,3504,2.32507,0,10.9565,2.48759,0,3437,16373206988
45.1274,22.1595,58.5956,0,89,87,76,1673,3504,2.32507,0,10.9565,2.48759,0,3437,16395350578
88.5798,11.2893,58.5956,0,89,87,76,1673,3504,2.32507,0,10.9565,2.48759,0,3437,16406645703
43.8269,22.817,58.5956,0,89,87,76,1673,3504,2.32507,0,10.9565,2.48759,0,3437,16429493169
95.8211,10.4361,41.2776,0,85,87,76,1673,3504,2.32507,0,10.9413,2.48759,0,3400,16439913849
44.1212,22.6648,41.2776,0,85,87,76,1673,3504,2.32507,0,10.9413,2.48759,0,3400,16462562363
95.3328,10.4896,41.2776,0,85,87,76,1673,3504,2.32507,0,10.9413,2.48759,0,3400,16473052283
47.3504,21.1191,41.2776,0,85,87,76,1673,3504,2.32507,0,10.9413,2.48759,0,3400,16494173011
81.8927,12.2111,41.2776,0,85,87,76,1673,3504,2.32507,0,10.9413,2.48759,0,3400,16506384742
49.1667,20.339,41.2776,0,85,87,76,1673,3504,2.32507,0,10.9413,2.48759,0,3400,16526725004
77.0513,12.9784,41.2776,0,85,87,76,1673,3504,2.32507,0,10.9413,2.48759,0,3400,16539704289
45.4668,21.9941,41.2776,0,85,87,76,1673,3504,2.32507,0,10.9413,2.48759,0,3400,16561700460
87.7805,11.392,41.2776,0,85,87,76,1673,3504,2.32507,0,10.9413,2.48759,0,3400,16573091333
31.0312,32.2257,41.2776,0,85,87,76,1673,3504,2.32507,0,10.9413,2.48759,0,3400,16605318370
1037.8,0.963575,41.2776,0,85,87,76,1673,3504,2.32507,0,10.9413,2.48759,0,3400,16606281700
43.2048,23.1456,41.2776,0,85,87,76,1673,3504,2.32507,0,10.9413,2.48759,0,3400,16629430872
98.2449,10.1786,41.2776,0,85,87,76,1673,3504,2.32507,0,10.9413,2.48759,0,3400,16639609819
28.9124,34.5872,41.2776,0,85,87,76,1673,3504,2.32507,0,10.9413,2.48759,0,3400,16674198055
3154.08,0.31705,41.2776,0,85,87,76,1673,3504,2.32507,0,10.9413,2.48759,0,3400,16674514544
46.7788,21.3772,41.2776,0,85,87,76,1673,3504,2.32507,0,10.9413,2.48759,0,3400,16695893775
96.7091,10.3403,41.2776,0,85,87,76,1673,3504,2.32507,0,10.9413,2.48759,0,3400,16706234505
47.2747,21.153,41.2776,0,85,87,76,1673,3504,2.32507,0,10.9413,2.48759,0,3400,16727389482
82.5584,12.1126,41.2776,0,85,87,76,1673,3504,2.32507,0,10.9413,2.48759,0,3400,16739501727
43.4414,23.0195,41.2776,0,85,87,76,1673,3504,2.32507,0,10.9413,2.48759,0,3400,16762523393
95.6431,10.4555,41.2776,0,85,87,76,1673,3504,2.32507,0,10.9413,2.48759,0,3400,16772996239
45.7579,21.8542,41.2776,0,85,87,76,1673,3504,2.32507,0,10.9413,2.48759,0,3400,16794837558
87.553,11.4216,41.2776,0,85,87,76,1673,3504,2.32507,0,10.9413,2.48759,0,3400,16806256531
32.0174,31.233,41.2776,0,85,87,76,1673,3504,2.32507,0,10.9413,2.48759,0,3400,16837509533
532.477,1.87801,41.2776,0,85,87,76,1673,3504,2.32507,0,10.9413,2.48759,0,3400,16839367457
34.6214,28.8838,41.2776,0,85,87,76,1673,3504,2.32507,0,10.9413,2.48759,0,3400,16868255002
220.518,4.53478,41.2776,0,85,87,76,1673,3504,2.32507,0,10.9413,2.48759,0,3400,16872789175
33.3628,29.9735,41.2776,0,85,87,76,1673,3504,2.32507,0,10.9413,2.48759,0,3400,16902779523
307.458,3.25248,41.2776,0,85,87,76,1673,3504,2.32507,0,10.9413,2.48759,0,3400,16906016536
48.8026,20.4907,41.2776,0,85,87,76,1673,3504,2.32507,0,10.9413,2.48759,0,3400,16926510145
77.5585,12.8935,41.2776,0,85,87,76,1673,3504,2.32507,0,10.9413,2.48759,0,3400,16939407793
36.4825,27.4104,33.4177,0,85,86,76,1673,3504,2.32507,0,10.9415,2.48759,0,3562,16966815906
172.393,5.80071,33.4177,0,85,86,76,1673,3504,2.32507,0,10.9415,2.48759,0,3562,16972617358
36.0084,27.7713,33.4177,0,85,86,76,1673,3504,2.32507,0,10.9415,2.48759,0,3562,17000409118
178.666,5.59704,33.4177,0,85,86,76,1673,3504,2.32507,0,10.9415,2.48759,0,3562,17005988048
48.3435,20.6853,33.4177,0,85,86,76,1673,3504,2.32507,0,10.9415,2.48759,0,3562,17026674851
79.871,12.5202,33.4177,0,85,86,76,1673,3504,2.32507,0,10.9415,2.48759,0,3562,17039195933
34.341,29.1197,33.4177,0,85,86,76,1673,3504,2.32507,0,10.9415,2.48759,0,3562,17068329088
236.022,4.2369,33.4177,0,85,86,76,1673,3504,2.32507,0,10.9415,2.48759,0,3562,17072553377
40.7053,24.5668,33.4177,0,85,86,76,1673,3504,2.32507,0,10.9415,2.48759,0,3562,17097121346
114.649,8.72229,33.4177,0,85,86,76,1673,3504,2.32507,0,10.9415,2.48759,0,3562,17105843937
44.3909,22.5271,33.4177,0,85,86,76,1673,3504,2.32507,0,10.9415,2.48759,0,3562,17128374688
93.004,10.7522,33.4177,0,85,86,76,1673,3504,2.32507,0,10.9415,2.48759,0,3562,17139144064
46.8925,21.3254,33.4177,0,85,86,76,1673,3504,2.32507,0,10.9415,2.48759,0,3562,17160453049
83.0292,12.044,33.4177,0,85,86,76,1673,3504,2.32507,0,10.9415,2.48759,0,3562,17172497580
36.1812,27.6387,33.4177,0,85,86,76,1673,3504,2.32507,0,10.9415,2.48759,0,3562,17200138790
178.076,5.61557,33.4177,0,85,86,76,1673,3504,2.32507,0,10.9415,2.48759,0,3562,17205771684
40.9277,24.4334,33.4177,0,85,86,76,1673,3504,2.32507,0,10.9415,2.48759,0,3562,17230188335
111.007,9.00844,33.4177,0,85,86,76,1673,3504,2.32507,0,10.9415,2.48759,0,3562,17239197339
45.1748,22.1362,33.4177,0,85,86,76,1673,3504,2.32507,0,10.9415,2.48759,0,3562,17261334885
90.6397,11.0327,33.4177,0,85,86,76,1673,3504,2.32507,0,10.9415,2.48759,0,3562,17272380320
43.6002,22.9357,33.4177,0,85,86,76,1673,3504,2.32507,0,10.9415,2.48759,0,3562,17295305035
95.9048,10.427,33.4177,0,85,86,76,1673,3504,2.32507,0,10.9415,2.48759,0,3562,17305750997
41.326,24.1978,33.4177,0,85,86,76,1673,3504,2.32507,0,10.9415,2.48759,0,3562,17329931205
109.767,9.11023,33.4177,0,85,86,76,1673,3504,2.32507,0,10.9415,2.48759,0,3562,17339060261
49.0758,20.3766,33.4177,0,85,86,76,1673,3504,2.32507,0,10.9415,2.48759,0,3562,17359420430
76.9963,12.9876,33.4177,0,85,86,76,1673,3504,2.32507,0,10.9415,2.48759,0,3562,17372408268
48.3825,20.6686,33.4177,0,85,86,76,1673,3504,2.32507,0,10.9415,2.48759,0,3562,17393080241
79.4723,12.583,33.4177,0,85,86,76,1673,3504,2.32507,0,10.9415,2.48759,0,3562,17405662742
38.2214,26.1634,33.4177,0,85,86,76,1673,3504,2.32507,0,10.9415,2.48759,0,3562,17431827455
141.251,7.07961,33.4177,0,85,86,76,1673,3504,2.32507,0,10.9415,2.48759,0,3562,17438907916
38.0458,26.2841,33.4177,0,85,86,76,1673,3504,2.32507,0,10.9415,2.48759,0,3562,17465195014
140.907,7.0969,33.8942,0,89,86,77,1683,3504,2.32507,0,10.9415,2.48759,0,3402,17472289891
33.6822,29.6893,33.8942,0,89,86,77,1683,3504,2.32507,0,10.9415,2.48759,0,3402,17501981190
276.438,3.61745,33.8942,0,89,86,77,1683,3504,2.32507,0,10.9415,2.48759,0,3402,17505598063
39.9424,25.0361,33.8942,0,89,86,77,1683,3504,2.32507,0,10.9415,2.48759,0,3402,17530636366
122.494,8.16365,33.8942,0,89,86,77,1683,3504,2.32507,0,10.9415,2.48759,0,3402,17538800219
41.7337,23.9614,33.8942,0,89,86,77,1683,3504,2.32507,0,10.9415,2.48759,0,3402,17562764299
105.438,9.48428,33.8942,0,89,86,77,1683,3504,2.32507,0,10.9415,2.48759,0,3402,17572249254
46.4393,21.5335,33.8942,0,89,86,77,1683,3504,2.32507,0,10.9415,2.48759,0,3402,17593784563
85.6653,11.6733,33.8942,0,89,86,77,1683,3504,2.32507,0,10.9415,2.48759,0,3402,17605458226
48.1323,20.7761,33.8942,0,89,86,77,1683,3504,2.32507,0,10.9415,2.48759,0,3402,17626235637
80.1805,12.4719,33.8942,0,89,86,77,1683,3504,2.32507,0,10.9415,2.48759,0,3402,17638728977
47.492,21.0562,33.8942,0,89,86,77,1683,3504,2.32507,0,10.9415,2.48759,0,3402,17659766494
81.3484,12.2928,33.8942,0,89,86,77,1683,3504,2.32507,0,10.9415,2.48759,0,3402,17672071192
38.4071,26.0368,33.8942,0,89,86,77,1683,3504,2.32507,0,10.9415,2.48759,0,3402,17698096322
136.895,7.30488,33.8942,0,89,86,77,1683,3504,2.32507,0,10.9415,2.48759,0,3402,17705414976
34.7963,28.7387,33.8942,0,89,86,77,1683,3504,2.32507,0,10.9415,2.48759,0,3402,17734155015
216.689,4.61491,33.8942,0,89,86,77,1683,3504,2.32507,0,10.9415,2.48759,0,3402,17738757055
33.449,29.8962,33.8942,0,89,86,77,1683,3504,2.32507,0,10.9415,2.48759,0,3402,17768667693
296.837,3.36886,33.8942,0,89,86,77,1683,3504,2.32507,0,10.9415,2.48759,0,3402,17772023640
33.9922,29.4185,33.8942,0,89,86,77,1683,3504,2.32507,0,10.9415,2.48759,0,3402,17801443895
259.428,3.85464,33.8942,0,89,86,77,1683,3504,2.32507,0,10.9415,2.48759,0,3402,17805299469
36.4891,27.4054,33.8942,0,89,86,77,1683,3504,2.32507,0,10.9415,2.48759,0,3402,17832724726
170.641,5.86025,33.8942,0,89,86,77,1683,3504,2.32507,0,10.9415,2.48759,0,3402,17838567208
36.4355,27.4457,33.8942,0,89,86,77,1683,3504,2.32507,0,10.9415,2.48759,0,3402,17866014082
170.567,5.8628,33.8942,0,89,86,77,1683,3504,2.32507,0,10.9415,2.48759,0,3402,17871877275
39.3373,25.4212,33.8942,0,89,86,77,1683,3504,2.32507,0,10.9415,2.48759,0,3402,17897301084
126.868,7.88222,33.8942,0,89,86,77,1683,3504,2.32507,0,10.9415,2.48759,0,3402,17905183430
49.1541,20.3442,33.8942,0,89,86,77,1683,3504,2.32507,0,10.9415,2.48759,0,3402,17925529544
77.0468,12.9791,33.8942,0,89,86,77,1683,3504,2.32507,0,10.9415,2.48759,0,3402,17938508583
49.1902,20.3293,33.8942,0,89,86,77,1683,3504,2.32507,0,10.9415,2.48759,0,3402,17958840288
77.1377,12.9638,33.8942,0,89,86,77,1683,3504,2.32507,0,10.9415,2.48759,0,3402,17971809493
48.0493,20.812,30.3258,0,88,82,77,1692,3504,2.32507,0,10.9419,2.48759,0,3485,17992616839
80.5614,12.4129,30.3258,0,88,82,77,1692,3504,2.32507,0,10.9419,2.48759,0,3485,18005030236
49.0262,20.3972,30.3258,0,88,82,77,1692,3504,2.32507,0,10.9419,2.48759,0,3485,18025429065
77.322,12.9329,30.3258,0,88,82,77,1692,3504,2.32507,0,10.9419,2.48759,0,3485,18038361693
34.3563,29.1067,30.3258,0,88,82,77,1692,3504,2.32507,0,10.9419,2.48759,0,3485,18067470006
227.816,4.3895,30.3258,0,88,82,77,1692,3504,2.32507,0,10.9419,2.48759,0,3485,18071859636
40.0695,24.9566,30.3258,0,88,82,77,1692,3504,2.32507,0,10.9419,2.48759,0,3485,18096818886
121.095,8.25799,30.3258,0,88,82,77,1692,3504,2.32507,0,10.9419,2.48759,0,3485,18105076071
45.6864,21.8884,30.3258,0,88,82,77,1692,3504,2.32507,0,10.9419,2.48759,0,3485,18126966916
87.4448,11.4358,30.3258,0,88,82,77,1692,3504,2.32507,0,10.9419,2.48759,0,3485,18138424171
47.5242,21.0419,30.3258,0,88,82,77,1692,3504,2.32507,0,10.9419,2.48759,0,3485,18159448629
82.2745,12.1544,30.3258,0,88,82,77,1692,3504,2.32507,0,10.9419,2.48759,0,3485,18171602340
46.5062,21.5025,30.3258,0,88,82,77,1692,3504,2.32507,0,10.9419,2.48759,0,3485,18193106781
84.5501,11.8273,30.3258,0,88,82,77,1692,3504,2.32507,0,10.9419,2.48759,0,3485,18204933930
48.6458,20.5568,30.3258,0,88,82,77,1692,3504,2.32507,0,10.9419,2.48759,0,3485,18225493243
77.765,12.8592,30.3258,0,88,82,77,1692,3504,2.32507,0,10.9419,2.48759,0,3485,18238372066
34.6624,28.8497,30.3258,0,88,82,77,1692,3504,2.32507,0,10.9419,2.48759,0,3485,18267201830
221.978,4.50494,30.3258,0,88,82,77,1692,3504,2.32507,0,10.9419,2.48759,0,3485,18271707953
38.5943,25.9106,30.3258,0,88,82,77,1692,3504,2.32507,0,10.9419,2.48759,0,3485,18297620281
139.195,7.18419,30.3258,0,88,82,77,1692,3504,2.32507,0,10.9419,2.48759,0,3485,18304804729
39.7417,25.1625,30.3258,0,88,82,77,1692,3504,2.32507,0,10.9419,2.48759,0,3485,18329969074
120.515,8.29771,30.3258,0,88,82,77,1692,3504,2.32507,0,10.9419,2.48759,0,3485,18338268829
47.8639,20.8926,30.3258,0,88,82,77,1692,3504,2.32507,0,10.9419,2.48759,0,3485,18359162676
81.4197,12.282,30.3258,0,88,82,77,1692,3504,2.32507,0,10.9419,2.48759,0,3485,18371457101
47.756,20.9398,30.3258,0,88,82,77,1692,3504,2.32507,0,10.9419,2.48759,0,3485,18392385240
80.9009,12.3608,30.3258,0,88,82,77,1692,3504,2.32507,0,10.9419,2.48759,0,3485,18404746302
46.4944,21.508,30.3258,0,88,82,77,1692,3504,2.32507,0,10.9419,2.48759,0,3485,18426255709
84.6748,11.8099,30.3258,0,88,82,77,1692,3504,2.32507,0,10.9419,2.48759,0,3485,18438084016
38.986,25.6502,30.3258,0,88,82,77,1692,3504,2.32507,0,10.9419,2.48759,0,3485,18463717807
128.846,7.76121,30.3258,0,88,82,77,1692,3504,2.32507,0,10.9419,2.48759,0,3485,18471496526
46.8035,21.3659,30.3258,0,88,82,77,1692,3504,2.32507,0,10.9419,2.48759,0,3485,18492856060
84.6839,11.8086,32.6877,0,88,82,77,1695,3504,2.32507,0,10.9419,2.48759,0,3454,18504655396
38.6607,25.866,32.6877,0,88,82,77,1695,3504,2.32507,0,10.9419,2.48759,0,3454,18530524207
133.53,7.48894,32.6877,0,88,82,77,1695,3504,2.32507,0,10.9419,2.48759,0,3454,18538012738
41.329,24.1961,32.6877,0,88,82,77,1695,3504,2.32507,0,10.9419,2.48759,0,3454,18562210802
110.611,9.04067,32.6877,0,88,82,77,1695,3504,2.32507,0,10.9419,2.48759,0,3454,18571270754
44.534,22.4548,32.6877,0,88,82,77,1695,3504,2.32507,0,10.9419,2.48759,0,3454,18593708031
92.052,10.8634,32.6877,0,88,82,77,1695,3504,2.32507,0,10.9419,2.48759,0,3454,18604572267
45.6211,21.9197,32.6877,0,88,82,77,1695,3504,2.32507,0,10.9419,2.48759,0,3454,18626493829
87.7941,11.3903,32.6877,0,88,82,77,1695,3504,2.32507,0,10.9419,2.48759,0,3454,18637883595
39.6077,25.2476,32.6877,0,88,82,77,1695,3504,2.32507,0,10.9419,2.48759,0,3454,18663133166
124.63,8.02378,32.6877,0,88,82,77,1695,3504,2.32507,0,10.9419,2.48759,0,3454,18671157206
47.2458,21.1659,32.6877,0,88,82,77,1695,3504,2.32507,0,10.9419,2.48759,0,3454,18692325843
82.2626,12.1562,32.6877,0,88,82,77,1695,3504,2.32507,0,10.9419,2.48759,0,3454,18704499107
48.635,20.5613,32.6877,0,88,82,77,1695,3504,2.32507,0,10.9419,2.48759,0,3454,18725044343
78.2033,12.7872,32.6877,0,88,82,77,1695,3504,2.32507,0,10.9419,2.48759,0,3454,18737831628
39.8931,25.067,32.6877,0,88,82,77,1695,3504,2.32507,0,10.9419,2.48759,0,3454,18762902308
121.63,8.22168,32.6877,0,88,82,77,1695,3504,2.32507,0,10.9419,2.48759,0,3454,18771140958
46.5952,21.4614,32.6877,0,88,82,77,1695,3504,2.32507,0,10.9419,2.48759,0,3454,18792585760
84.4218,11.8453,32.6877,0,88,82,77,1695,3504,2.32507,0,10.9419,2.48759,0,3454,18804431517
48.7643,20.5068,32.6877,0,88,82,77,1695,3504,2.32507,0,10.9419,2.48759,0,3454,18824939950
78.2677,12.7767,32.6877,0,88,82,77,1695,3504,2.32507,0,10.9419,2.48759,0,3454,18837717181
39.2674,25.4664,32.6877,0,88,82,77,1695,3504,2.32507,0,10.9419,2.48759,0,3454,18863185564
127.744,7.82818,32.6877,0,88,82,77,1695,3504,2.32507,0,10.9419,2.48759,0,3454,18871014460
48.3889,20.6659,32.6877,0,88,82,77,1695,3504,2.32507,0,10.9419,2.48759,0,3454,18891681105
78.8228,12.6867,32.6877,0,88,82,77,1695,3504,2.32507,0,10.9419,2.48759,0,3454,18904368033
48.5975,20.5772,32.6877,0,88,82,77,1695,3504,2.32507,0,10.9419,2.48759,0,3454,18924946860
79.3173,12.6076,32.6877,0,88,82,77,1695,3504,2.32507,0,10.9419,2.48759,0,3454,18937571636
38.1189,26.2337,32.6877,0,88,82,77,1695,3504,2.32507,0,10.9419,2.48759,0,3454,18963790222
141.045,7.08992,32.6877,0,88,82,77,1695,3504,2.32507,0,10.9419,2.48759,0,3454,18970880411
38.6615,25.8655,32.6877,0,88,82,77,1695,3504,2.32507,0,10.9419,2.48759,0,3454,18996753933
132.396,7.55307,31.4861,0,88,83,78,1695,3504,2.32507,0,10.9419,2.48759,0,3401,19004318996
49.1228,20.3572,31.4861,0,88,83,78,1695,3504,2.32507,0,10.9419,2.48759,0,3401,19024659515
77.8732,12.8414,31.4861,0,88,83,78,1695,3504,2.32507,0,10.9419,2.48759,0,3401,19037524393
37.6627,26.5515,31.4861,0,88,83,78,1695,3504,2.32507,0,10.9419,2.48759,0,3401,19064054067
144.113,6.93898,31.4861,0,88,83,78,1695,3504,2.32507,0,10.9419,2.48759,0,3401,19070993343
39.4661,25.3382,31.4861,0,88,83,78,1695,3504,2.32507,0,10.9419,2.48759,0,3401,19096333395
128.533,7.78009,31.4861,0,88,83,78,1695,3504,2.32507,0,10.9419,2.48759,0,3401,19104114973
49.422,20.2339,31.4861,0,88,83,78,1695,3504,2.32507,0,10.9419,2.48759,0,3401,19124349488
76.5742,13.0592,31.4861,0,88,83,78,1695,3504,2.32507,0,10.9419,2.48759,0,3401,19137430073
35.1253,28.4695,31.4861,0,88,83,78,1695,3504,2.32507,0,10.9419,2.48759,0,3401,19165879312
202.701,4.93338,31.4861,0,88,83,78,1695,3504,2.32507,0,10.9419,2.48759,0,3401,19170812583
39.2637,25.4688,31.4861,0,88,83,78,1695,3504,2.32507,0,10.9419,2.48759,0,3401,19196283240
126.251,7.92071,31.4861,0,88,83,78,1695,3504,2.32507,0,10.9419,2.48759,0,3401,19204205337
35.2898,28.3368,31.4861,0,88,83,78,1695,3504,2.32507,0,10.9419,2.48759,0,3401,19232547024
202.026,4.94985,31.4861,0,88,83,78,1695,3504,2.32507,0,10.9419,2.48759,0,3401,19237494175
48.8675,20.4635,31.4861,0,88,83,78,1695,3504,2.32507,0,10.9419,2.48759,0,3401,19257960659
77.6288,12.8818,31.4861,0,88,83,78,1695,3504,2.32507,0,10.9419,2.48759,0,3401,19270841819
41.5071,24.0923,31.4861,0,88,83,78,1695,3504,2.32507,0,10.9419,2.48759,0,3401,19294936061
108.54,9.21317,31.4861,0,88,83,78,1695,3504,2.32507,0,10.9419,2.48759,0,3401,19304149337
48.5593,20.5934,31.4861,0,88,83,78,1695,3504,2.32507,0,10.9419,2.48759,0,3401,19324743912
79.8109,12.5296,31.4861,0,88,83,78,1695,3504,2.32507,0,10.9419,2.48759,0,3401,19337274231
48.4596,20.6357,31.4861,0,88,83,78,1695,3504,2.32507,0,10.9419,2.48759,0,3401,19357911064
78.9756,12.6621,31.4861,0,88,83,78,1695,3504,2.32507,0,10.9419,2.48759,0,3401,19370586181
48.4083,20.6576,31.4861,0,88,83,78,1695,3504,2.32507,0,10.9419,2.48759,0,3401,19391234027
79.0649,12.6478,31.4861,0,88,83,78,1695,3504,2.32507,0,10.9419,2.48759,0,3401,19403894227
46.6091,21.455,31.4861,0,88,83,78,1695,3504,2.32507,0,10.9419,2.48759,0,3401,19425337448
84.4845,11.8365,31.4861,0,88,83,78,1695,3504,2.32507,0,10.9419,2.48759,0,3401,19437192111
47.7345,20.9492,31.4861,0,88,83,78,1695,3504,2.32507,0,10.9419,2.48759,0,3401,19458125460
80.9643,12.3511,31.4861,0,88,83,78,1695,3504,2.32507,0,10.9419,2.48759,0,3401,19470477347
33.0483,30.2588,31.4861,0,88,83,78,1695,3504,2.32507,0,10.9419,2.48759,0,3401,19500739857
324.583,3.08088,35.7488,0,87,83,78,1695,3504,2.32507,0,10.9419,2.48759,0,3400,19503816885
35.0387,28.5399,35.7488,0,87,83,78,1695,3504,2.32507,0,10.9419,2.48759,0,3400,19532359184
205.665,4.86228,35.7488,0,87,83,78,1695,3504,2.32507,0,10.9419,2.48759,0,3400,19537240316
36.9155,27.0889,35.7488,0,87,83,78,1695,3504,2.32507,0,10.9419,2.48759,0,3400,19564312455
158.013,6.3286,35.7488,0,87,83,78,1695,3504,2.32507,0,10.9419,2.48759,0,3400,19570660166
34.3747,29.0911,35.7488,0,87,83,78,1695,3504,2.32507,0,10.9419,2.48759,0,3400,19599734155
245.038,4.081,35.7488,0,87,83,78,1695,3504,2.32507,0,10.9419,2.48759,0,3400,19603833370
35.7072,28.0056,35.7488,0,87,83,78,1695,3504,2.32507,0,10.9419,2.48759,0,3400,19631838988
190.935,5.23739,35.7488,0,87,83,78,1695,3504,2.32507,0,10.9419,2.48759,0,3400,19637077451
40.8788,24.4626,35.7488,0,87,83,78,1695,3504,2.32507,0,10.9419,2.48759,0,3400,19661541539
113.221,8.8323,35.7488,0,87,83,78,1695,3504,2.32507,0,10.9419,2.48759,0,3400,19670374225
47.1009,21.231,35.7488,0,87,83,78,1695,3504,2.32507,0,10.9419,2.48759,0,3400,19691606814
82.9223,12.0595,35.7488,0,87,83,78,1695,3504,2.32507,0,10.9419,2.48759,0,3400,19703667410
49.2063,20.3226,35.7488,0,87,83,78,1695,3504,2.32507,0,10.9419,2.48759,0,3400,19723992011
77.5145,12.9008,35.7488,0,87,83,78,1695,3504,2.32507,0,10.9419,2.48759,0,3400,19736892981
48.0692,20.8034,35.7488,0,87,83,78,1695,3504,2.32507,0,10.9419,2.48759,0,3400,19757697029
79.6244,12.559,35.7488,0,87,83,78,1695,3504,2.32507,0,10.9419,2.48759,0,3400,19770271343
48.4241,20.6509,35.7488,0,87,83,78,1695,3504,2.32507,0,10.9419,2.48759,0,3400,19790908489
78.9517,12.666,35.7488,0,87,83,78,1695,3504,2.32507,0,10.9419,2.48759,0,3400,19803574706
48.8385,20.4756,35.7488,0,87,83,78,1695,3504,2.32507,0,10.9419,2.48759,0,3400,19824052209
78.1313,12.799,35.7488,0,87,83,78,1695,3504,2.32507,0,10.9419,2.48759,0,3400,19836851102
33.7841,29.5998,35.7488,0,87,83,78,1695,3504,2.32507,0,10.9419,2.48759,0,3400,19866451219
276.538,3.61614,35.7488,0,87,83,78,1695,3504,2.32507,0,10.9419,2.48759,0,3400,19870067109
37.2087,26.8754,35.7488,0,87,83,78,1695,3504,2.32507,0,10.9419,2.48759,0,3400,19896945631
153.354,6.52088,35.7488,0,87,83,78,1695,3504,2.32507,0,10.9419,2.48759,0,3400,19903465689
39.2683,25.4658,35.7488,0,87,83,78,1695,3504,2.32507,0,10.9419,2.48759,0,3400,19928932654
127.146,7.86496,35.7488,0,87,83,78,1695,3504,2.32507,0,10.9419,2.48759,0,3400,19936799124
45.0736,22.1859,35.7488,0,87,83,78,1695,3504,2.32507,0,10.9419,2.48759,0,3400,19958987544
89.9179,11.1213,35.7488,0,87,83,78,1695,3504,2.32507,0,10.9419,2.48759,0,3400,19970127130
47.3479,21.1203,35.7488,0,87,83,78,1695,3504,2.32507,0,10.9419,2.48759,0,3400,19991231382
82.6212,12.1034,35.7488,0,87,83,78,1695,3504,2.32507,0,10.9419,2.48759,0,3400,20003355046
43.5296,22.9729,32.3907,0,88,84,78,1695,3504,2.32507,0,10.9421,2.48759,0,3442,20026308610
96.0139,10.4152,32.3907,0,88,84,78,1695,3504,2.32507,0,10.9421,2.48759,0,3442,20036748836
37.81,26.448,32.3907,0,88,84,78,1695,3504,2.32507,0,10.9421,2.48759,0,3442,20063175781
148.119,6.75133,32.3907,0,88,84,78,1695,3504,2.32507,0,10.9421,2.48759,0,3442,20069939737
42.4767,23.5423,32.3907,0,88,84,78,1695,3504,2.32507,0,10.9421,2.48759,0,3442,20093470416
101.342,9.86761,32.3907,0,88,84,78,1695,3504,2.32507,0,10.9421,2.48759,0,3442,20103337478
38.0768,26.2627,32.3907,0,88,84,78,1695,3504,2.32507,0,10.9421,2.48759,0,3442,20129602008
142.514,7.01684,32.3907,0,88,84,78,1695,3504,2.32507,0,10.9421,2.48759,0,3442,20136640587
42.1016,23.7521,32.3907,0,88,84,78,1695,3504,2.32507,0,10.9421,2.48759,0,3442,20160371983
105.245,9.50165,32.3907,0,88,84,78,1695,3504,2.32507,0,10.9421,2.48759,0,3442,20169887926
49.124,20.3567,32.3907,0,88,84,78,1695,3504,2.32507,0,10.9421,2.48759,0,3442,20190232958
77.0565,12.9775,32.3907,0,88,84,78,1695,3504,2.32507,0,10.9421,2.48759,0,3442,20203211396
46.4612,21.5233,32.3907,0,88,84,78,1695,3504,2.32507,0,10.9421,2.48759,0,3442,20224736837
85.2922,11.7244,32.3907,0,88,84,78,1695,3504,2.32507,0,10.9421,2.48759,0,3442,20236461703
48.0376,20.817,32.3907,0,88,84,78,1695,3504,2.32507,0,10.9421,2.48759,0,3442,20257281317
80.0521,12.4919,32.3907,0,88,84,78,1695,3504,2.32507,0,10.9421,2.48759,0,3442,20269772508
39.664,25.2118,32.3907,0,88,84,78,1695,3504,2.32507,0,10.9421,2.48759,0,3442,20294985426
123.541,8.09445,32.3907,0,88,84,78,1695,3504,2.32507,0,10.9421,2.48759,0,3442,20303080172
46.6919,21.417,32.3907,0,88,84,78,1695,3504,2.32507,0,10.9421,2.48759,0,3442,20324499615
84.1186,11.888,32.3907,0,88,84,78,1695,3504,2.32507,0,10.9421,2.48759,0,3442,20336387444
35.7728,27.9542,32.3907,0,88,84,78,1695,3504,2.32507,0,10.9421,2.48759,0,3442,20364344137
186.057,5.37469,32.3907,0,88,84,78,1695,3504,2.32507,0,10.9421,2.48759,0,3442,20369719226
37.5791,26.6105,32.3907,0,88,84,78,1695,3504,2.32507,0,10.9421,2.48759,0,3442,20396331467
148.518,6.7332,32.3907,0,88,84,78,1695,3504,2.32507,0,10.9421,2.48759,0,3442,20403083141
34.4599,29.0192,32.3907,0,88,84,78,1695,3504,2.32507,0,10.9421,2.48759,0,3442,20432099125
238.603,4.19105,32.3907,0,88,84,78,1695,3504,2.32507,0,10.9421,2.48759,0,3442,20436276539
33.3203,30.0118,32.3907,0,88,84,78,1695,3504,2.32507,0,10.9421,2.48759,0,3442,20466288966
305.363,3.27479,32.3907,0,88,84,78,1695,3504,2.32507,0,10.9421,2.48759,0,3442,20469564510
33.9174,29.4833,32.3907,0,88,84,78,1695,3504,2.32507,0,10.9421,2.48759,0,3442,20499049892
249.822,4.00285,32.3907,0,88,84,78,1695,3504,2.32507,0,10.9421,2.48759,0,3442,20503052837
33.3859,29.9528,32.3907,0,88,84,78,1695,3504,2.32507,0,10.9421,2.48759,0,3442,20533025526
310.638,3.21918,32.5183,0,88,84,78,1695,3504,2.32507,0,10.9421,2.48759,0,3407,20536227155
36.8519,27.1357,32.5183,0,88,84,78,1695,3504,2.32507,0,10.9421,2.48759,0,3407,20563365663
161.182,6.20417,32.5183,0,88,84,78,1695,3504,2.32507,0,10.9421,2.48759,0,3407,20569570195
39.7664,25.1469,32.5183,0,88,84,78,1695,3504,2.32507,0,10.9421,2.48759,0,3407,20594717896
121.796,8.21046,32.5183,0,88,84,78,1695,3504,2.32507,0,10.9421,2.48759,0,3407,20602928106
46.764,21.384,32.5183,0,88,84,78,1695,3504,2.32507,0,10.9421,2.48759,0,3407,20624314545
84.3779,11.8514,32.5183,0,88,84,78,1695,3504,2.32507,0,10.9421,2.48759,0,3407,20636187361
47.9672,20.8476,32.5183,0,88,84,78,1695,3504,2.32507,0,10.9421,2.48759,0,3407,20657015894
80.5502,12.4146,32.5183,0,88,84,78,1695,3504,2.32507,0,10.9421,2.48759,0,3407,20669430416
48.703,20.5326,32.5183,0,88,84,78,1695,3504,2.32507,0,10.9421,2.48759,0,3407,20689964483
76.9342,12.9981,32.5183,0,88,84,78,1695,3504,2.32507,0,10.9421,2.48759,0,3407,20702963825
37.0922,26.9598,32.5183,0,88,84,78,1695,3504,2.32507,0,10.9421,2.48759,0,3407,20729937481
161.491,6.19229,32.5183,0,88,84,78,1695,3504,2.32507,0,10.9421,2.48759,0,3407,20736142969
34.463,29.0166,32.5183,0,88,84,78,1695,3504,2.32507,0,10.9421,2.48759,0,3407,20765136052
235.28,4.25026,32.5183,0,88,84,78,1695,3504,2.32507,0,10.9421,2.48759,0,3407,20769386797
33.3036,30.0268,32.5183,0,88,84,78,1695,3504,2.32507,0,10.9421,2.48759,0,3407,20799415309
296.897,3.36817,32.5183,0,88,84,78,1695,3504,2.32507,0,10.9421,2.48759,0,3407,20802796195
38.0934,26.2513,32.5183,0,88,84,78,1695,3504,2.32507,0,10.9421,2.48759,0,3407,20829036726
143.305,6.9781,32.5183,0,88,84,78,1695,3504,2.32507,0,10.9421,2.48759,0,3407,20836015330
35.2004,28.4088,32.5183,0,88,84,78,1695,3504,2.32507,0,10.9421,2.48759,0,3407,20864427225
207.869,4.81073,32.5183,0,88,84,78,1695,3504,2.32507,0,10.9421,2.48759,0,3407,20869237947
36.9392,27.0715,32.5183,0,88,84,78,1695,3504,2.32507,0,10.9421,2.48759,0,3407,20896311429
159.978,6.25085,32.5183,0,88,84,78,1695,3504,2.32507,0,10.9421,2.48759,0,3407,20902562721
44.3441,22.5509,32.5183,0,88,84,78,1695,3504,2.32507,0,10.9421,2.48759,0,3407,20925115083
93.0028,10.7524,32.5183,0,88,84,78,1695,3504,2.32507,0,10.9421,2.48759,0,3407,20935885954
41.7825,23.9335,32.5183,0,88,84,78,1695,3504,2.32507,0,10.9421,2.48759,0,3407,20959804444
106.719,9.37045,32.5183,0,88,84,78,1695,3504,2.32507,0,10.9421,2.48759,0,3407,20969174379
48.756,20.5103,32.5183,0,88,84,78,1695,3504,2.32507,0,10.9421,2.48759,0,3407,20989686502
78.2953,12.7722,32.5183,0,88,84,78,1695,3504,2.32507,0,10.9421,2.48759,0,3407,21002458662
39.0173,25.6297,32.5183,0,88,84,78,1695,3504,2.32507,0,10.9421,2.48759,0,3407,21028089816
130.972,7.63524,32.5183,0,88,84,78,1695,3504,2.32507,0,10.9421,2.48759,0,3407,21035727942
35.0336,28.544,37.2152,0,89,89,78,1695,3504,2.32507,0,10.9423,2.48759,0,3439,21064270816
205.208,4.87311,37.2152,0,89,89,78,1695,3504,2.32507,0,10.9423,2.48759,0,3439,21069144569
47.2238,21.1758,37.2152,0,89,89,78,1695,3504,2.32507,0,10.9423,2.48759,0,3439,21090320926
82.6291,12.1023,37.2152,0,89,89,78,1695,3504,2.32507,0,10.9423,2.48759,0,3439,21102424020
38.748,25.8078,37.2152,0,89,89,78,1695,3504,2.32507,0,10.9423,2.48759,0,3439,21128232960
133.525,7.48921,37.2152,0,89,89,78,1695,3504,2.32507,0,10.9423,2.48759,0,3439,21135724122
44.5734,22.4349,37.2152,0,89,89,78,1695,3504,2.32507,0,10.9423,2.48759,0,3439,21158160052
92.2366,10.8417,37.2152,0,89,89,78,1695,3504,2.32507,0,10.9423,2.48759,0,3439,21169014902
40.583,24.6408,37.2152,0,89,89,78,1695,3504,2.32507,0,10.9423,2.48759,0,3439,21193644163
114.899,8.70328,37.2152,0,89,89,78,1695,3504,2.32507,0,10.9423,2.48759,0,3439,21202347955
48.3233,20.6939,37.2152,0,89,89,78,1695,3504,2.32507,0,10.9423,2.48759,0,3439,21223044036
79.6167,12.5602,37.2152,0,89,89,78,1695,3504,2.32507,0,10.9423,2.48759,0,3439,21235604790
38.5255,25.9568,37.2152,0,89,89,78,1695,3504,2.32507,0,10.9423,2.48759,0,3439,21261562997
133.915,7.46742,37.2152,0,89,89,78,1695,3504,2.32507,0,10.9423,2.48759,0,3439,21269030694
38.7625,25.7981,37.2152,0,89,89,78,1695,3504,2.32507,0,10.9423,2.48759,0,3439,21294830290
135.439,7.38341,37.2152,0,89,89,78,1695,3504,2.32507,0,10.9423,2.48759,0,3439,21302227152
42.5395,23.5076,37.2152,0,89,89,78,1695,3504,2.32507,0,10.9423,2.48759,0,3439,21325726021
100.979,9.90304,37.2152,0,89,89,78,1695,3504,2.32507,0,10.9423,2.48759,0,3439,21335645825
47.1956,21.1884,37.2152,0,89,89,78,1695,3504,2.32507,0,10.9423,2.48759,0,3439,21357043534
82.7161,12.0895,37.2152,0,89,89,78,1695,3504,2.32507,0,10.9423,2.48759,0,3439,21368906041
47.8461,20.9003,37.2152,0,89,89,78,1695,3504,2.32507,0,10.9423,2.48759,0,3439,21389809112
81.2699,12.3047,37.2152,0,89,89,78,1695,3504,2.32507,0,10.9423,2.48759,0,3439,21402127077
48.454,20.6381,37.2152,0,89,89,78,1695,3504,2.32507,0,10.9423,2.48759,0,3439,21422755739
79.0535,12.6497,37.2152,0,89,89,78,1695,3504,2.32507,0,10.9423,2.48759,0,3439,21435403942
48.0119,20.8282,37.2152,0,89,89,78,1695,3504,2.32507,0,10.9423,2.48759,0,3439,21456233952
79.5417,12.572,37.2152,0,89,89,78,1695,3504,2.32507,0,10.9423,2.48759,0,3439,21468818968
37.0171,27.0146,37.2152,0,89,89,78,1695,3504,2.32507,0,10.9423,2.48759,0,3439,21495822483
161.421,6.19497,37.2152,0,89,89,78,1695,3504,2.32507,0,10.9423,2.48759,0,3439,21502018601
40.0165,24.9897,37.2152,0,89,89,78,1695,3504,2.32507,0,10.9423,2.48759,0,3439,21527008801
120.327,8.3107,37.2152,0,89,89,78,1695,3504,2.32507,0,10.9423,2.48759,0,3439,21535320188
47.6897,20.9689,37.2152,0,89,89,78,1695,3504,2.32507,0,10.9423,2.48759,0,3439,21556298155
81.0027,12.3453,41.6465,0,90,89,78,1695,3504,2.32507,0,10.9345,2.48759,0,3407,21568636871
39.5827,25.2636,41.6465,0,90,89,78,1695,3504,2.32507,0,10.9345,2.48759,0,3407,21593901788
121.861,8.20607,41.6465,0,90,89,78,1695,3504,2.32507,0,10.9345,2.48759,0,3407,21602107518
44.0264,22.7136,41.6465,0,90,89,78,1695,3504,2.32507,0,10.9345,2.48759,0,3407,21624823709
95.5118,10.4699,41.6465,0,90,89,78,1695,3504,2.32507,0,10.9345,2.48759,0,3407,21635311321
49.1469,20.3472,41.6465,0,90,89,78,1695,3504,2.32507,0,10.9345,2.48759,0,3407,21655641650
77.2695,12.9417,41.6465,0,90,89,78,1695,3504,2.32507,0,10.9345,2.48759,0,3407,21668602373
48.9129,20.4445,41.6465,0,90,89,78,1695,3504,2.32507,0,10.9345,2.48759,0,3407,21689030079
77.6849,12.8725,41.6465,0,90,89,78,1695,3504,2.32507,0,10.9345,2.48759,0,3407,21701903213
32.49,30.7787,41.6465,0,90,89,78,1695,3504,2.32507,0,10.9345,2.48759,0,3407,21732695905
401.892,2.48823,41.6465,0,90,89,78,1695,3504,2.32507,0,10.9345,2.48759,0,3407,21735170405
48.7354,20.519,41.6465,0,90,89,78,1695,3504,2.32507,0,10.9345,2.48759,0,3407,21755691969
78.183,12.7905,41.6465,0,90,89,78,1695,3504,2.32507,0,10.9345,2.48759,0,3407,21768482592
40.9835,24.4001,41.6465,0,90,89,78,1695,3504,2.32507,0,10.9345,2.48759,0,3407,21792884649
113.265,8.82886,41.6465,0,90,89,78,1695,3504,2.32507,0,10.9345,2.48759,0,3407,21801713423
39.569,25.2723,41.6465,0,90,89,78,1695,3504,2.32507,0,10.9345,2.48759,0,3407,21826990606
123.957,8.06734,41.6465,0,90,89,78,1695,3504,2.32507,0,10.9345,2.48759,0,3407,21835068890
48.6033,20.5747,41.6465,0,90,89,78,1695,3504,2.32507,0,10.9345,2.48759,0,3407,21855633168
77.9405,12.8303,41.6465,0,90,89,78,1695,3504,2.32507,0,10.9345,2.48759,0,3407,21868462632
48.4626,20.6345,41.6465,0,90,89,78,1695,3504,2.32507,0,10.9345,2.48759,0,3407,21889099320
79.5205,12.5754,41.6465,0,90,89,78,1695,3504,2.32507,0,10.9345,2.48759,0,3407,21901674356
42.9163,23.3012,41.6465,0,90,89,78,1695,3504,2.32507,0,10.9345,2.48759,0,3407,21924977697
99.8084,10.0192,41.6465,0,90,89,78,1695,3504,2.32507,0,10.9345,2.48759,0,3407,21935015312
41.2315,24.2533,41.6465,0,90,89,78,1695,3504,2.32507,0,10.9345,2.48759,0,3407,21959276845
110.979,9.01075,41.6465,0,90,89,78,1695,3504,2.32507,0,10.9345,2.48759,0,3407,21968281162
49.056,20.3849,41.6465,0,90,89,78,1695,3504,2.32507,0,10.9345,2.48759,0,3407,21988649532
77.3069,12.9355,41.6465,0,90,89,78,1695,3504,2.32507,0,10.9345,2.48759,0,3407,22001586323
39.2471,25.4796,41.6465,0,90,89,78,1695,3504,2.32507,0,10.9345,2.48759,0,3407,22027066976
125.171,7.98908,41.6465,0,90,89,78,1695,3504,2.32507,0,10.9345,2.48759,0,3407,22035057048
48.0319,20.8195,41.6465,0,90,89,78,1695,3504,2.32507,0,10.9345,2.48759,0,3407,22055878056
80.2369,12.4631,41.6465,0,90,89,78,1695,3504,2.32507,0,10.9345,2.48759,0,3407,22068343211
34.7996,28.736,35.9801,0,89,85,78,1695,3504,2.32507,0,10.9418,2.48759,0,3427,22097078550
220.06,4.54422,35.9801,0,89,85,78,1695,3504,2.32507,0,10.9418,2.48759,0,3427,22101622273
47.6308,20.9948,35.9801,0,89,85,78,1695,3504,2.32507,0,10.9418,2.48759,0,3427,22122620685
82.3036,12.1501,35.9801,0,89,85,78,1695,3504,2.32507,0,10.9418,2.48759,0,3427,22134770208
37.7848,26.4657,35.9801,0,89,85,78,1695,3504,2.32507,0,10.9418,2.48759,0,3427,22161237450
141.155,7.08439,35.9801,0,89,85,78,1695,3504,2.32507,0,10.9418,2.48759,0,3427,22168321364
33.6872,29.6849,35.9801,0,89,85,78,1695,3504,2.32507,0,10.9418,2.48759,0,3427,22198008335
294.139,3.39976,35.9801,0,89,85,78,1695,3504,2.32507,0,10.9418,2.48759,0,3427,22201407695
49.398,20.2437,35.9801,0,89,85,78,1695,3504,2.32507,0,10.9418,2.48759,0,3427,22221655666
76.2302,13.1182,35.9801,0,89,85,78,1695,3504,2.32507,0,10.9418,2.48759,0,3427,22234785715
38.5447,25.9439,35.9801,0,89,85,78,1695,3504,2.32507,0,10.9418,2.48759,0,3427,22260722271
133.924,7.46695,35.9801,0,89,85,78,1695,3504,2.32507,0,10.9418,2.48759,0,3427,22268203194
43.8294,22.8157,35.9801,0,89,85,78,1695,3504,2.32507,0,10.9418,2.48759,0,3427,22291003686
96.2663,10.3878,35.9801,0,89,85,78,1695,3504,2.32507,0,10.9418,2.48759,0,3427,22301391872
32.9112,30.3848,35.9801,0,89,85,78,1695,3504,2.32507,0,10.9418,2.48759,0,3427,22331778537
331.877,3.01316,35.9801,0,89,85,78,1695,3504,2.32507,0,10.9418,2.48759,0,3427,22334792608
49.2387,20.3092,35.9801,0,89,85,78,1695,3504,2.32507,0,10.9418,2.48759,0,3427,22355103579
77.2478,12.9454,35.9801,0,89,85,78,1695,3504,2.32507,0,10.9418,2.48759,0,3427,22368048170
32.8986,30.3965,35.9801,0,89,85,78,1695,3504,2.32507,0,10.9418,2.48759,0,3427,22398446098
366.673,2.72722,35.9801,0,89,85,78,1695,3504,2.32507,0,10.9418,2.48759,0,3427,22401172553
34.0846,29.3388,35.9801,0,89,85,78,1695,3504,2.32507,0,10.9418,2.48759,0,3427,22430514503
243.077,4.11392,35.9801,0,89,85,78,1695,3504,2.32507,0,10.9418,2.48759,0,3427,22434629062
48.0048,20.8312,35.9801,0,89,85,78,1695,3504,2.32507,0,10.9418,2.48759,0,3427,22455461290
79.9863,12.5021,35.9801,0,89,85,78,1695,3504,2.32507,0,10.9418,2.48759,0,3427,22467962918
34.622,28.8834,35.9801,0,89,85,78,1695,3504,2.32507,0,10.9418,2.48759,0,3427,22496847883
229.661,4.35424,35.9801,0,89,85,78,1695,3504,2.32507,0,10.9418,2.48759,0,3427,22501202569
35.7721,27.9548,35.9801,0,89,85,78,1695,3504,2.32507,0,10.9418,2.48759,0,3427,22529158910
186.942,5.34926,35.9801,0,89,85,78,1695,3504,2.32507,0,10.9418,2.48759,0,3427,22534508167
33.9777,29.4311,35.9801,0,89,85,78,1695,3504,2.32507,0,10.9418,2.48759,0,3427,22563940014
257.815,3.87876,35.9801,0,89,85,78,1695,3504,2.32507,0,10.9418,2.48759,0,3427,22567820656
33.5909,29.7699,35.9801,0,89,85,78,1695,3504,2.32507,0,10.9418,2.48759,0,3427,22597595556
272.908,3.66424,34.7188,0,90,85,78,1695,3504,2.32507,0,10.9574,2.48759,0,3513,22601258003
33.9013,29.4974,34.7188,0,90,85,78,1695,3504,2.32507,0,10.9574,2.48759,0,3513,22630755284
270.316,3.69937,34.7188,0,90,85,78,1695,3504,2.32507,0,10.9574,2.48759,0,3513,22634455471
49.0544,20.3855,34.7188,0,90,85,78,1695,3504,2.32507,0,10.9574,2.48759,0,3513,22654842238
77.4865,12.9055,34.7188,0,90,85,78,1695,3504,2.32507,0,10.9574,2.48759,0,3513,22667746895
39.5771,25.2671,34.7188,0,90,85,78,1695,3504,2.32507,0,10.9574,2.48759,0,3513,22693016126
123.466,8.09937,34.7188,0,90,85,78,1695,3504,2.32507,0,10.9574,2.48759,0,3513,22701115892
45.8872,21.7926,34.7188,0,90,85,78,1695,3504,2.32507,0,10.9574,2.48759,0,3513,22722910951
88.1366,11.346,34.7188,0,90,85,78,1695,3504,2.32507,0,10.9574,2.48759,0,3513,22734256519
48.8893,20.4544,34.7188,0,90,85,78,1695,3504,2.32507,0,10.9574,2.48759,0,3513,22754712005
77.8448,12.8461,34.7188,0,90,85,78,1695,3504,2.32507,0,10.9574,2.48759,0,3513,22767559244
50.386,19.8468,34.7188,0,90,85,78,1695,3504,2.32507,0,10.9574,2.48759,0,3513,22787407490
73.065,13.6864,34.7188,0,90,85,78,1695,3504,2.32507,0,10.9574,2.48759,0,3513,22801095393
43.6319,22.919,34.7188,0,90,85,78,1695,3504,2.32507,0,10.9574,2.48759,0,3513,22824016520
98.5222,10.15,34.7188,0,90,85,78,1695,3504,2.32507,0,10.9574,2.48759,0,3513,22834166220
47.9659,20.8482,34.7188,0,90,85,78,1695,3504,2.32507,0,10.9574,2.48759,0,3513,22855017267
79.9591,12.5064,34.7188,0,90,85,78,1695,3504,2.32507,0,10.9574,2.48759,0,3513,22867544685
49.1893,20.3296,34.7188,0,90,85,78,1695,3504,2.32507,0,10.9574,2.48759,0,3513,22887854793
77.3214,12.933,34.7188,0,90,85,78,1695,3504,2.32507,0,10.9574,2.48759,0,3513,22900788137
34.3811,29.0858,34.7188,0,90,85,78,1695,3504,2.32507,0,10.9574,2.48759,0,3513,22929876353
233.354,4.28533,34.7188,0,90,85,78,1695,3504,2.32507,0,10.9574,2.48759,0,3513,22934161449
31.9745,31.2749,34.7188,0,90,85,78,1695,3504,2.32507,0,10.9574,2.48759,0,3513,22965449875
496.77,2.01301,34.7188,0,90,85,78,1695,3504,2.32507,0,10.9574,2.48759,0,3513,22967449693
47.0333,21.2615,34.7188,0,90,85,78,1695,3504,2.32507,0,10.9574,2.48759,0,3513,22988713925
83.0319,12.0436,34.7188,0,90,85,78,1695,3504,2.32507,0,10.9574,2.48759,0,3513,23000758522
46.4413,21.5326,34.7188,0,90,85,78,1695,3504,2.32507,0,10.9574,2.48759,0,3513,23022292499
85.0521,11.7575,34.7188,0,90,85,78,1695,3504,2.32507,0,10.9574,2.48759,0,3513,23034050513
47.8948,20.8791,34.7188,0,90,85,78,1695,3504,2.32507,0,10.9574,2.48759,0,3513,23054931901
80.3294,12.4487,34.7188,0,90,85,78,1695,3504,2.32507,0,10.9574,2.48759,0,3513,23067380033
48.3673,20.6751,34.7188,0,90,85,78,1695,3504,2.32507,0,10.9574,2.48759,0,3513,23088057381
79.2773,12.614,34.7188,0,90,85,78,1695,3504,2.32507,0,10.9574,2.48759,0,3513,23100673265
48.5523,20.5964,36.9347,0,90,82,78,1695,3504,2.32507,0,10.9574,2.48759,0,3475,23121270214
78.1878,12.7897,36.9347,0,90,82,78,1695,3504,2.32507,0,10.9574,2.48759,0,3475,23134072381
49.291,20.2877,36.9347,0,90,82,78,1695,3504,2.32507,0,10.9574,2.48759,0,3475,23154348827
77.7441,12.8627,36.9347,0,90,82,78,1695,3504,2.32507,0,10.9574,2.48759,0,3475,23167211701
49.4791,20.2106,36.9347,0,90,82,78,1695,3504,2.32507,0,10.9574,2.48759,0,3475,23187424034
75.8446,13.1848,36.9347,0,90,82,78,1695,3504,2.32507,0,10.9574,2.48759,0,3475,23200622216
42.5415,23.5064,36.9347,0,90,82,78,1695,3504,2.32507,0,10.9574,2.48759,0,3475,23224117113
37.5312,26.6445,36.9347,0,90,82,78,1695,3504,2.32507,0,10.9574,2.48759,0,3475,23250762383
52.6111,19.0074,36.9347,0,90,82,78,1695,3504,2.32507,0,10.9574,2.48759,0,3475,23269771775
2811.75,0.355651,36.9347,0,90,82,78,1695,3504,2.32507,0,10.9574,2.48759,0,3475,23270126599
36.1773,27.6416,36.9347,0,90,82,78,1695,3504,2.32507,0,10.9574,2.48759,0,3475,23297772670
356.949,2.80152,36.9347,0,90,82,78,1695,3504,2.32507,0,10.9574,2.48759,0,3475,23300572526
42.2864,23.6483,36.9347,0,90,82,78,1695,3504,2.32507,0,10.9574,2.48759,0,3475,23324223569
103.574,9.65494,36.9347,0,90,82,78,1695,3504,2.32507,0,10.9574,2.48759,0,3475,23333899397
49.3891,20.2474,36.9347,0,90,82,78,1695,3504,2.32507,0,10.9574,2.48759,0,3475,23354127579
76.697,13.0383,36.9347,0,90,82,78,1695,3504,2.32507,0,10.9574,2.48759,0,3475,23367165852
48.5895,20.5806,36.9347,0,90,82,78,1695,3504,2.32507,0,10.9574,2.48759,0,3475,23387748221
78.7259,12.7023,36.9347,0,90,82,78,1695,3504,2.32507,0,10.9574,2.48759,0,3475,23400464940
49.174,20.336,36.9347,0,90,82,78,1695,3504,2.32507,0,10.9574,2.48759,0,3475,23420788775
77.4443,12.9125,36.9347,0,90,82,78,1695,3504,2.32507,0,10.9574,2.48759,0,3475,23433702301
49.0901,20.3707,36.9347,0,90,82,78,1695,3504,2.32507,0,10.9574,2.48759,0,3475,23454074845
70.5659,14.1711,36.9347,0,90,82,78,1695,3504,2.32507,0,10.9574,2.48759,0,3475,23468246345
51.8098,19.3014,36.9347,0,90,82,78,1695,3504,2.32507,0,10.9574,2.48759,0,3475,23487549120
78.7444,12.6993,36.9347,0,90,82,78,1695,3504,2.32507,0,10.9574,2.48759,0,3475,23500248588
46.9146,21.3153,36.9347,0,90,82,78,1695,3504,2.32507,0,10.9574,2.48759,0,3475,23521565003
82.9301,12.0583,36.9347,0,90,82,78,1695,3504,2.32507,0,10.9574,2.48759,0,3475,23533642261
39.0939,25.5794,36.9347,0,90,82,78,1695,3504,2.32507,0,10.9574,2.48759,0,3475,23559205037
129.476,7.72343,36.9347,0,90,82,78,1695,3504,2.32507,0,10.9574,2.48759,0,3475,23566941211
48.4463,20.6414,36.9347,0,90,82,78,1695,3504,2.32507,0,10.9574,2.48759,0,3475,23587571794
78.6402,12.7161,36.9347,0,90,82,78,1695,3504,2.32507,0,10.9574,2.48759,0,3475,23600304436
49.0138,20.4024,36.9347,0,90,82,78,1695,3504,2.32507,0,10.9574,2.48759,0,3475,23620733848
78.0178,12.8176,40.1425,0,90,82,78,1695,3504,2.32507,0,10.9499,2.48759,0,3466,23633536207
48.2479,20.7263,40.1425,0,90,82,78,1695,3504,2.32507,0,10.9499,2.48759,0,3466,23654246291
79.4085,12.5931,40.1425,0,90,82,78,1695,3504,2.32507,0,10.9499,2.48759,0,3466,23666839446
42.0674,23.7714,40.1425,0,90,82,78,1695,3504,2.32507,0,10.9499,2.48759,0,3466,23690613357
100.202,9.97986,40.1425,0,90,82,78,1695,3504,2.32507,0,10.9499,2.48759,0,3466,23700593504
34.3605,29.1032,40.1425,0,90,82,78,1695,3504,2.32507,0,10.9499,2.48759,0,3466,23729697345
261.156,3.82913,40.1425,0,90,82,78,1695,3504,2.32507,0,10.9499,2.48759,0,3466,23733527700
32.7403,30.5434,40.1425,0,90,82,78,1695,3504,2.32507,0,10.9499,2.48759,0,3466,23764072320
376.457,2.65634,40.1425,0,90,82,78,1695,3504,2.32507,0,10.9499,2.48759,0,3466,23766728596
30.9373,32.3234,40.1425,0,90,82,78,1695,3504,2.32507,0,10.9499,2.48759,0,3466,23799053886
738.809,1.35353,40.1425,0,90,82,78,1695,3504,2.32507,0,10.9499,2.48759,0,3466,23800406763
49.8964,20.0415,40.1425,0,90,82,78,1695,3504,2.32507,0,10.9499,2.48759,0,3466,23820451888
77.4798,12.9066,40.1425,0,90,82,78,1695,3504,2.32507,0,10.9499,2.48759,0,3466,23833379385
34.9136,28.6422,40.1425,0,90,82,78,1695,3504,2.32507,0,10.9499,2.48759,0,3466,23862019797
213.124,4.6921,40.1425,0,90,82,78,1695,3504,2.32507,0,10.9499,2.48759,0,3466,23866694523
32.7582,30.5267,40.1425,0,90,82,78,1695,3504,2.32507,0,10.9499,2.48759,0,3466,23897239213
365.286,2.73758,40.1425,0,90,82,78,1695,3504,2.32507,0,10.9499,2.48759,0,3466,23899978427
34.0317,29.3844,40.1425,0,90,82,78,1695,3504,2.32507,0,10.9499,2.48759,0,3466,23929363583
254.04,3.93639,40.1425,0,90,82,78,1695,3504,2.32507,0,10.9499,2.48759,0,3466,23933300139
42.0229,23.7965,40.1425,0,90,82,78,1695,3504,2.32507,0,10.9499,2.48759,0,3466,23957099575
103.36,9.67492,40.1425,0,90,82,78,1695,3504,2.32507,0,10.9499,2.48759,0,3466,23966793245
46.5711,21.4726,40.1425,0,90,82,78,1695,3504,2.32507,0,10.9499,2.48759,0,3466,23988248321
86.0098,11.6266,40.1425,0,90,82,78,1695,3504,2.32507,0,10.9499,2.48759,0,3466,23999889335
42.174,23.7113,40.1425,0,90,82,78,1695,3504,2.32507,0,10.9499,2.48759,0,3466,24023588590
103.959,9.61913,40.1425,0,90,82,78,1695,3504,2.32507,0,10.9499,2.48759,0,3466,24033208376
49.8451,20.0621,40.1425,0,90,82,78,1695,3504,2.32507,0,10.9499,2.48759,0,3466,24053272166
75.1269,13.3108,40.1425,0,90,82,78,1695,3504,2.32507,0,10.9499,2.48759,0,3466,24066583337
48.6797,20.5425,40.1425,0,90,82,78,1695,3504,2.32507,0,10.9499,2.48759,0,3466,24087128073
78.0047,12.8197,40.1425,0,90,82,78,1695,3504,2.32507,0,10.9499,2.48759,0,3466,24099968125
32.2583,30.9998,40.1425,0,90,82,78,1695,3504,2.32507,0,10.9499,2.48759,0,3466,24130951711
448.737,2.22848,39.9504,0,89,85,78,1692,3504,2.32507,0,10.9728,2.48759,0,3497,24133177601
33.0766,30.2329,39.9504,0,89,85,78,1692,3504,2.32507,0,10.9728,2.48759,0,3497,24163418828
303.923,3.29031,39.9504,0,89,85,78,1692,3504,2.32507,0,10.9728,2.48759,0,3497,24166705806
35.5235,28.1504,39.9504,0,89,85,78,1692,3504,2.32507,0,10.9728,2.48759,0,3497,24194856117
205.882,4.85715,39.9504,0,89,85,78,1692,3504,2.32507,0,10.9728,2.48759,0,3497,24199713562
39.9443,25.0349,39.9504,0,89,85,78,1692,3504,2.32507,0,10.9728,2.48759,0,3497,24224751721
121.293,8.24451,39.9504,0,89,85,78,1692,3504,2.32507,0,10.9728,2.48759,0,3497,24232996288
41.1006,24.3306,39.9504,0,89,85,78,1692,3504,2.32507,0,10.9728,2.48759,0,3497,24257328433
112.039,8.92547,39.9504,0,89,85,78,1692,3504,2.32507,0,10.9728,2.48759,0,3497,24266271939
45.6821,21.8904,39.9504,0,89,85,78,1692,3504,2.32507,0,10.9728,2.48759,0,3497,24288146584
87.615,11.4136,39.9504,0,89,85,78,1692,3504,2.32507,0,10.9728,2.48759,0,3497,24299573119
45.0028,22.2208,39.9504,0,89,85,78,1692,3504,2.32507,0,10.9728,2.48759,0,3497,24321783678
89.8021,11.1356,39.9504,0,89,85,78,1692,3504,2.32507,0,10.9728,2.48759,0,3497,24332919394
48.7587,20.5092,39.9504,0,89,85,78,1692,3504,2.32507,0,10.9728,2.48759,0,3497,24353430532
77.6357,12.8807,39.9504,0,89,85,78,1692,3504,2.32507,0,10.9728,2.48759,0,3497,24366311227
48.0206,20.8244,39.9504,0,89,85,78,1692,3504,2.32507,0,10.9728,2.48759,0,3497,24387137132
80.6313,12.4021,39.9504,0,89,85,78,1692,3504,2.32507,0,10.9728,2.48759,0,3497,24399539225
29.7444,33.6198,39.9504,0,89,85,78,1692,3504,2.32507,0,10.9728,2.48759,0,3497,24433162591
2554.01,0.391541,39.9504,0,89,85,78,1692,3504,2.32507,0,10.9728,2.48759,0,3497,24433551804
31.4692,31.7771,39.9504,0,89,85,78,1692,3504,2.32507,0,10.9728,2.48759,0,3497,24465331537
1174.93,0.851116,39.9504,0,89,85,78,1692,3504,2.32507,0,10.9728,2.48759,0,3497,24466181888
49.3226,20.2747,39.9504,0,89,85,78,1692,3504,2.32507,0,10.9728,2.48759,0,3497,24486458175
77.2851,12.9391,39.9504,0,89,85,78,1692,3504,2.32507,0,10.9728,2.48759,0,3497,24499398265
48.576,20.5863,39.9504,0,89,85,78,1692,3504,2.32507,0,10.9728,2.48759,0,3497,24519987033
77.309,12.9351,39.9504,0,89,85,78,1692,3504,2.32507,0,10.9728,2.48759,0,3497,24532934863
43.8188,22.8213,39.9504,0,89,85,78,1692,3504,2.32507,0,10.9728,2.48759,0,3497,24555757056
97.4066,10.2662,39.9504,0,89,85,78,1692,3504,2.32507,0,10.9728,2.48759,0,3497,24566024755
48.5914,20.5798,39.9504,0,89,85,78,1692,3504,2.32507,0,10.9728,2.48759,0,3497,24586607310
77.6171,12.8838,39.9504,0,89,85,78,1692,3504,2.32507,0,10.9728,2.48759,0,3497,24599492764
48.0514,20.811,39.9504,0,89,85,78,1692,3504,2.32507,0,10.9728,2.48759,0,3497,24620304253
80.8199,12.3732,39.9504,0,89,85,78,1692,3504,2.32507,0,10.9728,2.48759,0,3497,24632926317
49.1574,20.3428,40.0504,0,92,85,78,1683,3504,2.32507,0,10.9586,2.48759,0,3460,24653022323
77.2267,12.9489,40.0504,0,92,85,78,1683,3504,2.32507,0,10.9586,2.48759,0,3460,24665971577
48.158,20.765,40.0504,0,92,85,78,1683,3504,2.32507,0,10.9586,2.48759,0,3460,24686739444
78.9907,12.6597,40.0504,0,92,85,78,1683,3504,2.32507,0,10.9586,2.48759,0,3460,24699399359
48.829,20.4796,40.0504,0,92,85,78,1683,3504,2.32507,0,10.9586,2.48759,0,3460,24719880293
78.7749,12.6944,40.0504,0,92,85,78,1683,3504,2.32507,0,10.9586,2.48759,0,3460,24732575277
32.7885,30.4985,40.0504,0,92,85,78,1683,3504,2.32507,0,10.9586,2.48759,0,3460,24763074693
348.738,2.86748,40.0504,0,92,85,78,1683,3504,2.32507,0,10.9586,2.48759,0,3460,24765942117
33.0769,30.2326,40.0504,0,92,85,78,1683,3504,2.32507,0,10.9586,2.48759,0,3460,24796177034
330.31,3.02746,40.0504,0,92,85,78,1683,3504,2.32507,0,10.9586,2.48759,0,3460,24799205653
44.8649,22.2891,40.0504,0,92,85,78,1683,3504,2.32507,0,10.9586,2.48759,0,3460,24821497249
91.1944,10.9656,40.0504,0,92,85,78,1683,3504,2.32507,0,10.9586,2.48759,0,3460,24832475182
35.2396,28.3771,40.0504,0,92,85,78,1683,3504,2.32507,0,10.9586,2.48759,0,3460,24860841171
203.768,4.90753,40.0504,0,92,85,78,1683,3504,2.32507,0,10.9586,2.48759,0,3460,24865748607
38.7659,25.7959,40.0504,0,92,85,78,1683,3504,2.32507,0,10.9586,2.48759,0,3460,24891546809
132.588,7.54218,40.0504,0,92,85,78,1683,3504,2.32507,0,10.9586,2.48759,0,3460,24899090173
40.3235,24.7994,40.0504,0,92,85,78,1683,3504,2.32507,0,10.9586,2.48759,0,3460,24923891352
115.121,8.68651,40.0504,0,92,85,78,1683,3504,2.32507,0,10.9586,2.48759,0,3460,24932578691
46.5674,21.4743,40.0504,0,92,85,78,1683,3504,2.32507,0,10.9586,2.48759,0,3460,24954053433
85.9026,11.6411,40.0504,0,92,85,78,1683,3504,2.32507,0,10.9586,2.48759,0,3460,24965695149
49.5972,20.1624,40.0504,0,92,85,78,1683,3504,2.32507,0,10.9586,2.48759,0,3460,24985858873
76.2876,13.1083,40.0504,0,92,85,78,1683,3504,2.32507,0,10.9586,2.48759,0,3460,24998986502
35.8016,27.9318,40.0504,0,92,85,78,1683,3504,2.32507,0,10.9586,2.48759,0,3460,25026902437
182.409,5.48219,40.0504,0,92,85,78,1683,3504,2.32507,0,10.9586,2.48759,0,3460,25032384641
42.0306,23.7922,40.0504,0,92,85,78,1683,3504,2.32507,0,10.9586,2.48759,0,3460,25056178613
106.217,9.41471,40.0504,0,92,85,78,1683,3504,2.32507,0,10.9586,2.48759,0,3460,25065611412
48.8676,20.4635,40.0504,0,92,85,78,1683,3504,2.32507,0,10.9586,2.48759,0,3460,25086060762
77.5379,12.8969,40.0504,0,92,85,78,1683,3504,2.32507,0,10.9586,2.48759,0,3460,25098957896
44.4339,22.5053,40.0504,0,92,85,78,1683,3504,2.32507,0,10.9586,2.48759,0,3460,25121463193
93.0967,10.7415,40.0504,0,92,85,78,1683,3504,2.32507,0,10.9586,2.48759,0,3460,25132205801
36.5779,27.3389,40.0504,0,92,85,78,1683,3504,2.32507,0,10.9586,2.48759,0,3460,25159555118
167.032,5.98688,40.048,0,93,86,78,1683,3504,2.32507,0,10.9335,2.48759,0,3406,25165534111
32.0112,31.2391,40.048,0,93,86,78,1683,3504,2.32507,0,10.9335,2.48759,0,3406,25196786537
481.924,2.07501,40.048,0,93,86,78,1683,3504,2.32507,0,10.9335,2.48759,0,3406,25198850030
31.084,32.1709,40.048,0,93,86,78,1683,3504,2.32507,0,10.9335,2.48759,0,3406,25231022647
911.635,1.09693,40.048,0,93,86,78,1683,3504,2.32507,0,10.9335,2.48759,0,3406,25232121313
34.9091,28.6458,40.048,0,93,86,78,1683,3504,2.32507,0,10.9335,2.48759,0,3406,25260767826
211.686,4.72397,40.048,0,93,86,78,1683,3504,2.32507,0,10.9335,2.48759,0,3406,25265492061
35.8862,27.8659,40.048,0,93,86,78,1683,3504,2.32507,0,10.9335,2.48759,0,3406,25293360361
188.934,5.29286,40.048,0,93,86,78,1683,3504,2.32507,0,10.9335,2.48759,0,3406,25298652842
43.209,23.1433,40.048,0,93,86,78,1683,3504,2.32507,0,10.9335,2.48759,0,3406,25321799619
97.0443,10.3046,40.048,0,93,86,78,1683,3504,2.32507,0,10.9335,2.48759,0,3406,25332103637
49.546,20.1833,40.048,0,93,86,78,1683,3504,2.32507,0,10.9335,2.48759,0,3406,25352288074
76.7213,13.0342,40.048,0,93,86,78,1683,3504,2.32507,0,10.9335,2.48759,0,3406,25365341592
49.379,20.2515,40.048,0,93,86,78,1683,3504,2.32507,0,10.9335,2.48759,0,3406,25385575175
76.2751,13.1104,40.048,0,93,86,78,1683,3504,2.32507,0,10.9335,2.48759,0,3406,25398687104
48.9345,20.4355,40.048,0,93,86,78,1683,3504,2.32507,0,10.9335,2.48759,0,3406,25419146944
78.2341,12.7822,40.048,0,93,86,78,1683,3504,2.32507,0,10.9335,2.48759,0,3406,25431912058
48.4931,20.6215,40.048,0,93,86,78,1683,3504,2.32507,0,10.9335,2.48759,0,3406,25452535388
78.5743,12.7268,40.048,0,93,86,78,1683,3504,2.32507,0,10.9335,2.48759,0,3406,25465262734
49.2423,20.3077,40.048,0,93,86,78,1683,3504,2.32507,0,10.9335,2.48759,0,3406,25485572704
77.2969,12.9371,40.048,0,93,86,78,1683,3504,2.32507,0,10.9335,2.48759,0,3406,25498509460
48.5281,20.6066,40.048,0,93,86,78,1683,3504,2.32507,0,10.9335,2.48759,0,3406,25519117790
78.3522,12.7629,40.048,0,93,86,78,1683,3504,2.32507,0,10.9335,2.48759,0,3406,25531881013
46.5056,21.5028,40.048,0,93,86,78,1683,3504,2.32507,0,10.9335,2.48759,0,3406,25553386480
84.8633,11.7837,40.048,0,93,86,78,1683,3504,2.32507,0,10.9335,2.48759,0,3406,25565168965
49.2533,20.3032,40.048,0,93,86,78,1683,3504,2.32507,0,10.9335,2.48759,0,3406,25585474773
33.5733,29.7856,40.048,0,93,86,78,1683,3504,2.32507,0,10.9335,2.48759,0,3406,25615278764
46.4056,21.5491,40.048,0,93,86,78,1683,3504,2.32507,0,10.9335,2.48759,0,3406,25636810535
2736.56,0.365422,40.048,0,93,86,78,1683,3504,2.32507,0,10.9335,2.48759,0,3406,25637175293
44.9321,22.2558,40.048,0,93,86,78,1683,3504,2.32507,0,10.9335,2.48759,0,3406,25659434635
172.55,5.79543,40.048,0,93,86,78,1683,3504,2.32507,0,10.9335,2.48759,0,3406,25665234284
39.4794,25.3296,41.75,0,94,86,79,1683,3504,2.32507,0,10.9336,2.48759,0,3400,25690561115
125.88,7.94408,41.75,0,94,86,79,1683,3504,2.32507,0,10.9336,2.48759,0,3400,25698506305
38.6529,25.8713,41.75,0,94,86,79,1683,3504,2.32507,0,10.9336,2.48759,0,3400,25724383917
135.242,7.39414,41.75,0,94,86,79,1683,3504,2.32507,0,10.9336,2.48759,0,3400,25731775213
39.3192,25.4329,41.75,0,94,86,79,1683,3504,2.32507,0,10.9336,2.48759,0,3400,25757209017
127.552,7.83996,41.75,0,94,86,79,1683,3504,2.32507,0,10.9336,2.48759,0,3400,25765048979
48.8106,20.4873,41.75,0,94,86,79,1683,3504,2.32507,0,10.9336,2.48759,0,3400,25785541758
78.225,12.7836,41.75,0,94,86,79,1683,3504,2.32507,0,10.9336,2.48759,0,3400,25798322953
42.9377,23.2895,41.75,0,94,86,79,1683,3504,2.32507,0,10.9336,2.48759,0,3400,25821614342
99.0529,10.0956,41.75,0,94,86,79,1683,3504,2.32507,0,10.9336,2.48759,0,3400,25831728553
49.4706,20.214,41.75,0,94,86,79,1683,3504,2.32507,0,10.9336,2.48759,0,3400,25851924928
76.3166,13.1033,41.75,0,94,86,79,1683,3504,2.32507,0,10.9336,2.48759,0,3400,25865047061
44.1228,22.664,41.75,0,94,86,79,1683,3504,2.32507,0,10.9336,2.48759,0,3400,25887695425
95.2448,10.4993,41.75,0,94,86,79,1683,3504,2.32507,0,10.9336,2.48759,0,3400,25898195337
49.3795,20.2513,41.75,0,94,86,79,1683,3504,2.32507,0,10.9336,2.48759,0,3400,25918447813
72.8296,13.7307,41.75,0,94,86,79,1683,3504,2.32507,0,10.9336,2.48759,0,3400,25932179221
50.6863,19.7292,41.75,0,94,86,79,1683,3504,2.32507,0,10.9336,2.48759,0,3400,25951910583
77.8912,12.8384,41.75,0,94,86,79,1683,3504,2.32507,0,10.9336,2.48759,0,3400,25964748141
49.0752,20.3769,41.75,0,94,86,79,1683,3504,2.32507,0,10.9336,2.48759,0,3400,25985126779
77.119,12.967,41.75,0,94,86,79,1683,3504,2.32507,0,10.9336,2.48759,0,3400,25998093763
47.1512,21.2084,41.75,0,94,86,79,1683,3504,2.32507,0,10.9336,2.48759,0,3400,26019303563
82.665,12.097,41.75,0,94,86,79,1683,3504,2.32507,0,10.9336,2.48759,0,3400,26031402180
49.4254,20.2325,41.75,0,94,86,79,1683,3504,2.32507,0,10.9336,2.48759,0,3400,26051635082
72.673,13.7603,41.75,0,94,86,79,1683,3504,2.32507,0,10.9336,2.48759,0,3400,26065397047
46.1228,21.6812,41.75,0,94,86,79,1683,3504,2.32507,0,10.9336,2.48759,0,3400,26087079577
90.4579,11.0549,41.75,0,94,86,79,1683,3504,2.32507,0,10.9336,2.48759,0,3400,26098153310
49.0776,20.3759,41.75,0,94,86,79,1683,3504,2.32507,0,10.9336,2.48759,0,3400,26118518434
78.1014,12.8039,41.75,0,94,86,79,1683,3504,2.32507,0,10.9336,2.48759,0,3400,26131329199
31.8948,31.3531,41.75,0,94,86,79,1683,3504,2.32507,0,10.9336,2.48759,0,3400,26162671287
510.769,1.95783,41.75,0,94,86,79,1683,3504,2.32507,0,10.9336,2.48759,0,3400,26164628928
37.8853,26.3955,41.75,0,94,86,79,1683,3504,2.32507,0,10.9336,2.48759,0,3400,26191036243
144.212,6.93425,43.0952,0,93,86,78,1683,3504,2.32507,0,10.9346,2.48759,0,3400,26197963617
36.6871,27.2575,43.0952,0,93,86,78,1683,3504,2.32507,0,10.9346,2.48759,0,3400,26225222041
162,6.17282,43.0952,0,93,86,78,1683,3504,2.32507,0,10.9346,2.48759,0,3400,26231394996
48.1454,20.7704,43.0952,0,93,86,78,1683,3504,2.32507,0,10.9346,2.48759,0,3400,26252167285
80.421,12.4346,43.0952,0,93,86,78,1683,3504,2.32507,0,10.9346,2.48759,0,3400,26264602437
48.2981,20.7048,43.0952,0,93,86,78,1683,3504,2.32507,0,10.9346,2.48759,0,3400,26285308022
79.697,12.5475,43.0952,0,93,86,78,1683,3504,2.32507,0,10.9346,2.48759,0,3400,26297856755
47.6676,20.9786,43.0952,0,93,86,78,1683,3504,2.32507,0,10.9346,2.48759,0,3400,26318837869
80.8298,12.3717,43.0952,0,93,86,78,1683,3504,2.32507,0,10.9346,2.48759,0,3400,26331221517
47.9566,20.8522,43.0952,0,93,86,78,1683,3504,2.32507,0,10.9346,2.48759,0,3400,26352062735
80.4667,12.4275,43.0952,0,93,86,78,1683,3504,2.32507,0,10.9346,2.48759,0,3400,26364491686
30.8462,32.4189,43.0952,0,93,86,78,1683,3504,2.32507,0,10.9346,2.48759,0,3400,26396913225
1173.73,0.851982,43.0952,0,93,86,78,1683,3504,2.32507,0,10.9346,2.48759,0,3400,26397763810
39.6695,25.2083,43.0952,0,93,86,78,1683,3504,2.32507,0,10.9346,2.48759,0,3400,26422974006
113.888,8.78057,43.0952,0,93,86,78,1683,3504,2.32507,0,10.9346,2.48759,0,3400,26431756348
48.0705,20.8028,43.0952,0,93,86,78,1683,3504,2.32507,0,10.9346,2.48759,0,3400,26452560789
83.2992,12.0049,43.0952,0,93,86,78,1683,3504,2.32507,0,10.9346,2.48759,0,3400,26464569147
49.5553,20.1795,43.0952,0,93,86,78,1683,3504,2.32507,0,10.9346,2.48759,0,3400,26484748262
77.2676,12.942,43.0952,0,93,86,78,1683,3504,2.32507,0,10.9346,2.48759,0,3400,26497689683
38.3017,26.1085,43.0952,0,93,86,78,1683,3504,2.32507,0,10.9346,2.48759,0,3400,26523800092
139.121,7.18798,43.0952,0,93,86,78,1683,3504,2.32507,0,10.9346,2.48759,0,3400,26530987824
40.6405,24.606,43.0952,0,93,86,78,1683,3504,2.32507,0,10.9346,2.48759,0,3400,26555595015
108.685,9.20087,43.0952,0,93,86,78,1683,3504,2.32507,0,10.9346,2.48759,0,3400,26564798299
42.9736,23.2701,43.0952,0,93,86,78,1683,3504,2.32507,0,10.9346,2.48759,0,3400,26588069274
104.645,9.55616,43.0952,0,93,86,78,1683,3504,2.32507,0,10.9346,2.48759,0,3400,26597626541
34.6246,28.8812,43.0952,0,93,86,78,1683,3504,2.32507,0,10.9346,2.48759,0,3400,26626512351
228.403,4.37822,43.0952,0,93,86,78,1683,3504,2.32507,0,10.9346,2.48759,0,3400,26630889110
48.1211,20.7809,43.0952,0,93,86,78,1683,3504,2.32507,0,10.9346,2.48759,0,3400,26651672121
79.9724,12.5043,43.0952,0,93,86,78,1683,3504,2.32507,0,10.9346,2.48759,0,3400,26664176449
42.9446,23.2858,43.0952,0,93,86,78,1683,3504,2.32507,0,10.9346,2.48759,0,3400,26687463826
99.1696,10.0837,43.0952,0,93,86,78,1683,3504,2.32507,0,10.9346,2.48759,0,3400,26697551718
42.2482,23.6697,53.1486,0,93,86,78,1683,3504,2.32507,0,10.9543,2.48759,0,3401,26721220163
103.948,9.62021,53.1486,0,93,86,78,1683,3504,2.32507,0,10.9543,2.48759,0,3401,26730839862
37.416,26.7266,53.1486,0,93,86,78,1683,3504,2.32507,0,10.9543,2.48759,0,3401,26757633513
151.897,6.58339,53.1486,0,93,86,78,1683,3504,2.32507,0,10.9543,2.48759,0,3401,26764152874
48.3849,20.6676,53.1486,0,93,86,78,1683,3504,2.32507,0,10.9543,2.48759,0,3401,26784821120
78.0156,12.8179,53.1486,0,93,86,78,1683,3504,2.32507,0,10.9543,2.48759,0,3401,26797640896
48.9773,20.4176,53.1486,0,93,86,78,1683,3504,2.32507,0,10.9543,2.48759,0,3401,26818058849
79.237,12.6204,53.1486,0,93,86,78,1683,3504,2.32507,0,10.9543,2.48759,0,3401,26830679083
48.4506,20.6396,53.1486,0,93,86,78,1683,3504,2.32507,0,10.9543,2.48759,0,3401,26851320890
78.7613,12.6966,53.1486,0,93,86,78,1683,3504,2.32507,0,10.9543,2.48759,0,3401,26864017296
48.1672,20.761,53.1486,0,93,86,78,1683,3504,2.32507,0,10.9543,2.48759,0,3401,26884779503
79.3322,12.6052,53.1486,0,93,86,78,1683,3504,2.32507,0,10.9543,2.48759,0,3401,26897403263
48.8108,20.4873,53.1486,0,93,86,78,1683,3504,2.32507,0,10.9543,2.48759,0,3401,26917874543
78.0231,12.8167,53.1486,0,93,86,78,1683,3504,2.32507,0,10.9543,2.48759,0,3401,26930693286
46.2023,21.644,53.1486,0,93,86,78,1683,3504,2.32507,0,10.9543,2.48759,0,3401,26952338064
84.6907,11.8077,53.1486,0,93,86,78,1683,3504,2.32507,0,10.9543,2.48759,0,3401,26964146175
50.0917,19.9634,53.1486,0,93,86,78,1683,3504,2.32507,0,10.9543,2.48759,0,3401,26984112556
75.306,13.2792,53.1486,0,93,86,78,1683,3504,2.32507,0,10.9543,2.48759,0,3401,26997392676
48.2943,20.7064,53.1486,0,93,86,78,1683,3504,2.32507,0,10.9543,2.48759,0,3401,27018100179
79.558,12.5694,53.1486,0,93,86,78,1683,3504,2.32507,0,10.9543,2.48759,0,3401,27030669208
43.8307,22.8151,53.1486,0,93,86,78,1683,3504,2.32507,0,10.9543,2.48759,0,3401,27053486600
96.2138,10.3935,53.1486,0,93,86,78,1683,3504,2.32507,0,10.9543,2.48759,0,3401,27063880796
48.5315,20.6052,53.1486,0,93,86,78,1683,3504,2.32507,0,10.9543,2.48759,0,3401,27084487156
78.2541,12.7789,53.1486,0,93,86,78,1683,3504,2.32507,0,10.9543,2.48759,0,3401,27097267771
44.808,22.3174,53.1486,0,93,86,78,1683,3504,2.32507,0,10.9543,2.48759,0,3401,27119585896
91.8905,10.8825,53.1486,0,93,86,78,1683,3504,2.32507,0,10.9543,2.48759,0,3401,27130481970
48.3261,20.6927,53.1486,0,93,86,78,1683,3504,2.32507,0,10.9543,2.48759,0,3401,27151163345
69.1245,14.4667,53.1486,0,93,86,78,1683,3504,2.32507,0,10.9543,2.48759,0,3401,27165630563
46.7675,21.3824,53.1486,0,93,86,78,1683,3504,2.32507,0,10.9543,2.48759,0,3401,27187014845
99.8,10.02,53.1486,0,93,86,78,1683,3504,2.32507,0,10.9543,2.48759,0,3401,27197034297
42.7826,23.374,53.1486,0,93,86,78,1683,3504,2.32507,0,10.9543,2.48759,0,3401,27220419550
96.1908,10.396,44.1687,0,96,85,79,1683,3504,2.32507,0,10.928,2.48759,0,3400,27230826329
50.3622,19.8561,44.1687,0,96,85,79,1683,3504,2.32507,0,10.928,2.48759,0,3400,27250664707
71.9383,13.9008,44.1687,0,96,85,79,1683,3504,2.32507,0,10.928,2.48759,0,3400,27264566723
38.0615,26.2733,44.1687,0,96,85,79,1683,3504,2.32507,0,10.928,2.48759,0,3400,27290841589
159.862,6.25541,44.1687,0,96,85,79,1683,3504,2.32507,0,10.928,2.48759,0,3400,27297096768
40.0764,24.9523,44.1687,0,96,85,79,1683,3504,2.32507,0,10.928,2.48759,0,3400,27322051709
119.248,8.38591,44.1687,0,96,85,79,1683,3504,2.32507,0,10.928,2.48759,0,3400,27330438136
44.0345,22.7095,44.1687,0,96,85,79,1683,3504,2.32507,0,10.928,2.48759,0,3400,27353148692
95.795,10.439,44.1687,0,96,85,79,1683,3504,2.32507,0,10.928,2.48759,0,3400,27363600681
29.3564,34.0641,44.1687,0,96,85,79,1683,3504,2.32507,0,10.928,2.48759,0,3400,27397656468
1365.64,0.73226,44.1687,0,96,85,79,1683,3504,2.32507,0,10.928,2.48759,0,3400,27398385271
52.3398,19.1059,44.1687,0,96,85,79,1683,3504,2.32507,0,10.928,2.48759,0,3400,27417494137
78.0855,12.8065,44.1687,0,96,85,79,1683,3504,2.32507,0,10.928,2.48759,0,3400,27430301493
49.7355,20.1064,44.1687,0,96,85,79,1683,3504,2.32507,0,10.928,2.48759,0,3400,27450408504
76.1469,13.1325,44.1687,0,96,85,79,1683,3504,2.32507,0,10.928,2.48759,0,3400,27463542862
48.5444,20.5997,44.1687,0,96,85,79,1683,3504,2.32507,0,10.928,2.48759,0,3400,27484143596
78.6199,12.7194,44.1687,0,96,85,79,1683,3504,2.32507,0,10.928,2.48759,0,3400,27496863996
49.5766,20.1708,44.1687,0,96,85,79,1683,3504,2.32507,0,10.928,2.48759,0,3400,27517035849
75.7934,13.1938,44.1687,0,96,85,79,1683,3504,2.32507,0,10.928,2.48759,0,3400,27530229541
47.9081,20.8733,44.1687,0,96,85,79,1683,3504,2.32507,0,10.928,2.48759,0,3400,27551104610
79.817,12.5287,44.1687,0,96,85,79,1683,3504,2.32507,0,10.928,2.48759,0,3400,27563634813
45.1373,22.1546,44.1687,0,96,85,79,1683,3504,2.32507,0,10.928,2.48759,0,3400,27585790153
86.6856,11.5359,44.1687,0,96,85,79,1683,3504,2.32507,0,10.928,2.48759,0,3400,27597327193
39.7238,25.1738,44.1687,0,96,85,79,1683,3504,2.32507,0,10.928,2.48759,0,3400,27622503161
132.466,7.5491,44.1687,0,96,85,79,1683,3504,2.32507,0,10.928,2.48759,0,3400,27630052715
44.0277,22.713,44.1687,0,96,85,79,1683,3504,2.32507,0,10.928,2.48759,0,3400,27652766392
94.4851,10.5837,44.1687,0,96,85,79,1683,3504,2.32507,0,10.928,2.48759,0,3400,27663350788
48.7265,20.5227,44.1687,0,96,85,79,1683,3504,2.32507,0,10.928,2.48759,0,3400,27683874587
33.8856,29.5111,44.1687,0,96,85,79,1683,3504,2.32507,0,10.928,2.48759,0,3400,27713405834
33.162,30.155,44.1687,0,96,85,79,1683,3504,2.32507,0,10.928,2.48759,0,3400,27743544510
859.643,1.16327,54.2169,0,96,85,79,1683,3504,2.32507,0,10.9284,2.48759,0,3407,27744707323
143.317,6.97755,54.2169,0,96,85,79,1683,3504,2.32507,0,10.9284,2.48759,0,3407,27751701947
83.3431,11.9986,54.2169,0,96,85,79,1683,3504,2.32507,0,10.9284,2.48759,0,3407,27763684654
48.2144,20.7407,54.2169,0,96,85,79,1683,3504,2.32507,0,10.9284,2.48759,0,3407,27784445238
71.5761,13.9712,54.2169,0,96,85,79,1683,3504,2.32507,0,10.9284,2.48759,0,3407,27798398704
50.514,19.7965,54.2169,0,96,85,79,1683,3504,2.32507,0,10.9284,2.48759,0,3407,27818196524
84.1912,11.8777,54.2169,0,96,85,79,1683,3504,2.32507,0,10.9284,2.48759,0,3407,27830074820
36.1844,27.6362,54.2169,0,96,85,79,1683,3504,2.32507,0,10.9284,2.48759,0,3407,27857713762
176.393,5.66915,54.2169,0,96,85,79,1683,3504,2.32507,0,10.9284,2.48759,0,3407,27863383704
30.1828,33.1315,54.2169,0,96,85,79,1683,3504,2.32507,0,10.9284,2.48759,0,3407,27896516888
1795.37,0.556987,54.2169,0,96,85,79,1683,3504,2.32507,0,10.9284,2.48759,0,3407,27897072931
45.8534,21.8086,54.2169,0,96,85,79,1683,3504,2.32507,0,10.9284,2.48759,0,3407,27918882861
80.5069,12.4213,54.2169,0,96,85,79,1683,3504,2.32507,0,10.9284,2.48759,0,3407,27931304646
40.3533,24.7811,54.2169,0,96,85,79,1683,3504,2.32507,0,10.9284,2.48759,0,3407,27956087756
139.936,7.1461,54.2169,0,96,85,79,1683,3504,2.32507,0,10.9284,2.48759,0,3407,27963235508
34.9765,28.5907,54.2169,0,96,85,79,1683,3504,2.32507,0,10.9284,2.48759,0,3407,27991827139
156.907,6.37322,54.2169,0,96,85,79,1683,3504,2.32507,0,10.9284,2.48759,0,3407,27998201546
38.2722,26.1286,54.2169,0,96,85,79,1683,3504,2.32507,0,10.9284,2.48759,0,3407,28024332105
180.483,5.5407,54.2169,0,96,85,79,1683,3504,2.32507,0,10.9284,2.48759,0,3407,28029873007
38.7988,25.774,54.2169,0,96,85,79,1683,3504,2.32507,0,10.9284,2.48759,0,3407,28055648371
131.91,7.58095,54.2169,0,96,85,79,1683,3504,2.32507,0,10.9284,2.48759,0,3407,28063229191
39.6106,25.2457,54.2169,0,96,85,79,1683,3504,2.32507,0,10.9284,2.48759,0,3407,28088477144
127.581,7.83814,54.2169,0,96,85,79,1683,3504,2.32507,0,10.9284,2.48759,0,3407,28096331214
41.5235,24.0828,54.2169,0,96,85,79,1683,3504,2.32507,0,10.9284,2.48759,0,3407,28120400262
107.913,9.2667,54.2169,0,96,85,79,1683,3504,2.32507,0,10.9284,2.48759,0,3407,28129669076
31.6939,31.5519,54.2169,0,96,85,79,1683,3504,2.32507,0,10.9284,2.48759,0,3407,28161220114
595.077,1.68045,54.2169,0,96,85,79,1683,3504,2.32507,0,10.9284,2.48759,0,3407,28162901719
44.9501,22.2469,54.2169,0,96,85,79,1683,3504,2.32507,0,10.9284,2.48759,0,3407,28185149367
90.1202,11.0963,54.2169,0,96,85,79,1683,3504,2.32507,0,10.9284,2.48759,0,3407,28196246229
30.8641,32.4001,54.2169,0,96,85,79,1683,3504,2.32507,0,10.9284,2.48759,0,3407,28228648198
1134.96,0.88109,54.2169,0,96,85,79,1683,3504,2.32507,0,10.9284,2.48759,0,3407,28229529823
39.2987,25.4462,54.2169,0,96,85,79,1683,3504,2.32507,0,10.9284,2.48759,0,3407,28254983328
116.517,8.58246,56.3275,0,95,89,79,1683,3504,2.32507,0,10.9287,2.48759,0,3412,28263561095
47.0299,21.2631,56.3275,0,95,89,79,1683,3504,2.32507,0,10.9287,2.48759,0,3412,28284824905
88.4389,11.3072,56.3275,0,95,89,79,1683,3504,2.32507,0,10.9287,2.48759,0,3412,28296133102
48.9543,20.4272,56.3275,0,95,89,79,1683,3504,2.32507,0,10.9287,2.48759,0,3412,28316561472
74.5817,13.4081,56.3275,0,95,89,79,1683,3504,2.32507,0,10.9287,2.48759,0,3412,28329970953
39.6649,25.2112,56.3275,0,95,89,79,1683,3504,2.32507,0,10.9287,2.48759,0,3412,28355195630
132.554,7.54408,56.3275,0,95,89,79,1683,3504,2.32507,0,10.9287,2.48759,0,3412,28362728202
47.8956,20.8787,56.3275,0,95,89,79,1683,3504,2.32507,0,10.9287,2.48759,0,3412,28383608227
78.2215,12.7842,56.3275,0,95,89,79,1683,3504,2.32507,0,10.9287,2.48759,0,3412,28396393174
36.5629,27.3501,56.3275,0,95,89,79,1683,3504,2.32507,0,10.9287,2.48759,0,3412,28423746408
176.403,5.66882,56.3275,0,95,89,79,1683,3504,2.32507,0,10.9287,2.48759,0,3412,28429415246
48.0403,20.8158,56.3275,0,95,89,79,1683,3504,2.32507,0,10.9287,2.48759,0,3412,28450235847
80.6076,12.4058,56.3275,0,95,89,79,1683,3504,2.32507,0,10.9287,2.48759,0,3412,28462640389
49.4074,20.2399,56.3275,0,95,89,79,1683,3504,2.32507,0,10.9287,2.48759,0,3412,28482881236
76.2822,13.1092,56.3275,0,95,89,79,1683,3504,2.32507,0,10.9287,2.48759,0,3412,28495990483
39.3964,25.383,56.3275,0,95,89,79,1683,3504,2.32507,0,10.9287,2.48759,0,3412,28521374559
126.567,7.90094,56.3275,0,95,89,79,1683,3504,2.32507,0,10.9287,2.48759,0,3412,28529277502
43.1261,23.1878,56.3275,0,95,89,79,1683,3504,2.32507,0,10.9287,2.48759,0,3412,28552467141
98.5426,10.1479,56.3275,0,95,89,79,1683,3504,2.32507,0,10.9287,2.48759,0,3412,28562615157
43.5555,22.9592,56.3275,0,95,89,79,1683,3504,2.32507,0,10.9287,2.48759,0,3412,28585576252
93.8461,10.6557,56.3275,0,95,89,79,1683,3504,2.32507,0,10.9287,2.48759,0,3412,28596233253
50.5483,19.783,56.3275,0,95,89,79,1683,3504,2.32507,0,10.9287,2.48759,0,3412,28616017911
74.7093,13.3852,56.3275,0,95,89,79,1683,3504,2.32507,0,10.9287,2.48759,0,3412,28629404002
49.1593,20.342,56.3275,0,95,89,79,1683,3504,2.32507,0,10.9287,2.48759,0,3412,28649748180
78.1849,12.7902,56.3275,0,95,89,79,1683,3504,2.32507,0,10.9287,2.48759,0,3412,28662539052
30.9759,32.2832,56.3275,0,95,89,79,1683,3504,2.32507,0,10.9287,2.48759,0,3412,28694823257
844.487,1.18415,56.3275,0,95,89,79,1683,3504,2.32507,0,10.9287,2.48759,0,3412,28696009523
48.6008,20.5758,56.3275,0,95,89,79,1683,3504,2.32507,0,10.9287,2.48759,0,3412,28716586699
79.6651,12.5526,56.3275,0,95,89,79,1683,3504,2.32507,0,10.9287,2.48759,0,3412,28729140264
32.9545,30.3448,56.3275,0,95,89,79,1683,3504,2.32507,0,10.9287,2.48759,0,3412,28759493201
297.95,3.35627,57.5,0,98,89,79,1683,3504,2.32507,0,10.927,2.48759,0,1722,28762842523
24.9995,40.0008,57.5,0,98,89,79,1683,3504,2.32507,0,10.927,2.48759,0,1722,28802844609
1156.52,0.86466,57.5,0,98,89,79,1683,3504,2.32507,0,10.927,2.48759,0,1722,28803707986
24.9019,40.1576,57.5,0,98,89,79,1683,3504,2.32507,0,10.927,2.48759,0,1722,28843868879
1070.98,0.933728,57.5,0,98,89,79,1683,3504,2.32507,0,10.927,2.48759,0,1722,28844801301
17.7666,56.2852,57.5,0,98,89,79,1683,3504,2.32507,0,10.927,2.48759,0,1722,28901116031
347.231,2.87993,57.5,0,98,89,79,1683,3504,2.32507,0,10.927,2.48759,0,1722,28903971271
28.6309,34.9273,57.5,0,98,89,79,1683,3504,2.32507,0,10.927,2.48759,0,1722,28938899817
975.088,1.02555,57.5,0,98,89,79,1683,3504,2.32507,0,10.927,2.48759,0,1722,28939924050
23.204,43.0961,57.5,0,98,89,79,1683,3504,2.32507,0,10.927,2.48759,0,1722,28983043865
945.914,1.05718,57.5,0,98,89,79,1683,3504,2.32507,0,10.927,2.48759,0,1722,28984079421
18.7469,53.3421,57.5,0,98,89,79,1683,3504,2.32507,0,10.927,2.48759,0,1722,29037422939
446.457,2.23986,57.5,0,98,89,79,1683,3504,2.32507,0,10.927,2.48759,0,1722,29039664519
62.4713,16.0074,57.5,0,98,89,79,1683,3504,2.32507,0,10.927,2.48759,0,1722,29055693838
190.953,5.23688,57.5,0,98,89,79,1683,3504,2.32507,0,10.927,2.48759,0,1722,29060930595
14.4077,69.4075,57.5,0,98,89,79,1683,3504,2.32507,0,10.927,2.48759,0,1722,29130339141
635.875,1.57264,57.5,0,98,89,79,1683,3504,2.32507,0,10.927,2.48759,0,1722,29131912731
31.0866,32.1682,57.5,0,98,89,79,1683,3504,2.32507,0,10.927,2.48759,0,1722,29164082634
342.445,2.92018,57.5,0,98,89,79,1683,3504,2.32507,0,10.927,2.48759,0,1722,29167002192
51.3697,19.4667,57.5,0,98,89,79,1683,3504,2.32507,0,10.927,2.48759,0,1722,29186470631
1098.06,0.910699,57.5,0,98,89,79,1683,3504,2.32507,0,10.927,2.48759,0,1722,29187380097
25.6749,38.9485,57.5,0,98,89,79,1683,3504,2.32507,0,10.927,2.48759,0,1722,29226352276
1067.77,0.936534,57.5,0,98,89,79,1683,3504,2.32507,0,10.927,2.48759,0,1722,29227267748
17.0753,58.5643,57.5,0,98,89,79,1683,3504,2.32507,0,10.927,2.48759,0,1722,29285871824
458.938,2.17894,85.6098,0,98,86,79,1683,3504,2.32507,0,10.9571,2.48759,0,1774,29288012106
25.7843,38.7833,85.6098,0,98,86,79,1683,3504,2.32507,0,10.9571,2.48759,0,1774,29326815186
1150.48,0.869203,85.6098,0,98,86,79,1683,3504,2.32507,0,10.9571,2.48759,0,1774,29327665465
21.0789,47.4408,85.6098,0,98,86,79,1683,3504,2.32507,0,10.9571,2.48759,0,1774,29375129825
978.951,1.0215,85.6098,0,98,86,79,1683,3504,2.32507,0,10.9571,2.48759,0,1774,29376150870
21.4973,46.5174,85.6098,0,98,86,79,1683,3504,2.32507,0,10.9571,2.48759,0,1774,29422671683
350.235,2.85523,85.6098,0,98,86,79,1683,3504,2.32507,0,10.9571,2.48759,0,1774,29425505430
33.0561,30.2516,85.6098,0,98,86,79,1683,3504,2.32507,0,10.9571,2.48759,0,1774,29455758574
1018.03,0.982288,85.6098,0,98,86,79,1683,3504,2.32507,0,10.9571,2.48759,0,1774,29456740746
23.8334,41.9579,85.6098,0,98,86,79,1683,3504,2.32507,0,10.9571,2.48759,0,1774,29498700625
196.813,5.08096,85.6098,0,98,86,79,1683,3504,2.32507,0,10.9571,2.48759,0,1774,29503782516
12.5669,79.5739,85.6098,0,98,86,79,1683,3504,2.32507,0,10.9571,2.48759,0,1774,29583357398
769.21,1.30003,85.6098,0,98,86,79,1683,3504,2.32507,0,10.9571,2.48759,0,1774,29584656024
62.1143,16.0994,85.6098,0,98,86,79,1683,3504,2.32507,0,10.9571,2.48759,0,1774,29600779552
421.843,2.37055,85.6098,0,98,86,79,1683,3504,2.32507,0,10.9571,2.48759,0,1774,29603153396
20.7383,48.2198,85.6098,0,98,86,79,1683,3504,2.32507,0,10.9571,2.48759,0,1774,29651378579
1019.19,0.981169,85.6098,0,98,86,79,1683,3504,2.32507,0,10.9571,2.48759,0,1774,29652331676
26.8483,37.2463,85.6098,0,98,86,79,1683,3504,2.32507,0,10.9571,2.48759,0,1774,29689579868
670.131,1.49225,85.6098,0,98,86,79,1683,3504,2.32507,0,10.9571,2.48759,0,1774,29691071938
19.2517,51.9435,85.6098,0,98,86,79,1683,3504,2.32507,0,10.9571,2.48759,0,1774,29743034600
1558.32,0.641716,85.6098,0,98,86,79,1683,3504,2.32507,0,10.9571,2.48759,0,1774,29743656977
23.2426,43.0245,85.6098,0,98,86,79,1683,3504,2.32507,0,10.9571,2.48759,0,1774,29786689633
1336.25,0.748365,79.0524,0,88,86,75,1400,3504,2.32507,0,10.9589,2.48759,0,2743,29787431282
83.3126,12.003,79.0524,0,88,86,75,1400,3504,2.32507,0,10.9589,2.48759,0,2743,29799438108
78.8119,12.6884,79.0524,0,88,86,75,1400,3504,2.32507,0,10.9589,2.48759,0,2743,29812128161
16.4491,60.7934,79.0524,0,88,86,75,1400,3504,2.32507,0,10.9589,2.48759,0,2743,29872922952
1444.4,0.692331,79.0524,0,88,86,75,1400,3504,2.32507,0,10.9589,2.48759,0,2743,29873612746
23.2532,43.0048,79.0524,0,88,86,75,1400,3504,2.32507,0,10.9589,2.48759,0,2743,29916620655
640.965,1.56015,79.0524,0,88,86,75,1400,3504,2.32507,0,10.9589,2.48759,0,2743,29918180245
106.241,9.4126,79.0524,0,88,86,75,1400,3504,2.32507,0,10.9589,2.48759,0,2743,29927594995
1073.13,0.931856,79.0524,0,88,86,75,1400,3504,2.32507,0,10.9589,2.48759,0,2743,29928525889
17.5495,56.9817,79.0524,0,88,86,75,1400,3504,2.32507,0,10.9589,2.48759,0,2743,29985510181
1013.91,0.986277,79.0524,0,88,86,75,1400,3504,2.32507,0,10.9589,2.48759,0,2743,29986496071
20.2853,49.2967,79.0524,0,88,86,75,1400,3504,2.32507,0,10.9589,2.48759,0,2743,30035794168
658.631,1.5183,79.0524,0,88,86,75,1400,3504,2.32507,0,10.9589,2.48759,0,2743,30037311957
96.1961,10.3954,79.0524,0,88,86,75,1400,3504,2.32507,0,10.9589,2.48759,0,2743,30047731802
71.5236,13.9814,79.0524,0,88,86,75,1400,3504,2.32507,0,10.9589,2.48759,0,2743,30061692016
40.4242,24.7377,79.0524,0,88,86,75,1400,3504,2.32507,0,10.9589,2.48759,0,2743,30086430071
39.6839,25.1992,79.0524,0,88,86,75,1400,3504,2.32507,0,10.9589,2.48759,0,2743,30111651554
36.2911,27.555,79.0524,0,88,86,75,1400,3504,2.32507,0,10.9589,2.48759,0,2743,30139208631
275.921,3.62422,79.0524,0,88,86,75,1400,3504,2.32507,0,10.9589,2.48759,0,2743,30142811519
37.9661,26.3393,79.0524,0,88,86,75,1400,3504,2.32507,0,10.9589,2.48759,0,2743,30169152222
93.4495,10.701,79.0524,0,88,86,75,1400,3504,2.32507,0,10.9589,2.48759,0,2743,30179854503
24.6069,40.639,79.0524,0,88,86,75,1400,3504,2.32507,0,10.9589,2.48759,0,2743,30220493441
1096.06,0.912356,79.0524,0,88,86,75,1400,3504,2.32507,0,10.9589,2.48759,0,2743,30221427427
17.8144,56.1343,79.0524,0,88,86,75,1400,3504,2.32507,0,10.9589,2.48759,0,2743,30277541479
646.789,1.5461,79.0524,0,88,86,75,1400,3504,2.32507,0,10.9589,2.48759,0,2743,30279087212
119.876,8.34192,79.0524,0,88,86,75,1400,3504,2.32507,0,10.9589,2.48759,0,2743,30287436576
121.602,8.22352,79.7468,0,88,84,75,1400,3504,2.32507,0,10.9589,2.48759,0,1739,30295656340
16.3307,61.2343,79.7468,0,88,84,75,1400,3504,2.32507,0,10.9589,2.48759,0,1739,30356890121
1583.97,0.631326,79.7468,0,88,84,75,1400,3504,2.32507,0,10.9589,2.48759,0,1739,30357520580
41.3475,24.1853,79.7468,0,88,84,75,1400,3504,2.32507,0,10.9589,2.48759,0,1739,30381729794
684.523,1.46087,79.7468,0,88,84,75,1400,3504,2.32507,0,10.9589,2.48759,0,1739,30383216677
22.9948,43.4881,79.7468,0,88,84,75,1400,3504,2.32507,0,10.9589,2.48759,0,1739,30426681353
1019.28,0.981086,79.7468,0,88,84,75,1400,3504,2.32507,0,10.9589,2.48759,0,1739,30427661945
26.0794,38.3445,79.7468,0,88,84,75,1400,3504,2.32507,0,10.9589,2.48759,0,1739,30466025525
921.48,1.08521,79.7468,0,88,84,75,1400,3504,2.32507,0,10.9589,2.48759,0,1739,30467111085
49.0732,20.3777,79.7468,0,88,84,75,1400,3504,2.32507,0,10.9589,2.48759,0,1739,30487491144
212.639,4.70282,79.7468,0,88,84,75,1400,3504,2.32507,0,10.9589,2.48759,0,1739,30492214416
17.3863,57.5166,79.7468,0,88,84,75,1400,3504,2.32507,0,10.9589,2.48759,0,1739,30549710703
938.136,1.06594,79.7468,0,88,84,75,1400,3504,2.32507,0,10.9589,2.48759,0,1739,30550794628
27.1641,36.8133,79.7468,0,88,84,75,1400,3504,2.32507,0,10.9589,2.48759,0,1739,30587592936
780.786,1.28076,79.7468,0,88,84,75,1400,3504,2.32507,0,10.9589,2.48759,0,1739,30588872355
55.741,17.9401,79.7468,0,88,84,75,1400,3504,2.32507,0,10.9589,2.48759,0,1739,30606835512
227.319,4.39911,79.7468,0,88,84,75,1400,3504,2.32507,0,10.9589,2.48759,0,1739,30611214170
18.6354,53.6613,79.7468,0,88,84,75,1400,3504,2.32507,0,10.9589,2.48759,0,1739,30664875357
1389.27,0.719803,79.7468,0,88,84,75,1400,3504,2.32507,0,10.9589,2.48759,0,1739,30665595274
113.618,8.80142,79.7468,0,88,84,75,1400,3504,2.32507,0,10.9589,2.48759,0,1739,30674419706
89.6323,11.1567,79.7468,0,88,84,75,1400,3504,2.32507,0,10.9589,2.48759,0,1739,30685557977
27.5653,36.2775,79.7468,0,88,84,75,1400,3504,2.32507,0,10.9589,2.48759,0,1739,30721835798
152.852,6.54226,79.7468,0,88,84,75,1400,3504,2.32507,0,10.9589,2.48759,0,1739,30728379493
27.6528,36.1627,79.7468,0,88,84,75,1400,3504,2.32507,0,10.9589,2.48759,0,1739,30764543213
1060.96,0.942547,79.7468,0,88,84,75,1400,3504,2.32507,0,10.9589,2.48759,0,1739,30765506637
21.3999,46.7292,79.7468,0,88,84,75,1400,3504,2.32507,0,10.9589,2.48759,0,1739,30812244845
526.583,1.89903,77.5309,0,87,84,74,1393,3504,2.32507,0,10.9588,2.48759,0,1770,30814157375
26.2175,38.1424,77.5309,0,87,84,74,1393,3504,2.32507,0,10.9588,2.48759,0,1770,30852279382
322.43,3.10145,77.5309,0,87,84,74,1393,3504,2.32507,0,10.9588,2.48759,0,1770,30855382296
101.18,9.88337,77.5309,0,87,84,74,1393,3504,2.32507,0,10.9588,2.48759,0,1770,30865268286
84.0808,11.8933,77.5309,0,87,84,74,1393,3504,2.32507,0,10.9588,2.48759,0,1770,30877162201
54.0606,18.4977,77.5309,0,87,84,74,1393,3504,2.32507,0,10.9588,2.48759,0,1770,30895660133
65.1597,15.3469,77.5309,0,87,84,74,1393,3504,2.32507,0,10.9588,2.48759,0,1770,30911007114
30.7619,32.5077,77.5309,0,87,84,74,1393,3504,2.32507,0,10.9588,2.48759,0,1770,30943616793
953.331,1.04895,77.5309,0,87,84,74,1393,3504,2.32507,0,10.9588,2.48759,0,1770,30944564903
41.0755,24.3454,77.5309,0,87,84,74,1393,3504,2.32507,0,10.9588,2.48759,0,1770,30968912672
114.208,8.75593,77.5309,0,87,84,74,1393,3504,2.32507,0,10.9588,2.48759,0,1770,30977669354
32.0804,31.1717,77.5309,0,87,84,74,1393,3504,2.32507,0,10.9588,2.48759,0,1770,31008843360
47.5653,21.0238,77.5309,0,87,84,74,1393,3504,2.32507,0,10.9588,2.48759,0,1770,31029867974
44.9697,22.2372,77.5309,0,87,84,74,1393,3504,2.32507,0,10.9588,2.48759,0,1770,31052118687
85.3768,11.7128,77.5309,0,87,84,74,1393,3504,2.32507,0,10.9588,2.48759,0,1770,31063820338
19.3396,51.7075,77.5309,0,87,84,74,1393,3504,2.32507,0,10.9588,2.48759,0,1770,31115528910
226.698,4.41116,77.5309,0,87,84,74,1393,3504,2.32507,0,10.9588,2.48759,0,1770,31119940127
112.059,8.92385,77.5309,0,87,84,74,1393,3504,2.32507,0,10.9588,2.48759,0,1770,31128886059
150.169,6.65918,77.5309,0,87,84,74,1393,3504,2.32507,0,10.9588,2.48759,0,1770,31135524612
14.3311,69.7783,77.5309,0,87,84,74,1393,3504,2.32507,0,10.9588,2.48759,0,1770,31205304362
955.901,1.04613,77.5309,0,87,84,74,1393,3504,2.32507,0,10.9588,2.48759,0,1770,31206349826
144.234,6.93319,77.5309,0,87,84,74,1393,3504,2.32507,0,10.9588,2.48759,0,1770,31213285121
58.1957,17.1834,77.5309,0,87,84,74,1393,3504,2.32507,0,10.9588,2.48759,0,1770,31230491158
31.811,31.4357,77.5309,0,87,84,74,1393,3504,2.32507,0,10.9588,2.48759,0,1770,31261929353
744.179,1.34376,77.5309,0,87,84,74,1393,3504,2.32507,0,10.9588,2.48759,0,1770,31263271843
20.5989,48.5463,77.5309,0,87,84,74,1393,3504,2.32507,0,10.9588,2.48759,0,1770,31311820806
812.402,1.23092,77.5309,0,87,84,74,1393,3504,2.32507,0,10.9588,2.48759,0,1770,31313075564
43.5636,22.9549,84.7545,0,87,85,74,1393,3504,2.32507,0,10.9588,2.48759,0,1744,31336028650
309.705,3.22888,84.7545,0,87,85,74,1393,3504,2.32507,0,10.9588,2.48759,0,1744,31339257542
40.0581,24.9637,84.7545,0,87,85,74,1393,3504,2.32507,0,10.9588,2.48759,0,1744,31364222666
84.1756,11.8799,84.7545,0,87,85,74,1393,3504,2.32507,0,10.9588,2.48759,0,1744,31376104798
19.6323,50.9364,84.7545,0,87,85,74,1393,3504,2.32507,0,10.9588,2.48759,0,1744,31427065108
821.745,1.21692,84.7545,0,87,85,74,1393,3504,2.32507,0,10.9588,2.48759,0,1744,31428258292
28.4984,35.0896,84.7545,0,87,85,74,1393,3504,2.32507,0,10.9588,2.48759,0,1744,31463371218
327.165,3.05656,84.7545,0,87,85,74,1393,3504,2.32507,0,10.9588,2.48759,0,1744,31466407946
31.5659,31.6798,84.7545,0,87,85,74,1393,3504,2.32507,0,10.9588,2.48759,0,1744,31498088310
1274.56,0.784585,84.7545,0,87,85,74,1393,3504,2.32507,0,10.9588,2.48759,0,1744,31498871533
83.8056,11.9324,84.7545,0,87,85,74,1393,3504,2.32507,0,10.9588,2.48759,0,1744,31510807248
58.9053,16.9764,84.7545,0,87,85,74,1393,3504,2.32507,0,10.9588,2.48759,0,1744,31527783617
33.8716,29.5232,84.7545,0,87,85,74,1393,3504,2.32507,0,10.9588,2.48759,0,1744,31557709968
250.309,3.99506,84.7545,0,87,85,74,1393,3504,2.32507,0,10.9588,2.48759,0,1744,31561305875
25.7567,38.8248,84.7545,0,87,85,74,1393,3504,2.32507,0,10.9588,2.48759,0,1744,31600152786
698.181,1.43229,84.7545,0,87,85,74,1393,3504,2.32507,0,10.9588,2.48759,0,1744,31601563283
31.8638,31.3836,84.7545,0,87,85,74,1393,3504,2.32507,0,10.9588,2.48759,0,1744,31632971366
968.339,1.0327,84.7545,0,87,85,74,1393,3504,2.32507,0,10.9588,2.48759,0,1744,31633981472
43.8615,22.799,84.7545,0,87,85,74,1393,3504,2.32507,0,10.9588,2.48759,0,1744,31656803891
292.833,3.41491,84.7545,0,87,85,74,1393,3504,2.32507,0,10.9588,2.48759,0,1744,31660197357
17.4245,57.3906,84.7545,0,87,85,74,1393,3504,2.32507,0,10.9588,2.48759,0,1744,31717590220
539.529,1.85347,84.7545,0,87,85,74,1393,3504,2.32507,0,10.9588,2.48759,0,1744,31719444411
28.1998,35.4612,84.7545,0,87,85,74,1393,3504,2.32507,0,10.9588,2.48759,0,1744,31754928502
1259.17,0.794171,84.7545,0,87,85,74,1393,3504,2.32507,0,10.9588,2.48759,0,1744,31755742602
25.6702,38.9556,84.7545,0,87,85,74,1393,3504,2.32507,0,10.9588,2.48759,0,1744,31794679914
2434.44,0.410772,84.7545,0,87,85,74,1393,3504,2.32507,0,10.9588,2.48759,0,1744,31795090058
72.8723,13.7226,84.7545,0,87,85,74,1393,3504,2.32507,0,10.9588,2.48759,0,1744,31808817185
212.363,4.70892,84.7545,0,87,85,74,1393,3504,2.32507,0,10.9588,2.48759,0,1744,31813532354
60.8503,16.4338,86.783,0,96,85,74,1379,3504,2.32507,0,10.959,2.48759,0,3400,31829961373
33.5411,29.8141,86.783,0,96,85,74,1379,3504,2.32507,0,10.959,2.48759,0,3400,31859775948
48.7585,20.5093,86.783,0,96,85,74,1379,3504,2.32507,0,10.959,2.48759,0,3400,31880286784
77.417,12.9171,86.783,0,96,85,74,1379,3504,2.32507,0,10.959,2.48759,0,3400,31893205255
39.1234,25.5602,86.783,0,96,85,74,1379,3504,2.32507,0,10.959,2.48759,0,3400,31918767842
131.429,7.60867,86.783,0,96,85,74,1379,3504,2.32507,0,10.959,2.48759,0,3400,31926374680
44.044,22.7045,86.783,0,96,85,74,1379,3504,2.32507,0,10.959,2.48759,0,3400,31949082899
36.7487,27.2119,86.783,0,96,85,74,1379,3504,2.32507,0,10.959,2.48759,0,3400,31976294356
39.5529,25.2826,86.783,0,96,85,74,1379,3504,2.32507,0,10.959,2.48759,0,3400,32001578277
121.935,8.20108,86.783,0,96,85,74,1379,3504,2.32507,0,10.959,2.48759,0,3400,32009780133
45.3531,22.0492,86.783,0,96,85,74,1379,3504,2.32507,0,10.959,2.48759,0,3400,32031833662
76.7412,13.0308,86.783,0,96,85,74,1379,3504,2.32507,0,10.959,2.48759,0,3400,32044862587
27.5967,36.2362,86.783,0,96,85,74,1379,3504,2.32507,0,10.959,2.48759,0,3400,32081101860
417.043,2.39783,86.783,0,96,85,74,1379,3504,2.32507,0,10.959,2.48759,0,3400,32083498450
83.0976,12.034,86.783,0,96,85,74,1379,3504,2.32507,0,10.959,2.48759,0,3400,32095534489
63.7821,15.6784,86.783,0,96,85,74,1379,3504,2.32507,0,10.959,2.48759,0,3400,32111216634
56.647,17.6532,86.783,0,96,85,74,1379,3504,2.32507,0,10.959,2.48759,0,3400,32128867662
32.1165,31.1367,86.783,0,96,85,74,1379,3504,2.32507,0,10.959,2.48759,0,3400,32160009939
47.2687,21.1556,86.783,0,96,85,74,1379,3504,2.32507,0,10.959,2.48759,0,3400,32181164707
34.8469,28.697,86.783,0,96,85,74,1379,3504,2.32507,0,10.959,2.48759,0,3400,32209861459
43.2695,23.111,86.783,0,96,85,74,1379,3504,2.32507,0,10.959,2.48759,0,3400,32232973878
2556.79,0.391116,86.783,0,96,85,74,1379,3504,2.32507,0,10.959,2.48759,0,3400,32233365435
21.0521,47.5011,86.783,0,96,85,74,1379,3504,2.32507,0,10.959,2.48759,0,3400,32280867362
2588.9,0.386265,86.783,0,96,85,74,1379,3504,2.32507,0,10.959,2.48759,0,3400,32281252577
25.7953,38.7668,86.783,0,96,85,74,1379,3504,2.32507,0,10.959,2.48759,0,3400,32320028576
999.903,1.0001,86.783,0,96,85,74,1379,3504,2.32507,0,10.959,2.48759,0,3400,32321023431
78.5843,12.7252,68.9394,0,96,91,74,1379,3504,2.32507,0,10.9553,2.48759,0,3400,32333749120
111.543,8.96518,68.9394,0,96,91,74,1379,3504,2.32507,0,10.9553,2.48759,0,3400,32342716015
47.1676,21.201,68.9394,0,96,91,74,1379,3504,2.32507,0,10.9553,2.48759,0,3400,32363916991
76.5048,13.0711,68.9394,0,96,91,74,1379,3504,2.32507,0,10.9553,2.48759,0,3400,32376990148
55.0667,18.1598,68.9394,0,96,91,74,1379,3504,2.32507,0,10.9553,2.48759,0,3400,32395149103
32.5,30.7693,68.9394,0,96,91,74,1379,3504,2.32507,0,10.9553,2.48759,0,3400,32425933000
36.8703,27.1221,68.9394,0,96,91,74,1379,3504,2.32507,0,10.9553,2.48759,0,3400,32453043728
159.09,6.28573,68.9394,0,96,91,74,1379,3504,2.32507,0,10.9553,2.48759,0,3400,32459330681
34.9584,28.6054,68.9394,0,96,91,74,1379,3504,2.32507,0,10.9553,2.48759,0,3400,32487936989
207.644,4.81593,68.9394,0,96,91,74,1379,3504,2.32507,0,10.9553,2.48759,0,3400,32492753320
52.3349,19.1077,68.9394,0,96,91,74,1379,3504,2.32507,0,10.9553,2.48759,0,3400,32511879907
66.3703,15.067,68.9394,0,96,91,74,1379,3504,2.32507,0,10.9553,2.48759,0,3400,32526930918
55.609,17.9827,68.9394,0,96,91,74,1379,3504,2.32507,0,10.9553,2.48759,0,3400,32544931236
32.3278,30.9332,68.9394,0,96,91,74,1379,3504,2.32507,0,10.9553,2.48759,0,3400,32575847758
34.3051,29.1502,68.9394,0,96,91,74,1379,3504,2.32507,0,10.9553,2.48759,0,3400,32604999921
241.846,4.13486,68.9394,0,96,91,74,1379,3504,2.32507,0,10.9553,2.48759,0,3400,32609133933
28.9435,34.5501,68.9394,0,96,91,74,1379,3504,2.32507,0,10.9553,2.48759,0,3400,32643685620
933.275,1.0715,68.9394,0,96,91,74,1379,3504,2.32507,0,10.9553,2.48759,0,3400,32644756091
57.4036,17.4205,68.9394,0,96,91,74,1379,3504,2.32507,0,10.9553,2.48759,0,3400,32662179726
33.071,30.238,68.9394,0,96,91,74,1379,3504,2.32507,0,10.9553,2.48759,0,3400,32692418519
38.8416,25.7456,68.9394,0,96,91,74,1379,3504,2.32507,0,10.9553,2.48759,0,3400,32718165573
131.516,7.60365,68.9394,0,96,91,74,1379,3504,2.32507,0,10.9553,2.48759,0,3400,32725770114
28.5637,35.0094,68.9394,0,96,91,74,1379,3504,2.32507,0,10.9553,2.48759,0,3400,32760781122
614.122,1.62834,68.9394,0,96,91,74,1379,3504,2.32507,0,10.9553,2.48759,0,3400,32762408695
61.092,16.3688,68.9394,0,96,91,74,1379,3504,2.32507,0,10.9553,2.48759,0,3400,32778780146
62.2465,16.0652,68.9394,0,96,91,74,1379,3504,2.32507,0,10.9553,2.48759,0,3400,32794845464
59.4541,16.8197,68.9394,0,96,91,74,1379,3504,2.32507,0,10.9553,2.48759,0,3400,32811684251
32.6296,30.647,68.9394,0,96,91,74,1379,3504,2.32507,0,10.9553,2.48759,0,3400,32842334309
37.7332,26.5019,54.6116,0,100,91,75,1382,3504,2.32507,0,10.9561,2.48759,0,3626,32868817586
141.84,7.05021,54.6116,0,100,91,75,1382,3504,2.32507,0,10.9561,2.48759,0,3626,32875870308
38.9335,25.6848,54.6116,0,100,91,75,1382,3504,2.32507,0,10.9561,2.48759,0,3626,32901555416
130.794,7.64559,54.6116,0,100,91,75,1382,3504,2.32507,0,10.9561,2.48759,0,3626,32909201756
51.1121,19.5648,54.6116,0,100,91,75,1382,3504,2.32507,0,10.9561,2.48759,0,3626,32928785530
33.131,30.1833,54.6116,0,100,91,75,1382,3504,2.32507,0,10.9561,2.48759,0,3626,32958951934
33.0785,30.2311,54.6116,0,100,91,75,1382,3504,2.32507,0,10.9561,2.48759,0,3626,32989189771
344.44,2.90326,54.6116,0,100,91,75,1382,3504,2.32507,0,10.9561,2.48759,0,3626,32992088804
40.1914,24.881,54.6116,0,100,91,75,1382,3504,2.32507,0,10.9561,2.48759,0,3626,33016974099
104.42,9.57666,54.6116,0,100,91,75,1382,3504,2.32507,0,10.9561,2.48759,0,3626,33026556074
53.2172,18.7909,54.6116,0,100,91,75,1382,3504,2.32507,0,10.9561,2.48759,0,3626,33045342010
74.3049,13.4581,54.6116,0,100,91,75,1382,3504,2.32507,0,10.9561,2.48759,0,3626,33058802382
52.2276,19.147,54.6116,0,100,91,75,1382,3504,2.32507,0,10.9561,2.48759,0,3626,33077965938
32.5558,30.7165,54.6116,0,100,91,75,1382,3504,2.32507,0,10.9561,2.48759,0,3626,33108664923
44.6891,22.3768,54.6116,0,100,91,75,1382,3504,2.32507,0,10.9561,2.48759,0,3626,33131045051
83.6843,11.9497,54.6116,0,100,91,75,1382,3504,2.32507,0,10.9561,2.48759,0,3626,33142995095
48.3791,20.6701,54.6116,0,100,91,75,1382,3504,2.32507,0,10.9561,2.48759,0,3626,33163664677
83.829,11.929,54.6116,0,100,91,75,1382,3504,2.32507,0,10.9561,2.48759,0,3626,33175596338
50.2916,19.884,54.6116,0,100,91,75,1382,3504,2.32507,0,10.9561,2.48759,0,3626,33195480640
72.5929,13.7755,54.6116,0,100,91,75,1382,3504,2.32507,0,10.9561,2.48759,0,3626,33209258176
52.3465,19.1035,54.6116,0,100,91,75,1382,3504,2.32507,0,10.9561,2.48759,0,3626,33228394834
33.0936,30.2173,54.6116,0,100,91,75,1382,3504,2.32507,0,10.9561,2.48759,0,3626,33258607367
28.6392,34.9172,54.6116,0,100,91,75,1382,3504,2.32507,0,10.9561,2.48759,0,3626,33293525349
2408.92,0.415123,54.6116,0,100,91,75,1382,3504,2.32507,0,10.9561,2.48759,0,3626,33293940223
55.3625,18.0628,54.6116,0,100,91,75,1382,3504,2.32507,0,10.9561,2.48759,0,3626,33312005596
75.7262,13.2055,54.6116,0,100,91,75,1382,3504,2.32507,0,10.9561,2.48759,0,3626,33325211718
51.1967,19.5325,54.6116,0,100,91,75,1382,3504,2.32507,0,10.9561,2.48759,0,3626,33344765232
72.8045,13.7354,57.5377,0,99,87,74,1392,3504,2.32507,0,10.9561,2.48759,0,3587,33358481847
52.4016,19.0834,57.5377,0,99,87,74,1392,3504,2.32507,0,10.9561,2.48759,0,3587,33377565677
32.4304,30.8352,57.5377,0,99,87,74,1392,3504,2.32507,0,10.9561,2.48759,0,3587,33408401345
48.6086,20.5725,57.5377,0,99,87,74,1392,3504,2.32507,0,10.9561,2.48759,0,3587,33428979190
72.5044,13.7923,57.5377,0,99,87,74,1392,3504,2.32507,0,10.9561,2.48759,0,3587,33442769998
51.4978,19.4183,57.5377,0,99,87,74,1392,3504,2.32507,0,10.9561,2.48759,0,3587,33462190184
72.3751,13.8169,57.5377,0,99,87,74,1392,3504,2.32507,0,10.9561,2.48759,0,3587,33476007740
55.0247,18.1737,57.5377,0,99,87,74,1392,3504,2.32507,0,10.9561,2.48759,0,3587,33494182262
70.6992,14.1444,57.5377,0,99,87,74,1392,3504,2.32507,0,10.9561,2.48759,0,3587,33508328205
52.2573,19.1361,57.5377,0,99,87,74,1392,3504,2.32507,0,10.9561,2.48759,0,3587,33527464705
70.6763,14.149,57.5377,0,99,87,74,1392,3504,2.32507,0,10.9561,2.48759,0,3587,33541615178
52.2458,19.1403,57.5377,0,99,87,74,1392,3504,2.32507,0,10.9561,2.48759,0,3587,33560774506
32.4184,30.8467,57.5377,0,99,87,74,1392,3504,2.32507,0,10.9561,2.48759,0,3587,33591622103
28.15,35.5239,57.5377,0,99,87,74,1392,3504,2.32507,0,10.9561,2.48759,0,3587,33627129762
2264.11,0.441674,57.5377,0,99,87,74,1392,3504,2.32507,0,10.9561,2.48759,0,3587,33627586338
56.9906,17.5468,57.5377,0,99,87,74,1392,3504,2.32507,0,10.9561,2.48759,0,3587,33645119100
70.4741,14.1896,57.5377,0,99,87,74,1392,3504,2.32507,0,10.9561,2.48759,0,3587,33659309782
55.0827,18.1545,57.5377,0,99,87,74,1392,3504,2.32507,0,10.9561,2.48759,0,3587,33677464473
71.1498,14.0549,57.5377,0,99,87,74,1392,3504,2.32507,0,10.9561,2.48759,0,3587,33691521507
51.8747,19.2772,57.5377,0,99,87,74,1392,3504,2.32507,0,10.9561,2.48759,0,3587,33710816621
32.3475,30.9143,57.5377,0,99,87,74,1392,3504,2.32507,0,10.9561,2.48759,0,3587,33741732139
50.0346,19.9862,57.5377,0,99,87,74,1392,3504,2.32507,0,10.9561,2.48759,0,3587,33761702334
76.5009,13.0717,57.5377,0,99,87,74,1392,3504,2.32507,0,10.9561,2.48759,0,3587,33774786681
50.1697,19.9324,57.5377,0,99,87,74,1392,3504,2.32507,0,10.9561,2.48759,0,3587,33794707762
75.1939,13.299,57.5377,0,99,87,74,1392,3504,2.32507,0,10.9561,2.48759,0,3587,33808007475
50.3856,19.847,57.5377,0,99,87,74,1392,3504,2.32507,0,10.9561,2.48759,0,3587,33827857590
69.926,14.3008,57.5377,0,99,87,74,1392,3504,2.32507,0,10.9561,2.48759,0,3587,33842158796
54.7167,18.276,57.5377,0,99,87,74,1392,3504,2.32507,0,10.9561,2.48759,0,3587,33860439090
32.3913,30.8725,48.5222,0,100,87,75,1392,3504,2.32507,0,10.9486,2.48759,0,3559,33891307921
31.5933,31.6523,48.5222,0,100,87,75,1392,3504,2.32507,0,10.9486,2.48759,0,3559,33922980678
462.741,2.16104,48.5222,0,100,87,75,1392,3504,2.32507,0,10.9486,2.48759,0,3559,33925123098
33.5329,29.8215,48.5222,0,100,87,75,1392,3504,2.32507,0,10.9486,2.48759,0,3559,33954946785
50.6468,19.7446,48.5222,0,100,87,75,1392,3504,2.32507,0,10.9486,2.48759,0,3559,33974692125
46.8411,21.3488,48.5222,0,100,87,75,1392,3504,2.32507,0,10.9486,2.48759,0,3559,33996042682
300.883,3.32355,48.5222,0,100,87,75,1392,3504,2.32507,0,10.9486,2.48759,0,3559,33999366103
63.5759,15.7292,48.5222,0,100,87,75,1392,3504,2.32507,0,10.9486,2.48759,0,3559,34015096624
38.3357,26.0853,48.5222,0,100,87,75,1392,3504,2.32507,0,10.9486,2.48759,0,3559,34041181616
48.7769,20.5015,48.5222,0,100,87,75,1392,3504,2.32507,0,10.9486,2.48759,0,3559,34061685434
76.0398,13.151,48.5222,0,100,87,75,1392,3504,2.32507,0,10.9486,2.48759,0,3559,34074837250
38.7777,25.788,48.5222,0,100,87,75,1392,3504,2.32507,0,10.9486,2.48759,0,3559,34100626036
41.7784,23.9358,48.5222,0,100,87,75,1392,3504,2.32507,0,10.9486,2.48759,0,3559,34124562399
35.1731,28.4308,48.5222,0,100,87,75,1392,3504,2.32507,0,10.9486,2.48759,0,3559,34152994771
2772.13,0.360733,48.5222,0,100,87,75,1392,3504,2.32507,0,10.9486,2.48759,0,3559,34153355003
87.9059,11.3758,48.5222,0,100,87,75,1392,3504,2.32507,0,10.9486,2.48759,0,3559,34164744493
37.8169,26.4432,48.5222,0,100,87,75,1392,3504,2.32507,0,10.9486,2.48759,0,3559,34191176040
33.8207,29.5677,48.5222,0,100,87,75,1392,3504,2.32507,0,10.9486,2.48759,0,3559,34220744837
268.203,3.72852,48.5222,0,100,87,75,1392,3504,2.32507,0,10.9486,2.48759,0,3559,34224473436
25.2275,39.6394,48.5222,0,100,87,75,1392,3504,2.32507,0,10.9486,2.48759,0,3559,34264117451
1966.85,0.508426,48.5222,0,100,87,75,1392,3504,2.32507,0,10.9486,2.48759,0,3559,34264623234
67.7223,14.7662,48.5222,0,100,87,75,1392,3504,2.32507,0,10.9486,2.48759,0,3559,34279408631
35.3457,28.292,48.5222,0,100,87,75,1392,3504,2.32507,0,10.9486,2.48759,0,3559,34307683462
25.5633,39.1186,48.5222,0,100,87,75,1392,3504,2.32507,0,10.9486,2.48759,0,3559,34346816012
1510.88,0.661867,48.5222,0,100,87,75,1392,3504,2.32507,0,10.9486,2.48759,0,3559,34347463731
34.9129,28.6427,48.5222,0,100,87,75,1392,3504,2.32507,0,10.9486,2.48759,0,3559,34376116719
1793.3,0.557632,48.5222,0,100,87,75,1392,3504,2.32507,0,10.9486,2.48759,0,3559,34376667196
41.6242,24.0245,54.9118,0,99,89,74,1386,3504,2.32507,0,10.9489,2.48759,0,3400,34400693169
135.292,7.39144,54.9118,0,99,89,74,1386,3504,2.32507,0,10.9489,2.48759,0,3400,34408085165
48.1012,20.7895,54.9118,0,99,89,74,1386,3504,2.32507,0,10.9489,2.48759,0,3400,34428874560
34.8834,28.667,54.9118,0,99,89,74,1386,3504,2.32507,0,10.9489,2.48759,0,3400,34457543741
47.8924,20.8801,54.9118,0,99,89,74,1386,3504,2.32507,0,10.9489,2.48759,0,3400,34478426273
81.0138,12.3436,54.9118,0,99,89,74,1386,3504,2.32507,0,10.9489,2.48759,0,3400,34490769831
40.797,24.5116,54.9118,0,99,89,74,1386,3504,2.32507,0,10.9489,2.48759,0,3400,34515283130
104.915,9.53151,54.9118,0,99,89,74,1386,3504,2.32507,0,10.9489,2.48759,0,3400,34524815843
53.1544,18.8131,54.9118,0,99,89,74,1386,3504,2.32507,0,10.9489,2.48759,0,3400,34543628641
72.1089,13.8679,54.9118,0,99,89,74,1386,3504,2.32507,0,10.9489,2.48759,0,3400,34557498703
49.8554,20.058,54.9118,0,99,89,74,1386,3504,2.32507,0,10.9489,2.48759,0,3400,34577556153
33.4162,29.9256,54.9118,0,99,89,74,1386,3504,2.32507,0,10.9489,2.48759,0,3400,34607483034
45.6958,21.8839,54.9118,0,99,89,74,1386,3504,2.32507,0,10.9489,2.48759,0,3400,34629371836
86.744,11.5282,54.9118,0,99,89,74,1386,3504,2.32507,0,10.9489,2.48759,0,3400,34640897972
39.632,25.2322,54.9118,0,99,89,74,1386,3504,2.32507,0,10.9489,2.48759,0,3400,34666130826
115.777,8.63733,54.9118,0,99,89,74,1386,3504,2.32507,0,10.9489,2.48759,0,3400,34674777030
53.4103,18.723,54.9118,0,99,89,74,1386,3504,2.32507,0,10.9489,2.48759,0,3400,34693510751
32.7432,30.5407,54.9118,0,99,89,74,1386,3504,2.32507,0,10.9489,2.48759,0,3400,34724052208
47.8851,20.8833,54.9118,0,99,89,74,1386,3504,2.32507,0,10.9489,2.48759,0,3400,34744919694
81.6297,12.2504,54.9118,0,99,89,74,1386,3504,2.32507,0,10.9489,2.48759,0,3400,34757169988
50.6019,19.7621,54.9118,0,99,89,74,1386,3504,2.32507,0,10.9489,2.48759,0,3400,34776933660
73.7014,13.5683,54.9118,0,99,89,74,1386,3504,2.32507,0,10.9489,2.48759,0,3400,34790502770
49.7106,20.1164,54.9118,0,99,89,74,1386,3504,2.32507,0,10.9489,2.48759,0,3400,34810620997
67.7618,14.7576,54.9118,0,99,89,74,1386,3504,2.32507,0,10.9489,2.48759,0,3400,34825379337
54.3344,18.4045,54.9118,0,99,89,74,1386,3504,2.32507,0,10.9489,2.48759,0,3400,34843784930
74.5424,13.4152,54.9118,0,99,89,74,1386,3504,2.32507,0,10.9489,2.48759,0,3400,34857202043
52.4983,19.0482,54.9118,0,99,89,74,1386,3504,2.32507,0,10.9489,2.48759,0,3400,34876271218
69.8144,14.3237,49.1139,0,99,89,74,1386,3504,2.32507,0,10.9491,2.48759,0,3581,34890575304
53.109,18.8292,49.1139,0,99,89,74,1386,3504,2.32507,0,10.9491,2.48759,0,3581,34909417134
32.1556,31.0988,49.1139,0,99,89,74,1386,3504,2.32507,0,10.9491,2.48759,0,3581,34940504982
39.7191,25.1768,49.1139,0,99,89,74,1386,3504,2.32507,0,10.9491,2.48759,0,3581,34965682716
126.064,7.9325,49.1139,0,99,89,74,1386,3504,2.32507,0,10.9491,2.48759,0,3581,34973616091
49.4907,20.2058,49.1139,0,99,89,74,1386,3504,2.32507,0,10.9491,2.48759,0,3581,34993823230
75.5981,13.2279,49.1139,0,99,89,74,1386,3504,2.32507,0,10.9491,2.48759,0,3581,35007051887
38.5414,25.9461,49.1139,0,99,89,74,1386,3504,2.32507,0,10.9491,2.48759,0,3581,35032999142
135.909,7.35785,49.1139,0,99,89,74,1386,3504,2.32507,0,10.9491,2.48759,0,3581,35040357318
38.4968,25.9762,49.1139,0,99,89,74,1386,3504,2.32507,0,10.9491,2.48759,0,3581,35066336916
135.112,7.40125,49.1139,0,99,89,74,1386,3504,2.32507,0,10.9491,2.48759,0,3581,35073738476
52.8678,18.9151,49.1139,0,99,89,74,1386,3504,2.32507,0,10.9491,2.48759,0,3581,35092671090
69.908,14.3045,49.1139,0,99,89,74,1386,3504,2.32507,0,10.9491,2.48759,0,3581,35106960568
44.1627,22.6436,49.1139,0,99,89,74,1386,3504,2.32507,0,10.9491,2.48759,0,3581,35129622755
94.0485,10.6328,49.1139,0,99,89,74,1386,3504,2.32507,0,10.9491,2.48759,0,3581,35140237811
52.2783,19.1284,49.1139,0,99,89,74,1386,3504,2.32507,0,10.9491,2.48759,0,3581,35159367831
32.3944,30.8695,49.1139,0,99,89,74,1386,3504,2.32507,0,10.9491,2.48759,0,3581,35190239903
46.248,21.6225,49.1139,0,99,89,74,1386,3504,2.32507,0,10.9491,2.48759,0,3581,35211862776
84.599,11.8205,49.1139,0,99,89,74,1386,3504,2.32507,0,10.9491,2.48759,0,3581,35223685172
35.9758,27.7965,49.1139,0,99,89,74,1386,3504,2.32507,0,10.9491,2.48759,0,3581,35251481622
187.384,5.33663,49.1139,0,99,89,74,1386,3504,2.32507,0,10.9491,2.48759,0,3581,35256819842
50.7299,19.7122,49.1139,0,99,89,74,1386,3504,2.32507,0,10.9491,2.48759,0,3581,35276532759
71.6286,13.9609,49.1139,0,99,89,74,1386,3504,2.32507,0,10.9491,2.48759,0,3581,35290497126
48.2727,20.7156,49.1139,0,99,89,74,1386,3504,2.32507,0,10.9491,2.48759,0,3581,35311211875
67.3041,14.8579,49.1139,0,99,89,74,1386,3504,2.32507,0,10.9491,2.48759,0,3581,35326070784
60.0718,16.6467,49.1139,0,99,89,74,1386,3504,2.32507,0,10.9491,2.48759,0,3581,35342737555
61.7867,16.1847,49.1139,0,99,89,74,1386,3504,2.32507,0,10.9491,2.48759,0,3581,35358906311
58.7998,17.0069,49.1139,0,99,89,74,1386,3504,2.32507,0,10.9491,2.48759,0,3581,35375930975
32.4712,30.7965,49.1139,0,99,89,74,1386,3504,2.32507,0,10.9491,2.48759,0,3581,35406713485
25.5168,39.1899,59.1885,0,99,95,74,1392,3504,2.32507,0,10.949,2.48759,0,3637,35445919363
2616.97,0.382122,59.1885,0,99,95,74,1392,3504,2.32507,0,10.949,2.48759,0,3637,35446282145
45.826,21.8217,59.1885,0,99,95,74,1392,3504,2.32507,0,10.949,2.48759,0,3637,35468109828
185,5.40539,59.1885,0,99,95,74,1392,3504,2.32507,0,10.949,2.48759,0,3637,35473514988
48.1732,20.7584,59.1885,0,99,95,74,1392,3504,2.32507,0,10.949,2.48759,0,3637,35494273562
80.7463,12.3845,59.1885,0,99,95,74,1392,3504,2.32507,0,10.949,2.48759,0,3637,35506658857
49.4492,20.2228,59.1885,0,99,95,74,1392,3504,2.32507,0,10.949,2.48759,0,3637,35526882116
76.2365,13.1171,59.1885,0,99,95,74,1392,3504,2.32507,0,10.949,2.48759,0,3637,35540000347
52.4447,19.0677,59.1885,0,99,95,74,1392,3504,2.32507,0,10.949,2.48759,0,3637,35559068769
66.0695,15.1356,59.1885,0,99,95,74,1392,3504,2.32507,0,10.949,2.48759,0,3637,35574205342
55.5352,18.0066,59.1885,0,99,95,74,1392,3504,2.32507,0,10.949,2.48759,0,3637,35592212631
32.2427,31.0148,59.1885,0,99,95,74,1392,3504,2.32507,0,10.949,2.48759,0,3637,35623228542
32.7506,30.5338,59.1885,0,99,95,74,1392,3504,2.32507,0,10.949,2.48759,0,3637,35653764282
268.835,3.71975,59.1885,0,99,95,74,1392,3504,2.32507,0,10.949,2.48759,0,3637,35657486059
47.9294,20.864,59.1885,0,99,95,74,1392,3504,2.32507,0,10.949,2.48759,0,3637,35678350203
86.9755,11.4975,59.1885,0,99,95,74,1392,3504,2.32507,0,10.949,2.48759,0,3637,35689847735
48.935,20.4353,59.1885,0,99,95,74,1392,3504,2.32507,0,10.949,2.48759,0,3637,35710285415
77.9178,12.834,59.1885,0,99,95,74,1392,3504,2.32507,0,10.949,2.48759,0,3637,35723120288
50.2379,19.9053,59.1885,0,99,95,74,1392,3504,2.32507,0,10.949,2.48759,0,3637,35743027249
74.7169,13.3839,59.1885,0,99,95,74,1392,3504,2.32507,0,10.949,2.48759,0,3637,35756411901
52.3678,19.0957,59.1885,0,99,95,74,1392,3504,2.32507,0,10.949,2.48759,0,3637,35775508338
70.3107,14.2226,59.1885,0,99,95,74,1392,3504,2.32507,0,10.949,2.48759,0,3637,35789732482
49.8507,20.0599,59.1885,0,99,95,74,1392,3504,2.32507,0,10.949,2.48759,0,3637,35809805774
75.8037,13.192,59.1885,0,99,95,74,1392,3504,2.32507,0,10.949,2.48759,0,3637,35822986065
50.4944,19.8042,59.1885,0,99,95,74,1392,3504,2.32507,0,10.949,2.48759,0,3637,35842790701
74.1067,13.4941,59.1885,0,99,95,74,1392,3504,2.32507,0,10.949,2.48759,0,3637,35856286316
29.7824,33.5769,59.1885,0,99,95,74,1392,3504,2.32507,0,10.949,2.48759,0,3637,35889864585
399.98,2.50012,59.1885,0,99,95,74,1392,3504,2.32507,0,10.949,2.48759,0,3637,35892366170
40.0865,24.9461,59.1885,0,99,95,74,1392,3504,2.32507,0,10.949,2.48759,0,3637,35917320371
44.8766,22.2833,58.8089,0,100,95,75,1425,3504,2.32507,0,10.9494,2.48759,0,3400,35939597266
49.771,20.092,58.8089,0,100,95,75,1425,3504,2.32507,0,10.9494,2.48759,0,3400,35959690158
73.1478,13.6709,58.8089,0,100,95,75,1425,3504,2.32507,0,10.9494,2.48759,0,3400,35973362155
42.7172,23.4098,58.8089,0,100,95,75,1425,3504,2.32507,0,10.9494,2.48759,0,3400,35996772824
102.962,9.71227,58.8089,0,100,95,75,1425,3504,2.32507,0,10.9494,2.48759,0,3400,36006488180
36.9037,27.0975,58.8089,0,100,95,75,1425,3504,2.32507,0,10.9494,2.48759,0,3400,36033585456
168.732,5.92657,58.8089,0,100,95,75,1425,3504,2.32507,0,10.9494,2.48759,0,3400,36039512764
48.9821,20.4156,58.8089,0,100,95,75,1425,3504,2.32507,0,10.9494,2.48759,0,3400,36059929782
77.4349,12.9141,58.8089,0,100,95,75,1425,3504,2.32507,0,10.9494,2.48759,0,3400,36072843907
50.6666,19.7369,58.8089,0,100,95,75,1425,3504,2.32507,0,10.9494,2.48759,0,3400,36092582162
70.8534,14.1137,58.8089,0,100,95,75,1425,3504,2.32507,0,10.9494,2.48759,0,3400,36106696921
43.8772,22.7909,58.8089,0,100,95,75,1425,3504,2.32507,0,10.9494,2.48759,0,3400,36129491478
80.8493,12.3687,58.8089,0,100,95,75,1425,3504,2.32507,0,10.9494,2.48759,0,3400,36141859619
50.8125,19.6802,58.8089,0,100,95,75,1425,3504,2.32507,0,10.9494,2.48759,0,3400,36161538619
88.4135,11.3105,58.8089,0,100,95,75,1425,3504,2.32507,0,10.9494,2.48759,0,3400,36172851524
52.8217,18.9316,58.8089,0,100,95,75,1425,3504,2.32507,0,10.9494,2.48759,0,3400,36191783358
68.891,14.5157,58.8089,0,100,95,75,1425,3504,2.32507,0,10.9494,2.48759,0,3400,36206300914
45.0399,22.2025,58.8089,0,100,95,75,1425,3504,2.32507,0,10.9494,2.48759,0,3400,36228503682
38.8767,25.7223,58.8089,0,100,95,75,1425,3504,2.32507,0,10.9494,2.48759,0,3400,36254229082
171.648,5.82589,58.8089,0,100,95,75,1425,3504,2.32507,0,10.9494,2.48759,0,3400,36260053810
34.16,29.274,58.8089,0,100,95,75,1425,3504,2.32507,0,10.9494,2.48759,0,3400,36289330082
41.3637,24.1758,58.8089,0,100,95,75,1425,3504,2.32507,0,10.9494,2.48759,0,3400,36313506087
110.535,9.04689,58.8089,0,100,95,75,1425,3504,2.32507,0,10.9494,2.48759,0,3400,36322553433
47.0102,21.272,58.8089,0,100,95,75,1425,3504,2.32507,0,10.9494,2.48759,0,3400,36343836098
77.6034,12.886,58.8089,0,100,95,75,1425,3504,2.32507,0,10.9494,2.48759,0,3400,36356719289
24.4321,40.9298,58.8089,0,100,95,75,1425,3504,2.32507,0,10.9494,2.48759,0,3400,36397652724
2512.61,0.397993,58.8089,0,100,95,75,1425,3504,2.32507,0,10.9494,2.48759,0,3400,36398048359
56.1474,17.8103,58.8089,0,100,95,75,1425,3504,2.32507,0,10.9494,2.48759,0,3400,36415862434
105.296,9.497,58.8089,0,100,95,75,1425,3504,2.32507,0,10.9494,2.48759,0,3400,36425367719
60.1762,16.6179,71.4286,0,100,93,75,1422,3504,2.32666,0,10.9938,2.48759,0,3402,36441993123
68.9677,14.4995,71.4286,0,100,93,75,1422,3504,2.32666,0,10.9938,2.48759,0,3402,36456481104
53.4325,18.7152,71.4286,0,100,93,75,1422,3504,2.32666,0,10.9938,2.48759,0,3402,36475198929
71.9289,13.9026,71.4286,0,100,93,75,1422,3504,2.32666,0,10.9938,2.48759,0,3402,36489113914
45.6779,21.8924,71.4286,0,100,93,75,1422,3504,2.32666,0,10.9938,2.48759,0,3402,36510994593
85.1399,11.7454,71.4286,0,100,93,75,1422,3504,2.32666,0,10.9938,2.48759,0,3402,36522742276
49.191,20.3289,71.4286,0,100,93,75,1422,3504,2.32666,0,10.9938,2.48759,0,3402,36543072167
77.1561,12.9607,71.4286,0,100,93,75,1422,3504,2.32666,0,10.9938,2.48759,0,3402,36556033515
52.2474,19.1397,71.4286,0,100,93,75,1422,3504,2.32666,0,10.9938,2.48759,0,3402,36575174563
70.5931,14.1657,71.4286,0,100,93,75,1422,3504,2.32666,0,10.9938,2.48759,0,3402,36589340121
32.8042,30.4839,71.4286,0,100,93,75,1422,3504,2.32666,0,10.9938,2.48759,0,3402,36619826139
396.245,2.52369,71.4286,0,100,93,75,1422,3504,2.32666,0,10.9938,2.48759,0,3402,36622349461
31.8386,31.4084,71.4286,0,100,93,75,1422,3504,2.32666,0,10.9938,2.48759,0,3402,36653758766
523.724,1.9094,71.4286,0,100,93,75,1422,3504,2.32666,0,10.9938,2.48759,0,3402,36655670599
37.6962,26.5279,71.4286,0,100,93,75,1422,3504,2.32666,0,10.9938,2.48759,0,3402,36682199781
150.448,6.64682,71.4286,0,100,93,75,1422,3504,2.32666,0,10.9938,2.48759,0,3402,36688846498
31.8628,31.3845,71.4286,0,100,93,75,1422,3504,2.32666,0,10.9938,2.48759,0,3402,36720244864
501.168,1.99534,71.4286,0,100,93,75,1422,3504,2.32666,0,10.9938,2.48759,0,3402,36722227858
47.042,21.2576,71.4286,0,100,93,75,1422,3504,2.32666,0,10.9938,2.48759,0,3402,36743487109
83.8798,11.9218,71.4286,0,100,93,75,1422,3504,2.32666,0,10.9938,2.48759,0,3402,36755409834
40.4741,24.7072,71.4286,0,100,93,75,1422,3504,2.32666,0,10.9938,2.48759,0,3402,36780118397
115.83,8.63332,71.4286,0,100,93,75,1422,3504,2.32666,0,10.9938,2.48759,0,3402,36788752759
36.3321,27.5239,71.4286,0,100,93,75,1422,3504,2.32666,0,10.9938,2.48759,0,3402,36816281500
172.127,5.80967,71.4286,0,100,93,75,1422,3504,2.32666,0,10.9938,2.48759,0,3402,36822089262
26.6347,37.545,71.4286,0,100,93,75,1422,3504,2.32666,0,10.9938,2.48759,0,3402,36859639966
1854.88,0.539119,71.4286,0,100,93,75,1422,3504,2.32666,0,10.9938,2.48759,0,3402,36860175506
63.7479,15.6868,71.4286,0,100,93,75,1422,3504,2.32666,0,10.9938,2.48759,0,3402,36875863048
78.325,12.7673,71.4286,0,100,93,75,1422,3504,2.32666,0,10.9938,2.48759,0,3402,36888631506
43.5036,22.9866,71.4286,0,100,93,75,1422,3504,2.32666,0,10.9938,2.48759,0,3402,36911618818
96.9145,10.3184,71.4286,0,100,93,75,1422,3504,2.32666,0,10.9938,2.48759,0,3402,36921938348
41.5175,24.0862,71.4286,0,100,93,75,1422,3504,2.32666,0,10.9938,2.48759,0,3402,36946034814
107.056,9.34094,64.2336,0,100,93,75,1432,3504,2.34413,0,10.9944,2.48759,0,3400,36955368054
47.5921,21.0119,64.2336,0,100,93,75,1432,3504,2.34413,0,10.9944,2.48759,0,3400,36976381648
70.4148,14.2016,64.2336,0,100,93,75,1432,3504,2.34413,0,10.9944,2.48759,0,3400,36990585374
40.3347,24.7925,64.2336,0,100,93,75,1432,3504,2.34413,0,10.9944,2.48759,0,3400,37015377857
153.487,6.51521,64.2336,0,100,93,75,1432,3504,2.34413,0,10.9944,2.48759,0,3400,37021894193
33.1076,30.2045,64.2336,0,100,93,75,1432,3504,2.34413,0,10.9944,2.48759,0,3400,37052100917
319.552,3.12939,64.2336,0,100,93,75,1432,3504,2.34413,0,10.9944,2.48759,0,3400,37055230656
35.5979,28.0916,64.2336,0,100,93,75,1432,3504,2.34413,0,10.9944,2.48759,0,3400,37083324417
192.031,5.20749,64.2336,0,100,93,75,1432,3504,2.34413,0,10.9944,2.48759,0,3400,37088544396
37.0005,27.0267,64.2336,0,100,93,75,1432,3504,2.34413,0,10.9944,2.48759,0,3400,37115560280
161.262,6.20107,64.2336,0,100,93,75,1432,3504,2.34413,0,10.9944,2.48759,0,3400,37121774567
34.3711,29.0942,64.2336,0,100,93,75,1432,3504,2.34413,0,10.9944,2.48759,0,3400,37150856518
237.633,4.20817,64.2336,0,100,93,75,1432,3504,2.34413,0,10.9944,2.48759,0,3400,37155065526
32.4491,30.8175,64.2336,0,100,93,75,1432,3504,2.34413,0,10.9944,2.48759,0,3400,37185884183
397.916,2.51309,64.2336,0,100,93,75,1432,3504,2.34413,0,10.9944,2.48759,0,3400,37188399466
37.1954,26.885,64.2336,0,100,93,75,1432,3504,2.34413,0,10.9944,2.48759,0,3400,37215285025
155.892,6.41471,64.2336,0,100,93,75,1432,3504,2.34413,0,10.9944,2.48759,0,3400,37221702342
46.3659,21.5676,64.2336,0,100,93,75,1432,3504,2.34413,0,10.9944,2.48759,0,3400,37243272115
84.9578,11.7706,64.2336,0,100,93,75,1432,3504,2.34413,0,10.9944,2.48759,0,3400,37255041812
47.4919,21.0562,64.2336,0,100,93,75,1432,3504,2.34413,0,10.9944,2.48759,0,3400,37276100027
80.6267,12.4028,64.2336,0,100,93,75,1432,3504,2.34413,0,10.9944,2.48759,0,3400,37288508196
36.3999,27.4726,64.2336,0,100,93,75,1432,3504,2.34413,0,10.9944,2.48759,0,3400,37315983580
178.587,5.5995,64.2336,0,100,93,75,1432,3504,2.34413,0,10.9944,2.48759,0,3400,37321583016
35.6745,28.0312,64.2336,0,100,93,75,1432,3504,2.34413,0,10.9944,2.48759,0,3400,37349616749
187.193,5.34207,64.2336,0,100,93,75,1432,3504,2.34413,0,10.9944,2.48759,0,3400,37354958365
42.5209,23.5179,64.2336,0,100,93,75,1432,3504,2.34413,0,10.9944,2.48759,0,3400,37378478464
100.823,9.91837,64.2336,0,100,93,75,1432,3504,2.34413,0,10.9944,2.48759,0,3400,37388396515
34.8055,28.7311,64.2336,0,100,93,75,1432,3504,2.34413,0,10.9944,2.48759,0,3400,37417129891
217.26,4.60277,64.2336,0,100,93,75,1432,3504,2.34413,0,10.9944,2.48759,0,3400,37421733328
46.9142,21.3155,64.2336,0,100,93,75,1432,3504,2.34413,0,10.9944,2.48759,0,3400,37443049377
84.121,11.8876,64.2336,0,100,93,75,1432,3504,2.34413,0,10.9944,2.48759,0,3400,37454941697
40.8796,24.4621,63.6585,0,100,93,75,1432,3504,2.34413,0,11.0061,2.48759,0,3416,37479413825
114.443,8.73796,63.6585,0,100,93,75,1432,3504,2.34413,0,11.0061,2.48759,0,3416,37488138945
49.1256,20.356,63.6585,0,100,93,75,1432,3504,2.34413,0,11.0061,2.48759,0,3416,37508496536
77.4145,12.9175,63.6585,0,100,93,75,1432,3504,2.34413,0,11.0061,2.48759,0,3416,37521413578
44.4115,22.5167,63.6585,0,100,93,75,1432,3504,2.34413,0,11.0061,2.48759,0,3416,37543932202
92.1961,10.8464,63.6585,0,100,93,75,1432,3504,2.34413,0,11.0061,2.48759,0,3416,37554778857
45.9042,21.7845,63.6585,0,100,93,75,1432,3504,2.34413,0,11.0061,2.48759,0,3416,37576564814
83.5619,11.9672,63.6585,0,100,93,75,1432,3504,2.34413,0,11.0061,2.48759,0,3416,37588532856
46.2051,21.6426,63.6585,0,100,93,75,1432,3504,2.34413,0,11.0061,2.48759,0,3416,37610176124
87.8847,11.3785,63.6585,0,100,93,75,1432,3504,2.34413,0,11.0061,2.48759,0,3416,37621558146
46.4738,21.5175,63.6585,0,100,93,75,1432,3504,2.34413,0,11.0061,2.48759,0,3416,37643076115
85.21,11.7357,63.6585,0,100,93,75,1432,3504,2.34413,0,11.0061,2.48759,0,3416,37654812979
41.3596,24.1782,63.6585,0,100,93,75,1432,3504,2.34413,0,11.0061,2.48759,0,3416,37678992530
111.831,8.9421,63.6585,0,100,93,75,1432,3504,2.34413,0,11.0061,2.48759,0,3416,37687936147
23.4437,42.6553,63.6585,0,100,93,75,1432,3504,2.34413,0,11.0061,2.48759,0,3416,37730592138
2340.05,0.427341,63.6585,0,100,93,75,1432,3504,2.34413,0,11.0061,2.48759,0,3416,37731019315
74.146,13.4869,63.6585,0,100,93,75,1432,3504,2.34413,0,11.0061,2.48759,0,3416,37744508644
98.6443,10.1374,63.6585,0,100,93,75,1432,3504,2.34413,0,11.0061,2.48759,0,3416,37754646690
46.8856,21.3285,63.6585,0,100,93,75,1432,3504,2.34413,0,11.0061,2.48759,0,3416,37775976664
83.9068,11.918,63.6585,0,100,93,75,1432,3504,2.34413,0,11.0061,2.48759,0,3416,37787908183
27.4641,36.4112,63.6585,0,100,93,75,1432,3504,2.34413,0,11.0061,2.48759,0,3416,37824307290
3089.66,0.32366,63.6585,0,100,93,75,1432,3504,2.34413,0,11.0061,2.48759,0,3416,37824630435
60.4181,16.5513,63.6585,0,100,93,75,1432,3504,2.34413,0,11.0061,2.48759,0,3416,37841184506
74.1146,13.4926,63.6585,0,100,93,75,1432,3504,2.34413,0,11.0061,2.48759,0,3416,37854681883
51.3639,19.4689,63.6585,0,100,93,75,1432,3504,2.34413,0,11.0061,2.48759,0,3416,37874158172
68.3185,14.6373,63.6585,0,100,93,75,1432,3504,2.34413,0,11.0061,2.48759,0,3416,37888786192
45.2292,22.1096,63.6585,0,100,93,75,1432,3504,2.34413,0,11.0061,2.48759,0,3416,37910896674
98.4546,10.157,63.6585,0,100,93,75,1432,3504,2.34413,0,11.0061,2.48759,0,3416,37921054648
29.1822,34.2674,63.6585,0,100,93,75,1432,3504,2.34413,0,11.0061,2.48759,0,3416,37955330083
812.486,1.23079,63.8677,0,99,93,75,1453,3504,2.34384,0,11.0125,2.48759,0,3400,37956555027
54.9048,18.2133,63.8677,0,99,93,75,1453,3504,2.34384,0,11.0125,2.48759,0,3400,37974769868
77.7951,12.8543,63.8677,0,99,93,75,1453,3504,2.34384,0,11.0125,2.48759,0,3400,37987625014
33.5682,29.7901,63.8677,0,99,93,75,1453,3504,2.34384,0,11.0125,2.48759,0,3400,38017416851
284.041,3.52061,63.8677,0,99,93,75,1453,3504,2.34384,0,11.0125,2.48759,0,3400,38020936743
26.3699,37.922,63.8677,0,99,93,75,1453,3504,2.34384,0,11.0125,2.48759,0,3400,38058860537
2101.83,0.475776,63.8677,0,99,93,75,1453,3504,2.34384,0,11.0125,2.48759,0,3400,38059336593
35.5203,28.1529,63.8677,0,99,93,75,1453,3504,2.34384,0,11.0125,2.48759,0,3400,38087490561
3411.83,0.293098,63.8677,0,99,93,75,1453,3504,2.34384,0,11.0125,2.48759,0,3400,38087782527
31.8379,31.4091,63.8677,0,99,93,75,1453,3504,2.34384,0,11.0125,2.48759,0,3400,38119213190
588.929,1.698,63.8677,0,99,93,75,1453,3504,2.34384,0,11.0125,2.48759,0,3400,38120893203
35.7584,27.9655,63.8677,0,99,93,75,1453,3504,2.34384,0,11.0125,2.48759,0,3400,38148859452
186.732,5.35526,63.8677,0,99,93,75,1453,3504,2.34384,0,11.0125,2.48759,0,3400,38154215682
28.7504,34.7821,63.8677,0,99,93,75,1453,3504,2.34384,0,11.0125,2.48759,0,3400,38189000234
2440.06,0.409826,63.8677,0,99,93,75,1453,3504,2.34384,0,11.0125,2.48759,0,3400,38189408879
33.3401,29.9939,63.8677,0,99,93,75,1453,3504,2.34384,0,11.0125,2.48759,0,3400,38219405386
756.652,1.32161,63.8677,0,99,93,75,1453,3504,2.34384,0,11.0125,2.48759,0,3400,38220726097
30.0632,33.2632,63.8677,0,99,93,75,1453,3504,2.34384,0,11.0125,2.48759,0,3400,38253992012
1925.33,0.519392,63.8677,0,99,93,75,1453,3504,2.34384,0,11.0125,2.48759,0,3400,38254517333
32.5121,30.7578,63.8677,0,99,93,75,1453,3504,2.34384,0,11.0125,2.48759,0,3400,38285270053
462.206,2.16354,63.8677,0,99,93,75,1453,3504,2.34384,0,11.0125,2.48759,0,3400,38287435650
36.5532,27.3574,63.8677,0,99,93,75,1453,3504,2.34384,0,11.0125,2.48759,0,3400,38314796518
167.756,5.96103,63.8677,0,99,93,75,1453,3504,2.34384,0,11.0125,2.48759,0,3400,38320756691
39.3092,25.4394,63.8677,0,99,93,75,1453,3504,2.34384,0,11.0125,2.48759,0,3400,38346196478
126.407,7.91094,63.8677,0,99,93,75,1453,3504,2.34384,0,11.0125,2.48759,0,3400,38354108482
39.9694,25.0192,63.8677,0,99,93,75,1453,3504,2.34384,0,11.0125,2.48759,0,3400,38379130310
115.57,8.6528,63.8677,0,99,93,75,1453,3504,2.34384,0,11.0125,2.48759,0,3400,38387786371
42.2301,23.6798,63.8677,0,99,93,75,1453,3504,2.34384,0,11.0125,2.48759,0,3400,38411465903
109.36,9.14414,63.8677,0,99,93,75,1453,3504,2.34384,0,11.0125,2.48759,0,3400,38420610937
47.7172,20.9568,63.8677,0,99,93,75,1453,3504,2.34384,0,11.0125,2.48759,0,3400,38441569810
34.3325,29.127,63.8677,0,99,93,75,1453,3504,2.34384,0,11.0125,2.48759,0,3400,38470706084
34.505,28.9813,61.9403,0,97,91,75,1513,3504,2.3433,0,11.0328,2.48759,0,3638,38499679652
1905.3,0.524852,61.9403,0,97,91,75,1513,3504,2.3433,0,11.0328,2.48759,0,3638,38500203634
133.403,7.49609,61.9403,0,97,91,75,1513,3504,2.3433,0,11.0328,2.48759,0,3638,38507702160
77.2371,12.9471,61.9403,0,97,91,75,1513,3504,2.3433,0,11.0328,2.48759,0,3638,38520649180
50.496,19.8036,61.9403,0,97,91,75,1513,3504,2.3433,0,11.0328,2.48759,0,3638,38540456386
72.1008,13.8695,61.9403,0,97,91,75,1513,3504,2.3433,0,11.0328,2.48759,0,3638,38554325494
35.0363,28.5418,61.9403,0,97,91,75,1513,3504,2.3433,0,11.0328,2.48759,0,3638,38582867111
229.177,4.36345,61.9403,0,97,91,75,1513,3504,2.3433,0,11.0328,2.48759,0,3638,38587231919
41.8052,23.9205,61.9403,0,97,91,75,1513,3504,2.3433,0,11.0328,2.48759,0,3638,38611153570
98.0475,10.1991,61.9403,0,97,91,75,1513,3504,2.3433,0,11.0328,2.48759,0,3638,38621354765
45.3319,22.0595,61.9403,0,97,91,75,1513,3504,2.3433,0,11.0328,2.48759,0,3638,38643414344
96.0796,10.408,61.9403,0,97,91,75,1513,3504,2.3433,0,11.0328,2.48759,0,3638,38653823976
34.0085,29.4044,61.9403,0,97,91,75,1513,3504,2.3433,0,11.0328,2.48759,0,3638,38683229581
259.909,3.8475,61.9403,0,97,91,75,1513,3504,2.3433,0,11.0328,2.48759,0,3638,38687076892
48.685,20.5402,61.9403,0,97,91,75,1513,3504,2.3433,0,11.0328,2.48759,0,3638,38707618651
78.5698,12.7275,61.9403,0,97,91,75,1513,3504,2.3433,0,11.0328,2.48759,0,3638,38720346808
44.3219,22.5622,61.9403,0,97,91,75,1513,3504,2.3433,0,11.0328,2.48759,0,3638,38742910374
92.5306,10.8072,61.9403,0,97,91,75,1513,3504,2.3433,0,11.0328,2.48759,0,3638,38753718532
28.3893,35.2245,61.9403,0,97,91,75,1513,3504,2.3433,0,11.0328,2.48759,0,3638,38788943768
1462.77,0.683634,61.9403,0,97,91,75,1513,3504,2.3433,0,11.0328,2.48759,0,3638,38789626601
33.7458,29.6334,61.9403,0,97,91,75,1513,3504,2.3433,0,11.0328,2.48759,0,3638,38819263047
992.413,1.00765,61.9403,0,97,91,75,1513,3504,2.3433,0,11.0328,2.48759,0,3638,38820269086
46.9586,21.2953,61.9403,0,97,91,75,1513,3504,2.3433,0,11.0328,2.48759,0,3638,38841585088
83.2635,12.0101,61.9403,0,97,91,75,1513,3504,2.3433,0,11.0328,2.48759,0,3638,38853590000
34.0885,29.3354,61.9403,0,97,91,75,1513,3504,2.3433,0,11.0328,2.48759,0,3638,38882915905
242.166,4.1294,61.9403,0,97,91,75,1513,3504,2.3433,0,11.0328,2.48759,0,3638,38887046613
34.1724,29.2634,61.9403,0,97,91,75,1513,3504,2.3433,0,11.0328,2.48759,0,3638,38916309937
256.256,3.90235,61.9403,0,97,91,75,1513,3504,2.3433,0,11.0328,2.48759,0,3638,38920212963
45.0909,22.1774,61.9403,0,97,91,75,1513,3504,2.3433,0,11.0328,2.48759,0,3638,38942393861
88.6047,11.2861,61.9403,0,97,91,75,1513,3504,2.3433,0,11.0328,2.48759,0,3638,38953679204
38.3349,26.0859,61.9403,0,97,91,75,1513,3504,2.3433,0,11.0328,2.48759,0,3638,38979770418
142.948,6.99554,63.5037,0,90,91,76,1580,3504,2.35209,0,11.0335,2.48759,0,3400,38986763138
32.209,31.0472,63.5037,0,90,91,76,1580,3504,2.35209,0,11.0335,2.48759,0,3400,39017811138
313.762,3.18713,63.5037,0,90,91,76,1580,3504,2.35209,0,11.0335,2.48759,0,3400,39020999114
49.9269,20.0293,63.5037,0,90,91,76,1580,3504,2.35209,0,11.0335,2.48759,0,3400,39041029102
80.4852,12.4247,63.5037,0,90,91,76,1580,3504,2.35209,0,11.0335,2.48759,0,3400,39053454581
46.3328,21.583,63.5037,0,90,91,76,1580,3504,2.35209,0,11.0335,2.48759,0,3400,39075040014
85.3105,11.7219,63.5037,0,90,91,76,1580,3504,2.35209,0,11.0335,2.48759,0,3400,39086763819
43.6025,22.9345,63.5037,0,90,91,76,1580,3504,2.35209,0,11.0335,2.48759,0,3400,39109698321
95.2866,10.4947,63.5037,0,90,91,76,1580,3504,2.35209,0,11.0335,2.48759,0,3400,39120193814
48.3532,20.6811,63.5037,0,90,91,76,1580,3504,2.35209,0,11.0335,2.48759,0,3400,39140876326
80.514,12.4202,63.5037,0,90,91,76,1580,3504,2.35209,0,11.0335,2.48759,0,3400,39153309723
31.4336,31.8131,63.5037,0,90,91,76,1580,3504,2.35209,0,11.0335,2.48759,0,3400,39185111569
634.713,1.57552,63.5037,0,90,91,76,1580,3504,2.35209,0,11.0335,2.48759,0,3400,39186687034
31.1271,32.1264,63.5037,0,90,91,76,1580,3504,2.35209,0,11.0335,2.48759,0,3400,39218814745
816.118,1.22531,63.5037,0,90,91,76,1580,3504,2.35209,0,11.0335,2.48759,0,3400,39220040889
34.6759,28.8384,63.5037,0,90,91,76,1580,3504,2.35209,0,11.0335,2.48759,0,3400,39248881295
228.639,4.3737,63.5037,0,90,91,76,1580,3504,2.35209,0,11.0335,2.48759,0,3400,39253257198
33.8909,29.5064,63.5037,0,90,91,76,1580,3504,2.35209,0,11.0335,2.48759,0,3400,39282763680
264.456,3.78135,63.5037,0,90,91,76,1580,3504,2.35209,0,11.0335,2.48759,0,3400,39286563751
39.8566,25.0899,63.5037,0,90,91,76,1580,3504,2.35209,0,11.0335,2.48759,0,3400,39311636874
121.594,8.22412,63.5037,0,90,91,76,1580,3504,2.35209,0,11.0335,2.48759,0,3400,39319874121
39.9615,25.0241,63.5037,0,90,91,76,1580,3504,2.35209,0,11.0335,2.48759,0,3400,39344885940
120.219,8.31818,63.5037,0,90,91,76,1580,3504,2.35209,0,11.0335,2.48759,0,3400,39353205430
38.826,25.7559,63.5037,0,90,91,76,1580,3504,2.35209,0,11.0335,2.48759,0,3400,39378962407
132.45,7.55004,63.5037,0,90,91,76,1580,3504,2.35209,0,11.0335,2.48759,0,3400,39386513110
40.3753,24.7676,63.5037,0,90,91,76,1580,3504,2.35209,0,11.0335,2.48759,0,3400,39411302663
116.26,8.60141,63.5037,0,90,91,76,1580,3504,2.35209,0,11.0335,2.48759,0,3400,39419890123
39.635,25.2302,63.5037,0,90,91,76,1580,3504,2.35209,0,11.0335,2.48759,0,3400,39445127503
126.352,7.91441,63.5037,0,90,91,76,1580,3504,2.35209,0,11.0335,2.48759,0,3400,39453055163
39.0173,25.6297,63.5037,0,90,91,76,1580,3504,2.35209,0,11.0335,2.48759,0,3400,39478672433
129.574,7.71761,63.5037,0,90,91,76,1580,3504,2.35209,0,11.0335,2.48759,0,3400,39486395585
35.2461,28.372,47.3282,0,93,91,76,1583,3504,2.35307,0,11.0335,2.48759,0,3426,39514764257
201.056,4.97374,47.3282,0,93,91,76,1583,3504,2.35307,0,11.0335,2.48759,0,3426,39519739234
42.3588,23.6078,47.3282,0,93,91,76,1583,3504,2.35307,0,11.0335,2.48759,0,3426,39543349422
102.532,9.75309,47.3282,0,93,91,76,1583,3504,2.35307,0,11.0335,2.48759,0,3426,39553102341
38.2839,26.1206,47.3282,0,93,91,76,1583,3504,2.35307,0,11.0335,2.48759,0,3426,39579224413
141.913,7.04655,47.3282,0,93,91,76,1583,3504,2.35307,0,11.0335,2.48759,0,3426,39586271370
38.4165,26.0305,47.3282,0,93,91,76,1583,3504,2.35307,0,11.0335,2.48759,0,3426,39612302026
135.03,7.40575,47.3282,0,93,91,76,1583,3504,2.35307,0,11.0335,2.48759,0,3426,39619726540
42.782,23.3743,47.3282,0,93,91,76,1583,3504,2.35307,0,11.0335,2.48759,0,3426,39643084751
102.144,9.7901,47.3282,0,93,91,76,1583,3504,2.35307,0,11.0335,2.48759,0,3426,39652875751
39.7553,25.1539,47.3282,0,93,91,76,1583,3504,2.35307,0,11.0335,2.48759,0,3426,39678030170
122.739,8.14736,47.3282,0,93,91,76,1583,3504,2.35307,0,11.0335,2.48759,0,3426,39686193087
47.5146,21.0461,47.3282,0,93,91,76,1583,3504,2.35307,0,11.0335,2.48759,0,3426,39707227255
81.3462,12.2931,47.3282,0,93,91,76,1583,3504,2.35307,0,11.0335,2.48759,0,3426,39719520899
38.8524,25.7384,47.3282,0,93,91,76,1583,3504,2.35307,0,11.0335,2.48759,0,3426,39745260594
130.542,7.66034,47.3282,0,93,91,76,1583,3504,2.35307,0,11.0335,2.48759,0,3426,39752923962
38.4486,26.0087,47.3282,0,93,91,76,1583,3504,2.35307,0,11.0335,2.48759,0,3426,39778931398
139.545,7.16613,47.3282,0,93,91,76,1583,3504,2.35307,0,11.0335,2.48759,0,3426,39786098628
52.1375,19.1801,47.3282,0,93,91,76,1583,3504,2.35307,0,11.0335,2.48759,0,3426,39805279983
70.285,14.2278,47.3282,0,93,91,76,1583,3504,2.35307,0,11.0335,2.48759,0,3426,39819507871
14.2459,70.1958,47.3282,0,93,91,76,1583,3504,2.35307,0,11.0335,2.48759,0,3426,39889704397
3271.29,0.30569,47.3282,0,93,91,76,1583,3504,2.35307,0,11.0335,2.48759,0,3426,39890009995
58.8807,16.9835,47.3282,0,93,91,76,1583,3504,2.35307,0,11.0335,2.48759,0,3426,39906994562
80.4455,12.4308,47.3282,0,93,91,76,1583,3504,2.35307,0,11.0335,2.48759,0,3426,39919428057
49.3539,20.2618,47.3282,0,93,91,76,1583,3504,2.35307,0,11.0335,2.48759,0,3426,39939690240
76.4679,13.0774,47.3282,0,93,91,76,1583,3504,2.35307,0,11.0335,2.48759,0,3426,39952769296
35.0422,28.537,47.3282,0,93,91,76,1583,3504,2.35307,0,11.0335,2.48759,0,3426,39981307815
212.607,4.70352,47.3282,0,93,91,76,1583,3504,2.35307,0,11.0335,2.48759,0,3426,39986011674
38.773,25.7911,47.3282,0,93,91,76,1583,3504,2.35307,0,11.0335,2.48759,0,3426,40011808998
133.418,7.49525,50,0,88,91,76,1606,3504,2.35143,0,11.0375,2.48759,0,3400,40019301097
36.4072,27.4671,50,0,88,91,76,1606,3504,2.35143,0,11.0375,2.48759,0,3400,40046769946
173.873,5.75133,50,0,88,91,76,1606,3504,2.35143,0,11.0375,2.48759,0,3400,40052535724
33.8156,29.5722,50,0,88,91,76,1606,3504,2.35143,0,11.0375,2.48759,0,3400,40082107907
271.205,3.68725,50,0,88,91,76,1606,3504,2.35143,0,11.0375,2.48759,0,3400,40085796321
47.8582,20.895,50,0,88,91,76,1606,3504,2.35143,0,11.0375,2.48759,0,3400,40106694212
79.8698,12.5204,50,0,88,91,76,1606,3504,2.35143,0,11.0375,2.48759,0,3400,40119214054
39.2602,25.4711,50,0,88,91,76,1606,3504,2.35143,0,11.0375,2.48759,0,3400,40144685497
128.341,7.79174,50,0,88,91,76,1606,3504,2.35143,0,11.0375,2.48759,0,3400,40152496862
39.6026,25.2508,50,0,88,91,76,1606,3504,2.35143,0,11.0375,2.48759,0,3400,40177731191
123.549,8.09395,50,0,88,91,76,1606,3504,2.35143,0,11.0375,2.48759,0,3400,40185844890
48.8815,20.4576,50,0,88,91,76,1606,3504,2.35143,0,11.0375,2.48759,0,3400,40206285249
78.5751,12.7267,50,0,88,91,76,1606,3504,2.35143,0,11.0375,2.48759,0,3400,40219011695
42.1981,23.6977,50,0,88,91,76,1606,3504,2.35143,0,11.0375,2.48759,0,3400,40242711514
103.922,9.62257,50,0,88,91,76,1606,3504,2.35143,0,11.0375,2.48759,0,3400,40252347766
35.9155,27.8431,50,0,88,91,76,1606,3504,2.35143,0,11.0375,2.48759,0,3400,40280178055
179.563,5.56907,50,0,88,91,76,1606,3504,2.35143,0,11.0375,2.48759,0,3400,40285748206
42.3628,23.6056,50,0,88,91,76,1606,3504,2.35143,0,11.0375,2.48759,0,3400,40309356095
104.215,9.59559,50,0,88,91,76,1606,3504,2.35143,0,11.0375,2.48759,0,3400,40318952207
43.7347,22.8651,50,0,88,91,76,1606,3504,2.35143,0,11.0375,2.48759,0,3400,40341817837
95.6454,10.4553,50,0,88,91,76,1606,3504,2.35143,0,11.0375,2.48759,0,3400,40352275730
49.3369,20.2688,50,0,88,91,76,1606,3504,2.35143,0,11.0375,2.48759,0,3400,40372545137
76.9736,12.9915,50,0,88,91,76,1606,3504,2.35143,0,11.0375,2.48759,0,3400,40385554699
49.0811,20.3745,50,0,88,91,76,1606,3504,2.35143,0,11.0375,2.48759,0,3400,40405912829
77.367,12.9254,50,0,88,91,76,1606,3504,2.35143,0,11.0375,2.48759,0,3400,40418838334
40.9903,24.396,50,0,88,91,76,1606,3504,2.35143,0,11.0375,2.48759,0,3400,40443235935
111.432,8.97409,50,0,88,91,76,1606,3504,2.35143,0,11.0375,2.48759,0,3400,40452210773
47.1229,21.2211,50,0,88,91,76,1606,3504,2.35143,0,11.0375,2.48759,0,3400,40473433601
83.3575,11.9965,50,0,88,91,76,1606,3504,2.35143,0,11.0375,2.48759,0,3400,40485430469
49.8478,20.0611,50,0,88,91,76,1606,3504,2.35143,0,11.0375,2.48759,0,3400,40505492411
75.4057,13.2616,50,0,88,91,76,1606,3504,2.35143,0,11.0375,2.48759,0,3400,40518758580
40.4776,24.705,40.8416,0,88,86,76,1606,3504,2.35143,0,11.0375,2.48759,0,3401,40543461215
115.447,8.66201,40.8416,0,88,86,76,1606,3504,2.35143,0,11.0375,2.48759,0,3401,40552124858
47.6425,20.9897,40.8416,0,88,86,76,1606,3504,2.35143,0,11.0375,2.48759,0,3401,40573116588
81.2071,12.3142,40.8416,0,88,86,76,1606,3504,2.35143,0,11.0375,2.48759,0,3401,40585430588
49.2705,20.2961,40.8416,0,88,86,76,1606,3504,2.35143,0,11.0375,2.48759,0,3401,40605743034
76.6584,13.0449,40.8416,0,88,86,76,1606,3504,2.35143,0,11.0375,2.48759,0,3401,40618806652
46.4553,21.5261,40.8416,0,88,86,76,1606,3504,2.35143,0,11.0375,2.48759,0,3401,40640315625
85.1968,11.7375,40.8416,0,88,86,76,1606,3504,2.35143,0,11.0375,2.48759,0,3401,40652052885
30.5998,32.68,40.8416,0,88,86,76,1606,3504,2.35143,0,11.0375,2.48759,0,3401,40684734635
275.804,3.62577,40.8416,0,88,86,76,1606,3504,2.35143,0,11.0375,2.48759,0,3401,40688361248
27.6558,36.1588,40.8416,0,88,86,76,1606,3504,2.35143,0,11.0375,2.48759,0,3401,40724520040
3600.62,0.27773,40.8416,0,88,86,76,1606,3504,2.35143,0,11.0375,2.48759,0,3401,40724796944
63.8914,15.6515,40.8416,0,88,86,76,1606,3504,2.35143,0,11.0375,2.48759,0,3401,40740453371
86.845,11.5148,40.8416,0,88,86,76,1606,3504,2.35143,0,11.0375,2.48759,0,3401,40751967920
40.3573,24.7787,40.8416,0,88,86,76,1606,3504,2.35143,0,11.0375,2.48759,0,3401,40776767037
117.244,8.5292,40.8416,0,88,86,76,1606,3504,2.35143,0,11.0375,2.48759,0,3401,40785283602
36.3498,27.5104,40.8416,0,88,86,76,1606,3504,2.35143,0,11.0375,2.48759,0,3401,40812796104
175.83,5.6873,40.8416,0,88,86,76,1606,3504,2.35143,0,11.0375,2.48759,0,3401,40818483725
36.7435,27.2157,40.8416,0,88,86,76,1606,3504,2.35143,0,11.0375,2.48759,0,3401,40845700657
151.198,6.61384,40.8416,0,88,86,76,1606,3504,2.35143,0,11.0375,2.48759,0,3401,40852314865
49.5208,20.1935,40.8416,0,88,86,76,1606,3504,2.35143,0,11.0375,2.48759,0,3401,40872509504
79.042,12.6515,40.8416,0,88,86,76,1606,3504,2.35143,0,11.0375,2.48759,0,3401,40885162697
35.1002,28.4898,40.8416,0,88,86,76,1606,3504,2.35143,0,11.0375,2.48759,0,3401,40913653265
206.611,4.84002,40.8416,0,88,86,76,1606,3504,2.35143,0,11.0375,2.48759,0,3401,40918494490
37.035,27.0015,40.8416,0,88,86,76,1606,3504,2.35143,0,11.0375,2.48759,0,3401,40945497593
160.232,6.24095,40.8416,0,88,86,76,1606,3504,2.35143,0,11.0375,2.48759,0,3401,40951739157
49.1535,20.3444,40.8416,0,88,86,76,1606,3504,2.35143,0,11.0375,2.48759,0,3401,40972085394
77.3231,12.9328,40.8416,0,88,86,76,1606,3504,2.35143,0,11.0375,2.48759,0,3401,40985019054
35.932,27.8304,40.8416,0,88,86,76,1606,3504,2.35143,0,11.0375,2.48759,0,3401,41012848576
181.746,5.50218,40.8416,0,88,86,76,1606,3504,2.35143,0,11.0375,2.48759,0,3401,41018352907
34.8429,28.7003,40.8416,0,88,86,76,1606,3504,2.35143,0,11.0375,2.48759,0,3401,41047054976
216.5,4.61893,45.7143,0,91,86,76,1511,3504,2.34259,0,11.0375,2.48759,0,3400,41051674598
41.5534,24.0654,45.7143,0,91,86,76,1511,3504,2.34259,0,11.0375,2.48759,0,3400,41075739752
107.939,9.26453,45.7143,0,91,86,76,1511,3504,2.34259,0,11.0375,2.48759,0,3400,41085005215
42.4948,23.5323,45.7143,0,91,86,76,1511,3504,2.34259,0,11.0375,2.48759,0,3400,41108538192
103.075,9.70167,45.7143,0,91,86,76,1511,3504,2.34259,0,11.0375,2.48759,0,3400,41118240020
35.6822,28.0252,45.7143,0,91,86,76,1511,3504,2.34259,0,11.0375,2.48759,0,3400,41146266685
185.992,5.37658,45.7143,0,91,86,76,1511,3504,2.34259,0,11.0375,2.48759,0,3400,41151643329
37.8327,26.4322,45.7143,0,91,86,76,1511,3504,2.34259,0,11.0375,2.48759,0,3400,41178077353
145.633,6.86656,45.7143,0,91,86,76,1511,3504,2.34259,0,11.0375,2.48759,0,3400,41184943807
40.4353,24.7309,45.7143,0,91,86,76,1511,3504,2.34259,0,11.0375,2.48759,0,3400,41209675532
117.501,8.51059,45.7143,0,91,86,76,1511,3504,2.34259,0,11.0375,2.48759,0,3400,41218187034
47.6106,21.0037,45.7143,0,91,86,76,1511,3504,2.34259,0,11.0375,2.48759,0,3400,41239192089
80.9944,12.3465,45.7143,0,91,86,76,1511,3504,2.34259,0,11.0375,2.48759,0,3400,41251539331
46.7968,21.369,45.7143,0,91,86,76,1511,3504,2.34259,0,11.0375,2.48759,0,3400,41272911799
83.8839,11.9212,45.7143,0,91,86,76,1511,3504,2.34259,0,11.0375,2.48759,0,3400,41284832609
36.9344,27.075,45.7143,0,91,86,76,1511,3504,2.34259,0,11.0375,2.48759,0,3400,41311909056
160.55,6.2286,45.7143,0,91,86,76,1511,3504,2.34259,0,11.0375,2.48759,0,3400,41318154708
33.7929,29.592,45.7143,0,91,86,76,1511,3504,2.34259,0,11.0375,2.48759,0,3400,41347731506
275.891,3.62462,45.7143,0,91,86,76,1511,3504,2.34259,0,11.0375,2.48759,0,3400,41351356024
44.0158,22.7191,45.7143,0,91,86,76,1511,3504,2.34259,0,11.0375,2.48759,0,3400,41374076789
93.9088,10.6486,45.7143,0,91,86,76,1511,3504,2.34259,0,11.0375,2.48759,0,3400,41384725923
36.122,27.684,45.7143,0,91,86,76,1511,3504,2.34259,0,11.0375,2.48759,0,3400,41412411079
177.842,5.62297,45.7143,0,91,86,76,1511,3504,2.34259,0,11.0375,2.48759,0,3400,41418035604
39.748,25.1585,45.7143,0,91,86,76,1511,3504,2.34259,0,11.0375,2.48759,0,3400,41443195480
122.343,8.17373,45.7143,0,91,86,76,1511,3504,2.34259,0,11.0375,2.48759,0,3400,41451370126
41.9713,23.8258,45.7143,0,91,86,76,1511,3504,2.34259,0,11.0375,2.48759,0,3400,41475198232
106.017,9.43247,45.7143,0,91,86,76,1511,3504,2.34259,0,11.0375,2.48759,0,3400,41484631089
40.8114,24.503,45.7143,0,91,86,76,1511,3504,2.34259,0,11.0375,2.48759,0,3400,41509134613
112.906,8.8569,45.7143,0,91,86,76,1511,3504,2.34259,0,11.0375,2.48759,0,3400,41517992329
35.6045,28.0863,45.7143,0,91,86,76,1511,3504,2.34259,0,11.0375,2.48759,0,3400,41546079384
192.304,5.20009,45.7143,0,91,86,76,1511,3504,2.34259,0,11.0375,2.48759,0,3400,41551283554
41.2183,24.2611,47.6427,0,89,85,77,1653,3504,2.27301,0,11.0373,2.48759,0,3512,41575543175
110.972,9.01126,47.6427,0,89,85,77,1653,3504,2.27301,0,11.0373,2.48759,0,3512,41584556185
41.9723,23.8253,47.6427,0,89,85,77,1653,3504,2.27301,0,11.0373,2.48759,0,3512,41608382153
105.314,9.49542,47.6427,0,89,85,77,1653,3504,2.27301,0,11.0373,2.48759,0,3512,41617878273
35.1106,28.4815,47.6427,0,89,85,77,1653,3504,2.27301,0,11.0373,2.48759,0,3512,41646372255
209.08,4.78287,47.6427,0,89,85,77,1653,3504,2.27301,0,11.0373,2.48759,0,3512,41651142555
42.2815,23.651,47.6427,0,89,85,77,1653,3504,2.27301,0,11.0373,2.48759,0,3512,41674796399
103.313,9.67929,47.6427,0,89,85,77,1653,3504,2.27301,0,11.0373,2.48759,0,3512,41684475777
42.3593,23.6076,47.6427,0,89,85,77,1653,3504,2.27301,0,11.0373,2.48759,0,3512,41708084555
102.196,9.7851,47.6427,0,89,85,77,1653,3504,2.27301,0,11.0373,2.48759,0,3512,41717870540
40.0447,24.9721,47.6427,0,89,85,77,1653,3504,2.27301,0,11.0373,2.48759,0,3512,41742843091
121.501,8.23037,47.6427,0,89,85,77,1653,3504,2.27301,0,11.0373,2.48759,0,3512,41751074083
44.3347,22.5557,47.6427,0,89,85,77,1653,3504,2.27301,0,11.0373,2.48759,0,3512,41773631120
93.4012,10.7065,47.6427,0,89,85,77,1653,3504,2.27301,0,11.0373,2.48759,0,3512,41784338911
40.2712,24.8316,47.6427,0,89,85,77,1653,3504,2.27301,0,11.0373,2.48759,0,3512,41809171225
117.639,8.50061,47.6427,0,89,85,77,1653,3504,2.27301,0,11.0373,2.48759,0,3512,41817673579
47.141,21.2129,47.6427,0,89,85,77,1653,3504,2.27301,0,11.0373,2.48759,0,3512,41838887412
82.9411,12.0567,47.6427,0,89,85,77,1653,3504,2.27301,0,11.0373,2.48759,0,3512,41850946284
38.9302,25.687,47.6427,0,89,85,77,1653,3504,2.27301,0,11.0373,2.48759,0,3512,41876633522
131.954,7.57841,47.6427,0,89,85,77,1653,3504,2.27301,0,11.0373,2.48759,0,3512,41884213281
39.5563,25.2804,47.6427,0,89,85,77,1653,3504,2.27301,0,11.0373,2.48759,0,3512,41909494315
122.499,8.16334,47.6427,0,89,85,77,1653,3504,2.27301,0,11.0373,2.48759,0,3512,41917659143
47.1952,21.1886,47.6427,0,89,85,77,1653,3504,2.27301,0,11.0373,2.48759,0,3512,41938848516
83.147,12.0269,47.6427,0,89,85,77,1653,3504,2.27301,0,11.0373,2.48759,0,3512,41950876456
41.9042,23.864,47.6427,0,89,85,77,1653,3504,2.27301,0,11.0373,2.48759,0,3512,41974741292
104.859,9.53662,47.6427,0,89,85,77,1653,3504,2.27301,0,11.0373,2.48759,0,3512,41984279049
50.5025,19.801,47.6427,0,89,85,77,1653,3504,2.27301,0,11.0373,2.48759,0,3512,42004081785
74.5417,13.4153,47.6427,0,89,85,77,1653,3504,2.27301,0,11.0373,2.48759,0,3512,42017497333
46.7229,21.4028,47.6427,0,89,85,77,1653,3504,2.27301,0,11.0373,2.48759,0,3512,42038902007
84.2536,11.8689,47.6427,0,89,85,77,1653,3504,2.27301,0,11.0373,2.48759,0,3512,42050772279
49.8243,20.0705,47.6427,0,89,85,77,1653,3504,2.27301,0,11.0373,2.48759,0,3512,42070848731
75.0486,13.3247,41.0628,0,87,85,78,1683,3504,2.26449,0,11.0299,2.48759,0,3474,42084169110
38.3126,26.1011,41.0628,0,87,85,78,1683,3504,2.26449,0,11.0299,2.48759,0,3474,42110271397
139.807,7.1527,41.0628,0,87,85,78,1683,3504,2.26449,0,11.0299,2.48759,0,3474,42117437679
47.2979,21.1426,41.0628,0,87,85,78,1683,3504,2.26449,0,11.0299,2.48759,0,3474,42138568760
81.9184,12.2073,41.0628,0,87,85,78,1683,3504,2.26449,0,11.0299,2.48759,0,3474,42150777050
42.4139,23.5772,41.0628,0,87,85,78,1683,3504,2.26449,0,11.0299,2.48759,0,3474,42174356096
102.549,9.75148,41.0628,0,87,85,78,1683,3504,2.26449,0,11.0299,2.48759,0,3474,42184106818
49.6809,20.1285,41.0628,0,87,85,78,1683,3504,2.26449,0,11.0299,2.48759,0,3474,42204237106
74.9708,13.3385,41.0628,0,87,85,78,1683,3504,2.26449,0,11.0299,2.48759,0,3474,42217593837
46.2458,21.6236,41.0628,0,87,85,78,1683,3504,2.26449,0,11.0299,2.48759,0,3474,42239199965
87.3258,11.4514,41.0628,0,87,85,78,1683,3504,2.26449,0,11.0299,2.48759,0,3474,42250652687
47.2298,21.1731,41.0628,0,87,85,78,1683,3504,2.26449,0,11.0299,2.48759,0,3474,42271826712
82.3299,12.1463,41.0628,0,87,85,78,1683,3504,2.26449,0,11.0299,2.48759,0,3474,42283974907
34.3071,29.1485,41.0628,0,87,85,78,1683,3504,2.26449,0,11.0299,2.48759,0,3474,42313123714
241.769,4.13618,41.0628,0,87,85,78,1683,3504,2.26449,0,11.0299,2.48759,0,3474,42317260350
36.8695,27.1227,41.0628,0,87,85,78,1683,3504,2.26449,0,11.0299,2.48759,0,3474,42344384642
162.833,6.14125,41.0628,0,87,85,78,1683,3504,2.26449,0,11.0299,2.48759,0,3474,42350540093
35.8219,27.9159,41.0628,0,87,85,78,1683,3504,2.26449,0,11.0299,2.48759,0,3474,42378443720
185.441,5.39255,41.0628,0,87,85,78,1683,3504,2.26449,0,11.0299,2.48759,0,3474,42383836378
33.9801,29.429,41.0628,0,87,85,78,1683,3504,2.26449,0,11.0299,2.48759,0,3474,42413278753
251.54,3.97551,41.0628,0,87,85,78,1683,3504,2.26449,0,11.0299,2.48759,0,3474,42417241764
36.3464,27.5131,41.0628,0,87,85,78,1683,3504,2.26449,0,11.0299,2.48759,0,3474,42444755740
177.226,5.6425,41.0628,0,87,85,78,1683,3504,2.26449,0,11.0299,2.48759,0,3474,42450399518
35.0191,28.5559,41.0628,0,87,85,78,1683,3504,2.26449,0,11.0299,2.48759,0,3474,42478956120
209.591,4.7712,41.0628,0,87,85,78,1683,3504,2.26449,0,11.0299,2.48759,0,3474,42483727916
36.7134,27.238,41.0628,0,87,85,78,1683,3504,2.26449,0,11.0299,2.48759,0,3474,42510979634
163.874,6.10226,41.0628,0,87,85,78,1683,3504,2.26449,0,11.0299,2.48759,0,3474,42517069345
40.0094,24.9941,41.0628,0,87,85,78,1683,3504,2.26449,0,11.0299,2.48759,0,3474,42542064896
120.642,8.289,41.0628,0,87,85,78,1683,3504,2.26449,0,11.0299,2.48759,0,3474,42550355400
46.9568,21.2962,41.0628,0,87,85,78,1683,3504,2.26449,0,11.0299,2.48759,0,3474,42571660410
82.9251,12.0591,37.1212,0,85,85,78,1683,3504,2.25975,0,11.0301,2.48759,0,3474,42583712545
48.4861,20.6245,37.1212,0,85,85,78,1683,3504,2.25975,0,11.0301,2.48759,0,3474,42604337961
78.9514,12.666,37.1212,0,85,85,78,1683,3504,2.25975,0,11.0301,2.48759,0,3474,42617005338
48.9617,20.4241,37.1212,0,85,85,78,1683,3504,2.25975,0,11.0301,2.48759,0,3474,42637430633
77.2959,12.9373,37.1212,0,85,85,78,1683,3504,2.25975,0,11.0301,2.48759,0,3474,42650367845
40.1208,24.9247,37.1212,0,85,85,78,1683,3504,2.25975,0,11.0301,2.48759,0,3474,42675292304
120.531,8.29661,37.1212,0,85,85,78,1683,3504,2.25975,0,11.0301,2.48759,0,3474,42683590905
46.1041,21.69,37.1212,0,85,85,78,1683,3504,2.25975,0,11.0301,2.48759,0,3474,42705282105
86.1315,11.6101,37.1212,0,85,85,78,1683,3504,2.25975,0,11.0301,2.48759,0,3474,42716892804
49.3881,20.2478,37.1212,0,85,85,78,1683,3504,2.25975,0,11.0301,2.48759,0,3474,42737143279
76.5531,13.0628,37.1212,0,85,85,78,1683,3504,2.25975,0,11.0301,2.48759,0,3474,42750227757
39.5388,25.2916,37.1212,0,85,85,78,1683,3504,2.25975,0,11.0301,2.48759,0,3474,42775499836
124.964,8.00228,37.1212,0,85,85,78,1683,3504,2.25975,0,11.0301,2.48759,0,3474,42783520284
46.3728,21.5643,37.1212,0,85,85,78,1683,3504,2.25975,0,11.0301,2.48759,0,3474,42805068362
85.0801,11.7536,37.1212,0,85,85,78,1683,3504,2.25975,0,11.0301,2.48759,0,3474,42816822832
49.7526,20.0995,37.1212,0,85,85,78,1683,3504,2.25975,0,11.0301,2.48759,0,3474,42836924764
75.9541,13.1659,37.1212,0,85,85,78,1683,3504,2.25975,0,11.0301,2.48759,0,3474,42850090297
37.949,26.3511,37.1212,0,85,85,78,1683,3504,2.25975,0,11.0301,2.48759,0,3474,42876442343
141.689,7.05772,37.1212,0,85,85,78,1683,3504,2.25975,0,11.0301,2.48759,0,3474,42883519395
44.752,22.3454,37.1212,0,85,85,78,1683,3504,2.25975,0,11.0301,2.48759,0,3474,42905847427
92.0947,10.8584,37.1212,0,85,85,78,1683,3504,2.25975,0,11.0301,2.48759,0,3474,42916706710
48.6305,20.5632,37.1212,0,85,85,78,1683,3504,2.25975,0,11.0301,2.48759,0,3474,42937272287
78.4121,12.7531,37.1212,0,85,85,78,1683,3504,2.25975,0,11.0301,2.48759,0,3474,42950025693
34.5639,28.9319,37.1212,0,85,85,78,1683,3504,2.25975,0,11.0301,2.48759,0,3474,42978958288
225.516,4.43427,37.1212,0,85,85,78,1683,3504,2.25975,0,11.0301,2.48759,0,3474,42983392765
43.0339,23.2375,37.1212,0,85,85,78,1683,3504,2.25975,0,11.0301,2.48759,0,3474,43006631499
99.7529,10.0248,37.1212,0,85,85,78,1683,3504,2.25975,0,11.0301,2.48759,0,3474,43016669732
45.6454,21.908,37.1212,0,85,85,78,1683,3504,2.25975,0,11.0301,2.48759,0,3474,43038566861
86.3859,11.576,37.1212,0,85,85,78,1683,3504,2.25975,0,11.0301,2.48759,0,3474,43050143034
46.3269,21.5857,37.1212,0,85,85,78,1683,3504,2.25975,0,11.0301,2.48759,0,3474,43071733380
87.1852,11.4698,44.1558,0,85,85,79,1683,3504,2.25826,0,11.0303,2.48759,0,3422,43083201962
37.7027,26.5233,44.1558,0,85,85,79,1683,3504,2.25826,0,11.0303,2.48759,0,3422,43109726115
146.758,6.81396,44.1558,0,85,85,79,1683,3504,2.25826,0,11.0303,2.48759,0,3422,43116541345
47.2763,21.1522,44.1558,0,85,85,79,1683,3504,2.25826,0,11.0303,2.48759,0,3422,43137696193
82.2015,12.1652,44.1558,0,85,85,79,1683,3504,2.25826,0,11.0303,2.48759,0,3422,43149860555
42.1642,23.7168,44.1558,0,85,85,79,1683,3504,2.25826,0,11.0303,2.48759,0,3422,43173578889
104.07,9.6089,44.1558,0,85,85,79,1683,3504,2.25826,0,11.0303,2.48759,0,3422,43183188498
48.1004,20.7898,44.1558,0,85,85,79,1683,3504,2.25826,0,11.0303,2.48759,0,3422,43203979543
80.0933,12.4854,44.1558,0,85,85,79,1683,3504,2.25826,0,11.0303,2.48759,0,3422,43216467063
47.484,21.0597,44.1558,0,85,85,79,1683,3504,2.25826,0,11.0303,2.48759,0,3422,43237527281
81.4903,12.2714,44.1558,0,85,85,79,1683,3504,2.25826,0,11.0303,2.48759,0,3422,43249817135
36.0592,27.7322,44.1558,0,85,85,79,1683,3504,2.25826,0,11.0303,2.48759,0,3422,43277531394
180.583,5.53761,44.1558,0,85,85,79,1683,3504,2.25826,0,11.0303,2.48759,0,3422,43283084131
33.7064,29.668,44.1558,0,85,85,79,1683,3504,2.25826,0,11.0303,2.48759,0,3422,43312740271
280.515,3.56488,44.1558,0,85,85,79,1683,3504,2.25826,0,11.0303,2.48759,0,3422,43316305371
35.5856,28.1012,44.1558,0,85,85,79,1683,3504,2.25826,0,11.0303,2.48759,0,3422,43344407511
187.65,5.32907,44.1558,0,85,85,79,1683,3504,2.25826,0,11.0303,2.48759,0,3422,43349753724
35.1576,28.4433,44.1558,0,85,85,79,1683,3504,2.25826,0,11.0303,2.48759,0,3422,43378182376
205.928,4.85607,44.1558,0,85,85,79,1683,3504,2.25826,0,11.0303,2.48759,0,3422,43383039241
40.0352,24.978,44.1558,0,85,85,79,1683,3504,2.25826,0,11.0303,2.48759,0,3422,43408018643
119.071,8.39835,44.1558,0,85,85,79,1683,3504,2.25826,0,11.0303,2.48759,0,3422,43416417840
44.841,22.301,44.1558,0,85,85,79,1683,3504,2.25826,0,11.0303,2.48759,0,3422,43438720737
91.6503,10.911,44.1558,0,85,85,79,1683,3504,2.25826,0,11.0303,2.48759,0,3422,43449644266
44.2964,22.5752,44.1558,0,85,85,79,1683,3504,2.25826,0,11.0303,2.48759,0,3422,43472207720
93.2268,10.7265,44.1558,0,85,85,79,1683,3504,2.25826,0,11.0303,2.48759,0,3422,43482935776
46.8913,21.3259,44.1558,0,85,85,79,1683,3504,2.25826,0,11.0303,2.48759,0,3422,43504263412
83.4949,11.9768,44.1558,0,85,85,79,1683,3504,2.25826,0,11.0303,2.48759,0,3422,43516240514
49.1343,20.3524,44.1558,0,85,85,79,1683,3504,2.25826,0,11.0303,2.48759,0,3422,43536594745
77.5174,12.9003,44.1558,0,85,85,79,1683,3504,2.25826,0,11.0303,2.48759,0,3422,43549496199
40.3994,24.7528,44.1558,0,85,85,79,1683,3504,2.25826,0,11.0303,2.48759,0,3422,43574257942
115.295,8.67341,43.3249,0,85,87,79,1683,3504,2.25794,0,11.0252,2.48759,0,3400,43582923771
50.5606,19.7782,43.3249,0,85,87,79,1683,3504,2.25794,0,11.0252,2.48759,0,3400,43602704423
74.8146,13.3664,43.3249,0,85,87,79,1683,3504,2.25794,0,11.0252,2.48759,0,3400,43616070188
39.6677,25.2094,43.3249,0,85,87,79,1683,3504,2.25794,0,11.0252,2.48759,0,3400,43641282007
121.032,8.26227,43.3249,0,85,87,79,1683,3504,2.25794,0,11.0252,2.48759,0,3400,43649555741
47.4191,21.0885,43.3249,0,85,87,79,1683,3504,2.25794,0,11.0252,2.48759,0,3400,43670637552
82.7867,12.0792,43.3249,0,85,87,79,1683,3504,2.25794,0,11.0252,2.48759,0,3400,43682717172
49.6141,20.1555,43.3249,0,85,87,79,1683,3504,2.25794,0,11.0252,2.48759,0,3400,43702873725
76.2456,13.1155,43.3249,0,85,87,79,1683,3504,2.25794,0,11.0252,2.48759,0,3400,43715989831
46.5614,21.477,43.3249,0,85,87,79,1683,3504,2.25794,0,11.0252,2.48759,0,3400,43737468999
84.0623,11.8959,43.3249,0,85,87,79,1683,3504,2.25794,0,11.0252,2.48759,0,3400,43749383563
45.5752,21.9417,43.3249,0,85,87,79,1683,3504,2.25794,0,11.0252,2.48759,0,3400,43771308268
88.1889,11.3393,43.3249,0,85,87,79,1683,3504,2.25794,0,11.0252,2.48759,0,3400,43782665691
48.196,20.7486,43.3249,0,85,87,79,1683,3504,2.25794,0,11.0252,2.48759,0,3400,43803416064
79.3228,12.6067,43.3249,0,85,87,79,1683,3504,2.25794,0,11.0252,2.48759,0,3400,43816023496
41.378,24.1674,43.3249,0,85,87,79,1683,3504,2.25794,0,11.0252,2.48759,0,3400,43840192055
110.24,9.07115,43.3249,0,85,87,79,1683,3504,2.25794,0,11.0252,2.48759,0,3400,43849265133
50.2586,19.8971,43.3249,0,85,87,79,1683,3504,2.25794,0,11.0252,2.48759,0,3400,43869161181
74.8319,13.3633,43.3249,0,85,87,79,1683,3504,2.25794,0,11.0252,2.48759,0,3400,43882526490
49.4055,20.2407,43.3249,0,85,87,79,1683,3504,2.25794,0,11.0252,2.48759,0,3400,43902768565
76.4089,13.0875,43.3249,0,85,87,79,1683,3504,2.25794,0,11.0252,2.48759,0,3400,43915857111
41.606,24.035,43.3249,0,85,87,79,1683,3504,2.25794,0,11.0252,2.48759,0,3400,43939893814
107.986,9.26047,43.3249,0,85,87,79,1683,3504,2.25794,0,11.0252,2.48759,0,3400,43949154097
49.9587,20.0165,43.3249,0,85,87,79,1683,3504,2.25794,0,11.0252,2.48759,0,3400,43969172563
75.1637,13.3043,43.3249,0,85,87,79,1683,3504,2.25794,0,11.0252,2.48759,0,3400,43982476256
50.2145,19.9146,43.3249,0,85,87,79,1683,3504,2.25794,0,11.0252,2.48759,0,3400,44002394257
74.3815,13.4442,43.3249,0,85,87,79,1683,3504,2.25794,0,11.0252,2.48759,0,3400,44015838859
39.4682,25.3368,43.3249,0,85,87,79,1683,3504,2.25794,0,11.0252,2.48759,0,3400,44041175963
126.69,7.89329,43.3249,0,85,87,79,1683,3504,2.25794,0,11.0252,2.48759,0,3400,44049072472
41.6866,23.9885,43.3249,0,85,87,79,1683,3504,2.25794,0,11.0252,2.48759,0,3400,44073061791
107.118,9.33546,43.3249,0,85,87,79,1683,3504,2.25794,0,11.0252,2.48759,0,3400,44082402718
40.4397,24.7282,38.2134,0,85,87,79,1683,3504,2.25794,0,11.0254,2.48759,0,3577,44107128956
117.3,8.52512,38.2134,0,85,87,79,1683,3504,2.25794,0,11.0254,2.48759,0,3577,44115654305
46.5583,21.4784,38.2134,0,85,87,79,1683,3504,2.25794,0,11.0254,2.48759,0,3577,44137134110
84.7961,11.793,38.2134,0,85,87,79,1683,3504,2.25794,0,11.0254,2.48759,0,3577,44148928222
49.1195,20.3585,38.2134,0,85,87,79,1683,3504,2.25794,0,11.0254,2.48759,0,3577,44169288607
77.2178,12.9504,38.2134,0,85,87,79,1683,3504,2.25794,0,11.0254,2.48759,0,3577,44182240158
49.4548,20.2205,38.2134,0,85,87,79,1683,3504,2.25794,0,11.0254,2.48759,0,3577,44202463514
76.3711,13.094,38.2134,0,85,87,79,1683,3504,2.25794,0,11.0254,2.48759,0,3577,44215573859
47.7674,20.9348,38.2134,0,85,87,79,1683,3504,2.25794,0,11.0254,2.48759,0,3577,44236491877
80.6399,12.4008,38.2134,0,85,87,79,1683,3504,2.25794,0,11.0254,2.48759,0,3577,44248893602
41.6877,23.9879,38.2134,0,85,87,79,1683,3504,2.25794,0,11.0254,2.48759,0,3577,44272882364
107.531,9.29965,38.2134,0,85,87,79,1683,3504,2.25794,0,11.0254,2.48759,0,3577,44282183749
40.5214,24.6783,38.2134,0,85,87,79,1683,3504,2.25794,0,11.0254,2.48759,0,3577,44306862938
115.349,8.66934,38.2134,0,85,87,79,1683,3504,2.25794,0,11.0254,2.48759,0,3577,44315533020
47.2245,21.1754,38.2134,0,85,87,79,1683,3504,2.25794,0,11.0254,2.48759,0,3577,44336722052
82.623,12.1032,38.2134,0,85,87,79,1683,3504,2.25794,0,11.0254,2.48759,0,3577,44348812415
48.3893,20.6657,38.2134,0,85,87,79,1683,3504,2.25794,0,11.0254,2.48759,0,3577,44369479864
78.9521,12.6659,38.2134,0,85,87,79,1683,3504,2.25794,0,11.0254,2.48759,0,3577,44382145361
47.0717,21.2442,38.2134,0,85,87,79,1683,3504,2.25794,0,11.0254,2.48759,0,3577,44403391177
82.827,12.0734,38.2134,0,85,87,79,1683,3504,2.25794,0,11.0254,2.48759,0,3577,44415465035
48.3723,20.673,38.2134,0,85,87,79,1683,3504,2.25794,0,11.0254,2.48759,0,3577,44436140426
79.3137,12.6082,38.2134,0,85,87,79,1683,3504,2.25794,0,11.0254,2.48759,0,3577,44448761240
49.5258,20.1915,38.2134,0,85,87,79,1683,3504,2.25794,0,11.0254,2.48759,0,3577,44468941327
76.9048,13.0031,38.2134,0,85,87,79,1683,3504,2.25794,0,11.0254,2.48759,0,3577,44481943978
35.6841,28.0237,38.2134,0,85,87,79,1683,3504,2.25794,0,11.0254,2.48759,0,3577,44509970294
186.515,5.3615,38.2134,0,85,87,79,1683,3504,2.25794,0,11.0254,2.48759,0,3577,44515350310
35.9898,27.7856,38.2134,0,85,87,79,1683,3504,2.25794,0,11.0254,2.48759,0,3577,44543132387
180.21,5.54909,38.2134,0,85,87,79,1683,3504,2.25794,0,11.0254,2.48759,0,3577,44548686791
37.8612,26.4123,38.2134,0,85,87,79,1683,3504,2.25794,0,11.0254,2.48759,0,3577,44575082707
146.278,6.83629,38.2134,0,85,87,79,1683,3504,2.25794,0,11.0254,2.48759,0,3577,44581919653
47.954,20.8533,38.2134,0,85,87,79,1683,3504,2.25794,0,11.0254,2.48759,0,3577,44602779315
79.856,12.5225,38.0835,0,86,84,79,1683,3504,2.25793,0,11.0254,2.48759,0,3409,44615297683
48.364,20.6765,38.0835,0,86,84,79,1683,3504,2.25793,0,11.0254,2.48759,0,3409,44635975244
79.6306,12.558,38.0835,0,86,84,79,1683,3504,2.25793,0,11.0254,2.48759,0,3409,44648534331
48.1076,20.7868,38.0835,0,86,84,79,1683,3504,2.25793,0,11.0254,2.48759,0,3409,44669322705
79.8983,12.5159,38.0835,0,86,84,79,1683,3504,2.25793,0,11.0254,2.48759,0,3409,44681839428
39.9443,25.0349,38.0835,0,86,84,79,1683,3504,2.25793,0,11.0254,2.48759,0,3409,44706874360
120.421,8.30419,38.0835,0,86,84,79,1683,3504,2.25793,0,11.0254,2.48759,0,3409,44715179074
38.7314,25.8188,38.0835,0,86,84,79,1683,3504,2.25793,0,11.0254,2.48759,0,3409,44740999618
133.702,7.47933,38.0835,0,86,84,79,1683,3504,2.25793,0,11.0254,2.48759,0,3409,44748479275
45.3582,22.0467,38.0835,0,86,84,79,1683,3504,2.25793,0,11.0254,2.48759,0,3409,44770526256
88.5415,11.2941,38.0835,0,86,84,79,1683,3504,2.25793,0,11.0254,2.48759,0,3409,44781821501
50.4517,19.8209,38.0835,0,86,84,79,1683,3504,2.25793,0,11.0254,2.48759,0,3409,44801663588
74.404,13.4401,38.0835,0,86,84,79,1683,3504,2.25793,0,11.0254,2.48759,0,3409,44815103556
51.6841,19.3483,38.0835,0,86,84,79,1683,3504,2.25793,0,11.0254,2.48759,0,3409,44834453204
71.3316,14.019,38.0835,0,86,84,79,1683,3504,2.25793,0,11.0254,2.48759,0,3409,44848472857
50.0067,19.9973,38.0835,0,86,84,79,1683,3504,2.25793,0,11.0254,2.48759,0,3409,44868488991
75.2019,13.2975,38.0835,0,86,84,79,1683,3504,2.25793,0,11.0254,2.48759,0,3409,44881770672
50.1833,19.9269,38.0835,0,86,84,79,1683,3504,2.25793,0,11.0254,2.48759,0,3409,44901711604
74.5966,13.4054,38.0835,0,86,84,79,1683,3504,2.25793,0,11.0254,2.48759,0,3409,44915103295
37.5216,26.6513,38.0835,0,86,84,79,1683,3504,2.25793,0,11.0254,2.48759,0,3409,44941756075
153.333,6.52177,38.0835,0,86,84,79,1683,3504,2.25793,0,11.0254,2.48759,0,3409,44948277579
39.5183,25.3047,38.0835,0,86,84,79,1683,3504,2.25793,0,11.0254,2.48759,0,3409,44973588805
125.162,7.98965,38.0835,0,86,84,79,1683,3504,2.25793,0,11.0254,2.48759,0,3409,44981591222
31.9209,31.3274,38.0835,0,86,84,79,1683,3504,2.25793,0,11.0254,2.48759,0,3409,45012905483
446.839,2.23795,38.0835,0,86,84,79,1683,3504,2.25793,0,11.0254,2.48759,0,3409,45015143707
47.0883,21.2367,38.0835,0,86,84,79,1683,3504,2.25793,0,11.0254,2.48759,0,3409,45036385228
84.3812,11.851,38.0835,0,86,84,79,1683,3504,2.25793,0,11.0254,2.48759,0,3409,45048247238
48.7113,20.5291,38.0835,0,86,84,79,1683,3504,2.25793,0,11.0254,2.48759,0,3409,45068765701
78.7691,12.6953,38.0835,0,86,84,79,1683,3504,2.25793,0,11.0254,2.48759,0,3409,45081473918
45.9349,21.77,38.0835,0,86,84,79,1683,3504,2.25793,0,11.0254,2.48759,0,3409,45103235860
86.4366,11.5692,45.614,0,86,84,79,1683,3504,2.24662,0,11.0253,2.48759,0,3400,45114802048
32.2939,30.9656,45.614,0,86,84,79,1683,3504,2.24662,0,11.0253,2.48759,0,3400,45145768250
429.608,2.3277,45.614,0,86,84,79,1683,3504,2.24662,0,11.0253,2.48759,0,3400,45148095496
36.0543,27.736,45.614,0,86,84,79,1683,3504,2.24662,0,11.0253,2.48759,0,3400,45175833627
179.013,5.5862,45.614,0,86,84,79,1683,3504,2.24662,0,11.0253,2.48759,0,3400,45181420376
49.2123,20.3201,45.614,0,86,84,79,1683,3504,2.24662,0,11.0253,2.48759,0,3400,45201741391
76.2191,13.1201,45.614,0,86,84,79,1683,3504,2.24662,0,11.0253,2.48759,0,3400,45214864632
41.5671,24.0575,45.614,0,86,84,79,1683,3504,2.24662,0,11.0253,2.48759,0,3400,45238921042
109.705,9.11539,45.614,0,86,84,79,1683,3504,2.24662,0,11.0253,2.48759,0,3400,45248049888
48.6288,20.5639,45.614,0,86,84,79,1683,3504,2.24662,0,11.0253,2.48759,0,3400,45268602761
78.1287,12.7994,45.614,0,86,84,79,1683,3504,2.24662,0,11.0253,2.48759,0,3400,45281403610
49.7376,20.1055,45.614,0,86,84,79,1683,3504,2.24662,0,11.0253,2.48759,0,3400,45301509733
76.6211,13.0512,45.614,0,86,84,79,1683,3504,2.24662,0,11.0253,2.48759,0,3400,45314579552
33.1097,30.2026,45.614,0,86,84,79,1683,3504,2.24662,0,11.0253,2.48759,0,3400,45344764382
293.44,3.40785,45.614,0,86,84,79,1683,3504,2.24662,0,11.0253,2.48759,0,3400,45348172912
49.4416,20.2259,45.614,0,86,84,79,1683,3504,2.24662,0,11.0253,2.48759,0,3400,45368402108
77.2407,12.9465,45.614,0,86,84,79,1683,3504,2.24662,0,11.0253,2.48759,0,3400,45381348552
31.2391,32.0111,45.614,0,86,84,79,1683,3504,2.24662,0,11.0253,2.48759,0,3400,45413360998
719.194,1.39045,45.614,0,86,84,79,1683,3504,2.24662,0,11.0253,2.48759,0,3400,45414752984
46.9913,21.2805,45.614,0,86,84,79,1683,3504,2.24662,0,11.0253,2.48759,0,3400,45436034278
83.6562,11.9537,45.614,0,86,84,79,1683,3504,2.24662,0,11.0253,2.48759,0,3400,45447987947
21.5964,46.3041,45.614,0,86,84,79,1683,3504,2.24662,0,11.0253,2.48759,0,3400,45494314422
629.537,1.58847,45.614,0,86,84,79,1683,3504,2.24662,0,11.0253,2.48759,0,3400,45495883729
39.2133,25.5015,45.614,0,86,84,79,1683,3504,2.24662,0,11.0253,2.48759,0,3400,45521384636
97.1898,10.2891,45.614,0,86,84,79,1683,3504,2.24662,0,11.0253,2.48759,0,3400,45531676760
27.8952,35.8485,45.614,0,86,84,79,1683,3504,2.24662,0,11.0253,2.48759,0,3400,45567525209
856.921,1.16697,45.614,0,86,84,79,1683,3504,2.24662,0,11.0253,2.48759,0,3400,45568704742
21.5258,46.4558,45.614,0,86,84,79,1683,3504,2.24662,0,11.0253,2.48759,0,3400,45615180141
1179.56,0.847772,45.614,0,86,84,79,1683,3504,2.24662,0,11.0253,2.48759,0,3400,45615998490
46.0383,21.721,52.0408,0,88,85,79,1658,3504,2.22563,0,11.026,2.48759,0,1766,45637721395
96.7052,10.3407,52.0408,0,88,85,79,1658,3504,2.22563,0,11.026,2.48759,0,1766,45648083550
33.1471,30.1686,52.0408,0,88,85,79,1658,3504,2.22563,0,11.026,2.48759,0,1766,45678233398
325.623,3.07104,52.0408,0,88,85,79,1658,3504,2.22563,0,11.026,2.48759,0,1766,45681304586
28.6607,34.891,52.0408,0,88,85,79,1658,3504,2.22563,0,11.026,2.48759,0,1766,45716197782
840.59,1.18964,52.0408,0,88,85,79,1658,3504,2.22563,0,11.026,2.48759,0,1766,45717388221
32.9823,30.3193,52.0408,0,88,85,79,1658,3504,2.22563,0,11.026,2.48759,0,1766,45747707140
326.489,3.06289,52.0408,0,88,85,79,1658,3504,2.22563,0,11.026,2.48759,0,1766,45750770696
20.4812,48.8253,52.0408,0,88,85,79,1658,3504,2.22563,0,11.026,2.48759,0,1766,45799597377
433.562,2.30647,52.0408,0,88,85,79,1658,3504,2.22563,0,11.026,2.48759,0,1766,45801925450
25.8857,38.6314,52.0408,0,88,85,79,1658,3504,2.22563,0,11.026,2.48759,0,1766,45840556078
890.491,1.12298,52.0408,0,88,85,79,1658,3504,2.22563,0,11.026,2.48759,0,1766,45841679677
30.7701,32.499,52.0408,0,88,85,79,1658,3504,2.22563,0,11.026,2.48759,0,1766,45874200233
1265.43,0.790246,52.0408,0,88,85,79,1658,3504,2.22563,0,11.026,2.48759,0,1766,45874969084
26.7502,37.3828,52.0408,0,88,85,79,1658,3504,2.22563,0,11.026,2.48759,0,1766,45912376061
695.359,1.4381,52.0408,0,88,85,79,1658,3504,2.22563,0,11.026,2.48759,0,1766,45913792599
27.5639,36.2794,52.0408,0,88,85,79,1658,3504,2.22563,0,11.026,2.48759,0,1766,45950073746
593.233,1.68568,52.0408,0,88,85,79,1658,3504,2.22563,0,11.026,2.48759,0,1766,45951761135
112.941,8.85421,52.0408,0,88,85,79,1658,3504,2.22563,0,11.026,2.48759,0,1766,45960616240
235.73,4.24213,52.0408,0,88,85,79,1658,3504,2.22563,0,11.026,2.48759,0,1766,45964858087
31.3028,31.9461,52.0408,0,88,85,79,1658,3504,2.22563,0,11.026,2.48759,0,1766,45996805864
845.71,1.18244,52.0408,0,88,85,79,1658,3504,2.22563,0,11.026,2.48759,0,1766,45997988000
24.6991,40.4873,52.0408,0,88,85,79,1658,3504,2.22563,0,11.026,2.48759,0,1766,46038475480
757.487,1.32015,52.0408,0,88,85,79,1658,3504,2.22563,0,11.026,2.48759,0,1766,46039795183
13.1666,75.95,52.0408,0,88,85,79,1658,3504,2.22563,0,11.026,2.48759,0,1766,46115771376
1345.34,0.743308,69.1517,0,92,85,76,1403,3504,2.22514,0,11.0263,2.48759,0,2250,46116488661
152.841,6.54276,69.1517,0,92,85,76,1403,3504,2.22514,0,11.0263,2.48759,0,2250,46123055064
121.316,8.2429,69.1517,0,92,85,76,1403,3504,2.22514,0,11.0263,2.48759,0,2250,46131279081
35.3374,28.2987,69.1517,0,92,85,76,1403,3504,2.22514,0,11.0263,2.48759,0,2250,46159577567
156.54,6.38813,69.1517,0,92,85,76,1403,3504,2.22514,0,11.0263,2.48759,0,2250,46165993406
23.393,42.7478,69.1517,0,92,85,76,1403,3504,2.22514,0,11.0263,2.48759,0,2250,46208717905
174.551,5.72898,69.1517,0,92,85,76,1403,3504,2.22514,0,11.0263,2.48759,0,2250,46214448455
34.5834,28.9156,69.1517,0,92,85,76,1403,3504,2.22514,0,11.0263,2.48759,0,2250,46243364214
1362.07,0.734177,69.1517,0,92,85,76,1403,3504,2.22514,0,11.0263,2.48759,0,2250,46244098121
18.4653,54.1558,69.1517,0,92,85,76,1403,3504,2.22514,0,11.0263,2.48759,0,2250,46298276492
559.26,1.78808,69.1517,0,92,85,76,1403,3504,2.22514,0,11.0263,2.48759,0,2250,46300077167
136.235,7.34028,69.1517,0,92,85,76,1403,3504,2.22514,0,11.0263,2.48759,0,2250,46307385931
125.571,7.9636,69.1517,0,92,85,76,1403,3504,2.22514,0,11.0263,2.48759,0,2250,46315349424
42.4352,23.5653,69.1517,0,92,85,76,1403,3504,2.22514,0,11.0263,2.48759,0,2250,46338939145
115.822,8.63396,69.1517,0,92,85,76,1403,3504,2.22514,0,11.0263,2.48759,0,2250,46347551727
30.1352,33.1838,69.1517,0,92,85,76,1403,3504,2.22514,0,11.0263,2.48759,0,2250,46380736533
461.387,2.16738,69.1517,0,92,85,76,1403,3504,2.22514,0,11.0263,2.48759,0,2250,46382904275
25.5924,39.074,69.1517,0,92,85,76,1403,3504,2.22514,0,11.0263,2.48759,0,2250,46422002106
309.17,3.23447,69.1517,0,92,85,76,1403,3504,2.22514,0,11.0263,2.48759,0,2250,46425235570
26.0369,38.407,69.1517,0,92,85,76,1403,3504,2.22514,0,11.0263,2.48759,0,2250,46463623501
495.048,2.02001,69.1517,0,92,85,76,1403,3504,2.22514,0,11.0263,2.48759,0,2250,46465644144
92.1043,10.8573,69.1517,0,92,85,76,1403,3504,2.22514,0,11.0263,2.48759,0,2250,46476524009
215.781,4.63433,69.1517,0,92,85,76,1403,3504,2.22514,0,11.0263,2.48759,0,2250,46481342668
40.9022,24.4485,69.1517,0,92,85,76,1403,3504,2.22514,0,11.0263,2.48759,0,2250,46505608110
118.698,8.42476,69.1517,0,92,85,76,1403,3504,2.22514,0,11.0263,2.48759,0,2250,46514055987
34.3194,29.138,69.1517,0,92,85,76,1403,3504,2.22514,0,11.0263,2.48759,0,2250,46543196348
48.1202,20.7813,69.1517,0,92,85,76,1403,3504,2.22514,0,11.0263,2.48759,0,2250,46563977780
17.4763,57.2204,69.1517,0,92,85,76,1403,3504,2.22514,0,11.0263,2.48759,0,2250,46621207834
839.248,1.19154,71.7224,0,92,83,76,1403,3504,2.22514,0,11.0263,2.48759,0,1931,46622390465
67.0617,14.9116,71.7224,0,92,83,76,1403,3504,2.22514,0,11.0263,2.48759,0,1931,46637334574
1053.84,0.948907,71.7224,0,92,83,76,1403,3504,2.22514,0,11.0263,2.48759,0,1931,46638251111
24.2347,41.2631,71.7224,0,92,83,76,1403,3504,2.22514,0,11.0263,2.48759,0,1931,46679521071
447.525,2.23451,71.7224,0,92,83,76,1403,3504,2.22514,0,11.0263,2.48759,0,1931,46681753660
28.5049,35.0816,71.7224,0,92,83,76,1403,3504,2.22514,0,11.0263,2.48759,0,1931,46716855053
1240.5,0.806128,71.7224,0,92,83,76,1403,3504,2.22514,0,11.0263,2.48759,0,1931,46717660105
28.2964,35.3402,71.7224,0,92,83,76,1403,3504,2.22514,0,11.0263,2.48759,0,1931,46753002379
1019.15,0.981208,71.7224,0,92,83,76,1403,3504,2.22514,0,11.0263,2.48759,0,1931,46754044870
19.4924,51.3019,71.7224,0,92,83,76,1403,3504,2.22514,0,11.0263,2.48759,0,1931,46805309668
799.072,1.25145,71.7224,0,92,83,76,1403,3504,2.22514,0,11.0263,2.48759,0,1931,46806581648
30.599,32.6808,71.7224,0,92,83,76,1403,3504,2.22514,0,11.0263,2.48759,0,1931,46839242814
560.889,1.78288,71.7224,0,92,83,76,1403,3504,2.22514,0,11.0263,2.48759,0,1931,46841027842
23.1234,43.2462,71.7224,0,92,83,76,1403,3504,2.22514,0,11.0263,2.48759,0,1931,46884274315
1133.97,0.881859,71.7224,0,92,83,76,1403,3504,2.22514,0,11.0263,2.48759,0,1931,46885155565
76.128,13.1358,71.7224,0,92,83,76,1403,3504,2.22514,0,11.0263,2.48759,0,1931,46898314764
1131.7,0.883626,71.7224,0,92,83,76,1403,3504,2.22514,0,11.0263,2.48759,0,1931,46899176439
37.9817,26.3285,71.7224,0,92,83,76,1403,3504,2.22514,0,11.0263,2.48759,0,1931,46925529760
207.298,4.82397,71.7224,0,92,83,76,1403,3504,2.22514,0,11.0263,2.48759,0,1931,46930332667
27.0951,36.907,71.7224,0,92,83,76,1403,3504,2.22514,0,11.0263,2.48759,0,1931,46967262219
876.013,1.14154,71.7224,0,92,83,76,1403,3504,2.22514,0,11.0263,2.48759,0,1931,46968382139
22.7296,43.9955,71.7224,0,92,83,76,1403,3504,2.22514,0,11.0263,2.48759,0,1931,47012400925
1035.19,0.966004,71.7224,0,92,83,76,1403,3504,2.22514,0,11.0263,2.48759,0,1931,47013387268
63.2142,15.8192,71.7224,0,92,83,76,1403,3504,2.22514,0,11.0263,2.48759,0,1931,47029187481
235.696,4.24276,71.7224,0,92,83,76,1403,3504,2.22514,0,11.0263,2.48759,0,1931,47033451629
28.5116,35.0735,71.7224,0,92,83,76,1403,3504,2.22514,0,11.0263,2.48759,0,1931,47068505779
83.7278,11.9435,71.7224,0,92,83,76,1403,3504,2.22514,0,11.0263,2.48759,0,1931,47080451801
34.2193,29.2233,71.7224,0,92,83,76,1403,3504,2.22514,0,11.0263,2.48759,0,1931,47109675400
161.612,6.18765,71.7224,0,92,83,76,1403,3504,2.22514,0,11.0263,2.48759,0,1931,47115884153
37.8414,26.4261,71.7224,0,92,83,76,1403,3504,2.22514,0,11.0263,2.48759,0,1931,47142997199
225.413,4.4363,72.4566,0,92,83,75,1369,3504,2.22611,0,11.0265,2.48759,0,1727,47146726961
20.5383,48.6895,72.4566,0,92,83,75,1369,3504,2.22611,0,11.0265,2.48759,0,1727,47195416990
973.384,1.02734,72.4566,0,92,83,75,1369,3504,2.22611,0,11.0265,2.48759,0,1727,47196465237
120.407,8.30519,72.4566,0,92,83,75,1369,3504,2.22611,0,11.0265,2.48759,0,1727,47204772773
115.101,8.68802,72.4566,0,92,83,75,1369,3504,2.22611,0,11.0265,2.48759,0,1727,47213462863
36.8987,27.1012,72.4566,0,92,83,75,1369,3504,2.22611,0,11.0265,2.48759,0,1727,47240564992
127.331,7.85355,72.4566,0,92,83,75,1369,3504,2.22611,0,11.0265,2.48759,0,1727,47248421319
23.5654,42.4351,72.4566,0,92,83,75,1369,3504,2.22611,0,11.0265,2.48759,0,1727,47290855523
934.22,1.07041,72.4566,0,92,83,75,1369,3504,2.22611,0,11.0265,2.48759,0,1727,47291928311
75.4592,13.2522,72.4566,0,92,83,75,1369,3504,2.22611,0,11.0265,2.48759,0,1727,47305182812
121.961,8.19935,72.4566,0,92,83,75,1369,3504,2.22611,0,11.0265,2.48759,0,1727,47313382058
33.1011,30.2105,72.4566,0,92,83,75,1369,3504,2.22611,0,11.0265,2.48759,0,1727,47343593582
218.926,4.56775,72.4566,0,92,83,75,1369,3504,2.22611,0,11.0265,2.48759,0,1727,47348162215
33.403,29.9374,72.4566,0,92,83,75,1369,3504,2.22611,0,11.0265,2.48759,0,1727,47378121864
281.534,3.55197,72.4566,0,92,83,75,1369,3504,2.22611,0,11.0265,2.48759,0,1727,47381653260
34.0453,29.3726,72.4566,0,92,83,75,1369,3504,2.22611,0,11.0265,2.48759,0,1727,47411030187
400.467,2.49708,72.4566,0,92,83,75,1369,3504,2.22611,0,11.0265,2.48759,0,1727,47413526767
24.5725,40.6959,72.4566,0,92,83,75,1369,3504,2.22611,0,11.0265,2.48759,0,1727,47454245035
113.103,8.8415,72.4566,0,92,83,75,1369,3504,2.22611,0,11.0265,2.48759,0,1727,47463086695
22.3731,44.6965,72.4566,0,92,83,75,1369,3504,2.22611,0,11.0265,2.48759,0,1727,47507784212
547.227,1.8274,72.4566,0,92,83,75,1369,3504,2.22611,0,11.0265,2.48759,0,1727,47509610642
66.3282,15.0765,72.4566,0,92,83,75,1369,3504,2.22611,0,11.0265,2.48759,0,1727,47524689286
193.859,5.1584,72.4566,0,92,83,75,1369,3504,2.22611,0,11.0265,2.48759,0,1727,47529849000
37.8479,26.4215,72.4566,0,92,83,75,1369,3504,2.22611,0,11.0265,2.48759,0,1727,47556271281
145.012,6.89598,72.4566,0,92,83,75,1369,3504,2.22611,0,11.0265,2.48759,0,1727,47563168647
32.5022,30.7671,72.4566,0,92,83,75,1369,3504,2.22611,0,11.0265,2.48759,0,1727,47593937846
426.058,2.3471,72.4566,0,92,83,75,1369,3504,2.22611,0,11.0265,2.48759,0,1727,47596285194
27.9431,35.7869,72.4566,0,92,83,75,1369,3504,2.22611,0,11.0265,2.48759,0,1727,47632094263
493.867,2.02484,72.4566,0,92,83,75,1369,3504,2.22611,0,11.0265,2.48759,0,1727,47634121427
19.522,51.2244,72.4566,0,92,83,75,1369,3504,2.22611,0,11.0265,2.48759,0,1727,47685347375
792.078,1.2625,71.0526,0,92,86,75,1369,3504,2.22611,0,11.0263,2.48759,0,2082,47686606809
35.0879,28.4999,71.0526,0,92,86,75,1369,3504,2.22611,0,11.0263,2.48759,0,2082,47715108339
1406,0.71124,71.0526,0,92,86,75,1369,3504,2.22611,0,11.0263,2.48759,0,2082,47715839469
27.8576,35.8968,71.0526,0,92,86,75,1369,3504,2.22611,0,11.0263,2.48759,0,2082,47751738738
366.508,2.72845,71.0526,0,92,86,75,1369,3504,2.22611,0,11.0263,2.48759,0,2082,47754467843
18.2522,54.7878,71.0526,0,92,86,75,1369,3504,2.22611,0,11.0263,2.48759,0,2082,47809236472
952.681,1.04967,71.0526,0,92,86,75,1369,3504,2.22611,0,11.0263,2.48759,0,2082,47810286153
38.7354,25.8162,71.0526,0,92,86,75,1369,3504,2.22611,0,11.0263,2.48759,0,2082,47836110149
143.942,6.94722,71.0526,0,92,86,75,1369,3504,2.22611,0,11.0263,2.48759,0,2082,47843054139
37.1626,26.9088,71.0526,0,92,86,75,1369,3504,2.22611,0,11.0263,2.48759,0,2082,47869964463
388.797,2.57204,71.0526,0,92,86,75,1369,3504,2.22611,0,11.0263,2.48759,0,2082,47872536128
21.9989,45.4567,71.0526,0,92,86,75,1369,3504,2.22611,0,11.0263,2.48759,0,2082,47917994530
1418.67,0.704888,71.0526,0,92,86,75,1369,3504,2.22611,0,11.0263,2.48759,0,2082,47918697685
82.8998,12.0628,71.0526,0,92,86,75,1369,3504,2.22611,0,11.0263,2.48759,0,2082,47930763440
1106.91,0.903416,71.0526,0,92,86,75,1369,3504,2.22611,0,11.0263,2.48759,0,2082,47931665870
28.1987,35.4626,71.0526,0,92,86,75,1369,3504,2.22611,0,11.0263,2.48759,0,2082,47967130669
974.295,1.02638,71.0526,0,92,86,75,1369,3504,2.22611,0,11.0263,2.48759,0,2082,47968156692
29.1146,34.3471,71.0526,0,92,86,75,1369,3504,2.22611,0,11.0263,2.48759,0,2082,48002504638
113.918,8.77823,71.0526,0,92,86,75,1369,3504,2.22611,0,11.0263,2.48759,0,2082,48011297325
40.6807,24.5817,71.0526,0,92,86,75,1369,3504,2.22611,0,11.0263,2.48759,0,2082,48035867894
99.0413,10.0968,71.0526,0,92,86,75,1369,3504,2.22611,0,11.0263,2.48759,0,2082,48045964297
28.6384,34.9182,71.0526,0,92,86,75,1369,3504,2.22611,0,11.0263,2.48759,0,2082,48080884439
1122.71,0.8907,71.0526,0,92,86,75,1369,3504,2.22611,0,11.0263,2.48759,0,2082,48081774585
43.821,22.8201,71.0526,0,92,86,75,1369,3504,2.22611,0,11.0263,2.48759,0,2082,48104617449
123.536,8.09481,71.0526,0,92,86,75,1369,3504,2.22611,0,11.0263,2.48759,0,2082,48112692638
26.2666,38.0712,71.0526,0,92,86,75,1369,3504,2.22611,0,11.0263,2.48759,0,2082,48150765139
972.84,1.02792,71.0526,0,92,86,75,1369,3504,2.22611,0,11.0263,2.48759,0,2082,48151793569
20.8418,47.9805,71.0526,0,92,86,75,1369,3504,2.22611,0,11.0263,2.48759,0,2082,48199805357
676.483,1.47823,71.0526,0,92,86,75,1369,3504,2.22611,0,11.0263,2.48759,0,2082,48201252789
104.092,9.60687,71.875,0,97,86,75,1364,3504,2.22671,0,11.0263,2.48759,0,2045,48210861713
408.651,2.44708,71.875,0,97,86,75,1364,3504,2.22671,0,11.0263,2.48759,0,2045,48213308813
10.6806,93.6275,71.875,0,97,86,75,1364,3504,2.22671,0,11.0263,2.48759,0,2045,48306937232
840.584,1.18965,71.875,0,97,86,75,1364,3504,2.22671,0,11.0263,2.48759,0,2045,48308128868
28.236,35.4158,71.875,0,97,86,75,1364,3504,2.22671,0,11.0263,2.48759,0,2045,48343546192
24.7593,40.3888,71.875,0,97,86,75,1364,3504,2.22671,0,11.0263,2.48759,0,2045,48383960499
14.5454,68.7503,71.875,0,97,86,75,1364,3504,2.22671,0,11.0263,2.48759,0,2045,48452688519
63.3726,15.7797,71.875,0,97,86,75,1364,3504,2.22671,0,11.0263,2.48759,0,2045,48468470081
22.5248,44.3956,71.875,0,97,86,75,1364,3504,2.22671,0,11.0263,2.48759,0,2045,48512867724
978.903,1.02155,71.875,0,97,86,75,1364,3504,2.22671,0,11.0263,2.48759,0,2045,48513888511
17.1574,58.2838,71.875,0,97,86,75,1364,3504,2.22671,0,11.0263,2.48759,0,2045,48572173564
159.017,6.28862,71.875,0,97,86,75,1364,3504,2.22671,0,11.0263,2.48759,0,2045,48578464238
14.6107,68.4432,71.875,0,97,86,75,1364,3504,2.22671,0,11.0263,2.48759,0,2045,48646907084
1105.43,0.904628,71.875,0,97,86,75,1364,3504,2.22671,0,11.0263,2.48759,0,2045,48647832584
22.9331,43.605,71.875,0,97,86,75,1364,3504,2.22671,0,11.0263,2.48759,0,2045,48691440220
459.492,2.17632,71.875,0,97,86,75,1364,3504,2.22671,0,11.0263,2.48759,0,2045,48693616854
22.702,44.0489,71.875,0,97,86,75,1364,3504,2.22671,0,11.0263,2.48759,0,2045,48737696175
687.854,1.4538,85.4118,0,92,83,74,1383,3504,2.22839,0,11.0276,2.48759,0,1795,48739120582
18.6117,53.7297,85.4118,0,92,83,74,1383,3504,2.22839,0,11.0276,2.48759,0,1795,48792853160
420.839,2.37621,85.4118,0,92,83,74,1383,3504,2.22839,0,11.0276,2.48759,0,1795,48795231036
30.3575,32.9408,85.4118,0,92,83,74,1383,3504,2.22839,0,11.0276,2.48759,0,1795,48828173213
943.37,1.06003,85.4118,0,92,83,74,1383,3504,2.22839,0,11.0276,2.48759,0,1795,48829232648
34.8614,28.685,85.4118,0,92,83,74,1383,3504,2.22839,0,11.0276,2.48759,0,1795,48857940203
902.965,1.10746,85.4118,0,92,83,74,1383,3504,2.22839,0,11.0276,2.48759,0,1795,48859047869
16.8428,59.3724,85.4118,0,92,83,74,1383,3504,2.22839,0,11.0276,2.48759,0,1795,48918420650
838.47,1.19265,85.4118,0,92,83,74,1383,3504,2.22839,0,11.0276,2.48759,0,1795,48919613052
20.3783,49.0718,85.4118,0,92,83,74,1383,3504,2.22839,0,11.0276,2.48759,0,1795,48968686822
934.87,1.06967,85.4118,0,92,83,74,1383,3504,2.22839,0,11.0276,2.48759,0,1795,48969756441
41.0927,24.3352,85.4118,0,92,83,74,1383,3504,2.22839,0,11.0276,2.48759,0,1795,48994093613
448.258,2.23086,85.4118,0,92,83,74,1383,3504,2.22839,0,11.0276,2.48759,0,1795,48996325375
35.1243,28.4703,85.4118,0,92,83,74,1383,3504,2.22839,0,11.0276,2.48759,0,1795,49024820722
176.522,5.665,85.4118,0,92,83,74,1383,3504,2.22839,0,11.0276,2.48759,0,1795,49030483947
20.3659,49.1018,85.4118,0,92,83,74,1383,3504,2.22839,0,11.0276,2.48759,0,1795,49079586826
1067.39,0.936866,85.4118,0,92,83,74,1383,3504,2.22839,0,11.0276,2.48759,0,1795,49080523099
16.9748,58.9107,85.4118,0,92,83,74,1383,3504,2.22839,0,11.0276,2.48759,0,1795,49139435514
492.027,2.03241,85.4118,0,92,83,74,1383,3504,2.22839,0,11.0276,2.48759,0,1795,49141467927
19.6044,51.009,85.4118,0,92,83,74,1383,3504,2.22839,0,11.0276,2.48759,0,1795,49192478269
1224.72,0.816516,85.4118,0,92,83,74,1383,3504,2.22839,0,11.0276,2.48759,0,1795,49193293970
22.024,45.405,85.4118,0,92,83,74,1383,3504,2.22839,0,11.0276,2.48759,0,1795,49239185754
479.552,2.08528,82.9517,0,92,83,74,1383,3504,2.22839,0,11.0281,2.48759,0,1765,49240788048
74.8545,13.3593,82.9517,0,92,83,74,1383,3504,2.22839,0,11.0281,2.48759,0,1765,49254148905
119.324,8.38052,82.9517,0,92,83,74,1383,3504,2.22839,0,11.0281,2.48759,0,1765,49262530885
17.2896,57.8381,82.9517,0,92,83,74,1383,3504,2.22839,0,11.0281,2.48759,0,1765,49320390424
1034.31,0.966831,82.9517,0,92,83,74,1383,3504,2.22839,0,11.0281,2.48759,0,1765,49321335195
33.2676,30.0593,82.9517,0,92,83,74,1383,3504,2.22839,0,11.0281,2.48759,0,1765,49351396156
669.991,1.49256,82.9517,0,92,83,74,1383,3504,2.22839,0,11.0281,2.48759,0,1765,49352887889
54.9267,18.2061,82.9517,0,92,83,74,1383,3504,2.22839,0,11.0281,2.48759,0,1765,49371096915
216.323,4.62272,82.9517,0,92,83,74,1383,3504,2.22839,0,11.0281,2.48759,0,1765,49375720745
41.2726,24.2291,82.9517,0,92,83,74,1383,3504,2.22839,0,11.0281,2.48759,0,1765,49399949804
87.087,11.4828,82.9517,0,92,83,74,1383,3504,2.22839,0,11.0281,2.48759,0,1765,49411446734
31.0429,32.2135,82.9517,0,92,83,74,1383,3504,2.22839,0,11.0281,2.48759,0,1765,49443648246
911.02,1.09767,82.9517,0,92,83,74,1383,3504,2.22839,0,11.0281,2.48759,0,1765,49444745652
26.922,37.1443,82.9517,0,92,83,74,1383,3504,2.22839,0,11.0281,2.48759,0,1765,49481892067
607.033,1.64736,82.9517,0,92,83,74,1383,3504,2.22839,0,11.0281,2.48759,0,1765,49483539387
27.6631,36.1492,82.9517,0,92,83,74,1383,3504,2.22839,0,11.0281,2.48759,0,1765,49519713629
938.516,1.06551,82.9517,0,92,83,74,1383,3504,2.22839,0,11.0281,2.48759,0,1765,49520777235
23.8367,41.9521,82.9517,0,92,83,74,1383,3504,2.22839,0,11.0281,2.48759,0,1765,49562731786
1045.57,0.956414,82.9517,0,92,83,74,1383,3504,2.22839,0,11.0281,2.48759,0,1765,49563686744
27.8412,35.918,82.9517,0,92,83,74,1383,3504,2.22839,0,11.0281,2.48759,0,1765,49599628653
732.829,1.36458,82.9517,0,92,83,74,1383,3504,2.22839,0,11.0281,2.48759,0,1765,49600970638
24.9095,40.1454,82.9517,0,92,83,74,1383,3504,2.22839,0,11.0281,2.48759,0,1765,49641135344
941.333,1.06232,82.9517,0,92,83,74,1383,3504,2.22839,0,11.0281,2.48759,0,1765,49642181345
28.9308,34.5652,82.9517,0,92,83,74,1383,3504,2.22839,0,11.0281,2.48759,0,1765,49676748695
1017.16,0.983127,82.9517,0,92,83,74,1383,3504,2.22839,0,11.0281,2.48759,0,1765,49677732073
101.123,9.88898,82.9517,0,92,83,74,1383,3504,2.22839,0,11.0281,2.48759,0,1765,49687621855
129.898,7.69832,82.9517,0,92,83,74,1383,3504,2.22839,0,11.0281,2.48759,0,1765,49695322051
21.352,46.8341,82.9517,0,92,83,74,1383,3504,2.22839,0,11.0281,2.48759,0,1765,49742185283
536.237,1.86485,77.8061,0,66,86,75,1479,3504,2.23349,0,11.021,2.48759,0,1851,49744019931
24.3935,40.9945,77.8061,0,66,86,75,1479,3504,2.23349,0,11.021,2.48759,0,1851,49785030285
1008.79,0.991286,77.8061,0,66,86,75,1479,3504,2.23349,0,11.021,2.48759,0,1851,49786007780
33.963,29.4438,77.8061,0,66,86,75,1479,3504,2.23349,0,11.021,2.48759,0,1851,49815476340
724.787,1.37971,77.8061,0,66,86,75,1479,3504,2.23349,0,11.021,2.48759,0,1851,49816834145
24.0953,41.5019,77.8061,0,66,86,75,1479,3504,2.23349,0,11.021,2.48759,0,1851,49858359000
888.834,1.12507,77.8061,0,66,86,75,1479,3504,2.23349,0,11.021,2.48759,0,1851,49859461455
30.3346,32.9657,77.8061,0,66,86,75,1479,3504,2.23349,0,11.021,2.48759,0,1851,49892451513
1056.66,0.946374,77.8061,0,66,86,75,1479,3504,2.23349,0,11.021,2.48759,0,1851,49893376810
126.799,7.8865,77.8061,0,66,86,75,1479,3504,2.23349,0,11.021,2.48759,0,1851,49901301826
96.4507,10.368,77.8061,0,66,86,75,1479,3504,2.23349,0,11.021,2.48759,0,1851,49911641816
19.2489,51.951,77.8061,0,66,86,75,1479,3504,2.23349,0,11.021,2.48759,0,1851,49963610501
425.605,2.3496,77.8061,0,66,86,75,1479,3504,2.23349,0,11.021,2.48759,0,1851,49965962914
138.271,7.23219,77.8061,0,66,86,75,1479,3504,2.23349,0,11.021,2.48759,0,1851,49973177888
206.957,4.83192,77.8061,0,66,86,75,1479,3504,2.23349,0,11.021,2.48759,0,1851,49978032416
46.1031,21.6905,77.8061,0,66,86,75,1479,3504,2.23349,0,11.021,2.48759,0,1851,49999724569
87.7433,11.3969,77.8061,0,66,86,75,1479,3504,2.23349,0,11.021,2.48759,0,1851,50011100451
46.5557,21.4796,77.8061,0,66,86,75,1479,3504,2.23349,0,11.021,2.48759,0,1851,50032581088
35.0881,28.4997,77.8061,0,66,86,75,1479,3504,2.23349,0,11.021,2.48759,0,1851,50061099583
25.0989,39.8424,77.8061,0,66,86,75,1479,3504,2.23349,0,11.021,2.48759,0,1851,50100924774
399.164,2.50524,77.8061,0,66,86,75,1479,3504,2.23349,0,11.021,2.48759,0,1851,50103430436
27.5219,36.3347,77.8061,0,66,86,75,1479,3504,2.23349,0,11.021,2.48759,0,1851,50139766407
786.171,1.27199,77.8061,0,66,86,75,1479,3504,2.23349,0,11.021,2.48759,0,1851,50141037396
33.9102,29.4897,77.8061,0,66,86,75,1479,3504,2.23349,0,11.021,2.48759,0,1851,50170529286
1016.15,0.984102,77.8061,0,66,86,75,1479,3504,2.23349,0,11.021,2.48759,0,1851,50171513453
22.4643,44.5151,77.8061,0,66,86,75,1479,3504,2.23349,0,11.021,2.48759,0,1851,50216052431
557.855,1.79258,77.8061,0,66,86,75,1479,3504,2.23349,0,11.021,2.48759,0,1851,50217823006
27.1595,36.8195,77.8061,0,66,86,75,1479,3504,2.23349,0,11.021,2.48759,0,1851,50254649828
918.885,1.08827,73.5516,0,66,86,75,1479,3504,2.23349,0,11.0227,2.48759,0,1814,50255731776
102.26,9.77898,73.5516,0,66,86,75,1479,3504,2.23349,0,11.0227,2.48759,0,1814,50265538107
83.6941,11.9483,73.5516,0,66,86,75,1479,3504,2.23349,0,11.0227,2.48759,0,1814,50277465546
31.8369,31.4101,73.5516,0,66,86,75,1479,3504,2.23349,0,11.0227,2.48759,0,1814,50308877217
571.109,1.75098,73.5516,0,66,86,75,1479,3504,2.23349,0,11.0227,2.48759,0,1814,50310627993
34.1958,29.2434,73.5516,0,66,86,75,1479,3504,2.23349,0,11.0227,2.48759,0,1814,50339872791
251.555,3.97527,73.5516,0,66,86,75,1479,3504,2.23349,0,11.0227,2.48759,0,1814,50343849628
41.5327,24.0774,73.5516,0,66,86,75,1479,3504,2.23349,0,11.0227,2.48759,0,1814,50367927785
106.835,9.36022,73.5516,0,66,86,75,1479,3504,2.23349,0,11.0227,2.48759,0,1814,50377288775
8.62511,115.941,73.5516,0,66,86,75,1479,3504,2.23349,0,11.0227,2.48759,0,1814,50493230519
497.866,2.00857,73.5516,0,66,86,75,1479,3504,2.23349,0,11.0227,2.48759,0,1814,50495259642
29.9691,33.3677,73.5516,0,66,86,75,1479,3504,2.23349,0,11.0227,2.48759,0,1814,50528607893
1012.55,0.987603,73.5516,0,66,86,75,1479,3504,2.23349,0,11.0227,2.48759,0,1814,50529595347
70.152,14.2548,73.5516,0,66,86,75,1479,3504,2.23349,0,11.0227,2.48759,0,1814,50543853183
1047.99,0.95421,73.5516,0,66,86,75,1479,3504,2.23349,0,11.0227,2.48759,0,1814,50544827294
23.0779,43.3314,73.5516,0,66,86,75,1479,3504,2.23349,0,11.0227,2.48759,0,1814,50588140536
679.22,1.47228,73.5516,0,66,86,75,1479,3504,2.23349,0,11.0227,2.48759,0,1814,50589612272
6.30644,158.568,73.5516,0,66,86,75,1479,3504,2.23349,0,11.0227,2.48759,0,1814,50748181909
85.0874,11.7526,73.5516,0,66,86,75,1479,3504,2.23349,0,11.0227,2.48759,0,1814,50759960681
13.2191,75.6484,68.2864,0,97,86,75,1362,3504,2.23419,0,11.0271,2.48759,0,2116,50835585122
89.5639,11.1652,68.2864,0,97,86,75,1362,3504,2.23419,0,11.0271,2.48759,0,2116,50846750375
30.5527,32.7303,68.2864,0,97,86,75,1362,3504,2.23419,0,11.0271,2.48759,0,2116,50879481986
745.69,1.34104,68.2864,0,97,86,75,1362,3504,2.23419,0,11.0271,2.48759,0,2116,50880823015
25.9745,38.4992,68.2864,0,97,86,75,1362,3504,2.23419,0,11.0271,2.48759,0,2116,50919324449
1049.6,0.952748,68.2864,0,97,86,75,1362,3504,2.23419,0,11.0271,2.48759,0,2116,50920276404
27.5049,36.3572,68.2864,0,97,86,75,1362,3504,2.23419,0,11.0271,2.48759,0,2116,50956635171
1171.4,0.853678,68.2864,0,97,86,75,1362,3504,2.23419,0,11.0271,2.48759,0,2116,50957487723
23.4646,42.6173,68.2864,0,97,86,75,1362,3504,2.23419,0,11.0271,2.48759,0,2116,51000108748
586.819,1.7041,68.2864,0,97,86,75,1362,3504,2.23419,0,11.0271,2.48759,0,2116,51001812853
97.5856,10.2474,68.2864,0,97,86,75,1362,3504,2.23419,0,11.0271,2.48759,0,2116,51012061875
839.428,1.19129,68.2864,0,97,86,75,1362,3504,2.23419,0,11.0271,2.48759,0,2116,51013253207
20.8535,47.9536,68.2864,0,97,86,75,1362,3504,2.23419,0,11.0271,2.48759,0,2116,51061230367
609.903,1.63961,68.2864,0,97,86,75,1362,3504,2.23419,0,11.0271,2.48759,0,2116,51062851834
33.5906,29.7702,68.2864,0,97,86,75,1362,3504,2.23419,0,11.0271,2.48759,0,2116,51092644955
559.368,1.78773,68.2864,0,97,86,75,1362,3504,2.23419,0,11.0271,2.48759,0,2116,51094409473
31.4305,31.8162,68.2864,0,97,86,75,1362,3504,2.23419,0,11.0271,2.48759,0,2116,51126227369
739.552,1.35217,68.2864,0,97,86,75,1362,3504,2.23419,0,11.0271,2.48759,0,2116,51127578830
24.6337,40.5947,68.2864,0,97,86,75,1362,3504,2.23419,0,11.0271,2.48759,0,2116,51168175797
931.289,1.07378,68.2864,0,97,86,75,1362,3504,2.23419,0,11.0271,2.48759,0,2116,51169249431
23.1942,43.1143,68.2864,0,97,86,75,1362,3504,2.23419,0,11.0271,2.48759,0,2116,51212386384
1016.36,0.983902,68.2864,0,97,86,75,1362,3504,2.23419,0,11.0271,2.48759,0,2116,51213369723
46.9802,21.2856,68.2864,0,97,86,75,1362,3504,2.23419,0,11.0271,2.48759,0,2116,51234656941
473.214,2.11321,68.2864,0,97,86,75,1362,3504,2.23419,0,11.0271,2.48759,0,2116,51236770637
36.3025,27.5463,68.2864,0,97,86,75,1362,3504,2.23419,0,11.0271,2.48759,0,2116,51264325407
71.7079,13.9455,77.1208,0,73,86,74,1388,3504,2.23682,0,11.0423,2.48759,0,1725,51278264329
21.6588,46.1705,77.1208,0,73,86,74,1388,3504,2.23682,0,11.0423,2.48759,0,1725,51324435313
1209.74,0.826623,77.1208,0,73,86,74,1388,3504,2.23682,0,11.0423,2.48759,0,1725,51325261106
28.8751,34.632,77.1208,0,73,86,74,1388,3504,2.23682,0,11.0423,2.48759,0,1725,51359896358
712.677,1.40316,77.1208,0,73,86,74,1388,3504,2.23682,0,11.0423,2.48759,0,1725,51361298599
37.8211,26.4403,77.1208,0,73,86,74,1388,3504,2.23682,0,11.0423,2.48759,0,1725,51387740850
1099.06,0.909865,77.1208,0,73,86,74,1388,3504,2.23682,0,11.0423,2.48759,0,1725,51388650063
50.6421,19.7464,77.1208,0,73,86,74,1388,3504,2.23682,0,11.0423,2.48759,0,1725,51408399128
770.349,1.29811,77.1208,0,73,86,74,1388,3504,2.23682,0,11.0423,2.48759,0,1725,51409697595
24.1724,41.3695,77.1208,0,73,86,74,1388,3504,2.23682,0,11.0423,2.48759,0,1725,51451068355
115.912,8.62724,77.1208,0,73,86,74,1388,3504,2.23682,0,11.0423,2.48759,0,1725,51459696146
33.572,29.7867,77.1208,0,73,86,74,1388,3504,2.23682,0,11.0423,2.48759,0,1725,51489484735
298.317,3.35214,77.1208,0,73,86,74,1388,3504,2.23682,0,11.0423,2.48759,0,1725,51492837430
32.9445,30.3541,77.1208,0,73,86,74,1388,3504,2.23682,0,11.0423,2.48759,0,1725,51523214286
291.017,3.43622,77.1208,0,73,86,74,1388,3504,2.23682,0,11.0423,2.48759,0,1725,51526652245
8.55121,116.943,77.1208,0,73,86,74,1388,3504,2.23682,0,11.0423,2.48759,0,1725,51643595177
670.094,1.49233,77.1208,0,73,86,74,1388,3504,2.23682,0,11.0423,2.48759,0,1725,51645065159
31.8955,31.3523,77.1208,0,73,86,74,1388,3504,2.23682,0,11.0423,2.48759,0,1725,51676441343
1332.36,0.750548,77.1208,0,73,86,74,1388,3504,2.23682,0,11.0423,2.48759,0,1725,51677169517
80.8194,12.3733,77.1208,0,73,86,74,1388,3504,2.23682,0,11.0423,2.48759,0,1725,51689546633
252.513,3.96019,77.1208,0,73,86,74,1388,3504,2.23682,0,11.0423,2.48759,0,1725,51693528338
30.0633,33.2631,77.1208,0,73,86,74,1388,3504,2.23682,0,11.0423,2.48759,0,1725,51726771975
903.227,1.10714,77.1208,0,73,86,74,1388,3504,2.23682,0,11.0423,2.48759,0,1725,51727878194
17.1454,58.3248,77.1208,0,73,86,74,1388,3504,2.23682,0,11.0423,2.48759,0,1725,51786228500
599.803,1.66721,71.1864,0,73,85,74,1388,3504,2.23682,0,11.0435,2.48759,0,1857,51787871915
21.7578,45.9605,71.1864,0,73,85,74,1388,3504,2.23682,0,11.0435,2.48759,0,1857,51833833802
851.528,1.17436,71.1864,0,73,85,74,1388,3504,2.23682,0,11.0435,2.48759,0,1857,51835012377
84.5849,11.8224,71.1864,0,73,85,74,1388,3504,2.23682,0,11.0435,2.48759,0,1857,51846833957
73.7642,13.5567,71.1864,0,73,85,74,1388,3504,2.23682,0,11.0435,2.48759,0,1857,51860414149
35.2803,28.3444,71.1864,0,73,85,74,1388,3504,2.23682,0,11.0435,2.48759,0,1857,51888758422
257.67,3.88093,71.1864,0,73,85,74,1388,3504,2.23682,0,11.0435,2.48759,0,1857,51892639746
30.8258,32.4403,71.1864,0,73,85,74,1388,3504,2.23682,0,11.0435,2.48759,0,1857,51925081500
944.403,1.05887,71.1864,0,73,85,74,1388,3504,2.23682,0,11.0435,2.48759,0,1857,51926140901
27.9201,35.8165,71.1864,0,73,85,74,1388,3504,2.23682,0,11.0435,2.48759,0,1857,51961980357
1076.89,0.928603,71.1864,0,73,85,74,1388,3504,2.23682,0,11.0435,2.48759,0,1857,51962886587
20.9718,47.6832,71.1864,0,73,85,74,1388,3504,2.23682,0,11.0435,2.48759,0,1857,52010592921
660.529,1.51394,71.1864,0,73,85,74,1388,3504,2.23682,0,11.0435,2.48759,0,1857,52012085978
25.355,39.44,71.1864,0,73,85,74,1388,3504,2.23682,0,11.0435,2.48759,0,1857,52051527603
783.658,1.27607,71.1864,0,73,85,74,1388,3504,2.23682,0,11.0435,2.48759,0,1857,52052823496
69.8089,14.3248,71.1864,0,73,85,74,1388,3504,2.23682,0,11.0435,2.48759,0,1857,52067150806
110.483,9.05116,71.1864,0,73,85,74,1388,3504,2.23682,0,11.0435,2.48759,0,1857,52076206594
17.5247,57.0622,71.1864,0,73,85,74,1388,3504,2.23682,0,11.0435,2.48759,0,1857,52133247831
609.065,1.64186,71.1864,0,73,85,74,1388,3504,2.23682,0,11.0435,2.48759,0,1857,52134888776
57.7047,17.3296,71.1864,0,73,85,74,1388,3504,2.23682,0,11.0435,2.48759,0,1857,52152219519
1066.55,0.937606,71.1864,0,73,85,74,1388,3504,2.23682,0,11.0435,2.48759,0,1857,52153156367
26.6913,37.4654,71.1864,0,73,85,74,1388,3504,2.23682,0,11.0435,2.48759,0,1857,52190624001
566.308,1.76582,71.1864,0,73,85,74,1388,3504,2.23682,0,11.0435,2.48759,0,1857,52192390340
27.7244,36.0693,71.1864,0,73,85,74,1388,3504,2.23682,0,11.0435,2.48759,0,1857,52228482606
613.429,1.63018,71.1864,0,73,85,74,1388,3504,2.23682,0,11.0435,2.48759,0,1857,52230092145
22.1057,45.2371,71.1864,0,73,85,74,1388,3504,2.23682,0,11.0435,2.48759,0,1857,52275329733
649.247,1.54025,71.1864,0,73,85,74,1388,3504,2.23682,0,11.0435,2.48759,0,1857,52276890819
72.8342,13.7298,71.1864,0,73,85,74,1388,3504,2.23682,0,11.0435,2.48759,0,1857,52290732038
543.411,1.84023,78.0549,0,88,85,74,1376,3504,2.23724,0,11.0443,2.48759,0,1724,52292442508
22.684,44.0839,78.0549,0,88,85,74,1376,3504,2.23724,0,11.0443,2.48759,0,1724,52336531928
1063.82,0.940013,78.0549,0,88,85,74,1376,3504,2.23724,0,11.0443,2.48759,0,1724,52337468969
15.7731,63.3991,78.0549,0,88,85,74,1376,3504,2.23724,0,11.0443,2.48759,0,1724,52400890812
607.395,1.64637,78.0549,0,88,85,74,1376,3504,2.23724,0,11.0443,2.48759,0,1724,52402515349
25.2609,39.5869,78.0549,0,88,85,74,1376,3504,2.23724,0,11.0443,2.48759,0,1724,52442104867
1101.6,0.907773,78.0549,0,88,85,74,1376,3504,2.23724,0,11.0443,2.48759,0,1724,52443011593
139.728,7.15676,78.0549,0,88,85,74,1376,3504,2.23724,0,11.0443,2.48759,0,1724,52450170806
115.696,8.64332,78.0549,0,88,85,74,1376,3504,2.23724,0,11.0443,2.48759,0,1724,52459093553
26.0972,38.3183,78.0549,0,88,85,74,1376,3504,2.23724,0,11.0443,2.48759,0,1724,52497135240
1113.06,0.898423,78.0549,0,88,85,74,1376,3504,2.23724,0,11.0443,2.48759,0,1724,52498032411
19.8302,50.4281,78.0549,0,88,85,74,1376,3504,2.23724,0,11.0443,2.48759,0,1724,52548475182
768.312,1.30155,78.0549,0,88,85,74,1376,3504,2.23724,0,11.0443,2.48759,0,1724,52549763367
27.0275,36.9993,78.0549,0,88,85,74,1376,3504,2.23724,0,11.0443,2.48759,0,1724,52586789900
982.117,1.01821,78.0549,0,88,85,74,1376,3504,2.23724,0,11.0443,2.48759,0,1724,52587784636
111.014,9.00787,78.0549,0,88,85,74,1376,3504,2.23724,0,11.0443,2.48759,0,1724,52596819209
79.6586,12.5536,78.0549,0,88,85,74,1376,3504,2.23724,0,11.0443,2.48759,0,1724,52609372119
20.2907,49.2836,78.0549,0,88,85,74,1376,3504,2.23724,0,11.0443,2.48759,0,1724,52658633732
717.704,1.39333,78.0549,0,88,85,74,1376,3504,2.23724,0,11.0443,2.48759,0,1724,52660026814
99.4777,10.0525,78.0549,0,88,85,74,1376,3504,2.23724,0,11.0443,2.48759,0,1724,52670102751
176.435,5.66782,78.0549,0,88,85,74,1376,3504,2.23724,0,11.0443,2.48759,0,1724,52675771923
35.942,27.8226,78.0549,0,88,85,74,1376,3504,2.23724,0,11.0443,2.48759,0,1724,52703594986
152.218,6.56953,78.0549,0,88,85,74,1376,3504,2.23724,0,11.0443,2.48759,0,1724,52710165710
43.7304,22.8674,78.0549,0,88,85,74,1376,3504,2.23724,0,11.0443,2.48759,0,1724,52733034432
113.183,8.83522,78.0549,0,88,85,74,1376,3504,2.23724,0,11.0443,2.48759,0,1724,52741870316
37.7318,26.5029,78.0549,0,88,85,74,1376,3504,2.23724,0,11.0443,2.48759,0,1724,52768374199
99.7452,10.0255,78.0549,0,88,85,74,1376,3504,2.23724,0,11.0443,2.48759,0,1724,52778401095
36.3004,27.5479,78.0549,0,88,85,74,1376,3504,2.23724,0,11.0443,2.48759,0,1724,52805957394
52.0702,19.2049,77.7506,0,88,84,74,1376,3504,2.23724,0,11.0655,2.48759,0,1727,52825155267
41.0155,24.381,77.7506,0,88,84,74,1376,3504,2.23724,0,11.0655,2.48759,0,1727,52850060879
119.935,8.33785,77.7506,0,88,84,74,1376,3504,2.23724,0,11.0655,2.48759,0,1727,52858399340
40.2269,24.859,77.7506,0,88,84,74,1376,3504,2.23724,0,11.0655,2.48759,0,1727,52883260159
118.625,8.42992,77.7506,0,88,84,74,1376,3504,2.23724,0,11.0655,2.48759,0,1727,52891711036
45.6836,21.8897,77.7506,0,88,84,74,1376,3504,2.23724,0,11.0655,2.48759,0,1727,52913627701
88.1226,11.3478,77.7506,0,88,84,74,1376,3504,2.23724,0,11.0655,2.48759,0,1727,52924970458
12.5812,79.4834,77.7506,0,88,84,74,1376,3504,2.23724,0,11.0655,2.48759,0,1727,53004454312
690.528,1.44817,77.7506,0,88,84,74,1376,3504,2.23724,0,11.0655,2.48759,0,1727,53005901692
12.9196,77.4016,77.7506,0,88,84,74,1376,3504,2.23724,0,11.0655,2.48759,0,1727,53083305510
1330.77,0.751442,77.7506,0,88,84,74,1376,3504,2.23724,0,11.0655,2.48759,0,1727,53084074784
14.7161,67.9526,77.7506,0,88,84,74,1376,3504,2.23724,0,11.0655,2.48759,0,1727,53152010402
886.181,1.12844,77.7506,0,88,84,74,1376,3504,2.23724,0,11.0655,2.48759,0,1727,53153138353
18.7801,53.2479,77.7506,0,88,84,74,1376,3504,2.23724,0,11.0655,2.48759,0,1727,53206406158
1224.81,0.816451,77.7506,0,88,84,74,1376,3504,2.23724,0,11.0655,2.48759,0,1727,53207204002
21.1275,47.3317,77.7506,0,88,84,74,1376,3504,2.23724,0,11.0655,2.48759,0,1727,53254555904
796.447,1.25558,77.7506,0,88,84,74,1376,3504,2.23724,0,11.0655,2.48759,0,1727,53255792200
17.9196,55.8048,77.7506,0,88,84,74,1376,3504,2.23724,0,11.0655,2.48759,0,1727,53311620745
1183.24,0.845134,49.6164,0,93,84,74,1379,3504,2.2375,0,11.0643,2.48759,0,2180,53312443759
26.621,37.5644,49.6164,0,93,84,74,1379,3504,2.2375,0,11.0643,2.48759,0,2180,53350011793
1447.65,0.690773,49.6164,0,93,84,74,1379,3504,2.2375,0,11.0643,2.48759,0,2180,53350700267
21.5505,46.4027,49.6164,0,93,84,74,1379,3504,2.2375,0,11.0643,2.48759,0,2180,53397126453
746.475,1.33963,49.6164,0,93,84,74,1379,3504,2.2375,0,11.0643,2.48759,0,2180,53398444447
17.26,57.9374,49.6164,0,93,84,74,1379,3504,2.2375,0,11.0643,2.48759,0,2180,53456405044
1228.7,0.813867,49.6164,0,93,84,74,1379,3504,2.2375,0,11.0643,2.48759,0,2180,53457197963
18.6462,53.6304,49.6164,0,93,84,74,1379,3504,2.2375,0,11.0643,2.48759,0,2180,53510849228
715.516,1.39759,49.6164,0,93,84,74,1379,3504,2.2375,0,11.0643,2.48759,0,2180,53512245995
23.2947,42.9283,49.6164,0,93,84,74,1379,3504,2.2375,0,11.0643,2.48759,0,2180,53555194234
375.344,2.66422,49.6164,0,93,84,74,1379,3504,2.2375,0,11.0643,2.48759,0,2180,53557857505
26.0148,38.4397,49.6164,0,93,84,74,1379,3504,2.2375,0,11.0643,2.48759,0,2180,53596281426
1879.36,0.532096,49.6164,0,93,84,74,1379,3504,2.2375,0,11.0643,2.48759,0,2180,53596812574
12.99,76.9824,49.6164,0,93,84,74,1379,3504,2.2375,0,11.0643,2.48759,0,2180,53673797117
841.731,1.18803,49.6164,0,93,84,74,1379,3504,2.2375,0,11.0643,2.48759,0,2180,53674984178
19.3277,51.7393,49.6164,0,93,84,74,1379,3504,2.2375,0,11.0643,2.48759,0,2180,53726747436
973.787,1.02692,49.6164,0,93,84,74,1379,3504,2.2375,0,11.0643,2.48759,0,2180,53727774523
33.9302,29.4723,49.6164,0,93,84,74,1379,3504,2.2375,0,11.0643,2.48759,0,2180,53757270634
954.587,1.04757,49.6164,0,93,84,74,1379,3504,2.2375,0,11.0643,2.48759,0,2180,53758295741
28.4544,35.144,49.6164,0,93,84,74,1379,3504,2.2375,0,11.0643,2.48759,0,2180,53793442427
453.957,2.20285,49.6164,0,93,84,74,1379,3504,2.2375,0,11.0643,2.48759,0,2180,53795644699
26.5021,37.7329,49.6164,0,93,84,74,1379,3504,2.2375,0,11.0643,2.48759,0,2180,53833405845
1038.81,0.962636,61.9512,0,73,85,74,1496,3504,2.23761,0,11.0776,2.48759,0,1744,53834340871
30.81,32.457,61.9512,0,73,85,74,1496,3504,2.23761,0,11.0776,2.48759,0,1744,53866800296
959.478,1.04223,61.9512,0,73,85,74,1496,3504,2.23761,0,11.0776,2.48759,0,1744,53867841658
62.5487,15.9876,61.9512,0,73,85,74,1496,3504,2.23761,0,11.0776,2.48759,0,1744,53883854587
139.283,7.17965,61.9512,0,73,85,74,1496,3504,2.23761,0,11.0776,2.48759,0,1744,53891012735
22.1672,45.1117,61.9512,0,73,85,74,1496,3504,2.23761,0,11.0776,2.48759,0,1744,53936124425
792.536,1.26177,61.9512,0,73,85,74,1496,3504,2.23761,0,11.0776,2.48759,0,1744,53937384900
78.2138,12.7855,61.9512,0,73,85,74,1496,3504,2.23761,0,11.0776,2.48759,0,1744,53950173678
134.151,7.45428,61.9512,0,73,85,74,1496,3504,2.23761,0,11.0776,2.48759,0,1744,53957628432
26.1737,38.2063,61.9512,0,73,85,74,1496,3504,2.23761,0,11.0776,2.48759,0,1744,53995857613
86.1791,11.6037,61.9512,0,73,85,74,1496,3504,2.23761,0,11.0776,2.48759,0,1744,54007440870
21.618,46.2578,61.9512,0,73,85,74,1496,3504,2.23761,0,11.0776,2.48759,0,1744,54053739246
821.757,1.2169,61.9512,0,73,85,74,1496,3504,2.23761,0,11.0776,2.48759,0,1744,54054933049
43.9771,22.7391,61.9512,0,73,85,74,1496,3504,2.23761,0,11.0776,2.48759,0,1744,54077657271
935.898,1.06849,61.9512,0,73,85,74,1496,3504,2.23761,0,11.0776,2.48759,0,1744,54078724585
46.4479,21.5295,61.9512,0,73,85,74,1496,3504,2.23761,0,11.0776,2.48759,0,1744,54100257778
139.147,7.18664,61.9512,0,73,85,74,1496,3504,2.23761,0,11.0776,2.48759,0,1744,54107465810
17.7629,56.297,61.9512,0,73,85,74,1496,3504,2.23761,0,11.0776,2.48759,0,1744,54163741031
692.083,1.44491,61.9512,0,73,85,74,1496,3504,2.23761,0,11.0776,2.48759,0,1744,54165187396
71.0765,14.0694,61.9512,0,73,85,74,1496,3504,2.23761,0,11.0776,2.48759,0,1744,54179258271
87.4778,11.4315,61.9512,0,73,85,74,1496,3504,2.23761,0,11.0776,2.48759,0,1744,54190708418
36.2241,27.6059,61.9512,0,73,85,74,1496,3504,2.23761,0,11.0776,2.48759,0,1744,54218297963
177.949,5.61958,61.9512,0,73,85,74,1496,3504,2.23761,0,11.0776,2.48759,0,1744,54223918294
33.0355,30.2705,61.9512,0,73,85,74,1496,3504,2.23761,0,11.0776,2.48759,0,1744,54254189611
305.907,3.26897,61.9512,0,73,85,74,1496,3504,2.23761,0,11.0776,2.48759,0,1744,54257459317
33.3566,29.9791,61.9512,0,73,85,74,1496,3504,2.23761,0,11.0776,2.48759,0,1744,54287440445
343.024,2.91525,61.9512,0,73,85,74,1496,3504,2.23761,0,11.0776,2.48759,0,1744,54290376034
24.8633,40.22,61.9512,0,73,85,74,1496,3504,2.23761,0,11.0776,2.48759,0,1744,54330598281
1093.51,0.914488,61.9512,0,73,85,74,1496,3504,2.23761,0,11.0776,2.48759,0,1744,54331504101
57.7275,17.3228,61.9512,0,73,85,74,1496,3504,2.23761,0,11.0776,2.48759,0,1744,54349003381
120.476,8.30042,59.1787,0,82,85,74,1397,3504,2.23761,0,11.071,2.48759,0,1728,54357116924
40.8301,24.4917,59.1787,0,82,85,74,1397,3504,2.23761,0,11.071,2.48759,0,1728,54381631310
112.098,8.92075,59.1787,0,82,85,74,1397,3504,2.23761,0,11.071,2.48759,0,1728,54390532465
31.6693,31.5764,59.1787,0,82,85,74,1397,3504,2.23761,0,11.071,2.48759,0,1728,54422130840
261.476,3.82444,59.1787,0,82,85,74,1397,3504,2.23761,0,11.071,2.48759,0,1728,54425934668
28.7263,34.8113,59.1787,0,82,85,74,1397,3504,2.23761,0,11.071,2.48759,0,1728,54460768500
75.3326,13.2745,59.1787,0,82,85,74,1397,3504,2.23761,0,11.071,2.48759,0,1728,54474044592
16.547,60.4341,59.1787,0,82,85,74,1397,3504,2.23761,0,11.071,2.48759,0,1728,54534484753
361.92,2.76304,59.1787,0,82,85,74,1397,3504,2.23761,0,11.071,2.48759,0,1728,54537263820
51.109,19.566,59.1787,0,82,85,74,1397,3504,2.23761,0,11.071,2.48759,0,1728,54556813366
344.81,2.90015,59.1787,0,82,85,74,1397,3504,2.23761,0,11.071,2.48759,0,1728,54559713898
16.8385,59.3876,59.1787,0,82,85,74,1397,3504,2.23761,0,11.071,2.48759,0,1728,54619101141
1064.91,0.939048,59.1787,0,82,85,74,1397,3504,2.23761,0,11.071,2.48759,0,1728,54620039662
24.348,41.0712,59.1787,0,82,85,74,1397,3504,2.23761,0,11.071,2.48759,0,1728,54661111776
738.314,1.35444,59.1787,0,82,85,74,1397,3504,2.23761,0,11.071,2.48759,0,1728,54662465473
24.4476,40.9039,59.1787,0,82,85,74,1397,3504,2.23761,0,11.071,2.48759,0,1728,54703372069
1293.72,0.772966,59.1787,0,82,85,74,1397,3504,2.23761,0,11.071,2.48759,0,1728,54704144028
21.7419,45.9942,59.1787,0,82,85,74,1397,3504,2.23761,0,11.071,2.48759,0,1728,54750140775
1067.01,0.9372,59.1787,0,82,85,74,1397,3504,2.23761,0,11.071,2.48759,0,1728,54751077308
25.0532,39.915,59.1787,0,82,85,74,1397,3504,2.23761,0,11.071,2.48759,0,1728,54791015238
762.872,1.31084,59.1787,0,82,85,74,1397,3504,2.23761,0,11.071,2.48759,0,1728,54792325450
87.0523,11.4873,59.1787,0,82,85,74,1397,3504,2.23761,0,11.071,2.48759,0,1728,54803814786
169.647,5.89461,59.1787,0,82,85,74,1397,3504,2.23761,0,11.071,2.48759,0,1728,54809710599
15.3679,65.0708,59.1787,0,82,85,74,1397,3504,2.23761,0,11.071,2.48759,0,1728,54874803398
902.341,1.10823,85.7143,0,82,84,74,1397,3504,2.23761,0,11.0915,2.48759,0,1845,54875889148
26.7943,37.3214,85.7143,0,82,84,74,1397,3504,2.23761,0,11.0915,2.48759,0,1845,54913233971
602.167,1.66067,85.7143,0,82,84,74,1397,3504,2.23761,0,11.0915,2.48759,0,1845,54914873804
112.64,8.87784,85.7143,0,82,84,74,1397,3504,2.23761,0,11.0915,2.48759,0,1845,54923754984
984.168,1.01609,85.7143,0,82,84,74,1397,3504,2.23761,0,11.0915,2.48759,0,1845,54924770950
27.8163,35.9501,85.7143,0,82,84,74,1397,3504,2.23761,0,11.0915,2.48759,0,1845,54960721661
78.3036,12.7708,85.7143,0,82,84,74,1397,3504,2.23761,0,11.0915,2.48759,0,1845,54973494437
24.1634,41.3848,85.7143,0,82,84,74,1397,3504,2.23761,0,11.0915,2.48759,0,1845,55014880106
160.942,6.21341,85.7143,0,82,84,74,1397,3504,2.23761,0,11.0915,2.48759,0,1845,55021094341
28.5811,34.9881,85.7143,0,82,84,74,1397,3504,2.23761,0,11.0915,2.48759,0,1845,55056106546
438.112,2.28252,85.7143,0,82,84,74,1397,3504,2.23761,0,11.0915,2.48759,0,1845,55058367449
15.34,65.1891,85.7143,0,82,84,74,1397,3504,2.23761,0,11.0915,2.48759,0,1845,55123557086
190.317,5.2544,85.7143,0,82,84,74,1397,3504,2.23761,0,11.0915,2.48759,0,1845,55128812618
19.6167,50.9771,85.7143,0,82,84,74,1397,3504,2.23761,0,11.0915,2.48759,0,1845,55179794530
675.234,1.48097,85.7143,0,82,84,74,1397,3504,2.23761,0,11.0915,2.48759,0,1845,55181273681
19.1529,52.2114,85.7143,0,82,84,74,1397,3504,2.23761,0,11.0915,2.48759,0,1845,55233484911
607.281,1.64668,85.7143,0,82,84,74,1397,3504,2.23761,0,11.0915,2.48759,0,1845,55235131772
24.9485,40.0826,85.7143,0,82,84,74,1397,3504,2.23761,0,11.0915,2.48759,0,1845,55275219725
1026.89,0.973813,85.7143,0,82,84,74,1397,3504,2.23761,0,11.0915,2.48759,0,1845,55276190354
20.8723,47.9103,85.7143,0,82,84,74,1397,3504,2.23761,0,11.0915,2.48759,0,1845,55324120458
1347.34,0.742205,85.7143,0,82,84,74,1397,3504,2.23761,0,11.0915,2.48759,0,1845,55324843648
26.3956,37.8851,85.7143,0,82,84,74,1397,3504,2.23761,0,11.0915,2.48759,0,1845,55362730288
703.679,1.4211,85.7143,0,82,84,74,1397,3504,2.23761,0,11.0915,2.48759,0,1845,55364151788
28.3672,35.252,85.7143,0,82,84,74,1397,3504,2.23761,0,11.0915,2.48759,0,1845,55399432731
921.071,1.08569,82.9684,0,90,84,74,1410,3504,2.23821,0,11.0677,2.48759,0,2073,55400489830
27.4398,36.4433,82.9684,0,90,84,74,1410,3504,2.23821,0,11.0677,2.48759,0,2073,55436934930
705.057,1.41833,82.9684,0,90,84,74,1410,3504,2.23821,0,11.0677,2.48759,0,2073,55438366386
110.74,9.03013,82.9684,0,90,84,74,1410,3504,2.23821,0,11.0677,2.48759,0,2073,55447406273
110.84,9.02203,82.9684,0,90,84,74,1410,3504,2.23821,0,11.0677,2.48759,0,2073,55456409132
18.1984,54.9498,82.9684,0,90,84,74,1410,3504,2.23821,0,11.0677,2.48759,0,2073,55511380743
681.837,1.46663,82.9684,0,90,84,74,1410,3504,2.23821,0,11.0677,2.48759,0,2073,55512824847
128.621,7.77479,82.9684,0,90,84,74,1410,3504,2.23821,0,11.0677,2.48759,0,2073,55520602019
437.043,2.28811,82.9684,0,90,84,74,1410,3504,2.23821,0,11.0677,2.48759,0,2073,55522891570
23.8652,41.902,82.9684,0,90,84,74,1410,3504,2.23821,0,11.0677,2.48759,0,2073,55564815353
121.692,8.21745,82.9684,0,90,84,74,1410,3504,2.23821,0,11.0677,2.48759,0,2073,55573037673
28.4697,35.1251,82.9684,0,90,84,74,1410,3504,2.23821,0,11.0677,2.48759,0,2073,55608162462
822.036,1.21649,82.9684,0,90,84,74,1410,3504,2.23821,0,11.0677,2.48759,0,2073,55609378998
24.931,40.1107,82.9684,0,90,84,74,1410,3504,2.23821,0,11.0677,2.48759,0,2073,55649490733
674.42,1.48275,82.9684,0,90,84,74,1410,3504,2.23821,0,11.0677,2.48759,0,2073,55650994858
28.6487,34.9056,82.9684,0,90,84,74,1410,3504,2.23821,0,11.0677,2.48759,0,2073,55685927269
1057.7,0.945446,82.9684,0,90,84,74,1410,3504,2.23821,0,11.0677,2.48759,0,2073,55686846060
77.5206,12.8998,82.9684,0,90,84,74,1410,3504,2.23821,0,11.0677,2.48759,0,2073,55699748968
104.167,9.6,82.9684,0,90,84,74,1410,3504,2.23821,0,11.0677,2.48759,0,2073,55709376337
46.2192,21.636,82.9684,0,90,84,74,1410,3504,2.23821,0,11.0677,2.48759,0,2073,55730989014
118.613,8.4308,82.9684,0,90,84,74,1410,3504,2.23821,0,11.0677,2.48759,0,2073,55739421266
34.6521,28.8583,82.9684,0,90,84,74,1410,3504,2.23821,0,11.0677,2.48759,0,2073,55768282903
113.076,8.84364,82.9684,0,90,84,74,1410,3504,2.23821,0,11.0677,2.48759,0,2073,55777126720
29.8608,33.4887,82.9684,0,90,84,74,1410,3504,2.23821,0,11.0677,2.48759,0,2073,55810637429
81.8299,12.2205,82.9684,0,90,84,74,1410,3504,2.23821,0,11.0677,2.48759,0,2073,55822836790
31.2098,32.0413,82.9684,0,90,84,74,1410,3504,2.23821,0,11.0677,2.48759,0,2073,55854880919
56.6257,17.6598,82.9684,0,90,84,74,1410,3504,2.23821,0,11.0677,2.48759,0,2073,55872561404
19.5402,51.1766,77.1084,0,90,85,74,1410,3504,2.23821,0,11.0691,2.48759,0,1823,55924367164
697.974,1.43272,77.1084,0,90,85,74,1410,3504,2.23821,0,11.0691,2.48759,0,1823,55925149568
64.8632,15.4171,77.1084,0,90,85,74,1410,3504,2.23821,0,11.0691,2.48759,0,1823,55940569875
1442.89,0.693052,77.1084,0,90,85,74,1410,3504,2.23821,0,11.0691,2.48759,0,1823,55941260645
12.683,78.8457,77.1084,0,90,85,74,1410,3504,2.23821,0,11.0691,2.48759,0,1823,56020109258
421.521,2.37236,77.1084,0,90,85,74,1410,3504,2.23821,0,11.0691,2.48759,0,1823,56022480981
41.7451,23.9549,77.1084,0,90,85,74,1410,3504,2.23821,0,11.0691,2.48759,0,1823,56046437893
132.364,7.55494,77.1084,0,90,85,74,1410,3504,2.23821,0,11.0691,2.48759,0,1823,56053993901
70.55,14.1743,77.1084,0,90,85,74,1410,3504,2.23821,0,11.0691,2.48759,0,1823,56068169833
186.738,5.35511,77.1084,0,90,85,74,1410,3504,2.23821,0,11.0691,2.48759,0,1823,56073546148
35.759,27.965,77.1084,0,90,85,74,1410,3504,2.23821,0,11.0691,2.48759,0,1823,56101512150
193.703,5.16253,77.1084,0,90,85,74,1410,3504,2.23821,0,11.0691,2.48759,0,1823,56106654312
24.3593,41.0521,77.1084,0,90,85,74,1410,3504,2.23821,0,11.0691,2.48759,0,1823,56147708171
415.63,2.40599,77.1084,0,90,85,74,1410,3504,2.23821,0,11.0691,2.48759,0,1823,56150113342
26.7413,37.3954,77.1084,0,90,85,74,1410,3504,2.23821,0,11.0691,2.48759,0,1823,56187511479
675.844,1.47963,77.1084,0,90,85,74,1410,3504,2.23821,0,11.0691,2.48759,0,1823,56189013382
91.0852,10.9787,77.1084,0,90,85,74,1410,3504,2.23821,0,11.0691,2.48759,0,1823,56199971447
44.6449,22.399,77.1084,0,90,85,74,1410,3504,2.23821,0,11.0691,2.48759,0,1823,56222393616
28.5144,35.07,77.1084,0,90,85,74,1410,3504,2.23821,0,11.0691,2.48759,0,1823,56257463840
126.85,7.88333,77.1084,0,90,85,74,1410,3504,2.23821,0,11.0691,2.48759,0,1823,56265349733
52.0184,19.224,77.1084,0,90,85,74,1410,3504,2.23821,0,11.0691,2.48759,0,1823,56284574217
204.134,4.89874,77.1084,0,90,85,74,1410,3504,2.23821,0,11.0691,2.48759,0,1823,56289479499
19.1221,52.2956,77.1084,0,90,85,74,1410,3504,2.23821,0,11.0691,2.48759,0,1823,56341770252
876.045,1.14149,77.1084,0,90,85,74,1410,3504,2.23821,0,11.0691,2.48759,0,1823,56342911715
28.7045,34.8378,77.1084,0,90,85,74,1410,3504,2.23821,0,11.0691,2.48759,0,1823,56377769263
649.109,1.54057,77.1084,0,90,85,74,1410,3504,2.23821,0,11.0691,2.48759,0,1823,56379291253
118.651,8.42805,77.1084,0,90,85,74,1410,3504,2.23821,0,11.0691,2.48759,0,1823,56387722198
945.101,1.05809,77.1084,0,90,85,74,1410,3504,2.23821,0,11.0691,2.48759,0,1823,56388779976
29.4692,33.9338,77.1084,0,90,85,74,1410,3504,2.23821,0,11.0691,2.48759,0,1823,56422715820
59.8062,16.7207,77.1084,0,90,85,74,1410,3504,2.23821,0,11.0691,2.48759,0,1823,56439463083
40.5936,24.6344,80.7407,0,85,85,74,1436,3504,2.25358,0,11.0623,2.48759,0,1738,56464073642
115.365,8.66812,80.7407,0,85,85,74,1436,3504,2.25358,0,11.0623,2.48759,0,1738,56472762835
23.5354,42.4891,80.7407,0,85,85,74,1436,3504,2.25358,0,11.0623,2.48759,0,1738,56515233867
385.438,2.59445,80.7407,0,85,85,74,1436,3504,2.25358,0,11.0623,2.48759,0,1738,56517827297
25.2571,39.5929,80.7407,0,85,85,74,1436,3504,2.25358,0,11.0623,2.48759,0,1738,56557426111
910.617,1.09816,80.7407,0,85,85,74,1436,3504,2.25358,0,11.0623,2.48759,0,1738,56558520993
28.6007,34.9641,80.7407,0,85,85,74,1436,3504,2.25358,0,11.0623,2.48759,0,1738,56593487292
980.627,1.01976,80.7407,0,85,85,74,1436,3504,2.25358,0,11.0623,2.48759,0,1738,56594506727
34.1145,29.3131,80.7407,0,85,85,74,1436,3504,2.25358,0,11.0623,2.48759,0,1738,56623820494
651.708,1.53443,80.7407,0,85,85,74,1436,3504,2.25358,0,11.0623,2.48759,0,1738,56625354963
131.25,7.61906,80.7407,0,85,85,74,1436,3504,2.25358,0,11.0623,2.48759,0,1738,56632997186
45.124,22.1612,80.7407,0,85,85,74,1436,3504,2.25358,0,11.0623,2.48759,0,1738,56655158849
18.1393,55.1289,80.7407,0,85,85,74,1436,3504,2.25358,0,11.0623,2.48759,0,1738,56710312717
852.972,1.17237,80.7407,0,85,85,74,1436,3504,2.25358,0,11.0623,2.48759,0,1738,56711463262
50.9231,19.6375,80.7407,0,85,85,74,1436,3504,2.25358,0,11.0623,2.48759,0,1738,56731123619
629.932,1.58747,80.7407,0,85,85,74,1436,3504,2.25358,0,11.0623,2.48759,0,1738,56732689915
11.5756,86.3889,80.7407,0,85,85,74,1436,3504,2.25358,0,11.0623,2.48759,0,1738,56819079922
1524.85,0.655803,80.7407,0,85,85,74,1436,3504,2.25358,0,11.0623,2.48759,0,1738,56819734811
22.4054,44.632,80.7407,0,85,85,74,1436,3504,2.25358,0,11.0623,2.48759,0,1738,56864368064
671.78,1.48858,80.7407,0,85,85,74,1436,3504,2.25358,0,11.0623,2.48759,0,1738,56865857988
31.3936,31.8536,80.7407,0,85,85,74,1436,3504,2.25358,0,11.0623,2.48759,0,1738,56897719334
820.099,1.21937,80.7407,0,85,85,74,1436,3504,2.25358,0,11.0623,2.48759,0,1738,56898933528
34.621,28.8842,80.7407,0,85,85,74,1436,3504,2.25358,0,11.0623,2.48759,0,1738,56927843500
1071.65,0.933141,80.7407,0,85,85,74,1436,3504,2.25358,0,11.0623,2.48759,0,1738,56928752472
25.7742,38.7985,80.7407,0,85,85,74,1436,3504,2.25358,0,11.0623,2.48759,0,1738,56967582523
452.737,2.20879,85.545,0,94,85,74,1390,3504,2.25867,0,11.0775,2.48759,0,1851,56969762122
22.9334,43.6046,85.545,0,94,85,74,1390,3504,2.25867,0,11.0775,2.48759,0,1851,57013368594
698.065,1.43253,85.545,0,94,85,74,1390,3504,2.25867,0,11.0775,2.48759,0,1851,57014799823
73.8637,13.5385,85.545,0,94,85,74,1390,3504,2.25867,0,11.0775,2.48759,0,1851,57028341302
100.842,9.91651,85.545,0,94,85,74,1390,3504,2.25867,0,11.0775,2.48759,0,1851,57038280410
37.3163,26.7979,85.545,0,94,85,74,1390,3504,2.25867,0,11.0775,2.48759,0,1851,57065056833
143.13,6.98668,85.545,0,94,85,74,1390,3504,2.25867,0,11.0775,2.48759,0,1851,57072044191
24.5569,40.7218,85.545,0,94,85,74,1390,3504,2.25867,0,11.0775,2.48759,0,1851,57112788843
581.01,1.72114,85.545,0,94,85,74,1390,3504,2.25867,0,11.0775,2.48759,0,1851,57114511437
26.1165,38.2899,85.545,0,94,85,74,1390,3504,2.25867,0,11.0775,2.48759,0,1851,57152780855
913.902,1.09421,85.545,0,94,85,74,1390,3504,2.25867,0,11.0775,2.48759,0,1851,57153875735
53.3891,18.7304,85.545,0,94,85,74,1390,3504,2.25867,0,11.0775,2.48759,0,1851,57172607143
44.926,22.2588,85.545,0,94,85,74,1390,3504,2.25867,0,11.0775,2.48759,0,1851,57194888655
28.2169,35.4398,85.545,0,94,85,74,1390,3504,2.25867,0,11.0775,2.48759,0,1851,57230308142
664.42,1.50507,85.545,0,94,85,74,1390,3504,2.25867,0,11.0775,2.48759,0,1851,57231813396
30.7199,32.5522,85.545,0,94,85,74,1390,3504,2.25867,0,11.0775,2.48759,0,1851,57264366899
1166.94,0.856944,85.545,0,94,85,74,1390,3504,2.25867,0,11.0775,2.48759,0,1851,57265222912
30.1913,33.1221,85.545,0,94,85,74,1390,3504,2.25867,0,11.0775,2.48759,0,1851,57298347958
481.444,2.07708,85.545,0,94,85,74,1390,3504,2.25867,0,11.0775,2.48759,0,1851,57300424436
28.2145,35.4428,85.545,0,94,85,74,1390,3504,2.25867,0,11.0775,2.48759,0,1851,57335869059
1340.4,0.746045,85.545,0,94,85,74,1390,3504,2.25867,0,11.0775,2.48759,0,1851,57336613550
130.821,7.64404,85.545,0,94,85,74,1390,3504,2.25867,0,11.0775,2.48759,0,1851,57344261033
96.5733,10.3548,85.545,0,94,85,74,1390,3504,2.25867,0,11.0775,2.48759,0,1851,57354632058
18.7283,53.3953,85.545,0,94,85,74,1390,3504,2.25867,0,11.0775,2.48759,0,1851,57408011923
620.355,1.61198,85.545,0,94,85,74,1390,3504,2.25867,0,11.0775,2.48759,0,1851,57409624056
23.6545,42.2753,85.545,0,94,85,74,1390,3504,2.25867,0,11.0775,2.48759,0,1851,57451922497
1363.1,0.733622,85.545,0,94,85,74,1390,3504,2.25867,0,11.0775,2.48759,0,1851,57452634482
44.251,22.5984,85.545,0,94,85,74,1390,3504,2.25867,0,11.0775,2.48759,0,1851,57475262702
937.905,1.06621,85.545,0,94,85,74,1390,3504,2.25867,0,11.0775,2.48759,0,1851,57476341223
19.4257,51.4781,77.284,0,94,85,74,1390,3504,2.25867,0,11.0775,2.48759,0,1730,57527781034
421.131,2.37456,77.284,0,94,85,74,1390,3504,2.25867,0,11.0775,2.48759,0,1730,57530155759
26.3781,37.9103,77.284,0,94,85,74,1390,3504,2.25867,0,11.0775,2.48759,0,1730,57568090019
346.149,2.88893,77.284,0,94,85,74,1390,3504,2.25867,0,11.0775,2.48759,0,1730,57570958153
17.3221,57.7298,77.284,0,94,85,74,1390,3504,2.25867,0,11.0775,2.48759,0,1730,57628713577
679.668,1.47131,77.284,0,94,85,74,1390,3504,2.25867,0,11.0775,2.48759,0,1730,57630161093
48.7869,20.4973,77.284,0,94,85,74,1390,3504,2.25867,0,11.0775,2.48759,0,1730,57650659866
280.661,3.56302,77.284,0,94,85,74,1390,3504,2.25867,0,11.0775,2.48759,0,1730,57654223666
28.6742,34.8746,77.284,0,94,85,74,1390,3504,2.25867,0,11.0775,2.48759,0,1730,57689099680
2517.57,0.397208,77.284,0,94,85,74,1390,3504,2.25867,0,11.0775,2.48759,0,1730,57689495435
49.8739,20.0506,77.284,0,94,85,74,1390,3504,2.25867,0,11.0775,2.48759,0,1730,57709550481
90.751,11.0192,77.284,0,94,85,74,1390,3504,2.25867,0,11.0775,2.48759,0,1730,57720568022
34.1853,29.2523,77.284,0,94,85,74,1390,3504,2.25867,0,11.0775,2.48759,0,1730,57749822105
240.62,4.15593,77.284,0,94,85,74,1390,3504,2.25867,0,11.0775,2.48759,0,1730,57753980737
38.5472,25.9422,77.284,0,94,85,74,1390,3504,2.25867,0,11.0775,2.48759,0,1730,57779925209
137.153,7.29113,77.284,0,94,85,74,1390,3504,2.25867,0,11.0775,2.48759,0,1730,57787215326
33.607,29.7557,77.284,0,94,85,74,1390,3504,2.25867,0,11.0775,2.48759,0,1730,57816973347
279.091,3.58306,77.284,0,94,85,74,1390,3504,2.25867,0,11.0775,2.48759,0,1730,57820558017
40.3856,24.7613,77.284,0,94,85,74,1390,3504,2.25867,0,11.0775,2.48759,0,1730,57845322729
91.0145,10.9873,77.284,0,94,85,74,1390,3504,2.25867,0,11.0775,2.48759,0,1730,57856310489
52.2525,19.1378,77.284,0,94,85,74,1390,3504,2.25867,0,11.0775,2.48759,0,1730,57875447615
35.2887,28.3376,77.284,0,94,85,74,1390,3504,2.25867,0,11.0775,2.48759,0,1730,57903786749
39.612,25.2449,77.284,0,94,85,74,1390,3504,2.25867,0,11.0775,2.48759,0,1730,57929033557
123.573,8.0924,77.284,0,94,85,74,1390,3504,2.25867,0,11.0775,2.48759,0,1730,57937125931
48.7118,20.5289,77.284,0,94,85,74,1390,3504,2.25867,0,11.0775,2.48759,0,1730,57957656496
77.8695,12.842,77.284,0,94,85,74,1390,3504,2.25867,0,11.0775,2.48759,0,1730,57970502176
26.7279,37.4141,77.284,0,94,85,74,1390,3504,2.25867,0,11.0775,2.48759,0,1730,58007922413
1264.79,0.790644,77.284,0,94,85,74,1390,3504,2.25867,0,11.0775,2.48759,0,1730,58008706111
49.5993,20.1616,67.0616,0,90,94,74,1399,3504,2.2762,0,11.0911,2.48759,0,3562,58028871996
110.769,9.02776,67.0616,0,90,94,74,1399,3504,2.2762,0,11.0911,2.48759,0,3562,58037899239
53.1558,18.8126,67.0616,0,90,94,74,1399,3504,2.2762,0,11.0911,2.48759,0,3562,58056714157
74.0542,13.5036,67.0616,0,90,94,74,1399,3504,2.2762,0,11.0911,2.48759,0,3562,58070217330
37.032,27.0037,67.0616,0,90,94,74,1399,3504,2.2762,0,11.0911,2.48759,0,3562,58097221514
43.4864,22.9957,67.0616,0,90,94,74,1399,3504,2.2762,0,11.0911,2.48759,0,3562,58120218582
17.5604,56.9462,67.0616,0,90,94,74,1399,3504,2.2762,0,11.0911,2.48759,0,3562,58177179885
537.404,1.8608,67.0616,0,90,94,74,1399,3504,2.2762,0,11.0911,2.48759,0,3562,58179040224
88.8138,11.2595,67.0616,0,90,94,74,1399,3504,2.2762,0,11.0911,2.48759,0,3562,58190307033
61.8927,16.157,67.0616,0,90,94,74,1399,3504,2.2762,0,11.0911,2.48759,0,3562,58206462878
46.1897,21.6499,67.0616,0,90,94,74,1399,3504,2.2762,0,11.0911,2.48759,0,3562,58228130684
86.4834,11.5629,67.0616,0,90,94,74,1399,3504,2.2762,0,11.0911,2.48759,0,3562,58239676878
57.1698,17.4918,67.0616,0,90,94,74,1399,3504,2.2762,0,11.0911,2.48759,0,3562,58257171110
75.5737,13.2321,67.0616,0,90,94,74,1399,3504,2.2762,0,11.0911,2.48759,0,3562,58270408184
46.6534,21.4347,67.0616,0,90,94,74,1399,3504,2.2762,0,11.0911,2.48759,0,3562,58291838987
77.1707,12.9583,67.0616,0,90,94,74,1399,3504,2.2762,0,11.0911,2.48759,0,3562,58304797617
31.7538,31.4923,67.0616,0,90,94,74,1399,3504,2.2762,0,11.0911,2.48759,0,3562,58336292712
234.55,4.26349,67.0616,0,90,94,74,1399,3504,2.2762,0,11.0911,2.48759,0,3562,58340556439
63.4435,15.7621,67.0616,0,90,94,74,1399,3504,2.2762,0,11.0911,2.48759,0,3562,58356318877
34.1902,29.2482,67.0616,0,90,94,74,1399,3504,2.2762,0,11.0911,2.48759,0,3562,58385569102
234.225,4.2694,67.0616,0,90,94,74,1399,3504,2.2762,0,11.0911,2.48759,0,3562,58389838647
33.1465,30.1691,67.0616,0,90,94,74,1399,3504,2.2762,0,11.0911,2.48759,0,3562,58420008865
32.8891,30.4052,67.0616,0,90,94,74,1399,3504,2.2762,0,11.0911,2.48759,0,3562,58450415990
337.926,2.95923,67.0616,0,90,94,74,1399,3504,2.2762,0,11.0911,2.48759,0,3562,58453377021
36.8723,27.1207,67.0616,0,90,94,74,1399,3504,2.2762,0,11.0911,2.48759,0,3562,58480497617
164.336,6.08508,67.0616,0,90,94,74,1399,3504,2.2762,0,11.0911,2.48759,0,3562,58486584186
39.9746,25.0159,67.0616,0,90,94,74,1399,3504,2.2762,0,11.0911,2.48759,0,3562,58511607924
116.994,8.54742,60.7053,0,96,94,74,1373,3504,2.33617,0,11.1129,2.48759,0,3485,58520149763
48.1916,20.7505,60.7053,0,96,94,74,1373,3504,2.33617,0,11.1129,2.48759,0,3485,58540919244
81.4853,12.2722,60.7053,0,96,94,74,1373,3504,2.33617,0,11.1129,2.48759,0,3485,58553173571
50.3921,19.8444,60.7053,0,96,94,74,1373,3504,2.33617,0,11.1129,2.48759,0,3485,58573038169
33.1551,30.1613,60.7053,0,96,94,74,1373,3504,2.33617,0,11.1129,2.48759,0,3485,58603180901
35.689,28.0198,60.7053,0,96,94,74,1373,3504,2.33617,0,11.1129,2.48759,0,3485,58631203113
184.675,5.41492,60.7053,0,96,94,74,1373,3504,2.33617,0,11.1129,2.48759,0,3485,58636618246
33.3749,29.9626,60.7053,0,96,94,74,1373,3504,2.33617,0,11.1129,2.48759,0,3485,58666582534
317.445,3.15016,60.7053,0,96,94,74,1373,3504,2.33617,0,11.1129,2.48759,0,3485,58669732647
39.5792,25.2658,60.7053,0,96,94,74,1373,3504,2.33617,0,11.1129,2.48759,0,3485,58695000783
126.109,7.92966,60.7053,0,96,94,74,1373,3504,2.33617,0,11.1129,2.48759,0,3485,58702929000
42.7885,23.3708,60.7053,0,96,94,74,1373,3504,2.33617,0,11.1129,2.48759,0,3485,58726301945
100.219,9.9781,60.7053,0,96,94,74,1373,3504,2.33617,0,11.1129,2.48759,0,3485,58736280048
52.4269,19.0742,60.7053,0,96,94,74,1373,3504,2.33617,0,11.1129,2.48759,0,3485,58755355259
69.9014,14.3059,60.7053,0,96,94,74,1373,3504,2.33617,0,11.1129,2.48759,0,3485,58769662643
52.941,18.889,60.7053,0,96,94,74,1373,3504,2.33617,0,11.1129,2.48759,0,3485,58788553755
69.4004,14.4091,60.7053,0,96,94,74,1373,3504,2.33617,0,11.1129,2.48759,0,3485,58802962879
52.6083,19.0084,60.7053,0,96,94,74,1373,3504,2.33617,0,11.1129,2.48759,0,3485,58821970949
32.2791,30.9798,60.7053,0,96,94,74,1373,3504,2.33617,0,11.1129,2.48759,0,3485,58852952715
47.5966,21.0099,60.7053,0,96,94,74,1373,3504,2.33617,0,11.1129,2.48759,0,3485,58873963561
81.2931,12.3012,60.7053,0,96,94,74,1373,3504,2.33617,0,11.1129,2.48759,0,3485,58886265823
49.9158,20.0337,60.7053,0,96,94,74,1373,3504,2.33617,0,11.1129,2.48759,0,3485,58906303926
75.6989,13.2102,60.7053,0,96,94,74,1373,3504,2.33617,0,11.1129,2.48759,0,3485,58919512232
48.5483,20.5981,60.7053,0,96,94,74,1373,3504,2.33617,0,11.1129,2.48759,0,3485,58940112551
78.4662,12.7443,60.7053,0,96,94,74,1373,3504,2.33617,0,11.1129,2.48759,0,3485,58952857705
49.3979,20.2438,60.7053,0,96,94,74,1373,3504,2.33617,0,11.1129,2.48759,0,3485,58973103511
74.7086,13.3853,60.7053,0,96,94,74,1373,3504,2.33617,0,11.1129,2.48759,0,3485,58986488940
30.0687,33.2572,60.7053,0,96,94,74,1373,3504,2.33617,0,11.1129,2.48759,0,3485,59019750600
2451.95,0.407839,60.7053,0,96,94,74,1373,3504,2.33617,0,11.1129,2.48759,0,3485,59020153729
42.2783,23.6528,49.1094,0,96,97,74,1373,3504,2.33617,0,11.1225,2.48759,0,3400,59043810878
39.055,25.6049,49.1094,0,96,97,74,1373,3504,2.33617,0,11.1225,2.48759,0,3400,59069416577
47.3111,21.1367,49.1094,0,96,97,74,1373,3504,2.33617,0,11.1225,2.48759,0,3400,59090554584
81.799,12.2251,49.1094,0,96,97,74,1373,3504,2.33617,0,11.1225,2.48759,0,3400,59102780241
34.9496,28.6127,49.1094,0,96,97,74,1373,3504,2.33617,0,11.1225,2.48759,0,3400,59131393501
209.849,4.76533,49.1094,0,96,97,74,1373,3504,2.33617,0,11.1225,2.48759,0,3400,59136159438
37.7598,26.4832,49.1094,0,96,97,74,1373,3504,2.33617,0,11.1225,2.48759,0,3400,59162651015
148.114,6.75154,49.1094,0,96,97,74,1373,3504,2.33617,0,11.1225,2.48759,0,3400,59169398122
38.7378,25.8146,49.1094,0,96,97,74,1373,3504,2.33617,0,11.1225,2.48759,0,3400,59195216966
132.393,7.55326,49.1094,0,96,97,74,1373,3504,2.33617,0,11.1225,2.48759,0,3400,59202769060
51.0297,19.5964,49.1094,0,96,97,74,1373,3504,2.33617,0,11.1225,2.48759,0,3400,59222383700
22.4238,44.5955,49.1094,0,96,97,74,1373,3504,2.33617,0,11.1225,2.48759,0,3400,59266962900
54.382,18.3884,49.1094,0,96,97,74,1373,3504,2.33617,0,11.1225,2.48759,0,3400,59285352623
837.729,1.1937,49.1094,0,96,97,74,1373,3504,2.33617,0,11.1225,2.48759,0,3400,59286546784
42.8777,23.3222,49.1094,0,96,97,74,1373,3504,2.33617,0,11.1225,2.48759,0,3400,59309870734
106.717,9.3706,49.1094,0,96,97,74,1373,3504,2.33617,0,11.1225,2.48759,0,3400,59319240828
30.0681,33.2578,49.1094,0,96,97,74,1373,3504,2.33617,0,11.1225,2.48759,0,3400,59352512925
1728.77,0.578446,49.1094,0,96,97,74,1373,3504,2.33617,0,11.1225,2.48759,0,3400,59353077392
50.8278,19.6743,49.1094,0,96,97,74,1373,3504,2.33617,0,11.1225,2.48759,0,3400,59372754935
67.751,14.7599,49.1094,0,96,97,74,1373,3504,2.33617,0,11.1225,2.48759,0,3400,59387515494
54.7443,18.2667,49.1094,0,96,97,74,1373,3504,2.33617,0,11.1225,2.48759,0,3400,59405782579
73.3567,13.632,49.1094,0,96,97,74,1373,3504,2.33617,0,11.1225,2.48759,0,3400,59419416597
50.9321,19.634,49.1094,0,96,97,74,1373,3504,2.33617,0,11.1225,2.48759,0,3400,59439069705
33.2359,30.0879,49.1094,0,96,97,74,1373,3504,2.33617,0,11.1225,2.48759,0,3400,59469140153
45.5056,21.9753,49.1094,0,96,97,74,1373,3504,2.33617,0,11.1225,2.48759,0,3400,59491118865
88.6367,11.282,49.1094,0,96,97,74,1373,3504,2.33617,0,11.1225,2.48759,0,3400,59502400954
47.5757,21.0191,49.1094,0,96,97,74,1373,3504,2.33617,0,11.1225,2.48759,0,3400,59523430588
81.5708,12.2593,59.3434,0,100,97,74,1382,3504,2.37922,0,11.1241,2.48759,0,3422,59535682212
41.8314,23.9055,59.3434,0,100,97,74,1382,3504,2.37922,0,11.1241,2.48759,0,3422,59559588246
93.9833,10.6402,59.3434,0,100,97,74,1382,3504,2.37922,0,11.1241,2.48759,0,3422,59570242849
55.4777,18.0252,59.3434,0,100,97,74,1382,3504,2.37922,0,11.1241,2.48759,0,3422,59588285559
71.0932,14.066,59.3434,0,100,97,74,1382,3504,2.37922,0,11.1241,2.48759,0,3422,59602350326
50.0138,19.9945,59.3434,0,100,97,74,1382,3504,2.37922,0,11.1241,2.48759,0,3422,59622331091
33.3795,29.9585,59.3434,0,100,97,74,1382,3504,2.37922,0,11.1241,2.48759,0,3422,59652291721
42.2457,23.6711,59.3434,0,100,97,74,1382,3504,2.37922,0,11.1241,2.48759,0,3422,59675963097
104.588,9.56134,59.3434,0,100,97,74,1382,3504,2.37922,0,11.1241,2.48759,0,3422,59685523611
30.7867,32.4816,59.3434,0,100,97,74,1382,3504,2.37922,0,11.1241,2.48759,0,3422,59718010387
1280.82,0.780751,59.3434,0,100,97,74,1382,3504,2.37922,0,11.1241,2.48759,0,3422,59718789275
28.896,34.6069,59.3434,0,100,97,74,1382,3504,2.37922,0,11.1241,2.48759,0,3422,59753399462
981.941,1.01839,59.3434,0,100,97,74,1382,3504,2.37922,0,11.1241,2.48759,0,3422,59754416779
39.7988,25.1264,59.3434,0,100,97,74,1382,3504,2.37922,0,11.1241,2.48759,0,3422,59779545505
44.1744,22.6375,59.3434,0,100,97,74,1382,3504,2.37922,0,11.1241,2.48759,0,3422,59802182869
41.709,23.9756,59.3434,0,100,97,74,1382,3504,2.37922,0,11.1241,2.48759,0,3422,59826159764
109.701,9.11571,59.3434,0,100,97,74,1382,3504,2.37922,0,11.1241,2.48759,0,3422,59835275417
43.6442,22.9125,59.3434,0,100,97,74,1382,3504,2.37922,0,11.1241,2.48759,0,3422,59858190728
94.9576,10.531,59.3434,0,100,97,74,1382,3504,2.37922,0,11.1241,2.48759,0,3422,59868722868
25.4865,39.2364,59.3434,0,100,97,74,1382,3504,2.37922,0,11.1241,2.48759,0,3422,59907959329
1807.01,0.5534,59.3434,0,100,97,74,1382,3504,2.37922,0,11.1241,2.48759,0,3422,59908512445
73.0845,13.6828,59.3434,0,100,97,74,1382,3504,2.37922,0,11.1241,2.48759,0,3422,59922225814
76.2982,13.1065,59.3434,0,100,97,74,1382,3504,2.37922,0,11.1241,2.48759,0,3422,59935303566
50.6496,19.7435,59.3434,0,100,97,74,1382,3504,2.37922,0,11.1241,2.48759,0,3422,59955065913
73.2746,13.6473,59.3434,0,100,97,74,1382,3504,2.37922,0,11.1241,2.48759,0,3422,59968697002
52.4218,19.076,59.3434,0,100,97,74,1382,3504,2.37922,0,11.1241,2.48759,0,3422,59987772934
71.3135,14.0226,59.3434,0,100,97,74,1382,3504,2.37922,0,11.1241,2.48759,0,3422,60001809201
50.9599,19.6233,59.3434,0,100,97,74,1382,3504,2.37922,0,11.1241,2.48759,0,3422,60021439277
32.9256,30.3715,59.3434,0,100,97,74,1382,3504,2.37922,0,11.1241,2.48759,0,3422,60051794715
42.5969,23.4759,52.019,0,100,82,74,1386,3504,2.39613,0,11.1331,2.48759,0,3498,60075271106
100.549,9.94543,52.019,0,100,82,74,1386,3504,2.39613,0,11.1331,2.48759,0,3498,60085215462
42.4703,23.5459,52.019,0,100,82,74,1386,3504,2.39613,0,11.1331,2.48759,0,3498,60108765695
103.131,9.69644,52.019,0,100,82,74,1386,3504,2.39613,0,11.1331,2.48759,0,3498,60118459937
33.4607,29.8858,52.019,0,100,82,74,1386,3504,2.39613,0,11.1331,2.48759,0,3498,60148365278
291.84,3.42653,52.019,0,100,82,74,1386,3504,2.39613,0,11.1331,2.48759,0,3498,60151773376
37.3805,26.7519,52.019,0,100,82,74,1386,3504,2.39613,0,11.1331,2.48759,0,3498,60178527766
149.356,6.6954,52.019,0,100,82,74,1386,3504,2.39613,0,11.1331,2.48759,0,3498,60185240264
47.1885,21.1916,52.019,0,100,82,74,1386,3504,2.39613,0,11.1331,2.48759,0,3498,60206416070
34.8061,28.7306,52.019,0,100,82,74,1386,3504,2.39613,0,11.1331,2.48759,0,3498,60235147181
31.986,31.2636,52.019,0,100,82,74,1386,3504,2.39613,0,11.1331,2.48759,0,3498,60266410251
517.025,1.93414,52.019,0,100,82,74,1386,3504,2.39613,0,11.1331,2.48759,0,3498,60268345722
37.3809,26.7517,52.019,0,100,82,74,1386,3504,2.39613,0,11.1331,2.48759,0,3498,60295113681
151.2,6.61378,52.019,0,100,82,74,1386,3504,2.39613,0,11.1331,2.48759,0,3498,60301714036
40.0254,24.9841,52.019,0,100,82,74,1386,3504,2.39613,0,11.1331,2.48759,0,3498,60326703524
120.746,8.28183,52.019,0,100,82,74,1386,3504,2.39613,0,11.1331,2.48759,0,3498,60334983311
46.6192,21.4504,52.019,0,100,82,74,1386,3504,2.39613,0,11.1331,2.48759,0,3498,60356435217
79.0604,12.6486,52.019,0,100,82,74,1386,3504,2.39613,0,11.1331,2.48759,0,3498,60369085159
50.6496,19.7435,52.019,0,100,82,74,1386,3504,2.39613,0,11.1331,2.48759,0,3498,60388830051
78.2497,12.7796,52.019,0,100,82,74,1386,3504,2.39613,0,11.1331,2.48759,0,3498,60401610195
51.981,19.2378,52.019,0,100,82,74,1386,3504,2.39613,0,11.1331,2.48759,0,3498,60420849017
34.0284,29.3872,52.019,0,100,82,74,1386,3504,2.39613,0,11.1331,2.48759,0,3498,60450236141
230.84,4.332,52.019,0,100,82,74,1386,3504,2.39613,0,11.1331,2.48759,0,3498,60454569082
33.0607,30.2474,52.019,0,100,82,74,1386,3504,2.39613,0,11.1331,2.48759,0,3498,60484817405
38.6473,25.8751,52.019,0,100,82,74,1386,3504,2.39613,0,11.1331,2.48759,0,3498,60510694024
135.476,7.3814,52.019,0,100,82,74,1386,3504,2.39613,0,11.1331,2.48759,0,3498,60518075165
37.5462,26.6339,52.019,0,100,82,74,1386,3504,2.39613,0,11.1331,2.48759,0,3498,60544710765
147.825,6.76474,52.019,0,100,82,74,1386,3504,2.39613,0,11.1331,2.48759,0,3498,60551476283
37.8978,26.3867,52.019,0,100,82,74,1386,3504,2.39613,0,11.1331,2.48759,0,3498,60577867985
145.941,6.8521,45.6522,0,99,82,74,1392,3504,2.39702,0,11.1433,2.48759,0,3400,60584717165
49.6207,20.1529,45.6522,0,99,82,74,1392,3504,2.39702,0,11.1433,2.48759,0,3400,60604870314
75.5379,13.2384,45.6522,0,99,82,74,1392,3504,2.39702,0,11.1433,2.48759,0,3400,60618110420
42.3093,23.6355,45.6522,0,99,82,74,1392,3504,2.39702,0,11.1433,2.48759,0,3400,60641747707
37.9462,26.3531,45.6522,0,99,82,74,1392,3504,2.39702,0,11.1433,2.48759,0,3400,60668101121
42.4725,23.5446,45.6522,0,99,82,74,1392,3504,2.39702,0,11.1433,2.48759,0,3400,60691646329
103.534,9.65866,45.6522,0,99,82,74,1392,3504,2.39702,0,11.1433,2.48759,0,3400,60701319685
41.0114,24.3835,45.6522,0,99,82,74,1392,3504,2.39702,0,11.1433,2.48759,0,3400,60725692044
112.307,8.90413,45.6522,0,99,82,74,1392,3504,2.39702,0,11.1433,2.48759,0,3400,60734597463
41.4074,24.1502,45.6522,0,99,82,74,1392,3504,2.39702,0,11.1433,2.48759,0,3400,60758749564
108.78,9.19289,45.6522,0,99,82,74,1392,3504,2.39702,0,11.1433,2.48759,0,3400,60767942138
46.7401,21.3949,45.6522,0,99,82,74,1392,3504,2.39702,0,11.1433,2.48759,0,3400,60789343968
84.5394,11.8288,45.6522,0,99,82,74,1392,3504,2.39702,0,11.1433,2.48759,0,3400,60801169002
37.5286,26.6464,45.6522,0,99,82,74,1392,3504,2.39702,0,11.1433,2.48759,0,3400,60827816916
149.113,6.70633,45.6522,0,99,82,74,1392,3504,2.39702,0,11.1433,2.48759,0,3400,60834542216
38.8743,25.7239,45.6522,0,99,82,74,1392,3504,2.39702,0,11.1433,2.48759,0,3400,60860251070
132.156,7.56679,45.6522,0,99,82,74,1392,3504,2.39702,0,11.1433,2.48759,0,3400,60867835684
40.4673,24.7113,45.6522,0,99,82,74,1392,3504,2.39702,0,11.1433,2.48759,0,3400,60892528802
117.006,8.54655,45.6522,0,99,82,74,1392,3504,2.39702,0,11.1433,2.48759,0,3400,60901089907
44.5137,22.465,45.6522,0,99,82,74,1392,3504,2.39702,0,11.1433,2.48759,0,3400,60923556925
91.3511,10.9468,45.6522,0,99,82,74,1392,3504,2.39702,0,11.1433,2.48759,0,3400,60934490067
51.8437,19.2887,45.6522,0,99,82,74,1392,3504,2.39702,0,11.1433,2.48759,0,3400,60953800671
71.3902,14.0075,45.6522,0,99,82,74,1392,3504,2.39702,0,11.1433,2.48759,0,3400,60967787277
50.9277,19.6357,45.6522,0,99,82,74,1392,3504,2.39702,0,11.1433,2.48759,0,3400,60987424307
73.4762,13.6098,45.6522,0,99,82,74,1392,3504,2.39702,0,11.1433,2.48759,0,3400,61001035372
51.2907,19.4967,45.6522,0,99,82,74,1392,3504,2.39702,0,11.1433,2.48759,0,3400,61020531758
32.7928,30.4945,45.6522,0,99,82,74,1392,3504,2.39702,0,11.1433,2.48759,0,3400,61051027333
42.4043,23.5825,45.6522,0,99,82,74,1392,3504,2.39702,0,11.1433,2.48759,0,3400,61074618084
102.191,9.78559,45.6522,0,99,82,74,1392,3504,2.39702,0,11.1433,2.48759,0,3400,61084406598
40.8748,24.465,44.6384,0,100,86,74,1390,3504,2.39703,0,11.1552,2.48759,0,3563,61108870272
113.676,8.7969,44.6384,0,100,86,74,1390,3504,2.39703,0,11.1552,2.48759,0,3563,61117666856
45.4646,21.9951,44.6384,0,100,86,74,1390,3504,2.39703,0,11.1552,2.48759,0,3563,61139664860
86.1954,11.6015,44.6384,0,100,86,74,1390,3504,2.39703,0,11.1552,2.48759,0,3563,61151283616
49.914,20.0345,44.6384,0,100,86,74,1390,3504,2.39703,0,11.1552,2.48759,0,3563,61171323348
77.6834,12.8728,44.6384,0,100,86,74,1390,3504,2.39703,0,11.1552,2.48759,0,3563,61184174676
28.5907,34.9764,44.6384,0,100,86,74,1390,3504,2.39703,0,11.1552,2.48759,0,3563,61219153475
2024.42,0.493969,44.6384,0,100,86,74,1390,3504,2.39703,0,11.1552,2.48759,0,3563,61219645862
48.4796,20.6272,44.6384,0,100,86,74,1390,3504,2.39703,0,11.1552,2.48759,0,3563,61240276420
94.5507,10.5763,44.6384,0,100,86,74,1390,3504,2.39703,0,11.1552,2.48759,0,3563,61250852536
32.3893,30.8744,44.6384,0,100,86,74,1390,3504,2.39703,0,11.1552,2.48759,0,3563,61281741642
426.643,2.34388,44.6384,0,100,86,74,1390,3504,2.39703,0,11.1552,2.48759,0,3563,61284073518
33.059,30.249,44.6384,0,100,86,74,1390,3504,2.39703,0,11.1552,2.48759,0,3563,61314324467
50.5058,19.7997,44.6384,0,100,86,74,1390,3504,2.39703,0,11.1552,2.48759,0,3563,61334123885
40.7397,24.5461,44.6384,0,100,86,74,1390,3504,2.39703,0,11.1552,2.48759,0,3563,61358671725
115.603,8.65032,44.6384,0,100,86,74,1390,3504,2.39703,0,11.1552,2.48759,0,3563,61367323057
31.2774,31.972,44.6384,0,100,86,74,1390,3504,2.39703,0,11.1552,2.48759,0,3563,61399296980
755.305,1.32397,44.6384,0,100,86,74,1390,3504,2.39703,0,11.1552,2.48759,0,3563,61400636576
30.1188,33.2018,44.6384,0,100,86,74,1390,3504,2.39703,0,11.1552,2.48759,0,3563,61433840379
1761.91,0.567566,44.6384,0,100,86,74,1390,3504,2.39703,0,11.1552,2.48759,0,3563,61434390424
48.2857,20.7101,44.6384,0,100,86,74,1390,3504,2.39703,0,11.1552,2.48759,0,3563,61455102856
82.1597,12.1714,44.6384,0,100,86,74,1390,3504,2.39703,0,11.1552,2.48759,0,3563,61467287381
32.1214,31.1319,44.6384,0,100,86,74,1390,3504,2.39703,0,11.1552,2.48759,0,3563,61498419852
463.952,2.15539,44.6384,0,100,86,74,1390,3504,2.39703,0,11.1552,2.48759,0,3563,61500563477
29.6495,33.7274,44.6384,0,100,86,74,1390,3504,2.39703,0,11.1552,2.48759,0,3563,61534292047
1525.07,0.655709,44.6384,0,100,86,74,1390,3504,2.39703,0,11.1552,2.48759,0,3563,61534948012
36.2435,27.5911,44.6384,0,100,86,74,1390,3504,2.39703,0,11.1552,2.48759,0,3563,61562541510
213.75,4.67836,44.6384,0,100,86,74,1390,3504,2.39703,0,11.1552,2.48759,0,3563,61567219575
36.7605,27.2031,44.6384,0,100,86,74,1390,3504,2.39703,0,11.1552,2.48759,0,3563,61594424768
164.449,6.08091,45.3634,0,100,86,75,1424,3504,2.39703,0,11.146,2.48759,0,3400,61600504877
35.5773,28.1078,45.3634,0,100,86,75,1424,3504,2.39703,0,11.146,2.48759,0,3400,61628614936
194.994,5.12836,45.3634,0,100,86,75,1424,3504,2.39703,0,11.146,2.48759,0,3400,61633743724
51.1757,19.5405,45.3634,0,100,86,75,1424,3504,2.39703,0,11.146,2.48759,0,3400,61653284600
32.7687,30.5169,45.3634,0,100,86,75,1424,3504,2.39703,0,11.146,2.48759,0,3400,61683803230
36.6018,27.321,45.3634,0,100,86,75,1424,3504,2.39703,0,11.146,2.48759,0,3400,61711140469
168.716,5.9271,45.3634,0,100,86,75,1424,3504,2.39703,0,11.146,2.48759,0,3400,61717065296
32.7068,30.5747,45.3634,0,100,86,75,1424,3504,2.39703,0,11.146,2.48759,0,3400,61747640563
377.964,2.64576,45.3634,0,100,86,75,1424,3504,2.39703,0,11.146,2.48759,0,3400,61750286280
37.0941,26.9585,45.3634,0,100,86,75,1424,3504,2.39703,0,11.146,2.48759,0,3400,61777245973
149.554,6.68656,45.3634,0,100,86,75,1424,3504,2.39703,0,11.146,2.48759,0,3400,61783933558
35.1207,28.4732,45.3634,0,100,86,75,1424,3504,2.39703,0,11.146,2.48759,0,3400,61812407896
218.627,4.574,45.3634,0,100,86,75,1424,3504,2.39703,0,11.146,2.48759,0,3400,61816982788
33.1318,30.1825,45.3634,0,100,86,75,1424,3504,2.39703,0,11.146,2.48759,0,3400,61847167777
322.649,3.09934,45.3634,0,100,86,75,1424,3504,2.39703,0,11.146,2.48759,0,3400,61850266976
33.1807,30.138,45.3634,0,100,86,75,1424,3504,2.39703,0,11.146,2.48759,0,3400,61880423953
313.858,3.18616,45.3634,0,100,86,75,1424,3504,2.39703,0,11.146,2.48759,0,3400,61883592948
31.1661,32.0861,45.3634,0,100,86,75,1424,3504,2.39703,0,11.146,2.48759,0,3400,61915679923
848.635,1.17836,45.3634,0,100,86,75,1424,3504,2.39703,0,11.146,2.48759,0,3400,61916857895
39.391,25.3865,45.3634,0,100,86,75,1424,3504,2.39703,0,11.146,2.48759,0,3400,61942247285
125.662,7.95785,45.3634,0,100,86,75,1424,3504,2.39703,0,11.146,2.48759,0,3400,61950205948
50.9992,19.6082,45.3634,0,100,86,75,1424,3504,2.39703,0,11.146,2.48759,0,3400,61969814303
72.6995,13.7553,45.3634,0,100,86,75,1424,3504,2.39703,0,11.146,2.48759,0,3400,61983570877
51.0234,19.5989,45.3634,0,100,86,75,1424,3504,2.39703,0,11.146,2.48759,0,3400,62003187610
32.9514,30.3478,45.3634,0,100,86,75,1424,3504,2.39703,0,11.146,2.48759,0,3400,62033517630
38.6721,25.8584,45.3634,0,100,86,75,1424,3504,2.39703,0,11.146,2.48759,0,3400,62059377788
134.934,7.41106,45.3634,0,100,86,75,1424,3504,2.39703,0,11.146,2.48759,0,3400,62066806382
38.138,26.2205,45.3634,0,100,86,75,1424,3504,2.39703,0,11.146,2.48759,0,3400,62093012147
138.593,7.21539,45.3634,0,100,86,75,1424,3504,2.39703,0,11.146,2.48759,0,3400,62100231786
46.9438,21.3021,43.6548,0,99,95,75,1427,3504,2.39703,0,11.1544,2.48759,0,3536,62121538394
84.681,11.809,43.6548,0,99,95,75,1427,3504,2.39703,0,11.1544,2.48759,0,3536,62133343199
44.1533,22.6484,43.6548,0,99,95,75,1427,3504,2.39703,0,11.1544,2.48759,0,3536,62155993878
83.6555,11.9538,43.6548,0,99,95,75,1427,3504,2.39703,0,11.1544,2.48759,0,3536,62167948881
34.4546,29.0237,43.6548,0,99,95,75,1427,3504,2.39703,0,11.1544,2.48759,0,3536,62196973496
325.198,3.07505,43.6548,0,99,95,75,1427,3504,2.39703,0,11.1544,2.48759,0,3536,62200048245
44.3631,22.5412,43.6548,0,99,95,75,1427,3504,2.39703,0,11.1544,2.48759,0,3536,62222590712
93.3512,10.7122,43.6548,0,99,95,75,1427,3504,2.39703,0,11.1544,2.48759,0,3536,62233304248
49.7113,20.1162,43.6548,0,99,95,75,1427,3504,2.39703,0,11.1544,2.48759,0,3536,62253422231
75.8401,13.1856,43.6548,0,99,95,75,1427,3504,2.39703,0,11.1544,2.48759,0,3536,62266606819
50.6662,19.737,43.6548,0,99,95,75,1427,3504,2.39703,0,11.1544,2.48759,0,3536,62286345691
73.73,13.563,43.6548,0,99,95,75,1427,3504,2.39703,0,11.1544,2.48759,0,3536,62299921127
51.4716,19.4282,43.6548,0,99,95,75,1427,3504,2.39703,0,11.1544,2.48759,0,3536,62319359564
72.2206,13.8465,43.6548,0,99,95,75,1427,3504,2.39703,0,11.1544,2.48759,0,3536,62333184898
51.1647,19.5447,43.6548,0,99,95,75,1427,3504,2.39703,0,11.1544,2.48759,0,3536,62352753205
72.5175,13.7898,43.6548,0,99,95,75,1427,3504,2.39703,0,11.1544,2.48759,0,3536,62366523094
46.7724,21.3801,43.6548,0,99,95,75,1427,3504,2.39703,0,11.1544,2.48759,0,3536,62387902408
34.9739,28.5928,43.6548,0,99,95,75,1427,3504,2.39703,0,11.1544,2.48759,0,3536,62416496539
41.2081,24.2671,43.6548,0,99,95,75,1427,3504,2.39703,0,11.1544,2.48759,0,3536,62440764481
109.888,9.10019,43.6548,0,99,95,75,1427,3504,2.39703,0,11.1544,2.48759,0,3536,62449885452
38.921,25.693,43.6548,0,99,95,75,1427,3504,2.39703,0,11.1544,2.48759,0,3536,62475561178
131.66,7.59533,43.6548,0,99,95,75,1427,3504,2.39703,0,11.1544,2.48759,0,3536,62483155897
41.5047,24.0937,43.6548,0,99,95,75,1427,3504,2.39703,0,11.1544,2.48759,0,3536,62507251235
110.194,9.07491,43.6548,0,99,95,75,1427,3504,2.39703,0,11.1544,2.48759,0,3536,62516327183
39.0262,25.6238,43.6548,0,99,95,75,1427,3504,2.39703,0,11.1544,2.48759,0,3536,62541958662
129.109,7.74539,43.6548,0,99,95,75,1427,3504,2.39703,0,11.1544,2.48759,0,3536,62549713336
38.5788,25.921,43.6548,0,99,95,75,1427,3504,2.39703,0,11.1544,2.48759,0,3536,62575637521
135.711,7.3686,43.6548,0,99,95,75,1427,3504,2.39703,0,11.1544,2.48759,0,3536,62583010999
43.3003,23.0945,43.6548,0,99,95,75,1427,3504,2.39703,0,11.1544,2.48759,0,3536,62606095597
97.962,10.208,45.1372,0,99,95,75,1427,3504,2.39703,0,11.1548,2.48759,0,3400,62616297689
34.318,29.1392,45.1372,0,99,95,75,1427,3504,2.39703,0,11.1548,2.48759,0,3400,62645439875
242.955,4.11598,45.1372,0,99,95,75,1427,3504,2.39703,0,11.1548,2.48759,0,3400,62649555213
50.3667,19.8544,45.1372,0,99,95,75,1427,3504,2.39703,0,11.1548,2.48759,0,3400,62669432162
74.1081,13.4938,45.1372,0,99,95,75,1427,3504,2.39703,0,11.1548,2.48759,0,3400,62682906239
44.9732,22.2355,45.1372,0,99,95,75,1427,3504,2.39703,0,11.1548,2.48759,0,3400,62705142624
90.0028,11.1108,45.1372,0,99,95,75,1427,3504,2.39703,0,11.1548,2.48759,0,3400,62716266722
42.5891,23.4802,45.1372,0,99,95,75,1427,3504,2.39703,0,11.1548,2.48759,0,3400,62739735440
37.8286,26.435,45.1372,0,99,95,75,1427,3504,2.39703,0,11.1548,2.48759,0,3400,62766170995
36.0518,27.7379,45.1372,0,99,95,75,1427,3504,2.39703,0,11.1548,2.48759,0,3400,62793910188
181.534,5.50861,45.1372,0,99,95,75,1427,3504,2.39703,0,11.1548,2.48759,0,3400,62799419141
30.1172,33.2036,45.1372,0,99,95,75,1427,3504,2.39703,0,11.1548,2.48759,0,3400,62832623589
2809.75,0.355904,45.1372,0,99,95,75,1427,3504,2.39703,0,11.1548,2.48759,0,3400,62832978522
30.8901,32.3728,45.1372,0,99,95,75,1427,3504,2.39703,0,11.1548,2.48759,0,3400,62865354585
1371,0.729396,45.1372,0,99,95,75,1427,3504,2.39703,0,11.1548,2.48759,0,3400,62866083232
35.105,28.4859,45.1372,0,99,95,75,1427,3504,2.39703,0,11.1548,2.48759,0,3400,62894570296
211.187,4.73515,45.1372,0,99,95,75,1427,3504,2.39703,0,11.1548,2.48759,0,3400,62899305741
38.6571,25.8684,45.1372,0,99,95,75,1427,3504,2.39703,0,11.1548,2.48759,0,3400,62925176408
132.799,7.53019,45.1372,0,99,95,75,1427,3504,2.39703,0,11.1548,2.48759,0,3400,62932706370
39.6818,25.2005,45.1372,0,99,95,75,1427,3504,2.39703,0,11.1548,2.48759,0,3400,62957908947
123.686,8.08498,45.1372,0,99,95,75,1427,3504,2.39703,0,11.1548,2.48759,0,3400,62965993857
39.4339,25.3589,45.1372,0,99,95,75,1427,3504,2.39703,0,11.1548,2.48759,0,3400,62991353910
126.888,7.88095,45.1372,0,99,95,75,1427,3504,2.39703,0,11.1548,2.48759,0,3400,62999235445
49.5093,20.1982,45.1372,0,99,95,75,1427,3504,2.39703,0,11.1548,2.48759,0,3400,63019435266
75.923,13.1712,45.1372,0,99,95,75,1427,3504,2.39703,0,11.1548,2.48759,0,3400,63032607036
39.9747,25.0158,45.1372,0,99,95,75,1427,3504,2.39703,0,11.1548,2.48759,0,3400,63057624310
120.518,8.29752,45.1372,0,99,95,75,1427,3504,2.39703,0,11.1548,2.48759,0,3400,63065921046
47.8395,20.9032,45.1372,0,99,95,75,1427,3504,2.39703,0,11.1548,2.48759,0,3400,63086825965
34.3182,29.139,45.1372,0,99,95,75,1427,3504,2.39703,0,11.1548,2.48759,0,3400,63115968204
32.9702,30.3304,42.4691,0,99,97,75,1424,3504,2.39703,0,11.1338,2.48759,0,3563,63146298381
342.861,2.91663,42.4691,0,99,97,75,1424,3504,2.39703,0,11.1338,2.48759,0,3563,63149214461
39.0464,25.6105,42.4691,0,99,97,75,1424,3504,2.39703,0,11.1338,2.48759,0,3563,63174827058
131.448,7.60755,42.4691,0,99,97,75,1424,3504,2.39703,0,11.1338,2.48759,0,3563,63182435413
40.7517,24.5389,42.4691,0,99,97,75,1424,3504,2.39703,0,11.1338,2.48759,0,3563,63206975514
112.838,8.86224,42.4691,0,99,97,75,1424,3504,2.39703,0,11.1338,2.48759,0,3563,63215838190
48.7333,20.5198,42.4691,0,99,97,75,1424,3504,2.39703,0,11.1338,2.48759,0,3563,63236359927
78.5404,12.7323,42.4691,0,99,97,75,1424,3504,2.39703,0,11.1338,2.48759,0,3563,63249092636
34.1321,29.2979,42.4691,0,99,97,75,1424,3504,2.39703,0,11.1338,2.48759,0,3563,63278392635
252.49,3.96056,42.4691,0,99,97,75,1424,3504,2.39703,0,11.1338,2.48759,0,3563,63282353022
40.4581,24.7169,42.4691,0,99,97,75,1424,3504,2.39703,0,11.1338,2.48759,0,3563,63307072539
116.755,8.56496,42.4691,0,99,97,75,1424,3504,2.39703,0,11.1338,2.48759,0,3563,63315637211
42.5716,23.4898,42.4691,0,99,97,75,1424,3504,2.39703,0,11.1338,2.48759,0,3563,63339128503
100.304,9.96968,42.4691,0,99,97,75,1424,3504,2.39703,0,11.1338,2.48759,0,3563,63349119686
51.8341,19.2923,42.4691,0,99,97,75,1424,3504,2.39703,0,11.1338,2.48759,0,3563,63368392152
71.5968,13.9671,42.4691,0,99,97,75,1424,3504,2.39703,0,11.1338,2.48759,0,3563,63382360774
41.5863,24.0464,42.4691,0,99,97,75,1424,3504,2.39703,0,11.1338,2.48759,0,3563,63406408537
109.208,9.15688,42.4691,0,99,97,75,1424,3504,2.39703,0,11.1338,2.48759,0,3563,63415565145
48.7934,20.4946,42.4691,0,99,97,75,1424,3504,2.39703,0,11.1338,2.48759,0,3563,63436078296
78.4236,12.7513,42.4691,0,99,97,75,1424,3504,2.39703,0,11.1338,2.48759,0,3563,63448813329
50.5756,19.7724,42.4691,0,99,97,75,1424,3504,2.39703,0,11.1338,2.48759,0,3563,63468604711
34.8942,28.6581,42.4691,0,99,97,75,1424,3504,2.39703,0,11.1338,2.48759,0,3563,63497245479
219.097,4.56418,42.4691,0,99,97,75,1424,3504,2.39703,0,11.1338,2.48759,0,3563,63501809718
32.9237,30.3733,42.4691,0,99,97,75,1424,3504,2.39703,0,11.1338,2.48759,0,3563,63532184811
41.4067,24.1507,42.4691,0,99,97,75,1424,3504,2.39703,0,11.1338,2.48759,0,3563,63556337058
108.932,9.18005,42.4691,0,99,97,75,1424,3504,2.39703,0,11.1338,2.48759,0,3563,63565516675
37.923,26.3692,42.4691,0,99,97,75,1424,3504,2.39703,0,11.1338,2.48759,0,3563,63591891759
146.401,6.83057,42.4691,0,99,97,75,1424,3504,2.39703,0,11.1338,2.48759,0,3563,63598720032
28.5038,35.083,42.4691,0,99,97,75,1424,3504,2.39703,0,11.1338,2.48759,0,3563,63633808563
2335.87,0.428106,43.4146,0,100,97,75,1423,3504,2.39703,0,11.1344,2.48759,0,3573,63634231495
53.3207,18.7545,43.4146,0,100,97,75,1423,3504,2.39703,0,11.1344,2.48759,0,3573,63652989764
80.3568,12.4445,43.4146,0,100,97,75,1423,3504,2.39703,0,11.1344,2.48759,0,3573,63665433335
43.4631,23.008,43.4146,0,100,97,75,1423,3504,2.39703,0,11.1344,2.48759,0,3573,63688443558
97.5047,10.2559,43.4146,0,100,97,75,1423,3504,2.39703,0,11.1344,2.48759,0,3573,63698698985
47.98,20.842,43.4146,0,100,97,75,1423,3504,2.39703,0,11.1344,2.48759,0,3573,63719542732
79.5853,12.5651,43.4146,0,100,97,75,1423,3504,2.39703,0,11.1344,2.48759,0,3573,63732108721
48.1175,20.7824,43.4146,0,100,97,75,1423,3504,2.39703,0,11.1344,2.48759,0,3573,63752892044
80.9273,12.3568,43.4146,0,100,97,75,1423,3504,2.39703,0,11.1344,2.48759,0,3573,63765248734
48.0822,20.7977,43.4146,0,100,97,75,1423,3504,2.39703,0,11.1344,2.48759,0,3573,63786048203
79.3426,12.6036,43.4146,0,100,97,75,1423,3504,2.39703,0,11.1344,2.48759,0,3573,63798651977
36.5501,27.3597,43.4146,0,100,97,75,1423,3504,2.39703,0,11.1344,2.48759,0,3573,63826012992
169.159,5.91161,43.4146,0,100,97,75,1423,3504,2.39703,0,11.1344,2.48759,0,3573,63831924368
46.9013,21.3214,43.4146,0,100,97,75,1423,3504,2.39703,0,11.1344,2.48759,0,3573,63853248030
83.7529,11.9399,43.4146,0,100,97,75,1423,3504,2.39703,0,11.1344,2.48759,0,3573,63865188115
33.811,29.5762,43.4146,0,100,97,75,1423,3504,2.39703,0,11.1344,2.48759,0,3573,63894765229
269.153,3.71536,43.4146,0,100,97,75,1423,3504,2.39703,0,11.1344,2.48759,0,3573,63898481397
35.9959,27.7809,43.4146,0,100,97,75,1423,3504,2.39703,0,11.1344,2.48759,0,3573,63926284873
179.566,5.56898,43.4146,0,100,97,75,1423,3504,2.39703,0,11.1344,2.48759,0,3573,63931833726
32.5789,30.6947,43.4146,0,100,97,75,1423,3504,2.39703,0,11.1344,2.48759,0,3573,63962529885
386.517,2.58721,43.4146,0,100,97,75,1423,3504,2.39703,0,11.1344,2.48759,0,3573,63965116116
38.9892,25.6481,43.4146,0,100,97,75,1423,3504,2.39703,0,11.1344,2.48759,0,3573,63990769932
130.079,7.68764,43.4146,0,100,97,75,1423,3504,2.39703,0,11.1344,2.48759,0,3573,63998455666
37.6363,26.5701,43.4146,0,100,97,75,1423,3504,2.39703,0,11.1344,2.48759,0,3573,64025027650
149.535,6.68738,43.4146,0,100,97,75,1423,3504,2.39703,0,11.1344,2.48759,0,3573,64031715747
37.7033,26.5229,43.4146,0,100,97,75,1423,3504,2.39703,0,11.1344,2.48759,0,3573,64058240471
146.419,6.8297,43.4146,0,100,97,75,1423,3504,2.39703,0,11.1344,2.48759,0,3573,64065082691
43.4092,23.0366,43.4146,0,100,97,75,1423,3504,2.39703,0,11.1344,2.48759,0,3573,64088110637
97.2741,10.2802,43.4146,0,100,97,75,1423,3504,2.39703,0,11.1344,2.48759,0,3573,64098405899
41.683,23.9906,43.4146,0,100,97,75,1423,3504,2.39703,0,11.1344,2.48759,0,3573,64122402987
107.618,9.29209,43.4146,0,100,97,75,1423,3504,2.39703,0,11.1344,2.48759,0,3573,64131691413
34.8969,28.6558,43.4146,0,100,97,75,1423,3504,2.39703,0,11.1344,2.48759,0,3573,64160353074
217.663,4.59425,42.8916,0,100,91,75,1452,3504,2.39703,0,11.1385,2.48759,0,3418,64164943067
39.1951,25.5134,42.8916,0,100,91,75,1452,3504,2.39703,0,11.1385,2.48759,0,3418,64190458446
128.683,7.77106,42.8916,0,100,91,75,1452,3504,2.39703,0,11.1385,2.48759,0,3418,64198228575
32.2981,30.9616,42.8916,0,100,91,75,1452,3504,2.39703,0,11.1385,2.48759,0,3418,64229191074
425.364,2.35093,42.8916,0,100,91,75,1452,3504,2.39703,0,11.1385,2.48759,0,3418,64231543356
35.6201,28.074,42.8916,0,100,91,75,1452,3504,2.39703,0,11.1385,2.48759,0,3418,64259622735
191.369,5.22552,42.8916,0,100,91,75,1452,3504,2.39703,0,11.1385,2.48759,0,3418,64264846726
36.4832,27.4099,42.8916,0,100,91,75,1452,3504,2.39703,0,11.1385,2.48759,0,3418,64292257489
172.045,5.81244,42.8916,0,100,91,75,1452,3504,2.39703,0,11.1385,2.48759,0,3418,64298070280
43.3808,23.0517,42.8916,0,100,91,75,1452,3504,2.39703,0,11.1385,2.48759,0,3418,64321123162
96.2202,10.3928,42.8916,0,100,91,75,1452,3504,2.39703,0,11.1385,2.48759,0,3418,64331517607
42.5856,23.4821,42.8916,0,100,91,75,1452,3504,2.39703,0,11.1385,2.48759,0,3418,64355000939
102.82,9.72569,42.8916,0,100,91,75,1452,3504,2.39703,0,11.1385,2.48759,0,3418,64364726253
44.6992,22.3718,42.8916,0,100,91,75,1452,3504,2.39703,0,11.1385,2.48759,0,3418,64387101039
91.372,10.9443,42.8916,0,100,91,75,1452,3504,2.39703,0,11.1385,2.48759,0,3418,64398045281
37.3328,26.7861,42.8916,0,100,91,75,1452,3504,2.39703,0,11.1385,2.48759,0,3418,64424831799
152.984,6.53665,42.8916,0,100,91,75,1452,3504,2.39703,0,11.1385,2.48759,0,3418,64431383223
36.956,27.0592,42.8916,0,100,91,75,1452,3504,2.39703,0,11.1385,2.48759,0,3418,64458430322
159.948,6.25204,42.8916,0,100,91,75,1452,3504,2.39703,0,11.1385,2.48759,0,3418,64464683658
37.1902,26.8888,42.8916,0,100,91,75,1452,3504,2.39703,0,11.1385,2.48759,0,3418,64491574158
155.24,6.44164,42.8916,0,100,91,75,1452,3504,2.39703,0,11.1385,2.48759,0,3418,64498027955
38.2542,26.1409,42.8916,0,100,91,75,1452,3504,2.39703,0,11.1385,2.48759,0,3418,64524161690
140.5,7.11744,42.8916,0,100,91,75,1452,3504,2.39703,0,11.1385,2.48759,0,3418,64531274777
38.9795,25.6545,42.8916,0,100,91,75,1452,3504,2.39703,0,11.1385,2.48759,0,3418,64556931780
130.646,7.65426,42.8916,0,100,91,75,1452,3504,2.39703,0,11.1385,2.48759,0,3418,64564585527
41.0012,24.3895,42.8916,0,100,91,75,1452,3504,2.39703,0,11.1385,2.48759,0,3418,64588978277
111.914,8.93545,42.8916,0,100,91,75,1452,3504,2.39703,0,11.1385,2.48759,0,3418,64597913330
36.2316,27.6003,42.8916,0,100,91,75,1452,3504,2.39703,0,11.1385,2.48759,0,3418,64625515434
178.691,5.59624,42.8916,0,100,91,75,1452,3504,2.39703,0,11.1385,2.48759,0,3418,64631112669
27.2826,36.6534,42.8916,0,100,91,75,1452,3504,2.39703,0,11.1385,2.48759,0,3418,64667770085
1181.86,0.846127,42.4318,0,100,91,76,1544,3504,2.39703,0,11.124,2.48759,0,3400,64668612783
54.9489,18.1987,42.4318,0,100,91,76,1544,3504,2.39703,0,11.124,2.48759,0,3400,64686814115
90.632,11.0336,42.4318,0,100,91,76,1544,3504,2.39703,0,11.124,2.48759,0,3400,64697848807
40.8269,24.4936,42.4318,0,100,91,76,1544,3504,2.39703,0,11.124,2.48759,0,3400,64722344854
115.703,8.64281,42.4318,0,100,91,76,1544,3504,2.39703,0,11.124,2.48759,0,3400,64730987074
32.6121,30.6635,42.4318,0,100,91,76,1544,3504,2.39703,0,11.124,2.48759,0,3400,64761671689
345.9,2.89101,42.4318,0,100,91,76,1544,3504,2.39703,0,11.124,2.48759,0,3400,64764545078
31.2914,31.9576,42.4318,0,100,91,76,1544,3504,2.39703,0,11.124,2.48759,0,3400,64796502220
839.11,1.19174,42.4318,0,100,91,76,1544,3504,2.39703,0,11.124,2.48759,0,3400,64797693942
40.5797,24.6429,42.4318,0,100,91,76,1544,3504,2.39703,0,11.124,2.48759,0,3400,64822340225
115.593,8.65107,42.4318,0,100,91,76,1544,3504,2.39703,0,11.124,2.48759,0,3400,64830991211
34.7683,28.7619,42.4318,0,100,91,76,1544,3504,2.39703,0,11.124,2.48759,0,3400,64859754173
216.229,4.62473,42.4318,0,100,91,76,1544,3504,2.39703,0,11.124,2.48759,0,3400,64864379102
37.0823,26.967,42.4318,0,100,91,76,1544,3504,2.39703,0,11.124,2.48759,0,3400,64891347456
156.31,6.39754,42.4318,0,100,91,76,1544,3504,2.39703,0,11.124,2.48759,0,3400,64897745557
36.4675,27.4217,42.4318,0,100,91,76,1544,3504,2.39703,0,11.124,2.48759,0,3400,64925168862
176.664,5.66047,42.4318,0,100,91,76,1544,3504,2.39703,0,11.124,2.48759,0,3400,64930847400
34.945,28.6164,42.4318,0,100,91,76,1544,3504,2.39703,0,11.124,2.48759,0,3400,64959448919
211.664,4.72446,42.4318,0,100,91,76,1544,3504,2.39703,0,11.124,2.48759,0,3400,64964173470
38.6544,25.8703,42.4318,0,100,91,76,1544,3504,2.39703,0,11.124,2.48759,0,3400,64990045336
135.918,7.3574,42.4318,0,100,91,76,1544,3504,2.39703,0,11.124,2.48759,0,3400,64997403265
41.915,23.8578,42.4318,0,100,91,76,1544,3504,2.39703,0,11.124,2.48759,0,3400,65021262488
104.957,9.52771,42.4318,0,100,91,76,1544,3504,2.39703,0,11.124,2.48759,0,3400,65030790285
42.8218,23.3526,42.4318,0,100,91,76,1544,3504,2.39703,0,11.124,2.48759,0,3400,65054143477
99.6446,10.0357,42.4318,0,100,91,76,1544,3504,2.39703,0,11.124,2.48759,0,3400,65064180454
30.6579,32.6181,42.4318,0,100,91,76,1544,3504,2.39703,0,11.124,2.48759,0,3400,65096798972
1612.83,0.62003,42.4318,0,100,91,76,1544,3504,2.39703,0,11.124,2.48759,0,3400,65097419623
46.2657,21.6143,42.4318,0,100,91,76,1544,3504,2.39703,0,11.124,2.48759,0,3400,65119035812
85.5463,11.6896,42.4318,0,100,91,76,1544,3504,2.39703,0,11.124,2.48759,0,3400,65130747084
37.1323,26.9307,42.4318,0,100,91,76,1544,3504,2.39703,0,11.124,2.48759,0,3400,65157657831
154.988,6.45213,42.4318,0,100,91,76,1544,3504,2.39703,0,11.124,2.48759,0,3400,65164110177
39.4216,25.3668,42.4318,0,100,91,76,1544,3504,2.39703,0,11.124,2.48759,0,3400,65189486737
127.908,7.81811,46.8293,0,100,93,76,1544,3504,2.39703,0,11.1431,2.48759,0,3399,65197297948
34.3643,29.0999,46.8293,0,100,93,76,1544,3504,2.39703,0,11.1431,2.48759,0,3399,65226399763
238.465,4.19348,46.8293,0,100,93,76,1544,3504,2.39703,0,11.1431,2.48759,0,3399,65230592894
35.6216,28.0729,46.8293,0,100,93,76,1544,3504,2.39703,0,11.1431,2.48759,0,3399,65258671874
186.037,5.37528,46.8293,0,100,93,76,1544,3504,2.39703,0,11.1431,2.48759,0,3399,65264057099
37.2111,26.8737,46.8293,0,100,93,76,1544,3504,2.39703,0,11.1431,2.48759,0,3399,65290919063
157.594,6.34543,46.8293,0,100,93,76,1544,3504,2.39703,0,11.1431,2.48759,0,3399,65297265388
37.325,26.7917,46.8293,0,100,93,76,1544,3504,2.39703,0,11.1431,2.48759,0,3399,65324057506
152.369,6.56299,46.8293,0,100,93,76,1544,3504,2.39703,0,11.1431,2.48759,0,3399,65330622444
46.9094,21.3177,46.8293,0,100,93,76,1544,3504,2.39703,0,11.1431,2.48759,0,3399,65351941261
83.2338,12.0144,46.8293,0,100,93,76,1544,3504,2.39703,0,11.1431,2.48759,0,3399,65363956758
35.6275,28.0682,46.8293,0,100,93,76,1544,3504,2.39703,0,11.1431,2.48759,0,3399,65392026065
193.777,5.16056,46.8293,0,100,93,76,1544,3504,2.39703,0,11.1431,2.48759,0,3399,65397186556
36.4636,27.4246,46.8293,0,100,93,76,1544,3504,2.39703,0,11.1431,2.48759,0,3399,65424612881
169.73,5.89171,46.8293,0,100,93,76,1544,3504,2.39703,0,11.1431,2.48759,0,3399,65430518603
35.5853,28.1015,46.8293,0,100,93,76,1544,3504,2.39703,0,11.1431,2.48759,0,3399,65458608929
197.815,5.05523,46.8293,0,100,93,76,1544,3504,2.39703,0,11.1431,2.48759,0,3399,65463663602
36.6155,27.3108,46.8293,0,100,93,76,1544,3504,2.39703,0,11.1431,2.48759,0,3399,65490977125
165.072,6.05796,46.8293,0,100,93,76,1544,3504,2.39703,0,11.1431,2.48759,0,3399,65497035485
40.8292,24.4923,46.8293,0,100,93,76,1544,3504,2.39703,0,11.1431,2.48759,0,3399,65521530643
114.036,8.76916,46.8293,0,100,93,76,1544,3504,2.39703,0,11.1431,2.48759,0,3399,65530298494
41.3697,24.1723,46.8293,0,100,93,76,1544,3504,2.39703,0,11.1431,2.48759,0,3399,65554472319
109.198,9.15766,46.8293,0,100,93,76,1544,3504,2.39703,0,11.1431,2.48759,0,3399,65563629822
40.5575,24.6564,46.8293,0,100,93,76,1544,3504,2.39703,0,11.1431,2.48759,0,3399,65588288956
114.659,8.72149,46.8293,0,100,93,76,1544,3504,2.39703,0,11.1431,2.48759,0,3399,65597010290
29.9733,33.363,46.8293,0,100,93,76,1544,3504,2.39703,0,11.1431,2.48759,0,3399,65630374612
2192.1,0.456184,46.8293,0,100,93,76,1544,3504,2.39703,0,11.1431,2.48759,0,3399,65630830929
44.5983,22.4224,46.8293,0,100,93,76,1544,3504,2.39703,0,11.1431,2.48759,0,3399,65653255516
96.7388,10.3371,46.8293,0,100,93,76,1544,3504,2.39703,0,11.1431,2.48759,0,3399,65663593507
47.3492,21.1197,46.8293,0,100,93,76,1544,3504,2.39703,0,11.1431,2.48759,0,3399,65684715636
82.1731,12.1694,46.8293,0,100,93,76,1544,3504,2.39703,0,11.1431,2.48759,0,3399,65696886158
31.1631,32.0892,42.6396,0,100,93,76,1544,3504,2.39703,0,11.1585,2.48759,0,3486,65728975352
863.766,1.15772,42.6396,0,100,93,76,1544,3504,2.39703,0,11.1585,2.48759,0,3486,65730132700
29.927,33.4147,42.6396,0,100,93,76,1544,3504,2.39703,0,11.1585,2.48759,0,3486,65763549006
3439.06,0.290777,42.6396,0,100,93,76,1544,3504,2.39703,0,11.1585,2.48759,0,3486,65763838583
30.7335,32.5378,42.6396,0,100,93,76,1544,3504,2.39703,0,11.1585,2.48759,0,3486,65796378483
2028.83,0.492894,42.6396,0,100,93,76,1544,3504,2.39703,0,11.1585,2.48759,0,3486,65796870669
31.5127,31.7332,42.6396,0,100,93,76,1544,3504,2.39703,0,11.1585,2.48759,0,3486,65828606520
435.2,2.29779,42.6396,0,100,93,76,1544,3504,2.39703,0,11.1585,2.48759,0,3486,65830904894
34.1245,29.3045,42.6396,0,100,93,76,1544,3504,2.39703,0,11.1585,2.48759,0,3486,65860209640
303.789,3.29176,42.6396,0,100,93,76,1544,3504,2.39703,0,11.1585,2.48759,0,3486,65863503947
32.9879,30.3141,42.6396,0,100,93,76,1544,3504,2.39703,0,11.1585,2.48759,0,3486,65893819689
354.349,2.82208,42.6396,0,100,93,76,1544,3504,2.39703,0,11.1585,2.48759,0,3486,65896641847
33.6093,29.7537,42.6396,0,100,93,76,1544,3504,2.39703,0,11.1585,2.48759,0,3486,65926397343
278.592,3.58948,42.6396,0,100,93,76,1544,3504,2.39703,0,11.1585,2.48759,0,3486,65929987908
33.9264,29.4755,42.6396,0,100,93,76,1544,3504,2.39703,0,11.1585,2.48759,0,3486,65959478023
260.152,3.84391,42.6396,0,100,93,76,1544,3504,2.39703,0,11.1585,2.48759,0,3486,65963309600
35.5723,28.1118,42.6396,0,100,93,76,1544,3504,2.39703,0,11.1585,2.48759,0,3486,65991421958
195.082,5.12606,42.6396,0,100,93,76,1544,3504,2.39703,0,11.1585,2.48759,0,3486,65996549671
27.2113,36.7494,42.6396,0,100,93,76,1544,3504,2.39703,0,11.1585,2.48759,0,3486,66033300847
2933.31,0.340912,42.6396,0,100,93,76,1544,3504,2.39703,0,11.1585,2.48759,0,3486,66033639487
34.5655,28.9306,42.6396,0,100,93,76,1544,3504,2.39703,0,11.1585,2.48759,0,3486,66062575264
298.854,3.34611,42.6396,0,100,93,76,1544,3504,2.39703,0,11.1585,2.48759,0,3486,66065921215
34.4966,28.9884,42.6396,0,100,93,76,1544,3504,2.39703,0,11.1585,2.48759,0,3486,66094909552
626.153,1.59705,42.6396,0,100,93,76,1544,3504,2.39703,0,11.1585,2.48759,0,3486,66096507172
32.1028,31.1499,42.6396,0,100,93,76,1544,3504,2.39703,0,11.1585,2.48759,0,3486,66127659029
437.527,2.28557,42.6396,0,100,93,76,1544,3504,2.39703,0,11.1585,2.48759,0,3486,66129944728
35.1812,28.4243,42.6396,0,100,93,76,1544,3504,2.39703,0,11.1585,2.48759,0,3486,66158370465
210.06,4.76054,42.6396,0,100,93,76,1544,3504,2.39703,0,11.1585,2.48759,0,3486,66163130945
35.9117,27.8461,42.6396,0,100,93,76,1544,3504,2.39703,0,11.1585,2.48759,0,3486,66190978149
179.768,5.56272,42.6396,0,100,93,76,1544,3504,2.39703,0,11.1585,2.48759,0,3486,66196543117
36.5523,27.3581,42.6396,0,100,93,76,1544,3504,2.39703,0,11.1585,2.48759,0,3486,66223907465
168.002,5.9523,55.9036,0,100,92,76,1545,3504,2.39703,0,11.1711,2.48759,0,3400,66229855386
34.6765,28.8379,55.9036,0,100,92,76,1545,3504,2.39703,0,11.1711,2.48759,0,3400,66258694592
228.468,4.37699,55.9036,0,100,92,76,1545,3504,2.39703,0,11.1711,2.48759,0,3400,66263071815
33.9148,29.4857,55.9036,0,100,92,76,1545,3504,2.39703,0,11.1711,2.48759,0,3400,66292557484
265.491,3.7666,55.9036,0,100,92,76,1545,3504,2.39703,0,11.1711,2.48759,0,3400,66296324780
32.6467,30.631,55.9036,0,100,92,76,1545,3504,2.39703,0,11.1711,2.48759,0,3400,66326959054
370.067,2.70221,55.9036,0,100,92,76,1545,3504,2.39703,0,11.1711,2.48759,0,3400,66329660038
39.1,25.5754,55.9036,0,100,92,76,1545,3504,2.39703,0,11.1711,2.48759,0,3400,66355237983
129.598,7.71619,55.9036,0,100,92,76,1545,3504,2.39703,0,11.1711,2.48759,0,3400,66362972300
30.0647,33.2616,55.9036,0,100,92,76,1545,3504,2.39703,0,11.1711,2.48759,0,3400,66396216617
1765.21,0.566505,55.9036,0,100,92,76,1545,3504,2.39703,0,11.1711,2.48759,0,3400,66396782972
33.5052,29.8461,55.9036,0,100,92,76,1545,3504,2.39703,0,11.1711,2.48759,0,3400,66426630515
340.818,2.93412,55.9036,0,100,92,76,1545,3504,2.39703,0,11.1711,2.48759,0,3400,66429564672
31.3783,31.8691,55.9036,0,100,92,76,1545,3504,2.39703,0,11.1711,2.48759,0,3400,66461433858
689.368,1.4506,55.9036,0,100,92,76,1545,3504,2.39703,0,11.1711,2.48759,0,3400,66462886428
40.1011,24.937,55.9036,0,100,92,76,1545,3504,2.39703,0,11.1711,2.48759,0,3400,66487824226
118.921,8.40897,55.9036,0,100,92,76,1545,3504,2.39703,0,11.1711,2.48759,0,3400,66496233935
46.4558,21.5258,55.9036,0,100,92,76,1545,3504,2.39703,0,11.1711,2.48759,0,3400,66517761220
85.1822,11.7395,55.9036,0,100,92,76,1545,3504,2.39703,0,11.1711,2.48759,0,3400,66529514258
32.5568,30.7156,55.9036,0,100,92,76,1545,3504,2.39703,0,11.1711,2.48759,0,3400,66560218070
389.171,2.56957,55.9036,0,100,92,76,1545,3504,2.39703,0,11.1711,2.48759,0,3400,66562788015
33.0892,30.2213,55.9036,0,100,92,76,1545,3504,2.39703,0,11.1711,2.48759,0,3400,66593009489
324.619,3.08053,55.9036,0,100,92,76,1545,3504,2.39703,0,11.1711,2.48759,0,3400,66596109284
32.4398,30.8263,55.9036,0,100,92,76,1545,3504,2.39703,0,11.1711,2.48759,0,3400,66626919518
420.361,2.37891,55.9036,0,100,92,76,1545,3504,2.39703,0,11.1711,2.48759,0,3400,66629298103
36.9758,27.0447,55.9036,0,100,92,76,1545,3504,2.39703,0,11.1711,2.48759,0,3400,66656344976
158.087,6.32563,55.9036,0,100,92,76,1545,3504,2.39703,0,11.1711,2.48759,0,3400,66662671738
34.3065,29.149,55.9036,0,100,92,76,1545,3504,2.39703,0,11.1711,2.48759,0,3400,66691820954
241.474,4.14124,55.9036,0,100,92,76,1545,3504,2.39703,0,11.1711,2.48759,0,3400,66695962177
33.7924,29.5924,55.9036,0,100,92,76,1545,3504,2.39703,0,11.1711,2.48759,0,3400,66725563085
262.145,3.81468,42.6735,0,99,92,77,1555,3504,2.39703,0,11.1701,2.48759,0,3412,66729377833
34.2809,29.1707,42.6735,0,99,92,77,1555,3504,2.39703,0,11.1701,2.48759,0,3412,66758546785
243.937,4.09942,42.6735,0,99,92,77,1555,3504,2.39703,0,11.1701,2.48759,0,3412,66762646683
37.066,26.9789,42.6735,0,99,92,77,1555,3504,2.39703,0,11.1701,2.48759,0,3412,66789626932
159.24,6.27982,42.6735,0,99,92,77,1555,3504,2.39703,0,11.1701,2.48759,0,3412,66795907514
37.5741,26.6141,42.6735,0,99,92,77,1555,3504,2.39703,0,11.1701,2.48759,0,3412,66822522848
148.422,6.73755,42.6735,0,99,92,77,1555,3504,2.39703,0,11.1701,2.48759,0,3412,66829259784
35.812,27.9236,42.6735,0,99,92,77,1555,3504,2.39703,0,11.1701,2.48759,0,3412,66857186407
185.205,5.39943,42.6735,0,99,92,77,1555,3504,2.39703,0,11.1701,2.48759,0,3412,66862604194
42.0525,23.7798,42.6735,0,99,92,77,1555,3504,2.39703,0,11.1701,2.48759,0,3412,66886367908
105.745,9.4567,42.6735,0,99,92,77,1555,3504,2.39703,0,11.1701,2.48759,0,3412,66895836498
39.4628,25.3403,42.6735,0,99,92,77,1555,3504,2.39703,0,11.1701,2.48759,0,3412,66921166026
125.348,7.9778,42.6735,0,99,92,77,1555,3504,2.39703,0,11.1701,2.48759,0,3412,66929144127
46.4022,21.5507,42.6735,0,99,92,77,1555,3504,2.39703,0,11.1701,2.48759,0,3412,66950697886
85.2458,11.7308,42.6735,0,99,92,77,1555,3504,2.39703,0,11.1701,2.48759,0,3412,66962428878
28.4471,35.1529,42.6735,0,99,92,77,1555,3504,2.39703,0,11.1701,2.48759,0,3412,66997582296
2365.36,0.422768,42.6735,0,99,92,77,1555,3504,2.39703,0,11.1701,2.48759,0,3412,66998005434
53.0797,18.8396,42.6735,0,99,92,77,1555,3504,2.39703,0,11.1701,2.48759,0,3412,67016848227
81.7097,12.2385,42.6735,0,99,92,77,1555,3504,2.39703,0,11.1701,2.48759,0,3412,67029086196
21.6838,46.1173,42.6735,0,99,92,77,1555,3504,2.39703,0,11.1701,2.48759,0,3412,67075203946
1577.03,0.634104,42.6735,0,99,92,77,1555,3504,2.39703,0,11.1701,2.48759,0,3412,67075850972
72.5893,13.7761,42.6735,0,99,92,77,1555,3504,2.39703,0,11.1701,2.48759,0,3412,67089617664
163.736,6.10738,42.6735,0,99,92,77,1555,3504,2.39703,0,11.1701,2.48759,0,3412,67095725435
46.1397,21.6733,42.6735,0,99,92,77,1555,3504,2.39703,0,11.1701,2.48759,0,3412,67117399549
86.2501,11.5942,42.6735,0,99,92,77,1555,3504,2.39703,0,11.1701,2.48759,0,3412,67129012222
37.2133,26.8721,42.6735,0,99,92,77,1555,3504,2.39703,0,11.1701,2.48759,0,3412,67155867640
157.031,6.36818,42.6735,0,99,92,77,1555,3504,2.39703,0,11.1701,2.48759,0,3412,67162235971
40.9699,24.4082,42.6735,0,99,92,77,1555,3504,2.39703,0,11.1701,2.48759,0,3412,67186646070
111.091,9.00165,42.6735,0,99,92,77,1555,3504,2.39703,0,11.1701,2.48759,0,3412,67195648610
40.5776,24.6441,42.6735,0,99,92,77,1555,3504,2.39703,0,11.1701,2.48759,0,3412,67220294736
116.574,8.57824,42.6735,0,99,92,77,1555,3504,2.39703,0,11.1701,2.48759,0,3412,67228890374
38.5798,25.9203,51.145,0,97,93,77,1631,3504,2.39703,0,11.1749,2.48759,0,3572,67254793942
135.252,7.39358,51.145,0,97,93,77,1631,3504,2.39703,0,11.1749,2.48759,0,3572,67262188296
41.7242,23.9669,51.145,0,97,93,77,1631,3504,2.39703,0,11.1749,2.48759,0,3572,67286156964
106.094,9.42563,51.145,0,97,93,77,1631,3504,2.39703,0,11.1749,2.48759,0,3572,67295583091
47.6596,20.9821,51.145,0,97,93,77,1631,3504,2.39703,0,11.1749,2.48759,0,3572,67316567198
81.5913,12.2562,51.145,0,97,93,77,1631,3504,2.39703,0,11.1749,2.48759,0,3572,67328836320
28.712,34.8286,51.145,0,97,93,77,1631,3504,2.39703,0,11.1749,2.48759,0,3572,67363666217
1663.98,0.600967,51.145,0,97,93,77,1631,3504,2.39703,0,11.1749,2.48759,0,3572,67364253058
43.9607,22.7476,51.145,0,97,93,77,1631,3504,2.39703,0,11.1749,2.48759,0,3572,67387007204
118.356,8.44905,51.145,0,97,93,77,1631,3504,2.39703,0,11.1749,2.48759,0,3572,67395480718
49.1235,20.3569,51.145,0,97,93,77,1631,3504,2.39703,0,11.1749,2.48759,0,3572,67415813012
77.2674,12.9421,51.145,0,97,93,77,1631,3504,2.39703,0,11.1749,2.48759,0,3572,67428755437
16.7929,59.549,51.145,0,97,93,77,1631,3504,2.39703,0,11.1749,2.48759,0,3572,67488304541
1260.26,0.79349,51.145,0,97,93,77,1631,3504,2.39703,0,11.1749,2.48759,0,3572,67489118693
87.3158,11.4527,51.145,0,97,93,77,1631,3504,2.39703,0,11.1749,2.48759,0,3572,67500574400
84.7922,11.7935,51.145,0,97,93,77,1631,3504,2.39703,0,11.1749,2.48759,0,3572,67512368246
30.0206,33.3105,51.145,0,97,93,77,1631,3504,2.39703,0,11.1749,2.48759,0,3572,67545659743
59.5928,16.7806,51.145,0,97,93,77,1631,3504,2.39703,0,11.1749,2.48759,0,3572,67562461503
31.5305,31.7153,51.145,0,97,93,77,1631,3504,2.39703,0,11.1749,2.48759,0,3572,67594156871
1160.31,0.861835,51.145,0,97,93,77,1631,3504,2.39703,0,11.1749,2.48759,0,3572,67595018139
41.3574,24.1795,51.145,0,97,93,77,1631,3504,2.39703,0,11.1749,2.48759,0,3572,67619221076
97.9226,10.2121,51.145,0,97,93,77,1631,3504,2.39703,0,11.1749,2.48759,0,3572,67629434388
23.8528,41.9237,51.145,0,97,93,77,1631,3504,2.39703,0,11.1749,2.48759,0,3572,67671359004
263.433,3.79604,51.145,0,97,93,77,1631,3504,2.39703,0,11.1749,2.48759,0,3572,67675134740
23.4159,42.706,51.145,0,97,93,77,1631,3504,2.39703,0,11.1749,2.48759,0,3572,67717840607
1290.89,0.77466,51.145,0,97,93,77,1631,3504,2.39703,0,11.1749,2.48759,0,3572,67718614452
28.5799,34.9897,51.145,0,97,93,77,1631,3504,2.39703,0,11.1749,2.48759,0,3572,67753630483
1067.71,0.936587,59.952,0,97,93,77,1631,3504,2.39703,0,11.163,2.48702,0,1972,67754543326
47.0987,21.232,59.952,0,97,93,77,1631,3504,2.39703,0,11.163,2.48702,0,1972,67775777526
510.985,1.95701,59.952,0,97,93,77,1631,3504,2.39703,0,11.163,2.48702,0,1972,67777734129
18.4322,54.2529,59.952,0,97,93,77,1631,3504,2.39703,0,11.163,2.48702,0,1972,67831989192
931.643,1.07337,59.952,0,97,93,77,1631,3504,2.39703,0,11.163,2.48702,0,1972,67833061696
23.7658,42.0773,59.952,0,97,93,77,1631,3504,2.39703,0,11.163,2.48702,0,1972,67875141363
567.184,1.7631,59.952,0,97,93,77,1631,3504,2.39703,0,11.163,2.48702,0,1972,67877104071
22.187,45.0714,59.952,0,97,93,77,1631,3504,2.39703,0,11.163,2.48702,0,1972,67921977558
976.118,1.02447,59.952,0,97,93,77,1631,3504,2.39703,0,11.163,2.48702,0,1972,67923023524
23.5687,42.4291,59.952,0,97,93,77,1631,3504,2.39703,0,11.163,2.48702,0,1972,67965432004
787.121,1.27045,59.952,0,97,93,77,1631,3504,2.39703,0,11.163,2.48702,0,1972,67966703996
10.058,99.4235,59.952,0,97,93,77,1631,3504,2.39703,0,11.163,2.48702,0,1972,68066128296
147.303,6.78874,59.952,0,97,93,77,1631,3504,2.39703,0,11.163,2.48702,0,1972,68072939496
43.5412,22.9667,59.952,0,97,93,77,1631,3504,2.39703,0,11.163,2.48702,0,1972,68095884923
971.31,1.02954,59.952,0,97,93,77,1631,3504,2.39703,0,11.163,2.48702,0,1972,68096914180
32.9696,30.3309,59.952,0,97,93,77,1631,3504,2.39703,0,11.163,2.48702,0,1972,68127249558
906.163,1.10355,59.952,0,97,93,77,1631,3504,2.39703,0,11.163,2.48702,0,1972,68128371506
20.8526,47.9556,59.952,0,97,93,77,1631,3504,2.39703,0,11.163,2.48702,0,1972,68176308174
597.509,1.67361,59.952,0,97,93,77,1631,3504,2.39703,0,11.163,2.48702,0,1972,68177981811
19.5262,51.2134,59.952,0,97,93,77,1631,3504,2.39703,0,11.163,2.48702,0,1972,68229229041
1262.76,0.791917,59.952,0,97,93,77,1631,3504,2.39703,0,11.163,2.48702,0,1972,68229987847
23.9768,41.707,59.952,0,97,93,77,1631,3504,2.39703,0,11.163,2.48702,0,1972,68271715630
1262.03,0.792372,78.8321,0,95,86,76,1474,3504,2.39703,0,11.1902,2.48701,0,1883,68272503707
18.4041,54.3358,78.8321,0,95,86,76,1474,3504,2.39703,0,11.1902,2.48701,0,1883,68326841679
702.005,1.42449,78.8321,0,95,86,76,1474,3504,2.39703,0,11.1902,2.48701,0,1883,68328265731
26.1441,38.2496,78.8321,0,95,86,76,1474,3504,2.39703,0,11.1902,2.48701,0,1883,68366517117
1407.53,0.710462,78.8321,0,95,86,76,1474,3504,2.39703,0,11.1902,2.48701,0,1883,68367245844
28.3354,35.2915,78.8321,0,95,86,76,1474,3504,2.39703,0,11.1902,2.48701,0,1883,68402532170
1354.59,0.738229,78.8321,0,95,86,76,1474,3504,2.39703,0,11.1902,2.48701,0,1883,68403277572
80.073,12.4886,78.8321,0,95,86,76,1474,3504,2.39703,0,11.1902,2.48701,0,1883,68415769805
930.127,1.07512,78.8321,0,95,86,76,1474,3504,2.39703,0,11.1902,2.48701,0,1883,68416844417
24.1563,41.3971,78.8321,0,95,86,76,1474,3504,2.39703,0,11.1902,2.48701,0,1883,68458242362
309.565,3.23034,78.8321,0,95,86,76,1474,3504,2.39703,0,11.1902,2.48701,0,1883,68461473789
26.518,37.7103,78.8321,0,95,86,76,1474,3504,2.39703,0,11.1902,2.48701,0,1883,68499185550
1401.88,0.713328,78.8321,0,95,86,76,1474,3504,2.39703,0,11.1902,2.48701,0,1883,68499898029
31.1669,32.0853,78.8321,0,95,86,76,1474,3504,2.39703,0,11.1902,2.48701,0,1883,68532005582
952.734,1.04961,78.8321,0,95,86,76,1474,3504,2.39703,0,11.1902,2.48701,0,1883,68533034058
22.1736,45.0987,78.8321,0,95,86,76,1474,3504,2.39703,0,11.1902,2.48701,0,1883,68578134052
660.989,1.51288,78.8321,0,95,86,76,1474,3504,2.39703,0,11.1902,2.48701,0,1883,68579647252
71.6041,13.9657,78.8321,0,95,86,76,1474,3504,2.39703,0,11.1902,2.48701,0,1883,68593616584
998.586,1.00142,78.8321,0,95,86,76,1474,3504,2.39703,0,11.1902,2.48701,0,1883,68594616172
33.3521,29.9831,78.8321,0,95,86,76,1474,3504,2.39703,0,11.1902,2.48701,0,1883,68624622567
288.976,3.4605,78.8321,0,95,86,76,1474,3504,2.39703,0,11.1902,2.48701,0,1883,68628062250
18.463,54.1624,78.8321,0,95,86,76,1474,3504,2.39703,0,11.1902,2.48701,0,1883,68682225101
635.363,1.5739,78.8321,0,95,86,76,1474,3504,2.39703,0,11.1902,2.48701,0,1883,68683798767
63.205,15.8215,78.8321,0,95,86,76,1474,3504,2.39703,0,11.1902,2.48701,0,1883,68699643809
85.619,11.6797,78.8321,0,95,86,76,1474,3504,2.39703,0,11.1902,2.48701,0,1883,68711324158
35.1427,28.4554,78.8321,0,95,86,76,1474,3504,2.39703,0,11.1902,2.48701,0,1883,68739780091
879.651,1.13681,78.8321,0,95,86,76,1474,3504,2.39703,0,11.1902,2.48701,0,1883,68740958681
30.7489,32.5215,78.8321,0,95,86,76,1474,3504,2.39703,0,11.1902,2.48701,0,1883,68773449487
216.024,4.62913,60.7692,0,78,86,74,1416,3504,2.39703,0,11.1888,2.48699,0,1877,68778075397
18.8943,52.926,60.7692,0,78,86,74,1416,3504,2.39703,0,11.1888,2.48699,0,1877,68831002197
677.11,1.47687,60.7692,0,78,86,74,1416,3504,2.39703,0,11.1888,2.48699,0,1877,68832499858
22.1442,45.1586,60.7692,0,78,86,74,1416,3504,2.39703,0,11.1888,2.48699,0,1877,68877656135
1821.04,0.549136,60.7692,0,78,86,74,1416,3504,2.39703,0,11.1888,2.48699,0,1877,68878185847
23.3171,42.8871,60.7692,0,78,86,74,1416,3504,2.39703,0,11.1888,2.48699,0,1877,68921075103
1239.45,0.806811,60.7692,0,78,86,74,1416,3504,2.39703,0,11.1888,2.48699,0,1877,68921902863
52.7403,18.9608,60.7692,0,78,86,74,1416,3504,2.39703,0,11.1888,2.48699,0,1877,68940845501
266.334,3.75468,60.7692,0,78,86,74,1416,3504,2.39703,0,11.1888,2.48699,0,1877,68944601322
30.3177,32.984,60.7692,0,78,86,74,1416,3504,2.39703,0,11.1888,2.48699,0,1877,68977585444
1334.56,0.749313,60.7692,0,78,86,74,1416,3504,2.39703,0,11.1888,2.48699,0,1877,68978335094
40.755,24.5368,60.7692,0,78,86,74,1416,3504,2.39703,0,11.1888,2.48699,0,1877,69002894257
123.44,8.10109,60.7692,0,78,86,74,1416,3504,2.39703,0,11.1888,2.48699,0,1877,69010976211
19.5682,51.1032,60.7692,0,78,86,74,1416,3504,2.39703,0,11.1888,2.48699,0,1877,69062114397
287.531,3.47789,60.7692,0,78,86,74,1416,3504,2.39703,0,11.1888,2.48699,0,1877,69065579620
34.419,29.0537,60.7692,0,78,86,74,1416,3504,2.39703,0,11.1888,2.48699,0,1877,69094634417
1339.31,0.746655,60.7692,0,78,86,74,1416,3504,2.39703,0,11.1888,2.48699,0,1877,69095401492
21.2643,47.0272,60.7692,0,78,86,74,1416,3504,2.39703,0,11.1888,2.48699,0,1877,69142452569
1169.14,0.855332,60.7692,0,78,86,74,1416,3504,2.39703,0,11.1888,2.48699,0,1877,69143306978
27.9987,35.716,60.7692,0,78,86,74,1416,3504,2.39703,0,11.1888,2.48699,0,1877,69179043269
729.12,1.37152,60.7692,0,78,86,74,1416,3504,2.39703,0,11.1888,2.48699,0,1877,69180395512
61.6138,16.2301,60.7692,0,78,86,74,1416,3504,2.39703,0,11.1888,2.48699,0,1877,69196628439
1160.68,0.861564,60.7692,0,78,86,74,1416,3504,2.39703,0,11.1888,2.48699,0,1877,69197510823
43.4632,23.008,60.7692,0,78,86,74,1416,3504,2.39703,0,11.1888,2.48699,0,1877,69220499510
139.73,7.15667,60.7692,0,78,86,74,1416,3504,2.39703,0,11.1888,2.48699,0,1877,69227678156
24.8743,40.2021,60.7692,0,78,86,74,1416,3504,2.39703,0,11.1888,2.48699,0,1877,69267861199
530.51,1.88498,60.7692,0,78,86,74,1416,3504,2.39703,0,11.1888,2.48699,0,1877,69269744783
70.1509,14.255,60.7692,0,78,86,74,1416,3504,2.39703,0,11.1888,2.48699,0,1877,69288799199
93.9086,10.6486,69.5761,0,78,87,74,1416,3504,2.39703,0,11.2751,2.4804,0,1722,69294650603
27.0044,37.031,69.5761,0,78,87,74,1416,3504,2.39703,0,11.2751,2.4804,0,1722,69331682681
516.737,1.93522,69.5761,0,78,87,74,1416,3504,2.39703,0,11.2751,2.4804,0,1722,69333618665
31.7176,31.5282,69.5761,0,78,87,74,1416,3504,2.39703,0,11.2751,2.4804,0,1722,69365168503
82.3998,12.136,69.5761,0,78,87,74,1416,3504,2.39703,0,11.2751,2.4804,0,1722,69377306003
39.2314,25.4898,69.5761,0,78,87,74,1416,3504,2.39703,0,11.2751,2.4804,0,1722,69402775449
123.501,8.0971,69.5761,0,78,87,74,1416,3504,2.39703,0,11.2751,2.4804,0,1722,69410873662
28.9794,34.5072,69.5761,0,78,87,74,1416,3504,2.39703,0,11.2751,2.4804,0,1722,69445402592
1197.23,0.835262,69.5761,0,78,87,74,1416,3504,2.39703,0,11.2751,2.4804,0,1722,69446216801
24.0167,41.6377,69.5761,0,78,87,74,1416,3504,2.39703,0,11.2751,2.4804,0,1722,69487856317
1452.1,0.688657,69.5761,0,78,87,74,1416,3504,2.39703,0,11.2751,2.4804,0,1722,69488543978
29.8141,33.5412,69.5761,0,78,87,74,1416,3504,2.39703,0,11.2751,2.4804,0,1722,69522087876
581.369,1.72008,69.5761,0,78,87,74,1416,3504,2.39703,0,11.2751,2.4804,0,1722,69523807788
87.855,11.3824,69.5761,0,78,87,74,1416,3504,2.39703,0,11.2751,2.4804,0,1722,69535191550
115.901,8.62804,69.5761,0,78,87,74,1416,3504,2.39703,0,11.2751,2.4804,0,1722,69543820647
21.2704,47.0137,69.5761,0,78,87,74,1416,3504,2.39703,0,11.2751,2.4804,0,1722,69590834639
1174.79,0.851218,69.5761,0,78,87,74,1416,3504,2.39703,0,11.2751,2.4804,0,1722,69591685482
106.832,9.36046,69.5761,0,78,87,74,1416,3504,2.39703,0,11.2751,2.4804,0,1722,69601047784
104.983,9.52538,69.5761,0,78,87,74,1416,3504,2.39703,0,11.2751,2.4804,0,1722,69610574566
31.5883,31.6573,69.5761,0,78,87,74,1416,3504,2.39703,0,11.2751,2.4804,0,1722,69642233733
568.615,1.75866,69.5761,0,78,87,74,1416,3504,2.39703,0,11.2751,2.4804,0,1722,69643992187
41.3176,24.2027,69.5761,0,78,87,74,1416,3504,2.39703,0,11.2751,2.4804,0,1722,69668196444
111.799,8.94459,69.5761,0,78,87,74,1416,3504,2.39703,0,11.2751,2.4804,0,1722,69677141755
33.6691,29.7008,69.5761,0,78,87,74,1416,3504,2.39703,0,11.2751,2.4804,0,1722,69706844168
283.017,3.53336,69.5761,0,78,87,74,1416,3504,2.39703,0,11.2751,2.4804,0,1722,69710399455
29.5742,33.8133,69.5761,0,78,87,74,1416,3504,2.39703,0,11.2751,2.4804,0,1722,69744193702
557.877,1.79251,69.5761,0,78,87,74,1416,3504,2.39703,0,11.2751,2.4804,0,1722,69745986145
39.4717,25.3346,69.5761,0,78,87,74,1416,3504,2.39703,0,11.2751,2.4804,0,1722,69771343540
167.162,5.98221,69.5761,0,78,87,74,1416,3504,2.39703,0,11.2751,2.4804,0,1722,69777347837
39.3015,25.4443,69.5761,0,78,87,74,1416,3504,2.39703,0,11.2751,2.4804,0,1722,69803379853
41.2894,24.2193,66.5835,0,93,87,75,1380,3504,2.39703,0,11.2779,2.4804,0,1767,69826991244
20.006,49.985,66.5835,0,93,87,75,1380,3504,2.39703,0,11.2779,2.4804,0,1767,69876977632
872.228,1.14649,66.5835,0,93,87,75,1380,3504,2.39703,0,11.2779,2.4804,0,1767,69878123147
26.4901,37.7499,66.5835,0,93,87,75,1380,3504,2.39703,0,11.2779,2.4804,0,1767,69915874239
1420.65,0.703903,66.5835,0,93,87,75,1380,3504,2.39703,0,11.2779,2.4804,0,1767,69916596311
124.914,8.0055,66.5835,0,93,87,75,1380,3504,2.39703,0,11.2779,2.4804,0,1767,69924585837
396.044,2.52497,66.5835,0,93,87,75,1380,3504,2.39703,0,11.2779,2.4804,0,1767,69927110958
28.1174,35.5651,66.5835,0,93,87,75,1380,3504,2.39703,0,11.2779,2.4804,0,1767,69962676873
1296.49,0.771314,66.5835,0,93,87,75,1380,3504,2.39703,0,11.2779,2.4804,0,1767,69963447463
26.717,37.4294,66.5835,0,93,87,75,1380,3504,2.39703,0,11.2779,2.4804,0,1767,70000897066
108.085,9.25195,66.5835,0,93,87,75,1380,3504,2.39703,0,11.2779,2.4804,0,1767,70010144354
42.005,23.8067,66.5835,0,93,87,75,1380,3504,2.39703,0,11.2779,2.4804,0,1767,70033960137
104.008,9.61467,66.5835,0,93,87,75,1380,3504,2.39703,0,11.2779,2.4804,0,1767,70043555246
21.3122,46.9214,66.5835,0,93,87,75,1380,3504,2.39703,0,11.2779,2.4804,0,1767,70090494479
1515.97,0.659644,66.5835,0,93,87,75,1380,3504,2.39703,0,11.2779,2.4804,0,1767,70091135586
82.9001,12.0627,66.5835,0,93,87,75,1380,3504,2.39703,0,11.2779,2.4804,0,1767,70103200851
141.138,7.08525,66.5835,0,93,87,75,1380,3504,2.39703,0,11.2779,2.4804,0,1767,70110308924
31.5681,31.6775,66.5835,0,93,87,75,1380,3504,2.39703,0,11.2779,2.4804,0,1767,70141987101
632.446,1.58116,66.5835,0,93,87,75,1380,3504,2.39703,0,11.2779,2.4804,0,1767,70143568858
36.7032,27.2455,66.5835,0,93,87,75,1380,3504,2.39703,0,11.2779,2.4804,0,1767,70170817099
166.425,6.00871,66.5835,0,93,87,75,1380,3504,2.39703,0,11.2779,2.4804,0,1767,70176826478
32.6191,30.6568,66.5835,0,93,87,75,1380,3504,2.39703,0,11.2779,2.4804,0,1767,70207505423
375.76,2.66127,66.5835,0,93,87,75,1380,3504,2.39703,0,11.2779,2.4804,0,1767,70210168445
27.8871,35.8589,66.5835,0,93,87,75,1380,3504,2.39703,0,11.2779,2.4804,0,1767,70246027375
1050.72,0.951726,66.5835,0,93,87,75,1380,3504,2.39703,0,11.2779,2.4804,0,1767,70246979086
27.2673,36.6739,66.5835,0,93,87,75,1380,3504,2.39703,0,11.2779,2.4804,0,1767,70283655132
1270.85,0.786873,66.5835,0,93,87,75,1380,3504,2.39703,0,11.2779,2.4804,0,1767,70284440520
45.9753,21.7508,66.5835,0,93,87,75,1380,3504,2.39703,0,11.2779,2.4804,0,1767,70306272272
163.94,6.09981,61.1825,0,93,85,75,1380,3504,2.39703,0,11.2442,2.4804,0,1724,70312296063
25.4421,39.305,61.1825,0,93,85,75,1380,3504,2.39703,0,11.2442,2.4804,0,1724,70351624129
133.201,7.50745,61.1825,0,93,85,75,1380,3504,2.39703,0,11.2442,2.4804,0,1724,70359133387
27.299,36.6314,61.1825,0,93,85,75,1380,3504,2.39703,0,11.2442,2.4804,0,1724,70395765595
1020.58,0.979832,61.1825,0,93,85,75,1380,3504,2.39703,0,11.2442,2.4804,0,1724,70396745095
24.0449,41.5888,61.1825,0,93,85,75,1380,3504,2.39703,0,11.2442,2.4804,0,1724,70438348906
1012.32,0.987827,61.1825,0,93,85,75,1380,3504,2.39703,0,11.2442,2.4804,0,1724,70439322821
33.3256,30.007,61.1825,0,93,85,75,1380,3504,2.39703,0,11.2442,2.4804,0,1724,70469332343
1098.13,0.910636,61.1825,0,93,85,75,1380,3504,2.39703,0,11.2442,2.4804,0,1724,70470262358
25.6554,38.9782,61.1825,0,93,85,75,1380,3504,2.39703,0,11.2442,2.4804,0,1724,70509221011
1566.67,0.638295,61.1825,0,93,85,75,1380,3504,2.39703,0,11.2442,2.4804,0,1724,70509858911
68.3484,14.6309,61.1825,0,93,85,75,1380,3504,2.39703,0,11.2442,2.4804,0,1724,70524492738
528.345,1.8927,61.1825,0,93,85,75,1380,3504,2.39703,0,11.2442,2.4804,0,1724,70526385571
31.2807,31.9686,61.1825,0,93,85,75,1380,3504,2.39703,0,11.2442,2.4804,0,1724,70558356565
523.089,1.91172,61.1825,0,93,85,75,1380,3504,2.39703,0,11.2442,2.4804,0,1724,70560267383
23.2824,42.9509,61.1825,0,93,85,75,1380,3504,2.39703,0,11.2442,2.4804,0,1724,70603220717
940.224,1.06358,61.1825,0,93,85,75,1380,3504,2.39703,0,11.2442,2.4804,0,1724,70604284288
25.0126,39.9799,61.1825,0,93,85,75,1380,3504,2.39703,0,11.2442,2.4804,0,1724,70644264665
1372.91,0.728382,61.1825,0,93,85,75,1380,3504,2.39703,0,11.2442,2.4804,0,1724,70644992795
152.135,6.57311,61.1825,0,93,85,75,1380,3504,2.39703,0,11.2442,2.4804,0,1724,70651569404
111.747,8.94882,61.1825,0,93,85,75,1380,3504,2.39703,0,11.2442,2.4804,0,1724,70660518939
49.2668,20.2976,61.1825,0,93,85,75,1380,3504,2.39703,0,11.2442,2.4804,0,1724,70680817199
34.8475,28.6964,61.1825,0,93,85,75,1380,3504,2.39703,0,11.2442,2.4804,0,1724,70709514931
23.5142,42.5274,61.1825,0,93,85,75,1380,3504,2.39703,0,11.2442,2.4804,0,1724,70752043035
1446.96,0.691106,61.1825,0,93,85,75,1380,3504,2.39703,0,11.2442,2.4804,0,1724,70752734071
60.2471,16.5983,61.1825,0,93,85,75,1380,3504,2.39703,0,11.2442,2.4804,0,1724,70769335575
144.936,6.89958,61.1825,0,93,85,75,1380,3504,2.39703,0,11.2442,2.4804,0,1724,70776236746
31.725,31.5208,61.1825,0,93,85,75,1380,3504,2.39703,0,11.2442,2.4804,0,1724,70807762270
198.406,5.04017,68.8775,0,98,85,75,1372,3504,2.39703,0,11.2476,2.48009,0,1724,70812799695
30.2903,33.0139,68.8775,0,98,85,75,1372,3504,2.39703,0,11.2476,2.48009,0,1724,70845814021
1176.12,0.850255,68.8775,0,98,85,75,1372,3504,2.39703,0,11.2476,2.48009,0,1724,70846663161
28.5655,35.0073,68.8775,0,98,85,75,1372,3504,2.39703,0,11.2476,2.48009,0,1724,70881672143
478.859,2.0883,68.8775,0,98,85,75,1372,3504,2.39703,0,11.2476,2.48009,0,1724,70883761691
29.6494,33.7275,68.8775,0,98,85,75,1372,3504,2.39703,0,11.2476,2.48009,0,1724,70917511870
1019.93,0.980459,68.8775,0,98,85,75,1372,3504,2.39703,0,11.2476,2.48009,0,1724,70918492188
28.7492,34.7835,68.8775,0,98,85,75,1372,3504,2.39703,0,11.2476,2.48009,0,1724,70953255873
1220.38,0.819418,68.8775,0,98,85,75,1372,3504,2.39703,0,11.2476,2.48009,0,1724,70954095118
66.7345,14.9848,68.8775,0,98,85,75,1372,3504,2.39703,0,11.2476,2.48009,0,1724,70969083845
140.859,7.09928,68.8775,0,98,85,75,1372,3504,2.39703,0,11.2476,2.48009,0,1724,70976161636
38.3211,26.0953,68.8775,0,98,85,75,1372,3504,2.39703,0,11.2476,2.48009,0,1724,71002280239
127.643,7.83435,68.8775,0,98,85,75,1372,3504,2.39703,0,11.2476,2.48009,0,1724,71010095792
40.7972,24.5115,68.8775,0,98,85,75,1372,3504,2.39703,0,11.2476,2.48009,0,1724,71034607045
121.967,8.19897,68.8775,0,98,85,75,1372,3504,2.39703,0,11.2476,2.48009,0,1724,71042832468
25.3308,39.4776,68.8775,0,98,85,75,1372,3504,2.39703,0,11.2476,2.48009,0,1724,71082309966
97.6832,10.2372,68.8775,0,98,85,75,1372,3504,2.39703,0,11.2476,2.48009,0,1724,71092547026
17.9372,55.75,68.8775,0,98,85,75,1372,3504,2.39703,0,11.2476,2.48009,0,1724,71148318967
912.083,1.09639,68.8775,0,98,85,75,1372,3504,2.39703,0,11.2476,2.48009,0,1724,71149393903
25.2532,39.5989,68.8775,0,98,85,75,1372,3504,2.39703,0,11.2476,2.48009,0,1724,71188995691
1069.14,0.935329,68.8775,0,98,85,75,1372,3504,2.39703,0,11.2476,2.48009,0,1724,71189929290
25.2087,39.6688,68.8775,0,98,85,75,1372,3504,2.39703,0,11.2476,2.48009,0,1724,71229619073
1307.98,0.764537,68.8775,0,98,85,75,1372,3504,2.39703,0,11.2476,2.48009,0,1724,71230364217
25.2451,39.6117,68.8775,0,98,85,75,1372,3504,2.39703,0,11.2476,2.48009,0,1724,71269978704
620.441,1.61176,68.8775,0,98,85,75,1372,3504,2.39703,0,11.2476,2.48009,0,1724,71271610362
55.5074,18.0156,68.8775,0,98,85,75,1372,3504,2.39703,0,11.2476,2.48009,0,1724,71289607406
304.601,3.28299,68.8775,0,98,85,75,1372,3504,2.39703,0,11.2476,2.48009,0,1724,71292911203
26.1511,38.2393,68.8775,0,98,85,75,1372,3504,2.39703,0,11.2476,2.48009,0,1724,71331135919
934.719,1.06984,68.8775,0,98,85,75,1372,3504,2.39703,0,11.2476,2.48009,0,1724,71332200363
13.3902,74.6817,69.3431,0,99,84,75,1371,3504,2.39703,0,11.2444,2.47984,0,1725,71406884125
550.143,1.81771,69.3431,0,99,84,75,1371,3504,2.39703,0,11.2444,2.47984,0,1725,71408701686
20.7839,48.1142,69.3431,0,99,84,75,1371,3504,2.39703,0,11.2444,2.47984,0,1725,71456818525
764.808,1.30752,69.3431,0,99,84,75,1371,3504,2.39703,0,11.2444,2.47984,0,1725,71458125159
19.8888,50.2795,69.3431,0,99,84,75,1371,3504,2.39703,0,11.2444,2.47984,0,1725,71508407321
413.029,2.42114,69.3431,0,99,84,75,1371,3504,2.39703,0,11.2444,2.47984,0,1725,71510828526
12.6412,79.1067,69.3431,0,99,84,75,1371,3504,2.39703,0,11.2444,2.47984,0,1725,71589936511
1112.91,0.898549,69.3431,0,99,84,75,1371,3504,2.39703,0,11.2444,2.47984,0,1725,71590833867
24.4831,40.8445,69.3431,0,99,84,75,1371,3504,2.39703,0,11.2444,2.47984,0,1725,71631697891
836.642,1.19525,69.3431,0,99,84,75,1371,3504,2.39703,0,11.2444,2.47984,0,1725,71632875214
58.4004,17.1232,69.3431,0,99,84,75,1371,3504,2.39703,0,11.2444,2.47984,0,1725,71650000227
105.568,9.47259,69.3431,0,99,84,75,1371,3504,2.39703,0,11.2444,2.47984,0,1725,71659473788
31.134,32.1193,69.3431,0,99,84,75,1371,3504,2.39703,0,11.2444,2.47984,0,1725,71691593292
1203.15,0.831149,69.3431,0,99,84,75,1371,3504,2.39703,0,11.2444,2.47984,0,1725,71692425594
26.8222,37.2826,69.3431,0,99,84,75,1371,3504,2.39703,0,11.2444,2.47984,0,1725,71729709132
948.266,1.05456,69.3431,0,99,84,75,1371,3504,2.39703,0,11.2444,2.47984,0,1725,71730763255
44.4696,22.4873,69.3431,0,99,84,75,1371,3504,2.39703,0,11.2444,2.47984,0,1725,71753253374
179.939,5.55743,69.3431,0,99,84,75,1371,3504,2.39703,0,11.2444,2.47984,0,1725,71758811876
23.2007,43.1022,69.3431,0,99,84,75,1371,3504,2.39703,0,11.2444,2.47984,0,1725,71801914580
1021.21,0.979229,69.3431,0,99,84,75,1371,3504,2.39703,0,11.2444,2.47984,0,1725,71802893080
32.7841,30.5026,69.3431,0,99,84,75,1371,3504,2.39703,0,11.2444,2.47984,0,1725,71833420955
1029.75,0.971107,77.6081,0,99,84,75,1371,3504,2.39703,0,11.2536,2.47984,0,1772,71834367431
52.4504,19.0656,77.6081,0,99,84,75,1371,3504,2.39703,0,11.2536,2.47984,0,1772,71853456470
178.713,5.59555,77.6081,0,99,84,75,1371,3504,2.39703,0,11.2536,2.47984,0,1772,71859031689
32.7878,30.4991,77.6081,0,99,84,75,1371,3504,2.39703,0,11.2536,2.47984,0,1772,71889531691
233.419,4.28414,77.6081,0,99,84,75,1371,3504,2.39703,0,11.2536,2.47984,0,1772,71893816642
29.4161,33.995,77.6081,0,99,84,75,1371,3504,2.39703,0,11.2536,2.47984,0,1772,71927831965
958.41,1.0434,77.6081,0,99,84,75,1371,3504,2.39703,0,11.2536,2.47984,0,1772,71928880675
27.237,36.7148,77.6081,0,99,84,75,1371,3504,2.39703,0,11.2536,2.47984,0,1772,71965574026
358.048,2.79292,77.6081,0,99,84,75,1371,3504,2.39703,0,11.2536,2.47984,0,1772,71968387267
24.6945,40.4948,77.6081,0,99,84,75,1371,3504,2.39703,0,11.2536,2.47984,0,1772,72008904981
1035.4,0.965809,77.6081,0,99,84,75,1371,3504,2.39703,0,11.2536,2.47984,0,1772,72009849932
106.76,9.36685,77.6081,0,99,84,75,1371,3504,2.39703,0,11.2536,2.47984,0,1772,72019218383
44.2264,22.6109,77.6081,0,99,84,75,1371,3504,2.39703,0,11.2536,2.47984,0,1772,72041831163
14.5965,68.5094,77.6081,0,99,84,75,1371,3504,2.39703,0,11.2536,2.47984,0,1772,72110340910
789.336,1.26689,77.6081,0,99,84,75,1371,3504,2.39703,0,11.2536,2.47984,0,1772,72111606608
70.7235,14.1396,77.6081,0,99,84,75,1371,3504,2.39703,0,11.2536,2.47984,0,1772,72125748598
558.599,1.79019,77.6081,0,99,84,75,1371,3504,2.39703,0,11.2536,2.47984,0,1772,72127539447
25.2871,39.5459,77.6081,0,99,84,75,1371,3504,2.39703,0,11.2536,2.47984,0,1772,72167106972
804.741,1.24264,77.6081,0,99,84,75,1371,3504,2.39703,0,11.2536,2.47984,0,1772,72168328443
25.1875,39.7022,77.6081,0,99,84,75,1371,3504,2.39703,0,11.2536,2.47984,0,1772,72208053518
1137.57,0.87907,77.6081,0,99,84,75,1371,3504,2.39703,0,11.2536,2.47984,0,1772,72208911433
154.822,6.45903,77.6081,0,99,84,75,1371,3504,2.39703,0,11.2536,2.47984,0,1772,72215371816
98.8,10.1215,77.6081,0,99,84,75,1371,3504,2.39703,0,11.2536,2.47984,0,1772,72225495011
35.6639,28.0395,77.6081,0,99,84,75,1371,3504,2.39703,0,11.2536,2.47984,0,1772,72253557026
191.868,5.21191,77.6081,0,99,84,75,1371,3504,2.39703,0,11.2536,2.47984,0,1772,72258770314
47.0473,21.2552,77.6081,0,99,84,75,1371,3504,2.39703,0,11.2536,2.47984,0,1772,72280034323
35.3811,28.2637,77.6081,0,99,84,75,1371,3504,2.39703,0,11.2536,2.47984,0,1772,72308270179
23.5565,42.4512,77.6081,0,99,84,75,1371,3504,2.39703,0,11.2536,2.47984,0,1772,72350738326
850.185,1.17621,66.8293,0,82,82,74,1392,3504,2.39703,0,11.2458,2.47959,0,1955,72351897507
57.2569,17.4652,66.8293,0,82,82,74,1392,3504,2.39703,0,11.2458,2.47959,0,1955,72369376587
168.373,5.93919,66.8293,0,82,82,74,1392,3504,2.39703,0,11.2458,2.47959,0,1955,72375315687
37.2107,26.874,66.8293,0,82,82,74,1392,3504,2.39703,0,11.2458,2.47959,0,1955,72402213999
170.198,5.87552,66.8293,0,82,82,74,1392,3504,2.39703,0,11.2458,2.47959,0,1955,72408068263
38.5591,25.9342,66.8293,0,82,82,74,1392,3504,2.39703,0,11.2458,2.47959,0,1955,72434003687
130.577,7.6583,66.8293,0,82,82,74,1392,3504,2.39703,0,11.2458,2.47959,0,1955,72441664294
43.0006,23.2555,66.8293,0,82,82,74,1392,3504,2.39703,0,11.2458,2.47959,0,1955,72464925116
98.8589,10.1154,66.8293,0,82,82,74,1392,3504,2.39703,0,11.2458,2.47959,0,1955,72475049453
35.9845,27.7898,66.8293,0,82,82,74,1392,3504,2.39703,0,11.2458,2.47959,0,1955,72502828446
169.302,5.90662,66.8293,0,82,82,74,1392,3504,2.39703,0,11.2458,2.47959,0,1955,72508770701
23.0175,43.4452,66.8293,0,82,82,74,1392,3504,2.39703,0,11.2458,2.47959,0,1955,72552181242
1127.64,0.886808,66.8293,0,82,82,74,1392,3504,2.39703,0,11.2458,2.47959,0,1955,72553067013
32.5472,30.7246,66.8293,0,82,82,74,1392,3504,2.39703,0,11.2458,2.47959,0,1955,72583794462
471.281,2.12187,66.8293,0,82,82,74,1392,3504,2.39703,0,11.2458,2.47959,0,1955,72585916711
63.4356,15.764,66.8293,0,82,82,74,1392,3504,2.39703,0,11.2458,2.47959,0,1955,72601704691
151.95,6.5811,66.8293,0,82,82,74,1392,3504,2.39703,0,11.2458,2.47959,0,1955,72608265173
32.1731,31.0818,66.8293,0,82,82,74,1392,3504,2.39703,0,11.2458,2.47959,0,1955,72639369415
510.993,1.95697,66.8293,0,82,82,74,1392,3504,2.39703,0,11.2458,2.47959,0,1955,72641306970
31.092,32.1626,66.8293,0,82,82,74,1392,3504,2.39703,0,11.2458,2.47959,0,1955,72673470394
986.307,1.01388,66.8293,0,82,82,74,1392,3504,2.39703,0,11.2458,2.47959,0,1955,72674504942
46.5082,21.5016,66.8293,0,82,82,74,1392,3504,2.39703,0,11.2458,2.47959,0,1955,72695987263
84.0155,11.9026,66.8293,0,82,82,74,1392,3504,2.39703,0,11.2458,2.47959,0,1955,72707891703
45.6193,21.9205,66.8293,0,82,82,74,1392,3504,2.39703,0,11.2458,2.47959,0,1955,72729812877
35.7315,27.9865,66.8293,0,82,82,74,1392,3504,2.39703,0,11.2458,2.47959,0,1955,72757800739
19.9682,50.0797,66.8293,0,82,82,74,1392,3504,2.39703,0,11.2458,2.47959,0,1955,72807879657
799.969,1.25005,66.8293,0,82,82,74,1392,3504,2.39703,0,11.2458,2.47959,0,1955,72809128975
90.6956,11.0259,66.8293,0,82,82,74,1392,3504,2.39703,0,11.2458,2.47959,0,1955,72820179075
219.607,4.55358,66.8293,0,82,82,74,1392,3504,2.39703,0,11.2458,2.47959,0,1955,72824754819
19.7881,50.5355,66.8293,0,82,82,74,1392,3504,2.39703,0,11.2458,2.47959,0,1955,72875287002
1162.52,0.860204,57.7396,0,96,82,74,1375,3504,2.39703,0,11.2411,2.47959,0,2133,72876129566
60.1076,16.6368,57.7396,0,96,82,74,1375,3504,2.39703,0,11.2411,2.47959,0,2133,72892790517
1077.5,0.928072,57.7396,0,96,82,74,1375,3504,2.39703,0,11.2411,2.47959,0,2133,72893697634
21.3632,46.8095,57.7396,0,96,82,74,1375,3504,2.39703,0,11.2411,2.47959,0,2133,72940526872
898.375,1.11312,57.7396,0,96,82,74,1375,3504,2.39703,0,11.2411,2.47959,0,2133,72941620510
149.345,6.6959,57.7396,0,96,82,74,1375,3504,2.39703,0,11.2411,2.47959,0,2133,72948319376
106.481,9.39135,57.7396,0,96,82,74,1375,3504,2.39703,0,11.2411,2.47959,0,2133,72957711961
40.1615,24.8995,57.7396,0,96,82,74,1375,3504,2.39703,0,11.2411,2.47959,0,2133,72982612445
40.3092,24.8082,57.7396,0,96,82,74,1375,3504,2.39703,0,11.2411,2.47959,0,2133,73007441821
41.744,23.9555,57.7396,0,96,82,74,1375,3504,2.39703,0,11.2411,2.47959,0,2133,73031377672
106.751,9.36763,57.7396,0,96,82,74,1375,3504,2.39703,0,11.2411,2.47959,0,2133,73040746428
34.7141,28.8067,57.7396,0,96,82,74,1375,3504,2.39703,0,11.2411,2.47959,0,2133,73069553560
203.783,4.90718,57.7396,0,96,82,74,1375,3504,2.39703,0,11.2411,2.47959,0,2133,73074460963
24.2151,41.2965,57.7396,0,96,82,74,1375,3504,2.39703,0,11.2411,2.47959,0,2133,73115779991
1085.98,0.920828,57.7396,0,96,82,74,1375,3504,2.39703,0,11.2411,2.47959,0,2133,73116679347
27.7242,36.0696,57.7396,0,96,82,74,1375,3504,2.39703,0,11.2411,2.47959,0,2133,73152750832
697.877,1.43292,57.7396,0,96,82,74,1375,3504,2.39703,0,11.2411,2.47959,0,2133,73154204786
80.8083,12.375,57.7396,0,96,82,74,1375,3504,2.39703,0,11.2411,2.47959,0,2133,73166560159
99.3719,10.0632,57.7396,0,96,82,74,1375,3504,2.39703,0,11.2411,2.47959,0,2133,73176623544
44.5746,22.4343,57.7396,0,96,82,74,1375,3504,2.39703,0,11.2411,2.47959,0,2133,73199058186
118.268,8.45536,57.7396,0,96,82,74,1375,3504,2.39703,0,11.2411,2.47959,0,2133,73207514036
21.7809,45.9119,57.7396,0,96,82,74,1375,3504,2.39703,0,11.2411,2.47959,0,2133,73253427203
512.136,1.95261,57.7396,0,96,82,74,1375,3504,2.39703,0,11.2411,2.47959,0,2133,73255381076
34.6346,28.8728,57.7396,0,96,82,74,1375,3504,2.39703,0,11.2411,2.47959,0,2133,73284253547
928.743,1.07672,57.7396,0,96,82,74,1375,3504,2.39703,0,11.2411,2.47959,0,2133,73285352251
25.7464,38.8404,57.7396,0,96,82,74,1375,3504,2.39703,0,11.2411,2.47959,0,2133,73324173355
1281.87,0.780111,57.7396,0,96,82,74,1375,3504,2.39703,0,11.2411,2.47959,0,2133,73324951679
69.3572,14.4181,57.7396,0,96,82,74,1375,3504,2.39703,0,11.2411,2.47959,0,2133,73339373322
793.537,1.26018,57.7396,0,96,82,74,1375,3504,2.39703,0,11.2411,2.47959,0,2133,73340633871
14.544,68.7568,57.7396,0,96,82,74,1375,3504,2.39703,0,11.2411,2.47959,0,2133,73409394987
784.148,1.27527,65.4762,0,96,86,74,1375,3504,2.39703,0,11.2281,2.47959,0,2513,73410665286
25.9037,38.6046,65.4762,0,96,86,74,1375,3504,2.39703,0,11.2281,2.47959,0,2513,73449272936
1149.65,0.869832,65.4762,0,96,86,74,1375,3504,2.39703,0,11.2281,2.47959,0,2513,73450162566
71.2813,14.0289,65.4762,0,96,86,74,1375,3504,2.39703,0,11.2281,2.47959,0,2513,73464194619
103.116,9.69783,65.4762,0,96,86,74,1375,3504,2.39703,0,11.2281,2.47959,0,2513,73473914530
41.7744,23.9381,65.4762,0,96,86,74,1375,3504,2.39703,0,11.2281,2.47959,0,2513,73497831756
108.683,9.20106,65.4762,0,96,86,74,1375,3504,2.39703,0,11.2281,2.47959,0,2513,73507033606
33.3001,30.0299,65.4762,0,96,86,74,1375,3504,2.39703,0,11.2281,2.47959,0,2513,73537065341
229.585,4.35568,65.4762,0,96,86,74,1375,3504,2.39703,0,11.2281,2.47959,0,2513,73541420448
28.7516,34.7807,65.4762,0,96,86,74,1375,3504,2.39703,0,11.2281,2.47959,0,2513,73576202871
1098.23,0.91056,65.4762,0,96,86,74,1375,3504,2.39703,0,11.2281,2.47959,0,2513,73577113053
21.0217,47.5699,65.4762,0,96,86,74,1375,3504,2.39703,0,11.2281,2.47959,0,2513,73624684052
1166.59,0.857197,65.4762,0,96,86,74,1375,3504,2.39703,0,11.2281,2.47959,0,2513,73625540537
124.039,8.06198,65.4762,0,96,86,74,1375,3504,2.39703,0,11.2281,2.47959,0,2513,73633626366
120.534,8.29639,65.4762,0,96,86,74,1375,3504,2.39703,0,11.2281,2.47959,0,2513,73641923798
28.0416,35.6613,65.4762,0,96,86,74,1375,3504,2.39703,0,11.2281,2.47959,0,2513,73677606337
1173.35,0.852264,65.4762,0,96,86,74,1375,3504,2.39703,0,11.2281,2.47959,0,2513,73678437456
21.1542,47.272,65.4762,0,96,86,74,1375,3504,2.39703,0,11.2281,2.47959,0,2513,73725733370
381.778,2.61932,65.4762,0,96,86,74,1375,3504,2.39703,0,11.2281,2.47959,0,2513,73728353106
18.3686,54.4406,65.4762,0,96,86,74,1375,3504,2.39703,0,11.2281,2.47959,0,2513,73782791122
766.491,1.30465,65.4762,0,96,86,74,1375,3504,2.39703,0,11.2281,2.47959,0,2513,73784095898
27.4504,36.4294,65.4762,0,96,86,74,1375,3504,2.39703,0,11.2281,2.47959,0,2513,73820509710
1012.98,0.987184,65.4762,0,96,86,74,1375,3504,2.39703,0,11.2281,2.47959,0,2513,73821495393
60.6408,16.4905,65.4762,0,96,86,74,1375,3504,2.39703,0,11.2281,2.47959,0,2513,73837988792
285.939,3.49724,65.4762,0,96,86,74,1375,3504,2.39703,0,11.2281,2.47959,0,2513,73841487466
19.6778,50.8187,65.4762,0,96,86,74,1375,3504,2.39703,0,11.2281,2.47959,0,2513,73892307816
480.499,2.08117,65.4762,0,96,86,74,1375,3504,2.39703,0,11.2281,2.47959,0,2513,73894418755
30.6629,32.6127,65.4762,0,96,86,74,1375,3504,2.39703,0,11.2281,2.47959,0,2513,73927053680
518.895,1.92717,75.495,0,98,86,74,1378,3504,2.39703,0,11.2231,2.47959,0,1897,73928951056
13.2297,75.5876,75.495,0,98,86,74,1378,3504,2.39703,0,11.2231,2.47959,0,1897,74004541048
224.168,4.46095,75.495,0,98,86,74,1378,3504,2.39703,0,11.2231,2.47959,0,1897,74009024463
11.8046,84.7126,75.495,0,98,86,74,1378,3504,2.39703,0,11.2231,2.47959,0,1897,74093738046
89.276,11.2012,75.495,0,98,86,74,1378,3504,2.39703,0,11.2231,2.47959,0,1897,74104969832
13.1285,76.1702,75.495,0,98,86,74,1378,3504,2.39703,0,11.2231,2.47959,0,1897,74181161728
81.9778,12.1984,75.495,0,98,86,74,1378,3504,2.39703,0,11.2231,2.47959,0,1897,74193339448
26.2548,38.0883,75.495,0,98,86,74,1378,3504,2.39703,0,11.2231,2.47959,0,1897,74231449743
52.6325,18.9997,75.495,0,98,86,74,1378,3504,2.39703,0,11.2231,2.47959,0,1897,74250430047
10.5093,95.1536,75.495,0,98,86,74,1378,3504,2.39703,0,11.2231,2.47959,0,1897,74345585623
564.769,1.77064,75.495,0,98,86,74,1378,3504,2.39703,0,11.2231,2.47959,0,1897,74347376524
69.9726,14.2913,75.495,0,98,86,74,1378,3504,2.39703,0,11.2231,2.47959,0,1897,74361649100
84.6328,11.8158,75.495,0,98,86,74,1378,3504,2.39703,0,11.2231,2.47959,0,1897,74373465317
41.7525,23.9507,75.495,0,98,86,74,1378,3504,2.39703,0,11.2231,2.47959,0,1897,74397418817
113.446,8.81481,75.495,0,98,86,74,1378,3504,2.39703,0,11.2231,2.47959,0,1897,74406232529
25.8565,38.675,75.495,0,98,86,74,1378,3504,2.39703,0,11.2231,2.47959,0,1897,74444911875
1208.35,0.827573,75.495,0,98,86,74,1378,3504,2.39703,0,11.2231,2.47959,0,1897,74445757362
23.7515,42.1026,87.6543,0,98,84,74,1378,3504,2.39703,0,11.2018,2.47935,0,1869,74487858753
1344.19,0.74394,87.6543,0,98,84,74,1378,3504,2.39703,0,11.2018,2.47935,0,1869,74488584230
29.5929,33.7918,87.6543,0,98,84,74,1378,3504,2.39703,0,11.2018,2.47935,0,1869,74522395331
1662.12,0.601642,87.6543,0,98,84,74,1378,3504,2.39703,0,11.2018,2.47935,0,1869,74522977422
71.5904,13.9683,87.6543,0,98,84,74,1378,3504,2.39703,0,11.2018,2.47935,0,1869,74536949461
326.419,3.06354,87.6543,0,98,84,74,1378,3504,2.39703,0,11.2018,2.47935,0,1869,74540013097
38.1756,26.1947,87.6543,0,98,84,74,1378,3504,2.39703,0,11.2018,2.47935,0,1869,74566230189
148.533,6.73252,87.6543,0,98,84,74,1378,3504,2.39703,0,11.2018,2.47935,0,1869,74572963942
31.0786,32.1764,87.6543,0,98,84,74,1378,3504,2.39703,0,11.2018,2.47935,0,1869,74605120087
517.875,1.93097,87.6543,0,98,84,74,1378,3504,2.39703,0,11.2018,2.47935,0,1869,74607051833
40.1989,24.8763,87.6543,0,98,84,74,1378,3504,2.39703,0,11.2018,2.47935,0,1869,74631950538
132.43,7.55114,87.6543,0,98,84,74,1378,3504,2.39703,0,11.2018,2.47935,0,1869,74639508984
35.7668,27.9589,87.6543,0,98,84,74,1378,3504,2.39703,0,11.2018,2.47935,0,1869,74667469332
45.5931,21.9331,87.6543,0,98,84,74,1378,3504,2.39703,0,11.2018,2.47935,0,1869,74689403260
21.195,47.1808,87.6543,0,98,84,74,1378,3504,2.39703,0,11.2018,2.47935,0,1869,74736585251
1674.09,0.597338,87.6543,0,98,84,74,1378,3504,2.39703,0,11.2018,2.47935,0,1869,74737181816
100.825,9.91813,87.6543,0,98,84,74,1378,3504,2.39703,0,11.2018,2.47935,0,1869,74747102176
96.1585,10.3995,87.6543,0,98,84,74,1378,3504,2.39703,0,11.2018,2.47935,0,1869,74757503464
38.0974,26.2485,87.6543,0,98,84,74,1378,3504,2.39703,0,11.2018,2.47935,0,1869,74783753079
157.753,6.33904,87.6543,0,98,84,74,1378,3504,2.39703,0,11.2018,2.47935,0,1869,74790093318
28.694,34.8505,87.6543,0,98,84,74,1378,3504,2.39703,0,11.2018,2.47935,0,1869,74824943620
792.763,1.26141,87.6543,0,98,84,74,1378,3504,2.39703,0,11.2018,2.47935,0,1869,74826204694
41.834,23.904,87.6543,0,98,84,74,1378,3504,2.39703,0,11.2018,2.47935,0,1869,74850110533
165.11,6.05656,87.6543,0,98,84,74,1378,3504,2.39703,0,11.2018,2.47935,0,1869,74856168289
31.753,31.493,87.6543,0,98,84,74,1378,3504,2.39703,0,11.2018,2.47935,0,1869,74887662255
466.223,2.1449,87.6543,0,98,84,74,1378,3504,2.39703,0,11.2018,2.47935,0,1869,74889806224
28.2075,35.4516,87.6543,0,98,84,74,1378,3504,2.39703,0,11.2018,2.47935,0,1869,74925260663
1078.74,0.927004,87.6543,0,98,84,74,1378,3504,2.39703,0,11.2018,2.47935,0,1869,74926187163
28.6927,34.8521,87.6543,0,98,84,74,1378,3504,2.39703,0,11.2018,2.47935,0,1869,74961065535
1159.97,0.862092,57.561,0,69,84,74,1474,3504,2.39703,0,11.2001,2.47935,0,1934,74961923954
23.7807,42.0508,57.561,0,69,84,74,1474,3504,2.39703,0,11.2001,2.47935,0,1934,75003955126
717.718,1.3933,57.561,0,69,84,74,1474,3504,2.39703,0,11.2001,2.47935,0,1934,75005364201
35.686,28.0222,57.561,0,69,84,74,1474,3504,2.39703,0,11.2001,2.47935,0,1934,75033371843
172.959,5.78173,57.561,0,69,84,74,1474,3504,2.39703,0,11.2001,2.47935,0,1934,75039154243
23.1352,43.2243,57.561,0,69,84,74,1474,3504,2.39703,0,11.2001,2.47935,0,1934,75082401991
1486.67,0.672644,57.561,0,69,84,74,1474,3504,2.39703,0,11.2001,2.47935,0,1934,75083050850
27.6476,36.1695,57.561,0,69,84,74,1474,3504,2.39703,0,11.2001,2.47935,0,1934,75119222927
653.167,1.531,57.561,0,69,84,74,1474,3504,2.39703,0,11.2001,2.47935,0,1934,75120753645
108.238,9.23886,57.561,0,69,84,74,1474,3504,2.39703,0,11.2001,2.47935,0,1934,75129995354
108.566,9.21098,57.561,0,69,84,74,1474,3504,2.39703,0,11.2001,2.47935,0,1934,75139228176
38.3855,26.0515,57.561,0,69,84,74,1474,3504,2.39703,0,11.2001,2.47935,0,1934,75165259796
133.283,7.50283,57.561,0,69,84,74,1474,3504,2.39703,0,11.2001,2.47935,0,1934,75172763409
43.1773,23.1603,57.561,0,69,84,74,1474,3504,2.39703,0,11.2001,2.47935,0,1934,75195947650
102.088,9.79543,57.561,0,69,84,74,1474,3504,2.39703,0,11.2001,2.47935,0,1934,75205740375
42.3335,23.622,57.561,0,69,84,74,1474,3504,2.39703,0,11.2001,2.47935,0,1934,75229361680
103.606,9.65195,57.561,0,69,84,74,1474,3504,2.39703,0,11.2001,2.47935,0,1934,75239018950
33.5397,29.8154,57.561,0,69,84,74,1474,3504,2.39703,0,11.2001,2.47935,0,1934,75268837686
290.437,3.44308,57.561,0,69,84,74,1474,3504,2.39703,0,11.2001,2.47935,0,1934,75272257116
41.1784,24.2846,57.561,0,69,84,74,1474,3504,2.39703,0,11.2001,2.47935,0,1934,75296542787
105.755,9.45583,57.561,0,69,84,74,1474,3504,2.39703,0,11.2001,2.47935,0,1934,75306000075
43.7982,22.832,57.561,0,69,84,74,1474,3504,2.39703,0,11.2001,2.47935,0,1934,75328853770
97.7625,10.2289,57.561,0,69,84,74,1474,3504,2.39703,0,11.2001,2.47935,0,1934,75339062779
44.7032,22.3698,57.561,0,69,84,74,1474,3504,2.39703,0,11.2001,2.47935,0,1934,75361454623
91.5078,10.928,57.561,0,69,84,74,1474,3504,2.39703,0,11.2001,2.47935,0,1934,75372383491
45.8335,21.8181,57.561,0,69,84,74,1474,3504,2.39703,0,11.2001,2.47935,0,1934,75394202636
88.3344,11.3206,57.561,0,69,84,74,1474,3504,2.39703,0,11.2001,2.47935,0,1934,75405524620
45.4056,22.0237,57.561,0,69,84,74,1474,3504,2.39703,0,11.2001,2.47935,0,1934,75427548739
88.3533,11.3182,57.561,0,69,84,74,1474,3504,2.39703,0,11.2001,2.47935,0,1934,75438868821
47.678,20.974,57.561,0,69,84,74,1474,3504,2.39703,0,11.2001,2.47935,0,1934,75459842586
34.563,28.9327,57.561,0,69,84,74,1474,3504,2.39703,0,11.2001,2.47935,0,1934,75488781485
22.7683,43.9208,51.1628,0,98,82,74,1373,3504,2.39703,0,11.2001,2.46422,0,2233,75532717073
1647.83,0.606858,51.1628,0,98,82,74,1373,3504,2.39703,0,11.2001,2.46422,0,2233,75533324722
79.1367,12.6364,51.1628,0,98,82,74,1373,3504,2.39703,0,11.2001,2.46422,0,2233,75545943869
106.698,9.37221,51.1628,0,98,82,74,1373,3504,2.39703,0,11.2001,2.46422,0,2233,75555316684
35.0017,28.5701,51.1628,0,98,82,74,1373,3504,2.39703,0,11.2001,2.46422,0,2233,75583887258
211.412,4.73011,51.1628,0,98,82,74,1373,3504,2.39703,0,11.2001,2.46422,0,2233,75588618150
31.6532,31.5924,51.1628,0,98,82,74,1373,3504,2.39703,0,11.2001,2.46422,0,2233,75620233461
600.098,1.66639,51.1628,0,98,82,74,1373,3504,2.39703,0,11.2001,2.46422,0,2233,75621879421
25.269,39.5742,51.1628,0,98,82,74,1373,3504,2.39703,0,11.2001,2.46422,0,2233,75661455089
1301.67,0.768246,51.1628,0,98,82,74,1373,3504,2.39703,0,11.2001,2.46422,0,2233,75662222200
28.5501,35.0262,51.1628,0,98,82,74,1373,3504,2.39703,0,11.2001,2.46422,0,2233,75697250239
958.255,1.04356,51.1628,0,98,82,74,1373,3504,2.39703,0,11.2001,2.46422,0,2233,75698293012
61.351,16.2997,51.1628,0,98,82,74,1373,3504,2.39703,0,11.2001,2.46422,0,2233,75714616933
136.497,7.32619,51.1628,0,98,82,74,1373,3504,2.39703,0,11.2001,2.46422,0,2233,75721943558
39.6063,25.2485,51.1628,0,98,82,74,1373,3504,2.39703,0,11.2001,2.46422,0,2233,75747217545
124.491,8.0327,51.1628,0,98,82,74,1373,3504,2.39703,0,11.2001,2.46422,0,2233,75755248760
38.3868,26.0506,51.1628,0,98,82,74,1373,3504,2.39703,0,11.2001,2.46422,0,2233,75781281998
137.902,7.25155,51.1628,0,98,82,74,1373,3504,2.39703,0,11.2001,2.46422,0,2233,75788532328
32.4127,30.8521,51.1628,0,98,82,74,1373,3504,2.39703,0,11.2001,2.46422,0,2233,75819406922
411.359,2.43097,51.1628,0,98,82,74,1373,3504,2.39703,0,11.2001,2.46422,0,2233,75821817278
27.0701,36.9411,51.1628,0,98,82,74,1373,3504,2.39703,0,11.2001,2.46422,0,2233,75858781472
995.088,1.00494,51.1628,0,98,82,74,1373,3504,2.39703,0,11.2001,2.46422,0,2233,75859765065
23.5391,42.4825,51.1628,0,98,82,74,1373,3504,2.39703,0,11.2001,2.46422,0,2233,75902261748
1246.48,0.802262,51.1628,0,98,82,74,1373,3504,2.39703,0,11.2001,2.46422,0,2233,75903049868
116.495,8.58405,51.1628,0,98,82,74,1373,3504,2.39703,0,11.2001,2.46422,0,2233,75911636458
99.6636,10.0338,51.1628,0,98,82,74,1373,3504,2.39703,0,11.2001,2.46422,0,2233,75921671347
30.7669,32.5024,51.1628,0,98,82,74,1373,3504,2.39703,0,11.2001,2.46422,0,2233,75954197085
57.2405,17.4701,51.1628,0,98,82,74,1373,3504,2.39703,0,11.2001,2.46422,0,2233,75971667347
38.3325,26.0875,51.1628,0,98,82,74,1373,3504,2.39703,0,11.2001,2.46422,0,2233,75997780771
140.432,7.12089,52.5381,0,98,82,74,1373,3504,2.39703,0,11.1985,2.46201,0,1733,76004897928
37.8827,26.3973,52.5381,0,98,82,74,1373,3504,2.39703,0,11.1985,2.46201,0,1733,76031276096
145.145,6.88965,52.5381,0,98,82,74,1373,3504,2.39703,0,11.1985,2.46201,0,1733,76038165927
36.0184,27.7636,52.5381,0,98,82,74,1373,3504,2.39703,0,11.1985,2.46201,0,1733,76065931409
44.8707,22.2863,52.5381,0,98,82,74,1373,3504,2.39703,0,11.1985,2.46201,0,1733,76088239442
23.9815,41.6989,52.5381,0,98,82,74,1373,3504,2.39703,0,11.1985,2.46201,0,1733,76129917602
1716.55,0.582563,52.5381,0,98,82,74,1373,3504,2.39703,0,11.1985,2.46201,0,1733,76130498911
43.3112,23.0887,52.5381,0,98,82,74,1373,3504,2.39703,0,11.1985,2.46201,0,1733,76153589756
789.757,1.26621,52.5381,0,98,82,74,1373,3504,2.39703,0,11.1985,2.46201,0,1733,76154855901
20.6966,48.3172,52.5381,0,98,82,74,1373,3504,2.39703,0,11.1985,2.46201,0,1733,76203175050
1425.85,0.701336,52.5381,0,98,82,74,1373,3504,2.39703,0,11.1985,2.46201,0,1733,76203874863
125.076,7.99513,52.5381,0,98,82,74,1373,3504,2.39703,0,11.1985,2.46201,0,1733,76211872247
105.895,9.44327,52.5381,0,98,82,74,1373,3504,2.39703,0,11.1985,2.46201,0,1733,76221337508
26.7564,37.3742,52.5381,0,98,82,74,1373,3504,2.39703,0,11.1985,2.46201,0,1733,76258692335
686.307,1.45707,52.5381,0,98,82,74,1373,3504,2.39703,0,11.1985,2.46201,0,1733,76260148206
22.1839,45.0777,52.5381,0,98,82,74,1373,3504,2.39703,0,11.1985,2.46201,0,1733,76305228042
1119.51,0.893248,52.5381,0,98,82,74,1373,3504,2.39703,0,11.1985,2.46201,0,1733,76306120661
54.5482,18.3324,52.5381,0,98,82,74,1373,3504,2.39703,0,11.1985,2.46201,0,1733,76324455693
1152.8,0.86745,52.5381,0,98,82,74,1373,3504,2.39703,0,11.1985,2.46201,0,1733,76325322673
38.8418,25.7455,52.5381,0,98,82,74,1373,3504,2.39703,0,11.1985,2.46201,0,1733,76351090689
254.588,3.92791,52.5381,0,98,82,74,1373,3504,2.39703,0,11.1985,2.46201,0,1733,76354998019
34.2887,29.1641,52.5381,0,98,82,74,1373,3504,2.39703,0,11.1985,2.46201,0,1733,76384184817
245.391,4.07513,52.5381,0,98,82,74,1373,3504,2.39703,0,11.1985,2.46201,0,1733,76388240874
30.7245,32.5473,52.5381,0,98,82,74,1373,3504,2.39703,0,11.1985,2.46201,0,1733,76420788530
57.5847,17.3657,52.5381,0,98,82,74,1373,3504,2.39703,0,11.1985,2.46201,0,1733,76438155089
33.8257,29.5633,52.5381,0,98,82,74,1373,3504,2.39703,0,11.1985,2.46201,0,1733,76467720083
969.358,1.03161,52.5381,0,98,82,74,1373,3504,2.39703,0,11.1985,2.46201,0,1733,76468773447
28.2205,35.4352,52.5381,0,98,82,74,1373,3504,2.39703,0,11.1985,2.46201,0,1733,76504216429
606.159,1.64973,64.0306,0,99,83,74,1375,3504,2.39703,0,11.1977,2.46201,0,1809,76505859424
20.5478,48.667,64.0306,0,99,83,74,1375,3504,2.39703,0,11.1977,2.46201,0,1809,76554527664
783.555,1.27623,64.0306,0,99,83,74,1375,3504,2.39703,0,11.1977,2.46201,0,1809,76555825444
34.7787,28.7532,64.0306,0,99,83,74,1375,3504,2.39703,0,11.1977,2.46201,0,1809,76584580838
869.637,1.1499,64.0306,0,99,83,74,1375,3504,2.39703,0,11.1977,2.46201,0,1809,76585730838
25.55,39.1389,64.0306,0,99,83,74,1375,3504,2.39703,0,11.1977,2.46201,0,1809,76624871391
442.585,2.25945,64.0306,0,99,83,74,1375,3504,2.39703,0,11.1977,2.46201,0,1809,76627130907
32.2721,30.9865,64.0306,0,99,83,74,1375,3504,2.39703,0,11.1977,2.46201,0,1809,76658137046
1366.06,0.73203,64.0306,0,99,83,74,1375,3504,2.39703,0,11.1977,2.46201,0,1809,76658849971
108.603,9.20781,64.0306,0,99,83,74,1375,3504,2.39703,0,11.1977,2.46201,0,1809,76668060761
212.683,4.70184,64.0306,0,99,83,74,1375,3504,2.39703,0,11.1977,2.46201,0,1809,76672762960
24.5404,40.7492,64.0306,0,99,83,74,1375,3504,2.39703,0,11.1977,2.46201,0,1809,76713514069
1016.46,0.983811,64.0306,0,99,83,74,1375,3504,2.39703,0,11.1977,2.46201,0,1809,76714519264
27.1324,36.8563,64.0306,0,99,83,74,1375,3504,2.39703,0,11.1977,2.46201,0,1809,76751356137
313.733,3.18743,64.0306,0,99,83,74,1375,3504,2.39703,0,11.1977,2.46201,0,1809,76754565091
33.2025,30.1182,64.0306,0,99,83,74,1375,3504,2.39703,0,11.1977,2.46201,0,1809,76784663719
344.166,2.90558,64.0306,0,99,83,74,1375,3504,2.39703,0,11.1977,2.46201,0,1809,76787569409
30.1782,33.1365,64.0306,0,99,83,74,1375,3504,2.39703,0,11.1977,2.46201,0,1809,76820707611
1112.36,0.898992,64.0306,0,99,83,74,1375,3504,2.39703,0,11.1977,2.46201,0,1809,76821605704
35.5786,28.1068,64.0306,0,99,83,74,1375,3504,2.39703,0,11.1977,2.46201,0,1809,76849714542
161.898,6.17671,64.0306,0,99,83,74,1375,3504,2.39703,0,11.1977,2.46201,0,1809,76855926253
34.0996,29.3259,64.0306,0,99,83,74,1375,3504,2.39703,0,11.1977,2.46201,0,1809,76885222349
418.347,2.39036,64.0306,0,99,83,74,1375,3504,2.39703,0,11.1977,2.46201,0,1809,76887610701
37.8508,26.4195,64.0306,0,99,83,74,1375,3504,2.39703,0,11.1977,2.46201,0,1809,76914031533
147.137,6.79641,64.0306,0,99,83,74,1375,3504,2.39703,0,11.1977,2.46201,0,1809,76920828610
41.1458,24.3038,64.0306,0,99,83,74,1375,3504,2.39703,0,11.1977,2.46201,0,1809,76945158856
98.2604,10.177,64.0306,0,99,83,74,1375,3504,2.39703,0,11.1977,2.46201,0,1809,76955313392
27.6595,36.154,64.0306,0,99,83,74,1375,3504,2.39703,0,11.1977,2.46201,0,1809,76991468593
354.296,2.8225,64.0306,0,99,83,74,1375,3504,2.39703,0,11.1977,2.46201,0,1809,76994292336
20.6893,48.3341,64.0306,0,99,83,74,1375,3504,2.39703,0,11.1977,2.46201,0,1809,77042642781
1227.36,0.814758,67.619,0,97,83,74,1385,3504,2.39703,0,11.1954,2.46201,0,1919,77043440977
33.9945,29.4165,67.619,0,97,83,74,1385,3504,2.39703,0,11.1954,2.46201,0,1919,77072859347
1147.54,0.871427,67.619,0,97,83,74,1385,3504,2.39703,0,11.1954,2.46201,0,1919,77073730060
19.0488,52.4969,67.619,0,97,83,74,1385,3504,2.39703,0,11.1954,2.46201,0,1919,77126229229
914.416,1.09359,67.619,0,97,83,74,1385,3504,2.39703,0,11.1954,2.46201,0,1919,77127321814
102.856,9.72235,67.619,0,97,83,74,1385,3504,2.39703,0,11.1954,2.46201,0,1919,77137046379
1224.71,0.816519,67.619,0,97,83,74,1385,3504,2.39703,0,11.1954,2.46201,0,1919,77137863091
25.2469,39.6088,67.619,0,97,83,74,1385,3504,2.39703,0,11.1954,2.46201,0,1919,77177474080
1207.46,0.828182,67.619,0,97,83,74,1385,3504,2.39703,0,11.1954,2.46201,0,1919,77178301588
32.1856,31.0698,67.619,0,97,83,74,1385,3504,2.39703,0,11.1954,2.46201,0,1919,77209373265
1103.2,0.906451,67.619,0,97,83,74,1385,3504,2.39703,0,11.1954,2.46201,0,1919,77210308213
38.2452,26.1471,67.619,0,97,83,74,1385,3504,2.39703,0,11.1954,2.46201,0,1919,77236428752
57.3508,17.4366,67.619,0,97,83,74,1385,3504,2.39703,0,11.1954,2.46201,0,1919,77253865743
23.2572,42.9975,67.619,0,97,83,74,1385,3504,2.39703,0,11.1954,2.46201,0,1919,77296877290
1280.07,0.781207,67.619,0,97,83,74,1385,3504,2.39703,0,11.1954,2.46201,0,1919,77297645323
27.3279,36.5927,67.619,0,97,83,74,1385,3504,2.39703,0,11.1954,2.46201,0,1919,77334239037
1406.93,0.710767,67.619,0,97,83,74,1385,3504,2.39703,0,11.1954,2.46201,0,1919,77334948584
51.1002,19.5694,67.619,0,97,83,74,1385,3504,2.39703,0,11.1954,2.46201,0,1919,77354521300
478.245,2.09098,67.619,0,97,83,74,1385,3504,2.39703,0,11.1954,2.46201,0,1919,77356612892
26.1093,38.3006,67.619,0,97,83,74,1385,3504,2.39703,0,11.1954,2.46201,0,1919,77394935787
1004.2,0.995821,67.619,0,97,83,74,1385,3504,2.39703,0,11.1954,2.46201,0,1919,77395931315
25.7995,38.7604,67.619,0,97,83,74,1385,3504,2.39703,0,11.1954,2.46201,0,1919,77434693257
874.347,1.14371,67.619,0,97,83,74,1385,3504,2.39703,0,11.1954,2.46201,0,1919,77435840048
33.0126,30.2914,67.619,0,97,83,74,1385,3504,2.39703,0,11.1954,2.46201,0,1919,77466144002
736.687,1.35743,67.619,0,97,83,74,1385,3504,2.39703,0,11.1954,2.46201,0,1919,77467487780
54.4902,18.3519,67.619,0,97,83,74,1385,3504,2.39703,0,11.1954,2.46201,0,1919,77485863648
714.736,1.39912,67.619,0,97,83,74,1385,3504,2.39703,0,11.1954,2.46201,0,1919,77487262626
33.7355,29.6423,67.619,0,97,83,74,1385,3504,2.39703,0,11.1954,2.46201,0,1919,77516927841
255.561,3.91295,67.619,0,97,83,74,1385,3504,2.39703,0,11.1954,2.46201,0,1919,77520821309
33.1487,30.1671,67.619,0,97,83,74,1385,3504,2.39703,0,11.1954,2.46201,0,1919,77551016033
273.376,3.65796,77.6942,0,97,83,74,1385,3504,2.39703,0,11.1996,2.46201,0,1734,77554647778
27.1964,36.7696,77.6942,0,97,83,74,1385,3504,2.39703,0,11.1996,2.46201,0,1734,77591418633
502.628,1.98954,77.6942,0,97,83,74,1385,3504,2.39703,0,11.1996,2.46201,0,1734,77593408524
28.728,34.8093,77.6942,0,97,83,74,1385,3504,2.39703,0,11.1996,2.46201,0,1734,77628219194
850.519,1.17575,77.6942,0,97,83,74,1385,3504,2.39703,0,11.1996,2.46201,0,1734,77629394534
35.8547,27.8903,77.6942,0,97,83,74,1385,3504,2.39703,0,11.1996,2.46201,0,1734,77657307666
76.696,13.0385,77.6942,0,97,83,74,1385,3504,2.39703,0,11.1996,2.46201,0,1734,77670326898
35.0258,28.5503,77.6942,0,97,83,74,1385,3504,2.39703,0,11.1996,2.46201,0,1734,77698878505
192.72,5.18887,77.6942,0,97,83,74,1385,3504,2.39703,0,11.1996,2.46201,0,1734,77704089437
23.4546,42.6355,77.6942,0,97,83,74,1385,3504,2.39703,0,11.1996,2.46201,0,1734,77746706257
417.019,2.39797,77.6942,0,97,83,74,1385,3504,2.39703,0,11.1996,2.46201,0,1734,77749104698
53.1635,18.8099,77.6942,0,97,83,74,1385,3504,2.39703,0,11.1996,2.46201,0,1734,77767916919
271.448,3.68395,77.6942,0,97,83,74,1385,3504,2.39703,0,11.1996,2.46201,0,1734,77771600982
28.2566,35.3899,77.6942,0,97,83,74,1385,3504,2.39703,0,11.1996,2.46201,0,1734,77806992154
291.161,3.43453,77.6942,0,97,83,74,1385,3504,2.39703,0,11.1996,2.46201,0,1734,77810448267
31.1948,32.0567,77.6942,0,97,83,74,1385,3504,2.39703,0,11.1996,2.46201,0,1734,77842484801
152.278,6.56695,77.6942,0,97,83,74,1385,3504,2.39703,0,11.1996,2.46201,0,1734,77849052986
37.421,26.723,77.6942,0,97,83,74,1385,3504,2.39703,0,11.1996,2.46201,0,1734,77875776165
1034.51,0.966641,77.6942,0,97,83,74,1385,3504,2.39703,0,11.1996,2.46201,0,1734,77876743041
30.7956,32.4722,77.6942,0,97,83,74,1385,3504,2.39703,0,11.1996,2.46201,0,1734,77909217282
134.372,7.442,77.6942,0,97,83,74,1385,3504,2.39703,0,11.1996,2.46201,0,1734,77916658498
34.4645,29.0154,77.6942,0,97,83,74,1385,3504,2.39703,0,11.1996,2.46201,0,1734,77945675086
1121.97,0.891289,77.6942,0,97,83,74,1385,3504,2.39703,0,11.1996,2.46201,0,1734,77946566186
43.8781,22.7904,77.6942,0,97,83,74,1385,3504,2.39703,0,11.1996,2.46201,0,1734,77969379190
361.532,2.766,77.6942,0,97,83,74,1385,3504,2.39703,0,11.1996,2.46201,0,1734,77972125583
46.1599,21.6638,77.6942,0,97,83,74,1385,3504,2.39703,0,11.1996,2.46201,0,1734,77993790418
99.7043,10.0297,77.6942,0,97,83,74,1385,3504,2.39703,0,11.1996,2.46201,0,1734,78003843432
35.3495,28.2889,77.6942,0,97,83,74,1385,3504,2.39703,0,11.1996,2.46201,0,1734,78032135119
112.566,8.88365,77.6942,0,97,83,74,1385,3504,2.39703,0,11.1996,2.46201,0,1734,78041018579
23.6091,42.3565,77.6942,0,97,83,74,1385,3504,2.39703,0,11.1996,2.46201,0,1734,78083382914
1062.05,0.941577,77.6942,0,97,83,74,1385,3504,2.39703,0,11.1996,2.46201,0,1734,78084316006
20.4909,48.8021,74.8815,0,97,83,74,1385,3504,2.39703,0,11.2362,2.46201,0,1743,78133119565
201.699,4.95788,74.8815,0,97,83,74,1385,3504,2.39703,0,11.2362,2.46201,0,1743,78138078348
28.5621,35.0114,74.8815,0,97,83,74,1385,3504,2.39703,0,11.2362,2.46201,0,1743,78173104467
998.128,1.00188,74.8815,0,97,83,74,1385,3504,2.39703,0,11.2362,2.46201,0,1743,78174093217
13.9776,71.5429,74.8815,0,97,83,74,1385,3504,2.39703,0,11.2362,2.46201,0,1743,78245658730
190.375,5.25279,74.8815,0,97,83,74,1385,3504,2.39703,0,11.2362,2.46201,0,1743,78250891425
22.3669,44.709,74.8815,0,97,83,74,1385,3504,2.39703,0,11.2362,2.46201,0,1743,78295601414
1046.63,0.955449,74.8815,0,97,83,74,1385,3504,2.39703,0,11.2362,2.46201,0,1743,78296578268
24.5175,40.7872,74.8815,0,97,83,74,1385,3504,2.39703,0,11.2362,2.46201,0,1743,78337363724
1284.47,0.778532,74.8815,0,97,83,74,1385,3504,2.39703,0,11.2362,2.46201,0,1743,78338123055
76.1569,13.1308,74.8815,0,97,83,74,1385,3504,2.39703,0,11.2362,2.46201,0,1743,78351257404
290.036,3.44784,74.8815,0,97,83,74,1385,3504,2.39703,0,11.2362,2.46201,0,1743,78354704977
35.2958,28.332,74.8815,0,97,83,74,1385,3504,2.39703,0,11.2362,2.46201,0,1743,78383039299
188.159,5.31464,74.8815,0,97,83,74,1385,3504,2.39703,0,11.2362,2.46201,0,1743,78388375709
26.6149,37.573,74.8815,0,97,83,74,1385,3504,2.39703,0,11.2362,2.46201,0,1743,78425929536
1068.51,0.93588,74.8815,0,97,83,74,1385,3504,2.39703,0,11.2362,2.46201,0,1743,78426864811
18.7341,53.3786,74.8815,0,97,83,74,1385,3504,2.39703,0,11.2362,2.46201,0,1743,78480244078
855.874,1.1684,74.8815,0,97,83,74,1385,3504,2.39703,0,11.2362,2.46201,0,1743,78481432494
71.306,14.0241,74.8815,0,97,83,74,1385,3504,2.39703,0,11.2362,2.46201,0,1743,78495439163
133.481,7.49173,74.8815,0,97,83,74,1385,3504,2.39703,0,11.2362,2.46201,0,1743,78502931609
34.4824,29.0003,74.8815,0,97,83,74,1385,3504,2.39703,0,11.2362,2.46201,0,1743,78531934003
230.919,4.33053,74.8815,0,97,83,74,1385,3504,2.39703,0,11.2362,2.46201,0,1743,78536285849
35.5328,28.143,74.8815,0,97,83,74,1385,3504,2.39703,0,11.2362,2.46201,0,1743,78564430267
174.91,5.71721,74.8815,0,97,83,74,1385,3504,2.39703,0,11.2362,2.46201,0,1743,78570148103
33.7266,29.6502,74.8815,0,97,83,74,1385,3504,2.39703,0,11.2362,2.46201,0,1743,78599826332
362.728,2.75689,71.3235,0,92,83,73,1404,3504,2.39703,0,11.2027,2.46201,0,1748,78602557546
31.2482,32.0018,71.3235,0,92,83,73,1404,3504,2.39703,0,11.2027,2.46201,0,1748,78635006398
639.731,1.56316,71.3235,0,92,83,73,1404,3504,2.39703,0,11.2027,2.46201,0,1748,78636124694
34.6252,28.8807,71.3235,0,92,83,73,1404,3504,2.39703,0,11.2027,2.46201,0,1748,78665027865
191.572,5.21997,71.3235,0,92,83,73,1404,3504,2.39703,0,11.2027,2.46201,0,1748,78670250070
34.3445,29.1168,71.3235,0,92,83,73,1404,3504,2.39703,0,11.2027,2.46201,0,1748,78699345810
230.109,4.34577,71.3235,0,92,83,73,1404,3504,2.39703,0,11.2027,2.46201,0,1748,78703712871
33.2438,30.0808,71.3235,0,92,83,73,1404,3504,2.39703,0,11.2027,2.46201,0,1748,78733773283
408.133,2.45018,71.3235,0,92,83,73,1404,3504,2.39703,0,11.2027,2.46201,0,1748,78736226705
44.5151,22.4643,71.3235,0,92,83,73,1404,3504,2.39703,0,11.2027,2.46201,0,1748,78758713663
93.8454,10.6558,71.3235,0,92,83,73,1404,3504,2.39703,0,11.2027,2.46201,0,1748,78769370994
43.3964,23.0434,71.3235,0,92,83,73,1404,3504,2.39703,0,11.2027,2.46201,0,1748,78792414715
100.13,9.98701,71.3235,0,92,83,73,1404,3504,2.39703,0,11.2027,2.46201,0,1748,78802403103
43.1469,23.1766,71.3235,0,92,83,73,1404,3504,2.39703,0,11.2027,2.46201,0,1748,78825602069
96.6994,10.3413,71.3235,0,92,83,73,1404,3504,2.39703,0,11.2027,2.46201,0,1748,78835922648
45.0707,22.1873,71.3235,0,92,83,73,1404,3504,2.39703,0,11.2027,2.46201,0,1748,78858112369
80.7665,12.3814,71.3235,0,92,83,73,1404,3504,2.39703,0,11.2027,2.46201,0,1748,78870494830
49.004,20.4065,71.3235,0,92,83,73,1404,3504,2.39703,0,11.2027,2.46201,0,1748,78890901183
35.4168,28.2352,71.3235,0,92,83,73,1404,3504,2.39703,0,11.2027,2.46201,0,1748,78919137092
23.2563,42.9991,71.3235,0,92,83,73,1404,3504,2.39703,0,11.2027,2.46201,0,1748,78962157965
295.549,3.38353,71.3235,0,92,83,73,1404,3504,2.39703,0,11.2027,2.46201,0,1748,78965520052
29.7649,33.5966,71.3235,0,92,83,73,1404,3504,2.39703,0,11.2027,2.46201,0,1748,78999117167
1435.43,0.696657,71.3235,0,92,83,73,1404,3504,2.39703,0,11.2027,2.46201,0,1748,78999812924
54.3925,18.3849,71.3235,0,92,83,73,1404,3504,2.39703,0,11.2027,2.46201,0,1748,79018201624
1020.85,0.979573,71.3235,0,92,83,73,1404,3504,2.39703,0,11.2027,2.46201,0,1748,79019181234
27.8126,35.9549,71.3235,0,92,83,73,1404,3504,2.39703,0,11.2027,2.46201,0,1748,79055137351
944.51,1.05875,71.3235,0,92,83,73,1404,3504,2.39703,0,11.2027,2.46201,0,1748,79056195466
29.5467,33.8448,71.3235,0,92,83,73,1404,3504,2.39703,0,11.2027,2.46201,0,1748,79090042516
246.245,4.061,71.3235,0,92,83,73,1404,3504,2.39703,0,11.2027,2.46201,0,1748,79094125280
29.1183,34.3427,71.3235,0,92,83,73,1404,3504,2.39703,0,11.2027,2.46201,0,1748,79128474509
757.862,1.3195,54.0476,0,92,83,73,1404,3504,2.39703,0,11.1979,2.46201,0,1761,79129809649
29.7893,33.5691,54.0476,0,92,83,73,1404,3504,2.39703,0,11.1979,2.46201,0,1761,79163359786
1345.34,0.743306,54.0476,0,92,83,73,1404,3504,2.39703,0,11.1979,2.46201,0,1761,79164101975
49.0858,20.3725,54.0476,0,92,83,73,1404,3504,2.39703,0,11.1979,2.46201,0,1761,79184478013
327.149,3.05672,54.0476,0,92,83,73,1404,3504,2.39703,0,11.1979,2.46201,0,1761,79187535261
39.5714,25.2708,54.0476,0,92,83,73,1404,3504,2.39703,0,11.1979,2.46201,0,1761,79212829263
147.991,6.75715,54.0476,0,92,83,73,1404,3504,2.39703,0,11.1979,2.46201,0,1761,79219608110
37.7523,26.4884,54.0476,0,92,83,73,1404,3504,2.39703,0,11.1979,2.46201,0,1761,79246097611
157.781,6.3379,54.0476,0,92,83,73,1404,3504,2.39703,0,11.1979,2.46201,0,1761,79252414971
38.7333,25.8176,54.0476,0,92,83,73,1404,3504,2.39703,0,11.1979,2.46201,0,1761,79278255054
134.489,7.43553,54.0476,0,92,83,73,1404,3504,2.39703,0,11.1979,2.46201,0,1761,79285670752
31.7933,31.4532,54.0476,0,92,83,73,1404,3504,2.39703,0,11.1979,2.46201,0,1761,79317124569
322.947,3.09649,54.0476,0,92,83,73,1404,3504,2.39703,0,11.1979,2.46201,0,1761,79320243248
41.5701,24.0557,54.0476,0,92,83,73,1404,3504,2.39703,0,11.1979,2.46201,0,1761,79344281427
123.823,8.07607,54.0476,0,92,83,73,1404,3504,2.39703,0,11.1979,2.46201,0,1761,79352378161
24.8256,40.281,54.0476,0,92,83,73,1404,3504,2.39703,0,11.1979,2.46201,0,1761,79392661044
978.112,1.02238,54.0476,0,92,83,73,1404,3504,2.39703,0,11.1979,2.46201,0,1761,79393684854
50.347,19.8622,54.0476,0,92,83,73,1404,3504,2.39703,0,11.1979,2.46201,0,1761,79413568871
138.091,7.24158,54.0476,0,92,83,73,1404,3504,2.39703,0,11.1979,2.46201,0,1761,79420810816
41.8524,23.8935,54.0476,0,92,83,73,1404,3504,2.39703,0,11.1979,2.46201,0,1761,79444707410
133.465,7.49261,54.0476,0,92,83,73,1404,3504,2.39703,0,11.1979,2.46201,0,1761,79452199755
40.4513,24.7211,54.0476,0,92,83,73,1404,3504,2.39703,0,11.1979,2.46201,0,1761,79476942799
116.451,8.58729,54.0476,0,92,83,73,1404,3504,2.39703,0,11.1979,2.46201,0,1761,79485510384
36.6178,27.3091,54.0476,0,92,83,73,1404,3504,2.39703,0,11.1979,2.46201,0,1761,79512845660
167.726,5.9621,54.0476,0,92,83,73,1404,3504,2.39703,0,11.1979,2.46201,0,1761,79518785291
40.3799,24.7648,54.0476,0,92,83,73,1404,3504,2.39703,0,11.1979,2.46201,0,1761,79543552238
115.775,8.63744,54.0476,0,92,83,73,1404,3504,2.39703,0,11.1979,2.46201,0,1761,79552189067
29.546,33.8455,54.0476,0,92,83,73,1404,3504,2.39703,0,11.1979,2.46201,0,1761,79586035580
968.718,1.03229,54.0476,0,92,83,73,1404,3504,2.39703,0,11.1979,2.46201,0,1761,79587088091
32.4316,30.8341,54.0476,0,92,83,73,1404,3504,2.39703,0,11.1979,2.46201,0,1761,79617925007
326.654,3.06134,54.0476,0,92,83,73,1404,3504,2.39703,0,11.1979,2.46201,0,1761,79620965866
42.8691,23.3268,54.0476,0,92,83,73,1404,3504,2.39703,0,11.1979,2.46201,0,1761,79644299630
130.83,7.64351,69.3827,0,95,83,74,1388,3504,2.39703,0,11.1844,2.46201,0,1766,79651939481
38.6909,25.8459,69.3827,0,95,83,74,1388,3504,2.39703,0,11.1844,2.46201,0,1766,79677786530
134.828,7.41688,69.3827,0,95,83,74,1388,3504,2.39703,0,11.1844,2.46201,0,1766,79685203985
43.6283,22.9209,69.3827,0,95,83,74,1388,3504,2.39703,0,11.1844,2.46201,0,1766,79708126670
95.8176,10.4365,69.3827,0,95,83,74,1388,3504,2.39703,0,11.1844,2.46201,0,1766,79718564283
39.0928,25.5802,69.3827,0,95,83,74,1388,3504,2.39703,0,11.1844,2.46201,0,1766,79744146142
128.547,7.77924,69.3827,0,95,83,74,1388,3504,2.39703,0,11.1844,2.46201,0,1766,79751927216
31.0823,32.1727,69.3827,0,95,83,74,1388,3504,2.39703,0,11.1844,2.46201,0,1766,79784121935
470.355,2.12606,69.3827,0,95,83,74,1388,3504,2.39703,0,11.1844,2.46201,0,1766,79786248311
29.45,33.9559,69.3827,0,95,83,74,1388,3504,2.39703,0,11.1844,2.46201,0,1766,79820184077
982.351,1.01797,69.3827,0,95,83,74,1388,3504,2.39703,0,11.1844,2.46201,0,1766,79821201405
27.5021,36.3608,69.3827,0,95,83,74,1388,3504,2.39703,0,11.1844,2.46201,0,1766,79857578563
620.369,1.61195,69.3827,0,95,83,74,1388,3504,2.39703,0,11.1844,2.46201,0,1766,79859177233
65.9258,15.1686,69.3827,0,95,83,74,1388,3504,2.39703,0,11.1844,2.46201,0,1766,79874367152
94.3967,10.5936,69.3827,0,95,83,74,1388,3504,2.39703,0,11.1844,2.46201,0,1766,79884940137
36.2768,27.5658,69.3827,0,95,83,74,1388,3504,2.39703,0,11.1844,2.46201,0,1766,79912506824
166.161,6.01827,69.3827,0,95,83,74,1388,3504,2.39703,0,11.1844,2.46201,0,1766,79918547991
45.7893,21.8392,69.3827,0,95,83,74,1388,3504,2.39703,0,11.1844,2.46201,0,1766,79940367103
88.3685,11.3163,69.3827,0,95,83,74,1388,3504,2.39703,0,11.1844,2.46201,0,1766,79951706561
44.7131,22.3648,69.3827,0,95,83,74,1388,3504,2.39703,0,11.1844,2.46201,0,1766,79974072128
92.2823,10.8363,69.3827,0,95,83,74,1388,3504,2.39703,0,11.1844,2.46201,0,1766,79984909647
45.5545,21.9517,69.3827,0,95,83,74,1388,3504,2.39703,0,11.1844,2.46201,0,1766,80006883279
35.9062,27.8503,69.3827,0,95,83,74,1388,3504,2.39703,0,11.1844,2.46201,0,1766,80034712544
22.4484,44.5467,69.3827,0,95,83,74,1388,3504,2.39703,0,11.1844,2.46201,0,1766,80079260810
348.927,2.86593,69.3827,0,95,83,74,1388,3504,2.39703,0,11.1844,2.46201,0,1766,80082126609
34.0696,29.3517,69.3827,0,95,83,74,1388,3504,2.39703,0,11.1844,2.46201,0,1766,80111478712
1242.83,0.804613,69.3827,0,95,83,74,1388,3504,2.39703,0,11.1844,2.46201,0,1766,80112282772
26.2826,38.0479,69.3827,0,95,83,74,1388,3504,2.39703,0,11.1844,2.46201,0,1766,80150355261
898.665,1.11276,61.6751,0,99,83,74,1392,3504,2.39703,0,11.1844,2.46201,0,2231,80151446157
71.813,13.9251,61.6751,0,99,83,74,1392,3504,2.39703,0,11.1844,2.46201,0,2231,80165374683
365.579,2.73539,61.6751,0,99,83,74,1392,3504,2.39703,0,11.1844,2.46201,0,2231,80168109707
27.403,36.4924,61.6751,0,99,83,74,1392,3504,2.39703,0,11.1844,2.46201,0,2231,80204603190
446.963,2.23732,61.6751,0,99,83,74,1392,3504,2.39703,0,11.1844,2.46201,0,2231,80206840625
25.7917,38.7722,61.6751,0,99,83,74,1392,3504,2.39703,0,11.1844,2.46201,0,2231,80245635191
1265.85,0.789983,61.6751,0,99,83,74,1392,3504,2.39703,0,11.1844,2.46201,0,2231,80246424652
53.9952,18.5202,61.6751,0,99,83,74,1392,3504,2.39703,0,11.1844,2.46201,0,2231,80264968592
50.708,19.7208,61.6751,0,99,83,74,1392,3504,2.39703,0,11.1844,2.46201,0,2231,80284669136
14.2908,69.9752,61.6751,0,99,83,74,1392,3504,2.39703,0,11.1844,2.46201,0,2231,80354666688
126.482,7.90629,61.6751,0,99,83,74,1392,3504,2.39703,0,11.1844,2.46201,0,2231,80362555446
30.2995,33.0038,61.6751,0,99,83,74,1392,3504,2.39703,0,11.1844,2.46201,0,2231,80395557768
1150.34,0.869307,61.6751,0,99,83,74,1392,3504,2.39703,0,11.1844,2.46201,0,2231,80396426789
28.493,35.0964,61.6751,0,99,83,74,1392,3504,2.39703,0,11.1844,2.46201,0,2231,80431543644
347.376,2.87873,61.6751,0,99,83,74,1392,3504,2.39703,0,11.1844,2.46201,0,2231,80434404006
17.0954,58.4951,61.6751,0,99,83,74,1392,3504,2.39703,0,11.1844,2.46201,0,2231,80492899336
840.824,1.18931,61.6751,0,99,83,74,1392,3504,2.39703,0,11.1844,2.46201,0,2231,80494088390
28.8598,34.6503,61.6751,0,99,83,74,1392,3504,2.39703,0,11.1844,2.46201,0,2231,80528759571
999.135,1.00087,61.6751,0,99,83,74,1392,3504,2.39703,0,11.1844,2.46201,0,2231,80529740967
21.3655,46.8045,61.6751,0,99,83,74,1392,3504,2.39703,0,11.1844,2.46201,0,2231,80576548197
818.131,1.2223,61.6751,0,99,83,74,1392,3504,2.39703,0,11.1844,2.46201,0,2231,80577769857
74.2417,13.4695,61.6751,0,99,83,74,1392,3504,2.39703,0,11.1844,2.46201,0,2231,80591244111
102.876,9.72041,61.6751,0,99,83,74,1392,3504,2.39703,0,11.1844,2.46201,0,2231,80600984602
19.6294,50.9441,61.6751,0,99,83,74,1392,3504,2.39703,0,11.1844,2.46201,0,2231,80651933604
1446.13,0.691501,61.6751,0,99,83,74,1392,3504,2.39703,0,11.1844,2.46201,0,2231,80652620636
76.4323,13.0835,72.5888,0,99,82,74,1392,3504,2.39703,0,11.1347,2.4612,0,2089,80665706632
385.841,2.59174,72.5888,0,99,82,74,1392,3504,2.39703,0,11.1347,2.4612,0,2089,80668320396
32.3143,30.946,72.5888,0,99,82,74,1392,3504,2.39703,0,11.1347,2.4612,0,2089,80699287675
461.975,2.16462,72.5888,0,99,82,74,1392,3504,2.39703,0,11.1347,2.4612,0,2089,80701453124
36.1341,27.6747,72.5888,0,99,82,74,1392,3504,2.39703,0,11.1347,2.4612,0,2089,80729109369
182.178,5.48913,72.5888,0,99,82,74,1392,3504,2.39703,0,11.1347,2.4612,0,2089,80734620226
26.8737,37.2112,72.5888,0,99,82,74,1392,3504,2.39703,0,11.1347,2.4612,0,2089,80771810444
80.9145,12.3587,72.5888,0,99,82,74,1392,3504,2.39703,0,11.1347,2.4612,0,2089,80784191698
41.2537,24.2402,72.5888,0,99,82,74,1392,3504,2.39703,0,11.1347,2.4612,0,2089,80808411652
173.509,5.76339,72.5888,0,99,82,74,1392,3504,2.39703,0,11.1347,2.4612,0,2089,80814175683
34.4051,29.0655,72.5888,0,99,82,74,1392,3504,2.39703,0,11.1347,2.4612,0,2089,80843241592
134.245,7.44905,72.5888,0,99,82,74,1392,3504,2.39703,0,11.1347,2.4612,0,2089,80850690843
32.9632,30.3368,72.5888,0,99,82,74,1392,3504,2.39703,0,11.1347,2.4612,0,2089,80881029728
278.735,3.58764,72.5888,0,99,82,74,1392,3504,2.39703,0,11.1347,2.4612,0,2089,80884617884
31.9446,31.3042,72.5888,0,99,82,74,1392,3504,2.39703,0,11.1347,2.4612,0,2089,80915945677
259.294,3.85663,72.5888,0,99,82,74,1392,3504,2.39703,0,11.1347,2.4612,0,2089,80919810791
22.6409,44.1679,72.5888,0,99,82,74,1392,3504,2.39703,0,11.1347,2.4612,0,2089,80963950477
1159.61,0.862359,72.5888,0,99,82,74,1392,3504,2.39703,0,11.1347,2.4612,0,2089,80964812382
42.5339,23.5107,72.5888,0,99,82,74,1392,3504,2.39703,0,11.1347,2.4612,0,2089,80988325764
985.515,1.0147,72.5888,0,99,82,74,1392,3504,2.39703,0,11.1347,2.4612,0,2089,80989340751
29.2889,34.1426,72.5888,0,99,82,74,1392,3504,2.39703,0,11.1347,2.4612,0,2089,81023497217
640.221,1.56196,72.5888,0,99,82,74,1392,3504,2.39703,0,11.1347,2.4612,0,2089,81025045045
44.7409,22.3509,72.5888,0,99,82,74,1392,3504,2.39703,0,11.1347,2.4612,0,2089,81047400391
50.458,19.8185,72.5888,0,99,82,74,1392,3504,2.39703,0,11.1347,2.4612,0,2089,81067241068
23.3247,42.873,72.5888,0,99,82,74,1392,3504,2.39703,0,11.1347,2.4612,0,2089,81110113839
1041.52,0.960138,72.5888,0,99,82,74,1392,3504,2.39703,0,11.1347,2.4612,0,2089,81111074187
23.9054,41.8315,72.5888,0,99,82,74,1392,3504,2.39703,0,11.1347,2.4612,0,2089,81152931789
617.884,1.61843,63.4715,0,89,82,74,1424,3504,2.39703,0,11.1347,2.45972,0,1893,81154525588
66.4527,15.0483,63.4715,0,89,82,74,1424,3504,2.39703,0,11.1347,2.45972,0,1893,81169577103
968.081,1.03297,63.4715,0,89,82,74,1424,3504,2.39703,0,11.1347,2.45972,0,1893,81170609209
24.6177,40.6211,63.4715,0,89,82,74,1424,3504,2.39703,0,11.1347,2.45972,0,1893,81211232283
901.622,1.10911,63.4715,0,89,82,74,1424,3504,2.39703,0,11.1347,2.45972,0,1893,81212340968
24.7077,40.4732,63.4715,0,89,82,74,1424,3504,2.39703,0,11.1347,2.45972,0,1893,81252832325
1142.41,0.875344,63.4715,0,89,82,74,1424,3504,2.39703,0,11.1347,2.45972,0,1893,81253690623
31.9424,31.3064,63.4715,0,89,82,74,1424,3504,2.39703,0,11.1347,2.45972,0,1893,81284999539
966.658,1.03449,63.4715,0,89,82,74,1424,3504,2.39703,0,11.1347,2.45972,0,1893,81286033165
26.6829,37.4771,63.4715,0,89,82,74,1424,3504,2.39703,0,11.1347,2.45972,0,1893,81323512049
737.396,1.35612,63.4715,0,89,82,74,1424,3504,2.39703,0,11.1347,2.45972,0,1893,81324868749
23.9337,41.7821,63.4715,0,89,82,74,1424,3504,2.39703,0,11.1347,2.45972,0,1893,81366652510
681.061,1.4683,63.4715,0,89,82,74,1424,3504,2.39703,0,11.1347,2.45972,0,1893,81368120810
30.0527,33.2748,63.4715,0,89,82,74,1424,3504,2.39703,0,11.1347,2.45972,0,1893,81401414599
997.623,1.00238,63.4715,0,89,82,74,1424,3504,2.39703,0,11.1347,2.45972,0,1893,81402398999
26.1915,38.1804,63.4715,0,89,82,74,1424,3504,2.39703,0,11.1347,2.45972,0,1893,81440580077
1285.11,0.778143,63.4715,0,89,82,74,1424,3504,2.39703,0,11.1347,2.45972,0,1893,81441378371
119.632,8.35899,63.4715,0,89,82,74,1424,3504,2.39703,0,11.1347,2.45972,0,1893,81449719217
1112.56,0.898827,63.4715,0,89,82,74,1424,3504,2.39703,0,11.1347,2.45972,0,1893,81450618009
23.4764,42.5961,63.4715,0,89,82,74,1424,3504,2.39703,0,11.1347,2.45972,0,1893,81493215623
197.082,5.07403,63.4715,0,89,82,74,1424,3504,2.39703,0,11.1347,2.45972,0,1893,81498289915
34.5056,28.9808,63.4715,0,89,82,74,1424,3504,2.39703,0,11.1347,2.45972,0,1893,81527272383
967.928,1.03314,63.4715,0,89,82,74,1424,3504,2.39703,0,11.1347,2.45972,0,1893,81528305430
22.7061,44.041,63.4715,0,89,82,74,1424,3504,2.39703,0,11.1347,2.45972,0,1893,81572349334
1073.8,0.931269,63.4715,0,89,82,74,1424,3504,2.39703,0,11.1347,2.45972,0,1893,81573279217
32.8037,30.4844,63.4715,0,89,82,74,1424,3504,2.39703,0,11.1347,2.45972,0,1893,81603765198
1040.57,0.961009,63.4715,0,89,82,74,1424,3504,2.39703,0,11.1347,2.45972,0,1893,81604725558
71.1155,14.0616,63.4715,0,89,82,74,1424,3504,2.39703,0,11.1347,2.45972,0,1893,81618790496
902.895,1.10755,63.4715,0,89,82,74,1424,3504,2.39703,0,11.1347,2.45972,0,1893,81619918716
18.0779,55.3161,63.4715,0,89,82,74,1424,3504,2.39703,0,11.1347,2.45972,0,1893,81675231189
948.758,1.05401,70.3163,0,93,83,74,1377,3504,2.39703,0,11.1535,2.45972,0,2030,81676281584
64.8651,15.4166,70.3163,0,93,83,74,1377,3504,2.39703,0,11.1535,2.45972,0,2030,81691688477
121.436,8.23479,70.3163,0,93,83,74,1377,3504,2.39703,0,11.1535,2.45972,0,2030,81699998416
32.7498,30.5345,70.3163,0,93,83,74,1377,3504,2.39703,0,11.1535,2.45972,0,2030,81730487829
153.985,6.49413,70.3163,0,93,83,74,1377,3504,2.39703,0,11.1535,2.45972,0,2030,81736982730
34.5827,28.9162,70.3163,0,93,83,74,1377,3504,2.39703,0,11.1535,2.45972,0,2030,81765936297
965.711,1.03551,70.3163,0,93,83,74,1377,3504,2.39703,0,11.1535,2.45972,0,2030,81766957377
26.5337,37.6879,70.3163,0,93,83,74,1377,3504,2.39703,0,11.1535,2.45972,0,2030,81804625917
911.756,1.09678,70.3163,0,93,83,74,1377,3504,2.39703,0,11.1535,2.45972,0,2030,81805722025
23.997,41.6719,70.3163,0,93,83,74,1377,3504,2.39703,0,11.1535,2.45972,0,2030,81847413971
909.305,1.09974,70.3163,0,93,83,74,1377,3504,2.39703,0,11.1535,2.45972,0,2030,81848493416
53.6163,18.651,70.3163,0,93,83,74,1377,3504,2.39703,0,11.1535,2.45972,0,2030,81867146623
1019.04,0.981316,70.3163,0,93,83,74,1377,3504,2.39703,0,11.1535,2.45972,0,2030,81868127623
28.4245,35.1809,70.3163,0,93,83,74,1377,3504,2.39703,0,11.1535,2.45972,0,2030,81903310733
980.065,1.02034,70.3163,0,93,83,74,1377,3504,2.39703,0,11.1535,2.45972,0,2030,81904331296
32.4051,30.8594,70.3163,0,93,83,74,1377,3504,2.39703,0,11.1535,2.45972,0,2030,81935214684
1057.31,0.945796,70.3163,0,93,83,74,1377,3504,2.39703,0,11.1535,2.45972,0,2030,81936159107
31.7128,31.533,70.3163,0,93,83,74,1377,3504,2.39703,0,11.1535,2.45972,0,2030,81967694414
444.368,2.25039,70.3163,0,93,83,74,1377,3504,2.39703,0,11.1535,2.45972,0,2030,81969945120
24.2025,41.318,70.3163,0,93,83,74,1377,3504,2.39703,0,11.1535,2.45972,0,2030,82011264373
1220.53,0.819313,70.3163,0,93,83,74,1377,3504,2.39703,0,11.1535,2.45972,0,2030,82012082982
53.8758,18.5612,70.3163,0,93,83,74,1377,3504,2.39703,0,11.1535,2.45972,0,2030,82030647013
416.125,2.40312,70.3163,0,93,83,74,1377,3504,2.39703,0,11.1535,2.45972,0,2030,82033050293
32.1332,31.1205,70.3163,0,93,83,74,1377,3504,2.39703,0,11.1535,2.45972,0,2030,82064192832
406.932,2.45742,70.3163,0,93,83,74,1377,3504,2.39703,0,11.1535,2.45972,0,2030,82066630824
32.9971,30.3057,70.3163,0,93,83,74,1377,3504,2.39703,0,11.1535,2.45972,0,2030,82096937854
306.447,3.26321,70.3163,0,93,83,74,1377,3504,2.39703,0,11.1535,2.45972,0,2030,82100201100
33.2689,30.0581,70.3163,0,93,83,74,1377,3504,2.39703,0,11.1535,2.45972,0,2030,82130260830
207.322,4.82342,70.3163,0,93,83,74,1377,3504,2.39703,0,11.1535,2.45972,0,2030,82135085348
29.3354,34.0885,70.3163,0,93,83,74,1377,3504,2.39703,0,11.1535,2.45972,0,2030,82169196188
936.369,1.06796,70.3163,0,93,83,74,1377,3504,2.39703,0,11.1535,2.45972,0,2030,82170264085
25.9803,38.4907,70.3163,0,93,83,74,1377,3504,2.39703,0,11.1535,2.45972,0,2030,82208780428
654.127,1.52876,65.3938,0,93,83,74,1377,3504,2.39703,0,11.1486,2.45972,0,1947,82210284102
29.6337,33.7454,65.3938,0,93,83,74,1377,3504,2.39703,0,11.1486,2.45972,0,1947,82244044021
1169.9,0.854774,65.3938,0,93,83,74,1377,3504,2.39703,0,11.1486,2.45972,0,1947,82244886383
42.6525,23.4453,65.3938,0,93,83,74,1377,3504,2.39703,0,11.1486,2.45972,0,1947,82268335251
867.625,1.15257,65.3938,0,93,83,74,1377,3504,2.39703,0,11.1486,2.45972,0,1947,82269486705
40.7542,24.5373,65.3938,0,93,83,74,1377,3504,2.39703,0,11.1486,2.45972,0,1947,82294025379
149.887,6.67169,65.3938,0,93,83,74,1377,3504,2.39703,0,11.1486,2.45972,0,1947,82300698570
36.2357,27.5971,65.3938,0,93,83,74,1377,3504,2.39703,0,11.1486,2.45972,0,1947,82328297105
202.807,4.93079,65.3938,0,93,83,74,1377,3504,2.39703,0,11.1486,2.45972,0,1947,82333228296
25.6241,39.0258,65.3938,0,93,83,74,1377,3504,2.39703,0,11.1486,2.45972,0,1947,82372277128
817.691,1.22296,65.3938,0,93,83,74,1377,3504,2.39703,0,11.1486,2.45972,0,1947,82373478969
28.1968,35.4651,65.3938,0,93,83,74,1377,3504,2.39703,0,11.1486,2.45972,0,1947,82408945545
627.69,1.59314,65.3938,0,93,83,74,1377,3504,2.39703,0,11.1486,2.45972,0,1947,82410539261
33.8512,29.541,65.3938,0,93,83,74,1377,3504,2.39703,0,11.1486,2.45972,0,1947,82440080907
612.217,1.63341,65.3938,0,93,83,74,1377,3504,2.39703,0,11.1486,2.45972,0,1947,82441714971
62.7915,15.9257,65.3938,0,93,83,74,1377,3504,2.39703,0,11.1486,2.45972,0,1947,82457643005
117.657,8.49926,65.3938,0,93,83,74,1377,3504,2.39703,0,11.1486,2.45972,0,1947,82466143478
40.9289,24.4326,65.3938,0,93,83,74,1377,3504,2.39703,0,11.1486,2.45972,0,1947,82490577594
114.302,8.74878,65.3938,0,93,83,74,1377,3504,2.39703,0,11.1486,2.45972,0,1947,82499325341
33.2692,30.0578,65.3938,0,93,83,74,1377,3504,2.39703,0,11.1486,2.45972,0,1947,82529385965
252.229,3.96465,65.3938,0,93,83,74,1377,3504,2.39703,0,11.1486,2.45972,0,1947,82533351209
33.6642,29.7052,65.3938,0,93,83,74,1377,3504,2.39703,0,11.1486,2.45972,0,1947,82563093038
319.158,3.13325,65.3938,0,93,83,74,1377,3504,2.39703,0,11.1486,2.45972,0,1947,82566191260
31.6883,31.5574,65.3938,0,93,83,74,1377,3504,2.39703,0,11.1486,2.45972,0,1947,82597763198
666.978,1.4993,65.3938,0,93,83,74,1377,3504,2.39703,0,11.1486,2.45972,0,1947,82599249643
37.4125,26.729,65.3938,0,93,83,74,1377,3504,2.39703,0,11.1486,2.45972,0,1947,82625981115
151.102,6.61803,65.3938,0,93,83,74,1377,3504,2.39703,0,11.1486,2.45972,0,1947,82632599112
41.0946,24.3341,65.3938,0,93,83,74,1377,3504,2.39703,0,11.1486,2.45972,0,1947,82656955421
102.354,9.77003,65.3938,0,93,83,74,1377,3504,2.39703,0,11.1486,2.45972,0,1947,82666706290
34.8797,28.67,65.3938,0,93,83,74,1377,3504,2.39703,0,11.1486,2.45972,0,1947,82695377526
246.606,4.05505,65.3938,0,93,83,74,1377,3504,2.39703,0,11.1486,2.45972,0,1947,82699457697
41.849,23.8954,65.3938,0,93,83,74,1377,3504,2.39703,0,11.1486,2.45972,0,1947,82723334803
109.419,9.13918,64.3564,0,98,81,74,1386,3504,2.39703,0,11.1485,2.45972,0,1736,82732470145
40.4012,24.7517,64.3564,0,98,81,74,1386,3504,2.39703,0,11.1485,2.45972,0,1736,82757223549
116.254,8.60188,64.3564,0,98,81,74,1386,3504,2.39703,0,11.1485,2.45972,0,1736,82765826906
19.4324,51.4603,64.3564,0,98,81,74,1386,3504,2.39703,0,11.1485,2.45972,0,1736,82817308473
300.027,3.33303,64.3564,0,98,81,74,1386,3504,2.39703,0,11.1485,2.45972,0,1736,82820620054
29.5608,33.8286,64.3564,0,98,81,74,1386,3504,2.39703,0,11.1485,2.45972,0,1736,82854471330
1194.27,0.837334,64.3564,0,98,81,74,1386,3504,2.39703,0,11.1485,2.45972,0,1736,82855287201
79.4772,12.5822,64.3564,0,98,81,74,1386,3504,2.39703,0,11.1485,2.45972,0,1736,82867893131
955.674,1.04638,64.3564,0,98,81,74,1386,3504,2.39703,0,11.1485,2.45972,0,1736,82868960163
25.3423,39.4597,64.3564,0,98,81,74,1386,3504,2.39703,0,11.1485,2.45972,0,1736,82908447723
952.065,1.05035,64.3564,0,98,81,74,1386,3504,2.39703,0,11.1485,2.45972,0,1736,82909472081
29.4718,33.9307,64.3564,0,98,81,74,1386,3504,2.39703,0,11.1485,2.45972,0,1736,82943405205
422.937,2.36442,64.3564,0,98,81,74,1386,3504,2.39703,0,11.1485,2.45972,0,1736,82945771047
28.7247,34.8133,64.3564,0,98,81,74,1386,3504,2.39703,0,11.1485,2.45972,0,1736,82980584398
1228.71,0.813864,64.3564,0,98,81,74,1386,3504,2.39703,0,11.1485,2.45972,0,1736,82981396574
148.536,6.73238,64.3564,0,98,81,74,1386,3504,2.39703,0,11.1485,2.45972,0,1736,82988154896
87.9427,11.371,64.3564,0,98,81,74,1386,3504,2.39703,0,11.1485,2.45972,0,1736,82999527353
43.4628,23.0082,64.3564,0,98,81,74,1386,3504,2.39703,0,11.1485,2.45972,0,1736,83022535566
103.54,9.65811,64.3564,0,98,81,74,1386,3504,2.39703,0,11.1485,2.45972,0,1736,83032216738
41.7112,23.9744,64.3564,0,98,81,74,1386,3504,2.39703,0,11.1485,2.45972,0,1736,83056171374
104.938,9.52948,64.3564,0,98,81,74,1386,3504,2.39703,0,11.1485,2.45972,0,1736,83065702540
37.222,26.8659,64.3564,0,98,81,74,1386,3504,2.39703,0,11.1485,2.45972,0,1736,83092569125
158.854,6.29509,64.3564,0,98,81,74,1386,3504,2.39703,0,11.1485,2.45972,0,1736,83098866158
43.894,22.7822,64.3564,0,98,81,74,1386,3504,2.39703,0,11.1485,2.45972,0,1736,83121670716
93.7591,10.6656,64.3564,0,98,81,74,1386,3504,2.39703,0,11.1485,2.45972,0,1736,83132331004
42.2884,23.6471,64.3564,0,98,81,74,1386,3504,2.39703,0,11.1485,2.45972,0,1736,83155964268
103.448,9.66665,64.3564,0,98,81,74,1386,3504,2.39703,0,11.1485,2.45972,0,1736,83165657551
41.0742,24.3462,64.3564,0,98,81,74,1386,3504,2.39703,0,11.1485,2.45972,0,1736,83189978549
103.091,9.7002,64.3564,0,98,81,74,1386,3504,2.39703,0,11.1485,2.45972,0,1736,83199680232
30.8313,32.4346,64.3564,0,98,81,74,1386,3504,2.39703,0,11.1485,2.45972,0,1736,83232120597
1056.24,0.946752,64.1089,0,99,81,74,1392,3504,2.39703,0,11.1487,2.45972,0,1744,83233061559
27.2779,36.6597,64.1089,0,99,81,74,1392,3504,2.39703,0,11.1487,2.45972,0,1744,83269723306
421.906,2.37019,64.1089,0,99,81,74,1392,3504,2.39703,0,11.1487,2.45972,0,1744,83272095074
38.1965,26.1804,64.1089,0,99,81,74,1392,3504,2.39703,0,11.1487,2.45972,0,1744,83298275921
817.623,1.22306,64.1089,0,99,81,74,1392,3504,2.39703,0,11.1487,2.45972,0,1744,83299499372
31.727,31.5189,64.1089,0,99,81,74,1392,3504,2.39703,0,11.1487,2.45972,0,1744,83331020117
814.169,1.22825,64.1089,0,99,81,74,1392,3504,2.39703,0,11.1487,2.45972,0,1744,83332268853
28.9266,34.5703,64.1089,0,99,81,74,1392,3504,2.39703,0,11.1487,2.45972,0,1744,83366820146
977.686,1.02282,64.1089,0,99,81,74,1392,3504,2.39703,0,11.1487,2.45972,0,1744,83367841452
36.8777,27.1167,64.1089,0,99,81,74,1392,3504,2.39703,0,11.1487,2.45972,0,1744,83394961742
126.518,7.90403,64.1089,0,99,81,74,1392,3504,2.39703,0,11.1487,2.45972,0,1744,83402887799
27.2993,36.631,64.1089,0,99,81,74,1392,3504,2.39703,0,11.1487,2.45972,0,1744,83439497512
977.05,1.02349,64.1089,0,99,81,74,1392,3504,2.39703,0,11.1487,2.45972,0,1744,83440520832
22.7223,44.0097,64.1089,0,99,81,74,1392,3504,2.39703,0,11.1487,2.45972,0,1744,83484553344
1270.08,0.787352,64.1089,0,99,81,74,1392,3504,2.39703,0,11.1487,2.45972,0,1744,83485341281
42.8598,23.3319,64.1089,0,99,81,74,1392,3504,2.39703,0,11.1487,2.45972,0,1744,83508673876
348.84,2.86665,64.1089,0,99,81,74,1392,3504,2.39703,0,11.1487,2.45972,0,1744,83511541575
30.5735,32.7081,64.1089,0,99,81,74,1392,3504,2.39703,0,11.1487,2.45972,0,1744,83544249903
1063.73,0.940086,64.1089,0,99,81,74,1392,3504,2.39703,0,11.1487,2.45972,0,1744,83545190521
45.007,22.2188,64.1089,0,99,81,74,1392,3504,2.39703,0,11.1487,2.45972,0,1744,83567412002
658.74,1.51805,64.1089,0,99,81,74,1392,3504,2.39703,0,11.1487,2.45972,0,1744,83568931236
28.8207,34.6973,64.1089,0,99,81,74,1392,3504,2.39703,0,11.1487,2.45972,0,1744,83603629683
937.061,1.06717,64.1089,0,99,81,74,1392,3504,2.39703,0,11.1487,2.45972,0,1744,83604697021
29.3249,34.1007,64.1089,0,99,81,74,1392,3504,2.39703,0,11.1487,2.45972,0,1744,83638799686
596.925,1.67525,64.1089,0,99,81,74,1392,3504,2.39703,0,11.1487,2.45972,0,1744,83640474558
26.5458,37.6707,64.1089,0,99,81,74,1392,3504,2.39703,0,11.1487,2.45972,0,1744,83678167184
706.775,1.41488,64.1089,0,99,81,74,1392,3504,2.39703,0,11.1487,2.45972,0,1744,83679561021
36.9821,27.0401,64.1089,0,99,81,74,1392,3504,2.39703,0,11.1487,2.45972,0,1744,83706603368
938.566,1.06545,64.1089,0,99,81,74,1392,3504,2.39703,0,11.1487,2.45972,0,1744,83707668922
31.2486,32.0014,64.1089,0,99,81,74,1392,3504,2.39703,0,11.1487,2.45972,0,1744,83739698339
331.001,3.02114,78.5,0,99,83,74,1392,3504,2.39703,0,11.18,2.45942,0,1817,83742714631
33.6613,29.7077,78.5,0,99,83,74,1392,3504,2.39703,0,11.18,2.45942,0,1817,83772402547
902.898,1.10755,78.5,0,99,83,74,1392,3504,2.39703,0,11.18,2.45942,0,1817,83773509528
40.8952,24.4527,78.5,0,99,83,74,1392,3504,2.39703,0,11.18,2.45942,0,1817,83797986636
819.124,1.22082,78.5,0,99,83,74,1392,3504,2.39703,0,11.18,2.45942,0,1817,83799185829
24.2775,41.1904,78.5,0,99,83,74,1392,3504,2.39703,0,11.18,2.45942,0,1817,83840378666
683.685,1.46266,78.5,0,99,83,74,1392,3504,2.39703,0,11.18,2.45942,0,1817,83841840116
32.3854,30.8781,78.5,0,99,83,74,1392,3504,2.39703,0,11.18,2.45942,0,1817,83872721408
933.74,1.07096,78.5,0,99,83,74,1392,3504,2.39703,0,11.18,2.45942,0,1817,83873813082
30.6741,32.6008,78.5,0,99,83,74,1392,3504,2.39703,0,11.18,2.45942,0,1817,83906415682
988.425,1.01171,78.5,0,99,83,74,1392,3504,2.39703,0,11.18,2.45942,0,1817,83907406076
40.7398,24.546,78.5,0,99,83,74,1392,3504,2.39703,0,11.18,2.45942,0,1817,83931982128
60.8306,16.4391,78.5,0,99,83,74,1392,3504,2.39703,0,11.18,2.45942,0,1817,83948393829
18.2228,54.8762,78.5,0,99,83,74,1392,3504,2.39703,0,11.18,2.45942,0,1817,84003285308
1239.67,0.806666,78.5,0,99,83,74,1392,3504,2.39703,0,11.18,2.45942,0,1817,84004077637
42.8502,23.3371,78.5,0,99,83,74,1392,3504,2.39703,0,11.18,2.45942,0,1817,84027417141
691.825,1.44545,78.5,0,99,83,74,1392,3504,2.39703,0,11.18,2.45942,0,1817,84028882904
23.2522,43.0067,78.5,0,99,83,74,1392,3504,2.39703,0,11.18,2.45942,0,1817,84071891363
678.795,1.4732,78.5,0,99,83,74,1392,3504,2.39703,0,11.18,2.45942,0,1817,84073385679
25.2669,39.5774,78.5,0,99,83,74,1392,3504,2.39703,0,11.18,2.45942,0,1817,84112943346
875.794,1.14182,78.5,0,99,83,74,1392,3504,2.39703,0,11.18,2.45942,0,1817,84114084766
39.9114,25.0555,78.5,0,99,83,74,1392,3504,2.39703,0,11.18,2.45942,0,1817,84139164086
720.939,1.38708,78.5,0,99,83,74,1392,3504,2.39703,0,11.18,2.45942,0,1817,84140529640
23.569,42.4285,78.5,0,99,83,74,1392,3504,2.39703,0,11.18,2.45942,0,1817,84182960032
230.038,4.34711,78.5,0,99,83,74,1392,3504,2.39703,0,11.18,2.45942,0,1817,84187307278
26.0837,38.3381,78.5,0,99,83,74,1392,3504,2.39703,0,11.18,2.45942,0,1817,84225646700
1068.52,0.935873,78.5,0,99,83,74,1392,3504,2.39703,0,11.18,2.45942,0,1817,84226581699
62.6725,15.956,78.5,0,99,83,74,1392,3504,2.39703,0,11.18,2.45942,0,1817,84242567709
189.357,5.28104,75.1918,0,99,83,74,1392,3504,2.39703,0,11.1487,2.45942,0,1745,84247843688
33.3963,29.9434,75.1918,0,99,83,74,1392,3504,2.39703,0,11.1487,2.45942,0,1745,84277787916
267.335,3.74062,75.1918,0,99,83,74,1392,3504,2.39703,0,11.1487,2.45942,0,1745,84281551025
24.534,40.7598,75.1918,0,99,83,74,1392,3504,2.39703,0,11.1487,2.45942,0,1745,84322311963
511.843,1.95372,75.1918,0,99,83,74,1392,3504,2.39703,0,11.1487,2.45942,0,1745,84324265193
26.3249,37.9869,75.1918,0,99,83,74,1392,3504,2.39703,0,11.1487,2.45942,0,1745,84362253537
758.262,1.31881,75.1918,0,99,83,74,1392,3504,2.39703,0,11.1487,2.45942,0,1745,84363593150
31.9777,31.2718,75.1918,0,99,83,74,1392,3504,2.39703,0,11.1487,2.45942,0,1745,84394846000
1052,0.95057,75.1918,0,99,83,74,1392,3504,2.39703,0,11.1487,2.45942,0,1745,84395795121
107.076,9.33916,75.1918,0,99,83,74,1392,3504,2.39703,0,11.1487,2.45942,0,1745,84405135880
109.062,9.16909,75.1918,0,99,83,74,1392,3504,2.39703,0,11.1487,2.45942,0,1745,84414305530
40.769,24.5284,75.1918,0,99,83,74,1392,3504,2.39703,0,11.1487,2.45942,0,1745,84438835774
113.639,8.79976,75.1918,0,99,83,74,1392,3504,2.39703,0,11.1487,2.45942,0,1745,84447635910
29.2436,34.1955,75.1918,0,99,83,74,1392,3504,2.39703,0,11.1487,2.45942,0,1745,84481833152
913.937,1.09417,75.1918,0,99,83,74,1392,3504,2.39703,0,11.1487,2.45942,0,1745,84482926825
43.8548,22.8025,75.1918,0,99,83,74,1392,3504,2.39703,0,11.1487,2.45942,0,1745,84505733503
118.017,8.47336,75.1918,0,99,83,74,1392,3504,2.39703,0,11.1487,2.45942,0,1745,84514218086
38.2645,26.1339,75.1918,0,99,83,74,1392,3504,2.39703,0,11.1487,2.45942,0,1745,84540343239
140.072,7.13917,75.1918,0,99,83,74,1392,3504,2.39703,0,11.1487,2.45942,0,1745,84547480459
27.9718,35.7503,75.1918,0,99,83,74,1392,3504,2.39703,0,11.1487,2.45942,0,1745,84583255544
1060.95,0.942549,75.1918,0,99,83,74,1392,3504,2.39703,0,11.1487,2.45942,0,1745,84584175528
33.4766,29.8716,75.1918,0,99,83,74,1392,3504,2.39703,0,11.1487,2.45942,0,1745,84614049908
578.093,1.72983,75.1918,0,99,83,74,1392,3504,2.39703,0,11.1487,2.45942,0,1745,84615778379
27.5589,36.2859,75.1918,0,99,83,74,1392,3504,2.39703,0,11.1487,2.45942,0,1745,84652066768
624.967,1.60009,75.1918,0,99,83,74,1392,3504,2.39703,0,11.1487,2.45942,0,1745,84653687284
32.6696,30.6095,75.1918,0,99,83,74,1392,3504,2.39703,0,11.1487,2.45942,0,1745,84684276657
908.956,1.10016,75.1918,0,99,83,74,1392,3504,2.39703,0,11.1487,2.45942,0,1745,84685376826
25.6515,38.984,75.1918,0,99,83,74,1392,3504,2.39703,0,11.1487,2.45942,0,1745,84724363196
1104.3,0.905548,75.1918,0,99,83,74,1392,3504,2.39703,0,11.1487,2.45942,0,1745,84725268476
27.6932,36.11,75.1918,0,99,83,74,1392,3504,2.39703,0,11.1487,2.45942,0,1745,84761383689
576.347,1.73506,60.8374,0,95,85,74,1394,3504,2.39698,0,11.152,2.45942,0,2141,84763137091
87.5436,11.4229,60.8374,0,95,85,74,1394,3504,2.39698,0,11.152,2.45942,0,2141,84774562365
160.03,6.24882,60.8374,0,95,85,74,1394,3504,2.39698,0,11.152,2.45942,0,2141,84780812842
35.2394,28.3773,60.8374,0,95,85,74,1394,3504,2.39698,0,11.152,2.45942,0,2141,84809191109
193.711,5.16232,60.8374,0,95,85,74,1394,3504,2.39698,0,11.152,2.45942,0,2141,84814354139
28.5821,34.9869,60.8374,0,95,85,74,1394,3504,2.39698,0,11.152,2.45942,0,2141,84849343560
564.23,1.77233,60.8374,0,95,85,74,1394,3504,2.39698,0,11.152,2.45942,0,2141,84851136607
33.2413,30.083,60.8374,0,95,85,74,1394,3504,2.39698,0,11.152,2.45942,0,2141,84881200119
265.208,3.77062,60.8374,0,95,85,74,1394,3504,2.39698,0,11.152,2.45942,0,2141,84884972487
30.1002,33.2224,60.8374,0,95,85,74,1394,3504,2.39698,0,11.152,2.45942,0,2141,84918197461
1150.85,0.868921,60.8374,0,95,85,74,1394,3504,2.39698,0,11.152,2.45942,0,2141,84919084805
49.4747,20.2123,60.8374,0,95,85,74,1394,3504,2.39698,0,11.152,2.45942,0,2141,84939281512
124.928,8.00464,60.8374,0,95,85,74,1394,3504,2.39698,0,11.152,2.45942,0,2141,84947284846
26.5233,37.7028,60.8374,0,95,85,74,1394,3504,2.39698,0,11.152,2.45942,0,2141,84984988208
736.487,1.3578,60.8374,0,95,85,74,1394,3504,2.39698,0,11.152,2.45942,0,2141,84986344828
46.7014,21.4126,60.8374,0,95,85,74,1394,3504,2.39698,0,11.152,2.45942,0,2141,85007760180
163.068,6.13239,60.8374,0,95,85,74,1394,3504,2.39698,0,11.152,2.45942,0,2141,85013893201
34.5513,28.9424,60.8374,0,95,85,74,1394,3504,2.39698,0,11.152,2.45942,0,2141,85042837602
239.706,4.17179,60.8374,0,95,85,74,1394,3504,2.39698,0,11.152,2.45942,0,2141,85047009965
35.3847,28.2608,60.8374,0,95,85,74,1394,3504,2.39698,0,11.152,2.45942,0,2141,85075271937
148.133,6.75069,60.8374,0,95,85,74,1394,3504,2.39698,0,11.152,2.45942,0,2141,85082024667
22.3002,44.8426,60.8374,0,95,85,74,1394,3504,2.39698,0,11.152,2.45942,0,2141,85126867663
598.013,1.6722,60.8374,0,95,85,74,1394,3504,2.39698,0,11.152,2.45942,0,2141,85128539988
12.9145,77.4325,60.8374,0,95,85,74,1394,3504,2.39698,0,11.152,2.45942,0,2141,85205994996
1298.21,0.770294,60.8374,0,95,85,74,1394,3504,2.39698,0,11.152,2.45942,0,2141,85206743500
62.144,16.0917,60.8374,0,95,85,74,1394,3504,2.39698,0,11.152,2.45942,0,2141,85222855321
156.829,6.37639,60.8374,0,95,85,74,1394,3504,2.39698,0,11.152,2.45942,0,2141,85229215083
13.9165,71.8572,60.8374,0,95,85,74,1394,3504,2.39698,0,11.152,2.45942,0,2141,85301077897
816.889,1.22416,68.5714,0,95,85,74,1394,3504,2.39698,0,11.152,2.45942,0,1770,85302297079
19.6816,50.809,68.5714,0,95,85,74,1394,3504,2.39698,0,11.152,2.45942,0,1770,85353108844
122.82,8.142,68.5714,0,95,85,74,1394,3504,2.39698,0,11.152,2.45942,0,1770,85361251934
25.1884,39.7008,68.5714,0,95,85,74,1394,3504,2.39698,0,11.152,2.45942,0,1770,85400953211
843.342,1.18576,68.5714,0,95,85,74,1394,3504,2.39698,0,11.152,2.45942,0,1770,85402139946
24.1813,41.3543,68.5714,0,95,85,74,1394,3504,2.39698,0,11.152,2.45942,0,1770,85443494061
563.841,1.77355,68.5714,0,95,85,74,1394,3504,2.39698,0,11.152,2.45942,0,1770,85445268329
24.4317,40.9304,68.5714,0,95,85,74,1394,3504,2.39698,0,11.152,2.45942,0,1770,85486201737
230.631,4.33593,68.5714,0,95,85,74,1394,3504,2.39698,0,11.152,2.45942,0,1770,85490537223
39.4706,25.3353,68.5714,0,95,85,74,1394,3504,2.39698,0,11.152,2.45942,0,1770,85515873415
345.57,2.89377,68.5714,0,95,85,74,1394,3504,2.39698,0,11.152,2.45942,0,1770,85518768989
21.3728,46.7885,68.5714,0,95,85,74,1394,3504,2.39698,0,11.152,2.45942,0,1770,85565570035
1368.56,0.730694,68.5714,0,95,85,74,1394,3504,2.39698,0,11.152,2.45942,0,1770,85566288505
62.0759,16.1093,68.5714,0,95,85,74,1394,3504,2.39698,0,11.152,2.45942,0,1770,85582399291
1046.55,0.955518,68.5714,0,95,85,74,1394,3504,2.39698,0,11.152,2.45942,0,1770,85583381584
29.3416,34.0813,68.5714,0,95,85,74,1394,3504,2.39698,0,11.152,2.45942,0,1770,85617438044
600.56,1.66511,68.5714,0,95,85,74,1394,3504,2.39698,0,11.152,2.45942,0,1770,85619103370
19.3508,51.6775,68.5714,0,95,85,74,1394,3504,2.39698,0,11.152,2.45942,0,1770,85670803900
1355.69,0.737634,68.5714,0,95,85,74,1394,3504,2.39698,0,11.152,2.45942,0,1770,85671518236
27.0375,36.9857,68.5714,0,95,85,74,1394,3504,2.39698,0,11.152,2.45942,0,1770,85708507649
1097.29,0.911332,68.5714,0,95,85,74,1394,3504,2.39698,0,11.152,2.45942,0,1770,85709417951
80.7101,12.39,68.5714,0,95,85,74,1394,3504,2.39698,0,11.152,2.45942,0,1770,85721831737
123.919,8.06979,68.5714,0,95,85,74,1394,3504,2.39698,0,11.152,2.45942,0,1770,85729903375
39.4853,25.3259,68.5714,0,95,85,74,1394,3504,2.39698,0,11.152,2.45942,0,1770,85755229035
127.807,7.82432,68.5714,0,95,85,74,1394,3504,2.39698,0,11.152,2.45942,0,1770,85763053955
43.439,23.0208,68.5714,0,95,85,74,1394,3504,2.39698,0,11.152,2.45942,0,1770,85786079021
99.6845,10.0316,68.5714,0,95,85,74,1394,3504,2.39698,0,11.152,2.45942,0,1770,85796108764
47.4305,21.0835,68.5714,0,95,85,74,1394,3504,2.39698,0,11.152,2.45942,0,1770,85817205387
82.7188,12.0892,73.1051,0,97,91,73,1402,3504,2.39873,0,11.1342,2.45942,0,3425,85829284509
49.652,20.1402,73.1051,0,97,91,73,1402,3504,2.39873,0,11.1342,2.45942,0,3425,85849425493
71.4342,13.9989,73.1051,0,97,91,73,1402,3504,2.39873,0,11.1342,2.45942,0,3425,85863426804
37.7748,26.4727,73.1051,0,97,91,73,1402,3504,2.39873,0,11.1342,2.45942,0,3425,85889901343
165.032,6.05942,73.1051,0,97,91,73,1402,3504,2.39873,0,11.1342,2.45942,0,3425,85895960652
38.5628,25.9317,73.1051,0,97,91,73,1402,3504,2.39873,0,11.1342,2.45942,0,3425,85921894257
133.836,7.47181,73.1051,0,97,91,73,1402,3504,2.39873,0,11.1342,2.45942,0,3425,85929367760
33.7891,29.5953,73.1051,0,97,91,73,1402,3504,2.39873,0,11.1342,2.45942,0,3425,85958964427
281.658,3.55041,73.1051,0,97,91,73,1402,3504,2.39873,0,11.1342,2.45942,0,3425,85962515030
24.4446,40.9088,73.1051,0,97,91,73,1402,3504,2.39873,0,11.1342,2.45942,0,3425,86003424301
2029.31,0.492779,73.1051,0,97,91,73,1402,3504,2.39873,0,11.1342,2.45942,0,3425,86003916600
71.114,14.0619,73.1051,0,97,91,73,1402,3504,2.39873,0,11.1342,2.45942,0,3425,86017980652
78.1653,12.7934,73.1051,0,97,91,73,1402,3504,2.39873,0,11.1342,2.45942,0,3425,86030775810
50.4021,19.8405,73.1051,0,97,91,73,1402,3504,2.39873,0,11.1342,2.45942,0,3425,86050617429
84.7386,11.801,73.1051,0,97,91,73,1402,3504,2.39873,0,11.1342,2.45942,0,3425,86062418169
39.0631,25.5996,73.1051,0,97,91,73,1402,3504,2.39873,0,11.1342,2.45942,0,3425,86088020080
108.987,9.17539,73.1051,0,97,91,73,1402,3504,2.39873,0,11.1342,2.45942,0,3425,86097196661
48.0543,20.8098,73.1051,0,97,91,73,1402,3504,2.39873,0,11.1342,2.45942,0,3425,86118007605
89.9133,11.1218,73.1051,0,97,91,73,1402,3504,2.39873,0,11.1342,2.45942,0,3425,86129132252
25.5568,39.1286,73.1051,0,97,91,73,1402,3504,2.39873,0,11.1342,2.45942,0,3425,86168259844
1323.54,0.755549,73.1051,0,97,91,73,1402,3504,2.39873,0,11.1342,2.45942,0,3425,86169015157
47.922,20.8673,73.1051,0,97,91,73,1402,3504,2.39873,0,11.1342,2.45942,0,3425,86189884686
44.401,22.522,73.1051,0,97,91,73,1402,3504,2.39873,0,11.1342,2.45942,0,3425,86212406412
37.1326,26.9305,73.1051,0,97,91,73,1402,3504,2.39873,0,11.1342,2.45942,0,3425,86239340009
2175.32,0.459703,73.1051,0,97,91,73,1402,3504,2.39873,0,11.1342,2.45942,0,3425,86239799707
111.761,8.94764,73.1051,0,97,91,73,1402,3504,2.39873,0,11.1342,2.45942,0,3425,86248760242
33.0293,30.2762,73.1051,0,97,91,73,1402,3504,2.39873,0,11.1342,2.45942,0,3425,86279024137
34.1474,29.2848,73.1051,0,97,91,73,1402,3504,2.39873,0,11.1342,2.45942,0,3425,86308310831
342.256,2.92179,73.1051,0,97,91,73,1402,3504,2.39873,0,11.1342,2.45942,0,3425,86311233273
84.4976,11.8347,73.1051,0,97,91,73,1402,3504,2.39873,0,11.1342,2.45942,0,3425,86323076860
44.2259,22.6112,64.8241,0,82,91,73,1429,3504,2.40318,0,11.1342,2.45942,0,3420,86345681778
38.6,25.9067,64.8241,0,82,91,73,1429,3504,2.40318,0,11.1342,2.45942,0,3420,86371590875
138.001,7.24634,64.8241,0,82,91,73,1429,3504,2.40318,0,11.1342,2.45942,0,3420,86378837502
41.8083,23.9187,64.8241,0,82,91,73,1429,3504,2.40318,0,11.1342,2.45942,0,3420,86402757755
105.273,9.49914,64.8241,0,82,91,73,1429,3504,2.40318,0,11.1342,2.45942,0,3420,86412258458
47.8274,20.9085,64.8241,0,82,91,73,1429,3504,2.40318,0,11.1342,2.45942,0,3420,86433167953
81.3538,12.292,64.8241,0,82,91,73,1429,3504,2.40318,0,11.1342,2.45942,0,3420,86445473301
45.9085,21.7825,64.8241,0,82,91,73,1429,3504,2.40318,0,11.1342,2.45942,0,3420,86467244798
86.3915,11.5752,64.8241,0,82,91,73,1429,3504,2.40318,0,11.1342,2.45942,0,3420,86478820466
49.4195,20.2349,64.8241,0,82,91,73,1429,3504,2.40318,0,11.1342,2.45942,0,3420,86499057036
76.833,13.0152,64.8241,0,82,91,73,1429,3504,2.40318,0,11.1342,2.45942,0,3420,86512073056
34.599,28.9026,64.8241,0,82,91,73,1429,3504,2.40318,0,11.1342,2.45942,0,3420,86540988361
228.946,4.36784,64.8241,0,82,91,73,1429,3504,2.40318,0,11.1342,2.45942,0,3420,86545345113
34.5003,28.9853,64.8241,0,82,91,73,1429,3504,2.40318,0,11.1342,2.45942,0,3420,86574331842
226.445,4.41608,64.8241,0,82,91,73,1429,3504,2.40318,0,11.1342,2.45942,0,3420,86578748290
35.479,28.1857,64.8241,0,82,91,73,1429,3504,2.40318,0,11.1342,2.45942,0,3420,86606935789
196.947,5.07751,64.8241,0,82,91,73,1429,3504,2.40318,0,11.1342,2.45942,0,3420,86612013231
41.8833,23.8758,64.8241,0,82,91,73,1429,3504,2.40318,0,11.1342,2.45942,0,3420,86635890475
106.439,9.39506,64.8241,0,82,91,73,1429,3504,2.40318,0,11.1342,2.45942,0,3420,86645287038
48.2417,20.7289,64.8241,0,82,91,73,1429,3504,2.40318,0,11.1342,2.45942,0,3420,86666017631
79.7529,12.5387,64.8241,0,82,91,73,1429,3504,2.40318,0,11.1342,2.45942,0,3420,86678555956
38.5441,25.9443,64.8241,0,82,91,73,1429,3504,2.40318,0,11.1342,2.45942,0,3420,86704502237
135.942,7.35608,64.8241,0,82,91,73,1429,3504,2.40318,0,11.1342,2.45942,0,3420,86711858472
47.9182,20.8689,64.8241,0,82,91,73,1429,3504,2.40318,0,11.1342,2.45942,0,3420,86732728646
79.8808,12.5187,64.8241,0,82,91,73,1429,3504,2.40318,0,11.1342,2.45942,0,3420,86745248728
32.7205,30.5619,64.8241,0,82,91,73,1429,3504,2.40318,0,11.1342,2.45942,0,3420,86775812757
359.924,2.77836,64.8241,0,82,91,73,1429,3504,2.40318,0,11.1342,2.45942,0,3420,86778597294
35.197,28.4115,64.8241,0,82,91,73,1429,3504,2.40318,0,11.1342,2.45942,0,3420,86807015121
202.169,4.94636,64.8241,0,82,91,73,1429,3504,2.40318,0,11.1342,2.45942,0,3420,86811950857
49.6967,20.122,64.8241,0,82,91,73,1429,3504,2.40318,0,11.1342,2.45942,0,3420,86832079758
76.301,13.106,51.5739,0,95,87,74,1417,3504,2.39693,0,11.1291,2.45942,0,3430,86845179312
40.032,24.98,51.5739,0,95,87,74,1417,3504,2.39693,0,11.1291,2.45942,0,3430,86870162496
116.386,8.59212,51.5739,0,95,87,74,1417,3504,2.39693,0,11.1291,2.45942,0,3430,86878755345
47.6364,20.9924,51.5739,0,95,87,74,1417,3504,2.39693,0,11.1291,2.45942,0,3430,86899768876
83.335,11.9998,51.5739,0,95,87,74,1417,3504,2.39693,0,11.1291,2.45942,0,3430,86911759684
44.268,22.5897,51.5739,0,95,87,74,1417,3504,2.39693,0,11.1291,2.45942,0,3430,86934351428
93.6778,10.6749,51.5739,0,95,87,74,1417,3504,2.39693,0,11.1291,2.45942,0,3430,86945026140
35.3184,28.3138,51.5739,0,95,87,74,1417,3504,2.39693,0,11.1291,2.45942,0,3430,86973341669
200.925,4.97697,51.5739,0,95,87,74,1417,3504,2.39693,0,11.1291,2.45942,0,3430,86978318891
35.543,28.1349,51.5739,0,95,87,74,1417,3504,2.39693,0,11.1291,2.45942,0,3430,87006456004
193.623,5.16469,51.5739,0,95,87,74,1417,3504,2.39693,0,11.1291,2.45942,0,3430,87011620867
33.494,29.8561,51.5739,0,95,87,74,1417,3504,2.39693,0,11.1291,2.45942,0,3430,87041490527
285.978,3.49677,51.5739,0,95,87,74,1417,3504,2.39693,0,11.1291,2.45942,0,3430,87044975472
46.8966,21.3235,51.5739,0,95,87,74,1417,3504,2.39693,0,11.1291,2.45942,0,3430,87066300146
83.8111,11.9316,51.5739,0,95,87,74,1417,3504,2.39693,0,11.1291,2.45942,0,3430,87078250097
38.772,25.7918,51.5739,0,95,87,74,1417,3504,2.39693,0,11.1291,2.45942,0,3430,87104027020
131.798,7.58734,51.5739,0,95,87,74,1417,3504,2.39693,0,11.1291,2.45942,0,3430,87111625989
36.0167,27.7649,51.5739,0,95,87,74,1417,3504,2.39693,0,11.1291,2.45942,0,3430,87139380707
182.265,5.48652,51.5739,0,95,87,74,1417,3504,2.39693,0,11.1291,2.45942,0,3430,87144867660
41.872,23.8823,51.5739,0,95,87,74,1417,3504,2.39693,0,11.1291,2.45942,0,3430,87168751902
106.625,9.37862,51.5739,0,95,87,74,1417,3504,2.39693,0,11.1291,2.45942,0,3430,87178130675
47.0173,21.2688,51.5739,0,95,87,74,1417,3504,2.39693,0,11.1291,2.45942,0,3430,87199401887
82.7969,12.0777,51.5739,0,95,87,74,1417,3504,2.39693,0,11.1291,2.45942,0,3430,87211479809
37.4555,26.6983,51.5739,0,95,87,74,1417,3504,2.39693,0,11.1291,2.45942,0,3430,87238193379
150.792,6.63165,51.5739,0,95,87,74,1417,3504,2.39693,0,11.1291,2.45942,0,3430,87244825425
43.0697,23.2182,51.5739,0,95,87,74,1417,3504,2.39693,0,11.1291,2.45942,0,3430,87268032715
99.2228,10.0783,51.5739,0,95,87,74,1417,3504,2.39693,0,11.1291,2.45942,0,3430,87278111082
47.5007,21.0523,51.5739,0,95,87,74,1417,3504,2.39693,0,11.1291,2.45942,0,3430,87299165208
81.8132,12.223,51.5739,0,95,87,74,1417,3504,2.39693,0,11.1291,2.45942,0,3430,87311389626
47.5964,21.01,51.5739,0,95,87,74,1417,3504,2.39693,0,11.1291,2.45942,0,3430,87332409317
80.9734,12.3497,44.7236,0,95,87,74,1417,3504,2.39693,0,11.129,2.45942,0,3442,87344749963
28.8406,34.6734,44.7236,0,95,87,74,1417,3504,2.39693,0,11.129,2.45942,0,3442,87379424963
941.484,1.06215,44.7236,0,95,87,74,1417,3504,2.39693,0,11.129,2.45942,0,3442,87380486179
50.5251,19.7921,44.7236,0,95,87,74,1417,3504,2.39693,0,11.129,2.45942,0,3442,87400281065
90.594,11.0383,44.7236,0,95,87,74,1417,3504,2.39693,0,11.129,2.45942,0,3442,87411333129
34.3758,29.0902,44.7236,0,95,87,74,1417,3504,2.39693,0,11.129,2.45942,0,3442,87440411867
241.559,4.13978,44.7236,0,95,87,74,1417,3504,2.39693,0,11.129,2.45942,0,3442,87444552917
45.3143,22.0681,44.7236,0,95,87,74,1417,3504,2.39693,0,11.129,2.45942,0,3442,87466623225
87.6356,11.4109,44.7236,0,95,87,74,1417,3504,2.39693,0,11.129,2.45942,0,3442,87478033550
37.0736,26.9733,44.7236,0,95,87,74,1417,3504,2.39693,0,11.129,2.45942,0,3442,87505008408
163.196,6.1276,44.7236,0,95,87,74,1417,3504,2.39693,0,11.129,2.45942,0,3442,87511137396
31.6599,31.5857,44.7236,0,95,87,74,1417,3504,2.39693,0,11.129,2.45942,0,3442,87542722779
593.234,1.68568,44.7236,0,95,87,74,1417,3504,2.39693,0,11.129,2.45942,0,3442,87544409084
46.7325,21.3984,44.7236,0,95,87,74,1417,3504,2.39693,0,11.129,2.45942,0,3442,87565809027
82.9337,12.0578,44.7236,0,95,87,74,1417,3504,2.39693,0,11.129,2.45942,0,3442,87577867946
32.3471,30.9147,44.7236,0,95,87,74,1417,3504,2.39693,0,11.129,2.45942,0,3442,87608783080
420.48,2.37823,44.7236,0,95,87,74,1417,3504,2.39693,0,11.129,2.45942,0,3442,87611162595
48.5417,20.6008,44.7236,0,95,87,74,1417,3504,2.39693,0,11.129,2.45942,0,3442,87631765008
78.5985,12.7229,44.7236,0,95,87,74,1417,3504,2.39693,0,11.129,2.45942,0,3442,87644506942
33.1878,30.1316,44.7236,0,95,87,74,1417,3504,2.39693,0,11.129,2.45942,0,3442,87674622065
321.606,3.10939,44.7236,0,95,87,74,1417,3504,2.39693,0,11.129,2.45942,0,3442,87677731333
48.2055,20.7445,44.7236,0,95,87,74,1417,3504,2.39693,0,11.129,2.45942,0,3442,87698477171
79.5843,12.5653,44.7236,0,95,87,74,1417,3504,2.39693,0,11.129,2.45942,0,3442,87711043897
38.1115,26.2388,44.7236,0,95,87,74,1417,3504,2.39693,0,11.129,2.45942,0,3442,87737284297
139.936,7.14613,44.7236,0,95,87,74,1417,3504,2.39693,0,11.129,2.45942,0,3442,87744430732
48.1325,20.776,44.7236,0,95,87,74,1417,3504,2.39693,0,11.129,2.45942,0,3442,87765208285
80.1863,12.471,44.7236,0,95,87,74,1417,3504,2.39693,0,11.129,2.45942,0,3442,87777679557
31.6259,31.6196,44.7236,0,95,87,74,1417,3504,2.39693,0,11.129,2.45942,0,3442,87809299988
594.766,1.68133,44.7236,0,95,87,74,1417,3504,2.39693,0,11.129,2.45942,0,3442,87810982418
29.133,34.3253,44.7236,0,95,87,74,1417,3504,2.39693,0,11.129,2.45942,0,3442,87845312846
2870.78,0.348337,55.0971,0,99,87,74,1392,3504,2.39186,0,11.1267,2.45942,0,3544,87845656524
51.7548,19.3219,55.0971,0,99,87,74,1392,3504,2.39186,0,11.1267,2.45942,0,3544,87864981498
79.8139,12.5292,55.0971,0,99,87,74,1392,3504,2.39186,0,11.1267,2.45942,0,3544,87877524373
33.1429,30.1724,55.0971,0,99,87,74,1392,3504,2.39186,0,11.1267,2.45942,0,3544,87907684180
312.737,3.19757,55.0971,0,99,87,74,1392,3504,2.39186,0,11.1267,2.45942,0,3544,87910884406
48.1803,20.7554,55.0971,0,99,87,74,1392,3504,2.39186,0,11.1267,2.45942,0,3544,87931640493
79.7466,12.5397,55.0971,0,99,87,74,1392,3504,2.39186,0,11.1267,2.45942,0,3544,87944181375
29.2686,34.1663,55.0971,0,99,87,74,1392,3504,2.39186,0,11.1267,2.45942,0,3544,87978348164
1353.61,0.738766,55.0971,0,99,87,74,1392,3504,2.39186,0,11.1267,2.45942,0,3544,87979086782
31.2458,32.0043,55.0971,0,99,87,74,1392,3504,2.39186,0,11.1267,2.45942,0,3544,88011093488
761.026,1.31402,55.0971,0,99,87,74,1392,3504,2.39186,0,11.1267,2.45942,0,3544,88012407861
31.7717,31.4746,55.0971,0,99,87,74,1392,3504,2.39186,0,11.1267,2.45942,0,3544,88043883724
2650.47,0.377291,55.0971,0,99,87,74,1392,3504,2.39186,0,11.1267,2.45942,0,3544,88044260463
29.3857,34.0302,55.0971,0,99,87,74,1392,3504,2.39186,0,11.1267,2.45942,0,3544,88078294587
2009.56,0.497621,55.0971,0,99,87,74,1392,3504,2.39186,0,11.1267,2.45942,0,3544,88078790444
38.7883,25.781,55.0971,0,99,87,74,1392,3504,2.39186,0,11.1267,2.45942,0,3544,88104573179
160.503,6.23042,55.0971,0,99,87,74,1392,3504,2.39186,0,11.1267,2.45942,0,3544,88110804477
35.8471,27.8962,55.0971,0,99,87,74,1392,3504,2.39186,0,11.1267,2.45942,0,3544,88138702370
185.421,5.39314,55.0971,0,99,87,74,1392,3504,2.39186,0,11.1267,2.45942,0,3544,88144096437
34.2283,29.2156,55.0971,0,99,87,74,1392,3504,2.39186,0,11.1267,2.45942,0,3544,88173312728
252.819,3.9554,55.0971,0,99,87,74,1392,3504,2.39186,0,11.1267,2.45942,0,3544,88177268494
39.6656,25.2108,55.0971,0,99,87,74,1392,3504,2.39186,0,11.1267,2.45942,0,3544,88202481130
39.9478,25.0327,55.0971,0,99,87,74,1392,3504,2.39186,0,11.1267,2.45942,0,3544,88227514665
50.5474,19.7834,55.0971,0,99,87,74,1392,3504,2.39186,0,11.1267,2.45942,0,3544,88247299098
203.187,4.92157,55.0971,0,99,87,74,1392,3504,2.39186,0,11.1267,2.45942,0,3544,88252221197
41.9627,23.8307,55.0971,0,99,87,74,1392,3504,2.39186,0,11.1267,2.45942,0,3544,88276055338
55.8127,17.9171,55.0971,0,99,87,74,1392,3504,2.39186,0,11.1267,2.45942,0,3544,88293972260
27.8612,35.8922,55.0971,0,99,87,74,1392,3504,2.39186,0,11.1267,2.45942,0,3544,88329865142
370.104,2.70194,55.0971,0,99,87,74,1392,3504,2.39186,0,11.1267,2.45942,0,3544,88332567412
31.9087,31.3394,55.0971,0,99,87,74,1392,3504,2.39186,0,11.1267,2.45942,0,3544,88363918426
2310.69,0.432771,55.0971,0,99,87,74,1392,3504,2.39186,0,11.1267,2.45942,0,3544,88364340909
34.143,29.2885,57.284,0,100,87,74,1392,3504,2.35511,0,11.1267,2.45942,0,3399,88393631899
2437.38,0.410277,57.284,0,100,87,74,1392,3504,2.35511,0,11.1267,2.45942,0,3399,88394040715
28.3158,35.316,57.284,0,100,87,74,1392,3504,2.35511,0,11.1267,2.45942,0,3399,88429360184
612.903,1.63158,57.284,0,100,87,74,1392,3504,2.35511,0,11.1267,2.45942,0,3399,88430991501
46.5539,21.4805,57.284,0,100,87,74,1392,3504,2.35511,0,11.1267,2.45942,0,3399,88452474205
125.886,7.94371,57.284,0,100,87,74,1392,3504,2.35511,0,11.1267,2.45942,0,3399,88460418230
34.8207,28.7185,57.284,0,100,87,74,1392,3504,2.35511,0,11.1267,2.45942,0,3399,88489139172
220.089,4.54361,57.284,0,100,87,74,1392,3504,2.35511,0,11.1267,2.45942,0,3399,88493682731
47.99,20.8377,57.284,0,100,87,74,1392,3504,2.35511,0,11.1267,2.45942,0,3399,88514525889
80.0047,12.4993,57.284,0,100,87,74,1392,3504,2.35511,0,11.1267,2.45942,0,3399,88527022809
48.0018,20.8325,57.284,0,100,87,74,1392,3504,2.35511,0,11.1267,2.45942,0,3399,88547860061
79.9729,12.5042,57.284,0,100,87,74,1392,3504,2.35511,0,11.1267,2.45942,0,3399,88560361903
38.3449,26.0791,57.284,0,100,87,74,1392,3504,2.35511,0,11.1267,2.45942,0,3399,88586443211
137.175,7.28994,57.284,0,100,87,74,1392,3504,2.35511,0,11.1267,2.45942,0,3399,88593751590
40.971,24.4075,57.284,0,100,87,74,1392,3504,2.35511,0,11.1267,2.45942,0,3399,88618141764
114.113,8.76321,57.284,0,100,87,74,1392,3504,2.35511,0,11.1267,2.45942,0,3399,88626907036
43.7351,22.8649,57.284,0,100,87,74,1392,3504,2.35511,0,11.1267,2.45942,0,3399,88649773863
95.6116,10.459,57.284,0,100,87,74,1392,3504,2.35511,0,11.1267,2.45942,0,3399,88660233798
40.9733,24.4061,57.284,0,100,87,74,1392,3504,2.35511,0,11.1267,2.45942,0,3399,88684641375
110.085,9.08389,57.284,0,100,87,74,1392,3504,2.35511,0,11.1267,2.45942,0,3399,88693726222
28.7489,34.784,57.284,0,100,87,74,1392,3504,2.35511,0,11.1267,2.45942,0,3399,88728510327
2540.25,0.393662,57.284,0,100,87,74,1392,3504,2.35511,0,11.1267,2.45942,0,3399,88728903512
53.8963,18.5542,57.284,0,100,87,74,1392,3504,2.35511,0,11.1267,2.45942,0,3399,88747460604
78.6836,12.7091,57.284,0,100,87,74,1392,3504,2.35511,0,11.1267,2.45942,0,3399,88760170004
46.5494,21.4826,57.284,0,100,87,74,1392,3504,2.35511,0,11.1267,2.45942,0,3399,88781653808
84.5244,11.8309,57.284,0,100,87,74,1392,3504,2.35511,0,11.1267,2.45942,0,3399,88793485814
48.8,20.4918,57.284,0,100,87,74,1392,3504,2.35511,0,11.1267,2.45942,0,3399,88813978333
78.0336,12.815,57.284,0,100,87,74,1392,3504,2.35511,0,11.1267,2.45942,0,3399,88826795230
43.0928,23.2057,57.284,0,100,87,74,1392,3504,2.35511,0,11.1267,2.45942,0,3399,88850001258
99.4794,10.0523,57.284,0,100,87,74,1392,3504,2.35511,0,11.1267,2.45942,0,3399,88860054008
41.9511,23.8373,57.284,0,100,87,74,1392,3504,2.35511,0,11.1267,2.45942,0,3399,88883903027
106.295,9.4078,59.8063,0,97,88,73,1398,3504,2.34688,0,11.1236,2.45942,0,3400,88893302161
49.0822,20.374,59.8063,0,97,88,73,1398,3504,2.34688,0,11.1236,2.45942,0,3400,88913676916
74.7128,13.3846,59.8063,0,97,88,73,1398,3504,2.34688,0,11.1236,2.45942,0,3400,88927062865
30.0959,33.2271,59.8063,0,97,88,73,1398,3504,2.34688,0,11.1236,2.45942,0,3400,88960291201
2732.13,0.366015,59.8063,0,97,88,73,1398,3504,2.34688,0,11.1236,2.45942,0,3400,88960656812
47.341,21.1234,59.8063,0,97,88,73,1398,3504,2.34688,0,11.1236,2.45942,0,3400,88981782213
87.4809,11.4311,59.8063,0,97,88,73,1398,3504,2.34688,0,11.1236,2.45942,0,3400,88993214596
48.38,20.6697,59.8063,0,97,88,73,1398,3504,2.34688,0,11.1236,2.45942,0,3400,89013885413
79.0686,12.6472,59.8063,0,97,88,73,1398,3504,2.34688,0,11.1236,2.45942,0,3400,89026533653
41.0985,24.3318,59.8063,0,97,88,73,1398,3504,2.34688,0,11.1236,2.45942,0,3400,89050866174
106.676,9.37415,59.8063,0,97,88,73,1398,3504,2.34688,0,11.1236,2.45942,0,3400,89060242258
43.646,22.9116,59.8063,0,97,88,73,1398,3504,2.34688,0,11.1236,2.45942,0,3400,89083154401
100.22,9.97801,59.8063,0,97,88,73,1398,3504,2.34688,0,11.1236,2.45942,0,3400,89093132557
47.742,20.9459,59.8063,0,97,88,73,1398,3504,2.34688,0,11.1236,2.45942,0,3400,89114079616
80.8659,12.3661,59.8063,0,97,88,73,1398,3504,2.34688,0,11.1236,2.45942,0,3400,89126447171
48.8092,20.488,59.8063,0,97,88,73,1398,3504,2.34688,0,11.1236,2.45942,0,3400,89146938116
77.6968,12.8705,59.8063,0,97,88,73,1398,3504,2.34688,0,11.1236,2.45942,0,3400,89159829963
46.5721,21.4721,59.8063,0,97,88,73,1398,3504,2.34688,0,11.1236,2.45942,0,3400,89181282887
85.12,11.7481,59.8063,0,97,88,73,1398,3504,2.34688,0,11.1236,2.45942,0,3400,89193032444
33.2325,30.091,59.8063,0,97,88,73,1398,3504,2.34688,0,11.1236,2.45942,0,3400,89223123235
312.377,3.20126,59.8063,0,97,88,73,1398,3504,2.34688,0,11.1236,2.45942,0,3400,89226324932
33.7544,29.6257,59.8063,0,97,88,73,1398,3504,2.34688,0,11.1236,2.45942,0,3400,89255953431
272.025,3.67614,59.8063,0,97,88,73,1398,3504,2.34688,0,11.1236,2.45942,0,3400,89259642891
33.4894,29.8602,59.8063,0,97,88,73,1398,3504,2.34688,0,11.1236,2.45942,0,3400,89289493395
292.146,3.42295,59.8063,0,97,88,73,1398,3504,2.34688,0,11.1236,2.45942,0,3400,89292915462
31.3331,31.9151,59.8063,0,97,88,73,1398,3504,2.34688,0,11.1236,2.45942,0,3400,89324832588
719.503,1.38985,59.8063,0,97,88,73,1398,3504,2.34688,0,11.1236,2.45942,0,3400,89326221752
49.54,20.1857,59.8063,0,97,88,73,1398,3504,2.34688,0,11.1236,2.45942,0,3400,89346410602
75.5208,13.2414,59.8063,0,97,88,73,1398,3504,2.34688,0,11.1236,2.45942,0,3400,89359652239
48.5431,20.6003,59.8063,0,97,88,73,1398,3504,2.34688,0,11.1236,2.45942,0,3400,89380253078
78.645,12.7154,59.8063,0,97,88,73,1398,3504,2.34688,0,11.1236,2.45942,0,3400,89392985495
22.1495,45.1477,58.5784,0,98,88,74,1437,3504,2.33728,0,11.1235,2.45942,0,3424,89438119784
926.45,1.07939,58.5784,0,98,88,74,1437,3504,2.33728,0,11.1235,2.45942,0,3424,89439199720
66.8304,14.9632,58.5784,0,98,88,74,1437,3504,2.33728,0,11.1235,2.45942,0,3424,89454166535
125.252,7.98391,58.5784,0,98,88,74,1437,3504,2.33728,0,11.1235,2.45942,0,3424,89462151892
39.6832,25.1996,58.5784,0,98,88,74,1437,3504,2.33728,0,11.1235,2.45942,0,3424,89487352124
181.679,5.50421,58.5784,0,98,88,74,1437,3504,2.33728,0,11.1235,2.45942,0,3424,89492857403
44.9541,22.2449,58.5784,0,98,88,74,1437,3504,2.33728,0,11.1235,2.45942,0,3424,89515102742
90.2266,11.0832,58.5784,0,98,88,74,1437,3504,2.33728,0,11.1235,2.45942,0,3424,89526186992
45.8333,21.8182,58.5784,0,98,88,74,1437,3504,2.33728,0,11.1235,2.45942,0,3424,89548006481
87.8449,11.3837,58.5784,0,98,88,74,1437,3504,2.33728,0,11.1235,2.45942,0,3424,89559390860
47.6896,20.9689,58.5784,0,98,88,74,1437,3504,2.33728,0,11.1235,2.45942,0,3424,89580361870
81.2831,12.3027,58.5784,0,98,88,74,1437,3504,2.33728,0,11.1235,2.45942,0,3424,89592665412
37.0554,26.9866,58.5784,0,98,88,74,1437,3504,2.33728,0,11.1235,2.45942,0,3424,89619653842
155.023,6.45064,58.5784,0,98,88,74,1437,3504,2.33728,0,11.1235,2.45942,0,3424,89626105552
39.3207,25.4319,58.5784,0,98,88,74,1437,3504,2.33728,0,11.1235,2.45942,0,3424,89651538708
98.9712,10.104,58.5784,0,98,88,74,1437,3504,2.33728,0,11.1235,2.45942,0,3424,89661643597
46.8069,21.3644,58.5784,0,98,88,74,1437,3504,2.33728,0,11.1235,2.45942,0,3424,89683007756
104.089,9.60713,58.5784,0,98,88,74,1437,3504,2.33728,0,11.1235,2.45942,0,3424,89692618768
47.3461,21.1211,58.5784,0,98,88,74,1437,3504,2.33728,0,11.1235,2.45942,0,3424,89713739252
81.3688,12.2897,58.5784,0,98,88,74,1437,3504,2.33728,0,11.1235,2.45942,0,3424,89726037794
46.6244,21.448,58.5784,0,98,88,74,1437,3504,2.33728,0,11.1235,2.45942,0,3424,89747480402
84.6634,11.8115,58.5784,0,98,88,74,1437,3504,2.33728,0,11.1235,2.45942,0,3424,89759291850
39.8283,25.1078,58.5784,0,98,88,74,1437,3504,2.33728,0,11.1235,2.45942,0,3424,89784401238
122.815,8.14232,58.5784,0,98,88,74,1437,3504,2.33728,0,11.1235,2.45942,0,3424,89792544537
48.1637,20.7625,58.5784,0,98,88,74,1437,3504,2.33728,0,11.1235,2.45942,0,3424,89813307431
79.7809,12.5343,58.5784,0,98,88,74,1437,3504,2.33728,0,11.1235,2.45942,0,3424,89825843111
43.1112,23.1958,58.5784,0,98,88,74,1437,3504,2.33728,0,11.1235,2.45942,0,3424,89849039797
99.4765,10.0526,58.5784,0,98,88,74,1437,3504,2.33728,0,11.1235,2.45942,0,3424,89859092987
42.9882,23.2622,58.5784,0,98,88,74,1437,3504,2.33728,0,11.1235,2.45942,0,3424,89882356684
97.8729,10.2173,58.5784,0,98,88,74,1437,3504,2.33728,0,11.1235,2.45942,0,3424,89892574910
49.7442,20.1029,58.5784,0,98,88,74,1437,3504,2.33728,0,11.1235,2.45942,0,3424,89912683158
75.8687,13.1807,64.1089,0,76,86,74,1578,3504,2.33238,0,11.1402,2.45942,0,3416,89925860026
40.1108,24.931,64.1089,0,76,86,74,1578,3504,2.33238,0,11.1402,2.45942,0,3416,89950795765
120.959,8.26724,64.1089,0,76,86,74,1578,3504,2.33238,0,11.1402,2.45942,0,3416,89959061337
40.1669,24.8961,64.1089,0,76,86,74,1578,3504,2.33238,0,11.1402,2.45942,0,3416,89983958272
117.472,8.51269,64.1089,0,76,86,74,1578,3504,2.33238,0,11.1402,2.45942,0,3416,89992471842
46.2212,21.6351,64.1089,0,76,86,74,1578,3504,2.33238,0,11.1402,2.45942,0,3416,90014108385
86.196,11.6015,64.1089,0,76,86,74,1578,3504,2.33238,0,11.1402,2.45942,0,3416,90025710667
40.5187,24.68,64.1089,0,76,86,74,1578,3504,2.33238,0,11.1402,2.45942,0,3416,90050392503
116.241,8.60285,64.1089,0,76,86,74,1578,3504,2.33238,0,11.1402,2.45942,0,3416,90058994852
41.4411,24.1306,64.1089,0,76,86,74,1578,3504,2.33238,0,11.1402,2.45942,0,3416,90083128340
109.095,9.16631,64.1089,0,76,86,74,1578,3504,2.33238,0,11.1402,2.45942,0,3416,90092294048
48.5005,20.6183,64.1089,0,76,86,74,1578,3504,2.33238,0,11.1402,2.45942,0,3416,90112914699
78.5088,12.7374,64.1089,0,76,86,74,1578,3504,2.33238,0,11.1402,2.45942,0,3416,90125651647
47.9743,20.8445,64.1089,0,76,86,74,1578,3504,2.33238,0,11.1402,2.45942,0,3416,90146498130
80.7225,12.3881,64.1089,0,76,86,74,1578,3504,2.33238,0,11.1402,2.45942,0,3416,90158885671
43.7049,22.8807,64.1089,0,76,86,74,1578,3504,2.33238,0,11.1402,2.45942,0,3416,90181768555
95.6327,10.4567,64.1089,0,76,86,74,1578,3504,2.33238,0,11.1402,2.45942,0,3416,90192225081
47.9293,20.8641,64.1089,0,76,86,74,1578,3504,2.33238,0,11.1402,2.45942,0,3416,90213090677
80.5275,12.4181,64.1089,0,76,86,74,1578,3504,2.33238,0,11.1402,2.45942,0,3416,90225509494
46.9927,21.2799,64.1089,0,76,86,74,1578,3504,2.33238,0,11.1402,2.45942,0,3416,90246792151
83.1616,12.0248,64.1089,0,76,86,74,1578,3504,2.33238,0,11.1402,2.45942,0,3416,90258816301
34.6258,28.8802,64.1089,0,76,86,74,1578,3504,2.33238,0,11.1402,2.45942,0,3416,90287696598
224.011,4.46407,64.1089,0,76,86,74,1578,3504,2.33238,0,11.1402,2.45942,0,3416,90292162836
32.9807,30.3208,64.1089,0,76,86,74,1578,3504,2.33238,0,11.1402,2.45942,0,3416,90322484267
344.511,2.90267,64.1089,0,76,86,74,1578,3504,2.33238,0,11.1402,2.45942,0,3416,90325387128
34.5825,28.9163,64.1089,0,76,86,74,1578,3504,2.33238,0,11.1402,2.45942,0,3416,90354304187
226.414,4.41669,64.1089,0,76,86,74,1578,3504,2.33238,0,11.1402,2.45942,0,3416,90358721864
36.7449,27.2146,64.1089,0,76,86,74,1578,3504,2.33238,0,11.1402,2.45942,0,3416,90385937460
164.962,6.06201,64.1089,0,76,86,74,1578,3504,2.33238,0,11.1402,2.45942,0,3416,90392013406
40.0346,24.9784,64.1089,0,76,86,74,1578,3504,2.33238,0,11.1402,2.45942,0,3416,90416997202
120.118,8.32516,45.0633,0,76,86,74,1578,3504,2.33238,0,11.133,2.45942,0,3400,90425319024
43.9877,22.7336,45.0633,0,76,86,74,1578,3504,2.33238,0,11.133,2.45942,0,3400,90448053659
94.25,10.6101,45.0633,0,76,86,74,1578,3504,2.33238,0,11.133,2.45942,0,3400,90458665637
42.829,23.3487,45.0633,0,76,86,74,1578,3504,2.33238,0,11.133,2.45942,0,3400,90482017235
101.324,9.86934,45.0633,0,76,86,74,1578,3504,2.33238,0,11.133,2.45942,0,3400,90491884359
47.8696,20.8901,45.0633,0,76,86,74,1578,3504,2.33238,0,11.133,2.45942,0,3400,90512776126
80.704,12.391,45.0633,0,76,86,74,1578,3504,2.33238,0,11.133,2.45942,0,3400,90525167252
39.9934,25.0041,45.0633,0,76,86,74,1578,3504,2.33238,0,11.133,2.45942,0,3400,90550172663
120.406,8.30525,45.0633,0,76,86,74,1578,3504,2.33238,0,11.133,2.45942,0,3400,90558478885
42.7258,23.4051,45.0633,0,76,86,74,1578,3504,2.33238,0,11.133,2.45942,0,3400,90581903067
100.929,9.90797,45.0633,0,76,86,74,1578,3504,2.33238,0,11.133,2.45942,0,3400,90591794253
50.6148,19.7571,45.0633,0,76,86,74,1578,3504,2.33238,0,11.133,2.45942,0,3400,90611550944
73.6768,13.5728,45.0633,0,76,86,74,1578,3504,2.33238,0,11.133,2.45942,0,3400,90625124711
48.7048,20.5318,45.0633,0,76,86,74,1578,3504,2.33238,0,11.133,2.45942,0,3400,90645657168
78.002,12.8202,45.0633,0,76,86,74,1578,3504,2.33238,0,11.133,2.45942,0,3400,90658478954
40.9058,24.4464,45.0633,0,76,86,74,1578,3504,2.33238,0,11.133,2.45942,0,3400,90682925463
113.475,8.81254,45.0633,0,76,86,74,1578,3504,2.33238,0,11.133,2.45942,0,3400,90691740091
37.7822,26.4675,45.0633,0,76,86,74,1578,3504,2.33238,0,11.133,2.45942,0,3400,90718207319
145.586,6.8688,45.0633,0,76,86,74,1578,3504,2.33238,0,11.133,2.45942,0,3400,90725095319
39.6,25.2525,45.0633,0,76,86,74,1578,3504,2.33238,0,11.133,2.45942,0,3400,90750330473
121.766,8.21249,45.0633,0,76,86,74,1578,3504,2.33238,0,11.133,2.45942,0,3400,90758544495
29.5742,33.8133,45.0633,0,76,86,74,1578,3504,2.33238,0,11.133,2.45942,0,3400,90792377786
370.794,2.69691,45.0633,0,76,86,74,1578,3504,2.33238,0,11.133,2.45942,0,3400,90795056506
42.3903,23.5903,45.0633,0,76,86,74,1578,3504,2.33238,0,11.133,2.45942,0,3400,90818649109
158.819,6.29647,45.0633,0,76,86,74,1578,3504,2.33238,0,11.133,2.45942,0,3400,90824957705
39.7981,25.1268,45.0633,0,76,86,74,1578,3504,2.33238,0,11.133,2.45942,0,3400,90850073746
118.982,8.40462,45.0633,0,76,86,74,1578,3504,2.33238,0,11.133,2.45942,0,3400,90858478340
40.9406,24.4256,45.0633,0,76,86,74,1578,3504,2.33238,0,11.133,2.45942,0,3400,90882908619
115.634,8.64801,45.0633,0,76,86,74,1578,3504,2.33238,0,11.133,2.45942,0,3400,90891555262
46.3259,21.5862,45.0633,0,76,86,74,1578,3504,2.33238,0,11.133,2.45942,0,3400,90913143593
84.75,11.7994,45.0633,0,76,86,74,1578,3504,2.33238,0,11.133,2.45942,0,3400,90924944925
49.9354,20.0259,41.1192,0,71,88,75,1610,3504,2.33358,0,11.1346,2.45942,0,3512,90944972090
75.6375,13.221,41.1192,0,71,88,75,1610,3504,2.33358,0,11.1346,2.45942,0,3512,90958205067
37.7436,26.4946,41.1192,0,71,88,75,1610,3504,2.33358,0,11.1346,2.45942,0,3512,90984703874
145.773,6.85999,41.1192,0,71,88,75,1610,3504,2.33358,0,11.1346,2.45942,0,3512,90991563214
31.0856,32.1692,41.1192,0,71,88,75,1610,3504,2.33358,0,11.1346,2.45942,0,3512,91023731268
974.183,1.0265,41.1192,0,71,88,75,1610,3504,2.33358,0,11.1346,2.45942,0,3512,91024757353
35.4072,28.2429,41.1192,0,71,88,75,1610,3504,2.33358,0,11.1346,2.45942,0,3512,91053002798
194.167,5.1502,41.1192,0,71,88,75,1610,3504,2.33358,0,11.1346,2.45942,0,3512,91058154355
38.6896,25.8467,41.1192,0,71,88,75,1610,3504,2.33358,0,11.1346,2.45942,0,3512,91084005997
132.057,7.57247,41.1192,0,71,88,75,1610,3504,2.33358,0,11.1346,2.45942,0,3512,91091580318
39.3641,25.4039,41.1192,0,71,88,75,1610,3504,2.33358,0,11.1346,2.45942,0,3512,91116988031
127.224,7.86017,41.1192,0,71,88,75,1610,3504,2.33358,0,11.1346,2.45942,0,3512,91124843337
45.8536,21.8086,41.1192,0,71,88,75,1610,3504,2.33358,0,11.1346,2.45942,0,3512,91146653018
88.482,11.3017,41.1192,0,71,88,75,1610,3504,2.33358,0,11.1346,2.45942,0,3512,91157955394
48.7433,20.5156,41.1192,0,71,88,75,1610,3504,2.33358,0,11.1346,2.45942,0,3512,91178471270
76.9756,12.9911,41.1192,0,71,88,75,1610,3504,2.33358,0,11.1346,2.45942,0,3512,91191464425
48.8006,20.4915,41.1192,0,71,88,75,1610,3504,2.33358,0,11.1346,2.45942,0,3512,91211958821
79.0267,12.654,41.1192,0,71,88,75,1610,3504,2.33358,0,11.1346,2.45942,0,3512,91224613342
41.4053,24.1515,41.1192,0,71,88,75,1610,3504,2.33358,0,11.1346,2.45942,0,3512,91248763811
109.381,9.14235,41.1192,0,71,88,75,1610,3504,2.33358,0,11.1346,2.45942,0,3512,91257907203
48.5416,20.6009,41.1192,0,71,88,75,1610,3504,2.33358,0,11.1346,2.45942,0,3512,91278509084
78.2958,12.7721,41.1192,0,71,88,75,1610,3504,2.33358,0,11.1346,2.45942,0,3512,91291282118
39.8701,25.0815,41.1192,0,71,88,75,1610,3504,2.33358,0,11.1346,2.45942,0,3512,91316364999
123.573,8.09238,41.1192,0,71,88,75,1610,3504,2.33358,0,11.1346,2.45942,0,3512,91324457212
37.6843,26.5362,41.1192,0,71,88,75,1610,3504,2.33358,0,11.1346,2.45942,0,3512,91351007816
146.23,6.83856,41.1192,0,71,88,75,1610,3504,2.33358,0,11.1346,2.45942,0,3512,91357833724
44.266,22.5907,41.1192,0,71,88,75,1610,3504,2.33358,0,11.1346,2.45942,0,3512,91380438538
92.7946,10.7765,41.1192,0,71,88,75,1610,3504,2.33358,0,11.1346,2.45942,0,3512,91391204141
41.513,24.0888,41.1192,0,71,88,75,1610,3504,2.33358,0,11.1346,2.45942,0,3512,91415293648
108.514,9.21538,41.1192,0,71,88,75,1610,3504,2.33358,0,11.1346,2.45942,0,3512,91424529741
44.6223,22.4103,41.1192,0,71,88,75,1610,3504,2.33358,0,11.1346,2.45942,0,3512,91446924132
92.4673,10.8146,39.3795,0,75,88,75,1564,3504,2.32815,0,11.1273,2.45942,0,3515,91457736891
49.0351,20.3936,39.3795,0,75,88,75,1564,3504,2.32815,0,11.1273,2.45942,0,3515,91478132179
77.7035,12.8694,39.3795,0,75,88,75,1564,3504,2.32815,0,11.1273,2.45942,0,3515,91491001145
47.1338,21.2162,39.3795,0,75,88,75,1564,3504,2.32815,0,11.1273,2.45942,0,3515,91512227989
82.7416,12.0858,39.3795,0,75,88,75,1564,3504,2.32815,0,11.1273,2.45942,0,3515,91524307912
38.482,25.9862,39.3795,0,75,88,75,1564,3504,2.32815,0,11.1273,2.45942,0,3515,91550295938
135.318,7.38998,39.3795,0,75,88,75,1564,3504,2.32815,0,11.1273,2.45942,0,3515,91557707068
44.8403,22.3014,39.3795,0,75,88,75,1564,3504,2.32815,0,11.1273,2.45942,0,3515,91579988686
90.6764,11.0282,39.3795,0,75,88,75,1564,3504,2.32815,0,11.1273,2.45942,0,3515,91591017543
42.2138,23.6889,39.3795,0,75,88,75,1564,3504,2.32815,0,11.1273,2.45942,0,3515,91614708219
104.235,9.59367,39.3795,0,75,88,75,1564,3504,2.32815,0,11.1273,2.45942,0,3515,91624319761
46.9465,21.3008,39.3795,0,75,88,75,1564,3504,2.32815,0,11.1273,2.45942,0,3515,91645628449
82.9592,12.0541,39.3795,0,75,88,75,1564,3504,2.32815,0,11.1273,2.45942,0,3515,91657681699
37.0435,26.9953,39.3795,0,75,88,75,1564,3504,2.32815,0,11.1273,2.45942,0,3515,91684660044
157.405,6.35305,39.3795,0,75,88,75,1564,3504,2.32815,0,11.1273,2.45942,0,3515,91691013352
49.2428,20.3075,39.3795,0,75,88,75,1564,3504,2.32815,0,11.1273,2.45942,0,3515,91711321420
77.077,12.974,39.3795,0,75,88,75,1564,3504,2.32815,0,11.1273,2.45942,0,3515,91724314575
40.3415,24.7884,39.3795,0,75,88,75,1564,3504,2.32815,0,11.1273,2.45942,0,3515,91749085567
117.485,8.51175,39.3795,0,75,88,75,1564,3504,2.32815,0,11.1273,2.45942,0,3515,91757619769
48.1908,20.7509,39.3795,0,75,88,75,1564,3504,2.32815,0,11.1273,2.45942,0,3515,91778350254
78.8118,12.6885,39.3795,0,75,88,75,1564,3504,2.32815,0,11.1273,2.45942,0,3515,91791039171
42.6419,23.4511,39.3795,0,75,88,75,1564,3504,2.32815,0,11.1273,2.45942,0,3515,91814503684
102.976,9.71104,39.3795,0,75,88,75,1564,3504,2.32815,0,11.1273,2.45942,0,3515,91824202287
40.9483,24.4211,39.3795,0,75,88,75,1564,3504,2.32815,0,11.1273,2.45942,0,3515,91848624569
113.802,8.78715,39.3795,0,75,88,75,1564,3504,2.32815,0,11.1273,2.45942,0,3515,91857429702
48.0015,20.8327,39.3795,0,75,88,75,1564,3504,2.32815,0,11.1273,2.45942,0,3515,91878246278
80.5093,12.4209,39.3795,0,75,88,75,1564,3504,2.32815,0,11.1273,2.45942,0,3515,91890667781
47.1873,21.1922,39.3795,0,75,88,75,1564,3504,2.32815,0,11.1273,2.45942,0,3515,91911861641
79.3269,12.6061,39.3795,0,75,88,75,1564,3504,2.32815,0,11.1273,2.45942,0,3515,91924468035
42.9835,23.2647,39.3795,0,75,88,75,1564,3504,2.32815,0,11.1273,2.45942,0,3515,91947735419
102.993,9.70943,29.1457,0,81,85,75,1544,3504,2.32234,0,11.1318,2.45942,0,3401,91957443147
48.9228,20.4404,29.1457,0,81,85,75,1544,3504,2.32234,0,11.1318,2.45942,0,3401,91977885732
78.4333,12.7497,29.1457,0,81,85,75,1544,3504,2.32234,0,11.1318,2.45942,0,3401,91990635037
42.0057,23.8063,29.1457,0,81,85,75,1544,3504,2.32234,0,11.1318,2.45942,0,3401,92014442592
104.908,9.53218,29.1457,0,81,85,75,1544,3504,2.32234,0,11.1318,2.45942,0,3401,92023975482
44.8034,22.3198,29.1457,0,81,85,75,1544,3504,2.32234,0,11.1318,2.45942,0,3401,92046296330
92.0181,10.8674,29.1457,0,81,85,75,1544,3504,2.32234,0,11.1318,2.45942,0,3401,92057183369
49.5701,20.1734,29.1457,0,81,85,75,1544,3504,2.32234,0,11.1318,2.45942,0,3401,92077340045
76.1559,13.131,29.1457,0,81,85,75,1544,3504,2.32234,0,11.1318,2.45942,0,3401,92090470107
49.0376,20.3925,29.1457,0,81,85,75,1544,3504,2.32234,0,11.1318,2.45942,0,3401,92110864211
76.8273,13.0162,29.1457,0,81,85,75,1544,3504,2.32234,0,11.1318,2.45942,0,3401,92123880457
35.6171,28.0764,29.1457,0,81,85,75,1544,3504,2.32234,0,11.1318,2.45942,0,3401,92151958914
186.964,5.34862,29.1457,0,81,85,75,1544,3504,2.32234,0,11.1318,2.45942,0,3401,92157307903
43.3974,23.0428,29.1457,0,81,85,75,1544,3504,2.32234,0,11.1318,2.45942,0,3401,92180352631
98.3058,10.1723,29.1457,0,81,85,75,1544,3504,2.32234,0,11.1318,2.45942,0,3401,92190526366
50.5296,19.7904,29.1457,0,81,85,75,1544,3504,2.32234,0,11.1318,2.45942,0,3401,92210317523
74.4117,13.4387,29.1457,0,81,85,75,1544,3504,2.32234,0,11.1318,2.45942,0,3401,92223772786
44.4534,22.4955,29.1457,0,81,85,75,1544,3504,2.32234,0,11.1318,2.45942,0,3401,92246254292
92.4544,10.8161,29.1457,0,81,85,75,1544,3504,2.32234,0,11.1318,2.45942,0,3401,92257069992
47.4591,21.0708,29.1457,0,81,85,75,1544,3504,2.32234,0,11.1318,2.45942,0,3401,92278142111
82.262,12.1563,29.1457,0,81,85,75,1544,3504,2.32234,0,11.1318,2.45942,0,3401,92290298872
47.4946,21.055,29.1457,0,81,85,75,1544,3504,2.32234,0,11.1318,2.45942,0,3401,92311355816
80.7209,12.3884,29.1457,0,81,85,75,1544,3504,2.32234,0,11.1318,2.45942,0,3401,92323743343
31.0146,32.2429,29.1457,0,81,85,75,1544,3504,2.32234,0,11.1318,2.45942,0,3401,92355986360
1097.17,0.911439,29.1457,0,81,85,75,1544,3504,2.32234,0,11.1318,2.45942,0,3401,92356897130
48.0676,20.804,29.1457,0,81,85,75,1544,3504,2.32234,0,11.1318,2.45942,0,3401,92377705892
78.2112,12.7859,29.1457,0,81,85,75,1544,3504,2.32234,0,11.1318,2.45942,0,3401,92390491170
36.5161,27.3852,29.1457,0,81,85,75,1544,3504,2.32234,0,11.1318,2.45942,0,3401,92417876775
173.687,5.7575,29.1457,0,81,85,75,1544,3504,2.32234,0,11.1318,2.45942,0,3401,92423634530
37.7827,26.4671,29.1457,0,81,85,75,1544,3504,2.32234,0,11.1318,2.45942,0,3401,92450136586
148.222,6.74665,22.9381,0,78,85,75,1658,3504,2.3226,0,11.1171,2.45942,0,3400,92456863576
43.8141,22.8237,22.9381,0,78,85,75,1658,3504,2.3226,0,11.1171,2.45942,0,3400,92479701723
95.2449,10.4993,22.9381,0,78,85,75,1658,3504,2.3226,0,11.1171,2.45942,0,3400,92490207419
48.69,20.5381,22.9381,0,78,85,75,1658,3504,2.3226,0,11.1171,2.45942,0,3400,92510729280
77.6963,12.8706,22.9381,0,78,85,75,1658,3504,2.3226,0,11.1171,2.45942,0,3400,92523600378
44.4274,22.5086,22.9381,0,78,85,75,1658,3504,2.3226,0,11.1171,2.45942,0,3400,92546110171
92.6599,10.7922,22.9381,0,78,85,75,1658,3504,2.3226,0,11.1171,2.45942,0,3400,92556924499
48.7276,20.5223,22.9381,0,78,85,75,1658,3504,2.3226,0,11.1171,2.45942,0,3400,92577426005
78.321,12.768,22.9381,0,78,85,75,1658,3504,2.3226,0,11.1171,2.45942,0,3400,92590216390
40.7715,24.527,22.9381,0,78,85,75,1658,3504,2.3226,0,11.1171,2.45942,0,3400,92614723254
115.666,8.64559,22.9381,0,78,85,75,1658,3504,2.3226,0,11.1171,2.45942,0,3400,92623369925
34.365,29.0994,22.9381,0,78,85,75,1658,3504,2.3226,0,11.1171,2.45942,0,3400,92652469943
237.473,4.211,22.9381,0,78,85,75,1658,3504,2.3226,0,11.1171,2.45942,0,3400,92656681972
48.5335,20.6043,22.9381,0,78,85,75,1658,3504,2.3226,0,11.1171,2.45942,0,3400,92677287407
78.6774,12.7101,22.9381,0,78,85,75,1658,3504,2.3226,0,11.1171,2.45942,0,3400,92690015754
42.6066,23.4706,22.9381,0,78,85,75,1658,3504,2.3226,0,11.1171,2.45942,0,3400,92713482743
100.059,9.99406,22.9381,0,78,85,75,1658,3504,2.3226,0,11.1171,2.45942,0,3400,92723484972
44.0852,22.6834,22.9381,0,78,85,75,1658,3504,2.3226,0,11.1171,2.45942,0,3400,92746149356
95.2184,10.5022,22.9381,0,78,85,75,1658,3504,2.3226,0,11.1171,2.45942,0,3400,92756652203
48.9971,20.4094,22.9381,0,78,85,75,1658,3504,2.3226,0,11.1171,2.45942,0,3400,92777062733
77.5409,12.8964,22.9381,0,78,85,75,1658,3504,2.3226,0,11.1171,2.45942,0,3400,92789977910
48.4261,20.65,22.9381,0,78,85,75,1658,3504,2.3226,0,11.1171,2.45942,0,3400,92810610650
79.2799,12.6135,22.9381,0,78,85,75,1658,3504,2.3226,0,11.1171,2.45942,0,3400,92823248218
41.5197,24.085,22.9381,0,78,85,75,1658,3504,2.3226,0,11.1171,2.45942,0,3400,92847310234
106.213,9.41506,22.9381,0,78,85,75,1658,3504,2.3226,0,11.1171,2.45942,0,3400,92856725767
48.1446,20.7708,22.9381,0,78,85,75,1658,3504,2.3226,0,11.1171,2.45942,0,3400,92877498419
81.0438,12.339,22.9381,0,78,85,75,1658,3504,2.3226,0,11.1171,2.45942,0,3400,92889837578
48.321,20.6949,22.9381,0,78,85,75,1658,3504,2.3226,0,11.1171,2.45942,0,3400,92910534662
78.6763,12.7103,22.9381,0,78,85,75,1658,3504,2.3226,0,11.1171,2.45942,0,3400,92923245319
39.2773,25.46,22.9381,0,78,85,75,1658,3504,2.3226,0,11.1171,2.45942,0,3400,92948706289
129.902,7.6981,22.9381,0,78,85,75,1658,3504,2.3226,0,11.1171,2.45942,0,3400,92956425635
47.6044,21.0065,24.6851,0,78,82,76,1657,3504,2.32263,0,11.1171,2.45942,0,3494,92977412752
80.0164,12.4974,24.6851,0,78,82,76,1657,3504,2.32263,0,11.1171,2.45942,0,3494,92989929215
42.5457,23.5041,24.6851,0,78,82,76,1657,3504,2.32263,0,11.1171,2.45942,0,3494,93013416767
103.595,9.65296,24.6851,0,78,82,76,1657,3504,2.32263,0,11.1171,2.45942,0,3494,93023069385
43.0381,23.2352,24.6851,0,78,82,76,1657,3504,2.32263,0,11.1171,2.45942,0,3494,93046305189
99.0052,10.1005,24.6851,0,78,82,76,1657,3504,2.32263,0,11.1171,2.45942,0,3494,93056406906
48.8157,20.4852,24.6851,0,78,82,76,1657,3504,2.32263,0,11.1171,2.45942,0,3494,93076894254
78.3027,12.771,24.6851,0,78,82,76,1657,3504,2.32263,0,11.1171,2.45942,0,3494,93089678087
47.8461,20.9004,24.6851,0,78,82,76,1657,3504,2.32263,0,11.1171,2.45942,0,3494,93110567563
80.7445,12.3847,24.6851,0,78,82,76,1657,3504,2.32263,0,11.1171,2.45942,0,3494,93122975849
34.5609,28.9344,24.6851,0,78,82,76,1657,3504,2.32263,0,11.1171,2.45942,0,3494,93151889141
222.639,4.49158,24.6851,0,78,82,76,1657,3504,2.32263,0,11.1171,2.45942,0,3494,93156379849
35.1829,28.4229,24.6851,0,78,82,76,1657,3504,2.32263,0,11.1171,2.45942,0,3494,93184806946
209.429,4.77489,24.6851,0,78,82,76,1657,3504,2.32263,0,11.1171,2.45942,0,3494,93189594370
42.9349,23.2911,24.6851,0,78,82,76,1657,3504,2.32263,0,11.1171,2.45942,0,3494,93212872965
98.6408,10.1378,24.6851,0,78,82,76,1657,3504,2.32263,0,11.1171,2.45942,0,3494,93223029163
45.7353,21.865,24.6851,0,78,82,76,1657,3504,2.32263,0,11.1171,2.45942,0,3494,93244877680
88.1016,11.3505,24.6851,0,78,82,76,1657,3504,2.32263,0,11.1171,2.45942,0,3494,93256240865
48.7093,20.5299,24.6851,0,78,82,76,1657,3504,2.32263,0,11.1171,2.45942,0,3494,93276762950
77.8415,12.8466,24.6851,0,78,82,76,1657,3504,2.32263,0,11.1171,2.45942,0,3494,93289607492
48.5923,20.5794,24.6851,0,78,82,76,1657,3504,2.32263,0,11.1171,2.45942,0,3494,93310188239
78.7874,12.6924,24.6851,0,78,82,76,1657,3504,2.32263,0,11.1171,2.45942,0,3494,93322880617
30.3398,32.96,24.6851,0,78,82,76,1657,3504,2.32263,0,11.1171,2.45942,0,3494,93355859833
1183.51,0.844941,24.6851,0,78,82,76,1657,3504,2.32263,0,11.1171,2.45942,0,3494,93356685200
45.1287,22.1589,24.6851,0,78,82,76,1657,3504,2.32263,0,11.1171,2.45942,0,3494,93378847446
93.4331,10.7029,24.6851,0,78,82,76,1657,3504,2.32263,0,11.1171,2.45942,0,3494,93389568916
41.9441,23.8413,24.6851,0,78,82,76,1657,3504,2.32263,0,11.1171,2.45942,0,3494,93413393724
107.606,9.29319,24.6851,0,78,82,76,1657,3504,2.32263,0,11.1171,2.45942,0,3494,93422687517
49.8078,20.0772,24.6851,0,78,82,76,1657,3504,2.32263,0,11.1171,2.45942,0,3494,93442765978
75.2167,13.2949,24.6851,0,78,82,76,1657,3504,2.32263,0,11.1171,2.45942,0,3494,93456080197
48.841,20.4746,24.6851,0,78,82,76,1657,3504,2.32263,0,11.1171,2.45942,0,3494,93476540094
77.4143,12.9175,23.8916,0,78,82,76,1658,3504,2.32263,0,11.1173,2.45942,0,3441,93489455952
48.4191,20.653,23.8916,0,78,82,76,1658,3504,2.32263,0,11.1173,2.45942,0,3441,93510110032
79.5325,12.5735,23.8916,0,78,82,76,1658,3504,2.32263,0,11.1173,2.45942,0,3441,93522697327
37.6572,26.5554,23.8916,0,78,82,76,1658,3504,2.32263,0,11.1173,2.45942,0,3441,93549241220
144.071,6.94101,23.8916,0,78,82,76,1658,3504,2.32263,0,11.1173,2.45942,0,3441,93556182687
37.5828,26.6079,23.8916,0,78,82,76,1658,3504,2.32263,0,11.1173,2.45942,0,3441,93582790970
153.21,6.52698,23.8916,0,78,82,76,1658,3504,2.32263,0,11.1173,2.45942,0,3441,93589341907
40.67,24.5882,23.8916,0,78,82,76,1658,3504,2.32263,0,11.1173,2.45942,0,3441,93613907642
114.644,8.72264,23.8916,0,78,82,76,1658,3504,2.32263,0,11.1173,2.45942,0,3441,93622630709
49.9701,20.0119,23.8916,0,78,82,76,1658,3504,2.32263,0,11.1173,2.45942,0,3441,93642645179
75.2907,13.2818,23.8916,0,78,82,76,1658,3504,2.32263,0,11.1173,2.45942,0,3441,93655926223
49.2829,20.291,23.8916,0,78,82,76,1658,3504,2.32263,0,11.1173,2.45942,0,3441,93676220988
76.384,13.0918,23.8916,0,78,82,76,1658,3504,2.32263,0,11.1173,2.45942,0,3441,93689311041
50.1494,19.9404,23.8916,0,78,82,76,1658,3504,2.32263,0,11.1173,2.45942,0,3441,93709254005
75.6147,13.2249,23.8916,0,78,82,76,1658,3504,2.32263,0,11.1173,2.45942,0,3441,93722478959
41.4821,24.1068,23.8916,0,78,82,76,1658,3504,2.32263,0,11.1173,2.45942,0,3441,93746587652
109.542,9.12895,23.8916,0,78,82,76,1658,3504,2.32263,0,11.1173,2.45942,0,3441,93755734630
48.9557,20.4266,23.8916,0,78,82,76,1658,3504,2.32263,0,11.1173,2.45942,0,3441,93776145017
77.9249,12.8329,23.8916,0,78,82,76,1658,3504,2.32263,0,11.1173,2.45942,0,3441,93788977755
42.028,23.7937,23.8916,0,78,82,76,1658,3504,2.32263,0,11.1173,2.45942,0,3441,93812784596
104.158,9.60081,23.8916,0,78,82,76,1658,3504,2.32263,0,11.1173,2.45942,0,3441,93822373523
38.2917,26.1153,23.8916,0,78,82,76,1658,3504,2.32263,0,11.1173,2.45942,0,3441,93848490424
139.094,7.18938,23.8916,0,78,82,76,1658,3504,2.32263,0,11.1173,2.45942,0,3441,93855681181
41.677,23.9941,23.8916,0,78,82,76,1658,3504,2.32263,0,11.1173,2.45942,0,3441,93879675071
107.478,9.30421,23.8916,0,78,82,76,1658,3504,2.32263,0,11.1173,2.45942,0,3441,93888997940
44.6546,22.3941,23.8916,0,78,82,76,1658,3504,2.32263,0,11.1173,2.45942,0,3441,93911375017
92.1402,10.853,23.8916,0,78,82,76,1658,3504,2.32263,0,11.1173,2.45942,0,3441,93922247023
49.227,20.314,23.8916,0,78,82,76,1658,3504,2.32263,0,11.1173,2.45942,0,3441,93942545806
76.9761,12.9911,23.8916,0,78,82,76,1658,3504,2.32263,0,11.1173,2.45942,0,3441,93955536099
49.7791,20.0888,23.8916,0,78,82,76,1658,3504,2.32263,0,11.1173,2.45942,0,3441,93975626130
75.6497,13.2188,23.8916,0,78,82,76,1658,3504,2.32263,0,11.1173,2.45942,0,3441,93988847418
40.841,24.4852,27.2727,0,78,84,76,1658,3504,2.32263,0,11.1173,2.45942,0,3578,94013331298
113.573,8.80493,27.2727,0,78,84,76,1658,3504,2.32263,0,11.1173,2.45942,0,3578,94022135972
36.8021,27.1723,27.2727,0,78,84,76,1658,3504,2.32263,0,11.1173,2.45942,0,3578,94049310451
159.509,6.26924,27.2727,0,78,84,76,1658,3504,2.32263,0,11.1173,2.45942,0,3578,94055580046
41.0361,24.3688,27.2727,0,78,84,76,1658,3504,2.32263,0,11.1173,2.45942,0,3578,94079950484
111.118,8.99945,27.2727,0,78,84,76,1658,3504,2.32263,0,11.1173,2.45942,0,3578,94088950524
46.0977,21.6931,27.2727,0,78,84,76,1658,3504,2.32263,0,11.1173,2.45942,0,3578,94110646024
87.8982,11.3768,27.2727,0,78,84,76,1658,3504,2.32263,0,11.1173,2.45942,0,3578,94122022267
48.7923,20.4951,27.2727,0,78,84,76,1658,3504,2.32263,0,11.1173,2.45942,0,3578,94142531503
76.9217,13.0002,27.2727,0,78,84,76,1658,3504,2.32263,0,11.1173,2.45942,0,3578,94155532253
49.839,20.0646,27.2727,0,78,84,76,1658,3504,2.32263,0,11.1173,2.45942,0,3578,94175598142
76.2951,13.107,27.2727,0,78,84,76,1658,3504,2.32263,0,11.1173,2.45942,0,3578,94188718510
40.4898,24.6976,27.2727,0,78,84,76,1658,3504,2.32263,0,11.1173,2.45942,0,3578,94213404244
114.415,8.74011,27.2727,0,78,84,76,1658,3504,2.32263,0,11.1173,2.45942,0,3578,94222144796
48.8244,20.4816,27.2727,0,78,84,76,1658,3504,2.32263,0,11.1173,2.45942,0,3578,94242629688
78.3485,12.7635,27.2727,0,78,84,76,1658,3504,2.32263,0,11.1173,2.45942,0,3578,94255392776
41.7105,23.9748,27.2727,0,78,84,76,1658,3504,2.32263,0,11.1173,2.45942,0,3578,94279368789
108.249,9.238,27.2727,0,78,84,76,1658,3504,2.32263,0,11.1173,2.45942,0,3578,94288625333
43.8768,22.7911,27.2727,0,78,84,76,1658,3504,2.32263,0,11.1173,2.45942,0,3578,94311399605
95.2546,10.4982,27.2727,0,78,84,76,1658,3504,2.32263,0,11.1173,2.45942,0,3578,94321897572
48.8864,20.4556,27.2727,0,78,84,76,1658,3504,2.32263,0,11.1173,2.45942,0,3578,94342354913
77.8848,12.8395,27.2727,0,78,84,76,1658,3504,2.32263,0,11.1173,2.45942,0,3578,94355195016
46.1857,21.6517,27.2727,0,78,84,76,1658,3504,2.32263,0,11.1173,2.45942,0,3578,94376846848
85.5146,11.6939,27.2727,0,78,84,76,1658,3504,2.32263,0,11.1173,2.45942,0,3578,94388542212
39.9604,25.0248,27.2727,0,78,84,76,1658,3504,2.32263,0,11.1173,2.45942,0,3578,94413567772
121.206,8.25044,27.2727,0,78,84,76,1658,3504,2.32263,0,11.1173,2.45942,0,3578,94421818555
49.8672,20.0532,27.2727,0,78,84,76,1658,3504,2.32263,0,11.1173,2.45942,0,3578,94441874577
74.8286,13.3639,27.2727,0,78,84,76,1658,3504,2.32263,0,11.1173,2.45942,0,3578,94455237691
49.4382,20.2273,27.2727,0,78,84,76,1658,3504,2.32263,0,11.1173,2.45942,0,3578,94475467031
77.0182,12.984,27.2727,0,78,84,76,1658,3504,2.32263,0,11.1173,2.45942,0,3578,94488451678
40.4745,24.7069,27.2727,0,78,84,76,1658,3504,2.32263,0,11.1173,2.45942,0,3578,94513166303
116.454,8.58705,23.6715,0,78,84,76,1657,3504,2.32263,0,11.117,2.45942,0,3449,94521765163
49.0145,20.4021,23.6715,0,78,84,76,1657,3504,2.32263,0,11.117,2.45942,0,3449,94542151317
77.1438,12.9628,23.6715,0,78,84,76,1657,3504,2.32263,0,11.117,2.45942,0,3449,94555113857
48.0953,20.7921,23.6715,0,78,84,76,1657,3504,2.32263,0,11.117,2.45942,0,3449,94575907249
79.6364,12.5571,23.6715,0,78,84,76,1657,3504,2.32263,0,11.117,2.45942,0,3449,94588464031
42.4079,23.5805,23.6715,0,78,84,76,1657,3504,2.32263,0,11.117,2.45942,0,3449,94612046391
103.617,9.65096,23.6715,0,78,84,76,1657,3504,2.32263,0,11.117,2.45942,0,3449,94621696878
48.9715,20.42,23.6715,0,78,84,76,1657,3504,2.32263,0,11.117,2.45942,0,3449,94642117879
77.7638,12.8595,23.6715,0,78,84,76,1657,3504,2.32263,0,11.117,2.45942,0,3449,94654991741
42.2333,23.678,23.6715,0,78,84,76,1657,3504,2.32263,0,11.117,2.45942,0,3449,94678657191
103.744,9.63913,23.6715,0,78,84,76,1657,3504,2.32263,0,11.117,2.45942,0,3449,94688297828
48.2354,20.7316,23.6715,0,78,84,76,1657,3504,2.32263,0,11.117,2.45942,0,3449,94709031391
79.865,12.5211,23.6715,0,78,84,76,1657,3504,2.32263,0,11.117,2.45942,0,3449,94721553760
49.3246,20.2739,23.6715,0,78,84,76,1657,3504,2.32263,0,11.117,2.45942,0,3449,94741829486
75.9288,13.1702,23.6715,0,78,84,76,1657,3504,2.32263,0,11.117,2.45942,0,3449,94754999743
42.4904,23.5347,23.6715,0,78,84,76,1657,3504,2.32263,0,11.117,2.45942,0,3449,94778535290
103.824,9.63169,23.6715,0,78,84,76,1657,3504,2.32263,0,11.117,2.45942,0,3449,94788167921
39.0371,25.6167,23.6715,0,78,84,76,1657,3504,2.32263,0,11.117,2.45942,0,3449,94813786607
129.832,7.70227,23.6715,0,78,84,76,1657,3504,2.32263,0,11.117,2.45942,0,3449,94821500705
49.5755,20.1713,23.6715,0,78,84,76,1657,3504,2.32263,0,11.117,2.45942,0,3449,94841662031
76.2167,13.1205,23.6715,0,78,84,76,1657,3504,2.32263,0,11.117,2.45942,0,3449,94854782610
37.4317,26.7153,23.6715,0,78,84,76,1657,3504,2.32263,0,11.117,2.45942,0,3449,94881499111
151.887,6.58385,23.6715,0,78,84,76,1657,3504,2.32263,0,11.117,2.45942,0,3449,94888083985
46.2271,21.6323,23.6715,0,78,84,76,1657,3504,2.32263,0,11.117,2.45942,0,3449,94909717637
85.257,11.7292,23.6715,0,78,84,76,1657,3504,2.32263,0,11.117,2.45942,0,3449,94921446148
47.952,20.8542,23.6715,0,78,84,76,1657,3504,2.32263,0,11.117,2.45942,0,3449,94942303359
80.2344,12.4635,23.6715,0,78,84,76,1657,3504,2.32263,0,11.117,2.45942,0,3449,94954785996
49.2197,20.3171,23.6715,0,78,84,76,1657,3504,2.32263,0,11.117,2.45942,0,3449,94975084665
77.278,12.9403,23.6715,0,78,84,76,1657,3504,2.32263,0,11.117,2.45942,0,3449,94988025387
38.3306,26.0888,23.6715,0,78,84,76,1657,3504,2.32263,0,11.117,2.45942,0,3449,95014118344
139.352,7.17608,30.0505,0,78,86,76,1656,3504,2.32263,0,11.1526,2.45942,0,3400,95021292969
48.7326,20.5201,30.0505,0,78,86,76,1656,3504,2.32263,0,11.1526,2.45942,0,3400,95041814911
77.9871,12.8226,30.0505,0,78,86,76,1656,3504,2.32263,0,11.1526,2.45942,0,3400,95054637262
38.178,26.1931,30.0505,0,78,86,76,1656,3504,2.32263,0,11.1526,2.45942,0,3400,95080832154
141.414,7.07142,30.0505,0,78,86,76,1656,3504,2.32263,0,11.1526,2.45942,0,3400,95087904384
46.0614,21.7102,30.0505,0,78,86,76,1656,3504,2.32263,0,11.1526,2.45942,0,3400,95109615496
85.7868,11.6568,30.0505,0,78,86,76,1656,3504,2.32263,0,11.1526,2.45942,0,3400,95121273423
49.7906,20.0841,30.0505,0,78,86,76,1656,3504,2.32263,0,11.1526,2.45942,0,3400,95141359329
75.5675,13.2332,30.0505,0,78,86,76,1656,3504,2.32263,0,11.1526,2.45942,0,3400,95154604578
46.6519,21.4354,30.0505,0,78,86,76,1656,3504,2.32263,0,11.1526,2.45942,0,3400,95176029070
83.7347,11.9425,30.0505,0,78,86,76,1656,3504,2.32263,0,11.1526,2.45942,0,3400,95187972192
42.5332,23.511,30.0505,0,78,86,76,1656,3504,2.32263,0,11.1526,2.45942,0,3400,95211484634
102.999,9.70881,30.0505,0,78,86,76,1656,3504,2.32263,0,11.1526,2.45942,0,3400,95221211404
50.0982,19.9608,30.0505,0,78,86,76,1656,3504,2.32263,0,11.1526,2.45942,0,3400,95241154826
75.3404,13.2731,30.0505,0,78,86,76,1656,3504,2.32263,0,11.1526,2.45942,0,3400,95254428392
38.9841,25.6515,30.0505,0,78,86,76,1656,3504,2.32263,0,11.1526,2.45942,0,3400,95280080732
132.024,7.5744,30.0505,0,78,86,76,1656,3504,2.32263,0,11.1526,2.45942,0,3400,95287655572
42.3569,23.6089,30.0505,0,78,86,76,1656,3504,2.32263,0,11.1526,2.45942,0,3400,95311266511
100.587,9.94166,30.0505,0,78,86,76,1656,3504,2.32263,0,11.1526,2.45942,0,3400,95321208389
50.098,19.9609,30.0505,0,78,86,76,1656,3504,2.32263,0,11.1526,2.45942,0,3400,95341170225
75.3186,13.2769,30.0505,0,78,86,76,1656,3504,2.32263,0,11.1526,2.45942,0,3400,95354465763
39.8384,25.1014,30.0505,0,78,86,76,1656,3504,2.32263,0,11.1526,2.45942,0,3400,95379549472
122.852,8.13985,30.0505,0,78,86,76,1656,3504,2.32263,0,11.1526,2.45942,0,3400,95387690333
49.2871,20.2893,30.0505,0,78,86,76,1656,3504,2.32263,0,11.1526,2.45942,0,3400,95407981156
77.1201,12.9668,30.0505,0,78,86,76,1656,3504,2.32263,0,11.1526,2.45942,0,3400,95420960905
49.6124,20.1563,30.0505,0,78,86,76,1656,3504,2.32263,0,11.1526,2.45942,0,3400,95441106729
76.3331,13.1005,30.0505,0,78,86,76,1656,3504,2.32263,0,11.1526,2.45942,0,3400,95454219095
39.6213,25.2389,30.0505,0,78,86,76,1656,3504,2.32263,0,11.1526,2.45942,0,3400,95479459168
123.389,8.10446,30.0505,0,78,86,76,1656,3504,2.32263,0,11.1526,2.45942,0,3400,95487551185
45.9485,21.7635,30.0505,0,78,86,76,1656,3504,2.32263,0,11.1526,2.45942,0,3400,95509315948
86.2189,11.5984,30.0505,0,78,86,76,1656,3504,2.32263,0,11.1526,2.45942,0,3400,95520938007
48.8378,20.476,29.2804,0,78,86,76,1687,3504,2.32263,0,11.1251,2.45942,0,3590,95541412467
77.4115,12.918,29.2804,0,78,86,76,1687,3504,2.32263,0,11.1251,2.45942,0,3590,95554348040
41.8189,23.9127,29.2804,0,78,86,76,1687,3504,2.32263,0,11.1251,2.45942,0,3590,95578243962
106.193,9.41682,29.2804,0,78,86,76,1687,3504,2.32263,0,11.1251,2.45942,0,3590,95587662844
49.4206,20.2345,29.2804,0,78,86,76,1687,3504,2.32263,0,11.1251,2.45942,0,3590,95607899127
76.9468,12.996,29.2804,0,78,86,76,1687,3504,2.32263,0,11.1251,2.45942,0,3590,95620894708
48.7282,20.522,29.2804,0,78,86,76,1687,3504,2.32263,0,11.1251,2.45942,0,3590,95641418596
77.9512,12.8285,29.2804,0,78,86,76,1687,3504,2.32263,0,11.1251,2.45942,0,3590,95654264136
38.2783,26.1245,29.2804,0,78,86,76,1687,3504,2.32263,0,11.1251,2.45942,0,3590,95680373621
141.964,7.04405,29.2804,0,78,86,76,1687,3504,2.32263,0,11.1251,2.45942,0,3590,95687417754
44.933,22.2554,29.2804,0,78,86,76,1687,3504,2.32263,0,11.1251,2.45942,0,3590,95709674569
89.8029,11.1355,29.2804,0,78,86,76,1687,3504,2.32263,0,11.1251,2.45942,0,3590,95720828256
45.6542,21.9038,29.2804,0,78,86,76,1687,3504,2.32263,0,11.1251,2.45942,0,3590,95742715111
88.92,11.2461,29.2804,0,78,86,76,1687,3504,2.32263,0,11.1251,2.45942,0,3590,95753961363
38.1019,26.2454,29.2804,0,78,86,76,1687,3504,2.32263,0,11.1251,2.45942,0,3590,95780209489
139.97,7.14439,29.2804,0,78,86,76,1687,3504,2.32263,0,11.1251,2.45942,0,3590,95787353459
48.1929,20.75,29.2804,0,78,86,76,1687,3504,2.32263,0,11.1251,2.45942,0,3590,95808116954
78.7845,12.6929,29.2804,0,78,86,76,1687,3504,2.32263,0,11.1251,2.45942,0,3590,95820797380
49.6923,20.1238,29.2804,0,78,86,76,1687,3504,2.32263,0,11.1251,2.45942,0,3590,95840924319
75.4981,13.2454,29.2804,0,78,86,76,1687,3504,2.32263,0,11.1251,2.45942,0,3590,95854170083
34.2942,29.1594,29.2804,0,78,86,76,1687,3504,2.32263,0,11.1251,2.45942,0,3590,95883329233
258.577,3.86731,29.2804,0,78,86,76,1687,3504,2.32263,0,11.1251,2.45942,0,3590,95887197266
34.7595,28.7691,29.2804,0,78,86,76,1687,3504,2.32263,0,11.1251,2.45942,0,3590,95915967862
218.138,4.58425,29.2804,0,78,86,76,1687,3504,2.32263,0,11.1251,2.45942,0,3590,95920552049
44.6148,22.4141,29.2804,0,78,86,76,1687,3504,2.32263,0,11.1251,2.45942,0,3590,95942967182
92.5048,10.8103,29.2804,0,78,86,76,1687,3504,2.32263,0,11.1251,2.45942,0,3590,95953778019
44.6339,22.4045,29.2804,0,78,86,76,1687,3504,2.32263,0,11.1251,2.45942,0,3590,95976183267
90.498,11.05,29.2804,0,78,86,76,1687,3504,2.32263,0,11.1251,2.45942,0,3590,95987252452
48.4146,20.6549,29.2804,0,78,86,76,1687,3504,2.32263,0,11.1251,2.45942,0,3590,96007890959
79.6903,12.5486,29.2804,0,78,86,76,1687,3504,2.32263,0,11.1251,2.45942,0,3590,96020460480
47.3951,21.0992,29.2804,0,78,86,76,1687,3504,2.32263,0,11.1251,2.45942,0,3590,96041549273
81.3498,12.2926,23.5872,0,77,85,77,1695,3504,2.32263,0,11.1101,2.45942,0,3401,96053832829
44.6734,22.3847,23.5872,0,77,85,77,1695,3504,2.32263,0,11.1101,2.45942,0,3401,96076219488
93.0648,10.7452,23.5872,0,77,85,77,1695,3504,2.32263,0,11.1101,2.45942,0,3401,96086964478
48.5393,20.6019,23.5872,0,77,85,77,1695,3504,2.32263,0,11.1101,2.45942,0,3401,96107568952
77.4068,12.9188,23.5872,0,77,85,77,1695,3504,2.32263,0,11.1101,2.45942,0,3401,96120506385
49.4698,20.2144,23.5872,0,77,85,77,1695,3504,2.32263,0,11.1101,2.45942,0,3401,96140715979
76.5285,13.067,23.5872,0,77,85,77,1695,3504,2.32263,0,11.1101,2.45942,0,3401,96153771030
34.7288,28.7945,23.5872,0,77,85,77,1695,3504,2.32263,0,11.1101,2.45942,0,3401,96182565444
231.204,4.32519,23.5872,0,77,85,77,1695,3504,2.32263,0,11.1101,2.45942,0,3401,96186890826
37.0822,26.9671,23.5872,0,77,85,77,1695,3504,2.32263,0,11.1101,2.45942,0,3401,96213860256
156.083,6.40683,23.5872,0,77,85,77,1695,3504,2.32263,0,11.1101,2.45942,0,3401,96220268035
37.4041,26.735,23.5872,0,77,85,77,1695,3504,2.32263,0,11.1101,2.45942,0,3401,96247004555
152.204,6.57014,23.5872,0,77,85,77,1695,3504,2.32263,0,11.1101,2.45942,0,3401,96253574934
34.8422,28.7008,23.5872,0,77,85,77,1695,3504,2.32263,0,11.1101,2.45942,0,3401,96282276107
216.433,4.62036,23.5872,0,77,85,77,1695,3504,2.32263,0,11.1101,2.45942,0,3401,96286897360
36.9211,27.0848,23.5872,0,77,85,77,1695,3504,2.32263,0,11.1101,2.45942,0,3401,96313984020
160.914,6.21449,23.5872,0,77,85,77,1695,3504,2.32263,0,11.1101,2.45942,0,3401,96320211644
38.1654,26.2017,23.5872,0,77,85,77,1695,3504,2.32263,0,11.1101,2.45942,0,3401,96346403393
139.939,7.14595,23.5872,0,77,85,77,1695,3504,2.32263,0,11.1101,2.45942,0,3401,96353548066
40.0016,24.999,23.5872,0,77,85,77,1695,3504,2.32263,0,11.1101,2.45942,0,3401,96378548856
120.595,8.2922,23.5872,0,77,85,77,1695,3504,2.32263,0,11.1101,2.45942,0,3401,96386854103
45.3094,22.0705,23.5872,0,77,85,77,1695,3504,2.32263,0,11.1101,2.45942,0,3401,96408914019
89.5039,11.1727,23.5872,0,77,85,77,1695,3504,2.32263,0,11.1101,2.45942,0,3401,96420086804
50.2098,19.9164,23.5872,0,77,85,77,1695,3504,2.32263,0,11.1101,2.45942,0,3401,96440004955
74.037,13.5068,23.5872,0,77,85,77,1695,3504,2.32263,0,11.1101,2.45942,0,3401,96453530963
49.2138,20.3195,23.5872,0,77,85,77,1695,3504,2.32263,0,11.1101,2.45942,0,3401,96473832605
77.4888,12.9051,23.5872,0,77,85,77,1695,3504,2.32263,0,11.1101,2.45942,0,3401,96486758981
47.2776,21.1517,23.5872,0,77,85,77,1695,3504,2.32263,0,11.1101,2.45942,0,3401,96507892444
82.7164,12.0895,23.5872,0,77,85,77,1695,3504,2.32263,0,11.1101,2.45942,0,3401,96519981551
49.2201,20.3169,23.5872,0,77,85,77,1695,3504,2.32263,0,11.1101,2.45942,0,3401,96540299820
76.0688,13.146,23.5872,0,77,85,77,1695,3504,2.32263,0,11.1101,2.45942,0,3401,96553461035
33.8872,29.5097,23.75,0,77,85,77,1695,3504,2.32263,0,11.1101,2.45942,0,3598,96582974763
280.406,3.56626,23.75,0,77,85,77,1695,3504,2.32263,0,11.1101,2.45942,0,3598,96586523039
37.2356,26.856,23.75,0,77,85,77,1695,3504,2.32263,0,11.1101,2.45942,0,3598,96613383933
152.42,6.56082,23.75,0,77,85,77,1695,3504,2.32263,0,11.1101,2.45942,0,3598,96619962292
36.7761,27.1916,23.75,0,77,85,77,1695,3504,2.32263,0,11.1101,2.45942,0,3598,96647153923
165.059,6.05844,23.75,0,77,85,77,1695,3504,2.32263,0,11.1101,2.45942,0,3598,96653193761
36.7427,27.2163,23.75,0,77,85,77,1695,3504,2.32263,0,11.1101,2.45942,0,3598,96680412409
162.154,6.16699,23.75,0,77,85,77,1695,3504,2.32263,0,11.1101,2.45942,0,3598,96686597445
38.8069,25.7686,23.75,0,77,85,77,1695,3504,2.32263,0,11.1101,2.45942,0,3598,96712349516
132.832,7.52832,23.75,0,77,85,77,1695,3504,2.32263,0,11.1101,2.45942,0,3598,96719899529
43.2721,23.1096,23.75,0,77,85,77,1695,3504,2.32263,0,11.1101,2.45942,0,3598,96742989373
98.0419,10.1997,23.75,0,77,85,77,1695,3504,2.32263,0,11.1101,2.45942,0,3598,96753189438
49.0838,20.3733,23.75,0,77,85,77,1695,3504,2.32263,0,11.1101,2.45942,0,3598,96773564049
77.2448,12.9459,23.75,0,77,85,77,1695,3504,2.32263,0,11.1101,2.45942,0,3598,96786530655
49.2067,20.3224,23.75,0,77,85,77,1695,3504,2.32263,0,11.1101,2.45942,0,3598,96806834989
77.3666,12.9255,23.75,0,77,85,77,1695,3504,2.32263,0,11.1101,2.45942,0,3598,96819760592
48.6534,20.5535,23.75,0,77,85,77,1695,3504,2.32263,0,11.1101,2.45942,0,3598,96840315162
77.5923,12.8879,23.75,0,77,85,77,1695,3504,2.32263,0,11.1101,2.45942,0,3598,96853203226
48.0989,20.7905,23.75,0,77,85,77,1695,3504,2.32263,0,11.1101,2.45942,0,3598,96873996716
80.7237,12.3879,23.75,0,77,85,77,1695,3504,2.32263,0,11.1101,2.45942,0,3598,96886409738
36.9277,27.0799,23.75,0,77,85,77,1695,3504,2.32263,0,11.1101,2.45942,0,3598,96913464787
160.902,6.21495,23.75,0,77,85,77,1695,3504,2.32263,0,11.1101,2.45942,0,3598,96919709515
38.4265,26.0237,23.75,0,77,85,77,1695,3504,2.32263,0,11.1101,2.45942,0,3598,96945706070
137.154,7.29108,23.75,0,77,85,77,1695,3504,2.32263,0,11.1101,2.45942,0,3598,96953011033
47.0152,21.2697,23.75,0,77,85,77,1695,3504,2.32263,0,11.1101,2.45942,0,3598,96974281663
82.7723,12.0813,23.75,0,77,85,77,1695,3504,2.32263,0,11.1101,2.45942,0,3598,96986381019
49.19,20.3293,23.75,0,77,85,77,1695,3504,2.32263,0,11.1101,2.45942,0,3598,97006694222
77.7176,12.8671,23.75,0,77,85,77,1695,3504,2.32263,0,11.1101,2.45942,0,3598,97019561282
49.0148,20.402,23.75,0,77,85,77,1695,3504,2.32263,0,11.1101,2.45942,0,3598,97039964807
77.7468,12.8623,23.75,0,77,85,77,1695,3504,2.32263,0,11.1101,2.45942,0,3598,97052826942
48.8413,20.4745,23.75,0,77,85,77,1695,3504,2.32263,0,11.1101,2.45942,0,3598,97073324201
78.2513,12.7793,25.1816,0,78,82,77,1695,3504,2.32263,0,11.1252,2.45942,0,3524,97086105945
36.8913,27.1067,25.1816,0,78,82,77,1695,3504,2.32263,0,11.1252,2.45942,0,3524,97113189056
156.775,6.37858,25.1816,0,78,82,77,1695,3504,2.32263,0,11.1252,2.45942,0,3524,97119587410
40.6468,24.6022,25.1816,0,78,82,77,1695,3504,2.32263,0,11.1252,2.45942,0,3524,97144171831
115.788,8.63646,25.1816,0,78,82,77,1695,3504,2.32263,0,11.1252,2.45942,0,3524,97152834210
48.239,20.7301,25.1816,0,78,82,77,1695,3504,2.32263,0,11.1252,2.45942,0,3524,97173540550
79.2695,12.6152,25.1816,0,78,82,77,1695,3504,2.32263,0,11.1252,2.45942,0,3524,97186179652
46.5093,21.5011,25.1816,0,78,82,77,1695,3504,2.32263,0,11.1252,2.45942,0,3524,97207669988
85.0732,11.7546,25.1816,0,78,82,77,1695,3504,2.32263,0,11.1252,2.45942,0,3524,97219432540
46.0691,21.7065,25.1816,0,78,82,77,1695,3504,2.32263,0,11.1252,2.45942,0,3524,97241123050
86.74,11.5287,25.1816,0,78,82,77,1695,3504,2.32263,0,11.1252,2.45942,0,3524,97252651837
48.4856,20.6247,25.1816,0,78,82,77,1695,3504,2.32263,0,11.1252,2.45942,0,3524,97273281309
77.92,12.8337,25.1816,0,78,82,77,1695,3504,2.32263,0,11.1252,2.45942,0,3524,97286113058
37.6295,26.5749,25.1816,0,78,82,77,1695,3504,2.32263,0,11.1252,2.45942,0,3524,97312702244
149.423,6.69239,25.1816,0,78,82,77,1695,3504,2.32263,0,11.1252,2.45942,0,3524,97319382626
39.6355,25.2299,25.1816,0,78,82,77,1695,3504,2.32263,0,11.1252,2.45942,0,3524,97344613800
123.643,8.0878,25.1816,0,78,82,77,1695,3504,2.32263,0,11.1252,2.45942,0,3524,97352701569
47.7948,20.9228,25.1816,0,78,82,77,1695,3504,2.32263,0,11.1252,2.45942,0,3524,97373626522
81.2723,12.3043,25.1816,0,78,82,77,1695,3504,2.32263,0,11.1252,2.45942,0,3524,97385930953
47.3407,21.1235,25.1816,0,78,82,77,1695,3504,2.32263,0,11.1252,2.45942,0,3524,97407056294
81.8114,12.2232,25.1816,0,78,82,77,1695,3504,2.32263,0,11.1252,2.45942,0,3524,97419297329
44.8321,22.3054,25.1816,0,78,82,77,1695,3504,2.32263,0,11.1252,2.45942,0,3524,97441586114
91.5791,10.9195,25.1816,0,78,82,77,1695,3504,2.32263,0,11.1252,2.45942,0,3524,97452505426
37.1742,26.9003,25.1816,0,78,82,77,1695,3504,2.32263,0,11.1252,2.45942,0,3524,97479406998
153.417,6.51817,25.1816,0,78,82,77,1695,3504,2.32263,0,11.1252,2.45942,0,3524,97485926323
45.9802,21.7485,25.1816,0,78,82,77,1695,3504,2.32263,0,11.1252,2.45942,0,3524,97507675949
87.2356,11.4632,25.1816,0,78,82,77,1695,3504,2.32263,0,11.1252,2.45942,0,3524,97519139140
41.7492,23.9526,25.1816,0,78,82,77,1695,3504,2.32263,0,11.1252,2.45942,0,3524,97543092627
106.969,9.34852,25.1816,0,78,82,77,1695,3504,2.32263,0,11.1252,2.45942,0,3524,97552460488
45.1359,22.1553,25.1816,0,78,82,77,1695,3504,2.32263,0,11.1252,2.45942,0,3524,97574601291
90.1244,11.0958,23.9075,0,77,82,77,1695,3504,2.32263,0,11.111,2.45942,0,3437,97585712501
47.8962,20.8785,23.9075,0,77,82,77,1695,3504,2.32263,0,11.111,2.45942,0,3437,97606574023
79.4458,12.5872,23.9075,0,77,82,77,1695,3504,2.32263,0,11.111,2.45942,0,3437,97619162318
41.1136,24.3229,23.9075,0,77,82,77,1695,3504,2.32263,0,11.111,2.45942,0,3437,97643499408
113.472,8.81272,23.9075,0,77,82,77,1695,3504,2.32263,0,11.111,2.45942,0,3437,97652299837
46.8381,21.3501,23.9075,0,77,82,77,1695,3504,2.32263,0,11.111,2.45942,0,3437,97673650914
83.4382,11.9849,23.9075,0,77,82,77,1695,3504,2.32263,0,11.111,2.45942,0,3437,97685653758
48.1469,20.7698,23.9075,0,77,82,77,1695,3504,2.32263,0,11.111,2.45942,0,3437,97706407961
78.9278,12.6698,23.9075,0,77,82,77,1695,3504,2.32263,0,11.111,2.45942,0,3437,97719078773
40.9901,24.3962,23.9075,0,77,82,77,1695,3504,2.32263,0,11.111,2.45942,0,3437,97743476273
113.899,8.77972,23.9075,0,77,82,77,1695,3504,2.32263,0,11.111,2.45942,0,3437,97752268787
48.198,20.7477,23.9075,0,77,82,77,1695,3504,2.32263,0,11.111,2.45942,0,3437,97773005707
79.5969,12.5633,23.9075,0,77,82,77,1695,3504,2.32263,0,11.111,2.45942,0,3437,97785586767
40.0904,24.9436,23.9075,0,77,82,77,1695,3504,2.32263,0,11.111,2.45942,0,3437,97810514352
118.468,8.44107,23.9075,0,77,82,77,1695,3504,2.32263,0,11.111,2.45942,0,3437,97818973587
47.8411,20.9025,23.9075,0,77,82,77,1695,3504,2.32263,0,11.111,2.45942,0,3437,97839859782
81.2374,12.3096,23.9075,0,77,82,77,1695,3504,2.32263,0,11.111,2.45942,0,3437,97852169491
48.9164,20.4431,23.9075,0,77,82,77,1695,3504,2.32263,0,11.111,2.45942,0,3437,97872614777
77.8211,12.85,23.9075,0,77,82,77,1695,3504,2.32263,0,11.111,2.45942,0,3437,97885490512
37.6624,26.5517,23.9075,0,77,82,77,1695,3504,2.32263,0,11.111,2.45942,0,3437,97912038404
146.472,6.82726,23.9075,0,77,82,77,1695,3504,2.32263,0,11.111,2.45942,0,3437,97918859081
41.2697,24.2308,23.9075,0,77,82,77,1695,3504,2.32263,0,11.111,2.45942,0,3437,97943078454
109.545,9.12867,23.9075,0,77,82,77,1695,3504,2.32263,0,11.111,2.45942,0,3437,97952207353
41.4396,24.1315,23.9075,0,77,82,77,1695,3504,2.32263,0,11.111,2.45942,0,3437,97976341023
110.682,9.03492,23.9075,0,77,82,77,1695,3504,2.32263,0,11.111,2.45942,0,3437,97985376687
45.675,21.8938,23.9075,0,77,82,77,1695,3504,2.32263,0,11.111,2.45942,0,3437,98007271526
87.6318,11.4114,23.9075,0,77,82,77,1695,3504,2.32263,0,11.111,2.45942,0,3437,98018682734
47.8112,20.9156,23.9075,0,77,82,77,1695,3504,2.32263,0,11.111,2.45942,0,3437,98039599885
80.5025,12.422,23.9075,0,77,82,77,1695,3504,2.32263,0,11.111,2.45942,0,3437,98052046259
46.5305,21.4913,23.9075,0,77,82,77,1695,3504,2.32263,0,11.111,2.45942,0,3437,98073515342
84.3222,11.8593,23.9075,0,77,82,77,1695,3504,2.32263,0,11.111,2.45942,0,3437,98085396544
39.3543,25.4102,23.6181,0,78,81,77,1695,3504,2.32263,0,11.111,2.45942,0,3589,98110786047
127.033,7.87194,23.6181,0,78,81,77,1695,3504,2.32263,0,11.111,2.45942,0,3589,98118679626
45.1927,22.1275,23.6181,0,78,81,77,1695,3504,2.32263,0,11.111,2.45942,0,3589,98140788625
90.2181,11.0843,23.6181,0,78,81,77,1695,3504,2.32263,0,11.111,2.45942,0,3589,98151872920
42.5413,23.5066,23.6181,0,78,81,77,1695,3504,2.32263,0,11.111,2.45942,0,3589,98175381238
102.266,9.77841,23.6181,0,78,81,77,1695,3504,2.32263,0,11.111,2.45942,0,3589,98185160154
48.5424,20.6006,23.6181,0,78,81,77,1695,3504,2.32263,0,11.111,2.45942,0,3589,98205762423
77.6801,12.8733,23.6181,0,78,81,77,1695,3504,2.32263,0,11.111,2.45942,0,3589,98218648334
47.9924,20.8366,23.6181,0,78,81,77,1695,3504,2.32263,0,11.111,2.45942,0,3589,98239472961
81.2327,12.3103,23.6181,0,78,81,77,1695,3504,2.32263,0,11.111,2.45942,0,3589,98251782972
48.6766,20.5437,23.6181,0,78,81,77,1695,3504,2.32263,0,11.111,2.45942,0,3589,98272330331
78.108,12.8028,23.6181,0,78,81,77,1695,3504,2.32263,0,11.111,2.45942,0,3589,98285132300
36.6236,27.3048,23.6181,0,78,81,77,1695,3504,2.32263,0,11.111,2.45942,0,3589,98312438855
168.378,5.93903,23.6181,0,78,81,77,1695,3504,2.32263,0,11.111,2.45942,0,3589,98318378319
42.8086,23.3598,23.6181,0,78,81,77,1695,3504,2.32263,0,11.111,2.45942,0,3589,98341738650
98.9331,10.1078,23.6181,0,78,81,77,1695,3504,2.32263,0,11.111,2.45942,0,3589,98351848122
48.3319,20.6903,23.6181,0,78,81,77,1695,3504,2.32263,0,11.111,2.45942,0,3589,98372539630
79.5753,12.5667,23.6181,0,78,81,77,1695,3504,2.32263,0,11.111,2.45942,0,3589,98385106785
49.5826,20.1684,23.6181,0,78,81,77,1695,3504,2.32263,0,11.111,2.45942,0,3589,98405276819
76.4868,13.0741,23.6181,0,78,81,77,1695,3504,2.32263,0,11.111,2.45942,0,3589,98418351040
48.7641,20.5069,23.6181,0,78,81,77,1695,3504,2.32263,0,11.111,2.45942,0,3589,98438864353
77.4633,12.9093,23.6181,0,78,81,77,1695,3504,2.32263,0,11.111,2.45942,0,3589,98451769899
37.0307,27.0046,23.6181,0,78,81,77,1695,3504,2.32263,0,11.111,2.45942,0,3589,98478776235
161.782,6.18118,23.6181,0,78,81,77,1695,3504,2.32263,0,11.111,2.45942,0,3589,98484957911
37.8286,26.4351,23.6181,0,78,81,77,1695,3504,2.32263,0,11.111,2.45942,0,3589,98511406738
144.087,6.94027,23.6181,0,78,81,77,1695,3504,2.32263,0,11.111,2.45942,0,3589,98518335171
42.0701,23.7699,23.6181,0,78,81,77,1695,3504,2.32263,0,11.111,2.45942,0,3589,98542106722
105.177,9.50775,23.6181,0,78,81,77,1695,3504,2.32263,0,11.111,2.45942,0,3589,98551632942
49.7768,20.0897,23.6181,0,78,81,77,1695,3504,2.32263,0,11.111,2.45942,0,3589,98571706203
75.6995,13.2101,23.6181,0,78,81,77,1695,3504,2.32263,0,11.111,2.45942,0,3589,98584916006
46.806,21.3648,23.6181,0,78,81,77,1695,3504,2.32263,0,11.111,2.45942,0,3589,98606283157
83.8217,11.9301,24.9395,0,78,81,77,1695,3504,2.32263,0,11.1185,2.45942,0,3418,98618227069
48.1254,20.779,24.9395,0,78,81,77,1695,3504,2.32263,0,11.1185,2.45942,0,3418,98638992873
80.0191,12.497,24.9395,0,78,81,77,1695,3504,2.32263,0,11.1185,2.45942,0,3418,98651502455
41.2681,24.2318,24.9395,0,78,81,77,1695,3504,2.32263,0,11.1185,2.45942,0,3418,98675722843
109.318,9.14761,24.9395,0,78,81,77,1695,3504,2.32263,0,11.1185,2.45942,0,3418,98684894616
37.6755,26.5424,24.9395,0,78,81,77,1695,3504,2.32263,0,11.1185,2.45942,0,3418,98711414143
148.373,6.73979,24.9395,0,78,81,77,1695,3504,2.32263,0,11.1185,2.45942,0,3418,98718153506
41.7962,23.9256,24.9395,0,78,81,77,1695,3504,2.32263,0,11.1185,2.45942,0,3418,98742081856
107.267,9.32253,24.9395,0,78,81,77,1695,3504,2.32263,0,11.1185,2.45942,0,3418,98751404547
49.0896,20.3709,24.9395,0,78,81,77,1695,3504,2.32263,0,11.1185,2.45942,0,3418,98771777805
77.2802,12.9399,24.9395,0,78,81,77,1695,3504,2.32263,0,11.1185,2.45942,0,3418,98784718086
48.1134,20.7842,24.9395,0,78,81,77,1695,3504,2.32263,0,11.1185,2.45942,0,3418,98805504580
80.0299,12.4953,24.9395,0,78,81,77,1695,3504,2.32263,0,11.1185,2.45942,0,3418,98818017833
47.8638,20.8926,24.9395,0,78,81,77,1695,3504,2.32263,0,11.1185,2.45942,0,3418,98838912146
80.2109,12.4671,24.9395,0,78,81,77,1695,3504,2.32263,0,11.1185,2.45942,0,3418,98851377852
36.688,27.2569,24.9395,0,78,81,77,1695,3504,2.32263,0,11.1185,2.45942,0,3418,98878648363
168.602,5.93112,24.9395,0,78,81,77,1695,3504,2.32263,0,11.1185,2.45942,0,3418,98884566402
39.125,25.5591,24.9395,0,78,81,77,1695,3504,2.32263,0,11.1185,2.45942,0,3418,98910128705
126.629,7.89711,24.9395,0,78,81,77,1695,3504,2.32263,0,11.1185,2.45942,0,3418,98918038872
46.0077,21.7355,24.9395,0,78,81,77,1695,3504,2.32263,0,11.1185,2.45942,0,3418,98939764427
86.072,11.6182,24.9395,0,78,81,77,1695,3504,2.32263,0,11.1185,2.45942,0,3418,98951381335
47.5353,21.037,24.9395,0,78,81,77,1695,3504,2.32263,0,11.1185,2.45942,0,3418,98972421233
82.791,12.0786,24.9395,0,78,81,77,1695,3504,2.32263,0,11.1185,2.45942,0,3418,98984498646
49.1589,20.3422,24.9395,0,78,81,77,1695,3504,2.32263,0,11.1185,2.45942,0,3418,99004843235
77.23,12.9483,24.9395,0,78,81,77,1695,3504,2.32263,0,11.1185,2.45942,0,3418,99017809497
48.562,20.5922,24.9395,0,78,81,77,1695,3504,2.32263,0,11.1185,2.45942,0,3418,99038384348
78.3854,12.7575,24.9395,0,78,81,77,1695,3504,2.32263,0,11.1185,2.45942,0,3418,99051142007
36.7237,27.2303,24.9395,0,78,81,77,1695,3504,2.32263,0,11.1185,2.45942,0,3418,99078372427
165.542,6.04076,24.9395,0,78,81,77,1695,3504,2.32263,0,11.1185,2.45942,0,3418,99084438536
41.0963,24.3331,24.9395,0,78,81,77,1695,3504,2.32263,0,11.1185,2.45942,0,3418,99108754658
111.357,8.98015,22.5888,0,78,85,77,1695,3504,2.32263,0,11.1185,2.45942,0,3409,99117729510
48.6074,20.573,22.5888,0,78,85,77,1695,3504,2.32263,0,11.1185,2.45942,0,3409,99138304587
78.2034,12.7872,22.5888,0,78,85,77,1695,3504,2.32263,0,11.1185,2.45942,0,3409,99151091041
48.4986,20.6191,22.5888,0,78,85,77,1695,3504,2.32263,0,11.1185,2.45942,0,3409,99171712842
78.7336,12.7011,22.5888,0,78,85,77,1695,3504,2.32263,0,11.1185,2.45942,0,3409,99184414327
48.3636,20.6767,22.5888,0,78,85,77,1695,3504,2.32263,0,11.1185,2.45942,0,3409,99205094079
79.4599,12.585,22.5888,0,78,85,77,1695,3504,2.32263,0,11.1185,2.45942,0,3409,99217696096
41.4784,24.109,22.5888,0,78,85,77,1695,3504,2.32263,0,11.1185,2.45942,0,3409,99241787133
109.104,9.16558,22.5888,0,78,85,77,1695,3504,2.32263,0,11.1185,2.45942,0,3409,99250953128
49.2055,20.323,22.5888,0,78,85,77,1695,3504,2.32263,0,11.1185,2.45942,0,3409,99271276912
76.6963,13.0384,22.5888,0,78,85,77,1695,3504,2.32263,0,11.1185,2.45942,0,3409,99284334910
41.1769,24.2855,22.5888,0,78,85,77,1695,3504,2.32263,0,11.1185,2.45942,0,3409,99308602624
111.81,8.94373,22.5888,0,78,85,77,1695,3504,2.32263,0,11.1185,2.45942,0,3409,99317546684
49.3833,20.2498,22.5888,0,78,85,77,1695,3504,2.32263,0,11.1185,2.45942,0,3409,99337799381
76.9692,12.9922,22.5888,0,78,85,77,1695,3504,2.32263,0,11.1185,2.45942,0,3409,99350792100
48.3641,20.6765,22.5888,0,78,85,77,1695,3504,2.32263,0,11.1185,2.45942,0,3409,99371468688
78.5507,12.7306,22.5888,0,78,85,77,1695,3504,2.32263,0,11.1185,2.45942,0,3409,99384200142
42.1864,23.7043,22.5888,0,78,85,77,1695,3504,2.32263,0,11.1185,2.45942,0,3409,99407918917
104.825,9.53973,22.5888,0,78,85,77,1695,3504,2.32263,0,11.1185,2.45942,0,3409,99417470802
46.5699,21.4731,22.5888,0,78,85,77,1695,3504,2.32263,0,11.1185,2.45942,0,3409,99438922492
84.2426,11.8705,22.5888,0,78,85,77,1695,3504,2.32263,0,11.1185,2.45942,0,3409,99450810378
41.9935,23.8132,22.5888,0,78,85,77,1695,3504,2.32263,0,11.1185,2.45942,0,3409,99474607255
104.444,9.57452,22.5888,0,78,85,77,1695,3504,2.32263,0,11.1185,2.45942,0,3409,99484206677
48.591,20.5799,22.5888,0,78,85,77,1695,3504,2.32263,0,11.1185,2.45942,0,3409,99504764639
79.0541,12.6496,22.5888,0,78,85,77,1695,3504,2.32263,0,11.1185,2.45942,0,3409,99517414042
49.0769,20.3762,22.5888,0,78,85,77,1695,3504,2.32263,0,11.1185,2.45942,0,3409,99537791996
76.1011,13.1404,22.5888,0,78,85,77,1695,3504,2.32263,0,11.1185,2.45942,0,3409,99550933122
50.3714,19.8525,22.5888,0,78,85,77,1695,3504,2.32263,0,11.1185,2.45942,0,3409,99570787455
75.5209,13.2414,22.5888,0,78,85,77,1695,3504,2.32263,0,11.1185,2.45942,0,3409,99584045438
44.9125,22.2655,22.5888,0,78,85,77,1695,3504,2.32263,0,11.1185,2.45942,0,3409,99606295707
90.7862,11.0149,22.5888,0,78,85,77,1695,3504,2.32263,0,11.1185,2.45942,0,3409,99617336529
48.1823,20.7545,22.1939,0,78,85,78,1695,3504,2.32263,0,11.1187,2.45942,0,3495,99638066502
78.9387,12.6681,22.1939,0,78,85,78,1695,3504,2.32263,0,11.1187,2.45942,0,3495,99650734617
42.6001,23.4741,22.1939,0,78,85,78,1695,3504,2.32263,0,11.1187,2.45942,0,3495,99674210820
103.577,9.65464,22.1939,0,78,85,78,1695,3504,2.32263,0,11.1187,2.45942,0,3495,99683865438
48.9999,20.4082,22.1939,0,78,85,78,1695,3504,2.32263,0,11.1187,2.45942,0,3495,99704274853
77.4631,12.9094,22.1939,0,78,85,78,1695,3504,2.32263,0,11.1187,2.45942,0,3495,99717184383
49.4754,20.2121,22.1939,0,78,85,78,1695,3504,2.32263,0,11.1187,2.45942,0,3495,99737398641
75.6269,13.2228,22.1939,0,78,85,78,1695,3504,2.32263,0,11.1187,2.45942,0,3495,99750640384
43.8699,22.7946,22.1939,0,78,85,78,1695,3504,2.32263,0,11.1187,2.45942,0,3495,99773419164
95.806,10.4378,22.1939,0,78,85,78,1695,3504,2.32263,0,11.1187,2.45942,0,3495,99783875184
49.155,20.3438,22.1939,0,78,85,78,1695,3504,2.32263,0,11.1187,2.45942,0,3495,99804202509
75.4826,13.2481,22.1939,0,78,85,78,1695,3504,2.32263,0,11.1187,2.45942,0,3495,99817450472
49.8402,20.0641,22.1939,0,78,85,78,1695,3504,2.32263,0,11.1187,2.45942,0,3495,99837516636
76.7352,13.0318,22.1939,0,78,85,78,1695,3504,2.32263,0,11.1187,2.45942,0,3495,99850548078
43.1207,23.1907,22.1939,0,78,85,78,1695,3504,2.32263,0,11.1187,2.45942,0,3495,99873740348
100.478,9.95247,22.1939,0,78,85,78,1695,3504,2.32263,0,11.1187,2.45942,0,3495,99883692662
48.9826,20.4154,22.1939,0,78,85,78,1695,3504,2.32263,0,11.1187,2.45942,0,3495,99904111061
76.7197,13.0345,22.1939,0,78,85,78,1695,3504,2.32263,0,11.1187,2.45942,0,3495,99917144475
41.4442,24.1288,22.1939,0,78,85,78,1695,3504,2.32263,0,11.1187,2.45942,0,3495,99941274731
108.282,9.23517,22.1939,0,78,85,78,1695,3504,2.32263,0,11.1187,2.45942,0,3495,99950510241
49.2917,20.2874,22.1939,0,78,85,78,1695,3504,2.32263,0,11.1187,2.45942,0,3495,99970811901
77.1395,12.9635,22.1939,0,78,85,78,1695,3504,2.32263,0,11.1187,2.45942,0,3495,99983780890
47.539,21.0353,22.1939,0,78,85,78,1695,3504,2.32263,0,11.1187,2.45942,0,3495,100004802028
81.4607,12.2759,22.1939,0,78,85,78,1695,3504,2.32263,0,11.1187,2.45942,0,3495,100017095484
38.7913,25.779,22.1939,0,78,85,78,1695,3504,2.32263,0,11.1187,2.45942,0,3495,100042858484
134.83,7.41675,22.1939,0,78,85,78,1695,3504,2.32263,0,11.1187,2.45942,0,3495,100050275239
41.8474,23.8964,22.1939,0,78,85,78,1695,3504,2.32263,0,11.1187,2.45942,0,3495,100074172058
105.233,9.50272,22.1939,0,78,85,78,1695,3504,2.32263,0,11.1187,2.45942,0,3495,100083675572
40.4337,24.7318,22.1939,0,78,85,78,1695,3504,2.32263,0,11.1187,2.45942,0,3495,100108408439
116.217,8.60463,22.1939,0,78,85,78,1695,3504,2.32263,0,11.1187,2.45942,0,3495,100117033109
45.1383,22.1541,22.1939,0,78,85,78,1695,3504,2.32263,0,11.1187,2.45942,0,3495,100139175693
90.7743,11.0163,21.7822,0,78,84,78,1695,3504,2.32263,0,11.1187,2.45942,0,3401,100150203891
43.9765,22.7394,21.7822,0,78,84,78,1695,3504,2.32263,0,11.1187,2.45942,0,3401,100172926760
95.5117,10.4699,21.7822,0,78,84,78,1695,3504,2.32263,0,11.1187,2.45942,0,3401,100183396241
43.7176,22.8741,21.7822,0,78,84,78,1695,3504,2.32263,0,11.1187,2.45942,0,3401,100206273261
95.4513,10.4765,21.7822,0,78,84,78,1695,3504,2.32263,0,11.1187,2.45942,0,3401,100216749633
41.5188,24.0855,21.7822,0,78,84,78,1695,3504,2.32263,0,11.1187,2.45942,0,3401,100240836789
108.293,9.23417,21.7822,0,78,84,78,1695,3504,2.32263,0,11.1187,2.45942,0,3401,100250089636
37.9816,26.3286,21.7822,0,78,84,78,1695,3504,2.32263,0,11.1187,2.45942,0,3401,100276415150
141.604,7.06195,21.7822,0,78,84,78,1695,3504,2.32263,0,11.1187,2.45942,0,3401,100283482587
40.6231,24.6166,21.7822,0,78,84,78,1695,3504,2.32263,0,11.1187,2.45942,0,3401,100308082458
116.425,8.58924,21.7822,0,78,84,78,1695,3504,2.32263,0,11.1187,2.45942,0,3401,100316671656
48.7675,20.5054,21.7822,0,78,84,78,1695,3504,2.32263,0,11.1187,2.45942,0,3401,100337191293
77.9224,12.8333,21.7822,0,78,84,78,1695,3504,2.32263,0,11.1187,2.45942,0,3401,100350023374
45.3425,22.0544,21.7822,0,78,84,78,1695,3504,2.32263,0,11.1187,2.45942,0,3401,100372080492
89.3428,11.1928,21.7822,0,78,84,78,1695,3504,2.32263,0,11.1187,2.45942,0,3401,100383291628
46.132,21.6769,21.7822,0,78,84,78,1695,3504,2.32263,0,11.1187,2.45942,0,3401,100404952475
85.7718,11.6588,21.7822,0,78,84,78,1695,3504,2.32263,0,11.1187,2.45942,0,3401,100416629433
34.3602,29.1034,21.7822,0,78,84,78,1695,3504,2.32263,0,11.1187,2.45942,0,3401,100445717270
239.036,4.18347,21.7822,0,78,84,78,1695,3504,2.32263,0,11.1187,2.45942,0,3401,100449899602
33.6032,29.7591,21.7822,0,78,84,78,1695,3504,2.32263,0,11.1187,2.45942,0,3401,100479660595
280.694,3.5626,21.7822,0,78,84,78,1695,3504,2.32263,0,11.1187,2.45942,0,3401,100483224436
38.1534,26.21,21.7822,0,78,84,78,1695,3504,2.32263,0,11.1187,2.45942,0,3401,100509435758
141.451,7.06959,21.7822,0,78,84,78,1695,3504,2.32263,0,11.1187,2.45942,0,3401,100516506178
42.0003,23.8094,21.7822,0,78,84,78,1695,3504,2.32263,0,11.1187,2.45942,0,3401,100540328776
104.336,9.58445,21.7822,0,78,84,78,1695,3504,2.32263,0,11.1187,2.45942,0,3401,100549901227
50.5422,19.7854,21.7822,0,78,84,78,1695,3504,2.32263,0,11.1187,2.45942,0,3401,100569687276
74.6878,13.3891,21.7822,0,78,84,78,1695,3504,2.32263,0,11.1187,2.45942,0,3401,100583077231
49.3034,20.2826,21.7822,0,78,84,78,1695,3504,2.32263,0,11.1187,2.45942,0,3401,100603361370
76.1364,13.1343,21.7822,0,78,84,78,1695,3504,2.32263,0,11.1187,2.45942,0,3401,100616494955
38.6807,25.8527,21.7822,0,78,84,78,1695,3504,2.32263,0,11.1187,2.45942,0,3401,100642354660
134.59,7.42999,37.75,0,78,84,78,1695,3504,2.32263,0,11.099,2.45942,0,3443,100649797763
42.3012,23.64,37.75,0,78,84,78,1695,3504,2.32263,0,11.099,2.45942,0,3443,100673421268
104.056,9.61025,37.75,0,78,84,78,1695,3504,2.32263,0,11.099,2.45942,0,3443,100683049723
48.1655,20.7617,37.75,0,78,84,78,1695,3504,2.32263,0,11.099,2.45942,0,3443,100703794941
79.0615,12.6484,37.75,0,78,84,78,1695,3504,2.32263,0,11.099,2.45942,0,3443,100716455826
41.658,24.005,37.75,0,78,84,78,1695,3504,2.32263,0,11.099,2.45942,0,3443,100740449572
107.688,9.28609,37.75,0,78,84,78,1695,3504,2.32263,0,11.099,2.45942,0,3443,100749736967
47.9933,20.8362,37.75,0,78,84,78,1695,3504,2.32263,0,11.099,2.45942,0,3443,100770575919
80.3692,12.4426,37.75,0,78,84,78,1695,3504,2.32263,0,11.099,2.45942,0,3443,100783017631
48.4925,20.6217,37.75,0,78,84,78,1695,3504,2.32263,0,11.099,2.45942,0,3443,100803640645
79.5333,12.5733,37.75,0,78,84,78,1695,3504,2.32263,0,11.099,2.45942,0,3443,100816214224
42.3355,23.6208,37.75,0,78,84,78,1695,3504,2.32263,0,11.099,2.45942,0,3443,100839837551
102.705,9.73661,37.75,0,78,84,78,1695,3504,2.32263,0,11.099,2.45942,0,3443,100849591596
48.337,20.6881,37.75,0,78,84,78,1695,3504,2.32263,0,11.099,2.45942,0,3443,100870263439
78.8024,12.69,37.75,0,78,84,78,1695,3504,2.32263,0,11.099,2.45942,0,3443,100882953462
41.8442,23.8982,37.75,0,78,84,78,1695,3504,2.32263,0,11.099,2.45942,0,3443,100906853381
106.007,9.43331,37.75,0,78,84,78,1695,3504,2.32263,0,11.099,2.45942,0,3443,100916288187
16.7904,59.5579,37.75,0,78,84,78,1695,3504,2.32263,0,11.099,2.45942,0,3443,100975845773
2082.95,0.480089,37.75,0,78,84,78,1695,3504,2.32263,0,11.099,2.45942,0,3443,100976325476
303.129,3.29893,37.75,0,78,84,78,1695,3504,2.32263,0,11.099,2.45942,0,3443,100979627106
50.2574,19.8976,37.75,0,78,84,78,1695,3504,2.32263,0,11.099,2.45942,0,3443,100999525051
48.2972,20.7051,37.75,0,78,84,78,1695,3504,2.32263,0,11.099,2.45942,0,3443,101020231004
80.1633,12.4745,37.75,0,78,84,78,1695,3504,2.32263,0,11.099,2.45942,0,3443,101032724585
48.809,20.488,37.75,0,78,84,78,1695,3504,2.32263,0,11.099,2.45942,0,3443,101053195505
78.1113,12.8022,37.75,0,78,84,78,1695,3504,2.32263,0,11.099,2.45942,0,3443,101066016417
48.0776,20.7997,37.75,0,78,84,78,1695,3504,2.32263,0,11.099,2.45942,0,3443,101086804527
79.393,12.5956,37.75,0,78,84,78,1695,3504,2.32263,0,11.099,2.45942,0,3443,101099414783
47.8222,20.9108,37.75,0,78,84,78,1695,3504,2.32263,0,11.099,2.45942,0,3443,101120309413
80.2473,12.4615,37.75,0,78,84,78,1695,3504,2.32263,0,11.099,2.45942,0,3443,101132770919
37.2989,26.8105,37.75,0,78,84,78,1695,3504,2.32263,0,11.099,2.45942,0,3443,101159585252
154.415,6.47606,25,0,78,84,78,1695,3504,2.32263,0,11.0995,2.45942,0,3406,101166058917
36.4812,27.4114,25,0,78,84,78,1695,3504,2.32263,0,11.0995,2.45942,0,3406,101193471057
172.332,5.80276,25,0,78,84,78,1695,3504,2.32263,0,11.0995,2.45942,0,3406,101199274502
42.7279,23.4039,25,0,78,84,78,1695,3504,2.32263,0,11.0995,2.45942,0,3406,101222680602
101.198,9.88165,25,0,78,84,78,1695,3504,2.32263,0,11.0995,2.45942,0,3406,101232563575
45.37,22.041,25,0,78,84,78,1695,3504,2.32263,0,11.0995,2.45942,0,3406,101254607079
88.6626,11.2787,25,0,78,84,78,1695,3504,2.32263,0,11.0995,2.45942,0,3406,101265885713
49.1486,20.3465,25,0,78,84,78,1695,3504,2.32263,0,11.0995,2.45942,0,3406,101286233445
77.0939,12.9712,25,0,78,84,78,1695,3504,2.32263,0,11.0995,2.45942,0,3406,101299226867
50.124,19.9505,25,0,78,84,78,1695,3504,2.32263,0,11.0995,2.45942,0,3406,101319157007
75.0071,13.3321,25,0,78,84,78,1695,3504,2.32263,0,11.0995,2.45942,0,3406,101332489714
41.7107,23.9746,25,0,78,84,78,1695,3504,2.32263,0,11.0995,2.45942,0,3406,101356467356
107.382,9.31258,25,0,78,84,78,1695,3504,2.32263,0,11.0995,2.45942,0,3406,101365778762
48.3035,20.7024,25,0,78,84,78,1695,3504,2.32263,0,11.0995,2.45942,0,3406,101386482795
79.3957,12.5951,25,0,78,84,78,1695,3504,2.32263,0,11.0995,2.45942,0,3406,101399078338
42.4549,23.5544,25,0,78,84,78,1695,3504,2.32263,0,11.0995,2.45942,0,3406,101422634667
101.325,9.86927,25,0,78,84,78,1695,3504,2.32263,0,11.0995,2.45942,0,3406,101432504664
50.0112,19.9955,25,0,78,84,78,1695,3504,2.32263,0,11.0995,2.45942,0,3406,101452501895
75.2808,13.2836,25,0,78,84,78,1695,3504,2.32263,0,11.0995,2.45942,0,3406,101465786142
48.4601,20.6355,25,0,78,84,78,1695,3504,2.32263,0,11.0995,2.45942,0,3406,101486421643
79.6518,12.5547,25,0,78,84,78,1695,3504,2.32263,0,11.0995,2.45942,0,3406,101498976999
42.2869,23.648,25,0,78,84,78,1695,3504,2.32263,0,11.0995,2.45942,0,3406,101522627004
103.286,9.68189,25,0,78,84,78,1695,3504,2.32263,0,11.0995,2.45942,0,3406,101532308263
44.5702,22.4365,25,0,78,84,78,1695,3504,2.32263,0,11.0995,2.45942,0,3406,101554747497
91.753,10.8988,25,0,78,84,78,1695,3504,2.32263,0,11.0995,2.45942,0,3406,101565668424
40.8405,24.4855,25,0,78,84,78,1695,3504,2.32263,0,11.0995,2.45942,0,3406,101590134080
113.949,8.77586,25,0,78,84,78,1695,3504,2.32263,0,11.0995,2.45942,0,3406,101598910886
39.3861,25.3897,25,0,78,84,78,1695,3504,2.32263,0,11.0995,2.45942,0,3406,101624302546
126.221,7.92258,25,0,78,84,78,1695,3504,2.32263,0,11.0995,2.45942,0,3406,101632225983
45.8465,21.8119,25,0,78,84,78,1695,3504,2.32263,0,11.0995,2.45942,0,3406,101654038990
86.9663,11.4987,25,0,78,84,78,1695,3504,2.32263,0,11.0995,2.45942,0,3406,101665555534
48.7924,20.495,25.7653,0,76,84,77,1683,3504,2.32263,0,11.1005,2.45942,0,3383,101686034902
77.7903,12.8551,25.7653,0,76,84,77,1683,3504,2.32263,0,11.1005,2.45942,0,3383,101698890029
42.1865,23.7043,25.7653,0,76,84,77,1683,3504,2.32263,0,11.1005,2.45942,0,3383,101722607991
104.932,9.52998,25.7653,0,76,84,77,1683,3504,2.32263,0,11.1005,2.45942,0,3383,101732126000
47.9667,20.8478,25.7653,0,76,84,77,1683,3504,2.32263,0,11.1005,2.45942,0,3383,101752977066
78.9897,12.6599,25.7653,0,76,84,77,1683,3504,2.32263,0,11.1005,2.45942,0,3383,101765648751
41.5495,24.0677,25.7653,0,76,84,77,1683,3504,2.32263,0,11.1005,2.45942,0,3383,101789718254
110.156,9.07805,25.7653,0,76,84,77,1683,3504,2.32263,0,11.1005,2.45942,0,3383,101798809371
49.954,20.0184,25.7653,0,76,84,77,1683,3504,2.32263,0,11.1005,2.45942,0,3383,101818816959
75.7478,13.2017,25.7653,0,76,84,77,1683,3504,2.32263,0,11.1005,2.45942,0,3383,101832018754
48.5792,20.5849,25.7653,0,76,84,77,1683,3504,2.32263,0,11.1005,2.45942,0,3383,101852624020
78.0316,12.8153,25.7653,0,76,84,77,1683,3504,2.32263,0,11.1005,2.45942,0,3383,101865421290
41.2542,24.24,25.7653,0,76,84,77,1683,3504,2.32263,0,11.1005,2.45942,0,3383,101889663255
110.669,9.03592,25.7653,0,76,84,77,1683,3504,2.32263,0,11.1005,2.45942,0,3383,101898718025
48.0195,20.8249,25.7653,0,76,84,77,1683,3504,2.32263,0,11.1005,2.45942,0,3383,101919525138
79.4975,12.579,25.7653,0,76,84,77,1683,3504,2.32263,0,11.1005,2.45942,0,3383,101932125202
47.8951,20.879,25.7653,0,76,84,77,1683,3504,2.32263,0,11.1005,2.45942,0,3383,101952984195
81.6018,12.2546,25.7653,0,76,84,77,1683,3504,2.32263,0,11.1005,2.45942,0,3383,101965239178
42.663,23.4395,25.7653,0,76,84,77,1683,3504,2.32263,0,11.1005,2.45942,0,3383,101988680713
101.893,9.81423,25.7653,0,76,84,77,1683,3504,2.32263,0,11.1005,2.45942,0,3383,101998507760
47.7861,20.9266,25.7653,0,76,84,77,1683,3504,2.32263,0,11.1005,2.45942,0,3383,102019423349
79.3192,12.6073,25.7653,0,76,84,77,1683,3504,2.32263,0,11.1005,2.45942,0,3383,102032030337
41.6452,24.0124,25.7653,0,76,84,77,1683,3504,2.32263,0,11.1005,2.45942,0,3383,102056044034
109.149,9.16176,25.7653,0,76,84,77,1683,3504,2.32263,0,11.1005,2.45942,0,3383,102065219296
47.4397,21.0794,25.7653,0,76,84,77,1683,3504,2.32263,0,11.1005,2.45942,0,3383,102086286445
82.0113,12.1934,25.7653,0,76,84,77,1683,3504,2.32263,0,11.1005,2.45942,0,3383,102098480972
48.2053,20.7446,25.7653,0,76,84,77,1683,3504,2.32263,0,11.1005,2.45942,0,3383,102119228314
79.9037,12.5151,25.7653,0,76,84,77,1683,3504,2.32263,0,11.1005,2.45942,0,3383,102131743070
41.0426,24.3649,25.7653,0,76,84,77,1683,3504,2.32263,0,11.1005,2.45942,0,3383,102156109238
111.685,8.95379,25.7653,0,76,84,77,1683,3504,2.32263,0,11.1005,2.45942,0,3383,102165063886
47.9607,20.8504,25.7653,0,76,84,77,1683,3504,2.32263,0,11.1005,2.45942,0,3383,102185918540
80.6283,12.4026,22.3039,0,79,82,78,1683,3504,2.32263,0,11.1005,2.45942,0,3412,102198318583
47.5308,21.039,22.3039,0,79,82,78,1683,3504,2.32263,0,11.1005,2.45942,0,3412,102219358875
80.9912,12.347,22.3039,0,79,82,78,1683,3504,2.32263,0,11.1005,2.45942,0,3412,102231706316
44.1127,22.6692,22.3039,0,79,82,78,1683,3504,2.32263,0,11.1005,2.45942,0,3412,102254378077
94.135,10.623,22.3039,0,79,82,78,1683,3504,2.32263,0,11.1005,2.45942,0,3412,102265000735
47.3016,21.1409,22.3039,0,79,82,78,1683,3504,2.32263,0,11.1005,2.45942,0,3412,102286141868
82.3942,12.1368,22.3039,0,79,82,78,1683,3504,2.32263,0,11.1005,2.45942,0,3412,102298279240
48.8281,20.48,22.3039,0,79,82,78,1683,3504,2.32263,0,11.1005,2.45942,0,3412,102318761022
77.9363,12.831,22.3039,0,79,82,78,1683,3504,2.32263,0,11.1005,2.45942,0,3412,102331592864
45.1598,22.1436,22.3039,0,79,82,78,1683,3504,2.32263,0,11.1005,2.45942,0,3412,102353736104
89.4001,11.1857,22.3039,0,79,82,78,1683,3504,2.32263,0,11.1005,2.45942,0,3412,102364935881
50.0774,19.9691,22.3039,0,79,82,78,1683,3504,2.32263,0,11.1005,2.45942,0,3412,102384894485
74.5156,13.42,22.3039,0,79,82,78,1683,3504,2.32263,0,11.1005,2.45942,0,3412,102398335702
42.5632,23.4945,22.3039,0,79,82,78,1683,3504,2.32263,0,11.1005,2.45942,0,3412,102421809631
102.822,9.72558,22.3039,0,79,82,78,1683,3504,2.32263,0,11.1005,2.45942,0,3412,102431534935
49.8148,20.0744,22.3039,0,79,82,78,1683,3504,2.32263,0,11.1005,2.45942,0,3412,102451611477
75.8521,13.1835,22.3039,0,79,82,78,1683,3504,2.32263,0,11.1005,2.45942,0,3412,102464816938
48.4417,20.6434,22.3039,0,79,82,78,1683,3504,2.32263,0,11.1005,2.45942,0,3412,102485439858
79.0093,12.6567,22.3039,0,79,82,78,1683,3504,2.32263,0,11.1005,2.45942,0,3412,102498118598
40.8791,24.4624,22.3039,0,79,82,78,1683,3504,2.32263,0,11.1005,2.45942,0,3412,102522559064
111.142,8.99749,22.3039,0,79,82,78,1683,3504,2.32263,0,11.1005,2.45942,0,3412,102531558532
36.9743,27.0458,22.3039,0,79,82,78,1683,3504,2.32263,0,11.1005,2.45942,0,3412,102558605998
160.307,6.23803,22.3039,0,79,82,78,1683,3504,2.32263,0,11.1005,2.45942,0,3412,102564844788
41.0122,24.383,22.3039,0,79,82,78,1683,3504,2.32263,0,11.1005,2.45942,0,3412,102589228009
112.762,8.86822,22.3039,0,79,82,78,1683,3504,2.32263,0,11.1005,2.45942,0,3412,102598114649
49.5405,20.1855,22.3039,0,79,82,78,1683,3504,2.32263,0,11.1005,2.45942,0,3412,102618288240
75.9859,13.1603,22.3039,0,79,82,78,1683,3504,2.32263,0,11.1005,2.45942,0,3412,102631445468
49.3219,20.275,22.3039,0,79,82,78,1683,3504,2.32263,0,11.1005,2.45942,0,3412,102651722926
76.7132,13.0356,22.3039,0,79,82,78,1683,3504,2.32263,0,11.1005,2.45942,0,3412,102664756973
48.9919,20.4115,22.3039,0,79,82,78,1683,3504,2.32263,0,11.1005,2.45942,0,3412,102685170498
78.2995,12.7715,22.3039,0,79,82,78,1683,3504,2.32263,0,11.1005,2.45942,0,3412,102697945513
41.7703,23.9404,24.3719,0,79,82,78,1683,3504,2.32263,0,11.1007,2.45942,0,3581,102721884356
105.99,9.4349,24.3719,0,79,82,78,1683,3504,2.32263,0,11.1007,2.45942,0,3581,102731318470
41.8143,23.9152,24.3719,0,79,82,78,1683,3504,2.32263,0,11.1007,2.45942,0,3581,102755235755
106.435,9.3954,24.3719,0,79,82,78,1683,3504,2.32263,0,11.1007,2.45942,0,3581,102764632402
44.6136,22.4147,24.3719,0,79,82,78,1683,3504,2.32263,0,11.1007,2.45942,0,3581,102787048723
91.4313,10.9372,24.3719,0,79,82,78,1683,3504,2.32263,0,11.1007,2.45942,0,3581,102797985314
49.0011,20.4077,24.3719,0,79,82,78,1683,3504,2.32263,0,11.1007,2.45942,0,3581,102818394587
78.4773,12.7425,24.3719,0,79,82,78,1683,3504,2.32263,0,11.1007,2.45942,0,3581,102831150499
49.0915,20.3701,24.3719,0,79,82,78,1683,3504,2.32263,0,11.1007,2.45942,0,3581,102851509932
77.1986,12.9536,24.3719,0,79,82,78,1683,3504,2.32263,0,11.1007,2.45942,0,3581,102864463318
48.5977,20.5771,24.3719,0,79,82,78,1683,3504,2.32263,0,11.1007,2.45942,0,3581,102885041542
77.8881,12.8389,24.3719,0,79,82,78,1683,3504,2.32263,0,11.1007,2.45942,0,3581,102897880978
37.9012,26.3844,24.3719,0,79,82,78,1683,3504,2.32263,0,11.1007,2.45942,0,3581,102924267070
145.157,6.88908,24.3719,0,79,82,78,1683,3504,2.32263,0,11.1007,2.45942,0,3581,102931155789
39.9696,25.019,24.3719,0,79,82,78,1683,3504,2.32263,0,11.1007,2.45942,0,3581,102956176749
121.273,8.24583,24.3719,0,79,82,78,1683,3504,2.32263,0,11.1007,2.45942,0,3581,102964424060
42.2605,23.6628,24.3719,0,79,82,78,1683,3504,2.32263,0,11.1007,2.45942,0,3581,102988087092
103.055,9.7036,24.3719,0,79,82,78,1683,3504,2.32263,0,11.1007,2.45942,0,3581,102997790902
47.8513,20.8981,24.3719,0,79,82,78,1683,3504,2.32263,0,11.1007,2.45942,0,3581,103018690711
81.6338,12.2498,24.3719,0,79,82,78,1683,3504,2.32263,0,11.1007,2.45942,0,3581,103030959470
49.3025,20.283,24.3719,0,79,82,78,1683,3504,2.32263,0,11.1007,2.45942,0,3581,103051226309
75.6885,13.212,24.3719,0,79,82,78,1683,3504,2.32263,0,11.1007,2.45942,0,3581,103064438987
49.2027,20.3241,24.3719,0,79,82,78,1683,3504,2.32263,0,11.1007,2.45942,0,3581,103084765098
77.0283,12.9822,24.3719,0,79,82,78,1683,3504,2.32263,0,11.1007,2.45942,0,3581,103097747398
49.497,20.2032,24.3719,0,79,82,78,1683,3504,2.32263,0,11.1007,2.45942,0,3581,103117952063
76.7268,13.0333,24.3719,0,79,82,78,1683,3504,2.32263,0,11.1007,2.45942,0,3581,103131004131
48.843,20.4738,24.3719,0,79,82,78,1683,3504,2.32263,0,11.1007,2.45942,0,3581,103151460919
78.4422,12.7482,24.3719,0,79,82,78,1683,3504,2.32263,0,11.1007,2.45942,0,3581,103164224139
43.4197,23.031,24.3719,0,79,82,78,1683,3504,2.32263,0,11.1007,2.45942,0,3581,103187242003
97.2649,10.2812,24.3719,0,79,82,78,1683,3504,2.32263,0,11.1007,2.45942,0,3581,103197541814
48.7568,20.51,24.3719,0,79,82,78,1683,3504,2.32263,0,11.1007,2.45942,0,3581,103218039533
77.3626,12.9261,21.8593,0,79,81,78,1683,3504,2.32263,0,11.1007,2.45942,0,3539,103230980460
39.5139,25.3075,21.8593,0,79,81,78,1683,3504,2.32263,0,11.1007,2.45942,0,3539,103256271442
125.274,7.98247,21.8593,0,79,81,78,1683,3504,2.32263,0,11.1007,2.45942,0,3539,103264253073
36.7165,27.2357,21.8593,0,79,81,78,1683,3504,2.32263,0,11.1007,2.45942,0,3539,103291490851
169.351,5.90491,21.8593,0,79,81,78,1683,3504,2.32263,0,11.1007,2.45942,0,3539,103297395738
37.2897,26.817,21.8593,0,79,81,78,1683,3504,2.32263,0,11.1007,2.45942,0,3539,103324214444
154.568,6.46963,21.8593,0,79,81,78,1683,3504,2.32263,0,11.1007,2.45942,0,3539,103330685136
39.0043,25.6382,21.8593,0,79,81,78,1683,3504,2.32263,0,11.1007,2.45942,0,3539,103356324154
129.934,7.6962,21.8593,0,79,81,78,1683,3504,2.32263,0,11.1007,2.45942,0,3539,103364020342
45.3968,22.028,21.8593,0,79,81,78,1683,3504,2.32263,0,11.1007,2.45942,0,3539,103386050700
88.5226,11.2966,21.8593,0,79,81,78,1683,3504,2.32263,0,11.1007,2.45942,0,3539,103397364603
48.6918,20.5373,21.8593,0,79,81,78,1683,3504,2.32263,0,11.1007,2.45942,0,3539,103417885633
77.4077,12.9186,21.8593,0,79,81,78,1683,3504,2.32263,0,11.1007,2.45942,0,3539,103430803403
49.422,20.2339,21.8593,0,79,81,78,1683,3504,2.32263,0,11.1007,2.45942,0,3539,103451039682
77.7275,12.8655,21.8593,0,79,81,78,1683,3504,2.32263,0,11.1007,2.45942,0,3539,103463904959
49.144,20.3484,21.8593,0,79,81,78,1683,3504,2.32263,0,11.1007,2.45942,0,3539,103484255475
75.6976,13.2105,21.8593,0,79,81,78,1683,3504,2.32263,0,11.1007,2.45942,0,3539,103497465406
37.3157,26.7984,21.8593,0,79,81,78,1683,3504,2.32263,0,11.1007,2.45942,0,3539,103524277906
155.815,6.41787,21.8593,0,79,81,78,1683,3504,2.32263,0,11.1007,2.45942,0,3539,103530683009
38.6159,25.8961,21.8593,0,79,81,78,1683,3504,2.32263,0,11.1007,2.45942,0,3539,103556581995
137.277,7.28457,21.8593,0,79,81,78,1683,3504,2.32263,0,11.1007,2.45942,0,3539,103563866302
47.826,20.9091,21.8593,0,79,81,78,1683,3504,2.32263,0,11.1007,2.45942,0,3539,103584776902
80.0064,12.499,21.8593,0,79,81,78,1683,3504,2.32263,0,11.1007,2.45942,0,3539,103597276316
47.7728,20.9324,21.8593,0,79,81,78,1683,3504,2.32263,0,11.1007,2.45942,0,3539,103618216428
80.6246,12.4032,21.8593,0,79,81,78,1683,3504,2.32263,0,11.1007,2.45942,0,3539,103630616012
46.1742,21.6571,21.8593,0,79,81,78,1683,3504,2.32263,0,11.1007,2.45942,0,3539,103652275084
86.9738,11.4977,21.8593,0,79,81,78,1683,3504,2.32263,0,11.1007,2.45942,0,3539,103663773610
49.5348,20.1878,21.8593,0,79,81,78,1683,3504,2.32263,0,11.1007,2.45942,0,3539,103683962064
75.6327,13.2218,21.8593,0,79,81,78,1683,3504,2.32263,0,11.1007,2.45942,0,3539,103697202719
37.0527,26.9886,21.8593,0,79,81,78,1683,3504,2.32263,0,11.1007,2.45942,0,3539,103724177119
158.177,6.32201,24.031,0,79,81,78,1683,3504,2.32263,0,11.1011,2.45942,0,3407,103730515095
41.3633,24.176,24.031,0,79,81,78,1683,3504,2.32263,0,11.1011,2.45942,0,3407,103754692402
110.505,9.04935,24.031,0,79,81,78,1683,3504,2.32263,0,11.1011,2.45942,0,3407,103763741931
50.0157,19.9937,24.031,0,79,81,78,1683,3504,2.32263,0,11.1011,2.45942,0,3407,103783736727
75.1804,13.3013,24.031,0,79,81,78,1683,3504,2.32263,0,11.1011,2.45942,0,3407,103797057143
49.1346,20.3523,24.031,0,79,81,78,1683,3504,2.32263,0,11.1011,2.45942,0,3407,103817392390
77.3612,12.9264,24.031,0,79,81,78,1683,3504,2.32263,0,11.1011,2.45942,0,3407,103830320380
49.2111,20.3206,24.031,0,79,81,78,1683,3504,2.32263,0,11.1011,2.45942,0,3407,103850641434
77.4239,12.9159,24.031,0,79,81,78,1683,3504,2.32263,0,11.1011,2.45942,0,3407,103863557073
47.707,20.9613,24.031,0,79,81,78,1683,3504,2.32263,0,11.1011,2.45942,0,3407,103884520689
80.6236,12.4033,24.031,0,79,81,78,1683,3504,2.32263,0,11.1011,2.45942,0,3407,103896945010
37.0528,26.9885,24.031,0,79,81,78,1683,3504,2.32263,0,11.1011,2.45942,0,3407,103923927711
155.178,6.44422,24.031,0,79,81,78,1683,3504,2.32263,0,11.1011,2.45942,0,3407,103930358054
42.9717,23.2711,24.031,0,79,81,78,1683,3504,2.32263,0,11.1011,2.45942,0,3407,103953630031
100.271,9.97299,24.031,0,79,81,78,1683,3504,2.32263,0,11.1011,2.45942,0,3407,103963625529
49.1338,20.3526,24.031,0,79,81,78,1683,3504,2.32263,0,11.1011,2.45942,0,3407,103983959213
77.5224,12.8995,24.031,0,79,81,78,1683,3504,2.32263,0,11.1011,2.45942,0,3407,103996882072
46.6885,21.4186,24.031,0,79,81,78,1683,3504,2.32263,0,11.1011,2.45942,0,3407,104018280029
84.345,11.8561,24.031,0,79,81,78,1683,3504,2.32263,0,11.1011,2.45942,0,3407,104030135063
49.3903,20.2469,24.031,0,79,81,78,1683,3504,2.32263,0,11.1011,2.45942,0,3407,104050384136
76.9938,12.9881,24.031,0,79,81,78,1683,3504,2.32263,0,11.1011,2.45942,0,3407,104063372386
34.4132,29.0587,24.031,0,79,81,78,1683,3504,2.32263,0,11.1011,2.45942,0,3407,104092433874
229.643,4.35459,24.031,0,79,81,78,1683,3504,2.32263,0,11.1011,2.45942,0,3407,104096787887
40.3358,24.7919,24.031,0,79,81,78,1683,3504,2.32263,0,11.1011,2.45942,0,3407,104121580605
116.415,8.58997,24.031,0,79,81,78,1683,3504,2.32263,0,11.1011,2.45942,0,3407,104130171151
46.1818,21.6536,24.031,0,79,81,78,1683,3504,2.32263,0,11.1011,2.45942,0,3407,104151843765
86.7661,11.5252,24.031,0,79,81,78,1683,3504,2.32263,0,11.1011,2.45942,0,3407,104163351205
48.6546,20.553,24.031,0,79,81,78,1683,3504,2.32263,0,11.1011,2.45942,0,3407,104183906587
78.7075,12.7053,24.031,0,79,81,78,1683,3504,2.32263,0,11.1011,2.45942,0,3407,104196612104
44.7349,22.3539,24.031,0,79,81,78,1683,3504,2.32263,0,11.1011,2.45942,0,3407,104218984553
90.4788,11.0523,24.031,0,79,81,78,1683,3504,2.32263,0,11.1011,2.45942,0,3407,104230021819
49.6927,20.1237,19.3717,0,79,80,78,1683,3504,2.32263,0,11.1013,2.45942,0,3576,104250145847
76.0255,13.1535,19.3717,0,79,80,78,1683,3504,2.32263,0,11.1013,2.45942,0,3576,104263298626
46.05,21.7155,19.3717,0,79,80,78,1683,3504,2.32263,0,11.1013,2.45942,0,3576,104285015445
86.3558,11.58,19.3717,0,79,80,78,1683,3504,2.32263,0,11.1013,2.45942,0,3576,104296613300
39.9061,25.0588,19.3717,0,79,80,78,1683,3504,2.32263,0,11.1013,2.45942,0,3576,104321659467
122.071,8.19196,19.3717,0,79,80,78,1683,3504,2.32263,0,11.1013,2.45942,0,3576,104329849539
49.3314,20.2711,19.3717,0,79,80,78,1683,3504,2.32263,0,11.1013,2.45942,0,3576,104350122028
76.7859,13.0232,19.3717,0,79,80,78,1683,3504,2.32263,0,11.1013,2.45942,0,3576,104363146705
48.5812,20.5841,19.3717,0,79,80,78,1683,3504,2.32263,0,11.1013,2.45942,0,3576,104383745041
78.7518,12.6981,19.3717,0,79,80,78,1683,3504,2.32263,0,11.1013,2.45942,0,3576,104396431296
47.0294,21.2633,19.3717,0,79,80,78,1683,3504,2.32263,0,11.1013,2.45942,0,3576,104417696243
83.0812,12.0364,19.3717,0,79,80,78,1683,3504,2.32263,0,11.1013,2.45942,0,3576,104429732222
33.8565,29.5364,19.3717,0,79,80,78,1683,3504,2.32263,0,11.1013,2.45942,0,3576,104459287589
261.611,3.82247,19.3717,0,79,80,78,1683,3504,2.32263,0,11.1013,2.45942,0,3576,104463091874
40.5399,24.667,19.3717,0,79,80,78,1683,3504,2.32263,0,11.1013,2.45942,0,3576,104487760981
115.47,8.66022,19.3717,0,79,80,78,1683,3504,2.32263,0,11.1013,2.45942,0,3576,104496421303
41.6282,24.0222,19.3717,0,79,80,78,1683,3504,2.32263,0,11.1013,2.45942,0,3576,104520445567
107.214,9.32714,19.3717,0,79,80,78,1683,3504,2.32263,0,11.1013,2.45942,0,3576,104529791012
49.3104,20.2797,19.3717,0,79,80,78,1683,3504,2.32263,0,11.1013,2.45942,0,3576,104550072041
77.1469,12.9623,19.3717,0,79,80,78,1683,3504,2.32263,0,11.1013,2.45942,0,3576,104563016262
47.6819,20.9723,19.3717,0,79,80,78,1683,3504,2.32263,0,11.1013,2.45942,0,3576,104584007970
81.265,12.3054,19.3717,0,79,80,78,1683,3504,2.32263,0,11.1013,2.45942,0,3576,104596297333
47.1846,21.1933,19.3717,0,79,80,78,1683,3504,2.32263,0,11.1013,2.45942,0,3576,104617491472
82.4086,12.1347,19.3717,0,79,80,78,1683,3504,2.32263,0,11.1013,2.45942,0,3576,104629626300
42.4952,23.5321,19.3717,0,79,80,78,1683,3504,2.32263,0,11.1013,2.45942,0,3576,104653159527
102.56,9.75038,19.3717,0,79,80,78,1683,3504,2.32263,0,11.1013,2.45942,0,3576,104662910696
41.4202,24.1428,19.3717,0,79,80,78,1683,3504,2.32263,0,11.1013,2.45942,0,3576,104687055670
108.333,9.23078,19.3717,0,79,80,78,1683,3504,2.32263,0,11.1013,2.45942,0,3576,104696308245
46.0023,21.7381,19.3717,0,79,80,78,1683,3504,2.32263,0,11.1013,2.45942,0,3576,104718025710
86.0758,11.6177,19.3717,0,79,80,78,1683,3504,2.32263,0,11.1013,2.45942,0,3576,104729643394
48.67,20.5465,19.3717,0,79,80,78,1683,3504,2.32263,0,11.1013,2.45942,0,3576,104750204283
79.2399,12.6199,26.0976,0,79,80,78,1683,3504,2.32263,0,11.1009,2.45942,0,3514,104762811938
49.3616,20.2587,26.0976,0,79,80,78,1683,3504,2.32263,0,11.1009,2.45942,0,3514,104783072812
76.5064,13.0708,26.0976,0,79,80,78,1683,3504,2.32263,0,11.1009,2.45942,0,3514,104796161517
42,23.8095,26.0976,0,79,80,78,1683,3504,2.32263,0,11.1009,2.45942,0,3514,104819955988
103.553,9.65688,26.0976,0,79,80,78,1683,3504,2.32263,0,11.1009,2.45942,0,3514,104829633742
50.2571,19.8977,26.0976,0,79,80,78,1683,3504,2.32263,0,11.1009,2.45942,0,3514,104849513767
74.7887,13.371,26.0976,0,79,80,78,1683,3504,2.32263,0,11.1009,2.45942,0,3514,104862884134
40.163,24.8986,26.0976,0,79,80,78,1683,3504,2.32263,0,11.1009,2.45942,0,3514,104887797261
119.032,8.40112,26.0976,0,79,80,78,1683,3504,2.32263,0,11.1009,2.45942,0,3514,104896199650
49.1254,20.3561,26.0976,0,79,80,78,1683,3504,2.32263,0,11.1009,2.45942,0,3514,104916543992
78.0547,12.8115,26.0976,0,79,80,78,1683,3504,2.32263,0,11.1009,2.45942,0,3514,104929374528
49.0989,20.3671,26.0976,0,79,80,78,1683,3504,2.32263,0,11.1009,2.45942,0,3514,104949725101
76.3359,13.1,26.0976,0,79,80,78,1683,3504,2.32263,0,11.1009,2.45942,0,3514,104962825033
40.85,24.4798,26.0976,0,79,80,78,1683,3504,2.32263,0,11.1009,2.45942,0,3514,104987305805
114.452,8.73732,26.0976,0,79,80,78,1683,3504,2.32263,0,11.1009,2.45942,0,3514,104996043504
41.9667,23.8284,26.0976,0,79,80,78,1683,3504,2.32263,0,11.1009,2.45942,0,3514,105019873939
105.759,9.45545,26.0976,0,79,80,78,1683,3504,2.32263,0,11.1009,2.45942,0,3514,105029347488
49.9212,20.0316,26.0976,0,79,80,78,1683,3504,2.32263,0,11.1009,2.45942,0,3514,105049363735
75.4602,13.252,26.0976,0,79,80,78,1683,3504,2.32263,0,11.1009,2.45942,0,3514,105062637777
44.1286,22.661,26.0976,0,79,80,78,1683,3504,2.32263,0,11.1009,2.45942,0,3514,105085278347
93.5703,10.6872,26.0976,0,79,80,78,1683,3504,2.32263,0,11.1009,2.45942,0,3514,105095965694
48.1505,20.7682,26.0976,0,79,80,78,1683,3504,2.32263,0,11.1009,2.45942,0,3514,105116735748
79.3399,12.604,26.0976,0,79,80,78,1683,3504,2.32263,0,11.1009,2.45942,0,3514,105129339914
49.3061,20.2815,26.0976,0,79,80,78,1683,3504,2.32263,0,11.1009,2.45942,0,3514,105149627672
77.9384,12.8306,26.0976,0,79,80,78,1683,3504,2.32263,0,11.1009,2.45942,0,3514,105162455004
41.5821,24.0488,26.0976,0,79,80,78,1683,3504,2.32263,0,11.1009,2.45942,0,3514,105186523226
108.275,9.23571,26.0976,0,79,80,78,1683,3504,2.32263,0,11.1009,2.45942,0,3514,105195758492
47.5102,21.0481,26.0976,0,79,80,78,1683,3504,2.32263,0,11.1009,2.45942,0,3514,105216790615
80.8896,12.3625,26.0976,0,79,80,78,1683,3504,2.32263,0,11.1009,2.45942,0,3514,105229152962
41.3751,24.1691,26.0976,0,79,80,78,1683,3504,2.32263,0,11.1009,2.45942,0,3514,105253326197
110.844,9.02166,23.6776,0,79,82,78,1683,3504,2.32263,0,11.1009,2.45942,0,3400,105262346356
49.1068,20.3638,23.6776,0,79,82,78,1683,3504,2.32263,0,11.1009,2.45942,0,3400,105282712212
76.4236,13.085,23.6776,0,79,82,78,1683,3504,2.32263,0,11.1009,2.45942,0,3400,105295797087
48.6314,20.5629,23.6776,0,79,82,78,1683,3504,2.32263,0,11.1009,2.45942,0,3400,105316360797
79.1653,12.6318,23.6776,0,79,82,78,1683,3504,2.32263,0,11.1009,2.45942,0,3400,105328992993
42.6008,23.4737,23.6776,0,79,82,78,1683,3504,2.32263,0,11.1009,2.45942,0,3400,105352468416
101.879,9.81556,23.6776,0,79,82,78,1683,3504,2.32263,0,11.1009,2.45942,0,3400,105362284718
48.744,20.5153,23.6776,0,79,82,78,1683,3504,2.32263,0,11.1009,2.45942,0,3400,105382802541
77.8445,12.8461,23.6776,0,79,82,78,1683,3504,2.32263,0,11.1009,2.45942,0,3400,105395647788
50.0773,19.9691,23.6776,0,79,82,78,1683,3504,2.32263,0,11.1009,2.45942,0,3400,105415619069
75.136,13.3092,23.6776,0,79,82,78,1683,3504,2.32263,0,11.1009,2.45942,0,3400,105428928601
41.699,23.9814,23.6776,0,79,82,78,1683,3504,2.32263,0,11.1009,2.45942,0,3400,105452912228
107.459,9.30587,23.6776,0,79,82,78,1683,3504,2.32263,0,11.1009,2.45942,0,3400,105462230885
47.6308,20.9948,23.6776,0,79,82,78,1683,3504,2.32263,0,11.1009,2.45942,0,3400,105483230932
81.081,12.3333,23.6776,0,79,82,78,1683,3504,2.32263,0,11.1009,2.45942,0,3400,105495548323
40.4595,24.7161,23.6776,0,79,82,78,1683,3504,2.32263,0,11.1009,2.45942,0,3400,105520267475
116.758,8.56476,23.6776,0,79,82,78,1683,3504,2.32263,0,11.1009,2.45942,0,3400,105528831746
47.224,21.1757,23.6776,0,79,82,78,1683,3504,2.32263,0,11.1009,2.45942,0,3400,105550008704
82.7894,12.0788,23.6776,0,79,82,78,1683,3504,2.32263,0,11.1009,2.45942,0,3400,105562088236
49.6855,20.1266,23.6776,0,79,82,78,1683,3504,2.32263,0,11.1009,2.45942,0,3400,105582216342
75.6595,13.2171,23.6776,0,79,82,78,1683,3504,2.32263,0,11.1009,2.45942,0,3400,105595451577
49.5067,20.1993,23.6776,0,79,82,78,1683,3504,2.32263,0,11.1009,2.45942,0,3400,105615634125
76.4787,13.0755,23.6776,0,79,82,78,1683,3504,2.32263,0,11.1009,2.45942,0,3400,105628709179
41.3526,24.1823,23.6776,0,79,82,78,1683,3504,2.32263,0,11.1009,2.45942,0,3400,105652894213
107.958,9.26286,23.6776,0,79,82,78,1683,3504,2.32263,0,11.1009,2.45942,0,3400,105662157138
48.447,20.6411,23.6776,0,79,82,78,1683,3504,2.32263,0,11.1009,2.45942,0,3400,105682799602
79.891,12.5171,23.6776,0,79,82,78,1683,3504,2.32263,0,11.1009,2.45942,0,3400,105695334822
43.6116,22.9297,23.6776,0,79,82,78,1683,3504,2.32263,0,11.1009,2.45942,0,3400,105718249322
96.435,10.3697,23.6776,0,79,82,78,1683,3504,2.32263,0,11.1009,2.45942,0,3400,105728618491
39.9779,25.0138,23.6776,0,79,82,78,1683,3504,2.32263,0,11.1009,2.45942,0,3400,105753641821
120.763,8.28071,34.4304,0,79,82,78,1683,3504,2.32263,0,11.1325,2.45942,0,3411,105761915306
43.9562,22.7499,34.4304,0,79,82,78,1683,3504,2.32263,0,11.1325,2.45942,0,3411,105784672111
93.2687,10.7217,34.4304,0,79,82,78,1683,3504,2.32263,0,11.1325,2.45942,0,3411,105795390760
40.3294,24.7958,34.4304,0,79,82,78,1683,3504,2.32263,0,11.1325,2.45942,0,3411,105820187045
118.49,8.43951,34.4304,0,79,82,78,1683,3504,2.32263,0,11.1325,2.45942,0,3411,105828627091
43.0144,23.248,34.4304,0,79,82,78,1683,3504,2.32263,0,11.1325,2.45942,0,3411,105851877706
99.8217,10.0179,34.4304,0,79,82,78,1683,3504,2.32263,0,11.1325,2.45942,0,3411,105861912688
49.4339,20.2291,34.4304,0,79,82,78,1683,3504,2.32263,0,11.1325,2.45942,0,3411,105882143348
76.1472,13.1325,34.4304,0,79,82,78,1683,3504,2.32263,0,11.1325,2.45942,0,3411,105895257472
48.8395,20.4752,34.4304,0,79,82,78,1683,3504,2.32263,0,11.1325,2.45942,0,3411,105915733791
78.8029,12.6899,34.4304,0,79,82,78,1683,3504,2.32263,0,11.1325,2.45942,0,3411,105928424304
47.3398,21.1239,34.4304,0,79,82,78,1683,3504,2.32263,0,11.1325,2.45942,0,3411,105949551139
81.9713,12.1994,34.4304,0,79,82,78,1683,3504,2.32263,0,11.1325,2.45942,0,3411,105961749898
45.2807,22.0845,34.4304,0,79,82,78,1683,3504,2.32263,0,11.1325,2.45942,0,3411,105983834590
87.9183,11.3742,34.4304,0,79,82,78,1683,3504,2.32263,0,11.1325,2.45942,0,3411,105995231151
41.1799,24.2837,34.4304,0,79,82,78,1683,3504,2.32263,0,11.1325,2.45942,0,3411,106019494815
112.587,8.882,34.4304,0,79,82,78,1683,3504,2.32263,0,11.1325,2.45942,0,3411,106028405521
46.154,21.6666,34.4304,0,79,82,78,1683,3504,2.32263,0,11.1325,2.45942,0,3411,106050047831
84.6716,11.8103,34.4304,0,79,82,78,1683,3504,2.32263,0,11.1325,2.45942,0,3411,106061857173
49.6632,20.1357,34.4304,0,79,82,78,1683,3504,2.32263,0,11.1325,2.45942,0,3411,106081994897
77.1029,12.9697,34.4304,0,79,82,78,1683,3504,2.32263,0,11.1325,2.45942,0,3411,106094978147
41.1874,24.2793,34.4304,0,79,82,78,1683,3504,2.32263,0,11.1325,2.45942,0,3411,106119258881
110.589,9.04248,34.4304,0,79,82,78,1683,3504,2.32263,0,11.1325,2.45942,0,3411,106128301417
49.127,20.3554,34.4304,0,79,82,78,1683,3504,2.32263,0,11.1325,2.45942,0,3411,106148658429
76.5265,13.0674,34.4304,0,79,82,78,1683,3504,2.32263,0,11.1325,2.45942,0,3411,106161725315
48.9004,20.4497,34.4304,0,79,82,78,1683,3504,2.32263,0,11.1325,2.45942,0,3411,106182176169
77.8671,12.8424,34.4304,0,79,82,78,1683,3504,2.32263,0,11.1325,2.45942,0,3411,106195019011
42.3106,23.6348,34.4304,0,79,82,78,1683,3504,2.32263,0,11.1325,2.45942,0,3411,106218657207
104.612,9.55917,34.4304,0,79,82,78,1683,3504,2.32263,0,11.1325,2.45942,0,3411,106228228124
48.0372,20.8172,34.4304,0,79,82,78,1683,3504,2.32263,0,11.1325,2.45942,0,3411,106249035982
79.768,12.5364,34.4304,0,79,82,78,1683,3504,2.32263,0,11.1325,2.45942,0,3411,106261590785
42.4649,23.5488,28.1863,0,79,80,78,1683,3504,2.32263,0,11.1269,2.45942,0,3613,106285122195
103.502,9.66163,28.1863,0,79,80,78,1683,3504,2.32263,0,11.1269,2.45942,0,3613,106294783313
47.7075,20.9611,28.1863,0,79,80,78,1683,3504,2.32263,0,11.1269,2.45942,0,3613,106315748077
80.805,12.3755,28.1863,0,79,80,78,1683,3504,2.32263,0,11.1269,2.45942,0,3613,106328140286
44.2796,22.5838,28.1863,0,79,80,78,1683,3504,2.32263,0,11.1269,2.45942,0,3613,106350707741
93.0681,10.7448,28.1863,0,79,80,78,1683,3504,2.32263,0,11.1269,2.45942,0,3613,106361472328
39.303,25.4433,28.1863,0,79,80,78,1683,3504,2.32263,0,11.1269,2.45942,0,3613,106386898278
126.428,7.90965,28.1863,0,79,80,78,1683,3504,2.32263,0,11.1269,2.45942,0,3613,106394820913
35.3683,28.2739,28.1863,0,79,80,78,1683,3504,2.32263,0,11.1269,2.45942,0,3613,106423100777
200.003,4.99993,28.1863,0,79,80,78,1683,3504,2.32263,0,11.1269,2.45942,0,3613,106428082837
39.5728,25.2699,28.1863,0,79,80,78,1683,3504,2.32263,0,11.1269,2.45942,0,3613,106453355395
122.851,8.13994,28.1863,0,79,80,78,1683,3504,2.32263,0,11.1269,2.45942,0,3613,106461513671
48.522,20.6092,28.1863,0,79,80,78,1683,3504,2.32263,0,11.1269,2.45942,0,3613,106482106315
76.7531,13.0288,28.1863,0,79,80,78,1683,3504,2.32263,0,11.1269,2.45942,0,3613,106495135288
50.6865,19.7291,28.1863,0,79,80,78,1683,3504,2.32263,0,11.1269,2.45942,0,3613,106514866955
75.8355,13.1864,28.1863,0,79,80,78,1683,3504,2.32263,0,11.1269,2.45942,0,3613,106528078867
46.9024,21.3209,28.1863,0,79,80,78,1683,3504,2.32263,0,11.1269,2.45942,0,3613,106549376608
83.4297,11.9861,28.1863,0,79,80,78,1683,3504,2.32263,0,11.1269,2.45942,0,3613,106561362817
48.761,20.5082,28.1863,0,79,80,78,1683,3504,2.32263,0,11.1269,2.45942,0,3613,106581872418
78.8024,12.69,28.1863,0,79,80,78,1683,3504,2.32263,0,11.1269,2.45942,0,3613,106594561766
34.9393,28.621,28.1863,0,79,80,78,1683,3504,2.32263,0,11.1269,2.45942,0,3613,106623184681
219.955,4.54638,28.1863,0,79,80,78,1683,3504,2.32263,0,11.1269,2.45942,0,3613,106627730032
49.2413,20.3081,28.1863,0,79,80,78,1683,3504,2.32263,0,11.1269,2.45942,0,3613,106648041109
76.2103,13.1216,28.1863,0,79,80,78,1683,3504,2.32263,0,11.1269,2.45942,0,3613,106661163251
35.8452,27.8977,28.1863,0,79,80,78,1683,3504,2.32263,0,11.1269,2.45942,0,3613,106689061729
186.828,5.35251,28.1863,0,79,80,78,1683,3504,2.32263,0,11.1269,2.45942,0,3613,106694415239
38.298,26.111,28.1863,0,79,80,78,1683,3504,2.32263,0,11.1269,2.45942,0,3613,106720525699
137.043,7.29697,28.1863,0,79,80,78,1683,3504,2.32263,0,11.1269,2.45942,0,3613,106727846018
44.9385,22.2526,28.1863,0,79,80,78,1683,3504,2.32263,0,11.1269,2.45942,0,3613,106750080267
91.4991,10.9291,28.1863,0,79,80,78,1683,3504,2.32263,0,11.1269,2.45942,0,3613,106761027490
48.2394,20.7299,28.1863,0,79,80,78,1683,3504,2.32263,0,11.1269,2.45942,0,3613,106781748514
79.1093,12.6407,25.187,0,79,80,78,1683,3504,2.32263,0,11.1275,2.45942,0,3435,106794398874
48.7402,20.5169,25.187,0,79,80,78,1683,3504,2.32263,0,11.1275,2.45942,0,3435,106814900520
77.9572,12.8275,25.187,0,79,80,78,1683,3504,2.32263,0,11.1275,2.45942,0,3435,106827746127
48.7686,20.505,25.187,0,79,80,78,1683,3504,2.32263,0,11.1275,2.45942,0,3435,106848234157
77.8809,12.8401,25.187,0,79,80,78,1683,3504,2.32263,0,11.1275,2.45942,0,3435,106861075454
36.3389,27.5187,25.187,0,79,80,78,1683,3504,2.32263,0,11.1275,2.45942,0,3435,106888594752
175.772,5.68919,25.187,0,79,80,78,1683,3504,2.32263,0,11.1275,2.45942,0,3435,106894284898
38.6817,25.852,25.187,0,79,80,78,1683,3504,2.32263,0,11.1275,2.45942,0,3435,106920137198
130.662,7.65331,25.187,0,79,80,78,1683,3504,2.32263,0,11.1275,2.45942,0,3435,106927791002
45.9393,21.7678,25.187,0,79,80,78,1683,3504,2.32263,0,11.1275,2.45942,0,3435,106949560933
87.6561,11.4082,25.187,0,79,80,78,1683,3504,2.32263,0,11.1275,2.45942,0,3435,106960968328
45.286,22.0819,25.187,0,79,80,78,1683,3504,2.32263,0,11.1275,2.45942,0,3435,106983051877
89.6698,11.152,25.187,0,79,80,78,1683,3504,2.32263,0,11.1275,2.45942,0,3435,106994221920
49.0221,20.399,25.187,0,79,80,78,1683,3504,2.32263,0,11.1275,2.45942,0,3435,107014604435
77.2612,12.9431,25.187,0,79,80,78,1683,3504,2.32263,0,11.1275,2.45942,0,3435,107027548436
49.7163,20.1141,25.187,0,79,80,78,1683,3504,2.32263,0,11.1275,2.45942,0,3435,107047664998
75.5896,13.2293,25.187,0,79,80,78,1683,3504,2.32263,0,11.1275,2.45942,0,3435,107060912212
36.5994,27.3228,25.187,0,79,80,78,1683,3504,2.32263,0,11.1275,2.45942,0,3435,107088218351
167.845,5.95786,25.187,0,79,80,78,1683,3504,2.32263,0,11.1275,2.45942,0,3435,107094194452
40.1527,24.9049,25.187,0,79,80,78,1683,3504,2.32263,0,11.1275,2.45942,0,3435,107119081136
117.782,8.49025,25.187,0,79,80,78,1683,3504,2.32263,0,11.1275,2.45942,0,3435,107127585518
49.8576,20.0571,25.187,0,79,80,78,1683,3504,2.32263,0,11.1275,2.45942,0,3435,107147632480
76.3618,13.0956,25.187,0,79,80,78,1683,3504,2.32263,0,11.1275,2.45942,0,3435,107160745187
48.9232,20.4402,25.187,0,79,80,78,1683,3504,2.32263,0,11.1275,2.45942,0,3435,107181169218
77.1037,12.9696,25.187,0,79,80,78,1683,3504,2.32263,0,11.1275,2.45942,0,3435,107194156091
49.9537,20.0186,25.187,0,79,80,78,1683,3504,2.32263,0,11.1275,2.45942,0,3435,107214159109
75.7485,13.2016,25.187,0,79,80,78,1683,3504,2.32263,0,11.1275,2.45942,0,3435,107227382329
41.4669,24.1156,25.187,0,79,80,78,1683,3504,2.32263,0,11.1275,2.45942,0,3435,107251479708
107.908,9.26718,25.187,0,79,80,78,1683,3504,2.32263,0,11.1275,2.45942,0,3435,107260763697
49.5182,20.1946,25.187,0,79,80,78,1683,3504,2.32263,0,11.1275,2.45942,0,3435,107280941341
76.9083,13.0025,25.187,0,79,80,78,1683,3504,2.32263,0,11.1275,2.45942,0,3435,107293946802
43.2895,23.1003,25.4902,0,80,80,78,1683,3504,2.32263,0,11.1275,2.45942,0,3400,107317047402
98.5485,10.1473,25.4902,0,80,80,78,1683,3504,2.32263,0,11.1275,2.45942,0,3400,107327194572
48.2009,20.7465,25.4902,0,80,80,78,1683,3504,2.32263,0,11.1275,2.45942,0,3400,107347943696
78.6318,12.7175,25.4902,0,80,80,78,1683,3504,2.32263,0,11.1275,2.45942,0,3400,107360660375
48.8987,20.4504,25.4902,0,80,80,78,1683,3504,2.32263,0,11.1275,2.45942,0,3400,107381111741
78.2033,12.7872,25.4902,0,80,80,78,1683,3504,2.32263,0,11.1275,2.45942,0,3400,107393899260
41.0287,24.3732,25.4902,0,80,80,78,1683,3504,2.32263,0,11.1275,2.45942,0,3400,107418273656
112.545,8.88532,25.4902,0,80,80,78,1683,3504,2.32263,0,11.1275,2.45942,0,3400,107427172913
44.335,22.5555,25.4902,0,80,80,78,1683,3504,2.32263,0,11.1275,2.45942,0,3400,107449717045
92.3703,10.826,25.4902,0,80,80,78,1683,3504,2.32263,0,11.1275,2.45942,0,3400,107460562134
47.3961,21.0988,25.4902,0,80,80,78,1683,3504,2.32263,0,11.1275,2.45942,0,3400,107481644345
81.7464,12.233,25.4902,0,80,80,78,1683,3504,2.32263,0,11.1275,2.45942,0,3400,107493895460
41.6119,24.0316,25.4902,0,80,80,78,1683,3504,2.32263,0,11.1275,2.45942,0,3400,107517909185
109.097,9.16615,25.4902,0,80,80,78,1683,3504,2.32263,0,11.1275,2.45942,0,3400,107527095350
44.8459,22.2986,25.4902,0,80,80,78,1683,3504,2.32263,0,11.1275,2.45942,0,3400,107549378711
90.5865,11.0392,25.4902,0,80,80,78,1683,3504,2.32263,0,11.1275,2.45942,0,3400,107560437235
48.4579,20.6365,25.4902,0,80,80,78,1683,3504,2.32263,0,11.1275,2.45942,0,3400,107581055732
79.0333,12.6529,25.4902,0,80,80,78,1683,3504,2.32263,0,11.1275,2.45942,0,3400,107593707995
40.9391,24.4265,25.4902,0,80,80,78,1683,3504,2.32263,0,11.1275,2.45942,0,3400,107618137244
113.497,8.8108,25.4902,0,80,80,78,1683,3504,2.32263,0,11.1275,2.45942,0,3400,107626947965
42.3487,23.6135,25.4902,0,80,80,78,1683,3504,2.32263,0,11.1275,2.45942,0,3400,107650563451
102.515,9.75464,25.4902,0,80,80,78,1683,3504,2.32263,0,11.1275,2.45942,0,3400,107660336482
47.4305,21.0835,25.4902,0,80,80,78,1683,3504,2.32263,0,11.1275,2.45942,0,3400,107681403286
81.3029,12.2997,25.4902,0,80,80,78,1683,3504,2.32263,0,11.1275,2.45942,0,3400,107693725841
41.2517,24.2414,25.4902,0,80,80,78,1683,3504,2.32263,0,11.1275,2.45942,0,3400,107717945490
111.902,8.93641,25.4902,0,80,80,78,1683,3504,2.32263,0,11.1275,2.45942,0,3400,107726900862
37.0898,26.9616,25.4902,0,80,80,78,1683,3504,2.32263,0,11.1275,2.45942,0,3400,107753845710
158.051,6.32707,25.4902,0,80,80,78,1683,3504,2.32263,0,11.1275,2.45942,0,3400,107760172287
40.9089,24.4445,25.4902,0,80,80,78,1683,3504,2.32263,0,11.1275,2.45942,0,3400,107784619870
111.213,8.99176,25.4902,0,80,80,78,1683,3504,2.32263,0,11.1275,2.45942,0,3400,107793611667
49.3978,20.2438,25.4902,0,80,80,78,1683,3504,2.32263,0,11.1275,2.45942,0,3400,107813865724
76.5795,13.0583,25.8706,0,80,80,78,1683,3504,2.32263,0,11.1405,2.45942,0,3532,107826916383
48.4756,20.6289,25.8706,0,80,80,78,1683,3504,2.32263,0,11.1405,2.45942,0,3532,107847546447
78.5153,12.7364,25.8706,0,80,80,78,1683,3504,2.32263,0,11.1405,2.45942,0,3532,107860282690
48.0967,20.7914,25.8706,0,80,80,78,1683,3504,2.32263,0,11.1405,2.45942,0,3532,107881075899
80.2115,12.467,25.8706,0,80,80,78,1683,3504,2.32263,0,11.1405,2.45942,0,3532,107893543082
39.2082,25.5049,25.8706,0,80,80,78,1683,3504,2.32263,0,11.1405,2.45942,0,3532,107919050063
128.757,7.76657,25.8706,0,80,80,78,1683,3504,2.32263,0,11.1405,2.45942,0,3532,107926816604
37.3905,26.7448,25.8706,0,80,80,78,1683,3504,2.32263,0,11.1405,2.45942,0,3532,107953563656
154.425,6.47563,25.8706,0,80,80,78,1683,3504,2.32263,0,11.1405,2.45942,0,3532,107960061864
39.7324,25.1684,25.8706,0,80,80,78,1683,3504,2.32263,0,11.1405,2.45942,0,3532,107985208742
123.398,8.10387,25.8706,0,80,80,78,1683,3504,2.32263,0,11.1405,2.45942,0,3532,107993312947
40.68,24.5821,25.8706,0,80,80,78,1683,3504,2.32263,0,11.1405,2.45942,0,3532,108017896206
113.46,8.81369,25.8706,0,80,80,78,1683,3504,2.32263,0,11.1405,2.45942,0,3532,108026729064
49.059,20.3836,25.8706,0,80,80,78,1683,3504,2.32263,0,11.1405,2.45942,0,3532,108047097001
77.2988,12.9368,25.8706,0,80,80,78,1683,3504,2.32263,0,11.1405,2.45942,0,3532,108060034194
48.7027,20.5327,25.8706,0,80,80,78,1683,3504,2.32263,0,11.1405,2.45942,0,3532,108080569178
78.2203,12.7844,25.8706,0,80,80,78,1683,3504,2.32263,0,11.1405,2.45942,0,3532,108093354298
49.6962,20.1223,25.8706,0,80,80,78,1683,3504,2.32263,0,11.1405,2.45942,0,3532,108113478655
75.5955,13.2283,25.8706,0,80,80,78,1683,3504,2.32263,0,11.1405,2.45942,0,3532,108126706227
49.2001,20.3251,25.8706,0,80,80,78,1683,3504,2.32263,0,11.1405,2.45942,0,3532,108147050918
78.027,12.8161,25.8706,0,80,80,78,1683,3504,2.32263,0,11.1405,2.45942,0,3532,108159882520
46.9223,21.3118,25.8706,0,80,80,78,1683,3504,2.32263,0,11.1405,2.45942,0,3532,108181175700
83.8096,11.9318,25.8706,0,80,80,78,1683,3504,2.32263,0,11.1405,2.45942,0,3532,108193107848
43.9491,22.7536,25.8706,0,80,80,78,1683,3504,2.32263,0,11.1405,2.45942,0,3532,108215863104
94.3875,10.5946,25.8706,0,80,80,78,1683,3504,2.32263,0,11.1405,2.45942,0,3532,108226457273
47.8819,20.8847,25.8706,0,80,80,78,1683,3504,2.32263,0,11.1405,2.45942,0,3532,108247343910
80.7542,12.3833,25.8706,0,80,80,78,1683,3504,2.32263,0,11.1405,2.45942,0,3532,108259745017
47.5646,21.024,25.8706,0,80,80,78,1683,3504,2.32263,0,11.1405,2.45942,0,3532,108280752583
80.4951,12.4231,25.8706,0,80,80,78,1683,3504,2.32263,0,11.1405,2.45942,0,3532,108293175633
36.3088,27.5415,25.8706,0,80,80,78,1683,3504,2.32263,0,11.1405,2.45942,0,3532,108320724855
172.858,5.78509,29.2683,0,80,84,78,1683,3504,2.32263,0,11.1405,2.45942,0,3435,108326522768
39.2462,25.4802,29.2683,0,80,84,78,1683,3504,2.32263,0,11.1405,2.45942,0,3435,108351985303
127.537,7.84083,29.2683,0,80,84,78,1683,3504,2.32263,0,11.1405,2.45942,0,3435,108359827440
46.8384,21.35,29.2683,0,80,84,78,1683,3504,2.32263,0,11.1405,2.45942,0,3435,108381178727
83.6682,11.952,29.2683,0,80,84,78,1683,3504,2.32263,0,11.1405,2.45942,0,3435,108393130658
43.3485,23.0688,29.2683,0,80,84,78,1683,3504,2.32263,0,11.1405,2.45942,0,3435,108416200385
98.8404,10.1173,29.2683,0,80,84,78,1683,3504,2.32263,0,11.1405,2.45942,0,3435,108426336559
46.6201,21.45,29.2683,0,80,84,78,1683,3504,2.32263,0,11.1405,2.45942,0,3435,108447775895
84.5153,11.8322,29.2683,0,80,84,78,1683,3504,2.32263,0,11.1405,2.45942,0,3435,108459623624
47.9963,20.8349,29.2683,0,80,84,78,1683,3504,2.32263,0,11.1405,2.45942,0,3435,108480440671
80.5302,12.4177,29.2683,0,80,84,78,1683,3504,2.32263,0,11.1405,2.45942,0,3435,108492876823
36.1601,27.6548,29.2683,0,80,84,78,1683,3504,2.32263,0,11.1405,2.45942,0,3435,108520513534
171.339,5.83639,29.2683,0,80,84,78,1683,3504,2.32263,0,11.1405,2.45942,0,3435,108526351037
38.918,25.695,29.2683,0,80,84,78,1683,3504,2.32263,0,11.1405,2.45942,0,3435,108552047665
134.538,7.43282,29.2683,0,80,84,78,1683,3504,2.32263,0,11.1405,2.45942,0,3435,108559481434
43.9529,22.7517,29.2683,0,80,84,78,1683,3504,2.32263,0,11.1405,2.45942,0,3435,108582235032
93.7878,10.6624,29.2683,0,80,84,78,1683,3504,2.32263,0,11.1405,2.45942,0,3435,108592923086
47.7646,20.936,29.2683,0,80,84,78,1683,3504,2.32263,0,11.1405,2.45942,0,3435,108613836017
81.6381,12.2492,29.2683,0,80,84,78,1683,3504,2.32263,0,11.1405,2.45942,0,3435,108626084697
48.6499,20.555,29.2683,0,80,84,78,1683,3504,2.32263,0,11.1405,2.45942,0,3435,108646641049
77.7739,12.8578,29.2683,0,80,84,78,1683,3504,2.32263,0,11.1405,2.45942,0,3435,108659519583
40.0522,24.9674,29.2683,0,80,84,78,1683,3504,2.32263,0,11.1405,2.45942,0,3435,108684467727
120.964,8.2669,29.2683,0,80,84,78,1683,3504,2.32263,0,11.1405,2.45942,0,3435,108692735158
42.7721,23.3797,29.2683,0,80,84,78,1683,3504,2.32263,0,11.1405,2.45942,0,3435,108716116924
100.995,9.90143,29.2683,0,80,84,78,1683,3504,2.32263,0,11.1405,2.45942,0,3435,108726034860
39.2571,25.4731,29.2683,0,80,84,78,1683,3504,2.32263,0,11.1405,2.45942,0,3435,108751494299
128.159,7.80281,29.2683,0,80,84,78,1683,3504,2.32263,0,11.1405,2.45942,0,3435,108759315097
42.2853,23.6489,29.2683,0,80,84,78,1683,3504,2.32263,0,11.1405,2.45942,0,3435,108782948036
103.343,9.67651,29.2683,0,80,84,78,1683,3504,2.32263,0,11.1405,2.45942,0,3435,108792625298
49.1164,20.3598,29.2683,0,80,84,78,1683,3504,2.32263,0,11.1405,2.45942,0,3435,108812985648
77.0911,12.9717,29.2683,0,80,84,78,1683,3504,2.32263,0,11.1405,2.45942,0,3435,108825960434
48.8906,20.4538,28.2443,0,81,84,78,1683,3504,2.32263,0,11.1481,2.45942,0,3500,108846418567
77.4399,12.9132,28.2443,0,81,84,78,1683,3504,2.32263,0,11.1481,2.45942,0,3500,108859327811
43.6821,22.8927,28.2443,0,81,84,78,1683,3504,2.32263,0,11.1481,2.45942,0,3500,108882223314
97.0973,10.2989,28.2443,0,81,84,78,1683,3504,2.32263,0,11.1481,2.45942,0,3500,108892540310
43.6563,22.9062,28.2443,0,81,84,78,1683,3504,2.32263,0,11.1481,2.45942,0,3500,108915429911
95.2713,10.4963,28.2443,0,81,84,78,1683,3504,2.32263,0,11.1481,2.45942,0,3500,108925944603
41.6475,24.0111,28.2443,0,81,84,78,1683,3504,2.32263,0,11.1481,2.45942,0,3500,108949939016
108.738,9.19643,28.2443,0,81,84,78,1683,3504,2.32263,0,11.1481,2.45942,0,3500,108959136203
44.8187,22.3121,28.2443,0,81,84,78,1683,3504,2.32263,0,11.1481,2.45942,0,3500,108981450197
89.3928,11.1866,28.2443,0,81,84,78,1683,3504,2.32263,0,11.1481,2.45942,0,3500,108992654284
34.0176,29.3966,28.2443,0,81,84,78,1683,3504,2.32263,0,11.1481,2.45942,0,3500,109022034717
267.715,3.73532,28.2443,0,81,84,78,1683,3504,2.32263,0,11.1481,2.45942,0,3500,109025769217
41.2802,24.2247,28.2443,0,81,84,78,1683,3504,2.32263,0,11.1481,2.45942,0,3500,109049996370
110.306,9.06568,28.2443,0,81,84,78,1683,3504,2.32263,0,11.1481,2.45942,0,3500,109059074717
48.3228,20.6942,28.2443,0,81,84,78,1683,3504,2.32263,0,11.1481,2.45942,0,3500,109079757540
79.1341,12.6368,28.2443,0,81,84,78,1683,3504,2.32263,0,11.1481,2.45942,0,3500,109092394500
48.2567,20.7225,28.2443,0,81,84,78,1683,3504,2.32263,0,11.1481,2.45942,0,3500,109113119281
79.0384,12.6521,28.2443,0,81,84,78,1683,3504,2.32263,0,11.1481,2.45942,0,3500,109125793318
40.6004,24.6303,28.2443,0,81,84,78,1683,3504,2.32263,0,11.1481,2.45942,0,3500,109150402890
116.044,8.61744,28.2443,0,81,84,78,1683,3504,2.32263,0,11.1481,2.45942,0,3500,109159039129
48.4126,20.6558,28.2443,0,81,84,78,1683,3504,2.32263,0,11.1481,2.45942,0,3500,109179678024
79.1344,12.6367,28.2443,0,81,84,78,1683,3504,2.32263,0,11.1481,2.45942,0,3500,109192314944
38.2634,26.1347,28.2443,0,81,84,78,1683,3504,2.32263,0,11.1481,2.45942,0,3500,109218451429
136.034,7.35108,28.2443,0,81,84,78,1683,3504,2.32263,0,11.1481,2.45942,0,3500,109225822458
40.1486,24.9075,28.2443,0,81,84,78,1683,3504,2.32263,0,11.1481,2.45942,0,3500,109250711561
122.089,8.19075,28.2443,0,81,84,78,1683,3504,2.32263,0,11.1481,2.45942,0,3500,109258903304
47.9015,20.8762,28.2443,0,81,84,78,1683,3504,2.32263,0,11.1481,2.45942,0,3500,109279780847
81.0519,12.3378,28.2443,0,81,84,78,1683,3504,2.32263,0,11.1481,2.45942,0,3500,109292119610
38.1063,26.2424,28.2443,0,81,84,78,1683,3504,2.32263,0,11.1481,2.45942,0,3500,109318390575
130.918,7.63837,28.2443,0,81,84,78,1683,3504,2.32263,0,11.1481,2.45942,0,3500,109326006429
42.8589,23.3324,27.6215,0,83,83,78,1683,3504,2.32263,0,11.1637,2.45942,0,1777,109349336888
100.728,9.92771,27.6215,0,83,83,78,1683,3504,2.32263,0,11.1637,2.45942,0,1777,109359264319
35.0271,28.5493,27.6215,0,83,83,78,1683,3504,2.32263,0,11.1637,2.45942,0,1777,109387814925
194.274,5.14738,27.6215,0,83,83,78,1683,3504,2.32263,0,11.1637,2.45942,0,1777,109392965238
36.5864,27.3325,27.6215,0,83,83,78,1683,3504,2.32263,0,11.1637,2.45942,0,1777,109420298030
187.021,5.347,27.6215,0,83,83,78,1683,3504,2.32263,0,11.1637,2.45942,0,1777,109425645418
25.5732,39.1034,27.6215,0,83,83,78,1683,3504,2.32263,0,11.1637,2.45942,0,1777,109464749797
584.081,1.71209,27.6215,0,83,83,78,1683,3504,2.32263,0,11.1637,2.45942,0,1777,109466462123
41.4676,24.1152,27.6215,0,83,83,78,1683,3504,2.32263,0,11.1637,2.45942,0,1777,109490579285
54.2806,18.4228,27.6215,0,83,83,78,1683,3504,2.32263,0,11.1637,2.45942,0,1777,109509023246
25.765,38.8124,27.6215,0,83,83,78,1683,3504,2.32263,0,11.1637,2.45942,0,1777,109547814791
1336.78,0.748069,27.6215,0,83,83,78,1683,3504,2.32263,0,11.1637,2.45942,0,1777,109548562714
72.5812,13.7777,27.6215,0,83,83,78,1683,3504,2.32263,0,11.1637,2.45942,0,1777,109562343436
75.4946,13.246,27.6215,0,83,83,78,1683,3504,2.32263,0,11.1637,2.45942,0,1777,109575609095
19.5291,51.2056,27.6215,0,83,83,78,1683,3504,2.32263,0,11.1637,2.45942,0,1777,109626816070
1838.9,0.543802,27.6215,0,83,83,78,1683,3504,2.32263,0,11.1637,2.45942,0,1777,109627358707
58.5591,17.0768,27.6215,0,83,83,78,1683,3504,2.32263,0,11.1637,2.45942,0,1777,109644437314
997.671,1.00233,27.6215,0,83,83,78,1683,3504,2.32263,0,11.1637,2.45942,0,1777,109645461878
46.4923,21.5089,27.6215,0,83,83,78,1683,3504,2.32263,0,11.1637,2.45942,0,1777,109666972131
116.203,8.60561,27.6215,0,83,83,78,1683,3504,2.32263,0,11.1637,2.45942,0,1777,109675558692
35.6633,28.04,27.6215,0,83,83,78,1683,3504,2.32263,0,11.1637,2.45942,0,1777,109703599646
186.787,5.35368,27.6215,0,83,83,78,1683,3504,2.32263,0,11.1637,2.45942,0,1777,109708981985
17.7477,56.3453,27.6215,0,83,83,78,1683,3504,2.32263,0,11.1637,2.45942,0,1777,109765299767
1751.75,0.570858,27.6215,0,83,83,78,1683,3504,2.32263,0,11.1637,2.45942,0,1777,109765869439
123.914,8.07013,27.6215,0,83,83,78,1683,3504,2.32263,0,11.1637,2.45942,0,1777,109773964338
53.8235,18.5792,27.6215,0,83,83,78,1683,3504,2.32263,0,11.1637,2.45942,0,1777,109792544927
24.5361,40.7563,27.6215,0,83,83,78,1683,3504,2.32263,0,11.1637,2.45942,0,1777,109833310832
585.94,1.70666,59.4527,0,85,83,77,1555,3504,2.32263,0,11.1656,2.45942,0,1810,109834987556
46.1154,21.6847,59.4527,0,85,83,77,1555,3504,2.32263,0,11.1656,2.45942,0,1810,109856674784
469.598,2.12948,59.4527,0,85,83,77,1555,3504,2.32263,0,11.1656,2.45942,0,1810,109858803485
29.7075,33.6615,59.4527,0,85,83,77,1555,3504,2.32263,0,11.1656,2.45942,0,1810,109892479056
1173.3,0.852299,59.4527,0,85,83,77,1555,3504,2.32263,0,11.1656,2.45942,0,1810,109893318831
42.2355,23.6768,59.4527,0,85,83,77,1555,3504,2.32263,0,11.1656,2.45942,0,1810,109917019176
119.5,8.36817,59.4527,0,85,83,77,1555,3504,2.32263,0,11.1656,2.45942,0,1810,109925388279
40.8073,24.5054,59.4527,0,85,83,77,1555,3504,2.32263,0,11.1656,2.45942,0,1810,109949895464
115.936,8.62547,59.4527,0,85,83,77,1555,3504,2.32263,0,11.1656,2.45942,0,1810,109958521765
33.3456,29.989,59.4527,0,85,83,77,1555,3504,2.32263,0,11.1656,2.45942,0,1810,109988512005
289.344,3.4561,59.4527,0,85,83,77,1555,3504,2.32263,0,11.1656,2.45942,0,1810,109991969389
41.2876,24.2204,59.4527,0,85,83,77,1555,3504,2.32263,0,11.1656,2.45942,0,1810,110016212074
