os,cpu,gpu,ram,kernel,driver,cpuscheduler
Steam Runtime 4,Intel Core i7-7700HQ CPU @ 2.80GHz,NVIDIA GeForce GTX 1050 Ti,24468604,6.12.108-1-MANJARO,,schedutil
fps,frametime,cpu_load,cpu_power,gpu_load,cpu_temp,gpu_temp,gpu_core_clock,gpu_mem_clock,gpu_vram_used,gpu_power,ram_used,swap_used,process_rss,cpu_mhz,elapsed
39.02,25.6279,58.7786,0,100,98,0,0,0,0,0,16.5715,7.57664,0,3400,441261841
33.0825,30.2275,58.7786,0,100,98,0,0,0,0,0,16.5715,7.57664,0,3400,471491481
79.4429,12.5877,58.7786,0,100,98,0,0,0,0,0,16.5715,7.57664,0,3400,484079073
76.7186,13.0347,58.7786,0,100,98,0,0,0,0,0,16.5715,7.57664,0,3400,497115379
40.536,24.6694,58.7786,0,100,98,0,0,0,0,0,16.5715,7.57664,0,3400,521786445
52.0052,19.2288,58.7786,0,100,98,0,0,0,0,0,16.5715,7.57664,0,3400,541016731
50.2464,19.9019,58.7786,0,100,98,0,0,0,0,0,16.5715,7.57664,0,3400,560920135
49.082,20.3741,58.7786,0,100,98,0,0,0,0,0,16.5715,7.57664,0,3400,581296171
50.4244,19.8317,58.7786,0,100,98,0,0,0,0,0,16.5715,7.57664,0,3400,601127793
44.7273,22.3577,58.7786,0,100,98,0,0,0,0,0,16.5715,7.57664,0,3400,623487810
44.8015,22.3207,58.7786,0,100,98,0,0,0,0,0,16.5715,7.57664,0,3400,645809691
55.7177,17.9476,58.7786,0,100,98,0,0,0,0,0,16.5715,7.57664,0,3400,663757243
50.7354,19.7101,58.7786,0,100,98,0,0,0,0,0,16.5715,7.57664,0,3400,683469385
46.2062,21.6421,58.7786,0,100,98,0,0,0,0,0,16.5715,7.57664,0,3400,705112353
57.0986,17.5136,58.7786,0,100,98,0,0,0,0,0,16.5715,7.57664,0,3400,722626628
44.9744,22.2349,58.7786,0,100,98,0,0,0,0,0,16.5715,7.57664,0,3400,744863220
50.7526,19.7034,58.7786,0,100,98,0,0,0,0,0,16.5715,7.57664,0,3400,764568000
43.522,22.9769,58.7786,0,100,98,0,0,0,0,0,16.5715,7.57664,0,3400,787545898
28.2996,35.3362,58.7786,0,100,98,0,0,0,0,0,16.5715,7.57664,0,3400,822885526
195.783,5.10769,58.7786,0,100,98,0,0,0,0,0,16.5715,7.57664,0,3400,827992599
48.0765,20.8002,58.7786,0,100,98,0,0,0,0,0,16.5715,7.57664,0,3400,848794449
45.6312,21.9148,58.7786,0,100,98,0,0,0,0,0,16.5715,7.57664,0,3400,870710577
52.263,19.134,58.7786,0,100,98,0,0,0,0,0,16.5715,7.57664,0,3400,889846499
45.6677,21.8973,58.7786,0,100,98,0,0,0,0,0,16.5715,7.57664,0,3400,911747641
43.3259,23.0809,69.1139,0,100,95,55,1186,2452,1.56411,0,16.6217,7.57664,0,3400,934826446
52.3539,19.1008,69.1139,0,100,95,55,1186,2452,1.56411,0,16.6217,7.57664,0,3400,953927704
48.3013,20.7034,69.1139,0,100,95,55,1186,2452,1.56411,0,16.6217,7.57664,0,3400,974633001
57.6529,17.3452,69.1139,0,100,95,55,1186,2452,1.56411,0,16.6217,7.57664,0,3400,991979614
52.7256,18.9661,69.1139,0,100,95,55,1186,2452,1.56411,0,16.6217,7.57664,0,3400,1010946895
43.7574,22.8533,69.1139,0,100,95,55,1186,2452,1.56411,0,16.6217,7.57664,0,3400,1033800472
52.5412,19.0327,69.1139,0,100,95,55,1186,2452,1.56411,0,16.6217,7.57664,0,3400,1052836212
44.5028,22.4705,69.1139,0,100,95,55,1186,2452,1.56411,0,16.6217,7.57664,0,3400,1075306599
50.8948,19.6484,69.1139,0,100,95,55,1186,2452,1.56411,0,16.6217,7.57664,0,3400,1094957003
49.8391,20.0646,69.1139,0,100,95,55,1186,2452,1.56411,0,16.6217,7.57664,0,3400,1115023003
51.6235,19.371,69.1139,0,100,95,55,1186,2452,1.56411,0,16.6217,7.57664,0,3400,1134394995
39.5667,25.2738,69.1139,0,100,95,55,1186,2452,1.56411,0,16.6217,7.57664,0,3400,1159670286
58.4474,17.1094,69.1139,0,100,95,55,1186,2452,1.56411,0,16.6217,7.57664,0,3400,1176780886
53.4155,18.7212,69.1139,0,100,95,55,1186,2452,1.56411,0,16.6217,7.57664,0,3400,1195504830
49.5939,20.1638,69.1139,0,100,95,55,1186,2452,1.56411,0,16.6217,7.57664,0,3400,1215669095
48.1254,20.7791,69.1139,0,100,95,55,1186,2452,1.56411,0,16.6217,7.57664,0,3400,1236448602
42.9887,23.2619,69.1139,0,100,95,55,1186,2452,1.56411,0,16.6217,7.57664,0,3400,1259712404
50.0642,19.9744,69.1139,0,100,95,55,1186,2452,1.56411,0,16.6217,7.57664,0,3400,1279687260
53.8783,18.5603,69.1139,0,100,95,55,1186,2452,1.56411,0,16.6217,7.57664,0,3400,1298250138
43.0611,23.2228,69.1139,0,100,95,55,1186,2452,1.56411,0,16.6217,7.57664,0,3400,1321474084
54.1335,18.4729,69.1139,0,100,95,55,1186,2452,1.56411,0,16.6217,7.57664,0,3400,1339947786
55.4262,18.042,69.1139,0,100,95,55,1186,2452,1.56411,0,16.6217,7.57664,0,3400,1357991763
47.7683,20.9344,69.1139,0,100,95,55,1186,2452,1.56411,0,16.6217,7.57664,0,3400,1378926838
47.3525,21.1182,69.1139,0,100,95,55,1186,2452,1.56411,0,16.6217,7.57664,0,3400,1400046445
54.0603,18.4979,69.1139,0,100,95,55,1186,2452,1.56411,0,16.6217,7.57664,0,3400,1418548576
28.2292,35.4243,61.8454,0,100,95,79,1690,3504,2.23444,0,16.5972,7.57664,0,3406,1453970100
170.554,5.86325,61.8454,0,100,95,79,1690,3504,2.23444,0,16.5972,7.57664,0,3406,1459835648
49.4694,20.2145,61.8454,0,100,95,79,1690,3504,2.23444,0,16.5972,7.57664,0,3406,1480051354
44.9952,22.2246,61.8454,0,100,95,79,1690,3504,2.23444,0,16.5972,7.57664,0,3406,1502276896
53.8806,18.5596,61.8454,0,100,95,79,1690,3504,2.23444,0,16.5972,7.57664,0,3406,1520837184
48.4326,20.6473,61.8454,0,100,95,79,1690,3504,2.23444,0,16.5972,7.57664,0,3406,1541486386
44.9131,22.2652,61.8454,0,100,95,79,1690,3504,2.23444,0,16.5972,7.57664,0,3406,1563752422
53.884,18.5584,61.8454,0,100,95,79,1690,3504,2.23444,0,16.5972,7.57664,0,3406,1582312393
44.9766,22.2338,61.8454,0,100,95,79,1690,3504,2.23444,0,16.5972,7.57664,0,3406,1604574131
23.9536,41.7475,61.8454,0,100,95,79,1690,3504,2.23444,0,16.5972,7.57664,0,3406,1646296104
940.379,1.0634,61.8454,0,100,95,79,1690,3504,2.23444,0,16.5972,7.57664,0,3406,1647360278
25.3837,39.3954,61.8454,0,100,95,79,1690,3504,2.23444,0,16.5972,7.57664,0,3406,1686757556
90.2027,11.0861,61.8454,0,100,95,79,1690,3504,2.23444,0,16.5972,7.57664,0,3406,1697844857
61.8638,16.1645,61.8454,0,100,95,79,1690,3504,2.23444,0,16.5972,7.57664,0,3406,1714010921
40.3753,24.7676,61.8454,0,100,95,79,1690,3504,2.23444,0,16.5972,7.57664,0,3406,1738780853
65.9785,15.1565,61.8454,0,100,95,79,1690,3504,2.23444,0,16.5972,7.57664,0,3406,1753938060
49.1157,20.3601,61.8454,0,100,95,79,1690,3504,2.23444,0,16.5972,7.57664,0,3406,1774298537
46.3902,21.5563,61.8454,0,100,95,79,1690,3504,2.23444,0,16.5972,7.57664,0,3406,1795856270
51.6837,19.3485,61.8454,0,100,95,79,1690,3504,2.23444,0,16.5972,7.57664,0,3406,1815205487
42.5544,23.4994,61.8454,0,100,95,79,1690,3504,2.23444,0,16.5972,7.57664,0,3406,1838705805
32.9882,30.3139,61.8454,0,100,95,79,1690,3504,2.23444,0,16.5972,7.57664,0,3406,1869020158
115.002,8.69549,61.8454,0,100,95,79,1690,3504,2.23444,0,16.5972,7.57664,0,3406,1877716772
40.5887,24.6374,61.8454,0,100,95,79,1690,3504,2.23444,0,16.5972,7.57664,0,3406,1902355440
59.5258,16.7994,61.8454,0,100,95,79,1690,3504,2.23444,0,16.5972,7.57664,0,3406,1919163244
47.2361,21.1703,60.5598,0,100,98,79,1683,3504,2.23444,0,16.6117,7.57664,0,3400,1940328063
32.425,30.8404,60.5598,0,100,98,79,1683,3504,2.23444,0,16.6117,7.57664,0,3400,1973911526
52.4575,19.063,60.5598,0,100,98,79,1683,3504,2.23444,0,16.6117,7.57664,0,3400,1992996271
78.2313,12.7826,60.5598,0,100,98,79,1683,3504,2.23444,0,16.6117,7.57664,0,3400,2005779802
38.3737,26.0595,60.5598,0,100,98,79,1683,3504,2.23444,0,16.6117,7.57664,0,3400,2031841784
53.2296,18.7866,60.5598,0,100,98,79,1683,3504,2.23444,0,16.6117,7.57664,0,3400,2050628809
48.1197,20.7815,60.5598,0,100,98,79,1683,3504,2.23444,0,16.6117,7.57664,0,3400,2071390065
48.0095,20.8292,60.5598,0,100,98,79,1683,3504,2.23444,0,16.6117,7.57664,0,3400,2092220909
41.0094,24.3847,60.5598,0,100,98,79,1683,3504,2.23444,0,16.6117,7.57664,0,3400,2116628179
47.5008,21.0523,60.5598,0,100,98,79,1683,3504,2.23444,0,16.6117,7.57664,0,3400,2137659762
83.0639,12.0389,60.5598,0,100,98,79,1683,3504,2.23444,0,16.6117,7.57664,0,3400,2149699887
36.6749,27.2666,60.5598,0,100,98,79,1683,3504,2.23444,0,16.6117,7.57664,0,3400,2176968824
54.9462,18.1996,60.5598,0,100,98,79,1683,3504,2.23444,0,16.6117,7.57664,0,3400,2195169809
38.7231,25.8244,60.5598,0,100,98,79,1683,3504,2.23444,0,16.6117,7.57664,0,3400,2220994657
39.0651,25.5983,60.5598,0,100,98,79,1683,3504,2.23444,0,16.6117,7.57664,0,3400,2246594516
64.8911,15.4104,60.5598,0,100,98,79,1683,3504,2.23444,0,16.6117,7.57664,0,3400,2262019574
54.1386,18.4711,60.5598,0,100,98,79,1683,3504,2.23444,0,16.6117,7.57664,0,3400,2280499711
43.7911,22.8357,60.5598,0,100,98,79,1683,3504,2.23444,0,16.6117,7.57664,0,3400,2303337460
67.094,14.9045,60.5598,0,100,98,79,1683,3504,2.23444,0,16.6117,7.57664,0,3400,2318242835
42.4874,23.5364,60.5598,0,100,98,79,1683,3504,2.23444,0,16.6117,7.57664,0,3400,2341801282
51.0424,19.5916,60.5598,0,100,98,79,1683,3504,2.23444,0,16.6117,7.57664,0,3400,2361394433
56.3964,17.7316,60.5598,0,100,98,79,1683,3504,2.23444,0,16.6117,7.57664,0,3400,2379105209
48.1795,20.7557,60.5598,0,100,98,79,1683,3504,2.23444,0,16.6117,7.57664,0,3400,2399862506
50.2516,19.8999,60.5598,0,100,98,79,1683,3504,2.23444,0,16.6117,7.57664,0,3400,2419766075
33.995,29.4161,76.1905,0,98,98,78,1661,3504,2.23444,0,16.6115,7.57664,0,1820,2449202552
76.1975,13.1238,76.1905,0,98,98,78,1661,3504,2.23444,0,16.6115,7.57664,0,1820,2462327985
47.8661,20.8916,76.1905,0,98,98,78,1661,3504,2.23444,0,16.6115,7.57664,0,1820,2483220162
46.9506,21.299,76.1905,0,98,98,78,1661,3504,2.23444,0,16.6115,7.57664,0,1820,2504520433
38.583,25.9182,76.1905,0,98,98,78,1661,3504,2.23444,0,16.6115,7.57664,0,1820,2530439200
39.8655,25.0843,76.1905,0,98,98,78,1661,3504,2.23444,0,16.6115,7.57664,0,1820,2555524995
41.452,24.1243,76.1905,0,98,98,78,1661,3504,2.23444,0,16.6115,7.57664,0,1820,2579651285
37.1058,26.95,76.1905,0,98,98,78,1661,3504,2.23444,0,16.6115,7.57664,0,1820,2606624077
43.5205,22.9777,76.1905,0,98,98,78,1661,3504,2.23444,0,16.6115,7.57664,0,1820,2629582066
45.5217,21.9675,76.1905,0,98,98,78,1661,3504,2.23444,0,16.6115,7.57664,0,1820,2651549842
31.5277,31.7182,76.1905,0,98,98,78,1661,3504,2.23444,0,16.6115,7.57664,0,1820,2683269712
47.6483,20.9871,76.1905,0,98,98,78,1661,3504,2.23444,0,16.6115,7.57664,0,1820,2704257217
50.0135,19.9946,76.1905,0,98,98,78,1661,3504,2.23444,0,16.6115,7.57664,0,1820,2724253934
34.3561,29.1069,76.1905,0,98,98,78,1661,3504,2.23444,0,16.6115,7.57664,0,1820,2753361698
42.625,23.4604,76.1905,0,98,98,78,1661,3504,2.23444,0,16.6115,7.57664,0,1820,2776844662
37.0646,26.9799,76.1905,0,98,98,78,1661,3504,2.23444,0,16.6115,7.57664,0,1820,2803830105
65.4568,15.2772,76.1905,0,98,98,78,1661,3504,2.23444,0,16.6115,7.57664,0,1820,2819083455
47.7976,20.9215,76.1905,0,98,98,78,1661,3504,2.23444,0,16.6115,7.57664,0,1820,2840005745
37.8987,26.3862,76.1905,0,98,98,78,1661,3504,2.23444,0,16.6115,7.57664,0,1820,2866393117
44.0551,22.6988,76.1905,0,98,98,78,1661,3504,2.23444,0,16.6115,7.57664,0,1820,2889092704
38.3543,26.0727,76.1905,0,98,98,78,1661,3504,2.23444,0,16.6115,7.57664,0,1820,2915188172
44.8199,22.3115,76.1905,0,98,98,78,1661,3504,2.23444,0,16.6115,7.57664,0,1820,2937483649
44.9256,22.259,75.8186,0,98,85,78,1661,3504,2.23444,0,16.6419,7.57664,0,1797,2959761403
41.9527,23.8364,75.8186,0,98,85,78,1661,3504,2.23444,0,16.6419,7.57664,0,1797,2983578846
52.6063,19.0091,75.8186,0,98,85,78,1661,3504,2.23444,0,16.6419,7.57664,0,1797,3002588641
41.1197,24.3193,75.8186,0,98,85,78,1661,3504,2.23444,0,16.6419,7.57664,0,1797,3026908234
46.3166,21.5905,75.8186,0,98,85,78,1661,3504,2.23444,0,16.6419,7.57664,0,1797,3048500291
43.4981,22.9895,75.8186,0,98,85,78,1661,3504,2.23444,0,16.6419,7.57664,0,1797,3071511860
46.191,21.6492,75.8186,0,98,85,78,1661,3504,2.23444,0,16.6419,7.57664,0,1797,3093141496
41.0642,24.3521,75.8186,0,98,85,78,1661,3504,2.23444,0,16.6419,7.57664,0,1797,3117494963
46.6694,21.4273,75.8186,0,98,85,78,1661,3504,2.23444,0,16.6419,7.57664,0,1797,3138923007
39.585,25.2621,75.8186,0,98,85,78,1661,3504,2.23444,0,16.6419,7.57664,0,1797,3164187009
42.0945,23.7561,75.8186,0,98,85,78,1661,3504,2.23444,0,16.6419,7.57664,0,1797,3187943370
41.1505,24.301,75.8186,0,98,85,78,1661,3504,2.23444,0,16.6419,7.57664,0,1797,3212247724
44.8014,22.3207,75.8186,0,98,85,78,1661,3504,2.23444,0,16.6419,7.57664,0,1797,3234567889
45.3838,22.0343,75.8186,0,98,85,78,1661,3504,2.23444,0,16.6419,7.57664,0,1797,3256602691
34.2231,29.22,75.8186,0,98,85,78,1661,3504,2.23444,0,16.6419,7.57664,0,1797,3285824652
57.8672,17.2809,75.8186,0,98,85,78,1661,3504,2.23444,0,16.6419,7.57664,0,1797,3303107732
32.3938,30.8701,75.8186,0,98,85,78,1661,3504,2.23444,0,16.6419,7.57664,0,1797,3333999456
71.3034,14.0246,75.8186,0,98,85,78,1661,3504,2.23444,0,16.6419,7.57664,0,1797,3348004233
37.3639,26.7638,75.8186,0,98,85,78,1661,3504,2.23444,0,16.6419,7.57664,0,1797,3374781982
43.8222,22.8195,75.8186,0,98,85,78,1661,3504,2.23444,0,16.6419,7.57664,0,1797,3397610683
50.0553,19.9779,75.8186,0,98,85,78,1661,3504,2.23444,0,16.6419,7.57664,0,1797,3417589395
29.4274,33.982,75.8186,0,98,85,78,1661,3504,2.23444,0,16.6419,7.57664,0,1797,3451578580
56.9498,17.5593,74.4361,0,99,85,76,1438,3504,2.23444,0,16.6491,7.57664,0,1728,3469113635
47.7094,20.9602,74.4361,0,99,85,76,1438,3504,2.23444,0,16.6491,7.57664,0,1728,3490074549
38.0935,26.2512,74.4361,0,99,85,76,1438,3504,2.23444,0,16.6491,7.57664,0,1728,3516327650
47.5713,21.0211,74.4361,0,99,85,76,1438,3504,2.23444,0,16.6491,7.57664,0,1728,3537350806
44.4333,22.5056,74.4361,0,99,85,76,1438,3504,2.23444,0,16.6491,7.57664,0,1728,3559878896
60.5865,16.5053,74.4361,0,99,85,76,1438,3504,2.23444,0,16.6491,7.57664,0,1728,3576384583
42.3688,23.6023,74.4361,0,99,85,76,1438,3504,2.23444,0,16.6491,7.57664,0,1728,3599989055
36.5295,27.3751,74.4361,0,99,85,76,1438,3504,2.23444,0,16.6491,7.57664,0,1728,3627365174
32.5868,30.6873,74.4361,0,99,85,76,1438,3504,2.23444,0,16.6491,7.57664,0,1728,3658052839
64.4869,15.507,74.4361,0,99,85,76,1438,3504,2.23444,0,16.6491,7.57664,0,1728,3673561608
37.9459,26.3533,74.4361,0,99,85,76,1438,3504,2.23444,0,16.6491,7.57664,0,1728,3699917270
55.6838,17.9585,74.4361,0,99,85,76,1438,3504,2.23444,0,16.6491,7.57664,0,1728,3717877755
40.2091,24.87,74.4361,0,99,85,76,1438,3504,2.23444,0,16.6491,7.57664,0,1728,3742748053
43.0343,23.2373,74.4361,0,99,85,76,1438,3504,2.23444,0,16.6491,7.57664,0,1728,3765986936
38.8842,25.7174,74.4361,0,99,85,76,1438,3504,2.23444,0,16.6491,7.57664,0,1728,3791706092
50.8154,19.6791,74.4361,0,99,85,76,1438,3504,2.23444,0,16.6491,7.57664,0,1728,3811407848
32.0766,31.1754,74.4361,0,99,85,76,1438,3504,2.23444,0,16.6491,7.57664,0,1728,3842584258
64.0601,15.6103,74.4361,0,99,85,76,1438,3504,2.23444,0,16.6491,7.57664,0,1728,3858195937
44.3158,22.5653,74.4361,0,99,85,76,1438,3504,2.23444,0,16.6491,7.57664,0,1728,3880783578
55.7725,17.93,74.4361,0,99,85,76,1438,3504,2.23444,0,16.6491,7.57664,0,1728,3898694754
36.5164,27.3849,74.4361,0,99,85,76,1438,3504,2.23444,0,16.6491,7.57664,0,1728,3926100634
44.1614,22.6442,74.4361,0,99,85,76,1438,3504,2.23444,0,16.6491,7.57664,0,1728,3948725130
50.5989,19.7633,74.4361,0,99,85,76,1438,3504,2.23444,0,16.6491,7.57664,0,1728,3968516445
48.5298,20.6059,82.439,0,100,85,75,1417,3504,2.23444,0,16.6485,7.57664,0,1761,3989119113
40.1075,24.933,82.439,0,100,85,75,1417,3504,2.23444,0,16.6485,7.57664,0,1761,4014052675
36.1045,27.6974,82.439,0,100,85,75,1417,3504,2.23444,0,16.6485,7.57664,0,1761,4041765452
59.3518,16.8487,82.439,0,100,85,75,1417,3504,2.23444,0,16.6485,7.57664,0,1761,4058621460
39.9718,25.0177,82.439,0,100,85,75,1417,3504,2.23444,0,16.6485,7.57664,0,1761,4083619782
46.0283,21.7258,82.439,0,100,85,75,1417,3504,2.23444,0,16.6485,7.57664,0,1761,4105368682
46.427,21.5392,82.439,0,100,85,75,1417,3504,2.23444,0,16.6485,7.57664,0,1761,4126888128
34.0674,29.3536,82.439,0,100,85,75,1417,3504,2.23444,0,16.6485,7.57664,0,1761,4156263283
54.6749,18.2899,82.439,0,100,85,75,1417,3504,2.23444,0,16.6485,7.57664,0,1761,4174575051
48.4535,20.6383,82.439,0,100,85,75,1417,3504,2.23444,0,16.6485,7.57664,0,1761,4195193715
38.6932,25.8444,82.439,0,100,85,75,1417,3504,2.23444,0,16.6485,7.57664,0,1761,4221039666
46.8117,21.3622,82.439,0,100,85,75,1417,3504,2.23444,0,16.6485,7.57664,0,1761,4242425279
41.5336,24.0769,82.439,0,100,85,75,1417,3504,2.23444,0,16.6485,7.57664,0,1761,4266480950
53.2626,18.7749,82.439,0,100,85,75,1417,3504,2.23444,0,16.6485,7.57664,0,1761,4285257102
36.6493,27.2856,82.439,0,100,85,75,1417,3504,2.23444,0,16.6485,7.57664,0,1761,4312543940
48.7577,20.5096,82.439,0,100,85,75,1417,3504,2.23444,0,16.6485,7.57664,0,1761,4333055926
39.3791,25.3942,82.439,0,100,85,75,1417,3504,2.23444,0,16.6485,7.57664,0,1761,4358450535
46.7427,21.3937,82.439,0,100,85,75,1417,3504,2.23444,0,16.6485,7.57664,0,1761,4379845832
28.7586,34.7722,82.439,0,100,85,75,1417,3504,2.23444,0,16.6485,7.57664,0,1761,4414618806
92.6549,10.7927,82.439,0,100,85,75,1417,3504,2.23444,0,16.6485,7.57664,0,1761,4425435002
37.0182,27.0138,82.439,0,100,85,75,1417,3504,2.23444,0,16.6485,7.57664,0,1761,4452428695
55.2469,18.1006,82.439,0,100,85,75,1417,3504,2.23444,0,16.6485,7.57664,0,1761,4470567044
37.7468,26.4923,75,0,100,85,75,1417,3504,2.23444,0,16.6474,7.57664,0,1765,4497023975
31.1978,32.0535,75,0,100,85,75,1417,3504,2.23444,0,16.6474,7.57664,0,1765,4529081839
54.0094,18.5153,75,0,100,85,75,1417,3504,2.23444,0,16.6474,7.57664,0,1765,4547614418
49.5526,20.1806,75,0,100,85,75,1417,3504,2.23444,0,16.6474,7.57664,0,1765,4567777977
40.9639,24.4117,75,0,100,85,75,1417,3504,2.23444,0,16.6474,7.57664,0,1765,4592190732
41.9974,23.811,75,0,100,85,75,1417,3504,2.23444,0,16.6474,7.57664,0,1765,4616023288
42.409,23.5799,75,0,100,85,75,1417,3504,2.23444,0,16.6474,7.57664,0,1765,4639604569
46.6528,21.4349,75,0,100,85,75,1417,3504,2.23444,0,16.6474,7.57664,0,1765,4661041720
31.0708,32.1845,75,0,100,85,75,1417,3504,2.23444,0,16.6474,7.57664,0,1765,4693228077
32.8031,30.485,75,0,100,85,75,1417,3504,2.23444,0,16.6474,7.57664,0,1765,4723714509
30.5941,32.686,75,0,100,85,75,1417,3504,2.23444,0,16.6474,7.57664,0,1765,4756401902
28.0024,35.7113,75,0,100,85,75,1417,3504,2.23444,0,16.6474,7.57664,0,1765,4792114529
15.5068,64.4877,75,0,100,85,75,1417,3504,2.23444,0,16.6474,7.57664,0,1765,4856603485
41.6727,23.9965,75,0,100,85,75,1417,3504,2.23444,0,16.6474,7.57664,0,1765,4880601234
56.8365,17.5943,75,0,100,85,75,1417,3504,2.23444,0,16.6474,7.57664,0,1765,4898195324
42.1938,23.7002,75,0,100,85,75,1417,3504,2.23444,0,16.6474,7.57664,0,1765,4921920341
29.017,34.4625,75,0,100,85,75,1417,3504,2.23444,0,16.6474,7.57664,0,1765,4956379174
74.6695,13.3923,75,0,100,85,75,1417,3504,2.23444,0,16.6474,7.57664,0,1765,4969754622
29.1722,34.2793,75,0,100,85,75,1417,3504,2.23444,0,16.6474,7.57664,0,1765,5004044979
36.3005,27.5479,83.5714,0,100,84,74,1417,3504,2.23444,0,16.6478,7.57664,0,1788,5031607097
34.8552,28.6901,83.5714,0,100,84,74,1417,3504,2.23444,0,16.6478,7.57664,0,1788,5060276484
34.0531,29.3659,83.5714,0,100,84,74,1417,3504,2.23444,0,16.6478,7.57664,0,1788,5089643928
34.4087,29.0625,83.5714,0,100,84,74,1417,3504,2.23444,0,16.6478,7.57664,0,1788,5118708601
32.0929,31.1596,83.5714,0,100,84,74,1417,3504,2.23444,0,16.6478,7.57664,0,1788,5149868156
40.0902,24.9438,83.5714,0,100,84,74,1417,3504,2.23444,0,16.6478,7.57664,0,1788,5174812957
37.2041,26.8787,83.5714,0,100,84,74,1417,3504,2.23444,0,16.6478,7.57664,0,1788,5201693279
41.2631,24.2348,83.5714,0,100,84,74,1417,3504,2.23444,0,16.6478,7.57664,0,1788,5225928359
28.645,34.9101,83.5714,0,100,84,74,1417,3504,2.23444,0,16.6478,7.57664,0,1788,5260840056
17.7253,56.4164,83.5714,0,100,84,74,1417,3504,2.23444,0,16.6478,7.57664,0,1788,5317279632
53.0728,18.842,83.5714,0,100,84,74,1417,3504,2.23444,0,16.6478,7.57664,0,1788,5336102640
29.3968,34.0173,83.5714,0,100,84,74,1417,3504,2.23444,0,16.6478,7.57664,0,1788,5370140278
26.1234,38.2799,83.5714,0,100,84,74,1417,3504,2.23444,0,16.6478,7.57664,0,1788,5408421553
28.042,35.6608,83.5714,0,100,84,74,1417,3504,2.23444,0,16.6478,7.57664,0,1788,5444083722
29.6325,33.7467,83.5714,0,100,84,74,1417,3504,2.23444,0,16.6478,7.57664,0,1788,5477832352
49.8768,20.0494,83.5714,0,100,84,74,1417,3504,2.23444,0,16.6478,7.57664,0,1788,5497882844
42.6959,23.4215,83.5714,0,100,84,74,1417,3504,2.23444,0,16.6478,7.57664,0,1788,5521330383
47.4898,21.0571,87.1605,0,100,84,74,1417,3504,2.23444,0,16.6343,7.57664,0,1761,5542364767
22.6636,44.1236,87.1605,0,100,84,74,1417,3504,2.23444,0,16.6343,7.57664,0,1761,5586488716
71.6807,13.9507,87.1605,0,100,84,74,1417,3504,2.23444,0,16.6343,7.57664,0,1761,5600439806
49.1154,20.3602,87.1605,0,100,84,74,1417,3504,2.23444,0,16.6343,7.57664,0,1761,5620801499
35.9329,27.8296,87.1605,0,100,84,74,1417,3504,2.23444,0,16.6343,7.57664,0,1761,5648655139
60.925,16.4136,87.1605,0,100,84,74,1417,3504,2.23444,0,16.6343,7.57664,0,1761,5665069053
26.1006,38.3133,87.1605,0,100,84,74,1417,3504,2.23444,0,16.6343,7.57664,0,1761,5703383124
44.2711,22.5881,87.1605,0,100,84,74,1417,3504,2.23444,0,16.6343,7.57664,0,1761,5725974218
51.1965,19.5326,87.1605,0,100,84,74,1417,3504,2.23444,0,16.6343,7.57664,0,1761,5745507830
27.643,36.1756,87.1605,0,100,84,74,1417,3504,2.23444,0,16.6343,7.57664,0,1761,5781662996
41.5807,24.0496,87.1605,0,100,84,74,1417,3504,2.23444,0,16.6343,7.57664,0,1761,5805734617
43.5821,22.9452,87.1605,0,100,84,74,1417,3504,2.23444,0,16.6343,7.57664,0,1761,5828680162
42.0048,23.8068,87.1605,0,100,84,74,1417,3504,2.23444,0,16.6343,7.57664,0,1761,5852489200
38.7876,25.7814,87.1605,0,100,84,74,1417,3504,2.23444,0,16.6343,7.57664,0,1761,5878271318
38.8901,25.7135,87.1605,0,100,84,74,1417,3504,2.23444,0,16.6343,7.57664,0,1761,5903986691
62.0864,16.1066,87.1605,0,100,84,74,1417,3504,2.23444,0,16.6343,7.57664,0,1761,5920094596
30.6715,32.6036,87.1605,0,100,84,74,1417,3504,2.23444,0,16.6343,7.57664,0,1761,5952701763
35.5348,28.1414,87.1605,0,100,84,74,1417,3504,2.23444,0,16.6343,7.57664,0,1761,5980844243
69.2305,14.4445,87.1605,0,100,84,74,1417,3504,2.23444,0,16.6343,7.57664,0,1761,5995289488
45.1625,22.1423,87.1605,0,100,84,74,1417,3504,2.23444,0,16.6343,7.57664,0,1761,6017453782
49.4558,20.2201,87.1605,0,100,84,74,1417,3504,2.23444,0,16.6343,7.57664,0,1761,6037698295
39.3947,25.3841,76.6169,0,80,84,73,1485,3504,2.23444,0,16.6339,7.57664,0,1804,6063094472
34.6346,28.8728,76.6169,0,80,84,73,1485,3504,2.23444,0,16.6339,7.57664,0,1804,6091954959
29.5289,33.8652,76.6169,0,80,84,73,1485,3504,2.23444,0,16.6339,7.57664,0,1804,6125843362
20.4491,48.9018,76.6169,0,80,84,73,1485,3504,2.23444,0,16.6339,7.57664,0,1804,6174726260
27.0203,37.0092,76.6169,0,80,84,73,1485,3504,2.23444,0,16.6339,7.57664,0,1804,6211756530
37.771,26.4753,76.6169,0,80,84,73,1485,3504,2.23444,0,16.6339,7.57664,0,1804,6238254644
29.7188,33.6487,76.6169,0,80,84,73,1485,3504,2.23444,0,16.6339,7.57664,0,1804,6271883288
46.0176,21.7308,76.6169,0,80,84,73,1485,3504,2.23444,0,16.6339,7.57664,0,1804,6293614901
40.9129,24.4422,76.6169,0,80,84,73,1485,3504,2.23444,0,16.6339,7.57664,0,1804,6318079421
39.1991,25.5108,76.6169,0,80,84,73,1485,3504,2.23444,0,16.6339,7.57664,0,1804,6343571533
35.3534,28.2859,76.6169,0,80,84,73,1485,3504,2.23444,0,16.6339,7.57664,0,1804,6371883614
31.4227,31.8241,76.6169,0,80,84,73,1485,3504,2.23444,0,16.6339,7.57664,0,1804,6403684707
51.129,19.5584,76.6169,0,80,84,73,1485,3504,2.23444,0,16.6339,7.57664,0,1804,6423243386
36.681,27.2621,76.6169,0,80,84,73,1485,3504,2.23444,0,16.6339,7.57664,0,1804,6450528341
34.4768,29.005,76.6169,0,80,84,73,1485,3504,2.23444,0,16.6339,7.57664,0,1804,6479535113
41.3718,24.171,76.6169,0,80,84,73,1485,3504,2.23444,0,16.6339,7.57664,0,1804,6503706799
33.0292,30.2762,76.6169,0,80,84,73,1485,3504,2.23444,0,16.6339,7.57664,0,1804,6534006594
34.8948,28.6575,76.6169,0,80,84,73,1485,3504,2.23444,0,16.6339,7.57664,0,1804,6562650505
20.2698,49.3345,84.2233,0,84,84,73,1450,3504,2.23444,0,16.6355,7.57664,0,1727,6611979561
42.6687,23.4364,84.2233,0,84,84,73,1450,3504,2.23444,0,16.6355,7.57664,0,1727,6635438171
29.0864,34.3803,84.2233,0,84,84,73,1450,3504,2.23444,0,16.6355,7.57664,0,1727,6669798220
41.8335,23.9043,84.2233,0,84,84,73,1450,3504,2.23444,0,16.6355,7.57664,0,1727,6693704281
22.8612,43.7422,84.2233,0,84,84,73,1450,3504,2.23444,0,16.6355,7.57664,0,1727,6737448445
51.6484,19.3617,84.2233,0,84,84,73,1450,3504,2.23444,0,16.6355,7.57664,0,1727,6756810746
25.6961,38.9164,84.2233,0,84,84,73,1450,3504,2.23444,0,16.6355,7.57664,0,1727,6795749381
50.9699,19.6194,84.2233,0,84,84,73,1450,3504,2.23444,0,16.6355,7.57664,0,1727,6815348953
36.9238,27.0828,84.2233,0,84,84,73,1450,3504,2.23444,0,16.6355,7.57664,0,1727,6842433440
33.0659,30.2427,84.2233,0,84,84,73,1450,3504,2.23444,0,16.6355,7.57664,0,1727,6872677603
45.4749,21.9902,84.2233,0,84,84,73,1450,3504,2.23444,0,16.6355,7.57664,0,1727,6894829583
30.4014,32.8932,84.2233,0,84,84,73,1450,3504,2.23444,0,16.6355,7.57664,0,1727,6927562617
42.6772,23.4317,84.2233,0,84,84,73,1450,3504,2.23444,0,16.6355,7.57664,0,1727,6950995115
48.3516,20.6819,84.2233,0,84,84,73,1450,3504,2.23444,0,16.6355,7.57664,0,1727,6971699781
40.8486,24.4807,84.2233,0,84,84,73,1450,3504,2.23444,0,16.6355,7.57664,0,1727,6996159770
28.9486,34.544,84.2233,0,84,84,73,1450,3504,2.23444,0,16.6355,7.57664,0,1727,7030705505
57.0478,17.5292,84.2233,0,84,84,73,1450,3504,2.23444,0,16.6355,7.57664,0,1727,7048235350
46.3116,21.5928,84.2233,0,84,84,73,1450,3504,2.23444,0,16.6355,7.57664,0,1727,7069832347
38.1259,26.2289,83.715,0,84,84,73,1450,3504,2.23444,0,16.6355,7.57664,0,1717,7096060597
40.9786,24.403,83.715,0,84,84,73,1450,3504,2.23444,0,16.6355,7.57664,0,1717,7120465076
34.9873,28.5818,83.715,0,84,84,73,1450,3504,2.23444,0,16.6355,7.57664,0,1717,7149068342
33.304,30.0264,83.715,0,84,84,73,1450,3504,2.23444,0,16.6355,7.57664,0,1717,7179096631
69.0676,14.4786,83.715,0,84,84,73,1450,3504,2.23444,0,16.6355,7.57664,0,1717,7193555634
40.5517,24.6599,83.715,0,84,84,73,1450,3504,2.23444,0,16.6355,7.57664,0,1717,7218216913
31.366,31.8817,83.715,0,84,84,73,1450,3504,2.23444,0,16.6355,7.57664,0,1717,7250098761
55.6061,17.9836,83.715,0,84,84,73,1450,3504,2.23444,0,16.6355,7.57664,0,1717,7268083682
27.5466,36.3021,83.715,0,84,84,73,1450,3504,2.23444,0,16.6355,7.57664,0,1717,7304387240
35.8846,27.8671,83.715,0,84,84,73,1450,3504,2.23444,0,16.6355,7.57664,0,1717,7332256378
34.8803,28.6695,83.715,0,84,84,73,1450,3504,2.23444,0,16.6355,7.57664,0,1717,7360927584
29.7663,33.5951,83.715,0,84,84,73,1450,3504,2.23444,0,16.6355,7.57664,0,1717,7394523536
80.8327,12.3712,83.715,0,84,84,73,1450,3504,2.23444,0,16.6355,7.57664,0,1717,7406916631
42.8152,23.3562,83.715,0,84,84,73,1450,3504,2.23444,0,16.6355,7.57664,0,1717,7430274322
35.7355,27.9834,83.715,0,84,84,73,1450,3504,2.23444,0,16.6355,7.57664,0,1717,7458237054
41.4927,24.1007,83.715,0,84,84,73,1450,3504,2.23444,0,16.6355,7.57664,0,1717,7482340538
37.4661,26.6908,83.715,0,84,84,73,1450,3504,2.23444,0,16.6355,7.57664,0,1717,7509031371
32.5764,30.697,83.715,0,84,84,73,1450,3504,2.23444,0,16.6355,7.57664,0,1717,7539730691
32.9204,30.3763,83.715,0,84,84,73,1450,3504,2.23444,0,16.6355,7.57664,0,1717,7570113455
47.2165,21.179,78.6632,0,81,84,73,1492,3504,2.23444,0,16.6358,7.57664,0,1808,7591287965
50.9437,19.6295,78.6632,0,81,84,73,1492,3504,2.23444,0,16.6358,7.57664,0,1808,7610918097
27.4296,36.457,78.6632,0,81,84,73,1492,3504,2.23444,0,16.6358,7.57664,0,1808,7647376808
43.1334,23.1839,78.6632,0,81,84,73,1492,3504,2.23444,0,16.6358,7.57664,0,1808,7670561854
46.0303,21.7248,78.6632,0,81,84,73,1492,3504,2.23444,0,16.6358,7.57664,0,1808,7692286978
43.0842,23.2103,78.6632,0,81,84,73,1492,3504,2.23444,0,16.6358,7.57664,0,1808,7715498301
19.127,52.2822,78.6632,0,81,84,73,1492,3504,2.23444,0,16.6358,7.57664,0,1808,7767782590
89.2694,11.202,78.6632,0,81,84,73,1492,3504,2.23444,0,16.6358,7.57664,0,1808,7778985331
33.4386,29.9055,78.6632,0,81,84,73,1492,3504,2.23444,0,16.6358,7.57664,0,1808,7808892234
31.6783,31.5673,78.6632,0,81,84,73,1492,3504,2.23444,0,16.6358,7.57664,0,1808,7840461055
38.3401,26.0823,78.6632,0,81,84,73,1492,3504,2.23444,0,16.6358,7.57664,0,1808,7866546083
28.2372,35.4142,78.6632,0,81,84,73,1492,3504,2.23444,0,16.6358,7.57664,0,1808,7901982947
48.4,20.6612,78.6632,0,81,84,73,1492,3504,2.23444,0,16.6358,7.57664,0,1808,7922648939
37.2907,26.8163,78.6632,0,81,84,73,1492,3504,2.23444,0,16.6358,7.57664,0,1808,7949462670
39.178,25.5245,78.6632,0,81,84,73,1492,3504,2.23444,0,16.6358,7.57664,0,1808,7974989947
40.6612,24.5935,78.6632,0,81,84,73,1492,3504,2.23444,0,16.6358,7.57664,0,1808,7999583695
39.9529,25.0295,78.6632,0,81,84,73,1492,3504,2.23444,0,16.6358,7.57664,0,1808,8024614961
57.4071,17.4194,78.6632,0,81,84,73,1492,3504,2.23444,0,16.6358,7.57664,0,1808,8042057323
30.0807,33.2439,78.6632,0,81,84,73,1492,3504,2.23444,0,16.6358,7.57664,0,1808,8075304064
35.5748,28.1098,81.7708,0,81,84,73,1492,3504,2.23444,0,16.6358,7.57664,0,1850,8103433345
37.3203,26.7951,81.7708,0,81,84,73,1492,3504,2.23444,0,16.6358,7.57664,0,1850,8130210204
31.4828,31.7634,81.7708,0,81,84,73,1492,3504,2.23444,0,16.6358,7.57664,0,1850,8161994877
54.5706,18.3249,81.7708,0,81,84,73,1492,3504,2.23444,0,16.6358,7.57664,0,1850,8180300601
25.812,38.7416,81.7708,0,81,84,73,1492,3504,2.23444,0,16.6358,7.57664,0,1850,8219064185
62.1285,16.0957,81.7708,0,81,84,73,1492,3504,2.23444,0,16.6358,7.57664,0,1850,8235140969
32.949,30.35,81.7708,0,81,84,73,1492,3504,2.23444,0,16.6358,7.57664,0,1850,8265492846
34.0443,29.3735,81.7708,0,81,84,73,1492,3504,2.23444,0,16.6358,7.57664,0,1850,8294887651
49.5319,20.189,81.7708,0,81,84,73,1492,3504,2.23444,0,16.6358,7.57664,0,1850,8315077762
32.8882,30.406,81.7708,0,81,84,73,1492,3504,2.23444,0,16.6358,7.57664,0,1850,8345486628
48.4517,20.6391,81.7708,0,81,84,73,1492,3504,2.23444,0,16.6358,7.57664,0,1850,8366106625
34.7502,28.7768,81.7708,0,81,84,73,1492,3504,2.23444,0,16.6358,7.57664,0,1850,8394884036
31.2993,31.9496,81.7708,0,81,84,73,1492,3504,2.23444,0,16.6358,7.57664,0,1850,8426856590
38.33,26.0892,81.7708,0,81,84,73,1492,3504,2.23444,0,16.6358,7.57664,0,1850,8452946498
38.0479,26.2827,81.7708,0,81,84,73,1492,3504,2.23444,0,16.6358,7.57664,0,1850,8479250731
40.1385,24.9138,81.7708,0,81,84,73,1492,3504,2.23444,0,16.6358,7.57664,0,1850,8504144595
42.8243,23.3512,81.7708,0,81,84,73,1492,3504,2.23444,0,16.6358,7.57664,0,1850,8527497091
31.5764,31.6692,81.7708,0,81,84,73,1492,3504,2.23444,0,16.6358,7.57664,0,1850,8559169337
19.6804,50.812,81.7708,0,81,84,73,1492,3504,2.23444,0,16.6358,7.57664,0,1850,8610009924
25.6794,38.9417,80.2439,0,87,84,73,1445,3504,2.23444,0,16.6298,7.57664,0,1767,8648925891
23.0842,43.3197,80.2439,0,87,84,73,1445,3504,2.23444,0,16.6298,7.57664,0,1767,8692245939
32.6164,30.6594,80.2439,0,87,84,73,1445,3504,2.23444,0,16.6298,7.57664,0,1767,8722907840
25.808,38.7476,80.2439,0,87,84,73,1445,3504,2.23444,0,16.6298,7.57664,0,1767,8761655512
33.7159,29.6596,80.2439,0,87,84,73,1445,3504,2.23444,0,16.6298,7.57664,0,1767,8791315775
33.9526,29.4528,80.2439,0,87,84,73,1445,3504,2.23444,0,16.6298,7.57664,0,1767,8820770127
32.6007,30.6741,80.2439,0,87,84,73,1445,3504,2.23444,0,16.6298,7.57664,0,1767,8851446170
34.986,28.5829,80.2439,0,87,84,73,1445,3504,2.23444,0,16.6298,7.57664,0,1767,8880030268
31.6519,31.5937,80.2439,0,87,84,73,1445,3504,2.23444,0,16.6298,7.57664,0,1767,8911625458
34.5339,28.9571,80.2439,0,87,84,73,1445,3504,2.23444,0,16.6298,7.57664,0,1767,8940582972
43.2316,23.1312,80.2439,0,87,84,73,1445,3504,2.23444,0,16.6298,7.57664,0,1767,8963715360
40.4537,24.7196,80.2439,0,87,84,73,1445,3504,2.23444,0,16.6298,7.57664,0,1767,8988435886
28.2088,35.45,80.2439,0,87,84,73,1445,3504,2.23444,0,16.6298,7.57664,0,1767,9023887409
47.5856,21.0148,80.2439,0,87,84,73,1445,3504,2.23444,0,16.6298,7.57664,0,1767,9044924111
43.3087,23.0901,80.2439,0,87,84,73,1445,3504,2.23444,0,16.6298,7.57664,0,1767,9067995048
48.5569,20.5944,80.2439,0,87,84,73,1445,3504,2.23444,0,16.6298,7.57664,0,1767,9088590569
33.8954,29.5026,80.2439,0,87,84,73,1445,3504,2.23444,0,16.6298,7.57664,0,1767,9118100375
35.8774,27.8727,86.25,0,79,83,73,1505,3504,2.23444,0,16.6302,7.57664,0,1790,9145968447
25.3558,39.4386,86.25,0,79,83,73,1505,3504,2.23444,0,16.6302,7.57664,0,1790,9185408810
43.5853,22.9435,86.25,0,79,83,73,1505,3504,2.23444,0,16.6302,7.57664,0,1790,9208372632
37.1428,26.9231,86.25,0,79,83,73,1505,3504,2.23444,0,16.6302,7.57664,0,1790,9235277096
30.6089,32.6702,86.25,0,79,83,73,1505,3504,2.23444,0,16.6302,7.57664,0,1790,9267948491
39.9816,25.0115,86.25,0,79,83,73,1505,3504,2.23444,0,16.6302,7.57664,0,1790,9292962336
32.7543,30.5303,86.25,0,79,83,73,1505,3504,2.23444,0,16.6302,7.57664,0,1790,9323514827
26.3795,37.9082,86.25,0,79,83,73,1505,3504,2.23444,0,16.6302,7.57664,0,1790,9361402759
49.5304,20.1896,86.25,0,79,83,73,1505,3504,2.23444,0,16.6302,7.57664,0,1790,9381594151
36.9253,27.0817,86.25,0,79,83,73,1505,3504,2.23444,0,16.6302,7.57664,0,1790,9408698639
26.8158,37.2915,86.25,0,79,83,73,1505,3504,2.23444,0,16.6302,7.57664,0,1790,9445970678
28.7404,34.7942,86.25,0,79,83,73,1505,3504,2.23444,0,16.6302,7.57664,0,1790,9480911866
27.0708,36.9402,86.25,0,79,83,73,1505,3504,2.23444,0,16.6302,7.57664,0,1790,9517728056
20.287,49.2927,86.25,0,79,83,73,1505,3504,2.23444,0,16.6302,7.57664,0,1790,9567043633
23.7712,42.0677,86.25,0,79,83,73,1505,3504,2.23444,0,16.6302,7.57664,0,1790,9609112143
27.9945,35.7213,86.25,0,79,83,73,1505,3504,2.23444,0,16.6302,7.57664,0,1790,9644862119
30.4982,32.7888,87.3508,0,79,83,73,1505,3504,2.23444,0,16.6304,7.57664,0,1731,9677666365
36.984,27.0387,87.3508,0,79,83,73,1505,3504,2.23444,0,16.6304,7.57664,0,1731,9704705604
35.5375,28.1393,87.3508,0,79,83,73,1505,3504,2.23444,0,16.6304,7.57664,0,1731,9732846979
31.1467,32.1061,87.3508,0,79,83,73,1505,3504,2.23444,0,16.6304,7.57664,0,1731,9764975794
23.6206,42.336,87.3508,0,79,83,73,1505,3504,2.23444,0,16.6304,7.57664,0,1731,9807291916
29.7168,33.651,87.3508,0,79,83,73,1505,3504,2.23444,0,16.6304,7.57664,0,1731,9840944480
24.2696,41.2038,87.3508,0,79,83,73,1505,3504,2.23444,0,16.6304,7.57664,0,1731,9882149325
25.0395,39.9369,87.3508,0,79,83,73,1505,3504,2.23444,0,16.6304,7.57664,0,1731,9922499006
31.4091,31.8379,87.3508,0,79,83,73,1505,3504,2.23444,0,16.6304,7.57664,0,1731,9953925770
31.7642,31.4819,87.3508,0,79,83,73,1505,3504,2.23444,0,16.6304,7.57664,0,1731,9985409971
29.1834,34.266,87.3508,0,79,83,73,1505,3504,2.23444,0,16.6304,7.57664,0,1731,10019698510
16.229,61.6179,87.3508,0,79,83,73,1505,3504,2.23444,0,16.6304,7.57664,0,1731,10081295607
53.8803,18.5597,87.3508,0,79,83,73,1505,3504,2.23444,0,16.6304,7.57664,0,1731,10099881533
19.4735,51.3518,87.3508,0,79,83,73,1505,3504,2.23444,0,16.6304,7.57664,0,1731,10151236862
35.2198,28.3931,85.8942,0,77,83,73,1517,3504,2.23444,0,16.6304,7.57664,0,1804,10179604530
34.3488,29.1131,85.8942,0,77,83,73,1517,3504,2.23444,0,16.6304,7.57664,0,1804,10208717963
29.0289,34.4484,85.8942,0,77,83,73,1517,3504,2.23444,0,16.6304,7.57664,0,1804,10243167768
26.7457,37.3892,85.8942,0,77,83,73,1517,3504,2.23444,0,16.6304,7.57664,0,1804,10280558012
23.3965,42.7414,85.8942,0,77,83,73,1517,3504,2.23444,0,16.6304,7.57664,0,1804,10323301400
25.0429,39.9315,85.8942,0,77,83,73,1517,3504,2.23444,0,16.6304,7.57664,0,1804,10363254371
35.4748,28.189,85.8942,0,77,83,73,1517,3504,2.23444,0,16.6304,7.57664,0,1804,10391423933
37.4001,26.7379,85.8942,0,77,83,73,1517,3504,2.23444,0,16.6304,7.57664,0,1804,10418162595
23.5104,42.5343,85.8942,0,77,83,73,1517,3504,2.23444,0,16.6304,7.57664,0,1804,10460698411
40.1946,24.879,85.8942,0,77,83,73,1517,3504,2.23444,0,16.6304,7.57664,0,1804,10485578940
21.7934,45.8855,85.8942,0,77,83,73,1517,3504,2.23444,0,16.6304,7.57664,0,1804,10531465246
16.3215,61.269,85.8942,0,77,83,73,1517,3504,2.23444,0,16.6304,7.57664,0,1804,10592736405
27.154,36.827,85.8942,0,77,83,73,1517,3504,2.23444,0,16.6304,7.57664,0,1804,10629565183
30.2767,33.0287,85.8942,0,77,83,73,1517,3504,2.23444,0,16.6304,7.57664,0,1804,10662601890
21.6994,46.0843,88.5204,0,77,83,73,1517,3504,2.23444,0,16.6304,7.57664,0,1723,10708701865
38.184,26.189,88.5204,0,77,83,73,1517,3504,2.23444,0,16.6304,7.57664,0,1723,10734870315
32.7481,30.5361,88.5204,0,77,83,73,1517,3504,2.23444,0,16.6304,7.57664,0,1723,10765407269
24.283,41.1811,88.5204,0,77,83,73,1517,3504,2.23444,0,16.6304,7.57664,0,1723,10806589940
24.1777,41.3604,88.5204,0,77,83,73,1517,3504,2.23444,0,16.6304,7.57664,0,1723,10847952273
19.2455,51.9603,88.5204,0,77,83,73,1517,3504,2.23444,0,16.6304,7.57664,0,1723,10899913715
29.7029,33.6668,88.5204,0,77,83,73,1517,3504,2.23444,0,16.6304,7.57664,0,1723,10933581242
18.5122,54.0183,88.5204,0,77,83,73,1517,3504,2.23444,0,16.6304,7.57664,0,1723,10987600919
16.2059,61.706,88.5204,0,77,83,73,1517,3504,2.23444,0,16.6304,7.57664,0,1723,11049328796
28.0483,35.6527,88.5204,0,77,83,73,1517,3504,2.23444,0,16.6304,7.57664,0,1723,11084961323
30.0871,33.2368,88.5204,0,77,83,73,1517,3504,2.23444,0,16.6304,7.57664,0,1723,11118201511
66.5342,15.0299,88.5204,0,77,83,73,1517,3504,2.23444,0,16.6304,7.57664,0,1723,11133231540
58.1745,17.1897,88.5204,0,77,83,73,1517,3504,2.23444,0,16.6304,7.57664,0,1723,11150421617
38.7735,25.7908,88.5204,0,77,83,73,1517,3504,2.23444,0,16.6304,7.57664,0,1723,11176220234
47.6148,21.0019,89.801,0,63,83,73,1608,3504,2.23444,0,16.6271,7.57664,0,3400,11197216092
35.509,28.1618,89.801,0,63,83,73,1608,3504,2.23444,0,16.6271,7.57664,0,3400,11225380512
40.5682,24.6499,89.801,0,63,83,73,1608,3504,2.23444,0,16.6271,7.57664,0,3400,11250032214
39.9385,25.0385,89.801,0,63,83,73,1608,3504,2.23444,0,16.6271,7.57664,0,3400,11275071431
32.918,30.3785,89.801,0,63,83,73,1608,3504,2.23444,0,16.6271,7.57664,0,3400,11305450554
44.5235,22.46,89.801,0,63,83,73,1608,3504,2.23444,0,16.6271,7.57664,0,3400,11327912325
39.6159,25.2424,89.801,0,63,83,73,1608,3504,2.23444,0,16.6271,7.57664,0,3400,11353156215
41.1258,24.3156,89.801,0,63,83,73,1608,3504,2.23444,0,16.6271,7.57664,0,3400,11377472954
36.6778,27.2645,89.801,0,63,83,73,1608,3504,2.23444,0,16.6271,7.57664,0,3400,11404739085
39.0766,25.5908,89.801,0,63,83,73,1608,3504,2.23444,0,16.6271,7.57664,0,3400,11430331081
36.7381,27.2197,89.801,0,63,83,73,1608,3504,2.23444,0,16.6271,7.57664,0,3400,11457552437
42.0735,23.7679,89.801,0,63,83,73,1608,3504,2.23444,0,16.6271,7.57664,0,3400,11481321373
36.8973,27.1023,89.801,0,63,83,73,1608,3504,2.23444,0,16.6271,7.57664,0,3400,11508425009
39.8827,25.0735,89.801,0,63,83,73,1608,3504,2.23444,0,16.6271,7.57664,0,3400,11533502377
41.1095,24.3253,89.801,0,63,83,73,1608,3504,2.23444,0,16.6271,7.57664,0,3400,11557826399
36.4459,27.4379,89.801,0,63,83,73,1608,3504,2.23444,0,16.6271,7.57664,0,3400,11585265851
42.7369,23.399,89.801,0,63,83,73,1608,3504,2.23444,0,16.6271,7.57664,0,3400,11608666318
41.3723,24.1707,89.801,0,63,83,73,1608,3504,2.23444,0,16.6271,7.57664,0,3400,11632838380
39.8515,25.0932,89.801,0,63,83,73,1608,3504,2.23444,0,16.6271,7.57664,0,3400,11657932631
34.026,29.3893,89.801,0,63,83,73,1608,3504,2.23444,0,16.6271,7.57664,0,3400,11687330808
42.7457,23.3941,62.8079,0,63,83,73,1608,3504,2.23444,0,16.6161,7.57664,0,3401,11710719405
23.2623,42.9879,62.8079,0,63,83,73,1608,3504,2.23444,0,16.6161,7.57664,0,3401,11753711311
45.9018,21.7856,62.8079,0,63,83,73,1608,3504,2.23444,0,16.6161,7.57664,0,3401,11775496435
84.7396,11.8009,62.8079,0,63,83,73,1608,3504,2.23444,0,16.6161,7.57664,0,3401,11787298569
44.5989,22.4221,62.8079,0,63,83,73,1608,3504,2.23444,0,16.6161,7.57664,0,3401,11809721698
39.4398,25.3551,62.8079,0,63,83,73,1608,3504,2.23444,0,16.6161,7.57664,0,3401,11835077350
40.2919,24.8189,62.8079,0,63,83,73,1608,3504,2.23444,0,16.6161,7.57664,0,3401,11859897323
39.1404,25.549,62.8079,0,63,83,73,1608,3504,2.23444,0,16.6161,7.57664,0,3401,11885447631
37.0159,27.0154,62.8079,0,63,83,73,1608,3504,2.23444,0,16.6161,7.57664,0,3401,11912464074
33.7161,29.6594,62.8079,0,63,83,73,1608,3504,2.23444,0,16.6161,7.57664,0,3401,11942124333
52.8712,18.9139,62.8079,0,63,83,73,1608,3504,2.23444,0,16.6161,7.57664,0,3401,11961040807
35.9252,27.8356,62.8079,0,63,83,73,1608,3504,2.23444,0,16.6161,7.57664,0,3401,11988877825
47.3489,21.1198,62.8079,0,63,83,73,1608,3504,2.23444,0,16.6161,7.57664,0,3401,12009998385
36.5833,27.3349,62.8079,0,63,83,73,1608,3504,2.23444,0,16.6161,7.57664,0,3401,12037346982
37.3843,26.7492,62.8079,0,63,83,73,1608,3504,2.23444,0,16.6161,7.57664,0,3401,12064084557
42.5007,23.529,62.8079,0,63,83,73,1608,3504,2.23444,0,16.6161,7.57664,0,3401,12087614585
40.0562,24.9649,62.8079,0,63,83,73,1608,3504,2.23444,0,16.6161,7.57664,0,3401,12112582747
34.1896,29.2487,62.8079,0,63,83,73,1608,3504,2.23444,0,16.6161,7.57664,0,3401,12141832335
49.0126,20.4029,62.8079,0,63,83,73,1608,3504,2.23444,0,16.6161,7.57664,0,3401,12162237076
39.7308,25.1694,62.8079,0,63,83,73,1608,3504,2.23444,0,16.6161,7.57664,0,3401,12187409621
39.4457,25.3513,64.2857,0,86,87,73,1406,3504,2.23444,0,16.6331,7.57664,0,3402,12212759753
40.0909,24.9433,64.2857,0,86,87,73,1406,3504,2.23444,0,16.6331,7.57664,0,3402,12237703392
40.8295,24.4921,64.2857,0,86,87,73,1406,3504,2.23444,0,16.6331,7.57664,0,3402,12262196059
36.039,27.7478,64.2857,0,86,87,73,1406,3504,2.23444,0,16.6331,7.57664,0,3402,12289945748
43.5317,22.9718,64.2857,0,86,87,73,1406,3504,2.23444,0,16.6331,7.57664,0,3402,12312918357
35.2928,28.3344,64.2857,0,86,87,73,1406,3504,2.23444,0,16.6331,7.57664,0,3402,12341253952
49.6489,20.1414,64.2857,0,86,87,73,1406,3504,2.23444,0,16.6331,7.57664,0,3402,12361396369
41.4956,24.0989,64.2857,0,86,87,73,1406,3504,2.23444,0,16.6331,7.57664,0,3402,12385497357
33.7882,29.5961,64.2857,0,86,87,73,1406,3504,2.23444,0,16.6331,7.57664,0,3402,12415095471
48.0853,20.7964,64.2857,0,86,87,73,1406,3504,2.23444,0,16.6331,7.57664,0,3402,12435892700
40.4435,24.7258,64.2857,0,86,87,73,1406,3504,2.23444,0,16.6331,7.57664,0,3402,12460619285
39.1936,25.5143,64.2857,0,86,87,73,1406,3504,2.23444,0,16.6331,7.57664,0,3402,12486134283
40.597,24.6323,64.2857,0,86,87,73,1406,3504,2.23444,0,16.6331,7.57664,0,3402,12510768325
38.9662,25.6633,64.2857,0,86,87,73,1406,3504,2.23444,0,16.6331,7.57664,0,3402,12536444960
41.7045,23.9782,64.2857,0,86,87,73,1406,3504,2.23444,0,16.6331,7.57664,0,3402,12560411490
38.3293,26.0897,64.2857,0,86,87,73,1406,3504,2.23444,0,16.6331,7.57664,0,3402,12586502505
35.2892,28.3373,64.2857,0,86,87,73,1406,3504,2.23444,0,16.6331,7.57664,0,3402,12614841933
44.7126,22.365,64.2857,0,86,87,73,1406,3504,2.23444,0,16.6331,7.57664,0,3402,12637207149
38.8639,25.7308,64.2857,0,86,87,73,1406,3504,2.23444,0,16.6331,7.57664,0,3402,12662939835
38.447,26.0099,64.2857,0,86,87,73,1406,3504,2.23444,0,16.6331,7.57664,0,3402,12688955603
41.773,23.9389,65.3367,0,100,87,73,1417,3504,2.23444,0,16.6329,7.57664,0,3400,12712891447
36.5944,27.3266,65.3367,0,100,87,73,1417,3504,2.23444,0,16.6329,7.57664,0,3400,12740219585
42.8243,23.3512,65.3367,0,100,87,73,1417,3504,2.23444,0,16.6329,7.57664,0,3400,12763571403
40.0032,24.998,65.3367,0,100,87,73,1417,3504,2.23444,0,16.6329,7.57664,0,3400,12788571158
40.6684,24.5891,65.3367,0,100,87,73,1417,3504,2.23444,0,16.6329,7.57664,0,3400,12813161698
31.7297,31.5162,65.3367,0,100,87,73,1417,3504,2.23444,0,16.6329,7.57664,0,3400,12844679243
46.0698,21.7062,65.3367,0,100,87,73,1417,3504,2.23444,0,16.6329,7.57664,0,3400,12866386165
42.8849,23.3182,65.3367,0,100,87,73,1417,3504,2.23444,0,16.6329,7.57664,0,3400,12889706418
33.9389,29.4648,65.3367,0,100,87,73,1417,3504,2.23444,0,16.6329,7.57664,0,3400,12919172553
36.576,27.3403,65.3367,0,100,87,73,1417,3504,2.23444,0,16.6329,7.57664,0,3400,12946515082
40.1137,24.9291,65.3367,0,100,87,73,1417,3504,2.23444,0,16.6329,7.57664,0,3400,12971447152
47.0775,21.2416,65.3367,0,100,87,73,1417,3504,2.23444,0,16.6329,7.57664,0,3400,12992688808
40.2852,24.823,65.3367,0,100,87,73,1417,3504,2.23444,0,16.6329,7.57664,0,3400,13017513059
43.1058,23.1988,65.3367,0,100,87,73,1417,3504,2.23444,0,16.6329,7.57664,0,3400,13040712815
36.4581,27.4288,65.3367,0,100,87,73,1417,3504,2.23444,0,16.6329,7.57664,0,3400,13068144076
36.0859,27.7116,65.3367,0,100,87,73,1417,3504,2.23444,0,16.6329,7.57664,0,3400,13095856147
51.4101,19.4514,65.3367,0,100,87,73,1417,3504,2.23444,0,16.6329,7.57664,0,3400,13115314665
40.7888,24.5165,65.3367,0,100,87,73,1417,3504,2.23444,0,16.6329,7.57664,0,3400,13140002722
42.247,23.6703,65.3367,0,100,87,73,1417,3504,2.23444,0,16.6329,7.57664,0,3400,13163499630
37.9759,26.3325,65.3367,0,100,87,73,1417,3504,2.23444,0,16.6329,7.57664,0,3400,13189842854
40.5504,24.6607,67.7749,0,100,89,73,1419,3504,2.23444,0,16.6407,7.57664,0,3401,13214496511
34.4716,29.0094,67.7749,0,100,89,73,1419,3504,2.23444,0,16.6407,7.57664,0,3401,13243505868
42.2323,23.6786,67.7749,0,100,89,73,1419,3504,2.23444,0,16.6407,7.57664,0,3401,13267186314
45.1577,22.1446,67.7749,0,100,89,73,1419,3504,2.23444,0,16.6407,7.57664,0,3401,13289330963
38.2199,26.1644,67.7749,0,100,89,73,1419,3504,2.23444,0,16.6407,7.57664,0,3401,13315497082
39.743,25.1617,67.7749,0,100,89,73,1419,3504,2.23444,0,16.6407,7.57664,0,3401,13340659699
41.5034,24.0944,67.7749,0,100,89,73,1419,3504,2.23444,0,16.6407,7.57664,0,3401,13364755898
39.5082,25.3112,67.7749,0,100,89,73,1419,3504,2.23444,0,16.6407,7.57664,0,3401,13390068810
38.31,26.1029,67.7749,0,100,89,73,1419,3504,2.23444,0,16.6407,7.57664,0,3401,13416172821
40.3169,24.8035,67.7749,0,100,89,73,1419,3504,2.23444,0,16.6407,7.57664,0,3401,13440977554
41.0718,24.3476,67.7749,0,100,89,73,1419,3504,2.23444,0,16.6407,7.57664,0,3401,13465326713
38.4874,25.9825,67.7749,0,100,89,73,1419,3504,2.23444,0,16.6407,7.57664,0,3401,13491309936
37.2731,26.829,67.7749,0,100,89,73,1419,3504,2.23444,0,16.6407,7.57664,0,3401,13518140127
43.6883,22.8894,67.7749,0,100,89,73,1419,3504,2.23444,0,16.6407,7.57664,0,3401,13541031435
42.9031,23.3084,67.7749,0,100,89,73,1419,3504,2.23444,0,16.6407,7.57664,0,3401,13564340458
36.502,27.3957,67.7749,0,100,89,73,1419,3504,2.23444,0,16.6407,7.57664,0,3401,13591737670
38.183,26.1896,67.7749,0,100,89,73,1419,3504,2.23444,0,16.6407,7.57664,0,3401,13617928775
37.527,26.6475,67.7749,0,100,89,73,1419,3504,2.23444,0,16.6407,7.57664,0,3401,13644577537
47.5855,21.0148,67.7749,0,100,89,73,1419,3504,2.23444,0,16.6407,7.57664,0,3401,13665593108
33.9891,29.4212,67.7749,0,100,89,73,1419,3504,2.23444,0,16.6407,7.57664,0,3401,13695022296
44.9865,22.2289,65.4135,0,100,89,73,1424,3504,2.23444,0,16.6407,7.57664,0,3400,13717245349
36.8106,27.1661,65.4135,0,100,89,73,1424,3504,2.23444,0,16.6407,7.57664,0,3400,13744412637
46.6715,21.4263,65.4135,0,100,89,73,1424,3504,2.23444,0,16.6407,7.57664,0,3400,13765841899
35.2509,28.3681,65.4135,0,100,89,73,1424,3504,2.23444,0,16.6407,7.57664,0,3400,13794210524
38.2883,26.1176,65.4135,0,100,89,73,1424,3504,2.23444,0,16.6407,7.57664,0,3400,13820329702
41.847,23.8966,65.4135,0,100,89,73,1424,3504,2.23444,0,16.6407,7.57664,0,3400,13844227788
39.2329,25.4888,65.4135,0,100,89,73,1424,3504,2.23444,0,16.6407,7.57664,0,3400,13869717614
48.4377,20.6451,65.4135,0,100,89,73,1424,3504,2.23444,0,16.6407,7.57664,0,3400,13890364809
33.8986,29.4997,65.4135,0,100,89,73,1424,3504,2.23444,0,16.6407,7.57664,0,3400,13919865570
37.5416,26.6371,65.4135,0,100,89,73,1424,3504,2.23444,0,16.6407,7.57664,0,3400,13946503200
44.2934,22.5767,65.4135,0,100,89,73,1424,3504,2.23444,0,16.6407,7.57664,0,3400,13969081820
45.3553,22.0481,65.4135,0,100,89,73,1424,3504,2.23444,0,16.6407,7.57664,0,3400,13991130932
40.8227,24.4962,65.4135,0,100,89,73,1424,3504,2.23444,0,16.6407,7.57664,0,3400,14015628915
42.7102,23.4136,65.4135,0,100,89,73,1424,3504,2.23444,0,16.6407,7.57664,0,3400,14039044085
40.2114,24.8686,65.4135,0,100,89,73,1424,3504,2.23444,0,16.6407,7.57664,0,3400,14063913530
40.7682,24.5289,65.4135,0,100,89,73,1424,3504,2.23444,0,16.6407,7.57664,0,3400,14088442977
37.8815,26.3981,65.4135,0,100,89,73,1424,3504,2.23444,0,16.6407,7.57664,0,3400,14114843980
43.8044,22.8288,65.4135,0,100,89,73,1424,3504,2.23444,0,16.6407,7.57664,0,3400,14137674052
40.0157,24.9902,65.4135,0,100,89,73,1424,3504,2.23444,0,16.6407,7.57664,0,3400,14162664928
43.4623,23.0084,65.4135,0,100,89,73,1424,3504,2.23444,0,16.6407,7.57664,0,3400,14185674515
35.2685,28.3539,65.4135,0,100,89,73,1424,3504,2.23444,0,16.6407,7.57664,0,3400,14214036475
48.2817,20.7118,66.747,0,100,91,73,1423,3504,2.23444,0,16.6548,7.57664,0,3400,14234743847
43.8766,22.7912,66.747,0,100,91,73,1423,3504,2.23444,0,16.6548,7.57664,0,3400,14257535425
40.5593,24.6553,66.747,0,100,91,73,1423,3504,2.23444,0,16.6548,7.57664,0,3400,14282192613
39.7118,25.1814,66.747,0,100,91,73,1423,3504,2.23444,0,16.6548,7.57664,0,3400,14307374648
37.5123,26.6579,66.747,0,100,91,73,1423,3504,2.23444,0,16.6548,7.57664,0,3400,14334033901
45.4524,22.0011,66.747,0,100,91,73,1423,3504,2.23444,0,16.6548,7.57664,0,3400,14356036011
38.4271,26.0233,66.747,0,100,91,73,1423,3504,2.23444,0,16.6548,7.57664,0,3400,14382060367
47.9522,20.8541,66.747,0,100,91,73,1423,3504,2.23444,0,16.6548,7.57664,0,3400,14402915033
39.9763,25.0148,66.747,0,100,91,73,1423,3504,2.23444,0,16.6548,7.57664,0,3400,14427932386
40.9557,24.4167,66.747,0,100,91,73,1423,3504,2.23444,0,16.6548,7.57664,0,3400,14452350390
41.5459,24.0698,66.747,0,100,91,73,1423,3504,2.23444,0,16.6548,7.57664,0,3400,14476420836
40.1435,24.9106,66.747,0,100,91,73,1423,3504,2.23444,0,16.6548,7.57664,0,3400,14501333367
37.5314,26.6443,66.747,0,100,91,73,1423,3504,2.23444,0,16.6548,7.57664,0,3400,14527979323
42.5123,23.5226,66.747,0,100,91,73,1423,3504,2.23444,0,16.6548,7.57664,0,3400,14551504016
43.867,22.7962,66.747,0,100,91,73,1423,3504,2.23444,0,16.6548,7.57664,0,3400,14574300573
42.9321,23.2926,66.747,0,100,91,73,1423,3504,2.23444,0,16.6548,7.57664,0,3400,14597593616
43.7001,22.8832,66.747,0,100,91,73,1423,3504,2.23444,0,16.6548,7.57664,0,3400,14620478337
33.3812,29.957,66.747,0,100,91,73,1423,3504,2.23444,0,16.6548,7.57664,0,3400,14650451007
41.6946,23.9839,66.747,0,100,91,73,1423,3504,2.23444,0,16.6548,7.57664,0,3400,14674421250
48.333,20.6898,66.747,0,100,91,73,1423,3504,2.23444,0,16.6548,7.57664,0,3400,14695112353
40.5004,24.6911,66.747,0,100,91,73,1423,3504,2.23444,0,16.6548,7.57664,0,3400,14719808309
41.2879,24.2202,62.341,0,100,91,73,1463,3504,2.23444,0,16.6545,7.57664,0,3429,14744026328
35.7724,27.9545,62.341,0,100,91,73,1463,3504,2.23444,0,16.6545,7.57664,0,3429,14771982251
46.0846,21.6992,62.341,0,100,91,73,1463,3504,2.23444,0,16.6545,7.57664,0,3429,14793683793
34.6284,28.878,62.341,0,100,91,73,1463,3504,2.23444,0,16.6545,7.57664,0,3429,14822563253
45.1106,22.1677,62.341,0,100,91,73,1463,3504,2.23444,0,16.6545,7.57664,0,3429,14844731664
53.8657,18.5647,62.341,0,100,91,73,1463,3504,2.23444,0,16.6545,7.57664,0,3429,14863297414
37.6146,26.5854,62.341,0,100,91,73,1463,3504,2.23444,0,16.6545,7.57664,0,3429,14889884873
33.198,30.1223,62.341,0,100,91,73,1463,3504,2.23444,0,16.6545,7.57664,0,3429,14920007575
44.3174,22.5645,62.341,0,100,91,73,1463,3504,2.23444,0,16.6545,7.57664,0,3429,14942573624
46.7673,21.3824,62.341,0,100,91,73,1463,3504,2.23444,0,16.6545,7.57664,0,3429,14963957833
38.7674,25.7948,62.341,0,100,91,73,1463,3504,2.23444,0,16.6545,7.57664,0,3429,14989752955
56.7259,17.6286,62.341,0,100,91,73,1463,3504,2.23444,0,16.6545,7.57664,0,3429,15007381967
39.3806,25.3932,62.341,0,100,91,73,1463,3504,2.23444,0,16.6545,7.57664,0,3429,15032777039
37.5662,26.6196,62.341,0,100,91,73,1463,3504,2.23444,0,16.6545,7.57664,0,3429,15059398125
43.2532,23.1197,62.341,0,100,91,73,1463,3504,2.23444,0,16.6545,7.57664,0,3429,15082518164
45.259,22.0951,62.341,0,100,91,73,1463,3504,2.23444,0,16.6545,7.57664,0,3429,15104614669
39.0779,25.5899,62.341,0,100,91,73,1463,3504,2.23444,0,16.6545,7.57664,0,3429,15130206737
36.2159,27.6122,62.341,0,100,91,73,1463,3504,2.23444,0,16.6545,7.57664,0,3429,15157820414
57.6511,17.3457,62.341,0,100,91,73,1463,3504,2.23444,0,16.6545,7.57664,0,3429,15175167801
43.0726,23.2166,62.341,0,100,91,73,1463,3504,2.23444,0,16.6545,7.57664,0,3429,15198384934
37.5788,26.6108,62.341,0,100,91,73,1463,3504,2.23444,0,16.6545,7.57664,0,3429,15224999760
51.4421,19.4393,70.202,0,100,93,73,1463,3504,2.23444,0,16.6573,7.57664,0,3416,15244438227
37.7751,26.4724,70.202,0,100,93,73,1463,3504,2.23444,0,16.6573,7.57664,0,3416,15270911936
43.5711,22.951,70.202,0,100,93,73,1463,3504,2.23444,0,16.6573,7.57664,0,3416,15293863408
41.2259,24.2566,70.202,0,100,93,73,1463,3504,2.23444,0,16.6573,7.57664,0,3416,15318121279
36.7452,27.2145,70.202,0,100,93,73,1463,3504,2.23444,0,16.6573,7.57664,0,3416,15345336684
53.8121,18.5832,70.202,0,100,93,73,1463,3504,2.23444,0,16.6573,7.57664,0,3416,15363921999
41.1221,24.3178,70.202,0,100,93,73,1463,3504,2.23444,0,16.6573,7.57664,0,3416,15388241142
40.8241,24.4953,70.202,0,100,93,73,1463,3504,2.23444,0,16.6573,7.57664,0,3416,15412738485
37.6203,26.5814,70.202,0,100,93,73,1463,3504,2.23444,0,16.6573,7.57664,0,3416,15439319630
47.7004,20.9642,70.202,0,100,93,73,1463,3504,2.23444,0,16.6573,7.57664,0,3416,15460284781
43.1103,23.1963,70.202,0,100,93,73,1463,3504,2.23444,0,16.6573,7.57664,0,3416,15483483510
43.3938,23.0448,70.202,0,100,93,73,1463,3504,2.23444,0,16.6573,7.57664,0,3416,15506529104
41.2409,24.2478,70.202,0,100,93,73,1463,3504,2.23444,0,16.6573,7.57664,0,3416,15530782280
46.4761,21.5164,70.202,0,100,93,73,1463,3504,2.23444,0,16.6573,7.57664,0,3416,15552296937
45.1093,22.1684,70.202,0,100,93,73,1463,3504,2.23444,0,16.6573,7.57664,0,3416,15574466483
41.3639,24.1757,70.202,0,100,93,73,1463,3504,2.23444,0,16.6573,7.57664,0,3416,15598643362
42.2458,23.671,70.202,0,100,93,73,1463,3504,2.23444,0,16.6573,7.57664,0,3416,15622316939
42.5736,23.4887,70.202,0,100,93,73,1463,3504,2.23444,0,16.6573,7.57664,0,3416,15645805659
39.8963,25.065,70.202,0,100,93,73,1463,3504,2.23444,0,16.6573,7.57664,0,3416,15670872014
49.786,20.086,70.202,0,100,93,73,1463,3504,2.23444,0,16.6573,7.57664,0,3416,15690958891
35.8451,27.8978,70.202,0,100,93,73,1463,3504,2.23444,0,16.6573,7.57664,0,3416,15718858490
46.1466,21.6701,70.202,0,100,93,73,1463,3504,2.23444,0,16.6573,7.57664,0,3416,15740532267
41.878,23.8789,71.0723,0,100,93,74,1460,3504,2.23444,0,16.6921,7.57664,0,3400,15764410348
45.28,22.0848,71.0723,0,100,93,74,1460,3504,2.23444,0,16.6921,7.57664,0,3400,15786496523
42.6621,23.44,71.0723,0,100,93,74,1460,3504,2.23444,0,16.6921,7.57664,0,3400,15809936513
43.9797,22.7378,71.0723,0,100,93,74,1460,3504,2.23444,0,16.6921,7.57664,0,3400,15832676456
36.5527,27.3577,71.0723,0,100,93,74,1460,3504,2.23444,0,16.6921,7.57664,0,3400,15860035740
50.1379,19.945,71.0723,0,100,93,74,1460,3504,2.23444,0,16.6921,7.57664,0,3400,15879983742
35.908,27.849,71.0723,0,100,93,74,1460,3504,2.23444,0,16.6921,7.57664,0,3400,15907832741
43.6081,22.9315,71.0723,0,100,93,74,1460,3504,2.23444,0,16.6921,7.57664,0,3400,15930765166
39.2764,25.4606,71.0723,0,100,93,74,1460,3504,2.23444,0,16.6921,7.57664,0,3400,15956227412
36.1556,27.6583,71.0723,0,100,93,74,1460,3504,2.23444,0,16.6921,7.57664,0,3400,15983886230
55.1802,18.1224,71.0723,0,100,93,74,1460,3504,2.23444,0,16.6921,7.57664,0,3400,16002010111
47.6612,20.9814,71.0723,0,100,93,74,1460,3504,2.23444,0,16.6921,7.57664,0,3400,16022992796
47.6932,20.9674,71.0723,0,100,93,74,1460,3504,2.23444,0,16.6921,7.57664,0,3400,16043961096
40.2563,24.8408,71.0723,0,100,93,74,1460,3504,2.23444,0,16.6921,7.57664,0,3400,16068803858
43.0715,23.2172,71.0723,0,100,93,74,1460,3504,2.23444,0,16.6921,7.57664,0,3400,16092023601
40.4441,24.7255,71.0723,0,100,93,74,1460,3504,2.23444,0,16.6921,7.57664,0,3400,16116749769
42.4497,23.5573,71.0723,0,100,93,74,1460,3504,2.23444,0,16.6921,7.57664,0,3400,16140308555
48.9018,20.4491,71.0723,0,100,93,74,1460,3504,2.23444,0,16.6921,7.57664,0,3400,16160759078
41.7777,23.9362,71.0723,0,100,93,74,1460,3504,2.23444,0,16.6921,7.57664,0,3400,16184696307
37.5605,26.6237,71.0723,0,100,93,74,1460,3504,2.23444,0,16.6921,7.57664,0,3400,16211321193
44.2984,22.5742,71.0723,0,100,93,74,1460,3504,2.23444,0,16.6921,7.57664,0,3400,16233895981
43.6416,22.9139,71.0723,0,100,93,74,1460,3504,2.23444,0,16.6921,7.57664,0,3400,16256822261
38.6657,25.8627,67.0854,0,100,90,74,1455,3504,2.23444,0,16.7305,7.57664,0,3400,16282674952
50.7979,19.6858,67.0854,0,100,90,74,1455,3504,2.23444,0,16.7305,7.57664,0,3400,16302362586
37.6671,26.5484,67.0854,0,100,90,74,1455,3504,2.23444,0,16.7305,7.57664,0,3400,16328912311
45.3936,22.0295,67.0854,0,100,90,74,1455,3504,2.23444,0,16.7305,7.57664,0,3400,16350943177
31.4529,31.7936,67.0854,0,100,90,74,1455,3504,2.23444,0,16.7305,7.57664,0,3400,16382738050
55.9065,17.887,67.0854,0,100,90,74,1455,3504,2.23444,0,16.7305,7.57664,0,3400,16400625962
44.7968,22.323,67.0854,0,100,90,74,1455,3504,2.23444,0,16.7305,7.57664,0,3400,16422950039
44.8074,22.3178,67.0854,0,100,90,74,1455,3504,2.23444,0,16.7305,7.57664,0,3400,16445268407
39.1267,25.558,67.0854,0,100,90,74,1455,3504,2.23444,0,16.7305,7.57664,0,3400,16470828077
30.5345,32.7498,67.0854,0,100,90,74,1455,3504,2.23444,0,16.7305,7.57664,0,3400,16503578744
74.5877,13.407,67.0854,0,100,90,74,1455,3504,2.23444,0,16.7305,7.57664,0,3400,16516986763
43.6539,22.9075,67.0854,0,100,90,74,1455,3504,2.23444,0,16.7305,7.57664,0,3400,16539895313
32.9652,30.335,67.0854,0,100,90,74,1455,3504,2.23444,0,16.7305,7.57664,0,3400,16570231100
72.2202,13.8465,67.0854,0,100,90,74,1455,3504,2.23444,0,16.7305,7.57664,0,3400,16584079772
44.8404,22.3013,67.0854,0,100,90,74,1455,3504,2.23444,0,16.7305,7.57664,0,3400,16606381861
36.0335,27.752,67.0854,0,100,90,74,1455,3504,2.23444,0,16.7305,7.57664,0,3400,16634135035
48.2916,20.7075,67.0854,0,100,90,74,1455,3504,2.23444,0,16.7305,7.57664,0,3400,16654844429
39.0116,25.6334,67.0854,0,100,90,74,1455,3504,2.23444,0,16.7305,7.57664,0,3400,16680491120
42.7354,23.3998,67.0854,0,100,90,74,1455,3504,2.23444,0,16.7305,7.57664,0,3400,16703879200
49.8009,20.08,67.0854,0,100,90,74,1455,3504,2.23444,0,16.7305,7.57664,0,3400,16723972865
40.0867,24.9459,67.0854,0,100,90,74,1455,3504,2.23444,0,16.7305,7.57664,0,3400,16748908457
40.3323,24.794,67.0854,0,100,90,74,1455,3504,2.23444,0,16.7305,7.57664,0,3400,16773709022
46.2686,21.6129,69.6822,0,100,90,74,1462,3504,2.23444,0,16.7303,7.57664,0,3400,16795317457
42.3828,23.5945,69.6822,0,100,90,74,1462,3504,2.23444,0,16.7303,7.57664,0,3400,16818913362
41.6797,23.9925,69.6822,0,100,90,74,1462,3504,2.23444,0,16.7303,7.57664,0,3400,16842908891
48.6136,20.5704,69.6822,0,100,90,74,1462,3504,2.23444,0,16.7303,7.57664,0,3400,16863479486
36.8371,27.1466,69.6822,0,100,90,74,1462,3504,2.23444,0,16.7303,7.57664,0,3400,16890627311
51.1299,19.558,69.6822,0,100,90,74,1462,3504,2.23444,0,16.7303,7.57664,0,3400,16910187523
41.1964,24.2739,69.6822,0,100,90,74,1462,3504,2.23444,0,16.7303,7.57664,0,3400,16934461694
40.8157,24.5004,69.6822,0,100,90,74,1462,3504,2.23444,0,16.7303,7.57664,0,3400,16958962947
49.8999,20.0401,69.6822,0,100,90,74,1462,3504,2.23444,0,16.7303,7.57664,0,3400,16979005147
44.6566,22.3931,69.6822,0,100,90,74,1462,3504,2.23444,0,16.7303,7.57664,0,3400,17001399019
43.6702,22.8989,69.6822,0,100,90,74,1462,3504,2.23444,0,16.7303,7.57664,0,3400,17024299840
43.0819,23.2116,69.6822,0,100,90,74,1462,3504,2.23444,0,16.7303,7.57664,0,3400,17047511212
40.9737,24.4059,69.6822,0,100,90,74,1462,3504,2.23444,0,16.7303,7.57664,0,3400,17071937252
47.0233,21.266,69.6822,0,100,90,74,1462,3504,2.23444,0,16.7303,7.57664,0,3400,17093187792
36.0393,27.7475,69.6822,0,100,90,74,1462,3504,2.23444,0,16.7303,7.57664,0,3400,17120935890
55.2573,18.0972,69.6822,0,100,90,74,1462,3504,2.23444,0,16.7303,7.57664,0,3400,17139034710
40.5138,24.683,69.6822,0,100,90,74,1462,3504,2.23444,0,16.7303,7.57664,0,3400,17163717754
48.0958,20.7918,69.6822,0,100,90,74,1462,3504,2.23444,0,16.7303,7.57664,0,3400,17184511143
35.2738,28.3497,69.6822,0,100,90,74,1462,3504,2.23444,0,16.7303,7.57664,0,3400,17212862348
48.0389,20.8165,69.6822,0,100,90,74,1462,3504,2.23444,0,16.7303,7.57664,0,3400,17233680092
44.1857,22.6318,69.6822,0,100,90,74,1462,3504,2.23444,0,16.7303,7.57664,0,3400,17256312817
45.6151,21.9226,69.6822,0,100,90,74,1462,3504,2.23444,0,16.7303,7.57664,0,3400,17278240724
40.7394,24.5463,63.2242,0,100,91,74,1478,3504,2.23444,0,16.7127,7.57664,0,3408,17302784055
46.9081,21.3183,63.2242,0,100,91,74,1478,3504,2.23444,0,16.7127,7.57664,0,3408,17324102812
41.8575,23.8906,63.2242,0,100,91,74,1478,3504,2.23444,0,16.7127,7.57664,0,3408,17347994558
48.5727,20.5877,63.2242,0,100,91,74,1478,3504,2.23444,0,16.7127,7.57664,0,3408,17368583078
45.8851,21.7936,63.2242,0,100,91,74,1478,3504,2.23444,0,16.7127,7.57664,0,3408,17390379211
44.7004,22.3712,63.2242,0,100,91,74,1478,3504,2.23444,0,16.7127,7.57664,0,3408,17412750967
44.1737,22.6379,63.2242,0,100,91,74,1478,3504,2.23444,0,16.7127,7.57664,0,3408,17435389325
36.4503,27.4346,63.2242,0,100,91,74,1478,3504,2.23444,0,16.7127,7.57664,0,3408,17462826197
59.0073,16.9471,63.2242,0,100,91,74,1478,3504,2.23444,0,16.7127,7.57664,0,3408,17479774626
42.688,23.4258,63.2242,0,100,91,74,1478,3504,2.23444,0,16.7127,7.57664,0,3408,17503201039
51.3603,19.4703,63.2242,0,100,91,74,1478,3504,2.23444,0,16.7127,7.57664,0,3408,17522673050
41.4366,24.1333,63.2242,0,100,91,74,1478,3504,2.23444,0,16.7127,7.57664,0,3408,17546807769
48.2023,20.7459,63.2242,0,100,91,74,1478,3504,2.23444,0,16.7127,7.57664,0,3408,17567556619
49.0403,20.3914,63.2242,0,100,91,74,1478,3504,2.23444,0,16.7127,7.57664,0,3408,17587948280
33.301,30.0292,63.2242,0,100,91,74,1478,3504,2.23444,0,16.7127,7.57664,0,3408,17617979625
69.8857,14.3091,63.2242,0,100,91,74,1478,3504,2.23444,0,16.7127,7.57664,0,3408,17632289383
45.5008,21.9777,63.2242,0,100,91,74,1478,3504,2.23444,0,16.7127,7.57664,0,3408,17654268996
45.7682,21.8492,63.2242,0,100,91,74,1478,3504,2.23444,0,16.7127,7.57664,0,3408,17676119821
43.479,22.9996,63.2242,0,100,91,74,1478,3504,2.23444,0,16.7127,7.57664,0,3408,17699122173
27.8725,35.8777,63.2242,0,100,91,74,1478,3504,2.23444,0,16.7127,7.57664,0,3408,17735016989
109.115,9.16463,63.2242,0,100,91,74,1478,3504,2.23444,0,16.7127,7.57664,0,3408,17744166181
42.7609,23.3858,63.2242,0,100,91,74,1478,3504,2.23444,0,16.7127,7.57664,0,3408,17767552332
48.1644,20.7622,63.2242,0,100,91,74,1478,3504,2.23444,0,16.7127,7.57664,0,3408,17788318549
46.4747,21.5171,63.6816,0,100,91,74,1565,3504,2.23444,0,16.7125,7.57664,0,3400,17809834766
45.1343,22.1561,63.6816,0,100,91,74,1565,3504,2.23444,0,16.7125,7.57664,0,3400,17831990776
44.1738,22.6379,63.6816,0,100,91,74,1565,3504,2.23444,0,16.7125,7.57664,0,3400,17854630141
47.7113,20.9594,63.6816,0,100,91,74,1565,3504,2.23444,0,16.7125,7.57664,0,3400,17875591728
42.577,23.4868,63.6816,0,100,91,74,1565,3504,2.23444,0,16.7125,7.57664,0,3400,17899077964
47.5652,21.0238,63.6816,0,100,91,74,1565,3504,2.23444,0,16.7125,7.57664,0,3400,17920104483
42.7917,23.369,63.6816,0,100,91,74,1565,3504,2.23444,0,16.7125,7.57664,0,3400,17943474236
50.4289,19.8299,63.6816,0,100,91,74,1565,3504,2.23444,0,16.7125,7.57664,0,3400,17963304648
36.7591,27.2041,63.6816,0,100,91,74,1565,3504,2.23444,0,16.7125,7.57664,0,3400,17990511079
63.2066,15.8211,63.6816,0,100,91,74,1565,3504,2.23444,0,16.7125,7.57664,0,3400,18006334135
46.8829,21.3298,63.6816,0,100,91,74,1565,3504,2.23444,0,16.7125,7.57664,0,3400,18027684874
48.2206,20.738,63.6816,0,100,91,74,1565,3504,2.23444,0,16.7125,7.57664,0,3400,18048414707
41.6747,23.9954,63.6816,0,100,91,74,1565,3504,2.23444,0,16.7125,7.57664,0,3400,18072410190
41.3402,24.1895,63.6816,0,100,91,74,1565,3504,2.23444,0,16.7125,7.57664,0,3400,18096601562
43.5773,22.9478,63.6816,0,100,91,74,1565,3504,2.23444,0,16.7125,7.57664,0,3400,18119551379
50.2843,19.8869,63.6816,0,100,91,74,1565,3504,2.23444,0,16.7125,7.57664,0,3400,18139439643
46.7423,21.3939,63.6816,0,100,91,74,1565,3504,2.23444,0,16.7125,7.57664,0,3400,18160833223
46.8031,21.3661,63.6816,0,100,91,74,1565,3504,2.23444,0,16.7125,7.57664,0,3400,18182201693
46.1237,21.6808,63.6816,0,100,91,74,1565,3504,2.23444,0,16.7125,7.57664,0,3400,18203883530
46.8165,21.36,63.6816,0,100,91,74,1565,3504,2.23444,0,16.7125,7.57664,0,3400,18225245050
48.4021,20.6603,63.6816,0,100,91,74,1565,3504,2.23444,0,16.7125,7.57664,0,3400,18245908128
41.5783,24.051,63.6816,0,100,91,74,1565,3504,2.23444,0,16.7125,7.57664,0,3400,18269959151
49.5073,20.199,63.6816,0,100,91,74,1565,3504,2.23444,0,16.7125,7.57664,0,3400,18290165131
44.9492,22.2474,61.8557,0,100,97,74,1565,3504,2.23444,0,16.7125,7.57664,0,3401,18312407076
42.7477,23.3931,61.8557,0,100,97,74,1565,3504,2.23444,0,16.7125,7.57664,0,3401,18335801669
52.277,19.1289,61.8557,0,100,97,74,1565,3504,2.23444,0,16.7125,7.57664,0,3401,18354932478
42.1127,23.7458,61.8557,0,100,97,74,1565,3504,2.23444,0,16.7125,7.57664,0,3401,18378678995
49.8444,20.0624,61.8557,0,100,97,74,1565,3504,2.23444,0,16.7125,7.57664,0,3401,18398743029
22.2348,44.9745,61.8557,0,100,97,74,1565,3504,2.23444,0,16.7125,7.57664,0,3401,18443718215
383.153,2.60992,61.8557,0,100,97,74,1565,3504,2.23444,0,16.7125,7.57664,0,3401,18446328855
39.63,25.2334,61.8557,0,100,97,74,1565,3504,2.23444,0,16.7125,7.57664,0,3401,18471563822
42.6267,23.4595,61.8557,0,100,97,74,1565,3504,2.23444,0,16.7125,7.57664,0,3401,18495024088
43.5041,22.9863,61.8557,0,100,97,74,1565,3504,2.23444,0,16.7125,7.57664,0,3401,18518012647
48.4416,20.6434,61.8557,0,100,97,74,1565,3504,2.23444,0,16.7125,7.57664,0,3401,18538657572
47.8798,20.8856,61.8557,0,100,97,74,1565,3504,2.23444,0,16.7125,7.57664,0,3401,18559543859
45.0283,22.2083,61.8557,0,100,97,74,1565,3504,2.23444,0,16.7125,7.57664,0,3401,18581753918
45.3971,22.0278,61.8557,0,100,97,74,1565,3504,2.23444,0,16.7125,7.57664,0,3401,18603782661
22.1094,45.2297,61.8557,0,100,97,74,1565,3504,2.23444,0,16.7125,7.57664,0,3401,18649013313
481.781,2.07563,61.8557,0,100,97,74,1565,3504,2.23444,0,16.7125,7.57664,0,3401,18651090580
37.3549,26.7703,61.8557,0,100,97,74,1565,3504,2.23444,0,16.7125,7.57664,0,3401,18677863649
44.0961,22.6778,61.8557,0,100,97,74,1565,3504,2.23444,0,16.7125,7.57664,0,3401,18700541754
42.7934,23.3681,61.8557,0,100,97,74,1565,3504,2.23444,0,16.7125,7.57664,0,3401,18723910658
47.1257,21.2199,61.8557,0,100,97,74,1565,3504,2.23444,0,16.7125,7.57664,0,3401,18745131329
41.5376,24.0746,61.8557,0,100,97,74,1565,3504,2.23444,0,16.7125,7.57664,0,3401,18769208382
49.8415,20.0636,61.8557,0,100,97,74,1565,3504,2.23444,0,16.7125,7.57664,0,3401,18789273593
37.0333,27.0027,61.8557,0,100,97,74,1565,3504,2.23444,0,16.7125,7.57664,0,3401,18816284465
55.1056,18.147,56.9343,0,100,97,75,1594,3504,2.23444,0,16.7119,7.57664,0,3400,18834425442
44.1494,22.6503,56.9343,0,100,97,75,1594,3504,2.23444,0,16.7119,7.57664,0,3400,18857077004
43.9457,22.7554,56.9343,0,100,97,75,1594,3504,2.23444,0,16.7119,7.57664,0,3400,18879833220
45.0425,22.2013,56.9343,0,100,97,75,1594,3504,2.23444,0,16.7119,7.57664,0,3400,18902036428
44.7916,22.3256,56.9343,0,100,97,75,1594,3504,2.23444,0,16.7119,7.57664,0,3400,18924363401
43.3537,23.0661,56.9343,0,100,97,75,1594,3504,2.23444,0,16.7119,7.57664,0,3400,18947430557
40.7337,24.5497,56.9343,0,100,97,75,1594,3504,2.23444,0,16.7119,7.57664,0,3400,18971981005
46.4451,21.5308,56.9343,0,100,97,75,1594,3504,2.23444,0,16.7119,7.57664,0,3400,18993514584
49.5955,20.1631,56.9343,0,100,97,75,1594,3504,2.23444,0,16.7119,7.57664,0,3400,19013678283
27.8837,35.8632,56.9343,0,100,97,75,1594,3504,2.23444,0,16.7119,7.57664,0,3400,19049541493
120.976,8.26609,56.9343,0,100,97,75,1594,3504,2.23444,0,16.7119,7.57664,0,3400,19057809599
46.0348,21.7227,56.9343,0,100,97,75,1594,3504,2.23444,0,16.7119,7.57664,0,3400,19079533348
41.183,24.2819,56.9343,0,100,97,75,1594,3504,2.23444,0,16.7119,7.57664,0,3400,19103816919
43.2867,23.1018,56.9343,0,100,97,75,1594,3504,2.23444,0,16.7119,7.57664,0,3400,19126920565
53.8937,18.555,56.9343,0,100,97,75,1594,3504,2.23444,0,16.7119,7.57664,0,3400,19145476849
42.1673,23.715,56.9343,0,100,97,75,1594,3504,2.23444,0,16.7119,7.57664,0,3400,19169193259
42.0191,23.7987,56.9343,0,100,97,75,1594,3504,2.23444,0,16.7119,7.57664,0,3400,19192992338
20.6428,48.443,56.9343,0,100,97,75,1594,3504,2.23444,0,16.7119,7.57664,0,3400,19241437313
1250.06,0.799963,56.9343,0,100,97,75,1594,3504,2.23444,0,16.7119,7.57664,0,3400,19242236532
51.0539,19.5871,56.9343,0,100,97,75,1594,3504,2.23444,0,16.7119,7.57664,0,3400,19261826213
57.813,17.2971,56.9343,0,100,97,75,1594,3504,2.23444,0,16.7119,7.57664,0,3400,19279124011
39.862,25.0866,56.9343,0,100,97,75,1594,3504,2.23444,0,16.7119,7.57664,0,3400,19304212338
55.8272,17.9124,56.9343,0,100,97,75,1594,3504,2.23444,0,16.7119,7.57664,0,3400,19322133819
35.9535,27.8137,66,0,98,94,75,1587,3504,2.23444,0,16.7341,7.57664,0,3400,19349940900
53.4682,18.7027,66,0,98,94,75,1587,3504,2.23444,0,16.7341,7.57664,0,3400,19368645882
48.1031,20.7887,66,0,98,94,75,1587,3504,2.23444,0,16.7341,7.57664,0,3400,19389435718
46.5995,21.4594,66,0,98,94,75,1587,3504,2.23444,0,16.7341,7.57664,0,3400,19410896719
29.4816,33.9195,66,0,98,94,75,1587,3504,2.23444,0,16.7341,7.57664,0,3400,19444816514
134.982,7.40841,66,0,98,94,75,1587,3504,2.23444,0,16.7341,7.57664,0,3400,19452227427
46.6707,21.4267,66,0,98,94,75,1587,3504,2.23444,0,16.7341,7.57664,0,3400,19473654461
45.7106,21.8768,66,0,98,94,75,1587,3504,2.23444,0,16.7341,7.57664,0,3400,19495533563
39.1339,25.5533,66,0,98,94,75,1587,3504,2.23444,0,16.7341,7.57664,0,3400,19521087319
56.5863,17.6721,66,0,98,94,75,1587,3504,2.23444,0,16.7341,7.57664,0,3400,19538760642
42.1704,23.7133,66,0,98,94,75,1587,3504,2.23444,0,16.7341,7.57664,0,3400,19562475149
51.4828,19.424,66,0,98,94,75,1587,3504,2.23444,0,16.7341,7.57664,0,3400,19581900311
42.4564,23.5536,66,0,98,94,75,1587,3504,2.23444,0,16.7341,7.57664,0,3400,19605454499
43.2496,23.1216,66,0,98,94,75,1587,3504,2.23444,0,16.7341,7.57664,0,3400,19628578247
26.9624,37.0887,66,0,98,94,75,1587,3504,2.23444,0,16.7341,7.57664,0,3400,19665668204
136.402,7.33126,66,0,98,94,75,1587,3504,2.23444,0,16.7341,7.57664,0,3400,19673000238
42.3414,23.6175,66,0,98,94,75,1587,3504,2.23444,0,16.7341,7.57664,0,3400,19696619049
49.8621,20.0553,66,0,98,94,75,1587,3504,2.23444,0,16.7341,7.57664,0,3400,19716675537
43.7105,22.8778,66,0,98,94,75,1587,3504,2.23444,0,16.7341,7.57664,0,3400,19739554225
50.3567,19.8583,66,0,98,94,75,1587,3504,2.23444,0,16.7341,7.57664,0,3400,19759413460
46.3843,21.559,66,0,98,94,75,1587,3504,2.23444,0,16.7341,7.57664,0,3400,19780974738
42.19,23.7023,66,0,98,94,75,1587,3504,2.23444,0,16.7341,7.57664,0,3400,19804678291
49.5365,20.1871,66,0,98,94,75,1587,3504,2.23444,0,16.7341,7.57664,0,3400,19824870657
21.8722,45.7202,62.2449,0,100,94,75,1589,3504,2.23444,0,16.7261,7.57664,0,3400,19870588306
1297.5,0.770712,62.2449,0,100,94,75,1589,3504,2.23444,0,16.7261,7.57664,0,3400,19871358160
35.032,28.5453,62.2449,0,100,94,75,1589,3504,2.23444,0,16.7261,7.57664,0,3400,19899906456
48.4073,20.658,62.2449,0,100,94,75,1589,3504,2.23444,0,16.7261,7.57664,0,3400,19920564998
38.9762,25.6567,62.2449,0,100,94,75,1589,3504,2.23444,0,16.7261,7.57664,0,3400,19946223236
47.6173,21.0008,62.2449,0,100,94,75,1589,3504,2.23444,0,16.7261,7.57664,0,3400,19967224199
41.0903,24.3366,62.2449,0,100,94,75,1589,3504,2.23444,0,16.7261,7.57664,0,3400,19991562744
55.1396,18.1358,62.2449,0,100,94,75,1589,3504,2.23444,0,16.7261,7.57664,0,3400,20009700265
47.6943,20.9669,62.2449,0,100,94,75,1589,3504,2.23444,0,16.7261,7.57664,0,3400,20030690721
44.6164,22.4133,62.2449,0,100,94,75,1589,3504,2.23444,0,16.7261,7.57664,0,3400,20053082594
42.9275,23.2951,62.2449,0,100,94,75,1589,3504,2.23444,0,16.7261,7.57664,0,3400,20076379494
47.8327,20.9062,62.2449,0,100,94,75,1589,3504,2.23444,0,16.7261,7.57664,0,3400,20097287311
45.3451,22.0531,62.2449,0,100,94,75,1589,3504,2.23444,0,16.7261,7.57664,0,3400,20119341360
47.3367,21.1253,62.2449,0,100,94,75,1589,3504,2.23444,0,16.7261,7.57664,0,3400,20140468595
47.4518,21.074,62.2449,0,100,94,75,1589,3504,2.23444,0,16.7261,7.57664,0,3400,20161542787
41.3346,24.1928,62.2449,0,100,94,75,1589,3504,2.23444,0,16.7261,7.57664,0,3400,20185738265
49.629,20.1495,62.2449,0,100,94,75,1589,3504,2.23444,0,16.7261,7.57664,0,3400,20205887578
47.5019,21.0518,62.2449,0,100,94,75,1589,3504,2.23444,0,16.7261,7.57664,0,3400,20226940636
47.3788,21.1065,62.2449,0,100,94,75,1589,3504,2.23444,0,16.7261,7.57664,0,3400,20248049216
47.566,21.0234,62.2449,0,100,94,75,1589,3504,2.23444,0,16.7261,7.57664,0,3400,20269072653
50.8626,19.6608,62.2449,0,100,94,75,1589,3504,2.23444,0,16.7261,7.57664,0,3400,20288734779
44.9384,22.2527,62.2449,0,100,94,75,1589,3504,2.23444,0,16.7261,7.57664,0,3400,20310989558
38.399,26.0423,62.2449,0,100,94,75,1589,3504,2.23444,0,16.7261,7.57664,0,3400,20337035392
57.642,17.3485,65.4501,0,98,88,76,1594,3504,2.23444,0,16.7177,7.57664,0,3404,20354382090
47.012,21.2712,65.4501,0,98,88,76,1594,3504,2.23444,0,16.7177,7.57664,0,3404,20375654683
44.4498,22.4973,65.4501,0,98,88,76,1594,3504,2.23444,0,16.7177,7.57664,0,3404,20398153213
50.8123,19.6803,65.4501,0,98,88,76,1594,3504,2.23444,0,16.7177,7.57664,0,3404,20417834225
47.7806,20.929,65.4501,0,98,88,76,1594,3504,2.23444,0,16.7177,7.57664,0,3404,20438764290
40.4602,24.7157,65.4501,0,98,88,76,1594,3504,2.23444,0,16.7177,7.57664,0,3404,20463480453
59.1153,16.9161,65.4501,0,98,88,76,1594,3504,2.23444,0,16.7177,7.57664,0,3404,20480398842
41.7419,23.9568,65.4501,0,98,88,76,1594,3504,2.23444,0,16.7177,7.57664,0,3404,20504356632
47.6641,20.9802,65.4501,0,98,88,76,1594,3504,2.23444,0,16.7177,7.57664,0,3404,20525338954
39.0782,25.5897,65.4501,0,98,88,76,1594,3504,2.23444,0,16.7177,7.57664,0,3404,20550931023
61.2164,16.3355,65.4501,0,98,88,76,1594,3504,2.23444,0,16.7177,7.57664,0,3404,20567283387
41.0226,24.3768,65.4501,0,98,88,76,1594,3504,2.23444,0,16.7177,7.57664,0,3404,20591643165
53.718,18.6157,65.4501,0,98,88,76,1594,3504,2.23444,0,16.7177,7.57664,0,3404,20610261178
45.7392,21.8631,65.4501,0,98,88,76,1594,3504,2.23444,0,16.7177,7.57664,0,3404,20632124718
48.2449,20.7276,65.4501,0,98,88,76,1594,3504,2.23444,0,16.7177,7.57664,0,3404,20652854514
50.1345,19.9464,65.4501,0,98,88,76,1594,3504,2.23444,0,16.7177,7.57664,0,3404,20672801278
48.2871,20.7095,65.4501,0,98,88,76,1594,3504,2.23444,0,16.7177,7.57664,0,3404,20693513359
45.7172,21.8736,65.4501,0,98,88,76,1594,3504,2.23444,0,16.7177,7.57664,0,3404,20715387453
42.0704,23.7697,65.4501,0,98,88,76,1594,3504,2.23444,0,16.7177,7.57664,0,3404,20739158834
46.5303,21.4914,65.4501,0,98,88,76,1594,3504,2.23444,0,16.7177,7.57664,0,3404,20760650808
54.8946,18.2167,65.4501,0,98,88,76,1594,3504,2.23444,0,16.7177,7.57664,0,3404,20778909268
44.7918,22.3255,65.4501,0,98,88,76,1594,3504,2.23444,0,16.7177,7.57664,0,3404,20801236819
47.1171,21.2237,65.4501,0,98,88,76,1594,3504,2.23444,0,16.7177,7.57664,0,3404,20822461269
49.5881,20.1661,65.4501,0,98,88,76,1594,3504,2.23444,0,16.7177,7.57664,0,3404,20842634270
48.17,20.7598,63.5468,0,100,88,76,1660,3504,2.23444,0,16.7167,7.57664,0,3400,20863388808
45.1011,22.1724,63.5468,0,100,88,76,1660,3504,2.23444,0,16.7167,7.57664,0,3400,20885563371
46.6729,21.4257,63.5468,0,100,88,76,1660,3504,2.23444,0,16.7167,7.57664,0,3400,20906990156
45.9725,21.7521,63.5468,0,100,88,76,1660,3504,2.23444,0,16.7167,7.57664,0,3400,20928743480
44.7014,22.3707,63.5468,0,100,88,76,1660,3504,2.23444,0,16.7167,7.57664,0,3400,20951115091
44.3486,22.5486,63.5468,0,100,88,76,1660,3504,2.23444,0,16.7167,7.57664,0,3400,20973665430
53.418,18.7203,63.5468,0,100,88,76,1660,3504,2.23444,0,16.7167,7.57664,0,3400,20992386284
45.4565,21.9991,63.5468,0,100,88,76,1660,3504,2.23444,0,16.7167,7.57664,0,3400,21014388550
33.5587,29.7985,63.5468,0,100,88,76,1660,3504,2.23444,0,16.7167,7.57664,0,3400,21044204974
78.3696,12.7601,63.5468,0,100,88,76,1660,3504,2.23444,0,16.7167,7.57664,0,3400,21056948291
52.9606,18.882,63.5468,0,100,88,76,1660,3504,2.23444,0,16.7167,7.57664,0,3400,21075830806
46.2667,21.6138,63.5468,0,100,88,76,1660,3504,2.23444,0,16.7167,7.57664,0,3400,21097446560
48.9154,20.4435,63.5468,0,100,88,76,1660,3504,2.23444,0,16.7167,7.57664,0,3400,21117891172
48.8999,20.4499,63.5468,0,100,88,76,1660,3504,2.23444,0,16.7167,7.57664,0,3400,21138342287
44.0609,22.6959,63.5468,0,100,88,76,1660,3504,2.23444,0,16.7167,7.57664,0,3400,21161039459
47.7296,20.9513,63.5468,0,100,88,76,1660,3504,2.23444,0,16.7167,7.57664,0,3400,21181991497
43.7837,22.8396,63.5468,0,100,88,76,1660,3504,2.23444,0,16.7167,7.57664,0,3400,21204831925
46.0297,21.7251,63.5468,0,100,88,76,1660,3504,2.23444,0,16.7167,7.57664,0,3400,21226571494
47.385,21.1037,63.5468,0,100,88,76,1660,3504,2.23444,0,16.7167,7.57664,0,3400,21247664393
49.3791,20.2515,63.5468,0,100,88,76,1660,3504,2.23444,0,16.7167,7.57664,0,3400,21267916958
38.9702,25.6607,63.5468,0,100,88,76,1660,3504,2.23444,0,16.7167,7.57664,0,3400,21293578317
59.1137,16.9165,63.5468,0,100,88,76,1660,3504,2.23444,0,16.7167,7.57664,0,3400,21310496512
47.8336,20.9058,63.5468,0,100,88,76,1660,3504,2.23444,0,16.7167,7.57664,0,3400,21331403970
43.9456,22.7554,63.5468,0,100,88,76,1660,3504,2.23444,0,16.7167,7.57664,0,3400,21354163974
49.2408,20.3084,61.6708,0,100,90,76,1660,3504,2.23444,0,16.712,7.57664,0,3400,21374470109
48.8756,20.4601,61.6708,0,100,90,76,1660,3504,2.23444,0,16.712,7.57664,0,3400,21394931373
42.985,23.2639,61.6708,0,100,90,76,1660,3504,2.23444,0,16.712,7.57664,0,3400,21418196738
51.7475,19.3246,61.6708,0,100,90,76,1660,3504,2.23444,0,16.712,7.57664,0,3400,21437522771
45.4939,21.981,61.6708,0,100,90,76,1660,3504,2.23444,0,16.712,7.57664,0,3400,21459505335
45.821,21.8241,61.6708,0,100,90,76,1660,3504,2.23444,0,16.712,7.57664,0,3400,21481329984
47.7022,20.9634,61.6708,0,100,90,76,1660,3504,2.23444,0,16.712,7.57664,0,3400,21502294071
48.5651,20.5909,61.6708,0,100,90,76,1660,3504,2.23444,0,16.712,7.57664,0,3400,21522887062
43.4352,23.0228,61.6708,0,100,90,76,1660,3504,2.23444,0,16.712,7.57664,0,3400,21545910425
45.4759,21.9897,61.6708,0,100,90,76,1660,3504,2.23444,0,16.712,7.57664,0,3400,21567901035
54.1705,18.4602,61.6708,0,100,90,76,1660,3504,2.23444,0,16.712,7.57664,0,3400,21586362060
45.7267,21.8691,61.6708,0,100,90,76,1660,3504,2.23444,0,16.712,7.57664,0,3400,21608232605
41.6892,23.987,61.6708,0,100,90,76,1660,3504,2.23444,0,16.712,7.57664,0,3400,21632220796
53.6592,18.6361,61.6708,0,100,90,76,1660,3504,2.23444,0,16.712,7.57664,0,3400,21650859039
40.4432,24.726,61.6708,0,100,90,76,1660,3504,2.23444,0,16.712,7.57664,0,3400,21675586079
55.3046,18.0817,61.6708,0,100,90,76,1660,3504,2.23444,0,16.712,7.57664,0,3400,21693671448
46.9062,21.3191,61.6708,0,100,90,76,1660,3504,2.23444,0,16.712,7.57664,0,3400,21714989241
46.5516,21.4815,61.6708,0,100,90,76,1660,3504,2.23444,0,16.712,7.57664,0,3400,21736472255
42.6778,23.4314,61.6708,0,100,90,76,1660,3504,2.23444,0,16.712,7.57664,0,3400,21759905160
46.7008,21.4129,61.6708,0,100,90,76,1660,3504,2.23444,0,16.712,7.57664,0,3400,21781319953
44.4365,22.504,61.6708,0,100,90,76,1660,3504,2.23444,0,16.712,7.57664,0,3400,21803823938
51.7991,19.3054,61.6708,0,100,90,76,1660,3504,2.23444,0,16.712,7.57664,0,3400,21823130932
44.5939,22.4246,61.6708,0,100,90,76,1660,3504,2.23444,0,16.712,7.57664,0,3400,21845556552
48.8826,20.4572,61.6708,0,100,90,76,1660,3504,2.23444,0,16.712,7.57664,0,3400,21866019022
53.2994,18.7619,64.6341,0,100,90,77,1657,3504,2.23444,0,16.712,7.57664,0,3400,21884777617
43.1701,23.1642,64.6341,0,100,90,77,1657,3504,2.23444,0,16.712,7.57664,0,3400,21907943715
45.9026,21.7852,64.6341,0,100,90,77,1657,3504,2.23444,0,16.712,7.57664,0,3400,21929729894
42.5861,23.4818,64.6341,0,100,90,77,1657,3504,2.23444,0,16.712,7.57664,0,3400,21953212704
46.5442,21.4849,64.6341,0,100,90,77,1657,3504,2.23444,0,16.712,7.57664,0,3400,21974700321
38.7936,25.7774,64.6341,0,100,90,77,1657,3504,2.23444,0,16.712,7.57664,0,3400,22000478748
45.6468,21.9074,64.6341,0,100,90,77,1657,3504,2.23444,0,16.712,7.57664,0,3400,22022387416
72.0805,13.8734,64.6341,0,100,90,77,1657,3504,2.23444,0,16.712,7.57664,0,3400,22036261988
45.4904,21.9827,64.6341,0,100,90,77,1657,3504,2.23444,0,16.712,7.57664,0,3400,22058246626
44.5167,22.4635,64.6341,0,100,90,77,1657,3504,2.23444,0,16.712,7.57664,0,3400,22080711472
43.2145,23.1404,64.6341,0,100,90,77,1657,3504,2.23444,0,16.712,7.57664,0,3400,22103851397
44.2941,22.5764,64.6341,0,100,90,77,1657,3504,2.23444,0,16.712,7.57664,0,3400,22126429952
47.4313,21.0831,64.6341,0,100,90,77,1657,3504,2.23444,0,16.712,7.57664,0,3400,22147514041
50.5586,19.779,64.6341,0,100,90,77,1657,3504,2.23444,0,16.712,7.57664,0,3400,22167293848
43.1343,23.1834,64.6341,0,100,90,77,1657,3504,2.23444,0,16.712,7.57664,0,3400,22190478429
56.5813,17.6737,64.6341,0,100,90,77,1657,3504,2.23444,0,16.712,7.57664,0,3400,22208153641
51.1539,19.5488,64.6341,0,100,90,77,1657,3504,2.23444,0,16.712,7.57664,0,3400,22227703405
40.0635,24.9604,64.6341,0,100,90,77,1657,3504,2.23444,0,16.712,7.57664,0,3400,22252664588
56.3402,17.7493,64.6341,0,100,90,77,1657,3504,2.23444,0,16.712,7.57664,0,3400,22270415219
46.7474,21.3915,64.6341,0,100,90,77,1657,3504,2.23444,0,16.712,7.57664,0,3400,22291809186
42.6182,23.4641,64.6341,0,100,90,77,1657,3504,2.23444,0,16.712,7.57664,0,3400,22315274882
45.3843,22.034,64.6341,0,100,90,77,1657,3504,2.23444,0,16.712,7.57664,0,3400,22337310598
47.579,21.0177,64.6341,0,100,90,77,1657,3504,2.23444,0,16.712,7.57664,0,3400,22358329291
47.8991,20.8772,64.6341,0,100,90,77,1657,3504,2.23444,0,16.712,7.57664,0,3400,22379213407
50.1804,19.9281,73.8272,0,100,92,77,1657,3504,2.23444,0,16.7189,7.57664,0,3400,22399135520
43.8764,22.7913,73.8272,0,100,92,77,1657,3504,2.23444,0,16.7189,7.57664,0,3400,22421928046
51.1855,19.5368,73.8272,0,100,92,77,1657,3504,2.23444,0,16.7189,7.57664,0,3400,22441487331
45.0411,22.2019,73.8272,0,100,92,77,1657,3504,2.23444,0,16.7189,7.57664,0,3400,22463684440
44.9398,22.252,73.8272,0,100,92,77,1657,3504,2.23444,0,16.7189,7.57664,0,3400,22485939045
45.5313,21.9629,73.8272,0,100,92,77,1657,3504,2.23444,0,16.7189,7.57664,0,3400,22507902636
39.5043,25.3137,73.8272,0,100,92,77,1657,3504,2.23444,0,16.7189,7.57664,0,3400,22533217454
54.9763,18.1897,73.8272,0,100,92,77,1657,3504,2.23444,0,16.7189,7.57664,0,3400,22551409635
49.0392,20.3919,73.8272,0,100,92,77,1657,3504,2.23444,0,16.7189,7.57664,0,3400,22571802426
39.7752,25.1413,73.8272,0,100,92,77,1657,3504,2.23444,0,16.7189,7.57664,0,3400,22596944003
46.2665,21.6139,73.8272,0,100,92,77,1657,3504,2.23444,0,16.7189,7.57664,0,3400,22618558725
52.8972,18.9046,73.8272,0,100,92,77,1657,3504,2.23444,0,16.7189,7.57664,0,3400,22637465004
44.8671,22.288,73.8272,0,100,92,77,1657,3504,2.23444,0,16.7189,7.57664,0,3400,22659754601
43.3163,23.086,73.8272,0,100,92,77,1657,3504,2.23444,0,16.7189,7.57664,0,3400,22682842622
41.6496,24.0098,73.8272,0,100,92,77,1657,3504,2.23444,0,16.7189,7.57664,0,3400,22706853352
47.4692,21.0663,73.8272,0,100,92,77,1657,3504,2.23444,0,16.7189,7.57664,0,3400,22727920359
51.7611,19.3195,73.8272,0,100,92,77,1657,3504,2.23444,0,16.7189,7.57664,0,3400,22747241483
38.0785,26.2615,73.8272,0,100,92,77,1657,3504,2.23444,0,16.7189,7.57664,0,3400,22773504951
53.7119,18.6179,73.8272,0,100,92,77,1657,3504,2.23444,0,16.7189,7.57664,0,3400,22792123645
42.1621,23.718,73.8272,0,100,92,77,1657,3504,2.23444,0,16.7189,7.57664,0,3400,22815843512
48.5534,20.5959,73.8272,0,100,92,77,1657,3504,2.23444,0,16.7189,7.57664,0,3400,22836440395
42.3408,23.6179,73.8272,0,100,92,77,1657,3504,2.23444,0,16.7189,7.57664,0,3400,22860060032
40.5143,24.6826,73.8272,0,100,92,77,1657,3504,2.23444,0,16.7189,7.57664,0,3400,22884748191
58.2774,17.1593,62.406,0,100,92,77,1657,3504,2.23444,0,16.6965,7.57664,0,3412,22901904064
45.5582,21.9499,62.406,0,100,92,77,1657,3504,2.23444,0,16.6965,7.57664,0,3412,22923855136
37.5787,26.6108,62.406,0,100,92,77,1657,3504,2.23444,0,16.6965,7.57664,0,3412,22950466557
46.3675,21.5668,62.406,0,100,92,77,1657,3504,2.23444,0,16.6965,7.57664,0,3412,22972034878
55.4389,18.0379,62.406,0,100,92,77,1657,3504,2.23444,0,16.6965,7.57664,0,3412,22990075106
39.5543,25.2817,62.406,0,100,92,77,1657,3504,2.23444,0,16.6965,7.57664,0,3412,23015357764
50.7053,19.7218,62.406,0,100,92,77,1657,3504,2.23444,0,16.6965,7.57664,0,3412,23035081657
42.0261,23.7947,62.406,0,100,92,77,1657,3504,2.23444,0,16.6965,7.57664,0,3412,23058876696
48.6443,20.5574,62.406,0,100,92,77,1657,3504,2.23444,0,16.6965,7.57664,0,3412,23079434411
48.4181,20.6534,62.406,0,100,92,77,1657,3504,2.23444,0,16.6965,7.57664,0,3412,23100089506
42.5854,23.4822,62.406,0,100,92,77,1657,3504,2.23444,0,16.6965,7.57664,0,3412,23123573079
42.3771,23.5976,62.406,0,100,92,77,1657,3504,2.23444,0,16.6965,7.57664,0,3412,23147172013
49.2813,20.2917,62.406,0,100,92,77,1657,3504,2.23444,0,16.6965,7.57664,0,3412,23167466076
47.8048,20.9184,62.406,0,100,92,77,1657,3504,2.23444,0,16.6965,7.57664,0,3412,23188385700
48.8099,20.4877,62.406,0,100,92,77,1657,3504,2.23444,0,16.6965,7.57664,0,3412,23208875014
50.5482,19.7831,62.406,0,100,92,77,1657,3504,2.23444,0,16.6965,7.57664,0,3412,23228659339
41.2447,24.2455,62.406,0,100,92,77,1657,3504,2.23444,0,16.6965,7.57664,0,3412,23252906117
47.6591,20.9824,62.406,0,100,92,77,1657,3504,2.23444,0,16.6965,7.57664,0,3412,23273888670
45.4808,21.9873,62.406,0,100,92,77,1657,3504,2.23444,0,16.6965,7.57664,0,3412,23295878369
58.5352,17.0837,62.406,0,100,92,77,1657,3504,2.23444,0,16.6965,7.57664,0,3412,23312963526
42.011,23.8033,62.406,0,100,92,77,1657,3504,2.23444,0,16.6965,7.57664,0,3412,23336768614
47.0341,21.2612,62.406,0,100,92,77,1657,3504,2.23444,0,16.6965,7.57664,0,3412,23358030709
47.3489,21.1198,62.406,0,100,92,77,1657,3504,2.23444,0,16.6965,7.57664,0,3412,23379151668
50.3543,19.8593,62.406,0,100,92,77,1657,3504,2.23444,0,16.6965,7.57664,0,3412,23399016424
45.0499,22.1976,66.3391,0,100,91,77,1664,3504,2.23444,0,16.7122,7.57664,0,3400,23421211016
46.8669,21.337,66.3391,0,100,91,77,1664,3504,2.23444,0,16.7122,7.57664,0,3400,23442549450
46.1673,21.6604,66.3391,0,100,91,77,1664,3504,2.23444,0,16.7122,7.57664,0,3400,23464210646
45.9472,21.7641,66.3391,0,100,91,77,1664,3504,2.23444,0,16.7122,7.57664,0,3400,23485976993
48.5729,20.5876,66.3391,0,100,91,77,1664,3504,2.23444,0,16.7122,7.57664,0,3400,23506565545
45.4408,22.0067,66.3391,0,100,91,77,1664,3504,2.23444,0,16.7122,7.57664,0,3400,23528573601
48.7461,20.5145,66.3391,0,100,91,77,1664,3504,2.23444,0,16.7122,7.57664,0,3400,23549088689
45.503,21.9766,66.3391,0,100,91,77,1664,3504,2.23444,0,16.7122,7.57664,0,3400,23571067223
45.1963,22.1257,66.3391,0,100,91,77,1664,3504,2.23444,0,16.7122,7.57664,0,3400,23593193698
44.6459,22.3985,66.3391,0,100,91,77,1664,3504,2.23444,0,16.7122,7.57664,0,3400,23615593815
42.7995,23.3647,66.3391,0,100,91,77,1664,3504,2.23444,0,16.7122,7.57664,0,3400,23638959115
57.3854,17.426,66.3391,0,100,91,77,1664,3504,2.23444,0,16.7122,7.57664,0,3400,23656388291
27.2108,36.7501,66.3391,0,100,91,77,1664,3504,2.23444,0,16.7122,7.57664,0,3400,23693138549
144.647,6.91336,66.3391,0,100,91,77,1664,3504,2.23444,0,16.7122,7.57664,0,3400,23700051872
45.2321,22.1082,66.3391,0,100,91,77,1664,3504,2.23444,0,16.7122,7.57664,0,3400,23722162045
50.0862,19.9656,66.3391,0,100,91,77,1664,3504,2.23444,0,16.7122,7.57664,0,3400,23742130023
46.0576,21.712,66.3391,0,100,91,77,1664,3504,2.23444,0,16.7122,7.57664,0,3400,23763841673
40.4069,24.7482,66.3391,0,100,91,77,1664,3504,2.23444,0,16.7122,7.57664,0,3400,23788592069
54.0258,18.5097,66.3391,0,100,91,77,1664,3504,2.23444,0,16.7122,7.57664,0,3400,23807101343
48.5735,20.5874,66.3391,0,100,91,77,1664,3504,2.23444,0,16.7122,7.57664,0,3400,23827691224
44.6128,22.4151,66.3391,0,100,91,77,1664,3504,2.23444,0,16.7122,7.57664,0,3400,23850107012
46.3698,21.5657,66.3391,0,100,91,77,1664,3504,2.23444,0,16.7122,7.57664,0,3400,23871673695
48.4466,20.6413,66.3391,0,100,91,77,1664,3504,2.23444,0,16.7122,7.57664,0,3400,23892316147
42.189,23.7029,66.3391,0,100,91,77,1664,3504,2.23444,0,16.7122,7.57664,0,3400,23916024616
47.3656,21.1124,65.1332,0,100,91,78,1693,3504,2.23444,0,16.7128,7.57664,0,3400,23937133757
45.7787,21.8442,65.1332,0,100,91,78,1693,3504,2.23444,0,16.7128,7.57664,0,3400,23958979285
46.4402,21.5331,65.1332,0,100,91,78,1693,3504,2.23444,0,16.7128,7.57664,0,3400,23980514673
42.2405,23.6739,65.1332,0,100,91,78,1693,3504,2.23444,0,16.7128,7.57664,0,3400,24004190392
46.747,21.3917,65.1332,0,100,91,78,1693,3504,2.23444,0,16.7128,7.57664,0,3400,24025583308
52.1957,19.1587,65.1332,0,100,91,78,1693,3504,2.23444,0,16.7128,7.57664,0,3400,24044742733
43.8068,22.8275,65.1332,0,100,91,78,1693,3504,2.23444,0,16.7128,7.57664,0,3400,24067572280
54.2864,18.4208,65.1332,0,100,91,78,1693,3504,2.23444,0,16.7128,7.57664,0,3400,24085994753
38.9003,25.7067,65.1332,0,100,91,78,1693,3504,2.23444,0,16.7128,7.57664,0,3400,24111701350
50.874,19.6564,65.1332,0,100,91,78,1693,3504,2.23444,0,16.7128,7.57664,0,3400,24131359778
41.8067,23.9196,65.1332,0,100,91,78,1693,3504,2.23444,0,16.7128,7.57664,0,3400,24155279749
55.6229,17.9782,65.1332,0,100,91,78,1693,3504,2.23444,0,16.7128,7.57664,0,3400,24173258909
44.142,22.6542,65.1332,0,100,91,78,1693,3504,2.23444,0,16.7128,7.57664,0,3400,24195914991
47.2676,21.1561,65.1332,0,100,91,78,1693,3504,2.23444,0,16.7128,7.57664,0,3400,24217072356
45.1011,22.1724,65.1332,0,100,91,78,1693,3504,2.23444,0,16.7128,7.57664,0,3400,24239245847
40.8769,24.4637,65.1332,0,100,91,78,1693,3504,2.23444,0,16.7128,7.57664,0,3400,24263722148
52.2129,19.1523,65.1332,0,100,91,78,1693,3504,2.23444,0,16.7128,7.57664,0,3400,24282864606
48.2263,20.7356,65.1332,0,100,91,78,1693,3504,2.23444,0,16.7128,7.57664,0,3400,24303601669
48.4606,20.6353,65.1332,0,100,91,78,1693,3504,2.23444,0,16.7128,7.57664,0,3400,24324237880
42.5297,23.513,65.1332,0,100,91,78,1693,3504,2.23444,0,16.7128,7.57664,0,3400,24347750615
47.0538,21.2522,65.1332,0,100,91,78,1693,3504,2.23444,0,16.7128,7.57664,0,3400,24369005497
45.38,22.0362,65.1332,0,100,91,78,1693,3504,2.23444,0,16.7128,7.57664,0,3400,24391042639
45.434,22.0099,65.1332,0,100,91,78,1693,3504,2.23444,0,16.7128,7.57664,0,3400,24413053681
42.5394,23.5076,65.1332,0,100,91,78,1693,3504,2.23444,0,16.7128,7.57664,0,3400,24436567104
49.4857,20.2079,67.5545,0,100,90,79,1683,3504,2.23444,0,16.6905,7.57664,0,3400,24456771768
45.212,22.118,67.5545,0,100,90,79,1683,3504,2.23444,0,16.6905,7.57664,0,3400,24478891786
46.1098,21.6874,67.5545,0,100,90,79,1683,3504,2.23444,0,16.6905,7.57664,0,3400,24500579423
43.1761,23.1609,67.5545,0,100,90,79,1683,3504,2.23444,0,16.6905,7.57664,0,3400,24523754265
49.9516,20.0194,67.5545,0,100,90,79,1683,3504,2.23444,0,16.6905,7.57664,0,3400,24543761457
45.2566,22.0962,67.5545,0,100,90,79,1683,3504,2.23444,0,16.6905,7.57664,0,3400,24565859827
41.0286,24.3732,67.5545,0,100,90,79,1683,3504,2.23444,0,16.6905,7.57664,0,3400,24590233924
42.9997,23.256,67.5545,0,100,90,79,1683,3504,2.23444,0,16.6905,7.57664,0,3400,24613491631
54.7877,18.2523,67.5545,0,100,90,79,1683,3504,2.23444,0,16.6905,7.57664,0,3400,24631746429
45.0618,22.1917,67.5545,0,100,90,79,1683,3504,2.23444,0,16.6905,7.57664,0,3400,24654159217
47.1688,21.2004,67.5545,0,100,90,79,1683,3504,2.23444,0,16.6905,7.57664,0,3400,24675141246
44.0168,22.7186,67.5545,0,100,90,79,1683,3504,2.23444,0,16.6905,7.57664,0,3400,24697860947
42.0972,23.7545,67.5545,0,100,90,79,1683,3504,2.23444,0,16.6905,7.57664,0,3400,24721618143
47.0423,21.2575,67.5545,0,100,90,79,1683,3504,2.23444,0,16.6905,7.57664,0,3400,24742874754
45.7577,21.8542,67.5545,0,100,90,79,1683,3504,2.23444,0,16.6905,7.57664,0,3400,24764730087
45.7015,21.8811,67.5545,0,100,90,79,1683,3504,2.23444,0,16.6905,7.57664,0,3400,24786613011
48.6553,20.5527,67.5545,0,100,90,79,1683,3504,2.23444,0,16.6905,7.57664,0,3400,24807167477
45.9378,21.7686,67.5545,0,100,90,79,1683,3504,2.23444,0,16.6905,7.57664,0,3400,24828939172
50.344,19.8634,67.5545,0,100,90,79,1683,3504,2.23444,0,16.6905,7.57664,0,3400,24848801689
42.7304,23.4026,67.5545,0,100,90,79,1683,3504,2.23444,0,16.6905,7.57664,0,3400,24872206550
39.3205,25.432,67.5545,0,100,90,79,1683,3504,2.23444,0,16.6905,7.57664,0,3400,24897638528
49.3184,20.2764,67.5545,0,100,90,79,1683,3504,2.23444,0,16.6905,7.57664,0,3400,24917915840
47.6976,20.9654,67.5545,0,100,90,79,1683,3504,2.23444,0,16.6905,7.57664,0,3400,24938889209
40.1128,24.9297,65.2393,0,100,90,79,1683,3504,2.23444,0,16.6907,7.57664,0,3400,24963815067
53.4379,18.7133,65.2393,0,100,90,79,1683,3504,2.23444,0,16.6907,7.57664,0,3400,24982529416
42.9427,23.2869,65.2393,0,100,90,79,1683,3504,2.23444,0,16.6907,7.57664,0,3400,25005816654
41.3697,24.1723,65.2393,0,100,90,79,1683,3504,2.23444,0,16.6907,7.57664,0,3400,25029989917
54.5989,18.3154,65.2393,0,100,90,79,1683,3504,2.23444,0,16.6907,7.57664,0,3400,25048306621
41.1153,24.3218,65.2393,0,100,90,79,1683,3504,2.23444,0,16.6907,7.57664,0,3400,25072630423
50.4971,19.8031,65.2393,0,100,90,79,1683,3504,2.23444,0,16.6907,7.57664,0,3400,25092434995
40.9051,24.4468,65.2393,0,100,90,79,1683,3504,2.23444,0,16.6907,7.57664,0,3400,25116883328
47.967,20.8477,65.2393,0,100,90,79,1683,3504,2.23444,0,16.6907,7.57664,0,3400,25137749856
46.2958,21.6002,65.2393,0,100,90,79,1683,3504,2.23444,0,16.6907,7.57664,0,3400,25159332702
47.5725,21.0206,65.2393,0,100,90,79,1683,3504,2.23444,0,16.6907,7.57664,0,3400,25180354609
46.9578,21.2957,65.2393,0,100,90,79,1683,3504,2.23444,0,16.6907,7.57664,0,3400,25201651194
46.1749,21.6568,65.2393,0,100,90,79,1683,3504,2.23444,0,16.6907,7.57664,0,3400,25223310209
34.4952,28.9895,65.2393,0,100,90,79,1683,3504,2.23444,0,16.6907,7.57664,0,3400,25252299603
62.1724,16.0843,65.2393,0,100,90,79,1683,3504,2.23444,0,16.6907,7.57664,0,3400,25268386431
47.9434,20.8579,65.2393,0,100,90,79,1683,3504,2.23444,0,16.6907,7.57664,0,3400,25289245292
36.2092,27.6173,65.2393,0,100,90,79,1683,3504,2.23444,0,16.6907,7.57664,0,3400,25316863557
59.4442,16.8225,65.2393,0,100,90,79,1683,3504,2.23444,0,16.6907,7.57664,0,3400,25333688287
44.6207,22.4111,65.2393,0,100,90,79,1683,3504,2.23444,0,16.6907,7.57664,0,3400,25356099259
43.3957,23.0437,65.2393,0,100,90,79,1683,3504,2.23444,0,16.6907,7.57664,0,3400,25379145518
42.8841,23.3187,65.2393,0,100,90,79,1683,3504,2.23444,0,16.6907,7.57664,0,3400,25402465075
49.6199,20.1532,65.2393,0,100,90,79,1683,3504,2.23444,0,16.6907,7.57664,0,3400,25422619931
46.749,21.3908,65.2393,0,100,90,79,1683,3504,2.23444,0,16.6907,7.57664,0,3400,25444016512
41.3996,24.1548,71.5,0,100,91,79,1683,3504,2.23444,0,16.6915,7.57664,0,3411,25468167493
46.3461,21.5768,71.5,0,100,91,79,1683,3504,2.23444,0,16.6915,7.57664,0,3411,25489745439
44.7958,22.3235,71.5,0,100,91,79,1683,3504,2.23444,0,16.6915,7.57664,0,3411,25512072242
46.8071,21.3643,71.5,0,100,91,79,1683,3504,2.23444,0,16.6915,7.57664,0,3411,25533436762
47.0816,21.2397,71.5,0,100,91,79,1683,3504,2.23444,0,16.6915,7.57664,0,3411,25554678562
44.5553,22.444,71.5,0,100,91,79,1683,3504,2.23444,0,16.6915,7.57664,0,3411,25577123353
43.1582,23.1705,71.5,0,100,91,79,1683,3504,2.23444,0,16.6915,7.57664,0,3411,25600293785
51.0747,19.5792,71.5,0,100,91,79,1683,3504,2.23444,0,16.6915,7.57664,0,3411,25619874547
40.5679,24.6501,71.5,0,100,91,79,1683,3504,2.23444,0,16.6915,7.57664,0,3411,25644526055
42.2553,23.6657,71.5,0,100,91,79,1683,3504,2.23444,0,16.6915,7.57664,0,3411,25668192738
56.9322,17.5648,71.5,0,100,91,79,1683,3504,2.23444,0,16.6915,7.57664,0,3411,25685759385
44.4613,22.4915,71.5,0,100,91,79,1683,3504,2.23444,0,16.6915,7.57664,0,3411,25708252796
40.5804,24.6424,71.5,0,100,91,79,1683,3504,2.23444,0,16.6915,7.57664,0,3411,25732896634
42.9404,23.2881,71.5,0,100,91,79,1683,3504,2.23444,0,16.6915,7.57664,0,3411,25756184813
48.9569,20.4261,71.5,0,100,91,79,1683,3504,2.23444,0,16.6915,7.57664,0,3411,25776613008
50.0204,19.9919,71.5,0,100,91,79,1683,3504,2.23444,0,16.6915,7.57664,0,3411,25796605749
44.194,22.6275,71.5,0,100,91,79,1683,3504,2.23444,0,16.6915,7.57664,0,3411,25819234627
43.3796,23.0523,71.5,0,100,91,79,1683,3504,2.23444,0,16.6915,7.57664,0,3411,25842287599
36.9212,27.0847,71.5,0,100,91,79,1683,3504,2.23444,0,16.6915,7.57664,0,3411,25869374984
45.3157,22.0674,71.5,0,100,91,79,1683,3504,2.23444,0,16.6915,7.57664,0,3411,25891453378
52.941,18.889,71.5,0,100,91,79,1683,3504,2.23444,0,16.6915,7.57664,0,3411,25910334220
43.5944,22.9387,71.5,0,100,91,79,1683,3504,2.23444,0,16.6915,7.57664,0,3411,25933273676
52.9691,18.8789,71.5,0,100,91,79,1683,3504,2.23444,0,16.6915,7.57664,0,3411,25952156235
39.7098,25.1827,71.25,0,100,94,79,1683,3504,2.23444,0,16.6925,7.57664,0,3400,25977337830
43.6022,22.9346,71.25,0,100,94,79,1683,3504,2.23444,0,16.6925,7.57664,0,3400,26000273972
42.0239,23.796,71.25,0,100,94,79,1683,3504,2.23444,0,16.6925,7.57664,0,3400,26024071376
57.0896,17.5163,71.25,0,100,94,79,1683,3504,2.23444,0,16.6925,7.57664,0,3400,26041588972
47.2538,21.1623,71.25,0,100,94,79,1683,3504,2.23444,0,16.6925,7.57664,0,3400,26062753240
39.7951,25.1287,71.25,0,100,94,79,1683,3504,2.23444,0,16.6925,7.57664,0,3400,26087883037
52.7998,18.9395,71.25,0,100,94,79,1683,3504,2.23444,0,16.6925,7.57664,0,3400,26106824032
39.136,25.5519,71.25,0,100,94,79,1683,3504,2.23444,0,16.6925,7.57664,0,3400,26132378811
48.6881,20.5389,71.25,0,100,94,79,1683,3504,2.23444,0,16.6925,7.57664,0,3400,26152918554
52.1873,19.1618,71.25,0,100,94,79,1683,3504,2.23444,0,16.6925,7.57664,0,3400,26172081866
38.5047,25.9708,71.25,0,100,94,79,1683,3504,2.23444,0,16.6925,7.57664,0,3400,26198054642
46.5347,21.4893,71.25,0,100,94,79,1683,3504,2.23444,0,16.6925,7.57664,0,3400,26219557141
47.5357,21.0368,71.25,0,100,94,79,1683,3504,2.23444,0,16.6925,7.57664,0,3400,26240582642
49.8892,20.0444,71.25,0,100,94,79,1683,3504,2.23444,0,16.6925,7.57664,0,3400,26260628393
41.7105,23.9748,71.25,0,100,94,79,1683,3504,2.23444,0,16.6925,7.57664,0,3400,26284605138
43.5759,22.9485,71.25,0,100,94,79,1683,3504,2.23444,0,16.6925,7.57664,0,3400,26307554391
43.4606,23.0094,71.25,0,100,94,79,1683,3504,2.23444,0,16.6925,7.57664,0,3400,26330564654
43.1474,23.1764,71.25,0,100,94,79,1683,3504,2.23444,0,16.6925,7.57664,0,3400,26353743562
54.8984,18.2155,71.25,0,100,94,79,1683,3504,2.23444,0,16.6925,7.57664,0,3400,26371959999
36.0173,27.7644,71.25,0,100,94,79,1683,3504,2.23444,0,16.6925,7.57664,0,3400,26399724997
56.5025,17.6983,71.25,0,100,94,79,1683,3504,2.23444,0,16.6925,7.57664,0,3400,26417425306
47.5094,21.0484,71.25,0,100,94,79,1683,3504,2.23444,0,16.6925,7.57664,0,3400,26438474068
40.0247,24.9846,71.25,0,100,94,79,1683,3504,2.23444,0,16.6925,7.57664,0,3400,26463470702
45.8853,21.7935,66.0668,0,100,94,79,1683,3504,2.23444,0,16.6944,7.57664,0,3400,26485255088
47.3253,21.1303,66.0668,0,100,94,79,1683,3504,2.23444,0,16.6944,7.57664,0,3400,26506386667
43.8553,22.8023,66.0668,0,100,94,79,1683,3504,2.23444,0,16.6944,7.57664,0,3400,26529189637
42.6938,23.4226,66.0668,0,100,94,79,1683,3504,2.23444,0,16.6944,7.57664,0,3400,26552614816
40.5078,24.6866,66.0668,0,100,94,79,1683,3504,2.23444,0,16.6944,7.57664,0,3400,26577302180
46.3738,21.5639,66.0668,0,100,94,79,1683,3504,2.23444,0,16.6944,7.57664,0,3400,26598866602
51.2089,19.5279,66.0668,0,100,94,79,1683,3504,2.23444,0,16.6944,7.57664,0,3400,26618396257
45.2017,22.123,66.0668,0,100,94,79,1683,3504,2.23444,0,16.6944,7.57664,0,3400,26640520273
45.0403,22.2023,66.0668,0,100,94,79,1683,3504,2.23444,0,16.6944,7.57664,0,3400,26662724912
43.5473,22.9636,66.0668,0,100,94,79,1683,3504,2.23444,0,16.6944,7.57664,0,3400,26685688461
43.5198,22.978,66.0668,0,100,94,79,1683,3504,2.23444,0,16.6944,7.57664,0,3400,26708669154
39.3613,25.4056,66.0668,0,100,94,79,1683,3504,2.23444,0,16.6944,7.57664,0,3400,26734075413
47.3004,21.1415,66.0668,0,100,94,79,1683,3504,2.23444,0,16.6944,7.57664,0,3400,26755217892
46.6764,21.4241,66.0668,0,100,94,79,1683,3504,2.23444,0,16.6944,7.57664,0,3400,26776644537
39.2269,25.4927,66.0668,0,100,94,79,1683,3504,2.23444,0,16.6944,7.57664,0,3400,26802137859
42.713,23.4121,66.0668,0,100,94,79,1683,3504,2.23444,0,16.6944,7.57664,0,3400,26825556911
43.1099,23.1966,66.0668,0,100,94,79,1683,3504,2.23444,0,16.6944,7.57664,0,3400,26848750583
38.2592,26.1375,66.0668,0,100,94,79,1683,3504,2.23444,0,16.6944,7.57664,0,3400,26874890123
44.0896,22.6811,66.0668,0,100,94,79,1683,3504,2.23444,0,16.6944,7.57664,0,3400,26897574675
39.761,25.1503,66.0668,0,100,94,79,1683,3504,2.23444,0,16.6944,7.57664,0,3400,26922725549
49.2836,20.2907,66.0668,0,100,94,79,1683,3504,2.23444,0,16.6944,7.57664,0,3400,26943017202
39.1844,25.5204,66.0668,0,100,94,79,1683,3504,2.23444,0,16.6944,7.57664,0,3400,26968541224
25.1893,39.6994,68.0798,0,100,95,79,1683,3504,2.23444,0,16.686,7.57664,0,3404,27008238739
35.9898,27.7857,68.0798,0,100,95,79,1683,3504,2.23444,0,16.686,7.57664,0,3404,27036026617
16.6919,59.9092,68.0798,0,100,95,79,1683,3504,2.23444,0,16.686,7.57664,0,3404,27095937327
26.0854,38.3356,68.0798,0,100,95,79,1683,3504,2.23444,0,16.686,7.57664,0,3404,27134272660
39.2442,25.4815,68.0798,0,100,95,79,1683,3504,2.23444,0,16.686,7.57664,0,3404,27159755718
22.8235,43.8145,68.0798,0,100,95,79,1683,3504,2.23444,0,16.686,7.57664,0,3404,27203592540
24.9394,40.0972,68.0798,0,100,95,79,1683,3504,2.23444,0,16.686,7.57664,0,3404,27243669572
31.5385,31.7073,68.0798,0,100,95,79,1683,3504,2.23444,0,16.686,7.57664,0,3404,27275378303
25.3298,39.4792,68.0798,0,100,95,79,1683,3504,2.23444,0,16.686,7.57664,0,3404,27314858687
33.8668,29.5275,68.0798,0,100,95,79,1683,3504,2.23444,0,16.686,7.57664,0,3404,27344386423
30.6838,32.5905,68.0798,0,100,95,79,1683,3504,2.23444,0,16.686,7.57664,0,3404,27376979037
34.3425,29.1184,68.0798,0,100,95,79,1683,3504,2.23444,0,16.686,7.57664,0,3404,27406097818
26.9563,37.0971,68.0798,0,100,95,79,1683,3504,2.23444,0,16.686,7.57664,0,3404,27443197433
29.6627,33.7124,68.0798,0,100,95,79,1683,3504,2.23444,0,16.686,7.57664,0,3404,27476913282
24.7098,40.4698,85.4592,0,100,95,79,1683,3504,2.23444,0,16.686,7.57664,0,1768,27517380702
25.5028,39.2113,85.4592,0,100,95,79,1683,3504,2.23444,0,16.686,7.57664,0,1768,27556592591
27.6337,36.1878,85.4592,0,100,95,79,1683,3504,2.23444,0,16.686,7.57664,0,1768,27592783315
26.7945,37.3211,85.4592,0,100,95,79,1683,3504,2.23444,0,16.686,7.57664,0,1768,27630105183
29.0166,34.463,85.4592,0,100,95,79,1683,3504,2.23444,0,16.686,7.57664,0,1768,27664569906
28.9637,34.526,85.4592,0,100,95,79,1683,3504,2.23444,0,16.686,7.57664,0,1768,27699097217
22.218,45.0086,85.4592,0,100,95,79,1683,3504,2.23444,0,16.686,7.57664,0,1768,27744107496
27.1525,36.8291,85.4592,0,100,95,79,1683,3504,2.23444,0,16.686,7.57664,0,1768,27780958804
20.1543,49.6171,85.4592,0,100,95,79,1683,3504,2.23444,0,16.686,7.57664,0,1768,27830556128
30.5434,32.7403,85.4592,0,100,95,79,1683,3504,2.23444,0,16.686,7.57664,0,1768,27863296615
26.8302,37.2715,85.4592,0,100,95,79,1683,3504,2.23444,0,16.686,7.57664,0,1768,27900581701
26.8732,37.2118,85.4592,0,100,95,79,1683,3504,2.23444,0,16.686,7.57664,0,1768,27937803884
26.7729,37.3511,85.4592,0,100,95,79,1683,3504,2.23444,0,16.686,7.57664,0,1768,27975157108
22.6598,44.1309,85.4592,0,100,95,79,1683,3504,2.23444,0,16.686,7.57664,0,1768,28019294770
19.1668,52.1737,86.1176,0,84,86,77,1613,3504,2.23444,0,16.69,7.57664,0,1755,28071463236
21.8152,45.8395,86.1176,0,84,86,77,1613,3504,2.23444,0,16.69,7.57664,0,1755,28117304425
23.2789,42.9574,86.1176,0,84,86,77,1613,3504,2.23444,0,16.69,7.57664,0,1755,28160288682
23.6783,42.2327,86.1176,0,84,86,77,1613,3504,2.23444,0,16.69,7.57664,0,1755,28202518544
19.4115,51.5158,86.1176,0,84,86,77,1613,3504,2.23444,0,16.69,7.57664,0,1755,28254035914
20.531,48.7067,86.1176,0,84,86,77,1613,3504,2.23444,0,16.69,7.57664,0,1755,28302764093
26.4262,37.8412,86.1176,0,84,86,77,1613,3504,2.23444,0,16.69,7.57664,0,1755,28340627933
28.2436,35.4062,86.1176,0,84,86,77,1613,3504,2.23444,0,16.69,7.57664,0,1755,28376037496
21.2078,47.1526,86.1176,0,84,86,77,1613,3504,2.23444,0,16.69,7.57664,0,1755,28423189192
32.5534,30.7187,86.1176,0,84,86,77,1613,3504,2.23444,0,16.69,7.57664,0,1755,28453909507
38.0641,26.2715,86.1176,0,84,86,77,1613,3504,2.23444,0,16.69,7.57664,0,1755,28480181718
25.2072,39.6712,86.1176,0,84,86,77,1613,3504,2.23444,0,16.69,7.57664,0,1755,28519875350
24.3316,41.0988,88.3838,0,84,86,77,1613,3504,2.23444,0,16.698,7.57664,0,1856,28560968434
28.5552,35.0199,88.3838,0,84,86,77,1613,3504,2.23444,0,16.698,7.57664,0,1856,28596012028
24.9346,40.1049,88.3838,0,84,86,77,1613,3504,2.23444,0,16.698,7.57664,0,1856,28636096445
45.5044,21.9759,88.3838,0,84,86,77,1613,3504,2.23444,0,16.698,7.57664,0,1856,28658073637
27.0798,36.9279,88.3838,0,84,86,77,1613,3504,2.23444,0,16.698,7.57664,0,1856,28695002972
40.4211,24.7396,88.3838,0,84,86,77,1613,3504,2.23444,0,16.698,7.57664,0,1856,28719764324
26.2347,38.1175,88.3838,0,84,86,77,1613,3504,2.23444,0,16.698,7.57664,0,1856,28757863542
34.2192,29.2233,88.3838,0,84,86,77,1613,3504,2.23444,0,16.698,7.57664,0,1856,28787086894
35.6423,28.0565,88.3838,0,84,86,77,1613,3504,2.23444,0,16.698,7.57664,0,1856,28815145811
38.5835,25.9178,88.3838,0,84,86,77,1613,3504,2.23444,0,16.698,7.57664,0,1856,28841063846
26.4504,37.8067,88.3838,0,84,86,77,1613,3504,2.23444,0,16.698,7.57664,0,1856,28878892277
30.9152,32.3466,88.3838,0,84,86,77,1613,3504,2.23444,0,16.698,7.57664,0,1856,28911219378
25.2314,39.6332,88.3838,0,84,86,77,1613,3504,2.23444,0,16.698,7.57664,0,1856,28950855615
34.0583,29.3614,88.3838,0,84,86,77,1613,3504,2.23444,0,16.698,7.57664,0,1856,28980218555
27.3214,36.6013,88.3838,0,84,86,77,1613,3504,2.23444,0,16.698,7.57664,0,1856,29016841783
31.7443,31.5017,88.3838,0,84,86,77,1613,3504,2.23444,0,16.698,7.57664,0,1856,29048351334
25.5965,39.0679,83.5322,0,61,85,75,1633,3504,2.25006,0,16.6971,7.57664,0,1751,29087435213
21.4142,46.698,83.5322,0,61,85,75,1633,3504,2.25006,0,16.6971,7.57664,0,1751,29134155045
27.2109,36.75,83.5322,0,61,85,75,1633,3504,2.25006,0,16.6971,7.57664,0,1751,29170886029
26.8829,37.1983,83.5322,0,61,85,75,1633,3504,2.25006,0,16.6971,7.57664,0,1751,29208085375
25.9509,38.5343,83.5322,0,61,85,75,1633,3504,2.25006,0,16.6971,7.57664,0,1751,29246621982
28.7749,34.7526,83.5322,0,61,85,75,1633,3504,2.25006,0,16.6971,7.57664,0,1751,29281375132
25.5927,39.0736,83.5322,0,61,85,75,1633,3504,2.25006,0,16.6971,7.57664,0,1751,29320449923
23.3433,42.8388,83.5322,0,61,85,75,1633,3504,2.25006,0,16.6971,7.57664,0,1751,29363310309
27.5662,36.2763,83.5322,0,61,85,75,1633,3504,2.25006,0,16.6971,7.57664,0,1751,29399588601
28.3173,35.3141,83.5322,0,61,85,75,1633,3504,2.25006,0,16.6971,7.57664,0,1751,29434924239
26.2604,38.0802,83.5322,0,61,85,75,1633,3504,2.25006,0,16.6971,7.57664,0,1751,29472984511
27.5036,36.3589,83.5322,0,61,85,75,1633,3504,2.25006,0,16.6971,7.57664,0,1751,29509344400
22.9408,43.5904,83.5322,0,61,85,75,1633,3504,2.25006,0,16.6971,7.57664,0,1751,29552963122
33.9022,29.4966,86.514,0,73,85,75,1534,3504,2.25006,0,16.6918,7.57664,0,1750,29582455976
22.4222,44.5987,86.514,0,73,85,75,1534,3504,2.25006,0,16.6918,7.57664,0,1750,29627056163
16.0633,62.2536,86.514,0,73,85,75,1534,3504,2.25006,0,16.6918,7.57664,0,1750,29689332085
30.4253,32.8674,86.514,0,73,85,75,1534,3504,2.25006,0,16.6918,7.57664,0,1750,29722180466
24.7107,40.4682,86.514,0,73,85,75,1534,3504,2.25006,0,16.6918,7.57664,0,1750,29762649506
30.2586,33.0485,86.514,0,73,85,75,1534,3504,2.25006,0,16.6918,7.57664,0,1750,29795711627
27.4919,36.3744,86.514,0,73,85,75,1534,3504,2.25006,0,16.6918,7.57664,0,1750,29832095038
28.5214,35.0613,86.514,0,73,85,75,1534,3504,2.25006,0,16.6918,7.57664,0,1750,29867158234
27.3675,36.5397,86.514,0,73,85,75,1534,3504,2.25006,0,16.6918,7.57664,0,1750,29903707700
36.3933,27.4776,86.514,0,73,85,75,1534,3504,2.25006,0,16.6918,7.57664,0,1750,29931158137
20.6823,48.3504,86.514,0,73,85,75,1534,3504,2.25006,0,16.6918,7.57664,0,1750,29979508347
31.8491,31.398,86.514,0,73,85,75,1534,3504,2.25006,0,16.6918,7.57664,0,1750,30010920576
18.61,53.7345,86.514,0,73,85,75,1534,3504,2.25006,0,16.6918,7.57664,0,1750,30064648299
23.3138,42.893,89.9244,0,73,86,75,1534,3504,2.25006,0,16.712,7.57664,0,1750,30107537943
18.9802,52.6865,89.9244,0,73,86,75,1534,3504,2.25006,0,16.712,7.57664,0,1750,30160263434
26.6879,37.4702,89.9244,0,73,86,75,1534,3504,2.25006,0,16.712,7.57664,0,1750,30197718531
23.2831,42.9497,89.9244,0,73,86,75,1534,3504,2.25006,0,16.712,7.57664,0,1750,30240689688
20.7194,48.2639,89.9244,0,73,86,75,1534,3504,2.25006,0,16.712,7.57664,0,1750,30288934290
15.5591,64.271,89.9244,0,73,86,75,1534,3504,2.25006,0,16.712,7.57664,0,1750,30353205806
30.5131,32.7728,89.9244,0,73,86,75,1534,3504,2.25006,0,16.712,7.57664,0,1750,30385980307
27.7393,36.0499,89.9244,0,73,86,75,1534,3504,2.25006,0,16.712,7.57664,0,1750,30422052332
26.2397,38.1102,89.9244,0,73,86,75,1534,3504,2.25006,0,16.712,7.57664,0,1750,30460164557
26.2573,38.0846,89.9244,0,73,86,75,1534,3504,2.25006,0,16.712,7.57664,0,1750,30498271312
29.0003,34.4824,89.9244,0,73,86,75,1534,3504,2.25006,0,16.712,7.57664,0,1750,30532733923
19.464,51.3769,89.9244,0,73,86,75,1534,3504,2.25006,0,16.712,7.57664,0,1750,30584113344
38.8393,25.7471,89.7561,0,73,86,75,1534,3504,2.25006,0,16.7122,7.57664,0,1800,30609860465
27.3083,36.6188,89.7561,0,73,86,75,1534,3504,2.25006,0,16.7122,7.57664,0,1800,30646500913
27.2622,36.6808,89.7561,0,73,86,75,1534,3504,2.25006,0,16.7122,7.57664,0,1800,30683183437
27.1856,36.7841,89.7561,0,73,86,75,1534,3504,2.25006,0,16.7122,7.57664,0,1800,30719968522
25.2146,39.6595,89.7561,0,73,86,75,1534,3504,2.25006,0,16.7122,7.57664,0,1800,30759629415
21.722,46.0362,89.7561,0,73,86,75,1534,3504,2.25006,0,16.7122,7.57664,0,1800,30805688194
39.7805,25.138,89.7561,0,73,86,75,1534,3504,2.25006,0,16.7122,7.57664,0,1800,30830828057
31.2046,32.0465,89.7561,0,73,86,75,1534,3504,2.25006,0,16.7122,7.57664,0,1800,30862875761
33.1891,30.1303,89.7561,0,73,86,75,1534,3504,2.25006,0,16.7122,7.57664,0,1800,30893007945
27.1154,36.8794,89.7561,0,73,86,75,1534,3504,2.25006,0,16.7122,7.57664,0,1800,30929888466
26.7434,37.3923,89.7561,0,73,86,75,1534,3504,2.25006,0,16.7122,7.57664,0,1800,30967280955
25.0273,39.9564,89.7561,0,73,86,75,1534,3504,2.25006,0,16.7122,7.57664,0,1800,31007238155
37.4959,26.6696,89.7561,0,73,86,75,1534,3504,2.25006,0,16.7122,7.57664,0,1800,31033930456
17.1642,58.2607,89.7561,0,73,86,75,1534,3504,2.25006,0,16.7122,7.57664,0,1800,31092197751
37.4609,26.6945,81.8414,0,61,85,75,1627,3504,2.25006,0,16.7122,7.57664,0,1774,31118888408
31.5293,31.7165,81.8414,0,61,85,75,1627,3504,2.25006,0,16.7122,7.57664,0,1774,31150585382
29.1068,34.3562,81.8414,0,61,85,75,1627,3504,2.25006,0,16.7122,7.57664,0,1774,31184944620
25.714,38.8893,81.8414,0,61,85,75,1627,3504,2.25006,0,16.7122,7.57664,0,1774,31223833888
29.3217,34.1045,81.8414,0,61,85,75,1627,3504,2.25006,0,16.7122,7.57664,0,1774,31257940687
21.0427,47.5225,81.8414,0,61,85,75,1627,3504,2.25006,0,16.7122,7.57664,0,1774,31305464330
30.2275,33.0825,81.8414,0,61,85,75,1627,3504,2.25006,0,16.7122,7.57664,0,1774,31338548830
25.0933,39.8513,81.8414,0,61,85,75,1627,3504,2.25006,0,16.7122,7.57664,0,1774,31378421766
24.3298,41.1019,81.8414,0,61,85,75,1627,3504,2.25006,0,16.7122,7.57664,0,1774,31419504367
34.6686,28.8446,81.8414,0,61,85,75,1627,3504,2.25006,0,16.7122,7.57664,0,1774,31448371265
31.7348,31.5112,81.8414,0,61,85,75,1627,3504,2.25006,0,16.7122,7.57664,0,1774,31479884184
30.4638,32.8259,81.8414,0,61,85,75,1627,3504,2.25006,0,16.7122,7.57664,0,1774,31512690222
32.4668,30.8007,81.8414,0,61,85,75,1627,3504,2.25006,0,16.7122,7.57664,0,1774,31543513087
24.7151,40.4612,81.8414,0,61,85,75,1627,3504,2.25006,0,16.7122,7.57664,0,1774,31583975943
31.8261,31.4207,81.8414,0,61,85,75,1627,3504,2.25006,0,16.7122,7.57664,0,1774,31615404956
29.8056,33.5507,85.9564,0,71,85,74,1544,3504,2.25006,0,16.7123,7.57664,0,1753,31648950089
34.0402,29.377,85.9564,0,71,85,74,1544,3504,2.25006,0,16.7123,7.57664,0,1753,31678350286
29.3292,34.0957,85.9564,0,71,85,74,1544,3504,2.25006,0,16.7123,7.57664,0,1753,31712438543
21.0553,47.494,85.9564,0,71,85,74,1544,3504,2.25006,0,16.7123,7.57664,0,1753,31759941777
42.4738,23.5439,85.9564,0,71,85,74,1544,3504,2.25006,0,16.7123,7.57664,0,1753,31783486679
28.2552,35.3917,85.9564,0,71,85,74,1544,3504,2.25006,0,16.7123,7.57664,0,1753,31818879170
26.5974,37.5977,85.9564,0,71,85,74,1544,3504,2.25006,0,16.7123,7.57664,0,1753,31856755420
22.8547,43.7547,85.9564,0,71,85,74,1544,3504,2.25006,0,16.7123,7.57664,0,1753,31900234295
27.4329,36.4526,85.9564,0,71,85,74,1544,3504,2.25006,0,16.7123,7.57664,0,1753,31936688196
30.8711,32.3928,85.9564,0,71,85,74,1544,3504,2.25006,0,16.7123,7.57664,0,1753,31969082864
33.532,29.8222,85.9564,0,71,85,74,1544,3504,2.25006,0,16.7123,7.57664,0,1753,31998905292
36.7838,27.1859,85.9564,0,71,85,74,1544,3504,2.25006,0,16.7123,7.57664,0,1753,32026114134
34.1563,29.2772,85.9564,0,71,85,74,1544,3504,2.25006,0,16.7123,7.57664,0,1753,32055393756
28.9526,34.5392,85.9564,0,71,85,74,1544,3504,2.25006,0,16.7123,7.57664,0,1753,32089932917
32.1332,31.1205,85.9564,0,71,85,74,1544,3504,2.25006,0,16.7123,7.57664,0,1753,32121058045
20.5695,48.6157,86.0349,0,71,85,74,1544,3504,2.25006,0,16.7131,7.57664,0,1845,32169671743
43.2576,23.1173,86.0349,0,71,85,74,1544,3504,2.25006,0,16.7131,7.57664,0,1845,32192792467
30.8869,32.3762,86.0349,0,71,85,74,1544,3504,2.25006,0,16.7131,7.57664,0,1845,32225168348
22.5669,44.3126,86.0349,0,71,85,74,1544,3504,2.25006,0,16.7131,7.57664,0,1845,32269482729
21.1134,47.3634,86.0349,0,71,85,74,1544,3504,2.25006,0,16.7131,7.57664,0,1845,32316869448
30.7001,32.5731,86.0349,0,71,85,74,1544,3504,2.25006,0,16.7131,7.57664,0,1845,32349464854
32.3342,30.927,86.0349,0,71,85,74,1544,3504,2.25006,0,16.7131,7.57664,0,1845,32380373483
33.0459,30.261,86.0349,0,71,85,74,1544,3504,2.25006,0,16.7131,7.57664,0,1845,32410634031
28.5051,35.0814,86.0349,0,71,85,74,1544,3504,2.25006,0,16.7131,7.57664,0,1845,32445738995
27.452,36.4273,86.0349,0,71,85,74,1544,3504,2.25006,0,16.7131,7.57664,0,1845,32482285807
35.0432,28.5362,86.0349,0,71,85,74,1544,3504,2.25006,0,16.7131,7.57664,0,1845,32510802788
40.7049,24.567,86.0349,0,71,85,74,1544,3504,2.25006,0,16.7131,7.57664,0,1845,32535370680
25.0933,39.8513,86.0349,0,71,85,74,1544,3504,2.25006,0,16.7131,7.57664,0,1845,32575244546
42.7501,23.3918,86.0349,0,71,85,74,1544,3504,2.25006,0,16.7131,7.57664,0,1845,32598615636
21.9537,45.5503,86.0349,0,71,85,74,1544,3504,2.25006,0,16.7131,7.57664,0,1845,32644194568
41.8624,23.8878,86.5196,0,78,85,74,1501,3504,2.25006,0,16.7053,7.57664,0,1723,32668055588
25.2829,39.5525,86.5196,0,78,85,74,1501,3504,2.25006,0,16.7053,7.57664,0,1723,32707610433
29.85,33.5008,86.5196,0,78,85,74,1501,3504,2.25006,0,16.7053,7.57664,0,1723,32741115264
45.1494,22.1487,86.5196,0,78,85,74,1501,3504,2.25006,0,16.7053,7.57664,0,1723,32763274840
29.6712,33.7028,86.5196,0,78,85,74,1501,3504,2.25006,0,16.7053,7.57664,0,1723,32796987388
24.8293,40.275,86.5196,0,78,85,74,1501,3504,2.25006,0,16.7053,7.57664,0,1723,32837243216
38.0627,26.2724,86.5196,0,78,85,74,1501,3504,2.25006,0,16.7053,7.57664,0,1723,32863516938
29.768,33.5932,86.5196,0,78,85,74,1501,3504,2.25006,0,16.7053,7.57664,0,1723,32897111097
29.5355,33.8576,86.5196,0,78,85,74,1501,3504,2.25006,0,16.7053,7.57664,0,1723,32930969953
22.0753,45.2995,86.5196,0,78,85,74,1501,3504,2.25006,0,16.7053,7.57664,0,1723,32976292911
22.8905,43.6863,86.5196,0,78,85,74,1501,3504,2.25006,0,16.7053,7.57664,0,1723,33019979527
41.9747,23.8239,86.5196,0,78,85,74,1501,3504,2.25006,0,16.7053,7.57664,0,1723,33043826236
24.0671,41.5505,86.5196,0,78,85,74,1501,3504,2.25006,0,16.7053,7.57664,0,1723,33085378253
25.2791,39.5583,86.5196,0,78,85,74,1501,3504,2.25006,0,16.7053,7.57664,0,1723,33124937536
28.1153,35.5679,86.5196,0,78,85,74,1501,3504,2.25006,0,16.7053,7.57664,0,1723,33160533376
25.0807,39.8712,83.2512,0,78,85,74,1501,3504,2.25006,0,16.7063,7.57664,0,1744,33200379241
30.9783,32.2807,83.2512,0,78,85,74,1501,3504,2.25006,0,16.7063,7.57664,0,1744,33232661328
30.6316,32.646,83.2512,0,78,85,74,1501,3504,2.25006,0,16.7063,7.57664,0,1744,33265308982
21.9891,45.4771,83.2512,0,78,85,74,1501,3504,2.25006,0,16.7063,7.57664,0,1744,33310786704
18.8853,52.9513,83.2512,0,78,85,74,1501,3504,2.25006,0,16.7063,7.57664,0,1744,33363740802
48.7812,20.4997,83.2512,0,78,85,74,1501,3504,2.25006,0,16.7063,7.57664,0,1744,33384261651
23.2594,42.9934,83.2512,0,78,85,74,1501,3504,2.25006,0,16.7063,7.57664,0,1744,33427256927
35.712,28.0018,83.2512,0,78,85,74,1501,3504,2.25006,0,16.7063,7.57664,0,1744,33455237861
18.5771,53.8297,83.2512,0,78,85,74,1501,3504,2.25006,0,16.7063,7.57664,0,1744,33509068002
20.4313,48.9444,83.2512,0,78,85,74,1501,3504,2.25006,0,16.7063,7.57664,0,1744,33558015265
24.0763,41.5347,83.2512,0,78,85,74,1501,3504,2.25006,0,16.7063,7.57664,0,1744,33599551267
30.2481,33.0599,83.2512,0,78,85,74,1501,3504,2.25006,0,16.7063,7.57664,0,1744,33632611638
21.436,46.6504,83.2512,0,78,85,74,1501,3504,2.25006,0,16.7063,7.57664,0,1744,33679287007
25.1435,39.7717,85.25,0,78,85,74,1499,3504,2.25006,0,16.7163,7.57664,0,1739,33719036332
22.6953,44.0619,85.25,0,78,85,74,1499,3504,2.25006,0,16.7163,7.57664,0,1739,33763099273
24.8083,40.3091,85.25,0,78,85,74,1499,3504,2.25006,0,16.7163,7.57664,0,1739,33803430055
23.655,42.2743,85.25,0,78,85,74,1499,3504,2.25006,0,16.7163,7.57664,0,1739,33845705951
31.8367,31.4103,85.25,0,78,85,74,1499,3504,2.25006,0,16.7163,7.57664,0,1739,33877118481
24.9926,40.0119,85.25,0,78,85,74,1499,3504,2.25006,0,16.7163,7.57664,0,1739,33917130449
24.5157,40.7902,85.25,0,78,85,74,1499,3504,2.25006,0,16.7163,7.57664,0,1739,33957922089
24.1128,41.4717,85.25,0,78,85,74,1499,3504,2.25006,0,16.7163,7.57664,0,1739,33999394664
21.2165,47.1332,85.25,0,78,85,74,1499,3504,2.25006,0,16.7163,7.57664,0,1739,34046550538
15.5416,64.3436,85.25,0,78,85,74,1499,3504,2.25006,0,16.7163,7.57664,0,1739,34110873552
23.2276,43.0522,85.25,0,78,85,74,1499,3504,2.25006,0,16.7163,7.57664,0,1739,34153927100
18.8075,53.1702,85.25,0,78,85,74,1499,3504,2.25006,0,16.7163,7.57664,0,1739,34207103276
25.452,39.2897,90.4306,0,78,86,74,1499,3504,2.25006,0,16.7251,7.57664,0,1733,34246389706
23.4424,42.6577,90.4306,0,78,86,74,1499,3504,2.25006,0,16.7251,7.57664,0,1733,34289069294
25.5443,39.1476,90.4306,0,78,86,74,1499,3504,2.25006,0,16.7251,7.57664,0,1733,34328197781
13.6232,73.4039,90.4306,0,78,86,74,1499,3504,2.25006,0,16.7251,7.57664,0,1733,34401602805
25.0241,39.9615,90.4306,0,78,86,74,1499,3504,2.25006,0,16.7251,7.57664,0,1733,34441586396
31.4556,31.7909,90.4306,0,78,86,74,1499,3504,2.25006,0,16.7251,7.57664,0,1733,34473358213
16.9083,59.1427,90.4306,0,78,86,74,1499,3504,2.25006,0,16.7251,7.57664,0,1733,34532501485
34.6519,28.8584,90.4306,0,78,86,74,1499,3504,2.25006,0,16.7251,7.57664,0,1733,34561374016
24.8333,40.2686,90.4306,0,78,86,74,1499,3504,2.25006,0,16.7251,7.57664,0,1733,34601656121
20.1535,49.6193,90.4306,0,78,86,74,1499,3504,2.25006,0,16.7251,7.57664,0,1733,34651272625
28.0099,35.7016,90.4306,0,78,86,74,1499,3504,2.25006,0,16.7251,7.57664,0,1733,34686953473
24.2336,41.2651,90.4306,0,78,86,74,1499,3504,2.25006,0,16.7251,7.57664,0,1733,34728243660
25.4271,39.3282,88.6139,0,65,86,74,1605,3504,2.25006,0,16.7074,7.57664,0,1927,34767548617
28.4939,35.0953,88.6139,0,65,86,74,1605,3504,2.25006,0,16.7074,7.57664,0,1927,34802667004
30.0752,33.25,88.6139,0,65,86,74,1605,3504,2.25006,0,16.7074,7.57664,0,1927,34835897155
20.7033,48.3015,88.6139,0,65,86,74,1605,3504,2.25006,0,16.7074,7.57664,0,1927,34884221492
29.1415,34.3153,88.6139,0,65,86,74,1605,3504,2.25006,0,16.7074,7.57664,0,1927,34918516200
12.6459,79.0772,88.6139,0,65,86,74,1605,3504,2.25006,0,16.7074,7.57664,0,1927,34997615901
49.9082,20.0368,88.6139,0,65,86,74,1605,3504,2.25006,0,16.7074,7.57664,0,1927,35017632907
21.9545,45.5488,88.6139,0,65,86,74,1605,3504,2.25006,0,16.7074,7.57664,0,1927,35063204674
19.3747,51.6138,88.6139,0,65,86,74,1605,3504,2.25006,0,16.7074,7.57664,0,1927,35114798426
28.3377,35.2887,88.6139,0,65,86,74,1605,3504,2.25006,0,16.7074,7.57664,0,1927,35150087796
22.8766,43.7128,88.6139,0,65,86,74,1605,3504,2.25006,0,16.7074,7.57664,0,1927,35193802342
32.3288,30.9322,88.6139,0,65,86,74,1605,3504,2.25006,0,16.7074,7.57664,0,1927,35224757106
23.1962,43.1105,88.6139,0,65,86,74,1605,3504,2.25006,0,16.7074,7.57664,0,1927,35267875822
26.8415,37.2558,82.6603,0,60,85,74,1583,3504,2.25006,0,16.706,7.57664,0,1733,35305103866
17.7733,56.2641,82.6603,0,60,85,74,1583,3504,2.25006,0,16.706,7.57664,0,1733,35361369317
16.7492,59.7043,82.6603,0,60,85,74,1583,3504,2.25006,0,16.706,7.57664,0,1733,35421075290
10.5294,94.9719,82.6603,0,60,85,74,1583,3504,2.25006,0,16.706,7.57664,0,1733,35516069654
13.8981,71.9525,82.6603,0,60,85,74,1583,3504,2.25006,0,16.706,7.57664,0,1733,35588024418
32.394,30.8699,82.6603,0,60,85,74,1583,3504,2.25006,0,16.706,7.57664,0,1733,35618915572
27.7393,36.05,82.6603,0,60,85,74,1583,3504,2.25006,0,16.706,7.57664,0,1733,35654946860
25.7653,38.8119,82.6603,0,60,85,74,1583,3504,2.25006,0,16.706,7.57664,0,1733,35693781223
36.9713,27.048,82.6603,0,60,85,74,1583,3504,2.25006,0,16.706,7.57664,0,1733,35720829584
26.728,37.4139,82.6603,0,60,85,74,1583,3504,2.25006,0,16.706,7.57664,0,1733,35758245709
28.9263,34.5706,82.6603,0,60,85,74,1583,3504,2.25006,0,16.706,7.57664,0,1733,35792823701
24.1334,41.4364,93.3014,0,60,85,74,1583,3504,2.25006,0,16.706,7.57664,0,1793,35834256207
39.4764,25.3316,93.3014,0,60,85,74,1583,3504,2.25006,0,16.706,7.57664,0,1793,35859587974
18.8683,52.9989,93.3014,0,60,85,74,1583,3504,2.25006,0,16.706,7.57664,0,1793,35912600403
35.7996,27.9333,93.3014,0,60,85,74,1583,3504,2.25006,0,16.706,7.57664,0,1793,35940524350
23.7652,42.0784,93.3014,0,60,85,74,1583,3504,2.25006,0,16.706,7.57664,0,1793,35982602754
37.5276,26.6471,93.3014,0,60,85,74,1583,3504,2.25006,0,16.706,7.57664,0,1793,36009251602
23.7858,42.0418,93.3014,0,60,85,74,1583,3504,2.25006,0,16.706,7.57664,0,1793,36051294420
18.4476,54.2076,93.3014,0,60,85,74,1583,3504,2.25006,0,16.706,7.57664,0,1793,36105522102
25.325,39.4866,93.3014,0,60,85,74,1583,3504,2.25006,0,16.706,7.57664,0,1793,36144991157
39.7191,25.1768,93.3014,0,60,85,74,1583,3504,2.25006,0,16.706,7.57664,0,1793,36170168424
47.0993,21.2317,93.3014,0,60,85,74,1583,3504,2.25006,0,16.706,7.57664,0,1793,36191402649
57.6163,17.3562,93.3014,0,60,85,74,1583,3504,2.25006,0,16.706,7.57664,0,1793,36208760492
36.3587,27.5037,93.3014,0,60,85,74,1583,3504,2.25006,0,16.706,7.57664,0,1793,36236265458
43.5228,22.9765,93.3014,0,60,85,74,1583,3504,2.25006,0,16.706,7.57664,0,1793,36259242738
33.1858,30.1334,93.3014,0,60,85,74,1583,3504,2.25006,0,16.706,7.57664,0,1793,36289378717
34.0849,29.3385,93.3014,0,60,85,74,1583,3504,2.25006,0,16.706,7.57664,0,1793,36318721242
31.8751,31.3724,77.7506,0,63,89,73,1571,3504,2.25006,0,16.7063,7.57664,0,3400,36350091572
36.066,27.7269,77.7506,0,63,89,73,1571,3504,2.25006,0,16.7063,7.57664,0,3400,36377818258
38.2989,26.1104,77.7506,0,63,89,73,1571,3504,2.25006,0,16.7063,7.57664,0,3400,36403931483
31.1771,32.0748,77.7506,0,63,89,73,1571,3504,2.25006,0,16.7063,7.57664,0,3400,36436006904
30.922,32.3394,77.7506,0,63,89,73,1571,3504,2.25006,0,16.7063,7.57664,0,3400,36468346437
40.9902,24.3961,77.7506,0,63,89,73,1571,3504,2.25006,0,16.7063,7.57664,0,3400,36492744108
40.403,24.7506,77.7506,0,63,89,73,1571,3504,2.25006,0,16.7063,7.57664,0,3400,36517496020
39.5055,25.313,77.7506,0,63,89,73,1571,3504,2.25006,0,16.7063,7.57664,0,3400,36542814290
35.9332,27.8294,77.7506,0,63,89,73,1571,3504,2.25006,0,16.7063,7.57664,0,3400,36570642689
35.935,27.828,77.7506,0,63,89,73,1571,3504,2.25006,0,16.7063,7.57664,0,3400,36598471146
33.7576,29.6229,77.7506,0,63,89,73,1571,3504,2.25006,0,16.7063,7.57664,0,3400,36628094580
38.8328,25.7514,77.7506,0,63,89,73,1571,3504,2.25006,0,16.7063,7.57664,0,3400,36653848751
38.0472,26.2832,77.7506,0,63,89,73,1571,3504,2.25006,0,16.7063,7.57664,0,3400,36680132599
32.5654,30.7074,77.7506,0,63,89,73,1571,3504,2.25006,0,16.7063,7.57664,0,3400,36710841329
38.164,26.2027,77.7506,0,63,89,73,1571,3504,2.25006,0,16.7063,7.57664,0,3400,36737045332
38.8962,25.7094,77.7506,0,63,89,73,1571,3504,2.25006,0,16.7063,7.57664,0,3400,36762755956
36.2105,27.6163,77.7506,0,63,89,73,1571,3504,2.25006,0,16.7063,7.57664,0,3400,36790374090
35.465,28.1968,77.7506,0,63,89,73,1571,3504,2.25006,0,16.7063,7.57664,0,3400,36818572150
36.5111,27.389,77.7506,0,63,89,73,1571,3504,2.25006,0,16.7063,7.57664,0,3400,36845964759
36.3038,27.5453,58.7952,0,91,89,74,1399,3504,2.25006,0,16.707,7.57664,0,3400,36873507767
35.018,28.5568,58.7952,0,91,89,74,1399,3504,2.25006,0,16.707,7.57664,0,3400,36902067304
40.7354,24.5486,58.7952,0,91,89,74,1399,3504,2.25006,0,16.707,7.57664,0,3400,36926616741
32.2967,30.963,58.7952,0,91,89,74,1399,3504,2.25006,0,16.707,7.57664,0,3400,36957593267
42.9159,23.3014,58.7952,0,91,89,74,1399,3504,2.25006,0,16.707,7.57664,0,3400,36980883996
35.0141,28.5599,58.7952,0,91,89,74,1399,3504,2.25006,0,16.707,7.57664,0,3400,37009445738
36.0821,27.7146,58.7952,0,91,89,74,1399,3504,2.25006,0,16.707,7.57664,0,3400,37037160779
35.417,28.2351,58.7952,0,91,89,74,1399,3504,2.25006,0,16.707,7.57664,0,3400,37065397756
37.4644,26.692,58.7952,0,91,89,74,1399,3504,2.25006,0,16.707,7.57664,0,3400,37092090711
33.3839,29.9546,58.7952,0,91,89,74,1399,3504,2.25006,0,16.707,7.57664,0,3400,37122044759
39.5664,25.274,58.7952,0,91,89,74,1399,3504,2.25006,0,16.707,7.57664,0,3400,37147321174
33.9634,29.4434,58.7952,0,91,89,74,1399,3504,2.25006,0,16.707,7.57664,0,3400,37176766931
35.4059,28.2439,58.7952,0,91,89,74,1399,3504,2.25006,0,16.707,7.57664,0,3400,37205012930
45.3832,22.0346,58.7952,0,91,89,74,1399,3504,2.25006,0,16.707,7.57664,0,3400,37227048562
34.9444,28.6169,58.7952,0,91,89,74,1399,3504,2.25006,0,16.707,7.57664,0,3400,37255667230
31.7183,31.5275,58.7952,0,91,89,74,1399,3504,2.25006,0,16.707,7.57664,0,3400,37287213838
43.7368,22.8641,58.7952,0,91,89,74,1399,3504,2.25006,0,16.707,7.57664,0,3400,37310060760
31.2093,32.0417,58.7952,0,91,89,74,1399,3504,2.25006,0,16.707,7.57664,0,3400,37342104224
40.9876,24.3976,58.7952,0,91,89,74,1399,3504,2.25006,0,16.707,7.57664,0,3400,37366510592
33.6034,29.7589,56.5111,0,91,92,74,1399,3504,2.25006,0,16.7069,7.57664,0,3400,37396262811
40.5432,24.665,56.5111,0,91,92,74,1399,3504,2.25006,0,16.7069,7.57664,0,3400,37420928796
33.7624,29.6187,56.5111,0,91,92,74,1399,3504,2.25006,0,16.7069,7.57664,0,3400,37450548883
37.1183,26.9409,56.5111,0,91,92,74,1399,3504,2.25006,0,16.7069,7.57664,0,3400,37477490197
38.3374,26.0842,56.5111,0,91,92,74,1399,3504,2.25006,0,16.7069,7.57664,0,3400,37503575685
39.7916,25.1309,56.5111,0,91,92,74,1399,3504,2.25006,0,16.7069,7.57664,0,3400,37528708737
35.7099,28.0035,56.5111,0,91,92,74,1399,3504,2.25006,0,16.7069,7.57664,0,3400,37556713030
40.8205,24.4975,56.5111,0,91,92,74,1399,3504,2.25006,0,16.7069,7.57664,0,3400,37581212546
36.2406,27.5934,56.5111,0,91,92,74,1399,3504,2.25006,0,16.7069,7.57664,0,3400,37608807081
31.0453,32.211,56.5111,0,91,92,74,1399,3504,2.25006,0,16.7069,7.57664,0,3400,37641019397
41.8095,23.918,56.5111,0,91,92,74,1399,3504,2.25006,0,16.7069,7.57664,0,3400,37664940213
31.4087,31.8383,56.5111,0,91,92,74,1399,3504,2.25006,0,16.7069,7.57664,0,3400,37696778844
37.8083,26.4492,56.5111,0,91,92,74,1399,3504,2.25006,0,16.7069,7.57664,0,3400,37723229312
33.4489,29.8963,56.5111,0,91,92,74,1399,3504,2.25006,0,16.7069,7.57664,0,3400,37753126552
37.4046,26.7347,56.5111,0,91,92,74,1399,3504,2.25006,0,16.7069,7.57664,0,3400,37779863615
40.947,24.4218,56.5111,0,91,92,74,1399,3504,2.25006,0,16.7069,7.57664,0,3400,37804286571
39.3334,25.4237,56.5111,0,91,92,74,1399,3504,2.25006,0,16.7069,7.57664,0,3400,37829710914
37.2123,26.8728,56.5111,0,91,92,74,1399,3504,2.25006,0,16.7069,7.57664,0,3400,37856591745
33.1983,30.122,56.5111,0,91,92,74,1399,3504,2.25006,0,16.7069,7.57664,0,3400,37886716790
40.4087,24.7472,62.7451,0,100,92,74,1417,3504,2.25006,0,16.7071,7.57664,0,3400,37911457454
33.7855,29.5985,62.7451,0,100,92,74,1417,3504,2.25006,0,16.7071,7.57664,0,3400,37941057201
38.7438,25.8106,62.7451,0,100,92,74,1417,3504,2.25006,0,16.7071,7.57664,0,3400,37966868603
36.3274,27.5275,62.7451,0,100,92,74,1417,3504,2.25006,0,16.7071,7.57664,0,3400,37994397973
36.9701,27.0489,62.7451,0,100,92,74,1417,3504,2.25006,0,16.7071,7.57664,0,3400,38021448818
34.7891,28.7447,62.7451,0,100,92,74,1417,3504,2.25006,0,16.7071,7.57664,0,3400,38050194434
41.4622,24.1184,62.7451,0,100,92,74,1417,3504,2.25006,0,16.7071,7.57664,0,3400,38074313861
39.5752,25.2683,62.7451,0,100,92,74,1417,3504,2.25006,0,16.7071,7.57664,0,3400,38099582663
20.1008,49.7492,62.7451,0,100,92,74,1417,3504,2.25006,0,16.7071,7.57664,0,3400,38149332849
22.559,44.3282,62.7451,0,100,92,74,1417,3504,2.25006,0,16.7071,7.57664,0,3400,38193663425
76.2132,13.1211,62.7451,0,100,92,74,1417,3504,2.25006,0,16.7071,7.57664,0,3400,38206785333
41.882,23.8766,62.7451,0,100,92,74,1417,3504,2.25006,0,16.7071,7.57664,0,3400,38230663661
37.8866,26.3946,62.7451,0,100,92,74,1417,3504,2.25006,0,16.7071,7.57664,0,3400,38257058583
31.6919,31.5538,62.7451,0,100,92,74,1417,3504,2.25006,0,16.7071,7.57664,0,3400,38288613934
41.3228,24.1997,62.7451,0,100,92,74,1417,3504,2.25006,0,16.7071,7.57664,0,3400,38312815225
38.1382,26.2204,62.7451,0,100,92,74,1417,3504,2.25006,0,16.7071,7.57664,0,3400,38339037298
38.6389,25.8806,62.7451,0,100,92,74,1417,3504,2.25006,0,16.7071,7.57664,0,3400,38364918837
37.4953,26.67,62.7451,0,100,92,74,1417,3504,2.25006,0,16.7071,7.57664,0,3400,38391595306
41.1445,24.3046,68.8442,0,100,91,74,1417,3504,2.25006,0,16.7057,7.57664,0,3400,38415896053
37.773,26.4739,68.8442,0,100,91,74,1417,3504,2.25006,0,16.7057,7.57664,0,3400,38442371599
36.9102,27.0928,68.8442,0,100,91,74,1417,3504,2.25006,0,16.7057,7.57664,0,3400,38469466262
32.9347,30.3631,68.8442,0,100,91,74,1417,3504,2.25006,0,16.7057,7.57664,0,3400,38499829763
36.5431,27.365,68.8442,0,100,91,74,1417,3504,2.25006,0,16.7057,7.57664,0,3400,38527195811
42.7068,23.4155,68.8442,0,100,91,74,1417,3504,2.25006,0,16.7057,7.57664,0,3400,38550613202
31.696,31.5497,68.8442,0,100,91,74,1417,3504,2.25006,0,16.7057,7.57664,0,3400,38582163683
48.1407,20.7724,68.8442,0,100,91,74,1417,3504,2.25006,0,16.7057,7.57664,0,3400,38602937368
33.3711,29.9661,68.8442,0,100,91,74,1417,3504,2.25006,0,16.7057,7.57664,0,3400,38632905156
40.4585,24.7167,68.8442,0,100,91,74,1417,3504,2.25006,0,16.7057,7.57664,0,3400,38657622697
36.8424,27.1427,68.8442,0,100,91,74,1417,3504,2.25006,0,16.7057,7.57664,0,3400,38684766666
42.7833,23.3736,68.8442,0,100,91,74,1417,3504,2.25006,0,16.7057,7.57664,0,3400,38708141108
31.7306,31.5153,68.8442,0,100,91,74,1417,3504,2.25006,0,16.7057,7.57664,0,3400,38739657939
56.1916,17.7962,68.8442,0,100,91,74,1417,3504,2.25006,0,16.7057,7.57664,0,3400,38757455742
40.0607,24.9621,68.8442,0,100,91,74,1417,3504,2.25006,0,16.7057,7.57664,0,3400,38782418562
46.251,21.6212,68.8442,0,100,91,74,1417,3504,2.25006,0,16.7057,7.57664,0,3400,38804040998
41.8065,23.9198,68.8442,0,100,91,74,1417,3504,2.25006,0,16.7057,7.57664,0,3400,38827962550
44.3502,22.5478,68.8442,0,100,91,74,1417,3504,2.25006,0,16.7057,7.57664,0,3400,38850510889
43.4933,22.9921,68.8442,0,100,91,74,1417,3504,2.25006,0,16.7057,7.57664,0,3400,38873503747
40.2742,24.8298,68.8442,0,100,91,74,1417,3504,2.25006,0,16.7057,7.57664,0,3400,38898340080
41.985,23.8181,65.75,0,97,91,73,1425,3504,2.25006,0,16.6575,7.57664,0,3400,38922154371
38.4104,26.0346,65.75,0,97,91,73,1425,3504,2.25006,0,16.6575,7.57664,0,3400,38948190982
35.7333,27.9851,65.75,0,97,91,73,1425,3504,2.25006,0,16.6575,7.57664,0,3400,38976176760
46.3122,21.5926,65.75,0,97,91,73,1425,3504,2.25006,0,16.6575,7.57664,0,3400,38997770692
48.1686,20.7604,65.75,0,97,91,73,1425,3504,2.25006,0,16.6575,7.57664,0,3400,39018532453
41.9739,23.8243,65.75,0,97,91,73,1425,3504,2.25006,0,16.6575,7.57664,0,3400,39042357779
40.3327,24.7938,65.75,0,97,91,73,1425,3504,2.25006,0,16.6575,7.57664,0,3400,39067153001
44.8216,22.3107,65.75,0,97,91,73,1425,3504,2.25006,0,16.6575,7.57664,0,3400,39089464968
39.3095,25.4392,65.75,0,97,91,73,1425,3504,2.25006,0,16.6575,7.57664,0,3400,39114904749
35.4475,28.2107,65.75,0,97,91,73,1425,3504,2.25006,0,16.6575,7.57664,0,3400,39143116187
42.266,23.6597,65.75,0,97,91,73,1425,3504,2.25006,0,16.6575,7.57664,0,3400,39166777894
43.8051,22.8284,65.75,0,97,91,73,1425,3504,2.25006,0,16.6575,7.57664,0,3400,39189608650
41.758,23.9475,65.75,0,97,91,73,1425,3504,2.25006,0,16.6575,7.57664,0,3400,39213556248
33.6653,29.7042,65.75,0,97,91,73,1425,3504,2.25006,0,16.6575,7.57664,0,3400,39243261796
37.9972,26.3177,65.75,0,97,91,73,1425,3504,2.25006,0,16.6575,7.57664,0,3400,39269580822
47.4106,21.0923,65.75,0,97,91,73,1425,3504,2.25006,0,16.6575,7.57664,0,3400,39290674762
50.5664,19.776,65.75,0,97,91,73,1425,3504,2.25006,0,16.6575,7.57664,0,3400,39310452082
53.4219,18.7189,65.75,0,97,91,73,1425,3504,2.25006,0,16.6575,7.57664,0,3400,39329171840
43.5552,22.9594,65.75,0,97,91,73,1425,3504,2.25006,0,16.6575,7.57664,0,3400,39352133497
40.1242,24.9226,65.75,0,97,91,73,1425,3504,2.25006,0,16.6575,7.57664,0,3400,39377056744
45.6803,21.8913,65.75,0,97,91,73,1425,3504,2.25006,0,16.6575,7.57664,0,3400,39398955125
39.7246,25.1733,77.0202,0,99,92,74,1418,3504,2.24927,0,16.6394,7.57664,0,3400,39424123883
43.4186,23.0316,77.0202,0,99,92,74,1418,3504,2.24927,0,16.6394,7.57664,0,3400,39447156585
41.5247,24.0821,77.0202,0,99,92,74,1418,3504,2.24927,0,16.6394,7.57664,0,3400,39471240731
44.72,22.3614,77.0202,0,99,92,74,1418,3504,2.24927,0,16.6394,7.57664,0,3400,39493604288
35.6451,28.0544,77.0202,0,99,92,74,1418,3504,2.24927,0,16.6394,7.57664,0,3400,39521658899
52.574,19.0208,77.0202,0,99,92,74,1418,3504,2.24927,0,16.6394,7.57664,0,3400,39540681651
41.6403,24.0152,77.0202,0,99,92,74,1418,3504,2.24927,0,16.6394,7.57664,0,3400,39564697943
45.9437,21.7658,77.0202,0,99,92,74,1418,3504,2.24927,0,16.6394,7.57664,0,3400,39586465363
46.6688,21.4276,77.0202,0,99,92,74,1418,3504,2.24927,0,16.6394,7.57664,0,3400,39607893864
39.2832,25.4562,77.0202,0,99,92,74,1418,3504,2.24927,0,16.6394,7.57664,0,3400,39633351771
38.3714,26.0611,77.0202,0,99,92,74,1418,3504,2.24927,0,16.6394,7.57664,0,3400,39659414302
40.3828,24.763,77.0202,0,99,92,74,1418,3504,2.24927,0,16.6394,7.57664,0,3400,39684179534
50.1527,19.9391,77.0202,0,99,92,74,1418,3504,2.24927,0,16.6394,7.57664,0,3400,39704118134
43.2843,23.1031,77.0202,0,99,92,74,1418,3504,2.24927,0,16.6394,7.57664,0,3400,39727223023
44.8414,22.3008,77.0202,0,99,92,74,1418,3504,2.24927,0,16.6394,7.57664,0,3400,39749525069
44.8082,22.3173,77.0202,0,99,92,74,1418,3504,2.24927,0,16.6394,7.57664,0,3400,39771843475
39.9085,25.0573,77.0202,0,99,92,74,1418,3504,2.24927,0,16.6394,7.57664,0,3400,39796902356
44.1999,22.6245,77.0202,0,99,92,74,1418,3504,2.24927,0,16.6394,7.57664,0,3400,39819528111
40.4934,24.6954,77.0202,0,99,92,74,1418,3504,2.24927,0,16.6394,7.57664,0,3400,39844224182
47.5637,21.0244,77.0202,0,99,92,74,1418,3504,2.24927,0,16.6394,7.57664,0,3400,39865251314
39.2439,25.4816,77.0202,0,99,92,74,1418,3504,2.24927,0,16.6394,7.57664,0,3400,39890733298
48.3149,20.6976,77.0202,0,99,92,74,1418,3504,2.24927,0,16.6394,7.57664,0,3400,39911435878
43.4314,23.0248,74.4417,0,100,92,74,1460,3504,2.24943,0,16.6351,7.57664,0,3400,39934458004
40.5144,24.6826,74.4417,0,100,92,74,1460,3504,2.24943,0,16.6351,7.57664,0,3400,39959142090
43.2667,23.1125,74.4417,0,100,92,74,1460,3504,2.24943,0,16.6351,7.57664,0,3400,39982255873
43.8501,22.805,74.4417,0,100,92,74,1460,3504,2.24943,0,16.6351,7.57664,0,3400,40005061713
36.8272,27.1539,74.4417,0,100,92,74,1460,3504,2.24943,0,16.6351,7.57664,0,3400,40032217124
47.0246,21.2655,74.4417,0,100,92,74,1460,3504,2.24943,0,16.6351,7.57664,0,3400,40053483932
44.068,22.6922,74.4417,0,100,92,74,1460,3504,2.24943,0,16.6351,7.57664,0,3400,40076176724
44.9686,22.2377,74.4417,0,100,92,74,1460,3504,2.24943,0,16.6351,7.57664,0,3400,40098416021
38.5202,25.9604,74.4417,0,100,92,74,1460,3504,2.24943,0,16.6351,7.57664,0,3400,40124377644
46.2511,21.6211,74.4417,0,100,92,74,1460,3504,2.24943,0,16.6351,7.57664,0,3400,40146000831
39.5138,25.3076,74.4417,0,100,92,74,1460,3504,2.24943,0,16.6351,7.57664,0,3400,40171309082
41.5145,24.088,74.4417,0,100,92,74,1460,3504,2.24943,0,16.6351,7.57664,0,3400,40195397959
36.1764,27.6424,74.4417,0,100,92,74,1460,3504,2.24943,0,16.6351,7.57664,0,3400,40223043115
57.573,17.3692,74.4417,0,100,92,74,1460,3504,2.24943,0,16.6351,7.57664,0,3400,40240425172
39.4867,25.325,74.4417,0,100,92,74,1460,3504,2.24943,0,16.6351,7.57664,0,3400,40265738790
49.0351,20.3936,74.4417,0,100,92,74,1460,3504,2.24943,0,16.6351,7.57664,0,3400,40286153316
38.7968,25.7753,74.4417,0,100,92,74,1460,3504,2.24943,0,16.6351,7.57664,0,3400,40311909559
50.1172,19.9532,74.4417,0,100,92,74,1460,3504,2.24943,0,16.6351,7.57664,0,3400,40331864218
41.6402,24.0152,74.4417,0,100,92,74,1460,3504,2.24943,0,16.6351,7.57664,0,3400,40355881495
44.0892,22.6813,74.4417,0,100,92,74,1460,3504,2.24943,0,16.6351,7.57664,0,3400,40378563051
45.834,21.8179,74.4417,0,100,92,74,1460,3504,2.24943,0,16.6351,7.57664,0,3400,40400382587
41.2168,24.262,74.4417,0,100,92,74,1460,3504,2.24943,0,16.6351,7.57664,0,3400,40424649787
35.7674,27.9584,71.3253,0,100,94,74,1463,3504,2.24823,0,16.6288,7.57664,0,3400,40452605303
38.2623,26.1354,71.3253,0,100,94,74,1463,3504,2.24823,0,16.6288,7.57664,0,3400,40478742745
56.5644,17.679,71.3253,0,100,94,74,1463,3504,2.24823,0,16.6288,7.57664,0,3400,40496423095
41.6403,24.0152,71.3253,0,100,94,74,1463,3504,2.24823,0,16.6288,7.57664,0,3400,40520439712
45.1872,22.1302,71.3253,0,100,94,74,1463,3504,2.24823,0,16.6288,7.57664,0,3400,40542572566
46.0261,21.7268,71.3253,0,100,94,74,1463,3504,2.24823,0,16.6288,7.57664,0,3400,40564299197
42.4379,23.5638,71.3253,0,100,94,74,1463,3504,2.24823,0,16.6288,7.57664,0,3400,40587864716
41.9028,23.8647,71.3253,0,100,94,74,1463,3504,2.24823,0,16.6288,7.57664,0,3400,40611731392
43.1445,23.1779,71.3253,0,100,94,74,1463,3504,2.24823,0,16.6288,7.57664,0,3400,40634909463
42.6999,23.4192,71.3253,0,100,94,74,1463,3504,2.24823,0,16.6288,7.57664,0,3400,40658330414
40.9917,24.3952,71.3253,0,100,94,74,1463,3504,2.24823,0,16.6288,7.57664,0,3400,40682727265
47.4392,21.0796,71.3253,0,100,94,74,1463,3504,2.24823,0,16.6288,7.57664,0,3400,40703807881
38.5059,25.9701,71.3253,0,100,94,74,1463,3504,2.24823,0,16.6288,7.57664,0,3400,40729779275
45.7162,21.8741,71.3253,0,100,94,74,1463,3504,2.24823,0,16.6288,7.57664,0,3400,40751654110
41.1945,24.2751,71.3253,0,100,94,74,1463,3504,2.24823,0,16.6288,7.57664,0,3400,40775930632
44.6322,22.4053,71.3253,0,100,94,74,1463,3504,2.24823,0,16.6288,7.57664,0,3400,40798337304
42.9743,23.2697,71.3253,0,100,94,74,1463,3504,2.24823,0,16.6288,7.57664,0,3400,40821607423
45.4256,22.014,71.3253,0,100,94,74,1463,3504,2.24823,0,16.6288,7.57664,0,3400,40843623258
38.9901,25.6475,71.3253,0,100,94,74,1463,3504,2.24823,0,16.6288,7.57664,0,3400,40869272129
43.4826,22.9977,71.3253,0,100,94,74,1463,3504,2.24823,0,16.6288,7.57664,0,3400,40892271312
42.4005,23.5846,71.3253,0,100,94,74,1463,3504,2.24823,0,16.6288,7.57664,0,3400,40915856681
44.2211,22.6136,71.3253,0,100,94,74,1463,3504,2.24823,0,16.6288,7.57664,0,3400,40938474854
43.8285,22.8162,70.7196,0,100,94,74,1463,3504,2.24823,0,16.6233,7.57664,0,3400,40961288551
37.1771,26.8983,70.7196,0,100,94,74,1463,3504,2.24823,0,16.6233,7.57664,0,3400,40988187435
39.2171,25.4991,70.7196,0,100,94,74,1463,3504,2.24823,0,16.6233,7.57664,0,3400,41013688531
41.2326,24.2527,70.7196,0,100,94,74,1463,3504,2.24823,0,16.6233,7.57664,0,3400,41037942050
56.5534,17.6824,70.7196,0,100,94,74,1463,3504,2.24823,0,16.6233,7.57664,0,3400,41055624789
40.7625,24.5324,70.7196,0,100,94,74,1463,3504,2.24823,0,16.6233,7.57664,0,3400,41080159486
40.5115,24.6843,70.7196,0,100,94,74,1463,3504,2.24823,0,16.6233,7.57664,0,3400,41104844870
43.1794,23.1592,70.7196,0,100,94,74,1463,3504,2.24823,0,16.6233,7.57664,0,3400,41128005798
47.2154,21.1795,70.7196,0,100,94,74,1463,3504,2.24823,0,16.6233,7.57664,0,3400,41149207422
40.4196,24.7405,70.7196,0,100,94,74,1463,3504,2.24823,0,16.6233,7.57664,0,3400,41173928040
50.5099,19.7981,70.7196,0,100,94,74,1463,3504,2.24823,0,16.6233,7.57664,0,3400,41193726865
9.46606,105.641,70.7196,0,100,94,74,1463,3504,2.24823,0,16.6233,7.57664,0,3400,41299372165
51.3386,19.4785,70.7196,0,100,94,74,1463,3504,2.24823,0,16.6233,7.57664,0,3400,41318849232
42.8529,23.3356,70.7196,0,100,94,74,1463,3504,2.24823,0,16.6233,7.57664,0,3400,41342186210
41.3245,24.1987,70.7196,0,100,94,74,1463,3504,2.24823,0,16.6233,7.57664,0,3400,41366386672
57.2454,17.4687,70.7196,0,100,94,74,1463,3504,2.24823,0,16.6233,7.57664,0,3400,41383855716
63.6741,15.705,70.7196,0,100,94,74,1463,3504,2.24823,0,16.6233,7.57664,0,3400,41399562289
50.3674,19.8541,70.7196,0,100,94,74,1463,3504,2.24823,0,16.6233,7.57664,0,3400,41419418285
40.5726,24.6472,70.7196,0,100,94,74,1463,3504,2.24823,0,16.6233,7.57664,0,3400,41444082373
42.9937,23.2592,67.4242,0,100,97,74,1458,3504,2.24597,0,16.6071,7.57664,0,3400,41467326268
42.7894,23.3703,67.4242,0,100,97,74,1458,3504,2.24597,0,16.6071,7.57664,0,3400,41490698213
43.3769,23.0537,67.4242,0,100,97,74,1458,3504,2.24597,0,16.6071,7.57664,0,3400,41513753391
47.2917,21.1453,67.4242,0,100,97,74,1458,3504,2.24597,0,16.6071,7.57664,0,3400,41534899960
42.093,23.7569,67.4242,0,100,97,74,1458,3504,2.24597,0,16.6071,7.57664,0,3400,41558658116
37.3718,26.7581,67.4242,0,100,97,74,1458,3504,2.24597,0,16.6071,7.57664,0,3400,41585417823
49.7715,20.0918,67.4242,0,100,97,74,1458,3504,2.24597,0,16.6071,7.57664,0,3400,41605513126
45.1297,22.1583,67.4242,0,100,97,74,1458,3504,2.24597,0,16.6071,7.57664,0,3400,41627671407
42.4348,23.5656,67.4242,0,100,97,74,1458,3504,2.24597,0,16.6071,7.57664,0,3400,41651238698
44.9993,22.2226,67.4242,0,100,97,74,1458,3504,2.24597,0,16.6071,7.57664,0,3400,41673462753
40.1724,24.8927,67.4242,0,100,97,74,1458,3504,2.24597,0,16.6071,7.57664,0,3400,41698355728
44.2239,22.6122,67.4242,0,100,97,74,1458,3504,2.24597,0,16.6071,7.57664,0,3400,41720969272
41.4749,24.1109,67.4242,0,100,97,74,1458,3504,2.24597,0,16.6071,7.57664,0,3400,41745082699
50.1806,19.928,67.4242,0,100,97,74,1458,3504,2.24597,0,16.6071,7.57664,0,3400,41765011039
39.4108,25.3738,67.4242,0,100,97,74,1458,3504,2.24597,0,16.6071,7.57664,0,3400,41790386074
42.1837,23.7058,67.4242,0,100,97,74,1458,3504,2.24597,0,16.6071,7.57664,0,3400,41814092636
49.6594,20.1372,67.4242,0,100,97,74,1458,3504,2.24597,0,16.6071,7.57664,0,3400,41834230938
39.6423,25.2256,67.4242,0,100,97,74,1458,3504,2.24597,0,16.6071,7.57664,0,3400,41859457915
42.9311,23.2931,67.4242,0,100,97,74,1458,3504,2.24597,0,16.6071,7.57664,0,3400,41882752261
49.7664,20.0939,67.4242,0,100,97,74,1458,3504,2.24597,0,16.6071,7.57664,0,3400,41902847419
43.7005,22.883,67.4242,0,100,97,74,1458,3504,2.24597,0,16.6071,7.57664,0,3400,41925732274
37.353,26.7716,67.4242,0,100,97,74,1458,3504,2.24597,0,16.6071,7.57664,0,3400,41952505803
49.5327,20.1887,64.899,0,90,97,74,1472,3504,2.24374,0,16.6301,7.57664,0,3400,41972693775
46.8178,21.3594,64.899,0,90,97,74,1472,3504,2.24374,0,16.6301,7.57664,0,3400,41994054109
33.7599,29.6209,64.899,0,90,97,74,1472,3504,2.24374,0,16.6301,7.57664,0,3400,42023676522
51.6496,19.3612,64.899,0,90,97,74,1472,3504,2.24374,0,16.6301,7.57664,0,3400,42043039312
46.2497,21.6218,64.899,0,90,97,74,1472,3504,2.24374,0,16.6301,7.57664,0,3400,42064661887
37.9095,26.3786,64.899,0,90,97,74,1472,3504,2.24374,0,16.6301,7.57664,0,3400,42091042686
39.5401,25.2908,64.899,0,90,97,74,1472,3504,2.24374,0,16.6301,7.57664,0,3400,42116337036
61.8309,16.1731,64.899,0,90,97,74,1472,3504,2.24374,0,16.6301,7.57664,0,3400,42132508539
33.4056,29.9351,64.899,0,90,97,74,1472,3504,2.24374,0,16.6301,7.57664,0,3400,42162444610
36.388,27.4816,64.899,0,90,97,74,1472,3504,2.24374,0,16.6301,7.57664,0,3400,42189928175
80.0688,12.4893,64.899,0,90,97,74,1472,3504,2.24374,0,16.6301,7.57664,0,3400,42202418040
44.1651,22.6423,64.899,0,90,97,74,1472,3504,2.24374,0,16.6301,7.57664,0,3400,42225061248
43.5236,22.976,64.899,0,90,97,74,1472,3504,2.24374,0,16.6301,7.57664,0,3400,42248038112
43.2217,23.1365,64.899,0,90,97,74,1472,3504,2.24374,0,16.6301,7.57664,0,3400,42271176150
45.9601,21.758,64.899,0,90,97,74,1472,3504,2.24374,0,16.6301,7.57664,0,3400,42292935955
47.4552,21.0725,64.899,0,90,97,74,1472,3504,2.24374,0,16.6301,7.57664,0,3400,42314008709
44.1478,22.6512,64.899,0,90,97,74,1472,3504,2.24374,0,16.6301,7.57664,0,3400,42336661524
46.2429,21.6249,64.899,0,90,97,74,1472,3504,2.24374,0,16.6301,7.57664,0,3400,42358287769
47.4114,21.092,64.899,0,90,97,74,1472,3504,2.24374,0,16.6301,7.57664,0,3400,42379381271
42.4913,23.5342,64.899,0,90,97,74,1472,3504,2.24374,0,16.6301,7.57664,0,3400,42402916392
45.7495,21.8581,64.899,0,90,97,74,1472,3504,2.24374,0,16.6301,7.57664,0,3400,42424777232
49.2444,20.3069,64.899,0,90,97,74,1472,3504,2.24374,0,16.6301,7.57664,0,3400,42445085336
42.7478,23.393,64.899,0,90,97,74,1472,3504,2.24374,0,16.6301,7.57664,0,3400,42468483731
45.5769,21.9409,66.0891,0,99,95,74,1456,3504,2.22844,0,16.631,7.57664,0,3400,42490419937
49.8558,20.0578,66.0891,0,99,95,74,1456,3504,2.22844,0,16.631,7.57664,0,3400,42510478722
39.1028,25.5736,66.0891,0,99,95,74,1456,3504,2.22844,0,16.631,7.57664,0,3400,42536053641
52.1884,19.1613,66.0891,0,99,95,74,1456,3504,2.22844,0,16.631,7.57664,0,3400,42555216831
52.3278,19.1103,66.0891,0,99,95,74,1456,3504,2.22844,0,16.631,7.57664,0,3400,42574328804
39.1206,25.562,66.0891,0,99,95,74,1456,3504,2.22844,0,16.631,7.57664,0,3400,42599904478
56.0509,17.8409,66.0891,0,99,95,74,1456,3504,2.22844,0,16.631,7.57664,0,3400,42617733807
44.4826,22.4807,66.0891,0,99,95,74,1456,3504,2.22844,0,16.631,7.57664,0,3400,42640216865
46.1903,21.6496,66.0891,0,99,95,74,1456,3504,2.22844,0,16.631,7.57664,0,3400,42661866823
47.9245,20.8661,66.0891,0,99,95,74,1456,3504,2.22844,0,16.631,7.57664,0,3400,42682733957
44.5318,22.4559,66.0891,0,99,95,74,1456,3504,2.22844,0,16.631,7.57664,0,3400,42705190971
48.1793,20.7558,66.0891,0,99,95,74,1456,3504,2.22844,0,16.631,7.57664,0,3400,42725947846
46.7627,21.3846,66.0891,0,99,95,74,1456,3504,2.22844,0,16.631,7.57664,0,3400,42747333184
44.0355,22.709,66.0891,0,99,95,74,1456,3504,2.22844,0,16.631,7.57664,0,3400,42770044546
45.3788,22.0367,66.0891,0,99,95,74,1456,3504,2.22844,0,16.631,7.57664,0,3400,42792083427
44.0248,22.7145,66.0891,0,99,95,74,1456,3504,2.22844,0,16.631,7.57664,0,3400,42814798486
48.5808,20.5843,66.0891,0,99,95,74,1456,3504,2.22844,0,16.631,7.57664,0,3400,42835384016
43.7729,22.8452,66.0891,0,99,95,74,1456,3504,2.22844,0,16.631,7.57664,0,3400,42858231231
24.171,41.3719,66.0891,0,99,95,74,1456,3504,2.22844,0,16.631,7.57664,0,3400,42899603970
157.985,6.32971,66.0891,0,99,95,74,1456,3504,2.22844,0,16.631,7.57664,0,3400,42905935229
45.3317,22.0596,66.0891,0,99,95,74,1456,3504,2.22844,0,16.631,7.57664,0,3400,42927996160
43.7953,22.8335,66.0891,0,99,95,74,1456,3504,2.22844,0,16.631,7.57664,0,3400,42950842950
44.2637,22.5919,66.0891,0,99,95,74,1456,3504,2.22844,0,16.631,7.57664,0,3400,42973440177
48.6104,20.5717,57.8554,0,100,95,75,1559,3504,2.16021,0,16.6162,7.57664,0,3400,42994009075
49.6175,20.1542,57.8554,0,100,95,75,1559,3504,2.16021,0,16.6162,7.57664,0,3400,43014164816
45.7013,21.8812,57.8554,0,100,95,75,1559,3504,2.16021,0,16.6162,7.57664,0,3400,43036046993
44.1184,22.6663,57.8554,0,100,95,75,1559,3504,2.16021,0,16.6162,7.57664,0,3400,43058715125
47.8476,20.8997,57.8554,0,100,95,75,1559,3504,2.16021,0,16.6162,7.57664,0,3400,43079616173
42.0479,23.7824,57.8554,0,100,95,75,1559,3504,2.16021,0,16.6162,7.57664,0,3400,43103399908
48.6286,20.564,57.8554,0,100,95,75,1559,3504,2.16021,0,16.6162,7.57664,0,3400,43123978140
44.3821,22.5316,57.8554,0,100,95,75,1559,3504,2.16021,0,16.6162,7.57664,0,3400,43146510811
42.3426,23.6169,57.8554,0,100,95,75,1559,3504,2.16021,0,16.6162,7.57664,0,3400,43170129365
54.9947,18.1836,57.8554,0,100,95,75,1559,3504,2.16021,0,16.6162,7.57664,0,3400,43188331755
44.9901,22.2271,57.8554,0,100,95,75,1559,3504,2.16021,0,16.6162,7.57664,0,3400,43210544891
47.5233,21.0423,57.8554,0,100,95,75,1559,3504,2.16021,0,16.6162,7.57664,0,3400,43231589691
40.8263,24.494,57.8554,0,100,95,75,1559,3504,2.16021,0,16.6162,7.57664,0,3400,43256084082
55.1095,18.1457,57.8554,0,100,95,75,1559,3504,2.16021,0,16.6162,7.57664,0,3400,43274231062
40.1622,24.899,57.8554,0,100,95,75,1559,3504,2.16021,0,16.6162,7.57664,0,3400,43299131571
45.0983,22.1738,57.8554,0,100,95,75,1559,3504,2.16021,0,16.6162,7.57664,0,3400,43321306039
50.2601,19.8965,57.8554,0,100,95,75,1559,3504,2.16021,0,16.6162,7.57664,0,3400,43341203903
43.8857,22.7865,57.8554,0,100,95,75,1559,3504,2.16021,0,16.6162,7.57664,0,3400,43363992540
49.9095,20.0362,57.8554,0,100,95,75,1559,3504,2.16021,0,16.6162,7.57664,0,3400,43384029940
45.5231,21.9669,57.8554,0,100,95,75,1559,3504,2.16021,0,16.6162,7.57664,0,3400,43405997184
40.4695,24.7099,57.8554,0,100,95,75,1559,3504,2.16021,0,16.6162,7.57664,0,3400,43430709476
55.0161,18.1765,57.8554,0,100,95,75,1559,3504,2.16021,0,16.6162,7.57664,0,3400,43448886563
43.7669,22.8483,57.8554,0,100,95,75,1559,3504,2.16021,0,16.6162,7.57664,0,3400,43471735032
38.6593,25.867,57.8554,0,100,95,75,1559,3504,2.16021,0,16.6162,7.57664,0,3400,43497611434
52.4238,19.0753,61.9512,0,99,94,76,1583,3504,2.1579,0,16.6156,7.57664,0,3400,43516680580
49.734,20.107,61.9512,0,99,94,76,1583,3504,2.1579,0,16.6156,7.57664,0,3400,43536789099
44.9724,22.2358,61.9512,0,99,94,76,1583,3504,2.1579,0,16.6156,7.57664,0,3400,43559025871
44.0842,22.6838,61.9512,0,99,94,76,1583,3504,2.1579,0,16.6156,7.57664,0,3400,43581711523
47.8672,20.8911,61.9512,0,99,94,76,1583,3504,2.1579,0,16.6156,7.57664,0,3400,43602605288
44.6075,22.4177,61.9512,0,99,94,76,1583,3504,2.1579,0,16.6156,7.57664,0,3400,43625023875
39.5025,25.3148,61.9512,0,99,94,76,1583,3504,2.1579,0,16.6156,7.57664,0,3400,43650339060
57.7696,17.3101,61.9512,0,99,94,76,1583,3504,2.1579,0,16.6156,7.57664,0,3400,43667649923
49.9328,20.0269,61.9512,0,99,94,76,1583,3504,2.1579,0,16.6156,7.57664,0,3400,43687678725
41.2422,24.247,61.9512,0,99,94,76,1583,3504,2.1579,0,16.6156,7.57664,0,3400,43711927973
45.1576,22.1447,61.9512,0,99,94,76,1583,3504,2.1579,0,16.6156,7.57664,0,3400,43734073954
36.6826,27.2609,61.9512,0,99,94,76,1583,3504,2.1579,0,16.6156,7.57664,0,3400,43761336516
71.9401,13.9005,61.9512,0,99,94,76,1583,3504,2.1579,0,16.6156,7.57664,0,3400,43775237835
38.175,26.1952,61.9512,0,99,94,76,1583,3504,2.1579,0,16.6156,7.57664,0,3400,43801437073
54.7379,18.2689,61.9512,0,99,94,76,1583,3504,2.1579,0,16.6156,7.57664,0,3400,43819708371
47.472,21.065,61.9512,0,99,94,76,1583,3504,2.1579,0,16.6156,7.57664,0,3400,43840774380
44.0666,22.6929,61.9512,0,99,94,76,1583,3504,2.1579,0,16.6156,7.57664,0,3400,43863467832
50.3177,19.8737,61.9512,0,99,94,76,1583,3504,2.1579,0,16.6156,7.57664,0,3400,43883343199
42.5591,23.4968,61.9512,0,99,94,76,1583,3504,2.1579,0,16.6156,7.57664,0,3400,43906841125
46.7942,21.3701,61.9512,0,99,94,76,1583,3504,2.1579,0,16.6156,7.57664,0,3400,43928212473
44.7057,22.3685,61.9512,0,99,94,76,1583,3504,2.1579,0,16.6156,7.57664,0,3400,43950583060
42.7877,23.3712,61.9512,0,99,94,76,1583,3504,2.1579,0,16.6156,7.57664,0,3400,43973955141
48.6471,20.5562,61.9512,0,99,94,76,1583,3504,2.1579,0,16.6156,7.57664,0,3400,43994512918
50.8085,19.6817,61.9512,0,99,94,76,1583,3504,2.1579,0,16.6156,7.57664,0,3400,44014199302
43.5426,22.966,60.7317,0,100,94,76,1582,3504,2.1557,0,16.6246,7.57664,0,3400,44037163163
40.0739,24.9539,60.7317,0,100,94,76,1582,3504,2.1557,0,16.6246,7.57664,0,3400,44062119348
54.7937,18.2503,60.7317,0,100,94,76,1582,3504,2.1557,0,16.6246,7.57664,0,3400,44080369900
47.9906,20.8374,60.7317,0,100,94,76,1582,3504,2.1557,0,16.6246,7.57664,0,3400,44101207919
40.2149,24.8664,60.7317,0,100,94,76,1582,3504,2.1557,0,16.6246,7.57664,0,3400,44126075562
56.4672,17.7094,60.7317,0,100,94,76,1582,3504,2.1557,0,16.6246,7.57664,0,3400,44143786128
50.9552,19.6251,60.7317,0,100,94,76,1582,3504,2.1557,0,16.6246,7.57664,0,3400,44163412866
43.4946,22.9913,60.7317,0,100,94,76,1582,3504,2.1557,0,16.6246,7.57664,0,3400,44186405043
48.3975,20.6622,60.7317,0,100,94,76,1582,3504,2.1557,0,16.6246,7.57664,0,3400,44207069718
50.5167,19.7954,60.7317,0,100,94,76,1582,3504,2.1557,0,16.6246,7.57664,0,3400,44226866223
49.2028,20.324,60.7317,0,100,94,76,1582,3504,2.1557,0,16.6246,7.57664,0,3400,44247191955
42.6154,23.4657,60.7317,0,100,94,76,1582,3504,2.1557,0,16.6246,7.57664,0,3400,44270658787
60.1058,16.6373,60.7317,0,100,94,76,1582,3504,2.1557,0,16.6246,7.57664,0,3400,44287297138
45.9416,21.7667,60.7317,0,100,94,76,1582,3504,2.1557,0,16.6246,7.57664,0,3400,44309065678
46.6457,21.4382,60.7317,0,100,94,76,1582,3504,2.1557,0,16.6246,7.57664,0,3400,44330505113
44.8994,22.272,60.7317,0,100,94,76,1582,3504,2.1557,0,16.6246,7.57664,0,3400,44352777760
53.2703,18.7722,60.7317,0,100,94,76,1582,3504,2.1557,0,16.6246,7.57664,0,3400,44371551809
43.9469,22.7547,60.7317,0,100,94,76,1582,3504,2.1557,0,16.6246,7.57664,0,3400,44394307218
55.6913,17.9561,60.7317,0,100,94,76,1582,3504,2.1557,0,16.6246,7.57664,0,3400,44412264772
40.6328,24.6107,60.7317,0,100,94,76,1582,3504,2.1557,0,16.6246,7.57664,0,3400,44436876878
47.0927,21.2347,60.7317,0,100,94,76,1582,3504,2.1557,0,16.6246,7.57664,0,3400,44458113363
51.8566,19.2839,60.7317,0,100,94,76,1582,3504,2.1557,0,16.6246,7.57664,0,3400,44477397232
43.2877,23.1012,60.7317,0,100,94,76,1582,3504,2.1557,0,16.6246,7.57664,0,3400,44500499845
57.3608,17.4335,60.7317,0,100,94,76,1582,3504,2.1557,0,16.6246,7.57664,0,3400,44517944478
40.9356,24.4286,62.5,0,100,95,76,1582,3504,2.15307,0,16.6251,7.57664,0,3400,44542365709
53.4906,18.6949,62.5,0,100,95,76,1582,3504,2.15307,0,16.6251,7.57664,0,3400,44561061859
46.6158,21.452,62.5,0,100,95,76,1582,3504,2.15307,0,16.6251,7.57664,0,3400,44582514850
49.7372,20.1057,62.5,0,100,95,76,1582,3504,2.15307,0,16.6251,7.57664,0,3400,44602621610
50.2085,19.917,62.5,0,100,95,76,1582,3504,2.15307,0,16.6251,7.57664,0,3400,44622540100
41.4618,24.1186,62.5,0,100,95,76,1582,3504,2.15307,0,16.6251,7.57664,0,3400,44646659872
53.4461,18.7104,62.5,0,100,95,76,1582,3504,2.15307,0,16.6251,7.57664,0,3400,44665372397
52.5676,19.0231,62.5,0,100,95,76,1582,3504,2.15307,0,16.6251,7.57664,0,3400,44684395944
44.9763,22.234,62.5,0,100,95,76,1582,3504,2.15307,0,16.6251,7.57664,0,3400,44706631406
49.0097,20.4041,62.5,0,100,95,76,1582,3504,2.15307,0,16.6251,7.57664,0,3400,44727036986
43.4413,23.0196,62.5,0,100,95,76,1582,3504,2.15307,0,16.6251,7.57664,0,3400,44750057586
49.424,20.2331,62.5,0,100,95,76,1582,3504,2.15307,0,16.6251,7.57664,0,3400,44770293461
47.4123,21.0916,62.5,0,100,95,76,1582,3504,2.15307,0,16.6251,7.57664,0,3400,44791384056
43.4893,22.9942,62.5,0,100,95,76,1582,3504,2.15307,0,16.6251,7.57664,0,3400,44814380296
54.2217,18.4428,62.5,0,100,95,76,1582,3504,2.15307,0,16.6251,7.57664,0,3400,44832824699
27.6429,36.1757,62.5,0,100,95,76,1582,3504,2.15307,0,16.6251,7.57664,0,3400,44869001797
72.9157,13.7145,62.5,0,100,95,76,1582,3504,2.15307,0,16.6251,7.57664,0,3400,44882717673
63.1468,15.8361,62.5,0,100,95,76,1582,3504,2.15307,0,16.6251,7.57664,0,3400,44898555379
47.5091,21.0486,62.5,0,100,95,76,1582,3504,2.15307,0,16.6251,7.57664,0,3400,44919604132
42.5588,23.4969,62.5,0,100,95,76,1582,3504,2.15307,0,16.6251,7.57664,0,3400,44943104024
51.1054,19.5674,62.5,0,100,95,76,1582,3504,2.15307,0,16.6251,7.57664,0,3400,44962672216
47.584,21.0155,62.5,0,100,95,76,1582,3504,2.15307,0,16.6251,7.57664,0,3400,44983689855
46.5409,21.4865,62.5,0,100,95,76,1582,3504,2.15307,0,16.6251,7.57664,0,3400,45005177139
49.866,20.0537,62.5,0,100,95,76,1582,3504,2.15307,0,16.6251,7.57664,0,3400,45025238779
46.4884,21.5107,63.5,0,100,95,76,1582,3504,2.15307,0,16.6255,7.57664,0,3400,45046744521
42.3411,23.6177,63.5,0,100,95,76,1582,3504,2.15307,0,16.6255,7.57664,0,3400,45070363803
40.8663,24.47,63.5,0,100,95,76,1582,3504,2.15307,0,16.6255,7.57664,0,3400,45094834447
44.7916,22.3256,63.5,0,100,95,76,1582,3504,2.15307,0,16.6255,7.57664,0,3400,45117161099
56.7001,17.6367,63.5,0,100,95,76,1582,3504,2.15307,0,16.6255,7.57664,0,3400,45134800256
59.9162,16.69,63.5,0,100,95,76,1582,3504,2.15307,0,16.6255,7.57664,0,3400,45151491183
44.8185,22.3122,63.5,0,100,95,76,1582,3504,2.15307,0,16.6255,7.57664,0,3400,45173804760
45.9232,21.7755,63.5,0,100,95,76,1582,3504,2.15307,0,16.6255,7.57664,0,3400,45195614205
44.8256,22.3087,63.5,0,100,95,76,1582,3504,2.15307,0,16.6255,7.57664,0,3400,45217924532
65.4384,15.2816,63.5,0,100,95,76,1582,3504,2.15307,0,16.6255,7.57664,0,3400,45233207682
35.0335,28.5441,63.5,0,100,95,76,1582,3504,2.15307,0,16.6255,7.57664,0,3400,45261752618
74.28,13.4626,63.5,0,100,95,76,1582,3504,2.15307,0,16.6255,7.57664,0,3400,45275216194
50.598,19.7636,63.5,0,100,95,76,1582,3504,2.15307,0,16.6255,7.57664,0,3400,45294980930
36.8983,27.1015,63.5,0,100,95,76,1582,3504,2.15307,0,16.6255,7.57664,0,3400,45322084021
71.4299,13.9997,63.5,0,100,95,76,1582,3504,2.15307,0,16.6255,7.57664,0,3400,45336084102
51.2599,19.5084,63.5,0,100,95,76,1582,3504,2.15307,0,16.6255,7.57664,0,3400,45355594746
44.6014,22.4208,63.5,0,100,95,76,1582,3504,2.15307,0,16.6255,7.57664,0,3400,45378017356
46.6731,21.4256,63.5,0,100,95,76,1582,3504,2.15307,0,16.6255,7.57664,0,3400,45399444116
58.4801,17.0998,63.5,0,100,95,76,1582,3504,2.15307,0,16.6255,7.57664,0,3400,45416544623
45.1061,22.1699,63.5,0,100,95,76,1582,3504,2.15307,0,16.6255,7.57664,0,3400,45438716435
54.1133,18.4797,63.5,0,100,95,76,1582,3504,2.15307,0,16.6255,7.57664,0,3400,45457196816
46.3631,21.5689,63.5,0,100,95,76,1582,3504,2.15307,0,16.6255,7.57664,0,3400,45478767235
49.184,20.3318,63.5,0,100,95,76,1582,3504,2.15307,0,16.6255,7.57664,0,3400,45499101128
50.2429,19.9033,63.5,0,100,95,76,1582,3504,2.15307,0,16.6255,7.57664,0,3400,45519005794
46.0585,21.7115,63.5,0,100,95,76,1582,3504,2.15307,0,16.6255,7.57664,0,3400,45540720377
48.1227,20.7802,73.1343,0,100,91,76,1562,3504,2.15226,0,16.6454,7.57664,0,3400,45561499936
47.7734,20.9322,73.1343,0,100,91,76,1562,3504,2.15226,0,16.6454,7.57664,0,3400,45582432775
57.09,17.5162,73.1343,0,100,91,76,1562,3504,2.15226,0,16.6454,7.57664,0,3400,45599951381
22.4424,44.5585,73.1343,0,100,91,76,1562,3504,2.15226,0,16.6454,7.57664,0,3400,45644511116
114.984,8.6969,73.1343,0,100,91,76,1562,3504,2.15226,0,16.6454,7.57664,0,3400,45653209166
54.682,18.2876,73.1343,0,100,91,76,1562,3504,2.15226,0,16.6454,7.57664,0,3400,45671497348
45.986,21.7458,73.1343,0,100,91,76,1562,3504,2.15226,0,16.6454,7.57664,0,3400,45693252859
51.4916,19.4206,73.1343,0,100,91,76,1562,3504,2.15226,0,16.6454,7.57664,0,3400,45712665990
48.8898,20.4542,73.1343,0,100,91,76,1562,3504,2.15226,0,16.6454,7.57664,0,3400,45733121474
53.8633,18.5655,73.1343,0,100,91,76,1562,3504,2.15226,0,16.6454,7.57664,0,3400,45751688579
47.8216,20.911,73.1343,0,100,91,76,1562,3504,2.15226,0,16.6454,7.57664,0,3400,45772600366
48.033,20.819,73.1343,0,100,91,76,1562,3504,2.15226,0,16.6454,7.57664,0,3400,45793421459
48.644,20.5575,73.1343,0,100,91,76,1562,3504,2.15226,0,16.6454,7.57664,0,3400,45813979368
48.5432,20.6002,73.1343,0,100,91,76,1562,3504,2.15226,0,16.6454,7.57664,0,3400,45834581660
49.5114,20.1974,73.1343,0,100,91,76,1562,3504,2.15226,0,16.6454,7.57664,0,3400,45854779934
39.0388,25.6155,73.1343,0,100,91,76,1562,3504,2.15226,0,16.6454,7.57664,0,3400,45880396682
60.7453,16.4622,73.1343,0,100,91,76,1562,3504,2.15226,0,16.6454,7.57664,0,3400,45896859956
49.3617,20.2586,73.1343,0,100,91,76,1562,3504,2.15226,0,16.6454,7.57664,0,3400,45917120406
49.5178,20.1947,73.1343,0,100,91,76,1562,3504,2.15226,0,16.6454,7.57664,0,3400,45937315189
50.0252,19.9899,73.1343,0,100,91,76,1562,3504,2.15226,0,16.6454,7.57664,0,3400,45957329544
46.4627,21.5227,73.1343,0,100,91,76,1562,3504,2.15226,0,16.6454,7.57664,0,3400,45978836687
47.4767,21.063,73.1343,0,100,91,76,1562,3504,2.15226,0,16.6454,7.57664,0,3400,45999900748
52.9993,18.8682,73.1343,0,100,91,76,1562,3504,2.15226,0,16.6454,7.57664,0,3400,46018770631
47.0318,21.2622,73.1343,0,100,91,76,1562,3504,2.15226,0,16.6454,7.57664,0,3400,46040033816
49.0259,20.3974,73.1343,0,100,91,76,1562,3504,2.15226,0,16.6454,7.57664,0,3400,46060438628
46.5651,21.4753,60.9337,0,100,91,77,1644,3504,2.15216,0,16.6457,7.57664,0,3400,46081909022
50.2695,19.8928,60.9337,0,100,91,77,1644,3504,2.15216,0,16.6457,7.57664,0,3400,46101803057
52.5902,19.015,60.9337,0,100,91,77,1644,3504,2.15216,0,16.6457,7.57664,0,3400,46120820369
39.7461,25.1597,60.9337,0,100,91,77,1644,3504,2.15216,0,16.6457,7.57664,0,3400,46145980345
62.9431,15.8874,60.9337,0,100,91,77,1644,3504,2.15216,0,16.6457,7.57664,0,3400,46161869197
46.7926,21.3709,60.9337,0,100,91,77,1644,3504,2.15216,0,16.6457,7.57664,0,3400,46183241607
47.8597,20.8944,60.9337,0,100,91,77,1644,3504,2.15216,0,16.6457,7.57664,0,3400,46204136794
53.3563,18.7419,60.9337,0,100,91,77,1644,3504,2.15216,0,16.6457,7.57664,0,3400,46222879756
45.8549,21.8079,60.9337,0,100,91,77,1644,3504,2.15216,0,16.6457,7.57664,0,3400,46244688683
45.5234,21.9667,60.9337,0,100,91,77,1644,3504,2.15216,0,16.6457,7.57664,0,3400,46266655063
50.9566,19.6246,60.9337,0,100,91,77,1644,3504,2.15216,0,16.6457,7.57664,0,3400,46286281946
54.6873,18.2858,60.9337,0,100,91,77,1644,3504,2.15216,0,16.6457,7.57664,0,3400,46304568987
42.3806,23.5957,60.9337,0,100,91,77,1644,3504,2.15216,0,16.6457,7.57664,0,3400,46328165460
48.5842,20.5828,60.9337,0,100,91,77,1644,3504,2.15216,0,16.6457,7.57664,0,3400,46348749970
45.1772,22.1351,60.9337,0,100,91,77,1644,3504,2.15216,0,16.6457,7.57664,0,3400,46370887341
59.9536,16.6796,60.9337,0,100,91,77,1644,3504,2.15216,0,16.6457,7.57664,0,3400,46387567781
45.9275,21.7735,60.9337,0,100,91,77,1644,3504,2.15216,0,16.6457,7.57664,0,3400,46409343091
49.7395,20.1047,60.9337,0,100,91,77,1644,3504,2.15216,0,16.6457,7.57664,0,3400,46429449782
46.255,21.6193,60.9337,0,100,91,77,1644,3504,2.15216,0,16.6457,7.57664,0,3400,46451070401
49.4396,20.2267,60.9337,0,100,91,77,1644,3504,2.15216,0,16.6457,7.57664,0,3400,46471298529
31.9914,31.2584,60.9337,0,100,91,77,1644,3504,2.15216,0,16.6457,7.57664,0,3400,46502558679
66.0574,15.1383,60.9337,0,100,91,77,1644,3504,2.15216,0,16.6457,7.57664,0,3400,46517697044
60.6444,16.4896,60.9337,0,100,91,77,1644,3504,2.15216,0,16.6457,7.57664,0,3400,46534187769
48.9761,20.4181,60.9337,0,100,91,77,1644,3504,2.15216,0,16.6457,7.57664,0,3400,46554607643
50.8432,19.6683,60.9337,0,100,91,77,1644,3504,2.15216,0,16.6457,7.57664,0,3400,46574284512
53.9874,18.5229,65.9314,0,98,93,77,1657,3504,2.15179,0,16.6399,7.57664,0,3400,46592800581
47.3145,21.1352,65.9314,0,98,93,77,1657,3504,2.15179,0,16.6399,7.57664,0,3400,46613937268
45.2,22.1239,65.9314,0,98,93,77,1657,3504,2.15179,0,16.6399,7.57664,0,3400,46636062344
45.891,21.7908,65.9314,0,98,93,77,1657,3504,2.15179,0,16.6399,7.57664,0,3400,46657854146
50.8413,19.669,65.9314,0,98,93,77,1657,3504,2.15179,0,16.6399,7.57664,0,3400,46677524095
48.8543,20.469,65.9314,0,98,93,77,1657,3504,2.15179,0,16.6399,7.57664,0,3400,46697995612
50.1967,19.9216,65.9314,0,98,93,77,1657,3504,2.15179,0,16.6399,7.57664,0,3400,46717918592
41.2911,24.2183,65.9314,0,98,93,77,1657,3504,2.15179,0,16.6399,7.57664,0,3400,46742137263
58.6922,17.038,65.9314,0,98,93,77,1657,3504,2.15179,0,16.6399,7.57664,0,3400,46759177457
41.773,23.9389,65.9314,0,98,93,77,1657,3504,2.15179,0,16.6399,7.57664,0,3400,46783118701
58.5988,17.0652,65.9314,0,98,93,77,1657,3504,2.15179,0,16.6399,7.57664,0,3400,46800185399
41.6597,24.004,65.9314,0,98,93,77,1657,3504,2.15179,0,16.6399,7.57664,0,3400,46824189677
55.0363,18.1698,65.9314,0,98,93,77,1657,3504,2.15179,0,16.6399,7.57664,0,3400,46842362295
46.1461,21.6703,65.9314,0,98,93,77,1657,3504,2.15179,0,16.6399,7.57664,0,3400,46864034098
38.3907,26.048,65.9314,0,98,93,77,1657,3504,2.15179,0,16.6399,7.57664,0,3400,46890083608
66.372,15.0666,65.9314,0,98,93,77,1657,3504,2.15179,0,16.6399,7.57664,0,3400,46905151268
45.9977,21.7402,65.9314,0,98,93,77,1657,3504,2.15179,0,16.6399,7.57664,0,3400,46926892186
49.4785,20.2108,65.9314,0,98,93,77,1657,3504,2.15179,0,16.6399,7.57664,0,3400,46947104450
49.0944,20.3689,65.9314,0,98,93,77,1657,3504,2.15179,0,16.6399,7.57664,0,3400,46967474385
49.031,20.3952,65.9314,0,98,93,77,1657,3504,2.15179,0,16.6399,7.57664,0,3400,46987870678
44.1019,22.6748,65.9314,0,98,93,77,1657,3504,2.15179,0,16.6399,7.57664,0,3400,47010547172
43.7823,22.8403,65.9314,0,98,93,77,1657,3504,2.15179,0,16.6399,7.57664,0,3400,47033387979
54.4276,18.373,65.9314,0,98,93,77,1657,3504,2.15179,0,16.6399,7.57664,0,3400,47051762649
53.4101,18.723,65.9314,0,98,93,77,1657,3504,2.15179,0,16.6399,7.57664,0,3400,47070487122
38.6605,25.8662,65.9314,0,98,93,77,1657,3504,2.15179,0,16.6399,7.57664,0,3400,47096410541
48.2413,20.7291,62.9808,0,100,93,78,1657,3504,2.15031,0,16.6549,7.57664,0,3400,47117085402
55.3313,18.073,62.9808,0,100,93,78,1657,3504,2.15031,0,16.6549,7.57664,0,3400,47135159961
44.987,22.2286,62.9808,0,100,93,78,1657,3504,2.15031,0,16.6549,7.57664,0,3400,47157389598
50.416,19.835,62.9808,0,100,93,78,1657,3504,2.15031,0,16.6549,7.57664,0,3400,47177225818
43.8139,22.8238,62.9808,0,100,93,78,1657,3504,2.15031,0,16.6549,7.57664,0,3400,47200050727
54.0645,18.4964,62.9808,0,100,93,78,1657,3504,2.15031,0,16.6549,7.57664,0,3400,47218548557
46.7356,21.397,62.9808,0,100,93,78,1657,3504,2.15031,0,16.6549,7.57664,0,3400,47239947954
42.1923,23.701,62.9808,0,100,93,78,1657,3504,2.15031,0,16.6549,7.57664,0,3400,47263649716
48.6974,20.535,62.9808,0,100,93,78,1657,3504,2.15031,0,16.6549,7.57664,0,3400,47284185990
48.6265,20.5649,62.9808,0,100,93,78,1657,3504,2.15031,0,16.6549,7.57664,0,3400,47304750967
47.3877,21.1025,62.9808,0,100,93,78,1657,3504,2.15031,0,16.6549,7.57664,0,3400,47325855668
47.9918,20.8369,62.9808,0,100,93,78,1657,3504,2.15031,0,16.6549,7.57664,0,3400,47346694148
48.0949,20.7922,62.9808,0,100,93,78,1657,3504,2.15031,0,16.6549,7.57664,0,3400,47367487724
50.6851,19.7297,62.9808,0,100,93,78,1657,3504,2.15031,0,16.6549,7.57664,0,3400,47387218275
42.5073,23.5254,62.9808,0,100,93,78,1657,3504,2.15031,0,16.6549,7.57664,0,3400,47410745699
45.0863,22.1797,62.9808,0,100,93,78,1657,3504,2.15031,0,16.6549,7.57664,0,3400,47432926493
55.1344,18.1375,62.9808,0,100,93,78,1657,3504,2.15031,0,16.6549,7.57664,0,3400,47451065856
32.3893,30.8744,62.9808,0,100,93,78,1657,3504,2.15031,0,16.6549,7.57664,0,3400,47481940608
63.2916,15.7999,62.9808,0,100,93,78,1657,3504,2.15031,0,16.6549,7.57664,0,3400,47497797620
51.8769,19.2764,62.9808,0,100,93,78,1657,3504,2.15031,0,16.6549,7.57664,0,3400,47517074548
47.3143,21.1353,62.9808,0,100,93,78,1657,3504,2.15031,0,16.6549,7.57664,0,3400,47538212532
49.601,20.1609,62.9808,0,100,93,78,1657,3504,2.15031,0,16.6549,7.57664,0,3400,47558375350
44.479,22.4825,62.9808,0,100,93,78,1657,3504,2.15031,0,16.6549,7.57664,0,3400,47580859357
53.2045,18.7954,62.9808,0,100,93,78,1657,3504,2.15031,0,16.6549,7.57664,0,3400,47599663025
38.3111,26.1021,64.5885,0,100,89,78,1654,3504,2.1381,0,16.6551,7.57664,0,3406,47625759679
54.7021,18.2808,64.5885,0,100,89,78,1654,3504,2.1381,0,16.6551,7.57664,0,3406,47644041419
51.8802,19.2752,64.5885,0,100,89,78,1654,3504,2.1381,0,16.6551,7.57664,0,3406,47663317287
42.7841,23.3732,64.5885,0,100,89,78,1654,3504,2.1381,0,16.6551,7.57664,0,3406,47686692504
50.6657,19.7372,64.5885,0,100,89,78,1654,3504,2.1381,0,16.6551,7.57664,0,3406,47706432187
39.0203,25.6277,64.5885,0,100,89,78,1654,3504,2.1381,0,16.6551,7.57664,0,3406,47732059995
49.6074,20.1583,64.5885,0,100,89,78,1654,3504,2.1381,0,16.6551,7.57664,0,3406,47752220638
57.6238,17.3539,64.5885,0,100,89,78,1654,3504,2.1381,0,16.6551,7.57664,0,3406,47769575042
44.4511,22.4966,64.5885,0,100,89,78,1654,3504,2.1381,0,16.6551,7.57664,0,3406,47792073560
42.5707,23.4904,64.5885,0,100,89,78,1654,3504,2.1381,0,16.6551,7.57664,0,3406,47815565208
41.952,23.8368,64.5885,0,100,89,78,1654,3504,2.1381,0,16.6551,7.57664,0,3406,47839402788
31.1856,32.066,64.5885,0,100,89,78,1654,3504,2.1381,0,16.6551,7.57664,0,3406,47871471682
36.8227,27.1571,64.5885,0,100,89,78,1654,3504,2.1381,0,16.6551,7.57664,0,3406,47898629802
22.1232,45.2015,64.5885,0,100,89,78,1654,3504,2.1381,0,16.6551,7.57664,0,3406,47943836009
49.1795,20.3337,64.5885,0,100,89,78,1654,3504,2.1381,0,16.6551,7.57664,0,3406,47964170083
79.0247,12.6543,64.5885,0,100,89,78,1654,3504,2.1381,0,16.6551,7.57664,0,3406,47976823333
59.0022,16.9485,64.5885,0,100,89,78,1654,3504,2.1381,0,16.6551,7.57664,0,3406,47993775016
35.9176,27.8415,64.5885,0,100,89,78,1654,3504,2.1381,0,16.6551,7.57664,0,3406,48021616265
59.5354,16.7967,64.5885,0,100,89,78,1654,3504,2.1381,0,16.6551,7.57664,0,3406,48038414724
47.6091,21.0044,64.5885,0,100,89,78,1654,3504,2.1381,0,16.6551,7.57664,0,3406,48059419613
56.8816,17.5804,64.5885,0,100,89,78,1654,3504,2.1381,0,16.6551,7.57664,0,3406,48077001099
41.7912,23.9285,64.5885,0,100,89,78,1654,3504,2.1381,0,16.6551,7.57664,0,3406,48100934050
47.2811,21.1501,69.8734,0,100,89,78,1654,3504,2.11998,0,16.6064,7.57664,0,3400,48122082880
49.0168,20.4012,69.8734,0,100,89,78,1654,3504,2.11998,0,16.6064,7.57664,0,3400,48142485181
27.3599,36.5498,69.8734,0,100,89,78,1654,3504,2.11998,0,16.6064,7.57664,0,3400,48179036914
128.853,7.76077,69.8734,0,100,89,78,1654,3504,2.11998,0,16.6064,7.57664,0,3400,48186798828
47.2509,21.1636,69.8734,0,100,89,78,1654,3504,2.11998,0,16.6064,7.57664,0,3400,48207962913
40.0312,24.9805,69.8734,0,100,89,78,1654,3504,2.11998,0,16.6064,7.57664,0,3400,48232944643
50.7615,19.7,69.8734,0,100,89,78,1654,3504,2.11998,0,16.6064,7.57664,0,3400,48252646709
50.571,19.7742,69.8734,0,100,89,78,1654,3504,2.11998,0,16.6064,7.57664,0,3400,48272422007
44.4768,22.4836,69.8734,0,100,89,78,1654,3504,2.11998,0,16.6064,7.57664,0,3400,48294907270
47.1219,21.2216,69.8734,0,100,89,78,1654,3504,2.11998,0,16.6064,7.57664,0,3400,48316129964
42.7488,23.3925,69.8734,0,100,89,78,1654,3504,2.11998,0,16.6064,7.57664,0,3400,48339525700
49.9081,20.0368,69.8734,0,100,89,78,1654,3504,2.11998,0,16.6064,7.57664,0,3400,48359561686
48.189,20.7516,69.8734,0,100,89,78,1654,3504,2.11998,0,16.6064,7.57664,0,3400,48380314717
48.951,20.4286,69.8734,0,100,89,78,1654,3504,2.11998,0,16.6064,7.57664,0,3400,48400745245
41.555,24.0645,69.8734,0,100,89,78,1654,3504,2.11998,0,16.6064,7.57664,0,3400,48424812110
44.8368,22.3031,69.8734,0,100,89,78,1654,3504,2.11998,0,16.6064,7.57664,0,3400,48447116840
48.5627,20.592,69.8734,0,100,89,78,1654,3504,2.11998,0,16.6064,7.57664,0,3400,48467709470
39.7422,25.1622,69.8734,0,100,89,78,1654,3504,2.11998,0,16.6064,7.57664,0,3400,48492872253
35.3759,28.2679,69.8734,0,100,89,78,1654,3504,2.11998,0,16.6064,7.57664,0,3400,48521140817
67.3961,14.8376,69.8734,0,100,89,78,1654,3504,2.11998,0,16.6064,7.57664,0,3400,48535979963
48.8382,20.4758,69.8734,0,100,89,78,1654,3504,2.11998,0,16.6064,7.57664,0,3400,48556456829
47.2465,21.1656,69.8734,0,100,89,78,1654,3504,2.11998,0,16.6064,7.57664,0,3400,48577624070
50.8338,19.6719,69.8734,0,100,89,78,1654,3504,2.11998,0,16.6064,7.57664,0,3400,48597299302
45.7304,21.8673,69.8734,0,100,89,78,1654,3504,2.11998,0,16.6064,7.57664,0,3400,48619173324
39.731,25.1692,67.9012,0,96,93,79,1685,3504,2.12702,0,16.5558,7.57664,0,3400,48644336422
56.4774,17.7062,67.9012,0,96,93,79,1685,3504,2.12702,0,16.5558,7.57664,0,3400,48662044265
45.5919,21.9337,67.9012,0,96,93,79,1685,3504,2.12702,0,16.5558,7.57664,0,3400,48683979313
44.7655,22.3386,67.9012,0,96,93,79,1685,3504,2.12702,0,16.5558,7.57664,0,3400,48706319060
48.6164,20.5692,67.9012,0,96,93,79,1685,3504,2.12702,0,16.5558,7.57664,0,3400,48726904784
36.4124,27.4632,67.9012,0,96,93,79,1685,3504,2.12702,0,16.5558,7.57664,0,3400,48754354419
41.0297,24.3726,67.9012,0,96,93,79,1685,3504,2.12702,0,16.5558,7.57664,0,3400,48778728046
61.5448,16.2483,67.9012,0,96,93,79,1685,3504,2.12702,0,16.5558,7.57664,0,3400,48794976818
41.9474,23.8394,67.9012,0,96,93,79,1685,3504,2.12702,0,16.5558,7.57664,0,3400,48818817136
53.374,18.7357,67.9012,0,96,93,79,1685,3504,2.12702,0,16.5558,7.57664,0,3400,48837555123
42.1398,23.7306,67.9012,0,96,93,79,1685,3504,2.12702,0,16.5558,7.57664,0,3400,48861286486
54.2347,18.4384,67.9012,0,96,93,79,1685,3504,2.12702,0,16.5558,7.57664,0,3400,48879725642
41.2394,24.2487,67.9012,0,96,93,79,1685,3504,2.12702,0,16.5558,7.57664,0,3400,48903975306
51.1596,19.5467,67.9012,0,96,93,79,1685,3504,2.12702,0,16.5558,7.57664,0,3400,48923524946
39.8584,25.0888,67.9012,0,96,93,79,1685,3504,2.12702,0,16.5558,7.57664,0,3400,48948613503
51.9204,19.2602,67.9012,0,96,93,79,1685,3504,2.12702,0,16.5558,7.57664,0,3400,48967874125
44.0608,22.6959,67.9012,0,96,93,79,1685,3504,2.12702,0,16.5558,7.57664,0,3400,48990590171
43.0166,23.2469,67.9012,0,96,93,79,1685,3504,2.12702,0,16.5558,7.57664,0,3400,49013821657
48.0182,20.8254,67.9012,0,96,93,79,1685,3504,2.12702,0,16.5558,7.57664,0,3400,49034647363
42.9163,23.3012,67.9012,0,96,93,79,1685,3504,2.12702,0,16.5558,7.57664,0,3400,49057950437
43.5778,22.9475,67.9012,0,96,93,79,1685,3504,2.12702,0,16.5558,7.57664,0,3400,49080898845
52.0282,19.2204,67.9012,0,96,93,79,1685,3504,2.12702,0,16.5558,7.57664,0,3400,49100121812
42.5334,23.511,67.9012,0,96,93,79,1685,3504,2.12702,0,16.5558,7.57664,0,3400,49123896916
41.6404,24.0152,62.6263,0,96,93,79,1685,3504,2.12702,0,16.4545,7.57664,0,3414,49147648417
47.9618,20.8499,62.6263,0,96,93,79,1685,3504,2.12702,0,16.4545,7.57664,0,3414,49168500483
40.3863,24.7609,62.6263,0,96,93,79,1685,3504,2.12702,0,16.4545,7.57664,0,3414,49193262269
47.8508,20.8983,62.6263,0,96,93,79,1685,3504,2.12702,0,16.4545,7.57664,0,3414,49214160868
53.7572,18.6021,62.6263,0,96,93,79,1685,3504,2.12702,0,16.4545,7.57664,0,3414,49232764428
38.5891,25.9141,62.6263,0,96,93,79,1685,3504,2.12702,0,16.4545,7.57664,0,3414,49258680775
49.7269,20.1098,62.6263,0,96,93,79,1685,3504,2.12702,0,16.4545,7.57664,0,3414,49278792247
41.8383,23.9015,62.6263,0,96,93,79,1685,3504,2.12702,0,16.4545,7.57664,0,3414,49302695702
48.5948,20.5783,62.6263,0,96,93,79,1685,3504,2.12702,0,16.4545,7.57664,0,3414,49323274224
47.9774,20.8431,62.6263,0,96,93,79,1685,3504,2.12702,0,16.4545,7.57664,0,3414,49344117957
37.9803,26.3295,62.6263,0,96,93,79,1685,3504,2.12702,0,16.4545,7.57664,0,3414,49370449228
43.0093,23.2508,62.6263,0,96,93,79,1685,3504,2.12702,0,16.4545,7.57664,0,3414,49393700192
53.2159,18.7914,62.6263,0,96,93,79,1685,3504,2.12702,0,16.4545,7.57664,0,3414,49412495942
48.7728,20.5032,62.6263,0,96,93,79,1685,3504,2.12702,0,16.4545,7.57664,0,3414,49432998701
40.7616,24.5329,62.6263,0,96,93,79,1685,3504,2.12702,0,16.4545,7.57664,0,3414,49457532510
37.9047,26.382,62.6263,0,96,93,79,1685,3504,2.12702,0,16.4545,7.57664,0,3414,49483915345
52.6249,19.0024,62.6263,0,96,93,79,1685,3504,2.12702,0,16.4545,7.57664,0,3414,49502918933
43.8018,22.8301,62.6263,0,96,93,79,1685,3504,2.12702,0,16.4545,7.57664,0,3414,49525750578
47.7245,20.9536,62.6263,0,96,93,79,1685,3504,2.12702,0,16.4545,7.57664,0,3414,49546705093
46.2265,21.6326,62.6263,0,96,93,79,1685,3504,2.12702,0,16.4545,7.57664,0,3414,49568339457
46.5736,21.4714,62.6263,0,96,93,79,1685,3504,2.12702,0,16.4545,7.57664,0,3414,49589812270
39.0538,25.6057,62.6263,0,96,93,79,1685,3504,2.12702,0,16.4545,7.57664,0,3414,49615419884
37.8307,26.4335,62.6263,0,96,93,79,1685,3504,2.12702,0,16.4545,7.57664,0,3414,49641856468
51.0196,19.6003,72.1675,0,100,95,80,1683,3504,2.13014,0,16.4652,7.57664,0,3402,49661456598
42.3957,23.5873,72.1675,0,100,95,80,1683,3504,2.13014,0,16.4652,7.57664,0,3402,49685044506
36.189,27.6327,72.1675,0,100,95,80,1683,3504,2.13014,0,16.4652,7.57664,0,3402,49712678690
47.637,20.9921,72.1675,0,100,95,80,1683,3504,2.13014,0,16.4652,7.57664,0,3402,49733671074
38.3039,26.107,72.1675,0,100,95,80,1683,3504,2.13014,0,16.4652,7.57664,0,3402,49759782977
42.6151,23.4659,72.1675,0,100,95,80,1683,3504,2.13014,0,16.4652,7.57664,0,3402,49783247948
36.048,27.7408,72.1675,0,100,95,80,1683,3504,2.13014,0,16.4652,7.57664,0,3402,49810989038
40.4286,24.735,72.1675,0,100,95,80,1683,3504,2.13014,0,16.4652,7.57664,0,3402,49835725217
40.4433,24.726,72.1675,0,100,95,80,1683,3504,2.13014,0,16.4652,7.57664,0,3402,49860452501
38.9044,25.704,72.1675,0,100,95,80,1683,3504,2.13014,0,16.4652,7.57664,0,3402,49886158103
41.4848,24.1052,72.1675,0,100,95,80,1683,3504,2.13014,0,16.4652,7.57664,0,3402,49910264634
28.4968,35.0916,72.1675,0,100,95,80,1683,3504,2.13014,0,16.4652,7.57664,0,3402,49945357484
45.8818,21.7951,72.1675,0,100,95,80,1683,3504,2.13014,0,16.4652,7.57664,0,3402,49967154150
17.19,58.1732,72.1675,0,100,95,80,1683,3504,2.13014,0,16.4652,7.57664,0,3402,50025328333
33.0637,30.2447,72.1675,0,100,95,80,1683,3504,2.13014,0,16.4652,7.57664,0,3402,50055574472
37.0964,26.9568,72.1675,0,100,95,80,1683,3504,2.13014,0,16.4652,7.57664,0,3402,50082533711
34.6309,28.876,72.1675,0,100,95,80,1683,3504,2.13014,0,16.4652,7.57664,0,3402,50111411433
34.5843,28.9149,72.1675,0,100,95,80,1683,3504,2.13014,0,16.4652,7.57664,0,3402,50140327154
23.155,43.1872,72.1675,0,100,95,80,1683,3504,2.13014,0,16.4652,7.57664,0,3402,50183538623
31.1511,32.1016,72.0657,0,100,95,79,1648,3504,2.13171,0,16.4836,7.57664,0,1936,50215618380
27.6859,36.1194,72.0657,0,100,95,79,1648,3504,2.13171,0,16.4836,7.57664,0,1936,50251738934
29.3377,34.0858,72.0657,0,100,95,79,1648,3504,2.13171,0,16.4836,7.57664,0,1936,50285846182
22.4807,44.4827,72.0657,0,100,95,79,1648,3504,2.13171,0,16.4836,7.57664,0,1936,50330309804
159.798,6.2579,72.0657,0,100,95,79,1648,3504,2.13171,0,16.4836,7.57664,0,1936,50336590772
24.6933,40.4969,72.0657,0,100,95,79,1648,3504,2.13171,0,16.4836,7.57664,0,1936,50377089085
40.0918,24.9428,72.0657,0,100,95,79,1648,3504,2.13171,0,16.4836,7.57664,0,1936,50402032923
27.0835,36.9228,72.0657,0,100,95,79,1648,3504,2.13171,0,16.4836,7.57664,0,1936,50438956376
65.4813,15.2715,72.0657,0,100,95,79,1648,3504,2.13171,0,16.4836,7.57664,0,1936,50454249413
32.4466,30.8199,72.0657,0,100,95,79,1648,3504,2.13171,0,16.4836,7.57664,0,1936,50485049835
34.5635,28.9322,72.0657,0,100,95,79,1648,3504,2.13171,0,16.4836,7.57664,0,1936,50514005397
24.2383,41.257,72.0657,0,100,95,79,1648,3504,2.13171,0,16.4836,7.57664,0,1936,50555241935
33.4585,29.8878,72.0657,0,100,95,79,1648,3504,2.13171,0,16.4836,7.57664,0,1936,50585131214
13.6027,73.5148,72.0657,0,100,95,79,1648,3504,2.13171,0,16.4836,7.57664,0,1936,50658645995
21.152,47.2769,72.0657,0,100,95,79,1648,3504,2.13171,0,16.4836,7.57664,0,1936,50705929433
22.7171,44.0197,90.9739,0,93,86,76,1432,3504,2.13307,0,16.4839,7.57664,0,1725,50749945316
27.017,37.0137,90.9739,0,93,86,76,1432,3504,2.13307,0,16.4839,7.57664,0,1725,50786960821
13.7827,72.555,90.9739,0,93,86,76,1432,3504,2.13307,0,16.4839,7.57664,0,1725,50859538511
46.0076,21.7356,90.9739,0,93,86,76,1432,3504,2.13307,0,16.4839,7.57664,0,1725,50881254113
65.0515,15.3724,90.9739,0,93,86,76,1432,3504,2.13307,0,16.4839,7.57664,0,1725,50896648442
17.3227,57.7277,90.9739,0,93,86,76,1432,3504,2.13307,0,16.4839,7.57664,0,1725,50954377281
50.2867,19.886,90.9739,0,93,86,76,1432,3504,2.13307,0,16.4839,7.57664,0,1725,50974264216
20.3295,49.1897,90.9739,0,93,86,76,1432,3504,2.13307,0,16.4839,7.57664,0,1725,51023456745
21.0009,47.6169,90.9739,0,93,86,76,1432,3504,2.13307,0,16.4839,7.57664,0,1725,51071073355
37.0489,26.9914,90.9739,0,93,86,76,1432,3504,2.13307,0,16.4839,7.57664,0,1725,51098067409
25.9587,38.5227,90.9739,0,93,86,76,1432,3504,2.13307,0,16.4839,7.57664,0,1725,51136612102
33.7879,29.5964,90.9739,0,93,86,76,1432,3504,2.13307,0,16.4839,7.57664,0,1725,51166188008
28.73,34.8068,90.9739,0,93,86,76,1432,3504,2.13307,0,16.4839,7.57664,0,1725,51200996275
36.6738,27.2675,90.9739,0,93,86,76,1432,3504,2.13307,0,16.4839,7.57664,0,1725,51228289764
12.8318,77.9314,84.3137,0,93,86,76,1432,3504,2.13307,0,16.5101,7.57664,0,1733,51306220169
183.87,5.43863,84.3137,0,93,86,76,1432,3504,2.13307,0,16.5101,7.57664,0,1733,51311658219
21.3527,46.8324,84.3137,0,93,86,76,1432,3504,2.13307,0,16.5101,7.57664,0,1733,51358493481
17.6145,56.7714,84.3137,0,93,86,76,1432,3504,2.13307,0,16.5101,7.57664,0,1733,51415286736
30.5103,32.7758,84.3137,0,93,86,76,1432,3504,2.13307,0,16.5101,7.57664,0,1733,51448041858
27.6239,36.2006,84.3137,0,93,86,76,1432,3504,2.13307,0,16.5101,7.57664,0,1733,51484243550
46.4246,21.5403,84.3137,0,93,86,76,1432,3504,2.13307,0,16.5101,7.57664,0,1733,51505806708
31.2615,31.9882,84.3137,0,93,86,76,1432,3504,2.13307,0,16.5101,7.57664,0,1733,51537775073
44.4231,22.5108,84.3137,0,93,86,76,1432,3504,2.13307,0,16.5101,7.57664,0,1733,51560308150
53.7456,18.6062,84.3137,0,93,86,76,1432,3504,2.13307,0,16.5101,7.57664,0,1733,51578916957
48.7973,20.4929,84.3137,0,93,86,76,1432,3504,2.13307,0,16.5101,7.57664,0,1733,51599411651
29,34.4827,84.3137,0,93,86,76,1432,3504,2.13307,0,16.5101,7.57664,0,1733,51633894578
40.4577,24.7172,84.3137,0,93,86,76,1432,3504,2.13307,0,16.5101,7.57664,0,1733,51658612877
30.9927,32.2657,84.3137,0,93,86,76,1432,3504,2.13307,0,16.5101,7.57664,0,1733,51690879716
47.7623,20.937,84.3137,0,93,86,76,1432,3504,2.13307,0,16.5101,7.57664,0,1733,51711817944
33.8125,29.5749,84.3137,0,93,86,76,1432,3504,2.13307,0,16.5101,7.57664,0,1733,51741428355
29.2924,34.1385,83.9196,0,66,85,74,1524,3504,2.13367,0,16.5058,7.57664,0,1752,51775555317
28.3385,35.2877,83.9196,0,66,85,74,1524,3504,2.13367,0,16.5058,7.57664,0,1752,51810845485
25.2168,39.656,83.9196,0,66,85,74,1524,3504,2.13367,0,16.5058,7.57664,0,1752,51850524477
71.6113,13.9643,83.9196,0,66,85,74,1524,3504,2.13367,0,16.5058,7.57664,0,1752,51864511069
26.943,37.1154,83.9196,0,66,85,74,1524,3504,2.13367,0,16.5058,7.57664,0,1752,51901608246
58.4049,17.1219,83.9196,0,66,85,74,1524,3504,2.13367,0,16.5058,7.57664,0,1752,51918749986
40.9155,24.4406,83.9196,0,66,85,74,1524,3504,2.13367,0,16.5058,7.57664,0,1752,51943170110
34.8931,28.6589,83.9196,0,66,85,74,1524,3504,2.13367,0,16.5058,7.57664,0,1752,51971831208
28.8128,34.7068,83.9196,0,66,85,74,1524,3504,2.13367,0,16.5058,7.57664,0,1752,52006538535
30.9564,32.3035,83.9196,0,66,85,74,1524,3504,2.13367,0,16.5058,7.57664,0,1752,52038843452
23.9869,41.6895,83.9196,0,66,85,74,1524,3504,2.13367,0,16.5058,7.57664,0,1752,52080534322
29.2685,34.1665,83.9196,0,66,85,74,1524,3504,2.13367,0,16.5058,7.57664,0,1752,52114701533
55.1053,18.1471,83.9196,0,66,85,74,1524,3504,2.13367,0,16.5058,7.57664,0,1752,52132870875
30.5679,32.714,83.9196,0,66,85,74,1524,3504,2.13367,0,16.5058,7.57664,0,1752,52165587089
31.7419,31.5041,83.9196,0,66,85,74,1524,3504,2.13367,0,16.5058,7.57664,0,1752,52197113327
39.3016,25.4443,83.9196,0,66,85,74,1524,3504,2.13367,0,16.5058,7.57664,0,1752,52222560791
19.0932,52.3746,83.9196,0,66,85,74,1524,3504,2.13367,0,16.5058,7.57664,0,1752,52274964390
59.4128,16.8314,82.1429,0,82,85,75,1432,3504,2.13405,0,16.5126,7.57664,0,1746,52291790499
27.9709,35.7514,82.1429,0,82,85,75,1432,3504,2.13405,0,16.5126,7.57664,0,1746,52327521935
37.4696,26.6883,82.1429,0,82,85,75,1432,3504,2.13405,0,16.5126,7.57664,0,1746,52354211473
28.4539,35.1446,82.1429,0,82,85,75,1432,3504,2.13405,0,16.5126,7.57664,0,1746,52389357385
30.25,33.0579,82.1429,0,82,85,75,1432,3504,2.13405,0,16.5126,7.57664,0,1746,52422437373
28.8798,34.6262,82.1429,0,82,85,75,1432,3504,2.13405,0,16.5126,7.57664,0,1746,52457043979
48.0835,20.7971,82.1429,0,82,85,75,1432,3504,2.13405,0,16.5126,7.57664,0,1746,52477842895
37.3786,26.7533,82.1429,0,82,85,75,1432,3504,2.13405,0,16.5126,7.57664,0,1746,52504609720
50.8997,19.6465,82.1429,0,82,85,75,1432,3504,2.13405,0,16.5126,7.57664,0,1746,52524245296
20.5572,48.6447,82.1429,0,82,85,75,1432,3504,2.13405,0,16.5126,7.57664,0,1746,52572911804
54.7338,18.2703,82.1429,0,82,85,75,1432,3504,2.13405,0,16.5126,7.57664,0,1746,52591175431
39.6364,25.2293,82.1429,0,82,85,75,1432,3504,2.13405,0,16.5126,7.57664,0,1746,52616406602
37.534,26.6425,82.1429,0,82,85,75,1432,3504,2.13405,0,16.5126,7.57664,0,1746,52643058618
45.0927,22.1765,82.1429,0,82,85,75,1432,3504,2.13405,0,16.5126,7.57664,0,1746,52665236173
36.2485,27.5874,82.1429,0,82,85,75,1432,3504,2.13405,0,16.5126,7.57664,0,1746,52692824856
35.9709,27.8003,82.1429,0,82,85,75,1432,3504,2.13405,0,16.5126,7.57664,0,1746,52720647534
41.935,23.8464,82.1429,0,82,85,75,1432,3504,2.13405,0,16.5126,7.57664,0,1746,52744495472
36.9942,27.0312,82.1429,0,82,85,75,1432,3504,2.13405,0,16.5126,7.57664,0,1746,52771528409
34.4352,29.04,82.1429,0,82,85,75,1432,3504,2.13405,0,16.5126,7.57664,0,1746,52800596447
27.8576,35.8969,74.6305,0,82,85,75,1432,3504,2.13405,0,16.5084,7.57664,0,1757,52836467797
40.1966,24.8778,74.6305,0,82,85,75,1432,3504,2.13405,0,16.5084,7.57664,0,1757,52861346677
77.9674,12.8259,74.6305,0,82,85,75,1432,3504,2.13405,0,16.5084,7.57664,0,1757,52874174466
34.7019,28.8169,74.6305,0,82,85,75,1432,3504,2.13405,0,16.5084,7.57664,0,1757,52902992226
40.4735,24.7075,74.6305,0,82,85,75,1432,3504,2.13405,0,16.5084,7.57664,0,1757,52927720534
30.6277,32.6502,74.6305,0,82,85,75,1432,3504,2.13405,0,16.5084,7.57664,0,1757,52960351417
48.023,20.8234,74.6305,0,82,85,75,1432,3504,2.13405,0,16.5084,7.57664,0,1757,52981177530
33.975,29.4334,74.6305,0,82,85,75,1432,3504,2.13405,0,16.5084,7.57664,0,1757,53010613253
33.5103,29.8416,74.6305,0,82,85,75,1432,3504,2.13405,0,16.5084,7.57664,0,1757,53040455066
48.8305,20.479,74.6305,0,82,85,75,1432,3504,2.13405,0,16.5084,7.57664,0,1757,53060945625
24.7273,40.4411,74.6305,0,82,85,75,1432,3504,2.13405,0,16.5084,7.57664,0,1757,53101380576
44.0462,22.7034,74.6305,0,82,85,75,1432,3504,2.13405,0,16.5084,7.57664,0,1757,53124108433
46.1508,21.6681,74.6305,0,82,85,75,1432,3504,2.13405,0,16.5084,7.57664,0,1757,53145776424
34.817,28.7216,74.6305,0,82,85,75,1432,3504,2.13405,0,16.5084,7.57664,0,1757,53174477302
46.1534,21.6669,74.6305,0,82,85,75,1432,3504,2.13405,0,16.5084,7.57664,0,1757,53196167399
32.4285,30.8371,74.6305,0,82,85,75,1432,3504,2.13405,0,16.5084,7.57664,0,1757,53226985518
38.4281,26.0226,74.6305,0,82,85,75,1432,3504,2.13405,0,16.5084,7.57664,0,1757,53253010120
44.3544,22.5457,74.6305,0,82,85,75,1432,3504,2.13405,0,16.5084,7.57664,0,1757,53275555257
59.0665,16.9301,74.6305,0,82,85,75,1432,3504,2.13405,0,16.5084,7.57664,0,1757,53292486547
38.8898,25.7137,74.6305,0,82,85,75,1432,3504,2.13405,0,16.5084,7.57664,0,1757,53318203292
38.2323,26.1559,82.439,0,90,85,74,1403,3504,2.13471,0,16.5173,7.57664,0,1730,53344358061
37.8909,26.3916,82.439,0,90,85,74,1403,3504,2.13471,0,16.5173,7.57664,0,1730,53370773947
40.1562,24.9027,82.439,0,90,85,74,1403,3504,2.13471,0,16.5173,7.57664,0,1730,53395655636
33.0616,30.2465,82.439,0,90,85,74,1403,3504,2.13471,0,16.5173,7.57664,0,1730,53425919764
43.2708,23.1103,82.439,0,90,85,74,1403,3504,2.13471,0,16.5173,7.57664,0,1730,53449017101
18.2764,54.7154,82.439,0,90,85,74,1403,3504,2.13471,0,16.5173,7.57664,0,1730,53503732079
58.7385,17.0246,82.439,0,90,85,74,1403,3504,2.13471,0,16.5173,7.57664,0,1730,53520757822
43.8359,22.8123,82.439,0,90,85,74,1403,3504,2.13471,0,16.5173,7.57664,0,1730,53543571619
42.2459,23.6709,82.439,0,90,85,74,1403,3504,2.13471,0,16.5173,7.57664,0,1730,53567256451
38.3867,26.0507,82.439,0,90,85,74,1403,3504,2.13471,0,16.5173,7.57664,0,1730,53593321614
30.334,32.9663,82.439,0,90,85,74,1403,3504,2.13471,0,16.5173,7.57664,0,1730,53626263194
30.7763,32.4925,82.439,0,90,85,74,1403,3504,2.13471,0,16.5173,7.57664,0,1730,53658757091
30.3753,32.9215,82.439,0,90,85,74,1403,3504,2.13471,0,16.5173,7.57664,0,1730,53691680741
55.0366,18.1697,82.439,0,90,85,74,1403,3504,2.13471,0,16.5173,7.57664,0,1730,53709851060
38.4136,26.0324,82.439,0,90,85,74,1403,3504,2.13471,0,16.5173,7.57664,0,1730,53735885338
57.6093,17.3583,82.439,0,90,85,74,1403,3504,2.13471,0,16.5173,7.57664,0,1730,53753244129
28.5717,34.9997,82.439,0,90,85,74,1403,3504,2.13471,0,16.5173,7.57664,0,1730,53788246135
31.6664,31.5792,82.439,0,90,85,74,1403,3504,2.13471,0,16.5173,7.57664,0,1730,53819828450
30.2283,33.0816,75.4522,0,98,85,74,1392,3504,2.13528,0,16.5117,7.57664,0,1810,53852929829
36.0335,27.752,75.4522,0,98,85,74,1392,3504,2.13528,0,16.5117,7.57664,0,1810,53880682891
72.5615,13.7814,75.4522,0,98,85,74,1392,3504,2.13528,0,16.5117,7.57664,0,1810,53894465447
32.6967,30.5841,75.4522,0,98,85,74,1392,3504,2.13528,0,16.5117,7.57664,0,1810,53925042805
32.4735,30.7943,75.4522,0,98,85,74,1392,3504,2.13528,0,16.5117,7.57664,0,1810,53955845880
52.4632,19.061,75.4522,0,98,85,74,1392,3504,2.13528,0,16.5117,7.57664,0,1810,53974908993
35.8879,27.8645,75.4522,0,98,85,74,1392,3504,2.13528,0,16.5117,7.57664,0,1810,54002773983
32.8829,30.4109,75.4522,0,98,85,74,1392,3504,2.13528,0,16.5117,7.57664,0,1810,54033186940
29.0823,34.3852,75.4522,0,98,85,74,1392,3504,2.13528,0,16.5117,7.57664,0,1810,54067594624
93.0257,10.7497,75.4522,0,98,85,74,1392,3504,2.13528,0,16.5117,7.57664,0,1810,54078324868
27.3847,36.5168,75.4522,0,98,85,74,1392,3504,2.13528,0,16.5117,7.57664,0,1810,54114864283
46.7851,21.3743,75.4522,0,98,85,74,1392,3504,2.13528,0,16.5117,7.57664,0,1810,54136259038
33.3882,29.9507,75.4522,0,98,85,74,1392,3504,2.13528,0,16.5117,7.57664,0,1810,54166192151
27.7626,36.0197,75.4522,0,98,85,74,1392,3504,2.13528,0,16.5117,7.57664,0,1810,54202212298
64.2813,15.5566,75.4522,0,98,85,74,1392,3504,2.13528,0,16.5117,7.57664,0,1810,54217791466
34.992,28.578,75.4522,0,98,85,74,1392,3504,2.13528,0,16.5117,7.57664,0,1810,54246391873
34.6261,28.8799,75.4522,0,98,85,74,1392,3504,2.13528,0,16.5117,7.57664,0,1810,54275270817
38.3137,26.1003,75.4522,0,98,85,74,1392,3504,2.13528,0,16.5117,7.57664,0,1810,54301373223
40.9707,24.4077,75.4522,0,98,85,74,1392,3504,2.13528,0,16.5117,7.57664,0,1810,54325784443
39.422,25.3665,81.6121,0,98,85,74,1392,3504,2.13528,0,16.5161,7.57664,0,1766,54351149269
33.1073,30.2048,81.6121,0,98,85,74,1392,3504,2.13528,0,16.5161,7.57664,0,1766,54381355354
27.781,35.9958,81.6121,0,98,85,74,1392,3504,2.13528,0,16.5161,7.57664,0,1766,54417352583
63.0258,15.8665,81.6121,0,98,85,74,1392,3504,2.13528,0,16.5161,7.57664,0,1766,54433221057
27.4559,36.4221,81.6121,0,98,85,74,1392,3504,2.13528,0,16.5161,7.57664,0,1766,54469647731
28.8059,34.7151,81.6121,0,98,85,74,1392,3504,2.13528,0,16.5161,7.57664,0,1766,54504403019
21.0564,47.4914,81.6121,0,98,85,74,1392,3504,2.13528,0,16.5161,7.57664,0,1766,54551853804
32.8525,30.4391,81.6121,0,98,85,74,1392,3504,2.13528,0,16.5161,7.57664,0,1766,54582293544
84.3319,11.8579,81.6121,0,98,85,74,1392,3504,2.13528,0,16.5161,7.57664,0,1766,54594153005
35.2245,28.3893,81.6121,0,98,85,74,1392,3504,2.13528,0,16.5161,7.57664,0,1766,54622564746
37.3822,26.7507,81.6121,0,98,85,74,1392,3504,2.13528,0,16.5161,7.57664,0,1766,54649295560
26.7484,37.3854,81.6121,0,98,85,74,1392,3504,2.13528,0,16.5161,7.57664,0,1766,54686681407
38.9293,25.6876,81.6121,0,98,85,74,1392,3504,2.13528,0,16.5161,7.57664,0,1766,54712370867
40.9026,24.4483,81.6121,0,98,85,74,1392,3504,2.13528,0,16.5161,7.57664,0,1766,54736820572
33.9803,29.4289,81.6121,0,98,85,74,1392,3504,2.13528,0,16.5161,7.57664,0,1766,54766250584
24.6789,40.5205,81.6121,0,98,85,74,1392,3504,2.13528,0,16.5161,7.57664,0,1766,54806836914
39.5881,25.2601,81.6121,0,98,85,74,1392,3504,2.13528,0,16.5161,7.57664,0,1766,54832061263
29.3956,34.0187,80.5128,0,98,84,74,1392,3504,2.13561,0,16.5067,7.57664,0,1746,54866054598
30.7001,32.5732,80.5128,0,98,84,74,1392,3504,2.13561,0,16.5067,7.57664,0,1746,54898627961
30.9788,32.2802,80.5128,0,98,84,74,1392,3504,2.13561,0,16.5067,7.57664,0,1746,54930909294
74.9161,13.3483,80.5128,0,98,84,74,1392,3504,2.13561,0,16.5067,7.57664,0,1746,54944260579
26.1497,38.2414,80.5128,0,98,84,74,1392,3504,2.13561,0,16.5067,7.57664,0,1746,54982503885
28.5031,35.0839,80.5128,0,98,84,74,1392,3504,2.13561,0,16.5067,7.57664,0,1746,55017620794
34.0386,29.3784,80.5128,0,98,84,74,1392,3504,2.13561,0,16.5067,7.57664,0,1746,55046968795
40.1046,24.9348,80.5128,0,98,84,74,1392,3504,2.13561,0,16.5067,7.57664,0,1746,55071986155
26.2526,38.0915,80.5128,0,98,84,74,1392,3504,2.13561,0,16.5067,7.57664,0,1746,55109999869
22.538,44.3695,80.5128,0,98,84,74,1392,3504,2.13561,0,16.5067,7.57664,0,1746,55154392279
41.9574,23.8337,80.5128,0,98,84,74,1392,3504,2.13561,0,16.5067,7.57664,0,1746,55178205897
32.9756,30.3254,80.5128,0,98,84,74,1392,3504,2.13561,0,16.5067,7.57664,0,1746,55208531911
42.5184,23.5192,80.5128,0,98,84,74,1392,3504,2.13561,0,16.5067,7.57664,0,1746,55232073615
33.0435,30.2631,80.5128,0,98,84,74,1392,3504,2.13561,0,16.5067,7.57664,0,1746,55262316871
42.8655,23.3288,80.5128,0,98,84,74,1392,3504,2.13561,0,16.5067,7.57664,0,1746,55285646603
26.1031,38.3096,80.5128,0,98,84,74,1392,3504,2.13561,0,16.5067,7.57664,0,1746,55323978280
47.2897,21.1462,80.5128,0,98,84,74,1392,3504,2.13561,0,16.5067,7.57664,0,1746,55345152561
30.5275,32.7574,81.25,0,98,84,74,1392,3504,2.13561,0,16.5052,7.57664,0,1745,55377884487
32.1145,31.1386,81.25,0,98,84,74,1392,3504,2.13561,0,16.5052,7.57664,0,1745,55409024126
31.3962,31.851,81.25,0,98,84,74,1392,3504,2.13561,0,16.5052,7.57664,0,1745,55440877222
29.1952,34.2522,81.25,0,98,84,74,1392,3504,2.13561,0,16.5052,7.57664,0,1745,55475130240
47.3933,21.1,81.25,0,98,84,74,1392,3504,2.13561,0,16.5052,7.57664,0,1745,55496231041
32.2238,31.0329,81.25,0,98,84,74,1392,3504,2.13561,0,16.5052,7.57664,0,1745,55527265536
47.4489,21.0753,81.25,0,98,84,74,1392,3504,2.13561,0,16.5052,7.57664,0,1745,55548341414
24.4911,40.8312,81.25,0,98,84,74,1392,3504,2.13561,0,16.5052,7.57664,0,1745,55589174385
58.4708,17.1026,81.25,0,98,84,74,1392,3504,2.13561,0,16.5052,7.57664,0,1745,55606278763
28.3894,35.2244,81.25,0,98,84,74,1392,3504,2.13561,0,16.5052,7.57664,0,1745,55641503891
49.2356,20.3105,81.25,0,98,84,74,1392,3504,2.13561,0,16.5052,7.57664,0,1745,55661828907
38.2311,26.1567,81.25,0,98,84,74,1392,3504,2.13561,0,16.5052,7.57664,0,1745,55687973756
31.6487,31.5969,81.25,0,98,84,74,1392,3504,2.13561,0,16.5052,7.57664,0,1745,55719571628
41.0944,24.3342,81.25,0,98,84,74,1392,3504,2.13561,0,16.5052,7.57664,0,1745,55743907389
42.4048,23.5822,81.25,0,98,84,74,1392,3504,2.13561,0,16.5052,7.57664,0,1745,55767490170
43.9237,22.7667,81.25,0,98,84,74,1392,3504,2.13561,0,16.5052,7.57664,0,1745,55790259102
23.5536,42.4563,81.25,0,98,84,74,1392,3504,2.13561,0,16.5052,7.57664,0,1745,55832737039
16.458,60.7606,81.25,0,98,84,74,1392,3504,2.13561,0,16.5052,7.57664,0,1745,55893483792
83.4295,11.9862,86.9767,0,89,85,74,1416,3504,2.15082,0,16.4851,7.57664,0,1745,55905464997
31.0639,32.1917,86.9767,0,89,85,74,1416,3504,2.15082,0,16.4851,7.57664,0,1745,55937658400
26.1841,38.1911,86.9767,0,89,85,74,1416,3504,2.15082,0,16.4851,7.57664,0,1745,55975872451
49.2306,20.3126,86.9767,0,89,85,74,1416,3504,2.15082,0,16.4851,7.57664,0,1745,55996163718
30.3555,32.9429,86.9767,0,89,85,74,1416,3504,2.15082,0,16.4851,7.57664,0,1745,56029108209
47.374,21.1086,86.9767,0,89,85,74,1416,3504,2.15082,0,16.4851,7.57664,0,1745,56050220980
36.1349,27.674,86.9767,0,89,85,74,1416,3504,2.15082,0,16.4851,7.57664,0,1745,56077894731
62.7429,15.9381,86.9767,0,89,85,74,1416,3504,2.15082,0,16.4851,7.57664,0,1745,56093833189
34.3468,29.1148,86.9767,0,89,85,74,1416,3504,2.15082,0,16.4851,7.57664,0,1745,56122949418
41.8175,23.9135,86.9767,0,89,85,74,1416,3504,2.15082,0,16.4851,7.57664,0,1745,56146863504
35.7102,28.0032,86.9767,0,89,85,74,1416,3504,2.15082,0,16.4851,7.57664,0,1745,56174868098
43.4442,23.018,86.9767,0,89,85,74,1416,3504,2.15082,0,16.4851,7.57664,0,1745,56197887667
33.9979,29.4136,86.9767,0,89,85,74,1416,3504,2.15082,0,16.4851,7.57664,0,1745,56227309434
39.4537,25.3462,86.9767,0,89,85,74,1416,3504,2.15082,0,16.4851,7.57664,0,1745,56252649058
36.1838,27.6367,86.9767,0,89,85,74,1416,3504,2.15082,0,16.4851,7.57664,0,1745,56280287170
36.4142,27.4618,86.9767,0,89,85,74,1416,3504,2.15082,0,16.4851,7.57664,0,1745,56307771462
40.3186,24.8025,86.9767,0,89,85,74,1416,3504,2.15082,0,16.4851,7.57664,0,1745,56332554533
35.7202,27.9954,86.9767,0,89,85,74,1416,3504,2.15082,0,16.4851,7.57664,0,1745,56360570958
39.6823,25.2002,86.9767,0,89,85,74,1416,3504,2.15082,0,16.4851,7.57664,0,1745,56385773065
39.4735,25.3334,86.9767,0,89,85,74,1416,3504,2.15082,0,16.4851,7.57664,0,1745,56411112492
38.4508,26.0073,74.1855,0,90,85,73,1405,3504,2.1523,0,16.4966,7.57664,0,1779,56437115886
33.2738,30.0537,74.1855,0,90,85,73,1405,3504,2.1523,0,16.4966,7.57664,0,1779,56467170441
34.9781,28.5893,74.1855,0,90,85,73,1405,3504,2.1523,0,16.4966,7.57664,0,1779,56495762065
30.2548,33.0526,74.1855,0,90,85,73,1405,3504,2.1523,0,16.4966,7.57664,0,1779,56528814829
43.4788,22.9997,74.1855,0,90,85,73,1405,3504,2.1523,0,16.4966,7.57664,0,1779,56551815402
36.3103,27.5404,74.1855,0,90,85,73,1405,3504,2.1523,0,16.4966,7.57664,0,1779,56579357493
33.4386,29.9056,74.1855,0,90,85,73,1405,3504,2.1523,0,16.4966,7.57664,0,1779,56609286069
33.6046,29.7579,74.1855,0,90,85,73,1405,3504,2.1523,0,16.4966,7.57664,0,1779,56639023780
41.6306,24.0208,74.1855,0,90,85,73,1405,3504,2.1523,0,16.4966,7.57664,0,1779,56663068215
40.3588,24.7777,74.1855,0,90,85,73,1405,3504,2.1523,0,16.4966,7.57664,0,1779,56687826199
25.4814,39.2443,74.1855,0,90,85,73,1405,3504,2.1523,0,16.4966,7.57664,0,1779,56727071943
35.4802,28.1847,74.1855,0,90,85,73,1405,3504,2.1523,0,16.4966,7.57664,0,1779,56755257176
43.3847,23.0496,74.1855,0,90,85,73,1405,3504,2.1523,0,16.4966,7.57664,0,1779,56778309034
19.508,51.2611,74.1855,0,90,85,73,1405,3504,2.1523,0,16.4966,7.57664,0,1779,56829594066
191.582,5.2197,74.1855,0,90,85,73,1405,3504,2.1523,0,16.4966,7.57664,0,1779,56834793257
17.8423,56.0466,74.1855,0,90,85,73,1405,3504,2.1523,0,16.4966,7.57664,0,1779,56890841334
42.8166,23.3554,74.1855,0,90,85,73,1405,3504,2.1523,0,16.4966,7.57664,0,1779,56914203299
23.6058,42.3624,89.4737,0,90,85,73,1405,3504,2.1523,0,16.4997,7.57664,0,1729,56956562652
39.8,25.1256,89.4737,0,90,85,73,1405,3504,2.1523,0,16.4997,7.57664,0,1729,56981689456
32.0186,31.2319,89.4737,0,90,85,73,1405,3504,2.1523,0,16.4997,7.57664,0,1729,57012921710
84.2345,11.8716,89.4737,0,90,85,73,1405,3504,2.1523,0,16.4997,7.57664,0,1729,57024794063
22.7628,43.9313,89.4737,0,90,85,73,1405,3504,2.1523,0,16.4997,7.57664,0,1729,57068726847
35.4194,28.2331,89.4737,0,90,85,73,1405,3504,2.1523,0,16.4997,7.57664,0,1729,57096963387
27.1328,36.8558,89.4737,0,90,85,73,1405,3504,2.1523,0,16.4997,7.57664,0,1729,57133820458
20.9826,47.6586,89.4737,0,90,85,73,1405,3504,2.1523,0,16.4997,7.57664,0,1729,57181478129
34.0178,29.3964,89.4737,0,90,85,73,1405,3504,2.1523,0,16.4997,7.57664,0,1729,57210878713
19.4744,51.3496,89.4737,0,90,85,73,1405,3504,2.1523,0,16.4997,7.57664,0,1729,57262229385
22.2369,44.9703,89.4737,0,90,85,73,1405,3504,2.1523,0,16.4997,7.57664,0,1729,57307201306
31.0131,32.2445,89.4737,0,90,85,73,1405,3504,2.1523,0,16.4997,7.57664,0,1729,57339448028
20.5018,48.7763,89.4737,0,90,85,73,1405,3504,2.1523,0,16.4997,7.57664,0,1729,57388225701
20.8624,47.933,89.4737,0,90,85,73,1405,3504,2.1523,0,16.4997,7.57664,0,1729,57436186838
59.7852,16.7266,85.23,0,96,85,74,1415,3504,2.15638,0,16.532,7.57664,0,1761,57452886052
28.7245,34.8135,85.23,0,96,85,74,1415,3504,2.15638,0,16.532,7.57664,0,1761,57487723012
30.3432,32.9563,85.23,0,96,85,74,1415,3504,2.15638,0,16.532,7.57664,0,1761,57520680833
36.7425,27.2164,85.23,0,96,85,74,1415,3504,2.15638,0,16.532,7.57664,0,1761,57547899893
55.4462,18.0355,85.23,0,96,85,74,1415,3504,2.15638,0,16.532,7.57664,0,1761,57565935900
28.4353,35.1675,85.23,0,96,85,74,1415,3504,2.15638,0,16.532,7.57664,0,1761,57601104011
35.0298,28.5471,85.23,0,96,85,74,1415,3504,2.15638,0,16.532,7.57664,0,1761,57629652450
46.7086,21.4093,85.23,0,96,85,74,1415,3504,2.15638,0,16.532,7.57664,0,1761,57651063413
36.6912,27.2545,85.23,0,96,85,74,1415,3504,2.15638,0,16.532,7.57664,0,1761,57678339986
32.13,31.1236,85.23,0,96,85,74,1415,3504,2.15638,0,16.532,7.57664,0,1761,57709464283
39.3988,25.3815,85.23,0,96,85,74,1415,3504,2.15638,0,16.532,7.57664,0,1761,57734826014
69.806,14.3254,85.23,0,96,85,74,1415,3504,2.15638,0,16.532,7.57664,0,1761,57749152752
32.3057,30.9543,85.23,0,96,85,74,1415,3504,2.15638,0,16.532,7.57664,0,1761,57780108535
44.4674,22.4884,85.23,0,96,85,74,1415,3504,2.15638,0,16.532,7.57664,0,1761,57802598218
29.0774,34.391,85.23,0,96,85,74,1415,3504,2.15638,0,16.532,7.57664,0,1761,57837013239
45.2175,22.1153,85.23,0,96,85,74,1415,3504,2.15638,0,16.532,7.57664,0,1761,57859107308
37.5801,26.6099,85.23,0,96,85,74,1415,3504,2.15638,0,16.532,7.57664,0,1761,57885722154
11.375,87.9119,85.23,0,96,85,74,1415,3504,2.15638,0,16.532,7.57664,0,1761,57973658734
44.1348,22.6578,83.3333,0,79,85,73,1465,3504,2.15856,0,16.5283,7.57664,0,1735,57996291712
30.7521,32.5181,83.3333,0,79,85,73,1465,3504,2.15856,0,16.5283,7.57664,0,1735,58028832697
27.2574,36.6873,83.3333,0,79,85,73,1465,3504,2.15856,0,16.5283,7.57664,0,1735,58065520653
50.1607,19.9359,83.3333,0,79,85,73,1465,3504,2.15856,0,16.5283,7.57664,0,1735,58085436595
42.3362,23.6205,83.3333,0,79,85,73,1465,3504,2.15856,0,16.5283,7.57664,0,1735,58109078603
33.5412,29.8141,83.3333,0,79,85,73,1465,3504,2.15856,0,16.5283,7.57664,0,1735,58138894655
34.6309,28.8759,83.3333,0,79,85,73,1465,3504,2.15856,0,16.5283,7.57664,0,1735,58167793865
52.492,19.0505,83.3333,0,79,85,73,1465,3504,2.15856,0,16.5283,7.57664,0,1735,58186826954
30.9099,32.3521,83.3333,0,79,85,73,1465,3504,2.15856,0,16.5283,7.57664,0,1735,58219177231
41.15,24.3013,83.3333,0,79,85,73,1465,3504,2.15856,0,16.5283,7.57664,0,1735,58243509676
43.9847,22.7352,83.3333,0,79,85,73,1465,3504,2.15856,0,16.5283,7.57664,0,1735,58266216275
32.0213,31.2293,83.3333,0,79,85,73,1465,3504,2.15856,0,16.5283,7.57664,0,1735,58297446610
33.5304,29.8237,83.3333,0,79,85,73,1465,3504,2.15856,0,16.5283,7.57664,0,1735,58327272054
57.0459,17.5297,83.3333,0,79,85,73,1465,3504,2.15856,0,16.5283,7.57664,0,1735,58344823430
36.4869,27.4071,83.3333,0,79,85,73,1465,3504,2.15856,0,16.5283,7.57664,0,1735,58372231971
29.444,33.9628,83.3333,0,79,85,73,1465,3504,2.15856,0,16.5283,7.57664,0,1735,58406197733
57.2612,17.4638,83.3333,0,79,85,73,1465,3504,2.15856,0,16.5283,7.57664,0,1735,58423681684
34.0643,29.3562,83.3333,0,79,85,73,1465,3504,2.15856,0,16.5283,7.57664,0,1735,58453039508
34.1459,29.2861,83.3333,0,79,85,73,1465,3504,2.15856,0,16.5283,7.57664,0,1735,58482352760
40.9977,24.3916,83.25,0,79,85,73,1465,3504,2.15856,0,16.5179,7.57664,0,1735,58506721451
34.5084,28.9784,83.25,0,79,85,73,1465,3504,2.15856,0,16.5179,7.57664,0,1735,58535699598
43.9322,22.7623,83.25,0,79,85,73,1465,3504,2.15856,0,16.5179,7.57664,0,1735,58558464991
42.4698,23.5461,83.25,0,79,85,73,1465,3504,2.15856,0,16.5179,7.57664,0,1735,58582038493
37.0084,27.0209,83.25,0,79,85,73,1465,3504,2.15856,0,16.5179,7.57664,0,1735,58609055239
27.6315,36.1905,83.25,0,79,85,73,1465,3504,2.15856,0,16.5179,7.57664,0,1735,58645246354
44.5616,22.4408,83.25,0,79,85,73,1465,3504,2.15856,0,16.5179,7.57664,0,1735,58667668823
41.491,24.1016,83.25,0,79,85,73,1465,3504,2.15856,0,16.5179,7.57664,0,1735,58691770638
31.7935,31.453,83.25,0,79,85,73,1465,3504,2.15856,0,16.5179,7.57664,0,1735,58723224290
51.7063,19.34,83.25,0,79,85,73,1465,3504,2.15856,0,16.5179,7.57664,0,1735,58742588000
32.3648,30.8978,83.25,0,79,85,73,1465,3504,2.15856,0,16.5179,7.57664,0,1735,58773519658
42.2729,23.6558,83.25,0,79,85,73,1465,3504,2.15856,0,16.5179,7.57664,0,1735,58797176788
39.5332,25.2952,83.25,0,79,85,73,1465,3504,2.15856,0,16.5179,7.57664,0,1735,58822474015
31.5468,31.6989,83.25,0,79,85,73,1465,3504,2.15856,0,16.5179,7.57664,0,1735,58854174345
35.108,28.4835,83.25,0,79,85,73,1465,3504,2.15856,0,16.5179,7.57664,0,1735,58882660069
73.0379,13.6915,83.25,0,79,85,73,1465,3504,2.15856,0,16.5179,7.57664,0,1735,58896353349
25.4513,39.2906,83.25,0,79,85,73,1465,3504,2.15856,0,16.5179,7.57664,0,1735,58935666208
8.07892,123.779,83.25,0,79,85,73,1465,3504,2.15856,0,16.5179,7.57664,0,1735,59059453054
60.237,16.6011,80.7256,0,92,85,73,1406,3504,2.15909,0,16.5152,7.5764,0,1771,59076027483
33.7475,29.6318,80.7256,0,92,85,73,1406,3504,2.15909,0,16.5152,7.5764,0,1771,59105660656
34.1824,29.2548,80.7256,0,92,85,73,1406,3504,2.15909,0,16.5152,7.5764,0,1771,59134990367
34.3963,29.0729,80.7256,0,92,85,73,1406,3504,2.15909,0,16.5152,7.5764,0,1771,59164085107
32.5494,30.7225,80.7256,0,92,85,73,1406,3504,2.15909,0,16.5152,7.5764,0,1771,59194809384
37.1307,26.9319,80.7256,0,92,85,73,1406,3504,2.15909,0,16.5152,7.5764,0,1771,59221764040
55.6584,17.9667,80.7256,0,92,85,73,1406,3504,2.15909,0,16.5152,7.5764,0,1771,59239732301
11.9343,83.7923,80.7256,0,92,85,73,1406,3504,2.15909,0,16.5152,7.5764,0,1771,59323526279
48.7543,20.511,80.7256,0,92,85,73,1406,3504,2.15909,0,16.5152,7.5764,0,1771,59344038293
32.6891,30.5913,80.7256,0,92,85,73,1406,3504,2.15909,0,16.5152,7.5764,0,1771,59374632469
44.1559,22.647,80.7256,0,92,85,73,1406,3504,2.15909,0,16.5152,7.5764,0,1771,59397279437
44.5346,22.4544,80.7256,0,92,85,73,1406,3504,2.15909,0,16.5152,7.5764,0,1771,59419735700
40.4726,24.7081,80.7256,0,92,85,73,1406,3504,2.15909,0,16.5152,7.5764,0,1771,59444465931
25.137,39.782,80.7256,0,92,85,73,1406,3504,2.15909,0,16.5152,7.5764,0,1771,59484228198
49.7569,20.0977,80.7256,0,92,85,73,1406,3504,2.15909,0,16.5152,7.5764,0,1771,59504366772
33.6889,29.6833,80.7256,0,92,85,73,1406,3504,2.15909,0,16.5152,7.5764,0,1771,59534051051
27.3739,36.5312,80.7256,0,92,85,73,1406,3504,2.15909,0,16.5152,7.5764,0,1771,59570618468
34.5022,28.9837,87.4074,0,92,85,73,1406,3504,2.15909,0,16.5222,7.5764,0,1797,59599597088
40.522,24.6779,87.4074,0,92,85,73,1406,3504,2.15909,0,16.5222,7.5764,0,1797,59624296568
36.8103,27.1663,87.4074,0,92,85,73,1406,3504,2.15909,0,16.5222,7.5764,0,1797,59651443103
32.8103,30.4782,87.4074,0,92,85,73,1406,3504,2.15909,0,16.5222,7.5764,0,1797,59681921851
27.1938,36.7731,87.4074,0,92,85,73,1406,3504,2.15909,0,16.5222,7.5764,0,1797,59718720800
29.6078,33.7749,87.4074,0,92,85,73,1406,3504,2.15909,0,16.5222,7.5764,0,1797,59752513939
40.8868,24.4578,87.4074,0,92,85,73,1406,3504,2.15909,0,16.5222,7.5764,0,1797,59776952079
39.4063,25.3767,87.4074,0,92,85,73,1406,3504,2.15909,0,16.5222,7.5764,0,1797,59802330829
37.2587,26.8394,87.4074,0,92,85,73,1406,3504,2.15909,0,16.5222,7.5764,0,1797,59829171577
26.3475,37.9543,87.4074,0,92,85,73,1406,3504,2.15909,0,16.5222,7.5764,0,1797,59867126591
42.6317,23.4567,87.4074,0,92,85,73,1406,3504,2.15909,0,16.5222,7.5764,0,1797,59890605572
22.9276,43.6155,87.4074,0,92,85,73,1406,3504,2.15909,0,16.5222,7.5764,0,1797,59934224154
25.0319,39.9491,87.4074,0,92,85,73,1406,3504,2.15909,0,16.5222,7.5764,0,1797,59974174112
21.5524,46.3986,87.4074,0,92,85,73,1406,3504,2.15909,0,16.5222,7.5764,0,1797,60020600627
21.122,47.3441,87.4074,0,92,85,73,1406,3504,2.15909,0,16.5222,7.5764,0,1797,60067920923
22.9627,43.5489,87.4074,0,92,85,73,1406,3504,2.15909,0,16.5222,7.5764,0,1797,60111486189
31.6847,31.561,88.5986,0,83,85,73,1437,3504,2.1613,0,16.5407,7.5764,0,1734,60143054633
61.3568,16.2981,88.5986,0,83,85,73,1437,3504,2.1613,0,16.5407,7.5764,0,1734,60159333969
22.319,44.8048,88.5986,0,83,85,73,1437,3504,2.1613,0,16.5407,7.5764,0,1734,60204138154
26.9063,37.166,88.5986,0,83,85,73,1437,3504,2.1613,0,16.5407,7.5764,0,1734,60241327456
36.433,27.4477,88.5986,0,83,85,73,1437,3504,2.1613,0,16.5407,7.5764,0,1734,60268756954
29.2775,34.1559,88.5986,0,83,85,73,1437,3504,2.1613,0,16.5407,7.5764,0,1734,60302932576
35.6362,28.0614,88.5986,0,83,85,73,1437,3504,2.1613,0,16.5407,7.5764,0,1734,60330973956
33.5813,29.7785,88.5986,0,83,85,73,1437,3504,2.1613,0,16.5407,7.5764,0,1734,60360754080
38.9094,25.7007,88.5986,0,83,85,73,1437,3504,2.1613,0,16.5407,7.5764,0,1734,60386458728
25.6966,38.9156,88.5986,0,83,85,73,1437,3504,2.1613,0,16.5407,7.5764,0,1734,60425373742
43.8523,22.8038,88.5986,0,83,85,73,1437,3504,2.1613,0,16.5407,7.5764,0,1734,60448200255
44.9129,22.2653,88.5986,0,83,85,73,1437,3504,2.1613,0,16.5407,7.5764,0,1734,60470444451
23.9402,41.7708,88.5986,0,83,85,73,1437,3504,2.1613,0,16.5407,7.5764,0,1734,60512216209
96.6869,10.3427,88.5986,0,83,85,73,1437,3504,2.1613,0,16.5407,7.5764,0,1734,60522561654
29.8983,33.4468,88.5986,0,83,85,73,1437,3504,2.1613,0,16.5407,7.5764,0,1734,60556008822
11.3278,88.2788,88.5986,0,83,85,73,1437,3504,2.1613,0,16.5407,7.5764,0,1734,60644293569
27.0196,37.0101,90.4306,0,84,85,73,1444,3504,2.16222,0,16.4955,7.5764,0,1800,60681301001
36.4489,27.4357,90.4306,0,84,85,73,1444,3504,2.16222,0,16.4955,7.5764,0,1800,60708738500
63.1393,15.838,90.4306,0,84,85,73,1444,3504,2.16222,0,16.4955,7.5764,0,1800,60724577336
30.9212,32.3402,90.4306,0,84,85,73,1444,3504,2.16222,0,16.4955,7.5764,0,1800,60756939048
36.0688,27.7248,90.4306,0,84,85,73,1444,3504,2.16222,0,16.4955,7.5764,0,1800,60784667439
48.2705,20.7166,90.4306,0,84,85,73,1444,3504,2.16222,0,16.4955,7.5764,0,1800,60805383446
33.3878,29.9511,90.4306,0,84,85,73,1444,3504,2.16222,0,16.4955,7.5764,0,1800,60835315266
41.7135,23.9731,90.4306,0,84,85,73,1444,3504,2.16222,0,16.4955,7.5764,0,1800,60859289996
36.8658,27.1254,90.4306,0,84,85,73,1444,3504,2.16222,0,16.4955,7.5764,0,1800,60886416160
31.1157,32.1382,90.4306,0,84,85,73,1444,3504,2.16222,0,16.4955,7.5764,0,1800,60918555987
29.2477,34.1907,90.4306,0,84,85,73,1444,3504,2.16222,0,16.4955,7.5764,0,1800,60952768566
37.756,26.4859,90.4306,0,84,85,73,1444,3504,2.16222,0,16.4955,7.5764,0,1800,60979235169
20.8571,47.9453,90.4306,0,84,85,73,1444,3504,2.16222,0,16.4955,7.5764,0,1800,61027182770
37.6923,26.5306,90.4306,0,84,85,73,1444,3504,2.16222,0,16.4955,7.5764,0,1800,61053712466
32.5164,30.7537,90.4306,0,84,85,73,1444,3504,2.16222,0,16.4955,7.5764,0,1800,61084489201
45.0166,22.2141,90.4306,0,84,85,73,1444,3504,2.16222,0,16.4955,7.5764,0,1800,61106686063
25.0713,39.8863,90.4306,0,84,85,73,1444,3504,2.16222,0,16.4955,7.5764,0,1800,61146584747
26.3024,38.0194,85.7143,0,84,83,73,1444,3504,2.16222,0,16.5039,7.5764,0,1749,61184593552
44.0647,22.6939,85.7143,0,84,83,73,1444,3504,2.16222,0,16.5039,7.5764,0,1749,61207289544
48.687,20.5394,85.7143,0,84,83,73,1444,3504,2.16222,0,16.5039,7.5764,0,1749,61227828821
33.0944,30.2166,85.7143,0,84,83,73,1444,3504,2.16222,0,16.5039,7.5764,0,1749,61258052645
21.8475,45.7717,85.7143,0,84,83,73,1444,3504,2.16222,0,16.5039,7.5764,0,1749,61303821945
43.1568,23.1713,85.7143,0,84,83,73,1444,3504,2.16222,0,16.5039,7.5764,0,1749,61326994933
33.0533,30.2542,85.7143,0,84,83,73,1444,3504,2.16222,0,16.5039,7.5764,0,1749,61357249738
33.4081,29.9329,85.7143,0,84,83,73,1444,3504,2.16222,0,16.5039,7.5764,0,1749,61387183926
36.8829,27.1129,85.7143,0,84,83,73,1444,3504,2.16222,0,16.5039,7.5764,0,1749,61414319352
37.2971,26.8118,85.7143,0,84,83,73,1444,3504,2.16222,0,16.5039,7.5764,0,1749,61441112931
32.9747,30.3263,85.7143,0,84,83,73,1444,3504,2.16222,0,16.5039,7.5764,0,1749,61471462436
53.3854,18.7317,85.7143,0,84,83,73,1444,3504,2.16222,0,16.5039,7.5764,0,1749,61490174253
25.5727,39.1041,85.7143,0,84,83,73,1444,3504,2.16222,0,16.5039,7.5764,0,1749,61529280344
30.7925,32.4755,85.7143,0,84,83,73,1444,3504,2.16222,0,16.5039,7.5764,0,1749,61561755350
34.8696,28.6782,85.7143,0,84,83,73,1444,3504,2.16222,0,16.5039,7.5764,0,1749,61590448623
25.9626,38.5169,85.7143,0,84,83,73,1444,3504,2.16222,0,16.5039,7.5764,0,1749,61628952549
31.9694,31.2799,85.7143,0,84,83,73,1444,3504,2.16222,0,16.5039,7.5764,0,1749,61660261508
45.756,21.855,80.402,0,85,83,73,1426,3504,2.16232,0,16.5049,7.5764,0,1746,61682112212
35.18,28.4253,80.402,0,85,83,73,1426,3504,2.16232,0,16.5049,7.5764,0,1746,61710538592
33.8005,29.5854,80.402,0,85,83,73,1426,3504,2.16232,0,16.5049,7.5764,0,1746,61740125708
44.701,22.3708,80.402,0,85,83,73,1426,3504,2.16232,0,16.5049,7.5764,0,1746,61762518895
30.2135,33.0978,80.402,0,85,83,73,1426,3504,2.16232,0,16.5049,7.5764,0,1746,61795597662
34.9927,28.5774,80.402,0,85,83,73,1426,3504,2.16232,0,16.5049,7.5764,0,1746,61824197153
34.3937,29.0751,80.402,0,85,83,73,1426,3504,2.16232,0,16.5049,7.5764,0,1746,61853273966
31.5853,31.6603,80.402,0,85,83,73,1426,3504,2.16232,0,16.5049,7.5764,0,1746,61884935327
28.5715,34.9999,80.402,0,85,83,73,1426,3504,2.16232,0,16.5049,7.5764,0,1746,61919916472
19.2801,51.8669,80.402,0,85,83,73,1426,3504,2.16232,0,16.5049,7.5764,0,1746,61971783373
41.9935,23.8132,80.402,0,85,83,73,1426,3504,2.16232,0,16.5049,7.5764,0,1746,61995599834
21.6923,46.0994,80.402,0,85,83,73,1426,3504,2.16232,0,16.5049,7.5764,0,1746,62041699210
41.7559,23.9487,80.402,0,85,83,73,1426,3504,2.16232,0,16.5049,7.5764,0,1746,62065648450
34.4041,29.0663,80.402,0,85,83,73,1426,3504,2.16232,0,16.5049,7.5764,0,1746,62094716868
51.723,19.3338,80.402,0,85,83,73,1426,3504,2.16232,0,16.5049,7.5764,0,1746,62114050968
27.3583,36.552,80.402,0,85,83,73,1426,3504,2.16232,0,16.5049,7.5764,0,1746,62150604647
40.6667,24.5901,80.402,0,85,83,73,1426,3504,2.16232,0,16.5049,7.5764,0,1746,62175221844
28.2436,35.4063,83.0467,0,85,84,73,1426,3504,2.16232,0,16.5235,7.5764,0,1783,62210625032
36.3254,27.529,83.0467,0,85,84,73,1426,3504,2.16232,0,16.5235,7.5764,0,1783,62238156270
47.0845,21.2384,83.0467,0,85,84,73,1426,3504,2.16232,0,16.5235,7.5764,0,1783,62259395708
43.8909,22.7838,83.0467,0,85,84,73,1426,3504,2.16232,0,16.5235,7.5764,0,1783,62282181046
47.1269,21.2193,83.0467,0,85,84,73,1426,3504,2.16232,0,16.5235,7.5764,0,1783,62303401259
31.6237,31.6218,83.0467,0,85,84,73,1426,3504,2.16232,0,16.5235,7.5764,0,1783,62335024208
35.2079,28.4027,83.0467,0,85,84,73,1426,3504,2.16232,0,16.5235,7.5764,0,1783,62363428080
52.6517,18.9927,83.0467,0,85,84,73,1426,3504,2.16232,0,16.5235,7.5764,0,1783,62382442536
37.4658,26.691,83.0467,0,85,84,73,1426,3504,2.16232,0,16.5235,7.5764,0,1783,62409113894
6.37213,156.933,83.0467,0,85,84,73,1426,3504,2.16232,0,16.5235,7.5764,0,1783,62566069097
14.3582,69.6468,83.0467,0,85,84,73,1426,3504,2.16232,0,16.5235,7.5764,0,1783,62635696860
19.5477,51.157,83.0467,0,85,84,73,1426,3504,2.16232,0,16.5235,7.5764,0,1783,62686863319
17.4742,57.2272,65.9367,0,89,84,73,1426,3504,2.16263,0,16.5279,7.5764,0,1813,62744104892
21.6441,46.2021,65.9367,0,89,84,73,1426,3504,2.16263,0,16.5279,7.5764,0,1813,62790327881
18.0521,55.3953,65.9367,0,89,84,73,1426,3504,2.16263,0,16.5279,7.5764,0,1813,62845724673
22.1039,45.241,65.9367,0,89,84,73,1426,3504,2.16263,0,16.5279,7.5764,0,1813,62890966079
18.0509,55.399,65.9367,0,89,84,73,1426,3504,2.16263,0,16.5279,7.5764,0,1813,62946366518
18.0343,55.4498,65.9367,0,89,84,73,1426,3504,2.16263,0,16.5279,7.5764,0,1813,63001816985
18.6025,53.7563,65.9367,0,89,84,73,1426,3504,2.16263,0,16.5279,7.5764,0,1813,63055596779
7.66937,130.389,65.9367,0,89,84,73,1426,3504,2.16263,0,16.5279,7.5764,0,1813,63185966494
18.3103,54.6142,65.9367,0,89,84,73,1426,3504,2.16263,0,16.5279,7.5764,0,1813,63240588637
24.1466,41.4137,72.5446,0,54,83,72,1553,3504,2.16266,0,16.5533,7.5764,0,1756,63281995397
22.5286,44.3881,72.5446,0,54,83,72,1553,3504,2.16266,0,16.5533,7.5764,0,1756,63326385858
36.3549,27.5066,72.5446,0,54,83,72,1553,3504,2.16266,0,16.5533,7.5764,0,1756,63353894569
32.784,30.5027,72.5446,0,54,83,72,1553,3504,2.16266,0,16.5533,7.5764,0,1756,63384396992
52.3565,19.0998,72.5446,0,54,83,72,1553,3504,2.16266,0,16.5533,7.5764,0,1756,63403498045
35.2422,28.375,72.5446,0,54,83,72,1553,3504,2.16266,0,16.5533,7.5764,0,1756,63431896057
48.5004,20.6184,72.5446,0,54,83,72,1553,3504,2.16266,0,16.5533,7.5764,0,1756,63452515603
30.2985,33.0049,72.5446,0,54,83,72,1553,3504,2.16266,0,16.5533,7.5764,0,1756,63485500522
35.9353,27.8278,72.5446,0,54,83,72,1553,3504,2.16266,0,16.5533,7.5764,0,1756,63513329580
37.5894,26.6033,72.5446,0,54,83,72,1553,3504,2.16266,0,16.5533,7.5764,0,1756,63539940111
55.8454,17.9066,72.5446,0,54,83,72,1553,3504,2.16266,0,16.5533,7.5764,0,1756,63557845546
43.412,23.0351,72.5446,0,54,83,72,1553,3504,2.16266,0,16.5533,7.5764,0,1756,63580880828
38.1762,26.1943,72.5446,0,54,83,72,1553,3504,2.16266,0,16.5533,7.5764,0,1756,63607077657
38.0556,26.2774,72.5446,0,54,83,72,1553,3504,2.16266,0,16.5533,7.5764,0,1756,63633357339
34.7582,28.7702,72.5446,0,54,83,72,1553,3504,2.16266,0,16.5533,7.5764,0,1756,63662148468
38.5182,25.9617,72.5446,0,54,83,72,1553,3504,2.16266,0,16.5533,7.5764,0,1756,63688093409
46.5022,21.5043,72.5446,0,54,83,72,1553,3504,2.16266,0,16.5533,7.5764,0,1756,63709617905
36.6033,27.3199,72.5446,0,54,83,72,1553,3504,2.16266,0,16.5533,7.5764,0,1756,63736960734
38.9196,25.694,72.5446,0,54,83,72,1553,3504,2.16266,0,16.5533,7.5764,0,1756,63762659110
30.9289,32.3322,71.3592,0,54,83,72,1553,3504,2.16266,0,16.5541,7.5764,0,1865,63794989872
37.8945,26.3891,71.3592,0,54,83,72,1553,3504,2.16266,0,16.5541,7.5764,0,1865,63821378947
51.6238,19.3709,71.3592,0,54,83,72,1553,3504,2.16266,0,16.5541,7.5764,0,1865,63840751370
38.1511,26.2116,71.3592,0,54,83,72,1553,3504,2.16266,0,16.5541,7.5764,0,1865,63866985059
33.0352,30.2707,71.3592,0,54,83,72,1553,3504,2.16266,0,16.5541,7.5764,0,1865,63897257331
38.2167,26.1666,71.3592,0,54,83,72,1553,3504,2.16266,0,16.5541,7.5764,0,1865,63923403364
37.5794,26.6103,71.3592,0,54,83,72,1553,3504,2.16266,0,16.5541,7.5764,0,1865,63950015127
35.7034,28.0085,71.3592,0,54,83,72,1553,3504,2.16266,0,16.5541,7.5764,0,1865,63978024412
41.7344,23.9611,71.3592,0,54,83,72,1553,3504,2.16266,0,16.5541,7.5764,0,1865,64001986403
25.5834,39.0878,71.3592,0,54,83,72,1553,3504,2.16266,0,16.5541,7.5764,0,1865,64041075409
20.1202,49.7013,71.3592,0,54,83,72,1553,3504,2.16266,0,16.5541,7.5764,0,1865,64090798498
144.699,6.91088,71.3592,0,54,83,72,1553,3504,2.16266,0,16.5541,7.5764,0,1865,64097709981
20.5787,48.5939,71.3592,0,54,83,72,1553,3504,2.16266,0,16.5541,7.5764,0,1865,64146306262
19.1234,52.292,71.3592,0,54,83,72,1553,3504,2.16266,0,16.5541,7.5764,0,1865,64198578021
194.059,5.15306,71.3592,0,54,83,72,1553,3504,2.16266,0,16.5541,7.5764,0,1865,64203753409
17.2182,58.0781,71.3592,0,54,83,72,1553,3504,2.16266,0,16.5541,7.5764,0,1865,64261812527
47.279,21.151,71.3592,0,54,83,72,1553,3504,2.16266,0,16.5541,7.5764,0,1865,64282997228
26.3164,37.9991,83.6186,0,73,83,73,1456,3504,2.16269,0,16.5998,7.5764,0,2056,64320963081
31.1959,32.0555,83.6186,0,73,83,73,1456,3504,2.16269,0,16.5998,7.5764,0,2056,64353041615
57.2235,17.4753,83.6186,0,73,83,73,1456,3504,2.16269,0,16.5998,7.5764,0,2056,64370519585
37.729,26.5048,83.6186,0,73,83,73,1456,3504,2.16269,0,16.5998,7.5764,0,2056,64397045670
31.4109,31.8361,83.6186,0,73,83,73,1456,3504,2.16269,0,16.5998,7.5764,0,2056,64428882509
35.0897,28.4984,83.6186,0,73,83,73,1456,3504,2.16269,0,16.5998,7.5764,0,2056,64457383726
43.4115,23.0354,83.6186,0,73,83,73,1456,3504,2.16269,0,16.5998,7.5764,0,2056,64480419873
21.0056,47.6064,83.6186,0,73,83,73,1456,3504,2.16269,0,16.5998,7.5764,0,2056,64528048292
101.265,9.87509,83.6186,0,73,83,73,1456,3504,2.16269,0,16.5998,7.5764,0,2056,64537945764
32.9172,30.3793,83.6186,0,73,83,73,1456,3504,2.16269,0,16.5998,7.5764,0,2056,64568325950
32.6673,30.6117,83.6186,0,73,83,73,1456,3504,2.16269,0,16.5998,7.5764,0,2056,64598960430
26.0545,38.3811,83.6186,0,73,83,73,1456,3504,2.16269,0,16.5998,7.5764,0,2056,64637342775
55.8355,17.9097,83.6186,0,73,83,73,1456,3504,2.16269,0,16.5998,7.5764,0,2056,64655232080
35.7315,27.9865,83.6186,0,73,83,73,1456,3504,2.16269,0,16.5998,7.5764,0,2056,64683220935
35.788,27.9424,83.6186,0,73,83,73,1456,3504,2.16269,0,16.5998,7.5764,0,2056,64711185118
38.4354,26.0177,83.6186,0,73,83,73,1456,3504,2.16269,0,16.5998,7.5764,0,2056,64737183243
30.2706,33.0353,83.6186,0,73,83,73,1456,3504,2.16269,0,16.5998,7.5764,0,2056,64770219471
37.6422,26.5659,83.6186,0,73,83,73,1456,3504,2.16269,0,16.5998,7.5764,0,2056,64796794902
36.8184,27.1604,80.2005,0,87,83,73,1426,3504,2.16332,0,16.5894,7.5764,0,1908,64823948141
32.644,30.6335,80.2005,0,87,83,73,1426,3504,2.16332,0,16.5894,7.5764,0,1908,64854582613
27.2471,36.7012,80.2005,0,87,83,73,1426,3504,2.16332,0,16.5894,7.5764,0,1908,64891306278
23.6797,42.2303,80.2005,0,87,83,73,1426,3504,2.16332,0,16.5894,7.5764,0,1908,64933515860
34.9387,28.6216,80.2005,0,87,83,73,1426,3504,2.16332,0,16.5894,7.5764,0,1908,64962139299
26.9841,37.0589,80.2005,0,87,83,73,1426,3504,2.16332,0,16.5894,7.5764,0,1908,64999221901
27.9784,35.7419,80.2005,0,87,83,73,1426,3504,2.16332,0,16.5894,7.5764,0,1908,65034942769
26.9701,37.0782,80.2005,0,87,83,73,1426,3504,2.16332,0,16.5894,7.5764,0,1908,65072022146
25.6001,39.0624,80.2005,0,87,83,73,1426,3504,2.16332,0,16.5894,7.5764,0,1908,65111085520
28.6214,34.9389,80.2005,0,87,83,73,1426,3504,2.16332,0,16.5894,7.5764,0,1908,65146025423
37.2918,26.8156,80.2005,0,87,83,73,1426,3504,2.16332,0,16.5894,7.5764,0,1908,65172843202
23.6863,42.2185,80.2005,0,87,83,73,1426,3504,2.16332,0,16.5894,7.5764,0,1908,65215063676
26.0941,38.3228,80.2005,0,87,83,73,1426,3504,2.16332,0,16.5894,7.5764,0,1908,65253387564
24.5564,40.7226,80.2005,0,87,83,73,1426,3504,2.16332,0,16.5894,7.5764,0,1908,65294111477
33.1187,30.1944,80.2005,0,87,83,73,1426,3504,2.16332,0,16.5894,7.5764,0,1908,65324313426
73.4298,13.6185,81.7308,0,87,84,73,1426,3504,2.16332,0,16.6017,7.5764,0,3404,65337927581
59.0229,16.9426,81.7308,0,87,84,73,1426,3504,2.16332,0,16.6017,7.5764,0,3404,65354871764
39.3547,25.4099,81.7308,0,87,84,73,1426,3504,2.16332,0,16.6017,7.5764,0,3404,65380282232
42.2528,23.6671,81.7308,0,87,84,73,1426,3504,2.16332,0,16.6017,7.5764,0,3404,65403951459
38.8425,25.745,81.7308,0,87,84,73,1426,3504,2.16332,0,16.6017,7.5764,0,3404,65429698235
35.9474,27.8184,81.7308,0,87,84,73,1426,3504,2.16332,0,16.6017,7.5764,0,3404,65457517467
38.6262,25.8892,81.7308,0,87,84,73,1426,3504,2.16332,0,16.6017,7.5764,0,3404,65483407755
35.1718,28.4318,81.7308,0,87,84,73,1426,3504,2.16332,0,16.6017,7.5764,0,3404,65511840812
38.2389,26.1514,81.7308,0,87,84,73,1426,3504,2.16332,0,16.6017,7.5764,0,3404,65537993941
33.1233,30.1903,81.7308,0,87,84,73,1426,3504,2.16332,0,16.6017,7.5764,0,3404,65568185935
40.8036,24.5076,81.7308,0,87,84,73,1426,3504,2.16332,0,16.6017,7.5764,0,3404,65592694713
32.3282,30.9328,81.7308,0,87,84,73,1426,3504,2.16332,0,16.6017,7.5764,0,3404,65623630035
45.7689,21.8489,81.7308,0,87,84,73,1426,3504,2.16332,0,16.6017,7.5764,0,3404,65645497939
35.7527,27.9699,81.7308,0,87,84,73,1426,3504,2.16332,0,16.6017,7.5764,0,3404,65673512966
36.2104,27.6164,81.7308,0,87,84,73,1426,3504,2.16332,0,16.6017,7.5764,0,3404,65701067095
38.8011,25.7725,81.7308,0,87,84,73,1426,3504,2.16332,0,16.6017,7.5764,0,3404,65726841204
39.8187,25.1138,81.7308,0,87,84,73,1426,3504,2.16332,0,16.6017,7.5764,0,3404,65751956775
38.405,26.0383,81.7308,0,87,84,73,1426,3504,2.16332,0,16.6017,7.5764,0,3404,65777997003
36.9225,27.0838,81.7308,0,87,84,73,1426,3504,2.16332,0,16.6017,7.5764,0,3404,65805081462
37.1083,26.9482,81.7308,0,87,84,73,1426,3504,2.16332,0,16.6017,7.5764,0,3404,65832033957
38.3073,26.1047,68.059,0,83,84,73,1445,3504,2.16524,0,16.5862,7.5764,0,3409,65858136671
38.4534,26.0055,68.059,0,83,84,73,1445,3504,2.16524,0,16.5862,7.5764,0,3409,65884142441
34.0509,29.3678,68.059,0,83,84,73,1445,3504,2.16524,0,16.5862,7.5764,0,3409,65913511600
39.9757,25.0152,68.059,0,83,84,73,1445,3504,2.16524,0,16.5862,7.5764,0,3409,65938534511
40.6639,24.5918,68.059,0,83,84,73,1445,3504,2.16524,0,16.5862,7.5764,0,3409,65963120825
36.9388,27.0718,68.059,0,83,84,73,1445,3504,2.16524,0,16.5862,7.5764,0,3409,65990193748
37.1267,26.9348,68.059,0,83,84,73,1445,3504,2.16524,0,16.5862,7.5764,0,3409,66017143180
39.6315,25.2324,68.059,0,83,84,73,1445,3504,2.16524,0,16.5862,7.5764,0,3409,66042363796
35.0824,28.5043,68.059,0,83,84,73,1445,3504,2.16524,0,16.5862,7.5764,0,3409,66070870167
37.1676,26.9051,68.059,0,83,84,73,1445,3504,2.16524,0,16.5862,7.5764,0,3409,66097777338
39.12,25.5624,68.059,0,83,84,73,1445,3504,2.16524,0,16.5862,7.5764,0,3409,66123340935
42.2788,23.6525,68.059,0,83,84,73,1445,3504,2.16524,0,16.5862,7.5764,0,3409,66146993533
35.1287,28.4667,68.059,0,83,84,73,1445,3504,2.16524,0,16.5862,7.5764,0,3409,66175461356
41.5746,24.0532,68.059,0,83,84,73,1445,3504,2.16524,0,16.5862,7.5764,0,3409,66199515748
34.2935,29.16,68.059,0,83,84,73,1445,3504,2.16524,0,16.5862,7.5764,0,3409,66228681132
36.2385,27.595,68.059,0,83,84,73,1445,3504,2.16524,0,16.5862,7.5764,0,3409,66256275599
40.289,24.8207,68.059,0,83,84,73,1445,3504,2.16524,0,16.5862,7.5764,0,3409,66281097655
34.9296,28.629,68.059,0,83,84,73,1445,3504,2.16524,0,16.5862,7.5764,0,3409,66309728985
44.4167,22.514,68.059,0,83,84,73,1445,3504,2.16524,0,16.5862,7.5764,0,3409,66332272587
38.3291,26.0898,61.2987,0,98,93,73,1395,3504,2.19476,0,16.5887,7.5764,0,3400,66358349659
37.3424,26.7792,61.2987,0,98,93,73,1395,3504,2.19476,0,16.5887,7.5764,0,3400,66385118991
38.3822,26.0538,61.2987,0,98,93,73,1395,3504,2.19476,0,16.5887,7.5764,0,3400,66411175180
37.7366,26.4995,61.2987,0,98,93,73,1395,3504,2.19476,0,16.5887,7.5764,0,3400,66437677174
38.9241,25.691,61.2987,0,98,93,73,1395,3504,2.19476,0,16.5887,7.5764,0,3400,66463368214
41.4087,24.1495,61.2987,0,98,93,73,1395,3504,2.19476,0,16.5887,7.5764,0,3400,66487519769
35.6004,28.0895,61.2987,0,98,93,73,1395,3504,2.19476,0,16.5887,7.5764,0,3400,66515611698
39.411,25.3736,61.2987,0,98,93,73,1395,3504,2.19476,0,16.5887,7.5764,0,3400,66540987354
36.3995,27.4729,61.2987,0,98,93,73,1395,3504,2.19476,0,16.5887,7.5764,0,3400,66568461702
41.5538,24.0652,61.2987,0,98,93,73,1395,3504,2.19476,0,16.5887,7.5764,0,3400,66592530174
37.2609,26.8378,61.2987,0,98,93,73,1395,3504,2.19476,0,16.5887,7.5764,0,3400,66619438791
40.9718,24.407,61.2987,0,98,93,73,1395,3504,2.19476,0,16.5887,7.5764,0,3400,66643848677
35.6901,28.0189,61.2987,0,98,93,73,1395,3504,2.19476,0,16.5887,7.5764,0,3400,66671871486
41.1604,24.2952,61.2987,0,98,93,73,1395,3504,2.19476,0,16.5887,7.5764,0,3400,66696165866
11.081,90.2448,61.2987,0,98,93,73,1395,3504,2.19476,0,16.5887,7.5764,0,3400,66786410058
60.0825,16.6438,61.2987,0,98,93,73,1395,3504,2.19476,0,16.5887,7.5764,0,3400,66803056855
31.4632,31.7832,61.2987,0,98,93,73,1395,3504,2.19476,0,16.5887,7.5764,0,3400,66834849347
34.1928,29.2459,62.0603,0,100,93,74,1413,3504,2.2307,0,16.5889,7.5764,0,3401,66864089750
64.13,15.5933,62.0603,0,100,93,74,1413,3504,2.2307,0,16.5889,7.5764,0,3401,66879683774
43.544,22.9653,62.0603,0,100,93,74,1413,3504,2.2307,0,16.5889,7.5764,0,3401,66902651032
34.68,28.8351,62.0603,0,100,93,74,1413,3504,2.2307,0,16.5889,7.5764,0,3401,66931486061
38.4453,26.011,62.0603,0,100,93,74,1413,3504,2.2307,0,16.5889,7.5764,0,3401,66957500361
50.8903,19.6501,62.0603,0,100,93,74,1413,3504,2.2307,0,16.5889,7.5764,0,3401,66977151367
35.7883,27.9421,62.0603,0,100,93,74,1413,3504,2.2307,0,16.5889,7.5764,0,3401,67005093709
40.1392,24.9133,62.0603,0,100,93,74,1413,3504,2.2307,0,16.5889,7.5764,0,3401,67030008305
36.1761,27.6426,62.0603,0,100,93,74,1413,3504,2.2307,0,16.5889,7.5764,0,3401,67057654993
35.1793,28.4258,62.0603,0,100,93,74,1413,3504,2.2307,0,16.5889,7.5764,0,3401,67086079352
39.0023,25.6395,62.0603,0,100,93,74,1413,3504,2.2307,0,16.5889,7.5764,0,3401,67111721298
36.5791,27.338,62.0603,0,100,93,74,1413,3504,2.2307,0,16.5889,7.5764,0,3401,67139061347
39.2351,25.4874,62.0603,0,100,93,74,1413,3504,2.2307,0,16.5889,7.5764,0,3401,67164551013
38.023,26.2999,62.0603,0,100,93,74,1413,3504,2.2307,0,16.5889,7.5764,0,3401,67190850894
30.3816,32.9146,62.0603,0,100,93,74,1413,3504,2.2307,0,16.5889,7.5764,0,3401,67223765734
39.535,25.2941,62.0603,0,100,93,74,1413,3504,2.2307,0,16.5889,7.5764,0,3401,67249061588
52.6165,19.0054,62.0603,0,100,93,74,1413,3504,2.2307,0,16.5889,7.5764,0,3401,67268068796
39.0342,25.6186,62.0603,0,100,93,74,1413,3504,2.2307,0,16.5889,7.5764,0,3401,67293688052
36.7717,27.1948,62.0603,0,100,93,74,1413,3504,2.2307,0,16.5889,7.5764,0,3401,67320884451
39.8623,25.0864,62.0603,0,100,93,74,1413,3504,2.2307,0,16.5889,7.5764,0,3401,67345976798
38.5079,25.9687,68.7961,0,92,92,73,1392,3504,2.29767,0,16.5848,7.5764,0,3452,67371941853
37.4566,26.6976,68.7961,0,92,92,73,1392,3504,2.29767,0,16.5848,7.5764,0,3452,67398641499
38.3421,26.081,68.7961,0,92,92,73,1392,3504,2.29767,0,16.5848,7.5764,0,3452,67424721958
37.3712,26.7586,68.7961,0,92,92,73,1392,3504,2.29767,0,16.5848,7.5764,0,3452,67451482232
37.2143,26.8714,68.7961,0,92,92,73,1392,3504,2.29767,0,16.5848,7.5764,0,3452,67478355864
38.1486,26.2133,68.7961,0,92,92,73,1392,3504,2.29767,0,16.5848,7.5764,0,3452,67504569129
37.0903,26.9612,68.7961,0,92,92,73,1392,3504,2.29767,0,16.5848,7.5764,0,3452,67531531498
39.2079,25.5051,68.7961,0,92,92,73,1392,3504,2.29767,0,16.5848,7.5764,0,3452,67557037342
36.2565,27.5813,68.7961,0,92,92,73,1392,3504,2.29767,0,16.5848,7.5764,0,3452,67584620114
37.1584,26.9118,68.7961,0,92,92,73,1392,3504,2.29767,0,16.5848,7.5764,0,3452,67611532792
41.1653,24.2923,68.7961,0,92,92,73,1392,3504,2.29767,0,16.5848,7.5764,0,3452,67635826649
31.8726,31.375,68.7961,0,92,92,73,1392,3504,2.29767,0,16.5848,7.5764,0,3452,67667202457
46.3292,21.5847,68.7961,0,92,92,73,1392,3504,2.29767,0,16.5848,7.5764,0,3452,67688788594
37.2645,26.8352,68.7961,0,92,92,73,1392,3504,2.29767,0,16.5848,7.5764,0,3452,67715626279
38.7284,25.8209,68.7961,0,92,92,73,1392,3504,2.29767,0,16.5848,7.5764,0,3452,67741447597
34.558,28.9369,68.7961,0,92,92,73,1392,3504,2.29767,0,16.5848,7.5764,0,3452,67770406217
44.5112,22.4662,68.7961,0,92,92,73,1392,3504,2.29767,0,16.5848,7.5764,0,3452,67792856921
37.8569,26.4153,68.7961,0,92,92,73,1392,3504,2.29767,0,16.5848,7.5764,0,3452,67819275073
37.6234,26.5792,68.7961,0,92,92,73,1392,3504,2.29767,0,16.5848,7.5764,0,3452,67845855182
40.1033,24.9356,68.7961,0,92,92,73,1392,3504,2.29767,0,16.5848,7.5764,0,3452,67870800578
36.6132,27.3125,58.6375,0,99,92,73,1403,3504,2.30599,0,16.5941,7.5764,0,3400,67898106118
36.387,27.4823,58.6375,0,99,92,73,1403,3504,2.30599,0,16.5941,7.5764,0,3400,67925590026
35.6353,28.062,58.6375,0,99,92,73,1403,3504,2.30599,0,16.5941,7.5764,0,3400,67953654452
42.0567,23.7774,58.6375,0,99,92,73,1403,3504,2.30599,0,16.5941,7.5764,0,3400,67977431205
36.1264,27.6806,58.6375,0,99,92,73,1403,3504,2.30599,0,16.5941,7.5764,0,3400,68005114600
36.5699,27.3449,58.6375,0,99,92,73,1403,3504,2.30599,0,16.5941,7.5764,0,3400,68032461115
36.2637,27.5758,58.6375,0,99,92,73,1403,3504,2.30599,0,16.5941,7.5764,0,3400,68060036926
39.8865,25.0711,58.6375,0,99,92,73,1403,3504,2.30599,0,16.5941,7.5764,0,3400,68085111076
36.6214,27.3064,58.6375,0,99,92,73,1403,3504,2.30599,0,16.5941,7.5764,0,3400,68112417493
36.9781,27.0431,58.6375,0,99,92,73,1403,3504,2.30599,0,16.5941,7.5764,0,3400,68139462153
34.3232,29.1348,58.6375,0,99,92,73,1403,3504,2.30599,0,16.5941,7.5764,0,3400,68168597823
42.3967,23.5867,58.6375,0,99,92,73,1403,3504,2.30599,0,16.5941,7.5764,0,3400,68192186248
34.6716,28.842,58.6375,0,99,92,73,1403,3504,2.30599,0,16.5941,7.5764,0,3400,68221030102
48.9139,20.4441,58.6375,0,99,92,73,1403,3504,2.30599,0,16.5941,7.5764,0,3400,68241474235
38.3049,26.1063,58.6375,0,99,92,73,1403,3504,2.30599,0,16.5941,7.5764,0,3400,68267584218
41.8619,23.8881,58.6375,0,99,92,73,1403,3504,2.30599,0,16.5941,7.5764,0,3400,68291471025
39.5042,25.3138,58.6375,0,99,92,73,1403,3504,2.30599,0,16.5941,7.5764,0,3400,68316786773
37.33,26.7881,58.6375,0,99,92,73,1403,3504,2.30599,0,16.5941,7.5764,0,3400,68343576018
38.1379,26.2207,58.6375,0,99,92,73,1403,3504,2.30599,0,16.5941,7.5764,0,3400,68369797585
39.4133,25.3721,58.6375,0,99,92,73,1403,3504,2.30599,0,16.5941,7.5764,0,3400,68395173082
38.9433,25.6784,65.9472,0,99,93,73,1403,3504,2.30599,0,16.5751,7.5764,0,3400,68420849623
37.714,26.5153,65.9472,0,99,93,73,1403,3504,2.30599,0,16.5751,7.5764,0,3400,68447366218
40.8281,24.4929,65.9472,0,99,93,73,1403,3504,2.30599,0,16.5751,7.5764,0,3400,68471859960
38.0983,26.2479,65.9472,0,99,93,73,1403,3504,2.30599,0,16.5751,7.5764,0,3400,68498109730
40.4551,24.7187,65.9472,0,99,93,73,1403,3504,2.30599,0,16.5751,7.5764,0,3400,68522828828
38.506,25.97,65.9472,0,99,93,73,1403,3504,2.30599,0,16.5751,7.5764,0,3400,68548801332
36.7877,27.183,65.9472,0,99,93,73,1403,3504,2.30599,0,16.5751,7.5764,0,3400,68575984813
38.2733,26.1279,65.9472,0,99,93,73,1403,3504,2.30599,0,16.5751,7.5764,0,3400,68602114073
39.846,25.0966,65.9472,0,99,93,73,1403,3504,2.30599,0,16.5751,7.5764,0,3400,68627253675
33.7844,29.5994,65.9472,0,99,93,73,1403,3504,2.30599,0,16.5751,7.5764,0,3400,68656855425
38.6106,25.8996,65.9472,0,99,93,73,1403,3504,2.30599,0,16.5751,7.5764,0,3400,68682752721
57.8271,17.2929,65.9472,0,99,93,73,1403,3504,2.30599,0,16.5751,7.5764,0,3400,68700046759
34.4527,29.0253,65.9472,0,99,93,73,1403,3504,2.30599,0,16.5751,7.5764,0,3400,68729073699
51.6625,19.3564,65.9472,0,99,93,73,1403,3504,2.30599,0,16.5751,7.5764,0,3400,68748431393
40.0918,24.9427,65.9472,0,99,93,73,1403,3504,2.30599,0,16.5751,7.5764,0,3400,68773375449
39.9512,25.0305,65.9472,0,99,93,73,1403,3504,2.30599,0,16.5751,7.5764,0,3400,68798406444
30.6659,32.6095,65.9472,0,99,93,73,1403,3504,2.30599,0,16.5751,7.5764,0,3400,68831017523
54.9113,18.2112,65.9472,0,99,93,73,1403,3504,2.30599,0,16.5751,7.5764,0,3400,68849230400
40.0818,24.949,65.9472,0,99,93,73,1403,3504,2.30599,0,16.5751,7.5764,0,3400,68874179671
41.5404,24.0729,65.9472,0,99,93,73,1403,3504,2.30599,0,16.5751,7.5764,0,3400,68898255602
33.5215,29.8316,69.6429,0,100,93,74,1417,3504,2.32099,0,16.5547,7.5764,0,3403,68928085803
38.3859,26.0512,69.6429,0,100,93,74,1417,3504,2.32099,0,16.5547,7.5764,0,3403,68954138860
52.4727,19.0575,69.6429,0,100,93,74,1417,3504,2.32099,0,16.5547,7.5764,0,3403,68973197311
40.5922,24.6353,69.6429,0,100,93,74,1417,3504,2.32099,0,16.5547,7.5764,0,3403,68997833669
41.3323,24.1942,69.6429,0,100,93,74,1417,3504,2.32099,0,16.5547,7.5764,0,3403,69022028110
37.8546,26.4169,69.6429,0,100,93,74,1417,3504,2.32099,0,16.5547,7.5764,0,3403,69048447095
42.0501,23.7811,69.6429,0,100,93,74,1417,3504,2.32099,0,16.5547,7.5764,0,3403,69072231820
40.1384,24.9138,69.6429,0,100,93,74,1417,3504,2.32099,0,16.5547,7.5764,0,3403,69097145029
36.7592,27.2041,69.6429,0,100,93,74,1417,3504,2.32099,0,16.5547,7.5764,0,3403,69124350152
38.0047,26.3125,69.6429,0,100,93,74,1417,3504,2.32099,0,16.5547,7.5764,0,3403,69150665287
36.6658,27.2734,69.6429,0,100,93,74,1417,3504,2.32099,0,16.5547,7.5764,0,3403,69177939096
46.3109,21.5932,69.6429,0,100,93,74,1417,3504,2.32099,0,16.5547,7.5764,0,3403,69199533781
41.712,23.9739,69.6429,0,100,93,74,1417,3504,2.32099,0,16.5547,7.5764,0,3403,69223508801
40.9409,24.4254,69.6429,0,100,93,74,1417,3504,2.32099,0,16.5547,7.5764,0,3403,69247935804
41.5507,24.067,69.6429,0,100,93,74,1417,3504,2.32099,0,16.5547,7.5764,0,3403,69272003691
39.3845,25.3907,69.6429,0,100,93,74,1417,3504,2.32099,0,16.5547,7.5764,0,3403,69297396697
43.8081,22.8268,69.6429,0,100,93,74,1417,3504,2.32099,0,16.5547,7.5764,0,3403,69320223839
37.6097,26.5889,69.6429,0,100,93,74,1417,3504,2.32099,0,16.5547,7.5764,0,3403,69346813679
39.4464,25.3508,69.6429,0,100,93,74,1417,3504,2.32099,0,16.5547,7.5764,0,3403,69372165460
44.0767,22.6877,69.6429,0,100,93,74,1417,3504,2.32099,0,16.5547,7.5764,0,3403,69394855099
37.8289,26.4348,69.6429,0,100,93,74,1417,3504,2.32099,0,16.5547,7.5764,0,3403,69421293673
41.4234,24.1409,61.7433,0,100,94,74,1460,3504,2.32205,0,16.5277,7.5764,0,3400,69445432649
39.3741,25.3974,61.7433,0,100,94,74,1460,3504,2.32205,0,16.5277,7.5764,0,3400,69470831832
44.878,22.2826,61.7433,0,100,94,74,1460,3504,2.32205,0,16.5277,7.5764,0,3400,69493114982
36.3248,27.5294,61.7433,0,100,94,74,1460,3504,2.32205,0,16.5277,7.5764,0,3400,69520659436
36.7436,27.2156,61.7433,0,100,94,74,1460,3504,2.32205,0,16.5277,7.5764,0,3400,69547862453
44.7901,22.3264,61.7433,0,100,94,74,1460,3504,2.32205,0,16.5277,7.5764,0,3400,69570189344
42.6604,23.4409,61.7433,0,100,94,74,1460,3504,2.32205,0,16.5277,7.5764,0,3400,69593632113
39.0376,25.6163,61.7433,0,100,94,74,1460,3504,2.32205,0,16.5277,7.5764,0,3400,69619249835
37.7751,26.4725,61.7433,0,100,94,74,1460,3504,2.32205,0,16.5277,7.5764,0,3400,69645723712
41.4245,24.1403,61.7433,0,100,94,74,1460,3504,2.32205,0,16.5277,7.5764,0,3400,69669865333
41.3732,24.1702,61.7433,0,100,94,74,1460,3504,2.32205,0,16.5277,7.5764,0,3400,69694037293
42.7693,23.3812,61.7433,0,100,94,74,1460,3504,2.32205,0,16.5277,7.5764,0,3400,69717419536
37.5442,26.6353,61.7433,0,100,94,74,1460,3504,2.32205,0,16.5277,7.5764,0,3400,69744055944
44.1111,22.67,61.7433,0,100,94,74,1460,3504,2.32205,0,16.5277,7.5764,0,3400,69766727930
37.0219,27.011,61.7433,0,100,94,74,1460,3504,2.32205,0,16.5277,7.5764,0,3400,69793738939
41.6526,24.0081,61.7433,0,100,94,74,1460,3504,2.32205,0,16.5277,7.5764,0,3400,69817749043
41.0594,24.3549,61.7433,0,100,94,74,1460,3504,2.32205,0,16.5277,7.5764,0,3400,69842105011
40.0365,24.9772,61.7433,0,100,94,74,1460,3504,2.32205,0,16.5277,7.5764,0,3400,69867094866
41.3814,24.1655,61.7433,0,100,94,74,1460,3504,2.32205,0,16.5277,7.5764,0,3400,69891264293
37.527,26.6475,61.7433,0,100,94,74,1460,3504,2.32205,0,16.5277,7.5764,0,3400,69917910964
44.0327,22.7104,61.7433,0,100,94,74,1460,3504,2.32205,0,16.5277,7.5764,0,3400,69940632177
40.3943,24.7559,59.62,0,100,94,74,1455,3504,2.32208,0,16.5551,7.5764,0,3400,69965379850
39.3234,25.4302,59.62,0,100,94,74,1455,3504,2.32208,0,16.5551,7.5764,0,3400,69990812567
41.8556,23.8917,59.62,0,100,94,74,1455,3504,2.32208,0,16.5551,7.5764,0,3400,70014704793
39.0216,25.6268,59.62,0,100,94,74,1455,3504,2.32208,0,16.5551,7.5764,0,3400,70040333391
44.0345,22.7095,59.62,0,100,94,74,1455,3504,2.32208,0,16.5551,7.5764,0,3400,70063043160
39.1634,25.534,59.62,0,100,94,74,1455,3504,2.32208,0,16.5551,7.5764,0,3400,70088578260
40.4438,24.7256,59.62,0,100,94,74,1455,3504,2.32208,0,16.5551,7.5764,0,3400,70113318808
40.8674,24.4694,59.62,0,100,94,74,1455,3504,2.32208,0,16.5551,7.5764,0,3400,70137777311
39.0273,25.6231,59.62,0,100,94,74,1455,3504,2.32208,0,16.5551,7.5764,0,3400,70163400937
39.8069,25.1213,59.62,0,100,94,74,1455,3504,2.32208,0,16.5551,7.5764,0,3400,70188524700
39.9279,25.0451,59.62,0,100,94,74,1455,3504,2.32208,0,16.5551,7.5764,0,3400,70213570777
41.3993,24.155,59.62,0,100,94,74,1455,3504,2.32208,0,16.5551,7.5764,0,3400,70237727555
41.3662,24.1743,59.62,0,100,94,74,1455,3504,2.32208,0,16.5551,7.5764,0,3400,70261902277
41.9104,23.8604,59.62,0,100,94,74,1455,3504,2.32208,0,16.5551,7.5764,0,3400,70285763496
43.4528,23.0135,59.62,0,100,94,74,1455,3504,2.32208,0,16.5551,7.5764,0,3400,70308779015
39.4438,25.3526,59.62,0,100,94,74,1455,3504,2.32208,0,16.5551,7.5764,0,3400,70334132639
39.9894,25.0066,59.62,0,100,94,74,1455,3504,2.32208,0,16.5551,7.5764,0,3400,70359140597
42.3563,23.6092,59.62,0,100,94,74,1455,3504,2.32208,0,16.5551,7.5764,0,3400,70382750876
40.9571,24.4158,59.62,0,100,94,74,1455,3504,2.32208,0,16.5551,7.5764,0,3400,70407169240
40.7968,24.5117,59.62,0,100,94,74,1455,3504,2.32208,0,16.5551,7.5764,0,3400,70431680884
38.4341,26.0185,59.62,0,100,94,74,1455,3504,2.32208,0,16.5551,7.5764,0,3400,70457705458
43.2604,23.1158,56.4677,0,100,94,74,1455,3504,2.32208,0,16.5586,7.5764,0,3424,70480818319
39.4833,25.3271,56.4677,0,100,94,74,1455,3504,2.32208,0,16.5586,7.5764,0,3424,70506154039
40.0192,24.988,56.4677,0,100,94,74,1455,3504,2.32208,0,16.5586,7.5764,0,3424,70531138266
43.2955,23.0971,56.4677,0,100,94,74,1455,3504,2.32208,0,16.5586,7.5764,0,3424,70554236847
38.2227,26.1625,56.4677,0,100,94,74,1455,3504,2.32208,0,16.5586,7.5764,0,3424,70580400295
44.617,22.413,56.4677,0,100,94,74,1455,3504,2.32208,0,16.5586,7.5764,0,3424,70602814129
39.3356,25.4223,56.4677,0,100,94,74,1455,3504,2.32208,0,16.5586,7.5764,0,3424,70628237742
42.4514,23.5563,56.4677,0,100,94,74,1455,3504,2.32208,0,16.5586,7.5764,0,3424,70651795520
39.8782,25.0764,56.4677,0,100,94,74,1455,3504,2.32208,0,16.5586,7.5764,0,3424,70676872326
41.0969,24.3327,56.4677,0,100,94,74,1455,3504,2.32208,0,16.5586,7.5764,0,3424,70701206237
40.7572,24.5355,56.4677,0,100,94,74,1455,3504,2.32208,0,16.5586,7.5764,0,3424,70725743426
40.8626,24.4723,56.4677,0,100,94,74,1455,3504,2.32208,0,16.5586,7.5764,0,3424,70750217880
40.6281,24.6135,56.4677,0,100,94,74,1455,3504,2.32208,0,16.5586,7.5764,0,3424,70774832210
42.3578,23.6084,56.4677,0,100,94,74,1455,3504,2.32208,0,16.5586,7.5764,0,3424,70798440576
38.0894,26.254,56.4677,0,100,94,74,1455,3504,2.32208,0,16.5586,7.5764,0,3424,70824696095
43.814,22.8238,56.4677,0,100,94,74,1455,3504,2.32208,0,16.5586,7.5764,0,3424,70847521740
39.6148,25.2431,56.4677,0,100,94,74,1455,3504,2.32208,0,16.5586,7.5764,0,3424,70872765763
41.2477,24.2438,56.4677,0,100,94,74,1455,3504,2.32208,0,16.5586,7.5764,0,3424,70897011588
41.0255,24.3751,56.4677,0,100,94,74,1455,3504,2.32208,0,16.5586,7.5764,0,3424,70921387733
42.3654,23.6042,56.4677,0,100,94,74,1455,3504,2.32208,0,16.5586,7.5764,0,3424,70944993343
37.9895,26.3231,56.4677,0,100,94,74,1455,3504,2.32208,0,16.5586,7.5764,0,3424,70971320806
38.6522,25.8718,56.4792,0,100,94,74,1455,3504,2.32208,0,16.5834,7.5764,0,3400,70997189989
41.4159,24.1453,56.4792,0,100,94,74,1455,3504,2.32208,0,16.5834,7.5764,0,3400,71021336054
44.1712,22.6392,56.4792,0,100,94,74,1455,3504,2.32208,0,16.5834,7.5764,0,3400,71043977693
40.172,24.8929,56.4792,0,100,94,74,1455,3504,2.32208,0,16.5834,7.5764,0,3400,71068871574
41.2339,24.2519,56.4792,0,100,94,74,1455,3504,2.32208,0,16.5834,7.5764,0,3400,71093124452
40.8614,24.473,56.4792,0,100,94,74,1455,3504,2.32208,0,16.5834,7.5764,0,3400,71117599754
38.2944,26.1134,56.4792,0,100,94,74,1455,3504,2.32208,0,16.5834,7.5764,0,3400,71143713112
41.6926,23.985,56.4792,0,100,94,74,1455,3504,2.32208,0,16.5834,7.5764,0,3400,71167699914
39.7574,25.1525,56.4792,0,100,94,74,1455,3504,2.32208,0,16.5834,7.5764,0,3400,71192854139
34.9687,28.597,56.4792,0,100,94,74,1455,3504,2.32208,0,16.5834,7.5764,0,3400,71221452707
52.5829,19.0176,56.4792,0,100,94,74,1455,3504,2.32208,0,16.5834,7.5764,0,3400,71240471996
38.5795,25.9205,56.4792,0,100,94,74,1455,3504,2.32208,0,16.5834,7.5764,0,3400,71266393131
42.4909,23.5345,56.4792,0,100,94,74,1455,3504,2.32208,0,16.5834,7.5764,0,3400,71289928816
36.7493,27.2114,56.4792,0,100,94,74,1455,3504,2.32208,0,16.5834,7.5764,0,3400,71317174113
40.0969,24.9396,56.4792,0,100,94,74,1455,3504,2.32208,0,16.5834,7.5764,0,3400,71342115030
50.5612,19.778,56.4792,0,100,94,74,1455,3504,2.32208,0,16.5834,7.5764,0,3400,71361894102
39.425,25.3646,56.4792,0,100,94,74,1455,3504,2.32208,0,16.5834,7.5764,0,3400,71387260527
39.5463,25.2868,56.4792,0,100,94,74,1455,3504,2.32208,0,16.5834,7.5764,0,3400,71412549325
44.2534,22.5971,56.4792,0,100,94,74,1455,3504,2.32208,0,16.5834,7.5764,0,3400,71435147660
37.076,26.9716,56.4792,0,100,94,74,1455,3504,2.32208,0,16.5834,7.5764,0,3400,71462120743
49.0992,20.3669,56.4792,0,100,94,74,1455,3504,2.32208,0,16.5834,7.5764,0,3400,71482505791
42.5693,23.4911,59.6577,0,100,93,74,1456,3504,2.32208,0,16.5836,7.5764,0,3400,71505980154
38.7096,25.8334,59.6577,0,100,93,74,1456,3504,2.32208,0,16.5836,7.5764,0,3400,71531814668
44.9206,22.2615,59.6577,0,100,93,74,1456,3504,2.32208,0,16.5836,7.5764,0,3400,71554079175
46.6693,21.4274,59.6577,0,100,93,74,1456,3504,2.32208,0,16.5836,7.5764,0,3400,71575508437
40.6127,24.6229,59.6577,0,100,93,74,1456,3504,2.32208,0,16.5836,7.5764,0,3400,71600130965
42.8918,23.3145,59.6577,0,100,93,74,1456,3504,2.32208,0,16.5836,7.5764,0,3400,71623447369
41.8031,23.9217,59.6577,0,100,93,74,1456,3504,2.32208,0,16.5836,7.5764,0,3400,71647370541
39.921,25.0495,59.6577,0,100,93,74,1456,3504,2.32208,0,16.5836,7.5764,0,3400,71672421736
46.7576,21.3869,59.6577,0,100,93,74,1456,3504,2.32208,0,16.5836,7.5764,0,3400,71693808893
43.1847,23.1564,59.6577,0,100,93,74,1456,3504,2.32208,0,16.5836,7.5764,0,3400,71716966597
44.4338,22.5054,59.6577,0,100,93,74,1456,3504,2.32208,0,16.5836,7.5764,0,3400,71739474057
36.5754,27.3408,59.6577,0,100,93,74,1456,3504,2.32208,0,16.5836,7.5764,0,3400,71766816814
48.8104,20.4874,59.6577,0,100,93,74,1456,3504,2.32208,0,16.5836,7.5764,0,3400,71787305122
40.9603,24.4139,59.6577,0,100,93,74,1456,3504,2.32208,0,16.5836,7.5764,0,3400,71811720175
44.7287,22.357,59.6577,0,100,93,74,1456,3504,2.32208,0,16.5836,7.5764,0,3400,71834078308
40.2996,24.8142,59.6577,0,100,93,74,1456,3504,2.32208,0,16.5836,7.5764,0,3400,71858893079
45.5239,21.9665,59.6577,0,100,93,74,1456,3504,2.32208,0,16.5836,7.5764,0,3400,71880866407
41.4379,24.1325,59.6577,0,100,93,74,1456,3504,2.32208,0,16.5836,7.5764,0,3400,71905000110
40.0697,24.9565,59.6577,0,100,93,74,1456,3504,2.32208,0,16.5836,7.5764,0,3400,71929959192
39.6175,25.2413,59.6577,0,100,93,74,1456,3504,2.32208,0,16.5836,7.5764,0,3400,71955201817
49.1658,20.3393,59.6577,0,100,93,74,1456,3504,2.32208,0,16.5836,7.5764,0,3400,71975542067
43.3227,23.0826,59.6577,0,100,93,74,1456,3504,2.32208,0,16.5836,7.5764,0,3400,71998630101
41.2742,24.2282,54.5906,0,100,93,75,1548,3504,2.32208,0,16.6064,7.5764,0,3400,72022854529
42.026,23.7948,54.5906,0,100,93,75,1548,3504,2.32208,0,16.6064,7.5764,0,3400,72046651507
40.1259,24.9216,54.5906,0,100,93,75,1548,3504,2.32208,0,16.6064,7.5764,0,3400,72071573482
47.438,21.0801,54.5906,0,100,93,75,1548,3504,2.32208,0,16.6064,7.5764,0,3400,72092656257
40.5919,24.6354,54.5906,0,100,93,75,1548,3504,2.32208,0,16.6064,7.5764,0,3400,72117292165
41.5669,24.0576,54.5906,0,100,93,75,1548,3504,2.32208,0,16.6064,7.5764,0,3400,72141350410
42.2884,23.6471,54.5906,0,100,93,75,1548,3504,2.32208,0,16.6064,7.5764,0,3400,72164998725
41.7049,23.978,54.5906,0,100,93,75,1548,3504,2.32208,0,16.6064,7.5764,0,3400,72188978627
45.6896,21.8868,54.5906,0,100,93,75,1548,3504,2.32208,0,16.6064,7.5764,0,3400,72210866410
45.1057,22.1701,54.5906,0,100,93,75,1548,3504,2.32208,0,16.6064,7.5764,0,3400,72233039139
40.9508,24.4195,54.5906,0,100,93,75,1548,3504,2.32208,0,16.6064,7.5764,0,3400,72257459164
44.0278,22.7129,54.5906,0,100,93,75,1548,3504,2.32208,0,16.6064,7.5764,0,3400,72280173304
40.9413,24.4252,54.5906,0,100,93,75,1548,3504,2.32208,0,16.6064,7.5764,0,3400,72304600132
41.3328,24.1938,54.5906,0,100,93,75,1548,3504,2.32208,0,16.6064,7.5764,0,3400,72328795003
45.5381,21.9596,54.5906,0,100,93,75,1548,3504,2.32208,0,16.6064,7.5764,0,3400,72350755562
41.9933,23.8133,54.5906,0,100,93,75,1548,3504,2.32208,0,16.6064,7.5764,0,3400,72374571319
40.8501,24.4797,54.5906,0,100,93,75,1548,3504,2.32208,0,16.6064,7.5764,0,3400,72399052328
41.6926,23.9851,54.5906,0,100,93,75,1548,3504,2.32208,0,16.6064,7.5764,0,3400,72423039741
38.5069,25.9694,54.5906,0,100,93,75,1548,3504,2.32208,0,16.6064,7.5764,0,3400,72449010869
49.8327,20.0671,54.5906,0,100,93,75,1548,3504,2.32208,0,16.6064,7.5764,0,3400,72469078006
45.2216,22.1133,54.5906,0,100,93,75,1548,3504,2.32208,0,16.6064,7.5764,0,3400,72491193993
39.6786,25.2025,54.5906,0,100,93,75,1548,3504,2.32208,0,16.6064,7.5764,0,3400,72516399643
41.6678,23.9994,56.9343,0,100,97,76,1565,3504,2.32208,0,16.6071,7.5764,0,3400,72540397708
36.6822,27.2612,56.9343,0,100,97,76,1565,3504,2.32208,0,16.6071,7.5764,0,3400,72567660883
48.8661,20.4641,56.9343,0,100,97,76,1565,3504,2.32208,0,16.6071,7.5764,0,3400,72588126867
45.7344,21.8654,56.9343,0,100,97,76,1565,3504,2.32208,0,16.6071,7.5764,0,3400,72609993776
43.892,22.7832,56.9343,0,100,97,76,1565,3504,2.32208,0,16.6071,7.5764,0,3400,72632778010
37.3048,26.8062,56.9343,0,100,97,76,1565,3504,2.32208,0,16.6071,7.5764,0,3400,72659585611
48.2088,20.7431,56.9343,0,100,97,76,1565,3504,2.32208,0,16.6071,7.5764,0,3400,72680330327
40.4376,24.7295,56.9343,0,100,97,76,1565,3504,2.32208,0,16.6071,7.5764,0,3400,72705060818
46.2757,21.6096,56.9343,0,100,97,76,1565,3504,2.32208,0,16.6071,7.5764,0,3400,72726671578
40.8134,24.5018,56.9343,0,100,97,76,1565,3504,2.32208,0,16.6071,7.5764,0,3400,72751174958
37.8514,26.4191,56.9343,0,100,97,76,1565,3504,2.32208,0,16.6071,7.5764,0,3400,72777595687
51.5846,19.3856,56.9343,0,100,97,76,1565,3504,2.32208,0,16.6071,7.5764,0,3400,72796981549
40.9562,24.4163,56.9343,0,100,97,76,1565,3504,2.32208,0,16.6071,7.5764,0,3400,72821400356
43.2201,23.1374,56.9343,0,100,97,76,1565,3504,2.32208,0,16.6071,7.5764,0,3400,72844537714
37.4487,26.7032,56.9343,0,100,97,76,1565,3504,2.32208,0,16.6071,7.5764,0,3400,72871242689
44.422,22.5114,56.9343,0,100,97,76,1565,3504,2.32208,0,16.6071,7.5764,0,3400,72893754901
40.7865,24.5179,56.9343,0,100,97,76,1565,3504,2.32208,0,16.6071,7.5764,0,3400,72918274123
43.0376,23.2355,56.9343,0,100,97,76,1565,3504,2.32208,0,16.6071,7.5764,0,3400,72941510725
46.7612,21.3853,56.9343,0,100,97,76,1565,3504,2.32208,0,16.6071,7.5764,0,3400,72962897319
40.6551,24.5971,56.9343,0,100,97,76,1565,3504,2.32208,0,16.6071,7.5764,0,3400,72987495250
43.151,23.1745,56.9343,0,100,97,76,1565,3504,2.32208,0,16.6071,7.5764,0,3400,73010671030
44.6388,22.402,56.9343,0,100,97,76,1565,3504,2.32208,0,16.6071,7.5764,0,3400,73033077635
41.8525,23.8934,54.6798,0,100,97,76,1565,3504,2.32208,0,16.6273,7.5764,0,3400,73056968482
44.3319,22.5571,54.6798,0,100,97,76,1565,3504,2.32208,0,16.6273,7.5764,0,3400,73079527932
40.4523,24.7205,54.6798,0,100,97,76,1565,3504,2.32208,0,16.6273,7.5764,0,3400,73104248992
33.8168,29.5711,54.6798,0,100,97,76,1565,3504,2.32208,0,16.6273,7.5764,0,3400,73133822389
51.5188,19.4104,54.6798,0,100,97,76,1565,3504,2.32208,0,16.6273,7.5764,0,3400,73153234367
43.7355,22.8647,54.6798,0,100,97,76,1565,3504,2.32208,0,16.6273,7.5764,0,3400,73176099282
45.0888,22.1785,54.6798,0,100,97,76,1565,3504,2.32208,0,16.6273,7.5764,0,3400,73198278410
34.8783,28.6711,54.6798,0,100,97,76,1565,3504,2.32208,0,16.6273,7.5764,0,3400,73226969469
53.842,18.5729,54.6798,0,100,97,76,1565,3504,2.32208,0,16.6273,7.5764,0,3400,73245524527
42.1608,23.7187,54.6798,0,100,97,76,1565,3504,2.32208,0,16.6273,7.5764,0,3400,73269246516
38.5973,25.9086,54.6798,0,100,97,76,1565,3504,2.32208,0,16.6273,7.5764,0,3400,73295155733
48.5169,20.6114,54.6798,0,100,97,76,1565,3504,2.32208,0,16.6273,7.5764,0,3400,73315768107
42.7244,23.4059,54.6798,0,100,97,76,1565,3504,2.32208,0,16.6273,7.5764,0,3400,73339175423
41.3684,24.1731,54.6798,0,100,97,76,1565,3504,2.32208,0,16.6273,7.5764,0,3400,73363351313
40.7203,24.5578,54.6798,0,100,97,76,1565,3504,2.32208,0,16.6273,7.5764,0,3400,73387908286
47.0943,21.234,54.6798,0,100,97,76,1565,3504,2.32208,0,16.6273,7.5764,0,3400,73409207661
38.5781,25.9214,54.6798,0,100,97,76,1565,3504,2.32208,0,16.6273,7.5764,0,3400,73435066805
43.3806,23.0518,54.6798,0,100,97,76,1565,3504,2.32208,0,16.6273,7.5764,0,3400,73458119409
42.4843,23.5381,54.6798,0,100,97,76,1565,3504,2.32208,0,16.6273,7.5764,0,3400,73481659329
45.0821,22.1818,54.6798,0,100,97,76,1565,3504,2.32208,0,16.6273,7.5764,0,3400,73503843992
43.1165,23.193,54.6798,0,100,97,76,1565,3504,2.32208,0,16.6273,7.5764,0,3400,73527038285
43.0866,23.2091,54.6798,0,100,97,76,1565,3504,2.32208,0,16.6273,7.5764,0,3400,73550254028
40.7117,24.563,56.7568,0,100,88,76,1563,3504,2.32208,0,16.6277,7.5764,0,3410,73574812486
42.6813,23.4295,56.7568,0,100,88,76,1563,3504,2.32208,0,16.6277,7.5764,0,3410,73598242441
41.603,24.0367,56.7568,0,100,88,76,1563,3504,2.32208,0,16.6277,7.5764,0,3410,73622280424
35.3596,28.2808,56.7568,0,100,88,76,1563,3504,2.32208,0,16.6277,7.5764,0,3410,73650562331
47.6008,21.008,56.7568,0,100,88,76,1563,3504,2.32208,0,16.6277,7.5764,0,3410,73671571048
50.1538,19.9387,56.7568,0,100,88,76,1563,3504,2.32208,0,16.6277,7.5764,0,3410,73691511886
39.506,25.3126,56.7568,0,100,88,76,1563,3504,2.32208,0,16.6277,7.5764,0,3410,73716825616
41.606,24.035,56.7568,0,100,88,76,1563,3504,2.32208,0,16.6277,7.5764,0,3410,73740861439
45.997,21.7405,56.7568,0,100,88,76,1563,3504,2.32208,0,16.6277,7.5764,0,3410,73762602813
38.5018,25.9728,56.7568,0,100,88,76,1563,3504,2.32208,0,16.6277,7.5764,0,3410,73788577269
46.1367,21.6747,56.7568,0,100,88,76,1563,3504,2.32208,0,16.6277,7.5764,0,3410,73810254349
41.2847,24.2221,56.7568,0,100,88,76,1563,3504,2.32208,0,16.6277,7.5764,0,3410,73834476171
41.9664,23.8286,56.7568,0,100,88,76,1563,3504,2.32208,0,16.6277,7.5764,0,3410,73858306570
42.6448,23.4495,56.7568,0,100,88,76,1563,3504,2.32208,0,16.6277,7.5764,0,3410,73881757999
43.9888,22.733,56.7568,0,100,88,76,1563,3504,2.32208,0,16.6277,7.5764,0,3410,73904491452
41.7939,23.9269,56.7568,0,100,88,76,1563,3504,2.32208,0,16.6277,7.5764,0,3410,73928419572
42.9617,23.2765,56.7568,0,100,88,76,1563,3504,2.32208,0,16.6277,7.5764,0,3410,73951699603
43.2587,23.1167,56.7568,0,100,88,76,1563,3504,2.32208,0,16.6277,7.5764,0,3410,73974815013
36.82,27.1591,56.7568,0,100,88,76,1563,3504,2.32208,0,16.6277,7.5764,0,3410,74001974909
45.7445,21.8606,56.7568,0,100,88,76,1563,3504,2.32208,0,16.6277,7.5764,0,3410,74023837921
41.7632,23.9445,56.7568,0,100,88,76,1563,3504,2.32208,0,16.6277,7.5764,0,3410,74047782037
46.3811,21.5605,56.7568,0,100,88,76,1563,3504,2.32208,0,16.6277,7.5764,0,3410,74069346654
43.7486,22.8579,57.8693,0,100,88,76,1562,3504,2.32208,0,16.6277,7.5764,0,3400,74092203155
39.4887,25.3237,57.8693,0,100,88,76,1562,3504,2.32208,0,16.6277,7.5764,0,3400,74117527369
45.2314,22.1085,57.8693,0,100,88,76,1562,3504,2.32208,0,16.6277,7.5764,0,3400,74139637959
42.4542,23.5548,57.8693,0,100,88,76,1562,3504,2.32208,0,16.6277,7.5764,0,3400,74163193888
39.3194,25.4327,57.8693,0,100,88,76,1562,3504,2.32208,0,16.6277,7.5764,0,3400,74188627546
42.3867,23.5923,57.8693,0,100,88,76,1562,3504,2.32208,0,16.6277,7.5764,0,3400,74212221887
38.9905,25.6472,57.8693,0,100,88,76,1562,3504,2.32208,0,16.6277,7.5764,0,3400,74237869375
53.3921,18.7294,57.8693,0,100,88,76,1562,3504,2.32208,0,16.6277,7.5764,0,3400,74256599496
44.5433,22.4501,57.8693,0,100,88,76,1562,3504,2.32208,0,16.6277,7.5764,0,3400,74279051062
43.3016,23.0938,57.8693,0,100,88,76,1562,3504,2.32208,0,16.6277,7.5764,0,3400,74302146696
36.1883,27.6333,57.8693,0,100,88,76,1562,3504,2.32208,0,16.6277,7.5764,0,3400,74329781012
44.0008,22.7268,57.8693,0,100,88,76,1562,3504,2.32208,0,16.6277,7.5764,0,3400,74352510076
45.518,21.9693,57.8693,0,100,88,76,1562,3504,2.32208,0,16.6277,7.5764,0,3400,74374481861
61.2929,16.3151,57.8693,0,100,88,76,1562,3504,2.32208,0,16.6277,7.5764,0,3400,74390797710
45.1961,22.1258,57.8693,0,100,88,76,1562,3504,2.32208,0,16.6277,7.5764,0,3400,74412924564
46.449,21.529,57.8693,0,100,88,76,1562,3504,2.32208,0,16.6277,7.5764,0,3400,74434455111
43.8418,22.8093,57.8693,0,100,88,76,1562,3504,2.32208,0,16.6277,7.5764,0,3400,74457266112
43.9523,22.7519,57.8693,0,100,88,76,1562,3504,2.32208,0,16.6277,7.5764,0,3400,74480018436
43.3114,23.0886,57.8693,0,100,88,76,1562,3504,2.32208,0,16.6277,7.5764,0,3400,74503108961
44.4514,22.4965,57.8693,0,100,88,76,1562,3504,2.32208,0,16.6277,7.5764,0,3400,74525607445
44.7719,22.3354,57.8693,0,100,88,76,1562,3504,2.32208,0,16.6277,7.5764,0,3400,74547944305
45.5576,21.9502,57.8693,0,100,88,76,1562,3504,2.32208,0,16.6277,7.5764,0,3400,74569901292
43.3211,23.0834,67.0025,0,100,93,76,1570,3504,2.32208,0,16.6422,7.5764,0,3403,74592980424
45.9191,21.7774,67.0025,0,100,93,76,1570,3504,2.32208,0,16.6422,7.5764,0,3403,74614757904
44.7335,22.3546,67.0025,0,100,93,76,1570,3504,2.32208,0,16.6422,7.5764,0,3403,74637113985
42.2842,23.6495,67.0025,0,100,93,76,1570,3504,2.32208,0,16.6422,7.5764,0,3403,74660765116
44.5978,22.4226,67.0025,0,100,93,76,1570,3504,2.32208,0,16.6422,7.5764,0,3403,74683188847
42.9836,23.2647,67.0025,0,100,93,76,1570,3504,2.32208,0,16.6422,7.5764,0,3403,74706454167
46.0689,21.7066,67.0025,0,100,93,76,1570,3504,2.32208,0,16.6422,7.5764,0,3403,74728162953
44.5893,22.4269,67.0025,0,100,93,76,1570,3504,2.32208,0,16.6422,7.5764,0,3403,74750590426
45.8795,21.7962,67.0025,0,100,93,76,1570,3504,2.32208,0,16.6422,7.5764,0,3403,74772388112
43.9353,22.7607,67.0025,0,100,93,76,1570,3504,2.32208,0,16.6422,7.5764,0,3403,74795149944
40.0484,24.9698,67.0025,0,100,93,76,1570,3504,2.32208,0,16.6422,7.5764,0,3403,74820121670
49.5064,20.1994,67.0025,0,100,93,76,1570,3504,2.32208,0,16.6422,7.5764,0,3403,74840322477
44.4653,22.4895,67.0025,0,100,93,76,1570,3504,2.32208,0,16.6422,7.5764,0,3403,74862812434
45.2795,22.0851,67.0025,0,100,93,76,1570,3504,2.32208,0,16.6422,7.5764,0,3403,74884898704
44.115,22.668,67.0025,0,100,93,76,1570,3504,2.32208,0,16.6422,7.5764,0,3403,74907567327
41.5309,24.0784,67.0025,0,100,93,76,1570,3504,2.32208,0,16.6422,7.5764,0,3403,74931647624
46.4918,21.5092,67.0025,0,100,93,76,1570,3504,2.32208,0,16.6422,7.5764,0,3403,74953157601
42.4098,23.5795,67.0025,0,100,93,76,1570,3504,2.32208,0,16.6422,7.5764,0,3403,74976739235
50.2187,19.9129,67.0025,0,100,93,76,1570,3504,2.32208,0,16.6422,7.5764,0,3403,74996652692
30.6663,32.6091,67.0025,0,100,93,76,1570,3504,2.32208,0,16.6422,7.5764,0,3403,75029263895
47.587,21.0141,67.0025,0,100,93,76,1570,3504,2.32208,0,16.6422,7.5764,0,3403,75050278943
59.7422,16.7386,67.0025,0,100,93,76,1570,3504,2.32208,0,16.6422,7.5764,0,3403,75067018012
51.8786,19.2758,67.0025,0,100,93,76,1570,3504,2.32208,0,16.6422,7.5764,0,3403,75086299539
41.7266,23.9655,59.322,0,100,93,77,1654,3504,2.32208,0,16.6584,7.5764,0,3415,75110261875
45.6132,21.9235,59.322,0,100,93,77,1654,3504,2.32208,0,16.6584,7.5764,0,3415,75132187004
48.0125,20.8279,59.322,0,100,93,77,1654,3504,2.32208,0,16.6584,7.5764,0,3415,75153015444
40.2089,24.8701,59.322,0,100,93,77,1654,3504,2.32208,0,16.6584,7.5764,0,3415,75177887782
46.3084,21.5943,59.322,0,100,93,77,1654,3504,2.32208,0,16.6584,7.5764,0,3415,75199482338
43.4646,23.0072,59.322,0,100,93,77,1654,3504,2.32208,0,16.6584,7.5764,0,3415,75222490876
45.7101,21.877,59.322,0,100,93,77,1654,3504,2.32208,0,16.6584,7.5764,0,3415,75244369279
45.0188,22.2129,59.322,0,100,93,77,1654,3504,2.32208,0,16.6584,7.5764,0,3415,75266583978
45.0668,22.1893,59.322,0,100,93,77,1654,3504,2.32208,0,16.6584,7.5764,0,3415,75288775129
41.2751,24.2277,59.322,0,100,93,77,1654,3504,2.32208,0,16.6584,7.5764,0,3415,75313003731
44.8346,22.3042,59.322,0,100,93,77,1654,3504,2.32208,0,16.6584,7.5764,0,3415,75335308781
42.9281,23.2948,59.322,0,100,93,77,1654,3504,2.32208,0,16.6584,7.5764,0,3415,75358604994
49.7259,20.1102,59.322,0,100,93,77,1654,3504,2.32208,0,16.6584,7.5764,0,3415,75378715859
38.2482,26.145,59.322,0,100,93,77,1654,3504,2.32208,0,16.6584,7.5764,0,3415,75404862652
48.0658,20.8048,59.322,0,100,93,77,1654,3504,2.32208,0,16.6584,7.5764,0,3415,75425669203
50.5322,19.7894,59.322,0,100,93,77,1654,3504,2.32208,0,16.6584,7.5764,0,3415,75445460215
46.36,21.5703,59.322,0,100,93,77,1654,3504,2.32208,0,16.6584,7.5764,0,3415,75467031688
43.6322,22.9189,59.322,0,100,93,77,1654,3504,2.32208,0,16.6584,7.5764,0,3415,75489950792
41.402,24.1534,59.322,0,100,93,77,1654,3504,2.32208,0,16.6584,7.5764,0,3415,75514106371
44.3732,22.5361,59.322,0,100,93,77,1654,3504,2.32208,0,16.6584,7.5764,0,3415,75536643337
42.9611,23.2769,59.322,0,100,93,77,1654,3504,2.32208,0,16.6584,7.5764,0,3415,75559922006
50.2737,19.8911,59.322,0,100,93,77,1654,3504,2.32208,0,16.6584,7.5764,0,3415,75579814059
45.9415,21.7668,59.322,0,100,93,77,1654,3504,2.32208,0,16.6584,7.5764,0,3415,75601587072
43.9264,22.7654,57.2127,0,100,87,78,1657,3504,2.32208,0,16.6585,7.5764,0,3400,75624348074
44.4443,22.5001,57.2127,0,100,87,78,1657,3504,2.32208,0,16.6585,7.5764,0,3400,75646857146
43.9635,22.7461,57.2127,0,100,87,78,1657,3504,2.32208,0,16.6585,7.5764,0,3400,75669605102
45.0161,22.2143,57.2127,0,100,87,78,1657,3504,2.32208,0,16.6585,7.5764,0,3400,75691820000
48.3202,20.6953,57.2127,0,100,87,78,1657,3504,2.32208,0,16.6585,7.5764,0,3400,75712515777
42.4471,23.5587,57.2127,0,100,87,78,1657,3504,2.32208,0,16.6585,7.5764,0,3400,75736076275
43.627,22.9216,57.2127,0,100,87,78,1657,3504,2.32208,0,16.6585,7.5764,0,3400,75758998839
48.2401,20.7297,57.2127,0,100,87,78,1657,3504,2.32208,0,16.6585,7.5764,0,3400,75779731877
41.4005,24.1543,57.2127,0,100,87,78,1657,3504,2.32208,0,16.6585,7.5764,0,3400,75803886643
51.7953,19.3068,57.2127,0,100,87,78,1657,3504,2.32208,0,16.6585,7.5764,0,3400,75823194409
41.6394,24.0157,57.2127,0,100,87,78,1657,3504,2.32208,0,16.6585,7.5764,0,3400,75847211293
47.3703,21.1103,57.2127,0,100,87,78,1657,3504,2.32208,0,16.6585,7.5764,0,3400,75868322969
43.5059,22.9854,57.2127,0,100,87,78,1657,3504,2.32208,0,16.6585,7.5764,0,3400,75891310302
45.0066,22.219,57.2127,0,100,87,78,1657,3504,2.32208,0,16.6585,7.5764,0,3400,75913530445
45.71,21.877,57.2127,0,100,87,78,1657,3504,2.32208,0,16.6585,7.5764,0,3400,75935408068
45.4341,22.0099,57.2127,0,100,87,78,1657,3504,2.32208,0,16.6585,7.5764,0,3400,75957520355
42.5459,23.504,57.2127,0,100,87,78,1657,3504,2.32208,0,16.6585,7.5764,0,3400,75980923634
44.5285,22.4575,57.2127,0,100,87,78,1657,3504,2.32208,0,16.6585,7.5764,0,3400,76003433316
44.0323,22.7106,57.2127,0,100,87,78,1657,3504,2.32208,0,16.6585,7.5764,0,3400,76026094401
46.7348,21.3973,57.2127,0,100,87,78,1657,3504,2.32208,0,16.6585,7.5764,0,3400,76047494234
42.7916,23.3691,57.2127,0,100,87,78,1657,3504,2.32208,0,16.6585,7.5764,0,3400,76070863882
45.0694,22.188,57.2127,0,100,87,78,1657,3504,2.32208,0,16.6585,7.5764,0,3400,76093053315
44.1825,22.6334,57.2127,0,100,87,78,1657,3504,2.32208,0,16.6585,7.5764,0,3400,76115695223
45.8394,21.8153,56.4792,0,100,87,78,1657,3504,2.32208,0,16.6669,7.5764,0,3402,76137504189
49.9328,20.0269,56.4792,0,100,87,78,1657,3504,2.32208,0,16.6669,7.5764,0,3402,76157532528
41.3694,24.1724,56.4792,0,100,87,78,1657,3504,2.32208,0,16.6669,7.5764,0,3402,76181706028
41.7948,23.9264,56.4792,0,100,87,78,1657,3504,2.32208,0,16.6669,7.5764,0,3402,76205633921
46.3253,21.5865,56.4792,0,100,87,78,1657,3504,2.32208,0,16.6669,7.5764,0,3402,76227221962
44.8936,22.2749,56.4792,0,100,87,78,1657,3504,2.32208,0,16.6669,7.5764,0,3402,76249498026
43.7417,22.8615,56.4792,0,100,87,78,1657,3504,2.32208,0,16.6669,7.5764,0,3402,76272360135
50.151,19.9398,56.4792,0,100,87,78,1657,3504,2.32208,0,16.6669,7.5764,0,3402,76292301157
43.8467,22.8067,56.4792,0,100,87,78,1657,3504,2.32208,0,16.6669,7.5764,0,3402,76315109836
45.8775,21.7972,56.4792,0,100,87,78,1657,3504,2.32208,0,16.6669,7.5764,0,3402,76336909009
39.125,25.5591,56.4792,0,100,87,78,1657,3504,2.32208,0,16.6669,7.5764,0,3402,76362468719
46.6992,21.4136,56.4792,0,100,87,78,1657,3504,2.32208,0,16.6669,7.5764,0,3402,76383884583
51.1033,19.5682,56.4792,0,100,87,78,1657,3504,2.32208,0,16.6669,7.5764,0,3402,76403454596
44.1446,22.6528,56.4792,0,100,87,78,1657,3504,2.32208,0,16.6669,7.5764,0,3402,76426109138
41.3311,24.1949,56.4792,0,100,87,78,1657,3504,2.32208,0,16.6669,7.5764,0,3402,76450305283
48.2521,20.7245,56.4792,0,100,87,78,1657,3504,2.32208,0,16.6669,7.5764,0,3402,76471031516
42.4488,23.5578,56.4792,0,100,87,78,1657,3504,2.32208,0,16.6669,7.5764,0,3402,76494589621
42.7867,23.3717,56.4792,0,100,87,78,1657,3504,2.32208,0,16.6669,7.5764,0,3402,76517962855
46.9513,21.2987,56.4792,0,100,87,78,1657,3504,2.32208,0,16.6669,7.5764,0,3402,76539263272
49.342,20.2667,56.4792,0,100,87,78,1657,3504,2.32208,0,16.6669,7.5764,0,3402,76559530750
38.6016,25.9056,56.4792,0,100,87,78,1657,3504,2.32208,0,16.6669,7.5764,0,3402,76585437101
52.9752,18.8768,56.4792,0,100,87,78,1657,3504,2.32208,0,16.6669,7.5764,0,3402,76604315640
44.0608,22.6959,56.4792,0,100,87,78,1657,3504,2.32208,0,16.6669,7.5764,0,3402,76627015444
42.8459,23.3395,56.0494,0,100,91,78,1657,3504,2.32208,0,16.6675,7.5764,0,3400,76650353283
46.1109,21.6868,56.0494,0,100,91,78,1657,3504,2.32208,0,16.6675,7.5764,0,3400,76672042307
44.9,22.2717,56.0494,0,100,91,78,1657,3504,2.32208,0,16.6675,7.5764,0,3400,76694315524
39.9291,25.0444,56.0494,0,100,91,78,1657,3504,2.32208,0,16.6675,7.5764,0,3400,76719360620
47.9122,20.8715,56.0494,0,100,91,78,1657,3504,2.32208,0,16.6675,7.5764,0,3400,76740232803
46.5763,21.4701,56.0494,0,100,91,78,1657,3504,2.32208,0,16.6675,7.5764,0,3400,76761704511
43.3511,23.0675,56.0494,0,100,91,78,1657,3504,2.32208,0,16.6675,7.5764,0,3400,76784773061
46.3062,21.5954,56.0494,0,100,91,78,1657,3504,2.32208,0,16.6675,7.5764,0,3400,76806369302
44.1112,22.67,56.0494,0,100,91,78,1657,3504,2.32208,0,16.6675,7.5764,0,3400,76829040962
44.9715,22.2363,56.0494,0,100,91,78,1657,3504,2.32208,0,16.6675,7.5764,0,3400,76851278897
43.315,23.0867,56.0494,0,100,91,78,1657,3504,2.32208,0,16.6675,7.5764,0,3400,76874366725
46.3648,21.5681,56.0494,0,100,91,78,1657,3504,2.32208,0,16.6675,7.5764,0,3400,76895935858
43.3185,23.0848,56.0494,0,100,91,78,1657,3504,2.32208,0,16.6675,7.5764,0,3400,76919021629
47.4008,21.0967,56.0494,0,100,91,78,1657,3504,2.32208,0,16.6675,7.5764,0,3400,76940119717
40.7464,24.542,56.0494,0,100,91,78,1657,3504,2.32208,0,16.6675,7.5764,0,3400,76964663243
44.9277,22.258,56.0494,0,100,91,78,1657,3504,2.32208,0,16.6675,7.5764,0,3400,76986922692
44.1843,22.6325,56.0494,0,100,91,78,1657,3504,2.32208,0,16.6675,7.5764,0,3400,77009556403
48.9148,20.4437,56.0494,0,100,91,78,1657,3504,2.32208,0,16.6675,7.5764,0,3400,77030002022
43.2957,23.097,56.0494,0,100,91,78,1657,3504,2.32208,0,16.6675,7.5764,0,3400,77053100139
43.6144,22.9282,56.0494,0,100,91,78,1657,3504,2.32208,0,16.6675,7.5764,0,3400,77076029565
42.2224,23.6841,56.0494,0,100,91,78,1657,3504,2.32208,0,16.6675,7.5764,0,3400,77099715296
52.6417,18.9964,56.0494,0,100,91,78,1657,3504,2.32208,0,16.6675,7.5764,0,3400,77118712805
45.8093,21.8296,56.0494,0,100,91,78,1657,3504,2.32208,0,16.6675,7.5764,0,3400,77140550480
43.8181,22.8216,55.8824,0,100,91,78,1657,3504,2.32208,0,16.6903,7.5764,0,3401,77163367148
44.3256,22.5603,55.8824,0,100,91,78,1657,3504,2.32208,0,16.6903,7.5764,0,3401,77185929243
43.0843,23.2103,55.8824,0,100,91,78,1657,3504,2.32208,0,16.6903,7.5764,0,3401,77209140774
44.3272,22.5595,55.8824,0,100,91,78,1657,3504,2.32208,0,16.6903,7.5764,0,3401,77231700995
48.3251,20.6932,55.8824,0,100,91,78,1657,3504,2.32208,0,16.6903,7.5764,0,3401,77252394482
44.7486,22.347,55.8824,0,100,91,78,1657,3504,2.32208,0,16.6903,7.5764,0,3401,77274742653
46.3503,21.5748,55.8824,0,100,91,78,1657,3504,2.32208,0,16.6903,7.5764,0,3401,77296319148
45.8829,21.7946,55.8824,0,100,91,78,1657,3504,2.32208,0,16.6903,7.5764,0,3401,77318115368
46.63,21.4454,55.8824,0,100,91,78,1657,3504,2.32208,0,16.6903,7.5764,0,3401,77339561803
44.9795,22.2323,55.8824,0,100,91,78,1657,3504,2.32208,0,16.6903,7.5764,0,3401,77361794207
42.6816,23.4293,55.8824,0,100,91,78,1657,3504,2.32208,0,16.6903,7.5764,0,3401,77385225112
49.2266,20.3142,55.8824,0,100,91,78,1657,3504,2.32208,0,16.6903,7.5764,0,3401,77405540976
46.3055,21.5957,55.8824,0,100,91,78,1657,3504,2.32208,0,16.6903,7.5764,0,3401,77427137802
46.3265,21.5859,55.8824,0,100,91,78,1657,3504,2.32208,0,16.6903,7.5764,0,3401,77448725571
44.0591,22.6968,55.8824,0,100,91,78,1657,3504,2.32208,0,16.6903,7.5764,0,3401,77471423352
41.361,24.1774,55.8824,0,100,91,78,1657,3504,2.32208,0,16.6903,7.5764,0,3401,77495603235
50.7532,19.7032,55.8824,0,100,91,78,1657,3504,2.32208,0,16.6903,7.5764,0,3401,77515306565
45.6547,21.9036,55.8824,0,100,91,78,1657,3504,2.32208,0,16.6903,7.5764,0,3401,77537211716
42.1605,23.7189,55.8824,0,100,91,78,1657,3504,2.32208,0,16.6903,7.5764,0,3401,77560932370
50.4519,19.8209,55.8824,0,100,91,78,1657,3504,2.32208,0,16.6903,7.5764,0,3401,77580753222
41.6465,24.0116,55.8824,0,100,91,78,1657,3504,2.32208,0,16.6903,7.5764,0,3401,77604765899
46.6022,21.4582,55.8824,0,100,91,78,1657,3504,2.32208,0,16.6903,7.5764,0,3401,77626226245
41.9438,23.8414,55.8824,0,100,91,78,1657,3504,2.32208,0,16.6903,7.5764,0,3401,77650071940
48.4175,20.6537,56.9307,0,100,94,78,1662,3504,2.32208,0,16.6831,7.5764,0,3409,77670723917
46.7955,21.3696,56.9307,0,100,94,78,1662,3504,2.32208,0,16.6831,7.5764,0,3409,77692094484
46.2847,21.6054,56.9307,0,100,94,78,1662,3504,2.32208,0,16.6831,7.5764,0,3409,77713701914
43.3566,23.0645,56.9307,0,100,94,78,1662,3504,2.32208,0,16.6831,7.5764,0,3409,77736767806
43.1089,23.1971,56.9307,0,100,94,78,1662,3504,2.32208,0,16.6831,7.5764,0,3409,77759968477
40.0933,24.9418,56.9307,0,100,94,78,1662,3504,2.32208,0,16.6831,7.5764,0,3409,77784909722
54.2357,18.438,56.9307,0,100,94,78,1662,3504,2.32208,0,16.6831,7.5764,0,3409,77803349869
43.626,22.9221,56.9307,0,100,94,78,1662,3504,2.32208,0,16.6831,7.5764,0,3409,77826273795
44.4242,22.5102,56.9307,0,100,94,78,1662,3504,2.32208,0,16.6831,7.5764,0,3409,77848785618
52.2585,19.1357,56.9307,0,100,94,78,1662,3504,2.32208,0,16.6831,7.5764,0,3409,77867922127
44.3515,22.5472,56.9307,0,100,94,78,1662,3504,2.32208,0,16.6831,7.5764,0,3409,77890471151
45.3454,22.053,56.9307,0,100,94,78,1662,3504,2.32208,0,16.6831,7.5764,0,3409,77912525798
38.1465,26.2147,56.9307,0,100,94,78,1662,3504,2.32208,0,16.6831,7.5764,0,3409,77938740928
53.2039,18.7956,56.9307,0,100,94,78,1662,3504,2.32208,0,16.6831,7.5764,0,3409,77957537498
47.7107,20.9597,56.9307,0,100,94,78,1662,3504,2.32208,0,16.6831,7.5764,0,3409,77978499334
45.3483,22.0515,56.9307,0,100,94,78,1662,3504,2.32208,0,16.6831,7.5764,0,3409,78000551432
43.9939,22.7304,56.9307,0,100,94,78,1662,3504,2.32208,0,16.6831,7.5764,0,3409,78023304045
41.1002,24.3308,56.9307,0,100,94,78,1662,3504,2.32208,0,16.6831,7.5764,0,3409,78047635354
45.9249,21.7747,56.9307,0,100,94,78,1662,3504,2.32208,0,16.6831,7.5764,0,3409,78069411710
50.9858,19.6133,56.9307,0,100,94,78,1662,3504,2.32208,0,16.6831,7.5764,0,3409,78089025768
45.3805,22.0359,56.9307,0,100,94,78,1662,3504,2.32208,0,16.6831,7.5764,0,3409,78111062870
40.576,24.6451,56.9307,0,100,94,78,1662,3504,2.32208,0,16.6831,7.5764,0,3409,78135709756
46.0749,21.7038,56.9307,0,100,94,78,1662,3504,2.32208,0,16.6831,7.5764,0,3409,78157416652
46.6769,21.4239,55.2764,0,100,94,79,1687,3504,2.32208,0,16.6847,7.5764,0,3430,78178841197
43.7121,22.877,55.2764,0,100,94,79,1687,3504,2.32208,0,16.6847,7.5764,0,3430,78201718010
47.032,21.2621,55.2764,0,100,94,79,1687,3504,2.32208,0,16.6847,7.5764,0,3430,78222982356
45.6314,21.9147,55.2764,0,100,94,79,1687,3504,2.32208,0,16.6847,7.5764,0,3430,78244897728
44.689,22.3769,55.2764,0,100,94,79,1687,3504,2.32208,0,16.6847,7.5764,0,3430,78267275260
47.4594,21.0707,55.2764,0,100,94,79,1687,3504,2.32208,0,16.6847,7.5764,0,3430,78288348017
43.1451,23.1776,55.2764,0,100,94,79,1687,3504,2.32208,0,16.6847,7.5764,0,3430,78311526884
47.0592,21.2498,55.2764,0,100,94,79,1687,3504,2.32208,0,16.6847,7.5764,0,3430,78332778125
48.7172,20.5266,55.2764,0,100,94,79,1687,3504,2.32208,0,16.6847,7.5764,0,3430,78353305507
40.2976,24.8153,55.2764,0,100,94,79,1687,3504,2.32208,0,16.6847,7.5764,0,3430,78378121725
45.9789,21.7491,55.2764,0,100,94,79,1687,3504,2.32208,0,16.6847,7.5764,0,3430,78399872673
46.551,21.4818,55.2764,0,100,94,79,1687,3504,2.32208,0,16.6847,7.5764,0,3430,78421367076
47.6303,20.995,55.2764,0,100,94,79,1687,3504,2.32208,0,16.6847,7.5764,0,3430,78442364783
42.208,23.6922,55.2764,0,100,94,79,1687,3504,2.32208,0,16.6847,7.5764,0,3430,78466070739
47.1247,21.2203,55.2764,0,100,94,79,1687,3504,2.32208,0,16.6847,7.5764,0,3430,78487278401
42.6877,23.4259,55.2764,0,100,94,79,1687,3504,2.32208,0,16.6847,7.5764,0,3430,78510705429
45.6166,21.9219,55.2764,0,100,94,79,1687,3504,2.32208,0,16.6847,7.5764,0,3430,78532628280
49.8003,20.0802,55.2764,0,100,94,79,1687,3504,2.32208,0,16.6847,7.5764,0,3430,78552709570
43.663,22.9027,55.2764,0,100,94,79,1687,3504,2.32208,0,16.6847,7.5764,0,3430,78575614289
45.7296,21.8677,55.2764,0,100,94,79,1687,3504,2.32208,0,16.6847,7.5764,0,3430,78597483527
46.5906,21.4636,55.2764,0,100,94,79,1687,3504,2.32208,0,16.6847,7.5764,0,3430,78618949450
45.015,22.2148,55.2764,0,100,94,79,1687,3504,2.32208,0,16.6847,7.5764,0,3430,78641163734
43.5507,22.9617,55.2764,0,100,94,79,1687,3504,2.32208,0,16.6847,7.5764,0,3430,78664130113
47.163,21.203,57.1782,0,100,92,79,1683,3504,2.32208,0,16.6851,7.5764,0,3400,78685331295
45.5522,21.9528,57.1782,0,100,92,79,1683,3504,2.32208,0,16.6851,7.5764,0,3400,78707284887
43.6097,22.9307,57.1782,0,100,92,79,1683,3504,2.32208,0,16.6851,7.5764,0,3400,78730216574
42.8588,23.3324,57.1782,0,100,92,79,1683,3504,2.32208,0,16.6851,7.5764,0,3400,78753550550
50.5766,19.772,57.1782,0,100,92,79,1683,3504,2.32208,0,16.6851,7.5764,0,3400,78773324059
42.6645,23.4387,57.1782,0,100,92,79,1683,3504,2.32208,0,16.6851,7.5764,0,3400,78796763811
42.7931,23.3683,57.1782,0,100,92,79,1683,3504,2.32208,0,16.6851,7.5764,0,3400,78820133904
52.5819,19.018,57.1782,0,100,92,79,1683,3504,2.32208,0,16.6851,7.5764,0,3400,78839153158
43.1203,23.1909,57.1782,0,100,92,79,1683,3504,2.32208,0,16.6851,7.5764,0,3400,78862345250
43.2329,23.1306,57.1782,0,100,92,79,1683,3504,2.32208,0,16.6851,7.5764,0,3400,78885477015
44.5965,22.4233,57.1782,0,100,92,79,1683,3504,2.32208,0,16.6851,7.5764,0,3400,78907900834
45.8781,21.7969,57.1782,0,100,92,79,1683,3504,2.32208,0,16.6851,7.5764,0,3400,78929700467
48.6767,20.5437,57.1782,0,100,92,79,1683,3504,2.32208,0,16.6851,7.5764,0,3400,78950244976
44.1391,22.6556,57.1782,0,100,92,79,1683,3504,2.32208,0,16.6851,7.5764,0,3400,78972901269
45.0315,22.2067,57.1782,0,100,92,79,1683,3504,2.32208,0,16.6851,7.5764,0,3400,78995108447
47.5999,21.0085,57.1782,0,100,92,79,1683,3504,2.32208,0,16.6851,7.5764,0,3400,79016119405
45.4008,22.0261,57.1782,0,100,92,79,1683,3504,2.32208,0,16.6851,7.5764,0,3400,79038147076
43.2713,23.11,57.1782,0,100,92,79,1683,3504,2.32208,0,16.6851,7.5764,0,3400,79061258360
47.6788,20.9737,57.1782,0,100,92,79,1683,3504,2.32208,0,16.6851,7.5764,0,3400,79082233077
43.9804,22.7374,57.1782,0,100,92,79,1683,3504,2.32208,0,16.6851,7.5764,0,3400,79104971717
46.3059,21.5955,57.1782,0,100,92,79,1683,3504,2.32208,0,16.6851,7.5764,0,3400,79126568941
42.9926,23.2598,57.1782,0,100,92,79,1683,3504,2.32208,0,16.6851,7.5764,0,3400,79149829374
45.5328,21.9622,57.1782,0,100,92,79,1683,3504,2.32208,0,16.6851,7.5764,0,3400,79171797994
46.8378,21.3503,56.8922,0,100,92,79,1683,3504,2.32208,0,16.6851,7.5764,0,3400,79193144556
39.481,25.3287,56.8922,0,100,92,79,1683,3504,2.32208,0,16.6851,7.5764,0,3400,79218474319
45.0495,22.1978,56.8922,0,100,92,79,1683,3504,2.32208,0,16.6851,7.5764,0,3400,79240672814
40.9469,24.4218,56.8922,0,100,92,79,1683,3504,2.32208,0,16.6851,7.5764,0,3400,79265095428
49.8534,20.0588,56.8922,0,100,92,79,1683,3504,2.32208,0,16.6851,7.5764,0,3400,79285155862
53.2943,18.7637,56.8922,0,100,92,79,1683,3504,2.32208,0,16.6851,7.5764,0,3400,79303921027
46.1063,21.689,56.8922,0,100,92,79,1683,3504,2.32208,0,16.6851,7.5764,0,3400,79325612478
47.973,20.845,56.8922,0,100,92,79,1683,3504,2.32208,0,16.6851,7.5764,0,3400,79346458124
45.0514,22.1968,56.8922,0,100,92,79,1683,3504,2.32208,0,16.6851,7.5764,0,3400,79368656472
46.2008,21.6447,56.8922,0,100,92,79,1683,3504,2.32208,0,16.6851,7.5764,0,3400,79390302395
43.942,22.7573,56.8922,0,100,92,79,1683,3504,2.32208,0,16.6851,7.5764,0,3400,79413060450
39.7169,25.1782,56.8922,0,100,92,79,1683,3504,2.32208,0,16.6851,7.5764,0,3400,79438239807
46.1936,21.648,56.8922,0,100,92,79,1683,3504,2.32208,0,16.6851,7.5764,0,3400,79459888983
50.7894,19.6892,56.8922,0,100,92,79,1683,3504,2.32208,0,16.6851,7.5764,0,3400,79479580595
36.2682,27.5724,56.8922,0,100,92,79,1683,3504,2.32208,0,16.6851,7.5764,0,3400,79507153817
54.106,18.4822,56.8922,0,100,92,79,1683,3504,2.32208,0,16.6851,7.5764,0,3400,79525637792
45.0838,22.1809,56.8922,0,100,92,79,1683,3504,2.32208,0,16.6851,7.5764,0,3400,79547820565
40.6081,24.6256,56.8922,0,100,92,79,1683,3504,2.32208,0,16.6851,7.5764,0,3400,79572448314
58.2094,17.1794,56.8922,0,100,92,79,1683,3504,2.32208,0,16.6851,7.5764,0,3400,79589628023
34.5718,28.9253,56.8922,0,100,92,79,1683,3504,2.32208,0,16.6851,7.5764,0,3400,79618554538
53.9897,18.522,56.8922,0,100,92,79,1683,3504,2.32208,0,16.6851,7.5764,0,3400,79637078058
46.6934,21.4163,56.8922,0,100,92,79,1683,3504,2.32208,0,16.6851,7.5764,0,3400,79658495198
35.8987,27.8561,56.8922,0,100,92,79,1683,3504,2.32208,0,16.6851,7.5764,0,3400,79686360629
40.5774,24.6442,75.1244,0,100,95,80,1683,3504,2.32208,0,16.6771,7.5764,0,3400,79710997997
57.1148,17.5086,75.1244,0,100,95,80,1683,3504,2.32208,0,16.6771,7.5764,0,3400,79728507305
60.5457,16.5164,75.1244,0,100,95,80,1683,3504,2.32208,0,16.6771,7.5764,0,3400,79745025520
45.9409,21.7671,75.1244,0,100,95,80,1683,3504,2.32208,0,16.6771,7.5764,0,3400,79766793942
41.5653,24.0585,75.1244,0,100,95,80,1683,3504,2.32208,0,16.6771,7.5764,0,3400,79790853761
39.8068,25.1213,75.1244,0,100,95,80,1683,3504,2.32208,0,16.6771,7.5764,0,3400,79815975881
39.9263,25.0461,75.1244,0,100,95,80,1683,3504,2.32208,0,16.6771,7.5764,0,3400,79841023563
40.7908,24.5154,75.1244,0,100,95,80,1683,3504,2.32208,0,16.6771,7.5764,0,3400,79865540490
58.2511,17.1671,75.1244,0,100,95,80,1683,3504,2.32208,0,16.6771,7.5764,0,3400,79882708065
39.6552,25.2174,75.1244,0,100,95,80,1683,3504,2.32208,0,16.6771,7.5764,0,3400,79907927016
39.8261,25.1092,75.1244,0,100,95,80,1683,3504,2.32208,0,16.6771,7.5764,0,3400,79933038605
43.7031,22.8817,75.1244,0,100,95,80,1683,3504,2.32208,0,16.6771,7.5764,0,3400,79955921395
37.8014,26.454,75.1244,0,100,95,80,1683,3504,2.32208,0,16.6771,7.5764,0,3400,79982375536
41.9463,23.84,75.1244,0,100,95,80,1683,3504,2.32208,0,16.6771,7.5764,0,3400,80006218351
39.4058,25.377,75.1244,0,100,95,80,1683,3504,2.32208,0,16.6771,7.5764,0,3400,80031595422
42.8985,23.3108,75.1244,0,100,95,80,1683,3504,2.32208,0,16.6771,7.5764,0,3400,80054907353
35.017,28.5576,75.1244,0,100,95,80,1683,3504,2.32208,0,16.6771,7.5764,0,3400,80083465379
26.3062,38.0139,75.1244,0,100,95,80,1683,3504,2.32208,0,16.6771,7.5764,0,3400,80121481082
46.9535,21.2977,75.1244,0,100,95,80,1683,3504,2.32208,0,16.6771,7.5764,0,3400,80142780481
41.0675,24.3502,75.1244,0,100,95,80,1683,3504,2.32208,0,16.6771,7.5764,0,3400,80167131998
39.4253,25.3644,75.1244,0,100,95,80,1683,3504,2.32208,0,16.6771,7.5764,0,3400,80192521346
29.5538,33.8366,63.038,0,100,95,78,1523,3504,2.32208,0,16.6702,7.5764,0,1834,80226355503
44.2885,22.5792,63.038,0,100,95,78,1523,3504,2.32208,0,16.6702,7.5764,0,1834,80248936487
33.5311,29.8231,63.038,0,100,95,78,1523,3504,2.32208,0,16.6702,7.5764,0,1834,80278761514
34.8406,28.7022,63.038,0,100,95,78,1523,3504,2.32208,0,16.6702,7.5764,0,1834,80307465271
26.0486,38.3897,63.038,0,100,95,78,1523,3504,2.32208,0,16.6702,7.5764,0,1834,80345854089
57.3564,17.4349,63.038,0,100,95,78,1523,3504,2.32208,0,16.6702,7.5764,0,1834,80363291086
30.975,32.2841,63.038,0,100,95,78,1523,3504,2.32208,0,16.6702,7.5764,0,1834,80395576708
30.7307,32.5407,63.038,0,100,95,78,1523,3504,2.32208,0,16.6702,7.5764,0,1834,80428117553
38.6655,25.8628,63.038,0,100,95,78,1523,3504,2.32208,0,16.6702,7.5764,0,1834,80453982600
59.7603,16.7335,63.038,0,100,95,78,1523,3504,2.32208,0,16.6702,7.5764,0,1834,80470718521
33.3636,29.9728,63.038,0,100,95,78,1523,3504,2.32208,0,16.6702,7.5764,0,1834,80500691805
41.2624,24.2351,63.038,0,100,95,78,1523,3504,2.32208,0,16.6702,7.5764,0,1834,80524949439
36.4748,27.4162,63.038,0,100,95,78,1523,3504,2.32208,0,16.6702,7.5764,0,1834,80552345430
29.0421,34.4328,63.038,0,100,95,78,1523,3504,2.32208,0,16.6702,7.5764,0,1834,80586779851
42.8479,23.3384,63.038,0,100,95,78,1523,3504,2.32208,0,16.6702,7.5764,0,1834,80610140827
64.989,15.3872,63.038,0,100,95,78,1523,3504,2.32208,0,16.6702,7.5764,0,1834,80625521476
40.6401,24.6063,63.038,0,100,95,78,1523,3504,2.32208,0,16.6702,7.5764,0,1834,80650114407
31.1469,32.1059,63.038,0,100,95,78,1523,3504,2.32208,0,16.6702,7.5764,0,1834,80682222324
60.4929,16.5309,63.038,0,100,95,78,1523,3504,2.32208,0,16.6702,7.5764,0,1834,80698759933
38.0062,26.3115,83.376,0,100,85,78,1523,3504,2.32208,0,16.6711,7.5764,0,1878,80725067755
36.4902,27.4046,83.376,0,100,85,78,1523,3504,2.32208,0,16.6711,7.5764,0,1878,80752474516
40.0608,24.9621,83.376,0,100,85,78,1523,3504,2.32208,0,16.6711,7.5764,0,1878,80777438105
51.6476,19.362,83.376,0,100,85,78,1523,3504,2.32208,0,16.6711,7.5764,0,1878,80796799872
37.1125,26.9451,83.376,0,100,85,78,1523,3504,2.32208,0,16.6711,7.5764,0,1878,80823745488
37.5382,26.6395,83.376,0,100,85,78,1523,3504,2.32208,0,16.6711,7.5764,0,1878,80850387077
39.1128,25.5671,83.376,0,100,85,78,1523,3504,2.32208,0,16.6711,7.5764,0,1878,80875954890
37.0889,26.9623,83.376,0,100,85,78,1523,3504,2.32208,0,16.6711,7.5764,0,1878,80902938911
40.8004,24.5096,83.376,0,100,85,78,1523,3504,2.32208,0,16.6711,7.5764,0,1878,80927429989
39.803,25.1238,83.376,0,100,85,78,1523,3504,2.32208,0,16.6711,7.5764,0,1878,80952554693
37.6715,26.5452,83.376,0,100,85,78,1523,3504,2.32208,0,16.6711,7.5764,0,1878,80979101677
50.0629,19.9749,83.376,0,100,85,78,1523,3504,2.32208,0,16.6711,7.5764,0,1878,80999076799
40.6014,24.6297,83.376,0,100,85,78,1523,3504,2.32208,0,16.6711,7.5764,0,1878,81023709220
33.8379,29.5527,83.376,0,100,85,78,1523,3504,2.32208,0,16.6711,7.5764,0,1878,81053283322
46.3922,21.5553,83.376,0,100,85,78,1523,3504,2.32208,0,16.6711,7.5764,0,1878,81074819778
42.1088,23.748,83.376,0,100,85,78,1523,3504,2.32208,0,16.6711,7.5764,0,1878,81098568036
41.0131,24.3824,83.376,0,100,85,78,1523,3504,2.32208,0,16.6711,7.5764,0,1878,81122951599
39.8737,25.0792,83.376,0,100,85,78,1523,3504,2.32208,0,16.6711,7.5764,0,1878,81148033184
37.5117,26.6584,83.376,0,100,85,78,1523,3504,2.32208,0,16.6711,7.5764,0,1878,81174713941
41.3065,24.2092,83.376,0,100,85,78,1523,3504,2.32208,0,16.6711,7.5764,0,1878,81198930642
47.3972,21.0983,70.1531,0,95,85,75,1403,3504,2.32208,0,16.6714,7.5764,0,1734,81220003153
32.3645,30.898,70.1531,0,95,85,75,1403,3504,2.32208,0,16.6714,7.5764,0,1734,81250923332
44.3019,22.5724,70.1531,0,95,85,75,1403,3504,2.32208,0,16.6714,7.5764,0,1734,81273497264
38.6731,25.8578,70.1531,0,95,85,75,1403,3504,2.32208,0,16.6714,7.5764,0,1734,81299333883
34.8568,28.6888,70.1531,0,95,85,75,1403,3504,2.32208,0,16.6714,7.5764,0,1734,81328046214
38.8899,25.7136,70.1531,0,95,85,75,1403,3504,2.32208,0,16.6714,7.5764,0,1734,81353761602
40.5982,24.6316,70.1531,0,95,85,75,1403,3504,2.32208,0,16.6714,7.5764,0,1734,81378374053
35.2614,28.3596,70.1531,0,95,85,75,1403,3504,2.32208,0,16.6714,7.5764,0,1734,81406734636
34.9296,28.629,70.1531,0,95,85,75,1403,3504,2.32208,0,16.6714,7.5764,0,1734,81435363573
52.8695,18.9145,70.1531,0,95,85,75,1403,3504,2.32208,0,16.6714,7.5764,0,1734,81454280114
52.5099,19.044,70.1531,0,95,85,75,1403,3504,2.32208,0,16.6714,7.5764,0,1734,81473325479
45.9053,21.784,70.1531,0,95,85,75,1403,3504,2.32208,0,16.6714,7.5764,0,1734,81495110127
43.9656,22.7451,70.1531,0,95,85,75,1403,3504,2.32208,0,16.6714,7.5764,0,1734,81517857263
35.0275,28.549,70.1531,0,95,85,75,1403,3504,2.32208,0,16.6714,7.5764,0,1734,81546407493
48.2326,20.7329,70.1531,0,95,85,75,1403,3504,2.32208,0,16.6714,7.5764,0,1734,81567142122
32.983,30.3187,70.1531,0,95,85,75,1403,3504,2.32208,0,16.6714,7.5764,0,1734,81597461358
49.7177,20.1136,70.1531,0,95,85,75,1403,3504,2.32208,0,16.6714,7.5764,0,1734,81617597114
48.7793,20.5005,70.1531,0,95,85,75,1403,3504,2.32208,0,16.6714,7.5764,0,1734,81638078064
32.9618,30.3381,70.1531,0,95,85,75,1403,3504,2.32208,0,16.6714,7.5764,0,1734,81668438863
36.2019,27.6229,70.1531,0,95,85,75,1403,3504,2.32208,0,16.6714,7.5764,0,1734,81696041355
54.9706,18.1915,70.1531,0,95,85,75,1403,3504,2.32208,0,16.6714,7.5764,0,1734,81714249808
39.2093,25.5042,77.6382,0,95,85,75,1403,3504,2.32208,0,16.6829,7.5764,0,1754,81739760012
50.887,19.6514,77.6382,0,95,85,75,1403,3504,2.32208,0,16.6829,7.5764,0,1754,81759391284
32.5235,30.747,77.6382,0,95,85,75,1403,3504,2.32208,0,16.6829,7.5764,0,1754,81790159913
47.564,21.0243,77.6382,0,95,85,75,1403,3504,2.32208,0,16.6829,7.5764,0,1754,81811165942
43.7927,22.8348,77.6382,0,95,85,75,1403,3504,2.32208,0,16.6829,7.5764,0,1754,81834001469
38.3431,26.0803,77.6382,0,95,85,75,1403,3504,2.32208,0,16.6829,7.5764,0,1754,81860082452
43.564,22.9547,77.6382,0,95,85,75,1403,3504,2.32208,0,16.6829,7.5764,0,1754,81883038254
36.8095,27.1669,77.6382,0,95,85,75,1403,3504,2.32208,0,16.6829,7.5764,0,1754,81910206072
48.7618,20.5078,77.6382,0,95,85,75,1403,3504,2.32208,0,16.6829,7.5764,0,1754,81930715862
33.8257,29.5633,77.6382,0,95,85,75,1403,3504,2.32208,0,16.6829,7.5764,0,1754,81960279705
44.9482,22.2478,77.6382,0,95,85,75,1403,3504,2.32208,0,16.6829,7.5764,0,1754,81982549937
37.5996,26.596,77.6382,0,95,85,75,1403,3504,2.32208,0,16.6829,7.5764,0,1754,82009127454
30.9618,32.2978,77.6382,0,95,85,75,1403,3504,2.32208,0,16.6829,7.5764,0,1754,82041425994
59.0775,16.9269,77.6382,0,95,85,75,1403,3504,2.32208,0,16.6829,7.5764,0,1754,82058353226
48.6338,20.5618,77.6382,0,95,85,75,1403,3504,2.32208,0,16.6829,7.5764,0,1754,82078939338
39.36,25.4065,77.6382,0,95,85,75,1403,3504,2.32208,0,16.6829,7.5764,0,1754,82104367616
37.3754,26.7555,77.6382,0,95,85,75,1403,3504,2.32208,0,16.6829,7.5764,0,1754,82131128185
41.0723,24.3473,77.6382,0,95,85,75,1403,3504,2.32208,0,16.6829,7.5764,0,1754,82155472729
40.598,24.6318,77.6382,0,95,85,75,1403,3504,2.32208,0,16.6829,7.5764,0,1754,82180084880
37.9124,26.3766,77.6382,0,95,85,75,1403,3504,2.32208,0,16.6829,7.5764,0,1754,82206461991
47.3834,21.1044,77.6382,0,95,85,75,1403,3504,2.32208,0,16.6829,7.5764,0,1754,82227575232
39.8838,25.0729,68.7345,0,100,85,75,1404,3504,2.32208,0,16.6996,7.5764,0,1742,82252641338
31.2115,32.0395,68.7345,0,100,85,75,1404,3504,2.32208,0,16.6996,7.5764,0,1742,82284703145
61.7038,16.2064,68.7345,0,100,85,75,1404,3504,2.32208,0,16.6996,7.5764,0,1742,82300890114
33.7497,29.6299,68.7345,0,100,85,75,1404,3504,2.32208,0,16.6996,7.5764,0,1742,82330539738
37.2104,26.8742,68.7345,0,100,85,75,1404,3504,2.32208,0,16.6996,7.5764,0,1742,82357396110
51.6663,19.355,68.7345,0,100,85,75,1404,3504,2.32208,0,16.6996,7.5764,0,1742,82376752001
46.3293,21.5846,68.7345,0,100,85,75,1404,3504,2.32208,0,16.6996,7.5764,0,1742,82398359426
35.5102,28.1609,68.7345,0,100,85,75,1404,3504,2.32208,0,16.6996,7.5764,0,1742,82426522070
43.0561,23.2255,68.7345,0,100,85,75,1404,3504,2.32208,0,16.6996,7.5764,0,1742,82449780753
47.838,20.9039,68.7345,0,100,85,75,1404,3504,2.32208,0,16.6996,7.5764,0,1742,82470654345
39.1704,25.5295,68.7345,0,100,85,75,1404,3504,2.32208,0,16.6996,7.5764,0,1742,82496183980
43.0372,23.2357,68.7345,0,100,85,75,1404,3504,2.32208,0,16.6996,7.5764,0,1742,82519442298
37.307,26.8046,68.7345,0,100,85,75,1404,3504,2.32208,0,16.6996,7.5764,0,1742,82546227268
41.8509,23.8943,68.7345,0,100,85,75,1404,3504,2.32208,0,16.6996,7.5764,0,1742,82570122796
43.4391,23.0207,68.7345,0,100,85,75,1404,3504,2.32208,0,16.6996,7.5764,0,1742,82593145507
40.9876,24.3976,68.7345,0,100,85,75,1404,3504,2.32208,0,16.6996,7.5764,0,1742,82617544610
43.1596,23.1698,68.7345,0,100,85,75,1404,3504,2.32208,0,16.6996,7.5764,0,1742,82640714479
36.7297,27.2259,68.7345,0,100,85,75,1404,3504,2.32208,0,16.6996,7.5764,0,1742,82667941386
42.7074,23.4151,68.7345,0,100,85,75,1404,3504,2.32208,0,16.6996,7.5764,0,1742,82691380288
31.3853,31.8621,68.7345,0,100,85,75,1404,3504,2.32208,0,16.6996,7.5764,0,1742,82723255705
51.6564,19.3587,68.7345,0,100,85,75,1404,3504,2.32208,0,16.6996,7.5764,0,1742,82742631246
43.2433,23.125,69.3671,0,100,85,75,1404,3504,2.32208,0,16.6993,7.5764,0,1743,82765729254
46.3562,21.5721,69.3671,0,100,85,75,1404,3504,2.32208,0,16.6993,7.5764,0,1743,82787301875
34.0946,29.3301,69.3671,0,100,85,75,1404,3504,2.32208,0,16.6993,7.5764,0,1743,82816634425
41.9469,23.8396,69.3671,0,100,85,75,1404,3504,2.32208,0,16.6993,7.5764,0,1743,82840474917
42.3543,23.6104,69.3671,0,100,85,75,1404,3504,2.32208,0,16.6993,7.5764,0,1743,82864107566
41.6618,24.0028,69.3671,0,100,85,75,1404,3504,2.32208,0,16.6993,7.5764,0,1743,82888112746
45.4683,21.9934,69.3671,0,100,85,75,1404,3504,2.32208,0,16.6993,7.5764,0,1743,82910125800
32.2241,31.0326,69.3671,0,100,85,75,1404,3504,2.32208,0,16.6993,7.5764,0,1743,82941139630
41.8202,23.9119,69.3671,0,100,85,75,1404,3504,2.32208,0,16.6993,7.5764,0,1743,82965053410
45.3155,22.0675,69.3671,0,100,85,75,1404,3504,2.32208,0,16.6993,7.5764,0,1743,82987142646
41.4107,24.1483,69.3671,0,100,85,75,1404,3504,2.32208,0,16.6993,7.5764,0,1743,83011293696
40.9432,24.4241,69.3671,0,100,85,75,1404,3504,2.32208,0,16.6993,7.5764,0,1743,83035718184
43.0853,23.2098,69.3671,0,100,85,75,1404,3504,2.32208,0,16.6993,7.5764,0,1743,83058929460
37.064,26.9804,69.3671,0,100,85,75,1404,3504,2.32208,0,16.6993,7.5764,0,1743,83085910856
57.2348,17.4719,69.3671,0,100,85,75,1404,3504,2.32208,0,16.6993,7.5764,0,1743,83103406476
41.7926,23.9277,69.3671,0,100,85,75,1404,3504,2.32208,0,16.6993,7.5764,0,1743,83127335063
29.2104,34.2344,69.3671,0,100,85,75,1404,3504,2.32208,0,16.6993,7.5764,0,1743,83161570309
52.4315,19.0725,69.3671,0,100,85,75,1404,3504,2.32208,0,16.6993,7.5764,0,1743,83180664655
46.963,21.2933,69.3671,0,100,85,75,1404,3504,2.32208,0,16.6993,7.5764,0,1743,83201938060
40.6246,24.6156,69.3671,0,100,85,75,1404,3504,2.32208,0,16.6993,7.5764,0,1743,83226554540
38.0046,26.3126,69.3671,0,100,85,75,1404,3504,2.32208,0,16.6993,7.5764,0,1743,83252873090
36.1485,27.6636,79.2079,0,100,85,75,1404,3504,2.32208,0,16.7127,7.5764,0,1759,83280554613
46.6276,21.4465,79.2079,0,100,85,75,1404,3504,2.32208,0,16.7127,7.5764,0,1759,83301981337
50.3377,19.8658,79.2079,0,100,85,75,1404,3504,2.32208,0,16.7127,7.5764,0,1759,83321849416
39.9211,25.0494,79.2079,0,100,85,75,1404,3504,2.32208,0,16.7127,7.5764,0,1759,83346920715
44.259,22.5943,79.2079,0,100,85,75,1404,3504,2.32208,0,16.7127,7.5764,0,1759,83369516154
33.267,30.0598,79.2079,0,100,85,75,1404,3504,2.32208,0,16.7127,7.5764,0,1759,83399577502
40.9419,24.4248,79.2079,0,100,85,75,1404,3504,2.32208,0,16.7127,7.5764,0,1759,83424003880
53.5758,18.6652,79.2079,0,100,85,75,1404,3504,2.32208,0,16.7127,7.5764,0,1759,83442670165
34.2388,29.2066,79.2079,0,100,85,75,1404,3504,2.32208,0,16.7127,7.5764,0,1759,83471877336
61.2008,16.3396,79.2079,0,100,85,75,1404,3504,2.32208,0,16.7127,7.5764,0,1759,83488218391
32.3138,30.9466,79.2079,0,100,85,75,1404,3504,2.32208,0,16.7127,7.5764,0,1759,83519179526
42.0498,23.7813,79.2079,0,100,85,75,1404,3504,2.32208,0,16.7127,7.5764,0,1759,83542969709
41.6369,24.0172,79.2079,0,100,85,75,1404,3504,2.32208,0,16.7127,7.5764,0,1759,83566987328
44.8707,22.2863,79.2079,0,100,85,75,1404,3504,2.32208,0,16.7127,7.5764,0,1759,83589275598
37.2786,26.825,79.2079,0,100,85,75,1404,3504,2.32208,0,16.7127,7.5764,0,1759,83616080174
42.243,23.6726,79.2079,0,100,85,75,1404,3504,2.32208,0,16.7127,7.5764,0,1759,83639753816
35.2149,28.3971,79.2079,0,100,85,75,1404,3504,2.32208,0,16.7127,7.5764,0,1759,83668172456
41.6901,23.9865,79.2079,0,100,85,75,1404,3504,2.32208,0,16.7127,7.5764,0,1759,83692182325
46.4017,21.5509,79.2079,0,100,85,75,1404,3504,2.32208,0,16.7127,7.5764,0,1759,83713713839
52.7646,18.9521,79.2079,0,100,85,75,1404,3504,2.32208,0,16.7127,7.5764,0,1759,83732665698
43.549,22.9626,79.2079,0,100,85,75,1404,3504,2.32208,0,16.7127,7.5764,0,1759,83755654702
38.669,25.8605,77.1429,0,100,84,75,1404,3504,2.32208,0,16.7132,7.5764,0,1749,83781492605
48.0446,20.814,77.1429,0,100,84,75,1404,3504,2.32208,0,16.7132,7.5764,0,1749,83802306997
38.1635,26.2031,77.1429,0,100,84,75,1404,3504,2.32208,0,16.7132,7.5764,0,1749,83828510519
45.8919,21.7904,77.1429,0,100,84,75,1404,3504,2.32208,0,16.7132,7.5764,0,1749,83850320472
33.7395,29.6389,77.1429,0,100,84,75,1404,3504,2.32208,0,16.7132,7.5764,0,1749,83879963595
43.4656,23.0067,77.1429,0,100,84,75,1404,3504,2.32208,0,16.7132,7.5764,0,1749,83902950613
46.6643,21.4296,77.1429,0,100,84,75,1404,3504,2.32208,0,16.7132,7.5764,0,1749,83924380706
33.656,29.7124,77.1429,0,100,84,75,1404,3504,2.32208,0,16.7132,7.5764,0,1749,83954112081
46.6307,21.4451,77.1429,0,100,84,75,1404,3504,2.32208,0,16.7132,7.5764,0,1749,83975540879
46.09,21.6967,77.1429,0,100,84,75,1404,3504,2.32208,0,16.7132,7.5764,0,1749,83997238781
40.7533,24.5379,77.1429,0,100,84,75,1404,3504,2.32208,0,16.7132,7.5764,0,1749,84021799734
41.895,23.8692,77.1429,0,100,84,75,1404,3504,2.32208,0,16.7132,7.5764,0,1749,84045648409
35.8117,27.9238,77.1429,0,100,84,75,1404,3504,2.32208,0,16.7132,7.5764,0,1749,84073594863
43.6567,22.906,77.1429,0,100,84,75,1404,3504,2.32208,0,16.7132,7.5764,0,1749,84096523457
42.6522,23.4454,77.1429,0,100,84,75,1404,3504,2.32208,0,16.7132,7.5764,0,1749,84119947586
41.7395,23.9581,77.1429,0,100,84,75,1404,3504,2.32208,0,16.7132,7.5764,0,1749,84143908275
34.2408,29.2049,77.1429,0,100,84,75,1404,3504,2.32208,0,16.7132,7.5764,0,1749,84173114109
33.4936,29.8565,77.1429,0,100,84,75,1404,3504,2.32208,0,16.7132,7.5764,0,1749,84202971746
53.1944,18.799,77.1429,0,100,84,75,1404,3504,2.32208,0,16.7132,7.5764,0,1749,84221772160
47.3711,21.1099,77.1429,0,100,84,75,1404,3504,2.32208,0,16.7132,7.5764,0,1749,84242883189
36.906,27.0959,77.1429,0,100,84,75,1404,3504,2.32208,0,16.7132,7.5764,0,1749,84270020257
38.0279,26.2965,70.5,0,100,84,75,1404,3504,2.32208,0,16.7265,7.5764,0,1764,84296299398
50.6924,19.7268,70.5,0,100,84,75,1404,3504,2.32208,0,16.7265,7.5764,0,1764,84316048304
31.0929,32.1617,70.5,0,100,84,75,1404,3504,2.32208,0,16.7265,7.5764,0,1764,84348211511
53.0245,18.8592,70.5,0,100,84,75,1404,3504,2.32208,0,16.7265,7.5764,0,1764,84367092534
34.4438,29.0328,70.5,0,100,84,75,1404,3504,2.32208,0,16.7265,7.5764,0,1764,84396126831
41.048,24.3617,70.5,0,100,84,75,1404,3504,2.32208,0,16.7265,7.5764,0,1764,84420490131
34.7894,28.7444,70.5,0,100,84,75,1404,3504,2.32208,0,16.7265,7.5764,0,1764,84449236299
51.9622,19.2448,70.5,0,100,84,75,1404,3504,2.32208,0,16.7265,7.5764,0,1764,84468503445
40.8809,24.4613,70.5,0,100,84,75,1404,3504,2.32208,0,16.7265,7.5764,0,1764,84492965642
38.7074,25.8349,70.5,0,100,84,75,1404,3504,2.32208,0,16.7265,7.5764,0,1764,84518780405
56.1975,17.7944,70.5,0,100,84,75,1404,3504,2.32208,0,16.7265,7.5764,0,1764,84536578037
30.2151,33.096,70.5,0,100,84,75,1404,3504,2.32208,0,16.7265,7.5764,0,1764,84569673587
55.0179,18.1759,70.5,0,100,84,75,1404,3504,2.32208,0,16.7265,7.5764,0,1764,84587850551
49.6929,20.1236,70.5,0,100,84,75,1404,3504,2.32208,0,16.7265,7.5764,0,1764,84607975235
46.6427,21.4396,70.5,0,100,84,75,1404,3504,2.32208,0,16.7265,7.5764,0,1764,84629438708
28.6216,34.9387,70.5,0,100,84,75,1404,3504,2.32208,0,16.7265,7.5764,0,1764,84664356194
41.2946,24.2162,70.5,0,100,84,75,1404,3504,2.32208,0,16.7265,7.5764,0,1764,84688572926
50.0688,19.9725,70.5,0,100,84,75,1404,3504,2.32208,0,16.7265,7.5764,0,1764,84708869482
51.0074,19.605,70.5,0,100,84,75,1404,3504,2.32208,0,16.7265,7.5764,0,1764,84728174819
39.1729,25.5278,70.5,0,100,84,75,1404,3504,2.32208,0,16.7265,7.5764,0,1764,84753681754
42.4849,23.5378,70.5,0,100,84,75,1404,3504,2.32208,0,16.7265,7.5764,0,1764,84777258190
38.8218,25.7587,77.7215,0,100,84,75,1404,3504,2.32208,0,16.7268,7.5764,0,1731,84802981282
41.978,23.822,77.7215,0,100,84,75,1404,3504,2.32208,0,16.7268,7.5764,0,1731,84826823231
41.3382,24.1907,77.7215,0,100,84,75,1404,3504,2.32208,0,16.7268,7.5764,0,1731,84851018169
47.0796,21.2406,77.7215,0,100,84,75,1404,3504,2.32208,0,16.7268,7.5764,0,1731,84872238683
30.6397,32.6374,77.7215,0,100,84,75,1404,3504,2.32208,0,16.7268,7.5764,0,1731,84904898215
41.2415,24.2474,77.7215,0,100,84,75,1404,3504,2.32208,0,16.7268,7.5764,0,1731,84929126296
51.1508,19.55,77.7215,0,100,84,75,1404,3504,2.32208,0,16.7268,7.5764,0,1731,84948677550
35.4423,28.2149,77.7215,0,100,84,75,1404,3504,2.32208,0,16.7268,7.5764,0,1731,84976893109
37.0734,26.9735,77.7215,0,100,84,75,1404,3504,2.32208,0,16.7268,7.5764,0,1731,85003889316
42.2992,23.6411,77.7215,0,100,84,75,1404,3504,2.32208,0,16.7268,7.5764,0,1731,85027532590
39.8275,25.1083,77.7215,0,100,84,75,1404,3504,2.32208,0,16.7268,7.5764,0,1731,85052641194
38.3349,26.0859,77.7215,0,100,84,75,1404,3504,2.32208,0,16.7268,7.5764,0,1731,85078777486
37.4968,26.669,77.7215,0,100,84,75,1404,3504,2.32208,0,16.7268,7.5764,0,1731,85105398943
35.0307,28.5464,77.7215,0,100,84,75,1404,3504,2.32208,0,16.7268,7.5764,0,1731,85133967885
33.0234,30.2815,77.7215,0,100,84,75,1404,3504,2.32208,0,16.7268,7.5764,0,1731,85164251604
41.8753,23.8804,77.7215,0,100,84,75,1404,3504,2.32208,0,16.7268,7.5764,0,1731,85188132223
36.1724,27.6454,77.7215,0,100,84,75,1404,3504,2.32208,0,16.7268,7.5764,0,1731,85215779791
50.1688,19.9327,77.7215,0,100,84,75,1404,3504,2.32208,0,16.7268,7.5764,0,1731,85235713459
33.447,29.898,77.7215,0,100,84,75,1404,3504,2.32208,0,16.7268,7.5764,0,1731,85265612313
30.8879,32.3751,77.7215,0,100,84,75,1404,3504,2.32208,0,16.7268,7.5764,0,1731,85298017196
44.8859,22.2787,82.8087,0,99,84,75,1411,3504,2.32208,0,16.7424,7.5764,0,1745,85320290339
28.3738,35.2438,82.8087,0,99,84,75,1411,3504,2.32208,0,16.7424,7.5764,0,1745,85355535270
45.3226,22.0641,82.8087,0,99,84,75,1411,3504,2.32208,0,16.7424,7.5764,0,1745,85377601796
18.2512,54.7908,82.8087,0,99,84,75,1411,3504,2.32208,0,16.7424,7.5764,0,1745,85432392997
58.2382,17.1709,82.8087,0,99,84,75,1411,3504,2.32208,0,16.7424,7.5764,0,1745,85449587309
17.1341,58.3632,82.8087,0,99,84,75,1411,3504,2.32208,0,16.7424,7.5764,0,1745,85507930669
25.8395,38.7004,82.8087,0,99,84,75,1411,3504,2.32208,0,16.7424,7.5764,0,1745,85546632735
28.4286,35.1759,82.8087,0,99,84,75,1411,3504,2.32208,0,16.7424,7.5764,0,1745,85581810094
31.5728,31.6728,82.8087,0,99,84,75,1411,3504,2.32208,0,16.7424,7.5764,0,1745,85613542614
67.3837,14.8404,82.8087,0,99,84,75,1411,3504,2.32208,0,16.7424,7.5764,0,1745,85628364430
36.9407,27.0704,82.8087,0,99,84,75,1411,3504,2.32208,0,16.7424,7.5764,0,1745,85655456440
65.9075,15.1728,82.8087,0,99,84,75,1411,3504,2.32208,0,16.7424,7.5764,0,1745,85670608941
28.0002,35.714,82.8087,0,99,84,75,1411,3504,2.32208,0,16.7424,7.5764,0,1745,85706323815
35.2007,28.4086,82.8087,0,99,84,75,1411,3504,2.32208,0,16.7424,7.5764,0,1745,85734734526
68.6798,14.5603,82.8087,0,99,84,75,1411,3504,2.32208,0,16.7424,7.5764,0,1745,85749295451
26.2295,38.125,82.8087,0,99,84,75,1411,3504,2.32208,0,16.7424,7.5764,0,1745,85787443301
53.4595,18.7058,82.8087,0,99,84,75,1411,3504,2.32208,0,16.7424,7.5764,0,1745,85806167348
36.401,27.4718,91.2718,0,99,85,75,1411,3504,2.32208,0,16.7524,7.5764,0,1727,85833604221
42.886,23.3176,91.2718,0,99,85,75,1411,3504,2.32208,0,16.7524,7.5764,0,1727,85856922501
32.3692,30.8936,91.2718,0,99,85,75,1411,3504,2.32208,0,16.7524,7.5764,0,1727,85887840555
67.9992,14.706,91.2718,0,99,85,75,1411,3504,2.32208,0,16.7524,7.5764,0,1727,85902545323
26.8227,37.2819,91.2718,0,99,85,75,1411,3504,2.32208,0,16.7524,7.5764,0,1727,85939919056
90.2309,11.0827,91.2718,0,99,85,75,1411,3504,2.32208,0,16.7524,7.5764,0,1727,85950912328
32.0154,31.2349,91.2718,0,99,85,75,1411,3504,2.32208,0,16.7524,7.5764,0,1727,85982126949
52.1653,19.1698,91.2718,0,99,85,75,1411,3504,2.32208,0,16.7524,7.5764,0,1727,86001319128
35.8027,27.9308,91.2718,0,99,85,75,1411,3504,2.32208,0,16.7524,7.5764,0,1727,86029242143
48.6941,20.5364,91.2718,0,99,85,75,1411,3504,2.32208,0,16.7524,7.5764,0,1727,86049788251
42.2629,23.6614,91.2718,0,99,85,75,1411,3504,2.32208,0,16.7524,7.5764,0,1727,86073452066
38.1399,26.2193,91.2718,0,99,85,75,1411,3504,2.32208,0,16.7524,7.5764,0,1727,86099692384
46.6311,21.4449,91.2718,0,99,85,75,1411,3504,2.32208,0,16.7524,7.5764,0,1727,86121118747
37.6971,26.5273,91.2718,0,99,85,75,1411,3504,2.32208,0,16.7524,7.5764,0,1727,86147646122
41.9991,23.81,91.2718,0,99,85,75,1411,3504,2.32208,0,16.7524,7.5764,0,1727,86171470428
48.7803,20.5001,91.2718,0,99,85,75,1411,3504,2.32208,0,16.7524,7.5764,0,1727,86191958886
32.9094,30.3865,91.2718,0,99,85,75,1411,3504,2.32208,0,16.7524,7.5764,0,1727,86222347219
42.9122,23.3034,91.2718,0,99,85,75,1411,3504,2.32208,0,16.7524,7.5764,0,1727,86245651638
45.3001,22.075,91.2718,0,99,85,75,1411,3504,2.32208,0,16.7524,7.5764,0,1727,86267728020
39.1136,25.5665,91.2718,0,99,85,75,1411,3504,2.32208,0,16.7524,7.5764,0,1727,86293295735
39.251,25.477,91.2718,0,99,85,75,1411,3504,2.32208,0,16.7524,7.5764,0,1727,86318793219
43.4175,23.0322,76,0,90,85,74,1437,3504,2.32208,0,16.744,7.5764,0,1774,86341807539
37.0659,26.979,76,0,90,85,74,1437,3504,2.32208,0,16.744,7.5764,0,1774,86368787941
50.6859,19.7293,76,0,90,85,74,1437,3504,2.32208,0,16.744,7.5764,0,1774,86388539472
32.8188,30.4703,76,0,90,85,74,1437,3504,2.32208,0,16.744,7.5764,0,1774,86419011300
42.5538,23.4997,76,0,90,85,74,1437,3504,2.32208,0,16.744,7.5764,0,1774,86442512200
38.4852,25.984,76,0,90,85,74,1437,3504,2.32208,0,16.744,7.5764,0,1774,86468497508
35.3494,28.2891,76,0,90,85,74,1437,3504,2.32208,0,16.744,7.5764,0,1774,86496767792
58.2036,17.1811,76,0,90,85,74,1437,3504,2.32208,0,16.744,7.5764,0,1774,86513948784
43.6171,22.9268,76,0,90,85,74,1437,3504,2.32208,0,16.744,7.5764,0,1774,86536900372
33.354,29.9814,76,0,90,85,74,1437,3504,2.32208,0,16.744,7.5764,0,1774,86566880480
37.3662,26.7621,76,0,90,85,74,1437,3504,2.32208,0,16.744,7.5764,0,1774,86593623656
64.0925,15.6024,76,0,90,85,74,1437,3504,2.32208,0,16.744,7.5764,0,1774,86609227561
48.7372,20.5182,76,0,90,85,74,1437,3504,2.32208,0,16.744,7.5764,0,1774,86629746497
39.9249,25.047,76,0,90,85,74,1437,3504,2.32208,0,16.744,7.5764,0,1774,86654806924
42.1312,23.7354,76,0,90,85,74,1437,3504,2.32208,0,16.744,7.5764,0,1774,86678542746
41.6528,24.008,76,0,90,85,74,1437,3504,2.32208,0,16.744,7.5764,0,1774,86702540181
44.8904,22.2765,76,0,90,85,74,1437,3504,2.32208,0,16.744,7.5764,0,1774,86724818068
40.2351,24.8539,76,0,90,85,74,1437,3504,2.32208,0,16.744,7.5764,0,1774,86749674513
39.0957,25.5783,76,0,90,85,74,1437,3504,2.32208,0,16.744,7.5764,0,1774,86775252718
39.8114,25.1184,76,0,90,85,74,1437,3504,2.32208,0,16.744,7.5764,0,1774,86800371910
38.8973,25.7087,76,0,90,85,74,1437,3504,2.32208,0,16.744,7.5764,0,1774,86826107566
49.4639,20.2168,75.6962,0,99,83,74,1409,3504,2.32202,0,16.7444,7.5764,0,1745,86846299636
42.758,23.3874,75.6962,0,99,83,74,1409,3504,2.32202,0,16.7444,7.5764,0,1745,86869688741
43.3558,23.0649,75.6962,0,99,83,74,1409,3504,2.32202,0,16.7444,7.5764,0,1745,86892754704
34.5014,28.9843,75.6962,0,99,83,74,1409,3504,2.32202,0,16.7444,7.5764,0,1745,86921762168
45.0486,22.1983,75.6962,0,99,83,74,1409,3504,2.32202,0,16.7444,7.5764,0,1745,86943974095
42.9703,23.2719,75.6962,0,99,83,74,1409,3504,2.32202,0,16.7444,7.5764,0,1745,86967246882
34.3535,29.1091,75.6962,0,99,83,74,1409,3504,2.32202,0,16.7444,7.5764,0,1745,86996357659
57.0392,17.5318,75.6962,0,99,83,74,1409,3504,2.32202,0,16.7444,7.5764,0,1745,87013890818
41.1285,24.314,75.6962,0,99,83,74,1409,3504,2.32202,0,16.7444,7.5764,0,1745,87038206685
32.5368,30.7344,75.6962,0,99,83,74,1409,3504,2.32202,0,16.7444,7.5764,0,1745,87068941739
52.195,19.1589,75.6962,0,99,83,74,1409,3504,2.32202,0,16.7444,7.5764,0,1745,87088123440
43.6005,22.9355,75.6962,0,99,83,74,1409,3504,2.32202,0,16.7444,7.5764,0,1745,87111039148
38.1605,26.2051,75.6962,0,99,83,74,1409,3504,2.32202,0,16.7444,7.5764,0,1745,87137266263
42.932,23.2926,75.6962,0,99,83,74,1409,3504,2.32202,0,16.7444,7.5764,0,1745,87160538273
36.4053,27.4685,75.6962,0,99,83,74,1409,3504,2.32202,0,16.7444,7.5764,0,1745,87188030623
44.8995,22.272,75.6962,0,99,83,74,1409,3504,2.32202,0,16.7444,7.5764,0,1745,87210302653
41.7824,23.9335,75.6962,0,99,83,74,1409,3504,2.32202,0,16.7444,7.5764,0,1745,87234216260
55.4236,18.0429,75.6962,0,99,83,74,1409,3504,2.32202,0,16.7444,7.5764,0,1745,87252260567
42.7219,23.4072,75.6962,0,99,83,74,1409,3504,2.32202,0,16.7444,7.5764,0,1745,87275689423
17.5162,57.0901,75.6962,0,99,83,74,1409,3504,2.32202,0,16.7444,7.5764,0,1745,87332783405
17.6536,56.6456,72.6817,0,99,83,74,1409,3504,2.32202,0,16.7343,7.5764,0,1777,87389426624
26.467,37.7829,72.6817,0,99,83,74,1409,3504,2.32202,0,16.7343,7.5764,0,1777,87427210883
16.7765,59.6072,72.6817,0,99,83,74,1409,3504,2.32202,0,16.7343,7.5764,0,1777,87486819557
17.4262,57.3849,72.6817,0,99,83,74,1409,3504,2.32202,0,16.7343,7.5764,0,1777,87544227733
27.8114,35.9565,72.6817,0,99,83,74,1409,3504,2.32202,0,16.7343,7.5764,0,1777,87580163880
21.3279,46.8868,72.6817,0,99,83,74,1409,3504,2.32202,0,16.7343,7.5764,0,1777,87627052767
25.8962,38.6157,72.6817,0,99,83,74,1409,3504,2.32202,0,16.7343,7.5764,0,1777,87665670122
23.7083,42.1793,72.6817,0,99,83,74,1409,3504,2.32202,0,16.7343,7.5764,0,1777,87707849629
38.943,25.6785,72.6817,0,99,83,74,1409,3504,2.32202,0,16.7343,7.5764,0,1777,87733550749
32.899,30.396,72.6817,0,99,83,74,1409,3504,2.32202,0,16.7343,7.5764,0,1777,87763928324
48.608,20.5727,72.6817,0,99,83,74,1409,3504,2.32202,0,16.7343,7.5764,0,1777,87784504396
24.8673,40.2135,72.6817,0,99,83,74,1409,3504,2.32202,0,16.7343,7.5764,0,1777,87824738083
38.0711,26.2666,72.6817,0,99,83,74,1409,3504,2.32202,0,16.7343,7.5764,0,1777,87851009562
29.2539,34.1835,77.4272,0,98,85,73,1427,3504,2.32349,0,16.7366,7.5764,0,1731,87885212134
61.9013,16.1547,77.4272,0,98,85,73,1427,3504,2.32349,0,16.7366,7.5764,0,1731,87901368020
40.9913,24.3954,77.4272,0,98,85,73,1427,3504,2.32349,0,16.7366,7.5764,0,1731,87925764339
24.6788,40.5207,77.4272,0,98,85,73,1427,3504,2.32349,0,16.7366,7.5764,0,1731,87966298412
66.6031,15.0143,77.4272,0,98,85,73,1427,3504,2.32349,0,16.7366,7.5764,0,1731,87981322103
32.4168,30.8482,77.4272,0,98,85,73,1427,3504,2.32349,0,16.7366,7.5764,0,1731,88012150523
43.1531,23.1733,77.4272,0,98,85,73,1427,3504,2.32349,0,16.7366,7.5764,0,1731,88035346538
35.4436,28.2138,77.4272,0,98,85,73,1427,3504,2.32349,0,16.7366,7.5764,0,1731,88065292932
34.2595,29.189,77.4272,0,98,85,73,1427,3504,2.32349,0,16.7366,7.5764,0,1731,88092750507
13.5359,73.8778,77.4272,0,98,85,73,1427,3504,2.32349,0,16.7366,7.5764,0,1731,88166659555
42.6135,23.4667,77.4272,0,98,85,73,1427,3504,2.32349,0,16.7366,7.5764,0,1731,88190099185
27.887,35.859,77.4272,0,98,85,73,1427,3504,2.32349,0,16.7366,7.5764,0,1731,88225959613
53.5925,18.6593,77.4272,0,98,85,73,1427,3504,2.32349,0,16.7366,7.5764,0,1731,88244619732
35.773,27.954,77.4272,0,98,85,73,1427,3504,2.32349,0,16.7366,7.5764,0,1731,88272574780
29.7008,33.6692,77.4272,0,98,85,73,1427,3504,2.32349,0,16.7366,7.5764,0,1731,88306245991
39.2993,25.4457,77.4272,0,98,85,73,1427,3504,2.32349,0,16.7366,7.5764,0,1731,88331713957
31.3496,31.8983,77.4272,0,98,85,73,1427,3504,2.32349,0,16.7366,7.5764,0,1731,88363616934
30.3412,32.9585,77.0202,0,98,85,73,1427,3504,2.32349,0,16.7368,7.5764,0,1764,88396552982
35.5501,28.1293,77.0202,0,98,85,73,1427,3504,2.32349,0,16.7368,7.5764,0,1764,88424683745
33.3239,30.0085,77.0202,0,98,85,73,1427,3504,2.32349,0,16.7368,7.5764,0,1764,88454692906
27.9042,35.8369,77.0202,0,98,85,73,1427,3504,2.32349,0,16.7368,7.5764,0,1764,88490531931
26.6318,37.549,77.0202,0,98,85,73,1427,3504,2.32349,0,16.7368,7.5764,0,1764,88528082718
22.9986,43.481,77.0202,0,98,85,73,1427,3504,2.32349,0,16.7368,7.5764,0,1764,88571585555
14.8947,67.1378,77.0202,0,98,85,73,1427,3504,2.32349,0,16.7368,7.5764,0,1764,88638702942
39.932,25.0426,77.0202,0,98,85,73,1427,3504,2.32349,0,16.7368,7.5764,0,1764,88663748513
36.3762,27.4905,77.0202,0,98,85,73,1427,3504,2.32349,0,16.7368,7.5764,0,1764,88691239188
31.8586,31.3887,77.0202,0,98,85,73,1427,3504,2.32349,0,16.7368,7.5764,0,1764,88722629898
44.96,22.242,77.0202,0,98,85,73,1427,3504,2.32349,0,16.7368,7.5764,0,1764,88744874116
28.2587,35.3874,77.0202,0,98,85,73,1427,3504,2.32349,0,16.7368,7.5764,0,1764,88780283234
26.6873,37.4711,77.0202,0,98,85,73,1427,3504,2.32349,0,16.7368,7.5764,0,1764,88817747175
30.6018,32.6778,77.0202,0,98,85,73,1427,3504,2.32349,0,16.7368,7.5764,0,1764,88850435036
35.9547,27.8128,77.0202,0,98,85,73,1427,3504,2.32349,0,16.7368,7.5764,0,1764,88878252113
37.8157,26.444,83.4158,0,65,83,74,1545,3504,2.32773,0,16.7521,7.5764,0,1766,88904673929
36.6119,27.3135,83.4158,0,65,83,74,1545,3504,2.32773,0,16.7521,7.5764,0,1766,88931987620
27.4825,36.3868,83.4158,0,65,83,74,1545,3504,2.32773,0,16.7521,7.5764,0,1766,88968376304
30.8427,32.4226,83.4158,0,65,83,74,1545,3504,2.32773,0,16.7521,7.5764,0,1766,89000800189
54.4075,18.3798,83.4158,0,65,83,74,1545,3504,2.32773,0,16.7521,7.5764,0,1766,89019180573
21.9979,45.4588,83.4158,0,65,83,74,1545,3504,2.32773,0,16.7521,7.5764,0,1766,89064962201
43.3088,23.09,83.4158,0,65,83,74,1545,3504,2.32773,0,16.7521,7.5764,0,1766,89087731003
25.1899,39.6984,83.4158,0,65,83,74,1545,3504,2.32773,0,16.7521,7.5764,0,1766,89127430623
40.6734,24.5861,83.4158,0,65,83,74,1545,3504,2.32773,0,16.7521,7.5764,0,1766,89152017877
34.7005,28.8181,83.4158,0,65,83,74,1545,3504,2.32773,0,16.7521,7.5764,0,1766,89180858344
21.2176,47.1306,83.4158,0,65,83,74,1545,3504,2.32773,0,16.7521,7.5764,0,1766,89227969027
48.2233,20.7369,83.4158,0,65,83,74,1545,3504,2.32773,0,16.7521,7.5764,0,1766,89248707895
28.2395,35.4113,83.4158,0,65,83,74,1545,3504,2.32773,0,16.7521,7.5764,0,1766,89284119501
20.9227,47.795,83.4158,0,65,83,74,1545,3504,2.32773,0,16.7521,7.5764,0,1766,89331915634
44.6363,22.4033,83.4158,0,65,83,74,1545,3504,2.32773,0,16.7521,7.5764,0,1766,89354352946
23.3954,42.7435,83.4158,0,65,83,74,1545,3504,2.32773,0,16.7521,7.5764,0,1766,89397115418
40.7796,24.5221,85,0,70,83,74,1581,3504,2.32716,0,16.7446,7.5764,0,1757,89421634147
23.3,42.9184,85,0,70,83,74,1581,3504,2.32716,0,16.7446,7.5764,0,1757,89464553745
37.0698,26.9761,85,0,70,83,74,1581,3504,2.32716,0,16.7446,7.5764,0,1757,89491530741
38.5469,25.9425,85,0,70,83,74,1581,3504,2.32716,0,16.7446,7.5764,0,1757,89517496164
15.3321,65.2226,85,0,70,83,74,1581,3504,2.32716,0,16.7446,7.5764,0,1757,89582699783
31.3339,31.9143,85,0,70,83,74,1581,3504,2.32716,0,16.7446,7.5764,0,1757,89614614366
29.4883,33.9117,85,0,70,83,74,1581,3504,2.32716,0,16.7446,7.5764,0,1757,89648527211
41.482,24.1068,85,0,70,83,74,1581,3504,2.32716,0,16.7446,7.5764,0,1757,89672635877
18.4488,54.2041,85,0,70,83,74,1581,3504,2.32716,0,16.7446,7.5764,0,1757,89726840924
29.605,33.7781,85,0,70,83,74,1581,3504,2.32716,0,16.7446,7.5764,0,1757,89760620224
21.7126,46.0562,85,0,70,83,74,1581,3504,2.32716,0,16.7446,7.5764,0,1757,89806698226
28.8962,34.6066,85,0,70,83,74,1581,3504,2.32716,0,16.7446,7.5764,0,1757,89841328405
31.2279,32.0226,85,0,70,83,74,1581,3504,2.32716,0,16.7446,7.5764,0,1757,89873330889
33.2615,30.0647,85,0,70,83,74,1581,3504,2.32716,0,16.7446,7.5764,0,1757,89903423236
42.1411,23.7298,91.133,0,70,85,74,1581,3504,2.32716,0,16.7452,7.5764,0,1740,89927127101
19.074,52.4275,91.133,0,70,85,74,1581,3504,2.32716,0,16.7452,7.5764,0,1740,89979577355
66.5486,15.0266,91.133,0,70,85,74,1581,3504,2.32716,0,16.7452,7.5764,0,1740,89994584467
21.4103,46.7066,91.133,0,70,85,74,1581,3504,2.32716,0,16.7452,7.5764,0,1740,90041313663
55.1246,18.1407,91.133,0,70,85,74,1581,3504,2.32716,0,16.7452,7.5764,0,1740,90059433928
10.7203,93.2812,91.133,0,70,85,74,1581,3504,2.32716,0,16.7452,7.5764,0,1740,90152716453
20.9589,47.7124,91.133,0,70,85,74,1581,3504,2.32716,0,16.7452,7.5764,0,1740,90200430275
27.4547,36.4237,91.133,0,70,85,74,1581,3504,2.32716,0,16.7452,7.5764,0,1740,90236856976
33.6376,29.7286,91.133,0,70,85,74,1581,3504,2.32716,0,16.7452,7.5764,0,1740,90266586121
35.8062,27.9281,91.133,0,70,85,74,1581,3504,2.32716,0,16.7452,7.5764,0,1740,90294515021
34.6398,28.8685,91.133,0,70,85,74,1581,3504,2.32716,0,16.7452,7.5764,0,1740,90323384239
39.8431,25.0985,91.133,0,70,85,74,1581,3504,2.32716,0,16.7452,7.5764,0,1740,90348484175
28.4605,35.1364,91.133,0,70,85,74,1581,3504,2.32716,0,16.7452,7.5764,0,1740,90383621864
39.3911,25.3864,91.133,0,70,85,74,1581,3504,2.32716,0,16.7452,7.5764,0,1740,90409015820
29.2733,34.1608,86.2595,0,57,85,74,1591,3504,2.32277,0,16.7452,7.5764,0,1735,90443172213
33.8298,29.5597,86.2595,0,57,85,74,1591,3504,2.32277,0,16.7452,7.5764,0,1735,90472755669
36.4992,27.3979,86.2595,0,57,85,74,1591,3504,2.32277,0,16.7452,7.5764,0,1735,90500152551
27.5994,36.2327,86.2595,0,57,85,74,1591,3504,2.32277,0,16.7452,7.5764,0,1735,90536386448
31.4399,31.8067,86.2595,0,57,85,74,1591,3504,2.32277,0,16.7452,7.5764,0,1735,90568215309
17.5635,56.9361,86.2595,0,57,85,74,1591,3504,2.32277,0,16.7452,7.5764,0,1735,90625132305
29.157,34.297,86.2595,0,57,85,74,1591,3504,2.32277,0,16.7452,7.5764,0,1735,90659451264
29.6886,33.6829,86.2595,0,57,85,74,1591,3504,2.32277,0,16.7452,7.5764,0,1735,90693114596
38.7026,25.838,86.2595,0,57,85,74,1591,3504,2.32277,0,16.7452,7.5764,0,1735,90718954361
32.7249,30.5578,86.2595,0,57,85,74,1591,3504,2.32277,0,16.7452,7.5764,0,1735,90749512721
35.6662,28.0378,86.2595,0,57,85,74,1591,3504,2.32277,0,16.7452,7.5764,0,1735,90777551169
35.2248,28.3891,86.2595,0,57,85,74,1591,3504,2.32277,0,16.7452,7.5764,0,1735,90805943804
48.8292,20.4795,86.2595,0,57,85,74,1591,3504,2.32277,0,16.7452,7.5764,0,1735,90826423122
26.8564,37.235,86.2595,0,57,85,74,1591,3504,2.32277,0,16.7452,7.5764,0,1735,90863679631
46.3906,21.5561,86.2595,0,57,85,74,1591,3504,2.32277,0,16.7452,7.5764,0,1735,90885258569
40.6954,24.5728,86.2595,0,57,85,74,1591,3504,2.32277,0,16.7452,7.5764,0,1735,90909818130
33.1825,30.1363,89.5408,0,57,84,74,1591,3504,2.32277,0,16.7452,7.5764,0,1734,90939949730
43.3706,23.0571,89.5408,0,57,84,74,1591,3504,2.32277,0,16.7452,7.5764,0,1734,90963007611
25.7179,38.8834,89.5408,0,57,84,74,1591,3504,2.32277,0,16.7452,7.5764,0,1734,91001892254
67.7289,14.7647,89.5408,0,57,84,74,1591,3504,2.32277,0,16.7452,7.5764,0,1734,91016679655
24.8649,40.2173,89.5408,0,57,84,74,1591,3504,2.32277,0,16.7452,7.5764,0,1734,91056920633
48.3447,20.6848,89.5408,0,57,84,74,1591,3504,2.32277,0,16.7452,7.5764,0,1734,91077605672
27.8912,35.8536,89.5408,0,57,84,74,1591,3504,2.32277,0,16.7452,7.5764,0,1734,91113440175
49.2102,20.321,89.5408,0,57,84,74,1591,3504,2.32277,0,16.7452,7.5764,0,1734,91133761202
30.8008,32.4667,89.5408,0,57,84,74,1591,3504,2.32277,0,16.7452,7.5764,0,1734,91166250807
42.6071,23.4703,89.5408,0,57,84,74,1591,3504,2.32277,0,16.7452,7.5764,0,1734,91189743735
23.4749,42.5987,89.5408,0,57,84,74,1591,3504,2.32277,0,16.7452,7.5764,0,1734,91232343137
33.8686,29.5259,89.5408,0,57,84,74,1591,3504,2.32277,0,16.7452,7.5764,0,1734,91261870803
27.0562,36.9601,89.5408,0,57,84,74,1591,3504,2.32277,0,16.7452,7.5764,0,1734,91298853660
54.5811,18.3213,89.5408,0,57,84,74,1591,3504,2.32277,0,16.7452,7.5764,0,1734,91317154556
45.7348,21.8652,89.5408,0,57,84,74,1591,3504,2.32277,0,16.7452,7.5764,0,1734,91339043060
17.3794,57.5393,89.5408,0,57,84,74,1591,3504,2.32277,0,16.7452,7.5764,0,1734,91396582705
17.3329,57.6937,89.5408,0,57,84,74,1591,3504,2.32277,0,16.7452,7.5764,0,1734,91454261233
80.0974,12.4848,85.5478,0,75,84,73,1517,3504,2.31862,0,16.7451,7.5764,0,1811,91466742697
63.1152,15.844,85.5478,0,75,84,73,1517,3504,2.31862,0,16.7451,7.5764,0,1811,91482609111
84.4306,11.844,85.5478,0,75,84,73,1517,3504,2.31862,0,16.7451,7.5764,0,1811,91494434080
73.811,13.5481,85.5478,0,75,84,73,1517,3504,2.31862,0,16.7451,7.5764,0,1811,91508003001
56.4549,17.7133,85.5478,0,75,84,73,1517,3504,2.31862,0,16.7451,7.5764,0,1811,91525718618
80.3526,12.4451,85.5478,0,75,84,73,1517,3504,2.31862,0,16.7451,7.5764,0,1811,91538164062
59.0265,16.9416,85.5478,0,75,84,73,1517,3504,2.31862,0,16.7451,7.5764,0,1811,91555106554
60.9574,16.4049,85.5478,0,75,84,73,1517,3504,2.31862,0,16.7451,7.5764,0,1811,91571513414
68.7097,14.554,85.5478,0,75,84,73,1517,3504,2.31862,0,16.7451,7.5764,0,1811,91586068932
40.1118,24.9303,85.5478,0,75,84,73,1517,3504,2.31862,0,16.7451,7.5764,0,1811,91611000991
67.1485,14.8924,85.5478,0,75,84,73,1517,3504,2.31862,0,16.7451,7.5764,0,1811,91625915812
75.7522,13.2009,85.5478,0,75,84,73,1517,3504,2.31862,0,16.7451,7.5764,0,1811,91639116955
80.516,12.4199,85.5478,0,75,84,73,1517,3504,2.31862,0,16.7451,7.5764,0,1811,91651516215
59.7957,16.7236,85.5478,0,75,84,73,1517,3504,2.31862,0,16.7451,7.5764,0,1811,91668242146
48.9394,20.4334,85.5478,0,75,84,73,1517,3504,2.31862,0,16.7451,7.5764,0,1811,91688676894
39.5543,25.2817,85.5478,0,75,84,73,1517,3504,2.31862,0,16.7451,7.5764,0,1811,91713980928
74.773,13.3738,85.5478,0,75,84,73,1517,3504,2.31862,0,16.7451,7.5764,0,1811,91727334399
56.3634,17.742,85.5478,0,75,84,73,1517,3504,2.31862,0,16.7451,7.5764,0,1811,91745077577
65.9837,15.1553,85.5478,0,75,84,73,1517,3504,2.31862,0,16.7451,7.5764,0,1811,91760235158
65.6101,15.2416,85.5478,0,75,84,73,1517,3504,2.31862,0,16.7451,7.5764,0,1811,91775476789
37.2833,26.8217,85.5478,0,75,84,73,1517,3504,2.31862,0,16.7451,7.5764,0,1811,91802299675
47.2772,21.1519,85.5478,0,75,84,73,1517,3504,2.31862,0,16.7451,7.5764,0,1811,91823453544
78.8312,12.6853,85.5478,0,75,84,73,1517,3504,2.31862,0,16.7451,7.5764,0,1811,91836161491
54.889,18.2186,85.5478,0,75,84,73,1517,3504,2.31862,0,16.7451,7.5764,0,1811,91854361517
48.3319,20.6903,85.5478,0,75,84,73,1517,3504,2.31862,0,16.7451,7.5764,0,1811,91875051917
48.934,20.4357,85.5478,0,75,84,73,1517,3504,2.31862,0,16.7451,7.5764,0,1811,91895510675
67.4429,14.8274,85.5478,0,75,84,73,1517,3504,2.31862,0,16.7451,7.5764,0,1811,91910318830
61.8461,16.1692,85.5478,0,75,84,73,1517,3504,2.31862,0,16.7451,7.5764,0,1811,91926511103
76.6625,13.0442,85.5478,0,75,84,73,1517,3504,2.31862,0,16.7451,7.5764,0,1811,91939534969
72.0465,13.8799,85.5478,0,75,84,73,1517,3504,2.31862,0,16.7451,7.5764,0,1811,91953438415
73.7533,13.5587,85.5478,0,75,84,73,1517,3504,2.31862,0,16.7451,7.5764,0,1811,91966983775
55.2028,18.115,87.931,0,75,85,73,1517,3504,2.31862,0,16.7451,7.5764,0,1845,91985114568
47.7549,20.9403,87.931,0,75,85,73,1517,3504,2.31862,0,16.7451,7.5764,0,1845,92006034831
43.8391,22.8107,87.931,0,75,85,73,1517,3504,2.31862,0,16.7451,7.5764,0,1845,92028846518
99.9276,10.0072,87.931,0,75,85,73,1517,3504,2.31862,0,16.7451,7.5764,0,1845,92038854433
56.8497,17.5903,87.931,0,75,85,73,1517,3504,2.31862,0,16.7451,7.5764,0,1845,92056468672
53.0651,18.8448,87.931,0,75,85,73,1517,3504,2.31862,0,16.7451,7.5764,0,1845,92075315815
64.7699,15.4393,87.931,0,75,85,73,1517,3504,2.31862,0,16.7451,7.5764,0,1845,92090733198
127.226,7.86004,87.931,0,75,85,73,1517,3504,2.31862,0,16.7451,7.5764,0,1845,92098615641
68.2281,14.6567,87.931,0,75,85,73,1517,3504,2.31862,0,16.7451,7.5764,0,1845,92113273440
60.1133,16.6353,87.931,0,75,85,73,1517,3504,2.31862,0,16.7451,7.5764,0,1845,92129910463
57.7653,17.3114,87.931,0,75,85,73,1517,3504,2.31862,0,16.7451,7.5764,0,1845,92147244130
67.8589,14.7365,87.931,0,75,85,73,1517,3504,2.31862,0,16.7451,7.5764,0,1845,92161960461
60.099,16.6392,87.931,0,75,85,73,1517,3504,2.31862,0,16.7451,7.5764,0,1845,92178618842
69.8093,14.3247,87.931,0,75,85,73,1517,3504,2.31862,0,16.7451,7.5764,0,1845,92192927596
60.0755,16.6457,87.931,0,75,85,73,1517,3504,2.31862,0,16.7451,7.5764,0,1845,92209594815
61.2416,16.3288,87.931,0,75,85,73,1517,3504,2.31862,0,16.7451,7.5764,0,1845,92225903995
60.8252,16.4405,87.931,0,75,85,73,1517,3504,2.31862,0,16.7451,7.5764,0,1845,92242345076
69.8544,14.3155,87.931,0,75,85,73,1517,3504,2.31862,0,16.7451,7.5764,0,1845,92256660863
62.1353,16.0939,87.931,0,75,85,73,1517,3504,2.31862,0,16.7451,7.5764,0,1845,92272777802
67.2594,14.8678,87.931,0,75,85,73,1517,3504,2.31862,0,16.7451,7.5764,0,1845,92287646146
59.8728,16.7021,87.931,0,75,85,73,1517,3504,2.31862,0,16.7451,7.5764,0,1845,92304350558
63.3361,15.7888,87.931,0,75,85,73,1517,3504,2.31862,0,16.7451,7.5764,0,1845,92320140127
57.5552,17.3746,87.931,0,75,85,73,1517,3504,2.31862,0,16.7451,7.5764,0,1845,92337515980
68.8668,14.5208,87.931,0,75,85,73,1517,3504,2.31862,0,16.7451,7.5764,0,1845,92352037817
63.0703,15.8553,87.931,0,75,85,73,1517,3504,2.31862,0,16.7451,7.5764,0,1845,92367895787
60.5247,16.5222,87.931,0,75,85,73,1517,3504,2.31862,0,16.7451,7.5764,0,1845,92384419542
66.3509,15.0714,87.931,0,75,85,73,1517,3504,2.31862,0,16.7451,7.5764,0,1845,92399512860
56.9532,17.5583,87.931,0,75,85,73,1517,3504,2.31862,0,16.7451,7.5764,0,1845,92417050801
91.8512,10.8872,87.931,0,75,85,73,1517,3504,2.31862,0,16.7451,7.5764,0,1845,92427940053
64.8916,15.4103,87.931,0,75,85,73,1517,3504,2.31862,0,16.7451,7.5764,0,1845,92443351265
64.937,15.3995,87.931,0,75,85,73,1517,3504,2.31862,0,16.7451,7.5764,0,1845,92458751276
63.0006,15.8729,87.931,0,75,85,73,1517,3504,2.31862,0,16.7451,7.5764,0,1845,92474629525
60.4259,16.5492,70.437,0,83,85,73,1436,3504,2.31621,0,16.7451,7.5764,0,3435,92491176368
60.2347,16.6017,70.437,0,83,85,73,1436,3504,2.31621,0,16.7451,7.5764,0,3435,92507777966
57.8897,17.2742,70.437,0,83,85,73,1436,3504,2.31621,0,16.7451,7.5764,0,3435,92525054179
73.2462,13.6526,70.437,0,83,85,73,1436,3504,2.31621,0,16.7451,7.5764,0,3435,92538708390
63.3183,15.7932,70.437,0,83,85,73,1436,3504,2.31621,0,16.7451,7.5764,0,3435,92554515828
61.9092,16.1527,70.437,0,83,85,73,1436,3504,2.31621,0,16.7451,7.5764,0,3435,92570656684
64.5479,15.4924,70.437,0,83,85,73,1436,3504,2.31621,0,16.7451,7.5764,0,3435,92586149489
59.2012,16.8915,70.437,0,83,85,73,1436,3504,2.31621,0,16.7451,7.5764,0,3435,92603042805
63.3416,15.7874,70.437,0,83,85,73,1436,3504,2.31621,0,16.7451,7.5764,0,3435,92618833011
63.641,15.7131,70.437,0,83,85,73,1436,3504,2.31621,0,16.7451,7.5764,0,3435,92634547314
56.835,17.5948,70.437,0,83,85,73,1436,3504,2.31621,0,16.7451,7.5764,0,3435,92652143496
55.0241,18.1738,70.437,0,83,85,73,1436,3504,2.31621,0,16.7451,7.5764,0,3435,92670330537
76.5999,13.0548,70.437,0,83,85,73,1436,3504,2.31621,0,16.7451,7.5764,0,3435,92683374239
65.5726,15.2503,70.437,0,83,85,73,1436,3504,2.31621,0,16.7451,7.5764,0,3435,92698625558
63.517,15.7438,70.437,0,83,85,73,1436,3504,2.31621,0,16.7451,7.5764,0,3435,92714370685
54.941,18.2013,70.437,0,83,85,73,1436,3504,2.31621,0,16.7451,7.5764,0,3435,92732573256
71.5862,13.9692,70.437,0,83,85,73,1436,3504,2.31621,0,16.7451,7.5764,0,3435,92746543384
62.7851,15.9273,70.437,0,83,85,73,1436,3504,2.31621,0,16.7451,7.5764,0,3435,92762472365
66.032,15.1442,70.437,0,83,85,73,1436,3504,2.31621,0,16.7451,7.5764,0,3435,92777617461
59.9664,16.676,70.437,0,83,85,73,1436,3504,2.31621,0,16.7451,7.5764,0,3435,92794294309
65.7672,15.2052,70.437,0,83,85,73,1436,3504,2.31621,0,16.7451,7.5764,0,3435,92809501809
62.6948,15.9503,70.437,0,83,85,73,1436,3504,2.31621,0,16.7451,7.5764,0,3435,92825453338
63.9314,15.6418,70.437,0,83,85,73,1436,3504,2.31621,0,16.7451,7.5764,0,3435,92841102179
61.6183,16.229,70.437,0,83,85,73,1436,3504,2.31621,0,16.7451,7.5764,0,3435,92857325540
62.6211,15.969,70.437,0,83,85,73,1436,3504,2.31621,0,16.7451,7.5764,0,3435,92873295739
62.6821,15.9535,70.437,0,83,85,73,1436,3504,2.31621,0,16.7451,7.5764,0,3435,92889251379
63.7123,15.6956,70.437,0,83,85,73,1436,3504,2.31621,0,16.7451,7.5764,0,3435,92904946961
60.7256,16.4675,70.437,0,83,85,73,1436,3504,2.31621,0,16.7451,7.5764,0,3435,92921416018
60.4394,16.5455,70.437,0,83,85,73,1436,3504,2.31621,0,16.7451,7.5764,0,3435,92937963076
67.945,14.7178,70.437,0,83,85,73,1436,3504,2.31621,0,16.7451,7.5764,0,3435,92952682369
60.145,16.6265,70.437,0,83,85,73,1436,3504,2.31621,0,16.7451,7.5764,0,3435,92969309539
65.2647,15.3222,70.437,0,83,85,73,1436,3504,2.31621,0,16.7451,7.5764,0,3435,92984635816
60.198,16.6118,58.2716,0,99,91,74,1417,3504,2.31578,0,16.7453,7.5764,0,3400,93001245675
64.7795,15.437,58.2716,0,99,91,74,1417,3504,2.31578,0,16.7453,7.5764,0,3400,93016683903
61.0538,16.379,58.2716,0,99,91,74,1417,3504,2.31578,0,16.7453,7.5764,0,3400,93033063785
56.7438,17.6231,58.2716,0,99,91,74,1417,3504,2.31578,0,16.7453,7.5764,0,3400,93050689156
67.5698,14.7995,58.2716,0,99,91,74,1417,3504,2.31578,0,16.7453,7.5764,0,3400,93065490104
55.6361,17.9739,58.2716,0,99,91,74,1417,3504,2.31578,0,16.7453,7.5764,0,3400,93083464266
83.061,12.0393,58.2716,0,99,91,74,1417,3504,2.31578,0,16.7453,7.5764,0,3400,93095505919
57.6849,17.3356,58.2716,0,99,91,74,1417,3504,2.31578,0,16.7453,7.5764,0,3400,93112841710
63.5959,15.7243,58.2716,0,99,91,74,1417,3504,2.31578,0,16.7453,7.5764,0,3400,93128567928
61.9273,16.148,58.2716,0,99,91,74,1417,3504,2.31578,0,16.7453,7.5764,0,3400,93144718446
64.8673,15.4161,58.2716,0,99,91,74,1417,3504,2.31578,0,16.7453,7.5764,0,3400,93160134745
61.0588,16.3777,58.2716,0,99,91,74,1417,3504,2.31578,0,16.7453,7.5764,0,3400,93176513187
51.3072,19.4904,58.2716,0,99,91,74,1417,3504,2.31578,0,16.7453,7.5764,0,3400,93196004541
79.2447,12.6191,58.2716,0,99,91,74,1417,3504,2.31578,0,16.7453,7.5764,0,3400,93208625466
66.5624,15.0235,58.2716,0,99,91,74,1417,3504,2.31578,0,16.7453,7.5764,0,3400,93223649958
60.8262,16.4403,58.2716,0,99,91,74,1417,3504,2.31578,0,16.7453,7.5764,0,3400,93240091166
64.0059,15.6236,58.2716,0,99,91,74,1417,3504,2.31578,0,16.7453,7.5764,0,3400,93255715989
60.0128,16.6631,58.2716,0,99,91,74,1417,3504,2.31578,0,16.7453,7.5764,0,3400,93272381392
63.2732,15.8045,58.2716,0,99,91,74,1417,3504,2.31578,0,16.7453,7.5764,0,3400,93288187240
59.6298,16.7701,58.2716,0,99,91,74,1417,3504,2.31578,0,16.7453,7.5764,0,3400,93304957839
67.7559,14.7589,58.2716,0,99,91,74,1417,3504,2.31578,0,16.7453,7.5764,0,3400,93319717561
57.2915,17.4546,58.2716,0,99,91,74,1417,3504,2.31578,0,16.7453,7.5764,0,3400,93337172696
52.6594,18.9899,58.2716,0,99,91,74,1417,3504,2.31578,0,16.7453,7.5764,0,3400,93356165183
83.1655,12.0242,58.2716,0,99,91,74,1417,3504,2.31578,0,16.7453,7.5764,0,3400,93368189281
64.1455,15.5896,58.2716,0,99,91,74,1417,3504,2.31578,0,16.7453,7.5764,0,3400,93383781539
63.626,15.7169,58.2716,0,99,91,74,1417,3504,2.31578,0,16.7453,7.5764,0,3400,93399499701
47.6258,20.997,58.2716,0,99,91,74,1417,3504,2.31578,0,16.7453,7.5764,0,3400,93420496723
71.2503,14.035,58.2716,0,99,91,74,1417,3504,2.31578,0,16.7453,7.5764,0,3400,93434532671
76.9017,13.0036,58.2716,0,99,91,74,1417,3504,2.31578,0,16.7453,7.5764,0,3400,93447538201
58.8335,16.9971,58.2716,0,99,91,74,1417,3504,2.31578,0,16.7453,7.5764,0,3400,93464536323
69.5343,14.3814,58.2716,0,99,91,74,1417,3504,2.31578,0,16.7453,7.5764,0,3400,93478919433
56.5501,17.6834,58.2716,0,99,91,74,1417,3504,2.31578,0,16.7453,7.5764,0,3400,93496626108
67.9965,14.7066,60.0503,0,100,91,74,1417,3504,2.31476,0,16.7453,7.5764,0,3400,93511311010
62.5581,15.9851,60.0503,0,100,91,74,1417,3504,2.31476,0,16.7453,7.5764,0,3400,93527297867
65.8858,15.1778,60.0503,0,100,91,74,1417,3504,2.31476,0,16.7453,7.5764,0,3400,93542475697
62.179,16.0826,60.0503,0,100,91,74,1417,3504,2.31476,0,16.7453,7.5764,0,3400,93558560436
54.1673,18.4613,60.0503,0,100,91,74,1417,3504,2.31476,0,16.7453,7.5764,0,3400,93577023170
75.8867,13.1775,60.0503,0,100,91,74,1417,3504,2.31476,0,16.7453,7.5764,0,3400,93590202792
55.6171,17.9801,60.0503,0,100,91,74,1417,3504,2.31476,0,16.7453,7.5764,0,3400,93608196176
70.3783,14.2089,60.0503,0,100,91,74,1417,3504,2.31476,0,16.7453,7.5764,0,3400,93622393871
55.1959,18.1173,60.0503,0,100,91,74,1417,3504,2.31476,0,16.7453,7.5764,0,3400,93640513124
57.2853,17.4565,60.0503,0,100,91,74,1417,3504,2.31476,0,16.7453,7.5764,0,3400,93657971011
67.7232,14.766,60.0503,0,100,91,74,1417,3504,2.31476,0,16.7453,7.5764,0,3400,93672738248
59.0116,16.9458,60.0503,0,100,91,74,1417,3504,2.31476,0,16.7453,7.5764,0,3400,93689686012
59.5985,16.7789,60.0503,0,100,91,74,1417,3504,2.31476,0,16.7453,7.5764,0,3400,93706521757
67.6619,14.7794,60.0503,0,100,91,74,1417,3504,2.31476,0,16.7453,7.5764,0,3400,93721246653
58.7346,17.0257,60.0503,0,100,91,74,1417,3504,2.31476,0,16.7453,7.5764,0,3400,93738273258
61.8264,16.1743,60.0503,0,100,91,74,1417,3504,2.31476,0,16.7453,7.5764,0,3400,93754450149
59.7899,16.7252,60.0503,0,100,91,74,1417,3504,2.31476,0,16.7453,7.5764,0,3400,93771175961
61.7606,16.1915,60.0503,0,100,91,74,1417,3504,2.31476,0,16.7453,7.5764,0,3400,93787368740
55.7112,17.9497,60.0503,0,100,91,74,1417,3504,2.31476,0,16.7453,7.5764,0,3400,93805320012
61.0287,16.3857,60.0503,0,100,91,74,1417,3504,2.31476,0,16.7453,7.5764,0,3400,93821707177
59.7467,16.7373,60.0503,0,100,91,74,1417,3504,2.31476,0,16.7453,7.5764,0,3400,93838445082
61.9325,16.1466,60.0503,0,100,91,74,1417,3504,2.31476,0,16.7453,7.5764,0,3400,93854592212
59.5541,16.7914,60.0503,0,100,91,74,1417,3504,2.31476,0,16.7453,7.5764,0,3400,93871385225
62.6582,15.9596,60.0503,0,100,91,74,1417,3504,2.31476,0,16.7453,7.5764,0,3400,93887346303
60.8077,16.4453,60.0503,0,100,91,74,1417,3504,2.31476,0,16.7453,7.5764,0,3400,93903792984
60.9974,16.3942,60.0503,0,100,91,74,1417,3504,2.31476,0,16.7453,7.5764,0,3400,93920188271
60.4167,16.5517,60.0503,0,100,91,74,1417,3504,2.31476,0,16.7453,7.5764,0,3400,93936741626
57.8208,17.2948,60.0503,0,100,91,74,1417,3504,2.31476,0,16.7453,7.5764,0,3400,93954038265
59.8426,16.7105,60.0503,0,100,91,74,1417,3504,2.31476,0,16.7453,7.5764,0,3400,93970749671
57.4161,17.4167,60.0503,0,100,91,74,1417,3504,2.31476,0,16.7453,7.5764,0,3400,93988167716
68.1256,14.6788,60.0503,0,100,91,74,1417,3504,2.31476,0,16.7453,7.5764,0,3400,94002850721
52.3214,19.1126,61.4035,0,100,88,74,1417,3504,2.28,0,16.7451,7.5764,0,3521,94021960783
67.2313,14.874,61.4035,0,100,88,74,1417,3504,2.28,0,16.7451,7.5764,0,3521,94036836226
60.315,16.5796,61.4035,0,100,88,74,1417,3504,2.28,0,16.7451,7.5764,0,3521,94053417609
57.9189,17.2655,61.4035,0,100,88,74,1417,3504,2.28,0,16.7451,7.5764,0,3521,94070684713
56.1217,17.8184,61.4035,0,100,88,74,1417,3504,2.28,0,16.7451,7.5764,0,3521,94088503918
66.2343,15.0979,61.4035,0,100,88,74,1417,3504,2.28,0,16.7451,7.5764,0,3521,94103603846
57.9868,17.2453,61.4035,0,100,88,74,1417,3504,2.28,0,16.7451,7.5764,0,3521,94120850099
56.6604,17.649,61.4035,0,100,88,74,1417,3504,2.28,0,16.7451,7.5764,0,3521,94138499726
64.2333,15.5683,61.4035,0,100,88,74,1417,3504,2.28,0,16.7451,7.5764,0,3521,94154068929
57.75,17.316,61.4035,0,100,88,74,1417,3504,2.28,0,16.7451,7.5764,0,3521,94171386105
61.7099,16.2049,61.4035,0,100,88,74,1417,3504,2.28,0,16.7451,7.5764,0,3521,94187593383
61.9597,16.1395,61.4035,0,100,88,74,1417,3504,2.28,0,16.7451,7.5764,0,3521,94203733967
43.3459,23.0702,61.4035,0,100,88,74,1417,3504,2.28,0,16.7451,7.5764,0,3521,94226805588
89.8286,11.1323,61.4035,0,100,88,74,1417,3504,2.28,0,16.7451,7.5764,0,3521,94237940478
63.1488,15.8356,61.4035,0,100,88,74,1417,3504,2.28,0,16.7451,7.5764,0,3521,94253776998
57.1924,17.4848,61.4035,0,100,88,74,1417,3504,2.28,0,16.7451,7.5764,0,3521,94271261878
55.9312,17.8791,61.4035,0,100,88,74,1417,3504,2.28,0,16.7451,7.5764,0,3521,94289143644
63.2219,15.8173,61.4035,0,100,88,74,1417,3504,2.28,0,16.7451,7.5764,0,3521,94304961763
56.0339,17.8463,61.4035,0,100,88,74,1417,3504,2.28,0,16.7451,7.5764,0,3521,94322809581
64.7332,15.448,61.4035,0,100,88,74,1417,3504,2.28,0,16.7451,7.5764,0,3521,94338258981
53.8438,18.5722,61.4035,0,100,88,74,1417,3504,2.28,0,16.7451,7.5764,0,3521,94356831116
62.6535,15.9608,61.4035,0,100,88,74,1417,3504,2.28,0,16.7451,7.5764,0,3521,94372793921
58.447,17.1095,61.4035,0,100,88,74,1417,3504,2.28,0,16.7451,7.5764,0,3521,94389904509
61.4586,16.2711,61.4035,0,100,88,74,1417,3504,2.28,0,16.7451,7.5764,0,3521,94406176848
61.2323,16.3313,61.4035,0,100,88,74,1417,3504,2.28,0,16.7451,7.5764,0,3521,94422511119
56.7407,17.624,61.4035,0,100,88,74,1417,3504,2.28,0,16.7451,7.5764,0,3521,94440134828
61.3093,16.3107,61.4035,0,100,88,74,1417,3504,2.28,0,16.7451,7.5764,0,3521,94456447072
60.3719,16.564,61.4035,0,100,88,74,1417,3504,2.28,0,16.7451,7.5764,0,3521,94473011668
57.545,17.3777,61.4035,0,100,88,74,1417,3504,2.28,0,16.7451,7.5764,0,3521,94490391655
45.537,21.9602,61.4035,0,100,88,74,1417,3504,2.28,0,16.7451,7.5764,0,3521,94512374379
88.9832,11.2381,60.8374,0,100,88,74,1417,3504,2.28,0,16.7528,7.5764,0,3400,94523592348
59.266,16.8731,60.8374,0,100,88,74,1417,3504,2.28,0,16.7528,7.5764,0,3400,94540466426
61.199,16.3401,60.8374,0,100,88,74,1417,3504,2.28,0,16.7528,7.5764,0,3400,94556807604
57.802,17.3004,60.8374,0,100,88,74,1417,3504,2.28,0,16.7528,7.5764,0,3400,94574109281
61.852,16.1676,60.8374,0,100,88,74,1417,3504,2.28,0,16.7528,7.5764,0,3400,94590279245
60.6827,16.4792,60.8374,0,100,88,74,1417,3504,2.28,0,16.7528,7.5764,0,3400,94606759007
59.2157,16.8874,60.8374,0,100,88,74,1417,3504,2.28,0,16.7528,7.5764,0,3400,94623647048
56.0378,17.8451,60.8374,0,100,88,74,1417,3504,2.28,0,16.7528,7.5764,0,3400,94641499794
60.7084,16.4722,60.8374,0,100,88,74,1417,3504,2.28,0,16.7528,7.5764,0,3400,94657967657
60.5208,16.5232,60.8374,0,100,88,74,1417,3504,2.28,0,16.7528,7.5764,0,3400,94674492507
53.3899,18.7301,60.8374,0,100,88,74,1417,3504,2.28,0,16.7528,7.5764,0,3400,94693223059
61.6976,16.2081,60.8374,0,100,88,74,1417,3504,2.28,0,16.7528,7.5764,0,3400,94709433006
59.8562,16.7067,60.8374,0,100,88,74,1417,3504,2.28,0,16.7528,7.5764,0,3400,94726141129
67.0659,14.9107,60.8374,0,100,88,74,1417,3504,2.28,0,16.7528,7.5764,0,3400,94741052968
57.0496,17.5286,60.8374,0,100,88,74,1417,3504,2.28,0,16.7528,7.5764,0,3400,94758582265
47.0476,21.2551,60.8374,0,100,88,74,1417,3504,2.28,0,16.7528,7.5764,0,3400,94779838469
84.4853,11.8364,60.8374,0,100,88,74,1417,3504,2.28,0,16.7528,7.5764,0,3400,94791676229
56.6277,17.6592,60.8374,0,100,88,74,1417,3504,2.28,0,16.7528,7.5764,0,3400,94809337154
59.9056,16.6929,60.8374,0,100,88,74,1417,3504,2.28,0,16.7528,7.5764,0,3400,94826030536
51.1982,19.5319,60.8374,0,100,88,74,1417,3504,2.28,0,16.7528,7.5764,0,3400,94845565022
77.9774,12.8242,60.8374,0,100,88,74,1417,3504,2.28,0,16.7528,7.5764,0,3400,94858389571
53.9019,18.5522,60.8374,0,100,88,74,1417,3504,2.28,0,16.7528,7.5764,0,3400,94876943172
60.3228,16.5775,60.8374,0,100,88,74,1417,3504,2.28,0,16.7528,7.5764,0,3400,94893522695
67.6772,14.776,60.8374,0,100,88,74,1417,3504,2.28,0,16.7528,7.5764,0,3400,94908299745
55.065,18.1603,60.8374,0,100,88,74,1417,3504,2.28,0,16.7528,7.5764,0,3400,94926461214
62.9093,15.8959,60.8374,0,100,88,74,1417,3504,2.28,0,16.7528,7.5764,0,3400,94942359891
60.5657,16.511,60.8374,0,100,88,74,1417,3504,2.28,0,16.7528,7.5764,0,3400,94958872078
57.5769,17.3681,60.8374,0,100,88,74,1417,3504,2.28,0,16.7528,7.5764,0,3400,94976239212
61.5598,16.2444,60.8374,0,100,88,74,1417,3504,2.28,0,16.7528,7.5764,0,3400,94992485482
59.0154,16.9447,60.8374,0,100,88,74,1417,3504,2.28,0,16.7528,7.5764,0,3400,95009432480
60.2021,16.6107,60.8374,0,100,88,74,1417,3504,2.28,0,16.7528,7.5764,0,3400,95026047507
61.7199,16.2022,63.0923,0,100,91,74,1417,3504,2.27203,0,16.7528,7.5764,0,3404,95042247705
59.5879,16.7819,63.0923,0,100,91,74,1417,3504,2.27203,0,16.7528,7.5764,0,3404,95059030707
59.7012,16.7501,63.0923,0,100,91,74,1417,3504,2.27203,0,16.7528,7.5764,0,3404,95075781745
56.3123,17.7581,63.0923,0,100,91,74,1417,3504,2.27203,0,16.7528,7.5764,0,3404,95093541339
66.3436,15.073,63.0923,0,100,91,74,1417,3504,2.27203,0,16.7528,7.5764,0,3404,95108616151
50.9431,19.6297,63.0923,0,100,91,74,1417,3504,2.27203,0,16.7528,7.5764,0,3404,95128246163
76.2227,13.1194,63.0923,0,100,91,74,1417,3504,2.27203,0,16.7528,7.5764,0,3404,95141366976
54.0838,18.4898,63.0923,0,100,91,74,1417,3504,2.27203,0,16.7528,7.5764,0,3404,95159858353
64.1144,15.5971,63.0923,0,100,91,74,1417,3504,2.27203,0,16.7528,7.5764,0,3404,95175457065
59.6869,16.7541,63.0923,0,100,91,74,1417,3504,2.27203,0,16.7528,7.5764,0,3404,95192212021
54.2618,18.4292,63.0923,0,100,91,74,1417,3504,2.27203,0,16.7528,7.5764,0,3404,95210643843
58.6574,17.0481,63.0923,0,100,91,74,1417,3504,2.27203,0,16.7528,7.5764,0,3404,95227692900
66.1674,15.1132,63.0923,0,100,91,74,1417,3504,2.27203,0,16.7528,7.5764,0,3404,95242806730
58.8278,16.9988,63.0923,0,100,91,74,1417,3504,2.27203,0,16.7528,7.5764,0,3404,95259806581
57.0455,17.5299,63.0923,0,100,91,74,1417,3504,2.27203,0,16.7528,7.5764,0,3404,95277338096
52.8486,18.922,63.0923,0,100,91,74,1417,3504,2.27203,0,16.7528,7.5764,0,3404,95296262712
59.1151,16.9162,63.0923,0,100,91,74,1417,3504,2.27203,0,16.7528,7.5764,0,3404,95313180795
67.4479,14.8263,63.0923,0,100,91,74,1417,3504,2.27203,0,16.7528,7.5764,0,3404,95328007159
55.4479,18.035,63.0923,0,100,91,74,1417,3504,2.27203,0,16.7528,7.5764,0,3404,95346046363
49.4619,20.2176,63.0923,0,100,91,74,1417,3504,2.27203,0,16.7528,7.5764,0,3404,95366262222
69.3764,14.4141,63.0923,0,100,91,74,1417,3504,2.27203,0,16.7528,7.5764,0,3404,95380678530
63.314,15.7943,63.0923,0,100,91,74,1417,3504,2.27203,0,16.7528,7.5764,0,3404,95396473079
59.2215,16.8858,63.0923,0,100,91,74,1417,3504,2.27203,0,16.7528,7.5764,0,3404,95413359479
62.8673,15.9065,63.0923,0,100,91,74,1417,3504,2.27203,0,16.7528,7.5764,0,3404,95429267093
57.4996,17.3914,63.0923,0,100,91,74,1417,3504,2.27203,0,16.7528,7.5764,0,3404,95446659700
68.248,14.6524,63.0923,0,100,91,74,1417,3504,2.27203,0,16.7528,7.5764,0,3404,95461314040
61.0062,16.3918,63.0923,0,100,91,74,1417,3504,2.27203,0,16.7528,7.5764,0,3404,95477706544
62.0718,16.1104,63.0923,0,100,91,74,1417,3504,2.27203,0,16.7528,7.5764,0,3404,95493817556
62.0396,16.1187,63.0923,0,100,91,74,1417,3504,2.27203,0,16.7528,7.5764,0,3404,95509937735
54.882,18.2209,63.0923,0,100,91,74,1417,3504,2.27203,0,16.7528,7.5764,0,3404,95528163181
60.0285,16.6588,68.593,0,100,91,74,1417,3504,2.26384,0,16.7352,7.5764,0,3426,95544820209
71.2868,14.0279,68.593,0,100,91,74,1417,3504,2.26384,0,16.7352,7.5764,0,3426,95558850030
56.8451,17.5917,68.593,0,100,91,74,1417,3504,2.26384,0,16.7352,7.5764,0,3426,95576442589
57.1822,17.488,68.593,0,100,91,74,1417,3504,2.26384,0,16.7352,7.5764,0,3426,95593931712
66.8982,14.9481,68.593,0,100,91,74,1417,3504,2.26384,0,16.7352,7.5764,0,3426,95608882835
55.3885,18.0543,68.593,0,100,91,74,1417,3504,2.26384,0,16.7352,7.5764,0,3426,95626936941
52.5655,19.0239,68.593,0,100,91,74,1417,3504,2.26384,0,16.7352,7.5764,0,3426,95645962588
74.4866,13.4252,68.593,0,100,91,74,1417,3504,2.26384,0,16.7352,7.5764,0,3426,95659388757
63.3295,15.7904,68.593,0,100,91,74,1417,3504,2.26384,0,16.7352,7.5764,0,3426,95675180551
46.6312,21.4449,68.593,0,100,91,74,1417,3504,2.26384,0,16.7352,7.5764,0,3426,95696626221
68.0571,14.6935,68.593,0,100,91,74,1417,3504,2.26384,0,16.7352,7.5764,0,3426,95711320433
75.6717,13.215,68.593,0,100,91,74,1417,3504,2.26384,0,16.7352,7.5764,0,3426,95724536698
62.1872,16.0805,68.593,0,100,91,74,1417,3504,2.26384,0,16.7352,7.5764,0,3426,95740618934
49.827,20.0694,68.593,0,100,91,74,1417,3504,2.26384,0,16.7352,7.5764,0,3426,95760689693
72.6097,13.7723,68.593,0,100,91,74,1417,3504,2.26384,0,16.7352,7.5764,0,3426,95774463592
60.9045,16.4191,68.593,0,100,91,74,1417,3504,2.26384,0,16.7352,7.5764,0,3426,95790883620
59.8292,16.7143,68.593,0,100,91,74,1417,3504,2.26384,0,16.7352,7.5764,0,3426,95807599042
60.5491,16.5155,68.593,0,100,91,74,1417,3504,2.26384,0,16.7352,7.5764,0,3426,95824117292
66.2033,15.105,68.593,0,100,91,74,1417,3504,2.26384,0,16.7352,7.5764,0,3426,95839221779
59.8481,16.709,68.593,0,100,91,74,1417,3504,2.26384,0,16.7352,7.5764,0,3426,95855932289
56.4151,17.7258,68.593,0,100,91,74,1417,3504,2.26384,0,16.7352,7.5764,0,3426,95873658205
62.0418,16.1182,68.593,0,100,91,74,1417,3504,2.26384,0,16.7352,7.5764,0,3426,95889778939
61.14,16.3559,68.593,0,100,91,74,1417,3504,2.26384,0,16.7352,7.5764,0,3426,95906135648
59.3824,16.84,68.593,0,100,91,74,1417,3504,2.26384,0,16.7352,7.5764,0,3426,95922976974
56.4391,17.7182,68.593,0,100,91,74,1417,3504,2.26384,0,16.7352,7.5764,0,3426,95940695617
61.9992,16.1292,68.593,0,100,91,74,1417,3504,2.26384,0,16.7352,7.5764,0,3426,95956826021
59.9156,16.6901,68.593,0,100,91,74,1417,3504,2.26384,0,16.7352,7.5764,0,3426,95973517719
69.7291,14.3412,68.593,0,100,91,74,1417,3504,2.26384,0,16.7352,7.5764,0,3426,95987859948
54.5873,18.3193,68.593,0,100,91,74,1417,3504,2.26384,0,16.7352,7.5764,0,3426,96006180761
65.9911,15.1536,68.593,0,100,91,74,1417,3504,2.26384,0,16.7352,7.5764,0,3426,96021336032
60.7502,16.4609,68.593,0,100,91,74,1417,3504,2.26384,0,16.7352,7.5764,0,3426,96037808900
52.7025,18.9744,70.1754,0,100,93,74,1450,3504,2.25863,0,16.6862,7.5764,0,3408,96056774563
70.7605,14.1322,70.1754,0,100,93,74,1450,3504,2.25863,0,16.6862,7.5764,0,3408,96070910495
44.1777,22.6358,70.1754,0,100,93,74,1450,3504,2.25863,0,16.6862,7.5764,0,3408,96093546237
65.7556,15.2078,70.1754,0,100,93,74,1450,3504,2.25863,0,16.6862,7.5764,0,3408,96108755856
64.5487,15.4922,70.1754,0,100,93,74,1450,3504,2.25863,0,16.6862,7.5764,0,3408,96124250202
49.9686,20.0126,70.1754,0,100,93,74,1450,3504,2.25863,0,16.6862,7.5764,0,3408,96144265578
57.9804,17.2472,70.1754,0,100,93,74,1450,3504,2.25863,0,16.6862,7.5764,0,3408,96161511957
113.557,8.80612,70.1754,0,100,93,74,1450,3504,2.25863,0,16.6862,7.5764,0,3408,96170319055
58.9231,16.9713,70.1754,0,100,93,74,1450,3504,2.25863,0,16.6862,7.5764,0,3408,96187292046
58.9254,16.9706,70.1754,0,100,93,74,1450,3504,2.25863,0,16.6862,7.5764,0,3408,96204264216
57.3657,17.432,70.1754,0,100,93,74,1450,3504,2.25863,0,16.6862,7.5764,0,3408,96221728028
54.5313,18.3381,70.1754,0,100,93,74,1450,3504,2.25863,0,16.6862,7.5764,0,3408,96240067465
87.3834,11.4438,70.1754,0,100,93,74,1450,3504,2.25863,0,16.6862,7.5764,0,3408,96251513032
55.6049,17.984,70.1754,0,100,93,74,1450,3504,2.25863,0,16.6862,7.5764,0,3408,96269497778
70.7503,14.1342,70.1754,0,100,93,74,1450,3504,2.25863,0,16.6862,7.5764,0,3408,96283632638
58.7233,17.029,70.1754,0,100,93,74,1450,3504,2.25863,0,16.6862,7.5764,0,3408,96300662730
61.5005,16.26,70.1754,0,100,93,74,1450,3504,2.25863,0,16.6862,7.5764,0,3408,96316924173
55.0113,18.1781,70.1754,0,100,93,74,1450,3504,2.25863,0,16.6862,7.5764,0,3408,96335102865
65.1407,15.3514,70.1754,0,100,93,74,1450,3504,2.25863,0,16.6862,7.5764,0,3408,96350456100
54.1218,18.4768,70.1754,0,100,93,74,1450,3504,2.25863,0,16.6862,7.5764,0,3408,96368933445
67.2979,14.8593,70.1754,0,100,93,74,1450,3504,2.25863,0,16.6862,7.5764,0,3408,96383794474
50.7612,19.7001,70.1754,0,100,93,74,1450,3504,2.25863,0,16.6862,7.5764,0,3408,96403495468
75.5893,13.2294,70.1754,0,100,93,74,1450,3504,2.25863,0,16.6862,7.5764,0,3408,96416727054
53.0686,18.8435,70.1754,0,100,93,74,1450,3504,2.25863,0,16.6862,7.5764,0,3408,96435570900
72.4481,13.803,70.1754,0,100,93,74,1450,3504,2.25863,0,16.6862,7.5764,0,3408,96449376267
62.4369,16.0162,70.1754,0,100,93,74,1450,3504,2.25863,0,16.6862,7.5764,0,3408,96465394952
55.0198,18.1753,70.1754,0,100,93,74,1450,3504,2.25863,0,16.6862,7.5764,0,3408,96483571141
64.4698,15.5111,70.1754,0,100,93,74,1450,3504,2.25863,0,16.6862,7.5764,0,3408,96499083180
58.2546,17.166,70.1754,0,100,93,74,1450,3504,2.25863,0,16.6862,7.5764,0,3408,96516251593
60.2465,16.5985,70.1754,0,100,93,74,1450,3504,2.25863,0,16.6862,7.5764,0,3408,96532851295
48.8268,20.4806,70.1754,0,100,93,74,1450,3504,2.25863,0,16.6862,7.5764,0,3408,96553339328
81.9641,12.2005,72.75,0,100,93,74,1488,3504,2.25596,0,16.6622,7.5764,0,3400,96565534701
61.7125,16.2042,72.75,0,100,93,74,1488,3504,2.25596,0,16.6622,7.5764,0,3400,96581739767
69.6839,14.3505,72.75,0,100,93,74,1488,3504,2.25596,0,16.6622,7.5764,0,3400,96596091153
56.4023,17.7298,72.75,0,100,93,74,1488,3504,2.25596,0,16.6622,7.5764,0,3400,96613822382
52.9871,18.8725,72.75,0,100,93,74,1488,3504,2.25596,0,16.6622,7.5764,0,3400,96632697299
48.4967,20.62,72.75,0,100,93,74,1488,3504,2.25596,0,16.6622,7.5764,0,3400,96653317151
78.6948,12.7073,72.75,0,100,93,74,1488,3504,2.25596,0,16.6622,7.5764,0,3400,96666026513
60.2085,16.609,72.75,0,100,93,74,1488,3504,2.25596,0,16.6622,7.5764,0,3400,96682636308
71.125,14.0598,72.75,0,100,93,74,1488,3504,2.25596,0,16.6622,7.5764,0,3400,96696697295
62.6095,15.972,72.75,0,100,93,74,1488,3504,2.25596,0,16.6622,7.5764,0,3400,96712670379
60.3299,16.5755,72.75,0,100,93,74,1488,3504,2.25596,0,16.6622,7.5764,0,3400,96729246910
63.0728,15.8547,72.75,0,100,93,74,1488,3504,2.25596,0,16.6622,7.5764,0,3400,96745103101
63.9496,15.6373,72.75,0,100,93,74,1488,3504,2.25596,0,16.6622,7.5764,0,3400,96760741174
60.2836,16.5883,72.75,0,100,93,74,1488,3504,2.25596,0,16.6622,7.5764,0,3400,96777332358
62.3316,16.0432,72.75,0,100,93,74,1488,3504,2.25596,0,16.6622,7.5764,0,3400,96793375418
60.2633,16.5939,72.75,0,100,93,74,1488,3504,2.25596,0,16.6622,7.5764,0,3400,96809970892
59.5953,16.7799,72.75,0,100,93,74,1488,3504,2.25596,0,16.6622,7.5764,0,3400,96826752546
65.2459,15.3266,72.75,0,100,93,74,1488,3504,2.25596,0,16.6622,7.5764,0,3400,96842081456
59.9763,16.6732,72.75,0,100,93,74,1488,3504,2.25596,0,16.6622,7.5764,0,3400,96858754381
61.6127,16.2304,72.75,0,100,93,74,1488,3504,2.25596,0,16.6622,7.5764,0,3400,96874985522
48.293,20.7069,72.75,0,100,93,74,1488,3504,2.25596,0,16.6622,7.5764,0,3400,96895694048
76.0865,13.1429,72.75,0,100,93,74,1488,3504,2.25596,0,16.6622,7.5764,0,3400,96908837811
56.7273,17.6282,72.75,0,100,93,74,1488,3504,2.25596,0,16.6622,7.5764,0,3400,96926469763
51.7172,19.3359,72.75,0,100,93,74,1488,3504,2.25596,0,16.6622,7.5764,0,3400,96945806976
81.8114,12.2232,72.75,0,100,93,74,1488,3504,2.25596,0,16.6622,7.5764,0,3400,96958030704
55.6365,17.9738,72.75,0,100,93,74,1488,3504,2.25596,0,16.6622,7.5764,0,3400,96976004757
50.525,19.7922,72.75,0,100,93,74,1488,3504,2.25596,0,16.6622,7.5764,0,3400,96995798891
70.9618,14.0921,72.75,0,100,93,74,1488,3504,2.25596,0,16.6622,7.5764,0,3400,97009892195
60.8988,16.4207,72.75,0,100,93,74,1488,3504,2.25596,0,16.6622,7.5764,0,3400,97026313256
43.5031,22.9869,72.75,0,100,93,74,1488,3504,2.25596,0,16.6622,7.5764,0,3400,97049301744
96.4537,10.3677,72.75,0,100,93,74,1488,3504,2.25596,0,16.6622,7.5764,0,3400,97059678187
56.7095,17.6337,73.6181,0,100,94,74,1482,3504,2.25677,0,16.6521,7.5764,0,3400,97077360226
45.6904,21.8865,73.6181,0,100,94,74,1482,3504,2.25677,0,16.6521,7.5764,0,3400,97099198671
65.0361,15.3761,73.6181,0,100,94,74,1482,3504,2.25677,0,16.6521,7.5764,0,3400,97114573485
41.3062,24.2095,73.6181,0,100,94,74,1482,3504,2.25677,0,16.6521,7.5764,0,3400,97138784679
72.845,13.7278,73.6181,0,100,94,74,1482,3504,2.25677,0,16.6521,7.5764,0,3400,97152513762
46.514,21.4989,73.6181,0,100,94,74,1482,3504,2.25677,0,16.6521,7.5764,0,3400,97174015084
48.2409,20.7293,73.6181,0,100,94,74,1482,3504,2.25677,0,16.6521,7.5764,0,3400,97194746280
55.615,17.9808,73.6181,0,100,94,74,1482,3504,2.25677,0,16.6521,7.5764,0,3400,97212727924
53.6245,18.6482,73.6181,0,100,94,74,1482,3504,2.25677,0,16.6521,7.5764,0,3400,97231377451
46.8993,21.3223,73.6181,0,100,94,74,1482,3504,2.25677,0,16.6521,7.5764,0,3400,97252700282
52.7691,18.9505,73.6181,0,100,94,74,1482,3504,2.25677,0,16.6521,7.5764,0,3400,97271652693
50.148,19.941,73.6181,0,100,94,74,1482,3504,2.25677,0,16.6521,7.5764,0,3400,97291595173
55.2152,18.1109,73.6181,0,100,94,74,1482,3504,2.25677,0,16.6521,7.5764,0,3400,97309706328
49.7083,20.1174,73.6181,0,100,94,74,1482,3504,2.25677,0,16.6521,7.5764,0,3400,97329827061
49.5732,20.1722,73.6181,0,100,94,74,1482,3504,2.25677,0,16.6521,7.5764,0,3400,97349998988
46.3401,21.5796,73.6181,0,100,94,74,1482,3504,2.25677,0,16.6521,7.5764,0,3400,97371580982
59.7835,16.727,73.6181,0,100,94,74,1482,3504,2.25677,0,16.6521,7.5764,0,3400,97388312185
47.5954,21.0104,73.6181,0,100,94,74,1482,3504,2.25677,0,16.6521,7.5764,0,3400,97409323073
58.9841,16.9537,73.6181,0,100,94,74,1482,3504,2.25677,0,16.6521,7.5764,0,3400,97426277746
47.7798,20.9293,73.6181,0,100,94,74,1482,3504,2.25677,0,16.6521,7.5764,0,3400,97447208052
52.6238,19.0028,73.6181,0,100,94,74,1482,3504,2.25677,0,16.6521,7.5764,0,3400,97466213296
52.0261,19.2211,73.6181,0,100,94,74,1482,3504,2.25677,0,16.6521,7.5764,0,3400,97485436066
46.791,21.3716,73.6181,0,100,94,74,1482,3504,2.25677,0,16.6521,7.5764,0,3400,97506808321
58.9577,16.9613,73.6181,0,100,94,74,1482,3504,2.25677,0,16.6521,7.5764,0,3400,97523771542
49.7894,20.0846,73.6181,0,100,94,74,1482,3504,2.25677,0,16.6521,7.5764,0,3400,97543858386
54.8391,18.2352,73.6181,0,100,94,74,1482,3504,2.25677,0,16.6521,7.5764,0,3400,97562106686
48.3264,20.6926,71.9603,0,100,94,74,1463,3504,2.25725,0,16.6317,7.5764,0,3412,97582790161
46.7859,21.374,71.9603,0,100,94,74,1463,3504,2.25725,0,16.6317,7.5764,0,3412,97604163269
61.6995,16.2076,71.9603,0,100,94,74,1463,3504,2.25725,0,16.6317,7.5764,0,3412,97620371884
47.3813,21.1054,71.9603,0,100,94,74,1463,3504,2.25725,0,16.6317,7.5764,0,3412,97641479121
47.5074,21.0493,71.9603,0,100,94,74,1463,3504,2.25725,0,16.6317,7.5764,0,3412,97662529478
49,20.4082,71.9603,0,100,94,74,1463,3504,2.25725,0,16.6317,7.5764,0,3412,97682939178
60.7086,16.4721,71.9603,0,100,94,74,1463,3504,2.25725,0,16.6317,7.5764,0,3412,97699413350
52.2414,19.1419,71.9603,0,100,94,74,1463,3504,2.25725,0,16.6317,7.5764,0,3412,97718555126
48.9096,20.4459,71.9603,0,100,94,74,1463,3504,2.25725,0,16.6317,7.5764,0,3412,97739003265
56.4987,17.6995,71.9603,0,100,94,74,1463,3504,2.25725,0,16.6317,7.5764,0,3412,97756704399
47.8467,20.9001,71.9603,0,100,94,74,1463,3504,2.25725,0,16.6317,7.5764,0,3412,97777606121
48.3216,20.6947,71.9603,0,100,94,74,1463,3504,2.25725,0,16.6317,7.5764,0,3412,97798301201
56.2619,17.774,71.9603,0,100,94,74,1463,3504,2.25725,0,16.6317,7.5764,0,3412,97816076948
50.3059,19.8784,71.9603,0,100,94,74,1463,3504,2.25725,0,16.6317,7.5764,0,3412,97835956705
51.76,19.3199,71.9603,0,100,94,74,1463,3504,2.25725,0,16.6317,7.5764,0,3412,97855278348
51.1092,19.5659,71.9603,0,100,94,74,1463,3504,2.25725,0,16.6317,7.5764,0,3412,97874845382
49.1958,20.327,71.9603,0,100,94,74,1463,3504,2.25725,0,16.6317,7.5764,0,3412,97895173631
51.0241,19.5986,71.9603,0,100,94,74,1463,3504,2.25725,0,16.6317,7.5764,0,3412,97914772656
48.0636,20.8058,71.9603,0,100,94,74,1463,3504,2.25725,0,16.6317,7.5764,0,3412,97935579781
50.7299,19.7122,71.9603,0,100,94,74,1463,3504,2.25725,0,16.6317,7.5764,0,3412,97955297102
54.921,18.208,71.9603,0,100,94,74,1463,3504,2.25725,0,16.6317,7.5764,0,3412,97973504251
46.8209,21.358,71.9603,0,100,94,74,1463,3504,2.25725,0,16.6317,7.5764,0,3412,97994862900
47.5517,21.0297,71.9603,0,100,94,74,1463,3504,2.25725,0,16.6317,7.5764,0,3412,98015894957
52.6201,19.0041,71.9603,0,100,94,74,1463,3504,2.25725,0,16.6317,7.5764,0,3412,98034900059
52.2778,19.1286,71.9603,0,100,94,74,1463,3504,2.25725,0,16.6317,7.5764,0,3412,98054030195
41.9998,23.8096,71.9603,0,100,94,74,1463,3504,2.25725,0,16.6317,7.5764,0,3412,98077847205
54.8309,18.2379,67.1642,0,100,95,74,1463,3504,2.25725,0,16.6178,7.5764,0,3400,98096081593
57.0003,17.5438,67.1642,0,100,95,74,1463,3504,2.25725,0,16.6178,7.5764,0,3400,98113625594
50.2519,19.8998,67.1642,0,100,95,74,1463,3504,2.25725,0,16.6178,7.5764,0,3400,98133527312
52.1137,19.1888,67.1642,0,100,95,74,1463,3504,2.25725,0,16.6178,7.5764,0,3400,98152717222
30.9594,32.3004,67.1642,0,100,95,74,1463,3504,2.25725,0,16.6178,7.5764,0,3400,98185031701
65.5654,15.252,67.1642,0,100,95,74,1463,3504,2.25725,0,16.6178,7.5764,0,3400,98200272201
93.6941,10.673,67.1642,0,100,95,74,1463,3504,2.25725,0,16.6178,7.5764,0,3400,98210946668
49.8057,20.078,67.1642,0,100,95,74,1463,3504,2.25725,0,16.6178,7.5764,0,3400,98231026660
53.2557,18.7773,67.1642,0,100,95,74,1463,3504,2.25725,0,16.6178,7.5764,0,3400,98249805639
45.6007,21.9295,67.1642,0,100,95,74,1463,3504,2.25725,0,16.6178,7.5764,0,3400,98271735951
33.7743,29.6084,67.1642,0,100,95,74,1463,3504,2.25725,0,16.6178,7.5764,0,3400,98301345646
97.0313,10.3059,67.1642,0,100,95,74,1463,3504,2.25725,0,16.6178,7.5764,0,3400,98311652735
53.3764,18.7349,67.1642,0,100,95,74,1463,3504,2.25725,0,16.6178,7.5764,0,3400,98330388568
47.2821,21.1496,67.1642,0,100,95,74,1463,3504,2.25725,0,16.6178,7.5764,0,3400,98351540121
54.9538,18.1971,67.1642,0,100,95,74,1463,3504,2.25725,0,16.6178,7.5764,0,3400,98369740115
51.5215,19.4094,67.1642,0,100,95,74,1463,3504,2.25725,0,16.6178,7.5764,0,3400,98389150168
47.3739,21.1087,67.1642,0,100,95,74,1463,3504,2.25725,0,16.6178,7.5764,0,3400,98410259918
54.1175,18.4783,67.1642,0,100,95,74,1463,3504,2.25725,0,16.6178,7.5764,0,3400,98428739583
50.4433,19.8242,67.1642,0,100,95,74,1463,3504,2.25725,0,16.6178,7.5764,0,3400,98448566317
49.5695,20.1737,67.1642,0,100,95,74,1463,3504,2.25725,0,16.6178,7.5764,0,3400,98468741226
53.6712,18.632,67.1642,0,100,95,74,1463,3504,2.25725,0,16.6178,7.5764,0,3400,98487375031
50.278,19.8894,67.1642,0,100,95,74,1463,3504,2.25725,0,16.6178,7.5764,0,3400,98507264991
49.7411,20.1041,67.1642,0,100,95,74,1463,3504,2.25725,0,16.6178,7.5764,0,3400,98527371019
50.3489,19.8614,67.1642,0,100,95,74,1463,3504,2.25725,0,16.6178,7.5764,0,3400,98547233532
55.1846,18.121,67.1642,0,100,95,74,1463,3504,2.25725,0,16.6178,7.5764,0,3400,98565356711
55.2049,18.1143,67.1642,0,100,95,74,1463,3504,2.25725,0,16.6178,7.5764,0,3400,98583474558
48.654,20.5533,62.0948,0,100,95,75,1456,3504,2.25742,0,16.6122,7.5764,0,3408,98604026802
58.542,17.0818,62.0948,0,100,95,75,1456,3504,2.25742,0,16.6122,7.5764,0,3408,98621109186
49.2363,20.3102,62.0948,0,100,95,75,1456,3504,2.25742,0,16.6122,7.5764,0,3408,98641420956
52.0275,19.2206,62.0948,0,100,95,75,1456,3504,2.25742,0,16.6122,7.5764,0,3408,98660644811
56.1061,17.8234,62.0948,0,100,95,75,1456,3504,2.25742,0,16.6122,7.5764,0,3408,98678469049
48.813,20.4863,62.0948,0,100,95,75,1456,3504,2.25742,0,16.6122,7.5764,0,3408,98698956871
55.9766,17.8646,62.0948,0,100,95,75,1456,3504,2.25742,0,16.6122,7.5764,0,3408,98716822864
54.5155,18.3434,62.0948,0,100,95,75,1456,3504,2.25742,0,16.6122,7.5764,0,3408,98735167286
59.3108,16.8603,62.0948,0,100,95,75,1456,3504,2.25742,0,16.6122,7.5764,0,3408,98752028929
48.3175,20.6964,62.0948,0,100,95,75,1456,3504,2.25742,0,16.6122,7.5764,0,3408,98772726668
61.5575,16.245,62.0948,0,100,95,75,1456,3504,2.25742,0,16.6122,7.5764,0,3408,98788973114
50.8655,19.6597,62.0948,0,100,95,75,1456,3504,2.25742,0,16.6122,7.5764,0,3408,98808633996
55.9071,17.8868,62.0948,0,100,95,75,1456,3504,2.25742,0,16.6122,7.5764,0,3408,98826521745
50.4259,19.8311,62.0948,0,100,95,75,1456,3504,2.25742,0,16.6122,7.5764,0,3408,98846354240
51.893,19.2704,62.0948,0,100,95,75,1456,3504,2.25742,0,16.6122,7.5764,0,3408,98865625207
63.0491,15.8607,62.0948,0,100,95,75,1456,3504,2.25742,0,16.6122,7.5764,0,3408,98881487300
49.1091,20.3628,62.0948,0,100,95,75,1456,3504,2.25742,0,16.6122,7.5764,0,3408,98901851425
56.4153,17.7257,62.0948,0,100,95,75,1456,3504,2.25742,0,16.6122,7.5764,0,3408,98919578830
55.7024,17.9525,62.0948,0,100,95,75,1456,3504,2.25742,0,16.6122,7.5764,0,3408,98937532956
51.7482,19.3243,62.0948,0,100,95,75,1456,3504,2.25742,0,16.6122,7.5764,0,3408,98956859386
57.0914,17.5158,62.0948,0,100,95,75,1456,3504,2.25742,0,16.6122,7.5764,0,3408,98974376062
52.8367,18.9262,62.0948,0,100,95,75,1456,3504,2.25742,0,16.6122,7.5764,0,3408,98993303770
50.202,19.9195,62.0948,0,100,95,75,1456,3504,2.25742,0,16.6122,7.5764,0,3408,99013224264
55.4456,18.0357,62.0948,0,100,95,75,1456,3504,2.25742,0,16.6122,7.5764,0,3408,99031261151
51.2526,19.5112,62.0948,0,100,95,75,1456,3504,2.25742,0,16.6122,7.5764,0,3408,99050775333
58.1342,17.2016,62.0948,0,100,95,75,1456,3504,2.25742,0,16.6122,7.5764,0,3408,99067977561
52.7569,18.9548,62.0948,0,100,95,75,1456,3504,2.25742,0,16.6122,7.5764,0,3408,99086936901
55.1037,18.1476,57.3566,0,100,93,75,1491,3504,2.24779,0,16.6114,7.5764,0,3400,99105081768
48.6959,20.5356,57.3566,0,100,93,75,1491,3504,2.24779,0,16.6114,7.5764,0,3400,99125619258
55.1297,18.139,57.3566,0,100,93,75,1491,3504,2.24779,0,16.6114,7.5764,0,3400,99143759564
58.6828,17.0408,57.3566,0,100,93,75,1491,3504,2.24779,0,16.6114,7.5764,0,3400,99160801615
47.4144,21.0907,57.3566,0,100,93,75,1491,3504,2.24779,0,16.6114,7.5764,0,3400,99181894162
54.3453,18.4008,57.3566,0,100,93,75,1491,3504,2.24779,0,16.6114,7.5764,0,3400,99200297104
58.9066,16.976,57.3566,0,100,93,75,1491,3504,2.24779,0,16.6114,7.5764,0,3400,99217273265
52.9028,18.9026,57.3566,0,100,93,75,1491,3504,2.24779,0,16.6114,7.5764,0,3400,99236176809
53.6968,18.6231,57.3566,0,100,93,75,1491,3504,2.24779,0,16.6114,7.5764,0,3400,99254801229
48.5024,20.6175,57.3566,0,100,93,75,1491,3504,2.24779,0,16.6114,7.5764,0,3400,99275420350
63.3568,15.7836,57.3566,0,100,93,75,1491,3504,2.24779,0,16.6114,7.5764,0,3400,99291205020
49.4769,20.2114,57.3566,0,100,93,75,1491,3504,2.24779,0,16.6114,7.5764,0,3400,99311418291
41.7294,23.9639,57.3566,0,100,93,75,1491,3504,2.24779,0,16.6114,7.5764,0,3400,99335384144
75.253,13.2885,57.3566,0,100,93,75,1491,3504,2.24779,0,16.6114,7.5764,0,3400,99348681199
51.4467,19.4376,57.3566,0,100,93,75,1491,3504,2.24779,0,16.6114,7.5764,0,3400,99368116099
55.9371,17.8772,57.3566,0,100,93,75,1491,3504,2.24779,0,16.6114,7.5764,0,3400,99385994519
54.488,18.3527,57.3566,0,100,93,75,1491,3504,2.24779,0,16.6114,7.5764,0,3400,99404348302
53.4059,18.7245,57.3566,0,100,93,75,1491,3504,2.24779,0,16.6114,7.5764,0,3400,99423073529
53.0237,18.8595,57.3566,0,100,93,75,1491,3504,2.24779,0,16.6114,7.5764,0,3400,99441935834
52.832,18.9279,57.3566,0,100,93,75,1491,3504,2.24779,0,16.6114,7.5764,0,3400,99460864877
58.0182,17.236,57.3566,0,100,93,75,1491,3504,2.24779,0,16.6114,7.5764,0,3400,99478102124
50.9357,19.6326,57.3566,0,100,93,75,1491,3504,2.24779,0,16.6114,7.5764,0,3400,99497736147
50.2082,19.917,57.3566,0,100,93,75,1491,3504,2.24779,0,16.6114,7.5764,0,3400,99517654396
55.4494,18.0345,57.3566,0,100,93,75,1491,3504,2.24779,0,16.6114,7.5764,0,3400,99535689551
62.9737,15.8796,57.3566,0,100,93,75,1491,3504,2.24779,0,16.6114,7.5764,0,3400,99551570390
47.2258,21.1749,57.3566,0,100,93,75,1491,3504,2.24779,0,16.6114,7.5764,0,3400,99572745547
61.624,16.2274,57.3566,0,100,93,75,1491,3504,2.24779,0,16.6114,7.5764,0,3400,99588983214
51.903,19.2667,65.3747,0,100,93,75,1582,3504,2.24573,0,16.6241,7.5764,0,3432,99608243310
54.5434,18.334,65.3747,0,100,93,75,1582,3504,2.24573,0,16.6241,7.5764,0,3432,99626579010
52.0326,19.2187,65.3747,0,100,93,75,1582,3504,2.24573,0,16.6241,7.5764,0,3432,99645798911
44.9715,22.2363,65.3747,0,100,93,75,1582,3504,2.24573,0,16.6241,7.5764,0,3432,99668036132
61.8297,16.1735,65.3747,0,100,93,75,1582,3504,2.24573,0,16.6241,7.5764,0,3432,99684210883
53.4448,18.7109,65.3747,0,100,93,75,1582,3504,2.24573,0,16.6241,7.5764,0,3432,99702924408
55.6087,17.9828,65.3747,0,100,93,75,1582,3504,2.24573,0,16.6241,7.5764,0,3432,99720906793
53.344,18.7463,65.3747,0,100,93,75,1582,3504,2.24573,0,16.6241,7.5764,0,3432,99739653931
55.1361,18.1369,65.3747,0,100,93,75,1582,3504,2.24573,0,16.6241,7.5764,0,3432,99757792170
55.5122,18.0141,65.3747,0,100,93,75,1582,3504,2.24573,0,16.6241,7.5764,0,3432,99775829953
53.4861,18.6964,65.3747,0,100,93,75,1582,3504,2.24573,0,16.6241,7.5764,0,3432,99794506177
50.5187,19.7947,65.3747,0,100,93,75,1582,3504,2.24573,0,16.6241,7.5764,0,3432,99814301576
55.4381,18.0381,65.3747,0,100,93,75,1582,3504,2.24573,0,16.6241,7.5764,0,3432,99832342152
52.9804,18.8749,65.3747,0,100,93,75,1582,3504,2.24573,0,16.6241,7.5764,0,3432,99851217257
57.1437,17.4997,65.3747,0,100,93,75,1582,3504,2.24573,0,16.6241,7.5764,0,3432,99868718265
48.498,20.6194,65.3747,0,100,93,75,1582,3504,2.24573,0,16.6241,7.5764,0,3432,99889339549
58.8187,17.0014,65.3747,0,100,93,75,1582,3504,2.24573,0,16.6241,7.5764,0,3432,99906341791
52.0613,19.2081,65.3747,0,100,93,75,1582,3504,2.24573,0,16.6241,7.5764,0,3432,99925551146
55.8654,17.9002,65.3747,0,100,93,75,1582,3504,2.24573,0,16.6241,7.5764,0,3432,99943453380
51.3574,19.4714,65.3747,0,100,93,75,1582,3504,2.24573,0,16.6241,7.5764,0,3432,99962925439
53.1449,18.8165,65.3747,0,100,93,75,1582,3504,2.24573,0,16.6241,7.5764,0,3432,99981743326
55.5769,17.9931,65.3747,0,100,93,75,1582,3504,2.24573,0,16.6241,7.5764,0,3432,99999736442
51.3285,19.4824,65.3747,0,100,93,75,1582,3504,2.24573,0,16.6241,7.5764,0,3432,100019221471
54.5973,18.3159,65.3747,0,100,93,75,1582,3504,2.24573,0,16.6241,7.5764,0,3432,100037537720
51.8004,19.3049,65.3747,0,100,93,75,1582,3504,2.24573,0,16.6241,7.5764,0,3432,100056843636
57.4238,17.4144,65.3747,0,100,93,75,1582,3504,2.24573,0,16.6241,7.5764,0,3432,100074259806
50.5901,19.7667,65.3747,0,100,93,75,1582,3504,2.24573,0,16.6241,7.5764,0,3432,100094031195
53.6271,18.6473,62.0347,0,100,94,76,1582,3504,2.24573,0,16.6236,7.5764,0,3409,100112677757
48.8631,20.4653,62.0347,0,100,94,76,1582,3504,2.24573,0,16.6236,7.5764,0,3409,100133143344
60.6889,16.4775,62.0347,0,100,94,76,1582,3504,2.24573,0,16.6236,7.5764,0,3409,100149623106
50.6755,19.7334,62.0347,0,100,94,76,1582,3504,2.24573,0,16.6236,7.5764,0,3409,100169357402
56.2201,17.7872,62.0347,0,100,94,76,1582,3504,2.24573,0,16.6236,7.5764,0,3409,100187145719
49.8386,20.0648,62.0347,0,100,94,76,1582,3504,2.24573,0,16.6236,7.5764,0,3409,100207212160
56.2843,17.767,62.0347,0,100,94,76,1582,3504,2.24573,0,16.6236,7.5764,0,3409,100224979307
54.5946,18.3168,62.0347,0,100,94,76,1582,3504,2.24573,0,16.6236,7.5764,0,3409,100243297754
54.6544,18.2968,62.0347,0,100,94,76,1582,3504,2.24573,0,16.6236,7.5764,0,3409,100261596519
53.4012,18.7262,62.0347,0,100,94,76,1582,3504,2.24573,0,16.6236,7.5764,0,3409,100280323468
51.1913,19.5346,62.0347,0,100,94,76,1582,3504,2.24573,0,16.6236,7.5764,0,3409,100299858764
59.9684,16.6754,62.0347,0,100,94,76,1582,3504,2.24573,0,16.6236,7.5764,0,3409,100316536310
50.5008,19.8017,62.0347,0,100,94,76,1582,3504,2.24573,0,16.6236,7.5764,0,3409,100336339597
50.4357,19.8272,62.0347,0,100,94,76,1582,3504,2.24573,0,16.6236,7.5764,0,3409,100356166881
50.8519,19.665,62.0347,0,100,94,76,1582,3504,2.24573,0,16.6236,7.5764,0,3409,100375833557
56.7137,17.6324,62.0347,0,100,94,76,1582,3504,2.24573,0,16.6236,7.5764,0,3409,100393467250
53.7117,18.6179,62.0347,0,100,94,76,1582,3504,2.24573,0,16.6236,7.5764,0,3409,100412086441
50.46,19.8177,62.0347,0,100,94,76,1582,3504,2.24573,0,16.6236,7.5764,0,3409,100431905860
65.6927,15.2224,62.0347,0,100,94,76,1582,3504,2.24573,0,16.6236,7.5764,0,3409,100447129056
53.2771,18.7698,62.0347,0,100,94,76,1582,3504,2.24573,0,16.6236,7.5764,0,3409,100465899769
50.7385,19.7089,62.0347,0,100,94,76,1582,3504,2.24573,0,16.6236,7.5764,0,3409,100485610774
54.7423,18.2674,62.0347,0,100,94,76,1582,3504,2.24573,0,16.6236,7.5764,0,3409,100503878740
50.5569,19.7797,62.0347,0,100,94,76,1582,3504,2.24573,0,16.6236,7.5764,0,3409,100523659869
57.5872,17.365,62.0347,0,100,94,76,1582,3504,2.24573,0,16.6236,7.5764,0,3409,100541025908
47.6679,20.9785,62.0347,0,100,94,76,1582,3504,2.24573,0,16.6236,7.5764,0,3409,100562006660
58.2422,17.1697,62.0347,0,100,94,76,1582,3504,2.24573,0,16.6236,7.5764,0,3409,100579177222
51.3539,19.4727,60.1504,0,100,94,76,1582,3504,2.24573,0,16.6392,7.5764,0,3407,100602047444
57.2547,17.4658,60.1504,0,100,94,76,1582,3504,2.24573,0,16.6392,7.5764,0,3407,100616117813
53.615,18.6515,60.1504,0,100,94,76,1582,3504,2.24573,0,16.6392,7.5764,0,3407,100634770582
51.7865,19.31,60.1504,0,100,94,76,1582,3504,2.24573,0,16.6392,7.5764,0,3407,100654081931
52.7247,18.9664,60.1504,0,100,94,76,1582,3504,2.24573,0,16.6392,7.5764,0,3407,100673050584
49.6536,20.1395,60.1504,0,100,94,76,1582,3504,2.24573,0,16.6392,7.5764,0,3407,100693190853
51.9205,19.2602,60.1504,0,100,94,76,1582,3504,2.24573,0,16.6392,7.5764,0,3407,100712452448
57.0023,17.5432,60.1504,0,100,94,76,1582,3504,2.24573,0,16.6392,7.5764,0,3407,100730104814
57.4278,17.4132,60.1504,0,100,94,76,1582,3504,2.24573,0,16.6392,7.5764,0,3407,100747519294
50.3702,19.853,60.1504,0,100,94,76,1582,3504,2.24573,0,16.6392,7.5764,0,3407,100767373580
57.9216,17.2647,60.1504,0,100,94,76,1582,3504,2.24573,0,16.6392,7.5764,0,3407,100784639754
49.9134,20.0347,60.1504,0,100,94,76,1582,3504,2.24573,0,16.6392,7.5764,0,3407,100804674904
59.1201,16.9147,60.1504,0,100,94,76,1582,3504,2.24573,0,16.6392,7.5764,0,3407,100821591703
53.9911,18.5216,60.1504,0,100,94,76,1582,3504,2.24573,0,16.6392,7.5764,0,3407,100840184365
53.1116,18.8283,60.1504,0,100,94,76,1582,3504,2.24573,0,16.6392,7.5764,0,3407,100858942891
51.2722,19.5038,60.1504,0,100,94,76,1582,3504,2.24573,0,16.6392,7.5764,0,3407,100878448525
54.77,18.2582,60.1504,0,100,94,76,1582,3504,2.24573,0,16.6392,7.5764,0,3407,100896708043
51.2369,19.5172,60.1504,0,100,94,76,1582,3504,2.24573,0,16.6392,7.5764,0,3407,100916226365
54.5639,18.3271,60.1504,0,100,94,76,1582,3504,2.24573,0,16.6392,7.5764,0,3407,100934556378
56.0484,17.8417,60.1504,0,100,94,76,1582,3504,2.24573,0,16.6392,7.5764,0,3407,100952398570
54.0909,18.4874,60.1504,0,100,94,76,1582,3504,2.24573,0,16.6392,7.5764,0,3407,100970887554
53.4461,18.7104,60.1504,0,100,94,76,1582,3504,2.24573,0,16.6392,7.5764,0,3407,100989598998
52.5962,19.0128,60.1504,0,100,94,76,1582,3504,2.24573,0,16.6392,7.5764,0,3407,101008612603
54.2395,18.4367,60.1504,0,100,94,76,1582,3504,2.24573,0,16.6392,7.5764,0,3407,101027051446
53.2458,18.7808,60.1504,0,100,94,76,1582,3504,2.24573,0,16.6392,7.5764,0,3407,101045833478
55.3901,18.0538,60.1504,0,100,94,76,1582,3504,2.24573,0,16.6392,7.5764,0,3407,101063888018
49.7012,20.1202,60.1504,0,100,94,76,1582,3504,2.24573,0,16.6392,7.5764,0,3407,101084010661
54.2335,18.4388,60.1504,0,100,94,76,1582,3504,2.24573,0,16.6392,7.5764,0,3407,101102453470
53.7779,18.595,58.1454,0,100,95,76,1582,3504,2.24573,0,16.638,7.5764,0,3428,101121045932
50.0143,19.9943,58.1454,0,100,95,76,1582,3504,2.24573,0,16.638,7.5764,0,3428,101141042374
57.0504,17.5284,58.1454,0,100,95,76,1582,3504,2.24573,0,16.638,7.5764,0,3428,101158572733
53.8388,18.574,58.1454,0,100,95,76,1582,3504,2.24573,0,16.638,7.5764,0,3428,101177147918
50.71,19.72,58.1454,0,100,95,76,1582,3504,2.24573,0,16.638,7.5764,0,3428,101196868960
47.8709,20.8895,58.1454,0,100,95,76,1582,3504,2.24573,0,16.638,7.5764,0,3428,101217760319
63.3158,15.7939,58.1454,0,100,95,76,1582,3504,2.24573,0,16.638,7.5764,0,3428,101233554804
50.2215,19.9118,58.1454,0,100,95,76,1582,3504,2.24573,0,16.638,7.5764,0,3428,101253468308
54.9438,18.2004,58.1454,0,100,95,76,1582,3504,2.24573,0,16.638,7.5764,0,3428,101271670328
54.4771,18.3563,58.1454,0,100,95,76,1582,3504,2.24573,0,16.638,7.5764,0,3428,101290028811
53.8537,18.5688,58.1454,0,100,95,76,1582,3504,2.24573,0,16.638,7.5764,0,3428,101308599099
61.671,16.2151,58.1454,0,100,95,76,1582,3504,2.24573,0,16.638,7.5764,0,3428,101324815221
53.1776,18.8049,58.1454,0,100,95,76,1582,3504,2.24573,0,16.638,7.5764,0,3428,101343621468
56.0206,17.8506,58.1454,0,100,95,76,1582,3504,2.24573,0,16.638,7.5764,0,3428,101361474136
55.5559,17.9999,58.1454,0,100,95,76,1582,3504,2.24573,0,16.638,7.5764,0,3428,101379475127
55.9238,17.8815,58.1454,0,100,95,76,1582,3504,2.24573,0,16.638,7.5764,0,3428,101397357920
56.2792,17.7685,58.1454,0,100,95,76,1582,3504,2.24573,0,16.638,7.5764,0,3428,101415126656
55.9338,17.8783,58.1454,0,100,95,76,1582,3504,2.24573,0,16.638,7.5764,0,3428,101433007198
57.2437,17.4692,58.1454,0,100,95,76,1582,3504,2.24573,0,16.638,7.5764,0,3428,101450477949
55.4554,18.0325,58.1454,0,100,95,76,1582,3504,2.24573,0,16.638,7.5764,0,3428,101468511149
56.7955,17.607,58.1454,0,100,95,76,1582,3504,2.24573,0,16.638,7.5764,0,3428,101486120134
50.2542,19.8988,58.1454,0,100,95,76,1582,3504,2.24573,0,16.638,7.5764,0,3428,101506019938
57.8379,17.2897,58.1454,0,100,95,76,1582,3504,2.24573,0,16.638,7.5764,0,3428,101523309734
59.5578,16.7904,58.1454,0,100,95,76,1582,3504,2.24573,0,16.638,7.5764,0,3428,101540103255
57.139,17.5012,58.1454,0,100,95,76,1582,3504,2.24573,0,16.638,7.5764,0,3428,101557604343
50.9498,19.6272,58.1454,0,100,95,76,1582,3504,2.24573,0,16.638,7.5764,0,3428,101577233156
56.6746,17.6446,58.1454,0,100,95,76,1582,3504,2.24573,0,16.638,7.5764,0,3428,101594878334
57.1885,17.486,58.1454,0,100,95,76,1582,3504,2.24573,0,16.638,7.5764,0,3428,101612373097
49.5082,20.1987,57.1072,0,100,95,76,1615,3504,2.24573,0,16.6603,7.5764,0,3464,101632564947
63.9772,15.6306,57.1072,0,100,95,76,1615,3504,2.24573,0,16.6603,7.5764,0,3464,101648197347
51.9671,19.2429,57.1072,0,100,95,76,1615,3504,2.24573,0,16.6603,7.5764,0,3464,101667441378
44.9651,22.2395,57.1072,0,100,95,76,1615,3504,2.24573,0,16.6603,7.5764,0,3464,101689682027
72.2653,13.8379,57.1072,0,100,95,76,1615,3504,2.24573,0,16.6603,7.5764,0,3464,101703521157
49.3338,20.2701,57.1072,0,100,95,76,1615,3504,2.24573,0,16.6603,7.5764,0,3464,101723793079
69.5964,14.3686,57.1072,0,100,95,76,1615,3504,2.24573,0,16.6603,7.5764,0,3464,101738174301
49.9757,20.0097,57.1072,0,100,95,76,1615,3504,2.24573,0,16.6603,7.5764,0,3464,101758172534
56.5443,17.6852,57.1072,0,100,95,76,1615,3504,2.24573,0,16.6603,7.5764,0,3464,101775871623
61.1982,16.3403,57.1072,0,100,95,76,1615,3504,2.24573,0,16.6603,7.5764,0,3464,101792200760
54.7002,18.2815,57.1072,0,100,95,76,1615,3504,2.24573,0,16.6603,7.5764,0,3464,101810482971
51.3805,19.4626,57.1072,0,100,95,76,1615,3504,2.24573,0,16.6603,7.5764,0,3464,101829947016
61.1074,16.3646,57.1072,0,100,95,76,1615,3504,2.24573,0,16.6603,7.5764,0,3464,101846313404
54.9425,18.2009,57.1072,0,100,95,76,1615,3504,2.24573,0,16.6603,7.5764,0,3464,101864516579
53.2255,18.788,57.1072,0,100,95,76,1615,3504,2.24573,0,16.6603,7.5764,0,3464,101883305874
54.8063,18.2461,57.1072,0,100,95,76,1615,3504,2.24573,0,16.6603,7.5764,0,3464,101901551193
57.1439,17.4997,57.1072,0,100,95,76,1615,3504,2.24573,0,16.6603,7.5764,0,3464,101919052406
50.4419,19.8248,57.1072,0,100,95,76,1615,3504,2.24573,0,16.6603,7.5764,0,3464,101938879779
54.1525,18.4664,57.1072,0,100,95,76,1615,3504,2.24573,0,16.6603,7.5764,0,3464,101957346969
65.0592,15.3706,57.1072,0,100,95,76,1615,3504,2.24573,0,16.6603,7.5764,0,3464,101972719261
51.8425,19.2892,57.1072,0,100,95,76,1615,3504,2.24573,0,16.6603,7.5764,0,3464,101992008751
57.1147,17.5086,57.1072,0,100,95,76,1615,3504,2.24573,0,16.6603,7.5764,0,3464,102009518847
55.6965,17.9544,57.1072,0,100,95,76,1615,3504,2.24573,0,16.6603,7.5764,0,3464,102027474204
59.4735,16.8142,57.1072,0,100,95,76,1615,3504,2.24573,0,16.6603,7.5764,0,3464,102044709334
51.9762,19.2396,57.1072,0,100,95,76,1615,3504,2.24573,0,16.6603,7.5764,0,3464,102063530661
59.0968,16.9214,57.1072,0,100,95,76,1615,3504,2.24573,0,16.6603,7.5764,0,3464,102080452840
53.3807,18.7334,57.1072,0,100,95,76,1615,3504,2.24573,0,16.6603,7.5764,0,3464,102099187226
55.1202,18.1422,57.1072,0,100,95,76,1615,3504,2.24573,0,16.6603,7.5764,0,3464,102117334048
45.9397,21.7676,57.2864,0,100,90,78,1657,3504,2.24573,0,16.6603,7.5764,0,3400,102139098983
71.5388,13.9784,57.2864,0,100,90,78,1657,3504,2.24573,0,16.6603,7.5764,0,3400,102153079684
50.5542,19.7808,57.2864,0,100,90,78,1657,3504,2.24573,0,16.6603,7.5764,0,3400,102172862630
60.7362,16.4646,57.2864,0,100,90,78,1657,3504,2.24573,0,16.6603,7.5764,0,3400,102189328197
54.4625,18.3612,57.2864,0,100,90,78,1657,3504,2.24573,0,16.6603,7.5764,0,3400,102207690821
57.3025,17.4513,57.2864,0,100,90,78,1657,3504,2.24573,0,16.6603,7.5764,0,3400,102225144212
51.4805,19.4248,57.2864,0,100,90,78,1657,3504,2.24573,0,16.6603,7.5764,0,3400,102244582512
60.7666,16.4564,57.2864,0,100,90,78,1657,3504,2.24573,0,16.6603,7.5764,0,3400,102261027767
52.2898,19.1242,57.2864,0,100,90,78,1657,3504,2.24573,0,16.6603,7.5764,0,3400,102280154226
58.3382,17.1414,57.2864,0,100,90,78,1657,3504,2.24573,0,16.6603,7.5764,0,3400,102297296460
55.4811,18.0241,57.2864,0,100,90,78,1657,3504,2.24573,0,16.6603,7.5764,0,3400,102315322164
49.2228,20.3158,57.2864,0,100,90,78,1657,3504,2.24573,0,16.6603,7.5764,0,3400,102335638814
57.1604,17.4946,57.2864,0,100,90,78,1657,3504,2.24573,0,16.6603,7.5764,0,3400,102353134710
58.28,17.1585,57.2864,0,100,90,78,1657,3504,2.24573,0,16.6603,7.5764,0,3400,102370294513
56.2028,17.7927,57.2864,0,100,90,78,1657,3504,2.24573,0,16.6603,7.5764,0,3400,102388087860
57.7242,17.3238,57.2864,0,100,90,78,1657,3504,2.24573,0,16.6603,7.5764,0,3400,102405413988
46.5937,21.4621,57.2864,0,100,90,78,1657,3504,2.24573,0,16.6603,7.5764,0,3400,102426877192
55.805,17.9196,57.2864,0,100,90,78,1657,3504,2.24573,0,16.6603,7.5764,0,3400,102444797549
57.3269,17.4438,57.2864,0,100,90,78,1657,3504,2.24573,0,16.6603,7.5764,0,3400,102462242569
59.5155,16.8023,57.2864,0,100,90,78,1657,3504,2.24573,0,16.6603,7.5764,0,3400,102479047141
53.3703,18.737,57.2864,0,100,90,78,1657,3504,2.24573,0,16.6603,7.5764,0,3400,102497785170
61.2174,16.3352,57.2864,0,100,90,78,1657,3504,2.24573,0,16.6603,7.5764,0,3400,102514121148
45.0146,22.215,57.2864,0,100,90,78,1657,3504,2.24573,0,16.6603,7.5764,0,3400,102536336682
65.733,15.2131,57.2864,0,100,90,78,1657,3504,2.24573,0,16.6603,7.5764,0,3400,102551552172
53.2107,18.7932,57.2864,0,100,90,78,1657,3504,2.24573,0,16.6603,7.5764,0,3400,102570347197
60.3481,16.5705,57.2864,0,100,90,78,1657,3504,2.24573,0,16.6603,7.5764,0,3400,102586918525
49.4444,20.2248,57.2864,0,100,90,78,1657,3504,2.24573,0,16.6603,7.5764,0,3400,102607146097
53.4142,18.7216,57.2864,0,100,90,78,1657,3504,2.24573,0,16.6603,7.5764,0,3400,102625880665
64.2336,15.5682,58.1633,0,100,90,78,1657,3504,2.24573,0,16.6673,7.5764,0,3400,102641438818
52.3978,19.0848,58.1633,0,100,90,78,1657,3504,2.24573,0,16.6673,7.5764,0,3400,102660523941
50.982,19.6148,58.1633,0,100,90,78,1657,3504,2.24573,0,16.6673,7.5764,0,3400,102680140451
51.0515,19.5881,58.1633,0,100,90,78,1657,3504,2.24573,0,16.6673,7.5764,0,3400,102699729590
50.5687,19.7751,58.1633,0,100,90,78,1657,3504,2.24573,0,16.6673,7.5764,0,3400,102719506390
74.9467,13.3428,58.1633,0,100,90,78,1657,3504,2.24573,0,16.6673,7.5764,0,3400,102732850658
54.9776,18.1892,58.1633,0,100,90,78,1657,3504,2.24573,0,16.6673,7.5764,0,3400,102751041355
58.4314,17.1141,58.1633,0,100,90,78,1657,3504,2.24573,0,16.6673,7.5764,0,3400,102768157983
44.9554,22.2443,58.1633,0,100,90,78,1657,3504,2.24573,0,16.6673,7.5764,0,3400,102790401559
66.2345,15.0979,58.1633,0,100,90,78,1657,3504,2.24573,0,16.6673,7.5764,0,3400,102805502316
53.0467,18.8513,58.1633,0,100,90,78,1657,3504,2.24573,0,16.6673,7.5764,0,3400,102824353686
47.7349,20.9491,58.1633,0,100,90,78,1657,3504,2.24573,0,16.6673,7.5764,0,3400,102845304714
59.1253,16.9132,58.1633,0,100,90,78,1657,3504,2.24573,0,16.6673,7.5764,0,3400,102862219770
45.9001,21.7865,58.1633,0,100,90,78,1657,3504,2.24573,0,16.6673,7.5764,0,3400,102884007557
76.0518,13.1489,58.1633,0,100,90,78,1657,3504,2.24573,0,16.6673,7.5764,0,3400,102897158479
62.4231,16.0197,58.1633,0,100,90,78,1657,3504,2.24573,0,16.6673,7.5764,0,3400,102913178765
59.7339,16.7409,58.1633,0,100,90,78,1657,3504,2.24573,0,16.6673,7.5764,0,3400,102929920897
53.1902,18.8004,58.1633,0,100,90,78,1657,3504,2.24573,0,16.6673,7.5764,0,3400,102948722205
53.8053,18.5855,58.1633,0,100,90,78,1657,3504,2.24573,0,16.6673,7.5764,0,3400,102967308969
56.984,17.5488,58.1633,0,100,90,78,1657,3504,2.24573,0,16.6673,7.5764,0,3400,102984859321
53.5192,18.6849,58.1633,0,100,90,78,1657,3504,2.24573,0,16.6673,7.5764,0,3400,103003546167
54.7845,18.2533,58.1633,0,100,90,78,1657,3504,2.24573,0,16.6673,7.5764,0,3400,103021800283
56.3627,17.7422,58.1633,0,100,90,78,1657,3504,2.24573,0,16.6673,7.5764,0,3400,103039544351
53.3422,18.7469,58.1633,0,100,90,78,1657,3504,2.24573,0,16.6673,7.5764,0,3400,103058293206
58.2815,17.1581,58.1633,0,100,90,78,1657,3504,2.24573,0,16.6673,7.5764,0,3400,103075453224
51.6232,19.3711,58.1633,0,100,90,78,1657,3504,2.24573,0,16.6673,7.5764,0,3400,103094825870
56.1819,17.7993,58.1633,0,100,90,78,1657,3504,2.24573,0,16.6673,7.5764,0,3400,103112626012
54.6695,18.2917,62.8429,0,100,91,78,1657,3504,2.24573,0,16.6454,7.5764,0,3400,103131292006
54.861,18.2279,62.8429,0,100,91,78,1657,3504,2.24573,0,16.6454,7.5764,0,3400,103149147724
56.4994,17.6993,62.8429,0,100,91,78,1657,3504,2.24573,0,16.6454,7.5764,0,3400,103166848173
52.8462,18.9228,62.8429,0,100,91,78,1657,3504,2.24573,0,16.6454,7.5764,0,3400,103185772285
56.5123,17.6953,62.8429,0,100,91,78,1657,3504,2.24573,0,16.6454,7.5764,0,3400,103203469261
55.2439,18.1015,62.8429,0,100,91,78,1657,3504,2.24573,0,16.6454,7.5764,0,3400,103221571561
47.6804,20.973,62.8429,0,100,91,78,1657,3504,2.24573,0,16.6454,7.5764,0,3400,103242546375
59.3498,16.8493,62.8429,0,100,91,78,1657,3504,2.24573,0,16.6454,7.5764,0,3400,103259396465
54.2175,18.4442,62.8429,0,100,91,78,1657,3504,2.24573,0,16.6454,7.5764,0,3400,103277842610
63.0493,15.8606,62.8429,0,100,91,78,1657,3504,2.24573,0,16.6454,7.5764,0,3400,103293706584
49.8527,20.0591,62.8429,0,100,91,78,1657,3504,2.24573,0,16.6454,7.5764,0,3400,103313764729
58.0539,17.2254,62.8429,0,100,91,78,1657,3504,2.24573,0,16.6454,7.5764,0,3400,103330992163
56.6059,17.666,62.8429,0,100,91,78,1657,3504,2.24573,0,16.6454,7.5764,0,3400,103348672180
54.8632,18.2271,62.8429,0,100,91,78,1657,3504,2.24573,0,16.6454,7.5764,0,3400,103366887066
53.7826,18.5934,62.8429,0,100,91,78,1657,3504,2.24573,0,16.6454,7.5764,0,3400,103385483154
55.3375,18.0709,62.8429,0,100,91,78,1657,3504,2.24573,0,16.6454,7.5764,0,3400,103403555149
54.841,18.2345,62.8429,0,100,91,78,1657,3504,2.24573,0,16.6454,7.5764,0,3400,103421790683
53.2038,18.7956,62.8429,0,100,91,78,1657,3504,2.24573,0,16.6454,7.5764,0,3400,103440589136
56.385,17.7352,62.8429,0,100,91,78,1657,3504,2.24573,0,16.6454,7.5764,0,3400,103458324018
49.9012,20.0396,62.8429,0,100,91,78,1657,3504,2.24573,0,16.6454,7.5764,0,3400,103478365287
55.2471,18.1005,62.8429,0,100,91,78,1657,3504,2.24573,0,16.6454,7.5764,0,3400,103496466505
63.5224,15.7425,62.8429,0,100,91,78,1657,3504,2.24573,0,16.6454,7.5764,0,3400,103512210989
50.8398,19.6696,62.8429,0,100,91,78,1657,3504,2.24573,0,16.6454,7.5764,0,3400,103531881768
54.8721,18.2242,62.8429,0,100,91,78,1657,3504,2.24573,0,16.6454,7.5764,0,3400,103550107200
53.9759,18.5268,62.8429,0,100,91,78,1657,3504,2.24573,0,16.6454,7.5764,0,3400,103568635253
55.0155,18.1767,62.8429,0,100,91,78,1657,3504,2.24573,0,16.6454,7.5764,0,3400,103586812922
56.3444,17.748,62.8429,0,100,91,78,1657,3504,2.24573,0,16.6454,7.5764,0,3400,103604563675
58.2642,17.1632,62.8429,0,100,91,78,1657,3504,2.24573,0,16.6454,7.5764,0,3400,103621727795
51.6261,19.3701,62.8429,0,100,91,78,1657,3504,2.24573,0,16.6454,7.5764,0,3400,103641102019
59.5211,16.8008,56.8238,0,100,91,78,1657,3504,2.24573,0,16.6694,7.5764,0,3406,103657902647
49.0473,20.3885,56.8238,0,100,91,78,1657,3504,2.24573,0,16.6694,7.5764,0,3406,103678291342
46.5424,21.4858,56.8238,0,100,91,78,1657,3504,2.24573,0,16.6694,7.5764,0,3406,103699778803
68.0046,14.7049,56.8238,0,100,91,78,1657,3504,2.24573,0,16.6694,7.5764,0,3406,103714485977
54.9495,18.1985,56.8238,0,100,91,78,1657,3504,2.24573,0,16.6694,7.5764,0,3406,103732684947
49.4792,20.2105,56.8238,0,100,91,78,1657,3504,2.24573,0,16.6694,7.5764,0,3406,103752896250
63.6231,15.7175,56.8238,0,100,91,78,1657,3504,2.24573,0,16.6694,7.5764,0,3406,103768615834
54.6489,18.2986,56.8238,0,100,91,78,1657,3504,2.24573,0,16.6694,7.5764,0,3406,103786915809
54.4946,18.3505,56.8238,0,100,91,78,1657,3504,2.24573,0,16.6694,7.5764,0,3406,103805266365
54.0802,18.4911,56.8238,0,100,91,78,1657,3504,2.24573,0,16.6694,7.5764,0,3406,103823759231
55.9919,17.8597,56.8238,0,100,91,78,1657,3504,2.24573,0,16.6694,7.5764,0,3406,103841620275
57.7826,17.3062,56.8238,0,100,91,78,1657,3504,2.24573,0,16.6694,7.5764,0,3406,103858927933
50.9128,19.6414,56.8238,0,100,91,78,1657,3504,2.24573,0,16.6694,7.5764,0,3406,103878571343
58.4396,17.1117,56.8238,0,100,91,78,1657,3504,2.24573,0,16.6694,7.5764,0,3406,103895684407
54.4385,18.3694,56.8238,0,100,91,78,1657,3504,2.24573,0,16.6694,7.5764,0,3406,103914055288
49.5519,20.1808,56.8238,0,100,91,78,1657,3504,2.24573,0,16.6694,7.5764,0,3406,103934237976
62.987,15.8763,56.8238,0,100,91,78,1657,3504,2.24573,0,16.6694,7.5764,0,3406,103950115985
56.1153,17.8204,56.8238,0,100,91,78,1657,3504,2.24573,0,16.6694,7.5764,0,3406,103967937390
53.8944,18.5548,56.8238,0,100,91,78,1657,3504,2.24573,0,16.6694,7.5764,0,3406,103986493401
50.9757,19.6172,56.8238,0,100,91,78,1657,3504,2.24573,0,16.6694,7.5764,0,3406,104006112227
54.8657,18.2263,56.8238,0,100,91,78,1657,3504,2.24573,0,16.6694,7.5764,0,3406,104024340489
51.3038,19.4917,56.8238,0,100,91,78,1657,3504,2.24573,0,16.6694,7.5764,0,3406,104043832721
58.1842,17.1868,56.8238,0,100,91,78,1657,3504,2.24573,0,16.6694,7.5764,0,3406,104061021151
55.4486,18.0347,56.8238,0,100,91,78,1657,3504,2.24573,0,16.6694,7.5764,0,3406,104079056312
52.058,19.2093,56.8238,0,100,91,78,1657,3504,2.24573,0,16.6694,7.5764,0,3406,104098267457
61.5057,16.2587,56.8238,0,100,91,78,1657,3504,2.24573,0,16.6694,7.5764,0,3406,104114527916
50.7808,19.6925,56.8238,0,100,91,78,1657,3504,2.24573,0,16.6694,7.5764,0,3406,104134221522
56.4446,17.7165,56.8238,0,100,91,78,1657,3504,2.24573,0,16.6694,7.5764,0,3406,104151955451
53.2602,18.7757,57.6441,0,100,89,78,1657,3504,2.24573,0,16.6694,7.5764,0,3430,104170717210
57.028,17.5352,57.6441,0,100,89,78,1657,3504,2.24573,0,16.6694,7.5764,0,3430,104188253950
54.2528,18.4322,57.6441,0,100,89,78,1657,3504,2.24573,0,16.6694,7.5764,0,3430,104206688117
56.3913,17.7332,57.6441,0,100,89,78,1657,3504,2.24573,0,16.6694,7.5764,0,3430,104224424679
48.7155,20.5273,57.6441,0,100,89,78,1657,3504,2.24573,0,16.6694,7.5764,0,3430,104244950815
59.7698,16.7309,57.6441,0,100,89,78,1657,3504,2.24573,0,16.6694,7.5764,0,3430,104261682641
53.3872,18.7311,57.6441,0,100,89,78,1657,3504,2.24573,0,16.6694,7.5764,0,3430,104280416066
61.0042,16.3923,57.6441,0,100,89,78,1657,3504,2.24573,0,16.6694,7.5764,0,3430,104296810368
47.4978,21.0536,57.6441,0,100,89,78,1657,3504,2.24573,0,16.6694,7.5764,0,3430,104317863300
63.8092,15.6717,57.6441,0,100,89,78,1657,3504,2.24573,0,16.6694,7.5764,0,3430,104333537623
57.2645,17.4628,57.6441,0,100,89,78,1657,3504,2.24573,0,16.6694,7.5764,0,3430,104351001319
55.7163,17.9481,57.6441,0,100,89,78,1657,3504,2.24573,0,16.6694,7.5764,0,3430,104368951012
55.5028,18.0171,57.6441,0,100,89,78,1657,3504,2.24573,0,16.6694,7.5764,0,3430,104386969674
53.7785,18.5948,57.6441,0,100,89,78,1657,3504,2.24573,0,16.6694,7.5764,0,3430,104405566138
56.6017,17.6673,57.6441,0,100,89,78,1657,3504,2.24573,0,16.6694,7.5764,0,3430,104423235777
59.0582,16.9325,57.6441,0,100,89,78,1657,3504,2.24573,0,16.6694,7.5764,0,3430,104440168581
52.79,18.943,57.6441,0,100,89,78,1657,3504,2.24573,0,16.6694,7.5764,0,3430,104459113072
57.6709,17.3398,57.6441,0,100,89,78,1657,3504,2.24573,0,16.6694,7.5764,0,3430,104476455513
57.4459,17.4077,57.6441,0,100,89,78,1657,3504,2.24573,0,16.6694,7.5764,0,3430,104493863523
51.4616,19.432,57.6441,0,100,89,78,1657,3504,2.24573,0,16.6694,7.5764,0,3430,104513297406
52.2313,19.1456,57.6441,0,100,89,78,1657,3504,2.24573,0,16.6694,7.5764,0,3430,104532443559
51.9176,19.2613,57.6441,0,100,89,78,1657,3504,2.24573,0,16.6694,7.5764,0,3430,104551706517
71.2936,14.0265,57.6441,0,100,89,78,1657,3504,2.24573,0,16.6694,7.5764,0,3430,104565734322
50.1596,19.9364,57.6441,0,100,89,78,1657,3504,2.24573,0,16.6694,7.5764,0,3430,104585695606
59.0976,16.9212,57.6441,0,100,89,78,1657,3504,2.24573,0,16.6694,7.5764,0,3430,104602595602
53.3512,18.7437,57.6441,0,100,89,78,1657,3504,2.24573,0,16.6694,7.5764,0,3430,104621340445
56.3462,17.7474,57.6441,0,100,89,78,1657,3504,2.24573,0,16.6694,7.5764,0,3430,104639090226
53.9079,18.5502,57.6441,0,100,89,78,1657,3504,2.24573,0,16.6694,7.5764,0,3430,104657646096
55.499,18.0183,60.2469,0,100,89,78,1664,3504,2.24573,0,16.6774,7.5764,0,3400,104675661211
47.1676,21.201,60.2469,0,100,89,78,1664,3504,2.24573,0,16.6774,7.5764,0,3400,104696865030
66.3052,15.0818,60.2469,0,100,89,78,1664,3504,2.24573,0,16.6774,7.5764,0,3400,104711946994
51.0196,19.6003,60.2469,0,100,89,78,1664,3504,2.24573,0,16.6774,7.5764,0,3400,104731548754
63.8724,15.6562,60.2469,0,100,89,78,1664,3504,2.24573,0,16.6774,7.5764,0,3400,104747205584
55.7889,17.9247,60.2469,0,100,89,78,1664,3504,2.24573,0,16.6774,7.5764,0,3400,104765130936
51.7097,19.3387,60.2469,0,100,89,78,1664,3504,2.24573,0,16.6774,7.5764,0,3400,104784471728
59.067,16.9299,60.2469,0,100,89,78,1664,3504,2.24573,0,16.6774,7.5764,0,3400,104801402129
51.1934,19.5338,60.2469,0,100,89,78,1664,3504,2.24573,0,16.6774,7.5764,0,3400,104820937839
54.7471,18.2658,60.2469,0,100,89,78,1664,3504,2.24573,0,16.6774,7.5764,0,3400,104839205445
55.1743,18.1244,60.2469,0,100,89,78,1664,3504,2.24573,0,16.6774,7.5764,0,3400,104857331503
48.1393,20.7731,60.2469,0,100,89,78,1664,3504,2.24573,0,16.6774,7.5764,0,3400,104878105342
66.3557,15.0703,60.2469,0,100,89,78,1664,3504,2.24573,0,16.6774,7.5764,0,3400,104893176956
47.5783,21.018,60.2469,0,100,89,78,1664,3504,2.24573,0,16.6774,7.5764,0,3400,104914196316
57.2625,17.4634,60.2469,0,100,89,78,1664,3504,2.24573,0,16.6774,7.5764,0,3400,104931661287
51.8805,19.2751,60.2469,0,100,89,78,1664,3504,2.24573,0,16.6774,7.5764,0,3400,104950936255
55.417,18.045,60.2469,0,100,89,78,1664,3504,2.24573,0,16.6774,7.5764,0,3400,104968983174
51.0344,19.5946,60.2469,0,100,89,78,1664,3504,2.24573,0,16.6774,7.5764,0,3400,104988580832
47.6631,20.9806,60.2469,0,100,89,78,1664,3504,2.24573,0,16.6774,7.5764,0,3400,105009561877
54.8661,18.2262,60.2469,0,100,89,78,1664,3504,2.24573,0,16.6774,7.5764,0,3400,105027788731
51.1984,19.5319,60.2469,0,100,89,78,1664,3504,2.24573,0,16.6774,7.5764,0,3400,105047321010
49.8436,20.0628,60.2469,0,100,89,78,1664,3504,2.24573,0,16.6774,7.5764,0,3400,105067385878
47.3395,21.124,60.2469,0,100,89,78,1664,3504,2.24573,0,16.6774,7.5764,0,3400,105088511226
47.47,21.0659,60.2469,0,100,89,78,1664,3504,2.24573,0,16.6774,7.5764,0,3400,105109578683
50.5578,19.7793,60.2469,0,100,89,78,1664,3504,2.24573,0,16.6774,7.5764,0,3400,105129358745
51.3304,19.4816,60.2469,0,100,89,78,1664,3504,2.24573,0,16.6774,7.5764,0,3400,105148842568
47.6032,21.007,60.2469,0,100,89,78,1664,3504,2.24573,0,16.6774,7.5764,0,3400,105169854346
49.2823,20.2912,59.8522,0,100,89,79,1660,3504,2.24573,0,16.6771,7.5764,0,3402,105190142944
45.0153,22.2147,59.8522,0,100,89,79,1660,3504,2.24573,0,16.6771,7.5764,0,3402,105212359036
44.2866,22.5802,59.8522,0,100,89,79,1660,3504,2.24573,0,16.6771,7.5764,0,3402,105234961886
42.2848,23.6492,59.8522,0,100,89,79,1660,3504,2.24573,0,16.6771,7.5764,0,3402,105258591082
44.8333,22.3049,59.8522,0,100,89,79,1660,3504,2.24573,0,16.6771,7.5764,0,3402,105280897549
56.5507,17.6833,59.8522,0,100,89,79,1660,3504,2.24573,0,16.6771,7.5764,0,3402,105298603118
40.1543,24.9039,59.8522,0,100,89,79,1660,3504,2.24573,0,16.6771,7.5764,0,3402,105323508906
47.4819,21.0607,59.8522,0,100,89,79,1660,3504,2.24573,0,16.6771,7.5764,0,3402,105344570229
31.9706,31.2787,59.8522,0,100,89,79,1660,3504,2.24573,0,16.6771,7.5764,0,3402,105375876336
78.3257,12.7672,59.8522,0,100,89,79,1660,3504,2.24573,0,16.6771,7.5764,0,3402,105388618781
32.4884,30.7803,59.8522,0,100,89,79,1660,3504,2.24573,0,16.6771,7.5764,0,3402,105419402938
48.7947,20.494,59.8522,0,100,89,79,1660,3504,2.24573,0,16.6771,7.5764,0,3402,105439897796
38.4971,25.976,59.8522,0,100,89,79,1660,3504,2.24573,0,16.6771,7.5764,0,3402,105465874778
38.5158,25.9634,59.8522,0,100,89,79,1660,3504,2.24573,0,16.6771,7.5764,0,3402,105491839423
41.7433,23.9559,59.8522,0,100,89,79,1660,3504,2.24573,0,16.6771,7.5764,0,3402,105515796986
46.208,21.6413,59.8522,0,100,89,79,1660,3504,2.24573,0,16.6771,7.5764,0,3402,105537473847
22.7107,44.0321,59.8522,0,100,89,79,1660,3504,2.24573,0,16.6771,7.5764,0,3402,105581472988
44.9068,22.2683,59.8522,0,100,89,79,1660,3504,2.24573,0,16.6771,7.5764,0,3402,105603970061
28.7265,34.8111,59.8522,0,100,89,79,1660,3504,2.24573,0,16.6771,7.5764,0,3402,105638553585
41.0976,24.3323,59.8522,0,100,89,79,1660,3504,2.24573,0,16.6771,7.5764,0,3402,105662888396
32.6426,30.6348,59.8522,0,100,89,79,1660,3504,2.24573,0,16.6771,7.5764,0,3402,105693550437
34.5619,28.9336,77.7228,0,100,89,79,1660,3504,2.24573,0,16.6765,7.5764,0,1851,105722460124
41.959,23.8328,77.7228,0,100,89,79,1660,3504,2.24573,0,16.6765,7.5764,0,1851,105746293513
46.0282,21.7258,77.7228,0,100,89,79,1660,3504,2.24573,0,16.6765,7.5764,0,1851,105768019911
24.6264,40.6068,77.7228,0,100,89,79,1660,3504,2.24573,0,16.6765,7.5764,0,1851,105808628153
44.8605,22.2913,77.7228,0,100,89,79,1660,3504,2.24573,0,16.6765,7.5764,0,1851,105830920972
47.3125,21.1361,77.7228,0,100,89,79,1660,3504,2.24573,0,16.6765,7.5764,0,1851,105852058372
38.297,26.1117,77.7228,0,100,89,79,1660,3504,2.24573,0,16.6765,7.5764,0,1851,105878193003
41.0229,24.3766,77.7228,0,100,89,79,1660,3504,2.24573,0,16.6765,7.5764,0,1851,105902571154
38.3132,26.1007,77.7228,0,100,89,79,1660,3504,2.24573,0,16.6765,7.5764,0,1851,105928672298
65.2198,15.3328,77.7228,0,100,89,79,1660,3504,2.24573,0,16.6765,7.5764,0,1851,105944006412
46.0756,21.7035,77.7228,0,100,89,79,1660,3504,2.24573,0,16.6765,7.5764,0,1851,105965711492
51.971,19.2415,77.7228,0,100,89,79,1660,3504,2.24573,0,16.6765,7.5764,0,1851,105984975438
63.7408,15.6885,77.7228,0,100,89,79,1660,3504,2.24573,0,16.6765,7.5764,0,1851,106000656955
67.6876,14.7737,77.7228,0,100,89,79,1660,3504,2.24573,0,16.6765,7.5764,0,1851,106015418506
39.5812,25.2645,77.7228,0,100,89,79,1660,3504,2.24573,0,16.6765,7.5764,0,1851,106040683984
48.9349,20.4353,77.7228,0,100,89,79,1660,3504,2.24573,0,16.6765,7.5764,0,1851,106061121336
50.32,19.8728,77.7228,0,100,89,79,1660,3504,2.24573,0,16.6765,7.5764,0,1851,106080993779
35.3576,28.2824,77.7228,0,100,89,79,1660,3504,2.24573,0,16.6765,7.5764,0,1851,106109278383
49.6132,20.1559,77.7228,0,100,89,79,1660,3504,2.24573,0,16.6765,7.5764,0,1851,106129436456
43.1409,23.1799,77.7228,0,100,89,79,1660,3504,2.24573,0,16.6765,7.5764,0,1851,106152637677
50.9451,19.629,77.7228,0,100,89,79,1660,3504,2.24573,0,16.6765,7.5764,0,1851,106172247665
45.7831,21.8421,77.7228,0,100,89,79,1660,3504,2.24573,0,16.6765,7.5764,0,1851,106194115752
53.1943,18.799,76.8638,0,96,84,76,1435,3504,2.24573,0,16.6771,7.57615,0,1951,106212890779
50.6942,19.7261,76.8638,0,96,84,76,1435,3504,2.24573,0,16.6771,7.57615,0,1951,106232620049
45.6112,21.9244,76.8638,0,96,84,76,1435,3504,2.24573,0,16.6771,7.57615,0,1951,106254545320
47.2049,21.1843,76.8638,0,96,84,76,1435,3504,2.24573,0,16.6771,7.57615,0,1951,106275729998
54.6494,18.2985,76.8638,0,96,84,76,1435,3504,2.24573,0,16.6771,7.57615,0,1951,106294030167
54.7551,18.2632,76.8638,0,96,84,76,1435,3504,2.24573,0,16.6771,7.57615,0,1951,106312317910
46.429,21.5382,76.8638,0,96,84,76,1435,3504,2.24573,0,16.6771,7.57615,0,1951,106333833107
46.7683,21.382,76.8638,0,96,84,76,1435,3504,2.24573,0,16.6771,7.57615,0,1951,106355216784
67.2826,14.8627,76.8638,0,96,84,76,1435,3504,2.24573,0,16.6771,7.57615,0,1951,106370080072
42.5035,23.5275,76.8638,0,96,84,76,1435,3504,2.24573,0,16.6771,7.57615,0,1951,106393609093
45.2209,22.1137,76.8638,0,96,84,76,1435,3504,2.24573,0,16.6771,7.57615,0,1951,106415724162
55.8544,17.9037,76.8638,0,96,84,76,1435,3504,2.24573,0,16.6771,7.57615,0,1951,106433628774
44.9325,22.2556,76.8638,0,96,84,76,1435,3504,2.24573,0,16.6771,7.57615,0,1951,106455908855
57.6362,17.3502,76.8638,0,96,84,76,1435,3504,2.24573,0,16.6771,7.57615,0,1951,106473250808
47.3368,21.1252,76.8638,0,96,84,76,1435,3504,2.24573,0,16.6771,7.57615,0,1951,106494365051
41.9351,23.8463,76.8638,0,96,84,76,1435,3504,2.24573,0,16.6771,7.57615,0,1951,106518213529
54.9319,18.2044,76.8638,0,96,84,76,1435,3504,2.24573,0,16.6771,7.57615,0,1951,106536417850
42.8934,23.3136,76.8638,0,96,84,76,1435,3504,2.24573,0,16.6771,7.57615,0,1951,106559754346
39.1762,25.5257,76.8638,0,96,84,76,1435,3504,2.24573,0,16.6771,7.57615,0,1951,106585281431
69.6942,14.3484,76.8638,0,96,84,76,1435,3504,2.24573,0,16.6771,7.57615,0,1951,106599609597
40.3837,24.7625,76.8638,0,96,84,76,1435,3504,2.24573,0,16.6771,7.57615,0,1951,106624374676
46.8451,21.3469,76.8638,0,96,84,76,1435,3504,2.24573,0,16.6771,7.57615,0,1951,106645742641
43.5171,22.9794,76.8638,0,96,84,76,1435,3504,2.24573,0,16.6771,7.57615,0,1951,106668702576
42.4784,23.5414,76.8638,0,96,84,76,1435,3504,2.24573,0,16.6771,7.57615,0,1951,106692245615
40.0198,24.9876,76.8638,0,96,84,76,1435,3504,2.24573,0,16.6771,7.57615,0,1951,106717263111
30.9978,32.2604,70.8229,0,89,84,75,1428,3504,2.24573,0,16.6916,7.57615,0,1742,106749518101
45.8614,21.8048,70.8229,0,89,84,75,1428,3504,2.24573,0,16.6916,7.57615,0,1742,106771302684
28.7029,34.8397,70.8229,0,89,84,75,1428,3504,2.24573,0,16.6916,7.57615,0,1742,106806165715
61.6651,16.2166,70.8229,0,89,84,75,1428,3504,2.24573,0,16.6916,7.57615,0,1742,106822361428
55.8891,17.8926,70.8229,0,89,84,75,1428,3504,2.24573,0,16.6916,7.57615,0,1742,106840256063
46.6236,21.4484,70.8229,0,89,84,75,1428,3504,2.24573,0,16.6916,7.57615,0,1742,106861704076
38.0913,26.2527,70.8229,0,89,84,75,1428,3504,2.24573,0,16.6916,7.57615,0,1742,106887959560
45.7973,21.8353,70.8229,0,89,84,75,1428,3504,2.24573,0,16.6916,7.57615,0,1742,106909795292
29.9981,33.3354,70.8229,0,89,84,75,1428,3504,2.24573,0,16.6916,7.57615,0,1742,106943131404
73.5036,13.6048,70.8229,0,89,84,75,1428,3504,2.24573,0,16.6916,7.57615,0,1742,106956738403
42.2732,23.6557,70.8229,0,89,84,75,1428,3504,2.24573,0,16.6916,7.57615,0,1742,106980408964
36.8808,27.1144,70.8229,0,89,84,75,1428,3504,2.24573,0,16.6916,7.57615,0,1742,107007510499
50.8185,19.6779,70.8229,0,89,84,75,1428,3504,2.24573,0,16.6916,7.57615,0,1742,107027189906
55.59,17.9888,70.8229,0,89,84,75,1428,3504,2.24573,0,16.6916,7.57615,0,1742,107045179353
57.7285,17.3225,70.8229,0,89,84,75,1428,3504,2.24573,0,16.6916,7.57615,0,1742,107062533204
51.204,19.5297,70.8229,0,89,84,75,1428,3504,2.24573,0,16.6916,7.57615,0,1742,107082034850
40.0422,24.9736,70.8229,0,89,84,75,1428,3504,2.24573,0,16.6916,7.57615,0,1742,107107009737
53.0639,18.8452,70.8229,0,89,84,75,1428,3504,2.24573,0,16.6916,7.57615,0,1742,107125876711
55.9188,17.8831,70.8229,0,89,84,75,1428,3504,2.24573,0,16.6916,7.57615,0,1742,107143761464
50.8596,19.662,70.8229,0,89,84,75,1428,3504,2.24573,0,16.6916,7.57615,0,1742,107163404247
47.1874,21.1921,70.8229,0,89,84,75,1428,3504,2.24573,0,16.6916,7.57615,0,1742,107184596672
59.3452,16.8505,70.8229,0,89,84,75,1428,3504,2.24573,0,16.6916,7.57615,0,1742,107201448443
48.2862,20.7098,70.8229,0,89,84,75,1428,3504,2.24573,0,16.6916,7.57615,0,1742,107222185916
38.6314,25.8857,77.261,0,89,85,75,1428,3504,2.24573,0,16.692,7.57615,0,1801,107248067161
59.5215,16.8006,77.261,0,89,85,75,1428,3504,2.24573,0,16.692,7.57615,0,1801,107264849246
50.2895,19.8849,77.261,0,89,85,75,1428,3504,2.24573,0,16.692,7.57615,0,1801,107284755559
45.1609,22.143,77.261,0,89,85,75,1428,3504,2.24573,0,16.692,7.57615,0,1801,107306899615
53.4549,18.7074,77.261,0,89,85,75,1428,3504,2.24573,0,16.692,7.57615,0,1801,107325629517
43.9244,22.7664,77.261,0,89,85,75,1428,3504,2.24573,0,16.692,7.57615,0,1801,107348398486
56.3447,17.7479,77.261,0,89,85,75,1428,3504,2.24573,0,16.692,7.57615,0,1801,107366147411
43.8347,22.813,77.261,0,89,85,75,1428,3504,2.24573,0,16.692,7.57615,0,1801,107388962109
46.9408,21.3034,77.261,0,89,85,75,1428,3504,2.24573,0,16.692,7.57615,0,1801,107410288698
52.0697,19.205,77.261,0,89,85,75,1428,3504,2.24573,0,16.692,7.57615,0,1801,107429494783
48.2478,20.7263,77.261,0,89,85,75,1428,3504,2.24573,0,16.692,7.57615,0,1801,107450242615
50.7648,19.6987,77.261,0,89,85,75,1428,3504,2.24573,0,16.692,7.57615,0,1801,107469922380
52.9994,18.8681,77.261,0,89,85,75,1428,3504,2.24573,0,16.692,7.57615,0,1801,107488790288
42.9092,23.305,77.261,0,89,85,75,1428,3504,2.24573,0,16.692,7.57615,0,1801,107512096361
48.307,20.701,77.261,0,89,85,75,1428,3504,2.24573,0,16.692,7.57615,0,1801,107532812799
54.2614,18.4293,77.261,0,89,85,75,1428,3504,2.24573,0,16.692,7.57615,0,1801,107551229397
40.9249,24.435,77.261,0,89,85,75,1428,3504,2.24573,0,16.692,7.57615,0,1801,107575665267
59.2147,16.8877,77.261,0,89,85,75,1428,3504,2.24573,0,16.692,7.57615,0,1801,107592554995
44.884,22.2797,77.261,0,89,85,75,1428,3504,2.24573,0,16.692,7.57615,0,1801,107614857961
49.8439,20.0626,77.261,0,89,85,75,1428,3504,2.24573,0,16.692,7.57615,0,1801,107634899343
48.5574,20.5942,77.261,0,89,85,75,1428,3504,2.24573,0,16.692,7.57615,0,1801,107655496514
43.6201,22.9252,77.261,0,89,85,75,1428,3504,2.24573,0,16.692,7.57615,0,1801,107678421406
54.9193,18.2085,77.261,0,89,85,75,1428,3504,2.24573,0,16.692,7.57615,0,1801,107696631129
37.4347,26.7132,77.261,0,89,85,75,1428,3504,2.24573,0,16.692,7.57615,0,1801,107723371548
75.63,13.2223,70.437,0,93,85,75,1420,3504,2.24573,0,16.6921,7.57615,0,1747,107736569512
35.1416,28.4563,70.437,0,93,85,75,1420,3504,2.24573,0,16.6921,7.57615,0,1747,107765027094
65.9208,15.1697,70.437,0,93,85,75,1420,3504,2.24573,0,16.6921,7.57615,0,1747,107780198065
48.7713,20.5039,70.437,0,93,85,75,1420,3504,2.24573,0,16.6921,7.57615,0,1747,107800702197
32.4279,30.8376,70.437,0,93,85,75,1420,3504,2.24573,0,16.6921,7.57615,0,1747,107831541173
39.0453,25.6113,70.437,0,93,85,75,1420,3504,2.24573,0,16.6921,7.57615,0,1747,107857154257
40.784,24.5194,70.437,0,93,85,75,1420,3504,2.24573,0,16.6921,7.57615,0,1747,107881674535
40.944,24.4236,70.437,0,93,85,75,1420,3504,2.24573,0,16.6921,7.57615,0,1747,107906099721
45.0123,22.2161,70.437,0,93,85,75,1420,3504,2.24573,0,16.6921,7.57615,0,1747,107928317536
51.5516,19.398,70.437,0,93,85,75,1420,3504,2.24573,0,16.6921,7.57615,0,1747,107947715543
35.4773,28.187,70.437,0,93,85,75,1420,3504,2.24573,0,16.6921,7.57615,0,1747,107975905018
32.2352,31.022,70.437,0,93,85,75,1420,3504,2.24573,0,16.6921,7.57615,0,1747,108006949362
80.5387,12.4164,70.437,0,93,85,75,1420,3504,2.24573,0,16.6921,7.57615,0,1747,108019366517
36.7569,27.2058,70.437,0,93,85,75,1420,3504,2.24573,0,16.6921,7.57615,0,1747,108046553588
43.7033,22.8816,70.437,0,93,85,75,1420,3504,2.24573,0,16.6921,7.57615,0,1747,108069461955
38.6803,25.8529,70.437,0,93,85,75,1420,3504,2.24573,0,16.6921,7.57615,0,1747,108095311029
35.8992,27.8557,70.437,0,93,85,75,1420,3504,2.24573,0,16.6921,7.57615,0,1747,108123169185
55.6694,17.9632,70.437,0,93,85,75,1420,3504,2.24573,0,16.6921,7.57615,0,1747,108141141647
50.2534,19.8992,70.437,0,93,85,75,1420,3504,2.24573,0,16.6921,7.57615,0,1747,108161033853
45.4463,22.004,70.437,0,93,85,75,1420,3504,2.24573,0,16.6921,7.57615,0,1747,108183040095
42.7185,23.4091,70.437,0,93,85,75,1420,3504,2.24573,0,16.6921,7.57615,0,1747,108206450029
39.0582,25.6028,70.437,0,93,85,75,1420,3504,2.24573,0,16.6921,7.57615,0,1747,108232060062
63.6789,15.7038,77.3537,0,99,86,75,1410,3504,2.24573,0,16.6924,7.57615,0,1793,108247779651
44.5708,22.4362,77.3537,0,99,86,75,1410,3504,2.24573,0,16.6924,7.57615,0,1793,108270218544
43.4761,23.0011,77.3537,0,99,86,75,1410,3504,2.24573,0,16.6924,7.57615,0,1793,108293219779
46.3881,21.5573,77.3537,0,99,86,75,1410,3504,2.24573,0,16.6924,7.57615,0,1793,108314798778
38.2077,26.1727,77.3537,0,99,86,75,1410,3504,2.24573,0,16.6924,7.57615,0,1793,108340972957
32.0394,31.2116,77.3537,0,99,86,75,1410,3504,2.24573,0,16.6924,7.57615,0,1793,108372187613
102.799,9.72773,77.3537,0,99,86,75,1410,3504,2.24573,0,16.6924,7.57615,0,1793,108381915794
40.425,24.7372,77.3537,0,99,86,75,1410,3504,2.24573,0,16.6924,7.57615,0,1793,108406676135
30.2995,33.0038,77.3537,0,99,86,75,1410,3504,2.24573,0,16.6924,7.57615,0,1793,108439659826
39.4418,25.3538,77.3537,0,99,86,75,1410,3504,2.24573,0,16.6924,7.57615,0,1793,108465014780
34.9709,28.5952,77.3537,0,99,86,75,1410,3504,2.24573,0,16.6924,7.57615,0,1793,108493610615
38.2737,26.1276,77.3537,0,99,86,75,1410,3504,2.24573,0,16.6924,7.57615,0,1793,108519761471
39.7301,25.1698,77.3537,0,99,86,75,1410,3504,2.24573,0,16.6924,7.57615,0,1793,108544911549
15.1062,66.1978,77.3537,0,99,86,75,1410,3504,2.24573,0,16.6924,7.57615,0,1793,108611110387
96.7176,10.3394,77.3537,0,99,86,75,1410,3504,2.24573,0,16.6924,7.57615,0,1793,108621451596
30.1735,33.1416,77.3537,0,99,86,75,1410,3504,2.24573,0,16.6924,7.57615,0,1793,108654595307
40.9884,24.3971,77.3537,0,99,86,75,1410,3504,2.24573,0,16.6924,7.57615,0,1793,108678993195
34.5549,28.9394,77.3537,0,99,86,75,1410,3504,2.24573,0,16.6924,7.57615,0,1793,108707955070
45.2448,22.102,77.3537,0,99,86,75,1410,3504,2.24573,0,16.6924,7.57615,0,1793,108730037062
37.5644,26.621,77.3537,0,99,86,75,1410,3504,2.24573,0,16.6924,7.57615,0,1793,108756663654
31.3513,31.8966,78.043,0,99,86,75,1410,3504,2.24573,0,16.6936,7.57615,0,1788,108788556637
27.7023,36.098,78.043,0,99,86,75,1410,3504,2.24573,0,16.6936,7.57615,0,1788,108824727512
34.5343,28.9567,78.043,0,99,86,75,1410,3504,2.24573,0,16.6936,7.57615,0,1788,108853685888
54.0877,18.4885,78.043,0,99,86,75,1410,3504,2.24573,0,16.6936,7.57615,0,1788,108872175171
18.1378,55.1336,78.043,0,99,86,75,1410,3504,2.24573,0,16.6936,7.57615,0,1788,108927335154
47.2328,21.1717,78.043,0,99,86,75,1410,3504,2.24573,0,16.6936,7.57615,0,1788,108948484684
52.3632,19.0974,78.043,0,99,86,75,1410,3504,2.24573,0,16.6936,7.57615,0,1788,108967586255
53.5933,18.6591,78.043,0,99,86,75,1410,3504,2.24573,0,16.6936,7.57615,0,1788,108986245384
50.6824,19.7307,78.043,0,99,86,75,1410,3504,2.24573,0,16.6936,7.57615,0,1788,109005976749
49.2934,20.2867,78.043,0,99,86,75,1410,3504,2.24573,0,16.6936,7.57615,0,1788,109026287236
41.8723,23.8821,78.043,0,99,86,75,1410,3504,2.24573,0,16.6936,7.57615,0,1788,109050196591
41.903,23.8646,78.043,0,99,86,75,1410,3504,2.24573,0,16.6936,7.57615,0,1788,109074305031
60.7712,16.4552,78.043,0,99,86,75,1410,3504,2.24573,0,16.6936,7.57615,0,1788,109090752688
51.7602,19.3199,78.043,0,99,86,75,1410,3504,2.24573,0,16.6936,7.57615,0,1788,109110062140
31.9526,31.2963,78.043,0,99,86,75,1410,3504,2.24573,0,16.6936,7.57615,0,1788,109141380786
46.6768,21.4239,78.043,0,99,86,75,1410,3504,2.24573,0,16.6936,7.57615,0,1788,109162804782
63.4178,15.7685,78.043,0,99,86,75,1410,3504,2.24573,0,16.6936,7.57615,0,1788,109178554584
44.3591,22.5433,78.043,0,99,86,75,1410,3504,2.24573,0,16.6936,7.57615,0,1788,109201099688
53.3134,18.757,78.043,0,99,86,75,1410,3504,2.24573,0,16.6936,7.57615,0,1788,109219879666
47.621,20.9991,78.043,0,99,86,75,1410,3504,2.24573,0,16.6936,7.57615,0,1788,109240879845
41.4895,24.1025,78.043,0,99,86,75,1410,3504,2.24573,0,16.6936,7.57615,0,1788,109265008245
52.585,19.0168,81.0742,0,83,87,74,1462,3504,2.24573,0,16.6788,7.57615,0,1756,109284018741
36.5928,27.3278,81.0742,0,83,87,74,1462,3504,2.24573,0,16.6788,7.57615,0,1756,109311351219
35.3979,28.2503,81.0742,0,83,87,74,1462,3504,2.24573,0,16.6788,7.57615,0,1756,109339581748
58.4646,17.1044,81.0742,0,83,87,74,1462,3504,2.24573,0,16.6788,7.57615,0,1756,109356686715
48.3345,20.6892,81.0742,0,83,87,74,1462,3504,2.24573,0,16.6788,7.57615,0,1756,109377379073
39.9019,25.0615,81.0742,0,83,87,74,1462,3504,2.24573,0,16.6788,7.57615,0,1756,109402440952
37.6913,26.5314,81.0742,0,83,87,74,1462,3504,2.24573,0,16.6788,7.57615,0,1756,109428973317
47.9638,20.849,81.0742,0,83,87,74,1462,3504,2.24573,0,16.6788,7.57615,0,1756,109449825422
50.742,19.7075,81.0742,0,83,87,74,1462,3504,2.24573,0,16.6788,7.57615,0,1756,109469533493
31.5918,31.6538,81.0742,0,83,87,74,1462,3504,2.24573,0,16.6788,7.57615,0,1756,109501188916
40.1855,24.8846,81.0742,0,83,87,74,1462,3504,2.24573,0,16.6788,7.57615,0,1756,109526075282
67.3682,14.8438,81.0742,0,83,87,74,1462,3504,2.24573,0,16.6788,7.57615,0,1756,109540920019
33.9977,29.4138,81.0742,0,83,87,74,1462,3504,2.24573,0,16.6788,7.57615,0,1756,109570356843
68.9206,14.5095,81.0742,0,83,87,74,1462,3504,2.24573,0,16.6788,7.57615,0,1756,109584845654
36.9826,27.0398,81.0742,0,83,87,74,1462,3504,2.24573,0,16.6788,7.57615,0,1756,109611888142
39.1572,25.5381,81.0742,0,83,87,74,1462,3504,2.24573,0,16.6788,7.57615,0,1756,109637425699
49.7844,20.0866,81.0742,0,83,87,74,1462,3504,2.24573,0,16.6788,7.57615,0,1756,109657514235
43.0897,23.2074,81.0742,0,83,87,74,1462,3504,2.24573,0,16.6788,7.57615,0,1756,109680723527
45.2852,22.0823,81.0742,0,83,87,74,1462,3504,2.24573,0,16.6788,7.57615,0,1756,109702806506
43.1536,23.173,81.0742,0,83,87,74,1462,3504,2.24573,0,16.6788,7.57615,0,1756,109726010446
43.5541,22.9599,81.0742,0,83,87,74,1462,3504,2.24573,0,16.6788,7.57615,0,1756,109748946928
38.1896,26.1851,81.0742,0,83,87,74,1462,3504,2.24573,0,16.6788,7.57615,0,1756,109775157823
36.9607,27.0558,79,0,88,87,74,1408,3504,2.24573,0,16.679,7.57615,0,1850,109802190295
39.1191,25.563,79,0,88,87,74,1408,3504,2.24573,0,16.679,7.57615,0,1850,109827753735
34.7483,28.7784,79,0,88,87,74,1408,3504,2.24573,0,16.679,7.57615,0,1850,109856534101
36.739,27.219,79,0,88,87,74,1408,3504,2.24573,0,16.679,7.57615,0,1850,109883775919
34.5456,28.9472,79,0,88,87,74,1408,3504,2.24573,0,16.679,7.57615,0,1850,109912724741
41.4401,24.1312,79,0,88,87,74,1408,3504,2.24573,0,16.679,7.57615,0,1850,109936836721
41.5829,24.0483,79,0,88,87,74,1408,3504,2.24573,0,16.679,7.57615,0,1850,109960906866
30.7082,32.5646,79,0,88,87,74,1408,3504,2.24573,0,16.679,7.57615,0,1850,109993451492
35.2926,28.3345,79,0,88,87,74,1408,3504,2.24573,0,16.679,7.57615,0,1850,110021795678
