Frame, Time (ms), Delta (ms) , Memory (mb)
    1, 0.000, 0.000,4293
    2, 6.791, 6.791,5735
    3,18.435,11.644,5735
    4,27.356, 8.921,5735
    5,35.899, 8.543,5735
    6,45.470, 9.571,5735
    7,55.880,10.410,5735
    8,65.781, 9.901,5735
    9,74.363, 8.582,5735
   10,82.671, 8.308,5735
   11,91.140, 8.469,5735
   12,100.663, 9.523,5735
   13,109.831, 9.168,5735
   14,118.160, 8.329,5735
   15,128.214,10.054,5735
   16,137.494, 9.280,5735
   17,146.730, 9.236,5735
   18,154.895, 8.165,5735
   19,163.427, 8.532,5735
   20,171.656, 8.229,5735
   21,180.112, 8.456,5735
   22,188.165, 8.053,5735
   23,196.033, 7.868,5735
   24,203.973, 7.940,5735
   25,211.942, 7.969,5735
   26,220.372, 8.430,5735
   27,228.540, 8.168,5735
   28,236.800, 8.260,5735
   29,244.690, 7.890,5735
   30,252.532, 7.842,5735
   31,260.513, 7.981,5735
   32,268.461, 7.948,5735
   33,276.988, 8.527,5735
   34,284.599, 7.611,5735
   35,292.795, 8.196,5735
   36,301.624, 8.829,5735
   37,309.640, 8.016,5735
   38,317.704, 8.064,5735
   39,325.612, 7.908,5735
   40,333.665, 8.053,5735
   41,342.518, 8.853,5735
   42,350.807, 8.289,5735
   43,358.952, 8.145,5735
   44,367.010, 8.058,5735
   45,374.985, 7.975,5735
   46,382.416, 7.431,5735
   47,390.342, 7.926,5735
   48,398.332, 7.990,5735
   49,406.333, 8.001,5735
   50,414.185, 7.852,5735
   51,422.310, 8.125,5735
   52,430.362, 8.052,5735
   53,439.447, 9.085,5735
   54,449.572,10.125,5735
   55,458.133, 8.561,5735
   56,466.456, 8.323,5735
   57,474.280, 7.824,5735
   58,482.115, 7.835,5735
   59,489.971, 7.856,5735
   60,498.022, 8.051,5735
   61,506.245, 8.223,5735
   62,514.235, 7.990,5735
   63,522.700, 8.465,5735
   64,530.475, 7.775,5735
   65,538.475, 8.000,5735
   66,546.826, 8.351,5735
   67,555.583, 8.757,5735
   68,564.300, 8.717,5735
   69,572.387, 8.087,5735
   70,580.453, 8.066,5735
   71,588.756, 8.303,5735
   72,596.880, 8.124,5735
   73,604.776, 7.896,5735
   74,613.113, 8.337,5735
   75,621.488, 8.375,5735
   76,629.660, 8.172,5735
   77,638.679, 9.019,5735
   78,646.826, 8.147,5735
   79,655.444, 8.618,5735
   80,663.999, 8.555,5735
   81,673.297, 9.298,5735
   82,682.064, 8.767,5735
   83,690.449, 8.385,5735
   84,698.767, 8.318,5735
   85,707.627, 8.860,5735
   86,716.358, 8.731,5735
   87,724.863, 8.505,5735
   88,733.552, 8.689,5735
   89,741.908, 8.356,5735
   90,750.171, 8.263,5735
   91,758.970, 8.799,5735
   92,768.335, 9.365,5735
   93,777.632, 9.297,5735
   94,787.318, 9.686,5735
   95,797.389,10.071,5735
   96,805.662, 8.273,5735
   97,814.532, 8.870,5735
   98,822.940, 8.408,5735
   99,832.054, 9.114,5735
  100,842.432,10.378,5735
  101,851.690, 9.258,5735
  102,860.476, 8.786,5735
  103,870.301, 9.825,5735
  104,878.779, 8.478,5735
  105,887.703, 8.924,5735
  106,896.923, 9.220,5735
  107,905.956, 9.033,5735
  108,914.173, 8.217,5735
  109,922.008, 7.835,5735
  110,929.901, 7.893,5735
  111,937.829, 7.928,5735
  112,945.742, 7.913,5735
  113,953.729, 7.987,5735
  114,961.507, 7.778,5735
  115,970.001, 8.494,5735
  116,978.081, 8.080,5735
  117,986.224, 8.143,5735
  118,993.825, 7.601,5735
  119,1001.612, 7.787,5735
  120,1009.598, 7.986,5735
  121,1018.063, 8.465,5735
  122,1026.442, 8.379,5735
  123,1034.074, 7.632,5735
  124,1041.682, 7.608,5735
  125,1049.274, 7.592,5735
  126,1056.775, 7.501,5735
  127,1064.661, 7.886,5735
  128,1072.382, 7.721,5735
  129,1080.264, 7.882,5735
  130,1087.996, 7.732,5735
  131,1096.379, 8.383,5735
  132,1104.124, 7.745,5735
  133,1111.606, 7.482,5735
  134,1119.272, 7.666,5735
  135,1126.672, 7.400,5735
  136,1134.237, 7.565,5735
  137,1141.894, 7.657,5735
  138,1149.480, 7.586,5735
  139,1157.044, 7.564,5735
  140,1164.564, 7.520,5735
  141,1172.075, 7.511,5735
  142,1179.567, 7.492,5735
  143,1187.581, 8.014,5735
  144,1195.868, 8.287,5735
  145,1204.815, 8.947,5735
  146,1213.157, 8.342,5735
  147,1222.840, 9.683,5735
  148,1232.419, 9.579,5735
  149,1241.086, 8.667,5735
  150,1249.594, 8.508,5735
  151,1257.431, 7.837,5735
  152,1265.050, 7.619,5735
  153,1273.233, 8.183,5735
  154,1280.901, 7.668,5735
  155,1289.934, 9.033,5735
  156,1298.282, 8.348,5735
  157,1306.308, 8.026,5735
  158,1314.751, 8.443,5735
  159,1323.405, 8.654,5735
  160,1331.859, 8.454,5735
  161,1340.823, 8.964,5735
  162,1349.119, 8.296,5735
  163,1356.600, 7.481,5735
  164,1364.645, 8.045,5735
  165,1372.651, 8.006,5735
  166,1380.789, 8.138,5735
  167,1389.098, 8.309,5735
  168,1398.179, 9.081,5735
  169,1406.871, 8.692,5735
  170,1415.098, 8.227,5735
  171,1423.290, 8.192,5735
  172,1432.141, 8.851,5735
  173,1440.371, 8.230,5735
  174,1448.422, 8.051,5735
  175,1456.807, 8.385,5735
  176,1464.737, 7.930,5735
  177,1472.989, 8.252,5735
  178,1480.900, 7.911,5735
  179,1489.088, 8.188,5735
  180,1497.391, 8.303,5735
  181,1506.190, 8.799,5735
  182,1514.833, 8.643,5735
  183,1523.163, 8.330,5735
  184,1531.279, 8.116,5735
  185,1539.478, 8.199,5735
  186,1546.544, 7.066,5735
  187,1554.397, 7.853,5735
  188,1561.782, 7.385,5735
  189,1569.674, 7.892,5735
  190,1577.458, 7.784,5735
  191,1584.806, 7.348,5735
  192,1592.469, 7.663,5735
  193,1600.009, 7.540,5735
  194,1607.403, 7.394,5735
  195,1615.669, 8.266,5735
  196,1624.130, 8.461,5735
  197,1633.504, 9.374,5735
  198,1642.470, 8.966,5735
  199,1650.576, 8.106,5735
  200,1658.076, 7.500,5735
  201,1666.923, 8.847,5735
  202,1675.456, 8.533,5735
  203,1683.011, 7.555,5735
  204,1690.413, 7.402,5735
  205,1699.141, 8.728,5735
  206,1707.281, 8.140,5735
  207,1716.429, 9.148,5735
  208,1725.685, 9.256,5735
  209,1733.732, 8.047,5735
  210,1741.526, 7.794,5735
  211,1749.768, 8.242,5735
  212,1757.482, 7.714,5735
  213,1765.198, 7.716,5735
  214,1772.486, 7.288,5735
  215,1779.924, 7.438,5735
  216,1787.373, 7.449,5735
  217,1794.889, 7.516,5735
  218,1802.527, 7.638,5735
  219,1809.949, 7.422,5735
  220,1817.414, 7.465,5735
  221,1825.459, 8.045,5735
  222,1832.831, 7.372,5735
  223,1840.529, 7.698,5735
  224,1847.890, 7.361,5735
  225,1855.473, 7.583,5735
  226,1863.200, 7.727,5735
  227,1870.697, 7.497,5735
  228,1878.385, 7.688,5735
  229,1885.791, 7.406,5735
  230,1893.430, 7.639,5735
  231,1900.931, 7.501,5735
  232,1908.659, 7.728,5735
  233,1916.589, 7.930,5735
  234,1924.475, 7.886,5735
  235,1933.267, 8.792,5735
  236,1941.149, 7.882,5735
  237,1949.424, 8.275,5735
  238,1957.643, 8.219,5735
  239,1966.762, 9.119,5735
  240,1975.092, 8.330,5735
  241,1983.399, 8.307,5735
  242,1991.689, 8.290,5735
  243,2000.601, 8.912,5735
  244,2009.156, 8.555,5735
  245,2018.741, 9.585,5735
  246,2029.135,10.394,5735
  247,2039.273,10.138,5735
  248,2048.088, 8.815,5735
  249,2056.646, 8.558,5735
  250,2064.586, 7.940,5735
  251,2073.546, 8.960,5735
  252,2082.107, 8.561,5735
  253,2090.230, 8.123,5735
  254,2098.690, 8.460,5735
  255,2107.112, 8.422,5735
  256,2115.624, 8.512,5735
  257,2124.745, 9.121,5735
  258,2133.096, 8.351,5735
  259,2142.595, 9.499,5735
  260,2151.547, 8.952,5735
  261,2158.911, 7.364,5735
  262,2166.844, 7.933,5735
  263,2174.410, 7.566,5735
  264,2182.614, 8.204,5735
  265,2190.530, 7.916,5735
  266,2197.805, 7.275,5735
  267,2205.344, 7.539,5735
  268,2212.775, 7.431,5735
  269,2220.366, 7.591,5735
  270,2228.346, 7.980,5735
  271,2235.897, 7.551,5735
  272,2243.489, 7.592,5735
  273,2252.180, 8.691,5735
  274,2259.786, 7.606,5735
  275,2267.568, 7.782,5735
  276,2275.776, 8.208,5735
  277,2283.640, 7.864,5735
  278,2291.134, 7.494,5735
  279,2298.063, 6.929,5735
  280,2305.343, 7.280,5735
  281,2312.540, 7.197,5735
  282,2320.080, 7.540,5735
  283,2327.420, 7.340,5735
  284,2334.515, 7.095,5735
  285,2341.951, 7.436,5735
  286,2348.936, 6.985,5735
  287,2357.596, 8.660,5735
  288,2364.839, 7.243,5735
  289,2372.151, 7.312,5735
  290,2379.371, 7.220,5735
  291,2386.655, 7.284,5735
  292,2393.707, 7.052,5735
  293,2401.354, 7.647,5735
  294,2410.067, 8.713,5735
  295,2418.793, 8.726,5735
  296,2426.575, 7.782,5735
  297,2433.829, 7.254,5735
  298,2441.355, 7.526,5735
  299,2448.997, 7.642,5735
  300,2456.730, 7.733,5735
  301,2464.431, 7.701,5735
  302,2472.746, 8.315,5735
  303,2480.987, 8.241,5735
  304,2488.528, 7.541,5735
  305,2496.126, 7.598,5735
  306,2503.319, 7.193,5735
  307,2510.827, 7.508,5735
  308,2518.261, 7.434,5735
  309,2525.716, 7.455,5735
  310,2533.175, 7.459,5735
  311,2540.286, 7.111,5735
  312,2547.346, 7.060,5735
  313,2555.167, 7.821,5735
  314,2563.363, 8.196,5735
  315,2571.685, 8.322,5735
  316,2579.626, 7.941,5735
  317,2587.599, 7.973,5735
  318,2595.237, 7.638,5735
  319,2603.462, 8.225,5735
  320,2610.930, 7.468,5735
  321,2619.052, 8.122,5735
  322,2626.855, 7.803,5735
  323,2634.856, 8.001,5735
  324,2643.076, 8.220,5735
  325,2650.538, 7.462,5735
  326,2658.599, 8.061,5735
  327,2666.480, 7.881,5735
  328,2674.213, 7.733,5735
  329,2681.853, 7.640,5735
  330,2689.449, 7.596,5735
  331,2697.600, 8.151,5735
  332,2705.888, 8.288,5735
  333,2713.153, 7.265,5735
  334,2720.946, 7.793,5735
  335,2729.263, 8.317,5735
  336,2737.329, 8.066,5735
  337,2745.474, 8.145,5735
  338,2753.086, 7.612,5735
  339,2760.962, 7.876,5735
  340,2768.517, 7.555,5735
  341,2776.161, 7.644,5735
  342,2783.414, 7.253,5735
  343,2791.050, 7.636,5735
  344,2800.199, 9.149,5735
  345,2808.696, 8.497,5735
  346,2816.167, 7.471,5735
  347,2823.659, 7.492,5735
  348,2830.896, 7.237,5735
  349,2838.879, 7.983,5735
  350,2846.160, 7.281,5735
  351,2853.417, 7.257,5735
  352,2860.395, 6.978,5735
  353,2868.115, 7.720,5735
  354,2875.171, 7.056,5735
  355,2882.567, 7.396,5735
  356,2889.937, 7.370,5735
  357,2897.477, 7.540,5735
  358,2904.392, 6.915,5735
  359,2912.084, 7.692,5735
  360,2919.882, 7.798,5735
  361,2927.051, 7.169,5735
  362,2934.014, 6.963,5735
  363,2942.163, 8.149,5735
  364,2949.066, 6.903,5735
  365,2956.086, 7.020,5735
  366,2963.175, 7.089,5735
  367,2970.078, 6.903,5735
  368,2976.904, 6.826,5735
  369,2984.501, 7.597,5735
  370,2991.826, 7.325,5735
  371,2998.760, 6.934,5735
  372,3005.732, 6.972,5735
  373,3012.708, 6.976,5735
  374,3020.082, 7.374,5735
  375,3026.983, 6.901,5735
  376,3033.760, 6.777,5735
  377,3040.764, 7.004,5735
  378,3047.870, 7.106,5735
  379,3054.955, 7.085,5735
  380,3062.575, 7.620,5735
  381,3069.955, 7.380,5735
  382,3077.594, 7.639,5735
  383,3085.144, 7.550,5735
  384,3092.694, 7.550,5735
  385,3100.533, 7.839,5735
  386,3107.776, 7.243,5735
  387,3115.397, 7.621,5735
  388,3122.986, 7.589,5735
  389,3130.756, 7.770,5735
  390,3138.311, 7.555,5735
  391,3146.088, 7.777,5735
  392,3153.447, 7.359,5735
  393,3160.593, 7.146,5735
  394,3168.666, 8.073,5735
  395,3177.257, 8.591,5735
  396,3185.738, 8.481,5735
  397,3195.190, 9.452,5735
  398,3203.584, 8.394,5735
  399,3211.528, 7.944,5735
  400,3218.474, 6.946,5735
  401,3226.171, 7.697,5735
  402,3234.052, 7.881,5735
  403,3241.251, 7.199,5735
  404,3248.416, 7.165,5735
  405,3256.063, 7.647,5735
  406,3263.314, 7.251,5735
  407,3270.808, 7.494,5735
  408,3278.068, 7.260,5735
  409,3285.240, 7.172,5735
  410,3292.879, 7.639,5735
  411,3300.054, 7.175,5735
  412,3308.042, 7.988,5735
  413,3315.413, 7.371,5735
  414,3322.668, 7.255,5735
  415,3329.944, 7.276,5735
  416,3337.512, 7.568,5735
  417,3344.953, 7.441,5735
  418,3352.300, 7.347,5735
  419,3359.578, 7.278,5735
  420,3367.851, 8.273,5735
  421,3375.475, 7.624,5735
  422,3383.654, 8.179,5735
  423,3390.982, 7.328,5735
  424,3398.657, 7.675,5735
  425,3406.880, 8.223,5735
  426,3415.053, 8.173,5735
  427,3423.175, 8.122,5735
  428,3431.298, 8.123,5735
  429,3439.062, 7.764,5735
  430,3446.928, 7.866,5735
  431,3454.588, 7.660,5735
  432,3461.900, 7.312,5735
  433,3469.451, 7.551,5735
  434,3477.177, 7.726,5735
  435,3485.135, 7.958,5735
  436,3492.988, 7.853,5735
  437,3500.745, 7.757,5735
  438,3508.168, 7.423,5735
  439,3515.573, 7.405,5735
  440,3523.008, 7.435,5735
  441,3530.105, 7.097,5735
  442,3537.342, 7.237,5735
  443,3544.414, 7.072,5735
  444,3551.309, 6.895,5735
  445,3558.425, 7.116,5735
  446,3565.682, 7.257,5735
  447,3573.166, 7.484,5735
  448,3580.511, 7.345,5735
  449,3589.152, 8.641,5735
  450,3597.411, 8.259,5735
  451,3605.478, 8.067,5735
  452,3613.851, 8.373,5735
  453,3622.818, 8.967,5735
  454,3630.591, 7.773,5735
  455,3637.896, 7.305,5735
  456,3646.520, 8.624,5735
  457,3654.095, 7.575,5735
  458,3661.757, 7.662,5735
  459,3669.246, 7.489,5735
  460,3676.979, 7.733,5735
  461,3684.595, 7.616,5735
  462,3692.108, 7.513,5735
  463,3699.170, 7.062,5735
  464,3707.059, 7.889,5735
  465,3714.109, 7.050,5735
  466,3721.768, 7.659,5735
  467,3729.718, 7.950,5735
  468,3737.467, 7.749,5735
  469,3745.953, 8.486,5735
  470,3754.115, 8.162,5735
  471,3761.944, 7.829,5735
  472,3768.860, 6.916,5735
  473,3775.717, 6.857,5735
  474,3782.287, 6.570,5735
  475,3789.283, 6.996,5735
  476,3796.873, 7.590,5735
  477,3803.588, 6.715,5735
  478,3810.346, 6.758,5735
  479,3817.326, 6.980,5735
  480,3824.425, 7.099,5735
  481,3831.849, 7.424,5735
  482,3839.941, 8.092,5735
  483,3846.867, 6.926,5735
  484,3853.753, 6.886,5735
  485,3860.462, 6.709,5735
  486,3867.710, 7.248,5735
  487,3874.340, 6.630,5735
  488,3881.406, 7.066,5735
  489,3888.335, 6.929,5735
  490,3895.470, 7.135,5735
  491,3902.928, 7.458,5735
  492,3910.392, 7.464,5735
  493,3917.360, 6.968,5735
  494,3924.531, 7.171,5735
  495,3932.012, 7.481,5735
  496,3939.367, 7.355,5735
  497,3947.052, 7.685,5735
  498,3954.033, 6.981,5735
  499,3961.441, 7.408,5735
  500,3968.820, 7.379,5735
  501,3977.436, 8.616,5735
  502,3986.515, 9.079,5735
  503,3994.215, 7.700,5735
  504,4001.461, 7.246,5735
  505,4009.121, 7.660,5735
  506,4016.619, 7.498,5735
  507,4024.338, 7.719,5735
  508,4031.738, 7.400,5735
  509,4039.339, 7.601,5735
  510,4046.945, 7.606,5735
  511,4054.543, 7.598,5735
  512,4062.049, 7.506,5735
  513,4069.633, 7.584,5735
  514,4077.285, 7.652,5735
  515,4084.667, 7.382,5735
  516,4092.047, 7.380,5735
  517,4099.728, 7.681,5735
  518,4107.482, 7.754,5735
  519,4114.323, 6.841,5735
  520,4120.898, 6.575,5735
  521,4127.579, 6.681,5735
  522,4134.421, 6.842,5735
  523,4140.991, 6.570,5735
  524,4147.776, 6.785,5735
  525,4155.065, 7.289,5735
  526,4161.658, 6.593,5735
  527,4168.579, 6.921,5735
  528,4175.761, 7.182,5735
  529,4182.923, 7.162,5735
  530,4190.087, 7.164,5735
  531,4198.127, 8.040,5735
  532,4205.145, 7.018,5735
  533,4212.692, 7.547,5735
  534,4220.188, 7.496,5735
  535,4227.242, 7.054,5735
  536,4234.403, 7.161,5735
  537,4241.453, 7.050,5735
  538,4248.245, 6.792,5735
  539,4255.726, 7.481,5735
  540,4263.771, 8.045,5735
  541,4271.340, 7.569,5735
  542,4278.218, 6.878,5735
  543,4285.162, 6.944,5735
  544,4292.370, 7.208,5735
  545,4299.578, 7.208,5735
  546,4306.704, 7.126,5735
  547,4313.665, 6.961,5735
  548,4320.619, 6.954,5735
  549,4327.209, 6.590,5735
  550,4333.959, 6.750,5735
  551,4341.072, 7.113,5735
  552,4347.583, 6.511,5735
  553,4354.194, 6.611,5735
  554,4361.239, 7.045,5735
  555,4369.886, 8.647,5735
  556,4377.786, 7.900,5735
  557,4385.018, 7.232,5735
  558,4392.152, 7.134,5735
  559,4399.233, 7.081,5735
  560,4406.189, 6.956,5735
  561,4413.190, 7.001,5735
  562,4420.020, 6.830,5735
  563,4427.046, 7.026,5735
  564,4434.668, 7.622,5735
  565,4441.774, 7.106,5735
  566,4448.559, 6.785,5735
  567,4455.816, 7.257,5735
  568,4462.721, 6.905,5735
  569,4470.698, 7.977,5735
  570,4478.059, 7.361,5735
  571,4486.183, 8.124,5735
  572,4493.232, 7.049,5735
  573,4500.392, 7.160,5735
  574,4507.085, 6.693,5735
  575,4514.335, 7.250,5735
  576,4522.153, 7.818,5735
  577,4529.580, 7.427,5735
  578,4536.670, 7.090,5735
  579,4543.932, 7.262,5735
  580,4551.252, 7.320,5735
  581,4558.450, 7.198,5735
  582,4565.564, 7.114,5735
  583,4573.067, 7.503,5735
  584,4581.167, 8.100,5735
  585,4588.792, 7.625,5735
  586,4596.285, 7.493,5735
  587,4603.543, 7.258,5735
  588,4610.834, 7.291,5735
  589,4617.967, 7.133,5735
  590,4625.325, 7.358,5735
  591,4632.450, 7.125,5735
  592,4639.758, 7.308,5735
  593,4647.148, 7.390,5735
  594,4654.147, 6.999,5735
  595,4661.673, 7.526,5735
  596,4670.341, 8.668,5735
  597,4677.996, 7.655,5735
  598,4686.358, 8.362,5735
  599,4693.744, 7.386,5735
  600,4701.604, 7.860,5735
  601,4711.402, 9.798,5735
  602,4717.941, 6.539,5735
  603,4724.602, 6.661,5735
  604,4731.982, 7.380,5735
  605,4738.695, 6.713,5735
  606,4745.604, 6.909,5735
  607,4752.311, 6.707,5735
  608,4760.181, 7.870,5735
  609,4768.129, 7.948,5735
  610,4775.882, 7.753,5735
  611,4782.710, 6.828,5735
  612,4790.235, 7.525,5735
  613,4797.595, 7.360,5735
  614,4804.283, 6.688,5735
  615,4811.487, 7.204,5735
  616,4818.183, 6.696,5735
  617,4824.898, 6.715,5735
  618,4832.051, 7.153,5735
  619,4838.715, 6.664,5735
  620,4845.768, 7.053,5735
  621,4852.476, 6.708,5735
  622,4859.174, 6.698,5735
  623,4866.809, 7.635,5735
  624,4873.957, 7.148,5735
  625,4880.608, 6.651,5735
  626,4887.431, 6.823,5735
  627,4894.731, 7.300,5735
  628,4901.684, 6.953,5735
  629,4908.431, 6.747,5735
  630,4914.923, 6.492,5735
  631,4921.503, 6.580,5735
  632,4928.938, 7.435,5735
  633,4935.651, 6.713,5735
  634,4942.701, 7.050,5735
  635,4949.672, 6.971,5735
  636,4956.324, 6.652,5735
  637,4963.442, 7.118,5735
  638,4969.949, 6.507,5735
  639,4976.420, 6.471,5735
  640,4983.019, 6.599,5735
  641,4989.614, 6.595,5735
  642,4996.592, 6.978,5735
  643,5003.951, 7.359,5735
  644,5010.782, 6.831,5735
  645,5017.912, 7.130,5735
  646,5024.790, 6.878,5735
  647,5031.723, 6.933,5735
  648,5038.627, 6.904,5735
  649,5046.948, 8.321,5735
  650,5054.074, 7.126,5735
  651,5061.136, 7.062,5735
  652,5068.540, 7.404,5735
  653,5075.211, 6.671,5735
  654,5082.581, 7.370,5735
  655,5089.598, 7.017,5735
  656,5096.542, 6.944,5735
  657,5103.695, 7.153,5735
  658,5111.160, 7.465,5735
  659,5118.787, 7.627,5735
  660,5126.190, 7.403,5735
  661,5133.345, 7.155,5735
  662,5141.951, 8.606,5735
  663,5151.244, 9.293,5735
  664,5158.278, 7.034,5735
  665,5165.187, 6.909,5735
  666,5171.823, 6.636,5735
  667,5178.678, 6.855,5735
  668,5185.674, 6.996,5735
  669,5192.691, 7.017,5735
  670,5199.461, 6.770,5735
  671,5206.241, 6.780,5735
  672,5213.632, 7.391,5735
  673,5220.885, 7.253,5735
  674,5228.266, 7.381,5735
  675,5235.920, 7.654,5735
  676,5242.671, 6.751,5735
  677,5249.290, 6.619,5735
  678,5255.810, 6.520,5735
  679,5262.696, 6.886,5735
  680,5269.233, 6.537,5735
  681,5276.393, 7.160,5735
  682,5282.977, 6.584,5735
  683,5289.992, 7.015,5735
  684,5297.304, 7.312,5735
  685,5304.447, 7.143,5735
  686,5312.387, 7.940,5735
  687,5320.483, 8.096,5735
  688,5328.674, 8.191,5735
  689,5336.419, 7.745,5735
  690,5343.880, 7.461,5735
  691,5351.699, 7.819,5735
  692,5359.502, 7.803,5735
  693,5367.283, 7.781,5735
  694,5374.759, 7.476,5735
  695,5383.159, 8.400,5735
  696,5391.115, 7.956,5735
  697,5398.701, 7.586,5735
  698,5406.479, 7.778,5735
  699,5414.071, 7.592,5735
  700,5421.998, 7.927,5735
  701,5430.456, 8.458,5735
  702,5438.797, 8.341,5735
  703,5446.216, 7.419,5735
  704,5454.199, 7.983,5735
  705,5460.563, 6.364,5735
  706,5467.788, 7.225,5735
  707,5474.423, 6.635,5735
  708,5481.076, 6.653,5735
  709,5488.173, 7.097,5735
  710,5495.064, 6.891,5735
  711,5502.133, 7.069,5735
  712,5508.686, 6.553,5735
  713,5515.601, 6.915,5735
  714,5522.268, 6.667,5735
  715,5529.234, 6.966,5735
  716,5536.875, 7.641,5735
  717,5546.503, 9.628,5735
  718,5553.652, 7.149,5735
  719,5561.052, 7.400,5735
  720,5567.667, 6.614,5735
  721,5574.244, 6.578,5735
  722,5581.184, 6.940,5735
  723,5588.002, 6.818,5735
  724,5594.720, 6.718,5735
  725,5601.577, 6.857,5735
  726,5608.127, 6.550,5735
  727,5614.961, 6.834,5735
  728,5622.314, 7.353,5735
  729,5629.341, 7.027,5735
  730,5637.050, 7.709,5735
  731,5644.789, 7.739,5735
  732,5651.320, 6.531,5735
  733,5658.107, 6.787,5735
  734,5665.072, 6.965,5735
  735,5672.052, 6.980,5735
  736,5679.010, 6.958,5735
  737,5685.538, 6.528,5735
  738,5692.207, 6.669,5735
  739,5699.054, 6.847,5735
  740,5706.016, 6.962,5735
  741,5712.991, 6.975,5735
  742,5719.331, 6.340,5735
  743,5725.753, 6.422,5735
  744,5732.318, 6.565,5735
  745,5739.814, 7.496,5735
  746,5746.880, 7.066,5735
  747,5753.777, 6.897,5735
  748,5760.604, 6.827,5735
  749,5767.870, 7.266,5735
  750,5775.570, 7.700,5735
  751,5782.289, 6.719,5735
  752,5788.955, 6.666,5735
  753,5795.554, 6.599,5735
  754,5802.526, 6.972,5735
  755,5809.058, 6.532,5735
  756,5815.640, 6.582,5735
  757,5822.377, 6.737,5735
  758,5828.741, 6.364,5735
  759,5835.920, 7.179,5735
  760,5842.518, 6.598,5735
  761,5849.320, 6.802,5735
  762,5856.176, 6.856,5735
  763,5863.076, 6.900,5735
  764,5869.590, 6.514,5735
  765,5876.334, 6.744,5735
  766,5883.100, 6.766,5735
  767,5890.112, 7.012,5735
  768,5896.829, 6.717,5735
  769,5903.653, 6.824,5735
  770,5910.542, 6.888,5735
  771,5918.126, 7.585,5735
  772,5926.861, 8.735,5735
  773,5935.843, 8.982,5735
  774,5944.159, 8.316,5735
  775,5952.360, 8.201,5735
  776,5959.885, 7.525,5735
  777,5967.549, 7.664,5735
  778,5974.368, 6.819,5735
  779,5982.068, 7.700,5735
  780,5990.271, 8.203,5735
  781,5997.440, 7.169,5735
  782,6004.317, 6.877,5735
  783,6011.887, 7.570,5735
  784,6019.515, 7.628,5735
  785,6026.737, 7.222,5735
  786,6034.963, 8.226,5735
  787,6042.712, 7.749,5735
  788,6050.393, 7.681,5735
  789,6058.578, 8.185,5735
  790,6065.570, 6.992,5735
  791,6072.537, 6.967,5735
  792,6079.119, 6.582,5735
  793,6085.801, 6.682,5735
  794,6092.372, 6.571,5735
  795,6099.016, 6.644,5735
  796,6105.509, 6.493,5735
  797,6112.422, 6.913,5735
  798,6119.396, 6.974,5735
  799,6126.021, 6.625,5735
  800,6132.754, 6.733,5735
  801,6139.171, 6.417,5735
  802,6145.800, 6.629,5735
  803,6152.701, 6.901,5735
  804,6159.045, 6.344,5735
  805,6165.929, 6.884,5735
  806,6172.189, 6.260,5735
  807,6178.950, 6.761,5735
  808,6185.352, 6.402,5735
  809,6192.025, 6.673,5735
  810,6199.088, 7.063,5735
  811,6205.542, 6.453,5735
  812,6211.893, 6.352,5735
  813,6218.206, 6.313,5735
  814,6224.934, 6.728,5735
  815,6231.251, 6.317,5735
  816,6238.142, 6.891,5735
  817,6244.782, 6.640,5735
  818,6251.031, 6.249,5735
  819,6257.485, 6.454,5735
  820,6264.283, 6.798,5735
  821,6271.334, 7.051,5735
  822,6278.041, 6.706,5735
  823,6284.468, 6.428,5735
  824,6290.933, 6.465,5735
  825,6297.537, 6.604,5735
  826,6304.218, 6.681,5735
  827,6311.672, 7.454,5735
  828,6319.728, 8.055,5735
  829,6327.321, 7.594,5735
  830,6334.551, 7.230,5735
  831,6341.166, 6.614,5735
  832,6347.610, 6.445,5735
  833,6353.858, 6.248,5735
  834,6360.028, 6.170,5735
  835,6366.559, 6.531,5735
  836,6373.341, 6.782,5735
  837,6380.667, 7.326,5735
  838,6387.966, 7.299,5735
  839,6394.516, 6.550,5735
  840,6401.481, 6.965,5735
  841,6408.195, 6.714,5735
  842,6415.125, 6.929,5735
  843,6421.462, 6.338,5735
  844,6428.197, 6.735,5735
  845,6434.979, 6.782,5735
  846,6441.337, 6.358,5735
  847,6447.798, 6.461,5735
  848,6454.157, 6.359,5735
  849,6461.132, 6.975,5735
  850,6468.032, 6.900,5735
  851,6475.135, 7.103,5735
  852,6482.898, 7.763,5735
  853,6491.031, 8.133,5735
  854,6498.220, 7.189,5735
  855,6505.694, 7.474,5735
  856,6512.739, 7.045,5735
  857,6520.705, 7.966,5735
  858,6528.535, 7.830,5735
  859,6536.279, 7.744,5735
  860,6543.359, 7.080,5735
  861,6550.591, 7.232,5735
  862,6558.066, 7.475,5735
  863,6565.379, 7.313,5735
  864,6572.433, 7.054,5735
  865,6579.189, 6.756,5735
  866,6586.286, 7.097,5735
  867,6593.426, 7.140,5735
  868,6600.246, 6.820,5735
  869,6607.528, 7.282,5735
  870,6614.188, 6.659,5735
  871,6620.974, 6.787,5735
  872,6627.748, 6.773,5735
  873,6634.884, 7.137,5735
  874,6641.795, 6.911,5735
  875,6649.798, 8.003,5735
  876,6657.851, 8.053,5735
  877,6665.229, 7.377,5735
  878,6672.620, 7.392,5735
  879,6679.520, 6.899,5735
  880,6686.013, 6.494,5735
  881,6692.916, 6.902,5735
  882,6700.683, 7.768,5735
  883,6708.679, 7.996,5735
  884,6715.568, 6.889,5735
  885,6722.092, 6.524,5735
  886,6729.308, 7.216,5735
  887,6736.352, 7.043,5735
  888,6743.252, 6.901,5735
  889,6749.839, 6.587,5735
  890,6756.201, 6.362,5735
  891,6762.612, 6.411,5735
  892,6769.381, 6.769,5735
  893,6775.790, 6.408,5735
  894,6782.290, 6.500,5735
  895,6789.109, 6.820,5735
  896,6795.356, 6.247,5735
  897,6802.236, 6.880,5735
  898,6808.665, 6.428,5735
  899,6816.043, 7.379,5735
  900,6822.405, 6.362,5735
  901,6829.293, 6.888,5735
  902,6835.788, 6.495,5735
  903,6841.823, 6.035,5735
  904,6848.212, 6.389,5735
  905,6854.585, 6.373,5735
  906,6861.096, 6.511,5735
  907,6867.049, 5.953,5735
  908,6873.257, 6.208,5735
  909,6879.542, 6.285,5735
  910,6885.672, 6.130,5735
  911,6891.827, 6.155,5735
  912,6898.008, 6.181,5735
  913,6904.839, 6.831,5735
  914,6911.615, 6.776,5735
  915,6917.864, 6.249,5735
  916,6924.386, 6.522,5735
  917,6930.863, 6.477,5735
  918,6937.089, 6.226,5735
  919,6943.400, 6.311,5735
  920,6949.965, 6.565,5735
  921,6956.127, 6.162,5735
  922,6962.547, 6.420,5735
  923,6969.387, 6.840,5735
  924,6976.049, 6.662,5735
  925,6982.231, 6.182,5735
  926,6988.718, 6.487,5735
  927,6994.958, 6.239,5735
  928,7001.129, 6.172,5735
  929,7007.376, 6.247,5735
  930,7014.530, 7.154,5735
  931,7020.964, 6.434,5735
  932,7027.228, 6.263,5735
  933,7033.720, 6.493,5735
  934,7040.313, 6.593,5735
  935,7046.689, 6.376,5735
  936,7053.098, 6.409,5735
  937,7060.534, 7.436,5735
  938,7067.169, 6.635,5735
  939,7073.490, 6.321,5735
  940,7079.822, 6.332,5735
  941,7086.438, 6.616,5735
  942,7095.527, 9.089,5735
  943,7103.257, 7.730,5735
  944,7109.999, 6.741,5735
  945,7117.082, 7.083,5735
  946,7123.618, 6.537,5735
  947,7130.529, 6.911,5735
  948,7136.843, 6.314,5735
  949,7143.280, 6.437,5735
  950,7149.799, 6.519,5735
  951,7156.307, 6.508,5735
  952,7162.935, 6.627,5735
  953,7169.395, 6.460,5735
  954,7175.879, 6.485,5735
  955,7182.630, 6.751,5735
  956,7189.037, 6.407,5735
  957,7195.527, 6.490,5735
  958,7201.837, 6.310,5735
  959,7208.709, 6.872,5735
  960,7215.739, 7.030,5735
  961,7223.688, 7.948,5735
  962,7231.168, 7.481,5735
  963,7238.672, 7.504,5735
  964,7246.618, 7.946,5735
  965,7253.536, 6.918,5735
  966,7260.131, 6.595,5735
  967,7266.897, 6.766,5735
  968,7274.198, 7.301,5735
  969,7281.380, 7.182,5735
  970,7288.188, 6.807,5735
  971,7294.952, 6.765,5735
  972,7301.982, 7.030,5735
  973,7309.077, 7.095,5735
  974,7316.208, 7.130,5735
  975,7323.438, 7.231,5735
  976,7331.458, 8.019,5735
  977,7338.732, 7.275,5735
  978,7345.491, 6.759,5735
  979,7352.719, 7.228,5735
  980,7359.585, 6.866,5735
  981,7366.879, 7.294,5735
  982,7373.990, 7.111,5735
  983,7381.012, 7.022,5735
  984,7388.299, 7.287,5735
  985,7396.136, 7.837,5735
  986,7403.567, 7.431,5735
  987,7411.273, 7.706,5735
  988,7418.364, 7.091,5735
  989,7425.022, 6.658,5735
  990,7431.893, 6.870,5735
  991,7439.336, 7.444,5735
  992,7446.177, 6.841,5735
  993,7452.812, 6.634,5735
  994,7459.324, 6.513,5735
  995,7465.927, 6.603,5735
  996,7472.259, 6.332,5735
  997,7478.924, 6.665,5735
  998,7487.044, 8.120,5735
  999,7495.851, 8.806,5735
 1000,7503.900, 8.050,5735
 1001,7510.664, 6.763,5735
 1002,7517.216, 6.553,5735
 1003,7524.408, 7.192,5735
 1004,7530.869, 6.461,5735
 1005,7538.546, 7.677,5735
 1006,7546.133, 7.587,5735
 1007,7552.900, 6.767,5735
 1008,7559.494, 6.594,5735
 1009,7566.133, 6.639,5735
 1010,7572.760, 6.627,5735
 1011,7579.828, 7.068,5735
 1012,7587.619, 7.791,5735
 1013,7594.421, 6.802,5735
 1014,7601.507, 7.086,5735
 1015,7608.775, 7.268,5735
 1016,7615.860, 7.085,5735
 1017,7622.570, 6.710,5735
 1018,7629.523, 6.953,5735
 1019,7636.576, 7.053,5735
 1020,7643.942, 7.366,5735
 1021,7651.611, 7.669,5735
 1022,7658.847, 7.236,5735
 1023,7666.532, 7.685,5735
 1024,7673.826, 7.294,5735
 1025,7681.175, 7.349,5735
 1026,7688.042, 6.866,5735
 1027,7694.627, 6.586,5735
 1028,7701.881, 7.254,5735
 1029,7708.663, 6.781,5735
 1030,7715.195, 6.533,5735
 1031,7722.210, 7.015,5735
 1032,7728.939, 6.729,5735
 1033,7735.871, 6.931,5735
 1034,7742.472, 6.602,5735
 1035,7749.415, 6.942,5735
 1036,7756.314, 6.900,5735
 1037,7762.922, 6.608,5735
 1038,7769.751, 6.829,5735
 1039,7776.551, 6.800,5735
 1040,7783.802, 7.251,5735
 1041,7791.710, 7.908,5735
 1042,7798.595, 6.885,5735
 1043,7805.005, 6.410,5735
 1044,7811.440, 6.435,5735
 1045,7819.264, 7.824,5735
 1046,7826.217, 6.953,5735
 1047,7833.464, 7.247,5735
 1048,7840.357, 6.893,5735
 1049,7847.463, 7.106,5735
 1050,7854.311, 6.847,5735
 1051,7861.361, 7.051,5735
 1052,7869.407, 8.046,5735
 1053,7877.982, 8.575,5735
 1054,7885.889, 7.907,5735
 1055,7893.896, 8.006,5735
 1056,7901.172, 7.277,5735
 1057,7908.395, 7.222,5735
 1058,7915.219, 6.825,5735
 1059,7922.587, 7.368,5735
 1060,7929.772, 7.185,5735
 1061,7936.993, 7.221,5735
 1062,7944.306, 7.313,5735
 1063,7951.709, 7.403,5735
 1064,7959.083, 7.374,5735
 1065,7966.830, 7.746,5735
 1066,7974.008, 7.179,5735
 1067,7981.872, 7.863,5735
 1068,7989.196, 7.325,5735
 1069,7996.510, 7.314,5735
 1070,8003.631, 7.121,5735
 1071,8010.478, 6.846,5735
 1072,8017.104, 6.627,5735
 1073,8023.606, 6.502,5735
 1074,8030.408, 6.802,5735
 1075,8037.141, 6.732,5735
 1076,8044.372, 7.231,5735
 1077,8051.264, 6.893,5735
 1078,8057.922, 6.658,5735
 1079,8065.212, 7.290,5735
 1080,8072.431, 7.219,5735
 1081,8079.001, 6.570,5735
 1082,8085.631, 6.630,5735
 1083,8092.150, 6.519,5735
 1084,8099.118, 6.968,5735
 1085,8105.719, 6.601,5735
 1086,8112.360, 6.641,5735
 1087,8119.208, 6.847,5735
 1088,8125.727, 6.519,5735
 1089,8132.403, 6.677,5735
 1090,8138.969, 6.566,5735
 1091,8146.087, 7.118,5735
 1092,8153.562, 7.474,5735
 1093,8160.697, 7.136,5735
 1094,8167.618, 6.921,5735
 1095,8174.647, 7.029,5735
 1096,8181.551, 6.904,5735
 1097,8188.491, 6.940,5735
 1098,8195.823, 7.332,5735
 1099,8203.300, 7.476,5735
 1100,8210.132, 6.832,5735
 1101,8217.090, 6.958,5735
 1102,8223.619, 6.530,5735
 1103,8230.056, 6.436,5735
 1104,8236.790, 6.735,5735
 1105,8243.897, 7.107,5735
 1106,8251.391, 7.493,5735
 1107,8258.396, 7.005,5735
 1108,8266.008, 7.612,5735
 1109,8274.170, 8.163,5735
 1110,8281.915, 7.745,5735
 1111,8288.936, 7.020,5735
 1112,8295.828, 6.893,5735
 1113,8302.935, 7.106,5735
 1114,8309.844, 6.909,5735
 1115,8316.741, 6.898,5735
 1116,8323.656, 6.915,5735
 1117,8330.697, 7.041,5735
 1118,8337.679, 6.981,5735
 1119,8344.470, 6.791,5735
 1120,8351.121, 6.652,5735
 1121,8358.714, 7.592,5735
 1122,8365.541, 6.828,5735
 1123,8372.662, 7.121,5735
 1124,8379.446, 6.784,5735
 1125,8386.846, 7.399,5735
 1126,8395.853, 9.007,5735
 1127,8404.091, 8.238,5735
 1128,8411.000, 6.910,5735
 1129,8418.986, 7.986,5735
 1130,8426.449, 7.463,5735
 1131,8433.940, 7.491,5735
 1132,8441.436, 7.495,5735
 1133,8448.639, 7.203,5735
 1134,8456.361, 7.723,5735
 1135,8463.402, 7.041,5735
 1136,8470.747, 7.345,5735
 1137,8478.795, 8.048,5735
 1138,8486.407, 7.612,5735
 1139,8494.108, 7.701,5735
 1140,8502.953, 8.845,5735
 1141,8510.600, 7.646,5735
 1142,8518.172, 7.572,5735
 1143,8525.987, 7.816,5735
 1144,8533.093, 7.105,5735
 1145,8541.228, 8.135,5735
 1146,8548.776, 7.549,5735
 1147,8556.291, 7.515,5735
 1148,8563.313, 7.022,5735
 1149,8570.683, 7.369,5735
 1150,8577.853, 7.170,5735
 1151,8584.887, 7.034,5735
 1152,8592.192, 7.306,5735
 1153,8599.935, 7.742,5735
 1154,8609.094, 9.159,5735
 1155,8618.478, 9.384,5735
 1156,8627.536, 9.059,5735
 1157,8635.154, 7.618,5735
 1158,8643.017, 7.862,5735
 1159,8651.236, 8.220,5735
 1160,8659.338, 8.101,5735
 1161,8669.017, 9.679,5735
 1162,8677.376, 8.360,5735
 1163,8684.150, 6.774,5735
 1164,8691.448, 7.298,5735
 1165,8698.966, 7.517,5735
 1166,8706.262, 7.296,5735
 1167,8714.704, 8.443,5735
 1168,8722.517, 7.812,5735
 1169,8730.252, 7.736,5735
 1170,8738.586, 8.334,5735
 1171,8746.810, 8.223,5735
 1172,8754.952, 8.143,5735
 1173,8763.104, 8.152,5735
 1174,8771.269, 8.164,5735
 1175,8778.722, 7.453,5735
 1176,8785.977, 7.255,5735
 1177,8793.413, 7.437,5735
 1178,8800.879, 7.465,5735
 1179,8808.906, 8.028,5735
 1180,8817.204, 8.298,5735
 1181,8824.934, 7.729,5735
 1182,8832.421, 7.487,5735
 1183,8840.282, 7.862,5735
 1184,8847.236, 6.954,5735
 1185,8854.489, 7.253,5735
 1186,8861.755, 7.265,5735
 1187,8868.751, 6.997,5735
 1188,8875.590, 6.838,5735
 1189,8882.898, 7.309,5735
 1190,8889.877, 6.979,5735
 1191,8896.707, 6.830,5735
 1192,8904.026, 7.319,5735
 1193,8911.078, 7.052,5735
 1194,8919.133, 8.054,5735
 1195,8927.351, 8.218,5735
 1196,8934.883, 7.532,5735
 1197,8941.924, 7.041,5735
 1198,8949.590, 7.666,5735
 1199,8956.550, 6.960,5735
 1200,8964.514, 7.964,5735
 1201,8971.196, 6.683,5735
 1202,8978.900, 7.704,5735
 1203,8985.994, 7.094,5735
 1204,8993.257, 7.262,5735
 1205,9000.610, 7.354,5735
 1206,9008.391, 7.780,5735
 1207,9015.877, 7.487,5735
 1208,9022.984, 7.107,5735
 1209,9030.695, 7.711,5735
 1210,9038.266, 7.570,5735
 1211,9046.310, 8.044,5735
 1212,9055.418, 9.109,5735
 1213,9063.337, 7.918,5735
 1214,9070.751, 7.415,5735
 1215,9077.895, 7.143,5735
 1216,9084.897, 7.003,5735
 1217,9092.113, 7.216,5735
 1218,9099.413, 7.300,5735
 1219,9107.064, 7.651,5735
 1220,9114.075, 7.011,5735
 1221,9121.434, 7.358,5735
 1222,9128.540, 7.107,5735
 1223,9136.098, 7.557,5735
 1224,9143.679, 7.581,5735
 1225,9151.723, 8.044,5735
 1226,9159.068, 7.346,5735
 1227,9166.587, 7.518,5735
 1228,9174.168, 7.582,5735
 1229,9181.199, 7.031,5735
 1230,9188.291, 7.092,5735
 1231,9195.594, 7.302,5735
 1232,9202.819, 7.226,5735
 1233,9210.131, 7.311,5735
 1234,9217.539, 7.409,5735
 1235,9224.956, 7.417,5735
 1236,9232.303, 7.346,5735
 1237,9240.497, 8.195,5735
 1238,9248.724, 8.226,5735
 1239,9256.573, 7.850,5735
 1240,9264.997, 8.424,5735
 1241,9273.012, 8.014,5735
 1242,9280.808, 7.796,5735
 1243,9288.680, 7.872,5735
 1244,9296.772, 8.093,5735
 1245,9304.301, 7.528,5735
 1246,9312.038, 7.738,5735
 1247,9320.278, 8.240,5735
 1248,9327.821, 7.543,5735
 1249,9335.973, 8.151,5735
 1250,9343.360, 7.388,5735
 1251,9352.880, 9.519,5735
 1252,9361.230, 8.351,5735
 1253,9369.677, 8.446,5735
 1254,9376.905, 7.229,5735
 1255,9384.317, 7.412,5735
 1256,9391.305, 6.987,5735
 1257,9398.674, 7.369,5735
 1258,9405.973, 7.299,5735
 1259,9413.030, 7.058,5735
 1260,9420.940, 7.910,5735
 1261,9428.458, 7.518,5735
 1262,9436.116, 7.658,5735
 1263,9443.681, 7.564,5735
 1264,9452.104, 8.424,5735
 1265,9461.399, 9.295,5735
 1266,9469.194, 7.795,5735
 1267,9476.494, 7.300,5735
 1268,9483.507, 7.012,5735
 1269,9490.886, 7.379,5735
 1270,9498.167, 7.282,5735
 1271,9506.728, 8.560,5735
 1272,9514.186, 7.458,5735
 1273,9522.313, 8.127,5735
 1274,9530.486, 8.174,5735
 1275,9538.224, 7.737,5735
 1276,9545.406, 7.183,5735
 1277,9553.400, 7.994,5735
 1278,9561.688, 8.288,5735
 1279,9569.414, 7.726,5735
 1280,9576.831, 7.417,5735
 1281,9584.953, 8.122,5735
 1282,9592.413, 7.460,5735
 1283,9599.573, 7.160,5735
 1284,9606.662, 7.089,5735
 1285,9614.172, 7.509,5735
 1286,9621.473, 7.301,5735
 1287,9628.638, 7.165,5735
 1288,9636.188, 7.551,5735
 1289,9644.298, 8.109,5735
 1290,9652.205, 7.908,5735
 1291,9659.770, 7.564,5735
 1292,9667.506, 7.736,5735
 1293,9674.992, 7.487,5735
 1294,9682.253, 7.260,5735
 1295,9689.723, 7.470,5735
 1296,9697.463, 7.740,5735
 1297,9705.066, 7.604,5735
 1298,9712.503, 7.436,5735
 1299,9721.372, 8.870,5735
 1300,9728.842, 7.469,5735
 1301,9736.461, 7.619,5735
 1302,9744.146, 7.685,5735
 1303,9751.941, 7.796,5735
 1304,9759.905, 7.964,5735
 1305,9767.437, 7.531,5735
 1306,9775.886, 8.449,5735
 1307,9784.339, 8.453,5735
 1308,9792.443, 8.105,5735
 1309,9801.485, 9.042,5735
 1310,9811.104, 9.619,5735
 1311,9819.420, 8.315,5735
 1312,9827.353, 7.933,5735
 1313,9835.907, 8.555,5735
 1314,9846.592,10.684,5735
 1315,9856.778,10.187,5735
 1316,9866.028, 9.250,5735
 1317,9875.084, 9.056,5735
 1318,9884.271, 9.186,5735
 1319,9892.941, 8.671,5735
 1320,9901.912, 8.971,5735
 1321,9911.274, 9.362,5735
 1322,9920.202, 8.928,5735
 1323,9928.922, 8.719,5735
 1324,9938.932,10.010,5735
 1325,9949.042,10.111,5735
 1326,9959.172,10.129,5735
 1327,9969.024, 9.853,5735
 1328,9978.744, 9.720,5735
 1329,9988.133, 9.388,5735
 1330,9995.707, 7.575,5735
 1331,10004.359, 8.652,5735
 1332,10012.266, 7.906,5735
 1333,10020.373, 8.108,5735
 1334,10028.033, 7.660,5735
 1335,10036.204, 8.171,5735
 1336,10044.065, 7.861,5735
 1337,10051.889, 7.823,5735
 1338,10060.132, 8.243,5735
 1339,10068.422, 8.290,5735
 1340,10076.728, 8.306,5735
 1341,10085.130, 8.402,5735
 1342,10094.106, 8.977,5735
 1343,10103.017, 8.910,5735
 1344,10111.620, 8.604,5735
 1345,10120.163, 8.543,5735
 1346,10128.041, 7.878,5735
 1347,10136.134, 8.092,5735
 1348,10143.980, 7.847,5735
 1349,10152.000, 8.020,5735
 1350,10159.841, 7.840,5735
 1351,10168.298, 8.457,5735
 1352,10176.676, 8.378,5735
 1353,10184.688, 8.013,5735
 1354,10193.003, 8.314,5735
 1355,10201.436, 8.433,5735
 1356,10209.398, 7.963,5735
 1357,10217.872, 8.474,5735
 1358,10225.933, 8.060,5735
 1359,10235.162, 9.230,5735
 1360,10244.269, 9.106,5735
 1361,10253.838, 9.569,5735
 1362,10262.202, 8.365,5735
 1363,10270.438, 8.235,5735
 1364,10278.393, 7.955,5735
 1365,10286.412, 8.020,5735
 1366,10294.692, 8.280,5735
 1367,10303.397, 8.705,5735
 1368,10312.081, 8.684,5735
 1369,10320.220, 8.138,5735
 1370,10328.204, 7.985,5735
 1371,10336.644, 8.439,5735
 1372,10345.086, 8.442,5735
 1373,10353.967, 8.881,5735
 1374,10362.473, 8.506,5735
 1375,10370.640, 8.167,5735
 1376,10378.643, 8.003,5735
 1377,10386.863, 8.221,5735
 1378,10395.260, 8.396,5735
 1379,10404.299, 9.039,5735
 1380,10413.684, 9.385,5735
 1381,10423.083, 9.400,5735
 1382,10432.180, 9.096,5735
 1383,10440.560, 8.380,5735
 1384,10449.063, 8.503,5735
 1385,10458.091, 9.028,5735
 1386,10467.490, 9.400,5735
 1387,10476.224, 8.733,5735
 1388,10484.953, 8.730,5735
 1389,10494.008, 9.054,5735
 1390,10503.337, 9.329,5735
 1391,10512.403, 9.067,5735
 1392,10522.286, 9.883,5735
 1393,10531.397, 9.111,5735
 1394,10539.899, 8.502,5735
 1395,10548.713, 8.813,5735
 1396,10557.548, 8.835,5735
 1397,10566.765, 9.217,5735
 1398,10575.576, 8.812,5735
 1399,10584.706, 9.130,5735
 1400,10593.124, 8.418,5735
 1401,10601.222, 8.097,5735
 1402,10609.002, 7.780,5735
 1403,10617.271, 8.270,5735
 1404,10626.850, 9.578,5735
 1405,10636.294, 9.444,5735
 1406,10645.743, 9.450,5735
 1407,10654.768, 9.024,5735
 1408,10663.429, 8.661,5735
 1409,10672.536, 9.108,5735
 1410,10681.078, 8.542,5735
 1411,10689.329, 8.251,5735
 1412,10697.646, 8.316,5735
 1413,10705.815, 8.170,5735
 1414,10713.846, 8.030,5735
 1415,10722.348, 8.502,5735
 1416,10731.731, 9.384,5735
 1417,10740.378, 8.646,5735
 1418,10748.690, 8.313,5735
 1419,10757.663, 8.973,5735
 1420,10766.181, 8.517,5735
 1421,10774.945, 8.765,5735
 1422,10783.011, 8.065,5735
 1423,10791.001, 7.990,5735
 1424,10798.836, 7.835,5735
 1425,10807.957, 9.122,5735
 1426,10816.070, 8.113,5735
 1427,10824.320, 8.250,5735
 1428,10832.765, 8.444,5735
 1429,10842.040, 9.276,5735
 1430,10850.474, 8.433,5735
 1431,10858.924, 8.450,5735
 1432,10867.304, 8.380,5735
 1433,10875.987, 8.684,5735
 1434,10884.243, 8.256,5735
 1435,10892.339, 8.095,5735
 1436,10900.610, 8.272,5735
 1437,10909.212, 8.601,5735
 1438,10917.618, 8.407,5735
 1439,10925.609, 7.991,5735
 1440,10933.305, 7.695,5735
 1441,10941.604, 8.300,5735
 1442,10950.627, 9.022,5735
 1443,10959.306, 8.679,5735
 1444,10967.614, 8.309,5735
 1445,10975.863, 8.249,5735
 1446,10984.103, 8.239,5735
 1447,10992.401, 8.299,5735
 1448,11001.502, 9.100,5735
 1449,11010.789, 9.288,5735
 1450,11020.042, 9.252,5735
 1451,11031.506,11.464,5735
 1452,11042.112,10.607,5735
 1453,11051.807, 9.694,5735
 1454,11060.538, 8.732,5735
 1455,11069.354, 8.815,5735
 1456,11078.899, 9.546,5735
 1457,11088.177, 9.277,5735
 1458,11096.493, 8.317,5735
 1459,11105.107, 8.614,5735
 1460,11114.402, 9.295,5735
 1461,11123.906, 9.504,5735
 1462,11132.789, 8.883,5735
 1463,11141.193, 8.404,5735
 1464,11149.920, 8.726,5735
 1465,11158.678, 8.758,5735
 1466,11167.395, 8.717,5735
 1467,11176.243, 8.849,5735
 1468,11185.051, 8.807,5735
 1469,11193.775, 8.725,5735
 1470,11202.326, 8.551,5735
 1471,11211.487, 9.161,5735
 1472,11219.962, 8.474,5735
 1473,11229.310, 9.348,5735
 1474,11238.712, 9.402,5735
 1475,11247.762, 9.050,5735
 1476,11257.043, 9.281,5735
 1477,11267.147,10.105,5735
 1478,11275.821, 8.674,5735
 1479,11284.589, 8.767,5735
 1480,11293.279, 8.691,5735
 1481,11302.225, 8.945,5735
 1482,11311.590, 9.365,5735
 1483,11321.187, 9.597,5735
 1484,11330.806, 9.619,5735
 1485,11339.519, 8.713,5735
 1486,11348.847, 9.328,5735
 1487,11358.307, 9.460,5735
 1488,11367.333, 9.026,5735
 1489,11376.583, 9.250,5735
 1490,11385.005, 8.422,5735
 1491,11393.716, 8.711,5735
 1492,11402.340, 8.624,5735
 1493,11410.562, 8.222,5735
 1494,11419.499, 8.937,5735
 1495,11428.458, 8.959,5735
 1496,11438.739,10.282,5735
 1497,11447.964, 9.224,5735
 1498,11456.997, 9.034,5735
 1499,11465.686, 8.688,5735
 1500,11474.452, 8.767,5735
 1501,11483.675, 9.222,5735
 1502,11492.731, 9.057,5735
 1503,11501.856, 9.125,5735
 1504,11510.625, 8.768,5735
 1505,11518.656, 8.032,5735
 1506,11527.366, 8.710,5735
 1507,11535.925, 8.558,5735
 1508,11545.068, 9.144,5735
 1509,11553.902, 8.834,5735
 1510,11562.187, 8.284,5735
 1511,11570.913, 8.727,5735
 1512,11579.578, 8.665,5735
 1513,11588.642, 9.063,5735
 1514,11596.999, 8.357,5735
 1515,11605.513, 8.514,5735
 1516,11614.168, 8.655,5735
 1517,11622.729, 8.561,5735
 1518,11631.412, 8.684,5735
 1519,11640.155, 8.743,5735
 1520,11648.619, 8.464,5735
 1521,11657.359, 8.740,5735
 1522,11665.665, 8.305,5735
 1523,11673.981, 8.317,5735
 1524,11682.502, 8.520,5735
 1525,11691.429, 8.927,5735
 1526,11700.026, 8.598,5735
 1527,11708.798, 8.771,5735
 1528,11717.028, 8.231,5735
 1529,11725.210, 8.181,5735
 1530,11733.806, 8.596,5735
 1531,11743.284, 9.479,5735
 1532,11752.495, 9.211,5735
 1533,11761.729, 9.234,5735
 1534,11770.765, 9.035,5735
 1535,11780.104, 9.339,5735
 1536,11788.903, 8.800,5735
 1537,11799.031,10.128,5735
 1538,11808.415, 9.383,5735
 1539,11818.451,10.037,5735
 1540,11830.578,12.127,5735
 1541,11842.790,12.211,5735
 1542,11852.626, 9.836,5735
 1543,11862.603, 9.977,5735
 1544,11873.234,10.632,5735
 1545,11883.135, 9.900,5735
 1546,11892.854, 9.720,5735
 1547,11902.855,10.001,5735
 1548,11912.201, 9.346,5735
 1549,11922.362,10.161,5735
 1550,11931.683, 9.320,5735
 1551,11941.725,10.042,5735
 1552,11950.745, 9.021,5735
 1553,11960.003, 9.257,5735
 1554,11969.166, 9.163,5735
 1555,11978.007, 8.841,5735
 1556,11987.105, 9.099,5735
 1557,11995.864, 8.759,5735
 1558,12005.301, 9.436,5735
 1559,12014.653, 9.353,5735
 1560,12023.519, 8.865,5735
 1561,12032.738, 9.220,5735
 1562,12041.607, 8.869,5735
 1563,12050.613, 9.006,5735
 1564,12060.156, 9.543,5735
 1565,12069.571, 9.415,5735
 1566,12079.379, 9.807,5735
 1567,12088.613, 9.235,5735
 1568,12097.565, 8.952,5735
 1569,12106.456, 8.890,5735
 1570,12116.237, 9.782,5735
 1571,12125.707, 9.469,5735
 1572,12135.174, 9.467,5735
 1573,12144.421, 9.247,5735
 1574,12153.818, 9.398,5735
 1575,12163.659, 9.841,5735
 1576,12173.289, 9.629,5735
 1577,12183.292,10.003,5735
 1578,12192.562, 9.270,5735
 1579,12201.731, 9.170,5735
 1580,12211.212, 9.480,5735
 1581,12222.678,11.466,5735
 1582,12234.141,11.463,5735
 1583,12243.979, 9.838,5735
 1584,12253.898, 9.920,5735
 1585,12263.300, 9.401,5735
 1586,12272.221, 8.921,5735
 1587,12281.608, 9.388,5735
 1588,12290.494, 8.886,5735
 1589,12299.901, 9.407,5735
 1590,12308.919, 9.017,5735
 1591,12317.927, 9.008,5735
 1592,12327.279, 9.353,5735
 1593,12336.562, 9.282,5735
 1594,12345.953, 9.392,5735
 1595,12355.063, 9.109,5735
 1596,12365.664,10.601,5735
 1597,12376.838,11.174,5735
 1598,12386.158, 9.321,5735
 1599,12395.866, 9.708,5735
 1600,12406.492,10.626,5735
 1601,12415.825, 9.333,5735
 1602,12426.056,10.230,5735
 1603,12436.691,10.636,5735
 1604,12446.843,10.151,5735
 1605,12457.231,10.389,5735
 1606,12466.804, 9.572,5735
 1607,12476.524, 9.721,5735
 1608,12486.863,10.339,5735
 1609,12496.897,10.034,5735
 1610,12506.931,10.033,5735
 1611,12516.655, 9.725,5735
 1612,12526.396, 9.741,5735
 1613,12537.401,11.005,5735
 1614,12547.662,10.261,5735
 1615,12558.405,10.743,5735
 1616,12568.463,10.057,5735
 1617,12577.781, 9.319,5735
 1618,12587.048, 9.266,5735
 1619,12596.884, 9.836,5735
 1620,12606.566, 9.683,5735
 1621,12618.463,11.896,5735
 1622,12628.614,10.152,5735
 1623,12638.539, 9.924,5735
 1624,12648.648,10.110,5735
 1625,12658.274, 9.626,5735
 1626,12667.529, 9.255,5735
 1627,12676.822, 9.293,5735
 1628,12686.847,10.024,5735
 1629,12696.438, 9.591,5735
 1630,12706.319, 9.882,5735
 1631,12716.012, 9.692,5735
 1632,12725.417, 9.405,5735
 1633,12735.031, 9.615,5735
 1634,12744.298, 9.266,5735
 1635,12754.614,10.317,5735
 1636,12764.525, 9.911,5735
 1637,12774.242, 9.717,5735
 1638,12783.729, 9.487,5735
 1639,12793.387, 9.657,5735
 1640,12803.515,10.128,5735
 1641,12813.036, 9.522,5735
 1642,12822.867, 9.831,5735
 1643,12832.263, 9.395,5735
 1644,12841.475, 9.212,5735
 1645,12851.171, 9.696,5735
 1646,12860.889, 9.718,5735
 1647,12870.384, 9.495,5735
 1648,12879.976, 9.592,5735
 1649,12889.938, 9.962,5735
 1650,12899.465, 9.527,5735
 1651,12909.146, 9.681,5735
 1652,12918.903, 9.758,5735
 1653,12928.430, 9.526,5735
 1654,12938.326, 9.897,5735
 1655,12948.032, 9.706,5735
 1656,12958.092,10.059,5735
 1657,12968.108,10.017,5735
 1658,12978.405,10.297,5735
 1659,12988.724,10.318,5735
 1660,12999.102,10.378,5735
 1661,13011.435,12.333,5735
 1662,13022.509,11.074,5735
 1663,13032.396, 9.887,5735
 1664,13042.432,10.036,5735
 1665,13052.223, 9.791,5735
 1666,13062.049, 9.826,5735
 1667,13072.444,10.396,5735
 1668,13082.551,10.106,5735
 1669,13092.310, 9.759,5735
 1670,13102.654,10.345,5735
 1671,13113.167,10.512,5735
 1672,13122.944, 9.778,5735
 1673,13133.563,10.619,5735
 1674,13143.785,10.222,5735
 1675,13154.762,10.976,5735
 1676,13166.362,11.601,5735
 1677,13177.390,11.027,5735
 1678,13187.771,10.382,5735
 1679,13199.019,11.247,5735
 1680,13209.159,10.141,5735
 1681,13220.397,11.238,5735
 1682,13230.906,10.509,5735
 1683,13241.108,10.202,5735
 1684,13254.855,13.747,5735
 1685,13265.969,11.113,5735
 1686,13277.626,11.657,5735
 1687,13290.752,13.126,5735
 1688,13303.979,13.228,5735
 1689,13314.946,10.967,5735
 1690,13326.364,11.418,5735
 1691,13336.645,10.280,5735
 1692,13347.182,10.537,5735
 1693,13357.725,10.543,5735
 1694,13368.855,11.131,5735
 1695,13380.133,11.277,5735
 1696,13391.535,11.403,5735
 1697,13403.057,11.521,5735
 1698,13415.590,12.533,5735
 1699,13425.629,10.039,5735
 1700,13436.059,10.430,5735
 1701,13447.428,11.369,5735
 1702,13458.298,10.870,5735
 1703,13470.175,11.877,5735
 1704,13481.912,11.737,5735
 1705,13493.156,11.245,5735
 1706,13503.546,10.389,5735
 1707,13514.405,10.860,5735
 1708,13524.694,10.289,5735
 1709,13534.720,10.025,5735
 1710,13544.937,10.217,5735
 1711,13555.192,10.256,5735
 1712,13566.372,11.179,5735
 1713,13576.710,10.338,5735
 1714,13586.860,10.151,5735
 1715,13597.481,10.621,5735
 1716,13607.980,10.499,5735
 1717,13619.724,11.743,5735
 1718,13631.068,11.345,5735
 1719,13642.289,11.220,5735
 1720,13653.379,11.090,5735
 1721,13666.308,12.929,5735
 1722,13677.321,11.014,5735
 1723,13687.617,10.296,5735
 1724,13697.889,10.271,5735
 1725,13709.088,11.199,5735
 1726,13720.020,10.932,5735
 1727,13730.962,10.942,5735
 1728,13741.486,10.525,5735
 1729,13752.298,10.811,5735
 1730,13763.877,11.579,5735
 1731,13774.835,10.958,5735
 1732,13786.096,11.261,5735
 1733,13800.159,14.064,5735
 1734,13812.787,12.627,5735
 1735,13824.362,11.576,5735
 1736,13836.053,11.690,5735
 1737,13848.379,12.326,5735
 1738,13861.728,13.349,5735
 1739,13873.652,11.925,5735
 1740,13885.195,11.543,5735
 1741,13897.266,12.070,5735
 1742,13908.602,11.336,5735
 1743,13920.718,12.116,5735
 1744,13931.586,10.868,5735
 1745,13942.036,10.450,5735
 1746,13952.322,10.287,5735
 1747,13962.871,10.548,5735
 1748,13973.329,10.458,5735
 1749,13983.732,10.404,5735
 1750,13994.436,10.703,5735
 1751,14004.957,10.521,5735
 1752,14015.629,10.672,5735
 1753,14026.979,11.350,5735
 1754,14037.315,10.337,5735
 1755,14047.804,10.488,5735
 1756,14058.145,10.341,5735
 1757,14068.861,10.717,5735
 1758,14079.867,11.006,5735
 1759,14090.165,10.297,5735
 1760,14100.479,10.315,5735
 1761,14111.478,10.998,5735
 1762,14122.995,11.517,5735
 1763,14134.371,11.376,5735
 1764,14144.566,10.196,5735
 1765,14155.556,10.989,5735
 1766,14165.839,10.283,5735
 1767,14176.111,10.273,5735
 1768,14187.028,10.917,5735
 1769,14199.096,12.067,5735
 1770,14209.886,10.790,5735
 1771,14220.321,10.436,5735
 1772,14232.620,12.298,5735
 1773,14243.438,10.818,5735
 1774,14255.023,11.586,5735
 1775,14266.346,11.322,5735
 1776,14277.118,10.772,5735
 1777,14288.187,11.069,5735
 1778,14298.963,10.776,5735
 1779,14309.438,10.476,5735
 1780,14320.124,10.685,5735
 1781,14330.929,10.805,5735
 1782,14343.271,12.343,5735
 1783,14354.112,10.841,5735
 1784,14365.035,10.922,5735
 1785,14375.938,10.903,5735
 1786,14387.335,11.397,5735
 1787,14400.397,13.063,5735
 1788,14412.208,11.810,5735
 1789,14425.128,12.920,5735
 1790,14437.536,12.408,5735
 1791,14449.957,12.421,5735
 1792,14463.071,13.115,5735
 1793,14474.952,11.880,5735
 1794,14487.509,12.557,5735
 1795,14499.777,12.269,5735
 1796,14512.444,12.667,5735
 1797,14525.143,12.698,5735
 1798,14536.320,11.178,5735
 1799,14546.813,10.493,5735
 1800,14558.388,11.574,5735
 1801,14568.942,10.555,5735
 1802,14580.446,11.504,5735
 1803,14592.553,12.106,5735
 1804,14604.210,11.657,5735
 1805,14615.326,11.116,5735
 1806,14626.484,11.159,5735
 1807,14637.258,10.773,5735
 1808,14648.079,10.821,5735
 1809,14659.918,11.839,5735
 1810,14671.109,11.192,5735
 1811,14682.249,11.139,5735
 1812,14693.047,10.798,5735
 1813,14704.919,11.872,5735
 1814,14715.579,10.660,5735
 1815,14726.221,10.642,5735
 1816,14737.647,11.427,5735
 1817,14748.717,11.069,5735
 1818,14759.697,10.981,5735
 1819,14777.220,17.522,5735
 1820,14791.720,14.500,5735
 1821,14805.048,13.328,5735
 1822,14816.566,11.519,5735
 1823,14827.442,10.876,5735
 1824,14838.316,10.874,5735
 1825,14848.671,10.354,5735
 1826,14858.974,10.303,5735
 1827,14870.133,11.159,5735
 1828,14881.058,10.925,5735
 1829,14891.749,10.691,5735
 1830,14901.924,10.175,5735
 1831,14912.518,10.594,5735
 1832,14922.947,10.430,5735
 1833,14933.599,10.651,5735
 1834,14945.063,11.464,5735
 1835,14956.539,11.476,5735
 1836,14968.426,11.887,5735
 1837,14981.593,13.167,5735
 1838,14993.083,11.490,5735
 1839,15004.164,11.081,5735
 1840,15015.179,11.015,5735
 1841,15026.228,11.049,5735
 1842,15037.900,11.673,5735
 1843,15049.412,11.511,5735
 1844,15060.126,10.714,5735
 1845,15071.131,11.005,5735
 1846,15081.854,10.724,5735
 1847,15094.010,12.155,5735
 1848,15105.034,11.024,5735
 1849,15117.070,12.037,5735
 1850,15129.443,12.373,5735
 1851,15142.227,12.783,5735
 1852,15154.376,12.149,5735
 1853,15168.057,13.681,5735
 1854,15180.586,12.529,5735
 1855,15192.331,11.745,5735
 1856,15204.076,11.745,5735
 1857,15215.133,11.057,5735
 1858,15226.498,11.365,5735
 1859,15237.769,11.271,5735
 1860,15248.968,11.199,5735
 1861,15260.621,11.653,5735
 1862,15272.655,12.035,5735
 1863,15283.755,11.099,5735
 1864,15294.842,11.087,5735
 1865,15305.598,10.756,5735
 1866,15316.265,10.667,5735
 1867,15326.853,10.588,5735
 1868,15337.452,10.599,5735
 1869,15347.853,10.401,5735
 1870,15359.277,11.425,5735
 1871,15370.291,11.013,5735
 1872,15382.319,12.029,5735
 1873,15393.636,11.316,5735
 1874,15404.824,11.188,5735
 1875,15416.008,11.184,5735
 1876,15426.939,10.932,5735
 1877,15437.968,11.028,5735
 1878,15448.336,10.368,5735
 1879,15458.715,10.379,5735
 1880,15469.267,10.552,5735
 1881,15479.746,10.479,5735
 1882,15490.980,11.235,5735
 1883,15502.068,11.088,5735
 1884,15512.958,10.889,5735
 1885,15524.141,11.183,5735
 1886,15534.658,10.517,5735
 1887,15545.945,11.288,5735
 1888,15556.911,10.965,5735
 1889,15567.336,10.425,5735
 1890,15578.962,11.626,5735
 1891,15590.201,11.239,5735
 1892,15601.455,11.254,5735
 1893,15612.774,11.320,5735
 1894,15624.771,11.996,5735
 1895,15635.749,10.978,5735
 1896,15646.557,10.808,5735
 1897,15658.039,11.482,5735
 1898,15668.755,10.716,5735
 1899,15679.288,10.533,5735
 1900,15690.271,10.983,5735
 1901,15701.395,11.124,5735
 1902,15712.645,11.250,5735
 1903,15724.630,11.985,5735
 1904,15735.817,11.188,5735
 1905,15746.964,11.146,5735
 1906,15758.087,11.123,5735
 1907,15772.049,13.962,5735
 1908,15784.881,12.832,5735
 1909,15796.297,11.416,5735
 1910,15807.151,10.855,5735
 1911,15818.866,11.714,5735
 1912,15831.324,12.458,5735
 1913,15843.346,12.022,5735
 1914,15854.232,10.887,5735
 1915,15866.832,12.599,5735
 1916,15879.870,13.038,5735
 1917,15891.965,12.095,5735
 1918,15903.092,11.127,5735
 1919,15913.709,10.617,5735
 1920,15924.212,10.503,5735
 1921,15935.897,11.686,5735
 1922,15946.105,10.208,5735
 1923,15956.617,10.511,5735
 1924,15967.235,10.619,5735
 1925,15978.160,10.924,5735
 1926,15988.529,10.370,5735
 1927,15998.504, 9.974,5735
 1928,16008.893,10.389,5735
 1929,16019.916,11.023,5735
 1930,16030.507,10.591,5735
 1931,16041.129,10.622,5735
 1932,16051.840,10.711,5735
 1933,16061.946,10.107,5735
 1934,16072.013,10.066,5735
 1935,16081.875, 9.862,5735
 1936,16091.515, 9.640,5735
 1937,16102.063,10.548,5735
 1938,16111.973, 9.910,5735
 1939,16122.563,10.591,5735
 1940,16132.823,10.259,5735
 1941,16143.063,10.240,5735
 1942,16155.005,11.942,5735
 1943,16167.296,12.291,5735
 1944,16178.788,11.492,5735
 1945,16190.094,11.306,5735
 1946,16201.357,11.264,5735
 1947,16211.385,10.027,5735
 1948,16221.501,10.116,5735
 1949,16231.794,10.293,5735
 1950,16242.033,10.239,5735
 1951,16252.681,10.648,5735
 1952,16262.698,10.017,5735
 1953,16273.622,10.924,5735
 1954,16283.955,10.333,5735
 1955,16294.098,10.143,5735
 1956,16304.185,10.087,5735
 1957,16314.727,10.542,5735
 1958,16325.148,10.422,5735
 1959,16336.335,11.186,5735
 1960,16346.889,10.554,5735
 1961,16358.893,12.004,5735
 1962,16370.205,11.312,5735
 1963,16381.249,11.044,5735
 1964,16392.621,11.373,5735
 1965,16404.217,11.595,5735
 1966,16414.828,10.611,5735
 1967,16426.436,11.608,5735
 1968,16438.014,11.578,5735
 1969,16449.354,11.339,5735
 1970,16461.076,11.723,5735
 1971,16472.090,11.015,5735
 1972,16483.283,11.193,5735
 1973,16494.369,11.086,5735
 1974,16505.525,11.155,5735
 1975,16515.631,10.106,5735
 1976,16526.686,11.055,5735
 1977,16536.813,10.126,5735
 1978,16549.037,12.225,5735
 1979,16560.191,11.155,5735
 1980,16572.043,11.852,5735
 1981,16582.492,10.449,5735
 1982,16592.646,10.153,5735
 1983,16603.076,10.430,5735
 1984,16613.143,10.067,5735
 1985,16623.146,10.004,5735
 1986,16633.203,10.057,5735
 1987,16643.186, 9.981,5735
 1988,16653.484,10.299,5735
 1989,16663.779,10.296,5735
 1990,16677.049,13.270,5735
 1991,16688.572,11.522,5735
 1992,16699.963,11.392,5735
 1993,16710.584,10.621,5735
 1994,16720.811,10.226,5735
 1995,16731.512,10.701,5735
 1996,16742.311,10.798,5735
 1997,16752.750,10.440,5735
 1998,16763.379,10.629,5735
 1999,16774.389,11.009,5735
 2000,16785.850,11.461,5735
 2001,16796.211,10.362,5735
 2002,16805.801, 9.589,5735
 2003,16815.900,10.102,5735
 2004,16826.285,10.384,5735
 2005,16836.414,10.129,5735
 2006,16846.186, 9.770,5735
 2007,16855.953, 9.769,5735
 2008,16865.744, 9.790,5735
 2009,16875.520, 9.775,5735
 2010,16885.912,10.395,5735
 2011,16895.877, 9.964,5735
 2012,16905.854, 9.976,5735
 2013,16916.287,10.433,5735
 2014,16926.533,10.247,5735
 2015,16938.354,11.818,5735
 2016,16950.633,12.280,5735
 2017,16961.168,10.537,5735
 2018,16971.631,10.462,5735
 2019,16981.678,10.045,5735
 2020,16992.412,10.737,5735
 2021,17002.533,10.119,5735
 2022,17012.791,10.259,5735
 2023,17023.314,10.524,5735
 2024,17033.547,10.232,5735
 2025,17043.617,10.071,5735
 2026,17053.873,10.255,5735
 2027,17064.486,10.614,5735
 2028,17074.564,10.078,5735
 2029,17085.896,11.332,5735
 2030,17096.852,10.954,5735
 2031,17107.617,10.767,5735
 2032,17118.820,11.202,5735
 2033,17129.686,10.866,5735
 2034,17140.045,10.359,5735
 2035,17151.244,11.200,5735
 2036,17161.797,10.551,5735
 2037,17172.383,10.587,5735
 2038,17182.930,10.545,5735
 2039,17193.205,10.277,5735
 2040,17203.984,10.781,5735
 2041,17214.934,10.946,5735
 2042,17225.193,10.260,5735
 2043,17237.201,12.009,5735
 2044,17248.004,10.803,5735
 2045,17259.229,11.225,5735
 2046,17269.557,10.328,5735
 2047,17280.980,11.423,5735
 2048,17291.086,10.107,5735
 2049,17301.553,10.467,5735
 2050,17311.727,10.173,5735
 2051,17321.311, 9.584,5735
 2052,17331.018, 9.706,5735
 2053,17342.344,11.326,5735
 2054,17352.713,10.369,5735
 2055,17363.031,10.319,5735
 2056,17373.170,10.140,5735
 2057,17383.271,10.100,5735
 2058,17393.088, 9.817,5735
 2059,17402.760, 9.671,5735
 2060,17413.182,10.422,5735
 2061,17423.357,10.176,5735
 2062,17433.359,10.002,5735
 2063,17443.320, 9.962,5735
 2064,17453.021, 9.701,5735
 2065,17462.949, 9.926,5735
 2066,17472.377, 9.430,5735
 2067,17481.934, 9.556,5735
 2068,17491.396, 9.464,5735
 2069,17501.262, 9.862,5735
 2070,17510.576, 9.316,5735
 2071,17521.098,10.521,5735
 2072,17530.729, 9.633,5735
 2073,17540.285, 9.554,5735
 2074,17550.057, 9.772,5735
 2075,17559.820, 9.766,5735
 2076,17569.881,10.060,5735
 2077,17579.334, 9.453,5735
 2078,17588.982, 9.648,5735
 2079,17598.664, 9.683,5735
 2080,17608.445, 9.779,5735
 2081,17618.223, 9.778,5735
 2082,17628.416,10.195,5735
 2083,17638.453,10.034,5735
 2084,17647.922, 9.471,5735
 2085,17658.139,10.216,5735
 2086,17668.084, 9.947,5735
 2087,17678.162,10.077,5735
 2088,17687.832, 9.670,5735
 2089,17697.824, 9.993,5735
 2090,17707.635, 9.809,5735
 2091,17717.445, 9.811,5735
 2092,17729.078,11.633,5735
 2093,17742.033,12.954,5735
 2094,17752.545,10.511,5735
 2095,17762.809,10.264,5735
 2096,17774.697,11.890,5735
 2097,17785.342,10.642,5735
 2098,17795.496,10.156,5735
 2099,17806.088,10.594,5735
 2100,17817.182,11.090,5735
 2101,17828.480,11.301,5735
 2102,17840.170,11.690,5735
 2103,17851.857,11.687,5735
 2104,17863.613,11.756,5735
 2105,17874.141,10.526,5735
 2106,17883.660, 9.521,5735
 2107,17895.393,11.731,5735
 2108,17905.711,10.319,5735
 2109,17915.715,10.004,5735
 2110,17926.189,10.474,5735
 2111,17935.527, 9.338,5735
 2112,17945.502, 9.976,5735
 2113,17954.869, 9.366,5735
 2114,17965.734,10.866,5735
 2115,17975.100, 9.364,5735
 2116,17985.156,10.059,5735
 2117,17994.330, 9.173,5735
 2118,18003.521, 9.191,5735
 2119,18012.869, 9.346,5735
 2120,18022.469, 9.601,5735
 2121,18031.781, 9.312,5735
 2122,18040.527, 8.746,5735
 2123,18050.246, 9.720,5735
 2124,18059.668, 9.421,5735
 2125,18068.943, 9.275,5735
 2126,18078.373, 9.429,5735
 2127,18087.904, 9.533,5735
 2128,18096.934, 9.028,5735
 2129,18106.273, 9.340,5735
 2130,18115.301, 9.028,5735
 2131,18126.084,10.785,5735
 2132,18136.945,10.858,5735
 2133,18147.557,10.612,5735
 2134,18158.125,10.570,5735
 2135,18168.021, 9.895,5735
 2136,18177.965, 9.944,5735
 2137,18187.400, 9.437,5735
 2138,18197.080, 9.680,5735
 2139,18206.898, 9.817,5735
 2140,18216.564, 9.666,5735
 2141,18226.150, 9.586,5735
 2142,18235.701, 9.550,5735
 2143,18245.033, 9.332,5735
 2144,18255.273,10.239,5735
 2145,18265.637,10.365,5735
 2146,18276.125,10.489,5735
 2147,18285.953, 9.827,5735
 2148,18296.021,10.069,5735
 2149,18305.682, 9.660,5735
 2150,18315.590, 9.906,5735
 2151,18325.602,10.014,5735
 2152,18335.686,10.083,5735
 2153,18347.777,12.092,5735
 2154,18358.488,10.712,5735
 2155,18369.721,11.231,5735
 2156,18380.236,10.517,5735
 2157,18390.488,10.252,5735
 2158,18400.773,10.283,5735
 2159,18410.564, 9.792,5735
 2160,18421.201,10.638,5735
 2161,18430.992, 9.792,5735
 2162,18441.381,10.386,5735
 2163,18451.393,10.013,5735
 2164,18461.367, 9.974,5735
 2165,18471.459,10.092,5735
 2166,18481.295, 9.836,5735
 2167,18490.811, 9.516,5735
 2168,18500.250, 9.440,5735
 2169,18509.682, 9.429,5735
 2170,18520.941,11.261,5735
 2171,18531.301,10.361,5735
 2172,18540.336, 9.034,5735
 2173,18549.801, 9.465,5735
 2174,18559.035, 9.234,5735
 2175,18568.406, 9.372,5735
 2176,18578.150, 9.744,5735
 2177,18587.766, 9.614,5735
 2178,18596.969, 9.205,5735
 2179,18606.148, 9.180,5735
 2180,18616.164,10.015,5735
 2181,18627.084,10.921,5735
 2182,18637.160,10.075,5735
 2183,18647.682,10.520,5735
 2184,18657.313, 9.631,5735
 2185,18667.061, 9.749,5735
 2186,18676.883, 9.822,5735
 2187,18686.697, 9.814,5735
 2188,18696.059, 9.362,5735
 2189,18705.793, 9.734,5735
 2190,18715.035, 9.242,5735
 2191,18724.453, 9.417,5735
 2192,18734.148, 9.696,5735
 2193,18743.160, 9.013,5735
 2194,18752.199, 9.038,5735
 2195,18761.514, 9.315,5735
 2196,18770.816, 9.302,5735
 2197,18780.686, 9.870,5735
 2198,18790.160, 9.474,5735
 2199,18801.457,11.297,5735
 2200,18810.617, 9.159,5735
 2201,18820.033, 9.417,5735
 2202,18828.980, 8.948,5735
 2203,18838.160, 9.180,5735
 2204,18847.551, 9.390,5735
 2205,18857.025, 9.474,5735
 2206,18866.090, 9.065,5735
 2207,18875.820, 9.730,5735
 2208,18885.393, 9.574,5735
 2209,18894.801, 9.406,5735
 2210,18905.010,10.209,5735
 2211,18917.234,12.226,5735
 2212,18927.037, 9.803,5735
 2213,18937.359,10.321,5735
 2214,18947.857,10.499,5735
 2215,18958.000,10.144,5735
 2216,18967.758, 9.754,5735
 2217,18977.533, 9.777,5735
 2218,18987.318, 9.786,5735
 2219,18997.859,10.540,5735
 2220,19008.082,10.224,5735
 2221,19017.793, 9.711,5735
 2222,19028.262,10.466,5735
 2223,19038.586,10.327,5735
 2224,19048.297, 9.711,5735
 2225,19057.959, 9.661,5735
 2226,19067.396, 9.438,5735
 2227,19077.406,10.010,5735
 2228,19087.352, 9.944,5735
 2229,19097.021, 9.670,5735
 2230,19106.387, 9.366,5735
 2231,19116.230, 9.844,5735
 2232,19126.434,10.201,5735
 2233,19135.908, 9.477,5735
 2234,19145.158, 9.250,5735
 2235,19154.869, 9.711,5735
 2236,19164.393, 9.522,5735
 2237,19173.557, 9.165,5735
 2238,19183.799,10.242,5735
 2239,19194.553,10.755,5735
 2240,19204.736,10.182,5735
 2241,19214.766,10.028,5735
 2242,19225.012,10.247,5735
 2243,19234.725, 9.715,5735
 2244,19243.258, 8.530,5735
 2245,19252.193, 8.937,5735
 2246,19261.049, 8.857,5735
 2247,19270.369, 9.320,5735
 2248,19279.900, 9.532,5735
 2249,19289.131, 9.229,5735
 2250,19298.018, 8.886,5735
 2251,19307.387, 9.370,5735
 2252,19318.014,10.625,5735
 2253,19328.021,10.008,5735
 2254,19337.072, 9.053,5735
 2255,19346.510, 9.436,5735
 2256,19355.076, 8.569,5735
 2257,19365.061, 9.982,5735
 2258,19374.016, 8.955,5735
 2259,19384.363,10.348,5735
 2260,19393.680, 9.316,5735
 2261,19403.029, 9.351,5735
 2262,19412.162, 9.133,5735
 2263,19421.053, 8.890,5735
 2264,19430.805, 9.753,5735
 2265,19439.518, 8.712,5735
 2266,19448.453, 8.934,5735
 2267,19457.506, 9.052,5735
 2268,19466.729, 9.225,5735
 2269,19475.426, 8.697,5735
 2270,19483.912, 8.487,5735
 2271,19492.732, 8.819,5735
 2272,19502.053, 9.320,5735
 2273,19510.805, 8.754,5735
 2274,19519.334, 8.529,5735
 2275,19528.193, 8.857,5735
 2276,19537.480, 9.288,5735
 2277,19546.273, 8.793,5735
 2278,19554.840, 8.566,5735
 2279,19563.725, 8.886,5735
 2280,19572.240, 8.515,5735
 2281,19580.949, 8.708,5735
 2282,19589.824, 8.876,5735
 2283,19598.713, 8.888,5735
 2284,19608.619, 9.907,5735
 2285,19616.602, 7.982,5735
 2286,19624.809, 8.207,5735
 2287,19633.168, 8.360,5735
 2288,19642.068, 8.900,5735
 2289,19651.121, 9.053,5735
 2290,19660.248, 9.129,5735
 2291,19669.764, 9.513,5735
 2292,19680.121,10.357,5735
 2293,19689.859, 9.739,5735
 2294,19699.641, 9.783,5735
 2295,19710.789,11.147,5735
 2296,19720.430, 9.639,5735
 2297,19731.588,11.159,5735
 2298,19742.156,10.569,5735
 2299,19751.977, 9.820,5735
 2300,19761.373, 9.398,5735
 2301,19770.992, 9.618,5735
 2302,19780.984, 9.993,5735
 2303,19790.838, 9.852,5735
 2304,19800.150, 9.314,5735
 2305,19809.842, 9.691,5735
 2306,19819.320, 9.480,5735
 2307,19829.137, 9.815,5735
 2308,19838.102, 8.963,5735
 2309,19847.125, 9.024,5735
 2310,19856.537, 9.413,5735
 2311,19865.652, 9.115,5735
 2312,19874.146, 8.495,5735
 2313,19882.877, 8.730,5735
 2314,19891.652, 8.775,5735
 2315,19899.857, 8.204,5735
 2316,19908.510, 8.652,5735
 2317,19917.912, 9.404,5735
 2318,19926.596, 8.683,5735
 2319,19934.764, 8.168,5735
 2320,19942.758, 7.993,5735
 2321,19950.734, 7.979,5735
 2322,19959.270, 8.535,5735
 2323,19967.934, 8.664,5735
 2324,19976.164, 8.232,5735
 2325,19985.189, 9.023,5735
 2326,19993.521, 8.331,5735
 2327,20001.674, 8.152,5735
 2328,20009.898, 8.227,5735
 2329,20018.420, 8.520,5735
 2330,20027.227, 8.808,5735
 2331,20035.369, 8.141,5735
 2332,20043.225, 7.856,5735
 2333,20051.779, 8.555,5735
 2334,20060.301, 8.523,5735
 2335,20069.197, 8.894,5735
 2336,20077.258, 8.061,5735
 2337,20086.209, 8.951,5735
 2338,20094.973, 8.764,5735
 2339,20103.613, 8.640,5735
 2340,20112.400, 8.789,5735
 2341,20122.115, 9.714,5735
 2342,20132.549,10.435,5735
 2343,20141.789, 9.240,5735
 2344,20150.361, 8.571,5735
 2345,20159.793, 9.431,5735
 2346,20168.992, 9.201,5735
 2347,20178.455, 9.462,5735
 2348,20187.271, 8.816,5735
 2349,20196.797, 9.525,5735
 2350,20206.281, 9.486,5735
 2351,20215.408, 9.127,5735
 2352,20224.309, 8.901,5735
 2353,20232.945, 8.634,5735
 2354,20241.447, 8.503,5735
 2355,20249.451, 8.004,5735
 2356,20257.309, 7.859,5735
 2357,20266.141, 8.832,5735
 2358,20274.324, 8.183,5735
 2359,20283.936, 9.610,5735
 2360,20292.857, 8.921,5735
 2361,20301.631, 8.775,5735
 2362,20310.209, 8.577,5735
 2363,20318.609, 8.402,5735
 2364,20327.389, 8.780,5735
 2365,20335.938, 8.546,5735
 2366,20344.973, 9.038,5735
 2367,20354.059, 9.085,5735
 2368,20363.098, 9.039,5735
 2369,20371.807, 8.709,5735
 2370,20380.561, 8.755,5735
 2371,20390.389, 9.827,5735
 2372,20399.277, 8.889,5735
 2373,20408.053, 8.775,5735
 2374,20416.689, 8.637,5735
 2375,20425.033, 8.344,5735
 2376,20433.510, 8.475,5735
 2377,20442.924, 9.414,5735
 2378,20452.121, 9.198,5735
 2379,20460.854, 8.733,5735
 2380,20470.201, 9.347,5735
 2381,20479.021, 8.821,5735
 2382,20486.738, 7.717,5735
 2383,20495.885, 9.147,5735
 2384,20504.232, 8.347,5735
 2385,20512.816, 8.585,5735
 2386,20523.043,10.225,5735
 2387,20531.979, 8.936,5735
 2388,20540.350, 8.370,5735
 2389,20548.242, 7.894,5735
 2390,20556.428, 8.184,5735
 2391,20564.859, 8.432,5735
 2392,20573.053, 8.194,5735
 2393,20581.861, 8.808,5735
 2394,20589.740, 7.879,5735
 2395,20598.422, 8.681,5735
 2396,20607.178, 8.756,5735
 2397,20615.381, 8.205,5735
 2398,20624.037, 8.654,5735
 2399,20632.246, 8.211,5735
 2400,20640.152, 7.906,5735
 2401,20648.426, 8.272,5735
 2402,20656.580, 8.155,5735
 2403,20664.633, 8.052,5735
 2404,20672.393, 7.762,5735
 2405,20680.059, 7.665,5735
 2406,20687.988, 7.929,5735
 2407,20696.385, 8.397,5735
 2408,20705.133, 8.748,5735
 2409,20713.666, 8.534,5735
 2410,20721.465, 7.799,5735
 2411,20729.525, 8.058,5735
 2412,20737.656, 8.133,5735
 2413,20745.650, 7.994,5735
 2414,20754.057, 8.407,5735
 2415,20763.777, 9.718,5735
 2416,20773.133, 9.357,5735
 2417,20782.148, 9.017,5735
 2418,20790.938, 8.786,5735
 2419,20799.277, 8.341,5735
 2420,20807.904, 8.628,5735
 2421,20816.146, 8.242,5735
 2422,20824.377, 8.229,5735
 2423,20832.369, 7.993,5735
 2424,20840.051, 7.682,5735
 2425,20847.957, 7.906,5735
 2426,20855.746, 7.790,5735
 2427,20864.107, 8.360,5735
 2428,20871.885, 7.777,5735
 2429,20879.734, 7.851,5735
 2430,20888.174, 8.439,5735
 2431,20896.795, 8.621,5735
 2432,20906.660, 9.866,5735
 2433,20916.586, 9.924,5735
 2434,20924.869, 8.285,5735
 2435,20933.914, 9.045,5735
 2436,20941.617, 7.701,5735
 2437,20949.949, 8.334,5735
 2438,20957.881, 7.931,5735
 2439,20965.938, 8.056,5735
 2440,20973.955, 8.018,5735
 2441,20982.684, 8.728,5735
 2442,20991.027, 8.344,5735
 2443,20999.408, 8.383,5735
 2444,21007.186, 7.775,5735
 2445,21015.445, 8.260,5735
 2446,21024.426, 8.980,5735
 2447,21032.699, 8.274,5735
 2448,21040.533, 7.834,5735
 2449,21048.463, 7.930,5735
 2450,21056.602, 8.139,5735
 2451,21065.258, 8.654,5735
 2452,21073.240, 7.984,5735
 2453,21082.113, 8.872,5735
 2454,21090.766, 8.654,5735
 2455,21099.045, 8.279,5735
 2456,21107.438, 8.392,5735
 2457,21116.229, 8.793,5735
 2458,21124.826, 8.597,5735
 2459,21133.330, 8.504,5735
 2460,21141.832, 8.501,5735
 2461,21150.346, 8.513,5735
 2462,21158.980, 8.636,5735
 2463,21167.652, 8.673,5735
 2464,21175.904, 8.250,5735
 2465,21184.057, 8.152,5735
 2466,21192.688, 8.631,5735
 2467,21201.119, 8.432,5735
 2468,21209.938, 8.818,5735
 2469,21218.285, 8.349,5735
 2470,21227.072, 8.787,5735
 2471,21235.893, 8.820,5735
 2472,21244.428, 8.534,5735
 2473,21252.605, 8.179,5735
 2474,21260.662, 8.057,5735
 2475,21268.846, 8.182,5735
 2476,21277.113, 8.269,5735
 2477,21285.893, 8.779,5735
 2478,21294.109, 8.217,5735
 2479,21302.381, 8.270,5735
 2480,21313.225,10.844,5735
 2481,21322.965, 9.742,5735
 2482,21331.648, 8.684,5735
 2483,21340.609, 8.959,5735
 2484,21349.389, 8.780,5735
 2485,21357.533, 8.143,5735
 2486,21365.701, 8.168,5735
 2487,21373.541, 7.842,5735
 2488,21382.377, 8.835,5735
 2489,21391.758, 9.380,5735
 2490,21400.053, 8.295,5735
 2491,21408.861, 8.808,5735
 2492,21416.961, 8.102,5735
 2493,21424.689, 7.726,5735
 2494,21432.502, 7.813,5735
 2495,21440.830, 8.330,5735
 2496,21449.031, 8.200,5735
 2497,21456.797, 7.766,5735
 2498,21464.322, 7.526,5735
 2499,21472.031, 7.708,5735
 2500,21479.744, 7.713,5735
 2501,21487.984, 8.241,5735
 2502,21495.893, 7.909,5735
 2503,21503.893, 7.998,5735
 2504,21511.650, 7.759,5735
 2505,21519.518, 7.866,5735
 2506,21527.266, 7.747,5735
 2507,21535.025, 7.760,5735
 2508,21542.777, 7.754,5735
 2509,21550.457, 7.679,5735
 2510,21558.041, 7.583,5735
 2511,21566.018, 7.977,5735
 2512,21573.973, 7.956,5735
 2513,21582.010, 8.036,5735
 2514,21589.561, 7.553,5735
 2515,21597.010, 7.447,5735
 2516,21604.488, 7.479,5735
 2517,21612.512, 8.023,5735
 2518,21620.535, 8.024,5735
 2519,21629.320, 8.786,5735
 2520,21637.068, 7.749,5735
 2521,21644.848, 7.777,5735
 2522,21653.025, 8.178,5735
 2523,21661.994, 8.970,5735
 2524,21669.992, 7.997,5735
 2525,21678.006, 8.013,5735
 2526,21686.170, 8.164,5735
 2527,21695.568, 9.400,5735
 2528,21705.281, 9.713,5735
 2529,21714.393, 9.111,5735
 2530,21722.881, 8.487,5735
 2531,21731.496, 8.618,5735
 2532,21739.920, 8.421,5735
 2533,21748.609, 8.691,5735
 2534,21757.891, 9.281,5735
 2535,21767.580, 9.690,5735
 2536,21776.846, 9.264,5735
 2537,21785.623, 8.778,5735
 2538,21794.102, 8.478,5735
 2539,21802.504, 8.402,5735
 2540,21811.750, 9.246,5735
 2541,21821.342, 9.593,5735
 2542,21830.422, 9.078,5735
 2543,21838.545, 8.125,5735
 2544,21846.145, 7.600,5735
 2545,21853.857, 7.713,5735
 2546,21861.330, 7.473,5735
 2547,21869.434, 8.103,5735
 2548,21877.689, 8.255,5735
 2549,21885.773, 8.085,5735
 2550,21893.545, 7.772,5735
 2551,21901.449, 7.903,5735
 2552,21909.461, 8.011,5735
 2553,21917.182, 7.720,5735
 2554,21925.625, 8.444,5735
 2555,21935.240, 9.617,5735
 2556,21943.434, 8.192,5735
 2557,21951.174, 7.740,5735
 2558,21958.459, 7.286,5735
 2559,21966.209, 7.750,5735
 2560,21974.373, 8.165,5735
 2561,21982.932, 8.557,5735
 2562,21990.912, 7.982,5735
 2563,21998.457, 7.543,5735
 2564,22006.254, 7.796,5735
 2565,22014.709, 8.457,5735
 2566,22022.018, 7.308,5735
 2567,22029.434, 7.415,5735
 2568,22037.943, 8.511,5735
 2569,22045.723, 7.780,5735
 2570,22054.068, 8.345,5735
 2571,22062.121, 8.053,5735
 2572,22070.063, 7.942,5735
 2573,22078.182, 8.119,5735
 2574,22086.756, 8.573,5735
 2575,22096.137, 9.383,5735
 2576,22104.389, 8.250,5735
 2577,22112.506, 8.116,5735
 2578,22119.957, 7.452,5735
 2579,22127.537, 7.582,5735
 2580,22135.533, 7.995,5735
 2581,22142.975, 7.442,5735
 2582,22151.354, 8.378,5735
 2583,22159.730, 8.378,5735
 2584,22167.289, 7.557,5735
 2585,22175.182, 7.894,5735
 2586,22183.346, 8.162,5735
 2587,22191.689, 8.344,5735
 2588,22199.270, 7.580,5735
 2589,22207.063, 7.795,5735
 2590,22214.518, 7.453,5735
 2591,22222.182, 7.665,5735
 2592,22230.029, 7.849,5735
 2593,22237.240, 7.210,5735
 2594,22244.889, 7.648,5735
 2595,22252.771, 7.883,5735
 2596,22260.457, 7.686,5735
 2597,22268.770, 8.312,5735
 2598,22276.854, 8.084,5735
 2599,22285.309, 8.455,5735
 2600,22293.662, 8.355,5735
 2601,22302.445, 8.781,5735
 2602,22310.766, 8.322,5735
 2603,22318.982, 8.217,5735
 2604,22327.141, 8.158,5735
 2605,22335.102, 7.959,5735
 2606,22343.541, 8.440,5735
 2607,22351.967, 8.427,5735
 2608,22361.125, 9.157,5735
 2609,22370.133, 9.010,5735
 2610,22378.621, 8.486,5735
 2611,22386.922, 8.302,5735
 2612,22395.789, 8.867,5735
 2613,22405.904,10.116,5735
 2614,22415.186, 9.280,5735
 2615,22424.834, 9.649,5735
 2616,22433.707, 8.873,5735
 2617,22442.834, 9.125,5735
 2618,22450.838, 8.004,5735
 2619,22459.584, 8.747,5735
 2620,22468.037, 8.453,5735
 2621,22476.865, 8.829,5735
 2622,22486.313, 9.447,5735
 2623,22495.484, 9.174,5735
 2624,22503.195, 7.709,5735
 2625,22511.814, 8.620,5735
 2626,22519.496, 7.682,5735
 2627,22527.873, 8.375,5735
 2628,22536.053, 8.182,5735
 2629,22543.729, 7.675,5735
 2630,22551.260, 7.530,5735
 2631,22559.182, 7.921,5735
 2632,22566.727, 7.547,5735
 2633,22574.336, 7.608,5735
 2634,22582.258, 7.922,5735
 2635,22589.857, 7.601,5735
 2636,22597.791, 7.933,5735
 2637,22605.898, 8.108,5735
 2638,22613.922, 8.021,5735
 2639,22621.639, 7.719,5735
 2640,22629.338, 7.697,5735
 2641,22637.389, 8.052,5735
 2642,22645.004, 7.615,5735
 2643,22652.564, 7.562,5735
 2644,22660.289, 7.723,5735
 2645,22667.602, 7.313,5735
 2646,22676.014, 8.412,5735
 2647,22684.418, 8.404,5735
 2648,22691.922, 7.504,5735
 2649,22700.576, 8.656,5735
 2650,22707.729, 7.151,5735
 2651,22715.869, 8.140,5735
 2652,22723.713, 7.844,5735
 2653,22731.400, 7.690,5735
 2654,22739.248, 7.845,5735
 2655,22746.568, 7.321,5735
 2656,22754.170, 7.602,5735
 2657,22761.930, 7.759,5735
 2658,22770.053, 8.125,5735
 2659,22778.129, 8.076,5735
 2660,22785.838, 7.707,5735
 2661,22793.848, 8.010,5735
 2662,22801.072, 7.226,5735
 2663,22809.092, 8.018,5735
 2664,22816.656, 7.565,5735
 2665,22824.912, 8.258,5735
 2666,22833.021, 8.106,5735
 2667,22841.303, 8.283,5735
 2668,22849.576, 8.275,5735
 2669,22858.057, 8.480,5735
 2670,22866.557, 8.500,5735
 2671,22875.871, 9.313,5735
 2672,22885.469, 9.598,5735
 2673,22893.857, 8.389,5735
 2674,22902.094, 8.236,5735
 2675,22910.232, 8.140,5735
 2676,22918.170, 7.936,5735
 2677,22926.770, 8.598,5735
 2678,22935.123, 8.355,5735
 2679,22943.225, 8.103,5735
 2680,22950.877, 7.652,5735
 2681,22958.492, 7.615,5735
 2682,22966.982, 8.490,5735
 2683,22975.236, 8.253,5735
 2684,22983.377, 8.141,5735
 2685,22991.547, 8.170,5735
 2686,22999.293, 7.746,5735
 2687,23007.377, 8.084,5735
 2688,23015.109, 7.731,5735
 2689,23023.525, 8.417,5735
 2690,23031.846, 8.319,5735
 2691,23040.842, 8.998,5735
 2692,23049.420, 8.577,5735
 2693,23057.941, 8.523,5735
 2694,23066.178, 8.234,5735
 2695,23074.852, 8.675,5735
 2696,23082.961, 8.110,5735
 2697,23091.773, 8.812,5735
 2698,23100.697, 8.923,5735
 2699,23109.807, 9.111,5735
 2700,23118.652, 8.845,5735
 2701,23127.709, 9.056,5735
 2702,23135.938, 8.230,5735
 2703,23145.225, 9.287,5735
 2704,23153.281, 8.057,5735
 2705,23162.605, 9.322,5735
 2706,23171.518, 8.914,5735
 2707,23180.484, 8.967,5735
 2708,23189.123, 8.638,5735
 2709,23197.348, 8.224,5735
 2710,23205.756, 8.408,5735
 2711,23213.566, 7.812,5735
 2712,23221.426, 7.859,5735
 2713,23229.576, 8.152,5735
 2714,23237.367, 7.789,5735
 2715,23245.842, 8.474,5735
 2716,23254.805, 8.965,5735
 2717,23263.900, 9.094,5735
 2718,23272.709, 8.809,5735
 2719,23282.174, 9.464,5735
 2720,23290.889, 8.715,5735
 2721,23299.902, 9.015,5735
 2722,23307.521, 7.618,5735
 2723,23315.838, 8.316,5735
 2724,23323.721, 7.883,5735
 2725,23331.762, 8.042,5735
 2726,23339.832, 8.069,5735
 2727,23348.105, 8.275,5735
 2728,23356.969, 8.863,5735
 2729,23365.137, 8.169,5735
 2730,23373.021, 7.883,5735
 2731,23381.109, 8.089,5735
 2732,23388.957, 7.846,5735
 2733,23397.090, 8.133,5735
 2734,23404.820, 7.733,5735
 2735,23413.141, 8.319,5735
 2736,23420.629, 7.488,5735
 2737,23428.693, 8.064,5735
 2738,23436.590, 7.896,5735
 2739,23444.389, 7.801,5735
 2740,23451.816, 7.428,5735
 2741,23461.025, 9.206,5735
 2742,23469.250, 8.226,5735
 2743,23477.137, 7.887,5735
 2744,23485.725, 8.588,5735
 2745,23494.006, 8.280,5735
 2746,23502.773, 8.768,5735
 2747,23512.383, 9.610,5735
 2748,23520.955, 8.572,5735
 2749,23529.822, 8.868,5735
 2750,23538.408, 8.586,5735
 2751,23547.242, 8.834,5735
 2752,23555.754, 8.509,5735
 2753,23564.621, 8.868,5735
 2754,23573.609, 8.990,5735
 2755,23583.346, 9.736,5735
 2756,23591.904, 8.559,5735
 2757,23601.850, 9.945,5735
 2758,23610.709, 8.860,5735
 2759,23622.594,11.882,5735
 2760,23632.197, 9.604,5735
 2761,23641.041, 8.846,5735
 2762,23651.072,10.032,5735
 2763,23661.084,10.009,5735
 2764,23672.492,11.411,5735
 2765,23682.051, 9.557,5735
 2766,23690.881, 8.831,5735
 2767,23699.502, 8.620,5735
 2768,23708.113, 8.611,5735
 2769,23717.102, 8.989,5735
 2770,23726.014, 8.912,5735
 2771,23735.451, 9.437,5735
 2772,23744.525, 9.073,5735
 2773,23753.129, 8.606,5735
 2774,23761.408, 8.279,5735
 2775,23770.324, 8.916,5735
 2776,23780.277, 9.951,5735
 2777,23789.373, 9.097,5735
 2778,23798.758, 9.385,5735
 2779,23808.502, 9.742,5735
 2780,23817.086, 8.585,5735
 2781,23825.088, 8.002,5735
 2782,23833.393, 8.306,5735
 2783,23841.361, 7.967,5735
 2784,23849.127, 7.767,5735
 2785,23857.510, 8.383,5735
 2786,23865.889, 8.380,5735
 2787,23874.105, 8.216,5735
 2788,23882.813, 8.706,5735
 2789,23891.180, 8.367,5735
 2790,23899.232, 8.055,5735
 2791,23907.457, 8.224,5735
 2792,23915.732, 8.274,5735
 2793,23924.121, 8.389,5735
 2794,23932.516, 8.394,5735
 2795,23941.699, 9.184,5735
 2796,23951.000, 9.300,5735
 2797,23960.600, 9.600,5735
 2798,23969.621, 9.021,5735
 2799,23977.750, 8.129,5735
 2800,23986.105, 8.357,5735
 2801,23994.953, 8.847,5735
 2802,24003.033, 8.081,5735
 2803,24011.111, 8.077,5735
 2804,24018.861, 7.750,5735
 2805,24026.885, 8.023,5735
 2806,24034.582, 7.697,5735
 2807,24043.133, 8.553,5735
 2808,24051.582, 8.448,5735
 2809,24060.246, 8.662,5735
 2810,24069.480, 9.236,5735
 2811,24079.645,10.166,5735
 2812,24087.969, 8.323,5735
 2813,24097.488, 9.521,5735
 2814,24106.381, 8.890,5735
 2815,24115.232, 8.853,5735
 2816,24123.740, 8.509,5735
 2817,24132.023, 8.281,5735
 2818,24140.012, 7.988,5735
 2819,24148.873, 8.861,5735
 2820,24156.865, 7.994,5735
 2821,24165.697, 8.831,5735
 2822,24174.393, 8.697,5735
 2823,24183.240, 8.847,5735
 2824,24191.633, 8.393,5735
 2825,24200.361, 8.726,5735
 2826,24208.680, 8.319,5735
 2827,24217.564, 8.886,5735
 2828,24225.996, 8.430,5735
 2829,24234.809, 8.814,5735
 2830,24243.305, 8.496,5735
 2831,24251.801, 8.496,5735
 2832,24260.736, 8.937,5735
 2833,24269.121, 8.382,5735
 2834,24278.309, 9.190,5735
 2835,24287.205, 8.895,5735
 2836,24296.766, 9.559,5735
 2837,24306.344, 9.579,5735
 2838,24315.557, 9.213,5735
 2839,24324.578, 9.020,5735
 2840,24333.590, 9.012,5735
 2841,24342.553, 8.964,5735
 2842,24351.904, 9.353,5735
 2843,24360.756, 8.850,5735
 2844,24369.727, 8.972,5735
 2845,24378.473, 8.746,5735
 2846,24387.125, 8.651,5735
 2847,24397.141,10.018,5735
 2848,24406.533, 9.392,5735
 2849,24416.334, 9.798,5735
 2850,24424.287, 7.955,5735
 2851,24433.555, 9.268,5735
 2852,24442.248, 8.692,5735
 2853,24451.730, 9.484,5735
 2854,24461.193, 9.462,5735
 2855,24469.863, 8.670,5735
 2856,24478.381, 8.517,5735
 2857,24486.861, 8.481,5735
 2858,24495.549, 8.688,5735
 2859,24504.783, 9.234,5735
 2860,24513.166, 8.381,5735
 2861,24522.422, 9.257,5735
 2862,24531.014, 8.593,5735
 2863,24539.361, 8.346,5735
 2864,24547.686, 8.324,5735
 2865,24556.117, 8.434,5735
 2866,24564.736, 8.619,5735
 2867,24573.332, 8.594,5735
 2868,24581.904, 8.575,5735
 2869,24591.381, 9.474,5735
 2870,24599.758, 8.377,5735
 2871,24608.240, 8.485,5735
 2872,24616.594, 8.350,5735
 2873,24625.900, 9.309,5735
 2874,24634.545, 8.643,5735
 2875,24643.561, 9.016,5735
 2876,24652.248, 8.687,5735
 2877,24661.170, 8.921,5735
 2878,24670.350, 9.182,5735
 2879,24679.059, 8.709,5735
 2880,24688.369, 9.311,5735
 2881,24697.465, 9.095,5735
 2882,24706.027, 8.562,5735
 2883,24714.816, 8.790,5735
 2884,24723.379, 8.562,5735
 2885,24732.752, 9.372,5735
 2886,24741.313, 8.563,5735
 2887,24750.232, 8.919,5735
 2888,24758.510, 8.277,5735
 2889,24766.799, 8.289,5735
 2890,24774.521, 7.723,5735
 2891,24782.613, 8.090,5735
 2892,24790.631, 8.019,5735
 2893,24799.324, 8.693,5735
 2894,24807.279, 7.955,5735
 2895,24815.209, 7.930,5735
 2896,24823.732, 8.523,5735
 2897,24832.582, 8.850,5735
 2898,24842.678,10.096,5735
 2899,24853.398,10.721,5735
 2900,24863.037, 9.637,5735
 2901,24871.613, 8.577,5735
 2902,24880.059, 8.446,5735
 2903,24888.912, 8.852,5735
 2904,24897.934, 9.023,5735
 2905,24906.393, 8.458,5735
 2906,24915.533, 9.142,5735
 2907,24924.131, 8.597,5735
 2908,24933.016, 8.884,5735
 2909,24941.949, 8.934,5735
 2910,24950.490, 8.542,5735
 2911,24959.842, 9.350,5735
 2912,24968.441, 8.601,5735
 2913,24977.357, 8.914,5735
 2914,24986.182, 8.826,5735
 2915,24995.342, 9.158,5735
 2916,25003.996, 8.655,5735
 2917,25013.045, 9.049,5735
 2918,25022.299, 9.255,5735
 2919,25031.320, 9.021,5735
 2920,25040.420, 9.099,5735
 2921,25050.449,10.031,5735
 2922,25059.537, 9.088,5735
 2923,25068.969, 9.432,5735
 2924,25077.641, 8.672,5735
 2925,25088.605,10.964,5735
 2926,25096.914, 8.307,5735
 2927,25105.850, 8.935,5735
 2928,25114.861, 9.013,5735
 2929,25124.078, 9.216,5735
 2930,25132.842, 8.763,5735
 2931,25141.729, 8.890,5735
 2932,25151.537, 9.808,5735
 2933,25161.438, 9.900,5735
 2934,25169.893, 8.455,5735
 2935,25178.285, 8.391,5735
 2936,25187.506, 9.221,5735
 2937,25196.309, 8.803,5735
 2938,25204.684, 8.375,5735
 2939,25213.006, 8.321,5735
 2940,25221.732, 8.729,5735
 2941,25230.732, 9.001,5735
 2942,25240.918,10.182,5735
 2943,25252.865,11.949,5735
 2944,25264.518,11.653,5735
 2945,25275.691,11.173,5735
 2946,25284.551, 8.860,5735
 2947,25293.350, 8.797,5735
 2948,25302.275, 8.927,5735
 2949,25310.994, 8.718,5735
 2950,25320.076, 9.082,5735
 2951,25328.912, 8.836,5735
 2952,25338.430, 9.517,5735
 2953,25346.773, 8.344,5735
 2954,25354.838, 8.065,5735
 2955,25363.900, 9.063,5735
 2956,25373.285, 9.385,5735
 2957,25382.078, 8.792,5735
 2958,25391.125, 9.048,5735
 2959,25399.561, 8.435,5735
 2960,25407.975, 8.415,5735
 2961,25416.529, 8.553,5735
 2962,25424.809, 8.282,5735
 2963,25433.182, 8.370,5735
 2964,25441.578, 8.397,5735
 2965,25450.316, 8.741,5735
 2966,25458.400, 8.083,5735
 2967,25467.393, 8.991,5735
 2968,25475.592, 8.199,5735
 2969,25484.148, 8.559,5735
 2970,25492.457, 8.307,5735
 2971,25501.266, 8.809,5735
 2972,25509.273, 8.008,5735
 2973,25517.197, 7.924,5735
 2974,25525.701, 8.503,5735
 2975,25534.326, 8.624,5735
 2976,25542.729, 8.405,5735
 2977,25551.424, 8.693,5735
 2978,25559.693, 8.269,5735
 2979,25568.533, 8.842,5735
 2980,25577.209, 8.674,5735
 2981,25586.420, 9.211,5735
 2982,25595.549, 9.130,5735
 2983,25604.697, 9.148,5735
 2984,25613.277, 8.579,5735
 2985,25622.344, 9.067,5735
 2986,25631.533, 9.190,5735
 2987,25642.332,10.798,5735
 2988,25651.682, 9.351,5735
 2989,25660.785, 9.102,5735
 2990,25670.152, 9.368,5735
 2991,25680.102, 9.948,5735
 2992,25690.797,10.696,5735
 2993,25700.156, 9.360,5735
 2994,25709.273, 9.117,5735
 2995,25718.441, 9.167,5735
 2996,25727.346, 8.905,5735
 2997,25736.449, 9.105,5735
 2998,25745.621, 9.170,5735
 2999,25755.055, 9.435,5735
 3000,25764.549, 9.495,5735
 3001,25773.609, 9.059,5735
 3002,25782.229, 8.621,5735
 3003,25791.432, 9.201,5735
 3004,25801.838,10.405,5735
 3005,25810.613, 8.778,5735
 3006,25819.805, 9.190,5735
 3007,25828.861, 9.056,5735
 3008,25837.736, 8.876,5735
 3009,25847.195, 9.459,5735
 3010,25856.109, 8.914,5735
 3011,25865.223, 9.114,5735
 3012,25873.965, 8.742,5735
 3013,25883.041, 9.077,5735
 3014,25891.000, 7.957,5735
 3015,25899.652, 8.654,5735
 3016,25909.051, 9.398,5735
 3017,25917.639, 8.588,5735
 3018,25926.609, 8.969,5735
 3019,25935.342, 8.734,5735
 3020,25943.789, 8.446,5735
 3021,25952.373, 8.585,5735
 3022,25960.949, 8.577,5735
 3023,25969.717, 8.766,5735
 3024,25979.477, 9.760,5735
 3025,25988.436, 8.959,5735
 3026,25997.201, 8.765,5735
 3027,26005.873, 8.673,5735
 3028,26015.320, 9.449,5735
 3029,26024.594, 9.271,5735
 3030,26034.816,10.223,5735
 3031,26044.365, 9.550,5735
 3032,26052.791, 8.425,5735
 3033,26061.170, 8.379,5735
 3034,26069.662, 8.491,5735
 3035,26077.941, 8.281,5735
 3036,26086.316, 8.376,5735
 3037,26094.633, 8.314,5735
 3038,26103.564, 8.932,5735
 3039,26112.889, 9.326,5735
 3040,26122.213, 9.323,5735
 3041,26130.920, 8.706,5735
 3042,26139.357, 8.438,5735
 3043,26148.625, 9.267,5735
 3044,26157.475, 8.851,5735
 3045,26166.375, 8.900,5735
 3046,26175.277, 8.901,5735
 3047,26184.172, 8.895,5735
 3048,26192.949, 8.777,5735
 3049,26202.225, 9.277,5735
 3050,26210.848, 8.622,5735
 3051,26220.078, 9.230,5735
 3052,26229.422, 9.343,5735
 3053,26239.426,10.005,5735
 3054,26248.342, 8.915,5735
 3055,26257.365, 9.024,5735
 3056,26266.285, 8.921,5735
 3057,26276.229, 9.943,5735
 3058,26285.607, 9.379,5735
 3059,26295.377, 9.770,5735
 3060,26304.961, 9.585,5735
 3061,26315.141,10.178,5735
 3062,26325.018, 9.878,5735
 3063,26334.420, 9.401,5735
 3064,26343.713, 9.293,5735
 3065,26353.594, 9.882,5735
 3066,26363.109, 9.515,5735
 3067,26372.457, 9.347,5735
 3068,26381.746, 9.290,5735
 3069,26390.041, 8.295,5735
 3070,26399.117, 9.075,5735
 3071,26407.881, 8.765,5735
 3072,26416.529, 8.649,5735
 3073,26427.027,10.497,5735
 3074,26436.699, 9.672,5735
 3075,26445.594, 8.893,5735
 3076,26454.221, 8.630,5735
 3077,26464.604,10.381,5735
 3078,26473.609, 9.006,5735
 3079,26482.785, 9.176,5735
 3080,26491.361, 8.576,5735
 3081,26500.209, 8.847,5735
 3082,26509.365, 9.156,5735
 3083,26518.545, 9.181,5735
 3084,26527.438, 8.892,5735
 3085,26536.930, 9.492,5735
 3086,26546.006, 9.077,5735
 3087,26555.092, 9.085,5735
 3088,26563.705, 8.614,5735
 3089,26573.021, 9.316,5735
 3090,26581.795, 8.774,5735
 3091,26590.336, 8.540,5735
 3092,26598.881, 8.546,5735
 3093,26607.594, 8.713,5735
 3094,26615.824, 8.229,5735
 3095,26624.236, 8.414,5735
 3096,26632.826, 8.587,5735
 3097,26641.873, 9.050,5735
 3098,26650.639, 8.765,5735
 3099,26659.789, 9.149,5735
 3100,26669.059, 9.271,5735
 3101,26678.277, 9.219,5735
 3102,26687.309, 9.031,5735
 3103,26696.189, 8.879,5735
 3104,26705.262, 9.072,5735
 3105,26714.416, 9.155,5735
 3106,26723.053, 8.637,5735
 3107,26731.840, 8.787,5735
 3108,26740.732, 8.895,5735
 3109,26750.477, 9.743,5735
 3110,26758.813, 8.336,5735
 3111,26767.750, 8.936,5735
 3112,26776.525, 8.776,5735
 3113,26786.174, 9.648,5735
 3114,26795.510, 9.336,5735
 3115,26805.094, 9.585,5735
 3116,26814.961, 9.866,5735
 3117,26823.969, 9.010,5735
 3118,26833.445, 9.474,5735
 3119,26844.385,10.940,5735
 3120,26854.594,10.208,5735
 3121,26865.148,10.558,5735
 3122,26875.068, 9.919,5735
 3123,26884.422, 9.351,5735
 3124,26894.025, 9.605,5735
 3125,26904.186,10.161,5735
 3126,26914.813,10.627,5735
 3127,26924.480, 9.667,5735
 3128,26935.357,10.877,5735
 3129,26945.445,10.088,5735
 3130,26956.301,10.856,5735
 3131,26968.023,11.722,5735
 3132,26978.289,10.265,5735
 3133,26988.340,10.051,5735
 3134,26997.236, 8.899,5735
 3135,27006.373, 9.136,5735
 3136,27016.295, 9.921,5735
 3137,27025.662, 9.365,5735
 3138,27034.221, 8.562,5735
 3139,27042.980, 8.759,5735
 3140,27051.838, 8.855,5735
 3141,27060.473, 8.637,5735
 3142,27070.100, 9.626,5735
 3143,27078.506, 8.407,5735
 3144,27087.320, 8.816,5735
 3145,27095.965, 8.644,5735
 3146,27104.195, 8.229,5735
 3147,27112.938, 8.743,5735
 3148,27121.756, 8.817,5735
 3149,27130.184, 8.428,5735
 3150,27139.037, 8.854,5735
 3151,27147.363, 8.326,5735
 3152,27155.578, 8.213,5735
 3153,27164.246, 8.669,5735
 3154,27172.703, 8.458,5735
 3155,27181.564, 8.863,5735
 3156,27189.990, 8.422,5735
 3157,27198.537, 8.549,5735
 3158,27207.746, 9.209,5735
 3159,27216.221, 8.475,5735
 3160,27224.736, 8.517,5735
 3161,27234.705, 9.966,5735
 3162,27244.406, 9.700,5735
 3163,27253.281, 8.877,5735
 3164,27262.541, 9.260,5735
 3165,27271.043, 8.502,5735
 3166,27281.334,10.289,5735
 3167,27291.158, 9.824,5735
 3168,27301.209,10.053,5735
 3169,27310.971, 9.762,5735
 3170,27320.918, 9.947,5735
 3171,27330.057, 9.140,5735
 3172,27338.742, 8.684,5735
 3173,27347.314, 8.573,5735
 3174,27355.818, 8.504,5735
 3175,27364.697, 8.877,5735
 3176,27373.986, 9.291,5735
 3177,27383.068, 9.082,5735
 3178,27392.547, 9.478,5735
 3179,27402.361, 9.815,5735
 3180,27411.342, 8.979,5735
 3181,27421.480,10.141,5735
 3182,27430.371, 8.889,5735
 3183,27438.922, 8.550,5735
 3184,27448.422, 9.500,5735
 3185,27457.564, 9.143,5735
 3186,27466.928, 9.363,5735
 3187,27476.152, 9.226,5735
 3188,27485.357, 9.203,5735
 3189,27495.229, 9.873,5735
 3190,27504.617, 9.388,5735
 3191,27514.652,10.036,5735
 3192,27523.850, 9.196,5735
 3193,27533.977,10.128,5735
 3194,27543.125, 9.148,5735
 3195,27553.633,10.509,5735
 3196,27563.678,10.042,5735
 3197,27573.662, 9.985,5735
 3198,27583.711,10.050,5735
 3199,27592.537, 8.825,5735
 3200,27602.232, 9.698,5735
 3201,27611.941, 9.707,5735
 3202,27620.682, 8.741,5735
 3203,27632.367,11.685,5735
 3204,27642.141, 9.774,5735
 3205,27650.770, 8.627,5735
 3206,27659.484, 8.718,5735
 3207,27669.285, 9.800,5735
 3208,27677.834, 8.546,5735
 3209,27686.666, 8.833,5735
 3210,27695.984, 9.320,5735
 3211,27706.109,10.124,5735
 3212,27715.148, 9.041,5735
 3213,27724.029, 8.880,5735
 3214,27733.252, 9.221,5735
 3215,27742.535, 9.284,5735
 3216,27751.400, 8.866,5735
 3217,27760.252, 8.850,5735
 3218,27769.074, 8.823,5735
 3219,27777.445, 8.371,5735
 3220,27786.650, 9.206,5735
 3221,27795.414, 8.761,5735
 3222,27804.244, 8.831,5735
 3223,27813.617, 9.374,5735
 3224,27822.313, 8.697,5735
 3225,27830.609, 8.296,5735
 3226,27839.414, 8.802,5735
 3227,27847.904, 8.491,5735
 3228,27856.455, 8.552,5735
 3229,27866.373, 9.918,5735
 3230,27875.158, 8.785,5735
 3231,27883.686, 8.528,5735
 3232,27892.693, 9.006,5735
 3233,27901.096, 8.403,5735
 3234,27909.277, 8.183,5735
 3235,27919.266, 9.986,5735
 3236,27927.836, 8.571,5735
 3237,27936.518, 8.681,5735
 3238,27945.400, 8.886,5735
 3239,27954.859, 9.457,5735
 3240,27963.945, 9.085,5735
 3241,27972.406, 8.462,5735
 3242,27981.129, 8.722,5735
 3243,27990.162, 9.034,5735
 3244,28000.990,10.827,5735
 3245,28011.051,10.062,5735
 3246,28021.531,10.480,5735
 3247,28032.713,11.183,5735
 3248,28042.863,10.149,5735
 3249,28053.162,10.297,5735
 3250,28063.002, 9.840,5735
 3251,28072.785, 9.785,5735
 3252,28082.096, 9.310,5735
 3253,28091.641, 9.547,5735
 3254,28100.838, 9.196,5735
 3255,28110.838,10.000,5735
 3256,28122.037,11.198,5735
 3257,28132.998,10.961,5735
 3258,28144.113,11.115,5735
 3259,28154.578,10.464,5735
 3260,28164.941,10.364,5735
 3261,28174.980,10.041,5735
 3262,28184.973, 9.993,5735
 3263,28194.324, 9.349,5735
 3264,28203.301, 8.978,5735
 3265,28212.676, 9.374,5735
 3266,28221.938, 9.262,5735
 3267,28231.266, 9.327,5735
 3268,28241.266,10.000,5735
 3269,28250.813, 9.548,5735
 3270,28260.379, 9.567,5735
 3271,28269.822, 9.442,5735
 3272,28278.797, 8.976,5735
 3273,28288.559, 9.762,5735
 3274,28298.029, 9.469,5735
 3275,28308.320,10.291,5735
 3276,28318.391,10.072,5735
 3277,28328.045, 9.655,5735
 3278,28337.662, 9.616,5735
 3279,28347.438, 9.776,5735
 3280,28356.098, 8.658,5735
 3281,28366.465,10.369,5735
 3282,28375.748, 9.282,5735
 3283,28384.961, 9.214,5735
 3284,28394.605, 9.643,5735
 3285,28403.838, 9.234,5735
 3286,28412.480, 8.644,5735
 3287,28422.418, 9.936,5735
 3288,28433.012,10.593,5735
 3289,28442.578, 9.565,5735
 3290,28451.693, 9.118,5735
 3291,28462.264,10.569,5735
 3292,28471.281, 9.019,5735
 3293,28480.605, 9.323,5735
 3294,28489.566, 8.962,5735
 3295,28499.238, 9.669,5735
 3296,28508.580, 9.343,5735
 3297,28517.777, 9.197,5735
 3298,28527.168, 9.391,5735
 3299,28536.289, 9.123,5735
 3300,28545.027, 8.737,5735
 3301,28554.541, 9.515,5735
 3302,28564.049, 9.508,5735
 3303,28573.334, 9.284,5735
 3304,28582.074, 8.738,5735
 3305,28591.398, 9.327,5735
 3306,28600.490, 9.091,5735
 3307,28609.518, 9.026,5735
 3308,28620.227,10.711,5735
 3309,28630.479,10.252,5735
 3310,28640.379, 9.900,5735
 3311,28650.172, 9.792,5735
 3312,28659.764, 9.592,5735
 3313,28669.719, 9.956,5735
 3314,28679.641, 9.923,5735
 3315,28689.619, 9.977,5735
 3316,28698.602, 8.982,5735
 3317,28708.082, 9.480,5735
 3318,28717.049, 8.969,5735
 3319,28725.752, 8.701,5735
 3320,28734.564, 8.814,5735
 3321,28743.789, 9.223,5735
 3322,28753.449, 9.661,5735
 3323,28762.494, 9.043,5735
 3324,28772.678,10.186,5735
 3325,28782.014, 9.336,5735
 3326,28791.557, 9.543,5735
 3327,28801.246, 9.688,5735
 3328,28811.281,10.037,5735
 3329,28823.193,11.912,5735
 3330,28833.762,10.568,5735
 3331,28844.564,10.804,5735
 3332,28854.049, 9.483,5735
 3333,28864.742,10.692,5735
 3334,28875.146,10.406,5735
 3335,28885.703,10.556,5735
 3336,28895.574, 9.871,5735
 3337,28905.307, 9.733,5735
 3338,28915.135, 9.828,5735
 3339,28925.260,10.124,5735
 3340,28935.736,10.476,5735
 3341,28946.477,10.743,5735
 3342,28955.861, 9.383,5735
 3343,28965.113, 9.251,5735
 3344,28974.957, 9.846,5735
 3345,28985.570,10.612,5735
 3346,28995.082, 9.510,5735
 3347,29004.486, 9.405,5735
 3348,29013.785, 9.301,5735
 3349,29023.426, 9.640,5735
 3350,29032.682, 9.256,5735
 3351,29042.152, 9.469,5735
 3352,29051.641, 9.490,5735
 3353,29061.527, 9.886,5735
 3354,29071.154, 9.625,5735
 3355,29080.746, 9.594,5735
 3356,29091.148,10.403,5735
 3357,29101.016, 9.866,5735
 3358,29110.518, 9.503,5735
 3359,29120.549,10.030,5735
 3360,29129.746, 9.196,5735
 3361,29139.889,10.144,5735
 3362,29149.049, 9.161,5735
 3363,29158.396, 9.347,5735
 3364,29167.963, 9.567,5735
 3365,29177.480, 9.517,5735
 3366,29187.611,10.131,5735
 3367,29198.666,11.055,5735
 3368,29208.854,10.188,5735
 3369,29220.613,11.759,5735
 3370,29231.238,10.624,5735
 3371,29241.145, 9.909,5735
 3372,29250.881, 9.735,5735
 3373,29261.357,10.477,5735
 3374,29271.457,10.098,5735
 3375,29281.574,10.118,5735
 3376,29291.279, 9.705,5735
 3377,29303.158,11.877,5735
 3378,29313.322,10.166,5735
 3379,29322.953, 9.630,5735
 3380,29332.453, 9.502,5735
 3381,29341.979, 9.525,5735
 3382,29352.049,10.071,5735
 3383,29362.129,10.079,5735
 3384,29372.045, 9.916,5735
 3385,29382.045, 9.999,5735
 3386,29391.945, 9.902,5735
 3387,29402.822,10.874,5735
 3388,29412.994,10.172,5735
 3389,29422.930, 9.936,5735
 3390,29433.057,10.128,5735
 3391,29443.531,10.475,5735
 3392,29454.070,10.539,5735
 3393,29464.221,10.151,5735
 3394,29474.486,10.265,5735
 3395,29485.100,10.613,5735
 3396,29495.129,10.031,5735
 3397,29505.365,10.236,5735
 3398,29516.207,10.841,5735
 3399,29526.617,10.411,5735
 3400,29536.840,10.221,5735
 3401,29547.721,10.883,5735
 3402,29558.217,10.496,5735
 3403,29568.746,10.527,5735
 3404,29578.434, 9.689,5735
 3405,29588.215, 9.781,5735
 3406,29598.957,10.741,5735
 3407,29610.266,11.308,5735
 3408,29621.445,11.181,5735
 3409,29631.549,10.103,5735
 3410,29641.781,10.232,5735
 3411,29651.709, 9.928,5735
 3412,29661.992,10.283,5735
 3413,29671.668, 9.676,5735
 3414,29681.658, 9.991,5735
 3415,29691.629, 9.972,5735
 3416,29701.424, 9.793,5735
 3417,29712.029,10.606,5735
 3418,29722.314,10.286,5735
 3419,29733.166,10.850,5735
 3420,29743.109, 9.943,5735
 3421,29753.246,10.137,5735
 3422,29762.793, 9.548,5735
 3423,29772.795,10.002,5735
 3424,29782.713, 9.919,5735
 3425,29792.166, 9.450,5735
 3426,29801.766, 9.601,5735
 3427,29811.723, 9.958,5735
 3428,29821.689, 9.967,5735
 3429,29832.938,11.247,5735
 3430,29843.010,10.071,5735
 3431,29853.213,10.206,5735
 3432,29863.664,10.449,5735
 3433,29873.484, 9.820,5735
 3434,29882.721, 9.238,5735
 3435,29892.365, 9.645,5735
 3436,29902.033, 9.666,5735
 3437,29911.961, 9.930,5735
 3438,29921.738, 9.776,5735
 3439,29932.490,10.752,5735
 3440,29942.514,10.022,5735
 3441,29952.205, 9.692,5735
 3442,29962.357,10.153,5735
 3443,29972.447,10.090,5735
 3444,29982.447,10.000,5735
 3445,29992.561,10.113,5735
 3446,30002.285, 9.725,5735
 3447,30014.578,12.293,5735
 3448,30027.121,12.544,5735
 3449,30038.947,11.825,5735
 3450,30049.557,10.609,5735
 3451,30060.018,10.461,5735
 3452,30069.986, 9.969,5735
 3453,30081.293,11.308,5735
 3454,30091.305,10.011,5735
 3455,30101.037, 9.733,5735
 3456,30111.578,10.538,5735
 3457,30121.934,10.358,5735
 3458,30132.271,10.337,5735
 3459,30143.502,11.230,5735
 3460,30154.350,10.847,5735
 3461,30164.803,10.455,5735
 3462,30175.479,10.676,5735
 3463,30185.934,10.454,5735
 3464,30196.668,10.734,5735
 3465,30207.418,10.751,5735
 3466,30217.857,10.439,5735
 3467,30228.248,10.390,5735
 3468,30238.473,10.226,5735
 3469,30249.281,10.809,5735
 3470,30260.078,10.796,5735
 3471,30270.998,10.918,5735
 3472,30281.340,10.343,5735
 3473,30292.490,11.150,5735
 3474,30303.594,11.104,5735
 3475,30315.943,12.350,5735
 3476,30329.014,13.071,5735
 3477,30341.186,12.171,5735
 3478,30351.953,10.767,5735
 3479,30363.268,11.315,5735
 3480,30374.186,10.919,5735
 3481,30384.377,10.190,5735
 3482,30394.668,10.291,5735
 3483,30406.055,11.388,5735
 3484,30416.379,10.324,5735
 3485,30428.301,11.922,5735
 3486,30440.941,12.641,5735
 3487,30451.357,10.416,5735
 3488,30461.244, 9.885,5735
 3489,30472.486,11.241,5735
 3490,30482.715,10.231,5735
 3491,30492.754,10.038,5735
 3492,30502.869,10.117,5735
 3493,30513.250,10.380,5735
 3494,30523.617,10.366,5735
 3495,30534.061,10.446,5735
 3496,30544.102,10.040,5735
 3497,30554.068, 9.965,5735
 3498,30563.977, 9.910,5735
 3499,30574.320,10.342,5735
 3500,30584.006, 9.686,5735
 3501,30593.887, 9.882,5735
 3502,30603.973,10.086,5735
 3503,30613.861, 9.887,5735
 3504,30623.578, 9.716,5735
 3505,30633.529, 9.952,5735
 3506,30643.928,10.399,5735
 3507,30653.746, 9.817,5735
 3508,30663.268, 9.523,5735
 3509,30673.961,10.693,5735
 3510,30684.365,10.406,5735
 3511,30694.836,10.469,5735
 3512,30704.762, 9.925,5735
 3513,30715.143,10.383,5735
 3514,30725.014, 9.870,5735
 3515,30735.121,10.109,5735
 3516,30744.424, 9.301,5735
 3517,30755.150,10.726,5735
 3518,30765.205,10.056,5735
 3519,30776.334,11.129,5735
 3520,30787.158,10.822,5735
 3521,30798.477,11.320,5735
 3522,30809.098,10.622,5735
 3523,30821.959,12.861,5735
 3524,30833.709,11.751,5735
 3525,30844.777,11.068,5735
 3526,30855.566,10.787,5735
 3527,30866.703,11.138,5735
 3528,30877.361,10.657,5735
 3529,30888.313,10.954,5735
 3530,30900.170,11.854,5735
 3531,30911.549,11.380,5735
 3532,30922.633,11.085,5735
 3533,30934.270,11.636,5735
 3534,30945.465,11.195,5735
 3535,30956.703,11.239,5735
 3536,30968.549,11.847,5735
 3537,30978.629,10.078,5735
 3538,30988.723,10.095,5735
 3539,30999.090,10.367,5735
 3540,31009.010, 9.918,5735
 3541,31019.643,10.635,5735
 3542,31029.654,10.009,5735
 3543,31040.033,10.380,5735
 3544,31049.910, 9.877,5735
 3545,31059.990,10.080,5735
 3546,31069.654, 9.664,5735
 3547,31080.145,10.493,5735
 3548,31090.930,10.783,5735
 3549,31101.627,10.698,5735
 3550,31112.102,10.473,5735
 3551,31122.834,10.734,5735
 3552,31132.746, 9.912,5735
 3553,31142.826,10.080,5735
 3554,31153.715,10.889,5735
 3555,31163.898,10.181,5735
 3556,31174.131,10.235,5735
 3557,31184.082, 9.950,5735
 3558,31194.256,10.174,5735
 3559,31204.777,10.521,5735
 3560,31216.141,11.366,5735
 3561,31228.041,11.900,5735
 3562,31238.775,10.733,5735
 3563,31249.422,10.647,5735
 3564,31259.693,10.270,5735
 3565,31270.414,10.721,5735
 3566,31280.750,10.336,5735
 3567,31291.248,10.498,5735
 3568,31301.572,10.324,5735
 3569,31312.066,10.495,5735
 3570,31324.074,12.006,5735
 3571,31334.641,10.569,5735
 3572,31345.617,10.975,5735
 3573,31356.490,10.873,5735
 3574,31366.994,10.504,5735
 3575,31377.818,10.823,5735
 3576,31388.678,10.862,5735
 3577,31399.379,10.701,5735
 3578,31411.307,11.928,5735
 3579,31422.766,11.458,5735
 3580,31434.551,11.786,5735
 3581,31447.621,13.071,5735
 3582,31459.117,11.495,5735
 3583,31471.686,12.568,5735
 3584,31483.750,12.063,5735
 3585,31496.377,12.629,5735
 3586,31507.846,11.467,5735
 3587,31520.051,12.207,5735
 3588,31532.107,12.056,5735
 3589,31544.650,12.542,5735
 3590,31556.723,12.074,5735
 3591,31570.375,13.652,5735
 3592,31584.074,13.698,5735
 3593,31596.209,12.135,5735
 3594,31610.469,14.260,5735
 3595,31626.008,15.539,5735
 3596,31638.311,12.304,5735
 3597,31650.910,12.597,5735
 3598,31664.887,13.979,5735
 3599,31677.270,12.382,5735
 3600,31689.721,12.452,5735
 3601,31701.678,11.955,5735
 3602,31713.818,12.141,5735
 3603,31725.906,12.087,5735
 3604,31738.430,12.526,5735
 3605,31752.170,13.739,5735
 3606,31765.158,12.989,5735
 3607,31776.168,11.009,5735
 3608,31786.881,10.715,5735
 3609,31797.750,10.868,5735
 3610,31808.529,10.780,5735
 3611,31820.469,11.939,5735
 3612,31831.080,10.610,5735
 3613,31841.709,10.630,5735
 3614,31853.160,11.450,5735
 3615,31863.898,10.738,5735
 3616,31874.641,10.744,5735
 3617,31885.238,10.597,5735
 3618,31895.350,10.112,5735
 3619,31905.814,10.464,5735
 3620,31917.057,11.243,5735
 3621,31927.361,10.303,5735
 3622,31938.553,11.192,5735
 3623,31949.117,10.565,5735
 3624,31960.174,11.055,5735
 3625,31970.791,10.619,5735
 3626,31981.258,10.465,5735
 3627,31994.025,12.770,5735
 3628,32004.617,10.590,5735
 3629,32017.365,12.748,5735
 3630,32029.549,12.185,5735
 3631,32042.113,12.565,5735
 3632,32053.826,11.711,5735
 3633,32065.586,11.760,5735
 3634,32076.842,11.256,5735
 3635,32087.721,10.881,5735
 3636,32098.283,10.561,5735
 3637,32109.402,11.118,5735
 3638,32120.082,10.681,5735
 3639,32130.801,10.720,5735
 3640,32142.367,11.565,5735
 3641,32153.449,11.082,5735
 3642,32164.789,11.340,5735
 3643,32176.871,12.082,5735
 3644,32188.342,11.471,5735
 3645,32199.857,11.515,5735
 3646,32211.199,11.342,5735
 3647,32222.826,11.625,5735
 3648,32234.426,11.601,5735
 3649,32245.898,11.471,5735
 3650,32257.598,11.702,5735
 3651,32268.436,10.837,5735
 3652,32281.898,13.462,5735
 3653,32293.566,11.669,5735
 3654,32305.215,11.649,5735
 3655,32317.381,12.165,5735
 3656,32328.934,11.554,5735
 3657,32341.402,12.466,5735
 3658,32352.045,10.646,5735
 3659,32362.881,10.835,5735
 3660,32373.793,10.913,5735
 3661,32384.938,11.144,5735
 3662,32396.023,11.085,5735
 3663,32406.773,10.751,5735
 3664,32418.133,11.359,5735
 3665,32430.738,12.603,5735
 3666,32442.098,11.362,5735
 3667,32452.828,10.729,5735
 3668,32463.742,10.913,5735
 3669,32474.688,10.947,5735
 3670,32486.434,11.745,5735
 3671,32497.678,11.244,5735
 3672,32508.473,10.798,5735
 3673,32519.494,11.020,5735
 3674,32530.514,11.020,5735
 3675,32541.412,10.897,5735
 3676,32552.748,11.336,5735
 3677,32563.664,10.916,5735
 3678,32574.557,10.894,5735
 3679,32585.182,10.624,5735
 3680,32596.553,11.371,5735
 3681,32608.469,11.918,5735
 3682,32619.814,11.342,5735
 3683,32631.492,11.679,5735
 3684,32642.541,11.050,5735
 3685,32654.422,11.879,5735
 3686,32666.365,11.946,5735
 3687,32677.465,11.098,5735
 3688,32688.871,11.407,5735
 3689,32700.338,11.466,5735
 3690,32712.086,11.749,5735
 3691,32724.094,12.006,5735
 3692,32735.387,11.295,5735
 3693,32746.902,11.514,5735
 3694,32758.385,11.483,5735
 3695,32769.703,11.316,5735
 3696,32781.180,11.479,5735
 3697,32792.586,11.406,5735
 3698,32804.098,11.511,5735
 3699,32817.090,12.994,5735
 3700,32831.164,14.073,5735
 3701,32844.035,12.871,5735
 3702,32855.797,11.764,5735
 3703,32868.965,13.165,5735
 3704,32880.418,11.456,5735
 3705,32892.691,12.271,5735
 3706,32904.512,11.822,5735
 3707,32917.168,12.658,5735
 3708,32928.656,11.488,5735
 3709,32940.488,11.830,5735
 3710,32952.051,11.560,5735
 3711,32964.043,11.994,5735
 3712,32975.355,11.311,5735
 3713,32986.152,10.800,5735
 3714,32997.215,11.059,5735
 3715,33007.949,10.735,5735
 3716,33018.840,10.895,5735
 3717,33030.109,11.265,5735
 3718,33041.117,11.011,5735
 3719,33052.309,11.191,5735
 3720,33063.316,11.009,5735
 3721,33074.789,11.471,5735
 3722,33085.641,10.851,5735
 3723,33096.539,10.898,5735
 3724,33107.066,10.529,5735
 3725,33118.301,11.234,5735
 3726,33129.656,11.357,5735
 3727,33140.855,11.195,5735
 3728,33151.918,11.066,5735
 3729,33162.902,10.981,5735
 3730,33174.512,11.613,5735
 3731,33185.578,11.063,5735
 3732,33196.281,10.706,5735
 3733,33207.355,11.072,5735
 3734,33218.570,11.215,5735
 3735,33231.969,13.399,5735
 3736,33244.305,12.335,5735
 3737,33255.910,11.606,5735
 3738,33267.008,11.098,5735
 3739,33278.449,11.440,5735
 3740,33289.449,11.003,5735
 3741,33300.551,11.098,5735
 3742,33312.227,11.679,5735
 3743,33323.781,11.554,5735
 3744,33335.332,11.550,5735
 3745,33347.547,12.216,5735
 3746,33359.063,11.513,5735
 3747,33370.398,11.337,5735
 3748,33381.586,11.189,5735
 3749,33393.469,11.881,5735
 3750,33404.992,11.526,5735
 3751,33415.867,10.873,5735
 3752,33427.395,11.526,5735
 3753,33438.563,11.168,5735
 3754,33450.957,12.395,5735
 3755,33462.879,11.923,5735
 3756,33474.477,11.599,5735
 3757,33486.703,12.225,5735
 3758,33498.914,12.210,5735
 3759,33511.055,12.141,5735
 3760,33522.750,11.697,5735
 3761,33534.844,12.095,5735
 3762,33546.902,12.057,5735
 3763,33559.328,12.428,5735
 3764,33571.660,12.330,5735
 3765,33583.668,12.008,5735
 3766,33595.547,11.879,5735
 3767,33606.594,11.044,5735
 3768,33620.664,14.072,5735
 3769,33634.336,13.675,5735
 3770,33646.285,11.948,5735
 3771,33658.844,12.558,5735
 3772,33671.449,12.607,5735
 3773,33683.168,11.717,5735
 3774,33694.449,11.280,5735
 3775,33706.371,11.923,5735
 3776,33717.070,10.697,5735
 3777,33728.266,11.197,5735
 3778,33739.367,11.100,5735
 3779,33751.238,11.872,5735
 3780,33763.105,11.870,5735
 3781,33775.676,12.569,5735
 3782,33787.289,11.611,5735
 3783,33798.906,11.620,5735
 3784,33810.219,11.310,5735
 3785,33821.953,11.734,5735
 3786,33833.758,11.806,5735
 3787,33845.262,11.503,5735
 3788,33857.195,11.931,5735
 3789,33869.934,12.742,5735
 3790,33881.977,12.043,5735
 3791,33893.305,11.330,5735
 3792,33903.934,10.628,5735
 3793,33914.992,11.057,5735
 3794,33925.813,10.823,5735
 3795,33936.824,11.013,5735
 3796,33947.531,10.703,5735
 3797,33958.441,10.911,5735
 3798,33968.961,10.520,5735
 3799,33980.441,11.482,5735
 3800,33991.418,10.972,5735
 3801,34003.102,11.686,5735
 3802,34015.395,12.294,5735
 3803,34028.672,13.277,5735
 3804,34040.285,11.612,5735
 3805,34051.578,11.292,5735
 3806,34063.680,12.104,5735
 3807,34075.645,11.965,5735
 3808,34087.285,11.640,5735
 3809,34098.539,11.252,5735
 3810,34109.664,11.130,5735
 3811,34121.984,12.319,5735
 3812,34133.203,11.216,5735
 3813,34144.602,11.400,5735
 3814,34155.500,10.898,5735
 3815,34167.590,12.088,5735
 3816,34178.469,10.882,5735
 3817,34190.469,12.000,5735
 3818,34203.527,13.054,5735
 3819,34215.211,11.686,5735
 3820,34226.402,11.192,5735
 3821,34238.320,11.921,5735
 3822,34250.742,12.418,5735
 3823,34262.738,11.998,5735
 3824,34275.238,12.498,5735
 3825,34286.992,11.757,5735
 3826,34299.785,12.789,5735
 3827,34311.203,11.419,5735
 3828,34323.059,11.854,5735
 3829,34335.746,12.688,5735
 3830,34348.277,12.534,5735
 3831,34360.441,12.164,5735
 3832,34371.672,11.232,5735
 3833,34383.363,11.685,5735
 3834,34394.508,11.150,5735
 3835,34406.242,11.733,5735
 3836,34417.430,11.186,5735
 3837,34430.641,13.215,5735
 3838,34442.973,12.329,5735
 3839,34454.602,11.629,5735
 3840,34465.637,11.037,5735
 3841,34476.766,11.128,5735
 3842,34488.156,11.390,5735
 3843,34499.672,11.519,5735
 3844,34511.340,11.665,5735
 3845,34523.020,11.676,5735
 3846,34534.402,11.383,5735
 3847,34546.273,11.873,5735
 3848,34557.543,11.268,5735
 3849,34568.738,11.196,5735
 3850,34579.926,11.189,5735
 3851,34590.988,11.065,5735
 3852,34601.723,10.729,5735
 3853,34612.727,11.006,5735
 3854,34625.148,12.425,5735
 3855,34636.195,11.043,5735
 3856,34646.918,10.724,5735
 3857,34658.008,11.093,5735
 3858,34668.582,10.572,5735
 3859,34679.434,10.853,5735
 3860,34691.531,12.093,5735
 3861,34702.375,10.846,5735
 3862,34712.801,10.426,5735
 3863,34723.906,11.106,5735
 3864,34734.809,10.903,5735
 3865,34746.031,11.220,5735
 3866,34756.703,10.673,5735
 3867,34767.891,11.188,5735
 3868,34779.082,11.190,5735
 3869,34790.617,11.537,5735
 3870,34801.645,11.029,5735
 3871,34813.098,11.451,5735
 3872,34826.098,13.000,5735
 3873,34841.156,15.059,5735
 3874,34853.691,12.534,5735
 3875,34866.691,12.997,5735
 3876,34878.305,11.618,5735
 3877,34891.320,13.017,5735
 3878,34903.582,12.258,5735
 3879,34915.785,12.206,5735
 3880,34928.184,12.394,5735
 3881,34941.852,13.671,5735
 3882,34954.789,12.939,5735
 3883,34968.867,14.075,5735
 3884,34981.820,12.955,5735
 3885,34994.316,12.498,5735
 3886,35006.480,12.164,5735
 3887,35018.645,12.162,5735
 3888,35029.465,10.821,5735
 3889,35040.785,11.318,5735
 3890,35052.027,11.242,5735
 3891,35063.199,11.172,5735
 3892,35074.387,11.188,5735
 3893,35086.266,11.881,5735
 3894,35096.883,10.616,5735
 3895,35107.770,10.887,5735
 3896,35118.477,10.707,5735
 3897,35129.434,10.956,5735
 3898,35140.586,11.152,5735
 3899,35152.598,12.013,5735
 3900,35163.930,11.332,5735
 3901,35176.973,13.044,5735
 3902,35189.145,12.170,5735
 3903,35200.961,11.816,5735
 3904,35212.281,11.323,5735
 3905,35225.738,13.453,5735
 3906,35238.168,12.434,5735
 3907,35249.691,11.521,5735
 3908,35261.219,11.529,5735
 3909,35272.859,11.640,5735
 3910,35283.363,10.502,5735
 3911,35295.262,11.899,5735
 3912,35306.570,11.311,5735
 3913,35317.887,11.313,5735
 3914,35329.699,11.811,5735
 3915,35341.926,12.231,5735
 3916,35353.719,11.792,5735
 3917,35366.844,13.126,5735
 3918,35378.730,11.885,5735
 3919,35391.488,12.759,5735
 3920,35402.570,11.082,5735
 3921,35414.125,11.555,5735
 3922,35425.938,11.812,5735
 3923,35437.539,11.601,5735
 3924,35448.715,11.176,5735
 3925,35460.434,11.720,5735
 3926,35473.035,12.600,5735
 3927,35485.570,12.536,5735
 3928,35498.254,12.683,5735
 3929,35510.250,11.994,5735
 3930,35522.340,12.095,5735
 3931,35534.305,11.965,5735
 3932,35545.563,11.252,5735
 3933,35557.418,11.859,5735
 3934,35569.035,11.616,5735
 3935,35581.656,12.622,5735
 3936,35594.035,12.378,5735
 3937,35605.637,11.604,5735
 3938,35616.801,11.163,5735
 3939,35630.398,13.595,5735
 3940,35641.906,11.511,5735
 3941,35653.203,11.295,5735
 3942,35664.434,11.231,5735
 3943,35675.785,11.350,5735
 3944,35687.543,11.759,5735
 3945,35699.063,11.518,5735
 3946,35710.496,11.436,5735
 3947,35722.035,11.535,5735
 3948,35732.410,10.379,5735
 3949,35743.617,11.206,5735
 3950,35755.074,11.457,5735
 3951,35766.367,11.293,5735
 3952,35777.215,10.848,5735
 3953,35789.539,12.321,5735
 3954,35800.793,11.258,5735
 3955,35812.547,11.754,5735
 3956,35825.480,12.933,5735
 3957,35838.199,12.718,5735
 3958,35849.934,11.736,5735
 3959,35861.691,11.756,5735
 3960,35872.770,11.077,5735
 3961,35884.262,11.494,5735
 3962,35895.664,11.404,5735
 3963,35907.297,11.630,5735
 3964,35918.445,11.149,5735
 3965,35929.637,11.193,5735
 3966,35940.891,11.254,5735
 3967,35952.031,11.137,5735
 3968,35963.105,11.079,5735
 3969,35974.266,11.158,5735
 3970,35985.168,10.904,5735
 3971,35996.395,11.226,5735
 3972,36008.156,11.762,5735
 3973,36021.461,13.303,5735
 3974,36034.652,13.194,5735
 3975,36047.992,13.340,5735
 3976,36062.359,14.363,5735
 3977,36075.391,13.032,5735
 3978,36088.836,13.448,5735
 3979,36101.695,12.855,5735
 3980,36114.250,12.557,5735
 3981,36126.664,12.418,5735
 3982,36138.762,12.095,5735
 3983,36151.625,12.864,5735
 3984,36163.559,11.931,5735
 3985,36175.977,12.419,5735
 3986,36187.516,11.535,5735
 3987,36199.133,11.623,5735
 3988,36211.145,12.013,5735
 3989,36223.547,12.397,5735
 3990,36235.383,11.838,5735
 3991,36247.883,12.500,5735
 3992,36259.660,11.779,5735
 3993,36271.891,12.229,5735
 3994,36283.469,11.578,5735
 3995,36296.613,13.145,5735
 3996,36309.371,12.756,5735
 3997,36322.063,12.691,5735
 3998,36334.320,12.260,5735
 3999,36346.879,12.558,5735
 4000,36359.609,12.730,5735
 4001,36372.035,12.424,5735
 4002,36383.656,11.627,5735
 4003,36394.410,10.748,5735
 4004,36405.574,11.165,5735
 4005,36416.742,11.168,5735
 4006,36429.477,12.737,5735
 4007,36442.883,13.406,5735
 4008,36455.176,12.294,5735
 4009,36466.840,11.665,5735
 4010,36478.641,11.797,5735
 4011,36490.559,11.917,5735
 4012,36502.215,11.658,5735
 4013,36513.961,11.747,5735
 4014,36525.539,11.577,5735
 4015,36539.070,13.531,5735
 4016,36551.379,12.307,5735
 4017,36563.070,11.692,5735
 4018,36574.086,11.016,5735
 4019,36585.648,11.563,5735
 4020,36596.875,11.228,5735
 4021,36608.672,11.799,5735
 4022,36619.887,11.211,5735
 4023,36631.191,11.305,5735
 4024,36643.180,11.985,5735
 4025,36655.590,12.414,5735
 4026,36666.984,11.394,5735
 4027,36678.625,11.643,5735
 4028,36690.949,12.323,5735
 4029,36702.293,11.344,5735
 4030,36713.930,11.637,5735
 4031,36725.051,11.117,5735
 4032,36736.555,11.504,5735
 4033,36748.660,12.109,5735
 4034,36760.188,11.523,5735
 4035,36772.082,11.898,5735
 4036,36784.152,12.070,5735
 4037,36796.320,12.171,5735
 4038,36808.430,12.107,5735
 4039,36821.684,13.250,5735
 4040,36835.570,13.888,5735
 4041,36848.984,13.419,5735
 4042,36862.340,13.355,5735
 4043,36876.145,13.802,5735
 4044,36889.211,13.066,5735
 4045,36902.559,13.348,5735
 4046,36915.133,12.576,5735
 4047,36927.461,12.327,5735
 4048,36939.855,12.394,5735
 4049,36953.570,13.717,5735
 4050,36968.293,14.721,5735
 4051,36981.949,13.656,5735
 4052,36995.461,13.513,5735
 4053,37008.152,12.693,5735
 4054,37021.094,12.938,5735
 4055,37032.891,11.795,5735
 4056,37044.617,11.728,5735
 4057,37056.789,12.175,5735
 4058,37068.906,12.113,5735
 4059,37081.469,12.566,5735
 4060,37093.574,12.105,5735
 4061,37105.875,12.298,5735
 4062,37117.684,11.811,5735
 4063,37129.410,11.726,5735
 4064,37140.703,11.291,5735
 4065,37152.488,11.791,5735
 4066,37164.016,11.523,5735
 4067,37177.395,13.380,5735
 4068,37190.004,12.610,5735
 4069,37202.551,12.546,5735
 4070,37214.805,12.255,5735
 4071,37227.051,12.245,5735
 4072,37242.082,15.032,5735
 4073,37255.465,13.383,5735
 4074,37268.977,13.510,5735
 4075,37282.168,13.193,5735
 4076,37295.090,12.921,5735
 4077,37308.078,12.989,5735
 4078,37320.820,12.743,5735
 4079,37333.672,12.850,5735
 4080,37346.926,13.254,5735
 4081,37360.223,13.297,5735
 4082,37372.555,12.330,5735
 4083,37384.363,11.811,5735
 4084,37397.609,13.248,5735
 4085,37410.273,12.660,5735
 4086,37422.586,12.313,5735
 4087,37435.410,12.825,5735
 4088,37447.297,11.887,5735
 4089,37460.617,13.323,5735
 4090,37473.637,13.017,5735
 4091,37486.664,13.027,5735
 4092,37499.211,12.548,5735
 4093,37511.965,12.753,5735
 4094,37524.418,12.454,5735
 4095,37537.293,12.874,5735
 4096,37549.320,12.027,5735
 4097,37561.586,12.266,5735
 4098,37573.695,12.107,5735
 4099,37586.328,12.636,5735
 4100,37599.930,13.601,5735
 4101,37613.520,13.589,5735
 4102,37627.117,13.598,5735
 4103,37641.051,13.935,5735
 4104,37653.836,12.787,5735
 4105,37666.012,12.171,5735
 4106,37677.605,11.597,5735
 4107,37691.664,14.059,5735
 4108,37704.059,12.394,5735
 4109,37716.074,12.016,5735
 4110,37727.969,11.895,5735
 4111,37739.758,11.787,5735
 4112,37751.555,11.794,5735
 4113,37763.043,11.491,5735
 4114,37774.734,11.691,5735
 4115,37787.156,12.424,5735
 4116,37798.938,11.779,5735
 4117,37811.496,12.563,5735
 4118,37823.277,11.779,5735
 4119,37834.527,11.246,5735
 4120,37846.188,11.662,5735
 4121,37858.066,11.880,5735
 4122,37870.160,12.097,5735
 4123,37882.379,12.215,5735
 4124,37893.922,11.543,5735
 4125,37906.457,12.538,5735
 4126,37918.590,12.129,5735
 4127,37930.309,11.722,5735
 4128,37941.891,11.581,5735
 4129,37953.875,11.982,5735
 4130,37965.820,11.948,5735
 4131,37977.707,11.883,5735
 4132,37990.844,13.137,5735
 4133,38003.398,12.556,5735
 4134,38014.980,11.584,5735
 4135,38028.801,13.821,5735
 4136,38042.965,14.162,5735
 4137,38054.672,11.711,5735
 4138,38065.945,11.271,5735
 4139,38077.617,11.673,5735
 4140,38089.902,12.282,5735
 4141,38102.563,12.660,5735
 4142,38116.195,13.632,5735
 4143,38128.063,11.867,5735
 4144,38140.809,12.750,5735
 4145,38152.664,11.857,5735
 4146,38164.813,12.147,5735
 4147,38177.449,12.636,5735
 4148,38191.305,13.855,5735
 4149,38203.602,12.295,5735
 4150,38216.227,12.623,5735
 4151,38227.809,11.586,5735
 4152,38242.129,14.319,5735
 4153,38255.156,13.028,5735
 4154,38267.656,12.502,5735
 4155,38280.523,12.862,5735
 4156,38293.164,12.644,5735
 4157,38305.461,12.297,5735
 4158,38318.082,12.619,5735
 4159,38331.168,13.090,5735
 4160,38345.043,13.869,5735
 4161,38358.418,13.380,5735
 4162,38371.785,13.364,5735
 4163,38385.785,14.000,5735
 4164,38398.570,12.787,5735
 4165,38411.672,13.101,5735
 4166,38423.605,11.935,5735
 4167,38437.906,14.300,5735
 4168,38452.016,14.108,5735
 4169,38464.590,12.574,5735
 4170,38476.418,11.827,5735
 4171,38488.703,12.287,5735
 4172,38500.469,11.767,5735
 4173,38512.586,12.115,5735
 4174,38524.305,11.719,5735
 4175,38536.445,12.141,5735
 4176,38548.898,12.455,5735
 4177,38561.227,12.326,5735
 4178,38573.566,12.339,5735
 4179,38585.531,11.965,5735
 4180,38597.160,11.633,5735
 4181,38609.199,12.035,5735
 4182,38622.605,13.409,5735
 4183,38635.859,13.250,5735
 4184,38648.832,12.978,5735
 4185,38661.715,12.881,5735
 4186,38673.496,11.783,5735
 4187,38685.402,11.903,5735
 4188,38696.938,11.537,5735
 4189,38709.293,12.354,5735
 4190,38721.402,12.110,5735
 4191,38733.480,12.080,5735
 4192,38746.801,13.320,5735
 4193,38758.953,12.149,5735
 4194,38771.762,12.811,5735
 4195,38783.785,12.021,5735
 4196,38795.512,11.726,5735
 4197,38807.762,12.253,5735
 4198,38819.180,11.416,5735
 4199,38833.738,14.558,5735
 4200,38846.793,13.057,5735
 4201,38859.324,12.532,5735
 4202,38871.809,12.486,5735
 4203,38883.984,12.176,5735
 4204,38896.328,12.341,5735
 4205,38908.484,12.156,5735
 4206,38919.723,11.237,5735
 4207,38931.203,11.478,5735
 4208,38942.328,11.132,5735
 4209,38954.137,11.808,5735
 4210,38966.922,12.781,5735
 4211,38979.969,13.047,5735
 4212,38992.059,12.090,5735
 4213,39004.336,12.279,5735
 4214,39016.500,12.166,5735
 4215,39028.512,12.006,5735
 4216,39040.902,12.393,5735
 4217,39052.813,11.913,5735
 4218,39065.539,12.722,5735
 4219,39077.852,12.312,5735
 4220,39091.141,13.293,5735
 4221,39104.047,12.903,5735
 4222,39116.563,12.515,5735
 4223,39129.602,13.042,5735
 4224,39142.273,12.674,5735
 4225,39154.637,12.362,5735
 4226,39165.984,11.348,5735
 4227,39178.199,12.213,5735
 4228,39189.797,11.600,5735
 4229,39201.945,12.146,5735
 4230,39213.797,11.853,5735
 4231,39225.242,11.442,5735
 4232,39237.891,12.649,5735
 4233,39251.867,13.975,5735
 4234,39263.793,11.931,5735
 4235,39276.129,12.334,5735
 4236,39288.035,11.903,5735
 4237,39300.570,12.536,5735
 4238,39311.750,11.181,5735
 4239,39324.176,12.426,5735
 4240,39336.176,11.998,5735
 4241,39348.453,12.282,5735
 4242,39360.715,12.261,5735
 4243,39373.219,12.502,5735
 4244,39384.992,11.774,5735
 4245,39396.434,11.441,5735
 4246,39408.727,12.292,5735
 4247,39420.852,12.126,5735
 4248,39432.219,11.367,5735
 4249,39444.113,11.896,5735
 4250,39455.973,11.861,5735
 4251,39468.070,12.095,5735
 4252,39479.813,11.743,5735
 4253,39491.453,11.641,5735
 4254,39502.996,11.544,5735
 4255,39515.320,12.323,5735
 4256,39526.941,11.622,5735
 4257,39538.863,11.918,5735
 4258,39550.641,11.779,5735
 4259,39564.953,14.314,5735
 4260,39576.578,11.622,5735
 4261,39588.512,11.935,5735
 4262,39600.801,12.290,5735
 4263,39612.875,12.075,5735
 4264,39626.656,13.784,5735
 4265,39640.922,14.262,5735
 4266,39655.773,14.853,5735
 4267,39668.883,13.107,5735
 4268,39683.371,14.490,5735
 4269,39696.852,13.476,5735
 4270,39709.883,13.035,5735
 4271,39723.879,13.996,5735
 4272,39738.934,15.054,5735
 4273,39752.602,13.671,5735
 4274,39765.402,12.799,5735
 4275,39777.934,12.532,5735
 4276,39790.078,12.144,5735
 4277,39801.566,11.486,5735
 4278,39813.031,11.464,5735
 4279,39824.684,11.653,5735
 4280,39836.898,12.216,5735
 4281,39848.941,12.044,5735
 4282,39861.160,12.222,5735
 4283,39873.188,12.023,5735
 4284,39884.824,11.639,5735
 4285,39896.441,11.614,5735
 4286,39908.039,11.599,5735
 4287,39919.531,11.491,5735
 4288,39931.180,11.650,5735
 4289,39943.387,12.205,5735
 4290,39955.418,12.032,5735
 4291,39967.668,12.253,5735
 4292,39979.281,11.613,5735
 4293,39991.492,12.211,5735
 4294,40003.270,11.777,5735
 4295,40015.297,12.027,5735
 4296,40026.391,11.092,5735
 4297,40039.285,12.897,5735
 4298,40053.297,14.012,5735
 4299,40065.129,11.830,5735
 4300,40077.434,12.305,5735
 4301,40089.605,12.173,5735
 4302,40101.801,12.194,5735
 4303,40114.090,12.290,5735
 4304,40127.508,13.417,5735
 4305,40140.875,13.365,5735
 4306,40152.992,12.123,5735
 4307,40166.121,13.126,5735
 4308,40178.402,12.280,5735
 4309,40191.891,13.490,5735
 4310,40204.629,12.737,5735
 4311,40216.793,12.163,5735
 4312,40229.566,12.774,5735
 4313,40242.523,12.956,5735
 4314,40255.707,13.182,5735
 4315,40270.551,14.846,5637
 4316,40283.434,12.884,5637
 4317,40292.609, 9.178,5637
 4318,40303.938,11.326,5637
 4319,40311.055, 7.116,5637
 4320,40319.289, 8.238,5637
 4321,40326.461, 7.170,5637
 4322,40335.730, 9.269,5637
 4323,40346.801,11.070,5637
 4324,40356.043, 9.239,5637
 4325,40364.477, 8.438,5637
 4326,40374.891,10.412,5637
 4327,40385.746,10.856,5637
 4328,40397.688,11.939,5637
 4329,40408.465,10.779,5637
 4330,40419.859,11.392,5637
 4331,40436.570,16.716,5637
 4332,40445.023, 8.450,5637
 4333,40451.383, 6.359,5637
 4334,40459.223, 7.840,5637
 4335,40465.293, 6.074,5637
 4336,40471.383, 6.088,5637
 4337,40477.699, 6.314,5637
 4338,40484.348, 6.648,5637
 4339,40492.832, 8.489,5637
 4340,40502.867,10.033,5637
 4341,40511.969, 9.105,5637
 4342,40521.375, 9.402,5637
 4343,40528.930, 7.555,5637
 4344,40536.914, 7.986,5637
 4345,40543.871, 6.954,5637
 4346,40550.363, 6.492,5637
 4347,40558.457, 8.096,5637
 4348,40575.125,16.669,5637
 4349,40588.012,12.886,5637
 4350,40604.512,16.499,5637
 4351,40615.605,11.095,5637
 4352,40623.902, 8.296,5637
 4353,40631.719, 7.817,5637
 4354,40638.859, 7.137,5637
 4355,40647.914, 9.057,5637
 4356,40657.488, 9.576,5637
 4357,40666.273, 8.786,5637
 4358,40677.086,10.812,5637
 4359,40686.051, 8.962,5637
 4360,40695.965, 9.917,5637
 4361,40709.156,13.191,5637
 4362,40720.000,10.845,5637
 4363,40729.520, 9.517,5637
 4364,40738.887, 9.368,5637
 4365,40748.363, 9.473,5637
 4366,40759.219,10.858,5637
 4367,40768.676, 9.455,5637
 4368,40778.750,10.076,5637
 4369,40790.313,11.566,5637
 4370,40802.012,11.694,5637
 4371,40813.160,11.154,5637
 4372,40821.695, 8.532,5637
 4373,40830.383, 8.686,5637
 4374,40842.313,11.931,5637
 4375,40854.730,12.418,5637
 4376,40864.242, 9.511,5637
 4377,40877.457,13.218,5637
 4378,40889.113,11.656,5637
 4379,40901.582,12.468,5637
 4380,40913.605,12.023,5637
 4381,40925.227,11.619,5637
 4382,40935.500,10.278,5637
 4383,40947.910,12.407,5637
 4384,40957.441, 9.533,5637
 4385,40964.867, 7.424,5637
 4386,40971.320, 6.455,5637
 4387,40979.055, 7.733,5637
 4388,40990.137,11.084,5637
 4389,41001.730,11.590,5637
 4390,41012.523,10.794,5637
 4391,41022.270, 9.747,5637
 4392,41034.852,12.581,5637
 4393,41044.633, 9.782,5637
 4394,41059.434,14.803,5637
 4395,41069.707,10.271,5637
 4396,41078.777, 9.072,5637
 4397,41090.492,11.716,5653
 4398,41104.637,14.142,5653
 4399,41117.895,13.258,5653
 4400,41127.828, 9.935,5653
 4401,41143.809,15.979,5621
 4402,41151.762, 7.953,5621
 4403,41166.660,14.900,5621
 4404,41175.059, 8.398,5621
 4405,41184.824, 9.765,5621
 4406,41194.859,10.034,5621
 4407,41204.883,10.024,5621
 4408,41213.262, 8.379,5621
 4409,41220.973, 7.712,5621
 4410,41228.707, 7.733,5621
 4411,41237.102, 8.394,5621
 4412,41245.457, 8.355,5621
 4413,41257.328,11.874,5621
 4414,41269.984,12.655,5621
 4415,41282.730,12.747,5621
 4416,41292.961,10.228,5621
 4417,41302.457, 9.499,5621
 4418,41311.465, 9.006,5621
 4419,41321.438, 9.972,5621
 4420,41331.395, 9.958,5621
 4421,41340.098, 8.705,5621
 4422,41349.578, 9.476,5621
 4423,41381.754,32.178,5669
 4424,41402.387,20.632,5669
 4425,41410.070, 7.685,5669
 4426,41418.398, 8.326,5685
 4427,41427.152, 8.755,5685
 4428,41438.070,10.919,5685
 4429,41446.637, 8.566,5685
 4430,41456.523, 9.886,5685
 4431,41463.875, 7.353,5685
 4432,41471.613, 7.738,5685
 4433,41479.129, 7.515,5685
 4434,41486.383, 7.252,5685
 4435,41495.473, 9.091,5685
 4436,41507.297,11.827,5685
 4437,41518.871,11.571,5685
 4438,41528.297, 9.426,5685
 4439,41536.320, 8.024,5701
 4440,41543.844, 7.521,5701
 4441,41552.008, 8.165,5701
 4442,41561.824, 9.821,5701
 4443,41575.633,13.809,5701
 4444,41588.965,13.330,5701
 4445,41599.656,10.690,5701
 4446,41606.438, 6.781,5701
 4447,41615.129, 8.694,5701
 4448,41622.246, 7.116,5701
 4449,41628.953, 6.708,5701
 4450,41640.145,11.190,5701
 4451,41646.547, 6.399,5701
 4452,41658.891,12.344,5701
 4453,41667.410, 8.520,5701
 4454,41673.676, 6.268,5701
 4455,41681.531, 7.854,5701
 4456,41688.316, 6.787,5701
 4457,41694.980, 6.664,5701
 4458,41701.727, 6.746,5701
 4459,41708.723, 6.995,5701
 4460,41715.504, 6.781,5701
 4461,41723.434, 7.929,5701
 4462,41733.676,10.240,5701
 4463,41742.762, 9.091,5701
 4464,41750.934, 8.172,5701
 4465,41765.434,14.499,5701
 4466,41775.219, 9.785,5701
 4467,41784.395, 9.175,5701
 4468,41796.977,12.584,5701
 4469,41810.348,13.368,5701
 4470,41826.090,15.743,5701
 4471,41838.543,12.452,5701
 4472,41852.090,13.547,5701
 4473,41862.813,10.727,5701
 4474,41872.930,10.115,5701
 4475,41880.672, 7.740,5701
 4476,41891.621,10.953,5701
 4477,41902.340,10.714,5701
 4478,41911.938, 9.600,5701
 4479,41921.945,10.010,5701
 4480,41931.805, 9.859,5701
 4481,41942.355,10.550,5701
 4482,41952.855,10.497,5701
 4483,41965.145,12.294,5701
 4484,41972.379, 7.229,5701
 4485,41979.488, 7.115,5701
 4486,41985.730, 6.237,5701
 4487,41992.027, 6.300,5701
 4488,42001.137, 9.111,5701
 4489,42014.543,13.402,5701
 4490,42023.582, 9.041,5701
 4491,42034.281,10.699,5701
 4492,42041.922, 7.643,5701
 4493,42049.258, 7.332,5701
 4494,42057.715, 8.460,5701
 4495,42064.711, 6.994,5701
 4496,42072.461, 7.751,5701
 4497,42080.672, 8.208,5701
 4498,42089.426, 8.759,5701
 4499,42097.848, 8.417,5701
 4500,42107.074, 9.230,5701
 4501,42115.465, 8.390,5701
 4502,42126.930,11.465,5701
 4503,42135.176, 8.243,5701
 4504,42143.012, 7.836,5701
 4505,42150.758, 7.748,5701
 4506,42158.566, 7.809,5701
 4507,42183.637,25.071,5701
 4508,42197.902,14.265,5701
 4509,42205.898, 7.996,5701
 4510,42212.746, 6.847,5701
 4511,42218.230, 5.484,5701
 4512,42224.711, 6.482,5701
 4513,42230.156, 5.448,5701
 4514,42235.891, 5.731,5701
 4515,42242.488, 6.601,5701
 4516,42250.242, 7.751,5701
 4517,42258.453, 8.212,5701
 4518,42265.719, 7.265,5701
 4519,42273.484, 7.766,5701
 4520,42280.070, 6.586,5701
 4521,42288.203, 8.129,5701
 4522,42295.730, 7.528,5701
 4523,42302.926, 7.199,5701
 4524,42310.273, 7.347,5701
 4525,42317.699, 7.424,5701
 4526,42326.496, 8.799,5701
 4527,42333.316, 6.822,5701
 4528,42341.777, 8.457,5701
 4529,42348.813, 7.037,5733
 4530,42356.211, 7.399,5733
 4531,42362.723, 6.510,5733
 4532,42370.203, 7.481,5701
 4533,42377.711, 7.507,5701
 4534,42387.809,10.101,5701
 4535,42394.512, 6.698,5701
 4536,42402.152, 7.647,5701
 4537,42408.977, 6.820,5701
 4538,42415.219, 6.244,5701
 4539,42421.801, 6.583,5701
 4540,42428.891, 7.086,5701
 4541,42435.219, 6.331,5701
 4542,42441.898, 6.680,5701
 4543,42448.746, 6.844,5701
 4544,42454.625, 5.882,5701
 4545,42461.652, 7.027,5701
 4546,42468.371, 6.717,5701
 4547,42475.535, 7.163,5701
 4548,42482.449, 6.917,5701
 4549,42488.305, 5.857,5701
 4550,42494.531, 6.225,5701
 4551,42500.613, 6.082,5701
 4552,42507.965, 7.352,5701
 4553,42514.938, 6.970,5701
 4554,42521.762, 6.827,5701
 4555,42528.012, 6.247,5701
 4556,42534.930, 6.921,5701
 4557,42541.988, 7.060,5701
 4558,42548.691, 6.700,5701
 4559,42555.633, 6.945,5701
 4560,42562.715, 7.076,5701
 4561,42568.648, 5.936,5701
 4562,42575.570, 6.922,5701
 4563,42581.445, 5.876,5701
 4564,42587.738, 6.294,5701
 4565,42593.793, 6.052,5701
 4566,42599.711, 5.918,5701
 4567,42606.953, 7.246,5701
 4568,42613.945, 6.990,5701
 4569,42620.016, 6.069,5701
 4570,42626.246, 6.230,5701
 4571,42633.117, 6.874,5701
 4572,42639.250, 6.132,5701
 4573,42645.289, 6.040,5701
 4574,42651.656, 6.369,5701
 4575,42657.316, 5.659,5701
 4576,42662.836, 5.516,5701
 4577,42669.426, 6.589,5701
 4578,42675.133, 5.710,5701
 4579,42680.844, 5.709,5701
 4580,42687.383, 6.538,5701
 4581,42693.984, 6.607,5701
 4582,42699.656, 5.671,5701
 4583,42705.266, 5.608,5701
 4584,42712.004, 6.733,5701
 4585,42719.770, 7.771,5701
 4586,42726.676, 6.902,5701
 4587,42733.371, 6.698,5701
 4588,42739.461, 6.092,5701
 4589,42745.723, 6.257,5701
 4590,42751.871, 6.150,5701
 4591,42758.328, 6.458,5701
 4592,42764.105, 5.776,5701
 4593,42770.648, 6.544,5701
 4594,42776.336, 5.686,5701
 4595,42782.270, 5.937,5701
 4596,42788.895, 6.624,5701
 4597,42795.285, 6.390,5701
 4598,42800.938, 5.654,5701
 4599,42806.922, 5.985,5701
 4600,42813.613, 6.689,5701
 4601,42820.195, 6.583,5701
 4602,42827.055, 6.859,5701
 4603,42833.188, 6.129,5701
 4604,42839.668, 6.483,5701
 4605,42845.207, 5.540,5701
 4606,42851.590, 6.383,5701
 4607,42857.391, 5.800,5701
 4608,42863.840, 6.448,5701
 4609,42870.211, 6.372,5701
 4610,42876.668, 6.456,5701
 4611,42883.207, 6.539,5701
 4612,42889.750, 6.546,5701
 4613,42895.504, 5.751,5701
 4614,42901.191, 5.688,5701
 4615,42907.727, 6.537,5701
 4616,42913.188, 5.459,5701
 4617,42919.684, 6.496,5701
 4618,42925.438, 5.756,5701
 4619,42931.578, 6.142,5701
 4620,42937.305, 5.725,5701
 4621,42943.055, 5.750,5701
 4622,42949.035, 5.978,5701
 4623,42954.875, 5.842,5701
 4624,42960.633, 5.758,5701
 4625,42966.715, 6.081,5701
 4626,42973.488, 6.776,5701
 4627,42980.172, 6.681,5701
 4628,42986.211, 6.041,5701
 4629,42992.113, 5.900,5701
 4630,42998.230, 6.119,5701
 4631,43003.926, 5.696,5701
 4632,43009.934, 6.008,5701
 4633,43015.969, 6.035,5701
 4634,43022.891, 6.922,5701
 4635,43029.035, 6.144,5701
 4636,43035.488, 6.453,5701
 4637,43043.047, 7.556,5701
 4638,43050.480, 7.436,5701
 4639,43056.930, 6.448,5701
 4640,43063.879, 6.949,5701
 4641,43069.660, 5.783,5701
 4642,43075.539, 5.878,5701
 4643,43081.313, 5.777,5701
 4644,43087.121, 5.806,5701
 4645,43092.773, 5.651,5701
 4646,43098.961, 6.191,5701
 4647,43105.625, 6.663,5701
 4648,43112.176, 6.546,5701
 4649,43119.523, 7.350,5701
 4650,43127.090, 7.566,5701
 4651,43134.152, 7.067,5701
 4652,43141.488, 7.334,5701
 4653,43148.617, 7.130,5701
 4654,43154.914, 6.292,5701
 4655,43161.238, 6.327,5701
 4656,43167.488, 6.253,5701
 4657,43173.547, 6.053,5701
 4658,43179.621, 6.076,5701
 4659,43185.789, 6.170,5701
 4660,43192.094, 6.302,5701
 4661,43199.328, 7.239,5701
 4662,43205.535, 6.203,5701
 4663,43212.625, 7.091,5701
 4664,43219.000, 6.373,5701
 4665,43225.262, 6.264,5701
 4666,43231.586, 6.322,5701
 4667,43238.230, 6.644,5701
 4668,43244.641, 6.412,5701
 4669,43251.641, 7.003,5701
 4670,43257.742, 6.097,5701
 4671,43264.641, 6.903,5701
 4672,43270.348, 5.703,5701
 4673,43275.930, 5.582,5701
 4674,43282.000, 6.069,5701
 4675,43287.973, 5.977,5701
 4676,43294.410, 6.435,5701
 4677,43300.066, 5.657,5701
 4678,43306.512, 6.443,5701
 4679,43312.047, 5.535,5701
 4680,43317.859, 5.813,5701
 4681,43323.363, 5.505,5701
 4682,43328.918, 5.554,5701
 4683,43335.355, 6.439,5701
 4684,43340.984, 5.628,5701
 4685,43346.645, 5.662,5701
 4686,43353.754, 7.106,5701
 4687,43360.137, 6.385,5701
 4688,43366.887, 6.748,5701
 4689,43374.180, 7.293,5701
 4690,43381.578, 7.398,5701
 4691,43388.211, 6.633,5701
 4692,43393.820, 5.613,5701
 4693,43399.547, 5.722,5701
 4694,43406.434, 6.890,5701
 4695,43413.109, 6.676,5701
 4696,43418.684, 5.574,5701
 4697,43424.906, 6.220,5701
 4698,43430.523, 5.620,5701
 4699,43437.801, 7.278,5701
 4700,43443.695, 5.891,5701
 4701,43449.473, 5.779,5701
 4702,43455.547, 6.072,5701
 4703,43462.441, 6.896,5701
 4704,43468.301, 5.863,5701
 4705,43474.066, 5.761,5701
 4706,43479.801, 5.740,5701
 4707,43485.691, 5.887,5701
 4708,43491.461, 5.772,5701
 4709,43497.551, 6.087,5701
 4710,43504.547, 6.997,5701
 4711,43511.594, 7.048,5701
 4712,43517.711, 6.115,5701
 4713,43523.582, 5.873,5701
 4714,43529.402, 5.817,5701
 4715,43535.145, 5.745,5701
 4716,43541.090, 5.943,5701
 4717,43547.633, 6.545,5701
 4718,43553.609, 5.977,5701
 4719,43560.625, 7.017,5701
 4720,43567.508, 6.879,5701
 4721,43573.602, 6.097,5701
 4722,43579.320, 5.718,5701
 4723,43586.000, 6.676,5701
 4724,43591.949, 5.952,5701
 4725,43597.855, 5.904,5701
 4726,43603.668, 5.811,5701
 4727,43609.789, 6.125,5701
 4728,43616.559, 6.770,5701
 4729,43622.305, 5.746,5701
 4730,43628.813, 6.510,5701
 4731,43634.480, 5.668,5701
 4732,43640.121, 5.641,5701
 4733,43645.895, 5.771,5701
 4734,43651.934, 6.040,5701
 4735,43658.680, 6.744,5701
 4736,43665.234, 6.554,5701
 4737,43671.668, 6.435,5701
 4738,43677.891, 6.222,5701
 4739,43684.188, 6.295,5701
 4740,43690.926, 6.741,5701
 4741,43697.594, 6.670,5701
 4742,43703.844, 6.247,5701
 4743,43710.285, 6.443,5701
 4744,43717.465, 7.182,5701
 4745,43723.816, 6.348,5701
 4746,43730.305, 6.489,5701
 4747,43736.656, 6.354,5701
 4748,43742.973, 6.315,5701
 4749,43749.348, 6.372,5701
 4750,43756.031, 6.684,5701
 4751,43762.574, 6.543,5701
 4752,43769.906, 7.335,5701
 4753,43776.777, 6.868,5701
 4754,43783.184, 6.406,5701
 4755,43789.473, 6.290,5701
 4756,43795.484, 6.013,5701
 4757,43801.488, 6.007,5701
 4758,43808.398, 6.906,5701
 4759,43815.477, 7.080,5701
 4760,43821.941, 6.465,5701
 4761,43828.227, 6.281,5701
 4762,43834.586, 6.361,5701
 4763,43840.902, 6.316,5701
 4764,43847.020, 6.116,5701
 4765,43852.758, 5.742,5701
 4766,43858.465, 5.705,5701
 4767,43864.203, 5.737,5701
 4768,43870.656, 6.458,5701
 4769,43877.391, 6.731,5701
 4770,43884.141, 6.751,5701
 4771,43891.055, 6.912,5701
 4772,43897.953, 6.903,5701
 4773,43904.441, 6.488,5701
 4774,43910.305, 5.864,5701
 4775,43916.172, 5.864,5701
 4776,43921.961, 5.792,5701
 4777,43928.559, 6.593,5701
 4778,43934.469, 5.913,5701
 4779,43940.348, 5.877,5701
 4780,43946.137, 5.791,5701
 4781,43952.746, 6.610,5701
 4782,43959.398, 6.650,5701
 4783,43965.117, 5.721,5701
 4784,43970.938, 5.821,5701
 4785,43976.672, 5.730,5701
 4786,43982.918, 6.248,5701
 4787,43989.398, 6.480,5701
 4788,43995.676, 6.274,5701
 4789,44001.363, 5.692,5701
 4790,44007.742, 6.378,5701
 4791,44013.941, 6.200,5701
 4792,44019.707, 5.764,5701
 4793,44026.313, 6.608,5701
 4794,44031.895, 5.579,5701
 4795,44037.605, 5.712,5701
 4796,44044.340, 6.732,5701
 4797,44050.305, 5.967,5701
 4798,44057.121, 6.819,5701
 4799,44063.105, 5.981,5701
 4800,44069.078, 5.973,5701
 4801,44074.906, 5.831,5701
 4802,44080.621, 5.713,5701
 4803,44087.652, 7.034,5701
 4804,44093.816, 6.163,5701
 4805,44099.469, 5.652,5701
 4806,44105.305, 5.837,5701
 4807,44112.148, 6.842,5701
 4808,44118.316, 6.168,5701
 4809,44125.852, 7.534,5701
 4810,44133.609, 7.758,5701
 4811,44140.836, 7.227,5701
 4812,44146.551, 5.715,5701
 4813,44153.176, 6.624,5701
 4814,44158.805, 5.632,5701
 4815,44165.207, 6.399,5701
 4816,44171.883, 6.676,5701
 4817,44178.457, 6.577,5701
 4818,44184.242, 5.784,5701
 4819,44190.301, 6.059,5701
 4820,44197.625, 7.325,5701
 4821,44204.258, 6.629,5701
 4822,44210.148, 5.894,5701
 4823,44215.844, 5.693,5701
 4824,44221.734, 5.891,5701
 4825,44227.426, 5.691,5701
 4826,44233.098, 5.673,5701
 4827,44239.969, 6.873,5701
 4828,44245.680, 5.706,5701
 4829,44251.824, 6.148,5701
 4830,44258.277, 6.452,5701
 4831,44264.695, 6.418,5701
 4832,44270.707, 6.009,5701
 4833,44278.184, 7.479,5701
 4834,44285.988, 7.806,5701
 4835,44292.844, 6.852,5701
 4836,44299.992, 7.154,5701
 4837,44306.789, 6.795,5701
 4838,44313.363, 6.573,5701
 4839,44319.738, 6.374,5701
 4840,44326.543, 6.806,5701
 4841,44333.188, 6.644,5701
 4842,44339.914, 6.728,5701
 4843,44345.984, 6.069,5701
 4844,44351.879, 5.895,5701
 4845,44357.797, 5.920,5701
 4846,44364.215, 6.416,5701
 4847,44370.371, 6.155,5701
 4848,44376.172, 5.800,5701
 4849,44382.734, 6.563,5701
 4850,44388.676, 5.941,5701
 4851,44395.707, 7.034,5701
 4852,44401.738, 6.031,5701
 4853,44409.094, 7.356,5701
 4854,44415.367, 6.271,5701
 4855,44422.574, 7.209,5701
 4856,44428.586, 6.012,5701
 4857,44435.426, 6.839,5701
 4858,44442.258, 6.833,5701
 4859,44449.359, 7.099,5701
 4860,44455.777, 6.418,5701
 4861,44461.918, 6.143,5701
 4862,44468.766, 6.846,5701
 4863,44475.922, 7.159,5701
 4864,44482.148, 6.227,5701
 4865,44489.090, 6.938,5701
 4866,44496.891, 7.801,5701
 4867,44503.473, 6.584,5701
 4868,44510.570, 7.097,5701
 4869,44518.234, 7.664,5701
 4870,44524.402, 6.167,5701
 4871,44531.141, 6.740,5701
 4872,44538.883, 7.740,5701
 4873,44545.242, 6.362,5701
 4874,44552.867, 7.624,5701
 4875,44561.449, 8.584,5701
 4876,44569.449, 7.996,5701
 4877,44575.852, 6.402,5701
 4878,44581.633, 5.784,5701
 4879,44588.148, 6.517,5701
 4880,44594.805, 6.655,5701
 4881,44601.617, 6.813,5701
 4882,44608.402, 6.784,5701
 4883,44614.969, 6.567,5701
 4884,44621.672, 6.700,5701
 4885,44628.512, 6.839,5701
 4886,44634.500, 5.989,5701
 4887,44641.191, 6.692,5701
 4888,44647.852, 6.660,5701
 4889,44654.883, 7.034,5701
 4890,44660.563, 5.678,5701
 4891,44666.867, 6.302,5701
 4892,44674.500, 7.636,5701
 4893,44682.777, 8.280,5701
 4894,44689.035, 6.256,5701
 4895,44695.879, 6.843,5701
 4896,44702.652, 6.775,5701
 4897,44709.648, 6.998,5701
 4898,44716.359, 6.705,5701
 4899,44722.930, 6.573,5701
 4900,44730.043, 7.114,5701
 4901,44736.047, 6.002,5701
 4902,44741.969, 5.926,5701
 4903,44747.895, 5.922,5701
 4904,44754.984, 7.093,5701
 4905,44762.152, 7.169,5701
 4906,44768.082, 5.928,5701
 4907,44774.777, 6.696,5701
 4908,44781.063, 6.283,5701
 4909,44787.648, 6.587,5701
 4910,44793.719, 6.069,5701
 4911,44799.727, 6.008,5701
 4912,44806.250, 6.523,5701
 4913,44812.117, 5.869,5701
 4914,44819.199, 7.080,5701
 4915,44824.945, 5.748,5701
 4916,44831.277, 6.332,5701
 4917,44837.738, 6.457,5701
 4918,44844.387, 6.649,5701
 4919,44850.305, 5.923,5701
 4920,44856.949, 6.643,5701
 4921,44862.723, 5.771,5701
 4922,44869.277, 6.556,5701
 4923,44875.859, 6.579,5701
 4924,44881.598, 5.742,5701
 4925,44887.117, 5.519,5701
 4926,44894.000, 6.879,5701
 4927,44901.016, 7.018,5701
 4928,44907.820, 6.808,5701
 4929,44914.566, 6.744,5701
 4930,44920.309, 5.742,5701
 4931,44926.809, 6.502,5701
 4932,44932.609, 5.799,5701
 4933,44939.145, 6.537,5701
 4934,44945.730, 6.585,5701
 4935,44951.832, 6.099,5701
 4936,44958.777, 6.945,5701
 4937,44964.707, 5.930,5701
 4938,44971.258, 6.550,5701
 4939,44977.430, 6.175,5701
 4940,44984.273, 6.843,5701
 4941,44990.602, 6.329,5701
 4942,44997.133, 6.532,5701
 4943,45003.090, 5.956,5701
 4944,45010.043, 6.952,5701
 4945,45016.066, 6.025,5701
 4946,45022.715, 6.645,5701
 4947,45029.230, 6.517,5701
 4948,45036.371, 7.139,5701
 4949,45044.395, 8.026,5701
 4950,45052.293, 7.899,5701
 4951,45060.117, 7.825,5701
 4952,45069.473, 9.353,5701
 4953,45076.699, 7.224,5701
 4954,45084.891, 8.195,5701
 4955,45091.754, 6.862,5701
 4956,45099.559, 7.805,5701
 4957,45106.129, 6.573,5701
 4958,45112.949, 6.818,5701
 4959,45119.656, 6.709,5701
 4960,45127.039, 7.379,5701
 4961,45134.434, 7.395,5701
 4962,45142.301, 7.870,5701
 4963,45150.320, 8.022,5701
 4964,45157.816, 7.495,5701
 4965,45164.785, 6.966,5701
 4966,45171.832, 7.044,5701
 4967,45179.934, 8.106,5701
 4968,45186.898, 6.962,5701
 4969,45193.098, 6.202,5701
 4970,45199.277, 6.178,5701
 4971,45205.223, 5.944,5701
 4972,45211.230, 6.008,5701
 4973,45217.203, 5.975,5701
 4974,45224.055, 6.850,5701
 4975,45230.867, 6.812,5701
 4976,45237.180, 6.310,5701
 4977,45244.191, 7.015,5701
 4978,45250.203, 6.009,5701
 4979,45257.699, 7.500,5701
 4980,45264.898, 7.197,5701
 4981,45271.297, 6.401,5701
 4982,45277.371, 6.072,5701
 4983,45283.387, 6.016,5701
 4984,45290.090, 6.705,5701
 4985,45296.094, 6.003,5701
 4986,45302.379, 6.285,5701
 4987,45309.152, 6.773,5701
 4988,45316.023, 6.871,5701
 4989,45322.070, 6.048,5701
 4990,45328.207, 6.134,5701
 4991,45334.910, 6.704,5701
 4992,45341.121, 6.215,5701
 4993,45347.145, 6.024,5701
 4994,45353.953, 6.806,5701
 4995,45360.387, 6.431,5701
 4996,45367.578, 7.195,5701
 4997,45373.785, 6.207,5701
 4998,45380.742, 6.955,5701
 4999,45387.625, 6.882,5701
 5000,45395.129, 7.505,5701
 5001,45401.594, 6.465,5701
 5002,45407.586, 5.990,5701
 5003,45414.246, 6.662,5701
 5004,45420.938, 6.692,5701
 5005,45426.996, 6.054,5701
 5006,45432.953, 5.962,5701
 5007,45439.684, 6.727,5701
 5008,45447.074, 7.391,5701
 5009,45455.539, 8.467,5701
 5010,45463.582, 8.044,5701
 5011,45470.277, 6.696,5701
 5012,45477.461, 7.184,5701
 5013,45484.426, 6.965,5701
 5014,45492.270, 7.842,5701
 5015,45500.457, 8.186,5701
 5016,45507.055, 6.598,5701
 5017,45513.637, 6.585,5701
 5018,45520.500, 6.861,5701
 5019,45526.645, 6.145,5701
 5020,45534.199, 7.552,5701
 5021,45541.188, 6.987,5701
 5022,45547.039, 5.854,5701
 5023,45552.988, 5.951,5701
 5024,45559.250, 6.261,5701
 5025,45565.418, 6.170,5701
 5026,45572.582, 7.163,5701
 5027,45579.008, 6.424,5701
 5028,45586.301, 7.294,5701
 5029,45592.559, 6.256,5701
 5030,45599.719, 7.162,5701
 5031,45607.625, 7.907,5701
 5032,45614.035, 6.406,5701
 5033,45621.008, 6.975,5701
 5034,45627.246, 6.240,5701
 5035,45633.863, 6.615,5701
 5036,45640.066, 6.202,5701
 5037,45647.008, 6.941,5701
 5038,45653.941, 6.938,5701
 5039,45661.434, 7.491,5701
 5040,45668.109, 6.677,5701
 5041,45674.516, 6.403,5701
 5042,45681.559, 7.044,5701
 5043,45688.258, 6.700,5701
 5044,45695.133, 6.877,5701
 5045,45702.121, 6.987,5701
 5046,45708.793, 6.670,5701
 5047,45715.281, 6.492,5701
 5048,45722.180, 6.894,5701
 5049,45728.785, 6.607,5701
 5050,45735.355, 6.567,5701
 5051,45742.602, 7.252,5701
 5052,45749.063, 6.457,5701
 5053,45755.473, 6.415,5701
 5054,45763.371, 7.893,5701
 5055,45770.848, 7.476,5701
 5056,45778.258, 7.412,5701
 5057,45787.230, 8.973,5701
 5058,45793.789, 6.559,5701
 5059,45799.957, 6.168,5701
 5060,45806.832, 6.874,5701
 5061,45813.777, 6.945,5701
 5062,45820.910, 7.134,5701
 5063,45826.941, 6.032,5701
 5064,45833.090, 6.150,5701
 5065,45840.629, 7.538,5701
 5066,45848.668, 8.038,5701
 5067,45855.574, 6.906,5701
 5068,45861.676, 6.101,5701
 5069,45867.637, 5.964,5701
 5070,45873.973, 6.334,5701
 5071,45880.828, 6.853,5701
 5072,45886.984, 6.160,5701
 5073,45894.469, 7.484,5701
 5074,45900.531, 6.062,5701
 5075,45906.777, 6.247,5701
 5076,45912.840, 6.058,5701
 5077,45919.016, 6.178,5701
 5078,45926.332, 7.313,5701
 5079,45934.234, 7.906,5701
 5080,45940.426, 6.190,5701
 5081,45947.762, 7.336,5701
 5082,45954.746, 6.984,5701
 5083,45961.531, 6.788,5701
 5084,45967.754, 6.223,5701
 5085,45974.602, 6.847,5701
 5086,45980.613, 6.013,5701
 5087,45986.699, 6.085,5701
 5088,45993.645, 6.947,5701
 5089,46000.703, 7.055,5701
 5090,46008.508, 7.802,5701
 5091,46014.652, 6.151,5701
 5092,46021.332, 6.676,5701
 5093,46028.254, 6.922,5701
 5094,46035.500, 7.247,5701
 5095,46041.746, 6.248,5701
 5096,46047.938, 6.190,5701
 5097,46054.039, 6.100,5701
 5098,46061.332, 7.290,5701
 5099,46067.648, 6.322,5701
 5100,46073.684, 6.030,5701
 5101,46080.496, 6.814,5701
 5102,46086.754, 6.258,5701
 5103,46093.078, 6.326,5701
 5104,46100.820, 7.745,5701
 5105,46107.344, 6.518,5701
 5106,46113.418, 6.078,5701
 5107,46119.574, 6.154,5701
 5108,46126.340, 6.764,5701
 5109,46133.145, 6.811,5701
 5110,46140.922, 7.774,5701
 5111,46148.371, 7.449,5701
 5112,46154.516, 6.145,5701
 5113,46161.023, 6.507,5701
 5114,46167.703, 6.680,5701
 5115,46174.727, 7.024,5701
 5116,46181.844, 7.115,5701
 5117,46188.152, 6.312,5701
 5118,46194.629, 6.477,5701
 5119,46201.719, 7.086,5701
 5120,46208.340, 6.621,5701
 5121,46215.801, 7.465,5701
 5122,46222.320, 6.519,5701
 5123,46230.109, 7.787,5701
 5124,46237.758, 7.650,5701
 5125,46245.320, 7.561,5701
 5126,46252.250, 6.928,5701
 5127,46258.719, 6.469,5701
 5128,46265.762, 7.043,5701
 5129,46273.098, 7.340,5701
 5130,46279.266, 6.166,5701
 5131,46285.648, 6.383,5701
 5132,46292.531, 6.883,5701
 5133,46299.551, 7.019,5701
 5134,46305.691, 6.139,5701
 5135,46313.289, 7.599,5701
 5136,46319.914, 6.627,5701
 5137,46326.859, 6.944,5701
 5138,46333.379, 6.518,5701
 5139,46340.582, 7.205,5701
 5140,46346.797, 6.214,5701
 5141,46352.906, 6.107,5701
 5142,46360.258, 7.356,5701
 5143,46366.641, 6.382,5701
 5144,46373.797, 7.157,5701
 5145,46379.840, 6.038,5701
 5146,46387.227, 7.389,5701
 5147,46393.902, 6.675,5701
 5148,46400.953, 7.054,5701
 5149,46408.410, 7.455,5701
 5150,46415.410, 6.999,5701
 5151,46423.422, 8.014,5701
 5152,46430.570, 7.147,5701
 5153,46437.402, 6.834,5701
 5154,46444.117, 6.714,5701
 5155,46451.605, 7.488,5701
 5156,46458.258, 6.652,5701
 5157,46464.688, 6.428,5701
 5158,46471.211, 6.524,5701
 5159,46477.586, 6.374,5701
 5160,46485.180, 7.594,5701
 5161,46492.129, 6.950,5701
 5162,46498.930, 6.801,5701
 5163,46506.273, 7.347,5701
 5164,46514.004, 7.724,5701
 5165,46521.773, 7.774,5701
 5166,46528.922, 7.150,5701
 5167,46535.855, 6.929,5701
 5168,46542.516, 6.663,5701
 5169,46549.727, 7.209,5701
 5170,46556.660, 6.932,5701
 5171,46564.246, 7.589,5701
 5172,46571.281, 7.037,5701
 5173,46577.465, 6.183,5701
 5174,46584.402, 6.936,5701
 5175,46591.152, 6.751,5701
 5176,46597.445, 6.294,5701
 5177,46603.430, 5.984,5701
 5178,46609.820, 6.392,5701
 5179,46616.098, 6.276,5701
 5180,46622.953, 6.857,5701
 5181,46631.555, 8.599,5701
 5182,46640.113, 8.560,5701
 5183,46647.773, 7.660,5701
 5184,46653.930, 6.155,5701
 5185,46660.770, 6.841,5701
 5186,46667.152, 6.385,5701
 5187,46673.266, 6.110,5701
 5188,46679.422, 6.156,5701
 5189,46686.805, 7.385,5701
 5190,46693.211, 6.403,5701
 5191,46700.266, 7.055,5701
 5192,46707.648, 7.387,5701
 5193,46715.055, 7.401,5701
 5194,46721.176, 6.121,5701
 5195,46728.059, 6.883,5701
 5196,46735.012, 6.955,5701
 5197,46742.523, 7.512,5701
 5198,46748.855, 6.329,5701
 5199,46755.020, 6.163,5701
 5200,46761.988, 6.974,5701
 5201,46769.066, 7.075,5701
 5202,46775.469, 6.406,5701
 5203,46782.152, 6.681,5701
 5204,46788.234, 6.082,5701
 5205,46795.152, 6.920,5701
 5206,46801.184, 6.029,5701
 5207,46807.461, 6.279,5701
 5208,46813.570, 6.107,5701
 5209,46819.859, 6.287,5701
 5210,46826.582, 6.726,5701
 5211,46833.332, 6.747,5701
 5212,46840.199, 6.869,5701
 5213,46846.879, 6.679,5701
 5214,46853.055, 6.176,5701
 5215,46860.594, 7.543,5701
 5216,46867.066, 6.472,5701
 5217,46873.887, 6.818,5701
 5218,46879.887, 5.999,5701
 5219,46886.051, 6.166,5701
 5220,46892.172, 6.118,5701
 5221,46899.145, 6.978,5701
 5222,46905.895, 6.747,5701
 5223,46912.051, 6.158,5701
 5224,46918.938, 6.885,5701
 5225,46926.148, 7.213,5701
 5226,46933.527, 7.375,5701
 5227,46939.898, 6.374,5701
 5228,46946.555, 6.654,5701
 5229,46954.078, 7.526,5701
 5230,46960.609, 6.531,5701
 5231,46967.191, 6.581,5701
 5232,46975.047, 7.855,5701
 5233,46982.258, 7.214,5701
 5234,46989.078, 6.817,5701
 5235,46996.309, 7.234,5701
 5236,47004.137, 7.828,5701
 5237,47011.594, 7.453,5701
 5238,47018.629, 7.037,5701
 5239,47026.914, 8.286,5701
 5240,47034.445, 7.531,5701
 5241,47041.480, 7.036,5701
 5242,47048.395, 6.913,5701
 5243,47056.609, 8.216,5701
 5244,47064.582, 7.970,5701
 5245,47072.105, 7.523,5701
 5246,47079.906, 7.801,5701
 5247,47086.379, 6.472,5701
 5248,47093.016, 6.638,5701
 5249,47100.547, 7.531,5701
 5250,47108.223, 7.675,5701
 5251,47115.145, 6.924,5701
 5252,47122.113, 6.971,5701
 5253,47129.582, 7.465,5701
 5254,47136.715, 7.133,5701
 5255,47143.797, 7.084,5701
 5256,47150.020, 6.219,5701
 5257,47156.691, 6.673,5701
 5258,47163.859, 7.168,5701
 5259,47170.785, 6.927,5701
 5260,47176.863, 6.077,5701
 5261,47183.738, 6.876,5701
 5262,47191.230, 7.492,5701
 5263,47198.660, 7.426,5701
 5264,47205.137, 6.483,5701
 5265,47211.426, 6.285,5701
 5266,47218.465, 7.043,5701
 5267,47224.992, 6.524,5701
 5268,47232.398, 7.408,5701
 5269,47238.844, 6.442,5701
 5270,47245.211, 6.370,5701
 5271,47252.035, 6.825,5701
 5272,47258.301, 6.267,5701
 5273,47265.609, 7.305,5701
 5274,47273.113, 7.507,5701
 5275,47279.609, 6.493,5701
 5276,47286.219, 6.609,5701
 5277,47293.359, 7.141,5701
 5278,47300.285, 6.928,5701
 5279,47307.508, 7.222,5701
 5280,47313.977, 6.468,5701
 5281,47320.969, 6.995,5701
 5282,47327.855, 6.882,5701
 5283,47333.996, 6.143,5701
 5284,47340.172, 6.174,5701
 5285,47346.355, 6.186,5701
 5286,47352.676, 6.316,5701
 5287,47358.828, 6.154,5701
 5288,47365.891, 7.065,5701
 5289,47372.770, 6.877,5701
 5290,47380.102, 7.334,5701
 5291,47386.164, 6.058,5701
 5292,47393.121, 6.961,5701
 5293,47399.402, 6.279,5701
 5294,47405.660, 6.258,5701
 5295,47413.387, 7.726,5701
 5296,47421.477, 8.094,5701
 5297,47428.367, 6.887,5701
 5298,47434.742, 6.378,5701
 5299,47441.555, 6.810,5701
 5300,47448.551, 6.996,5701
 5301,47455.543, 6.992,5701
 5302,47462.914, 7.374,5701
 5303,47470.250, 7.336,5701
 5304,47476.441, 6.192,5701
 5305,47484.695, 8.250,5701
 5306,47491.797, 7.104,5701
 5307,47498.137, 6.341,5701
 5308,47505.617, 7.479,5701
 5309,47512.883, 7.263,5701
 5310,47519.891, 7.011,5701
 5311,47526.902, 7.010,5701
 5312,47534.105, 7.203,5701
 5313,47540.363, 6.258,5701
 5314,47546.559, 6.195,5701
 5315,47553.020, 6.462,5701
 5316,47560.027, 7.005,5701
 5317,47567.977, 7.953,5701
 5318,47574.648, 6.675,5701
 5319,47581.707, 7.056,5701
 5320,47589.746, 8.039,5701
 5321,47596.664, 6.915,5701
 5322,47603.203, 6.542,5701
 5323,47610.547, 7.342,5701
 5324,47617.793, 7.249,5701
 5325,47625.586, 7.789,5701
 5326,47632.855, 7.269,5701
 5327,47639.496, 6.640,5701
 5328,47646.941, 7.449,5701
 5329,47653.832, 6.889,5701
 5330,47661.520, 7.686,5701
 5331,47668.004, 6.487,5701
 5332,47674.539, 6.532,5701
 5333,47681.336, 6.798,5701
 5334,47688.863, 7.527,5701
 5335,47697.160, 8.298,5701
 5336,47703.891, 6.732,5701
 5337,47710.586, 6.695,5701
 5338,47717.293, 6.709,5701
 5339,47724.016, 6.719,5701
 5340,47731.543, 7.529,5701
 5341,47738.547, 7.003,5701
 5342,47745.395, 6.849,5701
 5343,47752.375, 6.980,5701
 5344,47759.477, 7.102,5701
 5345,47766.688, 7.210,5701
 5346,47773.789, 7.103,5701
 5347,47780.012, 6.218,5701
 5348,47787.594, 7.585,5701
 5349,47793.711, 6.117,5701
 5350,47801.672, 7.960,5701
 5351,47810.082, 8.413,5701
 5352,47817.473, 7.389,5701
 5353,47824.340, 6.864,5701
 5354,47830.637, 6.303,5701
 5355,47836.750, 6.111,5701
 5356,47843.109, 6.361,5701
 5357,47849.703, 6.592,5701
 5358,47856.297, 6.596,5701
 5359,47863.234, 6.937,5701
 5360,47869.688, 6.450,5701
 5361,47875.926, 6.241,5701
 5362,47882.141, 6.214,5701
 5363,47889.117, 6.978,5701
 5364,47895.586, 6.465,5701
 5365,47901.793, 6.210,5701
 5366,47909.172, 7.374,5701
 5367,47915.625, 6.457,5701
 5368,47922.555, 6.928,5701
 5369,47929.211, 6.657,5701
 5370,47936.719, 7.508,5701
 5371,47943.891, 7.172,5701
 5372,47950.313, 6.422,5701
 5373,47956.410, 6.096,5701
 5374,47962.746, 6.336,5701
 5375,47969.516, 6.772,5701
 5376,47976.660, 7.144,5701
 5377,47982.781, 6.122,5701
 5378,47988.895, 6.113,5701
 5379,47995.066, 6.169,5701
 5380,48002.289, 7.225,5701
 5381,48009.211, 6.920,5701
 5382,48016.680, 7.470,5701
 5383,48023.039, 6.360,5701
 5384,48030.008, 6.966,5701
 5385,48036.188, 6.182,5701
 5386,48042.371, 6.183,5701
 5387,48049.188, 6.818,5701
 5388,48055.219, 6.029,5701
 5389,48061.813, 6.597,5701
 5390,48068.871, 7.055,5701
 5391,48074.930, 6.063,5701
 5392,48081.379, 6.447,5701
 5393,48087.789, 6.410,5701
 5394,48094.527, 6.738,5701
 5395,48101.379, 6.853,5701
 5396,48108.406, 7.026,5701
 5397,48114.605, 6.201,5701
 5398,48121.996, 7.387,5701
 5399,48128.367, 6.372,5701
 5400,48134.813, 6.447,5701
 5401,48141.426, 6.615,5701
 5402,48149.301, 7.874,5701
 5403,48155.965, 6.665,5701
 5404,48163.949, 7.984,5701
 5405,48171.137, 7.185,5701
 5406,48178.586, 7.452,5701
 5407,48185.426, 6.836,5701
 5408,48193.633, 8.211,5701
 5409,48201.711, 8.074,5701
 5410,48209.852, 8.143,5701
 5411,48217.836, 7.981,5701
 5412,48224.473, 6.640,5701
 5413,48231.824, 7.348,5701
 5414,48238.633, 6.814,5701
 5415,48245.473, 6.838,5701
 5416,48251.898, 6.426,5701
 5417,48258.074, 6.176,5701
 5418,48265.469, 7.394,5701
 5419,48272.305, 6.836,5701
 5420,48278.684, 6.377,5701
 5421,48286.523, 7.840,5701
 5422,48294.316, 7.796,5701
 5423,48301.250, 6.931,5701
 5424,48307.555, 6.305,5701
 5425,48313.938, 6.386,5701
 5426,48320.301, 6.362,5701
 5427,48326.801, 6.501,5701
 5428,48334.715, 7.911,5701
 5429,48341.117, 6.404,5701
 5430,48347.965, 6.849,5701
 5431,48354.797, 6.831,5701
 5432,48361.707, 6.910,5701
 5433,48368.973, 7.266,5701
 5434,48376.402, 7.429,5701
 5435,48384.020, 7.613,5701
 5436,48391.410, 7.394,5701
 5437,48399.207, 7.795,5701
 5438,48407.297, 8.094,5701
 5439,48414.133, 6.836,5701
 5440,48421.297, 7.163,5701
 5441,48427.789, 6.491,5701
 5442,48434.699, 6.908,5701
 5443,48441.879, 7.180,5701
 5444,48449.563, 7.684,5701
 5445,48456.234, 6.671,5701
 5446,48463.496, 7.262,5701
 5447,48471.055, 7.559,5701
 5448,48478.457, 7.403,5701
 5449,48485.344, 6.885,5701
 5450,48492.129, 6.791,5701
 5451,48498.605, 6.475,5701
 5452,48504.754, 6.145,5701
 5453,48510.895, 6.141,5701
 5454,48517.398, 6.504,5701
 5455,48523.609, 6.214,5701
 5456,48529.590, 5.978,5701
 5457,48536.922, 7.332,5701
 5458,48544.836, 7.915,5701
 5459,48550.961, 6.124,5701
 5460,48557.180, 6.216,5701
 5461,48563.637, 6.461,5701
 5462,48570.227, 6.591,5701
 5463,48576.418, 6.190,5701
 5464,48583.703, 7.283,5701
 5465,48591.582, 7.881,5701
 5466,48598.719, 7.137,5701
 5467,48605.355, 6.636,5701
 5468,48612.395, 7.039,5701
 5469,48618.676, 6.278,5701
 5470,48625.719, 7.045,5701
 5471,48633.082, 7.366,5701
 5472,48639.477, 6.395,5701
 5473,48646.219, 6.741,5701
 5474,48653.539, 7.319,5701
 5475,48660.676, 7.137,5701
 5476,48666.965, 6.292,5701
 5477,48673.434, 6.465,5701
 5478,48679.867, 6.435,5701
 5479,48686.098, 6.233,5701
 5480,48692.613, 6.513,5701
 5481,48699.223, 6.609,5701
 5482,48705.781, 6.559,5701
 5483,48712.770, 6.988,5701
 5484,48719.648, 6.881,5701
 5485,48725.809, 6.158,5701
 5486,48732.258, 6.452,5701
 5487,48739.156, 6.894,5701
 5488,48745.445, 6.291,5701
 5489,48752.809, 7.365,5701
 5490,48761.059, 8.246,5701
 5491,48767.695, 6.637,5701
 5492,48774.824, 7.128,5701
 5493,48780.844, 6.022,5701
 5494,48787.355, 6.512,5701
 5495,48793.617, 6.261,5701
 5496,48800.727, 7.110,5701
 5497,48806.938, 6.212,5701
 5498,48813.277, 6.341,5701
 5499,48819.219, 5.938,5701
 5500,48825.438, 6.221,5701
 5501,48831.500, 6.061,5701
 5502,48838.469, 6.970,5701
 5503,48844.695, 6.225,5701
 5504,48850.938, 6.245,5701
 5505,48858.379, 7.438,5701
 5506,48865.039, 6.661,5701
 5507,48872.117, 7.080,5701
 5508,48878.344, 6.223,5701
 5509,48884.684, 6.342,5701
 5510,48891.992, 7.308,5701
 5511,48898.379, 6.389,5701
 5512,48904.633, 6.254,5701
 5513,48911.246, 6.612,5701
 5514,48918.980, 7.735,5701
 5515,48925.883, 6.900,5701
 5516,48933.281, 7.401,5701
 5517,48940.035, 6.754,5701
 5518,48946.613, 6.579,5701
 5519,48953.508, 6.891,5701
 5520,48961.230, 7.723,5701
 5521,48968.883, 7.653,5701
 5522,48977.477, 8.596,5701
 5523,48986.449, 8.970,5701
 5524,48995.289, 8.840,5701
 5525,49002.672, 7.381,5701
 5526,49009.484, 6.816,5701
 5527,49017.012, 7.523,5701
 5528,49024.840, 7.829,5701
 5529,49033.133, 8.298,5701
 5530,49040.379, 7.244,5701
 5531,49048.500, 8.118,5701
 5532,49055.516, 7.018,5701
 5533,49063.434, 7.917,5701
 5534,49070.891, 7.457,5701
 5535,49079.477, 8.589,5701
 5536,49087.043, 7.565,5701
 5537,49094.723, 7.678,5701
 5538,49102.203, 7.482,5701
 5539,49109.543, 7.340,5701
 5540,49116.570, 7.027,5701
 5541,49122.957, 6.389,5701
 5542,49129.504, 6.542,5701
 5543,49136.641, 7.141,5701
 5544,49143.863, 7.219,5701
 5545,49150.410, 6.547,5701
 5546,49156.754, 6.347,5701
 5547,49164.020, 7.263,5701
 5548,49170.434, 6.416,5701
 5549,49176.961, 6.528,5701
 5550,49184.297, 7.337,5701
 5551,49191.766, 7.467,5701
 5552,49198.594, 6.827,5701
 5553,49205.949, 7.356,5701
 5554,49214.059, 8.111,5701
 5555,49220.656, 6.594,5701
 5556,49226.953, 6.299,5701
 5557,49234.199, 7.245,5701
 5558,49241.387, 7.189,5701
 5559,49247.816, 6.433,5701
 5560,49254.254, 6.434,5701
 5561,49261.902, 7.649,5701
 5562,49269.992, 8.088,5701
 5563,49277.387, 7.393,5701
 5564,49285.145, 7.764,5701
 5565,49293.781, 8.634,5701
 5566,49300.738, 6.958,5701
 5567,49307.645, 6.905,5701
 5568,49315.316, 7.673,5701
 5569,49322.348, 7.027,5701
 5570,49329.039, 6.692,5701
 5571,49335.621, 6.586,5701
 5572,49343.094, 7.471,5701
 5573,49350.430, 7.335,5701
 5574,49357.926, 7.497,5701
 5575,49365.738, 7.813,5701
 5576,49373.027, 7.287,5701
 5577,49381.406, 8.381,5701
 5578,49388.715, 7.306,5701
 5579,49396.730, 8.018,5701
 5580,49404.191, 7.458,5701
 5581,49411.180, 6.988,5701
 5582,49419.449, 8.271,5701
 5583,49426.223, 6.773,5701
 5584,49432.855, 6.634,5701
 5585,49440.195, 7.340,5701
 5586,49447.227, 7.031,5701
 5587,49454.387, 7.161,5701
 5588,49460.754, 6.369,5701
 5589,49467.852, 7.092,5701
 5590,49474.160, 6.309,5701
 5591,49481.746, 7.591,5701
 5592,49488.000, 6.251,5701
 5593,49494.750, 6.750,5701
 5594,49501.461, 6.713,5701
 5595,49508.887, 7.424,5701
 5596,49515.855, 6.967,5701
 5597,49523.305, 7.451,5701
 5598,49529.918, 6.615,5701
 5599,49537.309, 7.391,5701
 5600,49544.621, 7.311,5701
 5601,49551.203, 6.583,5701
 5602,49557.570, 6.365,5701
 5603,49565.184, 7.613,5701
 5604,49571.398, 6.215,5701
 5605,49578.090, 6.695,5701
 5606,49585.270, 7.178,5701
 5607,49592.395, 7.123,5701
 5608,49599.828, 7.434,5701
 5609,49607.012, 7.183,5701
 5610,49614.270, 7.259,5701
 5611,49622.066, 7.798,5701
 5612,49630.020, 7.950,5701
 5613,49636.922, 6.903,5701
 5614,49644.766, 7.847,5701
 5615,49651.402, 6.637,5701
 5616,49658.707, 7.304,5701
 5617,49665.258, 6.549,5701
 5618,49671.801, 6.546,5701
 5619,49678.500, 6.697,5701
 5620,49686.258, 7.759,5701
 5621,49693.746, 7.485,5701
 5622,49701.145, 7.402,5701
 5623,49709.109, 7.963,5701
 5624,49717.145, 8.036,5701
 5625,49724.203, 7.058,5701
 5626,49730.629, 6.426,5701
 5627,49737.203, 6.573,5701
 5628,49743.504, 6.299,5701
 5629,49749.867, 6.367,5701
 5630,49756.164, 6.294,5701
 5631,49763.246, 7.085,5701
 5632,49772.039, 8.790,5701
 5633,49779.605, 7.569,5701
 5634,49785.910, 6.303,5701
 5635,49792.176, 6.266,5701
 5636,49798.809, 6.633,5701
 5637,49805.035, 6.226,5701
 5638,49812.434, 7.398,5701
 5639,49819.656, 7.222,5701
 5640,49826.199, 6.544,5701
 5641,49832.848, 6.649,5701
 5642,49840.004, 7.157,5701
 5643,49846.383, 6.379,5701
 5644,49853.352, 6.968,5701
 5645,49859.668, 6.315,5701
 5646,49865.836, 6.170,5701
 5647,49872.016, 6.178,5701
 5648,49878.293, 6.279,5701
 5649,49885.512, 7.216,5701
 5650,49891.793, 6.285,5701
 5651,49898.277, 6.483,5701
 5652,49905.230, 6.954,5701
 5653,49911.363, 6.129,5701
 5654,49918.426, 7.065,5701
 5655,49925.777, 7.355,5701
 5656,49932.457, 6.676,5701
 5657,49939.148, 6.694,5701
 5658,49946.688, 7.535,5701
 5659,49954.234, 7.547,5701
 5660,49960.637, 6.406,5701
 5661,49966.813, 6.176,5701
 5662,49974.164, 7.346,5701
 5663,49981.168, 7.005,5701
 5664,49987.402, 6.239,5701
 5665,49993.430, 6.027,5701
 5666,49999.707, 6.274,5701
 5667,50006.629, 6.924,5701
 5668,50012.715, 6.083,5701
 5669,50019.254, 6.543,5701
 5670,50025.617, 6.363,5701
 5671,50032.934, 7.316,5701
 5672,50039.914, 6.979,5701
 5673,50047.570, 7.656,5701
 5674,50053.613, 6.045,5701
 5675,50059.875, 6.260,5701
 5676,50066.637, 6.765,5701
 5677,50072.867, 6.226,5701
 5678,50078.938, 6.075,5701
 5679,50085.020, 6.080,5701
 5680,50091.270, 6.251,5701
 5681,50098.301, 7.032,5701
 5682,50104.547, 6.242,5701
 5683,50110.699, 6.155,5701
 5684,50116.895, 6.193,5701
 5685,50122.930, 6.036,5701
 5686,50129.770, 6.839,5701
 5687,50136.828, 7.059,5701
 5688,50144.363, 7.537,5701
 5689,50152.426, 8.061,5701
 5690,50161.199, 8.774,5701
 5691,50169.848, 8.648,5701
 5692,50177.355, 7.508,5701
 5693,50184.586, 7.231,5701
 5694,50192.355, 7.766,5701
 5695,50198.875, 6.523,5701
 5696,50205.313, 6.440,5701
 5697,50211.699, 6.385,5701
 5698,50218.332, 6.632,5701
 5699,50224.820, 6.488,5701
 5700,50231.020, 6.199,5701
 5701,50238.621, 7.604,5701
 5702,50246.328, 7.702,5701
 5703,50253.395, 7.068,5701
 5704,50260.406, 7.013,5701
 5705,50267.172, 6.765,5701
 5706,50275.516, 8.343,5701
 5707,50283.332, 7.818,5701
 5708,50289.969, 6.636,5701
 5709,50297.086, 7.117,5701
 5710,50304.637, 7.552,5701
 5711,50311.680, 7.040,5701
 5712,50319.172, 7.491,5701
 5713,50327.145, 7.980,5701
 5714,50334.594, 7.444,5701
 5715,50342.633, 8.043,5701
 5716,50349.941, 7.307,5701
 5717,50356.625, 6.682,5701
 5718,50364.246, 7.622,5701
 5719,50371.621, 7.375,5701
 5720,50378.996, 7.375,5701
 5721,50385.961, 6.967,5701
 5722,50392.805, 6.843,5701
 5723,50399.742, 6.936,5701
 5724,50407.074, 7.333,5701
 5725,50414.391, 7.315,5701
 5726,50420.898, 6.509,5701
 5727,50427.664, 6.762,5701
 5728,50435.012, 7.348,5701
 5729,50441.926, 6.917,5701
 5730,50449.668, 7.739,5701
 5731,50457.586, 7.919,5701
 5732,50464.410, 6.824,5701
 5733,50470.809, 6.400,5701
 5734,50476.922, 6.112,5701
 5735,50483.801, 6.883,5701
 5736,50491.770, 7.966,5701
 5737,50499.156, 7.387,5701
 5738,50505.738, 6.580,5701
 5739,50513.426, 7.688,5701
 5740,50520.449, 7.028,5701
 5741,50528.176, 7.721,5701
 5742,50534.516, 6.339,5701
 5743,50541.746, 7.236,5701
 5744,50548.684, 6.936,5701
 5745,50557.262, 8.579,5701
 5746,50566.672, 9.406,5701
 5747,50574.418, 7.749,5701
 5748,50581.066, 6.646,5701
 5749,50587.828, 6.763,5701
 5750,50594.453, 6.627,5701
 5751,50600.715, 6.260,5701
 5752,50608.156, 7.439,5701
 5753,50614.371, 6.215,5701
 5754,50620.633, 6.267,5701
 5755,50627.121, 6.485,5701
 5756,50633.504, 6.381,5701
 5757,50640.105, 6.605,5701
 5758,50646.672, 6.564,5701
 5759,50652.836, 6.166,5701
 5760,50659.574, 6.737,5701
 5761,50666.344, 6.769,5701
 5762,50673.828, 7.482,5701
 5763,50680.223, 6.399,5701
 5764,50686.684, 6.461,5701
 5765,50693.867, 7.182,5701
 5766,50700.250, 6.383,5701
 5767,50706.363, 6.114,5701
 5768,50712.730, 6.366,5701
 5769,50720.094, 7.365,5701
 5770,50726.418, 6.323,5701
 5771,50732.535, 6.118,5701
 5772,50739.992, 7.455,5701
 5773,50747.254, 7.265,5701
 5774,50753.445, 6.191,5701
 5775,50760.512, 7.063,5701
 5776,50766.938, 6.431,5701
 5777,50775.004, 8.061,5701
 5778,50781.367, 6.366,5701
 5779,50788.605, 7.238,5701
 5780,50795.500, 6.893,5701
 5781,50801.613, 6.116,5701
 5782,50808.742, 7.128,5701
 5783,50815.117, 6.376,5701
 5784,50821.363, 6.243,5701
 5785,50827.512, 6.149,5701
 5786,50833.660, 6.147,5701
 5787,50839.809, 6.155,5701
 5788,50846.059, 6.248,5701
 5789,50852.082, 6.022,5701
 5790,50858.457, 6.376,5701
 5791,50864.785, 6.328,5701
 5792,50871.891, 7.102,5701
 5793,50879.363, 7.472,5701
 5794,50886.289, 6.932,5701
 5795,50892.691, 6.396,5701
 5796,50899.785, 7.100,5701
 5797,50906.891, 7.101,5701
 5798,50913.262, 6.374,5701
 5799,50920.137, 6.876,5701
 5800,50927.301, 7.162,5701
 5801,50933.996, 6.695,5701
 5802,50941.926, 7.929,5701
 5803,50949.906, 7.980,5701
 5804,50958.469, 8.564,5701
 5805,50966.586, 8.115,5701
 5806,50973.273, 6.688,5701
 5807,50981.340, 8.064,5701
 5808,50989.199, 7.863,5701
 5809,50997.363, 8.164,5701
 5810,51005.668, 8.303,5701
 5811,51013.395, 7.729,5701
 5812,51020.180, 6.782,5701
 5813,51027.090, 6.913,5701
 5814,51034.527, 7.436,5701
 5815,51041.934, 7.407,5701
 5816,51049.832, 7.898,5701
 5817,51057.453, 7.623,5701
 5818,51065.434, 7.981,5701
 5819,51071.875, 6.438,5701
 5820,51078.180, 6.307,5701
 5821,51084.688, 6.507,5701
 5822,51092.445, 7.758,5701
 5823,51098.773, 6.328,5701
 5824,51105.117, 6.345,5701
 5825,51112.387, 7.267,5701
 5826,51118.656, 6.268,5701
 5827,51124.914, 6.259,5701
 5828,51131.777, 6.866,5701
 5829,51137.820, 6.038,5701
 5830,51144.191, 6.375,5701
 5831,51150.813, 6.623,5701
 5832,51156.945, 6.130,5701
 5833,51163.922, 6.978,5701
 5834,51170.105, 6.185,5701
 5835,51176.438, 6.331,5701
 5836,51183.313, 6.876,5701
 5837,51189.508, 6.192,5701
 5838,51197.305, 7.802,5701
 5839,51204.473, 7.167,5701
 5840,51210.758, 6.282,5701
 5841,51217.027, 6.269,5701
 5842,51223.879, 6.852,5701
 5843,51230.031, 6.152,5701
 5844,51237.219, 7.188,5701
 5845,51243.969, 6.750,5701
 5846,51250.176, 6.207,5701
 5847,51256.402, 6.228,5701
 5848,51263.605, 7.203,5701
 5849,51270.422, 6.816,5701
 5850,51277.012, 6.588,5701
 5851,51283.418, 6.410,5701
 5852,51290.523, 7.100,5701
 5853,51297.895, 7.375,5701
 5854,51304.613, 6.718,5701
 5855,51311.137, 6.526,5701
 5856,51317.875, 6.737,5701
 5857,51324.309, 6.434,5701
 5858,51332.125, 7.816,5701
 5859,51339.625, 7.498,5701
 5860,51346.539, 6.914,5701
 5861,51353.387, 6.848,5701
 5862,51359.609, 6.224,5701
 5863,51366.098, 6.486,5701
 5864,51372.293, 6.197,5701
 5865,51378.691, 6.399,5701
 5866,51385.633, 6.944,5701
 5867,51391.949, 6.314,5701
 5868,51398.215, 6.264,5701
 5869,51405.320, 7.105,5701
 5870,51411.973, 6.656,5701
 5871,51418.746, 6.771,5701
 5872,51424.941, 6.195,5701
 5873,51431.543, 6.601,5701
 5874,51438.051, 6.510,5701
 5875,51444.840, 6.787,5701
 5876,51451.977, 7.140,5701
 5877,51458.563, 6.582,5701
 5878,51465.266, 6.705,5701
 5879,51471.785, 6.520,5701
 5880,51478.305, 6.519,5701
 5881,51485.949, 7.644,5701
 5882,51492.719, 6.768,5701
 5883,51499.555, 6.835,5701
 5884,51506.922, 7.369,5701
 5885,51515.305, 8.387,5701
 5886,51523.457, 8.148,5701
 5887,51530.797, 7.341,5701
 5888,51537.523, 6.726,5701
 5889,51545.297, 7.777,5701
 5890,51552.672, 7.371,5701
 5891,51560.367, 7.695,5701
 5892,51567.594, 7.227,5701
 5893,51574.871, 7.277,5701
 5894,51581.281, 6.411,5701
 5895,51587.879, 6.598,5701
 5896,51594.586, 6.707,5701
 5897,51602.547, 7.958,5701
 5898,51610.828, 8.284,5701
 5899,51618.281, 7.455,5701
 5900,51625.270, 6.988,5701
 5901,51631.875, 6.601,5701
 5902,51638.684, 6.808,5701
 5903,51645.266, 6.586,5701
 5904,51652.281, 7.018,5701
 5905,51658.828, 6.541,5701
 5906,51665.594, 6.768,5701
 5907,51673.340, 7.743,5701
 5908,51680.094, 6.759,5701
 5909,51687.363, 7.266,5701
 5910,51695.695, 8.334,5701
 5911,51702.055, 6.359,5701
 5912,51708.668, 6.614,5701
 5913,51715.418, 6.749,5701
 5914,51722.539, 7.121,5701
 5915,51730.770, 8.233,5701
 5916,51739.172, 8.398,5701
 5917,51746.746, 7.575,5701
 5918,51754.195, 7.448,5701
 5919,51760.563, 6.372,5701
 5920,51768.332, 7.764,5701
 5921,51776.070, 7.741,5701
 5922,51782.809, 6.743,5701
 5923,51789.137, 6.328,5701
 5924,51796.336, 7.194,5701
 5925,51802.762, 6.426,5701
 5926,51809.211, 6.450,5701
 5927,51815.672, 6.461,5701
 5928,51823.680, 8.008,5701
 5929,51830.285, 6.606,5701
 5930,51837.836, 7.549,5701
 5931,51845.109, 7.275,5701
 5932,51852.500, 7.387,5701
 5933,51858.887, 6.390,5701
 5934,51865.332, 6.444,5701
 5935,51871.973, 6.644,5701
 5936,51879.105, 7.134,5701
 5937,51885.434, 6.325,5701
 5938,51892.531, 7.099,5701
 5939,51899.723, 7.190,5701
 5940,51905.871, 6.148,5701
 5941,51912.199, 6.327,5701
 5942,51918.547, 6.351,5701
 5943,51924.766, 6.219,5701
 5944,51931.074, 6.307,5701
 5945,51938.566, 7.493,5701
 5946,51945.051, 6.483,5701
 5947,51951.277, 6.228,5701
 5948,51957.500, 6.222,5701
 5949,51964.563, 7.064,5701
 5950,51971.781, 7.217,5701
 5951,51978.707, 6.923,5701
 5952,51985.105, 6.401,5701
 5953,51992.887, 7.781,5701
 5954,51999.105, 6.220,5701
 5955,52005.344, 6.236,5701
 5956,52012.652, 7.310,5701
 5957,52019.703, 7.049,5701
 5958,52026.141, 6.441,5701
 5959,52032.336, 6.193,5701
 5960,52039.516, 7.179,5701
 5961,52046.426, 6.911,5701
 5962,52053.496, 7.069,5701
 5963,52059.863, 6.367,5701
 5964,52066.598, 6.736,5701
 5965,52074.195, 7.598,5701
 5966,52080.301, 6.106,5701
 5967,52087.266, 6.963,5701
 5968,52093.656, 6.389,5701
 5969,52100.477, 6.825,5701
 5970,52107.535, 7.056,5701
 5971,52114.348, 6.813,5701
 5972,52122.047, 7.699,5701
 5973,52129.707, 7.661,5701
 5974,52137.230, 7.524,5701
 5975,52143.621, 6.391,5701
 5976,52151.457, 7.835,5701
 5977,52159.020, 7.559,5701
 5978,52167.363, 8.345,5701
 5979,52173.809, 6.447,5701
 5980,52180.379, 6.571,5701
 5981,52186.793, 6.417,5701
 5982,52193.469, 6.673,5701
 5983,52201.262, 7.793,5701
 5984,52209.719, 8.456,5701
 5985,52216.082, 6.362,5701
 5986,52223.184, 7.102,5701
 5987,52229.422, 6.240,5701
 5988,52235.727, 6.304,5701
 5989,52242.805, 7.080,5701
 5990,52249.250, 6.443,5701
 5991,52257.266, 8.019,5701
 5992,52264.047, 6.778,5701
 5993,52272.102, 8.056,5701
 5994,52278.887, 6.783,5701
 5995,52285.242, 6.359,5701
 5996,52292.063, 6.818,5701
 5997,52299.379, 7.315,5701
 5998,52306.051, 6.674,5701
 5999,52312.906, 6.854,5701
 6000,52320.426, 7.520,5701
 6001,52327.781, 7.357,5701
 6002,52335.242, 7.458,5701
 6003,52341.730, 6.492,5701
 6004,52348.625, 6.895,5701
 6005,52355.328, 6.699,5701
 6006,52364.094, 8.769,5701
 6007,52371.258, 7.161,5701
 6008,52378.738, 7.482,5701
 6009,52385.355, 6.617,5701
 6010,52392.789, 7.434,5701
 6011,52399.891, 7.100,5701
 6012,52407.250, 7.360,5701
 6013,52415.293, 8.046,5701
 6014,52423.691, 8.393,5701
 6015,52431.578, 7.888,5701
 6016,52438.020, 6.443,5701
 6017,52444.996, 6.974,5701
 6018,52451.082, 6.090,5701
 6019,52458.723, 7.639,5701
 6020,52465.168, 6.443,5701
 6021,52472.762, 7.597,5701
 6022,52480.211, 7.449,5701
 6023,52486.793, 6.584,5701
 6024,52494.160, 7.362,5701
 6025,52502.484, 8.325,5701
 6026,52510.219, 7.736,5701
 6027,52519.973, 9.755,5701
 6028,52527.730, 7.756,5701
 6029,52534.008, 6.276,5701
 6030,52541.246, 7.240,5701
 6031,52547.633, 6.391,5701
 6032,52554.199, 6.562,5701
 6033,52560.715, 6.516,5701
 6034,52567.309, 6.595,5701
 6035,52574.422, 7.112,5701
 6036,52581.563, 7.139,5701
 6037,52588.652, 7.092,5701
 6038,52595.156, 6.501,5701
 6039,52602.977, 7.826,5701
 6040,52609.582, 6.604,5701
 6041,52616.238, 6.654,5701
 6042,52623.281, 7.045,5701
 6043,52630.520, 7.235,5701
 6044,52636.785, 6.271,5701
 6045,52643.855, 7.066,5701
 6046,52650.160, 6.305,5701
 6047,52657.277, 7.120,5701
 6048,52664.445, 7.168,5701
 6049,52671.391, 6.943,5701
 6050,52678.863, 7.473,5701
 6051,52686.164, 7.297,5701
 6052,52692.617, 6.456,5701
 6053,52699.723, 7.108,5701
 6054,52706.551, 6.827,5701
 6055,52712.949, 6.398,5701
 6056,52719.563, 6.611,5701
 6057,52726.680, 7.118,5701
 6058,52733.293, 6.617,5701
 6059,52740.355, 7.061,5701
 6060,52747.445, 7.091,5701
 6061,52754.488, 7.040,5701
 6062,52760.855, 6.368,5701
 6063,52767.031, 6.176,5701
 6064,52773.309, 6.278,5701
 6065,52780.875, 7.566,5701
 6066,52789.059, 8.183,5701
 6067,52796.125, 7.068,5701
 6068,52803.258, 7.132,5701
 6069,52810.316, 7.055,5701
 6070,52816.723, 6.407,5701
 6071,52823.328, 6.606,5701
 6072,52830.035, 6.710,5701
 6073,52837.402, 7.368,5701
 6074,52844.254, 6.849,5701
 6075,52851.172, 6.916,5701
 6076,52858.430, 7.261,5701
 6077,52865.137, 6.708,5701
 6078,52871.996, 6.855,5701
 6079,52879.609, 7.618,5701
 6080,52886.203, 6.592,5701
 6081,52893.855, 7.652,5701
 6082,52901.676, 7.819,5701
 6083,52910.141, 8.468,5701
 6084,52917.191, 7.049,5701
 6085,52924.090, 6.897,5701
 6086,52931.816, 7.727,5701
 6087,52938.770, 6.955,5701
 6088,52947.156, 8.382,5701
 6089,52955.500, 8.348,5701
 6090,52962.559, 7.058,5701
 6091,52969.465, 6.908,5701
 6092,52976.980, 7.510,5701
 6093,52984.523, 7.544,5701
 6094,52991.664, 7.141,5701
 6095,53000.230, 8.569,5701
 6096,53007.453, 7.224,5701
 6097,53014.832, 7.375,5701
 6098,53022.379, 7.550,5701
 6099,53029.359, 6.979,5701
 6100,53036.762, 7.402,5701
 6101,53044.641, 7.884,5701
 6102,53050.980, 6.336,5701
 6103,53057.219, 6.236,5701
 6104,53064.664, 7.446,5701
 6105,53070.996, 6.332,5701
 6106,53077.980, 6.982,5701
 6107,53084.305, 6.329,5701
 6108,53091.367, 7.060,5701
 6109,53097.887, 6.520,5701
 6110,53104.309, 6.426,5701
 6111,53110.785, 6.475,5701
 6112,53118.043, 7.258,5701
 6113,53125.129, 7.087,5701
 6114,53132.633, 7.502,5701
 6115,53139.188, 6.555,5701
 6116,53145.402, 6.215,5701
 6117,53151.563, 6.159,5701
 6118,53157.945, 6.386,5701
 6119,53164.148, 6.199,5701
 6120,53170.531, 6.385,5701
 6121,53177.105, 6.573,5701
 6122,53184.078, 6.974,5701
 6123,53191.043, 6.961,5701
 6124,53197.262, 6.221,5701
 6125,53204.125, 6.866,5701
 6126,53212.332, 8.205,5701
 6127,53218.848, 6.513,5701
 6128,53225.922, 7.077,5701
 6129,53233.238, 7.315,5701
 6130,53239.785, 6.549,5701
 6131,53246.008, 6.220,5701
 6132,53252.047, 6.039,5701
 6133,53258.996, 6.951,5701
 6134,53265.457, 6.460,5701
 6135,53272.148, 6.688,5701
 6136,53278.344, 6.199,5701
 6137,53285.684, 7.338,5701
 6138,53292.293, 6.614,5701
 6139,53299.539, 7.242,5701
 6140,53307.227, 7.689,5701
 6141,53313.926, 6.701,5701
 6142,53320.934, 7.007,5701
 6143,53328.188, 7.252,5701
 6144,53336.125, 7.940,5701
 6145,53343.563, 7.438,5701
 6146,53351.090, 7.525,5701
 6147,53357.559, 6.468,5701
 6148,53363.680, 6.122,5701
 6149,53370.273, 6.597,5701
 6150,53376.625, 6.348,5701
 6151,53383.957, 7.334,5701
 6152,53391.262, 7.305,5701
 6153,53398.051, 6.788,5701
 6154,53405.609, 7.560,5701
 6155,53412.738, 7.125,5701
 6156,53419.902, 7.165,5701
 6157,53426.719, 6.818,5701
 6158,53434.074, 7.356,5701
 6159,53441.137, 7.065,5701
 6160,53448.684, 7.544,5701
 6161,53456.762, 8.077,5701
 6162,53464.273, 7.511,5701
 6163,53471.691, 7.418,5701
 6164,53478.289, 6.598,5701
 6165,53485.363, 7.073,5701
 6166,53492.176, 6.814,5701
 6167,53498.523, 6.347,5701
 6168,53505.320, 6.797,5701
 6169,53512.699, 7.378,5701
 6170,53520.074, 7.375,5701
 6171,53527.566, 7.494,5701
 6172,53535.785, 8.221,5701
 6173,53543.289, 7.505,5701
 6174,53550.500, 7.204,5701
 6175,53557.883, 7.385,5701
 6176,53566.766, 8.886,5701
 6177,53575.680, 8.911,5701
 6178,53582.867, 7.188,5701
 6179,53589.887, 7.020,5701
 6180,53597.195, 7.309,5701
 6181,53604.238, 7.044,5701
 6182,53611.535, 7.295,5701
 6183,53618.910, 7.377,5701
 6184,53626.902, 7.991,5701
 6185,53634.762, 7.861,5701
 6186,53643.305, 8.545,5701
 6187,53652.012, 8.700,5701
 6188,53658.691, 6.682,5701
 6189,53665.266, 6.574,5701
 6190,53672.094, 6.831,5701
 6191,53680.117, 8.023,5701
 6192,53687.957, 7.839,5701
 6193,53696.027, 8.071,5701
 6194,53702.770, 6.743,5701
 6195,53709.984, 7.212,5701
 6196,53716.332, 6.347,5701
 6197,53723.719, 7.389,5701
 6198,53729.957, 6.239,5701
 6199,53737.023, 7.064,5701
 6200,53745.570, 8.547,5701
 6201,53751.813, 6.241,5701
 6202,53758.383, 6.571,5701
 6203,53766.426, 8.043,5701
 6204,53772.730, 6.308,5701
 6205,53779.305, 6.575,5701
 6206,53786.738, 7.433,5701
 6207,53794.996, 8.252,5701
 6208,53801.719, 6.727,5701
 6209,53807.781, 6.063,5701
 6210,53814.586, 6.804,5701
 6211,53821.906, 7.320,5701
 6212,53828.258, 6.352,5701
 6213,53835.738, 7.479,5701
 6214,53842.914, 7.179,5701
 6215,53850.395, 7.478,5701
 6216,53857.289, 6.898,5701
 6217,53863.617, 6.325,5701
 6218,53870.141, 6.526,5701
 6219,53876.668, 6.523,5701
 6220,53883.762, 7.097,5701
 6221,53889.938, 6.173,5701
 6222,53897.242, 7.306,5701
 6223,53903.754, 6.512,5701
 6224,53910.176, 6.419,5701
 6225,53916.891, 6.718,5701
 6226,53923.141, 6.252,5701
 6227,53929.660, 6.514,5701
 6228,53936.117, 6.462,5701
 6229,53943.074, 6.953,5701
 6230,53950.621, 7.551,5701
 6231,53958.039, 7.416,5701
 6232,53964.609, 6.572,5701
 6233,53972.051, 7.437,5701
 6234,53978.555, 6.507,5701
 6235,53985.277, 6.722,5701
 6236,53991.758, 6.480,5701
 6237,53999.539, 7.781,5701
 6238,54007.031, 7.493,5701
 6239,54013.496, 6.463,5701
 6240,54020.531, 7.037,5701
 6241,54027.133, 6.602,5701
 6242,54034.492, 7.357,5701
 6243,54040.910, 6.419,5701
 6244,54047.289, 6.380,5701
 6245,54055.113, 7.827,5701
 6246,54063.121, 8.007,5701
 6247,54070.844, 7.721,5701
 6248,54077.719, 6.875,5701
 6249,54086.520, 8.799,5701
 6250,54094.754, 8.235,5701
 6251,54102.789, 8.036,5701
 6252,54110.059, 7.271,5701
 6253,54116.836, 6.776,5701
 6254,54124.281, 7.445,5701
 6255,54131.602, 7.323,5701
 6256,54138.270, 6.667,5701
 6257,54144.805, 6.536,5701
 6258,54151.191, 6.382,5701
 6259,54157.898, 6.711,5701
 6260,54165.723, 7.821,5701
 6261,54172.469, 6.748,5701
 6262,54180.082, 7.613,5701
 6263,54187.535, 7.452,5701
 6264,54195.691, 8.156,5701
 6265,54202.277, 6.589,5701
 6266,54209.484, 7.202,5701
 6267,54216.465, 6.983,5701
 6268,54224.297, 7.833,5701
 6269,54231.863, 7.565,5701
 6270,54238.547, 6.686,5701
 6271,54245.449, 6.904,5701
 6272,54253.137, 7.688,5701
 6273,54260.738, 7.599,5701
 6274,54269.047, 8.308,5701
 6275,54276.395, 7.346,5701
 6276,54284.137, 7.745,5701
 6277,54292.555, 8.416,5701
 6278,54300.367, 7.813,5701
 6279,54307.891, 7.522,5701
 6280,54315.258, 7.368,5701
 6281,54323.512, 8.252,5701
 6282,54330.645, 7.131,5701
 6283,54337.773, 7.135,5701
 6284,54344.637, 6.862,5701
 6285,54351.434, 6.798,5701
 6286,54358.457, 7.021,5701
 6287,54366.430, 7.975,5701
 6288,54374.668, 8.236,5701
 6289,54383.012, 8.345,5701
 6290,54391.699, 8.688,5701
 6291,54399.266, 7.568,5701
 6292,54405.656, 6.385,5701
 6293,54412.738, 7.083,5701
 6294,54419.020, 6.281,5701
 6295,54426.555, 7.536,5701
 6296,54433.668, 7.114,5701
 6297,54440.059, 6.389,5701
 6298,54446.453, 6.399,5701
 6299,54452.934, 6.479,5701
 6300,54460.383, 7.448,5701
 6301,54467.004, 6.621,5701
 6302,54473.898, 6.895,5701
 6303,54481.961, 8.065,5701
 6304,54489.348, 7.382,5701
 6305,54496.602, 7.259,5701
 6306,54503.063, 6.457,5701
 6307,54510.422, 7.360,5701
 6308,54516.914, 6.495,5701
 6309,54523.461, 6.545,5701
 6310,54530.801, 7.340,5701
 6311,54537.273, 6.471,5701
 6312,54543.898, 6.625,5701
 6313,54551.168, 7.270,5701
 6314,54558.508, 7.340,5701
 6315,54565.055, 6.548,5701
 6316,54571.617, 6.562,5701
 6317,54578.594, 6.979,5701
 6318,54585.441, 6.848,5701
 6319,54593.750, 8.306,5701
 6320,54601.004, 7.253,5701
 6321,54607.508, 6.503,5701
 6322,54614.102, 6.595,5701
 6323,54621.258, 7.156,5701
 6324,54627.508, 6.250,5701
 6325,54634.746, 7.241,5701
 6326,54641.137, 6.392,5701
 6327,54647.539, 6.396,5701
 6328,54653.871, 6.334,5701
 6329,54660.020, 6.146,5701
 6330,54666.449, 6.433,5701
 6331,54672.914, 6.465,5701
 6332,54680.121, 7.209,5701
 6333,54687.398, 7.274,5701
 6334,54695.324, 7.927,5701
 6335,54702.348, 7.024,5701
 6336,54709.473, 7.124,5701
 6337,54717.414, 7.941,5701
 6338,54724.020, 6.603,5701
 6339,54731.301, 7.285,5701
 6340,54738.531, 7.229,5701
 6341,54745.723, 7.193,5701
 6342,54752.055, 6.332,5701
 6343,54759.184, 7.128,5701
 6344,54766.566, 7.384,5701
 6345,54773.535, 6.966,5701
 6346,54780.387, 6.855,5701
 6347,54787.961, 7.575,5701
 6348,54794.625, 6.664,5701
 6349,54802.410, 7.785,5701
 6350,54810.188, 7.773,5701
 6351,54817.969, 7.785,5701
 6352,54825.496, 7.525,5701
 6353,54832.266, 6.770,5701
 6354,54839.684, 7.418,5701
 6355,54846.273, 6.590,5701
 6356,54854.691, 8.417,5701
 6357,54862.293, 7.604,5701
 6358,54871.352, 9.055,5701
 6359,54880.402, 9.052,5701
 6360,54888.523, 8.121,5701
 6361,54897.680, 9.156,5701
 6362,54905.906, 8.230,5701
 6363,54914.039, 8.129,5701
 6364,54921.988, 7.947,5701
 6365,54929.844, 7.859,5701
 6366,54937.324, 7.477,5701
 6367,54945.340, 8.016,5701
 6368,54953.129, 7.793,5701
 6369,54961.156, 8.025,5701
 6370,54968.578, 7.426,5701
 6371,54975.961, 7.383,5701
 6372,54983.730, 7.768,5701
 6373,54992.777, 9.048,5701
 6374,55000.949, 8.171,5701
 6375,55007.465, 6.514,5701
 6376,55014.984, 7.517,5701
 6377,55022.656, 7.672,5701
 6378,55029.027, 6.373,5701
 6379,55035.602, 6.574,5701
 6380,55043.133, 7.535,5701
 6381,55049.613, 6.479,5701
 6382,55056.070, 6.457,5701
 6383,55063.203, 7.131,5701
 6384,55069.797, 6.595,5701
 6385,55076.660, 6.863,5701
 6386,55083.762, 7.103,5701
 6387,55091.051, 7.288,5701
 6388,55098.121, 7.072,5701
 6389,55105.313, 7.187,5701
 6390,55111.898, 6.590,5701
 6391,55118.945, 7.046,5701
 6392,55126.223, 7.276,5701
 6393,55133.676, 7.450,5701
 6394,55140.902, 7.230,5701
 6395,55148.602, 7.701,5701
 6396,55155.223, 6.619,5701
 6397,55162.695, 7.472,5701
 6398,55170.609, 7.917,5701
 6399,55177.012, 6.399,5701
 6400,55184.301, 7.293,5701
 6401,55191.770, 7.467,5701
 6402,55198.523, 6.750,5701
 6403,55206.047, 7.527,5701
 6404,55213.813, 7.764,5701
 6405,55220.188, 6.373,5701
 6406,55227.785, 7.602,5701
 6407,55234.449, 6.663,5701
 6408,55240.930, 6.481,5701
 6409,55247.707, 6.774,5701
 6410,55255.422, 7.717,5701
 6411,55263.730, 8.309,5701
 6412,55270.637, 6.909,5701
 6413,55277.836, 7.196,5701
 6414,55284.273, 6.437,5701
 6415,55291.238, 6.966,5701
 6416,55297.906, 6.670,5701
 6417,55304.672, 6.763,5701
 6418,55311.582, 6.911,5701
 6419,55318.355, 6.774,5701
 6420,55325.578, 7.224,5701
 6421,55332.531, 6.951,5701
 6422,55340.094, 7.563,5701
 6423,55347.012, 6.914,5701
 6424,55353.465, 6.457,5701
 6425,55360.539, 7.075,5701
 6426,55367.203, 6.662,5701
 6427,55374.313, 7.108,5701
 6428,55381.164, 6.854,5701
 6429,55387.945, 6.780,5701
 6430,55394.367, 6.421,5701
 6431,55401.074, 6.710,5701
 6432,55407.941, 6.866,5701
 6433,55415.445, 7.504,5701
 6434,55422.355, 6.908,5701
 6435,55429.813, 7.458,5701
 6436,55436.793, 6.983,5701
 6437,55444.188, 7.394,5701
 6438,55451.043, 6.854,5701
 6439,55458.648, 7.605,5701
 6440,55466.527, 7.878,5701
 6441,55473.359, 6.834,5701
 6442,55480.500, 7.139,5701
 6443,55488.043, 7.546,5701
 6444,55496.051, 8.006,5701
 6445,55504.168, 8.116,5701
 6446,55511.367, 7.200,5701
 6447,55519.816, 8.448,5701
 6448,55528.945, 9.133,5701
 6449,55536.371, 7.422,5701
 6450,55545.078, 8.709,5701
 6451,55553.051, 7.971,5701
 6452,55559.871, 6.820,5701
 6453,55566.773, 6.904,5701
 6454,55574.063, 7.289,5701
 6455,55581.582, 7.520,5701
 6456,55589.234, 7.654,5701
 6457,55597.402, 8.165,5701
 6458,55604.645, 7.242,5701
 6459,55612.723, 8.077,5701
 6460,55619.156, 6.432,5701
 6461,55625.570, 6.416,5701
 6462,55632.105, 6.539,5701
 6463,55640.250, 8.145,5701
 6464,55648.531, 8.278,5701
 6465,55656.484, 7.950,5701
 6466,55664.340, 7.860,5701
 6467,55670.891, 6.551,5701
 6468,55677.586, 6.696,5701
 6469,55684.227, 6.639,5701
 6470,55691.844, 7.618,5701
 6471,55699.203, 7.357,5701
 6472,55705.988, 6.784,5701
 6473,55713.113, 7.127,5701
 6474,55720.684, 7.570,5701
 6475,55727.145, 6.459,5701
 6476,55733.625, 6.483,5701
 6477,55741.070, 7.446,5701
 6478,55748.465, 7.395,5701
 6479,55755.820, 7.352,5701
 6480,55763.797, 7.981,5701
 6481,55770.336, 6.536,5701
 6482,55776.816, 6.481,5701
 6483,55783.945, 7.130,5701
 6484,55791.527, 7.582,5701
 6485,55798.164, 6.634,5701
 6486,55804.520, 6.358,5701
 6487,55810.824, 6.303,5701
 6488,55817.578, 6.757,5701
 6489,55824.645, 7.063,5701
 6490,55831.965, 7.325,5701
 6491,55838.621, 6.655,5701
 6492,55845.707, 7.082,5701
 6493,55852.148, 6.443,5701
 6494,55858.746, 6.598,5701
 6495,55865.523, 6.775,5701
 6496,55872.906, 7.387,5701
 6497,55879.555, 6.649,5701
 6498,55886.824, 7.267,5701
 6499,55893.383, 6.560,5701
 6500,55899.836, 6.452,5701
 6501,55906.793, 6.957,5701
 6502,55913.906, 7.115,5701
 6503,55920.156, 6.248,5701
 6504,55927.359, 7.203,5701
 6505,55934.980, 7.622,5701
 6506,55941.398, 6.417,5701
 6507,55948.086, 6.689,5701
 6508,55956.117, 8.032,5701
 6509,55963.715, 7.594,5701
 6510,55971.680, 7.965,5701
 6511,55978.383, 6.704,5701
 6512,55984.980, 6.597,5701
 6513,55992.223, 7.244,5701
 6514,55999.688, 7.463,5701
 6515,56006.781, 7.096,5701
 6516,56014.156, 7.372,5701
 6517,56021.980, 7.824,5701
 6518,56030.156, 8.175,5701
 6519,56039.273, 9.121,5669
 6520,56047.043, 7.770,5669
 6521,56054.230, 7.186,5669
 6522,56061.750, 7.521,5669
 6523,56069.531, 7.781,5669
 6524,56078.336, 8.804,5669
 6525,56085.789, 7.455,5669
 6526,56093.625, 7.835,5669
 6527,56101.770, 8.147,5669
 6528,56109.660, 7.886,5669
 6529,56117.281, 7.626,5669
 6530,56125.043, 7.756,5669
 6531,56132.531, 7.488,5669
 6532,56139.063, 6.533,5669
 6533,56146.152, 7.090,5669
 6534,56152.777, 6.628,5669
 6535,56159.387, 6.609,5669
 6536,56166.121, 6.733,5669
 6537,56173.012, 6.891,5669
 6538,56180.102, 7.090,5669
 6539,56188.688, 8.584,5669
 6540,56195.809, 7.121,5669
 6541,56202.625, 6.818,5669
 6542,56209.887, 7.262,5669
 6543,56216.664, 6.776,5669
 6544,56223.613, 6.950,5669
 6545,56231.656, 8.042,5669
 6546,56239.129, 7.475,5669
 6547,56247.254, 8.123,5669
 6548,56255.961, 8.711,5669
 6549,56262.996, 7.032,5669
 6550,56271.344, 8.345,5669
 6551,56279.383, 8.041,5669
 6552,56287.027, 7.643,5669
 6553,56295.391, 8.364,5669
 6554,56302.430, 7.040,5669
 6555,56310.613, 8.186,5669
 6556,56317.926, 7.312,5669
 6557,56324.988, 7.061,5669
 6558,56331.891, 6.904,5669
 6559,56339.953, 8.062,5669
 6560,56348.203, 8.250,5669
 6561,56356.469, 8.266,5669
 6562,56363.656, 7.183,5669
 6563,56371.945, 8.293,5669
 6564,56378.570, 6.625,5669
 6565,56385.176, 6.604,5669
 6566,56393.223, 8.048,5669
 6567,56400.270, 7.047,5669
 6568,56407.078, 6.808,5669
 6569,56413.727, 6.647,5669
 6570,56421.621, 7.896,5669
 6571,56430.367, 8.746,5669
 6572,56437.492, 7.123,5669
 6573,56444.441, 6.950,5669
 6574,56451.480, 7.039,5669
 6575,56457.922, 6.442,5669
 6576,56465.293, 7.373,5669
 6577,56472.734, 7.441,5669
 6578,56479.500, 6.765,5669
 6579,56486.852, 7.352,5669
 6580,56494.469, 7.618,5669
 6581,56502.457, 7.990,5669
 6582,56509.219, 6.759,5669
 6583,56515.820, 6.601,5669
 6584,56522.434, 6.614,5669
 6585,56529.523, 7.090,5669
 6586,56536.797, 7.274,5669
 6587,56544.082, 7.284,5669
 6588,56551.520, 7.435,5669
 6589,56559.191, 7.674,5669
 6590,56566.477, 7.283,5669
 6591,56574.977, 8.499,5669
 6592,56581.625, 6.652,5669
 6593,56589.379, 7.754,5669
 6594,56595.770, 6.393,5669
 6595,56603.020, 7.244,5669
 6596,56609.945, 6.929,5669
 6597,56616.363, 6.418,5669
 6598,56623.121, 6.757,5669
 6599,56629.625, 6.508,5669
 6600,56636.141, 6.509,5669
 6601,56643.426, 7.291,5669
 6602,56649.836, 6.404,5669
 6603,56656.309, 6.476,5669
 6604,56662.918, 6.611,5669
 6605,56669.430, 6.511,5669
 6606,56676.191, 6.760,5669
 6607,56682.715, 6.526,5669
 6608,56690.102, 7.387,5669
 6609,56696.609, 6.509,5669
 6610,56703.813, 7.198,5669
 6611,56711.094, 7.284,5669
 6612,56718.883, 7.789,5669
 6613,56726.316, 7.430,5669
 6614,56732.730, 6.416,5669
 6615,56739.398, 6.669,5669
 6616,56746.645, 7.246,5669
 6617,56753.102, 6.457,5669
 6618,56759.867, 6.766,5669
 6619,56767.332, 7.465,5669
 6620,56774.234, 6.900,5669
 6621,56781.625, 7.392,5669
 6622,56789.586, 7.964,5669
 6623,56797.809, 8.217,5669
 6624,56805.480, 7.672,5669
 6625,56813.168, 7.689,5669
 6626,56822.074, 8.910,5669
 6627,56829.898, 7.820,5669
 6628,56837.883, 7.985,5669
 6629,56845.555, 7.674,5669
 6630,56854.238, 8.682,5669
 6631,56862.273, 8.036,5669
 6632,56869.363, 7.087,5669
 6633,56877.930, 8.571,5669
 6634,56885.234, 7.302,5669
 6635,56893.598, 8.364,5669
 6636,56901.516, 7.915,5669
 6637,56909.539, 8.025,5669
 6638,56916.629, 7.094,5669
 6639,56924.445, 7.814,5669
 6640,56933.168, 8.721,5669
 6641,56940.965, 7.801,5669
 6642,56949.891, 8.922,5669
 6643,56958.680, 8.788,5669
 6644,56965.668, 6.991,5669
 6645,56972.953, 7.284,5669
 6646,56979.418, 6.467,5669
 6647,56985.859, 6.439,5669
 6648,56992.402, 6.544,5669
 6649,56999.715, 7.310,5669
 6650,57007.793, 8.082,5669
 6651,57015.855, 8.061,5669
 6652,57023.445, 7.592,5669
 6653,57030.586, 7.141,5669
 6654,57038.723, 8.136,5669
 6655,57046.352, 7.627,5669
 6656,57053.262, 6.912,5669
 6657,57061.691, 8.429,5669
 6658,57069.789, 8.097,5669
 6659,57078.531, 8.743,5669
 6660,57085.699, 7.165,5669
 6661,57093.324, 7.627,5669
 6662,57100.215, 6.889,5669
 6663,57107.195, 6.981,5669
 6664,57114.121, 6.926,5669
 6665,57121.371, 7.250,5669
 6666,57128.461, 7.091,5669
 6667,57135.387, 6.925,5669
 6668,57142.316, 6.929,5669
 6669,57148.777, 6.465,5669
 6670,57156.898, 8.120,5669
 6671,57164.219, 7.317,5669
 6672,57171.121, 6.903,5669
 6673,57178.340, 7.220,5669
 6674,57185.539, 7.199,5669
 6675,57192.203, 6.665,5669
 6676,57199.277, 7.074,5669
 6677,57207.512, 8.232,5669
 6678,57216.059, 8.547,5669
 6679,57222.906, 6.849,5669
 6680,57230.051, 7.142,5669
 6681,57237.613, 7.565,5669
 6682,57244.957, 7.346,5669
 6683,57251.734, 6.776,5669
 6684,57259.074, 7.338,5669
 6685,57266.539, 7.466,5669
 6686,57274.211, 7.673,5669
 6687,57280.809, 6.595,5669
 6688,57287.418, 6.610,5669
 6689,57295.418, 7.999,5669
 6690,57302.664, 7.247,5669
 6691,57310.156, 7.493,5669
 6692,57316.930, 6.776,5669
 6693,57323.473, 6.538,5669
 6694,57330.145, 6.673,5669
 6695,57337.121, 6.978,5669
 6696,57343.570, 6.449,5669
 6697,57350.457, 6.889,5669
 6698,57357.031, 6.572,5669
 6699,57363.828, 6.794,5669
 6700,57371.367, 7.540,5669
 6701,57378.844, 7.478,5669
 6702,57386.504, 7.659,5669
 6703,57393.309, 6.806,5669
 6704,57400.266, 6.960,5669
 6705,57407.707, 7.440,5669
 6706,57414.414, 6.706,5669
 6707,57421.465, 7.050,5669
 6708,57429.570, 8.108,5669
 6709,57437.293, 7.723,5669
 6710,57444.457, 7.164,5669
 6711,57452.387, 7.927,5669
 6712,57461.859, 9.472,5669
 6713,57470.645, 8.783,5669
 6714,57478.004, 7.360,5669
 6715,57486.180, 8.177,5669
 6716,57494.527, 8.349,5669
 6717,57502.500, 7.970,5669
 6718,57511.203, 8.706,5669
 6719,57518.551, 7.348,5669
 6720,57527.148, 8.597,5669
 6721,57535.500, 8.349,5669
 6722,57543.547, 8.051,5669
 6723,57551.984, 8.434,5669
 6724,57560.613, 8.631,5669
 6725,57570.383, 9.768,5669
 6726,57579.609, 9.227,5669
 6727,57586.523, 6.913,5669
 6728,57595.031, 8.508,5669
 6729,57605.945,10.919,5669
 6730,57615.457, 9.509,5669
 6731,57626.648,11.188,5669
 6732,57637.172,10.525,5669
 6733,57649.000,11.829,5669
 6734,57660.285,11.286,5669
 6735,57670.152, 9.864,5669
 6736,57678.465, 8.319,5669
 6737,57687.379, 8.910,5669
 6738,57696.105, 8.729,5669
 6739,57703.770, 7.661,5669
 6740,57716.371,12.602,5669
 6741,57725.020, 8.648,5669
 6742,57734.109, 9.092,5669
 6743,57741.488, 7.377,5669
 6744,57748.957, 7.470,5669
 6745,57756.129, 7.174,5669
 6746,57762.512, 6.379,5669
 6747,57769.180, 6.668,5669
 6748,57777.770, 8.590,5669
 6749,57785.148, 7.378,5669
 6750,57791.824, 6.677,5669
 6751,57798.531, 6.706,5669
 6752,57805.055, 6.524,5669
 6753,57812.438, 7.386,5669
 6754,57819.531, 7.089,5669
 6755,57825.930, 6.400,5669
 6756,57832.508, 6.576,5669
 6757,57838.965, 6.463,5669
 6758,57845.840, 6.872,5669
 6759,57852.875, 7.037,5669
 6760,57860.043, 7.166,5669
 6761,57866.625, 6.584,5669
 6762,57873.215, 6.587,5669
 6763,57880.438, 7.226,5669
 6764,57888.316, 7.873,5669
 6765,57895.660, 7.346,5669
 6766,57903.066, 7.409,5669
 6767,57910.266, 7.201,5669
 6768,57916.531, 6.263,5669
 6769,57923.910, 7.379,5669
 6770,57931.695, 7.784,5669
 6771,57938.500, 6.805,5669
 6772,57945.383, 6.882,5669
 6773,57952.645, 7.262,5669
 6774,57960.188, 7.542,5669
 6775,57967.820, 7.633,5669
 6776,57974.266, 6.448,5669
 6777,57981.984, 7.717,5669
 6778,57989.762, 7.777,5669
 6779,57997.891, 8.132,5669
 6780,58005.852, 7.956,5669
 6781,58012.965, 7.118,5669
 6782,58020.309, 7.338,5669
 6783,58027.641, 7.333,5669
 6784,58034.934, 7.297,5669
 6785,58042.500, 7.566,5669
 6786,58049.418, 6.919,5669
 6787,58057.465, 8.046,5669
 6788,58064.109, 6.644,5669
 6789,58071.770, 7.661,5669
 6790,58078.430, 6.661,5669
 6791,58084.957, 6.528,5669
 6792,58091.824, 6.862,5669
 6793,58099.465, 7.647,5669
 6794,58106.148, 6.676,5669
 6795,58112.813, 6.664,5669
 6796,58119.457, 6.648,5669
 6797,58126.102, 6.647,5669
 6798,58132.961, 6.859,5669
 6799,58139.633, 6.674,5669
 6800,58146.586, 6.950,5669
 6801,58154.125, 7.540,5669
 6802,58160.672, 6.543,5669
 6803,58167.434, 6.766,5669
 6804,58174.734, 7.299,5669
 6805,58181.734, 6.999,5669
 6806,58188.730, 6.997,5669
 6807,58196.805, 8.072,5669
 6808,58204.371, 7.567,5669
 6809,58211.488, 7.117,5669
 6810,58219.488, 8.000,5669
 6811,58226.391, 6.905,5669
 6812,58234.203, 7.809,5669
 6813,58242.621, 8.422,5669
 6814,58249.555, 6.933,5669
 6815,58256.727, 7.171,5669
 6816,58265.539, 8.811,5669
 6817,58273.102, 7.566,5669
 6818,58280.195, 7.091,5669
 6819,58287.273, 7.079,5669
 6820,58294.496, 7.220,5669
 6821,58303.496, 9.001,5669
 6822,58311.723, 8.227,5669
 6823,58319.410, 7.688,5669
 6824,58326.918, 7.510,5669
 6825,58333.359, 6.438,5669
 6826,58340.848, 7.489,5669
 6827,58347.410, 6.562,5669
 6828,58353.828, 6.418,5669
 6829,58361.105, 7.279,5669
 6830,58368.414, 7.309,5669
 6831,58374.820, 6.402,5669
 6832,58381.500, 6.682,5669
 6833,58389.883, 8.382,5669
 6834,58397.637, 7.753,5669
 6835,58404.938, 7.307,5669
 6836,58413.672, 8.729,5669
 6837,58420.285, 6.618,5669
 6838,58427.359, 7.072,5669
 6839,58433.887, 6.526,5669
 6840,58441.379, 7.494,5669
 6841,58448.691, 7.313,5669
 6842,58456.258, 7.566,5669
 6843,58464.184, 7.924,5669
 6844,58471.453, 7.273,5669
 6845,58479.035, 7.578,5669
 6846,58485.594, 6.561,5669
 6847,58492.090, 6.494,5669
 6848,58498.844, 6.752,5669
 6849,58506.105, 7.268,5669
 6850,58513.957, 7.850,5669
 6851,58520.898, 6.938,5669
 6852,58527.648, 6.750,5669
 6853,58534.070, 6.423,5669
 6854,58541.375, 7.305,5669
 6855,58547.918, 6.544,5669
 6856,58554.375, 6.457,5669
 6857,58560.836, 6.460,5669
 6858,58567.254, 6.420,5669
 6859,58574.309, 7.050,5669
 6860,58580.934, 6.629,5669
 6861,58587.344, 6.408,5669
 6862,58593.988, 6.645,5669
 6863,58601.363, 7.377,5669
 6864,58608.555, 7.189,5669
 6865,58615.418, 6.865,5669
 6866,58622.477, 7.058,5669
 6867,58630.484, 8.005,5669
 6868,58637.129, 6.647,5669
 6869,58643.594, 6.465,5669
 6870,58650.168, 6.572,5669
 6871,58656.711, 6.544,5669
 6872,58663.500, 6.791,5669
 6873,58669.961, 6.464,5669
 6874,58676.441, 6.478,5669
 6875,58682.875, 6.431,5669
 6876,58690.027, 7.152,5669
 6877,58697.004, 6.975,5669
 6878,58703.934, 6.933,5669
 6879,58710.348, 6.411,5669
 6880,58717.063, 6.719,5669
 6881,58723.770, 6.709,5669
 6882,58731.023, 7.251,5669
 6883,58738.172, 7.149,5669
 6884,58744.914, 6.743,5669
 6885,58752.594, 7.680,5669
 6886,58759.090, 6.497,5669
 6887,58766.523, 7.432,5669
 6888,58774.043, 7.520,5669
 6889,58782.457, 8.412,5669
 6890,58791.047, 8.590,5669
 6891,58798.641, 7.593,5669
 6892,58805.855, 7.216,5669
 6893,58813.352, 7.496,5669
 6894,58820.906, 7.557,5669
 6895,58828.332, 7.422,5669
 6896,58836.039, 7.709,5669
 6897,58843.398, 7.360,5669
 6898,58851.395, 7.995,5669
 6899,58858.453, 7.061,5669
 6900,58866.074, 7.621,5669
 6901,58873.230, 7.153,5669
 6902,58880.410, 7.179,5669
 6903,58888.066, 7.657,5669
 6904,58895.945, 7.883,5669
 6905,58903.422, 7.475,5669
 6906,58910.477, 7.053,5669
 6907,58917.543, 7.066,5669
 6908,58924.738, 7.194,5669
 6909,58931.508, 6.771,5669
 6910,58938.242, 6.735,5669
 6911,58945.648, 7.403,5669
 6912,58952.477, 6.829,5669
 6913,58960.113, 7.642,5669
 6914,58967.512, 7.393,5669
 6915,58975.277, 7.768,5669
 6916,58981.934, 6.658,5669
 6917,58988.320, 6.384,5669
 6918,58994.906, 6.586,5669
 6919,59002.941, 8.037,5669
 6920,59009.414, 6.473,5669
 6921,59016.570, 7.154,5669
 6922,59023.055, 6.484,5669
 6923,59030.609, 7.555,5669
 6924,59037.000, 6.390,5669
 6925,59044.469, 7.466,5669
 6926,59052.086, 7.621,5669
 6927,59058.449, 6.364,5669
 6928,59065.813, 7.363,5669
 6929,59074.730, 8.916,5669
 6930,59081.102, 6.375,5669
 6931,59087.613, 6.510,5669
 6932,59094.762, 7.147,5669
 6933,59102.605, 7.845,5669
 6934,59109.723, 7.117,5669
 6935,59116.867, 7.143,5669
 6936,59124.582, 7.718,5669
 6937,59131.285, 6.703,5669
 6938,59138.586, 7.301,5669
 6939,59145.391, 6.802,5669
 6940,59153.184, 7.793,5669
 6941,59161.387, 8.203,5669
 6942,59170.258, 8.875,5669
 6943,59178.672, 8.410,5669
 6944,59187.496, 8.824,5669
 6945,59194.555, 7.061,5669
 6946,59202.539, 7.984,5669
 6947,59210.902, 8.363,5669
 6948,59217.859, 6.957,5669
 6949,59225.273, 7.416,5669
 6950,59232.344, 7.068,5669
 6951,59240.277, 7.936,5669
 6952,59246.688, 6.406,5669
 6953,59253.238, 6.554,5669
 6954,59261.020, 7.781,5669
 6955,59267.738, 6.720,5669
 6956,59274.484, 6.741,5669
 6957,59282.391, 7.909,5669
 6958,59288.875, 6.482,5669
 6959,59295.980, 7.106,5669
 6960,59304.406, 8.427,5669
 6961,59312.195, 7.789,5669
 6962,59318.859, 6.666,5669
 6963,59327.539, 8.678,5669
 6964,59334.707, 7.170,5669
 6965,59341.484, 6.775,5669
 6966,59348.242, 6.760,5669
 6967,59354.820, 6.575,5669
 6968,59361.340, 6.520,5669
 6969,59369.145, 7.804,5669
 6970,59376.594, 7.452,5669
 6971,59383.926, 7.333,5669
 6972,59391.672, 7.744,5669
 6973,59398.426, 6.755,5669
 6974,59405.219, 6.790,5669
 6975,59412.070, 6.855,5669
 6976,59419.313, 7.238,5669
 6977,59426.871, 7.561,5669
 6978,59433.813, 6.940,5669
 6979,59441.266, 7.458,5669
 6980,59449.203, 7.933,5669
 6981,59456.875, 7.671,5669
 6982,59463.898, 7.026,5669
 6983,59471.148, 7.248,5669
 6984,59478.164, 7.016,5669
 6985,59485.523, 7.362,5669
 6986,59493.195, 7.668,5669
 6987,59500.066, 6.875,5669
 6988,59507.176, 7.107,5669
 6989,59514.309, 7.130,5669
 6990,59521.523, 7.219,5669
 6991,59528.668, 7.145,5669
 6992,59536.418, 7.750,5669
 6993,59543.414, 6.995,5669
 6994,59550.625, 7.215,5669
 6995,59559.066, 8.439,5669
 6996,59567.414, 8.347,5669
 6997,59576.230, 8.815,5669
 6998,59584.719, 8.488,5669
 6999,59593.262, 8.544,5669
 7000,59600.844, 7.581,5669
 7001,59607.648, 6.804,5669
 7002,59614.547, 6.902,5669
 7003,59621.164, 6.615,5669
 7004,59628.184, 7.020,5669
 7005,59634.762, 6.578,5669
 7006,59641.207, 6.445,5669
 7007,59647.555, 6.348,5669
 7008,59654.328, 6.772,5669
 7009,59661.500, 7.171,5669
 7010,59668.266, 6.771,5669
 7011,59675.602, 7.335,5669
 7012,59682.230, 6.628,5669
 7013,59689.281, 7.049,5669
 7014,59695.938, 6.658,5669
 7015,59702.344, 6.403,5669
 7016,59710.027, 7.686,5669
 7017,59717.102, 7.074,5669
 7018,59723.418, 6.319,5669
 7019,59729.785, 6.367,5669
 7020,59736.883, 7.097,5669
 7021,59743.234, 6.350,5669
 7022,59750.422, 7.189,5669
 7023,59757.422, 7.000,5669
 7024,59763.664, 6.239,5669
 7025,59770.660, 6.994,5669
 7026,59777.883, 7.228,5669
 7027,59784.176, 6.290,5669
 7028,59791.391, 7.216,5669
 7029,59798.043, 6.653,5669
 7030,59805.598, 7.556,5669
 7031,59811.914, 6.314,5669
 7032,59818.410, 6.495,5669
 7033,59824.789, 6.382,5669
 7034,59831.402, 6.611,5669
 7035,59838.238, 6.837,5669
 7036,59845.371, 7.130,5669
 7037,59851.590, 6.222,5669
 7038,59859.117, 7.527,5669
 7039,59866.305, 7.185,5669
 7040,59873.262, 6.959,5669
 7041,59879.914, 6.653,5669
 7042,59887.766, 7.853,5669
 7043,59894.402, 6.637,5669
 7044,59901.531, 7.125,5669
 7045,59909.156, 7.624,5669
 7046,59916.168, 7.014,5669
 7047,59923.547, 7.377,5669
 7048,59930.004, 6.458,5669
 7049,59937.930, 7.930,5669
 7050,59946.508, 8.574,5669
 7051,59955.027, 8.522,5669
 7052,59962.199, 7.170,5669
 7053,59969.898, 7.700,5669
 7054,59976.516, 6.618,5669
 7055,59982.836, 6.316,5669
 7056,59990.195, 7.361,5669
 7057,59997.750, 7.556,5669
 7058,60004.680, 6.928,5669
 7059,60012.285, 7.610,5669
 7060,60018.852, 6.564,5669
 7061,60025.898, 7.047,5669
 7062,60032.613, 6.716,5669
 7063,60039.820, 7.206,5669
 7064,60046.469, 6.644,5669
 7065,60053.004, 6.537,5669
 7066,60059.438, 6.436,5669
 7067,60066.551, 7.113,5669
 7068,60074.059, 7.508,5669
 7069,60080.527, 6.467,5669
 7070,60087.590, 7.065,5669
 7071,60095.004, 7.413,5669
 7072,60102.625, 7.621,5669
 7073,60109.844, 7.220,5669
 7074,60116.734, 6.890,5669
 7075,60123.934, 7.200,5669
 7076,60131.953, 8.021,5669
 7077,60139.453, 7.500,5669
 7078,60146.441, 6.987,5669
 7079,60154.125, 7.684,5669
 7080,60161.883, 7.756,5669
 7081,60169.293, 7.412,5669
 7082,60176.660, 7.362,5669
 7083,60184.141, 7.482,5669
 7084,60192.102, 7.965,5669
 7085,60198.879, 6.774,5669
 7086,60206.117, 7.241,5669
 7087,60213.410, 7.292,5669
 7088,60221.090, 7.679,5669
 7089,60229.555, 8.467,5669
 7090,60237.934, 8.379,5669
 7091,60245.219, 7.281,5669
 7092,60253.176, 7.957,5669
 7093,60261.289, 8.116,5669
 7094,60269.816, 8.526,5669
 7095,60278.898, 9.082,5669
 7096,60287.293, 8.397,5669
 7097,60296.316, 9.019,5669
 7098,60304.539, 8.225,5669
 7099,60312.145, 7.605,5669
 7100,60320.801, 8.656,5669
 7101,60328.930, 8.129,5669
 7102,60338.215, 9.286,5669
 7103,60346.906, 8.692,5669
 7104,60354.648, 7.741,5669
 7105,60361.645, 6.995,5669
 7106,60368.789, 7.147,5669
 7107,60375.711, 6.920,5669
 7108,60382.805, 7.093,5669
 7109,60390.688, 7.884,5669
 7110,60398.121, 7.434,5669
 7111,60404.762, 6.642,5669
 7112,60412.020, 7.256,5669
 7113,60419.934, 7.917,5669
 7114,60427.180, 7.241,5669
 7115,60434.730, 7.554,5669
 7116,60441.652, 6.921,5669
 7117,60449.500, 7.845,5669
 7118,60455.945, 6.448,5669
 7119,60463.027, 7.082,5669
 7120,60471.922, 8.895,5669
 7121,60479.074, 7.153,5669
 7122,60485.285, 6.211,5669
 7123,60493.781, 8.498,5669
 7124,60501.668, 7.883,5669
 7125,60508.316, 6.648,5669
 7126,60515.117, 6.803,5669
 7127,60523.824, 8.704,5669
 7128,60531.496, 7.672,5669
 7129,60538.211, 6.717,5669
 7130,60544.844, 6.631,5669
 7131,60551.980, 7.135,5669
 7132,60559.648, 7.671,5669
 7133,60567.203, 7.554,5669
 7134,60573.715, 6.512,5669
 7135,60580.953, 7.239,5669
 7136,60588.258, 7.304,5669
 7137,60595.609, 7.354,5669
 7138,60601.945, 6.335,5669
 7139,60608.957, 7.013,5669
 7140,60615.359, 6.401,5669
 7141,60622.770, 7.411,5669
 7142,60629.227, 6.458,5669
 7143,60637.215, 7.986,5669
 7144,60644.434, 7.220,5669
 7145,60652.137, 7.701,5669
 7146,60660.340, 8.203,5669
 7147,60667.746, 7.409,5669
 7148,60674.316, 6.566,5669
 7149,60681.734, 7.421,5669
 7150,60689.035, 7.299,5669
 7151,60695.684, 6.651,5669
 7152,60702.625, 6.943,5669
 7153,60709.938, 7.311,5669
 7154,60716.816, 6.876,5669
 7155,60725.508, 8.694,5669
 7156,60734.027, 8.516,5669
 7157,60742.031, 8.005,5669
 7158,60749.895, 7.865,5669
 7159,60757.734, 7.841,5669
 7160,60766.453, 8.718,5669
 7161,60774.273, 7.821,5669
 7162,60781.516, 7.242,5669
 7163,60788.973, 7.455,5669
 7164,60796.766, 7.795,5669
 7165,60804.633, 7.865,5669
 7166,60812.672, 8.039,5669
 7167,60819.910, 7.240,5669
 7168,60827.867, 7.958,5669
 7169,60834.934, 7.065,5669
 7170,60842.906, 7.972,5669
 7171,60850.344, 7.436,5669
 7172,60858.633, 8.290,5669
 7173,60867.035, 8.403,5669
 7174,60874.609, 7.578,5669
 7175,60881.777, 7.168,5669
 7176,60888.188, 6.406,5669
 7177,60894.379, 6.190,5669
 7178,60902.508, 8.128,5669
 7179,60908.824, 6.319,5669
 7180,60915.195, 6.371,5669
 7181,60921.539, 6.343,5669
 7182,60928.785, 7.251,5669
 7183,60935.320, 6.530,5669
 7184,60941.836, 6.514,5669
 7185,60948.523, 6.691,5669
 7186,60955.645, 7.117,5669
 7187,60963.195, 7.553,5669
 7188,60970.992, 7.798,5669
 7189,60978.625, 7.635,5669
 7190,60985.762, 7.137,5669
 7191,60992.754, 6.990,5669
 7192,61000.867, 8.112,5669
 7193,61007.496, 6.628,5669
 7194,61015.191, 7.696,5669
 7195,61022.625, 7.437,5669
 7196,61029.691, 7.065,5669
 7197,61036.133, 6.441,5669
 7198,61042.656, 6.521,5669
 7199,61050.066, 7.413,5669
 7200,61056.445, 6.380,5669
 7201,61063.723, 7.278,5669
 7202,61070.246, 6.521,5669
 7203,61076.957, 6.712,5669
 7204,61084.277, 7.320,5669
 7205,61091.324, 7.044,5669
 7206,61097.992, 6.668,5669
 7207,61104.469, 6.478,5669
 7208,61110.852, 6.384,5669
 7209,61118.977, 8.123,5669
 7210,61126.945, 7.974,5669
 7211,61134.805, 7.852,5669
 7212,61141.324, 6.524,5669
 7213,61147.926, 6.602,5669
 7214,61154.457, 6.530,5669
 7215,61161.324, 6.865,5669
 7216,61169.422, 8.102,5669
 7217,61176.445, 7.022,5669
 7218,61183.750, 7.306,5669
 7219,61191.922, 8.173,5669
 7220,61199.094, 7.170,5669
 7221,61206.832, 7.736,5669
 7222,61213.715, 6.884,5669
 7223,61221.309, 7.590,5669
 7224,61228.188, 6.883,5669
 7225,61237.109, 8.923,5669
 7226,61243.824, 6.711,5669
 7227,61251.504, 7.680,5669
 7228,61258.141, 6.635,5669
 7229,61265.633, 7.494,5669
 7230,61274.195, 8.565,5669
 7231,61282.672, 8.476,5669
 7232,61290.645, 7.972,5669
 7233,61298.590, 7.948,5669
 7234,61306.246, 7.656,5669
 7235,61313.613, 7.366,5669
 7236,61321.688, 8.073,5669
 7237,61330.820, 9.130,5669
 7238,61339.840, 9.021,5669
 7239,61349.027, 9.187,5669
 7240,61357.770, 8.747,5669
 7241,61365.660, 7.886,5669
 7242,61374.270, 8.612,5669
 7243,61382.352, 8.082,5669
 7244,61389.895, 7.544,5669
 7245,61397.766, 7.871,5669
 7246,61405.695, 7.928,5669
 7247,61413.344, 7.649,5669
 7248,61422.508, 9.163,5669
 7249,61430.973, 8.465,5669
 7250,61440.281, 9.309,5669
 7251,61449.273, 8.995,5669
 7252,61457.785, 8.511,5669
 7253,61466.855, 9.069,5669
 7254,61474.785, 7.931,5669
 7255,61484.730, 9.946,5669
 7256,61493.105, 8.373,5669
 7257,61501.387, 8.283,5669
 7258,61509.746, 8.356,5669
 7259,61519.797,10.051,5669
 7260,61529.113, 9.317,5669
 7261,61536.414, 7.302,5669
 7262,61545.254, 8.841,5669
 7263,61552.996, 7.740,5669
 7264,61560.770, 7.774,5669
 7265,61567.926, 7.157,5669
 7266,61576.316, 8.386,5669
 7267,61583.555, 7.242,5669
 7268,61591.320, 7.765,5669
 7269,61599.523, 8.201,5669
 7270,61607.449, 7.931,5669
 7271,61617.434, 9.982,5669
 7272,61624.988, 7.555,5669
 7273,61632.313, 7.322,5669
 7274,61639.613, 7.303,5669
 7275,61646.289, 6.676,5669
 7276,61653.160, 6.870,5669
 7277,61659.406, 6.248,5669
 7278,61666.449, 7.042,5669
 7279,61673.645, 7.195,5669
 7280,61679.840, 6.193,5669
 7281,61686.242, 6.405,5669
 7282,61693.387, 7.144,5669
 7283,61701.020, 7.633,5669
 7284,61708.305, 7.282,5669
 7285,61714.551, 6.249,5669
 7286,61721.023, 6.473,5669
 7287,61727.418, 6.395,5669
 7288,61734.508, 7.090,5669
 7289,61742.012, 7.502,5669
 7290,61748.684, 6.672,5669
 7291,61755.082, 6.401,5669
 7292,61762.227, 7.142,5669
 7293,61769.344, 7.118,5669
 7294,61776.273, 6.932,5669
 7295,61783.723, 7.446,5669
 7296,61791.020, 7.298,5669
 7297,61798.332, 7.312,5669
 7298,61804.762, 6.433,5669
 7299,61812.875, 8.108,5669
 7300,61820.090, 7.220,5669
 7301,61826.570, 6.478,5669
 7302,61833.855, 7.285,5669
 7303,61841.473, 7.614,5669
 7304,61848.684, 7.212,5669
 7305,61855.488, 6.805,5669
 7306,61862.082, 6.594,5669
 7307,61870.086, 8.006,5669
 7308,61876.641, 6.552,5669
 7309,61883.418, 6.780,5669
 7310,61889.855, 6.435,5669
 7311,61897.359, 7.505,5669
 7312,61904.711, 7.352,5669
 7313,61914.191, 9.479,5669
 7314,61921.887, 7.696,5669
 7315,61929.141, 7.254,5669
 7316,61935.617, 6.481,5669
 7317,61942.500, 6.880,5669
 7318,61949.035, 6.535,5669
 7319,61955.996, 6.960,5669
 7320,61962.465, 6.466,5669
 7321,61969.203, 6.741,5669
 7322,61975.508, 6.302,5669
 7323,61982.426, 6.923,5669
 7324,61989.152, 6.724,5669
 7325,61995.508, 6.353,5669
 7326,62003.219, 7.713,5669
 7327,62010.004, 6.784,5669
 7328,62017.363, 7.363,5669
 7329,62024.816, 7.449,5669
 7330,62032.578, 7.766,5669
 7331,62040.375, 7.794,5669
 7332,62048.059, 7.683,5669
 7333,62055.289, 7.232,5669
 7334,62062.484, 7.195,5669
 7335,62070.395, 7.912,5669
 7336,62078.625, 8.232,5669
 7337,62085.387, 6.758,5669
 7338,62092.313, 6.925,5669
 7339,62099.844, 7.532,5669
 7340,62108.242, 8.401,5669
 7341,62115.965, 7.719,5669
 7342,62122.855, 6.891,5669
 7343,62130.797, 7.940,5669
 7344,62137.547, 6.751,5669
 7345,62144.934, 7.391,5669
 7346,62152.727, 7.791,5669
 7347,62159.305, 6.575,5669
 7348,62166.824, 7.520,5669
 7349,62174.426, 7.604,5669
 7350,62181.078, 6.653,5669
 7351,62188.301, 7.219,5669
 7352,62195.652, 7.355,5669
 7353,62204.250, 8.599,5669
 7354,62212.355, 8.104,5669
 7355,62220.063, 7.706,5669
 7356,62227.824, 7.762,5669
 7357,62236.141, 8.313,5669
 7358,62243.250, 7.115,5669
 7359,62251.027, 7.774,5669
 7360,62259.121, 8.099,5669
 7361,62267.043, 7.919,5669
 7362,62274.262, 7.218,5669
 7363,62282.836, 8.575,5669
 7364,62291.055, 8.218,5669
 7365,62300.422, 9.368,5669
 7366,62311.238,10.816,5669
 7367,62320.543, 9.305,5669
 7368,62327.750, 7.207,5669
 7369,62334.727, 6.977,5669
 7370,62342.879, 8.150,5669
 7371,62351.652, 8.773,5669
 7372,62358.891, 7.238,5669
 7373,62366.613, 7.726,5669
 7374,62373.836, 7.220,5669
 7375,62381.715, 7.882,5669
 7376,62389.633, 7.914,5669
 7377,62397.984, 8.353,5669
 7378,62405.316, 7.331,5669
 7379,62412.219, 6.905,5669
 7380,62419.508, 7.289,5669
 7381,62427.375, 7.866,5669
 7382,62434.879, 7.504,5669
 7383,62441.906, 7.028,5669
 7384,62448.699, 6.793,5669
 7385,62456.484, 7.783,5669
 7386,62463.738, 7.258,5669
 7387,62470.219, 6.479,5669
 7388,62476.590, 6.371,5669
 7389,62484.082, 7.494,5669
 7390,62491.207, 7.122,5669
 7391,62497.582, 6.375,5669
 7392,62504.629, 7.044,5669
 7393,62510.973, 6.347,5669
 7394,62517.227, 6.252,5669
 7395,62523.527, 6.302,5669
 7396,62530.031, 6.505,5669
 7397,62536.570, 6.539,5669
 7398,62543.234, 6.664,5669
 7399,62549.754, 6.518,5669
 7400,62556.402, 6.652,5669
 7401,62563.617, 7.214,5669
 7402,62570.770, 7.152,5669
 7403,62579.492, 8.722,5669
 7404,62587.145, 7.651,5669
 7405,62594.410, 7.268,5669
 7406,62600.934, 6.522,5669
 7407,62608.586, 7.654,5669
 7408,62616.180, 7.592,5669
 7409,62623.520, 7.340,5669
 7410,62631.105, 7.585,5669
 7411,62638.105, 7.002,5669
 7412,62644.730, 6.624,5669
 7413,62652.141, 7.409,5669
 7414,62659.020, 6.879,5669
 7415,62665.691, 6.672,5669
 7416,62672.785, 7.094,5669
 7417,62679.969, 7.182,5669
 7418,62687.340, 7.371,5669
 7419,62696.516, 9.175,5669
 7420,62704.070, 7.558,5669
 7421,62711.223, 7.152,5669
 7422,62718.770, 7.549,5669
 7423,62725.602, 6.831,5669
 7424,62734.816, 9.211,5669
 7425,62741.609, 6.798,5669
 7426,62749.059, 7.449,5669
 7427,62758.855, 9.793,5669
 7428,62767.379, 8.526,5669
 7429,62774.926, 7.547,5669
 7430,62782.715, 7.787,5669
 7431,62789.691, 6.978,5669
 7432,62796.840, 7.147,5669
 7433,62803.582, 6.745,5669
 7434,62812.527, 8.944,5669
 7435,62819.656, 7.128,5669
 7436,62827.781, 8.128,5669
 7437,62835.348, 7.562,5669
 7438,62843.148, 7.802,5669
 7439,62849.418, 6.271,5669
 7440,62856.738, 7.318,5669
 7441,62863.738, 7.002,5669
 7442,62870.730, 6.992,5669
 7443,62877.266, 6.536,5669
 7444,62883.465, 6.197,5669
 7445,62890.207, 6.744,5669
 7446,62896.438, 6.231,5669
 7447,62903.215, 6.775,5669
 7448,62909.629, 6.414,5669
 7449,62916.563, 6.936,5669
 7450,62923.102, 6.540,5669
 7451,62929.332, 6.226,5669
 7452,62935.695, 6.366,5669
 7453,62941.762, 6.068,5669
 7454,62948.121, 6.357,5669
 7455,62954.336, 6.215,5669
 7456,62960.602, 6.268,5669
 7457,62967.531, 6.927,5669
 7458,62975.570, 8.041,5669
 7459,62982.805, 7.233,5669
 7460,62989.359, 6.554,5669
 7461,62996.258, 6.898,5669
 7462,63004.090, 7.835,5669
 7463,63011.176, 7.084,5669
 7464,63017.676, 6.498,5669
 7465,63024.234, 6.559,5669
 7466,63031.938, 7.708,5669
 7467,63038.340, 6.396,5669
 7468,63044.570, 6.233,5669
 7469,63051.391, 6.820,5669
 7470,63058.250, 6.860,5669
 7471,63064.563, 6.311,5669
 7472,63071.512, 6.951,5669
 7473,63078.313, 6.800,5669
 7474,63086.719, 8.406,5669
 7475,63094.027, 7.308,5669
 7476,63101.340, 7.312,5669
 7477,63107.680, 6.341,5669
 7478,63113.953, 6.276,5669
 7479,63120.180, 6.226,5669
 7480,63126.672, 6.490,5669
 7481,63133.035, 6.364,5669
 7482,63139.301, 6.262,5669
 7483,63146.273, 6.978,5669
 7484,63153.348, 7.072,5669
 7485,63159.535, 6.189,5669
 7486,63166.910, 7.375,5669
 7487,63173.867, 6.955,5669
 7488,63181.246, 7.380,5669
 7489,63188.016, 6.770,5669
 7490,63195.500, 7.481,5669
 7491,63202.449, 6.954,5669
 7492,63210.039, 7.589,5669
 7493,63217.129, 7.087,5669
 7494,63223.574, 6.449,5701
 7495,63230.480, 6.904,5701
 7496,63236.891, 6.409,5701
 7497,63244.523, 7.633,5701
 7498,63251.887, 7.365,5701
 7499,63259.605, 7.719,5701
 7500,63267.492, 7.884,5701
 7501,63273.930, 6.439,5701
 7502,63281.016, 7.086,5701
 7503,63287.852, 6.834,5701
 7504,63294.707, 6.857,5701
 7505,63302.238, 7.533,5701
 7506,63309.430, 7.192,5701
 7507,63317.949, 8.519,5701
 7508,63325.422, 7.474,5701
 7509,63333.445, 8.024,5701
 7510,63341.086, 7.638,5701
 7511,63348.496, 7.408,5701
 7512,63356.383, 7.889,5701
 7513,63363.418, 7.036,5701
 7514,63370.500, 7.078,5701
 7515,63377.641, 7.143,5701
 7516,63384.539, 6.898,5701
 7517,63392.188, 7.647,5701
 7518,63400.320, 8.135,5701
 7519,63408.516, 8.197,5701
 7520,63417.641, 9.121,5701
 7521,63426.105, 8.471,5701
 7522,63434.188, 8.079,5701
 7523,63444.195,10.008,5701
 7524,63452.477, 8.277,5701
 7525,63461.020, 8.545,5701
 7526,63468.449, 7.433,5701
 7527,63476.219, 7.766,5701
 7528,63483.578, 7.364,5701
 7529,63493.211, 9.632,5701
 7530,63501.238, 8.027,5701
 7531,63509.402, 8.161,5701
 7532,63517.402, 8.000,5701
 7533,63525.156, 7.755,5701
 7534,63532.402, 7.246,5701
 7535,63539.664, 7.262,5701
 7536,63546.180, 6.515,5701
 7537,63552.586, 6.407,5701
 7538,63559.543, 6.956,5701
 7539,63565.969, 6.425,5701
 7540,63573.195, 7.227,5701
 7541,63579.930, 6.737,5701
 7542,63586.207, 6.275,5701
 7543,63593.363, 7.156,5701
 7544,63599.699, 6.335,5701
 7545,63606.133, 6.433,5701
 7546,63613.645, 7.513,5701
 7547,63620.000, 6.355,5701
 7548,63626.660, 6.659,5701
 7549,63632.914, 6.258,5701
 7550,63640.035, 7.122,5701
 7551,63647.691, 7.654,5701
 7552,63654.387, 6.694,5701
 7553,63661.508, 7.121,5701
 7554,63668.898, 7.392,5701
 7555,63675.520, 6.622,5701
 7556,63681.746, 6.228,5701
 7557,63688.473, 6.722,5701
 7558,63695.738, 7.267,5701
 7559,63702.520, 6.781,5701
 7560,63708.852, 6.333,5701
 7561,63715.363, 6.514,5701
 7562,63723.230, 7.867,5701
 7563,63729.449, 6.220,5701
 7564,63736.277, 6.827,5701
 7565,63743.316, 7.038,5701
 7566,63749.594, 6.277,5701
 7567,63756.434, 6.840,5701
 7568,63763.438, 7.004,5701
 7569,63769.773, 6.336,5701
 7570,63776.332, 6.557,5701
 7571,63782.652, 6.321,5701
 7572,63788.836, 6.184,5701
 7573,63795.230, 6.394,5701
 7574,63801.578, 6.351,5701
 7575,63808.984, 7.401,5701
 7576,63816.523, 7.539,5701
 7577,63823.141, 6.616,5701
 7578,63829.844, 6.707,5701
 7579,63837.059, 7.215,5701
 7580,63844.164, 7.104,5701
 7581,63851.262, 7.100,5701
 7582,63857.742, 6.480,5701
 7583,63864.953, 7.210,5701
 7584,63871.559, 6.606,5701
 7585,63878.418, 6.861,5701
 7586,63885.500, 7.078,5701
 7587,63892.676, 7.176,5701
 7588,63900.773, 8.101,5701
 7589,63908.383, 7.607,5701
 7590,63916.234, 7.852,5701
 7591,63922.617, 6.387,5701
 7592,63929.836, 7.212,5701
 7593,63936.563, 6.732,5701
 7594,63942.996, 6.429,5701
 7595,63949.656, 6.660,5701
 7596,63956.371, 6.718,5701
 7597,63963.770, 7.397,5701
 7598,63971.301, 7.530,5701
 7599,63977.922, 6.625,5701
 7600,63985.379, 7.456,5701
 7601,63992.676, 7.293,5701
 7602,63999.086, 6.414,5701
 7603,64005.672, 6.583,5701
 7604,64012.996, 7.327,5701
 7605,64019.383, 6.387,5701
 7606,64025.723, 6.340,5701
 7607,64032.355, 6.629,5701
 7608,64040.242, 7.888,5701
 7609,64047.242, 7.003,5701
 7610,64055.004, 7.761,5701
 7611,64062.148, 7.141,5701
 7612,64068.984, 6.836,5701
 7613,64075.891, 6.910,5701
 7614,64082.840, 6.947,5701
 7615,64090.676, 7.837,5701
 7616,64097.496, 6.819,5701
 7617,64104.113, 6.618,5701
 7618,64111.273, 7.163,5701
 7619,64118.250, 6.977,5701
 7620,64125.203, 6.952,5701
 7621,64132.719, 7.513,5701
 7622,64139.676, 6.959,5701
 7623,64146.984, 7.306,5701
 7624,64153.953, 6.971,5701
 7625,64162.188, 8.235,5701
 7626,64170.762, 8.574,5701
 7627,64178.078, 7.316,5701
 7628,64185.949, 7.871,5701
 7629,64193.141, 7.188,5701
 7630,64200.109, 6.973,5701
 7631,64206.469, 6.358,5701
 7632,64213.879, 7.409,5701
 7633,64220.176, 6.298,5701
 7634,64227.203, 7.028,5701
 7635,64234.770, 7.567,5701
 7636,64241.738, 6.968,5701
 7637,64248.539, 6.799,5701
 7638,64255.664, 7.126,5701
 7639,64262.941, 7.278,5701
 7640,64270.160, 7.218,5701
 7641,64276.684, 6.524,5701
 7642,64284.250, 7.566,5701
 7643,64292.203, 7.951,5701
 7644,64299.066, 6.867,5701
 7645,64305.512, 6.443,5701
 7646,64312.691, 7.178,5701
 7647,64319.809, 7.117,5701
 7648,64327.402, 7.599,5701
 7649,64335.629, 8.224,5701
 7650,64342.781, 7.155,5701
 7651,64350.246, 7.463,5701
 7652,64358.160, 7.912,5701
 7653,64365.410, 7.253,5701
 7654,64372.078, 6.668,5701
 7655,64379.223, 7.142,5701
 7656,64386.699, 7.475,5701
 7657,64394.059, 7.361,5701
 7658,64400.684, 6.625,5701
 7659,64407.406, 6.723,5701
 7660,64414.152, 6.744,5701
 7661,64421.152, 7.002,5701
 7662,64428.109, 6.959,5701
 7663,64434.320, 6.209,5701
 7664,64440.574, 6.256,5701
 7665,64446.781, 6.206,5701
 7666,64453.742, 6.960,5701
 7667,64460.473, 6.728,5701
 7668,64466.887, 6.416,5701
 7669,64473.445, 6.561,5701
 7670,64479.762, 6.318,5701
 7671,64487.113, 7.349,5701
 7672,64493.316, 6.199,5701
 7673,64500.375, 7.062,5701
 7674,64506.855, 6.481,5701
 7675,64513.188, 6.330,5701
 7676,64519.582, 6.398,5701
 7677,64525.914, 6.331,5701
 7678,64532.242, 6.326,5701
 7679,64539.418, 7.179,5701
 7680,64546.266, 6.849,5701
 7681,64552.766, 6.498,5701
 7682,64559.113, 6.347,5701
 7683,64566.746, 7.634,5701
 7684,64573.383, 6.635,5701
 7685,64580.273, 6.892,5701
 7686,64586.891, 6.614,5701
 7687,64593.484, 6.596,5701
 7688,64600.273, 6.790,5701
 7689,64606.844, 6.570,5701
 7690,64613.773, 6.930,5701
 7691,64620.316, 6.541,5701
 7692,64626.953, 6.638,5701
 7693,64633.426, 6.474,5701
 7694,64639.875, 6.447,5701
 7695,64647.273, 7.399,5701
 7696,64655.402, 8.131,5701
 7697,64663.469, 8.061,5701
 7698,64672.156, 8.687,5701
 7699,64680.570, 8.416,5701
 7700,64689.363, 8.795,5701
 7701,64696.941, 7.578,5701
 7702,64704.758, 7.817,5701
 7703,64712.480, 7.721,5701
 7704,64720.402, 7.923,5701
 7705,64727.980, 7.577,5701
 7706,64735.297, 7.314,5701
 7707,64742.152, 6.858,5701
 7708,64749.379, 7.228,5701
 7709,64756.078, 6.698,5701
 7710,64763.301, 7.223,5701
 7711,64770.465, 7.162,5701
 7712,64778.262, 7.800,5701
 7713,64785.363, 7.101,5701
 7714,64793.207, 7.842,5701
 7715,64800.652, 7.445,5701
 7716,64807.164, 6.512,5701
 7717,64814.457, 7.292,5701
 7718,64821.098, 6.645,5701
 7719,64828.914, 7.817,5701
 7720,64835.332, 6.413,5701
 7721,64842.324, 6.995,5701
 7722,64849.211, 6.887,5701
 7723,64855.426, 6.217,5701
 7724,64861.727, 6.299,5701
 7725,64867.988, 6.260,5701
 7726,64874.922, 6.936,5701
 7727,64881.391, 6.467,5701
 7728,64888.242, 6.851,5701
 7729,64895.340, 7.099,5701
 7730,64901.707, 6.367,5701
 7731,64908.813, 7.103,5701
 7732,64915.281, 6.474,5701
 7733,64922.676, 7.388,5701
 7734,64929.703, 7.031,5701
 7735,64936.098, 6.397,5701
 7736,64943.496, 7.393,5701
 7737,64949.813, 6.317,5701
 7738,64956.195, 6.382,5701
 7739,64962.645, 6.448,5701
 7740,64968.926, 6.285,5701
 7741,64975.820, 6.891,5701
 7742,64983.039, 7.221,5701
 7743,64989.941, 6.904,5701
 7744,64997.254, 7.314,5701
 7745,65004.117, 6.864,5701
 7746,65010.371, 6.251,5701
 7747,65017.879, 7.508,5701
 7748,65024.051, 6.173,5701
 7749,65030.324, 6.270,5701
 7750,65037.328, 7.004,5701
 7751,65044.504, 7.176,5701
 7752,65051.473, 6.968,5701
 7753,65057.563, 6.093,5701
 7754,65064.133, 6.567,5701
 7755,65071.609, 7.481,5701
 7756,65079.234, 7.625,5701
 7757,65086.938, 7.705,5701
 7758,65093.559, 6.619,5701
 7759,65100.344, 6.783,5701
 7760,65106.707, 6.366,5701
 7761,65113.883, 7.173,5701
 7762,65120.047, 6.165,5701
 7763,65126.246, 6.199,5701
 7764,65133.133, 6.887,5701
 7765,65139.523, 6.392,5701
 7766,65145.797, 6.272,5701
 7767,65152.023, 6.227,5701
 7768,65158.293, 6.267,5701
 7769,65164.809, 6.517,5701
 7770,65171.422, 6.615,5701
 7771,65178.191, 6.767,5701
 7772,65184.508, 6.319,5701
 7773,65190.945, 6.436,5701
 7774,65197.594, 6.649,5701
 7775,65206.344, 8.750,5701
 7776,65213.078, 6.735,5701
 7777,65219.824, 6.743,5701
 7778,65227.363, 7.542,5701
 7779,65234.008, 6.642,5701
 7780,65240.629, 6.619,5701
 7781,65247.699, 7.076,5701
 7782,65254.309, 6.604,5701
 7783,65262.180, 7.874,5701
 7784,65268.832, 6.653,5701
 7785,65275.711, 6.880,5701
 7786,65282.707, 6.994,5701
 7787,65289.242, 6.539,5701
 7788,65296.070, 6.825,5701
 7789,65302.836, 6.763,5701
 7790,65310.164, 7.330,5701
 7791,65317.090, 6.927,5701
 7792,65324.566, 7.476,5701
 7793,65331.141, 6.571,5701
 7794,65337.934, 6.799,5701
 7795,65344.816, 6.878,5701
 7796,65351.238, 6.424,5701
 7797,65357.719, 6.480,5701
 7798,65364.273, 6.559,5701
 7799,65370.977, 6.699,5701
 7800,65377.496, 6.518,5701
 7801,65384.035, 6.542,5701
 7802,65390.883, 6.845,5701
 7803,65397.563, 6.682,5701
 7804,65404.246, 6.685,5701
 7805,65411.285, 7.040,5701
 7806,65418.777, 7.492,5701
 7807,65425.563, 6.782,5701
 7808,65432.664, 7.102,5701
 7809,65439.027, 6.365,5701
 7810,65445.555, 6.525,5701
 7811,65452.023, 6.468,5701
 7812,65459.066, 7.047,5701
 7813,65466.703, 7.635,5701
 7814,65473.840, 7.136,5701
 7815,65481.203, 7.364,5701
 7816,65488.250, 7.048,5701
 7817,65496.348, 8.094,5701
 7818,65503.520, 7.172,5701
 7819,65511.074, 7.559,5701
 7820,65519.719, 8.642,5701
 7821,65527.156, 7.436,5701
 7822,65534.293, 7.135,5701
 7823,65541.211, 6.922,5701
 7824,65547.859, 6.650,5701
 7825,65554.523, 6.660,5701
 7826,65561.477, 6.958,5701
 7827,65568.531, 7.055,5701
 7828,65577.125, 8.593,5701
 7829,65585.055, 7.924,5701
 7830,65592.031, 6.979,5701
 7831,65598.617, 6.585,5701
 7832,65605.906, 7.287,5701
 7833,65612.711, 6.805,5701
 7834,65620.680, 7.975,5701
 7835,65627.758, 7.071,5701
 7836,65634.008, 6.256,5701
 7837,65640.352, 6.340,5701
 7838,65646.492, 6.139,5701
 7839,65652.727, 6.235,5701
 7840,65659.734, 7.006,5701
 7841,65665.930, 6.200,5701
 7842,65672.086, 6.152,5701
 7843,65678.313, 6.228,5701
 7844,65684.320, 6.015,5701
 7845,65690.531, 6.206,5701
 7846,65697.008, 6.478,5701
 7847,65703.445, 6.436,5701
 7848,65709.570, 6.127,5701
 7849,65715.734, 6.161,5701
 7850,65721.977, 6.243,5701
 7851,65728.359, 6.389,5701
 7852,65734.938, 6.569,5701
 7853,65741.219, 6.284,5701
 7854,65747.625, 6.408,5701
 7855,65753.758, 6.129,5701
 7856,65759.844, 6.089,5701
 7857,65766.141, 6.294,5701
 7858,65772.500, 6.365,5701
 7859,65778.563, 6.060,5701
 7860,65784.719, 6.150,5701
 7861,65790.844, 6.131,5701
 7862,65797.172, 6.327,5701
 7863,65803.250, 6.076,5701
 7864,65809.844, 6.601,5701
 7865,65816.078, 6.230,5701
 7866,65822.453, 6.373,5701
 7867,65829.383, 6.931,5701
 7868,65836.117, 6.735,5701
 7869,65843.055, 6.935,5701
 7870,65850.547, 7.497,5701
 7871,65858.594, 8.045,5701
 7872,65865.398, 6.805,5701
 7873,65872.141, 6.742,5701
 7874,65878.383, 6.236,5701
 7875,65884.508, 6.129,5701
 7876,65890.992, 6.491,5701
 7877,65897.320, 6.321,5701
 7878,65904.164, 6.847,5701
 7879,65910.500, 6.338,5701
 7880,65916.945, 6.440,5701
 7881,65924.727, 7.784,5701
 7882,65930.977, 6.251,5701
 7883,65937.188, 6.213,5701
 7884,65943.766, 6.571,5701
 7885,65950.422, 6.661,5701
 7886,65957.203, 6.782,5701
 7887,65964.773, 7.571,5701
 7888,65971.813, 7.038,5701
 7889,65978.469, 6.657,5701
 7890,65984.875, 6.402,5701
 7891,65991.633, 6.757,5701
 7892,65999.328, 7.699,5701
 7893,66005.828, 6.503,5701
 7894,66012.172, 6.341,5701
 7895,66018.945, 6.769,5701
 7896,66025.430, 6.483,5701
 7897,66032.352, 6.927,5701
 7898,66039.531, 7.179,5701
 7899,66047.305, 7.771,5701
 7900,66054.461, 7.160,5701
 7901,66061.078, 6.618,5701
 7902,66067.781, 6.698,5701
 7903,66074.555, 6.772,5701
 7904,66081.320, 6.774,5701
 7905,66088.539, 7.213,5701
 7906,66095.945, 7.412,5701
 7907,66103.078, 7.131,5701
 7908,66110.398, 7.314,5701
 7909,66116.922, 6.529,5701
 7910,66123.586, 6.659,5701
 7911,66130.273, 6.691,5701
 7912,66137.141, 6.869,5701
 7913,66144.039, 6.896,5701
 7914,66150.891, 6.851,5701
 7915,66158.289, 7.397,5701
 7916,66165.148, 6.864,5701
 7917,66171.477, 6.325,5701
 7918,66177.664, 6.194,5701
 7919,66183.883, 6.214,5701
 7920,66190.250, 6.363,5701
 7921,66196.805, 6.561,5701
 7922,66203.008, 6.200,5701
 7923,66209.609, 6.603,5701
 7924,66215.875, 6.263,5701
 7925,66222.195, 6.322,5701
 7926,66228.305, 6.114,5701
 7927,66235.250, 6.938,5701
 7928,66242.344, 7.102,5701
 7929,66249.633, 7.283,5701
 7930,66256.180, 6.549,5701
 7931,66263.102, 6.919,5701
 7932,66270.273, 7.172,5701
 7933,66277.281, 7.006,5701
 7934,66283.438, 6.161,5701
 7935,66289.727, 6.289,5701
 7936,66295.953, 6.224,5701
 7937,66302.203, 6.250,5701
 7938,66308.469, 6.270,5701
 7939,66314.805, 6.332,5701
 7940,66321.961, 7.160,5701
 7941,66328.734, 6.766,5701
 7942,66335.070, 6.339,5701
 7943,66341.523, 6.453,5701
 7944,66348.164, 6.645,5701
 7945,66355.344, 7.182,5701
 7946,66362.492, 7.147,5701
 7947,66370.242, 7.742,5701
 7948,66376.695, 6.461,5701
 7949,66383.664, 6.968,5701
 7950,66389.875, 6.207,5701
 7951,66396.125, 6.249,5701
 7952,66403.297, 7.174,5701
 7953,66409.383, 6.082,5701
 7954,66416.063, 6.682,5701
 7955,66422.313, 6.256,5701
 7956,66428.523, 6.204,5701
 7957,66434.727, 6.201,5701
 7958,66441.000, 6.281,5701
 7959,66447.313, 6.311,5701
 7960,66453.461, 6.147,5701
 7961,66459.578, 6.118,5701
 7962,66465.797, 6.216,5701
 7963,66472.352, 6.562,5701
 7964,66478.797, 6.442,5701
 7965,66485.758, 6.960,5701
 7966,66492.313, 6.556,5701
 7967,66498.625, 6.308,5701
 7968,66504.852, 6.230,5701
 7969,66511.078, 6.227,5701
 7970,66517.352, 6.272,5701
 7971,66523.578, 6.228,5701
 7972,66529.750, 6.171,5701
 7973,66535.930, 6.175,5701
 7974,66541.953, 6.031,5701
 7975,66548.227, 6.268,5701
 7976,66554.445, 6.217,5701
 7977,66561.461, 7.018,5701
 7978,66568.461, 7.002,5701
 7979,66575.320, 6.861,5701
 7980,66582.891, 7.567,5701
 7981,66589.734, 6.842,5701
 7982,66596.438, 6.708,5701
 7983,66603.313, 6.873,5701
 7984,66609.906, 6.596,5701
 7985,66616.234, 6.321,5701
 7986,66623.805, 7.573,5701
 7987,66631.102, 7.296,5701
 7988,66639.492, 8.390,5701
 7989,66647.039, 7.546,5701
 7990,66654.227, 7.193,5701
 7991,66661.484, 7.253,5701
 7992,66668.227, 6.742,5701
 7993,66674.898, 6.672,5701
 7994,66682.695, 7.804,5701
 7995,66689.938, 7.242,5701
 7996,66697.008, 7.067,5701
 7997,66703.898, 6.893,5701
 7998,66710.758, 6.853,5701
 7999,66717.461, 6.707,5701
 8000,66724.156, 6.695,5701
 8001,66730.852, 6.699,5701
 8002,66737.945, 7.087,5701
 8003,66744.977, 7.036,5701
 8004,66752.258, 7.278,5701
 8005,66759.266, 7.009,5701
 8006,66766.234, 6.968,5701
 8007,66772.813, 6.576,5701
 8008,66778.898, 6.087,5701
 8009,66785.008, 6.112,5701
 8010,66791.805, 6.799,5701
 8011,66798.375, 6.566,5701
 8012,66804.555, 6.181,5701
 8013,66810.836, 6.281,5701
 8014,66816.977, 6.141,5701
 8015,66823.039, 6.062,5701
 8016,66829.508, 6.473,5701
 8017,66835.891, 6.375,5701
 8018,66842.609, 6.727,5701
 8019,66849.102, 6.488,5701
 8020,66855.445, 6.341,5701
 8021,66862.500, 7.058,5701
 8022,66868.680, 6.178,5701
 8023,66875.109, 6.433,5701
 8024,66881.313, 6.204,5701
 8025,66887.320, 6.003,5701
 8026,66893.438, 6.120,5701
 8027,66900.570, 7.131,5701
 8028,66906.906, 6.338,5701
 8029,66913.141, 6.233,5701
 8030,66919.688, 6.549,5701
 8031,66925.844, 6.154,5701
 8032,66932.375, 6.527,5701
 8033,66938.766, 6.391,5701
 8034,66945.805, 7.044,5701
 8035,66952.914, 7.106,5701
 8036,66958.891, 5.982,5701
 8037,66966.180, 7.289,5701
 8038,66972.297, 6.119,5701
 8039,66978.430, 6.129,5701
 8040,66984.602, 6.175,5701
 8041,66991.461, 6.852,5701
 8042,66998.297, 6.839,5701
 8043,67004.758, 6.462,5701
 8044,67011.164, 6.405,5701
 8045,67017.484, 6.319,5701
 8046,67025.375, 7.887,5701
 8047,67032.852, 7.483,5701
 8048,67039.508, 6.658,5701
 8049,67046.422, 6.907,5701
 8050,67052.625, 6.207,5701
 8051,67059.563, 6.941,5701
 8052,67065.625, 6.059,5701
 8053,67072.734, 7.111,5701
 8054,67079.188, 6.455,5701
 8055,67085.344, 6.154,5701
 8056,67092.289, 6.946,5701
 8057,67098.789, 6.496,5701
 8058,67105.836, 7.051,5701
 8059,67112.719, 6.881,5701
 8060,67119.203, 6.481,5701
 8061,67126.555, 7.359,5701
 8062,67132.688, 6.134,5701
 8063,67139.047, 6.350,5701
 8064,67145.141, 6.097,5701
 8065,67151.352, 6.216,5701
 8066,67157.766, 6.408,5701
 8067,67164.406, 6.636,5701
 8068,67171.242, 6.844,5701
 8069,67178.695, 7.454,5701
 8070,67185.789, 7.091,5701
 8071,67192.773, 6.981,5701
 8072,67200.781, 8.008,5701
 8073,67208.344, 7.570,5701
 8074,67216.281, 7.934,5701
 8075,67225.156, 8.874,5701
 8076,67232.141, 6.983,5701
 8077,67239.688, 7.551,5701
 8078,67246.820, 7.129,5701
 8079,67254.039, 7.220,5701
 8080,67260.938, 6.903,5701
 8081,67267.781, 6.839,5701
 8082,67274.789, 7.011,5701
 8083,67282.172, 7.378,5701
 8084,67288.586, 6.419,5701
 8085,67295.750, 7.163,5701
 8086,67303.078, 7.321,5701
 8087,67309.469, 6.398,5701
 8088,67316.297, 6.831,5701
 8089,67323.523, 7.220,5701
 8090,67331.219, 7.702,5701
 8091,67339.047, 7.820,5701
 8092,67345.820, 6.779,5701
 8093,67352.938, 7.117,5701
 8094,67359.633, 6.697,5701
 8095,67366.273, 6.637,5701
 8096,67372.914, 6.645,5701
 8097,67379.422, 6.500,5701
 8098,67385.961, 6.543,5701
 8099,67392.164, 6.202,5701
 8100,67398.992, 6.835,5701
 8101,67405.313, 6.318,5701
 8102,67412.977, 7.664,5701
 8103,67420.469, 7.489,5701
 8104,67427.430, 6.955,5701
 8105,67435.039, 7.614,5701
 8106,67441.391, 6.347,5701
 8107,67448.453, 7.068,5701
 8108,67455.352, 6.905,5701
 8109,67461.750, 6.388,5701
 8110,67469.008, 7.263,5701
 8111,67476.461, 7.448,5701
 8112,67483.305, 6.848,5701
 8113,67489.336, 6.037,5701
 8114,67496.234, 6.894,5701
 8115,67503.344, 7.107,5701
 8116,67510.734, 7.390,5701
 8117,67516.984, 6.254,5701
 8118,67523.859, 6.869,5701
 8119,67530.258, 6.400,5701
 8120,67536.969, 6.712,5701
 8121,67543.266, 6.297,5701
 8122,67550.000, 6.737,5701
 8123,67557.117, 7.116,5701
 8124,67563.352, 6.237,5701
 8125,67569.977, 6.625,5701
 8126,67577.164, 7.184,5701
 8127,67584.922, 7.758,5701
 8128,67590.922, 5.999,5701
 8129,67597.047, 6.122,5701
 8130,67603.078, 6.034,5701
 8131,67609.922, 6.848,5701
 8132,67616.086, 6.157,5701
 8133,67622.578, 6.501,5701
 8134,67629.898, 7.314,5701
 8135,67636.242, 6.343,5701
 8136,67643.055, 6.808,5701
 8137,67649.305, 6.259,5701
 8138,67656.383, 7.075,5701
 8139,67663.617, 7.241,5701
 8140,67670.297, 6.678,5701
 8141,67676.836, 6.532,5701
 8142,67683.656, 6.823,5701
 8143,67689.602, 5.950,5701
 8144,67695.547, 5.938,5701
 8145,67702.305, 6.761,5701
 8146,67708.250, 5.949,5701
 8147,67714.250, 5.999,5701
 8148,67720.313, 6.060,5701
 8149,67726.211, 5.896,5701
 8150,67733.055, 6.843,5701
 8151,67739.156, 6.101,5701
 8152,67745.320, 6.168,5701
 8153,67751.555, 6.233,5701
 8154,67757.508, 5.949,5701
 8155,67764.453, 6.945,5701
 8156,67770.531, 6.085,5701
 8157,67776.508, 5.974,5701
 8158,67782.656, 6.148,5701
 8159,67789.211, 6.553,5701
 8160,67795.953, 6.746,5701
 8161,67804.195, 8.244,5701
 8162,67811.430, 7.232,5701
 8163,67818.977, 7.551,5701
 8164,67826.336, 7.359,5701
 8165,67834.477, 8.132,5701
 8166,67840.711, 6.238,5701
 8167,67847.172, 6.458,5701
 8168,67854.547, 7.377,5701
 8169,67860.648, 6.103,5701
 8170,67867.633, 6.988,5701
 8171,67875.070, 7.430,5701
 8172,67882.422, 7.352,5701
 8173,67888.492, 6.071,5701
 8174,67895.242, 6.754,5701
 8175,67901.266, 6.024,5701
 8176,67907.328, 6.064,5701
 8177,67913.320, 5.989,5701
 8178,67919.273, 5.954,5701
 8179,67926.883, 7.606,5701
 8180,67932.852, 5.969,5701
 8181,67939.867, 7.020,5701
 8182,67946.344, 6.478,5701
 8183,67953.445, 7.097,5701
 8184,67961.242, 7.799,5701
 8185,67968.461, 7.218,5701
 8186,67975.086, 6.620,5701
 8187,67981.820, 6.739,5701
 8188,67989.047, 7.223,5701
 8189,67995.609, 6.568,5701
 8190,68002.930, 7.320,5701
 8191,68010.234, 7.301,5701
 8192,68017.023, 6.791,5701
 8193,68024.219, 7.195,5701
 8194,68031.141, 6.917,5701
 8195,68037.875, 6.742,5701
 8196,68044.547, 6.672,5701
 8197,68051.094, 6.542,5701
 8198,68057.633, 6.546,5701
 8199,68064.766, 7.125,5701
 8200,68071.297, 6.537,5701
 8201,68078.570, 7.269,5701
 8202,68086.086, 7.518,5701
 8203,68093.648, 7.565,5701
 8204,68101.078, 7.422,5701
 8205,68107.906, 6.831,5701
 8206,68115.648, 7.744,5701
 8207,68121.891, 6.242,5701
 8208,68127.945, 6.054,5701
 8209,68135.180, 7.232,5701
 8210,68141.445, 6.270,5701
 8211,68147.570, 6.122,5701
 8212,68154.172, 6.600,5701
 8213,68161.227, 7.056,5701
 8214,68167.688, 6.470,5701
 8215,68174.141, 6.445,5701
 8216,68180.320, 6.187,5701
 8217,68187.617, 7.291,5701
 8218,68195.500, 7.880,5701
 8219,68202.727, 7.222,5701
 8220,68209.266, 6.552,5701
 8221,68216.242, 6.972,5701
 8222,68223.039, 6.794,5701
 8223,68229.227, 6.190,5701
 8224,68236.641, 7.414,5701
 8225,68242.938, 6.300,5701
 8226,68249.141, 6.195,5701
 8227,68255.273, 6.141,5701
 8228,68262.109, 6.828,5701
 8229,68268.414, 6.303,5701
 8230,68276.305, 7.895,5701
 8231,68282.977, 6.678,5701
 8232,68289.531, 6.553,5701
 8233,68295.734, 6.197,5701
 8234,68302.633, 6.905,5701
 8235,68309.633, 6.995,5701
 8236,68316.813, 7.180,5701
 8237,68322.914, 6.108,5701
 8238,68329.969, 7.051,5701
 8239,68336.281, 6.314,5701
 8240,68342.570, 6.285,5701
 8241,68349.578, 7.012,5701
 8242,68355.852, 6.268,5701
 8243,68361.813, 5.958,5701
 8244,68369.086, 7.277,5701
 8245,68376.563, 7.483,5701
 8246,68384.461, 7.892,5701
 8247,68391.422, 6.963,5701
 8248,68398.875, 7.453,5701
 8249,68405.797, 6.924,5701
 8250,68412.617, 6.819,5701
 8251,68418.836, 6.221,5701
 8252,68425.344, 6.508,5701
 8253,68431.375, 6.021,5701
 8254,68437.523, 6.151,5701
 8255,68443.539, 6.023,5701
 8256,68449.516, 5.970,5701
 8257,68455.500, 5.987,5701
 8258,68461.570, 6.071,5701
 8259,68468.148, 6.578,5701
 8260,68474.289, 6.146,5701
 8261,68480.641, 6.350,5701
 8262,68487.406, 6.759,5701
 8263,68494.133, 6.731,5701
 8264,68500.352, 6.217,5701
 8265,68506.398, 6.042,5701
 8266,68513.148, 6.755,5701
 8267,68520.133, 6.984,5701
 8268,68526.570, 6.436,5701
 8269,68533.633, 7.069,5701
 8270,68540.109, 6.467,5701
 8271,68547.117, 7.008,5701
 8272,68553.250, 6.143,5701
 8273,68560.219, 6.964,5701
 8274,68566.453, 6.234,5701
 8275,68573.953, 7.500,5701
 8276,68584.000,10.051,5701
 8277,68591.547, 7.546,5701
 8278,68598.813, 7.258,5701
 8279,68605.594, 6.784,5701
 8280,68612.953, 7.366,5701
 8281,68620.914, 7.958,5701
 8282,68628.250, 7.337,5701
 8283,68635.859, 7.609,5701
 8284,68643.703, 7.841,5701
 8285,68650.227, 6.522,5701
 8286,68656.625, 6.404,5701
 8287,68663.430, 6.797,5701
 8288,68670.609, 7.184,5701
 8289,68677.055, 6.444,5701
 8290,68684.469, 7.411,5701
 8291,68692.117, 7.651,5701
 8292,68700.445, 8.328,5701
 8293,68707.875, 7.434,5701
 8294,68715.078, 7.196,5701
 8295,68722.992, 7.919,5701
 8296,68730.156, 7.160,5701
 8297,68736.352, 6.201,5701
 8298,68742.344, 5.995,5701
 8299,68748.250, 5.901,5701
 8300,68755.086, 6.833,5701
 8301,68761.969, 6.884,5701
 8302,68767.906, 5.944,5701
 8303,68773.977, 6.071,5701
 8304,68780.914, 6.935,5701
 8305,68786.898, 5.979,5701
 8306,68793.625, 6.733,5701
 8307,68799.711, 6.076,5701
 8308,68807.047, 7.334,5701
 8309,68813.133, 6.091,5701
 8310,68819.453, 6.322,5701
 8311,68825.430, 5.971,5701
 8312,68833.063, 7.634,5701
 8313,68842.289, 9.233,5701
 8314,68851.070, 8.777,5701
 8315,68859.570, 8.505,5701
 8316,68867.617, 8.044,5701
 8317,68874.219, 6.602,5701
 8318,68880.766, 6.546,5701
 8319,68887.328, 6.566,5701
 8320,68894.164, 6.830,5701
 8321,68901.125, 6.961,5701
 8322,68907.250, 6.126,5701
 8323,68913.680, 6.440,5701
 8324,68920.086, 6.394,5701
 8325,68927.328, 7.250,5701
 8326,68933.344, 6.014,5701
 8327,68939.352, 6.007,5701
 8328,68945.359, 6.007,5701
 8329,68952.789, 7.431,5701
 8330,68959.563, 6.775,5701
 8331,68965.859, 6.294,5701
 8332,68973.922, 8.066,5701
 8333,68980.664, 6.740,5701
 8334,68987.258, 6.595,5701
 8335,68994.227, 6.967,5701
 8336,69001.250, 7.027,5701
 8337,69007.398, 6.145,5701
 8338,69014.453, 7.055,5701
 8339,69021.891, 7.439,5701
 8340,69029.125, 7.230,5701
 8341,69036.227, 7.106,5701
 8342,69042.313, 6.087,5701
 8343,69049.172, 6.857,5701
 8344,69056.914, 7.745,5701
 8345,69063.750, 6.828,5701
 8346,69069.922, 6.179,5701
 8347,69076.664, 6.740,5701
 8348,69083.680, 7.019,5701
 8349,69090.016, 6.332,5701
 8350,69096.180, 6.167,5701
 8351,69103.406, 7.218,5701
 8352,69110.672, 7.278,5701
 8353,69116.781, 6.097,5701
 8354,69124.383, 7.600,5701
 8355,69130.914, 6.535,5701
 8356,69137.563, 6.655,5701
 8357,69144.102, 6.534,5701
 8358,69150.555, 6.457,5701
 8359,69157.711, 7.149,5701
 8360,69164.680, 6.979,5701
 8361,69170.859, 6.171,5701
 8362,69177.125, 6.266,5701
 8363,69184.648, 7.529,5701
 8364,69191.984, 7.339,5701
 8365,69198.453, 6.459,5701
 8366,69205.719, 7.263,5701
 8367,69213.313, 7.601,5701
 8368,69220.820, 7.510,5701
 8369,69228.789, 7.968,5701
 8370,69235.531, 6.740,5701
 8371,69242.406, 6.872,5701
 8372,69249.211, 6.809,5701
 8373,69255.570, 6.359,5701
 8374,69262.898, 7.325,5701
 8375,69269.547, 6.652,5701
 8376,69276.234, 6.689,5701
 8377,69283.422, 7.183,5701
 8378,69290.477, 7.052,5701
 8379,69297.344, 6.879,5701
 8380,69304.289, 6.944,5701
 8381,69311.203, 6.912,5701
 8382,69318.250, 7.047,5701
 8383,69325.852, 7.598,5701
 8384,69334.211, 8.357,5701
 8385,69341.891, 7.680,5701
 8386,69348.961, 7.075,5701
 8387,69357.234, 8.272,5701
 8388,69366.352, 9.118,5701
 8389,69373.898, 7.548,5701
 8390,69380.758, 6.849,5701
 8391,69388.125, 7.374,5701
 8392,69395.375, 7.245,5701
 8393,69402.391, 7.018,5701
 8394,69408.883, 6.498,5701
 8395,69415.039, 6.151,5701
 8396,69421.469, 6.430,5701
 8397,69427.930, 6.464,5701
 8398,69435.008, 7.077,5701
 8399,69441.734, 6.721,5701
 8400,69448.914, 7.183,5701
 8401,69455.211, 6.296,5701
 8402,69461.414, 6.206,5701
 8403,69467.523, 6.110,5701
 8404,69473.711, 6.186,5701
 8405,69479.969, 6.257,5701
 8406,69486.727, 6.756,5701
 8407,69493.039, 6.314,5701
 8408,69499.109, 6.068,5701
 8409,69506.086, 6.982,5701
 8410,69513.367, 7.277,5701
 8411,69520.391, 7.023,5701
 8412,69526.945, 6.562,5701
 8413,69533.711, 6.761,5701
 8414,69539.906, 6.194,5701
 8415,69546.945, 7.043,5701
 8416,69553.063, 6.115,5701
 8417,69560.336, 7.274,5701
 8418,69567.258, 6.924,5701
 8419,69574.758, 7.494,5701
 8420,69581.938, 7.187,5701
 8421,69588.508, 6.567,5701
 8422,69595.523, 7.016,5701
 8423,69601.422, 5.892,5701
 8424,69607.328, 5.913,5701
 8425,69613.398, 6.066,5701
 8426,69619.703, 6.306,5701
 8427,69625.844, 6.141,5701
 8428,69631.883, 6.039,5701
 8429,69637.781, 5.898,5701
 8430,69643.945, 6.169,5701
 8431,69651.250, 7.302,5701
 8432,69657.523, 6.277,5701
 8433,69664.375, 6.845,5701
 8434,69670.469, 6.094,5701
 8435,69677.820, 7.355,5701
 8436,69683.875, 6.051,5701
 8437,69690.227, 6.357,5701
 8438,69696.672, 6.444,5701
 8439,69703.461, 6.786,5701
 8440,69709.969, 6.508,5701
 8441,69717.023, 7.058,5701
 8442,69722.992, 5.974,5701
 8443,69729.945, 6.950,5701
 8444,69737.211, 7.259,5701
 8445,69745.641, 8.435,5701
 8446,69754.633, 8.990,5701
 8447,69762.320, 7.690,5701
 8448,69768.969, 6.651,5701
 8449,69775.289, 6.320,5701
 8450,69782.117, 6.818,5701
 8451,69788.117, 6.003,5701
 8452,69794.555, 6.442,5701
 8453,69801.281, 6.727,5701
 8454,69807.805, 6.516,5701
 8455,69814.594, 6.791,5701
 8456,69822.219, 7.631,5701
 8457,69829.320, 7.100,5701
 8458,69835.648, 6.330,5701
 8459,69842.469, 6.818,5701
 8460,69849.250, 6.783,5701
 8461,69856.219, 6.966,5701
 8462,69863.414, 7.194,5701
 8463,69869.680, 6.269,5701
 8464,69876.633, 6.955,5701
 8465,69884.344, 7.712,5701
 8466,69891.477, 7.127,5701
 8467,69898.141, 6.665,5701
 8468,69904.281, 6.140,5701
 8469,69910.617, 6.337,5701
 8470,69917.969, 7.349,5701
 8471,69924.883, 6.914,5701
 8472,69931.633, 6.758,5701
 8473,69938.484, 6.847,5701
 8474,69946.469, 7.982,5701
 8475,69953.875, 7.411,5701
 8476,69960.828, 6.945,5701
 8477,69968.320, 7.501,5701
 8478,69975.070, 6.744,5701
 8479,69982.422, 7.350,5701
 8480,69988.898, 6.477,5701
 8481,69995.375, 6.473,5701
 8482,70001.766, 6.397,5701
 8483,70008.961, 7.199,5701
 8484,70016.531, 7.569,5701
 8485,70023.016, 6.487,5701
 8486,70030.016, 6.994,5701
 8487,70036.719, 6.703,5701
 8488,70044.352, 7.636,5701
 8489,70051.672, 7.322,5701
 8490,70058.133, 6.451,5701
 8491,70065.070, 6.941,5701
 8492,70071.383, 6.315,5701
 8493,70078.578, 7.200,5701
 8494,70085.148, 6.567,5701
 8495,70091.227, 6.078,5701
 8496,70097.430, 6.199,5701
 8497,70103.461, 6.033,5701
 8498,70109.633, 6.177,5701
 8499,70116.727, 7.086,5701
 8500,70122.898, 6.172,5701
 8501,70128.914, 6.016,5701
 8502,70134.836, 5.928,5701
 8503,70141.938, 7.103,5701
 8504,70150.195, 8.257,5701
 8505,70156.719, 6.518,5701
 8506,70163.211, 6.495,5701
 8507,70169.375, 6.158,5701
 8508,70176.391, 7.019,5701
 8509,70183.859, 7.471,5701
 8510,70190.672, 6.812,5701
 8511,70197.000, 6.332,5701
 8512,70203.883, 6.882,5701
 8513,70210.016, 6.136,5701
 8514,70217.117, 7.094,5701
 8515,70223.109, 5.990,5701
 8516,70229.484, 6.377,5701
 8517,70236.523, 7.041,5701
 8518,70242.656, 6.138,5701
 8519,70249.008, 6.348,5701
 8520,70256.563, 7.551,5701
 8521,70262.766, 6.201,5701
 8522,70269.492, 6.730,5701
 8523,70276.086, 6.589,5701
 8524,70282.305, 6.229,5701
 8525,70288.961, 6.650,5701
 8526,70295.172, 6.214,5701
 8527,70301.500, 6.326,5701
 8528,70307.539, 6.035,5701
 8529,70313.656, 6.121,5701
 8530,70320.641, 6.988,5701
 8531,70327.016, 6.374,5701
 8532,70333.344, 6.328,5701
 8533,70339.820, 6.473,5701
 8534,70346.102, 6.279,5701
 8535,70352.250, 6.151,5701
 8536,70359.570, 7.324,5701
 8537,70366.344, 6.773,5701
 8538,70372.242, 5.894,5701
 8539,70378.313, 6.073,5701
 8540,70386.164, 7.849,5701
 8541,70393.266, 7.104,5701
 8542,70402.523, 9.257,5701
 8543,70408.852, 6.328,5701
 8544,70415.156, 6.305,5701
 8545,70421.367, 6.203,5701
 8546,70428.375, 7.008,5701
 8547,70435.180, 6.809,5701
 8548,70441.273, 6.098,5701
 8549,70448.273, 6.998,5701
 8550,70454.352, 6.080,5701
 8551,70461.523, 7.174,5701
 8552,70468.922, 7.396,5701
 8553,70476.336, 7.421,5701
 8554,70482.742, 6.397,5701
 8555,70490.547, 7.810,5701
 8556,70498.203, 7.650,5701
 8557,70505.984, 7.784,5701
 8558,70513.617, 7.633,5701
 8559,70521.664, 8.053,5701
 8560,70530.703, 9.026,5701
 8561,70539.039, 8.338,5701
 8562,70546.500, 7.468,5701
 8563,70553.086, 6.580,5701
 8564,70560.781, 7.699,5701
 8565,70568.180, 7.400,5701
 8566,70574.805, 6.621,5701
 8567,70581.406, 6.598,5701
 8568,70588.820, 7.423,5701
 8569,70595.570, 6.745,5701
 8570,70602.539, 6.973,5701
 8571,70610.656, 8.118,5701
 8572,70618.773, 8.116,5701
 8573,70626.125, 7.348,5701
 8574,70632.914, 6.792,5701
 8575,70640.711, 7.793,5701
 8576,70647.836, 7.128,5701
 8577,70654.625, 6.795,5701
 8578,70661.508, 6.874,5701
 8579,70667.703, 6.193,5701
 8580,70674.609, 6.911,5701
 8581,70680.570, 5.962,5701
 8582,70686.727, 6.155,5701
 8583,70692.820, 6.095,5701
 8584,70698.859, 6.035,5701
 8585,70705.016, 6.163,5701
 8586,70711.422, 6.398,5701
 8587,70718.820, 7.406,5701
 8588,70725.742, 6.919,5701
 8589,70732.477, 6.731,5701
 8590,70739.875, 7.399,5701
 8591,70746.859, 6.988,5701
 8592,70753.531, 6.674,5701
 8593,70759.648, 6.114,5701
 8594,70765.680, 6.038,5701
 8595,70772.289, 6.606,5701
 8596,70778.305, 6.012,5701
 8597,70784.375, 6.065,5701
 8598,70791.125, 6.752,5701
 8599,70797.859, 6.739,5701
 8600,70804.094, 6.232,5701
 8601,70810.063, 5.968,5701
 8602,70816.438, 6.373,5701
 8603,70823.969, 7.542,5701
 8604,70830.117, 6.142,5701
 8605,70836.141, 6.025,5701
 8606,70842.703, 6.559,5701
 8607,70848.758, 6.050,5701
 8608,70854.820, 6.064,5701
 8609,70860.898, 6.085,5701
 8610,70867.750, 6.851,5701
 8611,70874.852, 7.102,5701
 8612,70881.313, 6.458,5701
 8613,70888.156, 6.844,5701
 8614,70894.133, 5.974,5701
 8615,70900.031, 5.900,5701
 8616,70907.430, 7.401,5701
 8617,70915.109, 7.675,5701
 8618,70923.789, 8.681,5701
 8619,70931.797, 8.006,5701
 8620,70938.000, 6.212,5701
 8621,70944.180, 6.175,5701
 8622,70950.500, 6.322,5701
 8623,70956.859, 6.356,5701
 8624,70962.977, 6.126,5701
 8625,70969.164, 6.180,5701
 8626,70976.406, 7.238,5701
 8627,70982.508, 6.104,5701
 8628,70989.281, 6.776,5701
 8629,70995.773, 6.488,5701
 8630,71002.734, 6.961,5701
 8631,71008.719, 5.986,5701
 8632,71014.766, 6.050,5701
 8633,71022.063, 7.291,5701
 8634,71028.305, 6.250,5701
 8635,71034.945, 6.640,5701
 8636,71041.234, 6.289,5701
 8637,71048.219, 6.981,5701
 8638,71054.883, 6.666,5701
 8639,71061.477, 6.591,5701
 8640,71069.430, 7.956,5701
 8641,71075.875, 6.442,5701
 8642,71082.555, 6.686,5701
 8643,71089.219, 6.658,5701
 8644,71095.625, 6.414,5701
 8645,71102.961, 7.330,5701
 8646,71109.461, 6.502,5701
 8647,71115.555, 6.090,5701
 8648,71121.813, 6.257,5701
 8649,71129.469, 7.657,5701
 8650,71138.117, 8.653,5701
 8651,71146.039, 7.914,5701
 8652,71152.719, 6.683,5701
 8653,71159.922, 7.209,5701
 8654,71166.625, 6.706,5701
 8655,71174.031, 7.394,5701
 8656,71181.266, 7.238,5701
 8657,71189.148, 7.885,5701
 8658,71196.586, 7.438,5701
 8659,71203.656, 7.074,5701
 8660,71210.648, 6.993,5701
 8661,71217.945, 7.295,5701
 8662,71224.656, 6.710,5701
 8663,71232.039, 7.380,5701
 8664,71238.516, 6.474,5701
 8665,71245.539, 7.027,5701
 8666,71252.164, 6.623,5701
 8667,71258.820, 6.660,5701
 8668,71266.273, 7.457,5701
 8669,71272.914, 6.638,5701
 8670,71278.898, 5.986,5701
 8671,71284.797, 5.894,5701
 8672,71290.922, 6.125,5701
 8673,71296.883, 5.965,5701
 8674,71304.844, 7.958,5701
 8675,71312.352, 7.512,5701
 8676,71319.055, 6.693,5701
 8677,71325.523, 6.472,5701
 8678,71331.797, 6.271,5701
 8679,71338.516, 6.720,5701
 8680,71344.953, 6.445,5701
 8681,71352.227, 7.271,5701
 8682,71358.305, 6.074,5701
 8683,71364.516, 6.211,5701
 8684,71371.664, 7.149,5701
 8685,71377.727, 6.060,5701
 8686,71384.930, 7.207,5701
 8687,71390.914, 5.984,5701
 8688,71397.039, 6.119,5701
 8689,71403.125, 6.093,5701
 8690,71410.445, 7.316,5701
 8691,71417.930, 7.491,5701
 8692,71424.523, 6.593,5701
 8693,71430.734, 6.205,5701
 8694,71437.273, 6.541,5701
 8695,71443.563, 6.293,5701
 8696,71450.516, 6.947,5701
 8697,71457.281, 6.773,5701
 8698,71463.852, 6.563,5701
 8699,71470.156, 6.304,5701
 8700,71476.969, 6.819,5701
 8701,71483.570, 6.602,5701
 8702,71490.219, 6.645,5701
 8703,71496.813, 6.596,5701
 8704,71503.328, 6.514,5701
 8705,71509.664, 6.335,5701
 8706,71516.656, 7.000,5701
 8707,71523.266, 6.603,5701
 8708,71529.773, 6.506,5701
 8709,71535.984, 6.219,5701
 8710,71542.211, 6.217,5701
 8711,71549.164, 6.957,5701
 8712,71555.648, 6.486,5701
 8713,71562.352, 6.700,5701
 8714,71569.500, 7.146,5701
 8715,71576.289, 6.795,5701
 8716,71582.844, 6.552,5701
 8717,71589.617, 6.773,5701
 8718,71595.922, 6.303,5701
 8719,71602.195, 6.274,5701
 8720,71608.328, 6.134,5701
 8721,71615.414, 7.082,5701
 8722,71623.477, 8.062,5701
 8723,71630.789, 7.312,5701
 8724,71638.531, 7.746,5701
 8725,71645.250, 6.719,5701
 8726,71651.492, 6.245,5701
 8727,71657.469, 5.976,5701
 8728,71663.734, 6.261,5701
 8729,71670.484, 6.756,5701
 8730,71676.883, 6.394,5701
 8731,71683.164, 6.281,5701
 8732,71689.570, 6.412,5701
 8733,71696.938, 7.367,5701
 8734,71705.422, 8.476,5701
 8735,71713.461, 8.042,5701
 8736,71720.188, 6.730,5701
 8737,71727.398, 7.210,5701
 8738,71734.547, 7.149,5701
 8739,71741.477, 6.929,5701
 8740,71748.289, 6.817,5701
 8741,71754.273, 5.979,5701
 8742,71761.188, 6.916,5701
 8743,71768.016, 6.833,5701
 8744,71775.258, 7.237,5701
 8745,71781.844, 6.583,5701
 8746,71788.000, 6.158,5701
 8747,71793.969, 5.970,5701
 8748,71800.844, 6.870,5701
 8749,71807.914, 7.073,5701
 8750,71814.352, 6.446,5701
 8751,71820.406, 6.046,5701
 8752,71827.609, 7.208,5701
 8753,71834.078, 6.459,5701
 8754,71840.398, 6.324,5701
 8755,71848.188, 7.788,5701
 8756,71855.352, 7.171,5701
 8757,71861.617, 6.265,5701
 8758,71868.039, 6.415,5701
 8759,71875.141, 7.107,5701
 8760,71882.133, 6.986,5701
 8761,71888.633, 6.507,5701
 8762,71895.969, 7.334,5701
 8763,71902.844, 6.873,5701
 8764,71909.305, 6.462,5701
 8765,71916.547, 7.244,5701
 8766,71922.914, 6.363,5701
 8767,71929.586, 6.678,5701
 8768,71936.797, 7.203,5701
 8769,71944.188, 7.396,5701
 8770,71952.242, 8.052,5701
 8771,71958.820, 6.580,5701
 8772,71965.328, 6.513,5701
 8773,71971.797, 6.459,5701
 8774,71978.797, 7.004,5701
 8775,71986.906, 8.114,5701
 8776,71994.547, 7.641,5701
 8777,72001.266, 6.718,5701
 8778,72007.945, 6.677,5701
 8779,72013.969, 6.027,5701
 8780,72020.945, 6.975,5701
 8781,72027.141, 6.195,5701
 8782,72033.836, 6.689,5701
 8783,72039.758, 5.923,5701
 8784,72046.602, 6.845,5701
 8785,72052.680, 6.085,5701
 8786,72059.070, 6.382,5701
 8787,72064.922, 5.857,5701
 8788,72071.727, 6.796,5701
 8789,72077.867, 6.145,5701
 8790,72084.945, 7.078,5701
 8791,72092.328, 7.390,5701
 8792,72100.750, 8.417,5701
 8793,72108.055, 7.299,5701
 8794,72114.867, 6.815,5701
 8795,72121.070, 6.206,5701
 8796,72127.109, 6.033,5701
 8797,72133.273, 6.170,5701
 8798,72139.797, 6.526,5701
 8799,72146.867, 7.069,5701
 8800,72154.320, 7.457,5701
 8801,72160.375, 6.044,5701
 8802,72166.461, 6.087,5701
 8803,72173.188, 6.734,5701
 8804,72180.094, 6.898,5701
 8805,72186.188, 6.100,5701
 8806,72192.469, 6.279,5701
 8807,72199.117, 6.646,5701
 8808,72205.555, 6.440,5701
 8809,72212.164, 6.614,5701
 8810,72218.758, 6.590,5701
 8811,72224.953, 6.199,5701
 8812,72231.078, 6.123,5701
 8813,72237.281, 6.207,5701
 8814,72243.156, 5.867,5701
 8815,72249.133, 5.978,5701
 8816,72256.063, 6.928,5701
 8817,72262.164, 6.108,5701
 8818,72268.711, 6.537,5701
 8819,72275.563, 6.859,5701
 8820,72281.539, 5.979,5701
 8821,72287.508, 5.964,5701
 8822,72293.477, 5.967,5701
 8823,72300.258, 6.790,5701
 8824,72307.383, 7.120,5701
 8825,72313.664, 6.280,5701
 8826,72319.844, 6.178,5701
 8827,72325.813, 5.969,5701
 8828,72331.711, 5.899,5701
 8829,72338.500, 6.788,5701
 8830,72344.922, 6.429,5701
 8831,72351.930, 7.002,5701
 8832,72358.133, 6.205,5701
 8833,72364.484, 6.346,5701
 8834,72371.438, 6.956,5701
 8835,72377.523, 6.084,5701
 8836,72384.289, 6.768,5701
 8837,72391.063, 6.769,5701
 8838,72397.844, 6.787,5701
 8839,72404.477, 6.631,5701
 8840,72413.531, 9.055,5701
 8841,72420.789, 7.262,5701
 8842,72427.914, 7.126,5701
 8843,72434.891, 6.973,5701
 8844,72441.602, 6.711,5701
 8845,72448.242, 6.639,5701
 8846,72455.422, 7.182,5701
 8847,72462.469, 7.047,5701
 8848,72469.984, 7.516,5701
 8849,72476.664, 6.679,5701
 8850,72484.789, 8.119,5701
 8851,72493.328, 8.550,5701
 8852,72501.297, 7.962,5701
 8853,72507.781, 6.482,5701
 8854,72514.656, 6.879,5701
 8855,72522.445, 7.786,5701
 8856,72530.859, 8.415,5701
 8857,72537.656, 6.800,5701
 8858,72544.180, 6.523,5701
 8859,72551.984, 7.806,5701
 8860,72559.453, 7.468,5701
 8861,72566.328, 6.880,5701
 8862,72574.672, 8.340,5701
 8863,72582.781, 8.107,5701
 8864,72589.820, 7.035,5701
 8865,72596.617, 6.805,5701
 8866,72603.180, 6.558,5701
 8867,72609.414, 6.234,5701
 8868,72615.867, 6.454,5701
 8869,72622.586, 6.717,5701
 8870,72629.195, 6.613,5701
 8871,72636.016, 6.821,5701
 8872,72642.211, 6.190,5701
 8873,72648.219, 6.008,5701
 8874,72654.188, 5.971,5701
 8875,72660.266, 6.079,5701
 8876,72666.344, 6.083,5701
 8877,72673.055, 6.704,5701
 8878,72679.305, 6.252,5701
 8879,72686.781, 7.475,5701
 8880,72693.031, 6.243,5701
 8881,72699.188, 6.162,5701
 8882,72706.609, 7.429,5701
 8883,72713.172, 6.561,5701
 8884,72719.938, 6.763,5701
 8885,72727.742, 7.803,5701
 8886,72734.094, 6.352,5701
 8887,72740.406, 6.310,5701
 8888,72747.219, 6.818,5701
 8889,72754.070, 6.846,5701
 8890,72760.406, 6.333,5701
 8891,72766.383, 5.976,5701
 8892,72773.195, 6.817,5701
 8893,72779.172, 5.980,5701
 8894,72785.555, 6.382,5701
 8895,72791.617, 6.060,5701
 8896,72797.820, 6.201,5701
 8897,72804.195, 6.376,5701
 8898,72810.164, 5.971,5701
 8899,72816.336, 6.177,5701
 8900,72822.367, 6.023,5701
 8901,72828.578, 6.216,5701
 8902,72835.117, 6.533,5701
 8903,72841.219, 6.110,5701
 8904,72848.383, 7.157,5701
 8905,72854.445, 6.063,5701
 8906,72861.172, 6.726,5701
 8907,72867.164, 5.993,5701
 8908,72874.500, 7.340,5701
 8909,72882.008, 7.511,5701
 8910,72888.844, 6.832,5701
 8911,72896.109, 7.264,5701
 8912,72903.102, 6.990,5701
 8913,72909.313, 6.216,5701
 8914,72915.695, 6.380,5701
 8915,72921.930, 6.240,5701
 8916,72928.977, 7.049,5701
 8917,72935.891, 6.911,5701
 8918,72942.914, 7.020,5701
 8919,72949.234, 6.325,5701
 8920,72956.969, 7.734,5701
 8921,72964.008, 7.038,5701
 8922,72970.539, 6.525,5701
 8923,72976.484, 5.950,5701
 8924,72983.234, 6.753,5701
 8925,72990.336, 7.101,5701
 8926,72996.516, 6.171,5701
 8927,73003.461, 6.952,5701
 8928,73009.703, 6.239,5701
 8929,73015.727, 6.022,5701
 8930,73022.156, 6.430,5701
 8931,73028.313, 6.158,5701
 8932,73034.867, 6.554,5701
 8933,73042.188, 7.324,5701
 8934,73049.820, 7.630,5701
 8935,73056.297, 6.477,5701
 8936,73063.289, 6.991,5701
 8937,73069.594, 6.305,5701
 8938,73076.195, 6.599,5701
 8939,73082.789, 6.592,5701
 8940,73090.039, 7.249,5701
 8941,73096.398, 6.360,5701
 8942,73102.961, 6.570,5701
 8943,73109.719, 6.756,5701
 8944,73117.094, 7.376,5701
 8945,73123.523, 6.431,5701
 8946,73130.102, 6.575,5701
 8947,73137.250, 7.154,5701
 8948,73143.563, 6.305,5701
 8949,73150.492, 6.930,5701
 8950,73157.766, 7.272,5701
 8951,73164.430, 6.662,5701
 8952,73172.070, 7.642,5701
 8953,73178.617, 6.552,5701
 8954,73185.000, 6.388,5701
 8955,73192.766, 7.759,5701
 8956,73199.313, 6.553,5701
 8957,73206.695, 7.370,5701
 8958,73214.359, 7.671,5701
 8959,73221.234, 6.873,5701
 8960,73227.609, 6.382,5701
 8961,73233.695, 6.074,5701
 8962,73239.875, 6.190,5701
 8963,73246.359, 6.474,5701
 8964,73252.305, 5.957,5701
 8965,73260.313, 8.005,5701
 8966,73269.094, 8.778,5701
 8967,73275.797, 6.702,5701
 8968,73282.117, 6.325,5701
 8969,73289.203, 7.088,5701
 8970,73295.273, 6.070,5701
 8971,73301.539, 6.263,5701
 8972,73308.656, 7.120,5701
 8973,73316.484, 7.821,5701
 8974,73323.797, 7.312,5701
 8975,73330.117, 6.319,5701
 8976,73337.727, 7.608,5701
 8977,73345.156, 7.433,5701
 8978,73352.188, 7.036,5701
 8979,73359.289, 7.103,5701
 8980,73367.391, 8.093,5701
 8981,73374.047, 6.659,5701
 8982,73382.211, 8.164,5701
 8983,73388.945, 6.735,5701
 8984,73395.922, 6.977,5701
 8985,73403.266, 7.344,5701
 8986,73409.867, 6.605,5701
 8987,73416.766, 6.892,5701
 8988,73423.820, 7.055,5701
 8989,73430.633, 6.822,5701
 8990,73437.289, 6.650,5701
 8991,73443.805, 6.514,5701
 8992,73450.656, 6.855,5701
 8993,73456.820, 6.164,5701
 8994,73463.781, 6.954,5701
 8995,73471.977, 8.206,5701
 8996,73478.313, 6.334,5701
 8997,73484.656, 6.344,5701
 8998,73490.938, 6.283,5701
 8999,73497.156, 6.213,5701
 9000,73503.250, 6.097,5701
 9001,73509.375, 6.119,5701
 9002,73515.398, 6.021,5701
 9003,73521.625, 6.232,5701
 9004,73528.109, 6.482,5701
 9005,73534.875, 6.771,5701
 9006,73541.859, 6.981,5701
 9007,73548.758, 6.897,5701
 9008,73556.125, 7.371,5701
 9009,73562.180, 6.052,5701
 9010,73568.828, 6.646,5701
 9011,73575.227, 6.404,5701
 9012,73581.586, 6.359,5701
 9013,73588.602, 7.017,5701
 9014,73594.656, 6.052,5701
 9015,73601.367, 6.710,5701
 9016,73607.430, 6.061,5701
 9017,73613.617, 6.193,5701
 9018,73619.680, 6.060,5701
 9019,73625.984, 6.305,5701
 9020,73632.148, 6.164,5701
 9021,73638.375, 6.224,5701
 9022,73644.992, 6.619,5701
 9023,73652.672, 7.680,5701
 9024,73660.930, 8.255,5701
 9025,73667.422, 6.493,5701
 9026,73673.547, 6.127,5701
 9027,73679.766, 6.216,5701
 9028,73686.320, 6.558,5701
 9029,73693.320, 7.005,5701
 9030,73700.414, 7.085,5701
 9031,73706.703, 6.290,5701
 9032,73714.156, 7.455,5701
 9033,73721.297, 7.146,5701
 9034,73727.742, 6.440,5701
 9035,73734.625, 6.882,5701
 9036,73740.633, 6.012,5701
 9037,73746.695, 6.058,5701
 9038,73752.758, 6.064,5701
 9039,73759.586, 6.830,5701
 9040,73766.484, 6.899,5701
 9041,73773.367, 6.878,5701
 9042,73780.188, 6.820,5701
 9043,73786.586, 6.399,5701
 9044,73793.227, 6.640,5701
 9045,73799.430, 6.206,5701
 9046,73806.539, 7.111,5701
 9047,73812.641, 6.102,5701
 9048,73819.328, 6.691,5701
 9049,73826.406, 7.066,5701
 9050,73834.344, 7.945,5701
 9051,73841.078, 6.726,5701
 9052,73847.602, 6.528,5701
 9053,73854.492, 6.893,5701
 9054,73861.117, 6.620,5701
 9055,73867.320, 6.212,5701
 9056,73874.555, 7.230,5701
 9057,73881.102, 6.542,5701
 9058,73888.664, 7.572,5701
 9059,73895.328, 6.661,5701
 9060,73902.727, 7.394,5701
 9061,73909.273, 6.549,5701
 9062,73915.594, 6.324,5701
 9063,73922.297, 6.704,5701
 9064,73929.594, 7.293,5701
 9065,73937.180, 7.586,5701
 9066,73944.102, 6.924,5701
 9067,73951.664, 7.561,5701
 9068,73958.148, 6.479,5701
 9069,73963.992, 5.850,5701
 9070,73970.016, 6.024,5701
 9071,73976.836, 6.818,5701
 9072,73982.953, 6.123,5701
 9073,73989.211, 6.256,5701
 9074,73995.266, 6.056,5701
 9075,74001.891, 6.622,5701
 9076,74008.242, 6.355,5701
 9077,74014.328, 6.084,5701
 9078,74021.250, 6.922,5701
 9079,74027.227, 5.977,5701
 9080,74034.227, 6.998,5701
 9081,74041.203, 6.973,5701
 9082,74048.070, 6.865,5701
 9083,74055.523, 7.453,5701
 9084,74061.922, 6.401,5701
 9085,74068.117, 6.198,5701
 9086,74075.039, 6.916,5701
 9087,74081.039, 6.002,5701
 9088,74087.156, 6.119,5701
 9089,74093.500, 6.345,5701
 9090,74099.984, 6.488,5701
 9091,74106.406, 6.419,5701
 9092,74113.789, 7.377,5701
 9093,74119.930, 6.149,5701
 9094,74127.094, 7.156,5701
 9095,74133.102, 6.008,5701
 9096,74139.250, 6.152,5701
 9097,74145.383, 6.130,5701
 9098,74152.172, 6.792,5701
 9099,74159.078, 6.903,5701
 9100,74165.297, 6.225,5701
 9101,74171.805, 6.506,5701
 9102,74178.648, 6.846,5701
 9103,74184.758, 6.103,5701
 9104,74190.805, 6.048,5701
 9105,74197.711, 6.908,5701
 9106,74204.453, 6.742,5701
 9107,74210.656, 6.204,5701
 9108,74217.117, 6.462,5701
 9109,74223.680, 6.568,5701
 9110,74229.984, 6.302,5701
 9111,74236.766, 6.777,5701
 9112,74243.234, 6.472,5701
 9113,74249.367, 6.122,5701
 9114,74255.430, 6.066,5701
 9115,74261.758, 6.331,5701
 9116,74267.836, 6.076,5701
 9117,74274.031, 6.194,5701
 9118,74280.906, 6.882,5701
 9119,74286.797, 5.886,5701
 9120,74292.859, 6.062,5701
 9121,74299.938, 7.084,5701
 9122,74306.742, 6.800,5701
 9123,74313.672, 6.933,5701
 9124,74320.102, 6.428,5701
 9125,74327.172, 7.068,5701
 9126,74334.078, 6.908,5701
 9127,74340.453, 6.378,5701
 9128,74346.594, 6.142,5701
 9129,74353.578, 6.982,5701
 9130,74359.914, 6.336,5701
 9131,74366.078, 6.161,5701
 9132,74372.148, 6.069,5701
 9133,74379.359, 7.211,5701
 9134,74385.570, 6.212,5701
 9135,74392.313, 6.748,5701
 9136,74398.922, 6.604,5701
 9137,74405.000, 6.086,5701
 9138,74411.164, 6.160,5701
 9139,74417.617, 6.455,5701
 9140,74425.273, 7.656,5701
 9141,74434.766, 9.487,5701
 9142,74444.148, 9.383,5701
 9143,74451.156, 7.004,5701
 9144,74458.578, 7.428,5701
 9145,74465.773, 7.195,5701
 9146,74472.414, 6.639,5701
 9147,74478.852, 6.442,5701
 9148,74485.844, 6.988,5701
 9149,74493.141, 7.293,5701
 9150,74500.305, 7.167,5701
 9151,74507.742, 7.433,5701
 9152,74514.422, 6.683,5701
 9153,74520.742, 6.322,5701
 9154,74528.953, 8.212,5701
 9155,74536.289, 7.335,5701
 9156,74544.172, 7.880,5701
 9157,74550.977, 6.815,5701
 9158,74558.875, 7.893,5701
 9159,74565.570, 6.698,5701
 9160,74572.359, 6.784,5701
 9161,74580.023, 7.661,5701
 9162,74587.188, 7.169,5701
 9163,74593.820, 6.632,5701
 9164,74599.719, 5.895,5701
 9165,74606.594, 6.884,5701
 9166,74612.719, 6.119,5701
 9167,74619.492, 6.774,5701
 9168,74625.539, 6.050,5701
 9169,74632.430, 6.882,5701
 9170,74639.695, 7.264,5701
 9171,74645.859, 6.172,5701
 9172,74651.703, 5.841,5701
 9173,74657.695, 5.993,5701
 9174,74663.602, 5.913,5701
 9175,74670.375, 6.762,5701
 9176,74676.320, 5.952,5701
 9177,74682.359, 6.030,5701
 9178,74688.141, 5.786,5701
 9179,74694.133, 5.991,5701
 9180,74700.758, 6.623,5701
 9181,74707.484, 6.733,5701
 9182,74713.484, 5.997,5701
 9183,74719.523, 6.046,5701
 9184,74725.508, 5.977,5701
 9185,74732.375, 6.869,5701
 9186,74739.492, 7.115,5701
 9187,74745.828, 6.340,5701
 9188,74752.711, 6.877,5701
 9189,74758.773, 6.065,5701
 9190,74764.977, 6.209,5701
 9191,74771.789, 6.809,5701
 9192,74777.789, 6.001,5701
 9193,74783.969, 6.178,5701
 9194,74790.172, 6.202,5701
 9195,74796.148, 5.977,5701
 9196,74802.094, 5.944,5701
 9197,74807.938, 5.851,5701
 9198,74813.992, 6.057,5701
 9199,74820.148, 6.152,5701
 9200,74826.883, 6.731,5701
 9201,74834.383, 7.495,5701
 9202,74840.977, 6.599,5701
 9203,74847.547, 6.573,5701
 9204,74854.273, 6.731,5701
 9205,74861.336, 7.058,5701
 9206,74867.547, 6.213,5701
 9207,74873.625, 6.075,5701
 9208,74879.672, 6.051,5701
 9209,74885.719, 6.042,5701
 9210,74892.773, 7.051,5701
 9211,74899.031, 6.261,5701
 9212,74905.148, 6.116,5701
 9213,74911.023, 5.871,5701
 9214,74917.258, 6.239,5701
 9215,74923.492, 6.239,5701
 9216,74930.719, 7.221,5701
 9217,74937.789, 7.072,5701
 9218,74944.180, 6.389,5701
 9219,74951.375, 7.192,5701
 9220,74957.992, 6.628,5701
 9221,74964.383, 6.383,5701
 9222,74970.617, 6.238,5701
 9223,74976.914, 6.294,5701
 9224,74983.141, 6.229,5701
 9225,74989.336, 6.197,5701
 9226,74995.492, 6.153,5701
 9227,75002.453, 6.963,5701
 9228,75008.672, 6.218,5701
 9229,75015.680, 7.015,5701
 9230,75021.859, 6.173,5701
 9231,75028.672, 6.818,5701
 9232,75036.063, 7.381,5701
 9233,75042.414, 6.353,5701
 9234,75048.938, 6.530,5701
 9235,75055.555, 6.614,5701
 9236,75062.422, 6.862,5701
 9237,75069.859, 7.439,5701
 9238,75076.461, 6.600,5701
 9239,75083.078, 6.618,5701
 9240,75090.063, 6.982,5701
 9241,75097.430, 7.368,5701
 9242,75103.906, 6.478,5701
 9243,75110.680, 6.780,5701
 9244,75117.555, 6.874,5701
 9245,75124.164, 6.606,5701
 9246,75130.758, 6.589,5701
 9247,75137.195, 6.445,5701
 9248,75143.734, 6.538,5701
 9249,75151.328, 7.595,5701
 9250,75158.695, 7.360,5701
 9251,75166.633, 7.942,5701
 9252,75173.555, 6.925,5701
 9253,75180.938, 7.385,5701
 9254,75188.453, 7.512,5701
 9255,75194.734, 6.274,5701
 9256,75201.125, 6.395,5701
 9257,75207.891, 6.772,5701
 9258,75215.266, 7.371,5701
 9259,75222.977, 7.711,5701
 9260,75230.453, 7.476,5701
 9261,75236.734, 6.279,5701
 9262,75244.547, 7.816,5701
 9263,75251.039, 6.490,5701
 9264,75257.180, 6.138,5701
 9265,75263.273, 6.100,5701
 9266,75269.797, 6.515,5701
 9267,75276.180, 6.392,5701
 9268,75282.484, 6.303,5701
 9269,75288.594, 6.106,5701
 9270,75295.172, 6.581,5701
 9271,75301.977, 6.807,5701
 9272,75307.938, 5.958,5701
 9273,75315.141, 7.201,5701
 9274,75321.242, 6.107,5701
 9275,75327.492, 6.246,5701
 9276,75333.492, 5.996,5701
 9277,75339.703, 6.212,5701
 9278,75345.883, 6.180,5701
 9279,75352.648, 6.772,5701
 9280,75359.797, 7.143,5701
 9281,75365.797, 5.998,5701
 9282,75371.680, 5.889,5701
 9283,75378.117, 6.435,5701
 9284,75384.531, 6.415,5701
 9285,75392.609, 8.081,5701
 9286,75399.766, 7.150,5701
 9287,75405.648, 5.889,5701
 9288,75411.789, 6.134,5701
 9289,75418.391, 6.602,5701
 9290,75424.398, 6.006,5701
 9291,75430.820, 6.426,5701
 9292,75437.109, 6.288,5701
 9293,75443.313, 6.210,5701
 9294,75450.516, 7.198,5701
 9295,75456.945, 6.431,5701
 9296,75463.109, 6.163,5701
 9297,75470.539, 7.429,5701
 9298,75476.813, 6.275,5701
 9299,75484.164, 7.352,5701
 9300,75492.797, 8.628,5701
 9301,75500.695, 7.896,5701
 9302,75508.500, 7.807,5701
 9303,75515.820, 7.324,5701
 9304,75523.750, 7.929,5701
 9305,75530.180, 6.433,5701
 9306,75538.039, 7.848,5701
 9307,75544.469, 6.434,5701
 9308,75551.336, 6.877,5701
 9309,75557.195, 5.852,5701
 9310,75564.906, 7.711,5701
 9311,75570.859, 5.954,5701
 9312,75576.719, 5.856,5701
 9313,75583.383, 6.661,5701
 9314,75591.234, 7.858,5701
 9315,75598.594, 7.360,5701
 9316,75607.047, 8.451,5701
 9317,75615.445, 8.397,5701
 9318,75622.516, 7.074,5701
 9319,75628.992, 6.476,5701
 9320,75635.313, 6.327,5701
 9321,75642.086, 6.763,5701
 9322,75648.344, 6.265,5701
 9323,75654.492, 6.142,5701
 9324,75660.617, 6.127,5701
 9325,75667.867, 7.252,5701
 9326,75674.109, 6.242,5701
 9327,75681.063, 6.948,5701
 9328,75687.898, 6.839,5701
 9329,75694.547, 6.654,5701
 9330,75700.898, 6.349,5701
 9331,75707.133, 6.234,5701
 9332,75713.773, 6.634,5701
 9333,75719.922, 6.151,5701
 9334,75725.883, 5.967,5701
 9335,75732.234, 6.347,5701
 9336,75738.367, 6.133,5701
 9337,75744.633, 6.268,5701
 9338,75750.961, 6.325,5701
 9339,75757.078, 6.115,5701
 9340,75763.227, 6.152,5701
 9341,75769.258, 6.032,5701
 9342,75776.242, 6.981,5701
 9343,75782.664, 6.429,5701
 9344,75789.133, 6.461,5701
 9345,75795.711, 6.578,5701
 9346,75803.594, 7.885,5701
 9347,75811.156, 7.562,5701
 9348,75818.867, 7.712,5701
 9349,75826.492, 7.626,5701
 9350,75833.180, 6.689,5701
 9351,75840.328, 7.147,5701
 9352,75847.258, 6.934,5701
 9353,75853.789, 6.523,5701
 9354,75861.031, 7.239,5701
 9355,75867.570, 6.551,5701
 9356,75874.617, 7.042,5701
 9357,75881.875, 7.257,5701
 9358,75888.844, 6.967,5701
 9359,75895.484, 6.639,5701
 9360,75904.070, 8.590,5701
 9361,75911.688, 7.609,5701
 9362,75917.758, 6.077,5701
 9363,75924.609, 6.854,5701
 9364,75931.391, 6.776,5701
 9365,75937.477, 6.086,5701
 9366,75943.617, 6.150,5701
 9367,75949.594, 5.970,5701
 9368,75955.477, 5.880,5701
 9369,75961.930, 6.456,5701
 9370,75967.953, 6.024,5701
 9371,75974.344, 6.393,5701
 9372,75980.258, 5.918,5701
 9373,75987.133, 6.867,5701
 9374,75993.523, 6.397,5701
 9375,76000.570, 7.043,5701
 9376,76007.867, 7.296,5701
 9377,76015.547, 7.684,5701
 9378,76022.125, 6.576,5701
 9379,76029.953, 7.831,5701
 9380,76037.172, 7.218,5701
 9381,76044.172, 6.997,5701
 9382,76050.422, 6.251,5701
 9383,76057.344, 6.922,5701
 9384,76063.547, 6.203,5701
 9385,76070.531, 6.981,5701
 9386,76076.977, 6.454,5701
 9387,76083.969, 6.984,5701
 9388,76090.367, 6.394,5701
 9389,76096.445, 6.080,5701
 9390,76103.367, 6.921,5701
 9391,76109.586, 6.228,5701
 9392,76115.891, 6.302,5701
 9393,76122.930, 7.036,5701
 9394,76129.188, 6.263,5701
 9395,76135.469, 6.276,5701
 9396,76141.820, 6.351,5701
 9397,76147.961, 6.147,5701
 9398,76154.039, 6.068,5701
 9399,76160.055, 6.019,5701
 9400,76166.125, 6.072,5701
 9401,76172.773, 6.649,5701
 9402,76178.805, 6.029,5701
 9403,76185.188, 6.382,5701
 9404,76192.109, 6.926,5701
 9405,76199.008, 6.899,5701
 9406,76206.000, 6.990,5701
 9407,76213.141, 7.137,5701
 9408,76219.195, 6.061,5701
 9409,76225.758, 6.555,5701
 9410,76231.945, 6.198,5701
 9411,76238.344, 6.397,5701
 9412,76245.211, 6.866,5701
 9413,76252.086, 6.871,5701
 9414,76258.156, 6.074,5701
 9415,76265.273, 7.118,5701
 9416,76271.305, 6.032,5701
 9417,76277.977, 6.672,5701
 9418,76284.031, 6.049,5701
 9419,76290.180, 6.150,5701
 9420,76296.523, 6.347,5701
 9421,76302.719, 6.188,5701
 9422,76310.070, 7.355,5701
 9423,76317.711, 7.636,5701
 9424,76324.609, 6.904,5701
 9425,76332.391, 7.776,5701
 9426,76338.688, 6.295,5701
 9427,76345.750, 7.066,5701
 9428,76352.078, 6.329,5701
 9429,76358.406, 6.327,5701
 9430,76365.844, 7.443,5701
 9431,76373.023, 7.174,5701
 9432,76379.547, 6.531,5701
 9433,76387.383, 7.830,5701
 9434,76395.547, 8.170,5701
 9435,76403.430, 7.873,5701
 9436,76410.086, 6.661,5701
 9437,76417.656, 7.573,5701
 9438,76424.078, 6.419,5701
 9439,76430.836, 6.763,5701
 9440,76438.422, 7.584,5701
 9441,76446.328, 7.911,5701
 9442,76454.117, 7.783,5701
 9443,76462.461, 8.339,5701
 9444,76469.914, 7.456,5701
 9445,76476.273, 6.366,5701
 9446,76484.055, 7.773,5701
 9447,76492.023, 7.966,5701
 9448,76498.672, 6.661,5701
 9449,76506.594, 7.919,5701
 9450,76514.297, 7.700,5701
 9451,76522.391, 8.086,5701
 9452,76528.594, 6.211,5701
 9453,76534.742, 6.144,5701
 9454,76541.977, 7.240,5701
 9455,76549.211, 7.231,5701
 9456,76555.914, 6.703,5701
 9457,76562.898, 6.989,5701
 9458,76568.977, 6.074,5701
 9459,76575.516, 6.543,5701
 9460,76581.742, 6.219,5701
 9461,76588.000, 6.267,5701
 9462,76595.031, 7.027,5701
 9463,76601.367, 6.330,5701
 9464,76607.398, 6.032,5701
 9465,76614.609, 7.217,5701
 9466,76621.453, 6.843,5701
 9467,76627.445, 5.991,5701
 9468,76633.625, 6.181,5701
 9469,76640.547, 6.926,5701
 9470,76646.969, 6.419,5701
 9471,76653.086, 6.115,5701
 9472,76659.281, 6.201,5701
 9473,76665.313, 6.031,5701
 9474,76671.383, 6.059,5701
 9475,76677.297, 5.925,5701
 9476,76684.242, 6.940,5701
 9477,76691.211, 6.969,5701
 9478,76697.422, 6.209,5701
 9479,76704.438, 7.015,5701
 9480,76711.375, 6.934,5701
 9481,76717.445, 6.075,5701
 9482,76724.289, 6.847,5701
 9483,76730.539, 6.247,5701
 9484,76736.852, 6.310,5701
 9485,76742.820, 5.972,5701
 9486,76749.867, 7.048,5701
 9487,76756.953, 7.089,5701
 9488,76763.078, 6.121,5701
 9489,76769.125, 6.045,5701
 9490,76775.477, 6.353,5701
 9491,76783.289, 7.818,5701
 9492,76791.273, 7.980,5701
 9493,76797.695, 6.419,5701
 9494,76804.617, 6.925,5701
 9495,76810.641, 6.023,5701
 9496,76816.633, 5.992,5701
 9497,76822.641, 6.013,5701
 9498,76828.766, 6.119,5701
 9499,76834.695, 5.931,5701
 9500,76840.844, 6.151,5701
 9501,76847.078, 6.229,5701
 9502,76853.133, 6.056,5701
 9503,76859.906, 6.773,5701
 9504,76866.727, 6.819,5701
 9505,76872.914, 6.194,5701
 9506,76879.023, 6.102,5701
 9507,76886.031, 7.010,5701
 9508,76892.219, 6.192,5701
 9509,76898.445, 6.224,5701
 9510,76904.500, 6.054,5701
 9511,76910.602, 6.105,5701
 9512,76917.469, 6.866,5701
 9513,76923.844, 6.376,5701
 9514,76930.047, 6.199,5701
 9515,76936.078, 6.033,5701
 9516,76943.078, 7.000,5701
 9517,76950.305, 7.233,5701
 9518,76956.625, 6.313,5701
 9519,76964.656, 8.039,5701
 9520,76971.688, 7.017,5701
 9521,76977.750, 6.067,5701
 9522,76984.555, 6.810,5701
 9523,76991.984, 7.432,5701
 9524,76998.516, 6.525,5701
 9525,77005.828, 7.311,5701
 9526,77013.227, 7.401,5701
 9527,77021.109, 7.885,5701
 9528,77028.523, 7.410,5701
 9529,77035.102, 6.581,5701
 9530,77041.820, 6.715,5701
 9531,77048.508, 6.689,5701
 9532,77055.695, 7.186,5701
 9533,77062.281, 6.592,5701
 9534,77069.250, 6.966,5701
 9535,77075.734, 6.478,5701
 9536,77082.945, 7.222,5701
 9537,77089.758, 6.802,5701
 9538,77096.461, 6.707,5701
 9539,77103.930, 7.472,5701
 9540,77111.500, 7.567,5701
 9541,77119.086, 7.587,5701
 9542,77125.516, 6.430,5701
 9543,77131.555, 6.042,5701
 9544,77137.555, 6.001,5701
 9545,77143.648, 6.096,5701
 9546,77149.789, 6.132,5701
 9547,77155.656, 5.874,5701
 9548,77161.719, 6.052,5701
 9549,77168.453, 6.735,5701
 9550,77177.508, 9.059,5701
 9551,77184.070, 6.558,5701
 9552,77190.297, 6.234,5701
 9553,77197.414, 7.115,5701
 9554,77203.797, 6.379,5701
 9555,77210.133, 6.341,5701
 9556,77216.297, 6.165,5701
 9557,77223.336, 7.044,5701
 9558,77230.359, 7.013,5701
 9559,77236.625, 6.276,5701
 9560,77243.328, 6.700,5701
 9561,77250.086, 6.755,5701
 9562,77257.641, 7.559,5701
 9563,77263.844, 6.196,5701
 9564,77270.727, 6.885,5701
 9565,77277.984, 7.262,5701
 9566,77286.078, 8.088,5701
 9567,77292.578, 6.503,5701
 9568,77298.734, 6.149,5701
 9569,77304.789, 6.059,5701
 9570,77311.047, 6.258,5701
 9571,77318.844, 7.798,5701
 9572,77324.766, 5.917,5701
 9573,77330.813, 6.048,5701
 9574,77337.281, 6.477,5701
 9575,77344.133, 6.849,5701
 9576,77350.148, 6.009,5701
 9577,77356.094, 5.947,5701
 9578,77362.883, 6.797,5701
 9579,77370.484, 7.597,5701
 9580,77376.602, 6.119,5701
 9581,77383.609, 7.011,5701
 9582,77390.711, 7.092,5701
 9583,77397.023, 6.312,5701
 9584,77403.078, 6.058,5701
 9585,77410.023, 6.941,5701
 9586,77416.070, 6.051,5701
 9587,77422.156, 6.090,5701
 9588,77428.086, 5.921,5701
 9589,77435.375, 7.290,5701
 9590,77441.563, 6.197,5701
 9591,77447.531, 5.964,5701
 9592,77454.336, 6.806,5701
 9593,77460.359, 6.020,5701
 9594,77466.195, 5.842,5701
 9595,77471.945, 5.751,5701
 9596,77479.156, 7.208,5701
 9597,77485.898, 6.740,5701
 9598,77492.625, 6.732,5701
 9599,77498.672, 6.049,5701
 9600,77504.813, 6.132,5701
 9601,77510.750, 5.938,5701
 9602,77516.609, 5.859,5701
 9603,77522.594, 5.986,5701
 9604,77528.820, 6.230,5701
 9605,77535.906, 7.081,5701
 9606,77542.531, 6.631,5701
 9607,77550.164, 7.628,5701
 9608,77558.023, 7.857,5701
 9609,77566.891, 8.872,5701
 9610,77574.867, 7.978,5701
 9611,77582.445, 7.570,5701
 9612,77589.063, 6.621,5701
 9613,77596.938, 7.875,5701
 9614,77604.555, 7.620,5701
 9615,77612.148, 7.588,5701
 9616,77619.531, 7.387,5701
 9617,77626.930, 7.402,5701
 9618,77634.492, 7.558,5701
 9619,77640.773, 6.276,5701
 9620,77647.313, 6.551,5701
 9621,77653.523, 6.209,5701
 9622,77661.383, 7.849,5701
 9623,77668.078, 6.697,5701
 9624,77674.258, 6.187,5701
 9625,77681.359, 7.093,5701
 9626,77687.578, 6.229,5701
 9627,77693.797, 6.215,5701
 9628,77701.281, 7.488,5701
 9629,77708.031, 6.743,5701
 9630,77714.820, 6.794,5701
 9631,77721.211, 6.387,5701
 9632,77728.930, 7.723,5701
 9633,77736.234, 7.302,5701
 9634,77743.102, 6.864,5701
 9635,77750.891, 7.795,5701
 9636,77757.984, 7.097,5701
 9637,77765.633, 7.641,5701
 9638,77773.391, 7.759,5701
 9639,77781.102, 7.711,5701
 9640,77787.734, 6.628,5701
 9641,77794.891, 7.163,5701
 9642,77801.281, 6.390,5701
 9643,77808.984, 7.702,5701
 9644,77815.234, 6.248,5701
 9645,77822.586, 7.354,5701
 9646,77830.156, 7.569,5701
 9647,77837.445, 7.286,5701
 9648,77845.008, 7.573,5701
 9649,77853.008, 7.999,5701
 9650,77858.945, 5.937,5701
 9651,77865.281, 6.329,5701
 9652,77871.422, 6.137,5701
 9653,77877.461, 6.046,5701
 9654,77885.133, 7.670,5701
 9655,77891.063, 5.928,5701
 9656,77897.031, 5.964,5701
 9657,77902.914, 5.890,5701
 9658,77909.078, 6.164,5701
 9659,77916.570, 7.493,5701
 9660,77923.633, 7.065,5701
 9661,77929.641, 6.008,5701
 9662,77936.484, 6.835,5701
 9663,77942.758, 6.278,5701
 9664,77949.922, 7.164,5701
 9665,77958.109, 8.188,5701
 9666,77965.664, 7.556,5701
 9667,77972.242, 6.576,5701
 9668,77978.336, 6.102,5701
 9669,77984.320, 5.979,5701
 9670,77990.617, 6.300,5701
 9671,77997.477, 6.851,5701
 9672,78003.844, 6.369,5701
 9673,78010.000, 6.164,5701
 9674,78017.391, 7.378,5701
 9675,78023.961, 6.582,5701
 9676,78030.359, 6.390,5701
 9677,78036.625, 6.275,5701
 9678,78043.000, 6.370,5701
 9679,78049.383, 6.375,5701
 9680,78055.477, 6.103,5701
 9681,78061.617, 6.138,5701
 9682,78067.609, 5.995,5701
 9683,78073.547, 5.938,5701
 9684,78079.516, 5.968,5701
 9685,78085.461, 5.944,5701
 9686,78091.609, 6.150,5701
 9687,78097.602, 5.995,5701
 9688,78103.633, 6.031,5701
 9689,78109.516, 5.874,5701
 9690,78115.555, 6.047,5701
 9691,78121.789, 6.231,5701
 9692,78128.070, 6.279,5701
 9693,78134.133, 6.060,5701
 9694,78141.063, 6.933,5701
 9695,78147.094, 6.026,5701
 9696,78153.922, 6.832,5701
 9697,78159.922, 5.999,5701
 9698,78166.203, 6.285,5701
 9699,78172.922, 6.717,5701
 9700,78178.836, 5.914,5701
 9701,78184.922, 6.091,5701
 9702,78192.070, 7.143,5701
 9703,78198.398, 6.329,5701
 9704,78205.031, 6.627,5701
 9705,78210.891, 5.868,5701
 9706,78216.805, 5.912,5701
 9707,78222.602, 5.798,5701
 9708,78228.930, 6.332,5701
 9709,78235.258, 6.322,5701
 9710,78241.336, 6.083,5701
 9711,78248.023, 6.680,5701
 9712,78255.172, 7.148,5701
 9713,78261.742, 6.573,5701
 9714,78269.266, 7.526,5701
 9715,78275.781, 6.513,5701
 9716,78281.945, 6.169,5701
 9717,78288.188, 6.240,5701
 9718,78295.250, 7.060,5701
 9719,78301.438, 6.189,5701
 9720,78307.945, 6.507,5701
 9721,78314.375, 6.430,5701
 9722,78320.844, 6.469,5701
 9723,78327.258, 6.414,5701
 9724,78335.352, 8.085,5701
 9725,78344.273, 8.935,5701
 9726,78351.539, 7.264,5701
 9727,78359.453, 7.908,5701
 9728,78366.945, 7.494,5701
 9729,78373.555, 6.611,5701
 9730,78380.367, 6.807,5701
 9731,78387.766, 7.398,5701
 9732,78394.328, 6.572,5701
 9733,78401.305, 6.975,5701
 9734,78408.055, 6.743,5701
 9735,78414.586, 6.536,5701
 9736,78421.250, 6.668,5701
 9737,78427.828, 6.572,5701
 9738,78435.336, 7.510,5701
 9739,78442.758, 7.418,5701
 9740,78449.570, 6.816,5701
 9741,78456.242, 6.671,5701
 9742,78462.688, 6.444,5701
 9743,78469.969, 7.284,5701
 9744,78476.547, 6.576,5701
 9745,78483.367, 6.818,5701
 9746,78489.539, 6.175,5701
 9747,78495.578, 6.042,5701
 9748,78502.531, 6.951,5701
 9749,78509.547, 7.016,5701
 9750,78515.797, 6.250,5701
 9751,78521.789, 5.987,5701
 9752,78527.828, 6.043,5701
 9753,78533.906, 6.077,5701
 9754,78539.859, 5.957,5701
 9755,78546.961, 7.104,5701
 9756,78553.078, 6.111,5701
 9757,78559.922, 6.851,5701
 9758,78566.852, 6.925,5701
 9759,78573.508, 6.657,5701
 9760,78579.648, 6.143,5701
 9761,78585.641, 5.994,5701
 9762,78591.750, 6.098,5701
 9763,78597.563, 5.818,5701
 9764,78604.258, 6.699,5701
 9765,78610.195, 5.937,5701
 9766,78616.914, 6.718,5701
 9767,78622.766, 5.849,5701
 9768,78628.789, 6.018,5701
 9769,78634.703, 5.919,5701
 9770,78640.742, 6.041,5701
 9771,78646.758, 6.011,5701
 9772,78653.477, 6.718,5701
 9773,78659.492, 6.016,5701
 9774,78666.367, 6.876,5701
 9775,78672.555, 6.188,5701
 9776,78679.383, 6.830,5701
 9777,78686.156, 6.773,5701
 9778,78692.211, 6.053,5701
 9779,78698.195, 5.985,5701
 9780,78704.211, 6.018,5701
 9781,78710.164, 5.956,5701
 9782,78717.195, 7.027,5701
 9783,78724.336, 7.146,5701
 9784,78730.969, 6.633,5701
 9785,78737.531, 6.557,5701
 9786,78743.859, 6.329,5701
 9787,78750.047, 6.182,5701
 9788,78756.227, 6.183,5701
 9789,78763.531, 7.308,5701
 9790,78770.602, 7.072,5701
 9791,78776.852, 6.244,5701
 9792,78782.930, 6.087,5701
 9793,78788.961, 6.031,5701
 9794,78795.000, 6.034,5701
 9795,78801.922, 6.920,5701
 9796,78808.063, 6.140,5701
 9797,78814.094, 6.032,5701
 9798,78820.820, 6.727,5701
 9799,78826.984, 6.168,5701
 9800,78833.172, 6.188,5701
 9801,78839.195, 6.023,5701
 9802,78845.281, 6.086,5701
 9803,78851.867, 6.585,5701
 9804,78857.758, 5.887,5701
 9805,78864.242, 6.491,5701
 9806,78871.164, 6.918,5701
 9807,78877.281, 6.120,5701
 9808,78883.445, 6.160,5701
 9809,78890.180, 6.732,5701
 9810,78896.375, 6.194,5701
 9811,78902.555, 6.184,5701
 9812,78908.773, 6.220,5701
 9813,78914.930, 6.157,5701
 9814,78921.867, 6.936,5701
 9815,78928.930, 7.059,5701
 9816,78935.391, 6.461,5701
 9817,78942.016, 6.626,5701
 9818,78948.391, 6.373,5701
 9819,78955.055, 6.665,5701
 9820,78962.438, 7.381,5701
 9821,78970.109, 7.673,5701
 9822,78976.961, 6.853,5701
 9823,78984.688, 7.725,5701
 9824,78991.289, 6.607,5701
 9825,78997.852, 6.563,5701
 9826,79004.336, 6.484,5701
 9827,79010.914, 6.577,5701
 9828,79018.266, 7.352,5701
 9829,79024.609, 6.344,5701
 9830,79032.813, 8.198,5701
 9831,79039.891, 7.083,5701
 9832,79046.539, 6.646,5701
 9833,79053.406, 6.867,5701
 9834,79060.125, 6.717,5701
 9835,79066.883, 6.761,5701
 9836,79075.109, 8.227,5701
 9837,79081.414, 6.299,5701
 9838,79087.648, 6.246,5701
 9839,79093.867, 6.214,5701
 9840,79100.102, 6.229,5701
 9841,79108.578, 8.480,5701
 9842,79116.289, 7.709,5701
 9843,79124.242, 7.955,5701
 9844,79130.820, 6.577,5701
 9845,79137.555, 6.734,5701
 9846,79143.727, 6.173,5701
 9847,79150.836, 7.105,5701
 9848,79156.820, 5.985,5701
 9849,79163.750, 6.933,5701
 9850,79169.891, 6.141,5701
 9851,79176.117, 6.227,5701
 9852,79183.375, 7.256,5701
 9853,79189.625, 6.255,5701
 9854,79195.961, 6.333,5701
 9855,79202.031, 6.069,5701
 9856,79208.297, 6.267,5701
 9857,79214.484, 6.187,5701
 9858,79220.500, 6.014,5701
 9859,79227.570, 7.073,5701
 9860,79233.805, 6.232,5701
 9861,79240.492, 6.685,5701
 9862,79246.484, 5.993,5701
 9863,79253.188, 6.703,5701
 9864,79259.297, 6.112,5701
 9865,79265.539, 6.245,5701
 9866,79272.203, 6.660,5701
 9867,79278.992, 6.793,5701
 9868,79285.750, 6.750,5701
 9869,79293.055, 7.304,5701
 9870,79299.359, 6.308,5701
 9871,79306.461, 7.104,5701
 9872,79312.742, 6.280,5701
 9873,79318.859, 6.117,5701
 9874,79324.914, 6.059,5701
 9875,79331.195, 6.280,5701
 9876,79337.172, 5.974,5701
 9877,79343.266, 6.099,5701
 9878,79349.570, 6.301,5701
 9879,79355.602, 6.030,5701
 9880,79361.461, 5.861,5701
 9881,79368.547, 7.088,5701
 9882,79376.273, 7.728,5701
 9883,79382.547, 6.269,5701
 9884,79389.750, 7.204,5701
 9885,79397.172, 7.422,5701
 9886,79403.555, 6.383,5701
 9887,79409.547, 5.991,5701
 9888,79416.383, 6.833,5701
 9889,79422.430, 6.050,5701
 9890,79428.664, 6.235,5701
 9891,79434.641, 5.982,5701
 9892,79440.648, 6.004,5701
 9893,79446.961, 6.316,5701
 9894,79453.734, 6.769,5701
 9895,79460.438, 6.699,5701
 9896,79466.563, 6.130,5701
 9897,79472.773, 6.206,5701
 9898,79479.086, 6.315,5701
 9899,79486.609, 7.524,5701
 9900,79494.516, 7.903,5701
 9901,79502.797, 8.281,5701
 9902,79510.711, 7.918,5701
 9903,79517.266, 6.558,5701
 9904,79524.852, 7.585,5701
 9905,79532.898, 8.043,5701
 9906,79539.719, 6.817,5701
 9907,79546.867, 7.153,5701
 9908,79554.273, 7.410,5701
 9909,79561.453, 7.176,5701
 9910,79568.297, 6.843,5701
 9911,79574.641, 6.350,5701
 9912,79580.688, 6.040,5701
 9913,79587.531, 6.848,5701
 9914,79594.023, 6.487,5701
 9915,79601.227, 7.207,5701
 9916,79608.375, 7.147,5701
 9917,79614.789, 6.410,5701
 9918,79621.031, 6.239,5701
 9919,79627.977, 6.956,5701
 9920,79634.641, 6.664,5701
 9921,79641.633, 6.988,5701
 9922,79647.750, 6.112,5701
 9923,79654.805, 7.063,5701
 9924,79660.992, 6.192,5701
 9925,79668.000, 7.000,5701
 9926,79674.375, 6.373,5701
 9927,79680.750, 6.377,5701
 9928,79687.430, 6.680,5701
 9929,79693.766, 6.337,5701
 9930,79700.094, 6.324,5594
 9931,79706.820, 6.728,5594
 9932,79713.391, 6.566,5594
 9933,79720.203, 6.820,5594
 9934,79727.594, 7.390,5594
 9935,79734.555, 6.959,5594
 9936,79741.492, 6.941,5594
 9937,79748.172, 6.677,5594
 9938,79754.594, 6.423,5594
 9939,79761.484, 6.889,5594
 9940,79768.250, 6.767,5594
 9941,79775.375, 7.122,5594
 9942,79782.328, 6.961,5594
 9943,79789.328, 7.000,5594
 9944,79797.047, 7.714,5594
 9945,79806.758, 9.710,5594
 9946,79813.266, 6.510,5594
 9947,79819.648, 6.385,5594
 9948,79825.867, 6.216,5594
 9949,79833.555, 7.684,5594
 9950,79841.750, 8.199,5594
 9951,79849.055, 7.298,5594
 9952,79855.453, 6.401,5594
 9953,79861.656, 6.210,5594
 9954,79867.734, 6.071,5594
 9955,79873.680, 5.941,5594
 9956,79879.609, 5.938,5594
 9957,79886.883, 7.271,5594
 9958,79893.914, 7.033,5594
 9959,79899.938, 6.025,5594
 9960,79907.516, 7.573,5594
 9961,79913.766, 6.255,5594
 9962,79921.016, 7.247,5594
 9963,79927.133, 6.114,5594
 9964,79933.297, 6.169,5594
 9965,79939.367, 6.066,5594
 9966,79945.086, 5.722,5594
 9967,79950.742, 5.651,5594
 9968,79958.781, 8.043,5594
 9969,79964.805, 6.024,5594
 9970,79970.930, 6.125,5594
 9971,79976.898, 5.970,5594
 9972,79982.781, 5.880,5594
 9973,79989.656, 6.881,5594
 9974,79996.602, 6.944,5594
 9975,80003.375, 6.765,5594
 9976,80009.656, 6.293,5594
 9977,80016.883, 7.220,5594
 9978,80023.773, 6.889,5594
 9979,80031.094, 7.319,5594
 9980,80037.195, 6.104,5594
 9981,80043.234, 6.044,5594
 9982,80049.617, 6.383,5594
 9983,80055.523, 5.907,5594
 9984,80061.500, 5.975,5594
 9985,80067.352, 5.844,5594
 9986,80073.258, 5.911,5594
 9987,80079.188, 5.927,5594
 9988,80085.367, 6.182,5594
 9989,80091.461, 6.094,5594
 9990,80097.398, 5.937,5594
 9991,80104.383, 6.985,5594
 9992,80111.805, 7.420,5594
 9993,80119.219, 7.415,5594
 9994,80125.352, 6.129,5594
 9995,80132.180, 6.834,5594
 9996,80137.852, 5.671,5594
 9997,80143.523, 5.672,5594
 9998,80149.422, 5.894,5594
 9999,80155.320, 5.907,5594
10000,80162.695, 7.368,5594
10001,80169.836, 7.140,5594
10002,80176.703, 6.868,5594
10003,80182.547, 5.850,5594
10004,80188.641, 6.097,5594
10005,80195.367, 6.716,5594
10006,80201.281, 5.916,5594
10007,80207.484, 6.203,5594
10008,80214.422, 6.940,5594
10009,80223.578, 9.158,5594
10010,80230.789, 7.207,5594
10011,80238.242, 7.454,5594
10012,80244.594, 6.355,5594
10013,80251.781, 7.187,5594
10014,80257.734, 5.944,5594
10015,80265.148, 7.422,5594
10016,80271.773, 6.623,5594
10017,80277.977, 6.205,5594
10018,80283.891, 5.915,5594
10019,80290.453, 6.556,5594
10020,80296.453, 5.999,5594
10021,80302.383, 5.931,5594
10022,80309.180, 6.801,5594
10023,80316.531, 7.348,5594
10024,80324.156, 7.627,5594
10025,80331.586, 7.437,5594
10026,80338.953, 7.365,5594
10027,80345.992, 7.039,5594
10028,80352.523, 6.526,5594
10029,80358.883, 6.358,5594
10030,80365.016, 6.135,5594
10031,80372.203, 7.191,5594
10032,80378.000, 5.799,5594
10033,80384.398, 6.388,5594
10034,80390.641, 6.250,5594
10035,80396.773, 6.131,5594
10036,80404.422, 7.644,5594
10037,80411.578, 7.164,5594
10038,80420.000, 8.420,5594
10039,80427.203, 7.202,5594
10040,80434.109, 6.905,5594
10041,80440.594, 6.488,5594
10042,80447.453, 6.854,5594
10043,80454.766, 7.316,5594
10044,80461.688, 6.914,5594
10045,80467.961, 6.283,5594
10046,80475.070, 7.105,5594
10047,80481.781, 6.715,5594
10048,80489.508, 7.727,5594
10049,80497.133, 7.623,5594
10050,80505.188, 8.054,5594
10051,80511.938, 6.753,5594
10052,80518.297, 6.356,5594
10053,80523.984, 5.691,5594
10054,80529.906, 5.919,5594
10055,80536.602, 6.697,5594
10056,80543.172, 6.565,5594
10057,80549.125, 5.954,5594
10058,80556.250, 7.126,5594
10059,80563.203, 6.954,5594
10060,80570.320, 7.121,5594
10061,80576.977, 6.660,5594
10062,80582.578, 5.600,5594
10063,80589.250, 6.670,5594
10064,80595.406, 6.153,5594
10065,80601.844, 6.436,5594
10066,80609.172, 7.332,5594
10067,80616.164, 6.993,5594
10068,80622.625, 6.457,5594
10069,80628.625, 6.004,5594
10070,80635.766, 7.131,5594
10071,80643.188, 7.425,5594
10072,80649.570, 6.386,5594
10073,80655.727, 6.155,5594
10074,80662.664, 6.944,5594
10075,80669.922, 7.252,5594
10076,80675.852, 5.928,5594
10077,80681.828, 5.974,5594
10078,80688.109, 6.285,5594
10079,80694.930, 6.819,5594
10080,80700.898, 5.973,5594
10081,80707.766, 6.865,5594
10082,80713.781, 6.014,5594
10083,80720.891, 7.110,5594
10084,80727.094, 6.202,5594
10085,80733.078, 5.985,5594
10086,80740.289, 7.216,5594
10087,80746.406, 6.108,5594
10088,80753.875, 7.473,5594
10089,80760.656, 6.786,5594
10090,80767.523, 6.862,5594
10091,80773.484, 5.960,5594
10092,80779.242, 5.760,5594
10093,80785.359, 6.111,5594
10094,80791.180, 5.830,5594
10095,80797.172, 5.990,5594
10096,80803.078, 5.899,5594
10097,80809.063, 5.986,5594
10098,80815.852, 6.791,5594
10099,80822.945, 7.102,5594
10100,80829.219, 6.265,5594
10101,80835.391, 6.173,5594
10102,80841.594, 6.206,5594
10103,80847.688, 6.087,5594
10104,80854.930, 7.254,5594
10105,80861.422, 6.481,5594
10106,80868.180, 6.762,5594
10107,80874.953, 6.776,5594
10108,80882.219, 7.266,5594
10109,80888.984, 6.766,5594
10110,80895.219, 6.229,5594
10111,80901.383, 6.161,5594
10112,80908.219, 6.842,5594
10113,80915.055, 6.835,5594
10114,80921.680, 6.623,5594
10115,80927.711, 6.029,5594
10116,80933.688, 5.974,5594
10117,80941.750, 8.064,5594
10118,80948.977, 7.235,5594
10119,80955.250, 6.270,5594
10120,80961.914, 6.666,5594
10121,80968.891, 6.979,5594
10122,80976.477, 7.585,5594
10123,80985.031, 8.553,5594
10124,80993.219, 8.190,5594
10125,81000.430, 7.203,5594
10126,81007.016, 6.589,5594
10127,81014.547, 7.537,5594
10128,81021.039, 6.488,5594
10129,81027.719, 6.677,5594
10130,81035.281, 7.571,5594
10131,81042.703, 7.416,5594
10132,81049.320, 6.620,5594
10133,81055.930, 6.609,5594
10134,81063.539, 7.607,5594
10135,81070.367, 6.825,5594
10136,81076.891, 6.525,5594
10137,81085.023, 8.131,5594
10138,81091.781, 6.757,5594
10139,81098.391, 6.612,5594
10140,81104.891, 6.505,5594
10141,81110.813, 5.915,5594
10142,81116.578, 5.769,5594
10143,81122.555, 5.975,5594
10144,81128.609, 6.062,5594
10145,81134.477, 5.864,5594
10146,81140.461, 5.978,5594
10147,81147.281, 6.828,5594
10148,81153.305, 6.026,5594
10149,81160.273, 6.961,5594
10150,81166.164, 5.894,5594
10151,81172.875, 6.707,5594
10152,81178.977, 6.105,5594
10153,81185.055, 6.073,5594
10154,81191.891, 6.840,5594
10155,81197.922, 6.034,5594
10156,81203.969, 6.044,5594
10157,81210.070, 6.099,5594
10158,81216.102, 6.028,5594
10159,81222.516, 6.420,5594
10160,81229.281, 6.764,5594
10161,81235.281, 6.004,5594
10162,81242.070, 6.785,5594
10163,81248.844, 6.773,5594
10164,81254.945, 6.104,5594
10165,81260.953, 6.009,5594
10166,81266.875, 5.920,5594
10167,81272.805, 5.928,5594
10168,81280.242, 7.441,5594
10169,81286.172, 5.930,5594
10170,81292.430, 6.253,5594
10171,81298.430, 6.003,5594
10172,81304.398, 5.967,5594
10173,81310.242, 5.843,5594
10174,81316.242, 6.007,5594
10175,81322.227, 5.985,5594
10176,81328.266, 6.037,5594
10177,81334.109, 5.840,5594
10178,81340.133, 6.019,5594
10179,81346.039, 5.908,5594
10180,81351.992, 5.960,5594
10181,81358.820, 6.821,5594
10182,81365.750, 6.934,5594
10183,81373.188, 7.435,5594
10184,81380.422, 7.230,5594
10185,81387.203, 6.784,5594
10186,81393.391, 6.191,5594
10187,81399.602, 6.212,5594
10188,81405.773, 6.171,5594
10189,81412.906, 7.131,5594
10190,81419.375, 6.470,5594
10191,81425.813, 6.434,5594
10192,81432.875, 7.065,5594
10193,81440.297, 7.424,5594
10194,81446.578, 6.282,5594
10195,81453.922, 7.343,5594
10196,81459.977, 6.054,5594
10197,81466.016, 6.037,5594
10198,81472.367, 6.353,5594
10199,81479.000, 6.635,5594
10200,81485.648, 6.653,5594
10201,81492.914, 7.263,5594
10202,81498.969, 6.056,5594
10203,81505.828, 6.855,5594
10204,81512.461, 6.628,5594
10205,81518.773, 6.314,5594
10206,81525.078, 6.302,5594
10207,81532.195, 7.125,5594
10208,81538.344, 6.139,5594
10209,81544.547, 6.208,5594
10210,81550.758, 6.209,5594
10211,81557.156, 6.403,5594
10212,81564.242, 7.089,5594
10213,81570.828, 6.582,5594
10214,81577.492, 6.666,5594
10215,81583.734, 6.236,5594
10216,81590.320, 6.592,5594
10217,81597.031, 6.709,5594
10218,81603.484, 6.450,5594
10219,81609.977, 6.501,5594
10220,81616.547, 6.567,5594
10221,81623.117, 6.565,5594
10222,81629.953, 6.844,5594
10223,81636.852, 6.895,5594
10224,81644.500, 7.649,5594
10225,81651.930, 7.431,5594
10226,81659.492, 7.555,5594
10227,81666.203, 6.717,5594
10228,81672.641, 6.442,5594
10229,81679.961, 7.314,5594
10230,81687.711, 7.748,5594
10231,81695.641, 7.937,5594
10232,81703.602, 7.954,5594
10233,81711.055, 7.451,5594
10234,81717.555, 6.503,5594
10235,81724.188, 6.637,5594
10236,81731.664, 7.475,5594
10237,81737.711, 6.040,5594
10238,81744.844, 7.141,5594
10239,81752.805, 7.953,5594
10240,81760.539, 7.742,5594
10241,81767.789, 7.246,5594
10242,81774.125, 6.334,5594
10243,81780.508, 6.388,5594
10244,81786.883, 6.377,5594
10245,81792.953, 6.067,5594
10246,81799.727, 6.771,5594
10247,81806.352, 6.621,5594
10248,81812.969, 6.623,5594
10249,81818.992, 6.029,5594
10250,81825.195, 6.196,5594
10251,81831.141, 5.943,5594
10252,81838.352, 7.210,5594
10253,81844.383, 6.034,5594
10254,81851.570, 7.192,5594
10255,81858.406, 6.835,5594
10256,81865.414, 7.004,5594
10257,81872.438, 7.020,5594
10258,81878.578, 6.149,5594
10259,81884.984, 6.407,5594
10260,81890.930, 5.948,5594
10261,81896.930, 5.996,5594
10262,81903.094, 6.163,5594
10263,81911.094, 7.997,5594
10264,81917.578, 6.487,5594
10265,81923.789, 6.209,5594
10266,81929.781, 5.996,5594
10267,81935.727, 5.939,5594
10268,81941.719, 5.989,5594
10269,81947.602, 5.890,5594
10270,81954.352, 6.747,5594
10271,81960.656, 6.307,5594
10272,81967.805, 7.149,5594
10273,81974.789, 6.986,5594
10274,81980.688, 5.893,5594
10275,81987.797, 7.112,5594
10276,81994.391, 6.590,5594
10277,82000.359, 5.968,5594
10278,82007.109, 6.756,5594
10279,82013.320, 6.213,5594
10280,82019.586, 6.267,5594
10281,82025.883, 6.296,5594
10282,82031.906, 6.025,5594
10283,82038.625, 6.715,5594
10284,82045.508, 6.882,5594
10285,82051.602, 6.099,5594
10286,82057.570, 5.965,5594
10287,82063.992, 6.423,5594
10288,82069.914, 5.923,5594
10289,82076.594, 6.681,5594
10290,82082.758, 6.161,5594
10291,82088.633, 5.879,5594
10292,82094.734, 6.094,5594
10293,82100.547, 5.819,5594
10294,82106.609, 6.064,5594
10295,82114.188, 7.570,5594
10296,82120.664, 6.485,5594
10297,82127.391, 6.716,5594
10298,82135.117, 7.729,5594
10299,82142.781, 7.666,5594
10300,82149.664, 6.887,5594
10301,82156.734, 7.060,5594
10302,82163.781, 7.048,5594
10303,82170.602, 6.825,5594
10304,82176.594, 5.990,5594
10305,82183.438, 6.844,5594
10306,82189.398, 5.960,5594
10307,82196.852, 7.459,5594
10308,82203.742, 6.887,5594
10309,82209.789, 6.049,5594
10310,82216.055, 6.265,5594
10311,82223.633, 7.584,5594
10312,82230.406, 6.762,5594
10313,82236.508, 6.103,5594
10314,82243.156, 6.655,5594
10315,82249.922, 6.767,5594
10316,82256.133, 6.206,5594
10317,82263.117, 6.981,5594
10318,82269.508, 6.391,5594
10319,82276.523, 7.017,5594
10320,82282.813, 6.291,5594
10321,82289.414, 6.595,5594
10322,82296.531, 7.120,5594
10323,82303.977, 7.452,5594
10324,82311.250, 7.273,5594
10325,82317.719, 6.462,5594
10326,82324.047, 6.327,5594
10327,82330.789, 6.743,5594
10328,82338.430, 7.644,5594
10329,82346.047, 7.617,5594
10330,82352.469, 6.421,5594
10331,82358.945, 6.483,5594
10332,82365.414, 6.461,5594
10333,82372.727, 7.317,5594
10334,82379.234, 6.509,5594
10335,82385.820, 6.586,5594
10336,82393.398, 7.577,5594
10337,82400.688, 7.283,5594
10338,82408.930, 8.246,5594
10339,82416.430, 7.498,5594
10340,82424.281, 7.855,5594
10341,82431.484, 7.204,5594
10342,82439.891, 8.404,5594
10343,82447.352, 7.461,5594
10344,82453.641, 6.291,5594
10345,82459.617, 5.980,5594
10346,82466.008, 6.386,5594
10347,82472.297, 6.293,5594
10348,82479.141, 6.843,5594
10349,82485.188, 6.046,5594
10350,82491.359, 6.164,5594
10351,82497.508, 6.150,5594
10352,82503.477, 5.975,5594
10353,82510.656, 7.184,5594
10354,82517.617, 6.953,5594
10355,82525.438, 7.823,5594
10356,82532.492, 7.050,5594
10357,82540.234, 7.746,5594
10358,82547.406, 7.167,5594
10359,82553.625, 6.227,5594
10360,82559.844, 6.215,5594
10361,82565.875, 6.033,5594
10362,82572.125, 6.250,5594
10363,82578.906, 6.784,5594
10364,82584.914, 6.003,5594
10365,82591.695, 6.776,5594
10366,82597.734, 6.040,5594
10367,82603.688, 5.955,5594
10368,82609.688, 5.996,5594
10369,82615.797, 6.115,5594
10370,82622.688, 6.885,5594
10371,82629.555, 6.879,5594
10372,82635.656, 6.099,5594
10373,82642.234, 6.576,5594
10374,82649.289, 7.056,5594
10375,82655.539, 6.246,5594
10376,82661.516, 5.982,5594
10377,82667.875, 6.360,5594
10378,82674.500, 6.625,5594
10379,82680.641, 6.136,5594
10380,82686.602, 5.963,5594
10381,82693.414, 6.806,5594
10382,82699.852, 6.441,5594
10383,82706.133, 6.281,5594
10384,82712.453, 6.317,5594
10385,82718.375, 5.926,5594
10386,82725.063, 6.685,5594
10387,82731.477, 6.420,5594
10388,82738.836, 7.361,5594
10389,82745.945, 7.109,5594
10390,82752.859, 6.912,5594
10391,82759.211, 6.354,5594
10392,82765.156, 5.939,5594
10393,82772.258, 7.102,5594
10394,82778.320, 6.064,5594
10395,82784.414, 6.090,5594
10396,82791.289, 6.883,5594
10397,82797.367, 6.073,5594
10398,82804.188, 6.822,5594
10399,82810.656, 6.469,5594
10400,82816.695, 6.035,5594
10401,82822.734, 6.037,5594
10402,82828.844, 6.115,5594
10403,82836.633, 7.790,5594
10404,82842.914, 6.282,5594
10405,82849.383, 6.463,5594
10406,82855.641, 6.263,5594
10407,82862.711, 7.062,5594
10408,82869.367, 6.664,5594
10409,82875.820, 6.451,5594
10410,82882.023, 6.199,5594
10411,82889.281, 7.270,5594
10412,82896.508, 7.221,5594
10413,82905.070, 8.562,5594
10414,82912.844, 7.771,5594
10415,82920.578, 7.738,5594
10416,82927.008, 6.423,5594
10417,82933.352, 6.341,5594
10418,82939.570, 6.224,5594
10419,82946.367, 6.794,5594
10420,82953.898, 7.535,5594
10421,82961.555, 7.660,5594
10422,82969.391, 7.831,5594
10423,82976.680, 7.290,5594
10424,82982.992, 6.320,5594
10425,82989.656, 6.661,5594
10426,82997.281, 7.623,5594
10427,83003.867, 6.586,5594
10428,83011.750, 7.881,5594
10429,83018.383, 6.630,5594
10430,83025.328, 6.950,5594
10431,83031.984, 6.663,5594
10432,83038.898, 6.909,5594
10433,83044.867, 5.966,5594
10434,83050.617, 5.754,5594
10435,83057.250, 6.628,5594
10436,83063.047, 5.799,5594
10437,83070.148, 7.100,5594
10438,83076.195, 6.046,5594
10439,83082.133, 5.935,5594
10440,83088.164, 6.033,5594
10441,83095.109, 6.949,5594
10442,83102.148, 7.033,5594
10443,83108.031, 5.882,5594
10444,83114.875, 6.850,5594
10445,83120.633, 5.762,5594
10446,83127.602, 6.962,5594
10447,83133.313, 5.718,5594
10448,83139.742, 6.421,5594
10449,83146.141, 6.404,5594
10450,83151.945, 5.802,5594
10451,83158.602, 6.662,5594
10452,83164.344, 5.731,5594
10453,83170.836, 6.495,5594
10454,83177.750, 6.915,5594
10455,83185.883, 8.134,5594
10456,83192.516, 6.638,5594
10457,83198.852, 6.333,5594
10458,83205.305, 6.454,5594
10459,83211.117, 5.809,5594
10460,83217.547, 6.435,5594
10461,83224.219, 6.667,5594
10462,83231.016, 6.792,5594
10463,83237.484, 6.476,5594
10464,83243.906, 6.419,5594
10465,83249.688, 5.775,5594
10466,83255.398, 5.717,5594
10467,83261.211, 5.814,5594
10468,83267.891, 6.681,5594
10469,83273.883, 5.990,5594
10470,83279.898, 6.016,5594
10471,83287.836, 7.939,5594
10472,83295.156, 7.323,5594
10473,83302.727, 7.567,5594
10474,83309.734, 7.002,5594
10475,83316.008, 6.271,5594
10476,83322.078, 6.073,5594
10477,83329.430, 7.354,5594
10478,83336.945, 7.524,5594
10479,83344.008, 7.056,5594
10480,83349.961, 5.960,5594
10481,83356.813, 6.845,5594
10482,83362.938, 6.127,5594
10483,83368.742, 5.799,5594
10484,83375.586, 6.853,5594
10485,83381.516, 5.927,5594
10486,83387.734, 6.214,5594
10487,83395.117, 7.382,5594
10488,83401.555, 6.438,5594
10489,83408.016, 6.460,5594
10490,83415.055, 7.040,5594
10491,83420.961, 5.915,5594
10492,83427.516, 6.551,5594
10493,83434.453, 6.938,5594
10494,83440.555, 6.097,5594
10495,83447.922, 7.374,5594
10496,83455.078, 7.146,5594
10497,83461.500, 6.429,5594
10498,83468.461, 6.961,5594
10499,83475.180, 6.719,5594
10500,83482.125, 6.944,5594
10501,83488.461, 6.335,5594
10502,83495.227, 6.764,5594
10503,83502.086, 6.862,5594
10504,83508.625, 6.544,5594
10505,83515.422, 6.786,5594
10506,83522.836, 7.423,5594
10507,83530.242, 7.403,5594
10508,83536.734, 6.490,5594
10509,83543.938, 7.210,5594
10510,83551.367, 7.419,5594
10511,83557.891, 6.530,5594
10512,83564.539, 6.649,5594
10513,83570.898, 6.361,5594
10514,83577.203, 6.301,5594
10515,83583.406, 6.198,5594
10516,83590.641, 7.239,5594
10517,83598.586, 7.945,5594
10518,83606.539, 7.957,5594
10519,83613.602, 7.062,5594
10520,83620.883, 7.282,5594
10521,83627.828, 6.946,5594
10522,83633.789, 5.954,5594
10523,83639.953, 6.169,5594
10524,83646.641, 6.688,5594
10525,83652.695, 6.050,5594
10526,83658.539, 5.848,5594
10527,83665.523, 6.985,5594
10528,83673.789, 8.264,5594
10529,83680.883, 7.093,5594
10530,83688.523, 7.638,5594
10531,83695.297, 6.779,5594
10532,83702.680, 7.377,5594
10533,83709.227, 6.550,5594
10534,83715.375, 6.143,5594
10535,83722.531, 7.158,5594
10536,83729.508, 6.983,5594
10537,83735.609, 6.099,5594
10538,83743.133, 7.521,5594
10539,83749.539, 6.408,5594
10540,83755.969, 6.434,5594
10541,83762.438, 6.459,5594
10542,83769.047, 6.614,5594
10543,83775.836, 6.790,5594
10544,83782.555, 6.721,5594
10545,83789.219, 6.660,5594
10546,83796.359, 7.137,5594
10547,83802.594, 6.241,5594
10548,83810.414, 7.818,5594
10549,83818.039, 7.624,5594
10550,83824.430, 6.390,5594
10551,83831.758, 7.327,5594
10552,83838.969, 7.215,5594
10553,83845.328, 6.367,5594
10554,83851.750, 6.408,5594
10555,83858.086, 6.337,5594
10556,83864.266, 6.189,5594
10557,83871.406, 7.132,5594
10558,83878.430, 7.029,5594
10559,83884.469, 6.034,5594
10560,83891.227, 6.765,5594
10561,83896.984, 5.757,5594
10562,83902.773, 5.786,5594
10563,83908.609, 5.841,5594
10564,83914.648, 6.039,5594
10565,83921.156, 6.505,5594
10566,83928.125, 6.965,5594
10567,83934.422, 6.300,5594
10568,83941.602, 7.184,5594
10569,83948.117, 6.508,5594
10570,83954.805, 6.687,5594
10571,83961.523, 6.719,5594
10572,83967.656, 6.142,5594
10573,83973.523, 5.865,5594
10574,83980.375, 6.845,5594
10575,83986.531, 6.163,5594
10576,83992.531, 5.997,5594
10577,83999.234, 6.704,5594
10578,84005.281, 6.047,5594
10579,84012.055, 6.771,5594
10580,84019.180, 7.124,5594
10581,84027.047, 7.864,5594
10582,84033.930, 6.886,5594
10583,84040.531, 6.602,5594
10584,84046.961, 6.430,5594
10585,84055.648, 8.687,5594
10586,84063.242, 7.594,5594
10587,84070.008, 6.765,5594
10588,84077.016, 7.006,5594
10589,84083.469, 6.453,5594
10590,84089.875, 6.411,5594
10591,84095.875, 6.000,5594
10592,84102.023, 6.144,5594
10593,84107.789, 5.768,5594
10594,84113.844, 6.056,5594
10595,84120.031, 6.186,5594
10596,84126.359, 6.323,5594
10597,84134.180, 7.822,5594
10598,84141.305, 7.132,5594
10599,84148.367, 7.054,5594
10600,84154.641, 6.283,5594
10601,84161.461, 6.813,5594
10602,84168.531, 7.078,5594
10603,84174.609, 6.075,5594
10604,84180.734, 6.123,5594
10605,84187.672, 6.931,5594
10606,84193.656, 5.996,5594
10607,84200.133, 6.474,5594
10608,84206.438, 6.297,5594
10609,84212.789, 6.352,5594
10610,84220.234, 7.453,5594
10611,84226.992, 6.759,5594
10612,84234.430, 7.433,5594
10613,84241.875, 7.444,5594
10614,84248.398, 6.521,5594
10615,84256.250, 7.858,5594
10616,84263.523, 7.271,5594
10617,84269.938, 6.413,5594
10618,84276.523, 6.585,5594
10619,84283.016, 6.487,5594
10620,84290.047, 7.034,5594
10621,84297.156, 7.114,5594
10622,84304.570, 7.415,5594
10623,84311.602, 7.033,5594
10624,84319.219, 7.615,5594
10625,84327.063, 7.843,5594
10626,84333.844, 6.785,5594
10627,84341.414, 7.564,5594
10628,84347.891, 6.483,5594
10629,84354.898, 7.003,5594
10630,84361.086, 6.187,5594
10631,84368.016, 6.925,5594
10632,84374.109, 6.101,5594
10633,84381.359, 7.244,5594
10634,84388.508, 7.155,5594
10635,84394.852, 6.339,5594
10636,84401.695, 6.844,5594
10637,84407.695, 5.998,5594
10638,84414.781, 7.088,5594
10639,84421.039, 6.255,5594
10640,84428.117, 7.085,5594
10641,84435.891, 7.772,5594
10642,84445.070, 9.176,5594
10643,84452.578, 7.511,5594
10644,84460.563, 7.986,5594
10645,84466.852, 6.289,5594
10646,84473.758, 6.906,5594
10647,84480.352, 6.591,5594
10648,84486.461, 6.113,5594
10649,84492.836, 6.377,5594
10650,84500.516, 7.675,5594
10651,84507.398, 6.878,5594
10652,84514.883, 7.493,5594
10653,84521.180, 6.296,5594
10654,84527.539, 6.361,5594
10655,84533.773, 6.228,5594
10656,84540.102, 6.329,5594
10657,84546.367, 6.266,5594
10658,84553.469, 7.101,5594
10659,84559.992, 6.529,5594
10660,84566.047, 6.051,5594
10661,84572.297, 6.252,5594
10662,84578.375, 6.076,5594
10663,84585.367, 6.989,5594
10664,84592.172, 6.806,5594
10665,84598.250, 6.085,5594
10666,84605.188, 6.937,5594
10667,84611.586, 6.397,5594
10668,84617.531, 5.946,5594
10669,84623.508, 5.972,5594
10670,84629.328, 5.827,5594
10671,84635.727, 6.391,5594
10672,84641.617, 5.898,5594
10673,84648.547, 6.927,5594
10674,84655.484, 6.938,5594
10675,84662.063, 6.571,5594
10676,84668.789, 6.729,5594
10677,84675.516, 6.730,5594
10678,84681.578, 6.065,5594
10679,84687.609, 6.027,5594
10680,84693.750, 6.135,5594
10681,84700.695, 6.944,5594
10682,84707.672, 6.978,5594
10683,84713.867, 6.202,5594
10684,84720.781, 6.914,5594
10685,84727.555, 6.770,5594
10686,84734.227, 6.674,5594
10687,84740.578, 6.352,5594
10688,84747.508, 6.928,5594
10689,84753.836, 6.331,5594
10690,84761.078, 7.238,5594
10691,84770.219, 9.146,5594
10692,84776.688, 6.465,5594
10693,84782.969, 6.288,5594
10694,84790.492, 7.518,5594
10695,84796.906, 6.418,5594
10696,84804.070, 7.154,5594
10697,84810.633, 6.574,5594
10698,84817.578, 6.941,5594
10699,84825.867, 8.288,5594
10700,84833.719, 7.853,5594
10701,84840.586, 6.867,5594
10702,84847.867, 7.279,5594
10703,84854.445, 6.577,5594
10704,84861.063, 6.618,5594
10705,84868.508, 7.444,5594
10706,84876.516, 8.011,5594
10707,84883.758, 7.237,5594
10708,84891.195, 7.440,5594
10709,84898.859, 7.665,5594
10710,84905.781, 6.926,5594
10711,84912.758, 6.972,5594
10712,84919.617, 6.861,5594
10713,84925.891, 6.275,5594
10714,84931.922, 6.029,5594
10715,84937.734, 5.808,5594
10716,84943.719, 5.990,5594
10717,84950.305, 6.592,5594
10718,84956.313, 6.004,5594
10719,84962.336, 6.017,5594
10720,84968.484, 6.149,5594
10721,84975.188, 6.705,5594
10722,84982.461, 7.271,5594
10723,84988.453, 5.996,5594
10724,84995.094, 6.642,5594
10725,85001.813, 6.718,5594
10726,85007.930, 6.118,5594
10727,85014.469, 6.534,5594
10728,85020.688, 6.218,5594
10729,85027.742, 7.058,5594
10730,85033.867, 6.127,5594
10731,85041.039, 7.168,5594
10732,85047.734, 6.697,5594
10733,85053.578, 5.845,5594
10734,85059.453, 5.876,5594
10735,85065.680, 6.224,5594
10736,85071.547, 5.867,5594
10737,85077.453, 5.908,5594
10738,85084.180, 6.727,5594
10739,85090.469, 6.285,5594
10740,85096.742, 6.272,5594
10741,85103.844, 7.104,5594
10742,85110.031, 6.190,5594
10743,85117.039, 7.004,5594
10744,85123.203, 6.170,5594
10745,85129.203, 6.000,5594
10746,85135.953, 6.753,5594
10747,85142.789, 6.831,5594
10748,85149.508, 6.716,5594
10749,85156.641, 7.141,5594
10750,85163.086, 6.437,5594
10751,85170.852, 7.768,5594
10752,85177.742, 6.890,5594
10753,85184.422, 6.675,5594
10754,85191.688, 7.264,5594
10755,85198.359, 6.679,5594
10756,85206.703, 8.341,5594
10757,85215.953, 9.254,5594
10758,85222.211, 6.255,5594
10759,85228.617, 6.412,5594
10760,85235.766, 7.143,5594
10761,85241.766, 5.999,5594
10762,85248.609, 6.846,5594
10763,85255.445, 6.834,5594
10764,85263.289, 7.851,5594
10765,85269.305, 6.017,5594
10766,85275.367, 6.050,5594
10767,85281.703, 6.337,5594
10768,85287.906, 6.213,5594
10769,85295.383, 7.473,5594
10770,85302.484, 7.097,5594
10771,85309.273, 6.795,5594
10772,85317.484, 8.205,5594
10773,85323.945, 6.469,5594
10774,85330.859, 6.913,5594
10775,85337.781, 6.918,5594
10776,85343.922, 6.142,5594
10777,85351.148, 7.222,5594
10778,85357.750, 6.601,5594
10779,85364.047, 6.301,5594
10780,85371.094, 7.048,5594
10781,85378.180, 7.088,5594
10782,85385.453, 7.267,5594
10783,85393.266, 7.816,5594
10784,85401.180, 7.913,5594
10785,85409.398, 8.213,5594
10786,85416.453, 7.060,5594
10787,85423.836, 7.382,5594
10788,85430.477, 6.645,5594
10789,85438.180, 7.700,5594
10790,85445.891, 7.709,5594
10791,85453.820, 7.930,5594
10792,85461.078, 7.255,5594
10793,85467.602, 6.529,5594
10794,85475.039, 7.437,5594
10795,85481.234, 6.197,5594
10796,85487.586, 6.349,5594
10797,85494.906, 7.326,5594
10798,85501.938, 7.032,5594
10799,85509.109, 7.168,5594
10800,85517.203, 8.095,5594
10801,85524.141, 6.933,5594
10802,85530.164, 6.022,5594
10803,85535.906, 5.745,5594
10804,85542.164, 6.261,5594
10805,85548.258, 6.091,5594
10806,85555.477, 7.218,5594
10807,85562.047, 6.568,5594
10808,85568.289, 6.249,5594
10809,85574.367, 6.069,5594
10810,85580.930, 6.566,5594
10811,85588.023, 7.089,5594
10812,85596.125, 8.109,5594
10813,85602.914, 6.793,5594
10814,85609.609, 6.692,5594
10815,85616.234, 6.627,5594
10816,85623.672, 7.428,5594
10817,85629.758, 6.087,5594
10818,85636.703, 6.948,5594
10819,85642.945, 6.247,5594
10820,85649.063, 6.112,5594
10821,85655.313, 6.260,5594
10822,85661.750, 6.424,5594
10823,85668.758, 7.009,5594
10824,85674.984, 6.238,5594
10825,85681.172, 6.182,5594
10826,85687.578, 6.410,5594
10827,85693.711, 6.128,5594
10828,85700.773, 7.060,5594
10829,85707.172, 6.403,5594
10830,85713.938, 6.766,5594
10831,85721.375, 7.430,5594
10832,85728.438, 7.070,5594
10833,85734.742, 6.296,5594
10834,85740.961, 6.230,5594
10835,85747.070, 6.099,5594
10836,85753.305, 6.240,5594
10837,85759.297, 5.992,5594
10838,85766.109, 6.811,5594
10839,85772.242, 6.134,5594
10840,85778.570, 6.331,5594
10841,85784.609, 6.037,5594
10842,85791.523, 6.918,5594
10843,85798.547, 7.021,5594
10844,85804.656, 6.107,5594
10845,85810.742, 6.086,5594
10846,85816.930, 6.188,5594
10847,85823.805, 6.877,5594
10848,85830.102, 6.291,5594
10849,85836.258, 6.165,5594
10850,85843.656, 7.394,5594
10851,85850.094, 6.435,5594
10852,85858.117, 8.028,5594
10853,85864.641, 6.522,5594
10854,85871.008, 6.364,5594
10855,85877.930, 6.924,5594
10856,85884.359, 6.427,5594
10857,85890.695, 6.332,5594
10858,85898.063, 7.374,5594
10859,85904.633, 6.570,5594
10860,85910.828, 6.198,5594
10861,85917.289, 6.460,5594
10862,85924.969, 7.681,5594
10863,85932.258, 7.290,5594
10864,85939.094, 6.832,5594
10865,85946.688, 7.589,5594
10866,85954.133, 7.453,5594
10867,85961.055, 6.914,5594
10868,85969.250, 8.199,5594
10869,85977.305, 8.059,5594
10870,85985.617, 8.315,5594
10871,85991.914, 6.293,5594
10872,85998.469, 6.555,5594
10873,86005.156, 6.683,5594
10874,86011.211, 6.061,5594
10875,86017.789, 6.574,5594
10876,86023.922, 6.136,5594
10877,86031.570, 7.648,5594
10878,86037.875, 6.299,5594
10879,86044.891, 7.020,5594
10880,86051.805, 6.912,5594
10881,86058.164, 6.357,5594
10882,86064.281, 6.121,5594
10883,86070.398, 6.117,5594
10884,86077.078, 6.677,5594
10885,86083.563, 6.487,5594
10886,86090.820, 7.256,5594
10887,86097.898, 7.083,5594
10888,86104.453, 6.546,5594
10889,86111.930, 7.486,5594
10890,86119.734, 7.796,5594
10891,86126.547, 6.821,5594
10892,86134.055, 7.499,5594
10893,86140.602, 6.552,5594
10894,86148.125, 7.519,5594
10895,86155.656, 7.537,5594
10896,86162.289, 6.635,5594
10897,86169.773, 7.476,5594
10898,86176.578, 6.811,5594
10899,86183.367, 6.785,5594
10900,86190.641, 7.278,5594
10901,86197.250, 6.612,5594
10902,86203.742, 6.485,5594
10903,86210.305, 6.567,5594
10904,86217.703, 7.391,5594
10905,86224.711, 7.007,5594
10906,86231.398, 6.693,5594
10907,86238.656, 7.260,5594
10908,86245.211, 6.557,5594
10909,86251.242, 6.031,5594
10910,86257.867, 6.624,5594
10911,86265.094, 7.223,5594
10912,86272.008, 6.913,5594
10913,86279.211, 7.203,5594
10914,86285.375, 6.166,5594
10915,86291.711, 6.335,5594
10916,86298.594, 6.883,5594
10917,86304.820, 6.229,5594
10918,86311.172, 6.348,5594
10919,86318.336, 7.162,5594
10920,86324.508, 6.177,5594
10921,86331.563, 7.054,5594
10922,86338.305, 6.748,5594
10923,86344.945, 6.636,5594
10924,86352.078, 7.131,5594
10925,86359.766, 7.686,5594
10926,86366.945, 7.186,5594
10927,86373.469, 6.518,5594
10928,86380.164, 6.692,5594
10929,86386.508, 6.345,5594
10930,86393.906, 7.407,5594
10931,86400.422, 6.511,5594
10932,86407.570, 7.151,5594
10933,86414.883, 7.312,5594
10934,86421.984, 7.099,5594
10935,86428.570, 6.588,5594
10936,86435.375, 6.798,5594
10937,86441.672, 6.294,5594
10938,86448.133, 6.467,5594
10939,86454.570, 6.441,5594
10940,86461.203, 6.633,5594
10941,86469.180, 7.974,5594
10942,86475.859, 6.681,5594
10943,86483.430, 7.564,5594
10944,86490.438, 7.007,5594
10945,86496.492, 6.063,5594
10946,86502.750, 6.252,5594
10947,86509.492, 6.747,5594
10948,86515.422, 5.929,5594
10949,86522.211, 6.789,5594
10950,86529.180, 6.966,5594
10951,86535.453, 6.273,5594
10952,86542.578, 7.133,5594
10953,86549.195, 6.615,5594
10954,86556.789, 7.592,5594
10955,86563.672, 6.881,5594
10956,86569.758, 6.081,5594
10957,86576.805, 7.049,5594
10958,86583.477, 6.672,5594
10959,86590.234, 6.761,5594
10960,86596.000, 5.762,5594
10961,86602.578, 6.581,5594
10962,86608.531, 5.956,5594
10963,86614.445, 5.912,5594
10964,86621.203, 6.761,5594
10965,86626.906, 5.698,5594
10966,86633.398, 6.490,5594
10967,86640.266, 6.875,5594
10968,86647.266, 7.001,5594
10969,86653.672, 6.398,5594
10970,86661.289, 7.621,5594
10971,86668.844, 7.556,5594
10972,86676.188, 7.345,5594
10973,86682.477, 6.283,5594
10974,86688.922, 6.452,5594
10975,86695.648, 6.724,5594
10976,86702.656, 7.011,5594
10977,86710.195, 7.535,5594
10978,86717.914, 7.723,5594
10979,86725.422, 7.500,5594
10980,86732.773, 7.352,5594
10981,86741.766, 8.994,5594
10982,86750.094, 8.328,5594
10983,86756.891, 6.800,5594
10984,86763.766, 6.875,5594
10985,86771.797, 8.026,5594
10986,86778.586, 6.792,5594
10987,86786.148, 7.565,5594
10988,86793.000, 6.849,5594
10989,86800.563, 7.563,5594
10990,86807.508, 6.949,5594
10991,86814.555, 7.041,5594
10992,86822.047, 7.489,5594
10993,86828.266, 6.226,5594
10994,86835.258, 6.991,5594
10995,86842.438, 7.180,5594
10996,86848.656, 6.221,5594
10997,86855.563, 6.906,5594
10998,86862.883, 7.322,5594
10999,86869.656, 6.774,5594
11000,86876.047, 6.385,5594
11001,86883.000, 6.952,5594
11002,86889.750, 6.748,5594
11003,86896.563, 6.821,5594
11004,86902.898, 6.328,5594
11005,86908.852, 5.958,5594
11006,86915.016, 6.156,5594
11007,86921.547, 6.535,5594
11008,86927.703, 6.156,5594
11009,86934.492, 6.791,5594
11010,86941.055, 6.563,5594
11011,86946.820, 5.769,5594
11012,86952.766, 5.939,5594
11013,86959.523, 6.758,5594
11014,86965.703, 6.177,5594
11015,86971.445, 5.748,5594
11016,86978.117, 6.673,5594
11017,86985.625, 7.508,5594
11018,86991.852, 6.225,5594
11019,86998.289, 6.444,5594
11020,87005.094, 6.798,5594
11021,87012.141, 7.044,5594
11022,87019.258, 7.123,5594
11023,87026.531, 7.268,5594
11024,87032.570, 6.045,5594
11025,87038.383, 5.809,5594
11026,87044.688, 6.298,5594
11027,87051.586, 6.908,5594
11028,87058.609, 7.025,5594
11029,87065.656, 7.049,5594
11030,87071.875, 6.209,5594
11031,87077.805, 5.929,5594
11032,87085.086, 7.282,5594
11033,87091.203, 6.118,5594
11034,87098.422, 7.218,5594
11035,87104.492, 6.075,5594
11036,87110.680, 6.186,5594
11037,87117.813, 7.135,5594
11038,87125.617, 7.807,5594
11039,87132.344, 6.718,5594
11040,87138.578, 6.239,5594
11041,87145.344, 6.762,5594
11042,87151.461, 6.118,5594
11043,87158.602, 7.143,5594
11044,87166.633, 8.036,5594
11045,87172.914, 6.282,5594
11046,87179.180, 6.261,5594
11047,87185.633, 6.459,5594
11048,87192.445, 6.805,5594
11049,87199.570, 7.127,5594
11050,87205.711, 6.133,5594
11051,87213.281, 7.580,5594
11052,87219.727, 6.437,5594
11053,87226.820, 7.099,5594
11054,87233.891, 7.069,5594
11055,87241.336, 7.442,5594
11056,87248.273, 6.946,5594
11057,87254.680, 6.396,5594
11058,87260.922, 6.249,5594
11059,87267.523, 6.598,5594
11060,87273.758, 6.236,5594
11061,87280.031, 6.274,5594
11062,87287.117, 7.086,5594
11063,87294.578, 7.466,5594
11064,87301.492, 6.910,5594
11065,87308.250, 6.758,5594
11066,87315.867, 7.618,5594
11067,87322.492, 6.626,5594
11068,87329.016, 6.516,5594
11069,87336.336, 7.320,5594
11070,87343.289, 6.964,5594
11071,87349.805, 6.507,5594
11072,87356.195, 6.390,5594
11073,87362.914, 6.726,5594
11074,87369.164, 6.246,5594
11075,87375.688, 6.520,5594
11076,87382.047, 6.360,5594
11077,87388.445, 6.403,5594
11078,87396.266, 7.821,5594
11079,87403.422, 7.149,5594
11080,87410.695, 7.271,5594
11081,87417.719, 7.031,5594
11082,87425.781, 8.060,5594
11083,87433.039, 7.259,5594
11084,87440.180, 7.143,5594
11085,87446.547, 6.369,5594
11086,87452.961, 6.415,5594
11087,87458.906, 5.945,5594
11088,87465.078, 6.170,5594
11089,87471.438, 6.354,5594
11090,87477.398, 5.959,5594
11091,87483.547, 6.158,5594
11092,87489.758, 6.207,5594
11093,87496.414, 6.656,5594
11094,87504.734, 8.315,5594
11095,87512.078, 7.346,5594
11096,87518.602, 6.530,5594
11097,87525.125, 6.523,5594
11098,87532.758, 7.625,5594
11099,87539.031, 6.271,5594
11100,87545.617, 6.600,5594
11101,87551.813, 6.189,5594
11102,87558.242, 6.435,5594
11103,87564.539, 6.294,5594
11104,87570.898, 6.356,5594
11105,87578.063, 7.161,5594
11106,87584.227, 6.171,5594
11107,87590.406, 6.175,5594
11108,87596.758, 6.353,5594
11109,87604.133, 7.378,5594
11110,87611.805, 7.668,5594
11111,87618.109, 6.301,5594
11112,87624.609, 6.505,5594
11113,87630.914, 6.305,5594
11114,87638.023, 7.108,5594
11115,87644.336, 6.309,5594
11116,87650.469, 6.133,5594
11117,87656.602, 6.136,5594
11118,87662.617, 6.016,5594
11119,87668.820, 6.199,5594
11120,87674.953, 6.143,5594
11121,87681.039, 6.079,5594
11122,87686.945, 5.908,5594
11123,87693.359, 6.411,5594
11124,87699.719, 6.359,5594
11125,87705.742, 6.025,5594
11126,87711.969, 6.235,5594
11127,87719.242, 7.266,5594
11128,87725.430, 6.186,5594
11129,87731.914, 6.486,5594
11130,87738.305, 6.397,5594
11131,87745.563, 7.251,5594
11132,87752.117, 6.552,5594
11133,87758.695, 6.575,5594
11134,87765.914, 7.230,5594
11135,87773.375, 7.450,5594
11136,87781.375, 8.005,5594
11137,87788.672, 7.295,5594
11138,87795.633, 6.963,5594
11139,87802.281, 6.655,5594
11140,87808.641, 6.360,5594
11141,87815.172, 6.527,5594
11142,87822.297, 7.129,5594
11143,87828.820, 6.513,5594
11144,87835.625, 6.813,5594
11145,87843.031, 7.400,5594
11146,87849.828, 6.801,5594
11147,87856.688, 6.856,5594
11148,87863.438, 6.750,5594
11149,87870.031, 6.592,5594
11150,87877.117, 7.086,5594
11151,87884.188, 7.073,5594
11152,87892.719, 8.531,5594
11153,87899.930, 7.215,5594
11154,87906.594, 6.661,5594
11155,87913.492, 6.900,5594
11156,87920.875, 7.383,5594
11157,87929.281, 8.408,5594
11158,87936.266, 6.983,5594
11159,87943.844, 7.575,5594
11160,87950.359, 6.513,5594
11161,87957.227, 6.869,5594
11162,87964.773, 7.549,5594
11163,87971.703, 6.929,5594
11164,87978.758, 7.055,5594
11165,87986.367, 7.606,5594
11166,87993.672, 7.300,5594
11167,88000.281, 6.617,5594
11168,88007.000, 6.717,5594
11169,88014.891, 7.896,5594
11170,88022.070, 7.177,5594
11171,88029.984, 7.917,5594
11172,88036.852, 6.860,5594
11173,88043.063, 6.213,5594
11174,88049.563, 6.502,5594
11175,88056.031, 6.468,5594
11176,88063.313, 7.288,5594
11177,88070.305, 6.993,5594
11178,88076.375, 6.056,5594
11179,88083.430, 7.062,5594
11180,88091.742, 8.309,5594
11181,88097.773, 6.031,5594
11182,88103.766, 5.997,5594
11183,88110.039, 6.271,5594
11184,88116.250, 6.213,5594
11185,88122.492, 6.239,5594
11186,88128.531, 6.044,5594
11187,88134.961, 6.427,5594
11188,88141.680, 6.717,5594
11189,88148.094, 6.413,5594
11190,88154.250, 6.161,5594
11191,88161.477, 7.225,5594
11192,88168.742, 7.264,5594
11193,88174.875, 6.136,5594
11194,88181.063, 6.186,5594
11195,88187.219, 6.153,5594
11196,88193.359, 6.137,5594
11197,88199.586, 6.238,5594
11198,88205.813, 6.224,5594
11199,88212.086, 6.273,5594
11200,88218.211, 6.125,5594
11201,88224.766, 6.552,5594
11202,88231.063, 6.291,5594
11203,88237.086, 6.031,5594
11204,88244.008, 6.920,5594
11205,88250.484, 6.480,5594
11206,88256.820, 6.334,5594
11207,88263.023, 6.201,5594
11208,88270.359, 7.338,5594
11209,88278.531, 8.173,5594
11210,88284.945, 6.413,5594
11211,88292.367, 7.415,5594
11212,88299.234, 6.872,5594
11213,88305.492, 6.260,5594
11214,88311.734, 6.239,5594
11215,88319.438, 7.705,5594
11216,88325.461, 6.022,5594
11217,88331.680, 6.217,5594
11218,88337.797, 6.116,5594
11219,88343.750, 5.960,5594
11220,88350.133, 6.383,5594
11221,88356.461, 6.323,5594
11222,88362.578, 6.118,5594
11223,88369.484, 6.908,5594
11224,88376.508, 7.022,5594
11225,88382.641, 6.135,5594
11226,88388.953, 6.317,5594
11227,88395.125, 6.169,5594
11228,88402.422, 7.296,5594
11229,88409.141, 6.713,5594
11230,88416.438, 7.297,5594
11231,88422.727, 6.295,5594
11232,88429.750, 7.018,5594
11233,88436.742, 6.991,5594
11234,88444.273, 7.541,5594
11235,88451.602, 7.330,5594
11236,88458.492, 6.886,5594
11237,88465.031, 6.532,5594
11238,88471.922, 6.901,5594
11239,88478.203, 6.279,5594
11240,88484.664, 6.456,5594
11241,88492.789, 8.129,5594
11242,88500.766, 7.970,5594
11243,88507.570, 6.812,5594
11244,88514.180, 6.605,5594
11245,88521.039, 6.855,5594
11246,88527.414, 6.376,5594
11247,88534.109, 6.698,5594
11248,88540.945, 6.842,5594
11249,88547.742, 6.794,5594
11250,88555.516, 7.773,5594
11251,88562.984, 7.472,5594
11252,88569.625, 6.640,5594
11253,88576.086, 6.456,5594
11254,88582.594, 6.516,5594
11255,88589.289, 6.690,5594
11256,88596.344, 7.051,5594
11257,88603.500, 7.160,5594
11258,88610.188, 6.689,5594
11259,88618.016, 7.819,5594
11260,88624.805, 6.792,5594
11261,88631.227, 6.428,5594
11262,88637.531, 6.303,5594
11263,88644.000, 6.463,5594
11264,88650.281, 6.291,5594
11265,88657.461, 7.174,5594
11266,88665.094, 7.632,5594
11267,88672.313, 7.223,5594
11268,88679.109, 6.794,5594
11269,88686.570, 7.464,5594
11270,88693.188, 6.615,5594
11271,88699.750, 6.560,5594
11272,88707.031, 7.277,5594
11273,88713.414, 6.391,5594
11274,88719.625, 6.211,5594
11275,88726.773, 7.148,5594
11276,88734.008, 7.231,5594
11277,88741.609, 7.603,5594
11278,88748.242, 6.632,5594
11279,88754.758, 6.516,5594
11280,88761.109, 6.355,5594
11281,88767.484, 6.375,5594
11282,88775.133, 7.643,5594
11283,88781.609, 6.484,5594
11284,88787.984, 6.373,5594
11285,88795.383, 7.391,5594
11286,88801.727, 6.347,5594
11287,88808.102, 6.377,5594
11288,88814.406, 6.299,5594
11289,88821.477, 7.078,5594
11290,88827.625, 6.150,5594
11291,88833.961, 6.336,5594
11292,88840.352, 6.380,5594
11293,88847.617, 7.279,5594
11294,88853.977, 6.355,5594
11295,88860.445, 6.466,5594
11296,88866.609, 6.166,5594
11297,88872.820, 6.208,5594
11298,88879.602, 6.781,5594
11299,88886.109, 6.505,5594
11300,88892.469, 6.365,5594
11301,88899.648, 7.182,5594
11302,88905.961, 6.314,5594
11303,88912.031, 6.061,5594
11304,88918.500, 6.470,5594
11305,88924.578, 6.085,5594
11306,88931.008, 6.420,5594
11307,88937.094, 6.089,5594
11308,88943.102, 6.009,5594
11309,88949.281, 6.188,5594
11310,88955.477, 6.191,5594
11311,88961.555, 6.081,5594
11312,88967.703, 6.143,5594
11313,88973.875, 6.175,5594
11314,88980.445, 6.568,5594
11315,88987.094, 6.644,5594
11316,88993.609, 6.524,5594
11317,88999.766, 6.149,5594
11318,89006.391, 6.626,5594
11319,89013.664, 7.268,5594
11320,89019.930, 6.274,5594
11321,89026.961, 7.032,5594
11322,89034.258, 7.297,5594
11323,89041.156, 6.900,5594
11324,89049.961, 8.804,5594
11325,89056.906, 6.942,5594
11326,89063.594, 6.690,5594
11327,89069.906, 6.308,5594
11328,89075.945, 6.045,5594
11329,89083.430, 7.478,5594
11330,89090.188, 6.764,5594
11331,89096.484, 6.295,5594
11332,89103.008, 6.518,5594
11333,89110.242, 7.244,5594
11334,89117.766, 7.520,5594
11335,89124.203, 6.435,5594
11336,89130.578, 6.376,5594
11337,89136.570, 5.990,5594
11338,89143.969, 7.405,5594
11339,89151.211, 7.235,5594
11340,89157.664, 6.454,5594
11341,89164.891, 7.229,5594
11342,89171.281, 6.392,5594
11343,89177.602, 6.318,5594
11344,89184.852, 7.246,5594
11345,89191.359, 6.509,5594
11346,89198.172, 6.812,5594
11347,89204.727, 6.557,5594
11348,89211.570, 6.845,5594
11349,89218.148, 6.579,5594
11350,89224.672, 6.516,5594
11351,89231.477, 6.814,5594
11352,89239.961, 8.481,5594
11353,89246.758, 6.792,5594
11354,89254.453, 7.695,5594
11355,89263.000, 8.545,5594
11356,89270.891, 7.898,5594
11357,89279.867, 8.977,5594
11358,89286.703, 6.834,5594
11359,89293.531, 6.831,5594
11360,89300.727, 7.192,5594
11361,89307.281, 6.559,5594
11362,89314.023, 6.735,5594
11363,89320.867, 6.848,5594
11364,89327.594, 6.729,5594
11365,89334.273, 6.677,5594
11366,89341.008, 6.733,5594
11367,89347.961, 6.956,5594
11368,89355.289, 7.327,5594
11369,89361.555, 6.271,5594
11370,89369.063, 7.498,5594
11371,89376.023, 6.958,5594
11372,89382.336, 6.313,5594
11373,89388.555, 6.227,5594
11374,89394.945, 6.389,5594
11375,89401.164, 6.222,5594
11376,89407.781, 6.613,5594
11377,89414.102, 6.316,5594
11378,89421.016, 6.915,5594
11379,89427.563, 6.552,5594
11380,89435.563, 7.999,5594
11381,89443.844, 8.282,5594
11382,89450.258, 6.419,5594
11383,89456.625, 6.366,5594
11384,89462.719, 6.085,5594
11385,89469.156, 6.443,5594
11386,89476.398, 7.239,5594
11387,89483.539, 7.147,5594
11388,89489.492, 5.952,5594
11389,89496.719, 7.222,5594
11390,89502.766, 6.050,5594
11391,89509.313, 6.550,5594
11392,89516.000, 6.681,5594
11393,89523.383, 7.380,5594
11394,89529.609, 6.231,5594
11395,89536.078, 6.470,5594
11396,89542.289, 6.215,5594
11397,89549.430, 7.136,5594
11398,89556.164, 6.737,5594
11399,89562.727, 6.558,5594
11400,89568.906, 6.185,5594
11401,89576.203, 7.297,5594
11402,89582.266, 6.061,5594
11403,89588.492, 6.227,5594
11404,89594.648, 6.158,5594
11405,89600.703, 6.049,5594
11406,89606.844, 6.140,5594
11407,89613.078, 6.238,5594
11408,89619.938, 6.861,5594
11409,89626.250, 6.312,5594
11410,89632.438, 6.180,5594
11411,89638.406, 5.973,5594
11412,89645.672, 7.261,5594
11413,89652.039, 6.365,5594
11414,89658.563, 6.531,5594
11415,89664.945, 6.383,5594
11416,89671.070, 6.121,5594
11417,89677.297, 6.236,5594
11418,89683.625, 6.322,5594
11419,89689.680, 6.052,5594
11420,89696.539, 6.864,5594
11421,89702.844, 6.301,5594
11422,89709.359, 6.513,5594
11423,89715.453, 6.097,5594
11424,89722.508, 7.054,5594
11425,89728.625, 6.118,5594
11426,89735.617, 6.993,5594
11427,89742.625, 7.011,5594
11428,89749.141, 6.509,5594
11429,89755.492, 6.357,5594
11430,89762.078, 6.582,5594
11431,89768.891, 6.814,5594
11432,89776.156, 7.268,5594
11433,89782.719, 6.556,5594
11434,89789.242, 6.530,5594
11435,89795.586, 6.340,5594
11436,89801.813, 6.226,5594
11437,89808.781, 6.973,5594
11438,89818.742, 9.953,5594
11439,89826.914, 8.177,5594
11440,89834.180, 7.264,5594
11441,89841.766, 7.584,5594
11442,89848.227, 6.468,5594
11443,89855.789, 7.556,5594
11444,89862.336, 6.549,5594
11445,89869.141, 6.802,5594
11446,89877.492, 8.354,5594
11447,89884.039, 6.542,5594
11448,89891.844, 7.816,5594
11449,89898.984, 7.143,5594
11450,89905.633, 6.642,5594
11451,89912.758, 7.120,5594
11452,89921.133, 8.380,5594
11453,89929.969, 8.842,5594
11454,89937.906, 7.936,5594
11455,89945.219, 7.309,5594
11456,89951.531, 6.314,5594
11457,89958.109, 6.575,5594
11458,89964.883, 6.775,5594
11459,89971.438, 6.553,5594
11460,89977.563, 6.124,5594
11461,89983.766, 6.204,5594
11462,89990.156, 6.392,5594
11463,89996.695, 6.535,5594
11464,90002.898, 6.206,5594
11465,90008.969, 6.076,5594
11466,90015.133, 6.157,5594
11467,90022.102, 6.968,5594
11468,90028.195, 6.101,5594
11469,90034.617, 6.419,5594
11470,90041.219, 6.599,5594
11471,90047.641, 6.428,5594
11472,90053.945, 6.303,5594
11473,90060.258, 6.312,5594
11474,90066.594, 6.331,5594
11475,90073.586, 6.992,5594
11476,90079.875, 6.294,5594
11477,90086.281, 6.409,5594
11478,90092.234, 5.948,5594
11479,90098.742, 6.509,5594
11480,90105.914, 7.175,5594
11481,90113.094, 7.173,5594
11482,90119.383, 6.287,5594
11483,90125.578, 6.200,5594
11484,90131.391, 5.811,5594
11485,90137.703, 6.314,5594
11486,90144.219, 6.516,5594
11487,90151.047, 6.826,5594
11488,90157.273, 6.232,5594
11489,90163.609, 6.336,5594
11490,90170.703, 7.085,5594
11491,90176.594, 5.900,5594
11492,90182.578, 5.982,5594
11493,90189.594, 7.017,5594
11494,90196.273, 6.677,5594
11495,90203.438, 7.163,5594
11496,90210.422, 6.978,5594
11497,90217.016, 6.598,5594
11498,90223.648, 6.635,5594
11499,90229.844, 6.199,5594
11500,90236.047, 6.199,5594
11501,90242.203, 6.156,5594
11502,90249.195, 6.993,5594
11503,90255.477, 6.280,5594
11504,90261.898, 6.423,5594
11505,90268.117, 6.216,5594
11506,90274.430, 6.313,5594
11507,90280.453, 6.023,5594
11508,90286.992, 6.534,5594
11509,90294.125, 7.138,5594
11510,90303.172, 9.050,5594
11511,90311.266, 8.099,5594
11512,90318.938, 7.667,5594
11513,90325.813, 6.876,5594
11514,90332.570, 6.759,5594
11515,90339.602, 7.028,5594
11516,90346.141, 6.538,5594
11517,90352.906, 6.767,5594
11518,90360.289, 7.388,5594
11519,90366.938, 6.646,5594
11520,90373.344, 6.402,5594
11521,90379.516, 6.173,5594
11522,90386.141, 6.622,5594
11523,90392.422, 6.282,5594
11524,90399.047, 6.626,5594
11525,90405.977, 6.933,5594
11526,90412.914, 6.937,5594
11527,90419.836, 6.917,5594
11528,90426.945, 7.113,5594
11529,90433.688, 6.734,5594
11530,90440.398, 6.718,5594
11531,90448.023, 7.624,5594
11532,90454.680, 6.657,5594
11533,90461.875, 7.197,5594
11534,90468.664, 6.785,5594
11535,90475.672, 7.004,5594
11536,90482.383, 6.717,5594
11537,90489.188, 6.804,5594
11538,90496.102, 6.916,5594
11539,90503.063, 6.958,5594
11540,90510.633, 7.579,5594
11541,90518.570, 7.936,5594
11542,90525.523, 6.951,5594
11543,90532.313, 6.790,5594
11544,90539.070, 6.754,5594
11545,90546.695, 7.620,5594
11546,90553.617, 6.931,5594
11547,90560.719, 7.097,5594
11548,90567.234, 6.519,5594
11549,90573.781, 6.541,5594
11550,90580.602, 6.826,5594
11551,90588.609, 8.012,5594
11552,90596.313, 7.698,5594
11553,90602.789, 6.471,5594
11554,90609.188, 6.402,5594
11555,90615.383, 6.194,5594
11556,90621.930, 6.552,5594
11557,90628.258, 6.328,5594
11558,90634.594, 6.339,5594
11559,90640.688, 6.085,5594
11560,90647.141, 6.459,5594
11561,90653.461, 6.317,5594
11562,90659.906, 6.450,5594
11563,90666.336, 6.421,5594
11564,90673.195, 6.861,5594
11565,90679.586, 6.397,5594
11566,90686.664, 7.070,5594
11567,90693.008, 6.341,5594
11568,90699.586, 6.583,5594
11569,90706.172, 6.591,5594
11570,90713.109, 6.933,5594
11571,90719.492, 6.380,5594
11572,90726.164, 6.678,5594
11573,90733.016, 6.848,5594
11574,90739.227, 6.215,5594
11575,90745.891, 6.659,5594
11576,90752.422, 6.530,5594
11577,90758.602, 6.187,5594
11578,90764.875, 6.273,5594
11579,90771.234, 6.362,5594
11580,90778.000, 6.757,5594
11581,90784.328, 6.329,5594
11582,90790.430, 6.105,5594
11583,90797.742, 7.312,5594
11584,90804.109, 6.362,5594
11585,90811.109, 7.000,5594
11586,90817.430, 6.324,5594
11587,90823.602, 6.177,5594
11588,90829.953, 6.347,5594
11589,90836.328, 6.367,5594
11590,90842.516, 6.192,5594
11591,90848.578, 6.066,5594
11592,90855.680, 7.101,5594
11593,90861.719, 6.039,5594
11594,90868.883, 7.169,5594
11595,90875.266, 6.383,5594
11596,90882.070, 6.800,5594
11597,90888.375, 6.300,5594
11598,90894.867, 6.501,5594
11599,90901.203, 6.335,5594
11600,90907.430, 6.224,5594
11601,90913.594, 6.167,5594
11602,90919.922, 6.324,5594
11603,90926.148, 6.227,5594
11604,90932.875, 6.729,5594
11605,90940.102, 7.224,5594
11606,90946.453, 6.350,5594
11607,90952.867, 6.413,5594
11608,90959.813, 6.946,5594
11609,90967.516, 7.705,5594
11610,90975.867, 8.354,5594
11611,90983.961, 8.095,5594
11612,90991.758, 7.789,5594
11613,90998.711, 6.955,5594
11614,91005.594, 6.891,5594
11615,91012.773, 7.177,5594
11616,91019.367, 6.584,5594
11617,91026.047, 6.684,5594
11618,91032.445, 6.398,5594
11619,91039.570, 7.131,5594
11620,91045.844, 6.273,5594
11621,91052.164, 6.315,5594
11622,91059.508, 7.345,5594
11623,91066.961, 7.456,5594
11624,91073.477, 6.515,5594
11625,91081.047, 7.565,5594
11626,91087.727, 6.679,5594
11627,91095.492, 7.772,5594
11628,91102.258, 6.770,5594
11629,91108.945, 6.682,5594
11630,91116.688, 7.738,5594
11631,91124.625, 7.947,5594
11632,91131.453, 6.820,5594
11633,91138.203, 6.756,5594
11634,91145.086, 6.875,5594
11635,91151.914, 6.832,5594
11636,91158.906, 6.997,5594
11637,91166.789, 7.880,5594
11638,91173.695, 6.902,5594
11639,91180.484, 6.795,5594
11640,91187.305, 6.822,5594
11641,91194.375, 7.062,5594
11642,91201.570, 7.199,5594
11643,91208.391, 6.817,5594
11644,91215.117, 6.732,5594
11645,91221.867, 6.752,5594
11646,91228.797, 6.924,5594
11647,91235.938, 7.143,5594
11648,91242.969, 7.034,5594
11649,91251.328, 8.353,5594
11650,91258.813, 7.490,5594
11651,91265.430, 6.616,5594
11652,91271.789, 6.355,5594
11653,91277.945, 6.161,5594
11654,91284.492, 6.543,5594
11655,91291.047, 6.554,5594
11656,91297.508, 6.462,5594
11657,91305.344, 7.832,5594
11658,91311.672, 6.326,5594
11659,91317.969, 6.312,5594
11660,91324.453, 6.477,5594
11661,91330.859, 6.404,5594
11662,91337.156, 6.295,5594
11663,91343.383, 6.224,5594
11664,91349.922, 6.552,5594
11665,91357.414, 7.482,5594
11666,91365.070, 7.660,5594
11667,91371.891, 6.821,5594
11668,91378.438, 6.548,5594
11669,91385.016, 6.569,5594
11670,91391.484, 6.477,5594
11671,91398.109, 6.622,5594
11672,91405.844, 7.737,5594
11673,91413.766, 7.920,5594
11674,91420.648, 6.890,5594
11675,91427.367, 6.708,5594
11676,91434.242, 6.878,5594
11677,91440.609, 6.375,5594
11678,91447.117, 6.498,5594
11679,91453.555, 6.445,5594
11680,91460.773, 7.215,5594
11681,91467.500, 6.728,5594
11682,91474.977, 7.483,5594
11683,91481.445, 6.460,5594
11684,91488.055, 6.606,5594
11685,91495.172, 7.120,5594
11686,91501.539, 6.369,5594
11687,91507.703, 6.158,5594
11688,91514.891, 7.198,5594
11689,91521.641, 6.749,5594
11690,91528.039, 6.388,5594
11691,91534.484, 6.453,5594
11692,91540.742, 6.254,5594
11693,91548.063, 7.321,5594
11694,91554.641, 6.582,5594
11695,91561.188, 6.545,5594
11696,91567.523, 6.336,5594
11697,91574.078, 6.551,5594
11698,91580.227, 6.152,5594
11699,91587.414, 7.186,5594
11700,91594.500, 7.091,5594
11701,91600.656, 6.149,5594
11702,91607.070, 6.416,5594
11703,91614.391, 7.320,5594
11704,91621.703, 7.312,5594
11705,91628.258, 6.561,5594
11706,91634.625, 6.366,5594
11707,91640.867, 6.244,5594
11708,91647.359, 6.484,5594
11709,91653.969, 6.613,5594
11710,91660.281, 6.316,5594
11711,91666.883, 6.602,5594
11712,91673.352, 6.459,5594
11713,91680.328, 6.979,5594
11714,91686.977, 6.652,5594
11715,91694.328, 7.347,5594
11716,91700.758, 6.429,5594
11717,91707.188, 6.432,5594
11718,91713.445, 6.257,5594
11719,91721.469, 8.030,5594
11720,91729.047, 7.572,5594
11721,91737.641, 8.600,5594
11722,91746.367, 8.723,5594
11723,91754.789, 8.421,5594
11724,91761.977, 7.194,5594
11725,91769.461, 7.476,5594
11726,91776.570, 7.118,5594
11727,91784.313, 7.738,5594
11728,91792.313, 8.000,5594
11729,91799.594, 7.283,5594
11730,91806.359, 6.763,5594
11731,91813.094, 6.731,5594
11732,91819.891, 6.798,5594
11733,91827.055, 7.166,5594
11734,91835.102, 8.047,5594
11735,91842.445, 7.341,5594
11736,91849.859, 7.414,5594
11737,91856.469, 6.611,5594
11738,91863.891, 7.429,5594
11739,91870.516, 6.618,5594
11740,91876.539, 6.025,5594
11741,91882.758, 6.217,5594
11742,91889.023, 6.265,5594
11743,91895.992, 6.963,5594
11744,91902.195, 6.209,5594
11745,91908.367, 6.171,5594
11746,91914.680, 6.316,5594
11747,91921.055, 6.375,5594
11748,91927.445, 6.385,5594
11749,91934.305, 6.868,5594
11750,91941.102, 6.794,5594
11751,91947.500, 6.401,5594
11752,91953.969, 6.472,5594
11753,91960.172, 6.197,5594
11754,91966.430, 6.257,5594
11755,91972.805, 6.373,5594
11756,91979.250, 6.448,5594
11757,91985.766, 6.510,5594
11758,91992.023, 6.261,5594
11759,91999.078, 7.053,5594
11760,92005.828, 6.753,5594
11761,92012.617, 6.796,5594
11762,92019.211, 6.589,5594
11763,92026.422, 7.208,5594
11764,92033.234, 6.813,5594
11765,92039.922, 6.691,5594
11766,92046.672, 6.747,5594
11767,92053.734, 7.057,5594
11768,92061.625, 7.901,5594
11769,92068.141, 6.508,5594
11770,92075.156, 7.021,5594
11771,92082.844, 7.686,5594
11772,92089.766, 6.920,5594
11773,92096.750, 6.983,5594
11774,92103.703, 6.950,5594
11775,92111.563, 7.868,5594
11776,92118.992, 7.420,5594
11777,92127.023, 8.034,5594
11778,92134.633, 7.619,5594
11779,92142.375, 7.736,5594
11780,92149.953, 7.585,5594
11781,92156.453, 6.497,5594
11782,92163.078, 6.618,5594
11783,92170.359, 7.285,5594
11784,92176.781, 6.418,5594
11785,92183.125, 6.349,5594
11786,92190.016, 6.884,5594
11787,92196.000, 5.984,5594
11788,92202.969, 6.976,5594
11789,92209.883, 6.913,5594
11790,92216.039, 6.150,5594
11791,92223.273, 7.242,5594
11792,92229.813, 6.537,5594
11793,92236.234, 6.423,5594
11794,92242.672, 6.434,5594
11795,92249.508, 6.837,5594
11796,92256.719, 7.209,5594
11797,92263.125, 6.413,5594
11798,92270.102, 6.974,5594
11799,92276.688, 6.580,5594
11800,92283.148, 6.466,5594
11801,92289.656, 6.507,5594
11802,92295.750, 6.090,5594
11803,92302.563, 6.822,5594
11804,92309.273, 6.712,5594
11805,92315.961, 6.684,5594
11806,92322.578, 6.620,5594
11807,92329.375, 6.788,5594
11808,92336.375, 7.000,5594
11809,92343.141, 6.766,5594
11810,92349.734, 6.595,5594
11811,92356.508, 6.773,5594
11812,92363.703, 7.199,5594
11813,92370.570, 6.866,5594
11814,92377.750, 7.182,5594
11815,92385.453, 7.699,5594
11816,92392.469, 7.017,5594
11817,92399.500, 7.034,5594
11818,92407.070, 7.569,5594
11819,92414.930, 7.857,5594
11820,92421.898, 6.974,5594
11821,92429.250, 7.353,5594
11822,92436.695, 7.438,5594
11823,92443.664, 6.965,5594
11824,92450.492, 6.837,5594
11825,92457.016, 6.516,5594
11826,92463.555, 6.547,5594
11827,92470.211, 6.652,5594
11828,92476.531, 6.321,5594
11829,92482.680, 6.143,5594
11830,92488.680, 6.003,5594
11831,92494.852, 6.176,5594
11832,92501.156, 6.306,5594
11833,92508.500, 7.344,5594
11834,92516.117, 7.614,5594
11835,92523.227, 7.113,5594
11836,92531.492, 8.258,5594
11837,92539.063, 7.571,5594
11838,92546.016, 6.951,5594
11839,92552.594, 6.586,5594
11840,92560.117, 7.523,5594
11841,92567.094, 6.969,5594
11842,92574.422, 7.331,5594
11843,92581.047, 6.624,5594
11844,92587.820, 6.777,5594
11845,92594.844, 7.022,5594
11846,92601.469, 6.628,5594
11847,92609.328, 7.855,5594
11848,92616.859, 7.532,5594
11849,92623.758, 6.902,5594
11850,92631.602, 7.843,5594
11851,92638.844, 7.240,5594
11852,92645.469, 6.623,5594
11853,92652.680, 7.208,5594
11854,92659.234, 6.565,5594
11855,92665.820, 6.582,5594
11856,92672.906, 7.090,5594
11857,92680.133, 7.220,5594
11858,92686.875, 6.747,5594
11859,92693.211, 6.337,5594
11860,92699.828, 6.611,5594
11861,92706.203, 6.380,5594
11862,92712.867, 6.665,5594
11863,92719.461, 6.588,5594
11864,92725.867, 6.410,5594
11865,92732.367, 6.499,5594
11866,92738.766, 6.394,5594
11867,92746.039, 7.279,5594
11868,92753.219, 7.177,5594
11869,92759.773, 6.558,5594
11870,92766.109, 6.336,5594
11871,92773.031, 6.919,5594
11872,92779.891, 6.863,5594
11873,92786.867, 6.977,5594
11874,92793.734, 6.862,5594
11875,92800.570, 6.839,5594
11876,92808.055, 7.484,5594
11877,92814.844, 6.792,5594
11878,92822.805, 7.957,5594
11879,92829.789, 6.987,5594
11880,92836.727, 6.931,5594
11881,92844.336, 7.608,5594
11882,92851.117, 6.785,5594
11883,92857.977, 6.866,5594
11884,92864.859, 6.879,5594
11885,92871.273, 6.418,5594
11886,92878.227, 6.949,5594
11887,92885.398, 7.169,5594
11888,92894.289, 8.892,5594
11889,92902.359, 8.064,5594
11890,92910.133, 7.784,5594
11891,92916.867, 6.736,5594
11892,92923.727, 6.849,5594
11893,92930.164, 6.446,5594
11894,92937.656, 7.481,5594
11895,92944.375, 6.726,5594
11896,92950.758, 6.378,5594
11897,92957.008, 6.251,5594
11898,92963.461, 6.459,5594
11899,92970.844, 7.381,5594
11900,92977.352, 6.508,5594
11901,92983.773, 6.424,5594
11902,92990.594, 6.821,5594
11903,92998.398, 7.797,5594
11904,93005.992, 7.599,5594
11905,93012.891, 6.903,5594
11906,93019.609, 6.716,5594
11907,93027.063, 7.447,5594
11908,93035.063, 8.003,5594
11909,93042.258, 7.202,5594
11910,93049.281, 7.023,5594
11911,93056.750, 7.462,5594
11912,93064.047, 7.299,5594
11913,93070.992, 6.940,5594
11914,93078.266, 7.284,5594
11915,93086.188, 7.916,5594
11916,93093.227, 7.042,5594
11917,93100.664, 7.428,5594
11918,93107.688, 7.024,5594
11919,93114.742, 7.056,5594
11920,93121.602, 6.870,5594
11921,93128.500, 6.893,5594
11922,93135.617, 7.118,5594
11923,93142.672, 7.050,5594
11924,93149.555, 6.889,5594
11925,93156.391, 6.833,5594
11926,93163.617, 7.229,5594
11927,93170.398, 6.779,5594
11928,93176.477, 6.079,5594
11929,93182.742, 6.266,5594
11930,93188.945, 6.208,5594
11931,93195.133, 6.182,5594
11932,93201.750, 6.618,5594
11933,93208.555, 6.803,5594
11934,93216.000, 7.444,5594
11935,93222.586, 6.587,5594
11936,93228.789, 6.201,5594
11937,93235.094, 6.304,5594
11938,93241.758, 6.667,5594
11939,93247.891, 6.138,5594
11940,93254.602, 6.708,5594
11941,93261.352, 6.748,5594
11942,93268.758, 7.403,5594
11943,93275.977, 7.225,5594
11944,93284.453, 8.474,5594
11945,93291.250, 6.796,5594
11946,93298.453, 7.206,5594
11947,93305.344, 6.884,5594
11948,93312.227, 6.892,5594
11949,93319.188, 6.957,5594
11950,93325.484, 6.294,5594
11951,93331.867, 6.388,5594
11952,93338.922, 7.052,5594
11953,93345.250, 6.331,5594
11954,93351.461, 6.209,5594
11955,93358.742, 7.276,5594
11956,93365.617, 6.883,5594
11957,93373.023, 7.400,5594
11958,93380.016, 6.991,5594
11959,93387.211, 7.197,5594
11960,93394.125, 6.918,5594
11961,93400.703, 6.575,5594
11962,93407.742, 7.035,5594
11963,93414.609, 6.876,5594
11964,93421.328, 6.713,5594
11965,93427.594, 6.272,5594
11966,93434.133, 6.537,5594
11967,93440.445, 6.307,5594
11968,93446.438, 5.994,5594
11969,93452.820, 6.383,5594
11970,93460.766, 7.943,5594
11971,93468.484, 7.724,5594
11972,93475.805, 7.320,5594
11973,93482.117, 6.314,5594
11974,93489.188, 7.066,5594
11975,93495.289, 6.105,5594
11976,93501.383, 6.091,5594
11977,93508.016, 6.632,5594
11978,93515.188, 7.173,5594
11979,93522.195, 7.013,5594
11980,93528.344, 6.138,5594
11981,93534.734, 6.393,5594
11982,93541.172, 6.445,5594
11983,93547.344, 6.166,5594
11984,93553.555, 6.213,5594
11985,93559.859, 6.302,5594
11986,93566.188, 6.332,5594
11987,93572.820, 6.635,5594
11988,93580.492, 7.665,5594
11989,93587.000, 6.504,5594
11990,93594.188, 7.196,5594
11991,93600.898, 6.710,5594
11992,93607.773, 6.871,5594
11993,93614.805, 7.030,5594
11994,93621.477, 6.675,5594
11995,93628.828, 7.351,5594
11996,93635.938, 7.110,5594
11997,93644.320, 8.382,5594
11998,93651.523, 7.209,5594
11999,93659.188, 7.657,5594
12000,93667.859, 8.680,5594
12001,93676.820, 8.952,5594
12002,93684.063, 7.244,5594
12003,93691.367, 7.305,5594
12004,93699.422, 8.053,5594
12005,93706.406, 6.983,5594
12006,93713.227, 6.827,5594
12007,93721.180, 7.953,5594
12008,93728.469, 7.283,5594
12009,93736.953, 8.494,5594
12010,93745.008, 8.046,5594
12011,93752.391, 7.388,5594
12012,93760.633, 8.241,5594
12013,93768.266, 7.637,5594
12014,93774.945, 6.677,5594
12015,93781.883, 6.935,5594
12016,93789.250, 7.366,5594
12017,93795.734, 6.486,5594
12018,93802.148, 6.416,5594
12019,93808.719, 6.563,5594
12020,93815.297, 6.589,5594
12021,93821.813, 6.508,5594
12022,93829.375, 7.565,5594
12023,93836.375, 6.997,5594
12024,93843.289, 6.923,5594
12025,93850.078, 6.778,5594
12026,93857.563, 7.489,5594
12027,93864.195, 6.637,5594
12028,93871.570, 7.369,5594
12029,93877.938, 6.373,5594
12030,93884.258, 6.323,5594
12031,93890.531, 6.265,5594
12032,93897.156, 6.625,5594
12033,93904.406, 7.247,5594
12034,93910.836, 6.438,5594
12035,93917.172, 6.331,5594
12036,93923.922, 6.754,5594
12037,93930.461, 6.536,5594
12038,93937.102, 6.640,5594
12039,93944.406, 7.304,5594
12040,93951.414, 7.005,5594
12041,93958.602, 7.192,5594
12042,93965.883, 7.285,5594
12043,93972.430, 6.540,5594
12044,93978.688, 6.260,5594
12045,93985.023, 6.337,5594
12046,93991.609, 6.589,5594
12047,93999.188, 7.577,5594
12048,94005.633, 6.449,5594
12049,94012.125, 6.488,5594
12050,94018.703, 6.573,5594
12051,94026.148, 7.446,5594
12052,94032.563, 6.416,5594
12053,94038.906, 6.345,5594
12054,94046.883, 7.979,5594
12055,94055.883, 8.998,5594
12056,94062.766, 6.880,5594
12057,94069.172, 6.406,5594
12058,94075.734, 6.559,5594
12059,94082.234, 6.508,5594
12060,94089.414, 7.174,5594
12061,94095.852, 6.444,5594
12062,94102.102, 6.243,5594
12063,94108.430, 6.329,5594
12064,94115.242, 6.816,5594
12065,94122.469, 7.222,5594
12066,94130.828, 8.365,5594
12067,94137.867, 7.038,5594
12068,94145.789, 7.919,5594
12069,94153.156, 7.371,5594
12070,94160.164, 7.010,5594
12071,94167.156, 6.992,5594
12072,94175.250, 8.090,5594
12073,94182.406, 7.157,5594
12074,94189.922, 7.519,5594
12075,94197.281, 7.356,5594
12076,94204.273, 6.994,5594
12077,94211.508, 7.234,5594
12078,94218.617, 7.114,5594
12079,94226.563, 7.940,5594
12080,94233.391, 6.828,5594
12081,94240.328, 6.930,5594
12082,94247.289, 6.968,5594
12083,94255.320, 8.028,5594
12084,94263.484, 8.166,5594
12085,94271.000, 7.517,5594
12086,94279.031, 8.031,5594
12087,94286.164, 7.131,5594
12088,94293.453, 7.292,5594
12089,94301.078, 7.618,5594
12090,94308.352, 7.279,5594
12091,94316.609, 8.258,5594
12092,94324.961, 8.353,5594
12093,94332.086, 7.121,5594
12094,94340.508, 8.423,5594
12095,94347.773, 7.266,5594
12096,94355.500, 7.728,5594
12097,94362.805, 7.307,5594
12098,94371.961, 9.160,5594
12099,94379.305, 7.343,5594
12100,94386.039, 6.724,5594
12101,94393.102, 7.064,5594
12102,94400.891, 7.791,5594
12103,94407.969, 7.082,5594
12104,94415.398, 7.428,5594
12105,94423.227, 7.831,5594
12106,94429.688, 6.455,5594
12107,94438.633, 8.949,5594
12108,94446.516, 7.881,5594
12109,94453.820, 7.302,5594
12110,94460.484, 6.663,5594
12111,94467.461, 6.983,5594
12112,94475.000, 7.529,5594
12113,94483.234, 8.242,5594
12114,94491.023, 7.786,5594
12115,94497.344, 6.321,5594
12116,94503.703, 6.362,5594
12117,94510.617, 6.918,5594
12118,94518.320, 7.698,5594
12119,94525.367, 7.049,5594
12120,94532.852, 7.480,5594
12121,94539.195, 6.349,5594
12122,94547.242, 8.046,5594
12123,94554.750, 7.504,5594
12124,94562.250, 7.508,5594
12125,94569.031, 6.777,5594
12126,94576.258, 7.227,5594
12127,94584.336, 8.072,5594
12128,94592.063, 7.732,5594
12129,94598.656, 6.591,5594
12130,94606.148, 7.494,5594
12131,94613.000, 6.847,5594
12132,94619.859, 6.867,5594
12133,94626.375, 6.509,5594
12134,94633.008, 6.636,5594
12135,94640.391, 7.378,5594
12136,94646.859, 6.476,5594
12137,94653.383, 6.518,5594
12138,94659.938, 6.560,5594
12139,94667.461, 7.518,5594
12140,94674.953, 7.499,5594
12141,94681.328, 6.367,5594
12142,94688.180, 6.855,5594
12143,94696.031, 7.849,5594
12144,94702.844, 6.819,5594
12145,94709.609, 6.767,5594
12146,94715.992, 6.373,5594
12147,94723.703, 7.713,5594
12148,94729.953, 6.256,5594
12149,94736.398, 6.438,5594
12150,94742.773, 6.382,5594
12151,94749.344, 6.568,5594
12152,94755.586, 6.241,5594
12153,94763.297, 7.715,5594
12154,94769.688, 6.384,5594
12155,94776.375, 6.688,5594
12156,94783.813, 7.441,5594
12157,94791.234, 7.427,5594
12158,94798.477, 7.238,5594
12159,94805.523, 7.044,5594
12160,94812.039, 6.519,5594
12161,94818.703, 6.658,5594
12162,94826.469, 7.773,5594
12163,94834.805, 8.337,5594
12164,94842.656, 7.843,5594
12165,94850.703, 8.051,5594
12166,94859.992, 9.283,5594
12167,94868.047, 8.060,5594
12168,94875.617, 7.577,5594
12169,94882.656, 7.030,5594
12170,94889.633, 6.986,5594
12171,94897.680, 8.041,5594
12172,94906.320, 8.635,5594
12173,94914.383, 8.067,5594
12174,94922.750, 8.365,5594
12175,94929.625, 6.883,5594
12176,94936.367, 6.734,5594
12177,94944.391, 8.025,5594
12178,94952.953, 8.568,5594
12179,94960.039, 7.084,5594
12180,94967.227, 7.188,5594
12181,94974.500, 7.268,5594
12182,94981.688, 7.188,5594
12183,94988.414, 6.730,5594
12184,94995.297, 6.889,5594
12185,95001.813, 6.505,5594
12186,95009.602, 7.799,5594
12187,95016.266, 6.662,5594
12188,95023.703, 7.432,5594
12189,95030.047, 6.340,5594
12190,95036.664, 6.617,5594
12191,95043.102, 6.441,5594
12192,95049.609, 6.511,5594
12193,95056.148, 6.535,5594
12194,95063.406, 7.262,5594
12195,95069.750, 6.343,5594
12196,95076.016, 6.261,5594
12197,95083.852, 7.840,5594
12198,95091.453, 7.602,5594
12199,95098.320, 6.866,5594
12200,95104.867, 6.551,5594
12201,95112.367, 7.496,5594
12202,95120.016, 7.643,5594
12203,95126.844, 6.832,5594
12204,95133.477, 6.632,5594
12205,95139.750, 6.275,5594
12206,95146.555, 6.805,5594
12207,95153.180, 6.625,5594
12208,95160.531, 7.357,5594
12209,95167.070, 6.535,5594
12210,95173.539, 6.466,5594
12211,95180.234, 6.697,5594
12212,95187.336, 7.099,5594
12213,95194.383, 7.045,5594
12214,95201.703, 7.324,5594
12215,95208.070, 6.371,5594
12216,95215.195, 7.125,5594
12217,95224.266, 9.074,5594
12218,95231.922, 7.656,5594
12219,95239.219, 7.297,5594
12220,95245.922, 6.699,5594
12221,95253.266, 7.342,5594
12222,95260.164, 6.900,5594
12223,95266.664, 6.493,5594
12224,95274.188, 7.530,5594
12225,95280.688, 6.497,5594
12226,95287.516, 6.832,5594
12227,95294.102, 6.584,5594
12228,95301.086, 6.984,5594
12229,95308.594, 7.510,5594
12230,95316.953, 8.359,5594
12231,95324.594, 7.639,5594
12232,95331.953, 7.365,5594
12233,95339.602, 7.646,5594
12234,95346.688, 7.078,5594
12235,95354.430, 7.744,5594
12236,95361.109, 6.684,5594
12237,95367.703, 6.594,5594
12238,95374.656, 6.948,5594
12239,95382.352, 7.699,5594
12240,95390.188, 7.838,5594
12241,95396.914, 6.731,5594
12242,95403.695, 6.774,5594
12243,95411.336, 7.635,5594
12244,95418.102, 6.771,5594
12245,95425.602, 7.501,5594
12246,95433.422, 7.817,5594
12247,95441.820, 8.403,5594
12248,95448.859, 7.041,5594
12249,95456.219, 7.357,5594
12250,95463.344, 7.118,5594
12251,95471.352, 8.013,5594
12252,95478.234, 6.887,5594
12253,95486.086, 7.849,5594
12254,95493.492, 7.406,5594
12255,95501.922, 8.433,5594
12256,95510.063, 8.135,5594
12257,95517.117, 7.057,5594
12258,95525.219, 8.100,5594
12259,95533.469, 8.248,5594
12260,95541.336, 7.869,5594
12261,95549.195, 7.865,5594
12262,95557.133, 7.930,5594
12263,95564.875, 7.747,5594
12264,95571.969, 7.098,5594
12265,95578.813, 6.839,5594
12266,95585.766, 6.954,5594
12267,95592.211, 6.443,5594
12268,95599.859, 7.653,5594
12269,95608.289, 8.430,5594
12270,95616.016, 7.716,5594
12271,95623.711, 7.696,5594
12272,95630.539, 6.836,5594
12273,95638.383, 7.840,5594
12274,95645.906, 7.525,5594
12275,95652.703, 6.792,5594
12276,95659.656, 6.955,5594
12277,95666.281, 6.629,5594
12278,95672.945, 6.666,5594
12279,95679.633, 6.684,5594
12280,95686.578, 6.944,5594
12281,95693.258, 6.687,5594
12282,95699.734, 6.469,5594
12283,95707.320, 7.588,5594
12284,95713.883, 6.564,5594
12285,95721.242, 7.363,5594
12286,95727.875, 6.630,5594
12287,95734.430, 6.553,5594
12288,95742.711, 8.278,5594
12289,95749.539, 6.828,5594
12290,95756.164, 6.631,5594
12291,95763.750, 7.581,5594
12292,95770.719, 6.971,5594
12293,95777.203, 6.489,5594
12294,95783.945, 6.740,5594
12295,95790.469, 6.517,5594
12296,95796.805, 6.336,5594
12297,95804.000, 7.195,5594
12298,95810.648, 6.652,5594
12299,95817.813, 7.164,5594
12300,95824.258, 6.445,5594
12301,95831.461, 7.203,5594
12302,95838.773, 7.310,5594
12303,95845.617, 6.851,5594
12304,95853.125, 7.503,5594
12305,95859.680, 6.553,5594
12306,95867.258, 7.581,5594
12307,95873.805, 6.549,5594
12308,95881.047, 7.240,5594
12309,95887.594, 6.550,5594
12310,95894.195, 6.600,5594
12311,95901.820, 7.623,5594
12312,95908.469, 6.647,5594
12313,95915.922, 7.453,5594
12314,95922.742, 6.819,5594
12315,95929.875, 7.140,5594
12316,95936.305, 6.429,5594
12317,95942.766, 6.453,5594
12318,95949.344, 6.582,5594
12319,95957.094, 7.746,5594
12320,95964.477, 7.386,5594
12321,95971.523, 7.045,5594
12322,95978.477, 6.956,5594
12323,95985.375, 6.897,5594
12324,95993.375, 8.002,5594
12325,96002.227, 8.850,5594
12326,96009.594, 7.374,5594
12327,96017.609, 8.013,5594
12328,96024.188, 6.577,5594
12329,96030.688, 6.494,5594
12330,96037.594, 6.916,5594
12331,96044.250, 6.653,5594
12332,96050.836, 6.588,5594
12333,96057.852, 7.012,5594
12334,96064.875, 7.021,5594
12335,96072.242, 7.370,5594
12336,96079.727, 7.479,5594
12337,96087.344, 7.618,5594
12338,96094.852, 7.508,5594
12339,96101.602, 6.758,5594
12340,96108.516, 6.911,5594
12341,96116.063, 7.541,5594
12342,96122.836, 6.781,5594
12343,96129.656, 6.812,5594
12344,96136.438, 6.784,5594
12345,96143.414, 6.976,5594
12346,96151.133, 7.724,5594
12347,96158.289, 7.154,5594
12348,96166.117, 7.829,5594
12349,96173.367, 7.250,5594
12350,96180.586, 7.217,5594
12351,96187.703, 7.119,5594
12352,96195.281, 7.580,5594
12353,96202.336, 7.048,5594
12354,96209.602, 7.275,5594
12355,96217.109, 7.504,5594
12356,96224.938, 7.832,5594
12357,96232.047, 7.101,5594
12358,96240.086, 8.041,5594
12359,96248.414, 8.327,5594
12360,96256.211, 7.798,5594
12361,96264.625, 8.416,5594
12362,96274.156, 9.531,5594
12363,96281.984, 7.820,5594
12364,96289.930, 7.952,5594
12365,96298.648, 8.717,5594
12366,96306.203, 7.560,5594
12367,96313.398, 7.193,5594
12368,96320.680, 7.277,5594
12369,96328.375, 7.694,5594
12370,96335.875, 7.510,5594
12371,96343.891, 8.008,5594
12372,96351.000, 7.109,5594
12373,96357.398, 6.397,5594
12374,96364.047, 6.648,5594
12375,96370.711, 6.663,5594
12376,96378.414, 7.708,5594
12377,96386.422, 8.010,5594
12378,96395.359, 8.934,5594
12379,96403.570, 8.215,5594
12380,96410.844, 7.270,5594
12381,96417.609, 6.772,5594
12382,96425.391, 7.775,5594
12383,96432.133, 6.746,5594
12384,96439.133, 6.995,5594
12385,96446.148, 7.022,5594
12386,96453.664, 7.506,5594
12387,96461.289, 7.634,5594
12388,96467.906, 6.613,5594
12389,96474.547, 6.641,5594
12390,96482.148, 7.601,5594
12391,96488.953, 6.807,5594
12392,96495.578, 6.626,5594
12393,96503.242, 7.663,5594
12394,96509.820, 6.577,5594
12395,96516.805, 6.983,5594
12396,96523.820, 7.020,5594
12397,96531.422, 7.600,5594
12398,96539.594, 8.174,5594
12399,96546.430, 6.833,5594
12400,96553.094, 6.665,5594
12401,96560.625, 7.534,5594
12402,96567.859, 7.228,5594
12403,96575.523, 7.669,5594
12404,96582.727, 7.196,5594
12405,96590.352, 7.626,5594
12406,96597.555, 7.210,5594
12407,96604.469, 6.911,5594
12408,96611.219, 6.749,5594
12409,96617.797, 6.582,5594
12410,96624.203, 6.406,5594
12411,96631.375, 7.163,5594
12412,96637.930, 6.564,5594
12413,96645.578, 7.647,5594
12414,96652.375, 6.795,5594
12415,96659.250, 6.878,5594
12416,96665.836, 6.580,5594
12417,96672.273, 6.443,5594
12418,96679.414, 7.138,5594
12419,96686.266, 6.854,5594
12420,96693.063, 6.790,5594
12421,96700.742, 7.681,5594
12422,96708.531, 7.789,5594
12423,96715.594, 7.065,5594
12424,96722.492, 6.896,5594
12425,96730.563, 8.075,5594
12426,96737.242, 6.683,5594
12427,96744.250, 7.003,5594
12428,96750.906, 6.660,5594
12429,96758.922, 8.013,5594
12430,96766.773, 7.852,5594
12431,96776.703, 9.924,5594
12432,96786.563, 9.866,5594
12433,96794.250, 7.688,5594
12434,96801.961, 7.708,5594
12435,96809.313, 7.348,5594
12436,96817.758, 8.449,5594
12437,96825.828, 8.071,5594
12438,96832.898, 7.071,5594
12439,96840.898, 7.997,5594
12440,96848.672, 7.769,5594
12441,96856.594, 7.926,5594
12442,96863.781, 7.189,5594
12443,96871.906, 8.125,5594
12444,96879.938, 8.036,5594
12445,96887.805, 7.859,5594
12446,96895.805, 8.003,5594
12447,96902.789, 6.982,5594
12448,96910.078, 7.287,5594
12449,96917.594, 7.521,5594
12450,96924.273, 6.681,5594
12451,96931.594, 7.320,5594
12452,96938.391, 6.796,5594
12453,96944.805, 6.415,5594
12454,96951.445, 6.639,5594
12455,96959.141, 7.691,5594
12456,96965.688, 6.552,5594
12457,96972.250, 6.563,5594
12458,96979.063, 6.810,5594
12459,96986.500, 7.437,5594
12460,96993.883, 7.383,5594
12461,97000.883, 7.006,5594
12462,97007.461, 6.573,5594
12463,97014.891, 7.429,5594
12464,97021.898, 7.008,5594
12465,97028.703, 6.804,5594
12466,97035.320, 6.616,5594
12467,97042.609, 7.291,5594
12468,97050.203, 7.596,5594
12469,97058.211, 8.009,5594
12470,97064.852, 6.635,5594
12471,97071.297, 6.450,5594
12472,97078.500, 7.203,5594
12473,97085.719, 7.216,5594
12474,97092.547, 6.829,5594
12475,97099.930, 7.388,5594
12476,97106.781, 6.847,5594
12477,97113.742, 6.959,5594
12478,97120.789, 7.050,5594
12479,97128.555, 7.766,5594
12480,97135.367, 6.804,5594
12481,97142.297, 6.939,5594
12482,97148.813, 6.514,5594
12483,97155.883, 7.068,5594
12484,97163.688, 7.806,5594
12485,97171.320, 7.627,5594
12486,97178.492, 7.179,5594
12487,97185.172, 6.676,5594
12488,97192.359, 7.188,5594
12489,97199.250, 6.894,5594
12490,97205.797, 6.548,5594
12491,97213.422, 7.618,5594
12492,97220.320, 6.900,5594
12493,97227.648, 7.330,5594
12494,97234.695, 7.047,5594
12495,97241.930, 7.241,5594
12496,97248.742, 6.803,5594
12497,97256.109, 7.373,5594
12498,97262.930, 6.820,5594
12499,97270.148, 7.217,5594
12500,97277.750, 7.598,5594
12501,97284.898, 7.154,5594
12502,97292.070, 7.169,5594
12503,97299.125, 7.051,5594
12504,97305.852, 6.731,5594
12505,97312.766, 6.913,5594
12506,97319.500, 6.735,5594
12507,97326.867, 7.368,5594
12508,97335.336, 8.463,5594
12509,97343.109, 7.776,5594
12510,97350.328, 7.217,5594
12511,97357.344, 7.016,5594
12512,97364.625, 7.290,5594
12513,97371.586, 6.959,5594
12514,97378.797, 7.211,5594
12515,97386.727, 7.928,5594
12516,97393.758, 7.028,5594
12517,97401.203, 7.449,5594
12518,97408.766, 7.560,5594
12519,97417.531, 8.771,5594
12520,97425.367, 7.826,5594
12521,97433.508, 8.146,5594
12522,97441.805, 8.299,5594
12523,97448.922, 7.115,5594
12524,97456.758, 7.831,5594
12525,97463.953, 7.204,5594
12526,97471.094, 7.133,5594
12527,97479.117, 8.030,5594
12528,97486.516, 7.394,5594
12529,97493.938, 7.431,5594
12530,97501.375, 7.425,5594
12531,97509.438, 8.068,5594
12532,97517.086, 7.645,5594
12533,97524.445, 7.359,5594
12534,97532.227, 7.783,5594
12535,97538.875, 6.649,5594
12536,97546.281, 7.408,5594
12537,97555.094, 8.809,5594
12538,97563.250, 8.158,5594
12539,97570.492, 7.245,5594
12540,97578.094, 7.599,5594
12541,97584.859, 6.766,5594
12542,97591.758, 6.900,5594
12543,97598.719, 6.958,5594
12544,97605.461, 6.744,5594
12545,97612.313, 6.846,5594
12546,97619.484, 7.175,5594
12547,97626.477, 6.992,5594
12548,97633.125, 6.651,5594
12549,97639.930, 6.807,5594
12550,97647.250, 7.320,5594
12551,97655.188, 7.935,5594
12552,97663.094, 7.902,5594
12553,97671.141, 8.054,5594
12554,97677.953, 6.814,5594
12555,97684.570, 6.615,5594
12556,97691.609, 7.040,5594
12557,97699.203, 7.597,5594
12558,97706.297, 7.091,5594
12559,97713.234, 6.933,5594
12560,97720.070, 6.839,5594
12561,97727.555, 7.487,5594
12562,97734.711, 7.146,5594
12563,97741.250, 6.550,5594
12564,97749.094, 7.837,5594
12565,97756.055, 6.957,5594
12566,97762.867, 6.821,5594
12567,97770.039, 7.166,5594
12568,97776.820, 6.781,5594
12569,97783.570, 6.755,5594
12570,97790.914, 7.349,5594
12571,97798.289, 7.370,5594
12572,97804.875, 6.587,5594
12573,97811.750, 6.868,5594
12574,97818.953, 7.209,5594
12575,97825.961, 7.009,5594
12576,97832.758, 6.795,5594
12577,97840.125, 7.365,5594
12578,97847.422, 7.298,5594
12579,97854.461, 7.038,5594
12580,97862.352, 7.890,5562
12581,97870.031, 7.677,5562
12582,97877.922, 7.900,5562
12583,97886.258, 8.330,5562
12584,97893.656, 7.394,5562
12585,97900.797, 7.143,5562
12586,97908.453, 7.659,5562
12587,97915.188, 6.738,5562
12588,97922.297, 7.107,5562
12589,97929.211, 6.912,5562
12590,97936.688, 7.478,5562
12591,97945.242, 8.556,5562
12592,97954.820, 9.580,5562
12593,97962.188, 7.362,5562
12594,97969.602, 7.417,5562
12595,97976.461, 6.859,5562
12596,97983.750, 7.291,5562
12597,97990.695, 6.941,5562
12598,97998.055, 7.360,5562
12599,98004.859, 6.804,5562
12600,98011.945, 7.090,5562
12601,98018.945, 6.997,5562
12602,98026.844, 7.899,5562
12603,98033.906, 7.064,5562
12604,98041.875, 7.969,5562
12605,98048.898, 7.028,5562
12606,98056.164, 7.261,5562
12607,98063.156, 6.988,5562
12608,98070.602, 7.452,5562
12609,98078.070, 7.467,5562
12610,98085.172, 7.101,5562
12611,98092.102, 6.924,5562
12612,98099.164, 7.069,5562
12613,98106.516, 7.351,5562
12614,98116.594,10.075,5562
12615,98127.258,10.665,5562
12616,98138.891,11.636,5562
12617,98147.898, 9.004,5562
12618,98157.719, 9.822,5562
12619,98166.805, 9.085,5562
12620,98174.813, 8.006,5562
12621,98183.508, 8.702,5562
12622,98193.469, 9.954,5562
12623,98201.398, 7.931,5562
12624,98209.461, 8.059,5562
12625,98216.992, 7.535,5562
12626,98224.945, 7.957,5562
12627,98232.789, 7.844,5562
12628,98241.664, 8.871,5562
12629,98249.250, 7.590,5562
12630,98257.570, 8.315,5562
12631,98265.125, 7.558,5562
12632,98273.063, 7.932,5562
12633,98279.813, 6.756,5562
12634,98287.023, 7.207,5562
12635,98294.914, 7.897,5562
12636,98302.102, 7.185,5562
12637,98309.109, 7.006,5562
12638,98315.977, 6.862,5562
12639,98323.469, 7.496,5562
12640,98330.906, 7.444,5562
12641,98339.977, 9.065,5562
12642,98348.328, 8.344,5562
12643,98355.688, 7.367,5562
12644,98364.016, 8.323,5562
12645,98371.484, 7.474,5562
12646,98378.961, 7.476,5562
12647,98387.414, 8.448,5562
12648,98395.875, 8.468,5562
12649,98403.742, 7.867,5562
12650,98412.094, 8.351,5562
12651,98420.242, 8.147,5562
12652,98428.117, 7.879,5562
12653,98437.102, 8.977,5562
12654,98445.359, 8.262,5562
12655,98453.750, 8.392,5562
12656,98461.281, 7.531,5562
12657,98469.523, 8.239,5562
12658,98477.227, 7.709,5562
12659,98484.273, 7.043,5562
12660,98492.359, 8.081,5562
12661,98500.727, 8.367,5562
12662,98507.781, 7.062,5562
12663,98515.023, 7.237,5562
12664,98522.273, 7.255,5562
12665,98529.398, 7.122,5562
12666,98536.313, 6.910,5562
12667,98543.984, 7.674,5562
12668,98550.805, 6.825,5562
12669,98559.375, 8.565,5562
12670,98566.906, 7.539,5562
12671,98574.227, 7.317,5562
12672,98581.492, 7.261,5562
12673,98589.398, 7.905,5562
12674,98598.039, 8.647,5562
12675,98606.758, 8.712,5562
12676,98613.758, 7.005,5562
12677,98620.820, 7.067,5562
12678,98628.984, 8.154,5562
12679,98636.531, 7.551,5562
12680,98644.195, 7.667,5562
12681,98651.648, 7.447,5562
12682,98658.883, 7.244,5562
12683,98666.320, 7.430,5562
12684,98674.063, 7.741,5562
12685,98681.094, 7.038,5562
12686,98688.852, 7.754,5562
12687,98696.211, 7.360,5562
12688,98703.523, 7.317,5562
12689,98711.461, 7.932,5562
12690,98719.406, 7.945,5562
12691,98728.398, 8.991,5562
12692,98736.797, 8.398,5562
12693,98744.625, 7.833,5562
12694,98752.250, 7.629,5562
12695,98759.789, 7.532,5562
12696,98768.055, 8.268,5562
12697,98777.711, 9.650,5562
12698,98786.250, 8.550,5562
12699,98794.938, 8.685,5562
12700,98802.672, 7.731,5562
12701,98810.195, 7.529,5562
12702,98818.602, 8.406,5562
12703,98826.547, 7.943,5562
12704,98834.789, 8.240,5562
12705,98842.664, 7.872,5562
12706,98850.484, 7.822,5562
12707,98858.445, 7.959,5562
12708,98867.398, 8.950,5562
12709,98875.234, 7.841,5562
12710,98882.695, 7.457,5562
12711,98889.664, 6.970,5562
12712,98896.766, 7.103,5562
12713,98903.797, 7.037,5562
12714,98911.063, 7.262,5562
12715,98917.984, 6.915,5562
12716,98926.117, 8.139,5562
12717,98933.336, 7.214,5562
12718,98941.055, 7.720,5562
12719,98948.086, 7.032,5562
12720,98955.117, 7.035,5562
12721,98962.602, 7.485,5562
12722,98969.891, 7.290,5562
12723,98977.563, 7.672,5562
12724,98984.469, 6.907,5562
12725,98991.352, 6.876,5562
12726,98998.313, 6.964,5562
12727,99005.367, 7.049,5562
12728,99012.266, 6.910,5562
12729,99019.367, 7.098,5562
12730,99026.906, 7.541,5562
12731,99034.234, 7.327,5562
12732,99041.883, 7.648,5562
12733,99048.797, 6.910,5562
12734,99055.992, 7.192,5562
12735,99063.016, 7.028,5562
12736,99069.852, 6.836,5562
12737,99076.820, 6.968,5562
12738,99083.727, 6.905,5562
12739,99090.594, 6.874,5562
12740,99097.680, 7.077,5562
12741,99104.563, 6.890,5562
12742,99111.992, 7.422,5562
12743,99121.336, 9.344,5562
12744,99130.102, 8.772,5562
12745,99139.242, 9.145,5562
12746,99147.117, 7.869,5562
12747,99154.508, 7.392,5562
12748,99161.922, 7.412,5562
12749,99169.156, 7.233,5562
12750,99176.508, 7.352,5562
12751,99183.586, 7.087,5562
12752,99191.461, 7.867,5562
12753,99198.578, 7.124,5562
12754,99206.094, 7.508,5562
12755,99213.117, 7.023,5562
12756,99220.453, 7.335,5562
12757,99228.180, 7.733,5562
12758,99235.273, 7.097,5562
12759,99243.383, 8.104,5562
12760,99250.734, 7.352,5562
12761,99258.195, 7.457,5562
12762,99265.375, 7.179,5562
12763,99273.336, 7.957,5562
12764,99281.875, 8.550,5562
12765,99290.523, 8.646,5562
12766,99298.164, 7.640,5562
12767,99307.484, 9.321,5562
12768,99315.914, 8.431,5562
12769,99323.508, 7.590,5562
12770,99330.828, 7.319,5562
12771,99338.289, 7.466,5562
12772,99346.688, 8.391,5562
12773,99354.492, 7.812,5562
12774,99363.008, 8.508,5562
12775,99371.594, 8.594,5562
12776,99379.453, 7.857,5562
12777,99387.125, 7.668,5562
12778,99395.617, 8.499,5562
12779,99403.156, 7.539,5562
12780,99411.719, 8.553,5562
12781,99420.336, 8.620,5562
12782,99428.219, 7.888,5562
12783,99436.273, 8.057,5562
12784,99443.625, 7.351,5562
12785,99452.156, 8.530,5562
12786,99460.883, 8.725,5562
12787,99469.297, 8.415,5562
12788,99478.195, 8.901,5562
12789,99486.688, 8.483,5562
12790,99495.555, 8.878,5562
12791,99504.547, 8.985,5562
12792,99514.820,10.278,5562
12793,99523.797, 8.974,5562
12794,99532.336, 8.537,5562
12795,99539.875, 7.541,5562
12796,99547.672, 7.797,5562
12797,99555.547, 7.876,5562
12798,99564.578, 9.028,5562
12799,99572.586, 8.014,5562
12800,99580.797, 8.205,5562
12801,99588.344, 7.541,5562
12802,99596.453, 8.116,5562
12803,99604.008, 7.550,5562
12804,99611.398, 7.398,5562
12805,99618.742, 7.342,5562
12806,99626.055, 7.307,5562
12807,99633.445, 7.394,5562
12808,99640.852, 7.408,5562
12809,99647.898, 7.049,5562
12810,99655.469, 7.569,5562
12811,99663.953, 8.488,5562
12812,99671.992, 8.027,5562
12813,99680.172, 8.189,5562
12814,99687.508, 7.334,5562
12815,99695.250, 7.748,5562
12816,99702.719, 7.460,5562
12817,99709.930, 7.219,5562
12818,99717.000, 7.060,5562
12819,99724.070, 7.078,5562
12820,99731.273, 7.207,5562
12821,99739.172, 7.891,5562
12822,99746.180, 7.010,5562
12823,99753.328, 7.147,5562
12824,99760.578, 7.257,5562
12825,99769.078, 8.494,5562
12826,99778.508, 9.432,5562
12827,99785.984, 7.469,5562
12828,99794.070, 8.088,5562
12829,99802.328, 8.258,5562
12830,99810.797, 8.474,5562
12831,99818.758, 7.956,5562
12832,99825.898, 7.147,5562
12833,99833.102, 7.200,5562
12834,99840.195, 7.095,5562
12835,99847.469, 7.274,5562
12836,99854.820, 7.349,5562
12837,99863.047, 8.222,5562
12838,99871.625, 8.589,5562
12839,99879.719, 8.085,5562
12840,99887.492, 7.775,5562
12841,99895.523, 8.030,5562
12842,99904.859, 9.339,5562
12843,99913.086, 8.221,5562
12844,99921.992, 8.905,5562
12845,99929.406, 7.418,5562
12846,99937.578, 8.176,5562
12847,99944.875, 7.299,5562
12848,99952.938, 8.059,5562
12849,99960.195, 7.255,5562
12850,99967.508, 7.312,5562
12851,99975.055, 7.544,5562
12852,99982.906, 7.856,5562
12853,99990.688, 7.781,5562
12854,99998.734, 8.046,5562
12855,100006.266, 7.535,5562
12856,100014.023, 7.750,5562
12857,100021.938, 7.922,5562
12858,100030.516, 8.579,5562
12859,100038.555, 8.036,5562
12860,100046.938, 8.384,5562
12861,100054.813, 7.872,5562
12862,100063.250, 8.441,5562
12863,100070.758, 7.502,5562
12864,100078.477, 7.726,5562
12865,100086.609, 8.133,5562
12866,100095.891, 9.280,5562
12867,100105.539, 9.646,5562
12868,100113.555, 8.020,5562
12869,100122.344, 8.786,5562
12870,100129.953, 7.610,5562
12871,100138.328, 8.369,5562
12872,100147.547, 9.228,5562
12873,100156.531, 8.977,5562
12874,100164.594, 8.067,5562
12875,100173.445, 8.853,5562
12876,100182.500, 9.052,5562
12877,100190.852, 8.348,5562
12878,100199.883, 9.033,5562
12879,100208.867, 8.986,5562
12880,100217.281, 8.419,5562
12881,100226.266, 8.979,5562
12882,100234.234, 7.968,5562
12883,100242.578, 8.351,5562
12884,100250.891, 8.306,5562
12885,100258.992, 8.101,5562
12886,100267.000, 8.001,5562
12887,100274.727, 7.728,5562
12888,100283.461, 8.738,5562
12889,100291.281, 7.824,5562
12890,100301.727,10.439,5562
12891,100312.008,10.282,5562
12892,100321.117, 9.114,5562
12893,100330.016, 8.892,5562
12894,100338.469, 8.462,5562
12895,100346.906, 8.436,5562
12896,100355.344, 8.433,5562
12897,100363.070, 7.731,5562
12898,100371.383, 8.305,5562
12899,100379.742, 8.362,5562
12900,100388.148, 8.411,5562
12901,100395.883, 7.737,5562
12902,100404.516, 8.632,5562
12903,100413.742, 9.219,5562
12904,100422.258, 8.527,5562
12905,100430.711, 8.441,5562
12906,100439.500, 8.795,5562
12907,100447.047, 7.548,5562
12908,100455.289, 8.245,5562
12909,100462.773, 7.477,5562
12910,100470.594, 7.826,5562
12911,100478.102, 7.500,5562
12912,100485.930, 7.838,5562
12913,100493.984, 8.044,5562
12914,100502.000, 8.021,5562
12915,100510.742, 8.742,5562
12916,100519.797, 9.057,5562
12917,100529.070, 9.273,5562
12918,100536.563, 7.493,5562
12919,100545.234, 8.673,5562
12920,100553.805, 8.568,5562
12921,100561.492, 7.686,5562
12922,100569.578, 8.092,5562
12923,100577.359, 7.771,5562
12924,100585.984, 8.626,5562
12925,100593.453, 7.470,5562
12926,100601.164, 7.714,5562
12927,100610.313, 9.147,5562
12928,100619.719, 9.401,5562
12929,100628.242, 8.531,5562
12930,100636.148, 7.904,5562
12931,100644.141, 7.994,5562
12932,100653.211, 9.071,5562
12933,100661.820, 8.609,5562
12934,100670.398, 8.575,5562
12935,100679.055, 8.656,5562
12936,100690.500,11.447,5562
12937,100701.125,10.621,5562
12938,100710.547, 9.428,5562
12939,100718.992, 8.439,5562
12940,100728.000, 9.006,5562
12941,100736.086, 8.095,5562
12942,100743.867, 7.780,5562
12943,100751.609, 7.745,5562
12944,100760.133, 8.518,5562
12945,100768.367, 8.230,5562
12946,100776.672, 8.306,5562
12947,100784.750, 8.083,5562
12948,100793.023, 8.272,5562
12949,100801.492, 8.470,5562
12950,100809.141, 7.644,5562
12951,100816.992, 7.855,5562
12952,100824.539, 7.547,5562
12953,100833.523, 8.985,5562
12954,100842.141, 8.618,5562
12955,100850.141, 7.996,5562
12956,100859.281, 9.149,5562
12957,100867.516, 8.232,5562
12958,100876.117, 8.601,5562
12959,100885.586, 9.469,5562
12960,100894.359, 8.771,5562
12961,100902.586, 8.232,5562
12962,100911.344, 8.752,5562
12963,100919.570, 8.226,5562
12964,100928.328, 8.757,5562
12965,100938.078, 9.748,5562
12966,100946.664, 8.588,5562
12967,100955.492, 8.831,5562
12968,100964.133, 8.642,5562
12969,100972.531, 8.394,5562
12970,100980.961, 8.431,5562
12971,100989.070, 8.106,5562
12972,100997.813, 8.742,5562
12973,101006.180, 8.369,5562
12974,101014.344, 8.165,5562
12975,101022.164, 7.823,5562
12976,101029.977, 7.809,5562
12977,101038.477, 8.502,5562
12978,101046.547, 8.072,5562
12979,101054.711, 8.163,5562
12980,101062.477, 7.763,5562
12981,101070.039, 7.559,5562
12982,101078.578, 8.547,5562
12983,101087.320, 8.734,5562
12984,101097.063, 9.748,5562
12985,101105.164, 8.101,5562
12986,101112.906, 7.742,5562
12987,101121.055, 8.145,5562
12988,101129.188, 8.137,5562
12989,101138.180, 8.989,5562
12990,101145.836, 7.658,5562
12991,101154.930, 9.098,5562
12992,101163.141, 8.206,5562
12993,101171.000, 7.854,5562
12994,101179.680, 8.687,5562
12995,101188.367, 8.684,5562
12996,101195.992, 7.627,5562
12997,101204.195, 8.204,5562
12998,101211.742, 7.546,5562
12999,101219.516, 7.773,5562
13000,101229.109, 9.593,5562
13001,101236.578, 7.475,5562
13002,101244.047, 7.462,5562
13003,101252.117, 8.076,5562
13004,101260.578, 8.461,5562
13005,101268.813, 8.234,5562
13006,101276.227, 7.418,5562
13007,101285.086, 8.855,5562
13008,101293.602, 8.517,5562
13009,101301.133, 7.527,5562
13010,101308.461, 7.327,5562
13011,101316.023, 7.559,5562
13012,101323.656, 7.637,5562
13013,101331.688, 8.033,5562
13014,101339.391, 7.699,5562
13015,101347.000, 7.606,5562
13016,101354.391, 7.394,5562
13017,101362.156, 7.769,5562
13018,101370.000, 7.842,5562
13019,101377.805, 7.810,5562
13020,101386.438, 8.626,5562
13021,101394.664, 8.229,5562
13022,101402.313, 7.649,5562
13023,101410.203, 7.891,5562
13024,101418.445, 8.242,5562
13025,101427.273, 8.833,5562
13026,101436.055, 8.773,5562
13027,101444.672, 8.620,5562
13028,101453.094, 8.421,5562
13029,101461.656, 8.565,5562
13030,101470.688, 9.030,5562
13031,101479.359, 8.670,5562
13032,101490.867,11.510,5562
13033,101500.656, 9.783,5562
13034,101510.289, 9.647,5562
13035,101518.891, 8.595,5562
13036,101527.773, 8.878,5562
13037,101536.516, 8.750,5562
13038,101545.234, 8.715,5562
13039,101553.828, 8.594,5562
13040,101562.133, 8.305,5562
13041,101571.148, 9.017,5562
13042,101579.875, 8.728,5562
13043,101588.578, 8.702,5562
13044,101598.563, 9.986,5562
13045,101607.367, 8.802,5562
13046,101616.930, 9.561,5562
13047,101625.773, 8.841,5562
13048,101634.336, 8.563,5562
13049,101642.914, 8.584,5562
13050,101650.648, 7.726,5562
13051,101658.719, 8.076,5562
13052,101667.594, 8.879,5562
13053,101675.711, 8.111,5562
13054,101684.906, 9.201,5562
13055,101693.734, 8.826,5562
13056,101701.570, 7.834,5562
13057,101709.383, 7.814,5562
13058,101717.492, 8.111,5562
13059,101725.742, 8.244,5562
13060,101733.398, 7.655,5562
13061,101742.430, 9.031,5562
13062,101751.414, 8.987,5562
13063,101760.547, 9.137,5562
13064,101768.781, 8.230,5562
13065,101777.914, 9.140,5562
13066,101786.656, 8.735,5562
13067,101795.313, 8.655,5562
13068,101804.422, 9.109,5562
13069,101813.719, 9.299,5562
13070,101822.914, 9.203,5562
13071,101832.008, 9.081,5562
13072,101840.852, 8.850,5562
13073,101849.820, 8.969,5562
13074,101858.281, 8.466,5562
13075,101865.883, 7.599,5562
13076,101873.852, 7.966,5562
13077,101883.172, 9.322,5562
13078,101893.008, 9.832,5562
13079,101902.211, 9.209,5562
13080,101910.328, 8.107,5562
13081,101918.063, 7.739,5562
13082,101926.031, 7.969,5562
13083,101934.875, 8.847,5562
13084,101942.867, 7.989,5562
13085,101950.836, 7.968,5562
13086,101959.586, 8.755,5562
13087,101968.086, 8.496,5562
13088,101977.211, 9.129,5562
13089,101985.078, 7.861,5562
13090,101992.938, 7.867,5562
13091,102002.156, 9.214,5562
13092,102010.266, 8.116,5562
13093,102018.375, 8.102,5562
13094,102026.227, 7.859,5562
13095,102034.461, 8.230,5562
13096,102043.156, 8.693,5562
13097,102052.664, 9.503,5562
13098,102061.523, 8.865,5562
13099,102070.250, 8.727,5562
13100,102078.461, 8.208,5562
13101,102088.148, 9.694,5562
13102,102097.055, 8.903,5562
13103,102106.438, 9.380,5562
13104,102115.359, 8.923,5562
13105,102124.672, 9.308,5562
13106,102133.461, 8.797,5562
13107,102142.945, 9.482,5562
13108,102152.016, 9.068,5562
13109,102160.703, 8.686,5562
13110,102169.180, 8.480,5562
13111,102177.906, 8.730,5562
13112,102186.344, 8.433,5562
13113,102194.984, 8.641,5562
13114,102203.820, 8.836,5562
13115,102213.156, 9.336,5562
13116,102222.125, 8.970,5562
13117,102230.992, 8.863,5562
13118,102239.641, 8.644,5562
13119,102247.258, 7.631,5562
13120,102255.898, 8.636,5562
13121,102263.523, 7.628,5562
13122,102272.453, 8.924,5562
13123,102282.453,10.000,5562
13124,102292.070, 9.620,5562
13125,102300.594, 8.521,5562
13126,102308.430, 7.836,5562
13127,102316.734, 8.301,5562
13128,102325.867, 9.139,5562
13129,102334.188, 8.321,5562
13130,102342.875, 8.685,5562
13131,102351.031, 8.154,5562
13132,102359.203, 8.175,5562
13133,102367.102, 7.899,5562
13134,102375.406, 8.302,5562
13135,102383.250, 7.852,5562
13136,102391.508, 8.255,5562
13137,102399.625, 8.118,5562
13138,102408.625, 8.998,5562
13139,102417.078, 8.452,5562
13140,102426.328, 9.244,5562
13141,102434.266, 7.943,5562
13142,102443.305, 9.034,5562
13143,102451.734, 8.435,5562
13144,102460.078, 8.344,5562
13145,102468.453, 8.371,5562
13146,102477.031, 8.575,5562
13147,102485.648, 8.617,5562
13148,102494.500, 8.856,5562
13149,102503.078, 8.575,5562
13150,102512.148, 9.079,5562
13151,102520.266, 8.113,5562
13152,102529.195, 8.933,5562
13153,102537.922, 8.728,5562
13154,102546.977, 9.049,5562
13155,102554.914, 7.939,5562
13156,102563.906, 8.994,5562
13157,102573.047, 9.132,5562
13158,102581.570, 8.530,5562
13159,102589.641, 8.065,5562
13160,102598.156, 8.520,5562
13161,102606.359, 8.197,5562
13162,102614.398, 8.046,5562
13163,102622.578, 8.182,5562
13164,102630.945, 8.364,5562
13165,102640.563, 9.620,5562
13166,102649.734, 9.166,5562
13167,102658.742, 9.011,5562
13168,102669.141,10.395,5562
13169,102679.836,10.701,5562
13170,102688.227, 8.391,5562
13171,102696.602, 8.373,5562
13172,102704.773, 8.174,5562
13173,102714.180, 9.407,5562
13174,102722.398, 8.216,5562
13175,102730.570, 8.173,5562
13176,102739.555, 8.983,5562
13177,102748.344, 8.786,5562
13178,102756.555, 8.216,5562
13179,102765.445, 8.888,5562
13180,102773.477, 8.028,5562
13181,102781.875, 8.406,5562
13182,102791.445, 9.567,5562
13183,102801.148, 9.700,5562
13184,102810.156, 9.009,5562
13185,102819.383, 9.226,5562
13186,102828.336, 8.951,5562
13187,102836.398, 8.068,5562
13188,102846.578,10.181,5562
13189,102856.313, 9.726,5562
13190,102865.953, 9.652,5562
13191,102875.867, 9.907,5562
13192,102884.953, 9.094,5562
13193,102894.852, 9.895,5562
13194,102904.539, 9.687,5562
13195,102914.703,10.162,5562
13196,102925.070,10.365,5562
13197,102935.938,10.868,5562
13198,102947.070,11.135,5562
13199,102958.406,11.337,5562
13200,102968.313, 9.904,5562
13201,102977.891, 9.578,5562
13202,102987.617, 9.731,5562
13203,102996.813, 9.191,5562
13204,103006.719, 9.905,5562
13205,103015.234, 8.520,5562
13206,103023.445, 8.208,5562
13207,103031.422, 7.972,5562
13208,103039.406, 7.984,5562
13209,103047.250, 7.851,5562
13210,103055.461, 8.205,5562
13211,103064.313, 8.853,5562
13212,103074.500,10.190,5562
13213,103083.383, 8.880,5562
13214,103091.938, 8.559,5562
13215,103100.125, 8.186,5562
13216,103108.438, 8.314,5562
13217,103117.047, 8.609,5562
13218,103125.586, 8.544,5562
13219,103134.117, 8.528,5562
13220,103142.055, 7.934,5562
13221,103150.664, 8.606,5562
13222,103158.766, 8.102,5562
13223,103167.305, 8.540,5562
13224,103175.789, 8.489,5562
13225,103184.031, 8.235,5562
13226,103192.156, 8.128,5562
13227,103200.500, 8.348,5562
13228,103208.477, 7.976,5562
13229,103216.664, 8.179,5562
13230,103225.180, 8.520,5562
13231,103233.063, 7.887,5562
13232,103240.805, 7.737,5562
13233,103248.789, 7.983,5562
13234,103257.453, 8.665,5562
13235,103265.695, 8.245,5562
13236,103273.828, 8.133,5562
13237,103282.953, 9.130,5562
13238,103292.078, 9.120,5562
13239,103300.398, 8.316,5562
13240,103308.352, 7.957,5562
13241,103316.906, 8.555,5562
13242,103325.422, 8.513,5562
13243,103333.672, 8.251,5562
13244,103342.438, 8.765,5562
13245,103351.117, 8.681,5562
13246,103359.836, 8.719,5562
13247,103369.094, 9.262,5562
13248,103378.500, 9.401,5562
13249,103387.945, 9.448,5562
13250,103397.016, 9.066,5562
13251,103406.305, 9.287,5562
13252,103416.570,10.275,5562
13253,103426.695,10.119,5562
13254,103437.109,10.412,5562
13255,103445.898, 8.799,5562
13256,103454.086, 8.181,5562
13257,103464.914,10.830,5562
13258,103475.477,10.565,5562
13259,103486.805,11.323,5562
13260,103496.680, 9.877,5562
13261,103506.523, 9.842,5562
13262,103515.906, 9.385,5562
13263,103525.109, 9.203,5562
13264,103534.078, 8.967,5562
13265,103543.477, 9.399,5562
13266,103553.406, 9.930,5562
13267,103562.406, 8.997,5562
13268,103572.102, 9.701,5562
13269,103581.000, 8.894,5562
13270,103590.086, 9.087,5562
13271,103600.156,10.071,5562
13272,103609.773, 9.615,5562
13273,103619.172, 9.400,5562
13274,103628.789, 9.620,5562
13275,103636.992, 8.197,5562
13276,103644.914, 7.927,5562
13277,103654.242, 9.327,5562
13278,103662.320, 8.073,5562
13279,103670.828, 8.513,5562
13280,103678.883, 8.054,5562
13281,103686.930, 8.052,5562
13282,103695.242, 8.309,5562
13283,103704.109, 8.866,5562
13284,103712.539, 8.431,5562
13285,103721.367, 8.827,5562
13286,103729.438, 8.073,5562
13287,103737.688, 8.248,5562
13288,103745.984, 8.295,5562
13289,103754.680, 8.692,5562
13290,103763.648, 8.972,5562
13291,103772.203, 8.556,5562
13292,103780.734, 8.529,5562
13293,103789.516, 8.787,5562
13294,103798.133, 8.615,5562
13295,103806.766, 8.630,5562
13296,103815.008, 8.240,5562
13297,103823.180, 8.176,5562
13298,103831.578, 8.402,5562
13299,103839.672, 8.089,5562
13300,103847.813, 8.141,5562
13301,103856.180, 8.368,5562
13302,103866.898,10.725,5562
13303,103875.906, 9.001,5562
13304,103884.484, 8.581,5562
13305,103892.875, 8.388,5562
13306,103901.711, 8.832,5562
13307,103910.281, 8.579,5562
13308,103919.508, 9.226,5562
13309,103928.078, 8.564,5562
13310,103936.953, 8.881,5562
13311,103945.844, 8.891,5562
13312,103954.086, 8.237,5562
13313,103962.516, 8.435,5562
13314,103970.703, 8.180,5562
13315,103979.313, 8.612,5562
13316,103988.203, 8.896,5562
13317,103996.836, 8.633,5562
13318,104005.742, 8.900,5562
13319,104016.133,10.390,5562
13320,104024.969, 8.833,5562
13321,104034.023, 9.056,5562
13322,104043.844, 9.827,5562
13323,104053.383, 9.534,5562
13324,104062.914, 9.533,5562
13325,104072.234, 9.323,5562
13326,104080.836, 8.604,5562
13327,104091.211,10.370,5562
13328,104100.406, 9.197,5562
13329,104109.984, 9.573,5562
13330,104120.430,10.446,5562
13331,104131.266,10.839,5562
13332,104141.180, 9.917,5562
13333,104150.383, 9.200,5562
13334,104159.430, 9.050,5562
13335,104168.352, 8.918,5562
13336,104177.766, 9.418,5562
13337,104186.688, 8.918,5562
13338,104195.352, 8.666,5562
13339,104204.875, 9.523,5562
13340,104213.430, 8.550,5562
13341,104223.422, 9.997,5562
13342,104233.750,10.328,5562
13343,104243.383, 9.630,5562
13344,104253.539,10.157,5562
13345,104263.875,10.340,5562
13346,104273.352, 9.475,5562
13347,104282.352, 8.996,5562
13348,104292.023, 9.673,5562
13349,104300.414, 8.391,5562
13350,104308.867, 8.456,5562
13351,104317.641, 8.767,5562
13352,104326.422, 8.784,5562
13353,104336.211, 9.792,5562
13354,104345.477, 9.261,5562
13355,104353.844, 8.374,5562
13356,104362.023, 8.176,5562
13357,104370.344, 8.316,5562
13358,104379.305, 8.959,5562
13359,104387.977, 8.675,5562
13360,104396.484, 8.508,5562
13361,104405.406, 8.924,5562
13362,104414.195, 8.791,5562
13363,104423.234, 9.038,5562
13364,104431.320, 8.079,5562
13365,104440.875, 9.566,5562
13366,104449.797, 8.920,5562
13367,104458.172, 8.372,5562
13368,104467.078, 8.905,5562
13369,104475.266, 8.189,5562
13370,104483.281, 8.023,5562
13371,104491.539, 8.252,5562
13372,104499.563, 8.027,5562
13373,104507.930, 8.366,5562
13374,104516.461, 8.527,5562
13375,104525.664, 9.198,5562
13376,104534.172, 8.517,5562
13377,104542.875, 8.699,5562
13378,104552.438, 9.563,5562
13379,104562.828,10.389,5562
13380,104572.523, 9.699,5562
13381,104581.523, 8.998,5562
13382,104590.023, 8.497,5562
13383,104598.820, 8.801,5562
13384,104607.563, 8.745,5562
13385,104615.508, 7.942,5562
13386,104623.602, 8.100,5562
13387,104631.891, 8.289,5562
13388,104640.438, 8.541,5562
13389,104651.172,10.731,5562
13390,104662.070,10.902,5562
13391,104672.055, 9.984,5562
13392,104680.992, 8.931,5562
13393,104689.797, 8.812,5562
13394,104698.492, 8.698,5562
13395,104707.516, 9.023,5562
13396,104715.984, 8.459,5562
13397,104724.352, 8.369,5562
13398,104733.641, 9.293,5562
13399,104742.469, 8.827,5562
13400,104752.023, 9.555,5562
13401,104761.305, 9.282,5562
13402,104770.508, 9.206,5562
13403,104779.023, 8.514,5562
13404,104787.672, 8.643,5562
13405,104798.195,10.531,5562
13406,104807.688, 9.491,5562
13407,104816.273, 8.585,5562
13408,104825.781, 9.511,5562
13409,104834.984, 9.197,5562
13410,104843.797, 8.817,5562
13411,104853.438, 9.641,5562
13412,104863.602,10.166,5562
13413,104874.117,10.515,5562
13414,104883.320, 9.199,5562
13415,104893.000, 9.677,5562
13416,104903.930,10.936,5562
13417,104912.711, 8.772,5562
13418,104921.766, 9.062,5562
13419,104930.930, 9.163,5562
13420,104940.516, 9.587,5562
13421,104949.406, 8.887,5562
13422,104958.648, 9.243,5562
13423,104969.688,11.034,5562
13424,104979.328, 9.643,5562
13425,104988.453, 9.126,5562
13426,104997.906, 9.456,5562
13427,105007.000, 9.089,5562
13428,105015.734, 8.734,5562
13429,105024.898, 9.170,5562
13430,105033.086, 8.187,5562
13431,105042.313, 9.225,5562
13432,105052.328,10.010,5562
13433,105061.078, 8.758,5562
13434,105070.117, 9.038,5562
13435,105079.547, 9.431,5562
13436,105088.367, 8.817,5562
13437,105097.508, 9.144,5562
13438,105107.023, 9.515,5562
13439,105115.508, 8.489,5562
13440,105124.313, 8.792,5562
13441,105133.211, 8.910,5562
13442,105142.172, 8.960,5562
13443,105150.969, 8.794,5562
13444,105159.781, 8.816,5562
13445,105169.086, 9.297,5562
13446,105178.727, 9.646,5562
13447,105188.477, 9.748,5562
13448,105198.023, 9.546,5562
13449,105206.477, 8.456,5562
13450,105215.461, 8.987,5562
13451,105224.836, 9.373,5562
13452,105233.719, 8.875,5562
13453,105242.469, 8.755,5562
13454,105251.422, 8.951,5562
13455,105260.203, 8.787,5562
13456,105268.469, 8.262,5562
13457,105277.102, 8.632,5562
13458,105286.242, 9.144,5562
13459,105295.313, 9.063,5562
13460,105304.586, 9.282,5562
13461,105315.367,10.775,5562
13462,105325.047, 9.681,5562
13463,105334.555, 9.511,5562
13464,105344.063, 9.503,5562
13465,105354.930,10.877,5562
13466,105364.367, 9.428,5562
13467,105373.203, 8.838,5562
13468,105382.258, 9.058,5562
13469,105390.945, 8.688,5562
13470,105400.016, 9.068,5562
13471,105409.477, 9.459,5562
13472,105419.055, 9.576,5562
13473,105427.633, 8.579,5562
13474,105436.945, 9.319,5562
13475,105447.695,10.743,5562
13476,105457.477, 9.788,5562
13477,105466.711, 9.229,5562
13478,105476.031, 9.320,5562
13479,105484.477, 8.447,5562
13480,105494.250, 9.777,5562
13481,105504.383,10.130,5562
13482,105513.969, 9.585,5562
13483,105523.516, 9.549,5562
13484,105533.508, 9.994,5562
13485,105542.680, 9.170,5562
13486,105551.695, 9.009,5562
13487,105561.367, 9.674,5562
13488,105570.148, 8.783,5562
13489,105579.211, 9.065,5562
13490,105588.008, 8.794,5562
13491,105599.055,11.046,5562
13492,105614.688,15.632,5562
13493,105625.008,10.321,5562
13494,105635.281,10.281,5562
13495,105645.266, 9.985,5562
13496,105654.344, 9.072,5562
13497,105663.328, 8.980,5562
13498,105673.000, 9.670,5562
13499,105682.117, 9.122,5562
13500,105691.141, 9.025,5562
13501,105700.406, 9.268,5562
13502,105709.414, 9.001,5562
13503,105719.297, 9.884,5562
13504,105728.492, 9.199,5562
13505,105737.914, 9.424,5562
13506,105747.516, 9.604,5562
13507,105756.852, 9.335,5562
13508,105766.047, 9.189,5562
13509,105774.664, 8.617,5562
13510,105783.078, 8.412,5562
13511,105792.016, 8.941,5562
13512,105801.195, 9.182,5562
13513,105809.758, 8.562,5562
13514,105818.555, 8.797,5562
13515,105827.930, 9.378,5562
13516,105836.539, 8.607,5562
13517,105845.797, 9.253,5562
13518,105856.617,10.830,5562
13519,105865.672, 9.048,5562
13520,105874.906, 9.236,5562
13521,105883.539, 8.633,5562
13522,105892.039, 8.501,5562
13523,105900.664, 8.619,5562
13524,105909.328, 8.667,5562
13525,105917.898, 8.577,5562
13526,105926.789, 8.882,5562
13527,105936.414, 9.628,5562
13528,105945.219, 8.807,5562
13529,105954.344, 9.124,5562
13530,105963.477, 9.131,5562
13531,105971.813, 8.338,5562
13532,105980.305, 8.486,5562
13533,105989.008, 8.705,5562
13534,105997.453, 8.449,5562
13535,106005.711, 8.255,5562
13536,106014.273, 8.572,5562
13537,106022.695, 8.410,5562
13538,106031.586, 8.901,5562
13539,106040.438, 8.842,5562
13540,106049.078, 8.641,5562
13541,106058.391, 9.316,5562
13542,106067.984, 9.593,5562
13543,106077.203, 9.219,5562
13544,106085.719, 8.517,5562
13545,106094.727, 9.009,5562
13546,106103.180, 8.451,5562
13547,106111.867, 8.691,5562
13548,106120.164, 8.298,5562
13549,106129.078, 8.905,5562
13550,106137.969, 8.891,5562
13551,106146.563, 8.597,5562
13552,106155.406, 8.843,5562
13553,106163.898, 8.498,5562
13554,106173.172, 9.266,5562
13555,106182.773, 9.601,5562
13556,106191.688, 8.919,5562
13557,106200.516, 8.829,5562
13558,106209.383, 8.863,5562
13559,106217.930, 8.549,5562
13560,106227.609, 9.683,5562
13561,106238.398,10.782,5562
13562,106250.828,12.433,5562
13563,106260.922,10.098,5562
13564,106271.742,10.814,5562
13565,106282.398,10.655,5562
13566,106292.570,10.177,5562
13567,106302.547, 9.973,5562
13568,106312.484, 9.940,5562
13569,106322.352, 9.862,5562
13570,106332.711,10.365,5562
13571,106342.563, 9.849,5562
13572,106353.531,10.974,5562
13573,106364.367,10.831,5562
13574,106374.563,10.197,5562
13575,106384.508, 9.948,5562
13576,106394.563,10.057,5562
13577,106403.430, 8.857,5562
13578,106411.797, 8.370,5562
13579,106421.000, 9.206,5562
13580,106430.945, 9.945,5562
13581,106439.641, 8.695,5562
13582,106447.852, 8.212,5562
13583,106456.594, 8.745,5562
13584,106465.586, 8.988,5562
13585,106474.195, 8.610,5562
13586,106483.648, 9.447,5562
13587,106492.328, 8.685,5562
13588,106501.188, 8.862,5562
13589,106510.352, 9.160,5562
13590,106518.883, 8.536,5562
13591,106527.875, 8.994,5562
13592,106537.172, 9.296,5562
13593,106545.375, 8.197,5562
13594,106553.859, 8.491,5562
13595,106562.648, 8.779,5562
13596,106572.875,10.235,5562
13597,106581.836, 8.956,5562
13598,106590.438, 8.604,5562
13599,106598.961, 8.521,5562
13600,106607.961, 8.997,5562
13601,106616.977, 9.020,5562
13602,106625.750, 8.776,5562
13603,106635.789,10.037,5562
13604,106647.000,11.208,5562
13605,106656.320, 9.319,5562
13606,106665.695, 9.375,5562
13607,106676.898,11.214,5562
13608,106688.164,11.262,5562
13609,106697.203, 9.034,5562
13610,106706.758, 9.556,5562
13611,106715.609, 8.857,5562
13612,106724.906, 9.294,5562
13613,106733.438, 8.531,5562
13614,106742.773, 9.337,5562
13615,106751.461, 8.682,5562
13616,106760.641, 9.176,5562
13617,106768.875, 8.241,5562
13618,106778.336, 9.458,5562
13619,106787.227, 8.897,5562
13620,106797.734,10.507,5562
13621,106807.305, 9.560,5562
13622,106817.484,10.186,5562
13623,106827.430, 9.944,5562
13624,106836.258, 8.837,5562
13625,106845.594, 9.335,5562
13626,106857.016,11.411,5562
13627,106866.297, 9.284,5562
13628,106875.789, 9.494,5562
13629,106885.609, 9.825,5562
13630,106896.180,10.566,5562
13631,106905.750, 9.574,5562
13632,106916.375,10.622,5562
13633,106925.836, 9.463,5562
13634,106934.758, 8.919,5562
13635,106944.797,10.038,5562
13636,106953.883, 9.092,5562
13637,106963.758, 9.869,5562
13638,106973.266, 9.511,5562
13639,106982.516, 9.248,5562
13640,106992.234, 9.721,5562
13641,107001.664, 9.426,5562
13642,107010.180, 8.519,5562
13643,107018.648, 8.462,5562
13644,107028.070, 9.429,5562
13645,107037.977, 9.903,5562
13646,107047.711, 9.736,5562
13647,107056.773, 9.066,5562
13648,107065.859, 9.080,5562
13649,107074.391, 8.534,5562
13650,107082.984, 8.589,5562
13651,107091.758, 8.778,5562
13652,107101.219, 9.467,5562
13653,107109.711, 8.485,5562
13654,107118.367, 8.653,5562
13655,107126.859, 8.498,5562
13656,107135.781, 8.920,5562
13657,107145.211, 9.430,5562
13658,107155.094, 9.883,5562
13659,107163.641, 8.539,5562
13660,107172.367, 8.733,5562
13661,107180.945, 8.579,5562
13662,107189.320, 8.374,5562
13663,107198.469, 9.150,5562
13664,107208.273, 9.810,5562
13665,107217.664, 9.383,5562
13666,107227.234, 9.575,5562
13667,107236.664, 9.427,5562
13668,107245.938, 9.274,5562
13669,107254.258, 8.327,5562
13670,107262.594, 8.333,5562
13671,107271.156, 8.556,5562
13672,107279.758, 8.606,5562
13673,107289.016, 9.254,5562
13674,107297.570, 8.558,5562
13675,107306.352, 8.779,5562
13676,107314.742, 8.394,5562
13677,107323.664, 8.914,5562
13678,107333.102, 9.444,5562
13679,107341.586, 8.487,5562
13680,107350.391, 8.795,5562
13681,107358.547, 8.164,5562
13682,107367.211, 8.664,5562
13683,107375.633, 8.418,5562
13684,107384.219, 8.587,5562
13685,107393.117, 8.896,5562
13686,107401.766, 8.652,5562
13687,107411.734, 9.969,5562
13688,107421.313, 9.575,5562
13689,107432.664,11.355,5562
13690,107444.820,12.153,5562
13691,107454.391, 9.568,5562
13692,107463.563, 9.177,5562
13693,107472.563, 9.003,5562
13694,107482.063, 9.497,5562
13695,107491.227, 9.163,5562
13696,107500.820, 9.599,5562
13697,107510.727, 9.903,5562
13698,107519.781, 9.056,5562
13699,107529.172, 9.392,5562
13700,107539.398,10.225,5562
13701,107548.172, 8.769,5562
13702,107557.305, 9.127,5562
13703,107566.719, 9.419,5562
13704,107575.336, 8.616,5562
13705,107584.430, 9.100,5562
13706,107593.305, 8.869,5562
13707,107601.977, 8.676,5562
13708,107611.367, 9.387,5562
13709,107621.070, 9.708,5562
13710,107630.234, 9.163,5562
13711,107639.313, 9.075,5562
13712,107648.492, 9.183,5562
13713,107658.133, 9.644,5562
13714,107667.906, 9.774,5562
13715,107677.281, 9.372,5562
13716,107686.219, 8.939,5562
13717,107695.594, 9.374,5562
13718,107705.461, 9.866,5562
13719,107714.773, 9.308,5562
13720,107723.852, 9.084,5562
13721,107734.078,10.221,5562
13722,107743.039, 8.963,5562
13723,107753.672,10.627,5562
13724,107762.977, 9.310,5562
13725,107772.125, 9.152,5562
13726,107781.242, 9.121,5562
13727,107789.852, 8.605,5562
13728,107798.367, 8.512,5562
13729,107807.055, 8.688,5562
13730,107815.766, 8.716,5562
13731,107824.102, 8.334,5562
13732,107833.906, 9.807,5562
13733,107843.867, 9.960,5562
13734,107853.813, 9.942,5562
13735,107862.609, 8.802,5562
13736,107871.578, 8.964,5562
13737,107880.555, 8.982,5562
13738,107889.484, 8.926,5562
13739,107897.961, 8.473,5562
13740,107906.445, 8.485,5562
13741,107916.039, 9.597,5562
13742,107924.727, 8.685,5562
13743,107933.672, 8.939,5562
13744,107942.539, 8.876,5562
13745,107951.133, 8.593,5562
13746,107961.188,10.053,5562
13747,107971.188,10.003,5562
13748,107980.484, 9.293,5562
13749,107989.695, 9.210,5562
13750,107999.695,10.001,5562
13751,108009.305, 9.609,5562
13752,108017.938, 8.636,5562
13753,108027.219, 9.281,5562
13754,108035.609, 8.393,5562
13755,108044.453, 8.842,5562
13756,108053.172, 8.722,5562
13757,108062.438, 9.261,5562
13758,108071.727, 9.286,5562
13759,108080.656, 8.926,5562
13760,108089.531, 8.881,5562
13761,108097.867, 8.341,5562
13762,108106.313, 8.436,5562
13763,108114.672, 8.359,5562
13764,108123.281, 8.615,5562
13765,108131.672, 8.383,5562
13766,108140.516, 8.851,5562
13767,108149.406, 8.889,5562
13768,108159.008, 9.597,5562
13769,108167.625, 8.622,5562
13770,108177.500, 9.878,5562
13771,108186.547, 9.051,5562
13772,108195.844, 9.288,5562
13773,108205.180, 9.340,5562
13774,108214.500, 9.316,5562
13775,108225.086,10.589,5562
13776,108236.563,11.478,5562
13777,108246.648,10.078,5562
13778,108256.414, 9.771,5562
13779,108266.422,10.010,5562
13780,108276.352, 9.924,5562
13781,108286.547,10.206,5562
13782,108296.195, 9.646,5562
13783,108305.992, 9.793,5562
13784,108315.883, 9.890,5562
13785,108325.227, 9.345,5562
13786,108334.492, 9.268,5562
13787,108344.484, 9.988,5562
13788,108354.680,10.197,5562
13789,108365.773,11.093,5562
13790,108375.180, 9.411,5562
13791,108385.313,10.125,5562
13792,108395.078, 9.767,5562
13793,108405.195,10.122,5562
13794,108414.789, 9.591,5562
13795,108423.914, 9.126,5562
13796,108432.539, 8.625,5562
13797,108442.250, 9.715,5562
13798,108450.969, 8.707,5562
13799,108459.570, 8.615,5562
13800,108468.438, 8.862,5562
13801,108477.734, 9.297,5562
13802,108486.367, 8.630,5562
13803,108496.438,10.074,5562
13804,108505.547, 9.106,5562
13805,108514.594, 9.051,5562
13806,108523.445, 8.851,5562
13807,108532.219, 8.772,5562
13808,108541.125, 8.909,5562
13809,108550.469, 9.342,5562
13810,108559.625, 9.149,5562
13811,108568.266, 8.651,5562
13812,108577.258, 8.990,5562
13813,108586.688, 9.427,5562
13814,108596.539, 9.854,5562
13815,108606.672,10.126,5562
13816,108616.188, 9.522,5562
13817,108628.070,11.882,5562
13818,108638.836,10.766,5562
13819,108648.164, 9.327,5562
13820,108657.867, 9.706,5562
13821,108668.125,10.256,5562
13822,108678.391,10.261,5562
13823,108687.586, 9.199,5562
13824,108697.492, 9.904,5562
13825,108708.406,10.911,5562
13826,108718.984,10.579,5562
13827,108728.289, 9.304,5562
13828,108737.016, 8.732,5562
13829,108745.695, 8.676,5562
13830,108754.648, 8.953,5562
13831,108763.289, 8.637,5562
13832,108772.070, 8.783,5562
13833,108780.930, 8.870,5562
13834,108790.945,10.012,5562
13835,108799.906, 8.959,5562
13836,108810.070,10.165,5562
13837,108819.969, 9.895,5562
13838,108829.227, 9.261,5562
13839,108838.602, 9.379,5562
13840,108848.000, 9.389,5562
13841,108857.586, 9.589,5562
13842,108867.523, 9.943,5562
13843,108878.117,10.586,5562
13844,108887.750, 9.632,5562
13845,108897.211, 9.466,5562
13846,108906.813, 9.603,5562
13847,108916.844,10.027,5562
13848,108927.188,10.346,5562
13849,108937.383,10.193,5562
13850,108947.664,10.279,5562
13851,108957.383, 9.725,5562
13852,108967.352, 9.966,5562
13853,108977.438,10.083,5562
13854,108987.852,10.421,5562
13855,108998.164,10.309,5562
13856,109007.961, 9.797,5562
13857,109017.836, 9.875,5562
13858,109029.180,11.343,5562
13859,109039.141, 9.964,5562
13860,109048.547, 9.407,5562
13861,109057.875, 9.325,5562
13862,109066.883, 9.013,5562
13863,109076.359, 9.469,5562
13864,109085.563, 9.211,5562
13865,109094.500, 8.931,5562
13866,109103.469, 8.968,5562
13867,109112.539, 9.075,5562
13868,109122.258, 9.716,5562
13869,109131.414, 9.155,5562
13870,109140.523, 9.110,5562
13871,109149.453, 8.933,5562
13872,109158.430, 8.973,5562
13873,109167.844, 9.415,5562
13874,109176.727, 8.883,5562
13875,109185.242, 8.516,5562
13876,109194.453, 9.212,5562
13877,109203.445, 8.993,5562
13878,109212.922, 9.474,5562
13879,109221.422, 8.499,5562
13880,109230.164, 8.743,5562
13881,109239.680, 9.514,5562
13882,109249.305, 9.625,5562
13883,109258.297, 8.988,5562
13884,109268.164, 9.876,5562
13885,109277.016, 8.843,5562
13886,109286.633, 9.616,5562
13887,109295.516, 8.893,5562
13888,109305.141, 9.623,5562
13889,109315.141,10.000,5562
13890,109324.961, 9.818,5562
13891,109334.766, 9.802,5562
13892,109345.023,10.257,5562
13893,109355.508,10.488,5562
13894,109364.641, 9.131,5562
13895,109373.477, 8.840,5562
13896,109382.820, 9.339,5562
13897,109391.289, 8.465,5562
13898,109399.992, 8.711,5562
13899,109409.359, 9.364,5562
13900,109421.289,11.924,5562
13901,109432.484,11.205,5562
13902,109442.188, 9.705,5562
13903,109451.797, 9.605,5562
13904,109460.883, 9.090,5562
13905,109470.102, 9.219,5562
13906,109479.305, 9.197,5562
13907,109489.047, 9.742,5562
13908,109499.039, 9.993,5562
13909,109508.531, 9.498,5562
13910,109517.688, 9.146,5562
13911,109527.891,10.215,5562
13912,109537.195, 9.301,5562
13913,109546.828, 9.635,5562
13914,109556.711, 9.877,5562
13915,109567.219,10.515,5562
13916,109576.875, 9.656,5562
13917,109586.578, 9.699,5562
13918,109595.508, 8.932,5562
13919,109604.789, 9.276,5562
13920,109614.695, 9.906,5562
13921,109624.313, 9.619,5562
13922,109633.438, 9.124,5562
13923,109642.422, 8.989,5562
13924,109651.766, 9.341,5562
13925,109662.320,10.548,5562
13926,109672.484,10.168,5562
13927,109683.797,11.316,5562
13928,109693.992,10.191,5562
13929,109703.961, 9.972,5562
13930,109715.086,11.124,5562
13931,109725.094,10.008,5562
13932,109736.430,11.333,5562
13933,109746.484,10.061,5562
13934,109756.914,10.426,5562
13935,109768.320,11.406,5562
13936,109778.414,10.092,5562
13937,109788.188, 9.775,5562
13938,109797.688, 9.503,5562
13939,109807.523, 9.839,5562
13940,109818.023,10.490,5562
13941,109828.555,10.537,5562
13942,109838.461, 9.908,5562
13943,109847.188, 8.728,5562
13944,109856.719, 9.528,5562
13945,109866.516, 9.799,5562
13946,109876.844,10.324,5562
13947,109886.539, 9.700,5562
13948,109896.000, 9.453,5562
13949,109904.906, 8.916,5562
13950,109913.484, 8.575,5562
13951,109922.805, 9.322,5562
13952,109931.969, 9.154,5562
13953,109940.922, 8.965,5562
13954,109950.172, 9.244,5562
13955,109959.000, 8.822,5562
13956,109967.883, 8.893,5562
13957,109976.578, 8.698,5562
13958,109986.813,10.229,5562
13959,109995.820, 9.009,5562
13960,110004.445, 8.621,5562
13961,110013.461, 9.019,5562
13962,110022.141, 8.678,5562
13963,110030.711, 8.568,5562
13964,110039.570, 8.866,5562
13965,110048.398, 8.824,5562
13966,110057.844, 9.451,5562
13967,110066.547, 8.704,5562
13968,110076.094, 9.537,5562
13969,110085.750, 9.661,5562
13970,110096.383,10.630,5562
13971,110105.227, 8.846,5562
13972,110115.164, 9.940,5562
13973,110124.750, 9.584,5562
13974,110134.445, 9.692,5562
13975,110143.484, 9.039,5562
13976,110152.578, 9.096,5562
13977,110161.047, 8.468,5562
13978,110170.625, 9.577,5562
13979,110180.453, 9.828,5562
13980,110191.461,11.012,5562
13981,110201.844,10.383,5562
13982,110212.359,10.513,5562
13983,110223.688,11.327,5562
13984,110233.883,10.200,5562
13985,110244.141,10.254,5562
13986,110253.781, 9.637,5562
13987,110263.188, 9.416,5562
13988,110272.484, 9.292,5562
13989,110281.742, 9.254,5562
13990,110290.953, 9.210,5562
13991,110301.180,10.234,5562
13992,110312.234,11.055,5562
13993,110323.477,11.235,5562
13994,110334.109,10.637,5562
13995,110344.688,10.578,5562
13996,110354.492, 9.803,5562
13997,110364.273, 9.788,5562
13998,110374.047, 9.765,5562
13999,110384.211,10.168,5562
14000,110395.516,11.307,5562
14001,110405.203, 9.690,5562
14002,110417.555,12.346,5562
14003,110427.609,10.056,5562
14004,110438.477,10.867,5562
14005,110448.258, 9.780,5562
14006,110458.289,10.025,5562
14007,110467.813, 9.527,5562
14008,110477.047, 9.231,5562
14009,110486.813, 9.774,5562
14010,110496.211, 9.399,5562
14011,110506.078, 9.865,5562
14012,110516.234,10.156,5562
14013,110527.461,11.229,5562
14014,110536.633, 9.166,5562
14015,110545.742, 9.114,5562
14016,110554.695, 8.948,5562
14017,110564.023, 9.325,5562
14018,110572.836, 8.820,5562
14019,110581.836, 8.997,5562
14020,110590.883, 9.047,5562
14021,110599.844, 8.967,5562
14022,110608.859, 9.011,5562
14023,110619.508,10.646,5562
14024,110630.633,11.123,5562
14025,110641.180,10.553,5562
14026,110650.586, 9.410,5562
14027,110659.625, 9.029,5562
14028,110668.766, 9.145,5562
14029,110677.742, 8.979,5562
14030,110688.234,10.490,5562
14031,110698.383,10.150,5562
14032,110708.461,10.077,5562
14033,110718.016, 9.553,5562
14034,110728.500,10.483,5562
14035,110740.266,11.773,5562
14036,110750.359,10.089,5562
14037,110760.172, 9.811,5562
14038,110770.188,10.016,5562
14039,110779.148, 8.963,5562
14040,110789.742,10.590,5562
14041,110799.711, 9.973,5562
14042,110809.016, 9.301,5562
14043,110818.883, 9.870,5562
14044,110829.047,10.163,5562
14045,110838.898, 9.854,5562
14046,110848.484, 9.584,5562
14047,110858.477, 9.990,5562
14048,110868.133, 9.659,5562
14049,110877.641, 9.507,5562
14050,110888.133,10.491,5562
14051,110897.797, 9.662,5562
14052,110907.570, 9.776,5562
14053,110916.938, 9.370,5562
14054,110926.688, 9.748,5562
14055,110937.305,10.612,5562
14056,110948.500,11.200,5562
14057,110958.680,10.174,5562
14058,110968.227, 9.555,5562
14059,110978.289,10.055,5562
14060,110988.227, 9.945,5562
14061,110998.227, 9.997,5562
14062,111008.555,10.334,5562
14063,111020.273,11.714,5562
14064,111031.000,10.722,5562
14065,111041.406,10.413,5562
14066,111051.586,10.183,5562
14067,111062.719,11.129,5562
14068,111072.914,10.193,5562
14069,111082.695, 9.782,5562
14070,111093.477,10.780,5562
14071,111102.727, 9.252,5562
14072,111112.922,10.195,5562
14073,111122.789, 9.869,5562
14074,111133.602,10.816,5562
14075,111144.578,10.970,5562
14076,111153.781, 9.202,5562
14077,111164.258,10.480,5562
14078,111173.234, 8.978,5562
14079,111182.086, 8.845,5562
14080,111191.461, 9.381,5562
14081,111200.531, 9.072,5562
14082,111209.508, 8.974,5562
14083,111218.859, 9.353,5562
14084,111228.375, 9.513,5562
14085,111238.805,10.430,5562
14086,111248.242, 9.442,5562
14087,111257.500, 9.254,5562
14088,111267.320, 9.820,5562
14089,111276.727, 9.405,5562
14090,111285.414, 8.690,5562
14091,111294.164, 8.747,5562
14092,111303.531, 9.367,5562
14093,111313.102, 9.568,5562
14094,111322.344, 9.244,5562
14095,111331.836, 9.494,5562
14096,111342.070,10.233,5562
14097,111351.484, 9.419,5562
14098,111361.938,10.456,5562
14099,111371.844, 9.899,5562
14100,111382.500,10.660,5562
14101,111391.813, 9.309,5562
14102,111401.344, 9.530,5562
14103,111411.164, 9.825,5562
14104,111422.195,11.027,5562
14105,111432.398,10.200,5562
14106,111441.688, 9.290,5562
14107,111451.227, 9.548,5562
14108,111460.547, 9.321,5562
14109,111470.063, 9.509,5562
14110,111481.031,10.971,5562
14111,111491.148,10.113,5562
14112,111500.531, 9.385,5562
14113,111511.313,10.778,5562
14114,111520.672, 9.359,5562
14115,111530.344, 9.675,5562
14116,111539.672, 9.328,5562
14117,111548.938, 9.272,5562
14118,111558.641, 9.696,5562
14119,111569.367,10.728,5562
14120,111578.867, 9.503,5562
14121,111588.734, 9.865,5562
14122,111598.438, 9.703,5562
14123,111608.461,10.026,5562
14124,111619.664,11.195,5562
14125,111629.648, 9.989,5562
14126,111639.664,10.012,5562
14127,111649.664,10.001,5562
14128,111661.266,11.606,5562
14129,111671.578,10.315,5562
14130,111681.578, 9.997,5562
14131,111692.664,11.084,5562
14132,111703.102,10.438,5562
14133,111713.898,10.801,5562
14134,111724.266,10.366,5562
14135,111735.344,11.074,5562
14136,111745.328, 9.986,5562
14137,111755.508,10.181,5562
14138,111765.859,10.353,5562
14139,111776.203,10.345,5562
14140,111786.148, 9.942,5562
14141,111795.633, 9.482,5562
14142,111805.563, 9.933,5562
14143,111816.406,10.844,5562
14144,111827.242,10.839,5562
14145,111836.727, 9.477,5562
14146,111846.383, 9.654,5562
14147,111855.922, 9.543,5562
14148,111865.602, 9.686,5562
14149,111875.586, 9.982,5562
14150,111885.156, 9.568,5562
14151,111894.688, 9.525,5562
14152,111904.781,10.101,5562
14153,111915.469,10.685,5562
14154,111924.953, 9.483,5562
14155,111934.500, 9.547,5562
14156,111944.430, 9.931,5562
14157,111954.586,10.162,5562
14158,111964.258, 9.669,5562
14159,111973.961, 9.695,5562
14160,111983.922, 9.971,5562
14161,111994.797,10.868,5562
14162,112006.023,11.223,5562
14163,112015.891, 9.872,5562
14164,112025.781, 9.896,5562
14165,112036.195,10.410,5562
14166,112046.523,10.327,5562
14167,112056.742,10.221,5562
14168,112067.813,11.074,5562
14169,112078.102,10.283,5562
14170,112087.750, 9.651,5562
14171,112097.039, 9.289,5562
14172,112107.000, 9.960,5562
14173,112116.758, 9.758,5562
14174,112126.203, 9.444,5562
14175,112135.781, 9.576,5562
14176,112146.070,10.289,5562
14177,112155.234, 9.167,5562
14178,112165.188, 9.954,5562
14179,112174.336, 9.148,5562
14180,112184.023, 9.684,5562
14181,112194.086,10.067,5562
14182,112205.305,11.217,5562
14183,112216.422,11.121,5562
14184,112229.359,12.934,5562
14185,112240.359,10.995,5562
14186,112250.578,10.223,5562
14187,112260.602,10.026,5562
14188,112271.430,10.825,5562
14189,112282.039,10.606,5562
14190,112292.289,10.254,5562
14191,112302.055, 9.762,5562
14192,112312.102,10.049,5562
14193,112323.461,11.363,5562
14194,112334.742,11.280,5562
14195,112344.852,10.112,5562
14196,112354.891,10.039,5562
14197,112365.016,10.119,5562
14198,112375.195,10.183,5562
14199,112385.125, 9.931,5562
14200,112396.203,11.079,5562
14201,112407.117,10.913,5562
14202,112418.133,11.017,5562
14203,112429.555,11.422,5562
14204,112441.570,12.017,5562
14205,112452.906,11.335,5562
14206,112463.266,10.364,5562
14207,112474.430,11.159,5562
14208,112485.008,10.570,5562
14209,112495.773,10.772,5562
14210,112506.930,11.162,5562
14211,112519.109,12.170,5562
14212,112530.094,10.988,5562
14213,112540.891,10.798,5562
14214,112551.281,10.387,5562
14215,112561.703,10.424,5562
14216,112571.602, 9.905,5562
14217,112581.859,10.256,5562
14218,112592.391,10.523,5562
14219,112602.344, 9.950,5562
14220,112612.695,10.356,5562
14221,112622.852,10.161,5562
14222,112635.195,12.340,5562
14223,112645.961,10.764,5562
14224,112657.570,11.613,5562
14225,112668.359,10.790,5562
14226,112678.578,10.222,5562
14227,112689.422,10.841,5562
14228,112699.680,10.252,5562
14229,112710.125,10.449,5562
14230,112720.367,10.238,5562
14231,112731.227,10.868,5562
14232,112741.383,10.147,5562
14233,112752.984,11.599,5562
14234,112764.578,11.604,5562
14235,112775.102,10.519,5562
14236,112785.305,10.199,5562
14237,112795.656,10.352,5562
14238,112806.352,10.695,5562
14239,112816.289, 9.942,5562
14240,112826.422,10.134,5562
14241,112837.203,10.783,5562
14242,112847.383,10.180,5562
14243,112857.203, 9.821,5562
14244,112867.555,10.353,5562
14245,112878.109,10.548,5562
14246,112888.727,10.616,5562
14247,112898.398, 9.675,5562
14248,112908.883,10.491,5562
14249,112918.906,10.020,5562
14250,112929.125,10.213,5562
14251,112939.836,10.716,5562
14252,112950.969,11.130,5562
14253,112961.883,10.920,5562
14254,112972.219,10.336,5562
14255,112983.016,10.792,5562
14256,112994.078,11.063,5562
14257,113004.563,10.488,5562
14258,113016.563,11.996,5562
14259,113030.406,13.842,5562
14260,113042.742,12.332,5562
14261,113054.523,11.788,5562
14262,113066.305,11.776,5562
14263,113077.734,11.428,5562
14264,113089.859,12.136,5562
14265,113101.906,12.044,5562
14266,113114.133,12.221,5562
14267,113125.453,11.320,5562
14268,113136.461,11.009,5562
14269,113148.984,12.518,5562
14270,113161.773,12.796,5562
14271,113174.203,12.432,5562
14272,113186.563,12.359,5562
14273,113197.547,10.984,5562
14274,113209.125,11.573,5562
14275,113219.992,10.869,5562
14276,113229.828, 9.843,5562
14277,113240.281,10.442,5562
14278,113250.141, 9.868,5562
14279,113260.391,10.249,5562
14280,113271.047,10.657,5562
14281,113283.992,12.944,5562
14282,113297.344,13.347,5562
14283,113308.359,11.013,5562
14284,113319.805,11.450,5562
14285,113330.883,11.083,5562
14286,113341.398,10.507,5562
14287,113352.336,10.943,5562
14288,113362.266, 9.936,5562
14289,113372.602,10.332,5562
14290,113383.359,10.750,5562
14291,113393.992,10.634,5562
14292,113405.234,11.247,5562
14293,113416.656,11.415,5562
14294,113432.070,15.415,5562
14295,113444.039,11.969,5562
14296,113455.852,11.821,5562
14297,113467.797,11.943,5562
14298,113478.078,10.276,5562
14299,113488.984,10.910,5562
14300,113499.563,10.578,5562
14301,113511.281,11.716,5562
14302,113522.414,11.136,5562
14303,113533.000,10.583,5562
14304,113543.617,10.614,5562
14305,113553.492, 9.882,5562
14306,113564.367,10.872,5562
14307,113575.906,11.543,5562
14308,113586.453,10.544,5562
14309,113597.555,11.108,5562
14310,113609.078,11.518,5562
14311,113621.203,12.129,5562
14312,113631.914,10.708,5562
14313,113642.758,10.842,5562
14314,113654.711,11.952,5562
14315,113666.281,11.568,5562
14316,113678.422,12.140,5562
14317,113690.281,11.862,5562
14318,113700.773,10.492,5562
14319,113712.563,11.790,5562
14320,113725.977,13.416,5562
14321,113737.922,11.952,5562
14322,113749.727,11.798,5562
14323,113760.836,11.110,5562
14324,113772.016,11.176,5562
14325,113782.891,10.878,5562
14326,113794.070,11.181,5562
14327,113804.961,10.886,5562
14328,113816.953,11.995,5562
14329,113830.102,13.150,5562
14330,113841.125,11.023,5562
14331,113851.539,10.418,5562
14332,113861.914,10.373,5562
14333,113873.258,11.346,5562
14334,113884.305,11.039,5562
14335,113895.695,11.388,5562
14336,113906.352,10.657,5562
14337,113916.547,10.204,5562
14338,113927.227,10.676,5562
14339,113938.758,11.533,5562
14340,113949.586,10.832,5562
14341,113960.789,11.193,5562
14342,113971.234,10.451,5562
14343,113981.320,10.082,5562
14344,113991.375,10.056,5562
14345,114001.617,10.236,5562
14346,114011.945,10.327,5562
14347,114022.281,10.336,5562
14348,114033.984,11.705,5562
14349,114045.883,11.904,5562
14350,114057.000,11.112,5562
14351,114067.469,10.477,5562
14352,114078.242,10.773,5562
14353,114088.344,10.095,5562
14354,114098.930,10.597,5562
14355,114109.391,10.455,5562
14356,114119.422,10.032,5562
14357,114130.141,10.718,5562
14358,114140.680,10.540,5562
14359,114152.211,11.534,5562
14360,114162.633,10.410,5562
14361,114172.773,10.150,5562
14362,114183.234,10.460,5562
14363,114194.758,11.522,5562
14364,114205.391,10.629,5562
14365,114216.773,11.384,5562
14366,114231.086,14.317,5562
14367,114243.000,11.906,5562
14368,114255.047,12.052,5562
14369,114267.141,12.095,5562
14370,114278.094,10.954,5562
14371,114289.539,11.447,5562
14372,114300.711,11.172,5562
14373,114312.039,11.326,5562
14374,114324.547,12.513,5562
14375,114336.500,11.950,5562
14376,114349.344,12.840,5562
14377,114360.953,11.605,5562
14378,114372.859,11.913,5562
14379,114384.625,11.761,5562
14380,114395.875,11.257,5562
14381,114406.977,11.096,5562
14382,114417.828,10.857,5562
14383,114429.859,12.031,5562
14384,114441.563,11.706,5562
14385,114452.719,11.146,5562
14386,114463.953,11.238,5562
14387,114476.234,12.282,5562
14388,114487.625,11.388,5562
14389,114499.000,11.376,5562
14390,114510.242,11.251,5562
14391,114521.492,11.247,5562
14392,114532.648,11.145,5562
14393,114543.828,11.192,5562
14394,114555.367,11.535,5562
14395,114566.383,11.013,5562
14396,114578.406,12.026,5562
14397,114590.180,11.778,5562
14398,114601.836,11.651,5562
14399,114612.359,10.519,5562
14400,114623.484,11.128,5562
14401,114636.359,12.871,5562
14402,114647.680,11.321,5562
14403,114658.086,10.410,5562
14404,114669.492,11.406,5562
14405,114680.289,10.793,5562
14406,114692.227,11.942,5562
14407,114703.461,11.239,5562
14408,114713.680,10.209,5562
14409,114724.344,10.671,5562
14410,114736.000,11.651,5562
14411,114746.766,10.768,5562
14412,114757.992,11.226,5562
14413,114769.141,11.150,5562
14414,114781.102,11.964,5562
14415,114792.531,11.426,5562
14416,114803.227,10.700,5562
14417,114813.852,10.624,5562
14418,114824.883,11.032,5562
14419,114835.742,10.853,5562
14420,114845.766,10.026,5562
14421,114856.984,11.219,5562
14422,114867.188,10.204,5562
14423,114880.352,13.161,5562
14424,114891.914,11.565,5562
14425,114904.070,12.154,5562
14426,114915.023,10.951,5562
14427,114925.195,10.179,5562
14428,114935.688,10.491,5562
14429,114946.719,11.027,5562
14430,114958.078,11.360,5562
14431,114968.633,10.549,5562
14432,114979.008,10.378,5562
14433,114991.234,12.237,5562
14434,115003.516,12.275,5562
14435,115014.344,10.822,5562
14436,115026.508,12.174,5562
14437,115039.336,12.825,5562
14438,115050.930,11.597,5562
14439,115061.602,10.670,5562
14440,115072.852,11.246,5562
14441,115083.641,10.786,5562
14442,115094.859,11.225,5562
14443,115105.586,10.733,5562
14444,115118.836,13.247,5562
14445,115129.578,10.741,5562
14446,115140.633,11.051,5562
14447,115151.414,10.781,5562
14448,115162.734,11.318,5562
14449,115173.188,10.457,5562
14450,115184.195,11.010,5562
14451,115195.039,10.840,5562
14452,115206.352,11.314,5562
14453,115219.633,13.275,5562
14454,115232.242,12.615,5562
14455,115243.359,11.115,5562
14456,115254.961,11.603,5562
14457,115265.555,10.598,5562
14458,115278.695,13.136,5562
14459,115290.117,11.425,5562
14460,115301.797,11.674,5562
14461,115314.719,12.925,5562
14462,115329.242,14.530,5562
14463,115343.375,14.123,5562
14464,115357.367,13.997,5562
14465,115369.836,12.470,5562
14466,115380.836,10.996,5562
14467,115392.078,11.244,5562
14468,115404.055,11.979,5562
14469,115415.977,11.914,5562
14470,115430.547,14.577,5562
14471,115444.711,14.164,5562
14472,115457.695,12.980,5562
14473,115468.984,11.287,5562
14474,115480.563,11.585,5562
14475,115492.109,11.547,5562
14476,115504.375,12.260,5562
14477,115515.141,10.769,5562
14478,115526.383,11.242,5562
14479,115539.672,13.286,5562
14480,115550.820,11.154,5562
14481,115562.633,11.805,5562
14482,115574.078,11.450,5562
14483,115585.492,11.418,5562
14484,115596.117,10.626,5562
14485,115606.453,10.336,5562
14486,115617.508,11.050,5562
14487,115628.539,11.036,5562
14488,115639.539,10.995,5562
14489,115650.633,11.088,5562
14490,115661.359,10.731,5562
14491,115672.234,10.877,5562
14492,115683.078,10.841,5562
14493,115694.000,10.921,5562
14494,115704.805,10.807,5562
14495,115715.820,11.015,5562
14496,115726.477,10.659,5562
14497,115737.820,11.347,5562
14498,115748.477,10.650,5562
14499,115759.703,11.224,5562
14500,115771.461,11.760,5562
14501,115782.953,11.490,5562
14502,115794.125,11.176,5562
14503,115806.008,11.882,5562
14504,115817.461,11.457,5562
14505,115830.414,12.953,5562
14506,115845.641,15.224,5562
14507,115858.477,12.839,5562
14508,115871.172,12.698,5562
14509,115883.469,12.289,5562
14510,115895.500,12.033,5562
14511,115909.250,13.751,5562
14512,115921.453,12.201,5562
14513,115933.813,12.360,5562
14514,115946.609,12.794,5562
14515,115959.461,12.858,5562
14516,115972.281,12.818,5562
14517,115984.023,11.736,5562
14518,115995.492,11.472,5562
14519,116008.234,12.751,5562
14520,116020.008,11.764,5562
14521,116031.164,11.158,5562
14522,116042.211,11.054,5562
14523,116053.328,11.110,5562
14524,116064.922,11.597,5562
14525,116076.563,11.642,5562
14526,116088.398,11.829,5562
14527,116100.188,11.796,5562
14528,116111.102,10.912,5562
14529,116122.070,10.971,5562
14530,116133.586,11.513,5562
14531,116144.320,10.734,5562
14532,116156.328,12.003,5562
14533,116167.164,10.841,5562
14534,116179.719,12.553,5562
14535,116190.750,11.034,5562
14536,116201.727,10.977,5562
14537,116212.805,11.075,5562
14538,116224.305,11.495,5562
14539,116237.125,12.824,5562
14540,116248.453,11.327,5562
14541,116260.109,11.657,5562
14542,116271.555,11.447,5562
14543,116284.078,12.524,5562
14544,116295.266,11.190,5562
14545,116306.891,11.623,5562
14546,116318.367,11.478,5562
14547,116329.891,11.525,5562
14548,116341.195,11.305,5562
14549,116352.625,11.425,5562
14550,116364.922,12.303,5562
14551,116376.547,11.621,5562
14552,116387.734,11.187,5562
14553,116399.727,11.988,5562
14554,116411.219,11.499,5562
14555,116422.469,11.250,5562
14556,116434.102,11.626,5562
14557,116446.797,12.702,5562
14558,116458.305,11.501,5562
14559,116470.336,12.035,5562
14560,116482.703,12.364,5562
14561,116494.883,12.183,5562
14562,116507.750,12.870,5562
14563,116520.773,13.022,5562
14564,116533.016,12.236,5562
14565,116546.406,13.392,5562
14566,116560.281,13.879,5562
14567,116573.906,13.626,5562
14568,116587.375,13.469,5562
14569,116600.570,13.199,5562
14570,116613.977,13.398,5562
14571,116629.227,15.255,5562
14572,116645.148,15.920,5562
14573,116656.930,11.786,5562
14574,116668.648,11.707,5562
14575,116680.570,11.933,5562
14576,116691.906,11.335,5562
14577,116703.953,12.043,5562
14578,116717.016,13.063,5562
14579,116728.477,11.465,5562
14580,116740.570,12.094,5562
14581,116752.461,11.888,5562
14582,116764.258,11.799,5562
14583,116775.523,11.264,5562
14584,116786.719,11.193,5562
14585,116798.867,12.148,5562
14586,116811.000,12.133,5562
14587,116822.773,11.773,5562
14588,116835.141,12.367,5562
14589,116846.039,10.896,5562
14590,116857.281,11.241,5562
14591,116868.680,11.400,5562
14592,116880.203,11.530,5562
14593,116891.742,11.533,5562
14594,116902.891,11.157,5562
14595,116915.172,12.275,5562
14596,116926.852,11.680,5562
14597,116937.625,10.768,5562
14598,116948.773,11.150,5562
14599,116959.992,11.216,5562
14600,116971.172,11.186,5562
14601,116982.438,11.270,5562
14602,116993.656,11.215,5562
14603,117004.695,11.034,5562
14604,117016.680,11.985,5562
14605,117029.703,13.030,5562
14606,117042.867,13.164,5562
14607,117054.016,11.147,5562
14608,117065.477,11.462,5562
14609,117077.398,11.915,5562
14610,117088.766,11.375,5562
14611,117099.914,11.149,5562
14612,117111.352,11.434,5562
14613,117124.102,12.746,5562
14614,117135.508,11.408,5562
14615,117146.922,11.418,5562
14616,117158.875,11.952,5562
14617,117170.914,12.040,5562
14618,117182.695,11.777,5562
14619,117194.742,12.048,5562
14620,117206.672,11.931,5562
14621,117217.781,11.109,5562
14622,117230.281,12.495,5562
14623,117243.453,13.176,5562
14624,117256.594,13.149,5562
14625,117268.617,12.015,5562
14626,117280.727,12.113,5562
14627,117292.805,12.076,5562
14628,117304.703,11.895,5562
14629,117317.047,12.345,5562
14630,117331.195,14.151,5562
14631,117343.523,12.327,5562
14632,117357.133,13.610,5562
14633,117370.273,13.135,5562
14634,117383.492,13.222,5562
14635,117396.047,12.559,5562
14636,117407.820,11.775,5562
14637,117419.242,11.425,5562
14638,117432.914,13.666,5562
14639,117445.695,12.781,5562
14640,117459.352,13.652,5562
14641,117471.023,11.675,5562
14642,117483.281,12.253,5562
14643,117495.641,12.358,5562
14644,117507.234,11.606,5562
14645,117519.414,12.171,5562
14646,117531.461,12.051,5562
14647,117544.719,13.255,5562
14648,117557.617,12.898,5562
14649,117569.820,12.205,5562
14650,117581.852,12.035,5562
14651,117593.633,11.778,5562
14652,117604.711,11.080,5562
14653,117616.578,11.870,5562
14654,117628.320,11.738,5562
14655,117639.758,11.434,5562
14656,117651.023,11.266,5562
14657,117663.773,12.753,5562
14658,117677.570,13.800,5562
14659,117689.203,11.632,5562
14660,117700.680,11.472,5562
14661,117713.375,12.693,5562
14662,117725.344,11.974,5562
14663,117737.422,12.076,5562
14664,117750.250,12.834,5562
14665,117763.219,12.965,5562
14666,117776.344,13.123,5562
14667,117789.289,12.940,5562
14668,117801.133,11.848,5562
14669,117814.492,13.360,5562
14670,117827.055,12.560,5562
14671,117841.313,14.260,5562
14672,117854.648,13.339,5562
14673,117866.320,11.667,5562
14674,117879.414,13.100,5562
14675,117892.234,12.818,5562
14676,117903.453,11.219,5562
14677,117915.781,12.329,5562
14678,117927.203,11.424,5562
14679,117939.328,12.118,5562
14680,117950.422,11.096,5562
14681,117963.125,12.703,5562
14682,117975.797,12.673,5562
14683,117988.883,13.088,5562
14684,118003.117,14.230,5562
14685,118016.711,13.599,5562
14686,118029.898,13.191,5562
14687,118043.094,13.193,5562
14688,118056.688,13.588,5562
14689,118070.133,13.450,5562
14690,118084.094,13.960,5562
14691,118098.031,13.937,5562
14692,118111.242,13.211,5562
14693,118125.219,13.977,5562
14694,118138.914,13.699,5562
14695,118151.383,12.461,5562
14696,118163.523,12.148,5562
14697,118175.992,12.462,5562
14698,118188.297,12.307,5562
14699,118200.148,11.856,5562
14700,118212.578,12.431,5562
14701,118224.992,12.408,5562
14702,118239.164,14.171,5562
14703,118251.414,12.250,5562
14704,118263.211,11.802,5562
14705,118275.203,11.987,5562
14706,118286.781,11.581,5562
14707,118299.211,12.432,5562
14708,118312.984,13.765,5562
14709,118326.008,13.021,5562
14710,118339.055,13.049,5562
14711,118350.453,11.399,5562
14712,118362.984,12.532,5562
14713,118374.727,11.744,5562
14714,118386.828,12.107,5562
14715,118398.586,11.754,5562
14716,118410.133,11.551,5562
14717,118422.539,12.401,5562
14718,118435.188,12.654,5562
14719,118447.461,12.273,5562
14720,118460.164,12.697,5562
14721,118472.031,11.868,5562
14722,118483.789,11.757,5562
14723,118495.367,11.580,5562
14724,118507.414,12.046,5562
14725,118521.242,13.835,5562
14726,118533.031,11.782,5562
14727,118545.133,12.104,5562
14728,118557.172,12.035,5562
14729,118568.188,11.020,5562
14730,118580.563,12.380,5562
14731,118593.461,12.889,5562
14732,118605.742,12.283,5562
14733,118618.438,12.694,5562
14734,118632.852,14.414,5562
14735,118646.922,14.076,5562
14736,118660.516,13.588,5562
14737,118672.961,12.445,5562
14738,118685.398,12.436,5562
14739,118697.625,12.227,5562
14740,118709.227,11.606,5562
14741,118721.445,12.217,5562
14742,118733.523,12.080,5562
14743,118746.055,12.533,5562
14744,118758.109,12.049,5562
14745,118770.969,12.855,5562
14746,118782.516,11.553,5562
14747,118794.219,11.707,5562
14748,118806.836,12.616,5562
14749,118820.680,13.839,5562
14750,118836.953,16.277,5562
14751,118852.344,15.386,5562
14752,118865.375,13.035,5562
14753,118878.273,12.897,5562
14754,118892.797,14.529,5562
14755,118905.406,12.606,5562
14756,118918.453,13.047,5562
14757,118931.945,13.491,5562
14758,118944.422,12.474,5562
14759,118958.148,13.727,5562
14760,118970.641,12.494,5562
14761,118983.250,12.613,5562
14762,118994.805,11.555,5562
14763,119005.828,11.018,5562
14764,119017.633,11.807,5562
14765,119029.508,11.881,5562
14766,119041.555,12.040,5562
14767,119055.336,13.781,5562
14768,119068.555,13.225,5562
14769,119080.813,12.256,5562
14770,119092.781,11.969,5562
14771,119104.469,11.685,5562
14772,119116.445,11.974,5562
14773,119128.813,12.367,5562
14774,119140.656,11.842,5562
14775,119152.477,11.825,5562
14776,119165.891,13.412,5562
14777,119177.836,11.948,5562
14778,119189.867,12.033,5562
14779,119202.359,12.484,5562
14780,119214.039,11.683,5562
14781,119225.078,11.038,5562
14782,119236.125,11.049,5562
14783,119247.570,11.445,5562
14784,119259.141,11.571,5562
14785,119272.438,13.299,5562
14786,119284.250,11.811,5562
14787,119296.070,11.822,5562
14788,119307.938,11.864,5562
14789,119320.328,12.391,5562
14790,119332.102,11.776,5562
14791,119344.234,12.134,5562
14792,119356.914,12.684,5562
14793,119369.805,12.882,5562
14794,119383.453,13.653,5562
14795,119396.180,12.721,5562
14796,119408.695,12.519,5562
14797,119421.742,13.042,5562
14798,119434.313,12.572,5562
14799,119448.391,14.083,5562
14800,119462.055,13.658,5562
14801,119474.555,12.508,5562
14802,119487.602,13.038,5562
14803,119500.398,12.799,5562
14804,119513.891,13.493,5562
14805,119527.125,13.239,5562
14806,119540.352,13.221,5562
14807,119554.227,13.881,5562
14808,119568.109,13.878,5562
14809,119581.422,13.312,5562
14810,119595.703,14.282,5562
14811,119608.359,12.657,5562
14812,119622.180,13.823,5562
14813,119634.734,12.552,5562
14814,119646.547,11.816,5562
14815,119658.539,11.988,5562
14816,119670.227,11.688,5562
14817,119682.258,12.039,5562
14818,119694.008,11.736,5562
14819,119706.664,12.664,5562
14820,119719.109,12.446,5562
14821,119731.273,12.154,5562
14822,119743.273,12.006,5562
14823,119755.539,12.267,5562
14824,119767.047,11.511,5562
14825,119779.039,11.986,5562
14826,119791.867,12.835,5562
14827,119803.297,11.425,5562
14828,119815.766,12.471,5562
14829,119827.281,11.508,5562
14830,119840.039,12.762,5562
14831,119853.984,13.946,5562
14832,119867.992,14.011,5562
14833,119880.891,12.903,5562
14834,119892.992,12.096,5562
14835,119905.492,12.505,5562
14836,119918.188,12.689,5562
14837,119929.781,11.596,5562
14838,119943.766,13.983,5562
14839,119956.055,12.292,5562
14840,119968.078,12.017,5562
14841,119980.328,12.254,5562
14842,119992.188,11.862,5562
14843,120004.656,12.462,5562
14844,120017.242,12.593,5562
14845,120030.609,13.358,5562
14846,120043.414,12.813,5562
14847,120057.094,13.674,5562
14848,120071.469,14.377,5562
14849,120083.719,12.248,5562
14850,120096.398,12.680,5562
14851,120109.125,12.729,5562
14852,120122.008,12.881,5562
14853,120135.016,13.006,5562
14854,120147.648,12.635,5562
14855,120160.359,12.715,5562
14856,120173.438,13.073,5562
14857,120185.984,12.544,5562
14858,120198.133,12.151,5562
14859,120210.445,12.316,5562
14860,120222.672,12.226,5562
14861,120236.680,14.006,5562
14862,120249.430,12.750,5562
14863,120263.969,14.540,5562
14864,120277.258,13.294,5562
14865,120289.469,12.210,5562
14866,120301.336,11.863,5562
14867,120313.922,12.587,5562
14868,120327.406,13.482,5562
14869,120340.484,13.086,5562
14870,120362.242,21.752,5562
14871,120381.211,18.970,5562
14872,120396.961,15.748,5562
14873,120409.500,12.539,5562
14874,120420.938,11.438,5562
14875,120432.898,11.965,5562
14876,120445.602,12.695,5562
14877,120457.648,12.047,5562
14878,120469.875,12.233,5562
14879,120481.625,11.744,5562
14880,120493.438,11.814,5562
14881,120505.016,11.581,5562
14882,120518.211,13.198,5562
14883,120530.414,12.202,5562
14884,120542.719,12.303,5562
14885,120555.359,12.636,5562
14886,120567.367,12.013,5562
14887,120579.492,12.130,5562
14888,120591.781,12.284,5562
14889,120604.461,12.679,5562
14890,120615.977,11.516,5562
14891,120627.313,11.331,5562
14892,120639.148,11.839,5562
14893,120650.375,11.225,5562
14894,120666.141,15.771,5562
14895,120679.313,13.168,5562
14896,120691.813,12.505,5562
14897,120703.148,11.337,5562
14898,120715.297,12.144,5562
14899,120727.094,11.794,5562
14900,120739.156,12.071,5562
14901,120752.453,13.289,5562
14902,120766.086,13.635,5562
14903,120779.375,13.287,5562
14904,120791.430,12.061,5562
14905,120804.188,12.756,5562
14906,120816.703,12.509,5562
14907,120829.641,12.941,5562
14908,120842.695,13.051,5562
14909,120857.570,14.886,5562
14910,120870.711,13.135,5562
14911,120885.445,14.733,5562
14912,120898.977,13.531,5562
14913,120912.125,13.152,5562
14914,120925.039,12.908,5562
14915,120938.133,13.101,5562
14916,120951.094,12.953,5562
14917,120963.898,12.815,5562
14918,120976.766,12.860,5562
14919,120989.508,12.741,5562
14920,121002.773,13.266,5562
14921,121016.195,13.424,5562
14922,121030.758,14.559,5562
14923,121043.703,12.943,5562
14924,121057.031,13.332,5562
14925,121070.383,13.349,5562
14926,121085.695,15.314,5562
14927,121099.648,13.954,5562
14928,121112.063,12.412,5562
14929,121124.438,12.380,5562
14930,121137.063,12.625,5562
14931,121149.406,12.342,5562
14932,121161.734,12.329,5562
14933,121174.938,13.202,5562
14934,121187.109,12.174,5562
14935,121200.836,13.731,5562
14936,121214.234,13.396,5562
14937,121226.555,12.319,5562
14938,121238.078,11.523,5562
14939,121249.828,11.746,5562
14940,121261.797,11.970,5562
14941,121274.438,12.640,5562
14942,121287.102,12.663,5562
14943,121299.320,12.223,5562
14944,121311.367,12.040,5562
14945,121323.648,12.287,5562
14946,121335.852,12.204,5562
14947,121347.789,11.934,5562
14948,121360.883,13.103,5562
14949,121372.602,11.705,5562
14950,121384.438,11.842,5562
14951,121396.492,12.060,5562
14952,121409.016,12.513,5562
14953,121421.578,12.569,5562
14954,121435.094,13.517,5562
14955,121448.898,13.805,5562
14956,121462.023,13.117,5562
14957,121477.328,15.308,5562
14958,121491.289,13.958,5562
14959,121505.516,14.232,5562
14960,121519.203,13.691,5562
14961,121532.453,13.244,5562
14962,121545.344,12.892,5562
14963,121557.563,12.226,5562
14964,121569.906,12.344,5562
14965,121581.836,11.928,5562
14966,121593.359,11.515,5562
14967,121605.555,12.204,5562
14968,121617.906,12.351,5562
14969,121630.359,12.450,5562
14970,121642.789,12.426,5562
14971,121654.781,11.997,5562
14972,121667.070,12.283,5562
14973,121679.656,12.588,5562
14974,121692.094,12.440,5562
14975,121705.023,12.928,5562
14976,121716.828,11.806,5562
14977,121729.844,13.017,5562
14978,121742.602,12.753,5562
14979,121755.977,13.371,5562
14980,121767.938,11.965,5562
14981,121780.039,12.101,5562
14982,121793.914,13.885,5562
14983,121806.703,12.784,5562
14984,121819.039,12.336,5562
14985,121830.102,11.062,5562
14986,121842.328,12.226,5562
14987,121854.680,12.352,5562
14988,121866.055,11.377,5562
14989,121877.914,11.862,5562
14990,121891.914,13.997,5562
14991,121904.578,12.668,5562
14992,121922.117,17.535,5562
14993,121934.047,11.923,5562
14994,121946.398,12.358,5562
14995,121957.961,11.559,5562
14996,121969.625,11.659,5562
14997,121981.414,11.793,5562
14998,121993.516,12.106,5562
14999,122006.086,12.571,5562
15000,122018.070,11.977,5562
15001,122030.039,11.969,5562
15002,122040.945,10.906,5562
15003,122052.516,11.575,5562
15004,122064.797,12.285,5562
15005,122076.852,12.054,5562
15006,122088.945,12.087,5562
15007,122100.672,11.725,5562
15008,122112.992,12.321,5562
15009,122124.430,11.443,5562
15010,122136.070,11.636,5562
15011,122147.609,11.542,5562
15012,122160.281,12.666,5562
15013,122171.875,11.603,5562
15014,122183.656,11.780,5562
15015,122194.852,11.194,5562
15016,122206.813,11.960,5562
15017,122219.461,12.649,5562
15018,122232.375,12.913,5562
15019,122245.102,12.729,5562
15020,122258.664,13.562,5562
15021,122272.563,13.898,5562
15022,122289.023,16.456,5562
15023,122304.008,14.989,5562
15024,122318.125,14.118,5562
15025,122331.719,13.596,5562
15026,122345.281,13.559,5562
15027,122359.898,14.618,5562
15028,122374.313,14.412,5562
15029,122387.758,13.446,5562
15030,122400.195,12.441,5562
15031,122413.266,13.067,5562
15032,122426.195,12.933,5562
15033,122439.797,13.602,5562
15034,122451.828,12.032,5562
15035,122463.758,11.924,5562
15036,122476.008,12.254,5562
15037,122488.016,12.006,5562
15038,122500.633,12.617,5562
15039,122512.547,11.920,5562
15040,122524.789,12.236,5562
15041,122536.750,11.958,5562
15042,122547.992,11.239,5562
15043,122559.969,11.979,5562
15044,122571.953,11.984,5562
15045,122584.859,12.916,5562
15046,122596.633,11.767,5562
15047,122609.203,12.571,5562
15048,122621.016,11.812,5562
15049,122633.398,12.386,5562
15050,122645.352,11.947,5562
15051,122657.484,12.137,5562
15052,122669.203,11.721,5562
15053,122681.125,11.923,5562
15054,122696.398,15.268,5562
15055,122709.859,13.465,5562
15056,122722.195,12.338,5562
15057,122734.547,12.348,5562
15058,122746.297,11.744,5562
15059,122758.195,11.908,5562
15060,122770.102,11.906,5562
15061,122782.195,12.092,5562
15062,122794.539,12.345,5562
15063,122806.672,12.127,5562
15064,122819.289,12.619,5562
15065,122832.680,13.393,5562
15066,122844.008,11.325,5562
15067,122856.328,12.322,5562
15068,122868.195,11.870,5562
15069,122881.219,13.022,5562
15070,122895.375,14.156,5562
15071,122907.875,12.505,5562
15072,122920.766,12.881,5562
15073,122932.977,12.210,5562
15074,122945.813,12.842,5562
15075,122958.266,12.450,5562
15076,122969.992,11.727,5562
15077,122982.445,12.457,5562
15078,122994.531,12.089,5562
15079,123008.164,13.627,5562
15080,123021.359,13.190,5562
15081,123033.844,12.491,5562
15082,123046.477,12.632,5562
15083,123059.781,13.302,5562
15084,123072.625,12.845,5562
15085,123085.320,12.693,5562
15086,123098.945,13.624,5562
15087,123110.938,11.996,5562
15088,123123.086,12.150,5562
15089,123135.977,12.883,5562
15090,123148.250,12.281,5562
15091,123161.313,13.061,5562
15092,123173.906,12.595,5562
15093,123186.117,12.210,5562
15094,123198.148,12.034,5562
15095,123210.141,11.989,5562
15096,123222.234,12.095,5562
15097,123234.852,12.616,5562
15098,123246.570,11.722,5562
15099,123258.656,12.079,5562
15100,123270.930,12.272,5562
15101,123283.156,12.233,5562
15102,123295.070,11.912,5562
15103,123306.625,11.552,5562
15104,123318.008,11.382,5562
15105,123330.039,12.033,5562
15106,123342.711,12.673,5562
15107,123354.906,12.201,5562
15108,123367.492,12.579,5562
15109,123380.016,12.523,5562
15110,123392.297,12.282,5562
15111,123405.211,12.920,5562
15112,123417.227,12.018,5562
15113,123429.422,12.189,5562
15114,123442.453,13.034,5562
15115,123456.672,14.212,5562
15116,123470.070,13.403,5562
15117,123484.477,14.405,5562
15118,123500.305,15.824,5562
15119,123513.094,12.795,5562
15120,123525.508,12.419,5562
15121,123537.711,12.197,5562
15122,123550.438,12.731,5562
15123,123563.531,13.091,5562
15124,123575.750,12.220,5562
15125,123588.195,12.448,5562
15126,123599.609,11.407,5562
15127,123612.047,12.441,5562
15128,123625.352,13.303,5562
15129,123636.695,11.341,5562
15130,123648.609,11.914,5562
15131,123662.859,14.257,5562
15132,123674.742,11.875,5562
15133,123687.641,12.897,5562
15134,123701.211,13.579,5562
15135,123714.617,13.397,5562
15136,123727.641,13.029,5562
15137,123741.125,13.489,5562
15138,123754.320,13.190,5562
15139,123767.891,13.572,5562
15140,123780.898,13.014,5562
15141,123793.266,12.355,5562
15142,123805.797,12.533,5562
15143,123818.758,12.964,5562
15144,123831.977,13.212,5562
15145,123845.367,13.397,5562
15146,123858.750,13.382,5562
15147,123871.188,12.439,5562
15148,123882.750,11.564,5562
15149,123895.461,12.709,5562
15150,123908.992,13.526,5562
15151,123920.391,11.399,5562
15152,123932.148,11.762,5562
15153,123943.672,11.520,5562
15154,123955.305,11.634,5562
15155,123967.430,12.131,5562
15156,123980.469,13.040,5562
15157,123993.078,12.607,5562
15158,124005.172,12.098,5562
15159,124018.023,12.846,5562
15160,124030.805,12.782,5562
15161,124041.820,11.017,5562
15162,124053.242,11.420,5562
15163,124065.906,12.670,5562
15164,124077.508,11.593,5562
15165,124089.445,11.940,5562
15166,124100.961,11.511,5562
15167,124112.250,11.294,5562
15168,124124.594,12.338,5562
15169,124136.211,11.625,5562
15170,124148.391,12.179,5562
15171,124159.766,11.374,5562
15172,124171.289,11.521,5562
15173,124182.633,11.346,5562
15174,124195.391,12.755,5562
15175,124206.883,11.498,5562
15176,124218.398,11.514,5562
15177,124230.641,12.234,5562
15178,124243.219,12.590,5562
15179,124254.680,11.457,5562
15180,124267.086,12.402,5562
15181,124278.883,11.801,5562
15182,124292.492,13.612,5562
15183,124307.367,14.865,5562
15184,124320.414,13.052,5562
15185,124332.352,11.936,5562
15186,124343.945,11.591,5562
15187,124356.289,12.347,5562
15188,124368.695,12.405,5562
15189,124381.680,12.987,5562
15190,124393.547,11.871,5562
15191,124406.898,13.353,5562
15192,124419.938,13.032,5562
15193,124434.227,14.295,5562
15194,124447.234,13.011,5562
15195,124460.938,13.696,5562
15196,124474.211,13.278,5562
15197,124487.508,13.291,5562
15198,124500.781,13.276,5562
15199,124514.625,13.837,5562
15200,124528.531,13.913,5562
15201,124542.422,13.885,5562
15202,124555.719,13.300,5562
15203,124568.656,12.937,5562
15204,124582.461,13.806,5562
15205,124597.156,14.701,5562
15206,124612.625,15.457,5562
15207,124628.813,16.194,5562
15208,124641.633,12.819,5562
15209,124653.992,12.357,5562
15210,124665.961,11.970,5562
15211,124677.453,11.492,5562
15212,124689.078,11.624,5562
15213,124701.805,12.732,5562
15214,124714.758,12.953,5562
15215,124729.289,14.526,5562
15216,124741.688,12.397,5562
15217,124753.984,12.300,5562
15218,124766.133,12.154,5562
15219,124779.648,13.508,5562
15220,124792.453,12.813,5562
15221,124806.477,14.020,5562
15222,124819.234,12.764,5562
15223,124830.930,11.682,5562
15224,124843.039,12.112,5562
15225,124855.516,12.483,5562
15226,124867.336,11.811,5562
15227,124878.578,11.250,5562
15228,124890.852,12.276,5562
15229,124903.648,12.789,5562
15230,124916.422,12.779,5562
15231,124928.375,11.953,5562
15232,124940.891,12.520,5562
15233,124953.039,12.144,5562
15234,124964.711,11.671,5562
15235,124976.195,11.488,5562
15236,124987.609,11.410,5562
15237,124998.828,11.222,5562
15238,125011.297,12.464,5562
15239,125023.273,11.970,5562
15240,125034.961,11.689,5562
15241,125048.469,13.517,5562
15242,125061.406,12.937,5562
15243,125073.156,11.750,5562
15244,125086.359,13.198,5562
15245,125099.438,13.078,5562
15246,125113.156,13.722,5562
15247,125125.617,12.456,5562
15248,125138.195,12.589,5562
15249,125151.078,12.880,5562
15250,125164.000,12.917,5562
15251,125177.617,13.615,5562
15252,125189.844,12.228,5562
15253,125202.359,12.520,5562
15254,125214.961,12.597,5562
15255,125228.266,13.300,5562
15256,125241.203,12.949,5562
15257,125254.508,13.301,5562
15258,125266.820,12.309,5562
15259,125278.688,11.869,5562
15260,125290.578,11.892,5562
15261,125302.836,12.257,5562
15262,125315.961,13.123,5562
15263,125328.531,12.571,5562
15264,125341.773,13.243,5562
15265,125354.484,12.715,5562
15266,125367.992,13.500,5562
15267,125380.383,12.396,5562
15268,125391.602,11.215,5562
15269,125403.320,11.722,5562
15270,125414.805,11.482,5562
15271,125426.859,12.059,5562
15272,125438.633,11.764,5562
15273,125450.141,11.519,5562
15274,125462.391,12.243,5562
15275,125474.891,12.504,5562
15276,125486.836,11.943,5562
15277,125498.828,11.992,5562
15278,125512.680,13.855,5562
15279,125524.820,12.141,5562
15280,125536.977,12.148,5562
15281,125550.172,13.206,5562
15282,125562.461,12.286,5562
15283,125574.867,12.408,5562
15284,125588.477,13.610,5562
15285,125600.031,11.547,5562
15286,125612.031,12.001,5562
15287,125624.125,12.094,5562
15288,125635.883,11.763,5562
15289,125647.484,11.600,5562
15290,125660.195,12.711,5562
15291,125673.016,12.819,5562
15292,125687.219,14.204,5562
15293,125700.289,13.063,5562
15294,125713.758,13.472,5562
15295,125726.734,12.976,5562
15296,125740.633,13.895,5562
15297,125754.539,13.917,5562
15298,125767.125,12.581,5562
15299,125781.484,14.361,5562
15300,125794.867,13.387,5562
15301,125808.906,14.041,5562
15302,125821.555,12.645,5562
15303,125834.273,12.713,5562
15304,125846.781,12.512,5562
15305,125860.133,13.354,5562
15306,125872.961,12.820,5562
15307,125885.188,12.229,5562
15308,125899.789,14.607,5562
15309,125913.875,14.082,5562
15310,125926.359,12.486,5562
15311,125938.086,11.728,5562
15312,125950.094,12.003,5562
15313,125961.547,11.461,5562
15314,125974.508,12.959,5562
15315,125986.805,12.296,5562
15316,125998.719,11.913,5562
15317,126012.102,13.384,5562
15318,126024.016,11.907,5562
15319,126036.070,12.058,5562
15320,126048.008,11.933,5562
15321,126059.430,11.424,5562
15322,126070.758,11.332,5562
15323,126083.219,12.465,5562
15324,126095.227,12.006,5562
15325,126107.328,12.099,5562
15326,126119.813,12.481,5562
15327,126131.406,11.598,5562
15328,126143.297,11.883,5562
15329,126154.633,11.342,5562
15330,126166.156,11.522,5562
15331,126177.617,11.457,5562
15332,126188.820,11.214,5562
15333,126200.109,11.287,5562
15334,126211.328,11.210,5562
15335,126223.594,12.268,5562
15336,126235.656,12.062,5562
15337,126247.508,11.854,5562
15338,126260.961,13.449,5562
15339,126273.094,12.135,5562
15340,126284.188,11.096,5562
15341,126296.117,11.930,5562
15342,126310.219,14.102,5562
15343,126323.438,13.220,5562
15344,126335.648,12.207,5562
15345,126347.945,12.294,5562
15346,126359.672,11.730,5562
15347,126371.773,12.102,5562
15348,126383.727,11.955,5562
15349,126396.125,12.396,5562
15350,126407.750,11.630,5562
15351,126420.305,12.547,5562
15352,126432.453,12.151,5562
15353,126445.266,12.812,5562
15354,126457.508,12.247,5562
15355,126470.531,13.024,5562
15356,126482.055,11.517,5562
15357,126493.680,11.628,5562
15358,126505.703,12.022,5562
15359,126517.781,12.084,5562
15360,126529.766,11.984,5562
15361,126542.469,12.701,5562
15362,126554.742,12.271,5562
15363,126566.867,12.126,5562
15364,126579.477,12.610,5562
15365,126592.109,12.635,5562
15366,126604.438,12.326,5562
15367,126617.391,12.955,5562
15368,126629.930,12.529,5562
15369,126642.805,12.884,5562
15370,126656.227,13.420,5562
15371,126669.289,13.064,5562
15372,126682.383,13.095,5562
15373,126695.125,12.745,5562
15374,126706.117,10.989,5562
15375,126719.875,13.762,5562
15376,126733.289,13.403,5562
15377,126746.742,13.461,5562
15378,126758.375,11.632,5562
15379,126770.414,12.036,5562
15380,126782.414,12.004,5562
15381,126795.445,13.025,5562
15382,126807.719,12.274,5562
15383,126820.273,12.554,5562
15384,126833.328,13.055,5562
15385,126847.430,14.107,5562
15386,126859.578,12.151,5562
15387,126872.328,12.743,5562
15388,126885.719,13.395,5562
15389,126897.609,11.881,5562
15390,126910.313,12.704,5562
15391,126923.594,13.287,5562
15392,126935.906,12.320,5562
15393,126947.234,11.322,5562
15394,126959.672,12.431,5562
15395,126971.672,12.001,5562
15396,126983.672,12.006,5562
15397,126996.664,12.989,5562
15398,127007.664,11.000,5562
15399,127019.398,11.737,5562
15400,127031.977,12.573,5562
15401,127043.398,11.423,5562
15402,127055.555,12.165,5562
15403,127066.977,11.411,5562
15404,127079.141,12.167,5562
15405,127091.375,12.236,5562
15406,127102.750,11.379,5562
15407,127116.227,13.481,5562
15408,127129.875,13.648,5562
15409,127142.664,12.780,5562
15410,127154.711,12.047,5562
15411,127167.031,12.323,5562
15412,127178.766,11.733,5562
15413,127191.930,13.157,5562
15414,127204.008,12.084,5562
15415,127216.641,12.633,5562
15416,127229.445,12.810,5562
15417,127240.883,11.435,5562
15418,127252.805,11.918,5562
15419,127264.523,11.725,5562
15420,127275.859,11.337,5562
15421,127288.648,12.778,5562
15422,127301.891,13.255,5562
15423,127313.594,11.694,5562
15424,127326.102,12.511,5562
15425,127338.195,12.100,5562
15426,127352.070,13.868,5562
15427,127365.133,13.066,5562
15428,127378.664,13.524,5562
15429,127390.453,11.791,5562
15430,127402.813,12.364,5562
15431,127416.086,13.267,5562
15432,127429.422,13.340,5562
15433,127442.953,13.531,5562
15434,127455.992,13.040,5562
15435,127468.773,12.781,5562
15436,127479.852,11.083,5562
15437,127492.164,12.309,5562
15438,127503.875,11.708,5562
15439,127516.320,12.443,5562
15440,127530.391,14.072,5562
15441,127542.219,11.831,5562
15442,127553.625,11.405,5562
15443,127565.602,11.971,5562
15444,127578.969,13.372,5562
15445,127589.563,10.601,5562
15446,127600.711,11.145,5562
15447,127612.797,12.081,5562
15448,127624.336,11.538,5562
15449,127635.859,11.529,5562
15450,127648.711,12.850,5562
15451,127660.344,11.628,5562
15452,127671.695,11.355,5562
15453,127683.203,11.515,5562
15454,127694.156,10.948,5562
15455,127705.609,11.448,5562
15456,127718.430,12.827,5562
15457,127730.195,11.761,5562
15458,127742.203,12.014,5562
15459,127753.734,11.524,5562
15460,127765.180,11.452,5562
15461,127776.141,10.956,5562
15462,127787.625,11.486,5562
15463,127799.648,12.022,5562
15464,127811.156,11.512,5562
15465,127822.328,11.163,5562
15466,127833.859,11.543,5562
15467,127845.516,11.653,5562
15468,127856.906,11.392,5562
15469,127869.844,12.935,5562
15470,127881.797,11.951,5562
15471,127894.367,12.569,5562
15472,127906.289,11.918,5562
15473,127918.633,12.350,5562
15474,127934.445,15.809,5562
15475,127948.039,13.595,5562
15476,127962.531,14.497,5562
15477,127974.688,12.150,5562
15478,127987.461,12.780,5562
15479,128001.172,13.711,5562
15480,128015.984,14.805,5562
15481,128030.930,14.942,5562
15482,128044.961,14.033,5562
15483,128057.609,12.648,5562
15484,128071.750,14.144,5562
15485,128083.516,11.767,5562
15486,128094.867,11.356,5562
15487,128108.016,13.141,5562
15488,128119.773,11.759,5562
15489,128131.344,11.570,5562
15490,128142.727,11.386,5562
15491,128154.391,11.663,5562
15492,128167.172,12.788,5562
15493,128179.313,12.130,5562
15494,128191.133,11.823,5562
15495,128202.898,11.775,5562
15496,128215.586,12.673,5562
15497,128228.188,12.610,5562
15498,128240.086,11.893,5562
15499,128251.875,11.798,5562
15500,128265.398,13.521,5562
15501,128276.891,11.496,5562
15502,128288.297,11.394,5562
15503,128299.953,11.659,5562
15504,128311.477,11.531,5562
15505,128324.438,12.957,5562
15506,128337.383,12.947,5562
15507,128349.227,11.844,5562
15508,128362.055,12.825,5562
15509,128376.023,13.972,5562
15510,128387.664,11.639,5562
15511,128399.414,11.746,5562
15512,128411.219,11.813,5562
15513,128423.258,12.032,5562
15514,128435.289,12.028,5562
15515,128446.969,11.683,5562
15516,128459.406,12.442,5562
15517,128472.133,12.721,5562
15518,128484.297,12.165,5562
15519,128495.766,11.472,5562
15520,128507.523,11.755,5562
15521,128520.430,12.906,5562
15522,128532.680,12.253,5562
15523,128544.969,12.282,5562
15524,128557.305,12.339,5562
15525,128569.094,11.795,5562
15526,128582.531,13.437,5562
15527,128596.250,13.711,5562
15528,128609.422,13.176,5562
15529,128622.180,12.757,5562
15530,128634.188,12.012,5562
15531,128646.805,12.614,5562
15532,128659.680,12.872,5562
15533,128672.102,12.430,5562
15534,128685.672,13.568,5562
15535,128699.141,13.467,5562
15536,128712.664,13.517,5562
15537,128726.969,14.305,5562
15538,128741.719,14.754,5562
15539,128754.742,13.024,5562
15540,128767.633,12.886,5562
15541,128779.266,11.636,5562
15542,128791.898,12.638,5562
15543,128803.828,11.929,5562
15544,128815.727,11.893,5562
15545,128828.570,12.852,5562
15546,128841.336,12.761,5562
15547,128852.742,11.405,5562
15548,128865.766,13.029,5562
15549,128878.102,12.328,5562
15550,128889.844,11.750,5562
15551,128903.070,13.225,5562
15552,128914.828,11.760,5562
15553,128927.117,12.283,5562
15554,128939.313,12.197,5562
15555,128951.898,12.591,5562
15556,128964.906,13.009,5562
15557,128977.469,12.559,5562
15558,128989.031,11.560,5562
15559,129000.922,11.882,5562
15560,129013.117,12.201,5562
15561,129024.992,11.875,5562
15562,129036.625,11.629,5562
15563,129048.609,11.988,5562
15564,129060.141,11.535,5562
15565,129072.367,12.227,5562
15566,129084.961,12.587,5562
15567,129098.695,13.741,5562
15568,129112.727,14.028,5562
15569,129126.438,13.713,5562
15570,129140.391,13.954,5562
15571,129152.898,12.511,5562
15572,129166.227,13.328,5562
15573,129178.664,12.434,5562
15574,129192.039,13.370,5562
15575,129204.422,12.388,5562
15576,129217.461,13.041,5562
15577,129229.727,12.263,5562
15578,129241.891,12.168,5562
15579,129254.813,12.921,5562
15580,129266.516,11.698,5562
15581,129279.000,12.484,5562
15582,129291.492,12.493,5562
15583,129304.234,12.744,5562
15584,129316.484,12.247,5562
15585,129329.563,13.083,5562
15586,129344.531,14.966,5562
15587,129356.961,12.425,5562
15588,129370.633,13.678,5562
15589,129382.867,12.232,5562
15590,129395.898,13.033,5562
15591,129409.125,13.227,5562
15592,129422.727,13.599,5562
15593,129438.531,15.805,5562
15594,129451.602,13.068,5562
15595,129464.227,12.628,5562
15596,129476.938,12.705,5562
15597,129489.414,12.486,5562
15598,129502.430,13.016,5562
15599,129515.977,13.542,5562
15600,129528.484,12.514,5562
15601,129543.125,14.639,5562
15602,129555.305,12.177,5562
15603,129567.203,11.905,5562
15604,129579.773,12.567,5562
15605,129591.273,11.493,5562
15606,129603.555,12.289,5562
15607,129615.641,12.076,5562
15608,129628.023,12.385,5562
15609,129639.977,11.951,5562
15610,129652.828,12.856,5562
15611,129664.414,11.590,5562
15612,129676.188,11.771,5562
15613,129687.375,11.189,5562
15614,129699.320,11.937,5562
15615,129711.336,12.019,5562
15616,129723.266,11.930,5562
15617,129735.883,12.621,5562
15618,129747.844,11.965,5562
15619,129760.539,12.690,5562
15620,129771.820,11.285,5562
15621,129783.430,11.610,5562
15622,129794.898,11.467,5562
15623,129806.555,11.658,5562
15624,129818.422,11.865,5562
15625,129829.883,11.459,5562
15626,129841.281,11.392,5562
15627,129853.125,11.849,5562
15628,129865.148,12.028,5562
15629,129877.602,12.448,5562
15630,129889.375,11.771,5562
15631,129900.773,11.407,5562
15632,129912.172,11.393,5562
15633,129924.531,12.361,5562
15634,129938.172,13.644,5562
15635,129952.453,14.277,5562
15636,129965.211,12.761,5562
15637,129977.352,12.132,5562
15638,129989.875,12.533,5562
15639,130001.969,12.084,5562
15640,130014.422,12.462,5562
15641,130026.398,11.976,5562
15642,130038.156,11.758,5562
15643,130050.398,12.239,5562
15644,130062.156,11.759,5562
15645,130074.563,12.411,5562
15646,130087.031,12.464,5562
15647,130098.844,11.813,5562
15648,130111.367,12.518,5562
15649,130124.414,13.051,5562
15650,130136.836,12.424,5562
15651,130149.500,12.666,5562
15652,130162.453,12.950,5562
15653,130174.484,12.035,5562
15654,130188.383,13.895,5562
15655,130201.000,12.616,5562
15656,130214.617,13.610,5562
15657,130230.938,16.326,5562
15658,130245.688,14.752,5562
15659,130259.102,13.412,5562
15660,130271.953,12.851,5562
15661,130286.008,14.051,5562
15662,130299.234,13.233,5562
15663,130313.250,14.009,5562
15664,130328.219,14.978,5562
15665,130342.773,14.552,5562
15666,130358.336,15.557,5562
15667,130371.266,12.934,5562
15668,130383.508,12.248,5562
15669,130395.766,12.252,5562
15670,130408.227,12.467,5562
15671,130419.859,11.626,5562
15672,130433.086,13.231,5562
15673,130446.617,13.528,5562
15674,130459.648,13.031,5562
15675,130471.563,11.915,5562
15676,130483.273,11.705,5562
15677,130495.492,12.226,5562
15678,130507.836,12.342,5562
15679,130519.453,11.615,5562
15680,130531.367,11.915,5562
15681,130542.375,11.004,5562
15682,130553.938,11.566,5562
15683,130565.445,11.514,5562
15684,130576.789,11.342,5562
15685,130588.063,11.269,5562
15686,130599.523,11.468,5562
15687,130611.461,11.933,5562
15688,130623.188,11.728,5562
15689,130634.383,11.193,5562
15690,130645.859,11.476,5562
15691,130657.109,11.247,5562
15692,130668.773,11.669,5562
15693,130680.672,11.892,5562
15694,130693.227,12.564,5562
15695,130705.156,11.929,5562
15696,130718.031,12.873,5562
15697,130730.688,12.651,5562
15698,130743.695,13.009,5562
15699,130758.461,14.766,5562
15700,130771.703,13.240,5562
15701,130784.102,12.399,5562
15702,130796.008,11.904,5562
15703,130808.453,12.450,5562
15704,130821.203,12.752,5562
15705,130833.969,12.761,5562
15706,130846.742,12.774,5562
15707,130860.266,13.523,5562
15708,130872.313,12.050,5562
15709,130885.195,12.883,5562
15710,130898.289,13.093,5562
15711,130911.250,12.956,5562
15712,130924.133,12.890,5562
15713,130936.180,12.044,5562
15714,130948.328,12.152,5562
15715,130959.563,11.233,5562
15716,130972.320,12.754,5562
15717,130985.586,13.267,5562
15718,130996.867,11.290,5562
15719,131008.844,11.969,5562
15720,131020.047,11.205,5562
15721,131031.914,11.861,5562
15722,131043.914,11.999,5562
15723,131055.602,11.692,5562
15724,131067.148,11.547,5562
15725,131079.156,12.010,5562
15726,131090.406,11.252,5562
15727,131102.406,11.996,5562
15728,131113.625,11.214,5562
15729,131125.188,11.564,5562
15730,131136.234,11.045,5562
15731,131149.391,13.159,5562
15732,131162.719,13.337,5562
15733,131175.141,12.421,5562
15734,131187.625,12.486,5562
15735,131199.141,11.514,5562
15736,131210.766,11.622,5562
15737,131222.219,11.445,5562
15738,131234.828,12.615,5562
15739,131246.984,12.157,5562
15740,131258.844,11.857,5562
15741,131270.531,11.691,5562
15742,131281.688,11.158,5562
15743,131293.750,12.057,5562
15744,131305.891,12.143,5562
15745,131318.531,12.634,5562
15746,131331.719,13.196,5562
15747,131345.391,13.680,5562
15748,131356.828,11.427,5562
15749,131369.922,13.093,5562
15750,131382.469,12.550,5562
15751,131395.141,12.664,5562
15752,131410.188,15.045,5562
15753,131424.391,14.222,5562
15754,131438.031,13.639,5562
15755,131452.266,14.231,5562
15756,131465.688,13.419,5562
15757,131479.047,13.366,5562
15758,131492.297,13.235,5562
15759,131505.578,13.286,5562
15760,131517.156,11.576,5562
15761,131529.313,12.166,5562
15762,131541.578,12.257,5562
15763,131554.922,13.344,5562
15764,131569.219,14.295,5562
15765,131582.875,13.662,5562
15766,131594.797,11.910,5562
15767,131606.531,11.744,5562
15768,131618.875,12.341,5562
15769,131630.953,12.078,5562
15770,131642.047,11.096,5562
15771,131653.625,11.583,5562
15772,131665.984,12.364,5562
15773,131678.984,12.997,5562
15774,131692.953,13.970,5562
15775,131706.563,13.602,5562
15776,131718.359,11.792,5562
15777,131730.406,12.049,5562
15778,131742.656,12.252,5562
15779,131754.469,11.806,5562
15780,131766.359,11.906,5562
15781,131777.703,11.341,5562
15782,131789.656,11.952,5562
15783,131801.344,11.679,5562
15784,131812.375,11.041,5562
15785,131823.750,11.373,5562
15786,131835.047,11.303,5562
15787,131846.750,11.689,5562
15788,131858.203,11.451,5562
15789,131869.359,11.169,5562
15790,131881.266,11.903,5562
15791,131893.375,12.110,5562
15792,131904.453,11.071,5562
15793,131915.391,10.939,5562
15794,131926.766,11.376,5562
15795,131938.047,11.282,5562
15796,131949.750,11.700,5562
15797,131962.188,12.442,5562
15798,131975.984,13.805,5562
15799,131987.359,11.363,5562
15800,131999.203,11.845,5562
15801,132010.297,11.092,5562
15802,132021.797,11.507,5562
15803,132033.656,11.855,5562
15804,132045.516,11.866,5562
15805,132058.078,12.559,5562
15806,132071.172,13.097,5562
15807,132082.891,11.706,5562
15808,132095.172,12.289,5562
15809,132107.484,12.314,5562
15810,132119.578,12.090,5562
15811,132131.703,12.126,5562
15812,132144.250,12.541,5562
15813,132155.453,11.212,5562
15814,132167.563,12.103,5562
15815,132179.578,12.016,5562
15816,132192.688,13.112,5562
15817,132204.094,11.409,5562
15818,132217.969,13.877,5562
15819,132230.422,12.443,5562
15820,132241.875,11.456,5562
15821,132254.953,13.087,5562
15822,132266.656,11.707,5562
15823,132278.469,11.801,5562
15824,132291.125,12.651,5562
15825,132303.125,12.013,5562
15826,132315.281,12.149,5562
15827,132327.781,12.493,5562
15828,132340.375,12.606,5562
15829,132351.906,11.536,5562
15830,132365.031,13.125,5562
15831,132379.109,14.063,5562
15832,132390.156,11.057,5562
15833,132401.797,11.632,5562
15834,132414.094,12.304,5562
15835,132425.828,11.729,5562
15836,132439.672,13.857,5562
15837,132452.516,12.829,5562
15838,132464.750,12.240,5562
15839,132478.719,13.976,5562
15840,132490.219,11.486,5562
15841,132502.047,11.845,5562
15842,132513.719,11.665,5562
15843,132525.797,12.073,5562
15844,132539.297,13.500,5562
15845,132551.641,12.345,5562
15846,132564.484,12.837,5562
15847,132576.875,12.396,5562
15848,132589.984,13.112,5562
15849,132602.750,12.764,5562
15850,132614.547,11.804,5562
15851,132628.938,14.377,5562
15852,132641.391,12.463,5562
15853,132654.000,12.602,5562
15854,132666.359,12.359,5562
15855,132677.484,11.123,5562
15856,132689.188,11.716,5562
15857,132700.406,11.216,5562
15858,132712.344,11.942,5562
15859,132724.000,11.649,5562
15860,132736.266,12.266,5562
15861,132749.781,13.515,5562
15862,132764.297,14.520,5562
15863,132778.797,14.487,5562
15864,132791.484,12.687,5562
15865,132803.813,12.331,5562
15866,132815.906,12.093,5562
15867,132827.906,12.007,5562
15868,132839.875,11.966,5562
15869,132852.391,12.524,5562
15870,132864.813,12.407,5562
15871,132877.578,12.774,5562
15872,132890.953,13.370,5562
15873,132903.016,12.069,5562
15874,132915.422,12.407,5562
15875,132927.719,12.295,5562
15876,132938.938,11.214,5562
15877,132952.297,13.360,5562
15878,132965.188,12.890,5562
15879,132977.828,12.651,5562
15880,132992.359,14.536,5562
15881,133005.938,13.577,5562
15882,133019.078,13.131,5562
15883,133031.594,12.521,5562
15884,133043.547,11.944,5562
15885,133055.984,12.442,5562
15886,133068.797,12.804,5562
15887,133081.781,12.983,5562
15888,133094.656,12.891,5562
15889,133108.016,13.359,5562
15890,133119.422,11.398,5562
15891,133130.703,11.286,5562
15892,133142.172,11.458,5562
15893,133153.313,11.150,5562
15894,133166.594,13.278,5562
15895,133180.500,13.901,5562
15896,133192.750,12.260,5562
15897,133203.953,11.201,5562
15898,133216.297,12.342,5562
15899,133228.469,12.172,5562
15900,133240.031,11.560,5562
15901,133253.188,13.167,5562
15902,133265.953,12.754,5562
15903,133278.813,12.863,5562
15904,133292.516,13.711,5562
15905,133305.000,12.485,5562
15906,133316.438,11.434,5562
15907,133327.734,11.295,5562
15908,133338.688,10.951,5562
15909,133349.859,11.169,5562
15910,133362.000,12.150,5562
15911,133373.359,11.351,5562
15912,133385.578,12.218,5562
15913,133398.297,12.715,5562
15914,133409.609,11.318,5562
15915,133420.781,11.177,5562
15916,133432.031,11.245,5562
15917,133444.141,12.114,5562
15918,133455.891,11.745,5562
15919,133467.359,11.468,5562
15920,133478.859,11.503,5562
15921,133490.719,11.860,5562
15922,133504.188,13.466,5562
15923,133516.891,12.704,5562
15924,133530.469,13.576,5562
15925,133541.906,11.447,5562
15926,133554.391,12.473,5562
15927,133567.953,13.572,5562
15928,133582.578,14.613,5562
15929,133594.266,11.698,5562
15930,133606.625,12.359,5562
15931,133618.891,12.262,5562
15932,133634.922,16.024,5562
15933,133649.406,14.494,5562
15934,133664.234,14.818,5562
15935,133679.391,15.170,5562
15936,133693.297,13.902,5562
15937,133709.047,15.754,5562
15938,133724.859,15.798,5562
15939,133740.141,15.280,5562
15940,133754.859,14.734,5562
15941,133769.500,14.632,5562
15942,133783.234,13.746,5562
15943,133796.438,13.190,5562
15944,133811.219,14.784,5562
15945,133826.688,15.481,5562
15946,133842.672,15.979,5562
15947,133855.828,13.148,5562
15948,133870.219,14.388,5562
15949,133888.719,18.512,5562
15950,133902.797,14.074,5562
15951,133915.625,12.820,5562
15952,133929.641,14.024,5562
15953,133942.953,13.307,5562
15954,133955.281,12.330,5562
15955,133966.844,11.565,5562
15956,133979.813,12.961,5562
15957,133994.469,14.666,5562
15958,134007.516,13.040,5562
15959,134019.766,12.245,5562
15960,134031.828,12.077,5562
15961,134042.828,10.998,5562
15962,134055.297,12.460,5562
15963,134067.203,11.915,5562
15964,134080.719,13.524,5562
15965,134093.516,12.790,5562
15966,134106.000,12.477,5562
15967,134117.938,11.939,5562
15968,134128.625,10.693,5562
15969,134139.828,11.199,5562
15970,134150.734,10.909,5562
15971,134161.422,10.679,5562
15972,134172.422,11.002,5562
15973,134182.906,10.484,5562
15974,134193.516,10.614,5562
15975,134204.484,10.971,5562
15976,134215.625,11.131,5562
15977,134226.172,10.548,5562
15978,134237.016,10.848,5562
15979,134248.344,11.321,5562
15980,134259.375,11.050,5562
15981,134270.500,11.114,5562
15982,134281.703,11.210,5562
15983,134292.766,11.054,5562
15984,134304.250,11.481,5562
15985,134315.703,11.463,5562
15986,134326.688,10.979,5562
15987,134338.234,11.539,5562
15988,134350.281,12.056,5562
15989,134362.563,12.282,5562
15990,134373.734,11.170,5562
15991,134386.469,12.733,5562
15992,134400.000,13.534,5562
15993,134411.578,11.581,5562
15994,134423.578,11.998,5562
15995,134436.203,12.617,5562
15996,134447.813,11.626,5562
15997,134460.328,12.511,5562
15998,134473.391,13.063,5562
15999,134484.844,11.450,5562
16000,134496.297,11.450,5562
16001,134508.609,12.320,5562
16002,134521.969,13.360,5562
16003,134533.906,11.934,5562
16004,134544.547,10.645,5562
16005,134555.250,10.701,5562
16006,134568.141,12.881,5562
16007,134579.516,11.380,5562
16008,134590.563,11.044,5562
16009,134601.359,10.805,5562
16010,134611.875,10.513,5562
16011,134623.078,11.193,5562
16012,134634.016,10.950,5562
16013,134645.031,11.003,5562
16014,134655.344,10.324,5562
16015,134666.188,10.833,5562
16016,134677.281,11.106,5562
16017,134688.438,11.157,5562
16018,134699.547,11.098,5562
16019,134710.578,11.033,5562
16020,134721.031,10.453,5562
16021,134731.609,10.577,5562
16022,134743.281,11.687,5562
16023,134754.031,10.742,5562
16024,134765.469,11.422,5562
16025,134776.313,10.857,5562
16026,134789.484,13.172,5562
16027,134801.422,11.922,5562
16028,134813.109,11.709,5562
16029,134823.375,10.272,5562
16030,134833.984,10.606,5562
16031,134846.141,12.145,5562
16032,134856.922,10.779,5562
16033,134868.344,11.419,5562
16034,134879.391,11.052,5562
16035,134891.391,12.001,5562
16036,134901.969,10.577,5562
16037,134912.438,10.467,5562
16038,134923.219,10.792,5562
16039,134934.672,11.456,5562
16040,134946.172,11.481,5562
16041,134957.578,11.412,5562
16042,134969.750,12.181,5562
16043,134981.328,11.579,5562
16044,134992.406,11.066,5562
16045,135003.828,11.432,5562
16046,135016.859,13.017,5562
16047,135029.828,12.976,5562
16048,135040.953,11.116,5562
16049,135052.578,11.636,5562
16050,135064.563,11.987,5562
16051,135076.016,11.459,5562
16052,135087.750,11.717,5562
16053,135100.313,12.567,5562
16054,135111.984,11.676,5562
16055,135123.547,11.563,5562
16056,135135.797,12.244,5562
16057,135147.281,11.492,5562
16058,135158.922,11.627,5562
16059,135169.453,10.536,5562
16060,135180.000,10.552,5562
16061,135193.219,13.225,5562
16062,135204.813,11.590,5562
16063,135216.297,11.482,5562
16064,135227.078,10.789,5562
16065,135238.297,11.215,5562
16066,135248.906,10.606,5562
16067,135260.750,11.829,5562
16068,135271.578,10.838,5562
16069,135282.625,11.063,5562
16070,135292.984,10.342,5562
16071,135304.281,11.294,5562
16072,135318.875,14.592,5562
16073,135330.156,11.278,5562
16074,135341.750,11.611,5562
16075,135353.313,11.559,5562
16076,135364.563,11.247,5562
16077,135375.250,10.692,5562
16078,135387.078,11.819,5562
16079,135398.531,11.466,5562
16080,135408.578,10.039,5562
16081,135419.516,10.938,5562
16082,135430.500,10.987,5562
16083,135441.141,10.635,5562
16084,135451.984,10.849,5562
16085,135462.609,10.627,5562
16086,135473.391,10.794,5562
16087,135483.641,10.229,5562
16088,135494.156,10.524,5562
16089,135504.313,10.153,5562
16090,135515.578,11.266,5562
16091,135526.563,10.996,5562
16092,135537.156,10.579,5562
16093,135547.422,10.257,5562
16094,135557.781,10.375,5562
16095,135568.875,11.078,5562
16096,135580.250,11.380,5562
16097,135593.406,13.163,5562
16098,135605.328,11.927,5562
16099,135616.547,11.216,5562
16100,135627.813,11.274,5562
16101,135639.125,11.306,5562
16102,135650.250,11.115,5562
16103,135660.922,10.677,5562
16104,135671.594,10.667,5562
16105,135682.719,11.139,5562
16106,135693.219,10.501,5562
16107,135704.563,11.346,5562
16108,135715.281,10.720,5562
16109,135726.031,10.749,5562
16110,135737.703,11.665,5562
16111,135749.125,11.426,5562
16112,135759.891,10.766,5562
16113,135771.609,11.707,5562
16114,135782.938,11.335,5562
16115,135794.578,11.646,5562
16116,135806.922,12.328,5562
16117,135819.266,12.348,5562
16118,135831.828,12.560,5562
16119,135843.906,12.090,5562
16120,135856.172,12.261,5562
16121,135868.719,12.559,5562
16122,135881.328,12.600,5562
16123,135894.031,12.711,5562
16124,135905.922,11.877,5562
16125,135918.391,12.466,5562
16126,135930.891,12.502,5562
16127,135941.313,10.427,5562
16128,135952.406,11.088,5562
16129,135963.281,10.880,5562
16130,135975.063,11.783,5562
16131,135986.688,11.631,5562
16132,135998.547,11.852,5562
16133,136009.422,10.860,5562
16134,136019.797,10.393,5562
16135,136030.797,10.992,5562
16136,136041.109,10.312,5562
16137,136053.250,12.147,5562
16138,136064.828,11.569,5562
16139,136076.484,11.660,5562
16140,136087.359,10.889,5562
16141,136098.828,11.454,5562
16142,136109.484,10.660,5562
16143,136120.016,10.530,5562
16144,136130.688,10.681,5562
16145,136141.125,10.428,5562
16146,136151.656,10.524,5562
16147,136162.313,10.661,5562
16148,136173.469,11.159,5562
16149,136185.469,11.987,5562
16150,136195.953,10.509,5562
16151,136206.797,10.817,5562
16152,136218.422,11.645,5562
16153,136229.375,10.960,5562
16154,136240.266,10.880,5562
16155,136251.031,10.760,5562
16156,136261.328,10.300,5562
16157,136272.516,11.183,5562
16158,136283.500,10.987,5562
16159,136294.281,10.775,5562
16160,136305.422,11.134,5562
16161,136316.281,10.873,5562
16162,136327.094,10.814,5562
16163,136338.453,11.354,5562
16164,136350.922,12.463,5562
16165,136363.125,12.214,5562
16166,136374.938,11.806,5562
16167,136390.109,15.178,5562
16168,136402.656,12.546,5562
16169,136414.844,12.187,5562
16170,136426.203,11.354,5562
16171,136439.750,13.559,5562
16172,136451.281,11.539,5562
16173,136462.688,11.405,5562
16174,136474.672,11.981,5562
16175,136489.219,14.542,5562
16176,136500.094,10.868,5562
16177,136511.375,11.299,5562
16178,136522.188,10.792,5562
16179,136533.234,11.061,5562
16180,136544.922,11.673,5562
16181,136556.484,11.569,5562
16182,136568.547,12.066,5562
16183,136580.391,11.836,5562
16184,136593.719,13.329,5562
16185,136607.078,13.372,5562
16186,136619.344,12.260,5562
16187,136631.516,12.159,5562
16188,136643.641,12.126,5562
16189,136655.141,11.510,5562
16190,136667.250,12.112,5562
16191,136678.781,11.524,5562
16192,136691.500,12.724,5562
16193,136704.422,12.925,5562
16194,136715.063,10.636,5562
16195,136725.781,10.718,5562
16196,136736.875,11.083,5562
16197,136748.547,11.687,5562
16198,136759.656,11.102,5562
16199,136770.203,10.548,5562
16200,136782.141,11.929,5562
16201,136795.063,12.930,5562
16202,136807.297,12.242,5562
16203,136817.828,10.522,5562
16204,136829.469,11.634,5562
16205,136840.156,10.697,5562
16206,136850.781,10.626,5562
16207,136862.125,11.330,5562
16208,136873.141,11.037,5562
16209,136884.891,11.735,5562
16210,136896.344,11.458,5562
16211,136907.344,11.015,5562
16212,136918.719,11.375,5562
16213,136930.219,11.478,5562
16214,136941.484,11.274,5562
16215,136952.328,10.837,5562
16216,136962.609,10.292,5562
16217,136973.656,11.039,5562
16218,136984.344,10.686,5562
16219,136994.969,10.633,5562
16220,137005.859,10.900,5562
16221,137017.109,11.247,5562
16222,137028.078,10.951,5562
16223,137039.969,11.907,5562
16224,137052.703,12.728,5562
16225,137063.672,10.969,5562
16226,137074.906,11.238,5562
16227,137086.031,11.126,5562
16228,137096.500,10.466,5562
16229,137107.516,11.006,5562
16230,137118.563,11.063,5562
16231,137131.219,12.651,5562
16232,137142.625,11.406,5562
16233,137153.891,11.268,5562
16234,137165.141,11.251,5562
16235,137177.109,11.966,5562
16236,137191.547,14.427,5562
16237,137204.359,12.815,5562
16238,137215.859,11.502,5562
16239,137227.500,11.634,5562
16240,137240.203,12.702,5562
16241,137252.719,12.540,5562
16242,137265.219,12.492,5562
16243,137276.641,11.423,5562
16244,137288.609,11.967,5562
16245,137301.078,12.462,5562
16246,137313.531,12.456,5562
16247,137325.438,11.895,5562
16248,137337.688,12.263,5562
16249,137348.219,10.518,5562
16250,137358.609,10.402,5562
16251,137369.625,11.008,5562
16252,137380.047,10.441,5562
16253,137391.406,11.331,5562
16254,137402.313,10.915,5562
16255,137412.875,10.571,5562
16256,137423.156,10.285,5562
16257,137434.141,10.969,5562
16258,137445.984,11.866,5562
16259,137456.656,10.667,5562
16260,137467.844,11.179,5562
16261,137478.219,10.366,5562
16262,137488.641,10.440,5562
16263,137500.172,11.519,5562
16264,137510.859,10.682,5562
16265,137521.922,11.069,5562
16266,137532.672,10.768,5562
16267,137543.672,10.986,5562
16268,137555.375,11.711,5562
16269,137566.266,10.874,5562
16270,137576.906,10.642,5562
16271,137590.516,13.622,5562
16272,137601.344,10.831,5562
16273,137612.578,11.233,5562
16274,137623.891,11.313,5562
16275,137634.375,10.469,5562
16276,137645.125,10.753,5562
16277,137656.297,11.169,5562
16278,137667.109,10.820,5562
16279,137678.125,11.004,5562
16280,137689.531,11.413,5562
16281,137700.375,10.842,5562
16282,137712.188,11.809,5562
16283,137722.766,10.578,5562
16284,137733.984,11.241,5562
16285,137745.422,11.415,5562
16286,137757.063,11.659,5562
16287,137769.094,12.024,5562
16288,137780.219,11.114,5562
16289,137792.203,11.991,5562
16290,137803.750,11.552,5562
16291,137815.516,11.765,5562
16292,137827.797,12.288,5562
16293,137839.625,11.813,5562
16294,137850.859,11.243,5562
16295,137862.250,11.392,5562
16296,137874.406,12.158,5562
16297,137886.844,12.433,5562
16298,137899.141,12.300,5562
16299,137910.438,11.298,5562
16300,137922.078,11.630,5562
16301,137933.344,11.286,5562
16302,137946.719,13.371,5562
16303,137958.969,12.232,5562
16304,137970.516,11.559,5562
16305,137983.172,12.657,5562
16306,137996.078,12.890,5562
16307,138008.188,12.118,5562
16308,138019.547,11.351,5562
16309,138031.750,12.214,5562
16310,138042.922,11.173,5562
16311,138054.891,11.967,5562
16312,138065.953,11.066,5562
16313,138078.438,12.482,5562
16314,138089.922,11.495,5562
16315,138101.578,11.648,5562
16316,138113.859,12.281,5562
16317,138124.672,10.817,5562
16318,138135.422,10.731,5562
16319,138146.797,11.373,5562
16320,138156.609, 9.830,5562
16321,138166.734,10.121,5562
16322,138177.375,10.657,5562
16323,138188.094,10.700,5562
16324,138199.031,10.938,5562
16325,138210.234,11.196,5562
16326,138220.547,10.323,5562
16327,138231.688,11.140,5562
16328,138241.734,10.051,5562
16329,138252.250,10.501,5562
16330,138262.844,10.606,5562
16331,138273.125,10.281,5562
16332,138283.703,10.582,5562
16333,138294.922,11.202,5562
16334,138307.047,12.138,5562
16335,138318.000,10.952,5562
16336,138329.469,11.464,5562
16337,138341.266,11.801,5562
16338,138352.531,11.267,5562
16339,138363.813,11.287,5562
16340,138375.125,11.308,5562
16341,138387.297,12.173,5562
16342,138400.688,13.393,5562
16343,138412.656,11.970,5562
16344,138423.281,10.623,5562
16345,138434.047,10.766,5562
16346,138444.578,10.524,5562
16347,138455.750,11.168,5562
16348,138466.844,11.091,5562
16349,138477.688,10.852,5562
16350,138488.234,10.537,5562
16351,138500.047,11.837,5562
16352,138510.469,10.416,5562
16353,138522.406,11.937,5562
16354,138533.125,10.717,5562
16355,138544.188,11.051,5562
16356,138555.313,11.131,5562
16357,138567.188,11.884,5562
16358,138579.063,11.858,5562
16359,138591.000,11.945,5562
16360,138602.547,11.556,5562
16361,138613.422,10.853,5562
16362,138626.313,12.901,5562
16363,138637.719,11.405,5562
16364,138648.703,10.994,5562
16365,138659.813,11.104,5562
16366,138670.578,10.762,5562
16367,138681.547,10.964,5562
16368,138692.547,11.004,5562
16369,138703.844,11.306,5562
16370,138714.938,11.078,5562
16371,138727.266,12.344,5562
16372,138740.109,12.830,5562
16373,138750.797,10.688,5562
16374,138760.953,10.161,5562
16375,138771.422,10.461,5562
16376,138782.688,11.283,5562
16377,138795.219,12.531,5562
16378,138806.500,11.283,5562
16379,138817.000,10.483,5562
16380,138828.156,11.164,5562
16381,138839.547,11.394,5562
16382,138850.016,10.475,5562
16383,138861.031,11.009,5562
16384,138872.297,11.258,5562
16385,138883.516,11.214,5562
16386,138895.547,12.041,5562
16387,138906.469,10.919,5562
16388,138916.625,10.163,5562
16389,138927.078,10.444,5562
16390,138937.609,10.529,5562
16391,138948.500,10.901,5562
16392,138958.938,10.434,5562
16393,138969.875,10.935,5562
16394,138980.297,10.423,5562
16395,138991.078,10.778,5562
16396,139001.328,10.255,5562
16397,139011.453,10.121,5562
16398,139021.281, 9.831,5562
16399,139032.156,10.876,5562
16400,139042.313,10.161,5562
16401,139053.281,10.968,5562
16402,139064.797,11.500,5562
16403,139076.047,11.266,5562
16404,139086.734,10.670,5562
16405,139097.016,10.291,5562
16406,139106.891, 9.881,5562
16407,139117.047,10.160,5562
16408,139127.500,10.441,5562
16409,139137.703,10.214,5562
16410,139149.047,11.345,5562
16411,139161.531,12.475,5562
16412,139172.781,11.244,5562
16413,139184.547,11.786,5562
16414,139197.844,13.296,5562
16415,139209.500,11.644,5562
16416,139220.969,11.473,5562
16417,139232.125,11.153,5562
16418,139243.297,11.179,5562
16419,139255.094,11.794,5562
16420,139267.422,12.319,5562
16421,139278.594,11.184,5562
16422,139289.922,11.326,5562
16423,139300.688,10.774,5562
16424,139312.359,11.655,5562
16425,139323.672,11.309,5562
16426,139334.469,10.810,5562
16427,139345.984,11.523,5562
16428,139356.500,10.500,5562
16429,139366.859,10.364,5562
16430,139377.641,10.785,5562
16431,139388.078,10.428,5562
16432,139398.953,10.871,5562
16433,139409.188,10.249,5562
16434,139419.266,10.071,5562
16435,139429.609,10.335,5562
16436,139442.141,12.528,5562
16437,139453.172,11.042,5562
16438,139464.625,11.456,5562
16439,139476.547,11.927,5562
16440,139486.984,10.434,5562
16441,139497.078,10.093,5562
16442,139507.969,10.890,5562
16443,139518.531,10.558,5562
16444,139529.094,10.575,5562
16445,139539.406,10.291,5562
16446,139549.719,10.320,5562
16447,139560.375,10.662,5562
16448,139570.516,10.139,5562
16449,139582.672,12.166,5562
16450,139594.281,11.592,5562
16451,139605.406,11.119,5562
16452,139615.859,10.464,5562
16453,139626.344,10.483,5562
16454,139636.578,10.236,5562
16455,139647.313,10.741,5562
16456,139657.953,10.635,5562
16457,139668.016,10.073,5562
16458,139678.547,10.531,5562
16459,139689.344,10.801,5562
16460,139700.125,10.768,5562
16461,139710.703,10.590,5562
16462,139721.234,10.519,5562
16463,139731.594,10.359,5562
16464,139743.047,11.460,5562
16465,139753.172,10.118,5562
16466,139764.188,11.016,5562
16467,139775.031,10.839,5562
16468,139786.141,11.115,5562
16469,139800.328,14.184,5562
16470,139811.406,11.071,5562
16471,139822.656,11.276,5562
16472,139834.094,11.412,5562
16473,139845.641,11.552,5562
16474,139857.531,11.898,5562
16475,139868.953,11.423,5562
16476,139879.266,10.323,5562
16477,139891.469,12.186,5562
16478,139904.188,12.721,5562
16479,139916.281,12.094,5562
16480,139927.578,11.298,5562
16481,139939.063,11.480,5562
16482,139950.438,11.386,5562
16483,139961.547,11.094,5562
16484,139972.922,11.387,5562
16485,139986.234,13.306,5562
16486,139998.313,12.087,5562
16487,140009.641,11.327,5562
16488,140020.438,10.790,5562
16489,140031.188,10.757,5562
16490,140041.594,10.398,5562
16491,140052.078,10.474,5562
16492,140063.172,11.114,5562
16493,140073.297,10.121,5562
16494,140084.906,11.605,5562
16495,140095.125,10.228,5562
16496,140106.828,11.692,5562
16497,140118.672,11.862,5562
16498,140129.656,10.972,5562
16499,140141.156,11.506,5562
16500,140151.891,10.729,5562
16501,140162.766,10.864,5562
16502,140174.156,11.393,5562
16503,140185.688,11.543,5562
16504,140197.516,11.822,5562
16505,140208.875,11.357,5562
16506,140219.563,10.692,5562
16507,140231.016,11.447,5562
16508,140241.484,10.473,5562
16509,140251.688,10.209,5562
16510,140261.891,10.208,5562
16511,140272.344,10.437,5562
16512,140282.672,10.344,5562
16513,140294.641,11.963,5562
16514,140305.688,11.043,5562
16515,140318.984,13.298,5562
16516,140330.688,11.713,5562
16517,140342.969,12.269,5562
16518,140354.906,11.937,5562
16519,140365.359,10.469,5562
16520,140376.406,11.030,5562
16521,140388.656,12.258,5562
16522,140400.688,12.034,5562
16523,140411.734,11.035,5562
16524,140422.594,10.864,5562
16525,140433.672,11.074,5562
16526,140445.406,11.737,5562
16527,140456.563,11.155,5562
16528,140466.953,10.394,5562
16529,140477.813,10.864,5562
16530,140488.547,10.725,5562
16531,140499.219,10.681,5562
16532,140510.500,11.283,5562
16533,140521.313,10.804,5562
16534,140532.547,11.246,5562
16535,140544.109,11.550,5562
16536,140555.438,11.323,5562
16537,140566.250,10.815,5562
16538,140577.422,11.174,5562
16539,140589.500,12.074,5562
16540,140600.344,10.847,5562
16541,140612.188,11.846,5562
16542,140623.781,11.602,5562
16543,140634.969,11.178,5562
16544,140646.641,11.682,5562
16545,140658.125,11.471,5562
16546,140669.063,10.943,5562
16547,140680.656,11.604,5562
16548,140692.047,11.389,5562
16549,140703.297,11.246,5562
16550,140714.188,10.875,5562
16551,140725.422,11.233,5562
16552,140736.875,11.456,5562
16553,140748.297,11.424,5562
16554,140759.219,10.930,5562
16555,140770.094,10.859,5562
16556,140782.609,12.533,5562
16557,140794.172,11.548,5562
16558,140804.844,10.675,5562
16559,140815.516,10.670,5562
16560,140827.094,11.596,5562
16561,140839.172,12.072,5562
16562,140850.109,10.933,5562
16563,140861.953,11.859,5562
16564,140872.844,10.875,5562
16565,140883.734,10.899,5562
16566,140895.188,11.449,5562
16567,140906.094,10.902,5562
16568,140917.156,11.064,5562
16569,140928.078,10.911,5562
16570,140938.703,10.639,5562
16571,140949.156,10.449,5562
16572,140959.734,10.579,5562
16573,140971.688,11.958,5562
16574,140981.953,10.274,5562
16575,140992.656,10.704,5562
16576,141003.406,10.738,5562
16577,141013.922,10.527,5562
16578,141024.125,10.187,5562
16579,141034.438,10.319,5562
16580,141045.063,10.618,5562
16581,141055.219,10.173,5562
16582,141065.297,10.066,5562
16583,141076.391,11.091,5562
16584,141088.609,12.225,5562
16585,141100.000,11.389,5562
16586,141110.375,10.367,5562
16587,141121.188,10.828,5562
16588,141131.344,10.151,5562
16589,141141.844,10.494,5562
16590,141152.406,10.572,5562
16591,141163.109,10.704,5562
16592,141175.453,12.325,5562
16593,141188.938,13.485,5562
16594,141200.406,11.487,5562
16595,141211.000,10.592,5562
16596,141221.984,10.988,5562
16597,141232.859,10.859,5562
16598,141243.469,10.604,5562
16599,141254.375,10.916,5562
16600,141264.578,10.215,5562
16601,141275.625,11.031,5562
16602,141286.750,11.117,5562
16603,141297.938,11.206,5562
16604,141307.938, 9.996,5562
16605,141318.953,11.017,5562
16606,141329.766,10.807,5562
16607,141340.797,11.023,5562
16608,141351.922,11.140,5562
16609,141363.031,11.104,5562
16610,141374.922,11.882,5562
16611,141385.828,10.926,5562
16612,141399.031,13.197,5562
16613,141411.281,12.255,5562
16614,141422.281,10.982,5562
16615,141433.469,11.199,5562
16616,141445.313,11.857,5562
16617,141456.125,10.799,5562
16618,141467.063,10.944,5562
16619,141478.438,11.367,5562
16620,141489.578,11.139,5562
16621,141501.766,12.192,5562
16622,141513.047,11.285,5562
16623,141524.641,11.592,5562
16624,141534.797,10.153,5562
16625,141545.000,10.207,5562
16626,141555.375,10.375,5562
16627,141565.891,10.518,5562
16628,141576.297,10.400,5562
16629,141589.000,12.700,5562
16630,141599.844,10.857,5562
16631,141611.078,11.232,5562
16632,141621.797,10.709,5562
16633,141632.563,10.775,5562
16634,141643.703,11.127,5562
16635,141654.000,10.316,5562
16636,141665.563,11.550,5562
16637,141676.813,11.242,5562
16638,141687.484,10.672,5562
16639,141697.922,10.444,5562
16640,141708.734,10.800,5562
16641,141719.922,11.203,5562
16642,141730.422,10.491,5562
16643,141742.078,11.660,5562
16644,141752.328,10.255,5562
16645,141762.703,10.381,5562
16646,141773.281,10.568,5562
16647,141784.250,10.963,5562
16648,141795.266,11.029,5562
16649,141805.578,10.300,5562
16650,141816.234,10.657,5562
16651,141829.141,12.919,5562
16652,141839.984,10.849,5562
16653,141851.141,11.145,5562
16654,141862.031,10.890,5562
16655,141872.563,10.538,5562
16656,141883.563,10.997,5562
16657,141895.453,11.874,5562
16658,141906.344,10.908,5562
16659,141918.547,12.206,5562
16660,141931.516,12.951,5562
16661,141943.578,12.068,5562
16662,141955.016,11.441,5562
16663,141966.484,11.479,5562
16664,141978.156,11.651,5562
16665,141992.797,14.641,5562
16666,142006.672,13.895,5562
16667,142018.406,11.733,5562
16668,142030.609,12.202,5562
16669,142043.297,12.687,5562
16670,142055.172,11.873,5562
16671,142067.438,12.263,5562
16672,142078.766,11.318,5562
16673,142090.250,11.493,5562
16674,142101.672,11.420,5562
16675,142114.422,12.760,5562
16676,142126.469,12.048,5562
16677,142139.141,12.667,5562
16678,142152.250,13.101,5562
16679,142163.203,10.968,5562
16680,142174.328,11.108,5562
16681,142184.688,10.368,5562
16682,142195.688,10.998,5562
16683,142205.906,10.227,5562
16684,142216.750,10.830,5562
16685,142227.797,11.054,5562
16686,142238.563,10.766,5562
16687,142250.281,11.722,5562
16688,142261.188,10.901,5562
16689,142273.328,12.152,5562
16690,142284.125,10.777,5562
16691,142294.953,10.840,5562
16692,142305.844,10.897,5562
16693,142316.297,10.442,5562
16694,142327.844,11.549,5562
16695,142339.063,11.225,5562
16696,142349.859,10.792,5562
16697,142360.688,10.826,5562
16698,142370.938,10.254,5562
16699,142381.328,10.394,5562
16700,142393.453,12.117,5562
16701,142405.000,11.547,5562
16702,142415.656,10.651,5562
16703,142426.156,10.498,5562
16704,142437.656,11.513,5562
16705,142448.906,11.247,5562
16706,142460.016,11.110,5562
16707,142471.859,11.846,5562
16708,142482.891,11.017,5562
16709,142493.828,10.943,5562
16710,142504.641,10.827,5562
16711,142516.016,11.374,5562
16712,142526.859,10.836,5562
16713,142538.375,11.516,5562
16714,142548.734,10.356,5562
16715,142559.750,11.015,5562
16716,142571.359,11.622,5562
16717,142582.313,10.948,5562
16718,142593.484,11.157,5562
16719,142604.844,11.365,5562
16720,142616.375,11.536,5562
16721,142627.625,11.251,5562
16722,142639.422,11.784,5562
16723,142651.609,12.188,5562
16724,142664.359,12.757,5562
16725,142676.031,11.687,5562
16726,142688.359,12.307,5562
16727,142700.031,11.685,5562
16728,142711.313,11.283,5562
16729,142723.625,12.307,5562
16730,142735.281,11.665,5562
16731,142746.609,11.319,5562
16732,142757.984,11.380,5562
16733,142769.203,11.223,5562
16734,142781.641,12.418,5562
16735,142795.875,14.252,5562
16736,142807.016,11.137,5562
16737,142817.969,10.950,5562
16738,142828.781,10.798,5562
16739,142839.922,11.166,5562
16740,142850.813,10.866,5562
16741,142861.625,10.820,5562
16742,142872.234,10.611,5562
16743,142883.078,10.851,5562
16744,142894.828,11.746,5562
16745,142905.578,10.753,5562
16746,142916.953,11.372,5562
16747,142927.375,10.437,5562
16748,142938.469,11.079,5562
16749,142948.578,10.112,5562
16750,142959.313,10.740,5562
16751,142970.313,10.994,5562
16752,142980.922,10.608,5562
16753,142991.875,10.954,5562
16754,143002.938,11.053,5562
16755,143013.266,10.340,5562
16756,143024.031,10.771,5562
16757,143034.375,10.340,5562
16758,143044.906,10.522,5562
16759,143055.281,10.384,5562
16760,143066.625,11.344,5562
16761,143076.625, 9.998,5562
16762,143087.375,10.755,5562
16763,143098.641,11.259,5562
16764,143111.344,12.713,5562
16765,143122.734,11.373,5562
16766,143133.563,10.826,5562
16767,143143.688,10.138,5562
16768,143154.500,10.815,5562
16769,143164.906,10.399,5562
16770,143175.656,10.754,5562
16771,143188.375,12.720,5562
16772,143200.094,11.709,5562
16773,143211.656,11.558,5562
16774,143222.266,10.608,5562
16775,143232.516,10.261,5562
16776,143242.813,10.292,5562
16777,143252.969,10.160,5562
16778,143263.656,10.687,5562
16779,143274.156,10.494,5562
16780,143285.016,10.871,5562
16781,143296.125,11.094,5562
16782,143306.625,10.523,5562
16783,143317.266,10.632,5562
16784,143328.906,11.625,5562
16785,143339.906,11.016,5562
16786,143352.578,12.666,5562
16787,143364.234,11.654,5562
16788,143375.703,11.470,5562
16789,143388.266,12.563,5562
16790,143400.672,12.411,5562
16791,143412.813,12.134,5562
16792,143424.734,11.911,5562
16793,143435.953,11.244,5562
16794,143447.047,11.081,5562
16795,143458.359,11.307,5562
16796,143470.797,12.431,5562
16797,143481.719,10.940,5562
16798,143493.500,11.777,5562
16799,143504.594,11.102,5562
16800,143516.125,11.522,5562
16801,143529.328,13.211,5562
16802,143541.188,11.849,5562
16803,143553.109,11.932,5562
16804,143564.031,10.921,5562
16805,143575.234,11.208,5562
16806,143586.563,11.327,5562
16807,143598.375,11.795,5562
16808,143609.391,11.021,5562
16809,143619.688,10.299,5562
16810,143630.516,10.830,5562
16811,143641.672,11.153,5562
16812,143651.875,10.216,5562
16813,143662.203,10.311,5562
16814,143672.906,10.698,5562
16815,143683.922,11.026,5562
16816,143693.828, 9.903,5562
16817,143704.672,10.858,5562
16818,143714.828,10.147,5562
16819,143725.641,10.816,5562
16820,143735.719,10.082,5562
16821,143747.500,11.764,5562
16822,143757.422, 9.921,5562
16823,143767.422,10.003,5562
16824,143777.500,10.087,5562
16825,143787.703,10.195,5562
16826,143798.094,10.395,5562
16827,143808.125,10.021,5562
16828,143818.375,10.259,5562
16829,143828.875,10.491,5562
16830,143839.078,10.218,5562
16831,143850.078,10.989,5562
16832,143861.078,11.012,5562
16833,143871.984,10.912,5562
16834,143881.891, 9.903,5562
16835,143891.906,10.018,5562
16836,143902.734,10.808,5562
16837,143913.359,10.641,5562
16838,143924.500,11.137,5562
16839,143934.266, 9.766,5562
16840,143945.313,11.047,5562
16841,143956.266,10.945,5562
16842,143967.094,10.831,5562
16843,143977.672,10.574,5562
16844,143989.938,12.278,5562
16845,144002.359,12.414,5562
16846,144014.438,12.085,5562
16847,144024.547,10.108,5562
16848,144035.094,10.540,5562
16849,144046.141,11.053,5562
16850,144056.859,10.718,5562
16851,144068.391,11.535,5562
16852,144079.250,10.863,5562
16853,144090.188,10.928,5562
16854,144100.609,10.428,5562
16855,144111.328,10.729,5562
16856,144122.641,11.303,5562
16857,144134.203,11.554,5562
16858,144144.906,10.697,5562
16859,144155.359,10.477,5562
16860,144167.828,12.452,5562
16861,144179.172,11.352,5562
16862,144190.391,11.209,5562
16863,144201.531,11.133,5562
16864,144212.266,10.746,5562
16865,144222.938,10.672,5562
16866,144234.063,11.118,5562
16867,144245.219,11.167,5562
16868,144256.344,11.127,5562
16869,144267.500,11.140,5562
16870,144279.266,11.775,5562
16871,144291.219,11.951,5562
16872,144303.063,11.852,5562
16873,144314.469,11.403,5562
16874,144325.891,11.421,5562
16875,144336.000,10.121,5562
16876,144347.000,10.979,5562
16877,144357.859,10.877,5562
16878,144369.047,11.185,5562
16879,144381.594,12.544,5562
16880,144393.203,11.612,5562
16881,144407.156,13.950,5562
16882,144419.750,12.596,5562
16883,144431.063,11.310,5562
16884,144442.984,11.912,5562
16885,144454.094,11.113,5562
16886,144465.813,11.725,5562
16887,144477.750,11.942,5562
16888,144489.313,11.561,5562
16889,144499.469,10.148,5562
16890,144509.734,10.272,5562
16891,144519.906,10.175,5562
16892,144530.188,10.270,5562
16893,144541.656,11.470,5562
16894,144551.656, 9.996,5562
16895,144562.063,10.413,5562
16896,144572.453,10.388,5562
16897,144582.547,10.094,5562
16898,144593.484,10.940,5562
16899,144603.750,10.270,5562
16900,144614.172,10.411,5562
16901,144624.328,10.160,5562
16902,144634.609,10.296,5562
16903,144644.734,10.106,5562
16904,144654.906,10.169,5562
16905,144665.609,10.718,5562
16906,144676.656,11.044,5562
16907,144686.375, 9.713,5562
16908,144697.078,10.704,5562
16909,144707.359,10.283,5562
16910,144718.656,11.303,5562
16911,144729.031,10.376,5562
16912,144740.859,11.823,5562
16913,144752.031,11.183,5562
16914,144763.016,10.976,5562
16915,144773.750,10.734,5562
16916,144783.953,10.207,5562
16917,144796.375,12.407,5562
16918,144810.984,14.622,5562
16919,144822.156,11.164,5562
16920,144834.203,12.050,5562
16921,144845.688,11.485,5562
16922,144857.297,11.617,5562
16923,144871.109,13.807,5562
16924,144882.188,11.064,5562
16925,144893.469,11.286,5562
16926,144904.484,11.027,5562
16927,144917.828,13.336,5562
16928,144929.547,11.717,5562
16929,144940.844,11.296,5562
16930,144952.188,11.345,5562
16931,144962.359,10.172,5562
16932,144972.938,10.581,5562
16933,144982.797, 9.856,5562
16934,144992.297, 9.499,5562
16935,145002.594,10.309,5562
16936,145012.594, 9.992,5562
16937,145023.219,10.627,5562
16938,145033.531,10.309,5562
16939,145043.672,10.142,5562
16940,145053.844,10.175,5562
16941,145064.188,10.333,5562
16942,145074.688,10.508,5562
16943,145085.063,10.382,5562
16944,145096.000,10.934,5562
16945,145105.734, 9.737,5562
16946,145115.906,10.170,5562
16947,145126.406,10.490,5562
16948,145138.172,11.769,5562
16949,145149.797,11.629,5562
16950,145160.109,10.302,5562
16951,145170.250,10.148,5562
16952,145180.516,10.267,5562
16953,145190.516,10.002,5562
16954,145202.109,11.580,5562
16955,145213.297,11.211,5562
16956,145224.516,11.205,5562
16957,145235.891,11.376,5562
16958,145246.328,10.442,5562
16959,145257.047,10.720,5562
16960,145267.141,10.093,5562
16961,145278.266,11.124,5562
16962,145289.391,11.109,5562
16963,145300.094,10.707,5562
16964,145311.313,11.230,5562
16965,145323.266,11.956,5562
16966,145334.797,11.523,5562
16967,145347.703,12.916,5562
16968,145358.891,11.171,5562
16969,145369.625,10.740,5562
16970,145380.266,10.651,5562
16971,145390.875,10.600,5562
16972,145401.797,10.924,5562
16973,145412.750,10.948,5562
16974,145424.281,11.538,5562
16975,145435.906,11.626,5562
16976,145449.031,13.126,5562
16977,145461.469,12.434,5562
16978,145472.250,10.784,5562
16979,145483.328,11.090,5562
16980,145494.281,10.944,5562
16981,145505.188,10.900,5562
16982,145516.469,11.283,5562
16983,145527.813,11.355,5562
16984,145538.656,10.840,5562
16985,145550.906,12.237,5562
16986,145563.156,12.265,5562
16987,145574.234,11.061,5562
16988,145584.734,10.499,5562
16989,145594.797,10.063,5562
16990,145606.781,11.989,5562
16991,145618.766,11.976,5562
16992,145629.766,11.018,5562
16993,145640.141,10.366,5562
16994,145651.688,11.544,5562
16995,145662.953,11.264,5562
16996,145673.188,10.252,5562
16997,145683.766,10.566,5562
16998,145694.344,10.575,5562
16999,145704.531,10.197,5562
17000,145715.781,11.249,5562
17001,145725.953,10.181,5562
17002,145736.656,10.700,5562
17003,145747.438,10.773,5562
17004,145757.797,10.369,5562
17005,145769.203,11.406,5562
17006,145779.547,10.334,5562
17007,145789.188, 9.651,5562
17008,145800.500,11.310,5562
17009,145810.672,10.175,5562
17010,145821.047,10.365,5562
17011,145831.250,10.204,5562
17012,145842.203,10.953,5562
17013,145852.156, 9.939,5562
17014,145862.453,10.304,5562
17015,145873.125,10.685,5562
17016,145883.438,10.291,5562
17017,145893.563,10.130,5562
17018,145904.516,10.967,5562
17019,145914.844,10.311,5562
17020,145925.781,10.949,5562
17021,145936.406,10.620,5562
17022,145946.984,10.574,5562
17023,145957.531,10.559,5562
17024,145968.109,10.569,5562
17025,145979.500,11.386,5562
17026,145990.219,10.718,5562
17027,146001.547,11.344,5562
17028,146014.375,12.826,5562
17029,146024.969,10.586,5562
17030,146036.016,11.054,5562
17031,146046.359,10.347,5562
17032,146056.891,10.521,5562
17033,146067.813,10.934,5562
17034,146079.094,11.270,5562
17035,146090.391,11.302,5562
17036,146100.906,10.512,5562
17037,146112.578,11.687,5562
17038,146122.953,10.358,5562
17039,146133.125,10.176,5562
17040,146143.906,10.792,5562
17041,146154.297,10.382,5562
17042,146164.844,10.545,5562
17043,146175.266,10.429,5562
17044,146186.188,10.912,5562
17045,146198.188,11.995,5562
17046,146209.641,11.463,5562
17047,146220.266,10.626,5562
17048,146232.375,12.113,5562
17049,146243.641,11.252,5562
17050,146254.844,11.204,5562
17051,146266.172,11.332,5562
17052,146277.859,11.700,5562
17053,146288.375,10.505,5562
17054,146299.813,11.436,5562
17055,146311.156,11.348,5562
17056,146322.516,11.360,5562
17057,146333.844,11.332,5562
17058,146345.844,11.994,5562
17059,146356.344,10.496,5562
17060,146367.500,11.156,5562
17061,146377.563,10.060,5562
17062,146387.578,10.014,5562
17063,146398.281,10.701,5562
17064,146410.203,11.925,5562
17065,146422.656,12.467,5562
17066,146433.250,10.590,5562
17067,146443.953,10.712,5562
17068,146453.891, 9.927,5562
17069,146464.859,10.968,5562
17070,146475.141,10.282,5562
17071,146485.453,10.308,5562
17072,146496.203,10.743,5562
17073,146507.188,11.000,5562
17074,146519.266,12.072,5562
17075,146530.109,10.835,5562
17076,146541.109,11.018,5562
17077,146552.563,11.452,5562
17078,146563.469,10.889,5562
17079,146575.000,11.541,5562
17080,146585.984,10.997,5562
17081,146596.000,10.014,5562
17082,146607.313,11.306,5562
17083,146618.328,11.003,5562
17084,146628.406,10.086,5562
17085,146638.375, 9.966,5562
17086,146648.516,10.155,5562
17087,146658.328, 9.804,5562
17088,146669.063,10.728,5562
17089,146678.984, 9.919,5562
17090,146688.594, 9.618,5562
17091,146698.797,10.192,5562
17092,146709.328,10.547,5562
17093,146719.766,10.426,5562
17094,146730.625,10.867,5562
17095,146741.078,10.449,5562
17096,146751.250,10.177,5562
17097,146762.109,10.845,5562
17098,146773.063,10.958,5562
17099,146783.625,10.573,5562
17100,146794.219,10.579,5562
17101,146805.641,11.427,5562
17102,146818.891,13.257,5562
17103,146831.656,12.760,5562
17104,146843.281,11.631,5562
17105,146854.094,10.810,5562
17106,146865.484,11.393,5562
17107,146876.078,10.586,5562
17108,146886.797,10.719,5562
17109,146898.313,11.519,5562
17110,146909.625,11.317,5562
17111,146920.484,10.866,5562
17112,146932.141,11.637,5562
17113,146943.203,11.084,5562
17114,146955.219,12.008,5562
17115,146966.203,10.976,5562
17116,146976.719,10.507,5562
17117,146986.953,10.253,5562
17118,146997.453,10.484,5562
17119,147007.469,10.012,5562
17120,147018.547,11.096,5562
17121,147028.578,10.031,5562
17122,147039.109,10.534,5562
17123,147050.219,11.093,5562
17124,147060.813,10.604,5562
17125,147071.000,10.190,5562
17126,147080.797, 9.786,5562
17127,147090.953,10.164,5562
17128,147100.750, 9.789,5562
17129,147110.906,10.166,5562
17130,147120.734, 9.825,5562
17131,147130.406, 9.681,5562
17132,147139.953, 9.548,5562
17133,147150.250,10.289,5562
17134,147161.938,11.689,5562
17135,147173.000,11.064,5562
17136,147183.094,10.091,5562
17137,147193.391,10.294,5562
17138,147203.875,10.493,5562
17139,147215.188,11.311,5562
17140,147227.250,12.060,5562
17141,147237.609,10.352,5562
17142,147248.359,10.747,5562
17143,147260.031,11.681,5562
17144,147270.484,10.452,5562
17145,147281.234,10.761,5562
17146,147291.516,10.265,5562
17147,147302.234,10.725,5562
17148,147313.125,10.886,5562
17149,147323.313,10.200,5562
17150,147333.922,10.598,5562
17151,147344.594,10.677,5562
17152,147355.094,10.500,5562
17153,147365.391,10.289,5562
17154,147376.219,10.836,5562
17155,147387.344,11.122,5562
17156,147397.625,10.285,5562
17157,147408.094,10.460,5562
17158,147418.406,10.323,5562
17159,147429.625,11.205,5562
17160,147440.625,11.009,5562
17161,147452.203,11.576,5562
17162,147463.516,11.312,5562
17163,147476.125,12.604,5562
17164,147487.641,11.514,5562
17165,147498.563,10.943,5562
17166,147509.750,11.170,5562
17167,147520.641,10.910,5562
17168,147531.469,10.811,5562
17169,147542.203,10.731,5562
17170,147554.219,12.019,5562
17171,147565.094,10.882,5562
17172,147575.688,10.594,5562
17173,147587.156,11.462,5562
17174,147598.516,11.368,5562
17175,147608.578,10.067,5562
17176,147620.844,12.251,5562
17177,147631.563,10.714,5562
17178,147641.719,10.168,5562
17179,147651.891,10.168,5562
17180,147662.016,10.138,5562
17181,147671.828, 9.804,5562
17182,147682.125,10.283,5562
17183,147693.828,11.724,5562
17184,147704.563,10.722,5562
17185,147714.766,10.195,5562
17186,147725.531,10.773,5562
17187,147735.828,10.296,5562
17188,147746.156,10.328,5562
17189,147756.563,10.413,5562
17190,147766.813,10.246,5562
17191,147776.781, 9.956,5562
17192,147786.641, 9.878,5562
17193,147797.516,10.865,5562
17194,147808.297,10.780,5562
17195,147818.438,10.152,5562
17196,147828.688,10.259,5562
17197,147839.000,10.292,5562
17198,147849.547,10.553,5562
17199,147859.703,10.153,5562
17200,147869.828,10.139,5562
17201,147880.531,10.696,5562
17202,147891.234,10.707,5562
17203,147901.766,10.532,5562
17204,147911.766, 9.996,5562
17205,147921.813,10.039,5562
17206,147932.313,10.496,5562
17207,147942.516,10.215,5562
17208,147952.906,10.376,5562
17209,147963.063,10.162,5562
17210,147974.016,10.969,5562
17211,147985.313,11.295,5562
17212,147995.875,10.562,5562
17213,148007.453,11.560,5562
17214,148019.078,11.631,5562
17215,148031.469,12.390,5562
17216,148042.797,11.326,5562
17217,148054.109,11.307,5562
17218,148065.063,10.962,5562
17219,148075.406,10.342,5562
17220,148085.547,10.148,5562
17221,148096.359,10.802,5562
17222,148106.859,10.509,5562
17223,148118.266,11.404,5562
17224,148128.750,10.482,5562
17225,148139.516,10.768,5562
17226,148151.688,12.166,5562
17227,148162.641,10.973,5562
17228,148173.203,10.550,5562
17229,148184.344,11.142,5562
17230,148194.953,10.606,5562
17231,148206.359,11.414,5562
17232,148217.703,11.344,5562
17233,148230.156,12.447,5562
17234,148241.547,11.384,5562
17235,148252.906,11.363,5562
17236,148263.844,10.950,5562
17237,148274.859,10.997,5562
17238,148285.672,10.823,5562
17239,148296.813,11.132,5562
17240,148308.031,11.231,5562
17241,148318.484,10.454,5562
17242,148330.609,12.131,5562
17243,148341.828,11.216,5562
17244,148353.016,11.172,5562
17245,148363.672,10.667,5562
17246,148373.469, 9.793,5562
17247,148383.063, 9.598,5562
17248,148393.188,10.127,5562
17249,148403.328,10.133,5562
17250,148414.828,11.495,5562
17251,148427.359,12.537,5562
17252,148441.094,13.734,5562
17253,148453.719,12.632,5562
17254,148465.922,12.193,5562
17255,148476.328,10.407,5562
17256,148487.813,11.481,5562
17257,148497.844,10.038,5562
17258,148507.734, 9.890,5562
17259,148517.828,10.091,5562
17260,148527.453, 9.626,5562
17261,148538.109,10.650,5562
17262,148548.438,10.339,5562
17263,148558.766,10.325,5562
17264,148568.594, 9.839,5562
17265,148579.219,10.624,5562
17266,148589.609,10.377,5562
17267,148600.016,10.415,5562
17268,148610.281,10.252,5562
17269,148620.125, 9.847,5562
17270,148631.031,10.918,5562
17271,148642.203,11.157,5562
17272,148654.016,11.825,5562
17273,148664.391,10.378,5562
17274,148674.844,10.447,5562
17275,148685.109,10.272,5562
17276,148695.469,10.353,5562
17277,148706.156,10.684,5562
17278,148716.938,10.783,5562
17279,148727.625,10.684,5562
17280,148738.484,10.873,5562
17281,148749.125,10.627,5562
17282,148760.109,10.975,5562
17283,148770.922,10.821,5562
17284,148781.188,10.274,5562
17285,148792.078,10.883,5562
17286,148803.141,11.069,5562
17287,148814.688,11.559,5562
17288,148827.484,12.773,5562
17289,148838.766,11.286,5562
17290,148850.391,11.623,5562
17291,148861.922,11.540,5562
17292,148872.938,11.006,5562
17293,148883.453,10.518,5562
17294,148895.000,11.544,5562
17295,148906.500,11.514,5562
17296,148917.688,11.174,5562
17297,148928.219,10.533,5562
17298,148938.734,10.513,5562
17299,148949.578,10.854,5562
17300,148960.672,11.107,5562
17301,148972.953,12.269,5562
17302,148984.625,11.681,5562
17303,148995.891,11.259,5562
17304,149006.766,10.862,5562
17305,149017.688,10.933,5562
17306,149028.531,10.851,5562
17307,149039.141,10.596,5562
17308,149050.625,11.490,5562
17309,149062.391,11.766,5562
17310,149073.625,11.235,5562
17311,149085.188,11.564,5562
17312,149095.906,10.714,5562
17313,149107.016,11.114,5562
17314,149118.266,11.246,5562
17315,149129.172,10.913,5562
17316,149140.891,11.705,5562
17317,149151.188,10.307,5562
17318,149162.109,10.912,5562
17319,149173.094,10.988,5562
17320,149185.063,11.963,5562
17321,149196.297,11.248,5562
17322,149206.500,10.199,5562
17323,149220.094,13.586,5562
17324,149232.094,12.006,5562
17325,149242.531,10.441,5562
17326,149253.688,11.145,5562
17327,149264.141,10.448,5562
17328,149274.922,10.798,5562
17329,149286.078,11.146,5562
17330,149296.828,10.750,5562
17331,149306.984,10.158,5562
17332,149317.891,10.907,5562
17333,149327.844, 9.956,5562
17334,149338.219,10.370,5562
17335,149348.391,10.180,5562
17336,149359.875,11.492,5562
17337,149370.203,10.315,5562
17338,149380.719,10.516,5562
17339,149391.297,10.588,5562
17340,149401.469,10.163,5562
17341,149411.547,10.070,5562
17342,149421.688,10.154,5562
17343,149432.188,10.488,5562
17344,149442.641,10.474,5562
17345,149453.078,10.424,5562
17346,149463.984,10.907,5562
17347,149475.922,11.939,5562
17348,149486.203,10.274,5562
17349,149497.625,11.428,5562
17350,149508.656,11.035,5562
17351,149519.000,10.346,5562
17352,149529.234,10.228,5562
17353,149539.969,10.749,5562
17354,149550.828,10.838,5562
17355,149562.297,11.475,5562
17356,149573.516,11.211,5562
17357,149585.063,11.552,5562
17358,149596.422,11.358,5562
17359,149608.078,11.651,5562
17360,149620.438,12.375,5562
17361,149632.422,11.986,5562
17362,149643.250,10.819,5562
17363,149653.938,10.689,5562
17364,149665.188,11.254,5562
17365,149676.313,11.127,5562
17366,149687.688,11.374,5562
17367,149698.922,11.225,5562
17368,149710.625,11.714,5562
17369,149721.734,11.109,5562
17370,149732.547,10.810,5562
17371,149744.188,11.638,5562
17372,149755.953,11.777,5562
17373,149767.313,11.349,5562
17374,149778.828,11.517,5562
17375,149788.531, 9.706,5562
17376,149798.734,10.195,5562
17377,149808.781,10.047,5562
17378,149819.609,10.832,5562
17379,149831.297,11.690,5562
17380,149841.000, 9.698,5562
17381,149851.484,10.474,5562
17382,149861.234, 9.768,5562
17383,149871.125, 9.882,5562
17384,149881.281,10.160,5562
17385,149891.297,10.027,5562
17386,149901.578,10.263,5562
17387,149911.844,10.275,5562
17388,149922.453,10.614,5562
17389,149932.938,10.471,5562
17390,149942.984,10.047,5562
17391,149953.281,10.311,5562
17392,149963.328,10.046,5562
17393,149973.844,10.514,5562
17394,149985.203,11.358,5562
17395,149995.281,10.072,5562
17396,150005.484,10.199,5562
17397,150017.297,11.825,5562
17398,150029.172,11.873,5562
17399,150040.156,10.977,5562
17400,150050.750,10.583,5562
17401,150061.922,11.185,5562
17402,150073.531,11.609,5562
17403,150084.109,10.572,5562
17404,150094.500,10.396,5562
17405,150104.656,10.167,5562
17406,150115.281,10.624,5562
17407,150125.750,10.460,5562
17408,150136.016,10.272,5562
17409,150147.172,11.144,5562
17410,150157.359,10.198,5562
17411,150166.844, 9.472,5562
17412,150176.547, 9.707,5562
17413,150187.984,11.452,5562
17414,150198.281,10.276,5562
17415,150208.766,10.492,5562
17416,150219.094,10.333,5562
17417,150229.359,10.264,5562
17418,150240.516,11.158,5562
17419,150251.938,11.430,5562
17420,150263.875,11.938,5562
17421,150275.188,11.310,5562
17422,150286.484,11.284,5562
17423,150296.906,10.427,5562
17424,150308.672,11.774,5562
17425,150321.203,12.524,5562
17426,150332.047,10.826,5562
17427,150343.891,11.864,5562
17428,150355.313,11.426,5562
17429,150366.984,11.665,5562
17430,150378.047,11.051,5562
17431,150389.250,11.211,5562
17432,150399.906,10.670,5562
17433,150411.141,11.221,5562
17434,150423.563,12.418,5562
17435,150434.141,10.578,5562
17436,150444.203,10.068,5562
17437,150454.141, 9.938,5562
17438,150464.953,10.805,5562
17439,150475.188,10.246,5562
17440,150485.734,10.539,5562
17441,150497.156,11.433,5562
17442,150508.047,10.880,5562
17443,150518.906,10.856,5562
17444,150528.953,10.053,5562
17445,150539.203,10.259,5562
17446,150548.750, 9.534,5562
17447,150558.984,10.244,5562
17448,150569.734,10.747,5562
17449,150580.078,10.335,5562
17450,150590.297,10.221,5562
17451,150600.625,10.330,5562
17452,150610.766,10.130,5562
17453,150621.016,10.267,5562
17454,150630.797, 9.768,5562
17455,150641.125,10.346,5562
17456,150651.438,10.288,5562
17457,150661.766,10.336,5562
17458,150672.469,10.716,5562
17459,150683.156,10.685,5562
17460,150693.281,10.129,5562
17461,150703.813,10.529,5562
17462,150713.609, 9.784,5562
17463,150723.750,10.153,5562
17464,150734.219,10.452,5562
17465,150743.953, 9.747,5562
17466,150753.563, 9.610,5562
17467,150763.922,10.364,5562
17468,150774.859,10.920,5562
17469,150786.344,11.494,5562
17470,150797.609,11.258,5562
17471,150811.781,14.191,5562
17472,150822.875,11.087,5562
17473,150834.047,11.164,5562
17474,150846.656,12.629,5562
17475,150857.641,10.973,5562
17476,150868.344,10.697,5562
17477,150879.359,11.030,5562
17478,150891.594,12.216,5562
17479,150902.016,10.440,5562
17480,150913.063,11.034,5562
17481,150922.734, 9.662,5562
17482,150933.313,10.595,5562
17483,150943.609,10.286,5562
17484,150953.703,10.094,5562
17485,150964.547,10.852,5562
17486,150974.563,10.024,5562
17487,150984.969,10.393,5562
17488,150996.078,11.105,5562
17489,151006.938,10.859,5562
17490,151018.297,11.370,5562
17491,151029.797,11.492,5562
17492,151040.156,10.365,5562
17493,151051.156,11.007,5562
17494,151063.516,12.353,5562
17495,151074.922,11.399,5562
17496,151086.594,11.685,5562
17497,151098.375,11.780,5562
17498,151110.063,11.678,5562
17499,151121.406,11.339,5562
17500,151131.828,10.434,5562
17501,151142.922,11.091,5562
17502,151153.531,10.604,5562
17503,151164.797,11.257,5562
17504,151174.922,10.138,5562
17505,151184.359, 9.429,5562
17506,151194.063, 9.709,5562
17507,151205.875,11.813,5562
17508,151219.047,13.176,5562
17509,151229.094,10.041,5562
17510,151239.594,10.503,5562
17511,151250.250,10.656,5562
17512,151261.125,10.876,5562
17513,151271.703,10.573,5562
17514,151281.828,10.138,5562
17515,151291.828, 9.997,5562
17516,151301.641, 9.801,5562
17517,151312.047,10.400,5562
17518,151322.344,10.315,5562
17519,151332.422,10.071,5562
17520,151342.750,10.326,5562
17521,151353.109,10.371,5562
17522,151364.078,10.948,5562
17523,151373.875, 9.817,5562
17524,151383.750, 9.867,5562
17525,151394.563,10.819,5562
17526,151404.172, 9.598,5562
17527,151414.609,10.443,5562
17528,151425.016,10.408,5562
17529,151435.625,10.608,5562
17530,151447.250,11.630,5562
17531,151458.594,11.341,5562
17532,151468.359, 9.762,5562
17533,151479.641,11.279,5562
17534,151489.656,10.011,5562
17535,151499.625, 9.970,5562
17536,151509.313, 9.706,5562
17537,151519.000, 9.681,5562
17538,151529.438,10.430,5562
17539,151540.547,11.113,5562
17540,151550.906,10.353,5562
17541,151561.328,10.433,5562
17542,151572.859,11.513,5562
17543,151583.516,10.659,5562
17544,151594.141,10.626,5562
17545,151605.734,11.602,5562
17546,151617.844,12.107,5562
17547,151629.344,11.517,5562
17548,151639.641,10.287,5562
17549,151649.391, 9.742,5562
17550,151659.953,10.565,5562
17551,151670.188,10.224,5562
17552,151680.516,10.350,5562
17553,151690.500, 9.972,5562
17554,151700.203, 9.705,5562
17555,151710.672,10.477,5562
17556,151720.641, 9.973,5562
17557,151730.359, 9.705,5562
17558,151741.203,10.852,5562
17559,151751.141, 9.935,5562
17560,151761.688,10.542,5562
17561,151772.828,11.142,5562
17562,151783.141,10.306,5562
17563,151800.203,17.067,5562
17564,151811.797,11.601,5562
17565,151822.438,10.639,5562
17566,151833.047,10.598,5562
17567,151844.344,11.305,5562
17568,151855.922,11.587,5562
17569,151867.219,11.295,5562
17570,151877.891,10.668,5562
17571,151888.891,10.993,5562
17572,151900.172,11.279,5562
17573,151910.938,10.767,5562
17574,151922.000,11.077,5562
17575,151931.688, 9.682,5562
17576,151942.234,10.533,5562
17577,151952.594,10.379,5562
17578,151962.609,10.006,5562
17579,151972.422, 9.817,5562
17580,151982.406, 9.975,5562
17581,151992.500,10.099,5562
17582,152002.328, 9.829,5562
17583,152014.219,11.886,5562
17584,152024.984,10.762,5562
17585,152035.688,10.712,5562
17586,152045.313, 9.620,5562
17587,152055.813,10.508,5562
17588,152066.156,10.334,5562
17589,152076.141, 9.978,5562
17590,152086.578,10.447,5562
17591,152097.031,10.449,5562
17592,152106.844, 9.815,5562
17593,152117.094,10.259,5562
17594,152127.516,10.403,5562
17595,152137.563,10.048,5562
17596,152148.219,10.662,5562
17597,152158.125, 9.899,5562
17598,152168.656,10.548,5562
17599,152178.281, 9.609,5562
17600,152188.375,10.097,5562
17601,152197.953, 9.597,5562
17602,152207.891, 9.924,5562
17603,152217.297, 9.408,5562
17604,152227.250, 9.952,5562
17605,152236.469, 9.223,5562
17606,152246.625,10.163,5562
17607,152256.141, 9.504,5562
17608,152266.813,10.674,5562
17609,152277.313,10.503,5562
17610,152287.219, 9.913,5562
17611,152296.750, 9.520,5562
17612,152306.719, 9.959,5562
17613,152316.453, 9.747,5562
17614,152326.547,10.093,5562
17615,152336.141, 9.590,5562
17616,152346.469,10.335,5562
17617,152356.766,10.293,5562
17618,152366.688, 9.924,5562
17619,152378.422,11.732,5562
17620,152389.297,10.881,5562
17621,152401.563,12.254,5562
17622,152414.438,12.880,5562
17623,152425.609,11.163,5562
17624,152436.000,10.400,5562
17625,152447.219,11.219,5562
17626,152458.969,11.749,5562
17627,152469.969,11.011,5562
17628,152481.063,11.080,5562
17629,152492.813,11.753,5562
17630,152503.938,11.137,5562
17631,152514.859,10.913,5562
17632,152525.063,10.197,5562
17633,152536.547,11.497,5562
17634,152548.875,12.309,5562
17635,152559.125,10.263,5562
17636,152569.781,10.654,5562
17637,152579.531, 9.744,5562
17638,152589.531,10.005,5562
17639,152600.875,11.338,5562
17640,152610.578, 9.708,5562
17641,152620.609,10.031,5562
17642,152630.328, 9.725,5562
17643,152640.594,10.268,5562
17644,152650.297, 9.689,5562
17645,152661.031,10.737,5562
17646,152670.672, 9.658,5562
17647,152680.797,10.113,5562
17648,152690.656, 9.863,5562
17649,152700.859,10.191,5562
17650,152711.125,10.271,5562
17651,152721.141,10.025,5562
17652,152731.203,10.051,5562
17653,152740.828, 9.629,5562
17654,152751.328,10.511,5562
17655,152761.922,10.582,5562
17656,152771.969,10.056,5562
17657,152781.609, 9.631,5562
17658,152791.531, 9.920,5562
17659,152802.813,11.278,5562
17660,152816.000,13.201,5562
17661,152826.156,10.138,5562
17662,152836.469,10.322,5562
17663,152846.125, 9.646,5562
17664,152856.266,10.157,5562
17665,152865.766, 9.501,5562
17666,152875.547, 9.772,5562
17667,152885.219, 9.676,5562
17668,152896.016,10.810,5562
17669,152906.500,10.476,5562
17670,152918.938,12.435,5562
17671,152929.516,10.575,5562
17672,152940.359,10.848,5562
17673,152951.094,10.739,5562
17674,152962.203,11.103,5562
17675,152973.156,10.961,5562
17676,152983.906,10.743,5562
17677,152994.844,10.925,5562
17678,153005.063,10.233,5562
17679,153016.422,11.363,5562
17680,153027.906,11.485,5562
17681,153038.469,10.563,5562
17682,153048.906,10.423,5562
17683,153060.203,11.302,5562
17684,153070.688,10.485,5562
17685,153081.844,11.156,5562
17686,153093.141,11.296,5562
17687,153103.563,10.422,5562
17688,153113.641,10.083,5562
17689,153123.844,10.201,5562
17690,153135.250,11.413,5562
17691,153146.016,10.764,5562
17692,153156.906,10.877,5562
17693,153167.344,10.444,5562
17694,153177.813,10.478,5562
17695,153187.328, 9.507,5562
17696,153197.422,10.082,5562
17697,153208.297,10.879,5562
17698,153219.078,10.790,5562
17699,153230.203,11.113,5562
17700,153241.563,11.371,5562
17701,153252.766,11.200,5562
17702,153263.234,10.467,5562
17703,153273.234,10.006,5562
17704,153283.453,10.206,5562
17705,153293.375, 9.918,5562
17706,153303.391,10.024,5562
17707,153313.281, 9.902,5562
17708,153323.578,10.283,5562
17709,153333.563, 9.995,5562
17710,153343.609,10.039,5562
17711,153353.250, 9.653,5562
17712,153362.828, 9.571,5562
17713,153372.594, 9.776,5562
17714,153382.375, 9.775,5562
17715,153392.156, 9.772,5562
17716,153401.953, 9.806,5562
17717,153412.281,10.322,5562
17718,153421.906, 9.626,5562
17719,153431.984,10.090,5562
17720,153442.422,10.435,5562
17721,153452.969,10.542,5562
17722,153462.453, 9.479,5562
17723,153472.625,10.180,5562
17724,153483.063,10.432,5562
17725,153493.234,10.169,5562
17726,153503.906,10.685,5562
17727,153514.531,10.610,5562
17728,153526.953,12.429,5562
17729,153536.359, 9.411,5562
17730,153546.438,10.069,5562
17731,153557.172,10.742,5562
17732,153568.125,10.934,5562
17733,153578.797,10.677,5562
17734,153590.563,11.772,5562
17735,153601.781,11.216,5562
17736,153613.578,11.796,5562
17737,153624.938,11.355,5562
17738,153635.422,10.492,5562
17739,153645.172, 9.748,5562
17740,153655.875,10.717,5562
17741,153666.344,10.464,5562
17742,153676.781,10.423,5562
17743,153686.609, 9.840,5562
17744,153696.625,10.017,5562
17745,153706.641,10.015,5562
17746,153716.672,10.038,5562
17747,153726.328, 9.650,5562
17748,153736.047, 9.711,5562
17749,153746.500,10.458,5562
17750,153757.109,10.612,5562
17751,153767.656,10.541,5562
17752,153778.297,10.647,5562
17753,153789.047,10.745,5562
17754,153799.984,10.949,5562
17755,153810.906,10.914,5562
17756,153822.172,11.251,5562
17757,153832.922,10.754,5562
17758,153843.547,10.628,5562
17759,153854.875,11.333,5562
17760,153865.094,10.224,5562
17761,153876.344,11.245,5562
17762,153887.016,10.665,5562
17763,153899.531,12.513,5562
17764,153910.672,11.154,5562
17765,153921.984,11.308,5562
17766,153932.797,10.805,5562
17767,153943.281,10.505,5562
17768,153954.500,11.209,5562
17769,153964.813,10.306,5562
17770,153974.328, 9.516,5562
17771,153984.969,10.650,5562
17772,153995.219,10.243,5562
17773,154006.984,11.758,5562
17774,154019.031,12.060,5562
17775,154029.328,10.293,5562
17776,154039.344,10.021,5562
17777,154048.859, 9.501,5562
17778,154060.016,11.166,5562
17779,154070.641,10.623,5562
17780,154081.141,10.499,5562
17781,154091.828,10.686,5562
17782,154102.188,10.358,5562
17783,154112.188, 9.998,5562
17784,154122.438,10.255,5562
17785,154131.906, 9.472,5562
17786,154141.484, 9.567,5562
17787,154151.297, 9.820,5562
17788,154160.766, 9.459,5562
17789,154170.063, 9.299,5562
17790,154179.313, 9.271,5562
17791,154189.813,10.484,5562
17792,154199.828,10.027,5562
17793,154209.297, 9.464,5562
17794,154218.906, 9.604,5562
17795,154228.750, 9.834,5562
17796,154238.266, 9.532,5562
17797,154248.297,10.022,5562
17798,154257.703, 9.407,5562
17799,154267.047, 9.353,5562
17800,154276.297, 9.240,5562
17801,154286.063, 9.760,5562
17802,154295.375, 9.323,5562
17803,154305.078, 9.712,5562
17804,154315.688,10.597,5562
17805,154325.344, 9.671,5562
17806,154335.547,10.193,5562
17807,154345.563,10.014,5562
17808,154355.703,10.145,5562
17809,154365.625, 9.915,5562
17810,154376.313,10.691,5562
17811,154385.922, 9.620,5562
17812,154396.734,10.797,5562
17813,154409.578,12.851,5562
17814,154420.953,11.378,5562
17815,154431.656,10.693,5562
17816,154442.203,10.555,5562
17817,154454.594,12.395,5562
17818,154465.234,10.634,5562
17819,154475.266,10.044,5562
17820,154485.828,10.550,5562
17821,154495.969,10.139,5562
17822,154505.625, 9.651,5562
17823,154516.172,10.545,5562
17824,154527.141,10.976,5562
17825,154537.578,10.431,5562
17826,154548.313,10.742,5562
17827,154558.641,10.336,5562
17828,154568.734,10.081,5562
17829,154578.141, 9.403,5562
17830,154587.609, 9.476,5562
17831,154596.516, 8.913,5562
17832,154607.031,10.509,5562
17833,154616.359, 9.332,5562
17834,154626.422,10.061,5562
17835,154636.531,10.117,5562
17836,154646.563,10.018,5562
17837,154656.188, 9.619,5562
17838,154665.594, 9.410,5562
17839,154675.688,10.100,5562
17840,154685.000, 9.307,5562
17841,154694.813, 9.806,5562
17842,154704.234, 9.428,5562
17843,154713.609, 9.372,5562
17844,154722.844, 9.235,5562
17845,154733.563,10.718,5562
17846,154743.063, 9.507,5562
17847,154752.422, 9.359,5562
17848,154761.453, 9.029,5562
17849,154771.000, 9.545,5562
17850,154780.391, 9.394,5562
17851,154789.688, 9.300,5562
17852,154801.578,11.889,5562
17853,154811.953,10.386,5562
17854,154821.453, 9.486,5562
17855,154831.078, 9.637,5562
17856,154841.469,10.375,5562
17857,154852.234,10.766,5562
17858,154861.875, 9.654,5562
17859,154872.438,10.557,5562
17860,154882.500,10.063,5562
17861,154891.750, 9.245,5562
17862,154901.625, 9.880,5562
17863,154911.031, 9.410,5562
17864,154920.172, 9.135,5562
17865,154930.094, 9.910,5562
17866,154940.125,10.035,5562
17867,154950.438,10.319,5562
17868,154960.641,10.212,5562
17869,154970.500, 9.855,5562
17870,154979.906, 9.401,5562
17871,154989.500, 9.589,5562
17872,155000.656,11.178,5562
17873,155010.125, 9.456,5562
17874,155019.500, 9.368,5562
17875,155029.391, 9.894,5562
17876,155040.469,11.087,5562
17877,155051.453,10.974,5562
17878,155062.313,10.866,5562
17879,155072.969,10.644,5562
17880,155084.000,11.052,5562
17881,155093.875, 9.873,5562
17882,155105.031,11.142,5562
17883,155115.438,10.410,5562
17884,155126.516,11.084,5562
17885,155136.453, 9.943,5562
17886,155147.078,10.608,5562
17887,155158.313,11.232,5562
17888,155168.656,10.355,5562
17889,155178.734,10.074,5562
17890,155189.563,10.831,5562
17891,155200.484,10.929,5562
17892,155210.703,10.196,5562
17893,155219.531, 8.846,5562
17894,155228.563, 9.036,5562
17895,155237.813, 9.239,5562
17896,155247.188, 9.378,5562
17897,155258.094,10.902,5562
17898,155268.609,10.531,5562
17899,155277.656, 9.030,5562
17900,155287.766,10.115,5562
17901,155297.906,10.140,5562
17902,155307.094, 9.191,5562
17903,155319.438,12.331,5562
17904,155329.109, 9.681,5562
17905,155338.969, 9.856,5562
17906,155349.234,10.271,5562
17907,155358.516, 9.286,5562
17908,155368.234, 9.715,5562
17909,155377.766, 9.538,5562
17910,155387.516, 9.742,5562
17911,155396.703, 9.180,5562
17912,155405.750, 9.051,5562
17913,155415.344, 9.601,5562
17914,155424.359, 9.005,5562
17915,155433.938, 9.596,5562
17916,155444.359,10.404,5562
17917,155453.922, 9.582,5562
17918,155463.672, 9.729,5562
17919,155472.844, 9.168,5562
17920,155482.469, 9.632,5562
17921,155491.328, 8.875,5562
17922,155500.281, 8.938,5562
17923,155509.516, 9.237,5562
17924,155518.781, 9.256,5562
17925,155528.453, 9.684,5562
17926,155537.875, 9.422,5562
17927,155547.563, 9.684,5562
17928,155556.438, 8.880,5562
17929,155565.281, 8.855,5562
17930,155574.297, 8.993,5562
17931,155583.797, 9.517,5562
17932,155595.141,11.336,5562
17933,155606.016,10.880,5562
17934,155615.969, 9.949,5562
17935,155625.875, 9.912,5562
17936,155635.047, 9.160,5562
17937,155644.094, 9.050,5562
17938,155653.391, 9.299,5562
17939,155664.219,10.831,5562
17940,155674.781,10.560,5562
17941,155684.531, 9.754,5562
17942,155694.641,10.118,5562
17943,155704.422, 9.762,5562
17944,155713.906, 9.488,5562
17945,155723.484, 9.578,5562
17946,155734.094,10.612,5562
17947,155744.484,10.386,5562
17948,155753.984, 9.515,5562
17949,155764.266,10.260,5562
17950,155773.813, 9.555,5562
17951,155783.141, 9.330,5562
17952,155793.094, 9.958,5562
17953,155803.297,10.206,5562
17954,155813.594,10.287,5562
17955,155823.766,10.180,5562
17956,155833.438, 9.665,5562
17957,155843.594,10.149,5562
17958,155853.953,10.372,5562
17959,155864.297,10.330,5562
17960,155874.719,10.418,5562
17961,155885.281,10.586,5562
17962,155895.266, 9.987,5562
17963,155905.500,10.219,5562
17964,155916.016,10.532,5562
17965,155926.438,10.405,5562
17966,155938.188,11.752,5562
17967,155948.156, 9.961,5562
17968,155958.156,10.008,5562
17969,155966.734, 8.571,5562
17970,155976.156, 9.431,5562
17971,155985.234, 9.084,5562
17972,155995.563,10.319,5562
17973,156006.891,11.320,5562
17974,156018.141,11.262,5562
17975,156027.734, 9.592,5562
17976,156037.109, 9.372,5562
17977,156046.484, 9.387,5562
17978,156055.625, 9.138,5562
17979,156064.922, 9.282,5562
17980,156074.641, 9.741,5562
17981,156084.172, 9.514,5562
17982,156093.141, 8.975,5562
17983,156102.500, 9.352,5562
17984,156112.063, 9.563,5562
17985,156122.531,10.477,5562
17986,156131.281, 8.746,5562
17987,156140.531, 9.260,5562
17988,156149.938, 9.408,5562
17989,156159.063, 9.116,5562
17990,156168.344, 9.282,5562
17991,156176.953, 8.600,5562
17992,156185.844, 8.904,5562
17993,156194.953, 9.094,5562
17994,156203.969, 9.029,5562
17995,156212.875, 8.893,5562
17996,156221.672, 8.806,5562
17997,156231.406, 9.719,5562
17998,156241.172, 9.778,5562
17999,156250.609, 9.445,5562
18000,156259.203, 8.589,5562
18001,156270.922,11.718,5562
18002,156281.516,10.591,5562
18003,156291.328, 9.818,5562
18004,156300.297, 8.972,5562
18005,156309.094, 8.796,5562
18006,156317.875, 8.781,5562
18007,156326.922, 9.043,5562
18008,156338.906,11.980,5562
18009,156348.234, 9.331,5562
18010,156357.547, 9.311,5562
18011,156366.391, 8.847,5562
18012,156375.625, 9.233,5562
18013,156385.656,10.023,5562
18014,156395.969,10.319,5562
18015,156406.484,10.522,5562
18016,156415.641, 9.144,5562
18017,156425.125, 9.490,5562
18018,156435.156,10.033,5562
18019,156445.625,10.464,5562
18020,156454.984, 9.368,5562
18021,156464.906, 9.910,5562
18022,156474.547, 9.648,5562
18023,156485.172,10.629,5562
18024,156493.813, 8.641,5562
18025,156503.188, 9.372,5562
18026,156512.078, 8.885,5562
18027,156521.000, 8.924,5562
18028,156529.969, 8.975,5562
18029,156540.266,10.296,5562
18030,156550.641,10.376,5562
18031,156560.516, 9.870,5562
18032,156570.609,10.094,5562
18033,156580.953,10.338,5562
18034,156591.797,10.850,5562
18035,156602.219,10.418,5562
18036,156611.125, 8.919,5562
18037,156620.672, 9.540,5562
18038,156630.641, 9.968,5562
18039,156640.297, 9.653,5562
18040,156650.219, 9.921,5562
18041,156660.203, 9.979,5562
18042,156669.781, 9.583,5562
18043,156679.813,10.042,5562
18044,156689.953,10.133,5562
18045,156699.234, 9.293,5562
18046,156708.672, 9.426,5562
18047,156717.297, 8.635,5562
18048,156725.984, 8.685,5562
18049,156734.563, 8.580,5562
18050,156743.156, 8.585,5562
18051,156751.969, 8.824,5562
18052,156761.313, 9.345,5562
18053,156770.250, 8.930,5562
18054,156779.203, 8.958,5562
18055,156788.813, 9.592,5562
18056,156799.250,10.447,5562
18057,156809.109, 9.852,5562
18058,156817.797, 8.690,5562
18059,156828.297,10.500,5562
18060,156836.969, 8.681,5562
18061,156846.156, 9.172,5562
18062,156855.047, 8.893,5562
18063,156865.578,10.542,5562
18064,156874.922, 9.335,5562
18065,156883.500, 8.577,5562
18066,156894.078,10.574,5562
18067,156903.344, 9.276,5562
18068,156913.172, 9.832,5562
18069,156922.234, 9.049,5562
18070,156931.422, 9.197,5562
18071,156940.359, 8.933,5562
18072,156949.188, 8.836,5562
18073,156958.328, 9.141,5562
18074,156967.484, 9.147,5562
18075,156976.656, 9.177,5562
18076,156985.531, 8.877,5562
18077,156994.781, 9.239,5562
18078,157003.375, 8.599,5562
18079,157012.313, 8.947,5562
18080,157020.875, 8.549,5562
18081,157029.984, 9.118,5562
18082,157038.406, 8.420,5562
18083,157047.188, 8.792,5562
18084,157056.172, 8.966,5562
18085,157064.719, 8.552,5562
18086,157074.375, 9.658,5562
18087,157083.984, 9.612,5562
18088,157093.234, 9.247,5562
18089,157102.063, 8.819,5562
18090,157111.125, 9.073,5562
18091,157119.844, 8.723,5562
18092,157129.469, 9.611,5562
18093,157139.219, 9.768,5562
18094,157148.328, 9.095,5562
 