Frame, Time (ms), Delta (ms) , Memory (mb)
    1, 0.000, 0.000,4341
    2, 5.471, 5.471,5703
    3,15.514,10.043,5703
    4,25.162, 9.648,5703
    5,33.410, 8.248,5703
    6,42.019, 8.609,5703
    7,50.574, 8.555,5703
    8,59.354, 8.780,5703
    9,67.556, 8.202,5703
   10,77.014, 9.458,5703
   11,86.457, 9.443,5703
   12,96.621,10.164,5703
   13,105.673, 9.052,5703
   14,115.990,10.317,5703
   15,124.754, 8.764,5703
   16,132.999, 8.245,5703
   17,141.029, 8.030,5703
   18,149.441, 8.412,5703
   19,157.201, 7.760,5703
   20,165.697, 8.496,5703
   21,173.249, 7.552,5703
   22,181.407, 8.158,5703
   23,189.371, 7.964,5703
   24,197.939, 8.568,5703
   25,206.019, 8.080,5703
   26,214.167, 8.148,5703
   27,221.978, 7.811,5703
   28,229.895, 7.917,5703
   29,237.695, 7.800,5703
   30,245.462, 7.767,5703
   31,253.046, 7.584,5703
   32,261.065, 8.019,5703
   33,269.115, 8.050,5703
   34,277.104, 7.989,5703
   35,285.023, 7.919,5703
   36,292.740, 7.717,5703
   37,301.028, 8.288,5703
   38,309.317, 8.289,5703
   39,317.427, 8.110,5703
   40,325.106, 7.679,5703
   41,333.102, 7.996,5703
   42,341.321, 8.219,5703
   43,349.267, 7.946,5703
   44,357.762, 8.495,5703
   45,366.261, 8.499,5703
   46,374.425, 8.164,5703
   47,383.702, 9.277,5703
   48,393.348, 9.646,5703
   49,401.688, 8.340,5703
   50,410.989, 9.301,5703
   51,419.837, 8.848,5703
   52,428.008, 8.171,5703
   53,436.125, 8.117,5703
   54,444.226, 8.101,5703
   55,451.938, 7.712,5703
   56,460.616, 8.678,5703
   57,469.130, 8.514,5703
   58,477.444, 8.314,5703
   59,486.152, 8.708,5703
   60,494.402, 8.250,5703
   61,502.472, 8.070,5703
   62,511.043, 8.571,5703
   63,519.318, 8.275,5703
   64,527.650, 8.332,5703
   65,536.061, 8.411,5703
   66,544.278, 8.217,5703
   67,552.915, 8.637,5703
   68,561.190, 8.275,5703
   69,569.864, 8.674,5703
   70,578.419, 8.555,5703
   71,587.413, 8.994,5703
   72,595.826, 8.413,5703
   73,604.297, 8.471,5703
   74,612.515, 8.218,5703
   75,621.799, 9.284,5703
   76,630.746, 8.947,5703
   77,639.008, 8.262,5703
   78,647.232, 8.224,5703
   79,655.360, 8.128,5703
   80,663.648, 8.288,5703
   81,672.104, 8.456,5703
   82,680.704, 8.600,5703
   83,689.331, 8.627,5703
   84,698.001, 8.670,5703
   85,706.312, 8.311,5703
   86,715.039, 8.727,5703
   87,722.670, 7.631,5703
   88,730.843, 8.173,5703
   89,738.733, 7.890,5703
   90,746.481, 7.748,5703
   91,754.404, 7.923,5703
   92,762.294, 7.890,5703
   93,770.059, 7.765,5703
   94,777.832, 7.773,5703
   95,787.346, 9.514,5703
   96,796.319, 8.973,5703
   97,804.556, 8.237,5703
   98,812.445, 7.889,5703
   99,820.248, 7.803,5703
  100,828.115, 7.867,5703
  101,837.457, 9.342,5703
  102,846.651, 9.194,5703
  103,854.654, 8.003,5703
  104,862.427, 7.773,5703
  105,870.453, 8.026,5703
  106,878.632, 8.179,5703
  107,886.422, 7.790,5703
  108,894.274, 7.852,5703
  109,902.074, 7.800,5703
  110,910.188, 8.114,5703
  111,917.820, 7.632,5703
  112,925.795, 7.975,5703
  113,933.308, 7.513,5703
  114,941.692, 8.384,5703
  115,949.712, 8.020,5703
  116,957.903, 8.191,5703
  117,965.781, 7.878,5703
  118,973.720, 7.939,5703
  119,981.539, 7.819,5703
  120,989.196, 7.657,5703
  121,997.774, 8.578,5703
  122,1006.124, 8.350,5703
  123,1013.541, 7.417,5703
  124,1021.503, 7.962,5703
  125,1029.038, 7.535,5703
  126,1037.860, 8.822,5703
  127,1046.075, 8.215,5703
  128,1054.084, 8.009,5703
  129,1061.590, 7.506,5703
  130,1069.387, 7.797,5703
  131,1077.087, 7.700,5703
  132,1084.825, 7.738,5703
  133,1092.482, 7.657,5703
  134,1100.696, 8.214,5703
  135,1108.266, 7.570,5703
  136,1116.533, 8.267,5703
  137,1124.652, 8.119,5703
  138,1132.703, 8.051,5703
  139,1141.117, 8.414,5703
  140,1149.991, 8.874,5703
  141,1158.472, 8.481,5703
  142,1169.698,11.226,5703
  143,1181.658,11.960,5703
  144,1192.031,10.373,5703
  145,1200.631, 8.600,5703
  146,1209.992, 9.361,5703
  147,1219.237, 9.245,5703
  148,1229.217, 9.980,5703
  149,1237.975, 8.758,5703
  150,1247.045, 9.070,5703
  151,1256.699, 9.654,5703
  152,1266.087, 9.388,5703
  153,1274.392, 8.305,5703
  154,1282.803, 8.411,5703
  155,1291.190, 8.387,5703
  156,1299.561, 8.371,5703
  157,1307.724, 8.163,5703
  158,1316.639, 8.915,5703
  159,1326.309, 9.670,5703
  160,1335.029, 8.720,5703
  161,1342.807, 7.778,5703
  162,1350.313, 7.506,5703
  163,1357.966, 7.653,5703
  164,1366.209, 8.243,5703
  165,1373.694, 7.485,5703
  166,1381.845, 8.151,5703
  167,1389.569, 7.724,5703
  168,1397.334, 7.765,5703
  169,1404.810, 7.476,5703
  170,1412.677, 7.867,5703
  171,1420.422, 7.745,5703
  172,1428.789, 8.367,5703
  173,1436.105, 7.316,5703
  174,1443.867, 7.762,5703
  175,1451.115, 7.248,5703
  176,1458.642, 7.527,5703
  177,1467.014, 8.372,5703
  178,1475.106, 8.092,5703
  179,1483.346, 8.240,5703
  180,1490.798, 7.452,5703
  181,1498.087, 7.289,5703
  182,1505.804, 7.717,5703
  183,1513.996, 8.192,5703
  184,1521.613, 7.617,5703
  185,1529.588, 7.975,5703
  186,1537.084, 7.496,5703
  187,1544.566, 7.482,5703
  188,1552.033, 7.467,5703
  189,1559.376, 7.343,5703
  190,1567.513, 8.137,5703
  191,1577.198, 9.685,5703
  192,1585.545, 8.347,5703
  193,1593.332, 7.787,5703
  194,1601.663, 8.331,5703
  195,1609.091, 7.428,5703
  196,1616.971, 7.880,5703
  197,1624.595, 7.624,5703
  198,1632.497, 7.902,5703
  199,1640.189, 7.692,5703
  200,1647.688, 7.499,5703
  201,1655.324, 7.636,5703
  202,1663.117, 7.793,5703
  203,1670.496, 7.379,5703
  204,1678.624, 8.128,5703
  205,1686.530, 7.906,5703
  206,1694.330, 7.800,5703
  207,1701.955, 7.625,5703
  208,1709.468, 7.513,5703
  209,1717.609, 8.141,5703
  210,1724.964, 7.355,5703
  211,1733.396, 8.432,5703
  212,1741.496, 8.100,5703
  213,1749.141, 7.645,5703
  214,1756.827, 7.686,5703
  215,1764.782, 7.955,5703
  216,1772.595, 7.813,5703
  217,1780.493, 7.898,5703
  218,1789.400, 8.907,5703
  219,1797.480, 8.080,5703
  220,1805.832, 8.352,5703
  221,1813.719, 7.887,5703
  222,1821.975, 8.256,5703
  223,1830.613, 8.638,5703
  224,1838.567, 7.954,5703
  225,1847.276, 8.709,5703
  226,1855.383, 8.107,5703
  227,1864.150, 8.767,5703
  228,1871.921, 7.771,5703
  229,1879.616, 7.695,5703
  230,1888.103, 8.487,5703
  231,1896.653, 8.550,5703
  232,1904.773, 8.120,5703
  233,1912.946, 8.173,5703
  234,1921.005, 8.059,5703
  235,1929.152, 8.147,5703
  236,1937.853, 8.701,5703
  237,1944.972, 7.119,5703
  238,1952.372, 7.400,5703
  239,1960.871, 8.499,5703
  240,1969.474, 8.603,5703
  241,1977.975, 8.501,5703
  242,1986.037, 8.062,5703
  243,1993.195, 7.158,5703
  244,2001.488, 8.293,5703
  245,2008.903, 7.415,5703
  246,2016.831, 7.928,5703
  247,2024.245, 7.414,5703
  248,2032.379, 8.134,5703
  249,2039.982, 7.603,5703
  250,2047.508, 7.526,5703
  251,2055.041, 7.533,5703
  252,2062.620, 7.579,5703
  253,2069.779, 7.159,5703
  254,2077.312, 7.533,5703
  255,2084.869, 7.557,5703
  256,2092.970, 8.101,5703
  257,2100.576, 7.606,5703
  258,2108.617, 8.041,5703
  259,2115.933, 7.316,5703
  260,2123.542, 7.609,5703
  261,2130.729, 7.187,5703
  262,2138.509, 7.780,5703
  263,2145.669, 7.160,5703
  264,2153.493, 7.824,5703
  265,2160.648, 7.155,5703
  266,2167.915, 7.267,5703
  267,2175.322, 7.407,5703
  268,2182.724, 7.402,5703
  269,2190.244, 7.520,5703
  270,2197.619, 7.375,5703
  271,2204.970, 7.351,5703
  272,2213.241, 8.271,5703
  273,2221.505, 8.264,5703
  274,2229.861, 8.356,5703
  275,2237.279, 7.418,5703
  276,2245.171, 7.892,5703
  277,2252.587, 7.416,5703
  278,2260.544, 7.957,5703
  279,2267.836, 7.292,5703
  280,2275.674, 7.838,5703
  281,2283.307, 7.633,5703
  282,2290.946, 7.639,5703
  283,2298.870, 7.924,5703
  284,2307.174, 8.304,5703
  285,2314.819, 7.645,5703
  286,2322.909, 8.090,5703
  287,2330.493, 7.584,5703
  288,2338.976, 8.483,5703
  289,2347.457, 8.481,5703
  290,2357.705,10.248,5703
  291,2365.978, 8.273,5703
  292,2373.928, 7.950,5703
  293,2381.804, 7.876,5703
  294,2389.355, 7.551,5703
  295,2397.130, 7.775,5703
  296,2404.278, 7.148,5703
  297,2411.769, 7.491,5703
  298,2419.262, 7.493,5703
  299,2427.268, 8.006,5703
  300,2434.887, 7.619,5703
  301,2442.443, 7.556,5703
  302,2450.743, 8.300,5703
  303,2457.887, 7.144,5703
  304,2465.449, 7.562,5703
  305,2472.577, 7.128,5703
  306,2480.164, 7.587,5703
  307,2487.839, 7.675,5703
  308,2495.461, 7.622,5703
  309,2503.330, 7.869,5703
  310,2510.491, 7.161,5703
  311,2518.322, 7.831,5703
  312,2525.963, 7.641,5703
  313,2534.731, 8.768,5703
  314,2542.410, 7.679,5703
  315,2550.779, 8.369,5703
  316,2559.162, 8.383,5703
  317,2566.631, 7.469,5703
  318,2574.341, 7.710,5703
  319,2581.628, 7.287,5703
  320,2589.902, 8.274,5703
  321,2597.277, 7.375,5703
  322,2605.008, 7.731,5703
  323,2612.827, 7.819,5703
  324,2620.763, 7.936,5703
  325,2628.161, 7.398,5703
  326,2636.031, 7.870,5703
  327,2643.990, 7.959,5703
  328,2652.205, 8.215,5703
  329,2659.665, 7.460,5703
  330,2668.155, 8.490,5703
  331,2675.585, 7.430,5703
  332,2683.817, 8.232,5703
  333,2690.866, 7.049,5703
  334,2698.087, 7.221,5703
  335,2705.118, 7.031,5703
  336,2712.090, 6.972,5703
  337,2718.971, 6.881,5703
  338,2726.050, 7.079,5703
  339,2732.917, 6.867,5703
  340,2740.766, 7.849,5703
  341,2750.467, 9.701,5703
  342,2758.092, 7.625,5703
  343,2765.635, 7.543,5703
  344,2772.675, 7.040,5703
  345,2779.515, 6.840,5703
  346,2786.935, 7.420,5703
  347,2794.008, 7.073,5703
  348,2801.101, 7.093,5703
  349,2808.166, 7.065,5703
  350,2815.214, 7.048,5703
  351,2822.368, 7.154,5703
  352,2830.469, 8.101,5703
  353,2837.555, 7.086,5703
  354,2844.947, 7.392,5703
  355,2852.328, 7.381,5703
  356,2860.851, 8.523,5703
  357,2868.490, 7.639,5703
  358,2875.491, 7.001,5703
  359,2882.726, 7.235,5703
  360,2889.636, 6.910,5703
  361,2896.554, 6.918,5703
  362,2903.868, 7.314,5703
  363,2910.787, 6.919,5703
  364,2917.863, 7.076,5703
  365,2925.145, 7.282,5703
  366,2932.832, 7.687,5703
  367,2939.984, 7.152,5703
  368,2947.465, 7.481,5703
  369,2954.463, 6.998,5703
  370,2963.392, 8.929,5703
  371,2970.585, 7.193,5703
  372,2977.985, 7.400,5703
  373,2985.120, 7.135,5703
  374,2992.053, 6.933,5703
  375,2999.174, 7.121,5703
  376,3006.462, 7.288,5703
  377,3013.252, 6.790,5703
  378,3020.221, 6.969,5703
  379,3027.115, 6.894,5703
  380,3034.264, 7.149,5703
  381,3041.430, 7.166,5703
  382,3048.495, 7.065,5703
  383,3055.378, 6.883,5703
  384,3062.642, 7.264,5703
  385,3070.116, 7.474,5703
  386,3077.367, 7.251,5703
  387,3084.478, 7.111,5703
  388,3091.845, 7.367,5703
  389,3098.943, 7.098,5703
  390,3106.580, 7.637,5703
  391,3113.570, 6.990,5703
  392,3121.747, 8.177,5703
  393,3129.864, 8.117,5703
  394,3138.375, 8.511,5703
  395,3146.330, 7.955,5703
  396,3153.234, 6.904,5703
  397,3160.007, 6.773,5703
  398,3167.040, 7.033,5703
  399,3174.587, 7.547,5703
  400,3182.286, 7.699,5703
  401,3190.161, 7.875,5703
  402,3198.135, 7.974,5703
  403,3206.025, 7.890,5703
  404,3213.334, 7.309,5703
  405,3220.297, 6.963,5703
  406,3227.746, 7.449,5703
  407,3234.703, 6.957,5703
  408,3241.824, 7.121,5703
  409,3248.837, 7.013,5703
  410,3255.998, 7.161,5703
  411,3262.727, 6.729,5703
  412,3270.111, 7.384,5703
  413,3278.017, 7.906,5703
  414,3286.020, 8.003,5703
  415,3293.668, 7.648,5703
  416,3301.795, 8.127,5703
  417,3309.493, 7.698,5703
  418,3317.371, 7.878,5703
  419,3325.041, 7.670,5703
  420,3332.410, 7.369,5703
  421,3339.848, 7.438,5703
  422,3347.661, 7.813,5703
  423,3356.014, 8.353,5703
  424,3363.942, 7.928,5703
  425,3371.359, 7.417,5703
  426,3378.899, 7.540,5703
  427,3387.166, 8.267,5703
  428,3395.007, 7.841,5703
  429,3402.887, 7.880,5703
  430,3410.642, 7.755,5703
  431,3418.673, 8.031,5703
  432,3425.960, 7.287,5703
  433,3433.311, 7.351,5703
  434,3440.638, 7.327,5703
  435,3448.456, 7.818,5703
  436,3455.439, 6.983,5703
  437,3462.686, 7.247,5703
  438,3470.352, 7.666,5703
  439,3477.556, 7.204,5703
  440,3485.138, 7.582,5703
  441,3494.560, 9.422,5703
  442,3502.044, 7.484,5703
  443,3509.485, 7.441,5703
  444,3517.243, 7.758,5703
  445,3527.068, 9.825,5703
  446,3535.361, 8.293,5703
  447,3542.853, 7.492,5703
  448,3549.814, 6.961,5703
  449,3556.932, 7.118,5703
  450,3563.991, 7.059,5703
  451,3571.015, 7.024,5703
  452,3578.279, 7.264,5703
  453,3585.305, 7.026,5703
  454,3592.317, 7.012,5703
  455,3600.361, 8.044,5703
  456,3607.769, 7.408,5703
  457,3615.100, 7.331,5703
  458,3622.103, 7.003,5703
  459,3629.311, 7.208,5703
  460,3636.478, 7.167,5703
  461,3643.432, 6.954,5703
  462,3650.976, 7.544,5703
  463,3658.191, 7.215,5703
  464,3665.154, 6.963,5703
  465,3671.795, 6.641,5703
  466,3678.930, 7.135,5703
  467,3685.789, 6.859,5703
  468,3692.397, 6.608,5703
  469,3699.174, 6.777,5703
  470,3706.471, 7.297,5703
  471,3713.308, 6.837,5703
  472,3720.196, 6.888,5703
  473,3727.125, 6.929,5703
  474,3734.565, 7.440,5703
  475,3741.469, 6.904,5703
  476,3748.703, 7.234,5703
  477,3755.258, 6.555,5703
  478,3762.353, 7.095,5703
  479,3769.253, 6.900,5703
  480,3776.234, 6.981,5703
  481,3782.921, 6.687,5703
  482,3790.184, 7.263,5703
  483,3796.838, 6.654,5703
  484,3803.529, 6.691,5703
  485,3810.665, 7.136,5703
  486,3817.501, 6.836,5703
  487,3825.450, 7.949,5703
  488,3832.997, 7.547,5703
  489,3840.159, 7.162,5703
  490,3848.014, 7.855,5703
  491,3856.135, 8.121,5703
  492,3863.704, 7.569,5703
  493,3870.619, 6.915,5703
  494,3878.664, 8.045,5703
  495,3886.454, 7.790,5703
  496,3894.152, 7.698,5703
  497,3901.362, 7.210,5703
  498,3909.327, 7.965,5703
  499,3918.811, 9.484,5703
  500,3926.917, 8.106,5703
  501,3934.488, 7.571,5703
  502,3941.935, 7.447,5703
  503,3949.225, 7.290,5703
  504,3956.596, 7.371,5703
  505,3964.125, 7.529,5703
  506,3971.587, 7.462,5703
  507,3978.862, 7.275,5703
  508,3985.964, 7.102,5703
  509,3993.110, 7.146,5703
  510,4000.865, 7.755,5703
  511,4008.506, 7.641,5703
  512,4016.481, 7.975,5703
  513,4024.585, 8.104,5703
  514,4032.071, 7.486,5703
  515,4038.742, 6.671,5703
  516,4045.612, 6.870,5703
  517,4052.263, 6.651,5703
  518,4058.962, 6.699,5703
  519,4065.632, 6.670,5703
  520,4072.153, 6.521,5703
  521,4079.048, 6.895,5703
  522,4086.044, 6.996,5671
  523,4092.450, 6.406,5671
  524,4099.273, 6.823,5671
  525,4105.764, 6.491,5671
  526,4112.636, 6.872,5671
  527,4119.266, 6.630,5671
  528,4126.338, 7.072,5671
  529,4133.558, 7.220,5671
  530,4140.195, 6.637,5671
  531,4146.896, 6.701,5671
  532,4153.933, 7.037,5671
  533,4160.490, 6.557,5671
  534,4167.534, 7.044,5671
  535,4174.052, 6.518,5671
  536,4181.037, 6.985,5671
  537,4187.523, 6.486,5671
  538,4194.200, 6.677,5671
  539,4200.991, 6.791,5671
  540,4207.478, 6.487,5671
  541,4214.050, 6.572,5671
  542,4220.841, 6.791,5671
  543,4228.102, 7.261,5671
  544,4236.041, 7.939,5671
  545,4242.574, 6.533,5671
  546,4249.047, 6.473,5671
  547,4256.299, 7.252,5671
  548,4263.426, 7.127,5671
  549,4269.986, 6.560,5671
  550,4277.311, 7.325,5671
  551,4283.965, 6.654,5671
  552,4290.548, 6.583,5671
  553,4297.277, 6.729,5671
  554,4306.105, 8.828,5671
  555,4313.350, 7.245,5671
  556,4321.201, 7.851,5671
  557,4328.872, 7.671,5671
  558,4335.589, 6.717,5671
  559,4342.873, 7.284,5671
  560,4350.311, 7.438,5671
  561,4357.202, 6.891,5671
  562,4363.909, 6.707,5671
  563,4370.623, 6.714,5671
  564,4378.281, 7.658,5671
  565,4387.160, 8.879,5671
  566,4394.166, 7.006,5671
  567,4401.452, 7.286,5671
  568,4409.381, 7.929,5671
  569,4417.078, 7.697,5671
  570,4424.425, 7.347,5671
  571,4431.535, 7.110,5671
  572,4438.614, 7.079,5671
  573,4446.353, 7.739,5671
  574,4453.636, 7.283,5671
  575,4460.782, 7.146,5671
  576,4468.263, 7.481,5671
  577,4475.025, 6.762,5671
  578,4482.244, 7.219,5671
  579,4489.128, 6.884,5671
  580,4496.536, 7.408,5671
  581,4503.647, 7.111,5671
  582,4510.974, 7.327,5671
  583,4518.177, 7.203,5671
  584,4525.701, 7.524,5671
  585,4532.908, 7.207,5671
  586,4540.261, 7.353,5671
  587,4547.351, 7.090,5671
  588,4555.851, 8.500,5671
  589,4563.456, 7.605,5671
  590,4571.520, 8.064,5671
  591,4579.372, 7.852,5671
  592,4587.404, 8.032,5671
  593,4594.708, 7.304,5671
  594,4602.286, 7.578,5671
  595,4609.435, 7.149,5671
  596,4617.266, 7.831,5671
  597,4625.116, 7.850,5671
  598,4633.459, 8.343,5671
  599,4641.315, 7.856,5671
  600,4648.616, 7.301,5671
  601,4655.441, 6.825,5671
  602,4664.048, 8.607,5671
  603,4671.375, 7.327,5671
  604,4678.469, 7.094,5671
  605,4685.058, 6.589,5671
  606,4692.420, 7.362,5671
  607,4700.627, 8.207,5671
  608,4707.683, 7.056,5671
  609,4714.598, 6.915,5671
  610,4721.945, 7.347,5671
  611,4728.684, 6.739,5671
  612,4735.908, 7.224,5671
  613,4742.923, 7.015,5671
  614,4749.631, 6.708,5671
  615,4756.066, 6.435,5671
  616,4763.381, 7.315,5671
  617,4771.080, 7.699,5671
  618,4778.161, 7.081,5671
  619,4784.847, 6.686,5671
  620,4791.575, 6.728,5671
  621,4798.543, 6.968,5671
  622,4805.773, 7.230,5671
  623,4812.370, 6.597,5671
  624,4819.124, 6.754,5671
  625,4826.048, 6.924,5671
  626,4832.582, 6.534,5671
  627,4839.283, 6.701,5671
  628,4846.010, 6.727,5671
  629,4852.339, 6.329,5671
  630,4858.803, 6.464,5671
  631,4865.031, 6.228,5671
  632,4872.368, 7.337,5671
  633,4878.977, 6.609,5671
  634,4885.448, 6.471,5671
  635,4892.121, 6.673,5671
  636,4898.592, 6.471,5671
  637,4904.926, 6.334,5671
  638,4911.424, 6.498,5671
  639,4917.882, 6.458,5671
  640,4924.482, 6.600,5671
  641,4931.078, 6.596,5671
  642,4937.678, 6.600,5671
  643,4944.471, 6.793,5671
  644,4952.032, 7.561,5671
  645,4958.667, 6.635,5671
  646,4965.526, 6.859,5671
  647,4972.066, 6.540,5671
  648,4979.117, 7.051,5671
  649,4986.236, 7.119,5671
  650,4992.990, 6.754,5671
  651,4999.430, 6.440,5671
  652,5006.049, 6.619,5671
  653,5012.309, 6.260,5671
  654,5018.694, 6.385,5671
  655,5025.371, 6.677,5671
  656,5031.717, 6.346,5671
  657,5038.235, 6.518,5671
  658,5045.024, 6.789,5671
  659,5051.514, 6.490,5671
  660,5058.203, 6.689,5671
  661,5064.947, 6.744,5671
  662,5071.884, 6.937,5671
  663,5079.486, 7.602,5671
  664,5088.207, 8.721,5671
  665,5095.344, 7.137,5671
  666,5102.427, 7.083,5671
  667,5108.941, 6.514,5671
  668,5115.513, 6.572,5671
  669,5121.993, 6.480,5671
  670,5129.692, 7.699,5671
  671,5137.322, 7.630,5671
  672,5144.505, 7.183,5671
  673,5151.872, 7.367,5671
  674,5159.602, 7.730,5671
  675,5166.815, 7.213,5671
  676,5174.301, 7.486,5671
  677,5180.897, 6.596,5671
  678,5188.448, 7.551,5671
  679,5195.765, 7.317,5671
  680,5203.021, 7.256,5671
  681,5210.225, 7.204,5671
  682,5218.192, 7.967,5671
  683,5226.096, 7.904,5671
  684,5232.941, 6.845,5671
  685,5240.507, 7.566,5671
  686,5247.564, 7.057,5671
  687,5254.639, 7.075,5671
  688,5262.028, 7.389,5671
  689,5269.383, 7.355,5671
  690,5276.343, 6.960,5671
  691,5283.903, 7.560,5671
  692,5292.616, 8.713,5671
  693,5300.245, 7.629,5671
  694,5308.138, 7.893,5671
  695,5316.198, 8.060,5671
  696,5323.592, 7.394,5671
  697,5330.631, 7.039,5671
  698,5337.408, 6.777,5671
  699,5344.536, 7.128,5671
  700,5351.867, 7.331,5671
  701,5358.835, 6.968,5671
  702,5366.007, 7.172,5671
  703,5373.131, 7.124,5671
  704,5380.041, 6.910,5671
  705,5386.566, 6.525,5671
  706,5392.819, 6.253,5671
  707,5399.435, 6.616,5671
  708,5406.128, 6.693,5671
  709,5412.719, 6.591,5671
  710,5419.056, 6.337,5671
  711,5425.675, 6.619,5671
  712,5432.149, 6.474,5671
  713,5438.707, 6.558,5671
  714,5445.188, 6.480,5671
  715,5451.567, 6.380,5671
  716,5458.968, 7.401,5671
  717,5465.323, 6.355,5671
  718,5472.613, 7.290,5671
  719,5480.568, 7.955,5671
  720,5488.723, 8.155,5671
  721,5495.885, 7.162,5671
  722,5503.072, 7.187,5671
  723,5510.314, 7.242,5671
  724,5517.417, 7.102,5671
  725,5524.615, 7.199,5671
  726,5531.256, 6.641,5671
  727,5537.700, 6.444,5671
  728,5544.279, 6.579,5671
  729,5551.170, 6.891,5671
  730,5558.038, 6.868,5671
  731,5565.002, 6.964,5671
  732,5571.729, 6.727,5671
  733,5578.236, 6.507,5671
  734,5585.100, 6.864,5671
  735,5592.083, 6.983,5671
  736,5598.576, 6.493,5671
  737,5605.584, 7.008,5671
  738,5612.498, 6.914,5671
  739,5619.539, 7.041,5671
  740,5626.501, 6.962,5671
  741,5632.965, 6.464,5671
  742,5639.553, 6.588,5671
  743,5646.174, 6.621,5671
  744,5652.361, 6.187,5671
  745,5658.803, 6.442,5671
  746,5665.681, 6.878,5671
  747,5671.941, 6.260,5671
  748,5678.042, 6.100,5671
  749,5684.609, 6.568,5671
  750,5691.257, 6.648,5671
  751,5697.887, 6.630,5671
  752,5704.936, 7.049,5671
  753,5711.901, 6.965,5671
  754,5719.325, 7.424,5671
  755,5726.403, 7.078,5671
  756,5733.438, 7.035,5671
  757,5740.029, 6.591,5671
  758,5747.378, 7.349,5671
  759,5754.286, 6.908,5671
  760,5761.452, 7.166,5671
  761,5768.046, 6.594,5671
  762,5774.813, 6.767,5671
  763,5781.635, 6.822,5671
  764,5788.615, 6.980,5671
  765,5795.447, 6.832,5671
  766,5802.308, 6.861,5671
  767,5809.347, 7.039,5671
  768,5816.114, 6.767,5671
  769,5823.824, 7.710,5671
  770,5830.774, 6.950,5671
  771,5837.525, 6.751,5671
  772,5844.492, 6.967,5671
  773,5851.661, 7.169,5671
  774,5860.364, 8.703,5671
  775,5868.964, 8.600,5671
  776,5877.525, 8.561,5671
  777,5884.209, 6.684,5671
  778,5890.993, 6.784,5671
  779,5897.869, 6.876,5671
  780,5904.726, 6.857,5671
  781,5911.720, 6.994,5671
  782,5918.504, 6.784,5671
  783,5925.658, 7.154,5671
  784,5933.004, 7.346,5671
  785,5940.008, 7.004,5671
  786,5947.029, 7.021,5671
  787,5953.924, 6.895,5671
  788,5961.769, 7.845,5671
  789,5969.391, 7.622,5671
  790,5976.732, 7.341,5671
  791,5983.694, 6.962,5671
  792,5990.253, 6.559,5671
  793,5996.726, 6.473,5671
  794,6003.319, 6.593,5671
  795,6009.527, 6.208,5671
  796,6015.562, 6.034,5671
  797,6021.740, 6.179,5671
  798,6028.141, 6.401,5671
  799,6035.489, 7.348,5671
  800,6042.015, 6.526,5671
  801,6048.397, 6.382,5671
  802,6054.692, 6.295,5671
  803,6061.039, 6.347,5671
  804,6067.375, 6.335,5671
  805,6074.293, 6.919,5671
  806,6080.916, 6.622,5671
  807,6087.641, 6.726,5671
  808,6093.976, 6.335,5671
  809,6100.230, 6.254,5671
  810,6106.678, 6.448,5671
  811,6112.932, 6.254,5671
  812,6119.078, 6.146,5671
  813,6125.155, 6.077,5671
  814,6131.619, 6.464,5671
  815,6138.382, 6.763,5671
  816,6145.450, 7.068,5671
  817,6151.663, 6.213,5671
  818,6158.016, 6.353,5671
  819,6164.046, 6.030,5671
  820,6170.189, 6.143,5671
  821,6176.446, 6.257,5671
  822,6182.735, 6.289,5671
  823,6188.851, 6.116,5671
  824,6195.927, 7.076,5671
  825,6202.528, 6.601,5671
  826,6209.536, 7.008,5671
  827,6216.209, 6.673,5671
  828,6222.892, 6.683,5671
  829,6228.973, 6.081,5671
  830,6235.228, 6.254,5671
  831,6241.417, 6.190,5671
  832,6249.518, 8.101,5671
  833,6257.071, 7.553,5671
  834,6264.275, 7.204,5671
  835,6270.609, 6.334,5671
  836,6277.500, 6.890,5671
  837,6284.147, 6.648,5671
  838,6291.488, 7.341,5671
  839,6297.710, 6.222,5671
  840,6303.937, 6.226,5671
  841,6310.223, 6.287,5671
  842,6316.597, 6.374,5671
  843,6322.817, 6.220,5671
  844,6329.261, 6.444,5671
  845,6335.523, 6.262,5671
  846,6341.833, 6.309,5671
  847,6348.460, 6.628,5671
  848,6355.405, 6.945,5671
  849,6362.008, 6.603,5671
  850,6368.798, 6.790,5671
  851,6375.143, 6.345,5671
  852,6381.678, 6.535,5671
  853,6388.147, 6.469,5671
  854,6395.007, 6.860,5671
  855,6401.386, 6.379,5671
  856,6408.478, 7.091,5671
  857,6415.130, 6.653,5671
  858,6421.841, 6.711,5671
  859,6428.742, 6.901,5671
  860,6436.171, 7.429,5671
  861,6442.987, 6.816,5671
  862,6450.444, 7.457,5671
  863,6459.479, 9.035,5671
  864,6467.127, 7.648,5671
  865,6474.497, 7.370,5671
  866,6481.902, 7.405,5671
  867,6489.009, 7.107,5671
  868,6496.067, 7.058,5671
  869,6502.759, 6.692,5671
  870,6509.973, 7.214,5671
  871,6516.944, 6.971,5671
  872,6523.495, 6.551,5671
  873,6530.120, 6.625,5671
  874,6537.001, 6.881,5671
  875,6543.777, 6.776,5671
  876,6550.355, 6.578,5671
  877,6557.896, 7.541,5671
  878,6565.467, 7.571,5671
  879,6572.269, 6.801,5671
  880,6580.023, 7.755,5671
  881,6587.100, 7.077,5671
  882,6594.042, 6.941,5671
  883,6600.232, 6.191,5671
  884,6607.122, 6.890,5671
  885,6613.376, 6.254,5671
  886,6619.679, 6.303,5671
  887,6625.833, 6.153,5671
  888,6632.192, 6.360,5671
  889,6639.243, 7.051,5671
  890,6646.574, 7.331,5671
  891,6653.066, 6.492,5671
  892,6659.483, 6.417,5671
  893,6665.771, 6.287,5671
  894,6673.022, 7.252,5671
  895,6679.634, 6.612,5671
  896,6685.748, 6.113,5671
  897,6692.056, 6.309,5671
  898,6698.255, 6.199,5671
  899,6704.654, 6.399,5671
  900,6711.000, 6.346,5671
  901,6717.355, 6.355,5671
  902,6724.579, 7.224,5671
  903,6731.854, 7.275,5671
  904,6739.086, 7.232,5671
  905,6746.686, 7.599,5671
  906,6753.907, 7.222,5671
  907,6761.506, 7.599,5671
  908,6768.657, 7.151,5671
  909,6775.884, 7.227,5671
  910,6782.985, 7.101,5671
  911,6789.361, 6.376,5671
  912,6798.783, 9.422,5671
  913,6806.480, 7.697,5671
  914,6814.755, 8.275,5671
  915,6821.770, 7.014,5671
  916,6828.981, 7.212,5671
  917,6836.992, 8.011,5671
  918,6844.575, 7.583,5671
  919,6851.604, 7.029,5671
  920,6858.546, 6.942,5671
  921,6866.019, 7.472,5671
  922,6874.333, 8.315,5671
  923,6882.396, 8.063,5671
  924,6890.224, 7.828,5671
  925,6899.345, 9.121,5671
  926,6907.500, 8.154,5671
  927,6914.834, 7.335,5671
  928,6922.525, 7.691,5671
  929,6929.988, 7.463,5671
  930,6936.882, 6.894,5671
  931,6943.496, 6.614,5671
  932,6949.930, 6.434,5671
  933,6956.137, 6.207,5671
  934,6962.441, 6.304,5671
  935,6968.896, 6.455,5671
  936,6975.396, 6.499,5671
  937,6981.729, 6.333,5671
  938,6988.764, 7.036,5671
  939,6995.544, 6.780,5671
  940,7002.735, 7.191,5671
  941,7009.283, 6.548,5671
  942,7016.456, 7.172,5671
  943,7023.285, 6.830,5671
  944,7030.790, 7.504,5671
  945,7038.834, 8.045,5671
  946,7046.066, 7.232,5671
  947,7053.096, 7.030,5671
  948,7059.852, 6.755,5671
  949,7066.980, 7.129,5671
  950,7073.581, 6.600,5671
  951,7080.334, 6.754,5671
  952,7087.091, 6.757,5671
  953,7094.042, 6.950,5671
  954,7101.251, 7.210,5671
  955,7107.508, 6.257,5671
  956,7113.969, 6.461,5671
  957,7120.215, 6.246,5671
  958,7126.735, 6.520,5671
  959,7133.414, 6.678,5671
  960,7139.739, 6.326,5671
  961,7145.958, 6.218,5671
  962,7152.483, 6.526,5671
  963,7158.990, 6.507,5671
  964,7165.833, 6.842,5671
  965,7172.411, 6.579,5671
  966,7179.219, 6.808,5671
  967,7186.013, 6.794,5671
  968,7193.375, 7.362,5671
  969,7201.122, 7.746,5671
  970,7208.282, 7.161,5671
  971,7215.312, 7.029,5671
  972,7222.304, 6.993,5671
  973,7229.537, 7.233,5671
  974,7236.698, 7.161,5671
  975,7244.721, 8.023,5671
  976,7252.122, 7.400,5671
  977,7259.182, 7.061,5671
  978,7266.228, 7.045,5671
  979,7272.771, 6.543,5671
  980,7279.840, 7.070,5671
  981,7287.071, 7.231,5671
  982,7294.000, 6.929,5671
  983,7301.265, 7.265,5671
  984,7308.959, 7.694,5671
  985,7316.106, 7.147,5671
  986,7324.183, 8.077,5671
  987,7331.290, 7.106,5671
  988,7337.623, 6.333,5671
  989,7344.360, 6.738,5671
  990,7351.051, 6.691,5671
  991,7357.518, 6.466,5671
  992,7364.072, 6.555,5671
  993,7370.464, 6.392,5671
  994,7376.890, 6.426,5671
  995,7383.112, 6.222,5671
  996,7389.608, 6.496,5671
  997,7396.008, 6.400,5671
  998,7402.332, 6.323,5671
  999,7408.882, 6.551,5671
 1000,7416.822, 7.940,5671
 1001,7424.755, 7.933,5671
 1002,7432.369, 7.614,5671
 1003,7439.473, 7.104,5671
 1004,7446.333, 6.860,5671
 1005,7452.863, 6.530,5671
 1006,7459.790, 6.926,5671
 1007,7466.444, 6.655,5671
 1008,7472.782, 6.338,5671
 1009,7479.170, 6.388,5671
 1010,7486.551, 7.381,5671
 1011,7493.940, 7.389,5671
 1012,7501.216, 7.276,5671
 1013,7507.687, 6.470,5671
 1014,7514.728, 7.041,5671
 1015,7521.735, 7.008,5671
 1016,7528.581, 6.845,5671
 1017,7535.396, 6.816,5671
 1018,7542.137, 6.741,5671
 1019,7549.490, 7.353,5671
 1020,7556.792, 7.301,5671
 1021,7563.316, 6.525,5671
 1022,7569.815, 6.499,5671
 1023,7576.056, 6.241,5671
 1024,7582.576, 6.520,5671
 1025,7588.751, 6.175,5671
 1026,7595.280, 6.529,5671
 1027,7601.593, 6.313,5671
 1028,7608.041, 6.447,5671
 1029,7615.439, 7.399,5671
 1030,7622.899, 7.460,5671
 1031,7630.081, 7.181,5671
 1032,7637.014, 6.934,5671
 1033,7643.528, 6.514,5671
 1034,7650.101, 6.572,5671
 1035,7656.928, 6.828,5671
 1036,7663.634, 6.706,5671
 1037,7670.153, 6.519,5671
 1038,7676.643, 6.489,5671
 1039,7683.265, 6.623,5671
 1040,7690.286, 7.021,5671
 1041,7696.867, 6.581,5671
 1042,7703.471, 6.604,5671
 1043,7709.748, 6.276,5671
 1044,7716.507, 6.760,5671
 1045,7723.083, 6.575,5671
 1046,7730.498, 7.415,5671
 1047,7737.429, 6.932,5671
 1048,7744.181, 6.752,5671
 1049,7751.196, 7.015,5671
 1050,7757.878, 6.682,5671
 1051,7765.372, 7.493,5671
 1052,7772.531, 7.160,5671
 1053,7779.257, 6.726,5671
 1054,7786.118, 6.861,5671
 1055,7793.299, 7.181,5671
 1056,7801.270, 7.970,5671
 1057,7810.151, 8.882,5671
 1058,7818.420, 8.269,5671
 1059,7825.301, 6.881,5671
 1060,7833.852, 8.550,5671
 1061,7840.873, 7.021,5671
 1062,7848.278, 7.406,5671
 1063,7855.630, 7.352,5671
 1064,7863.382, 7.752,5671
 1065,7870.755, 7.373,5671
 1066,7878.113, 7.358,5671
 1067,7885.625, 7.511,5671
 1068,7892.392, 6.767,5671
 1069,7899.348, 6.957,5671
 1070,7906.915, 7.566,5671
 1071,7914.104, 7.190,5671
 1072,7921.856, 7.752,5671
 1073,7929.809, 7.952,5671
 1074,7938.049, 8.241,5671
 1075,7945.010, 6.961,5671
 1076,7952.425, 7.415,5671
 1077,7959.284, 6.859,5671
 1078,7966.834, 7.550,5671
 1079,7973.648, 6.814,5671
 1080,7980.792, 7.144,5671
 1081,7987.751, 6.959,5671
 1082,7995.208, 7.456,5671
 1083,8001.879, 6.672,5671
 1084,8008.925, 7.046,5671
 1085,8015.634, 6.709,5671
 1086,8022.986, 7.352,5671
 1087,8030.125, 7.139,5671
 1088,8037.572, 7.447,5671
 1089,8044.960, 7.388,5671
 1090,8052.538, 7.577,5671
 1091,8059.715, 7.178,5671
 1092,8066.402, 6.687,5671
 1093,8073.246, 6.843,5671
 1094,8079.767, 6.521,5671
 1095,8087.162, 7.395,5671
 1096,8093.583, 6.422,5671
 1097,8100.093, 6.510,5671
 1098,8106.637, 6.544,5671
 1099,8113.240, 6.603,5671
 1100,8119.747, 6.506,5671
 1101,8126.098, 6.352,5671
 1102,8132.989, 6.891,5671
 1103,8139.643, 6.653,5671
 1104,8146.193, 6.551,5671
 1105,8153.149, 6.956,5671
 1106,8159.924, 6.775,5671
 1107,8166.825, 6.901,5671
 1108,8173.583, 6.758,5671
 1109,8180.381, 6.798,5671
 1110,8187.139, 6.758,5671
 1111,8194.483, 7.344,5671
 1112,8202.666, 8.183,5671
 1113,8209.655, 6.989,5671
 1114,8216.437, 6.781,5671
 1115,8223.104, 6.667,5671
 1116,8229.897, 6.794,5671
 1117,8236.700, 6.803,5671
 1118,8243.559, 6.858,5671
 1119,8250.193, 6.635,5671
 1120,8257.367, 7.174,5671
 1121,8264.558, 7.190,5671
 1122,8271.645, 7.087,5671
 1123,8279.490, 7.846,5671
 1124,8287.186, 7.695,5671
 1125,8293.910, 6.725,5671
 1126,8300.444, 6.534,5671
 1127,8307.150, 6.706,5671
 1128,8314.033, 6.883,5671
 1129,8320.637, 6.603,5671
 1130,8327.304, 6.667,5671
 1131,8334.179, 6.875,5671
 1132,8340.841, 6.662,5671
 1133,8348.061, 7.220,5671
 1134,8354.549, 6.488,5671
 1135,8362.132, 7.583,5671
 1136,8369.238, 7.107,5671
 1137,8376.174, 6.935,5671
 1138,8383.071, 6.898,5671
 1139,8390.066, 6.995,5671
 1140,8397.857, 7.791,5671
 1141,8405.634, 7.776,5671
 1142,8413.142, 7.508,5671
 1143,8420.258, 7.116,5671
 1144,8428.069, 7.812,5671
 1145,8435.219, 7.149,5671
 1146,8442.676, 7.457,5671
 1147,8449.919, 7.244,5671
 1148,8457.615, 7.696,5671
 1149,8465.620, 8.005,5671
 1150,8474.277, 8.657,5671
 1151,8482.107, 7.830,5671
 1152,8489.491, 7.384,5671
 1153,8496.892, 7.400,5671
 1154,8504.590, 7.698,5671
 1155,8511.895, 7.305,5671
 1156,8519.539, 7.645,5671
 1157,8527.216, 7.676,5671
 1158,8535.302, 8.086,5671
 1159,8542.557, 7.255,5671
 1160,8549.149, 6.593,5671
 1161,8555.646, 6.496,5671
 1162,8562.743, 7.098,5671
 1163,8569.502, 6.759,5671
 1164,8576.771, 7.268,5671
 1165,8584.535, 7.765,5671
 1166,8593.050, 8.514,5671
 1167,8600.711, 7.662,5671
 1168,8608.114, 7.403,5671
 1169,8615.110, 6.996,5671
 1170,8621.993, 6.883,5671
 1171,8629.513, 7.519,5671
 1172,8636.660, 7.148,5671
 1173,8643.571, 6.911,5671
 1174,8650.519, 6.947,5671
 1175,8657.374, 6.856,5671
 1176,8664.316, 6.942,5671
 1177,8671.091, 6.774,5671
 1178,8678.202, 7.112,5671
 1179,8685.868, 7.666,5671
 1180,8693.040, 7.172,5671
 1181,8699.907, 6.867,5671
 1182,8707.203, 7.296,5671
 1183,8714.001, 6.798,5671
 1184,8721.200, 7.199,5671
 1185,8727.847, 6.646,5671
 1186,8734.739, 6.893,5671
 1187,8741.552, 6.812,5671
 1188,8748.588, 7.036,5671
 1189,8755.708, 7.121,5671
 1190,8762.447, 6.739,5671
 1191,8769.149, 6.702,5671
 1192,8776.273, 7.124,5671
 1193,8783.435, 7.161,5671
 1194,8791.107, 7.673,5671
 1195,8797.950, 6.843,5671
 1196,8804.868, 6.918,5671
 1197,8811.682, 6.813,5671
 1198,8818.429, 6.747,5671
 1199,8825.270, 6.841,5671
 1200,8831.865, 6.596,5671
 1201,8838.622, 6.757,5671
 1202,8845.344, 6.721,5671
 1203,8852.058, 6.714,5671
 1204,8858.613, 6.556,5671
 1205,8865.302, 6.688,5671
 1206,8872.061, 6.759,5671
 1207,8878.655, 6.595,5671
 1208,8886.166, 7.511,5671
 1209,8893.479, 7.312,5671
 1210,8900.937, 7.458,5671
 1211,8907.655, 6.719,5671
 1212,8914.499, 6.844,5671
 1213,8921.137, 6.637,5671
 1214,8928.121, 6.985,5671
 1215,8934.915, 6.794,5671
 1216,8941.845, 6.929,5671
 1217,8949.406, 7.562,5671
 1218,8956.477, 7.070,5671
 1219,8963.785, 7.309,5671
 1220,8971.376, 7.591,5671
 1221,8979.590, 8.213,5671
 1222,8987.888, 8.298,5671
 1223,8995.542, 7.655,5671
 1224,9003.352, 7.809,5671
 1225,9010.201, 6.850,5671
 1226,9017.765, 7.563,5671
 1227,9024.891, 7.126,5671
 1228,9032.138, 7.247,5671
 1229,9039.157, 7.020,5671
 1230,9045.992, 6.835,5671
 1231,9053.263, 7.270,5671
 1232,9060.422, 7.159,5671
 1233,9067.315, 6.894,5671
 1234,9074.692, 7.377,5671
 1235,9081.871, 7.179,5671
 1236,9089.203, 7.332,5671
 1237,9096.652, 7.449,5671
 1238,9104.270, 7.617,5671
 1239,9112.175, 7.905,5671
 1240,9119.696, 7.522,5671
 1241,9127.362, 7.666,5671
 1242,9135.640, 8.277,5671
 1243,9143.354, 7.714,5671
 1244,9151.360, 8.007,5671
 1245,9159.815, 8.455,5671
 1246,9168.142, 8.326,5671
 1247,9176.403, 8.262,5671
 1248,9184.373, 7.970,5671
 1249,9192.557, 8.183,5671
 1250,9200.143, 7.586,5671
 1251,9208.038, 7.896,5671
 1252,9215.875, 7.837,5671
 1253,9223.444, 7.569,5671
 1254,9230.989, 7.545,5671
 1255,9238.613, 7.624,5671
 1256,9246.165, 7.552,5671
 1257,9253.854, 7.689,5671
 1258,9262.518, 8.663,5671
 1259,9271.697, 9.180,5671
 1260,9279.181, 7.483,5671
 1261,9287.119, 7.939,5671
 1262,9295.114, 7.995,5671
 1263,9302.138, 7.023,5671
 1264,9309.217, 7.079,5671
 1265,9316.830, 7.614,5671
 1266,9324.009, 7.178,5671
 1267,9330.913, 6.905,5671
 1268,9338.392, 7.478,5671
 1269,9345.263, 6.871,5671
 1270,9352.430, 7.167,5671
 1271,9359.920, 7.490,5671
 1272,9367.168, 7.249,5671
 1273,9374.880, 7.711,5671
 1274,9385.339,10.459,5671
 1275,9393.242, 7.904,5671
 1276,9401.155, 7.913,5671
 1277,9409.921, 8.765,5671
 1278,9417.572, 7.652,5671
 1279,9425.921, 8.348,5671
 1280,9434.017, 8.096,5671
 1281,9441.174, 7.157,5671
 1282,9448.521, 7.348,5671
 1283,9455.465, 6.943,5671
 1284,9462.743, 7.279,5671
 1285,9470.648, 7.905,5671
 1286,9477.724, 7.075,5671
 1287,9485.395, 7.671,5671
 1288,9492.480, 7.086,5671
 1289,9499.638, 7.157,5671
 1290,9507.094, 7.456,5671
 1291,9514.396, 7.302,5671
 1292,9521.517, 7.121,5671
 1293,9529.195, 7.679,5671
 1294,9536.628, 7.432,5671
 1295,9543.957, 7.330,5671
 1296,9551.031, 7.074,5671
 1297,9558.311, 7.279,5671
 1298,9566.036, 7.726,5671
 1299,9573.017, 6.980,5671
 1300,9580.228, 7.211,5671
 1301,9587.899, 7.672,5671
 1302,9595.087, 7.187,5671
 1303,9602.151, 7.065,5671
 1304,9609.559, 7.407,5671
 1305,9616.528, 6.970,5671
 1306,9623.369, 6.841,5671
 1307,9630.842, 7.472,5671
 1308,9638.846, 8.004,5671
 1309,9646.030, 7.185,5671
 1310,9653.261, 7.230,5671
 1311,9661.123, 7.863,5671
 1312,9668.397, 7.274,5671
 1313,9675.379, 6.981,5671
 1314,9682.859, 7.481,5671
 1315,9689.770, 6.910,5671
 1316,9697.275, 7.506,5671
 1317,9704.507, 7.231,5671
 1318,9712.765, 8.258,5671
 1319,9720.354, 7.589,5671
 1320,9727.731, 7.378,5671
 1321,9735.360, 7.629,5671
 1322,9743.412, 8.052,5671
 1323,9750.857, 7.445,5671
 1324,9758.914, 8.057,5671
 1325,9767.792, 8.878,5671
 1326,9777.196, 9.404,5671
 1327,9785.577, 8.381,5671
 1328,9793.596, 8.018,5671
 1329,9801.445, 7.850,5671
 1330,9809.341, 7.895,5671
 1331,9817.430, 8.089,5671
 1332,9825.589, 8.159,5671
 1333,9833.555, 7.966,5671
 1334,9841.673, 8.118,5671
 1335,9851.246, 9.574,5671
 1336,9859.641, 8.394,5671
 1337,9868.307, 8.666,5671
 1338,9877.090, 8.783,5671
 1339,9885.009, 7.919,5671
 1340,9893.217, 8.208,5671
 1341,9901.039, 7.823,5671
 1342,9908.872, 7.833,5671
 1343,9916.181, 7.308,5671
 1344,9923.676, 7.495,5671
 1345,9930.995, 7.320,5671
 1346,9938.981, 7.986,5671
 1347,9946.236, 7.255,5671
 1348,9953.939, 7.703,5671
 1349,9961.874, 7.935,5671
 1350,9969.568, 7.694,5671
 1351,9977.047, 7.478,5671
 1352,9984.866, 7.820,5671
 1353,9992.127, 7.260,5671
 1354,9999.985, 7.859,5671
 1355,10007.151, 7.166,5671
 1356,10014.653, 7.502,5671
 1357,10022.156, 7.503,5671
 1358,10029.926, 7.769,5671
 1359,10037.934, 8.008,5671
 1360,10045.732, 7.799,5671
 1361,10053.013, 7.280,5671
 1362,10060.961, 7.948,5671
 1363,10068.424, 7.463,5671
 1364,10075.967, 7.543,5671
 1365,10083.448, 7.482,5671
 1366,10091.404, 7.956,5671
 1367,10098.869, 7.465,5671
 1368,10106.817, 7.948,5671
 1369,10114.310, 7.492,5671
 1370,10121.900, 7.591,5671
 1371,10129.599, 7.698,5671
 1372,10137.444, 7.846,5671
 1373,10144.788, 7.344,5671
 1374,10152.444, 7.656,5671
 1375,10160.116, 7.672,5671
 1376,10170.641,10.524,5671
 1377,10179.250, 8.610,5671
 1378,10187.539, 8.289,5671
 1379,10195.699, 8.160,5671
 1380,10204.648, 8.949,5671
 1381,10213.490, 8.842,5671
 1382,10223.290, 9.800,5671
 1383,10232.259, 8.968,5671
 1384,10240.748, 8.490,5671
 1385,10248.511, 7.762,5671
 1386,10256.842, 8.331,5671
 1387,10265.934, 9.092,5671
 1388,10275.983,10.050,5671
 1389,10284.119, 8.136,5671
 1390,10292.689, 8.570,5671
 1391,10300.919, 8.229,5671
 1392,10309.259, 8.340,5671
 1393,10317.601, 8.342,5671
 1394,10327.735,10.135,5671
 1395,10336.297, 8.561,5671
 1396,10344.544, 8.247,5671
 1397,10352.313, 7.769,5671
 1398,10360.597, 8.284,5671
 1399,10368.748, 8.152,5671
 1400,10377.272, 8.524,5671
 1401,10386.198, 8.926,5671
 1402,10394.502, 8.303,5671
 1403,10402.841, 8.339,5671
 1404,10411.508, 8.667,5671
 1405,10420.181, 8.673,5671
 1406,10429.349, 9.168,5671
 1407,10437.413, 8.065,5671
 1408,10446.134, 8.720,5671
 1409,10454.038, 7.905,5671
 1410,10462.004, 7.965,5671
 1411,10470.515, 8.511,5671
 1412,10478.615, 8.101,5671
 1413,10488.059, 9.443,5671
 1414,10496.860, 8.802,5671
 1415,10505.521, 8.661,5671
 1416,10514.090, 8.568,5671
 1417,10521.952, 7.863,5671
 1418,10530.252, 8.299,5671
 1419,10538.483, 8.232,5671
 1420,10546.585, 8.101,5671
 1421,10555.632, 9.047,5671
 1422,10564.877, 9.245,5671
 1423,10573.141, 8.264,5671
 1424,10581.730, 8.590,5671
 1425,10589.813, 8.082,5671
 1426,10599.006, 9.193,5671
 1427,10607.548, 8.542,5671
 1428,10615.926, 8.378,5671
 1429,10624.561, 8.635,5671
 1430,10632.749, 8.189,5671
 1431,10641.225, 8.475,5671
 1432,10649.319, 8.095,5671
 1433,10657.262, 7.942,5671
 1434,10665.615, 8.354,5671
 1435,10673.909, 8.294,5671
 1436,10681.892, 7.982,5671
 1437,10689.684, 7.792,5671
 1438,10698.197, 8.514,5671
 1439,10706.336, 8.138,5671
 1440,10715.011, 8.675,5671
 1441,10723.514, 8.503,5671
 1442,10731.470, 7.956,5671
 1443,10739.586, 8.116,5671
 1444,10748.321, 8.736,5671
 1445,10756.032, 7.711,5671
 1446,10763.925, 7.892,5671
 1447,10771.767, 7.842,5671
 1448,10779.560, 7.793,5671
 1449,10787.487, 7.928,5671
 1450,10795.242, 7.755,5671
 1451,10803.203, 7.961,5671
 1452,10811.422, 8.218,5671
 1453,10819.231, 7.810,5671
 1454,10827.728, 8.496,5671
 1455,10835.212, 7.484,5671
 1456,10842.987, 7.776,5671
 1457,10850.846, 7.858,5671
 1458,10858.799, 7.953,5671
 1459,10866.448, 7.650,5671
 1460,10874.438, 7.989,5671
 1461,10882.057, 7.619,5671
 1462,10890.009, 7.952,5671
 1463,10897.883, 7.874,5671
 1464,10905.535, 7.653,5671
 1465,10914.234, 8.699,5671
 1466,10922.685, 8.450,5671
 1467,10930.564, 7.880,5671
 1468,10939.727, 9.162,5671
 1469,10948.840, 9.113,5671
 1470,10958.548, 9.708,5671
 1471,10967.635, 9.087,5671
 1472,10975.760, 8.125,5671
 1473,10984.408, 8.649,5671
 1474,10992.842, 8.433,5671
 1475,11000.859, 8.018,5671
 1476,11008.574, 7.715,5671
 1477,11017.600, 9.025,5671
 1478,11026.434, 8.834,5671
 1479,11035.043, 8.609,5671
 1480,11043.362, 8.320,5671
 1481,11052.093, 8.730,5671
 1482,11060.152, 8.060,5671
 1483,11068.088, 7.935,5671
 1484,11076.325, 8.238,5671
 1485,11084.604, 8.279,5671
 1486,11093.292, 8.687,5671
 1487,11101.700, 8.409,5671
 1488,11109.673, 7.972,5671
 1489,11118.896, 9.223,5671
 1490,11127.887, 8.991,5671
 1491,11137.435, 9.548,5671
 1492,11146.199, 8.765,5671
 1493,11154.807, 8.607,5671
 1494,11163.299, 8.492,5671
 1495,11172.117, 8.819,5671
 1496,11180.765, 8.647,5671
 1497,11189.092, 8.327,5671
 1498,11197.545, 8.453,5671
 1499,11206.552, 9.007,5671
 1500,11215.342, 8.790,5671
 1501,11224.466, 9.124,5671
 1502,11233.603, 9.137,5671
 1503,11242.941, 9.339,5671
 1504,11252.242, 9.301,5671
 1505,11260.897, 8.655,5671
 1506,11269.870, 8.973,5671
 1507,11279.229, 9.358,5671
 1508,11288.559, 9.330,5671
 1509,11297.291, 8.732,5671
 1510,11305.216, 7.925,5671
 1511,11313.095, 7.879,5671
 1512,11321.267, 8.172,5671
 1513,11329.532, 8.266,5671
 1514,11338.271, 8.739,5671
 1515,11347.527, 9.256,5671
 1516,11357.673,10.145,5671
 1517,11367.009, 9.336,5671
 1518,11376.137, 9.128,5671
 1519,11385.226, 9.089,5671
 1520,11394.162, 8.937,5671
 1521,11403.171, 9.008,5671
 1522,11412.023, 8.853,5671
 1523,11420.741, 8.718,5671
 1524,11430.215, 9.473,5671
 1525,11439.953, 9.739,5671
 1526,11448.999, 9.045,5671
 1527,11457.428, 8.429,5671
 1528,11466.477, 9.049,5671
 1529,11475.347, 8.870,5671
 1530,11484.214, 8.867,5671
 1531,11492.393, 8.179,5671
 1532,11500.932, 8.539,5671
 1533,11510.101, 9.169,5671
 1534,11518.146, 8.045,5671
 1535,11526.428, 8.282,5671
 1536,11535.199, 8.772,5671
 1537,11543.804, 8.604,5671
 1538,11552.699, 8.896,5671
 1539,11561.251, 8.551,5671
 1540,11570.173, 8.922,5671
 1541,11578.619, 8.447,5671
 1542,11587.113, 8.494,5671
 1543,11595.570, 8.457,5671
 1544,11603.700, 8.130,5671
 1545,11611.971, 8.270,5671
 1546,11620.018, 8.047,5671
 1547,11628.191, 8.174,5671
 1548,11636.959, 8.767,5671
 1549,11645.144, 8.185,5671
 1550,11653.809, 8.665,5671
 1551,11662.679, 8.870,5671
 1552,11671.323, 8.645,5671
 1553,11680.651, 9.328,5671
 1554,11689.778, 9.127,5671
 1555,11698.760, 8.981,5671
 1556,11707.476, 8.716,5671
 1557,11717.311, 9.835,5671
 1558,11726.134, 8.823,5671
 1559,11734.593, 8.459,5671
 1560,11744.851,10.258,5671
 1561,11755.730,10.880,5671
 1562,11765.897,10.167,5671
 1563,11775.585, 9.687,5671
 1564,11785.111, 9.527,5671
 1565,11794.873, 9.761,5671
 1566,11805.219,10.346,5671
 1567,11814.799, 9.580,5671
 1568,11824.740, 9.942,5671
 1569,11833.727, 8.986,5671
 1570,11842.930, 9.203,5671
 1571,11852.036, 9.107,5671
 1572,11862.582,10.545,5671
 1573,11873.362,10.781,5671
 1574,11883.084, 9.721,5671
 1575,11891.866, 8.783,5671
 1576,11901.121, 9.255,5671
 1577,11909.449, 8.328,5671
 1578,11917.899, 8.450,5671
 1579,11926.083, 8.183,5671
 1580,11934.653, 8.571,5671
 1581,11943.021, 8.367,5671
 1582,11951.460, 8.439,5671
 1583,11959.714, 8.254,5671
 1584,11968.734, 9.021,5671
 1585,11977.449, 8.715,5671
 1586,11986.076, 8.627,5671
 1587,11995.033, 8.957,5671
 1588,12003.481, 8.448,5671
 1589,12011.919, 8.437,5671
 1590,12020.836, 8.917,5671
 1591,12029.534, 8.699,5671
 1592,12038.744, 9.210,5671
 1593,12047.506, 8.761,5671
 1594,12056.054, 8.548,5671
 1595,12064.887, 8.833,5671
 1596,12074.000, 9.113,5671
 1597,12082.814, 8.815,5671
 1598,12091.809, 8.994,5671
 1599,12100.396, 8.587,5671
 1600,12109.818, 9.423,5671
 1601,12119.006, 9.187,5671
 1602,12127.827, 8.822,5671
 1603,12137.250, 9.422,5671
 1604,12147.698,10.449,5671
 1605,12157.895,10.196,5671
 1606,12167.874, 9.979,5671
 1607,12176.766, 8.892,5671
 1608,12186.419, 9.653,5671
 1609,12195.664, 9.245,5671
 1610,12205.298, 9.634,5671
 1611,12214.636, 9.338,5671
 1612,12223.982, 9.347,5671
 1613,12233.104, 9.121,5671
 1614,12242.650, 9.547,5671
 1615,12252.278, 9.628,5671
 1616,12262.754,10.475,5671
 1617,12272.115, 9.362,5671
 1618,12283.156,11.041,5671
 1619,12293.410,10.254,5671
 1620,12302.964, 9.553,5671
 1621,12312.272, 9.309,5671
 1622,12321.864, 9.592,5671
 1623,12331.896,10.032,5671
 1624,12341.265, 9.368,5671
 1625,12350.902, 9.638,5703
 1626,12360.279, 9.377,5703
 1627,12369.967, 9.687,5703
 1628,12380.150,10.184,5703
 1629,12390.689,10.539,5703
 1630,12401.126,10.436,5703
 1631,12411.949,10.824,5703
 1632,12421.822, 9.873,5703
 1633,12431.209, 9.386,5703
 1634,12440.862, 9.654,5703
 1635,12450.104, 9.242,5703
 1636,12459.948, 9.844,5703
 1637,12469.959,10.010,5703
 1638,12480.763,10.804,5703
 1639,12491.909,11.147,5703
 1640,12502.383,10.473,5703
 1641,12513.092,10.709,5703
 1642,12523.702,10.611,5703
 1643,12534.721,11.018,5703
 1644,12545.876,11.155,5703
 1645,12555.592, 9.716,5703
 1646,12566.144,10.552,5703
 1647,12576.035, 9.892,5703
 1648,12586.396,10.360,5703
 1649,12596.251, 9.855,5703
 1650,12607.218,10.967,5703
 1651,12616.648, 9.431,5703
 1652,12626.641, 9.992,5703
 1653,12636.064, 9.424,5703
 1654,12645.687, 9.622,5703
 1655,12655.404, 9.718,5703
 1656,12665.022, 9.618,5703
 1657,12674.632, 9.609,5703
 1658,12684.365, 9.734,5703
 1659,12693.831, 9.465,5703
 1660,12703.592, 9.761,5703
 1661,12713.847,10.255,5703
 1662,12723.953,10.107,5703
 1663,12732.888, 8.934,5703
 1664,12742.223, 9.335,5703
 1665,12751.690, 9.468,5703
 1666,12761.460, 9.769,5703
 1667,12770.720, 9.260,5703
 1668,12780.028, 9.309,5703
 1669,12789.521, 9.492,5703
 1670,12798.792, 9.271,5703
 1671,12808.401, 9.610,5703
 1672,12818.261, 9.859,5703
 1673,12827.657, 9.397,5703
 1674,12837.658,10.001,5703
 1675,12847.314, 9.656,5703
 1676,12856.656, 9.342,5703
 1677,12866.199, 9.543,5703
 1678,12875.604, 9.405,5703
 1679,12885.198, 9.594,5703
 1680,12895.355,10.157,5703
 1681,12905.500,10.144,5703
 1682,12915.963,10.463,5703
 1683,12928.367,12.405,5703
 1684,12939.720,11.352,5703
 1685,12950.693,10.974,5703
 1686,12960.598, 9.904,5703
 1687,12972.105,11.508,5703
 1688,12981.805, 9.699,5703
 1689,12992.813,11.008,5703
 1690,13002.444, 9.632,5703
 1691,13013.055,10.610,5703
 1692,13023.839,10.784,5703
 1693,13034.593,10.754,5703
 1694,13045.066,10.474,5703
 1695,13055.314,10.248,5703
 1696,13065.180, 9.865,5703
 1697,13076.048,10.868,5703
 1698,13086.813,10.766,5703
 1699,13096.813, 9.999,5703
 1700,13107.366,10.554,5703
 1701,13117.439,10.073,5703
 1702,13127.711,10.271,5703
 1703,13139.140,11.429,5703
 1704,13149.628,10.488,5703
 1705,13159.938,10.311,5703
 1706,13170.571,10.633,5703
 1707,13180.890,10.318,5703
 1708,13191.468,10.578,5703
 1709,13202.650,11.183,5703
 1710,13212.999,10.348,5703
 1711,13224.330,11.331,5703
 1712,13234.837,10.507,5703
 1713,13246.368,11.532,5703
 1714,13256.791,10.422,5703
 1715,13269.316,12.526,5703
 1716,13279.463,10.146,5703
 1717,13289.748,10.285,5703
 1718,13300.535,10.788,5703
 1719,13312.634,12.098,5703
 1720,13324.016,11.382,5703
 1721,13336.424,12.408,5703
 1722,13347.590,11.166,5703
 1723,13357.909,10.320,5703
 1724,13368.154,10.245,5703
 1725,13378.802,10.647,5703
 1726,13389.718,10.916,5703
 1727,13400.925,11.207,5703
 1728,13411.560,10.635,5703
 1729,13421.889,10.329,5703
 1730,13432.566,10.678,5703
 1731,13443.143,10.576,5703
 1732,13453.742,10.600,5703
 1733,13464.171,10.428,5703
 1734,13475.197,11.027,5703
 1735,13485.364,10.167,5703
 1736,13496.261,10.896,5703
 1737,13506.650,10.390,5703
 1738,13517.250,10.599,5703
 1739,13527.707,10.457,5703
 1740,13537.741,10.035,5703
 1741,13548.185,10.443,5703
 1742,13558.958,10.773,5703
 1743,13569.481,10.524,5703
 1744,13580.466,10.984,5703
 1745,13590.980,10.515,5703
 1746,13601.672,10.691,5703
 1747,13612.359,10.688,5703
 1748,13622.665,10.305,5703
 1749,13633.781,11.117,5703
 1750,13645.725,11.943,5703
 1751,13657.521,11.797,5703
 1752,13669.836,12.314,5703
 1753,13681.317,11.482,5703
 1754,13693.176,11.858,5703
 1755,13704.361,11.186,5703
 1756,13717.540,13.178,5703
 1757,13731.427,13.887,5703
 1758,13743.630,12.203,5703
 1759,13755.341,11.711,5703
 1760,13766.810,11.469,5703
 1761,13780.104,13.294,5703
 1762,13791.476,11.372,5703
 1763,13802.862,11.387,5703
 1764,13813.945,11.083,5703
 1765,13825.599,11.653,5703
 1766,13837.320,11.722,5703
 1767,13848.733,11.413,5703
 1768,13861.046,12.312,5703
 1769,13871.611,10.566,5703
 1770,13883.055,11.443,5703
 1771,13893.453,10.398,5703
 1772,13903.941,10.489,5703
 1773,13914.327,10.385,5703
 1774,13924.560,10.233,5703
 1775,13935.219,10.659,5703
 1776,13946.070,10.852,5703
 1777,13956.247,10.176,5703
 1778,13966.590,10.343,5703
 1779,13977.069,10.480,5703
 1780,13988.361,11.292,5703
 1781,13998.516,10.154,5703
 1782,14009.301,10.785,5703
 1783,14020.105,10.805,5703
 1784,14031.000,10.894,5703
 1785,14041.678,10.678,5703
 1786,14052.229,10.551,5703
 1787,14062.625,10.396,5703
 1788,14073.106,10.482,5703
 1789,14083.452,10.345,5703
 1790,14094.663,11.211,5703
 1791,14104.752,10.089,5703
 1792,14117.370,12.618,5703
 1793,14128.870,11.500,5703
 1794,14140.097,11.227,5703
 1795,14150.541,10.444,5703
 1796,14161.474,10.933,5703
 1797,14171.866,10.393,5703
 1798,14182.997,11.130,5703
 1799,14193.831,10.834,5703
 1800,14205.273,11.443,5703
 1801,14215.805,10.531,5703
 1802,14226.959,11.154,5703
 1803,14237.589,10.630,5703
 1804,14248.455,10.866,5703
 1805,14258.653,10.199,5703
 1806,14271.114,12.461,5703
 1807,14283.713,12.598,5703
 1808,14295.018,11.305,5703
 1809,14306.753,11.735,5703
 1810,14318.108,11.356,5703
 1811,14329.664,11.555,5703
 1812,14341.016,11.352,5703
 1813,14352.676,11.660,5703
 1814,14363.530,10.855,5703
 1815,14375.090,11.559,5703
 1816,14388.280,13.191,5703
 1817,14400.064,11.784,5703
 1818,14413.237,13.173,5703
 1819,14424.429,11.191,5703
 1820,14436.420,11.991,5703
 1821,14447.937,11.517,5703
 1822,14459.489,11.553,5703
 1823,14470.935,11.445,5703
 1824,14481.962,11.027,5703
 1825,14491.971,10.009,5703
 1826,14503.238,11.268,5703
 1827,14515.863,12.625,5703
 1828,14527.354,11.491,5703
 1829,14538.332,10.977,5703
 1830,14549.185,10.853,5703
 1831,14559.724,10.539,5703
 1832,14570.779,11.056,5703
 1833,14581.461,10.681,5703
 1834,14592.294,10.833,5703
 1835,14602.751,10.457,5703
 1836,14613.566,10.816,5703
 1837,14624.521,10.955,5703
 1838,14636.202,11.680,5703
 1839,14646.850,10.648,5703
 1840,14657.479,10.630,5703
 1841,14668.118,10.638,5703
 1842,14678.371,10.253,5703
 1843,14688.553,10.182,5703
 1844,14699.370,10.817,5703
 1845,14709.865,10.496,5703
 1846,14721.401,11.536,5703
 1847,14732.377,10.975,5703
 1848,14743.803,11.426,5703
 1849,14754.867,11.064,5703
 1850,14765.910,11.043,5703
 1851,14777.114,11.205,5703
 1852,14788.349,11.234,5703
 1853,14799.697,11.349,5703
 1854,14810.998,11.300,5703
 1855,14821.818,10.821,5703
 1856,14832.759,10.940,5703
 1857,14844.708,11.949,5703
 1858,14856.227,11.519,5703
 1859,14867.891,11.664,5703
 1860,14879.519,11.628,5703
 1861,14890.624,11.105,5703
 1862,14903.231,12.608,5703
 1863,14915.268,12.036,5703
 1864,14926.406,11.139,5703
 1865,14937.025,10.619,5703
 1866,14948.697,11.672,5703
 1867,14959.456,10.758,5703
 1868,14970.477,11.021,5703
 1869,14981.243,10.766,5703
 1870,14991.936,10.693,5703
 1871,15002.554,10.618,5703
 1872,15013.625,11.071,5703
 1873,15023.966,10.341,5703
 1874,15034.651,10.686,5703
 1875,15046.316,11.665,5703
 1876,15057.783,11.466,5703
 1877,15068.632,10.849,5703
 1878,15079.898,11.267,5703
 1879,15091.266,11.367,5703
 1880,15102.550,11.284,5703
 1881,15114.044,11.494,5703
 1882,15125.389,11.345,5703
 1883,15136.915,11.526,5703
 1884,15148.226,11.311,5703
 1885,15159.775,11.550,5703
 1886,15171.557,11.781,5703
 1887,15182.879,11.322,5703
 1888,15194.285,11.406,5703
 1889,15206.438,12.153,5703
 1890,15218.208,11.770,5703
 1891,15229.720,11.512,5703
 1892,15241.046,11.326,5703
 1893,15251.883,10.837,5703
 1894,15264.400,12.518,5703
 1895,15276.118,11.717,5703
 1896,15287.253,11.135,5703
 1897,15298.633,11.380,5703
 1898,15311.139,12.506,5703
 1899,15322.915,11.776,5703
 1900,15334.727,11.812,5703
 1901,15345.270,10.543,5703
 1902,15355.747,10.477,5703
 1903,15366.677,10.930,5703
 1904,15378.484,11.808,5703
 1905,15389.393,10.908,5703
 1906,15399.872,10.479,5703
 1907,15410.920,11.048,5703
 1908,15421.694,10.775,5703
 1909,15432.404,10.710,5703
 1910,15443.101,10.696,5703
 1911,15453.335,10.234,5703
 1912,15463.926,10.591,5703
 1913,15474.956,11.030,5703
 1914,15485.458,10.502,5703
 1915,15495.498,10.040,5703
 1916,15506.637,11.139,5703
 1917,15517.370,10.733,5703
 1918,15527.607,10.238,5703
 1919,15537.929,10.321,5703
 1920,15548.316,10.388,5703
 1921,15558.869,10.552,5703
 1922,15568.971,10.102,5703
 1923,15579.588,10.617,5703
 1924,15590.489,10.902,5703
 1925,15600.502,10.012,5703
 1926,15611.043,10.541,5703
 1927,15620.808, 9.765,5703
 1928,15632.106,11.299,5703
 1929,15642.983,10.877,5703
 1930,15653.888,10.904,5703
 1931,15664.331,10.443,5703
 1932,15675.506,11.175,5703
 1933,15687.110,11.605,5703
 1934,15700.689,13.579,5703
 1935,15712.605,11.916,5703
 1936,15724.782,12.176,5703
 1937,15736.052,11.270,5703
 1938,15747.260,11.208,5703
 1939,15759.297,12.037,5703
 1940,15770.593,11.296,5703
 1941,15781.919,11.326,5703
 1942,15794.136,12.217,5703
 1943,15805.640,11.504,5703
 1944,15817.256,11.616,5703
 1945,15828.021,10.766,5703
 1946,15840.019,11.997,5703
 1947,15850.054,10.035,5703
 1948,15860.621,10.567,5703
 1949,15871.315,10.695,5703
 1950,15880.886, 9.570,5703
 1951,15891.539,10.653,5703
 1952,15902.573,11.034,5703
 1953,15913.230,10.658,5703
 1954,15924.824,11.593,5703
 1955,15935.431,10.607,5703
 1956,15945.883,10.452,5703
 1957,15957.344,11.461,5703
 1958,15968.394,11.050,5703
 1959,15979.479,11.086,5703
 1960,15990.639,11.159,5703
 1961,16001.081,10.442,5703
 1962,16012.279,11.199,5703
 1963,16023.233,10.954,5703
 1964,16033.509,10.275,5703
 1965,16043.459, 9.950,5703
 1966,16053.695,10.237,5703
 1967,16063.612, 9.917,5703
 1968,16073.667,10.054,5703
 1969,16084.194,10.528,5703
 1970,16095.911,11.716,5703
 1971,16107.083,11.172,5671
 1972,16117.942,10.860,5671
 1973,16128.188,10.246,5671
 1974,16138.515,10.326,5671
 1975,16148.640,10.125,5671
 1976,16158.729,10.089,5671
 1977,16169.563,10.835,5671
 1978,16180.169,10.605,5671
 1979,16190.662,10.493,5671
 1980,16201.041,10.379,5671
 1981,16211.367,10.326,5671
 1982,16222.538,11.171,5671
 1983,16232.826,10.288,5671
 1984,16243.438,10.613,5671
 1985,16253.682,10.243,5671
 1986,16264.100,10.418,5671
 1987,16275.080,10.980,5671
 1988,16286.032,10.952,5671
 1989,16296.413,10.381,5671
 1990,16306.716,10.303,5671
 1991,16317.670,10.954,5671
 1992,16331.441,13.772,5671
 1993,16342.812,11.370,5671
 1994,16354.079,11.267,5671
 1995,16364.379,10.300,5671
 1996,16374.801,10.422,5671
 1997,16385.150,10.349,5671
 1998,16395.471,10.321,5671
 1999,16406.098,10.626,5671
 2000,16416.529,10.433,5671
 2001,16427.139,10.608,5671
 2002,16439.344,12.205,5671
 2003,16450.018,10.675,5671
 2004,16460.781,10.763,5671
 2005,16471.445,10.665,5671
 2006,16483.912,12.467,5671
 2007,16495.115,11.202,5671
 2008,16505.188,10.072,5671
 2009,16515.383,10.196,5671
 2010,16525.586,10.204,5671
 2011,16536.336,10.749,5671
 2012,16547.793,11.458,5671
 2013,16557.861,10.067,5671
 2014,16568.305,10.443,5671
 2015,16578.553,10.249,5671
 2016,16589.244,10.692,5671
 2017,16599.277,10.032,5671
 2018,16609.309,10.032,5671
 2019,16619.357,10.048,5671
 2020,16629.246, 9.890,5671
 2021,16639.189, 9.943,5671
 2022,16649.537,10.348,5671
 2023,16659.602,10.063,5671
 2024,16669.580, 9.980,5671
 2025,16679.277, 9.696,5671
 2026,16688.893, 9.616,5671
 2027,16698.352, 9.459,5671
 2028,16709.061,10.708,5671
 2029,16719.191,10.131,5671
 2030,16729.570,10.380,5671
 2031,16739.395, 9.823,5671
 2032,16749.750,10.356,5671
 2033,16759.432, 9.681,5671
 2034,16769.076, 9.646,5671
 2035,16779.336,10.260,5671
 2036,16789.434,10.095,5671
 2037,16798.873, 9.440,5671
 2038,16808.313, 9.442,5671
 2039,16817.762, 9.448,5671
 2040,16828.168,10.406,5671
 2041,16837.934, 9.765,5671
 2042,16847.992,10.061,5671
 2043,16858.557,10.562,5671
 2044,16869.316,10.761,5671
 2045,16881.820,12.504,5671
 2046,16892.373,10.552,5671
 2047,16902.275, 9.902,5671
 2048,16912.381,10.106,5671
 2049,16922.377, 9.995,5671
 2050,16932.061, 9.684,5671
 2051,16942.189,10.129,5671
 2052,16951.971, 9.782,5671
 2053,16962.277,10.307,5671
 2054,16972.537,10.260,5671
 2055,16982.613,10.075,5671
 2056,16992.773,10.161,5671
 2057,17002.748, 9.975,5671
 2058,17012.836,10.089,5671
 2059,17023.656,10.819,5671
 2060,17034.750,11.094,5671
 2061,17045.793,11.042,5671
 2062,17056.904,11.113,5671
 2063,17069.373,12.467,5671
 2064,17080.332,10.959,5671
 2065,17091.521,11.190,5671
 2066,17103.033,11.510,5671
 2067,17114.209,11.177,5671
 2068,17125.369,11.161,5671
 2069,17136.928,11.557,5671
 2070,17147.809,10.883,5671
 2071,17158.572,10.764,5671
 2072,17170.629,12.055,5671
 2073,17181.025,10.397,5671
 2074,17192.977,11.950,5671
 2075,17202.740, 9.764,5671
 2076,17212.428, 9.687,5671
 2077,17222.279, 9.852,5671
 2078,17233.477,11.199,5671
 2079,17243.393, 9.914,5671
 2080,17252.914, 9.523,5671
 2081,17262.514, 9.599,5671
 2082,17274.646,12.133,5671
 2083,17285.824,11.177,5671
 2084,17295.756, 9.932,5671
 2085,17305.828,10.074,5671
 2086,17315.779, 9.949,5671
 2087,17325.660, 9.883,5671
 2088,17335.438, 9.775,5671
 2089,17346.240,10.803,5671
 2090,17357.229,10.989,5671
 2091,17366.439, 9.210,5671
 2092,17376.447,10.008,5671
 2093,17387.133,10.687,5671
 2094,17397.297,10.163,5671
 2095,17406.693, 9.396,5671
 2096,17416.127, 9.434,5671
 2097,17425.480, 9.353,5671
 2098,17435.061, 9.581,5671
 2099,17444.145, 9.083,5671
 2100,17453.553, 9.408,5671
 2101,17463.010, 9.456,5671
 2102,17472.568, 9.560,5671
 2103,17482.076, 9.508,5671
 2104,17492.168,10.094,5671
 2105,17501.539, 9.369,5671
 2106,17510.951, 9.412,5671
 2107,17520.549, 9.597,5671
 2108,17529.965, 9.418,5671
 2109,17539.428, 9.461,5671
 2110,17548.961, 9.535,5671
 2111,17558.102, 9.138,5671
 2112,17567.633, 9.533,5671
 2113,17576.789, 9.155,5671
 2114,17586.137, 9.350,5671
 2115,17595.760, 9.621,5671
 2116,17606.688,10.928,5671
 2117,17616.869,10.181,5671
 2118,17626.807, 9.939,5671
 2119,17636.830,10.024,5671
 2120,17647.217,10.387,5671
 2121,17657.102, 9.882,5671
 2122,17669.061,11.961,5671
 2123,17680.766,11.704,5671
 2124,17691.982,11.218,5671
 2125,17703.762,11.778,5671
 2126,17714.275,10.514,5671
 2127,17724.133, 9.857,5671
 2128,17734.945,10.813,5671
 2129,17745.211,10.266,5671
 2130,17755.213,10.001,5671
 2131,17765.768,10.555,5671
 2132,17775.721, 9.954,5671
 2133,17786.217,10.496,5671
 2134,17796.459,10.242,5671
 2135,17807.541,11.082,5671
 2136,17817.813,10.273,5671
 2137,17826.764, 8.949,5671
 2138,17836.389, 9.625,5671
 2139,17845.824, 9.438,5671
 2140,17855.064, 9.240,5671
 2141,17864.545, 9.480,5671
 2142,17874.588,10.043,5671
 2143,17883.947, 9.358,5671
 2144,17893.123, 9.176,5671
 2145,17902.168, 9.047,5671
 2146,17912.121, 9.950,5671
 2147,17921.873, 9.754,5671
 2148,17931.529, 9.654,5671
 2149,17941.281, 9.752,5671
 2150,17950.426, 9.145,5671
 2151,17959.879, 9.454,5671
 2152,17969.266, 9.385,5671
 2153,17978.334, 9.071,5671
 2154,17987.322, 8.988,5671
 2155,17996.469, 9.146,5671
 2156,18005.717, 9.249,5671
 2157,18015.396, 9.679,5671
 2158,18024.953, 9.555,5671
 2159,18034.252, 9.302,5671
 2160,18043.400, 9.148,5671
 2161,18053.484,10.083,5671
 2162,18064.076,10.593,5671
 2163,18073.797, 9.718,5671
 2164,18083.199, 9.403,5671
 2165,18092.740, 9.542,5671
 2166,18102.070, 9.330,5671
 2167,18112.195,10.124,5671
 2168,18121.889, 9.694,5671
 2169,18131.400, 9.511,5671
 2170,18140.904, 9.506,5671
 2171,18150.252, 9.347,5671
 2172,18160.029, 9.776,5671
 2173,18169.469, 9.439,5671
 2174,18179.303, 9.835,5671
 2175,18189.273, 9.970,5671
 2176,18199.271, 9.998,5671
 2177,18208.785, 9.515,5671
 2178,18218.928,10.141,5671
 2179,18229.969,11.043,5671
 2180,18239.873, 9.903,5671
 2181,18250.010,10.137,5671
 2182,18260.828,10.819,5671
 2183,18270.354, 9.525,5671
 2184,18281.496,11.144,5671
 2185,18292.840,11.341,5671
 2186,18302.541, 9.701,5671
 2187,18313.166,10.627,5671
 2188,18323.953,10.785,5671
 2189,18334.582,10.631,5671
 2190,18344.568, 9.985,5671
 2191,18354.598,10.029,5671
 2192,18366.500,11.905,5671
 2193,18376.744,10.243,5671
 2194,18386.385, 9.640,5671
 2195,18396.336, 9.953,5671
 2196,18406.398,10.061,5671
 2197,18416.385, 9.986,5671
 2198,18425.889, 9.504,5671
 2199,18435.529, 9.641,5671
 2200,18446.047,10.517,5671
 2201,18456.770,10.722,5671
 2202,18466.387, 9.618,5671
 2203,18475.564, 9.179,5671
 2204,18485.234, 9.669,5671
 2205,18494.648, 9.413,5671
 2206,18503.846, 9.196,5671
 2207,18513.400, 9.558,5671
 2208,18522.770, 9.367,5671
 2209,18531.773, 9.005,5671
 2210,18541.668, 9.895,5671
 2211,18551.010, 9.341,5671
 2212,18560.449, 9.440,5671
 2213,18569.777, 9.328,5671
 2214,18579.113, 9.336,5671
 2215,18588.090, 8.976,5671
 2216,18597.373, 9.282,5671
 2217,18606.686, 9.313,5671
 2218,18615.676, 8.990,5671
 2219,18624.607, 8.932,5671
 2220,18633.979, 9.372,5671
 2221,18642.529, 8.550,5671
 2222,18652.904,10.377,5671
 2223,18661.854, 8.946,5671
 2224,18670.869, 9.018,5671
 2225,18680.029, 9.158,5671
 2226,18689.098, 9.069,5671
 2227,18698.584, 9.488,5671
 2228,18707.891, 9.306,5671
 2229,18716.842, 8.951,5671
 2230,18726.846,10.004,5671
 2231,18736.037, 9.192,5671
 2232,18745.408, 9.372,5671
 2233,18754.527, 9.117,5671
 2234,18763.596, 9.068,5671
 2235,18772.721, 9.126,5671
 2236,18781.752, 9.033,5671
 2237,18791.025, 9.270,5671
 2238,18799.955, 8.931,5671
 2239,18808.633, 8.677,5671
 2240,18817.369, 8.737,5671
 2241,18826.492, 9.123,5671
 2242,18836.701,10.210,5671
 2243,18847.521,10.818,5671
 2244,18857.377, 9.856,5671
 2245,18867.734,10.359,5671
 2246,18877.029, 9.294,5671
 2247,18885.820, 8.793,5671
 2248,18894.953, 9.132,5671
 2249,18904.084, 9.131,5671
 2250,18913.438, 9.352,5671
 2251,18923.178, 9.741,5671
 2252,18932.629, 9.451,5671
 2253,18941.936, 9.306,5671
 2254,18950.830, 8.896,5671
 2255,18961.000,10.169,5671
 2256,18971.287,10.287,5671
 2257,18980.514, 9.227,5671
 2258,18990.096, 9.581,5671
 2259,18999.352, 9.256,5671
 2260,19008.633, 9.283,5671
 2261,19017.740, 9.108,5671
 2262,19027.545, 9.803,5671
 2263,19037.484, 9.940,5671
 2264,19047.139, 9.654,5671
 2265,19056.752, 9.615,5671
 2266,19066.537, 9.783,5671
 2267,19076.396, 9.861,5671
 2268,19086.232, 9.835,5671
 2269,19095.652, 9.421,5671
 2270,19105.490, 9.837,5671
 2271,19115.094, 9.601,5671
 2272,19124.844, 9.751,5671
 2273,19134.449, 9.607,5671
 2274,19143.959, 9.509,5671
 2275,19153.877, 9.917,5671
 2276,19163.541, 9.666,5671
 2277,19173.193, 9.652,5671
 2278,19182.682, 9.486,5671
 2279,19191.307, 8.627,5671
 2280,19200.779, 9.472,5671
 2281,19209.357, 8.577,5671
 2282,19218.422, 9.066,5671
 2283,19227.441, 9.020,5671
 2284,19236.053, 8.612,5671
 2285,19245.752, 9.699,5671
 2286,19256.018,10.263,5671
 2287,19265.342, 9.325,5671
 2288,19274.652, 9.312,5671
 2289,19283.975, 9.322,5671
 2290,19293.412, 9.437,5671
 2291,19302.650, 9.239,5671
 2292,19311.910, 9.260,5671
 2293,19321.525, 9.614,5671
 2294,19332.541,11.016,5671
 2295,19342.990,10.450,5671
 2296,19351.887, 8.896,5671
 2297,19361.529, 9.642,5671
 2298,19372.361,10.833,5671
 2299,19383.857,11.495,5671
 2300,19394.887,11.030,5671
 2301,19405.391,10.504,5671
 2302,19415.455,10.064,5671
 2303,19424.977, 9.521,5671
 2304,19435.133,10.157,5671
 2305,19444.057, 8.925,5671
 2306,19452.664, 8.608,5671
 2307,19461.209, 8.544,5671
 2308,19469.951, 8.741,5671
 2309,19478.568, 8.619,5671
 2310,19487.561, 8.992,5671
 2311,19496.221, 8.658,5671
 2312,19504.949, 8.728,5671
 2313,19513.904, 8.956,5671
 2314,19522.389, 8.486,5671
 2315,19531.414, 9.025,5671
 2316,19540.068, 8.653,5671
 2317,19548.496, 8.428,5671
 2318,19557.977, 9.480,5671
 2319,19566.793, 8.817,5671
 2320,19575.938, 9.143,5671
 2321,19584.971, 9.035,5671
 2322,19593.719, 8.748,5671
 2323,19603.109, 9.391,5671
 2324,19611.701, 8.590,5671
 2325,19620.830, 9.131,5671
 2326,19631.090,10.258,5671
 2327,19641.574,10.486,5671
 2328,19651.861,10.285,5671
 2329,19662.064,10.204,5671
 2330,19671.092, 9.027,5671
 2331,19680.342, 9.251,5671
 2332,19689.613, 9.270,5671
 2333,19698.037, 8.424,5671
 2334,19708.260,10.223,5671
 2335,19717.037, 8.777,5671
 2336,19726.518, 9.480,5671
 2337,19735.480, 8.966,5671
 2338,19745.041, 9.559,5671
 2339,19754.250, 9.210,5671
 2340,19763.100, 8.848,5671
 2341,19772.102, 9.002,5671
 2342,19781.033, 8.931,5671
 2343,19789.656, 8.625,5671
 2344,19798.152, 8.495,5671
 2345,19806.191, 8.039,5671
 2346,19814.621, 8.430,5671
 2347,19823.072, 8.451,5671
 2348,19831.203, 8.131,5671
 2349,19839.842, 8.639,5671
 2350,19848.182, 8.338,5671
 2351,19856.375, 8.195,5671
 2352,19864.848, 8.472,5671
 2353,19872.686, 7.839,5671
 2354,19880.902, 8.217,5671
 2355,19888.857, 7.955,5671
 2356,19897.205, 8.348,5671
 2357,19905.074, 7.869,5671
 2358,19912.705, 7.631,5671
 2359,19921.877, 9.171,5671
 2360,19929.994, 8.118,5671
 2361,19937.889, 7.893,5671
 2362,19945.557, 7.670,5671
 2363,19953.293, 7.736,5671
 2364,19961.434, 8.138,5671
 2365,19969.518, 8.086,5671
 2366,19977.660, 8.142,5671
 2367,19985.348, 7.687,5671
 2368,19993.389, 8.042,5671
 2369,20001.186, 7.795,5671
 2370,20009.373, 8.190,5671
 2371,20016.871, 7.497,5671
 2372,20025.197, 8.325,5671
 2373,20034.748, 9.553,5671
 2374,20044.270, 9.521,5671
 2375,20052.971, 8.701,5671
 2376,20060.938, 7.966,5671
 2377,20069.119, 8.182,5671
 2378,20077.641, 8.523,5671
 2379,20085.695, 8.053,5671
 2380,20093.900, 8.206,5671
 2381,20101.965, 8.065,5671
 2382,20110.480, 8.516,5671
 2383,20118.510, 8.026,5671
 2384,20126.652, 8.146,5671
 2385,20135.670, 9.014,5671
 2386,20144.225, 8.557,5671
 2387,20152.576, 8.351,5671
 2388,20160.645, 8.068,5671
 2389,20168.541, 7.897,5671
 2390,20176.439, 7.898,5671
 2391,20184.395, 7.956,5671
 2392,20192.625, 8.230,5671
 2393,20200.682, 8.055,5671
 2394,20208.781, 8.101,5671
 2395,20218.172, 9.390,5671
 2396,20226.926, 8.755,5671
 2397,20235.422, 8.494,5671
 2398,20244.537, 9.117,5671
 2399,20253.244, 8.709,5671
 2400,20262.164, 8.919,5671
 2401,20270.588, 8.422,5671
 2402,20279.412, 8.827,5671
 2403,20288.213, 8.799,5671
 2404,20297.053, 8.840,5671
 2405,20305.939, 8.886,5671
 2406,20315.396, 9.457,5671
 2407,20324.598, 9.200,5671
 2408,20333.824, 9.228,5671
 2409,20342.609, 8.786,5671
 2410,20351.342, 8.731,5671
 2411,20359.611, 8.270,5671
 2412,20368.434, 8.823,5671
 2413,20377.023, 8.589,5671
 2414,20385.678, 8.655,5671
 2415,20394.525, 8.847,5671
 2416,20402.740, 8.215,5671
 2417,20410.537, 7.797,5671
 2418,20418.621, 8.083,5671
 2419,20427.984, 9.366,5671
 2420,20437.576, 9.592,5671
 2421,20446.453, 8.876,5671
 2422,20455.174, 8.720,5671
 2423,20463.717, 8.542,5671
 2424,20474.338,10.622,5671
 2425,20482.697, 8.359,5671
 2426,20491.533, 8.836,5671
 2427,20500.102, 8.569,5671
 2428,20508.832, 8.730,5671
 2429,20517.037, 8.206,5671
 2430,20525.656, 8.618,5671
 2431,20534.197, 8.540,5671
 2432,20542.631, 8.435,5671
 2433,20550.787, 8.156,5671
 2434,20560.014, 9.227,5671
 2435,20568.049, 8.035,5671
 2436,20576.309, 8.259,5671
 2437,20584.193, 7.884,5671
 2438,20592.379, 8.187,5671
 2439,20600.416, 8.037,5671
 2440,20608.240, 7.825,5671
 2441,20616.352, 8.110,5671
 2442,20624.629, 8.278,5671
 2443,20633.113, 8.483,5671
 2444,20640.645, 7.534,5671
 2445,20648.531, 7.885,5671
 2446,20656.439, 7.908,5671
 2447,20664.488, 8.049,5671
 2448,20672.813, 8.324,5671
 2449,20680.445, 7.634,5671
 2450,20688.270, 7.822,5671
 2451,20696.072, 7.806,5671
 2452,20703.643, 7.569,5671
 2453,20711.605, 7.963,5671
 2454,20719.809, 8.202,5671
 2455,20727.451, 7.643,5671
 2456,20735.289, 7.838,5671
 2457,20742.953, 7.665,5671
 2458,20750.781, 7.827,5671
 2459,20758.117, 7.337,5671
 2460,20766.654, 8.537,5671
 2461,20774.836, 8.180,5671
 2462,20782.637, 7.802,5671
 2463,20791.117, 8.479,5671
 2464,20799.305, 8.189,5671
 2465,20807.656, 8.352,5671
 2466,20816.434, 8.775,5671
 2467,20825.416, 8.986,5671
 2468,20834.053, 8.634,5671
 2469,20842.148, 8.098,5671
 2470,20850.012, 7.861,5671
 2471,20858.627, 8.616,5671
 2472,20866.809, 8.183,5671
 2473,20875.135, 8.325,5671
 2474,20883.121, 7.985,5671
 2475,20891.133, 8.014,5671
 2476,20899.010, 7.874,5671
 2477,20907.480, 8.474,5671
 2478,20915.338, 7.856,5671
 2479,20923.186, 7.848,5671
 2480,20930.881, 7.694,5671
 2481,20938.754, 7.872,5671
 2482,20947.305, 8.552,5671
 2483,20954.900, 7.598,5671
 2484,20963.238, 8.337,5671
 2485,20971.566, 8.328,5671
 2486,20979.961, 8.394,5671
 2487,20988.414, 8.454,5671
 2488,20997.115, 8.700,5671
 2489,21005.688, 8.572,5671
 2490,21014.117, 8.431,5671
 2491,21022.658, 8.541,5671
 2492,21031.514, 8.853,5671
 2493,21039.613, 8.100,5671
 2494,21047.904, 8.294,5671
 2495,21056.514, 8.608,5671
 2496,21065.174, 8.660,5671
 2497,21072.961, 7.788,5671
 2498,21080.873, 7.911,5671
 2499,21089.369, 8.496,5671
 2500,21097.514, 8.145,5671
 2501,21105.609, 8.094,5671
 2502,21114.465, 8.856,5671
 2503,21123.068, 8.605,5671
 2504,21132.475, 9.406,5671
 2505,21140.885, 8.410,5671
 2506,21148.400, 7.516,5671
 2507,21156.219, 7.818,5671
 2508,21163.809, 7.590,5671
 2509,21171.600, 7.790,5671
 2510,21179.201, 7.603,5671
 2511,21186.906, 7.705,5671
 2512,21195.322, 8.416,5671
 2513,21202.904, 7.581,5671
 2514,21210.678, 7.774,5671
 2515,21219.578, 8.901,5671
 2516,21228.686, 9.106,5671
 2517,21236.949, 8.265,5671
 2518,21244.748, 7.798,5671
 2519,21252.518, 7.768,5671
 2520,21260.385, 7.869,5671
 2521,21267.748, 7.365,5671
 2522,21275.510, 7.760,5671
 2523,21283.629, 8.118,5671
 2524,21291.770, 8.141,5671
 2525,21300.102, 8.332,5671
 2526,21308.160, 8.061,5671
 2527,21316.174, 8.011,5671
 2528,21323.793, 7.620,5671
 2529,21331.457, 7.663,5671
 2530,21339.066, 7.611,5671
 2531,21346.842, 7.773,5671
 2532,21355.969, 9.129,5671
 2533,21364.670, 8.701,5671
 2534,21373.086, 8.416,5671
 2535,21381.119, 8.033,5671
 2536,21390.178, 9.058,5671
 2537,21400.232,10.056,5671
 2538,21409.523, 9.290,5671
 2539,21417.518, 7.993,5671
 2540,21425.299, 7.783,5671
 2541,21432.814, 7.516,5671
 2542,21441.135, 8.320,5671
 2543,21448.652, 7.518,5671
 2544,21456.295, 7.642,5671
 2545,21463.988, 7.695,5671
 2546,21471.586, 7.596,5671
 2547,21479.504, 7.917,5671
 2548,21487.682, 8.177,5671
 2549,21495.160, 7.481,5671
 2550,21502.561, 7.400,5671
 2551,21510.398, 7.838,5671
 2552,21518.383, 7.984,5671
 2553,21525.668, 7.284,5671
 2554,21533.736, 8.070,5671
 2555,21541.156, 7.419,5671
 2556,21549.258, 8.101,5671
 2557,21556.963, 7.706,5671
 2558,21564.887, 7.924,5671
 2559,21572.262, 7.375,5671
 2560,21580.578, 8.317,5671
 2561,21588.590, 8.011,5671
 2562,21596.895, 8.305,5671
 2563,21605.396, 8.503,5671
 2564,21615.947,10.549,5671
 2565,21625.740, 9.794,5671
 2566,21635.066, 9.326,5671
 2567,21643.973, 8.906,5671
 2568,21653.078, 9.106,5671
 2569,21662.002, 8.921,5671
 2570,21671.410, 9.411,5671
 2571,21680.338, 8.926,5671
 2572,21689.236, 8.900,5671
 2573,21698.629, 9.392,5671
 2574,21708.105, 9.475,5671
 2575,21718.361,10.258,5671
 2576,21729.801,11.440,5671
 2577,21739.611, 9.809,5671
 2578,21749.004, 9.392,5671
 2579,21756.893, 7.889,5671
 2580,21764.691, 7.799,5671
 2581,21772.049, 7.358,5671
 2582,21779.863, 7.814,5671
 2583,21787.725, 7.861,5671
 2584,21795.268, 7.543,5671
 2585,21802.564, 7.298,5671
 2586,21809.939, 7.374,5671
 2587,21817.309, 7.371,5671
 2588,21824.602, 7.291,5671
 2589,21832.094, 7.493,5671
 2590,21839.820, 7.727,5671
 2591,21847.357, 7.535,5671
 2592,21854.695, 7.339,5671
 2593,21862.381, 7.687,5671
 2594,21869.861, 7.478,5671
 2595,21877.785, 7.924,5671
 2596,21885.262, 7.477,5671
 2597,21892.553, 7.292,5671
 2598,21900.029, 7.476,5671
 2599,21907.613, 7.583,5671
 2600,21915.465, 7.853,5671
 2601,21922.754, 7.289,5671
 2602,21930.408, 7.655,5671
 2603,21938.369, 7.959,5671
 2604,21945.758, 7.390,5671
 2605,21953.057, 7.300,5671
 2606,21960.789, 7.731,5671
 2607,21968.328, 7.541,5671
 2608,21975.670, 7.340,5671
 2609,21982.828, 7.160,5671
 2610,21990.813, 7.984,5671
 2611,21997.885, 7.071,5671
 2612,22006.385, 8.499,5671
 2613,22015.197, 8.813,5671
 2614,22023.168, 7.970,5671
 2615,22030.824, 7.658,5671
 2616,22038.709, 7.883,5671
 2617,22047.465, 8.756,5671
 2618,22055.258, 7.792,5671
 2619,22063.086, 7.828,5671
 2620,22071.129, 8.044,5671
 2621,22078.861, 7.733,5671
 2622,22087.010, 8.147,5671
 2623,22095.561, 8.553,5671
 2624,22103.588, 8.026,5671
 2625,22111.018, 7.431,5671
 2626,22118.945, 7.927,5671
 2627,22126.121, 7.175,5671
 2628,22133.873, 7.752,5671
 2629,22141.404, 7.533,5671
 2630,22149.014, 7.607,5671
 2631,22156.945, 7.933,5671
 2632,22164.598, 7.651,5671
 2633,22171.969, 7.372,5671
 2634,22180.625, 8.658,5671
 2635,22188.420, 7.793,5671
 2636,22196.506, 8.087,5671
 2637,22203.992, 7.486,5671
 2638,22212.477, 8.484,5671
 2639,22220.236, 7.762,5671
 2640,22228.525, 8.286,5671
 2641,22236.209, 7.686,5671
 2642,22244.848, 8.637,5671
 2643,22252.854, 8.006,5671
 2644,22261.236, 8.383,5671
 2645,22268.857, 7.620,5671
 2646,22278.273, 9.416,5671
 2647,22286.795, 8.523,5671
 2648,22295.697, 8.901,5671
 2649,22304.438, 8.741,5671
 2650,22313.463, 9.026,5671
 2651,22321.646, 8.184,5671
 2652,22331.193, 9.547,5671
 2653,22339.918, 8.722,5671
 2654,22348.539, 8.623,5671
 2655,22357.254, 8.714,5671
 2656,22365.594, 8.339,5671
 2657,22372.988, 7.396,5671
 2658,22381.029, 8.041,5671
 2659,22388.453, 7.424,5671
 2660,22396.477, 8.025,5671
 2661,22405.492, 9.014,5671
 2662,22413.541, 8.049,5671
 2663,22420.992, 7.452,5671
 2664,22428.324, 7.333,5671
 2665,22435.621, 7.294,5671
 2666,22443.344, 7.723,5671
 2667,22450.789, 7.445,5671
 2668,22458.510, 7.722,5671
 2669,22466.270, 7.759,5671
 2670,22474.605, 8.337,5671
 2671,22482.570, 7.965,5671
 2672,22490.521, 7.949,5671
 2673,22498.365, 7.846,5671
 2674,22506.576, 8.210,5671
 2675,22514.252, 7.675,5671
 2676,22521.904, 7.654,5671
 2677,22529.348, 7.442,5671
 2678,22536.791, 7.444,5671
 2679,22543.869, 7.078,5671
 2680,22551.750, 7.879,5671
 2681,22559.525, 7.776,5671
 2682,22567.301, 7.776,5671
 2683,22574.572, 7.272,5671
 2684,22582.209, 7.636,5671
 2685,22589.584, 7.375,5671
 2686,22596.969, 7.386,5671
 2687,22604.018, 7.047,5671
 2688,22611.594, 7.578,5671
 2689,22620.090, 8.495,5671
 2690,22627.709, 7.619,5671
 2691,22635.213, 7.506,5671
 2692,22642.912, 7.700,5671
 2693,22650.764, 7.849,5671
 2694,22658.342, 7.578,5671
 2695,22665.543, 7.202,5671
 2696,22672.879, 7.336,5671
 2697,22680.178, 7.299,5671
 2698,22688.449, 8.271,5671
 2699,22695.611, 7.162,5671
 2700,22702.809, 7.198,5671
 2701,22710.367, 7.558,5671
 2702,22717.576, 7.209,5671
 2703,22725.145, 7.570,5671
 2704,22733.215, 8.069,5671
 2705,22741.678, 8.461,5671
 2706,22749.813, 8.136,5671
 2707,22759.057, 9.245,5671
 2708,22767.867, 8.810,5671
 2709,22777.250, 9.381,5671
 2710,22787.041, 9.793,5671
 2711,22796.887, 9.846,5671
 2712,22806.400, 9.513,5671
 2713,22814.666, 8.265,5671
 2714,22823.285, 8.619,5671
 2715,22831.209, 7.925,5671
 2716,22840.098, 8.889,5671
 2717,22848.342, 8.243,5671
 2718,22856.354, 8.013,5671
 2719,22864.609, 8.254,5671
 2720,22873.186, 8.578,5671
 2721,22881.209, 8.023,5671
 2722,22889.664, 8.454,5671
 2723,22897.865, 8.201,5671
 2724,22905.598, 7.733,5671
 2725,22913.250, 7.651,5671
 2726,22921.283, 8.035,5671
 2727,22929.002, 7.717,5671
 2728,22936.820, 7.820,5671
 2729,22945.277, 8.458,5671
 2730,22953.422, 8.143,5671
 2731,22961.145, 7.725,5671
 2732,22969.777, 8.631,5671
 2733,22977.906, 8.130,5671
 2734,22985.984, 8.078,5671
 2735,22994.338, 8.353,5671
 2736,23003.732, 9.396,5671
 2737,23012.430, 8.695,5671
 2738,23021.262, 8.831,5671
 2739,23030.047, 8.787,5671
 2740,23038.709, 8.661,5671
 2741,23047.141, 8.434,5671
 2742,23055.988, 8.846,5671
 2743,23063.740, 7.752,5671
 2744,23072.217, 8.478,5671
 2745,23080.508, 8.289,5671
 2746,23089.006, 8.497,5671
 2747,23097.102, 8.097,5671
 2748,23106.434, 9.331,5671
 2749,23114.582, 8.149,5671
 2750,23122.441, 7.859,5671
 2751,23130.188, 7.747,5671
 2752,23137.973, 7.786,5671
 2753,23145.795, 7.822,5671
 2754,23153.326, 7.532,5671
 2755,23161.021, 7.695,5671
 2756,23169.645, 8.623,5671
 2757,23177.514, 7.867,5671
 2758,23185.283, 7.771,5671
 2759,23194.896, 9.615,5671
 2760,23203.779, 8.881,5671
 2761,23211.928, 8.148,5671
 2762,23220.096, 8.168,5671
 2763,23229.018, 8.923,5671
 2764,23236.855, 7.837,5671
 2765,23244.498, 7.641,5671
 2766,23252.635, 8.139,5671
 2767,23260.545, 7.910,5671
 2768,23268.418, 7.871,5671
 2769,23276.576, 8.160,5671
 2770,23284.588, 8.011,5671
 2771,23292.477, 7.890,5671
 2772,23300.287, 7.810,5671
 2773,23307.992, 7.706,5671
 2774,23317.402, 9.410,5671
 2775,23325.324, 7.923,5671
 2776,23334.338, 9.011,5671
 2777,23342.223, 7.886,5671
 2778,23350.273, 8.050,5671
 2779,23358.082, 7.808,5671
 2780,23365.740, 7.659,5671
 2781,23373.309, 7.568,5671
 2782,23381.305, 7.998,5671
 2783,23388.760, 7.453,5671
 2784,23396.869, 8.111,5671
 2785,23404.281, 7.411,5671
 2786,23413.473, 9.192,5671
 2787,23422.939, 9.466,5671
 2788,23431.807, 8.868,5671
 2789,23439.660, 7.855,5671
 2790,23447.725, 8.063,5671
 2791,23455.920, 8.194,5671
 2792,23464.049, 8.129,5671
 2793,23471.994, 7.947,5671
 2794,23479.602, 7.605,5671
 2795,23487.617, 8.016,5671
 2796,23495.582, 7.964,5671
 2797,23503.166, 7.584,5671
 2798,23510.717, 7.553,5671
 2799,23518.941, 8.223,5671
 2800,23527.275, 8.335,5671
 2801,23535.518, 8.242,5671
 2802,23543.686, 8.168,5671
 2803,23551.887, 8.202,5671
 2804,23560.064, 8.177,5671
 2805,23568.426, 8.360,5671
 2806,23577.330, 8.905,5671
 2807,23586.686, 9.356,5671
 2808,23596.973,10.289,5671
 2809,23606.326, 9.353,5671
 2810,23615.512, 9.184,5671
 2811,23624.012, 8.500,5671
 2812,23632.846, 8.835,5671
 2813,23641.701, 8.854,5671
 2814,23651.320, 9.621,5671
 2815,23659.648, 8.329,5671
 2816,23668.373, 8.723,5671
 2817,23676.668, 8.294,5671
 2818,23685.281, 8.615,5671
 2819,23693.625, 8.342,5671
 2820,23703.006, 9.380,5671
 2821,23711.973, 8.969,5671
 2822,23720.797, 8.823,5671
 2823,23729.357, 8.561,5671
 2824,23737.857, 8.500,5671
 2825,23745.910, 8.054,5671
 2826,23753.773, 7.862,5671
 2827,23761.645, 7.873,5671
 2828,23769.861, 8.214,5671
 2829,23778.467, 8.607,5671
 2830,23786.348, 7.880,5671
 2831,23794.236, 7.889,5671
 2832,23802.090, 7.854,5671
 2833,23809.816, 7.726,5671
 2834,23817.637, 7.821,5671
 2835,23825.725, 8.088,5671
 2836,23834.121, 8.396,5671
 2837,23842.236, 8.116,5671
 2838,23850.805, 8.567,5671
 2839,23859.066, 8.263,5671
 2840,23867.035, 7.968,5671
 2841,23875.480, 8.445,5671
 2842,23883.459, 7.979,5671
 2843,23891.209, 7.750,5671
 2844,23899.736, 8.529,5671
 2845,23908.342, 8.604,5671
 2846,23916.832, 8.489,5671
 2847,23925.334, 8.503,5671
 2848,23934.449, 9.116,5671
 2849,23942.953, 8.502,5671
 2850,23952.375, 9.423,5671
 2851,23960.813, 8.439,5671
 2852,23969.418, 8.603,5671
 2853,23979.393, 9.975,5671
 2854,23989.449,10.058,5671
 2855,23998.498, 9.046,5671
 2856,24007.422, 8.925,5671
 2857,24016.061, 8.640,5671
 2858,24024.404, 8.343,5671
 2859,24033.826, 9.423,5671
 2860,24041.980, 8.155,5671
 2861,24050.297, 8.315,5671
 2862,24058.982, 8.686,5671
 2863,24067.313, 8.329,5671
 2864,24075.879, 8.567,5671
 2865,24083.797, 7.918,5671
 2866,24091.992, 8.197,5671
 2867,24101.652, 9.660,5671
 2868,24110.156, 8.502,5671
 2869,24118.441, 8.284,5671
 2870,24127.084, 8.643,5671
 2871,24135.320, 8.239,5671
 2872,24144.002, 8.679,5671
 2873,24152.533, 8.531,5671
 2874,24161.488, 8.958,5671
 2875,24170.686, 9.195,5671
 2876,24179.145, 8.459,5671
 2877,24187.969, 8.825,5671
 2878,24197.074, 9.106,5671
 2879,24205.504, 8.428,5671
 2880,24214.291, 8.788,5671
 2881,24222.918, 8.627,5671
 2882,24231.449, 8.532,5671
 2883,24239.605, 8.155,5671
 2884,24248.365, 8.759,5671
 2885,24256.984, 8.622,5671
 2886,24265.369, 8.383,5671
 2887,24275.307, 9.938,5671
 2888,24284.199, 8.892,5671
 2889,24293.117, 8.918,5671
 2890,24301.988, 8.871,5671
 2891,24311.205, 9.216,5671
 2892,24320.695, 9.491,5671
 2893,24329.492, 8.799,5671
 2894,24337.965, 8.472,5671
 2895,24346.082, 8.114,5671
 2896,24354.689, 8.608,5671
 2897,24362.656, 7.969,5671
 2898,24371.887, 9.230,5671
 2899,24384.041,12.154,5671
 2900,24393.480, 9.439,5671
 2901,24402.178, 8.696,5671
 2902,24411.689, 9.514,5671
 2903,24419.900, 8.211,5671
 2904,24428.447, 8.546,5671
 2905,24437.188, 8.740,5671
 2906,24445.359, 8.172,5671
 2907,24453.752, 8.392,5671
 2908,24461.807, 8.056,5671
 2909,24469.881, 8.073,5671
 2910,24478.275, 8.395,5671
 2911,24487.172, 8.896,5671
 2912,24495.941, 8.771,5671
 2913,24504.020, 8.077,5671
 2914,24512.086, 8.066,5671
 2915,24520.338, 8.251,5671
 2916,24528.525, 8.188,5671
 2917,24536.275, 7.751,5671
 2918,24544.598, 8.323,5671
 2919,24552.861, 8.264,5671
 2920,24560.775, 7.913,5671
 2921,24569.125, 8.349,5671
 2922,24577.135, 8.011,5671
 2923,24584.953, 7.819,5671
 2924,24593.621, 8.666,5671
 2925,24602.145, 8.525,5671
 2926,24610.598, 8.451,5671
 2927,24618.801, 8.206,5671
 2928,24627.002, 8.200,5671
 2929,24635.137, 8.136,5671
 2930,24643.273, 8.135,5671
 2931,24650.863, 7.590,5671
 2932,24659.342, 8.477,5671
 2933,24666.955, 7.615,5671
 2934,24675.223, 8.268,5671
 2935,24683.252, 8.028,5671
 2936,24690.939, 7.688,5671
 2937,24699.889, 8.949,5671
 2938,24708.488, 8.601,5671
 2939,24717.545, 9.056,5671
 2940,24726.072, 8.527,5671
 2941,24734.957, 8.885,5671
 2942,24743.617, 8.660,5671
 2943,24752.266, 8.648,5671
 2944,24761.137, 8.871,5671
 2945,24770.281, 9.146,5671
 2946,24781.320,11.040,5671
 2947,24789.645, 8.324,5671
 2948,24798.061, 8.414,5671
 2949,24806.545, 8.486,5671
 2950,24814.830, 8.282,5671
 2951,24822.834, 8.005,5671
 2952,24831.377, 8.545,5671
 2953,24839.393, 8.014,5671
 2954,24847.369, 7.978,5671
 2955,24855.410, 8.040,5671
 2956,24863.633, 8.224,5671
 2957,24872.137, 8.503,5671
 2958,24881.156, 9.020,5671
 2959,24889.084, 7.926,5671
 2960,24897.564, 8.482,5671
 2961,24905.986, 8.422,5671
 2962,24915.008, 9.020,5671
 2963,24923.900, 8.894,5671
 2964,24933.047, 9.146,5671
 2965,24941.529, 8.483,5671
 2966,24950.289, 8.759,5671
 2967,24959.186, 8.897,5671
 2968,24968.391, 9.205,5671
 2969,24977.393, 9.002,5671
 2970,24985.721, 8.329,5671
 2971,24994.240, 8.519,5671
 2972,25003.830, 9.588,5671
 2973,25012.480, 8.651,5671
 2974,25022.674,10.192,5671
 2975,25031.471, 8.799,5671
 2976,25041.236, 9.765,5671
 2977,25050.965, 9.728,5671
 2978,25060.896, 9.933,5671
 2979,25070.389, 9.491,5671
 2980,25080.186, 9.797,5671
 2981,25088.998, 8.811,5671
 2982,25097.996, 8.999,5671
 2983,25107.082, 9.086,5671
 2984,25115.551, 8.470,5671
 2985,25124.637, 9.087,5671
 2986,25133.100, 8.461,5671
 2987,25141.461, 8.363,5671
 2988,25150.512, 9.049,5671
 2989,25159.029, 8.519,5671
 2990,25167.795, 8.765,5671
 2991,25177.764, 9.968,5671
 2992,25186.625, 8.861,5671
 2993,25194.756, 8.131,5671
 2994,25202.889, 8.133,5671
 2995,25211.951, 9.063,5671
 2996,25220.973, 9.021,5671
 2997,25231.232,10.260,5671
 2998,25241.262,10.029,5671
 2999,25250.045, 8.783,5671
 3000,25258.740, 8.697,5671
 3001,25267.564, 8.824,5671
 3002,25275.773, 8.208,5671
 3003,25284.205, 8.431,5671
 3004,25292.449, 8.246,5671
 3005,25301.141, 8.692,5671
 3006,25309.783, 8.641,5671
 3007,25317.705, 7.923,5671
 3008,25326.145, 8.440,5671
 3009,25336.295,10.149,5671
 3010,25345.289, 8.994,5671
 3011,25354.100, 8.810,5671
 3012,25363.375, 9.276,5671
 3013,25372.178, 8.801,5671
 3014,25380.955, 8.779,5671
 3015,25390.068, 9.114,5671
 3016,25398.387, 8.318,5671
 3017,25407.383, 8.996,5671
 3018,25415.688, 8.304,5671
 3019,25423.928, 8.240,5671
 3020,25432.609, 8.683,5671
 3021,25442.549, 9.939,5671
 3022,25451.508, 8.958,5671
 3023,25459.510, 8.002,5671
 3024,25468.033, 8.524,5671
 3025,25476.137, 8.105,5671
 3026,25485.123, 8.985,5671
 3027,25493.545, 8.421,5671
 3028,25502.414, 8.870,5671
 3029,25510.977, 8.562,5671
 3030,25519.666, 8.688,5671
 3031,25527.986, 8.323,5671
 3032,25536.549, 8.561,5671
 3033,25545.566, 9.019,5671
 3034,25555.098, 9.531,5671
 3035,25565.176,10.077,5671
 3036,25575.156, 9.982,5671
 3037,25584.305, 9.149,5671
 3038,25593.840, 9.533,5671
 3039,25602.381, 8.543,5671
 3040,25611.596, 9.213,5671
 3041,25620.342, 8.747,5671
 3042,25628.889, 8.546,5671
 3043,25638.025, 9.138,5671
 3044,25646.504, 8.477,5671
 3045,25655.879, 9.376,5671
 3046,25665.277, 9.398,5671
 3047,25674.594, 9.315,5671
 3048,25684.326, 9.732,5671
 3049,25694.078, 9.753,5671
 3050,25702.471, 8.394,5671
 3051,25710.857, 8.387,5671
 3052,25719.301, 8.444,5671
 3053,25727.605, 8.304,5671
 3054,25736.232, 8.628,5671
 3055,25744.686, 8.451,5671
 3056,25753.225, 8.540,5671
 3057,25761.918, 8.693,5671
 3058,25770.572, 8.656,5671
 3059,25778.781, 8.206,5671
 3060,25787.438, 8.658,5671
 3061,25795.674, 8.236,5671
 3062,25803.684, 8.009,5671
 3063,25812.434, 8.749,5671
 3064,25820.969, 8.537,5671
 3065,25829.854, 8.884,5671
 3066,25838.049, 8.195,5671
 3067,25845.816, 7.770,5671
 3068,25853.857, 8.038,5671
 3069,25862.572, 8.718,5671
 3070,25871.045, 8.470,5671
 3071,25878.893, 7.848,5671
 3072,25887.418, 8.525,5671
 3073,25895.199, 7.782,5671
 3074,25903.799, 8.600,5671
 3075,25911.900, 8.102,5671
 3076,25919.846, 7.943,5671
 3077,25928.064, 8.220,5671
 3078,25936.330, 8.266,5671
 3079,25943.896, 7.567,5671
 3080,25953.018, 9.121,5671
 3081,25962.473, 9.454,5671
 3082,25971.529, 9.058,5671
 3083,25979.998, 8.467,5671
 3084,25988.186, 8.189,5671
 3085,25996.525, 8.340,5671
 3086,26005.229, 8.702,5671
 3087,26013.729, 8.501,5671
 3088,26022.734, 9.006,5671
 3089,26031.291, 8.556,5671
 3090,26040.641, 9.349,5671
 3091,26049.383, 8.743,5671
 3092,26057.803, 8.420,5671
 3093,26065.887, 8.084,5671
 3094,26074.289, 8.401,5671
 3095,26082.838, 8.549,5671
 3096,26091.434, 8.596,5671
 3097,26099.646, 8.214,5671
 3098,26108.461, 8.814,5671
 3099,26116.957, 8.495,5671
 3100,26126.061, 9.106,5671
 3101,26134.996, 8.933,5671
 3102,26143.846, 8.850,5671
 3103,26152.613, 8.768,5671
 3104,26161.873, 9.261,5671
 3105,26171.330, 9.455,5671
 3106,26180.842, 9.511,5671
 3107,26191.461,10.622,5671
 3108,26201.457, 9.995,5671
 3109,26211.041, 9.584,5671
 3110,26220.783, 9.742,5671
 3111,26230.225, 9.443,5671
 3112,26239.666, 9.438,5671
 3113,26248.541, 8.878,5671
 3114,26257.842, 9.298,5671
 3115,26267.611, 9.771,5671
 3116,26277.354, 9.742,5671
 3117,26287.309, 9.957,5671
 3118,26298.195,10.885,5671
 3119,26307.721, 9.527,5671
 3120,26316.600, 8.877,5671
 3121,26324.805, 8.205,5671
 3122,26333.010, 8.204,5671
 3123,26342.184, 9.175,5671
 3124,26352.252,10.068,5671
 3125,26361.588, 9.336,5671
 3126,26370.189, 8.602,5671
 3127,26378.590, 8.401,5671
 3128,26387.285, 8.695,5671
 3129,26395.971, 8.686,5671
 3130,26406.904,10.933,5671
 3131,26415.428, 8.523,5671
 3132,26424.559, 9.132,5671
 3133,26433.127, 8.568,5671
 3134,26441.613, 8.486,5671
 3135,26450.270, 8.656,5671
 3136,26458.984, 8.715,5671
 3137,26467.816, 8.833,5671
 3138,26476.232, 8.417,5671
 3139,26484.625, 8.391,5671
 3140,26493.709, 9.083,5671
 3141,26502.641, 8.933,5671
 3142,26512.891,10.250,5671
 3143,26522.484, 9.593,5671
 3144,26532.029, 9.545,5671
 3145,26540.605, 8.577,5671
 3146,26548.850, 8.242,5671
 3147,26557.133, 8.284,5671
 3148,26566.328, 9.195,5671
 3149,26574.666, 8.339,5671
 3150,26583.057, 8.390,5671
 3151,26591.422, 8.364,5671
 3152,26599.742, 8.320,5671
 3153,26607.664, 7.923,5671
 3154,26616.258, 8.595,5671
 3155,26625.123, 8.865,5671
 3156,26633.945, 8.821,5671
 3157,26642.354, 8.410,5671
 3158,26650.389, 8.036,5671
 3159,26659.297, 8.908,5671
 3160,26668.006, 8.706,5671
 3161,26676.725, 8.720,5671
 3162,26685.006, 8.280,5671
 3163,26693.795, 8.791,5671
 3164,26702.777, 8.983,5671
 3165,26711.305, 8.527,5671
 3166,26720.305, 9.001,5671
 3167,26729.658, 9.351,5671
 3168,26739.574, 9.915,5671
 3169,26750.373,10.801,5671
 3170,26759.225, 8.852,5671
 3171,26767.928, 8.702,5671
 3172,26776.480, 8.554,5671
 3173,26785.281, 8.801,5671
 3174,26794.275, 8.993,5671
 3175,26802.570, 8.296,5671
 3176,26811.193, 8.623,5671
 3177,26819.221, 8.026,5671
 3178,26828.438, 9.216,5671
 3179,26837.613, 9.176,5671
 3180,26846.414, 8.802,5671
 3181,26855.395, 8.981,5671
 3182,26863.906, 8.511,5671
 3183,26872.316, 8.411,5671
 3184,26880.805, 8.488,5671
 3185,26889.326, 8.519,5671
 3186,26898.150, 8.827,5671
 3187,26907.254, 9.103,5671
 3188,26916.129, 8.876,5671
 3189,26924.998, 8.868,5671
 3190,26934.400, 9.402,5671
 3191,26944.518,10.118,5671
 3192,26953.801, 9.283,5671
 3193,26963.689, 9.889,5671
 3194,26973.129, 9.440,5671
 3195,26982.121, 8.992,5671
 3196,26991.318, 9.197,5671
 3197,27000.838, 9.517,5671
 3198,27009.834, 8.997,5671
 3199,27018.979, 9.146,5671
 3200,27027.766, 8.787,5671
 3201,27036.705, 8.938,5671
 3202,27046.742,10.036,5671
 3203,27056.295, 9.555,5671
 3204,27065.861, 9.566,5671
 3205,27074.625, 8.764,5671
 3206,27083.150, 8.526,5671
 3207,27091.604, 8.452,5671
 3208,27099.852, 8.248,5671
 3209,27108.047, 8.196,5671
 3210,27116.553, 8.507,5671
 3211,27124.857, 8.302,5671
 3212,27133.660, 8.803,5671
 3213,27142.752, 9.092,5671
 3214,27153.732,10.983,5671
 3215,27163.152, 9.419,5671
 3216,27171.994, 8.841,5671
 3217,27180.410, 8.415,5671
 3218,27189.225, 8.816,5671
 3219,27197.785, 8.561,5671
 3220,27206.623, 8.837,5671
 3221,27215.145, 8.522,5671
 3222,27224.010, 8.865,5671
 3223,27233.170, 9.158,5671
 3224,27242.373, 9.205,5671
 3225,27251.410, 9.036,5671
 3226,27261.094, 9.683,5671
 3227,27270.252, 9.159,5671
 3228,27279.574, 9.323,5671
 3229,27288.148, 8.575,5671
 3230,27297.629, 9.479,5671
 3231,27306.389, 8.761,5671
 3232,27315.557, 9.168,5671
 3233,27324.439, 8.882,5671
 3234,27333.518, 9.079,5671
 3235,27345.695,12.177,5671
 3236,27354.453, 8.757,5671
 3237,27363.252, 8.799,5671
 3238,27372.805, 9.553,5671
 3239,27381.926, 9.122,5671
 3240,27391.275, 9.349,5671
 3241,27400.625, 9.349,5671
 3242,27409.537, 8.912,5671
 3243,27418.166, 8.630,5671
 3244,27427.625, 9.459,5671
 3245,27436.514, 8.888,5671
 3246,27444.896, 8.384,5671
 3247,27453.391, 8.494,5671
 3248,27462.756, 9.364,5671
 3249,27472.674, 9.919,5671
 3250,27481.725, 9.051,5671
 3251,27491.689, 9.965,5671
 3252,27501.240, 9.549,5671
 3253,27510.379, 9.140,5671
 3254,27519.047, 8.668,5671
 3255,27528.295, 9.248,5671
 3256,27540.137,11.843,5671
 3257,27550.600,10.461,5671
 3258,27560.563, 9.964,5671
 3259,27569.945, 9.382,5671
 3260,27580.049,10.104,5671
 3261,27589.389, 9.341,5671
 3262,27599.539,10.149,5671
 3263,27609.107, 9.568,5671
 3264,27618.354, 9.247,5671
 3265,27627.557, 9.203,5671
 3266,27637.541, 9.984,5671
 3267,27647.186, 9.644,5671
 3268,27656.705, 9.519,5671
 3269,27666.387, 9.683,5671
 3270,27676.289, 9.901,5671
 3271,27685.551, 9.263,5671
 3272,27694.910, 9.357,5671
 3273,27703.508, 8.599,5671
 3274,27712.465, 8.959,5671
 3275,27721.297, 8.830,5671
 3276,27730.629, 9.332,5671
 3277,27739.334, 8.705,5671
 3278,27748.131, 8.798,5671
 3279,27756.881, 8.750,5671
 3280,27765.809, 8.929,5671
 3281,27774.354, 8.542,5671
 3282,27783.109, 8.757,5671
 3283,27792.010, 8.900,5671
 3284,27801.129, 9.121,5671
 3285,27810.043, 8.913,5671
 3286,27818.701, 8.658,5671
 3287,27827.154, 8.451,5671
 3288,27836.410, 9.257,5671
 3289,27845.873, 9.463,5671
 3290,27855.045, 9.173,5671
 3291,27863.881, 8.836,5671
 3292,27872.535, 8.654,5671
 3293,27880.916, 8.380,5671
 3294,27889.389, 8.474,5671
 3295,27898.637, 9.248,5671
 3296,27907.598, 8.959,5671
 3297,27915.830, 8.234,5671
 3298,27925.250, 9.419,5671
 3299,27936.383,11.134,5671
 3300,27946.297, 9.914,5671
 3301,27955.215, 8.918,5671
 3302,27964.584, 9.368,5671
 3303,27973.186, 8.602,5671
 3304,27981.846, 8.659,5671
 3305,27990.326, 8.482,5671
 3306,27999.063, 8.737,5671
 3307,28008.342, 9.278,5671
 3308,28017.629, 9.287,5671
 3309,28028.088,10.459,5671
 3310,28038.102,10.014,5671
 3311,28047.377, 9.277,5671
 3312,28057.014, 9.634,5671
 3313,28065.984, 8.974,5671
 3314,28075.084, 9.097,5671
 3315,28085.002, 9.917,5671
 3316,28094.209, 9.210,5671
 3317,28103.117, 8.907,5671
 3318,28112.830, 9.712,5671
 3319,28121.904, 9.074,5671
 3320,28131.107, 9.204,5671
 3321,28141.477,10.370,5671
 3322,28151.324, 9.846,5671
 3323,28161.014, 9.691,5671
 3324,28170.400, 9.388,5671
 3325,28180.574,10.171,5671
 3326,28189.850, 9.276,5671
 3327,28199.701, 9.851,5671
 3328,28209.426, 9.726,5671
 3329,28220.549,11.124,5671
 3330,28229.686, 9.136,5671
 3331,28239.484, 9.798,5671
 3332,28249.193, 9.710,5671
 3333,28258.389, 9.195,5671
 3334,28267.813, 9.424,5671
 3335,28277.811, 9.998,5671
 3336,28287.705, 9.894,5671
 3337,28297.846,10.140,5671
 3338,28307.145, 9.299,5671
 3339,28316.100, 8.955,5671
 3340,28326.770,10.669,5671
 3341,28338.102,11.332,5671
 3342,28348.182,10.081,5671
 3343,28357.217, 9.037,5671
 3344,28366.277, 9.060,5671
 3345,28375.506, 9.226,5671
 3346,28385.100, 9.595,5671
 3347,28394.400, 9.302,5671
 3348,28403.113, 8.712,5671
 3349,28412.094, 8.980,5671
 3350,28420.930, 8.835,5671
 3351,28430.041, 9.113,5671
 3352,28439.645, 9.604,5671
 3353,28448.729, 9.084,5671
 3354,28457.885, 9.157,5671
 3355,28467.221, 9.334,5671
 3356,28476.201, 8.981,5671
 3357,28485.779, 9.578,5671
 3358,28494.689, 8.910,5671
 3359,28503.994, 9.304,5671
 3360,28513.578, 9.584,5671
 3361,28522.941, 9.363,5671
 3362,28532.971,10.031,5671
 3363,28542.672, 9.700,5671
 3364,28552.070, 9.398,5671
 3365,28561.773, 9.705,5671
 3366,28571.457, 9.683,5671
 3367,28580.920, 9.462,5671
 3368,28589.998, 9.077,5671
 3369,28598.699, 8.703,5671
 3370,28607.609, 8.911,5671
 3371,28616.514, 8.902,5671
 3372,28625.385, 8.874,5671
 3373,28634.471, 9.085,5671
 3374,28643.633, 9.163,5671
 3375,28652.549, 8.914,5671
 3376,28662.039, 9.491,5671
 3377,28670.920, 8.880,5671
 3378,28680.520, 9.600,5671
 3379,28689.270, 8.749,5671
 3380,28698.430, 9.161,5671
 3381,28708.180, 9.750,5671
 3382,28717.742, 9.561,5671
 3383,28728.240,10.499,5671
 3384,28738.938,10.698,5671
 3385,28749.293,10.355,5671
 3386,28758.426, 9.134,5671
 3387,28767.840, 9.413,5671
 3388,28776.904, 9.064,5671
 3389,28785.957, 9.053,5671
 3390,28795.260, 9.303,5671
 3391,28804.662, 9.402,5671
 3392,28814.313, 9.652,5671
 3393,28823.902, 9.588,5671
 3394,28834.273,10.373,5671
 3395,28843.254, 8.978,5671
 3396,28853.834,10.580,5671
 3397,28863.436, 9.603,5671
 3398,28872.885, 9.449,5671
 3399,28882.402, 9.517,5671
 3400,28891.578, 9.176,5671
 3401,28901.330, 9.751,5671
 3402,28911.414,10.085,5671
 3403,28921.713,10.299,5671
 3404,28931.533, 9.822,5671
 3405,28941.414, 9.879,5671
 3406,28951.230, 9.818,5671
 3407,28961.783,10.552,5671
 3408,28972.213,10.430,5671
 3409,28982.246,10.032,5671
 3410,28992.029, 9.783,5671
 3411,29001.564, 9.538,5671
 3412,29011.346, 9.780,5671
 3413,29021.025, 9.679,5671
 3414,29031.609,10.583,5671
 3415,29041.918,10.308,5671
 3416,29052.273,10.356,5671
 3417,29062.926,10.653,5671
 3418,29073.133,10.207,5671
 3419,29082.402, 9.268,5671
 3420,29092.605,10.206,5671
 3421,29102.346, 9.739,5671
 3422,29111.721, 9.376,5671
 3423,29121.498, 9.775,5671
 3424,29133.244,11.747,5671
 3425,29143.443,10.200,5671
 3426,29152.945, 9.501,5671
 3427,29162.697, 9.753,5671
 3428,29172.871,10.174,5671
 3429,29182.822, 9.950,5671
 3430,29192.178, 9.355,5671
 3431,29202.195,10.019,5671
 3432,29211.885, 9.690,5671
 3433,29221.205, 9.321,5671
 3434,29230.945, 9.738,5671
 3435,29241.422,10.477,5671
 3436,29251.422, 9.999,5671
 3437,29260.850, 9.428,5671
 3438,29270.842, 9.992,5671
 3439,29280.742, 9.900,5671
 3440,29290.418, 9.678,5671
 3441,29300.293, 9.876,5671
 3442,29309.818, 9.522,5671
 3443,29318.871, 9.055,5671
 3444,29328.336, 9.464,5671
 3445,29337.354, 9.018,5671
 3446,29346.957, 9.605,5671
 3447,29357.012,10.053,5671
 3448,29366.938, 9.926,5671
 3449,29377.518,10.579,5671
 3450,29389.338,11.820,5671
 3451,29399.402,10.065,5671
 3452,29410.920,11.518,5671
 3453,29421.209,10.291,5671
 3454,29430.930, 9.719,5671
 3455,29440.426, 9.497,5671
 3456,29449.473, 9.047,5671
 3457,29459.301, 9.828,5671
 3458,29469.512,10.210,5671
 3459,29481.578,12.065,5671
 3460,29494.605,13.029,5671
 3461,29505.014,10.408,5671
 3462,29515.717,10.703,5671
 3463,29527.381,11.664,5671
 3464,29540.088,12.707,5671
 3465,29550.705,10.619,5671
 3466,29562.074,11.368,5671
 3467,29572.539,10.465,5671
 3468,29583.621,11.082,5671
 3469,29595.645,12.024,5671
 3470,29607.270,11.623,5671
 3471,29618.426,11.157,5671
 3472,29630.439,12.014,5671
 3473,29641.813,11.374,5671
 3474,29653.883,12.070,5671
 3475,29664.877,10.994,5671
 3476,29677.137,12.259,5671
 3477,29687.250,10.114,5671
 3478,29697.387,10.137,5671
 3479,29708.521,11.133,5671
 3480,29719.102,10.580,5671
 3481,29728.602, 9.501,5671
 3482,29738.781,10.180,5671
 3483,29748.049, 9.269,5671
 3484,29757.324, 9.273,5671
 3485,29766.717, 9.394,5671
 3486,29776.625, 9.908,5671
 3487,29786.658,10.031,5671
 3488,29796.594, 9.937,5671
 3489,29806.797,10.204,5671
 3490,29816.799,10.002,5671
 3491,29826.564, 9.765,5671
 3492,29836.668,10.103,5671
 3493,29846.217, 9.549,5671
 3494,29856.109, 9.894,5671
 3495,29865.777, 9.666,5671
 3496,29875.285, 9.510,5671
 3497,29884.988, 9.701,5671
 3498,29894.826, 9.838,5671
 3499,29904.500, 9.674,5671
 3500,29914.949,10.449,5671
 3501,29926.377,11.430,5671
 3502,29937.664,11.285,5671
 3503,29947.533, 9.871,5671
 3504,29957.697,10.162,5671
 3505,29967.529, 9.833,5671
 3506,29977.629,10.100,5671
 3507,29987.158, 9.528,5671
 3508,29997.305,10.149,5671
 3509,30007.377,10.070,5671
 3510,30017.197, 9.820,5671
 3511,30027.650,10.453,5671
 3512,30038.133,10.484,5671
 3513,30048.549,10.416,5671
 3514,30058.725,10.177,5671
 3515,30068.529, 9.803,5671
 3516,30078.545,10.015,5671
 3517,30088.805,10.262,5671
 3518,30098.994,10.188,5671
 3519,30108.969, 9.974,5671
 3520,30119.125,10.158,5671
 3521,30129.838,10.711,5671
 3522,30140.432,10.594,5671
 3523,30150.789,10.357,5671
 3524,30161.730,10.943,5671
 3525,30172.369,10.639,5671
 3526,30183.209,10.840,5671
 3527,30193.281,10.072,5671
 3528,30203.645,10.362,5671
 3529,30213.592, 9.947,5671
 3530,30224.199,10.608,5671
 3531,30235.201,11.002,5671
 3532,30246.307,11.106,5671
 3533,30257.137,10.830,5671
 3534,30268.049,10.911,5671
 3535,30278.889,10.842,5671
 3536,30289.818,10.926,5671
 3537,30300.139,10.323,5671
 3538,30310.074, 9.935,5671
 3539,30321.021,10.946,5671
 3540,30332.154,11.132,5671
 3541,30342.719,10.567,5671
 3542,30353.141,10.421,5671
 3543,30363.254,10.112,5671
 3544,30373.350,10.096,5671
 3545,30382.910, 9.562,5671
 3546,30393.402,10.491,5671
 3547,30403.615,10.214,5671
 3548,30414.213,10.597,5671
 3549,30424.813,10.601,5671
 3550,30435.709,10.895,5671
 3551,30446.367,10.659,5671
 3552,30456.762,10.394,5671
 3553,30466.369, 9.609,5671
 3554,30476.391,10.021,5671
 3555,30486.145, 9.755,5671
 3556,30496.014, 9.867,5671
 3557,30505.855, 9.842,5671
 3558,30515.809, 9.955,5671
 3559,30525.377, 9.567,5671
 3560,30535.678,10.299,5671
 3561,30545.436, 9.759,5671
 3562,30555.740,10.304,5671
 3563,30565.746,10.007,5671
 3564,30575.820,10.073,5671
 3565,30585.244, 9.424,5671
 3566,30595.311,10.068,5671
 3567,30605.246, 9.935,5671
 3568,30614.961, 9.716,5671
 3569,30624.660, 9.697,5671
 3570,30635.105,10.445,5671
 3571,30645.299,10.195,5671
 3572,30655.115, 9.816,5671
 3573,30665.654,10.538,5671
 3574,30676.697,11.044,5671
 3575,30686.451, 9.754,5671
 3576,30696.850,10.397,5671
 3577,30707.246,10.397,5671
 3578,30718.418,11.173,5671
 3579,30730.072,11.653,5671
 3580,30741.982,11.910,5671
 3581,30752.457,10.477,5671
 3582,30764.330,11.872,5671
 3583,30775.021,10.691,5671
 3584,30785.865,10.844,5671
 3585,30796.781,10.916,5671
 3586,30807.994,11.212,5671
 3587,30819.150,11.155,5671
 3588,30830.426,11.277,5671
 3589,30841.662,11.237,5671
 3590,30853.711,12.049,5671
 3591,30864.166,10.453,5671
 3592,30875.682,11.516,5671
 3593,30886.582,10.900,5671
 3594,30896.846,10.265,5671
 3595,30907.525,10.681,5671
 3596,30918.469,10.942,5671
 3597,30928.922,10.452,5671
 3598,30939.650,10.728,5671
 3599,30950.141,10.494,5671
 3600,30961.215,11.073,5671
 3601,30972.496,11.280,5671
 3602,30984.510,12.013,5671
 3603,30995.658,11.150,5671
 3604,31006.348,10.689,5671
 3605,31016.918,10.569,5671
 3606,31027.918,11.000,5671
 3607,31038.902,10.984,5671
 3608,31049.662,10.760,5671
 3609,31060.680,11.019,5671
 3610,31071.021,10.341,5671
 3611,31081.490,10.468,5671
 3612,31092.693,11.204,5671
 3613,31102.566, 9.873,5671
 3614,31112.637,10.073,5671
 3615,31122.887,10.249,5671
 3616,31135.184,12.296,5671
 3617,31145.945,10.763,5671
 3618,31156.201,10.254,5671
 3619,31167.414,11.213,5671
 3620,31178.619,11.206,5671
 3621,31189.570,10.950,5671
 3622,31200.197,10.628,5671
 3623,31210.594,10.395,5671
 3624,31220.771,10.179,5671
 3625,31231.598,10.827,5671
 3626,31242.326,10.727,5671
 3627,31253.033,10.708,5671
 3628,31263.217,10.185,5671
 3629,31273.453,10.236,5671
 3630,31283.703,10.249,5671
 3631,31293.865,10.161,5671
 3632,31304.738,10.874,5671
 3633,31315.006,10.266,5671
 3634,31325.205,10.200,5671
 3635,31336.582,11.377,5671
 3636,31347.633,11.051,5671
 3637,31357.650,10.016,5671
 3638,31368.350,10.702,5671
 3639,31378.305, 9.955,5671
 3640,31388.898,10.591,5671
 3641,31398.857, 9.961,5671
 3642,31409.801,10.944,5671
 3643,31419.871,10.070,5671
 3644,31430.270,10.398,5671
 3645,31440.424,10.154,5671
 3646,31450.713,10.290,5671
 3647,31460.527, 9.814,5671
 3648,31471.207,10.680,5671
 3649,31481.771,10.564,5671
 3650,31492.676,10.904,5671
 3651,31504.193,11.518,5671
 3652,31517.342,13.147,5671
 3653,31530.061,12.720,5671
 3654,31542.578,12.518,5671
 3655,31554.092,11.513,5671
 3656,31566.061,11.971,5671
 3657,31577.336,11.273,5671
 3658,31588.570,11.234,5671
 3659,31599.904,11.334,5671
 3660,31611.150,11.245,5671
 3661,31624.369,13.220,5671
 3662,31636.033,11.666,5671
 3663,31647.439,11.405,5671
 3664,31659.527,12.088,5671
 3665,31671.682,12.154,5671
 3666,31681.963,10.282,5671
 3667,31692.141,10.179,5671
 3668,31703.037,10.896,5671
 3669,31712.998, 9.960,5671
 3670,31723.473,10.474,5671
 3671,31734.225,10.752,5671
 3672,31745.297,11.073,5671
 3673,31755.705,10.409,5671
 3674,31766.377,10.671,5671
 3675,31776.689,10.312,5671
 3676,31786.918,10.229,5671
 3677,31797.215,10.297,5671
 3678,31808.471,11.256,5671
 3679,31818.625,10.153,5671
 3680,31829.213,10.588,5671
 3681,31839.967,10.755,5671
 3682,31850.236,10.268,5671
 3683,31860.717,10.482,5671
 3684,31871.805,11.089,5671
 3685,31882.707,10.901,5671
 3686,31894.006,11.298,5671
 3687,31904.977,10.971,5671
 3688,31916.498,11.522,5671
 3689,31928.627,12.129,5671
 3690,31942.330,13.702,5671
 3691,31954.346,12.016,5671
 3692,31965.914,11.567,5671
 3693,31977.186,11.272,5671
 3694,31988.838,11.652,5671
 3695,32000.455,11.619,5671
 3696,32011.006,10.549,5671
 3697,32021.742,10.736,5671
 3698,32033.932,12.191,5671
 3699,32045.807,11.876,5671
 3700,32057.789,11.982,5671
 3701,32069.266,11.475,5671
 3702,32083.096,13.831,5671
 3703,32094.029,10.935,5671
 3704,32105.643,11.613,5671
 3705,32117.305,11.662,5671
 3706,32128.658,11.353,5671
 3707,32139.971,11.313,5671
 3708,32152.650,12.677,5671
 3709,32163.893,11.244,5671
 3710,32175.482,11.588,5671
 3711,32186.689,11.209,5671
 3712,32198.148,11.458,5671
 3713,32209.961,11.814,5671
 3714,32221.676,11.714,5671
 3715,32232.922,11.245,5671
 3716,32244.488,11.567,5671
 3717,32255.641,11.153,5671
 3718,32267.537,11.897,5671
 3719,32280.240,12.702,5671
 3720,32292.037,11.799,5671
 3721,32303.572,11.533,5671
 3722,32314.135,10.564,5671
 3723,32325.305,11.170,5671
 3724,32337.314,12.007,5671
 3725,32351.201,13.889,5671
 3726,32363.461,12.261,5671
 3727,32375.023,11.561,5671
 3728,32386.602,11.579,5671
 3729,32398.346,11.743,5671
 3730,32409.414,11.069,5671
 3731,32420.039,10.625,5671
 3732,32431.154,11.113,5671
 3733,32442.574,11.422,5671
 3734,32452.994,10.418,5671
 3735,32463.709,10.718,5671
 3736,32475.373,11.662,5671
 3737,32486.348,10.975,5671
 3738,32497.148,10.800,5671
 3739,32507.625,10.478,5671
 3740,32518.277,10.653,5671
 3741,32528.945,10.666,5671
 3742,32539.906,10.962,5671
 3743,32550.701,10.794,5671
 3744,32561.789,11.089,5671
 3745,32572.402,10.613,5671
 3746,32583.861,11.460,5671
 3747,32595.014,11.150,5671
 3748,32605.746,10.732,5671
 3749,32616.057,10.314,5671
 3750,32626.990,10.931,5671
 3751,32637.941,10.951,5671
 3752,32648.521,10.580,5671
 3753,32659.650,11.128,5671
 3754,32670.350,10.701,5671
 3755,32681.057,10.709,5671
 3756,32692.326,11.267,5671
 3757,32703.637,11.313,5671
 3758,32715.178,11.538,5671
 3759,32726.734,11.558,5671
 3760,32739.631,12.897,5671
 3761,32753.559,13.928,5671
 3762,32765.666,12.107,5671
 3763,32776.828,11.161,5671
 3764,32788.301,11.474,5671
 3765,32800.145,11.845,5671
 3766,32811.734,11.586,5671
 3767,32822.984,11.253,5671
 3768,32833.910,10.925,5671
 3769,32845.496,11.585,5671
 3770,32856.340,10.844,5671
 3771,32866.910,10.570,5671
 3772,32878.719,11.810,5671
 3773,32889.707,10.988,5671
 3774,32901.047,11.340,5671
 3775,32913.090,12.043,5671
 3776,32925.152,12.061,5671
 3777,32936.469,11.318,5671
 3778,32947.785,11.314,5671
 3779,32959.414,11.631,5671
 3780,32971.082,11.669,5671
 3781,32983.320,12.238,5671
 3782,32995.344,12.024,5671
 3783,33007.977,12.632,5671
 3784,33020.340,12.363,5671
 3785,33032.719,12.379,5671
 3786,33045.332,12.614,5671
 3787,33057.457,12.125,5671
 3788,33069.492,12.033,5671
 3789,33081.160,11.669,5671
 3790,33092.719,11.557,5671
 3791,33104.398,11.680,5671
 3792,33116.879,12.482,5671
 3793,33128.125,11.247,5671
 3794,33142.254,14.128,5671
 3795,33154.566,12.311,5671
 3796,33165.887,11.321,5671
 3797,33176.980,11.096,5671
 3798,33188.883,11.901,5671
 3799,33200.027,11.141,5671
 3800,33211.938,11.912,5671
 3801,33224.004,12.067,5671
 3802,33235.129,11.127,5671
 3803,33246.828,11.699,5671
 3804,33258.277,11.448,5671
 3805,33269.602,11.324,5671
 3806,33281.793,12.193,5671
 3807,33292.938,11.142,5671
 3808,33304.578,11.642,5671
 3809,33315.586,11.008,5671
 3810,33327.230,11.645,5671
 3811,33339.195,11.961,5671
 3812,33350.555,11.361,5671
 3813,33361.727,11.171,5671
 3814,33372.824,11.100,5671
 3815,33383.984,11.160,5671
 3816,33395.285,11.299,5671
 3817,33405.813,10.530,5671
 3818,33417.270,11.457,5671
 3819,33428.598,11.329,5671
 3820,33440.117,11.519,5671
 3821,33451.527,11.408,5671
 3822,33463.063,11.536,5671
 3823,33474.359,11.294,5671
 3824,33486.707,12.349,5671
 3825,33497.563,10.858,5671
 3826,33509.543,11.980,5671
 3827,33521.113,11.571,5671
 3828,33535.230,14.114,5671
 3829,33550.598,15.369,5671
 3830,33563.320,12.723,5671
 3831,33575.902,12.580,5671
 3832,33587.797,11.898,5671
 3833,33599.453,11.656,5671
 3834,33611.910,12.454,5671
 3835,33623.891,11.980,5671
 3836,33635.926,12.037,5671
 3837,33648.766,12.840,5671
 3838,33660.855,12.088,5671
 3839,33672.867,12.014,5671
 3840,33685.816,12.950,5671
 3841,33696.676,10.859,5671
 3842,33707.941,11.266,5671
 3843,33718.605,10.662,5671
 3844,33729.641,11.035,5671
 3845,33740.762,11.120,5671
 3846,33752.055,11.293,5671
 3847,33763.555,11.500,5671
 3848,33774.805,11.254,5671
 3849,33785.738,10.933,5671
 3850,33796.629,10.889,5671
 3851,33807.504,10.876,5671
 3852,33818.195,10.688,5671
 3853,33829.082,10.889,5671
 3854,33840.313,11.234,5671
 3855,33851.379,11.060,5671
 3856,33864.199,12.821,5671
 3857,33875.813,11.618,5671
 3858,33887.660,11.848,5671
 3859,33899.383,11.719,5671
 3860,33911.117,11.737,5671
 3861,33921.738,10.620,5671
 3862,33932.469,10.730,5671
 3863,33945.258,12.790,5671
 3864,33956.898,11.641,5671
 3865,33968.949,12.051,5671
 3866,33980.344,11.395,5671
 3867,33991.484,11.141,5671
 3868,34003.285,11.798,5671
 3869,34014.141,10.858,5671
 3870,34025.230,11.088,5671
 3871,34036.805,11.574,5671
 3872,34048.094,11.290,5671
 3873,34060.082,11.987,5671
 3874,34071.820,11.739,5671
 3875,34083.074,11.251,5671
 3876,34094.789,11.718,5671
 3877,34105.988,11.199,5671
 3878,34117.609,11.623,5671
 3879,34128.473,10.862,5671
 3880,34140.672,12.200,5671
 3881,34152.285,11.612,5671
 3882,34165.406,13.120,5671
 3883,34177.988,12.583,5671
 3884,34190.938,12.949,5671
 3885,34204.266,13.328,5671
 3886,34217.629,13.363,5671
 3887,34230.188,12.557,5671
 3888,34243.406,13.219,5671
 3889,34255.867,12.462,5671
 3890,34268.664,12.801,5671
 3891,34283.309,14.641,5671
 3892,34296.254,12.946,5671
 3893,34308.488,12.234,5671
 3894,34319.730,11.240,5671
 3895,34330.523,10.792,5671
 3896,34344.977,14.458,5671
 3897,34356.418,11.439,5671
 3898,34368.313,11.896,5671
 3899,34380.707,12.392,5671
 3900,34394.926,14.221,5671
 3901,34407.414,12.487,5671
 3902,34419.773,12.359,5671
 3903,34431.000,11.228,5671
 3904,34442.250,11.251,5671
 3905,34453.633,11.384,5671
 3906,34464.637,11.001,5671
 3907,34475.539,10.902,5671
 3908,34487.164,11.626,5671
 3909,34499.188,12.023,5671
 3910,34510.445,11.258,5671
 3911,34522.137,11.693,5671
 3912,34533.621,11.482,5671
 3913,34544.320,10.703,5671
 3914,34555.145,10.820,5671
 3915,34565.980,10.837,5671
 3916,34577.082,11.100,5671
 3917,34588.160,11.080,5671
 3918,34598.996,10.836,5671
 3919,34610.672,11.677,5671
 3920,34621.852,11.176,5671
 3921,34632.441,10.593,5671
 3922,34643.410,10.968,5671
 3923,34655.281,11.873,5671
 3924,34667.418,12.133,5671
 3925,34679.121,11.703,5671
 3926,34691.355,12.236,5671
 3927,34703.465,12.111,5671
 3928,34716.297,12.830,5671
 3929,34727.938,11.641,5671
 3930,34740.840,12.902,5671
 3931,34754.621,13.783,5671
 3932,34766.387,11.763,5671
 3933,34777.395,11.007,5671
 3934,34788.578,11.186,5671
 3935,34800.121,11.544,5671
 3936,34812.234,12.109,5671
 3937,34824.195,11.962,5671
 3938,34835.617,11.425,5671
 3939,34846.863,11.243,5671
 3940,34858.910,12.047,5671
 3941,34869.941,11.034,5671
 3942,34882.121,12.178,5671
 3943,34893.250,11.129,5671
 3944,34905.008,11.760,5671
 3945,34916.914,11.903,5671
 3946,34929.867,12.953,5671
 3947,34941.832,11.967,5671
 3948,34953.734,11.902,5671
 3949,34965.441,11.706,5671
 3950,34977.012,11.574,5671
 3951,34988.676,11.662,5671
 3952,35000.984,12.311,5671
 3953,35012.684,11.695,5671
 3954,35024.430,11.748,5671
 3955,35036.902,12.472,5671
 3956,35049.707,12.802,5671
 3957,35062.578,12.873,5671
 3958,35075.145,12.569,5671
 3959,35086.699,11.549,5671
 3960,35097.977,11.284,5671
 3961,35108.859,10.879,5671
 3962,35120.195,11.334,5671
 3963,35131.492,11.300,5671
 3964,35144.586,13.095,5671
 3965,35157.188,12.596,5671
 3966,35168.793,11.609,5671
 3967,35180.113,11.319,5671
 3968,35192.074,11.960,5671
 3969,35202.895,10.822,5671
 3970,35215.047,12.151,5671
 3971,35226.172,11.129,5671
 3972,35237.816,11.645,5671
 3973,35250.191,12.370,5671
 3974,35261.434,11.246,5671
 3975,35272.641,11.206,5671
 3976,35284.504,11.864,5671
 3977,35295.813,11.309,5671
 3978,35307.363,11.550,5671
 3979,35319.832,12.470,5671
 3980,35332.625,12.794,5671
 3981,35344.500,11.875,5671
 3982,35359.590,15.087,5671
 3983,35371.539,11.948,5671
 3984,35383.555,12.015,5671
 3985,35395.613,12.060,5671
 3986,35406.836,11.224,5671
 3987,35418.328,11.494,5671
 3988,35430.586,12.256,5671
 3989,35441.633,11.047,5671
 3990,35453.375,11.741,5671
 3991,35465.363,11.987,5671
 3992,35477.961,12.598,5671
 3993,35490.895,12.933,5671
 3994,35502.910,12.017,5671
 3995,35514.707,11.797,5671
 3996,35526.488,11.781,5671
 3997,35538.383,11.894,5671
 3998,35553.293,14.911,5671
 3999,35567.133,13.842,5671
 4000,35580.258,13.121,5671
 4001,35592.230,11.973,5671
 4002,35604.949,12.720,5671
 4003,35617.074,12.124,5671
 4004,35629.086,12.012,5671
 4005,35641.449,12.366,5671
 4006,35654.504,13.053,5671
 4007,35666.914,12.409,5671
 4008,35680.066,13.153,5671
 4009,35691.949,11.885,5671
 4010,35702.922,10.972,5671
 4011,35714.379,11.456,5671
 4012,35725.793,11.415,5671
 4013,35736.898,11.104,5671
 4014,35748.441,11.546,5671
 4015,35759.320,10.879,5671
 4016,35770.223,10.900,5671
 4017,35781.832,11.613,5671
 4018,35792.945,11.110,5671
 4019,35803.820,10.877,5671
 4020,35815.430,11.607,5671
 4021,35826.395,10.965,5671
 4022,35838.074,11.681,5671
 4023,35849.039,10.962,5671
 4024,35860.336,11.301,5671
 4025,35872.418,12.081,5671
 4026,35884.211,11.792,5671
 4027,35896.609,12.398,5671
 4028,35908.148,11.539,5671
 4029,35919.488,11.343,5671
 4030,35931.363,11.869,5671
 4031,35944.086,12.725,5671
 4032,35956.777,12.690,5671
 4033,35968.250,11.472,5671
 4034,35980.410,12.161,5671
 4035,35993.219,12.807,5671
 4036,36005.098,11.882,5671
 4037,36016.754,11.658,5671
 4038,36028.754,12.000,5671
 4039,36040.355,11.598,5671
 4040,36052.184,11.827,5671
 4041,36063.723,11.541,5671
 4042,36078.066,14.344,5671
 4043,36089.430,11.363,5671
 4044,36102.664,13.236,5671
 4045,36115.047,12.382,5671
 4046,36127.648,12.604,5671
 4047,36139.410,11.760,5671
 4048,36151.672,12.264,5671
 4049,36163.754,12.078,5671
 4050,36176.414,12.661,5671
 4051,36188.266,11.850,5671
 4052,36200.789,12.526,5671
 4053,36213.254,12.463,5671
 4054,36225.914,12.660,5671
 4055,36237.945,12.033,5671
 4056,36250.543,12.596,5671
 4057,36262.723,12.182,5671
 4058,36274.914,12.190,5671
 4059,36287.527,12.613,5671
 4060,36300.621,13.095,5671
 4061,36313.328,12.706,5671
 4062,36326.602,13.272,5671
 4063,36339.824,13.224,5671
 4064,36352.258,12.435,5671
 4065,36364.746,12.485,5671
 4066,36376.770,12.028,5671
 4067,36388.656,11.884,5671
 4068,36400.516,11.856,5671
 4069,36412.773,12.261,5671
 4070,36426.125,13.353,5671
 4071,36438.453,12.328,5671
 4072,36450.938,12.484,5671
 4073,36463.605,12.668,5671
 4074,36476.488,12.884,5671
 4075,36488.672,12.184,5671
 4076,36500.840,12.169,5671
 4077,36512.898,12.057,5671
 4078,36526.086,13.187,5671
 4079,36540.156,14.071,5671
 4080,36552.453,12.296,5671
 4081,36565.555,13.098,5671
 4082,36577.160,11.608,5671
 4083,36588.195,11.036,5671
 4084,36600.379,12.184,5671
 4085,36611.609,11.232,5671
 4086,36624.758,13.145,5671
 4087,36636.688,11.929,5671
 4088,36650.617,13.932,5671
 4089,36662.340,11.725,5671
 4090,36674.219,11.875,5671
 4091,36685.594,11.376,5671
 4092,36696.613,11.019,5671
 4093,36708.238,11.624,5671
 4094,36720.105,11.871,5671
 4095,36732.703,12.593,5671
 4096,36747.523,14.820,5671
 4097,36760.234,12.714,5671
 4098,36772.863,12.626,5671
 4099,36784.621,11.762,5671
 4100,36796.523,11.898,5671
 4101,36808.230,11.709,5671
 4102,36820.977,12.746,5671
 4103,36832.938,11.964,5671
 4104,36845.234,12.294,5671
 4105,36857.457,12.223,5671
 4106,36869.703,12.245,5671
 4107,36881.621,11.919,5671
 4108,36894.684,13.062,5671
 4109,36906.887,12.204,5671
 4110,36919.371,12.483,5671
 4111,36932.090,12.719,5671
 4112,36945.324,13.238,5671
 4113,36957.832,12.505,5671
 4114,36970.840,13.010,5671
 4115,36983.914,13.072,5671
 4116,36996.836,12.925,5671
 4117,37010.258,13.417,5671
 4118,37023.492,13.239,5671
 4119,37036.426,12.929,5671
 4120,37048.324,11.903,5671
 4121,37061.383,13.055,5671
 4122,37074.027,12.646,5671
 4123,37086.746,12.716,5671
 4124,37099.840,13.097,5671
 4125,37112.457,12.615,5671
 4126,37124.172,11.719,5671
 4127,37136.656,12.485,5671
 4128,37150.281,13.624,5671
 4129,37163.438,13.154,5671
 4130,37175.730,12.290,5671
 4131,37187.992,12.267,5671
 4132,37200.516,12.520,5671
 4133,37212.578,12.062,5671
 4134,37225.168,12.591,5671
 4135,37237.074,11.908,5671
 4136,37249.277,12.201,5671
 4137,37261.715,12.438,5671
 4138,37274.242,12.528,5671
 4139,37286.250,12.009,5671
 4140,37298.063,11.811,5671
 4141,37309.723,11.660,5671
 4142,37321.691,11.967,5671
 4143,37333.785,12.094,5671
 4144,37346.426,12.640,5671
 4145,37357.563,11.140,5671
 4146,37369.547,11.982,5671
 4147,37381.816,12.270,5671
 4148,37394.148,12.334,5671
 4149,37405.930,11.779,5671
 4150,37417.754,11.824,5671
 4151,37429.934,12.181,5671
 4152,37441.887,11.952,5671
 4153,37453.617,11.731,5671
 4154,37465.402,11.784,5671
 4155,37476.922,11.519,5671
 4156,37489.793,12.875,5671
 4157,37502.078,12.283,5671
 4158,37513.902,11.824,5671
 4159,37526.895,12.992,5671
 4160,37540.395,13.498,5671
 4161,37554.098,13.707,5671
 4162,37567.137,13.040,5671
 4163,37580.035,12.895,5671
 4164,37596.219,16.182,5671
 4165,37608.965,12.749,5671
 4166,37621.945,12.979,5671
 4167,37634.758,12.813,5671
 4168,37648.031,13.273,5671
 4169,37659.891,11.859,5671
 4170,37672.984,13.097,5671
 4171,37685.953,12.970,5671
 4172,37698.797,12.842,5671
 4173,37713.055,14.255,5671
 4174,37726.043,12.991,5671
 4175,37738.438,12.393,5671
 4176,37751.270,12.834,5671
 4177,37763.500,12.231,5671
 4178,37775.426,11.924,5671
 4179,37787.820,12.395,5671
 4180,37800.410,12.591,5671
 4181,37813.324,12.915,5671
 4182,37826.402,13.077,5671
 4183,37839.129,12.726,5671
 4184,37851.684,12.553,5671
 4185,37863.895,12.212,5671
 4186,37875.629,11.736,5671
 4187,37887.207,11.574,5671
 4188,37898.781,11.577,5671
 4189,37910.852,12.067,5671
 4190,37922.441,11.591,5671
 4191,37933.914,11.475,5671
 4192,37946.371,12.456,5671
 4193,37960.105,13.734,5671
 4194,37973.070,12.965,5671
 4195,37985.223,12.152,5671
 4196,37996.566,11.343,5671
 4197,38008.434,11.871,5671
 4198,38021.188,12.752,5671
 4199,38033.797,12.610,5671
 4200,38045.691,11.891,5671
 4201,38057.586,11.896,5671
 4202,38069.602,12.016,5671
 4203,38082.305,12.704,5671
 4204,38094.188,11.881,5671
 4205,38105.832,11.648,5671
 4206,38117.137,11.305,5671
 4207,38130.914,13.775,5671
 4208,38143.188,12.271,5671
 4209,38155.043,11.859,5671
 4210,38166.395,11.352,5671
 4211,38177.875,11.477,5671
 4212,38189.660,11.790,5671
 4213,38201.664,12.003,5671
 4214,38213.328,11.666,5671
 4215,38225.695,12.362,5671
 4216,38237.945,12.250,5671
 4217,38250.098,12.156,5671
 4218,38261.496,11.397,5671
 4219,38273.305,11.807,5671
 4220,38285.949,12.646,5671
 4221,38298.035,12.082,5671
 4222,38310.828,12.798,5671
 4223,38322.945,12.115,5671
 4224,38335.371,12.424,5671
 4225,38348.844,13.475,5671
 4226,38363.043,14.197,5671
 4227,38376.043,13.001,5671
 4228,38388.672,12.634,5671
 4229,38401.734,13.057,5671
 4230,38414.828,13.098,5671
 4231,38427.945,13.116,5671
 4232,38440.301,12.356,5671
 4233,38454.199,13.896,5671
 4234,38467.117,12.920,5671
 4235,38480.461,13.342,5671
 4236,38494.102,13.642,5671
 4237,38505.754,11.652,5671
 4238,38518.617,12.862,5671
 4239,38530.059,11.443,5671
 4240,38541.750,11.689,5671
 4241,38554.078,12.328,5671
 4242,38565.379,11.303,5671
 4243,38577.488,12.109,5671
 4244,38589.602,12.113,5671
 4245,38601.098,11.498,5671
 4246,38612.977,11.876,5671
 4247,38625.578,12.602,5671
 4248,38637.066,11.488,5671
 4249,38648.773,11.707,5671
 4250,38661.055,12.281,5671
 4251,38672.828,11.775,5671
 4252,38684.648,11.819,5671
 4253,38696.984,12.336,5671
 4254,38708.641,11.658,5671
 4255,38720.406,11.763,5671
 4256,38732.699,12.294,5671
 4257,38745.758,13.060,5671
 4258,38759.363,13.604,5671
 4259,38772.938,13.577,5671
 4260,38785.613,12.675,5671
 4261,38797.855,12.239,5671
 4262,38809.980,12.127,5671
 4263,38822.727,12.746,5671
 4264,38835.855,13.128,5671
 4265,38848.852,12.993,5671
 4266,38861.523,12.674,5671
 4267,38873.730,12.210,5671
 4268,38885.258,11.528,5671
 4269,38897.676,12.412,5671
 4270,38909.398,11.726,5671
 4271,38921.828,12.431,5671
 4272,38935.023,13.194,5671
 4273,38947.473,12.450,5671
 4274,38959.742,12.270,5671
 4275,38973.051,13.306,5671
 4276,38986.109,13.061,5671
 4277,38998.273,12.166,5671
 4278,39010.977,12.704,5671
 4279,39023.602,12.622,5671
 4280,39036.848,13.245,5671
 4281,39048.832,11.989,5671
 4282,39061.676,12.837,5671
 4283,39073.832,12.162,5671
 4284,39087.109,13.276,5671
 4285,39099.969,12.858,5671
 4286,39112.754,12.784,5671
 4287,39123.949,11.196,5671
 4288,39135.867,11.918,5671
 4289,39149.203,13.333,5671
 4290,39162.094,12.894,5671
 4291,39174.371,12.274,5671
 4292,39187.242,12.876,5671
 4293,39199.617,12.376,5671
 4294,39211.105,11.485,5671
 4295,39223.031,11.925,5671
 4296,39235.109,12.079,5671
 4297,39247.539,12.430,5671
 4298,39259.691,12.152,5671
 4299,39271.875,12.184,5671
 4300,39283.844,11.968,5671
 4301,39296.895,13.051,5671
 4302,39308.348,11.454,5671
 4303,39319.906,11.560,5671
 4304,39331.906,12.000,5671
 4305,39344.465,12.559,5671
 4306,39356.422,11.954,5671
 4307,39368.609,12.191,5671
 4308,39382.121,13.509,5671
 4309,39394.563,12.439,5671
 4310,39407.492,12.935,5671
 4311,39420.059,12.562,5671
 4312,39432.027,11.971,5671
 4313,39444.023,11.993,5671
 4314,39455.516,11.494,5671
 4315,39467.164,11.651,5671
 4316,39478.586,11.420,5671
 4317,39491.160,12.578,5671
 4318,39502.957,11.795,5671
 4319,39514.871,11.910,5671
 4320,39526.961,12.092,5671
 4321,39539.930,12.971,5671
 4322,39554.457,14.524,5671
 4323,39566.969,12.513,5671
 4324,39579.363,12.391,5671
 4325,39592.723,13.364,5671
 4326,39604.480,11.758,5671
 4327,39619.016,14.533,5671
 4328,39631.195,12.180,5671
 4329,39642.859,11.661,5671
 4330,39654.918,12.062,5671
 4331,39666.906,11.986,5671
 4332,39678.691,11.784,5671
 4333,39690.820,12.135,5671
 4334,39702.641,11.817,5671
 4335,39714.609,11.972,5671
 4336,39728.938,14.328,5671
 4337,39741.656,12.719,5671
 4338,39755.102,13.444,5671
 4339,39767.965,12.863,5671
 4340,39780.258,12.290,5671
 4341,39792.738,12.480,5671
 4342,39805.414,12.679,5671
 4343,39817.945,12.532,5671
 4344,39830.020,12.070,5671
 4345,39842.875,12.855,5671
 4346,39855.781,12.909,5671
 4347,39868.887,13.106,5671
 4348,39881.035,12.145,5671
 4349,39894.961,13.931,5671
 4350,39907.219,12.255,5671
 4351,39918.645,11.427,5671
 4352,39931.016,12.370,5671
 4353,39945.125,14.110,5671
 4354,39960.242,15.115,5671
 4355,39973.516,13.274,5671
 4356,39986.668,13.157,5671
 4357,39999.316,12.646,5671
 4358,40011.934,12.617,5671
 4359,40024.734,12.799,5671
 4360,40036.914,12.181,5671
 4361,40049.648,12.735,5671
 4362,40061.711,12.062,5671
 4363,40073.715,12.002,5671
 4364,40085.953,12.241,5671
 4365,40097.406,11.453,5671
 4366,40109.859,12.453,5671
 4367,40122.629,12.769,5671
 4368,40134.801,12.172,5671
 4369,40147.555,12.751,5671
 4370,40159.977,12.428,5671
 4371,40172.188,12.205,5671
 4372,40183.953,11.767,5671
 4373,40195.777,11.825,5671
 4374,40207.992,12.217,5671
 4375,40219.684,11.686,5671
 4376,40231.770,12.088,5671
 4377,40243.664,11.897,5671
 4378,40255.762,12.095,5671
 4379,40268.121,12.362,5671
 4380,40280.027,11.904,5653
 4381,40287.676, 7.647,5653
 4382,40295.441, 7.769,5653
 4383,40303.375, 7.933,5653
 4384,40311.898, 8.522,5653
 4385,40318.859, 6.962,5653
 4386,40325.813, 6.955,5653
 4387,40332.738, 6.923,5653
 4388,40341.594, 8.855,5653
 4389,40352.449,10.860,5653
 4390,40364.305,11.854,5653
 4391,40374.391,10.084,5653
 4392,40385.328,10.941,5653
 4393,40394.590, 9.259,5653
 4394,40404.266, 9.678,5653
 4395,40412.152, 7.887,5653
 4396,40418.387, 6.233,5653
 4397,40425.371, 6.984,5653
 4398,40431.289, 5.919,5653
 4399,40437.684, 6.393,5653
 4400,40444.617, 6.933,5653
 4401,40452.742, 8.125,5653
 4402,40460.516, 7.773,5653
 4403,40468.047, 7.531,5653
 4404,40476.441, 8.397,5653
 4405,40483.840, 7.394,5653
 4406,40491.176, 7.337,5653
 4407,40499.895, 8.720,5653
 4408,40508.371, 8.475,5653
 4409,40516.262, 7.892,5653
 4410,40525.180, 8.918,5653
 4411,40534.273, 9.095,5653
 4412,40541.625, 7.350,5653
 4413,40549.938, 8.313,5653
 4414,40558.820, 8.884,5653
 4415,40574.680,15.857,5653
 4416,40586.465,11.789,5653
 4417,40600.047,13.579,5653
 4418,40614.766,14.720,5653
 4419,40622.441, 7.676,5653
 4420,40631.676, 9.233,5653
 4421,40640.152, 8.481,5653
 4422,40650.191,10.033,5653
 4423,40656.684, 6.495,5653
 4424,40664.258, 7.572,5653
 4425,40674.469,10.213,5653
 4426,40683.930, 9.463,5653
 4427,40691.891, 7.958,5653
 4428,40704.410,12.520,5653
 4429,40715.707,11.295,5653
 4430,40726.480,10.775,5653
 4431,40741.984,15.504,5653
 4432,40756.371,14.388,5653
 4433,40765.898, 9.526,5653
 4434,40778.055,12.156,5653
 4435,40787.793, 9.738,5653
 4436,40799.992,12.202,5653
 4437,40812.883,12.889,5653
 4438,40825.215,12.331,5653
 4439,40836.211,10.995,5653
 4440,40847.539,11.328,5653
 4441,40859.512,11.974,5653
 4442,40870.934,11.422,5653
 4443,40881.473,10.540,5653
 4444,40893.512,12.037,5653
 4445,40905.461,11.953,5653
 4446,40917.066,11.604,5653
 4447,40932.719,15.650,5653
 4448,40942.340, 9.620,5669
 4449,40952.387,10.047,5669
 4450,40962.938,10.556,5669
 4451,40973.355,10.415,5669
 4452,40981.570, 8.213,5669
 4453,40989.523, 7.952,5669
 4454,40996.109, 6.591,5669
 4455,41005.016, 8.902,5669
 4456,41015.449,10.439,5685
 4457,41026.766,11.313,5685
 4458,41037.938,11.174,5685
 4459,41048.266,10.326,5685
 4460,41058.609,10.344,5685
 4461,41068.742,10.134,5685
 4462,41084.172,15.428,5685
 4463,41094.805,10.634,5685
 4464,41106.492,11.688,5685
 4465,41119.164,12.674,5685
 4466,41132.523,13.354,5685
 4467,41146.387,13.863,5685
 4468,41158.516,12.130,5653
 4469,41167.402, 8.888,5653
 4470,41176.582, 9.181,5653
 4471,41185.293, 8.710,5653
 4472,41193.605, 8.314,5653
 4473,41202.070, 8.463,5653
 4474,41212.789,10.720,5653
 4475,41225.055,12.264,5653
 4476,41233.051, 7.996,5653
 4477,41248.539,15.487,5653
 4478,41256.031, 7.494,5653
 4479,41263.074, 7.045,5653
 4480,41270.664, 7.591,5653
 4481,41283.305,12.640,5653
 4482,41295.121,11.814,5653
 4483,41307.199,12.077,5653
 4484,41317.305,10.107,5653
 4485,41326.816, 9.515,5653
 4486,41334.875, 8.055,5653
 4487,41343.910, 9.035,5653
 4488,41352.332, 8.425,5653
 4489,41360.531, 8.193,5653
 4490,41369.121, 8.594,5685
 4491,41401.020,31.898,5685
 4492,41414.672,13.650,5685
 4493,41423.324, 8.657,5685
 4494,41432.129, 8.805,5685
 4495,41443.781,11.651,5685
 4496,41451.297, 7.515,5685
 4497,41460.387, 9.089,5685
 4498,41468.234, 7.845,5685
 4499,41475.480, 7.251,5685
 4500,41483.738, 8.257,5701
 4501,41493.227, 9.484,5701
 4502,41500.875, 7.650,5701
 4503,41508.969, 8.096,5701
 4504,41520.289,11.318,5701
 4505,41532.195,11.906,5701
 4506,41540.250, 8.054,5701
 4507,41548.473, 8.228,5701
 4508,41555.727, 7.250,5717
 4509,41564.520, 8.793,5717
 4510,41573.008, 8.488,5717
 4511,41586.637,13.632,5717
 4512,41598.234,11.594,5717
 4513,41607.688, 9.453,5717
 4514,41614.410, 6.725,5717
 4515,41622.547, 8.135,5717
 4516,41629.676, 7.130,5717
 4517,41636.633, 6.956,5717
 4518,41647.820,11.190,5717
 4519,41654.320, 6.500,5717
 4520,41665.258,10.934,5717
 4521,41673.297, 8.041,5717
 4522,41679.941, 6.644,5717
 4523,41687.586, 7.645,5717
 4524,41693.906, 6.320,5717
 4525,41700.672, 6.763,5717
 4526,41707.602, 6.933,5717
 4527,41715.086, 7.484,5717
 4528,41722.938, 7.851,5717
 4529,41731.262, 8.326,5717
 4530,41742.809,11.549,5717
 4531,41752.441, 9.631,5717
 4532,41759.816, 7.376,5717
 4533,41766.609, 6.791,5717
 4534,41780.977,14.369,5717
 4535,41789.363, 8.381,5717
 4536,41799.180, 9.820,5733
 4537,41810.895,11.714,5733
 4538,41825.809,14.915,5733
 4539,41839.684,13.874,5733
 4540,41851.977,12.295,5733
 4541,41863.863,11.885,5733
 4542,41874.723,10.859,5733
 4543,41883.195, 8.471,5733
 4544,41890.102, 6.909,5733
 4545,41899.730, 9.627,5733
 4546,41908.688, 8.956,5733
 4547,41918.004, 9.315,5733
 4548,41926.516, 8.513,5733
 4549,41936.664,10.153,5733
 4550,41947.844,11.174,5733
 4551,41958.219,10.376,5733
 4552,41969.590,11.374,5733
 4553,41978.914, 9.326,5733
 4554,41986.438, 7.522,5733
 4555,41993.496, 7.062,5733
 4556,42000.258, 6.760,5733
 4557,42006.348, 6.087,5733
 4558,42013.238, 6.891,5733
 4559,42020.117, 6.880,5733
 4560,42034.004,13.886,5733
 4561,42042.984, 8.984,5733
 4562,42053.746,10.757,5733
 4563,42062.242, 8.496,5733
 4564,42069.992, 7.754,5733
 4565,42078.402, 8.406,5733
 4566,42085.410, 7.008,5733
 4567,42092.992, 7.587,5733
 4568,42100.414, 7.417,5733
 4569,42108.203, 7.790,5733
 4570,42115.250, 7.049,5733
 4571,42123.379, 8.124,5733
 4572,42131.258, 7.883,5733
 4573,42140.555, 9.296,5733
 4574,42151.070,10.516,5733
 4575,42158.969, 7.899,5733
 4576,42167.199, 8.228,5733
 4577,42175.051, 7.854,5733
 4578,42182.781, 7.731,5733
 4579,42210.609,27.827,5733
 4580,42222.008,11.397,5733
 4581,42231.746, 9.738,5733
 4582,42240.184, 8.437,5733
 4583,42247.660, 7.480,5733
 4584,42254.246, 6.585,5733
 4585,42261.297, 7.053,5733
 4586,42268.215, 6.914,5733
 4587,42275.141, 6.928,5733
 4588,42281.703, 6.559,5733
 4589,42288.531, 6.828,5733
 4590,42296.504, 7.974,5733
 4591,42303.125, 6.623,5733
 4592,42308.695, 5.568,5733
 4593,42314.371, 5.678,5733
 4594,42319.973, 5.603,5733
 4595,42326.461, 6.488,5733
 4596,42332.984, 6.522,5733
 4597,42339.484, 6.502,5733
 4598,42346.016, 6.526,5733
 4599,42352.379, 6.364,5765
 4600,42358.598, 6.222,5765
 4601,42365.105, 6.508,5733
 4602,42370.715, 5.607,5733
 4603,42377.145, 6.431,5733
 4604,42383.742, 6.598,5733
 4605,42389.516, 5.770,5733
 4606,42396.004, 6.487,5733
 4607,42402.672, 6.669,5733
 4608,42409.777, 7.110,5733
 4609,42416.512, 6.730,5733
 4610,42424.117, 7.610,5733
 4611,42430.770, 6.652,5733
 4612,42438.563, 7.789,5733
 4613,42446.676, 8.116,5733
 4614,42453.738, 7.061,5733
 4615,42459.848, 6.109,5733
 4616,42466.516, 6.666,5733
 4617,42473.375, 6.863,5733
 4618,42481.039, 7.664,5733
 4619,42488.012, 6.969,5733
 4620,42494.203, 6.194,5733
 4621,42501.762, 7.560,5733
 4622,42509.191, 7.429,5733
 4623,42516.465, 7.273,5733
 4624,42522.859, 6.396,5733
 4625,42530.035, 7.174,5733
 4626,42536.922, 6.888,5733
 4627,42543.887, 6.963,5733
 4628,42551.078, 7.192,5733
 4629,42557.852, 6.774,5733
 4630,42563.457, 5.605,5733
 4631,42568.996, 5.541,5733
 4632,42575.258, 6.261,5733
 4633,42580.918, 5.661,5733
 4634,42588.027, 7.107,5733
 4635,42594.566, 6.540,5733
 4636,42600.160, 5.594,5733
 4637,42605.695, 5.533,5733
 4638,42611.957, 6.266,5733
 4639,42617.531, 5.571,5733
 4640,42624.059, 6.530,5733
 4641,42629.949, 5.891,5733
 4642,42638.270, 8.318,5733
 4643,42645.488, 7.221,5733
 4644,42652.547, 7.054,5733
 4645,42659.336, 6.791,5733
 4646,42664.863, 5.527,5733
 4647,42671.375, 6.512,5733
 4648,42678.203, 6.830,5733
 4649,42683.871, 5.666,5733
 4650,42690.063, 6.192,5733
 4651,42696.055, 5.993,5733
 4652,42703.098, 7.045,5733
 4653,42709.668, 6.565,5733
 4654,42716.344, 6.677,5733
 4655,42721.914, 5.573,5733
 4656,42728.441, 6.525,5733
 4657,42734.922, 6.481,5733
 4658,42740.723, 5.802,5733
 4659,42746.387, 5.662,5733
 4660,42752.242, 5.859,5733
 4661,42757.938, 5.693,5733
 4662,42763.563, 5.623,5733
 4663,42769.285, 5.726,5733
 4664,42775.816, 6.532,5733
 4665,42782.555, 6.735,5733
 4666,42788.109, 5.557,5733
 4667,42793.758, 5.649,5733
 4668,42799.703, 5.943,5733
 4669,42805.391, 5.687,5733
 4670,42810.957, 5.570,5733
 4671,42817.777, 6.818,5733
 4672,42823.445, 5.670,5733
 4673,42829.469, 6.022,5733
 4674,42835.008, 5.536,5733
 4675,42840.598, 5.593,5733
 4676,42846.066, 5.466,5733
 4677,42852.891, 6.828,5733
 4678,42858.336, 5.443,5733
 4679,42863.730, 5.395,5733
 4680,42870.105, 6.378,5733
 4681,42876.848, 6.737,5733
 4682,42883.328, 6.484,5733
 4683,42888.984, 5.657,5733
 4684,42896.465, 7.481,5733
 4685,42903.145, 6.677,5733
 4686,42910.074, 6.928,5733
 4687,42916.648, 6.579,5733
 4688,42923.684, 7.033,5733
 4689,42930.445, 6.762,5733
 4690,42936.836, 6.387,5733
 4691,42943.461, 6.628,5733
 4692,42949.172, 5.710,5733
 4693,42956.063, 6.890,5733
 4694,42962.082, 6.021,5733
 4695,42968.695, 6.613,5733
 4696,42975.402, 6.707,5733
 4697,42981.336, 5.933,5733
 4698,42987.418, 6.083,5733
 4699,42993.504, 6.085,5733
 4700,42999.250, 5.747,5733
 4701,43006.348, 7.094,5733
 4702,43014.082, 7.739,5733
 4703,43022.555, 8.471,5733
 4704,43031.684, 9.129,5733
 4705,43039.418, 7.737,5733
 4706,43047.707, 8.284,5733
 4707,43055.320, 7.620,5733
 4708,43062.078, 6.755,5733
 4709,43068.523, 6.443,5733
 4710,43075.816, 7.297,5733
 4711,43082.723, 6.905,5733
 4712,43090.020, 7.296,5733
 4713,43097.426, 7.405,5733
 4714,43105.016, 7.588,5733
 4715,43112.180, 7.164,5733
 4716,43119.727, 7.548,5733
 4717,43127.715, 7.988,5733
 4718,43135.746, 8.032,5733
 4719,43142.145, 6.402,5733
 4720,43149.926, 7.780,5733
 4721,43157.043, 7.113,5733
 4722,43163.449, 6.409,5733
 4723,43169.906, 6.456,5733
 4724,43176.668, 6.761,5733
 4725,43182.309, 5.643,5733
 4726,43188.688, 6.378,5733
 4727,43194.395, 5.705,5733
 4728,43200.078, 5.687,5733
 4729,43205.969, 5.890,5733
 4730,43211.961, 5.994,5733
 4731,43218.609, 6.648,5733
 4732,43225.617, 7.007,5733
 4733,43232.469, 6.852,5733
 4734,43238.199, 5.728,5733
 4735,43245.078, 6.880,5733
 4736,43251.152, 6.077,5733
 4737,43256.938, 5.785,5733
 4738,43263.402, 6.460,5733
 4739,43269.934, 6.533,5733
 4740,43275.438, 5.504,5733
 4741,43281.348, 5.911,5733
 4742,43287.000, 5.651,5733
 4743,43293.508, 6.509,5733
 4744,43299.156, 5.649,5733
 4745,43305.684, 6.527,5733
 4746,43312.270, 6.585,5733
 4747,43318.863, 6.593,5733
 4748,43325.387, 6.526,5733
 4749,43333.000, 7.610,5733
 4750,43339.727, 6.727,5733
 4751,43346.699, 6.971,5733
 4752,43353.281, 6.586,5733
 4753,43359.238, 5.956,5733
 4754,43364.957, 5.721,5733
 4755,43370.434, 5.473,5733
 4756,43376.016, 5.582,5733
 4757,43382.738, 6.722,5733
 4758,43389.180, 6.442,5733
 4759,43395.750, 6.571,5733
 4760,43402.516, 6.765,5733
 4761,43410.613, 8.099,5733
 4762,43417.102, 6.489,5733
 4763,43423.148, 6.048,5733
 4764,43429.000, 5.847,5733
 4765,43435.336, 6.338,5733
 4766,43441.215, 5.880,5733
 4767,43447.098, 5.883,5733
 4768,43452.957, 5.860,5733
 4769,43459.602, 6.643,5733
 4770,43466.422, 6.820,5733
 4771,43472.410, 5.987,5733
 4772,43478.305, 5.896,5733
 4773,43485.023, 6.718,5733
 4774,43491.023, 6.000,5733
 4775,43496.938, 5.917,5733
 4776,43503.891, 6.953,5733
 4777,43510.746, 6.854,5733
 4778,43517.457, 6.711,5733
 4779,43524.523, 7.065,5733
 4780,43531.156, 6.635,5733
 4781,43537.004, 5.843,5733
 4782,43543.313, 6.313,5733
 4783,43549.801, 6.487,5733
 4784,43555.801, 6.003,5733
 4785,43561.730, 5.928,5733
 4786,43568.480, 6.750,5733
 4787,43574.348, 5.863,5733
 4788,43581.000, 6.653,5733
 4789,43587.160, 6.167,5733
 4790,43594.445, 7.282,5733
 4791,43601.293, 6.849,5733
 4792,43608.219, 6.924,5733
 4793,43614.441, 6.225,5733
 4794,43621.070, 6.627,5733
 4795,43629.004, 7.930,5733
 4796,43635.445, 6.446,5733
 4797,43642.953, 7.508,5733
 4798,43650.723, 7.768,5733
 4799,43658.039, 7.316,5733
 4800,43664.551, 6.511,5733
 4801,43671.785, 7.238,5733
 4802,43678.844, 7.053,5733
 4803,43685.777, 6.939,5733
 4804,43692.641, 6.860,5733
 4805,43699.563, 6.923,5733
 4806,43705.676, 6.109,5733
 4807,43712.715, 7.041,5733
 4808,43718.871, 6.157,5733
 4809,43725.844, 6.971,5733
 4810,43733.137, 7.299,5733
 4811,43739.480, 6.343,5733
 4812,43746.766, 7.282,5733
 4813,43754.098, 7.335,5733
 4814,43760.684, 6.581,5733
 4815,43767.539, 6.856,5733
 4816,43773.449, 5.912,5733
 4817,43779.391, 5.941,5733
 4818,43785.910, 6.521,5733
 4819,43793.023, 7.111,5733
 4820,43799.305, 6.282,5733
 4821,43806.082, 6.779,5733
 4822,43812.820, 6.739,5733
 4823,43818.895, 6.073,5733
 4824,43824.719, 5.823,5733
 4825,43832.105, 7.388,5733
 4826,43839.180, 7.070,5733
 4827,43845.016, 5.837,5733
 4828,43851.742, 6.730,5733
 4829,43859.320, 7.580,5733
 4830,43865.199, 5.875,5733
 4831,43871.746, 6.547,5733
 4832,43877.523, 5.776,5733
 4833,43884.426, 6.907,5733
 4834,43891.188, 6.757,5733
 4835,43897.715, 6.529,5733
 4836,43904.324, 6.612,5733
 4837,43910.770, 6.445,5733
 4838,43917.512, 6.738,5733
 4839,43924.199, 6.689,5733
 4840,43930.805, 6.607,5733
 4841,43936.516, 5.709,5733
 4842,43943.203, 6.686,5733
 4843,43950.012, 6.810,5733
 4844,43955.859, 5.848,5733
 4845,43963.066, 7.209,5733
 4846,43968.863, 5.796,5733
 4847,43975.402, 6.541,5733
 4848,43981.121, 5.719,5733
 4849,43986.836, 5.713,5733
 4850,43993.344, 6.505,5733
 4851,43999.070, 5.728,5733
 4852,44005.660, 6.593,5733
 4853,44012.266, 6.605,5733
 4854,44018.738, 6.472,5733
 4855,44026.250, 7.510,5733
 4856,44032.785, 6.535,5733
 4857,44039.379, 6.593,5733
 4858,44046.016, 6.636,5733
 4859,44051.906, 5.892,5733
 4860,44058.500, 6.594,5733
 4861,44065.250, 6.750,5733
 4862,44072.160, 6.915,5733
 4863,44078.809, 6.644,5733
 4864,44085.508, 6.699,5733
 4865,44092.176, 6.666,5733
 4866,44098.961, 6.789,5733
 4867,44105.465, 6.505,5733
 4868,44111.344, 5.875,5733
 4869,44117.063, 5.719,5733
 4870,44123.613, 6.552,5733
 4871,44130.168, 6.554,5733
 4872,44136.152, 5.985,5733
 4873,44142.227, 6.075,5733
 4874,44148.156, 5.930,5733
 4875,44154.766, 6.610,5733
 4876,44161.059, 6.293,5733
 4877,44169.461, 8.403,5733
 4878,44178.633, 9.173,5733
 4879,44184.992, 6.360,5733
 4880,44192.352, 7.355,5733
 4881,44199.445, 7.095,5733
 4882,44206.605, 7.161,5733
 4883,44213.809, 7.203,5733
 4884,44221.207, 7.395,5733
 4885,44227.902, 6.698,5733
 4886,44235.547, 7.643,5733
 4887,44242.910, 7.364,5733
 4888,44250.367, 7.456,5733
 4889,44256.805, 6.441,5733
 4890,44264.332, 7.521,5733
 4891,44271.609, 7.282,5733
 4892,44278.859, 7.248,5733
 4893,44285.941, 7.085,5733
 4894,44292.883, 6.939,5733
 4895,44299.945, 7.062,5733
 4896,44307.215, 7.271,5733
 4897,44314.160, 6.949,5733
 4898,44320.500, 6.333,5733
 4899,44327.426, 6.928,5733
 4900,44333.387, 5.963,5733
 4901,44339.602, 6.213,5733
 4902,44346.281, 6.679,5733
 4903,44354.258, 7.977,5733
 4904,44361.688, 7.430,5733
 4905,44368.313, 6.626,5733
 4906,44374.801, 6.490,5733
 4907,44382.582, 7.778,5733
 4908,44390.363, 7.783,5733
 4909,44397.047, 6.683,5733
 4910,44403.293, 6.246,5733
 4911,44410.449, 7.157,5733
 4912,44416.887, 6.436,5733
 4913,44423.141, 6.257,5733
 4914,44430.430, 7.287,5733
 4915,44436.922, 6.491,5733
 4916,44443.289, 6.371,5733
 4917,44449.730, 6.439,5733
 4918,44456.961, 7.233,5733
 4919,44464.309, 7.346,5733
 4920,44471.809, 7.499,5733
 4921,44478.180, 6.369,5733
 4922,44485.180, 6.999,5733
 4923,44491.535, 6.356,5733
 4924,44497.480, 5.947,5733
 4925,44503.563, 6.083,5733
 4926,44509.699, 6.136,5733
 4927,44515.859, 6.158,5733
 4928,44522.582, 6.726,5733
 4929,44529.434, 6.849,5733
 4930,44535.313, 5.883,5733
 4931,44541.734, 6.418,5733
 4932,44548.137, 6.405,5733
 4933,44554.676, 6.537,5733
 4934,44561.742, 7.067,5733
 4935,44568.871, 7.129,5733
 4936,44575.754, 6.881,5733
 4937,44582.859, 7.108,5733
 4938,44588.598, 5.738,5733
 4939,44594.781, 6.185,5733
 4940,44601.520, 6.735,5733
 4941,44608.430, 6.911,5733
 4942,44615.426, 6.995,5733
 4943,44622.320, 6.897,5733
 4944,44628.320, 5.999,5733
 4945,44635.137, 6.816,5733
 4946,44641.227, 6.089,5733
 4947,44647.961, 6.736,5733
 4948,44654.637, 6.677,5733
 4949,44660.723, 6.085,5733
 4950,44666.563, 5.837,5733
 4951,44673.379, 6.818,5733
 4952,44679.289, 5.913,5733
 4953,44685.516, 6.224,5733
 4954,44692.023, 6.507,5733
 4955,44698.820, 6.801,5733
 4956,44704.852, 6.029,5733
 4957,44711.410, 6.558,5733
 4958,44717.570, 6.161,5733
 4959,44723.563, 5.992,5733
 4960,44730.227, 6.662,5733
 4961,44737.063, 6.837,5733
 4962,44743.758, 6.695,5733
 4963,44749.621, 5.866,5733
 4964,44755.570, 5.945,5733
 4965,44762.531, 6.961,5733
 4966,44768.609, 6.079,5733
 4967,44775.551, 6.943,5733
 4968,44782.344, 6.791,5733
 4969,44789.191, 6.848,5733
 4970,44796.313, 7.125,5733
 4971,44802.246, 5.932,5733
 4972,44809.426, 7.179,5733
 4973,44816.453, 7.027,5733
 4974,44822.320, 5.868,5733
 4975,44828.605, 6.284,5733
 4976,44834.445, 5.842,5733
 4977,44840.352, 5.903,5733
 4978,44847.063, 6.711,5733
 4979,44853.738, 6.677,5733
 4980,44859.547, 5.808,5733
 4981,44865.355, 5.807,5733
 4982,44871.219, 5.866,5733
 4983,44877.930, 6.712,5733
 4984,44883.633, 5.702,5733
 4985,44890.547, 6.913,5733
 4986,44896.563, 6.015,5733
 4987,44903.488, 6.927,5733
 4988,44910.586, 7.096,5733
 4989,44917.891, 7.305,5733
 4990,44924.418, 6.531,5733
 4991,44930.707, 6.284,5733
 4992,44937.297, 6.593,5733
 4993,44943.875, 6.578,5733
 4994,44952.598, 8.722,5733
 4995,44961.898, 9.302,5733
 4996,44969.531, 7.630,5733
 4997,44976.867, 7.336,5733
 4998,44983.199, 6.334,5733
 4999,44989.367, 6.167,5733
 5000,44996.270, 6.905,5733
 5001,45002.777, 6.505,5733
 5002,45010.066, 7.291,5733
 5003,45018.098, 8.030,5733
 5004,45024.988, 6.893,5733
 5005,45031.277, 6.289,5733
 5006,45038.754, 7.473,5733
 5007,45045.035, 6.284,5733
 5008,45051.617, 6.583,5733
 5009,45058.324, 6.708,5733
 5010,45065.676, 7.349,5733
 5011,45072.477, 6.803,5733
 5012,45080.008, 7.527,5733
 5013,45086.258, 6.251,5733
 5014,45093.004, 6.747,5733
 5015,45099.871, 6.865,5733
 5016,45106.422, 6.552,5733
 5017,45113.652, 7.232,5733
 5018,45121.117, 7.464,5733
 5019,45127.188, 6.070,5733
 5020,45134.711, 7.522,5733
 5021,45141.754, 7.047,5733
 5022,45148.352, 6.593,5733
 5023,45154.293, 5.946,5733
 5024,45161.191, 6.896,5733
 5025,45167.691, 6.498,5733
 5026,45173.621, 5.932,5733
 5027,45180.355, 6.735,5733
 5028,45185.953, 5.598,5733
 5029,45191.801, 5.846,5733
 5030,45197.922, 6.123,5733
 5031,45204.461, 6.540,5733
 5032,45211.598, 7.136,5733
 5033,45218.574, 6.974,5733
 5034,45225.141, 6.568,5733
 5035,45232.203, 7.063,5733
 5036,45238.305, 6.101,5733
 5037,45245.012, 6.703,5733
 5038,45250.773, 5.767,5733
 5039,45257.516, 6.740,5733
 5040,45263.652, 6.140,5733
 5041,45270.555, 6.899,5733
 5042,45276.566, 6.013,5733
 5043,45282.988, 6.424,5733
 5044,45290.262, 7.271,5733
 5045,45296.426, 6.165,5733
 5046,45303.809, 7.383,5733
 5047,45311.637, 7.827,5733
 5048,45318.805, 7.170,5733
 5049,45325.586, 6.780,5733
 5050,45333.418, 7.830,5733
 5051,45342.383, 8.965,5733
 5052,45349.355, 6.970,5733
 5053,45357.105, 7.756,5733
 5054,45363.734, 6.627,5733
 5055,45369.980, 6.247,5733
 5056,45377.152, 7.172,5733
 5057,45383.555, 6.400,5733
 5058,45391.211, 7.656,5733
 5059,45397.574, 6.364,5733
 5060,45404.539, 6.965,5733
 5061,45410.844, 6.304,5733
 5062,45417.590, 6.748,5733
 5063,45423.621, 6.031,5733
 5064,45429.594, 5.974,5733
 5065,45436.090, 6.496,5733
 5066,45442.801, 6.711,5733
 5067,45449.777, 6.977,5733
 5068,45456.039, 6.259,5733
 5069,45463.223, 7.182,5733
 5070,45469.371, 6.148,5733
 5071,45476.344, 6.974,5733
 5072,45482.516, 6.173,5733
 5073,45489.258, 6.742,5733
 5074,45496.719, 7.459,5733
 5075,45503.969, 7.253,5733
 5076,45510.293, 6.323,5733
 5077,45517.949, 7.658,5733
 5078,45524.195, 6.242,5733
 5079,45531.422, 7.230,5733
 5080,45538.633, 7.209,5733
 5081,45546.508, 7.872,5733
 5082,45553.148, 6.646,5733
 5083,45560.953, 7.802,5733
 5084,45568.301, 7.350,5733
 5085,45575.730, 7.426,5733
 5086,45582.305, 6.577,5733
 5087,45589.137, 6.832,5733
 5088,45596.348, 7.209,5733
 5089,45603.738, 7.392,5733
 5090,45611.316, 7.581,5733
 5091,45618.242, 6.921,5733
 5092,45625.531, 7.289,5733
 5093,45633.031, 7.500,5733
 5094,45640.324, 7.297,5733
 5095,45648.035, 7.707,5733
 5096,45655.902, 7.868,5733
 5097,45662.609, 6.709,5733
 5098,45669.363, 6.750,5733
 5099,45676.648, 7.292,5733
 5100,45683.332, 6.676,5733
 5101,45690.082, 6.754,5733
 5102,45696.117, 6.035,5733
 5103,45702.891, 6.773,5733
 5104,45708.801, 5.911,5733
 5105,45715.527, 6.724,5733
 5106,45722.289, 6.767,5733
 5107,45728.289, 5.997,5733
 5108,45735.914, 7.624,5733
 5109,45743.977, 8.067,5733
 5110,45750.988, 7.009,5733
 5111,45757.645, 6.657,5733
 5112,45764.617, 6.972,5733
 5113,45770.898, 6.279,5733
 5114,45777.051, 6.153,5733
 5115,45783.207, 6.155,5733
 5116,45789.980, 6.776,5733
 5117,45796.891, 6.911,5733
 5118,45803.168, 6.273,5733
 5119,45810.270, 7.106,5733
 5120,45817.219, 6.945,5733
 5121,45824.152, 6.938,5733
 5122,45831.031, 6.876,5733
 5123,45838.012, 6.978,5733
 5124,45844.020, 6.012,5733
 5125,45850.055, 6.033,5733
 5126,45856.188, 6.134,5733
 5127,45863.613, 7.426,5733
 5128,45869.742, 6.128,5733
 5129,45875.879, 6.136,5733
 5130,45882.762, 6.884,5733
 5131,45888.762, 6.003,5733
 5132,45894.770, 6.005,5733
 5133,45901.836, 7.063,5733
 5134,45908.922, 7.088,5733
 5135,45914.828, 5.906,5733
 5136,45921.027, 6.201,5733
 5137,45927.191, 6.163,5733
 5138,45933.996, 6.802,5733
 5139,45940.195, 6.202,5733
 5140,45946.488, 6.294,5733
 5141,45952.363, 5.874,5733
 5142,45958.629, 6.268,5733
 5143,45965.051, 6.420,5733
 5144,45972.164, 7.111,5733
 5145,45978.258, 6.096,5733
 5146,45985.207, 6.948,5733
 5147,45992.297, 7.092,5733
 5148,45999.070, 6.774,5733
 5149,46006.035, 6.962,5733
 5150,46012.527, 6.494,5733
 5151,46019.414, 6.886,5733
 5152,46026.762, 7.348,5733
 5153,46032.996, 6.234,5733
 5154,46039.055, 6.059,5733
 5155,46045.258, 6.204,5733
 5156,46051.387, 6.128,5733
 5157,46058.484, 7.099,5733
 5158,46065.633, 7.147,5733
 5159,46073.637, 8.005,5733
 5160,46079.906, 6.270,5733
 5161,46086.164, 6.253,5733
 5162,46093.418, 7.258,5733
 5163,46100.941, 7.525,5733
 5164,46107.148, 6.208,5733
 5165,46114.145, 6.997,5733
 5166,46122.289, 8.140,5733
 5167,46130.621, 8.334,5733
 5168,46137.781, 7.161,5733
 5169,46143.906, 6.124,5733
 5170,46151.289, 7.384,5733
 5171,46157.332, 6.037,5733
 5172,46163.652, 6.327,5733
 5173,46170.418, 6.762,5733
 5174,46177.074, 6.658,5733
 5175,46184.703, 7.627,5733
 5176,46191.988, 7.288,5733
 5177,46199.633, 7.643,5733
 5178,46205.727, 6.093,5733
 5179,46211.984, 6.261,5733
 5180,46218.020, 6.031,5733
 5181,46225.496, 7.476,5733
 5182,46231.637, 6.145,5733
 5183,46238.699, 7.061,5733
 5184,46245.113, 6.414,5733
 5185,46252.328, 7.212,5733
 5186,46259.941, 7.616,5733
 5187,46266.719, 6.776,5733
 5188,46273.734, 7.015,5733
 5189,46282.609, 8.876,5733
 5190,46290.957, 8.349,5733
 5191,46298.129, 7.171,5733
 5192,46304.715, 6.583,5733
 5193,46311.270, 6.558,5733
 5194,46317.777, 6.506,5733
 5195,46324.152, 6.379,5733
 5196,46331.457, 7.305,5733
 5197,46338.148, 6.691,5733
 5198,46345.414, 7.263,5733
 5199,46351.777, 6.363,5733
 5200,46358.582, 6.805,5733
 5201,46366.074, 7.492,5733
 5202,46372.430, 6.356,5733
 5203,46378.828, 6.397,5733
 5204,46385.410, 6.585,5733
 5205,46393.438, 8.025,5733
 5206,46401.145, 7.708,5733
 5207,46408.840, 7.692,5733
 5208,46416.754, 7.915,5733
 5209,46423.961, 7.210,5733
 5210,46430.379, 6.416,5733
 5211,46437.031, 6.653,5733
 5212,46444.234, 7.203,5733
 5213,46450.723, 6.488,5733
 5214,46457.211, 6.486,5733
 5215,46463.711, 6.503,5733
 5216,46470.949, 7.240,5733
 5217,46477.418, 6.466,5733
 5218,46483.977, 6.560,5733
 5219,46491.125, 7.148,5733
 5220,46498.906, 7.783,5733
 5221,46505.883, 6.976,5733
 5222,46513.418, 7.532,5733
 5223,46521.902, 8.487,5733
 5224,46529.688, 7.783,5733
 5225,46536.090, 6.404,5733
 5226,46543.270, 7.179,5733
 5227,46550.273, 7.006,5733
 5228,46556.625, 6.350,5733
 5229,46562.883, 6.258,5733
 5230,46569.250, 6.368,5733
 5231,46575.336, 6.083,5733
 5232,46582.512, 7.177,5733
 5233,46588.961, 6.453,5733
 5234,46595.742, 6.777,5733
 5235,46603.738, 7.999,5733
 5236,46611.043, 7.300,5733
 5237,46619.770, 8.730,5733
 5238,46627.148, 7.380,5733
 5239,46634.598, 7.447,5733
 5240,46642.160, 7.561,5733
 5241,46648.520, 6.361,5733
 5242,46655.746, 7.226,5733
 5243,46661.785, 6.041,5733
 5244,46668.867, 7.080,5733
 5245,46675.969, 7.104,5733
 5246,46682.891, 6.920,5733
 5247,46690.098, 7.207,5733
 5248,46696.891, 6.795,5733
 5249,46703.605, 6.715,5733
 5250,46710.145, 6.541,5733
 5251,46716.242, 6.095,5733
 5252,46722.359, 6.115,5733
 5253,46729.313, 6.958,5733
 5254,46736.387, 7.072,5733
 5255,46743.242, 6.853,5733
 5256,46749.316, 6.078,5733
 5257,46755.371, 6.053,5733
 5258,46762.320, 6.952,5733
 5259,46769.426, 7.101,5733
 5260,46775.809, 6.386,5733
 5261,46782.715, 6.901,5733
 5262,46789.586, 6.873,5733
 5263,46796.488, 6.905,5733
 5264,46802.898, 6.409,5733
 5265,46809.266, 6.365,5733
 5266,46816.758, 7.494,5733
 5267,46824.344, 7.584,5733
 5268,46830.633, 6.293,5733
 5269,46838.043, 7.407,5733
 5270,46845.180, 7.135,5733
 5271,46852.488, 7.314,5733
 5272,46859.730, 7.241,5733
 5273,46867.516, 7.783,5733
 5274,46874.930, 7.417,5733
 5275,46882.402, 7.469,5733
 5276,46889.574, 7.174,5733
 5277,46898.152, 8.578,5733
 5278,46906.184, 8.030,5733
 5279,46914.871, 8.686,5733
 5280,46923.344, 8.474,5733
 5281,46930.363, 7.019,5733
 5282,46938.051, 7.687,5733
 5283,46944.867, 6.815,5733
 5284,46951.746, 6.881,5733
 5285,46959.844, 8.096,5733
 5286,46967.074, 7.231,5733
 5287,46975.305, 8.234,5733
 5288,46982.059, 6.754,5733
 5289,46989.977, 7.916,5733
 5290,46997.180, 7.200,5733
 5291,47004.137, 6.963,5733
 5292,47011.195, 7.054,5733
 5293,47019.344, 8.148,5733
 5294,47026.289, 6.948,5733
 5295,47033.508, 7.216,5733
 5296,47040.688, 7.181,5733
 5297,47046.965, 6.280,5733
 5298,47054.023, 7.057,5733
 5299,47060.809, 6.788,5733
 5300,47066.879, 6.067,5733
 5301,47073.168, 6.287,5733
 5302,47079.574, 6.409,5733
 5303,47085.727, 6.153,5733
 5304,47091.813, 6.088,5733
 5305,47098.707, 6.890,5733
 5306,47105.035, 6.328,5733
 5307,47112.145, 7.111,5733
 5308,47120.297, 8.156,5733
 5309,47127.941, 7.642,5733
 5310,47134.648, 6.710,5733
 5311,47142.309, 7.658,5733
 5312,47148.719, 6.407,5733
 5313,47155.164, 6.444,5733
 5314,47161.402, 6.240,5733
 5315,47168.680, 7.276,5733
 5316,47175.875, 7.197,5733
 5317,47182.922, 7.050,5733
 5318,47189.785, 6.862,5733
 5319,47196.641, 6.855,5733
 5320,47203.559, 6.916,5733
 5321,47209.781, 6.226,5733
 5322,47217.020, 7.234,5733
 5323,47224.219, 7.200,5733
 5324,47230.594, 6.377,5733
 5325,47238.004, 7.409,5733
 5326,47244.109, 6.106,5733
 5327,47250.516, 6.404,5733
 5328,47256.684, 6.169,5733
 5329,47262.965, 6.283,5733
 5330,47269.910, 6.945,5733
 5331,47277.098, 7.190,5733
 5332,47284.723, 7.624,5733
 5333,47292.813, 8.089,5733
 5334,47299.598, 6.784,5733
 5335,47306.086, 6.488,5733
 5336,47312.836, 6.748,5733
 5337,47320.133, 7.301,5733
 5338,47326.598, 6.463,5733
 5339,47332.707, 6.110,5733
 5340,47340.004, 7.295,5733
 5341,47346.250, 6.250,5733
 5342,47353.367, 7.115,5733
 5343,47359.883, 6.516,5733
 5344,47366.219, 6.337,5733
 5345,47373.875, 7.654,5733
 5346,47381.227, 7.351,5733
 5347,47388.438, 7.213,5733
 5348,47394.453, 6.016,5733
 5349,47400.605, 6.153,5733
 5350,47406.785, 6.178,5733
 5351,47413.086, 6.301,5733
 5352,47419.320, 6.235,5733
 5353,47426.547, 7.224,5733
 5354,47432.914, 6.371,5733
 5355,47439.930, 7.016,5733
 5356,47446.965, 7.033,5733
 5357,47454.289, 7.324,5733
 5358,47460.758, 6.470,5733
 5359,47467.379, 6.619,5733
 5360,47474.660, 7.282,5733
 5361,47482.305, 7.647,5733
 5362,47489.023, 6.715,5733
 5363,47495.543, 6.520,5733
 5364,47502.180, 6.636,5733
 5365,47509.406, 7.229,5733
 5366,47516.852, 7.443,5733
 5367,47525.355, 8.506,5733
 5368,47532.449, 7.093,5733
 5369,47540.414, 7.965,5733
 5370,47549.414, 9.001,5733
 5371,47558.551, 9.135,5733
 5372,47568.176, 9.625,5733
 5373,47576.074, 7.897,5733
 5374,47583.754, 7.683,5733
 5375,47591.875, 8.120,5733
 5376,47598.828, 6.950,5733
 5377,47606.906, 8.083,5733
 5378,47614.727, 7.818,5733
 5379,47621.797, 7.073,5733
 5380,47629.195, 7.397,5733
 5381,47636.457, 7.261,5733
 5382,47644.133, 7.676,5733
 5383,47652.473, 8.342,5733
 5384,47659.613, 7.138,5733
 5385,47666.594, 6.979,5733
 5386,47675.008, 8.415,5733
 5387,47683.867, 8.860,5733
 5388,47691.082, 7.214,5733
 5389,47698.121, 7.043,5733
 5390,47705.230, 7.105,5733
 5391,47711.496, 6.266,5733
 5392,47717.754, 6.261,5733
 5393,47724.016, 6.259,5733
 5394,47731.250, 7.233,5733
 5395,47738.402, 7.154,5733
 5396,47744.801, 6.401,5733
 5397,47751.395, 6.589,5733
 5398,47758.836, 7.444,5733
 5399,47765.355, 6.517,5733
 5400,47771.938, 6.583,5733
 5401,47779.457, 7.520,5733
 5402,47786.566, 7.110,5733
 5403,47793.586, 7.020,5733
 5404,47802.262, 8.676,5733
 5405,47808.996, 6.730,5733
 5406,47816.035, 7.042,5733
 5407,47822.391, 6.356,5733
 5408,47829.250, 6.860,5733
 5409,47835.520, 6.267,5733
 5410,47841.637, 6.122,5733
 5411,47847.746, 6.109,5733
 5412,47853.922, 6.174,5733
 5413,47860.047, 6.123,5733
 5414,47866.262, 6.216,5733
 5415,47873.926, 7.665,5733
 5416,47880.270, 6.345,5733
 5417,47887.348, 7.075,5733
 5418,47893.625, 6.282,5733
 5419,47900.770, 7.141,5733
 5420,47907.730, 6.963,5733
 5421,47914.859, 7.128,5733
 5422,47921.086, 6.225,5733
 5423,47928.039, 6.954,5733
 5424,47934.816, 6.778,5733
 5425,47941.625, 6.810,5733
 5426,47948.441, 6.817,5733
 5427,47955.641, 7.200,5733
 5428,47961.852, 6.207,5733
 5429,47968.824, 6.972,5733
 5430,47975.285, 6.462,5733
 5431,47982.754, 7.467,5733
 5432,47989.723, 6.972,5733
 5433,47995.957, 6.235,5733
 5434,48003.305, 7.348,5733
 5435,48009.414, 6.106,5733
 5436,48015.625, 6.215,5733
 5437,48021.855, 6.227,5733
 5438,48028.023, 6.168,5733
 5439,48034.445, 6.424,5733
 5440,48041.750, 7.302,5733
 5441,48048.836, 7.086,5733
 5442,48056.145, 7.310,5733
 5443,48063.594, 7.450,5733
 5444,48071.957, 8.364,5733
 5445,48079.324, 7.363,5733
 5446,48086.773, 7.453,5733
 5447,48093.066, 6.293,5733
 5448,48100.121, 7.056,5733
 5449,48107.449, 7.325,5733
 5450,48114.699, 7.249,5733
 5451,48120.938, 6.241,5733
 5452,48127.141, 6.202,5733
 5453,48134.594, 7.454,5733
 5454,48140.855, 6.259,5733
 5455,48147.027, 6.174,5733
 5456,48154.652, 7.626,5733
 5457,48162.047, 7.392,5733
 5458,48168.563, 6.518,5733
 5459,48175.105, 6.543,5733
 5460,48182.387, 7.277,5733
 5461,48188.695, 6.309,5733
 5462,48195.977, 7.285,5733
 5463,48202.340, 6.360,5733
 5464,48209.797, 7.459,5733
 5465,48217.379, 7.583,5733
 5466,48224.758, 7.377,5733
 5467,48233.039, 8.280,5733
 5468,48240.152, 7.117,5733
 5469,48247.457, 7.304,5733
 5470,48255.387, 7.927,5733
 5471,48262.887, 7.501,5733
 5472,48270.395, 7.506,5733
 5473,48277.328, 6.935,5733
 5474,48284.000, 6.672,5733
 5475,48290.828, 6.825,5733
 5476,48298.281, 7.456,5733
 5477,48305.719, 7.439,5733
 5478,48313.078, 7.360,5733
 5479,48320.730, 7.650,5733
 5480,48328.043, 7.313,5733
 5481,48335.648, 7.606,5733
 5482,48342.844, 7.192,5733
 5483,48350.773, 7.933,5733
 5484,48358.648, 7.878,5733
 5485,48366.426, 7.773,5733
 5486,48373.508, 7.081,5733
 5487,48379.953, 6.447,5733
 5488,48386.898, 6.944,5733
 5489,48392.945, 6.051,5733
 5490,48400.410, 7.462,5733
 5491,48407.168, 6.757,5733
 5492,48413.957, 6.793,5733
 5493,48420.156, 6.193,5733
 5494,48427.227, 7.074,5733
 5495,48433.852, 6.626,5733
 5496,48439.898, 6.044,5733
 5497,48446.098, 6.203,5733
 5498,48453.500, 7.397,5733
 5499,48461.344, 7.847,5733
 5500,48470.996, 9.650,5733
 5501,48479.012, 8.016,5733
 5502,48486.723, 7.713,5733
 5503,48495.027, 8.304,5733
 5504,48502.207, 7.179,5733
 5505,48509.543, 7.338,5733
 5506,48516.363, 6.820,5733
 5507,48523.449, 7.089,5733
 5508,48530.461, 7.011,5733
 5509,48537.551, 7.087,5733
 5510,48543.633, 6.085,5733
 5511,48550.617, 6.983,5733
 5512,48556.727, 6.109,5733
 5513,48563.070, 6.343,5733
 5514,48569.547, 6.476,5733
 5515,48576.730, 7.185,5733
 5516,48583.090, 6.361,5733
 5517,48590.461, 7.371,5733
 5518,48596.965, 6.504,5733
 5519,48604.043, 7.076,5733
 5520,48611.332, 7.286,5733
 5521,48618.945, 7.619,5733
 5522,48625.730, 6.783,5733
 5523,48633.531, 7.801,5733
 5524,48640.234, 6.701,5733
 5525,48647.188, 6.951,5733
 5526,48654.258, 7.072,5733
 5527,48661.441, 7.187,5733
 5528,48668.352, 6.907,5733
 5529,48674.828, 6.476,5733
 5530,48681.875, 7.048,5733
 5531,48689.168, 7.292,5733
 5532,48696.457, 7.293,5733
 5533,48704.043, 7.585,5733
 5534,48711.605, 7.563,5733
 5535,48719.051, 7.445,5733
 5536,48725.785, 6.732,5733
 5537,48732.375, 6.590,5733
 5538,48739.563, 7.187,5733
 5539,48747.355, 7.791,5733
 5540,48753.969, 6.616,5733
 5541,48761.566, 7.598,5733
 5542,48769.465, 7.898,5733
 5543,48776.832, 7.366,5733
 5544,48783.914, 7.082,5733
 5545,48791.324, 7.409,5733
 5546,48798.133, 6.812,5733
 5547,48806.578, 8.444,5733
 5548,48812.766, 6.190,5733
 5549,48820.262, 7.495,5733
 5550,48827.055, 6.792,5733
 5551,48834.684, 7.627,5733
 5552,48842.410, 7.731,5733
 5553,48851.543, 9.131,5733
 5554,48858.895, 7.351,5733
 5555,48866.051, 7.155,5733
 5556,48873.848, 7.796,5733
 5557,48880.703, 6.856,5733
 5558,48888.785, 8.086,5733
 5559,48895.953, 7.166,5733
 5560,48902.781, 6.828,5733
 5561,48910.730, 7.950,5733
 5562,48918.648, 7.920,5733
 5563,48926.098, 7.448,5733
 5564,48933.930, 7.833,5733
 5565,48940.867, 6.935,5733
 5566,48948.441, 7.575,5733
 5567,48956.367, 7.925,5733
 5568,48964.078, 7.710,5733
 5569,48971.523, 7.446,5733
 5570,48978.586, 7.062,5733
 5571,48984.633, 6.051,5733
 5572,48990.883, 6.248,5733
 5573,48996.906, 6.020,5733
 5574,49004.109, 7.206,5733
 5575,49011.457, 7.348,5733
 5576,49017.941, 6.484,5733
 5577,49024.941, 7.001,5733
 5578,49031.969, 7.025,5733
 5579,49039.805, 7.838,5733
 5580,49046.848, 7.039,5733
 5581,49053.004, 6.158,5733
 5582,49060.156, 7.152,5733
 5583,49066.297, 6.145,5733
 5584,49073.258, 6.957,5733
 5585,49080.227, 6.968,5733
 5586,49087.313, 7.090,5733
 5587,49094.410, 7.094,5733
 5588,49101.402, 6.995,5733
 5589,49107.637, 6.234,5733
 5590,49114.563, 6.922,5733
 5591,49120.762, 6.201,5733
 5592,49127.961, 7.201,5733
 5593,49134.684, 6.719,5733
 5594,49141.906, 7.226,5733
 5595,49148.824, 6.914,5733
 5596,49155.801, 6.983,5733
 5597,49163.379, 7.575,5733
 5598,49170.547, 7.166,5733
 5599,49177.555, 7.010,5733
 5600,49184.848, 7.292,5733
 5601,49190.945, 6.098,5733
 5602,49197.277, 6.334,5733
 5603,49204.113, 6.836,5733
 5604,49211.266, 7.149,5733
 5605,49218.289, 7.024,5733
 5606,49224.402, 6.116,5733
 5607,49230.676, 6.272,5733
 5608,49238.586, 7.908,5733
 5609,49246.199, 7.614,5733
 5610,49254.301, 8.104,5733
 5611,49261.375, 7.072,5733
 5612,49267.953, 6.579,5733
 5613,49275.137, 7.185,5733
 5614,49282.047, 6.907,5733
 5615,49288.566, 6.520,5733
 5616,49294.969, 6.407,5733
 5617,49302.066, 7.095,5733
 5618,49309.086, 7.019,5733
 5619,49315.957, 6.872,5733
 5620,49323.121, 7.163,5733
 5621,49330.309, 7.190,5733
 5622,49337.723, 7.411,5733
 5623,49344.750, 7.028,5733
 5624,49351.828, 7.075,5733
 5625,49358.719, 6.894,5733
 5626,49366.043, 7.325,5733
 5627,49373.203, 7.158,5733
 5628,49379.742, 6.539,5733
 5629,49386.574, 6.834,5733
 5630,49393.645, 7.071,5733
 5631,49400.473, 6.830,5733
 5632,49407.566, 7.090,5733
 5633,49414.871, 7.303,5733
 5634,49421.348, 6.477,5733
 5635,49428.523, 7.176,5733
 5636,49435.859, 7.336,5733
 5637,49443.973, 8.117,5733
 5638,49451.664, 7.687,5733
 5639,49459.875, 8.211,5733
 5640,49467.379, 7.503,5733
 5641,49474.305, 6.931,5733
 5642,49481.762, 7.456,5733
 5643,49489.051, 7.289,5733
 5644,49496.027, 6.972,5733
 5645,49502.785, 6.763,5733
 5646,49509.691, 6.902,5733
 5647,49516.340, 6.647,5733
 5648,49523.668, 7.331,5733
 5649,49530.156, 6.488,5733
 5650,49536.691, 6.534,5733
 5651,49543.445, 6.757,5733
 5652,49550.746, 7.298,5733
 5653,49558.402, 7.659,5733
 5654,49566.141, 7.740,5733
 5655,49573.426, 7.284,5733
 5656,49581.434, 8.007,5733
 5657,49587.680, 6.244,5733
 5658,49594.617, 6.942,5733
 5659,49601.895, 7.273,5733
 5660,49609.328, 7.433,5733
 5661,49616.719, 7.391,5733
 5662,49624.043, 7.327,5733
 5663,49631.438, 7.393,5733
 5664,49639.387, 7.950,5733
 5665,49646.734, 7.347,5733
 5666,49652.992, 6.256,5733
 5667,49660.621, 7.633,5733
 5668,49667.855, 7.232,5733
 5669,49675.566, 7.711,5733
 5670,49682.328, 6.761,5733
 5671,49688.941, 6.616,5733
 5672,49695.207, 6.263,5733
 5673,49702.637, 7.433,5733
 5674,49709.863, 7.224,5733
 5675,49716.113, 6.249,5733
 5676,49722.668, 6.555,5733
 5677,49729.930, 7.261,5733
 5678,49737.031, 7.103,5733
 5679,49743.289, 6.260,5733
 5680,49750.664, 7.372,5733
 5681,49758.457, 7.795,5733
 5682,49765.301, 6.845,5733
 5683,49771.500, 6.193,5733
 5684,49777.785, 6.291,5733
 5685,49784.578, 6.791,5733
 5686,49791.617, 7.042,5733
 5687,49797.941, 6.322,5733
 5688,49805.082, 7.138,5733
 5689,49812.258, 7.177,5733
 5690,49819.098, 6.841,5733
 5691,49826.223, 7.124,5733
 5692,49833.273, 7.053,5733
 5693,49840.555, 7.279,5733
 5694,49847.914, 7.359,5733
 5695,49855.289, 7.375,5733
 5696,49862.645, 7.357,5733
 5697,49869.309, 6.665,5733
 5698,49876.480, 7.174,5733
 5699,49884.012, 7.526,5733
 5700,49892.941, 8.933,5733
 5701,49899.680, 6.734,5733
 5702,49907.125, 7.448,5733
 5703,49914.246, 7.122,5733
 5704,49922.777, 8.533,5733
 5705,49928.945, 6.166,5733
 5706,49936.281, 7.336,5733
 5707,49942.969, 6.688,5733
 5708,49949.258, 6.290,5733
 5709,49955.766, 6.506,5733
 5710,49962.797, 7.032,5733
 5711,49969.773, 6.976,5733
 5712,49976.586, 6.814,5733
 5713,49983.570, 6.980,5733
 5714,49990.949, 7.382,5733
 5715,49998.820, 7.866,5733
 5716,50005.668, 6.852,5733
 5717,50013.172, 7.502,5733
 5718,50021.074, 7.903,5733
 5719,50028.180, 7.104,5733
 5720,50035.875, 7.698,5733
 5721,50042.082, 6.208,5733
 5722,50048.988, 6.902,5733
 5723,50056.047, 7.061,5733
 5724,50063.023, 6.977,5733
 5725,50070.047, 7.024,5733
 5726,50077.176, 7.127,5733
 5727,50083.973, 6.800,5733
 5728,50091.172, 7.198,5733
 5729,50098.242, 7.069,5733
 5730,50106.418, 8.177,5733
 5731,50113.555, 7.135,5733
 5732,50119.793, 6.240,5733
 5733,50126.867, 7.075,5733
 5734,50133.355, 6.484,5733
 5735,50139.766, 6.414,5733
 5736,50145.977, 6.213,5733
 5737,50153.840, 7.858,5733
 5738,50160.504, 6.665,5733
 5739,50167.227, 6.726,5733
 5740,50173.875, 6.647,5733
 5741,50180.512, 6.635,5733
 5742,50188.270, 7.761,5733
 5743,50195.891, 7.619,5733
 5744,50203.602, 7.711,5733
 5745,50210.953, 7.351,5733
 5746,50217.977, 7.027,5733
 5747,50226.887, 8.906,5733
 5748,50234.684, 7.797,5733
 5749,50242.445, 7.763,5733
 5750,50249.219, 6.771,5733
 5751,50256.789, 7.573,5733
 5752,50264.527, 7.738,5733
 5753,50270.879, 6.350,5733
 5754,50278.574, 7.696,5733
 5755,50286.379, 7.806,5733
 5756,50293.828, 7.446,5733
 5757,50301.766, 7.940,5733
 5758,50310.004, 8.239,5733
 5759,50317.230, 7.225,5733
 5760,50324.180, 6.951,5733
 5761,50331.301, 7.123,5733
 5762,50337.906, 6.602,5733
 5763,50345.074, 7.167,5733
 5764,50351.164, 6.088,5733
 5765,50357.563, 6.404,5733
 5766,50364.539, 6.973,5733
 5767,50371.715, 7.176,5733
 5768,50378.719, 7.005,5733
 5769,50384.945, 6.226,5733
 5770,50392.012, 7.068,5733
 5771,50399.000, 6.986,5733
 5772,50406.828, 7.826,5733
 5773,50414.238, 7.413,5733
 5774,50422.375, 8.137,5733
 5775,50429.945, 7.570,5733
 5776,50436.980, 7.038,5733
 5777,50443.461, 6.480,5733
 5778,50449.586, 6.126,5733
 5779,50457.734, 8.145,5733
 5780,50463.996, 6.259,5733
 5781,50471.027, 7.032,5733
 5782,50478.059, 7.033,5733
 5783,50485.129, 7.071,5733
 5784,50491.523, 6.394,5733
 5785,50498.168, 6.643,5733
 5786,50504.723, 6.559,5733
 5787,50511.945, 7.221,5733
 5788,50518.172, 6.224,5733
 5789,50524.578, 6.410,5733
 5790,50531.219, 6.641,5733
 5791,50538.215, 6.993,5733
 5792,50545.207, 6.993,5733
 5793,50552.168, 6.961,5733
 5794,50559.340, 7.170,5733
 5795,50566.242, 6.907,5733
 5796,50573.219, 6.973,5733
 5797,50580.332, 7.111,5733
 5798,50586.723, 6.396,5733
 5799,50592.801, 6.079,5733
 5800,50599.746, 6.942,5733
 5801,50606.949, 7.206,5733
 5802,50613.898, 6.948,5733
 5803,50621.066, 7.168,5733
 5804,50628.410, 7.344,5733
 5805,50635.250, 6.839,5733
 5806,50641.668, 6.415,5733
 5807,50648.004, 6.337,5733
 5808,50654.277, 6.275,5733
 5809,50660.660, 6.379,5733
 5810,50666.852, 6.196,5733
 5811,50672.961, 6.108,5733
 5812,50679.145, 6.184,5733
 5813,50686.105, 6.963,5733
 5814,50693.020, 6.911,5733
 5815,50699.980, 6.965,5733
 5816,50706.805, 6.824,5733
 5817,50713.766, 6.958,5733
 5818,50720.004, 6.239,5733
 5819,50727.313, 7.308,5733
 5820,50733.934, 6.622,5733
 5821,50741.297, 7.365,5733
 5822,50748.719, 7.420,5733
 5823,50755.387, 6.665,5733
 5824,50762.098, 6.715,5733
 5825,50769.227, 7.125,5733
 5826,50776.145, 6.921,5733
 5827,50783.996, 7.849,5733
 5828,50791.492, 7.497,5733
 5829,50799.746, 8.257,5733
 5830,50807.770, 8.022,5733
 5831,50815.641, 7.871,5733
 5832,50823.441, 7.800,5733
 5833,50831.277, 7.836,5733
 5834,50838.145, 6.868,5733
 5835,50847.430, 9.286,5733
 5836,50855.102, 7.672,5733
 5837,50863.426, 8.325,5733
 5838,50870.145, 6.719,5733
 5839,50876.754, 6.606,5733
 5840,50884.414, 7.662,5733
 5841,50893.215, 8.799,5733
 5842,50900.488, 7.271,5733
 5843,50908.395, 7.908,5733
 5844,50916.125, 7.734,5733
 5845,50922.516, 6.389,5733
 5846,50928.863, 6.347,5733
 5847,50935.500, 6.635,5733
 5848,50942.973, 7.477,5733
 5849,50950.652, 7.673,5733
 5850,50957.668, 7.016,5733
 5851,50965.102, 7.437,5733
 5852,50972.586, 7.485,5733
 5853,50979.035, 6.447,5733
 5854,50985.340, 6.307,5733
 5855,50992.777, 7.436,5733
 5856,51000.027, 7.251,5733
 5857,51007.855, 7.826,5733
 5858,51015.457, 7.604,5733
 5859,51023.281, 7.826,5733
 5860,51029.863, 6.578,5733
 5861,51037.266, 7.404,5733
 5862,51045.078, 7.813,5733
 5863,51052.785, 7.706,5733
 5864,51060.250, 7.464,5733
 5865,51067.559, 7.309,5733
 5866,51073.910, 6.352,5733
 5867,51081.324, 7.413,5733
 5868,51087.305, 5.982,5733
 5869,51093.945, 6.641,5733
 5870,51101.180, 7.234,5733
 5871,51108.441, 7.262,5733
 5872,51116.129, 7.687,5733
 5873,51123.668, 7.537,5733
 5874,51130.750, 7.084,5733
 5875,51137.211, 6.460,5733
 5876,51143.500, 6.290,5733
 5877,51150.121, 6.622,5733
 5878,51157.223, 7.101,5733
 5879,51164.762, 7.542,5733
 5880,51172.004, 7.236,5733
 5881,51179.133, 7.133,5733
 5882,51186.508, 7.375,5733
 5883,51194.988, 8.480,5733
 5884,51202.711, 7.721,5733
 5885,51210.113, 7.404,5733
 5886,51217.227, 7.111,5733
 5887,51224.594, 7.368,5733
 5888,51232.508, 7.916,5733
 5889,51239.594, 7.088,5733
 5890,51246.051, 6.455,5733
 5891,51254.605, 8.556,5733
 5892,51262.074, 7.465,5733
 5893,51269.520, 7.446,5733
 5894,51276.676, 7.158,5733
 5895,51284.578, 7.900,5733
 5896,51291.086, 6.511,5733
 5897,51298.656, 7.566,5733
 5898,51305.844, 7.187,5733
 5899,51312.910, 7.071,5733
 5900,51319.293, 6.384,5733
 5901,51326.344, 7.048,5733
 5902,51332.773, 6.430,5733
 5903,51339.145, 6.374,5733
 5904,51346.191, 7.042,5733
 5905,51353.547, 7.358,5733
 5906,51361.176, 7.627,5733
 5907,51368.781, 7.607,5733
 5908,51376.945, 8.166,5733
 5909,51383.449, 6.504,5733
 5910,51390.102, 6.651,5733
 5911,51397.828, 7.722,5733
 5912,51404.395, 6.569,5733
 5913,51411.273, 6.881,5733
 5914,51418.180, 6.904,5733
 5915,51425.234, 7.055,5733
 5916,51432.676, 7.439,5733
 5917,51439.258, 6.588,5733
 5918,51446.633, 7.375,5733
 5919,51454.332, 7.695,5733
 5920,51461.305, 6.977,5733
 5921,51468.801, 7.497,5733
 5922,51475.598, 6.793,5733
 5923,51483.594, 7.996,5733
 5924,51491.055, 7.462,5733
 5925,51498.738, 7.683,5733
 5926,51506.625, 7.886,5733
 5927,51514.449, 7.824,5733
 5928,51521.105, 6.658,5733
 5929,51527.992, 6.883,5733
 5930,51536.402, 8.412,5733
 5931,51542.668, 6.267,5733
 5932,51549.473, 6.804,5733
 5933,51555.855, 6.381,5733
 5934,51561.961, 6.107,5733
 5935,51568.254, 6.293,5733
 5936,51575.938, 7.686,5733
 5937,51584.012, 8.070,5733
 5938,51592.281, 8.271,5733
 5939,51599.547, 7.265,5733
 5940,51605.895, 6.348,5733
 5941,51612.203, 6.308,5733
 5942,51619.336, 7.134,5733
 5943,51625.555, 6.219,5733
 5944,51631.645, 6.091,5733
 5945,51638.105, 6.459,5733
 5946,51645.395, 7.291,5733
 5947,51651.730, 6.334,5733
 5948,51657.949, 6.221,5733
 5949,51664.973, 7.023,5733
 5950,51672.547, 7.575,5733
 5951,51679.258, 6.712,5733
 5952,51686.355, 7.093,5733
 5953,51695.461, 9.109,5733
 5954,51702.914, 7.453,5733
 5955,51710.254, 7.340,5733
 5956,51717.297, 7.041,5733
 5957,51724.465, 7.169,5733
 5958,51730.785, 6.322,5733
 5959,51737.727, 6.940,5733
 5960,51744.668, 6.939,5733
 5961,51751.723, 7.055,5733
 5962,51758.848, 7.126,5733
 5963,51766.105, 7.258,5733
 5964,51772.258, 6.155,5733
 5965,51778.586, 6.328,5733
 5966,51785.738, 7.148,5733
 5967,51791.898, 6.160,5733
 5968,51798.691, 6.795,5733
 5969,51805.895, 7.203,5733
 5970,51813.387, 7.491,5733
 5971,51819.492, 6.105,5733
 5972,51826.566, 7.075,5733
 5973,51832.809, 6.246,5733
 5974,51839.043, 6.232,5733
 5975,51846.191, 7.148,5733
 5976,51853.438, 7.248,5733
 5977,51859.695, 6.256,5733
 5978,51866.777, 7.081,5733
 5979,51873.250, 6.472,5733
 5980,51880.199, 6.949,5733
 5981,51887.254, 7.056,5733
 5982,51893.449, 6.197,5733
 5983,51899.891, 6.438,5733
 5984,51907.234, 7.347,5733
 5985,51914.238, 7.003,5733
 5986,51920.750, 6.511,5733
 5987,51928.098, 7.349,5733
 5988,51935.152, 7.053,5733
 5989,51941.898, 6.749,5733
 5990,51949.578, 7.679,5733
 5991,51956.207, 6.626,5733
 5992,51963.820, 7.613,5733
 5993,51972.328, 8.509,5733
 5994,51980.457, 8.130,5733
 5995,51987.297, 6.841,5733
 5996,51993.785, 6.487,5733
 5997,52001.582, 7.796,5733
 5998,52009.176, 7.593,5733
 5999,52015.801, 6.630,5733
 6000,52022.961, 7.157,5733
 6001,52030.461, 7.501,5733
 6002,52038.340, 7.877,5733
 6003,52045.469, 7.131,5733
 6004,52053.684, 8.213,5733
 6005,52061.039, 7.356,5733
 6006,52068.281, 7.243,5733
 6007,52075.602, 7.318,5733
 6008,52083.508, 7.907,5733
 6009,52090.762, 7.257,5733
 6010,52097.762, 7.000,5733
 6011,52105.438, 7.675,5733
 6012,52113.242, 7.805,5733
 6013,52121.246, 8.003,5733
 6014,52129.680, 8.431,5733
 6015,52136.957, 7.279,5733
 6016,52144.449, 7.494,5733
 6017,52153.766, 9.316,5733
 6018,52161.305, 7.540,5733
 6019,52169.965, 8.658,5733
 6020,52177.645, 7.682,5733
 6021,52185.164, 7.514,5733
 6022,52193.047, 7.886,5733
 6023,52200.023, 6.975,5733
 6024,52207.395, 7.374,5733
 6025,52214.219, 6.820,5733
 6026,52221.973, 7.758,5733
 6027,52229.609, 7.638,5733
 6028,52236.227, 6.615,5733
 6029,52244.414, 8.187,5733
 6030,52251.332, 6.914,5733
 6031,52259.004, 7.672,5733
 6032,52267.129, 8.129,5733
 6033,52275.355, 8.225,5733
 6034,52282.633, 7.282,5733
 6035,52289.496, 6.859,5733
 6036,52295.770, 6.273,5733
 6037,52302.953, 7.185,5733
 6038,52309.770, 6.817,5733
 6039,52316.047, 6.277,5733
 6040,52322.574, 6.526,5733
 6041,52329.273, 6.702,5733
 6042,52336.371, 7.096,5733
 6043,52342.613, 6.243,5733
 6044,52349.570, 6.956,5733
 6045,52356.039, 6.467,5733
 6046,52363.563, 7.523,5733
 6047,52371.633, 8.074,5733
 6048,52379.156, 7.519,5733
 6049,52385.535, 6.382,5733
 6050,52392.727, 7.191,5733
 6051,52399.281, 6.554,5733
 6052,52406.410, 7.128,5733
 6053,52413.664, 7.255,5733
 6054,52420.371, 6.706,5733
 6055,52427.586, 7.216,5733
 6056,52434.438, 6.853,5733
 6057,52441.254, 6.815,5733
 6058,52448.301, 7.049,5733
 6059,52454.961, 6.658,5733
 6060,52462.488, 7.525,5733
 6061,52468.836, 6.349,5733
 6062,52475.594, 6.758,5733
 6063,52481.898, 6.305,5733
 6064,52489.262, 7.364,5733
 6065,52496.906, 7.643,5733
 6066,52504.219, 7.312,5733
 6067,52511.398, 7.183,5733
 6068,52517.477, 6.080,5733
 6069,52523.875, 6.393,5733
 6070,52531.367, 7.495,5733
 6071,52538.438, 7.071,5733
 6072,52545.941, 7.504,5733
 6073,52552.859, 6.915,5733
 6074,52559.371, 6.514,5733
 6075,52566.453, 7.083,5733
 6076,52572.914, 6.461,5733
 6077,52580.371, 7.454,5733
 6078,52586.906, 6.537,5733
 6079,52593.449, 6.544,5733
 6080,52600.883, 7.431,5733
 6081,52608.395, 7.513,5733
 6082,52615.055, 6.659,5733
 6083,52623.730, 8.678,5733
 6084,52631.266, 7.533,5733
 6085,52637.699, 6.435,5733
 6086,52645.098, 7.399,5733
 6087,52651.598, 6.499,5733
 6088,52658.906, 7.311,5733
 6089,52665.227, 6.316,5733
 6090,52672.090, 6.867,5733
 6091,52678.805, 6.714,5733
 6092,52686.180, 7.372,5733
 6093,52693.441, 7.267,5733
 6094,52701.047, 7.601,5733
 6095,52708.324, 7.277,5733
 6096,52715.320, 6.997,5733
 6097,52722.398, 7.078,5733
 6098,52729.578, 7.183,5733
 6099,52737.289, 7.712,5733
 6100,52745.520, 8.226,5733
 6101,52755.355, 9.836,5733
 6102,52764.250, 8.894,5733
 6103,52771.340, 7.088,5733
 6104,52778.207, 6.871,5733
 6105,52785.688, 7.478,5733
 6106,52792.691, 7.004,5733
 6107,52800.051, 7.360,5733
 6108,52807.418, 7.367,5733
 6109,52815.156, 7.738,5733
 6110,52822.871, 7.715,5733
 6111,52829.523, 6.653,5733
 6112,52836.953, 7.432,5733
 6113,52844.449, 7.494,5733
 6114,52851.609, 7.161,5733
 6115,52859.699, 8.089,5733
 6116,52868.063, 8.364,5733
 6117,52876.723, 8.661,5733
 6118,52883.527, 6.804,5733
 6119,52889.953, 6.427,5733
 6120,52897.059, 7.104,5733
 6121,52904.488, 7.427,5733
 6122,52911.129, 6.644,5733
 6123,52918.219, 7.089,5733
 6124,52925.305, 7.086,5733
 6125,52932.289, 6.984,5733
 6126,52938.418, 6.131,5733
 6127,52944.883, 6.463,5733
 6128,52951.895, 7.011,5733
 6129,52959.176, 7.282,5733
 6130,52966.121, 6.948,5733
 6131,52973.203, 7.078,5733
 6132,52980.309, 7.108,5733
 6133,52986.707, 6.398,5733
 6134,52994.242, 7.534,5733
 6135,53001.711, 7.469,5733
 6136,53008.719, 7.009,5733
 6137,53015.734, 7.015,5733
 6138,53023.422, 7.689,5733
 6139,53030.469, 7.046,5733
 6140,53037.617, 7.151,5733
 6141,53043.809, 6.192,5733
 6142,53050.758, 6.945,5733
 6143,53057.438, 6.682,5733
 6144,53063.707, 6.267,5733
 6145,53071.008, 7.300,5733
 6146,53078.121, 7.115,5733
 6147,53084.684, 6.563,5733
 6148,53091.824, 7.138,5733
 6149,53098.906, 7.082,5733
 6150,53105.973, 7.071,5733
 6151,53112.297, 6.321,5733
 6152,53118.613, 6.318,5733
 6153,53124.867, 6.250,5733
 6154,53131.434, 6.569,5733
 6155,53138.672, 7.236,5733
 6156,53147.133, 8.464,5733
 6157,53154.020, 6.885,5733
 6158,53160.629, 6.612,5733
 6159,53167.074, 6.445,5733
 6160,53174.602, 7.525,5733
 6161,53182.297, 7.696,5733
 6162,53188.973, 6.679,5733
 6163,53195.875, 6.899,5733
 6164,53203.160, 7.284,5733
 6165,53210.051, 6.892,5733
 6166,53217.766, 7.716,5733
 6167,53225.648, 7.881,5733
 6168,53232.781, 7.135,5733
 6169,53240.633, 7.852,5733
 6170,53247.531, 6.894,5733
 6171,53255.215, 7.685,5733
 6172,53262.039, 6.825,5733
 6173,53269.633, 7.594,5733
 6174,53277.090, 7.457,5733
 6175,53285.621, 8.534,5733
 6176,53293.809, 8.186,5733
 6177,53301.793, 7.987,5733
 6178,53310.012, 8.216,5733
 6179,53318.340, 8.326,5733
 6180,53325.281, 6.945,5733
 6181,53332.395, 7.110,5733
 6182,53339.953, 7.560,5733
 6183,53348.000, 8.046,5733
 6184,53355.777, 7.779,5733
 6185,53362.879, 7.101,5733
 6186,53370.688, 7.808,5733
 6187,53378.031, 7.342,5733
 6188,53385.207, 7.177,5733
 6189,53393.082, 7.877,5733
 6190,53400.121, 7.041,5733
 6191,53407.797, 7.675,5733
 6192,53415.250, 7.451,5733
 6193,53422.762, 7.512,5733
 6194,53429.625, 6.865,5733
 6195,53437.484, 7.855,5733
 6196,53444.188, 6.702,5733
 6197,53450.980, 6.793,5733
 6198,53457.859, 6.880,5733
 6199,53465.602, 7.745,5733
 6200,53474.340, 8.737,5733
 6201,53481.301, 6.962,5733
 6202,53487.816, 6.512,5733
 6203,53495.262, 7.448,5733
 6204,53501.566, 6.304,5733
 6205,53508.152, 6.585,5733
 6206,53514.637, 6.487,5733
 6207,53521.102, 6.466,5733
 6208,53528.656, 7.552,5733
 6209,53537.277, 8.624,5733
 6210,53544.918, 7.639,5733
 6211,53551.484, 6.566,5733
 6212,53558.652, 7.167,5733
 6213,53565.121, 6.471,5733
 6214,53571.859, 6.736,5733
 6215,53578.297, 6.442,5733
 6216,53585.043, 6.742,5733
 6217,53592.371, 7.330,5733
 6218,53599.781, 7.411,5733
 6219,53606.668, 6.882,5733
 6220,53613.063, 6.397,5733
 6221,53620.406, 7.345,5733
 6222,53626.828, 6.420,5733
 6223,53634.070, 7.242,5733
 6224,53640.684, 6.611,5733
 6225,53647.453, 6.774,5733
 6226,53654.258, 6.803,5733
 6227,53661.035, 6.776,5733
 6228,53667.438, 6.404,5733
 6229,53674.676, 7.236,5733
 6230,53680.914, 6.242,5733
 6231,53687.156, 6.239,5733
 6232,53694.281, 7.129,5733
 6233,53701.035, 6.751,5733
 6234,53710.160, 9.123,5733
 6235,53717.566, 7.409,5733
 6236,53724.289, 6.726,5733
 6237,53731.516, 7.222,5733
 6238,53737.773, 6.259,5733
 6239,53744.863, 7.090,5733
 6240,53751.133, 6.270,5733
 6241,53758.242, 7.108,5733
 6242,53764.570, 6.330,5733
 6243,53771.195, 6.625,5733
 6244,53778.266, 7.072,5733
 6245,53785.324, 7.053,5733
 6246,53792.363, 7.039,5733
 6247,53799.207, 6.847,5733
 6248,53805.641, 6.433,5733
 6249,53813.133, 7.495,5733
 6250,53819.410, 6.276,5733
 6251,53826.227, 6.817,5733
 6252,53833.941, 7.713,5733
 6253,53841.301, 7.361,5733
 6254,53848.434, 7.132,5733
 6255,53855.238, 6.804,5733
 6256,53861.578, 6.338,5733
 6257,53868.727, 7.151,5733
 6258,53875.758, 7.030,5733
 6259,53882.047, 6.288,5733
 6260,53889.445, 7.402,5733
 6261,53896.844, 7.394,5733
 6262,53904.836, 7.995,5733
 6263,53911.996, 7.156,5733
 6264,53921.383, 9.389,5733
 6265,53930.332, 8.951,5733
 6266,53938.234, 7.900,5733
 6267,53944.801, 6.571,5733
 6268,53952.063, 7.260,5733
 6269,53958.930, 6.868,5733
 6270,53965.535, 6.603,5733
 6271,53972.906, 7.372,5733
 6272,53980.320, 7.412,5733
 6273,53988.012, 7.692,5733
 6274,53995.305, 7.298,5733
 6275,54002.754, 7.448,5733
 6276,54009.535, 6.777,5733
 6277,54016.957, 7.424,5733
 6278,54024.820, 7.860,5733
 6279,54032.289, 7.473,5733
 6280,54040.035, 7.746,5733
 6281,54047.496, 7.458,5733
 6282,54054.895, 7.401,5733
 6283,54062.676, 7.781,5733
 6284,54070.125, 7.451,5733
 6285,54077.535, 7.406,5733
 6286,54084.504, 6.968,5733
 6287,54092.117, 7.618,5733
 6288,54099.285, 7.168,5733
 6289,54106.180, 6.891,5733
 6290,54113.305, 7.128,5733
 6291,54121.289, 7.983,5733
 6292,54129.422, 8.132,5733
 6293,54138.094, 8.673,5733
 6294,54146.098, 8.005,5733
 6295,54153.332, 7.233,5733
 6296,54160.926, 7.594,5733
 6297,54168.195, 7.269,5733
 6298,54175.020, 6.822,5733
 6299,54183.027, 8.011,5733
 6300,54190.934, 7.907,5733
 6301,54198.773, 7.839,5733
 6302,54207.281, 8.506,5733
 6303,54214.434, 7.155,5733
 6304,54221.012, 6.575,5733
 6305,54227.363, 6.353,5733
 6306,54234.336, 6.971,5733
 6307,54241.750, 7.416,5733
 6308,54248.738, 6.986,5733
 6309,54255.414, 6.677,5733
 6310,54262.594, 7.180,5733
 6311,54269.113, 6.520,5733
 6312,54276.523, 7.411,5733
 6313,54283.965, 7.441,5733
 6314,54290.414, 6.448,5733
 6315,54297.898, 7.484,5733
 6316,54305.883, 7.987,5733
 6317,54314.070, 8.187,5733
 6318,54322.574, 8.503,5733
 6319,54330.207, 7.632,5733
 6320,54337.133, 6.928,5733
 6321,54345.445, 8.311,5733
 6322,54352.285, 6.841,5733
 6323,54359.617, 7.333,5733
 6324,54367.035, 7.416,5733
 6325,54374.590, 7.554,5733
 6326,54382.105, 7.518,5733
 6327,54389.848, 7.739,5733
 6328,54396.668, 6.821,5733
 6329,54403.551, 6.883,5733
 6330,54410.645, 7.092,5733
 6331,54417.844, 7.201,5733
 6332,54426.777, 8.937,5733
 6333,54433.488, 6.707,5733
 6334,54440.422, 6.935,5733
 6335,54448.395, 7.970,5733
 6336,54456.355, 7.962,5733
 6337,54463.633, 7.282,5733
 6338,54470.359, 6.722,5733
 6339,54476.770, 6.410,5733
 6340,54483.645, 6.874,5733
 6341,54490.066, 6.426,5733
 6342,54497.273, 7.207,5733
 6343,54504.004, 6.726,5733
 6344,54510.480, 6.478,5733
 6345,54517.609, 7.132,5733
 6346,54525.035, 7.425,5733
 6347,54531.539, 6.500,5733
 6348,54538.777, 7.243,5733
 6349,54546.012, 7.231,5733
 6350,54552.926, 6.917,5733
 6351,54560.156, 7.225,5733
 6352,54567.523, 7.369,5733
 6353,54575.004, 7.483,5733
 6354,54582.332, 7.325,5733
 6355,54588.734, 6.406,5733
 6356,54596.000, 7.263,5733
 6357,54603.387, 7.386,5733
 6358,54610.246, 6.861,5733
 6359,54616.930, 6.683,5733
 6360,54624.355, 7.425,5733
 6361,54631.742, 7.388,5733
 6362,54639.355, 7.615,5733
 6363,54645.828, 6.469,5733
 6364,54652.500, 6.671,5733
 6365,54660.559, 8.062,5733
 6366,54667.020, 6.459,5733
 6367,54675.117, 8.100,5733
 6368,54682.969, 7.852,5733
 6369,54690.805, 7.838,5733
 6370,54698.754, 7.946,5733
 6371,54708.129, 9.377,5733
 6372,54715.863, 7.732,5733
 6373,54722.922, 7.060,5733
 6374,54729.961, 7.039,5733
 6375,54738.695, 8.733,5733
 6376,54745.539, 6.845,5733
 6377,54753.344, 7.802,5733
 6378,54760.770, 7.431,5733
 6379,54768.535, 7.762,5733
 6380,54776.051, 7.515,5733
 6381,54782.930, 6.881,5733
 6382,54790.820, 7.889,5733
 6383,54798.230, 7.412,5733
 6384,54806.285, 8.055,5733
 6385,54814.414, 8.127,5733
 6386,54822.121, 7.709,5733
 6387,54829.090, 6.966,5733
 6388,54835.840, 6.751,5733
 6389,54843.035, 7.193,5733
 6390,54850.078, 7.047,5733
 6391,54857.215, 7.135,5733
 6392,54864.066, 6.854,5733
 6393,54871.688, 7.618,5733
 6394,54878.219, 6.532,5733
 6395,54885.402, 7.184,5733
 6396,54891.824, 6.420,5733
 6397,54899.301, 7.479,5733
 6398,54906.605, 7.305,5733
 6399,54914.332, 7.723,5733
 6400,54921.660, 7.331,5733
 6401,54929.215, 7.554,5733
 6402,54935.480, 6.264,5733
 6403,54943.027, 7.549,5733
 6404,54949.355, 6.325,5733
 6405,54956.492, 7.138,5733
 6406,54963.969, 7.481,5733
 6407,54970.578, 6.606,5733
 6408,54977.832, 7.253,5733
 6409,54985.453, 7.623,5733
 6410,54992.063, 6.609,5733
 6411,54998.523, 6.461,5733
 6412,55005.078, 6.556,5733
 6413,55012.402, 7.324,5733
 6414,55018.910, 6.508,5733
 6415,55025.414, 6.504,5733
 6416,55032.770, 7.354,5733
 6417,55040.703, 7.934,5733
 6418,55047.113, 6.413,5733
 6419,55054.336, 7.219,5733
 6420,55061.840, 7.502,5733
 6421,55068.363, 6.524,5733
 6422,55075.602, 7.240,5733
 6423,55082.707, 7.106,5733
 6424,55090.195, 7.485,5733
 6425,55098.098, 7.905,5733
 6426,55106.086, 7.990,5733
 6427,55112.895, 6.806,5733
 6428,55120.652, 7.755,5733
 6429,55128.539, 7.892,5733
 6430,55135.027, 6.487,5733
 6431,55142.570, 7.542,5733
 6432,55149.707, 7.138,5733
 6433,55156.441, 6.735,5733
 6434,55163.168, 6.723,5733
 6435,55170.566, 7.402,5733
 6436,55178.000, 7.430,5733
 6437,55185.578, 7.582,5733
 6438,55192.738, 7.161,5733
 6439,55200.195, 7.454,5733
 6440,55206.980, 6.786,5733
 6441,55213.695, 6.713,5733
 6442,55221.598, 7.904,5733
 6443,55228.883, 7.283,5733
 6444,55236.238, 7.358,5733
 6445,55243.477, 7.234,5733
 6446,55250.219, 6.745,5733
 6447,55257.547, 7.327,5733
 6448,55265.086, 7.543,5733
 6449,55271.820, 6.730,5733
 6450,55279.746, 7.930,5733
 6451,55286.969, 7.225,5733
 6452,55295.582, 8.610,5733
 6453,55302.367, 6.785,5733
 6454,55309.434, 7.065,5733
 6455,55317.348, 7.914,5733
 6456,55325.793, 8.447,5733
 6457,55332.961, 7.168,5733
 6458,55340.031, 7.070,5733
 6459,55347.723, 7.691,5733
 6460,55355.426, 7.703,5733
 6461,55363.313, 7.884,5733
 6462,55370.102, 6.793,5733
 6463,55377.730, 7.630,5733
 6464,55385.387, 7.655,5733
 6465,55392.211, 6.822,5733
 6466,55399.449, 7.239,5733
 6467,55407.621, 8.174,5733
 6468,55414.832, 7.208,5733
 6469,55422.961, 8.131,5733
 6470,55430.297, 7.339,5733
 6471,55437.566, 7.267,5733
 6472,55444.195, 6.626,5733
 6473,55450.660, 6.467,5733
 6474,55457.348, 6.688,5733
 6475,55464.414, 7.067,5733
 6476,55471.160, 6.743,5733
 6477,55479.355, 8.198,5733
 6478,55488.430, 9.074,5733
 6479,55495.496, 7.065,5733
 6480,55504.195, 8.698,5733
 6481,55512.465, 8.274,5733
 6482,55520.164, 7.695,5733
 6483,55527.422, 7.261,5733
 6484,55534.051, 6.629,5733
 6485,55541.512, 7.458,5733
 6486,55548.883, 7.373,5733
 6487,55557.023, 8.139,5733
 6488,55564.570, 7.546,5733
 6489,55571.586, 7.017,5733
 6490,55578.242, 6.657,5733
 6491,55585.168, 6.923,5733
 6492,55592.395, 7.227,5733
 6493,55599.656, 7.262,5733
 6494,55606.363, 6.707,5733
 6495,55613.586, 7.223,5733
 6496,55621.129, 7.547,5733
 6497,55628.613, 7.483,5733
 6498,55636.000, 7.384,5733
 6499,55642.711, 6.711,5733
 6500,55650.227, 7.516,5733
 6501,55656.898, 6.675,5733
 6502,55663.387, 6.487,5733
 6503,55670.355, 6.968,5733
 6504,55677.172, 6.817,5733
 6505,55684.352, 7.179,5733
 6506,55690.957, 6.606,5733
 6507,55698.039, 7.080,5733
 6508,55704.402, 6.364,5733
 6509,55711.699, 7.299,5733
 6510,55719.391, 7.689,5733
 6511,55727.598, 8.209,5733
 6512,55735.832, 8.231,5733
 6513,55743.035, 7.205,5733
 6514,55750.215, 7.181,5733
 6515,55757.406, 7.191,5733
 6516,55763.836, 6.430,5733
 6517,55772.645, 8.804,5733
 6518,55780.406, 7.766,5733
 6519,55788.340, 7.933,5733
 6520,55797.438, 9.099,5733
 6521,55806.438, 9.000,5733
 6522,55813.531, 7.093,5733
 6523,55820.902, 7.372,5733
 6524,55828.750, 7.848,5733
 6525,55836.813, 8.057,5733
 6526,55844.203, 7.393,5733
 6527,55851.773, 7.573,5733
 6528,55859.660, 7.886,5733
 6529,55867.887, 8.225,5733
 6530,55877.461, 9.576,5733
 6531,55886.016, 8.553,5733
 6532,55893.211, 7.197,5733
 6533,55899.723, 6.511,5733
 6534,55906.492, 6.768,5733
 6535,55913.934, 7.444,5733
 6536,55920.719, 6.784,5733
 6537,55928.496, 7.775,5733
 6538,55935.445, 6.954,5733
 6539,55942.211, 6.763,5733
 6540,55948.695, 6.484,5733
 6541,55956.277, 7.585,5733
 6542,55962.949, 6.670,5733
 6543,55970.219, 7.270,5733
 6544,55976.762, 6.544,5733
 6545,55984.105, 7.344,5733
 6546,55990.699, 6.591,5733
 6547,55997.781, 7.083,5733
 6548,56005.621, 7.841,5733
 6549,56013.262, 7.641,5733
 6550,56020.297, 7.034,5733
 6551,56027.113, 6.819,5733
 6552,56035.016, 7.898,5733
 6553,56043.504, 8.488,5733
 6554,56052.188, 8.685,5701
 6555,56059.492, 7.303,5701
 6556,56066.734, 7.243,5701
 6557,56073.738, 7.006,5701
 6558,56080.801, 7.062,5701
 6559,56089.457, 8.659,5701
 6560,56097.328, 7.866,5701
 6561,56104.449, 7.123,5701
 6562,56111.492, 7.039,5701
 6563,56119.121, 7.632,5701
 6564,56126.145, 7.023,5701
 6565,56133.203, 7.058,5701
 6566,56141.777, 8.579,5701
 6567,56148.969, 7.191,5701
 6568,56156.672, 7.699,5701
 6569,56164.070, 7.401,5701
 6570,56172.074, 8.001,5701
 6571,56180.074, 8.003,5701
 6572,56186.500, 6.425,5701
 6573,56193.086, 6.586,5701
 6574,56199.738, 6.653,5701
 6575,56206.262, 6.524,5701
 6576,56212.785, 6.524,5701
 6577,56220.816, 8.028,5701
 6578,56228.723, 7.908,5701
 6579,56236.008, 7.282,5701
 6580,56243.781, 7.776,5701
 6581,56252.625, 8.844,5701
 6582,56260.824, 8.197,5701
 6583,56269.180, 8.356,5701
 6584,56278.582, 9.405,5701
 6585,56286.809, 8.222,5701
 6586,56294.004, 7.199,5701
 6587,56300.730, 6.724,5701
 6588,56307.633, 6.904,5701
 6589,56315.215, 7.582,5701
 6590,56321.914, 6.698,5701
 6591,56328.484, 6.571,5701
 6592,56335.203, 6.720,5701
 6593,56341.828, 6.623,5701
 6594,56348.551, 6.724,5701
 6595,56355.602, 7.052,5701
 6596,56363.215, 7.613,5701
 6597,56370.738, 7.523,5701
 6598,56377.492, 6.754,5701
 6599,56385.352, 7.859,5701
 6600,56392.867, 7.515,5701
 6601,56400.133, 7.268,5701
 6602,56407.004, 6.868,5701
 6603,56414.438, 7.437,5701
 6604,56422.145, 7.703,5701
 6605,56429.453, 7.313,5701
 6606,56437.684, 8.228,5701
 6607,56445.230, 7.548,5701
 6608,56452.984, 7.751,5701
 6609,56460.617, 7.636,5701
 6610,56468.570, 7.954,5701
 6611,56474.953, 6.381,5701
 6612,56481.539, 6.587,5701
 6613,56488.105, 6.567,5701
 6614,56494.754, 6.646,5701
 6615,56502.016, 7.262,5701
 6616,56509.273, 7.257,5701
 6617,56515.855, 6.582,5701
 6618,56523.129, 7.276,5701
 6619,56530.508, 7.378,5701
 6620,56537.121, 6.615,5701
 6621,56544.523, 7.401,5701
 6622,56552.004, 7.480,5701
 6623,56559.461, 7.459,5701
 6624,56566.609, 7.149,5701
 6625,56573.352, 6.738,5701
 6626,56580.645, 7.294,5701
 6627,56588.559, 7.914,5701
 6628,56596.734, 8.176,5701
 6629,56603.656, 6.921,5701
 6630,56610.566, 6.911,5701
 6631,56618.043, 7.476,5701
 6632,56626.105, 8.065,5701
 6633,56633.770, 7.661,5701
 6634,56642.387, 8.620,5701
 6635,56651.160, 8.771,5701
 6636,56658.688, 7.526,5701
 6637,56667.047, 8.362,5701
 6638,56674.945, 7.899,5701
 6639,56684.289, 9.345,5701
 6640,56693.219, 8.926,5701
 6641,56702.066, 8.849,5701
 6642,56711.105, 9.041,5701
 6643,56718.500, 7.392,5701
 6644,56726.195, 7.697,5701
 6645,56735.129, 8.932,5701
 6646,56742.316, 7.185,5701
 6647,56749.875, 7.559,5701
 6648,56757.219, 7.346,5701
 6649,56766.039, 8.821,5701
 6650,56773.699, 7.659,5701
 6651,56782.414, 8.716,5701
 6652,56789.730, 7.316,5701
 6653,56797.074, 7.346,5701
 6654,56804.645, 7.566,5701
 6655,56811.555, 6.910,5701
 6656,56818.113, 6.564,5701
 6657,56825.480, 7.363,5701
 6658,56832.258, 6.780,5701
 6659,56838.680, 6.419,5701
 6660,56846.172, 7.494,5701
 6661,56853.469, 7.298,5701
 6662,56860.777, 7.308,5701
 6663,56868.148, 7.368,5701
 6664,56875.938, 7.790,5701
 6665,56883.457, 7.522,5701
 6666,56891.426, 7.966,5701
 6667,56899.105, 7.681,5701
 6668,56905.492, 6.387,5701
 6669,56912.082, 6.590,5701
 6670,56918.699, 6.614,5701
 6671,56925.555, 6.858,5701
 6672,56932.531, 6.977,5701
 6673,56939.488, 6.955,5701
 6674,56946.301, 6.815,5701
 6675,56953.422, 7.122,5701
 6676,56960.457, 7.037,5701
 6677,56967.164, 6.703,5701
 6678,56974.734, 7.571,5701
 6679,56982.156, 7.421,5701
 6680,56988.770, 6.617,5701
 6681,56996.348, 7.572,5701
 6682,57003.063, 6.717,5701
 6683,57009.586, 6.524,5701
 6684,57016.879, 7.294,5701
 6685,57023.168, 6.288,5701
 6686,57030.387, 7.221,5701
 6687,57037.914, 7.524,5701
 6688,57045.504, 7.589,5701
 6689,57052.418, 6.919,5701
 6690,57059.555, 7.135,5701
 6691,57066.852, 7.296,5701
 6692,57075.645, 8.792,5701
 6693,57084.445, 8.804,5701
 6694,57092.410, 7.963,5701
 6695,57100.477, 8.062,5701
 6696,57107.695, 7.223,5701
 6697,57114.648, 6.951,5701
 6698,57121.586, 6.938,5701
 6699,57128.461, 6.878,5701
 6700,57135.809, 7.344,5701
 6701,57143.320, 7.512,5701
 6702,57149.973, 6.651,5701
 6703,57157.414, 7.445,5701
 6704,57164.160, 6.745,5701
 6705,57171.578, 7.418,5701
 6706,57178.387, 6.808,5701
 6707,57185.016, 6.630,5701
 6708,57192.273, 7.257,5701
 6709,57198.973, 6.700,5701
 6710,57206.039, 7.065,5701
 6711,57213.418, 7.379,5701
 6712,57221.242, 7.828,5701
 6713,57228.273, 7.031,5701
 6714,57236.598, 8.324,5701
 6715,57244.930, 8.329,5701
 6716,57252.922, 7.993,5701
 6717,57260.965, 8.044,5701
 6718,57269.605, 8.640,5701
 6719,57277.875, 8.268,5701
 6720,57285.496, 7.620,5701
 6721,57292.633, 7.139,5701
 6722,57299.629, 6.999,5701
 6723,57308.051, 8.420,5701
 6724,57315.828, 7.773,5701
 6725,57323.539, 7.715,5701
 6726,57330.617, 7.079,5701
 6727,57338.836, 8.218,5701
 6728,57345.973, 7.135,5701
 6729,57353.918, 7.946,5701
 6730,57361.113, 7.197,5701
 6731,57369.102, 7.989,5701
 6732,57377.352, 8.248,5701
 6733,57386.656, 9.304,5701
 6734,57394.012, 7.356,5701
 6735,57401.105, 7.097,5701
 6736,57408.289, 7.181,5701
 6737,57415.945, 7.659,5701
 6738,57422.594, 6.647,5701
 6739,57429.844, 7.246,5701
 6740,57437.020, 7.177,5701
 6741,57444.859, 7.842,5701
 6742,57451.336, 6.474,5701
 6743,57459.359, 8.023,5701
 6744,57468.004, 8.645,5701
 6745,57475.344, 7.341,5701
 6746,57482.203, 6.861,5701
 6747,57489.656, 7.449,5701
 6748,57496.508, 6.851,5701
 6749,57503.129, 6.628,5701
 6750,57510.492, 7.357,5701
 6751,57518.328, 7.838,5701
 6752,57525.813, 7.481,5701
 6753,57532.465, 6.660,5701
 6754,57540.023, 7.553,5701
 6755,57547.758, 7.738,5701
 6756,57555.570, 7.813,5701
 6757,57563.078, 7.505,5701
 6758,57570.586, 7.511,5701
 6759,57577.711, 7.121,5701
 6760,57585.203, 7.494,5701
 6761,57592.047, 6.843,5701
 6762,57599.379, 7.334,5701
 6763,57607.426, 8.045,5701
 6764,57614.336, 6.909,5701
 6765,57621.945, 7.610,5701
 6766,57628.855, 6.910,5701
 6767,57636.520, 7.665,5701
 6768,57644.129, 7.610,5701
 6769,57652.043, 7.914,5701
 6770,57660.078, 8.035,5701
 6771,57667.324, 7.246,5701
 6772,57674.523, 7.196,5701
 6773,57682.297, 7.778,5701
 6774,57689.656, 7.356,5701
 6775,57695.973, 6.314,5701
 6776,57702.531, 6.564,5701
 6777,57710.141, 7.604,5701
 6778,57717.359, 7.223,5701
 6779,57724.086, 6.728,5701
 6780,57731.164, 7.077,5701
 6781,57738.695, 7.531,5701
 6782,57747.438, 8.742,5701
 6783,57756.195, 8.757,5701
 6784,57763.766, 7.573,5701
 6785,57771.313, 7.543,5701
 6786,57779.086, 7.775,5701
 6787,57786.082, 6.999,5701
 6788,57793.453, 7.369,5701
 6789,57800.188, 6.735,5701
 6790,57808.051, 7.864,5701
 6791,57815.910, 7.857,5701
 6792,57823.660, 7.750,5701
 6793,57832.734, 9.076,5701
 6794,57840.379, 7.644,5701
 6795,57849.035, 8.653,5701
 6796,57858.020, 8.985,5701
 6797,57866.539, 8.521,5701
 6798,57874.777, 8.239,5701
 6799,57881.664, 6.886,5701
 6800,57888.574, 6.912,5701
 6801,57896.102, 7.527,5701
 6802,57902.918, 6.817,5701
 6803,57909.836, 6.915,5701
 6804,57917.086, 7.253,5701
 6805,57923.988, 6.899,5701
 6806,57931.215, 7.229,5701
 6807,57939.781, 8.566,5701
 6808,57947.129, 7.349,5701
 6809,57954.500, 7.369,5701
 6810,57961.641, 7.138,5701
 6811,57969.453, 7.818,5701
 6812,57975.914, 6.457,5701
 6813,57983.512, 7.599,5701
 6814,57990.371, 6.861,5701
 6815,57998.555, 8.183,5701
 6816,58006.473, 7.915,5701
 6817,58014.645, 8.170,5701
 6818,58022.648, 8.007,5701
 6819,58030.715, 8.069,5701
 6820,58037.883, 7.164,5701
 6821,58046.453, 8.574,5701
 6822,58054.813, 8.354,5701
 6823,58062.004, 7.196,5701
 6824,58068.977, 6.971,5701
 6825,58076.820, 7.845,5701
 6826,58084.004, 7.183,5701
 6827,58091.719, 7.716,5701
 6828,58099.250, 7.529,5701
 6829,58106.609, 7.363,5701
 6830,58113.770, 7.158,5701
 6831,58122.012, 8.243,5701
 6832,58130.422, 8.411,5701
 6833,58137.563, 7.137,5701
 6834,58144.461, 6.902,5701
 6835,58152.777, 8.316,5701
 6836,58160.770, 7.990,5701
 6837,58168.156, 7.388,5701
 6838,58174.949, 6.794,5701
 6839,58181.355, 6.405,5701
 6840,58187.914, 6.559,5701
 6841,58194.672, 6.755,5701
 6842,58201.176, 6.504,5701
 6843,58208.297, 7.126,5701
 6844,58215.590, 7.292,5701
 6845,58222.977, 7.384,5701
 6846,58230.449, 7.475,5701
 6847,58236.957, 6.509,5701
 6848,58244.504, 7.543,5701
 6849,58253.840, 9.337,5701
 6850,58262.172, 8.331,5701
 6851,58269.539, 7.369,5701
 6852,58277.297, 7.758,5701
 6853,58285.078, 7.781,5701
 6854,58292.582, 7.504,5701
 6855,58299.305, 6.719,5701
 6856,58306.109, 6.810,5701
 6857,58313.637, 7.521,5701
 6858,58320.953, 7.324,5701
 6859,58328.023, 7.067,5701
 6860,58334.625, 6.603,5701
 6861,58343.152, 8.524,5701
 6862,58350.395, 7.242,5701
 6863,58358.270, 7.879,5701
 6864,58366.363, 8.093,5701
 6865,58374.516, 8.151,5701
 6866,58381.246, 6.732,5701
 6867,58387.957, 6.712,5701
 6868,58394.613, 6.656,5701
 6869,58402.156, 7.539,5701
 6870,58409.492, 7.337,5701
 6871,58415.895, 6.402,5701
 6872,58422.414, 6.522,5701
 6873,58428.934, 6.520,5701
 6874,58436.203, 7.265,5701
 6875,58444.449, 8.252,5701
 6876,58451.266, 6.816,5701
 6877,58457.754, 6.486,5701
 6878,58464.176, 6.421,5701
 6879,58472.141, 7.962,5701
 6880,58478.910, 6.772,5701
 6881,58486.316, 7.405,5701
 6882,58494.652, 8.337,5701
 6883,58502.195, 7.543,5701
 6884,58509.773, 7.581,5701
 6885,58516.449, 6.674,5701
 6886,58524.512, 8.060,5701
 6887,58531.047, 6.538,5701
 6888,58538.676, 7.626,5701
 6889,58545.359, 6.686,5701
 6890,58552.914, 7.555,5701
 6891,58560.348, 7.432,5701
 6892,58567.141, 6.793,5701
 6893,58575.035, 7.894,5701
 6894,58582.117, 7.086,5701
 6895,58588.914, 6.793,5701
 6896,58596.457, 7.545,5701
 6897,58603.691, 7.231,5701
 6898,58610.840, 7.149,5701
 6899,58618.410, 7.571,5701
 6900,58625.367, 6.959,5701
 6901,58632.953, 7.589,5701
 6902,58642.492, 9.536,5701
 6903,58650.500, 8.005,5701
 6904,58658.707, 8.211,5701
 6905,58666.145, 7.435,5701
 6906,58674.004, 7.858,5701
 6907,58682.102, 8.100,5701
 6908,58689.258, 7.158,5701
 6909,58696.484, 7.225,5701
 6910,58704.418, 7.934,5701
 6911,58711.777, 7.362,5701
 6912,58720.059, 8.277,5701
 6913,58727.441, 7.383,5701
 6914,58735.672, 8.230,5701
 6915,58742.539, 6.869,5701
 6916,58749.188, 6.646,5701
 6917,58756.004, 6.815,5701
 6918,58763.977, 7.973,5701
 6919,58772.691, 8.716,5701
 6920,58779.938, 7.250,5701
 6921,58788.914, 8.973,5701
 6922,58797.629, 8.717,5701
 6923,58806.023, 8.393,5701
 6924,58812.914, 6.890,5701
 6925,58819.738, 6.827,5701
 6926,58828.438, 8.700,5701
 6927,58836.531, 8.089,5701
 6928,58844.430, 7.903,5701
 6929,58852.484, 8.049,5701
 6930,58859.563, 7.082,5701
 6931,58868.180, 8.618,5701
 6932,58876.000, 7.817,5701
 6933,58884.082, 8.086,5701
 6934,58892.012, 7.929,5701
 6935,58900.219, 8.205,5701
 6936,58908.340, 8.120,5701
 6937,58916.246, 7.909,5701
 6938,58926.289,10.044,5701
 6939,58933.617, 7.328,5701
 6940,58941.945, 8.329,5701
 6941,58950.266, 8.317,5701
 6942,58957.934, 7.670,5701
 6943,58965.051, 7.115,5701
 6944,58973.629, 8.581,5701
 6945,58981.477, 7.846,5701
 6946,58988.195, 6.719,5701
 6947,58995.973, 7.776,5701
 6948,59003.703, 7.730,5701
 6949,59011.000, 7.297,5701
 6950,59018.914, 7.918,5701
 6951,59026.594, 7.678,5701
 6952,59034.594, 8.001,5701
 6953,59043.094, 8.499,5701
 6954,59050.602, 7.510,5701
 6955,59058.188, 7.582,5701
 6956,59064.824, 6.637,5701
 6957,59072.426, 7.602,5701
 6958,59080.016, 7.590,5701
 6959,59088.367, 8.352,5701
 6960,59095.035, 6.669,5701
 6961,59102.941, 7.907,5701
 6962,59110.930, 7.989,5701
 6963,59118.973, 8.036,5701
 6964,59126.430, 7.462,5701
 6965,59132.930, 6.502,5701
 6966,59140.355, 7.423,5701
 6967,59147.160, 6.804,5701
 6968,59154.238, 7.078,5701
 6969,59161.875, 7.636,5701
 6970,59169.703, 7.830,5701
 6971,59177.242, 7.540,5701
 6972,59184.695, 7.450,5701
 6973,59192.707, 8.011,5701
 6974,59200.211, 7.506,5701
 6975,59207.984, 7.772,5701
 6976,59216.270, 8.288,5701
 6977,59223.820, 7.546,5701
 6978,59232.383, 8.565,5701
 6979,59240.293, 7.912,5701
 6980,59248.195, 7.899,5701
 6981,59256.551, 8.357,5701
 6982,59264.098, 7.549,5701
 6983,59271.570, 7.473,5701
 6984,59279.035, 7.462,5701
 6985,59286.434, 7.401,5701
 6986,59294.148, 7.713,5701
 6987,59301.773, 7.626,5701
 6988,59308.754, 6.983,5701
 6989,59316.691, 7.935,5701
 6990,59323.621, 6.931,5701
 6991,59332.434, 8.813,5701
 6992,59339.590, 7.155,5701
 6993,59347.738, 8.149,5701
 6994,59356.000, 8.260,5701
 6995,59363.012, 7.012,5701
 6996,59370.828, 7.813,5701
 6997,59378.148, 7.321,5701
 6998,59386.035, 7.887,5701
 6999,59392.625, 6.594,5701
 7000,59399.578, 6.953,5701
 7001,59407.000, 7.420,5701
 7002,59414.566, 7.568,5701
 7003,59423.324, 8.757,5701
 7004,59431.227, 7.901,5701
 7005,59439.813, 8.583,5701
 7006,59447.164, 7.352,5701
 7007,59454.797, 7.637,5701
 7008,59461.781, 6.985,5701
 7009,59468.281, 6.498,5701
 7010,59476.105, 7.826,5701
 7011,59484.152, 8.043,5701
 7012,59491.906, 7.759,5701
 7013,59499.379, 7.471,5701
 7014,59506.141, 6.757,5701
 7015,59512.793, 6.658,5701
 7016,59520.043, 7.246,5701
 7017,59527.109, 7.070,5701
 7018,59533.980, 6.868,5701
 7019,59541.492, 7.513,5701
 7020,59547.891, 6.398,5701
 7021,59554.918, 7.029,5701
 7022,59562.082, 7.164,5701
 7023,59569.215, 7.133,5701
 7024,59576.449, 7.235,5701
 7025,59582.902, 6.452,5701
 7026,59590.043, 7.140,5701
 7027,59596.309, 6.263,5701
 7028,59604.395, 8.091,5701
 7029,59611.672, 7.274,5701
 7030,59619.414, 7.745,5701
 7031,59625.945, 6.533,5701
 7032,59633.734, 7.786,5701
 7033,59640.605, 6.873,5701
 7034,59648.172, 7.564,5701
 7035,59654.672, 6.498,5701
 7036,59661.098, 6.431,5701
 7037,59669.055, 7.954,5701
 7038,59676.082, 7.030,5701
 7039,59682.773, 6.690,5701
 7040,59689.527, 6.752,5701
 7041,59696.523, 6.995,5701
 7042,59704.043, 7.519,5701
 7043,59710.852, 6.811,5701
 7044,59718.238, 7.388,5701
 7045,59724.559, 6.319,5701
 7046,59731.676, 7.114,5701
 7047,59739.602, 7.930,5701
 7048,59746.770, 7.169,5701
 7049,59754.602, 7.831,5701
 7050,59761.836, 7.232,5701
 7051,59769.863, 8.028,5701
 7052,59777.418, 7.554,5701
 7053,59784.605, 7.191,5701
 7054,59791.195, 6.589,5701
 7055,59799.676, 8.476,5701
 7056,59808.445, 8.773,5701
 7057,59816.715, 8.270,5701
 7058,59824.172, 7.455,5701
 7059,59832.828, 8.655,5701
 7060,59840.566, 7.741,5701
 7061,59848.746, 8.179,5701
 7062,59856.988, 8.240,5701
 7063,59864.414, 7.429,5701
 7064,59871.258, 6.846,5701
 7065,59879.285, 8.027,5701
 7066,59885.879, 6.592,5701
 7067,59893.391, 7.510,5701
 7068,59899.898, 6.509,5701
 7069,59906.492, 6.590,5701
 7070,59913.930, 7.442,5701
 7071,59920.578, 6.648,5701
 7072,59927.793, 7.214,5701
 7073,59934.367, 6.575,5701
 7074,59941.195, 6.829,5701
 7075,59948.930, 7.735,5701
 7076,59957.148, 8.213,5701
 7077,59965.578, 8.435,5701
 7078,59973.441, 7.861,5701
 7079,59980.793, 7.356,5701
 7080,59988.836, 8.040,5701
 7081,59996.434, 7.598,5701
 7082,60004.277, 7.843,5701
 7083,60012.758, 8.480,5701
 7084,60020.641, 7.882,5701
 7085,60028.609, 7.969,5701
 7086,60036.008, 7.397,5701
 7087,60044.563, 8.555,5701
 7088,60051.941, 7.383,5701
 7089,60059.984, 8.038,5701
 7090,60067.105, 7.127,5701
 7091,60074.746, 7.637,5701
 7092,60083.094, 8.349,5701
 7093,60091.480, 8.384,5701
 7094,60099.547, 8.066,5701
 7095,60107.418, 7.875,5701
 7096,60115.469, 8.047,5701
 7097,60122.852, 7.385,5701
 7098,60130.410, 7.559,5701
 7099,60138.121, 7.712,5701
 7100,60145.406, 7.283,5701
 7101,60152.910, 7.505,5701
 7102,60159.398, 6.488,5701
 7103,60166.828, 7.426,5701
 7104,60173.359, 6.535,5701
 7105,60179.746, 6.389,5701
 7106,60186.793, 7.047,5701
 7107,60193.836, 7.037,5701
 7108,60202.477, 8.640,5701
 7109,60210.363, 7.891,5701
 7110,60217.953, 7.593,5701
 7111,60225.051, 7.094,5701
 7112,60232.336, 7.283,5701
 7113,60238.922, 6.587,5701
 7114,60246.164, 7.244,5701
 7115,60253.477, 7.309,5701
 7116,60260.809, 7.332,5701
 7117,60267.805, 6.998,5701
 7118,60275.516, 7.710,5701
 7119,60282.109, 6.597,5701
 7120,60289.504, 7.392,5701
 7121,60296.098, 6.594,5701
 7122,60303.852, 7.753,5701
 7123,60310.180, 6.328,5701
 7124,60317.523, 7.345,5701
 7125,60324.996, 7.474,5701
 7126,60331.492, 6.493,5701
 7127,60338.461, 6.974,5701
 7128,60344.957, 6.496,5701
 7129,60352.125, 7.167,5701
 7130,60359.043, 6.918,5701
 7131,60366.273, 7.232,5701
 7132,60372.984, 6.706,5701
 7133,60380.523, 7.541,5701
 7134,60387.676, 7.149,5701
 7135,60394.012, 6.340,5701
 7136,60401.023, 7.011,5701
 7137,60408.250, 7.227,5701
 7138,60415.031, 6.781,5701
 7139,60422.371, 7.339,5701
 7140,60429.684, 7.310,5701
 7141,60438.105, 8.424,5701
 7142,60445.484, 7.380,5701
 7143,60452.609, 7.125,5701
 7144,60459.031, 6.421,5701
 7145,60465.836, 6.802,5701
 7146,60472.484, 6.648,5701
 7147,60478.891, 6.409,5701
 7148,60487.125, 8.238,5701
 7149,60494.719, 7.590,5701
 7150,60501.266, 6.550,5701
 7151,60507.824, 6.556,5701
 7152,60514.414, 6.590,5701
 7153,60521.793, 7.383,5701
 7154,60528.715, 6.917,5701
 7155,60535.254, 6.540,5701
 7156,60542.898, 7.643,5701
 7157,60549.805, 6.905,5701
 7158,60556.254, 6.452,5701
 7159,60564.059, 7.807,5701
 7160,60570.969, 6.907,5701
 7161,60578.773, 7.806,5701
 7162,60588.082, 9.310,5701
 7163,60596.574, 8.491,5701
 7164,60604.469, 7.891,5701
 7165,60612.473, 8.005,5701
 7166,60619.379, 6.906,5701
 7167,60626.598, 7.222,5701
 7168,60634.570, 7.971,5701
 7169,60643.309, 8.737,5701
 7170,60650.355, 7.050,5701
 7171,60658.609, 8.254,5701
 7172,60666.738, 8.129,5701
 7173,60673.723, 6.984,5701
 7174,60682.387, 8.664,5701
 7175,60690.250, 7.861,5701
 7176,60698.875, 8.624,5701
 7177,60706.074, 7.202,5701
 7178,60712.535, 6.459,5701
 7179,60719.715, 7.180,5701
 7180,60725.988, 6.274,5701
 7181,60733.512, 7.524,5701
 7182,60739.809, 6.296,5701
 7183,60747.098, 7.291,5701
 7184,60753.621, 6.524,5701
 7185,60760.730, 7.106,5701
 7186,60767.188, 6.460,5701
 7187,60774.363, 7.172,5701
 7188,60781.441, 7.081,5701
 7189,60788.176, 6.734,5701
 7190,60794.523, 6.346,5701
 7191,60801.305, 6.782,5701
 7192,60808.738, 7.435,5701
 7193,60816.008, 7.269,5701
 7194,60822.617, 6.609,5701
 7195,60829.781, 7.165,5701
 7196,60836.441, 6.661,5701
 7197,60842.938, 6.495,5701
 7198,60849.242, 6.307,5701
 7199,60856.324, 7.077,5701
 7200,60863.840, 7.517,5701
 7201,60870.320, 6.480,5701
 7202,60877.371, 7.051,5701
 7203,60883.918, 6.549,5701
 7204,60892.094, 8.175,5701
 7205,60898.875, 6.782,5701
 7206,60906.348, 7.473,5701
 7207,60913.836, 7.486,5701
 7208,60921.211, 7.374,5701
 7209,60927.672, 6.463,5701
 7210,60935.156, 7.485,5701
 7211,60943.242, 8.086,5701
 7212,60950.070, 6.829,5701
 7213,60957.375, 7.304,5701
 7214,60965.105, 7.733,5701
 7215,60972.203, 7.092,5701
 7216,60981.113, 8.913,5701
 7217,60989.641, 8.524,5701
 7218,60997.090, 7.451,5701
 7219,61003.902, 6.813,5701
 7220,61012.484, 8.581,5701
 7221,61019.441, 6.959,5701
 7222,61025.988, 6.544,5701
 7223,61032.816, 6.829,5701
 7224,61040.238, 7.423,5701
 7225,61047.828, 7.590,5701
 7226,61055.074, 7.248,5701
 7227,61063.227, 8.153,5701
 7228,61070.625, 7.399,5701
 7229,61078.047, 7.418,5701
 7230,61085.180, 7.131,5701
 7231,61091.570, 6.392,5701
 7232,61098.559, 6.990,5701
 7233,61105.039, 6.480,5701
 7234,61112.273, 7.237,5701
 7235,61120.035, 7.761,5701
 7236,61126.676, 6.640,5701
 7237,61134.402, 7.725,5701
 7238,61142.203, 7.802,5701
 7239,61149.105, 6.902,5701
 7240,61155.895, 6.788,5701
 7241,61162.922, 7.029,5701
 7242,61169.809, 6.885,5701
 7243,61178.734, 8.926,5701
 7244,61187.113, 8.382,5701
 7245,61195.828, 8.713,5701
 7246,61202.965, 7.132,5701
 7247,61211.367, 8.405,5701
 7248,61219.195, 7.828,5701
 7249,61229.590,10.398,5701
 7250,61237.816, 8.223,5701
 7251,61246.996, 9.179,5701
 7252,61256.363, 9.368,5701
 7253,61264.359, 7.997,5701
 7254,61271.980, 7.622,5701
 7255,61281.367, 9.386,5701
 7256,61288.609, 7.245,5701
 7257,61296.980, 8.369,5701
 7258,61304.645, 7.660,5701
 7259,61313.531, 8.891,5701
 7260,61320.590, 7.059,5701
 7261,61328.117, 7.527,5701
 7262,61336.035, 7.917,5701
 7263,61343.465, 7.428,5701
 7264,61349.980, 6.518,5701
 7265,61357.031, 7.049,5701
 7266,61365.633, 8.602,5701
 7267,61373.926, 8.294,5701
 7268,61380.723, 6.795,5701
 7269,61387.078, 6.357,5701
 7270,61394.816, 7.736,5701
 7271,61401.988, 7.175,5701
 7272,61408.879, 6.890,5701
 7273,61416.242, 7.365,5701
 7274,61422.781, 6.539,5701
 7275,61429.211, 6.429,5701
 7276,61436.133, 6.918,5701
 7277,61443.820, 7.691,5701
 7278,61451.281, 7.463,5701
 7279,61458.852, 7.568,5701
 7280,61466.449, 7.600,5701
 7281,61474.148, 7.696,5701
 7282,61480.449, 6.301,5701
 7283,61487.984, 7.534,5701
 7284,61494.609, 6.626,5701
 7285,61501.070, 6.462,5701
 7286,61507.793, 6.723,5701
 7287,61514.266, 6.473,5701
 7288,61520.906, 6.640,5701
 7289,61528.242, 7.335,5701
 7290,61535.363, 7.119,5701
 7291,61542.941, 7.581,5701
 7292,61550.430, 7.488,5701
 7293,61557.500, 7.069,5701
 7294,61564.586, 7.086,5701
 7295,61570.957, 6.373,5701
 7296,61578.008, 7.050,5701
 7297,61584.598, 6.591,5701
 7298,61590.832, 6.233,5701
 7299,61597.875, 7.042,5701
 7300,61605.012, 7.139,5701
 7301,61611.180, 6.168,5701
 7302,61617.508, 6.328,5701
 7303,61625.285, 7.777,5701
 7304,61631.531, 6.245,5701
 7305,61638.715, 7.186,5701
 7306,61645.020, 6.304,5701
 7307,61651.910, 6.891,5701
 7308,61659.043, 7.129,5701
 7309,61665.500, 6.459,5701
 7310,61671.918, 6.418,5701
 7311,61679.145, 7.225,5701
 7312,61686.188, 7.043,5701
 7313,61692.379, 6.193,5701
 7314,61698.688, 6.307,5701
 7315,61704.988, 6.301,5701
 7316,61711.418, 6.430,5701
 7317,61717.980, 6.562,5701
 7318,61726.164, 8.182,5701
 7319,61732.586, 6.427,5701
 7320,61739.164, 6.577,5701
 7321,61747.992, 8.826,5701
 7322,61757.141, 9.147,5701
 7323,61764.508, 7.370,5701
 7324,61771.457, 6.951,5701
 7325,61777.973, 6.512,5701
 7326,61785.828, 7.856,5701
 7327,61793.324, 7.494,5701
 7328,61801.207, 7.887,5701
 7329,61808.473, 7.262,5701
 7330,61814.898, 6.429,5701
 7331,61822.012, 7.113,5701
 7332,61830.242, 8.229,5701
 7333,61837.012, 6.772,5701
 7334,61843.992, 6.978,5701
 7335,61850.555, 6.562,5701
 7336,61857.238, 6.686,5701
 7337,61865.590, 8.352,5701
 7338,61872.996, 7.404,5701
 7339,61879.488, 6.492,5701
 7340,61886.801, 7.311,5701
 7341,61894.332, 7.532,5701
 7342,61901.086, 6.757,5701
 7343,61908.215, 7.129,5701
 7344,61915.578, 7.364,5701
 7345,61922.445, 6.868,5701
 7346,61929.512, 7.063,5701
 7347,61936.242, 6.733,5701
 7348,61943.340, 7.097,5701
 7349,61950.922, 7.580,5701
 7350,61957.574, 6.654,5701
 7351,61964.594, 7.019,5701
 7352,61972.090, 7.495,5701
 7353,61979.051, 6.960,5701
 7354,61986.691, 7.641,5701
 7355,61993.348, 6.656,5701
 7356,62000.668, 7.321,5701
 7357,62008.441, 7.777,5701
 7358,62015.656, 7.210,5701
 7359,62023.180, 7.523,5701
 7360,62031.168, 7.989,5701
 7361,62038.426, 7.262,5701
 7362,62045.250, 6.822,5701
 7363,62052.891, 7.639,5701
 7364,62059.813, 6.923,5701
 7365,62066.258, 6.445,5701
 7366,62073.484, 7.224,5701
 7367,62080.691, 7.208,5701
 7368,62087.785, 7.097,5701
 7369,62094.594, 6.807,5701
 7370,62101.531, 6.940,5701
 7371,62108.844, 7.311,5701
 7372,62114.871, 6.028,5701
 7373,62121.211, 6.338,5701
 7374,62127.520, 6.309,5701
 7375,62133.828, 6.306,5701
 7376,62140.910, 7.087,5701
 7377,62149.703, 8.792,5701
 7378,62157.348, 7.644,5701
 7379,62164.023, 6.674,5701
 7380,62171.082, 7.060,5701
 7381,62178.164, 7.081,5701
 7382,62185.023, 6.859,5701
 7383,62192.578, 7.558,5701
 7384,62198.879, 6.298,5701
 7385,62206.391, 7.513,5701
 7386,62212.637, 6.243,5701
 7387,62219.645, 7.009,5701
 7388,62227.746, 8.104,5701
 7389,62235.195, 7.449,5701
 7390,62241.602, 6.409,5701
 7391,62247.813, 6.208,5701
 7392,62254.133, 6.317,5701
 7393,62261.418, 7.289,5701
 7394,62268.547, 7.128,5701
 7395,62275.676, 7.127,5701
 7396,62282.109, 6.437,5701
 7397,62290.016, 7.905,5701
 7398,62296.637, 6.618,5701
 7399,62303.762, 7.131,5701
 7400,62310.574, 6.810,5701
 7401,62317.168, 6.592,5701
 7402,62324.727, 7.559,5701
 7403,62332.082, 7.355,5701
 7404,62339.418, 7.339,5701
 7405,62346.027, 6.608,5701
 7406,62353.117, 7.092,5701
 7407,62360.051, 6.931,5701
 7408,62366.738, 6.690,5701
 7409,62374.613, 7.873,5701
 7410,62382.246, 7.634,5701
 7411,62389.695, 7.446,5701
 7412,62396.797, 7.099,5701
 7413,62404.418, 7.628,5701
 7414,62412.043, 7.621,5701
 7415,62419.102, 7.060,5701
 7416,62426.227, 7.127,5701
 7417,62432.711, 6.481,5701
 7418,62439.172, 6.460,5701
 7419,62446.156, 6.987,5701
 7420,62452.398, 6.242,5701
 7421,62459.785, 7.390,5701
 7422,62466.594, 6.804,5701
 7423,62473.930, 7.338,5701
 7424,62481.578, 7.647,5701
 7425,62487.988, 6.408,5701
 7426,62494.410, 6.427,5701
 7427,62501.512, 7.099,5701
 7428,62509.555, 8.042,5701
 7429,62517.395, 7.842,5701
 7430,62525.555, 8.157,5701
 7431,62534.484, 8.932,5701
 7432,62543.688, 9.202,5701
 7433,62550.805, 7.118,5701
 7434,62557.684, 6.876,5701
 7435,62565.113, 7.435,5701
 7436,62571.930, 6.813,5701
 7437,62579.242, 7.314,5701
 7438,62586.570, 7.327,5701
 7439,62594.184, 7.614,5701
 7440,62600.965, 6.781,5701
 7441,62608.098, 7.132,5701
 7442,62616.027, 7.928,5701
 7443,62623.047, 7.022,5701
 7444,62631.922, 8.875,5701
 7445,62640.492, 8.568,5701
 7446,62648.453, 7.966,5701
 7447,62656.008, 7.551,5701
 7448,62662.887, 6.881,5701
 7449,62669.996, 7.107,5701
 7450,62677.102, 7.109,5701
 7451,62683.945, 6.842,5701
 7452,62690.906, 6.961,5701
 7453,62698.078, 7.171,5701
 7454,62705.379, 7.300,5701
 7455,62712.441, 7.066,5701
 7456,62719.320, 6.875,5701
 7457,62726.336, 7.015,5701
 7458,62733.379, 7.047,5701
 7459,62740.574, 7.193,5701
 7460,62747.465, 6.890,5701
 7461,62754.609, 7.148,5701
 7462,62761.891, 7.278,5701
 7463,62769.176, 7.286,5701
 7464,62776.191, 7.014,5701
 7465,62783.391, 7.200,5701
 7466,62790.316, 6.926,5701
 7467,62796.570, 6.254,5701
 7468,62803.465, 6.894,5701
 7469,62810.633, 7.168,5701
 7470,62817.035, 6.402,5701
 7471,62824.332, 7.297,5701
 7472,62830.613, 6.283,5701
 7473,62837.082, 6.469,5701
 7474,62844.203, 7.119,5701
 7475,62850.570, 6.370,5701
 7476,62856.918, 6.346,5701
 7477,62863.563, 6.644,5701
 7478,62870.645, 7.079,5701
 7479,62876.938, 6.300,5701
 7480,62883.391, 6.451,5701
 7481,62891.012, 7.617,5701
 7482,62898.656, 7.647,5701
 7483,62905.246, 6.590,5701
 7484,62912.082, 6.838,5701
 7485,62918.852, 6.769,5701
 7486,62930.027,11.174,5701
 7487,62941.281,11.258,5701
 7488,62950.945, 9.662,5701
 7489,62960.922, 9.978,5701
 7490,62969.387, 8.460,5701
 7491,62979.090, 9.705,5701
 7492,62987.227, 8.139,5701
 7493,62998.508,11.278,5701
 7494,63007.324, 8.818,5701
 7495,63019.223,11.898,5701
 7496,63030.488,11.265,5701
 7497,63039.164, 8.673,5701
 7498,63046.016, 6.855,5701
 7499,63053.059, 7.042,5701
 7500,63060.320, 7.261,5701
 7501,63066.641, 6.319,5701
 7502,63073.211, 6.573,5701
 7503,63079.699, 6.487,5701
 7504,63086.715, 7.016,5701
 7505,63093.145, 6.428,5701
 7506,63100.332, 7.191,5701
 7507,63107.602, 7.272,5701
 7508,63114.730, 7.127,5701
 7509,63122.355, 7.621,5701
 7510,63129.168, 6.813,5701
 7511,63136.160, 6.992,5701
 7512,63144.828, 8.667,5701
 7513,63151.543, 6.717,5701
 7514,63158.535, 6.994,5701
 7515,63166.309, 7.772,5701
 7516,63172.875, 6.567,5701
 7517,63180.348, 7.473,5701
 7518,63186.938, 6.591,5701
 7519,63194.602, 7.662,5701
 7520,63202.398, 7.799,5701
 7521,63209.922, 7.524,5701
 7522,63216.434, 6.510,5701
 7523,63222.973, 6.538,5701
 7524,63229.602, 6.629,5701
 7525,63236.637, 7.032,5701
 7526,63244.395, 7.761,5733
 7527,63252.074, 7.681,5733
 7528,63260.664, 8.587,5733
 7529,63267.434, 6.774,5733
 7530,63275.121, 7.686,5733
 7531,63282.246, 7.124,5733
 7532,63289.152, 6.906,5733
 7533,63295.746, 6.593,5733
 7534,63302.730, 6.986,5733
 7535,63310.359, 7.627,5733
 7536,63317.395, 7.036,5733
 7537,63325.258, 7.864,5733
 7538,63333.637, 8.377,5733
 7539,63340.590, 6.956,5733
 7540,63347.953, 7.363,5733
 7541,63356.047, 8.093,5733
 7542,63362.906, 6.862,5733
 7543,63369.914, 7.006,5733
 7544,63377.402, 7.487,5733
 7545,63384.555, 7.154,5733
 7546,63392.023, 7.468,5733
 7547,63398.691, 6.666,5733
 7548,63405.320, 6.629,5733
 7549,63411.629, 6.307,5733
 7550,63418.324, 6.698,5733
 7551,63425.242, 6.919,5733
 7552,63432.422, 7.179,5733
 7553,63439.984, 7.561,5733
 7554,63447.910, 7.927,5733
 7555,63455.504, 7.592,5733
 7556,63462.887, 7.384,5733
 7557,63470.977, 8.089,5733
 7558,63477.410, 6.436,5733
 7559,63484.742, 7.332,5733
 7560,63491.301, 6.555,5733
 7561,63498.742, 7.446,5733
 7562,63505.656, 6.910,5733
 7563,63513.305, 7.649,5733
 7564,63521.477, 8.170,5733
 7565,63528.684, 7.209,5733
 7566,63535.820, 7.136,5733
 7567,63542.797, 6.978,5733
 7568,63550.387, 7.592,5733
 7569,63557.586, 7.198,5733
 7570,63565.629, 8.043,5733
 7571,63572.012, 6.382,5733
 7572,63579.188, 7.176,5733
 7573,63585.402, 6.217,5733
 7574,63592.527, 7.122,5733
 7575,63600.211, 7.684,5733
 7576,63607.586, 7.377,5733
 7577,63615.355, 7.770,5733
 7578,63622.430, 7.075,5733
 7579,63629.438, 7.007,5733
 7580,63636.941, 7.504,5733
 7581,63644.395, 7.453,5733
 7582,63650.867, 6.472,5733
 7583,63657.488, 6.620,5733
 7584,63664.449, 6.965,5733
 7585,63672.262, 7.811,5733
 7586,63680.148, 7.885,5733
 7587,63686.883, 6.736,5733
 7588,63693.398, 6.515,5733
 7589,63700.699, 7.301,5733
 7590,63707.645, 6.942,5733
 7591,63716.102, 8.460,5733
 7592,63724.480, 8.375,5733
 7593,63732.113, 7.637,5733
 7594,63739.746, 7.630,5733
 7595,63746.426, 6.681,5733
 7596,63752.676, 6.248,5733
 7597,63760.133, 7.458,5733
 7598,63767.324, 7.193,5733
 7599,63773.824, 6.499,5733
 7600,63781.414, 7.592,5733
 7601,63788.930, 7.517,5733
 7602,63795.945, 7.014,5733
 7603,63802.902, 6.957,5733
 7604,63810.250, 7.346,5733
 7605,63817.535, 7.284,5733
 7606,63825.242, 7.710,5733
 7607,63831.617, 6.375,5733
 7608,63839.203, 7.586,5733
 7609,63845.898, 6.693,5733
 7610,63853.035, 7.137,5733
 7611,63860.766, 7.733,5733
 7612,63867.090, 6.321,5733
 7613,63874.438, 7.350,5733
 7614,63882.508, 8.067,5733
 7615,63889.363, 6.856,5733
 7616,63897.266, 7.903,5733
 7617,63904.082, 6.817,5733
 7618,63911.805, 7.722,5733
 7619,63918.695, 6.891,5733
 7620,63925.371, 6.677,5733
 7621,63932.121, 6.753,5733
 7622,63938.840, 6.713,5733
 7623,63946.699, 7.861,5733
 7624,63954.195, 7.494,5733
 7625,63961.184, 6.991,5733
 7626,63967.781, 6.598,5733
 7627,63975.098, 7.318,5733
 7628,63981.707, 6.605,5733
 7629,63990.348, 8.641,5733
 7630,63998.320, 7.973,5733
 7631,64006.090, 7.772,5733
 7632,64013.148, 7.054,5733
 7633,64021.004, 7.860,5733
 7634,64028.082, 7.076,5733
 7635,64035.297, 7.215,5733
 7636,64041.613, 6.319,5733
 7637,64048.070, 6.457,5733
 7638,64055.043, 6.972,5733
 7639,64062.113, 7.069,5733
 7640,64069.293, 7.177,5733
 7641,64075.398, 6.108,5733
 7642,64082.016, 6.617,5733
 7643,64088.301, 6.285,5733
 7644,64095.223, 6.923,5733
 7645,64101.500, 6.278,5733
 7646,64109.750, 8.251,5733
 7647,64118.121, 8.372,5733
 7648,64125.652, 7.525,5733
 7649,64133.707, 8.059,5733
 7650,64141.066, 7.360,5733
 7651,64148.539, 7.469,5733
 7652,64155.203, 6.667,5733
 7653,64161.391, 6.186,5733
 7654,64167.785, 6.397,5733
 7655,64174.004, 6.217,5733
 7656,64181.371, 7.365,5733
 7657,64188.473, 7.101,5733
 7658,64195.668, 7.197,5733
 7659,64202.949, 7.285,5733
 7660,64210.094, 7.142,5733
 7661,64216.742, 6.649,5733
 7662,64223.609, 6.866,5733
 7663,64230.742, 7.134,5733
 7664,64237.352, 6.609,5733
 7665,64244.430, 7.079,5733
 7666,64252.188, 7.757,5733
 7667,64259.469, 7.277,5733
 7668,64265.711, 6.245,5733
 7669,64272.852, 7.139,5733
 7670,64280.578, 7.731,5733
 7671,64288.133, 7.552,5733
 7672,64294.715, 6.585,5733
 7673,64302.133, 7.416,5733
 7674,64309.195, 7.060,5733
 7675,64315.719, 6.527,5733
 7676,64321.938, 6.217,5733
 7677,64328.852, 6.915,5733
 7678,64336.582, 7.732,5733
 7679,64344.211, 7.626,5733
 7680,64351.148, 6.939,5733
 7681,64360.383, 9.233,5733
 7682,64366.816, 6.434,5733
 7683,64373.113, 6.301,5733
 7684,64379.355, 6.237,5733
 7685,64385.813, 6.457,5733
 7686,64392.738, 6.927,5733
 7687,64399.297, 6.558,5733
 7688,64405.645, 6.347,5733
 7689,64412.582, 6.941,5733
 7690,64418.805, 6.217,5733
 7691,64426.531, 7.730,5733
 7692,64434.199, 7.667,5733
 7693,64441.711, 7.514,5733
 7694,64448.395, 6.685,5733
 7695,64455.609, 7.212,5733
 7696,64463.191, 7.581,5733
 7697,64469.945, 6.758,5733
 7698,64477.234, 7.285,5733
 7699,64485.051, 7.818,5733
 7700,64492.832, 7.781,5733
 7701,64500.809, 7.975,5733
 7702,64509.465, 8.657,5733
 7703,64518.617, 9.157,5733
 7704,64525.633, 7.009,5733
 7705,64532.836, 7.204,5733
 7706,64540.484, 7.647,5733
 7707,64548.250, 7.772,5733
 7708,64556.375, 8.122,5733
 7709,64563.793, 7.416,5733
 7710,64571.148, 7.357,5733
 7711,64579.199, 8.052,5733
 7712,64587.219, 8.021,5733
 7713,64595.215, 7.994,5733
 7714,64603.355, 8.139,5733
 7715,64610.508, 7.152,5733
 7716,64619.070, 8.564,5733
 7717,64627.777, 8.707,5733
 7718,64635.254, 7.478,5733
 7719,64642.777, 7.524,5733
 7720,64650.855, 8.075,5733
 7721,64657.922, 7.070,5733
 7722,64664.395, 6.471,5733
 7723,64671.555, 7.160,5733
 7724,64678.203, 6.649,5733
 7725,64685.363, 7.160,5733
 7726,64692.313, 6.948,5733
 7727,64698.648, 6.335,5733
 7728,64705.684, 7.034,5733
 7729,64713.156, 7.476,5733
 7730,64719.406, 6.251,5733
 7731,64725.938, 6.530,5733
 7732,64733.055, 7.118,5733
 7733,64740.371, 7.313,5733
 7734,64746.652, 6.284,5733
 7735,64753.719, 7.065,5733
 7736,64760.598, 6.880,5733
 7737,64768.520, 7.921,5733
 7738,64775.523, 7.004,5733
 7739,64781.828, 6.306,5733
 7740,64788.844, 7.015,5733
 7741,64795.109, 6.266,5733
 7742,64802.363, 7.252,5733
 7743,64809.793, 7.428,5733
 7744,64816.266, 6.476,5733
 7745,64823.566, 7.301,5733
 7746,64830.445, 6.879,5733
 7747,64837.262, 6.818,5733
 7748,64844.273, 7.012,5733
 7749,64851.836, 7.560,5733
 7750,64858.469, 6.629,5733
 7751,64865.484, 7.019,5733
 7752,64872.676, 7.189,5733
 7753,64879.266, 6.594,5733
 7754,64886.262, 6.996,5733
 7755,64894.191, 7.929,5733
 7756,64901.570, 7.378,5733
 7757,64908.992, 7.422,5733
 7758,64916.297, 7.303,5733
 7759,64923.418, 7.123,5733
 7760,64930.488, 7.069,5733
 7761,64938.387, 7.901,5733
 7762,64945.820, 7.430,5733
 7763,64952.750, 6.933,5733
 7764,64960.027, 7.275,5733
 7765,64967.035, 7.011,5733
 7766,64973.840, 6.803,5733
 7767,64981.285, 7.447,5733
 7768,64988.363, 7.077,5733
 7769,64995.355, 6.992,5733
 7770,65002.629, 7.271,5733
 7771,65009.160, 6.533,5733
 7772,65015.559, 6.400,5733
 7773,65021.762, 6.203,5733
 7774,65029.438, 7.676,5733
 7775,65035.672, 6.232,5733
 7776,65043.281, 7.612,5733
 7777,65051.434, 8.150,5733
 7778,65060.352, 8.917,5733
 7779,65067.332, 6.982,5733
 7780,65074.723, 7.391,5733
 7781,65081.320, 6.596,5733
 7782,65087.574, 6.255,5733
 7783,65093.777, 6.203,5733
 7784,65100.785, 7.008,5733
 7785,65107.922, 7.137,5733
 7786,65115.129, 7.205,5733
 7787,65121.949, 6.824,5733
 7788,65129.566, 7.616,5733
 7789,65136.262, 6.695,5733
 7790,65142.906, 6.647,5733
 7791,65150.070, 7.163,5733
 7792,65158.195, 8.121,5733
 7793,65164.844, 6.650,5733
 7794,65171.422, 6.581,5733
 7795,65178.930, 7.507,5733
 7796,65186.422, 7.493,5733
 7797,65193.965, 7.537,5733
 7798,65201.469, 7.506,5733
 7799,65208.898, 7.430,5733
 7800,65215.359, 6.463,5733
 7801,65222.645, 7.283,5733
 7802,65231.004, 8.359,5733
 7803,65240.313, 9.310,5733
 7804,65248.254, 7.944,5733
 7805,65256.266, 8.011,5733
 7806,65263.652, 7.386,5733
 7807,65270.543, 6.891,5733
 7808,65278.691, 8.149,5733
 7809,65286.613, 7.923,5733
 7810,65294.211, 7.595,5733
 7811,65300.859, 6.646,5733
 7812,65307.883, 7.027,5733
 7813,65314.895, 7.010,5733
 7814,65320.922, 6.028,5733
 7815,65328.133, 7.211,5733
 7816,65334.418, 6.288,5733
 7817,65341.574, 7.153,5733
 7818,65347.676, 6.101,5733
 7819,65354.637, 6.959,5733
 7820,65362.914, 8.283,5733
 7821,65369.355, 6.436,5733
 7822,65376.484, 7.130,5733
 7823,65383.570, 7.088,5733
 7824,65391.070, 7.499,5733
 7825,65397.199, 6.130,5733
 7826,65403.426, 6.229,5733
 7827,65409.738, 6.308,5733
 7828,65415.902, 6.167,5733
 7829,65422.000, 6.095,5733
 7830,65428.762, 6.765,5733
 7831,65435.020, 6.254,5733
 7832,65442.188, 7.171,5733
 7833,65449.043, 6.854,5733
 7834,65455.598, 6.556,5733
 7835,65462.066, 6.470,5733
 7836,65468.840, 6.770,5733
 7837,65476.160, 7.320,5733
 7838,65482.434, 6.274,5733
 7839,65488.777, 6.346,5733
 7840,65495.102, 6.325,5733
 7841,65501.371, 6.265,5733
 7842,65508.441, 7.072,5733
 7843,65514.605, 6.166,5733
 7844,65520.684, 6.075,5733
 7845,65527.578, 6.896,5733
 7846,65534.684, 7.107,5733
 7847,65542.234, 7.545,5733
 7848,65548.852, 6.625,5733
 7849,65556.000, 7.144,5733
 7850,65563.016, 7.022,5733
 7851,65570.750, 7.731,5733
 7852,65579.063, 8.306,5733
 7853,65585.609, 6.548,5733
 7854,65592.594, 6.986,5733
 7855,65599.781, 7.189,5733
 7856,65606.531, 6.750,5733
 7857,65612.781, 6.252,5733
 7858,65619.086, 6.300,5733
 7859,65626.180, 7.097,5733
 7860,65632.258, 6.075,5733
 7861,65639.117, 6.861,5733
 7862,65645.516, 6.398,5733
 7863,65651.891, 6.372,5733
 7864,65658.852, 6.966,5733
 7865,65666.375, 7.518,5733
 7866,65674.359, 7.992,5733
 7867,65682.617, 8.253,5733
 7868,65689.797, 7.178,5733
 7869,65696.273, 6.482,5733
 7870,65702.742, 6.463,5733
 7871,65710.289, 7.548,5733
 7872,65717.977, 7.691,5733
 7873,65725.148, 7.172,5733
 7874,65732.961, 7.816,5733
 7875,65740.688, 7.725,5733
 7876,65748.344, 7.656,5733
 7877,65755.742, 7.393,5733
 7878,65763.281, 7.546,5733
 7879,65770.781, 7.494,5733
 7880,65777.375, 6.594,5733
 7881,65785.352, 7.984,5733
 7882,65792.984, 7.625,5733
 7883,65800.695, 7.715,5733
 7884,65807.516, 6.822,5733
 7885,65814.961, 7.441,5733
 7886,65822.078, 7.119,5733
 7887,65830.094, 8.016,5733
 7888,65838.672, 8.582,5733
 7889,65845.953, 7.275,5733
 7890,65853.391, 7.437,5733
 7891,65860.102, 6.712,5733
 7892,65868.195, 8.099,5733
 7893,65876.195, 7.996,5733
 7894,65883.727, 7.528,5733
 7895,65890.570, 6.843,5733
 7896,65897.625, 7.060,5733
 7897,65905.664, 8.040,5733
 7898,65912.523, 6.856,5733
 7899,65920.500, 7.977,5733
 7900,65927.195, 6.697,5733
 7901,65934.586, 7.390,5733
 7902,65942.422, 7.833,5733
 7903,65948.844, 6.424,5733
 7904,65956.281, 7.434,5733
 7905,65963.313, 7.038,5733
 7906,65971.141, 7.828,5733
 7907,65978.016, 6.875,5733
 7908,65984.883, 6.865,5733
 7909,65992.500, 7.613,5733
 7910,66000.039, 7.542,5733
 7911,66006.828, 6.791,5733
 7912,66013.641, 6.812,5733
 7913,66019.859, 6.219,5733
 7914,66027.297, 7.437,5733
 7915,66034.453, 7.152,5733
 7916,66041.617, 7.169,5733
 7917,66048.539, 6.919,5733
 7918,66054.836, 6.300,5733
 7919,66061.984, 7.151,5733
 7920,66070.883, 8.893,5733
 7921,66079.453, 8.574,5733
 7922,66087.328, 7.873,5733
 7923,66094.492, 7.162,5733
 7924,66100.688, 6.195,5733
 7925,66107.547, 6.858,5733
 7926,66114.695, 7.151,5733
 7927,66121.039, 6.343,5733
 7928,66127.422, 6.381,5733
 7929,66133.805, 6.385,5733
 7930,66140.281, 6.479,5733
 7931,66146.594, 6.310,5733
 7932,66154.141, 7.550,5733
 7933,66162.578, 8.436,5733
 7934,66170.102, 7.523,5733
 7935,66176.859, 6.756,5733
 7936,66183.797, 6.941,5733
 7937,66190.086, 6.289,5733
 7938,66196.813, 6.725,5733
 7939,66203.078, 6.262,5733
 7940,66210.164, 7.086,5733
 7941,66217.594, 7.434,5733
 7942,66224.023, 6.429,5733
 7943,66230.953, 6.932,5733
 7944,66238.289, 7.331,5733
 7945,66244.602, 6.318,5733
 7946,66251.742, 7.132,5733
 7947,66260.617, 8.882,5733
 7948,66268.508, 7.892,5733
 7949,66276.758, 8.247,5733
 7950,66284.813, 8.056,5733
 7951,66291.055, 6.240,5733
 7952,66297.688, 6.632,5733
 7953,66304.727, 7.042,5733
 7954,66311.164, 6.435,5733
 7955,66318.461, 7.297,5733
 7956,66325.234, 6.775,5733
 7957,66331.500, 6.266,5733
 7958,66338.586, 7.084,5733
 7959,66344.852, 6.269,5733
 7960,66351.852, 6.995,5733
 7961,66359.156, 7.307,5733
 7962,66365.367, 6.211,5733
 7963,66372.359, 6.992,5733
 7964,66378.555, 6.192,5733
 7965,66384.797, 6.249,5733
 7966,66390.859, 6.063,5733
 7967,66397.492, 6.626,5733
 7968,66404.766, 7.278,5733
 7969,66412.055, 7.282,5733
 7970,66418.742, 6.695,5733
 7971,66426.883, 8.141,5733
 7972,66434.070, 7.184,5733
 7973,66441.555, 7.482,5733
 7974,66448.617, 7.065,5733
 7975,66456.063, 7.443,5733
 7976,66464.336, 8.277,5733
 7977,66471.320, 6.982,5733
 7978,66479.219, 7.897,5733
 7979,66485.867, 6.651,5733
 7980,66493.859, 7.996,5733
 7981,66502.281, 8.419,5733
 7982,66509.422, 7.138,5733
 7983,66517.398, 7.978,5733
 7984,66524.063, 6.660,5733
 7985,66531.773, 7.713,5733
 7986,66539.789, 8.021,5733
 7987,66547.742, 7.947,5733
 7988,66555.359, 7.621,5733
 7989,66562.859, 7.502,5733
 7990,66570.227, 7.361,5733
 7991,66578.109, 7.886,5733
 7992,66585.516, 7.407,5733
 7993,66592.305, 6.787,5733
 7994,66599.070, 6.765,5733
 7995,66606.531, 7.462,5733
 7996,66613.609, 7.077,5733
 7997,66619.703, 6.097,5733
 7998,66626.617, 6.913,5733
 7999,66633.688, 7.071,5733
 8000,66640.797, 7.106,5733
 8001,66647.898, 7.103,5733
 8002,66654.180, 6.283,5733
 8003,66660.547, 6.370,5733
 8004,66667.555, 7.003,5733
 8005,66673.711, 6.154,5733
 8006,66680.633, 6.930,5733
 8007,66687.922, 7.286,5733
 8008,66694.008, 6.090,5733
 8009,66700.836, 6.824,5733
 8010,66707.078, 6.241,5733
 8011,66714.391, 7.308,5733
 8012,66720.391, 6.007,5733
 8013,66727.938, 7.545,5733
 8014,66735.039, 7.096,5733
 8015,66742.422, 7.384,5733
 8016,66748.781, 6.364,5733
 8017,66755.000, 6.223,5733
 8018,66761.266, 6.265,5733
 8019,66767.430, 6.162,5733
 8020,66773.859, 6.428,5733
 8021,66779.969, 6.111,5733
 8022,66786.172, 6.199,5733
 8023,66793.172, 7.006,5733
 8024,66800.133, 6.959,5733
 8025,66807.180, 7.049,5733
 8026,66813.336, 6.152,5733
 8027,66820.555, 7.215,5733
 8028,66827.477, 6.926,5733
 8029,66834.586, 7.112,5733
 8030,66841.234, 6.646,5733
 8031,66850.078, 8.839,5733
 8032,66858.500, 8.425,5733
 8033,66866.492, 7.993,5733
 8034,66873.625, 7.135,5733
 8035,66880.188, 6.562,5733
 8036,66887.570, 7.382,5733
 8037,66894.781, 7.208,5733
 8038,66902.156, 7.381,5733
 8039,66908.984, 6.829,5733
 8040,66915.875, 6.883,5733
 8041,66923.305, 7.437,5733
 8042,66930.398, 7.091,5733
 8043,66937.648, 7.247,5733
 8044,66945.281, 7.632,5733
 8045,66953.242, 7.962,5733
 8046,66959.789, 6.552,5733
 8047,66966.305, 6.513,5733
 8048,66973.352, 7.051,5733
 8049,66981.102, 7.742,5733
 8050,66987.336, 6.240,5733
 8051,66994.281, 6.944,5733
 8052,67000.227, 5.943,5733
 8053,67006.586, 6.358,5733
 8054,67013.648, 7.066,5733
 8055,67021.422, 7.769,5733
 8056,67028.078, 6.659,5733
 8057,67034.406, 6.327,5733
 8058,67042.195, 7.791,5733
 8059,67050.156, 7.964,5733
 8060,67056.836, 6.678,5733
 8061,67064.016, 7.181,5733
 8062,67070.586, 6.570,5733
 8063,67077.258, 6.668,5733
 8064,67084.758, 7.504,5733
 8065,67091.547, 6.788,5733
 8066,67099.391, 7.842,5733
 8067,67107.039, 7.644,5733
 8068,67113.883, 6.849,5733
 8069,67121.313, 7.432,5733
 8070,67127.883, 6.567,5733
 8071,67135.266, 7.383,5733
 8072,67141.836, 6.572,5733
 8073,67148.688, 6.855,5733
 8074,67156.148, 7.455,5733
 8075,67163.430, 7.281,5733
 8076,67170.422, 6.992,5733
 8077,67178.422, 8.001,5733
 8078,67185.844, 7.418,5733
 8079,67193.156, 7.312,5733
 8080,67199.945, 6.794,5733
 8081,67207.297, 7.358,5733
 8082,67213.539, 6.238,5733
 8083,67220.453, 6.913,5733
 8084,67227.414, 6.960,5733
 8085,67234.711, 7.294,5733
 8086,67242.883, 8.179,5733
 8087,67250.133, 7.245,5733
 8088,67257.320, 7.189,5733
 8089,67264.438, 7.118,5733
 8090,67271.867, 7.428,5733
 8091,67279.125, 7.256,5733
 8092,67285.508, 6.384,5733
 8093,67292.945, 7.443,5733
 8094,67300.383, 7.427,5733
 8095,67306.563, 6.189,5733
 8096,67313.430, 6.863,5733
 8097,67320.492, 7.062,5733
 8098,67326.719, 6.227,5733
 8099,67332.789, 6.066,5733
 8100,67339.219, 6.431,5733
 8101,67345.438, 6.220,5733
 8102,67351.773, 6.336,5733
 8103,67358.820, 7.052,5733
 8104,67366.273, 7.448,5733
 8105,67372.391, 6.117,5733
 8106,67379.523, 7.137,5733
 8107,67386.000, 6.477,5733
 8108,67392.641, 6.638,5733
 8109,67398.711, 6.065,5733
 8110,67405.688, 6.989,5733
 8111,67411.891, 6.196,5733
 8112,67418.789, 6.894,5733
 8113,67426.055, 7.263,5733
 8114,67432.203, 6.155,5733
 8115,67439.078, 6.869,5733
 8116,67446.188, 7.113,5733
 8117,67453.102, 6.915,5733
 8118,67459.172, 6.074,5733
 8119,67465.391, 6.215,5733
 8120,67472.180, 6.788,5733
 8121,67478.656, 6.485,5733
 8122,67485.258, 6.600,5733
 8123,67492.164, 6.898,5733
 8124,67498.375, 6.210,5733
 8125,67504.547, 6.179,5733
 8126,67510.602, 6.054,5733
 8127,67517.586, 6.988,5733
 8128,67523.602, 6.014,5733
 8129,67530.406, 6.798,5733
 8130,67536.391, 5.981,5733
 8131,67542.617, 6.235,5733
 8132,67549.047, 6.424,5733
 8133,67555.977, 6.937,5733
 8134,67562.281, 6.306,5733
 8135,67569.859, 7.572,5733
 8136,67575.891, 6.030,5733
 8137,67582.219, 6.329,5733
 8138,67589.320, 7.108,5733
 8139,67596.078, 6.754,5733
 8140,67603.211, 7.130,5733
 8141,67609.781, 6.572,5733
 8142,67616.773, 6.988,5733
 8143,67625.000, 8.232,5733
 8144,67633.258, 8.261,5733
 8145,67639.781, 6.521,5733
 8146,67646.531, 6.746,5733
 8147,67653.242, 6.713,5733
 8148,67660.125, 6.883,5733
 8149,67666.406, 6.283,5733
 8150,67672.453, 6.045,5733
 8151,67679.359, 6.912,5733
 8152,67685.992, 6.632,5733
 8153,67693.281, 7.288,5733
 8154,67699.758, 6.474,5733
 8155,67705.906, 6.145,5733
 8156,67712.117, 6.208,5733
 8157,67719.195, 7.085,5733
 8158,67725.320, 6.130,5733
 8159,67733.266, 7.937,5733
 8160,67739.531, 6.271,5733
 8161,67746.992, 7.460,5733
 8162,67754.273, 7.279,5733
 8163,67761.172, 6.897,5733
 8164,67768.680, 7.511,5733
 8165,67775.539, 6.856,5733
 8166,67781.828, 6.294,5733
 8167,67788.109, 6.275,5733
 8168,67794.336, 6.233,5733
 8169,67801.398, 7.053,5733
 8170,67808.203, 6.812,5733
 8171,67815.766, 7.555,5733
 8172,67823.297, 7.541,5733
 8173,67829.961, 6.665,5733
 8174,67837.508, 7.544,5733
 8175,67844.969, 7.464,5733
 8176,67852.953, 7.983,5733
 8177,67861.117, 8.156,5733
 8178,67868.242, 7.130,5733
 8179,67874.828, 6.585,5733
 8180,67882.016, 7.189,5733
 8181,67889.180, 7.161,5733
 8182,67895.648, 6.472,5733
 8183,67902.539, 6.893,5733
 8184,67910.266, 7.728,5733
 8185,67916.875, 6.606,5733
 8186,67924.422, 7.544,5733
 8187,67932.422, 7.997,5733
 8188,67939.813, 7.391,5733
 8189,67945.938, 6.132,5733
 8190,67952.742, 6.802,5733
 8191,67959.617, 6.876,5733
 8192,67966.727, 7.104,5733
 8193,67974.023, 7.305,5733
 8194,67981.063, 7.030,5733
 8195,67987.406, 6.346,5733
 8196,67994.602, 7.199,5733
 8197,68002.383, 7.774,5733
 8198,68008.805, 6.423,5733
 8199,68015.641, 6.842,5733
 8200,68023.664, 8.026,5733
 8201,68033.047, 9.380,5733
 8202,68039.961, 6.913,5733
 8203,68047.883, 7.925,5733
 8204,68054.633, 6.747,5733
 8205,68062.070, 7.434,5733
 8206,68069.313, 7.249,5733
 8207,68076.820, 7.501,5733
 8208,68083.852, 7.035,5733
 8209,68090.086, 6.228,5733
 8210,68096.203, 6.123,5733
 8211,68102.398, 6.196,5733
 8212,68109.289, 6.895,5733
 8213,68116.680, 7.388,5733
 8214,68123.281, 6.600,5733
 8215,68129.516, 6.231,5733
 8216,68136.414, 6.898,5733
 8217,68143.344, 6.933,5733
 8218,68149.969, 6.625,5733
 8219,68156.758, 6.788,5733
 8220,68163.609, 6.858,5733
 8221,68169.617, 6.005,5733
 8222,68175.750, 6.128,5733
 8223,68181.727, 5.979,5733
 8224,68187.906, 6.178,5733
 8225,68193.969, 6.070,5733
 8226,68199.922, 5.946,5733
 8227,68206.641, 6.726,5733
 8228,68213.688, 7.048,5733
 8229,68220.664, 6.973,5733
 8230,68228.359, 7.699,5733
 8231,68235.781, 7.411,5733
 8232,68242.805, 7.024,5733
 8233,68248.945, 6.142,5733
 8234,68255.008, 6.069,5733
 8235,68261.734, 6.723,5733
 8236,68268.805, 7.071,5733
 8237,68275.703, 6.897,5733
 8238,68281.836, 6.135,5733
 8239,68288.609, 6.774,5733
 8240,68295.633, 7.020,5733
 8241,68301.820, 6.187,5733
 8242,68307.828, 6.004,5733
 8243,68313.656, 5.839,5733
 8244,68319.797, 6.135,5733
 8245,68326.633, 6.839,5733
 8246,68333.859, 7.221,5733
 8247,68340.734, 6.875,5733
 8248,68347.867, 7.134,5733
 8249,68354.844, 6.978,5733
 8250,68362.672, 7.835,5733
 8251,68369.688, 7.011,5733
 8252,68376.883, 7.189,5733
 8253,68383.820, 6.942,5733
 8254,68390.766, 6.945,5733
 8255,68397.469, 6.704,5733
 8256,68403.773, 6.301,5733
 8257,68412.070, 8.299,5733
 8258,68420.758, 8.681,5733
 8259,68427.570, 6.823,5733
 8260,68434.586, 7.010,5733
 8261,68441.523, 6.942,5733
 8262,68448.867, 7.342,5733
 8263,68456.625, 7.755,5733
 8264,68463.508, 6.886,5733
 8265,68471.656, 8.149,5733
 8266,68478.773, 7.109,5733
 8267,68486.508, 7.742,5733
 8268,68493.391, 6.877,5733
 8269,68500.594, 7.205,5733
 8270,68507.164, 6.574,5733
 8271,68513.938, 6.776,5733
 8272,68521.297, 7.355,5733
 8273,68529.656, 8.361,5733
 8274,68537.969, 8.316,5733
 8275,68545.492, 7.515,5733
 8276,68552.883, 7.396,5733
 8277,68560.305, 7.424,5733
 8278,68566.328, 6.023,5733
 8279,68572.586, 6.256,5733
 8280,68579.289, 6.704,5733
 8281,68586.102, 6.805,5733
 8282,68592.945, 6.847,5733
 8283,68598.930, 5.991,5733
 8284,68605.742, 6.802,5733
 8285,68612.664, 6.928,5733
 8286,68618.641, 5.978,5733
 8287,68624.773, 6.129,5733
 8288,68631.992, 7.224,5733
 8289,68638.188, 6.194,5733
 8290,68644.273, 6.088,5733
 8291,68651.984, 7.710,5733
 8292,68658.563, 6.575,5733
 8293,68665.500, 6.934,5733
 8294,68671.656, 6.164,5733
 8295,68678.617, 6.962,5733
 8296,68685.320, 6.703,5733
 8297,68691.617, 6.293,5733
 8298,68698.484, 6.862,5733
 8299,68705.414, 6.927,5733
 8300,68712.656, 7.248,5733
 8301,68718.828, 6.172,5733
 8302,68724.961, 6.137,5733
 8303,68731.648, 6.691,5733
 8304,68738.852, 7.192,5733
 8305,68745.633, 6.787,5733
 8306,68751.844, 6.208,5733
 8307,68758.359, 6.524,5733
 8308,68765.273, 6.912,5733
 8309,68772.164, 6.885,5733
 8310,68779.109, 6.940,5733
 8311,68785.961, 6.857,5733
 8312,68792.930, 6.970,5733
 8313,68800.734, 7.801,5733
 8314,68807.844, 7.115,5733
 8315,68815.125, 7.277,5733
 8316,68821.328, 6.212,5733
 8317,68828.227, 6.889,5733
 8318,68834.289, 6.066,5733
 8319,68840.258, 5.968,5733
 8320,68847.133, 6.874,5733
 8321,68853.289, 6.159,5733
 8322,68860.672, 7.388,5733
 8323,68866.734, 6.050,5733
 8324,68873.570, 6.844,5733
 8325,68880.219, 6.648,5733
 8326,68886.859, 6.636,5733
 8327,68893.133, 6.277,5733
 8328,68900.016, 6.886,5733
 8329,68906.148, 6.130,5733
 8330,68912.055, 5.904,5733
 8331,68919.133, 7.080,5733
 8332,68926.102, 6.963,5733
 8333,68933.500, 7.403,5733
 8334,68940.242, 6.739,5733
 8335,68946.758, 6.518,5733
 8336,68952.945, 6.191,5733
 8337,68959.289, 6.344,5733
 8338,68967.844, 8.549,5733
 8339,68975.383, 7.535,5733
 8340,68982.109, 6.732,5733
 8341,68989.141, 7.028,5733
 8342,68995.352, 6.220,5733
 8343,69002.594, 7.242,5733
 8344,69009.570, 6.974,5733
 8345,69015.969, 6.399,5733
 8346,69022.289, 6.316,5733
 8347,69029.672, 7.389,5733
 8348,69036.875, 7.202,5733
 8349,69044.227, 7.353,5733
 8350,69051.195, 6.967,5733
 8351,69058.398, 7.196,5733
 8352,69065.852, 7.455,5733
 8353,69073.602, 7.756,5733
 8354,69080.531, 6.928,5733
 8355,69087.234, 6.704,5733
 8356,69093.883, 6.647,5733
 8357,69101.703, 7.813,5733
 8358,69108.414, 6.713,5733
 8359,69115.977, 7.572,5733
 8360,69123.539, 7.558,5733
 8361,69130.898, 7.356,5733
 8362,69138.398, 7.498,5733
 8363,69145.859, 7.467,5733
 8364,69153.148, 7.286,5733
 8365,69160.297, 7.152,5733
 8366,69167.406, 7.102,5733
 8367,69174.406, 6.998,5733
 8368,69182.844, 8.444,5733
 8369,69191.313, 8.473,5733
 8370,69198.242, 6.925,5733
 8371,69205.133, 6.893,5733
 8372,69212.664, 7.531,5733
 8373,69218.914, 6.250,5733
 8374,69225.039, 6.121,5733
 8375,69231.383, 6.345,5733
 8376,69238.125, 6.740,5733
 8377,69244.977, 6.858,5733
 8378,69250.938, 5.961,5733
 8379,69256.930, 5.992,5733
 8380,69263.055, 6.118,5733
 8381,69269.266, 6.219,5733
 8382,69275.953, 6.688,5733
 8383,69282.406, 6.447,5733
 8384,69290.070, 7.661,5733
 8385,69296.266, 6.204,5733
 8386,69302.555, 6.285,5733
 8387,69310.391, 7.831,5733
 8388,69316.477, 6.093,5733
 8389,69322.477, 5.999,5733
 8390,69328.367, 5.886,5733
 8391,69334.438, 6.068,5733
 8392,69340.500, 6.066,5733
 8393,69346.461, 5.962,5733
 8394,69352.594, 6.140,5733
 8395,69358.836, 6.237,5733
 8396,69364.914, 6.082,5733
 8397,69370.859, 5.938,5733
 8398,69377.617, 6.762,5733
 8399,69384.648, 7.031,5733
 8400,69391.328, 6.684,5733
 8401,69397.422, 6.086,5733
 8402,69403.445, 6.020,5733
 8403,69409.609, 6.173,5733
 8404,69415.656, 6.047,5733
 8405,69421.633, 5.973,5733
 8406,69428.336, 6.704,5733
 8407,69434.430, 6.091,5733
 8408,69441.102, 6.672,5733
 8409,69448.133, 7.028,5733
 8410,69454.195, 6.070,5733
 8411,69460.555, 6.355,5733
 8412,69466.516, 5.961,5733
 8413,69473.609, 7.095,5733
 8414,69480.180, 6.570,5733
 8415,69486.289, 6.116,5733
 8416,69492.570, 6.280,5733
 8417,69499.703, 7.123,5733
 8418,69506.352, 6.659,5733
 8419,69512.539, 6.185,5733
 8420,69519.531, 6.990,5733
 8421,69525.617, 6.084,5733
 8422,69532.383, 6.763,5733
 8423,69538.234, 5.854,5733
 8424,69544.711, 6.475,5733
 8425,69551.672, 6.966,5733
 8426,69557.953, 6.281,5733
 8427,69564.977, 7.021,5733
 8428,69571.414, 6.440,5733
 8429,69579.125, 7.706,5733
 8430,69586.570, 7.451,5733
 8431,69594.172, 7.599,5733
 8432,69601.000, 6.829,5733
 8433,69607.617, 6.623,5733
 8434,69613.813, 6.192,5733
 8435,69619.773, 5.958,5733
 8436,69626.195, 6.422,5733
 8437,69633.000, 6.811,5733
 8438,69639.063, 6.051,5733
 8439,69646.508, 7.449,5733
 8440,69653.938, 7.432,5733
 8441,69662.195, 8.254,5733
 8442,69670.320, 8.130,5733
 8443,69676.828, 6.506,5733
 8444,69683.867, 7.040,5733
 8445,69690.211, 6.340,5733
 8446,69697.523, 7.318,5733
 8447,69705.070, 7.542,5733
 8448,69711.883, 6.816,5733
 8449,69718.086, 6.201,5733
 8450,69725.844, 7.757,5733
 8451,69732.836, 6.997,5733
 8452,69739.148, 6.305,5733
 8453,69746.867, 7.727,5733
 8454,69754.273, 7.406,5733
 8455,69760.602, 6.328,5733
 8456,69766.969, 6.364,5733
 8457,69774.727, 7.751,5733
 8458,69781.117, 6.397,5733
 8459,69788.297, 7.181,5733
 8460,69794.563, 6.263,5733
 8461,69800.883, 6.324,5733
 8462,69807.703, 6.815,5733
 8463,69815.195, 7.496,5733
 8464,69822.172, 6.978,5733
 8465,69828.758, 6.580,5733
 8466,69835.305, 6.550,5733
 8467,69841.844, 6.537,5733
 8468,69848.078, 6.235,5733
 8469,69855.688, 7.618,5733
 8470,69863.414, 7.717,5733
 8471,69870.805, 7.394,5733
 8472,69878.430, 7.620,5733
 8473,69886.836, 8.407,5733
 8474,69892.938, 6.108,5733
 8475,69899.141, 6.195,5733
 8476,69905.266, 6.132,5733
 8477,69911.344, 6.077,5733
 8478,69918.672, 7.329,5733
 8479,69925.461, 6.782,5733
 8480,69932.438, 6.982,5733
 8481,69938.602, 6.164,5733
 8482,69945.500, 6.901,5733
 8483,69951.859, 6.355,5733
 8484,69958.773, 6.918,5733
 8485,69965.094, 6.318,5733
 8486,69971.383, 6.285,5733
 8487,69980.289, 8.911,5733
 8488,69986.742, 6.446,5733
 8489,69993.969, 7.233,5733
 8490,70000.336, 6.372,5733
 8491,70007.320, 6.984,5733
 8492,70013.688, 6.366,5733
 8493,70019.922, 6.230,5733
 8494,70027.703, 7.783,5733
 8495,70034.813, 7.106,5733
 8496,70040.961, 6.153,5733
 8497,70048.742, 7.775,5733
 8498,70056.273, 7.537,5733
 8499,70062.453, 6.173,5733
 8500,70068.742, 6.291,5733
 8501,70075.172, 6.432,5733
 8502,70081.195, 6.023,5733
 8503,70087.297, 6.107,5733
 8504,70094.867, 7.566,5733
 8505,70101.648, 6.784,5733
 8506,70108.789, 7.136,5733
 8507,70115.641, 6.856,5733
 8508,70121.664, 6.026,5733
 8509,70128.281, 6.614,5733
 8510,70135.547, 7.262,5733
 8511,70141.633, 6.090,5733
 8512,70148.586, 6.954,5733
 8513,70155.336, 6.753,5733
 8514,70161.617, 6.281,5733
 8515,70167.711, 6.082,5733
 8516,70174.547, 6.846,5733
 8517,70181.148, 6.596,5733
 8518,70188.039, 6.889,5733
 8519,70194.930, 6.896,5733
 8520,70200.984, 6.055,5733
 8521,70207.086, 6.095,5733
 8522,70213.195, 6.111,5733
 8523,70219.383, 6.185,5733
 8524,70225.398, 6.021,5733
 8525,70232.680, 7.287,5733
 8526,70239.336, 6.652,5733
 8527,70245.984, 6.652,5733
 8528,70253.266, 7.281,5733
 8529,70259.625, 6.354,5733
 8530,70266.172, 6.544,5733
 8531,70273.289, 7.122,5733
 8532,70279.375, 6.078,5733
 8533,70286.586, 7.216,5733
 8534,70293.078, 6.487,5733
 8535,70299.914, 6.841,5733
 8536,70307.250, 7.341,5733
 8537,70315.000, 7.751,5733
 8538,70321.844, 6.836,5733
 8539,70328.828, 6.990,5733
 8540,70335.445, 6.615,5733
 8541,70343.070, 7.622,5733
 8542,70350.516, 7.445,5733
 8543,70358.875, 8.360,5733
 8544,70367.250, 8.376,5733
 8545,70374.672, 7.423,5733
 8546,70381.555, 6.888,5733
 8547,70388.898, 7.337,5733
 8548,70395.516, 6.619,5733
 8549,70402.141, 6.625,5733
 8550,70408.930, 6.790,5733
 8551,70415.680, 6.751,5733
 8552,70422.352, 6.672,5733
 8553,70428.898, 6.544,5733
 8554,70435.766, 6.862,5733
 8555,70443.375, 7.613,5733
 8556,70451.219, 7.843,5733
 8557,70458.188, 6.970,5733
 8558,70465.969, 7.789,5733
 8559,70473.961, 7.992,5733
 8560,70481.523, 7.554,5733
 8561,70488.422, 6.897,5733
 8562,70494.641, 6.230,5733
 8563,70500.922, 6.277,5733
 8564,70507.078, 6.152,5733
 8565,70513.109, 6.028,5733
 8566,70520.547, 7.443,5733
 8567,70527.461, 6.909,5733
 8568,70533.438, 5.979,5733
 8569,70539.648, 6.218,5733
 8570,70546.664, 7.011,5733
 8571,70553.992, 7.331,5733
 8572,70560.992, 6.999,5733
 8573,70567.883, 6.891,5733
 8574,70573.805, 5.919,5733
 8575,70580.719, 6.911,5733
 8576,70586.773, 6.058,5733
 8577,70593.555, 6.782,5733
 8578,70600.539, 6.983,5733
 8579,70607.406, 6.868,5733
 8580,70614.313, 6.910,5733
 8581,70620.727, 6.406,5733
 8582,70626.586, 5.868,5733
 8583,70632.836, 6.245,5733
 8584,70639.633, 6.801,5733
 8585,70645.609, 5.975,5733
 8586,70652.570, 6.963,5733
 8587,70660.758, 8.180,5733
 8588,70667.609, 6.855,5733
 8589,70673.953, 6.345,5733
 8590,70680.008, 6.057,5733
 8591,70686.875, 6.867,5733
 8592,70693.758, 6.877,5733
 8593,70701.188, 7.435,5733
 8594,70707.281, 6.092,5733
 8595,70714.133, 6.849,5733
 8596,70721.172, 7.037,5733
 8597,70727.445, 6.273,5733
 8598,70734.211, 6.774,5733
 8599,70740.461, 6.245,5733
 8600,70747.875, 7.411,5733
 8601,70755.680, 7.813,5733
 8602,70763.484, 7.800,5733
 8603,70770.094, 6.609,5733
 8604,70776.820, 6.725,5733
 8605,70782.977, 6.160,5733
 8606,70789.398, 6.414,5733
 8607,70795.688, 6.298,5733
 8608,70802.352, 6.668,5733
 8609,70808.477, 6.116,5733
 8610,70815.234, 6.757,5733
 8611,70821.234, 6.007,5733
 8612,70827.273, 6.034,5733
 8613,70833.289, 6.022,5733
 8614,70841.188, 7.896,5733
 8615,70848.148, 6.956,5733
 8616,70854.148, 6.002,5733
 8617,70860.859, 6.714,5733
 8618,70867.891, 7.031,5733
 8619,70875.781, 7.884,5733
 8620,70883.094, 7.318,5733
 8621,70889.555, 6.460,5733
 8622,70896.391, 6.836,5733
 8623,70902.789, 6.395,5733
 8624,70909.211, 6.428,5733
 8625,70916.250, 7.039,5733
 8626,70922.977, 6.726,5733
 8627,70930.164, 7.183,5733
 8628,70936.742, 6.574,5733
 8629,70943.594, 6.862,5733
 8630,70950.797, 7.197,5733
 8631,70957.539, 6.747,5733
 8632,70965.055, 7.508,5733
 8633,70971.727, 6.673,5733
 8634,70979.055, 7.328,5733
 8635,70985.523, 6.474,5733
 8636,70992.563, 7.039,5733
 8637,70999.555, 6.995,5733
 8638,71006.828, 7.270,5733
 8639,71013.328, 6.505,5733
 8640,71020.406, 7.071,5733
 8641,71027.625, 7.222,5733
 8642,71035.438, 7.810,5733
 8643,71041.953, 6.516,5733
 8644,71048.195, 6.242,5733
 8645,71055.516, 7.321,5733
 8646,71063.289, 7.775,5733
 8647,71071.008, 7.716,5733
 8648,71078.711, 7.698,5733
 8649,71087.422, 8.712,5733
 8650,71094.438, 7.014,5733
 8651,71100.633, 6.205,5733
 8652,71106.867, 6.227,5733
 8653,71112.789, 5.921,5733
 8654,71120.313, 7.529,5733
 8655,71126.336, 6.025,5733
 8656,71132.242, 5.901,5733
 8657,71140.258, 8.017,5733
 8658,71148.445, 8.188,5733
 8659,71155.094, 6.650,5733
 8660,71161.891, 6.794,5733
 8661,71168.000, 6.116,5733
 8662,71174.172, 6.165,5733
 8663,71181.180, 7.013,5733
 8664,71188.344, 7.165,5733
 8665,71194.984, 6.639,5733
 8666,71201.063, 6.076,5733
 8667,71208.117, 7.052,5733
 8668,71214.375, 6.253,5733
 8669,71221.375, 7.001,5733
 8670,71229.227, 7.861,5733
 8671,71236.133, 6.903,5733
 8672,71242.469, 6.336,5733
 8673,71249.516, 7.050,5733
 8674,71257.805, 8.287,5733
 8675,71265.227, 7.421,5733
 8676,71272.563, 7.341,5733
 8677,71280.383, 7.809,5733
 8678,71287.406, 7.025,5733
 8679,71295.016, 7.617,5733
 8680,71302.453, 7.429,5733
 8681,71309.320, 6.878,5733
 8682,71316.164, 6.842,5733
 8683,71323.039, 6.868,5733
 8684,71329.844, 6.809,5733
 8685,71336.758, 6.910,5733
 8686,71342.797, 6.044,5733
 8687,71348.977, 6.178,5733
 8688,71355.281, 6.307,5733
 8689,71361.617, 6.334,5733
 8690,71367.969, 6.350,5733
 8691,71374.984, 7.018,5733
 8692,71381.641, 6.657,5733
 8693,71388.680, 7.044,5733
 8694,71395.852, 7.162,5733
 8695,71402.813, 6.962,5733
 8696,71409.305, 6.497,5733
 8697,71415.781, 6.473,5733
 8698,71422.180, 6.397,5733
 8699,71428.578, 6.406,5733
 8700,71434.820, 6.238,5733
 8701,71441.484, 6.664,5733
 8702,71447.984, 6.502,5733
 8703,71455.852, 7.864,5733
 8704,71462.180, 6.332,5733
 8705,71468.664, 6.482,5733
 8706,71475.406, 6.736,5733
 8707,71481.945, 6.548,5733
 8708,71488.727, 6.778,5733
 8709,71495.836, 7.106,5733
 8710,71502.961, 7.132,5733
 8711,71510.492, 7.525,5733
 8712,71517.602, 7.114,5733
 8713,71525.555, 7.947,5733
 8714,71533.352, 7.804,5733
 8715,71541.375, 8.016,5733
 8716,71548.773, 7.404,5733
 8717,71555.836, 7.061,5733
 8718,71562.281, 6.449,5733
 8719,71568.844, 6.558,5733
 8720,71575.164, 6.317,5733
 8721,71581.492, 6.327,5733
 8722,71588.578, 7.096,5733
 8723,71595.570, 6.992,5733
 8724,71601.703, 6.128,5733
 8725,71607.633, 5.933,5733
 8726,71614.133, 6.491,5733
 8727,71621.656, 7.535,5733
 8728,71627.648, 5.990,5733
 8729,71633.930, 6.281,5733
 8730,71641.172, 7.242,5733
 8731,71647.531, 6.353,5733
 8732,71654.031, 6.499,5733
 8733,71660.891, 6.867,5733
 8734,71667.867, 6.970,5733
 8735,71675.078, 7.211,5733
 8736,71682.711, 7.630,5733
 8737,71689.992, 7.287,5733
 8738,71697.414, 7.421,5733
 8739,71704.844, 7.432,5733
 8740,71712.117, 7.267,5733
 8741,71719.586, 7.471,5733
 8742,71726.594, 7.011,5733
 8743,71732.930, 6.334,5733
 8744,71740.086, 7.157,5733
 8745,71746.680, 6.596,5733
 8746,71753.141, 6.462,5733
 8747,71760.328, 7.187,5733
 8748,71766.727, 6.396,5733
 8749,71773.297, 6.569,5733
 8750,71779.531, 6.235,5733
 8751,71785.930, 6.399,5733
 8752,71792.344, 6.415,5733
 8753,71798.797, 6.448,5733
 8754,71806.609, 7.817,5733
 8755,71813.266, 6.658,5733
 8756,71819.977, 6.710,5733
 8757,71826.945, 6.972,5733
 8758,71833.703, 6.752,5733
 8759,71840.641, 6.944,5733
 8760,71847.078, 6.429,5733
 8761,71853.594, 6.521,5733
 8762,71859.617, 6.022,5733
 8763,71866.406, 6.787,5733
 8764,71873.414, 7.006,5733
 8765,71879.297, 5.885,5733
 8766,71885.570, 6.275,5733
 8767,71892.102, 6.527,5733
 8768,71899.039, 6.939,5733
 8769,71906.289, 7.258,5733
 8770,71913.297, 7.007,5733
 8771,71920.703, 7.397,5733
 8772,71928.070, 7.373,5733
 8773,71935.844, 7.775,5733
 8774,71942.711, 6.865,5733
 8775,71949.000, 6.289,5733
 8776,71955.313, 6.311,5733
 8777,71962.414, 7.101,5733
 8778,71969.266, 6.859,5733
 8779,71976.102, 6.832,5733
 8780,71982.086, 5.983,5733
 8781,71988.031, 5.940,5733
 8782,71994.750, 6.724,5733
 8783,72001.594, 6.847,5733
 8784,72007.641, 6.047,5733
 8785,72013.781, 6.133,5733
 8786,72019.719, 5.935,5733
 8787,72025.938, 6.226,5733
 8788,72032.734, 6.796,5733
 8789,72039.016, 6.283,5733
 8790,72046.297, 7.285,5733
 8791,72052.344, 6.042,5733
 8792,72059.172, 6.828,5733
 8793,72065.984, 6.815,5733
 8794,72072.875, 6.886,5733
 8795,72079.641, 6.768,5733
 8796,72085.711, 6.064,5733
 8797,72092.086, 6.375,5733
 8798,72098.180, 6.102,5733
 8799,72105.117, 6.934,5733
 8800,72112.133, 7.019,5733
 8801,72117.984, 5.855,5733
 8802,72124.914, 6.922,5733
 8803,72131.633, 6.723,5733
 8804,72137.711, 6.074,5733
 8805,72144.938, 7.233,5733
 8806,72152.266, 7.326,5733
 8807,72158.352, 6.084,5733
 8808,72165.195, 6.842,5733
 8809,72171.273, 6.079,5733
 8810,72178.172, 6.896,5733
 8811,72184.938, 6.767,5733
 8812,72191.797, 6.856,5733
 8813,72198.109, 6.313,5733
 8814,72205.313, 7.213,5733
 8815,72211.266, 5.947,5733
 8816,72217.328, 6.063,5733
 8817,72223.250, 5.925,5733
 8818,72229.227, 5.974,5733
 8819,72235.383, 6.148,5733
 8820,72241.508, 6.131,5733
 8821,72247.719, 6.207,5733
 8822,72255.164, 7.453,5733
 8823,72261.531, 6.366,5733
 8824,72268.156, 6.622,5733
 8825,72274.516, 6.362,5733
 8826,72280.664, 6.149,5733
 8827,72287.398, 6.733,5733
 8828,72294.133, 6.735,5733
 8829,72300.648, 6.515,5733
 8830,72309.789, 9.138,5733
 8831,72318.063, 8.276,5733
 8832,72325.523, 7.459,5733
 8833,72333.117, 7.597,5733
 8834,72339.805, 6.684,5733
 8835,72346.977, 7.176,5733
 8836,72353.836, 6.858,5733
 8837,72362.211, 8.377,5733
 8838,72368.914, 6.700,5733
 8839,72375.820, 6.908,5733
 8840,72382.875, 7.054,5733
 8841,72389.555, 6.682,5733
 8842,72396.906, 7.352,5733
 8843,72404.625, 7.721,5733
 8844,72411.914, 7.288,5733
 8845,72418.977, 7.063,5733
 8846,72426.609, 7.634,5733
 8847,72433.367, 6.746,5733
 8848,72439.406, 6.044,5733
 8849,72445.469, 6.060,5733
 8850,72452.141, 6.674,5733
 8851,72459.570, 7.435,5733
 8852,72466.055, 6.473,5733
 8853,72472.242, 6.199,5733
 8854,72478.453, 6.202,5733
 8855,72484.750, 6.298,5733
 8856,72491.758, 7.011,5733
 8857,72498.500, 6.740,5733
 8858,72505.414, 6.911,5733
 8859,72511.500, 6.088,5733
 8860,72518.242, 6.745,5733
 8861,72524.375, 6.133,5733
 8862,72530.773, 6.394,5733
 8863,72538.055, 7.283,5733
 8864,72544.977, 6.924,5733
 8865,72551.609, 6.637,5733
 8866,72558.789, 7.176,5733
 8867,72565.195, 6.405,5733
 8868,72572.422, 7.229,5733
 8869,72578.781, 6.358,5733
 8870,72585.805, 7.022,5733
 8871,72593.039, 7.235,5733
 8872,72599.547, 6.512,5733
 8873,72606.836, 7.286,5733
 8874,72612.773, 5.934,5733
 8875,72619.586, 6.819,5733
 8876,72625.508, 5.915,5733
 8877,72632.398, 6.894,5733
 8878,72639.055, 6.654,5733
 8879,72645.813, 6.756,5733
 8880,72652.852, 7.044,5733
 8881,72659.039, 6.186,5733
 8882,72665.875, 6.837,5733
 8883,72672.172, 6.297,5733
 8884,72679.180, 7.007,5733
 8885,72686.086, 6.901,5733
 8886,72692.914, 6.838,5733
 8887,72701.516, 8.595,5733
 8888,72708.352, 6.840,5733
 8889,72714.391, 6.032,5733
 8890,72721.156, 6.773,5733
 8891,72727.945, 6.792,5733
 8892,72733.977, 6.030,5733
 8893,72739.867, 5.886,5733
 8894,72746.781, 6.915,5733
 8895,72753.727, 6.943,5733
 8896,72760.156, 6.433,5733
 8897,72766.375, 6.216,5733
 8898,72773.297, 6.927,5733
 8899,72780.375, 7.076,5733
 8900,72788.211, 7.832,5733
 8901,72795.844, 7.637,5733
 8902,72802.711, 6.864,5733
 8903,72809.391, 6.679,5733
 8904,72816.195, 6.809,5733
 8905,72823.844, 7.644,5733
 8906,72830.523, 6.684,5733
 8907,72838.125, 7.597,5733
 8908,72844.414, 6.290,5733
 8909,72850.773, 6.360,5733
 8910,72857.250, 6.482,5733
 8911,72863.516, 6.265,5733
 8912,72870.516, 6.998,5733
 8913,72876.742, 6.221,5733
 8914,72883.445, 6.707,5733
 8915,72890.266, 6.825,5733
 8916,72896.984, 6.715,5733
 8917,72904.289, 7.311,5733
 8918,72911.000, 6.711,5733
 8919,72918.906, 7.902,5733
 8920,72925.531, 6.621,5733
 8921,72932.836, 7.310,5733
 8922,72940.055, 7.208,5733
 8923,72947.039, 6.990,5733
 8924,72953.367, 6.325,5733
 8925,72960.133, 6.770,5733
 8926,72966.586, 6.453,5733
 8927,72974.031, 7.441,5733
 8928,72981.047, 7.021,5733
 8929,72987.969, 6.928,5733
 8930,72995.289, 7.314,5733
 8931,73002.828, 7.541,5733
 8932,73009.680, 6.850,5733
 8933,73016.203, 6.526,5733
 8934,73022.938, 6.736,5733
 8935,73030.398, 7.450,5733
 8936,73036.961, 6.572,5733
 8937,73043.055, 6.086,5733
 8938,73049.797, 6.746,5733
 8939,73056.703, 6.905,5733
 8940,73063.781, 7.076,5733
 8941,73069.750, 5.966,5733
 8942,73076.141, 6.395,5733
 8943,73083.672, 7.534,5733
 8944,73090.461, 6.787,5733
 8945,73097.063, 6.603,5733
 8946,73104.375, 7.305,5733
 8947,73110.563, 6.197,5733
 8948,73116.563, 5.995,5733
 8949,73123.477, 6.917,5733
 8950,73129.453, 5.974,5733
 8951,73135.969, 6.518,5733
 8952,73142.617, 6.648,5733
 8953,73149.375, 6.752,5733
 8954,73155.672, 6.304,5733
 8955,73162.469, 6.796,5733
 8956,73169.383, 6.912,5733
 8957,73175.625, 6.247,5733
 8958,73182.391, 6.756,5733
 8959,73189.016, 6.637,5733
 8960,73195.438, 6.416,5733
 8961,73202.523, 7.089,5733
 8962,73208.977, 6.454,5733
 8963,73215.883, 6.903,5733
 8964,73222.773, 6.891,5733
 8965,73229.711, 6.934,5733
 8966,73236.641, 6.938,5733
 8967,73243.180, 6.532,5733
 8968,73250.008, 6.836,5733
 8969,73257.063, 7.048,5733
 8970,73263.039, 5.975,5733
 8971,73269.039, 6.002,5733
 8972,73275.703, 6.664,5733
 8973,73282.523, 6.823,5733
 8974,73288.516, 5.986,5733
 8975,73294.547, 6.039,5733
 8976,73300.484, 5.934,5733
 8977,73307.594, 7.108,5733
 8978,73314.742, 7.150,5733
 8979,73320.813, 6.072,5733
 8980,73326.852, 6.035,5733
 8981,73332.875, 6.028,5733
 8982,73339.297, 6.422,5733
 8983,73346.086, 6.781,5733
 8984,73352.172, 6.092,5733
 8985,73359.234, 7.063,5733
 8986,73366.148, 6.908,5733
 8987,73372.125, 5.983,5733
 8988,73378.891, 6.768,5733
 8989,73384.773, 5.875,5733
 8990,73391.273, 6.503,5733
 8991,73397.531, 6.256,5733
 8992,73403.602, 6.072,5733
 8993,73410.016, 6.416,5733
 8994,73417.883, 7.864,5733
 8995,73424.016, 6.136,5733
 8996,73430.164, 6.148,5733
 8997,73436.898, 6.736,5733
 8998,73444.305, 7.406,5733
 8999,73450.547, 6.240,5733
 9000,73457.180, 6.631,5733
 9001,73464.648, 7.473,5733
 9002,73472.234, 7.587,5733
 9003,73478.875, 6.639,5733
 9004,73485.555, 6.681,5733
 9005,73491.758, 6.195,5733
 9006,73498.375, 6.619,5733
 9007,73504.797, 6.424,5733
 9008,73511.039, 6.237,5733
 9009,73518.195, 7.162,5733
 9010,73524.805, 6.612,5733
 9011,73532.078, 7.269,5733
 9012,73538.148, 6.075,5733
 9013,73544.922, 6.776,5733
 9014,73551.422, 6.491,5733
 9015,73558.461, 7.039,5733
 9016,73565.195, 6.738,5733
 9017,73571.281, 6.086,5733
 9018,73577.461, 6.182,5733
 9019,73584.195, 6.734,5733
 9020,73590.117, 5.917,5733
 9021,73596.242, 6.133,5733
 9022,73602.531, 6.283,5733
 9023,73608.875, 6.343,5733
 9024,73615.922, 7.053,5733
 9025,73622.438, 6.507,5733
 9026,73630.422, 7.984,5733
 9027,73637.734, 7.316,5733
 9028,73644.781, 7.046,5733
 9029,73653.156, 8.374,5733
 9030,73660.852, 7.695,5733
 9031,73667.828, 6.979,5733
 9032,73674.680, 6.859,5733
 9033,73682.945, 8.261,5733
 9034,73690.438, 7.489,5733
 9035,73697.414, 6.976,5733
 9036,73705.148, 7.736,5733
 9037,73713.320, 8.178,5733
 9038,73721.398, 8.072,5733
 9039,73729.234, 7.837,5733
 9040,73737.648, 8.418,5733
 9041,73745.813, 8.163,5733
 9042,73752.453, 6.638,5733
 9043,73759.172, 6.721,5733
 9044,73765.773, 6.599,5733
 9045,73772.492, 6.715,5733
 9046,73779.469, 6.981,5733
 9047,73786.578, 7.112,5733
 9048,73792.516, 5.932,5733
 9049,73799.188, 6.674,5733
 9050,73805.086, 5.899,5733
 9051,73811.906, 6.822,5733
 9052,73818.680, 6.775,5733
 9053,73825.414, 6.730,5733
 9054,73831.367, 5.948,5733
 9055,73838.680, 7.324,5733
 9056,73845.844, 7.154,5733
 9057,73853.133, 7.291,5733
 9058,73861.117, 7.983,5733
 9059,73868.406, 7.291,5733
 9060,73874.961, 6.563,5733
 9061,73881.805, 6.836,5733
 9062,73887.766, 5.960,5733
 9063,73893.938, 6.172,5733
 9064,73900.758, 6.820,5733
 9065,73907.094, 6.335,5733
 9066,73913.898, 6.808,5733
 9067,73921.609, 7.711,5733
 9068,73928.102, 6.487,5733
 9069,73934.133, 6.032,5733
 9070,73940.180, 6.047,5733
 9071,73947.859, 7.681,5733
 9072,73954.875, 7.021,5733
 9073,73962.320, 7.444,5733
 9074,73968.594, 6.271,5733
 9075,73975.383, 6.784,5733
 9076,73981.602, 6.231,5733
 9077,73987.875, 6.267,5733
 9078,73995.156, 7.282,5733
 9079,74001.344, 6.188,5733
 9080,74009.156, 7.814,5733
 9081,74014.953, 5.797,5733
 9082,74021.055, 6.097,5733
 9083,74027.781, 6.731,5733
 9084,74033.805, 6.020,5733
 9085,74040.328, 6.528,5733
 9086,74047.563, 7.230,5733
 9087,74054.016, 6.458,5733
 9088,74060.211, 6.193,5733
 9089,74066.406, 6.187,5733
 9090,74072.516, 6.112,5733
 9091,74079.359, 6.841,5733
 9092,74085.836, 6.486,5733
 9093,74091.711, 5.866,5733
 9094,74097.609, 5.905,5733
 9095,74104.438, 6.824,5733
 9096,74110.453, 6.015,5733
 9097,74117.219, 6.769,5733
 9098,74123.977, 6.764,5733
 9099,74130.953, 6.971,5733
 9100,74137.828, 6.875,5733
 9101,74143.813, 5.981,5733
 9102,74150.188, 6.376,5733
 9103,74157.102, 6.912,5733
 9104,74163.820, 6.726,5733
 9105,74170.656, 6.837,5733
 9106,74177.383, 6.719,5733
 9107,74183.633, 6.260,5733
 9108,74189.664, 6.027,5733
 9109,74195.727, 6.061,5733
 9110,74202.258, 6.535,5733
 9111,74209.266, 7.009,5733
 9112,74216.875, 7.602,5733
 9113,74222.836, 5.960,5733
 9114,74230.383, 7.547,5733
 9115,74237.703, 7.317,5733
 9116,74245.250, 7.551,5733
 9117,74254.453, 9.201,5733
 9118,74262.531, 8.080,5733
 9119,74269.922, 7.392,5733
 9120,74277.383, 7.460,5733
 9121,74284.594, 7.215,5733
 9122,74291.930, 7.336,5733
 9123,74300.250, 8.321,5733
 9124,74306.875, 6.622,5733
 9125,74313.445, 6.569,5733
 9126,74320.641, 7.203,5733
 9127,74327.125, 6.480,5733
 9128,74335.063, 7.936,5733
 9129,74342.391, 7.324,5733
 9130,74349.938, 7.557,5733
 9131,74358.070, 8.123,5733
 9132,74367.023, 8.954,5733
 9133,74374.742, 7.719,5733
 9134,74381.188, 6.445,5733
 9135,74388.664, 7.480,5733
 9136,74395.531, 6.866,5733
 9137,74403.234, 7.707,5733
 9138,74410.430, 7.190,5733
 9139,74417.609, 7.186,5733
 9140,74423.602, 5.986,5733
 9141,74430.375, 6.774,5733
 9142,74437.086, 6.710,5733
 9143,74443.250, 6.172,5733
 9144,74449.172, 5.912,5733
 9145,74455.219, 6.048,5733
 9146,74461.508, 6.296,5733
 9147,74468.492, 6.978,5733
 9148,74475.141, 6.654,5733
 9149,74481.953, 6.811,5733
 9150,74488.219, 6.266,5733
 9151,74495.266, 7.050,5733
 9152,74501.422, 6.151,5733
 9153,74508.461, 7.037,5733
 9154,74514.563, 6.106,5733
 9155,74521.328, 6.763,5733
 9156,74527.594, 6.270,5733
 9157,74533.555, 5.960,5733
 9158,74539.539, 5.980,5733
 9159,74545.398, 5.856,5733
 9160,74551.289, 5.895,5733
 9161,74557.969, 6.686,5733
 9162,74563.984, 6.014,5733
 9163,74569.938, 5.951,5733
 9164,74576.852, 6.910,5733
 9165,74583.109, 6.254,5733
 9166,74589.211, 6.106,5733
 9167,74595.992, 6.787,5733
 9168,74603.125, 7.123,5733
 9169,74609.852, 6.733,5733
 9170,74615.930, 6.079,5733
 9171,74622.055, 6.117,5733
 9172,74627.859, 5.808,5733
 9173,74634.617, 6.761,5733
 9174,74642.500, 7.884,5733
 9175,74649.836, 7.337,5733
 9176,74656.219, 6.381,5733
 9177,74662.430, 6.207,5733
 9178,74669.258, 6.833,5733
 9179,74675.539, 6.281,5733
 9180,74681.805, 6.265,5733
 9181,74688.211, 6.403,5733
 9182,74694.156, 5.950,5733
 9183,74700.234, 6.078,5733
 9184,74706.289, 6.059,5733
 9185,74713.031, 6.736,5733
 9186,74719.219, 6.189,5733
 9187,74725.141, 5.922,5733
 9188,74731.773, 6.626,5733
 9189,74738.883, 7.118,5733
 9190,74745.141, 6.256,5733
 9191,74752.055, 6.912,5733
 9192,74758.070, 6.016,5733
 9193,74764.375, 6.305,5733
 9194,74771.703, 7.328,5733
 9195,74778.563, 6.858,5733
 9196,74785.375, 6.812,5733
 9197,74792.531, 7.157,5733
 9198,74798.930, 6.405,5733
 9199,74805.656, 6.727,5733
 9200,74812.344, 6.687,5733
 9201,74819.867, 7.521,5733
 9202,74826.281, 6.413,5733
 9203,74832.711, 6.422,5733
 9204,74839.719, 7.014,5733
 9205,74846.680, 6.964,5733
 9206,74853.297, 6.612,5733
 9207,74860.367, 7.066,5733
 9208,74867.680, 7.320,5733
 9209,74875.492, 7.813,5733
 9210,74882.961, 7.466,5733
 9211,74890.148, 7.185,5733
 9212,74897.930, 7.788,5733
 9213,74904.328, 6.395,5733
 9214,74911.773, 7.440,5733
 9215,74918.445, 6.676,5733
 9216,74925.664, 7.221,5733
 9217,74932.063, 6.391,5733
 9218,74938.391, 6.328,5733
 9219,74944.742, 6.351,5733
 9220,74951.430, 6.692,5733
 9221,74958.266, 6.838,5733
 9222,74965.664, 7.399,5733
 9223,74972.313, 6.654,5733
 9224,74979.391, 7.072,5733
 9225,74985.648, 6.259,5733
 9226,74991.938, 6.291,5733
 9227,74999.180, 7.239,5733
 9228,75006.484, 7.300,5733
 9229,75013.766, 7.283,5733
 9230,75021.625, 7.864,5733
 9231,75029.648, 8.026,5733
 9232,75036.297, 6.648,5733
 9233,75042.531, 6.234,5733
 9234,75048.531, 5.994,5733
 9235,75055.344, 6.816,5733
 9236,75062.039, 6.688,5733
 9237,75069.078, 7.046,5733
 9238,75075.797, 6.713,5733
 9239,75082.531, 6.742,5733
 9240,75088.586, 6.057,5733
 9241,75095.414, 6.818,5733
 9242,75101.781, 6.374,5733
 9243,75108.539, 6.759,5733
 9244,75114.609, 6.067,5733
 9245,75120.836, 6.226,5733
 9246,75127.734, 6.895,5733
 9247,75134.578, 6.849,5733
 9248,75140.594, 6.018,5733
 9249,75147.625, 7.028,5733
 9250,75153.703, 6.071,5733
 9251,75160.727, 7.028,5733
 9252,75166.906, 6.181,5733
 9253,75172.867, 5.959,5733
 9254,75179.625, 6.766,5733
 9255,75185.867, 6.239,5733
 9256,75192.211, 6.345,5733
 9257,75199.438, 7.223,5733
 9258,75206.570, 7.135,5733
 9259,75213.023, 6.449,5733
 9260,75219.406, 6.386,5733
 9261,75226.703, 7.292,5733
 9262,75233.422, 6.718,5733
 9263,75239.664, 6.254,5733
 9264,75245.641, 5.973,5733
 9265,75251.594, 5.954,5733
 9266,75258.414, 6.817,5733
 9267,75265.617, 7.205,5733
 9268,75271.547, 5.928,5733
 9269,75277.625, 6.082,5733
 9270,75284.508, 6.877,5733
 9271,75290.523, 6.014,5733
 9272,75297.430, 6.905,5733
 9273,75304.273, 6.853,5733
 9274,75311.305, 7.027,5733
 9275,75317.781, 6.474,5733
 9276,75323.883, 6.101,5733
 9277,75331.625, 7.745,5733
 9278,75337.813, 6.189,5733
 9279,75344.086, 6.272,5733
 9280,75350.188, 6.103,5733
 9281,75356.922, 6.735,5733
 9282,75364.000, 7.075,5733
 9283,75369.992, 5.997,5733
 9284,75376.742, 6.747,5733
 9285,75384.656, 7.914,5733
 9286,75390.852, 6.197,5733
 9287,75397.125, 6.267,5733
 9288,75405.023, 7.895,5733
 9289,75412.461, 7.444,5733
 9290,75420.367, 7.900,5733
 9291,75427.203, 6.840,5733
 9292,75434.375, 7.169,5733
 9293,75441.258, 6.892,5733
 9294,75447.297, 6.040,5733
 9295,75453.305, 6.009,5733
 9296,75460.180, 6.871,5733
 9297,75466.453, 6.270,5733
 9298,75473.422, 6.966,5733
 9299,75480.313, 6.897,5733
 9300,75487.234, 6.920,5733
 9301,75493.320, 6.090,5733
 9302,75499.367, 6.038,5733
 9303,75505.523, 6.161,5733
 9304,75511.586, 6.068,5733
 9305,75517.992, 6.406,5733
 9306,75525.078, 7.078,5733
 9307,75531.750, 6.670,5733
 9308,75538.820, 7.078,5733
 9309,75545.133, 6.307,5733
 9310,75551.336, 6.207,5733
 9311,75558.609, 7.278,5733
 9312,75564.867, 6.251,5733
 9313,75572.125, 7.254,5733
 9314,75578.523, 6.403,5733
 9315,75585.273, 6.755,5733
 9316,75591.672, 6.399,5733
 9317,75598.664, 6.988,5733
 9318,75605.266, 6.602,5733
 9319,75611.758, 6.487,5733
 9320,75618.859, 7.107,5733
 9321,75625.359, 6.494,5733
 9322,75632.555, 7.201,5733
 9323,75639.344, 6.787,5733
 9324,75645.867, 6.526,5733
 9325,75653.281, 7.411,5733
 9326,75660.008, 6.728,5733
 9327,75667.188, 7.182,5733
 9328,75673.648, 6.458,5733
 9329,75680.203, 6.555,5733
 9330,75686.742, 6.539,5733
 9331,75693.563, 6.821,5733
 9332,75700.094, 6.528,5733
 9333,75706.781, 6.690,5733
 9334,75713.172, 6.390,5733
 9335,75719.039, 5.861,5733
 9336,75725.102, 6.068,5733
 9337,75732.008, 6.911,5733
 9338,75738.609, 6.597,5733
 9339,75745.648, 7.040,5733
 9340,75751.570, 5.923,5733
 9341,75757.750, 6.180,5733
 9342,75763.781, 6.024,5733
 9343,75770.984, 7.211,5733
 9344,75777.875, 6.892,5733
 9345,75783.828, 5.946,5733
 9346,75789.820, 5.997,5733
 9347,75797.742, 7.916,5733
 9348,75805.055, 7.311,5733
 9349,75812.445, 7.392,5733
 9350,75818.602, 6.164,5733
 9351,75824.578, 5.979,5733
 9352,75830.695, 6.112,5733
 9353,75836.727, 6.032,5733
 9354,75843.719, 6.989,5733
 9355,75850.930, 7.219,5733
 9356,75857.414, 6.473,5733
 9357,75864.305, 6.899,5733
 9358,75870.313, 6.005,5733
 9359,75877.336, 7.029,5733
 9360,75884.648, 7.311,5733
 9361,75891.297, 6.650,5733
 9362,75898.656, 7.355,5733
 9363,75905.844, 7.186,5733
 9364,75912.930, 7.090,5733
 9365,75920.125, 7.189,5733
 9366,75927.234, 7.113,5733
 9367,75935.195, 7.957,5733
 9368,75942.445, 7.251,5733
 9369,75949.844, 7.403,5733
 9370,75956.336, 6.491,5733
 9371,75962.633, 6.297,5733
 9372,75969.164, 6.529,5733
 9373,75976.555, 7.391,5733
 9374,75983.469, 6.911,5733
 9375,75990.281, 6.817,5733
 9376,75996.367, 6.083,5733
 9377,76002.977, 6.617,5733
 9378,76009.359, 6.370,5733
 9379,76015.391, 6.032,5733
 9380,76022.758, 7.374,5733
 9381,76029.859, 7.104,5733
 9382,76036.000, 6.140,5733
 9383,76042.852, 6.852,5733
 9384,76049.148, 6.296,5733
 9385,76055.445, 6.289,5733
 9386,76061.766, 6.320,5733
 9387,76067.805, 6.044,5733
 9388,76074.797, 6.993,5733
 9389,76080.859, 6.062,5733
 9390,76086.695, 5.836,5733
 9391,76092.578, 5.886,5733
 9392,76098.766, 6.183,5733
 9393,76105.609, 6.850,5733
 9394,76111.766, 6.154,5733
 9395,76118.086, 6.316,5733
 9396,76124.273, 6.188,5733
 9397,76131.836, 7.567,5733
 9398,76138.039, 6.196,5733
 9399,76144.180, 6.144,5733
 9400,76150.758, 6.577,5733
 9401,76158.289, 7.537,5733
 9402,76164.922, 6.629,5733
 9403,76172.250, 7.329,5733
 9404,76180.203, 7.953,5733
 9405,76187.820, 7.616,5733
 9406,76196.711, 8.890,5733
 9407,76204.063, 7.348,5733
 9408,76211.523, 7.463,5733
 9409,76218.156, 6.636,5733
 9410,76225.156, 6.997,5733
 9411,76232.750, 7.593,5733
 9412,76239.406, 6.657,5733
 9413,76246.781, 7.373,5733
 9414,76255.609, 8.835,5733
 9415,76263.008, 7.404,5733
 9416,76271.570, 8.554,5733
 9417,76280.211, 8.646,5733
 9418,76288.719, 8.503,5733
 9419,76295.641, 6.922,5733
 9420,76303.906, 8.266,5733
 9421,76311.656, 7.750,5733
 9422,76318.391, 6.729,5733
 9423,76324.664, 6.280,5733
 9424,76330.750, 6.080,5733
 9425,76336.727, 5.975,5733
 9426,76342.805, 6.085,5733
 9427,76350.039, 7.226,5733
 9428,76356.859, 6.826,5733
 9429,76363.969, 7.118,5733
 9430,76371.008, 7.039,5733
 9431,76378.141, 7.125,5733
 9432,76384.266, 6.130,5733
 9433,76391.023, 6.749,5733
 9434,76398.789, 7.770,5733
 9435,76405.828, 7.035,5733
 9436,76412.000, 6.179,5733
 9437,76418.070, 6.064,5733
 9438,76424.063, 5.992,5733
 9439,76430.117, 6.059,5733
 9440,76436.133, 6.011,5733
 9441,76441.930, 5.805,5733
 9442,76448.609, 6.682,5733
 9443,76454.547, 5.934,5733
 9444,76461.320, 6.777,5733
 9445,76467.336, 6.016,5733
 9446,76474.305, 6.962,5733
 9447,76482.008, 7.704,5733
 9448,76488.922, 6.916,5733
 9449,76495.047, 6.120,5733
 9450,76501.477, 6.430,5733
 9451,76507.523, 6.049,5733
 9452,76513.430, 5.902,5733
 9453,76519.578, 6.155,5733
 9454,76526.484, 6.904,5733
 9455,76532.336, 5.857,5733
 9456,76538.242, 5.906,5733
 9457,76544.219, 5.975,5733
 9458,76550.992, 6.775,5733
 9459,76557.625, 6.628,5733
 9460,76563.633, 6.009,5733
 9461,76570.539, 6.907,5733
 9462,76577.883, 7.343,5733
 9463,76586.438, 8.552,5733
 9464,76593.555, 7.118,5733
 9465,76600.078, 6.518,5733
 9466,76606.367, 6.294,5733
 9467,76612.516, 6.150,5733
 9468,76618.578, 6.064,5733
 9469,76625.516, 6.937,5733
 9470,76632.688, 7.165,5733
 9471,76638.727, 6.042,5733
 9472,76644.984, 6.265,5733
 9473,76651.898, 6.913,5733
 9474,76658.930, 7.030,5733
 9475,76665.742, 6.810,5733
 9476,76673.188, 7.445,5733
 9477,76679.742, 6.553,5733
 9478,76685.789, 6.048,5733
 9479,76693.766, 7.977,5733
 9480,76700.914, 7.150,5733
 9481,76707.938, 7.022,5733
 9482,76714.961, 7.028,5733
 9483,76721.820, 6.852,5733
 9484,76727.891, 6.074,5733
 9485,76734.906, 7.018,5733
 9486,76741.188, 6.279,5733
 9487,76747.609, 6.426,5733
 9488,76753.789, 6.174,5733
 9489,76760.070, 6.279,5733
 9490,76766.641, 6.575,5733
 9491,76772.844, 6.198,5733
 9492,76780.297, 7.461,5733
 9493,76787.523, 7.220,5733
 9494,76794.383, 6.860,5733
 9495,76801.117, 6.735,5733
 9496,76807.656, 6.540,5733
 9497,76815.383, 7.721,5733
 9498,76821.891, 6.516,5733
 9499,76828.375, 6.479,5733
 9500,76834.656, 6.290,5733
 9501,76841.734, 7.068,5733
 9502,76849.008, 7.282,5733
 9503,76855.914, 6.902,5733
 9504,76862.422, 6.506,5733
 9505,76869.531, 7.111,5733
 9506,76875.734, 6.196,5733
 9507,76883.219, 7.489,5733
 9508,76890.250, 7.038,5733
 9509,76898.391, 8.133,5733
 9510,76906.484, 8.095,5733
 9511,76913.852, 7.368,5733
 9512,76920.328, 6.484,5733
 9513,76926.398, 6.063,5733
 9514,76932.383, 5.981,5733
 9515,76938.938, 6.562,5733
 9516,76945.797, 6.852,5733
 9517,76951.695, 5.901,5733
 9518,76957.945, 6.253,5733
 9519,76964.625, 6.679,5733
 9520,76972.930, 8.308,5733
 9521,76979.633, 6.699,5733
 9522,76985.898, 6.268,5733
 9523,76992.266, 6.367,5733
 9524,76998.648, 6.382,5733
 9525,77005.859, 7.207,5733
 9526,77012.430, 6.572,5733
 9527,77018.906, 6.481,5733
 9528,77025.055, 6.143,5733
 9529,77031.563, 6.510,5733
 9530,77037.914, 6.353,5733
 9531,77044.055, 6.133,5733
 9532,77050.227, 6.181,5733
 9533,77056.820, 6.591,5733
 9534,77063.031, 6.208,5733
 9535,77069.148, 6.119,5733
 9536,77075.492, 6.341,5733
 9537,77081.984, 6.497,5733
 9538,77089.266, 7.281,5733
 9539,77095.648, 6.388,5733
 9540,77102.195, 6.537,5733
 9541,77109.617, 7.424,5733
 9542,77116.500, 6.886,5733
 9543,77123.766, 7.264,5733
 9544,77130.688, 6.917,5733
 9545,77137.641, 6.964,5733
 9546,77143.625, 5.980,5733
 9547,77151.477, 7.853,5733
 9548,77158.328, 6.855,5733
 9549,77164.688, 6.349,5733
 9550,77170.758, 6.073,5733
 9551,77177.492, 6.737,5733
 9552,77184.117, 6.623,5733
 9553,77190.992, 6.880,5733
 9554,77197.828, 6.830,5733
 9555,77204.641, 6.814,5733
 9556,77211.352, 6.708,5733
 9557,77217.789, 6.437,5733
 9558,77225.141, 7.352,5733
 9559,77231.766, 6.630,5733
 9560,77239.523, 7.760,5733
 9561,77245.695, 6.166,5733
 9562,77252.359, 6.659,5733
 9563,77259.039, 6.683,5733
 9564,77264.945, 5.911,5733
 9565,77271.867, 6.923,5733
 9566,77277.781, 5.908,5733
 9567,77283.773, 5.996,5733
 9568,77289.617, 5.845,5733
 9569,77295.453, 5.834,5733
 9570,77302.547, 7.092,5733
 9571,77308.563, 6.016,5733
 9572,77315.422, 6.858,5733
 9573,77322.273, 6.856,5733
 9574,77329.141, 6.865,5733
 9575,77335.383, 6.238,5733
 9576,77342.945, 7.570,5733
 9577,77349.445, 6.495,5733
 9578,77356.961, 7.523,5733
 9579,77365.266, 8.305,5733
 9580,77371.742, 6.466,5733
 9581,77378.750, 7.008,5733
 9582,77385.813, 7.067,5733
 9583,77393.055, 7.243,5733
 9584,77400.297, 7.244,5733
 9585,77407.883, 7.586,5733
 9586,77413.875, 5.994,5733
 9587,77420.203, 6.326,5733
 9588,77426.977, 6.772,5733
 9589,77434.273, 7.302,5733
 9590,77441.313, 7.039,5733
 9591,77447.508, 6.193,5733
 9592,77454.523, 7.014,5733
 9593,77461.742, 7.212,5733
 9594,77468.070, 6.335,5733
 9595,77474.078, 6.007,5733
 9596,77480.172, 6.095,5733
 9597,77486.336, 6.164,5733
 9598,77492.516, 6.177,5733
 9599,77499.656, 7.146,5733
 9600,77506.930, 7.267,5733
 9601,77513.219, 6.292,5733
 9602,77519.758, 6.535,5733
 9603,77526.398, 6.638,5733
 9604,77532.828, 6.435,5733
 9605,77540.492, 7.667,5733
 9606,77547.188, 6.690,5733
 9607,77554.508, 7.323,5733
 9608,77560.820, 6.310,5733
 9609,77568.320, 7.507,5733
 9610,77575.008, 6.691,5733
 9611,77581.477, 6.456,5733
 9612,77587.852, 6.378,5733
 9613,77594.891, 7.041,5733
 9614,77601.203, 6.309,5733
 9615,77608.273, 7.075,5733
 9616,77615.297, 7.028,5733
 9617,77622.180, 6.874,5733
 9618,77628.617, 6.444,5733
 9619,77635.086, 6.463,5733
 9620,77642.641, 7.557,5733
 9621,77650.156, 7.513,5733
 9622,77656.188, 6.034,5733
 9623,77662.398, 6.207,5733
 9624,77668.555, 6.161,5733
 9625,77674.719, 6.160,5733
 9626,77680.773, 6.057,5733
 9627,77687.609, 6.842,5733
 9628,77694.453, 6.841,5733
 9629,77700.461, 6.002,5733
 9630,77706.305, 5.849,5733
 9631,77713.070, 6.763,5733
 9632,77719.867, 6.795,5733
 9633,77726.531, 6.670,5733
 9634,77732.539, 6.002,5733
 9635,77738.570, 6.036,5733
 9636,77746.070, 7.493,5733
 9637,77754.086, 8.016,5733
 9638,77761.602, 7.518,5733
 9639,77768.000, 6.405,5733
 9640,77774.242, 6.239,5733
 9641,77780.328, 6.087,5733
 9642,77786.234, 5.908,5733
 9643,77792.391, 6.149,5733
 9644,77798.656, 6.274,5733
 9645,77805.422, 6.757,5733
 9646,77811.359, 5.936,5733
 9647,77818.156, 6.803,5733
 9648,77824.148, 5.991,5733
 9649,77831.383, 7.233,5733
 9650,77839.070, 7.683,5733
 9651,77846.555, 7.489,5733
 9652,77853.031, 6.472,5733
 9653,77861.102, 8.077,5733
 9654,77867.875, 6.770,5733
 9655,77875.305, 7.433,5733
 9656,77881.563, 6.259,5733
 9657,77888.625, 7.063,5733
 9658,77895.023, 6.393,5733
 9659,77900.914, 5.898,5733
 9660,77907.188, 6.273,5733
 9661,77913.570, 6.383,5733
 9662,77919.414, 5.834,5733
 9663,77926.094, 6.686,5733
 9664,77931.836, 5.741,5733
 9665,77937.805, 5.967,5733
 9666,77943.742, 5.934,5733
 9667,77950.266, 6.529,5733
 9668,77956.727, 6.459,5733
 9669,77964.023, 7.299,5733
 9670,77971.688, 7.657,5733
 9671,77977.664, 5.990,5733
 9672,77984.359, 6.683,5733
 9673,77990.266, 5.917,5733
 9674,77996.984, 6.720,5733
 9675,78004.055, 7.064,5733
 9676,78011.195, 7.143,5733
 9677,78018.141, 6.940,5733
 9678,78023.945, 5.812,5733
 9679,78030.844, 6.891,5733
 9680,78037.766, 6.919,5733
 9681,78044.164, 6.401,5733
 9682,78050.164, 6.004,5733
 9683,78056.438, 6.272,5733
 9684,78063.359, 6.920,5733
 9685,78071.297, 7.940,5733
 9686,78077.852, 6.552,5733
 9687,78084.984, 7.142,5733
 9688,78091.156, 6.164,5733
 9689,78097.852, 6.699,5733
 9690,78105.195, 7.342,5733
 9691,78112.672, 7.476,5733
 9692,78119.258, 6.590,5733
 9693,78126.633, 7.376,5733
 9694,78135.180, 8.545,5733
 9695,78143.656, 8.476,5733
 9696,78152.383, 8.718,5733
 9697,78160.156, 7.777,5733
 9698,78167.992, 7.843,5733
 9699,78176.133, 8.135,5733
 9700,78184.320, 8.195,5733
 9701,78192.664, 8.342,5733
 9702,78200.578, 7.910,5733
 9703,78207.844, 7.269,5733
 9704,78216.055, 8.203,5733
 9705,78224.492, 8.443,5733
 9706,78233.055, 8.557,5733
 9707,78241.109, 8.061,5733
 9708,78249.688, 8.570,5733
 9709,78257.219, 7.536,5733
 9710,78264.023, 6.799,5733
 9711,78270.148, 6.128,5733
 9712,78276.094, 5.950,5733
 9713,78283.305, 7.211,5733
 9714,78290.273, 6.971,5733
 9715,78297.219, 6.944,5733
 9716,78304.070, 6.850,5733
 9717,78310.766, 6.691,5733
 9718,78317.797, 7.037,5733
 9719,78324.742, 6.938,5733
 9720,78331.602, 6.870,5733
 9721,78337.820, 6.215,5733
 9722,78343.711, 5.886,5733
 9723,78351.211, 7.504,5733
 9724,78357.156, 5.941,5733
 9725,78363.305, 6.153,5733
 9726,78370.016, 6.704,5733
 9727,78375.922, 5.918,5733
 9728,78382.883, 6.953,5733
 9729,78389.391, 6.507,5733
 9730,78396.531, 7.142,5733
 9731,78403.359, 6.826,5733
 9732,78409.320, 5.968,5733
 9733,78416.305, 6.983,5733
 9734,78423.281, 6.977,5733
 9735,78429.094, 5.809,5733
 9736,78434.953, 5.866,5733
 9737,78440.883, 5.926,5733
 9738,78447.594, 6.710,5733
 9739,78454.234, 6.640,5733
 9740,78460.141, 5.903,5733
 9741,78466.195, 6.055,5733
 9742,78472.898, 6.709,5733
 9743,78480.109, 7.206,5733
 9744,78486.953, 6.846,5733
 9745,78494.375, 7.416,5733
 9746,78502.492, 8.121,5733
 9747,78509.391, 6.895,5733
 9748,78516.781, 7.394,5733
 9749,78524.109, 7.325,5733
 9750,78530.570, 6.465,5733
 9751,78536.898, 6.331,5733
 9752,78543.141, 6.235,5733
 9753,78549.172, 6.037,5733
 9754,78555.570, 6.397,5733
 9755,78563.055, 7.482,5733
 9756,78569.719, 6.667,5733
 9757,78576.852, 7.133,5733
 9758,78583.766, 6.910,5733
 9759,78590.102, 6.336,5733
 9760,78596.625, 6.532,5733
 9761,78603.836, 7.208,5733
 9762,78610.758, 6.920,5733
 9763,78617.055, 6.291,5733
 9764,78623.914, 6.869,5733
 9765,78629.922, 6.002,5733
 9766,78636.766, 6.847,5733
 9767,78643.320, 6.557,5733
 9768,78650.164, 6.844,5733
 9769,78657.453, 7.285,5733
 9770,78664.867, 7.414,5733
 9771,78670.930, 6.067,5733
 9772,78677.391, 6.455,5733
 9773,78683.734, 6.340,5733
 9774,78689.938, 6.215,5733
 9775,78697.102, 7.153,5733
 9776,78703.328, 6.239,5733
 9777,78710.867, 7.533,5733
 9778,78718.039, 7.163,5733
 9779,78725.773, 7.740,5733
 9780,78732.125, 6.349,5733
 9781,78738.453, 6.334,5733
 9782,78744.695, 6.235,5733
 9783,78752.000, 7.317,5733
 9784,78759.078, 7.072,5733
 9785,78766.273, 7.200,5733
 9786,78772.727, 6.447,5733
 9787,78779.219, 6.494,5733
 9788,78786.320, 7.102,5733
 9789,78792.523, 6.201,5733
 9790,78798.875, 6.351,5733
 9791,78805.273, 6.404,5733
 9792,78812.094, 6.816,5733
 9793,78819.188, 7.092,5733
 9794,78826.750, 7.565,5733
 9795,78833.359, 6.604,5733
 9796,78840.719, 7.364,5733
 9797,78847.602, 6.888,5733
 9798,78854.016, 6.405,5733
 9799,78860.828, 6.815,5733
 9800,78867.109, 6.280,5733
 9801,78873.969, 6.868,5733
 9802,78880.625, 6.654,5733
 9803,78887.398, 6.766,5733
 9804,78893.281, 5.889,5733
 9805,78900.211, 6.926,5733
 9806,78907.336, 7.128,5733
 9807,78915.102, 7.761,5733
 9808,78922.086, 6.983,5733
 9809,78929.258, 7.180,5733
 9810,78935.602, 6.344,5733
 9811,78941.766, 6.160,5733
 9812,78947.719, 5.948,5733
 9813,78953.914, 6.200,5733
 9814,78959.969, 6.060,5733
 9815,78966.945, 6.970,5733
 9816,78973.781, 6.840,5733
 9817,78980.328, 6.548,5733
 9818,78987.281, 6.948,5733
 9819,78994.563, 7.288,5733
 9820,79000.914, 6.350,5733
 9821,79007.797, 6.876,5733
 9822,79014.352, 6.552,5733
 9823,79021.250, 6.906,5733
 9824,79028.766, 7.511,5733
 9825,79036.039, 7.276,5733
 9826,79042.742, 6.703,5733
 9827,79048.750, 6.006,5733
 9828,79055.898, 7.155,5733
 9829,79062.914, 7.010,5733
 9830,79068.938, 6.025,5733
 9831,79074.758, 5.819,5733
 9832,79081.453, 6.694,5733
 9833,79087.266, 5.815,5733
 9834,79093.500, 6.237,5733
 9835,79099.305, 5.803,5733
 9836,79105.297, 5.993,5733
 9837,79111.984, 6.692,5733
 9838,79117.844, 5.855,5733
 9839,79123.711, 5.861,5733
 9840,79129.828, 6.118,5733
 9841,79137.328, 7.511,5733
 9842,79144.633, 7.298,5733
 9843,79151.477, 6.846,5733
 9844,79159.078, 7.598,5733
 9845,79165.141, 6.062,5733
 9846,79171.867, 6.725,5733
 9847,79178.328, 6.468,5733
 9848,79184.336, 6.005,5733
 9849,79190.992, 6.660,5733
 9850,79197.688, 6.683,5733
 9851,79203.688, 5.999,5733
 9852,79209.602, 5.927,5733
 9853,79215.602, 5.998,5733
 9854,79221.555, 5.947,5733
 9855,79228.180, 6.624,5733
 9856,79234.180, 6.000,5733
 9857,79240.422, 6.243,5733
 9858,79247.148, 6.730,5733
 9859,79253.391, 6.238,5733
 9860,79259.594, 6.209,5733
 9861,79265.578, 5.981,5733
 9862,79271.883, 6.309,5733
 9863,79279.023, 7.134,5733
 9864,79285.805, 6.782,5733
 9865,79294.133, 8.326,5733
 9866,79302.727, 8.596,5733
 9867,79309.586, 6.863,5733
 9868,79316.094, 6.507,5733
 9869,79322.203, 6.112,5733
 9870,79328.422, 6.217,5733
 9871,79335.070, 6.644,5733
 9872,79342.078, 7.008,5733
 9873,79348.781, 6.705,5733
 9874,79355.406, 6.623,5733
 9875,79363.125, 7.720,5733
 9876,79369.516, 6.395,5733
 9877,79375.945, 6.427,5733
 9878,79382.320, 6.376,5733
 9879,79389.398, 7.075,5733
 9880,79396.180, 6.780,5733
 9881,79403.000, 6.829,5733
 9882,79409.703, 6.691,5733
 9883,79416.563, 6.867,5733
 9884,79423.719, 7.157,5733
 9885,79429.953, 6.235,5733
 9886,79436.664, 6.713,5733
 9887,79443.070, 6.397,5733
 9888,79450.172, 7.107,5733
 9889,79456.844, 6.674,5733
 9890,79463.352, 6.498,5733
 9891,79469.930, 6.587,5733
 9892,79477.266, 7.341,5733
 9893,79484.586, 7.316,5733
 9894,79491.797, 7.212,5733
 9895,79498.055, 6.248,5733
 9896,79504.930, 6.880,5733
 9897,79511.750, 6.822,5733
 9898,79518.023, 6.270,5733
 9899,79524.313, 6.293,5733
 9900,79530.609, 6.303,5733
 9901,79536.914, 6.301,5733
 9902,79544.164, 7.246,5733
 9903,79552.078, 7.910,5733
 9904,79559.281, 7.210,5733
 9905,79566.031, 6.742,5733
 9906,79573.609, 7.589,5733
 9907,79580.875, 7.261,5733
 9908,79587.195, 6.320,5733
 9909,79593.023, 5.824,5733
 9910,79599.078, 6.054,5733
 9911,79605.023, 5.947,5733
 9912,79611.938, 6.924,5733
 9913,79618.961, 7.020,5733
 9914,79625.156, 6.190,5733
 9915,79632.031, 6.874,5733
 9916,79637.930, 5.905,5733
 9917,79644.680, 6.747,5733
 9918,79650.563, 5.885,5733
 9919,79657.680, 7.113,5733
 9920,79665.023, 7.342,5733
 9921,79670.938, 5.923,5733
 9922,79678.375, 7.433,5733
 9923,79685.859, 7.484,5733
 9924,79692.750, 6.886,5733
 9925,79699.109, 6.359,5733
 9926,79705.891, 6.787,5733
 9927,79712.711, 6.817,5733
 9928,79719.656, 6.953,5626
 9929,79725.492, 5.829,5626
 9930,79731.563, 6.072,5626
 9931,79737.641, 6.084,5626
 9932,79743.352, 5.705,5626
 9933,79749.961, 6.615,5626
 9934,79755.594, 5.628,5626
 9935,79761.258, 5.668,5626
 9936,79767.914, 6.655,5626
 9937,79773.461, 5.544,5626
 9938,79779.047, 5.580,5626
 9939,79784.539, 5.500,5626
 9940,79790.906, 6.367,5626
 9941,79797.656, 6.754,5626
 9942,79804.273, 6.609,5626
 9943,79810.727, 6.453,5626
 9944,79817.086, 6.357,5626
 9945,79822.641, 5.562,5626
 9946,79829.031, 6.384,5626
 9947,79834.758, 5.730,5626
 9948,79840.781, 6.024,5626
 9949,79846.328, 5.553,5626
 9950,79852.102, 5.762,5626
 9951,79857.734, 5.632,5626
 9952,79863.469, 5.738,5626
 9953,79869.109, 5.639,5626
 9954,79874.633, 5.532,5626
 9955,79880.430, 5.792,5626
 9956,79887.109, 6.678,5626
 9957,79894.438, 7.332,5626
 9958,79900.680, 6.235,5626
 9959,79906.406, 5.727,5626
 9960,79912.781, 6.379,5626
 9961,79919.281, 6.500,5626
 9962,79924.805, 5.523,5626
 9963,79930.328, 5.526,5626
 9964,79936.234, 5.906,5626
 9965,79942.289, 6.053,5626
 9966,79948.938, 6.648,5626
 9967,79954.992, 6.062,5626
 9968,79960.844, 5.846,5626
 9969,79966.406, 5.560,5626
 9970,79972.367, 5.961,5626
 9971,79979.352, 6.980,5626
 9972,79985.852, 6.503,5626
 9973,79993.250, 7.400,5626
 9974,79999.375, 6.125,5626
 9975,80005.813, 6.439,5626
 9976,80012.367, 6.551,5626
 9977,80018.055, 5.690,5626
 9978,80023.641, 5.591,5626
 9979,80030.063, 6.418,5626
 9980,80035.703, 5.638,5626
 9981,80041.398, 5.691,5626
 9982,80046.930, 5.539,5626
 9983,80053.203, 6.271,5626
 9984,80060.078, 6.876,5626
 9985,80066.039, 5.960,5626
 9986,80071.789, 5.752,5626
 9987,80078.508, 6.718,5626
 9988,80084.898, 6.390,5626
 9989,80090.797, 5.901,5626
 9990,80096.352, 5.546,5626
 9991,80102.891, 6.546,5626
 9992,80109.414, 6.519,5626
 9993,80115.016, 5.605,5626
 9994,80121.844, 6.826,5626
 9995,80128.500, 6.657,5626
 9996,80135.117, 6.617,5626
 9997,80141.000, 5.890,5626
 9998,80147.000, 5.996,5626
 9999,80152.984, 5.988,5626
10000,80159.133, 6.141,5626
10001,80165.188, 6.061,5626
10002,80171.617, 6.428,5626
10003,80178.742, 7.124,5626
10004,80185.648, 6.912,5626
10005,80191.688, 6.025,5626
10006,80198.609, 6.931,5626
10007,80204.430, 5.819,5626
10008,80211.273, 6.843,5626
10009,80217.969, 6.702,5626
10010,80224.148, 6.175,5626
10011,80231.188, 7.038,5626
10012,80237.508, 6.320,5626
10013,80244.047, 6.539,5626
10014,80250.719, 6.670,5626
10015,80256.641, 5.928,5626
10016,80263.742, 7.095,5626
10017,80270.664, 6.929,5626
10018,80277.594, 6.928,5626
10019,80284.766, 7.168,5626
10020,80291.859, 7.093,5626
10021,80298.109, 6.247,5626
10022,80304.906, 6.802,5626
10023,80311.508, 6.598,5626
10024,80318.102, 6.599,5626
10025,80324.641, 6.541,5626
10026,80330.117, 5.470,5626
10027,80335.719, 5.602,5626
10028,80341.500, 5.782,5626
10029,80347.922, 6.421,5626
10030,80353.500, 5.578,5626
10031,80359.922, 6.423,5626
10032,80367.234, 7.314,5626
10033,80374.383, 7.148,5626
10034,80380.906, 6.526,5626
10035,80386.664, 5.760,5626
10036,80393.305, 6.642,5626
10037,80399.906, 6.596,5626
10038,80406.031, 6.123,5626
10039,80412.391, 6.357,5626
10040,80418.219, 5.833,5626
10041,80425.063, 6.842,5626
10042,80431.945, 6.886,5626
10043,80438.352, 6.400,5626
10044,80444.211, 5.866,5626
10045,80450.047, 5.828,5626
10046,80456.930, 6.888,5626
10047,80463.305, 6.381,5626
10048,80470.086, 6.770,5626
10049,80477.141, 7.058,5626
10050,80483.328, 6.192,5626
10051,80489.172, 5.838,5626
10052,80495.016, 5.842,5626
10053,80500.836, 5.824,5626
10054,80506.906, 6.074,5626
10055,80514.055, 7.139,5626
10056,80519.734, 5.688,5626
10057,80525.852, 6.113,5626
10058,80532.195, 6.343,5626
10059,80537.922, 5.728,5626
10060,80543.609, 5.693,5626
10061,80549.352, 5.738,5626
10062,80554.883, 5.529,5626
10063,80560.453, 5.573,5626
10064,80566.063, 5.607,5626
10065,80571.867, 5.808,5626
10066,80577.992, 6.127,5626
10067,80584.719, 6.724,5626
10068,80591.141, 6.417,5626
10069,80597.766, 6.627,5626
10070,80603.445, 5.679,5626
10071,80609.688, 6.242,5626
10072,80615.109, 5.420,5626
10073,80621.445, 6.341,5626
10074,80627.750, 6.299,5626
10075,80633.445, 5.697,5626
10076,80639.859, 6.415,5626
10077,80645.328, 5.479,5626
10078,80650.922, 5.591,5626
10079,80656.453, 5.529,5626
10080,80663.086, 6.626,5626
10081,80669.531, 6.451,5626
10082,80675.094, 5.560,5626
10083,80680.984, 5.898,5626
10084,80687.781, 6.786,5626
10085,80693.609, 5.833,5626
10086,80699.586, 5.975,5626
10087,80705.492, 5.907,5626
10088,80712.164, 6.674,5626
10089,80717.961, 5.802,5626
10090,80724.547, 6.585,5626
10091,80730.352, 5.794,5626
10092,80737.219, 6.878,5626
10093,80742.867, 5.645,5626
10094,80750.391, 7.515,5626
10095,80758.789, 8.406,5626
10096,80765.719, 6.925,5626
10097,80772.148, 6.435,5626
10098,80779.609, 7.461,5626
10099,80786.352, 6.736,5626
10100,80793.977, 7.632,5626
10101,80801.297, 7.323,5626
10102,80807.820, 6.520,5626
10103,80814.508, 6.685,5626
10104,80821.711, 7.198,5626
10105,80828.336, 6.631,5626
10106,80834.563, 6.224,5626
10107,80841.625, 7.071,5626
10108,80848.000, 6.371,5626
10109,80854.852, 6.852,5626
10110,80862.086, 7.234,5626
10111,80868.508, 6.418,5626
10112,80875.664, 7.165,5626
10113,80882.711, 7.039,5626
10114,80888.219, 5.513,5626
10115,80894.258, 6.037,5626
10116,80900.305, 6.050,5626
10117,80906.789, 6.480,5626
10118,80913.141, 6.354,5626
10119,80918.977, 5.834,5626
10120,80925.031, 6.053,5626
10121,80931.297, 6.266,5626
10122,80937.555, 6.258,5626
10123,80943.773, 6.215,5626
10124,80949.258, 5.492,5626
10125,80954.914, 5.655,5626
10126,80960.570, 5.655,5626
10127,80966.297, 5.725,5626
10128,80971.852, 5.556,5626
10129,80977.719, 5.861,5626
10130,80984.305, 6.593,5626
10131,80989.828, 5.520,5626
10132,80995.594, 5.767,5626
10133,81001.414, 5.820,5626
10134,81007.086, 5.668,5626
10135,81012.805, 5.719,5626
10136,81018.750, 5.944,5626
10137,81024.289, 5.546,5626
10138,81030.719, 6.423,5626
10139,81036.258, 5.545,5626
10140,81041.859, 5.600,5626
10141,81047.352, 5.490,5626
10142,81053.898, 6.548,5626
10143,81059.922, 6.031,5626
10144,81065.688, 5.756,5626
10145,81072.531, 6.848,5626
10146,81079.875, 7.345,5626
10147,81085.828, 5.950,5626
10148,81091.813, 5.989,5626
10149,81097.758, 5.938,5626
10150,81104.633, 6.882,5626
10151,81111.375, 6.739,5626
10152,81117.188, 5.810,5626
10153,81123.742, 6.555,5626
10154,81130.320, 6.588,5626
10155,81137.664, 7.336,5626
10156,81143.781, 6.112,5626
10157,81150.305, 6.528,5626
10158,81155.867, 5.563,5626
10159,81161.734, 5.861,5626
10160,81167.586, 5.856,5626
10161,81173.516, 5.935,5626
10162,81179.219, 5.702,5626
10163,81184.828, 5.606,5626
10164,81190.602, 5.775,5626
10165,81196.898, 6.298,5626
10166,81202.602, 5.701,5626
10167,81208.664, 6.067,5626
10168,81215.352, 6.680,5626
10169,81221.141, 5.793,5626
10170,81226.938, 5.802,5626
10171,81232.703, 5.756,5626
10172,81239.578, 6.881,5626
10173,81246.117, 6.533,5626
10174,81253.000, 6.888,5626
10175,81258.883, 5.882,5626
10176,81264.852, 5.966,5626
10177,81270.570, 5.725,5626
10178,81276.398, 5.824,5626
10179,81282.852, 6.450,5626
10180,81288.625, 5.781,5626
10181,81294.328, 5.703,5626
10182,81300.211, 5.877,5626
10183,81307.250, 7.039,5626
10184,81313.414, 6.161,5626
10185,81320.344, 6.928,5626
10186,81327.273, 6.941,5626
10187,81333.125, 5.842,5626
10188,81340.398, 7.279,5626
10189,81346.727, 6.324,5626
10190,81352.633, 5.914,5626
10191,81360.117, 7.480,5626
10192,81367.094, 6.979,5626
10193,81373.898, 6.803,5626
10194,81380.680, 6.774,5626
10195,81386.953, 6.281,5626
10196,81393.055, 6.101,5626
10197,81400.047, 6.990,5626
10198,81407.047, 6.997,5626
10199,81413.000, 5.964,5626
10200,81420.438, 7.433,5626
10201,81426.445, 6.006,5626
10202,81432.531, 6.089,5626
10203,81439.789, 7.255,5626
10204,81446.297, 6.512,5626
10205,81452.617, 6.316,5626
10206,81459.664, 7.053,5626
10207,81466.742, 7.072,5626
10208,81473.305, 6.565,5626
10209,81479.023, 5.710,5626
10210,81484.516, 5.495,5626
10211,81490.172, 5.660,5626
10212,81495.844, 5.669,5626
10213,81502.258, 6.422,5626
10214,81508.641, 6.384,5626
10215,81515.633, 6.985,5626
10216,81524.289, 8.660,5626
10217,81530.375, 6.080,5626
10218,81537.617, 7.248,5626
10219,81544.578, 6.961,5626
10220,81550.703, 6.116,5626
10221,81557.367, 6.667,5626
10222,81563.633, 6.270,5626
10223,81569.617, 5.990,5626
10224,81575.477, 5.855,5626
10225,81581.570, 6.093,5626
10226,81587.586, 6.020,5626
10227,81594.406, 6.809,5626
10228,81601.398, 6.996,5626
10229,81607.781, 6.382,5626
10230,81613.867, 6.086,5626
10231,81620.711, 6.842,5626
10232,81626.664, 5.958,5626
10233,81633.789, 7.124,5626
10234,81640.758, 6.965,5626
10235,81646.563, 5.813,5626
10236,81652.266, 5.698,5626
10237,81658.914, 6.650,5626
10238,81665.211, 6.300,5626
10239,81671.680, 6.459,5626
10240,81678.273, 6.605,5626
10241,81684.805, 6.529,5626
10242,81690.703, 5.893,5626
10243,81696.305, 5.603,5626
10244,81701.992, 5.689,5626
10245,81708.383, 6.388,5626
10246,81713.859, 5.477,5626
10247,81720.539, 6.679,5626
10248,81725.992, 5.457,5626
10249,81732.594, 6.606,5626
10250,81738.492, 5.893,5626
10251,81744.305, 5.817,5626
10252,81749.930, 5.624,5626
10253,81755.617, 5.689,5626
10254,81761.406, 5.784,5626
10255,81767.250, 5.845,5626
10256,81772.758, 5.503,5626
10257,81779.242, 6.491,5626
10258,81785.711, 6.465,5626
10259,81791.492, 5.779,5626
10260,81797.172, 5.678,5626
10261,81802.836, 5.671,5626
10262,81808.664, 5.828,5626
10263,81815.156, 6.491,5626
10264,81820.586, 5.429,5626
10265,81826.188, 5.598,5626
10266,81831.875, 5.691,5626
10267,81837.953, 6.082,5626
10268,81844.086, 6.130,5626
10269,81850.750, 6.658,5626
10270,81857.359, 6.613,5626
10271,81863.289, 5.935,5626
10272,81870.148, 6.851,5626
10273,81876.609, 6.469,5626
10274,81882.359, 5.738,5626
10275,81888.375, 6.022,5626
10276,81895.023, 6.648,5626
10277,81902.539, 7.518,5626
10278,81909.219, 6.683,5626
10279,81916.352, 7.123,5626
10280,81922.406, 6.055,5626
10281,81928.055, 5.654,5626
10282,81934.594, 6.541,5626
10283,81941.531, 6.933,5626
10284,81948.063, 6.533,5626
10285,81954.117, 6.057,5626
10286,81960.117, 5.998,5626
10287,81965.703, 5.587,5626
10288,81971.430, 5.722,5626
10289,81977.344, 5.912,5626
10290,81983.180, 5.839,5626
10291,81988.836, 5.660,5626
10292,81994.508, 5.669,5626
10293,82000.406, 5.896,5626
10294,82006.969, 6.569,5626
10295,82013.563, 6.593,5626
10296,82019.320, 5.762,5626
10297,82025.031, 5.699,5626
10298,82031.914, 6.890,5626
10299,82038.133, 6.220,5626
10300,82045.000, 6.872,5626
10301,82052.789, 7.783,5626
10302,82059.063, 6.269,5626
10303,82065.914, 6.859,5626
10304,82071.938, 6.018,5626
10305,82078.195, 6.262,5626
10306,82085.453, 7.255,5626
10307,82091.453, 6.002,5626
10308,82097.594, 6.140,5626
10309,82104.938, 7.344,5626
10310,82111.164, 6.226,5626
10311,82117.930, 6.764,5626
10312,82123.844, 5.915,5626
10313,82130.727, 6.884,5626
10314,82136.852, 6.124,5626
10315,82143.297, 6.449,5626
10316,82149.555, 6.256,5626
10317,82156.641, 7.087,5626
10318,82163.141, 6.495,5626
10319,82169.352, 6.210,5626
10320,82176.688, 7.336,5626
10321,82183.203, 6.517,5626
10322,82188.805, 5.605,5626
10323,82194.477, 5.671,5626
10324,82200.984, 6.512,5626
10325,82207.492, 6.501,5626
10326,82212.961, 5.469,5626
10327,82218.680, 5.712,5626
10328,82225.086, 6.409,5626
10329,82230.680, 5.591,5626
10330,82237.078, 6.407,5626
10331,82242.703, 5.620,5626
10332,82248.445, 5.747,5626
10333,82254.023, 5.578,5626
10334,82259.992, 5.975,5626
10335,82265.953, 5.953,5626
10336,82272.445, 6.492,5626
10337,82279.617, 7.173,5626
10338,82286.867, 7.249,5626
10339,82293.031, 6.161,5626
10340,82299.758, 6.732,5626
10341,82305.688, 5.927,5626
10342,82311.398, 5.713,5626
10343,82317.125, 5.724,5626
10344,82322.695, 5.572,5626
10345,82329.500, 6.804,5626
10346,82335.492, 5.990,5626
10347,82341.375, 5.886,5626
10348,82347.133, 5.755,5626
10349,82352.797, 5.664,5626
10350,82358.398, 5.605,5626
10351,82365.328, 6.929,5626
10352,82372.109, 6.783,5626
10353,82377.875, 5.769,5626
10354,82384.328, 6.451,5626
10355,82390.797, 6.466,5626
10356,82396.633, 5.836,5626
10357,82403.359, 6.725,5626
10358,82409.156, 5.800,5626
10359,82415.453, 6.292,5626
10360,82421.094, 5.639,5626
10361,82427.039, 5.949,5626
10362,82433.109, 6.070,5626
10363,82438.898, 5.796,5626
10364,82445.039, 6.133,5626
10365,82450.805, 5.770,5626
10366,82457.445, 6.633,5626
10367,82463.867, 6.429,5626
10368,82470.477, 6.608,5626
10369,82477.414, 6.937,5626
10370,82483.047, 5.632,5626
10371,82489.594, 6.550,5626
10372,82495.266, 5.672,5626
10373,82501.891, 6.627,5626
10374,82508.656, 6.769,5626
10375,82514.328, 5.669,5626
10376,82519.992, 5.660,5626
10377,82525.422, 5.428,5626
10378,82530.984, 5.566,5626
10379,82536.531, 5.547,5626
10380,82543.414, 6.876,5626
10381,82548.820, 5.412,5626
10382,82554.828, 6.003,5626
10383,82560.391, 5.559,5626
10384,82565.969, 5.587,5626
10385,82571.609, 5.641,5626
10386,82577.914, 6.306,5626
10387,82584.617, 6.705,5626
10388,82590.648, 6.028,5626
10389,82596.891, 6.243,5626
10390,82603.938, 7.048,5626
10391,82610.594, 6.655,5626
10392,82616.391, 5.792,5626
10393,82622.047, 5.653,5626
10394,82628.070, 6.027,5626
10395,82634.227, 6.158,5626
10396,82640.430, 6.199,5626
10397,82647.586, 7.163,5626
10398,82653.602, 6.017,5626
10399,82662.086, 8.474,5626
10400,82669.578, 7.500,5626
10401,82677.844, 8.265,5626
10402,82685.867, 8.021,5626
10403,82693.695, 7.826,5626
10404,82701.492, 7.803,5626
10405,82708.344, 6.848,5626
10406,82715.781, 7.435,5626
10407,82722.398, 6.618,5626
10408,82730.039, 7.637,5626
10409,82737.039, 7.000,5626
10410,82743.719, 6.681,5626
10411,82751.430, 7.718,5626
10412,82759.281, 7.854,5626
10413,82766.016, 6.728,5626
10414,82772.703, 6.688,5626
10415,82778.484, 5.783,5626
10416,82785.047, 6.559,5626
10417,82792.195, 7.153,5626
10418,82798.219, 6.024,5626
10419,82805.234, 7.016,5626
10420,82811.398, 6.156,5626
10421,82817.797, 6.404,5626
10422,82824.625, 6.831,5626
10423,82830.586, 5.957,5626
10424,82836.242, 5.658,5626
10425,82842.930, 6.685,5626
10426,82848.547, 5.617,5626
10427,82854.938, 6.394,5626
10428,82861.641, 6.707,5626
10429,82867.234, 5.593,5626
10430,82873.813, 6.571,5626
10431,82879.445, 5.636,5626
10432,82885.992, 6.550,5626
10433,82892.297, 6.303,5626
10434,82898.391, 6.089,5626
10435,82904.406, 6.018,5626
10436,82910.242, 5.837,5626
10437,82916.023, 5.778,5626
10438,82921.688, 5.663,5626
10439,82928.563, 6.883,5626
10440,82934.945, 6.379,5626
10441,82941.539, 6.592,5626
10442,82947.375, 5.833,5626
10443,82954.625, 7.254,5626
10444,82961.023, 6.396,5626
10445,82966.859, 5.839,5626
10446,82972.461, 5.597,5626
10447,82978.211, 5.751,5626
10448,82983.914, 5.707,5626
10449,82990.453, 6.533,5626
10450,82996.125, 5.675,5626
10451,83002.219, 6.100,5626
10452,83008.875, 6.653,5626
10453,83014.656, 5.784,5626
10454,83020.273, 5.617,5626
10455,83027.016, 6.738,5626
10456,83033.703, 6.681,5626
10457,83039.484, 5.786,5626
10458,83046.359, 6.874,5626
10459,83053.906, 7.549,5626
10460,83059.898, 5.995,5626
10461,83066.305, 6.410,5626
10462,83072.008, 5.697,5626
10463,83077.852, 5.843,5626
10464,83084.313, 6.466,5626
10465,83091.078, 6.757,5626
10466,83096.680, 5.602,5626
10467,83102.859, 6.185,5626
10468,83109.305, 6.447,5626
10469,83116.117, 6.805,5626
10470,83122.750, 6.634,5626
10471,83128.461, 5.716,5626
10472,83134.906, 6.448,5626
10473,83141.734, 6.823,5626
10474,83147.547, 5.817,5626
10475,83154.086, 6.534,5626
10476,83159.734, 5.652,5626
10477,83165.555, 5.823,5626
10478,83171.188, 5.631,5626
10479,83177.930, 6.741,5626
10480,83183.836, 5.905,5626
10481,83189.648, 5.820,5626
10482,83195.344, 5.687,5626
10483,83201.281, 5.938,5626
10484,83207.953, 6.676,5626
10485,83214.188, 6.231,5626
10486,83220.211, 6.025,5626
10487,83226.125, 5.911,5626
10488,83233.148, 7.022,5626
10489,83239.430, 6.285,5626
10490,83246.008, 6.574,5626
10491,83252.164, 6.155,5626
10492,83258.281, 6.125,5626
10493,83264.438, 6.155,5626
10494,83270.531, 6.092,5626
10495,83276.867, 6.336,5626
10496,83282.867, 6.001,5626
10497,83288.914, 6.044,5626
10498,83294.922, 6.008,5626
10499,83301.063, 6.142,5626
10500,83307.234, 6.171,5626
10501,83313.516, 6.282,5626
10502,83320.250, 6.734,5626
10503,83326.328, 6.083,5626
10504,83332.602, 6.273,5626
10505,83338.945, 6.342,5626
10506,83345.430, 6.480,5626
10507,83351.938, 6.511,5626
10508,83358.258, 6.324,5626
10509,83364.734, 6.470,5626
10510,83370.484, 5.749,5626
10511,83376.273, 5.795,5626
10512,83382.031, 5.753,5626
10513,83387.883, 5.852,5626
10514,83395.469, 7.587,5626
10515,83401.188, 5.718,5626
10516,83406.859, 5.675,5626
10517,83412.484, 5.622,5626
10518,83418.172, 5.685,5626
10519,83425.313, 7.147,5626
10520,83432.305, 6.994,5626
10521,83438.547, 6.236,5626
10522,83444.391, 5.840,5626
10523,83450.227, 5.838,5626
10524,83456.219, 5.998,5626
10525,83463.094, 6.869,5626
10526,83469.820, 6.730,5626
10527,83475.680, 5.857,5626
10528,83481.711, 6.029,5626
10529,83487.414, 5.707,5626
10530,83493.070, 5.657,5626
10531,83499.109, 6.034,5626
10532,83505.695, 6.584,5626
10533,83512.578, 6.894,5626
10534,83519.234, 6.656,5626
10535,83525.359, 6.118,5626
10536,83531.523, 6.168,5626
10537,83537.570, 6.048,5626
10538,83543.477, 5.903,5626
10539,83549.258, 5.784,5626
10540,83554.875, 5.613,5626
10541,83560.570, 5.702,5626
10542,83566.367, 5.791,5626
10543,83571.891, 5.529,5626
10544,83577.742, 5.847,5626
10545,83583.328, 5.587,5626
10546,83589.039, 5.708,5626
10547,83594.578, 5.540,5626
10548,83600.234, 5.657,5626
10549,83606.250, 6.019,5626
10550,83612.078, 5.824,5626
10551,83618.406, 6.328,5626
10552,83624.852, 6.449,5626
10553,83630.789, 5.930,5626
10554,83636.930, 6.144,5626
10555,83642.758, 5.832,5626
10556,83649.328, 6.575,5626
10557,83655.039, 5.701,5626
10558,83660.641, 5.606,5626
10559,83666.375, 5.729,5626
10560,83672.234, 5.864,5626
10561,83678.992, 6.764,5626
10562,83684.563, 5.564,5626
10563,83690.258, 5.700,5626
10564,83696.805, 6.538,5626
10565,83702.688, 5.880,5626
10566,83708.461, 5.780,5626
10567,83715.164, 6.700,5626
10568,83720.695, 5.535,5626
10569,83726.563, 5.867,5626
10570,83732.648, 6.089,5626
10571,83739.008, 6.355,5626
10572,83744.727, 5.715,5626
10573,83750.461, 5.736,5626
10574,83756.211, 5.751,5626
10575,83762.078, 5.870,5626
10576,83767.984, 5.906,5626
10577,83774.172, 6.190,5626
10578,83780.148, 5.971,5626
10579,83787.102, 6.953,5626
10580,83794.328, 7.231,5626
10581,83800.727, 6.392,5626
10582,83807.961, 7.239,5626
10583,83815.820, 7.858,5626
10584,83822.750, 6.929,5626
10585,83830.555, 7.805,5626
10586,83836.867, 6.312,5626
10587,83843.875, 7.011,5626
10588,83850.281, 6.410,5626
10589,83857.203, 6.915,5626
10590,83863.570, 6.371,5626
10591,83870.734, 7.159,5626
10592,83877.016, 6.279,5626
10593,83884.414, 7.400,5626
10594,83891.719, 7.308,5626
10595,83897.563, 5.847,5626
10596,83903.453, 5.887,5626
10597,83909.195, 5.744,5626
10598,83915.828, 6.629,5626
10599,83921.727, 5.901,5626
10600,83928.156, 6.429,5626
10601,83934.781, 6.625,5626
10602,83941.313, 6.533,5626
10603,83948.172, 6.862,5626
10604,83955.242, 7.071,5626
10605,83962.711, 7.458,5626
10606,83969.047, 6.344,5626
10607,83975.508, 6.464,5626
10608,83981.688, 6.175,5626
10609,83987.898, 6.213,5626
10610,83993.945, 6.049,5626
10611,84000.945, 7.001,5626
10612,84007.422, 6.469,5626
10613,84014.078, 6.658,5626
10614,84020.609, 6.538,5626
10615,84026.898, 6.285,5626
10616,84033.102, 6.201,5626
10617,84039.023, 5.919,5626
10618,84045.250, 6.229,5626
10619,84052.227, 6.981,5626
10620,84059.266, 7.040,5626
10621,84066.047, 6.775,5626
10622,84072.555, 6.508,5626
10623,84078.719, 6.161,5626
10624,84084.375, 5.655,5626
10625,84090.195, 5.830,5626
10626,84095.875, 5.680,5626
10627,84102.797, 6.915,5626
10628,84109.063, 6.267,5626
10629,84114.719, 5.655,5626
10630,84120.375, 5.658,5626
10631,84126.055, 5.675,5626
10632,84131.547, 5.500,5626
10633,84138.289, 6.746,5626
10634,84143.891, 5.596,5626
10635,84150.453, 6.563,5626
10636,84156.211, 5.759,5626
10637,84163.719, 7.501,5626
10638,84170.617, 6.908,5626
10639,84177.375, 6.749,5626
10640,84183.266, 5.899,5626
10641,84189.008, 5.735,5626
10642,84195.281, 6.281,5626
10643,84202.109, 6.825,5626
10644,84209.672, 7.554,5626
10645,84215.703, 6.033,5626
10646,84221.617, 5.925,5626
10647,84227.273, 5.656,5626
10648,84234.102, 6.822,5626
10649,84240.711, 6.609,5626
10650,84247.141, 6.434,5626
10651,84253.063, 5.920,5626
10652,84259.047, 5.983,5626
10653,84266.273, 7.229,5626
10654,84272.633, 6.359,5626
10655,84278.813, 6.179,5626
10656,84286.133, 7.321,5626
10657,84292.828, 6.690,5626
10658,84298.875, 6.049,5626
10659,84304.797, 5.923,5626
10660,84310.680, 5.876,5626
10661,84318.469, 7.793,5626
10662,84324.305, 5.844,5626
10663,84330.055, 5.739,5626
10664,84336.852, 6.806,5626
10665,84343.516, 6.661,5626
10666,84349.219, 5.702,5626
10667,84354.984, 5.771,5626
10668,84360.773, 5.782,5626
10669,84367.359, 6.586,5626
10670,84374.547, 7.193,5626
10671,84380.383, 5.832,5626
10672,84386.234, 5.853,5626
10673,84391.945, 5.715,5626
10674,84397.547, 5.597,5626
10675,84403.203, 5.655,5626
10676,84409.438, 6.233,5626
10677,84415.891, 6.454,5626
10678,84421.695, 5.800,5626
10679,84427.453, 5.766,5626
10680,84434.742, 7.283,5626
10681,84440.445, 5.703,5626
10682,84446.148, 5.709,5626
10683,84452.180, 6.026,5626
10684,84458.094, 5.916,5626
10685,84465.313, 7.226,5626
10686,84472.008, 6.682,5626
10687,84478.547, 6.548,5626
10688,84485.063, 6.514,5626
10689,84491.594, 6.532,5626
10690,84497.617, 6.027,5626
10691,84503.602, 5.980,5626
10692,84510.609, 7.011,5626
10693,84517.750, 7.133,5626
10694,84524.578, 6.838,5626
10695,84530.828, 6.244,5626
10696,84537.047, 6.214,5626
10697,84543.961, 6.924,5626
10698,84550.547, 6.586,5626
10699,84556.891, 6.341,5626
10700,84562.914, 6.023,5626
10701,84569.258, 6.347,5626
10702,84575.633, 6.376,5626
10703,84583.555, 7.918,5626
10704,84590.906, 7.354,5626
10705,84597.367, 6.450,5626
10706,84603.516, 6.153,5626
10707,84609.734, 6.223,5626
10708,84615.797, 6.057,5626
10709,84622.836, 7.043,5626
10710,84629.539, 6.704,5626
10711,84635.875, 6.332,5626
10712,84642.523, 6.654,5626
10713,84649.156, 6.634,5626
10714,84655.477, 6.317,5626
10715,84662.008, 6.531,5626
10716,84669.109, 7.097,5626
10717,84675.891, 6.788,5626
10718,84681.930, 6.036,5626
10719,84688.820, 6.888,5626
10720,84695.953, 7.135,5626
10721,84701.820, 5.865,5626
10722,84709.031, 7.213,5626
10723,84714.969, 5.945,5626
10724,84721.578, 6.605,5626
10725,84728.266, 6.687,5626
10726,84733.992, 5.731,5626
10727,84739.703, 5.699,5626
10728,84745.516, 5.819,5626
10729,84751.203, 5.689,5626
10730,84757.102, 5.894,5626
10731,84763.844, 6.743,5626
10732,84769.445, 5.602,5626
10733,84775.195, 5.751,5626
10734,84780.797, 5.602,5626
10735,84787.289, 6.494,5626
10736,84793.492, 6.202,5626
10737,84799.688, 6.187,5626
10738,84805.766, 6.085,5626
10739,84811.719, 5.954,5626
10740,84817.375, 5.654,5626
10741,84823.461, 6.084,5626
10742,84829.281, 5.830,5626
10743,84834.992, 5.713,5626
10744,84840.727, 5.721,5626
10745,84846.656, 5.939,5626
10746,84852.242, 5.582,5626
10747,84858.148, 5.903,5626
10748,84864.023, 5.872,5626
10749,84869.594, 5.580,5626
10750,84875.313, 5.722,5626
10751,84881.063, 5.745,5626
10752,84887.383, 6.318,5626
10753,84893.234, 5.853,5626
10754,84899.344, 6.107,5626
10755,84905.766, 6.418,5626
10756,84911.758, 5.999,5626
10757,84917.922, 6.169,5626
10758,84923.789, 5.859,5626
10759,84929.859, 6.073,5626
10760,84935.922, 6.063,5626
10761,84941.703, 5.778,5626
10762,84947.844, 6.144,5626
10763,84953.828, 5.983,5626
10764,84959.781, 5.949,5626
10765,84966.688, 6.908,5626
10766,84973.953, 7.274,5626
10767,84980.883, 6.928,5626
10768,84987.078, 6.186,5626
10769,84993.234, 6.164,5626
10770,84999.102, 5.866,5626
10771,85005.633, 6.532,5626
10772,85012.648, 7.015,5626
10773,85018.633, 5.989,5626
10774,85025.445, 6.803,5626
10775,85031.617, 6.182,5626
10776,85037.648, 6.032,5626
10777,85044.023, 6.365,5626
10778,85050.742, 6.721,5626
10779,85056.922, 6.185,5626
10780,85063.031, 6.102,5626
10781,85069.242, 6.214,5626
10782,85074.984, 5.742,5626
10783,85080.906, 5.921,5626
10784,85086.703, 5.794,5626
10785,85092.320, 5.628,5626
10786,85098.398, 6.070,5626
10787,85104.391, 5.990,5626
10788,85110.516, 6.131,5626
10789,85117.195, 6.680,5626
10790,85124.891, 7.695,5626
10791,85130.984, 6.092,5626
10792,85137.242, 6.261,5626
10793,85143.258, 6.014,5626
10794,85149.125, 5.862,5626
10795,85155.141, 6.019,5626
10796,85162.734, 7.591,5626
10797,85169.078, 6.343,5626
10798,85175.430, 6.351,5626
10799,85181.539, 6.112,5626
10800,85187.766, 6.226,5626
10801,85194.750, 6.983,5626
10802,85202.039, 7.284,5626
10803,85209.570, 7.538,5626
10804,85215.953, 6.382,5626
10805,85222.922, 6.974,5626
10806,85229.414, 6.483,5626
10807,85235.828, 6.417,5626
10808,85241.945, 6.120,5626
10809,85248.117, 6.169,5626
10810,85254.172, 6.058,5626
10811,85260.625, 6.454,5626
10812,85268.406, 7.779,5626
10813,85274.758, 6.351,5626
10814,85281.016, 6.258,5626
10815,85288.109, 7.095,5626
10816,85294.148, 6.034,5626
10817,85300.539, 6.398,5626
10818,85306.398, 5.855,5626
10819,85312.211, 5.815,5626
10820,85318.203, 5.994,5626
10821,85324.188, 5.981,5626
10822,85331.211, 7.023,5626
10823,85337.094, 5.885,5626
10824,85342.805, 5.713,5626
10825,85348.961, 6.153,5626
10826,85356.141, 7.180,5626
10827,85362.703, 6.556,5626
10828,85369.703, 7.005,5626
10829,85375.430, 5.730,5626
10830,85381.172, 5.742,5626
10831,85387.758, 6.584,5626
10832,85393.609, 5.855,5626
10833,85399.750, 6.139,5626
10834,85405.531, 5.781,5626
10835,85412.219, 6.690,5626
10836,85418.211, 5.993,5626
10837,85425.094, 6.878,5626
10838,85431.352, 6.257,5626
10839,85437.313, 5.966,5626
10840,85443.398, 6.077,5626
10841,85449.344, 5.944,5626
10842,85455.281, 5.943,5626
10843,85462.063, 6.777,5626
10844,85468.023, 5.964,5626
10845,85474.563, 6.541,5626
10846,85480.547, 5.988,5626
10847,85486.703, 6.147,5626
10848,85492.398, 5.696,5626
10849,85499.398, 7.002,5626
10850,85505.430, 6.036,5626
10851,85511.906, 6.472,5626
10852,85518.656, 6.752,5626
10853,85524.320, 5.669,5626
10854,85530.109, 5.783,5626
10855,85537.680, 7.565,5626
10856,85544.289, 6.623,5626
10857,85550.195, 5.903,5626
10858,85555.930, 5.733,5626
10859,85561.594, 5.665,5626
10860,85568.711, 7.110,5626
10861,85575.297, 6.594,5626
10862,85581.859, 6.557,5626
10863,85587.672, 5.814,5626
10864,85593.438, 5.764,5626
10865,85599.156, 5.716,5626
10866,85605.031, 5.876,5626
10867,85610.859, 5.829,5626
10868,85617.250, 6.397,5626
10869,85623.031, 5.773,5626
10870,85628.625, 5.603,5626
10871,85634.570, 5.943,5626
10872,85640.727, 6.154,5626
10873,85646.734, 6.008,5626
10874,85652.633, 5.904,5626
10875,85658.406, 5.762,5626
10876,85665.352, 6.947,5626
10877,85672.133, 6.785,5626
10878,85677.859, 5.727,5626
10879,85683.672, 5.811,5626
10880,85689.719, 6.041,5626
10881,85696.813, 7.097,5626
10882,85703.961, 7.153,5626
10883,85709.844, 5.880,5626
10884,85716.859, 7.021,5626
10885,85722.805, 5.943,5626
10886,85728.695, 5.885,5626
10887,85736.320, 7.630,5626
10888,85744.578, 8.257,5626
10889,85751.367, 6.785,5626
10890,85757.852, 6.486,5626
10891,85764.859, 7.013,5626
10892,85772.141, 7.275,5626
10893,85779.031, 6.893,5626
10894,85785.242, 6.211,5626
10895,85791.547, 6.306,5626
10896,85798.766, 7.218,5626
10897,85805.844, 7.079,5626
10898,85812.133, 6.286,5626
10899,85819.125, 6.990,5626
10900,85825.648, 6.535,5626
10901,85832.422, 6.761,5626
10902,85840.250, 7.838,5626
10903,85847.258, 7.004,5626
10904,85854.102, 6.840,5626
10905,85861.164, 7.068,5626
10906,85868.680, 7.509,5626
10907,85875.930, 7.257,5626
10908,85883.258, 7.331,5626
10909,85889.547, 6.287,5626
10910,85896.055, 6.499,5626
10911,85903.164, 7.113,5626
10912,85909.117, 5.955,5626
10913,85915.953, 6.841,5626
10914,85922.992, 7.042,5626
10915,85928.906, 5.905,5626
10916,85934.883, 5.983,5626
10917,85941.953, 7.072,5626
10918,85949.477, 7.513,5626
10919,85958.258, 8.790,5626
10920,85966.797, 8.531,5626
10921,85974.680, 7.881,5626
10922,85981.820, 7.147,5626
10923,85988.516, 6.698,5626
10924,85995.297, 6.777,5626
10925,86001.859, 6.567,5626
10926,86009.148, 7.284,5626
10927,86016.102, 6.955,5626
10928,86022.836, 6.730,5626
10929,86029.688, 6.852,5626
10930,86036.703, 7.012,5626
10931,86043.805, 7.106,5626
10932,86052.359, 8.557,5626
10933,86061.430, 9.071,5626
10934,86070.438, 9.001,5626
10935,86078.266, 7.833,5626
10936,86086.203, 7.937,5626
10937,86092.539, 6.335,5626
10938,86099.516, 6.976,5626
10939,86106.820, 7.305,5626
10940,86113.977, 7.164,5626
10941,86121.992, 8.014,5626
10942,86130.516, 8.516,5626
10943,86137.352, 6.834,5626
10944,86144.813, 7.465,5626
10945,86151.109, 6.295,5626
10946,86158.039, 6.929,5626
10947,86164.992, 6.963,5626
10948,86171.539, 6.538,5626
10949,86178.109, 6.573,5626
10950,86184.086, 5.978,5626
10951,86190.203, 6.119,5626
10952,86196.320, 6.118,5626
10953,86202.094, 5.769,5626
10954,86208.313, 6.224,5626
10955,86214.297, 5.985,5626
10956,86220.258, 5.954,5626
10957,86226.633, 6.382,5626
10958,86232.508, 5.872,5626
10959,86238.391, 5.877,5626
10960,86244.406, 6.019,5626
10961,86251.508, 7.100,5626
10962,86258.109, 6.601,5626
10963,86263.945, 5.840,5626
10964,86269.758, 5.810,5626
10965,86276.383, 6.621,5626
10966,86283.523, 7.145,5626
10967,86289.602, 6.085,5626
10968,86295.922, 6.312,5626
10969,86301.977, 6.063,5626
10970,86308.352, 6.368,5626
10971,86314.531, 6.185,5626
10972,86321.609, 7.076,5626
10973,86327.641, 6.030,5626
10974,86333.578, 5.937,5626
10975,86339.742, 6.161,5626
10976,86345.773, 6.029,5626
10977,86351.734, 5.959,5626
10978,86359.219, 7.488,5626
10979,86365.633, 6.419,5626
10980,86372.117, 6.479,5626
10981,86379.859, 7.745,5626
10982,86386.680, 6.816,5626
10983,86393.375, 6.698,5626
10984,86399.727, 6.351,5626
10985,86406.078, 6.355,5626
10986,86412.563, 6.487,5626
10987,86419.547, 6.982,5626
10988,86425.547, 5.998,5626
10989,86433.039, 7.489,5626
10990,86439.781, 6.747,5626
10991,86446.930, 7.152,5626
10992,86453.453, 6.515,5626
10993,86459.906, 6.461,5626
10994,86466.516, 6.602,5626
10995,86472.836, 6.324,5626
10996,86479.523, 6.685,5626
10997,86486.438, 6.916,5626
10998,86492.852, 6.415,5626
10999,86499.180, 6.330,5626
11000,86506.461, 7.276,5626
11001,86514.141, 7.685,5626
11002,86520.492, 6.352,5626
11003,86526.359, 5.865,5626
11004,86532.375, 6.012,5626
11005,86538.281, 5.914,5626
11006,86544.156, 5.869,5626
11007,86550.195, 6.038,5626
11008,86556.117, 5.926,5626
11009,86562.695, 6.573,5626
11010,86568.781, 6.089,5626
11011,86574.758, 5.979,5626
11012,86581.164, 6.405,5626
11013,86587.898, 6.735,5626
11014,86595.258, 7.362,5626
11015,86601.250, 5.987,5626
11016,86607.203, 5.955,5626
11017,86613.258, 6.059,5626
11018,86620.250, 6.992,5626
11019,86627.188, 6.934,5626
11020,86633.148, 5.961,5626
11021,86639.875, 6.730,5626
11022,86645.758, 5.878,5626
11023,86651.594, 5.835,5626
11024,86657.469, 5.875,5626
11025,86663.523, 6.053,5626
11026,86669.188, 5.669,5626
11027,86675.266, 6.076,5626
11028,86681.195, 5.933,5626
11029,86686.852, 5.653,5626
11030,86692.344, 5.489,5626
11031,86699.859, 7.517,5626
11032,86705.672, 5.808,5626
11033,86712.172, 6.504,5626
11034,86718.938, 6.771,5626
11035,86724.648, 5.708,5626
11036,86731.172, 6.527,5626
11037,86737.695, 6.515,5626
11038,86744.195, 6.509,5626
11039,86750.883, 6.680,5626
11040,86757.883, 7.004,5626
11041,86763.820, 5.936,5626
11042,86769.516, 5.697,5626
11043,86775.227, 5.708,5626
11044,86781.117, 5.893,5626
11045,86787.078, 5.954,5626
11046,86792.875, 5.807,5626
11047,86798.609, 5.736,5626
11048,86805.680, 7.063,5626
11049,86811.703, 6.025,5626
11050,86817.578, 5.875,5626
11051,86823.250, 5.677,5626
11052,86829.203, 5.950,5626
11053,86835.508, 6.306,5626
11054,86841.258, 5.746,5626
11055,86847.195, 5.939,5626
11056,86852.938, 5.747,5626
11057,86859.789, 6.845,5626
11058,86865.438, 5.647,5626
11059,86872.031, 6.591,5626
11060,86877.703, 5.672,5626
11061,86884.414, 6.711,5626
11062,86892.406, 7.996,5626
11063,86899.602, 7.201,5626
11064,86906.180, 6.578,5626
11065,86912.828, 6.644,5626
11066,86919.227, 6.398,5626
11067,86925.539, 6.315,5626
11068,86931.414, 5.870,5626
11069,86937.211, 5.801,5626
11070,86943.000, 5.784,5626
11071,86949.844, 6.850,5626
11072,86956.477, 6.632,5626
11073,86962.172, 5.697,5626
11074,86968.078, 5.898,5626
11075,86973.836, 5.762,5626
11076,86979.930, 6.095,5626
11077,86985.953, 6.027,5626
11078,86991.813, 5.854,5626
11079,86998.594, 6.787,5626
11080,87004.656, 6.063,5626
11081,87010.688, 6.022,5626
11082,87017.352, 6.665,5626
11083,87023.938, 6.591,5626
11084,87031.102, 7.159,5626
11085,87037.219, 6.121,5626
11086,87043.750, 6.533,5626
11087,87049.609, 5.861,5626
11088,87055.852, 6.237,5626
11089,87061.852, 6.000,5626
11090,87068.219, 6.370,5626
11091,87074.305, 6.089,5626
11092,87080.516, 6.208,5626
11093,87086.820, 6.300,5626
11094,87093.125, 6.309,5626
11095,87100.500, 7.372,5626
11096,87106.844, 6.345,5626
11097,87112.977, 6.136,5626
11098,87119.117, 6.139,5626
11099,87126.117, 6.999,5626
11100,87133.430, 7.313,5626
11101,87140.500, 7.068,5626
11102,87147.602, 7.104,5626
11103,87154.695, 7.089,5626
11104,87162.539, 7.847,5626
11105,87169.500, 6.965,5626
11106,87176.227, 6.729,5626
11107,87182.898, 6.666,5626
11108,87189.680, 6.779,5626
11109,87197.398, 7.715,5626
11110,87203.734, 6.341,5626
11111,87210.711, 6.971,5626
11112,87216.656, 5.959,5626
11113,87223.953, 7.296,5626
11114,87231.211, 7.253,5626
11115,87238.078, 6.867,5626
11116,87244.211, 6.136,5626
11117,87250.430, 6.213,5626
11118,87256.852, 6.421,5626
11119,87263.414, 6.567,5626
11120,87270.969, 7.555,5626
11121,87278.742, 7.769,5626
11122,87285.922, 7.187,5626
11123,87292.156, 6.226,5626
11124,87298.867, 6.715,5626
11125,87304.953, 6.091,5626
11126,87311.070, 6.111,5626
11127,87316.906, 5.835,5626
11128,87322.828, 5.926,5626
11129,87328.898, 6.073,5626
11130,87335.641, 6.741,5626
11131,87342.734, 7.084,5626
11132,87348.609, 5.885,5626
11133,87355.523, 6.907,5626
11134,87362.531, 7.014,5626
11135,87368.656, 6.123,5626
11136,87374.406, 5.750,5626
11137,87380.320, 5.913,5626
11138,87385.984, 5.663,5626
11139,87391.891, 5.905,5626
11140,87398.773, 6.879,5626
11141,87404.797, 6.028,5626
11142,87410.711, 5.916,5626
11143,87417.797, 7.080,5626
11144,87423.570, 5.784,5626
11145,87429.406, 5.830,5626
11146,87435.266, 5.862,5626
11147,87442.430, 7.162,5626
11148,87449.063, 6.631,5626
11149,87455.031, 5.971,5626
11150,87461.844, 6.816,5626
11151,87467.711, 5.860,5626
11152,87473.523, 5.815,5626
11153,87479.586, 6.067,5626
11154,87485.484, 5.897,5626
11155,87491.453, 5.963,5626
11156,87498.063, 6.611,5626
11157,87504.008, 5.944,5626
11158,87510.078, 6.072,5626
11159,87515.859, 5.781,5626
11160,87522.789, 6.930,5626
11161,87529.523, 6.736,5626
11162,87535.164, 5.643,5626
11163,87540.984, 5.823,5626
11164,87547.070, 6.077,5626
11165,87554.406, 7.334,5626
11166,87560.156, 5.757,5626
11167,87565.977, 5.821,5626
11168,87572.852, 6.871,5626
11169,87578.633, 5.785,5626
11170,87584.414, 5.778,5626
11171,87590.297, 5.884,5626
11172,87596.344, 6.047,5626
11173,87604.117, 7.773,5626
11174,87611.008, 6.886,5626
11175,87617.125, 6.125,5626
11176,87623.219, 6.095,5626
11177,87629.297, 6.079,5626
11178,87635.844, 6.546,5626
11179,87641.906, 6.058,5626
11180,87647.859, 5.952,5626
11181,87654.930, 7.071,5626
11182,87663.016, 8.087,5626
11183,87670.688, 7.666,5626
11184,87678.102, 7.417,5626
11185,87684.664, 6.559,5626
11186,87691.195, 6.535,5626
11187,87697.773, 6.580,5626
11188,87704.203, 6.434,5626
11189,87710.570, 6.367,5626
11190,87717.703, 7.127,5626
11191,87724.422, 6.723,5626
11192,87730.531, 6.111,5626
11193,87736.820, 6.282,5626
11194,87743.039, 6.218,5626
11195,87749.352, 6.313,5626
11196,87756.688, 7.339,5626
11197,87764.375, 7.685,5626
11198,87771.602, 7.236,5626
11199,87778.070, 6.462,5626
11200,87784.742, 6.674,5626
11201,87790.945, 6.208,5626
11202,87796.688, 5.732,5626
11203,87802.578, 5.900,5626
11204,87808.516, 5.929,5626
11205,87815.547, 7.035,5626
11206,87821.359, 5.808,5626
11207,87828.070, 6.712,5626
11208,87834.055, 5.983,5626
11209,87840.070, 6.020,5626
11210,87846.078, 6.003,5626
11211,87852.391, 6.315,5626
11212,87858.625, 6.239,5626
11213,87865.117, 6.491,5626
11214,87872.203, 7.087,5626
11215,87878.391, 6.183,5626
11216,87884.273, 5.888,5626
11217,87891.156, 6.878,5626
11218,87896.828, 5.675,5626
11219,87902.625, 5.799,5626
11220,87909.164, 6.538,5626
11221,87915.047, 5.877,5626
11222,87921.820, 6.776,5626
11223,87927.695, 5.872,5626
11224,87934.195, 6.503,5626
11225,87940.094, 5.895,5626
11226,87945.859, 5.767,5626
11227,87952.508, 6.648,5626
11228,87958.492, 5.986,5626
11229,87965.773, 7.281,5626
11230,87973.500, 7.731,5626
11231,87980.750, 7.244,5626
11232,87987.711, 6.963,5626
11233,87995.148, 7.437,5626
11234,88001.477, 6.330,5626
11235,88007.930, 6.453,5626
11236,88014.820, 6.887,5626
11237,88021.078, 6.259,5626
11238,88027.102, 6.022,5626
11239,88033.305, 6.212,5626
11240,88040.344, 7.027,5626
11241,88048.969, 8.634,5626
11242,88055.641, 6.673,5626
11243,88061.906, 6.266,5626
11244,88068.484, 6.578,5626
11245,88074.438, 5.946,5626
11246,88080.969, 6.539,5626
11247,88088.742, 7.770,5626
11248,88094.773, 6.032,5626
11249,88101.891, 7.116,5626
11250,88108.164, 6.273,5626
11251,88114.344, 6.178,5626
11252,88120.164, 5.825,5626
11253,88126.563, 6.396,5626
11254,88132.406, 5.843,5626
11255,88138.383, 5.973,5626
11256,88144.930, 6.555,5626
11257,88150.883, 5.954,5626
11258,88156.727, 5.834,5626
11259,88163.609, 6.891,5626
11260,88170.609, 7.003,5626
11261,88176.359, 5.736,5626
11262,88182.305, 5.960,5626
11263,88188.742, 6.432,5626
11264,88195.844, 7.104,5626
11265,88201.883, 6.039,5626
11266,88208.000, 6.107,5626
11267,88214.195, 6.200,5626
11268,88220.891, 6.698,5626
11269,88227.047, 6.154,5626
11270,88233.016, 5.963,5626
11271,88240.055, 7.039,5626
11272,88246.055, 6.006,5626
11273,88252.625, 6.574,5626
11274,88260.672, 8.038,5626
11275,88268.250, 7.584,5626
11276,88274.820, 6.569,5626
11277,88281.422, 6.603,5626
11278,88288.945, 7.525,5626
11279,88297.406, 8.455,5626
11280,88304.484, 7.079,5626
11281,88311.320, 6.844,5626
11282,88319.578, 8.256,5626
11283,88326.852, 7.272,5626
11284,88333.289, 6.441,5626
11285,88340.703, 7.404,5626
11286,88348.281, 7.585,5626
11287,88357.063, 8.781,5626
11288,88364.898, 7.840,5626
11289,88371.883, 6.979,5626
11290,88377.938, 6.059,5626
11291,88384.008, 6.066,5626
11292,88390.883, 6.876,5626
11293,88397.508, 6.628,5626
11294,88403.633, 6.128,5626
11295,88410.820, 7.182,5626
11296,88417.898, 7.081,5626
11297,88425.422, 7.516,5626
11298,88433.938, 8.524,5626
11299,88440.727, 6.780,5626
11300,88447.516, 6.795,5626
11301,88454.641, 7.124,5626
11302,88460.961, 6.324,5626
11303,88467.172, 6.202,5626
11304,88473.094, 5.922,5626
11305,88480.094, 7.004,5626
11306,88486.008, 5.908,5626
11307,88492.039, 6.032,5626
11308,88498.055, 6.019,5626
11309,88504.703, 6.649,5626
11310,88510.867, 6.163,5626
11311,88517.734, 6.866,5626
11312,88525.016, 7.280,5626
11313,88530.961, 5.957,5626
11314,88536.719, 5.749,5626
11315,88543.430, 6.713,5626
11316,88549.414, 5.979,5626
11317,88555.172, 5.760,5626
11318,88560.984, 5.819,5626
11319,88566.781, 5.794,5626
11320,88572.789, 6.009,5626
11321,88579.734, 6.938,5626
11322,88585.672, 5.936,5626
11323,88592.172, 6.510,5626
11324,88598.195, 6.017,5626
11325,88604.156, 5.967,5626
11326,88610.602, 6.444,5626
11327,88616.578, 5.981,5626
11328,88622.617, 6.034,5626
11329,88628.258, 5.642,5626
11330,88634.055, 5.794,5626
11331,88640.203, 6.151,5626
11332,88647.648, 7.447,5626
11333,88653.352, 5.692,5626
11334,88659.148, 5.804,5626
11335,88664.898, 5.752,5626
11336,88670.594, 5.694,5626
11337,88676.438, 5.844,5626
11338,88682.133, 5.695,5626
11339,88687.805, 5.671,5626
11340,88693.680, 5.873,5626
11341,88699.688, 6.009,5626
11342,88706.352, 6.661,5626
11343,88712.547, 6.203,5626
11344,88718.930, 6.380,5626
11345,88724.898, 5.968,5626
11346,88731.344, 6.444,5626
11347,88737.359, 6.011,5626
11348,88743.211, 5.862,5626
11349,88749.234, 6.018,5626
11350,88756.195, 6.964,5626
11351,88762.055, 5.856,5626
11352,88767.820, 5.768,5626
11353,88773.766, 5.943,5626
11354,88780.273, 6.514,5626
11355,88786.344, 6.065,5626
11356,88792.523, 6.183,5626
11357,88798.398, 5.869,5626
11358,88804.391, 5.992,5626
11359,88811.961, 7.575,5626
11360,88820.281, 8.322,5626
11361,88826.578, 6.292,5626
11362,88833.734, 7.157,5626
11363,88839.742, 6.008,5626
11364,88845.883, 6.144,5626
11365,88852.055, 6.170,5626
11366,88858.117, 6.062,5626
11367,88863.938, 5.823,5626
11368,88869.766, 5.828,5626
11369,88875.602, 5.837,5626
11370,88881.484, 5.877,5626
11371,88887.406, 5.921,5626
11372,88893.289, 5.887,5626
11373,88899.148, 5.855,5626
11374,88905.016, 5.868,5626
11375,88910.984, 5.972,5626
11376,88917.875, 6.892,5626
11377,88924.016, 6.138,5626
11378,88930.242, 6.232,5626
11379,88936.953, 6.712,5626
11380,88943.086, 6.122,5626
11381,88949.078, 5.998,5626
11382,88956.211, 7.133,5626
11383,88962.500, 6.291,5626
11384,88968.766, 6.258,5626
11385,88975.117, 6.352,5626
11386,88981.711, 6.596,5626
11387,88989.352, 7.635,5626
11388,88996.016, 6.665,5626
11389,89002.336, 6.326,5626
11390,89008.609, 6.273,5626
11391,89016.008, 7.397,5626
11392,89022.164, 6.157,5626
11393,89030.008, 7.841,5626
11394,89036.328, 6.319,5626
11395,89042.570, 6.252,5626
11396,89049.141, 6.569,5626
11397,89055.422, 6.275,5626
11398,89061.984, 6.573,5626
11399,89068.508, 6.517,5626
11400,89074.859, 6.350,5626
11401,89081.305, 6.452,5626
11402,89087.273, 5.964,5626
11403,89093.180, 5.904,5626
11404,89100.094, 6.915,5626
11405,89105.891, 5.801,5626
11406,89111.828, 5.937,5626
11407,89117.836, 6.005,5626
11408,89124.594, 6.762,5626
11409,89130.578, 5.978,5626
11410,89136.867, 6.288,5626
11411,89144.305, 7.445,5626
11412,89151.430, 7.116,5626
11413,89157.148, 5.725,5626
11414,89163.422, 6.272,5626
11415,89169.305, 5.889,5626
11416,89175.250, 5.937,5626
11417,89181.078, 5.825,5626
11418,89186.773, 5.701,5626
11419,89192.664, 5.883,5626
11420,89199.219, 6.562,5626
11421,89207.211, 7.995,5626
11422,89213.453, 6.237,5626
11423,89220.289, 6.840,5626
11424,89226.156, 5.865,5626
11425,89232.023, 5.867,5626
11426,89238.219, 6.194,5626
11427,89244.641, 6.424,5626
11428,89250.531, 5.888,5626
11429,89257.461, 6.935,5626
11430,89263.539, 6.075,5626
11431,89269.500, 5.963,5626
11432,89276.828, 7.326,5626
11433,89283.391, 6.563,5626
11434,89290.313, 6.922,5626
11435,89296.898, 6.583,5626
11436,89303.727, 6.831,5626
11437,89309.742, 6.010,5626
11438,89315.664, 5.926,5626
11439,89321.469, 5.806,5626
11440,89327.391, 5.922,5626
11441,89333.000, 5.601,5626
11442,89339.125, 6.133,5626
11443,89345.352, 6.227,5626
11444,89351.484, 6.135,5626
11445,89357.883, 6.400,5626
11446,89364.250, 6.367,5626
11447,89370.211, 5.954,5626
11448,89376.148, 5.938,5626
11449,89381.719, 5.571,5626
11450,89387.555, 5.838,5626
11451,89393.234, 5.677,5626
11452,89399.313, 6.083,5626
11453,89404.930, 5.614,5626
11454,89411.617, 6.692,5626
11455,89418.398, 6.773,5626
11456,89424.422, 6.023,5626
11457,89431.797, 7.382,5626
11458,89438.016, 6.214,5626
11459,89444.711, 6.694,5626
11460,89452.344, 7.633,5626
11461,89459.141, 6.804,5626
11462,89465.359, 6.213,5626
11463,89472.914, 7.557,5626
11464,89479.063, 6.148,5626
11465,89485.875, 6.817,5626
11466,89493.188, 7.307,5626
11467,89500.148, 6.966,5626
11468,89506.641, 6.491,5626
11469,89513.047, 6.402,5626
11470,89519.781, 6.735,5626
11471,89525.711, 5.930,5626
11472,89532.820, 7.110,5626
11473,89539.070, 6.245,5626
11474,89545.344, 6.275,5626
11475,89552.688, 7.347,5626
11476,89559.359, 6.671,5626
11477,89565.859, 6.500,5626
11478,89572.141, 6.285,5626
11479,89579.625, 7.482,5626
11480,89588.313, 8.688,5626
11481,89596.680, 8.361,5626
11482,89603.273, 6.604,5626
11483,89609.750, 6.474,5626
11484,89616.023, 6.269,5626
11485,89623.039, 7.013,5626
11486,89629.266, 6.233,5626
11487,89635.594, 6.330,5626
11488,89642.086, 6.483,5626
11489,89648.766, 6.683,5626
11490,89655.844, 7.078,5626
11491,89662.703, 6.862,5626
11492,89669.352, 6.641,5626
11493,89676.633, 7.289,5626
11494,89682.805, 6.168,5626
11495,89689.008, 6.204,5626
11496,89695.844, 6.837,5626
11497,89702.477, 6.634,5626
11498,89708.406, 5.928,5626
11499,89714.242, 5.836,5626
11500,89719.953, 5.715,5626
11501,89725.828, 5.872,5626
11502,89731.625, 5.803,5626
11503,89737.313, 5.687,5626
11504,89743.000, 5.680,5626
11505,89748.898, 5.904,5626
11506,89754.648, 5.754,5626
11507,89760.406, 5.745,5626
11508,89766.578, 6.176,5626
11509,89773.023, 6.444,5626
11510,89780.563, 7.548,5626
11511,89787.227, 6.658,5626
11512,89793.211, 5.987,5626
11513,89799.109, 5.894,5626
11514,89805.016, 5.905,5626
11515,89811.891, 6.876,5626
11516,89818.742, 6.848,5626
11517,89825.359, 6.622,5626
11518,89831.438, 6.079,5626
11519,89838.570, 7.138,5626
11520,89844.445, 5.868,5626
11521,89850.180, 5.735,5626
11522,89856.828, 6.651,5626
11523,89863.398, 6.568,5626
11524,89869.195, 5.797,5626
11525,89876.563, 7.370,5626
11526,89882.414, 5.845,5626
11527,89888.289, 5.881,5626
11528,89894.000, 5.705,5626
11529,89900.000, 5.999,5626
11530,89905.773, 5.778,5626
11531,89911.555, 5.787,5626
11532,89917.195, 5.637,5626
11533,89922.922, 5.727,5626
11534,89928.734, 5.806,5626
11535,89934.641, 5.912,5626
11536,89940.414, 5.768,5626
11537,89946.133, 5.725,5626
11538,89951.914, 5.781,5626
11539,89958.180, 6.267,5626
11540,89965.695, 7.510,5626
11541,89972.453, 6.760,5626
11542,89979.563, 7.109,5626
11543,89986.391, 6.824,5626
11544,89993.398, 7.011,5626
11545,89999.891, 6.495,5626
11546,90005.836, 5.943,5626
11547,90012.711, 6.870,5626
11548,90018.852, 6.151,5626
11549,90024.859, 6.008,5626
11550,90031.836, 6.976,5626
11551,90038.297, 6.459,5626
11552,90045.188, 6.889,5626
11553,90052.133, 6.944,5626
11554,90058.086, 5.956,5626
11555,90064.102, 6.017,5626
11556,90070.148, 6.048,5626
11557,90077.141, 6.992,5626
11558,90083.133, 5.986,5626
11559,90090.570, 7.441,5626
11560,90096.930, 6.362,5626
11561,90103.039, 6.105,5626
11562,90109.492, 6.453,5626
11563,90115.781, 6.286,5626
11564,90121.766, 5.986,5626
11565,90128.852, 7.092,5626
11566,90135.477, 6.623,5626
11567,90141.859, 6.380,5626
11568,90148.367, 6.506,5626
11569,90154.914, 6.555,5626
11570,90161.797, 6.880,5626
11571,90168.359, 6.557,5626
11572,90174.547, 6.196,5626
11573,90182.570, 8.019,5626
11574,90188.758, 6.188,5626
11575,90196.008, 7.241,5626
11576,90202.500, 6.502,5626
11577,90208.961, 6.466,5626
11578,90216.406, 7.433,5626
11579,90222.570, 6.169,5626
11580,90228.727, 6.153,5626
11581,90235.938, 7.213,5626
11582,90242.273, 6.339,5626
11583,90249.641, 7.368,5626
11584,90256.664, 7.014,5626
11585,90263.430, 6.774,5626
11586,90269.969, 6.537,5626
11587,90275.773, 5.807,5626
11588,90281.867, 6.095,5626
11589,90287.797, 5.926,5626
11590,90294.836, 7.037,5626
11591,90302.258, 7.424,5626
11592,90308.555, 6.300,5626
11593,90315.922, 7.364,5626
11594,90321.914, 5.995,5626
11595,90327.906, 5.993,5626
11596,90334.008, 6.094,5626
11597,90340.328, 6.319,5626
11598,90348.078, 7.755,5626
11599,90355.508, 7.431,5626
11600,90362.008, 6.496,5626
11601,90368.672, 6.665,5626
11602,90374.789, 6.123,5626
11603,90380.883, 6.095,5626
11604,90387.117, 6.228,5626
11605,90392.977, 5.866,5626
11606,90398.781, 5.802,5626
11607,90405.211, 6.431,5626
11608,90412.266, 7.053,5626
11609,90418.352, 6.078,5626
11610,90424.391, 6.039,5626
11611,90430.469, 6.085,5626
11612,90436.516, 6.051,5626
11613,90442.438, 5.918,5626
11614,90449.289, 6.857,5626
11615,90455.453, 6.156,5626
11616,90462.289, 6.842,5626
11617,90468.852, 6.562,5626
11618,90475.141, 6.288,5626
11619,90481.141, 6.001,5626
11620,90486.945, 5.804,5626
11621,90493.703, 6.750,5626
11622,90499.555, 5.856,5626
11623,90505.664, 6.106,5626
11624,90511.789, 6.131,5626
11625,90517.836, 6.043,5626
11626,90524.055, 6.221,5626
11627,90530.055, 6.001,5626
11628,90536.000, 5.943,5626
11629,90542.484, 6.481,5626
11630,90549.445, 6.968,5626
11631,90555.703, 6.250,5626
11632,90561.969, 6.271,5626
11633,90568.102, 6.133,5626
11634,90575.250, 7.149,5626
11635,90581.367, 6.113,5626
11636,90587.367, 6.004,5626
11637,90593.578, 6.214,5626
11638,90599.570, 5.992,5626
11639,90605.938, 6.363,5626
11640,90612.586, 6.653,5626
11641,90620.125, 7.535,5626
11642,90627.094, 6.970,5626
11643,90633.297, 6.205,5626
11644,90640.852, 7.554,5626
11645,90646.914, 6.059,5626
11646,90652.836, 5.926,5626
11647,90658.688, 5.847,5626
11648,90664.484, 5.796,5626
11649,90670.375, 5.888,5626
11650,90676.328, 5.953,5626
11651,90683.211, 6.892,5626
11652,90689.516, 6.301,5626
11653,90696.391, 6.875,5626
11654,90702.398, 6.006,5626
11655,90708.422, 6.019,5626
11656,90714.375, 5.958,5626
11657,90720.617, 6.243,5626
11658,90728.570, 7.952,5626
11659,90736.625, 8.061,5626
11660,90744.492, 7.864,5626
11661,90750.930, 6.442,5626
11662,90757.461, 6.528,5626
11663,90764.141, 6.673,5626
11664,90771.094, 6.951,5626
11665,90777.578, 6.495,5626
11666,90785.289, 7.709,5626
11667,90792.969, 7.680,5626
11668,90799.531, 6.557,5626
11669,90806.188, 6.658,5626
11670,90812.781, 6.595,5626
11671,90819.578, 6.796,5626
11672,90827.555, 7.980,5626
11673,90835.047, 7.488,5626
11674,90841.930, 6.889,5626
11675,90848.711, 6.769,5626
11676,90856.406, 7.696,5626
11677,90862.859, 6.463,5626
11678,90869.125, 6.257,5626
11679,90875.266, 6.152,5626
11680,90882.586, 7.313,5626
11681,90888.734, 6.146,5626
11682,90894.719, 5.987,5626
11683,90900.813, 6.093,5626
11684,90907.820, 7.008,5626
11685,90914.703, 6.878,5626
11686,90920.805, 6.108,5626
11687,90926.578, 5.773,5626
11688,90933.031, 6.454,5626
11689,90939.523, 6.490,5626
11690,90945.789, 6.265,5626
11691,90951.813, 6.021,5626
11692,90957.672, 5.860,5626
11693,90963.703, 6.030,5626
11694,90970.859, 7.163,5626
11695,90977.195, 6.337,5626
11696,90983.266, 6.070,5626
11697,90989.172, 5.901,5626
11698,90995.242, 6.077,5626
11699,91002.031, 6.781,5626
11700,91008.641, 6.621,5626
11701,91014.680, 6.027,5626
11702,91020.578, 5.907,5626
11703,91026.477, 5.897,5626
11704,91032.539, 6.064,5626
11705,91039.086, 6.543,5626
11706,91045.430, 6.345,5626
11707,91053.727, 8.292,5626
11708,91060.477, 6.750,5626
11709,91066.945, 6.476,5626
11710,91073.867, 6.917,5626
11711,91080.695, 6.830,5626
11712,91087.031, 6.328,5626
11713,91093.484, 6.458,5626
11714,91100.539, 7.057,5626
11715,91106.367, 5.826,5626
11716,91113.117, 6.750,5626
11717,91120.438, 7.318,5626
11718,91127.156, 6.720,5626
11719,91134.023, 6.865,5626
11720,91140.195, 6.177,5626
11721,91146.828, 6.633,5626
11722,91152.875, 6.050,5626
11723,91158.938, 6.061,5626
11724,91165.883, 6.948,5626
11725,91172.844, 6.960,5626
11726,91178.992, 6.142,5626
11727,91184.992, 5.998,5626
11728,91190.852, 5.864,5626
11729,91196.828, 5.975,5626
11730,91203.492, 6.668,5626
11731,91209.617, 6.122,5626
11732,91215.594, 5.983,5626
11733,91221.781, 6.184,5626
11734,91227.703, 5.915,5626
11735,91233.555, 5.854,5626
11736,91239.680, 6.122,5626
11737,91246.016, 6.336,5626
11738,91253.328, 7.317,5626
11739,91259.508, 6.184,5626
11740,91265.742, 6.232,5626
11741,91271.719, 5.973,5626
11742,91278.906, 7.192,5626
11743,91285.078, 6.171,5626
11744,91291.719, 6.641,5626
11745,91298.789, 7.071,5626
11746,91305.039, 6.242,5626
11747,91312.039, 7.005,5626
11748,91319.516, 7.480,5626
11749,91325.953, 6.436,5626
11750,91332.180, 6.226,5626
11751,91338.281, 6.107,5626
11752,91344.438, 6.150,5626
11753,91350.750, 6.309,5626
11754,91357.813, 7.070,5626
11755,91365.008, 7.190,5626
11756,91371.859, 6.854,5626
11757,91377.953, 6.098,5626
11758,91384.430, 6.468,5626
11759,91391.977, 7.551,5626
11760,91398.164, 6.190,5626
11761,91404.375, 6.209,5626
11762,91410.648, 6.273,5626
11763,91416.891, 6.246,5626
11764,91423.867, 6.970,5626
11765,91430.250, 6.384,5626
11766,91436.844, 6.594,5626
11767,91443.172, 6.325,5626
11768,91449.719, 6.549,5626
11769,91456.211, 6.496,5626
11770,91463.734, 7.521,5626
11771,91469.602, 5.872,5626
11772,91475.516, 5.912,5626
11773,91481.641, 6.125,5626
11774,91487.656, 6.011,5626
11775,91494.656, 7.001,5626
11776,91501.930, 7.278,5626
11777,91508.305, 6.372,5626
11778,91514.500, 6.193,5626
11779,91520.453, 5.953,5626
11780,91526.375, 5.922,5626
11781,91533.180, 6.807,5626
11782,91539.125, 5.944,5626
11783,91545.133, 6.007,5626
11784,91551.586, 6.461,5626
11785,91557.820, 6.229,5626
11786,91563.891, 6.068,5626
11787,91570.211, 6.327,5626
11788,91576.148, 5.934,5626
11789,91583.422, 7.270,5626
11790,91590.328, 6.903,5626
11791,91596.180, 5.861,5626
11792,91601.977, 5.797,5626
11793,91607.961, 5.980,5626
11794,91613.891, 5.933,5626
11795,91620.047, 6.152,5626
11796,91625.969, 5.923,5626
11797,91631.867, 5.898,5626
11798,91638.773, 6.909,5626
11799,91644.719, 5.942,5626
11800,91650.891, 6.171,5626
11801,91656.914, 6.028,5626
11802,91663.234, 6.320,5626
11803,91669.906, 6.675,5626
11804,91676.422, 6.510,5626
11805,91683.633, 7.210,5626
11806,91689.766, 6.128,5626
11807,91696.875, 7.115,5626
11808,91703.023, 6.144,5626
11809,91709.164, 6.146,5626
11810,91715.555, 6.393,5626
11811,91721.492, 5.936,5626
11812,91728.242, 6.753,5626
11813,91735.367, 7.118,5626
11814,91742.281, 6.916,5626
11815,91748.719, 6.437,5626
11816,91754.789, 6.067,5626
11817,91761.484, 6.698,5626
11818,91768.406, 6.917,5626
11819,91774.719, 6.318,5626
11820,91781.188, 6.474,5626
11821,91787.094, 5.897,5626
11822,91793.016, 5.924,5626
11823,91799.039, 6.021,5626
11824,91805.000, 5.960,5626
11825,91811.031, 6.033,5626
11826,91817.039, 6.007,5626
11827,91822.977, 5.944,5626
11828,91829.578, 6.605,5626
11829,91835.750, 6.164,5626
11830,91842.430, 6.679,5626
11831,91849.055, 6.624,5626
11832,91856.031, 6.976,5626
11833,91862.102, 6.076,5626
11834,91868.422, 6.315,5626
11835,91875.047, 6.630,5626
11836,91883.523, 8.474,5626
11837,91892.039, 8.511,5626
11838,91898.484, 6.454,5626
11839,91904.609, 6.124,5626
11840,91910.688, 6.074,5626
11841,91916.914, 6.234,5626
11842,91923.055, 6.134,5626
11843,91929.242, 6.192,5626
11844,91935.188, 5.947,5626
11845,91942.195, 7.005,5626
11846,91949.219, 7.020,5626
11847,91955.617, 6.407,5626
11848,91961.742, 6.115,5626
11849,91967.750, 6.008,5626
11850,91973.680, 5.929,5626
11851,91980.570, 6.895,5626
11852,91987.906, 7.337,5626
11853,91995.805, 7.897,5626
11854,92003.039, 7.230,5626
11855,92010.750, 7.715,5626
11856,92017.633, 6.887,5626
11857,92023.859, 6.224,5626
11858,92030.164, 6.306,5626
11859,92036.305, 6.141,5626
11860,92042.914, 6.606,5626
11861,92049.313, 6.399,5626
11862,92055.664, 6.348,5626
11863,92062.133, 6.473,5626
11864,92068.602, 6.470,5626
11865,92075.000, 6.395,5626
11866,92081.406, 6.406,5626
11867,92089.289, 7.885,5626
11868,92096.008, 6.715,5626
11869,92104.188, 8.182,5626
11870,92110.445, 6.255,5626
11871,92116.805, 6.359,5626
11872,92123.195, 6.396,5626
11873,92129.383, 6.182,5626
11874,92136.453, 7.074,5626
11875,92142.875, 6.425,5626
11876,92149.273, 6.401,5626
11877,92156.016, 6.734,5626
11878,92162.727, 6.715,5626
11879,92169.156, 6.425,5626
11880,92175.766, 6.615,5626
11881,92182.844, 7.075,5626
11882,92189.555, 6.714,5626
11883,92195.680, 6.123,5626
11884,92202.086, 6.401,5626
11885,92208.063, 5.983,5626
11886,92214.016, 5.951,5626
11887,92220.891, 6.879,5626
11888,92227.063, 6.165,5626
11889,92233.852, 6.793,5626
11890,92240.664, 6.808,5626
11891,92246.641, 5.988,5626
11892,92252.711, 6.064,5626
11893,92258.789, 6.074,5626
11894,92265.203, 6.419,5626
11895,92272.523, 7.321,5626
11896,92279.141, 6.614,5626
11897,92286.453, 7.310,5626
11898,92293.383, 6.932,5626
11899,92300.469, 7.086,5626
11900,92307.273, 6.812,5626
11901,92313.547, 6.266,5626
11902,92320.656, 7.106,5626
11903,92327.469, 6.819,5626
11904,92333.586, 6.116,5626
11905,92339.625, 6.043,5626
11906,92345.578, 5.949,5626
11907,92353.078, 7.501,5626
11908,92359.156, 6.079,5626
11909,92366.180, 7.021,5626
11910,92372.148, 5.969,5626
11911,92378.070, 5.924,5626
11912,92384.156, 6.087,5626
11913,92390.078, 5.914,5626
11914,92396.133, 6.057,5626
11915,92402.039, 5.908,5626
11916,92408.336, 6.291,5626
11917,92414.492, 6.163,5626
11918,92420.484, 5.996,5626
11919,92426.398, 5.910,5626
11920,92432.711, 6.314,5626
11921,92438.891, 6.179,5626
11922,92446.133, 7.239,5626
11923,92452.172, 6.044,5626
11924,92458.430, 6.254,5626
11925,92464.422, 5.989,5626
11926,92471.250, 6.833,5626
11927,92477.281, 6.030,5626
11928,92483.367, 6.086,5626
11929,92489.188, 5.825,5626
11930,92495.469, 6.278,5626
11931,92502.289, 6.819,5626
11932,92508.461, 6.175,5626
11933,92514.891, 6.428,5626
11934,92521.164, 6.274,5626
11935,92527.281, 6.122,5626
11936,92534.172, 6.888,5626
11937,92540.391, 6.213,5626
11938,92546.453, 6.062,5626
11939,92552.461, 6.008,5626
11940,92559.703, 7.238,5626
11941,92565.617, 5.923,5626
11942,92571.797, 6.176,5626
11943,92577.875, 6.083,5626
11944,92584.156, 6.281,5626
11945,92591.305, 7.148,5626
11946,92597.438, 6.126,5626
11947,92604.375, 6.937,5626
11948,92610.711, 6.337,5626
11949,92616.945, 6.239,5626
11950,92623.875, 6.928,5626
11951,92630.078, 6.201,5626
11952,92637.758, 7.678,5626
11953,92644.328, 6.568,5626
11954,92652.914, 8.593,5626
11955,92660.906, 7.996,5626
11956,92667.641, 6.735,5626
11957,92674.813, 7.165,5626
11958,92681.570, 6.766,5626
11959,92689.156, 7.576,5626
11960,92695.789, 6.639,5626
11961,92702.531, 6.740,5626
11962,92710.078, 7.544,5626
11963,92716.336, 6.255,5626
11964,92722.938, 6.613,5626
11965,92730.680, 7.737,5626
11966,92737.102, 6.420,5626
11967,92743.922, 6.820,5626
11968,92750.953, 7.036,5626
11969,92758.813, 7.856,5626
11970,92766.578, 7.770,5626
11971,92773.180, 6.601,5626
11972,92779.547, 6.368,5626
11973,92786.070, 6.513,5626
11974,92792.531, 6.471,5626
11975,92799.070, 6.533,5626
11976,92805.586, 6.519,5626
11977,92811.883, 6.295,5626
11978,92818.133, 6.246,5626
11979,92824.398, 6.271,5626
11980,92831.266, 6.867,5626
11981,92838.227, 6.958,5626
11982,92844.641, 6.420,5626
11983,92852.414, 7.768,5626
11984,92859.031, 6.620,5626
11985,92865.469, 6.439,5626
11986,92871.883, 6.415,5626
11987,92879.477, 7.590,5626
11988,92886.563, 7.090,5626
11989,92892.914, 6.346,5626
11990,92899.359, 6.442,5626
11991,92906.219, 6.866,5626
11992,92913.883, 7.663,5626
11993,92921.305, 7.422,5626
11994,92927.477, 6.171,5626
11995,92935.078, 7.597,5626
11996,92942.305, 7.237,5626
11997,92948.617, 6.307,5626
11998,92954.758, 6.135,5626
11999,92960.852, 6.098,5626
12000,92966.852, 6.000,5626
12001,92972.906, 6.056,5626
12002,92978.945, 6.046,5626
12003,92986.508, 7.556,5626
12004,92992.703, 6.193,5626
12005,92998.836, 6.131,5626
12006,93004.859, 6.030,5626
12007,93010.969, 6.108,5626
12008,93017.016, 6.044,5626
12009,93022.977, 5.966,5626
12010,93030.719, 7.733,5626
12011,93038.977, 8.267,5626
12012,93046.344, 7.364,5626
12013,93052.633, 6.289,5626
12014,93058.953, 6.322,5626
12015,93066.188, 7.233,5626
12016,93072.297, 6.110,5626
12017,93078.391, 6.090,5626
12018,93085.344, 6.950,5626
12019,93092.789, 7.454,5626
12020,93098.961, 6.170,5626
12021,93105.109, 6.142,5626
12022,93111.344, 6.235,5626
12023,93117.477, 6.138,5626
12024,93123.789, 6.313,5626
12025,93131.047, 7.257,5626
12026,93137.281, 6.238,5626
12027,93144.586, 7.306,5626
12028,93152.117, 7.522,5626
12029,93158.328, 6.214,5626
12030,93164.945, 6.619,5626
12031,93171.008, 6.055,5626
12032,93177.484, 6.480,5626
12033,93184.766, 7.284,5626
12034,93191.070, 6.304,5626
12035,93198.414, 7.341,5626
12036,93205.672, 7.255,5626
12037,93211.977, 6.315,5626
12038,93219.117, 7.135,5626
12039,93225.578, 6.463,5626
12040,93232.445, 6.866,5626
12041,93239.430, 6.980,5626
12042,93246.086, 6.658,5626
12043,93252.766, 6.682,5626
12044,93260.445, 7.680,5626
12045,93267.266, 6.825,5626
12046,93273.992, 6.723,5626
12047,93280.672, 6.674,5626
12048,93288.000, 7.330,5626
12049,93294.594, 6.599,5626
12050,93301.289, 6.700,5626
12051,93308.266, 6.975,5626
12052,93314.844, 6.575,5626
12053,93321.305, 6.462,5626
12054,93327.797, 6.487,5626
12055,93334.328, 6.529,5626
12056,93340.898, 6.576,5626
12057,93348.008, 7.105,5626
12058,93354.773, 6.764,5626
12059,93362.789, 8.022,5626
12060,93369.742, 6.947,5626
12061,93377.500, 7.763,5626
12062,93383.758, 6.255,5626
12063,93389.789, 6.031,5626
12064,93396.641, 6.861,5626
12065,93403.594, 6.952,5626
12066,93411.242, 7.642,5626
12067,93418.242, 6.999,5626
12068,93425.727, 7.485,5626
12069,93432.344, 6.619,5626
12070,93439.477, 7.132,5626
12071,93445.727, 6.245,5626
12072,93451.906, 6.185,5626
12073,93458.117, 6.211,5626
12074,93464.633, 6.520,5626
12075,93471.148, 6.509,5626
12076,93477.289, 6.146,5626
12077,93483.914, 6.623,5626
12078,93491.219, 7.303,5626
12079,93498.406, 7.190,5626
12080,93504.875, 6.468,5626
12081,93512.211, 7.338,5626
12082,93519.391, 7.172,5626
12083,93525.734, 6.348,5626
12084,93532.625, 6.898,5626
12085,93539.992, 7.360,5626
12086,93546.219, 6.229,5626
12087,93552.508, 6.286,5626
12088,93558.852, 6.347,5626
12089,93564.992, 6.131,5626
12090,93571.367, 6.379,5626
12091,93579.070, 7.704,5626
12092,93585.391, 6.318,5626
12093,93592.594, 7.212,5626
12094,93598.734, 6.132,5626
12095,93605.156, 6.423,5626
12096,93611.180, 6.026,5626
12097,93617.547, 6.366,5626
12098,93624.391, 6.844,5626
12099,93630.680, 6.289,5626
12100,93637.961, 7.288,5626
12101,93645.219, 7.256,5626
12102,93652.227, 7.002,5626
12103,93658.422, 6.199,5626
12104,93665.227, 6.806,5626
12105,93671.367, 6.138,5626
12106,93677.680, 6.306,5626
12107,93684.211, 6.536,5626
12108,93691.328, 7.116,5626
12109,93698.492, 7.169,5626
12110,93704.945, 6.454,5626
12111,93711.023, 6.072,5626
12112,93718.148, 7.125,5626
12113,93724.484, 6.338,5626
12114,93730.820, 6.341,5626
12115,93736.938, 6.119,5626
12116,93743.914, 6.973,5626
12117,93750.078, 6.159,5626
12118,93756.164, 6.086,5626
12119,93762.453, 6.291,5626
12120,93768.977, 6.530,5626
12121,93775.039, 6.056,5626
12122,93781.672, 6.632,5626
12123,93788.539, 6.869,5626
12124,93794.977, 6.440,5626
12125,93801.867, 6.891,5626
12126,93809.367, 7.491,5626
12127,93817.297, 7.937,5626
12128,93824.242, 6.945,5626
12129,93832.102, 7.857,5626
12130,93838.727, 6.623,5626
12131,93845.492, 6.768,5626
12132,93851.969, 6.479,5626
12133,93858.031, 6.058,5626
12134,93864.383, 6.353,5626
12135,93871.477, 7.096,5626
12136,93877.859, 6.385,5626
12137,93884.242, 6.379,5626
12138,93891.039, 6.794,5626
12139,93897.555, 6.517,5626
12140,93905.273, 7.723,5626
12141,93912.320, 7.041,5626
12142,93918.758, 6.437,5626
12143,93926.461, 7.704,5626
12144,93933.109, 6.654,5626
12145,93940.352, 7.236,5626
12146,93947.125, 6.779,5626
12147,93954.148, 7.018,5626
12148,93960.734, 6.591,5626
12149,93967.883, 7.147,5626
12150,93976.141, 8.257,5626
12151,93984.734, 8.590,5626
12152,93991.836, 7.108,5626
12153,93999.258, 7.426,5626
12154,94006.367, 7.100,5626
12155,94013.688, 7.319,5626
12156,94021.656, 7.967,5626
12157,94029.109, 7.461,5626
12158,94036.484, 7.376,5626
12159,94043.195, 6.712,5626
12160,94050.508, 7.313,5626
12161,94058.828, 8.317,5626
12162,94065.555, 6.727,5626
12163,94073.133, 7.576,5626
12164,94081.203, 8.070,5626
12165,94088.750, 7.546,5626
12166,94096.391, 7.640,5626
12167,94104.898, 8.514,5626
12168,94112.078, 7.177,5626
12169,94118.430, 6.349,5626
12170,94124.820, 6.390,5626
12171,94131.016, 6.195,5626
12172,94138.227, 7.216,5626
12173,94145.797, 7.568,5626
12174,94151.930, 6.133,5626
12175,94158.203, 6.273,5626
12176,94165.555, 7.355,5626
12177,94171.680, 6.117,5626
12178,94177.836, 6.165,5626
12179,94183.945, 6.110,5626
12180,94190.867, 6.915,5626
12181,94198.703, 7.837,5626
12182,94206.352, 7.648,5626
12183,94214.305, 7.957,5626
12184,94220.656, 6.346,5626
12185,94227.969, 7.316,5626
12186,94234.922, 6.956,5626
12187,94241.688, 6.758,5626
12188,94248.266, 6.588,5626
12189,94255.414, 7.145,5626
12190,94263.016, 7.597,5626
12191,94270.813, 7.801,5626
12192,94278.555, 7.743,5626
12193,94284.891, 6.333,5626
12194,94292.563, 7.671,5626
12195,94301.016, 8.454,5626
12196,94307.781, 6.768,5626
12197,94314.742, 6.960,5626
12198,94322.227, 7.486,5626
12199,94328.477, 6.246,5626
12200,94334.984, 6.504,5626
12201,94341.164, 6.189,5626
12202,94348.328, 7.159,5626
12203,94354.344, 6.014,5626
12204,94360.641, 6.305,5626
12205,94366.852, 6.203,5626
12206,94372.945, 6.104,5626
12207,94379.336, 6.381,5626
12208,94385.547, 6.216,5626
12209,94391.813, 6.261,5626
12210,94398.086, 6.278,5626
12211,94404.453, 6.364,5626
12212,94410.789, 6.334,5626
12213,94417.484, 6.698,5626
12214,94424.102, 6.612,5626
12215,94430.789, 6.695,5626
12216,94438.117, 7.328,5626
12217,94444.711, 6.592,5626
12218,94451.633, 6.928,5626
12219,94457.805, 6.163,5626
12220,94464.172, 6.373,5626
12221,94470.484, 6.313,5626
12222,94477.664, 7.170,5626
12223,94483.930, 6.272,5626
12224,94491.203, 7.275,5626
12225,94497.758, 6.548,5626
12226,94504.813, 7.062,5626
12227,94511.258, 6.445,5626
12228,94518.500, 7.242,5626
12229,94525.625, 7.127,5626
12230,94533.250, 7.621,5626
12231,94540.266, 7.021,5626
12232,94546.828, 6.560,5626
12233,94553.563, 6.733,5626
12234,94559.875, 6.312,5626
12235,94566.211, 6.339,5626
12236,94572.938, 6.725,5626
12237,94579.734, 6.793,5626
12238,94587.617, 7.891,5626
12239,94596.289, 8.665,5626
12240,94603.398, 7.111,5626
12241,94611.352, 7.944,5626
12242,94618.102, 6.758,5626
12243,94625.297, 7.194,5626
12244,94632.867, 7.571,5626
12245,94639.992, 7.123,5626
12246,94647.992, 7.997,5626
12247,94654.625, 6.637,5626
12248,94662.227, 7.601,5626
12249,94668.656, 6.428,5626
12250,94675.219, 6.570,5626
12251,94682.070, 6.841,5626
12252,94688.875, 6.810,5626
12253,94697.406, 8.529,5626
12254,94704.258, 6.859,5626
12255,94711.234, 6.974,5626
12256,94717.844, 6.611,5626
12257,94724.047, 6.199,5626
12258,94731.352, 7.306,5626
12259,94738.234, 6.881,5626
12260,94745.539, 7.306,5626
12261,94751.922, 6.388,5626
12262,94758.141, 6.210,5626
12263,94764.578, 6.442,5626
12264,94770.961, 6.384,5626
12265,94777.242, 6.278,5626
12266,94783.492, 6.253,5626
12267,94789.828, 6.334,5626
12268,94796.148, 6.324,5626
12269,94802.328, 6.171,5626
12270,94809.484, 7.160,5626
12271,94815.758, 6.270,5626
12272,94822.023, 6.267,5626
12273,94828.438, 6.414,5626
12274,94834.789, 6.358,5626
12275,94841.539, 6.751,5626
12276,94847.953, 6.412,5626
12277,94854.344, 6.381,5626
12278,94860.531, 6.195,5626
12279,94866.938, 6.412,5626
12280,94873.359, 6.416,5626
12281,94879.641, 6.284,5626
12282,94885.961, 6.322,5626
12283,94892.281, 6.321,5626
12284,94898.445, 6.160,5626
12285,94906.188, 7.740,5626
12286,94912.477, 6.289,5626
12287,94919.742, 7.263,5626
12288,94926.617, 6.883,5626
12289,94932.844, 6.224,5626
12290,94939.086, 6.238,5626
12291,94945.563, 6.479,5626
12292,94953.258, 7.699,5626
12293,94960.031, 6.768,5626
12294,94967.711, 7.680,5626
12295,94975.922, 8.218,5626
12296,94983.367, 7.436,5626
12297,94991.219, 7.860,5626
12298,94997.617, 6.398,5626
12299,95004.883, 7.260,5626
12300,95012.273, 7.391,5626
12301,95019.227, 6.954,5626
12302,95025.906, 6.678,5626
12303,95032.859, 6.958,5626
12304,95039.688, 6.818,5626
12305,95046.414, 6.730,5626
12306,95053.813, 7.406,5626
12307,95061.875, 8.062,5626
12308,95070.031, 8.151,5626
12309,95077.453, 7.421,5626
12310,95085.156, 7.703,5626
12311,95091.719, 6.560,5626
12312,95098.617, 6.910,5626
12313,95106.156, 7.533,5626
12314,95113.164, 7.006,5626
12315,95120.750, 7.585,5626
12316,95127.734, 6.983,5626
12317,95136.039, 8.307,5626
12318,95142.891, 6.856,5626
12319,95150.445, 7.548,5626
12320,95157.844, 7.404,5626
12321,95164.789, 6.946,5626
12322,95171.586, 6.801,5626
12323,95178.289, 6.704,5626
12324,95185.148, 6.849,5626
12325,95192.672, 7.524,5626
12326,95199.383, 6.708,5626
12327,95206.234, 6.861,5626
12328,95213.133, 6.891,5626
12329,95219.750, 6.623,5626
12330,95226.625, 6.878,5626
12331,95233.438, 6.809,5626
12332,95240.414, 6.973,5626
12333,95247.141, 6.729,5626
12334,95253.742, 6.601,5626
12335,95260.906, 7.164,5626
12336,95268.828, 7.920,5626
12337,95275.617, 6.795,5626
12338,95283.500, 7.882,5626
12339,95290.711, 7.209,5626
12340,95297.656, 6.943,5626
12341,95305.094, 7.434,5626
12342,95312.195, 7.111,5626
12343,95318.969, 6.772,5626
12344,95325.938, 6.965,5626
12345,95332.469, 6.528,5626
12346,95338.773, 6.305,5626
12347,95345.945, 7.177,5626
12348,95352.914, 6.965,5626
12349,95361.320, 8.401,5626
12350,95368.852, 7.538,5626
12351,95376.242, 7.390,5626
12352,95382.680, 6.439,5626
12353,95390.016, 7.335,5626
12354,95396.445, 6.431,5626
12355,95403.063, 6.614,5626
12356,95409.391, 6.330,5626
12357,95415.758, 6.364,5626
12358,95422.070, 6.311,5626
12359,95428.508, 6.440,5626
12360,95435.055, 6.550,5626
12361,95441.273, 6.221,5626
12362,95447.633, 6.356,5626
12363,95453.898, 6.271,5626
12364,95460.398, 6.494,5626
12365,95466.633, 6.240,5626
12366,95474.063, 7.423,5626
12367,95481.664, 7.603,5626
12368,95488.477, 6.813,5626
12369,95494.945, 6.472,5626
12370,95502.016, 7.066,5626
12371,95508.414, 6.395,5626
12372,95514.648, 6.238,5626
12373,95521.969, 7.328,5626
12374,95528.305, 6.331,5626
12375,95535.992, 7.680,5626
12376,95542.227, 6.241,5626
12377,95549.391, 7.163,5626
12378,95556.531, 7.138,5626
12379,95563.602, 7.076,5626
12380,95570.117, 6.511,5626
12381,95576.516, 6.401,5626
12382,95584.063, 7.542,5626
12383,95590.531, 6.478,5626
12384,95598.563, 8.024,5626
12385,95605.156, 6.593,5626
12386,95611.594, 6.444,5626
12387,95618.000, 6.399,5626
12388,95624.406, 6.409,5626
12389,95631.367, 6.961,5626
12390,95638.969, 7.606,5626
12391,95645.117, 6.146,5626
12392,95651.352, 6.229,5626
12393,95657.891, 6.541,5626
12394,95664.445, 6.559,5626
12395,95670.961, 6.518,5626
12396,95677.031, 6.059,5626
12397,95684.508, 7.482,5626
12398,95691.281, 6.780,5626
12399,95697.766, 6.482,5626
12400,95705.234, 7.469,5626
12401,95711.633, 6.398,5626
12402,95719.172, 7.540,5626
12403,95725.625, 6.456,5626
12404,95732.211, 6.578,5626
12405,95740.023, 7.815,5626
12406,95747.398, 7.369,5626
12407,95755.438, 8.042,5626
12408,95763.297, 7.868,5626
12409,95769.766, 6.465,5626
12410,95776.195, 6.426,5626
12411,95783.273, 7.081,5626
12412,95791.109, 7.829,5626
12413,95797.609, 6.507,5626
12414,95805.055, 7.438,5626
12415,95811.695, 6.643,5626
12416,95818.133, 6.442,5626
12417,95824.484, 6.353,5626
12418,95830.984, 6.490,5626
12419,95837.336, 6.353,5626
12420,95843.789, 6.456,5626
12421,95850.211, 6.424,5626
12422,95856.742, 6.534,5626
12423,95864.250, 7.507,5626
12424,95870.898, 6.650,5626
12425,95877.422, 6.520,5626
12426,95883.773, 6.353,5626
12427,95890.422, 6.650,5626
12428,95897.555, 7.130,5626
12429,95904.148, 6.592,5626
12430,95911.203, 7.060,5626
12431,95918.391, 7.179,5626
12432,95925.859, 7.475,5626
12433,95933.453, 7.594,5626
12434,95940.266, 6.815,5626
12435,95947.164, 6.892,5626
12436,95954.078, 6.916,5626
12437,95960.734, 6.655,5626
12438,95967.398, 6.668,5626
12439,95975.484, 8.087,5626
12440,95982.242, 6.760,5626
12441,95989.914, 7.666,5626
12442,95996.477, 6.562,5626
12443,96004.305, 7.835,5626
12444,96011.141, 6.834,5626
12445,96018.391, 7.245,5626
12446,96025.414, 7.022,5626
12447,96033.461, 8.050,5626
12448,96040.961, 7.499,5626
12449,96048.617, 7.660,5626
12450,96058.477, 9.856,5626
12451,96065.875, 7.403,5626
12452,96072.766, 6.883,5626
12453,96079.781, 7.022,5626
12454,96086.828, 7.044,5626
12455,96093.266, 6.442,5626
12456,96100.070, 6.797,5626
12457,96107.586, 7.520,5626
12458,96114.359, 6.773,5626
12459,96120.750, 6.389,5626
12460,96127.148, 6.401,5626
12461,96133.617, 6.474,5626
12462,96141.945, 8.326,5626
12463,96149.961, 8.016,5626
12464,96157.766, 7.801,5626
12465,96166.102, 8.337,5626
12466,96172.930, 6.824,5626
12467,96180.336, 7.404,5626
12468,96187.055, 6.723,5626
12469,96193.766, 6.707,5626
12470,96200.461, 6.699,5626
12471,96207.680, 7.213,5626
12472,96215.836, 8.159,5626
12473,96222.719, 6.883,5626
12474,96230.000, 7.283,5626
12475,96237.195, 7.194,5626
12476,96244.070, 6.877,5626
12477,96251.680, 7.606,5626
12478,96259.258, 7.587,5626
12479,96266.625, 7.365,5626
12480,96272.984, 6.353,5626
12481,96279.461, 6.478,5626
12482,96286.023, 6.557,5626
12483,96293.102, 7.083,5626
12484,96300.578, 7.479,5626
12485,96307.328, 6.743,5626
12486,96313.992, 6.666,5626
12487,96320.852, 6.867,5626
12488,96327.453, 6.595,5626
12489,96333.797, 6.351,5626
12490,96340.086, 6.288,5626
12491,96346.594, 6.506,5626
12492,96352.992, 6.396,5626
12493,96359.375, 6.380,5626
12494,96365.594, 6.224,5626
12495,96371.844, 6.252,5626
12496,96378.258, 6.413,5626
12497,96384.484, 6.228,5626
12498,96390.992, 6.498,5626
12499,96397.297, 6.311,5626
12500,96403.594, 6.300,5626
12501,96410.609, 7.019,5626
12502,96417.734, 7.116,5626
12503,96425.344, 7.609,5626
12504,96431.688, 6.343,5626
12505,96438.070, 6.389,5626
12506,96445.352, 7.277,5626
12507,96452.008, 6.656,5626
12508,96458.469, 6.464,5626
12509,96465.109, 6.642,5626
12510,96471.625, 6.514,5626
12511,96478.055, 6.427,5626
12512,96485.859, 7.804,5626
12513,96493.266, 7.408,5626
12514,96500.594, 7.333,5626
12515,96507.727, 7.127,5626
12516,96515.383, 7.659,5626
12517,96522.305, 6.929,5626
12518,96530.469, 8.158,5626
12519,96538.789, 8.319,5626
12520,96546.719, 7.928,5626
12521,96553.922, 7.206,5626
12522,96560.914, 6.995,5626
12523,96567.672, 6.748,5626
12524,96574.609, 6.947,5626
12525,96581.484, 6.868,5626
12526,96588.273, 6.794,5626
12527,96595.156, 6.879,5626
12528,96601.953, 6.804,5626
12529,96609.047, 7.083,5626
12530,96616.203, 7.163,5626
12531,96623.250, 7.052,5626
12532,96630.633, 7.383,5626
12533,96639.484, 8.844,5626
12534,96646.797, 7.316,5626
12535,96654.445, 7.648,5626
12536,96661.156, 6.713,5626
12537,96667.578, 6.423,5626
12538,96674.961, 7.379,5626
12539,96681.398, 6.438,5626
12540,96687.992, 6.588,5626
12541,96694.336, 6.345,5626
12542,96701.813, 7.476,5626
12543,96708.266, 6.456,5626
12544,96715.125, 6.857,5626
12545,96722.594, 7.471,5626
12546,96729.680, 7.083,5626
12547,96735.922, 6.244,5626
12548,96743.289, 7.373,5626
12549,96751.055, 7.756,5626
12550,96757.867, 6.822,5626
12551,96765.680, 7.802,5626
12552,96772.313, 6.634,5626
12553,96778.703, 6.392,5626
12554,96784.906, 6.212,5626
12555,96791.516, 6.604,5626
12556,96797.844, 6.332,5626
12557,96804.516, 6.665,5626
12558,96810.867, 6.352,5626
12559,96817.273, 6.411,5626
12560,96823.625, 6.350,5626
12561,96830.141, 6.514,5626
12562,96837.852, 7.711,5626
12563,96844.391, 6.539,5626
12564,96851.563, 7.176,5626
12565,96859.203, 7.643,5626
12566,96866.148, 6.939,5626
12567,96874.023, 7.875,5626
12568,96880.586, 6.567,5626
12569,96887.016, 6.421,5626
12570,96893.383, 6.373,5626
12571,96900.242, 6.865,5626
12572,96906.695, 6.442,5626
12573,96913.922, 7.238,5626
12574,96921.102, 7.172,5626
12575,96928.945, 7.851,5626
12576,96936.586, 7.639,5626
12577,96944.133, 7.539,5626
12578,96951.227, 7.101,5626
12579,96958.219, 6.988,5626
12580,96964.617, 6.404,5626
12581,96971.172, 6.552,5626
12582,96977.820, 6.644,5626
12583,96984.867, 7.046,5626
12584,96992.563, 7.703,5626
12585,96999.461, 6.893,5626
12586,97006.328, 6.864,5626
12587,97013.672, 7.348,5626
12588,97020.188, 6.518,5626
12589,97027.914, 7.727,5626
12590,97034.891, 6.973,5626
12591,97041.266, 6.381,5626
12592,97048.008, 6.736,5626
12593,97056.125, 8.119,5626
12594,97063.695, 7.563,5626
12595,97070.773, 7.082,5626
12596,97077.484, 6.712,5626
12597,97085.117, 7.632,5626
12598,97091.961, 6.851,5626
12599,97098.805, 6.837,5626
12600,97106.258, 7.453,5626
12601,97113.656, 7.400,5626
12602,97120.688, 7.027,5626
12603,97128.484, 7.805,5626
12604,97136.484, 7.999,5626
12605,97143.586, 7.098,5626
12606,97150.734, 7.144,5626
12607,97157.789, 7.056,5626
12608,97165.422, 7.632,5626
12609,97172.602, 7.186,5626
12610,97179.875, 7.272,5626
12611,97187.836, 7.959,5626
12612,97194.781, 6.946,5626
12613,97201.828, 7.047,5626
12614,97208.680, 6.846,5626
12615,97216.328, 7.653,5626
12616,97223.195, 6.873,5626
12617,97230.055, 6.856,5626
12618,97237.266, 7.210,5626
12619,97245.398, 8.135,5626
12620,97252.359, 6.959,5626
12621,97259.594, 7.234,5626
12622,97266.359, 6.764,5626
12623,97273.344, 6.985,5626
12624,97280.352, 7.005,5626
12625,97288.156, 7.807,5626
12626,97295.375, 7.219,5626
12627,97302.242, 6.868,5626
12628,97310.055, 7.814,5626
12629,97318.273, 8.218,5626
12630,97325.727, 7.449,5626
12631,97332.586, 6.863,5626
12632,97340.109, 7.526,5626
12633,97347.633, 7.527,5626
12634,97354.477, 6.835,5626
12635,97362.008, 7.534,5626
12636,97369.164, 7.155,5626
12637,97377.266, 8.107,5626
12638,97385.039, 7.766,5626
12639,97393.547, 8.512,5626
12640,97400.414, 6.865,5626
12641,97407.320, 6.905,5626
12642,97414.047, 6.725,5626
12643,97420.813, 6.770,5626
12644,97428.094, 7.281,5626
12645,97434.930, 6.835,5626
12646,97441.609, 6.684,5626
12647,97448.219, 6.610,5626
12648,97455.539, 7.318,5626
12649,97462.008, 6.468,5626
12650,97469.398, 7.392,5626
12651,97475.781, 6.384,5626
12652,97482.531, 6.748,5626
12653,97490.086, 7.552,5626
12654,97496.711, 6.627,5626
12655,97503.328, 6.610,5626
12656,97511.063, 7.741,5626
12657,97517.414, 6.346,5626
12658,97523.813, 6.403,5626
12659,97530.516, 6.707,5626
12660,97537.141, 6.618,5626
12661,97543.703, 6.564,5626
12662,97550.273, 6.575,5626
12663,97556.664, 6.381,5626
12664,97563.508, 6.851,5626
12665,97570.906, 7.402,5626
12666,97577.492, 6.587,5626
12667,97583.789, 6.291,5626
12668,97591.039, 7.249,5626
12669,97597.500, 6.467,5626
12670,97604.016, 6.509,5626
12671,97610.914, 6.908,5626
12672,97618.266, 7.345,5626
12673,97625.359, 7.094,5626
12674,97632.422, 7.059,5626
12675,97639.102, 6.680,5626
12676,97645.367, 6.269,5626
12677,97651.703, 6.332,5626
12678,97658.352, 6.646,5626
12679,97665.289, 6.946,5626
12680,97671.992, 6.700,5626
12681,97679.555, 7.566,5626
12682,97686.211, 6.657,5626
12683,97693.352, 7.132,5626
12684,97702.234, 8.891,5626
12685,97711.438, 9.202,5626
12686,97718.672, 7.230,5626
12687,97726.156, 7.490,5626
12688,97733.047, 6.883,5626
12689,97739.648, 6.600,5626
12690,97747.500, 7.855,5626
12691,97755.297, 7.807,5626
12692,97762.281, 6.983,5626
12693,97769.117, 6.827,5626
12694,97775.617, 6.507,5626
12695,97782.445, 6.821,5626
12696,97789.094, 6.648,5626
12697,97795.766, 6.675,5626
12698,97802.898, 7.136,5626
12699,97810.547, 7.645,5626
12700,97817.898, 7.352,5626
12701,97824.742, 6.842,5626
12702,97831.828, 7.088,5626
12703,97839.266, 7.443,5626
12704,97847.086, 7.810,5626
12705,97854.406, 7.324,5594
12706,97861.617, 7.212,5594
12707,97868.703, 7.083,5594
12708,97875.992, 7.288,5594
12709,97883.063, 7.072,5594
12710,97890.922, 7.866,5594
12711,97898.086, 7.154,5594
12712,97906.039, 7.959,5594
12713,97914.438, 8.394,5594
12714,97923.289, 8.856,5594
12715,97931.586, 8.299,5594
12716,97939.031, 7.436,5594
12717,97946.648, 7.622,5594
12718,97955.211, 8.564,5594
12719,97963.391, 8.178,5594
12720,97971.508, 8.123,5594
12721,97979.906, 8.401,5594
12722,97988.281, 8.374,5594
12723,97995.539, 7.257,5594
12724,98002.766, 7.222,5594
12725,98010.758, 7.988,5594
12726,98018.859, 8.110,5594
12727,98026.625, 7.767,5594
12728,98033.461, 6.833,5594
12729,98041.352, 7.884,5594
12730,98048.031, 6.679,5594
12731,98054.633, 6.610,5594
12732,98061.453, 6.815,5594
12733,98068.742, 7.289,5594
12734,98077.078, 8.340,5594
12735,98083.695, 6.613,5594
12736,98091.250, 7.561,5594
12737,98100.570, 9.320,5594
12738,98108.578, 8.008,5594
12739,98116.742, 8.156,5594
12740,98123.852, 7.112,5594
12741,98130.922, 7.076,5594
12742,98138.953, 8.032,5594
12743,98146.344, 7.379,5594
12744,98153.328, 6.984,5594
12745,98160.359, 7.032,5594
12746,98167.711, 7.355,5594
12747,98175.516, 7.809,5594
12748,98182.094, 6.575,5594
12749,98189.289, 7.197,5594
12750,98196.984, 7.691,5594
12751,98203.742, 6.761,5594
12752,98210.617, 6.877,5594
12753,98217.477, 6.862,5594
12754,98226.414, 8.930,5594
12755,98233.570, 7.160,5594
12756,98240.766, 7.195,5594
12757,98248.555, 7.790,5594
12758,98255.289, 6.735,5594
12759,98262.648, 7.356,5594
12760,98269.336, 6.684,5594
12761,98276.781, 7.447,5594
12762,98283.656, 6.871,5594
12763,98290.281, 6.634,5594
12764,98297.547, 7.267,5594
12765,98304.719, 7.168,5594
12766,98311.219, 6.507,5594
12767,98317.766, 6.540,5594
12768,98324.422, 6.658,5594
12769,98331.578, 7.156,5594
12770,98338.430, 6.847,5594
12771,98345.266, 6.845,5594
12772,98352.117, 6.843,5594
12773,98358.930, 6.820,5594
12774,98365.703, 6.768,5594
12775,98372.648, 6.944,5594
12776,98379.414, 6.763,5594
12777,98387.273, 7.866,5594
12778,98394.133, 6.862,5594
12779,98401.664, 7.524,5594
12780,98409.656, 7.991,5594
12781,98418.055, 8.403,5594
12782,98425.281, 7.233,5594
12783,98433.680, 8.390,5594
12784,98441.688, 8.007,5594
12785,98451.031, 9.345,5594
12786,98459.953, 8.927,5594
12787,98468.758, 8.800,5594
12788,98477.484, 8.731,5594
12789,98486.953, 9.469,5594
12790,98495.781, 8.822,5594
12791,98504.695, 8.910,5594
12792,98512.414, 7.723,5594
12793,98520.148, 7.733,5594
12794,98528.867, 8.726,5594
12795,98537.172, 8.304,5594
12796,98545.320, 8.145,5594
12797,98553.547, 8.232,5594
12798,98561.094, 7.545,5594
12799,98568.688, 7.589,5594
12800,98576.727, 8.038,5594
12801,98585.188, 8.465,5594
12802,98593.133, 7.946,5594
12803,98601.977, 8.838,5594
12804,98608.875, 6.902,5594
12805,98615.719, 6.844,5594
12806,98623.258, 7.543,5594
12807,98629.891, 6.628,5594
12808,98636.695, 6.801,5594
12809,98643.563, 6.876,5594
12810,98651.172, 7.602,5594
12811,98659.031, 7.863,5594
12812,98665.898, 6.866,5594
12813,98672.703, 6.806,5594
12814,98679.500, 6.797,5594
12815,98686.578, 7.083,5594
12816,98693.461, 6.875,5594
12817,98700.313, 6.847,5594
12818,98707.273, 6.971,5594
12819,98714.680, 7.396,5594
12820,98722.469, 7.800,5594
12821,98729.297, 6.827,5594
12822,98736.125, 6.822,5594
12823,98743.063, 6.939,5594
12824,98750.117, 7.059,5594
12825,98757.711, 7.591,5594
12826,98765.070, 7.355,5594
12827,98772.422, 7.356,5594
12828,98779.219, 6.798,5594
12829,98786.625, 7.410,5594
12830,98793.547, 6.920,5594
12831,98800.250, 6.706,5594
12832,98807.266, 7.014,5594
12833,98813.898, 6.632,5594
12834,98820.742, 6.836,5594
12835,98827.711, 6.972,5594
12836,98835.477, 7.764,5594
12837,98842.438, 6.967,5594
12838,98849.203, 6.762,5594
12839,98856.039, 6.838,5594
12840,98864.234, 8.194,5594
12841,98872.086, 7.847,5594
12842,98880.477, 8.392,5594
12843,98888.922, 8.448,5594
12844,98896.031, 7.105,5594
12845,98903.914, 7.890,5594
12846,98911.672, 7.749,5594
12847,98919.250, 7.587,5594
12848,98927.672, 8.419,5594
12849,98934.445, 6.774,5594
12850,98942.656, 8.209,5594
12851,98949.680, 7.021,5594
12852,98956.695, 7.018,5594
12853,98963.680, 6.986,5594
12854,98971.258, 7.581,5594
12855,98978.664, 7.403,5594
12856,98986.430, 7.767,5594
12857,98993.672, 7.241,5594
12858,99000.633, 6.965,5594
12859,99007.586, 6.956,5594
12860,99014.359, 6.764,5594
12861,99021.836, 7.477,5594
12862,99029.523, 7.690,5594
12863,99036.727, 7.200,5594
12864,99043.906, 7.187,5594
12865,99051.172, 7.264,5594
12866,99059.125, 7.948,5594
12867,99067.156, 8.030,5594
12868,99075.195, 8.047,5594
12869,99082.539, 7.340,5594
12870,99090.000, 7.454,5594
12871,99097.391, 7.395,5594
12872,99104.883, 7.500,5594
12873,99113.164, 8.279,5594
12874,99120.320, 7.150,5594
12875,99127.922, 7.608,5594
12876,99135.320, 7.395,5594
12877,99143.273, 7.958,5594
12878,99150.734, 7.456,5594
12879,99158.391, 7.657,5594
12880,99166.180, 7.793,5594
12881,99173.609, 7.425,5594
12882,99182.555, 8.945,5594
12883,99190.281, 7.730,5594
12884,99198.219, 7.938,5594
12885,99205.930, 7.707,5594
12886,99214.508, 8.581,5594
12887,99221.938, 7.427,5594
12888,99228.781, 6.846,5594
12889,99235.742, 6.959,5594
12890,99243.953, 8.217,5594
12891,99251.000, 7.039,5594
12892,99258.516, 7.522,5594
12893,99267.383, 8.858,5594
12894,99275.055, 7.675,5594
12895,99282.297, 7.245,5594
12896,99289.859, 7.565,5594
12897,99297.164, 7.301,5594
12898,99304.945, 7.787,5594
12899,99312.422, 7.473,5594
12900,99320.000, 7.569,5594
12901,99326.820, 6.826,5594
12902,99333.844, 7.022,5594
12903,99340.859, 7.017,5594
12904,99348.984, 8.120,5594
12905,99356.016, 7.033,5594
12906,99362.992, 6.974,5594
12907,99369.898, 6.914,5594
12908,99377.297, 7.405,5594
12909,99384.945, 7.647,5594
12910,99392.789, 7.834,5594
12911,99400.023, 7.236,5594
12912,99407.836, 7.812,5594
12913,99415.078, 7.245,5594
12914,99422.125, 7.043,5594
12915,99429.883, 7.763,5594
12916,99436.859, 6.976,5594
12917,99443.727, 6.863,5594
12918,99450.664, 6.933,5594
12919,99457.414, 6.752,5594
12920,99464.672, 7.258,5594
12921,99471.773, 7.107,5594
12922,99478.875, 7.103,5594
12923,99486.836, 7.958,5594
12924,99494.102, 7.268,5594
12925,99501.891, 7.793,5594
12926,99509.031, 7.132,5594
12927,99516.094, 7.065,5594
12928,99523.320, 7.221,5594
12929,99531.438, 8.126,5594
12930,99538.555, 7.115,5594
12931,99545.672, 7.113,5594
12932,99552.750, 7.082,5594
12933,99560.188, 7.437,5594
12934,99567.578, 7.391,5594
12935,99575.727, 8.148,5594
12936,99583.250, 7.523,5594
12937,99590.625, 7.380,5594
12938,99598.117, 7.485,5594
12939,99606.383, 8.265,5594
12940,99614.789, 8.406,5594
12941,99622.180, 7.395,5594
12942,99630.453, 8.273,5594
12943,99638.570, 8.119,5594
12944,99647.469, 8.896,5594
12945,99657.328, 9.860,5594
12946,99667.727,10.395,5594
12947,99677.508, 9.784,5594
12948,99684.906, 7.402,5594
12949,99692.094, 7.186,5594
12950,99699.383, 7.283,5594
12951,99707.844, 8.470,5594
12952,99715.234, 7.387,5594
12953,99722.719, 7.482,5594
12954,99730.039, 7.321,5594
12955,99737.414, 7.371,5594
12956,99744.938, 7.531,5594
12957,99752.258, 7.323,5594
12958,99759.461, 7.202,5594
12959,99767.398, 7.928,5594
12960,99774.664, 7.272,5594
12961,99782.852, 8.187,5594
12962,99790.180, 7.332,5594
12963,99798.992, 8.802,5594
12964,99806.813, 7.830,5594
12965,99814.836, 8.017,5594
12966,99823.164, 8.333,5594
12967,99831.094, 7.929,5594
12968,99839.133, 8.036,5594
12969,99846.758, 7.630,5594
12970,99854.352, 7.585,5594
12971,99863.102, 8.757,5594
12972,99871.445, 8.340,5594
12973,99878.883, 7.441,5594
12974,99886.961, 8.085,5594
12975,99894.484, 7.513,5594
12976,99902.148, 7.667,5594
12977,99909.828, 7.680,5594
12978,99917.672, 7.842,5594
12979,99926.602, 8.937,5594
12980,99934.828, 8.220,5594
12981,99943.086, 8.256,5594
12982,99952.258, 9.173,5594
12983,99961.711, 9.450,5594
12984,99968.844, 7.139,5594
12985,99976.031, 7.185,5594
12986,99983.039, 7.003,5594
12987,99990.625, 7.592,5594
12988,99997.867, 7.243,5594
12989,100005.031, 7.160,5594
12990,100012.258, 7.236,5594
12991,100019.406, 7.141,5594
12992,100027.625, 8.220,5594
12993,100034.977, 7.344,5594
12994,100042.422, 7.448,5594
12995,100051.570, 9.159,5594
12996,100061.266, 9.693,5594
12997,100069.859, 8.591,5594
12998,100077.125, 7.265,5594
12999,100085.609, 8.486,5594
13000,100094.070, 8.453,5594
13001,100102.211, 8.149,5594
13002,100109.820, 7.610,5594
13003,100117.078, 7.250,5594
13004,100124.625, 7.558,5594
13005,100133.539, 8.905,5594
13006,100140.891, 7.357,5594
13007,100148.078, 7.184,5594
13008,100155.492, 7.417,5594
13009,100163.250, 7.755,5594
13010,100170.500, 7.248,5594
13011,100178.172, 7.672,5594
13012,100185.461, 7.288,5594
13013,100192.766, 7.310,5594
13014,100200.531, 7.764,5594
13015,100208.930, 8.400,5594
13016,100216.469, 7.534,5594
13017,100223.867, 7.405,5594
13018,100231.570, 7.700,5594
13019,100239.391, 7.817,5594
13020,100246.734, 7.346,5594
13021,100255.508, 8.771,5594
13022,100262.695, 7.189,5594
13023,100270.094, 7.401,5594
13024,100277.273, 7.184,5594
13025,100285.211, 7.932,5594
13026,100292.391, 7.177,5594
13027,100299.648, 7.254,5594
13028,100306.898, 7.260,5594
13029,100314.164, 7.263,5594
13030,100321.195, 7.029,5594
13031,100328.336, 7.140,5594
13032,100335.961, 7.633,5594
13033,100343.477, 7.507,5594
13034,100350.977, 7.502,5594
13035,100358.313, 7.336,5594
13036,100366.594, 8.288,5594
13037,100374.813, 8.213,5594
13038,100382.641, 7.824,5594
13039,100390.250, 7.616,5594
13040,100398.820, 8.564,5594
13041,100406.398, 7.578,5594
13042,100414.547, 8.153,5594
13043,100423.078, 8.531,5594
13044,100430.984, 7.905,5594
13045,100438.914, 7.930,5594
13046,100448.406, 9.491,5594
13047,100459.719,11.314,5594
13048,100468.648, 8.927,5594
13049,100477.477, 8.833,5594
13050,100485.375, 7.896,5594
13051,100493.625, 8.251,5594
13052,100502.648, 9.023,5594
13053,100510.742, 8.088,5594
13054,100518.500, 7.761,5594
13055,100526.531, 8.032,5594
13056,100535.594, 9.065,5594
13057,100543.859, 8.267,5594
13058,100552.102, 8.237,5594
13059,100561.070, 8.972,5594
13060,100569.758, 8.688,5594
13061,100577.453, 7.694,5594
13062,100585.281, 7.828,5594
13063,100592.758, 7.476,5594
13064,100600.211, 7.459,5594
13065,100607.656, 7.437,5594
13066,100614.859, 7.211,5594
13067,100622.039, 7.169,5594
13068,100629.141, 7.106,5594
13069,100637.320, 8.180,5594
13070,100644.500, 7.184,5594
13071,100651.906, 7.407,5594
13072,100660.313, 8.403,5594
13073,100668.266, 7.957,5594
13074,100676.430, 8.158,5594
13075,100684.086, 7.657,5594
13076,100692.867, 8.785,5594
13077,100700.656, 7.785,5594
13078,100708.719, 8.061,5594
13079,100717.500, 8.787,5594
13080,100725.523, 8.020,5594
13081,100734.273, 8.758,5594
13082,100743.797, 9.514,5594
13083,100752.102, 8.302,5594
13084,100760.938, 8.844,5594
13085,100769.141, 8.201,5594
13086,100777.977, 8.830,5594
13087,100786.094, 8.119,5594
13088,100794.430, 8.340,5594
13089,100803.523, 9.094,5594
13090,100811.320, 7.788,5594
13091,100819.031, 7.716,5594
13092,100826.211, 7.185,5594
13093,100833.953, 7.740,5594
13094,100842.320, 8.363,5594
13095,100851.164, 8.849,5594
13096,100859.203, 8.040,5594
13097,100866.578, 7.379,5594
13098,100873.984, 7.394,5594
13099,100881.922, 7.949,5594
13100,100890.453, 8.521,5594
13101,100898.023, 7.568,5594
13102,100905.797, 7.784,5594
13103,100913.336, 7.531,5594
13104,100921.477, 8.143,5594
13105,100928.938, 7.469,5594
13106,100937.453, 8.508,5594
13107,100944.992, 7.539,5594
13108,100953.516, 8.528,5594
13109,100961.117, 7.596,5594
13110,100969.641, 8.525,5594
13111,100977.133, 7.494,5594
13112,100985.078, 7.947,5594
13113,100993.766, 8.684,5594
13114,101003.070, 9.306,5594
13115,101011.508, 8.440,5594
13116,101019.172, 7.664,5594
13117,101027.328, 8.149,5594
13118,101035.016, 7.691,5594
13119,101042.961, 7.946,5594
13120,101051.641, 8.676,5594
13121,101061.547, 9.909,5594
13122,101070.148, 8.605,5594
13123,101078.531, 8.380,5594
13124,101088.516, 9.982,5594
13125,101097.992, 9.480,5594
13126,101106.742, 8.745,5594
13127,101115.086, 8.349,5594
13128,101123.500, 8.416,5594
13129,101131.352, 7.842,5594
13130,101139.445, 8.100,5594
13131,101147.453, 8.005,5594
13132,101155.422, 7.969,5594
13133,101164.023, 8.605,5594
13134,101172.773, 8.746,5594
13135,101182.258, 9.490,5594
13136,101190.695, 8.433,5594
13137,101199.047, 8.349,5594
13138,101206.766, 7.726,5594
13139,101214.563, 7.797,5594
13140,101221.758, 7.193,5594
13141,101229.445, 7.689,5594
13142,101238.820, 9.377,5594
13143,101247.172, 8.350,5594
13144,101255.250, 8.083,5594
13145,101264.039, 8.783,5594
13146,101271.594, 7.558,5594
13147,101279.328, 7.728,5594
13148,101287.023, 7.693,5594
13149,101294.734, 7.715,5594
13150,101303.117, 8.382,5594
13151,101311.219, 8.104,5594
13152,101319.359, 8.134,5594
13153,101327.266, 7.914,5594
13154,101335.141, 7.875,5594
13155,101342.898, 7.756,5594
13156,101351.047, 8.148,5594
13157,101359.023, 7.977,5594
13158,101367.273, 8.250,5594
13159,101375.031, 7.753,5594
13160,101382.477, 7.451,5594
13161,101390.086, 7.611,5594
13162,101397.836, 7.749,5594
13163,101405.922, 8.089,5594
13164,101414.992, 9.059,5594
13165,101422.664, 7.676,5594
13166,101430.367, 7.706,5594
13167,101437.961, 7.600,5594
13168,101445.602, 7.641,5594
13169,101454.031, 8.420,5594
13170,101461.781, 7.755,5594
13171,101469.234, 7.451,5594
13172,101476.883, 7.651,5594
13173,101485.500, 8.615,5594
13174,101493.117, 7.614,5594
13175,101500.797, 7.680,5594
13176,101508.914, 8.124,5594
13177,101517.094, 8.177,5594
13178,101525.352, 8.252,5594
13179,101533.906, 8.561,5594
13180,101541.383, 7.470,5594
13181,101548.914, 7.540,5594
13182,101556.500, 7.580,5594
13183,101564.148, 7.654,5594
13184,101571.727, 7.574,5594
13185,101579.234, 7.510,5594
13186,101587.070, 7.830,5594
13187,101594.773, 7.710,5594
13188,101603.367, 8.585,5594
13189,101611.344, 7.979,5594
13190,101619.445, 8.100,5594
13191,101629.820,10.382,5594
13192,101638.930, 9.106,5594
13193,101647.133, 8.206,5594
13194,101655.594, 8.461,5594
13195,101664.023, 8.422,5594
13196,101672.016, 7.995,5594
13197,101679.961, 7.954,5594
13198,101687.727, 7.757,5594
13199,101695.406, 7.681,5594
13200,101703.180, 7.776,5594
13201,101711.734, 8.554,5594
13202,101720.375, 8.640,5594
13203,101728.844, 8.470,5594
13204,101736.664, 7.812,5594
13205,101744.531, 7.878,5594
13206,101752.609, 8.076,5594
13207,101760.688, 8.073,5594
13208,101768.750, 8.065,5594
13209,101777.195, 8.450,5594
13210,101785.109, 7.907,5594
13211,101793.094, 7.985,5594
13212,101801.172, 8.082,5594
13213,101810.453, 9.283,5594
13214,101819.180, 8.723,5594
13215,101827.898, 8.720,5594
13216,101837.516, 9.621,5594
13217,101846.430, 8.911,5594
13218,101855.289, 8.865,5594
13219,101864.008, 8.711,5594
13220,101873.984, 9.971,5594
13221,101882.617, 8.640,5594
13222,101891.109, 8.491,5594
13223,101899.859, 8.752,5594
13224,101909.523, 9.661,5594
13225,101918.547, 9.028,5594
13226,101927.461, 8.908,5594
13227,101936.656, 9.198,5594
13228,101947.508,10.854,5594
13229,101955.727, 8.218,5594
13230,101964.680, 8.952,5594
13231,101972.703, 8.018,5594
13232,101980.516, 7.817,5594
13233,101989.641, 9.122,5594
13234,101997.258, 7.627,5594
13235,102005.203, 7.942,5594
13236,102013.016, 7.807,5594
13237,102021.180, 8.165,5594
13238,102030.281, 9.105,5594
13239,102038.898, 8.621,5594
13240,102048.000, 9.095,5594
13241,102055.953, 7.960,5594
13242,102063.938, 7.982,5594
13243,102071.875, 7.933,5594
13244,102079.719, 7.841,5594
13245,102087.688, 7.970,5594
13246,102096.188, 8.501,5594
13247,102104.344, 8.158,5594
13248,102112.820, 8.481,5594
13249,102122.609, 9.784,5594
13250,102130.453, 7.847,5594
13251,102138.125, 7.672,5594
13252,102145.930, 7.802,5594
13253,102154.242, 8.319,5594
13254,102162.555, 8.311,5594
13255,102170.664, 8.100,5594
13256,102178.797, 8.137,5594
13257,102186.484, 7.686,5594
13258,102194.203, 7.723,5594
13259,102202.703, 8.496,5594
13260,102210.406, 7.702,5594
13261,102217.859, 7.454,5594
13262,102225.453, 7.598,5594
13263,102233.078, 7.625,5594
13264,102240.859, 7.783,5594
13265,102248.797, 7.930,5594
13266,102257.727, 8.931,5594
13267,102266.570, 8.850,5594
13268,102274.688, 8.113,5594
13269,102282.406, 7.716,5594
13270,102290.133, 7.731,5594
13271,102297.641, 7.502,5594
13272,102305.727, 8.089,5594
13273,102313.438, 7.708,5594
13274,102321.688, 8.255,5594
13275,102329.953, 8.272,5594
13276,102337.539, 7.579,5594
13277,102346.125, 8.584,5594
13278,102355.180, 9.058,5594
13279,102365.078, 9.899,5594
13280,102373.984, 8.902,5594
13281,102382.469, 8.490,5594
13282,102390.508, 8.033,5594
13283,102398.445, 7.938,5594
13284,102407.266, 8.829,5594
13285,102416.492, 9.222,5594
13286,102427.000,10.503,5594
13287,102436.063, 9.062,5594
13288,102445.188, 9.131,5594
13289,102454.141, 8.948,5594
13290,102463.320, 9.178,5594
13291,102472.055, 8.733,5594
13292,102480.406, 8.359,5594
13293,102489.023, 8.613,5594
13294,102498.281, 9.261,5594
13295,102506.563, 8.286,5594
13296,102515.109, 8.540,5594
13297,102523.422, 8.314,5594
13298,102531.906, 8.482,5594
13299,102541.125, 9.224,5594
13300,102549.664, 8.534,5594
13301,102558.211, 8.549,5594
13302,102566.664, 8.449,5594
13303,102575.320, 8.655,5594
13304,102583.758, 8.438,5594
13305,102591.945, 8.197,5594
13306,102600.023, 8.072,5594
13307,102607.594, 7.571,5594
13308,102615.469, 7.874,5594
13309,102623.328, 7.854,5594
13310,102631.055, 7.732,5594
13311,102639.398, 8.342,5594
13312,102647.227, 7.830,5594
13313,102655.828, 8.602,5594
13314,102663.914, 8.086,5594
13315,102671.734, 7.821,5594
13316,102679.508, 7.771,5594
13317,102689.117, 9.612,5594
13318,102697.047, 7.927,5594
13319,102705.313, 8.267,5594
13320,102713.000, 7.684,5594
13321,102721.227, 8.235,5594
13322,102728.914, 7.684,5594
13323,102736.664, 7.750,5594
13324,102744.984, 8.320,5594
13325,102752.656, 7.670,5594
13326,102760.734, 8.076,5594
13327,102768.375, 7.640,5594
13328,102776.664, 8.287,5594
13329,102785.258, 8.604,5594
13330,102793.367, 8.100,5594
13331,102802.570, 9.212,5594
13332,102811.766, 9.187,5594
13333,102820.938, 9.179,5594
13334,102829.680, 8.737,5594
13335,102837.844, 8.166,5594
13336,102845.789, 7.945,5594
13337,102854.734, 8.948,5594
13338,102863.328, 8.589,5594
13339,102871.305, 7.973,5594
13340,102879.367, 8.067,5594
13341,102887.313, 7.944,5594
13342,102895.289, 7.982,5594
13343,102903.867, 8.577,5594
13344,102912.164, 8.301,5594
13345,102920.727, 8.558,5594
13346,102928.602, 7.877,5594
13347,102936.844, 8.239,5594
13348,102945.438, 8.594,5594
13349,102954.469, 9.035,5594
13350,102962.500, 8.026,5594
13351,102971.125, 8.630,5594
13352,102980.305, 9.175,5594
13353,102989.039, 8.733,5594
13354,102999.031, 9.997,5594
13355,103009.836,10.803,5594
13356,103019.766, 9.929,5594
13357,103029.336, 9.564,5594
13358,103038.672, 9.340,5594
13359,103047.984, 9.313,5594
13360,103058.227,10.250,5594
13361,103068.359,10.129,5594
13362,103077.586, 9.229,5594
13363,103086.906, 9.322,5594
13364,103095.859, 8.945,5594
13365,103105.070, 9.213,5594
13366,103114.727, 9.656,5594
13367,103123.898, 9.177,5594
13368,103132.367, 8.459,5594
13369,103141.313, 8.948,5594
13370,103149.922, 8.613,5594
13371,103159.391, 9.467,5594
13372,103168.469, 9.079,5594
13373,103177.125, 8.656,5594
13374,103186.289, 9.164,5594
13375,103195.352, 9.064,5594
13376,103204.164, 8.811,5594
13377,103214.734,10.569,5594
13378,103224.250, 9.517,5594
13379,103232.492, 8.240,5594
13380,103241.531, 9.040,5594
13381,103250.070, 8.543,5594
13382,103258.320, 8.243,5594
13383,103266.617, 8.303,5594
13384,103275.133, 8.511,5594
13385,103283.344, 8.209,5594
13386,103292.289, 8.956,5594
13387,103300.500, 8.203,5594
13388,103308.719, 8.222,5594
13389,103316.594, 7.880,5594
13390,103325.047, 8.442,5594
13391,103333.445, 8.406,5594
13392,103342.227, 8.780,5594
13393,103350.320, 8.087,5594
13394,103358.211, 7.900,5594
13395,103366.117, 7.898,5594
13396,103373.953, 7.846,5594
13397,103381.859, 7.901,5594
13398,103389.695, 7.835,5594
13399,103397.398, 7.705,5594
13400,103405.438, 8.036,5594
13401,103413.398, 7.962,5594
13402,103422.453, 9.051,5594
13403,103430.844, 8.393,5594
13404,103439.938, 9.099,5594
13405,103448.273, 8.340,5594
13406,103457.109, 8.826,5594
13407,103465.898, 8.794,5594
13408,103474.336, 8.431,5594
13409,103482.273, 7.946,5594
13410,103490.281, 8.008,5594
13411,103498.375, 8.087,5594
13412,103506.109, 7.735,5594
13413,103514.172, 8.064,5594
13414,103521.969, 7.796,5594
13415,103530.430, 8.458,5594
13416,103539.141, 8.716,5594
13417,103547.078, 7.933,5594
13418,103556.094, 9.015,5594
13419,103563.813, 7.722,5594
13420,103572.500, 8.691,5594
13421,103580.164, 7.661,5594
13422,103588.586, 8.423,5594
13423,103597.531, 8.948,5594
13424,103608.148,10.610,5594
13425,103617.016, 8.871,5594
13426,103625.508, 8.490,5594
13427,103633.352, 7.839,5594
13428,103641.977, 8.629,5594
13429,103650.359, 8.386,5594
13430,103658.727, 8.369,5594
13431,103666.898, 8.170,5594
13432,103675.031, 8.127,5594
13433,103683.305, 8.278,5594
13434,103691.219, 7.919,5594
13435,103699.383, 8.154,5594
13436,103707.461, 8.085,5594
13437,103715.406, 7.944,5594
13438,103723.289, 7.886,5594
13439,103731.867, 8.577,5594
13440,103740.328, 8.455,5594
13441,103749.430, 9.102,5594
13442,103757.945, 8.520,5594
13443,103767.750, 9.799,5594
13444,103776.688, 8.939,5594
13445,103785.156, 8.469,5594
13446,103794.133, 8.982,5594
13447,103803.039, 8.903,5594
13448,103811.656, 8.616,5594
13449,103821.391, 9.733,5594
13450,103829.867, 8.484,5594
13451,103838.406, 8.534,5594
13452,103846.711, 8.304,5594
13453,103856.141, 9.430,5594
13454,103865.000, 8.854,5594
13455,103874.039, 9.043,5594
13456,103883.414, 9.373,5594
13457,103892.094, 8.682,5594
13458,103900.898, 8.806,5594
13459,103909.891, 8.992,5594
13460,103918.828, 8.943,5594
13461,103927.430, 8.593,5594
13462,103936.008, 8.578,5594
13463,103944.477, 8.476,5594
13464,103952.438, 7.957,5594
13465,103961.672, 9.237,5594
13466,103969.867, 8.193,5594
13467,103978.906, 9.046,5594
13468,103986.805, 7.896,5594
13469,103995.008, 8.195,5594
13470,104003.672, 8.663,5594
13471,104012.922, 9.262,5594
13472,104021.578, 8.650,5594
13473,104029.500, 7.923,5594
13474,104037.688, 8.183,5594
13475,104046.852, 9.168,5594
13476,104055.008, 8.151,5594
13477,104063.813, 8.808,5594
13478,104072.289, 8.479,5594
13479,104080.477, 8.185,5594
13480,104088.766, 8.293,5594
13481,104097.500, 8.732,5594
13482,104105.758, 8.258,5594
13483,104114.656, 8.893,5594
13484,104123.414, 8.758,5594
13485,104134.859,11.455,5594
13486,104144.438, 9.572,5594
13487,104152.875, 8.444,5594
13488,104161.188, 8.309,5594
13489,104170.711, 9.522,5594
13490,104179.906, 9.197,5594
13491,104188.867, 8.961,5594
13492,104198.859, 9.989,5594
13493,104207.211, 8.358,5594
13494,104216.414, 9.198,5594
13495,104225.273, 8.862,5594
13496,104234.375, 9.094,5594
13497,104242.438, 8.064,5594
13498,104250.305, 7.866,5594
13499,104258.141, 7.844,5594
13500,104266.211, 8.072,5594
13501,104275.164, 8.949,5594
13502,104284.414, 9.246,5594
13503,104292.734, 8.323,5594
13504,104301.492, 8.756,5594
13505,104310.688, 9.196,5594
13506,104320.070, 9.382,5594
13507,104328.867, 8.803,5594
13508,104338.023, 9.147,5594
13509,104346.133, 8.114,5594
13510,104355.875, 9.743,5594
13511,104364.516, 8.644,5594
13512,104372.875, 8.355,5594
13513,104381.398, 8.525,5594
13514,104390.734, 9.337,5594
13515,104400.070, 9.333,5594
13516,104410.539,10.473,5594
13517,104420.563,10.020,5594
13518,104429.648, 9.083,5594
13519,104438.516, 8.869,5594
13520,104447.953, 9.443,5594
13521,104457.891, 9.932,5594
13522,104466.875, 8.987,5594
13523,104476.148, 9.277,5594
13524,104486.063, 9.909,5594
13525,104496.578,10.515,5594
13526,104505.656, 9.074,5594
13527,104516.469,10.822,5594
13528,104524.945, 8.475,5594
13529,104534.586, 9.643,5594
13530,104543.484, 8.895,5594
13531,104552.992, 9.506,5594
13532,104561.813, 8.825,5594
13533,104570.727, 8.911,5594
13534,104578.969, 8.234,5594
13535,104587.047, 8.082,5594
13536,104595.352, 8.309,5594
13537,104604.133, 8.782,5594
13538,104612.273, 8.139,5594
13539,104620.773, 8.496,5594
13540,104629.703, 8.930,5594
13541,104637.930, 8.232,5594
13542,104646.016, 8.078,5594
13543,104654.141, 8.129,5594
13544,104663.023, 8.884,5594
13545,104671.055, 8.029,5594
13546,104679.484, 8.431,5594
13547,104687.742, 8.257,5594
13548,104695.945, 8.208,5594
13549,104704.563, 8.619,5594
13550,104712.813, 8.249,5594
13551,104721.172, 8.353,5594
13552,104729.344, 8.173,5594
13553,104737.453, 8.109,5594
13554,104745.414, 7.961,5594
13555,104753.609, 8.199,5594
13556,104762.031, 8.416,5594
13557,104769.992, 7.964,5594
13558,104778.148, 8.155,5594
13559,104786.383, 8.232,5594
13560,104794.977, 8.598,5594
13561,104805.383,10.401,5594
13562,104815.492,10.120,5594
13563,104823.789, 8.292,5594
13564,104833.297, 9.503,5594
13565,104841.773, 8.478,5594
13566,104850.609, 8.845,5594
13567,104858.875, 8.264,5594
13568,104867.141, 8.264,5594
13569,104875.414, 8.266,5594
13570,104884.578, 9.171,5594
13571,104893.023, 8.441,5594
13572,104901.563, 8.547,5594
13573,104910.797, 9.228,5594
13574,104920.563, 9.766,5594
13575,104928.852, 8.289,5594
13576,104937.063, 8.206,5594
13577,104945.523, 8.468,5594
13578,104953.680, 8.149,5594
13579,104962.055, 8.378,5594
13580,104971.250, 9.202,5594
13581,104979.711, 8.457,5594
13582,104988.930, 9.224,5594
13583,104998.102, 9.166,5594
13584,105007.367, 9.261,5594
13585,105015.906, 8.544,5594
13586,105025.055, 9.149,5594
13587,105034.086, 9.028,5594
13588,105042.969, 8.882,5594
13589,105052.063, 9.094,5594
13590,105060.844, 8.784,5594
13591,105070.414, 9.569,5594
13592,105080.008, 9.589,5594
13593,105089.406, 9.405,5594
13594,105098.281, 8.876,5594
13595,105107.703, 9.419,5594
13596,105116.508, 8.809,5594
13597,105124.914, 8.410,5594
13598,105134.836, 9.914,5594
13599,105143.875, 9.045,5594
13600,105152.953, 9.076,5594
13601,105161.789, 8.832,5594
13602,105171.719, 9.930,5594
13603,105181.586, 9.871,5594
13604,105190.297, 8.704,5594
13605,105200.047, 9.752,5594
13606,105209.367, 9.323,5594
13607,105218.469, 9.101,5594
13608,105227.664, 9.195,5594
13609,105236.352, 8.689,5594
13610,105245.906, 9.555,5594
13611,105254.875, 8.969,5594
13612,105264.000, 9.118,5594
13613,105272.828, 8.838,5594
13614,105281.836, 9.008,5594
13615,105290.805, 8.962,5594
13616,105299.547, 8.746,5594
13617,105308.945, 9.397,5594
13618,105318.844, 9.903,5594
13619,105327.656, 8.804,5594
13620,105337.008, 9.352,5594
13621,105346.617, 9.618,5594
13622,105355.398, 8.778,5594
13623,105364.898, 9.505,5594
13624,105374.148, 9.242,5594
13625,105382.586, 8.443,5594
13626,105390.828, 8.242,5594
13627,105400.000, 9.168,5594
13628,105408.172, 8.170,5594
13629,105417.023, 8.849,5594
13630,105425.031, 8.007,5594
13631,105433.398, 8.375,5594
13632,105441.563, 8.163,5594
13633,105451.070, 9.506,5594
13634,105459.461, 8.388,5594
13635,105468.273, 8.823,5594
13636,105476.719, 8.433,5594
13637,105485.195, 8.480,5594
13638,105493.539, 8.345,5594
13639,105502.094, 8.552,5594
13640,105510.406, 8.318,5594
13641,105518.867, 8.459,5594
13642,105527.219, 8.353,5594
13643,105536.016, 8.790,5594
13644,105544.406, 8.395,5594
13645,105554.461,10.058,5594
13646,105563.234, 8.773,5594
13647,105571.508, 8.273,5594
13648,105580.086, 8.574,5594
13649,105589.195, 9.112,5594
13650,105599.781,10.588,5594
13651,105609.742, 9.956,5594
13652,105618.180, 8.437,5594
13653,105626.664, 8.487,5594
13654,105635.500, 8.837,5594
13655,105644.086, 8.588,5594
13656,105653.266, 9.180,5594
13657,105663.086, 9.819,5594
13658,105672.305, 9.214,5594
13659,105681.766, 9.465,5594
13660,105691.852,10.086,5594
13661,105700.781, 8.931,5594
13662,105709.523, 8.740,5594
13663,105717.773, 8.247,5594
13664,105725.992, 8.214,5594
13665,105734.969, 8.978,5594
13666,105743.664, 8.700,5594
13667,105752.672, 9.008,5594
13668,105762.977,10.300,5594
13669,105772.133, 9.163,5594
13670,105780.719, 8.583,5594
13671,105790.281, 9.570,5594
13672,105799.859, 9.574,5594
13673,105810.016,10.150,5594
13674,105819.797, 9.782,5594
13675,105829.078, 9.283,5594
13676,105839.656,10.578,5594
13677,105849.664,10.010,5594
13678,105858.508, 8.843,5594
13679,105867.602, 9.100,5594
13680,105876.945, 9.343,5594
13681,105886.016, 9.062,5594
13682,105894.852, 8.845,5594
13683,105903.906, 9.051,5594
13684,105912.844, 8.934,5594
13685,105921.836, 8.992,5594
13686,105930.742, 8.903,5594
13687,105939.922, 9.186,5594
13688,105949.359, 9.437,5594
13689,105957.961, 8.601,5594
13690,105966.758, 8.799,5594
13691,105975.180, 8.423,5594
13692,105984.711, 9.522,5594
13693,105993.492, 8.791,5594
13694,106003.398, 9.899,5594
13695,106012.805, 9.413,5594
13696,106021.430, 8.619,5594
13697,106029.727, 8.298,5594
13698,106038.172, 8.449,5594
13699,106046.539, 8.364,5594
13700,106057.773,11.237,5594
13701,106068.344,10.564,5594
13702,106077.727, 9.388,5594
13703,106087.555, 9.829,5594
13704,106096.992, 9.436,5594
13705,106105.852, 8.858,5594
13706,106114.734, 8.881,5594
13707,106124.609, 9.880,5594
13708,106133.016, 8.404,5594
13709,106142.313, 9.298,5594
13710,106151.195, 8.883,5594
13711,106160.703, 9.503,5594
13712,106170.547, 9.848,5594
13713,106179.539, 8.997,5594
13714,106188.039, 8.493,5594
13715,106197.164, 9.128,5594
13716,106205.656, 8.490,5594
13717,106214.508, 8.851,5594
13718,106223.766, 9.263,5594
13719,106233.219, 9.452,5594
13720,106241.484, 8.265,5594
13721,106250.555, 9.074,5594
13722,106258.945, 8.389,5594
13723,106267.055, 8.102,5594
13724,106275.180, 8.132,5594
13725,106283.375, 8.193,5594
13726,106292.352, 8.975,5594
13727,106301.406, 9.053,5594
13728,106310.867, 9.463,5594
13729,106320.242, 9.381,5594
13730,106328.789, 8.545,5594
13731,106337.266, 8.478,5594
13732,106345.578, 8.312,5594
13733,106354.531, 8.946,5594
13734,106363.500, 8.973,5594
13735,106372.531, 9.028,5594
13736,106381.398, 8.868,5594
13737,106391.305, 9.899,5594
13738,106401.633,10.333,5594
13739,106412.406,10.777,5594
13740,106422.297, 9.883,5594
13741,106432.063, 9.768,5594
13742,106441.086, 9.024,5594
13743,106450.852, 9.768,5594
13744,106459.875, 9.027,5594
13745,106470.328,10.452,5594
13746,106479.977, 9.643,5594
13747,106489.711, 9.739,5594
13748,106498.742, 9.033,5594
13749,106508.391, 9.647,5594
13750,106518.148, 9.762,5594
13751,106526.719, 8.561,5594
13752,106535.172, 8.455,5594
13753,106543.844, 8.678,5594
13754,106552.469, 8.619,5594
13755,106562.148, 9.680,5594
13756,106571.086, 8.941,5594
13757,106580.578, 9.494,5594
13758,106589.555, 8.976,5594
13759,106599.016, 9.458,5594
13760,106608.273, 9.259,5594
13761,106617.523, 9.255,5594
13762,106627.008, 9.479,5594
13763,106636.336, 9.325,5594
13764,106645.234, 8.900,5594
13765,106654.781, 9.551,5594
13766,106663.594, 8.811,5594
13767,106672.602, 9.012,5594
13768,106681.852, 9.248,5594
13769,106691.617, 9.769,5594
13770,106700.758, 9.135,5594
13771,106709.172, 8.411,5594
13772,106717.391, 8.217,5594
13773,106725.922, 8.536,5594
13774,106734.594, 8.675,5594
13775,106742.977, 8.374,5594
13776,106751.922, 8.952,5594
13777,106760.438, 8.514,5594
13778,106768.852, 8.419,5594
13779,106777.242, 8.385,5594
13780,106787.570,10.330,5594
13781,106796.594, 9.026,5594
13782,106806.555, 9.962,5594
13783,106815.805, 9.245,5594
13784,106824.828, 9.025,5594
13785,106834.219, 9.389,5594
13786,106842.914, 8.701,5594
13787,106852.008, 9.082,5594
13788,106860.508, 8.504,5594
13789,106869.164, 8.658,5594
13790,106877.805, 8.640,5594
13791,106886.234, 8.434,5594
13792,106894.508, 8.271,5594
13793,106903.766, 9.258,5594
13794,106912.656, 8.887,5594
13795,106921.141, 8.489,5594
13796,106929.500, 8.359,5594
13797,106938.211, 8.712,5594
13798,106947.016, 8.801,5594
13799,106956.438, 9.423,5594
13800,106964.773, 8.331,5594
13801,106972.867, 8.096,5594
13802,106981.086, 8.218,5594
13803,106989.281, 8.199,5594
13804,106997.742, 8.459,5594
13805,107006.102, 8.358,5594
13806,107014.164, 8.066,5594
13807,107022.383, 8.216,5594
13808,107030.898, 8.516,5594
13809,107039.180, 8.282,5594
13810,107048.766, 9.588,5594
13811,107057.055, 8.284,5594
13812,107065.273, 8.227,5594
13813,107074.000, 8.717,5594
13814,107082.070, 8.072,5594
13815,107090.633, 8.564,5594
13816,107099.250, 8.622,5594
13817,107108.875, 9.622,5594
13818,107118.344, 9.463,5594
13819,107127.383, 9.046,5594
13820,107136.367, 8.984,5594
13821,107147.148,10.782,5594
13822,107156.875, 9.729,5594
13823,107166.406, 9.530,5594
13824,107175.859, 9.448,5594
13825,107185.195, 9.338,5594
13826,107195.313,10.113,5594
13827,107205.500,10.192,5594
13828,107216.133,10.630,5594
13829,107226.078, 9.947,5594
13830,107234.750, 8.674,5594
13831,107243.820, 9.071,5594
13832,107253.883,10.062,5594
13833,107263.633, 9.747,5594
13834,107272.742, 9.114,5594
13835,107282.680, 9.932,5594
13836,107292.250, 9.578,5594
13837,107301.422, 9.165,5594
13838,107310.711, 9.289,5594
13839,107320.023, 9.315,5594
13840,107329.172, 9.153,5594
13841,107338.047, 8.869,5594
13842,107347.133, 9.088,5594
13843,107355.438, 8.306,5594
13844,107364.156, 8.714,5594
13845,107373.180, 9.025,5594
13846,107381.703, 8.521,5594
13847,107390.320, 8.619,5594
13848,107399.539, 9.218,5594
13849,107408.547, 9.013,5594
13850,107417.359, 8.805,5594
13851,107425.672, 8.317,5594
13852,107434.859, 9.186,5594
13853,107443.000, 8.136,5594
13854,107451.539, 8.547,5594
13855,107460.492, 8.951,5594
13856,107469.242, 8.752,5594
13857,107477.766, 8.523,5594
13858,107487.781,10.016,5594
13859,107497.586, 9.804,5594
13860,107506.117, 8.534,5594
13861,107514.516, 8.394,5594
13862,107523.523, 9.006,5594
13863,107531.727, 8.207,5594
13864,107540.406, 8.673,5594
13865,107549.641, 9.236,5594
13866,107558.359, 8.716,5594
13867,107567.141, 8.784,5594
13868,107576.430, 9.289,5594
13869,107585.492, 9.070,5594
13870,107596.633,11.137,5594
13871,107606.453, 9.818,5594
13872,107615.125, 8.676,5594
13873,107624.234, 9.108,5594
13874,107632.883, 8.651,5594
13875,107641.828, 8.941,5594
13876,107650.625, 8.791,5594
13877,107660.133, 9.511,5594
13878,107668.633, 8.504,5594
13879,107677.031, 8.395,5594
13880,107685.641, 8.611,5594
13881,107694.688, 9.048,5594
13882,107702.930, 8.243,5594
13883,107712.039, 9.106,5594
13884,107720.375, 8.338,5594
13885,107728.805, 8.431,5594
13886,107737.367, 8.564,5594
13887,107745.992, 8.623,5594
13888,107754.695, 8.705,5594
13889,107763.633, 8.934,5594
13890,107772.539, 8.912,5594
13891,107781.047, 8.503,5594
13892,107790.039, 8.991,5594
13893,107799.883, 9.850,5594
13894,107809.625, 9.736,5594
13895,107818.602, 8.984,5594
13896,107828.531, 9.922,5594
13897,107837.234, 8.706,5594
13898,107845.898, 8.667,5594
13899,107856.023,10.123,5594
13900,107865.070, 9.046,5594
13901,107874.352, 9.278,5594
13902,107883.383, 9.032,5594
13903,107892.469, 9.092,5594
13904,107901.625, 9.150,5594
13905,107910.945, 9.328,5594
13906,107920.305, 9.348,5594
13907,107930.711,10.406,5594
13908,107939.773, 9.065,5594
13909,107949.148, 9.377,5594
13910,107957.773, 8.627,5594
13911,107966.047, 8.273,5594
13912,107974.867, 8.821,5594
13913,107983.703, 8.836,5594
13914,107993.742,10.040,5594
13915,108003.492, 9.749,5594
13916,108012.133, 8.639,5594
13917,108020.523, 8.390,5594
13918,108030.273, 9.758,5594
13919,108039.266, 8.993,5594
13920,108048.672, 9.395,5594
13921,108058.406, 9.737,5594
13922,108067.883, 9.477,5594
13923,108077.875, 9.996,5594
13924,108086.664, 8.781,5594
13925,108095.406, 8.743,5594
13926,108105.172, 9.775,5594
13927,108113.750, 8.569,5594
13928,108122.555, 8.808,5594
13929,108131.641, 9.080,5594
13930,108140.320, 8.680,5594
13931,108149.016, 8.696,5594
13932,108157.555, 8.543,5594
13933,108166.492, 8.941,5594
13934,108175.461, 8.964,5594
13935,108185.172, 9.716,5594
13936,108194.508, 9.337,5594
13937,108202.805, 8.292,5594
13938,108211.758, 8.951,5594
13939,108221.336, 9.579,5594
13940,108230.094, 8.758,5594
13941,108238.992, 8.896,5594
13942,108247.648, 8.657,5594
13943,108256.172, 8.531,5594
13944,108265.148, 8.975,5594
13945,108274.234, 9.087,5594
13946,108283.477, 9.243,5594
13947,108292.703, 9.219,5594
13948,108301.680, 8.975,5594
13949,108310.055, 8.382,5594
13950,108319.883, 9.830,5594
13951,108329.414, 9.529,5594
13952,108338.609, 9.195,5594
13953,108347.203, 8.597,5594
13954,108358.148,10.940,5594
13955,108367.594, 9.447,5594
13956,108376.406, 8.811,5594
13957,108388.164,11.756,5594
13958,108398.117, 9.953,5594
13959,108408.391,10.278,5594
13960,108416.914, 8.527,5594
13961,108426.586, 9.669,5594
13962,108436.469, 9.884,5594
13963,108445.227, 8.757,5594
13964,108453.930, 8.706,5594
13965,108464.000,10.061,5594
13966,108472.695, 8.696,5594
13967,108481.758, 9.067,5594
13968,108492.047,10.285,5594
13969,108501.844, 9.802,5594
13970,108512.156,10.314,5594
13971,108520.914, 8.757,5594
13972,108529.938, 9.022,5594
13973,108539.977,10.035,5594
13974,108549.570, 9.598,5594
13975,108558.586, 9.017,5594
13976,108568.344, 9.750,5594
13977,108577.398, 9.057,5594
13978,108587.102, 9.707,5594
13979,108596.391, 9.288,5594
13980,108605.602, 9.216,5594
13981,108615.375, 9.767,5594
13982,108624.773, 9.403,5594
13983,108634.797,10.017,5594
13984,108645.055,10.260,5594
13985,108654.227, 9.175,5594
13986,108663.352, 9.116,5594
13987,108673.539,10.199,5594
13988,108684.297,10.753,5594
13989,108694.711,10.416,5594
13990,108705.047,10.328,5594
13991,108714.969, 9.923,5594
13992,108725.484,10.524,5594
13993,108735.422, 9.930,5594
13994,108747.555,12.141,5594
13995,108758.414,10.853,5594
13996,108770.117,11.709,5594
13997,108780.125,10.002,5594
13998,108790.258,10.139,5594
13999,108804.266,14.008,5594
14000,108815.680,11.410,5594
14001,108825.148, 9.466,5594
14002,108834.602, 9.456,5594
14003,108844.844,10.244,5594
14004,108854.961,10.108,5594
14005,108865.391,10.436,5594
14006,108875.969,10.574,5594
14007,108886.211,10.252,5594
14008,108896.563,10.353,5594
14009,108907.961,11.389,5594
14010,108917.438, 9.479,5594
14011,108928.133,10.693,5594
14012,108937.781, 9.652,5594
14013,108946.906, 9.128,5594
14014,108956.250, 9.345,5594
14015,108965.766, 9.511,5594
14016,108974.672, 8.904,5594
14017,108983.781, 9.115,5594
14018,108992.375, 8.587,5594
14019,109000.906, 8.537,5594
14020,109009.234, 8.327,5594
14021,109017.609, 8.379,5594
14022,109025.977, 8.357,5594
14023,109034.422, 8.445,5594
14024,109042.695, 8.279,5594
14025,109051.945, 9.250,5594
14026,109062.242,10.295,5594
14027,109071.688, 9.441,5594
14028,109080.156, 8.476,5594
14029,109088.875, 8.720,5594
14030,109097.750, 8.868,5594
14031,109106.398, 8.648,5594
14032,109115.359, 8.961,5594
14033,109124.188, 8.833,5594
14034,109132.914, 8.726,5594
14035,109141.750, 8.832,5594
14036,109150.773, 9.029,5594
14037,109159.828, 9.052,5594
14038,109169.539, 9.711,5594
14039,109178.969, 9.423,5594
14040,109189.570,10.613,5594
14041,109200.578,11.004,5594
14042,109210.344, 9.760,5594
14043,109219.938, 9.600,5594
14044,109229.211, 9.277,5594
14045,109238.797, 9.583,5594
14046,109248.383, 9.584,5594
14047,109257.828, 9.449,5594
14048,109267.359, 9.526,5594
14049,109277.570,10.220,5594
14050,109287.188, 9.614,5594
14051,109297.742,10.549,5594
14052,109307.906,10.169,5594
14053,109318.352,10.439,5594
14054,109328.570,10.228,5594
14055,109337.820, 9.242,5594
14056,109347.406, 9.585,5594
14057,109356.266, 8.869,5594
14058,109365.250, 8.980,5594
14059,109373.867, 8.616,5594
14060,109383.672, 9.799,5594
14061,109392.547, 8.885,5594
14062,109401.156, 8.606,5594
14063,109409.641, 8.480,5594
14064,109418.508, 8.872,5594
14065,109427.195, 8.690,5594
14066,109436.008, 8.807,5594
14067,109444.633, 8.626,5594
14068,109453.203, 8.571,5594
14069,109462.016, 8.812,5594
14070,109470.602, 8.589,5594
14071,109479.141, 8.532,5594
14072,109488.383, 9.247,5594
14073,109497.688, 9.303,5594
14074,109506.477, 8.791,5594
14075,109515.078, 8.596,5594
14076,109523.742, 8.668,5594
14077,109532.164, 8.419,5594
14078,109540.648, 8.485,5594
14079,109549.070, 8.425,5594
14080,109557.766, 8.697,5594
14081,109566.125, 8.356,5594
14082,109574.578, 8.461,5594
14083,109584.961,10.369,5594
14084,109595.461,10.507,5594
14085,109604.602, 9.147,5594
14086,109613.711, 9.099,5594
14087,109623.680, 9.972,5594
14088,109633.305, 9.619,5594
14089,109642.000, 8.697,5594
14090,109650.758, 8.761,5594
14091,109659.578, 8.826,5594
14092,109670.523,10.945,5594
14093,109679.594, 9.070,5594
14094,109688.250, 8.658,5594
14095,109697.805, 9.548,5594
14096,109707.016, 9.208,5594
14097,109716.109, 9.100,5594
14098,109725.898, 9.790,5594
14099,109735.031, 9.128,5594
14100,109744.492, 9.466,5594
14101,109753.797, 9.304,5594
14102,109763.406, 9.609,5594
14103,109772.359, 8.951,5594
14104,109781.031, 8.667,5594
14105,109790.789, 9.759,5594
14106,109800.766, 9.981,5594
14107,109810.938,10.174,5594
14108,109820.445, 9.507,5594
14109,109830.516,10.067,5594
14110,109840.258, 9.744,5594
14111,109850.828,10.570,5594
14112,109860.695, 9.867,5594
14113,109870.969,10.268,5594
14114,109881.016,10.046,5594
14115,109890.977, 9.967,5594
14116,109900.438, 9.463,5594
14117,109910.531,10.095,5594
14118,109921.992,11.454,5594
14119,109932.594,10.607,5594
14120,109942.984,10.386,5594
14121,109953.563,10.587,5594
14122,109963.398, 9.826,5594
14123,109972.109, 8.715,5594
14124,109982.242,10.140,5594
14125,109992.891,10.646,5594
14126,110001.875, 8.978,5594
14127,110010.742, 8.870,5594
14128,110020.438, 9.690,5594
14129,110029.445, 9.011,5594
14130,110038.984, 9.537,5594
14131,110048.883, 9.901,5594
14132,110058.367, 9.485,5594
14133,110068.070, 9.701,5594
14134,110077.367, 9.297,5594
14135,110086.320, 8.951,5594
14136,110095.336, 9.021,5594
14137,110104.359, 9.022,5594
14138,110113.055, 8.691,5594
14139,110122.969, 9.916,5594
14140,110132.313, 9.345,5594
14141,110141.172, 8.866,5594
14142,110150.375, 9.200,5594
14143,110159.492, 9.113,5594
14144,110168.344, 8.851,5594
14145,110177.813, 9.475,5594
14146,110186.289, 8.469,5594
14147,110196.250, 9.966,5594
14148,110205.969, 9.713,5594
14149,110215.891, 9.930,5594
14150,110224.500, 8.604,5594
14151,110235.938,11.447,5594
14152,110245.758, 9.811,5594
14153,110255.406, 9.647,5594
14154,110265.477,10.076,5594
14155,110274.828, 9.352,5594
14156,110283.719, 8.884,5594
14157,110293.703, 9.987,5594
14158,110302.570, 8.872,5594
14159,110311.414, 8.840,5594
14160,110320.109, 8.692,5594
14161,110328.328, 8.217,5594
14162,110336.906, 8.583,5594
14163,110346.891, 9.989,5594
14164,110356.938,10.044,5594
14165,110366.086, 9.146,5594
14166,110376.523,10.438,5594
14167,110388.695,12.170,5594
14168,110398.594, 9.906,5594
14169,110407.898, 9.300,5594
14170,110416.680, 8.777,5594
14171,110425.469, 8.794,5594
14172,110434.211, 8.741,5594
14173,110443.172, 8.963,5594
14174,110452.500, 9.329,5594
14175,110462.844,10.345,5594
14176,110471.656, 8.803,5594
14177,110480.836, 9.190,5594
14178,110490.664, 9.823,5594
14179,110500.852,10.186,5594
14180,110510.594, 9.745,5594
14181,110521.516,10.925,5594
14182,110531.641,10.121,5594
14183,110540.500, 8.864,5594
14184,110549.242, 8.738,5594
14185,110559.813,10.573,5594
14186,110569.078, 9.258,5594
14187,110578.594, 9.525,5594
14188,110588.109, 9.513,5594
14189,110597.813, 9.703,5594
14190,110607.031, 9.218,5594
14191,110616.844, 9.814,5594
14192,110626.578, 9.730,5594
14193,110636.227, 9.655,5594
14194,110646.000, 9.764,5594
14195,110655.461, 9.468,5594
14196,110665.469,10.003,5594
14197,110675.391, 9.924,5594
14198,110685.156, 9.764,5594
14199,110695.164,10.013,5594
14200,110707.188,12.022,5594
14201,110716.063, 8.872,5594
14202,110724.742, 8.676,5594
14203,110734.672, 9.931,5594
14204,110743.367, 8.699,5594
14205,110751.992, 8.619,5594
14206,110760.922, 8.937,5594
14207,110770.750, 9.826,5594
14208,110780.711, 9.960,5594
14209,110790.883,10.177,5594
14210,110800.258, 9.377,5594
14211,110809.133, 8.870,5594
14212,110817.883, 8.751,5594
14213,110827.039, 9.152,5594
14214,110836.633, 9.595,5594
14215,110845.602, 8.977,5594
14216,110854.570, 8.967,5594
14217,110863.484, 8.908,5594
14218,110873.188, 9.701,5594
14219,110882.164, 8.979,5594
14220,110892.172,10.012,5594
14221,110901.555, 9.377,5594
14222,110910.445, 8.895,5594
14223,110919.141, 8.691,5594
14224,110928.164, 9.026,5594
14225,110937.031, 8.868,5594
14226,110946.227, 9.198,5594
14227,110955.352, 9.121,5594
14228,110964.164, 8.815,5594
14229,110973.578, 9.417,5594
14230,110983.813,10.229,5594
14231,110993.492, 9.680,5594
14232,111003.555,10.068,5594
14233,111013.078, 9.512,5594
14234,111022.430, 9.355,5594
14235,111031.742, 9.310,5594
14236,111042.117,10.376,5594
14237,111051.969, 9.848,5594
14238,111063.172,11.209,5594
14239,111072.992, 9.821,5594
14240,111084.539,11.549,5594
14241,111094.352, 9.808,5594
14242,111104.305, 9.950,5594
14243,111113.813, 9.517,5594
14244,111123.086, 9.267,5594
14245,111132.258, 9.178,5594
14246,111141.750, 9.487,5594
14247,111151.984,10.233,5594
14248,111161.328, 9.346,5594
14249,111170.680, 9.348,5594
14250,111182.156,11.483,5594
14251,111194.445,12.285,5594
14252,111205.586,11.148,5594
14253,111216.156,10.564,5594
14254,111226.141, 9.988,5594
14255,111236.500,10.357,5594
14256,111246.211, 9.709,5594
14257,111256.578,10.372,5594
14258,111266.289, 9.705,5594
14259,111276.406,10.120,5594
14260,111286.789,10.381,5594
14261,111296.898,10.110,5594
14262,111308.008,11.106,5594
14263,111318.406,10.406,5594
14264,111328.836,10.426,5594
14265,111338.469, 9.637,5594
14266,111347.430, 8.958,5594
14267,111356.547, 9.115,5594
14268,111365.633, 9.084,5594
14269,111374.914, 9.291,5594
14270,111384.484, 9.568,5594
14271,111393.820, 9.336,5594
14272,111403.172, 9.353,5594
14273,111412.578, 9.403,5594
14274,111421.906, 9.326,5594
14275,111431.672, 9.767,5594
14276,111441.047, 9.369,5594
14277,111450.227, 9.184,5594
14278,111459.664, 9.435,5594
14279,111468.625, 8.962,5594
14280,111478.484, 9.859,5594
14281,111488.805,10.327,5594
14282,111498.352, 9.541,5594
14283,111507.961, 9.605,5594
14284,111517.672, 9.713,5594
14285,111527.359, 9.689,5594
14286,111537.047, 9.692,5594
14287,111546.023, 8.970,5594
14288,111555.195, 9.180,5594
14289,111565.328,10.123,5594
14290,111574.898, 9.579,5594
14291,111585.242,10.341,5594
14292,111595.328,10.084,5594
14293,111604.406, 9.082,5594
14294,111613.984, 9.575,5594
14295,111625.156,11.171,5594
14296,111634.250, 9.096,5594
14297,111643.977, 9.719,5594
14298,111653.148, 9.182,5594
14299,111663.219,10.073,5594
14300,111672.383, 9.158,5594
14301,111681.359, 8.977,5594
14302,111690.586, 9.231,5594
14303,111700.039, 9.443,5594
14304,111709.961, 9.922,5594
14305,111719.195, 9.240,5594
14306,111729.625,10.425,5594
14307,111739.992,10.371,5594
14308,111749.883, 9.893,5594
14309,111759.695, 9.808,5594
14310,111768.703, 9.012,5594
14311,111778.891,10.188,5594
14312,111788.742, 9.845,5594
14313,111799.195,10.463,5594
14314,111809.461,10.257,5594
14315,111819.563,10.107,5594
14316,111830.117,10.549,5594
14317,111840.867,10.758,5594
14318,111851.047,10.174,5594
14319,111860.914, 9.876,5594
14320,111871.820,10.903,5594
14321,111881.781, 9.953,5594
14322,111892.617,10.833,5594
14323,111903.719,11.106,5594
14324,111913.789,10.071,5594
14325,111924.961,11.170,5594
14326,111934.883, 9.928,5594
14327,111945.648,10.760,5594
14328,111955.000, 9.353,5594
14329,111964.156, 9.162,5594
14330,111974.523,10.363,5594
14331,111985.828,11.307,5594
14332,111996.203,10.378,5594
14333,112006.383,10.171,5594
14334,112015.992, 9.606,5594
14335,112026.070,10.084,5594
14336,112035.586, 9.519,5594
14337,112045.656,10.064,5594
14338,112055.391, 9.735,5594
14339,112065.961,10.573,5594
14340,112075.398, 9.433,5594
14341,112085.438,10.047,5594
14342,112095.328, 9.883,5594
14343,112104.938, 9.619,5594
14344,112114.820, 9.878,5594
14345,112124.578, 9.760,5594
14346,112134.469, 9.890,5594
14347,112144.133, 9.660,5594
14348,112154.234,10.105,5594
14349,112164.875,10.645,5594
14350,112174.828, 9.947,5594
14351,112185.000,10.171,5594
14352,112195.547,10.554,5594
14353,112205.750,10.200,5594
14354,112215.852,10.099,5594
14355,112225.844, 9.995,5594
14356,112237.438,11.592,5594
14357,112247.156, 9.715,5594
14358,112257.563,10.412,5594
14359,112267.703,10.135,5594
14360,112277.602, 9.906,5594
14361,112286.883, 9.278,5594
14362,112296.742, 9.857,5594
14363,112306.336, 9.593,5594
14364,112315.875, 9.547,5594
14365,112325.297, 9.415,5594
14366,112334.781, 9.482,5594
14367,112344.633, 9.850,5594
14368,112354.203, 9.579,5594
14369,112365.000,10.790,5594
14370,112376.547,11.550,5594
14371,112387.586,11.042,5594
14372,112398.336,10.745,5594
14373,112407.922, 9.595,5594
14374,112417.922, 9.997,5594
14375,112427.172, 9.247,5594
14376,112437.773,10.603,5594
14377,112447.570, 9.799,5594
14378,112457.492, 9.919,5594
14379,112467.508,10.012,5594
14380,112477.633,10.125,5594
14381,112487.516, 9.888,5594
14382,112497.148, 9.629,5594
14383,112508.109,10.964,5594
14384,112517.641, 9.526,5594
14385,112527.977,10.334,5594
14386,112538.406,10.429,5594
14387,112547.664, 9.257,5594
14388,112557.461, 9.802,5594
14389,112567.828,10.371,5594
14390,112578.148,10.314,5594
14391,112589.375,11.226,5594
14392,112600.219,10.849,5594
14393,112610.461,10.244,5594
14394,112620.641,10.172,5594
14395,112631.289,10.645,5594
14396,112641.891,10.613,5594
14397,112651.617, 9.718,5594
14398,112661.750,10.137,5594
14399,112672.680,10.930,5594
14400,112683.602,10.924,5594
14401,112694.320,10.714,5594
14402,112705.039,10.723,5594
14403,112714.898, 9.860,5594
14404,112724.063, 9.160,5594
14405,112733.898, 9.844,5594
14406,112743.266, 9.361,5594
14407,112752.828, 9.563,5594
14408,112762.336, 9.508,5594
14409,112773.813,11.481,5594
14410,112784.555,10.738,5594
14411,112795.141,10.590,5594
14412,112805.531,10.386,5594
14413,112815.844,10.314,5594
14414,112825.656, 9.812,5594
14415,112836.008,10.349,5594
14416,112845.602, 9.602,5594
14417,112855.789,10.178,5594
14418,112865.867,10.084,5594
14419,112875.820, 9.953,5594
14420,112885.406, 9.582,5594
14421,112895.406, 9.999,5594
14422,112905.695,10.290,5594
14423,112915.320, 9.626,5594
14424,112925.555,10.236,5594
14425,112935.313, 9.751,5594
14426,112944.938, 9.631,5594
14427,112954.648, 9.705,5594
14428,112964.375, 9.726,5594
14429,112974.094, 9.722,5594
14430,112984.070, 9.975,5594
14431,112994.055, 9.990,5594
14432,113004.367,10.307,5594
14433,113014.570,10.211,5594
14434,113024.570,10.000,5594
14435,113034.336, 9.756,5594
14436,113044.258, 9.931,5594
14437,113054.156, 9.896,5594
14438,113063.672, 9.512,5594
14439,113073.320, 9.644,5594
14440,113082.953, 9.636,5594
14441,113093.750,10.798,5594
14442,113103.906,10.162,5594
14443,113114.445,10.537,5594
14444,113126.109,11.663,5594
14445,113137.461,11.353,5594
14446,113148.031,10.566,5594
14447,113158.141,10.115,5594
14448,113170.336,12.192,5594
14449,113181.492,11.160,5594
14450,113191.914,10.421,5594
14451,113201.758, 9.844,5594
14452,113211.523, 9.766,5594
14453,113221.594,10.070,5594
14454,113231.703,10.108,5594
14455,113242.109,10.407,5594
14456,113252.422,10.314,5594
14457,113262.742,10.315,5594
14458,113273.430,10.686,5594
14459,113284.742,11.319,5594
14460,113295.570,10.825,5594
14461,113306.930,11.366,5594
14462,113318.016,11.079,5594
14463,113329.086,11.068,5594
14464,113340.430,11.344,5594
14465,113352.359,11.929,5594
14466,113364.227,11.874,5594
14467,113375.359,11.129,5594
14468,113386.711,11.352,5594
14469,113397.359,10.644,5594
14470,113407.828,10.478,5594
14471,113418.281,10.444,5594
14472,113429.469,11.192,5594
14473,113440.695,11.224,5594
14474,113451.641,10.941,5594
14475,113462.195,10.563,5594
14476,113473.188,10.989,5594
14477,113483.344,10.158,5594
14478,113493.219, 9.874,5594
14479,113503.203, 9.985,5594
14480,113513.742,10.539,5594
14481,113524.289,10.543,5594
14482,113534.305,10.013,5594
14483,113544.406,10.109,5594
14484,113554.633,10.220,5594
14485,113564.203, 9.581,5594
14486,113576.016,11.806,5594
14487,113587.398,11.379,5594
14488,113598.227,10.835,5594
14489,113608.250,10.023,5594
14490,113617.906, 9.655,5594
14491,113628.156,10.248,5594
14492,113639.148,10.996,5594
14493,113649.102, 9.950,5594
14494,113660.070,10.972,5594
14495,113670.109,10.034,5594
14496,113680.391,10.287,5594
14497,113690.508,10.113,5594
14498,113700.445, 9.938,5594
14499,113710.688,10.241,5594
14500,113721.602,10.923,5594
14501,113732.773,11.164,5594
14502,113742.703, 9.928,5594
14503,113752.922,10.223,5594
14504,113764.203,11.281,5594
14505,113774.633,10.421,5594
14506,113784.797,10.172,5594
14507,113795.039,10.243,5594
14508,113804.563, 9.529,5594
14509,113814.156, 9.586,5594
14510,113824.000, 9.840,5594
14511,113834.109,10.112,5594
14512,113843.984, 9.872,5594
14513,113853.477, 9.494,5594
14514,113864.078,10.602,5594
14515,113873.828, 9.754,5594
14516,113884.000,10.170,5594
14517,113894.289,10.286,5594
14518,113904.359,10.076,5594
14519,113914.633,10.264,5594
14520,113924.906,10.283,5594
14521,113934.688, 9.778,5594
14522,113945.875,11.192,5594
14523,113957.031,11.148,5594
14524,113969.164,12.137,5594
14525,113982.625,13.455,5594
14526,113993.773,11.153,5594
14527,114004.672,10.895,5594
14528,114015.320,10.654,5594
14529,114025.883,10.568,5594
14530,114036.914,11.030,5594
14531,114047.930,11.017,5594
14532,114058.195,10.263,5594
14533,114068.789,10.587,5594
14534,114081.031,12.247,5594
14535,114092.867,11.839,5594
14536,114103.484,10.615,5594
14537,114113.836,10.349,5594
14538,114123.414, 9.579,5594
14539,114133.164, 9.752,5594
14540,114143.055, 9.887,5594
14541,114152.984, 9.931,5594
14542,114163.367,10.385,5594
14543,114173.594,10.228,5594
14544,114184.430,10.831,5594
14545,114194.234, 9.808,5594
14546,114204.188, 9.951,5594
14547,114214.195,10.013,5594
14548,114224.219,10.024,5594
14549,114234.695,10.473,5594
14550,114244.688, 9.988,5594
14551,114256.039,11.354,5594
14552,114267.492,11.458,5594
14553,114277.195, 9.701,5594
14554,114287.648,10.445,5594
14555,114298.172,10.530,5594
14556,114308.656,10.480,5594
14557,114318.883,10.236,5594
14558,114329.164,10.278,5594
14559,114339.781,10.610,5594
14560,114351.109,11.328,5594
14561,114361.352,10.242,5594
14562,114374.016,12.669,5594
14563,114385.141,11.123,5594
14564,114396.469,11.332,5594
14565,114407.586,11.118,5594
14566,114418.531,10.942,5594
14567,114428.914,10.389,5594
14568,114440.453,11.532,5594
14569,114451.289,10.837,5594
14570,114462.211,10.921,5594
14571,114472.797,10.590,5594
14572,114483.742,10.938,5594
14573,114494.930,11.198,5594
14574,114507.531,12.598,5594
14575,114518.836,11.299,5594
14576,114530.656,11.821,5594
14577,114542.320,11.661,5594
14578,114552.883,10.570,5594
14579,114563.383,10.494,5594
14580,114573.148, 9.770,5594
14581,114583.992,10.844,5594
14582,114594.539,10.548,5594
14583,114605.453,10.910,5594
14584,114616.703,11.250,5594
14585,114627.813,11.114,5594
14586,114638.219,10.404,5594
14587,114649.039,10.817,5594
14588,114660.148,11.112,5594
14589,114670.352,10.198,5594
14590,114681.031,10.682,5594
14591,114691.883,10.854,5594
14592,114702.500,10.623,5594
14593,114713.945,11.438,5594
14594,114725.070,11.125,5594
14595,114735.977,10.901,5594
14596,114746.430,10.458,5594
14597,114756.070, 9.646,5594
14598,114766.039, 9.963,5594
14599,114778.375,12.334,5594
14600,114789.375,11.004,5594
14601,114800.359,10.986,5594
14602,114810.617,10.257,5594
14603,114821.305,10.683,5594
14604,114831.484,10.185,5594
14605,114841.836,10.355,5594
14606,114852.508,10.667,5594
14607,114862.688,10.178,5594
14608,114873.078,10.394,5594
14609,114883.359,10.279,5594
14610,114893.430,10.071,5594
14611,114903.383, 9.948,5594
14612,114914.461,11.081,5594
14613,114924.664,10.199,5594
14614,114934.906,10.253,5594
14615,114944.945,10.030,5594
14616,114954.844, 9.904,5594
14617,114964.492, 9.651,5594
14618,114975.539,11.042,5594
14619,114985.969,10.428,5594
14620,114995.828, 9.867,5594
14621,115005.773, 9.942,5594
14622,115015.586, 9.818,5594
14623,115025.594,10.008,5594
14624,115036.156,10.558,5594
14625,115046.625,10.464,5594
14626,115057.148,10.530,5594
14627,115067.992,10.838,5594
14628,115078.305,10.311,5594
14629,115089.141,10.839,5594
14630,115099.180,10.042,5594
14631,115108.805, 9.619,5594
14632,115118.969,10.165,5594
14633,115129.820,10.858,5594
14634,115140.422,10.593,5594
14635,115151.781,11.360,5594
14636,115163.203,11.430,5594
14637,115175.711,12.500,5594
14638,115186.547,10.838,5594
14639,115196.828,10.282,5594
14640,115207.070,10.243,5594
14641,115217.516,10.446,5594
14642,115227.656,10.139,5594
14643,115238.266,10.612,5594
14644,115250.133,11.864,5594
14645,115261.719,11.584,5594
14646,115273.313,11.597,5594
14647,115285.063,11.750,5594
14648,115295.219,10.156,5594
14649,115305.633,10.412,5594
14650,115316.211,10.581,5594
14651,115328.133,11.924,5594
14652,115338.805,10.670,5594
14653,115349.688,10.883,5594
14654,115361.203,11.518,5594
14655,115372.297,11.088,5594
14656,115383.289,10.992,5594
14657,115394.109,10.824,5594
14658,115405.063,10.953,5594
14659,115415.641,10.574,5594
14660,115426.953,11.315,5594
14661,115437.984,11.027,5594
14662,115449.250,11.274,5594
14663,115460.313,11.054,5594
14664,115471.477,11.173,5594
14665,115482.477,10.994,5594
14666,115493.734,11.255,5594
14667,115504.930,11.200,5594
14668,115516.578,11.654,5594
14669,115527.586,11.004,5594
14670,115537.820,10.236,5594
14671,115548.211,10.394,5594
14672,115559.125,10.910,5594
14673,115570.367,11.236,5594
14674,115583.492,13.129,5594
14675,115595.586,12.100,5594
14676,115606.531,10.943,5594
14677,115617.695,11.161,5594
14678,115629.742,12.048,5594
14679,115640.844,11.102,5594
14680,115651.945,11.096,5594
14681,115662.828,10.889,5594
14682,115674.844,12.011,5594
14683,115686.000,11.153,5594
14684,115696.633,10.638,5594
14685,115707.000,10.362,5594
14686,115717.719,10.720,5594
14687,115727.789,10.072,5594
14688,115737.680, 9.890,5594
14689,115747.922,10.245,5594
14690,115758.469,10.543,5594
14691,115768.297, 9.828,5594
14692,115778.766,10.473,5594
14693,115789.352,10.585,5594
14694,115799.727,10.374,5594
14695,115810.797,11.072,5594
14696,115821.375,10.574,5594
14697,115831.570,10.199,5594
14698,115842.102,10.534,5594
14699,115852.266,10.162,5594
14700,115864.477,12.213,5594
14701,115874.781,10.302,5594
14702,115886.188,11.409,5594
14703,115896.680,10.483,5594
14704,115907.344,10.669,5594
14705,115917.875,10.534,5594
14706,115928.250,10.379,5594
14707,115939.641,11.382,5594
14708,115950.859,11.221,5594
14709,115963.500,12.641,5594
14710,115975.164,11.666,5594
14711,115989.188,14.021,5594
14712,116001.945,12.756,5594
14713,116014.305,12.356,5594
14714,116025.750,11.448,5594
14715,116037.719,11.970,5594
14716,116049.477,11.760,5594
14717,116062.172,12.697,5594
14718,116075.234,13.067,5594
14719,116088.055,12.816,5594
14720,116101.172,13.119,5594
14721,116113.227,12.052,5594
14722,116125.656,12.429,5594
14723,116137.047,11.393,5594
14724,116148.609,11.558,5594
14725,116160.742,12.138,5594
14726,116172.617,11.872,5594
14727,116182.883,10.271,5594
14728,116193.047,10.157,5594
14729,116204.445,11.400,5594
14730,116215.445,11.003,5594
14731,116225.844,10.398,5594
14732,116236.266,10.426,5594
14733,116246.438,10.164,5594
14734,116256.945,10.507,5594
14735,116267.492,10.554,5594
14736,116278.641,11.138,5594
14737,116290.148,11.514,5594
14738,116300.477,10.328,5594
14739,116312.180,11.705,5594
14740,116322.844,10.664,5594
14741,116333.539,10.692,5594
14742,116344.570,11.038,5594
14743,116356.227,11.654,5594
14744,116367.008,10.778,5594
14745,116378.758,11.751,5594
14746,116390.680,11.914,5594
14747,116401.625,10.952,5594
14748,116411.578, 9.956,5594
14749,116422.930,11.354,5594
14750,116433.500,10.568,5594
14751,116444.969,11.461,5594
14752,116455.648,10.684,5594
14753,116466.734,11.088,5594
14754,116477.375,10.636,5594
14755,116488.164,10.791,5594
14756,116499.422,11.255,5594
14757,116511.344,11.926,5594
14758,116522.281,10.935,5594
14759,116533.359,11.075,5594
14760,116544.039,10.686,5594
14761,116554.828,10.790,5594
14762,116565.313,10.480,5594
14763,116576.477,11.168,5594
14764,116587.563,11.089,5594
14765,116598.906,11.343,5594
14766,116610.844,11.937,5594
14767,116621.445,10.600,5594
14768,116632.969,11.516,5594
14769,116644.922,11.960,5594
14770,116655.820,10.896,5594
14771,116667.047,11.229,5594
14772,116677.867,10.819,5594
14773,116689.320,11.454,5594
14774,116700.508,11.187,5594
14775,116712.281,11.767,5594
14776,116723.492,11.215,5594
14777,116736.281,12.783,5594
14778,116748.398,12.122,5594
14779,116761.617,13.216,5594
14780,116776.000,14.388,5594
14781,116789.820,13.824,5594
14782,116801.844,12.022,5594
14783,116813.063,11.220,5594
14784,116824.969,11.902,5594
14785,116836.258,11.292,5594
14786,116848.258,11.999,5594
14787,116860.188,11.933,5594
14788,116871.969,11.772,5594
14789,116882.555,10.594,5594
14790,116893.109,10.553,5594
14791,116904.008,10.898,5594
14792,116914.695,10.688,5594
14793,116925.500,10.802,5594
14794,116936.727,11.223,5594
14795,116949.383,12.662,5594
14796,116960.383,11.001,5594
14797,116970.898,10.513,5594
14798,116981.750,10.852,5594
14799,116992.219,10.474,5594
14800,117002.719,10.491,5594
14801,117013.844,11.135,5594
14802,117024.031,10.182,5594
14803,117034.445,10.417,5594
14804,117044.719,10.269,5594
14805,117056.484,11.768,5594
14806,117067.109,10.628,5594
14807,117077.367,10.253,5594
14808,117087.508,10.141,5594
14809,117097.898,10.395,5594
14810,117109.336,11.433,5594
14811,117119.844,10.509,5594
14812,117129.961,10.110,5594
14813,117139.891, 9.942,5594
14814,117150.492,10.598,5594
14815,117163.531,13.042,5594
14816,117174.695,11.158,5594
14817,117187.367,12.675,5594
14818,117198.664,11.294,5594
14819,117209.578,10.916,5594
14820,117220.063,10.483,5594
14821,117230.719,10.655,5594
14822,117241.531,10.819,5594
14823,117252.227,10.696,5594
14824,117263.164,10.934,5594
14825,117275.328,12.160,5594
14826,117286.766,11.437,5594
14827,117297.961,11.195,5594
14828,117309.039,11.081,5594
14829,117321.078,12.034,5594
14830,117332.148,11.074,5594
14831,117343.164,11.018,5594
14832,117354.594,11.434,5594
14833,117365.625,11.020,5594
14834,117377.914,12.301,5594
14835,117390.117,12.196,5594
14836,117401.781,11.666,5594
14837,117413.406,11.623,5594
14838,117424.531,11.127,5594
14839,117436.406,11.873,5594
14840,117449.102,12.694,5594
14841,117460.656,11.552,5594
14842,117472.258,11.606,5594
14843,117485.273,13.012,5594
14844,117497.336,12.060,5594
14845,117510.203,12.876,5594
14846,117521.922,11.719,5594
14847,117534.055,12.132,5594
14848,117545.898,11.845,5594
14849,117556.336,10.430,5594
14850,117567.078,10.743,5594
14851,117579.820,12.745,5594
14852,117593.023,13.202,5594
14853,117603.641,10.620,5594
14854,117614.547,10.909,5594
14855,117625.195,10.645,5594
14856,117635.680,10.480,5594
14857,117645.945,10.263,5594
14858,117656.875,10.939,5594
14859,117667.750,10.870,5594
14860,117679.367,11.615,5594
14861,117690.617,11.255,5594
14862,117703.008,12.389,5594
14863,117714.648,11.637,5594
14864,117725.586,10.942,5594
14865,117736.570,10.987,5594
14866,117747.766,11.192,5594
14867,117758.477,10.715,5594
14868,117769.398,10.919,5594
14869,117779.500,10.105,5594
14870,117790.781,11.280,5594
14871,117801.820,11.039,5594
14872,117813.109,11.286,5594
14873,117823.414,10.302,5594
14874,117834.023,10.607,5594
14875,117844.922,10.910,5594
14876,117855.859,10.933,5594
14877,117867.414,11.551,5594
14878,117879.344,11.929,5594
14879,117890.406,11.061,5594
14880,117902.164,11.764,5594
14881,117913.922,11.759,5594
14882,117925.789,11.864,5594
14883,117937.469,11.679,5594
14884,117949.727,12.260,5594
14885,117962.133,12.409,5594
14886,117975.523,13.392,5594
14887,117990.375,14.841,5594
14888,118001.914,11.549,5594
14889,118015.242,13.329,5594
14890,118027.961,12.713,5594
14891,118039.758,11.797,5594
14892,118051.203,11.451,5594
14893,118063.172,11.967,5594
14894,118075.563,12.392,5594
14895,118087.352,11.778,5594
14896,118098.500,11.155,5594
14897,118109.570,11.070,5594
14898,118121.125,11.556,5594
14899,118132.195,11.073,5594
14900,118143.297,11.093,5594
14901,118155.766,12.470,5594
14902,118168.422,12.663,5594
14903,118182.125,13.703,5594
14904,118195.102,12.970,5594
14905,118207.523,12.423,5594
14906,118219.352,11.827,5594
14907,118231.625,12.273,5594
14908,118243.102,11.483,5594
14909,118254.883,11.778,5594
14910,118267.180,12.300,5594
14911,118279.039,11.856,5594
14912,118292.055,13.014,5594
14913,118305.453,13.404,5594
14914,118318.234,12.781,5594
14915,118329.484,11.246,5594
14916,118341.586,12.109,5594
14917,118353.383,11.786,5594
14918,118364.922,11.544,5594
14919,118375.656,10.730,5594
14920,118387.820,12.167,5594
14921,118401.273,13.451,5594
14922,118412.336,11.066,5594
14923,118423.234,10.904,5594
14924,118434.117,10.873,5594
14925,118445.828,11.719,5594
14926,118457.109,11.280,5594
14927,118468.609,11.492,5594
14928,118480.078,11.474,5594
14929,118491.383,11.303,5594
14930,118502.477,11.096,5594
14931,118515.016,12.532,5594
14932,118527.641,12.630,5594
14933,118539.336,11.698,5594
14934,118552.406,13.070,5594
14935,118564.008,11.595,5594
14936,118574.758,10.752,5594
14937,118585.797,11.042,5594
14938,118597.555,11.760,5594
14939,118608.680,11.122,5594
14940,118620.000,11.321,5594
14941,118631.055,11.057,5594
14942,118642.070,11.013,5594
14943,118653.016,10.942,5594
14944,118664.531,11.521,5594
14945,118675.328,10.791,5594
14946,118686.039,10.714,5594
14947,118697.070,11.035,5594
14948,118708.375,11.303,5594
14949,118719.461,11.085,5594
14950,118731.492,12.035,5594
14951,118743.891,12.398,5594
14952,118755.055,11.157,5594
14953,118767.078,12.024,5594
14954,118778.703,11.627,5594
14955,118792.852,14.155,5594
14956,118805.891,13.037,5594
14957,118817.445,11.553,5594
14958,118829.461,12.016,5594
14959,118842.883,13.425,5594
14960,118855.234,12.354,5594
14961,118867.719,12.480,5594
14962,118880.016,12.292,5594
14963,118892.852,12.843,5594
14964,118905.055,12.196,5594
14965,118917.453,12.404,5594
14966,118929.047,11.586,5594
14967,118941.641,12.597,5594
14968,118952.273,10.629,5594
14969,118963.438,11.168,5594
14970,118974.695,11.256,5594
14971,118986.641,11.945,5594
14972,118998.438,11.797,5594
14973,119009.164,10.729,5594
14974,119020.531,11.372,5594
14975,119031.570,11.037,5594
14976,119042.328,10.757,5594
14977,119053.609,11.276,5594
14978,119065.273,11.668,5594
14979,119076.258,10.989,5594
14980,119088.969,12.700,5594
14981,119101.297,12.332,5594
14982,119112.953,11.652,5594
14983,119124.453,11.507,5594
14984,119136.211,11.760,5594
14985,119147.984,11.769,5594
14986,119159.133,11.154,5594
14987,119170.820,11.686,5594
14988,119182.180,11.355,5594
14989,119197.344,15.165,5594
14990,119208.648,11.307,5594
14991,119220.258,11.609,5594
14992,119231.656,11.393,5594
14993,119242.406,10.750,5594
14994,119253.672,11.265,5594
14995,119264.938,11.267,5594
14996,119276.320,11.381,5594
14997,119287.836,11.524,5594
14998,119300.680,12.843,5594
14999,119312.523,11.842,5594
15000,119323.805,11.283,5594
15001,119335.031,11.227,5594
15002,119346.391,11.360,5594
15003,119357.258,10.870,5594
15004,119368.961,11.692,5594
15005,119380.945,11.988,5594
15006,119391.891,10.952,5594
15007,119403.813,11.921,5594
15008,119416.016,12.196,5594
15009,119427.961,11.949,5594
15010,119439.875,11.912,5594
15011,119451.906,12.033,5594
15012,119463.852,11.948,5594
15013,119477.016,13.159,5594
15014,119489.117,12.104,5594
15015,119500.906,11.790,5594
15016,119514.297,13.387,5594
15017,119525.977,11.678,5594
15018,119538.305,12.328,5594
15019,119549.875,11.578,5594
15020,119561.430,11.554,5594
15021,119573.211,11.782,5594
15022,119585.484,12.274,5594
15023,119599.219,13.733,5594
15024,119610.609,11.384,5594
15025,119622.641,12.032,5594
15026,119633.523,10.891,5594
15027,119645.664,12.131,5594
15028,119656.570,10.911,5594
15029,119667.789,11.216,5594
15030,119678.695,10.907,5594
15031,119689.969,11.269,5594
15032,119700.977,11.012,5594
15033,119712.453,11.482,5594
15034,119723.633,11.172,5594
15035,119735.133,11.508,5594
15036,119746.031,10.895,5594
15037,119758.117,12.083,5594
15038,119768.852,10.736,5594
15039,119779.867,11.021,5594
15040,119790.906,11.036,5594
15041,119801.945,11.037,5594
15042,119813.602,11.653,5594
15043,119824.531,10.935,5594
15044,119837.055,12.520,5594
15045,119847.813,10.761,5594
15046,119859.719,11.906,5594
15047,119870.109,10.391,5594
15048,119881.055,10.940,5594
15049,119892.016,10.964,5594
15050,119902.969,10.949,5594
15051,119914.125,11.164,5594
15052,119925.250,11.123,5594
15053,119936.336,11.086,5594
15054,119947.563,11.226,5594
15055,119958.727,11.165,5594
15056,119969.836,11.107,5594
15057,119982.258,12.425,5594
15058,119995.734,13.477,5594
15059,120007.195,11.461,5594
15060,120018.813,11.614,5594
15061,120030.750,11.939,5594
15062,120042.219,11.472,5594
15063,120054.352,12.129,5594
15064,120066.289,11.935,5594
15065,120077.219,10.939,5594
15066,120088.484,11.259,5594
15067,120099.234,10.752,5594
15068,120110.391,11.156,5594
15069,120122.141,11.749,5594
15070,120134.617,12.469,5594
15071,120146.180,11.568,5594
15072,120159.055,12.875,5594
15073,120171.875,12.823,5594
15074,120186.609,14.727,5594
15075,120199.250,12.654,5594
15076,120212.508,13.251,5594
15077,120224.820,12.312,5594
15078,120237.023,12.199,5594
15079,120249.813,12.790,5594
15080,120263.992,14.178,5594
15081,120277.539,13.552,5594
15082,120290.289,12.744,5594
15083,120301.813,11.526,5594
15084,120314.281,12.470,5594
15085,120327.516,13.238,5594
15086,120341.023,13.505,5594
15087,120352.641,11.613,5594
15088,120363.984,11.349,5594
15089,120375.492,11.507,5594
15090,120387.695,12.203,5594
15091,120400.094,12.401,5594
15092,120411.453,11.361,5594
15093,120422.531,11.075,5594
15094,120433.828,11.300,5594
15095,120445.086,11.253,5594
15096,120456.156,11.075,5594
15097,120468.320,12.160,5594
15098,120480.102,11.778,5594
15099,120491.477,11.378,5594
15100,120503.023,11.544,5594
15101,120514.648,11.630,5594
15102,120525.617,10.964,5594
15103,120537.984,12.367,5594
15104,120548.758,10.779,5594
15105,120559.938,11.175,5594
15106,120570.813,10.876,5594
15107,120582.414,11.600,5594
15108,120593.398,10.985,5594
15109,120604.430,11.032,5594
15110,120616.047,11.619,5594
15111,120626.945,10.892,5594
15112,120637.500,10.565,5594
15113,120648.289,10.781,5594
15114,120659.063,10.773,5594
15115,120669.609,10.546,5594
15116,120680.852,11.248,5594
15117,120692.742,11.887,5594
15118,120703.414,10.674,5594
15119,120714.313,10.895,5594
15120,120724.672,10.363,5594
15121,120735.313,10.639,5594
15122,120746.234,10.931,5594
15123,120757.523,11.282,5594
15124,120768.719,11.193,5594
15125,120780.391,11.678,5594
15126,120794.047,13.650,5594
15127,120806.609,12.565,5594
15128,120818.469,11.860,5594
15129,120829.656,11.183,5594
15130,120843.391,13.741,5594
15131,120854.773,11.378,5594
15132,120866.063,11.289,5594
15133,120877.914,11.856,5594
15134,120889.445,11.528,5594
15135,120902.102,12.661,5594
15136,120913.438,11.330,5594
15137,120925.188,11.754,5594
15138,120936.430,11.240,5594
15139,120947.523,11.100,5594
15140,120958.898,11.370,5594
15141,120970.695,11.796,5594
15142,120982.227,11.534,5594
15143,120993.969,11.738,5594
15144,121007.242,13.280,5594
15145,121020.125,12.881,5594
15146,121032.055,11.924,5594
15147,121043.891,11.844,5594
15148,121056.281,12.382,5594
15149,121072.023,15.748,5594
15150,121086.672,14.643,5594
15151,121100.164,13.500,5594
15152,121113.094,12.928,5594
15153,121125.484,12.386,5594
15154,121136.555,11.074,5594
15155,121147.500,10.945,5594
15156,121159.008,11.505,5594
15157,121170.055,11.044,5594
15158,121181.344,11.288,5594
15159,121192.883,11.551,5594
15160,121206.320,13.429,5594
15161,121217.906,11.594,5594
15162,121230.227,12.321,5594
15163,121241.227,10.998,5594
15164,121252.883,11.655,5594
15165,121263.727,10.838,5594
15166,121275.195,11.476,5594
15167,121287.227,12.029,5594
15168,121298.492,11.266,5594
15169,121309.922,11.432,5594
15170,121323.445,13.518,5594
15171,121335.336,11.889,5594
15172,121346.984,11.645,5594
15173,121359.477,12.502,5594
15174,121370.820,11.340,5594
15175,121382.234,11.419,5594
15176,121393.766,11.522,5594
15177,121405.422,11.656,5594
15178,121416.695,11.271,5594
15179,121429.438,12.746,5594
15180,121441.203,11.771,5594
15181,121453.266,12.054,5594
15182,121464.242,10.986,5594
15183,121475.398,11.155,5594
15184,121486.313,10.910,5594
15185,121497.656,11.346,5594
15186,121508.492,10.839,5594
15187,121520.469,11.969,5594
15188,121533.883,13.418,5594
15189,121545.617,11.731,5594
15190,121558.086,12.475,5594
15191,121569.680,11.591,5594
15192,121580.391,10.713,5594
15193,121594.453,14.062,5594
15194,121608.617,14.156,5594
15195,121620.938,12.318,5594
15196,121632.758,11.831,5594
15197,121646.031,13.268,5594
15198,121657.641,11.610,5594
15199,121669.492,11.853,5594
15200,121680.773,11.278,5594
15201,121692.977,12.207,5594
15202,121705.063,12.087,5594
15203,121717.000,11.931,5594
15204,121729.758,12.763,5594
15205,121741.180,11.425,5594
15206,121753.711,12.525,5594
15207,121764.516,10.813,5594
15208,121775.375,10.855,5594
15209,121785.883,10.509,5594
15210,121796.664,10.779,5594
15211,121807.219,10.559,5594
15212,121818.500,11.283,5594
15213,121829.930,11.420,5594
15214,121840.984,11.060,5594
15215,121852.531,11.549,5594
15216,121863.797,11.260,5594
15217,121874.555,10.762,5594
15218,121885.563,11.008,5594
15219,121895.492, 9.929,5594
15220,121906.133,10.640,5594
15221,121917.172,11.036,5594
15222,121928.250,11.085,5594
15223,121939.000,10.742,5594
15224,121949.414,10.418,5594
15225,121960.773,11.358,5594
15226,121972.172,11.404,5594
15227,121983.414,11.235,5594
15228,121995.797,12.382,5594
15229,122007.148,11.358,5594
15230,122019.289,12.137,5594
15231,122030.867,11.581,5594
15232,122042.180,11.313,5594
15233,122052.906,10.728,5594
15234,122064.789,11.875,5594
15235,122076.484,11.699,5594
15236,122088.008,11.522,5594
15237,122099.141,11.132,5594
15238,122111.453,12.315,5594
15239,122122.563,11.108,5594
15240,122133.727,11.161,5594
15241,122145.352,11.629,5594
15242,122156.352,11.001,5594
15243,122168.086,11.730,5594
15244,122180.695,12.611,5594
15245,122191.945,11.249,5594
15246,122204.398,12.453,5594
15247,122215.375,10.977,5594
15248,122227.164,11.796,5594
15249,122239.094,11.926,5594
15250,122250.391,11.291,5594
15251,122263.398,13.011,5594
15252,122274.836,11.440,5594
15253,122287.617,12.778,5594
15254,122299.414,11.795,5594
15255,122310.773,11.362,5594
15256,122322.203,11.434,5594
15257,122333.406,11.202,5594
15258,122346.867,13.460,5594
15259,122360.742,13.870,5594
15260,122372.891,12.154,5594
15261,122387.141,14.246,5594
15262,122399.781,12.644,5594
15263,122410.945,11.161,5594
15264,122422.273,11.329,5594
15265,122433.125,10.858,5594
15266,122444.453,11.321,5594
15267,122455.750,11.296,5594
15268,122467.398,11.649,5594
15269,122479.219,11.826,5594
15270,122490.898,11.682,5594
15271,122503.633,12.728,5594
15272,122515.633,12.001,5594
15273,122528.148,12.513,5594
15274,122539.945,11.800,5594
15275,122552.039,12.093,5594
15276,122563.555,11.518,5594
15277,122574.891,11.339,5594
15278,122586.250,11.358,5594
15279,122596.648,10.393,5594
15280,122608.328,11.678,5594
15281,122618.727,10.401,5594
15282,122629.398,10.676,5594
15283,122640.359,10.959,5594
15284,122651.609,11.247,5594
15285,122662.438,10.832,5594
15286,122673.227,10.792,5594
15287,122683.625,10.388,5594
15288,122694.102,10.478,5594
15289,122704.641,10.539,5594
15290,122716.906,12.272,5594
15291,122727.602,10.689,5594
15292,122738.523,10.930,5594
15293,122749.070,10.540,5594
15294,122759.859,10.795,5594
15295,122770.148,10.289,5594
15296,122781.328,11.177,5594
15297,122794.805,13.480,5594
15298,122807.000,12.185,5594
15299,122818.625,11.627,5594
15300,122829.789,11.171,5594
15301,122840.781,10.990,5594
15302,122851.781,11.001,5594
15303,122862.609,10.826,5594
15304,122874.242,11.637,5594
15305,122885.750,11.503,5594
15306,122896.531,10.788,5594
15307,122907.164,10.632,5594
15308,122918.047,10.879,5594
15309,122929.625,11.571,5594
15310,122941.344,11.721,5594
15311,122952.578,11.238,5594
15312,122963.406,10.831,5594
15313,122975.203,11.799,5594
15314,122986.086,10.879,5594
15315,122999.109,13.020,5594
15316,123010.344,11.233,5594
15317,123021.477,11.136,5594
15318,123033.430,11.958,5594
15319,123045.164,11.735,5594
15320,123056.789,11.620,5594
15321,123068.047,11.255,5594
15322,123079.234,11.193,5594
15323,123090.625,11.386,5594
15324,123101.492,10.872,5594
15325,123112.977,11.477,5594
15326,123124.633,11.654,5594
15327,123136.398,11.771,5594
15328,123149.117,12.722,5594
15329,123161.305,12.179,5594
15330,123172.297,10.997,5594
15331,123183.180,10.890,5594
15332,123195.469,12.282,5594
15333,123208.727,13.255,5594
15334,123221.125,12.400,5594
15335,123232.617,11.490,5594
15336,123244.930,12.311,5594
15337,123257.813,12.890,5594
15338,123268.523,10.716,5594
15339,123279.766,11.234,5594
15340,123290.930,11.161,5594
15341,123302.188,11.267,5594
15342,123312.656,10.465,5594
15343,123324.125,11.470,5594
15344,123335.305,11.179,5594
15345,123346.344,11.041,5594
15346,123360.680,14.333,5594
15347,123372.227,11.553,5594
15348,123384.109,11.880,5594
15349,123396.438,12.326,5594
15350,123406.945,10.504,5594
15351,123418.039,11.095,5594
15352,123428.883,10.848,5594
15353,123439.555,10.677,5594
15354,123449.914,10.355,5594
15355,123461.211,11.297,5594
15356,123472.398,11.184,5594
15357,123483.109,10.711,5594
15358,123494.758,11.646,5594
15359,123505.047,10.287,5594
15360,123516.617,11.575,5594
15361,123528.617,11.995,5594
15362,123539.781,11.167,5594
15363,123551.383,11.607,5594
15364,123562.531,11.150,5594
15365,123574.836,12.300,5594
15366,123586.633,11.794,5594
15367,123600.289,13.656,5594
15368,123613.031,12.745,5594
15369,123625.023,11.991,5594
15370,123636.789,11.769,5594
15371,123648.547,11.756,5594
15372,123660.273,11.724,5594
15373,123671.820,11.551,5594
15374,123684.359,12.538,5594
15375,123697.539,13.186,5594
15376,123709.063,11.518,5594
15377,123720.664,11.594,5594
15378,123732.492,11.833,5594
15379,123743.484,10.995,5594
15380,123755.531,12.050,5594
15381,123766.672,11.136,5594
15382,123778.852,12.183,5594
15383,123792.094,13.238,5594
15384,123804.148,12.053,5594
15385,123815.844,11.699,5594
15386,123827.375,11.526,5594
15387,123838.789,11.422,5594
15388,123850.297,11.502,5594
15389,123862.188,11.897,5594
15390,123873.336,11.139,5594
15391,123884.906,11.581,5594
15392,123897.984,13.068,5594
15393,123910.430,12.452,5594
15394,123922.266,11.826,5594
15395,123934.320,12.058,5594
15396,123944.727,10.414,5594
15397,123955.813,11.087,5594
15398,123967.023,11.208,5594
15399,123977.969,10.938,5594
15400,123988.398,10.436,5594
15401,123999.500,11.102,5594
15402,124011.234,11.733,5594
15403,124023.852,12.617,5594
15404,124035.313,11.459,5594
15405,124046.195,10.889,5594
15406,124057.641,11.443,5594
15407,124069.484,11.846,5594
15408,124081.672,12.178,5594
15409,124092.383,10.714,5594
15410,124103.703,11.324,5594
15411,124114.727,11.018,5594
15412,124126.250,11.530,5594
15413,124137.055,10.799,5594
15414,124148.641,11.589,5594
15415,124159.758,11.121,5594
15416,124170.180,10.419,5594
15417,124181.328,11.147,5594
15418,124191.945,10.614,5594
15419,124202.484,10.546,5594
15420,124214.758,12.271,5594
15421,124225.797,11.041,5594
15422,124236.492,10.694,5594
15423,124247.914,11.423,5594
15424,124259.484,11.568,5594
15425,124271.477,11.998,5594
15426,124283.086,11.605,5594
15427,124293.914,10.830,5594
15428,124304.547,10.634,5594
15429,124316.055,11.502,5594
15430,124327.461,11.407,5594
15431,124338.852,11.394,5594
15432,124351.148,12.297,5594
15433,124363.430,12.279,5594
15434,124376.727,13.298,5594
15435,124391.258,14.529,5594
15436,124404.781,13.522,5594
15437,124418.961,14.176,5594
15438,124433.555,14.602,5594
15439,124446.328,12.766,5594
15440,124458.078,11.754,5594
15441,124470.023,11.946,5594
15442,124482.313,12.286,5594
15443,124494.453,12.146,5594
15444,124506.750,12.295,5594
15445,124519.109,12.362,5594
15446,124532.328,13.218,5594
15447,124545.273,12.936,5594
15448,124557.531,12.268,5594
15449,124569.609,12.076,5594
15450,124580.789,11.178,5594
15451,124591.789,11.003,5594
15452,124602.820,11.031,5594
15453,124614.320,11.493,5594
15454,124624.867,10.556,5594
15455,124636.406,11.537,5594
15456,124647.781,11.371,5594
15457,124658.992,11.209,5594
15458,124670.641,11.651,5594
15459,124681.383,10.742,5594
15460,124692.305,10.920,5594
15461,124703.297,10.996,5594
15462,124714.070,10.773,5594
15463,124724.656,10.581,5594
15464,124735.305,10.649,5594
15465,124747.086,11.784,5594
15466,124758.297,11.212,5594
15467,124770.477,12.180,5594
15468,124781.930,11.451,5594
15469,124792.797,10.871,5594
15470,124804.484,11.691,5594
15471,124817.930,13.439,5594
15472,124832.023,14.090,5594
15473,124844.211,12.192,5594
15474,124856.891,12.681,5594
15475,124869.023,12.134,5594
15476,124881.141,12.118,5594
15477,124892.102,10.957,5594
15478,124903.938,11.832,5594
15479,124914.789,10.862,5594
15480,124925.844,11.054,5594
15481,124937.469,11.621,5594
15482,124948.383,10.913,5594
15483,124959.914,11.535,5594
15484,124971.961,12.043,5594
15485,124983.305,11.338,5594
15486,124993.945,10.646,5594
15487,125005.391,11.445,5594
15488,125016.945,11.556,5594
15489,125028.156,11.211,5594
15490,125040.008,11.851,5594
15491,125051.398,11.388,5594
15492,125063.438,12.044,5594
15493,125075.953,12.512,5594
15494,125087.891,11.942,5594
15495,125099.094,11.205,5594
15496,125110.758,11.658,5594
15497,125121.711,10.955,5594
15498,125133.680,11.969,5594
15499,125144.734,11.052,5594
15500,125156.539,11.808,5594
15501,125168.992,12.448,5594
15502,125181.656,12.667,5594
15503,125193.563,11.908,5594
15504,125204.188,10.626,5594
15505,125216.406,12.214,5594
15506,125228.398,11.994,5594
15507,125239.875,11.477,5594
15508,125251.070,11.198,5594
15509,125261.680,10.604,5594
15510,125273.531,11.860,5594
15511,125285.984,12.447,5594
15512,125298.375,12.387,5594
15513,125309.383,11.012,5594
15514,125320.789,11.410,5594
15515,125331.727,10.931,5594
15516,125343.742,12.019,5594
15517,125354.570,10.831,5594
15518,125365.039,10.467,5594
15519,125375.430,10.394,5594
15520,125386.438,11.002,5594
15521,125398.180,11.747,5594
15522,125408.867,10.683,5594
15523,125419.906,11.042,5594
15524,125430.289,10.375,5594
15525,125440.859,10.582,5594
15526,125451.820,10.957,5594
15527,125462.492,10.672,5594
15528,125473.156,10.664,5594
15529,125483.898,10.741,5594
15530,125496.281,12.376,5594
15531,125506.719,10.440,5594
15532,125517.750,11.033,5594
15533,125528.781,11.033,5594
15534,125539.445,10.664,5594
15535,125550.375,10.933,5594
15536,125561.516,11.141,5594
15537,125572.438,10.921,5594
15538,125583.195,10.755,5594
15539,125593.570,10.375,5594
15540,125605.297,11.721,5594
15541,125617.156,11.865,5594
15542,125629.852,12.696,5594
15543,125641.078,11.222,5594
15544,125652.008,10.928,5594
15545,125662.719,10.715,5594
15546,125673.445,10.732,5594
15547,125684.461,11.013,5594
15548,125695.680,11.217,5594
15549,125706.602,10.921,5594
15550,125717.750,11.146,5594
15551,125728.938,11.185,5594
15552,125739.633,10.702,5594
15553,125750.922,11.289,5594
15554,125761.367,10.443,5594
15555,125772.094,10.728,5594
15556,125783.219,11.126,5594
15557,125794.203,10.986,5594
15558,125804.977,10.771,5594
15559,125817.281,12.304,5594
15560,125829.234,11.954,5594
15561,125840.961,11.725,5594
15562,125852.656,11.696,5594
15563,125864.453,11.800,5594
15564,125876.141,11.690,5594
15565,125887.961,11.810,5594
15566,125899.820,11.865,5594
15567,125911.156,11.335,5594
15568,125923.805,12.651,5594
15569,125936.180,12.373,5594
15570,125948.313,12.131,5594
15571,125960.758,12.449,5594
15572,125973.477,12.715,5594
15573,125984.656,11.178,5594
15574,125995.508,10.857,5594
15575,126006.867,11.362,5594
15576,126018.047,11.175,5594
15577,126032.336,14.286,5594
15578,126043.742,11.410,5594
15579,126055.609,11.868,5594
15580,126068.039,12.429,5594
15581,126080.148,12.115,5594
15582,126092.570,12.423,5594
15583,126103.672,11.095,5594
15584,126115.063,11.393,5594
15585,126126.094,11.030,5594
15586,126136.922,10.826,5594
15587,126148.695,11.775,5594
15588,126159.734,11.035,5594
15589,126170.719,10.989,5594
15590,126181.422,10.699,5594
15591,126192.227,10.810,5594
15592,126202.773,10.544,5594
15593,126213.977,11.201,5594
15594,126224.703,10.729,5594
15595,126235.414,10.712,5594
15596,126247.234,11.822,5594
15597,126258.234,11.002,5594
15598,126268.742,10.507,5594
15599,126279.992,11.242,5594
15600,126290.234,10.253,5594
15601,126300.852,10.610,5594
15602,126311.617,10.761,5594
15603,126322.313,10.695,5594
15604,126332.820,10.517,5594
15605,126343.992,11.166,5594
15606,126355.258,11.268,5594
15607,126366.211,10.954,5594
15608,126377.406,11.193,5594
15609,126388.938,11.533,5594
15610,126400.844,11.907,5594
15611,126412.813,11.971,5594
15612,126424.188,11.376,5594
15613,126436.656,12.465,5594
15614,126449.617,12.958,5594
15615,126462.281,12.661,5594
15616,126474.359,12.085,5594
15617,126485.813,11.454,5594
15618,126497.398,11.585,5594
15619,126508.773,11.371,5594
15620,126521.328,12.554,5594
15621,126534.539,13.219,5594
15622,126548.578,14.037,5594
15623,126561.797,13.215,5594
15624,126575.063,13.270,5594
15625,126587.492,12.426,5594
15626,126599.719,12.229,5594
15627,126611.055,11.334,5594
15628,126621.445,10.391,5594
15629,126631.938,10.489,5594
15630,126642.156,10.224,5594
15631,126652.727,10.571,5594
15632,126663.672,10.941,5594
15633,126675.078,11.411,5594
15634,126686.047,10.965,5594
15635,126696.773,10.731,5594
15636,126707.438,10.659,5594
15637,126718.211,10.781,5594
15638,126728.750,10.531,5594
15639,126739.148,10.401,5594
15640,126749.617,10.467,5594
15641,126760.172,10.556,5594
15642,126771.188,11.020,5594
15643,126782.797,11.604,5594
15644,126793.289,10.490,5594
15645,126803.734,10.450,5594
15646,126814.992,11.252,5594
15647,126824.938, 9.948,5594
15648,126835.789,10.852,5594
15649,126847.734,11.948,5594
15650,126859.781,12.041,5594
15651,126871.164,11.385,5594
15652,126882.055,10.892,5594
15653,126893.500,11.447,5594
15654,126904.633,11.124,5594
15655,126916.297,11.672,5594
15656,126926.711,10.411,5594
15657,126938.703,11.991,5594
15658,126949.188,10.489,5594
15659,126959.805,10.614,5594
15660,126970.688,10.882,5594
15661,126981.273,10.584,5594
15662,126992.320,11.050,5594
15663,127002.805,10.489,5594
15664,127015.078,12.273,5594
15665,127027.570,12.494,5594
15666,127039.383,11.810,5594
15667,127052.391,13.008,5594
15668,127064.125,11.730,5594
15669,127077.164,13.041,5594
15670,127090.031,12.865,5594
15671,127104.094,14.067,5594
15672,127116.344,12.247,5594
15673,127128.438,12.099,5594
15674,127140.664,12.220,5594
15675,127153.203,12.546,5594
15676,127165.516,12.310,5594
15677,127177.258,11.738,5594
15678,127189.570,12.321,5594
15679,127201.211,11.640,5594
15680,127214.031,12.810,5594
15681,127225.859,11.838,5594
15682,127238.305,12.440,5594
15683,127250.930,12.624,5594
15684,127262.227,11.302,5594
15685,127273.570,11.346,5594
15686,127284.320,10.741,5594
15687,127294.758,10.441,5594
15688,127305.602,10.840,5594
15689,127317.781,12.185,5594
15690,127328.555,10.771,5594
15691,127340.141,11.589,5594
15692,127351.414,11.267,5594
15693,127362.680,11.267,5594
15694,127374.055,11.372,5594
15695,127384.883,10.832,5594
15696,127395.656,10.768,5594
15697,127407.453,11.803,5594
15698,127418.969,11.514,5594
15699,127429.969,10.996,5594
15700,127440.789,10.824,5594
15701,127451.750,10.961,5594
15702,127462.383,10.637,5594
15703,127472.453,10.071,5594
15704,127483.391,10.932,5594
15705,127494.672,11.283,5594
15706,127505.039,10.366,5594
15707,127516.016,10.980,5594
15708,127528.031,12.011,5594
15709,127539.008,10.978,5594
15710,127549.719,10.713,5594
15711,127560.836,11.118,5594
15712,127571.172,10.335,5594
15713,127581.766,10.598,5594
15714,127592.344,10.570,5594
15715,127603.531,11.194,5594
15716,127613.969,10.433,5594
15717,127624.430,10.465,5594
15718,127636.141,11.712,5594
15719,127648.844,12.703,5594
15720,127660.195,11.350,5594
15721,127671.438,11.238,5594
15722,127682.078,10.646,5594
15723,127693.625,11.537,5594
15724,127704.750,11.132,5594
15725,127715.750,11.003,5594
15726,127727.563,11.811,5594
15727,127739.984,12.419,5594
15728,127750.883,10.902,5594
15729,127762.453,11.571,5594
15730,127772.805,10.347,5594
15731,127783.797,10.995,5594
15732,127794.945,11.143,5594
15733,127806.133,11.191,5594
15734,127817.039,10.905,5594
15735,127828.484,11.449,5594
15736,127839.766,11.277,5594
15737,127852.594,12.829,5594
15738,127863.977,11.386,5594
15739,127875.508,11.533,5594
15740,127886.563,11.055,5594
15741,127898.898,12.336,5594
15742,127910.156,11.259,5594
15743,127921.656,11.493,5594
15744,127933.992,12.336,5594
15745,127945.844,11.859,5594
15746,127958.922,13.071,5594
15747,127970.758,11.834,5594
15748,127982.148,11.395,5594
15749,127993.664,11.512,5594
15750,128005.664,12.003,5594
15751,128017.516,11.851,5594
15752,128028.234,10.723,5594
15753,128039.945,11.701,5594
15754,128052.797,12.862,5594
15755,128064.758,11.959,5594
15756,128076.305,11.543,5594
15757,128087.500,11.197,5594
15758,128098.688,11.185,5594
15759,128109.727,11.040,5594
15760,128120.539,10.814,5594
15761,128131.898,11.363,5594
15762,128143.352,11.445,5594
15763,128154.508,11.164,5594
15764,128164.938,10.425,5594
15765,128177.375,12.439,5594
15766,128188.547,11.172,5594
15767,128200.094,11.548,5594
15768,128211.602,11.504,5594
15769,128223.141,11.541,5594
15770,128234.289,11.147,5594
15771,128245.633,11.343,5594
15772,128257.133,11.507,5594
15773,128270.008,12.870,5594
15774,128282.414,12.410,5594
15775,128294.992,12.570,5594
15776,128307.766,12.778,5594
15777,128319.602,11.833,5594
15778,128331.547,11.954,5594
15779,128342.297,10.741,5594
15780,128353.039,10.745,5594
15781,128364.156,11.117,5594
15782,128374.906,10.757,5594
15783,128386.289,11.372,5594
15784,128397.180,10.900,5594
15785,128407.906,10.725,5594
15786,128419.273,11.363,5594
15787,128431.680,12.408,5594
15788,128444.523,12.849,5594
15789,128457.523,13.000,5594
15790,128469.555,12.029,5594
15791,128480.742,11.181,5594
15792,128492.742,12.004,5594
15793,128504.000,11.254,5594
15794,128515.797,11.805,5594
15795,128526.992,11.188,5594
15796,128538.609,11.617,5594
15797,128549.922,11.311,5594
15798,128561.758,11.839,5594
15799,128572.859,11.105,5594
15800,128585.086,12.223,5594
15801,128597.555,12.474,5594
15802,128609.156,11.600,5594
15803,128620.633,11.475,5594
15804,128632.016,11.383,5594
15805,128644.047,12.032,5594
15806,128655.961,11.906,5594
15807,128667.516,11.562,5594
15808,128679.281,11.759,5594
15809,128691.086,11.812,5594
15810,128703.188,12.101,5594
15811,128714.836,11.647,5594
15812,128726.328,11.488,5594
15813,128738.063,11.737,5594
15814,128749.539,11.483,5594
15815,128761.758,12.212,5594
15816,128773.672,11.913,5594
15817,128785.703,12.037,5594
15818,128796.320,10.615,5594
15819,128807.516,11.197,5594
15820,128818.922,11.403,5594
15821,128829.719,10.793,5594
15822,128840.555,10.842,5594
15823,128852.484,11.929,5594
15824,128865.367,12.882,5594
15825,128876.688,11.319,5594
15826,128887.797,11.109,5594
15827,128900.352,12.553,5594
15828,128911.430,11.078,5594
15829,128923.859,12.434,5594
15830,128934.672,10.807,5594
15831,128947.516,12.850,5594
15832,128959.047,11.532,5594
15833,128970.000,10.951,5594
15834,128981.352,11.346,5594
15835,128992.570,11.226,5594
15836,129003.219,10.650,5594
15837,129013.852,10.635,5594
15838,129025.383,11.528,5594
15839,129035.969,10.580,5594
15840,129046.867,10.909,5594
15841,129058.469,11.595,5594
15842,129069.523,11.055,5594
15843,129080.727,11.206,5594
15844,129091.266,10.532,5594
15845,129102.422,11.157,5594
15846,129113.977,11.558,5594
15847,129125.438,11.459,5594
15848,129136.906,11.471,5594
15849,129147.688,10.783,5594
15850,129159.039,11.345,5594
15851,129169.648,10.614,5594
15852,129180.352,10.702,5594
15853,129192.102,11.752,5594
15854,129203.156,11.053,5594
15855,129214.523,11.370,5594
15856,129225.367,10.843,5594
15857,129237.266,11.893,5594
15858,129250.469,13.210,5594
15859,129264.070,13.599,5594
15860,129276.000,11.927,5594
15861,129288.641,12.641,5594
15862,129300.617,11.974,5594
15863,129312.828,12.214,5594
15864,129324.422,11.596,5594
15865,129337.359,12.937,5594
15866,129350.258,12.895,5594
15867,129362.898,12.649,5594
15868,129374.898,12.002,5594
15869,129387.789,12.886,5594
15870,129400.391,12.594,5594
15871,129413.336,12.952,5594
15872,129425.367,12.031,5594
15873,129436.711,11.339,5594
15874,129449.094,12.390,5594
15875,129460.695,11.599,5594
15876,129473.406,12.706,5594
15877,129485.250,11.840,5594
15878,129496.445,11.203,5594
15879,129507.406,10.960,5594
15880,129518.570,11.169,5594
15881,129529.148,10.574,5594
15882,129539.852,10.707,5594
15883,129551.266,11.408,5594
15884,129562.125,10.862,5594
15885,129573.156,11.030,5594
15886,129583.734,10.581,5594
15887,129594.445,10.711,5594
15888,129605.203,10.762,5594
15889,129615.938,10.727,5594
15890,129626.867,10.930,5594
15891,129637.398,10.531,5594
15892,129649.383,11.986,5594
15893,129662.016,12.629,5594
15894,129673.422,11.409,5594
15895,129684.469,11.047,5594
15896,129696.203,11.736,5594
15897,129707.266,11.054,5594
15898,129718.086,10.827,5594
15899,129729.789,11.702,5594
15900,129740.828,11.039,5594
15901,129751.047,10.219,5594
15902,129762.508,11.466,5594
15903,129773.977,11.464,5594
15904,129785.383,11.404,5594
15905,129796.672,11.290,5594
15906,129807.672,11.004,5594
15907,129818.461,10.789,5594
15908,129829.211,10.753,5594
15909,129840.055,10.838,5594
15910,129854.438,14.383,5594
15911,129865.648,11.207,5594
15912,129877.555,11.914,5594
15913,129889.570,12.012,5594
15914,129901.500,11.933,5594
15915,129913.078,11.576,5594
15916,129924.648,11.567,5594
15917,129936.117,11.471,5594
15918,129947.641,11.522,5594
15919,129959.828,12.191,5594
15920,129971.117,11.289,5594
15921,129982.539,11.423,5594
15922,129993.250,10.707,5594
15923,130004.852,11.603,5594
15924,130016.602,11.747,5594
15925,130028.367,11.768,5594
15926,130039.781,11.417,5594
15927,130052.156,12.372,5594
15928,130066.453,14.296,5594
15929,130079.352,12.896,5594
15930,130091.078,11.727,5594
15931,130103.336,12.257,5594
15932,130114.398,11.064,5594
15933,130126.031,11.637,5594
15934,130137.727,11.690,5594
15935,130148.633,10.904,5594
15936,130160.328,11.698,5594
15937,130171.422,11.100,5594
15938,130183.391,11.966,5594
15939,130194.742,11.355,5594
15940,130206.297,11.550,5594
15941,130217.086,10.787,5594
15942,130227.680,10.593,5594
15943,130238.633,10.950,5594
15944,130250.617,11.990,5594
15945,130261.352,10.733,5594
15946,130272.602,11.249,5594
15947,130283.398,10.799,5594
15948,130294.125,10.726,5594
15949,130305.539,11.422,5594
15950,130316.406,10.862,5594
15951,130327.227,10.826,5594
15952,130337.695,10.458,5594
15953,130348.266,10.572,5594
15954,130358.953,10.683,5594
15955,130369.641,10.689,5594
15956,130380.695,11.061,5594
15957,130391.133,10.436,5594
15958,130401.555,10.423,5594
15959,130412.914,11.354,5594
15960,130423.539,10.633,5594
15961,130434.563,11.024,5594
15962,130445.633,11.061,5594
15963,130459.000,13.369,5594
15964,130472.266,13.262,5594
15965,130483.359,11.103,5594
15966,130495.344,11.981,5594
15967,130507.039,11.699,5594
15968,130519.359,12.318,5594
15969,130531.164,11.806,5594
15970,130542.773,11.611,5594
15971,130554.219,11.448,5594
15972,130565.766,11.545,5594
15973,130577.430,11.662,5594
15974,130588.945,11.512,5594
15975,130601.234,12.295,5594
15976,130613.055,11.816,5594
15977,130626.711,13.660,5594
15978,130639.094,12.383,5594
15979,130650.094,10.996,5594
15980,130661.305,11.208,5594
15981,130672.508,11.208,5594
15982,130684.289,11.776,5594
15983,130696.695,12.412,5594
15984,130707.984,11.285,5594
15985,130719.367,11.388,5594
15986,130731.609,12.233,5594
15987,130743.391,11.788,5594
15988,130755.203,11.813,5594
15989,130767.453,12.251,5594
15990,130779.313,11.856,5594
15991,130791.211,11.901,5594
15992,130803.297,12.085,5594
15993,130814.500,11.203,5594
15994,130826.328,11.823,5594
15995,130838.938,12.607,5594
15996,130849.539,10.614,5594
15997,130860.883,11.342,5594
15998,130873.602,12.715,5594
15999,130886.391,12.789,5594
16000,130897.102,10.709,5594
16001,130908.023,10.926,5594
16002,130918.633,10.601,5594
16003,130930.219,11.596,5594
16004,130941.633,11.410,5594
16005,130952.422,10.793,5594
16006,130963.125,10.701,5594
16007,130973.867,10.741,5594
16008,130984.484,10.618,5594
16009,130995.266,10.779,5594
16010,131005.844,10.584,5594
16011,131016.844,10.995,5594
16012,131027.398,10.557,5594
16013,131038.070,10.674,5594
16014,131049.344,11.265,5594
16015,131061.641,12.301,5594
16016,131072.703,11.070,5594
16017,131084.141,11.433,5594
16018,131096.266,12.119,5594
16019,131107.094,10.833,5594
16020,131118.234,11.131,5594
16021,131129.063,10.833,5594
16022,131139.797,10.734,5594
16023,131150.500,10.712,5594
16024,131161.672,11.174,5594
16025,131172.297,10.618,5594
16026,131183.156,10.865,5594
16027,131194.594,11.427,5594
16028,131205.172,10.585,5594
16029,131216.031,10.868,5594
16030,131226.969,10.928,5594
16031,131237.359,10.398,5594
16032,131248.469,11.100,5594
16033,131260.781,12.312,5594
16034,131272.672,11.887,5594
16035,131285.969,13.311,5594
16036,131298.156,12.169,5594
16037,131309.656,11.510,5594
16038,131320.688,11.036,5594
16039,131331.219,10.518,5594
16040,131342.016,10.805,5594
16041,131353.188,11.168,5594
16042,131364.781,11.599,5594
16043,131376.000,11.221,5594
16044,131387.781,11.781,5594
16045,131398.844,11.052,5594
16046,131409.328,10.494,5594
16047,131420.266,10.931,5594
16048,131431.203,10.942,5594
16049,131442.859,11.654,5594
16050,131453.875,11.018,5594
16051,131465.703,11.829,5594
16052,131477.547,11.838,5594
16053,131488.688,11.150,5594
16054,131499.938,11.238,5594
16055,131511.391,11.471,5594
16056,131522.828,11.420,5594
16057,131534.703,11.880,5594
16058,131546.031,11.331,5594
16059,131557.047,11.016,5594
16060,131568.813,11.762,5594
16061,131580.688,11.873,5594
16062,131592.531,11.848,5594
16063,131604.094,11.562,5594
16064,131616.250,12.157,5594
16065,131626.641,10.396,5594
16066,131637.844,11.198,5594
16067,131648.453,10.600,5594
16068,131660.125,11.670,5594
16069,131670.984,10.876,5594
16070,131682.922,11.925,5594
16071,131697.359,14.441,5594
16072,131708.703,11.354,5594
16073,131720.328,11.621,5594
16074,131731.938,11.606,5594
16075,131743.563,11.622,5594
16076,131755.328,11.770,5594
16077,131766.953,11.627,5594
16078,131778.953,12.000,5594
16079,131791.438,12.482,5594
16080,131803.344,11.914,5594
16081,131813.938,10.580,5594
16082,131825.797,11.854,5594
16083,131836.750,10.954,5594
16084,131847.547,10.808,5594
16085,131858.047,10.506,5594
16086,131868.297,10.250,5594
16087,131878.797,10.493,5594
16088,131889.297,10.501,5594
16089,131900.422,11.112,5594
16090,131911.391,10.980,5594
16091,131921.828,10.430,5594
16092,131932.625,10.808,5594
16093,131943.359,10.737,5594
16094,131953.688,10.321,5594
16095,131964.891,11.205,5594
16096,131975.781,10.886,5594
16097,131987.000,11.222,5594
16098,131997.375,10.375,5594
16099,132007.922,10.543,5594
16100,132018.797,10.878,5594
16101,132029.547,10.744,5594
16102,132040.250,10.706,5594
16103,132051.156,10.905,5594
16104,132062.234,11.083,5594
16105,132073.625,11.398,5594
16106,132086.859,13.220,5594
16107,132099.391,12.542,5594
16108,132111.578,12.187,5594
16109,132123.766,12.179,5594
16110,132135.594,11.829,5594
16111,132146.672,11.089,5594
16112,132158.500,11.816,5594
16113,132170.219,11.719,5594
16114,132180.984,10.778,5594
16115,132192.375,11.386,5594
16116,132204.188,11.809,5594
16117,132216.469,12.276,5594
16118,132229.203,12.740,5594
16119,132240.766,11.562,5594
16120,132251.609,10.840,5594
16121,132261.891,10.294,5594
16122,132272.203,10.301,5594
16123,132282.406,10.203,5594
16124,132292.453,10.055,5594
16125,132303.094,10.630,5594
16126,132313.563,10.475,5594
16127,132324.203,10.636,5594
16128,132335.828,11.628,5594
16129,132347.266,11.434,5594
16130,132358.172,10.915,5594
16131,132368.719,10.549,5594
16132,132379.422,10.692,5594
16133,132390.094,10.675,5594
16134,132401.109,11.009,5594
16135,132411.969,10.866,5594
16136,132422.609,10.646,5594
16137,132434.547,11.935,5594
16138,132445.688,11.137,5594
16139,132457.672,11.989,5594
16140,132469.016,11.338,5594
16141,132480.766,11.744,5594
16142,132493.188,12.429,5594
16143,132504.875,11.695,5594
16144,132516.484,11.611,5594
16145,132527.766,11.268,5594
16146,132539.578,11.814,5594
16147,132550.453,10.880,5594
16148,132561.516,11.054,5594
16149,132572.031,10.535,5594
16150,132582.531,10.489,5594
16151,132593.406,10.874,5594
16152,132604.359,10.953,5594
16153,132614.859,10.498,5594
16154,132626.188,11.330,5594
16155,132636.797,10.614,5594
16156,132647.734,10.937,5594
16157,132658.906,11.175,5594
16158,132670.203,11.287,5594
16159,132680.969,10.765,5594
16160,132692.344,11.389,5594
16161,132703.219,10.873,5594
16162,132714.672,11.450,5594
16163,132725.609,10.930,5594
16164,132736.766,11.156,5594
16165,132749.125,12.360,5594
16166,132761.031,11.918,5594
16167,132773.313,12.278,5594
16168,132784.875,11.550,5594
16169,132796.203,11.340,5594
16170,132807.891,11.686,5594
16171,132819.484,11.588,5594
16172,132831.797,12.317,5594
16173,132844.672,12.870,5594
16174,132857.109,12.438,5594
16175,132870.438,13.332,5594
16176,132882.172,11.737,5594
16177,132895.891,13.718,5594
16178,132908.625,12.729,5594
16179,132919.891,11.270,5594
16180,132930.922,11.036,5594
16181,132943.063,12.130,5594
16182,132953.813,10.749,5594
16183,132965.781,11.973,5594
16184,132977.359,11.586,5594
16185,132988.625,11.263,5594
16186,132999.578,10.952,5594
16187,133010.172,10.593,5594
16188,133021.203,11.025,5594
16189,133031.828,10.634,5594
16190,133043.438,11.593,5594
16191,133054.516,11.082,5594
16192,133064.781,10.277,5594
16193,133076.359,11.583,5594
16194,133088.281,11.919,5594
16195,133099.188,10.896,5594
16196,133109.828,10.650,5594
16197,133120.422,10.578,5594
16198,133131.172,10.754,5594
16199,133141.297,10.129,5594
16200,133151.766,10.461,5594
16201,133162.703,10.958,5594
16202,133173.938,11.223,5594
16203,133184.484,10.542,5594
16204,133195.328,10.846,5594
16205,133205.703,10.378,5594
16206,133217.109,11.399,5594
16207,133227.094, 9.983,5594
16208,133237.891,10.809,5594
16209,133248.047,10.159,5594
16210,133258.188,10.129,5594
16211,133268.750,10.561,5594
16212,133279.344,10.606,5594
16213,133290.609,11.258,5594
16214,133303.703,13.098,5594
16215,133315.891,12.189,5594
16216,133329.844,13.945,5594
16217,133341.703,11.864,5594
16218,133353.875,12.178,5594
16219,133365.266,11.389,5594
16220,133376.266,10.999,5594
16221,133387.031,10.764,5594
16222,133397.547,10.507,5594
16223,133408.766,11.216,5594
16224,133419.734,10.977,5594
16225,133430.188,10.448,5594
16226,133440.672,10.497,5594
16227,133451.797,11.116,5594
16228,133462.219,10.417,5594
16229,133472.797,10.578,5594
16230,133483.922,11.130,5594
16231,133494.563,10.646,5594
16232,133506.391,11.828,5594
16233,133517.391,10.999,5594
16234,133528.578,11.184,5594
16235,133539.813,11.241,5594
16236,133551.172,11.347,5594
16237,133562.672,11.517,5594
16238,133573.734,11.056,5594
16239,133585.141,11.398,5594
16240,133595.781,10.640,5594
16241,133607.016,11.249,5594
16242,133619.656,12.641,5594
16243,133631.172,11.503,5594
16244,133642.500,11.336,5594
16245,133654.016,11.518,5594
16246,133664.609,10.592,5594
16247,133674.547, 9.935,5594
16248,133684.719,10.177,5594
16249,133695.203,10.483,5594
16250,133707.078,11.868,5594
16251,133718.828,11.752,5594
16252,133730.172,11.348,5594
16253,133740.797,10.617,5594
16254,133751.234,10.448,5594
16255,133761.766,10.521,5594
16256,133772.375,10.617,5594
16257,133783.938,11.553,5594
16258,133794.719,10.795,5594
16259,133805.156,10.420,5594
16260,133815.844,10.691,5594
16261,133828.453,12.616,5594
16262,133838.953,10.500,5594
16263,133849.328,10.371,5594
16264,133859.906,10.588,5594
16265,133870.125,10.205,5594
16266,133880.281,10.161,5594
16267,133891.078,10.790,5594
16268,133900.984, 9.918,5594
16269,133911.234,10.248,5594
16270,133921.188, 9.947,5594
16271,133931.469,10.279,5594
16272,133942.078,10.609,5594
16273,133952.828,10.751,5594
16274,133964.141,11.315,5594
16275,133974.922,10.791,5594
16276,133985.391,10.463,5594
16277,133996.188,10.801,5594
16278,134007.516,11.330,5594
16279,134018.078,10.557,5594
16280,134029.250,11.171,5594
16281,134040.719,11.476,5594
16282,134051.953,11.225,5594
16283,134064.391,12.448,5594
16284,134075.281,10.890,5594
16285,134087.031,11.749,5594
16286,134098.797,11.755,5594
16287,134111.516,12.716,5594
16288,134122.281,10.767,5594
16289,134132.938,10.669,5594
16290,134144.328,11.378,5594
16291,134154.984,10.669,5594
16292,134165.875,10.890,5594
16293,134176.328,10.450,5594
16294,134186.547,10.209,5594
16295,134196.813,10.263,5594
16296,134207.609,10.807,5594
16297,134217.766,10.149,5594
16298,134228.891,11.128,5594
16299,134240.281,11.395,5594
16300,134251.063,10.784,5594
16301,134262.578,11.513,5594
16302,134273.516,10.937,5594
16303,134284.609,11.104,5594
16304,134295.156,10.535,5594
16305,134306.141,10.978,5594
16306,134317.094,10.959,5594
16307,134328.797,11.704,5594
16308,134339.781,10.980,5594
16309,134350.875,11.087,5594
16310,134363.625,12.766,5594
16311,134374.219,10.593,5594
16312,134385.000,10.769,5594
16313,134396.516,11.525,5594
16314,134407.469,10.943,5594
16315,134419.703,12.249,5594
16316,134431.453,11.734,5594
16317,134442.109,10.662,5594
16318,134453.313,11.221,5594
16319,134463.609,10.284,5594
16320,134474.625,11.017,5594
16321,134484.766,10.137,5594
16322,134495.578,10.805,5594
16323,134507.359,11.798,5594
16324,134520.406,13.041,5594
16325,134531.328,10.934,5594
16326,134541.578,10.238,5594
16327,134552.266,10.678,5594
16328,134562.813,10.548,5594
16329,134574.234,11.418,5594
16330,134584.391,10.173,5594
16331,134595.078,10.679,5594
16332,134605.891,10.824,5594
16333,134616.250,10.346,5594
16334,134626.578,10.339,5594
16335,134637.250,10.665,5594
16336,134647.766,10.517,5594
16337,134660.125,12.349,5594
16338,134670.844,10.719,5594
16339,134682.000,11.177,5594
16340,134692.250,10.230,5594
16341,134702.375,10.135,5594
16342,134712.328, 9.952,5594
16343,134722.438,10.113,5594
16344,134732.500,10.064,5594
16345,134742.406, 9.900,5594
16346,134752.266, 9.865,5594
16347,134762.156, 9.881,5594
16348,134772.516,10.363,5594
16349,134782.875,10.357,5594
16350,134793.219,10.356,5594
16351,134803.563,10.332,5594
16352,134813.859,10.297,5594
16353,134823.766, 9.917,5594
16354,134835.641,11.862,5594
16355,134846.109,10.467,5594
16356,134856.563,10.460,5594
16357,134867.094,10.529,5594
16358,134878.609,11.520,5594
16359,134888.703,10.098,5594
16360,134900.641,11.941,5594
16361,134912.906,12.244,5594
16362,134926.344,13.445,5594
16363,134937.672,11.329,5594
16364,134948.844,11.174,5594
16365,134961.000,12.151,5594
16366,134972.203,11.203,5594
16367,134984.000,11.812,5594
16368,134995.516,11.504,5594
16369,135007.578,12.062,5594
16370,135018.953,11.376,5594
16371,135031.047,12.099,5594
16372,135042.453,11.406,5594
16373,135053.547,11.095,5594
16374,135064.078,10.526,5594
16375,135074.375,10.300,5594
16376,135084.188, 9.813,5594
16377,135094.250,10.058,5594
16378,135105.047,10.803,5594
16379,135116.047,11.008,5594
16380,135126.234,10.175,5594
16381,135136.484,10.256,5594
16382,135146.797,10.294,5594
16383,135157.219,10.433,5594
16384,135167.672,10.449,5594
16385,135178.766,11.099,5594
16386,135189.281,10.529,5594
16387,135199.688,10.385,5594
16388,135211.047,11.365,5594
16389,135222.531,11.491,5594
16390,135233.016,10.485,5594
16391,135244.328,11.306,5594
16392,135254.531,10.208,5594
16393,135264.281, 9.744,5594
16394,135274.281, 9.995,5594
16395,135284.297,10.019,5594
16396,135294.078, 9.777,5594
16397,135304.234,10.155,5594
16398,135315.906,11.692,5594
16399,135328.422,12.512,5594
16400,135338.953,10.517,5594
16401,135348.828, 9.875,5594
16402,135359.016,10.203,5594
16403,135369.938,10.925,5594
16404,135379.766, 9.814,5594
16405,135389.922,10.158,5594
16406,135400.078,10.147,5594
16407,135410.344,10.274,5594
16408,135420.516,10.173,5594
16409,135431.469,10.957,5594
16410,135441.484,10.006,5594
16411,135451.844,10.376,5594
16412,135462.609,10.769,5594
16413,135472.594, 9.972,5594
16414,135483.344,10.762,5594
16415,135493.828,10.472,5594
16416,135503.938,10.108,5594
16417,135514.688,10.758,5594
16418,135525.234,10.539,5594
16419,135538.375,13.147,5594
16420,135549.203,10.827,5594
16421,135560.266,11.059,5594
16422,135570.984,10.721,5594
16423,135581.813,10.833,5594
16424,135592.391,10.572,5594
16425,135604.078,11.675,5594
16426,135614.609,10.549,5594
16427,135625.859,11.252,5594
16428,135636.203,10.330,5594
16429,135647.281,11.095,5594
16430,135658.219,10.916,5594
16431,135670.047,11.846,5594
16432,135681.375,11.325,5594
16433,135691.984,10.611,5594
16434,135703.047,11.049,5594
16435,135714.250,11.209,5594
16436,135726.844,12.590,5594
16437,135738.250,11.406,5594
16438,135751.109,12.862,5594
16439,135760.906, 9.803,5594
16440,135770.859, 9.949,5594
16441,135780.938,10.082,5594
16442,135791.063,10.127,5594
16443,135801.969,10.906,5594
16444,135812.500,10.522,5594
16445,135822.484, 9.995,5594
16446,135832.953,10.465,5594
16447,135843.813,10.852,5594
16448,135854.578,10.771,5594
16449,135865.281,10.707,5594
16450,135875.328,10.047,5594
16451,135885.328,10.004,5594
16452,135895.375,10.044,5594
16453,135905.047, 9.667,5594
16454,135915.031, 9.980,5594
16455,135925.141,10.118,5594
16456,135935.031, 9.888,5594
16457,135944.844, 9.813,5594
16458,135954.875,10.017,5594
16459,135966.109,11.234,5594
16460,135976.297,10.199,5594
16461,135986.891,10.594,5594
16462,135996.828, 9.937,5594
16463,136006.922,10.090,5594
16464,136017.094,10.180,5594
16465,136027.500,10.405,5594
16466,136036.953, 9.453,5594
16467,136047.203,10.244,5594
16468,136057.969,10.779,5594
16469,136069.906,11.938,5594
16470,136082.250,12.335,5594
16471,136093.953,11.699,5594
16472,136104.984,11.037,5594
16473,136116.328,11.335,5594
16474,136128.547,12.231,5594
16475,136140.609,12.058,5594
16476,136150.531, 9.929,5594
16477,136160.984,10.448,5594
16478,136171.563,10.569,5594
16479,136182.109,10.538,5594
16480,136192.781,10.677,5594
16481,136202.859,10.088,5594
16482,136212.906,10.039,5594
16483,136223.234,10.341,5594
16484,136233.688,10.448,5594
16485,136243.969,10.284,5594
16486,136254.328,10.347,5594
16487,136265.234,10.917,5594
16488,136276.797,11.552,5594
16489,136288.563,11.783,5594
16490,136300.109,11.523,5594
16491,136311.531,11.424,5594
16492,136322.766,11.245,5594
16493,136334.172,11.396,5594
16494,136345.734,11.582,5594
16495,136357.828,12.097,5594
16496,136369.703,11.862,5594
16497,136380.922,11.214,5594
16498,136393.578,12.665,5594
16499,136404.234,10.645,5594
16500,136415.641,11.410,5594
16501,136426.406,10.766,5594
16502,136437.078,10.683,5594
16503,136447.781,10.703,5594
16504,136458.625,10.842,5594
16505,136468.781,10.140,5594
16506,136478.938,10.165,5594
16507,136488.813, 9.878,5594
16508,136499.813,11.007,5594
16509,136510.422,10.603,5594
16510,136521.109,10.696,5594
16511,136534.797,13.667,5594
16512,136545.781,11.003,5594
16513,136555.625, 9.830,5594
16514,136566.672,11.065,5594
16515,136576.844,10.155,5594
16516,136587.047,10.211,5594
16517,136597.094,10.052,5594
16518,136608.359,11.250,5594
16519,136618.453,10.103,5594
16520,136628.828,10.374,5594
16521,136638.563, 9.741,5594
16522,136648.781,10.209,5594
16523,136658.766, 9.978,5594
16524,136669.609,10.850,5594
16525,136679.656,10.053,5594
16526,136689.984,10.332,5594
16527,136699.594, 9.599,5594
16528,136709.641,10.047,5594
16529,136720.031,10.406,5594
16530,136730.375,10.339,5594
16531,136741.141,10.763,5594
16532,136750.547, 9.411,5594
16533,136760.359, 9.800,5594
16534,136769.859, 9.513,5594
16535,136780.516,10.654,5594
16536,136790.844,10.321,5594
16537,136800.594, 9.761,5594
16538,136810.953,10.354,5594
16539,136821.359,10.408,5594
16540,136831.375,10.022,5594
16541,136841.422,10.029,5594
16542,136851.422, 9.991,5594
16543,136861.750,10.342,5594
16544,136872.047,10.300,5594
16545,136882.453,10.402,5594
16546,136892.438, 9.985,5594
16547,136902.766,10.324,5594
16548,136912.719, 9.966,5594
16549,136923.891,11.172,5594
16550,136936.500,12.601,5594
16551,136948.844,12.342,5594
16552,136960.047,11.219,5594
16553,136971.031,10.962,5594
16554,136981.656,10.631,5594
16555,136992.641,10.994,5594
16556,137003.859,11.213,5594
16557,137014.609,10.751,5594
16558,137026.156,11.539,5594
16559,137037.578,11.421,5594
16560,137048.266,10.693,5594
16561,137059.594,11.331,5594
16562,137070.578,10.981,5594
16563,137082.281,11.701,5594
16564,137092.375,10.103,5594
16565,137102.625,10.242,5594
16566,137113.156,10.531,5594
16567,137123.719,10.560,5594
16568,137134.234,10.522,5594
16569,137144.391,10.158,5594
16570,137155.016,10.619,5594
16571,137165.766,10.756,5594
16572,137176.234,10.456,5594
16573,137188.266,12.042,5594
16574,137198.516,10.250,5594
16575,137208.297, 9.771,5594
16576,137218.234, 9.948,5594
16577,137228.297,10.065,5594
16578,137238.781,10.473,5594
16579,137248.828,10.053,5594
16580,137258.844,10.004,5594
16581,137269.047,10.222,5594
16582,137279.109,10.050,5594
16583,137289.469,10.354,5594
16584,137299.688,10.226,5594
16585,137310.031,10.357,5594
16586,137319.641, 9.605,5594
16587,137329.875,10.231,5594
16588,137341.203,11.326,5594
16589,137353.109,11.914,5594
16590,137363.281,10.165,5594
16591,137373.953,10.681,5594
16592,137383.844, 9.881,5594
16593,137394.219,10.375,5594
16594,137404.406,10.189,5594
16595,137415.109,10.695,5594
16596,137425.531,10.423,5594
16597,137435.938,10.414,5594
16598,137446.328,10.385,5594
16599,137458.625,12.311,5594
16600,137469.469,10.820,5594
16601,137480.875,11.408,5594
16602,137491.969,11.104,5594
16603,137503.266,11.301,5594
16604,137515.141,11.878,5594
16605,137527.016,11.863,5594
16606,137537.938,10.926,5594
16607,137549.313,11.383,5594
16608,137560.172,10.847,5594
16609,137571.859,11.700,5594
16610,137583.453,11.580,5594
16611,137594.281,10.832,5594
16612,137604.781,10.499,5594
16613,137615.984,11.209,5594
16614,137626.984,11.004,5594
16615,137637.234,10.253,5594
16616,137647.656,10.417,5594
16617,137658.359,10.695,5594
16618,137670.234,11.873,5594
16619,137680.859,10.625,5594
16620,137691.719,10.872,5594
16621,137703.188,11.470,5594
16622,137713.250,10.066,5594
16623,137722.891, 9.619,5594
16624,137734.875,11.997,5594
16625,137745.656,10.774,5594
16626,137755.828,10.185,5594
16627,137765.781, 9.947,5594
16628,137776.953,11.167,5594
16629,137787.469,10.516,5594
16630,137797.578,10.115,5594
16631,137808.328,10.743,5594
16632,137818.453,10.124,5594
16633,137828.984,10.541,5594
16634,137839.172,10.188,5594
16635,137849.219,10.042,5594
16636,137859.078, 9.857,5594
16637,137869.031, 9.949,5594
16638,137879.578,10.555,5594
16639,137890.500,10.931,5594
16640,137900.609,10.107,5594
16641,137910.500, 9.892,5594
16642,137919.984, 9.475,5594
16643,137929.625, 9.637,5594
16644,137939.438, 9.801,5594
16645,137949.453,10.029,5594
16646,137959.531,10.071,5594
16647,137969.328, 9.812,5594
16648,137979.313, 9.990,5594
16649,137990.547,11.221,5594
16650,138000.953,10.411,5594
16651,138010.641, 9.689,5594
16652,138020.703,10.061,5594
16653,138031.125,10.427,5594
16654,138040.922, 9.783,5594
16655,138051.563,10.644,5594
16656,138061.734,10.176,5594
16657,138071.547, 9.811,5594
16658,138081.516, 9.956,5594
16659,138092.234,10.730,5594
16660,138102.328,10.091,5594
16661,138113.797,11.471,5594
16662,138124.203,10.403,5594
16663,138136.016,11.831,5594
16664,138147.297,11.270,5594
16665,138158.375,11.069,5594
16666,138168.219, 9.851,5594
16667,138178.094, 9.867,5594
16668,138188.344,10.262,5594
16669,138198.828,10.472,5594
16670,138209.578,10.749,5594
16671,138220.125,10.548,5594
16672,138230.156,10.025,5594
16673,138240.219,10.070,5594
16674,138250.766,10.548,5594
16675,138261.547,10.779,5594
16676,138271.625,10.076,5594
16677,138281.719,10.110,5594
16678,138291.938,10.224,5594
16679,138302.313,10.365,5594
16680,138313.281,10.977,5594
16681,138324.000,10.715,5594
16682,138335.000,10.997,5594
16683,138345.828,10.827,5594
16684,138356.516,10.680,5594
16685,138368.031,11.533,5594
16686,138380.094,12.039,5594
16687,138393.828,13.754,5594
16688,138405.063,11.231,5594
16689,138417.203,12.137,5594
16690,138428.578,11.382,5594
16691,138439.484,10.894,5594
16692,138449.906,10.432,5594
16693,138460.344,10.430,5594
16694,138471.406,11.064,5594
16695,138481.563,10.151,5594
16696,138490.828, 9.268,5594
16697,138500.500, 9.677,5594
16698,138510.313, 9.807,5594
16699,138520.672,10.375,5594
16700,138531.078,10.393,5594
16701,138542.875,11.788,5594
16702,138555.078,12.213,5594
16703,138566.078,10.994,5594
16704,138576.094,10.016,5594
16705,138587.656,11.574,5594
16706,138599.453,11.780,5594
16707,138611.797,12.352,5594
16708,138624.156,12.354,5594
16709,138634.938,10.791,5594
16710,138645.688,10.749,5594
16711,138656.891,11.193,5594
16712,138667.125,10.243,5594
16713,138677.344,10.230,5594
16714,138687.875,10.526,5594
16715,138698.453,10.572,5594
16716,138708.734,10.268,5594
16717,138718.875,10.150,5594
16718,138729.063,10.188,5594
16719,138739.344,10.294,5594
16720,138749.156, 9.804,5594
16721,138759.141, 9.994,5594
16722,138768.938, 9.779,5594
16723,138778.859, 9.920,5594
16724,138789.313,10.461,5594
16725,138799.078, 9.768,5594
16726,138809.203,10.135,5594
16727,138819.406,10.181,5594
16728,138829.656,10.257,5594
16729,138840.641,11.003,5594
16730,138851.031,10.373,5594
16731,138861.016, 9.981,5594
16732,138871.047,10.041,5594
16733,138880.906, 9.847,5594
16734,138891.641,10.736,5594
16735,138901.672,10.039,5594
16736,138912.078,10.404,5594
16737,138922.016, 9.945,5594
16738,138932.203,10.173,5594
16739,138945.734,13.541,5594
16740,138956.797,11.060,5594
16741,138968.422,11.623,5594
16742,138979.422,10.996,5594
16743,138989.781,10.362,5594
16744,139000.375,10.598,5594
16745,139010.984,10.615,5594
16746,139022.016,11.029,5594
16747,139033.609,11.588,5594
16748,139044.484,10.883,5594
16749,139056.250,11.760,5594
16750,139067.281,11.045,5594
16751,139078.891,11.598,5594
16752,139090.172,11.276,5594
16753,139101.000,10.838,5594
16754,139111.969,10.969,5594
16755,139121.672, 9.690,5594
16756,139131.484, 9.820,5594
16757,139141.031, 9.549,5594
16758,139150.891, 9.845,5594
16759,139161.188,10.317,5594
16760,139171.594,10.393,5594
16761,139181.359, 9.782,5594
16762,139190.875, 9.507,5594
16763,139200.859, 9.982,5594
16764,139210.406, 9.545,5594
16765,139220.500,10.105,5594
16766,139230.609,10.108,5594
16767,139240.844,10.217,5594
16768,139250.375, 9.535,5594
16769,139260.000, 9.634,5594
16770,139270.484,10.490,5594
16771,139280.484,10.000,5594
16772,139289.828, 9.342,5594
16773,139300.047,10.217,5594
16774,139309.953, 9.907,5594
16775,139321.000,11.044,5594
16776,139330.813, 9.807,5594
16777,139341.297,10.488,5594
16778,139352.516,11.212,5594
16779,139362.938,10.426,5594
16780,139373.953,11.024,5594
16781,139384.172,10.209,5594
16782,139394.391,10.227,5594
16783,139404.578,10.182,5594
16784,139414.625,10.046,5594
16785,139424.438, 9.815,5594
16786,139434.188, 9.748,5594
16787,139445.016,10.829,5594
16788,139455.484,10.469,5594
16789,139465.594,10.107,5594
16790,139475.594, 9.990,5594
16791,139486.484,10.905,5594
16792,139497.016,10.534,5594
16793,139507.422,10.388,5594
16794,139518.031,10.628,5594
16795,139528.906,10.868,5594
16796,139539.625,10.712,5594
16797,139549.938,10.332,5594
16798,139560.266,10.318,5594
16799,139570.891,10.626,5594
16800,139582.047,11.163,5594
16801,139593.953,11.909,5594
16802,139604.609,10.656,5594
16803,139615.406,10.782,5594
16804,139626.094,10.681,5594
16805,139637.172,11.096,5594
16806,139648.188,10.997,5594
16807,139659.328,11.152,5594
16808,139669.906,10.580,5594
16809,139680.500,10.597,5594
16810,139692.109,11.601,5594
16811,139704.078,11.966,5594
16812,139715.578,11.500,5594
16813,139726.625,11.050,5594
16814,139738.594,11.978,5594
16815,139751.453,12.842,5594
16816,139762.875,11.434,5594
16817,139773.172,10.299,5594
16818,139784.563,11.395,5594
16819,139795.406,10.829,5594
16820,139807.516,12.111,5594
16821,139817.672,10.153,5594
16822,139828.453,10.788,5594
16823,139839.609,11.157,5594
16824,139850.516,10.902,5594
16825,139860.688,10.182,5594
16826,139871.203,10.511,5594
16827,139881.703,10.502,5594
16828,139891.672, 9.969,5594
16829,139901.750,10.077,5594
16830,139912.328,10.578,5594
16831,139923.297,10.969,5594
16832,139933.203, 9.907,5594
16833,139944.000,10.802,5594
16834,139953.844, 9.837,5594
16835,139963.969,10.137,5594
16836,139973.781, 9.797,5594
16837,139983.953,10.184,5594
16838,139993.844, 9.884,5594
16839,140003.781, 9.930,5594
16840,140013.875,10.097,5594
16841,140024.109,10.226,5594
16842,140035.094,11.000,5594
16843,140044.906, 9.802,5594
16844,140054.766, 9.857,5594
16845,140064.531, 9.775,5594
16846,140074.328, 9.797,5594
16847,140083.813, 9.489,5594
16848,140093.453, 9.618,5594
16849,140103.078, 9.642,5594
16850,140113.031, 9.942,5594
16851,140123.625,10.599,5594
16852,140133.406, 9.779,5594
16853,140144.453,11.056,5594
16854,140156.547,12.100,5594
16855,140168.094,11.534,5594
16856,140177.828, 9.737,5594
16857,140187.875,10.057,5594
16858,140197.750, 9.868,5594
16859,140208.125,10.360,5594
16860,140218.078, 9.955,5594
16861,140228.906,10.829,5594
16862,140238.766, 9.866,5594
16863,140249.109,10.353,5594
16864,140259.719,10.601,5594
16865,140270.484,10.763,5594
16866,140280.438, 9.962,5594
16867,140290.672,10.234,5594
16868,140301.156,10.491,5594
16869,140312.641,11.475,5594
16870,140324.000,11.363,5594
16871,140334.594,10.588,5594
16872,140345.734,11.138,5594
16873,140356.672,10.941,5594
16874,140368.031,11.365,5594
16875,140378.234,10.199,5594
16876,140388.672,10.443,5594
16877,140400.094,11.405,5594
16878,140410.672,10.600,5594
16879,140421.578,10.891,5594
16880,140432.563,10.992,5594
16881,140443.797,11.235,5594
16882,140454.281,10.476,5594
16883,140464.797,10.516,5594
16884,140475.906,11.120,5594
16885,140486.922,11.008,5594
16886,140497.500,10.575,5594
16887,140507.859,10.372,5594
16888,140517.406, 9.530,5594
16889,140527.375, 9.977,5594
16890,140537.375,10.011,5594
16891,140549.016,11.623,5594
16892,140560.453,11.449,5594
16893,140571.047,10.592,5594
16894,140582.531,11.492,5594
16895,140593.359,10.819,5594
16896,140603.406,10.038,5594
16897,140614.031,10.639,5594
16898,140624.016, 9.989,5594
16899,140634.469,10.446,5594
16900,140644.422, 9.946,5594
16901,140654.641,10.224,5594
16902,140664.734,10.078,5594
16903,140674.969,10.239,5594
16904,140684.547, 9.593,5594
16905,140695.078,10.532,5594
16906,140704.844, 9.745,5594
16907,140714.766, 9.924,5594
16908,140724.766, 9.998,5594
16909,140734.984,10.223,5594
16910,140744.609, 9.636,5594
16911,140754.328, 9.718,5594
16912,140765.188,10.858,5594
16913,140775.063, 9.870,5594
16914,140784.625, 9.574,5594
16915,140795.078,10.440,5594
16916,140804.984, 9.910,5594
16917,140815.844,10.870,5594
16918,140826.234,10.382,5594
16919,140836.609,10.377,5594
16920,140846.500, 9.897,5594
16921,140856.250, 9.743,5594
16922,140866.813,10.559,5594
16923,140877.828,11.013,5594
16924,140888.391,10.570,5594
16925,140898.844,10.451,5594
16926,140910.078,11.233,5594
16927,140921.438,11.351,5594
16928,140932.172,10.737,5594
16929,140943.250,11.083,5594
16930,140956.688,13.450,5594
16931,140968.531,11.844,5594
16932,140980.031,11.494,5594
16933,140991.563,11.519,5594
16934,141002.641,11.097,5594
16935,141012.688,10.049,5594
16936,141023.188,10.485,5594
16937,141033.656,10.463,5594
16938,141043.875,10.231,5594
16939,141054.781,10.895,5594
16940,141066.125,11.341,5594
16941,141076.453,10.338,5594
16942,141090.125,13.670,5594
16943,141101.453,11.327,5594
16944,141113.219,11.769,5594
16945,141124.781,11.558,5594
16946,141136.359,11.579,5594
16947,141147.328,10.980,5594
16948,141158.141,10.801,5594
16949,141169.500,11.363,5594
16950,141180.156,10.651,5594
16951,141191.516,11.363,5594
16952,141201.828,10.312,5594
16953,141213.047,11.217,5594
16954,141223.422,10.370,5594
16955,141234.438,11.017,5594
16956,141245.797,11.367,5594
16957,141257.000,11.196,5594
16958,141268.219,11.223,5594
16959,141278.016, 9.803,5594
16960,141287.859, 9.848,5594
16961,141298.656,10.790,5594
16962,141308.656,10.005,5594
16963,141318.734,10.058,5594
16964,141328.641, 9.924,5594
16965,141338.625, 9.993,5594
16966,141348.578, 9.942,5594
16967,141359.656,11.069,5594
16968,141370.859,11.205,5594
16969,141381.531,10.670,5594
16970,141391.906,10.388,5594
16971,141402.703,10.795,5594
16972,141412.609, 9.907,5594
16973,141422.578, 9.966,5594
16974,141432.625,10.045,5594
16975,141442.844,10.220,5594
16976,141452.766, 9.916,5594
16977,141462.922,10.156,5594
16978,141473.281,10.366,5594
16979,141483.438,10.155,5594
16980,141493.297, 9.862,5594
16981,141504.391,11.094,5594
16982,141515.250,10.867,5594
16983,141525.406,10.140,5594
16984,141536.500,11.108,5594
16985,141546.469, 9.967,5594
16986,141556.344, 9.866,5594
16987,141566.641,10.304,5594
16988,141576.266, 9.612,5594
16989,141585.953, 9.698,5594
16990,141595.781, 9.832,5594
16991,141605.422, 9.631,5594
16992,141616.547,11.124,5594
16993,141626.563,10.027,5594
16994,141636.500, 9.931,5594
16995,141646.688,10.199,5594
16996,141656.453, 9.748,5594
16997,141665.984, 9.541,5594
16998,141676.281,10.289,5594
16999,141686.344,10.058,5594
17000,141696.781,10.436,5594
17001,141707.094,10.322,5594
17002,141717.875,10.789,5594
17003,141728.422,10.541,5594
17004,141739.672,11.253,5594
17005,141751.578,11.904,5594
17006,141763.578,11.995,5594
17007,141776.734,13.151,5594
17008,141788.078,11.336,5594
17009,141800.266,12.203,5594
17010,141811.234,10.970,5594
17011,141821.797,10.563,5594
17012,141834.734,12.922,5594
17013,141845.766,11.054,5594
17014,141856.531,10.753,5594
17015,141867.672,11.136,5594
17016,141878.453,10.793,5594
17017,141889.438,10.978,5594
17018,141900.922,11.488,5594
17019,141910.875, 9.949,5594
17020,141921.281,10.415,5594
17021,141931.188, 9.901,5594
17022,141942.406,11.219,5594
17023,141952.922,10.519,5594
17024,141963.938,11.019,5594
17025,141973.984,10.046,5594
17026,141983.922, 9.933,5594
17027,141993.734, 9.818,5594
17028,142003.656, 9.908,5594
17029,142013.625, 9.978,5594
17030,142023.953,10.330,5594
17031,142034.203,10.246,5594
17032,142046.359,12.155,5594
17033,142056.469,10.109,5594
17034,142067.500,11.031,5594
17035,142077.953,10.461,5594
17036,142089.719,11.760,5594
17037,142100.156,10.433,5594
17038,142110.625,10.486,5594
17039,142121.375,10.740,5594
17040,142131.781,10.399,5594
17041,142143.234,11.458,5594
17042,142153.734,10.500,5594
17043,142164.781,11.032,5594
17044,142176.625,11.862,5594
17045,142187.375,10.748,5594
17046,142198.359,10.977,5594
17047,142208.172, 9.818,5594
17048,142218.203,10.026,5594
17049,142228.031, 9.847,5594
17050,142238.172,10.115,5594
17051,142248.531,10.377,5594
17052,142259.531,10.984,5594
17053,142269.875,10.354,5594
17054,142280.578,10.704,5594
17055,142290.359, 9.779,5594
17056,142300.250, 9.890,5594
17057,142310.656,10.411,5594
17058,142322.328,11.662,5594
17059,142332.453,10.137,5594
17060,142342.516,10.058,5594
17061,142352.813,10.289,5594
17062,142364.547,11.737,5594
17063,142375.016,10.467,5594
17064,142386.016,11.021,5594
17065,142397.547,11.519,5594
17066,142408.156,10.605,5594
17067,142418.750,10.589,5594
17068,142429.703,10.954,5594
17069,142440.453,10.753,5594
17070,142451.141,10.687,5594
17071,142461.500,10.357,5594
17072,142472.688,11.207,5594
17073,142483.688,10.988,5594
17074,142494.375,10.689,5594
17075,142505.047,10.670,5594
17076,142516.031,10.983,5594
17077,142526.609,10.576,5594
17078,142538.188,11.570,5594
17079,142547.859, 9.680,5594
17080,142558.406,10.553,5594
17081,142570.453,12.040,5594
17082,142583.500,13.037,5594
17083,142593.922,10.439,5594
17084,142605.609,11.686,5594
17085,142616.328,10.708,5594
17086,142626.063, 9.726,5594
17087,142636.438,10.396,5594
17088,142646.563,10.129,5594
17089,142656.266, 9.698,5594
17090,142666.313,10.043,5594
17091,142676.203, 9.880,5594
17092,142687.188,11.005,5594
17093,142697.063, 9.862,5594
17094,142707.938,10.883,5594
17095,142718.438,10.502,5594
17096,142728.594,10.153,5594
17097,142738.578, 9.978,5594
17098,142748.406, 9.834,5594
17099,142758.250, 9.832,5594
17100,142769.250,11.013,5594
17101,142779.141, 9.881,5594
17102,142789.484,10.346,5594
17103,142799.578,10.086,5594
17104,142809.375, 9.814,5594
17105,142819.859,10.480,5594
17106,142829.719, 9.857,5594
17107,142839.703, 9.983,5594
17108,142849.547, 9.842,5594
17109,142860.328,10.777,5594
17110,142869.984, 9.667,5594
17111,142879.938, 9.950,5594
17112,142889.406, 9.461,5594
17113,142900.141,10.734,5594
17114,142910.078, 9.938,5594
17115,142920.031, 9.960,5594
17116,142929.578, 9.536,5594
17117,142939.984,10.417,5594
17118,142949.953, 9.982,5594
17119,142960.172,10.208,5594
17120,142971.531,11.347,5594
17121,142982.891,11.364,5594
17122,142993.156,10.273,5594
17123,143003.516,10.355,5594
17124,143013.828,10.311,5594
17125,143024.172,10.342,5594
17126,143034.531,10.363,5594
17127,143044.516, 9.987,5594
17128,143054.563,10.046,5594
17129,143064.578,10.013,5594
17130,143074.578,10.005,5594
17131,143084.859,10.273,5594
17132,143095.250,10.399,5594
17133,143105.563,10.305,5594
17134,143116.188,10.629,5594
17135,143126.688,10.504,5594
17136,143137.453,10.751,5594
17137,143150.156,12.708,5594
17138,143162.266,12.117,5594
17139,143175.234,12.973,5594
17140,143186.844,11.606,5594
17141,143199.563,12.706,5594
17142,143210.984,11.435,5594
17143,143224.141,13.151,5594
17144,143235.672,11.536,5594
17145,143247.297,11.635,5594
17146,143258.734,11.424,5594
17147,143269.734,11.008,5594
17148,143280.844,11.101,5594
17149,143293.000,12.153,5594
17150,143303.938,10.954,5594
17151,143314.688,10.745,5594
17152,143326.391,11.703,5594
17153,143337.625,11.230,5594
17154,143348.281,10.646,5594
17155,143359.094,10.818,5594
17156,143370.844,11.755,5594
17157,143383.141,12.305,5594
17158,143394.063,10.911,5594
17159,143404.438,10.379,5594
17160,143414.781,10.335,5594
17161,143424.875,10.090,5594
17162,143436.422,11.561,5594
17163,143448.797,12.362,5594
17164,143462.906,14.115,5594
17165,143475.797,12.901,5594
17166,143489.156,13.363,5594
17167,143500.359,11.192,5594
17168,143512.078,11.705,5594
17169,143522.656,10.591,5594
17170,143533.844,11.190,5594
17171,143545.000,11.150,5594
17172,143556.203,11.202,5594
17173,143567.938,11.745,5594
17174,143579.109,11.161,5594
17175,143591.063,11.953,5594
17176,143601.953,10.910,5594
17177,143612.172,10.199,5594
17178,143622.438,10.279,5594
17179,143632.938,10.492,5594
17180,143643.109,10.182,5594
17181,143653.578,10.452,5594
17182,143663.844,10.276,5594
17183,143673.953,10.120,5594
17184,143683.875, 9.907,5594
17185,143693.844, 9.981,5594
17186,143703.828, 9.977,5594
17187,143714.219,10.388,5594
17188,143724.453,10.242,5594
17189,143734.984,10.522,5594
17190,143746.266,11.284,5594
17191,143757.484,11.212,5594
17192,143768.469,10.992,5594
17193,143780.406,11.938,5594
17194,143793.438,13.029,5594
17195,143804.844,11.399,5594
17196,143816.234,11.386,5594
17197,143827.781,11.559,5594
17198,143839.109,11.332,5594
17199,143849.531,10.411,5594
17200,143860.781,11.249,5594
17201,143872.234,11.463,5594
17202,143883.469,11.228,5594
17203,143894.594,11.128,5594
17204,143905.063,10.467,5594
17205,143915.984,10.933,5594
17206,143927.734,11.748,5594
17207,143938.891,11.149,5594
17208,143949.891,10.998,5594
17209,143960.453,10.572,5594
17210,143971.547,11.076,5594
17211,143981.906,10.380,5594
17212,143991.969,10.063,5594
17213,144001.828, 9.846,5594
17214,144011.625, 9.797,5594
17215,144022.188,10.560,5594
17216,144032.359,10.184,5594
17217,144042.281, 9.908,5594
17218,144051.984, 9.722,5594
17219,144061.953, 9.966,5594
17220,144072.063,10.087,5594
17221,144082.672,10.632,5594
17222,144092.531, 9.852,5594
17223,144102.250, 9.719,5594
17224,144112.078, 9.823,5594
17225,144121.797, 9.729,5594
17226,144131.516, 9.713,5594
17227,144141.266, 9.756,5594
17228,144151.188, 9.917,5594
17229,144161.469,10.276,5594
17230,144172.156,10.688,5594
17231,144184.813,12.649,5594
17232,144195.719,10.922,5594
17233,144205.953,10.239,5594
17234,144216.313,10.348,5594
17235,144226.406,10.101,5594
17236,144236.672,10.269,5594
17237,144246.656, 9.979,5594
17238,144256.656, 9.999,5594
17239,144266.531, 9.874,5594
17240,144277.141,10.615,5594
17241,144287.563,10.415,5594
17242,144297.813,10.255,5594
17243,144308.250,10.435,5594
17244,144318.859,10.595,5594
17245,144329.469,10.619,5594
17246,144340.281,10.809,5594
17247,144350.766,10.478,5594
17248,144362.266,11.506,5594
17249,144372.734,10.468,5594
17250,144383.609,10.881,5594
17251,144395.078,11.464,5594
17252,144406.938,11.860,5594
17253,144418.141,11.201,5594
17254,144429.250,11.121,5594
17255,144441.672,12.413,5594
17256,144452.297,10.624,5594
17257,144464.594,12.312,5594
17258,144475.609,11.006,5594
17259,144489.219,13.609,5594
17260,144500.969,11.749,5594
17261,144512.406,11.432,5594
17262,144523.047,10.639,5594
17263,144533.625,10.584,5594
17264,144545.172,11.554,5594
17265,144556.297,11.111,5594
17266,144567.078,10.798,5594
17267,144578.688,11.606,5594
17268,144590.906,12.215,5594
17269,144601.500,10.589,5594
17270,144612.125,10.624,5594
17271,144623.734,11.620,5594
17272,144634.922,11.170,5594
17273,144645.406,10.485,5594
17274,144655.563,10.160,5594
17275,144665.891,10.343,5594
17276,144676.063,10.160,5594
17277,144686.297,10.242,5594
17278,144696.641,10.345,5594
17279,144706.500, 9.853,5594
17280,144717.313,10.813,5594
17281,144727.984,10.674,5594
17282,144738.203,10.214,5594
17283,144748.078, 9.866,5594
17284,144758.141,10.062,5594
17285,144767.813, 9.680,5594
17286,144777.844,10.042,5594
17287,144787.844,10.002,5594
17288,144797.500, 9.641,5594
17289,144807.641,10.147,5594
17290,144817.891,10.247,5594
17291,144828.406,10.526,5594
17292,144838.594,10.178,5594
17293,144848.422, 9.839,5594
17294,144858.734,10.292,5594
17295,144868.469, 9.751,5594
17296,144878.188, 9.707,5594
17297,144888.563,10.394,5594
17298,144898.219, 9.647,5594
17299,144908.156, 9.930,5594
17300,144917.859, 9.719,5594
17301,144927.938,10.079,5594
17302,144938.531,10.581,5594
17303,144948.406, 9.875,5594
17304,144958.469,10.069,5594
17305,144968.406, 9.935,5594
17306,144979.406,10.986,5594
17307,144990.656,11.269,5594
17308,145000.922,10.258,5594
17309,145010.969,10.038,5594
17310,145020.781, 9.822,5594
17311,145031.172,10.396,5594
17312,145042.063,10.883,5594
17313,145052.500,10.440,5594
17314,145062.891,10.381,5594
17315,145073.563,10.683,5594
17316,145084.234,10.658,5594
17317,145095.516,11.281,5594
17318,145105.953,10.451,5594
17319,145115.516, 9.552,5594
17320,145125.859,10.353,5594
17321,145137.188,11.331,5594
17322,145147.766,10.579,5594
17323,145158.547,10.777,5594
17324,145169.313,10.764,5594
17325,145180.000,10.688,5594
17326,145189.922, 9.933,5594
17327,145200.359,10.420,5594
17328,145210.891,10.528,5594
17329,145222.469,11.592,5594
17330,145233.172,10.696,5594
17331,145244.031,10.873,5594
17332,145255.094,11.056,5594
17333,145266.875,11.780,5594
17334,145277.469,10.591,5594
17335,145289.000,11.525,5594
17336,145299.078,10.086,5594
17337,145310.016,10.952,5594
17338,145320.438,10.401,5594
17339,145331.953,11.532,5594
17340,145342.906,10.937,5594
17341,145353.641,10.745,5594
17342,145364.344,10.702,5594
17343,145374.141, 9.788,5594
17344,145384.828,10.694,5594
17345,145396.344,11.506,5594
17346,145406.656,10.327,5594
17347,145417.078,10.410,5594
17348,145427.703,10.626,5594
17349,145438.688,10.992,5594
17350,145449.094,10.397,5594
17351,145459.500,10.400,5594
17352,145471.563,12.068,5594
17353,145482.828,11.271,5594
17354,145493.438,10.609,5594
17355,145503.609,10.165,5594
17356,145514.688,11.087,5594
17357,145525.672,10.987,5594
17358,145536.359,10.687,5594
17359,145547.250,10.897,5594
17360,145557.875,10.622,5594
17361,145568.797,10.917,5594
17362,145580.016,11.232,5594
17363,145590.797,10.758,5594
17364,145600.875,10.082,5594
17365,145610.781, 9.900,5594
17366,145620.938,10.168,5594
17367,145630.688, 9.750,5594
17368,145640.656, 9.968,5594
17369,145650.938,10.277,5594
17370,145661.125,10.200,5594
17371,145670.594, 9.466,5594
17372,145680.594,10.003,5594
17373,145690.859,10.251,5594
17374,145700.484, 9.631,5594
17375,145710.172, 9.676,5594
17376,145719.766, 9.604,5594
17377,145729.328, 9.574,5594
17378,145739.328, 9.989,5594
17379,145749.547,10.209,5594
17380,145759.469, 9.931,5594
17381,145769.234, 9.772,5594
17382,145779.422,10.182,5594
17383,145790.781,11.361,5594
17384,145803.516,12.728,5594
17385,145814.375,10.862,5594
17386,145825.094,10.715,5594
17387,145836.000,10.928,5594
17388,145847.953,11.944,5594
17389,145858.203,10.246,5594
17390,145868.813,10.605,5594
17391,145879.234,10.433,5594
17392,145889.797,10.556,5594
17393,145900.219,10.413,5594
17394,145910.297,10.079,5594
17395,145920.594,10.304,5594
17396,145930.547, 9.952,5594
17397,145940.406, 9.864,5594
17398,145950.266, 9.856,5594
17399,145960.875,10.606,5594
17400,145971.469,10.588,5594
17401,145982.000,10.552,5594
17402,145992.500,10.493,5594
17403,146003.953,11.460,5594
17404,146014.875,10.900,5594
17405,146025.156,10.298,5594
17406,146035.984,10.827,5594
17407,146046.672,10.695,5594
17408,146058.281,11.598,5594
17409,146069.781,11.506,5594
17410,146080.922,11.135,5594
17411,146092.297,11.373,5594
17412,146103.344,11.055,5594
17413,146115.359,12.022,5594
17414,146125.969,10.594,5594
17415,146136.563,10.592,5594
17416,146146.578,10.022,5594
17417,146156.219, 9.630,5594
17418,146166.125, 9.900,5594
17419,146175.969, 9.868,5594
17420,146185.813, 9.840,5594
17421,146195.563, 9.730,5594
17422,146206.766,11.205,5594
17423,146218.344,11.593,5594
17424,146228.719,10.369,5594
17425,146238.766,10.033,5594
17426,146249.078,10.321,5594
17427,146259.531,10.452,5594
17428,146269.578,10.045,5594
17429,146279.469, 9.902,5594
17430,146290.469,11.006,5594
17431,146300.266, 9.787,5594
17432,146310.422,10.154,5594
17433,146320.141, 9.717,5594
17434,146330.688,10.561,5594
17435,146341.172,10.475,5594
17436,146351.016, 9.843,5594
17437,146360.875, 9.861,5594
17438,146370.375, 9.504,5594
17439,146379.703, 9.324,5594
17440,146389.891,10.190,5594
17441,146399.594, 9.691,5594
17442,146410.531,10.952,5594
17443,146419.938, 9.408,5594
17444,146430.609,10.670,5594
17445,146440.250, 9.640,5594
17446,146450.188, 9.921,5594
17447,146459.766, 9.590,5594
17448,146471.359,11.603,5594
17449,146481.109, 9.741,5594
17450,146490.922, 9.816,5594
17451,146500.578, 9.665,5594
17452,146510.344, 9.749,5594
17453,146519.938, 9.612,5594
17454,146529.875, 9.926,5594
17455,146541.844,11.975,5594
17456,146552.469,10.616,5594
17457,146562.750,10.282,5594
17458,146573.750,10.996,5594
17459,146583.734, 9.982,5594
17460,146595.328,11.608,5594
17461,146607.297,11.965,5594
17462,146618.359,11.055,5594
17463,146631.875,13.523,5594
17464,146645.563,13.683,5594
17465,146658.766,13.200,5594
17466,146670.203,11.432,5594
17467,146681.813,11.622,5594
17468,146693.953,12.148,5594
17469,146705.578,11.611,5594
17470,146716.844,11.261,5594
17471,146728.422,11.587,5594
17472,146741.047,12.620,5594
17473,146755.844,14.803,5594
17474,146766.359,10.513,5594
17475,146776.563,10.210,5594
17476,146786.266, 9.701,5594
17477,146796.391,10.129,5594
17478,146806.000, 9.614,5594
17479,146815.484, 9.464,5594
17480,146825.781,10.311,5594
17481,146835.438, 9.649,5594
17482,146845.219, 9.780,5594
17483,146855.359,10.142,5594
17484,146865.438,10.068,5594
17485,146875.172, 9.744,5594
17486,146884.813, 9.629,5594
17487,146894.797, 9.985,5594
17488,146904.313, 9.523,5594
17489,146914.844,10.537,5594
17490,146925.047,10.197,5594
17491,146934.781, 9.732,5594
17492,146944.656, 9.895,5594
17493,146954.266, 9.598,5594
17494,146965.000,10.726,5594
17495,146975.016,10.029,5594
17496,146984.641, 9.629,5594
17497,146994.531, 9.889,5594
17498,147004.094, 9.546,5594
17499,147013.734, 9.645,5594
17500,147023.500, 9.759,5594
17501,147034.625,11.145,5594
17502,147046.344,11.703,5594
17503,147057.781,11.445,5594
17504,147069.391,11.605,5594
17505,147080.359,10.979,5594
17506,147090.688,10.320,5594
17507,147101.000,10.310,5594
17508,147110.750, 9.744,5594
17509,147120.516, 9.779,5594
17510,147130.297, 9.781,5594
17511,147140.438,10.131,5594
17512,147150.391, 9.965,5594
17513,147160.734,10.326,5594
17514,147171.453,10.720,5594
17515,147182.547,11.114,5594
17516,147192.766,10.202,5594
17517,147202.984,10.226,5594
17518,147213.938,10.955,5594
17519,147224.375,10.431,5594
17520,147234.406,10.028,5594
17521,147244.891,10.490,5594
17522,147255.719,10.837,5594
17523,147266.594,10.872,5594
17524,147277.328,10.744,5594
17525,147288.766,11.413,5594
17526,147299.125,10.375,5594
17527,147310.484,11.360,5594
17528,147321.484,10.988,5594
17529,147332.484,11.015,5594
17530,147343.031,10.536,5594
17531,147353.156,10.138,5594
17532,147364.203,11.028,5594
17533,147375.016,10.816,5594
17534,147386.281,11.271,5594
17535,147397.625,11.339,5594
17536,147407.719,10.099,5594
17537,147417.531, 9.813,5594
17538,147428.203,10.673,5594
17539,147439.609,11.402,5594
17540,147449.828,10.231,5594
17541,147460.000,10.161,5594
17542,147469.938, 9.950,5594
17543,147480.531,10.580,5594
17544,147490.438, 9.911,5594
17545,147501.391,10.947,5594
17546,147512.125,10.725,5594
17547,147521.813, 9.703,5594
17548,147531.891,10.080,5594
17549,147542.578,10.692,5594
17550,147552.844,10.248,5594
17551,147562.953,10.108,5594
17552,147573.000,10.063,5594
17553,147582.797, 9.792,5594
17554,147592.641, 9.855,5594
17555,147602.813,10.148,5594
17556,147612.672, 9.883,5594
17557,147622.391, 9.713,5594
17558,147632.813,10.416,5594
17559,147642.563, 9.754,5594
17560,147652.359, 9.796,5594
17561,147662.328, 9.963,5594
17562,147673.359,11.038,5594
17563,147683.422,10.044,5594
17564,147693.281, 9.870,5594
17565,147703.000, 9.723,5594
17566,147713.297,10.306,5594
17567,147722.984, 9.674,5594
17568,147733.313,10.345,5594
17569,147743.391,10.060,5594
17570,147752.922, 9.539,5594
17571,147764.422,11.495,5594
17572,147774.609,10.188,5594
17573,147784.922,10.307,5594
17574,147794.984,10.066,5594
17575,147805.672,10.686,5594
17576,147817.250,11.593,5594
17577,147830.188,12.921,5594
17578,147842.625,12.445,5594
17579,147854.516,11.896,5594
17580,147865.125,10.597,5594
17581,147876.063,10.932,5594
17582,147886.609,10.561,5594
17583,147897.453,10.828,5594
17584,147907.297, 9.870,5594
17585,147917.328,10.018,5594
17586,147928.484,11.155,5594
17587,147939.109,10.621,5594
17588,147949.172,10.065,5594
17589,147959.797,10.628,5594
17590,147969.578, 9.776,5594
17591,147980.109,10.525,5594
17592,147990.031, 9.947,5594
17593,148000.609,10.563,5594
17594,148010.578, 9.975,5594
17595,148021.188,10.601,5594
17596,148032.266,11.082,5594
17597,148043.656,11.382,5594
17598,148054.203,10.543,5594
17599,148065.000,10.803,5594
17600,148075.672,10.673,5594
17601,148088.063,12.388,5594
17602,148098.938,10.873,5594
17603,148110.016,11.098,5594
17604,148120.141,10.111,5594
17605,148130.734,10.583,5594
17606,148142.313,11.596,5594
17607,148154.375,12.065,5594
17608,148165.109,10.730,5594
17609,148177.000,11.890,5594
17610,148186.844, 9.831,5594
17611,148197.000,10.170,5594
17612,148207.125,10.121,5594
17613,148217.250,10.126,5594
17614,148227.391,10.135,5594
17615,148237.156, 9.781,5594
17616,148249.281,12.120,5594
17617,148261.094,11.802,5594
17618,148271.219,10.131,5594
17619,148281.094, 9.868,5594
17620,148291.313,10.226,5594
17621,148302.094,10.781,5594
17622,148312.172,10.067,5594
17623,148322.281,10.116,5594
17624,148332.344,10.067,5594
17625,148342.797,10.442,5594
17626,148353.609,10.819,5594
17627,148364.609,11.003,5594
17628,148374.484, 9.872,5594
17629,148384.500,10.016,5594
17630,148394.109, 9.600,5594
17631,148403.984, 9.889,5594
17632,148413.672, 9.684,5594
17633,148423.688,10.026,5594
17634,148433.766,10.078,5594
17635,148443.734, 9.959,5594
17636,148453.969,10.245,5594
17637,148464.813,10.823,5594
17638,148474.797, 9.990,5594
17639,148484.891,10.102,5594
17640,148494.922,10.027,5594
17641,148505.031,10.116,5594
17642,148515.891,10.854,5594
17643,148526.719,10.817,5594
17644,148538.109,11.396,5594
17645,148548.391,10.294,5594
17646,148558.500,10.108,5594
17647,148569.328,10.828,5594
17648,148579.391,10.048,5594
17649,148590.125,10.732,5594
17650,148600.766,10.647,5594
17651,148610.969,10.205,5594
17652,148621.781,10.826,5594
17653,148633.047,11.263,5594
17654,148644.875,11.823,5594
17655,148659.656,14.773,5594
17656,148671.969,12.318,5594
17657,148683.641,11.674,5594
17658,148695.766,12.133,5594
17659,148706.609,10.845,5594
17660,148718.000,11.394,5594
17661,148730.063,12.048,5594
17662,148740.172,10.101,5594
17663,148751.688,11.532,5594
17664,148763.094,11.401,5594
17665,148774.328,11.231,5594
17666,148785.750,11.429,5594
17667,148796.797,11.037,5594
17668,148807.813,11.027,5594
17669,148817.656, 9.833,5594
17670,148827.984,10.335,5594
17671,148837.641, 9.650,5594
17672,148848.078,10.440,5594
17673,148857.891, 9.813,5594
17674,148867.344, 9.458,5594
17675,148877.391,10.042,5594
17676,148888.094,10.701,5594
17677,148898.375,10.290,5594
17678,148908.531,10.161,5594
17679,148918.734,10.187,5594
17680,148930.250,11.517,5594
17681,148941.313,11.073,5594
17682,148952.203,10.875,5594
17683,148963.047,10.845,5594
17684,148973.672,10.633,5594
17685,148984.781,11.095,5594
17686,148996.234,11.471,5594
17687,149006.859,10.612,5594
17688,149017.531,10.679,5594
17689,149028.734,11.199,5594
17690,149039.297,10.573,5594
17691,149050.547,11.253,5594
17692,149061.469,10.915,5594
17693,149072.203,10.737,5594
17694,149082.406,10.205,5594
17695,149092.875,10.461,5594
17696,149103.547,10.668,5594
17697,149114.141,10.595,5594
17698,149124.578,10.444,5594
17699,149134.797,10.205,5594
17700,149145.219,10.433,5594
17701,149156.297,11.081,5594
17702,149167.563,11.263,5594
17703,149177.641,10.081,5594
17704,149187.906,10.268,5594
17705,149197.781, 9.878,5594
17706,149208.234,10.445,5594
17707,149219.469,11.237,5594
17708,149230.375,10.912,5594
17709,149240.797,10.414,5594
17710,149250.984,10.192,5594
17711,149262.094,11.097,5594
17712,149272.391,10.305,5594
17713,149283.281,10.904,5594
17714,149294.188,10.896,5594
17715,149305.297,11.114,5594
17716,149317.391,12.071,5594
17717,149328.109,10.734,5594
17718,149338.531,10.434,5594
17719,149349.797,11.249,5594
17720,149361.422,11.615,5594
17721,149371.766,10.358,5594
17722,149381.859,10.096,5594
17723,149391.984,10.136,5594
17724,149403.125,11.126,5594
17725,149413.906,10.787,5594
17726,149425.984,12.073,5594
17727,149436.922,10.943,5594
17728,149447.469,10.531,5594
17729,149458.547,11.089,5594
17730,149469.313,10.765,5594
17731,149479.578,10.266,5594
17732,149489.828,10.249,5594
17733,149499.891,10.069,5594
17734,149509.766, 9.873,5594
17735,149519.781,10.009,5594
17736,149530.422,10.650,5594
17737,149540.734,10.300,5594
17738,149550.938,10.206,5594
17739,149560.969,10.030,5594
17740,149570.563, 9.609,5594
17741,149580.469, 9.900,5594
17742,149590.141, 9.668,5594
17743,149599.875, 9.739,5594
17744,149609.703, 9.830,5594
17745,149619.281, 9.575,5594
17746,149628.734, 9.443,5594
17747,149639.391,10.651,5594
17748,149649.109, 9.728,5594
17749,149659.734,10.626,5594
17750,149669.938,10.208,5594
17751,149679.672, 9.728,5594
17752,149689.547, 9.875,5594
17753,149699.406, 9.862,5594
17754,149709.344, 9.941,5594
17755,149718.891, 9.538,5594
17756,149728.406, 9.523,5594
17757,149738.531,10.134,5594
17758,149748.438, 9.905,5594
17759,149758.000, 9.556,5594
17760,149767.844, 9.852,5594
17761,149777.188, 9.340,5594
17762,149786.563, 9.368,5594
17763,149796.844,10.270,5594
17764,149806.719, 9.883,5594
17765,149816.609, 9.893,5594
17766,149826.234, 9.629,5594
17767,149836.938,10.694,5594
17768,149848.500,11.567,5594
17769,149860.375,11.880,5594
17770,149870.656,10.283,5594
17771,149880.375, 9.715,5594
17772,149889.797, 9.426,5594
17773,149900.109,10.308,5594
17774,149909.641, 9.535,5594
17775,149919.250, 9.603,5594
17776,149929.500,10.248,5594
17777,149939.563,10.068,5594
17778,149949.500, 9.935,5594
17779,149960.391,10.892,5594
17780,149970.125, 9.727,5594
17781,149979.703, 9.589,5594
17782,149989.641, 9.930,5594
17783,149999.641,10.001,5594
17784,150009.125, 9.489,5594
17785,150019.500,10.376,5594
17786,150030.078,10.564,5594
17787,150040.438,10.377,5594
17788,150051.750,11.301,5594
17789,150064.484,12.734,5594
17790,150075.266,10.789,5594
17791,150085.531,10.256,5594
17792,150096.328,10.800,5594
17793,150107.125,10.801,5594
17794,150118.281,11.149,5594
17795,150129.422,11.141,5594
17796,150140.547,11.134,5594
17797,150152.047,11.485,5594
17798,150162.578,10.556,5594
17799,150175.625,13.032,5594
17800,150186.250,10.622,5594
17801,150196.828,10.579,5594
17802,150206.328, 9.511,5594
17803,150216.281, 9.940,5594
17804,150225.953, 9.679,5594
17805,150235.906, 9.955,5594
17806,150245.938,10.039,5594
17807,150257.578,11.636,5594
17808,150269.859,12.280,5594
17809,150279.875,10.011,5594
17810,150289.828, 9.959,5594
17811,150299.750, 9.912,5594
17812,150309.328, 9.585,5594
17813,150319.469,10.133,5594
17814,150328.984, 9.518,5594
17815,150339.078,10.093,5594
17816,150348.891, 9.813,5594
17817,150358.984,10.098,5594
17818,150368.547, 9.569,5594
17819,150378.219, 9.658,5594
17820,150389.328,11.130,5594
17821,150399.641,10.303,5594
17822,150409.281, 9.650,5594
17823,150418.875, 9.572,5594
17824,150428.688, 9.833,5594
17825,150438.313, 9.603,5594
17826,150447.906, 9.611,5594
17827,150457.641, 9.731,5594
17828,150467.297, 9.654,5594
17829,150477.141, 9.848,5594
17830,150487.109, 9.956,5594
17831,150497.797,10.689,5594
17832,150507.422, 9.626,5594
17833,150517.344, 9.934,5594
17834,150527.031, 9.684,5594
17835,150537.125,10.087,5594
17836,150546.625, 9.515,5594
17837,150556.531, 9.894,5594
17838,150566.141, 9.607,5594
17839,150576.516,10.375,5594
17840,150586.047, 9.531,5594
17841,150595.938, 9.902,5594
17842,150606.438,10.485,5594
17843,150616.250, 9.819,5594
17844,150625.969, 9.730,5594
17845,150635.734, 9.757,5594
17846,150646.250,10.510,5594
17847,150658.656,12.407,5594
17848,150668.938,10.288,5594
17849,150678.484, 9.550,5594
17850,150688.344, 9.844,5594
17851,150699.094,10.751,5594
17852,150710.922,11.832,5594
17853,150720.719, 9.786,5594
17854,150730.813,10.094,5594
17855,150740.750, 9.935,5594
17856,150750.625, 9.894,5594
17857,150760.609, 9.993,5594
17858,150770.594, 9.984,5594
17859,150780.234, 9.632,5594
17860,150790.109, 9.872,5594
17861,150800.063, 9.945,5594
17862,150810.953,10.901,5594
17863,150821.453,10.485,5594
17864,150831.625,10.175,5594
17865,150842.828,11.200,5594
17866,150853.344,10.527,5594
17867,150863.438,10.093,5594
17868,150874.219,10.787,5594
17869,150884.391,10.176,5594
17870,150894.438,10.033,5594
17871,150904.547,10.115,5594
17872,150915.297,10.748,5594
17873,150926.281,10.986,5594
17874,150936.547,10.270,5594
17875,150946.766,10.203,5594
17876,150956.688, 9.941,5594
17877,150966.609, 9.920,5594
17878,150975.969, 9.353,5594
17879,150986.375,10.403,5594
17880,150995.875, 9.511,5594
17881,151005.172, 9.299,5594
17882,151015.172, 9.991,5594
17883,151025.578,10.403,5594
17884,151036.156,10.575,5594
17885,151046.844,10.688,5594
17886,151059.813,12.972,5594
17887,151072.047,12.225,5594
17888,151083.156,11.127,5594
17889,151095.016,11.849,5594
17890,151105.078,10.073,5594
17891,151116.219,11.129,5594
17892,151126.406,10.186,5594
17893,151136.516,10.124,5594
17894,151147.438,10.907,5594
17895,151157.359, 9.941,5594
17896,151167.313, 9.944,5594
17897,151177.078, 9.761,5594
17898,151186.891, 9.818,5594
17899,151196.719, 9.813,5594
17900,151206.969,10.267,5594
17901,151216.688, 9.725,5594
17902,151227.594,10.887,5594
17903,151238.078,10.490,5594
17904,151247.984, 9.922,5594
17905,151258.766,10.769,5594
17906,151268.906,10.138,5594
17907,151279.719,10.813,5594
17908,151289.625, 9.907,5594
17909,151300.547,10.925,5594
17910,151311.266,10.721,5594
17911,151321.469,10.199,5594
17912,151331.031, 9.560,5594
17913,151340.781, 9.744,5594
17914,151350.828,10.048,5594
17915,151362.313,11.483,5594
17916,151372.266, 9.963,5594
17917,151381.938, 9.673,5594
17918,151392.375,10.439,5594
17919,151402.234, 9.845,5594
17920,151412.047, 9.809,5594
17921,151422.891,10.850,5594
17922,151433.813,10.926,5594
17923,151445.844,12.036,5594
17924,151458.047,12.187,5594
17925,151468.609,10.581,5594
17926,151479.438,10.811,5594
17927,151489.609,10.186,5594
17928,151500.813,11.188,5594
17929,151510.938,10.135,5594
17930,151521.313,10.378,5594
17931,151531.672,10.361,5594
17932,151543.031,11.365,5594
17933,151555.250,12.211,5594
17934,151566.531,11.287,5594
17935,151577.703,11.160,5594
17936,151587.391, 9.684,5594
17937,151597.203, 9.834,5594
17938,151606.922, 9.698,5594
17939,151616.578, 9.673,5594
17940,151625.953, 9.381,5594
17941,151635.766, 9.802,5594
17942,151645.484, 9.710,5594
17943,151655.328, 9.864,5594
17944,151665.891,10.548,5594
17945,151675.516, 9.619,5594
17946,151685.203, 9.695,5594
17947,151695.156, 9.953,5594
17948,151705.047, 9.897,5594
17949,151715.094,10.041,5594
17950,151724.594, 9.502,5594
17951,151734.875,10.278,5594
17952,151744.734, 9.857,5594
17953,151754.609, 9.879,5594
17954,151764.391, 9.787,5594
17955,151774.375, 9.972,5594
17956,151784.359, 9.991,5594
17957,151793.656, 9.297,5594
17958,151803.156, 9.495,5594
17959,151813.000, 9.852,5594
17960,151823.109,10.103,5594
17961,151832.781, 9.665,5594
17962,151844.188,11.416,5594
17963,151855.406,11.209,5594
17964,151866.078,10.679,5594
17965,151876.344,10.261,5594
17966,151885.750, 9.409,5594
17967,151895.844,10.097,5594
17968,151906.750,10.895,5594
17969,151916.641, 9.900,5594
17970,151925.969, 9.340,5594
17971,151936.234,10.247,5594
17972,151945.984, 9.762,5594
17973,151955.625, 9.640,5594
17974,151965.719,10.086,5594
17975,151975.844,10.128,5594
17976,151986.172,10.331,5594
17977,151996.359,10.179,5594
17978,152006.328, 9.975,5594
17979,152016.281, 9.945,5594
17980,152026.219, 9.941,5594
17981,152036.438,10.220,5594
17982,152047.172,10.746,5594
17983,152057.328,10.149,5594
17984,152067.875,10.543,5594
17985,152078.938,11.064,5594
17986,152090.094,11.154,5594
17987,152100.422,10.339,5594
17988,152110.641,10.213,5594
17989,152121.063,10.422,5594
17990,152130.969, 9.909,5594
17991,152141.313,10.355,5594
17992,152152.063,10.722,5594
17993,152162.734,10.675,5594
17994,152172.813,10.089,5594
17995,152183.188,10.382,5594
17996,152193.781,10.582,5594
17997,152204.219,10.445,5594
17998,152213.391, 9.155,5594
17999,152223.000, 9.621,5594
18000,152232.906, 9.902,5594
18001,152243.500,10.599,5594
18002,152254.438,10.946,5594
18003,152264.094, 9.636,5594
18004,152273.844, 9.760,5594
18005,152283.250, 9.411,5594
18006,152292.406, 9.153,5594
18007,152302.469,10.062,5594
18008,152311.938, 9.480,5594
18009,152321.969,10.034,5594
18010,152331.625, 9.640,5594
18011,152341.609, 9.991,5594
18012,152352.234,10.613,5594
18013,152362.500,10.283,5594
18014,152373.328,10.822,5594
18015,152384.891,11.552,5594
18016,152395.250,10.376,5594
18017,152407.375,12.108,5594
18018,152417.734,10.373,5594
18019,152428.297,10.560,5594
18020,152438.359,10.064,5594
18021,152448.734,10.364,5594
18022,152459.234,10.520,5594
18023,152470.203,10.954,5594
18024,152479.953, 9.762,5594
18025,152489.469, 9.500,5594
18026,152498.938, 9.475,5594
18027,152508.688, 9.756,5594
18028,152519.906,11.217,5594
18029,152529.875, 9.963,5594
18030,152539.625, 9.742,5594
18031,152549.063, 9.452,5594
18032,152558.969, 9.906,5594
18033,152568.203, 9.227,5594
18034,152577.609, 9.401,5594
18035,152587.813,10.212,5594
18036,152597.203, 9.398,5594
18037,152607.531,10.316,5594
18038,152617.906,10.376,5594
18039,152628.391,10.491,5594
18040,152639.453,11.052,5594
18041,152651.078,11.634,5594
18042,152661.063, 9.990,5594
18043,152672.078,11.001,5594
18044,152682.188,10.109,5594
18045,152692.594,10.421,5594
18046,152702.047, 9.441,5594
18047,152711.609, 9.565,5594
18048,152721.875,10.273,5594
18049,152733.609,11.722,5594
18050,152743.734,10.136,5594
18051,152753.422, 9.677,5594
18052,152763.328, 9.916,5594
18053,152772.953, 9.622,5594
18054,152782.531, 9.575,5594
18055,152793.250,10.728,5594
18056,152802.672, 9.419,5594
18057,152812.453, 9.783,5594
18058,152822.859,10.394,5594
18059,152833.875,11.022,5594
18060,152844.719,10.832,5594
18061,152855.016,10.310,5594
18062,152865.156,10.135,5594
18063,152875.047, 9.895,5594
18064,152885.219,10.173,5594
18065,152895.172, 9.952,5594
18066,152906.063,10.883,5594
18067,152915.781, 9.720,5594
18068,152925.391, 9.607,5594
18069,152936.078,10.693,5594
18070,152947.219,11.149,5594
18071,152957.797,10.567,5594
18072,152967.953,10.169,5594
18073,152977.844, 9.885,5594
18074,152987.250, 9.406,5594
18075,152996.781, 9.527,5594
18076,153006.344, 9.561,5594
18077,153015.547, 9.209,5594
18078,153024.984, 9.437,5594
18079,153034.109, 9.118,5594
18080,153045.688,11.578,5594
18081,153057.109,11.433,5594
18082,153067.469,10.351,5594
18083,153076.859, 9.396,5594
18084,153086.688, 9.830,5594
18085,153096.234, 9.539,5594
18086,153106.359,10.136,5594
18087,153115.719, 9.350,5594
18088,153125.047, 9.332,5594
18089,153134.672, 9.635,5594
18090,153144.250, 9.564,5594
18091,153154.688,10.450,5594
18092,153165.031,10.339,5594
18093,153175.328,10.302,5594
18094,153184.609, 9.280,5594
18095,153194.719,10.095,5594
18096,153204.359, 9.639,5594
18097,153213.953, 9.600,5594
18098,153223.594, 9.646,5594
18099,153233.031, 9.435,5594
18100,153242.578, 9.546,5594
18101,153252.063, 9.469,5594
18102,153261.984, 9.950,5594
18103,153271.578, 9.580,5594
18104,153281.063, 9.488,5594
18105,153290.813, 9.738,5594
18106,153300.344, 9.536,5594
18107,153309.953, 9.623,5594
18108,153319.453, 9.479,5594
18109,153329.422, 9.981,5594
18110,153338.609, 9.188,5594
18111,153348.063, 9.441,5594
18112,153357.719, 9.668,5594
18113,153368.266,10.538,5594
18114,153378.922,10.662,5594
18115,153389.063,10.146,5594
18116,153399.563,10.485,5594
18117,153409.813,10.257,5594
18118,153419.656, 9.845,5594
18119,153429.672,10.014,5594
18120,153440.797,11.117,5594
18121,153453.047,12.257,5594
18122,153464.109,11.070,5594
18123,153475.922,11.818,5594
18124,153486.563,10.632,5594
18125,153497.828,11.278,5594
18126,153509.297,11.458,5594
18127,153520.313,11.019,5594
18128,153531.219,10.900,5594
18129,153542.594,11.380,5594
18130,153555.531,12.938,5594
18131,153569.906,14.372,5594
18132,153584.547,14.647,5594
18133,153597.469,12.916,5594
18134,153609.031,11.569,5594
18135,153619.281,10.248,5594
18136,153628.828, 9.532,5594
18137,153638.188, 9.361,5594
18138,153647.297, 9.118,5594
18139,153657.016, 9.712,5594
18140,153667.141,10.126,5594
18141,153676.500, 9.361,5594
18142,153686.578,10.086,5594
18143,153696.297, 9.714,5594
18144,153705.547, 9.248,5594
18145,153715.016, 9.467,5594
18146,153724.359, 9.350,5594
18147,153733.906, 9.543,5594
18148,153743.984,10.082,5594
18149,153753.281, 9.306,5594
18150,153763.125, 9.828,5594
18151,153772.188, 9.060,5594
18152,153781.594, 9.416,5594
18153,153791.484, 9.886,5594
18154,153800.906, 9.425,5594
18155,153810.609, 9.711,5594
18156,153821.031,10.418,5594
18157,153830.594, 9.564,5594
18158,153842.594,12.002,5594
18159,153853.172,10.577,5594
18160,153863.000, 9.825,5594
18161,153872.938, 9.925,5594
18162,153882.641, 9.718,5594
18163,153892.516, 9.872,5594
18164,153902.844,10.316,5594
18165,153912.469, 9.638,5594
18166,153923.047,10.573,5594
18167,153932.734, 9.678,5594
18168,153942.672, 9.957,5594
18169,153953.391,10.700,5594
18170,153963.266, 9.890,5594
18171,153972.641, 9.377,5594
18172,153982.172, 9.514,5594
18173,153992.719,10.548,5594
18174,154002.375, 9.658,5594
18175,154012.234, 9.871,5594
18176,154023.391,11.140,5594
18177,154033.109, 9.732,5594
18178,154043.328,10.218,5594
18179,154054.047,10.711,5594
18180,154064.281,10.242,5594
18181,154074.922,10.629,5594
18182,154087.375,12.448,5594
18183,154098.656,11.299,5594
18184,154110.281,11.614,5594
18185,154120.391,10.126,5594
18186,154130.969,10.564,5594
18187,154141.375,10.407,5594
18188,154153.484,12.110,5594
18189,154163.656,10.177,5594
18190,154174.797,11.140,5594
18191,154184.641, 9.857,5594
18192,154194.578, 9.935,5594
18193,154204.797,10.199,5594
18194,154215.641,10.854,5594
18195,154225.875,10.245,5594
18196,154236.219,10.323,5594
18197,154247.266,11.060,5594
18198,154257.000, 9.726,5594
18199,154266.500, 9.515,5594
18200,154276.484, 9.969,5594
18201,154285.734, 9.257,5594
18202,154295.469, 9.728,5594
18203,154305.219, 9.751,5594
18204,154315.047, 9.833,5594
18205,154325.844,10.792,5594
18206,154335.609, 9.761,5594
18207,154345.250, 9.659,5594
18208,154355.453,10.191,5594
18209,154364.859, 9.407,5594
18210,154374.516, 9.665,5594
18211,154384.203, 9.678,5594
18212,154393.328, 9.140,5594
18213,154402.859, 9.516,5594
18214,154413.219,10.371,5594
18215,154423.375,10.138,5594
18216,154433.063, 9.704,5594
18217,154442.547, 9.486,5594
18218,154452.000, 9.443,5594
18219,154461.203, 9.213,5594
18220,154470.406, 9.188,5594
18221,154479.984, 9.586,5594
18222,154489.750, 9.762,5594
18223,154499.828,10.077,5594
18224,154509.641, 9.814,5594
18225,154519.797,10.154,5594
18226,154530.609,10.821,5594
18227,154540.516, 9.904,5594
18228,154550.328, 9.806,5594
18229,154559.500, 9.179,5594
18230,154568.531, 9.030,5594
18231,154578.328, 9.789,5594
18232,154588.094, 9.759,5594
18233,154597.422, 9.341,5594
18234,154606.422, 8.998,5594
18235,154616.094, 9.671,5594
18236,154625.688, 9.603,5594
18237,154635.969,10.274,5594
18238,154648.703,12.720,5594
18239,154659.672,10.989,5594
18240,154669.531, 9.847,5594
18241,154679.734,10.206,5594
18242,154689.297, 9.575,5594
18243,154699.922,10.628,5594
18244,154710.297,10.364,5594
18245,154720.578,10.294,5594
18246,154731.016,10.431,5594
18247,154741.766,10.744,5594
18248,154754.469,12.707,5594
18249,154765.859,11.389,5594
18250,154775.172, 9.320,5594
18251,154785.953,10.784,5594
18252,154795.344, 9.387,5594
18253,154805.531,10.179,5594
18254,154815.219, 9.690,5594
18255,154824.844, 9.621,5594
18256,154834.609, 9.778,5594
18257,154844.766,10.131,5594
18258,154854.953,10.198,5594
18259,154866.094,11.142,5594
18260,154875.625, 9.528,5594
18261,154885.516, 9.896,5594
18262,154895.188, 9.672,5594
18263,154905.078, 9.893,5594
18264,154914.719, 9.631,5594
18265,154925.078,10.365,5594
18266,154934.563, 9.493,5594
18267,154944.156, 9.588,5594
18268,154953.656, 9.490,5594
18269,154963.781,10.142,5594
18270,154974.594,10.801,5594
18271,154985.188,10.600,5594
18272,154996.141,10.949,5594
18273,155005.000, 8.856,5594
18274,155014.000, 9.008,5594
18275,155023.469, 9.463,5594
18276,155032.484, 9.016,5594
18277,155042.906,10.421,5594
18278,155053.453,10.535,5594
18279,155062.672, 9.240,5594
18280,155073.641,10.964,5594
18281,155082.516, 8.872,5594
18282,155091.906, 9.396,5594
18283,155101.047, 9.141,5594
18284,155110.578, 9.536,5594
18285,155119.500, 8.908,5594
18286,155128.813, 9.315,5594
18287,155137.719, 8.903,5594
18288,155146.922, 9.209,5594
18289,155156.109, 9.176,5594
18290,155165.813, 9.711,5594
18291,155175.234, 9.421,5594
18292,155184.922, 9.689,5594
18293,155194.000, 9.084,5594
18294,155202.813, 8.801,5594
18295,155212.953,10.150,5594
18296,155221.703, 8.743,5594
18297,155230.766, 9.064,5594
18298,155239.578, 8.813,5594
18299,155248.609, 9.041,5594
18300,155258.125, 9.503,5594
18301,155267.156, 9.045,5594
18302,155276.281, 9.119,5594
18303,155285.578, 9.284,5594
18304,155295.328, 9.774,5594
18305,155304.531, 9.190,5594
18306,155313.281, 8.760,5594
18307,155322.469, 9.174,5594
18308,155331.047, 8.580,5594
18309,155340.313, 9.260,5594
18310,155349.031, 8.719,5594
18311,155358.344, 9.324,5594
18312,155367.406, 9.057,5594
18313,155376.469, 9.071,5594
18314,155385.766, 9.297,5594
18315,155395.906,10.146,5594
18316,155405.766, 9.842,5594
18317,155415.281, 9.532,5594
18318,155425.000, 9.712,5594
18319,155435.156,10.150,5594
18320,155446.328,11.168,5594
18321,155458.797,12.474,5594
18322,155469.547,10.753,5594
18323,155480.391,10.841,5594
18324,155490.344, 9.944,5594
18325,155501.672,11.333,5594
18326,155513.000,11.339,5594
18327,155523.859,10.852,5594
18328,155534.281,10.428,5594
18329,155544.656,10.375,5594
18330,155554.797,10.134,5594
18331,155564.875,10.069,5594
18332,155574.641, 9.782,5594
18333,155584.813,10.167,5594
18334,155595.641,10.830,5594
18335,155605.672,10.023,5594
18336,155615.938,10.277,5594
18337,155625.484, 9.528,5594
18338,155634.844, 9.369,5594
18339,155643.703, 8.866,5594
18340,155652.719, 9.012,5594
18341,155662.547, 9.832,5594
18342,155671.672, 9.118,5594
18343,155680.359, 8.697,5594
18344,155689.063, 8.702,5594
18345,155697.688, 8.626,5594
18346,155706.375, 8.673,5594
18347,155716.547,10.182,5594
18348,155725.141, 8.589,5594
18349,155733.688, 8.542,5594
18350,155742.563, 8.885,5594
18351,155751.016, 8.448,5594
18352,155760.656, 9.648,5594
18353,155770.109, 9.449,5594
18354,155778.813, 8.703,5594
18355,155788.078, 9.255,5594
18356,155797.078, 9.007,5594
18357,155806.094, 9.010,5594
18358,155815.688, 9.596,5594
18359,155824.828, 9.136,5594
18360,155834.359, 9.540,5594
18361,155843.828, 9.474,5594
18362,155855.453,11.620,5594
18363,155865.797,10.341,5594
18364,155875.406, 9.612,5594
18365,155885.016, 9.604,5594
18366,155894.453, 9.443,5594
18367,155903.906, 9.459,5594
18368,155913.422, 9.497,5594
18369,155922.578, 9.178,5594
18370,155932.406, 9.823,5594
18371,155941.078, 8.670,5594
18372,155949.781, 8.709,5594
18373,155958.922, 9.130,5594
18374,155968.016, 9.107,5594
18375,155977.953, 9.933,5594
18376,155986.641, 8.689,5594
18377,155995.172, 8.523,5594
18378,156003.906, 8.743,5594
18379,156013.641, 9.726,5594
18380,156022.625, 8.986,5594
18381,156032.250, 9.630,5594
18382,156041.891, 9.647,5594
18383,156051.500, 9.593,5594
18384,156063.438,11.945,5594
18385,156073.391, 9.937,5594
18386,156085.000,11.616,5594
18387,156095.406,10.403,5594
18388,156105.063, 9.660,5594
18389,156114.859, 9.792,5594
18390,156124.578, 9.736,5594
18391,156134.234, 9.646,5594
18392,156144.063, 9.823,5594
18393,156153.516, 9.466,5594
18394,156163.594,10.069,5594
18395,156173.469, 9.879,5594
18396,156182.531, 9.071,5594
18397,156192.266, 9.721,5594
18398,156201.297, 9.043,5594
18399,156211.438,10.123,5594
18400,156221.188, 9.774,5594
18401,156231.188,10.000,5594
18402,156240.797, 9.586,5594
18403,156251.891,11.109,5594
18404,156261.547, 9.643,5594
18405,156270.250, 8.719,5594
18406,156279.000, 8.744,5594
18407,156288.344, 9.345,5594
18408,156297.719, 9.374,5594
18409,156307.266, 9.547,5594
18410,156316.281, 9.016,5594
18411,156325.109, 8.829,5594
18412,156334.719, 9.603,5594
18413,156343.750, 9.030,5594
18414,156353.516, 9.771,5594
18415,156362.938, 9.415,5594
18416,156371.516, 8.584,5594
18417,156380.094, 8.567,5594
18418,156388.406, 8.325,5594
18419,156397.094, 8.693,5594
18420,156406.266, 9.164,5594
18421,156415.844, 9.588,5594
18422,156424.719, 8.855,5594
18423,156434.359, 9.660,5594
18424,156442.984, 8.622,5594
18425,156452.016, 9.033,5594
18426,156461.469, 9.442,5594
18427,156469.875, 8.422,5594
18428,156479.203, 9.316,5594
18429,156487.719, 8.518,5594
18430,156496.078, 8.359,5594
18431,156504.891, 8.806,5594
18432,156513.328, 8.445,5594
18433,156521.563, 8.227,5594
18434,156530.875, 9.313,5594
18435,156539.703, 8.836,5594
18436,156548.719, 9.013,5594
18437,156557.766, 9.054,5594
18438,156568.094,10.312,5594
18439,156577.281, 9.203,5594
18440,156586.203, 8.912,5594
18441,156595.813, 9.610,5594
18442,156604.656, 8.848,5594
18443,156613.578, 8.915,5594
18444,156622.797, 9.217,5594
18445,156632.297, 9.509,5594
18446,156643.516,11.211,5594
18447,156652.797, 9.278,5594
18448,156663.188,10.402,5594
18449,156673.234,10.045,5594
18450,156682.266, 9.035,5594
18451,156690.875, 8.607,5594
18452,156700.563, 9.689,5594
18453,156709.625, 9.054,5594
18454,156719.578, 9.956,5594
18455,156728.359, 8.779,5594
18456,156736.969, 8.611,5594
18457,156746.156, 9.182,5594
18458,156755.328, 9.194,5594
18459,156764.359, 9.012,5594
18460,156774.766,10.409,5594
18461,156786.063,11.302,5594
18462,156795.078, 9.009,5594
18463,156803.922, 8.854,5594
18464,156812.766, 8.830,5594
18465,156821.656, 8.893,5594
18466,156830.281, 8.629,5594
18467,156839.484, 9.197,5594
18468,156848.828, 9.346,5594
18469,156858.328, 9.507,5594
18470,156867.906, 9.578,5594
18471,156877.219, 9.325,5594
18472,156887.234,10.002,5594
18473,156896.563, 9.330,5594
18474,156906.813,10.239,5594
18475,156916.219, 9.415,5594
18476,156925.313, 9.105,5594
18477,156935.234, 9.917,5594
18478,156944.438, 9.199,5594
18479,156953.719, 9.280,5594
18480,156963.938,10.232,5594
18481,156973.703, 9.748,5594
18482,156983.813,10.109,5594
18483,156994.391,10.586,5594
18484,157003.594, 9.191,5594
18485,157012.578, 9.007,5594
18486,157022.188, 9.589,5594
18487,157030.953, 8.779,5594
18488,157041.406,10.445,5594
18489,157052.344,10.938,5594
18490,157062.781,10.428,5594
18491,157072.500, 9.739,5594
18492,157082.625,10.128,5594
18493,157094.719,12.067,5594
18494,157104.000, 9.300,5594
18495,157113.375, 9.369,5594
18496,157122.344, 8.978,5594
18497,157131.531, 9.182,5594
18498,157140.109, 8.570,5594
18499,157149.000, 8.892,5594
18500,157158.031, 9.033,5594
 