os,cpu,gpu,ram,kernel,driver,cpuscheduler
Steam Runtime 4,Intel Core i7-7700HQ CPU @ 2.80GHz,NVIDIA GeForce GTX 1050 Ti,24468604,6.12.108-1-MANJARO,,performance
fps,frametime,cpu_load,cpu_power,gpu_load,cpu_temp,gpu_temp,gpu_core_clock,gpu_mem_clock,gpu_vram_used,gpu_power,ram_used,swap_used,process_rss,cpu_mhz,elapsed
47.6484,20.9871,56.7164,0,100,88,11,254,525,0.327805,0,11.0971,2.31677,0,3400,276421044
45.1461,22.1503,56.7164,0,100,88,11,254,525,0.327805,0,11.0971,2.31677,0,3400,298572393
48.0526,20.8105,56.7164,0,100,88,11,254,525,0.327805,0,11.0971,2.31677,0,3400,319384587
46.9871,21.2825,56.7164,0,100,88,11,254,525,0.327805,0,11.0971,2.31677,0,3400,340668758
43.0466,23.2306,56.7164,0,100,88,11,254,525,0.327805,0,11.0971,2.31677,0,3400,363900047
51.4566,19.4339,56.7164,0,100,88,11,254,525,0.327805,0,11.0971,2.31677,0,3400,383334958
45.2206,22.1138,56.7164,0,100,88,11,254,525,0.327805,0,11.0971,2.31677,0,3400,405450449
47.037,21.2599,56.7164,0,100,88,11,254,525,0.327805,0,11.0971,2.31677,0,3400,426712053
46.2654,21.6144,56.7164,0,100,88,11,254,525,0.327805,0,11.0971,2.31677,0,3400,448327455
47.4272,21.0849,56.7164,0,100,88,11,254,525,0.327805,0,11.0971,2.31677,0,3400,469414211
50.6239,19.7535,56.7164,0,100,88,11,254,525,0.327805,0,11.0971,2.31677,0,3400,489169123
47.3688,21.111,56.7164,0,100,88,11,254,525,0.327805,0,11.0971,2.31677,0,3400,510280865
45.9206,21.7767,56.7164,0,100,88,11,254,525,0.327805,0,11.0971,2.31677,0,3400,532060145
49.0915,20.3701,56.7164,0,100,88,11,254,525,0.327805,0,11.0971,2.31677,0,3400,552431498
50.1509,19.9398,56.7164,0,100,88,11,254,525,0.327805,0,11.0971,2.31677,0,3400,572372683
43.6832,22.8921,56.7164,0,100,88,11,254,525,0.327805,0,11.0971,2.31677,0,3400,595265977
49.3867,20.2484,56.7164,0,100,88,11,254,525,0.327805,0,11.0971,2.31677,0,3400,615515436
49.7454,20.1023,56.7164,0,100,88,11,254,525,0.327805,0,11.0971,2.31677,0,3400,635619245
48.1115,20.7851,56.7164,0,100,88,11,254,525,0.327805,0,11.0971,2.31677,0,3400,656404747
46.4513,21.5279,56.7164,0,100,88,11,254,525,0.327805,0,11.0971,2.31677,0,3400,677934887
44.6839,22.3794,56.7164,0,100,88,11,254,525,0.327805,0,11.0971,2.31677,0,3400,700314917
51.8413,19.2896,56.7164,0,100,88,11,254,525,0.327805,0,11.0971,2.31677,0,3400,719606616
44.9235,22.2601,56.7164,0,100,88,11,254,525,0.327805,0,11.0971,2.31677,0,3400,741871531
47.6182,21.0004,57.8164,0,100,88,77,1695,3504,2.18536,0,11.0976,2.31677,0,3402,762870001
44.1475,22.6513,57.8164,0,100,88,77,1695,3504,2.18536,0,11.0976,2.31677,0,3402,785523878
54.7767,18.2559,57.8164,0,100,88,77,1695,3504,2.18536,0,11.0976,2.31677,0,3402,803779832
44.444,22.5002,57.8164,0,100,88,77,1695,3504,2.18536,0,11.0976,2.31677,0,3402,826282837
47.9675,20.8474,57.8164,0,100,88,77,1695,3504,2.18536,0,11.0976,2.31677,0,3402,847131371
50.7888,19.6894,57.8164,0,100,88,77,1695,3504,2.18536,0,11.0976,2.31677,0,3402,866822301
46.0318,21.7241,57.8164,0,100,88,77,1695,3504,2.18536,0,11.0976,2.31677,0,3402,888546345
47.3663,21.1121,57.8164,0,100,88,77,1695,3504,2.18536,0,11.0976,2.31677,0,3402,909659974
41.6691,23.9986,57.8164,0,100,88,77,1695,3504,2.18536,0,11.0976,2.31677,0,3402,933660842
55.5155,18.013,57.8164,0,100,88,77,1695,3504,2.18536,0,11.0976,2.31677,0,3402,951675603
47.6502,20.9863,57.8164,0,100,88,77,1695,3504,2.18536,0,11.0976,2.31677,0,3402,972662139
43.6759,22.8959,57.8164,0,100,88,77,1695,3504,2.18536,0,11.0976,2.31677,0,3402,995558602
49.6024,20.1603,57.8164,0,100,88,77,1695,3504,2.18536,0,11.0976,2.31677,0,3402,1015719944
49.5129,20.1968,57.8164,0,100,88,77,1695,3504,2.18536,0,11.0976,2.31677,0,3402,1035919924
49.4032,20.2416,57.8164,0,100,88,77,1695,3504,2.18536,0,11.0976,2.31677,0,3402,1056161590
46.5184,21.4969,57.8164,0,100,88,77,1695,3504,2.18536,0,11.0976,2.31677,0,3402,1077661381
46.148,21.6694,57.8164,0,100,88,77,1695,3504,2.18536,0,11.0976,2.31677,0,3402,1099330333
48.9117,20.445,57.8164,0,100,88,77,1695,3504,2.18536,0,11.0976,2.31677,0,3402,1119778558
46.1432,21.6717,57.8164,0,100,88,77,1695,3504,2.18536,0,11.0976,2.31677,0,3402,1141450128
49.0006,20.4079,57.8164,0,100,88,77,1695,3504,2.18536,0,11.0976,2.31677,0,3402,1161860240
43.2748,23.1081,57.8164,0,100,88,77,1695,3504,2.18536,0,11.0976,2.31677,0,3402,1184969439
53.244,18.7815,57.8164,0,100,88,77,1695,3504,2.18536,0,11.0976,2.31677,0,3402,1203751881
48.7831,20.4989,57.8164,0,100,88,77,1695,3504,2.18536,0,11.0976,2.31677,0,3402,1224252556
45.5353,21.961,57.8164,0,100,88,77,1695,3504,2.18536,0,11.0976,2.31677,0,3402,1246221066
47.9624,20.8497,55.8603,0,100,90,77,1695,3504,2.18536,0,11.0979,2.31677,0,3400,1267064753
48.8323,20.4783,55.8603,0,100,90,77,1695,3504,2.18536,0,11.0979,2.31677,0,3400,1287545724
47.6922,20.9678,55.8603,0,100,90,77,1695,3504,2.18536,0,11.0979,2.31677,0,3400,1308514572
42.9378,23.2895,55.8603,0,100,90,77,1695,3504,2.18536,0,11.0979,2.31677,0,3400,1331805303
51.4315,19.4433,55.8603,0,100,90,77,1695,3504,2.18536,0,11.0979,2.31677,0,3400,1351249471
50.8149,19.6793,55.8603,0,100,90,77,1695,3504,2.18536,0,11.0979,2.31677,0,3400,1370929979
50.5646,19.7767,55.8603,0,100,90,77,1695,3504,2.18536,0,11.0979,2.31677,0,3400,1390708118
46.4377,21.5342,55.8603,0,100,90,77,1695,3504,2.18536,0,11.0979,2.31677,0,3400,1412244274
46.5762,21.4702,55.8603,0,100,90,77,1695,3504,2.18536,0,11.0979,2.31677,0,3400,1433714463
49.6803,20.1287,55.8603,0,100,90,77,1695,3504,2.18536,0,11.0979,2.31677,0,3400,1453844732
48.2764,20.7141,55.8603,0,100,90,77,1695,3504,2.18536,0,11.0979,2.31677,0,3400,1474560838
50.272,19.8918,55.8603,0,100,90,77,1695,3504,2.18536,0,11.0979,2.31677,0,3400,1494454293
48.9784,20.4171,55.8603,0,100,90,77,1695,3504,2.18536,0,11.0979,2.31677,0,3400,1514872771
49.4072,20.2399,55.8603,0,100,90,77,1695,3504,2.18536,0,11.0979,2.31677,0,3400,1535114284
45.069,22.1882,55.8603,0,100,90,77,1695,3504,2.18536,0,11.0979,2.31677,0,3400,1557303198
46.6413,21.4402,55.8603,0,100,90,77,1695,3504,2.18536,0,11.0979,2.31677,0,3400,1578745263
47.595,21.0106,55.8603,0,100,90,77,1695,3504,2.18536,0,11.0979,2.31677,0,3400,1599757163
51.4144,19.4498,55.8603,0,100,90,77,1695,3504,2.18536,0,11.0979,2.31677,0,3400,1619207982
48.9938,20.4108,55.8603,0,100,90,77,1695,3504,2.18536,0,11.0979,2.31677,0,3400,1639620324
51.4447,19.4384,55.8603,0,100,90,77,1695,3504,2.18536,0,11.0979,2.31677,0,3400,1659059272
47.2595,21.1598,55.8603,0,100,90,77,1695,3504,2.18536,0,11.0979,2.31677,0,3400,1680221112
47.4895,21.0573,55.8603,0,100,90,77,1695,3504,2.18536,0,11.0979,2.31677,0,3400,1701279409
52.5941,19.0135,55.8603,0,100,90,77,1695,3504,2.18536,0,11.0979,2.31677,0,3400,1720294758
48.746,20.5145,55.8603,0,100,90,77,1695,3504,2.18536,0,11.0979,2.31677,0,3400,1740810430
44.8026,22.3201,55.8603,0,100,90,77,1695,3504,2.18536,0,11.0979,2.31677,0,3400,1763136243
49.3359,20.2692,53.4653,0,100,90,77,1695,3504,2.18536,0,11.1099,2.31677,0,3400,1783402335
48.6665,20.548,53.4653,0,100,90,77,1695,3504,2.18536,0,11.1099,2.31677,0,3400,1803952244
50.5671,19.7757,53.4653,0,100,90,77,1695,3504,2.18536,0,11.1099,2.31677,0,3400,1823728859
50.5474,19.7834,53.4653,0,100,90,77,1695,3504,2.18536,0,11.1099,2.31677,0,3400,1843514045
45.7437,21.8609,53.4653,0,100,90,77,1695,3504,2.18536,0,11.1099,2.31677,0,3400,1865376985
48.0572,20.8085,53.4653,0,100,90,77,1695,3504,2.18536,0,11.1099,2.31677,0,3400,1886199439
50.6553,19.7413,53.4653,0,100,90,77,1695,3504,2.18536,0,11.1099,2.31677,0,3400,1905942105
52.0599,19.2087,53.4653,0,100,90,77,1695,3504,2.18536,0,11.1099,2.31677,0,3400,1925151914
48.7018,20.5331,53.4653,0,100,90,77,1695,3504,2.18536,0,11.1099,2.31677,0,3400,1945687007
45.149,22.1489,53.4653,0,100,90,77,1695,3504,2.18536,0,11.1099,2.31677,0,3400,1967854307
51.0162,19.6016,53.4653,0,100,90,77,1695,3504,2.18536,0,11.1099,2.31677,0,3400,1987457448
53.8665,18.5644,53.4653,0,100,90,77,1695,3504,2.18536,0,11.1099,2.31677,0,3400,2006024423
45.463,21.9959,53.4653,0,100,90,77,1695,3504,2.18536,0,11.1099,2.31677,0,3400,2028021089
52.3213,19.1127,53.4653,0,100,90,77,1695,3504,2.18536,0,11.1099,2.31677,0,3400,2047135768
47.1914,21.1903,53.4653,0,100,90,77,1695,3504,2.18536,0,11.1099,2.31677,0,3400,2068326154
49.1764,20.335,53.4653,0,100,90,77,1695,3504,2.18536,0,11.1099,2.31677,0,3400,2088663832
49.1941,20.3277,53.4653,0,100,90,77,1695,3504,2.18536,0,11.1099,2.31677,0,3400,2108992065
47.688,20.9696,53.4653,0,100,90,77,1695,3504,2.18536,0,11.1099,2.31677,0,3400,2129962569
53.7945,18.5893,53.4653,0,100,90,77,1695,3504,2.18536,0,11.1099,2.31677,0,3400,2148553573
47.6416,20.9901,53.4653,0,100,90,77,1695,3504,2.18536,0,11.1099,2.31677,0,3400,2169544605
49.5224,20.1929,53.4653,0,100,90,77,1695,3504,2.18536,0,11.1099,2.31677,0,3400,2189738212
49.8631,20.0549,53.4653,0,100,90,77,1695,3504,2.18536,0,11.1099,2.31677,0,3400,2209794133
45.7081,21.878,53.4653,0,100,90,77,1695,3504,2.18536,0,11.1099,2.31677,0,3400,2231674604
48.7341,20.5195,53.4653,0,100,90,77,1695,3504,2.18536,0,11.1099,2.31677,0,3400,2252207333
55.1052,18.1471,53.4653,0,100,90,77,1695,3504,2.18536,0,11.1099,2.31677,0,3400,2270347518
44.549,22.4472,53.2338,0,100,95,78,1695,3504,2.18536,0,11.1091,2.31677,0,3400,2292790807
49.6603,20.1368,53.2338,0,100,95,78,1695,3504,2.18536,0,11.1091,2.31677,0,3400,2312929660
50.8196,19.6774,53.2338,0,100,95,78,1695,3504,2.18536,0,11.1091,2.31677,0,3400,2332606659
50.4463,19.823,53.2338,0,100,95,78,1695,3504,2.18536,0,11.1091,2.31677,0,3400,2352431552
47.0642,21.2476,53.2338,0,100,95,78,1695,3504,2.18536,0,11.1091,2.31677,0,3400,2373680282
54.3751,18.3908,53.2338,0,100,95,78,1695,3504,2.18536,0,11.1091,2.31677,0,3400,2392072744
44.9263,22.2587,53.2338,0,100,95,78,1695,3504,2.18536,0,11.1091,2.31677,0,3400,2414331578
53.5932,18.6591,53.2338,0,100,95,78,1695,3504,2.18536,0,11.1091,2.31677,0,3400,2432991879
43.3274,23.0801,53.2338,0,100,95,78,1695,3504,2.18536,0,11.1091,2.31677,0,3400,2456073706
52.5881,19.0157,53.2338,0,100,95,78,1695,3504,2.18536,0,11.1091,2.31677,0,3400,2475092500
49.0114,20.4034,53.2338,0,100,95,78,1695,3504,2.18536,0,11.1091,2.31677,0,3400,2495495976
46.6447,21.4387,53.2338,0,100,95,78,1695,3504,2.18536,0,11.1091,2.31677,0,3400,2516934893
58.1063,17.2098,53.2338,0,100,95,78,1695,3504,2.18536,0,11.1091,2.31677,0,3400,2534146460
47.5458,21.0323,53.2338,0,100,95,78,1695,3504,2.18536,0,11.1091,2.31677,0,3400,2555180762
47.7704,20.9335,53.2338,0,100,95,78,1695,3504,2.18536,0,11.1091,2.31677,0,3400,2576115459
45.6435,21.9089,53.2338,0,100,95,78,1695,3504,2.18536,0,11.1091,2.31677,0,3400,2598026467
49.8495,20.0604,53.2338,0,100,95,78,1695,3504,2.18536,0,11.1091,2.31677,0,3400,2618087650
49.1329,20.3529,53.2338,0,100,95,78,1695,3504,2.18536,0,11.1091,2.31677,0,3400,2638441870
43.53,22.9727,53.2338,0,100,95,78,1695,3504,2.18536,0,11.1091,2.31677,0,3400,2661415236
59.6432,16.7664,53.2338,0,100,95,78,1695,3504,2.18536,0,11.1091,2.31677,0,3400,2678182441
49.9725,20.011,53.2338,0,100,95,78,1695,3504,2.18536,0,11.1091,2.31677,0,3400,2698194989
46.6361,21.4426,53.2338,0,100,95,78,1695,3504,2.18536,0,11.1091,2.31677,0,3400,2719638612
54.0258,18.5097,53.2338,0,100,95,78,1695,3504,2.18536,0,11.1091,2.31677,0,3400,2738149868
50.9563,19.6247,53.2338,0,100,95,78,1695,3504,2.18536,0,11.1091,2.31677,0,3400,2757776908
53.0676,18.8439,53.2338,0,100,95,78,1695,3504,2.18536,0,11.1091,2.31677,0,3400,2776627997
49.6335,20.1477,59.7052,0,100,95,78,1695,3504,2.18536,0,11.113,2.31677,0,3400,2796772153
45.2597,22.0947,59.7052,0,100,95,78,1695,3504,2.18536,0,11.113,2.31677,0,3400,2818867488
50.8213,19.6768,59.7052,0,100,95,78,1695,3504,2.18536,0,11.113,2.31677,0,3400,2838546751
47.7875,20.926,59.7052,0,100,95,78,1695,3504,2.18536,0,11.113,2.31677,0,3400,2859474286
48.6114,20.5713,59.7052,0,100,95,78,1695,3504,2.18536,0,11.113,2.31677,0,3400,2880046686
54.9231,18.2073,59.7052,0,100,95,78,1695,3504,2.18536,0,11.113,2.31677,0,3400,2898257199
47.2549,21.1618,59.7052,0,100,95,78,1695,3504,2.18536,0,11.113,2.31677,0,3400,2919421416
46.1855,21.6518,59.7052,0,100,95,78,1695,3504,2.18536,0,11.113,2.31677,0,3400,2941072510
58.0846,17.2163,59.7052,0,100,95,78,1695,3504,2.18536,0,11.113,2.31677,0,3400,2958303368
47.5389,21.0354,59.7052,0,100,95,78,1695,3504,2.18536,0,11.113,2.31677,0,3400,2979328149
52.5885,19.0156,59.7052,0,100,95,78,1695,3504,2.18536,0,11.113,2.31677,0,3400,2998344393
24.0542,41.5728,59.7052,0,100,95,78,1695,3504,2.18536,0,11.113,2.31677,0,3400,3039918753
226.663,4.41184,59.7052,0,100,95,78,1695,3504,2.18536,0,11.113,2.31677,0,3400,3044331789
43.56,22.9569,59.7052,0,100,95,78,1695,3504,2.18536,0,11.113,2.31677,0,3400,3067291440
56.2827,17.7674,59.7052,0,100,95,78,1695,3504,2.18536,0,11.113,2.31677,0,3400,3085059547
48.5512,20.5968,59.7052,0,100,95,78,1695,3504,2.18536,0,11.113,2.31677,0,3400,3105657256
49.9238,20.0305,59.7052,0,100,95,78,1695,3504,2.18536,0,11.113,2.31677,0,3400,3125689624
47.5044,21.0507,59.7052,0,100,95,78,1695,3504,2.18536,0,11.113,2.31677,0,3400,3146761208
50.1704,19.9321,59.7052,0,100,95,78,1695,3504,2.18536,0,11.113,2.31677,0,3400,3166677997
51.9782,19.2388,59.7052,0,100,95,78,1695,3504,2.18536,0,11.113,2.31677,0,3400,3185917747
51.2305,19.5196,59.7052,0,100,95,78,1695,3504,2.18536,0,11.113,2.31677,0,3400,3205439586
42.8192,23.354,59.7052,0,100,95,78,1695,3504,2.18536,0,11.113,2.31677,0,3400,3228793946
54.8708,18.2246,59.7052,0,100,95,78,1695,3504,2.18536,0,11.113,2.31677,0,3400,3247019975
51.5381,19.4031,59.7052,0,100,95,78,1695,3504,2.18536,0,11.113,2.31677,0,3400,3266424547
48.9645,20.423,59.7052,0,100,95,78,1695,3504,2.18536,0,11.113,2.31677,0,3400,3286855849
50.5242,19.7925,55.8604,0,100,94,78,1695,3504,2.18536,0,11.1153,2.31677,0,3400,3306642289
51.1265,19.5593,55.8604,0,100,94,78,1695,3504,2.18536,0,11.1153,2.31677,0,3400,3326203121
49.6823,20.1279,55.8604,0,100,94,78,1695,3504,2.18536,0,11.1153,2.31677,0,3400,3346333044
51.1764,19.5403,55.8604,0,100,94,78,1695,3504,2.18536,0,11.1153,2.31677,0,3400,3365874564
51.6697,19.3537,55.8604,0,100,94,78,1695,3504,2.18536,0,11.1153,2.31677,0,3400,3385229329
49.4788,20.2107,55.8604,0,100,94,78,1695,3504,2.18536,0,11.1153,2.31677,0,3400,3405441451
48.965,20.4228,55.8604,0,100,94,78,1695,3504,2.18536,0,11.1153,2.31677,0,3400,3425865728
52.6566,18.991,55.8604,0,100,94,78,1695,3504,2.18536,0,11.1153,2.31677,0,3400,3444857874
49.6578,20.1378,55.8604,0,100,94,78,1695,3504,2.18536,0,11.1153,2.31677,0,3400,3464997584
47.8512,20.8981,55.8604,0,100,94,78,1695,3504,2.18536,0,11.1153,2.31677,0,3400,3485896584
52.5606,19.0257,55.8604,0,100,94,78,1695,3504,2.18536,0,11.1153,2.31677,0,3400,3504923778
50.8405,19.6694,55.8604,0,100,94,78,1695,3504,2.18536,0,11.1153,2.31677,0,3400,3524595745
49.3426,20.2665,55.8604,0,100,94,78,1695,3504,2.18536,0,11.1153,2.31677,0,3400,3544864622
51.8048,19.3032,55.8604,0,100,94,78,1695,3504,2.18536,0,11.1153,2.31677,0,3400,3564167623
50.7975,19.686,55.8604,0,100,94,78,1695,3504,2.18536,0,11.1153,2.31677,0,3400,3583855655
50.4094,19.8376,55.8604,0,100,94,78,1695,3504,2.18536,0,11.1153,2.31677,0,3400,3603694826
48.3232,20.694,55.8604,0,100,94,78,1695,3504,2.18536,0,11.1153,2.31677,0,3400,3624391960
49.1707,20.3373,55.8604,0,100,94,78,1695,3504,2.18536,0,11.1153,2.31677,0,3400,3644741194
50.1057,19.9578,55.8604,0,100,94,78,1695,3504,2.18536,0,11.1153,2.31677,0,3400,3664687531
52.165,19.1699,55.8604,0,100,94,78,1695,3504,2.18536,0,11.1153,2.31677,0,3400,3683859714
55.3849,18.0555,55.8604,0,100,94,78,1695,3504,2.18536,0,11.1153,2.31677,0,3400,3701916076
48.8582,20.4674,55.8604,0,100,94,78,1695,3504,2.18536,0,11.1153,2.31677,0,3400,3722384746
50.8477,19.6666,55.8604,0,100,94,78,1695,3504,2.18536,0,11.1153,2.31677,0,3400,3742051249
51.1313,19.5575,55.8604,0,100,94,78,1695,3504,2.18536,0,11.1153,2.31677,0,3400,3761610396
53.3582,18.7413,55.8604,0,100,94,78,1695,3504,2.18536,0,11.1153,2.31677,0,3400,3780354212
47.1046,21.2293,55.8604,0,100,94,78,1695,3504,2.18536,0,11.1153,2.31677,0,3400,3801588704
53.1013,18.8319,49.4975,0,99,94,78,1684,3504,2.18536,0,11.1225,2.31677,0,3399,3820417477
49.8345,20.0664,49.4975,0,99,94,78,1684,3504,2.18536,0,11.1225,2.31677,0,3399,3840484290
47.5349,21.0372,49.4975,0,99,94,78,1684,3504,2.18536,0,11.1225,2.31677,0,3399,3861522664
51.8799,19.2753,49.4975,0,99,94,78,1684,3504,2.18536,0,11.1225,2.31677,0,3399,3880798787
52.4135,19.0791,49.4975,0,99,94,78,1684,3504,2.18536,0,11.1225,2.31677,0,3399,3899878552
52.7368,18.9621,49.4975,0,99,94,78,1684,3504,2.18536,0,11.1225,2.31677,0,3399,3918842517
50.6492,19.7436,49.4975,0,99,94,78,1684,3504,2.18536,0,11.1225,2.31677,0,3399,3938587766
51.9375,19.2539,49.4975,0,99,94,78,1684,3504,2.18536,0,11.1225,2.31677,0,3399,3957843128
47.7639,20.9363,49.4975,0,99,94,78,1684,3504,2.18536,0,11.1225,2.31677,0,3399,3978780555
51.7838,19.3111,49.4975,0,99,94,78,1684,3504,2.18536,0,11.1225,2.31677,0,3399,3998093069
53.6326,18.6454,49.4975,0,99,94,78,1684,3504,2.18536,0,11.1225,2.31677,0,3399,4016740659
47.9293,20.8641,49.4975,0,99,94,78,1684,3504,2.18536,0,11.1225,2.31677,0,3399,4037604897
49.7321,20.1077,49.4975,0,99,94,78,1684,3504,2.18536,0,11.1225,2.31677,0,3399,4057726486
50.7206,19.7159,49.4975,0,99,94,78,1684,3504,2.18536,0,11.1225,2.31677,0,3399,4077429576
53.1068,18.83,49.4975,0,99,94,78,1684,3504,2.18536,0,11.1225,2.31677,0,3399,4096261491
49.6704,20.1327,49.4975,0,99,94,78,1684,3504,2.18536,0,11.1225,2.31677,0,3399,4116395315
46.2573,21.6182,49.4975,0,99,94,78,1684,3504,2.18536,0,11.1225,2.31677,0,3399,4138015077
57.5169,17.3862,49.4975,0,99,94,78,1684,3504,2.18536,0,11.1225,2.31677,0,3399,4155403029
50.3728,19.852,49.4975,0,99,94,78,1684,3504,2.18536,0,11.1225,2.31677,0,3399,4175256903
49.572,20.1727,49.4975,0,99,94,78,1684,3504,2.18536,0,11.1225,2.31677,0,3399,4195431822
52.9105,18.8998,49.4975,0,99,94,78,1684,3504,2.18536,0,11.1225,2.31677,0,3399,4214332149
50.6303,19.751,49.4975,0,99,94,78,1684,3504,2.18536,0,11.1225,2.31677,0,3399,4234084925
41.6802,23.9922,49.4975,0,99,94,78,1684,3504,2.18536,0,11.1225,2.31677,0,3399,4258077942
64.8982,15.4087,49.4975,0,99,94,78,1684,3504,2.18536,0,11.1225,2.31677,0,3399,4273488578
50.4416,19.8249,49.4975,0,99,94,78,1684,3504,2.18536,0,11.1225,2.31677,0,3399,4293314391
50.8395,19.6698,49.4975,0,99,94,78,1684,3504,2.18536,0,11.1225,2.31677,0,3399,4312992063
50.0306,19.9878,48.5149,0,100,87,78,1683,3504,2.18536,0,11.1234,2.31677,0,3401,4332975403
51.1892,19.5354,48.5149,0,100,87,78,1683,3504,2.18536,0,11.1234,2.31677,0,3401,4352511050
50.5913,19.7662,48.5149,0,100,87,78,1683,3504,2.18536,0,11.1234,2.31677,0,3401,4372279074
49.1319,20.3534,48.5149,0,100,87,78,1683,3504,2.18536,0,11.1234,2.31677,0,3401,4392634019
52.2856,19.1257,48.5149,0,100,87,78,1683,3504,2.18536,0,11.1234,2.31677,0,3401,4411761226
51.2604,19.5082,48.5149,0,100,87,78,1683,3504,2.18536,0,11.1234,2.31677,0,3401,4431269950
51.0532,19.5874,48.5149,0,100,87,78,1683,3504,2.18536,0,11.1234,2.31677,0,3401,4450859016
51.7285,19.3317,48.5149,0,100,87,78,1683,3504,2.18536,0,11.1234,2.31677,0,3401,4470191167
50.1991,19.9207,48.5149,0,100,87,78,1683,3504,2.18536,0,11.1234,2.31677,0,3401,4490114697
46.3014,21.5976,48.5149,0,100,87,78,1683,3504,2.18536,0,11.1234,2.31677,0,3401,4511712947
55.5584,17.9991,48.5149,0,100,87,78,1683,3504,2.18536,0,11.1234,2.31677,0,3401,4529712593
50.5602,19.7784,48.5149,0,100,87,78,1683,3504,2.18536,0,11.1234,2.31677,0,3401,4549492473
51.7723,19.3154,48.5149,0,100,87,78,1683,3504,2.18536,0,11.1234,2.31677,0,3401,4568808966
52.1085,19.1907,48.5149,0,100,87,78,1683,3504,2.18536,0,11.1234,2.31677,0,3401,4588001085
48.6551,20.5528,48.5149,0,100,87,78,1683,3504,2.18536,0,11.1234,2.31677,0,3401,4608555124
49.4984,20.2027,48.5149,0,100,87,78,1683,3504,2.18536,0,11.1234,2.31677,0,3401,4628758958
52.8224,18.9314,48.5149,0,100,87,78,1683,3504,2.18536,0,11.1234,2.31677,0,3401,4647692105
50.8445,19.6678,48.5149,0,100,87,78,1683,3504,2.18536,0,11.1234,2.31677,0,3401,4667361007
47.1131,21.2255,48.5149,0,100,87,78,1683,3504,2.18536,0,11.1234,2.31677,0,3401,4688588425
53.7618,18.6006,48.5149,0,100,87,78,1683,3504,2.18536,0,11.1234,2.31677,0,3401,4707190851
50.7197,19.7162,48.5149,0,100,87,78,1683,3504,2.18536,0,11.1234,2.31677,0,3401,4726907793
50.9273,19.6358,48.5149,0,100,87,78,1683,3504,2.18536,0,11.1234,2.31677,0,3401,4746545162
52.6437,18.9956,48.5149,0,100,87,78,1683,3504,2.18536,0,11.1234,2.31677,0,3401,4765543051
51.5942,19.382,48.5149,0,100,87,78,1683,3504,2.18536,0,11.1234,2.31677,0,3401,4784926774
51.0337,19.5949,48.5149,0,100,87,78,1683,3504,2.18536,0,11.1234,2.31677,0,3401,4804522607
49.279,20.2926,48.5149,0,100,87,78,1683,3504,2.18536,0,11.1234,2.31677,0,3401,4824821748
51.5971,19.3809,45.5919,0,100,87,78,1683,3504,2.18536,0,11.1234,2.31677,0,3400,4844198783
48.9264,20.4389,45.5919,0,100,87,78,1683,3504,2.18536,0,11.1234,2.31677,0,3400,4864639120
51.5251,19.408,45.5919,0,100,87,78,1683,3504,2.18536,0,11.1234,2.31677,0,3400,4884047898
52.4424,19.0685,45.5919,0,100,87,78,1683,3504,2.18536,0,11.1234,2.31677,0,3400,4903118246
51.1434,19.5529,45.5919,0,100,87,78,1683,3504,2.18536,0,11.1234,2.31677,0,3400,4922672628
51.2357,19.5176,45.5919,0,100,87,78,1683,3504,2.18536,0,11.1234,2.31677,0,3400,4942191769
50.4523,19.8207,45.5919,0,100,87,78,1683,3504,2.18536,0,11.1234,2.31677,0,3400,4962014934
50.259,19.8969,45.5919,0,100,87,78,1683,3504,2.18536,0,11.1234,2.31677,0,3400,4981913986
51.1626,19.5455,45.5919,0,100,87,78,1683,3504,2.18536,0,11.1234,2.31677,0,3400,5001460151
48.6337,20.5619,45.5919,0,100,87,78,1683,3504,2.18536,0,11.1234,2.31677,0,3400,5022022956
55.005,18.1802,45.5919,0,100,87,78,1683,3504,2.18536,0,11.1234,2.31677,0,3400,5040204946
50.379,19.8496,45.5919,0,100,87,78,1683,3504,2.18536,0,11.1234,2.31677,0,3400,5060056730
46.8392,21.3497,45.5919,0,100,87,78,1683,3504,2.18536,0,11.1234,2.31677,0,3400,5081407198
57.026,17.5359,45.5919,0,100,87,78,1683,3504,2.18536,0,11.1234,2.31677,0,3400,5098944805
46.7745,21.3792,45.5919,0,100,87,78,1683,3504,2.18536,0,11.1234,2.31677,0,3400,5120324040
51.2227,19.5226,45.5919,0,100,87,78,1683,3504,2.18536,0,11.1234,2.31677,0,3400,5139849921
56.3757,17.7381,45.5919,0,100,87,78,1683,3504,2.18536,0,11.1234,2.31677,0,3400,5157588874
50.5113,19.7976,45.5919,0,100,87,78,1683,3504,2.18536,0,11.1234,2.31677,0,3400,5177387306
51.6131,19.3749,45.5919,0,100,87,78,1683,3504,2.18536,0,11.1234,2.31677,0,3400,5196764038
49.3275,20.2727,45.5919,0,100,87,78,1683,3504,2.18536,0,11.1234,2.31677,0,3400,5217036633
53.9289,18.5429,45.5919,0,100,87,78,1683,3504,2.18536,0,11.1234,2.31677,0,3400,5235580790
48.3973,20.6623,45.5919,0,100,87,78,1683,3504,2.18536,0,11.1234,2.31677,0,3400,5256245974
53.4758,18.7001,45.5919,0,100,87,78,1683,3504,2.18536,0,11.1234,2.31677,0,3400,5274945610
50.4573,19.8188,45.5919,0,100,87,78,1683,3504,2.18536,0,11.1234,2.31677,0,3400,5294765990
50.8177,19.6782,45.5919,0,100,87,78,1683,3504,2.18536,0,11.1234,2.31677,0,3400,5314446274
51.6297,19.3687,45.5919,0,100,87,78,1683,3504,2.18536,0,11.1234,2.31677,0,3400,5333822072
47.2657,21.157,47.8697,0,100,95,78,1683,3504,2.18536,0,11.1235,2.31677,0,3400,5354973958
56.8853,17.5792,47.8697,0,100,95,78,1683,3504,2.18536,0,11.1235,2.31677,0,3400,5372554313
50.6977,19.7248,47.8697,0,100,95,78,1683,3504,2.18536,0,11.1235,2.31677,0,3400,5392281087
51.6852,19.3479,47.8697,0,100,95,78,1683,3504,2.18536,0,11.1235,2.31677,0,3400,5411630019
49.8483,20.0609,47.8697,0,100,95,78,1683,3504,2.18536,0,11.1235,2.31677,0,3400,5431692196
51.7787,19.313,47.8697,0,100,95,78,1683,3504,2.18536,0,11.1235,2.31677,0,3400,5451007240
48.6482,20.5558,47.8697,0,100,95,78,1683,3504,2.18536,0,11.1235,2.31677,0,3400,5471565009
51.6054,19.3778,47.8697,0,100,95,78,1683,3504,2.18536,0,11.1235,2.31677,0,3400,5490942975
52.26,19.1351,47.8697,0,100,95,78,1683,3504,2.18536,0,11.1235,2.31677,0,3400,5510079067
51.9794,19.2384,47.8697,0,100,95,78,1683,3504,2.18536,0,11.1235,2.31677,0,3400,5529319901
48.8,20.4918,47.8697,0,100,95,78,1683,3504,2.18536,0,11.1235,2.31677,0,3400,5549811738
54.607,18.3127,47.8697,0,100,95,78,1683,3504,2.18536,0,11.1235,2.31677,0,3400,5568126267
47.057,21.2508,47.8697,0,100,95,78,1683,3504,2.18536,0,11.1235,2.31677,0,3400,5589379151
56.5612,17.68,47.8697,0,100,95,78,1683,3504,2.18536,0,11.1235,2.31677,0,3400,5607060594
50.1499,19.9402,47.8697,0,100,95,78,1683,3504,2.18536,0,11.1235,2.31677,0,3400,5627001279
52.6554,18.9914,47.8697,0,100,95,78,1683,3504,2.18536,0,11.1235,2.31677,0,3400,5645994237
49.5459,20.1833,47.8697,0,100,95,78,1683,3504,2.18536,0,11.1235,2.31677,0,3400,5666179403
51.6369,19.366,47.8697,0,100,95,78,1683,3504,2.18536,0,11.1235,2.31677,0,3400,5685546493
52.0289,19.2201,47.8697,0,100,95,78,1683,3504,2.18536,0,11.1235,2.31677,0,3400,5704767522
50.5876,19.7677,47.8697,0,100,95,78,1683,3504,2.18536,0,11.1235,2.31677,0,3400,5724538397
53.1221,18.8246,47.8697,0,100,95,78,1683,3504,2.18536,0,11.1235,2.31677,0,3400,5743363183
49.689,20.1252,47.8697,0,100,95,78,1683,3504,2.18536,0,11.1235,2.31677,0,3400,5763490092
51.4412,19.4397,47.8697,0,100,95,78,1683,3504,2.18536,0,11.1235,2.31677,0,3400,5782930781
49.3098,20.28,47.8697,0,100,95,78,1683,3504,2.18536,0,11.1235,2.31677,0,3400,5803211874
51.8584,19.2833,47.8697,0,100,95,78,1683,3504,2.18536,0,11.1235,2.31677,0,3400,5822495605
50.6133,19.7577,47.8697,0,100,95,78,1683,3504,2.18536,0,11.1235,2.31677,0,3400,5842259625
53.2427,18.7819,48.4772,0,100,95,78,1683,3504,2.18536,0,11.1234,2.31677,0,3401,5861037303
51.0053,19.6058,48.4772,0,100,95,78,1683,3504,2.18536,0,11.1234,2.31677,0,3401,5880645482
48.5614,20.5925,48.4772,0,100,95,78,1683,3504,2.18536,0,11.1234,2.31677,0,3401,5901238480
54.0504,18.5012,48.4772,0,100,95,78,1683,3504,2.18536,0,11.1234,2.31677,0,3401,5919740185
49.71,20.1167,48.4772,0,100,95,78,1683,3504,2.18536,0,11.1234,2.31677,0,3401,5939858054
51.1968,19.5325,48.4772,0,100,95,78,1683,3504,2.18536,0,11.1234,2.31677,0,3401,5959391380
52.483,19.0538,48.4772,0,100,95,78,1683,3504,2.18536,0,11.1234,2.31677,0,3401,5978446607
51.4664,19.4301,48.4772,0,100,95,78,1683,3504,2.18536,0,11.1234,2.31677,0,3401,5997876712
50.212,19.9156,48.4772,0,100,95,78,1683,3504,2.18536,0,11.1234,2.31677,0,3401,6017794917
50.5337,19.7888,48.4772,0,100,95,78,1683,3504,2.18536,0,11.1234,2.31677,0,3401,6037584499
50.3916,19.8446,48.4772,0,100,95,78,1683,3504,2.18536,0,11.1234,2.31677,0,3401,6057430972
44.3687,22.5384,48.4772,0,100,95,78,1683,3504,2.18536,0,11.1234,2.31677,0,3401,6079971199
61.7169,16.203,48.4772,0,100,95,78,1683,3504,2.18536,0,11.1234,2.31677,0,3401,6096175066
51.7159,19.3364,48.4772,0,100,95,78,1683,3504,2.18536,0,11.1234,2.31677,0,3401,6115512372
51.0284,19.5969,48.4772,0,100,95,78,1683,3504,2.18536,0,11.1234,2.31677,0,3401,6135109610
52.425,19.0749,48.4772,0,100,95,78,1683,3504,2.18536,0,11.1234,2.31677,0,3401,6154186258
50.0792,19.9684,48.4772,0,100,95,78,1683,3504,2.18536,0,11.1234,2.31677,0,3401,6174155944
51.0229,19.599,48.4772,0,100,95,78,1683,3504,2.18536,0,11.1234,2.31677,0,3401,6193756336
51.9468,19.2505,48.4772,0,100,95,78,1683,3504,2.18536,0,11.1234,2.31677,0,3401,6213008444
48.1153,20.7834,48.4772,0,100,95,78,1683,3504,2.18536,0,11.1234,2.31677,0,3401,6233793134
55.4381,18.0381,48.4772,0,100,95,78,1683,3504,2.18536,0,11.1234,2.31677,0,3401,6251833019
51.5346,19.4045,48.4772,0,100,95,78,1683,3504,2.18536,0,11.1234,2.31677,0,3401,6271237778
48.1539,20.7667,48.4772,0,100,95,78,1683,3504,2.18536,0,11.1234,2.31677,0,3401,6292006217
57.358,17.4343,48.4772,0,100,95,78,1683,3504,2.18536,0,11.1234,2.31677,0,3401,6309442582
47.9215,20.8675,48.4772,0,100,95,78,1683,3504,2.18536,0,11.1234,2.31677,0,3401,6330310635
56.1646,17.8048,48.4772,0,100,95,78,1683,3504,2.18536,0,11.1234,2.31677,0,3401,6348123595
51.5473,19.3997,47.25,0,100,95,79,1683,3504,2.18536,0,11.1236,2.31677,0,3401,6367516487
48.0329,20.819,47.25,0,100,95,79,1683,3504,2.18536,0,11.1236,2.31677,0,3401,6388337069
53.5659,18.6686,47.25,0,100,95,79,1683,3504,2.18536,0,11.1236,2.31677,0,3401,6407006692
51.4715,19.4282,47.25,0,100,95,79,1683,3504,2.18536,0,11.1236,2.31677,0,3401,6426436781
51.2467,19.5135,47.25,0,100,95,79,1683,3504,2.18536,0,11.1236,2.31677,0,3401,6445951410
53.9003,18.5528,47.25,0,100,95,79,1683,3504,2.18536,0,11.1236,2.31677,0,3401,6464504910
47.5519,21.0297,47.25,0,100,95,79,1683,3504,2.18536,0,11.1236,2.31677,0,3401,6485535694
52.8089,18.9362,47.25,0,100,95,79,1683,3504,2.18536,0,11.1236,2.31677,0,3401,6504472473
52.5191,19.0407,47.25,0,100,95,79,1683,3504,2.18536,0,11.1236,2.31677,0,3401,6523514767
52.6851,18.9807,47.25,0,100,95,79,1683,3504,2.18536,0,11.1236,2.31677,0,3401,6542510804
50.2713,19.8921,47.25,0,100,95,79,1683,3504,2.18536,0,11.1236,2.31677,0,3401,6562390182
52.2627,19.1341,47.25,0,100,95,79,1683,3504,2.18536,0,11.1236,2.31677,0,3401,6581526014
49.8222,20.0714,47.25,0,100,95,79,1683,3504,2.18536,0,11.1236,2.31677,0,3401,6601598494
50.7724,19.6958,47.25,0,100,95,79,1683,3504,2.18536,0,11.1236,2.31677,0,3401,6621295553
54.2107,18.4465,47.25,0,100,95,79,1683,3504,2.18536,0,11.1236,2.31677,0,3401,6639743508
49.8004,20.0801,47.25,0,100,95,79,1683,3504,2.18536,0,11.1236,2.31677,0,3401,6659824494
46.4274,21.539,47.25,0,100,95,79,1683,3504,2.18536,0,11.1236,2.31677,0,3401,6681366364
56.6298,17.6586,47.25,0,100,95,79,1683,3504,2.18536,0,11.1236,2.31677,0,3401,6699024511
53.1956,18.7985,47.25,0,100,95,79,1683,3504,2.18536,0,11.1236,2.31677,0,3401,6717824319
51.0269,19.5975,47.25,0,100,95,79,1683,3504,2.18536,0,11.1236,2.31677,0,3401,6737422731
49.9707,20.0117,47.25,0,100,95,79,1683,3504,2.18536,0,11.1236,2.31677,0,3401,6757435405
53.2706,18.7721,47.25,0,100,95,79,1683,3504,2.18536,0,11.1236,2.31677,0,3401,6776209692
49.8425,20.0632,47.25,0,100,95,79,1683,3504,2.18536,0,11.1236,2.31677,0,3401,6796273833
52.0626,19.2077,47.25,0,100,95,79,1683,3504,2.18536,0,11.1236,2.31677,0,3401,6815483134
51.3983,19.4559,47.25,0,100,95,79,1683,3504,2.18536,0,11.1236,2.31677,0,3401,6834939139
47.2497,21.1642,47.25,0,100,95,79,1683,3504,2.18536,0,11.1236,2.31677,0,3401,6856117735
57.2783,17.4586,47.7723,0,100,95,79,1683,3504,2.18536,0,11.1236,2.31677,0,3400,6873567438
50.6021,19.762,47.7723,0,100,95,79,1683,3504,2.18536,0,11.1236,2.31677,0,3400,6893330021
50.5011,19.8015,47.7723,0,100,95,79,1683,3504,2.18536,0,11.1236,2.31677,0,3400,6913132591
50.0654,19.9739,47.7723,0,100,95,79,1683,3504,2.18536,0,11.1236,2.31677,0,3400,6933108354
53.6409,18.6425,47.7723,0,100,95,79,1683,3504,2.18536,0,11.1236,2.31677,0,3400,6951753194
51.1206,19.5616,47.7723,0,100,95,79,1683,3504,2.18536,0,11.1236,2.31677,0,3400,6971316095
50.6254,19.7529,47.7723,0,100,95,79,1683,3504,2.18536,0,11.1236,2.31677,0,3400,6991069682
50.9969,19.609,47.7723,0,100,95,79,1683,3504,2.18536,0,11.1236,2.31677,0,3400,7010679073
49.834,20.0666,47.7723,0,100,95,79,1683,3504,2.18536,0,11.1236,2.31677,0,3400,7030748276
49.4218,20.234,47.7723,0,100,95,79,1683,3504,2.18536,0,11.1236,2.31677,0,3400,7050982810
48.6638,20.5491,47.7723,0,100,95,79,1683,3504,2.18536,0,11.1236,2.31677,0,3400,7071533358
56.9709,17.5528,47.7723,0,100,95,79,1683,3504,2.18536,0,11.1236,2.31677,0,3400,7089088891
51.5884,19.3842,47.7723,0,100,95,79,1683,3504,2.18536,0,11.1236,2.31677,0,3400,7108473179
52.1027,19.1929,47.7723,0,100,95,79,1683,3504,2.18536,0,11.1236,2.31677,0,3400,7127667363
49.51,20.1979,47.7723,0,100,95,79,1683,3504,2.18536,0,11.1236,2.31677,0,3400,7147866104
49.6307,20.1488,47.7723,0,100,95,79,1683,3504,2.18536,0,11.1236,2.31677,0,3400,7168016617
53.4469,18.7102,47.7723,0,100,95,79,1683,3504,2.18536,0,11.1236,2.31677,0,3400,7186729373
51.886,19.273,47.7723,0,100,95,79,1683,3504,2.18536,0,11.1236,2.31677,0,3400,7206001019
49.4221,20.2339,47.7723,0,100,95,79,1683,3504,2.18536,0,11.1236,2.31677,0,3400,7226236895
52.4775,19.0558,47.7723,0,100,95,79,1683,3504,2.18536,0,11.1236,2.31677,0,3400,7245294575
51.0627,19.5837,47.7723,0,100,95,79,1683,3504,2.18536,0,11.1236,2.31677,0,3400,7264877935
50.5337,19.7888,47.7723,0,100,95,79,1683,3504,2.18536,0,11.1236,2.31677,0,3400,7284668226
47.2871,21.1474,47.7723,0,100,95,79,1683,3504,2.18536,0,11.1236,2.31677,0,3400,7305817261
53.0971,18.8334,47.7723,0,100,95,79,1683,3504,2.18536,0,11.1236,2.31677,0,3400,7324652097
54.7908,18.2512,47.7723,0,100,95,79,1683,3504,2.18536,0,11.1236,2.31677,0,3400,7342904423
49.3553,20.2612,47.7723,0,100,95,79,1683,3504,2.18536,0,11.1236,2.31677,0,3400,7363172295
52.3067,19.118,39.1521,0,100,86,79,1683,3504,2.18536,0,11.1245,2.31677,0,3400,7382285829
49.8236,20.0708,39.1521,0,100,86,79,1683,3504,2.18536,0,11.1245,2.31677,0,3400,7402358037
52.0694,19.2051,39.1521,0,100,86,79,1683,3504,2.18536,0,11.1245,2.31677,0,3400,7421564787
49.0559,20.3849,39.1521,0,100,86,79,1683,3504,2.18536,0,11.1245,2.31677,0,3400,7441951208
53.838,18.5742,39.1521,0,100,86,79,1683,3504,2.18536,0,11.1245,2.31677,0,3400,7460544309
49.1148,20.3605,39.1521,0,100,86,79,1683,3504,2.18536,0,11.1245,2.31677,0,3400,7480899597
49.0166,20.4012,39.1521,0,100,86,79,1683,3504,2.18536,0,11.1245,2.31677,0,3400,7501302113
54.908,18.2123,39.1521,0,100,86,79,1683,3504,2.18536,0,11.1245,2.31677,0,3400,7519515914
49.995,20.002,39.1521,0,100,86,79,1683,3504,2.18536,0,11.1245,2.31677,0,3400,7539520218
52.6367,18.9981,39.1521,0,100,86,79,1683,3504,2.18536,0,11.1245,2.31677,0,3400,7558522064
46.7294,21.3998,39.1521,0,100,86,79,1683,3504,2.18536,0,11.1245,2.31677,0,3400,7579921702
56.6795,17.6431,39.1521,0,100,86,79,1683,3504,2.18536,0,11.1245,2.31677,0,3400,7597565983
49.4237,20.2332,39.1521,0,100,86,79,1683,3504,2.18536,0,11.1245,2.31677,0,3400,7617799371
50.0477,19.9809,39.1521,0,100,86,79,1683,3504,2.18536,0,11.1245,2.31677,0,3400,7637782224
53.6496,18.6395,39.1521,0,100,86,79,1683,3504,2.18536,0,11.1245,2.31677,0,3400,7656422665
48.6666,20.548,39.1521,0,100,86,79,1683,3504,2.18536,0,11.1245,2.31677,0,3400,7676971399
53.9241,18.5446,39.1521,0,100,86,79,1683,3504,2.18536,0,11.1245,2.31677,0,3400,7695517245
50.886,19.6518,39.1521,0,100,86,79,1683,3504,2.18536,0,11.1245,2.31677,0,3400,7715170219
49.2338,20.3113,39.1521,0,100,86,79,1683,3504,2.18536,0,11.1245,2.31677,0,3400,7735483232
51.9698,19.2419,39.1521,0,100,86,79,1683,3504,2.18536,0,11.1245,2.31677,0,3400,7754725705
50.2993,19.881,39.1521,0,100,86,79,1683,3504,2.18536,0,11.1245,2.31677,0,3400,7774608281
50.3332,19.8676,39.1521,0,100,86,79,1683,3504,2.18536,0,11.1245,2.31677,0,3400,7794489712
49.2601,20.3004,39.1521,0,100,86,79,1683,3504,2.18536,0,11.1245,2.31677,0,3400,7814779101
57.782,17.3064,39.1521,0,100,86,79,1683,3504,2.18536,0,11.1245,2.31677,0,3400,7832088082
51.2936,19.4956,39.1521,0,100,86,79,1683,3504,2.18536,0,11.1245,2.31677,0,3400,7851582844
48.5811,20.5841,39.1521,0,100,86,79,1683,3504,2.18536,0,11.1245,2.31677,0,3400,7872174979
49.5411,20.1853,40.796,0,100,86,79,1683,3504,2.18536,0,11.1092,2.31677,0,3400,7892355890
39.4999,25.3165,40.796,0,100,86,79,1683,3504,2.18536,0,11.1092,2.31677,0,3400,7917686538
83.3469,11.998,40.796,0,100,86,79,1683,3504,2.18536,0,11.1092,2.31677,0,3400,7929672542
47.4676,21.067,40.796,0,100,86,79,1683,3504,2.18536,0,11.1092,2.31677,0,3400,7950741135
53.6364,18.644,40.796,0,100,86,79,1683,3504,2.18536,0,11.1092,2.31677,0,3400,7969386301
50.324,19.8712,40.796,0,100,86,79,1683,3504,2.18536,0,11.1092,2.31677,0,3400,7989258676
50.7643,19.6989,40.796,0,100,86,79,1683,3504,2.18536,0,11.1092,2.31677,0,3400,8008958809
48.4953,20.6206,40.796,0,100,86,79,1683,3504,2.18536,0,11.1092,2.31677,0,3400,8029581581
54.701,18.2812,40.796,0,100,86,79,1683,3504,2.18536,0,11.1092,2.31677,0,3400,8047863126
47.3411,21.1233,40.796,0,100,86,79,1683,3504,2.18536,0,11.1092,2.31677,0,3400,8068987987
50.7237,19.7147,40.796,0,100,86,79,1683,3504,2.18536,0,11.1092,2.31677,0,3400,8088703544
53.7155,18.6166,40.796,0,100,86,79,1683,3504,2.18536,0,11.1092,2.31677,0,3400,8107321006
49.5332,20.1885,40.796,0,100,86,79,1683,3504,2.18536,0,11.1092,2.31677,0,3400,8127510627
50.264,19.8949,40.796,0,100,86,79,1683,3504,2.18536,0,11.1092,2.31677,0,3400,8147405951
57.6764,17.3381,40.796,0,100,86,79,1683,3504,2.18536,0,11.1092,2.31677,0,3400,8164746673
49.2415,20.3081,40.796,0,100,86,79,1683,3504,2.18536,0,11.1092,2.31677,0,3400,8185056380
51.5627,19.3939,40.796,0,100,86,79,1683,3504,2.18536,0,11.1092,2.31677,0,3400,8204451207
50.3771,19.8503,40.796,0,100,86,79,1683,3504,2.18536,0,11.1092,2.31677,0,3400,8224302671
52.1774,19.1654,40.796,0,100,86,79,1683,3504,2.18536,0,11.1092,2.31677,0,3400,8243468997
51.2826,19.4998,40.796,0,100,86,79,1683,3504,2.18536,0,11.1092,2.31677,0,3400,8262972073
51.6176,19.3732,40.796,0,100,86,79,1683,3504,2.18536,0,11.1092,2.31677,0,3400,8282346257
51.1491,19.5507,40.796,0,100,86,79,1683,3504,2.18536,0,11.1092,2.31677,0,3400,8301899166
50.445,19.8236,40.796,0,100,86,79,1683,3504,2.18536,0,11.1092,2.31677,0,3400,8321723292
49.7362,20.1061,40.796,0,100,86,79,1683,3504,2.18536,0,11.1092,2.31677,0,3400,8341831560
52.7021,18.9746,40.796,0,100,86,79,1683,3504,2.18536,0,11.1092,2.31677,0,3400,8360806429
49.543,20.1845,40.796,0,100,86,79,1683,3504,2.18536,0,11.1092,2.31677,0,3400,8380995372
55.7695,17.9309,52.1092,0,100,88,79,1683,3504,2.18536,0,11.1031,2.31677,0,3401,8398923135
49.6899,20.1248,52.1092,0,100,88,79,1683,3504,2.18536,0,11.1031,2.31677,0,3401,8419049386
51.8345,19.2922,52.1092,0,100,88,79,1683,3504,2.18536,0,11.1031,2.31677,0,3401,8438343510
49.6886,20.1253,52.1092,0,100,88,79,1683,3504,2.18536,0,11.1031,2.31677,0,3401,8458469704
50.7831,19.6916,52.1092,0,100,88,79,1683,3504,2.18536,0,11.1031,2.31677,0,3401,8478162181
52.8692,18.9146,52.1092,0,100,88,79,1683,3504,2.18536,0,11.1031,2.31677,0,3401,8497078595
50.3812,19.8487,52.1092,0,100,88,79,1683,3504,2.18536,0,11.1031,2.31677,0,3401,8516928372
51.5593,19.3951,52.1092,0,100,88,79,1683,3504,2.18536,0,11.1031,2.31677,0,3401,8536323842
50.9664,19.6208,52.1092,0,100,88,79,1683,3504,2.18536,0,11.1031,2.31677,0,3401,8555945849
45.526,21.9655,52.1092,0,100,88,79,1683,3504,2.18536,0,11.1031,2.31677,0,3401,8577912887
54.7277,18.2723,52.1092,0,100,88,79,1683,3504,2.18536,0,11.1031,2.31677,0,3401,8596185670
53.0185,18.8613,52.1092,0,100,88,79,1683,3504,2.18536,0,11.1031,2.31677,0,3401,8615048707
45.5658,21.9463,52.1092,0,100,88,79,1683,3504,2.18536,0,11.1031,2.31677,0,3401,8636995146
58.0056,17.2397,52.1092,0,100,88,79,1683,3504,2.18536,0,11.1031,2.31677,0,3401,8654236819
48.0702,20.8029,52.1092,0,100,88,79,1683,3504,2.18536,0,11.1031,2.31677,0,3401,8675041066
50.9784,19.6162,52.1092,0,100,88,79,1683,3504,2.18536,0,11.1031,2.31677,0,3401,8694658842
51.9084,19.2647,52.1092,0,100,88,79,1683,3504,2.18536,0,11.1031,2.31677,0,3401,8713924193
49.781,20.088,52.1092,0,100,88,79,1683,3504,2.18536,0,11.1031,2.31677,0,3401,8734031914
48.1132,20.7843,52.1092,0,100,88,79,1683,3504,2.18536,0,11.1031,2.31677,0,3401,8754818290
51.1359,19.5557,52.1092,0,100,88,79,1683,3504,2.18536,0,11.1031,2.31677,0,3401,8774377418
53.6912,18.625,52.1092,0,100,88,79,1683,3504,2.18536,0,11.1031,2.31677,0,3401,8793002760
49.3529,20.2622,52.1092,0,100,88,79,1683,3504,2.18536,0,11.1031,2.31677,0,3401,8813265850
49.9473,20.0211,52.1092,0,100,88,79,1683,3504,2.18536,0,11.1031,2.31677,0,3401,8833287882
48.7759,20.5019,52.1092,0,100,88,79,1683,3504,2.18536,0,11.1031,2.31677,0,3401,8853791113
51.9206,19.2602,52.1092,0,100,88,79,1683,3504,2.18536,0,11.1031,2.31677,0,3401,8873052647
46.6305,21.4452,52.1092,0,100,88,79,1683,3504,2.18536,0,11.1031,2.31677,0,3401,8894503673
51.9082,19.2648,43.1034,0,100,88,79,1683,3504,2.18536,0,11.1109,2.31677,0,3400,8913764836
52.3156,19.1148,43.1034,0,100,88,79,1683,3504,2.18536,0,11.1109,2.31677,0,3400,8932881020
48.0889,20.7948,43.1034,0,100,88,79,1683,3504,2.18536,0,11.1109,2.31677,0,3400,8953677840
47.9246,20.8661,43.1034,0,100,88,79,1683,3504,2.18536,0,11.1109,2.31677,0,3400,8974544753
56.8199,17.5995,43.1034,0,100,88,79,1683,3504,2.18536,0,11.1109,2.31677,0,3400,8992145525
47.8855,20.8831,43.1034,0,100,88,79,1683,3504,2.18536,0,11.1109,2.31677,0,3400,9013030285
48.2261,20.7357,43.1034,0,100,88,79,1683,3504,2.18536,0,11.1109,2.31677,0,3400,9033766649
52.0789,19.2016,43.1034,0,100,88,79,1683,3504,2.18536,0,11.1109,2.31677,0,3400,9052970927
48.973,20.4194,43.1034,0,100,88,79,1683,3504,2.18536,0,11.1109,2.31677,0,3400,9073392096
51.0714,19.5804,43.1034,0,100,88,79,1683,3504,2.18536,0,11.1109,2.31677,0,3400,9092973885
47.424,21.0864,43.1034,0,100,88,79,1683,3504,2.18536,0,11.1109,2.31677,0,3400,9114061445
49.9115,20.0355,43.1034,0,100,88,79,1683,3504,2.18536,0,11.1109,2.31677,0,3400,9134097288
46.435,21.5355,43.1034,0,100,88,79,1683,3504,2.18536,0,11.1109,2.31677,0,3400,9155634806
52.7765,18.9478,43.1034,0,100,88,79,1683,3504,2.18536,0,11.1109,2.31677,0,3400,9174602379
44.8705,22.2863,43.1034,0,100,88,79,1683,3504,2.18536,0,11.1109,2.31677,0,3400,9196870519
48.4862,20.6244,43.1034,0,100,88,79,1683,3504,2.18536,0,11.1109,2.31677,0,3400,9217496655
52.9301,18.8928,43.1034,0,100,88,79,1683,3504,2.18536,0,11.1109,2.31677,0,3400,9236389730
46.6053,21.4568,43.1034,0,100,88,79,1683,3504,2.18536,0,11.1109,2.31677,0,3400,9257847423
49.4588,20.2189,43.1034,0,100,88,79,1683,3504,2.18536,0,11.1109,2.31677,0,3400,9278067704
51.2147,19.5256,43.1034,0,100,88,79,1683,3504,2.18536,0,11.1109,2.31677,0,3400,9297594972
50.4089,19.8378,43.1034,0,100,88,79,1683,3504,2.18536,0,11.1109,2.31677,0,3400,9317434416
46.0056,21.7365,43.1034,0,100,88,79,1683,3504,2.18536,0,11.1109,2.31677,0,3400,9339171063
48.5265,20.6073,43.1034,0,100,88,79,1683,3504,2.18536,0,11.1109,2.31677,0,3400,9359779505
52.7202,18.9681,43.1034,0,100,88,79,1683,3504,2.18536,0,11.1109,2.31677,0,3400,9378749100
50.0612,19.9755,43.1034,0,100,88,79,1683,3504,2.18536,0,11.1109,2.31677,0,3400,9398733073
43.7013,22.8826,49.75,0,100,95,79,1683,3504,2.18536,0,11.1111,2.31677,0,3400,9421610400
54.0339,18.5069,49.75,0,100,95,79,1683,3504,2.18536,0,11.1111,2.31677,0,3400,9440119854
47.5424,21.0339,49.75,0,100,95,79,1683,3504,2.18536,0,11.1111,2.31677,0,3400,9461155334
47.3565,21.1164,49.75,0,100,95,79,1683,3504,2.18536,0,11.1111,2.31677,0,3400,9482272781
53.489,18.6954,49.75,0,100,95,79,1683,3504,2.18536,0,11.1111,2.31677,0,3400,9500969266
48.4357,20.6459,49.75,0,100,95,79,1683,3504,2.18536,0,11.1111,2.31677,0,3400,9521615652
49.3543,20.2616,49.75,0,100,95,79,1683,3504,2.18536,0,11.1111,2.31677,0,3400,9541879002
47.3605,21.1146,49.75,0,100,95,79,1683,3504,2.18536,0,11.1111,2.31677,0,3400,9562995428
52.2081,19.1541,49.75,0,100,95,79,1683,3504,2.18536,0,11.1111,2.31677,0,3400,9582149844
42.5226,23.5169,49.75,0,100,95,79,1683,3504,2.18536,0,11.1111,2.31677,0,3400,9605668269
49.1816,20.3328,49.75,0,100,95,79,1683,3504,2.18536,0,11.1111,2.31677,0,3400,9626001937
55.061,18.1617,49.75,0,100,95,79,1683,3504,2.18536,0,11.1111,2.31677,0,3400,9644166069
46.392,21.5555,49.75,0,100,95,79,1683,3504,2.18536,0,11.1111,2.31677,0,3400,9665723250
48.1542,20.7666,49.75,0,100,95,79,1683,3504,2.18536,0,11.1111,2.31677,0,3400,9686490898
48.5518,20.5966,49.75,0,100,95,79,1683,3504,2.18536,0,11.1111,2.31677,0,3400,9707087366
47.6612,20.9814,49.75,0,100,95,79,1683,3504,2.18536,0,11.1111,2.31677,0,3400,9728070388
51.1886,19.5356,49.75,0,100,95,79,1683,3504,2.18536,0,11.1111,2.31677,0,3400,9747607421
46.8197,21.3585,49.75,0,100,95,79,1683,3504,2.18536,0,11.1111,2.31677,0,3400,9768967638
48.8943,20.4523,49.75,0,100,95,79,1683,3504,2.18536,0,11.1111,2.31677,0,3400,9789420872
49.4284,20.2313,49.75,0,100,95,79,1683,3504,2.18536,0,11.1111,2.31677,0,3400,9809654100
48.9604,20.4247,49.75,0,100,95,79,1683,3504,2.18536,0,11.1111,2.31677,0,3400,9830079898
50.6491,19.7437,49.75,0,100,95,79,1683,3504,2.18536,0,11.1111,2.31677,0,3400,9849824827
45.1955,22.1261,49.75,0,100,95,79,1683,3504,2.18536,0,11.1111,2.31677,0,3400,9871951392
48.2993,20.7042,49.75,0,100,95,79,1683,3504,2.18536,0,11.1111,2.31677,0,3400,9892656809
49.5119,20.1972,49.75,0,100,95,79,1683,3504,2.18536,0,11.1111,2.31677,0,3400,9912862337
49.0799,20.3749,56.7568,0,100,95,79,1683,3504,2.18536,0,11.1111,2.31677,0,3400,9933231995
47.5334,21.0378,56.7568,0,100,95,79,1683,3504,2.18536,0,11.1111,2.31677,0,3400,9954270847
49.8442,20.0625,56.7568,0,100,95,79,1683,3504,2.18536,0,11.1111,2.31677,0,3400,9974334810
49.2517,20.3039,56.7568,0,100,95,79,1683,3504,2.18536,0,11.1111,2.31677,0,3400,9994640352
48.4307,20.6481,56.7568,0,100,95,79,1683,3504,2.18536,0,11.1111,2.31677,0,3400,10015289486
46.3935,21.5548,56.7568,0,100,95,79,1683,3504,2.18536,0,11.1111,2.31677,0,3400,10036845758
50.7379,19.7091,56.7568,0,100,95,79,1683,3504,2.18536,0,11.1111,2.31677,0,3400,10056556143
44.8575,22.2928,56.7568,0,100,95,79,1683,3504,2.18536,0,11.1111,2.31677,0,3400,10078849156
52.858,18.9186,56.7568,0,100,95,79,1683,3504,2.18536,0,11.1111,2.31677,0,3400,10097768227
45.5822,21.9384,56.7568,0,100,95,79,1683,3504,2.18536,0,11.1111,2.31677,0,3400,10119708007
47.5074,21.0493,56.7568,0,100,95,79,1683,3504,2.18536,0,11.1111,2.31677,0,3400,10140758831
48.4642,20.6338,56.7568,0,100,95,79,1683,3504,2.18536,0,11.1111,2.31677,0,3400,10161394568
47.6963,20.966,56.7568,0,100,95,79,1683,3504,2.18536,0,11.1111,2.31677,0,3400,10182362054
52.9221,18.8957,56.7568,0,100,95,79,1683,3504,2.18536,0,11.1111,2.31677,0,3400,10201258134
43.7493,22.8575,56.7568,0,100,95,79,1683,3504,2.18536,0,11.1111,2.31677,0,3400,10224118279
52.6644,18.9882,56.7568,0,100,95,79,1683,3504,2.18536,0,11.1111,2.31677,0,3400,10243106934
44.6814,22.3807,56.7568,0,100,95,79,1683,3504,2.18536,0,11.1111,2.31677,0,3400,10265490075
51.5668,19.3923,56.7568,0,100,95,79,1683,3504,2.18536,0,11.1111,2.31677,0,3400,10284882682
46.3723,21.5646,56.7568,0,100,95,79,1683,3504,2.18536,0,11.1111,2.31677,0,3400,10306448094
52.9733,18.8774,56.7568,0,100,95,79,1683,3504,2.18536,0,11.1111,2.31677,0,3400,10325326747
45.1455,22.1506,56.7568,0,100,95,79,1683,3504,2.18536,0,11.1111,2.31677,0,3400,10347479898
47.9401,20.8594,56.7568,0,100,95,79,1683,3504,2.18536,0,11.1111,2.31677,0,3400,10368342085
44.6207,22.4111,56.7568,0,100,95,79,1683,3504,2.18536,0,11.1111,2.31677,0,3400,10390753699
47.0087,21.2727,56.7568,0,100,95,79,1683,3504,2.18536,0,11.1111,2.31677,0,3400,10412026856
57.6033,17.3601,56.7568,0,100,95,79,1683,3504,2.18536,0,11.1111,2.31677,0,3400,10429394514
42.8231,23.3519,57.5904,0,100,96,79,1683,3504,2.18536,0,11.1115,2.31677,0,3400,10452742159
49.8974,20.0411,57.5904,0,100,96,79,1683,3504,2.18536,0,11.1115,2.31677,0,3400,10472783351
50.0626,19.975,57.5904,0,100,96,79,1683,3504,2.18536,0,11.1115,2.31677,0,3400,10492761218
43.4049,23.0389,57.5904,0,100,96,79,1683,3504,2.18536,0,11.1115,2.31677,0,3400,10515802026
56.3081,17.7594,57.5904,0,100,96,79,1683,3504,2.18536,0,11.1115,2.31677,0,3400,10533562709
47.9884,20.8384,57.5904,0,100,96,79,1683,3504,2.18536,0,11.1115,2.31677,0,3400,10554402061
42.9888,23.2619,57.5904,0,100,96,79,1683,3504,2.18536,0,11.1115,2.31677,0,3400,10577665547
54.9087,18.212,57.5904,0,100,96,79,1683,3504,2.18536,0,11.1115,2.31677,0,3400,10595879244
44.1301,22.6603,57.5904,0,100,96,79,1683,3504,2.18536,0,11.1115,2.31677,0,3400,10618540374
52.3226,19.1122,57.5904,0,100,96,79,1683,3504,2.18536,0,11.1115,2.31677,0,3400,10637652690
45.4824,21.9865,57.5904,0,100,96,79,1683,3504,2.18536,0,11.1115,2.31677,0,3400,10659640546
51.4183,19.4483,57.5904,0,100,96,79,1683,3504,2.18536,0,11.1115,2.31677,0,3400,10679090042
47.2134,21.1804,57.5904,0,100,96,79,1683,3504,2.18536,0,11.1115,2.31677,0,3400,10700272517
42.6342,23.4554,57.5904,0,100,96,79,1683,3504,2.18536,0,11.1115,2.31677,0,3400,10723727772
49.2625,20.2994,57.5904,0,100,96,79,1683,3504,2.18536,0,11.1115,2.31677,0,3400,10744029616
47.6923,20.9677,57.5904,0,100,96,79,1683,3504,2.18536,0,11.1115,2.31677,0,3400,10764998389
52.5527,19.0285,57.5904,0,100,96,79,1683,3504,2.18536,0,11.1115,2.31677,0,3400,10784027924
48.1639,20.7625,57.5904,0,100,96,79,1683,3504,2.18536,0,11.1115,2.31677,0,3400,10804791590
43.4877,22.995,57.5904,0,100,96,79,1683,3504,2.18536,0,11.1115,2.31677,0,3400,10827787654
52.7447,18.9593,57.5904,0,100,96,79,1683,3504,2.18536,0,11.1115,2.31677,0,3400,10846748520
46.4672,21.5206,57.5904,0,100,96,79,1683,3504,2.18536,0,11.1115,2.31677,0,3400,10868269689
44.5137,22.465,57.5904,0,100,96,79,1683,3504,2.18536,0,11.1115,2.31677,0,3400,10890736690
45.3556,22.048,57.5904,0,100,96,79,1683,3504,2.18536,0,11.1115,2.31677,0,3400,10912786893
48.7428,20.5159,57.5904,0,100,96,79,1683,3504,2.18536,0,11.1115,2.31677,0,3400,10933308240
54.5189,18.3423,59.25,0,100,96,79,1683,3504,2.18536,0,11.1117,2.31677,0,3400,10951647064
44.9456,22.2491,59.25,0,100,96,79,1683,3504,2.18536,0,11.1117,2.31677,0,3400,10973898224
46.1166,21.6841,59.25,0,100,96,79,1683,3504,2.18536,0,11.1117,2.31677,0,3400,10995583748
51.0671,19.5821,59.25,0,100,96,79,1683,3504,2.18536,0,11.1117,2.31677,0,3400,11015168239
43.6028,22.9343,59.25,0,100,96,79,1683,3504,2.18536,0,11.1117,2.31677,0,3400,11038104192
47.0166,21.2691,59.25,0,100,96,79,1683,3504,2.18536,0,11.1117,2.31677,0,3400,11059386103
48.6283,20.5642,59.25,0,100,96,79,1683,3504,2.18536,0,11.1117,2.31677,0,3400,11079953361
48.2676,20.7178,59.25,0,100,96,79,1683,3504,2.18536,0,11.1117,2.31677,0,3400,11100671656
50.317,19.874,59.25,0,100,96,79,1683,3504,2.18536,0,11.1117,2.31677,0,3400,11120548983
46.4882,21.5109,59.25,0,100,96,79,1683,3504,2.18536,0,11.1117,2.31677,0,3400,11142060897
45.2735,22.088,59.25,0,100,96,79,1683,3504,2.18536,0,11.1117,2.31677,0,3400,11164149901
51.281,19.5004,59.25,0,100,96,79,1683,3504,2.18536,0,11.1117,2.31677,0,3400,11183652088
46.296,21.6001,59.25,0,100,96,79,1683,3504,2.18536,0,11.1117,2.31677,0,3400,11205253974
48.0111,20.8285,59.25,0,100,96,79,1683,3504,2.18536,0,11.1117,2.31677,0,3400,11226095539
46.8166,21.36,59.25,0,100,96,79,1683,3504,2.18536,0,11.1117,2.31677,0,3400,11247443507
48.7596,20.5088,59.25,0,100,96,79,1683,3504,2.18536,0,11.1117,2.31677,0,3400,11267952740
46.2454,21.6238,59.25,0,100,96,79,1683,3504,2.18536,0,11.1117,2.31677,0,3400,11289578681
45.0048,22.2198,59.25,0,100,96,79,1683,3504,2.18536,0,11.1117,2.31677,0,3400,11311799496
51.5268,19.4074,59.25,0,100,96,79,1683,3504,2.18536,0,11.1117,2.31677,0,3400,11331208962
44.4382,22.5032,59.25,0,100,96,79,1683,3504,2.18536,0,11.1117,2.31677,0,3400,11353712583
48.1672,20.761,59.25,0,100,96,79,1683,3504,2.18536,0,11.1117,2.31677,0,3400,11374474307
43.3791,23.0526,59.25,0,100,96,79,1683,3504,2.18536,0,11.1117,2.31677,0,3400,11397528108
46.9053,21.3195,59.25,0,100,96,79,1683,3504,2.18536,0,11.1117,2.31677,0,3400,11418849569
43.9778,22.7388,59.25,0,100,96,79,1683,3504,2.18536,0,11.1117,2.31677,0,3400,11441594213
44.6528,22.395,58.5542,0,100,90,79,1683,3504,2.18536,0,11.1117,2.31677,0,3400,11463988192
51.1446,19.5524,58.5542,0,100,90,79,1683,3504,2.18536,0,11.1117,2.31677,0,3400,11483540076
43.2624,23.1148,58.5542,0,100,90,79,1683,3504,2.18536,0,11.1117,2.31677,0,3400,11506656968
52.2309,19.1457,58.5542,0,100,90,79,1683,3504,2.18536,0,11.1117,2.31677,0,3400,11525803039
44.3556,22.5451,58.5542,0,100,90,79,1683,3504,2.18536,0,11.1117,2.31677,0,3400,11548350374
46.9944,21.2791,58.5542,0,100,90,79,1683,3504,2.18536,0,11.1117,2.31677,0,3400,11569630419
45.249,22.1,58.5542,0,100,90,79,1683,3504,2.18536,0,11.1117,2.31677,0,3400,11591731907
51.0453,19.5904,58.5542,0,100,90,79,1683,3504,2.18536,0,11.1117,2.31677,0,3400,11611322863
42.7518,23.3908,58.5542,0,100,90,79,1683,3504,2.18536,0,11.1117,2.31677,0,3400,11634714863
47.1816,21.1947,58.5542,0,100,90,79,1683,3504,2.18536,0,11.1117,2.31677,0,3400,11655910573
45.1964,22.1256,58.5542,0,100,90,79,1683,3504,2.18536,0,11.1117,2.31677,0,3400,11678038320
46.0661,21.708,58.5542,0,100,90,79,1683,3504,2.18536,0,11.1117,2.31677,0,3400,11699747968
46.0531,21.7141,58.5542,0,100,90,79,1683,3504,2.18536,0,11.1117,2.31677,0,3400,11721463876
43.3267,23.0804,58.5542,0,100,90,79,1683,3504,2.18536,0,11.1117,2.31677,0,3400,11744544973
51.6591,19.3577,58.5542,0,100,90,79,1683,3504,2.18536,0,11.1117,2.31677,0,3400,11763903726
43.3162,23.0861,58.5542,0,100,90,79,1683,3504,2.18536,0,11.1117,2.31677,0,3400,11786990988
49.6324,20.1481,58.5542,0,100,90,79,1683,3504,2.18536,0,11.1117,2.31677,0,3400,11807139464
44.72,22.3613,58.5542,0,100,90,79,1683,3504,2.18536,0,11.1117,2.31677,0,3400,11829503702
40.0103,24.9936,58.5542,0,100,90,79,1683,3504,2.18536,0,11.1117,2.31677,0,3400,11854496510
49.7142,20.115,58.5542,0,100,90,79,1683,3504,2.18536,0,11.1117,2.31677,0,3400,11874614897
45.5634,21.9475,58.5542,0,100,90,79,1683,3504,2.18536,0,11.1117,2.31677,0,3400,11896562562
43.7482,22.8581,58.5542,0,100,90,79,1683,3504,2.18536,0,11.1117,2.31677,0,3400,11919421718
52.2976,19.1213,58.5542,0,100,90,79,1683,3504,2.18536,0,11.1117,2.31677,0,3400,11938544158
46.6094,21.4549,58.5542,0,100,90,79,1683,3504,2.18536,0,11.1117,2.31677,0,3400,11960007440
44.6932,22.3748,61.5942,0,100,90,79,1683,3504,2.18536,0,11.1192,2.31677,0,3400,11982376842
45.5177,21.9695,61.5942,0,100,90,79,1683,3504,2.18536,0,11.1192,2.31677,0,3400,12004347769
41.7944,23.9267,61.5942,0,100,90,79,1683,3504,2.18536,0,11.1192,2.31677,0,3400,12028275266
53.5435,18.6764,61.5942,0,100,90,79,1683,3504,2.18536,0,11.1192,2.31677,0,3400,12046954096
40.5684,24.6497,61.5942,0,100,90,79,1683,3504,2.18536,0,11.1192,2.31677,0,3400,12071603857
45.0484,22.1983,61.5942,0,100,90,79,1683,3504,2.18536,0,11.1192,2.31677,0,3400,12093804028
51.1736,19.5413,61.5942,0,100,90,79,1683,3504,2.18536,0,11.1192,2.31677,0,3400,12113346897
45.3313,22.0598,61.5942,0,100,90,79,1683,3504,2.18536,0,11.1192,2.31677,0,3400,12135408120
43.1447,23.1778,61.5942,0,100,90,79,1683,3504,2.18536,0,11.1192,2.31677,0,3400,12158586892
48.5615,20.5925,61.5942,0,100,90,79,1683,3504,2.18536,0,11.1192,2.31677,0,3400,12179181536
45.1949,22.1264,61.5942,0,100,90,79,1683,3504,2.18536,0,11.1192,2.31677,0,3400,12201308833
40.746,24.5423,61.5942,0,100,90,79,1683,3504,2.18536,0,11.1192,2.31677,0,3400,12225852914
55.2121,18.112,61.5942,0,100,90,79,1683,3504,2.18536,0,11.1192,2.31677,0,3400,12243967060
45.0909,22.1774,61.5942,0,100,90,79,1683,3504,2.18536,0,11.1192,2.31677,0,3400,12266145327
44.5403,22.4516,61.5942,0,100,90,79,1683,3504,2.18536,0,11.1192,2.31677,0,3400,12288597656
42.805,23.3617,61.5942,0,100,90,79,1683,3504,2.18536,0,11.1192,2.31677,0,3400,12311960840
52.7414,18.9604,61.5942,0,100,90,79,1683,3504,2.18536,0,11.1192,2.31677,0,3400,12330922448
43.364,23.0606,61.5942,0,100,90,79,1683,3504,2.18536,0,11.1192,2.31677,0,3400,12353985484
42.1196,23.7419,61.5942,0,100,90,79,1683,3504,2.18536,0,11.1192,2.31677,0,3400,12377728782
51.0745,19.5792,61.5942,0,100,90,79,1683,3504,2.18536,0,11.1192,2.31677,0,3400,12397309155
43.3321,23.0776,61.5942,0,100,90,79,1683,3504,2.18536,0,11.1192,2.31677,0,3400,12420387617
48.2967,20.7053,61.5942,0,100,90,79,1683,3504,2.18536,0,11.1192,2.31677,0,3400,12441095193
43.6264,22.9219,61.5942,0,100,90,79,1683,3504,2.18536,0,11.1192,2.31677,0,3400,12464024262
45.8156,21.8266,62.2166,0,100,90,79,1683,3504,2.18536,0,11.12,2.31677,0,3400,12485846192
42.6626,23.4397,62.2166,0,100,90,79,1683,3504,2.18536,0,11.12,2.31677,0,3400,12509286312
49.2878,20.289,62.2166,0,100,90,79,1683,3504,2.18536,0,11.12,2.31677,0,3400,12529577878
39.0024,25.6394,62.2166,0,100,90,79,1683,3504,2.18536,0,11.12,2.31677,0,3400,12555237159
54.3382,18.4033,62.2166,0,100,90,79,1683,3504,2.18536,0,11.12,2.31677,0,3400,12573641418
44.3793,22.533,62.2166,0,100,90,79,1683,3504,2.18536,0,11.12,2.31677,0,3400,12596175240
47.598,21.0093,62.2166,0,100,90,79,1683,3504,2.18536,0,11.12,2.31677,0,3400,12617204301
43.6179,22.9264,62.2166,0,100,90,79,1683,3504,2.18536,0,11.12,2.31677,0,3400,12640133012
41.2255,24.2568,62.2166,0,100,90,79,1683,3504,2.18536,0,11.12,2.31677,0,3400,12664391272
50.9551,19.6251,62.2166,0,100,90,79,1683,3504,2.18536,0,11.12,2.31677,0,3400,12684016786
43.5867,22.9428,62.2166,0,100,90,79,1683,3504,2.18536,0,11.12,2.31677,0,3400,12706961717
50.6543,19.7417,62.2166,0,100,90,79,1683,3504,2.18536,0,11.12,2.31677,0,3400,12726705827
46.3856,21.5584,62.2166,0,100,90,79,1683,3504,2.18536,0,11.12,2.31677,0,3400,12748264258
42.4497,23.5573,62.2166,0,100,90,79,1683,3504,2.18536,0,11.12,2.31677,0,3400,12771823509
44.165,22.6423,62.2166,0,100,90,79,1683,3504,2.18536,0,11.12,2.31677,0,3400,12794467880
43.6582,22.9052,62.2166,0,100,90,79,1683,3504,2.18536,0,11.12,2.31677,0,3400,12817374396
51.1598,19.5466,62.2166,0,100,90,79,1683,3504,2.18536,0,11.12,2.31677,0,3400,12836922592
46.2031,21.6436,62.2166,0,100,90,79,1683,3504,2.18536,0,11.12,2.31677,0,3400,12858568590
44.231,22.6086,62.2166,0,100,90,79,1683,3504,2.18536,0,11.12,2.31677,0,3400,12881177429
41.3223,24.2,62.2166,0,100,90,79,1683,3504,2.18536,0,11.12,2.31677,0,3400,12905380310
47.3547,21.1172,62.2166,0,100,90,79,1683,3504,2.18536,0,11.12,2.31677,0,3400,12926497450
46.0666,21.7077,62.2166,0,100,90,79,1683,3504,2.18536,0,11.12,2.31677,0,3400,12948206745
42.7572,23.3879,62.2166,0,100,90,79,1683,3504,2.18536,0,11.12,2.31677,0,3400,12971600940
44.3218,22.5622,66.5037,0,100,90,79,1683,3504,2.18536,0,11.12,2.31677,0,3400,12994159234
44.2236,22.6124,66.5037,0,100,90,79,1683,3504,2.18536,0,11.12,2.31677,0,3400,13016772599
46.3963,21.5535,66.5037,0,100,90,79,1683,3504,2.18536,0,11.12,2.31677,0,3400,13038326929
43.7162,22.8748,66.5037,0,100,90,79,1683,3504,2.18536,0,11.12,2.31677,0,3400,13061203340
41.8925,23.8706,66.5037,0,100,90,79,1683,3504,2.18536,0,11.12,2.31677,0,3400,13085075670
49.3041,20.2823,66.5037,0,100,90,79,1683,3504,2.18536,0,11.12,2.31677,0,3400,13105361113
43.4826,22.9977,66.5037,0,100,90,79,1683,3504,2.18536,0,11.12,2.31677,0,3400,13128363698
45.1853,22.1311,66.5037,0,100,90,79,1683,3504,2.18536,0,11.12,2.31677,0,3400,13150495769
43.2168,23.1392,66.5037,0,100,90,79,1683,3504,2.18536,0,11.12,2.31677,0,3400,13173637993
46.6595,21.4319,66.5037,0,100,90,79,1683,3504,2.18536,0,11.12,2.31677,0,3400,13195069551
42.2158,23.6878,66.5037,0,100,90,79,1683,3504,2.18536,0,11.12,2.31677,0,3400,13218758523
52.2646,19.1334,66.5037,0,100,90,79,1683,3504,2.18536,0,11.12,2.31677,0,3400,13237893204
36.3704,27.4949,66.5037,0,100,90,79,1683,3504,2.18536,0,11.12,2.31677,0,3400,13265389253
62.628,15.9673,66.5037,0,100,90,79,1683,3504,2.18536,0,11.12,2.31677,0,3400,13281358904
39.6402,25.2269,66.5037,0,100,90,79,1683,3504,2.18536,0,11.12,2.31677,0,3400,13306588448
51.2625,19.5074,66.5037,0,100,90,79,1683,3504,2.18536,0,11.12,2.31677,0,3400,13326094779
43.4243,23.0286,66.5037,0,100,90,79,1683,3504,2.18536,0,11.12,2.31677,0,3400,13349125272
46.7233,21.4026,66.5037,0,100,90,79,1683,3504,2.18536,0,11.12,2.31677,0,3400,13370527574
45.0385,22.2032,66.5037,0,100,90,79,1683,3504,2.18536,0,11.12,2.31677,0,3400,13392732936
44.291,22.5779,66.5037,0,100,90,79,1683,3504,2.18536,0,11.12,2.31677,0,3400,13415311396
40.6754,24.5849,66.5037,0,100,90,79,1683,3504,2.18536,0,11.12,2.31677,0,3400,13439897933
49.7753,20.0903,66.5037,0,100,90,79,1683,3504,2.18536,0,11.12,2.31677,0,3400,13459991120
46.9533,21.2977,66.5037,0,100,90,79,1683,3504,2.18536,0,11.12,2.31677,0,3400,13481295596
41.9325,23.8478,69.0773,0,100,93,79,1683,3504,2.18536,0,11.1202,2.31677,0,3400,13505138544
42.8675,23.3277,69.0773,0,100,93,79,1683,3504,2.18536,0,11.1202,2.31677,0,3400,13528466120
43.3417,23.0725,69.0773,0,100,93,79,1683,3504,2.18536,0,11.1202,2.31677,0,3400,13551540811
48.2648,20.719,69.0773,0,100,93,79,1683,3504,2.18536,0,11.1202,2.31677,0,3400,13572260431
46.0192,21.7301,69.0773,0,100,93,79,1683,3504,2.18536,0,11.1202,2.31677,0,3400,13593991726
39.1297,25.556,69.0773,0,100,93,79,1683,3504,2.18536,0,11.1202,2.31677,0,3400,13619549318
43.0267,23.2414,69.0773,0,100,93,79,1683,3504,2.18536,0,11.1202,2.31677,0,3400,13642791679
57.491,17.394,69.0773,0,100,93,79,1683,3504,2.18536,0,11.1202,2.31677,0,3400,13660187472
46.8162,21.3601,69.0773,0,100,93,79,1683,3504,2.18536,0,11.1202,2.31677,0,3400,13681548835
38.0243,26.299,69.0773,0,100,93,79,1683,3504,2.18536,0,11.1202,2.31677,0,3400,13707849305
49.3564,20.2608,69.0773,0,100,93,79,1683,3504,2.18536,0,11.1202,2.31677,0,3400,13728113196
46.2633,21.6154,69.0773,0,100,93,79,1683,3504,2.18536,0,11.1202,2.31677,0,3400,13749728015
41.2479,24.2437,69.0773,0,100,93,79,1683,3504,2.18536,0,11.1202,2.31677,0,3400,13773973061
40.0769,24.952,69.0773,0,100,93,79,1683,3504,2.18536,0,11.1202,2.31677,0,3400,13798926060
60.5804,16.507,69.0773,0,100,93,79,1683,3504,2.18536,0,11.1202,2.31677,0,3400,13815433649
38.52,25.9605,69.0773,0,100,93,79,1683,3504,2.18536,0,11.1202,2.31677,0,3400,13841396216
45.7339,21.8656,69.0773,0,100,93,79,1683,3504,2.18536,0,11.1202,2.31677,0,3400,13863264144
48.3515,20.6819,69.0773,0,100,93,79,1683,3504,2.18536,0,11.1202,2.31677,0,3400,13883950025
47.6383,20.9915,69.0773,0,100,93,79,1683,3504,2.18536,0,11.1202,2.31677,0,3400,13904940178
45.0772,22.1842,69.0773,0,100,93,79,1683,3504,2.18536,0,11.1202,2.31677,0,3400,13927126776
44.2943,22.5763,69.0773,0,100,93,79,1683,3504,2.18536,0,11.1202,2.31677,0,3400,13949704372
46.5793,21.4688,69.0773,0,100,93,79,1683,3504,2.18536,0,11.1202,2.31677,0,3400,13971174254
41.4289,24.1378,69.0773,0,100,93,79,1683,3504,2.18536,0,11.1202,2.31677,0,3400,13995319685
48.4543,20.638,70.0957,0,100,93,79,1683,3504,2.18536,0,11.1093,2.31677,0,3400,14015952830
42.9245,23.2967,70.0957,0,100,93,79,1683,3504,2.18536,0,11.1093,2.31677,0,3400,14039251414
40.7359,24.5484,70.0957,0,100,93,79,1683,3504,2.18536,0,11.1093,2.31677,0,3400,14063800649
46.2532,21.6201,70.0957,0,100,93,79,1683,3504,2.18536,0,11.1093,2.31677,0,3400,14085422962
45.379,22.0366,70.0957,0,100,93,79,1683,3504,2.18536,0,11.1093,2.31677,0,3400,14107460570
53.1314,18.8213,70.0957,0,100,93,79,1683,3504,2.18536,0,11.1093,2.31677,0,3400,14126283764
43.0905,23.207,70.0957,0,100,93,79,1683,3504,2.18536,0,11.1093,2.31677,0,3400,14149491664
40.2463,24.847,70.0957,0,100,93,79,1683,3504,2.18536,0,11.1093,2.31677,0,3400,14174340267
46.9663,21.2919,70.0957,0,100,93,79,1683,3504,2.18536,0,11.1093,2.31677,0,3400,14195633115
46.4236,21.5408,70.0957,0,100,93,79,1683,3504,2.18536,0,11.1093,2.31677,0,3400,14217175174
42.1823,23.7066,70.0957,0,100,93,79,1683,3504,2.18536,0,11.1093,2.31677,0,3400,14240883693
42.7509,23.3913,70.0957,0,100,93,79,1683,3504,2.18536,0,11.1093,2.31677,0,3400,14264274991
53.4051,18.7248,70.0957,0,100,93,79,1683,3504,2.18536,0,11.1093,2.31677,0,3400,14283002080
45.1962,22.1257,70.0957,0,100,93,79,1683,3504,2.18536,0,11.1093,2.31677,0,3400,14305127943
38.6243,25.8904,70.0957,0,100,93,79,1683,3504,2.18536,0,11.1093,2.31677,0,3400,14331019540
51.4525,19.4354,70.0957,0,100,93,79,1683,3504,2.18536,0,11.1093,2.31677,0,3400,14350457463
40.9477,24.4214,70.0957,0,100,93,79,1683,3504,2.18536,0,11.1093,2.31677,0,3400,14374881033
52.1176,19.1874,70.0957,0,100,93,79,1683,3504,2.18536,0,11.1093,2.31677,0,3400,14394069458
42.6664,23.4377,70.0957,0,100,93,79,1683,3504,2.18536,0,11.1093,2.31677,0,3400,14417508733
41.3102,24.2071,70.0957,0,100,93,79,1683,3504,2.18536,0,11.1093,2.31677,0,3400,14441716092
51.9193,19.2607,70.0957,0,100,93,79,1683,3504,2.18536,0,11.1093,2.31677,0,3400,14460977575
42.1704,23.7133,70.0957,0,100,93,79,1683,3504,2.18536,0,11.1093,2.31677,0,3400,14484693154
49.1584,20.3424,70.0957,0,100,93,79,1683,3504,2.18536,0,11.1093,2.31677,0,3400,14505043951
41.9654,23.8291,62.9902,0,100,96,79,1683,3504,2.18536,0,11.0962,2.31677,0,3400,14528877492
48.3558,20.68,62.9902,0,100,96,79,1683,3504,2.18536,0,11.0962,2.31677,0,3400,14549557955
43.8289,22.816,62.9902,0,100,96,79,1683,3504,2.18536,0,11.0962,2.31677,0,3400,14572388166
43.9056,22.7761,62.9902,0,100,96,79,1683,3504,2.18536,0,11.0962,2.31677,0,3400,14595153242
43.3509,23.0676,62.9902,0,100,96,79,1683,3504,2.18536,0,11.0962,2.31677,0,3400,14618222467
45.1038,22.1711,62.9902,0,100,96,79,1683,3504,2.18536,0,11.0962,2.31677,0,3400,14640394401
47.4536,21.0732,62.9902,0,100,96,79,1683,3504,2.18536,0,11.0962,2.31677,0,3400,14661469259
49.6432,20.1438,62.9902,0,100,96,79,1683,3504,2.18536,0,11.0962,2.31677,0,3400,14681614713
41.7509,23.9516,62.9902,0,100,96,79,1683,3504,2.18536,0,11.0962,2.31677,0,3400,14705568042
43.15,23.175,62.9902,0,100,96,79,1683,3504,2.18536,0,11.0962,2.31677,0,3400,14728744657
51.4457,19.438,62.9902,0,100,96,79,1683,3504,2.18536,0,11.0962,2.31677,0,3400,14748183076
43.9146,22.7715,62.9902,0,100,96,79,1683,3504,2.18536,0,11.0962,2.31677,0,3400,14770957180
44.7769,22.333,62.9902,0,100,96,79,1683,3504,2.18536,0,11.0962,2.31677,0,3400,14793290190
43.1376,23.1816,62.9902,0,100,96,79,1683,3504,2.18536,0,11.0962,2.31677,0,3400,14816473301
47.7635,20.9365,62.9902,0,100,96,79,1683,3504,2.18536,0,11.0962,2.31677,0,3400,14837410785
45.2883,22.0808,62.9902,0,100,96,79,1683,3504,2.18536,0,11.0962,2.31677,0,3400,14859506033
45.0743,22.1856,62.9902,0,100,96,79,1683,3504,2.18536,0,11.0962,2.31677,0,3400,14881693825
42.5497,23.5019,62.9902,0,100,96,79,1683,3504,2.18536,0,11.0962,2.31677,0,3400,14905195777
47.6207,20.9993,62.9902,0,100,96,79,1683,3504,2.18536,0,11.0962,2.31677,0,3400,14926197437
44.687,22.3779,62.9902,0,100,96,79,1683,3504,2.18536,0,11.0962,2.31677,0,3400,14948575989
45.5479,21.9549,62.9902,0,100,96,79,1683,3504,2.18536,0,11.0962,2.31677,0,3400,14970532036
44.9478,22.248,62.9902,0,100,96,79,1683,3504,2.18536,0,11.0962,2.31677,0,3400,14992781136
45.852,21.8093,62.9902,0,100,96,79,1683,3504,2.18536,0,11.0962,2.31677,0,3400,15014598638
42.6296,23.4579,65.3012,0,100,96,80,1683,3504,2.18536,0,11.0962,2.31677,0,3400,15038051053
42.3304,23.6237,65.3012,0,100,96,80,1683,3504,2.18536,0,11.0962,2.31677,0,3400,15061676821
53.9423,18.5383,65.3012,0,100,96,80,1683,3504,2.18536,0,11.0962,2.31677,0,3400,15080216429
38.8496,25.7403,65.3012,0,100,96,80,1683,3504,2.18536,0,11.0962,2.31677,0,3400,15105957791
55.1521,18.1317,65.3012,0,100,96,80,1683,3504,2.18536,0,11.0962,2.31677,0,3400,15124092399
42.4306,23.5679,65.3012,0,100,96,80,1683,3504,2.18536,0,11.0962,2.31677,0,3400,15147660269
47.3333,21.1268,65.3012,0,100,96,80,1683,3504,2.18536,0,11.0962,2.31677,0,3400,15168789965
45.0638,22.1908,65.3012,0,100,96,80,1683,3504,2.18536,0,11.0962,2.31677,0,3400,15190981726
40.6844,24.5794,65.3012,0,100,96,80,1683,3504,2.18536,0,11.0962,2.31677,0,3400,15215562482
55.2026,18.1151,65.3012,0,100,96,80,1683,3504,2.18536,0,11.0962,2.31677,0,3400,15233678697
39.9223,25.0487,65.3012,0,100,96,80,1683,3504,2.18536,0,11.0962,2.31677,0,3400,15258729226
45.5367,21.9603,65.3012,0,100,96,80,1683,3504,2.18536,0,11.0962,2.31677,0,3400,15280690301
49.1932,20.328,65.3012,0,100,96,80,1683,3504,2.18536,0,11.0962,2.31677,0,3400,15301022901
44.2628,22.5923,65.3012,0,100,96,80,1683,3504,2.18536,0,11.0962,2.31677,0,3400,15323626961
40.5906,24.6362,65.3012,0,100,96,80,1683,3504,2.18536,0,11.0962,2.31677,0,3400,15348263651
62.1904,16.0797,65.3012,0,100,96,80,1683,3504,2.18536,0,11.0962,2.31677,0,3400,15364345811
41.4518,24.1244,65.3012,0,100,96,80,1683,3504,2.18536,0,11.0962,2.31677,0,3400,15388471447
48.8094,20.4878,65.3012,0,100,96,80,1683,3504,2.18536,0,11.0962,2.31677,0,3400,15408960410
40.7439,24.5435,65.3012,0,100,96,80,1683,3504,2.18536,0,11.0962,2.31677,0,3400,15433505159
45.825,21.8221,65.3012,0,100,96,80,1683,3504,2.18536,0,11.0962,2.31677,0,3400,15455328620
44.0277,22.713,65.3012,0,100,96,80,1683,3504,2.18536,0,11.0962,2.31677,0,3400,15478044187
53.8782,18.5604,65.3012,0,100,96,80,1683,3504,2.18536,0,11.0962,2.31677,0,3400,15496605390
41.1389,24.3079,65.3012,0,100,96,80,1683,3504,2.18536,0,11.0962,2.31677,0,3400,15520921168
51.7981,19.3057,74.1855,0,100,96,80,1683,3504,2.18536,0,11.096,2.31677,0,3400,15540223289
39.815,25.1162,74.1855,0,100,96,80,1683,3504,2.18536,0,11.096,2.31677,0,3400,15565340245
49.9055,20.0379,74.1855,0,100,96,80,1683,3504,2.18536,0,11.096,2.31677,0,3400,15585381714
45.0189,22.2129,74.1855,0,100,96,80,1683,3504,2.18536,0,11.096,2.31677,0,3400,15607595111
42.9079,23.3057,74.1855,0,100,96,80,1683,3504,2.18536,0,11.096,2.31677,0,3400,15630902363
44.4851,22.4794,74.1855,0,100,96,80,1683,3504,2.18536,0,11.096,2.31677,0,3400,15653390302
43.8834,22.7877,74.1855,0,100,96,80,1683,3504,2.18536,0,11.096,2.31677,0,3400,15676172494
55.234,18.1048,74.1855,0,100,96,80,1683,3504,2.18536,0,11.096,2.31677,0,3400,15694278696
47.1929,21.1896,74.1855,0,100,96,80,1683,3504,2.18536,0,11.096,2.31677,0,3400,15715469056
47.1342,21.216,74.1855,0,100,96,80,1683,3504,2.18536,0,11.096,2.31677,0,3400,15736686678
44.5055,22.4691,74.1855,0,100,96,80,1683,3504,2.18536,0,11.096,2.31677,0,3400,15759157274
46.219,21.6361,74.1855,0,100,96,80,1683,3504,2.18536,0,11.096,2.31677,0,3400,15780794198
37.7828,26.4671,74.1855,0,100,96,80,1683,3504,2.18536,0,11.096,2.31677,0,3400,15807264222
45.8251,21.8221,74.1855,0,100,96,80,1683,3504,2.18536,0,11.096,2.31677,0,3400,15829086830
48.6723,20.5456,74.1855,0,100,96,80,1683,3504,2.18536,0,11.096,2.31677,0,3400,15849633482
54.0064,18.5163,74.1855,0,100,96,80,1683,3504,2.18536,0,11.096,2.31677,0,3400,15868150564
44.7715,22.3357,74.1855,0,100,96,80,1683,3504,2.18536,0,11.096,2.31677,0,3400,15890489235
46.009,21.7349,74.1855,0,100,96,80,1683,3504,2.18536,0,11.096,2.31677,0,3400,15912227200
36.7376,27.22,74.1855,0,100,96,80,1683,3504,2.18536,0,11.096,2.31677,0,3400,15939448750
56.1126,17.8213,74.1855,0,100,96,80,1683,3504,2.18536,0,11.096,2.31677,0,3400,15957270641
46.1458,21.6704,74.1855,0,100,96,80,1683,3504,2.18536,0,11.096,2.31677,0,3400,15978944372
50.8382,19.6703,74.1855,0,100,96,80,1683,3504,2.18536,0,11.096,2.31677,0,3400,15998616648
49.5048,20.2,74.1855,0,100,96,80,1683,3504,2.18536,0,11.096,2.31677,0,3400,16018816795
39.213,25.5017,74.1855,0,100,96,80,1683,3504,2.18536,0,11.096,2.31677,0,3400,16044327637
56.1626,17.8055,76.6667,0,100,96,80,1683,3504,2.18536,0,11.1414,2.31677,0,3400,16062126913
43.418,23.0319,76.6667,0,100,96,80,1683,3504,2.18536,0,11.1414,2.31677,0,3400,16085161924
47.638,20.9916,76.6667,0,100,96,80,1683,3504,2.18536,0,11.1414,2.31677,0,3400,16106152776
47.7077,20.961,76.6667,0,100,96,80,1683,3504,2.18536,0,11.1414,2.31677,0,3400,16127113839
38.9007,25.7065,76.6667,0,100,96,80,1683,3504,2.18536,0,11.1414,2.31677,0,3400,16152821755
54.0574,18.4989,76.6667,0,100,96,80,1683,3504,2.18536,0,11.1414,2.31677,0,3400,16171322326
43.1763,23.1609,76.6667,0,100,96,80,1683,3504,2.18536,0,11.1414,2.31677,0,3400,16194484360
45.8696,21.8009,76.6667,0,100,96,80,1683,3504,2.18536,0,11.1414,2.31677,0,3400,16216285740
49.1252,20.3562,76.6667,0,100,96,80,1683,3504,2.18536,0,11.1414,2.31677,0,3400,16236643883
45.4688,21.9931,76.6667,0,100,96,80,1683,3504,2.18536,0,11.1414,2.31677,0,3400,16258638501
50.0893,19.9643,76.6667,0,100,96,80,1683,3504,2.18536,0,11.1414,2.31677,0,3400,16278604401
41.5757,24.0525,76.6667,0,100,96,80,1683,3504,2.18536,0,11.1414,2.31677,0,3400,16302657226
48.54,20.6016,76.6667,0,100,96,80,1683,3504,2.18536,0,11.1414,2.31677,0,3400,16323259679
42.1278,23.7373,76.6667,0,100,96,80,1683,3504,2.18536,0,11.1414,2.31677,0,3400,16346998573
41.7341,23.9612,76.6667,0,100,96,80,1683,3504,2.18536,0,11.1414,2.31677,0,3400,16370961579
46.0853,21.6989,76.6667,0,100,96,80,1683,3504,2.18536,0,11.1414,2.31677,0,3400,16392661789
43.7764,22.8433,76.6667,0,100,96,80,1683,3504,2.18536,0,11.1414,2.31677,0,3400,16415507378
43.3,23.0947,76.6667,0,100,96,80,1683,3504,2.18536,0,11.1414,2.31677,0,3400,16438602775
44.8948,22.2743,76.6667,0,100,96,80,1683,3504,2.18536,0,11.1414,2.31677,0,3400,16460878330
37.4743,26.685,76.6667,0,100,96,80,1683,3504,2.18536,0,11.1414,2.31677,0,3400,16487564371
50.3087,19.8773,76.6667,0,100,96,80,1683,3504,2.18536,0,11.1414,2.31677,0,3400,16507442531
42.6944,23.4223,76.6667,0,100,96,80,1683,3504,2.18536,0,11.1414,2.31677,0,3400,16530866425
43.9674,22.7441,76.6667,0,100,96,80,1683,3504,2.18536,0,11.1414,2.31677,0,3400,16553615534
39.5277,25.2987,69.9752,0,100,97,79,1651,3504,2.18536,0,11.1577,2.31677,0,3400,16578911020
48.7529,20.5116,69.9752,0,100,97,79,1651,3504,2.18536,0,11.1577,2.31677,0,3400,16599425722
43.5883,22.9419,69.9752,0,100,97,79,1651,3504,2.18536,0,11.1577,2.31677,0,3400,16622368447
33.5977,29.7639,69.9752,0,100,97,79,1651,3504,2.18536,0,11.1577,2.31677,0,3400,16652132320
63.4248,15.7667,69.9752,0,100,97,79,1651,3504,2.18536,0,11.1577,2.31677,0,3400,16667900268
46.2598,21.617,69.9752,0,100,97,79,1651,3504,2.18536,0,11.1577,2.31677,0,3400,16689517266
44.8045,22.3192,69.9752,0,100,97,79,1651,3504,2.18536,0,11.1577,2.31677,0,3400,16711838377
39.3039,25.4428,69.9752,0,100,97,79,1651,3504,2.18536,0,11.1577,2.31677,0,3400,16737282361
41.8567,23.891,69.9752,0,100,97,79,1651,3504,2.18536,0,11.1577,2.31677,0,3400,16761175445
43.998,22.7283,69.9752,0,100,97,79,1651,3504,2.18536,0,11.1577,2.31677,0,3400,16783905664
48.286,20.7099,69.9752,0,100,97,79,1651,3504,2.18536,0,11.1577,2.31677,0,3400,16804616515
46.6549,21.434,69.9752,0,100,97,79,1651,3504,2.18536,0,11.1577,2.31677,0,3400,16826052650
36.9725,27.0471,69.9752,0,100,97,79,1651,3504,2.18536,0,11.1577,2.31677,0,3400,16853099642
49.2784,20.2929,69.9752,0,100,97,79,1651,3504,2.18536,0,11.1577,2.31677,0,3400,16873394328
43.637,22.9163,69.9752,0,100,97,79,1651,3504,2.18536,0,11.1577,2.31677,0,3400,16896311936
49.3789,20.2515,69.9752,0,100,97,79,1651,3504,2.18536,0,11.1577,2.31677,0,3400,16916564022
44.0211,22.7164,69.9752,0,100,97,79,1651,3504,2.18536,0,11.1577,2.31677,0,3400,16939282528
42.6509,23.4461,69.9752,0,100,97,79,1651,3504,2.18536,0,11.1577,2.31677,0,3400,16962730691
40.7736,24.5257,69.9752,0,100,97,79,1651,3504,2.18536,0,11.1577,2.31677,0,3400,16987256875
49.8181,20.073,69.9752,0,100,97,79,1651,3504,2.18536,0,11.1577,2.31677,0,3400,17007330695
45.9689,21.7539,69.9752,0,100,97,79,1651,3504,2.18536,0,11.1577,2.31677,0,3400,17029086448
40.55,24.6609,69.9752,0,100,97,79,1651,3504,2.18536,0,11.1577,2.31677,0,3400,17053753804
41.2599,24.2366,66.6667,0,100,97,79,1651,3504,2.18536,0,11.1251,2.31677,0,3400,17077985829
46.4726,21.5181,66.6667,0,100,97,79,1651,3504,2.18536,0,11.1251,2.31677,0,3400,17099535155
44.729,22.3569,66.6667,0,100,97,79,1651,3504,2.18536,0,11.1251,2.31677,0,3400,17121863930
50.1669,19.9335,66.6667,0,100,97,79,1651,3504,2.18536,0,11.1251,2.31677,0,3400,17141798674
42.8075,23.3604,66.6667,0,100,97,79,1651,3504,2.18536,0,11.1251,2.31677,0,3400,17165159712
42.7221,23.4071,66.6667,0,100,97,79,1651,3504,2.18536,0,11.1251,2.31677,0,3400,17188568170
44.8594,22.2919,66.6667,0,100,97,79,1651,3504,2.18536,0,11.1251,2.31677,0,3400,17210861461
44.5492,22.4471,66.6667,0,100,97,79,1651,3504,2.18536,0,11.1251,2.31677,0,3400,17233310137
50.8583,19.6625,66.6667,0,100,97,79,1651,3504,2.18536,0,11.1251,2.31677,0,3400,17252973927
38.7297,25.82,66.6667,0,100,97,79,1651,3504,2.18536,0,11.1251,2.31677,0,3400,17278795286
49.422,20.2339,66.6667,0,100,97,79,1651,3504,2.18536,0,11.1251,2.31677,0,3400,17299031223
41.0607,24.3542,66.6667,0,100,97,79,1651,3504,2.18536,0,11.1251,2.31677,0,3400,17323386473
48.5374,20.6027,66.6667,0,100,97,79,1651,3504,2.18536,0,11.1251,2.31677,0,3400,17343989799
43.5965,22.9376,66.6667,0,100,97,79,1651,3504,2.18536,0,11.1251,2.31677,0,3400,17366929310
43.8649,22.7973,66.6667,0,100,97,79,1651,3504,2.18536,0,11.1251,2.31677,0,3400,17389726843
45.7708,21.848,66.6667,0,100,97,79,1651,3504,2.18536,0,11.1251,2.31677,0,3400,17411576492
41.2902,24.2188,66.6667,0,100,97,79,1651,3504,2.18536,0,11.1251,2.31677,0,3400,17435795757
51.0395,19.5927,66.6667,0,100,97,79,1651,3504,2.18536,0,11.1251,2.31677,0,3400,17455391092
41.3247,24.1986,66.6667,0,100,97,79,1651,3504,2.18536,0,11.1251,2.31677,0,3400,17479590634
44.4042,22.5204,66.6667,0,100,97,79,1651,3504,2.18536,0,11.1251,2.31677,0,3400,17502111813
48.4432,20.6427,66.6667,0,100,97,79,1651,3504,2.18536,0,11.1251,2.31677,0,3400,17522762173
44.2707,22.5883,66.6667,0,100,97,79,1651,3504,2.18536,0,11.1251,2.31677,0,3400,17545346501
44.3628,22.5414,66.6667,0,100,97,79,1651,3504,2.18536,0,11.1251,2.31677,0,3400,17567893335
45.2743,22.0876,60.8273,0,100,95,78,1574,3504,2.18536,0,11.133,2.31677,0,3400,17589978025
45.7908,21.8384,60.8273,0,100,95,78,1574,3504,2.18536,0,11.133,2.31677,0,3400,17611817541
45.5218,21.9675,60.8273,0,100,95,78,1574,3504,2.18536,0,11.133,2.31677,0,3400,17633786355
44.8422,22.3004,60.8273,0,100,95,78,1574,3504,2.18536,0,11.133,2.31677,0,3400,17656088415
42.465,23.5488,60.8273,0,100,95,78,1574,3504,2.18536,0,11.133,2.31677,0,3400,17679637994
46.5552,21.4799,60.8273,0,100,95,78,1574,3504,2.18536,0,11.133,2.31677,0,3400,17701120303
47.8238,20.9101,60.8273,0,100,95,78,1574,3504,2.18536,0,11.133,2.31677,0,3400,17722031160
44.3521,22.5468,60.8273,0,100,95,78,1574,3504,2.18536,0,11.133,2.31677,0,3400,17744580760
45.8201,21.8245,60.8273,0,100,95,78,1574,3504,2.18536,0,11.133,2.31677,0,3400,17766405520
43.0681,23.219,60.8273,0,100,95,78,1574,3504,2.18536,0,11.133,2.31677,0,3400,17789626241
47.254,21.1622,60.8273,0,100,95,78,1574,3504,2.18536,0,11.133,2.31677,0,3400,17810790228
41.1266,24.3152,60.8273,0,100,95,78,1574,3504,2.18536,0,11.133,2.31677,0,3400,17835106712
50.7554,19.7023,60.8273,0,100,95,78,1574,3504,2.18536,0,11.133,2.31677,0,3400,17854810179
45.6124,21.9239,60.8273,0,100,95,78,1574,3504,2.18536,0,11.133,2.31677,0,3400,17876735237
43.6226,22.9239,60.8273,0,100,95,78,1574,3504,2.18536,0,11.133,2.31677,0,3400,17899661453
50.0601,19.976,60.8273,0,100,95,78,1574,3504,2.18536,0,11.133,2.31677,0,3400,17919638888
41.0315,24.3715,60.8273,0,100,95,78,1574,3504,2.18536,0,11.133,2.31677,0,3400,17944011833
48.7296,20.5214,60.8273,0,100,95,78,1574,3504,2.18536,0,11.133,2.31677,0,3400,17964534488
45.791,21.8384,60.8273,0,100,95,78,1574,3504,2.18536,0,11.133,2.31677,0,3400,17986372377
45.6678,21.8973,60.8273,0,100,95,78,1574,3504,2.18536,0,11.133,2.31677,0,3400,18008285758
43.4872,22.9953,60.8273,0,100,95,78,1574,3504,2.18536,0,11.133,2.31677,0,3400,18031268752
48.0702,20.8029,60.8273,0,100,95,78,1574,3504,2.18536,0,11.133,2.31677,0,3400,18052072034
43.2194,23.1377,60.8273,0,100,95,78,1574,3504,2.18536,0,11.133,2.31677,0,3400,18075219454
44.0606,22.696,59.7531,0,100,95,78,1576,3504,2.18536,0,11.1327,2.31677,0,3400,18097910682
43.8104,22.8256,59.7531,0,100,95,78,1576,3504,2.18536,0,11.1327,2.31677,0,3400,18120735365
48.0774,20.7998,59.7531,0,100,95,78,1576,3504,2.18536,0,11.1327,2.31677,0,3400,18141536454
44.5404,22.4515,59.7531,0,100,95,78,1576,3504,2.18536,0,11.1327,2.31677,0,3400,18163989697
44.1949,22.6271,59.7531,0,100,95,78,1576,3504,2.18536,0,11.1327,2.31677,0,3400,18186617548
43.7767,22.8432,59.7531,0,100,95,78,1576,3504,2.18536,0,11.1327,2.31677,0,3400,18209461824
40.6455,24.603,59.7531,0,100,95,78,1576,3504,2.18536,0,11.1327,2.31677,0,3400,18234066901
49.686,20.1264,59.7531,0,100,95,78,1576,3504,2.18536,0,11.1327,2.31677,0,3400,18254195399
51.6894,19.3463,59.7531,0,100,95,78,1576,3504,2.18536,0,11.1327,2.31677,0,3400,18273541642
43.2103,23.1427,59.7531,0,100,95,78,1576,3504,2.18536,0,11.1327,2.31677,0,3400,18296685181
47.9304,20.8636,59.7531,0,100,95,78,1576,3504,2.18536,0,11.1327,2.31677,0,3400,18317550489
42.4354,23.5652,59.7531,0,100,95,78,1576,3504,2.18536,0,11.1327,2.31677,0,3400,18341117463
48.3911,20.6649,59.7531,0,100,95,78,1576,3504,2.18536,0,11.1327,2.31677,0,3400,18361782866
37.2899,26.8169,59.7531,0,100,95,78,1576,3504,2.18536,0,11.1327,2.31677,0,3400,18388602766
55.6089,17.9827,59.7531,0,100,95,78,1576,3504,2.18536,0,11.1327,2.31677,0,3400,18406585746
45.5071,21.9746,59.7531,0,100,95,78,1576,3504,2.18536,0,11.1327,2.31677,0,3400,18428561403
48.2231,20.7369,59.7531,0,100,95,78,1576,3504,2.18536,0,11.1327,2.31677,0,3400,18449299938
44.2215,22.6134,59.7531,0,100,95,78,1576,3504,2.18536,0,11.1327,2.31677,0,3400,18471915458
42.6374,23.4536,59.7531,0,100,95,78,1576,3504,2.18536,0,11.1327,2.31677,0,3400,18495369561
48.3191,20.6957,59.7531,0,100,95,78,1576,3504,2.18536,0,11.1327,2.31677,0,3400,18516066782
41.2097,24.2662,59.7531,0,100,95,78,1576,3504,2.18536,0,11.1327,2.31677,0,3400,18540335133
49.8814,20.0476,59.7531,0,100,95,78,1576,3504,2.18536,0,11.1327,2.31677,0,3400,18560383340
44.3918,22.5267,59.7531,0,100,95,78,1576,3504,2.18536,0,11.1327,2.31677,0,3400,18582917836
46.6787,21.4231,60.1966,0,100,95,78,1570,3504,2.18536,0,11.1414,2.31677,0,3401,18604336574
47.5287,21.0399,60.1966,0,100,95,78,1570,3504,2.18536,0,11.1414,2.31677,0,3401,18625377202
45.5562,21.9509,60.1966,0,100,95,78,1570,3504,2.18536,0,11.1414,2.31677,0,3401,18647328751
40.4215,24.7393,60.1966,0,100,95,78,1570,3504,2.18536,0,11.1414,2.31677,0,3401,18672069278
49.2016,20.3245,60.1966,0,100,95,78,1570,3504,2.18536,0,11.1414,2.31677,0,3401,18692395727
41.7059,23.9774,60.1966,0,100,95,78,1570,3504,2.18536,0,11.1414,2.31677,0,3401,18716374526
54.8697,18.225,60.1966,0,100,95,78,1570,3504,2.18536,0,11.1414,2.31677,0,3401,18734601480
41.9513,23.8372,60.1966,0,100,95,78,1570,3504,2.18536,0,11.1414,2.31677,0,3401,18758439070
45.925,21.7746,60.1966,0,100,95,78,1570,3504,2.18536,0,11.1414,2.31677,0,3401,18780216600
42.0124,23.8025,60.1966,0,100,95,78,1570,3504,2.18536,0,11.1414,2.31677,0,3401,18804019469
52.3855,19.0893,60.1966,0,100,95,78,1570,3504,2.18536,0,11.1414,2.31677,0,3401,18823110447
42.7806,23.3751,60.1966,0,100,95,78,1570,3504,2.18536,0,11.1414,2.31677,0,3401,18846494414
46.628,21.4463,60.1966,0,100,95,78,1570,3504,2.18536,0,11.1414,2.31677,0,3401,18867941500
46.5656,21.4751,60.1966,0,100,95,78,1570,3504,2.18536,0,11.1414,2.31677,0,3401,18889418037
39.8874,25.0706,60.1966,0,100,95,78,1570,3504,2.18536,0,11.1414,2.31677,0,3401,18914489618
49.732,20.1078,60.1966,0,100,95,78,1570,3504,2.18536,0,11.1414,2.31677,0,3401,18934598054
44.9426,22.2506,60.1966,0,100,95,78,1570,3504,2.18536,0,11.1414,2.31677,0,3401,18956850437
45.9111,21.7812,60.1966,0,100,95,78,1570,3504,2.18536,0,11.1414,2.31677,0,3401,18978633159
48.7536,20.5113,60.1966,0,100,95,78,1570,3504,2.18536,0,11.1414,2.31677,0,3401,18999145774
45.896,21.7884,60.1966,0,100,95,78,1570,3504,2.18536,0,11.1414,2.31677,0,3401,19020935665
46.1447,21.6709,60.1966,0,100,95,78,1570,3504,2.18536,0,11.1414,2.31677,0,3401,19042608239
42.1369,23.7322,60.1966,0,100,95,78,1570,3504,2.18536,0,11.1414,2.31677,0,3401,19066340867
50.436,19.8271,60.1966,0,100,95,78,1570,3504,2.18536,0,11.1414,2.31677,0,3401,19086178368
40.4571,24.7175,60.794,0,100,95,78,1572,3504,2.18536,0,11.1436,2.31677,0,3400,19110890924
52.4232,19.0755,60.794,0,100,95,78,1572,3504,2.18536,0,11.1436,2.31677,0,3400,19129966504
43.1038,23.1998,60.794,0,100,95,78,1572,3504,2.18536,0,11.1436,2.31677,0,3400,19153169458
45.803,21.8327,60.794,0,100,95,78,1572,3504,2.18536,0,11.1436,2.31677,0,3400,19175002598
47.9643,20.8489,60.794,0,100,95,78,1572,3504,2.18536,0,11.1436,2.31677,0,3400,19195850966
45.8755,21.7981,60.794,0,100,95,78,1572,3504,2.18536,0,11.1436,2.31677,0,3400,19217652222
41.9452,23.8406,60.794,0,100,95,78,1572,3504,2.18536,0,11.1436,2.31677,0,3400,19241494590
47.8621,20.8934,60.794,0,100,95,78,1572,3504,2.18536,0,11.1436,2.31677,0,3400,19262390762
48.3965,20.6627,60.794,0,100,95,78,1572,3504,2.18536,0,11.1436,2.31677,0,3400,19283053588
46.2541,21.6197,60.794,0,100,95,78,1572,3504,2.18536,0,11.1436,2.31677,0,3400,19304674572
42.9755,23.2691,60.794,0,100,95,78,1572,3504,2.18536,0,11.1436,2.31677,0,3400,19327945266
46.1691,21.6595,60.794,0,100,95,78,1572,3504,2.18536,0,11.1436,2.31677,0,3400,19349606741
49.1976,20.3262,60.794,0,100,95,78,1572,3504,2.18536,0,11.1436,2.31677,0,3400,19369934866
45.3631,22.0444,60.794,0,100,95,78,1572,3504,2.18536,0,11.1436,2.31677,0,3400,19391981330
46.8171,21.3597,60.794,0,100,95,78,1572,3504,2.18536,0,11.1436,2.31677,0,3400,19413342800
48.9135,20.4443,60.794,0,100,95,78,1572,3504,2.18536,0,11.1436,2.31677,0,3400,19433786872
49.3192,20.2761,60.794,0,100,95,78,1572,3504,2.18536,0,11.1436,2.31677,0,3400,19454064353
43.8571,22.8013,60.794,0,100,95,78,1572,3504,2.18536,0,11.1436,2.31677,0,3400,19476867143
44.1903,22.6294,60.794,0,100,95,78,1572,3504,2.18536,0,11.1436,2.31677,0,3400,19499497831
49.3548,20.2615,60.794,0,100,95,78,1572,3504,2.18536,0,11.1436,2.31677,0,3400,19519760237
51.9,19.2678,60.794,0,100,95,78,1572,3504,2.18536,0,11.1436,2.31677,0,3400,19539029098
45.2894,22.0802,60.794,0,100,95,78,1572,3504,2.18536,0,11.1436,2.31677,0,3400,19561112402
50.7561,19.7021,60.794,0,100,95,78,1572,3504,2.18536,0,11.1436,2.31677,0,3400,19580813739
47.2276,21.174,60.794,0,100,95,78,1572,3504,2.18536,0,11.1436,2.31677,0,3400,19601992978
46.8328,21.3526,68.5366,0,100,94,78,1577,3504,2.18536,0,11.1487,2.31677,0,3400,19623344063
52.651,18.993,68.5366,0,100,94,78,1577,3504,2.18536,0,11.1487,2.31677,0,3400,19642338066
45.0271,22.2088,68.5366,0,100,94,78,1577,3504,2.18536,0,11.1487,2.31677,0,3400,19664548686
50.1775,19.9292,68.5366,0,100,94,78,1577,3504,2.18536,0,11.1487,2.31677,0,3400,19684478682
42.8596,23.332,68.5366,0,100,94,78,1577,3504,2.18536,0,11.1487,2.31677,0,3400,19707812614
52.1397,19.1792,68.5366,0,100,94,78,1577,3504,2.18536,0,11.1487,2.31677,0,3400,19726991766
45.0594,22.1929,68.5366,0,100,94,78,1577,3504,2.18536,0,11.1487,2.31677,0,3400,19749186513
48.4236,20.6511,68.5366,0,100,94,78,1577,3504,2.18536,0,11.1487,2.31677,0,3400,19769839697
48.5834,20.5832,68.5366,0,100,94,78,1577,3504,2.18536,0,11.1487,2.31677,0,3400,19790424110
48.8207,20.4831,68.5366,0,100,94,78,1577,3504,2.18536,0,11.1487,2.31677,0,3400,19810907873
48.4896,20.623,68.5366,0,100,94,78,1577,3504,2.18536,0,11.1487,2.31677,0,3400,19831532678
44.9831,22.2306,68.5366,0,100,94,78,1577,3504,2.18536,0,11.1487,2.31677,0,3400,19853764168
48.2317,20.7332,68.5366,0,100,94,78,1577,3504,2.18536,0,11.1487,2.31677,0,3400,19874498807
49.7238,20.1111,68.5366,0,100,94,78,1577,3504,2.18536,0,11.1487,2.31677,0,3400,19894610514
45.4781,21.9886,68.5366,0,100,94,78,1577,3504,2.18536,0,11.1487,2.31677,0,3400,19916601010
51.9563,19.2469,68.5366,0,100,94,78,1577,3504,2.18536,0,11.1487,2.31677,0,3400,19935849528
44.644,22.3994,68.5366,0,100,94,78,1577,3504,2.18536,0,11.1487,2.31677,0,3400,19958249240
46.7134,21.4071,68.5366,0,100,94,78,1577,3504,2.18536,0,11.1487,2.31677,0,3400,19979663184
47.9315,20.8631,68.5366,0,100,94,78,1577,3504,2.18536,0,11.1487,2.31677,0,3400,20000522362
48.0359,20.8178,68.5366,0,100,94,78,1577,3504,2.18536,0,11.1487,2.31677,0,3400,20021340351
49.0286,20.3963,68.5366,0,100,94,78,1577,3504,2.18536,0,11.1487,2.31677,0,3400,20041738268
44.3522,22.5468,68.5366,0,100,94,78,1577,3504,2.18536,0,11.1487,2.31677,0,3400,20064285572
47.7604,20.9378,68.5366,0,100,94,78,1577,3504,2.18536,0,11.1487,2.31677,0,3400,20085225820
49.345,20.2655,68.5366,0,100,94,78,1577,3504,2.18536,0,11.1487,2.31677,0,3400,20105499982
48.0519,20.8108,53.3333,0,100,94,78,1647,3504,2.18536,0,11.1487,2.31677,0,3400,20126303610
49.94,20.024,53.3333,0,100,94,78,1647,3504,2.18536,0,11.1487,2.31677,0,3400,20146329383
43.7306,22.8673,53.3333,0,100,94,78,1647,3504,2.18536,0,11.1487,2.31677,0,3400,20169197024
50.0072,19.9971,53.3333,0,100,94,78,1647,3504,2.18536,0,11.1487,2.31677,0,3400,20189196306
47.2083,21.1827,53.3333,0,100,94,78,1647,3504,2.18536,0,11.1487,2.31677,0,3400,20210379591
47.6219,20.9987,53.3333,0,100,94,78,1647,3504,2.18536,0,11.1487,2.31677,0,3400,20231379856
49.726,20.1102,53.3333,0,100,94,78,1647,3504,2.18536,0,11.1487,2.31677,0,3400,20251491598
47.9302,20.8637,53.3333,0,100,94,78,1647,3504,2.18536,0,11.1487,2.31677,0,3400,20272357178
46.6934,21.4163,53.3333,0,100,94,78,1647,3504,2.18536,0,11.1487,2.31677,0,3400,20293774385
48.9426,20.4321,53.3333,0,100,94,78,1647,3504,2.18536,0,11.1487,2.31677,0,3400,20314207317
45.4438,22.0052,53.3333,0,100,94,78,1647,3504,2.18536,0,11.1487,2.31677,0,3400,20336213727
51.2137,19.526,53.3333,0,100,94,78,1647,3504,2.18536,0,11.1487,2.31677,0,3400,20355741611
47.5922,21.0118,53.3333,0,100,94,78,1647,3504,2.18536,0,11.1487,2.31677,0,3400,20376754219
48.9431,20.4319,53.3333,0,100,94,78,1647,3504,2.18536,0,11.1487,2.31677,0,3400,20397187082
45.2904,22.0797,53.3333,0,100,94,78,1647,3504,2.18536,0,11.1487,2.31677,0,3400,20419268094
50.2418,19.9037,53.3333,0,100,94,78,1647,3504,2.18536,0,11.1487,2.31677,0,3400,20439173475
44.7591,22.3418,53.3333,0,100,94,78,1647,3504,2.18536,0,11.1487,2.31677,0,3400,20461516065
48.9435,20.4317,53.3333,0,100,94,78,1647,3504,2.18536,0,11.1487,2.31677,0,3400,20481949751
47.8408,20.9026,53.3333,0,100,94,78,1647,3504,2.18536,0,11.1487,2.31677,0,3400,20502853751
47.4992,21.053,53.3333,0,100,94,78,1647,3504,2.18536,0,11.1487,2.31677,0,3400,20523907525
45.5425,21.9575,53.3333,0,100,94,78,1647,3504,2.18536,0,11.1487,2.31677,0,3400,20545866912
49.8017,20.0796,53.3333,0,100,94,78,1647,3504,2.18536,0,11.1487,2.31677,0,3400,20565947356
48.8535,20.4694,53.3333,0,100,94,78,1647,3504,2.18536,0,11.1487,2.31677,0,3400,20586418398
43.3218,23.083,53.3333,0,100,94,78,1647,3504,2.18536,0,11.1487,2.31677,0,3400,20609510000
46.4317,21.537,56.1538,0,100,92,78,1647,3504,2.18536,0,11.1383,2.31677,0,3400,20631040932
51.7742,19.3146,56.1538,0,100,92,78,1647,3504,2.18536,0,11.1383,2.31677,0,3400,20650357088
48.2896,20.7084,56.1538,0,100,92,78,1647,3504,2.18536,0,11.1383,2.31677,0,3400,20671066440
45.9155,21.7791,56.1538,0,100,92,78,1647,3504,2.18536,0,11.1383,2.31677,0,3400,20692846797
48.2626,20.72,56.1538,0,100,92,78,1647,3504,2.18536,0,11.1383,2.31677,0,3400,20713570537
51.4215,19.4471,56.1538,0,100,92,78,1647,3504,2.18536,0,11.1383,2.31677,0,3400,20733016516
46.6102,21.4545,56.1538,0,100,92,78,1647,3504,2.18536,0,11.1383,2.31677,0,3400,20754473371
45.3737,22.0392,56.1538,0,100,92,78,1647,3504,2.18536,0,11.1383,2.31677,0,3400,20776514015
46.9922,21.2801,56.1538,0,100,92,78,1647,3504,2.18536,0,11.1383,2.31677,0,3400,20797794883
48.7919,20.4952,56.1538,0,100,92,78,1647,3504,2.18536,0,11.1383,2.31677,0,3400,20818291562
48.1809,20.7551,56.1538,0,100,92,78,1647,3504,2.18536,0,11.1383,2.31677,0,3400,20839050449
48.1749,20.7577,56.1538,0,100,92,78,1647,3504,2.18536,0,11.1383,2.31677,0,3400,20859814167
47.2694,21.1553,56.1538,0,100,92,78,1647,3504,2.18536,0,11.1383,2.31677,0,3400,20880965808
49.1592,20.3421,56.1538,0,100,92,78,1647,3504,2.18536,0,11.1383,2.31677,0,3400,20901309234
43.3949,23.0442,56.1538,0,100,92,78,1647,3504,2.18536,0,11.1383,2.31677,0,3400,20924354690
52.2351,19.1442,56.1538,0,100,92,78,1647,3504,2.18536,0,11.1383,2.31677,0,3400,20943500192
46.1332,21.6764,56.1538,0,100,92,78,1647,3504,2.18536,0,11.1383,2.31677,0,3400,20965177114
46.2837,21.6059,56.1538,0,100,92,78,1647,3504,2.18536,0,11.1383,2.31677,0,3400,20986784121
49.2976,20.285,56.1538,0,100,92,78,1647,3504,2.18536,0,11.1383,2.31677,0,3400,21007088654
43.5127,22.9818,56.1538,0,100,92,78,1647,3504,2.18536,0,11.1383,2.31677,0,3400,21030054840
50.9494,19.6273,56.1538,0,100,92,78,1647,3504,2.18536,0,11.1383,2.31677,0,3400,21049682534
45.7713,21.8478,56.1538,0,100,92,78,1647,3504,2.18536,0,11.1383,2.31677,0,3400,21071531624
49.6508,20.1406,56.1538,0,100,92,78,1647,3504,2.18536,0,11.1383,2.31677,0,3400,21091672876
41.257,24.2383,56.1538,0,100,92,78,1647,3504,2.18536,0,11.1383,2.31677,0,3400,21115919388
54.604,18.3137,52.6582,0,100,92,79,1652,3504,2.18536,0,11.1383,2.31677,0,3400,21134227915
45.8574,21.8067,52.6582,0,100,92,79,1652,3504,2.18536,0,11.1383,2.31677,0,3400,21156036682
48.5499,20.5973,52.6582,0,100,92,79,1652,3504,2.18536,0,11.1383,2.31677,0,3400,21176634305
48.4286,20.6489,52.6582,0,100,92,79,1652,3504,2.18536,0,11.1383,2.31677,0,3400,21197286900
49.1388,20.3505,52.6582,0,100,92,79,1652,3504,2.18536,0,11.1383,2.31677,0,3400,21217637491
44.3942,22.5255,52.6582,0,100,92,79,1652,3504,2.18536,0,11.1383,2.31677,0,3400,21240163109
50.5976,19.7638,52.6582,0,100,92,79,1652,3504,2.18536,0,11.1383,2.31677,0,3400,21259930120
44.4794,22.4823,52.6582,0,100,92,79,1652,3504,2.18536,0,11.1383,2.31677,0,3400,21282413041
50.4772,19.8109,52.6582,0,100,92,79,1652,3504,2.18536,0,11.1383,2.31677,0,3400,21302224920
42.7631,23.3846,52.6582,0,100,92,79,1652,3504,2.18536,0,11.1383,2.31677,0,3400,21325611384
39.5328,25.2955,52.6582,0,100,92,79,1652,3504,2.18536,0,11.1383,2.31677,0,3400,21350910131
65.66,15.23,52.6582,0,100,92,79,1652,3504,2.18536,0,11.1383,2.31677,0,3400,21366139405
45.6472,21.9071,52.6582,0,100,92,79,1652,3504,2.18536,0,11.1383,2.31677,0,3400,21388048624
47.3286,21.1289,52.6582,0,100,92,79,1652,3504,2.18536,0,11.1383,2.31677,0,3400,21409177661
49.0956,20.3684,52.6582,0,100,92,79,1652,3504,2.18536,0,11.1383,2.31677,0,3400,21429547349
48.223,20.737,52.6582,0,100,92,79,1652,3504,2.18536,0,11.1383,2.31677,0,3400,21450286301
50.0687,19.9725,52.6582,0,100,92,79,1652,3504,2.18536,0,11.1383,2.31677,0,3400,21470259707
44.6925,22.3751,52.6582,0,100,92,79,1652,3504,2.18536,0,11.1383,2.31677,0,3400,21492636531
41.022,24.3772,52.6582,0,100,92,79,1652,3504,2.18536,0,11.1383,2.31677,0,3400,21517015019
57.0293,17.5348,52.6582,0,100,92,79,1652,3504,2.18536,0,11.1383,2.31677,0,3400,21534550805
50.6627,19.7384,52.6582,0,100,92,79,1652,3504,2.18536,0,11.1383,2.31677,0,3400,21554290778
45.9958,21.7411,52.6582,0,100,92,79,1652,3504,2.18536,0,11.1383,2.31677,0,3400,21576033257
46.0827,21.7001,52.6582,0,100,92,79,1652,3504,2.18536,0,11.1383,2.31677,0,3400,21597734876
54.0845,18.4896,52.6582,0,100,92,79,1652,3504,2.18536,0,11.1383,2.31677,0,3400,21616233321
47.1914,21.1903,56.5891,0,100,96,79,1656,3504,2.18536,0,11.1576,2.31677,0,3410,21637417866
47.47,21.0659,56.5891,0,100,96,79,1656,3504,2.18536,0,11.1576,2.31677,0,3410,21658485384
44.336,22.555,56.5891,0,100,96,79,1656,3504,2.18536,0,11.1576,2.31677,0,3410,21681041832
54.0609,18.4977,56.5891,0,100,96,79,1656,3504,2.18536,0,11.1576,2.31677,0,3410,21699541428
45.9921,21.7429,56.5891,0,100,96,79,1656,3504,2.18536,0,11.1576,2.31677,0,3410,21721284427
44.3198,22.5633,56.5891,0,100,96,79,1656,3504,2.18536,0,11.1576,2.31677,0,3410,21743848207
52.6784,18.9831,56.5891,0,100,96,79,1656,3504,2.18536,0,11.1576,2.31677,0,3410,21762833466
48.2352,20.7317,56.5891,0,100,96,79,1656,3504,2.18536,0,11.1576,2.31677,0,3410,21783584570
46.6094,21.4549,56.5891,0,100,96,79,1656,3504,2.18536,0,11.1576,2.31677,0,3410,21805021520
48.7228,20.5243,56.5891,0,100,96,79,1656,3504,2.18536,0,11.1576,2.31677,0,3410,21825547900
44.8521,22.2955,56.5891,0,100,96,79,1656,3504,2.18536,0,11.1576,2.31677,0,3410,21847845009
45.571,21.9438,56.5891,0,100,96,79,1656,3504,2.18536,0,11.1576,2.31677,0,3410,21869789778
52.5331,19.0356,56.5891,0,100,96,79,1656,3504,2.18536,0,11.1576,2.31677,0,3410,21888827732
48.4055,20.6588,56.5891,0,100,96,79,1656,3504,2.18536,0,11.1576,2.31677,0,3410,21909488057
42.9702,23.2719,56.5891,0,100,96,79,1656,3504,2.18536,0,11.1576,2.31677,0,3410,21932759960
55.5796,17.9922,56.5891,0,100,96,79,1656,3504,2.18536,0,11.1576,2.31677,0,3410,21950753365
49.2584,20.3011,56.5891,0,100,96,79,1656,3504,2.18536,0,11.1576,2.31677,0,3410,21971058285
46.5966,21.4608,56.5891,0,100,96,79,1656,3504,2.18536,0,11.1576,2.31677,0,3410,21992519519
49.4026,20.2418,56.5891,0,100,96,79,1656,3504,2.18536,0,11.1576,2.31677,0,3410,22012761670
47.8378,20.904,56.5891,0,100,96,79,1656,3504,2.18536,0,11.1576,2.31677,0,3410,22033666048
47.9756,20.8439,56.5891,0,100,96,79,1656,3504,2.18536,0,11.1576,2.31677,0,3410,22054511894
45.9417,21.7667,56.5891,0,100,96,79,1656,3504,2.18536,0,11.1576,2.31677,0,3410,22076279969
43.5798,22.9464,56.5891,0,100,96,79,1656,3504,2.18536,0,11.1576,2.31677,0,3410,22099227431
53.2637,18.7745,56.5891,0,100,96,79,1656,3504,2.18536,0,11.1576,2.31677,0,3410,22118010994
45.5815,21.9387,56.4885,0,100,96,80,1657,3504,2.18536,0,11.1576,2.31677,0,3400,22139944558
50.5124,19.7971,56.4885,0,100,96,80,1657,3504,2.18536,0,11.1576,2.31677,0,3400,22159741847
48.586,20.5821,56.4885,0,100,96,80,1657,3504,2.18536,0,11.1576,2.31677,0,3400,22180324952
44.6011,22.421,56.4885,0,100,96,80,1657,3504,2.18536,0,11.1576,2.31677,0,3400,22202747589
49.6006,20.161,56.4885,0,100,96,80,1657,3504,2.18536,0,11.1576,2.31677,0,3400,22222910637
50.0905,19.9638,56.4885,0,100,96,80,1657,3504,2.18536,0,11.1576,2.31677,0,3400,22242875044
42.9401,23.2883,56.4885,0,100,96,80,1657,3504,2.18536,0,11.1576,2.31677,0,3400,22266165902
51.8616,19.2821,56.4885,0,100,96,80,1657,3504,2.18536,0,11.1576,2.31677,0,3400,22285447696
42.5472,23.5033,56.4885,0,100,96,80,1657,3504,2.18536,0,11.1576,2.31677,0,3400,22308951165
47.6877,20.9698,56.4885,0,100,96,80,1657,3504,2.18536,0,11.1576,2.31677,0,3400,22329923795
50.2526,19.8995,56.4885,0,100,96,80,1657,3504,2.18536,0,11.1576,2.31677,0,3400,22349823915
48.1986,20.7475,56.4885,0,100,96,80,1657,3504,2.18536,0,11.1576,2.31677,0,3400,22370572922
49.6271,20.1503,56.4885,0,100,96,80,1657,3504,2.18536,0,11.1576,2.31677,0,3400,22390724504
45.5625,21.9479,56.4885,0,100,96,80,1657,3504,2.18536,0,11.1576,2.31677,0,3400,22412673005
45.0558,22.1947,56.4885,0,100,96,80,1657,3504,2.18536,0,11.1576,2.31677,0,3400,22434870971
54.4503,18.3654,56.4885,0,100,96,80,1657,3504,2.18536,0,11.1576,2.31677,0,3400,22453235761
47.883,20.8843,56.4885,0,100,96,80,1657,3504,2.18536,0,11.1576,2.31677,0,3400,22474121315
48.2346,20.732,56.4885,0,100,96,80,1657,3504,2.18536,0,11.1576,2.31677,0,3400,22494854242
45.5306,21.9633,56.4885,0,100,96,80,1657,3504,2.18536,0,11.1576,2.31677,0,3400,22516819244
47.2804,21.1504,56.4885,0,100,96,80,1657,3504,2.18536,0,11.1576,2.31677,0,3400,22537970260
50.3886,19.8458,56.4885,0,100,96,80,1657,3504,2.18536,0,11.1576,2.31677,0,3400,22557817459
43.3632,23.0611,56.4885,0,100,96,80,1657,3504,2.18536,0,11.1576,2.31677,0,3400,22580879757
54.5998,18.3151,56.4885,0,100,96,80,1657,3504,2.18536,0,11.1576,2.31677,0,3400,22599197954
46.995,21.2789,56.4885,0,100,96,80,1657,3504,2.18536,0,11.1576,2.31677,0,3400,22620480539
49.5662,20.175,56.3776,0,100,91,80,1658,3504,2.18536,0,11.1578,2.31677,0,3400,22640655649
46.7991,21.3679,56.3776,0,100,91,80,1658,3504,2.18536,0,11.1578,2.31677,0,3400,22662022730
48.0258,20.8221,56.3776,0,100,91,80,1658,3504,2.18536,0,11.1578,2.31677,0,3400,22682846476
42.9112,23.3039,56.3776,0,100,91,80,1658,3504,2.18536,0,11.1578,2.31677,0,3400,22706151298
50.0495,19.9802,56.3776,0,100,91,80,1658,3504,2.18536,0,11.1578,2.31677,0,3400,22726132990
47.3058,21.1391,56.3776,0,100,91,80,1658,3504,2.18536,0,11.1578,2.31677,0,3400,22747273815
53.9499,18.5357,56.3776,0,100,91,80,1658,3504,2.18536,0,11.1578,2.31677,0,3400,22765810706
49.0675,20.3801,56.3776,0,100,91,80,1658,3504,2.18536,0,11.1578,2.31677,0,3400,22786191631
44.8548,22.2942,56.3776,0,100,91,80,1658,3504,2.18536,0,11.1578,2.31677,0,3400,22808487284
46.3895,21.5566,56.3776,0,100,91,80,1658,3504,2.18536,0,11.1578,2.31677,0,3400,22830044950
51.7078,19.3394,56.3776,0,100,91,80,1658,3504,2.18536,0,11.1578,2.31677,0,3400,22849387174
41.6984,23.9817,56.3776,0,100,91,80,1658,3504,2.18536,0,11.1578,2.31677,0,3400,22873370241
56.1466,17.8105,56.3776,0,100,91,80,1658,3504,2.18536,0,11.1578,2.31677,0,3400,22891182074
50.4913,19.8054,56.3776,0,100,91,80,1658,3504,2.18536,0,11.1578,2.31677,0,3400,22910988851
46.5227,21.4949,56.3776,0,100,91,80,1658,3504,2.18536,0,11.1578,2.31677,0,3400,22932484721
46.3637,21.5686,56.3776,0,100,91,80,1658,3504,2.18536,0,11.1578,2.31677,0,3400,22954054569
49.8162,20.0738,56.3776,0,100,91,80,1658,3504,2.18536,0,11.1578,2.31677,0,3400,22974130035
47.7185,20.9562,56.3776,0,100,91,80,1658,3504,2.18536,0,11.1578,2.31677,0,3400,22995088056
50.962,19.6225,56.3776,0,100,91,80,1658,3504,2.18536,0,11.1578,2.31677,0,3400,23014711804
48.6446,20.5572,56.3776,0,100,91,80,1658,3504,2.18536,0,11.1578,2.31677,0,3400,23035271096
47.4638,21.0687,56.3776,0,100,91,80,1658,3504,2.18536,0,11.1578,2.31677,0,3400,23056340355
47.3237,21.1311,56.3776,0,100,91,80,1658,3504,2.18536,0,11.1578,2.31677,0,3400,23077472501
50.5135,19.7967,56.3776,0,100,91,80,1658,3504,2.18536,0,11.1578,2.31677,0,3400,23097271817
47.7095,20.9602,56.3776,0,100,91,80,1658,3504,2.18536,0,11.1578,2.31677,0,3400,23118233375
49.1296,20.3543,56.3776,0,100,91,80,1658,3504,2.18536,0,11.1578,2.31677,0,3400,23138594797
47.2358,21.1704,56.1743,0,100,91,80,1683,3504,2.18536,0,11.1578,2.31677,0,3400,23159760274
43.0913,23.2066,56.1743,0,100,91,80,1683,3504,2.18536,0,11.1578,2.31677,0,3400,23182967928
55.4937,18.0201,56.1743,0,100,91,80,1683,3504,2.18536,0,11.1578,2.31677,0,3400,23200989310
47.9491,20.8554,56.1743,0,100,91,80,1683,3504,2.18536,0,11.1578,2.31677,0,3400,23221847013
48.4867,20.6242,56.1743,0,100,91,80,1683,3504,2.18536,0,11.1578,2.31677,0,3400,23242471627
47.0692,21.2453,56.1743,0,100,91,80,1683,3504,2.18536,0,11.1578,2.31677,0,3400,23263719287
48.6545,20.5531,56.1743,0,100,91,80,1683,3504,2.18536,0,11.1578,2.31677,0,3400,23284272296
49.175,20.3355,56.1743,0,100,91,80,1683,3504,2.18536,0,11.1578,2.31677,0,3400,23304609594
42.3683,23.6025,56.1743,0,100,91,80,1683,3504,2.18536,0,11.1578,2.31677,0,3400,23328213739
54.4759,18.3567,56.1743,0,100,91,80,1683,3504,2.18536,0,11.1578,2.31677,0,3400,23346571710
47.9364,20.861,56.1743,0,100,91,80,1683,3504,2.18536,0,11.1578,2.31677,0,3400,23367435656
46.5587,21.4782,56.1743,0,100,91,80,1683,3504,2.18536,0,11.1578,2.31677,0,3400,23388913635
47.7917,20.9241,56.1743,0,100,91,80,1683,3504,2.18536,0,11.1578,2.31677,0,3400,23409839205
51.2697,19.5047,56.1743,0,100,91,80,1683,3504,2.18536,0,11.1578,2.31677,0,3400,23429344252
44.7948,22.324,56.1743,0,100,91,80,1683,3504,2.18536,0,11.1578,2.31677,0,3400,23451670357
49.0392,20.3919,56.1743,0,100,91,80,1683,3504,2.18536,0,11.1578,2.31677,0,3400,23472063294
46.7111,21.4082,56.1743,0,100,91,80,1683,3504,2.18536,0,11.1578,2.31677,0,3400,23493472143
50.9693,19.6196,56.1743,0,100,91,80,1683,3504,2.18536,0,11.1578,2.31677,0,3400,23513093954
50.1234,19.9508,56.1743,0,100,91,80,1683,3504,2.18536,0,11.1578,2.31677,0,3400,23533046309
48.9228,20.4404,56.1743,0,100,91,80,1683,3504,2.18536,0,11.1578,2.31677,0,3400,23553487783
43.4873,22.9952,56.1743,0,100,91,80,1683,3504,2.18536,0,11.1578,2.31677,0,3400,23576484267
48.0694,20.8033,56.1743,0,100,91,80,1683,3504,2.18536,0,11.1578,2.31677,0,3400,23597289963
52.0754,19.2029,56.1743,0,100,91,80,1683,3504,2.18536,0,11.1578,2.31677,0,3400,23616494257
46.4478,21.5295,56.1743,0,100,91,80,1683,3504,2.18536,0,11.1578,2.31677,0,3400,23638025312
50.4702,19.8137,56.1743,0,100,91,80,1683,3504,2.18536,0,11.1578,2.31677,0,3400,23657844814
47.4704,21.0658,56.9007,0,100,95,81,1683,3504,2.18536,0,11.1586,2.31677,0,3400,23678907651
46.9999,21.2766,56.9007,0,100,95,81,1683,3504,2.18536,0,11.1586,2.31677,0,3400,23700184134
49.3272,20.2728,56.9007,0,100,95,81,1683,3504,2.18536,0,11.1586,2.31677,0,3400,23720459150
47.2884,21.1468,56.9007,0,100,95,81,1683,3504,2.18536,0,11.1586,2.31677,0,3400,23741606779
49.3002,20.2839,56.9007,0,100,95,81,1683,3504,2.18536,0,11.1586,2.31677,0,3400,23761891683
42.5055,23.5264,56.9007,0,100,95,81,1683,3504,2.18536,0,11.1586,2.31677,0,3400,23785419853
53.0605,18.8464,56.9007,0,100,95,81,1683,3504,2.18536,0,11.1586,2.31677,0,3400,23804266435
50.1894,19.9245,56.9007,0,100,95,81,1683,3504,2.18536,0,11.1586,2.31677,0,3400,23824192136
44.0962,22.6777,56.9007,0,100,95,81,1683,3504,2.18536,0,11.1586,2.31677,0,3400,23846871313
50.9456,19.6288,56.9007,0,100,95,81,1683,3504,2.18536,0,11.1586,2.31677,0,3400,23866501774
47.6251,20.9974,56.9007,0,100,95,81,1683,3504,2.18536,0,11.1586,2.31677,0,3400,23887500693
50.8906,19.65,56.9007,0,100,95,81,1683,3504,2.18536,0,11.1586,2.31677,0,3400,23907152407
46.0309,21.7246,56.9007,0,100,95,81,1683,3504,2.18536,0,11.1586,2.31677,0,3400,23928877394
47.1637,21.2027,56.9007,0,100,95,81,1683,3504,2.18536,0,11.1586,2.31677,0,3400,23950081931
51.9293,19.257,56.9007,0,100,95,81,1683,3504,2.18536,0,11.1586,2.31677,0,3400,23969339043
46.008,21.7354,56.9007,0,100,95,81,1683,3504,2.18536,0,11.1586,2.31677,0,3400,23991077075
45.8866,21.7928,56.9007,0,100,95,81,1683,3504,2.18536,0,11.1586,2.31677,0,3400,24012870255
49.5778,20.1703,56.9007,0,100,95,81,1683,3504,2.18536,0,11.1586,2.31677,0,3400,24033042482
50.4957,19.8037,56.9007,0,100,95,81,1683,3504,2.18536,0,11.1586,2.31677,0,3400,24052846481
45.1686,22.1393,56.9007,0,100,95,81,1683,3504,2.18536,0,11.1586,2.31677,0,3400,24074986805
49.1334,20.3527,56.9007,0,100,95,81,1683,3504,2.18536,0,11.1586,2.31677,0,3400,24095340993
47.6328,20.994,56.9007,0,100,95,81,1683,3504,2.18536,0,11.1586,2.31677,0,3400,24116336305
45.3126,22.0689,56.9007,0,100,95,81,1683,3504,2.18536,0,11.1586,2.31677,0,3400,24138406578
51.7475,19.3246,56.9007,0,100,95,81,1683,3504,2.18536,0,11.1586,2.31677,0,3400,24157732312
46.9647,21.2926,56.9007,0,100,95,81,1683,3504,2.18536,0,11.1586,2.31677,0,3400,24179035372
49.4653,20.2162,57.1429,0,100,95,81,1683,3504,2.18536,0,11.1502,2.31677,0,3400,24199244482
48.8253,20.4812,57.1429,0,100,95,81,1683,3504,2.18536,0,11.1502,2.31677,0,3400,24219732103
44.4746,22.4848,57.1429,0,100,95,81,1683,3504,2.18536,0,11.1502,2.31677,0,3400,24242212616
46.2267,21.6325,57.1429,0,100,95,81,1683,3504,2.18536,0,11.1502,2.31677,0,3400,24263845961
53.5599,18.6707,57.1429,0,100,95,81,1683,3504,2.18536,0,11.1502,2.31677,0,3400,24282517688
45.9367,21.7691,57.1429,0,100,95,81,1683,3504,2.18536,0,11.1502,2.31677,0,3400,24304288845
49.8214,20.0717,57.1429,0,100,95,81,1683,3504,2.18536,0,11.1502,2.31677,0,3400,24324362067
47.2867,21.1476,57.1429,0,100,95,81,1683,3504,2.18536,0,11.1502,2.31677,0,3400,24345510009
47.367,21.1117,57.1429,0,100,95,81,1683,3504,2.18536,0,11.1502,2.31677,0,3400,24366623267
47.9688,20.8469,57.1429,0,100,95,81,1683,3504,2.18536,0,11.1502,2.31677,0,3400,24387471684
44.2657,22.5909,57.1429,0,100,95,81,1683,3504,2.18536,0,11.1502,2.31677,0,3400,24410063975
49.7916,20.0837,57.1429,0,100,95,81,1683,3504,2.18536,0,11.1502,2.31677,0,3400,24430148027
47.5362,21.0366,57.1429,0,100,95,81,1683,3504,2.18536,0,11.1502,2.31677,0,3400,24451185511
49.0442,20.3898,57.1429,0,100,95,81,1683,3504,2.18536,0,11.1502,2.31677,0,3400,24471577788
45.6355,21.9128,57.1429,0,100,95,81,1683,3504,2.18536,0,11.1502,2.31677,0,3400,24493491103
52.7477,18.9582,57.1429,0,100,95,81,1683,3504,2.18536,0,11.1502,2.31677,0,3400,24512450810
45.6724,21.8951,57.1429,0,100,95,81,1683,3504,2.18536,0,11.1502,2.31677,0,3400,24534347101
47.4938,21.0554,57.1429,0,100,95,81,1683,3504,2.18536,0,11.1502,2.31677,0,3400,24555404124
42.7143,23.4114,57.1429,0,100,95,81,1683,3504,2.18536,0,11.1502,2.31677,0,3400,24578816615
53.2608,18.7755,57.1429,0,100,95,81,1683,3504,2.18536,0,11.1502,2.31677,0,3400,24597594284
44.5316,22.456,57.1429,0,100,95,81,1683,3504,2.18536,0,11.1502,2.31677,0,3400,24620051318
54.1532,18.4661,57.1429,0,100,95,81,1683,3504,2.18536,0,11.1502,2.31677,0,3400,24638519001
45.9086,21.7824,57.1429,0,100,95,81,1683,3504,2.18536,0,11.1502,2.31677,0,3400,24660302840
45.6649,21.8987,57.1429,0,100,95,81,1683,3504,2.18536,0,11.1502,2.31677,0,3400,24682211118
52.3609,19.0982,63.3588,0,100,96,81,1683,3504,2.18536,0,11.1522,2.31677,0,3400,24701302729
41.1749,24.2866,63.3588,0,100,96,81,1683,3504,2.18536,0,11.1522,2.31677,0,3400,24725589912
51.2823,19.4999,63.3588,0,100,96,81,1683,3504,2.18536,0,11.1522,2.31677,0,3400,24745091412
52.5298,19.0368,63.3588,0,100,96,81,1683,3504,2.18536,0,11.1522,2.31677,0,3400,24764130246
46.2909,21.6025,63.3588,0,100,96,81,1683,3504,2.18536,0,11.1522,2.31677,0,3400,24785734988
41.851,23.8943,63.3588,0,100,96,81,1683,3504,2.18536,0,11.1522,2.31677,0,3400,24809629979
50.7322,19.7114,63.3588,0,100,96,81,1683,3504,2.18536,0,11.1522,2.31677,0,3400,24829341653
48.7767,20.5016,63.3588,0,100,96,81,1683,3504,2.18536,0,11.1522,2.31677,0,3400,24849845847
43.4483,23.0159,63.3588,0,100,96,81,1683,3504,2.18536,0,11.1522,2.31677,0,3400,24872862652
48.0104,20.8288,63.3588,0,100,96,81,1683,3504,2.18536,0,11.1522,2.31677,0,3400,24893693194
42.8486,23.338,63.3588,0,100,96,81,1683,3504,2.18536,0,11.1522,2.31677,0,3400,24917032128
60.2881,16.587,63.3588,0,100,96,81,1683,3504,2.18536,0,11.1522,2.31677,0,3400,24933621051
40.8485,24.4807,63.3588,0,100,96,81,1683,3504,2.18536,0,11.1522,2.31677,0,3400,24958102692
56.6461,17.6535,63.3588,0,100,96,81,1683,3504,2.18536,0,11.1522,2.31677,0,3400,24975757395
49.3089,20.2803,63.3588,0,100,96,81,1683,3504,2.18536,0,11.1522,2.31677,0,3400,24996038699
45.6799,21.8915,63.3588,0,100,96,81,1683,3504,2.18536,0,11.1522,2.31677,0,3400,25017931426
43.9509,22.7526,63.3588,0,100,96,81,1683,3504,2.18536,0,11.1522,2.31677,0,3400,25040684187
46.7769,21.3781,63.3588,0,100,96,81,1683,3504,2.18536,0,11.1522,2.31677,0,3400,25062063981
49.641,20.1446,63.3588,0,100,96,81,1683,3504,2.18536,0,11.1522,2.31677,0,3400,25082209546
31.7409,31.5051,63.3588,0,100,96,81,1683,3504,2.18536,0,11.1522,2.31677,0,3400,25113719254
73.5159,13.6025,63.3588,0,100,96,81,1683,3504,2.18536,0,11.1522,2.31677,0,3400,25127321544
46.7576,21.3869,63.3588,0,100,96,81,1683,3504,2.18536,0,11.1522,2.31677,0,3400,25148711944
48.774,20.5027,63.3588,0,100,96,81,1683,3504,2.18536,0,11.1522,2.31677,0,3400,25169215170
44.254,22.5968,63.3588,0,100,96,81,1683,3504,2.18536,0,11.1522,2.31677,0,3400,25191817310
45.6776,21.8926,69.378,0,100,96,81,1683,3504,2.18536,0,11.1496,2.31677,0,3400,25213707096
44.3479,22.549,69.378,0,100,96,81,1683,3504,2.18536,0,11.1496,2.31677,0,3400,25236257877
43.5147,22.9807,69.378,0,100,96,81,1683,3504,2.18536,0,11.1496,2.31677,0,3400,25259241523
53.3446,18.746,69.378,0,100,96,81,1683,3504,2.18536,0,11.1496,2.31677,0,3400,25277987170
46.0898,21.6968,69.378,0,100,96,81,1683,3504,2.18536,0,11.1496,2.31677,0,3400,25299685282
44.212,22.6183,69.378,0,100,96,81,1683,3504,2.18536,0,11.1496,2.31677,0,3400,25322306752
47.6911,20.9683,69.378,0,100,96,81,1683,3504,2.18536,0,11.1496,2.31677,0,3400,25343275231
46.3075,21.5948,69.378,0,100,96,81,1683,3504,2.18536,0,11.1496,2.31677,0,3400,25364872102
46.7095,21.4089,69.378,0,100,96,81,1683,3504,2.18536,0,11.1496,2.31677,0,3400,25386282409
44.0583,22.6972,69.378,0,100,96,81,1683,3504,2.18536,0,11.1496,2.31677,0,3400,25408980423
48.2456,20.7273,69.378,0,100,96,81,1683,3504,2.18536,0,11.1496,2.31677,0,3400,25429709337
48.1311,20.7766,69.378,0,100,96,81,1683,3504,2.18536,0,11.1496,2.31677,0,3400,25450486622
44.4998,22.472,69.378,0,100,96,81,1683,3504,2.18536,0,11.1496,2.31677,0,3400,25472960888
49.7969,20.0816,69.378,0,100,96,81,1683,3504,2.18536,0,11.1496,2.31677,0,3400,25493043111
42.774,23.3787,69.378,0,100,96,81,1683,3504,2.18536,0,11.1496,2.31677,0,3400,25516423199
46.8977,21.323,69.378,0,100,96,81,1683,3504,2.18536,0,11.1496,2.31677,0,3400,25537751288
48.0993,20.7903,69.378,0,100,96,81,1683,3504,2.18536,0,11.1496,2.31677,0,3400,25558543016
46.4849,21.5124,69.378,0,100,96,81,1683,3504,2.18536,0,11.1496,2.31677,0,3400,25580053767
45.638,21.9116,69.378,0,100,96,81,1683,3504,2.18536,0,11.1496,2.31677,0,3400,25601966916
47.1583,21.2052,69.378,0,100,96,81,1683,3504,2.18536,0,11.1496,2.31677,0,3400,25623172807
49.1996,20.3254,69.378,0,100,96,81,1683,3504,2.18536,0,11.1496,2.31677,0,3400,25643500128
48.428,20.6492,69.378,0,100,96,81,1683,3504,2.18536,0,11.1496,2.31677,0,3400,25664152476
47.7451,20.9446,69.378,0,100,96,81,1683,3504,2.18536,0,11.1496,2.31677,0,3400,25685096384
43.3686,23.0581,69.378,0,100,96,81,1683,3504,2.18536,0,11.1496,2.31677,0,3400,25708161152
47.5566,21.0276,58.7065,0,100,95,81,1683,3504,2.18536,0,11.1544,2.31677,0,3403,25729185705
43.3064,23.0913,58.7065,0,100,95,81,1683,3504,2.18536,0,11.1544,2.31677,0,3403,25752279828
51.0663,19.5824,58.7065,0,100,95,81,1683,3504,2.18536,0,11.1544,2.31677,0,3403,25771862048
49.094,20.3691,58.7065,0,100,95,81,1683,3504,2.18536,0,11.1544,2.31677,0,3403,25792232706
44.17,22.6398,58.7065,0,100,95,81,1683,3504,2.18536,0,11.1544,2.31677,0,3403,25814873812
49.1774,20.3346,58.7065,0,100,95,81,1683,3504,2.18536,0,11.1544,2.31677,0,3403,25835210015
46.6847,21.4203,58.7065,0,100,95,81,1683,3504,2.18536,0,11.1544,2.31677,0,3403,25856631458
42.6027,23.4727,58.7065,0,100,95,81,1683,3504,2.18536,0,11.1544,2.31677,0,3403,25880104930
51.1676,19.5436,58.7065,0,100,95,81,1683,3504,2.18536,0,11.1544,2.31677,0,3403,25899649996
43.7442,22.8602,58.7065,0,100,95,81,1683,3504,2.18536,0,11.1544,2.31677,0,3403,25922511890
45.8667,21.8023,58.7065,0,100,95,81,1683,3504,2.18536,0,11.1544,2.31677,0,3403,25944315845
51.9375,19.2539,58.7065,0,100,95,81,1683,3504,2.18536,0,11.1544,2.31677,0,3403,25963570351
46.3699,21.5657,58.7065,0,100,95,81,1683,3504,2.18536,0,11.1544,2.31677,0,3403,25985136677
42.5912,23.479,58.7065,0,100,95,81,1683,3504,2.18536,0,11.1544,2.31677,0,3403,26008617110
55.4657,18.0291,58.7065,0,100,95,81,1683,3504,2.18536,0,11.1544,2.31677,0,3403,26026647791
46.5376,21.488,58.7065,0,100,95,81,1683,3504,2.18536,0,11.1544,2.31677,0,3403,26048135695
46.562,21.4767,58.7065,0,100,95,81,1683,3504,2.18536,0,11.1544,2.31677,0,3403,26069614913
39.3014,25.4444,58.7065,0,100,95,81,1683,3504,2.18536,0,11.1544,2.31677,0,3403,26095060295
50.0103,19.9959,58.7065,0,100,95,81,1683,3504,2.18536,0,11.1544,2.31677,0,3403,26115058706
50.8937,19.6488,58.7065,0,100,95,81,1683,3504,2.18536,0,11.1544,2.31677,0,3403,26134706777
47.9973,20.8345,58.7065,0,100,95,81,1683,3504,2.18536,0,11.1544,2.31677,0,3403,26155556363
45.7517,21.8571,58.7065,0,100,95,81,1683,3504,2.18536,0,11.1544,2.31677,0,3403,26177401698
50.895,19.6483,58.7065,0,100,95,81,1683,3504,2.18536,0,11.1544,2.31677,0,3403,26197051718
44.8327,22.3052,58.7065,0,100,95,81,1683,3504,2.18536,0,11.1544,2.31677,0,3403,26219362706
46.8222,21.3574,59.3516,0,100,95,81,1683,3504,2.18536,0,11.1549,2.31677,0,3400,26240715374
49.9012,20.0396,59.3516,0,100,95,81,1683,3504,2.18536,0,11.1549,2.31677,0,3400,26260757342
42.6535,23.4447,59.3516,0,100,95,81,1683,3504,2.18536,0,11.1549,2.31677,0,3400,26284202707
50.8932,19.649,59.3516,0,100,95,81,1683,3504,2.18536,0,11.1549,2.31677,0,3400,26303853251
45.2393,22.1047,59.3516,0,100,95,81,1683,3504,2.18536,0,11.1549,2.31677,0,3400,26325959621
45.3357,22.0577,59.3516,0,100,95,81,1683,3504,2.18536,0,11.1549,2.31677,0,3400,26348018570
49.6636,20.1355,59.3516,0,100,95,81,1683,3504,2.18536,0,11.1549,2.31677,0,3400,26368155288
47.8312,20.9069,59.3516,0,100,95,81,1683,3504,2.18536,0,11.1549,2.31677,0,3400,26389063405
47.0761,21.2422,59.3516,0,100,95,81,1683,3504,2.18536,0,11.1549,2.31677,0,3400,26410306671
44.8104,22.3163,59.3516,0,100,95,81,1683,3504,2.18536,0,11.1549,2.31677,0,3400,26432624552
46.145,21.6708,59.3516,0,100,95,81,1683,3504,2.18536,0,11.1549,2.31677,0,3400,26454314564
48.4249,20.6505,59.3516,0,100,95,81,1683,3504,2.18536,0,11.1549,2.31677,0,3400,26474950419
47.2177,21.1785,59.3516,0,100,95,81,1683,3504,2.18536,0,11.1549,2.31677,0,3400,26496128664
47.818,20.9126,59.3516,0,100,95,81,1683,3504,2.18536,0,11.1549,2.31677,0,3400,26517043285
42.8681,23.3273,59.3516,0,100,95,81,1683,3504,2.18536,0,11.1549,2.31677,0,3400,26540371522
44.9638,22.2401,59.3516,0,100,95,81,1683,3504,2.18536,0,11.1549,2.31677,0,3400,26562612734
46.7812,21.3761,59.3516,0,100,95,81,1683,3504,2.18536,0,11.1549,2.31677,0,3400,26583991138
53.6367,18.644,59.3516,0,100,95,81,1683,3504,2.18536,0,11.1549,2.31677,0,3400,26602636449
45.9305,21.772,59.3516,0,100,95,81,1683,3504,2.18536,0,11.1549,2.31677,0,3400,26624409284
44.647,22.3979,59.3516,0,100,95,81,1683,3504,2.18536,0,11.1549,2.31677,0,3400,26646807879
46.9477,21.3003,59.3516,0,100,95,81,1683,3504,2.18536,0,11.1549,2.31677,0,3400,26668109993
42.9413,23.2876,59.3516,0,100,95,81,1683,3504,2.18536,0,11.1549,2.31677,0,3400,26691398051
51.2444,19.5143,59.3516,0,100,95,81,1683,3504,2.18536,0,11.1549,2.31677,0,3400,26710913566
40.3355,24.792,59.3516,0,100,95,81,1683,3504,2.18536,0,11.1549,2.31677,0,3400,26735713106
52.6009,19.0111,62.381,0,100,95,81,1683,3504,2.18536,0,11.1623,2.31677,0,3400,26754718733
46.8268,21.3553,62.381,0,100,95,81,1683,3504,2.18536,0,11.1623,2.31677,0,3400,26776075280
42.3754,23.5986,62.381,0,100,95,81,1683,3504,2.18536,0,11.1623,2.31677,0,3400,26799676796
43.629,22.9205,62.381,0,100,95,81,1683,3504,2.18536,0,11.1623,2.31677,0,3400,26822597117
47.2694,21.1553,62.381,0,100,95,81,1683,3504,2.18536,0,11.1623,2.31677,0,3400,26843756482
49.1198,20.3584,62.381,0,100,95,81,1683,3504,2.18536,0,11.1623,2.31677,0,3400,26864114276
41.3952,24.1574,62.381,0,100,95,81,1683,3504,2.18536,0,11.1623,2.31677,0,3400,26888272591
51.9963,19.2321,62.381,0,100,95,81,1683,3504,2.18536,0,11.1623,2.31677,0,3400,26907505229
48.6053,20.5739,62.381,0,100,95,81,1683,3504,2.18536,0,11.1623,2.31677,0,3400,26928080906
47.1915,21.1902,62.381,0,100,95,81,1683,3504,2.18536,0,11.1623,2.31677,0,3400,26949272921
39.9418,25.0364,62.381,0,100,95,81,1683,3504,2.18536,0,11.1623,2.31677,0,3400,26974310817
51.0907,19.573,62.381,0,100,95,81,1683,3504,2.18536,0,11.1623,2.31677,0,3400,26993884498
45.9702,21.7532,62.381,0,100,95,81,1683,3504,2.18536,0,11.1623,2.31677,0,3400,27015638276
45.5381,21.9597,62.381,0,100,95,81,1683,3504,2.18536,0,11.1623,2.31677,0,3400,27037599608
41.9646,23.8296,62.381,0,100,95,81,1683,3504,2.18536,0,11.1623,2.31677,0,3400,27061430597
53.1337,18.8204,62.381,0,100,95,81,1683,3504,2.18536,0,11.1623,2.31677,0,3400,27080253757
48.1902,20.7511,62.381,0,100,95,81,1683,3504,2.18536,0,11.1623,2.31677,0,3400,27101006075
43.4362,23.0223,62.381,0,100,95,81,1683,3504,2.18536,0,11.1623,2.31677,0,3400,27124029448
42.8141,23.3568,62.381,0,100,95,81,1683,3504,2.18536,0,11.1623,2.31677,0,3400,27147387286
51.6465,19.3624,62.381,0,100,95,81,1683,3504,2.18536,0,11.1623,2.31677,0,3400,27166751719
43.0166,23.2468,62.381,0,100,95,81,1683,3504,2.18536,0,11.1623,2.31677,0,3400,27189999230
47.3513,21.1187,62.381,0,100,95,81,1683,3504,2.18536,0,11.1623,2.31677,0,3400,27211120494
45.5601,21.949,62.381,0,100,95,81,1683,3504,2.18536,0,11.1623,2.31677,0,3400,27233070073
42.5163,23.5204,62.381,0,100,95,81,1683,3504,2.18536,0,11.1623,2.31677,0,3400,27256596193
52.5064,19.0453,61.9277,0,100,95,81,1683,3504,2.18536,0,11.1627,2.31677,0,3400,27275639443
45.9597,21.7582,61.9277,0,100,95,81,1683,3504,2.18536,0,11.1627,2.31677,0,3400,27297399353
45.2244,22.112,61.9277,0,100,95,81,1683,3504,2.18536,0,11.1627,2.31677,0,3400,27319511612
47.0256,21.265,61.9277,0,100,95,81,1683,3504,2.18536,0,11.1627,2.31677,0,3400,27340778133
46.0003,21.739,61.9277,0,100,95,81,1683,3504,2.18536,0,11.1627,2.31677,0,3400,27362518971
42.7557,23.3887,61.9277,0,100,95,81,1683,3504,2.18536,0,11.1627,2.31677,0,3400,27385908722
49.4922,20.2052,61.9277,0,100,95,81,1683,3504,2.18536,0,11.1627,2.31677,0,3400,27406114491
42.1057,23.7498,61.9277,0,100,95,81,1683,3504,2.18536,0,11.1627,2.31677,0,3400,27429866505
47.2689,21.1555,61.9277,0,100,95,81,1683,3504,2.18536,0,11.1627,2.31677,0,3400,27451023493
44.6791,22.3818,61.9277,0,100,95,81,1683,3504,2.18536,0,11.1627,2.31677,0,3400,27473407231
44.5086,22.4676,61.9277,0,100,95,81,1683,3504,2.18536,0,11.1627,2.31677,0,3400,27495875402
51.9997,19.2309,61.9277,0,100,95,81,1683,3504,2.18536,0,11.1627,2.31677,0,3400,27515108863
44.4932,22.4753,61.9277,0,100,95,81,1683,3504,2.18536,0,11.1627,2.31677,0,3400,27537585406
48.6979,20.5348,61.9277,0,100,95,81,1683,3504,2.18536,0,11.1627,2.31677,0,3400,27558121052
43.3536,23.0662,61.9277,0,100,95,81,1683,3504,2.18536,0,11.1627,2.31677,0,3400,27581188269
47.301,21.1412,61.9277,0,100,95,81,1683,3504,2.18536,0,11.1627,2.31677,0,3400,27602330564
42.8028,23.363,61.9277,0,100,95,81,1683,3504,2.18536,0,11.1627,2.31677,0,3400,27625695991
43.7515,22.8564,61.9277,0,100,95,81,1683,3504,2.18536,0,11.1627,2.31677,0,3400,27648553735
49.1766,20.3349,61.9277,0,100,95,81,1683,3504,2.18536,0,11.1627,2.31677,0,3400,27668890279
43.7646,22.8495,61.9277,0,100,95,81,1683,3504,2.18536,0,11.1627,2.31677,0,3400,27691740370
44.6873,22.3777,61.9277,0,100,95,81,1683,3504,2.18536,0,11.1627,2.31677,0,3400,27714118561
44.0447,22.7042,61.9277,0,100,95,81,1683,3504,2.18536,0,11.1627,2.31677,0,3400,27736824786
41.8218,23.911,61.9277,0,100,95,81,1683,3504,2.18536,0,11.1627,2.31677,0,3400,27760740859
53.9619,18.5316,61.9403,0,100,94,81,1683,3504,2.18536,0,11.1547,2.31677,0,3400,27779269838
46.4912,21.5094,61.9403,0,100,94,81,1683,3504,2.18536,0,11.1547,2.31677,0,3400,27800796139
39.7522,25.1558,61.9403,0,100,94,81,1683,3504,2.18536,0,11.1547,2.31677,0,3400,27825937726
50.6983,19.7245,61.9403,0,100,94,81,1683,3504,2.18536,0,11.1547,2.31677,0,3400,27845663293
52.5508,19.0292,61.9403,0,100,94,81,1683,3504,2.18536,0,11.1547,2.31677,0,3400,27864695944
41.5429,24.0715,61.9403,0,100,94,81,1683,3504,2.18536,0,11.1547,2.31677,0,3400,27888767323
47.4168,21.0896,61.9403,0,100,94,81,1683,3504,2.18536,0,11.1547,2.31677,0,3400,27909861799
47.8781,20.8864,61.9403,0,100,94,81,1683,3504,2.18536,0,11.1547,2.31677,0,3400,27930746777
45.3211,22.0648,61.9403,0,100,94,81,1683,3504,2.18536,0,11.1547,2.31677,0,3400,27952813520
44.5599,22.4417,61.9403,0,100,94,81,1683,3504,2.18536,0,11.1547,2.31677,0,3400,27975256656
44.318,22.5642,61.9403,0,100,94,81,1683,3504,2.18536,0,11.1547,2.31677,0,3400,27997821949
48.4933,20.6214,61.9403,0,100,94,81,1683,3504,2.18536,0,11.1547,2.31677,0,3400,28018444514
43.2095,23.1431,61.9403,0,100,94,81,1683,3504,2.18536,0,11.1547,2.31677,0,3400,28041589350
46.201,21.6446,61.9403,0,100,94,81,1683,3504,2.18536,0,11.1547,2.31677,0,3400,28063235921
42.8036,23.3625,61.9403,0,100,94,81,1683,3504,2.18536,0,11.1547,2.31677,0,3400,28086598594
49.9221,20.0312,61.9403,0,100,94,81,1683,3504,2.18536,0,11.1547,2.31677,0,3400,28106633313
43.5184,22.9788,61.9403,0,100,94,81,1683,3504,2.18536,0,11.1547,2.31677,0,3400,28129612604
49.2124,20.3201,61.9403,0,100,94,81,1683,3504,2.18536,0,11.1547,2.31677,0,3400,28149933791
39.5235,25.3014,61.9403,0,100,94,81,1683,3504,2.18536,0,11.1547,2.31677,0,3400,28175235213
50.1275,19.9491,61.9403,0,100,94,81,1683,3504,2.18536,0,11.1547,2.31677,0,3400,28195185762
49.2868,20.2894,61.9403,0,100,94,81,1683,3504,2.18536,0,11.1547,2.31677,0,3400,28215476000
42.8447,23.3401,61.9403,0,100,94,81,1683,3504,2.18536,0,11.1547,2.31677,0,3400,28238819852
43.4048,23.0389,61.9403,0,100,94,81,1683,3504,2.18536,0,11.1547,2.31677,0,3400,28261867524
42.5274,23.5143,60.1542,0,100,94,81,1683,3504,2.18536,0,11.1551,2.31677,0,3400,28285374189
52.3053,19.1185,60.1542,0,100,94,81,1683,3504,2.18536,0,11.1551,2.31677,0,3400,28304493856
44.5282,22.4577,60.1542,0,100,94,81,1683,3504,2.18536,0,11.1551,2.31677,0,3400,28326953785
46.9025,21.3208,60.1542,0,100,94,81,1683,3504,2.18536,0,11.1551,2.31677,0,3400,28348275761
44.842,22.3005,60.1542,0,100,94,81,1683,3504,2.18536,0,11.1551,2.31677,0,3400,28370576716
38.5675,25.9286,60.1542,0,100,94,81,1683,3504,2.18536,0,11.1551,2.31677,0,3400,28396507693
48.0475,20.8127,60.1542,0,100,94,81,1683,3504,2.18536,0,11.1551,2.31677,0,3400,28417321261
47.3321,21.1273,60.1542,0,100,94,81,1683,3504,2.18536,0,11.1551,2.31677,0,3400,28438450975
47.6344,20.9932,60.1542,0,100,94,81,1683,3504,2.18536,0,11.1551,2.31677,0,3400,28459444981
44.6066,22.4182,60.1542,0,100,94,81,1683,3504,2.18536,0,11.1551,2.31677,0,3400,28481865670
46.1258,21.6799,60.1542,0,100,94,81,1683,3504,2.18536,0,11.1551,2.31677,0,3400,28503545691
44.2767,22.5853,60.1542,0,100,94,81,1683,3504,2.18536,0,11.1551,2.31677,0,3400,28526131079
49.1609,20.3414,60.1542,0,100,94,81,1683,3504,2.18536,0,11.1551,2.31677,0,3400,28546474569
42.8707,23.3259,60.1542,0,100,94,81,1683,3504,2.18536,0,11.1551,2.31677,0,3400,28569801488
46.0129,21.7331,60.1542,0,100,94,81,1683,3504,2.18536,0,11.1551,2.31677,0,3400,28591536466
43.3801,23.052,60.1542,0,100,94,81,1683,3504,2.18536,0,11.1551,2.31677,0,3400,28614589313
41.3451,24.1867,60.1542,0,100,94,81,1683,3504,2.18536,0,11.1551,2.31677,0,3400,28638779701
48.4616,20.6349,60.1542,0,100,94,81,1683,3504,2.18536,0,11.1551,2.31677,0,3400,28659415779
46.7879,21.373,60.1542,0,100,94,81,1683,3504,2.18536,0,11.1551,2.31677,0,3400,28680795732
45.9997,21.7393,60.1542,0,100,94,81,1683,3504,2.18536,0,11.1551,2.31677,0,3400,28702532036
50.5094,19.7983,60.1542,0,100,94,81,1683,3504,2.18536,0,11.1551,2.31677,0,3400,28722332144
43.5862,22.943,60.1542,0,100,94,81,1683,3504,2.18536,0,11.1551,2.31677,0,3400,28745277110
47.7137,20.9584,60.1542,0,100,94,81,1683,3504,2.18536,0,11.1551,2.31677,0,3400,28766241208
43.8452,22.8075,69.9005,0,100,92,81,1683,3504,2.18536,0,11.1749,2.31677,0,3400,28789045628
44.6995,22.3716,69.9005,0,100,92,81,1683,3504,2.18536,0,11.1749,2.31677,0,3400,28811418282
46.8897,21.3267,69.9005,0,100,92,81,1683,3504,2.18536,0,11.1749,2.31677,0,3400,28832745509
40.1471,24.9084,69.9005,0,100,92,81,1683,3504,2.18536,0,11.1749,2.31677,0,3400,28857654974
49.8159,20.0739,69.9005,0,100,92,81,1683,3504,2.18536,0,11.1749,2.31677,0,3400,28877729954
47.3646,21.1128,69.9005,0,100,92,81,1683,3504,2.18536,0,11.1749,2.31677,0,3400,28898856648
41.3558,24.1804,69.9005,0,100,92,81,1683,3504,2.18536,0,11.1749,2.31677,0,3400,28923024452
45.8838,21.7942,69.9005,0,100,92,81,1683,3504,2.18536,0,11.1749,2.31677,0,3400,28944821141
42.6154,23.4657,69.9005,0,100,92,81,1683,3504,2.18536,0,11.1749,2.31677,0,3400,28968287451
36.8928,27.1056,69.9005,0,100,92,81,1683,3504,2.18536,0,11.1749,2.31677,0,3400,28995395162
60.8879,16.4236,69.9005,0,100,92,81,1683,3504,2.18536,0,11.1749,2.31677,0,3400,29011820452
43.7221,22.8717,69.9005,0,100,92,81,1683,3504,2.18536,0,11.1749,2.31677,0,3400,29034693627
44.2237,22.6123,69.9005,0,100,92,81,1683,3504,2.18536,0,11.1749,2.31677,0,3400,29057308001
44.4587,22.4928,69.9005,0,100,92,81,1683,3504,2.18536,0,11.1749,2.31677,0,3400,29079801204
49.4237,20.2332,69.9005,0,100,92,81,1683,3504,2.18536,0,11.1749,2.31677,0,3400,29100035142
46.2412,21.6257,69.9005,0,100,92,81,1683,3504,2.18536,0,11.1749,2.31677,0,3400,29121661754
41.8942,23.8697,69.9005,0,100,92,81,1683,3504,2.18536,0,11.1749,2.31677,0,3400,29145534575
46.7038,21.4115,69.9005,0,100,92,81,1683,3504,2.18536,0,11.1749,2.31677,0,3400,29166946506
38.7965,25.7755,69.9005,0,100,92,81,1683,3504,2.18536,0,11.1749,2.31677,0,3400,29192723328
55.0744,18.1573,69.9005,0,100,92,81,1683,3504,2.18536,0,11.1749,2.31677,0,3400,29210882397
37.2694,26.8317,69.9005,0,100,92,81,1683,3504,2.18536,0,11.1749,2.31677,0,3400,29237714651
52.7987,18.9399,69.9005,0,100,92,81,1683,3504,2.18536,0,11.1749,2.31677,0,3400,29256655382
48.5626,20.592,69.9005,0,100,92,81,1683,3504,2.18536,0,11.1749,2.31677,0,3400,29277256100
43.6573,22.9057,62.4378,0,100,92,81,1683,3504,2.18536,0,11.1757,2.31677,0,3400,29300156643
43.5772,22.9478,62.4378,0,100,92,81,1683,3504,2.18536,0,11.1757,2.31677,0,3400,29323105249
44.2742,22.5865,62.4378,0,100,92,81,1683,3504,2.18536,0,11.1757,2.31677,0,3400,29345693353
44.8849,22.2792,62.4378,0,100,92,81,1683,3504,2.18536,0,11.1757,2.31677,0,3400,29367973893
44.1537,22.6482,62.4378,0,100,92,81,1683,3504,2.18536,0,11.1757,2.31677,0,3400,29390621933
45.5426,21.9575,62.4378,0,100,92,81,1683,3504,2.18536,0,11.1757,2.31677,0,3400,29412580340
41.7543,23.9496,62.4378,0,100,92,81,1683,3504,2.18536,0,11.1757,2.31677,0,3400,29436532733
45.4401,22.007,62.4378,0,100,92,81,1683,3504,2.18536,0,11.1757,2.31677,0,3400,29458539947
42.698,23.4203,62.4378,0,100,92,81,1683,3504,2.18536,0,11.1757,2.31677,0,3400,29481961581
42.4166,23.5757,62.4378,0,100,92,81,1683,3504,2.18536,0,11.1757,2.31677,0,3400,29505538325
42.6316,23.4568,62.4378,0,100,92,81,1683,3504,2.18536,0,11.1757,2.31677,0,3400,29528996860
45.4699,21.9926,62.4378,0,100,92,81,1683,3504,2.18536,0,11.1757,2.31677,0,3400,29550991581
41.8925,23.8706,62.4378,0,100,92,81,1683,3504,2.18536,0,11.1757,2.31677,0,3400,29574862233
43.6304,22.9198,62.4378,0,100,92,81,1683,3504,2.18536,0,11.1757,2.31677,0,3400,29597783164
50.538,19.7871,62.4378,0,100,92,81,1683,3504,2.18536,0,11.1757,2.31677,0,3400,29617571232
44.7345,22.3541,62.4378,0,100,92,81,1683,3504,2.18536,0,11.1757,2.31677,0,3400,29639927272
44.2592,22.5942,62.4378,0,100,92,81,1683,3504,2.18536,0,11.1757,2.31677,0,3400,29662522001
41.3866,24.1624,62.4378,0,100,92,81,1683,3504,2.18536,0,11.1757,2.31677,0,3400,29686686285
41.3875,24.1619,62.4378,0,100,92,81,1683,3504,2.18536,0,11.1757,2.31677,0,3400,29710849716
46.8146,21.3609,62.4378,0,100,92,81,1683,3504,2.18536,0,11.1757,2.31677,0,3400,29732210860
37.7622,26.4815,62.4378,0,100,92,81,1683,3504,2.18536,0,11.1757,2.31677,0,3400,29758694402
50.3182,19.8735,62.4378,0,100,92,81,1683,3504,2.18536,0,11.1757,2.31677,0,3400,29778574274
47.4238,21.0864,61.6137,0,99,97,81,1683,3504,2.18536,0,11.191,2.31677,0,3400,29799656811
40.3604,24.7768,61.6137,0,99,97,81,1683,3504,2.18536,0,11.191,2.31677,0,3400,29824435009
43.6495,22.9098,61.6137,0,99,97,81,1683,3504,2.18536,0,11.191,2.31677,0,3400,29847345990
45.0207,22.212,61.6137,0,99,97,81,1683,3504,2.18536,0,11.191,2.31677,0,3400,29869560149
48.2738,20.7152,61.6137,0,99,97,81,1683,3504,2.18536,0,11.191,2.31677,0,3400,29890276316
41.5876,24.0456,61.6137,0,99,97,81,1683,3504,2.18536,0,11.191,2.31677,0,3400,29914323877
40.2555,24.8413,61.6137,0,99,97,81,1683,3504,2.18536,0,11.191,2.31677,0,3400,29939166554
43.6352,22.9173,61.6137,0,99,97,81,1683,3504,2.18536,0,11.191,2.31677,0,3400,29962084101
45.7367,21.8643,61.6137,0,99,97,81,1683,3504,2.18536,0,11.191,2.31677,0,3400,29983950398
43.6903,22.8884,61.6137,0,99,97,81,1683,3504,2.18536,0,11.191,2.31677,0,3400,30006840019
37.8882,26.3934,61.6137,0,99,97,81,1683,3504,2.18536,0,11.191,2.31677,0,3400,30033235404
45.0047,22.2199,61.6137,0,99,97,81,1683,3504,2.18536,0,11.191,2.31677,0,3400,30055456110
42.5218,23.5174,61.6137,0,99,97,81,1683,3504,2.18536,0,11.191,2.31677,0,3400,30078975172
43.7933,22.8346,61.6137,0,99,97,81,1683,3504,2.18536,0,11.191,2.31677,0,3400,30101811507
39.8692,25.082,61.6137,0,99,97,81,1683,3504,2.18536,0,11.191,2.31677,0,3400,30126907541
53.985,18.5237,61.6137,0,99,97,81,1683,3504,2.18536,0,11.191,2.31677,0,3400,30145419361
36.702,27.2465,61.6137,0,99,97,81,1683,3504,2.18536,0,11.191,2.31677,0,3400,30172667167
45.1806,22.1334,61.6137,0,99,97,81,1683,3504,2.18536,0,11.191,2.31677,0,3400,30194802659
49.6468,20.1423,61.6137,0,99,97,81,1683,3504,2.18536,0,11.191,2.31677,0,3400,30214946725
44.0874,22.6822,61.6137,0,99,97,81,1683,3504,2.18536,0,11.191,2.31677,0,3400,30237630180
44.2782,22.5845,61.6137,0,99,97,81,1683,3504,2.18536,0,11.191,2.31677,0,3400,30260215697
41.029,24.373,61.6137,0,99,97,81,1683,3504,2.18536,0,11.191,2.31677,0,3400,30284596985
39.2962,25.4478,71.1491,0,100,97,81,1683,3504,2.18536,0,11.1915,2.31677,0,3400,30310040053
53.5276,18.682,71.1491,0,100,97,81,1683,3504,2.18536,0,11.1915,2.31677,0,3400,30328722415
39.5667,25.2738,71.1491,0,100,97,81,1683,3504,2.18536,0,11.1915,2.31677,0,3400,30353997913
39.0005,25.6407,71.1491,0,100,97,81,1683,3504,2.18536,0,11.1915,2.31677,0,3400,30379639946
43.9183,22.7695,71.1491,0,100,97,81,1683,3504,2.18536,0,11.1915,2.31677,0,3400,30402410523
42.3973,23.5864,71.1491,0,100,97,81,1683,3504,2.18536,0,11.1915,2.31677,0,3400,30425998288
47.5193,21.0441,71.1491,0,100,97,81,1683,3504,2.18536,0,11.1915,2.31677,0,3400,30447043408
44.95,22.247,71.1491,0,100,97,81,1683,3504,2.18536,0,11.1915,2.31677,0,3400,30469290960
49.4601,20.2183,71.1491,0,100,97,81,1683,3504,2.18536,0,11.1915,2.31677,0,3400,30489510892
42.7368,23.399,71.1491,0,100,97,81,1683,3504,2.18536,0,11.1915,2.31677,0,3400,30512911345
41.2403,24.2481,71.1491,0,100,97,81,1683,3504,2.18536,0,11.1915,2.31677,0,3400,30537160157
44.3086,22.569,71.1491,0,100,97,81,1683,3504,2.18536,0,11.1915,2.31677,0,3400,30559730726
40.5684,24.6497,71.1491,0,100,97,81,1683,3504,2.18536,0,11.1915,2.31677,0,3400,30584381669
43.5213,22.9772,71.1491,0,100,97,81,1683,3504,2.18536,0,11.1915,2.31677,0,3400,30607362743
43.8319,22.8144,71.1491,0,100,97,81,1683,3504,2.18536,0,11.1915,2.31677,0,3400,30630178019
41.6058,24.0351,71.1491,0,100,97,81,1683,3504,2.18536,0,11.1915,2.31677,0,3400,30654213633
36.258,27.5801,71.1491,0,100,97,81,1683,3504,2.18536,0,11.1915,2.31677,0,3400,30681795440
53.9782,18.526,71.1491,0,100,97,81,1683,3504,2.18536,0,11.1915,2.31677,0,3400,30700322894
40.8055,24.5065,71.1491,0,100,97,81,1683,3504,2.18536,0,11.1915,2.31677,0,3400,30724830097
46.3936,21.5547,71.1491,0,100,97,81,1683,3504,2.18536,0,11.1915,2.31677,0,3400,30746386748
41.5252,24.0818,71.1491,0,100,97,81,1683,3504,2.18536,0,11.1915,2.31677,0,3400,30770470237
45.3461,22.0526,71.1491,0,100,97,81,1683,3504,2.18536,0,11.1915,2.31677,0,3400,30792529647
41.2325,24.2527,62.341,0,100,97,81,1683,3504,2.18536,0,11.1541,2.31677,0,3400,30816778070
39.654,25.2181,62.341,0,100,97,81,1683,3504,2.18536,0,11.1541,2.31677,0,3400,30841998118
40.9931,24.3943,62.341,0,100,97,81,1683,3504,2.18536,0,11.1541,2.31677,0,3400,30866394812
51.7298,19.3312,62.341,0,100,97,81,1683,3504,2.18536,0,11.1541,2.31677,0,3400,30885727476
40.7179,24.5592,62.341,0,100,97,81,1683,3504,2.18536,0,11.1541,2.31677,0,3400,30910287390
40.6464,24.6025,62.341,0,100,97,81,1683,3504,2.18536,0,11.1541,2.31677,0,3400,30934891550
46.9858,21.283,62.341,0,100,97,81,1683,3504,2.18536,0,11.1541,2.31677,0,3400,30956175976
46.5276,21.4926,62.341,0,100,97,81,1683,3504,2.18536,0,11.1541,2.31677,0,3400,30977670169
44.5103,22.4667,62.341,0,100,97,81,1683,3504,2.18536,0,11.1541,2.31677,0,3400,31000137316
40.2865,24.8222,62.341,0,100,97,81,1683,3504,2.18536,0,11.1541,2.31677,0,3400,31024960552
46.2649,21.6147,62.341,0,100,97,81,1683,3504,2.18536,0,11.1541,2.31677,0,3400,31046576023
43.4935,22.9919,62.341,0,100,97,81,1683,3504,2.18536,0,11.1541,2.31677,0,3400,31069570052
40.6682,24.5892,62.341,0,100,97,81,1683,3504,2.18536,0,11.1541,2.31677,0,3400,31094160084
39.3383,25.4205,62.341,0,100,97,81,1683,3504,2.18536,0,11.1541,2.31677,0,3400,31119582072
49.4142,20.2371,62.341,0,100,97,81,1683,3504,2.18536,0,11.1541,2.31677,0,3400,31139819830
42.6995,23.4195,62.341,0,100,97,81,1683,3504,2.18536,0,11.1541,2.31677,0,3400,31163240192
37.0646,26.9799,62.341,0,100,97,81,1683,3504,2.18536,0,11.1541,2.31677,0,3400,31190221851
48.3237,20.6938,62.341,0,100,97,81,1683,3504,2.18536,0,11.1541,2.31677,0,3400,31210917632
44.5122,22.4657,62.341,0,100,97,81,1683,3504,2.18536,0,11.1541,2.31677,0,3400,31233387419
39.7667,25.1467,62.341,0,100,97,81,1683,3504,2.18536,0,11.1541,2.31677,0,3400,31258533019
44.2568,22.5954,62.341,0,100,97,81,1683,3504,2.18536,0,11.1541,2.31677,0,3400,31281130384
40.208,24.8707,62.341,0,100,97,81,1683,3504,2.18536,0,11.1541,2.31677,0,3400,31306006128
47.4535,21.0732,66.8293,0,100,97,81,1683,3504,2.18536,0,11.1625,2.31677,0,3400,31327075885
42.3156,23.632,66.8293,0,100,97,81,1683,3504,2.18536,0,11.1625,2.31677,0,3400,31350709335
42.2169,23.6872,66.8293,0,100,97,81,1683,3504,2.18536,0,11.1625,2.31677,0,3400,31374396871
43.8108,22.8254,66.8293,0,100,97,81,1683,3504,2.18536,0,11.1625,2.31677,0,3400,31397226411
42.1171,23.7433,66.8293,0,100,97,81,1683,3504,2.18536,0,11.1625,2.31677,0,3400,31420970076
39.6606,25.214,66.8293,0,100,97,81,1683,3504,2.18536,0,11.1625,2.31677,0,3400,31446185969
44.609,22.417,66.8293,0,100,97,81,1683,3504,2.18536,0,11.1625,2.31677,0,3400,31468603724
43.6776,22.895,66.8293,0,100,97,81,1683,3504,2.18536,0,11.1625,2.31677,0,3400,31491499425
42.1342,23.7337,66.8293,0,100,97,81,1683,3504,2.18536,0,11.1625,2.31677,0,3400,31515235939
50.6796,19.7318,66.8293,0,100,97,81,1683,3504,2.18536,0,11.1625,2.31677,0,3400,31534969618
40.1551,24.9034,66.8293,0,100,97,81,1683,3504,2.18536,0,11.1625,2.31677,0,3400,31559872848
45.2829,22.0834,66.8293,0,100,97,81,1683,3504,2.18536,0,11.1625,2.31677,0,3400,31581959733
39.7962,25.128,66.8293,0,100,97,81,1683,3504,2.18536,0,11.1625,2.31677,0,3400,31607088312
40.1268,24.921,66.8293,0,100,97,81,1683,3504,2.18536,0,11.1625,2.31677,0,3400,31632010289
44.9555,22.2442,66.8293,0,100,97,81,1683,3504,2.18536,0,11.1625,2.31677,0,3400,31654257276
42.8303,23.348,66.8293,0,100,97,81,1683,3504,2.18536,0,11.1625,2.31677,0,3400,31677608457
48.0377,20.817,66.8293,0,100,97,81,1683,3504,2.18536,0,11.1625,2.31677,0,3400,31698425330
40.3492,24.7836,66.8293,0,100,97,81,1683,3504,2.18536,0,11.1625,2.31677,0,3400,31723210192
44.0272,22.7132,66.8293,0,100,97,81,1683,3504,2.18536,0,11.1625,2.31677,0,3400,31745924787
41.6173,24.0285,66.8293,0,100,97,81,1683,3504,2.18536,0,11.1625,2.31677,0,3400,31769954673
43.4632,23.008,66.8293,0,100,97,81,1683,3504,2.18536,0,11.1625,2.31677,0,3400,31792963924
42.3251,23.6266,66.8293,0,100,97,81,1683,3504,2.18536,0,11.1625,2.31677,0,3400,31816602434
39.6011,25.2518,66.2468,0,100,96,81,1683,3504,2.18536,0,11.1625,2.31677,0,3400,31841848002
42.7652,23.3835,66.2468,0,100,96,81,1683,3504,2.18536,0,11.1625,2.31677,0,3400,31865231338
45.2341,22.1072,66.2468,0,100,96,81,1683,3504,2.18536,0,11.1625,2.31677,0,3400,31887340471
42.7915,23.3692,66.2468,0,100,96,81,1683,3504,2.18536,0,11.1625,2.31677,0,3400,31910711545
39.5238,25.3012,66.2468,0,100,96,81,1683,3504,2.18536,0,11.1625,2.31677,0,3400,31936013600
44.1742,22.6376,66.2468,0,100,96,81,1683,3504,2.18536,0,11.1625,2.31677,0,3400,31958656965
45.2053,22.1213,66.2468,0,100,96,81,1683,3504,2.18536,0,11.1625,2.31677,0,3400,31980778318
41.5866,24.0462,66.2468,0,100,96,81,1683,3504,2.18536,0,11.1625,2.31677,0,3400,32004825115
43.6939,22.8865,66.2468,0,100,96,81,1683,3504,2.18536,0,11.1625,2.31677,0,3400,32027712856
42.7891,23.3704,66.2468,0,100,96,81,1683,3504,2.18536,0,11.1625,2.31677,0,3400,32051085894
40.7802,24.5217,66.2468,0,100,96,81,1683,3504,2.18536,0,11.1625,2.31677,0,3400,32075607164
46.7584,21.3865,66.2468,0,100,96,81,1683,3504,2.18536,0,11.1625,2.31677,0,3400,32096995832
38.474,25.9916,66.2468,0,100,96,81,1683,3504,2.18536,0,11.1625,2.31677,0,3400,32122988450
45.4385,22.0078,66.2468,0,100,96,81,1683,3504,2.18536,0,11.1625,2.31677,0,3400,32144999080
45.2197,22.1143,66.2468,0,100,96,81,1683,3504,2.18536,0,11.1625,2.31677,0,3400,32167114099
39.1654,25.5328,66.2468,0,100,96,81,1683,3504,2.18536,0,11.1625,2.31677,0,3400,32192649378
43.8326,22.8141,66.2468,0,100,96,81,1683,3504,2.18536,0,11.1625,2.31677,0,3400,32215463937
37.6903,26.532,66.2468,0,100,96,81,1683,3504,2.18536,0,11.1625,2.31677,0,3400,32241997472
46.8855,21.3286,66.2468,0,100,96,81,1683,3504,2.18536,0,11.1625,2.31677,0,3400,32263327543
45.7253,21.8698,66.2468,0,100,96,81,1683,3504,2.18536,0,11.1625,2.31677,0,3400,32285199633
47.3363,21.1254,66.2468,0,100,96,81,1683,3504,2.18536,0,11.1625,2.31677,0,3400,32306325247
39.164,25.5337,66.2468,0,100,96,81,1683,3504,2.18536,0,11.1625,2.31677,0,3400,32331866837
36.8543,27.1338,66.7494,0,100,96,81,1683,3504,2.18536,0,11.1706,2.31677,0,3400,32358995717
51.0008,19.6075,66.7494,0,100,96,81,1683,3504,2.18536,0,11.1706,2.31677,0,3400,32378604709
44.6052,22.4189,66.7494,0,100,96,81,1683,3504,2.18536,0,11.1706,2.31677,0,3400,32401025353
41.5597,24.0618,66.7494,0,100,96,81,1683,3504,2.18536,0,11.1706,2.31677,0,3400,32425087567
45.6747,21.894,66.7494,0,100,96,81,1683,3504,2.18536,0,11.1706,2.31677,0,3400,32446982103
37.9714,26.3356,66.7494,0,100,96,81,1683,3504,2.18536,0,11.1706,2.31677,0,3400,32473319096
49.8019,20.0796,66.7494,0,100,96,81,1683,3504,2.18536,0,11.1706,2.31677,0,3400,32493400228
37.934,26.3616,66.7494,0,100,96,81,1683,3504,2.18536,0,11.1706,2.31677,0,3400,32519762533
41.3591,24.1784,66.7494,0,100,96,81,1683,3504,2.18536,0,11.1706,2.31677,0,3400,32543941946
40.6494,24.6006,66.7494,0,100,96,81,1683,3504,2.18536,0,11.1706,2.31677,0,3400,32568543481
48.5099,20.6144,66.7494,0,100,96,81,1683,3504,2.18536,0,11.1706,2.31677,0,3400,32589158597
44.7594,22.3417,66.7494,0,100,96,81,1683,3504,2.18536,0,11.1706,2.31677,0,3400,32611501937
42.2968,23.6425,66.7494,0,100,96,81,1683,3504,2.18536,0,11.1706,2.31677,0,3400,32635145522
42.6932,23.4229,66.7494,0,100,96,81,1683,3504,2.18536,0,11.1706,2.31677,0,3400,32658570148
40.3574,24.7786,66.7494,0,100,96,81,1683,3504,2.18536,0,11.1706,2.31677,0,3400,32683349358
41.5285,24.0799,66.7494,0,100,96,81,1683,3504,2.18536,0,11.1706,2.31677,0,3400,32707430570
44.5728,22.4352,66.7494,0,100,96,81,1683,3504,2.18536,0,11.1706,2.31677,0,3400,32729866941
41.5777,24.0514,66.7494,0,100,96,81,1683,3504,2.18536,0,11.1706,2.31677,0,3400,32753920145
38.4818,25.9863,66.7494,0,100,96,81,1683,3504,2.18536,0,11.1706,2.31677,0,3400,32779908136
46.5007,21.505,66.7494,0,100,96,81,1683,3504,2.18536,0,11.1706,2.31677,0,3400,32801414547
42.5189,23.519,66.7494,0,100,96,81,1683,3504,2.18536,0,11.1706,2.31677,0,3400,32824935697
34.7915,28.7427,66.7494,0,100,96,81,1683,3504,2.18536,0,11.1706,2.31677,0,3400,32853685421
46.7074,21.4099,56.9712,0,100,94,82,1683,3504,2.18536,0,11.1703,2.31677,0,3404,32875088937
41.9502,23.8378,56.9712,0,100,94,82,1683,3504,2.18536,0,11.1703,2.31677,0,3404,32898929562
41.8827,23.8762,56.9712,0,100,94,82,1683,3504,2.18536,0,11.1703,2.31677,0,3404,32922806420
46.4023,21.5507,56.9712,0,100,94,82,1683,3504,2.18536,0,11.1703,2.31677,0,3404,32944358924
40.9615,24.4132,56.9712,0,100,94,82,1683,3504,2.18536,0,11.1703,2.31677,0,3404,32968772803
45.0127,22.216,56.9712,0,100,94,82,1683,3504,2.18536,0,11.1703,2.31677,0,3404,32990989921
43.2976,23.096,56.9712,0,100,94,82,1683,3504,2.18536,0,11.1703,2.31677,0,3404,33014086690
37.7224,26.5095,56.9712,0,100,94,82,1683,3504,2.18536,0,11.1703,2.31677,0,3404,33040598183
44.3842,22.5305,56.9712,0,100,94,82,1683,3504,2.18536,0,11.1703,2.31677,0,3404,33063129930
38.0476,26.2829,56.9712,0,100,94,82,1683,3504,2.18536,0,11.1703,2.31677,0,3404,33089415192
47.0808,21.2401,56.9712,0,100,94,82,1683,3504,2.18536,0,11.1703,2.31677,0,3404,33110657102
40.839,24.4864,56.9712,0,100,94,82,1683,3504,2.18536,0,11.1703,2.31677,0,3404,33135144504
47.7249,20.9534,56.9712,0,100,94,82,1683,3504,2.18536,0,11.1703,2.31677,0,3404,33156099089
40.8349,24.4889,56.9712,0,100,94,82,1683,3504,2.18536,0,11.1703,2.31677,0,3404,33180590745
44.1551,22.6474,56.9712,0,100,94,82,1683,3504,2.18536,0,11.1703,2.31677,0,3404,33203238973
40.8227,24.4962,56.9712,0,100,94,82,1683,3504,2.18536,0,11.1703,2.31677,0,3404,33227735371
42.6867,23.4265,56.9712,0,100,94,82,1683,3504,2.18536,0,11.1703,2.31677,0,3404,33251162564
41.7697,23.9408,56.9712,0,100,94,82,1683,3504,2.18536,0,11.1703,2.31677,0,3404,33275105468
45.0695,22.1879,56.9712,0,100,94,82,1683,3504,2.18536,0,11.1703,2.31677,0,3404,33297294959
35.873,27.8761,56.9712,0,100,94,82,1683,3504,2.18536,0,11.1703,2.31677,0,3404,33325172133
46.9218,21.312,56.9712,0,100,94,82,1683,3504,2.18536,0,11.1703,2.31677,0,3404,33346486196
36.8017,27.1727,56.9712,0,100,94,82,1683,3504,2.18536,0,11.1703,2.31677,0,3404,33373664855
50.5726,19.7735,69.1748,0,99,94,82,1683,3504,2.18536,0,11.1628,2.31677,0,3306,33393435755
45.8266,21.8214,69.1748,0,99,94,82,1683,3504,2.18536,0,11.1628,2.31677,0,3306,33415258560
37.8656,26.4092,69.1748,0,99,94,82,1683,3504,2.18536,0,11.1628,2.31677,0,3306,33441669350
48.4587,20.6361,69.1748,0,99,94,82,1683,3504,2.18536,0,11.1628,2.31677,0,3306,33462305576
34.9417,28.6191,69.1748,0,99,94,82,1683,3504,2.18536,0,11.1628,2.31677,0,3306,33490939824
49.6109,20.1569,69.1748,0,99,94,82,1683,3504,2.18536,0,11.1628,2.31677,0,3306,33511084606
43.1684,23.1651,69.1748,0,99,94,82,1683,3504,2.18536,0,11.1628,2.31677,0,3306,33534263325
39.5505,25.2841,69.1748,0,99,94,82,1683,3504,2.18536,0,11.1628,2.31677,0,3306,33559535977
41.9045,23.8638,69.1748,0,99,94,82,1683,3504,2.18536,0,11.1628,2.31677,0,3306,33583400173
46.7068,21.4101,69.1748,0,99,94,82,1683,3504,2.18536,0,11.1628,2.31677,0,3306,33604812773
43.1671,23.1658,69.1748,0,99,94,82,1683,3504,2.18536,0,11.1628,2.31677,0,3306,33627979319
39.6921,25.1939,69.1748,0,99,94,82,1683,3504,2.18536,0,11.1628,2.31677,0,3306,33653174878
30.5774,32.7038,69.1748,0,99,94,82,1683,3504,2.18536,0,11.1628,2.31677,0,3306,33685878684
59.3056,16.8618,69.1748,0,99,94,82,1683,3504,2.18536,0,11.1628,2.31677,0,3306,33702743396
45.7066,21.8787,69.1748,0,99,94,82,1683,3504,2.18536,0,11.1628,2.31677,0,3306,33724623198
43.9639,22.7459,69.1748,0,99,94,82,1683,3504,2.18536,0,11.1628,2.31677,0,3306,33747369782
36.1377,27.6719,69.1748,0,99,94,82,1683,3504,2.18536,0,11.1628,2.31677,0,3306,33775043479
49.3655,20.2571,69.1748,0,99,94,82,1683,3504,2.18536,0,11.1628,2.31677,0,3306,33795304825
42.1022,23.7517,69.1748,0,99,94,82,1683,3504,2.18536,0,11.1628,2.31677,0,3306,33819054904
43.0202,23.2449,69.1748,0,99,94,82,1683,3504,2.18536,0,11.1628,2.31677,0,3306,33842301948
37.3782,26.7536,69.1748,0,99,94,82,1683,3504,2.18536,0,11.1628,2.31677,0,3306,33869056125
43.2218,23.1365,69.1748,0,99,94,82,1683,3504,2.18536,0,11.1628,2.31677,0,3306,33892217544
45.4806,21.9874,68.0488,0,99,95,82,1683,3504,2.18536,0,11.1618,2.31677,0,3400,33914182934
36.8402,27.1443,68.0488,0,99,95,82,1683,3504,2.18536,0,11.1618,2.31677,0,3400,33941328923
41.9853,23.8179,68.0488,0,99,95,82,1683,3504,2.18536,0,11.1618,2.31677,0,3400,33965148458
46.4749,21.517,68.0488,0,99,95,82,1683,3504,2.18536,0,11.1618,2.31677,0,3400,33986666376
47.0982,21.2322,68.0488,0,99,95,82,1683,3504,2.18536,0,11.1618,2.31677,0,3400,34007900178
41.8555,23.8917,68.0488,0,99,95,82,1683,3504,2.18536,0,11.1618,2.31677,0,3400,34031792965
42.6313,23.457,68.0488,0,99,95,82,1683,3504,2.18536,0,11.1618,2.31677,0,3400,34055250930
36.6342,27.2969,68.0488,0,99,95,82,1683,3504,2.18536,0,11.1618,2.31677,0,3400,34082549492
49.6948,20.1228,68.0488,0,99,95,82,1683,3504,2.18536,0,11.1618,2.31677,0,3400,34102673306
40.7689,24.5285,68.0488,0,99,95,82,1683,3504,2.18536,0,11.1618,2.31677,0,3400,34127203719
41.1304,24.3129,68.0488,0,99,95,82,1683,3504,2.18536,0,11.1618,2.31677,0,3400,34151520619
40.8278,24.4931,68.0488,0,99,95,82,1683,3504,2.18536,0,11.1618,2.31677,0,3400,34176011844
41.478,24.1092,68.0488,0,99,95,82,1683,3504,2.18536,0,11.1618,2.31677,0,3400,34200123025
39.4358,25.3577,68.0488,0,99,95,82,1683,3504,2.18536,0,11.1618,2.31677,0,3400,34225483069
52.7529,18.9563,68.0488,0,99,95,82,1683,3504,2.18536,0,11.1618,2.31677,0,3400,34244440011
34.8235,28.7162,68.0488,0,99,95,82,1683,3504,2.18536,0,11.1618,2.31677,0,3400,34273156947
49.1531,20.3446,68.0488,0,99,95,82,1683,3504,2.18536,0,11.1618,2.31677,0,3400,34293503605
39.0972,25.5773,68.0488,0,99,95,82,1683,3504,2.18536,0,11.1618,2.31677,0,3400,34319081475
35.0284,28.5483,68.0488,0,99,95,82,1683,3504,2.18536,0,11.1618,2.31677,0,3400,34347630645
25.6983,38.9131,68.0488,0,99,95,82,1683,3504,2.18536,0,11.1618,2.31677,0,3400,34386566604
35.8654,27.882,68.0488,0,99,95,82,1683,3504,2.18536,0,11.1618,2.31677,0,3400,34414468657
22.5669,44.3126,71.3592,0,100,95,82,1683,3504,2.18536,0,11.1621,2.31677,0,1739,34458742623
40.1227,24.9236,71.3592,0,100,95,82,1683,3504,2.18536,0,11.1621,2.31677,0,1739,34483691501
26.9061,37.1663,71.3592,0,100,95,82,1683,3504,2.18536,0,11.1621,2.31677,0,1739,34520855390
29.9117,33.4317,71.3592,0,100,95,82,1683,3504,2.18536,0,11.1621,2.31677,0,1739,34554287169
28.2644,35.3802,71.3592,0,100,95,82,1683,3504,2.18536,0,11.1621,2.31677,0,1739,34589690933
32.4061,30.8584,71.3592,0,100,95,82,1683,3504,2.18536,0,11.1621,2.31677,0,1739,34620529320
32.9832,30.3184,71.3592,0,100,95,82,1683,3504,2.18536,0,11.1621,2.31677,0,1739,34650848300
31.3671,31.8806,71.3592,0,100,95,82,1683,3504,2.18536,0,11.1621,2.31677,0,1739,34682729062
27.7108,36.087,71.3592,0,100,95,82,1683,3504,2.18536,0,11.1621,2.31677,0,1739,34718818037
31.7027,31.5431,71.3592,0,100,95,82,1683,3504,2.18536,0,11.1621,2.31677,0,1739,34750361934
30.2189,33.0919,71.3592,0,100,95,82,1683,3504,2.18536,0,11.1621,2.31677,0,1739,34783454668
28.7782,34.7485,71.3592,0,100,95,82,1683,3504,2.18536,0,11.1621,2.31677,0,1739,34818225155
30.1022,33.2202,71.3592,0,100,95,82,1683,3504,2.18536,0,11.1621,2.31677,0,1739,34851449171
32.428,30.8376,71.3592,0,100,95,82,1683,3504,2.18536,0,11.1621,2.31677,0,1739,34882284801
26.8671,37.2203,71.3592,0,100,95,82,1683,3504,2.18536,0,11.1621,2.31677,0,1739,34919513219
28.3753,35.2419,88.5922,0,100,87,82,1683,3504,2.18536,0,11.1621,2.31677,0,1747,34954770803
34.6688,28.8443,88.5922,0,100,87,82,1683,3504,2.18536,0,11.1621,2.31677,0,1747,34983615986
23.2905,42.936,88.5922,0,100,87,82,1683,3504,2.18536,0,11.1621,2.31677,0,1747,35026533667
42.5058,23.5262,88.5922,0,100,87,82,1683,3504,2.18536,0,11.1621,2.31677,0,1747,35050061048
23.2549,43.0017,88.5922,0,100,87,82,1683,3504,2.18536,0,11.1621,2.31677,0,1747,35093089700
22.3864,44.6701,88.5922,0,100,87,82,1683,3504,2.18536,0,11.1621,2.31677,0,1747,35137735352
49.6715,20.1323,88.5922,0,100,87,82,1683,3504,2.18536,0,11.1621,2.31677,0,1747,35157868253
33.7655,29.616,88.5922,0,100,87,82,1683,3504,2.18536,0,11.1621,2.31677,0,1747,35187485633
27.2692,36.6713,88.5922,0,100,87,82,1683,3504,2.18536,0,11.1621,2.31677,0,1747,35224158766
24.532,40.763,88.5922,0,100,87,82,1683,3504,2.18536,0,11.1621,2.31677,0,1747,35264943702
39.8986,25.0635,88.5922,0,100,87,82,1683,3504,2.18536,0,11.1621,2.31677,0,1747,35290000900
24.7265,40.4425,88.5922,0,100,87,82,1683,3504,2.18536,0,11.1621,2.31677,0,1747,35330431658
37.1887,26.8899,88.5922,0,100,87,82,1683,3504,2.18536,0,11.1621,2.31677,0,1747,35357346376
32.2633,30.995,88.5922,0,100,87,82,1683,3504,2.18536,0,11.1621,2.31677,0,1747,35388362508
27.0395,36.9829,88.5922,0,100,87,82,1683,3504,2.18536,0,11.1621,2.31677,0,1747,35425372713
27.5937,36.2401,88.5496,0,90,87,79,1546,3504,2.18536,0,11.1554,2.31677,0,1793,35461588105
28.5893,34.9782,88.5496,0,90,87,79,1546,3504,2.18536,0,11.1554,2.31677,0,1793,35496567016
33.855,29.5377,88.5496,0,90,87,79,1546,3504,2.18536,0,11.1554,2.31677,0,1793,35526105525
23.9172,41.8109,88.5496,0,90,87,79,1546,3504,2.18536,0,11.1554,2.31677,0,1793,35567938646
23.8898,41.8589,88.5496,0,90,87,79,1546,3504,2.18536,0,11.1554,2.31677,0,1793,35609777837
37.6439,26.5647,88.5496,0,90,87,79,1546,3504,2.18536,0,11.1554,2.31677,0,1793,35636344693
40.9143,24.4413,88.5496,0,90,87,79,1546,3504,2.18536,0,11.1554,2.31677,0,1793,35660809876
34.7807,28.7516,88.5496,0,90,87,79,1546,3504,2.18536,0,11.1554,2.31677,0,1793,35689540759
27.931,35.8025,88.5496,0,90,87,79,1546,3504,2.18536,0,11.1554,2.31677,0,1793,35725344805
25.2333,39.6301,88.5496,0,90,87,79,1546,3504,2.18536,0,11.1554,2.31677,0,1793,35764976788
23.4612,42.6236,88.5496,0,90,87,79,1546,3504,2.18536,0,11.1554,2.31677,0,1793,35807601599
24.2368,41.2595,88.5496,0,90,87,79,1546,3504,2.18536,0,11.1554,2.31677,0,1793,35848862678
32.1506,31.1036,88.5496,0,90,87,79,1546,3504,2.18536,0,11.1554,2.31677,0,1793,35879967058
26.5885,37.6102,88.5496,0,90,87,79,1546,3504,2.18536,0,11.1554,2.31677,0,1793,35917577082
26.359,37.9377,88.5496,0,90,87,79,1546,3504,2.18536,0,11.1554,2.31677,0,1793,35955524585
22.0162,45.4212,92.4883,0,90,87,79,1546,3504,2.18536,0,11.1612,2.31677,0,1746,36000939214
40.4098,24.7465,92.4883,0,90,87,79,1546,3504,2.18536,0,11.1612,2.31677,0,1746,36025707541
23.6397,42.3018,92.4883,0,90,87,79,1546,3504,2.18536,0,11.1612,2.31677,0,1746,36068007007
21.5209,46.4664,92.4883,0,90,87,79,1546,3504,2.18536,0,11.1612,2.31677,0,1746,36114479920
19.2309,51.9997,92.4883,0,90,87,79,1546,3504,2.18536,0,11.1612,2.31677,0,1746,36166501691
53.9895,18.5221,92.4883,0,90,87,79,1546,3504,2.18536,0,11.1612,2.31677,0,1746,36185024997
21.1924,47.1868,92.4883,0,90,87,79,1546,3504,2.18536,0,11.1612,2.31677,0,1746,36232192243
24.3797,41.0177,92.4883,0,90,87,79,1546,3504,2.18536,0,11.1612,2.31677,0,1746,36273232574
20.8019,48.0725,92.4883,0,90,87,79,1546,3504,2.18536,0,11.1612,2.31677,0,1746,36321285041
29.7833,33.5758,92.4883,0,90,87,79,1546,3504,2.18536,0,11.1612,2.31677,0,1746,36354862140
28.3716,35.2465,92.4883,0,90,87,79,1546,3504,2.18536,0,11.1612,2.31677,0,1746,36390110732
27.1175,36.8765,92.4883,0,90,87,79,1546,3504,2.18536,0,11.1612,2.31677,0,1746,36426987295
26.3547,37.9438,92.4883,0,90,87,79,1546,3504,2.18536,0,11.1612,2.31677,0,1746,36464959192
39.9106,25.056,94.802,0,79,87,77,1470,3504,2.18536,0,11.1659,2.31677,0,1734,36489989893
18.8858,52.9498,94.802,0,79,87,77,1470,3504,2.18536,0,11.1659,2.31677,0,1734,36542940789
27.6587,36.155,94.802,0,79,87,77,1470,3504,2.18536,0,11.1659,2.31677,0,1734,36579097951
22.8272,43.8074,94.802,0,79,87,77,1470,3504,2.18536,0,11.1659,2.31677,0,1734,36622906104
17.1851,58.1901,94.802,0,79,87,77,1470,3504,2.18536,0,11.1659,2.31677,0,1734,36681099063
41.8297,23.9065,94.802,0,79,87,77,1470,3504,2.18536,0,11.1659,2.31677,0,1734,36705028816
23.1421,43.2112,94.802,0,79,87,77,1470,3504,2.18536,0,11.1659,2.31677,0,1734,36748220775
19.8016,50.5011,94.802,0,79,87,77,1470,3504,2.18536,0,11.1659,2.31677,0,1734,36798723438
35.3827,28.2624,94.802,0,79,87,77,1470,3504,2.18536,0,11.1659,2.31677,0,1734,36826985782
21.7693,45.9363,94.802,0,79,87,77,1470,3504,2.18536,0,11.1659,2.31677,0,1734,36872943988
30.7278,32.5438,94.802,0,79,87,77,1470,3504,2.18536,0,11.1659,2.31677,0,1734,36905488209
14.3588,69.6437,94.802,0,79,87,77,1470,3504,2.18536,0,11.1659,2.31677,0,1734,36975161680
24.2153,41.2962,95.6311,0,79,87,77,1470,3504,2.18536,0,11.1781,2.31677,0,1731,37016432782
24.7654,40.3789,95.6311,0,79,87,77,1470,3504,2.18536,0,11.1781,2.31677,0,1731,37056833584
34.4587,29.0202,95.6311,0,79,87,77,1470,3504,2.18536,0,11.1781,2.31677,0,1731,37085855338
27.6459,36.1718,95.6311,0,79,87,77,1470,3504,2.18536,0,11.1781,2.31677,0,1731,37122006054
20.0614,49.8468,95.6311,0,79,87,77,1470,3504,2.18536,0,11.1781,2.31677,0,1731,37171853622
41.1415,24.3064,95.6311,0,79,87,77,1470,3504,2.18536,0,11.1781,2.31677,0,1731,37196162419
23.6851,42.2207,95.6311,0,79,87,77,1470,3504,2.18536,0,11.1781,2.31677,0,1731,37238406356
22.0237,45.4057,95.6311,0,79,87,77,1470,3504,2.18536,0,11.1781,2.31677,0,1731,37283805650
23.4014,42.7325,95.6311,0,79,87,77,1470,3504,2.18536,0,11.1781,2.31677,0,1731,37326527459
35.5679,28.1153,95.6311,0,79,87,77,1470,3504,2.18536,0,11.1781,2.31677,0,1731,37354643385
22.2641,44.9153,95.6311,0,79,87,77,1470,3504,2.18536,0,11.1781,2.31677,0,1731,37399560349
57.3188,17.4463,95.6311,0,79,87,77,1470,3504,2.18536,0,11.1781,2.31677,0,1731,37417009406
49.1377,20.351,95.6311,0,79,87,77,1470,3504,2.18536,0,11.1781,2.31677,0,1731,37437361562
41.29,24.219,95.6311,0,79,87,77,1470,3504,2.18536,0,11.1781,2.31677,0,1731,37461581470
40.9091,24.4444,95.6311,0,79,87,77,1470,3504,2.18536,0,11.1781,2.31677,0,1731,37486045292
35.2646,28.357,88.2064,0,66,87,77,1555,3504,2.18536,0,11.1781,2.31677,0,3400,37514385591
37.4743,26.685,88.2064,0,66,87,77,1555,3504,2.18536,0,11.1781,2.31677,0,3400,37541072192
31.08,32.175,88.2064,0,66,87,77,1555,3504,2.18536,0,11.1781,2.31677,0,3400,37573248665
33.8525,29.5399,88.2064,0,66,87,77,1555,3504,2.18536,0,11.1781,2.31677,0,3400,37602789941
31.093,32.1615,88.2064,0,66,87,77,1555,3504,2.18536,0,11.1781,2.31677,0,3400,37634953082
34.4713,29.0096,88.2064,0,66,87,77,1555,3504,2.18536,0,11.1781,2.31677,0,3400,37663962732
34.9219,28.6354,88.2064,0,66,87,77,1555,3504,2.18536,0,11.1781,2.31677,0,3400,37692600862
35.0134,28.5605,88.2064,0,66,87,77,1555,3504,2.18536,0,11.1781,2.31677,0,3400,37721162076
36.7185,27.2342,88.2064,0,66,87,77,1555,3504,2.18536,0,11.1781,2.31677,0,3400,37748397502
33.7637,29.6176,88.2064,0,66,87,77,1555,3504,2.18536,0,11.1781,2.31677,0,3400,37778015623
36.69,27.2554,88.2064,0,66,87,77,1555,3504,2.18536,0,11.1781,2.31677,0,3400,37805273070
33.6796,29.6915,88.2064,0,66,87,77,1555,3504,2.18536,0,11.1781,2.31677,0,3400,37834965161
37.3792,26.7529,88.2064,0,66,87,77,1555,3504,2.18536,0,11.1781,2.31677,0,3400,37861719927
32.9012,30.394,88.2064,0,66,87,77,1555,3504,2.18536,0,11.1781,2.31677,0,3400,37892116122
33.5948,29.7665,88.2064,0,66,87,77,1555,3504,2.18536,0,11.1781,2.31677,0,3400,37921883371
36.198,27.6259,88.2064,0,66,87,77,1555,3504,2.18536,0,11.1781,2.31677,0,3400,37949510588
35.4823,28.1831,88.2064,0,66,87,77,1555,3504,2.18536,0,11.1781,2.31677,0,3400,37977695883
38.9328,25.6853,88.2064,0,66,87,77,1555,3504,2.18536,0,11.1781,2.31677,0,3400,38003387692
33.6234,29.7412,50,0,83,91,77,1414,3504,2.18536,0,11.1781,2.31677,0,3400,38033126288
34.0549,29.3644,50,0,83,91,77,1414,3504,2.18536,0,11.1781,2.31677,0,3400,38062503416
35.6744,28.0313,50,0,83,91,77,1414,3504,2.18536,0,11.1781,2.31677,0,3400,38090523119
38.278,26.1247,50,0,83,91,77,1414,3504,2.18536,0,11.1781,2.31677,0,3400,38116649889
31.689,31.5567,50,0,83,91,77,1414,3504,2.18536,0,11.1781,2.31677,0,3400,38148206778
40.7315,24.551,50,0,83,91,77,1414,3504,2.18536,0,11.1781,2.31677,0,3400,38172759171
34.2723,29.1781,50,0,83,91,77,1414,3504,2.18536,0,11.1781,2.31677,0,3400,38201939409
34.4494,29.0281,50,0,83,91,77,1414,3504,2.18536,0,11.1781,2.31677,0,3400,38230970948
38.19,26.1849,50,0,83,91,77,1414,3504,2.18536,0,11.1781,2.31677,0,3400,38257155771
34.1345,29.2959,50,0,83,91,77,1414,3504,2.18536,0,11.1781,2.31677,0,3400,38286452535
35.5925,28.0958,50,0,83,91,77,1414,3504,2.18536,0,11.1781,2.31677,0,3400,38314549450
35.5325,28.1433,50,0,83,91,77,1414,3504,2.18536,0,11.1781,2.31677,0,3400,38342694294
36.0078,27.7718,50,0,83,91,77,1414,3504,2.18536,0,11.1781,2.31677,0,3400,38370467486
31.8967,31.3512,50,0,83,91,77,1414,3504,2.18536,0,11.1781,2.31677,0,3400,38401819177
41.0525,24.3591,50,0,83,91,77,1414,3504,2.18536,0,11.1781,2.31677,0,3400,38426180035
32.3313,30.9298,50,0,83,91,77,1414,3504,2.18536,0,11.1781,2.31677,0,3400,38457111083
37.4397,26.7096,50,0,83,91,77,1414,3504,2.18536,0,11.1781,2.31677,0,3400,38483822285
38.8232,25.7578,50,0,83,91,77,1414,3504,2.18536,0,11.1781,2.31677,0,3400,38509590878
33.5375,29.8173,56.2802,0,100,91,77,1392,3504,2.18536,0,11.1706,2.31677,0,3400,38539399636
35.4714,28.1917,56.2802,0,100,91,77,1392,3504,2.18536,0,11.1706,2.31677,0,3400,38567593418
32.3074,30.9527,56.2802,0,100,91,77,1392,3504,2.18536,0,11.1706,2.31677,0,3400,38598547013
43.294,23.0979,56.2802,0,100,91,77,1392,3504,2.18536,0,11.1706,2.31677,0,3400,38621647420
35.6083,28.0833,56.2802,0,100,91,77,1392,3504,2.18536,0,11.1706,2.31677,0,3400,38649730797
36.7348,27.2221,56.2802,0,100,91,77,1392,3504,2.18536,0,11.1706,2.31677,0,3400,38676956018
33.7954,29.5898,56.2802,0,100,91,77,1392,3504,2.18536,0,11.1706,2.31677,0,3400,38706545285
33.6745,29.6961,56.2802,0,100,91,77,1392,3504,2.18536,0,11.1706,2.31677,0,3400,38736243112
39.4619,25.3409,56.2802,0,100,91,77,1392,3504,2.18536,0,11.1706,2.31677,0,3400,38761585464
37.0793,26.9693,56.2802,0,100,91,77,1392,3504,2.18536,0,11.1706,2.31677,0,3400,38788557466
40.7443,24.5433,56.2802,0,100,91,77,1392,3504,2.18536,0,11.1706,2.31677,0,3400,38813100906
31.1158,32.1381,56.2802,0,100,91,77,1392,3504,2.18536,0,11.1706,2.31677,0,3400,38845239452
38.6902,25.8463,56.2802,0,100,91,77,1392,3504,2.18536,0,11.1706,2.31677,0,3400,38871087880
32.5566,30.7157,56.2802,0,100,91,77,1392,3504,2.18536,0,11.1706,2.31677,0,3400,38901816967
37.6199,26.5817,56.2802,0,100,91,77,1392,3504,2.18536,0,11.1706,2.31677,0,3400,38928400473
32.156,31.0984,56.2802,0,100,91,77,1392,3504,2.18536,0,11.1706,2.31677,0,3400,38959499653
38.4049,26.0384,56.2802,0,100,91,77,1392,3504,2.18536,0,11.1706,2.31677,0,3400,38985544475
37.457,26.6973,56.2802,0,100,91,77,1392,3504,2.18536,0,11.1706,2.31677,0,3400,39012252478
32.1736,31.0813,63.1313,0,100,94,77,1392,3504,2.18536,0,11.1317,2.31677,0,3400,39043329946
32.9493,30.3496,63.1313,0,100,94,77,1392,3504,2.18536,0,11.1317,2.31677,0,3400,39073679539
36.4171,27.4596,63.1313,0,100,94,77,1392,3504,2.18536,0,11.1317,2.31677,0,3400,39101142056
35.7062,28.0064,63.1313,0,100,94,77,1392,3504,2.18536,0,11.1317,2.31677,0,3400,39129149211
40.518,24.6804,63.1313,0,100,94,77,1392,3504,2.18536,0,11.1317,2.31677,0,3400,39153831048
31.9651,31.2841,63.1313,0,100,94,77,1392,3504,2.18536,0,11.1317,2.31677,0,3400,39185116724
39.5055,25.3129,63.1313,0,100,94,77,1392,3504,2.18536,0,11.1317,2.31677,0,3400,39210430262
30.8129,32.454,63.1313,0,100,94,77,1392,3504,2.18536,0,11.1317,2.31677,0,3400,39242886972
40.7757,24.5244,63.1313,0,100,94,77,1392,3504,2.18536,0,11.1317,2.31677,0,3400,39267410799
33.3417,29.9924,63.1313,0,100,94,77,1392,3504,2.18536,0,11.1317,2.31677,0,3400,39297404378
43.7136,22.8762,63.1313,0,100,94,77,1392,3504,2.18536,0,11.1317,2.31677,0,3400,39320283648
33.8853,29.5113,63.1313,0,100,94,77,1392,3504,2.18536,0,11.1317,2.31677,0,3400,39349796056
39.3023,25.4438,63.1313,0,100,94,77,1392,3504,2.18536,0,11.1317,2.31677,0,3400,39375241240
34.3771,29.0891,63.1313,0,100,94,77,1392,3504,2.18536,0,11.1317,2.31677,0,3400,39404332898
36.6782,27.2642,63.1313,0,100,94,77,1392,3504,2.18536,0,11.1317,2.31677,0,3400,39431597813
37.2426,26.8509,63.1313,0,100,94,77,1392,3504,2.18536,0,11.1317,2.31677,0,3400,39458450865
33.1107,30.2018,63.1313,0,100,94,77,1392,3504,2.18536,0,11.1317,2.31677,0,3400,39488651916
42.9259,23.296,63.1313,0,100,94,77,1392,3504,2.18536,0,11.1317,2.31677,0,3400,39511949651
40.7266,24.554,63.1313,0,100,94,77,1392,3504,2.18536,0,11.1317,2.31677,0,3400,39536509472
30.379,32.9175,64.9165,0,100,94,77,1392,3504,2.18536,0,11.1324,2.31677,0,3400,39569424805
38.7572,25.8016,64.9165,0,100,94,77,1392,3504,2.18536,0,11.1324,2.31677,0,3400,39595229595
35.3226,28.3105,64.9165,0,100,94,77,1392,3504,2.18536,0,11.1324,2.31677,0,3400,39623539630
33.9089,29.4908,64.9165,0,100,94,77,1392,3504,2.18536,0,11.1324,2.31677,0,3400,39653032694
40.2045,24.8728,64.9165,0,100,94,77,1392,3504,2.18536,0,11.1324,2.31677,0,3400,39677905858
37.2771,26.8261,64.9165,0,100,94,77,1392,3504,2.18536,0,11.1324,2.31677,0,3400,39704734178
32.2897,30.9697,64.9165,0,100,94,77,1392,3504,2.18536,0,11.1324,2.31677,0,3400,39735705749
40.037,24.9769,64.9165,0,100,94,77,1392,3504,2.18536,0,11.1324,2.31677,0,3400,39760684094
32.7776,30.5086,64.9165,0,100,94,77,1392,3504,2.18536,0,11.1324,2.31677,0,3400,39791195749
41.9758,23.8232,64.9165,0,100,94,77,1392,3504,2.18536,0,11.1324,2.31677,0,3400,39815018620
33.8145,29.5732,64.9165,0,100,94,77,1392,3504,2.18536,0,11.1324,2.31677,0,3400,39844592492
37.0123,27.0181,64.9165,0,100,94,77,1392,3504,2.18536,0,11.1324,2.31677,0,3400,39871612327
34.4398,29.0362,64.9165,0,100,94,77,1392,3504,2.18536,0,11.1324,2.31677,0,3400,39900649024
41.1705,24.2893,64.9165,0,100,94,77,1392,3504,2.18536,0,11.1324,2.31677,0,3400,39924942151
33.0483,30.2587,64.9165,0,100,94,77,1392,3504,2.18536,0,11.1324,2.31677,0,3400,39955200743
34.8934,28.6587,64.9165,0,100,94,77,1392,3504,2.18536,0,11.1324,2.31677,0,3400,39983859983
36.9404,27.0706,64.9165,0,100,94,77,1392,3504,2.18536,0,11.1324,2.31677,0,3400,40010933367
32.8695,30.4233,64.9165,0,100,94,77,1392,3504,2.18536,0,11.1324,2.31677,0,3400,40041361803
35.0134,28.5605,62.8141,0,100,96,76,1408,3504,2.18536,0,11.1324,2.31677,0,3400,40069919562
35.2571,28.3631,62.8141,0,100,96,76,1408,3504,2.18536,0,11.1324,2.31677,0,3400,40098282847
37.3931,26.7429,62.8141,0,100,96,76,1408,3504,2.18536,0,11.1324,2.31677,0,3400,40125026529
35.8512,27.8931,62.8141,0,100,96,76,1408,3504,2.18536,0,11.1324,2.31677,0,3400,40152921194
40.3437,24.787,62.8141,0,100,96,76,1408,3504,2.18536,0,11.1324,2.31677,0,3400,40177710071
36.1087,27.6941,62.8141,0,100,96,76,1408,3504,2.18536,0,11.1324,2.31677,0,3400,40205407871
31.6711,31.5746,62.8141,0,100,96,76,1408,3504,2.18536,0,11.1324,2.31677,0,3400,40236983545
40.4335,24.7319,62.8141,0,100,96,76,1408,3504,2.18536,0,11.1324,2.31677,0,3400,40261717120
38.9202,25.6936,62.8141,0,100,96,76,1408,3504,2.18536,0,11.1324,2.31677,0,3400,40287410678
33.7405,29.638,62.8141,0,100,96,76,1408,3504,2.18536,0,11.1324,2.31677,0,3400,40317050870
25.5906,39.0768,62.8141,0,100,96,76,1408,3504,2.18536,0,11.1324,2.31677,0,3400,40356128351
80.0593,12.4907,62.8141,0,100,96,76,1408,3504,2.18536,0,11.1324,2.31677,0,3400,40368624388
30.3187,32.983,62.8141,0,100,96,76,1408,3504,2.18536,0,11.1324,2.31677,0,3400,40401610997
38.4465,26.0102,62.8141,0,100,96,76,1408,3504,2.18536,0,11.1324,2.31677,0,3400,40427617329
48.4744,20.6295,62.8141,0,100,96,76,1408,3504,2.18536,0,11.1324,2.31677,0,3400,40448249299
20.5231,48.7255,62.8141,0,100,96,76,1408,3504,2.18536,0,11.1324,2.31677,0,3400,40496975395
23.2662,42.9809,62.8141,0,100,96,76,1408,3504,2.18536,0,11.1324,2.31677,0,3400,40539959215
55.3463,18.068,62.8141,0,100,96,76,1408,3504,2.18536,0,11.1324,2.31677,0,3400,40558033247
22.3065,44.83,65.5582,0,100,96,76,1394,3504,2.18536,0,11.1358,2.31677,0,3400,40602859520
68.6725,14.5619,65.5582,0,100,96,76,1394,3504,2.18536,0,11.1358,2.31677,0,3400,40617422005
79.3573,12.6012,65.5582,0,100,96,76,1394,3504,2.18536,0,11.1358,2.31677,0,3400,40630024479
40.5874,24.6382,65.5582,0,100,96,76,1394,3504,2.18536,0,11.1358,2.31677,0,3400,40654676884
34.9066,28.6479,65.5582,0,100,96,76,1394,3504,2.18536,0,11.1358,2.31677,0,3400,40683327165
41.1592,24.2959,65.5582,0,100,96,76,1394,3504,2.18536,0,11.1358,2.31677,0,3400,40707624017
38.1355,26.2223,65.5582,0,100,96,76,1394,3504,2.18536,0,11.1358,2.31677,0,3400,40733847265
30.8718,32.392,65.5582,0,100,96,76,1394,3504,2.18536,0,11.1358,2.31677,0,3400,40766240747
32.6642,30.6146,65.5582,0,100,96,76,1394,3504,2.18536,0,11.1358,2.31677,0,3400,40796858178
55.152,18.1317,65.5582,0,100,96,76,1394,3504,2.18536,0,11.1358,2.31677,0,3400,40814991227
28.0657,35.6307,65.5582,0,100,96,76,1394,3504,2.18536,0,11.1358,2.31677,0,3400,40850624574
57.0127,17.54,65.5582,0,100,96,76,1394,3504,2.18536,0,11.1358,2.31677,0,3400,40868172892
42.299,23.6412,65.5582,0,100,96,76,1394,3504,2.18536,0,11.1358,2.31677,0,3400,40891809392
33.5873,29.7732,65.5582,0,100,96,76,1394,3504,2.18536,0,11.1358,2.31677,0,3400,40921584212
46.1008,21.6916,65.5582,0,100,96,76,1394,3504,2.18536,0,11.1358,2.31677,0,3400,40943276584
47.1773,21.1967,65.5582,0,100,96,76,1394,3504,2.18536,0,11.1358,2.31677,0,3400,40964473981
32.0495,31.2017,65.5582,0,100,96,76,1394,3504,2.18536,0,11.1358,2.31677,0,3400,40995677893
38.0195,26.3023,65.5582,0,100,96,76,1394,3504,2.18536,0,11.1358,2.31677,0,3400,41021981290
41.1323,24.3118,65.5582,0,100,96,76,1394,3504,2.18536,0,11.1358,2.31677,0,3400,41046293671
43.3635,23.0609,65.5582,0,100,96,76,1394,3504,2.18536,0,11.1358,2.31677,0,3400,41069363373
37.3419,26.7796,78.2278,0,96,93,76,1450,3504,2.18536,0,11.1915,2.31677,0,3400,41096157739
39.6499,25.2208,78.2278,0,96,93,76,1450,3504,2.18536,0,11.1915,2.31677,0,3400,41121368480
40.8244,24.4952,78.2278,0,96,93,76,1450,3504,2.18536,0,11.1915,2.31677,0,3400,41145864895
46.8827,21.3299,78.2278,0,96,93,76,1450,3504,2.18536,0,11.1915,2.31677,0,3400,41167195094
40.1049,24.9346,78.2278,0,96,93,76,1450,3504,2.18536,0,11.1915,2.31677,0,3400,41192130883
43.8379,22.8113,78.2278,0,96,93,76,1450,3504,2.18536,0,11.1915,2.31677,0,3400,41214943569
45.3866,22.0329,78.2278,0,96,93,76,1450,3504,2.18536,0,11.1915,2.31677,0,3400,41236978445
46.4755,21.5167,78.2278,0,96,93,76,1450,3504,2.18536,0,11.1915,2.31677,0,3400,41258496424
38.8184,25.761,78.2278,0,96,93,76,1450,3504,2.18536,0,11.1915,2.31677,0,3400,41284261078
50.9165,19.64,78.2278,0,96,93,76,1450,3504,2.18536,0,11.1915,2.31677,0,3400,41303900521
47.7839,20.9275,78.2278,0,96,93,76,1450,3504,2.18536,0,11.1915,2.31677,0,3400,41324829135
44.3901,22.5275,78.2278,0,96,93,76,1450,3504,2.18536,0,11.1915,2.31677,0,3400,41347360912
47.1664,21.2016,78.2278,0,96,93,76,1450,3504,2.18536,0,11.1915,2.31677,0,3400,41368561514
43.5867,22.9428,78.2278,0,96,93,76,1450,3504,2.18536,0,11.1915,2.31677,0,3400,41391506027
45.1063,22.1698,78.2278,0,96,93,76,1450,3504,2.18536,0,11.1915,2.31677,0,3400,41413678575
42.6383,23.4531,78.2278,0,96,93,76,1450,3504,2.18536,0,11.1915,2.31677,0,3400,41437132469
45.3149,22.0678,78.2278,0,96,93,76,1450,3504,2.18536,0,11.1915,2.31677,0,3400,41459200510
42.6049,23.4715,78.2278,0,96,93,76,1450,3504,2.18536,0,11.1915,2.31677,0,3400,41482673907
48.2494,20.7257,78.2278,0,96,93,76,1450,3504,2.18536,0,11.1915,2.31677,0,3400,41503400366
44.0747,22.6887,78.2278,0,96,93,76,1450,3504,2.18536,0,11.1915,2.31677,0,3400,41526090596
43.0087,23.2511,78.2278,0,96,93,76,1450,3504,2.18536,0,11.1915,2.31677,0,3400,41549343912
44.8231,22.3099,78.2278,0,96,93,76,1450,3504,2.18536,0,11.1915,2.31677,0,3400,41571660703
44.8748,22.2842,63.4085,0,99,93,77,1450,3504,2.21807,0,11.2161,2.31677,0,3400,41593939140
42.9094,23.3049,63.4085,0,99,93,77,1450,3504,2.21807,0,11.2161,2.31677,0,3400,41617245361
41.8186,23.9128,63.4085,0,99,93,77,1450,3504,2.21807,0,11.2161,2.31677,0,3400,41641169939
46.4317,21.537,63.4085,0,99,93,77,1450,3504,2.21807,0,11.2161,2.31677,0,3400,41662708354
42.7697,23.381,63.4085,0,99,93,77,1450,3504,2.21807,0,11.2161,2.31677,0,3400,41686090468
43.342,23.0723,63.4085,0,99,93,77,1450,3504,2.21807,0,11.2161,2.31677,0,3400,41709163676
44.6173,22.4128,63.4085,0,99,93,77,1450,3504,2.21807,0,11.2161,2.31677,0,3400,41731577010
40.3836,24.7625,63.4085,0,99,93,77,1450,3504,2.21807,0,11.2161,2.31677,0,3400,41756341098
46.5097,21.5009,63.4085,0,99,93,77,1450,3504,2.21807,0,11.2161,2.31677,0,3400,41777843849
44.3517,22.547,63.4085,0,99,93,77,1450,3504,2.21807,0,11.2161,2.31677,0,3400,41800392331
45.1514,22.1477,63.4085,0,99,93,77,1450,3504,2.21807,0,11.2161,2.31677,0,3400,41822541333
40.5818,24.6416,63.4085,0,99,93,77,1450,3504,2.21807,0,11.2161,2.31677,0,3400,41847183215
45.6417,21.9098,63.4085,0,99,93,77,1450,3504,2.21807,0,11.2161,2.31677,0,3400,41869095085
44.6135,22.4147,63.4085,0,99,93,77,1450,3504,2.21807,0,11.2161,2.31677,0,3400,41891511649
45.6749,21.8939,63.4085,0,99,93,77,1450,3504,2.21807,0,11.2161,2.31677,0,3400,41913405177
44.7669,22.3379,63.4085,0,99,93,77,1450,3504,2.21807,0,11.2161,2.31677,0,3400,41935744856
42.5812,23.4845,63.4085,0,99,93,77,1450,3504,2.21807,0,11.2161,2.31677,0,3400,41959229813
43.7908,22.8358,63.4085,0,99,93,77,1450,3504,2.21807,0,11.2161,2.31677,0,3400,41982066759
44.7323,22.3552,63.4085,0,99,93,77,1450,3504,2.21807,0,11.2161,2.31677,0,3400,42004423632
44.8493,22.2969,63.4085,0,99,93,77,1450,3504,2.21807,0,11.2161,2.31677,0,3400,42026722681
41.7749,23.9378,63.4085,0,99,93,77,1450,3504,2.21807,0,11.2161,2.31677,0,3400,42050661775
44.002,22.7262,63.4085,0,99,93,77,1450,3504,2.21807,0,11.2161,2.31677,0,3400,42073395065
41.5631,24.0598,61.9048,0,100,93,77,1451,3504,2.21863,0,11.2161,2.31677,0,3400,42097451984
49.4245,20.2329,61.9048,0,100,93,77,1451,3504,2.21863,0,11.2161,2.31677,0,3400,42117685318
45.8878,21.7923,61.9048,0,100,93,77,1451,3504,2.21863,0,11.2161,2.31677,0,3400,42139478381
41.1302,24.313,61.9048,0,100,93,77,1451,3504,2.21863,0,11.2161,2.31677,0,3400,42163792746
43.662,22.9032,61.9048,0,100,93,77,1451,3504,2.21863,0,11.2161,2.31677,0,3400,42186697770
45.8835,21.7943,61.9048,0,100,93,77,1451,3504,2.21863,0,11.2161,2.31677,0,3400,42208493489
41.8793,23.8781,61.9048,0,100,93,77,1451,3504,2.21863,0,11.2161,2.31677,0,3400,42232372724
43.5045,22.9861,61.9048,0,100,93,77,1451,3504,2.21863,0,11.2161,2.31677,0,3400,42255359405
43.7102,22.878,61.9048,0,100,93,77,1451,3504,2.21863,0,11.2161,2.31677,0,3400,42278239488
41.5856,24.0468,61.9048,0,100,93,77,1451,3504,2.21863,0,11.2161,2.31677,0,3400,42302287362
49.3129,20.2787,61.9048,0,100,93,77,1451,3504,2.21863,0,11.2161,2.31677,0,3400,42322567686
42.6167,23.465,61.9048,0,100,93,77,1451,3504,2.21863,0,11.2161,2.31677,0,3400,42346034230
46.2389,21.6268,61.9048,0,100,93,77,1451,3504,2.21863,0,11.2161,2.31677,0,3400,42367661785
43.9185,22.7694,61.9048,0,100,93,77,1451,3504,2.21863,0,11.2161,2.31677,0,3400,42390431963
45.2155,22.1163,61.9048,0,100,93,77,1451,3504,2.21863,0,11.2161,2.31677,0,3400,42412550024
45.4082,22.0225,61.9048,0,100,93,77,1451,3504,2.21863,0,11.2161,2.31677,0,3400,42434573314
42.9925,23.2599,61.9048,0,100,93,77,1451,3504,2.21863,0,11.2161,2.31677,0,3400,42457834150
45.4936,21.9811,61.9048,0,100,93,77,1451,3504,2.21863,0,11.2161,2.31677,0,3400,42479817324
42.7436,23.3953,61.9048,0,100,93,77,1451,3504,2.21863,0,11.2161,2.31677,0,3400,42503212955
44.2368,22.6056,61.9048,0,100,93,77,1451,3504,2.21863,0,11.2161,2.31677,0,3400,42525819464
44.4671,22.4885,61.9048,0,100,93,77,1451,3504,2.21863,0,11.2161,2.31677,0,3400,42548309800
43.6335,22.9182,61.9048,0,100,93,77,1451,3504,2.21863,0,11.2161,2.31677,0,3400,42571230744
45.7878,21.8399,61.9048,0,100,93,77,1451,3504,2.21863,0,11.2161,2.31677,0,3400,42593122980
45.2601,22.0945,64.7783,0,100,93,77,1449,3504,2.21635,0,11.2433,2.31677,0,3400,42615171316
44.1189,22.666,64.7783,0,100,93,77,1449,3504,2.21635,0,11.2433,2.31677,0,3400,42637837816
41.2921,24.2177,64.7783,0,100,93,77,1449,3504,2.21635,0,11.2433,2.31677,0,3400,42662056897
44.9409,22.2514,64.7783,0,100,93,77,1449,3504,2.21635,0,11.2433,2.31677,0,3400,42684309827
44.6435,22.3997,64.7783,0,100,93,77,1449,3504,2.21635,0,11.2433,2.31677,0,3400,42706710784
44.3861,22.5296,64.7783,0,100,93,77,1449,3504,2.21635,0,11.2433,2.31677,0,3400,42729241068
44.3346,22.5557,64.7783,0,100,93,77,1449,3504,2.21635,0,11.2433,2.31677,0,3400,42751797962
42.3096,23.6353,64.7783,0,100,93,77,1449,3504,2.21635,0,11.2433,2.31677,0,3400,42775434498
46.6331,21.444,64.7783,0,100,93,77,1449,3504,2.21635,0,11.2433,2.31677,0,3400,42796878514
43.2126,23.1414,64.7783,0,100,93,77,1449,3504,2.21635,0,11.2433,2.31677,0,3400,42820020545
43.9882,22.7334,64.7783,0,100,93,77,1449,3504,2.21635,0,11.2433,2.31677,0,3400,42842755253
44.8139,22.3145,64.7783,0,100,93,77,1449,3504,2.21635,0,11.2433,2.31677,0,3400,42865071183
42.4931,23.5332,64.7783,0,100,93,77,1449,3504,2.21635,0,11.2433,2.31677,0,3400,42888605516
43.3006,23.0944,64.7783,0,100,93,77,1449,3504,2.21635,0,11.2433,2.31677,0,3400,42911701176
41.9576,23.8336,64.7783,0,100,93,77,1449,3504,2.21635,0,11.2433,2.31677,0,3400,42935536330
47.6088,21.0045,64.7783,0,100,93,77,1449,3504,2.21635,0,11.2433,2.31677,0,3400,42956542111
46.2461,21.6234,64.7783,0,100,93,77,1449,3504,2.21635,0,11.2433,2.31677,0,3400,42978166206
42.9425,23.287,64.7783,0,100,93,77,1449,3504,2.21635,0,11.2433,2.31677,0,3400,43001454935
42.3957,23.5873,64.7783,0,100,93,77,1449,3504,2.21635,0,11.2433,2.31677,0,3400,43025043693
45.5895,21.9349,64.7783,0,100,93,77,1449,3504,2.21635,0,11.2433,2.31677,0,3400,43046979940
44.1826,22.6334,64.7783,0,100,93,77,1449,3504,2.21635,0,11.2433,2.31677,0,3400,43069613589
44.0951,22.6783,64.7783,0,100,93,77,1449,3504,2.21635,0,11.2433,2.31677,0,3400,43092292605
44.2623,22.5926,64.7783,0,100,93,77,1449,3504,2.21635,0,11.2433,2.31677,0,3400,43114890349
42.3093,23.6354,56.1743,0,100,97,77,1449,3504,2.21635,0,11.2439,2.31677,0,3400,43138524633
41.4875,24.1036,56.1743,0,100,97,77,1449,3504,2.21635,0,11.2439,2.31677,0,3400,43162628961
50.7275,19.7132,56.1743,0,100,97,77,1449,3504,2.21635,0,11.2439,2.31677,0,3400,43182343753
40.9846,24.3994,56.1743,0,100,97,77,1449,3504,2.21635,0,11.2439,2.31677,0,3400,43206745348
43.8098,22.8259,56.1743,0,100,97,77,1449,3504,2.21635,0,11.2439,2.31677,0,3400,43229572073
49.1062,20.364,56.1743,0,100,97,77,1449,3504,2.21635,0,11.2439,2.31677,0,3400,43249937382
8.03173,124.506,56.1743,0,100,97,77,1449,3504,2.21635,0,11.2439,2.31677,0,3400,43374446053
58.1303,17.2027,56.1743,0,100,97,77,1449,3504,2.21635,0,11.2439,2.31677,0,3400,43391650212
76.9514,12.9952,56.1743,0,100,97,77,1449,3504,2.21635,0,11.2439,2.31677,0,3400,43404645448
37.246,26.8485,56.1743,0,100,97,77,1449,3504,2.21635,0,11.2439,2.31677,0,3400,43431497312
63.8986,15.6498,56.1743,0,100,97,77,1449,3504,2.21635,0,11.2439,2.31677,0,3400,43447148167
39.2887,25.4526,56.1743,0,100,97,77,1449,3504,2.21635,0,11.2439,2.31677,0,3400,43472603042
47.2592,21.1599,56.1743,0,100,97,77,1449,3504,2.21635,0,11.2439,2.31677,0,3400,43493762733
42.9043,23.3077,56.1743,0,100,97,77,1449,3504,2.21635,0,11.2439,2.31677,0,3400,43517071845
51.7756,19.3141,56.1743,0,100,97,77,1449,3504,2.21635,0,11.2439,2.31677,0,3400,43536386785
44.6203,22.4113,56.1743,0,100,97,77,1449,3504,2.21635,0,11.2439,2.31677,0,3400,43558812529
45.2486,22.1001,56.1743,0,100,97,77,1449,3504,2.21635,0,11.2439,2.31677,0,3400,43580901026
42.9545,23.2805,56.1743,0,100,97,77,1449,3504,2.21635,0,11.2439,2.31677,0,3400,43604181399
52.2243,19.1482,56.1743,0,100,97,77,1449,3504,2.21635,0,11.2439,2.31677,0,3400,43623338412
46.5063,21.5025,63.1188,0,100,97,77,1451,3504,2.21458,0,11.2475,2.31677,0,3400,43644836481
43.4117,23.0352,63.1188,0,100,97,77,1451,3504,2.21458,0,11.2475,2.31677,0,3400,43667873248
51.8799,19.2753,63.1188,0,100,97,77,1451,3504,2.21458,0,11.2475,2.31677,0,3400,43687149940
45.7307,21.8671,63.1188,0,100,97,77,1451,3504,2.21458,0,11.2475,2.31677,0,3400,43709018032
43.9941,22.7303,63.1188,0,100,97,77,1451,3504,2.21458,0,11.2475,2.31677,0,3400,43731749459
50.7208,19.7158,63.1188,0,100,97,77,1451,3504,2.21458,0,11.2475,2.31677,0,3400,43751466779
44.1726,22.6384,63.1188,0,100,97,77,1451,3504,2.21458,0,11.2475,2.31677,0,3400,43774106019
47.5811,21.0168,63.1188,0,100,97,77,1451,3504,2.21458,0,11.2475,2.31677,0,3400,43795123793
49.3595,20.2595,63.1188,0,100,97,77,1451,3504,2.21458,0,11.2475,2.31677,0,3400,43815384827
49.1869,20.3306,63.1188,0,100,97,77,1451,3504,2.21458,0,11.2475,2.31677,0,3400,43835716073
47.713,20.9586,63.1188,0,100,97,77,1451,3504,2.21458,0,11.2475,2.31677,0,3400,43856675768
43.8565,22.8016,63.1188,0,100,97,77,1451,3504,2.21458,0,11.2475,2.31677,0,3400,43879479735
52.1685,19.1687,63.1188,0,100,97,77,1451,3504,2.21458,0,11.2475,2.31677,0,3400,43898649465
47.5126,21.047,63.1188,0,100,97,77,1451,3504,2.21458,0,11.2475,2.31677,0,3400,43919698195
41.8998,23.8664,63.1188,0,100,97,77,1451,3504,2.21458,0,11.2475,2.31677,0,3400,43943564694
55.4156,18.0455,63.1188,0,100,97,77,1451,3504,2.21458,0,11.2475,2.31677,0,3400,43961612393
41.3904,24.1602,63.1188,0,100,97,77,1451,3504,2.21458,0,11.2475,2.31677,0,3400,43985773162
45.8715,21.8,63.1188,0,100,97,77,1451,3504,2.21458,0,11.2475,2.31677,0,3400,44007575212
55.5474,18.0026,63.1188,0,100,97,77,1451,3504,2.21458,0,11.2475,2.31677,0,3400,44025579124
46.3541,21.5731,63.1188,0,100,97,77,1451,3504,2.21458,0,11.2475,2.31677,0,3400,44047153888
40.0562,24.9649,63.1188,0,100,97,77,1451,3504,2.21458,0,11.2475,2.31677,0,3400,44072120291
52.7714,18.9497,63.1188,0,100,97,77,1451,3504,2.21458,0,11.2475,2.31677,0,3400,44091071050
49.6587,20.1375,63.1188,0,100,97,77,1451,3504,2.21458,0,11.2475,2.31677,0,3400,44111209851
49.7102,20.1166,63.1188,0,100,97,77,1451,3504,2.21458,0,11.2475,2.31677,0,3400,44131335221
33.9079,29.4916,64.467,0,87,95,76,1484,3504,2.2098,0,11.2517,2.31677,0,3401,44160820980
48.7871,20.4972,64.467,0,87,95,76,1484,3504,2.2098,0,11.2517,2.31677,0,3401,44181320444
72.4631,13.8001,64.467,0,87,95,76,1484,3504,2.2098,0,11.2517,2.31677,0,3401,44195121533
40.8191,24.4983,64.467,0,87,95,76,1484,3504,2.2098,0,11.2517,2.31677,0,3401,44219624208
52.2971,19.1215,64.467,0,87,95,76,1484,3504,2.2098,0,11.2517,2.31677,0,3401,44238742696
49.072,20.3782,64.467,0,87,95,76,1484,3504,2.2098,0,11.2517,2.31677,0,3401,44259122136
48.1893,20.7515,64.467,0,87,95,76,1484,3504,2.2098,0,11.2517,2.31677,0,3401,44279873523
44.9128,22.2653,64.467,0,87,95,76,1484,3504,2.2098,0,11.2517,2.31677,0,3401,44302140573
41.4625,24.1182,64.467,0,87,95,76,1484,3504,2.2098,0,11.2517,2.31677,0,3401,44326260567
54.3946,18.3842,64.467,0,87,95,76,1484,3504,2.2098,0,11.2517,2.31677,0,3401,44344646860
49.232,20.312,64.467,0,87,95,76,1484,3504,2.2098,0,11.2517,2.31677,0,3401,44364959274
45.7766,21.8452,64.467,0,87,95,76,1484,3504,2.2098,0,11.2517,2.31677,0,3401,44386806356
47.7771,20.9305,64.467,0,87,95,76,1484,3504,2.2098,0,11.2517,2.31677,0,3401,44407737052
44.5721,22.4356,64.467,0,87,95,76,1484,3504,2.2098,0,11.2517,2.31677,0,3401,44430174351
48.7826,20.4991,64.467,0,87,95,76,1484,3504,2.2098,0,11.2517,2.31677,0,3401,44450675372
47.3724,21.1094,64.467,0,87,95,76,1484,3504,2.2098,0,11.2517,2.31677,0,3401,44471785484
46.4726,21.5181,64.467,0,87,95,76,1484,3504,2.2098,0,11.2517,2.31677,0,3401,44493305029
49.0269,20.3969,64.467,0,87,95,76,1484,3504,2.2098,0,11.2517,2.31677,0,3401,44513703400
47.5128,21.0469,64.467,0,87,95,76,1484,3504,2.2098,0,11.2517,2.31677,0,3401,44534751205
47.3145,21.1352,64.467,0,87,95,76,1484,3504,2.2098,0,11.2517,2.31677,0,3401,44555887666
45.1063,22.1699,64.467,0,87,95,76,1484,3504,2.2098,0,11.2517,2.31677,0,3401,44578058726
49.5029,20.2008,64.467,0,87,95,76,1484,3504,2.2098,0,11.2517,2.31677,0,3401,44598262905
45.8101,21.8292,64.467,0,87,95,76,1484,3504,2.2098,0,11.2517,2.31677,0,3401,44620092079
48.3027,20.7028,64.467,0,87,95,76,1484,3504,2.2098,0,11.2517,2.31677,0,3401,44640804252
45.9772,21.7499,55.8313,0,100,95,78,1565,3504,2.18525,0,11.2521,2.31677,0,3401,44662548032
38.5511,25.9396,55.8313,0,100,95,78,1565,3504,2.18525,0,11.2521,2.31677,0,3401,44688506076
50.8973,19.6474,55.8313,0,100,95,78,1565,3504,2.18525,0,11.2521,2.31677,0,3401,44708137518
44.1883,22.6304,55.8313,0,100,95,78,1565,3504,2.18525,0,11.2521,2.31677,0,3401,44730769377
43.2923,23.0988,55.8313,0,100,95,78,1565,3504,2.18525,0,11.2521,2.31677,0,3401,44753869536
43.8948,22.7817,55.8313,0,100,95,78,1565,3504,2.18525,0,11.2521,2.31677,0,3401,44776651152
42.9271,23.2953,55.8313,0,100,95,78,1565,3504,2.18525,0,11.2521,2.31677,0,3401,44799948448
43.854,22.803,55.8313,0,100,95,78,1565,3504,2.18525,0,11.2521,2.31677,0,3401,44822751994
33.5965,29.765,55.8313,0,100,95,78,1565,3504,2.18525,0,11.2521,2.31677,0,3401,44852540297
39.1023,25.5739,55.8313,0,100,95,78,1565,3504,2.18525,0,11.2521,2.31677,0,3401,44878093865
51.2973,19.4942,55.8313,0,100,95,78,1565,3504,2.18525,0,11.2521,2.31677,0,3401,44897589506
46.1518,21.6676,55.8313,0,100,95,78,1565,3504,2.18525,0,11.2521,2.31677,0,3401,44919258203
33.2525,30.0729,55.8313,0,100,95,78,1565,3504,2.18525,0,11.2521,2.31677,0,3401,44949332825
52.9873,18.8724,55.8313,0,100,95,78,1565,3504,2.18525,0,11.2521,2.31677,0,3401,44968218518
54.2531,18.4321,55.8313,0,100,95,78,1565,3504,2.18525,0,11.2521,2.31677,0,3401,44986639638
41.385,24.1633,55.8313,0,100,95,78,1565,3504,2.18525,0,11.2521,2.31677,0,3401,45010802955
41.4657,24.1163,55.8313,0,100,95,78,1565,3504,2.18525,0,11.2521,2.31677,0,3401,45034920543
48.0216,20.8239,55.8313,0,100,95,78,1565,3504,2.18525,0,11.2521,2.31677,0,3401,45055746638
33.2948,30.0347,55.8313,0,100,95,78,1565,3504,2.18525,0,11.2521,2.31677,0,3401,45085782851
43.4962,22.9905,55.8313,0,100,95,78,1565,3504,2.18525,0,11.2521,2.31677,0,3401,45108774124
49.6657,20.1346,55.8313,0,100,95,78,1565,3504,2.18525,0,11.2521,2.31677,0,3401,45128910422
46.3512,21.5744,55.8313,0,100,95,78,1565,3504,2.18525,0,11.2521,2.31677,0,3401,45150513679
46.3201,21.5889,71.0462,0,100,87,78,1504,3504,2.12291,0,11.2523,2.31677,0,1751,45172077495
47.4133,21.0911,71.0462,0,100,87,78,1504,3504,2.12291,0,11.2523,2.31677,0,1751,45193190101
29.484,33.9167,71.0462,0,100,87,78,1504,3504,2.12291,0,11.2523,2.31677,0,1751,45227124952
30.6435,32.6334,71.0462,0,100,87,78,1504,3504,2.12291,0,11.2523,2.31677,0,1751,45259742757
81.4727,12.274,71.0462,0,100,87,78,1504,3504,2.12291,0,11.2523,2.31677,0,1751,45272038461
45.7274,21.8687,71.0462,0,100,87,78,1504,3504,2.12291,0,11.2523,2.31677,0,1751,45293887251
42.6225,23.4618,71.0462,0,100,87,78,1504,3504,2.12291,0,11.2523,2.31677,0,1751,45317350170
41.1484,24.3023,71.0462,0,100,87,78,1504,3504,2.12291,0,11.2523,2.31677,0,1751,45341654323
47.097,21.2328,71.0462,0,100,87,78,1504,3504,2.12291,0,11.2523,2.31677,0,1751,45362887621
43.9661,22.7448,71.0462,0,100,87,78,1504,3504,2.12291,0,11.2523,2.31677,0,1751,45385634892
44.4053,22.5198,71.0462,0,100,87,78,1504,3504,2.12291,0,11.2523,2.31677,0,1751,45408155220
46.5168,21.4976,71.0462,0,100,87,78,1504,3504,2.12291,0,11.2523,2.31677,0,1751,45429685468
39.1646,25.5333,71.0462,0,100,87,78,1504,3504,2.12291,0,11.2523,2.31677,0,1751,45455189646
41.0715,24.3478,71.0462,0,100,87,78,1504,3504,2.12291,0,11.2523,2.31677,0,1751,45479540364
42.6421,23.451,71.0462,0,100,87,78,1504,3504,2.12291,0,11.2523,2.31677,0,1751,45502991323
43.2945,23.0976,71.0462,0,100,87,78,1504,3504,2.12291,0,11.2523,2.31677,0,1751,45526089481
35.7625,27.9623,71.0462,0,100,87,78,1504,3504,2.12291,0,11.2523,2.31677,0,1751,45554053867
57.0398,17.5316,71.0462,0,100,87,78,1504,3504,2.12291,0,11.2523,2.31677,0,1751,45571586171
44.408,22.5184,71.0462,0,100,87,78,1504,3504,2.12291,0,11.2523,2.31677,0,1751,45594105864
45.3266,22.0621,71.0462,0,100,87,78,1504,3504,2.12291,0,11.2523,2.31677,0,1751,45616190016
48.462,20.6347,71.0462,0,100,87,78,1504,3504,2.12291,0,11.2523,2.31677,0,1751,45636807528
40.8986,24.4507,71.0462,0,100,87,78,1504,3504,2.12291,0,11.2523,2.31677,0,1751,45661263640
36.674,27.2673,76.0598,0,100,87,78,1504,3504,2.12291,0,11.253,2.31677,0,1783,45688526678
44.7674,22.3377,76.0598,0,100,87,78,1504,3504,2.12291,0,11.253,2.31677,0,1783,45710865098
45.0291,22.2079,76.0598,0,100,87,78,1504,3504,2.12291,0,11.253,2.31677,0,1783,45733074252
43.7698,22.8468,76.0598,0,100,87,78,1504,3504,2.12291,0,11.253,2.31677,0,1783,45755921909
47.2823,21.1496,76.0598,0,100,87,78,1504,3504,2.12291,0,11.253,2.31677,0,1783,45777072521
42.2709,23.6569,76.0598,0,100,87,78,1504,3504,2.12291,0,11.253,2.31677,0,1783,45800732306
34.9317,28.6273,76.0598,0,100,87,78,1504,3504,2.12291,0,11.253,2.31677,0,1783,45829359391
60.045,16.6542,76.0598,0,100,87,78,1504,3504,2.12291,0,11.253,2.31677,0,1783,45846016353
41.5395,24.0735,76.0598,0,100,87,78,1504,3504,2.12291,0,11.253,2.31677,0,1783,45870089881
39.96,25.025,76.0598,0,100,87,78,1504,3504,2.12291,0,11.253,2.31677,0,1783,45895116877
37.3657,26.7625,76.0598,0,100,87,78,1504,3504,2.12291,0,11.253,2.31677,0,1783,45921879754
52.452,19.0651,76.0598,0,100,87,78,1504,3504,2.12291,0,11.253,2.31677,0,1783,45940946848
45.2239,22.1122,76.0598,0,100,87,78,1504,3504,2.12291,0,11.253,2.31677,0,1783,45963059487
44.125,22.6629,76.0598,0,100,87,78,1504,3504,2.12291,0,11.253,2.31677,0,1783,45985746288
39.6062,25.2486,76.0598,0,100,87,78,1504,3504,2.12291,0,11.253,2.31677,0,1783,46010974173
50.2508,19.9002,76.0598,0,100,87,78,1504,3504,2.12291,0,11.253,2.31677,0,1783,46030875613
42.9704,23.2718,76.0598,0,100,87,78,1504,3504,2.12291,0,11.253,2.31677,0,1783,46054149109
41.4259,24.1395,76.0598,0,100,87,78,1504,3504,2.12291,0,11.253,2.31677,0,1783,46078289503
45.2566,22.0962,76.0598,0,100,87,78,1504,3504,2.12291,0,11.253,2.31677,0,1783,46100387081
35.591,28.097,76.0598,0,100,87,78,1504,3504,2.12291,0,11.253,2.31677,0,1783,46128484707
48.1728,20.7586,76.0598,0,100,87,78,1504,3504,2.12291,0,11.253,2.31677,0,1783,46149244582
52.5225,19.0394,76.0598,0,100,87,78,1504,3504,2.12291,0,11.253,2.31677,0,1783,46168312376
39.377,25.3955,72.1393,0,99,85,76,1395,3504,2.11561,0,11.253,2.31677,0,1756,46193681967
46.0588,21.7114,72.1393,0,99,85,76,1395,3504,2.11561,0,11.253,2.31677,0,1756,46215394460
41.1606,24.2951,72.1393,0,99,85,76,1395,3504,2.11561,0,11.253,2.31677,0,1756,46239691159
43.9784,22.7384,72.1393,0,99,85,76,1395,3504,2.11561,0,11.253,2.31677,0,1756,46262430893
35.171,28.4325,72.1393,0,99,85,76,1395,3504,2.11561,0,11.253,2.31677,0,1756,46290865131
48.0966,20.7915,72.1393,0,99,85,76,1395,3504,2.11561,0,11.253,2.31677,0,1756,46311678815
52.6772,18.9835,72.1393,0,99,85,76,1395,3504,2.11561,0,11.253,2.31677,0,1756,46330642520
40.9081,24.4451,72.1393,0,99,85,76,1395,3504,2.11561,0,11.253,2.31677,0,1756,46355088855
37.2054,26.8778,72.1393,0,99,85,76,1395,3504,2.11561,0,11.253,2.31677,0,1756,46381967340
48.4754,20.629,72.1393,0,99,85,76,1395,3504,2.11561,0,11.253,2.31677,0,1756,46402618745
48.2674,20.7179,72.1393,0,99,85,76,1395,3504,2.11561,0,11.253,2.31677,0,1756,46423317563
36.1396,27.6705,72.1393,0,99,85,76,1395,3504,2.11561,0,11.253,2.31677,0,1756,46450988833
60.6997,16.4745,72.1393,0,99,85,76,1395,3504,2.11561,0,11.253,2.31677,0,1756,46467464401
37.1048,26.9507,72.1393,0,99,85,76,1395,3504,2.11561,0,11.253,2.31677,0,1756,46494416050
38.4532,26.0056,72.1393,0,99,85,76,1395,3504,2.11561,0,11.253,2.31677,0,1756,46520443670
26.006,38.4527,72.1393,0,99,85,76,1395,3504,2.11561,0,11.253,2.31677,0,1756,46558877627
29.649,33.728,72.1393,0,99,85,76,1395,3504,2.11561,0,11.253,2.31677,0,1756,46592607075
35.0234,28.5523,72.1393,0,99,85,76,1395,3504,2.11561,0,11.253,2.31677,0,1756,46621181803
78.5836,12.7253,72.1393,0,99,85,76,1395,3504,2.11561,0,11.253,2.31677,0,1756,46633886356
56.4949,17.7007,72.1393,0,99,85,76,1395,3504,2.11561,0,11.253,2.31677,0,1756,46651588473
47.287,21.1475,72.1393,0,99,85,76,1395,3504,2.11561,0,11.253,2.31677,0,1756,46672763458
47.4947,21.055,69.8254,0,100,85,76,1392,3504,2.10841,0,11.2535,2.31677,0,1794,46693793212
44.9726,22.2358,69.8254,0,100,85,76,1392,3504,2.10841,0,11.2535,2.31677,0,1794,46716030287
47.9199,20.8681,69.8254,0,100,85,76,1392,3504,2.10841,0,11.2535,2.31677,0,1794,46737011467
43.5127,22.9818,69.8254,0,100,85,76,1392,3504,2.10841,0,11.2535,2.31677,0,1794,46759994736
44.7557,22.3435,69.8254,0,100,85,76,1392,3504,2.10841,0,11.2535,2.31677,0,1794,46782361656
42.0338,23.7904,69.8254,0,100,85,76,1392,3504,2.10841,0,11.2535,2.31677,0,1794,46806131622
43.6807,22.8934,69.8254,0,100,85,76,1392,3504,2.10841,0,11.2535,2.31677,0,1794,46829045973
41.1362,24.3095,69.8254,0,100,85,76,1392,3504,2.10841,0,11.2535,2.31677,0,1794,46853337279
45.3509,22.0503,69.8254,0,100,85,76,1392,3504,2.10841,0,11.2535,2.31677,0,1794,46875409191
43.6938,22.8865,69.8254,0,100,85,76,1392,3504,2.10841,0,11.2535,2.31677,0,1794,46898276692
46.1824,21.6533,69.8254,0,100,85,76,1392,3504,2.10841,0,11.2535,2.31677,0,1794,46919931375
46.6756,21.4245,69.8254,0,100,85,76,1392,3504,2.10841,0,11.2535,2.31677,0,1794,46941356154
43.5658,22.9538,69.8254,0,100,85,76,1392,3504,2.10841,0,11.2535,2.31677,0,1794,46964310690
37.2133,26.8721,69.8254,0,100,85,76,1392,3504,2.10841,0,11.2535,2.31677,0,1794,46991184564
50.0977,19.961,69.8254,0,100,85,76,1392,3504,2.10841,0,11.2535,2.31677,0,1794,47011147129
47.8529,20.8974,69.8254,0,100,85,76,1392,3504,2.10841,0,11.2535,2.31677,0,1794,47032045725
46.383,21.5596,69.8254,0,100,85,76,1392,3504,2.10841,0,11.2535,2.31677,0,1794,47053607255
43.1484,23.1758,69.8254,0,100,85,76,1392,3504,2.10841,0,11.2535,2.31677,0,1794,47076796942
45.4646,21.9952,69.8254,0,100,85,76,1392,3504,2.10841,0,11.2535,2.31677,0,1794,47098801963
45.5235,21.9667,69.8254,0,100,85,76,1392,3504,2.10841,0,11.2535,2.31677,0,1794,47120769784
45.6055,21.9272,69.8254,0,100,85,76,1392,3504,2.10841,0,11.2535,2.31677,0,1794,47142678247
42.5781,23.4862,69.8254,0,100,85,76,1392,3504,2.10841,0,11.2535,2.31677,0,1794,47166164670
45.3578,22.0469,69.8254,0,100,85,76,1392,3504,2.10841,0,11.2535,2.31677,0,1794,47188219518
45.4795,21.9879,68.932,0,96,85,76,1384,3504,2.10656,0,11.261,2.31677,0,1746,47210202278
36.7023,27.2463,68.932,0,96,85,76,1384,3504,2.10656,0,11.261,2.31677,0,1746,47237450601
50.2303,19.9083,68.932,0,96,85,76,1384,3504,2.10656,0,11.261,2.31677,0,1746,47257381145
48.0561,20.809,68.932,0,96,85,76,1384,3504,2.10656,0,11.261,2.31677,0,1746,47278191643
48.8331,20.4779,68.932,0,96,85,76,1384,3504,2.10656,0,11.261,2.31677,0,1746,47298670644
39.2542,25.475,68.932,0,96,85,76,1384,3504,2.10656,0,11.261,2.31677,0,1746,47324146116
46.9954,21.2787,68.932,0,96,85,76,1384,3504,2.10656,0,11.261,2.31677,0,1746,47345426169
45.1484,22.1492,68.932,0,96,85,76,1384,3504,2.10656,0,11.261,2.31677,0,1746,47367576991
45.9868,21.7454,68.932,0,96,85,76,1384,3504,2.10656,0,11.261,2.31677,0,1746,47389323770
47.3166,21.1342,68.932,0,96,85,76,1384,3504,2.10656,0,11.261,2.31677,0,1746,47410458849
41.3252,24.1983,68.932,0,96,85,76,1384,3504,2.10656,0,11.261,2.31677,0,1746,47434657618
37.3217,26.794,68.932,0,96,85,76,1384,3504,2.10656,0,11.261,2.31677,0,1746,47461453810
51.3994,19.4555,68.932,0,96,85,76,1384,3504,2.10656,0,11.261,2.31677,0,1746,47480909747
45.2108,22.1186,68.932,0,96,85,76,1384,3504,2.10656,0,11.261,2.31677,0,1746,47503030067
46.7272,21.4008,68.932,0,96,85,76,1384,3504,2.10656,0,11.261,2.31677,0,1746,47524431673
43.6275,22.9213,68.932,0,96,85,76,1384,3504,2.10656,0,11.261,2.31677,0,1746,47547375886
48.2803,20.7124,68.932,0,96,85,76,1384,3504,2.10656,0,11.261,2.31677,0,1746,47568089550
39.6823,25.2001,68.932,0,96,85,76,1384,3504,2.10656,0,11.261,2.31677,0,1746,47593291976
47.8257,20.9093,68.932,0,96,85,76,1384,3504,2.10656,0,11.261,2.31677,0,1746,47614202153
49.6464,20.1424,68.932,0,96,85,76,1384,3504,2.10656,0,11.261,2.31677,0,1746,47634345429
42.4779,23.5417,68.932,0,96,85,76,1384,3504,2.10656,0,11.261,2.31677,0,1746,47657888693
46.7937,21.3704,68.932,0,96,85,76,1384,3504,2.10656,0,11.261,2.31677,0,1746,47679260596
17.438,57.3459,68.932,0,96,85,76,1384,3504,2.10656,0,11.261,2.31677,0,1746,47736635324
56.6476,17.653,74.5995,0,100,85,76,1391,3504,2.10544,0,11.2648,2.31677,0,1896,47754282574
58.2256,17.1746,74.5995,0,100,85,76,1391,3504,2.10544,0,11.2648,2.31677,0,1896,47771436381
45.9403,21.7674,74.5995,0,100,85,76,1391,3504,2.10544,0,11.2648,2.31677,0,1896,47793227464
46.7542,21.3885,74.5995,0,100,85,76,1391,3504,2.10544,0,11.2648,2.31677,0,1896,47814616492
43.4106,23.0359,74.5995,0,100,85,76,1391,3504,2.10544,0,11.2648,2.31677,0,1896,47837632241
42.1702,23.7134,74.5995,0,100,85,76,1391,3504,2.10544,0,11.2648,2.31677,0,1896,47861346945
53.2706,18.7721,74.5995,0,100,85,76,1391,3504,2.10544,0,11.2648,2.31677,0,1896,47880134058
33.9634,29.4435,74.5995,0,100,85,76,1391,3504,2.10544,0,11.2648,2.31677,0,1896,47909578672
56.6236,17.6605,74.5995,0,100,85,76,1391,3504,2.10544,0,11.2648,2.31677,0,1896,47927240646
46.6947,21.4157,74.5995,0,100,85,76,1391,3504,2.10544,0,11.2648,2.31677,0,1896,47948657912
32.3243,30.9365,74.5995,0,100,85,76,1391,3504,2.10544,0,11.2648,2.31677,0,1896,47979595519
68.903,14.5131,74.5995,0,100,85,76,1391,3504,2.10544,0,11.2648,2.31677,0,1896,47994110414
44.1561,22.6469,74.5995,0,100,85,76,1391,3504,2.10544,0,11.2648,2.31677,0,1896,48016757916
43.5208,22.9775,74.5995,0,100,85,76,1391,3504,2.10544,0,11.2648,2.31677,0,1896,48039757434
43.8353,22.8127,74.5995,0,100,85,76,1391,3504,2.10544,0,11.2648,2.31677,0,1896,48062550239
36.1547,27.6589,74.5995,0,100,85,76,1391,3504,2.10544,0,11.2648,2.31677,0,1896,48090210547
55.7953,17.9227,74.5995,0,100,85,76,1391,3504,2.10544,0,11.2648,2.31677,0,1896,48108155382
41.9296,23.8495,74.5995,0,100,85,76,1391,3504,2.10544,0,11.2648,2.31677,0,1896,48131985272
42.9714,23.2713,74.5995,0,100,85,76,1391,3504,2.10544,0,11.2648,2.31677,0,1896,48155258341
47.9269,20.8651,74.5995,0,100,85,76,1391,3504,2.10544,0,11.2648,2.31677,0,1896,48176124386
40.5247,24.6763,74.5995,0,100,85,76,1391,3504,2.10544,0,11.2648,2.31677,0,1896,48200823214
44.5795,22.4318,74.5995,0,100,85,76,1391,3504,2.10544,0,11.2648,2.31677,0,1896,48223233711
43.203,23.1466,74.5995,0,100,85,76,1391,3504,2.10544,0,11.2648,2.31677,0,1896,48246388415
50.1403,19.944,81.8627,0,100,85,76,1391,3504,2.10544,0,11.3001,2.31677,0,1756,48266336692
40.0075,24.9953,81.8627,0,100,85,76,1391,3504,2.10544,0,11.3001,2.31677,0,1756,48291346489
53.3988,18.727,81.8627,0,100,85,76,1391,3504,2.10544,0,11.3001,2.31677,0,1756,48310073743
45.9036,21.7848,81.8627,0,100,85,76,1391,3504,2.10544,0,11.3001,2.31677,0,1756,48331868360
34.3456,29.1158,81.8627,0,100,85,76,1391,3504,2.10544,0,11.3001,2.31677,0,1756,48360957564
58.9124,16.9744,81.8627,0,100,85,76,1391,3504,2.10544,0,11.3001,2.31677,0,1756,48377932394
40.9171,24.4396,81.8627,0,100,85,76,1391,3504,2.10544,0,11.3001,2.31677,0,1756,48402372660
39.2512,25.477,81.8627,0,100,85,76,1391,3504,2.10544,0,11.3001,2.31677,0,1756,48427850802
51.4749,19.427,81.8627,0,100,85,76,1391,3504,2.10544,0,11.3001,2.31677,0,1756,48447280429
34.532,28.9586,81.8627,0,100,85,76,1391,3504,2.10544,0,11.3001,2.31677,0,1756,48476239519
63.2001,15.8228,81.8627,0,100,85,76,1391,3504,2.10544,0,11.3001,2.31677,0,1756,48492063651
42.5474,23.5032,81.8627,0,100,85,76,1391,3504,2.10544,0,11.3001,2.31677,0,1756,48515589578
43.4962,22.9905,81.8627,0,100,85,76,1391,3504,2.10544,0,11.3001,2.31677,0,1756,48538580979
45.0062,22.2192,81.8627,0,100,85,76,1391,3504,2.10544,0,11.3001,2.31677,0,1756,48560800976
47.1145,21.2249,81.8627,0,100,85,76,1391,3504,2.10544,0,11.3001,2.31677,0,1756,48582027418
44.8303,22.3063,81.8627,0,100,85,76,1391,3504,2.10544,0,11.3001,2.31677,0,1756,48604356703
42.5675,23.4921,81.8627,0,100,85,76,1391,3504,2.10544,0,11.3001,2.31677,0,1756,48627828409
46.5187,21.4968,81.8627,0,100,85,76,1391,3504,2.10544,0,11.3001,2.31677,0,1756,48649326125
43.0159,23.2472,81.8627,0,100,85,76,1391,3504,2.10544,0,11.3001,2.31677,0,1756,48672575740
41.3648,24.1751,81.8627,0,100,85,76,1391,3504,2.10544,0,11.3001,2.31677,0,1756,48696751172
27.3979,36.4992,81.8627,0,100,85,76,1391,3504,2.10544,0,11.3001,2.31677,0,1756,48733265039
66.2772,15.0881,81.8627,0,100,85,76,1391,3504,2.10544,0,11.3001,2.31677,0,1756,48748345413
52.2795,19.1279,69.4236,0,97,85,75,1386,3504,2.10339,0,11.2842,2.31677,0,1803,48767469610
41.4238,24.1407,69.4236,0,97,85,75,1386,3504,2.10339,0,11.2842,2.31677,0,1803,48791612290
50.6542,19.7417,69.4236,0,97,85,75,1386,3504,2.10339,0,11.2842,2.31677,0,1803,48811376478
44.7925,22.3251,69.4236,0,97,85,75,1386,3504,2.10339,0,11.2842,2.31677,0,1803,48833680574
33.8946,29.5032,69.4236,0,97,85,75,1386,3504,2.10339,0,11.2842,2.31677,0,1803,48863205796
50.8329,19.6723,69.4236,0,97,85,75,1386,3504,2.10339,0,11.2842,2.31677,0,1803,48882880385
44.1869,22.6311,69.4236,0,97,85,75,1386,3504,2.10339,0,11.2842,2.31677,0,1803,48905512829
41.5883,24.0452,69.4236,0,97,85,75,1386,3504,2.10339,0,11.2842,2.31677,0,1803,48929558662
45.757,21.8546,69.4236,0,97,85,75,1386,3504,2.10339,0,11.2842,2.31677,0,1803,48951440271
40.7267,24.5539,69.4236,0,97,85,75,1386,3504,2.10339,0,11.2842,2.31677,0,1803,48975970885
45.1185,22.1638,69.4236,0,97,85,75,1386,3504,2.10339,0,11.2842,2.31677,0,1803,48998281152
40.4042,24.7499,69.4236,0,97,85,75,1386,3504,2.10339,0,11.2842,2.31677,0,1803,49022887330
50.3322,19.868,69.4236,0,97,85,75,1386,3504,2.10339,0,11.2842,2.31677,0,1803,49042776865
44.0612,22.6957,69.4236,0,97,85,75,1386,3504,2.10339,0,11.2842,2.31677,0,1803,49065474648
49.4466,20.2238,69.4236,0,97,85,75,1386,3504,2.10339,0,11.2842,2.31677,0,1803,49085684428
41.3646,24.1752,69.4236,0,97,85,75,1386,3504,2.10339,0,11.2842,2.31677,0,1803,49109854724
45.8849,21.7937,69.4236,0,97,85,75,1386,3504,2.10339,0,11.2842,2.31677,0,1803,49131649413
38.2053,26.1744,69.4236,0,97,85,75,1386,3504,2.10339,0,11.2842,2.31677,0,1803,49157826156
49.9442,20.0224,69.4236,0,97,85,75,1386,3504,2.10339,0,11.2842,2.31677,0,1803,49177850381
41.0936,24.3347,69.4236,0,97,85,75,1386,3504,2.10339,0,11.2842,2.31677,0,1803,49202186977
40.4396,24.7283,69.4236,0,97,85,75,1386,3504,2.10339,0,11.2842,2.31677,0,1803,49226915827
47.6875,20.9699,69.4236,0,97,85,75,1386,3504,2.10339,0,11.2842,2.31677,0,1803,49247886933
44.9779,22.2331,69.4236,0,97,85,75,1386,3504,2.10339,0,11.2842,2.31677,0,1803,49270127289
42.178,23.7091,75.5344,0,99,85,76,1388,3504,2.10229,0,11.2884,2.31677,0,1754,49293831856
44.2595,22.594,75.5344,0,99,85,76,1388,3504,2.10229,0,11.2884,2.31677,0,1754,49316447971
42.9913,23.2605,75.5344,0,99,85,76,1388,3504,2.10229,0,11.2884,2.31677,0,1754,49339689075
41.6181,24.028,75.5344,0,99,85,76,1388,3504,2.10229,0,11.2884,2.31677,0,1754,49363717899
31.4961,31.75,75.5344,0,99,85,76,1388,3504,2.10229,0,11.2884,2.31677,0,1754,49395468897
67.8336,14.742,75.5344,0,99,85,76,1388,3504,2.10229,0,11.2884,2.31677,0,1754,49410212224
47.7025,20.9633,75.5344,0,99,85,76,1388,3504,2.10229,0,11.2884,2.31677,0,1754,49431177212
38.0361,26.2908,75.5344,0,99,85,76,1388,3504,2.10229,0,11.2884,2.31677,0,1754,49457469194
32.163,31.0917,75.5344,0,99,85,76,1388,3504,2.10229,0,11.2884,2.31677,0,1754,49488582701
62.0589,16.1137,75.5344,0,99,85,76,1388,3504,2.10229,0,11.2884,2.31677,0,1754,49504698434
44.5021,22.4708,75.5344,0,99,85,76,1388,3504,2.10229,0,11.2884,2.31677,0,1754,49527148570
44.8484,22.2973,75.5344,0,99,85,76,1388,3504,2.10229,0,11.2884,2.31677,0,1754,49549446586
44.5783,22.4324,75.5344,0,99,85,76,1388,3504,2.10229,0,11.2884,2.31677,0,1754,49571880492
37.3793,26.7528,75.5344,0,99,85,76,1388,3504,2.10229,0,11.2884,2.31677,0,1754,49598656332
49.9228,20.0309,75.5344,0,99,85,76,1388,3504,2.10229,0,11.2884,2.31677,0,1754,49618667753
35.7979,27.9346,75.5344,0,99,85,76,1388,3504,2.10229,0,11.2884,2.31677,0,1754,49646603704
45.7013,21.8812,75.5344,0,99,85,76,1388,3504,2.10229,0,11.2884,2.31677,0,1754,49668485978
50.1951,19.9223,75.5344,0,99,85,76,1388,3504,2.10229,0,11.2884,2.31677,0,1754,49688431402
38.6234,25.891,75.5344,0,99,85,76,1388,3504,2.10229,0,11.2884,2.31677,0,1754,49714302380
45.6157,21.9223,75.5344,0,99,85,76,1388,3504,2.10229,0,11.2884,2.31677,0,1754,49736247590
46.842,21.3484,75.5344,0,99,85,76,1388,3504,2.10229,0,11.2884,2.31677,0,1754,49757596661
38.7359,25.8158,75.5344,0,99,85,76,1388,3504,2.10229,0,11.2884,2.31677,0,1754,49783421536
49.2419,20.3079,77.8313,0,99,85,76,1388,3504,2.10229,0,11.2884,2.31677,0,1732,49803745826
43.7365,22.8642,77.8313,0,99,85,76,1388,3504,2.10229,0,11.2884,2.31677,0,1732,49826588615
37.3213,26.7944,77.8313,0,99,85,76,1388,3504,2.10229,0,11.2884,2.31677,0,1732,49853385103
39.1559,25.5389,77.8313,0,99,85,76,1388,3504,2.10229,0,11.2884,2.31677,0,1732,49878925157
53.765,18.5995,77.8313,0,99,85,76,1388,3504,2.10229,0,11.2884,2.31677,0,1732,49897525778
40.6353,24.6092,77.8313,0,99,85,76,1388,3504,2.10229,0,11.2884,2.31677,0,1732,49922149154
45.744,21.8608,77.8313,0,99,85,76,1388,3504,2.10229,0,11.2884,2.31677,0,1732,49944011227
38.5228,25.9587,77.8313,0,99,85,76,1388,3504,2.10229,0,11.2884,2.31677,0,1732,49969984498
40.1385,24.9137,77.8313,0,99,85,76,1388,3504,2.10229,0,11.2884,2.31677,0,1732,49994916995
52.2977,19.1213,77.8313,0,99,85,76,1388,3504,2.10229,0,11.2884,2.31677,0,1732,50014039024
37.3433,26.7785,77.8313,0,99,85,76,1388,3504,2.10229,0,11.2884,2.31677,0,1732,50040839683
47.1721,21.199,77.8313,0,99,85,76,1388,3504,2.10229,0,11.2884,2.31677,0,1732,50062061331
44.7316,22.3556,77.8313,0,99,85,76,1388,3504,2.10229,0,11.2884,2.31677,0,1732,50084397418
39.9224,25.0486,77.8313,0,99,85,76,1388,3504,2.10229,0,11.2884,2.31677,0,1732,50109446682
47.1085,21.2276,77.8313,0,99,85,76,1388,3504,2.10229,0,11.2884,2.31677,0,1732,50130675519
29.0697,34.4001,77.8313,0,99,85,76,1388,3504,2.10229,0,11.2884,2.31677,0,1732,50165077350
75.3656,13.2687,77.8313,0,99,85,76,1388,3504,2.10229,0,11.2884,2.31677,0,1732,50178368825
37.6585,26.5544,77.8313,0,99,85,76,1388,3504,2.10229,0,11.2884,2.31677,0,1732,50204902426
41.9492,23.8384,77.8313,0,99,85,76,1388,3504,2.10229,0,11.2884,2.31677,0,1732,50228742155
40.8602,24.4737,77.8313,0,99,85,76,1388,3504,2.10229,0,11.2884,2.31677,0,1732,50253217651
58.9075,16.9758,77.8313,0,99,85,76,1388,3504,2.10229,0,11.2884,2.31677,0,1732,50270193909
31.0658,32.1898,77.8313,0,99,85,76,1388,3504,2.10229,0,11.2884,2.31677,0,1732,50302412826
53.1405,18.8181,73.9024,0,100,85,76,1380,3504,2.10229,0,11.2884,2.31677,0,1737,50321204238
32.617,30.6588,73.9024,0,100,85,76,1380,3504,2.10229,0,11.2884,2.31677,0,1737,50351863847
50.579,19.771,73.9024,0,100,85,76,1380,3504,2.10229,0,11.2884,2.31677,0,1737,50371636104
55.9875,17.8611,73.9024,0,100,85,76,1380,3504,2.10229,0,11.2884,2.31677,0,1737,50389499346
41.2497,24.2426,73.9024,0,100,85,76,1380,3504,2.10229,0,11.2884,2.31677,0,1737,50413764440
37.6979,26.5267,73.9024,0,100,85,76,1380,3504,2.10229,0,11.2884,2.31677,0,1737,50440270761
43.0624,23.2221,73.9024,0,100,85,76,1380,3504,2.10229,0,11.2884,2.31677,0,1737,50463515093
45.6213,21.9196,73.9024,0,100,85,76,1380,3504,2.10229,0,11.2884,2.31677,0,1737,50485436238
43.1364,23.1823,73.9024,0,100,85,76,1380,3504,2.10229,0,11.2884,2.31677,0,1737,50508619690
40.5927,24.635,73.9024,0,100,85,76,1380,3504,2.10229,0,11.2884,2.31677,0,1737,50533247884
42.8611,23.3312,73.9024,0,100,85,76,1380,3504,2.10229,0,11.2884,2.31677,0,1737,50556602260
44.3836,22.5308,73.9024,0,100,85,76,1380,3504,2.10229,0,11.2884,2.31677,0,1737,50579134442
35.7551,27.968,73.9024,0,100,85,76,1380,3504,2.10229,0,11.2884,2.31677,0,1737,50607104026
45.6079,21.926,73.9024,0,100,85,76,1380,3504,2.10229,0,11.2884,2.31677,0,1737,50629031558
41.302,24.2119,73.9024,0,100,85,76,1380,3504,2.10229,0,11.2884,2.31677,0,1737,50653264969
43.88,22.7894,73.9024,0,100,85,76,1380,3504,2.10229,0,11.2884,2.31677,0,1737,50676034919
40.7759,24.5243,73.9024,0,100,85,76,1380,3504,2.10229,0,11.2884,2.31677,0,1737,50700560188
40.1084,24.9324,73.9024,0,100,85,76,1380,3504,2.10229,0,11.2884,2.31677,0,1737,50725493011
43.6895,22.8888,73.9024,0,100,85,76,1380,3504,2.10229,0,11.2884,2.31677,0,1737,50748384190
43.6476,22.9108,73.9024,0,100,85,76,1380,3504,2.10229,0,11.2884,2.31677,0,1737,50771295956
39.5328,25.2954,73.9024,0,100,85,76,1380,3504,2.10229,0,11.2884,2.31677,0,1737,50796593464
39.2895,25.4521,73.9024,0,100,85,76,1380,3504,2.10229,0,11.2884,2.31677,0,1737,50822053243
37.4046,26.7347,73.3173,0,100,85,76,1379,3504,2.10215,0,11.2884,2.31677,0,1723,50848804106
58.3218,17.1463,73.3173,0,100,85,76,1379,3504,2.10215,0,11.2884,2.31677,0,1723,50865930653
39.137,25.5512,73.3173,0,100,85,76,1379,3504,2.10215,0,11.2884,2.31677,0,1723,50891504572
37.0983,26.9554,73.3173,0,100,85,76,1379,3504,2.10215,0,11.2884,2.31677,0,1723,50918482311
50.428,19.8303,73.3173,0,100,85,76,1379,3504,2.10215,0,11.2884,2.31677,0,1723,50938292476
41.7745,23.938,73.3173,0,100,85,76,1379,3504,2.10215,0,11.2884,2.31677,0,1723,50962233106
32.1639,31.0908,73.3173,0,100,85,76,1379,3504,2.10215,0,11.2884,2.31677,0,1723,50993325331
59.8798,16.7001,73.3173,0,100,85,76,1379,3504,2.10215,0,11.2884,2.31677,0,1723,51010026701
40.5644,24.6522,73.3173,0,100,85,76,1379,3504,2.10215,0,11.2884,2.31677,0,1723,51034678785
40.6387,24.6071,73.3173,0,100,85,76,1379,3504,2.10215,0,11.2884,2.31677,0,1723,51059309275
27.6001,36.2317,73.3173,0,100,85,76,1379,3504,2.10215,0,11.2884,2.31677,0,1723,51095542183
62.3995,16.0258,73.3173,0,100,85,76,1379,3504,2.10215,0,11.2884,2.31677,0,1723,51111568858
46.5908,21.4635,73.3173,0,100,85,76,1379,3504,2.10215,0,11.2884,2.31677,0,1723,51133033161
36.2975,27.5501,73.3173,0,100,85,76,1379,3504,2.10215,0,11.2884,2.31677,0,1723,51160584796
47.805,20.9183,73.3173,0,100,85,76,1379,3504,2.10215,0,11.2884,2.31677,0,1723,51181525275
31.791,31.4555,73.3173,0,100,85,76,1379,3504,2.10215,0,11.2884,2.31677,0,1723,51212960245
49.9262,20.0296,73.3173,0,100,85,76,1379,3504,2.10215,0,11.2884,2.31677,0,1723,51232991409
46.3609,21.5699,73.3173,0,100,85,76,1379,3504,2.10215,0,11.2884,2.31677,0,1723,51254584248
43.4213,23.0302,73.3173,0,100,85,76,1379,3504,2.10215,0,11.2884,2.31677,0,1723,51277637719
36.2984,27.5495,73.3173,0,100,85,76,1379,3504,2.10215,0,11.2884,2.31677,0,1723,51305187963
43.2092,23.1432,73.3173,0,100,85,76,1379,3504,2.10215,0,11.2884,2.31677,0,1723,51328336599
43.0817,23.2117,86.8812,0,100,85,76,1377,3504,2.10205,0,11.2891,2.31677,0,1726,51351544702
40.1864,24.8841,86.8812,0,100,85,76,1377,3504,2.10205,0,11.2891,2.31677,0,1726,51376451878
46.1248,21.6803,86.8812,0,100,85,76,1377,3504,2.10205,0,11.2891,2.31677,0,1726,51398112659
35.9743,27.7976,86.8812,0,100,85,76,1377,3504,2.10205,0,11.2891,2.31677,0,1726,51425910434
34.2461,29.2004,86.8812,0,100,85,76,1377,3504,2.10205,0,11.2891,2.31677,0,1726,51455134001
59.0664,16.9301,86.8812,0,100,85,76,1377,3504,2.10205,0,11.2891,2.31677,0,1726,51472043654
37.9924,26.321,86.8812,0,100,85,76,1377,3504,2.10205,0,11.2891,2.31677,0,1726,51498365188
47.9282,20.8645,86.8812,0,100,85,76,1377,3504,2.10205,0,11.2891,2.31677,0,1726,51519252156
39.1287,25.5567,86.8812,0,100,85,76,1377,3504,2.10205,0,11.2891,2.31677,0,1726,51544789686
38.9349,25.6839,86.8812,0,100,85,76,1377,3504,2.10205,0,11.2891,2.31677,0,1726,51570474063
40.7346,24.5492,86.8812,0,100,85,76,1377,3504,2.10205,0,11.2891,2.31677,0,1726,51595052045
36.6402,27.2924,86.8812,0,100,85,76,1377,3504,2.10205,0,11.2891,2.31677,0,1726,51622319660
38.892,25.7122,86.8812,0,100,85,76,1377,3504,2.10205,0,11.2891,2.31677,0,1726,51648053742
32.2121,31.0442,86.8812,0,100,85,76,1377,3504,2.10205,0,11.2891,2.31677,0,1726,51679098912
43.0744,23.2156,86.8812,0,100,85,76,1377,3504,2.10205,0,11.2891,2.31677,0,1726,51702316014
51.3598,19.4705,86.8812,0,100,85,76,1377,3504,2.10205,0,11.2891,2.31677,0,1726,51721788498
37.8174,26.4429,86.8812,0,100,85,76,1377,3504,2.10205,0,11.2891,2.31677,0,1726,51748231833
38.3773,26.057,86.8812,0,100,85,76,1377,3504,2.10205,0,11.2891,2.31677,0,1726,51774289843
45.6289,21.9159,86.8812,0,100,85,76,1377,3504,2.10205,0,11.2891,2.31677,0,1726,51796208151
40.5317,24.6721,86.8812,0,100,85,76,1377,3504,2.10205,0,11.2891,2.31677,0,1726,51820880571
39.1507,25.5424,86.8812,0,100,85,76,1377,3504,2.10205,0,11.2891,2.31677,0,1726,51846451537
31.8308,31.4161,72.439,0,100,85,76,1377,3504,2.10205,0,11.2891,2.31677,0,1845,51877842383
64.9758,15.3904,72.439,0,100,85,76,1377,3504,2.10205,0,11.2891,2.31677,0,1845,51893234067
36.8887,27.1086,72.439,0,100,85,76,1377,3504,2.10205,0,11.2891,2.31677,0,1845,51920343610
37.2727,26.8293,72.439,0,100,85,76,1377,3504,2.10205,0,11.2891,2.31677,0,1845,51947173998
48.4181,20.6534,72.439,0,100,85,76,1377,3504,2.10205,0,11.2891,2.31677,0,1845,51967850015
42.8636,23.3298,72.439,0,100,85,76,1377,3504,2.10205,0,11.2891,2.31677,0,1845,51991183093
37.8764,26.4017,72.439,0,100,85,76,1377,3504,2.10205,0,11.2891,2.31677,0,1845,52017562813
39.3011,25.4445,72.439,0,100,85,76,1377,3504,2.10205,0,11.2891,2.31677,0,1845,52043009334
45.6398,21.9107,72.439,0,100,85,76,1377,3504,2.10205,0,11.2891,2.31677,0,1845,52064919799
37.8926,26.3904,72.439,0,100,85,76,1377,3504,2.10205,0,11.2891,2.31677,0,1845,52091311929
35.3444,28.293,72.439,0,100,85,76,1377,3504,2.10205,0,11.2891,2.31677,0,1845,52119605771
48.1914,20.7506,72.439,0,100,85,76,1377,3504,2.10205,0,11.2891,2.31677,0,1845,52140356492
37.1454,26.9213,72.439,0,100,85,76,1377,3504,2.10205,0,11.2891,2.31677,0,1845,52167280196
42.0356,23.7894,72.439,0,100,85,76,1377,3504,2.10205,0,11.2891,2.31677,0,1845,52191091550
38.5801,25.9201,72.439,0,100,85,76,1377,3504,2.10205,0,11.2891,2.31677,0,1845,52217012321
43.4777,23.0003,72.439,0,100,85,76,1377,3504,2.10205,0,11.2891,2.31677,0,1845,52240013847
37.307,26.8046,72.439,0,100,85,76,1377,3504,2.10205,0,11.2891,2.31677,0,1845,52266820843
43.9008,22.7786,72.439,0,100,85,76,1377,3504,2.10205,0,11.2891,2.31677,0,1845,52289600303
34.1778,29.2587,72.439,0,100,85,76,1377,3504,2.10205,0,11.2891,2.31677,0,1845,52318881114
48.2536,20.7239,72.439,0,100,85,76,1377,3504,2.10205,0,11.2891,2.31677,0,1845,52339606769
39.4242,25.3651,72.439,0,100,85,76,1377,3504,2.10205,0,11.2891,2.31677,0,1845,52364978011
39.1342,25.5531,72.5301,0,100,84,76,1371,3504,2.10205,0,11.2818,2.31677,0,1796,52390526260
40.4407,24.7276,72.5301,0,100,84,76,1371,3504,2.10205,0,11.2818,2.31677,0,1796,52415255423
44.8827,22.2803,72.5301,0,100,84,76,1371,3504,2.10205,0,11.2818,2.31677,0,1796,52437557891
38.0538,26.2786,72.5301,0,100,84,76,1371,3504,2.10205,0,11.2818,2.31677,0,1796,52463817850
40.5951,24.6335,72.5301,0,100,84,76,1371,3504,2.10205,0,11.2818,2.31677,0,1796,52488451688
36.9155,27.0889,72.5301,0,100,84,76,1371,3504,2.10205,0,11.2818,2.31677,0,1796,52515563574
41.936,23.8458,72.5301,0,100,84,76,1371,3504,2.10205,0,11.2818,2.31677,0,1796,52539389186
36.9826,27.0397,72.5301,0,100,84,76,1371,3504,2.10205,0,11.2818,2.31677,0,1796,52566451919
42.4803,23.5403,72.5301,0,100,84,76,1371,3504,2.10205,0,11.2818,2.31677,0,1796,52589984649
44.0072,22.7236,72.5301,0,100,84,76,1371,3504,2.10205,0,11.2818,2.31677,0,1796,52612710377
35.6322,28.0645,72.5301,0,100,84,76,1371,3504,2.10205,0,11.2818,2.31677,0,1796,52640775369
37.5436,26.6357,72.5301,0,100,84,76,1371,3504,2.10205,0,11.2818,2.31677,0,1796,52667412055
47.2914,21.1455,72.5301,0,100,84,76,1371,3504,2.10205,0,11.2818,2.31677,0,1796,52688559710
31.4307,31.816,72.5301,0,100,84,76,1371,3504,2.10205,0,11.2818,2.31677,0,1796,52720376949
53.7098,18.6186,72.5301,0,100,84,76,1371,3504,2.10205,0,11.2818,2.31677,0,1796,52738996630
36.8045,27.1706,72.5301,0,100,84,76,1371,3504,2.10205,0,11.2818,2.31677,0,1796,52766189125
42.1561,23.7213,72.5301,0,100,84,76,1371,3504,2.10205,0,11.2818,2.31677,0,1796,52789911202
35.6032,28.0874,72.5301,0,100,84,76,1371,3504,2.10205,0,11.2818,2.31677,0,1796,52818021500
45.886,21.7931,72.5301,0,100,84,76,1371,3504,2.10205,0,11.2818,2.31677,0,1796,52839815003
38.7741,25.7904,72.5301,0,100,84,76,1371,3504,2.10205,0,11.2818,2.31677,0,1796,52865634846
41.7767,23.9368,75.1269,0,100,84,76,1374,3504,2.10185,0,11.2818,2.31677,0,1724,52889565023
35.1193,28.4743,75.1269,0,100,84,76,1374,3504,2.10185,0,11.2818,2.31677,0,1724,52918041420
39.5792,25.2658,75.1269,0,100,84,76,1374,3504,2.10185,0,11.2818,2.31677,0,1724,52943325340
50.9105,19.6423,75.1269,0,100,84,76,1374,3504,2.10185,0,11.2818,2.31677,0,1724,52962952033
33.8945,29.5033,75.1269,0,100,84,76,1374,3504,2.10185,0,11.2818,2.31677,0,1724,52992478742
39.2154,25.5002,75.1269,0,100,84,76,1374,3504,2.10185,0,11.2818,2.31677,0,1724,53017979858
40.8943,24.4533,75.1269,0,100,84,76,1374,3504,2.10185,0,11.2818,2.31677,0,1724,53042434276
39.6933,25.1932,75.1269,0,100,84,76,1374,3504,2.10185,0,11.2818,2.31677,0,1724,53067646567
44.6104,22.4163,75.1269,0,100,84,76,1374,3504,2.10185,0,11.2818,2.31677,0,1724,53090085897
32.2266,31.0303,75.1269,0,100,84,76,1374,3504,2.10185,0,11.2818,2.31677,0,1724,53121116923
51.3723,19.4657,75.1269,0,100,84,76,1374,3504,2.10185,0,11.2818,2.31677,0,1724,53140583785
39.4353,25.358,75.1269,0,100,84,76,1374,3504,2.10185,0,11.2818,2.31677,0,1724,53165942154
43.6688,22.8996,75.1269,0,100,84,76,1374,3504,2.10185,0,11.2818,2.31677,0,1724,53188844519
37.9137,26.3757,75.1269,0,100,84,76,1374,3504,2.10185,0,11.2818,2.31677,0,1724,53215221930
35.7674,27.9585,75.1269,0,100,84,76,1374,3504,2.10185,0,11.2818,2.31677,0,1724,53243180140
44.5193,22.4622,75.1269,0,100,84,76,1374,3504,2.10185,0,11.2818,2.31677,0,1724,53265644879
36.7898,27.1814,75.1269,0,100,84,76,1374,3504,2.10185,0,11.2818,2.31677,0,1724,53292826698
47.3354,21.1258,75.1269,0,100,84,76,1374,3504,2.10185,0,11.2818,2.31677,0,1724,53313953759
34.8215,28.7179,75.1269,0,100,84,76,1374,3504,2.10185,0,11.2818,2.31677,0,1724,53342673191
41.8291,23.9068,75.1269,0,100,84,76,1374,3504,2.10185,0,11.2818,2.31677,0,1724,53366648671
36.1501,27.6624,72.5926,0,100,84,76,1374,3504,2.10185,0,11.2819,2.31677,0,1787,53394269505
44.014,22.72,72.5926,0,100,84,76,1374,3504,2.10185,0,11.2819,2.31677,0,1787,53416992424
38.1995,26.1784,72.5926,0,100,84,76,1374,3504,2.10185,0,11.2819,2.31677,0,1787,53443170069
36.3236,27.5303,72.5926,0,100,84,76,1374,3504,2.10185,0,11.2819,2.31677,0,1787,53470701667
39.2495,25.478,72.5926,0,100,84,76,1374,3504,2.10185,0,11.2819,2.31677,0,1787,53496180245
38.401,26.041,72.5926,0,100,84,76,1374,3504,2.10185,0,11.2819,2.31677,0,1787,53522235418
51.264,19.5069,72.5926,0,100,84,76,1374,3504,2.10185,0,11.2819,2.31677,0,1787,53541731730
34.618,28.8867,72.5926,0,100,84,76,1374,3504,2.10185,0,11.2819,2.31677,0,1787,53570632460
35.8767,27.8733,72.5926,0,100,84,76,1374,3504,2.10185,0,11.2819,2.31677,0,1787,53598493627
52.2456,19.1404,72.5926,0,100,84,76,1374,3504,2.10185,0,11.2819,2.31677,0,1787,53617635126
41.778,23.936,72.5926,0,100,84,76,1374,3504,2.10185,0,11.2819,2.31677,0,1787,53641573104
26.5611,37.649,72.5926,0,100,84,76,1374,3504,2.10185,0,11.2819,2.31677,0,1787,53679222643
65.3749,15.2964,72.5926,0,100,84,76,1374,3504,2.10185,0,11.2819,2.31677,0,1787,53694519943
37.5285,26.6464,72.5926,0,100,84,76,1374,3504,2.10185,0,11.2819,2.31677,0,1787,53721188855
38.3525,26.0739,72.5926,0,100,84,76,1374,3504,2.10185,0,11.2819,2.31677,0,1787,53747242797
42.9149,23.3019,72.5926,0,100,84,76,1374,3504,2.10185,0,11.2819,2.31677,0,1787,53770546223
39.0653,25.5982,72.5926,0,100,84,76,1374,3504,2.10185,0,11.2819,2.31677,0,1787,53796166538
37.0204,27.0121,72.5926,0,100,84,76,1374,3504,2.10185,0,11.2819,2.31677,0,1787,53823158621
38.3494,26.0761,72.5926,0,100,84,76,1374,3504,2.10185,0,11.2819,2.31677,0,1787,53849236116
32.0549,31.1964,72.5926,0,100,84,76,1374,3504,2.10185,0,11.2819,2.31677,0,1787,53880438223
54.305,18.4145,83.4928,0,100,84,75,1373,3504,2.10138,0,11.2858,2.31677,0,1744,53898849098
43.0433,23.2324,83.4928,0,100,84,75,1373,3504,2.10138,0,11.2858,2.31677,0,1744,53922083321
36.9901,27.0342,83.4928,0,100,84,75,1373,3504,2.10138,0,11.2858,2.31677,0,1744,53949140317
39.2774,25.4599,83.4928,0,100,84,75,1373,3504,2.10138,0,11.2858,2.31677,0,1744,53974596761
34.0655,29.3552,83.4928,0,100,84,75,1373,3504,2.10138,0,11.2858,2.31677,0,1744,54003938313
43.6642,22.902,83.4928,0,100,84,75,1373,3504,2.10138,0,11.2858,2.31677,0,1744,54026840806
42.0745,23.7674,83.4928,0,100,84,75,1373,3504,2.10138,0,11.2858,2.31677,0,1744,54050609268
35.4364,28.2196,83.4928,0,100,84,75,1373,3504,2.10138,0,11.2858,2.31677,0,1744,54078831402
32.9033,30.3921,83.4928,0,100,84,75,1373,3504,2.10138,0,11.2858,2.31677,0,1744,54109245057
44.6331,22.4049,83.4928,0,100,84,75,1373,3504,2.10138,0,11.2858,2.31677,0,1744,54131651601
44.1826,22.6333,83.4928,0,100,84,75,1373,3504,2.10138,0,11.2858,2.31677,0,1744,54154264894
43.3952,23.044,83.4928,0,100,84,75,1373,3504,2.10138,0,11.2858,2.31677,0,1744,54177310560
33.6714,29.6988,83.4928,0,100,84,75,1373,3504,2.10138,0,11.2858,2.31677,0,1744,54207010024
46.1995,21.6453,83.4928,0,100,84,75,1373,3504,2.10138,0,11.2858,2.31677,0,1744,54228658079
41.6481,24.0107,83.4928,0,100,84,75,1373,3504,2.10138,0,11.2858,2.31677,0,1744,54252690955
38.4234,26.0258,83.4928,0,100,84,75,1373,3504,2.10138,0,11.2858,2.31677,0,1744,54278719014
33.7884,29.596,83.4928,0,100,84,75,1373,3504,2.10138,0,11.2858,2.31677,0,1744,54308315984
47.5384,21.0356,83.4928,0,100,84,75,1373,3504,2.10138,0,11.2858,2.31677,0,1744,54329331519
34.2724,29.178,83.4928,0,100,84,75,1373,3504,2.10138,0,11.2858,2.31677,0,1744,54358511462
38.7592,25.8003,83.4928,0,100,84,75,1373,3504,2.10138,0,11.2858,2.31677,0,1744,54384321411
46.3912,21.5558,86.2843,0,100,84,75,1375,3504,2.10115,0,11.2881,2.31677,0,1743,54405891544
34.2808,29.1708,86.2843,0,100,84,75,1375,3504,2.10115,0,11.2881,2.31677,0,1743,54435043158
43.0025,23.2544,86.2843,0,100,84,75,1375,3504,2.10115,0,11.2881,2.31677,0,1743,54458297137
31.1983,32.053,86.2843,0,100,84,75,1375,3504,2.10115,0,11.2881,2.31677,0,1743,54490352514
55.016,18.1765,86.2843,0,100,84,75,1375,3504,2.10115,0,11.2881,2.31677,0,1743,54508551446
41.5853,24.047,86.2843,0,100,84,75,1375,3504,2.10115,0,11.2881,2.31677,0,1743,54532578306
35.7301,27.9876,86.2843,0,100,84,75,1375,3504,2.10115,0,11.2881,2.31677,0,1743,54560587961
41.8774,23.8792,86.2843,0,100,84,75,1375,3504,2.10115,0,11.2881,2.31677,0,1743,54584448164
38.953,25.6719,86.2843,0,100,84,75,1375,3504,2.10115,0,11.2881,2.31677,0,1743,54610142800
38.3728,26.0601,86.2843,0,100,84,75,1375,3504,2.10115,0,11.2881,2.31677,0,1743,54636203725
43.3659,23.0596,86.2843,0,100,84,75,1375,3504,2.10115,0,11.2881,2.31677,0,1743,54659244071
36.7167,27.2356,86.2843,0,100,84,75,1375,3504,2.10115,0,11.2881,2.31677,0,1743,54686481139
38.9652,25.6639,86.2843,0,100,84,75,1375,3504,2.10115,0,11.2881,2.31677,0,1743,54712145989
38.4033,26.0394,86.2843,0,100,84,75,1375,3504,2.10115,0,11.2881,2.31677,0,1743,54738186894
47.4235,21.0866,86.2843,0,100,84,75,1375,3504,2.10115,0,11.2881,2.31677,0,1743,54759275133
34.6544,28.8563,86.2843,0,100,84,75,1375,3504,2.10115,0,11.2881,2.31677,0,1743,54788131308
38.6962,25.8424,86.2843,0,100,84,75,1375,3504,2.10115,0,11.2881,2.31677,0,1743,54813995493
37.5406,26.6378,86.2843,0,100,84,75,1375,3504,2.10115,0,11.2881,2.31677,0,1743,54840613931
40.3859,24.7611,86.2843,0,100,84,75,1375,3504,2.10115,0,11.2881,2.31677,0,1743,54865397325
40.4163,24.7425,86.2843,0,100,84,75,1375,3504,2.10115,0,11.2881,2.31677,0,1743,54890126751
34.2139,29.2279,76.75,0,100,84,75,1379,3504,2.10082,0,11.2806,2.31677,0,1850,54919349880
46.3268,21.5858,76.75,0,100,84,75,1379,3504,2.10082,0,11.2806,2.31677,0,1850,54940936845
38.1924,26.1832,76.75,0,100,84,75,1379,3504,2.10082,0,11.2806,2.31677,0,1850,54967122909
40.2115,24.8685,76.75,0,100,84,75,1379,3504,2.10082,0,11.2806,2.31677,0,1850,54991992391
37.5449,26.6348,76.75,0,100,84,75,1379,3504,2.10082,0,11.2806,2.31677,0,1850,55018641000
40.6416,24.6053,76.75,0,100,84,75,1379,3504,2.10082,0,11.2806,2.31677,0,1850,55043235845
39.8139,25.1168,76.75,0,100,84,75,1379,3504,2.10082,0,11.2806,2.31677,0,1850,55068375606
36.3542,27.5071,76.75,0,100,84,75,1379,3504,2.10082,0,11.2806,2.31677,0,1850,55095862382
40.823,24.496,76.75,0,100,84,75,1379,3504,2.10082,0,11.2806,2.31677,0,1850,55120358752
38.1445,26.2161,76.75,0,100,84,75,1379,3504,2.10082,0,11.2806,2.31677,0,1850,55146576163
39.5856,25.2617,76.75,0,100,84,75,1379,3504,2.10082,0,11.2806,2.31677,0,1850,55171861173
40.59,24.6366,76.75,0,100,84,75,1379,3504,2.10082,0,11.2806,2.31677,0,1850,55196477337
37.4599,26.6952,76.75,0,100,84,75,1379,3504,2.10082,0,11.2806,2.31677,0,1850,55223194543
38.7241,25.8237,76.75,0,100,84,75,1379,3504,2.10082,0,11.2806,2.31677,0,1850,55248998928
34.9054,28.6489,76.75,0,100,84,75,1379,3504,2.10082,0,11.2806,2.31677,0,1850,55277648818
43.0412,23.2335,76.75,0,100,84,75,1379,3504,2.10082,0,11.2806,2.31677,0,1850,55300884200
43.8939,22.7822,76.75,0,100,84,75,1379,3504,2.10082,0,11.2806,2.31677,0,1850,55323689409
36.3344,27.5221,76.75,0,100,84,75,1379,3504,2.10082,0,11.2806,2.31677,0,1850,55351212072
43.3711,23.0568,76.75,0,100,84,75,1379,3504,2.10082,0,11.2806,2.31677,0,1850,55374271642
31.8727,31.3749,76.75,0,100,84,75,1379,3504,2.10082,0,11.2806,2.31677,0,1850,55405651930
50.9864,19.6131,75.3056,0,100,84,75,1379,3504,2.10082,0,11.2734,2.31677,0,1740,55425261446
20.4539,48.8905,75.3056,0,100,84,75,1379,3504,2.10082,0,11.2734,2.31677,0,1740,55474152667
79.5952,12.5636,75.3056,0,100,84,75,1379,3504,2.10082,0,11.2734,2.31677,0,1740,55486717818
27.6045,36.226,75.3056,0,100,84,75,1379,3504,2.10082,0,11.2734,2.31677,0,1740,55522944760
57.5916,17.3637,75.3056,0,100,84,75,1379,3504,2.10082,0,11.2734,2.31677,0,1740,55540309571
35.343,28.2942,75.3056,0,100,84,75,1379,3504,2.10082,0,11.2734,2.31677,0,1740,55568631636
39.6861,25.1977,75.3056,0,100,84,75,1379,3504,2.10082,0,11.2734,2.31677,0,1740,55593831711
37.8506,26.4197,75.3056,0,100,84,75,1379,3504,2.10082,0,11.2734,2.31677,0,1740,55620253007
45.9139,21.7799,75.3056,0,100,84,75,1379,3504,2.10082,0,11.2734,2.31677,0,1740,55642033821
40.3486,24.784,75.3056,0,100,84,75,1379,3504,2.10082,0,11.2734,2.31677,0,1740,55666819144
39.0708,25.5945,75.3056,0,100,84,75,1379,3504,2.10082,0,11.2734,2.31677,0,1740,55692415433
33.3957,29.944,75.3056,0,100,84,75,1379,3504,2.10082,0,11.2734,2.31677,0,1740,55722360926
37.1537,26.9152,75.3056,0,100,84,75,1379,3504,2.10082,0,11.2734,2.31677,0,1740,55749277040
32.4701,30.7976,75.3056,0,100,84,75,1379,3504,2.10082,0,11.2734,2.31677,0,1740,55780134703
46.583,21.4671,75.3056,0,100,84,75,1379,3504,2.10082,0,11.2734,2.31677,0,1740,55801569015
46.11,21.6873,75.3056,0,100,84,75,1379,3504,2.10082,0,11.2734,2.31677,0,1740,55823277960
32.4532,30.8136,75.3056,0,100,84,75,1379,3504,2.10082,0,11.2734,2.31677,0,1740,55854084260
44.2829,22.5821,75.3056,0,100,84,75,1379,3504,2.10082,0,11.2734,2.31677,0,1740,55876653694
31.4921,31.754,75.3056,0,100,84,75,1379,3504,2.10082,0,11.2734,2.31677,0,1740,55908436897
48.4978,20.6195,79.7436,0,100,84,75,1379,3504,2.10071,0,11.2756,2.31677,0,1750,55929030727
43.4927,22.9924,79.7436,0,100,84,75,1379,3504,2.10071,0,11.2756,2.31677,0,1750,55952024679
38.3387,26.0833,79.7436,0,100,84,75,1379,3504,2.10071,0,11.2756,2.31677,0,1750,55978108689
35.7722,27.9547,79.7436,0,100,84,75,1379,3504,2.10071,0,11.2756,2.31677,0,1750,56006065677
44.4066,22.5192,79.7436,0,100,84,75,1379,3504,2.10071,0,11.2756,2.31677,0,1750,56028586728
40.5821,24.6414,79.7436,0,100,84,75,1379,3504,2.10071,0,11.2756,2.31677,0,1750,56053228412
28.8203,34.6977,79.7436,0,100,84,75,1379,3504,2.10071,0,11.2756,2.31677,0,1750,56087947889
50.8086,19.6817,79.7436,0,100,84,75,1379,3504,2.10071,0,11.2756,2.31677,0,1750,56107610308
48.3216,20.6947,79.7436,0,100,84,75,1379,3504,2.10071,0,11.2756,2.31677,0,1750,56128306740
33.1238,30.1897,79.7436,0,100,84,75,1379,3504,2.10071,0,11.2756,2.31677,0,1750,56158496123
34.1433,29.2883,79.7436,0,100,84,75,1379,3504,2.10071,0,11.2756,2.31677,0,1750,56187787595
52.0098,19.2271,79.7436,0,100,84,75,1379,3504,2.10071,0,11.2756,2.31677,0,1750,56207014608
39.8156,25.1158,79.7436,0,100,84,75,1379,3504,2.10071,0,11.2756,2.31677,0,1750,56232153990
22.7543,43.9478,79.7436,0,100,84,75,1379,3504,2.10071,0,11.2756,2.31677,0,1750,56276082217
60.666,16.4837,79.7436,0,100,84,75,1379,3504,2.10071,0,11.2756,2.31677,0,1750,56292587713
28.9056,34.5953,79.7436,0,100,84,75,1379,3504,2.10071,0,11.2756,2.31677,0,1750,56327185231
28.5395,35.0391,79.7436,0,100,84,75,1379,3504,2.10071,0,11.2756,2.31677,0,1750,56362226084
36.4132,27.4626,79.7436,0,100,84,75,1379,3504,2.10071,0,11.2756,2.31677,0,1750,56389688576
48.2635,20.7196,79.7436,0,100,84,75,1379,3504,2.10071,0,11.2756,2.31677,0,1750,56410413394
43.0673,23.2195,80.1489,0,99,84,75,1378,3504,2.10071,0,11.2754,2.31677,0,1755,56433653804
42.5023,23.5281,80.1489,0,99,84,75,1378,3504,2.10071,0,11.2754,2.31677,0,1755,56457181349
35.7149,27.9995,80.1489,0,99,84,75,1378,3504,2.10071,0,11.2754,2.31677,0,1755,56485160830
38.4931,25.9787,80.1489,0,99,84,75,1378,3504,2.10071,0,11.2754,2.31677,0,1755,56511140343
41.5985,24.0393,80.1489,0,99,84,75,1378,3504,2.10071,0,11.2754,2.31677,0,1755,56535181857
47.7915,20.9242,80.1489,0,99,84,75,1378,3504,2.10071,0,11.2754,2.31677,0,1755,56556106730
34.2351,29.2098,80.1489,0,99,84,75,1378,3504,2.10071,0,11.2754,2.31677,0,1755,56585338989
38.1914,26.1839,80.1489,0,99,84,75,1378,3504,2.10071,0,11.2754,2.31677,0,1755,56611524364
36.091,27.7077,80.1489,0,99,84,75,1378,3504,2.10071,0,11.2754,2.31677,0,1755,56639254552
40.9594,24.4144,80.1489,0,99,84,75,1378,3504,2.10071,0,11.2754,2.31677,0,1755,56663668987
32.5811,30.6927,80.1489,0,99,84,75,1378,3504,2.10071,0,11.2754,2.31677,0,1755,56694384739
52.4787,19.0553,80.1489,0,99,84,75,1378,3504,2.10071,0,11.2754,2.31677,0,1755,56713420080
32.9022,30.3931,80.1489,0,99,84,75,1378,3504,2.10071,0,11.2754,2.31677,0,1755,56743814343
36.1042,27.6976,80.1489,0,99,84,75,1378,3504,2.10071,0,11.2754,2.31677,0,1755,56771513013
51.6901,19.3461,80.1489,0,99,84,75,1378,3504,2.10071,0,11.2754,2.31677,0,1755,56790860429
34.2478,29.199,80.1489,0,99,84,75,1378,3504,2.10071,0,11.2754,2.31677,0,1755,56820059691
40.526,24.6755,80.1489,0,99,84,75,1378,3504,2.10071,0,11.2754,2.31677,0,1755,56844737338
42.786,23.3721,80.1489,0,99,84,75,1378,3504,2.10071,0,11.2754,2.31677,0,1755,56868110536
36.2043,27.621,80.1489,0,99,84,75,1378,3504,2.10071,0,11.2754,2.31677,0,1755,56895734323
36.8122,27.1649,80.1489,0,99,84,75,1378,3504,2.10071,0,11.2754,2.31677,0,1755,56922904122
37.4504,26.702,80.25,0,99,84,75,1378,3504,2.10071,0,11.2787,2.31677,0,1748,56949603013
44.3023,22.5722,80.25,0,99,84,75,1378,3504,2.10071,0,11.2787,2.31677,0,1748,56972176005
36.5264,27.3775,80.25,0,99,84,75,1378,3504,2.10071,0,11.2787,2.31677,0,1748,56999555680
45.0324,22.2063,80.25,0,99,84,75,1378,3504,2.10071,0,11.2787,2.31677,0,1748,57021761816
36.792,27.1798,80.25,0,99,84,75,1378,3504,2.10071,0,11.2787,2.31677,0,1748,57048956225
31.4142,31.8327,80.25,0,99,84,75,1378,3504,2.10071,0,11.2787,2.31677,0,1748,57080777307
50.9842,19.6139,80.25,0,99,84,75,1378,3504,2.10071,0,11.2787,2.31677,0,1748,57100391110
39.4624,25.3406,80.25,0,99,84,75,1378,3504,2.10071,0,11.2787,2.31677,0,1748,57125734018
37.4911,26.673,80.25,0,99,84,75,1378,3504,2.10071,0,11.2787,2.31677,0,1748,57152408533
41.4954,24.099,80.25,0,99,84,75,1378,3504,2.10071,0,11.2787,2.31677,0,1748,57176508545
36.2062,27.6196,80.25,0,99,84,75,1378,3504,2.10071,0,11.2787,2.31677,0,1748,57204149989
34.8928,28.6592,80.25,0,99,84,75,1378,3504,2.10071,0,11.2787,2.31677,0,1748,57232789030
41.5231,24.083,80.25,0,99,84,75,1378,3504,2.10071,0,11.2787,2.31677,0,1748,57256873673
36.6206,27.3071,80.25,0,99,84,75,1378,3504,2.10071,0,11.2787,2.31677,0,1748,57284182201
36.6746,27.2668,80.25,0,99,84,75,1378,3504,2.10071,0,11.2787,2.31677,0,1748,57311450972
39.3942,25.3845,80.25,0,99,84,75,1378,3504,2.10071,0,11.2787,2.31677,0,1748,57336857711
45.095,22.1754,80.25,0,99,84,75,1378,3504,2.10071,0,11.2787,2.31677,0,1748,57359013495
40.8679,24.4691,80.25,0,99,84,75,1378,3504,2.10071,0,11.2787,2.31677,0,1748,57383484565
36.8081,27.168,80.25,0,99,84,75,1378,3504,2.10071,0,11.2787,2.31677,0,1748,57410653379
35.2079,28.4027,80.25,0,99,84,75,1378,3504,2.10071,0,11.2787,2.31677,0,1748,57439084268
42.237,23.6759,75.3086,0,97,84,75,1381,3504,2.10071,0,11.2794,2.31677,0,1737,57462734350
51.1806,19.5386,75.3086,0,97,84,75,1381,3504,2.10071,0,11.2794,2.31677,0,1737,57482273987
29.3632,34.0562,75.3086,0,97,84,75,1381,3504,2.10071,0,11.2794,2.31677,0,1737,57516330891
42.0467,23.7831,75.3086,0,97,84,75,1381,3504,2.10071,0,11.2794,2.31677,0,1737,57540115614
41.2446,24.2456,75.3086,0,97,84,75,1381,3504,2.10071,0,11.2794,2.31677,0,1737,57564380870
44.4202,22.5123,75.3086,0,97,84,75,1381,3504,2.10071,0,11.2794,2.31677,0,1737,57586894786
43.1811,23.1583,75.3086,0,97,84,75,1381,3504,2.10071,0,11.2794,2.31677,0,1737,57610055600
33.6548,29.7135,75.3086,0,97,84,75,1381,3504,2.10071,0,11.2794,2.31677,0,1737,57639783000
45.1936,22.127,75.3086,0,97,84,75,1381,3504,2.10071,0,11.2794,2.31677,0,1737,57661911898
34.8182,28.7206,75.3086,0,97,84,75,1381,3504,2.10071,0,11.2794,2.31677,0,1737,57690641433
36.1836,27.6368,75.3086,0,97,84,75,1381,3504,2.10071,0,11.2794,2.31677,0,1737,57718279539
48.0746,20.801,75.3086,0,97,84,75,1381,3504,2.10071,0,11.2794,2.31677,0,1737,57739081938
37.2018,26.8804,75.3086,0,97,84,75,1381,3504,2.10071,0,11.2794,2.31677,0,1737,57765962743
36.0288,27.7556,75.3086,0,97,84,75,1381,3504,2.10071,0,11.2794,2.31677,0,1737,57793749932
33.1202,30.1931,75.3086,0,97,84,75,1381,3504,2.10071,0,11.2794,2.31677,0,1737,57823914667
40.6653,24.591,75.3086,0,97,84,75,1381,3504,2.10071,0,11.2794,2.31677,0,1737,57848507166
55.7357,17.9418,75.3086,0,97,84,75,1381,3504,2.10071,0,11.2794,2.31677,0,1737,57866451155
41.7037,23.9787,75.3086,0,97,84,75,1381,3504,2.10071,0,11.2794,2.31677,0,1737,57890432252
32.7086,30.573,75.3086,0,97,84,75,1381,3504,2.10071,0,11.2794,2.31677,0,1737,57921005949
46.6996,21.4135,75.3086,0,97,84,75,1381,3504,2.10071,0,11.2794,2.31677,0,1737,57942423004
36.9676,27.0507,74.75,0,100,84,75,1379,3504,2.10071,0,11.3001,2.31677,0,1731,57969471134
35.6741,28.0316,74.75,0,100,84,75,1379,3504,2.10071,0,11.3001,2.31677,0,1731,57997503164
36.7434,27.2158,74.75,0,100,84,75,1379,3504,2.10071,0,11.3001,2.31677,0,1731,58024742403
43.2879,23.1011,74.75,0,100,84,75,1379,3504,2.10071,0,11.3001,2.31677,0,1731,58047824129
42.8904,23.3152,74.75,0,100,84,75,1379,3504,2.10071,0,11.3001,2.31677,0,1731,58071160696
32.2917,30.9677,74.75,0,100,84,75,1379,3504,2.10071,0,11.3001,2.31677,0,1731,58102129779
44.5293,22.4571,74.75,0,100,84,75,1379,3504,2.10071,0,11.3001,2.31677,0,1731,58124578738
41.8669,23.8852,74.75,0,100,84,75,1379,3504,2.10071,0,11.3001,2.31677,0,1731,58148452780
36.9721,27.0474,74.75,0,100,84,75,1379,3504,2.10071,0,11.3001,2.31677,0,1731,58175500563
40.1113,24.9306,74.75,0,100,84,75,1379,3504,2.10071,0,11.3001,2.31677,0,1731,58200433073
42.5401,23.5072,74.75,0,100,84,75,1379,3504,2.10071,0,11.3001,2.31677,0,1731,58223941407
33.6299,29.7355,74.75,0,100,84,75,1379,3504,2.10071,0,11.3001,2.31677,0,1731,58253677384
42.7956,23.3669,74.75,0,100,84,75,1379,3504,2.10071,0,11.3001,2.31677,0,1731,58277047137
37.9701,26.3365,74.75,0,100,84,75,1379,3504,2.10071,0,11.3001,2.31677,0,1731,58303385065
38.3449,26.0791,74.75,0,100,84,75,1379,3504,2.10071,0,11.3001,2.31677,0,1731,58329464199
46.7531,21.389,74.75,0,100,84,75,1379,3504,2.10071,0,11.3001,2.31677,0,1731,58350853738
31.9047,31.3434,74.75,0,100,84,75,1379,3504,2.10071,0,11.3001,2.31677,0,1731,58382221348
44.4329,22.5058,74.75,0,100,84,75,1379,3504,2.10071,0,11.3001,2.31677,0,1731,58404705182
38.9525,25.6723,74.75,0,100,84,75,1379,3504,2.10071,0,11.3001,2.31677,0,1731,58430378973
42.5888,23.4804,74.75,0,100,84,75,1379,3504,2.10071,0,11.3001,2.31677,0,1731,58453886261
33.5275,29.8262,78.0723,0,100,84,75,1379,3504,2.10069,0,11.3008,2.31677,0,1798,58483687478
47.7401,20.9467,78.0723,0,100,84,75,1379,3504,2.10069,0,11.3008,2.31677,0,1798,58504636700
35.3868,28.2591,78.0723,0,100,84,75,1379,3504,2.10069,0,11.3008,2.31677,0,1798,58532896012
40.5774,24.6442,78.0723,0,100,84,75,1379,3504,2.10069,0,11.3008,2.31677,0,1798,58557562544
34.4334,29.0415,78.0723,0,100,84,75,1379,3504,2.10069,0,11.3008,2.31677,0,1798,58586583300
41.2843,24.2223,78.0723,0,100,84,75,1379,3504,2.10069,0,11.3008,2.31677,0,1798,58610807322
45.646,21.9077,78.0723,0,100,84,75,1379,3504,2.10069,0,11.3008,2.31677,0,1798,58632737020
37.2596,26.8387,78.0723,0,100,84,75,1379,3504,2.10069,0,11.3008,2.31677,0,1798,58659556067
38.025,26.2985,78.0723,0,100,84,75,1379,3504,2.10069,0,11.3008,2.31677,0,1798,58685877258
35.3559,28.2838,78.0723,0,100,84,75,1379,3504,2.10069,0,11.3008,2.31677,0,1798,58714141465
49.7016,20.1201,78.0723,0,100,84,75,1379,3504,2.10069,0,11.3008,2.31677,0,1798,58734275580
32.7546,30.53,78.0723,0,100,84,75,1379,3504,2.10069,0,11.3008,2.31677,0,1798,58764793107
45.6559,21.903,78.0723,0,100,84,75,1379,3504,2.10069,0,11.3008,2.31677,0,1798,58786698269
40.4849,24.7006,78.0723,0,100,84,75,1379,3504,2.10069,0,11.3008,2.31677,0,1798,58811400582
38.5454,25.9434,78.0723,0,100,84,75,1379,3504,2.10069,0,11.3008,2.31677,0,1798,58837345330
34.9744,28.5923,78.0723,0,100,84,75,1379,3504,2.10069,0,11.3008,2.31677,0,1798,58865938340
35.7882,27.9421,78.0723,0,100,84,75,1379,3504,2.10069,0,11.3008,2.31677,0,1798,58893881488
46.324,21.5871,78.0723,0,100,84,75,1379,3504,2.10069,0,11.3008,2.31677,0,1798,58915490488
31.4217,31.8251,78.0723,0,100,84,75,1379,3504,2.10069,0,11.3008,2.31677,0,1798,58947316693
56.8044,17.6043,78.0723,0,100,84,75,1379,3504,2.10069,0,11.3008,2.31677,0,1798,58964928575
28.443,35.158,76.7901,0,100,84,75,1379,3504,2.10069,0,11.2947,2.31677,0,1756,59000083478
53.9662,18.5301,76.7901,0,100,84,75,1379,3504,2.10069,0,11.2947,2.31677,0,1756,59018611790
34.2403,29.2054,76.7901,0,100,84,75,1379,3504,2.10069,0,11.2947,2.31677,0,1756,59047840785
50.9952,19.6097,76.7901,0,100,84,75,1379,3504,2.10069,0,11.2947,2.31677,0,1756,59067451224
33.221,30.1014,76.7901,0,100,84,75,1379,3504,2.10069,0,11.2947,2.31677,0,1756,59097555016
48.3527,20.6814,76.7901,0,100,84,75,1379,3504,2.10069,0,11.2947,2.31677,0,1756,59118236778
39.4679,25.337,76.7901,0,100,84,75,1379,3504,2.10069,0,11.2947,2.31677,0,1756,59143575724
37.8004,26.4547,76.7901,0,100,84,75,1379,3504,2.10069,0,11.2947,2.31677,0,1756,59170032736
45.5229,21.967,76.7901,0,100,84,75,1379,3504,2.10069,0,11.2947,2.31677,0,1756,59192001029
37.8842,26.3962,76.7901,0,100,84,75,1379,3504,2.10069,0,11.2947,2.31677,0,1756,59218418653
30.3908,32.9047,76.7901,0,100,84,75,1379,3504,2.10069,0,11.2947,2.31677,0,1756,59251304268
43.1607,23.1692,76.7901,0,100,84,75,1379,3504,2.10069,0,11.2947,2.31677,0,1756,59274492714
44.1836,22.6329,76.7901,0,100,84,75,1379,3504,2.10069,0,11.2947,2.31677,0,1756,59297131062
38.3092,26.1034,76.7901,0,100,84,75,1379,3504,2.10069,0,11.2947,2.31677,0,1756,59323255781
34.5426,28.9497,76.7901,0,100,84,75,1379,3504,2.10069,0,11.2947,2.31677,0,1756,59352228140
46.618,21.451,76.7901,0,100,84,75,1379,3504,2.10069,0,11.2947,2.31677,0,1756,59373679599
40.6332,24.6104,76.7901,0,100,84,75,1379,3504,2.10069,0,11.2947,2.31677,0,1756,59398291627
35.2926,28.3346,76.7901,0,100,84,75,1379,3504,2.10069,0,11.2947,2.31677,0,1756,59426627712
43.7223,22.8716,76.7901,0,100,84,75,1379,3504,2.10069,0,11.2947,2.31677,0,1756,59449499923
33.5942,29.767,76.7901,0,100,84,75,1379,3504,2.10069,0,11.2947,2.31677,0,1756,59479295694
37.0891,26.9621,82.6733,0,100,84,75,1379,3504,2.10048,0,11.3004,2.31677,0,1731,59506314479
53.5073,18.6891,82.6733,0,100,84,75,1379,3504,2.10048,0,11.3004,2.31677,0,1731,59524982695
39.9972,25.0017,82.6733,0,100,84,75,1379,3504,2.10048,0,11.3004,2.31677,0,1731,59549984704
34.3043,29.1509,82.6733,0,100,84,75,1379,3504,2.10048,0,11.3004,2.31677,0,1731,59579137887
36.5057,27.393,82.6733,0,100,84,75,1379,3504,2.10048,0,11.3004,2.31677,0,1731,59606532607
47.2007,21.1861,82.6733,0,100,84,75,1379,3504,2.10048,0,11.3004,2.31677,0,1731,59627720620
38.2373,26.1525,82.6733,0,100,84,75,1379,3504,2.10048,0,11.3004,2.31677,0,1731,59653873498
38.4474,26.0096,82.6733,0,100,84,75,1379,3504,2.10048,0,11.3004,2.31677,0,1731,59679883570
35.2419,28.3753,82.6733,0,100,84,75,1379,3504,2.10048,0,11.3004,2.31677,0,1731,59708282013
37.854,26.4173,82.6733,0,100,84,75,1379,3504,2.10048,0,11.3004,2.31677,0,1731,59734700838
35.3937,28.2536,82.6733,0,100,84,75,1379,3504,2.10048,0,11.3004,2.31677,0,1731,59762941051
49.4103,20.2387,82.6733,0,100,84,75,1379,3504,2.10048,0,11.3004,2.31677,0,1731,59783173852
38.6382,25.8811,82.6733,0,100,84,75,1379,3504,2.10048,0,11.3004,2.31677,0,1731,59809056036
43.9376,22.7595,82.6733,0,100,84,75,1379,3504,2.10048,0,11.3004,2.31677,0,1731,59831816210
40.4021,24.7512,82.6733,0,100,84,75,1379,3504,2.10048,0,11.3004,2.31677,0,1731,59856569140
36.1877,27.6337,82.6733,0,100,84,75,1379,3504,2.10048,0,11.3004,2.31677,0,1731,59884204036
34.9376,28.6225,82.6733,0,100,84,75,1379,3504,2.10048,0,11.3004,2.31677,0,1731,59912827963
44.7257,22.3585,82.6733,0,100,84,75,1379,3504,2.10048,0,11.3004,2.31677,0,1731,59935188069
42.2198,23.6856,82.6733,0,100,84,75,1379,3504,2.10048,0,11.3004,2.31677,0,1731,59958874476
40.7665,24.53,82.6733,0,100,84,75,1379,3504,2.10048,0,11.3004,2.31677,0,1731,59983433671
30.926,32.3353,88.25,0,100,84,75,1379,3504,2.10017,0,11.3135,2.31677,0,1734,60015763597
39.9755,25.0153,88.25,0,100,84,75,1379,3504,2.10017,0,11.3135,2.31677,0,1734,60040759647
49.2234,20.3155,88.25,0,100,84,75,1379,3504,2.10017,0,11.3135,2.31677,0,1734,60061076123
37.5021,26.6652,88.25,0,100,84,75,1379,3504,2.10017,0,11.3135,2.31677,0,1734,60087743694
42.078,23.7654,88.25,0,100,84,75,1379,3504,2.10017,0,11.3135,2.31677,0,1734,60111510022
36.6299,27.3001,88.25,0,100,84,75,1379,3504,2.10017,0,11.3135,2.31677,0,1734,60138811450
42.6788,23.4309,88.25,0,100,84,75,1379,3504,2.10017,0,11.3135,2.31677,0,1734,60162264246
32.9101,30.3858,88.25,0,100,84,75,1379,3504,2.10017,0,11.3135,2.31677,0,1734,60192630955
43.6546,22.9071,88.25,0,100,84,75,1379,3504,2.10017,0,11.3135,2.31677,0,1734,60215539582
36.0707,27.7233,88.25,0,100,84,75,1379,3504,2.10017,0,11.3135,2.31677,0,1734,60243264163
45.0716,22.1869,88.25,0,100,84,75,1379,3504,2.10017,0,11.3135,2.31677,0,1734,60265454124
39.7643,25.1482,88.25,0,100,84,75,1379,3504,2.10017,0,11.3135,2.31677,0,1734,60290602447
37.2695,26.8316,88.25,0,100,84,75,1379,3504,2.10017,0,11.3135,2.31677,0,1734,60317456962
47.7438,20.9451,88.25,0,100,84,75,1379,3504,2.10017,0,11.3135,2.31677,0,1734,60338382116
33.897,29.5012,88.25,0,100,84,75,1379,3504,2.10017,0,11.3135,2.31677,0,1734,60367919941
40.5262,24.6754,88.25,0,100,84,75,1379,3504,2.10017,0,11.3135,2.31677,0,1734,60392597310
36.9401,27.0709,88.25,0,100,84,75,1379,3504,2.10017,0,11.3135,2.31677,0,1734,60419647636
38.8624,25.7318,88.25,0,100,84,75,1379,3504,2.10017,0,11.3135,2.31677,0,1734,60445382020
56.2962,17.7632,88.25,0,100,84,75,1379,3504,2.10017,0,11.3135,2.31677,0,1734,60463166832
27.1889,36.7798,88.25,0,100,84,75,1379,3504,2.10017,0,11.3135,2.31677,0,1734,60499963310
53.3304,18.751,86.3415,0,100,85,75,1379,3504,2.10017,0,11.3041,2.31677,0,1766,60518700260
36.1646,27.6513,86.3415,0,100,85,75,1379,3504,2.10017,0,11.3041,2.31677,0,1766,60546351500
36.0672,27.726,86.3415,0,100,85,75,1379,3504,2.10017,0,11.3041,2.31677,0,1766,60574079790
46.6199,21.45,86.3415,0,100,85,75,1379,3504,2.10017,0,11.3041,2.31677,0,1766,60595529624
34.8225,28.717,86.3415,0,100,85,75,1379,3504,2.10017,0,11.3041,2.31677,0,1766,60624247912
38.4531,26.0057,86.3415,0,100,85,75,1379,3504,2.10017,0,11.3041,2.31677,0,1766,60650276758
8.49214,117.756,86.3415,0,100,85,75,1379,3504,2.10017,0,11.3041,2.31677,0,1766,60768012512
16.1927,61.7562,86.3415,0,100,85,75,1379,3504,2.10017,0,11.3041,2.31677,0,1766,60829790963
42.215,23.6883,86.3415,0,100,85,75,1379,3504,2.10017,0,11.3041,2.31677,0,1766,60853459349
35.1946,28.4134,86.3415,0,100,85,75,1379,3504,2.10017,0,11.3041,2.31677,0,1766,60881873881
29.8566,33.4934,86.3415,0,100,85,75,1379,3504,2.10017,0,11.3041,2.31677,0,1766,60915388612
56.2113,17.79,86.3415,0,100,85,75,1379,3504,2.10017,0,11.3041,2.31677,0,1766,60933206666
31.214,32.0369,86.3415,0,100,85,75,1379,3504,2.10017,0,11.3041,2.31677,0,1766,60965243323
49.2545,20.3027,86.3415,0,100,85,75,1379,3504,2.10017,0,11.3041,2.31677,0,1766,60985560372
55.1585,18.1296,86.3415,0,100,85,75,1379,3504,2.10017,0,11.3041,2.31677,0,1766,61003706831
36.2322,27.5997,76.8262,0,100,85,75,1379,3504,2.10016,0,11.2865,2.31677,0,1730,61031301387
36.7789,27.1895,76.8262,0,100,85,75,1379,3504,2.10016,0,11.2865,2.31677,0,1730,61058492616
40.155,24.9035,76.8262,0,100,85,75,1379,3504,2.10016,0,11.2865,2.31677,0,1730,61083397731
41.7609,23.9458,76.8262,0,100,85,75,1379,3504,2.10016,0,11.2865,2.31677,0,1730,61107344707
36.6863,27.2582,76.8262,0,100,85,75,1379,3504,2.10016,0,11.2865,2.31677,0,1730,61134625259
44.4202,22.5123,76.8262,0,100,85,75,1379,3504,2.10016,0,11.2865,2.31677,0,1730,61157160203
35.013,28.5608,76.8262,0,100,85,75,1379,3504,2.10016,0,11.2865,2.31677,0,1730,61185701903
39.6555,25.2172,76.8262,0,100,85,75,1379,3504,2.10016,0,11.2865,2.31677,0,1730,61210920721
31.5568,31.6888,76.8262,0,100,85,75,1379,3504,2.10016,0,11.2865,2.31677,0,1730,61242609402
41.7612,23.9457,76.8262,0,100,85,75,1379,3504,2.10016,0,11.2865,2.31677,0,1730,61266555836
41.6763,23.9945,76.8262,0,100,85,75,1379,3504,2.10016,0,11.2865,2.31677,0,1730,61290552707
38.8032,25.771,76.8262,0,100,85,75,1379,3504,2.10016,0,11.2865,2.31677,0,1730,61316324795
48.3485,20.6831,76.8262,0,100,85,75,1379,3504,2.10016,0,11.2865,2.31677,0,1730,61337008914
38.746,25.8091,76.8262,0,100,85,75,1379,3504,2.10016,0,11.2865,2.31677,0,1730,61362841062
37.108,26.9484,76.8262,0,100,85,75,1379,3504,2.10016,0,11.2865,2.31677,0,1730,61389789681
33.7279,29.649,76.8262,0,100,85,75,1379,3504,2.10016,0,11.2865,2.31677,0,1730,61419439530
45.6123,21.9239,76.8262,0,100,85,75,1379,3504,2.10016,0,11.2865,2.31677,0,1730,61441364836
39.5842,25.2626,76.8262,0,100,85,75,1379,3504,2.10016,0,11.2865,2.31677,0,1730,61466628766
26.2763,38.0571,76.8262,0,100,85,75,1379,3504,2.10016,0,11.2865,2.31677,0,1730,61504713751
64.0297,15.6177,80.3526,0,83,83,74,1382,3504,2.10013,0,11.2881,2.31677,0,1911,61520307865
41.4549,24.1226,80.3526,0,83,83,74,1382,3504,2.10013,0,11.2881,2.31677,0,1911,61544451595
33.4921,29.8578,80.3526,0,83,83,74,1382,3504,2.10013,0,11.2881,2.31677,0,1911,61574288666
37.5808,26.6093,80.3526,0,83,83,74,1382,3504,2.10013,0,11.2881,2.31677,0,1911,61600922299
46.321,21.5885,80.3526,0,83,83,74,1382,3504,2.10013,0,11.2881,2.31677,0,1911,61622489834
34.718,28.8035,80.3526,0,83,83,74,1382,3504,2.10013,0,11.2881,2.31677,0,1911,61651295816
49.4005,20.2427,80.3526,0,83,83,74,1382,3504,2.10013,0,11.2881,2.31677,0,1911,61671539645
34.7519,28.7754,80.3526,0,83,83,74,1382,3504,2.10013,0,11.2881,2.31677,0,1911,61700315210
36.9296,27.0786,80.3526,0,83,83,74,1382,3504,2.10013,0,11.2881,2.31677,0,1911,61727395880
43.4103,23.036,80.3526,0,83,83,74,1382,3504,2.10013,0,11.2881,2.31677,0,1911,61750455242
30.4141,32.8795,80.3526,0,83,83,74,1382,3504,2.10013,0,11.2881,2.31677,0,1911,61783352389
43.3531,23.0664,80.3526,0,83,83,74,1382,3504,2.10013,0,11.2881,2.31677,0,1911,61806396021
43.6119,22.9295,80.3526,0,83,83,74,1382,3504,2.10013,0,11.2881,2.31677,0,1911,61829326376
36.5799,27.3374,80.3526,0,83,83,74,1382,3504,2.10013,0,11.2881,2.31677,0,1911,61856664482
26.679,37.4827,80.3526,0,83,83,74,1382,3504,2.10013,0,11.2881,2.31677,0,1911,61894149073
53.8202,18.5804,80.3526,0,83,83,74,1382,3504,2.10013,0,11.2881,2.31677,0,1911,61912730169
42.1355,23.733,80.3526,0,83,83,74,1382,3504,2.10013,0,11.2881,2.31677,0,1911,61936465677
47.9188,20.8686,80.3526,0,83,83,74,1382,3504,2.10013,0,11.2881,2.31677,0,1911,61957333623
39.1492,25.5433,80.3526,0,83,83,74,1382,3504,2.10013,0,11.2881,2.31677,0,1911,61982878381
25.2123,39.6632,80.3526,0,83,83,74,1382,3504,2.10013,0,11.2881,2.31677,0,1911,62022569928
55.696,17.9546,77.2616,0,99,83,75,1392,3504,2.1001,0,11.2886,2.31677,0,1788,62040520232
45.5436,21.957,77.2616,0,99,83,75,1392,3504,2.1001,0,11.2886,2.31677,0,1788,62062499281
27.9402,35.7907,77.2616,0,99,83,75,1392,3504,2.1001,0,11.2886,2.31677,0,1788,62098291679
44.9767,22.2338,77.2616,0,99,83,75,1392,3504,2.1001,0,11.2886,2.31677,0,1788,62120526048
34.1516,29.2812,77.2616,0,99,83,75,1392,3504,2.1001,0,11.2886,2.31677,0,1788,62149829850
56.7724,17.6142,77.2616,0,99,83,75,1392,3504,2.1001,0,11.2886,2.31677,0,1788,62167423337
32.39,30.8737,77.2616,0,99,83,75,1392,3504,2.1001,0,11.2886,2.31677,0,1788,62198298769
34.2559,29.192,77.2616,0,99,83,75,1392,3504,2.1001,0,11.2886,2.31677,0,1788,62227492342
47.0617,21.2487,77.2616,0,99,83,75,1392,3504,2.1001,0,11.2886,2.31677,0,1788,62248763229
24.7527,40.3997,77.2616,0,99,83,75,1392,3504,2.1001,0,11.2886,2.31677,0,1788,62289143066
76.6183,13.0517,77.2616,0,99,83,75,1392,3504,2.1001,0,11.2886,2.31677,0,1788,62302195900
36.1594,27.6553,77.2616,0,99,83,75,1392,3504,2.1001,0,11.2886,2.31677,0,1788,62329852075
34.0763,29.3459,77.2616,0,99,83,75,1392,3504,2.1001,0,11.2886,2.31677,0,1788,62359223501
41.1757,24.2862,77.2616,0,99,83,75,1392,3504,2.1001,0,11.2886,2.31677,0,1788,62383486289
34.1282,29.3013,77.2616,0,99,83,75,1392,3504,2.1001,0,11.2886,2.31677,0,1788,62412789681
42.1586,23.72,77.2616,0,99,83,75,1392,3504,2.1001,0,11.2886,2.31677,0,1788,62436531789
44.4445,22.5,77.2616,0,99,83,75,1392,3504,2.1001,0,11.2886,2.31677,0,1788,62459012616
35.0323,28.545,77.2616,0,99,83,75,1392,3504,2.1001,0,11.2886,2.31677,0,1788,62487559505
34.1406,29.2907,77.2616,0,99,83,75,1392,3504,2.1001,0,11.2886,2.31677,0,1788,62516850014
38.9708,25.6602,77.2616,0,99,83,75,1392,3504,2.1001,0,11.2886,2.31677,0,1788,62542516463
45.0732,22.1861,83.0882,0,99,86,75,1392,3504,2.1001,0,11.2811,2.31677,0,1738,62564699317
45.2324,22.1081,83.0882,0,99,86,75,1392,3504,2.1001,0,11.2811,2.31677,0,1738,62586808712
31.9684,31.2809,83.0882,0,99,86,75,1392,3504,2.1001,0,11.2811,2.31677,0,1738,62618111019
40.8407,24.4853,83.0882,0,99,86,75,1392,3504,2.1001,0,11.2811,2.31677,0,1738,62642598416
38.1595,26.2058,83.0882,0,99,86,75,1392,3504,2.1001,0,11.2811,2.31677,0,1738,62668826399
43.4244,23.0285,83.0882,0,99,86,75,1392,3504,2.1001,0,11.2811,2.31677,0,1738,62691856228
36.8899,27.1077,83.0882,0,99,86,75,1392,3504,2.1001,0,11.2811,2.31677,0,1738,62718964081
37.4944,26.6707,83.0882,0,99,86,75,1392,3504,2.1001,0,11.2811,2.31677,0,1738,62745636252
39.0274,25.6231,83.0882,0,99,86,75,1392,3504,2.1001,0,11.2811,2.31677,0,1738,62771282100
38.9754,25.6572,83.0882,0,99,86,75,1392,3504,2.1001,0,11.2811,2.31677,0,1738,62796919388
40.0032,24.998,83.0882,0,99,86,75,1392,3504,2.1001,0,11.2811,2.31677,0,1738,62821919223
29.8997,33.4452,83.0882,0,99,86,75,1392,3504,2.1001,0,11.2811,2.31677,0,1738,62855377326
56.1259,17.8171,83.0882,0,99,86,75,1392,3504,2.1001,0,11.2811,2.31677,0,1738,62873182817
33.5634,29.7944,83.0882,0,99,86,75,1392,3504,2.1001,0,11.2811,2.31677,0,1738,62902999641
38.5663,25.9294,83.0882,0,99,86,75,1392,3504,2.1001,0,11.2811,2.31677,0,1738,62928909588
37.6687,26.5472,83.0882,0,99,86,75,1392,3504,2.1001,0,11.2811,2.31677,0,1738,62955457547
38.123,26.2309,83.0882,0,99,86,75,1392,3504,2.1001,0,11.2811,2.31677,0,1738,62981688777
35.3724,28.2706,83.0882,0,99,86,75,1392,3504,2.1001,0,11.2811,2.31677,0,1738,63009982464
32.1156,31.1375,83.0882,0,99,86,75,1392,3504,2.1001,0,11.2811,2.31677,0,1738,63041120820
18.4575,54.1785,83.0882,0,99,86,75,1392,3504,2.1001,0,11.2811,2.31677,0,1738,63095307200
16.2182,61.6591,80.2752,0,99,86,74,1392,3504,2.10029,0,11.2785,2.31677,0,1833,63156943737
30.0174,33.314,80.2752,0,99,86,74,1392,3504,2.10029,0,11.2785,2.31677,0,1833,63190261582
116.342,8.59538,80.2752,0,99,86,74,1392,3504,2.10029,0,11.2785,2.31677,0,1833,63198854104
35.9475,27.8184,80.2752,0,99,86,74,1392,3504,2.10029,0,11.2785,2.31677,0,1833,63226673536
32.1067,31.1462,80.2752,0,99,86,74,1392,3504,2.10029,0,11.2785,2.31677,0,1833,63257821921
60.2298,16.6031,80.2752,0,99,86,74,1392,3504,2.10029,0,11.2785,2.31677,0,1833,63274425809
39.4609,25.3415,80.2752,0,99,86,74,1392,3504,2.10029,0,11.2785,2.31677,0,1833,63299770452
39.2062,25.5062,80.2752,0,99,86,74,1392,3504,2.10029,0,11.2785,2.31677,0,1833,63325276453
34.8842,28.6663,80.2752,0,99,86,74,1392,3504,2.10029,0,11.2785,2.31677,0,1833,63353947947
38.1275,26.2278,80.2752,0,99,86,74,1392,3504,2.10029,0,11.2785,2.31677,0,1833,63380174033
38.0145,26.3058,80.2752,0,99,86,74,1392,3504,2.10029,0,11.2785,2.31677,0,1833,63406480543
38.4738,25.9917,80.2752,0,99,86,74,1392,3504,2.10029,0,11.2785,2.31677,0,1833,63432474607
36.2892,27.5564,80.2752,0,99,86,74,1392,3504,2.10029,0,11.2785,2.31677,0,1833,63460031973
40.2053,24.8724,80.2752,0,99,86,74,1392,3504,2.10029,0,11.2785,2.31677,0,1833,63484906134
34.2378,29.2074,80.2752,0,99,86,74,1392,3504,2.10029,0,11.2785,2.31677,0,1833,63514115414
38.8985,25.7079,80.2752,0,99,86,74,1392,3504,2.10029,0,11.2785,2.31677,0,1833,63539824480
36.8511,27.1362,80.2752,0,99,86,74,1392,3504,2.10029,0,11.2785,2.31677,0,1833,63566961830
36.98,27.0416,80.2752,0,99,86,74,1392,3504,2.10029,0,11.2785,2.31677,0,1833,63594005321
39.4862,25.3253,80.2752,0,99,86,74,1392,3504,2.10029,0,11.2785,2.31677,0,1833,63619337464
35.3264,28.3075,64.7343,0,96,95,74,1402,3504,2.10184,0,11.271,2.31677,0,3400,63647640691
35.4621,28.1991,64.7343,0,96,95,74,1402,3504,2.10184,0,11.271,2.31677,0,3400,63675840663
42.9705,23.2718,64.7343,0,96,95,74,1402,3504,2.10184,0,11.271,2.31677,0,3400,63699113948
38.6303,25.8864,64.7343,0,96,95,74,1402,3504,2.10184,0,11.271,2.31677,0,3400,63725001118
37.7939,26.4593,64.7343,0,96,95,74,1402,3504,2.10184,0,11.271,2.31677,0,3400,63751461729
36.8341,27.1488,64.7343,0,96,95,74,1402,3504,2.10184,0,11.271,2.31677,0,3400,63778614007
37.3641,26.7637,64.7343,0,96,95,74,1402,3504,2.10184,0,11.271,2.31677,0,3400,63805379011
37.6589,26.5542,64.7343,0,96,95,74,1402,3504,2.10184,0,11.271,2.31677,0,3400,63831933277
41.0242,24.3758,64.7343,0,96,95,74,1402,3504,2.10184,0,11.271,2.31677,0,3400,63856310632
35.8815,27.8695,64.7343,0,96,95,74,1402,3504,2.10184,0,11.271,2.31677,0,3400,63884181328
34.0145,29.3992,64.7343,0,96,95,74,1402,3504,2.10184,0,11.271,2.31677,0,3400,63913581614
42.6491,23.4471,64.7343,0,96,95,74,1402,3504,2.10184,0,11.271,2.31677,0,3400,63937030506
38.3374,26.0842,64.7343,0,96,95,74,1402,3504,2.10184,0,11.271,2.31677,0,3400,63963116065
36.5018,27.3959,64.7343,0,96,95,74,1402,3504,2.10184,0,11.271,2.31677,0,3400,63990512585
39.0372,25.6166,64.7343,0,96,95,74,1402,3504,2.10184,0,11.271,2.31677,0,3400,64016131092
36.7324,27.2239,64.7343,0,96,95,74,1402,3504,2.10184,0,11.271,2.31677,0,3400,64043358462
33.2972,30.0325,64.7343,0,96,95,74,1402,3504,2.10184,0,11.271,2.31677,0,3400,64073391412
40.3017,24.8129,64.7343,0,96,95,74,1402,3504,2.10184,0,11.271,2.31677,0,3400,64098208925
38.4972,25.9759,64.7343,0,96,95,74,1402,3504,2.10184,0,11.271,2.31677,0,3400,64124190961
35.6547,28.0468,59.3596,0,92,95,74,1380,3504,2.10959,0,11.2575,2.31677,0,3400,64152233001
36.6085,27.3161,59.3596,0,92,95,74,1380,3504,2.10959,0,11.2575,2.31677,0,3400,64179549607
36.532,27.3733,59.3596,0,92,95,74,1380,3504,2.10959,0,11.2575,2.31677,0,3400,64206925304
40.1881,24.883,59.3596,0,92,95,74,1380,3504,2.10959,0,11.2575,2.31677,0,3400,64231809254
37.0018,27.0257,59.3596,0,92,95,74,1380,3504,2.10959,0,11.2575,2.31677,0,3400,64258837036
40.267,24.8342,59.3596,0,92,95,74,1380,3504,2.10959,0,11.2575,2.31677,0,3400,64283671135
35.8532,27.8915,59.3596,0,92,95,74,1380,3504,2.10959,0,11.2575,2.31677,0,3400,64311564558
37.2115,26.8734,59.3596,0,92,95,74,1380,3504,2.10959,0,11.2575,2.31677,0,3400,64338438807
37.8193,26.4415,59.3596,0,92,95,74,1380,3504,2.10959,0,11.2575,2.31677,0,3400,64364887075
36.0144,27.7667,59.3596,0,92,95,74,1380,3504,2.10959,0,11.2575,2.31677,0,3400,64392651728
39.4471,25.3504,59.3596,0,92,95,74,1380,3504,2.10959,0,11.2575,2.31677,0,3400,64418002351
37.592,26.6014,59.3596,0,92,95,74,1380,3504,2.10959,0,11.2575,2.31677,0,3400,64444604632
39.5335,25.295,59.3596,0,92,95,74,1380,3504,2.10959,0,11.2575,2.31677,0,3400,64469900131
37.4635,26.6926,59.3596,0,92,95,74,1380,3504,2.10959,0,11.2575,2.31677,0,3400,64496597673
37.2368,26.8552,59.3596,0,92,95,74,1380,3504,2.10959,0,11.2575,2.31677,0,3400,64523451325
38.8574,25.7351,59.3596,0,92,95,74,1380,3504,2.10959,0,11.2575,2.31677,0,3400,64549186797
37.5244,26.6494,59.3596,0,92,95,74,1380,3504,2.10959,0,11.2575,2.31677,0,3400,64575837848
40.3287,24.7963,59.3596,0,92,95,74,1380,3504,2.10959,0,11.2575,2.31677,0,3400,64600636127
34.285,29.1673,59.3596,0,92,95,74,1380,3504,2.10959,0,11.2575,2.31677,0,3400,64629812162
38.5581,25.9349,64.8515,0,100,93,75,1392,3504,2.11318,0,11.2568,2.31677,0,3402,64655740672
31.9982,31.2518,64.8515,0,100,93,75,1392,3504,2.11318,0,11.2568,2.31677,0,3402,64686992129
47.1741,21.1981,64.8515,0,100,93,75,1392,3504,2.11318,0,11.2568,2.31677,0,3402,64708192989
39.008,25.6358,64.8515,0,100,93,75,1392,3504,2.11318,0,11.2568,2.31677,0,3402,64733829089
37.013,27.0175,64.8515,0,100,93,75,1392,3504,2.11318,0,11.2568,2.31677,0,3402,64760847886
35.2714,28.3516,64.8515,0,100,93,75,1392,3504,2.11318,0,11.2568,2.31677,0,3402,64789201632
39.7961,25.1281,64.8515,0,100,93,75,1392,3504,2.11318,0,11.2568,2.31677,0,3402,64814331933
35.0819,28.5047,64.8515,0,100,93,75,1392,3504,2.11318,0,11.2568,2.31677,0,3402,64842836838
40.385,24.7617,64.8515,0,100,93,75,1392,3504,2.11318,0,11.2568,2.31677,0,3402,64867599382
36.8656,27.1255,64.8515,0,100,93,75,1392,3504,2.11318,0,11.2568,2.31677,0,3402,64894726094
37.2865,26.8193,64.8515,0,100,93,75,1392,3504,2.11318,0,11.2568,2.31677,0,3402,64921547093
42.6429,23.4506,64.8515,0,100,93,75,1392,3504,2.11318,0,11.2568,2.31677,0,3402,64944999456
33.9646,29.4424,64.8515,0,100,93,75,1392,3504,2.11318,0,11.2568,2.31677,0,3402,64974446133
40.8082,24.5049,64.8515,0,100,93,75,1392,3504,2.11318,0,11.2568,2.31677,0,3402,64998963501
39.4887,25.3237,64.8515,0,100,93,75,1392,3504,2.11318,0,11.2568,2.31677,0,3402,65024287792
36.7154,27.2365,64.8515,0,100,93,75,1392,3504,2.11318,0,11.2568,2.31677,0,3402,65051525344
36.5107,27.3892,64.8515,0,100,93,75,1392,3504,2.11318,0,11.2568,2.31677,0,3402,65078916676
32.256,31.002,64.8515,0,100,93,75,1392,3504,2.11318,0,11.2568,2.31677,0,3402,65109919320
48.6828,20.5411,64.8515,0,100,93,75,1392,3504,2.11318,0,11.2568,2.31677,0,3402,65130468532
35.8691,27.8792,65.8291,0,100,93,75,1392,3504,2.11486,0,11.2568,2.31677,0,3400,65158342410
40.9956,24.3929,65.8291,0,100,93,75,1392,3504,2.11486,0,11.2568,2.31677,0,3400,65182735725
36.2991,27.5489,65.8291,0,100,93,75,1392,3504,2.11486,0,11.2568,2.31677,0,3400,65210286002
39.7386,25.1645,65.8291,0,100,93,75,1392,3504,2.11486,0,11.2568,2.31677,0,3400,65235459050
38.0476,26.2829,65.8291,0,100,93,75,1392,3504,2.11486,0,11.2568,2.31677,0,3400,65261738626
37.3677,26.7611,65.8291,0,100,93,75,1392,3504,2.11486,0,11.2568,2.31677,0,3400,65288501734
38.3534,26.0733,65.8291,0,100,93,75,1392,3504,2.11486,0,11.2568,2.31677,0,3400,65314576685
37.959,26.3442,65.8291,0,100,93,75,1392,3504,2.11486,0,11.2568,2.31677,0,3400,65340921231
33.7441,29.6348,65.8291,0,100,93,75,1392,3504,2.11486,0,11.2568,2.31677,0,3400,65370557466
41.9391,23.8441,65.8291,0,100,93,75,1392,3504,2.11486,0,11.2568,2.31677,0,3400,65394402611
37.9951,26.3192,65.8291,0,100,93,75,1392,3504,2.11486,0,11.2568,2.31677,0,3400,65420722327
38.9335,25.6848,65.8291,0,100,93,75,1392,3504,2.11486,0,11.2568,2.31677,0,3400,65446409724
37.2619,26.8371,65.8291,0,100,93,75,1392,3504,2.11486,0,11.2568,2.31677,0,3400,65473248185
37.6913,26.5313,65.8291,0,100,93,75,1392,3504,2.11486,0,11.2568,2.31677,0,3400,65499780352
37.4951,26.6702,65.8291,0,100,93,75,1392,3504,2.11486,0,11.2568,2.31677,0,3400,65526453555
36.397,27.4748,65.8291,0,100,93,75,1392,3504,2.11486,0,11.2568,2.31677,0,3400,65553928074
40.0405,24.9747,65.8291,0,100,93,75,1392,3504,2.11486,0,11.2568,2.31677,0,3400,65578905398
37.3342,26.7851,65.8291,0,100,93,75,1392,3504,2.11486,0,11.2568,2.31677,0,3400,65605693929
39.2746,25.4618,65.8291,0,100,93,75,1392,3504,2.11486,0,11.2568,2.31677,0,3400,65631161471
35.2727,28.3506,65.3367,0,100,93,75,1392,3504,2.11633,0,11.2674,2.31677,0,3400,65659506944
39.3927,25.3854,65.3367,0,100,93,75,1392,3504,2.11633,0,11.2674,2.31677,0,3400,65684893233
37.1752,26.8997,65.3367,0,100,93,75,1392,3504,2.11633,0,11.2674,2.31677,0,3400,65711794358
41.2022,24.2706,65.3367,0,100,93,75,1392,3504,2.11633,0,11.2674,2.31677,0,3400,65736065706
36.1739,27.6442,65.3367,0,100,93,75,1392,3504,2.11633,0,11.2674,2.31677,0,3400,65763710962
39.3953,25.3837,65.3367,0,100,93,75,1392,3504,2.11633,0,11.2674,2.31677,0,3400,65789096570
34.6758,28.8385,65.3367,0,100,93,75,1392,3504,2.11633,0,11.2674,2.31677,0,3400,65817937090
43.9625,22.7467,65.3367,0,100,93,75,1392,3504,2.11633,0,11.2674,2.31677,0,3400,65840683841
32.6345,30.6424,65.3367,0,100,93,75,1392,3504,2.11633,0,11.2674,2.31677,0,3400,65871327739
39.8768,25.0772,65.3367,0,100,93,75,1392,3504,2.11633,0,11.2674,2.31677,0,3400,65896423198
44.0616,22.6955,65.3367,0,100,93,75,1392,3504,2.11633,0,11.2674,2.31677,0,3400,65919119516
36.489,27.4055,65.3367,0,100,93,75,1392,3504,2.11633,0,11.2674,2.31677,0,3400,65946526923
38.4667,25.9965,65.3367,0,100,93,75,1392,3504,2.11633,0,11.2674,2.31677,0,3400,65972525990
37.4537,26.6996,65.3367,0,100,93,75,1392,3504,2.11633,0,11.2674,2.31677,0,3400,65999226159
40.629,24.6129,65.3367,0,100,93,75,1392,3504,2.11633,0,11.2674,2.31677,0,3400,66023840651
36.8109,27.1658,65.3367,0,100,93,75,1392,3504,2.11633,0,11.2674,2.31677,0,3400,66051007189
34.8105,28.727,65.3367,0,100,93,75,1392,3504,2.11633,0,11.2674,2.31677,0,3400,66079736669
37.8608,26.4125,65.3367,0,100,93,75,1392,3504,2.11633,0,11.2674,2.31677,0,3400,66106149544
43.6393,22.9151,65.3367,0,100,93,75,1392,3504,2.11633,0,11.2674,2.31677,0,3400,66129078791
38.5606,25.9332,65.3367,0,100,93,75,1392,3504,2.11633,0,11.2674,2.31677,0,3400,66155017815
39.5607,25.2776,67.0616,0,100,94,75,1392,3504,2.11776,0,11.2708,2.31677,0,3400,66180292277
34.5039,28.9823,67.0616,0,100,94,75,1392,3504,2.11776,0,11.2708,2.31677,0,3400,66209275967
38.7664,25.7955,67.0616,0,100,94,75,1392,3504,2.11776,0,11.2708,2.31677,0,3400,66235073618
40.1691,24.8947,67.0616,0,100,94,75,1392,3504,2.11776,0,11.2708,2.31677,0,3400,66259968790
41.7961,23.9257,67.0616,0,100,94,75,1392,3504,2.11776,0,11.2708,2.31677,0,3400,66283896266
37.9838,26.327,67.0616,0,100,94,75,1392,3504,2.11776,0,11.2708,2.31677,0,3400,66310225711
42.5064,23.5259,67.0616,0,100,94,75,1392,3504,2.11776,0,11.2708,2.31677,0,3400,66333753501
36.7536,27.2082,67.0616,0,100,94,75,1392,3504,2.11776,0,11.2708,2.31677,0,3400,66360962909
34.1218,29.3068,67.0616,0,100,94,75,1392,3504,2.11776,0,11.2708,2.31677,0,3400,66390270653
45.6172,21.9215,67.0616,0,100,94,75,1392,3504,2.11776,0,11.2708,2.31677,0,3400,66412194043
37.5905,26.6025,67.0616,0,100,94,75,1392,3504,2.11776,0,11.2708,2.31677,0,3400,66438797292
45.4639,21.9955,67.0616,0,100,94,75,1392,3504,2.11776,0,11.2708,2.31677,0,3400,66460793209
37.771,26.4753,67.0616,0,100,94,75,1392,3504,2.11776,0,11.2708,2.31677,0,3400,66487269830
40.1633,24.8983,67.0616,0,100,94,75,1392,3504,2.11776,0,11.2708,2.31677,0,3400,66512169235
38.0499,26.2813,67.0616,0,100,94,75,1392,3504,2.11776,0,11.2708,2.31677,0,3400,66538452485
37.4568,26.6975,67.0616,0,100,94,75,1392,3504,2.11776,0,11.2708,2.31677,0,3400,66565163237
43.9931,22.7308,67.0616,0,100,94,75,1392,3504,2.11776,0,11.2708,2.31677,0,3400,66587894918
39.1442,25.5466,67.0616,0,100,94,75,1392,3504,2.11776,0,11.2708,2.31677,0,3400,66613429100
39.1667,25.5319,67.0616,0,100,94,75,1392,3504,2.11776,0,11.2708,2.31677,0,3400,66638963839
40.0364,24.9772,67.0616,0,100,94,75,1392,3504,2.11776,0,11.2708,2.31677,0,3400,66663949675
38.6219,25.892,62.4079,0,100,94,75,1392,3504,2.11776,0,11.0368,2.31677,0,3400,66689835532
40.3352,24.7923,62.4079,0,100,94,75,1392,3504,2.11776,0,11.0368,2.31677,0,3400,66714630930
39.545,25.2876,62.4079,0,100,94,75,1392,3504,2.11776,0,11.0368,2.31677,0,3400,66739918695
38.9055,25.7033,62.4079,0,100,94,75,1392,3504,2.11776,0,11.0368,2.31677,0,3400,66765622284
37.0547,26.9871,62.4079,0,100,94,75,1392,3504,2.11776,0,11.0368,2.31677,0,3400,66792610538
36.5771,27.3395,62.4079,0,100,94,75,1392,3504,2.11776,0,11.0368,2.31677,0,3400,66819958215
41.2728,24.229,62.4079,0,100,94,75,1392,3504,2.11776,0,11.0368,2.31677,0,3400,66844186986
38.9445,25.6776,62.4079,0,100,94,75,1392,3504,2.11776,0,11.0368,2.31677,0,3400,66869865413
41.9214,23.8542,62.4079,0,100,94,75,1392,3504,2.11776,0,11.0368,2.31677,0,3400,66893719867
37.8387,26.4279,62.4079,0,100,94,75,1392,3504,2.11776,0,11.0368,2.31677,0,3400,66920149611
37.7116,26.5171,62.4079,0,100,94,75,1392,3504,2.11776,0,11.0368,2.31677,0,3400,66946668220
39.893,25.0671,62.4079,0,100,94,75,1392,3504,2.11776,0,11.0368,2.31677,0,3400,66971737687
42.6727,23.4342,62.4079,0,100,94,75,1392,3504,2.11776,0,11.0368,2.31677,0,3400,66995173028
39.6667,25.2101,62.4079,0,100,94,75,1392,3504,2.11776,0,11.0368,2.31677,0,3400,67020384410
37.9151,26.3747,62.4079,0,100,94,75,1392,3504,2.11776,0,11.0368,2.31677,0,3400,67046760207
37.4456,26.7054,62.4079,0,100,94,75,1392,3504,2.11776,0,11.0368,2.31677,0,3400,67073467510
40.4527,24.7202,62.4079,0,100,94,75,1392,3504,2.11776,0,11.0368,2.31677,0,3400,67098192524
39.954,25.0288,62.4079,0,100,94,75,1392,3504,2.11776,0,11.0368,2.31677,0,3400,67123218667
40.3185,24.8025,62.4079,0,100,94,75,1392,3504,2.11776,0,11.0368,2.31677,0,3400,67148022768
36.2164,27.6118,62.4079,0,100,94,75,1392,3504,2.11776,0,11.0368,2.31677,0,3400,67175642416
46.8824,21.3299,59.0909,0,100,93,75,1432,3504,2.11903,0,11.0403,2.31677,0,3400,67196966850
35.81,27.9252,59.0909,0,100,93,75,1432,3504,2.11903,0,11.0403,2.31677,0,3400,67224893367
40.0674,24.958,59.0909,0,100,93,75,1432,3504,2.11903,0,11.0403,2.31677,0,3400,67249852991
31.2842,31.965,59.0909,0,100,93,75,1432,3504,2.11903,0,11.0403,2.31677,0,3400,67281818362
63.8652,15.658,59.0909,0,100,93,75,1432,3504,2.11903,0,11.0403,2.31677,0,3400,67297477894
35.4572,28.203,59.0909,0,100,93,75,1432,3504,2.11903,0,11.0403,2.31677,0,3400,67325683674
40.0892,24.9444,59.0909,0,100,93,75,1432,3504,2.11903,0,11.0403,2.31677,0,3400,67350629079
39.7346,25.167,59.0909,0,100,93,75,1432,3504,2.11903,0,11.0403,2.31677,0,3400,67375796614
36.7008,27.2474,59.0909,0,100,93,75,1432,3504,2.11903,0,11.0403,2.31677,0,3400,67403046565
43.7079,22.8792,59.0909,0,100,93,75,1432,3504,2.11903,0,11.0403,2.31677,0,3400,67425926853
42.6169,23.4649,59.0909,0,100,93,75,1432,3504,2.11903,0,11.0403,2.31677,0,3400,67449392552
38.8366,25.7489,59.0909,0,100,93,75,1432,3504,2.11903,0,11.0403,2.31677,0,3400,67475143010
41.4463,24.1276,59.0909,0,100,93,75,1432,3504,2.11903,0,11.0403,2.31677,0,3400,67499271883
37.0541,26.9876,59.0909,0,100,93,75,1432,3504,2.11903,0,11.0403,2.31677,0,3400,67526260873
40.5593,24.6553,59.0909,0,100,93,75,1432,3504,2.11903,0,11.0403,2.31677,0,3400,67550916153
38.023,26.2999,59.0909,0,100,93,75,1432,3504,2.11903,0,11.0403,2.31677,0,3400,67577230735
41.6479,24.0108,59.0909,0,100,93,75,1432,3504,2.11903,0,11.0403,2.31677,0,3400,67601229783
38.0648,26.271,59.0909,0,100,93,75,1432,3504,2.11903,0,11.0403,2.31677,0,3400,67627502182
42.5802,23.4851,59.0909,0,100,93,75,1432,3504,2.11903,0,11.0403,2.31677,0,3400,67650987892
32.296,30.9636,59.0909,0,100,93,75,1432,3504,2.11903,0,11.0403,2.31677,0,3400,67681957175
46.2791,21.608,57.6142,0,100,93,75,1429,3504,2.12424,0,11.0583,2.31677,0,3400,67703561676
42.3552,23.6098,57.6142,0,100,93,75,1429,3504,2.12424,0,11.0583,2.31677,0,3400,67727173676
33.9139,29.4864,57.6142,0,100,93,75,1429,3504,2.12424,0,11.0583,2.31677,0,3400,67756662000
40.9306,24.4316,57.6142,0,100,93,75,1429,3504,2.12424,0,11.0583,2.31677,0,3400,67781096187
45.5516,21.9531,57.6142,0,100,93,75,1429,3504,2.12424,0,11.0583,2.31677,0,3400,67803049006
38.2078,26.1727,57.6142,0,100,93,75,1429,3504,2.12424,0,11.0583,2.31677,0,3400,67829223229
39.2148,25.5006,57.6142,0,100,93,75,1429,3504,2.12424,0,11.0583,2.31677,0,3400,67854726509
42.1625,23.7178,57.6142,0,100,93,75,1429,3504,2.12424,0,11.0583,2.31677,0,3400,67878444115
39.3518,25.4118,57.6142,0,100,93,75,1429,3504,2.12424,0,11.0583,2.31677,0,3400,67903861027
37.7302,26.504,57.6142,0,100,93,75,1429,3504,2.12424,0,11.0583,2.31677,0,3400,67930371831
39.8038,25.1233,57.6142,0,100,93,75,1429,3504,2.12424,0,11.0583,2.31677,0,3400,67955491839
38.955,25.6706,57.6142,0,100,93,75,1429,3504,2.12424,0,11.0583,2.31677,0,3400,67981161921
39.6818,25.2005,57.6142,0,100,93,75,1429,3504,2.12424,0,11.0583,2.31677,0,3400,68006363815
40.944,24.4236,57.6142,0,100,93,75,1429,3504,2.12424,0,11.0583,2.31677,0,3400,68030789135
39.912,25.0551,57.6142,0,100,93,75,1429,3504,2.12424,0,11.0583,2.31677,0,3400,68055845312
40.6259,24.6148,57.6142,0,100,93,75,1429,3504,2.12424,0,11.0583,2.31677,0,3400,68080462487
37.7216,26.51,57.6142,0,100,93,75,1429,3504,2.12424,0,11.0583,2.31677,0,3400,68106975067
43.5426,22.966,57.6142,0,100,93,75,1429,3504,2.12424,0,11.0583,2.31677,0,3400,68129940203
40.2487,24.8455,57.6142,0,100,93,75,1429,3504,2.12424,0,11.0583,2.31677,0,3400,68154787225
34.96,28.6041,57.6142,0,100,93,75,1429,3504,2.12424,0,11.0583,2.31677,0,3400,68183399149
46.3591,21.5707,65.75,0,100,94,75,1434,3504,2.12697,0,11.0784,2.31677,0,3400,68204966178
37.673,26.5442,65.75,0,100,94,75,1434,3504,2.12697,0,11.0784,2.31677,0,3400,68231511777
38.3265,26.0916,65.75,0,100,94,75,1434,3504,2.12697,0,11.0784,2.31677,0,3400,68257603912
40.1224,24.9237,65.75,0,100,94,75,1434,3504,2.12697,0,11.0784,2.31677,0,3400,68282528367
41.8342,23.9039,65.75,0,100,94,75,1434,3504,2.12697,0,11.0784,2.31677,0,3400,68306433300
37.3405,26.7806,65.75,0,100,94,75,1434,3504,2.12697,0,11.0784,2.31677,0,3400,68333215140
40.4471,24.7236,65.75,0,100,94,75,1434,3504,2.12697,0,11.0784,2.31677,0,3400,68357940315
38.2441,26.1478,65.75,0,100,94,75,1434,3504,2.12697,0,11.0784,2.31677,0,3400,68384089365
39.5663,25.274,65.75,0,100,94,75,1434,3504,2.12697,0,11.0784,2.31677,0,3400,68409365254
43.5977,22.937,65.75,0,100,94,75,1434,3504,2.12697,0,11.0784,2.31677,0,3400,68432303739
36.9319,27.0769,65.75,0,100,94,75,1434,3504,2.12697,0,11.0784,2.31677,0,3400,68459381544
41.0369,24.3683,65.75,0,100,94,75,1434,3504,2.12697,0,11.0784,2.31677,0,3400,68483753241
37.5875,26.6046,65.75,0,100,94,75,1434,3504,2.12697,0,11.0784,2.31677,0,3400,68510359081
42.0278,23.7938,65.75,0,100,94,75,1434,3504,2.12697,0,11.0784,2.31677,0,3400,68534153091
40.8853,24.4587,65.75,0,100,94,75,1434,3504,2.12697,0,11.0784,2.31677,0,3400,68558612983
38.6322,25.8852,65.75,0,100,94,75,1434,3504,2.12697,0,11.0784,2.31677,0,3400,68584499682
37.4131,26.7286,65.75,0,100,94,75,1434,3504,2.12697,0,11.0784,2.31677,0,3400,68611229354
44.9657,22.2392,65.75,0,100,94,75,1434,3504,2.12697,0,11.0784,2.31677,0,3400,68633469647
37.8451,26.4235,65.75,0,100,94,75,1434,3504,2.12697,0,11.0784,2.31677,0,3400,68659896974
36.6385,27.2937,65.75,0,100,94,75,1434,3504,2.12697,0,11.0784,2.31677,0,3400,68687197079
39.5678,25.2731,61.6751,0,100,94,75,1433,3504,2.12882,0,11.1068,2.31677,0,3400,68712463980
38.8451,25.7432,61.6751,0,100,94,75,1433,3504,2.12882,0,11.1068,2.31677,0,3400,68738207881
41.9648,23.8295,61.6751,0,100,94,75,1433,3504,2.12882,0,11.1068,2.31677,0,3400,68762039267
41.2551,24.2394,61.6751,0,100,94,75,1433,3504,2.12882,0,11.1068,2.31677,0,3400,68786280090
17.6676,56.6009,61.6751,0,100,94,75,1433,3504,2.12882,0,11.1068,2.31677,0,3400,68842881946
28.3824,35.2331,61.6751,0,100,94,75,1433,3504,2.12882,0,11.1068,2.31677,0,3400,68878116597
37.7219,26.5098,61.6751,0,100,94,75,1433,3504,2.12882,0,11.1068,2.31677,0,3400,68904627534
44.3902,22.5275,61.6751,0,100,94,75,1433,3504,2.12882,0,11.1068,2.31677,0,3400,68927156242
34.2563,29.1917,61.6751,0,100,94,75,1433,3504,2.12882,0,11.1068,2.31677,0,3400,68956348665
43.7627,22.8505,61.6751,0,100,94,75,1433,3504,2.12882,0,11.1068,2.31677,0,3400,68979202142
43.605,22.9331,61.6751,0,100,94,75,1433,3504,2.12882,0,11.1068,2.31677,0,3400,69002134919
28.6143,34.9475,61.6751,0,100,94,75,1433,3504,2.12882,0,11.1068,2.31677,0,3400,69037084949
34.2278,29.216,61.6751,0,100,94,75,1433,3504,2.12882,0,11.1068,2.31677,0,3400,69066301943
53.1562,18.8125,61.6751,0,100,94,75,1433,3504,2.12882,0,11.1068,2.31677,0,3400,69085115219
37.2181,26.8686,61.6751,0,100,94,75,1433,3504,2.12882,0,11.1068,2.31677,0,3400,69111985240
51.29,19.497,61.6751,0,100,94,75,1433,3504,2.12882,0,11.1068,2.31677,0,3400,69131483992
44.2239,22.6122,61.6751,0,100,94,75,1433,3504,2.12882,0,11.1068,2.31677,0,3400,69154097234
41.1537,24.2991,61.6751,0,100,94,75,1433,3504,2.12882,0,11.1068,2.31677,0,3400,69178397019
55.6575,17.967,61.6751,0,100,94,75,1433,3504,2.12882,0,11.1068,2.31677,0,3400,69196370426
38.8068,25.7687,57.3529,0,97,93,75,1444,3504,2.12919,0,11.1119,2.31677,0,3400,69222135660
38.63,25.8867,57.3529,0,97,93,75,1444,3504,2.12919,0,11.1119,2.31677,0,3400,69248022728
43.5035,22.9866,57.3529,0,97,93,75,1444,3504,2.12919,0,11.1119,2.31677,0,3400,69271010358
43.4274,23.0269,57.3529,0,97,93,75,1444,3504,2.12919,0,11.1119,2.31677,0,3400,69294038020
40.3633,24.775,57.3529,0,97,93,75,1444,3504,2.12919,0,11.1119,2.31677,0,3400,69318814055
39.9474,25.0329,57.3529,0,97,93,75,1444,3504,2.12919,0,11.1119,2.31677,0,3400,69343847763
42.2564,23.665,57.3529,0,97,93,75,1444,3504,2.12919,0,11.1119,2.31677,0,3400,69367514825
38.1876,26.1865,57.3529,0,97,93,75,1444,3504,2.12919,0,11.1119,2.31677,0,3400,69393703630
44.3023,22.5722,57.3529,0,97,93,75,1444,3504,2.12919,0,11.1119,2.31677,0,3400,69416276064
39.356,25.4091,57.3529,0,97,93,75,1444,3504,2.12919,0,11.1119,2.31677,0,3400,69441686927
43.7055,22.8804,57.3529,0,97,93,75,1444,3504,2.12919,0,11.1119,2.31677,0,3400,69464568764
40.7144,24.5613,57.3529,0,97,93,75,1444,3504,2.12919,0,11.1119,2.31677,0,3400,69489132663
35.9982,27.7791,57.3529,0,97,93,75,1444,3504,2.12919,0,11.1119,2.31677,0,3400,69516911432
44.6449,22.399,57.3529,0,97,93,75,1444,3504,2.12919,0,11.1119,2.31677,0,3400,69539311546
43.6156,22.9276,57.3529,0,97,93,75,1444,3504,2.12919,0,11.1119,2.31677,0,3400,69562240134
40.8417,24.4848,57.3529,0,97,93,75,1444,3504,2.12919,0,11.1119,2.31677,0,3400,69586726014
42.6559,23.4434,57.3529,0,97,93,75,1444,3504,2.12919,0,11.1119,2.31677,0,3400,69610171080
41.2544,24.2398,57.3529,0,97,93,75,1444,3504,2.12919,0,11.1119,2.31677,0,3400,69634413099
35.2049,28.4051,57.3529,0,97,93,75,1444,3504,2.12919,0,11.1119,2.31677,0,3400,69662819606
50.3737,19.8516,57.3529,0,97,93,75,1444,3504,2.12919,0,11.1119,2.31677,0,3400,69682671735
42.8838,23.3188,57.3529,0,97,93,75,1444,3504,2.12919,0,11.1119,2.31677,0,3400,69706008021
41.9935,23.8132,58.9421,0,97,93,75,1502,3504,2.1294,0,11.1308,2.31677,0,3407,69729807792
39.8682,25.0826,58.9421,0,97,93,75,1502,3504,2.1294,0,11.1308,2.31677,0,3407,69754891516
42.9332,23.292,58.9421,0,97,93,75,1502,3504,2.1294,0,11.1308,2.31677,0,3407,69778186116
40.8557,24.4764,58.9421,0,97,93,75,1502,3504,2.1294,0,11.1308,2.31677,0,3407,69802662644
42.5144,23.5215,58.9421,0,97,93,75,1502,3504,2.1294,0,11.1308,2.31677,0,3407,69826185662
40.1527,24.9049,58.9421,0,97,93,75,1502,3504,2.1294,0,11.1308,2.31677,0,3407,69851091425
42.499,23.53,58.9421,0,97,93,75,1502,3504,2.1294,0,11.1308,2.31677,0,3407,69874624078
41.7901,23.9291,58.9421,0,97,93,75,1502,3504,2.1294,0,11.1308,2.31677,0,3407,69898553844
42.0636,23.7735,58.9421,0,97,93,75,1502,3504,2.1294,0,11.1308,2.31677,0,3407,69922327840
41.0274,24.374,58.9421,0,97,93,75,1502,3504,2.1294,0,11.1308,2.31677,0,3407,69946703224
39.3384,25.4204,58.9421,0,97,93,75,1502,3504,2.1294,0,11.1308,2.31677,0,3407,69972126238
40.427,24.736,58.9421,0,97,93,75,1502,3504,2.1294,0,11.1308,2.31677,0,3407,69996863703
43.1587,23.1703,58.9421,0,97,93,75,1502,3504,2.1294,0,11.1308,2.31677,0,3407,70020034579
41.0931,24.335,58.9421,0,97,93,75,1502,3504,2.1294,0,11.1308,2.31677,0,3407,70044371008
42.6071,23.4702,58.9421,0,97,93,75,1502,3504,2.1294,0,11.1308,2.31677,0,3407,70067842053
42.7534,23.3899,58.9421,0,97,93,75,1502,3504,2.1294,0,11.1308,2.31677,0,3407,70091231580
42.8892,23.3159,58.9421,0,97,93,75,1502,3504,2.1294,0,11.1308,2.31677,0,3407,70114549324
40.0926,24.9422,58.9421,0,97,93,75,1502,3504,2.1294,0,11.1308,2.31677,0,3407,70139492582
41.3188,24.2021,58.9421,0,97,93,75,1502,3504,2.1294,0,11.1308,2.31677,0,3407,70163718684
42.5321,23.5116,58.9421,0,97,93,75,1502,3504,2.1294,0,11.1308,2.31677,0,3407,70187231066
42.5017,23.5285,58.9421,0,97,93,75,1502,3504,2.1294,0,11.1308,2.31677,0,3407,70210763096
40.0861,24.9463,64.4608,0,97,95,75,1502,3504,2.1294,0,11.1341,2.31677,0,3400,70235707611
41.5683,24.0568,64.4608,0,97,95,75,1502,3504,2.1294,0,11.1341,2.31677,0,3400,70259766652
43.1901,23.1535,64.4608,0,97,95,75,1502,3504,2.1294,0,11.1341,2.31677,0,3400,70282920893
41.8398,23.9007,64.4608,0,97,95,75,1502,3504,2.1294,0,11.1341,2.31677,0,3400,70306824229
40.3914,24.7577,64.4608,0,97,95,75,1502,3504,2.1294,0,11.1341,2.31677,0,3400,70331584388
37.7059,26.521,64.4608,0,97,95,75,1502,3504,2.1294,0,11.1341,2.31677,0,3400,70358109286
47.4337,21.0821,64.4608,0,97,95,75,1502,3504,2.1294,0,11.1341,2.31677,0,3400,70379189351
39.5468,25.2865,64.4608,0,97,95,75,1502,3504,2.1294,0,11.1341,2.31677,0,3400,70404476372
42.9053,23.3072,64.4608,0,97,95,75,1502,3504,2.1294,0,11.1341,2.31677,0,3400,70427785322
42.0516,23.7803,64.4608,0,97,95,75,1502,3504,2.1294,0,11.1341,2.31677,0,3400,70451565572
41.3022,24.2118,64.4608,0,97,95,75,1502,3504,2.1294,0,11.1341,2.31677,0,3400,70475778483
43.6561,22.9063,64.4608,0,97,95,75,1502,3504,2.1294,0,11.1341,2.31677,0,3400,70498687309
39.183,25.5213,64.4608,0,97,95,75,1502,3504,2.1294,0,11.1341,2.31677,0,3400,70524211489
41.8541,23.8925,64.4608,0,97,95,75,1502,3504,2.1294,0,11.1341,2.31677,0,3400,70548103700
42.8372,23.3442,64.4608,0,97,95,75,1502,3504,2.1294,0,11.1341,2.31677,0,3400,70571449707
39.4999,25.3165,64.4608,0,97,95,75,1502,3504,2.1294,0,11.1341,2.31677,0,3400,70596766330
47.627,20.9965,64.4608,0,97,95,75,1502,3504,2.1294,0,11.1341,2.31677,0,3400,70617764291
40.183,24.8861,64.4608,0,97,95,75,1502,3504,2.1294,0,11.1341,2.31677,0,3400,70642651134
40.2129,24.8676,64.4608,0,97,95,75,1502,3504,2.1294,0,11.1341,2.31677,0,3400,70667520123
41.8416,23.8997,64.4608,0,97,95,75,1502,3504,2.1294,0,11.1341,2.31677,0,3400,70691421398
42.9108,23.3042,64.4608,0,97,95,75,1502,3504,2.1294,0,11.1341,2.31677,0,3400,70714733102
39.5044,25.3136,70.8955,0,100,95,77,1551,3504,2.13182,0,11.134,2.31677,0,3400,70740042157
45.7026,21.8806,70.8955,0,100,95,77,1551,3504,2.13182,0,11.134,2.31677,0,3400,70761924073
38.8446,25.7436,70.8955,0,100,95,77,1551,3504,2.13182,0,11.134,2.31677,0,3400,70787668508
44.3924,22.5264,70.8955,0,100,95,77,1551,3504,2.13182,0,11.134,2.31677,0,3400,70810196614
35.0101,28.5632,70.8955,0,100,95,77,1551,3504,2.13182,0,11.134,2.31677,0,3400,70838767498
55.6841,17.9585,70.8955,0,100,95,77,1551,3504,2.13182,0,11.134,2.31677,0,3400,70856722750
43.8888,22.7848,70.8955,0,100,95,77,1551,3504,2.13182,0,11.134,2.31677,0,3400,70879509224
42.4313,23.5675,70.8955,0,100,95,77,1551,3504,2.13182,0,11.134,2.31677,0,3400,70903078171
43.5308,22.9722,70.8955,0,100,95,77,1551,3504,2.13182,0,11.134,2.31677,0,3400,70926050127
39.0419,25.6135,70.8955,0,100,95,77,1551,3504,2.13182,0,11.134,2.31677,0,3400,70951666376
44.9875,22.2284,70.8955,0,100,95,77,1551,3504,2.13182,0,11.134,2.31677,0,3400,70973894493
40.6937,24.5738,70.8955,0,100,95,77,1551,3504,2.13182,0,11.134,2.31677,0,3400,70998472671
45.0407,22.2021,70.8955,0,100,95,77,1551,3504,2.13182,0,11.134,2.31677,0,3400,71020673350
44.3148,22.5658,70.8955,0,100,95,77,1551,3504,2.13182,0,11.134,2.31677,0,3400,71043241644
38.0396,26.2884,70.8955,0,100,95,77,1551,3504,2.13182,0,11.134,2.31677,0,3400,71069531057
39.6382,25.2282,70.8955,0,100,95,77,1551,3504,2.13182,0,11.134,2.31677,0,3400,71094765238
51.9911,19.2341,70.8955,0,100,95,77,1551,3504,2.13182,0,11.134,2.31677,0,3400,71113999426
35.5223,28.1514,70.8955,0,100,95,77,1551,3504,2.13182,0,11.134,2.31677,0,3400,71142150502
10.9323,91.4717,70.8955,0,100,95,77,1551,3504,2.13182,0,11.134,2.31677,0,3400,71233629142
65.5121,15.2644,69.6172,0,100,95,77,1559,3504,2.15915,0,11.1531,2.31677,0,3401,71248901433
68.9164,14.5103,69.6172,0,100,95,77,1559,3504,2.15915,0,11.1531,2.31677,0,3401,71263400335
44.6749,22.384,69.6172,0,100,95,77,1559,3504,2.15915,0,11.1531,2.31677,0,3401,71285785308
34.1628,29.2716,69.6172,0,100,95,77,1559,3504,2.15915,0,11.1531,2.31677,0,3401,71315059276
40.8026,24.5083,69.6172,0,100,95,77,1559,3504,2.15915,0,11.1531,2.31677,0,3401,71339568557
70.923,14.0998,69.6172,0,100,95,77,1559,3504,2.15915,0,11.1531,2.31677,0,3401,71353671081
44.0009,22.7268,69.6172,0,100,95,77,1559,3504,2.15915,0,11.1531,2.31677,0,3401,71376399002
35.6173,28.0763,69.6172,0,100,95,77,1559,3504,2.15915,0,11.1531,2.31677,0,3401,71404476328
45.8172,21.8259,69.6172,0,100,95,77,1559,3504,2.15915,0,11.1531,2.31677,0,3401,71426303302
37.405,26.7344,69.6172,0,100,95,77,1559,3504,2.15915,0,11.1531,2.31677,0,3401,71453040660
46.6926,21.4167,69.6172,0,100,95,77,1559,3504,2.15915,0,11.1531,2.31677,0,3401,71474457674
41.1529,24.2996,69.6172,0,100,95,77,1559,3504,2.15915,0,11.1531,2.31677,0,3401,71498762097
45.6154,21.9224,69.6172,0,100,95,77,1559,3504,2.15915,0,11.1531,2.31677,0,3401,71520683550
41.9958,23.8119,69.6172,0,100,95,77,1559,3504,2.15915,0,11.1531,2.31677,0,3401,71544495918
38.3438,26.0798,69.6172,0,100,95,77,1559,3504,2.15915,0,11.1531,2.31677,0,3401,71570577596
41.2099,24.266,69.6172,0,100,95,77,1559,3504,2.15915,0,11.1531,2.31677,0,3401,71594844554
46.1867,21.6513,69.6172,0,100,95,77,1559,3504,2.15915,0,11.1531,2.31677,0,3401,71616497884
42.8636,23.3298,69.6172,0,100,95,77,1559,3504,2.15915,0,11.1531,2.31677,0,3401,71639828971
43.1971,23.1497,69.6172,0,100,95,77,1559,3504,2.15915,0,11.1531,2.31677,0,3401,71662979953
43.3004,23.0945,69.6172,0,100,95,77,1559,3504,2.15915,0,11.1531,2.31677,0,3401,71686075089
44.6514,22.3957,69.6172,0,100,95,77,1559,3504,2.15915,0,11.1531,2.31677,0,3401,71708473529
39.2218,25.496,69.6172,0,100,95,77,1559,3504,2.15915,0,11.1531,2.31677,0,3401,71733975853
46.0643,21.7088,73.9241,0,91,95,76,1557,3504,2.21615,0,11.1902,2.31677,0,3400,71755681478
45.1942,22.1267,73.9241,0,91,95,76,1557,3504,2.21615,0,11.1902,2.31677,0,3400,71777809255
43.6193,22.9256,73.9241,0,91,95,76,1557,3504,2.21615,0,11.1902,2.31677,0,3400,71800736634
42.1861,23.7045,73.9241,0,91,95,76,1557,3504,2.21615,0,11.1902,2.31677,0,3400,71824443261
41.0729,24.3469,73.9241,0,91,95,76,1557,3504,2.21615,0,11.1902,2.31677,0,3400,71848790655
42.056,23.7778,73.9241,0,91,95,76,1557,3504,2.21615,0,11.1902,2.31677,0,3400,71872570907
44.0911,22.6803,73.9241,0,91,95,76,1557,3504,2.21615,0,11.1902,2.31677,0,3400,71895252074
43.4182,23.0318,73.9241,0,91,95,76,1557,3504,2.21615,0,11.1902,2.31677,0,3400,71918285237
44.3341,22.556,73.9241,0,91,95,76,1557,3504,2.21615,0,11.1902,2.31677,0,3400,71940842437
41.5419,24.0721,73.9241,0,91,95,76,1557,3504,2.21615,0,11.1902,2.31677,0,3400,71964915942
43.7106,22.8777,73.9241,0,91,95,76,1557,3504,2.21615,0,11.1902,2.31677,0,3400,71987795246
38.66,25.8665,73.9241,0,91,95,76,1557,3504,2.21615,0,11.1902,2.31677,0,3400,72013662325
47.6598,20.9821,73.9241,0,91,95,76,1557,3504,2.21615,0,11.1902,2.31677,0,3400,72034646149
39.9019,25.0614,73.9241,0,91,95,76,1557,3504,2.21615,0,11.1902,2.31677,0,3400,72059708212
43.3142,23.0871,73.9241,0,91,95,76,1557,3504,2.21615,0,11.1902,2.31677,0,3400,72082796148
41.2911,24.2183,73.9241,0,91,95,76,1557,3504,2.21615,0,11.1902,2.31677,0,3400,72107015876
40.2696,24.8326,73.9241,0,91,95,76,1557,3504,2.21615,0,11.1902,2.31677,0,3400,72131850802
44.5467,22.4483,73.9241,0,91,95,76,1557,3504,2.21615,0,11.1902,2.31677,0,3400,72154300200
41.2422,24.247,73.9241,0,91,95,76,1557,3504,2.21615,0,11.1902,2.31677,0,3400,72178561021
36.5949,27.3262,73.9241,0,91,95,76,1557,3504,2.21615,0,11.1902,2.31677,0,3400,72205891595
47.0099,21.2721,73.9241,0,91,95,76,1557,3504,2.21615,0,11.1902,2.31677,0,3400,72227161630
48.4334,20.6469,73.9241,0,91,95,76,1557,3504,2.21615,0,11.1902,2.31677,0,3400,72247838881
42.9215,23.2984,72.2892,0,100,96,77,1541,3504,2.2574,0,11.186,2.31677,0,3400,72271109080
51.5804,19.3872,72.2892,0,100,96,77,1541,3504,2.2574,0,11.186,2.31677,0,3400,72290497441
44.1637,22.643,72.2892,0,100,96,77,1541,3504,2.2574,0,11.186,2.31677,0,3400,72313141956
43.1381,23.1814,72.2892,0,100,96,77,1541,3504,2.2574,0,11.186,2.31677,0,3400,72336324600
48.1038,20.7884,72.2892,0,100,96,77,1541,3504,2.2574,0,11.186,2.31677,0,3400,72357114391
44.4868,22.4786,72.2892,0,100,96,77,1541,3504,2.2574,0,11.186,2.31677,0,3400,72379595000
45.5745,21.9421,72.2892,0,100,96,77,1541,3504,2.2574,0,11.186,2.31677,0,3400,72401537572
45.9222,21.7759,72.2892,0,100,96,77,1541,3504,2.2574,0,11.186,2.31677,0,3400,72423316105
39.0374,25.6165,72.2892,0,100,96,77,1541,3504,2.2574,0,11.186,2.31677,0,3400,72448933048
51.3652,19.4684,72.2892,0,100,96,77,1541,3504,2.2574,0,11.186,2.31677,0,3400,72468403588
44.1623,22.6437,72.2892,0,100,96,77,1541,3504,2.2574,0,11.186,2.31677,0,3400,72491047839
35.5507,28.1288,72.2892,0,100,96,77,1541,3504,2.2574,0,11.186,2.31677,0,3400,72519177953
57.0209,17.5374,72.2892,0,100,96,77,1541,3504,2.2574,0,11.186,2.31677,0,3400,72536734368
40.3037,24.8116,72.2892,0,100,96,77,1541,3504,2.2574,0,11.186,2.31677,0,3400,72561529397
51.6134,19.3748,72.2892,0,100,96,77,1541,3504,2.2574,0,11.186,2.31677,0,3400,72580908997
43.8249,22.8181,72.2892,0,100,96,77,1541,3504,2.2574,0,11.186,2.31677,0,3400,72603726936
46.7639,21.384,72.2892,0,100,96,77,1541,3504,2.2574,0,11.186,2.31677,0,3400,72625112349
50.0977,19.961,72.2892,0,100,96,77,1541,3504,2.2574,0,11.186,2.31677,0,3400,72645074207
45.9505,21.7626,72.2892,0,100,96,77,1541,3504,2.2574,0,11.186,2.31677,0,3400,72666841352
45.7483,21.8587,72.2892,0,100,96,77,1541,3504,2.2574,0,11.186,2.31677,0,3400,72688699260
44.3043,22.5712,72.2892,0,100,96,77,1541,3504,2.2574,0,11.186,2.31677,0,3400,72711271336
46.3556,21.5724,72.2892,0,100,96,77,1541,3504,2.2574,0,11.186,2.31677,0,3400,72732844920
48.6388,20.5597,72.2892,0,100,96,77,1541,3504,2.2574,0,11.186,2.31677,0,3400,72753411586
43.1662,23.1663,60.688,0,100,96,77,1606,3504,2.27234,0,11.1948,2.31677,0,3400,72776574410
50.2319,19.9077,60.688,0,100,96,77,1606,3504,2.27234,0,11.1948,2.31677,0,3400,72796483283
35.4269,28.2271,60.688,0,100,96,77,1606,3504,2.27234,0,11.1948,2.31677,0,3400,72824711850
62.6878,15.9521,60.688,0,100,96,77,1606,3504,2.27234,0,11.1948,2.31677,0,3400,72840664542
43.5107,22.9829,60.688,0,100,96,77,1606,3504,2.27234,0,11.1948,2.31677,0,3400,72863648133
43.5516,22.9613,60.688,0,100,96,77,1606,3504,2.27234,0,11.1948,2.31677,0,3400,72886611022
49.2558,20.3022,60.688,0,100,96,77,1606,3504,2.27234,0,11.1948,2.31677,0,3400,72906914468
46.6248,21.4478,60.688,0,100,96,77,1606,3504,2.27234,0,11.1948,2.31677,0,3400,72928363857
45.1181,22.1641,60.688,0,100,96,77,1606,3504,2.27234,0,11.1948,2.31677,0,3400,72950529350
45.1888,22.1294,60.688,0,100,96,77,1606,3504,2.27234,0,11.1948,2.31677,0,3400,72972659621
47.1358,21.2153,60.688,0,100,96,77,1606,3504,2.27234,0,11.1948,2.31677,0,3400,72993877690
46.1752,21.6566,60.688,0,100,96,77,1606,3504,2.27234,0,11.1948,2.31677,0,3400,73015534022
43.3865,23.0487,60.688,0,100,96,77,1606,3504,2.27234,0,11.1948,2.31677,0,3400,73038583895
49.2562,20.302,60.688,0,100,96,77,1606,3504,2.27234,0,11.1948,2.31677,0,3400,73058887421
43.1015,23.2011,60.688,0,100,96,77,1606,3504,2.27234,0,11.1948,2.31677,0,3400,73082089927
48.914,20.4441,60.688,0,100,96,77,1606,3504,2.27234,0,11.1948,2.31677,0,3400,73102552886
44.0241,22.7148,60.688,0,100,96,77,1606,3504,2.27234,0,11.1948,2.31677,0,3400,73125250185
46.0443,21.7182,60.688,0,100,96,77,1606,3504,2.27234,0,11.1948,2.31677,0,3400,73146970110
47.0435,21.2569,60.688,0,100,96,77,1606,3504,2.27234,0,11.1948,2.31677,0,3400,73168227085
42.5209,23.5178,60.688,0,100,96,77,1606,3504,2.27234,0,11.1948,2.31677,0,3400,73191747072
49.2856,20.2899,60.688,0,100,96,77,1606,3504,2.27234,0,11.1948,2.31677,0,3400,73212038293
44.9775,22.2333,60.688,0,100,96,77,1606,3504,2.27234,0,11.1948,2.31677,0,3400,73234272526
46.1795,21.6546,60.688,0,100,96,77,1606,3504,2.27234,0,11.1948,2.31677,0,3400,73255935141
43.8123,22.8246,49.3639,0,100,89,79,1635,3504,2.27301,0,11.1968,2.31677,0,3403,73278754588
47.3787,21.1066,49.3639,0,100,89,79,1635,3504,2.27301,0,11.1968,2.31677,0,3403,73299862282
45.7976,21.8352,49.3639,0,100,89,79,1635,3504,2.27301,0,11.1968,2.31677,0,3403,73321699494
45.6346,21.9132,49.3639,0,100,89,79,1635,3504,2.27301,0,11.1968,2.31677,0,3403,73343613311
46.4549,21.5262,49.3639,0,100,89,79,1635,3504,2.27301,0,11.1968,2.31677,0,3403,73365140746
42.4815,23.5397,49.3639,0,100,89,79,1635,3504,2.27301,0,11.1968,2.31677,0,3403,73388681241
50.6138,19.7574,49.3639,0,100,89,79,1635,3504,2.27301,0,11.1968,2.31677,0,3403,73408439491
46.325,21.5866,49.3639,0,100,89,79,1635,3504,2.27301,0,11.1968,2.31677,0,3403,73430028102
42.2201,23.6854,49.3639,0,100,89,79,1635,3504,2.27301,0,11.1968,2.31677,0,3403,73453713275
48.8444,20.4732,49.3639,0,100,89,79,1635,3504,2.27301,0,11.1968,2.31677,0,3403,73474187483
43.0596,23.2236,49.3639,0,100,89,79,1635,3504,2.27301,0,11.1968,2.31677,0,3403,73497413768
46.3738,21.5639,49.3639,0,100,89,79,1635,3504,2.27301,0,11.1968,2.31677,0,3403,73518977908
46.3629,21.569,49.3639,0,100,89,79,1635,3504,2.27301,0,11.1968,2.31677,0,3403,73540548982
47.1506,21.2087,49.3639,0,100,89,79,1635,3504,2.27301,0,11.1968,2.31677,0,3403,73561758529
45.2865,22.0816,49.3639,0,100,89,79,1635,3504,2.27301,0,11.1968,2.31677,0,3403,73583840195
47.0721,21.244,49.3639,0,100,89,79,1635,3504,2.27301,0,11.1968,2.31677,0,3403,73605086176
43.947,22.7547,49.3639,0,100,89,79,1635,3504,2.27301,0,11.1968,2.31677,0,3403,73627842057
44.7701,22.3364,49.3639,0,100,89,79,1635,3504,2.27301,0,11.1968,2.31677,0,3403,73650179083
47.7943,20.923,49.3639,0,100,89,79,1635,3504,2.27301,0,11.1968,2.31677,0,3403,73671103904
44.6069,22.4181,49.3639,0,100,89,79,1635,3504,2.27301,0,11.1968,2.31677,0,3403,73693534035
46.5833,21.4669,49.3639,0,100,89,79,1635,3504,2.27301,0,11.1968,2.31677,0,3403,73714995174
43.986,22.7345,49.3639,0,100,89,79,1635,3504,2.27301,0,11.1968,2.31677,0,3403,73737729757
45.1875,22.13,49.3639,0,100,89,79,1635,3504,2.27301,0,11.1968,2.31677,0,3403,73759865471
46.4731,21.5178,46.9697,0,100,89,79,1635,3504,2.27301,0,11.1907,2.31677,0,3400,73781379951
47.8523,20.8977,46.9697,0,100,89,79,1635,3504,2.27301,0,11.1907,2.31677,0,3400,73802279502
43.3254,23.0811,46.9697,0,100,89,79,1635,3504,2.27301,0,11.1907,2.31677,0,3400,73825360999
44.0487,22.7022,46.9697,0,100,89,79,1635,3504,2.27301,0,11.1907,2.31677,0,3400,73848065142
45.7283,21.8683,46.9697,0,100,89,79,1635,3504,2.27301,0,11.1907,2.31677,0,3400,73869935097
47.916,20.8699,46.9697,0,100,89,79,1635,3504,2.27301,0,11.1907,2.31677,0,3400,73890805314
44.0403,22.7065,46.9697,0,100,89,79,1635,3504,2.27301,0,11.1907,2.31677,0,3400,73913515314
47.9417,20.8587,46.9697,0,100,89,79,1635,3504,2.27301,0,11.1907,2.31677,0,3400,73934373391
43.8424,22.809,46.9697,0,100,89,79,1635,3504,2.27301,0,11.1907,2.31677,0,3400,73957183973
46.4049,21.5494,46.9697,0,100,89,79,1635,3504,2.27301,0,11.1907,2.31677,0,3400,73978734934
41.8728,23.8819,46.9697,0,100,89,79,1635,3504,2.27301,0,11.1907,2.31677,0,3400,74002618732
48.5163,20.6116,46.9697,0,100,89,79,1635,3504,2.27301,0,11.1907,2.31677,0,3400,74023229965
44.2708,22.5883,46.9697,0,100,89,79,1635,3504,2.27301,0,11.1907,2.31677,0,3400,74045819366
48.9436,20.4317,46.9697,0,100,89,79,1635,3504,2.27301,0,11.1907,2.31677,0,3400,74066252069
44.7378,22.3525,46.9697,0,100,89,79,1635,3504,2.27301,0,11.1907,2.31677,0,3400,74088605647
42.9104,23.3044,46.9697,0,100,89,79,1635,3504,2.27301,0,11.1907,2.31677,0,3400,74111910728
48.8154,20.4853,46.9697,0,100,89,79,1635,3504,2.27301,0,11.1907,2.31677,0,3400,74132397828
45.6751,21.8937,46.9697,0,100,89,79,1635,3504,2.27301,0,11.1907,2.31677,0,3400,74154294470
46.174,21.6572,46.9697,0,100,89,79,1635,3504,2.27301,0,11.1907,2.31677,0,3400,74175951123
43.7231,22.8712,46.9697,0,100,89,79,1635,3504,2.27301,0,11.1907,2.31677,0,3400,74198823798
46.1006,21.6917,46.9697,0,100,89,79,1635,3504,2.27301,0,11.1907,2.31677,0,3400,74220517755
45.1875,22.13,46.9697,0,100,89,79,1635,3504,2.27301,0,11.1907,2.31677,0,3400,74242647745
47.58,21.0172,46.9697,0,100,89,79,1635,3504,2.27301,0,11.1907,2.31677,0,3400,74263672214
44.8623,22.2904,47.7612,0,100,92,79,1632,3504,2.27301,0,11.191,2.31677,0,3400,74285957792
44.3504,22.5477,47.7612,0,100,92,79,1632,3504,2.27301,0,11.191,2.31677,0,3400,74308506055
47.2305,21.1728,47.7612,0,100,92,79,1632,3504,2.27301,0,11.191,2.31677,0,3400,74329680638
44.8306,22.3062,47.7612,0,100,92,79,1632,3504,2.27301,0,11.191,2.31677,0,3400,74351988417
45.8621,21.8045,47.7612,0,100,92,79,1632,3504,2.27301,0,11.191,2.31677,0,3400,74373793637
43.6465,22.9113,47.7612,0,100,92,79,1632,3504,2.27301,0,11.191,2.31677,0,3400,74396706069
47.9631,20.8494,47.7612,0,100,92,79,1632,3504,2.27301,0,11.191,2.31677,0,3400,74417556031
45.0603,22.1925,47.7612,0,100,92,79,1632,3504,2.27301,0,11.191,2.31677,0,3400,74439750093
45.0762,22.1847,47.7612,0,100,92,79,1632,3504,2.27301,0,11.191,2.31677,0,3400,74461935885
42.9116,23.3037,47.7612,0,100,92,79,1632,3504,2.27301,0,11.191,2.31677,0,3400,74485240738
47.4378,21.0802,47.7612,0,100,92,79,1632,3504,2.27301,0,11.191,2.31677,0,3400,74506321429
43.5246,22.9755,47.7612,0,100,92,79,1632,3504,2.27301,0,11.191,2.31677,0,3400,74529299287
47.8131,20.9148,47.7612,0,100,92,79,1632,3504,2.27301,0,11.191,2.31677,0,3400,74550218275
44.0137,22.7202,47.7612,0,100,92,79,1632,3504,2.27301,0,11.191,2.31677,0,3400,74572944517
47.5531,21.0291,47.7612,0,100,92,79,1632,3504,2.27301,0,11.191,2.31677,0,3400,74593969774
46.384,21.5592,47.7612,0,100,92,79,1632,3504,2.27301,0,11.191,2.31677,0,3400,74615529594
45.5419,21.9578,47.7612,0,100,92,79,1632,3504,2.27301,0,11.191,2.31677,0,3400,74637488188
42.472,23.5449,47.7612,0,100,92,79,1632,3504,2.27301,0,11.191,2.31677,0,3400,74661034089
38.6269,25.8887,47.7612,0,100,92,79,1632,3504,2.27301,0,11.191,2.31677,0,3400,74686924150
61.7192,16.2024,47.7612,0,100,92,79,1632,3504,2.27301,0,11.191,2.31677,0,3400,74703127670
43.6159,22.9274,47.7612,0,100,92,79,1632,3504,2.27301,0,11.191,2.31677,0,3400,74726056340
46.4014,21.5511,47.7612,0,100,92,79,1632,3504,2.27301,0,11.191,2.31677,0,3400,74747609255
44.4318,22.5064,47.7612,0,100,92,79,1632,3504,2.27301,0,11.191,2.31677,0,3400,74770123295
44.1816,22.6338,50.6266,0,100,92,79,1632,3504,2.27301,0,11.2141,2.31677,0,3400,74792752927
45.2241,22.1121,50.6266,0,100,92,79,1632,3504,2.27301,0,11.2141,2.31677,0,3400,74814866603
46.6397,21.441,50.6266,0,100,92,79,1632,3504,2.27301,0,11.2141,2.31677,0,3400,74836309436
43.5095,22.9835,50.6266,0,100,92,79,1632,3504,2.27301,0,11.2141,2.31677,0,3400,74859294313
43.5345,22.9703,50.6266,0,100,92,79,1632,3504,2.27301,0,11.2141,2.31677,0,3400,74882265430
51.7017,19.3417,50.6266,0,100,92,79,1632,3504,2.27301,0,11.2141,2.31677,0,3400,74901608269
40.3148,24.8048,50.6266,0,100,92,79,1632,3504,2.27301,0,11.2141,2.31677,0,3400,74926413958
48.1705,20.7596,50.6266,0,100,92,79,1632,3504,2.27301,0,11.2141,2.31677,0,3400,74947174727
45.7856,21.8409,50.6266,0,100,92,79,1632,3504,2.27301,0,11.2141,2.31677,0,3400,74969016752
47.8859,20.883,50.6266,0,100,92,79,1632,3504,2.27301,0,11.2141,2.31677,0,3400,74989901501
44.0373,22.708,50.6266,0,100,92,79,1632,3504,2.27301,0,11.2141,2.31677,0,3400,75012610378
45.7313,21.8669,50.6266,0,100,92,79,1632,3504,2.27301,0,11.2141,2.31677,0,3400,75034479463
47.2871,21.1474,50.6266,0,100,92,79,1632,3504,2.27301,0,11.2141,2.31677,0,3400,75055627769
45.8505,21.81,50.6266,0,100,92,79,1632,3504,2.27301,0,11.2141,2.31677,0,3400,75077439135
42.541,23.5067,50.6266,0,100,92,79,1632,3504,2.27301,0,11.2141,2.31677,0,3400,75100947492
47.6068,21.0054,50.6266,0,100,92,79,1632,3504,2.27301,0,11.2141,2.31677,0,3400,75121953756
48.3002,20.7039,50.6266,0,100,92,79,1632,3504,2.27301,0,11.2141,2.31677,0,3400,75142658767
44.6307,22.4061,50.6266,0,100,92,79,1632,3504,2.27301,0,11.2141,2.31677,0,3400,75165065138
45.6123,21.9239,50.6266,0,100,92,79,1632,3504,2.27301,0,11.2141,2.31677,0,3400,75187010017
45.1514,22.1477,50.6266,0,100,92,79,1632,3504,2.27301,0,11.2141,2.31677,0,3400,75209138469
48.2196,20.7385,50.6266,0,100,92,79,1632,3504,2.27301,0,11.2141,2.31677,0,3400,75229878950
48.2024,20.7459,50.6266,0,100,92,79,1632,3504,2.27301,0,11.2141,2.31677,0,3400,75250626135
45.7049,21.8795,50.6266,0,100,92,79,1632,3504,2.27301,0,11.2141,2.31677,0,3400,75272511303
43.9454,22.7555,53.1328,0,100,94,79,1632,3504,2.27301,0,11.2158,2.31677,0,3428,75295264185
47.8416,20.9023,53.1328,0,100,94,79,1632,3504,2.27301,0,11.2158,2.31677,0,3428,75316167188
47.1371,21.2147,53.1328,0,100,94,79,1632,3504,2.27301,0,11.2158,2.31677,0,3428,75337383772
43.1951,23.1508,53.1328,0,100,94,79,1632,3504,2.27301,0,11.2158,2.31677,0,3428,75360535460
47.6645,20.98,53.1328,0,100,94,79,1632,3504,2.27301,0,11.2158,2.31677,0,3428,75381517067
47.6383,20.9915,53.1328,0,100,94,79,1632,3504,2.27301,0,11.2158,2.31677,0,3428,75402509649
49.1669,20.3389,53.1328,0,100,94,79,1632,3504,2.27301,0,11.2158,2.31677,0,3428,75422849326
43.933,22.7619,53.1328,0,100,94,79,1632,3504,2.27301,0,11.2158,2.31677,0,3428,75445612974
46.5066,21.5023,53.1328,0,100,94,79,1632,3504,2.27301,0,11.2158,2.31677,0,3428,75467115985
48.0424,20.815,53.1328,0,100,94,79,1632,3504,2.27301,0,11.2158,2.31677,0,3428,75487933168
45.0618,22.1917,53.1328,0,100,94,79,1632,3504,2.27301,0,11.2158,2.31677,0,3428,75510125646
46.556,21.4795,53.1328,0,100,94,79,1632,3504,2.27301,0,11.2158,2.31677,0,3428,75531607086
45.2913,22.0793,53.1328,0,100,94,79,1632,3504,2.27301,0,11.2158,2.31677,0,3428,75553687021
48.0488,20.8122,53.1328,0,100,94,79,1632,3504,2.27301,0,11.2158,2.31677,0,3428,75574499715
45.4263,22.0137,53.1328,0,100,94,79,1632,3504,2.27301,0,11.2158,2.31677,0,3428,75596515879
49.4452,20.2244,53.1328,0,100,94,79,1632,3504,2.27301,0,11.2158,2.31677,0,3428,75616740453
46.3862,21.5581,53.1328,0,100,94,79,1632,3504,2.27301,0,11.2158,2.31677,0,3428,75638299695
45.3016,22.0743,53.1328,0,100,94,79,1632,3504,2.27301,0,11.2158,2.31677,0,3428,75660375321
43.4428,23.0188,53.1328,0,100,94,79,1632,3504,2.27301,0,11.2158,2.31677,0,3428,75683395712
50.4877,19.8068,53.1328,0,100,94,79,1632,3504,2.27301,0,11.2158,2.31677,0,3428,75703203827
47.0337,21.2613,53.1328,0,100,94,79,1632,3504,2.27301,0,11.2158,2.31677,0,3428,75724466153
40.3636,24.7748,53.1328,0,100,94,79,1632,3504,2.27301,0,11.2158,2.31677,0,3428,75749242917
51.5504,19.3985,53.1328,0,100,94,79,1632,3504,2.27301,0,11.2158,2.31677,0,3428,75768643800
45.6501,21.9058,53.1328,0,100,94,79,1632,3504,2.27301,0,11.2158,2.31677,0,3428,75790556237
47.6856,20.9707,49.2823,0,100,94,79,1667,3504,2.27301,0,11.2209,2.31677,0,3400,75811521783
46.7405,21.3947,49.2823,0,100,94,79,1667,3504,2.27301,0,11.2209,2.31677,0,3400,75832919559
35.0363,28.5418,49.2823,0,100,94,79,1667,3504,2.27301,0,11.2209,2.31677,0,3400,75861461778
72.5771,13.7784,49.2823,0,100,94,79,1667,3504,2.27301,0,11.2209,2.31677,0,3400,75875241424
44.3956,22.5248,49.2823,0,100,94,79,1667,3504,2.27301,0,11.2209,2.31677,0,3400,75897766196
43.8428,22.8088,49.2823,0,100,94,79,1667,3504,2.27301,0,11.2209,2.31677,0,3400,75920576628
50.3714,19.8525,49.2823,0,100,94,79,1667,3504,2.27301,0,11.2209,2.31677,0,3400,75940430766
45.8382,21.8159,49.2823,0,100,94,79,1667,3504,2.27301,0,11.2209,2.31677,0,3400,75962247823
44.6544,22.3942,49.2823,0,100,94,79,1667,3504,2.27301,0,11.2209,2.31677,0,3400,75984644087
48.0888,20.7949,49.2823,0,100,94,79,1667,3504,2.27301,0,11.2209,2.31677,0,3400,76005440750
48.7436,20.5155,49.2823,0,100,94,79,1667,3504,2.27301,0,11.2209,2.31677,0,3400,76025957555
43.5955,22.9381,49.2823,0,100,94,79,1667,3504,2.27301,0,11.2209,2.31677,0,3400,76048895966
48.2987,20.7045,49.2823,0,100,94,79,1667,3504,2.27301,0,11.2209,2.31677,0,3400,76069601902
45.1176,22.1643,49.2823,0,100,94,79,1667,3504,2.27301,0,11.2209,2.31677,0,3400,76091768207
44.7771,22.3328,49.2823,0,100,94,79,1667,3504,2.27301,0,11.2209,2.31677,0,3400,76114104380
46.6726,21.4259,49.2823,0,100,94,79,1667,3504,2.27301,0,11.2209,2.31677,0,3400,76135530042
48.0773,20.7998,49.2823,0,100,94,79,1667,3504,2.27301,0,11.2209,2.31677,0,3400,76156330228
43.1329,23.1841,49.2823,0,100,94,79,1667,3504,2.27301,0,11.2209,2.31677,0,3400,76179521865
52.1119,19.1895,49.2823,0,100,94,79,1667,3504,2.27301,0,11.2209,2.31677,0,3400,76198708403
44.4122,22.5163,49.2823,0,100,94,79,1667,3504,2.27301,0,11.2209,2.31677,0,3400,76221224804
48.4404,20.6439,49.2823,0,100,94,79,1667,3504,2.27301,0,11.2209,2.31677,0,3400,76241882325
44.3497,22.5481,49.2823,0,100,94,79,1667,3504,2.27301,0,11.2209,2.31677,0,3400,76264418502
47.3984,21.0977,49.2823,0,100,94,79,1667,3504,2.27301,0,11.2209,2.31677,0,3400,76285517531
48.3325,20.69,49.2823,0,100,94,79,1667,3504,2.27301,0,11.2209,2.31677,0,3400,76306216014
42.6837,23.4281,49.8759,0,100,89,81,1683,3504,2.27301,0,11.2216,2.31677,0,3400,76329639059
48.3514,20.6819,49.8759,0,100,89,81,1683,3504,2.27301,0,11.2216,2.31677,0,3400,76350321328
47.4233,21.0867,49.8759,0,100,89,81,1683,3504,2.27301,0,11.2216,2.31677,0,3400,76371410004
47.1973,21.1876,49.8759,0,100,89,81,1683,3504,2.27301,0,11.2216,2.31677,0,3400,76392600072
41.9028,23.8648,49.8759,0,100,89,81,1683,3504,2.27301,0,11.2216,2.31677,0,3400,76416464545
48.0344,20.8184,49.8759,0,100,89,81,1683,3504,2.27301,0,11.2216,2.31677,0,3400,76437286547
48.8779,20.4592,49.8759,0,100,89,81,1683,3504,2.27301,0,11.2216,2.31677,0,3400,76457746103
46.2405,21.6261,49.8759,0,100,89,81,1683,3504,2.27301,0,11.2216,2.31677,0,3400,76479376294
46.6652,21.4293,49.8759,0,100,89,81,1683,3504,2.27301,0,11.2216,2.31677,0,3400,76500805189
45.0695,22.188,49.8759,0,100,89,81,1683,3504,2.27301,0,11.2216,2.31677,0,3400,76522995456
49.8191,20.0726,49.8759,0,100,89,81,1683,3504,2.27301,0,11.2216,2.31677,0,3400,76543068033
45.757,21.8546,49.8759,0,100,89,81,1683,3504,2.27301,0,11.2216,2.31677,0,3400,76564924133
43.9206,22.7683,49.8759,0,100,89,81,1683,3504,2.27301,0,11.2216,2.31677,0,3400,76587694000
47.7759,20.9311,49.8759,0,100,89,81,1683,3504,2.27301,0,11.2216,2.31677,0,3400,76608624928
48.1549,20.7663,49.8759,0,100,89,81,1683,3504,2.27301,0,11.2216,2.31677,0,3400,76629394470
45.0354,22.2048,49.8759,0,100,89,81,1683,3504,2.27301,0,11.2216,2.31677,0,3400,76651599710
47.8987,20.8774,49.8759,0,100,89,81,1683,3504,2.27301,0,11.2216,2.31677,0,3400,76672478182
45.1087,22.1687,49.8759,0,100,89,81,1683,3504,2.27301,0,11.2216,2.31677,0,3400,76694649493
47.4044,21.0951,49.8759,0,100,89,81,1683,3504,2.27301,0,11.2216,2.31677,0,3400,76715745935
46.6318,21.4446,49.8759,0,100,89,81,1683,3504,2.27301,0,11.2216,2.31677,0,3400,76737192382
48.9989,20.4086,49.8759,0,100,89,81,1683,3504,2.27301,0,11.2216,2.31677,0,3400,76757601408
45.052,22.1965,49.8759,0,100,89,81,1683,3504,2.27301,0,11.2216,2.31677,0,3400,76779800118
47.3923,21.1005,49.8759,0,100,89,81,1683,3504,2.27301,0,11.2216,2.31677,0,3400,76800901240
47.142,21.2125,49.8759,0,100,89,81,1683,3504,2.27301,0,11.2216,2.31677,0,3400,76822123594
45.3099,22.0702,48.3951,0,100,89,81,1683,3504,2.27301,0,11.2399,2.31677,0,3402,76844186917
45.8928,21.7899,48.3951,0,100,89,81,1683,3504,2.27301,0,11.2399,2.31677,0,3402,76865977964
44.8364,22.3033,48.3951,0,100,89,81,1683,3504,2.27301,0,11.2399,2.31677,0,3402,76888282750
46.9309,21.3079,48.3951,0,100,89,81,1683,3504,2.27301,0,11.2399,2.31677,0,3402,76909591320
46.4959,21.5073,48.3951,0,100,89,81,1683,3504,2.27301,0,11.2399,2.31677,0,3402,76931100166
47.3905,21.1013,48.3951,0,100,89,81,1683,3504,2.27301,0,11.2399,2.31677,0,3402,76952202712
48.3279,20.692,48.3951,0,100,89,81,1683,3504,2.27301,0,11.2399,2.31677,0,3402,76972896012
48.0943,20.7925,48.3951,0,100,89,81,1683,3504,2.27301,0,11.2399,2.31677,0,3402,76993689879
43.8928,22.7828,48.3951,0,100,89,81,1683,3504,2.27301,0,11.2399,2.31677,0,3402,77016474142
47.3076,21.1382,48.3951,0,100,89,81,1683,3504,2.27301,0,11.2399,2.31677,0,3402,77037612374
44.6432,22.3998,48.3951,0,100,89,81,1683,3504,2.27301,0,11.2399,2.31677,0,3402,77060013833
44.6794,22.3817,48.3951,0,100,89,81,1683,3504,2.27301,0,11.2399,2.31677,0,3402,77082397035
47.2984,21.1423,48.3951,0,100,89,81,1683,3504,2.27301,0,11.2399,2.31677,0,3402,77103541020
47.9113,20.8719,48.3951,0,100,89,81,1683,3504,2.27301,0,11.2399,2.31677,0,3402,77124415158
45.502,21.977,48.3951,0,100,89,81,1683,3504,2.27301,0,11.2399,2.31677,0,3402,77146393379
47.3038,21.1399,48.3951,0,100,89,81,1683,3504,2.27301,0,11.2399,2.31677,0,3402,77167534961
49.1516,20.3452,48.3951,0,100,89,81,1683,3504,2.27301,0,11.2399,2.31677,0,3402,77187880495
43.3481,23.0691,48.3951,0,100,89,81,1683,3504,2.27301,0,11.2399,2.31677,0,3402,77210952534
45.5581,21.95,48.3951,0,100,89,81,1683,3504,2.27301,0,11.2399,2.31677,0,3402,77232903082
48.4752,20.6291,48.3951,0,100,89,81,1683,3504,2.27301,0,11.2399,2.31677,0,3402,77253532480
39.9425,25.036,48.3951,0,100,89,81,1683,3504,2.27301,0,11.2399,2.31677,0,3402,77278570554
48.0668,20.8044,48.3951,0,100,89,81,1683,3504,2.27301,0,11.2399,2.31677,0,3402,77299375864
50.7609,19.7002,48.3951,0,100,89,81,1683,3504,2.27301,0,11.2399,2.31677,0,3402,77319076711
47.7804,20.9291,48.3951,0,100,89,81,1683,3504,2.27301,0,11.2399,2.31677,0,3402,77340013138
46.6825,21.4213,58.8808,0,100,92,81,1683,3504,2.27301,0,11.2597,2.31677,0,3400,77361429794
47.9906,20.8374,58.8808,0,100,92,81,1683,3504,2.27301,0,11.2597,2.31677,0,3400,77382269086
49.4159,20.2364,58.8808,0,100,92,81,1683,3504,2.27301,0,11.2597,2.31677,0,3400,77402506923
44.6876,22.3776,58.8808,0,100,92,81,1683,3504,2.27301,0,11.2597,2.31677,0,3400,77424888095
48.0745,20.8011,58.8808,0,100,92,81,1683,3504,2.27301,0,11.2597,2.31677,0,3400,77445687788
47.1651,21.2021,58.8808,0,100,92,81,1683,3504,2.27301,0,11.2597,2.31677,0,3400,77466891140
44.7795,22.3317,58.8808,0,100,92,81,1683,3504,2.27301,0,11.2597,2.31677,0,3400,77489224203
48.1581,20.7649,58.8808,0,100,92,81,1683,3504,2.27301,0,11.2597,2.31677,0,3400,77509990543
45.7866,21.8405,58.8808,0,100,92,81,1683,3504,2.27301,0,11.2597,2.31677,0,3400,77531832472
47.3144,21.1352,58.8808,0,100,92,81,1683,3504,2.27301,0,11.2597,2.31677,0,3400,77552968425
45.1919,22.1278,58.8808,0,100,92,81,1683,3504,2.27301,0,11.2597,2.31677,0,3400,77575098257
45.6977,21.8829,58.8808,0,100,92,81,1683,3504,2.27301,0,11.2597,2.31677,0,3400,77596982050
49.2424,20.3077,58.8808,0,100,92,81,1683,3504,2.27301,0,11.2597,2.31677,0,3400,77617291800
46.6423,21.4398,58.8808,0,100,92,81,1683,3504,2.27301,0,11.2597,2.31677,0,3400,77638732119
42.5677,23.492,58.8808,0,100,92,81,1683,3504,2.27301,0,11.2597,2.31677,0,3400,77662225132
50.2382,19.9052,58.8808,0,100,92,81,1683,3504,2.27301,0,11.2597,2.31677,0,3400,77682133341
47.6501,20.9863,58.8808,0,100,92,81,1683,3504,2.27301,0,11.2597,2.31677,0,3400,77703118907
47.7539,20.9407,58.8808,0,100,92,81,1683,3504,2.27301,0,11.2597,2.31677,0,3400,77724061789
42.7781,23.3764,58.8808,0,100,92,81,1683,3504,2.27301,0,11.2597,2.31677,0,3400,77747438512
50.1432,19.9429,58.8808,0,100,92,81,1683,3504,2.27301,0,11.2597,2.31677,0,3400,77767384164
44.2379,22.6051,58.8808,0,100,92,81,1683,3504,2.27301,0,11.2597,2.31677,0,3400,77789989530
48.6888,20.5386,58.8808,0,100,92,81,1683,3504,2.27301,0,11.2597,2.31677,0,3400,77810530748
44.9552,22.2444,58.8808,0,100,92,81,1683,3504,2.27301,0,11.2597,2.31677,0,3400,77832776653
47.875,20.8877,58.8808,0,100,92,81,1683,3504,2.27301,0,11.2597,2.31677,0,3400,77853668859
47.8272,20.9086,48.5222,0,100,92,81,1683,3504,2.27301,0,11.268,2.31677,0,3400,77874575826
45.6596,21.9012,48.5222,0,100,92,81,1683,3504,2.27301,0,11.268,2.31677,0,3400,77896477629
45.5085,21.9739,48.5222,0,100,92,81,1683,3504,2.27301,0,11.268,2.31677,0,3400,77918453718
48.2789,20.713,48.5222,0,100,92,81,1683,3504,2.27301,0,11.268,2.31677,0,3400,77939168046
47.0191,21.2679,48.5222,0,100,92,81,1683,3504,2.27301,0,11.268,2.31677,0,3400,77960436665
47.6313,20.9946,48.5222,0,100,92,81,1683,3504,2.27301,0,11.268,2.31677,0,3400,77981431198
42.7798,23.3755,48.5222,0,100,92,81,1683,3504,2.27301,0,11.268,2.31677,0,3400,78004809244
52.0061,19.2285,48.5222,0,100,92,81,1683,3504,2.27301,0,11.268,2.31677,0,3400,78024039414
45.5071,21.9746,48.5222,0,100,92,81,1683,3504,2.27301,0,11.268,2.31677,0,3400,78046016328
48.3396,20.687,48.5222,0,100,92,81,1683,3504,2.27301,0,11.268,2.31677,0,3400,78066704447
44.2148,22.6169,48.5222,0,100,92,81,1683,3504,2.27301,0,11.268,2.31677,0,3400,78089323604
48.7654,20.5063,48.5222,0,100,92,81,1683,3504,2.27301,0,11.268,2.31677,0,3400,78109829188
43.8547,22.8026,48.5222,0,100,92,81,1683,3504,2.27301,0,11.268,2.31677,0,3400,78132632965
48.8661,20.4641,48.5222,0,100,92,81,1683,3504,2.27301,0,11.268,2.31677,0,3400,78153097859
46.5239,21.4943,48.5222,0,100,92,81,1683,3504,2.27301,0,11.268,2.31677,0,3400,78174594413
45.7734,21.8468,48.5222,0,100,92,81,1683,3504,2.27301,0,11.268,2.31677,0,3400,78196441885
46.6356,21.4429,48.5222,0,100,92,81,1683,3504,2.27301,0,11.268,2.31677,0,3400,78217886173
48.1582,20.7649,48.5222,0,100,92,81,1683,3504,2.27301,0,11.268,2.31677,0,3400,78238651395
43.1696,23.1644,48.5222,0,100,92,81,1683,3504,2.27301,0,11.268,2.31677,0,3400,78261818555
51.1903,19.535,48.5222,0,100,92,81,1683,3504,2.27301,0,11.268,2.31677,0,3400,78281355804
44.0239,22.7149,48.5222,0,100,92,81,1683,3504,2.27301,0,11.268,2.31677,0,3400,78304070364
47.8428,20.9018,48.5222,0,100,92,81,1683,3504,2.27301,0,11.268,2.31677,0,3400,78324973472
45.7845,21.8414,48.5222,0,100,92,81,1683,3504,2.27301,0,11.268,2.31677,0,3400,78346817035
47.3695,21.1106,48.5222,0,100,92,81,1683,3504,2.27301,0,11.268,2.31677,0,3400,78367944873
47.0024,21.2755,47.9319,0,100,88,81,1683,3504,2.27301,0,11.2681,2.31677,0,3400,78389205425
46.1571,21.6651,47.9319,0,100,88,81,1683,3504,2.27301,0,11.2681,2.31677,0,3400,78410873850
44.385,22.5301,47.9319,0,100,88,81,1683,3504,2.27301,0,11.2681,2.31677,0,3400,78433404793
52.4238,19.0753,47.9319,0,100,88,81,1683,3504,2.27301,0,11.2681,2.31677,0,3400,78452481913
44.7869,22.328,47.9319,0,100,88,81,1683,3504,2.27301,0,11.2681,2.31677,0,3400,78474809766
47.9211,20.8676,47.9319,0,100,88,81,1683,3504,2.27301,0,11.2681,2.31677,0,3400,78495678693
45.9477,21.7639,47.9319,0,100,88,81,1683,3504,2.27301,0,11.2681,2.31677,0,3400,78517445458
47.1754,21.1975,47.9319,0,100,88,81,1683,3504,2.27301,0,11.2681,2.31677,0,3400,78538643519
43.6618,22.9033,47.9319,0,100,88,81,1683,3504,2.27301,0,11.2681,2.31677,0,3400,78561547502
48.5518,20.5965,47.9319,0,100,88,81,1683,3504,2.27301,0,11.2681,2.31677,0,3400,78582145487
45.5585,21.9498,47.9319,0,100,88,81,1683,3504,2.27301,0,11.2681,2.31677,0,3400,78604097798
51.1903,19.535,47.9319,0,100,88,81,1683,3504,2.27301,0,11.2681,2.31677,0,3400,78623633697
45.121,22.1626,47.9319,0,100,88,81,1683,3504,2.27301,0,11.2681,2.31677,0,3400,78645809590
47.0968,21.2328,47.9319,0,100,88,81,1683,3504,2.27301,0,11.2681,2.31677,0,3400,78667031670
47.3689,21.1109,47.9319,0,100,88,81,1683,3504,2.27301,0,11.2681,2.31677,0,3400,78688143951
45.387,22.0327,47.9319,0,100,88,81,1683,3504,2.27301,0,11.2681,2.31677,0,3400,78710176484
47.1321,21.217,47.9319,0,100,88,81,1683,3504,2.27301,0,11.2681,2.31677,0,3400,78731395735
46.0065,21.7361,47.9319,0,100,88,81,1683,3504,2.27301,0,11.2681,2.31677,0,3400,78753132389
48.8639,20.465,47.9319,0,100,88,81,1683,3504,2.27301,0,11.2681,2.31677,0,3400,78773599965
44.6779,22.3824,47.9319,0,100,88,81,1683,3504,2.27301,0,11.2681,2.31677,0,3400,78795983206
46.3195,21.5892,47.9319,0,100,88,81,1683,3504,2.27301,0,11.2681,2.31677,0,3400,78817572926
47.0281,21.2639,47.9319,0,100,88,81,1683,3504,2.27301,0,11.2681,2.31677,0,3400,78838840400
46.931,21.3079,47.9319,0,100,88,81,1683,3504,2.27301,0,11.2681,2.31677,0,3400,78860148714
45.3808,22.0357,47.9319,0,100,88,81,1683,3504,2.27301,0,11.2681,2.31677,0,3400,78882189445
50.1917,19.9236,48.6284,0,100,88,81,1683,3504,2.27301,0,11.2717,2.31677,0,3400,78902111272
47.3959,21.0989,48.6284,0,100,88,81,1683,3504,2.27301,0,11.2717,2.31677,0,3400,78923211500
47.0375,21.2596,48.6284,0,100,88,81,1683,3504,2.27301,0,11.2717,2.31677,0,3400,78944471809
46.8717,21.3348,48.6284,0,100,88,81,1683,3504,2.27301,0,11.2717,2.31677,0,3400,78965808009
48.0062,20.8306,48.6284,0,100,88,81,1683,3504,2.27301,0,11.2717,2.31677,0,3400,78986639400
46.6458,21.4381,48.6284,0,100,88,81,1683,3504,2.27301,0,11.2717,2.31677,0,3400,79008080321
42.7298,23.4028,48.6284,0,100,88,81,1683,3504,2.27301,0,11.2717,2.31677,0,3400,79031508675
49.9076,20.037,48.6284,0,100,88,81,1683,3504,2.27301,0,11.2717,2.31677,0,3400,79051522821
47.6751,20.9753,48.6284,0,100,88,81,1683,3504,2.27301,0,11.2717,2.31677,0,3400,79072499121
45.835,21.8174,48.6284,0,100,88,81,1683,3504,2.27301,0,11.2717,2.31677,0,3400,79094320045
46.4349,21.5355,48.6284,0,100,88,81,1683,3504,2.27301,0,11.2717,2.31677,0,3400,79115855964
48.0033,20.8319,48.6284,0,100,88,81,1683,3504,2.27301,0,11.2717,2.31677,0,3400,79136688743
46.7759,21.3785,48.6284,0,100,88,81,1683,3504,2.27301,0,11.2717,2.31677,0,3400,79158068706
43.5666,22.9534,48.6284,0,100,88,81,1683,3504,2.27301,0,11.2717,2.31677,0,3400,79181022399
49.3569,20.2606,48.6284,0,100,88,81,1683,3504,2.27301,0,11.2717,2.31677,0,3400,79201284933
47.0196,21.2677,48.6284,0,100,88,81,1683,3504,2.27301,0,11.2717,2.31677,0,3400,79222553924
46.2121,21.6393,48.6284,0,100,88,81,1683,3504,2.27301,0,11.2717,2.31677,0,3400,79244195346
46.2148,21.6381,48.6284,0,100,88,81,1683,3504,2.27301,0,11.2717,2.31677,0,3400,79265835136
48.2814,20.7119,48.6284,0,100,88,81,1683,3504,2.27301,0,11.2717,2.31677,0,3400,79286547729
46.6314,21.4448,48.6284,0,100,88,81,1683,3504,2.27301,0,11.2717,2.31677,0,3400,79307993920
46.6908,21.4175,48.6284,0,100,88,81,1683,3504,2.27301,0,11.2717,2.31677,0,3400,79329412150
47.6399,20.9908,48.6284,0,100,88,81,1683,3504,2.27301,0,11.2717,2.31677,0,3400,79350406410
45.379,22.0366,48.6284,0,100,88,81,1683,3504,2.27301,0,11.2717,2.31677,0,3400,79372443447
31.5996,31.646,48.6284,0,100,88,81,1683,3504,2.27301,0,11.2717,2.31677,0,3400,79404117860
51.1961,19.5328,48.5437,0,100,87,81,1683,3504,2.27301,0,11.2701,2.31677,0,1725,79423625402
50.4451,19.8235,48.5437,0,100,87,81,1683,3504,2.27301,0,11.2701,2.31677,0,1725,79443449697
43.5686,22.9523,48.5437,0,100,87,81,1683,3504,2.27301,0,11.2701,2.31677,0,1725,79466403417
52.9414,18.8888,48.5437,0,100,87,81,1683,3504,2.27301,0,11.2701,2.31677,0,1725,79485292809
34.7567,28.7714,48.5437,0,100,87,81,1683,3504,2.27301,0,11.2701,2.31677,0,1725,79514066099
55.8419,17.9077,48.5437,0,100,87,81,1683,3504,2.27301,0,11.2701,2.31677,0,1725,79531995016
49.3099,20.2799,48.5437,0,100,87,81,1683,3504,2.27301,0,11.2701,2.31677,0,1725,79552255627
49.9447,20.0222,48.5437,0,100,87,81,1683,3504,2.27301,0,11.2701,2.31677,0,1725,79572280153
47.4882,21.0579,48.5437,0,100,87,81,1683,3504,2.27301,0,11.2701,2.31677,0,1725,79593359418
45.9716,21.7525,48.5437,0,100,87,81,1683,3504,2.27301,0,11.2701,2.31677,0,1725,79615125682
37.9118,26.377,48.5437,0,100,87,81,1683,3504,2.27301,0,11.2701,2.31677,0,1725,79641513093
57.3581,17.4343,48.5437,0,100,87,81,1683,3504,2.27301,0,11.2701,2.31677,0,1725,79658948872
44.0162,22.7189,48.5437,0,100,87,81,1683,3504,2.27301,0,11.2701,2.31677,0,1725,79681667694
49.9953,20.0019,48.5437,0,100,87,81,1683,3504,2.27301,0,11.2701,2.31677,0,1725,79701671004
45.1755,22.1359,48.5437,0,100,87,81,1683,3504,2.27301,0,11.2701,2.31677,0,1725,79723807627
30.5217,32.7636,48.5437,0,100,87,81,1683,3504,2.27301,0,11.2701,2.31677,0,1725,79756572731
49.5168,20.1952,48.5437,0,100,87,81,1683,3504,2.27301,0,11.2701,2.31677,0,1725,79776792066
31.8923,31.3556,48.5437,0,100,87,81,1683,3504,2.27301,0,11.2701,2.31677,0,1725,79808147868
42.3576,23.6085,48.5437,0,100,87,81,1683,3504,2.27301,0,11.2701,2.31677,0,1725,79831757072
39.9933,25.0042,48.5437,0,100,87,81,1683,3504,2.27301,0,11.2701,2.31677,0,1725,79856742513
35.4599,28.2009,48.5437,0,100,87,81,1683,3504,2.27301,0,11.2701,2.31677,0,1725,79884943811
37.5022,26.6651,48.5437,0,100,87,81,1683,3504,2.27301,0,11.2701,2.31677,0,1725,79911614993
31.9079,31.3402,74.6835,0,100,87,82,1683,3504,2.27301,0,11.2698,2.31677,0,1763,79942952114
29.6823,33.6901,74.6835,0,100,87,82,1683,3504,2.27301,0,11.2698,2.31677,0,1763,79976664475
69.864,14.3135,74.6835,0,100,87,82,1683,3504,2.27301,0,11.2698,2.31677,0,1763,79990958420
33.7184,29.6574,74.6835,0,100,87,82,1683,3504,2.27301,0,11.2698,2.31677,0,1763,80020616623
47.6865,20.9703,74.6835,0,100,87,82,1683,3504,2.27301,0,11.2698,2.31677,0,1763,80041588245
41.987,23.8169,74.6835,0,100,87,82,1683,3504,2.27301,0,11.2698,2.31677,0,1763,80065406403
43.9546,22.7508,74.6835,0,100,87,82,1683,3504,2.27301,0,11.2698,2.31677,0,1763,80088179176
33.8133,29.5742,74.6835,0,100,87,82,1683,3504,2.27301,0,11.2698,2.31677,0,1763,80117755745
38.6289,25.8874,74.6835,0,100,87,82,1683,3504,2.27301,0,11.2698,2.31677,0,1763,80143644167
48.6635,20.5493,74.6835,0,100,87,82,1683,3504,2.27301,0,11.2698,2.31677,0,1763,80164186735
38.1026,26.2449,74.6835,0,100,87,82,1683,3504,2.27301,0,11.2698,2.31677,0,1763,80190419268
39.166,25.5324,74.6835,0,100,87,82,1683,3504,2.27301,0,11.2698,2.31677,0,1763,80215953058
39.0224,25.6263,74.6835,0,100,87,82,1683,3504,2.27301,0,11.2698,2.31677,0,1763,80241581385
44.1773,22.6361,74.6835,0,100,87,82,1683,3504,2.27301,0,11.2698,2.31677,0,1763,80264238616
38.571,25.9262,74.6835,0,100,87,82,1683,3504,2.27301,0,11.2698,2.31677,0,1763,80290145781
40.9738,24.4059,74.6835,0,100,87,82,1683,3504,2.27301,0,11.2698,2.31677,0,1763,80314579568
41.5624,24.0602,74.6835,0,100,87,82,1683,3504,2.27301,0,11.2698,2.31677,0,1763,80338640230
42.5927,23.4782,74.6835,0,100,87,82,1683,3504,2.27301,0,11.2698,2.31677,0,1763,80362118596
37.8737,26.4035,74.6835,0,100,87,82,1683,3504,2.27301,0,11.2698,2.31677,0,1763,80388523549
38.6859,25.8492,74.6835,0,100,87,82,1683,3504,2.27301,0,11.2698,2.31677,0,1763,80414380363
43.1925,23.1522,74.1855,0,100,85,78,1397,3504,2.27301,0,11.2703,2.31677,0,1770,80437526644
46.7191,21.4045,74.1855,0,100,85,78,1397,3504,2.27301,0,11.2703,2.31677,0,1770,80458954306
39.1218,25.5612,74.1855,0,100,85,78,1397,3504,2.27301,0,11.2703,2.31677,0,1770,80484539462
36.9813,27.0407,74.1855,0,100,85,78,1397,3504,2.27301,0,11.2703,2.31677,0,1770,80511581439
43.8201,22.8206,74.1855,0,100,85,78,1397,3504,2.27301,0,11.2703,2.31677,0,1770,80534402511
42.6906,23.4244,74.1855,0,100,85,78,1397,3504,2.27301,0,11.2703,2.31677,0,1770,80557849606
38.555,25.937,74.1855,0,100,85,78,1397,3504,2.27301,0,11.2703,2.31677,0,1770,80583789269
41.9765,23.8229,74.1855,0,100,85,78,1397,3504,2.27301,0,11.2703,2.31677,0,1770,80607634497
40.2601,24.8385,74.1855,0,100,85,78,1397,3504,2.27301,0,11.2703,2.31677,0,1770,80632486245
38.0882,26.2549,74.1855,0,100,85,78,1397,3504,2.27301,0,11.2703,2.31677,0,1770,80658750990
41.2965,24.2151,74.1855,0,100,85,78,1397,3504,2.27301,0,11.2703,2.31677,0,1770,80682966901
38.3385,26.0834,74.1855,0,100,85,78,1397,3504,2.27301,0,11.2703,2.31677,0,1770,80709031148
43.2253,23.1346,74.1855,0,100,85,78,1397,3504,2.27301,0,11.2703,2.31677,0,1770,80732167845
41.0398,24.3666,74.1855,0,100,85,78,1397,3504,2.27301,0,11.2703,2.31677,0,1770,80756534951
37.8206,26.4406,74.1855,0,100,85,78,1397,3504,2.27301,0,11.2703,2.31677,0,1770,80782976712
38.2538,26.1412,74.1855,0,100,85,78,1397,3504,2.27301,0,11.2703,2.31677,0,1770,80809120296
48.5333,20.6044,74.1855,0,100,85,78,1397,3504,2.27301,0,11.2703,2.31677,0,1770,80829724816
35.4166,28.2353,74.1855,0,100,85,78,1397,3504,2.27301,0,11.2703,2.31677,0,1770,80857983466
46.71,21.4087,74.1855,0,100,85,78,1397,3504,2.27301,0,11.2703,2.31677,0,1770,80879372346
40.2842,24.8236,74.1855,0,100,85,78,1397,3504,2.27301,0,11.2703,2.31677,0,1770,80904197448
36.7387,27.2193,74.1855,0,100,85,78,1397,3504,2.27301,0,11.2703,2.31677,0,1770,80931423727
44.1339,22.6583,71.4286,0,100,85,78,1397,3504,2.27301,0,11.2703,2.31677,0,1801,80954078952
41.7446,23.9552,71.4286,0,100,85,78,1397,3504,2.27301,0,11.2703,2.31677,0,1801,80978034857
27.3337,36.5848,71.4286,0,100,85,78,1397,3504,2.27301,0,11.2703,2.31677,0,1801,81014622239
70.4831,14.1878,71.4286,0,100,85,78,1397,3504,2.27301,0,11.2703,2.31677,0,1801,81028809668
43.0224,23.2437,71.4286,0,100,85,78,1397,3504,2.27301,0,11.2703,2.31677,0,1801,81052054964
39.8852,25.072,71.4286,0,100,85,78,1397,3504,2.27301,0,11.2703,2.31677,0,1801,81077148614
41.3526,24.1823,71.4286,0,100,85,78,1397,3504,2.27301,0,11.2703,2.31677,0,1801,81101311875
42.8797,23.3211,71.4286,0,100,85,78,1397,3504,2.27301,0,11.2703,2.31677,0,1801,81124634971
36.8098,27.1667,71.4286,0,100,85,78,1397,3504,2.27301,0,11.2703,2.31677,0,1801,81151803122
46.4876,21.5111,71.4286,0,100,85,78,1397,3504,2.27301,0,11.2703,2.31677,0,1801,81173314227
36.459,27.4281,71.4286,0,100,85,78,1397,3504,2.27301,0,11.2703,2.31677,0,1801,81200744316
44.3587,22.5435,71.4286,0,100,85,78,1397,3504,2.27301,0,11.2703,2.31677,0,1801,81223289765
34.7831,28.7496,71.4286,0,100,85,78,1397,3504,2.27301,0,11.2703,2.31677,0,1801,81252062069
48.1365,20.7742,71.4286,0,100,85,78,1397,3504,2.27301,0,11.2703,2.31677,0,1801,81272814862
43.1455,23.1774,71.4286,0,100,85,78,1397,3504,2.27301,0,11.2703,2.31677,0,1801,81295994125
36.3326,27.5235,71.4286,0,100,85,78,1397,3504,2.27301,0,11.2703,2.31677,0,1801,81323539602
39.5507,25.284,71.4286,0,100,85,78,1397,3504,2.27301,0,11.2703,2.31677,0,1801,81348804979
28.6305,34.9278,71.4286,0,100,85,78,1397,3504,2.27301,0,11.2703,2.31677,0,1801,81383754946
32.9044,30.3911,71.4286,0,100,85,78,1397,3504,2.27301,0,11.2703,2.31677,0,1801,81414167597
30.6572,32.6188,71.4286,0,100,85,78,1397,3504,2.27301,0,11.2703,2.31677,0,1801,81446814926
69.3436,14.4209,75.6563,0,100,86,77,1392,3504,2.27301,0,11.2782,2.31677,0,1726,81461209769
42.9739,23.2699,75.6563,0,100,86,77,1392,3504,2.27301,0,11.2782,2.31677,0,1726,81484493946
49.6976,20.1217,75.6563,0,100,86,77,1392,3504,2.27301,0,11.2782,2.31677,0,1726,81504625248
36.0018,27.7764,75.6563,0,100,86,77,1392,3504,2.27301,0,11.2782,2.31677,0,1726,81532425255
39.8348,25.1037,75.6563,0,100,86,77,1392,3504,2.27301,0,11.2782,2.31677,0,1726,81557530302
42.4633,23.5497,75.6563,0,100,86,77,1392,3504,2.27301,0,11.2782,2.31677,0,1726,81581080100
33.6802,29.691,75.6563,0,100,86,77,1392,3504,2.27301,0,11.2782,2.31677,0,1726,81610771512
55.1651,18.1274,75.6563,0,100,86,77,1392,3504,2.27301,0,11.2782,2.31677,0,1726,81628914205
35.3213,28.3115,75.6563,0,100,86,77,1392,3504,2.27301,0,11.2782,2.31677,0,1726,81657247665
45.9276,21.7734,75.6563,0,100,86,77,1392,3504,2.27301,0,11.2782,2.31677,0,1726,81679001365
37.814,26.4452,75.6563,0,100,86,77,1392,3504,2.27301,0,11.2782,2.31677,0,1726,81705447947
47.0183,21.2683,75.6563,0,100,86,77,1392,3504,2.27301,0,11.2782,2.31677,0,1726,81726716859
38.5993,25.9072,75.6563,0,100,86,77,1392,3504,2.27301,0,11.2782,2.31677,0,1726,81752624563
36.6419,27.2912,75.6563,0,100,86,77,1392,3504,2.27301,0,11.2782,2.31677,0,1726,81779916956
49.9542,20.0183,75.6563,0,100,86,77,1392,3504,2.27301,0,11.2782,2.31677,0,1726,81799936669
38.9639,25.6648,75.6563,0,100,86,77,1392,3504,2.27301,0,11.2782,2.31677,0,1726,81825603395
36.0853,27.7121,75.6563,0,100,86,77,1392,3504,2.27301,0,11.2782,2.31677,0,1726,81853316630
42.3989,23.5855,75.6563,0,100,86,77,1392,3504,2.27301,0,11.2782,2.31677,0,1726,81876903356
41.385,24.1633,75.6563,0,100,86,77,1392,3504,2.27301,0,11.2782,2.31677,0,1726,81901068452
38.551,25.9397,75.6563,0,100,86,77,1392,3504,2.27301,0,11.2782,2.31677,0,1726,81927009413
42.9032,23.3083,75.6563,0,100,86,77,1392,3504,2.27301,0,11.2782,2.31677,0,1726,81950324827
43.1548,23.1724,80.402,0,98,86,76,1391,3504,2.27301,0,11.2782,2.31677,0,1792,81973492539
40.7534,24.5378,80.402,0,98,86,76,1391,3504,2.27301,0,11.2782,2.31677,0,1792,81998033684
37.9134,26.3759,80.402,0,98,86,76,1391,3504,2.27301,0,11.2782,2.31677,0,1792,82024410022
46.6754,21.4245,80.402,0,98,86,76,1391,3504,2.27301,0,11.2782,2.31677,0,1792,82045836787
37.388,26.7466,80.402,0,98,86,76,1391,3504,2.27301,0,11.2782,2.31677,0,1792,82072597613
35.5035,28.1662,80.402,0,98,86,76,1391,3504,2.27301,0,11.2782,2.31677,0,1792,82100764367
47.9216,20.8674,80.402,0,98,86,76,1391,3504,2.27301,0,11.2782,2.31677,0,1792,82121633261
43.3168,23.0857,80.402,0,98,86,76,1391,3504,2.27301,0,11.2782,2.31677,0,1792,82144719106
41.7686,23.9414,80.402,0,98,86,76,1391,3504,2.27301,0,11.2782,2.31677,0,1792,82168675662
43.77,22.8467,80.402,0,98,86,76,1391,3504,2.27301,0,11.2782,2.31677,0,1792,82191530707
40.4625,24.7143,80.402,0,98,86,76,1391,3504,2.27301,0,11.2782,2.31677,0,1792,82216225458
38.5774,25.9219,80.402,0,98,86,76,1391,3504,2.27301,0,11.2782,2.31677,0,1792,82242170073
40.6981,24.5712,80.402,0,98,86,76,1391,3504,2.27301,0,11.2782,2.31677,0,1792,82266720887
37.6667,26.5487,80.402,0,98,86,76,1391,3504,2.27301,0,11.2782,2.31677,0,1792,82293271672
42.6721,23.4345,80.402,0,98,86,76,1391,3504,2.27301,0,11.2782,2.31677,0,1792,82316706354
40.7895,24.5161,80.402,0,98,86,76,1391,3504,2.27301,0,11.2782,2.31677,0,1792,82341244713
39.0319,25.6201,80.402,0,98,86,76,1391,3504,2.27301,0,11.2782,2.31677,0,1792,82366845053
43.0321,23.2385,80.402,0,98,86,76,1391,3504,2.27301,0,11.2782,2.31677,0,1792,82390106734
39.0488,25.609,80.402,0,98,86,76,1391,3504,2.27301,0,11.2782,2.31677,0,1792,82415716258
39.6473,25.2224,80.402,0,98,86,76,1391,3504,2.27301,0,11.2782,2.31677,0,1792,82440917983
40.2813,24.8254,80.402,0,98,86,76,1391,3504,2.27301,0,11.2782,2.31677,0,1792,82465772093
40.332,24.7942,66.9173,0,98,86,76,1391,3504,2.27301,0,11.2937,2.31677,0,1796,82490553900
40.4167,24.7422,66.9173,0,98,86,76,1391,3504,2.27301,0,11.2937,2.31677,0,1796,82515305699
42.8782,23.3219,66.9173,0,98,86,76,1391,3504,2.27301,0,11.2937,2.31677,0,1796,82538607679
37.4666,26.6904,66.9173,0,98,86,76,1391,3504,2.27301,0,11.2937,2.31677,0,1796,82565298945
42.0145,23.8013,66.9173,0,98,86,76,1391,3504,2.27301,0,11.2937,2.31677,0,1796,82589101390
41.6164,24.029,66.9173,0,98,86,76,1391,3504,2.27301,0,11.2937,2.31677,0,1796,82613143304
39.143,25.5474,66.9173,0,98,86,76,1391,3504,2.27301,0,11.2937,2.31677,0,1796,82638701123
38.555,25.9369,66.9173,0,98,86,76,1391,3504,2.27301,0,11.2937,2.31677,0,1796,82664630429
39.5872,25.2607,66.9173,0,98,86,76,1391,3504,2.27301,0,11.2937,2.31677,0,1796,82689914907
41.9038,23.8642,66.9173,0,98,86,76,1391,3504,2.27301,0,11.2937,2.31677,0,1796,82713758858
39.8017,25.1246,66.9173,0,98,86,76,1391,3504,2.27301,0,11.2937,2.31677,0,1796,82738885054
38.8971,25.7089,66.9173,0,98,86,76,1391,3504,2.27301,0,11.2937,2.31677,0,1796,82764595431
39.6403,25.2269,66.9173,0,98,86,76,1391,3504,2.27301,0,11.2937,2.31677,0,1796,82789836300
44.5937,22.4247,66.9173,0,98,86,76,1391,3504,2.27301,0,11.2937,2.31677,0,1796,82812262676
38.6145,25.897,66.9173,0,98,86,76,1391,3504,2.27301,0,11.2937,2.31677,0,1796,82838160757
46.8213,21.3578,66.9173,0,98,86,76,1391,3504,2.27301,0,11.2937,2.31677,0,1796,82859519643
41.0382,24.3676,66.9173,0,98,86,76,1391,3504,2.27301,0,11.2937,2.31677,0,1796,82883889044
44.2768,22.5852,66.9173,0,98,86,76,1391,3504,2.27301,0,11.2937,2.31677,0,1796,82906496574
41.6082,24.0337,66.9173,0,98,86,76,1391,3504,2.27301,0,11.2937,2.31677,0,1796,82930530559
33.1578,30.1588,66.9173,0,98,86,76,1391,3504,2.27301,0,11.2937,2.31677,0,1796,82960712498
52.4165,19.0779,66.9173,0,98,86,76,1391,3504,2.27301,0,11.2937,2.31677,0,1796,82979804067
37.9563,26.3461,77.8325,0,100,86,76,1392,3504,2.27301,0,11.2945,2.31677,0,1734,83006180227
41.5276,24.0804,77.8325,0,100,86,76,1392,3504,2.27301,0,11.2945,2.31677,0,1734,83030245032
43.6495,22.9098,77.8325,0,100,86,76,1392,3504,2.27301,0,11.2945,2.31677,0,1734,83053156731
39.0924,25.5804,77.8325,0,100,86,76,1392,3504,2.27301,0,11.2945,2.31677,0,1734,83078739825
38.5321,25.9524,77.8325,0,100,86,76,1392,3504,2.27301,0,11.2945,2.31677,0,1734,83104714448
39.6349,25.2303,77.8325,0,100,86,76,1392,3504,2.27301,0,11.2945,2.31677,0,1734,83129945185
44.0639,22.6943,77.8325,0,100,86,76,1392,3504,2.27301,0,11.2945,2.31677,0,1734,83152641455
32.6854,30.5947,77.8325,0,100,86,76,1392,3504,2.27301,0,11.2945,2.31677,0,1734,83183236265
36.6864,27.258,77.8325,0,100,86,76,1392,3504,2.27301,0,11.2945,2.31677,0,1734,83210497037
64.5329,15.496,77.8325,0,100,86,76,1392,3504,2.27301,0,11.2945,2.31677,0,1734,83225993904
38.4582,26.0022,77.8325,0,100,86,76,1392,3504,2.27301,0,11.2945,2.31677,0,1734,83251997759
39.5065,25.3123,77.8325,0,100,86,76,1392,3504,2.27301,0,11.2945,2.31677,0,1734,83277332572
38.2306,26.1571,77.8325,0,100,86,76,1392,3504,2.27301,0,11.2945,2.31677,0,1734,83303491466
43.7638,22.8499,77.8325,0,100,86,76,1392,3504,2.27301,0,11.2945,2.31677,0,1734,83326342136
41.5289,24.0796,77.8325,0,100,86,76,1392,3504,2.27301,0,11.2945,2.31677,0,1734,83350402320
50.3832,19.8479,77.8325,0,100,86,76,1392,3504,2.27301,0,11.2945,2.31677,0,1734,83370252813
37.9599,26.3436,77.8325,0,100,86,76,1392,3504,2.27301,0,11.2945,2.31677,0,1734,83396597374
44.484,22.48,77.8325,0,100,86,76,1392,3504,2.27301,0,11.2945,2.31677,0,1734,83419078565
44.3031,22.5718,77.8325,0,100,86,76,1392,3504,2.27301,0,11.2945,2.31677,0,1734,83441672634
33.1181,30.195,77.8325,0,100,86,76,1392,3504,2.27301,0,11.2945,2.31677,0,1734,83471847010
51.4841,19.4235,77.8325,0,100,86,76,1392,3504,2.27301,0,11.2945,2.31677,0,1734,83491296510
41.5867,24.0461,77.8061,0,100,85,76,1392,3504,2.27301,0,11.2804,2.31677,0,1730,83515319545
41.6051,24.0355,77.8061,0,100,85,76,1392,3504,2.27301,0,11.2804,2.31677,0,1730,83539355470
36.0518,27.7379,77.8061,0,100,85,76,1392,3504,2.27301,0,11.2804,2.31677,0,1730,83567094382
44.0732,22.6895,77.8061,0,100,85,76,1392,3504,2.27301,0,11.2804,2.31677,0,1730,83589807058
41.4071,24.1505,77.8061,0,100,85,76,1392,3504,2.27301,0,11.2804,2.31677,0,1730,83613936126
42.5736,23.4887,77.8061,0,100,85,76,1392,3504,2.27301,0,11.2804,2.31677,0,1730,83637426715
36.887,27.1098,77.8061,0,100,85,76,1392,3504,2.27301,0,11.2804,2.31677,0,1730,83664559194
39.7888,25.1327,77.8061,0,100,85,76,1392,3504,2.27301,0,11.2804,2.31677,0,1730,83689672451
39.1221,25.561,77.8061,0,100,85,76,1392,3504,2.27301,0,11.2804,2.31677,0,1730,83715234010
45.1519,22.1475,77.8061,0,100,85,76,1392,3504,2.27301,0,11.2804,2.31677,0,1730,83737404276
40.7088,24.5647,77.8061,0,100,85,76,1392,3504,2.27301,0,11.2804,2.31677,0,1730,83761969492
41.6372,24.017,77.8061,0,100,85,76,1392,3504,2.27301,0,11.2804,2.31677,0,1730,83786026055
41.9603,23.832,77.8061,0,100,85,76,1392,3504,2.27301,0,11.2804,2.31677,0,1730,83809842868
39.8125,25.1178,77.8061,0,100,85,76,1392,3504,2.27301,0,11.2804,2.31677,0,1730,83834941827
37.85,26.4201,77.8061,0,100,85,76,1392,3504,2.27301,0,11.2804,2.31677,0,1730,83861362271
48.2208,20.7379,77.8061,0,100,85,76,1392,3504,2.27301,0,11.2804,2.31677,0,1730,83882120760
31.9245,31.3239,77.8061,0,100,85,76,1392,3504,2.27301,0,11.2804,2.31677,0,1730,83913445827
46.1909,21.6493,77.8061,0,100,85,76,1392,3504,2.27301,0,11.2804,2.31677,0,1730,83935096766
40.222,24.862,77.8061,0,100,85,76,1392,3504,2.27301,0,11.2804,2.31677,0,1730,83959961219
39.4276,25.363,77.8061,0,100,85,76,1392,3504,2.27301,0,11.2804,2.31677,0,1730,83985324205
44.3969,22.5241,77.8061,0,100,85,76,1392,3504,2.27301,0,11.2804,2.31677,0,1730,84007880512
42.4237,23.5717,70.9677,0,100,85,76,1392,3504,2.27301,0,11.2807,2.31677,0,1773,84031442439
48.1315,20.7764,70.9677,0,100,85,76,1392,3504,2.27301,0,11.2807,2.31677,0,1773,84052200163
36.3923,27.4783,70.9677,0,100,85,76,1392,3504,2.27301,0,11.2807,2.31677,0,1773,84079720627
39.4254,25.3644,70.9677,0,100,85,76,1392,3504,2.27301,0,11.2807,2.31677,0,1773,84105054089
46.9514,21.2986,70.9677,0,100,85,76,1392,3504,2.27301,0,11.2807,2.31677,0,1773,84126371955
40.6588,24.5949,70.9677,0,100,85,76,1392,3504,2.27301,0,11.2807,2.31677,0,1773,84150950158
39.9129,25.0545,70.9677,0,100,85,76,1392,3504,2.27301,0,11.2807,2.31677,0,1773,84176004918
39.5812,25.2645,70.9677,0,100,85,76,1392,3504,2.27301,0,11.2807,2.31677,0,1773,84201272861
47.0523,21.2529,70.9677,0,100,85,76,1392,3504,2.27301,0,11.2807,2.31677,0,1773,84222547291
39.2459,25.4804,70.9677,0,100,85,76,1392,3504,2.27301,0,11.2807,2.31677,0,1773,84248050491
40.5627,24.6532,70.9677,0,100,85,76,1392,3504,2.27301,0,11.2807,2.31677,0,1773,84272683734
43.9394,22.7586,70.9677,0,100,85,76,1392,3504,2.27301,0,11.2807,2.31677,0,1773,84295442213
39.5373,25.2926,70.9677,0,100,85,76,1392,3504,2.27301,0,11.2807,2.31677,0,1773,84320758535
37.6563,26.556,70.9677,0,100,85,76,1392,3504,2.27301,0,11.2807,2.31677,0,1773,84347294064
48.0384,20.8167,70.9677,0,100,85,76,1392,3504,2.27301,0,11.2807,2.31677,0,1773,84368111925
41.4152,24.1457,70.9677,0,100,85,76,1392,3504,2.27301,0,11.2807,2.31677,0,1773,84392258987
42.6366,23.454,70.9677,0,100,85,76,1392,3504,2.27301,0,11.2807,2.31677,0,1773,84415713517
36.0916,27.7073,70.9677,0,100,85,76,1392,3504,2.27301,0,11.2807,2.31677,0,1773,84443445166
43.4374,23.0216,70.9677,0,100,85,76,1392,3504,2.27301,0,11.2807,2.31677,0,1773,84466445053
39.7265,25.1721,70.9677,0,100,85,76,1392,3504,2.27301,0,11.2807,2.31677,0,1773,84491618187
46.1468,21.67,70.9677,0,100,85,76,1392,3504,2.27301,0,11.2807,2.31677,0,1773,84513316564
44.2771,22.585,71.3568,0,100,85,76,1392,3504,2.27301,0,11.2783,2.31677,0,1795,84535875865
37.0244,27.0092,71.3568,0,100,85,76,1392,3504,2.27301,0,11.2783,2.31677,0,1795,84562886470
48.5372,20.6028,71.3568,0,100,85,76,1392,3504,2.27301,0,11.2783,2.31677,0,1795,84583509912
40.5302,24.6729,71.3568,0,100,85,76,1392,3504,2.27301,0,11.2783,2.31677,0,1795,84608184473
43.6231,22.9236,71.3568,0,100,85,76,1392,3504,2.27301,0,11.2783,2.31677,0,1795,84631108314
45.3469,22.0522,71.3568,0,100,85,76,1392,3504,2.27301,0,11.2783,2.31677,0,1795,84653163304
39.9657,25.0214,71.3568,0,100,85,76,1392,3504,2.27301,0,11.2783,2.31677,0,1795,84678206356
35.5118,28.1597,71.3568,0,100,85,76,1392,3504,2.27301,0,11.2783,2.31677,0,1795,84706366436
44.6699,22.3865,71.3568,0,100,85,76,1392,3504,2.27301,0,11.2783,2.31677,0,1795,84728754589
44.5874,22.4279,71.3568,0,100,85,76,1392,3504,2.27301,0,11.2783,2.31677,0,1795,84751205041
41.4079,24.15,71.3568,0,100,85,76,1392,3504,2.27301,0,11.2783,2.31677,0,1795,84775348738
39.8708,25.081,71.3568,0,100,85,76,1392,3504,2.27301,0,11.2783,2.31677,0,1795,84800451337
40.5109,24.6847,71.3568,0,100,85,76,1392,3504,2.27301,0,11.2783,2.31677,0,1795,84825141038
42.6618,23.4401,71.3568,0,100,85,76,1392,3504,2.27301,0,11.2783,2.31677,0,1795,84848583513
37.5246,26.6492,71.3568,0,100,85,76,1392,3504,2.27301,0,11.2783,2.31677,0,1795,84875231742
39.8815,25.0743,71.3568,0,100,85,76,1392,3504,2.27301,0,11.2783,2.31677,0,1795,84900307840
49.4648,20.2164,71.3568,0,100,85,76,1392,3504,2.27301,0,11.2783,2.31677,0,1795,84920524158
37.1562,26.9134,71.3568,0,100,85,76,1392,3504,2.27301,0,11.2783,2.31677,0,1795,84947439808
36.2276,27.6032,71.3568,0,100,85,76,1392,3504,2.27301,0,11.2783,2.31677,0,1795,84975045443
45.5892,21.935,71.3568,0,100,85,76,1392,3504,2.27301,0,11.2783,2.31677,0,1795,84996981706
46.4144,21.545,71.3568,0,100,85,76,1392,3504,2.27301,0,11.2783,2.31677,0,1795,85018555129
41.195,24.2748,75.0636,0,100,85,76,1397,3504,2.27301,0,11.2786,2.31677,0,1718,85042809419
38.6556,25.8695,75.0636,0,100,85,76,1397,3504,2.27301,0,11.2786,2.31677,0,1718,85068680267
46.3182,21.5898,75.0636,0,100,85,76,1397,3504,2.27301,0,11.2786,2.31677,0,1718,85090303390
39.6706,25.2076,75.0636,0,100,85,76,1397,3504,2.27301,0,11.2786,2.31677,0,1718,85115490677
38.7057,25.836,75.0636,0,100,85,76,1397,3504,2.27301,0,11.2786,2.31677,0,1718,85141346090
43.0626,23.222,75.0636,0,100,85,76,1397,3504,2.27301,0,11.2786,2.31677,0,1718,85164550864
38.0042,26.3129,75.0636,0,100,85,76,1397,3504,2.27301,0,11.2786,2.31677,0,1718,85190864462
48.6991,20.5343,75.0636,0,100,85,76,1397,3504,2.27301,0,11.2786,2.31677,0,1718,85211399778
42.739,23.3978,75.0636,0,100,85,76,1397,3504,2.27301,0,11.2786,2.31677,0,1718,85234811284
40.8462,24.4821,75.0636,0,100,85,76,1397,3504,2.27301,0,11.2786,2.31677,0,1718,85259281258
37.7397,26.4973,75.0636,0,100,85,76,1397,3504,2.27301,0,11.2786,2.31677,0,1718,85285780572
35.3535,28.2858,75.0636,0,100,85,76,1397,3504,2.27301,0,11.2786,2.31677,0,1718,85314068139
55.1023,18.1481,75.0636,0,100,85,76,1397,3504,2.27301,0,11.2786,2.31677,0,1718,85332218593
39.2974,25.447,75.0636,0,100,85,76,1397,3504,2.27301,0,11.2786,2.31677,0,1718,85357664139
48.3485,20.6831,75.0636,0,100,85,76,1397,3504,2.27301,0,11.2786,2.31677,0,1718,85378349746
36.8105,27.1662,75.0636,0,100,85,76,1397,3504,2.27301,0,11.2786,2.31677,0,1718,85405517443
38.6304,25.8864,75.0636,0,100,85,76,1397,3504,2.27301,0,11.2786,2.31677,0,1718,85431427260
44.3484,22.5487,75.0636,0,100,85,76,1397,3504,2.27301,0,11.2786,2.31677,0,1718,85453972148
44.446,22.4992,75.0636,0,100,85,76,1397,3504,2.27301,0,11.2786,2.31677,0,1718,85476476447
39.5899,25.2589,75.0636,0,100,85,76,1397,3504,2.27301,0,11.2786,2.31677,0,1718,85501716490
44.5277,22.4579,75.0636,0,100,85,76,1397,3504,2.27301,0,11.2786,2.31677,0,1718,85524179600
38.0748,26.2641,74.9373,0,100,85,76,1392,3504,2.27301,0,11.2815,2.31677,0,1751,85550461148
48.6031,20.5748,74.9373,0,100,85,76,1392,3504,2.27301,0,11.2815,2.31677,0,1751,85571017002
40.1224,24.9238,74.9373,0,100,85,76,1392,3504,2.27301,0,11.2815,2.31677,0,1751,85595941896
35.8539,27.891,74.9373,0,100,85,76,1392,3504,2.27301,0,11.2815,2.31677,0,1751,85623834372
45.9151,21.7793,74.9373,0,100,85,76,1392,3504,2.27301,0,11.2815,2.31677,0,1751,85645634841
49.9197,20.0322,74.9373,0,100,85,76,1392,3504,2.27301,0,11.2815,2.31677,0,1751,85665647520
39.0453,25.6113,74.9373,0,100,85,76,1392,3504,2.27301,0,11.2815,2.31677,0,1751,85691260175
45.2708,22.0893,74.9373,0,100,85,76,1392,3504,2.27301,0,11.2815,2.31677,0,1751,85713372416
40.6466,24.6023,74.9373,0,100,85,76,1392,3504,2.27301,0,11.2815,2.31677,0,1751,85737955509
43.8496,22.8052,74.9373,0,100,85,76,1392,3504,2.27301,0,11.2815,2.31677,0,1751,85760781760
37.9605,26.3432,74.9373,0,100,85,76,1392,3504,2.27301,0,11.2815,2.31677,0,1751,85787117612
39.6071,25.248,74.9373,0,100,85,76,1392,3504,2.27301,0,11.2815,2.31677,0,1751,85812366783
44.7104,22.3662,74.9373,0,100,85,76,1392,3504,2.27301,0,11.2815,2.31677,0,1751,85834721488
45.082,22.1818,74.9373,0,100,85,76,1392,3504,2.27301,0,11.2815,2.31677,0,1751,85856905236
43.9321,22.7624,74.9373,0,100,85,76,1392,3504,2.27301,0,11.2815,2.31677,0,1751,85879669437
35.4251,28.2286,74.9373,0,100,85,76,1392,3504,2.27301,0,11.2815,2.31677,0,1751,85907897566
48.5604,20.5929,74.9373,0,100,85,76,1392,3504,2.27301,0,11.2815,2.31677,0,1751,85928491303
41.0544,24.3579,74.9373,0,100,85,76,1392,3504,2.27301,0,11.2815,2.31677,0,1751,85952851132
39.9814,25.0116,74.9373,0,100,85,76,1392,3504,2.27301,0,11.2815,2.31677,0,1751,85977863679
45.2362,22.1062,74.9373,0,100,85,76,1392,3504,2.27301,0,11.2815,2.31677,0,1751,85999971968
42.8565,23.3337,74.9373,0,100,85,76,1392,3504,2.27301,0,11.2815,2.31677,0,1751,86023307361
35.2336,28.382,74.9373,0,100,85,76,1392,3504,2.27301,0,11.2815,2.31677,0,1751,86051717920
45.6358,21.9126,73.9659,0,100,85,76,1392,3504,2.27301,0,11.2815,2.31677,0,1726,86073631266
41.1366,24.3093,73.9659,0,100,85,76,1392,3504,2.27301,0,11.2815,2.31677,0,1726,86097961864
36.5439,27.3643,73.9659,0,100,85,76,1392,3504,2.27301,0,11.2815,2.31677,0,1726,86125328516
60.266,16.5931,73.9659,0,100,85,76,1392,3504,2.27301,0,11.2815,2.31677,0,1726,86141922116
45.2067,22.1206,73.9659,0,100,85,76,1392,3504,2.27301,0,11.2815,2.31677,0,1726,86164064556
41.3693,24.1725,73.9659,0,100,85,76,1392,3504,2.27301,0,11.2815,2.31677,0,1726,86188217134
38.5319,25.9525,73.9659,0,100,85,76,1392,3504,2.27301,0,11.2815,2.31677,0,1726,86214170613
47.5825,21.0161,73.9659,0,100,85,76,1392,3504,2.27301,0,11.2815,2.31677,0,1726,86235188186
38.6782,25.8544,73.9659,0,100,85,76,1392,3504,2.27301,0,11.2815,2.31677,0,1726,86261060249
48.183,20.7542,73.9659,0,100,85,76,1392,3504,2.27301,0,11.2815,2.31677,0,1726,86281798314
33.3074,30.0234,73.9659,0,100,85,76,1392,3504,2.27301,0,11.2815,2.31677,0,1726,86311824278
46.808,21.3638,73.9659,0,100,85,76,1392,3504,2.27301,0,11.2815,2.31677,0,1726,86333207531
38.3759,26.058,73.9659,0,100,85,76,1392,3504,2.27301,0,11.2815,2.31677,0,1726,86359268599
47.8419,20.9022,73.9659,0,100,85,76,1392,3504,2.27301,0,11.2815,2.31677,0,1726,86380170658
33.8696,29.525,73.9659,0,100,85,76,1392,3504,2.27301,0,11.2815,2.31677,0,1726,86409718501
47.455,21.0726,73.9659,0,100,85,76,1392,3504,2.27301,0,11.2815,2.31677,0,1726,86430791474
39.0786,25.5894,73.9659,0,100,85,76,1392,3504,2.27301,0,11.2815,2.31677,0,1726,86456361451
38.8911,25.7129,73.9659,0,100,85,76,1392,3504,2.27301,0,11.2815,2.31677,0,1726,86482074408
51.1209,19.5615,73.9659,0,100,85,76,1392,3504,2.27301,0,11.2815,2.31677,0,1726,86501637654
40.1945,24.8791,73.9659,0,100,85,76,1392,3504,2.27301,0,11.2815,2.31677,0,1726,86526518446
37.3936,26.7426,73.9659,0,100,85,76,1392,3504,2.27301,0,11.2815,2.31677,0,1726,86553307452
47.5285,21.04,77,0,100,84,76,1402,3504,2.27301,0,11.2857,2.31677,0,1808,86574316645
42.5032,23.5276,77,0,100,84,76,1402,3504,2.27301,0,11.2857,2.31677,0,1808,86597845495
42.8563,23.3338,77,0,100,84,76,1402,3504,2.27301,0,11.2857,2.31677,0,1808,86621180182
41.2568,24.2384,77,0,100,84,76,1402,3504,2.27301,0,11.2857,2.31677,0,1808,86645432594
42.3785,23.5969,77,0,100,84,76,1402,3504,2.27301,0,11.2857,2.31677,0,1808,86669017779
40.0142,24.9911,77,0,100,84,76,1402,3504,2.27301,0,11.2857,2.31677,0,1808,86694010366
35.6833,28.0243,77,0,100,84,76,1402,3504,2.27301,0,11.2857,2.31677,0,1808,86722036632
45.3376,22.0567,77,0,100,84,76,1402,3504,2.27301,0,11.2857,2.31677,0,1808,86744094715
44.6945,22.3741,77,0,100,84,76,1402,3504,2.27301,0,11.2857,2.31677,0,1808,86766468968
36.7295,27.2261,77,0,100,84,76,1402,3504,2.27301,0,11.2857,2.31677,0,1808,86793696710
41.0365,24.3685,77,0,100,84,76,1402,3504,2.27301,0,11.2857,2.31677,0,1808,86818066335
45.9339,21.7704,77,0,100,84,76,1402,3504,2.27301,0,11.2857,2.31677,0,1808,86839838241
42.1485,23.7256,77,0,100,84,76,1402,3504,2.27301,0,11.2857,2.31677,0,1808,86863565309
38.1739,26.1959,77,0,100,84,76,1402,3504,2.27301,0,11.2857,2.31677,0,1808,86889762504
35.9783,27.7945,77,0,100,84,76,1402,3504,2.27301,0,11.2857,2.31677,0,1808,86917558500
45.6754,21.8936,77,0,100,84,76,1402,3504,2.27301,0,11.2857,2.31677,0,1808,86939453516
44.4417,22.5014,77,0,100,84,76,1402,3504,2.27301,0,11.2857,2.31677,0,1808,86961955400
37.0798,26.9689,77,0,100,84,76,1402,3504,2.27301,0,11.2857,2.31677,0,1808,86988947673
36.6675,27.2721,77,0,100,84,76,1402,3504,2.27301,0,11.2857,2.31677,0,1808,87016200915
52.8494,18.9217,77,0,100,84,76,1402,3504,2.27301,0,11.2857,2.31677,0,1808,87035125559
41.4334,24.1351,77,0,100,84,76,1402,3504,2.27301,0,11.2857,2.31677,0,1808,87059287907
39.9906,25.0059,80.2057,0,100,84,76,1392,3504,2.27301,0,11.2857,2.31677,0,1755,87084287680
45.2335,22.1075,80.2057,0,100,84,76,1392,3504,2.27301,0,11.2857,2.31677,0,1755,87106400577
46,21.7391,80.2057,0,100,84,76,1392,3504,2.27301,0,11.2857,2.31677,0,1755,87128139074
38.0592,26.2749,80.2057,0,100,84,76,1392,3504,2.27301,0,11.2857,2.31677,0,1755,87154415653
45.6365,21.9123,80.2057,0,100,84,76,1392,3504,2.27301,0,11.2857,2.31677,0,1755,87176329480
35.4354,28.2203,80.2057,0,100,84,76,1392,3504,2.27301,0,11.2857,2.31677,0,1755,87204549553
48.2203,20.7382,80.2057,0,100,84,76,1392,3504,2.27301,0,11.2857,2.31677,0,1755,87225311946
41.5769,24.0518,80.2057,0,100,84,76,1392,3504,2.27301,0,11.2857,2.31677,0,1755,87249364224
39.1605,25.5359,80.2057,0,100,84,76,1392,3504,2.27301,0,11.2857,2.31677,0,1755,87274902221
47.5484,21.0312,80.2057,0,100,84,76,1392,3504,2.27301,0,11.2857,2.31677,0,1755,87295935346
33.8601,29.5333,80.2057,0,100,84,76,1392,3504,2.27301,0,11.2857,2.31677,0,1755,87325469681
54.3578,18.3966,80.2057,0,100,84,76,1392,3504,2.27301,0,11.2857,2.31677,0,1755,87343867443
37.1737,26.9007,80.2057,0,100,84,76,1392,3504,2.27301,0,11.2857,2.31677,0,1755,87370769308
44.6843,22.3792,80.2057,0,100,84,76,1392,3504,2.27301,0,11.2857,2.31677,0,1755,87393149267
45.9123,21.7807,80.2057,0,100,84,76,1392,3504,2.27301,0,11.2857,2.31677,0,1755,87414931422
39.4705,25.3354,80.2057,0,100,84,76,1392,3504,2.27301,0,11.2857,2.31677,0,1755,87440268336
43.4428,23.0188,80.2057,0,100,84,76,1392,3504,2.27301,0,11.2857,2.31677,0,1755,87463309665
36.0637,27.7287,80.2057,0,100,84,76,1392,3504,2.27301,0,11.2857,2.31677,0,1755,87491018796
43.854,22.8029,80.2057,0,100,84,76,1392,3504,2.27301,0,11.2857,2.31677,0,1755,87513822170
43.0705,23.2177,80.2057,0,100,84,76,1392,3504,2.27301,0,11.2857,2.31677,0,1755,87537041320
37.5562,26.6267,80.2057,0,100,84,76,1392,3504,2.27301,0,11.2857,2.31677,0,1755,87563697465
47.5396,21.0351,72.9529,0,100,85,76,1392,3504,2.27301,0,11.3004,2.31677,0,1739,87584712694
41.7417,23.9569,72.9529,0,100,85,76,1392,3504,2.27301,0,11.3004,2.31677,0,1739,87608666164
43.0875,23.2086,72.9529,0,100,85,76,1392,3504,2.27301,0,11.3004,2.31677,0,1739,87631897998
38.4718,25.9931,72.9529,0,100,85,76,1392,3504,2.27301,0,11.3004,2.31677,0,1739,87657871096
39.0782,25.5897,72.9529,0,100,85,76,1392,3504,2.27301,0,11.3004,2.31677,0,1739,87683513239
46.1653,21.6613,72.9529,0,100,85,76,1392,3504,2.27301,0,11.3004,2.31677,0,1739,87705123989
40.3799,24.7648,72.9529,0,100,85,76,1392,3504,2.27301,0,11.3004,2.31677,0,1739,87729890654
43.6486,22.9102,72.9529,0,100,85,76,1392,3504,2.27301,0,11.3004,2.31677,0,1739,87752801188
31.06,32.1958,72.9529,0,100,85,76,1392,3504,2.27301,0,11.3004,2.31677,0,1739,87784998729
56.3048,17.7605,72.9529,0,100,85,76,1392,3504,2.27301,0,11.3004,2.31677,0,1739,87802760067
41.1781,24.2848,72.9529,0,100,85,76,1392,3504,2.27301,0,11.3004,2.31677,0,1739,87827069990
40.27,24.8324,72.9529,0,100,85,76,1392,3504,2.27301,0,11.3004,2.31677,0,1739,87851922847
45.4882,21.9837,72.9529,0,100,85,76,1392,3504,2.27301,0,11.3004,2.31677,0,1739,87873886122
37.029,27.0059,72.9529,0,100,85,76,1392,3504,2.27301,0,11.3004,2.31677,0,1739,87900893143
45.9727,21.752,72.9529,0,100,85,76,1392,3504,2.27301,0,11.3004,2.31677,0,1739,87922645666
40.1453,24.9095,72.9529,0,100,85,76,1392,3504,2.27301,0,11.3004,2.31677,0,1739,87947577575
51.0562,19.5863,72.9529,0,100,85,76,1392,3504,2.27301,0,11.3004,2.31677,0,1739,87967166823
33.9368,29.4665,72.9529,0,100,85,76,1392,3504,2.27301,0,11.3004,2.31677,0,1739,87996633416
48.0609,20.8069,72.9529,0,100,85,76,1392,3504,2.27301,0,11.3004,2.31677,0,1739,88017442379
33.7699,29.6122,72.9529,0,100,85,76,1392,3504,2.27301,0,11.3004,2.31677,0,1739,88047054894
54.8703,18.2248,72.9529,0,100,85,76,1392,3504,2.27301,0,11.3004,2.31677,0,1739,88065305567
36.0583,27.7328,69.7201,0,100,85,75,1392,3504,2.27301,0,11.2997,2.31677,0,1738,88093013851
53.8047,18.5857,69.7201,0,100,85,75,1392,3504,2.27301,0,11.2997,2.31677,0,1738,88111601101
37.1443,26.922,69.7201,0,100,85,75,1392,3504,2.27301,0,11.2997,2.31677,0,1738,88138523915
47.8751,20.8877,69.7201,0,100,85,75,1392,3504,2.27301,0,11.2997,2.31677,0,1738,88159433296
48.8017,20.4911,69.7201,0,100,85,75,1392,3504,2.27301,0,11.2997,2.31677,0,1738,88179926272
38.013,26.3068,69.7201,0,100,85,75,1392,3504,2.27301,0,11.2997,2.31677,0,1738,88206233874
46.4769,21.5161,69.7201,0,100,85,75,1392,3504,2.27301,0,11.2997,2.31677,0,1738,88227771842
41.4745,24.1112,69.7201,0,100,85,75,1392,3504,2.27301,0,11.2997,2.31677,0,1738,88251865314
34.5128,28.9748,69.7201,0,100,85,75,1392,3504,2.27301,0,11.2997,2.31677,0,1738,88280839105
47.5965,21.01,69.7201,0,100,85,75,1392,3504,2.27301,0,11.2997,2.31677,0,1738,88301851572
50.0441,19.9824,69.7201,0,100,85,75,1392,3504,2.27301,0,11.2997,2.31677,0,1738,88321835429
32.6361,30.6409,69.7201,0,100,85,75,1392,3504,2.27301,0,11.2997,2.31677,0,1738,88352478603
53.6212,18.6493,69.7201,0,100,85,75,1392,3504,2.27301,0,11.2997,2.31677,0,1738,88371149467
39.9543,25.0286,69.7201,0,100,85,75,1392,3504,2.27301,0,11.2997,2.31677,0,1738,88396158148
43.3577,23.0639,69.7201,0,100,85,75,1392,3504,2.27301,0,11.2997,2.31677,0,1738,88419223521
47.2111,21.1815,69.7201,0,100,85,75,1392,3504,2.27301,0,11.2997,2.31677,0,1738,88440426940
37.6581,26.5547,69.7201,0,100,85,75,1392,3504,2.27301,0,11.2997,2.31677,0,1738,88466984075
41.8182,23.913,69.7201,0,100,85,75,1392,3504,2.27301,0,11.2997,2.31677,0,1738,88490877241
35.6024,28.088,69.7201,0,100,85,75,1392,3504,2.27301,0,11.2997,2.31677,0,1738,88518987551
47.1091,21.2273,69.7201,0,100,85,75,1392,3504,2.27301,0,11.2997,2.31677,0,1738,88540195628
76.3584,13.0961,69.7201,0,100,85,75,1392,3504,2.27301,0,11.2997,2.31677,0,1738,88553291142
41.3159,24.2037,69.7201,0,100,85,75,1392,3504,2.27301,0,11.2997,2.31677,0,1738,88577513317
41.0527,24.3589,74.321,0,100,88,75,1402,3504,2.27299,0,11.2996,2.31677,0,3400,88601856357
41.0387,24.3673,74.321,0,100,88,75,1402,3504,2.27299,0,11.2996,2.31677,0,3400,88626225534
42.9819,23.2656,74.321,0,100,88,75,1402,3504,2.27299,0,11.2996,2.31677,0,3400,88649493319
45.8446,21.8128,74.321,0,100,88,75,1402,3504,2.27299,0,11.2996,2.31677,0,3400,88671306435
41.7133,23.9732,74.321,0,100,88,75,1402,3504,2.27299,0,11.2996,2.31677,0,3400,88695280923
42.2305,23.6796,74.321,0,100,88,75,1402,3504,2.27299,0,11.2996,2.31677,0,3400,88718962227
42.0398,23.787,74.321,0,100,88,75,1402,3504,2.27299,0,11.2996,2.31677,0,3400,88742751532
40.8797,24.462,74.321,0,100,88,75,1402,3504,2.27299,0,11.2996,2.31677,0,3400,88767214317
40.5857,24.6392,74.321,0,100,88,75,1402,3504,2.27299,0,11.2996,2.31677,0,3400,88791856029
44.3019,22.5724,74.321,0,100,88,75,1402,3504,2.27299,0,11.2996,2.31677,0,3400,88814430140
43.0505,23.2285,74.321,0,100,88,75,1402,3504,2.27299,0,11.2996,2.31677,0,3400,88837659037
42.4272,23.5698,74.321,0,100,88,75,1402,3504,2.27299,0,11.2996,2.31677,0,3400,88861229976
43.2984,23.0956,74.321,0,100,88,75,1402,3504,2.27299,0,11.2996,2.31677,0,3400,88884327255
40.2051,24.8725,74.321,0,100,88,75,1402,3504,2.27299,0,11.2996,2.31677,0,3400,88909201078
44.3772,22.5341,74.321,0,100,88,75,1402,3504,2.27299,0,11.2996,2.31677,0,3400,88931737080
42.8165,23.3555,74.321,0,100,88,75,1402,3504,2.27299,0,11.2996,2.31677,0,3400,88955093619
41.6442,24.0129,74.321,0,100,88,75,1402,3504,2.27299,0,11.2996,2.31677,0,3400,88979107882
42.6492,23.4471,74.321,0,100,88,75,1402,3504,2.27299,0,11.2996,2.31677,0,3400,89002556726
39.5903,25.2587,74.321,0,100,88,75,1402,3504,2.27299,0,11.2996,2.31677,0,3400,89027815514
43.0509,23.2283,74.321,0,100,88,75,1402,3504,2.27299,0,11.2996,2.31677,0,3400,89051047240
44.1431,22.6536,74.321,0,100,88,75,1402,3504,2.27299,0,11.2996,2.31677,0,3400,89073700273
43.101,23.2013,74.321,0,100,88,75,1402,3504,2.27299,0,11.2996,2.31677,0,3400,89096911117
40.3134,24.8056,50,0,100,88,75,1402,3504,2.27299,0,11.2865,2.31677,0,3400,89121710067
39.9755,25.0153,50,0,100,88,75,1402,3504,2.27299,0,11.2865,2.31677,0,3400,89146727245
46.7445,21.3929,50,0,100,88,75,1402,3504,2.27299,0,11.2865,2.31677,0,3400,89168120762
41.419,24.1435,50,0,100,88,75,1402,3504,2.27299,0,11.2865,2.31677,0,3400,89192266748
44.1243,22.6632,50,0,100,88,75,1402,3504,2.27299,0,11.2865,2.31677,0,3400,89214931053
41.5769,24.0518,50,0,100,88,75,1402,3504,2.27299,0,11.2865,2.31677,0,3400,89238983802
41.3944,24.1579,50,0,100,88,75,1402,3504,2.27299,0,11.2865,2.31677,0,3400,89263142417
40.8968,24.4518,50,0,100,88,75,1402,3504,2.27299,0,11.2865,2.31677,0,3400,89287595273
43.5082,22.9842,50,0,100,88,75,1402,3504,2.27299,0,11.2865,2.31677,0,3400,89310580364
41.5415,24.0723,50,0,100,88,75,1402,3504,2.27299,0,11.2865,2.31677,0,3400,89334654755
41.294,24.2166,50,0,100,88,75,1402,3504,2.27299,0,11.2865,2.31677,0,3400,89358871711
43.3715,23.0566,50,0,100,88,75,1402,3504,2.27299,0,11.2865,2.31677,0,3400,89381929962
43.8248,22.8181,50,0,100,88,75,1402,3504,2.27299,0,11.2865,2.31677,0,3400,89404750419
40.7825,24.5203,50,0,100,88,75,1402,3504,2.27299,0,11.2865,2.31677,0,3400,89429270123
42.2348,23.6771,50,0,100,88,75,1402,3504,2.27299,0,11.2865,2.31677,0,3400,89452948597
43.2055,23.1452,50,0,100,88,75,1402,3504,2.27299,0,11.2865,2.31677,0,3400,89476095439
42.3819,23.595,50,0,100,88,75,1402,3504,2.27299,0,11.2865,2.31677,0,3400,89499690960
42.1369,23.7322,50,0,100,88,75,1402,3504,2.27299,0,11.2865,2.31677,0,3400,89523424846
41.4265,24.1392,50,0,100,88,75,1402,3504,2.27299,0,11.2865,2.31677,0,3400,89547565276
44.9603,22.2419,50,0,100,88,75,1402,3504,2.27299,0,11.2865,2.31677,0,3400,89569808238
31.1494,32.1033,50,0,100,88,75,1402,3504,2.27299,0,11.2865,2.31677,0,3400,89601919688
29.4614,33.9427,45.34,0,100,92,75,1404,3504,2.27295,0,11.2883,2.31677,0,3438,89635857810
53.7673,18.5987,45.34,0,100,92,75,1404,3504,2.27295,0,11.2883,2.31677,0,3438,89654456158
52.5707,19.022,45.34,0,100,92,75,1404,3504,2.27295,0,11.2883,2.31677,0,3438,89673480077
46.8798,21.3311,45.34,0,100,92,75,1404,3504,2.27295,0,11.2883,2.31677,0,3438,89694812057
63.6885,15.7014,45.34,0,100,92,75,1404,3504,2.27295,0,11.2883,2.31677,0,3438,89710516148
50.3477,19.8619,45.34,0,100,92,75,1404,3504,2.27295,0,11.2883,2.31677,0,3438,89730377967
42.0652,23.7726,45.34,0,100,92,75,1404,3504,2.27295,0,11.2883,2.31677,0,3438,89754152004
43.4103,23.036,45.34,0,100,92,75,1404,3504,2.27295,0,11.2883,2.31677,0,3438,89777189670
42.8237,23.3516,45.34,0,100,92,75,1404,3504,2.27295,0,11.2883,2.31677,0,3438,89800543126
45.5448,21.9564,45.34,0,100,92,75,1404,3504,2.27295,0,11.2883,2.31677,0,3438,89822500042
22.1796,45.0865,45.34,0,100,92,75,1404,3504,2.27295,0,11.2883,2.31677,0,3438,89867588096
132.748,7.53307,45.34,0,100,92,75,1404,3504,2.27295,0,11.2883,2.31677,0,3438,89875123035
42.8605,23.3315,45.34,0,100,92,75,1404,3504,2.27295,0,11.2883,2.31677,0,3438,89898454921
43.4842,22.9969,45.34,0,100,92,75,1404,3504,2.27295,0,11.2883,2.31677,0,3438,89921453512
41.3068,24.2091,45.34,0,100,92,75,1404,3504,2.27295,0,11.2883,2.31677,0,3438,89945663997
43.2497,23.1215,45.34,0,100,92,75,1404,3504,2.27295,0,11.2883,2.31677,0,3438,89968788374
47.8016,20.9198,45.34,0,100,92,75,1404,3504,2.27295,0,11.2883,2.31677,0,3438,89989708760
37.5158,26.6555,45.34,0,100,92,75,1404,3504,2.27295,0,11.2883,2.31677,0,3438,90016365496
41.5591,24.0621,45.34,0,100,92,75,1404,3504,2.27295,0,11.2883,2.31677,0,3438,90040429390
47.5535,21.0289,45.34,0,100,92,75,1404,3504,2.27295,0,11.2883,2.31677,0,3438,90061459011
33.1165,30.1964,45.34,0,100,92,75,1404,3504,2.27295,0,11.2883,2.31677,0,3438,90091655972
66.88,14.9521,45.34,0,100,92,75,1404,3504,2.27295,0,11.2883,2.31677,0,3438,90106618619
38.8477,25.7415,65.995,0,100,92,75,1405,3504,2.27441,0,11.2908,2.31677,0,3400,90132353585
45.047,22.199,65.995,0,100,92,75,1405,3504,2.27441,0,11.2908,2.31677,0,3400,90154554700
45.1945,22.1266,65.995,0,100,92,75,1405,3504,2.27441,0,11.2908,2.31677,0,3400,90176682377
39.6149,25.243,65.995,0,100,92,75,1405,3504,2.27441,0,11.2908,2.31677,0,3400,90201927568
47.4788,21.062,65.995,0,100,92,75,1405,3504,2.27441,0,11.2908,2.31677,0,3400,90222990157
43.7401,22.8623,65.995,0,100,92,75,1405,3504,2.27441,0,11.2908,2.31677,0,3400,90245854258
39.9857,25.0089,65.995,0,100,92,75,1405,3504,2.27441,0,11.2908,2.31677,0,3400,90270864247
41.6505,24.0093,65.995,0,100,92,75,1405,3504,2.27441,0,11.2908,2.31677,0,3400,90294874503
38.0234,26.2996,65.995,0,100,92,75,1405,3504,2.27441,0,11.2908,2.31677,0,3400,90321175425
52.3495,19.1024,65.995,0,100,92,75,1405,3504,2.27441,0,11.2908,2.31677,0,3400,90340278884
42.8515,23.3364,65.995,0,100,92,75,1405,3504,2.27441,0,11.2908,2.31677,0,3400,90363631792
41.9999,23.8096,65.995,0,100,92,75,1405,3504,2.27441,0,11.2908,2.31677,0,3400,90387427166
40.8086,24.5046,65.995,0,100,92,75,1405,3504,2.27441,0,11.2908,2.31677,0,3400,90411932882
42.1306,23.7357,65.995,0,100,92,75,1405,3504,2.27441,0,11.2908,2.31677,0,3400,90435670099
48.2001,20.7468,65.995,0,100,92,75,1405,3504,2.27441,0,11.2908,2.31677,0,3400,90456417819
25.9559,38.5269,65.995,0,100,92,75,1405,3504,2.27441,0,11.2908,2.31677,0,3400,90494959506
49.9407,20.0238,65.995,0,100,92,75,1405,3504,2.27441,0,11.2908,2.31677,0,3400,90514970643
50.2387,19.905,65.995,0,100,92,75,1405,3504,2.27441,0,11.2908,2.31677,0,3400,90534878749
50.6483,19.744,65.995,0,100,92,75,1405,3504,2.27441,0,11.2908,2.31677,0,3400,90554623726
43.8207,22.8202,65.995,0,100,92,75,1405,3504,2.27441,0,11.2908,2.31677,0,3400,90577445690
40.0497,24.969,65.995,0,100,92,75,1405,3504,2.27441,0,11.2908,2.31677,0,3400,90602416423
45.0509,22.1971,65.995,0,100,92,75,1405,3504,2.27441,0,11.2908,2.31677,0,3400,90624620522
44.398,22.5235,66.2592,0,99,90,75,1414,3504,2.27981,0,11.2914,2.31677,0,3400,90647139006
41.2434,24.2463,66.2592,0,99,90,75,1414,3504,2.27981,0,11.2914,2.31677,0,3400,90671387650
43.9071,22.7753,66.2592,0,99,90,75,1414,3504,2.27981,0,11.2914,2.31677,0,3400,90694163910
43.4233,23.0291,66.2592,0,99,90,75,1414,3504,2.27981,0,11.2914,2.31677,0,3400,90717193577
40.6259,24.6148,66.2592,0,99,90,75,1414,3504,2.27981,0,11.2914,2.31677,0,3400,90741810002
44.0392,22.707,66.2592,0,99,90,75,1414,3504,2.27981,0,11.2914,2.31677,0,3400,90764517308
34.5583,28.9366,66.2592,0,99,90,75,1414,3504,2.27981,0,11.2914,2.31677,0,3400,90793455271
56.1864,17.7979,66.2592,0,99,90,75,1414,3504,2.27981,0,11.2914,2.31677,0,3400,90811254142
37.6797,26.5395,66.2592,0,99,90,75,1414,3504,2.27981,0,11.2914,2.31677,0,3400,90837795809
45.3383,22.0564,66.2592,0,99,90,75,1414,3504,2.27981,0,11.2914,2.31677,0,3400,90859854300
41.5539,24.0651,66.2592,0,99,90,75,1414,3504,2.27981,0,11.2914,2.31677,0,3400,90883921139
42.6878,23.4259,66.2592,0,99,90,75,1414,3504,2.27981,0,11.2914,2.31677,0,3400,90907347839
40.1911,24.8811,66.2592,0,99,90,75,1414,3504,2.27981,0,11.2914,2.31677,0,3400,90932230218
42.8791,23.3214,66.2592,0,99,90,75,1414,3504,2.27981,0,11.2914,2.31677,0,3400,90955551802
45.9976,21.7403,66.2592,0,99,90,75,1414,3504,2.27981,0,11.2914,2.31677,0,3400,90977294291
36.2389,27.5947,66.2592,0,99,90,75,1414,3504,2.27981,0,11.2914,2.31677,0,3400,91004890096
49.8672,20.0532,66.2592,0,99,90,75,1414,3504,2.27981,0,11.2914,2.31677,0,3400,91024945733
41.4744,24.1112,66.2592,0,99,90,75,1414,3504,2.27981,0,11.2914,2.31677,0,3400,91049057173
42.0783,23.7652,66.2592,0,99,90,75,1414,3504,2.27981,0,11.2914,2.31677,0,3400,91072824126
39.4384,25.356,66.2592,0,99,90,75,1414,3504,2.27981,0,11.2914,2.31677,0,3400,91098182283
42.1122,23.7461,66.2592,0,99,90,75,1414,3504,2.27981,0,11.2914,2.31677,0,3400,91121929584
48.4098,20.657,66.2592,0,99,90,75,1414,3504,2.27981,0,11.2914,2.31677,0,3400,91142594833
39.1839,25.5207,63.017,0,100,90,75,1417,3504,2.27394,0,11.2912,2.31677,0,3400,91168109757
41.8138,23.9156,63.017,0,100,90,75,1417,3504,2.27394,0,11.2912,2.31677,0,3400,91192025371
42.2189,23.6861,63.017,0,100,90,75,1417,3504,2.27394,0,11.2912,2.31677,0,3400,91215713612
40.5699,24.6488,63.017,0,100,90,75,1417,3504,2.27394,0,11.2912,2.31677,0,3400,91240363415
43.4858,22.996,63.017,0,100,90,75,1417,3504,2.27394,0,11.2912,2.31677,0,3400,91263378712
46.0818,21.7006,63.017,0,100,90,75,1417,3504,2.27394,0,11.2912,2.31677,0,3400,91285081943
43.3529,23.0665,63.017,0,100,90,75,1417,3504,2.27394,0,11.2912,2.31677,0,3400,91308148523
41.6738,23.9959,63.017,0,100,90,75,1417,3504,2.27394,0,11.2912,2.31677,0,3400,91332145959
39.6284,25.2344,63.017,0,100,90,75,1417,3504,2.27394,0,11.2912,2.31677,0,3400,91357381686
46.0779,21.7024,63.017,0,100,90,75,1417,3504,2.27394,0,11.2912,2.31677,0,3400,91379084904
40.751,24.5393,63.017,0,100,90,75,1417,3504,2.27394,0,11.2912,2.31677,0,3400,91403625948
43.5573,22.9583,63.017,0,100,90,75,1417,3504,2.27394,0,11.2912,2.31677,0,3400,91426585054
41.3782,24.1673,63.017,0,100,90,75,1417,3504,2.27394,0,11.2912,2.31677,0,3400,91450753162
37.796,26.4578,63.017,0,100,90,75,1417,3504,2.27394,0,11.2912,2.31677,0,3400,91477212270
48.2663,20.7184,63.017,0,100,90,75,1417,3504,2.27394,0,11.2912,2.31677,0,3400,91497933100
41.4374,24.1328,63.017,0,100,90,75,1417,3504,2.27394,0,11.2912,2.31677,0,3400,91522066000
41.3988,24.1553,63.017,0,100,90,75,1417,3504,2.27394,0,11.2912,2.31677,0,3400,91546222991
49.4459,20.2241,63.017,0,100,90,75,1417,3504,2.27394,0,11.2912,2.31677,0,3400,91566448191
40.7932,24.5139,63.017,0,100,90,75,1417,3504,2.27394,0,11.2912,2.31677,0,3400,91590963108
45.3188,22.0659,63.017,0,100,90,75,1417,3504,2.27394,0,11.2912,2.31677,0,3400,91613031174
43.2976,23.096,63.017,0,100,90,75,1417,3504,2.27394,0,11.2912,2.31677,0,3400,91636128893
42.856,23.3339,63.017,0,100,90,75,1417,3504,2.27394,0,11.2912,2.31677,0,3400,91659469374
45.907,21.7832,64.5161,0,100,91,75,1417,3504,2.26882,0,11.2916,2.31677,0,3400,91681248891
41.3735,24.17,64.5161,0,100,91,75,1417,3504,2.26882,0,11.2916,2.31677,0,3400,91705419008
44.0024,22.7261,64.5161,0,100,91,75,1417,3504,2.26882,0,11.2916,2.31677,0,3400,91728146709
38.5089,25.968,64.5161,0,100,91,75,1417,3504,2.26882,0,11.2916,2.31677,0,3400,91754118841
49.228,20.3136,64.5161,0,100,91,75,1417,3504,2.26882,0,11.2916,2.31677,0,3400,91774430725
38.1407,26.2187,64.5161,0,100,91,75,1417,3504,2.26882,0,11.2916,2.31677,0,3400,91800650805
49.026,20.3973,64.5161,0,100,91,75,1417,3504,2.26882,0,11.2916,2.31677,0,3400,91821050145
43.2014,23.1474,64.5161,0,100,91,75,1417,3504,2.26882,0,11.2916,2.31677,0,3400,91844198779
39.0081,25.6357,64.5161,0,100,91,75,1417,3504,2.26882,0,11.2916,2.31677,0,3400,91869836053
46.5439,21.4851,64.5161,0,100,91,75,1417,3504,2.26882,0,11.2916,2.31677,0,3400,91891323385
45.715,21.8747,64.5161,0,100,91,75,1417,3504,2.26882,0,11.2916,2.31677,0,3400,91913199238
43.9725,22.7415,64.5161,0,100,91,75,1417,3504,2.26882,0,11.2916,2.31677,0,3400,91935940713
41.9441,23.8413,64.5161,0,100,91,75,1417,3504,2.26882,0,11.2916,2.31677,0,3400,91959783316
45.4108,22.0212,64.5161,0,100,91,75,1417,3504,2.26882,0,11.2916,2.31677,0,3400,91981805602
38.6731,25.8577,64.5161,0,100,91,75,1417,3504,2.26882,0,11.2916,2.31677,0,3400,92007665370
50.5773,19.7717,64.5161,0,100,91,75,1417,3504,2.26882,0,11.2916,2.31677,0,3400,92027437469
43.5485,22.9629,64.5161,0,100,91,75,1417,3504,2.26882,0,11.2916,2.31677,0,3400,92050413983
42.3011,23.6401,64.5161,0,100,91,75,1417,3504,2.26882,0,11.2916,2.31677,0,3400,92074042690
45.199,22.1244,64.5161,0,100,91,75,1417,3504,2.26882,0,11.2916,2.31677,0,3400,92096167857
44.6862,22.3783,64.5161,0,100,91,75,1417,3504,2.26882,0,11.2916,2.31677,0,3400,92118547634
45.1215,22.1624,64.5161,0,100,91,75,1417,3504,2.26882,0,11.2916,2.31677,0,3400,92140711511
42.6833,23.4284,64.5161,0,100,91,75,1417,3504,2.26882,0,11.2916,2.31677,0,3400,92164145740
41.6088,24.0334,66.3342,0,100,91,75,1465,3504,2.26827,0,11.2919,2.31677,0,3400,92188175813
46.6538,21.4345,66.3342,0,100,91,75,1465,3504,2.26827,0,11.2919,2.31677,0,3400,92209611594
41.8912,23.8714,66.3342,0,100,91,75,1465,3504,2.26827,0,11.2919,2.31677,0,3400,92233483257
41.5546,24.0647,66.3342,0,100,91,75,1465,3504,2.26827,0,11.2919,2.31677,0,3400,92257549031
47.4083,21.0933,66.3342,0,100,91,75,1465,3504,2.26827,0,11.2919,2.31677,0,3400,92278643910
45.4803,21.9875,66.3342,0,100,91,75,1465,3504,2.26827,0,11.2919,2.31677,0,3400,92300632308
44.0344,22.7095,66.3342,0,100,91,75,1465,3504,2.26827,0,11.2919,2.31677,0,3400,92323343200
40.2304,24.8568,66.3342,0,100,91,75,1465,3504,2.26827,0,11.2919,2.31677,0,3400,92348201460
41.7227,23.9678,66.3342,0,100,91,75,1465,3504,2.26827,0,11.2919,2.31677,0,3400,92372169588
41.1634,24.2934,66.3342,0,100,91,75,1465,3504,2.26827,0,11.2919,2.31677,0,3400,92396464454
51.6722,19.3528,66.3342,0,100,91,75,1465,3504,2.26827,0,11.2919,2.31677,0,3400,92415818898
39.6359,25.2296,66.3342,0,100,91,75,1465,3504,2.26827,0,11.2919,2.31677,0,3400,92441048931
47.7193,20.9559,66.3342,0,100,91,75,1465,3504,2.26827,0,11.2919,2.31677,0,3400,92462007605
44.1063,22.6725,66.3342,0,100,91,75,1465,3504,2.26827,0,11.2919,2.31677,0,3400,92484680159
43.9717,22.7419,66.3342,0,100,91,75,1465,3504,2.26827,0,11.2919,2.31677,0,3400,92507435771
37.287,26.819,66.3342,0,100,91,75,1465,3504,2.26827,0,11.2919,2.31677,0,3400,92534268879
51.9015,19.2673,66.3342,0,100,91,75,1465,3504,2.26827,0,11.2919,2.31677,0,3400,92553525024
45.811,21.8288,66.3342,0,100,91,75,1465,3504,2.26827,0,11.2919,2.31677,0,3400,92575356781
39.6608,25.2138,66.3342,0,100,91,75,1465,3504,2.26827,0,11.2919,2.31677,0,3400,92600571171
49.422,20.2339,66.3342,0,100,91,75,1465,3504,2.26827,0,11.2919,2.31677,0,3400,92620805703
43.2221,23.1363,66.3342,0,100,91,75,1465,3504,2.26827,0,11.2919,2.31677,0,3400,92643943827
42.5576,23.4975,66.3342,0,100,91,75,1465,3504,2.26827,0,11.2919,2.31677,0,3400,92667446904
42.4159,23.5761,64.3038,0,100,92,75,1465,3504,2.26827,0,11.2923,2.31677,0,3400,92691019851
40.1965,24.8778,64.3038,0,100,92,75,1465,3504,2.26827,0,11.2923,2.31677,0,3400,92715900069
49.2683,20.297,64.3038,0,100,92,75,1465,3504,2.26827,0,11.2923,2.31677,0,3400,92736207825
40.5861,24.639,64.3038,0,100,92,75,1465,3504,2.26827,0,11.2923,2.31677,0,3400,92760839106
45.5405,21.9585,64.3038,0,100,92,75,1465,3504,2.26827,0,11.2923,2.31677,0,3400,92782799163
40.4374,24.7296,64.3038,0,100,92,75,1465,3504,2.26827,0,11.2923,2.31677,0,3400,92807530087
49.0343,20.3939,64.3038,0,100,92,75,1465,3504,2.26827,0,11.2923,2.31677,0,3400,92827925902
40.4865,24.6996,64.3038,0,100,92,75,1465,3504,2.26827,0,11.2923,2.31677,0,3400,92852624456
43.6367,22.9165,64.3038,0,100,92,75,1465,3504,2.26827,0,11.2923,2.31677,0,3400,92875543233
43.4589,23.0103,64.3038,0,100,92,75,1465,3504,2.26827,0,11.2923,2.31677,0,3400,92898553847
40.035,24.9781,64.3038,0,100,92,75,1465,3504,2.26827,0,11.2923,2.31677,0,3400,92923533323
48.66,20.5508,64.3038,0,100,92,75,1465,3504,2.26827,0,11.2923,2.31677,0,3400,92944086160
45.5689,21.9448,64.3038,0,100,92,75,1465,3504,2.26827,0,11.2923,2.31677,0,3400,92966032155
41.6248,24.0241,64.3038,0,100,92,75,1465,3504,2.26827,0,11.2923,2.31677,0,3400,92990057667
41.2596,24.2368,64.3038,0,100,92,75,1465,3504,2.26827,0,11.2923,2.31677,0,3400,93014295501
44.3988,22.5231,64.3038,0,100,92,75,1465,3504,2.26827,0,11.2923,2.31677,0,3400,93036829340
45.0248,22.21,64.3038,0,100,92,75,1465,3504,2.26827,0,11.2923,2.31677,0,3400,93059038149
45.2821,22.0838,64.3038,0,100,92,75,1465,3504,2.26827,0,11.2923,2.31677,0,3400,93081123601
42.688,23.4258,64.3038,0,100,92,75,1465,3504,2.26827,0,11.2923,2.31677,0,3400,93104550582
42.057,23.7773,64.3038,0,100,92,75,1465,3504,2.26827,0,11.2923,2.31677,0,3400,93128327886
43.0576,23.2247,64.3038,0,100,92,75,1465,3504,2.26827,0,11.2923,2.31677,0,3400,93151554079
44.211,22.6188,64.3038,0,100,92,75,1465,3504,2.26827,0,11.2923,2.31677,0,3400,93174180267
40.4076,24.7478,62.25,0,100,92,76,1466,3504,2.25613,0,11.2942,2.31677,0,3400,93198922366
45.5727,21.9429,62.25,0,100,92,76,1466,3504,2.25613,0,11.2942,2.31677,0,3400,93220879296
45.2305,22.109,62.25,0,100,92,76,1466,3504,2.25613,0,11.2942,2.31677,0,3400,93242989215
43.1327,23.1843,62.25,0,100,92,76,1466,3504,2.25613,0,11.2942,2.31677,0,3400,93266175748
43.0639,23.2213,62.25,0,100,92,76,1466,3504,2.25613,0,11.2942,2.31677,0,3400,93289397190
41.2663,24.2329,62.25,0,100,92,76,1466,3504,2.25613,0,11.2942,2.31677,0,3400,93313633190
44.7278,22.3574,62.25,0,100,92,76,1466,3504,2.25613,0,11.2942,2.31677,0,3400,93335991010
43.6404,22.9146,62.25,0,100,92,76,1466,3504,2.25613,0,11.2942,2.31677,0,3400,93358907659
43.0456,23.2312,62.25,0,100,92,76,1466,3504,2.25613,0,11.2942,2.31677,0,3400,93382141533
41.8406,23.9002,62.25,0,100,92,76,1466,3504,2.25613,0,11.2942,2.31677,0,3400,93406041361
42.9707,23.2717,62.25,0,100,92,76,1466,3504,2.25613,0,11.2942,2.31677,0,3400,93429314710
45.8451,21.8126,62.25,0,100,92,76,1466,3504,2.25613,0,11.2942,2.31677,0,3400,93451128484
42.79,23.37,62.25,0,100,92,76,1466,3504,2.25613,0,11.2942,2.31677,0,3400,93474498829
42.4332,23.5665,62.25,0,100,92,76,1466,3504,2.25613,0,11.2942,2.31677,0,3400,93498067379
42.9668,23.2738,62.25,0,100,92,76,1466,3504,2.25613,0,11.2942,2.31677,0,3400,93521342755
42.1937,23.7002,62.25,0,100,92,76,1466,3504,2.25613,0,11.2942,2.31677,0,3400,93545044150
46.6027,21.458,62.25,0,100,92,76,1466,3504,2.25613,0,11.2942,2.31677,0,3400,93566504296
45.628,21.9163,62.25,0,100,92,76,1466,3504,2.25613,0,11.2942,2.31677,0,3400,93588422115
51.4592,19.4329,62.25,0,100,92,76,1466,3504,2.25613,0,11.2942,2.31677,0,3400,93607855997
27.1526,36.8289,62.25,0,100,92,76,1466,3504,2.25613,0,11.2942,2.31677,0,3400,93644687247
128.401,7.7881,62.25,0,100,92,76,1466,3504,2.25613,0,11.2942,2.31677,0,3400,93652477057
95.8033,10.4381,62.25,0,100,92,76,1466,3504,2.25613,0,11.2942,2.31677,0,3400,93662917891
64.2768,15.5577,62.25,0,100,92,76,1466,3504,2.25613,0,11.2942,2.31677,0,3400,93678479124
54.3943,18.3843,59.542,0,100,90,76,1455,3504,2.22769,0,11.2942,2.31677,0,3453,93696863232
83.7603,11.9388,59.542,0,100,90,76,1455,3504,2.22769,0,11.2942,2.31677,0,3453,93708801455
67.0085,14.9235,59.542,0,100,90,76,1455,3504,2.22769,0,11.2942,2.31677,0,3453,93723727117
57.57,17.3702,59.542,0,100,90,76,1455,3504,2.22769,0,11.2942,2.31677,0,3453,93741098013
43.7512,22.8565,59.542,0,100,90,76,1455,3504,2.22769,0,11.2942,2.31677,0,3453,93763955657
172.848,5.78544,59.542,0,100,90,76,1455,3504,2.22769,0,11.2942,2.31677,0,3453,93769742945
64.7831,15.4361,59.542,0,100,90,76,1455,3504,2.22769,0,11.2942,2.31677,0,3453,93785180381
67.0854,14.9064,59.542,0,100,90,76,1455,3504,2.22769,0,11.2942,2.31677,0,3453,93800087864
62.9821,15.8775,59.542,0,100,90,76,1455,3504,2.22769,0,11.2942,2.31677,0,3453,93815966619
53.8893,18.5566,59.542,0,100,90,76,1455,3504,2.22769,0,11.2942,2.31677,0,3453,93834524379
85.0014,11.7645,59.542,0,100,90,76,1455,3504,2.22769,0,11.2942,2.31677,0,3453,93846289720
67.2698,14.8655,59.542,0,100,90,76,1455,3504,2.22769,0,11.2942,2.31677,0,3453,93861155635
59.8208,16.7166,59.542,0,100,90,76,1455,3504,2.22769,0,11.2942,2.31677,0,3453,93877873907
73.9859,13.5161,59.542,0,100,90,76,1455,3504,2.22769,0,11.2942,2.31677,0,3453,93891392263
62.8506,15.9108,59.542,0,100,90,76,1455,3504,2.22769,0,11.2942,2.31677,0,3453,93907303337
67.3804,14.8411,59.542,0,100,90,76,1455,3504,2.22769,0,11.2942,2.31677,0,3453,93922146491
65.9294,15.1678,59.542,0,100,90,76,1455,3504,2.22769,0,11.2942,2.31677,0,3453,93937315001
65.435,15.2823,59.542,0,100,90,76,1455,3504,2.22769,0,11.2942,2.31677,0,3453,93952598895
64.4224,15.5226,59.542,0,100,90,76,1455,3504,2.22769,0,11.2942,2.31677,0,3453,93968122169
66.0915,15.1305,59.542,0,100,90,76,1455,3504,2.22769,0,11.2942,2.31677,0,3453,93983253546
65.1997,15.3375,59.542,0,100,90,76,1455,3504,2.22769,0,11.2942,2.31677,0,3453,93998592860
60.7213,16.4687,59.542,0,100,90,76,1455,3504,2.22769,0,11.2942,2.31677,0,3453,94015063001
63.8309,15.6664,59.542,0,100,90,76,1455,3504,2.22769,0,11.2942,2.31677,0,3453,94030730129
67.9691,14.7126,59.542,0,100,90,76,1455,3504,2.22769,0,11.2942,2.31677,0,3453,94045443788
72.3855,13.8149,59.542,0,100,90,76,1455,3504,2.22769,0,11.2942,2.31677,0,3453,94059260408
63.6409,15.7132,59.542,0,100,90,76,1455,3504,2.22769,0,11.2942,2.31677,0,3453,94074975003
66.6297,15.0083,59.542,0,100,90,76,1455,3504,2.22769,0,11.2942,2.31677,0,3453,94089984897
59.8947,16.696,59.542,0,100,90,76,1455,3504,2.22769,0,11.2942,2.31677,0,3453,94106681602
74.4947,13.4238,59.542,0,100,90,76,1455,3504,2.22769,0,11.2942,2.31677,0,3453,94120107013
69.7719,14.3324,59.542,0,100,90,76,1455,3504,2.22769,0,11.2942,2.31677,0,3453,94134441986
60.1829,16.616,59.542,0,100,90,76,1455,3504,2.22769,0,11.2942,2.31677,0,3453,94151058856
65.8767,15.1799,59.542,0,100,90,76,1455,3504,2.22769,0,11.2942,2.31677,0,3453,94166239264
67.8617,14.7359,59.542,0,100,90,76,1455,3504,2.22769,0,11.2942,2.31677,0,3453,94180983344
62.9552,15.8843,60.9137,0,99,90,76,1460,3504,2.22361,0,11.2984,2.31677,0,3400,94196863491
67.2911,14.8608,60.9137,0,99,90,76,1460,3504,2.22361,0,11.2984,2.31677,0,3400,94211724865
61.9131,16.1517,60.9137,0,99,90,76,1460,3504,2.22361,0,11.2984,2.31677,0,3400,94227877856
69.5278,14.3827,60.9137,0,99,90,76,1460,3504,2.22361,0,11.2984,2.31677,0,3400,94242262088
67.2448,14.871,60.9137,0,99,90,76,1460,3504,2.22361,0,11.2984,2.31677,0,3400,94257134470
60.211,16.6083,60.9137,0,99,90,76,1460,3504,2.22361,0,11.2984,2.31677,0,3400,94273743998
67.8027,14.7487,60.9137,0,99,90,76,1460,3504,2.22361,0,11.2984,2.31677,0,3400,94288493677
68.6199,14.573,60.9137,0,99,90,76,1460,3504,2.22361,0,11.2984,2.31677,0,3400,94303068266
62.2722,16.0585,60.9137,0,99,90,76,1460,3504,2.22361,0,11.2984,2.31677,0,3400,94319128059
66.7258,14.9867,60.9137,0,99,90,76,1460,3504,2.22361,0,11.2984,2.31677,0,3400,94334116292
69.6024,14.3673,60.9137,0,99,90,76,1460,3504,2.22361,0,11.2984,2.31677,0,3400,94348484345
60.6368,16.4916,60.9137,0,99,90,76,1460,3504,2.22361,0,11.2984,2.31677,0,3400,94364978234
78.4101,12.7535,60.9137,0,99,90,76,1460,3504,2.22361,0,11.2984,2.31677,0,3400,94377732824
61.1637,16.3496,60.9137,0,99,90,76,1460,3504,2.22361,0,11.2984,2.31677,0,3400,94394083360
60.7675,16.4562,60.9137,0,99,90,76,1460,3504,2.22361,0,11.2984,2.31677,0,3400,94410541119
69.6183,14.364,60.9137,0,99,90,76,1460,3504,2.22361,0,11.2984,2.31677,0,3400,94424905264
66.8849,14.951,60.9137,0,99,90,76,1460,3504,2.22361,0,11.2984,2.31677,0,3400,94439858155
61.8347,16.1722,60.9137,0,99,90,76,1460,3504,2.22361,0,11.2984,2.31677,0,3400,94456031004
65.9272,15.1683,60.9137,0,99,90,76,1460,3504,2.22361,0,11.2984,2.31677,0,3400,94471201079
63.5495,15.7358,60.9137,0,99,90,76,1460,3504,2.22361,0,11.2984,2.31677,0,3400,94486938566
70.1514,14.2549,60.9137,0,99,90,76,1460,3504,2.22361,0,11.2984,2.31677,0,3400,94501193757
62.6267,15.9676,60.9137,0,99,90,76,1460,3504,2.22361,0,11.2984,2.31677,0,3400,94517163382
64.7212,15.4509,60.9137,0,99,90,76,1460,3504,2.22361,0,11.2984,2.31677,0,3400,94532615083
64.143,15.5902,60.9137,0,99,90,76,1460,3504,2.22361,0,11.2984,2.31677,0,3400,94548205898
67.0859,14.9063,60.9137,0,99,90,76,1460,3504,2.22361,0,11.2984,2.31677,0,3400,94563114436
66.2474,15.0949,60.9137,0,99,90,76,1460,3504,2.22361,0,11.2984,2.31677,0,3400,94578210308
60.0799,16.6445,60.9137,0,99,90,76,1460,3504,2.22361,0,11.2984,2.31677,0,3400,94594855885
64.8365,15.4234,60.9137,0,99,90,76,1460,3504,2.22361,0,11.2984,2.31677,0,3400,94610280991
65.1803,15.3421,60.9137,0,99,90,76,1460,3504,2.22361,0,11.2984,2.31677,0,3400,94625623807
69.6828,14.3507,60.9137,0,99,90,76,1460,3504,2.22361,0,11.2984,2.31677,0,3400,94639975371
64.2207,15.5713,60.9137,0,99,90,76,1460,3504,2.22361,0,11.2984,2.31677,0,3400,94655561795
65.0084,15.3826,60.9137,0,99,90,76,1460,3504,2.22361,0,11.2984,2.31677,0,3400,94670944769
65.644,15.2337,60.9137,0,99,90,76,1460,3504,2.22361,0,11.2984,2.31677,0,3400,94686188428
63.0068,15.8713,68.6275,0,100,92,76,1455,3504,2.21677,0,11.3054,2.31677,0,3400,94702054451
68.4162,14.6164,68.6275,0,100,92,76,1455,3504,2.21677,0,11.3054,2.31677,0,3400,94716670499
67.9932,14.7073,68.6275,0,100,92,76,1455,3504,2.21677,0,11.3054,2.31677,0,3400,94731379795
66.7194,14.9881,68.6275,0,100,92,76,1455,3504,2.21677,0,11.3054,2.31677,0,3400,94746369630
73.4272,13.6189,68.6275,0,100,92,76,1455,3504,2.21677,0,11.3054,2.31677,0,3400,94759989644
53.3528,18.7432,68.6275,0,100,92,76,1455,3504,2.21677,0,11.3054,2.31677,0,3400,94778735412
81.1981,12.3156,68.6275,0,100,92,76,1455,3504,2.21677,0,11.3054,2.31677,0,3400,94791051164
69.4009,14.409,68.6275,0,100,92,76,1455,3504,2.21677,0,11.3054,2.31677,0,3400,94805462109
66.7268,14.9865,68.6275,0,100,92,76,1455,3504,2.21677,0,11.3054,2.31677,0,3400,94820450728
60.4064,16.5545,68.6275,0,100,92,76,1455,3504,2.21677,0,11.3054,2.31677,0,3400,94837006370
63.1483,15.8357,68.6275,0,100,92,76,1455,3504,2.21677,0,11.3054,2.31677,0,3400,94852843713
58.288,17.1562,68.6275,0,100,92,76,1455,3504,2.21677,0,11.3054,2.31677,0,3400,94870001689
90.3628,11.0665,68.6275,0,100,92,76,1455,3504,2.21677,0,11.3054,2.31677,0,3400,94881069283
68.0557,14.6938,68.6275,0,100,92,76,1455,3504,2.21677,0,11.3054,2.31677,0,3400,94895764895
63.3449,15.7866,68.6275,0,100,92,76,1455,3504,2.21677,0,11.3054,2.31677,0,3400,94911553715
74.5727,13.4097,68.6275,0,100,92,76,1455,3504,2.21677,0,11.3054,2.31677,0,3400,94924963553
62.4396,16.0155,68.6275,0,100,92,76,1455,3504,2.21677,0,11.3054,2.31677,0,3400,94940985779
67.5383,14.8064,68.6275,0,100,92,76,1455,3504,2.21677,0,11.3054,2.31677,0,3400,94955790782
66.3312,15.0759,68.6275,0,100,92,76,1455,3504,2.21677,0,11.3054,2.31677,0,3400,94970867727
66.1787,15.1106,68.6275,0,100,92,76,1455,3504,2.21677,0,11.3054,2.31677,0,3400,94985979296
64.912,15.4055,68.6275,0,100,92,76,1455,3504,2.21677,0,11.3054,2.31677,0,3400,95001386133
78.499,12.739,68.6275,0,100,92,76,1455,3504,2.21677,0,11.3054,2.31677,0,3400,95014127934
63.1313,15.84,68.6275,0,100,92,76,1455,3504,2.21677,0,11.3054,2.31677,0,3400,95029968552
69.9638,14.2931,68.6275,0,100,92,76,1455,3504,2.21677,0,11.3054,2.31677,0,3400,95044263484
61.7408,16.1967,68.6275,0,100,92,76,1455,3504,2.21677,0,11.3054,2.31677,0,3400,95060461635
76.881,13.0071,68.6275,0,100,92,76,1455,3504,2.21677,0,11.3054,2.31677,0,3400,95073469483
67.5635,14.8009,68.6275,0,100,92,76,1455,3504,2.21677,0,11.3054,2.31677,0,3400,95088272843
63.4143,15.7693,68.6275,0,100,92,76,1455,3504,2.21677,0,11.3054,2.31677,0,3400,95104042631
72.0369,13.8818,68.6275,0,100,92,76,1455,3504,2.21677,0,11.3054,2.31677,0,3400,95117925273
69.6323,14.3612,68.6275,0,100,92,76,1455,3504,2.21677,0,11.3054,2.31677,0,3400,95132288651
64.9655,15.3928,68.6275,0,100,92,76,1455,3504,2.21677,0,11.3054,2.31677,0,3400,95147683351
53.7003,18.6219,68.6275,0,100,92,76,1455,3504,2.21677,0,11.3054,2.31677,0,3400,95166305454
85.6247,11.6789,68.6275,0,100,92,76,1455,3504,2.21677,0,11.3054,2.31677,0,3400,95177985462
64.7774,15.4375,68.6275,0,100,92,76,1455,3504,2.21677,0,11.3054,2.31677,0,3400,95193430546
73.6556,13.5767,72.3881,0,100,92,76,1533,3504,2.2124,0,11.2965,2.31677,0,3400,95207002748
62.9494,15.8858,72.3881,0,100,92,76,1533,3504,2.2124,0,11.2965,2.31677,0,3400,95222889789
81.9699,12.1996,72.3881,0,100,92,76,1533,3504,2.2124,0,11.2965,2.31677,0,3400,95235090185
62.9334,15.8898,72.3881,0,100,92,76,1533,3504,2.2124,0,11.2965,2.31677,0,3400,95250982329
66.1777,15.1108,72.3881,0,100,92,76,1533,3504,2.2124,0,11.2965,2.31677,0,3400,95266093416
73.0156,13.6957,72.3881,0,100,92,76,1533,3504,2.2124,0,11.2965,2.31677,0,3400,95279791484
63.9266,15.6429,72.3881,0,100,92,76,1533,3504,2.2124,0,11.2965,2.31677,0,3400,95295434147
59.8996,16.6946,72.3881,0,100,92,76,1533,3504,2.2124,0,11.2965,2.31677,0,3400,95312131227
73.5202,13.6017,72.3881,0,100,92,76,1533,3504,2.2124,0,11.2965,2.31677,0,3400,95325734092
66.7007,14.9923,72.3881,0,100,92,76,1533,3504,2.2124,0,11.2965,2.31677,0,3400,95340726977
72.8299,13.7306,72.3881,0,100,92,76,1533,3504,2.2124,0,11.2965,2.31677,0,3400,95354459359
63.0547,15.8592,72.3881,0,100,92,76,1533,3504,2.2124,0,11.2965,2.31677,0,3400,95370320887
76.5211,13.0683,72.3881,0,100,92,76,1533,3504,2.2124,0,11.2965,2.31677,0,3400,95383390750
63.9528,15.6365,72.3881,0,100,92,76,1533,3504,2.2124,0,11.2965,2.31677,0,3400,95399029507
70.5763,14.1691,72.3881,0,100,92,76,1533,3504,2.2124,0,11.2965,2.31677,0,3400,95413198634
59.0108,16.946,72.3881,0,100,92,76,1533,3504,2.2124,0,11.2965,2.31677,0,3400,95430146266
83.7285,11.9434,72.3881,0,100,92,76,1533,3504,2.2124,0,11.2965,2.31677,0,3400,95442090266
68.1725,14.6687,72.3881,0,100,92,76,1533,3504,2.2124,0,11.2965,2.31677,0,3400,95456762065
66.612,15.0123,72.3881,0,100,92,76,1533,3504,2.2124,0,11.2965,2.31677,0,3400,95471774284
64.2731,15.5586,72.3881,0,100,92,76,1533,3504,2.2124,0,11.2965,2.31677,0,3400,95487351056
80.212,12.467,72.3881,0,100,92,76,1533,3504,2.2124,0,11.2965,2.31677,0,3400,95499804277
62.8009,15.9233,72.3881,0,100,92,76,1533,3504,2.2124,0,11.2965,2.31677,0,3400,95515730515
69.9244,14.3012,72.3881,0,100,92,76,1533,3504,2.2124,0,11.2965,2.31677,0,3400,95530032090
65.355,15.3011,72.3881,0,100,92,76,1533,3504,2.2124,0,11.2965,2.31677,0,3400,95545334334
70.8159,14.1211,72.3881,0,100,92,76,1533,3504,2.2124,0,11.2965,2.31677,0,3400,95559457072
66.3993,15.0604,72.3881,0,100,92,76,1533,3504,2.2124,0,11.2965,2.31677,0,3400,95574518428
64.8859,15.4117,72.3881,0,100,92,76,1533,3504,2.2124,0,11.2965,2.31677,0,3400,95589931691
70.5405,14.1763,72.3881,0,100,92,76,1533,3504,2.2124,0,11.2965,2.31677,0,3400,95604109894
71.2834,14.0285,72.3881,0,100,92,76,1533,3504,2.2124,0,11.2965,2.31677,0,3400,95618138938
64.7136,15.4527,72.3881,0,100,92,76,1533,3504,2.2124,0,11.2965,2.31677,0,3400,95633593202
69.6873,14.3498,72.3881,0,100,92,76,1533,3504,2.2124,0,11.2965,2.31677,0,3400,95647945082
67.8925,14.7292,72.3881,0,100,92,76,1533,3504,2.2124,0,11.2965,2.31677,0,3400,95662674800
71.1966,14.0456,72.3881,0,100,92,76,1533,3504,2.2124,0,11.2965,2.31677,0,3400,95676721430
69.7076,14.3456,72.3881,0,100,92,76,1533,3504,2.2124,0,11.2965,2.31677,0,3400,95691068080
62.0815,16.1078,72.3881,0,100,92,76,1533,3504,2.2124,0,11.2965,2.31677,0,3400,95707183067
71.089,14.0669,68.5366,0,100,93,77,1578,3504,2.20936,0,11.2965,2.31677,0,3400,95721244879
68.9047,14.5128,68.5366,0,100,93,77,1578,3504,2.20936,0,11.2965,2.31677,0,3400,95735759542
64.0036,15.6241,68.5366,0,100,93,77,1578,3504,2.20936,0,11.2965,2.31677,0,3400,95751384077
76.6282,13.05,68.5366,0,100,93,77,1578,3504,2.20936,0,11.2965,2.31677,0,3400,95764435781
62.1904,16.0797,68.5366,0,100,93,77,1578,3504,2.20936,0,11.2965,2.31677,0,3400,95780516684
64.7701,15.4392,68.5366,0,100,93,77,1578,3504,2.20936,0,11.2965,2.31677,0,3400,95795957689
72.8339,13.7299,68.5366,0,100,93,77,1578,3504,2.20936,0,11.2965,2.31677,0,3400,95809688049
65.2491,15.3259,68.5366,0,100,93,77,1578,3504,2.20936,0,11.2965,2.31677,0,3400,95825017010
71.2285,14.0393,68.5366,0,100,93,77,1578,3504,2.20936,0,11.2965,2.31677,0,3400,95839057813
64.5563,15.4904,68.5366,0,100,93,77,1578,3504,2.20936,0,11.2965,2.31677,0,3400,95854548788
63.0967,15.8487,68.5366,0,100,93,77,1578,3504,2.20936,0,11.2965,2.31677,0,3400,95870399376
73.8701,13.5373,68.5366,0,100,93,77,1578,3504,2.20936,0,11.2965,2.31677,0,3400,95883938466
64.8371,15.4233,68.5366,0,100,93,77,1578,3504,2.20936,0,11.2965,2.31677,0,3400,95899362357
71.9974,13.8894,68.5366,0,100,93,77,1578,3504,2.20936,0,11.2965,2.31677,0,3400,95913253254
16.4704,60.7149,68.5366,0,100,93,77,1578,3504,2.20936,0,11.2965,2.31677,0,3400,95973968164
181.297,5.51581,68.5366,0,100,93,77,1578,3504,2.20936,0,11.2965,2.31677,0,3400,95979486034
64.7098,15.4536,68.5366,0,100,93,77,1578,3504,2.20936,0,11.2965,2.31677,0,3400,95994939464
62.841,15.9132,68.5366,0,100,93,77,1578,3504,2.20936,0,11.2965,2.31677,0,3400,96010854694
59.0529,16.934,68.5366,0,100,93,77,1578,3504,2.20936,0,11.2965,2.31677,0,3400,96027792001
60.2283,16.6035,68.5366,0,100,93,77,1578,3504,2.20936,0,11.2965,2.31677,0,3400,96044395679
57.6197,17.3552,68.5366,0,100,93,77,1578,3504,2.20936,0,11.2965,2.31677,0,3400,96061751933
69.7112,14.3449,68.5366,0,100,93,77,1578,3504,2.20936,0,11.2965,2.31677,0,3400,96076098140
57.0104,17.5407,68.5366,0,100,93,77,1578,3504,2.20936,0,11.2965,2.31677,0,3400,96093638982
51.861,19.2823,68.5366,0,100,93,77,1578,3504,2.20936,0,11.2965,2.31677,0,3400,96112923502
68.937,14.506,68.5366,0,100,93,77,1578,3504,2.20936,0,11.2965,2.31677,0,3400,96127432325
66.0882,15.1313,68.5366,0,100,93,77,1578,3504,2.20936,0,11.2965,2.31677,0,3400,96142563467
52.9117,18.8994,68.5366,0,100,93,77,1578,3504,2.20936,0,11.2965,2.31677,0,3400,96161464903
66.41,15.058,68.5366,0,100,93,77,1578,3504,2.20936,0,11.2965,2.31677,0,3400,96176524588
51.2228,19.5225,68.5366,0,100,93,77,1578,3504,2.20936,0,11.2965,2.31677,0,3400,96196049909
64.268,15.5599,68.5366,0,100,93,77,1578,3504,2.20936,0,11.2965,2.31677,0,3400,96211621175
53.5867,18.6613,68.408,0,100,93,77,1578,3504,2.20936,0,11.2967,2.31677,0,3408,96230273293
63.6745,15.7049,68.408,0,100,93,77,1578,3504,2.20936,0,11.2967,2.31677,0,3408,96245979300
42.2204,23.6852,68.408,0,100,93,77,1578,3504,2.20936,0,11.2967,2.31677,0,3408,96269665745
111.463,8.97157,68.408,0,100,93,77,1578,3504,2.20936,0,11.2967,2.31677,0,3408,96278638863
31.7202,31.5256,68.408,0,100,93,77,1578,3504,2.20936,0,11.2967,2.31677,0,3408,96310193951
125.643,7.95909,68.408,0,100,93,77,1578,3504,2.20936,0,11.2967,2.31677,0,3408,96318129127
70.819,14.1205,68.408,0,100,93,77,1578,3504,2.20936,0,11.2967,2.31677,0,3408,96332249668
32.748,30.5362,68.408,0,100,93,77,1578,3504,2.20936,0,11.2967,2.31677,0,3408,96362791112
251.293,3.97942,68.408,0,100,93,77,1578,3504,2.20936,0,11.2967,2.31677,0,3408,96366769217
53.9858,18.5234,68.408,0,100,93,77,1578,3504,2.20936,0,11.2967,2.31677,0,3408,96385295666
61.0858,16.3704,68.408,0,100,93,77,1578,3504,2.20936,0,11.2967,2.31677,0,3408,96401667398
39.8944,25.0661,68.408,0,100,93,77,1578,3504,2.20936,0,11.2967,2.31677,0,3408,96426736892
136.286,7.33751,68.408,0,100,93,77,1578,3504,2.20936,0,11.2967,2.31677,0,3408,96434071706
58.9668,16.9587,68.408,0,100,93,77,1578,3504,2.20936,0,11.2967,2.31677,0,3408,96451032519
60.9662,16.4025,68.408,0,100,93,77,1578,3504,2.20936,0,11.2967,2.31677,0,3408,96467439377
62.1127,16.0998,68.408,0,100,93,77,1578,3504,2.20936,0,11.2967,2.31677,0,3408,96483538478
55.3379,18.0708,68.408,0,100,93,77,1578,3504,2.20936,0,11.2967,2.31677,0,3408,96501610578
47.3947,21.0994,68.408,0,100,93,77,1578,3504,2.20936,0,11.2967,2.31677,0,3408,96522710467
88.7129,11.2723,68.408,0,100,93,77,1578,3504,2.20936,0,11.2967,2.31677,0,3408,96533984661
56.5364,17.6877,68.408,0,100,93,77,1578,3504,2.20936,0,11.2967,2.31677,0,3408,96551673036
53.8524,18.5693,68.408,0,100,93,77,1578,3504,2.20936,0,11.2967,2.31677,0,3408,96570247384
46.2449,21.624,68.408,0,100,93,77,1578,3504,2.20936,0,11.2967,2.31677,0,3408,96591869279
79.4684,12.5836,68.408,0,100,93,77,1578,3504,2.20936,0,11.2967,2.31677,0,3408,96604456011
69.9757,14.2907,68.408,0,100,93,77,1578,3504,2.20936,0,11.2967,2.31677,0,3408,96618747914
27.5516,36.2955,68.408,0,100,93,77,1578,3504,2.20936,0,11.2967,2.31677,0,3408,96655044027
187.729,5.32681,68.408,0,100,93,77,1578,3504,2.20936,0,11.2967,2.31677,0,3408,96660371079
67.5347,14.8072,68.408,0,100,93,77,1578,3504,2.20936,0,11.2967,2.31677,0,3408,96675179865
55.7293,17.9439,68.408,0,100,93,77,1578,3504,2.20936,0,11.2967,2.31677,0,3408,96693125773
48.4995,20.6188,68.408,0,100,93,77,1578,3504,2.20936,0,11.2967,2.31677,0,3408,96713750862
69.4099,14.4072,71.0396,0,93,97,77,1569,3504,2.20999,0,11.2876,2.31677,0,3400,96728154549
58.7044,17.0345,71.0396,0,93,97,77,1569,3504,2.20999,0,11.2876,2.31677,0,3400,96745190244
46.943,21.3024,71.0396,0,93,97,77,1569,3504,2.20999,0,11.2876,2.31677,0,3400,96766492752
19.0892,52.3857,71.0396,0,93,97,77,1569,3504,2.20999,0,11.2876,2.31677,0,3400,96818880073
341.648,2.92699,71.0396,0,93,97,77,1569,3504,2.20999,0,11.2876,2.31677,0,3400,96821808450
25.2073,39.6711,71.0396,0,93,97,77,1569,3504,2.20999,0,11.2876,2.31677,0,3400,96861480875
73.1898,13.6631,71.0396,0,93,97,77,1569,3504,2.20999,0,11.2876,2.31677,0,3400,96875146204
62.1297,16.0954,71.0396,0,93,97,77,1569,3504,2.20999,0,11.2876,2.31677,0,3400,96891241233
97.5339,10.2528,71.0396,0,93,97,77,1569,3504,2.20999,0,11.2876,2.31677,0,3400,96901496026
19.5323,51.1971,71.0396,0,93,97,77,1569,3504,2.20999,0,11.2876,2.31677,0,3400,96952696918
59.8008,16.7222,71.0396,0,93,97,77,1569,3504,2.20999,0,11.2876,2.31677,0,3400,96969418149
176.365,5.67006,71.0396,0,93,97,77,1569,3504,2.20999,0,11.2876,2.31677,0,3400,96975089364
54.216,18.4447,71.0396,0,93,97,77,1569,3504,2.20999,0,11.2876,2.31677,0,3400,96993535450
54.8912,18.2179,71.0396,0,93,97,77,1569,3504,2.20999,0,11.2876,2.31677,0,3400,97011754893
63.369,15.7806,71.0396,0,93,97,77,1569,3504,2.20999,0,11.2876,2.31677,0,3400,97027536282
57.9162,17.2663,71.0396,0,93,97,77,1569,3504,2.20999,0,11.2876,2.31677,0,3400,97044803130
56.8326,17.5956,71.0396,0,93,97,77,1569,3504,2.20999,0,11.2876,2.31677,0,3400,97062400842
56.5,17.6991,71.0396,0,93,97,77,1569,3504,2.20999,0,11.2876,2.31677,0,3400,97080101003
55.325,18.075,71.0396,0,93,97,77,1569,3504,2.20999,0,11.2876,2.31677,0,3400,97098178453
52.3751,19.093,71.0396,0,93,97,77,1569,3504,2.20999,0,11.2876,2.31677,0,3400,97117271198
57.5403,17.3791,71.0396,0,93,97,77,1569,3504,2.20999,0,11.2876,2.31677,0,3400,97134652639
56.3522,17.7455,71.0396,0,93,97,77,1569,3504,2.20999,0,11.2876,2.31677,0,3400,97152397931
53.6589,18.6362,71.0396,0,93,97,77,1569,3504,2.20999,0,11.2876,2.31677,0,3400,97171036531
58.2395,17.1705,71.0396,0,93,97,77,1569,3504,2.20999,0,11.2876,2.31677,0,3400,97188207557
57.2122,17.4788,71.0396,0,93,97,77,1569,3504,2.20999,0,11.2876,2.31677,0,3400,97205688158
50.4068,19.8386,71.0396,0,93,97,77,1569,3504,2.20999,0,11.2876,2.31677,0,3400,97225534295
62.0809,16.108,54.0943,0,99,97,77,1560,3504,2.21013,0,11.2779,2.31677,0,3401,97241638112
54.9805,18.1883,54.0943,0,99,97,77,1560,3504,2.21013,0,11.2779,2.31677,0,3401,97259826701
55.3133,18.0788,54.0943,0,99,97,77,1560,3504,2.21013,0,11.2779,2.31677,0,3401,97277907001
57.1438,17.4997,54.0943,0,99,97,77,1560,3504,2.21013,0,11.2779,2.31677,0,3401,97295407820
58.4318,17.114,54.0943,0,99,97,77,1560,3504,2.21013,0,11.2779,2.31677,0,3401,97312523065
53.448,18.7098,54.0943,0,99,97,77,1560,3504,2.21013,0,11.2779,2.31677,0,3401,97331234398
57.098,17.5138,54.0943,0,99,97,77,1560,3504,2.21013,0,11.2779,2.31677,0,3401,97348749537
56.8394,17.5934,54.0943,0,99,97,77,1560,3504,2.21013,0,11.2779,2.31677,0,3401,97366343743
53.594,18.6588,54.0943,0,99,97,77,1560,3504,2.21013,0,11.2779,2.31677,0,3401,97385005451
56.8348,17.5949,54.0943,0,99,97,77,1560,3504,2.21013,0,11.2779,2.31677,0,3401,97402600176
62.8215,15.9181,54.0943,0,99,97,77,1560,3504,2.21013,0,11.2779,2.31677,0,3401,97418520782
59.7453,16.7377,54.0943,0,99,97,77,1560,3504,2.21013,0,11.2779,2.31677,0,3401,97435261178
59.1663,16.9015,54.0943,0,99,97,77,1560,3504,2.21013,0,11.2779,2.31677,0,3401,97452162058
55.5899,17.9889,54.0943,0,99,97,77,1560,3504,2.21013,0,11.2779,2.31677,0,3401,97470152086
59.3243,16.8565,54.0943,0,99,97,77,1560,3504,2.21013,0,11.2779,2.31677,0,3401,97487009770
56.7576,17.6188,54.0943,0,99,97,77,1560,3504,2.21013,0,11.2779,2.31677,0,3401,97504630897
58.1034,17.2107,54.0943,0,99,97,77,1560,3504,2.21013,0,11.2779,2.31677,0,3401,97521841581
57.7213,17.3246,54.0943,0,99,97,77,1560,3504,2.21013,0,11.2779,2.31677,0,3401,97539168424
54.0398,18.5049,54.0943,0,99,97,77,1560,3504,2.21013,0,11.2779,2.31677,0,3401,97557674063
63.9691,15.6326,54.0943,0,99,97,77,1560,3504,2.21013,0,11.2779,2.31677,0,3401,97573308066
60.5446,16.5168,54.0943,0,99,97,77,1560,3504,2.21013,0,11.2779,2.31677,0,3401,97589826575
58.1192,17.206,54.0943,0,99,97,77,1560,3504,2.21013,0,11.2779,2.31677,0,3401,97607034687
56.65,17.6522,54.0943,0,99,97,77,1560,3504,2.21013,0,11.2779,2.31677,0,3401,97624687547
55.5784,17.9926,54.0943,0,99,97,77,1560,3504,2.21013,0,11.2779,2.31677,0,3401,97642681183
47.2739,21.1533,54.0943,0,99,97,77,1560,3504,2.21013,0,11.2779,2.31677,0,3401,97663835455
51.7365,19.3287,54.0943,0,99,97,77,1560,3504,2.21013,0,11.2779,2.31677,0,3401,97683165788
85.7266,11.665,54.0943,0,99,97,77,1560,3504,2.21013,0,11.2779,2.31677,0,3401,97694830597
58.2427,17.1695,54.0943,0,99,97,77,1560,3504,2.21013,0,11.2779,2.31677,0,3401,97712001432
58.9839,16.9538,54.0943,0,99,97,77,1560,3504,2.21013,0,11.2779,2.31677,0,3401,97728963020
57.4483,17.407,51.7588,0,90,88,77,1583,3504,2.21059,0,11.2699,2.31677,0,3401,97746365586
59.7922,16.7246,51.7588,0,90,88,77,1583,3504,2.21059,0,11.2699,2.31677,0,3401,97763091848
58.556,17.0777,51.7588,0,90,88,77,1583,3504,2.21059,0,11.2699,2.31677,0,3401,97780169445
60.8257,16.4404,51.7588,0,90,88,77,1583,3504,2.21059,0,11.2699,2.31677,0,3401,97796611222
57.9965,17.2424,51.7588,0,90,88,77,1583,3504,2.21059,0,11.2699,2.31677,0,3401,97813854634
60.1584,16.6228,51.7588,0,90,88,77,1583,3504,2.21059,0,11.2699,2.31677,0,3401,97830479162
58.4812,17.0995,51.7588,0,90,88,77,1583,3504,2.21059,0,11.2699,2.31677,0,3401,97847578529
55.8075,17.9187,51.7588,0,90,88,77,1583,3504,2.21059,0,11.2699,2.31677,0,3401,97865499517
61.8735,16.162,51.7588,0,90,88,77,1583,3504,2.21059,0,11.2699,2.31677,0,3401,97881662219
58.897,16.9788,51.7588,0,90,88,77,1583,3504,2.21059,0,11.2699,2.31677,0,3401,97898643085
57.5041,17.3901,51.7588,0,90,88,77,1583,3504,2.21059,0,11.2699,2.31677,0,3401,97916034140
58.8881,16.9814,51.7588,0,90,88,77,1583,3504,2.21059,0,11.2699,2.31677,0,3401,97933016455
54.939,18.202,51.7588,0,90,88,77,1583,3504,2.21059,0,11.2699,2.31677,0,3401,97951219995
64.0536,15.6119,51.7588,0,90,88,77,1583,3504,2.21059,0,11.2699,2.31677,0,3401,97966832574
54.5387,18.3356,51.7588,0,90,88,77,1583,3504,2.21059,0,11.2699,2.31677,0,3401,97985170050
60.0271,16.6592,51.7588,0,90,88,77,1583,3504,2.21059,0,11.2699,2.31677,0,3401,98001829566
58.6437,17.0521,51.7588,0,90,88,77,1583,3504,2.21059,0,11.2699,2.31677,0,3401,98018883166
58.058,17.2242,51.7588,0,90,88,77,1583,3504,2.21059,0,11.2699,2.31677,0,3401,98036108624
58.8178,17.0017,51.7588,0,90,88,77,1583,3504,2.21059,0,11.2699,2.31677,0,3401,98053111073
60.7843,16.4516,51.7588,0,90,88,77,1583,3504,2.21059,0,11.2699,2.31677,0,3401,98069564335
57.6665,17.3411,51.7588,0,90,88,77,1583,3504,2.21059,0,11.2699,2.31677,0,3401,98086906983
60.7756,16.454,51.7588,0,90,88,77,1583,3504,2.21059,0,11.2699,2.31677,0,3401,98103362124
55.5878,17.9896,51.7588,0,90,88,77,1583,3504,2.21059,0,11.2699,2.31677,0,3401,98121351832
63.7934,15.6756,51.7588,0,90,88,77,1583,3504,2.21059,0,11.2699,2.31677,0,3401,98137028134
56.015,17.8524,51.7588,0,90,88,77,1583,3504,2.21059,0,11.2699,2.31677,0,3401,98154881820
61.2104,16.3371,51.7588,0,90,88,77,1583,3504,2.21059,0,11.2699,2.31677,0,3401,98171220755
56.7895,17.6089,51.7588,0,90,88,77,1583,3504,2.21059,0,11.2699,2.31677,0,3401,98188831238
60.8946,16.4218,51.7588,0,90,88,77,1583,3504,2.21059,0,11.2699,2.31677,0,3401,98205253961
57.4774,17.3981,51.7588,0,90,88,77,1583,3504,2.21059,0,11.2699,2.31677,0,3401,98222652865
57.9482,17.2568,51.7588,0,90,88,77,1583,3504,2.21059,0,11.2699,2.31677,0,3401,98239915126
60.4669,16.538,39.6985,0,100,88,78,1642,3504,2.20439,0,11.271,2.31677,0,3427,98256450023
57.8526,17.2853,39.6985,0,100,88,78,1642,3504,2.20439,0,11.271,2.31677,0,3427,98273736414
48.2578,20.722,39.6985,0,100,88,78,1642,3504,2.20439,0,11.271,2.31677,0,3427,98294460884
79.2287,12.6217,39.6985,0,100,88,78,1642,3504,2.20439,0,11.271,2.31677,0,3427,98307082104
55.8079,17.9186,39.6985,0,100,88,78,1642,3504,2.20439,0,11.271,2.31677,0,3427,98325003174
60.6692,16.4828,39.6985,0,100,88,78,1642,3504,2.20439,0,11.271,2.31677,0,3427,98341486629
54.8738,18.2236,39.6985,0,100,88,78,1642,3504,2.20439,0,11.271,2.31677,0,3427,98359710797
61.2225,16.3339,39.6985,0,100,88,78,1642,3504,2.20439,0,11.271,2.31677,0,3427,98376046741
60.3,16.5838,39.6985,0,100,88,78,1642,3504,2.20439,0,11.271,2.31677,0,3427,98392630622
56.8283,17.5969,39.6985,0,100,88,78,1642,3504,2.20439,0,11.271,2.31677,0,3427,98410229282
56.8302,17.5963,39.6985,0,100,88,78,1642,3504,2.20439,0,11.271,2.31677,0,3427,98427825917
58.1936,17.184,39.6985,0,100,88,78,1642,3504,2.20439,0,11.271,2.31677,0,3427,98445011181
57.3906,17.4245,39.6985,0,100,88,78,1642,3504,2.20439,0,11.271,2.31677,0,3427,98462437079
61.2883,16.3163,39.6985,0,100,88,78,1642,3504,2.20439,0,11.271,2.31677,0,3427,98478754680
57.7266,17.323,39.6985,0,100,88,78,1642,3504,2.20439,0,11.271,2.31677,0,3427,98496078634
56.9887,17.5473,39.6985,0,100,88,78,1642,3504,2.20439,0,11.271,2.31677,0,3427,98513630982
60.5361,16.5191,39.6985,0,100,88,78,1642,3504,2.20439,0,11.271,2.31677,0,3427,98530147462
56.1166,17.82,39.6985,0,100,88,78,1642,3504,2.20439,0,11.271,2.31677,0,3427,98547968616
59.181,16.8973,39.6985,0,100,88,78,1642,3504,2.20439,0,11.271,2.31677,0,3427,98564868830
59.1227,16.914,39.6985,0,100,88,78,1642,3504,2.20439,0,11.271,2.31677,0,3427,98581782854
58.9366,16.9674,39.6985,0,100,88,78,1642,3504,2.20439,0,11.271,2.31677,0,3427,98598751550
58.4389,17.1119,39.6985,0,100,88,78,1642,3504,2.20439,0,11.271,2.31677,0,3427,98615864585
59.0545,16.9335,39.6985,0,100,88,78,1642,3504,2.20439,0,11.271,2.31677,0,3427,98632798539
54.5748,18.3235,39.6985,0,100,88,78,1642,3504,2.20439,0,11.271,2.31677,0,3427,98651122768
62.8021,15.923,39.6985,0,100,88,78,1642,3504,2.20439,0,11.271,2.31677,0,3427,98667049169
57.9346,17.2608,39.6985,0,100,88,78,1642,3504,2.20439,0,11.271,2.31677,0,3427,98684311044
58.5093,17.0913,39.6985,0,100,88,78,1642,3504,2.20439,0,11.271,2.31677,0,3427,98701403172
56.2597,17.7747,39.6985,0,100,88,78,1642,3504,2.20439,0,11.271,2.31677,0,3427,98719179519
60.4394,16.5455,39.6985,0,100,88,78,1642,3504,2.20439,0,11.271,2.31677,0,3427,98735725672
54.4336,18.371,39.6985,0,100,88,78,1642,3504,2.20439,0,11.271,2.31677,0,3427,98754106167
61.8604,16.1654,37.2449,0,100,90,79,1637,3504,2.19861,0,11.2669,2.31677,0,3400,98770264574
58.606,17.0631,37.2449,0,100,90,79,1637,3504,2.19861,0,11.2669,2.31677,0,3400,98787328754
55.0349,18.1703,37.2449,0,100,90,79,1637,3504,2.19861,0,11.2669,2.31677,0,3400,98805500400
61.9703,16.1368,37.2449,0,100,90,79,1637,3504,2.19861,0,11.2669,2.31677,0,3400,98821638574
57.1935,17.4845,37.2449,0,100,90,79,1637,3504,2.19861,0,11.2669,2.31677,0,3400,98839124871
56.9626,17.5554,37.2449,0,100,90,79,1637,3504,2.19861,0,11.2669,2.31677,0,3400,98856681770
58.6685,17.0449,37.2449,0,100,90,79,1637,3504,2.19861,0,11.2669,2.31677,0,3400,98873736775
60.1756,16.618,37.2449,0,100,90,79,1637,3504,2.19861,0,11.2669,2.31677,0,3400,98890347434
58.0676,17.2213,37.2449,0,100,90,79,1637,3504,2.19861,0,11.2669,2.31677,0,3400,98907569802
56.0672,17.8358,37.2449,0,100,90,79,1637,3504,2.19861,0,11.2669,2.31677,0,3400,98925406695
59.2087,16.8894,37.2449,0,100,90,79,1637,3504,2.19861,0,11.2669,2.31677,0,3400,98942297013
59.4701,16.8152,37.2449,0,100,90,79,1637,3504,2.19861,0,11.2669,2.31677,0,3400,98959114163
55.7922,17.9237,37.2449,0,100,90,79,1637,3504,2.19861,0,11.2669,2.31677,0,3400,98977037924
48.7601,20.5086,37.2449,0,100,90,79,1637,3504,2.19861,0,11.2669,2.31677,0,3400,98997548181
72.6477,13.7651,37.2449,0,100,90,79,1637,3504,2.19861,0,11.2669,2.31677,0,3400,99011313851
58.6242,17.0578,37.2449,0,100,90,79,1637,3504,2.19861,0,11.2669,2.31677,0,3400,99028373263
58.1501,17.1969,37.2449,0,100,90,79,1637,3504,2.19861,0,11.2669,2.31677,0,3400,99045572142
58.7751,17.014,37.2449,0,100,90,79,1637,3504,2.19861,0,11.2669,2.31677,0,3400,99062587518
60.05,16.6528,37.2449,0,100,90,79,1637,3504,2.19861,0,11.2669,2.31677,0,3400,99079241486
56.0917,17.8279,37.2449,0,100,90,79,1637,3504,2.19861,0,11.2669,2.31677,0,3400,99097071459
58.9903,16.9519,37.2449,0,100,90,79,1637,3504,2.19861,0,11.2669,2.31677,0,3400,99114024369
60.1666,16.6205,37.2449,0,100,90,79,1637,3504,2.19861,0,11.2669,2.31677,0,3400,99130653743
54.4614,18.3616,37.2449,0,100,90,79,1637,3504,2.19861,0,11.2669,2.31677,0,3400,99149034384
59.6751,16.7574,37.2449,0,100,90,79,1637,3504,2.19861,0,11.2669,2.31677,0,3400,99165775007
57.7168,17.326,37.2449,0,100,90,79,1637,3504,2.19861,0,11.2669,2.31677,0,3400,99183101334
60.4362,16.5464,37.2449,0,100,90,79,1637,3504,2.19861,0,11.2669,2.31677,0,3400,99199648921
53.6097,18.6533,37.2449,0,100,90,79,1637,3504,2.19861,0,11.2669,2.31677,0,3400,99218316787
58.3258,17.1451,37.2449,0,100,90,79,1637,3504,2.19861,0,11.2669,2.31677,0,3400,99235463107
56.6797,17.643,37.2449,0,100,90,79,1637,3504,2.19861,0,11.2669,2.31677,0,3400,99253107522
59.2521,16.8771,37.2449,0,100,90,79,1637,3504,2.19861,0,11.2669,2.31677,0,3400,99269994879
59.173,16.8996,53.8272,0,100,90,79,1637,3504,2.19861,0,11.2671,2.31677,0,3400,99286888407
58.5726,17.0728,53.8272,0,100,90,79,1637,3504,2.19861,0,11.2671,2.31677,0,3400,99303962316
60.7311,16.466,53.8272,0,100,90,79,1637,3504,2.19861,0,11.2671,2.31677,0,3400,99320429829
55.9321,17.8788,53.8272,0,100,90,79,1637,3504,2.19861,0,11.2671,2.31677,0,3400,99338309326
59.8518,16.7079,53.8272,0,100,90,79,1637,3504,2.19861,0,11.2671,2.31677,0,3400,99355018995
58.7864,17.0107,53.8272,0,100,90,79,1637,3504,2.19861,0,11.2671,2.31677,0,3400,99372030588
56.657,17.6501,53.8272,0,100,90,79,1637,3504,2.19861,0,11.2671,2.31677,0,3400,99389682190
54.5702,18.325,53.8272,0,100,90,79,1637,3504,2.19861,0,11.2671,2.31677,0,3400,99408008904
61.8481,16.1687,53.8272,0,100,90,79,1637,3504,2.19861,0,11.2671,2.31677,0,3400,99424191426
61.3696,16.2947,53.8272,0,100,90,79,1637,3504,2.19861,0,11.2671,2.31677,0,3400,99440475863
55.8559,17.9032,53.8272,0,100,90,79,1637,3504,2.19861,0,11.2671,2.31677,0,3400,99458380036
60.4264,16.5491,53.8272,0,100,90,79,1637,3504,2.19861,0,11.2671,2.31677,0,3400,99474929821
58.1989,17.1825,53.8272,0,100,90,79,1637,3504,2.19861,0,11.2671,2.31677,0,3400,99492113213
58.6551,17.0488,53.8272,0,100,90,79,1637,3504,2.19861,0,11.2671,2.31677,0,3400,99509163894
55.5503,18.0017,53.8272,0,100,90,79,1637,3504,2.19861,0,11.2671,2.31677,0,3400,99527166567
56.9906,17.5467,53.8272,0,100,90,79,1637,3504,2.19861,0,11.2671,2.31677,0,3400,99544715018
58.5654,17.0749,53.8272,0,100,90,79,1637,3504,2.19861,0,11.2671,2.31677,0,3400,99561790477
61.643,16.2224,53.8272,0,100,90,79,1637,3504,2.19861,0,11.2671,2.31677,0,3400,99578015248
56.5793,17.6743,53.8272,0,100,90,79,1637,3504,2.19861,0,11.2671,2.31677,0,3400,99595689683
56.9293,17.5656,53.8272,0,100,90,79,1637,3504,2.19861,0,11.2671,2.31677,0,3400,99613257035
59.7499,16.7364,53.8272,0,100,90,79,1637,3504,2.19861,0,11.2671,2.31677,0,3400,99629994599
56.4684,17.709,53.8272,0,100,90,79,1637,3504,2.19861,0,11.2671,2.31677,0,3400,99647704291
65.4449,15.28,53.8272,0,100,90,79,1637,3504,2.19861,0,11.2671,2.31677,0,3400,99662986164
55.0843,18.154,53.8272,0,100,90,79,1637,3504,2.19861,0,11.2671,2.31677,0,3400,99681139558
57.0935,17.5151,53.8272,0,100,90,79,1637,3504,2.19861,0,11.2671,2.31677,0,3400,99698656115
62.9087,15.8961,53.8272,0,100,90,79,1637,3504,2.19861,0,11.2671,2.31677,0,3400,99714553068
58.5852,17.0692,53.8272,0,100,90,79,1637,3504,2.19861,0,11.2671,2.31677,0,3400,99731624584
58.5755,17.072,53.8272,0,100,90,79,1637,3504,2.19861,0,11.2671,2.31677,0,3400,99748698543
54.5801,18.3217,53.8272,0,100,90,79,1637,3504,2.19861,0,11.2671,2.31677,0,3400,99767020167
52.5003,19.0475,53.8272,0,100,90,79,1637,3504,2.19861,0,11.2671,2.31677,0,3400,99786083162
65.8382,15.1888,59.4059,0,100,91,79,1642,3504,2.19861,0,11.278,2.31677,0,3400,99801260383
54.9885,18.1856,59.4059,0,100,91,79,1642,3504,2.19861,0,11.278,2.31677,0,3400,99819447235
61.653,16.2198,59.4059,0,100,91,79,1642,3504,2.19861,0,11.278,2.31677,0,3400,99835681835
57.7003,17.3309,59.4059,0,100,91,79,1642,3504,2.19861,0,11.278,2.31677,0,3400,99853000167
60.422,16.5503,59.4059,0,100,91,79,1642,3504,2.19861,0,11.278,2.31677,0,3400,99869551496
57.7829,17.3062,59.4059,0,100,91,79,1642,3504,2.19861,0,11.278,2.31677,0,3400,99886858811
55.5155,18.013,59.4059,0,100,91,79,1642,3504,2.19861,0,11.278,2.31677,0,3400,99904873568
58.9031,16.977,59.4059,0,100,91,79,1642,3504,2.19861,0,11.278,2.31677,0,3400,99921852497
60.2107,16.6084,59.4059,0,100,91,79,1642,3504,2.19861,0,11.278,2.31677,0,3400,99938461193
54.4477,18.3662,59.4059,0,100,91,79,1642,3504,2.19861,0,11.278,2.31677,0,3400,99956828674
63.3543,15.7843,59.4059,0,100,91,79,1642,3504,2.19861,0,11.278,2.31677,0,3400,99972615599
58.8613,16.9891,59.4059,0,100,91,79,1642,3504,2.19861,0,11.278,2.31677,0,3400,99989605112
54.3456,18.4007,59.4059,0,100,91,79,1642,3504,2.19861,0,11.278,2.31677,0,3400,100008007297
58.1818,17.1875,59.4059,0,100,91,79,1642,3504,2.19861,0,11.278,2.31677,0,3400,100025195178
59.8584,16.7061,59.4059,0,100,91,79,1642,3504,2.19861,0,11.278,2.31677,0,3400,100041903643
57.5679,17.3708,59.4059,0,100,91,79,1642,3504,2.19861,0,11.278,2.31677,0,3400,100059275928
53.059,18.847,59.4059,0,100,91,79,1642,3504,2.19861,0,11.278,2.31677,0,3400,100078135653
67.6148,14.7897,59.4059,0,100,91,79,1642,3504,2.19861,0,11.278,2.31677,0,3400,100092932473
54.9938,18.1839,59.4059,0,100,91,79,1642,3504,2.19861,0,11.278,2.31677,0,3400,100111099608
57.6466,17.3471,59.4059,0,100,91,79,1642,3504,2.19861,0,11.278,2.31677,0,3400,100128447088
55.7074,17.9509,59.4059,0,100,91,79,1642,3504,2.19861,0,11.278,2.31677,0,3400,100146399136
62.6368,15.9651,59.4059,0,100,91,79,1642,3504,2.19861,0,11.278,2.31677,0,3400,100162365101
56.4036,17.7294,59.4059,0,100,91,79,1642,3504,2.19861,0,11.278,2.31677,0,3400,100180095621
60.545,16.5166,59.4059,0,100,91,79,1642,3504,2.19861,0,11.278,2.31677,0,3400,100196613807
54.8177,18.2423,59.4059,0,100,91,79,1642,3504,2.19861,0,11.278,2.31677,0,3400,100214857235
58.6185,17.0595,59.4059,0,100,91,79,1642,3504,2.19861,0,11.278,2.31677,0,3400,100231917427
58.6306,17.0559,59.4059,0,100,91,79,1642,3504,2.19861,0,11.278,2.31677,0,3400,100248974991
56.5675,17.678,59.4059,0,100,91,79,1642,3504,2.19861,0,11.278,2.31677,0,3400,100266655788
58.2838,17.1574,59.4059,0,100,91,79,1642,3504,2.19861,0,11.278,2.31677,0,3400,100283814079
57.4384,17.4099,59.4059,0,100,91,79,1642,3504,2.19861,0,11.278,2.31677,0,3400,100301232575
57.7293,17.3222,50.2513,0,100,91,80,1633,3504,2.19861,0,11.29,2.31677,0,3407,100318548353
60.3258,16.5767,50.2513,0,100,91,80,1633,3504,2.19861,0,11.29,2.31677,0,3407,100335126798
61.0988,16.3669,50.2513,0,100,91,80,1633,3504,2.19861,0,11.29,2.31677,0,3407,100351495504
54.8457,18.233,50.2513,0,100,91,80,1633,3504,2.19861,0,11.29,2.31677,0,3407,100369729318
58.352,17.1374,50.2513,0,100,91,80,1633,3504,2.19861,0,11.29,2.31677,0,3407,100386867291
58.4173,17.1182,50.2513,0,100,91,80,1633,3504,2.19861,0,11.29,2.31677,0,3407,100403987310
56.8145,17.6011,50.2513,0,100,91,80,1633,3504,2.19861,0,11.29,2.31677,0,3407,100421589874
64.0481,15.6133,50.2513,0,100,91,80,1633,3504,2.19861,0,11.29,2.31677,0,3407,100437203872
56.4246,17.7228,50.2513,0,100,91,80,1633,3504,2.19861,0,11.29,2.31677,0,3407,100454928897
59.1028,16.9197,50.2513,0,100,91,80,1633,3504,2.19861,0,11.29,2.31677,0,3407,100471849140
58.4588,17.1061,50.2513,0,100,91,80,1633,3504,2.19861,0,11.29,2.31677,0,3407,100488955876
61.8561,16.1666,50.2513,0,100,91,80,1633,3504,2.19861,0,11.29,2.31677,0,3407,100505125174
55.142,18.135,50.2513,0,100,91,80,1633,3504,2.19861,0,11.29,2.31677,0,3407,100523261105
62.5033,15.9992,50.2513,0,100,91,80,1633,3504,2.19861,0,11.29,2.31677,0,3407,100539260967
58.5718,17.0731,50.2513,0,100,91,80,1633,3504,2.19861,0,11.29,2.31677,0,3407,100556335084
59.4045,16.8337,50.2513,0,100,91,80,1633,3504,2.19861,0,11.29,2.31677,0,3407,100573169566
56.7421,17.6236,50.2513,0,100,91,80,1633,3504,2.19861,0,11.29,2.31677,0,3407,100590793981
58.2866,17.1566,50.2513,0,100,91,80,1633,3504,2.19861,0,11.29,2.31677,0,3407,100607953044
63.1556,15.8339,50.2513,0,100,91,80,1633,3504,2.19861,0,11.29,2.31677,0,3407,100623789981
58.1257,17.2041,50.2513,0,100,91,80,1633,3504,2.19861,0,11.29,2.31677,0,3407,100641015229
58.1126,17.208,50.2513,0,100,91,80,1633,3504,2.19861,0,11.29,2.31677,0,3407,100658203395
57.0824,17.5185,50.2513,0,100,91,80,1633,3504,2.19861,0,11.29,2.31677,0,3407,100675722993
56.6247,17.6601,50.2513,0,100,91,80,1633,3504,2.19861,0,11.29,2.31677,0,3407,100693384452
63.8806,15.6542,50.2513,0,100,91,80,1633,3504,2.19861,0,11.29,2.31677,0,3407,100709039969
58.0571,17.2244,50.2513,0,100,91,80,1633,3504,2.19861,0,11.29,2.31677,0,3407,100726267605
59.5394,16.7956,50.2513,0,100,91,80,1633,3504,2.19861,0,11.29,2.31677,0,3407,100743063536
59.0761,16.9273,50.2513,0,100,91,80,1633,3504,2.19861,0,11.29,2.31677,0,3407,100759991548
57.8494,17.2863,50.2513,0,100,91,80,1633,3504,2.19861,0,11.29,2.31677,0,3407,100777279073
61.0757,16.3731,50.2513,0,100,91,80,1633,3504,2.19861,0,11.29,2.31677,0,3407,100793653115
55.394,18.0525,50.2513,0,100,91,80,1633,3504,2.19861,0,11.29,2.31677,0,3407,100811713825
64.174,15.5826,49.25,0,100,88,80,1633,3504,2.19861,0,11.29,2.31677,0,3410,100827291515
56.4422,17.7172,49.25,0,100,88,80,1633,3504,2.19861,0,11.29,2.31677,0,3410,100845008581
57.074,17.5211,49.25,0,100,88,80,1633,3504,2.19861,0,11.29,2.31677,0,3410,100862531232
61.7107,16.2046,49.25,0,100,88,80,1633,3504,2.19861,0,11.29,2.31677,0,3410,100878736554
56.2616,17.7741,49.25,0,100,88,80,1633,3504,2.19861,0,11.29,2.31677,0,3410,100896514701
56.937,17.5633,49.25,0,100,88,80,1633,3504,2.19861,0,11.29,2.31677,0,3410,100914079053
65.7388,15.2117,49.25,0,100,88,80,1633,3504,2.19861,0,11.29,2.31677,0,3410,100929291905
56.3335,17.7514,49.25,0,100,88,80,1633,3504,2.19861,0,11.29,2.31677,0,3410,100947044205
58.8731,16.9857,49.25,0,100,88,80,1633,3504,2.19861,0,11.29,2.31677,0,3410,100964032139
59.9416,16.6829,49.25,0,100,88,80,1633,3504,2.19861,0,11.29,2.31677,0,3410,100980716954
56.4687,17.7089,49.25,0,100,88,80,1633,3504,2.19861,0,11.29,2.31677,0,3410,100998427613
57.8028,17.3002,49.25,0,100,88,80,1633,3504,2.19861,0,11.29,2.31677,0,3410,101015727521
61.4761,16.2665,49.25,0,100,88,80,1633,3504,2.19861,0,11.29,2.31677,0,3410,101031995602
58.0063,17.2395,49.25,0,100,88,80,1633,3504,2.19861,0,11.29,2.31677,0,3410,101049236223
54.5229,18.3409,49.25,0,100,88,80,1633,3504,2.19861,0,11.29,2.31677,0,3410,101067578796
60.7281,16.4668,49.25,0,100,88,80,1633,3504,2.19861,0,11.29,2.31677,0,3410,101084047493
60.3597,16.5674,49.25,0,100,88,80,1633,3504,2.19861,0,11.29,2.31677,0,3410,101100615701
59.787,16.7261,49.25,0,100,88,80,1633,3504,2.19861,0,11.29,2.31677,0,3410,101117342784
60.0998,16.639,49.25,0,100,88,80,1633,3504,2.19861,0,11.29,2.31677,0,3410,101133983234
56.1752,17.8014,49.25,0,100,88,80,1633,3504,2.19861,0,11.29,2.31677,0,3410,101151784981
63.1129,15.8446,49.25,0,100,88,80,1633,3504,2.19861,0,11.29,2.31677,0,3410,101167630909
56.7918,17.6082,49.25,0,100,88,80,1633,3504,2.19861,0,11.29,2.31677,0,3410,101185240751
57.4846,17.396,49.25,0,100,88,80,1633,3504,2.19861,0,11.29,2.31677,0,3410,101202637810
60.1486,16.6255,49.25,0,100,88,80,1633,3504,2.19861,0,11.29,2.31677,0,3410,101219264383
58.7812,17.0122,49.25,0,100,88,80,1633,3504,2.19861,0,11.29,2.31677,0,3410,101236278120
58.09,17.2147,49.25,0,100,88,80,1633,3504,2.19861,0,11.29,2.31677,0,3410,101253493627
60.3773,16.5625,49.25,0,100,88,80,1633,3504,2.19861,0,11.29,2.31677,0,3410,101270057344
59.6535,16.7635,49.25,0,100,88,80,1633,3504,2.19861,0,11.29,2.31677,0,3410,101286821274
57.5321,17.3816,49.25,0,100,88,80,1633,3504,2.19861,0,11.29,2.31677,0,3410,101304204812
59.2489,16.878,49.25,0,100,88,80,1633,3504,2.19861,0,11.29,2.31677,0,3410,101321087923
57.1549,17.4963,51.3716,0,100,88,80,1673,3504,2.19861,0,11.3127,2.31677,0,3407,101338581653
60.018,16.6617,51.3716,0,100,88,80,1673,3504,2.19861,0,11.3127,2.31677,0,3407,101355244250
55.8712,17.8983,51.3716,0,100,88,80,1673,3504,2.19861,0,11.3127,2.31677,0,3407,101373144694
62.9141,15.8947,51.3716,0,100,88,80,1673,3504,2.19861,0,11.3127,2.31677,0,3407,101389040244
58.5289,17.0856,51.3716,0,100,88,80,1673,3504,2.19861,0,11.3127,2.31677,0,3407,101406126871
56.6967,17.6377,51.3716,0,100,88,80,1673,3504,2.19861,0,11.3127,2.31677,0,3407,101423766497
63.9727,15.6317,51.3716,0,100,88,80,1673,3504,2.19861,0,11.3127,2.31677,0,3407,101439399432
54.1105,18.4807,51.3716,0,100,88,80,1673,3504,2.19861,0,11.3127,2.31677,0,3407,101457881798
64.8409,15.4224,51.3716,0,100,88,80,1673,3504,2.19861,0,11.3127,2.31677,0,3407,101473305165
55.3572,18.0645,51.3716,0,100,88,80,1673,3504,2.19861,0,11.3127,2.31677,0,3407,101491371365
57.7221,17.3244,51.3716,0,100,88,80,1673,3504,2.19861,0,11.3127,2.31677,0,3407,101508698256
59.8453,16.7097,51.3716,0,100,88,80,1673,3504,2.19861,0,11.3127,2.31677,0,3407,101525407890
60.3292,16.5757,51.3716,0,100,88,80,1673,3504,2.19861,0,11.3127,2.31677,0,3407,101541985540
55.9578,17.8706,51.3716,0,100,88,80,1673,3504,2.19861,0,11.3127,2.31677,0,3407,101559857130
59.4456,16.8221,51.3716,0,100,88,80,1673,3504,2.19861,0,11.3127,2.31677,0,3407,101576680155
57.2222,17.4757,51.3716,0,100,88,80,1673,3504,2.19861,0,11.3127,2.31677,0,3407,101594157327
59.6778,16.7567,51.3716,0,100,88,80,1673,3504,2.19861,0,11.3127,2.31677,0,3407,101610915041
60.3504,16.5699,51.3716,0,100,88,80,1673,3504,2.19861,0,11.3127,2.31677,0,3407,101627486588
59.1429,16.9082,51.3716,0,100,88,80,1673,3504,2.19861,0,11.3127,2.31677,0,3407,101644396363
58.1672,17.1918,51.3716,0,100,88,80,1673,3504,2.19861,0,11.3127,2.31677,0,3407,101661588934
54.0426,18.5039,51.3716,0,100,88,80,1673,3504,2.19861,0,11.3127,2.31677,0,3407,101680093324
64.4007,15.5278,51.3716,0,100,88,80,1673,3504,2.19861,0,11.3127,2.31677,0,3407,101695622790
58.3499,17.138,51.3716,0,100,88,80,1673,3504,2.19861,0,11.3127,2.31677,0,3407,101712762692
59.614,16.7746,51.3716,0,100,88,80,1673,3504,2.19861,0,11.3127,2.31677,0,3407,101729538059
61.9863,16.1326,51.3716,0,100,88,80,1673,3504,2.19861,0,11.3127,2.31677,0,3407,101745671043
56.8265,17.5974,51.3716,0,100,88,80,1673,3504,2.19861,0,11.3127,2.31677,0,3407,101763269271
60.2098,16.6086,51.3716,0,100,88,80,1673,3504,2.19861,0,11.3127,2.31677,0,3407,101779880019
53.5258,18.6826,51.3716,0,100,88,80,1673,3504,2.19861,0,11.3127,2.31677,0,3407,101798563664
63.6762,15.7045,51.3716,0,100,88,80,1673,3504,2.19861,0,11.3127,2.31677,0,3407,101814269779
55.9878,17.861,51.3716,0,100,88,80,1673,3504,2.19861,0,11.3127,2.31677,0,3407,101832135812
58.6663,17.0456,50.1229,0,100,89,81,1683,3504,2.19861,0,11.3127,2.31677,0,3440,101849178677
58.1348,17.2014,50.1229,0,100,89,81,1683,3504,2.19861,0,11.3127,2.31677,0,3440,101866381090
60.0637,16.649,50.1229,0,100,89,81,1683,3504,2.19861,0,11.3127,2.31677,0,3440,101883032602
56.4116,17.7268,50.1229,0,100,89,81,1683,3504,2.19861,0,11.3127,2.31677,0,3440,101900759656
57.3728,17.4299,50.1229,0,100,89,81,1683,3504,2.19861,0,11.3127,2.31677,0,3440,101918191843
60.554,16.5142,50.1229,0,100,89,81,1683,3504,2.19861,0,11.3127,2.31677,0,3440,101934706581
58.7115,17.0324,50.1229,0,100,89,81,1683,3504,2.19861,0,11.3127,2.31677,0,3440,101951741241
57.4701,17.4003,50.1229,0,100,89,81,1683,3504,2.19861,0,11.3127,2.31677,0,3440,101969143376
60.1185,16.6338,50.1229,0,100,89,81,1683,3504,2.19861,0,11.3127,2.31677,0,3440,101985777704
55.1371,18.1366,50.1229,0,100,89,81,1683,3504,2.19861,0,11.3127,2.31677,0,3440,102003916817
64.1948,15.5776,50.1229,0,100,89,81,1683,3504,2.19861,0,11.3127,2.31677,0,3440,102019494741
50.5174,19.7952,50.1229,0,100,89,81,1683,3504,2.19861,0,11.3127,2.31677,0,3440,102039290258
64.5976,15.4805,50.1229,0,100,89,81,1683,3504,2.19861,0,11.3127,2.31677,0,3440,102054772350
59.2224,16.8855,50.1229,0,100,89,81,1683,3504,2.19861,0,11.3127,2.31677,0,3440,102071659384
55.681,17.9595,50.1229,0,100,89,81,1683,3504,2.19861,0,11.3127,2.31677,0,3440,102089620917
55.4778,18.0252,50.1229,0,100,89,81,1683,3504,2.19861,0,11.3127,2.31677,0,3440,102107647432
56.7709,17.6147,50.1229,0,100,89,81,1683,3504,2.19861,0,11.3127,2.31677,0,3440,102125263067
58.5065,17.0921,50.1229,0,100,89,81,1683,3504,2.19861,0,11.3127,2.31677,0,3440,102142356201
55.7482,17.9378,50.1229,0,100,89,81,1683,3504,2.19861,0,11.3127,2.31677,0,3440,102160295333
59.1421,16.9084,50.1229,0,100,89,81,1683,3504,2.19861,0,11.3127,2.31677,0,3440,102177204878
52.7868,18.9441,50.1229,0,100,89,81,1683,3504,2.19861,0,11.3127,2.31677,0,3440,102196149603
56.5974,17.6687,50.1229,0,100,89,81,1683,3504,2.19861,0,11.3127,2.31677,0,3440,102213819787
53.7954,18.5889,50.1229,0,100,89,81,1683,3504,2.19861,0,11.3127,2.31677,0,3440,102232409367
55.6482,17.97,50.1229,0,100,89,81,1683,3504,2.19861,0,11.3127,2.31677,0,3440,102250380638
51.4553,19.4344,50.1229,0,100,89,81,1683,3504,2.19861,0,11.3127,2.31677,0,3440,102269815995
53.069,18.8434,50.1229,0,100,89,81,1683,3504,2.19861,0,11.3127,2.31677,0,3440,102288661474
51.4387,19.4406,50.1229,0,100,89,81,1683,3504,2.19861,0,11.3127,2.31677,0,3440,102308103802
48.1169,20.7827,50.1229,0,100,89,81,1683,3504,2.19861,0,11.3127,2.31677,0,3440,102328887356
55.7081,17.9507,50.1229,0,100,89,81,1683,3504,2.19861,0,11.3127,2.31677,0,3440,102346845492
52.4262,19.0744,52.2388,0,100,89,81,1683,3504,2.19861,0,11.3202,2.31677,0,3400,102365914963
50.6723,19.7347,52.2388,0,100,89,81,1683,3504,2.19861,0,11.3202,2.31677,0,3400,102385650614
48.68,20.5423,52.2388,0,100,89,81,1683,3504,2.19861,0,11.3202,2.31677,0,3400,102406194745
55.3628,18.0627,52.2388,0,100,89,81,1683,3504,2.19861,0,11.3202,2.31677,0,3400,102424257959
51.2727,19.5036,52.2388,0,100,89,81,1683,3504,2.19861,0,11.3202,2.31677,0,3400,102443764682
45.816,21.8265,52.2388,0,100,89,81,1683,3504,2.19861,0,11.3202,2.31677,0,3400,102465612659
47.7512,20.9419,52.2388,0,100,89,81,1683,3504,2.19861,0,11.3202,2.31677,0,3400,102486548156
46.3011,21.5977,52.2388,0,100,89,81,1683,3504,2.19861,0,11.3202,2.31677,0,3400,102508154577
54.4221,18.3749,52.2388,0,100,89,81,1683,3504,2.19861,0,11.3202,2.31677,0,3400,102526511239
44.6335,22.4047,52.2388,0,100,89,81,1683,3504,2.19861,0,11.3202,2.31677,0,3400,102548917142
56.6025,17.6671,52.2388,0,100,89,81,1683,3504,2.19861,0,11.3202,2.31677,0,3400,102566585143
49.8312,20.0677,52.2388,0,100,89,81,1683,3504,2.19861,0,11.3202,2.31677,0,3400,102586675851
55.9952,17.8587,52.2388,0,100,89,81,1683,3504,2.19861,0,11.3202,2.31677,0,3400,102604515885
44.2645,22.5914,52.2388,0,100,89,81,1683,3504,2.19861,0,11.3202,2.31677,0,3400,102627108826
32.4711,30.7966,52.2388,0,100,89,81,1683,3504,2.19861,0,11.3202,2.31677,0,3400,102657906890
49.4015,20.2423,52.2388,0,100,89,81,1683,3504,2.19861,0,11.3202,2.31677,0,3400,102678149970
44.9818,22.2312,52.2388,0,100,89,81,1683,3504,2.19861,0,11.3202,2.31677,0,3400,102700395387
41.8008,23.923,52.2388,0,100,89,81,1683,3504,2.19861,0,11.3202,2.31677,0,3400,102724308104
42.6947,23.4221,52.2388,0,100,89,81,1683,3504,2.19861,0,11.3202,2.31677,0,3400,102747731939
41.6343,24.0187,52.2388,0,100,89,81,1683,3504,2.19861,0,11.3202,2.31677,0,3400,102771751596
63.7825,15.6783,52.2388,0,100,89,81,1683,3504,2.19861,0,11.3202,2.31677,0,3400,102787431216
47.0339,21.2613,52.2388,0,100,89,81,1683,3504,2.19861,0,11.3202,2.31677,0,3400,102808693967
33.0368,30.2693,52.2388,0,100,89,81,1683,3504,2.19861,0,11.3202,2.31677,0,3400,102838963837
43.6944,22.8862,52.2388,0,100,89,81,1683,3504,2.19861,0,11.3202,2.31677,0,3400,102861858111
47.1887,21.1915,73.6318,0,100,86,79,1516,3504,2.19861,0,11.32,2.31677,0,1786,102883044891
51.1564,19.5479,73.6318,0,100,86,79,1516,3504,2.19861,0,11.32,2.31677,0,1786,102902615980
32.1538,31.1005,73.6318,0,100,86,79,1516,3504,2.19861,0,11.32,2.31677,0,1786,102933696783
44.1115,22.6698,73.6318,0,100,86,79,1516,3504,2.19861,0,11.32,2.31677,0,1786,102956367206
47.3643,21.113,73.6318,0,100,86,79,1516,3504,2.19861,0,11.32,2.31677,0,1786,102977481927
49.7106,20.1164,73.6318,0,100,86,79,1516,3504,2.19861,0,11.32,2.31677,0,1786,102997620203
53.5137,18.6868,73.6318,0,100,86,79,1516,3504,2.19861,0,11.32,2.31677,0,1786,103016287458
39.8215,25.1121,73.6318,0,100,86,79,1516,3504,2.19861,0,11.32,2.31677,0,1786,103041401809
58.8866,16.9818,73.6318,0,100,86,79,1516,3504,2.19861,0,11.32,2.31677,0,1786,103058389862
45.1008,22.1726,73.6318,0,100,86,79,1516,3504,2.19861,0,11.32,2.31677,0,1786,103080558830
45.9374,21.7688,73.6318,0,100,86,79,1516,3504,2.19861,0,11.32,2.31677,0,1786,103102350905
41.8361,23.9028,73.6318,0,100,86,79,1516,3504,2.19861,0,11.32,2.31677,0,1786,103126234619
41.0225,24.3768,73.6318,0,100,86,79,1516,3504,2.19861,0,11.32,2.31677,0,1786,103150612926
40.5964,24.6327,73.6318,0,100,86,79,1516,3504,2.19861,0,11.32,2.31677,0,1786,103175248722
39.2385,25.4851,73.6318,0,100,86,79,1516,3504,2.19861,0,11.32,2.31677,0,1786,103200735944
58.4162,17.1185,73.6318,0,100,86,79,1516,3504,2.19861,0,11.32,2.31677,0,1786,103217858660
48.6568,20.5521,73.6318,0,100,86,79,1516,3504,2.19861,0,11.32,2.31677,0,1786,103238409924
40.5965,24.6326,73.6318,0,100,86,79,1516,3504,2.19861,0,11.32,2.31677,0,1786,103263042190
45.6978,21.8829,73.6318,0,100,86,79,1516,3504,2.19861,0,11.32,2.31677,0,1786,103284927286
50.1307,19.9478,73.6318,0,100,86,79,1516,3504,2.19861,0,11.32,2.31677,0,1786,103304897177
41.6267,24.023,73.6318,0,100,86,79,1516,3504,2.19861,0,11.32,2.31677,0,1786,103328899894
44.0261,22.7138,73.6318,0,100,86,79,1516,3504,2.19861,0,11.32,2.31677,0,1786,103351615582
60.2148,16.6072,73.6318,0,100,86,79,1516,3504,2.19861,0,11.32,2.31677,0,1786,103368249623
44.5967,22.4232,82,0,92,86,77,1429,3504,2.19861,0,11.3198,2.31677,0,1733,103390648856
33.5011,29.8498,82,0,92,86,77,1429,3504,2.19861,0,11.3198,2.31677,0,1733,103420521968
71.4988,13.9862,82,0,92,86,77,1429,3504,2.19861,0,11.3198,2.31677,0,1733,103434487452
42.6679,23.4368,82,0,92,86,77,1429,3504,2.19861,0,11.3198,2.31677,0,1733,103457926666
44.3528,22.5465,82,0,92,86,77,1429,3504,2.19861,0,11.3198,2.31677,0,1733,103480474595
52.8268,18.9298,82,0,92,86,77,1429,3504,2.19861,0,11.3198,2.31677,0,1733,103499404060
46.1671,21.6605,82,0,92,86,77,1429,3504,2.19861,0,11.3198,2.31677,0,1733,103521065980
57.4908,17.3941,82,0,92,86,77,1429,3504,2.19861,0,11.3198,2.31677,0,1733,103538461216
46.629,21.4459,82,0,92,86,77,1429,3504,2.19861,0,11.3198,2.31677,0,1733,103559909928
47.4446,21.0772,82,0,92,86,77,1429,3504,2.19861,0,11.3198,2.31677,0,1733,103580988003
47.6253,20.9972,82,0,92,86,77,1429,3504,2.19861,0,11.3198,2.31677,0,1733,103601986914
51.7546,19.3219,82,0,92,86,77,1429,3504,2.19861,0,11.3198,2.31677,0,1733,103621327070
50.5771,19.7718,82,0,92,86,77,1429,3504,2.19861,0,11.3198,2.31677,0,1733,103641083331
51.4978,19.4183,82,0,92,86,77,1429,3504,2.19861,0,11.3198,2.31677,0,1733,103660523797
47.2218,21.1766,82,0,92,86,77,1429,3504,2.19861,0,11.3198,2.31677,0,1733,103681680453
42.5937,23.4777,82,0,92,86,77,1429,3504,2.19861,0,11.3198,2.31677,0,1733,103705158777
58.8471,16.9932,82,0,92,86,77,1429,3504,2.19861,0,11.3198,2.31677,0,1733,103722174462
46.5338,21.4897,82,0,92,86,77,1429,3504,2.19861,0,11.3198,2.31677,0,1733,103743644334
47.8118,20.9153,82,0,92,86,77,1429,3504,2.19861,0,11.3198,2.31677,0,1733,103764562115
57.168,17.4923,82,0,92,86,77,1429,3504,2.19861,0,11.3198,2.31677,0,1733,103782056209
51.7718,19.3155,82,0,92,86,77,1429,3504,2.19861,0,11.3198,2.31677,0,1733,103801372722
41.775,23.9378,82,0,92,86,77,1429,3504,2.19861,0,11.3198,2.31677,0,1733,103825311262
51.0569,19.586,82,0,92,86,77,1429,3504,2.19861,0,11.3198,2.31677,0,1733,103844899843
43.8374,22.8116,82,0,92,86,77,1429,3504,2.19861,0,11.3198,2.31677,0,1733,103867712727
52.3041,19.119,82,0,92,86,77,1429,3504,2.19861,0,11.3198,2.31677,0,1733,103886964971
53.5238,18.6833,70.297,0,92,86,77,1429,3504,2.19861,0,11.3198,2.31677,0,1797,103905517953
42.6082,23.4697,70.297,0,92,86,77,1429,3504,2.19861,0,11.3198,2.31677,0,1797,103928989951
50.6554,19.7412,70.297,0,92,86,77,1429,3504,2.19861,0,11.3198,2.31677,0,1797,103948731161
47.9062,20.8741,70.297,0,92,86,77,1429,3504,2.19861,0,11.3198,2.31677,0,1797,103969606393
52.4811,19.0545,70.297,0,92,86,77,1429,3504,2.19861,0,11.3198,2.31677,0,1797,103988663044
44.2152,22.6167,70.297,0,92,86,77,1429,3504,2.19861,0,11.3198,2.31677,0,1797,104011281096
53.4576,18.7064,70.297,0,92,86,77,1429,3504,2.19861,0,11.3198,2.31677,0,1797,104029990814
46.9964,21.2782,70.297,0,92,86,77,1429,3504,2.19861,0,11.3198,2.31677,0,1797,104051269367
54.5348,18.3369,70.297,0,92,86,77,1429,3504,2.19861,0,11.3198,2.31677,0,1797,104069629225
45.7136,21.8753,70.297,0,92,86,77,1429,3504,2.19861,0,11.3198,2.31677,0,1797,104091496439
49.3239,20.2741,70.297,0,92,86,77,1429,3504,2.19861,0,11.3198,2.31677,0,1797,104111781039
49.2237,20.3154,70.297,0,92,86,77,1429,3504,2.19861,0,11.3198,2.31677,0,1797,104132076556
40.5136,24.683,70.297,0,92,86,77,1429,3504,2.19861,0,11.3198,2.31677,0,1797,104156760560
45.3532,22.0491,70.297,0,92,86,77,1429,3504,2.19861,0,11.3198,2.31677,0,1797,104178811253
74.2027,13.4766,70.297,0,92,86,77,1429,3504,2.19861,0,11.3198,2.31677,0,1797,104192288816
40.4032,24.7505,70.297,0,92,86,77,1429,3504,2.19861,0,11.3198,2.31677,0,1797,104217064114
59.7535,16.7354,70.297,0,92,86,77,1429,3504,2.19861,0,11.3198,2.31677,0,1797,104233777076
32.7639,30.5214,70.297,0,92,86,77,1429,3504,2.19861,0,11.3198,2.31677,0,1797,104264321702
38.4901,25.9807,70.297,0,92,86,77,1429,3504,2.19861,0,11.3198,2.31677,0,1797,104290282157
52.0325,19.2188,70.297,0,92,86,77,1429,3504,2.19861,0,11.3198,2.31677,0,1797,104309523695
52.4909,19.0509,70.297,0,92,86,77,1429,3504,2.19861,0,11.3198,2.31677,0,1797,104328576578
46.9417,21.303,70.297,0,92,86,77,1429,3504,2.19861,0,11.3198,2.31677,0,1797,104349859491
42.4293,23.5686,70.297,0,92,86,77,1429,3504,2.19861,0,11.3198,2.31677,0,1797,104373428921
59.6616,16.7612,70.297,0,92,86,77,1429,3504,2.19861,0,11.3198,2.31677,0,1797,104390230094
46.7858,21.374,72.1105,0,93,86,76,1420,3504,2.19861,0,11.3208,2.31677,0,1849,104411569223
52.2589,19.1355,72.1105,0,93,86,76,1420,3504,2.19861,0,11.3208,2.31677,0,1849,104430727024
54.9101,18.2116,72.1105,0,93,86,76,1420,3504,2.19861,0,11.3208,2.31677,0,1849,104448917360
57.7785,17.3075,72.1105,0,93,86,76,1420,3504,2.19861,0,11.3208,2.31677,0,1849,104466226867
53.1795,18.8043,72.1105,0,93,86,76,1420,3504,2.19861,0,11.3208,2.31677,0,1849,104485053006
40.2842,24.8236,72.1105,0,93,86,76,1420,3504,2.19861,0,11.3208,2.31677,0,1849,104509878578
51.401,19.4549,72.1105,0,93,86,76,1420,3504,2.19861,0,11.3208,2.31677,0,1849,104529317027
54.0899,18.4877,72.1105,0,93,86,76,1420,3504,2.19861,0,11.3208,2.31677,0,1849,104547823409
47.2447,21.1664,72.1105,0,93,86,76,1420,3504,2.19861,0,11.3208,2.31677,0,1849,104569012667
48.5357,20.6034,72.1105,0,93,86,76,1420,3504,2.19861,0,11.3208,2.31677,0,1849,104589595646
45.2011,22.1234,72.1105,0,93,86,76,1420,3504,2.19861,0,11.3208,2.31677,0,1849,104611741279
49.3242,20.274,72.1105,0,93,86,76,1420,3504,2.19861,0,11.3208,2.31677,0,1849,104631996890
52.1254,19.1845,72.1105,0,93,86,76,1420,3504,2.19861,0,11.3208,2.31677,0,1849,104651183944
45.626,21.9173,72.1105,0,93,86,76,1420,3504,2.19861,0,11.3208,2.31677,0,1849,104673100258
53.9566,18.5334,72.1105,0,93,86,76,1420,3504,2.19861,0,11.3208,2.31677,0,1849,104691635159
40.0178,24.9889,72.1105,0,93,86,76,1420,3504,2.19861,0,11.3208,2.31677,0,1849,104716627321
73.1336,13.6736,72.1105,0,93,86,76,1420,3504,2.19861,0,11.3208,2.31677,0,1849,104730299713
51.3475,19.4752,72.1105,0,93,86,76,1420,3504,2.19861,0,11.3208,2.31677,0,1849,104749789313
42.1192,23.7422,72.1105,0,93,86,76,1420,3504,2.19861,0,11.3208,2.31677,0,1849,104773520274
50.6583,19.7401,72.1105,0,93,86,76,1420,3504,2.19861,0,11.3208,2.31677,0,1849,104793274032
46.3873,21.5576,72.1105,0,93,86,76,1420,3504,2.19861,0,11.3208,2.31677,0,1849,104814842115
46.0196,21.7299,72.1105,0,93,86,76,1420,3504,2.19861,0,11.3208,2.31677,0,1849,104836573184
54.182,18.4563,72.1105,0,93,86,76,1420,3504,2.19861,0,11.3208,2.31677,0,1849,104855054553
45.5738,21.9424,72.1105,0,93,86,76,1420,3504,2.19861,0,11.3208,2.31677,0,1849,104876996244
61.4127,16.2833,72.1105,0,93,86,76,1420,3504,2.19861,0,11.3208,2.31677,0,1849,104893307214
45.4803,21.9875,70.1531,0,96,86,76,1401,3504,2.19861,0,11.3208,2.31677,0,1800,104915268837
50.9074,19.6435,70.1531,0,96,86,76,1401,3504,2.19861,0,11.3208,2.31677,0,1800,104934914420
43.4978,22.9897,70.1531,0,96,86,76,1401,3504,2.19861,0,11.3208,2.31677,0,1800,104957927154
42.0184,23.7991,70.1531,0,96,86,76,1401,3504,2.19861,0,11.3208,2.31677,0,1800,104981704938
42.8645,23.3293,70.1531,0,96,86,76,1401,3504,2.19861,0,11.3208,2.31677,0,1800,105005037723
44.5098,22.467,70.1531,0,96,86,76,1401,3504,2.19861,0,11.3208,2.31677,0,1800,105027505100
48.7685,20.505,70.1531,0,96,86,76,1401,3504,2.19861,0,11.3208,2.31677,0,1800,105048011585
57.2646,17.4628,70.1531,0,96,86,76,1401,3504,2.19861,0,11.3208,2.31677,0,1800,105065497199
24.0463,41.5864,70.1531,0,96,86,76,1401,3504,2.19861,0,11.3208,2.31677,0,1800,105107062728
108.888,9.18374,70.1531,0,96,86,76,1401,3504,2.19861,0,11.3208,2.31677,0,1800,105116268800
43.9511,22.7525,70.1531,0,96,86,76,1401,3504,2.19861,0,11.3208,2.31677,0,1800,105139002877
56.5167,17.6939,70.1531,0,96,86,76,1401,3504,2.19861,0,11.3208,2.31677,0,1800,105156696348
48.2673,20.718,70.1531,0,96,86,76,1401,3504,2.19861,0,11.3208,2.31677,0,1800,105177414991
42.8518,23.3363,70.1531,0,96,86,76,1401,3504,2.19861,0,11.3208,2.31677,0,1800,105200753415
55.1388,18.1361,70.1531,0,96,86,76,1401,3504,2.19861,0,11.3208,2.31677,0,1800,105218910306
43.5185,22.9788,70.1531,0,96,86,76,1401,3504,2.19861,0,11.3208,2.31677,0,1800,105241870898
34.4258,29.048,70.1531,0,96,86,76,1401,3504,2.19861,0,11.3208,2.31677,0,1800,105270919652
46.2172,21.637,70.1531,0,96,86,76,1401,3504,2.19861,0,11.3208,2.31677,0,1800,105292557928
41.3238,24.1991,70.1531,0,96,86,76,1401,3504,2.19861,0,11.3208,2.31677,0,1800,105316779551
50.5525,19.7814,70.1531,0,96,86,76,1401,3504,2.19861,0,11.3208,2.31677,0,1800,105336542178
43.1786,23.1596,70.1531,0,96,86,76,1401,3504,2.19861,0,11.3208,2.31677,0,1800,105359724605
33.8458,29.5458,70.1531,0,96,86,76,1401,3504,2.19861,0,11.3208,2.31677,0,1800,105389269906
44.2436,22.6022,70.1531,0,96,86,76,1401,3504,2.19861,0,11.3208,2.31677,0,1800,105411899878
43.3028,23.0932,81.0219,0,96,86,76,1401,3504,2.19861,0,11.3245,2.31677,0,1749,105434968482
29.3302,34.0946,81.0219,0,96,86,76,1401,3504,2.19861,0,11.3245,2.31677,0,1749,105469085209
40.885,24.4588,81.0219,0,96,86,76,1401,3504,2.19861,0,11.3245,2.31677,0,1749,105493567400
50.7858,19.6905,81.0219,0,96,86,76,1401,3504,2.19861,0,11.3245,2.31677,0,1749,105513238075
36.714,27.2376,81.0219,0,96,86,76,1401,3504,2.19861,0,11.3245,2.31677,0,1749,105540498382
45.4126,22.0203,81.0219,0,96,86,76,1401,3504,2.19861,0,11.3245,2.31677,0,1749,105562519787
34.4339,29.0411,81.0219,0,96,86,76,1401,3504,2.19861,0,11.3245,2.31677,0,1749,105591562521
42.6602,23.441,81.0219,0,96,86,76,1401,3504,2.19861,0,11.3245,2.31677,0,1749,105615005678
48.3643,20.6764,81.0219,0,96,86,76,1401,3504,2.19861,0,11.3245,2.31677,0,1749,105635682687
42.3318,23.6229,81.0219,0,96,86,76,1401,3504,2.19861,0,11.3245,2.31677,0,1749,105659306269
43.7468,22.8588,81.0219,0,96,86,76,1401,3504,2.19861,0,11.3245,2.31677,0,1749,105682167381
51.3845,19.4611,81.0219,0,96,86,76,1401,3504,2.19861,0,11.3245,2.31677,0,1749,105701628926
44.0844,22.6837,81.0219,0,96,86,76,1401,3504,2.19861,0,11.3245,2.31677,0,1749,105724314810
39.6441,25.2244,81.0219,0,96,86,76,1401,3504,2.19861,0,11.3245,2.31677,0,1749,105749539818
43.339,23.0739,81.0219,0,96,86,76,1401,3504,2.19861,0,11.3245,2.31677,0,1749,105772637834
55.6885,17.957,81.0219,0,96,86,76,1401,3504,2.19861,0,11.3245,2.31677,0,1749,105790595938
37.0063,27.0224,81.0219,0,96,86,76,1401,3504,2.19861,0,11.3245,2.31677,0,1749,105817597780
46.6143,21.4527,81.0219,0,96,86,76,1401,3504,2.19861,0,11.3245,2.31677,0,1749,105839050971
35.4868,28.1795,81.0219,0,96,86,76,1401,3504,2.19861,0,11.3245,2.31677,0,1749,105867253067
36.7392,27.2189,81.0219,0,96,86,76,1401,3504,2.19861,0,11.3245,2.31677,0,1749,105894452634
34.3839,29.0834,81.0219,0,96,86,76,1401,3504,2.19861,0,11.3245,2.31677,0,1749,105923544061
41.9522,23.8366,92.6471,0,92,87,76,1412,3504,2.19861,0,11.3304,2.31677,0,1740,105947375564
38.7132,25.831,92.6471,0,92,87,76,1412,3504,2.19861,0,11.3304,2.31677,0,1740,105973229443
47.1339,21.2162,92.6471,0,92,87,76,1412,3504,2.19861,0,11.3304,2.31677,0,1740,105994426585
24.0058,41.6565,92.6471,0,92,87,76,1412,3504,2.19861,0,11.3304,2.31677,0,1740,106036083423
136.398,7.33146,92.6471,0,92,87,76,1412,3504,2.19861,0,11.3304,2.31677,0,1740,106043437412
47.8456,20.9006,92.6471,0,92,87,76,1412,3504,2.19861,0,11.3304,2.31677,0,1740,106064339631
59.251,16.8774,92.6471,0,92,87,76,1412,3504,2.19861,0,11.3304,2.31677,0,1740,106081218326
29.6521,33.7244,92.6471,0,92,87,76,1412,3504,2.19861,0,11.3304,2.31677,0,1740,106114942845
49.6416,20.1444,92.6471,0,92,87,76,1412,3504,2.19861,0,11.3304,2.31677,0,1740,106135090331
42.7225,23.4069,92.6471,0,92,87,76,1412,3504,2.19861,0,11.3304,2.31677,0,1740,106158497334
47.613,21.0027,92.6471,0,92,87,76,1412,3504,2.19861,0,11.3304,2.31677,0,1740,106179500374
48.137,20.774,92.6471,0,92,87,76,1412,3504,2.19861,0,11.3304,2.31677,0,1740,106200276892
39.4371,25.3568,92.6471,0,92,87,76,1412,3504,2.19861,0,11.3304,2.31677,0,1740,106225655195
52.3958,19.0855,92.6471,0,92,87,76,1412,3504,2.19861,0,11.3304,2.31677,0,1740,106244762586
36.0469,27.7417,92.6471,0,92,87,76,1412,3504,2.19861,0,11.3304,2.31677,0,1740,106272484022
100.545,9.94576,92.6471,0,92,87,76,1412,3504,2.19861,0,11.3304,2.31677,0,1740,106282431981
42.2062,23.6932,92.6471,0,92,87,76,1412,3504,2.19861,0,11.3304,2.31677,0,1740,106306126559
41.3357,24.1921,92.6471,0,92,87,76,1412,3504,2.19861,0,11.3304,2.31677,0,1740,106330320715
46.6268,21.4469,92.6471,0,92,87,76,1412,3504,2.19861,0,11.3304,2.31677,0,1740,106351767693
45.5262,21.9654,92.6471,0,92,87,76,1412,3504,2.19861,0,11.3304,2.31677,0,1740,106373755477
51.2967,19.4944,92.6471,0,92,87,76,1412,3504,2.19861,0,11.3304,2.31677,0,1740,106393232756
47.8881,20.882,92.6471,0,92,87,76,1412,3504,2.19861,0,11.3304,2.31677,0,1740,106414114590
44.5513,22.446,92.6471,0,92,87,76,1412,3504,2.19861,0,11.3304,2.31677,0,1740,106436565413
48.1909,20.7508,77.6623,0,84,87,76,1449,3504,2.19861,0,11.3272,2.31677,0,1778,106457314250
42.1778,23.7091,77.6623,0,84,87,76,1449,3504,2.19861,0,11.3272,2.31677,0,1778,106481046038
53.2157,18.7914,77.6623,0,84,87,76,1449,3504,2.19861,0,11.3272,2.31677,0,1778,106499817322
48.3962,20.6628,77.6623,0,84,87,76,1449,3504,2.19861,0,11.3272,2.31677,0,1778,106520481863
49.5214,20.1933,77.6623,0,84,87,76,1449,3504,2.19861,0,11.3272,2.31677,0,1778,106540676588
48.9628,20.4236,77.6623,0,84,87,76,1449,3504,2.19861,0,11.3272,2.31677,0,1778,106561121411
49.2055,20.3229,77.6623,0,84,87,76,1449,3504,2.19861,0,11.3272,2.31677,0,1778,106581446315
36.8057,27.1697,77.6623,0,84,87,76,1449,3504,2.19861,0,11.3272,2.31677,0,1778,106608616631
43.244,23.1246,77.6623,0,84,87,76,1449,3504,2.19861,0,11.3272,2.31677,0,1778,106631741942
46.3879,21.5573,77.6623,0,84,87,76,1449,3504,2.19861,0,11.3272,2.31677,0,1778,106653300342
49.371,20.2548,77.6623,0,84,87,76,1449,3504,2.19861,0,11.3272,2.31677,0,1778,106673555939
47.8308,20.907,77.6623,0,84,87,76,1449,3504,2.19861,0,11.3272,2.31677,0,1778,106694465345
51.6066,19.3774,77.6623,0,84,87,76,1449,3504,2.19861,0,11.3272,2.31677,0,1778,106713864624
50.5835,19.7693,77.6623,0,84,87,76,1449,3504,2.19861,0,11.3272,2.31677,0,1778,106733635685
52.4568,19.0633,77.6623,0,84,87,76,1449,3504,2.19861,0,11.3272,2.31677,0,1778,106752700741
42.888,23.3165,77.6623,0,84,87,76,1449,3504,2.19861,0,11.3272,2.31677,0,1778,106776050856
55.2747,18.0915,77.6623,0,84,87,76,1449,3504,2.19861,0,11.3272,2.31677,0,1778,106794109699
46.2504,21.6214,77.6623,0,84,87,76,1449,3504,2.19861,0,11.3272,2.31677,0,1778,106815754164
45.2378,22.1054,77.6623,0,84,87,76,1449,3504,2.19861,0,11.3272,2.31677,0,1778,106837840361
55.5222,18.0108,77.6623,0,84,87,76,1449,3504,2.19861,0,11.3272,2.31677,0,1778,106855851885
42.0477,23.7825,77.6623,0,84,87,76,1449,3504,2.19861,0,11.3272,2.31677,0,1778,106879635944
46.7371,21.3963,77.6623,0,84,87,76,1449,3504,2.19861,0,11.3272,2.31677,0,1778,106901033712
50.5609,19.7781,77.6623,0,84,87,76,1449,3504,2.19861,0,11.3272,2.31677,0,1778,106920813381
50.5282,19.7909,77.6623,0,84,87,76,1449,3504,2.19861,0,11.3272,2.31677,0,1778,106940635575
45.6267,21.917,72.9323,0,84,85,76,1449,3504,2.19861,0,11.3275,2.31677,0,1754,106962546301
55.3206,18.0764,72.9323,0,84,85,76,1449,3504,2.19861,0,11.3275,2.31677,0,1754,106980602738
47.0656,21.2469,72.9323,0,84,85,76,1449,3504,2.19861,0,11.3275,2.31677,0,1754,107001852472
48.5825,20.5835,72.9323,0,84,85,76,1449,3504,2.19861,0,11.3275,2.31677,0,1754,107022435595
47.6287,20.9957,72.9323,0,84,85,76,1449,3504,2.19861,0,11.3275,2.31677,0,1754,107043431906
49.7106,20.1164,72.9323,0,84,85,76,1449,3504,2.19861,0,11.3275,2.31677,0,1754,107063549995
50.6373,19.7483,72.9323,0,84,85,76,1449,3504,2.19861,0,11.3275,2.31677,0,1754,107083300015
43.8218,22.8197,72.9323,0,84,85,76,1449,3504,2.19861,0,11.3275,2.31677,0,1754,107106152659
51.0276,19.5972,72.9323,0,84,85,76,1449,3504,2.19861,0,11.3275,2.31677,0,1754,107125719094
50.9342,19.6332,72.9323,0,84,85,76,1449,3504,2.19861,0,11.3275,2.31677,0,1754,107145353183
50.4037,19.8398,72.9323,0,84,85,76,1449,3504,2.19861,0,11.3275,2.31677,0,1754,107165215065
47.6935,20.9672,72.9323,0,84,85,76,1449,3504,2.19861,0,11.3275,2.31677,0,1754,107186162619
51.6957,19.344,72.9323,0,84,85,76,1449,3504,2.19861,0,11.3275,2.31677,0,1754,107205529004
47.0539,21.2522,72.9323,0,84,85,76,1449,3504,2.19861,0,11.3275,2.31677,0,1754,107226760744
44.2999,22.5734,72.9323,0,84,85,76,1449,3504,2.19861,0,11.3275,2.31677,0,1754,107249334892
67.6918,14.7728,72.9323,0,84,85,76,1449,3504,2.19861,0,11.3275,2.31677,0,1754,107264109170
44.8445,22.2993,72.9323,0,84,85,76,1449,3504,2.19861,0,11.3275,2.31677,0,1754,107286409551
51.4766,19.4263,72.9323,0,84,85,76,1449,3504,2.19861,0,11.3275,2.31677,0,1754,107305837099
49.4486,20.223,72.9323,0,84,85,76,1449,3504,2.19861,0,11.3275,2.31677,0,1754,107326060849
47.7876,20.9259,72.9323,0,84,85,76,1449,3504,2.19861,0,11.3275,2.31677,0,1754,107347009916
50.7519,19.7037,72.9323,0,84,85,76,1449,3504,2.19861,0,11.3275,2.31677,0,1754,107366693423
46.9446,21.3017,72.9323,0,84,85,76,1449,3504,2.19861,0,11.3275,2.31677,0,1754,107387995751
50.1198,19.9522,72.9323,0,84,85,76,1449,3504,2.19861,0,11.3275,2.31677,0,1754,107407971135
50.9298,19.6349,72.9323,0,84,85,76,1449,3504,2.19861,0,11.3275,2.31677,0,1754,107427587446
45.8373,21.8163,72.9323,0,84,85,76,1449,3504,2.19861,0,11.3275,2.31677,0,1754,107449432684
43.9859,22.7346,71.1392,0,96,85,76,1393,3504,2.19861,0,11.3279,2.31677,0,1799,107472161378
33.191,30.1287,71.1392,0,96,85,76,1393,3504,2.19861,0,11.3279,2.31677,0,1799,107502270229
90.3922,11.0629,71.1392,0,96,85,76,1393,3504,2.19861,0,11.3279,2.31677,0,1799,107513356147
30.1227,33.1975,71.1392,0,96,85,76,1393,3504,2.19861,0,11.3279,2.31677,0,1799,107546533413
45.5742,21.9422,71.1392,0,96,85,76,1393,3504,2.19861,0,11.3279,2.31677,0,1799,107568498457
39.1443,25.5465,71.1392,0,96,85,76,1393,3504,2.19861,0,11.3279,2.31677,0,1799,107594023751
38.1055,26.2429,71.1392,0,96,85,76,1393,3504,2.19861,0,11.3279,2.31677,0,1799,107620288951
66.6715,14.9989,71.1392,0,96,85,76,1393,3504,2.19861,0,11.3279,2.31677,0,1799,107635311627
40.0173,24.9892,71.1392,0,96,85,76,1393,3504,2.19861,0,11.3279,2.31677,0,1799,107660301457
62.5303,15.9922,71.1392,0,96,85,76,1393,3504,2.19861,0,11.3279,2.31677,0,1799,107676273984
36.4475,27.4367,71.1392,0,96,85,76,1393,3504,2.19861,0,11.3279,2.31677,0,1799,107703711925
45.4442,22.005,71.1392,0,96,85,76,1393,3504,2.19861,0,11.3279,2.31677,0,1799,107725717666
45.1995,22.1242,71.1392,0,96,85,76,1393,3504,2.19861,0,11.3279,2.31677,0,1799,107747843600
60.4298,16.5481,71.1392,0,96,85,76,1393,3504,2.19861,0,11.3279,2.31677,0,1799,107764414265
43.8093,22.8262,71.1392,0,96,85,76,1393,3504,2.19861,0,11.3279,2.31677,0,1799,107787220008
49.9701,20.012,71.1392,0,96,85,76,1393,3504,2.19861,0,11.3279,2.31677,0,1799,107807234983
59.0278,16.9412,71.1392,0,96,85,76,1393,3504,2.19861,0,11.3279,2.31677,0,1799,107824176636
45.5913,21.934,71.1392,0,96,85,76,1393,3504,2.19861,0,11.3279,2.31677,0,1799,107846136204
48.5863,20.5819,71.1392,0,96,85,76,1393,3504,2.19861,0,11.3279,2.31677,0,1799,107866742567
49.4372,20.2277,71.1392,0,96,85,76,1393,3504,2.19861,0,11.3279,2.31677,0,1799,107886948823
46.3352,21.5819,71.1392,0,96,85,76,1393,3504,2.19861,0,11.3279,2.31677,0,1799,107908551675
42.7946,23.3674,71.1392,0,96,85,76,1393,3504,2.19861,0,11.3279,2.31677,0,1799,107931921489
49.3051,20.2819,71.1392,0,96,85,76,1393,3504,2.19861,0,11.3279,2.31677,0,1799,107952213481
46.0799,21.7014,75.5155,0,95,86,76,1405,3504,2.19861,0,11.3309,2.31677,0,1757,107973908114
53.2147,18.7918,75.5155,0,95,86,76,1405,3504,2.19861,0,11.3309,2.31677,0,1757,107992709424
50.5566,19.7798,75.5155,0,95,86,76,1405,3504,2.19861,0,11.3309,2.31677,0,1757,108012516156
48.0771,20.7999,75.5155,0,95,86,76,1405,3504,2.19861,0,11.3309,2.31677,0,1757,108033316411
52.2751,19.1296,75.5155,0,95,86,76,1405,3504,2.19861,0,11.3309,2.31677,0,1757,108052446699
41.7557,23.9488,75.5155,0,95,86,76,1405,3504,2.19861,0,11.3309,2.31677,0,1757,108076396759
39.1866,25.5189,75.5155,0,95,86,76,1405,3504,2.19861,0,11.3309,2.31677,0,1757,108101917042
44.5028,22.4705,75.5155,0,95,86,76,1405,3504,2.19861,0,11.3309,2.31677,0,1757,108124388679
44.7347,22.354,75.5155,0,95,86,76,1405,3504,2.19861,0,11.3309,2.31677,0,1757,108146744821
48.9884,20.413,75.5155,0,95,86,76,1405,3504,2.19861,0,11.3309,2.31677,0,1757,108167158815
52.0711,19.2045,75.5155,0,95,86,76,1405,3504,2.19861,0,11.3309,2.31677,0,1757,108186364492
51.5418,19.4017,75.5155,0,95,86,76,1405,3504,2.19861,0,11.3309,2.31677,0,1757,108205791190
38.4386,26.0155,75.5155,0,95,86,76,1405,3504,2.19861,0,11.3309,2.31677,0,1757,108231784575
62.7361,15.9398,75.5155,0,95,86,76,1405,3504,2.19861,0,11.3309,2.31677,0,1757,108247725283
45.3179,22.0663,75.5155,0,95,86,76,1405,3504,2.19861,0,11.3309,2.31677,0,1757,108269793260
45.7255,21.8696,75.5155,0,95,86,76,1405,3504,2.19861,0,11.3309,2.31677,0,1757,108291663115
60.2396,16.6004,75.5155,0,95,86,76,1405,3504,2.19861,0,11.3309,2.31677,0,1757,108308278170
48.4526,20.6387,75.5155,0,95,86,76,1405,3504,2.19861,0,11.3309,2.31677,0,1757,108328905958
50.6069,19.7601,75.5155,0,95,86,76,1405,3504,2.19861,0,11.3309,2.31677,0,1757,108348666834
48.9338,20.4358,75.5155,0,95,86,76,1405,3504,2.19861,0,11.3309,2.31677,0,1757,108369134258
57.9821,17.2467,75.5155,0,95,86,76,1405,3504,2.19861,0,11.3309,2.31677,0,1757,108386379456
55.008,18.1792,75.5155,0,95,86,76,1405,3504,2.19861,0,11.3309,2.31677,0,1757,108404559144
45.3997,22.0266,75.5155,0,95,86,76,1405,3504,2.19861,0,11.3309,2.31677,0,1757,108426587384
49.2287,20.3133,75.5155,0,95,86,76,1405,3504,2.19861,0,11.3309,2.31677,0,1757,108446923226
50.1373,19.9452,75.5155,0,95,86,76,1405,3504,2.19861,0,11.3309,2.31677,0,1757,108466873285
50.1174,19.9531,79.7066,0,95,86,76,1405,3504,2.19861,0,11.3314,2.31677,0,1789,108486823484
50.2222,19.9115,79.7066,0,95,86,76,1405,3504,2.19861,0,11.3314,2.31677,0,1789,108506736003
52.9919,18.8708,79.7066,0,95,86,76,1405,3504,2.19861,0,11.3314,2.31677,0,1789,108525628852
45.9598,21.7581,79.7066,0,95,86,76,1405,3504,2.19861,0,11.3314,2.31677,0,1789,108547367250
39.3943,25.3844,79.7066,0,95,86,76,1405,3504,2.19861,0,11.3314,2.31677,0,1789,108572752161
58.3298,17.1439,79.7066,0,95,86,76,1405,3504,2.19861,0,11.3314,2.31677,0,1789,108589897502
34.5377,28.9538,79.7066,0,95,86,76,1405,3504,2.19861,0,11.3314,2.31677,0,1789,108618852160
46.3923,21.5553,79.7066,0,95,86,76,1405,3504,2.19861,0,11.3314,2.31677,0,1789,108640409092
44.1041,22.6736,79.7066,0,95,86,76,1405,3504,2.19861,0,11.3314,2.31677,0,1789,108663084635
45.8067,21.8309,79.7066,0,95,86,76,1405,3504,2.19861,0,11.3314,2.31677,0,1789,108684915340
49.2642,20.2987,79.7066,0,95,86,76,1405,3504,2.19861,0,11.3314,2.31677,0,1789,108705215323
47.2719,21.1542,79.7066,0,95,86,76,1405,3504,2.19861,0,11.3314,2.31677,0,1789,108726393087
51.9364,19.2543,79.7066,0,95,86,76,1405,3504,2.19861,0,11.3314,2.31677,0,1789,108745649216
49.4532,20.2211,79.7066,0,95,86,76,1405,3504,2.19861,0,11.3314,2.31677,0,1789,108765849611
40.4341,24.7316,79.7066,0,95,86,76,1405,3504,2.19861,0,11.3314,2.31677,0,1789,108790582274
52.9834,18.8738,79.7066,0,95,86,76,1405,3504,2.19861,0,11.3314,2.31677,0,1789,108809478908
33.0148,30.2894,79.7066,0,95,86,76,1405,3504,2.19861,0,11.3314,2.31677,0,1789,108839748339
52.5111,19.0436,79.7066,0,95,86,76,1405,3504,2.19861,0,11.3314,2.31677,0,1789,108858793712
46.9103,21.3173,79.7066,0,95,86,76,1405,3504,2.19861,0,11.3314,2.31677,0,1789,108880111550
51.1993,19.5315,79.7066,0,95,86,76,1405,3504,2.19861,0,11.3314,2.31677,0,1789,108899644388
46.534,21.4897,79.7066,0,95,86,76,1405,3504,2.19861,0,11.3314,2.31677,0,1789,108921135029
47.6255,20.9972,79.7066,0,95,86,76,1405,3504,2.19861,0,11.3314,2.31677,0,1789,108942154096
48.344,20.6851,79.7066,0,95,86,76,1405,3504,2.19861,0,11.3314,2.31677,0,1789,108962819818
47.4189,21.0886,79.7066,0,95,86,76,1405,3504,2.19861,0,11.3314,2.31677,0,1789,108983927759
49.9278,20.0289,73.494,0,96,85,75,1391,3504,2.19861,0,11.3314,2.31677,0,1761,109003941620
47.2407,21.1682,73.494,0,96,85,75,1391,3504,2.19861,0,11.3314,2.31677,0,1761,109025109876
49.3976,20.2439,73.494,0,96,85,75,1391,3504,2.19861,0,11.3314,2.31677,0,1761,109045376078
51.1686,19.5432,73.494,0,96,85,75,1391,3504,2.19861,0,11.3314,2.31677,0,1761,109064898398
41.8044,23.921,73.494,0,96,85,75,1391,3504,2.19861,0,11.3314,2.31677,0,1761,109088820896
47.2565,21.1611,73.494,0,96,85,75,1391,3504,2.19861,0,11.3314,2.31677,0,1761,109109984383
46.0445,21.7181,73.494,0,96,85,75,1391,3504,2.19861,0,11.3314,2.31677,0,1761,109131723544
57.0684,17.5228,73.494,0,96,85,75,1391,3504,2.19861,0,11.3314,2.31677,0,1761,109149247321
43.3718,23.0564,73.494,0,96,85,75,1391,3504,2.19861,0,11.3314,2.31677,0,1761,109172327858
53.1944,18.799,73.494,0,96,85,75,1391,3504,2.19861,0,11.3314,2.31677,0,1761,109191107876
45.3048,22.0727,73.494,0,96,85,75,1391,3504,2.19861,0,11.3314,2.31677,0,1761,109213181373
45.55,21.9539,73.494,0,96,85,75,1391,3504,2.19861,0,11.3314,2.31677,0,1761,109235157222
59.6136,16.7747,73.494,0,96,85,75,1391,3504,2.19861,0,11.3314,2.31677,0,1761,109251912441
43.8535,22.8032,73.494,0,96,85,75,1391,3504,2.19861,0,11.3314,2.31677,0,1761,109274717345
51.4837,19.4236,73.494,0,96,85,75,1391,3504,2.19861,0,11.3314,2.31677,0,1761,109294141188
50.2317,19.9078,73.494,0,96,85,75,1391,3504,2.19861,0,11.3314,2.31677,0,1761,109314049854
45.3043,22.073,73.494,0,96,85,75,1391,3504,2.19861,0,11.3314,2.31677,0,1761,109336125087
52.7866,18.9442,73.494,0,96,85,75,1391,3504,2.19861,0,11.3314,2.31677,0,1761,109355072200
50.2337,19.9069,73.494,0,96,85,75,1391,3504,2.19861,0,11.3314,2.31677,0,1761,109374980118
50.1148,19.9542,73.494,0,96,85,75,1391,3504,2.19861,0,11.3314,2.31677,0,1761,109394937797
46.1419,21.6723,73.494,0,96,85,75,1391,3504,2.19861,0,11.3314,2.31677,0,1761,109416612627
65.6918,15.2226,73.494,0,96,85,75,1391,3504,2.19861,0,11.3314,2.31677,0,1761,109431834060
45.6019,21.9289,73.494,0,96,85,75,1391,3504,2.19861,0,11.3314,2.31677,0,1761,109453765239
47.9802,20.8419,73.494,0,96,85,75,1391,3504,2.19861,0,11.3314,2.31677,0,1761,109474608796
55.1258,18.1403,73.494,0,96,85,75,1391,3504,2.19861,0,11.3314,2.31677,0,1761,109492774550
47.7118,20.9592,71.2846,0,94,85,75,1408,3504,2.19861,0,11.3322,2.31677,0,1975,109513711257
49.5257,20.1915,71.2846,0,94,85,75,1408,3504,2.19861,0,11.3322,2.31677,0,1975,109533903844
55.2047,18.1144,71.2846,0,94,85,75,1408,3504,2.19861,0,11.3322,2.31677,0,1975,109552040895
45.0861,22.1798,71.2846,0,94,85,75,1408,3504,2.19861,0,11.3322,2.31677,0,1975,109574200970
59.8508,16.7082,71.2846,0,94,85,75,1408,3504,2.19861,0,11.3322,2.31677,0,1975,109590909823
46.4088,21.5476,71.2846,0,94,85,75,1408,3504,2.19861,0,11.3322,2.31677,0,1975,109612458596
47.0802,21.2403,71.2846,0,94,85,75,1408,3504,2.19861,0,11.3322,2.31677,0,1975,109633701096
47.78,20.9293,71.2846,0,94,85,75,1408,3504,2.19861,0,11.3322,2.31677,0,1975,109654652637
51.4441,19.4386,71.2846,0,94,85,75,1408,3504,2.19861,0,11.3322,2.31677,0,1975,109674071517
42.5705,23.4904,71.2846,0,94,85,75,1408,3504,2.19861,0,11.3322,2.31677,0,1975,109697563902
47.0883,21.2367,71.2846,0,94,85,75,1408,3504,2.19861,0,11.3322,2.31677,0,1975,109718830464
44.773,22.3349,71.2846,0,94,85,75,1408,3504,2.19861,0,11.3322,2.31677,0,1975,109741167660
42.0825,23.7629,71.2846,0,94,85,75,1408,3504,2.19861,0,11.3322,2.31677,0,1975,109764931727
60.2624,16.5941,71.2846,0,94,85,75,1408,3504,2.19861,0,11.3322,2.31677,0,1975,109781526542
48.1099,20.7857,71.2846,0,94,85,75,1408,3504,2.19861,0,11.3322,2.31677,0,1975,109802313843
65.7207,15.2159,71.2846,0,94,85,75,1408,3504,2.19861,0,11.3322,2.31677,0,1975,109817531077
47.5541,21.0287,71.2846,0,94,85,75,1408,3504,2.19861,0,11.3322,2.31677,0,1975,109838561397
47.4742,21.0641,71.2846,0,94,85,75,1408,3504,2.19861,0,11.3322,2.31677,0,1975,109859627324
42.1472,23.7264,71.2846,0,94,85,75,1408,3504,2.19861,0,11.3322,2.31677,0,1975,109883353574
38.2826,26.1215,71.2846,0,94,85,75,1408,3504,2.19861,0,11.3322,2.31677,0,1975,109909476897
101.782,9.82492,71.2846,0,94,85,75,1408,3504,2.19861,0,11.3322,2.31677,0,1975,109919324260
45.6688,21.8968,71.2846,0,94,85,75,1408,3504,2.19861,0,11.3322,2.31677,0,1975,109941200553
57.2973,17.4528,71.2846,0,94,85,75,1408,3504,2.19861,0,11.3322,2.31677,0,1975,109958654361
47.3187,21.1333,71.2846,0,94,85,75,1408,3504,2.19861,0,11.3322,2.31677,0,1975,109979789015
39.1628,25.5344,71.2846,0,94,85,75,1408,3504,2.19861,0,11.3322,2.31677,0,1975,110005385954
