Frame, Time (ms), Delta (ms) , Memory (mb)
    1, 0.000, 0.000,4166
    2,11.240,11.240,5576
    3,26.753,15.513,5576
    4,38.351,11.598,5576
    5,51.809,13.458,5576
    6,64.859,13.050,5576
    7,78.146,13.287,5576
    8,91.087,12.941,5576
    9,103.710,12.623,5576
   10,116.581,12.871,5576
   11,129.345,12.764,5576
   12,142.075,12.730,5576
   13,154.523,12.448,5576
   14,167.953,13.430,5576
   15,179.388,11.435,5576
   16,192.751,13.363,5576
   17,203.875,11.124,5576
   18,216.295,12.420,5576
   19,228.123,11.828,5576
   20,240.055,11.932,5576
   21,251.343,11.288,5576
   22,264.952,13.609,5576
   23,275.748,10.796,5576
   24,287.083,11.335,5576
   25,300.576,13.493,5576
   26,311.760,11.184,5576
   27,322.874,11.114,5576
   28,334.940,12.066,5576
   29,347.237,12.297,5576
   30,358.310,11.073,5576
   31,370.547,12.237,5576
   32,381.741,11.194,5576
   33,393.372,11.631,5576
   34,405.617,12.245,5576
   35,417.113,11.496,5576
   36,428.998,11.885,5576
   37,440.314,11.316,5576
   38,452.089,11.775,5576
   39,464.065,11.976,5576
   40,477.023,12.958,5576
   41,487.637,10.614,5576
   42,499.944,12.307,5576
   43,511.485,11.541,5576
   44,523.674,12.189,5576
   45,534.705,11.031,5576
   46,546.649,11.944,5576
   47,559.871,13.222,5576
   48,571.418,11.547,5576
   49,582.227,10.809,5576
   50,594.280,12.053,5576
   51,605.543,11.263,5576
   52,617.692,12.149,5576
   53,628.830,11.138,5576
   54,640.843,12.013,5576
   55,653.418,12.575,5576
   56,663.986,10.568,5576
   57,675.700,11.714,5576
   58,688.346,12.646,5576
   59,699.656,11.310,5576
   60,712.244,12.588,5576
   61,723.944,11.700,5576
   62,736.229,12.285,5576
   63,748.029,11.800,5576
   64,760.616,12.587,5576
   65,770.763,10.147,5576
   66,782.356,11.593,5576
   67,795.589,13.233,5576
   68,806.448,10.859,5576
   69,818.440,11.992,5576
   70,829.796,11.356,5576
   71,842.615,12.819,5576
   72,854.637,12.022,5576
   73,864.885,10.248,5576
   74,877.106,12.221,5576
   75,889.024,11.918,5576
   76,900.340,11.316,5576
   77,912.699,12.359,5576
   78,924.190,11.491,5576
   79,935.649,11.459,5576
   80,947.455,11.806,5576
   81,959.854,12.399,5576
   82,971.460,11.606,5576
   83,984.023,12.563,5576
   84,994.882,10.859,5576
   85,1006.918,12.036,5576
   86,1018.390,11.472,5576
   87,1029.672,11.282,5576
   88,1041.420,11.748,5576
   89,1052.521,11.101,5576
   90,1064.791,12.270,5576
   91,1076.087,11.296,5576
   92,1088.347,12.260,5576
   93,1100.013,11.666,5576
   94,1111.825,11.812,5576
   95,1123.351,11.526,5576
   96,1134.875,11.524,5576
   97,1146.813,11.938,5576
   98,1158.054,11.241,5576
   99,1169.599,11.545,5576
  100,1181.560,11.961,5576
  101,1193.500,11.940,5576
  102,1205.038,11.538,5576
  103,1216.838,11.800,5576
  104,1229.838,13.000,5576
  105,1239.965,10.127,5576
  106,1251.917,11.952,5576
  107,1263.208,11.291,5576
  108,1275.161,11.953,5576
  109,1285.924,10.763,5576
  110,1297.763,11.839,5576
  111,1309.633,11.870,5576
  112,1322.251,12.618,5576
  113,1333.254,11.003,5576
  114,1346.010,12.756,5576
  115,1356.557,10.547,5576
  116,1368.494,11.937,5576
  117,1380.539,12.045,5576
  118,1392.513,11.974,5576
  119,1403.398,10.885,5576
  120,1415.740,12.342,5576
  121,1426.715,10.975,5576
  122,1440.049,13.334,5576
  123,1450.455,10.406,5576
  124,1460.765,10.310,5576
  125,1473.224,12.459,5576
  126,1484.555,11.331,5576
  127,1495.990,11.435,5576
  128,1508.097,12.107,5576
  129,1520.438,12.341,5576
  130,1530.144, 9.706,5576
  131,1542.734,12.590,5576
  132,1553.842,11.108,5576
  133,1565.733,11.891,5576
  134,1577.430,11.697,5576
  135,1589.343,11.913,5576
  136,1600.678,11.335,5576
  137,1612.061,11.383,5576
  138,1623.952,11.891,5576
  139,1635.596,11.644,5576
  140,1647.809,12.213,5576
  141,1659.918,12.109,5576
  142,1671.686,11.768,5576
  143,1682.441,10.755,5576
  144,1693.697,11.256,5576
  145,1705.635,11.938,5576
  146,1716.570,10.935,5576
  147,1728.675,12.105,5576
  148,1740.977,12.302,5576
  149,1751.890,10.913,5576
  150,1764.556,12.666,5576
  151,1775.077,10.521,5576
  152,1786.069,10.992,5576
  153,1798.242,12.173,5576
  154,1809.274,11.032,5576
  155,1820.432,11.158,5576
  156,1832.132,11.700,5576
  157,1843.533,11.401,5576
  158,1856.917,13.384,5576
  159,1866.809, 9.892,5576
  160,1878.439,11.630,5576
  161,1889.815,11.376,5576
  162,1901.433,11.618,5576
  163,1913.891,12.458,5576
  164,1924.796,10.905,5576
  165,1936.040,11.244,5576
  166,1949.349,13.309,5576
  167,1960.449,11.100,5576
  168,1971.011,10.562,5576
  169,1983.224,12.213,5576
  170,1995.153,11.929,5576
  171,2005.760,10.607,5576
  172,2018.077,12.317,5576
  173,2028.601,10.524,5576
  174,2040.274,11.673,5576
  175,2050.649,10.375,5576
  176,2062.512,11.863,5576
  177,2075.027,12.515,5576
  178,2085.607,10.580,5576
  179,2096.832,11.225,5576
  180,2109.288,12.456,5576
  181,2120.430,11.142,5576
  182,2131.574,11.144,5576
  183,2143.344,11.770,5576
  184,2154.656,11.312,5576
  185,2165.723,11.067,5576
  186,2178.184,12.461,5576
  187,2188.837,10.653,5576
  188,2201.920,13.083,5576
  189,2211.812, 9.892,5576
  190,2225.239,13.427,5576
  191,2235.115, 9.876,5576
  192,2247.827,12.712,5576
  193,2257.975,10.148,5576
  194,2270.499,12.524,5576
  195,2280.902,10.403,5576
  196,2292.581,11.679,5576
  197,2304.046,11.465,5576
  198,2316.262,12.216,5576
  199,2327.107,10.845,5576
  200,2339.690,12.583,5576
  201,2350.578,10.888,5576
  202,2362.598,12.020,5576
  203,2373.690,11.092,5576
  204,2385.781,12.091,5576
  205,2396.511,10.730,5576
  206,2408.333,11.822,5576
  207,2419.444,11.111,5576
  208,2431.459,12.015,5576
  209,2442.632,11.173,5576
  210,2455.012,12.380,5576
  211,2465.175,10.163,5576
  212,2477.089,11.914,5576
  213,2488.956,11.867,5576
  214,2500.852,11.896,5576
  215,2510.656, 9.804,5576
  216,2522.121,11.465,5576
  217,2533.556,11.435,5576
  218,2544.913,11.357,5576
  219,2557.434,12.521,5576
  220,2568.416,10.982,5576
  221,2579.929,11.513,5576
  222,2591.856,11.927,5576
  223,2603.409,11.553,5576
  224,2614.615,11.206,5576
  225,2626.176,11.561,5576
  226,2637.886,11.710,5576
  227,2648.562,10.676,5576
  228,2660.343,11.781,5576
  229,2671.708,11.365,5576
  230,2683.117,11.409,5576
  231,2694.356,11.239,5576
  232,2707.036,12.680,5576
  233,2718.288,11.252,5576
  234,2729.564,11.276,5576
  235,2740.529,10.965,5576
  236,2752.093,11.564,5576
  237,2762.310,10.217,5576
  238,2774.178,11.868,5576
  239,2785.179,11.001,5576
  240,2797.183,12.004,5576
  241,2807.865,10.682,5576
  242,2819.330,11.465,5576
  243,2830.687,11.357,5576
  244,2842.510,11.823,5576
  245,2853.104,10.594,5576
  246,2865.361,12.257,5576
  247,2876.385,11.024,5576
  248,2887.305,10.920,5576
  249,2898.779,11.474,5576
  250,2910.075,11.296,5576
  251,2922.005,11.930,5576
  252,2932.837,10.832,5576
  253,2945.329,12.492,5576
  254,2955.505,10.176,5576
  255,2967.231,11.726,5576
  256,2978.720,11.489,5576
  257,2989.739,11.019,5576
  258,3001.392,11.653,5576
  259,3012.495,11.103,5576
  260,3023.912,11.417,5576
  261,3034.875,10.963,5576
  262,3047.788,12.913,5576
  263,3058.233,10.445,5576
  264,3069.672,11.439,5576
  265,3081.267,11.595,5576
  266,3092.285,11.018,5576
  267,3103.220,10.935,5576
  268,3116.045,12.825,5576
  269,3125.523, 9.478,5576
  270,3137.414,11.891,5576
  271,3149.294,11.880,5576
  272,3160.673,11.379,5576
  273,3172.025,11.352,5576
  274,3184.110,12.085,5576
  275,3194.579,10.469,5576
  276,3206.249,11.670,5576
  277,3218.516,12.267,5576
  278,3229.105,10.589,5576
  279,3239.918,10.813,5576
  280,3251.497,11.579,5576
  281,3262.422,10.925,5576
  282,3274.013,11.591,5576
  283,3286.380,12.367,5576
  284,3297.289,10.909,5576
  285,3307.909,10.620,5576
  286,3319.506,11.597,5576
  287,3330.327,10.821,5576
  288,3342.019,11.692,5576
  289,3352.898,10.879,5576
  290,3364.694,11.796,5576
  291,3376.083,11.389,5576
  292,3386.675,10.592,5576
  293,3398.153,11.478,5576
  294,3410.150,11.997,5576
  295,3420.756,10.606,5576
  296,3432.557,11.801,5576
  297,3444.018,11.461,5576
  298,3455.703,11.685,5576
  299,3466.555,10.852,5576
  300,3476.671,10.116,5576
  301,3488.090,11.419,5576
  302,3498.942,10.852,5576
  303,3510.262,11.320,5576
  304,3522.224,11.962,5576
  305,3532.647,10.423,5576
  306,3543.928,11.281,5576
  307,3556.264,12.336,5576
  308,3567.288,11.024,5576
  309,3577.717,10.429,5576
  310,3589.334,11.617,5576
  311,3600.434,11.100,5576
  312,3612.403,11.969,5576
  313,3622.975,10.572,5576
  314,3634.181,11.206,5576
  315,3645.676,11.495,5576
  316,3656.369,10.693,5576
  317,3668.233,11.864,5576
  318,3680.363,12.130,5576
  319,3689.860, 9.497,5576
  320,3701.693,11.833,5576
  321,3712.167,10.474,5576
  322,3723.530,11.363,5576
  323,3735.371,11.841,5576
  324,3745.625,10.254,5576
  325,3757.734,12.109,5576
  326,3767.846,10.112,5576
  327,3779.472,11.626,5576
  328,3790.302,10.830,5576
  329,3800.759,10.457,5576
  330,3813.131,12.372,5576
  331,3824.654,11.523,5576
  332,3834.567, 9.913,5576
  333,3847.379,12.812,5576
  334,3856.155, 8.776,5576
  335,3867.474,11.319,5576
  336,3879.381,11.907,5576
  337,3890.149,10.768,5576
  338,3902.232,12.083,5576
  339,3911.576, 9.344,5576
  340,3922.936,11.360,5576
  341,3933.974,11.038,5576
  342,3944.461,10.487,5576
  343,3955.504,11.043,5576
  344,3966.635,11.131,5576
  345,3977.818,11.183,5576
  346,3989.478,11.660,5576
  347,3999.053, 9.575,5576
  348,4009.849,10.796,5576
  349,4021.282,11.433,5576
  350,4032.993,11.711,5576
  351,4042.986, 9.993,5576
  352,4054.244,11.258,5576
  353,4064.887,10.643,5576
  354,4075.832,10.945,5576
  355,4087.175,11.343,5576
  356,4098.080,10.905,5576
  357,4109.168,11.088,5576
  358,4119.513,10.345,5576
  359,4130.384,10.871,5576
  360,4141.866,11.482,5576
  361,4153.677,11.811,5576
  362,4164.972,11.295,5576
  363,4174.189, 9.217,5576
  364,4185.471,11.282,5576
  365,4196.383,10.912,5576
  366,4207.769,11.386,5576
  367,4218.163,10.394,5576
  368,4230.051,11.888,5576
  369,4240.003, 9.952,5576
  370,4250.947,10.944,5576
  371,4262.656,11.709,5576
  372,4272.792,10.136,5576
  373,4284.128,11.336,5576
  374,4294.244,10.116,5576
  375,4304.977,10.733,5576
  376,4316.471,11.494,5576
  377,4326.996,10.525,5576
  378,4338.193,11.197,5576
  379,4348.276,10.083,5576
  380,4359.555,11.279,5576
  381,4370.004,10.449,5576
  382,4382.907,12.903,5576
  383,4392.233, 9.326,5576
  384,4403.423,11.190,5576
  385,4415.226,11.803,5576
  386,4425.633,10.407,5576
  387,4436.669,11.036,5576
  388,4448.348,11.679,5576
  389,4458.820,10.472,5576
  390,4471.034,12.214,5576
  391,4480.980, 9.946,5576
  392,4492.132,11.152,5576
  393,4502.537,10.405,5576
  394,4513.450,10.913,5576
  395,4524.287,10.837,5576
  396,4535.266,10.979,5576
  397,4545.969,10.703,5576
  398,4557.565,11.596,5576
  399,4567.574,10.009,5576
  400,4579.414,11.840,5576
  401,4589.261, 9.847,5576
  402,4600.760,11.499,5576
  403,4611.689,10.929,5576
  404,4622.719,11.030,5576
  405,4634.385,11.666,5576
  406,4644.850,10.465,5576
  407,4655.722,10.872,5576
  408,4666.670,10.948,5576
  409,4677.012,10.342,5576
  410,4689.037,12.025,5576
  411,4699.313,10.276,5576
  412,4710.235,10.922,5576
  413,4721.355,11.120,5576
  414,4732.229,10.874,5576
  415,4742.633,10.404,5576
  416,4754.263,11.630,5576
  417,4764.424,10.161,5576
  418,4775.506,11.082,5576
  419,4785.865,10.359,5576
  420,4797.342,11.477,5576
  421,4809.073,11.731,5576
  422,4818.353, 9.280,5576
  423,4828.574,10.221,5576
  424,4840.558,11.984,5576
  425,4850.419, 9.861,5576
  426,4861.604,11.185,5576
  427,4872.766,11.162,5576
  428,4882.886,10.120,5576
  429,4894.415,11.529,5576
  430,4905.251,10.836,5576
  431,4918.382,13.131,5576
  432,4927.963, 9.581,5576
  433,4937.961, 9.998,5576
  434,4948.003,10.042,5576
  435,4959.406,11.403,5576
  436,4969.551,10.145,5576
  437,4980.148,10.597,5576
  438,4990.420,10.272,5576
  439,5001.507,11.087,5576
  440,5012.381,10.874,5576
  441,5023.007,10.626,5576
  442,5034.409,11.402,5576
  443,5044.560,10.151,5576
  444,5055.550,10.990,5576
  445,5066.957,11.407,5576
  446,5077.790,10.833,5576
  447,5087.813,10.023,5576
  448,5098.440,10.627,5576
  449,5109.118,10.678,5576
  450,5120.074,10.956,5576
  451,5131.648,11.574,5576
  452,5142.472,10.824,5576
  453,5152.610,10.138,5576
  454,5163.195,10.585,5576
  455,5173.992,10.797,5576
  456,5184.356,10.364,5576
  457,5195.487,11.131,5576
  458,5206.258,10.771,5576
  459,5217.435,11.177,5576
  460,5228.105,10.670,5576
  461,5238.342,10.237,5576
  462,5249.667,11.325,5576
  463,5259.792,10.125,5576
  464,5270.624,10.832,5576
  465,5281.732,11.108,5576
  466,5292.782,11.050,5576
  467,5303.328,10.546,5576
  468,5314.566,11.238,5576
  469,5324.676,10.110,5576
  470,5335.502,10.826,5576
  471,5346.321,10.819,5576
  472,5357.082,10.761,5576
  473,5367.532,10.450,5576
  474,5378.999,11.467,5576
  475,5389.416,10.417,5576
  476,5401.159,11.743,5576
  477,5412.109,10.950,5576
  478,5422.516,10.407,5576
  479,5433.235,10.719,5576
  480,5443.207, 9.972,5576
  481,5454.786,11.579,5576
  482,5465.464,10.678,5576
  483,5476.901,11.437,5576
  484,5486.660, 9.759,5576
  485,5497.054,10.394,5576
  486,5507.986,10.932,5576
  487,5519.189,11.203,5576
  488,5530.024,10.835,5576
  489,5540.098,10.074,5576
  490,5550.821,10.723,5576
  491,5562.140,11.319,5576
  492,5572.314,10.174,5576
  493,5583.673,11.359,5576
  494,5593.977,10.304,5576
  495,5604.363,10.386,5576
  496,5615.256,10.893,5576
  497,5626.262,11.006,5576
  498,5637.439,11.177,5576
  499,5647.649,10.210,5576
  500,5658.411,10.762,5576
  501,5668.953,10.542,5576
  502,5680.535,11.582,5576
  503,5692.914,12.379,5576
  504,5702.761, 9.847,5576
  505,5712.514, 9.753,5576
  506,5722.888,10.374,5576
  507,5733.631,10.743,5576
  508,5744.388,10.757,5576
  509,5754.583,10.195,5576
  510,5765.452,10.869,5576
  511,5775.870,10.418,5576
  512,5787.222,11.352,5576
  513,5797.343,10.121,5576
  514,5808.384,11.041,5576
  515,5818.625,10.240,5576
  516,5829.519,10.895,5576
  517,5840.012,10.493,5576
  518,5850.642,10.630,5576
  519,5861.308,10.666,5576
  520,5871.772,10.464,5576
  521,5882.413,10.641,5576
  522,5893.246,10.833,5576
  523,5904.123,10.877,5576
  524,5914.500,10.377,5576
  525,5924.897,10.397,5576
  526,5935.973,11.076,5576
  527,5946.439,10.466,5576
  528,5957.767,11.328,5576
  529,5967.969,10.202,5576
  530,5979.113,11.144,5576
  531,5989.567,10.454,5576
  532,5999.431, 9.864,5576
  533,6009.751,10.320,5576
  534,6020.819,11.068,5576
  535,6030.651, 9.832,5576
  536,6041.783,11.132,5576
  537,6052.153,10.370,5576
  538,6063.387,11.234,5576
  539,6073.921,10.534,5576
  540,6083.946,10.025,5576
  541,6095.492,11.546,5576
  542,6105.219, 9.727,5576
  543,6116.047,10.828,5576
  544,6127.008,10.961,5576
  545,6136.738, 9.730,5576
  546,6147.496,10.758,5576
  547,6157.607,10.111,5576
  548,6168.192,10.585,5576
  549,6178.500,10.308,5576
  550,6190.167,11.667,5576
  551,6200.126, 9.959,5576
  552,6210.933,10.807,5576
  553,6221.173,10.240,5576
  554,6232.116,10.943,5576
  555,6242.431,10.315,5576
  556,6253.407,10.976,5576
  557,6263.763,10.356,5576
  558,6275.854,12.090,5576
  559,6286.066,10.213,5576
  560,6296.678,10.612,5576
  561,6305.814, 9.136,5576
  562,6316.464,10.650,5576
  563,6326.959,10.495,5576
  564,6338.410,11.451,5576
  565,6348.367, 9.957,5576
  566,6358.999,10.631,5576
  567,6369.468,10.470,5576
  568,6379.287, 9.819,5576
  569,6390.372,11.085,5576
  570,6401.082,10.709,5576
  571,6412.179,11.098,5576
  572,6422.166, 9.986,5576
  573,6432.537,10.372,5576
  574,6443.614,11.077,5576
  575,6453.417, 9.802,5576
  576,6465.020,11.603,5576
  577,6474.609, 9.590,5576
  578,6485.361,10.752,5576
  579,6495.459,10.098,5576
  580,6506.105,10.646,5576
  581,6517.092,10.987,5576
  582,6527.756,10.664,5576
  583,6537.480, 9.724,5576
  584,6547.947,10.467,5576
  585,6558.821,10.874,5576
  586,6568.780, 9.959,5576
  587,6579.247,10.467,5576
  588,6590.305,11.058,5576
  589,6601.125,10.819,5576
  590,6611.503,10.379,5576
  591,6621.895,10.391,5576
  592,6632.552,10.658,5576
  593,6642.908,10.356,5576
  594,6653.240,10.332,5576
  595,6664.483,11.243,5576
  596,6674.303, 9.820,5576
  597,6684.638,10.335,5576
  598,6695.304,10.666,5576
  599,6705.288, 9.984,5576
  600,6716.490,11.202,5576
  601,6726.154, 9.664,5576
  602,6736.743,10.589,5576
  603,6747.173,10.430,5576
  604,6758.178,11.005,5576
  605,6768.764,10.586,5576
  606,6778.529, 9.765,5576
  607,6789.697,11.168,5576
  608,6800.142,10.445,5576
  609,6810.255,10.113,5576
  610,6820.949,10.694,5576
  611,6831.344,10.395,5576
  612,6842.322,10.978,5576
  613,6853.067,10.745,5576
  614,6863.088,10.021,5576
  615,6873.501,10.413,5576
  616,6884.035,10.534,5576
  617,6894.563,10.527,5576
  618,6904.921,10.359,5576
  619,6915.363,10.442,5576
  620,6926.391,11.028,5576
  621,6936.676,10.285,5576
  622,6947.005,10.329,5576
  623,6958.261,11.256,5576
  624,6969.482,11.221,5576
  625,6978.353, 8.870,5576
  626,6988.721,10.369,5576
  627,6999.398,10.677,5576
  628,7009.481,10.083,5576
  629,7021.071,11.590,5576
  630,7030.466, 9.395,5576
  631,7041.188,10.721,5576
  632,7052.856,11.669,5576
  633,7061.764, 8.908,5576
  634,7074.202,12.438,5576
  635,7082.770, 8.567,5576
  636,7093.263,10.494,5576
  637,7103.811,10.547,5576
  638,7114.049,10.239,5576
  639,7124.298,10.249,5576
  640,7135.303,11.005,5576
  641,7145.338,10.035,5576
  642,7156.083,10.745,5576
  643,7167.412,11.329,5576
  644,7177.055, 9.643,5576
  645,7187.985,10.930,5576
  646,7198.284,10.299,5576
  647,7208.521,10.237,5576
  648,7219.426,10.905,5576
  649,7229.755,10.329,5576
  650,7239.859,10.104,5576
  651,7250.450,10.591,5576
  652,7261.562,11.111,5576
  653,7271.897,10.336,5576
  654,7282.075,10.178,5576
  655,7292.956,10.880,5576
  656,7303.171,10.216,5576
  657,7313.238,10.067,5576
  658,7324.173,10.935,5576
  659,7334.825,10.652,5576
  660,7344.737, 9.912,5576
  661,7355.084,10.347,5576
  662,7367.080,11.995,5576
  663,7376.314, 9.235,5576
  664,7388.044,11.730,5576
  665,7398.717,10.673,5576
  666,7408.541, 9.823,5576
  667,7419.751,11.211,5576
  668,7430.212,10.461,5576
  669,7440.578,10.366,5576
  670,7450.218, 9.640,5576
  671,7461.925,11.707,5576
  672,7471.536, 9.611,5576
  673,7482.887,11.351,5576
  674,7493.038,10.150,5576
  675,7502.572, 9.535,5576
  676,7513.221,10.649,5576
  677,7523.917,10.695,5576
  678,7535.226,11.309,5576
  679,7544.313, 9.088,5576
  680,7555.581,11.267,5576
  681,7566.257,10.677,5576
  682,7576.227, 9.969,5576
  683,7588.005,11.779,5576
  684,7598.211,10.206,5576
  685,7607.518, 9.306,5576
  686,7618.580,11.062,5576
  687,7630.614,12.035,5576
  688,7640.686,10.071,5576
  689,7649.916, 9.230,5576
  690,7660.209,10.294,5576
  691,7671.131,10.922,5576
  692,7681.307,10.176,5576
  693,7690.919, 9.612,5576
  694,7701.710,10.791,5576
  695,7712.669,10.959,5576
  696,7723.290,10.620,5576
  697,7733.056, 9.767,5576
  698,7744.049,10.993,5576
  699,7754.221,10.172,5576
  700,7764.207, 9.985,5576
  701,7774.336,10.130,5576
  702,7784.959,10.623,5576
  703,7795.553,10.594,5576
  704,7806.238,10.685,5576
  705,7816.020, 9.781,5576
  706,7826.506,10.487,5576
  707,7837.223,10.717,5576
  708,7846.763, 9.540,5576
  709,7857.438,10.674,5576
  710,7868.195,10.758,5576
  711,7879.003,10.808,5576
  712,7889.575,10.572,5576
  713,7899.354, 9.778,5576
  714,7909.723,10.370,5576
  715,7920.399,10.676,5576
  716,7930.884,10.485,5576
  717,7940.874, 9.989,5576
  718,7951.146,10.272,5576
  719,7962.378,11.233,5576
  720,7972.396,10.018,5576
  721,7982.567,10.171,5576
  722,7993.223,10.656,5576
  723,8003.508,10.285,5576
  724,8013.950,10.442,5576
  725,8024.044,10.094,5576
  726,8034.686,10.641,5576
  727,8045.560,10.874,5576
  728,8056.423,10.864,5576
  729,8065.715, 9.292,5576
  730,8077.136,11.421,5576
  731,8086.553, 9.417,5576
  732,8097.149,10.596,5576
  733,8107.721,10.572,5576
  734,8117.683, 9.961,5576
  735,8128.725,11.042,5576
  736,8139.736,11.012,5576
  737,8150.326,10.590,5576
  738,8160.168, 9.842,5576
  739,8169.693, 9.525,5576
  740,8180.595,10.902,5576
  741,8191.275,10.680,5576
  742,8202.229,10.953,5576
  743,8212.425,10.196,5576
  744,8222.281, 9.857,5576
  745,8232.965,10.683,5576
  746,8243.533,10.569,5576
  747,8252.780, 9.247,5576
  748,8264.288,11.508,5576
  749,8274.043, 9.755,5576
  750,8284.493,10.450,5576
  751,8294.473, 9.979,5576
  752,8306.000,11.528,5576
  753,8315.511, 9.510,5576
  754,8326.231,10.721,5576
  755,8335.700, 9.469,5576
  756,8346.396,10.695,5576
  757,8356.214, 9.818,5576
  758,8366.678,10.464,5576
  759,8377.215,10.537,5576
  760,8387.551,10.336,5576
  761,8397.496, 9.946,5576
  762,8409.055,11.558,5576
  763,8418.832, 9.778,5576
  764,8429.479,10.647,5576
  765,8440.289,10.810,5576
  766,8449.771, 9.482,5576
  767,8461.517,11.745,5576
  768,8471.146, 9.630,5576
  769,8480.646, 9.500,5576
  770,8492.680,12.033,5576
  771,8502.240, 9.561,5576
  772,8512.919,10.679,5576
  773,8521.644, 8.724,5576
  774,8532.482,10.839,5576
  775,8542.435, 9.952,5576
  776,8553.288,10.854,5576
  777,8563.375,10.087,5576
  778,8573.834,10.459,5576
  779,8584.247,10.413,5576
  780,8594.786,10.539,5576
  781,8604.700, 9.914,5576
  782,8614.854,10.154,5576
  783,8624.829, 9.975,5576
  784,8636.730,11.901,5576
  785,8646.824,10.094,5576
  786,8656.535, 9.711,5576
  787,8667.330,10.795,5576
  788,8678.121,10.791,5576
  789,8688.009, 9.887,5576
  790,8698.918,10.910,5576
  791,8708.469, 9.550,5576
  792,8719.728,11.259,5576
  793,8729.196, 9.469,5576
  794,8740.622,11.426,5576
  795,8750.450, 9.828,5576
  796,8761.255,10.804,5576
  797,8770.330, 9.076,5576
  798,8780.774,10.444,5576
  799,8790.950,10.176,5576
  800,8802.316,11.366,5576
  801,8812.257, 9.940,5576
  802,8822.206, 9.950,5576
  803,8832.682,10.475,5576
  804,8842.557, 9.875,5576
  805,8853.273,10.717,5576
  806,8863.531,10.258,5576
  807,8874.024,10.493,5576
  808,8885.075,11.051,5576
  809,8894.774, 9.699,5576
  810,8906.607,11.833,5576
  811,8915.282, 8.675,5576
  812,8926.008,10.725,5576
  813,8935.925, 9.917,5576
  814,8947.948,12.024,5576
  815,8956.705, 8.757,5576
  816,8967.105,10.400,5576
  817,8977.893,10.787,5576
  818,8988.401,10.509,5576
  819,8998.662,10.261,5576
  820,9008.488, 9.826,5576
  821,9019.091,10.602,5576
  822,9029.442,10.352,5576
  823,9039.780,10.338,5576
  824,9049.655, 9.875,5576
  825,9059.905,10.250,5576
  826,9071.192,11.287,5576
  827,9080.523, 9.331,5576
  828,9091.813,11.290,5576
  829,9101.874,10.061,5576
  830,9111.939,10.065,5576
  831,9121.875, 9.936,5576
  832,9132.559,10.683,5576
  833,9142.777,10.219,5576
  834,9152.907,10.130,5576
  835,9164.097,11.189,5576
  836,9173.911, 9.815,5576
  837,9184.494,10.583,5576
  838,9195.558,11.063,5576
  839,9204.818, 9.261,5576
  840,9215.981,11.163,5576
  841,9225.788, 9.807,5576
  842,9236.145,10.356,5576
  843,9246.318,10.174,5576
  844,9256.225, 9.906,5576
  845,9266.146, 9.922,5576
  846,9277.755,11.608,5576
  847,9287.527, 9.773,5576
  848,9297.966,10.438,5576
  849,9308.071,10.106,5576
  850,9317.724, 9.652,5576
  851,9328.937,11.213,5576
  852,9338.651, 9.715,5576
  853,9349.226,10.574,5576
  854,9360.074,10.849,5576
  855,9369.830, 9.756,5576
  856,9380.715,10.884,5576
  857,9391.345,10.630,5576
  858,9401.849,10.504,5576
  859,9410.204, 8.356,5576
  860,9421.479,11.274,5576
  861,9432.064,10.586,5576
  862,9442.022, 9.958,5576
  863,9452.470,10.447,5576
  864,9463.567,11.098,5576
  865,9473.903,10.336,5576
  866,9483.438, 9.535,5576
  867,9493.171, 9.732,5576
  868,9504.046,10.875,5576
  869,9515.392,11.346,5576
  870,9524.458, 9.067,5576
  871,9534.549,10.090,5576
  872,9544.656,10.108,5576
  873,9555.613,10.957,5576
  874,9565.801,10.187,5576
  875,9575.652, 9.852,5576
  876,9586.897,11.245,5576
  877,9596.401, 9.504,5576
  878,9607.501,11.100,5576
  879,9617.406, 9.905,5576
  880,9628.396,10.989,5576
  881,9638.653,10.258,5576
  882,9649.055,10.401,5576
  883,9658.546, 9.491,5576
  884,9669.098,10.552,5576
  885,9679.060, 9.962,5576
  886,9689.466,10.406,5576
  887,9699.744,10.279,5576
  888,9710.889,11.144,5576
  889,9720.257, 9.368,5576
  890,9731.807,11.550,5576
  891,9741.566, 9.760,5576
  892,9752.291,10.725,5576
  893,9762.376,10.085,5576
  894,9772.269, 9.892,5576
  895,9782.919,10.650,5576
  896,9792.926,10.007,5576
  897,9802.726, 9.800,5576
  898,9813.382,10.656,5576
  899,9823.941,10.560,5576
  900,9834.781,10.840,5576
  901,9844.799,10.017,5576
  902,9855.455,10.657,5576
  903,9864.944, 9.489,5576
  904,9875.511,10.566,5576
  905,9886.278,10.768,5576
  906,9896.235, 9.957,5576
  907,9906.146, 9.911,5576
  908,9917.139,10.992,5576
  909,9927.571,10.433,5576
  910,9937.490, 9.919,5576
  911,9947.643,10.152,5576
  912,9959.121,11.479,5576
  913,9968.785, 9.664,5576
  914,9979.089,10.303,5576
  915,9990.361,11.273,5576
  916,9999.889, 9.527,5576
  917,10010.693,10.805,5576
  918,10021.077,10.384,5576
  919,10031.229,10.152,5576
  920,10042.438,11.209,5576
  921,10052.560,10.121,5576
  922,10062.521, 9.962,5576
  923,10073.294,10.772,5576
  924,10084.190,10.897,5576
  925,10093.473, 9.282,5576
  926,10104.098,10.625,5576
  927,10114.857,10.760,5576
  928,10125.436,10.578,5576
  929,10135.699,10.264,5576
  930,10145.932,10.232,5576
  931,10156.443,10.512,5576
  932,10166.985,10.542,5576
  933,10177.272,10.287,5576
  934,10188.105,10.833,5576
  935,10197.342, 9.236,5576
  936,10208.598,11.256,5576
  937,10218.655,10.058,5576
  938,10229.560,10.904,5576
  939,10240.300,10.740,5576
  940,10250.162, 9.863,5576
  941,10260.800,10.637,5576
  942,10271.357,10.558,5576
  943,10282.383,11.025,5576
  944,10292.282, 9.900,5576
  945,10304.066,11.784,5576
  946,10313.753, 9.686,5576
  947,10323.887,10.134,5576
  948,10334.121,10.235,5576
  949,10345.272,11.151,5576
  950,10356.271,10.999,5576
  951,10366.225, 9.953,5576
  952,10376.594,10.369,5576
  953,10386.887,10.293,5576
  954,10398.173,11.286,5576
  955,10408.013, 9.840,5576
  956,10419.499,11.487,5576
  957,10429.395, 9.895,5576
  958,10440.026,10.632,5576
  959,10451.138,11.111,5576
  960,10461.262,10.124,5576
  961,10472.023,10.762,5576
  962,10482.419,10.395,5576
  963,10492.430,10.011,5576
  964,10502.707,10.278,5576
  965,10513.601,10.893,5576
  966,10524.905,11.305,5576
  967,10535.703,10.798,5576
  968,10546.013,10.309,5576
  969,10555.674, 9.661,5576
  970,10568.117,12.444,5576
  971,10577.816, 9.699,5576
  972,10588.104,10.287,5576
  973,10598.529,10.426,5576
  974,10609.283,10.754,5576
  975,10618.939, 9.656,5576
  976,10629.434,10.494,5576
  977,10640.527,11.094,5576
  978,10650.923,10.395,5576
  979,10662.229,11.306,5576
  980,10672.795,10.566,5576
  981,10682.701, 9.907,5576
  982,10693.485,10.784,5576
  983,10704.603,11.117,5576
  984,10715.054,10.451,5576
  985,10725.334,10.280,5576
  986,10735.854,10.521,5576
  987,10746.033,10.179,5576
  988,10756.561,10.527,5576
  989,10767.688,11.127,5576
  990,10778.246,10.559,5576
  991,10788.604,10.358,5576
  992,10798.902,10.298,5576
  993,10810.427,11.524,5576
  994,10820.196, 9.770,5576
  995,10830.896,10.699,5576
  996,10842.788,11.893,5576
  997,10854.057,11.268,5576
  998,10863.305, 9.248,5576
  999,10874.309,11.004,5576
 1000,10883.967, 9.658,5576
 1001,10894.670,10.703,5576
 1002,10905.303,10.633,5576
 1003,10915.524,10.222,5576
 1004,10926.134,10.609,5576
 1005,10936.906,10.773,5576
 1006,10947.367,10.461,5576
 1007,10957.777,10.410,5576
 1008,10969.257,11.479,5576
 1009,10979.154, 9.898,5576
 1010,10989.616,10.462,5576
 1011,11000.147,10.531,5576
 1012,11010.432,10.284,5576
 1013,11021.271,10.839,5576
 1014,11032.844,11.573,5576
 1015,11042.418, 9.574,5576
 1016,11053.189,10.772,5576
 1017,11064.328,11.139,5576
 1018,11074.808,10.479,5576
 1019,11085.353,10.545,5576
 1020,11095.900,10.548,5576
 1021,11106.398,10.498,5576
 1022,11116.723,10.324,5576
 1023,11128.295,11.572,5576
 1024,11138.640,10.345,5576
 1025,11148.632, 9.992,5576
 1026,11159.646,11.014,5576
 1027,11170.979,11.334,5576
 1028,11180.561, 9.581,5576
 1029,11191.573,11.013,5576
 1030,11201.882,10.308,5576
 1031,11212.937,11.055,5576
 1032,11223.130,10.193,5576
 1033,11233.484,10.355,5576
 1034,11244.641,11.156,5576
 1035,11254.877,10.236,5576
 1036,11264.983,10.107,5576
 1037,11275.817,10.834,5576
 1038,11287.550,11.732,5576
 1039,11298.240,10.691,5576
 1040,11308.538,10.298,5576
 1041,11318.737,10.199,5576
 1042,11329.036,10.299,5576
 1043,11340.274,11.238,5576
 1044,11351.353,11.078,5576
 1045,11362.363,11.011,5576
 1046,11371.846, 9.482,5576
 1047,11382.116,10.271,5576
 1048,11393.384,11.267,5576
 1049,11403.421,10.037,5576
 1050,11414.571,11.151,5576
 1051,11424.399, 9.828,5576
 1052,11435.511,11.111,5576
 1053,11445.605,10.095,5576
 1054,11456.599,10.993,5576
 1055,11467.982,11.384,5576
 1056,11478.229,10.246,5576
 1057,11487.477, 9.248,5576
 1058,11499.190,11.714,5576
 1059,11509.985,10.795,5576
 1060,11521.239,11.254,5576
 1061,11532.341,11.101,5576
 1062,11541.827, 9.487,5576
 1063,11552.238,10.411,5576
 1064,11562.864,10.626,5576
 1065,11573.802,10.937,5576
 1066,11583.291, 9.489,5576
 1067,11594.120,10.830,5576
 1068,11605.189,11.069,5576
 1069,11615.911,10.722,5576
 1070,11626.290,10.378,5576
 1071,11636.924,10.634,5576
 1072,11647.227,10.303,5576
 1073,11658.431,11.204,5576
 1074,11669.221,10.790,5576
 1075,11679.807,10.586,5576
 1076,11690.166,10.359,5576
 1077,11701.615,11.450,5576
 1078,11711.379, 9.763,5576
 1079,11722.399,11.021,5576
 1080,11732.634,10.234,5576
 1081,11743.843,11.209,5576
 1082,11755.099,11.256,5576
 1083,11764.729, 9.630,5576
 1084,11774.911,10.183,5576
 1085,11785.946,11.035,5576
 1086,11797.033,11.087,5576
 1087,11807.084,10.050,5576
 1088,11817.488,10.405,5576
 1089,11828.655,11.167,5576
 1090,11839.565,10.910,5576
 1091,11850.980,11.415,5576
 1092,11861.175,10.194,5576
 1093,11871.405,10.231,5576
 1094,11882.241,10.836,5576
 1095,11892.803,10.561,5576
 1096,11904.810,12.007,5576
 1097,11914.268, 9.458,5576
 1098,11924.546,10.278,5576
 1099,11935.283,10.738,5576
 1100,11946.817,11.534,5576
 1101,11956.920,10.102,5576
 1102,11967.927,11.007,5576
 1103,11977.655, 9.729,5576
 1104,11988.364,10.709,5576
 1105,11999.257,10.892,5576
 1106,12009.854,10.598,5576
 1107,12020.082,10.227,5576
 1108,12031.475,11.393,5576
 1109,12042.835,11.360,5576
 1110,12053.942,11.108,5576
 1111,12064.008,10.065,5576
 1112,12074.282,10.275,5576
 1113,12085.244,10.962,5576
 1114,12096.730,11.486,5576
 1115,12107.378,10.647,5576
 1116,12117.620,10.243,5576
 1117,12128.550,10.929,5576
 1118,12139.121,10.572,5576
 1119,12150.144,11.022,5576
 1120,12161.182,11.038,5576
 1121,12172.088,10.906,5576
 1122,12182.427,10.339,5576
 1123,12193.479,11.052,5576
 1124,12203.652,10.174,5576
 1125,12215.111,11.459,5576
 1126,12225.304,10.192,5576
 1127,12235.749,10.445,5576
 1128,12248.097,12.348,5576
 1129,12258.072, 9.976,5576
 1130,12269.039,10.966,5576
 1131,12279.451,10.413,5576
 1132,12291.057,11.605,5576
 1133,12301.292,10.235,5576
 1134,12312.831,11.539,5576
 1135,12323.512,10.681,5576
 1136,12334.092,10.580,5576
 1137,12344.759,10.667,5576
 1138,12356.047,11.288,5576
 1139,12366.463,10.416,5576
 1140,12377.688,11.226,5576
 1141,12389.570,11.882,5576
 1142,12400.885,11.314,5576
 1143,12410.495, 9.611,5576
 1144,12422.379,11.883,5576
 1145,12432.430,10.051,5576
 1146,12443.680,11.250,5576
 1147,12454.087,10.407,5576
 1148,12464.971,10.884,5576
 1149,12476.394,11.423,5576
 1150,12488.071,11.678,5576
 1151,12498.998,10.926,5576
 1152,12509.441,10.444,5576
 1153,12519.301, 9.859,5576
 1154,12531.408,12.108,5576
 1155,12542.156,10.748,5576
 1156,12555.753,13.596,5576
 1157,12565.515, 9.762,5576
 1158,12575.761,10.246,5576
 1159,12585.219, 9.458,5576
 1160,12596.558,11.339,5576
 1161,12608.063,11.506,5576
 1162,12618.307,10.243,5576
 1163,12628.847,10.540,5576
 1164,12640.137,11.290,5576
 1165,12651.860,11.724,5576
 1166,12663.097,11.236,5576
 1167,12672.806, 9.709,5576
 1168,12683.266,10.460,5576
 1169,12694.288,11.022,5576
 1170,12705.409,11.122,5576
 1171,12715.252, 9.842,5576
 1172,12726.841,11.589,5576
 1173,12737.818,10.978,5576
 1174,12748.961,11.142,5576
 1175,12761.209,12.248,5576
 1176,12770.818, 9.610,5576
 1177,12782.102,11.283,5576
 1178,12793.504,11.402,5576
 1179,12804.244,10.741,5576
 1180,12814.961,10.716,5576
 1181,12826.602,11.641,5576
 1182,12836.883,10.281,5576
 1183,12848.622,11.739,5576
 1184,12859.255,10.633,5576
 1185,12870.784,11.530,5576
 1186,12881.574,10.790,5576
 1187,12891.860,10.286,5576
 1188,12902.833,10.972,5576
 1189,12914.683,11.850,5576
 1190,12925.721,11.038,5576
 1191,12936.248,10.527,5576
 1192,12947.004,10.756,5576
 1193,12957.799,10.795,5576
 1194,12970.129,12.330,5576
 1195,12979.768, 9.639,5576
 1196,12990.980,11.213,5576
 1197,13002.099,11.118,5576
 1198,13013.266,11.167,5576
 1199,13024.271,11.006,5576
 1200,13035.838,11.566,5576
 1201,13046.587,10.749,5576
 1202,13058.058,11.471,5576
 1203,13069.277,11.220,5576
 1204,13080.033,10.756,5576
 1205,13091.102,11.068,5576
 1206,13102.391,11.289,5576
 1207,13112.823,10.433,5576
 1208,13123.961,11.137,5576
 1209,13134.593,10.632,5576
 1210,13146.133,11.540,5576
 1211,13157.034,10.902,5576
 1212,13168.581,11.546,5576
 1213,13179.146,10.566,5576
 1214,13190.261,11.114,5576
 1215,13201.066,10.806,5576
 1216,13214.076,13.010,5576
 1217,13223.757, 9.680,5576
 1218,13235.065,11.309,5576
 1219,13245.980,10.915,5576
 1220,13258.386,12.405,5576
 1221,13272.364,13.979,5576
 1222,13282.679,10.314,5576
 1223,13292.223, 9.544,5576
 1224,13302.935,10.712,5576
 1225,13312.451, 9.517,5576
 1226,13322.547,10.095,5576
 1227,13333.756,11.209,5576
 1228,13345.396,11.641,5576
 1229,13356.901,11.505,5576
 1230,13368.089,11.187,5576
 1231,13378.205,10.116,5576
 1232,13389.801,11.596,5576
 1233,13400.590,10.789,5576
 1234,13412.802,12.212,5576
 1235,13422.688, 9.887,5576
 1236,13434.665,11.976,5576
 1237,13445.080,10.415,5576
 1238,13456.154,11.075,5576
 1239,13468.420,12.265,5576
 1240,13479.605,11.186,5576
 1241,13490.367,10.762,5576
 1242,13501.271,10.904,5576
 1243,13512.421,11.149,5576
 1244,13524.141,11.720,5576
 1245,13536.054,11.913,5576
 1246,13548.842,12.788,5576
 1247,13559.430,10.588,5576
 1248,13570.089,10.659,5576
 1249,13580.600,10.511,5576
 1250,13590.698,10.099,5576
 1251,13601.940,11.242,5576
 1252,13612.815,10.875,5576
 1253,13624.066,11.251,5576
 1254,13635.355,11.289,5576
 1255,13646.370,11.014,5576
 1256,13657.593,11.223,5576
 1257,13669.110,11.518,5576
 1258,13679.931,10.820,5576
 1259,13691.397,11.467,5576
 1260,13703.339,11.941,5576
 1261,13714.115,10.777,5576
 1262,13725.380,11.264,5576
 1263,13736.361,10.982,5576
 1264,13747.977,11.615,5576
 1265,13759.066,11.090,5576
 1266,13770.532,11.466,5576
 1267,13782.476,11.943,5576
 1268,13794.048,11.572,5576
 1269,13804.921,10.873,5576
 1270,13815.980,11.060,5576
 1271,13826.159,10.179,5576
 1272,13838.365,12.206,5576
 1273,13850.105,11.740,5576
 1274,13862.492,12.387,5576
 1275,13874.403,11.911,5576
 1276,13885.550,11.146,5576
 1277,13897.127,11.577,5576
 1278,13908.847,11.720,5576
 1279,13927.085,18.238,5576
 1280,13944.652,17.568,5576
 1281,13958.249,13.596,5576
 1282,13970.999,12.750,5576
 1283,13981.817,10.819,5576
 1284,13992.140,10.322,5576
 1285,14002.969,10.829,5576
 1286,14013.563,10.594,5576
 1287,14024.000,10.437,5576
 1288,14034.259,10.259,5576
 1289,14044.017, 9.758,5576
 1290,14053.723, 9.706,5576
 1291,14064.999,11.276,5576
 1292,14076.119,11.120,5576
 1293,14087.896,11.777,5576
 1294,14098.669,10.773,5576
 1295,14109.961,11.292,5576
 1296,14121.594,11.633,5576
 1297,14132.656,11.063,5576
 1298,14144.515,11.858,5576
 1299,14155.519,11.004,5576
 1300,14166.831,11.312,5576
 1301,14178.607,11.777,5576
 1302,14189.239,10.632,5576
 1303,14200.877,11.637,5576
 1304,14212.105,11.229,5576
 1305,14223.244,11.138,5576
 1306,14235.268,12.024,5576
 1307,14245.876,10.608,5576
 1308,14257.607,11.732,5576
 1309,14268.780,11.173,5576
 1310,14280.046,11.265,5576
 1311,14290.827,10.781,5576
 1312,14303.048,12.221,5576
 1313,14314.789,11.741,5576
 1314,14326.251,11.462,5576
 1315,14337.252,11.001,5576
 1316,14347.850,10.598,5576
 1317,14359.142,11.292,5576
 1318,14370.989,11.848,5576
 1319,14382.494,11.504,5576
 1320,14394.717,12.223,5576
 1321,14407.482,12.766,5576
 1322,14419.934,12.451,5576
 1323,14431.328,11.394,5576
 1324,14442.968,11.640,5576
 1325,14455.097,12.129,5576
 1326,14467.005,11.908,5576
 1327,14479.470,12.465,5576
 1328,14491.351,11.881,5576
 1329,14504.796,13.445,5576
 1330,14515.366,10.571,5576
 1331,14526.012,10.645,5576
 1332,14538.824,12.813,5576
 1333,14549.220,10.395,5576
 1334,14560.873,11.653,5576
 1335,14571.263,10.390,5576
 1336,14582.425,11.162,5576
 1337,14592.451,10.026,5576
 1338,14604.760,12.309,5576
 1339,14616.404,11.645,5576
 1340,14626.623,10.218,5576
 1341,14638.316,11.694,5576
 1342,14649.204,10.887,5576
 1343,14659.290,10.086,5576
 1344,14670.258,10.968,5576
 1345,14680.771,10.513,5576
 1346,14692.046,11.275,5576
 1347,14702.517,10.471,5576
 1348,14712.886,10.369,5576
 1349,14723.005,10.119,5576
 1350,14734.029,11.025,5576
 1351,14744.259,10.229,5576
 1352,14756.181,11.922,5576
 1353,14767.516,11.335,5576
 1354,14778.884,11.368,5576
 1355,14790.521,11.637,5576
 1356,14801.879,11.358,5576
 1357,14813.489,11.611,5576
 1358,14823.890,10.400,5576
 1359,14835.459,11.569,5576
 1360,14846.504,11.045,5576
 1361,14857.348,10.844,5576
 1362,14870.247,12.899,5576
 1363,14881.368,11.121,5576
 1364,14893.681,12.313,5576
 1365,14903.986,10.306,5576
 1366,14915.384,11.397,5576
 1367,14927.319,11.936,5576
 1368,14938.650,11.331,5576
 1369,14950.619,11.968,5576
 1370,14962.371,11.752,5576
 1371,14972.727,10.356,5576
 1372,14983.240,10.514,5576
 1373,14993.301,10.060,5576
 1374,15005.148,11.848,5576
 1375,15016.072,10.924,5576
 1376,15027.551,11.478,5576
 1377,15039.087,11.536,5576
 1378,15050.354,11.267,5576
 1379,15061.352,10.998,5576
 1380,15072.336,10.984,5576
 1381,15084.234,11.899,5576
 1382,15095.688,11.453,5576
 1383,15106.706,11.018,5576
 1384,15118.179,11.473,5576
 1385,15129.329,11.150,5576
 1386,15141.535,12.206,5576
 1387,15151.875,10.340,5576
 1388,15163.548,11.673,5576
 1389,15174.864,11.317,5576
 1390,15185.834,10.969,5576
 1391,15197.182,11.348,5576
 1392,15208.559,11.377,5576
 1393,15219.497,10.938,5576
 1394,15230.646,11.149,5576
 1395,15241.870,11.224,5576
 1396,15252.363,10.494,5576
 1397,15264.031,11.668,5576
 1398,15275.530,11.499,5576
 1399,15286.062,10.531,5576
 1400,15298.218,12.156,5576
 1401,15309.705,11.487,5576
 1402,15320.222,10.517,5576
 1403,15331.622,11.400,5576
 1404,15343.174,11.552,5576
 1405,15354.154,10.981,5576
 1406,15365.302,11.147,5576
 1407,15377.813,12.511,5576
 1408,15389.647,11.835,5576
 1409,15400.260,10.612,5576
 1410,15412.151,11.892,5576
 1411,15424.768,12.616,5576
 1412,15436.114,11.347,5576
 1413,15445.905, 9.791,5576
 1414,15456.926,11.020,5576
 1415,15468.671,11.745,5576
 1416,15479.496,10.825,5576
 1417,15490.350,10.854,5576
 1418,15503.955,13.605,5576
 1419,15515.320,11.366,5576
 1420,15532.212,16.891,5576
 1421,15545.091,12.879,5576
 1422,15558.936,13.845,5576
 1423,15571.143,12.207,5576
 1424,15582.887,11.744,5576
 1425,15593.124,10.237,5576
 1426,15603.977,10.853,5576
 1427,15614.919,10.942,5576
 1428,15626.289,11.370,5576
 1429,15636.681,10.392,5576
 1430,15647.940,11.260,5576
 1431,15659.416,11.475,5576
 1432,15669.982,10.567,5576
 1433,15681.399,11.417,5576
 1434,15693.025,11.626,5576
 1435,15704.257,11.231,5576
 1436,15716.257,12.000,5576
 1437,15726.992,10.735,5576
 1438,15737.975,10.983,5576
 1439,15749.157,11.182,5576
 1440,15760.574,11.417,5576
 1441,15771.840,11.266,5576
 1442,15783.309,11.469,5576
 1443,15796.120,12.811,5576
 1444,15808.370,12.250,5576
 1445,15819.790,11.420,5576
 1446,15830.004,10.214,5576
 1447,15840.375,10.371,5576
 1448,15851.536,11.161,5576
 1449,15861.991,10.455,5576
 1450,15871.935, 9.944,5576
 1451,15883.059,11.124,5576
 1452,15895.508,12.449,5576
 1453,15905.569,10.062,5576
 1454,15916.343,10.773,5576
 1455,15927.301,10.958,5576
 1456,15939.365,12.064,5576
 1457,15949.764,10.399,5576
 1458,15960.277,10.514,5576
 1459,15970.453,10.175,5576
 1460,15980.285, 9.832,5576
 1461,15990.018, 9.733,5576
 1462,16001.343,11.325,5576
 1463,16012.014,10.671,5576
 1464,16022.292,10.278,5576
 1465,16033.039,10.747,5576
 1466,16044.527,11.489,5576
 1467,16055.796,11.268,5576
 1468,16066.826,11.030,5576
 1469,16078.715,11.889,5576
 1470,16090.258,11.543,5576
 1471,16100.787,10.529,5576
 1472,16111.521,10.734,5576
 1473,16122.984,11.464,5576
 1474,16133.933,10.948,5576
 1475,16145.066,11.134,5576
 1476,16156.861,11.795,5576
 1477,16167.719,10.857,5576
 1478,16179.046,11.327,5576
 1479,16189.634,10.588,5576
 1480,16201.860,12.227,5576
 1481,16212.834,10.973,5576
 1482,16224.035,11.201,5576
 1483,16235.788,11.753,5576
 1484,16247.235,11.448,5576
 1485,16258.116,10.880,5576
 1486,16269.187,11.071,5576
 1487,16279.912,10.725,5576
 1488,16292.716,12.804,5576
 1489,16304.062,11.346,5576
 1490,16314.551,10.489,5576
 1491,16325.495,10.944,5576
 1492,16338.316,12.822,5576
 1493,16348.977,10.660,5576
 1494,16359.657,10.680,5576
 1495,16370.178,10.521,5576
 1496,16381.808,11.630,5576
 1497,16393.424,11.616,5576
 1498,16404.189,10.766,5576
 1499,16415.191,11.001,5576
 1500,16426.016,10.825,5576
 1501,16436.842,10.826,5576
 1502,16448.195,11.354,5576
 1503,16459.090,10.894,5576
 1504,16469.836,10.747,5576
 1505,16480.918,11.081,5576
 1506,16491.756,10.839,5576
 1507,16503.020,11.262,5576
 1508,16514.082,11.063,5576
 1509,16526.172,12.091,5576
 1510,16536.570,10.398,5576
 1511,16547.818,11.248,5576
 1512,16558.984,11.165,5576
 1513,16569.305,10.321,5576
 1514,16580.920,11.616,5576
 1515,16592.119,11.198,5576
 1516,16603.625,11.506,5576
 1517,16614.828,11.204,5576
 1518,16626.785,11.957,5576
 1519,16637.816,11.030,5576
 1520,16648.158,10.342,5576
 1521,16659.650,11.492,5576
 1522,16670.084,10.435,5576
 1523,16681.158,11.074,5576
 1524,16692.338,11.180,5576
 1525,16703.604,11.264,5576
 1526,16714.941,11.338,5576
 1527,16726.656,11.716,5576
 1528,16737.619,10.962,5576
 1529,16748.582,10.963,5576
 1530,16759.305,10.722,5576
 1531,16770.586,11.283,5576
 1532,16782.113,11.527,5576
 1533,16793.865,11.750,5576
 1534,16805.021,11.158,5576
 1535,16815.328,10.307,5576
 1536,16826.395,11.066,5576
 1537,16837.961,11.566,5576
 1538,16848.309,10.348,5576
 1539,16859.041,10.732,5576
 1540,16870.861,11.819,5576
 1541,16881.896,11.036,5576
 1542,16894.754,12.859,5576
 1543,16904.057, 9.301,5576
 1544,16914.436,10.379,5576
 1545,16926.217,11.783,5576
 1546,16936.785,10.567,5576
 1547,16947.232,10.447,5576
 1548,16959.443,12.211,5576
 1549,16970.004,10.563,5576
 1550,16979.988, 9.982,5576
 1551,16990.979,10.991,5576
 1552,17002.006,11.028,5576
 1553,17012.727,10.720,5576
 1554,17024.488,11.763,5576
 1555,17034.537,10.048,5576
 1556,17046.453,11.915,5576
 1557,17056.605,10.151,5576
 1558,17067.639,11.035,5576
 1559,17079.332,11.693,5576
 1560,17090.537,11.206,5576
 1561,17101.986,11.449,5576
 1562,17112.762,10.773,5576
 1563,17122.977,10.217,5576
 1564,17134.232,11.255,5576
 1565,17144.834,10.603,5576
 1566,17156.266,11.429,5576
 1567,17168.662,12.399,5576
 1568,17179.010,10.345,5576
 1569,17189.369,10.361,5576
 1570,17200.557,11.187,5576
 1571,17210.354, 9.798,5576
 1572,17221.680,11.325,5576
 1573,17232.285,10.607,5576
 1574,17243.633,11.348,5576
 1575,17254.670,11.037,5576
 1576,17266.006,11.336,5576
 1577,17275.893, 9.886,5576
 1578,17287.488,11.596,5576
 1579,17298.172,10.683,5576
 1580,17309.088,10.918,5576
 1581,17321.289,12.200,5576
 1582,17331.072, 9.782,5576
 1583,17341.900,10.830,5576
 1584,17353.158,11.257,5576
 1585,17363.889,10.730,5576
 1586,17375.145,11.256,5576
 1587,17385.270,10.125,5576
 1588,17396.977,11.706,5576
 1589,17407.178,10.202,5576
 1590,17418.748,11.571,5576
 1591,17429.000,10.252,5576
 1592,17441.080,12.079,5576
 1593,17451.025, 9.945,5576
 1594,17461.859,10.834,5576
 1595,17472.633,10.775,5576
 1596,17484.896,12.264,5576
 1597,17496.352,11.453,5576
 1598,17507.275,10.924,5576
 1599,17518.170,10.896,5576
 1600,17528.895,10.724,5576
 1601,17538.930,10.035,5576
 1602,17550.148,11.219,5576
 1603,17560.816,10.669,5576
 1604,17572.576,11.760,5576
 1605,17583.494,10.917,5576
 1606,17594.705,11.211,5576
 1607,17604.693, 9.986,5576
 1608,17615.725,11.033,5576
 1609,17627.098,11.372,5576
 1610,17636.979, 9.882,5576
 1611,17648.223,11.244,5576
 1612,17659.064,10.842,5576
 1613,17669.406,10.342,5576
 1614,17681.010,11.601,5576
 1615,17691.332,10.324,5576
 1616,17703.057,11.726,5576
 1617,17713.904,10.846,5576
 1618,17724.805,10.901,5576
 1619,17735.594,10.789,5576
 1620,17745.656,10.063,5576
 1621,17756.865,11.208,5576
 1622,17768.059,11.194,5576
 1623,17777.975, 9.916,5576
 1624,17789.484,11.511,5576
 1625,17800.689,11.203,5576
 1626,17811.617,10.928,5576
 1627,17821.637,10.021,5576
 1628,17832.238,10.601,5576
 1629,17843.758,11.519,5576
 1630,17853.795,10.037,5576
 1631,17864.072,10.279,5576
 1632,17875.186,11.111,5576
 1633,17886.320,11.135,5576
 1634,17897.781,11.462,5576
 1635,17908.627,10.845,5576
 1636,17920.248,11.623,5576
 1637,17929.809, 9.560,5576
 1638,17941.324,11.516,5576
 1639,17951.762,10.434,5576
 1640,17963.500,11.740,5576
 1641,17973.992,10.494,5576
 1642,17984.385,10.391,5576
 1643,17997.238,12.854,5576
 1644,18007.412,10.173,5576
 1645,18017.398, 9.987,5576
 1646,18027.357, 9.959,5576
 1647,18038.313,10.956,5576
 1648,18049.904,11.591,5576
 1649,18060.141,10.237,5576
 1650,18070.230,10.089,5576
 1651,18081.424,11.192,5576
 1652,18092.031,10.608,5576
 1653,18102.760,10.728,5576
 1654,18113.670,10.912,5576
 1655,18124.457,10.785,5576
 1656,18135.877,11.422,5576
 1657,18145.787, 9.909,5576
 1658,18157.332,11.546,5576
 1659,18167.689,10.355,5576
 1660,18179.170,11.483,5576
 1661,18189.264,10.092,5576
 1662,18200.619,11.356,5576
 1663,18211.631,11.012,5576
 1664,18221.900,10.271,5576
 1665,18233.277,11.375,5576
 1666,18243.797,10.521,5576
 1667,18255.277,11.480,5576
 1668,18265.510,10.230,5576
 1669,18275.893,10.384,5576
 1670,18286.518,10.626,5576
 1671,18297.234,10.717,5576
 1672,18307.977,10.743,5576
 1673,18319.396,11.418,5576
 1674,18329.564,10.170,5576
 1675,18340.744,11.179,5576
 1676,18351.244,10.500,5576
 1677,18361.885,10.641,5576
 1678,18374.250,12.365,5576
 1679,18383.980, 9.729,5576
 1680,18394.602,10.620,5576
 1681,18405.105,10.505,5576
 1682,18415.273,10.168,5576
 1683,18426.971,11.698,5576
 1684,18438.029,11.058,5576
 1685,18448.021, 9.993,5576
 1686,18459.740,11.718,5576
 1687,18470.857,11.117,5576
 1688,18481.727,10.870,5576
 1689,18492.027,10.300,5576
 1690,18502.654,10.628,5576
 1691,18514.053,11.397,5576
 1692,18525.885,11.834,5576
 1693,18535.563, 9.677,5576
 1694,18545.453, 9.889,5576
 1695,18556.771,11.319,5576
 1696,18566.674, 9.903,5576
 1697,18577.535,10.861,5576
 1698,18588.064,10.530,5576
 1699,18598.447,10.382,5576
 1700,18610.164,11.718,5576
 1701,18620.455,10.290,5576
 1702,18631.051,10.596,5576
 1703,18641.842,10.790,5576
 1704,18652.537,10.697,5576
 1705,18662.342, 9.803,5576
 1706,18673.389,11.047,5576
 1707,18684.549,11.161,5576
 1708,18695.037,10.487,5576
 1709,18706.025,10.989,5576
 1710,18716.246,10.222,5576
 1711,18727.545,11.297,5576
 1712,18738.018,10.472,5576
 1713,18748.150,10.135,5576
 1714,18759.258,11.106,5576
 1715,18769.566,10.310,5576
 1716,18780.557,10.991,5576
 1717,18791.590,11.031,5576
 1718,18802.766,11.175,5576
 1719,18813.412,10.649,5576
 1720,18824.420,11.009,5576
 1721,18834.572,10.150,5576
 1722,18845.695,11.123,5576
 1723,18855.916,10.222,5576
 1724,18867.137,11.220,5576
 1725,18877.975,10.838,5576
 1726,18888.832,10.857,5576
 1727,18899.785,10.952,5576
 1728,18909.740, 9.957,5576
 1729,18922.609,12.869,5576
 1730,18933.084,10.474,5576
 1731,18943.066, 9.983,5576
 1732,18952.832, 9.765,5576
 1733,18963.061,10.228,5576
 1734,18974.734,11.675,5576
 1735,18984.678, 9.943,5576
 1736,18994.824,10.148,5576
 1737,19005.283,10.457,5576
 1738,19016.281,10.998,5576
 1739,19026.521,10.241,5576
 1740,19038.258,11.736,5576
 1741,19047.758, 9.498,5576
 1742,19059.264,11.507,5576
 1743,19069.363,10.100,5576
 1744,19080.021,10.658,5576
 1745,19091.568,11.548,5576
 1746,19101.285, 9.715,5576
 1747,19112.098,10.814,5576
 1748,19123.205,11.106,5576
 1749,19133.182, 9.976,5576
 1750,19143.887,10.707,5576
 1751,19154.129,10.243,5576
 1752,19164.732,10.604,5576
 1753,19176.426,11.692,5576
 1754,19186.574,10.149,5576
 1755,19197.357,10.783,5576
 1756,19207.938,10.578,5576
 1757,19218.438,10.502,5576
 1758,19228.668,10.230,5576
 1759,19239.365,10.698,5576
 1760,19250.561,11.196,5576
 1761,19261.037,10.476,5576
 1762,19271.953,10.915,5576
 1763,19281.936, 9.982,5576
 1764,19293.246,11.312,5576
 1765,19304.555,11.308,5576
 1766,19314.594,10.037,5576
 1767,19325.307,10.715,5576
 1768,19336.193,10.886,5576
 1769,19346.344,10.150,5576
 1770,19358.797,12.453,5576
 1771,19367.758, 8.962,5576
 1772,19378.250,10.493,5576
 1773,19388.973,10.722,5576
 1774,19400.449,11.475,5576
 1775,19410.049, 9.600,5576
 1776,19420.768,10.719,5576
 1777,19431.361,10.593,5576
 1778,19443.064,11.705,5576
 1779,19453.434,10.368,5576
 1780,19463.061, 9.628,5576
 1781,19473.602,10.539,5576
 1782,19484.701,11.101,5576
 1783,19494.811,10.110,5576
 1784,19507.152,12.341,5576
 1785,19516.730, 9.579,5576
 1786,19527.453,10.721,5576
 1787,19539.041,11.588,5576
 1788,19549.762,10.720,5576
 1789,19559.801,10.040,5576
 1790,19570.094,10.294,5576
 1791,19580.852,10.757,5576
 1792,19592.355,11.504,5576
 1793,19604.598,12.242,5576
 1794,19615.281,10.683,5576
 1795,19626.281,11.000,5576
 1796,19634.984, 8.705,5576
 1797,19644.324, 9.341,5576
 1798,19655.396,11.071,5576
 1799,19665.781,10.383,5576
 1800,19676.967,11.187,5576
 1801,19687.313,10.345,5576
 1802,19697.592,10.279,5576
 1803,19708.488,10.898,5576
 1804,19719.805,11.315,5576
 1805,19730.510,10.705,5576
 1806,19740.547,10.038,5576
 1807,19751.908,11.362,5576
 1808,19762.117,10.209,5576
 1809,19773.049,10.932,5576
 1810,19783.359,10.309,5576
 1811,19794.404,11.046,5576
 1812,19804.850,10.444,5576
 1813,19815.322,10.474,5576
 1814,19826.678,11.353,5576
 1815,19837.701,11.025,5576
 1816,19848.105,10.404,5576
 1817,19857.869, 9.765,5576
 1818,19869.125,11.256,5576
 1819,19879.584,10.459,5576
 1820,19890.094,10.508,5576
 1821,19901.197,11.103,5576
 1822,19912.080,10.884,5576
 1823,19922.150,10.071,5576
 1824,19933.400,11.249,5576
 1825,19943.938,10.538,5576
 1826,19955.492,11.556,5576
 1827,19968.012,12.517,5576
 1828,19976.516, 8.504,5576
 1829,19986.309, 9.794,5576
 1830,19996.449,10.140,5576
 1831,20007.479,11.030,5576
 1832,20018.881,11.401,5576
 1833,20028.350, 9.469,5576
 1834,20039.033,10.684,5576
 1835,20050.381,11.347,5576
 1836,20060.957,10.576,5576
 1837,20071.396,10.442,5576
 1838,20082.451,11.053,5576
 1839,20092.396, 9.945,5576
 1840,20104.186,11.788,5576
 1841,20114.346,10.162,5576
 1842,20124.932,10.585,5576
 1843,20136.158,11.228,5576
 1844,20146.938,10.778,5576
 1845,20156.838, 9.900,5576
 1846,20167.766,10.929,5576
 1847,20178.984,11.220,5576
 1848,20189.980,10.995,5576
 1849,20200.381,10.401,5576
 1850,20210.650,10.269,5576
 1851,20221.666,11.016,5576
 1852,20232.301,10.633,5576
 1853,20243.527,11.227,5576
 1854,20254.699,11.172,5576
 1855,20265.086,10.386,5576
 1856,20275.771,10.686,5576
 1857,20285.174, 9.403,5576
 1858,20296.164,10.992,5576
 1859,20308.207,12.041,5576
 1860,20317.914, 9.708,5576
 1861,20328.156,10.242,5576
 1862,20340.240,12.084,5576
 1863,20349.457, 9.216,5576
 1864,20360.156,10.699,5576
 1865,20370.656,10.500,5576
 1866,20381.852,11.195,5576
 1867,20393.381,11.531,5576
 1868,20404.146,10.765,5576
 1869,20414.330,10.184,5576
 1870,20426.211,11.880,5576
 1871,20435.156, 8.946,5576
 1872,20445.861,10.705,5576
 1873,20457.236,11.376,5576
 1874,20468.422,11.183,5576
 1875,20478.092, 9.670,5576
 1876,20488.461,10.371,5576
 1877,20499.572,11.111,5576
 1878,20511.262,11.687,5576
 1879,20521.336,10.075,5576
 1880,20531.029, 9.693,5576
 1881,20542.291,11.263,5576
 1882,20553.566,11.276,5576
 1883,20563.545, 9.978,5576
 1884,20574.055,10.510,5576
 1885,20584.416,10.363,5576
 1886,20595.381,10.962,5576
 1887,20606.361,10.980,5576
 1888,20617.320,10.960,5576
 1889,20627.574,10.255,5576
 1890,20638.041,10.467,5576
 1891,20648.934,10.890,5576
 1892,20659.365,10.433,5576
 1893,20669.730,10.366,5576
 1894,20680.609,10.877,5576
 1895,20692.061,11.454,5576
 1896,20702.438,10.376,5576
 1897,20713.152,10.716,5576
 1898,20724.229,11.076,5576
 1899,20734.662,10.433,5576
 1900,20746.191,11.528,5576
 1901,20755.908, 9.719,5576
 1902,20767.205,11.295,5576
 1903,20776.883, 9.678,5576
 1904,20788.721,11.838,5576
 1905,20799.762,11.040,5576
 1906,20810.682,10.919,5576
 1907,20821.125,10.445,5576
 1908,20832.094,10.968,5576
 1909,20843.258,11.163,5576
 1910,20853.129, 9.873,5576
 1911,20863.072, 9.943,5576
 1912,20874.248,11.177,5576
 1913,20885.777,11.529,5576
 1914,20895.861,10.083,5576
 1915,20906.672,10.810,5576
 1916,20917.354,10.683,5576
 1917,20927.289, 9.934,5576
 1918,20938.809,11.521,5576
 1919,20948.609, 9.800,5576
 1920,20960.736,12.127,5576
 1921,20970.096, 9.359,5576
 1922,20981.215,11.120,5576
 1923,20991.609,10.394,5576
 1924,21002.727,11.118,5576
 1925,21012.652, 9.925,5576
 1926,21024.516,11.863,5576
 1927,21034.930,10.415,5576
 1928,21045.588,10.657,5576
 1929,21055.400, 9.814,5576
 1930,21066.447,11.046,5576
 1931,21076.986,10.540,5576
 1932,21088.090,11.102,5576
 1933,21099.270,11.180,5576
 1934,21109.668,10.398,5576
 1935,21120.713,11.045,5576
 1936,21131.811,11.099,5576
 1937,21142.053,10.243,5576
 1938,21153.121,11.066,5576
 1939,21163.518,10.398,5576
 1940,21174.102,10.584,5576
 1941,21184.621,10.520,5576
 1942,21195.938,11.314,5576
 1943,21206.404,10.470,5576
 1944,21216.508,10.101,5576
 1945,21227.453,10.945,5576
 1946,21238.645,11.194,5576
 1947,21249.232,10.587,5576
 1948,21260.002,10.769,5576
 1949,21270.670,10.667,5576
 1950,21281.488,10.821,5576
 1951,21292.273,10.783,5576
 1952,21302.393,10.119,5576
 1953,21313.602,11.209,5576
 1954,21324.445,10.845,5576
 1955,21334.674,10.227,5576
 1956,21345.320,10.648,5576
 1957,21356.125,10.805,5576
 1958,21367.768,11.641,5576
 1959,21377.930,10.161,5576
 1960,21388.996,11.069,5576
 1961,21399.076,10.080,5576
 1962,21410.262,11.184,5576
 1963,21420.996,10.736,5576
 1964,21431.885,10.889,5576
 1965,21442.621,10.735,5576
 1966,21452.393, 9.772,5576
 1967,21463.109,10.717,5576
 1968,21474.576,11.466,5576
 1969,21484.990,10.415,5576
 1970,21495.441,10.449,5576
 1971,21507.420,11.979,5576
 1972,21517.588,10.168,5576
 1973,21528.518,10.931,5576
 1974,21540.439,11.921,5576
 1975,21549.750, 9.311,5576
 1976,21561.436,11.685,5576
 1977,21571.656,10.223,5576
 1978,21581.813,10.156,5576
 1979,21592.623,10.809,5576
 1980,21603.607,10.984,5576
 1981,21614.160,10.553,5576
 1982,21626.941,12.782,5576
 1983,21636.525, 9.582,5576
 1984,21646.900,10.378,5576
 1985,21656.973,10.070,5576
 1986,21667.396,10.425,5576
 1987,21677.777,10.381,5576
 1988,21688.496,10.720,5576
 1989,21699.533,11.036,5576
 1990,21710.934,11.400,5576
 1991,21721.230,10.297,5576
 1992,21732.461,11.229,5576
 1993,21742.865,10.406,5576
 1994,21753.164,10.300,5576
 1995,21763.975,10.809,5576
 1996,21775.404,11.429,5576
 1997,21785.432,10.027,5576
 1998,21796.568,11.138,5576
 1999,21807.850,11.279,5576
 2000,21819.076,11.230,5576
 2001,21829.141,10.064,5576
 2002,21840.939,11.797,5576
 2003,21851.262,10.322,5576
 2004,21861.877,10.615,5576
 2005,21872.445,10.568,5576
 2006,21883.627,11.183,5576
 2007,21894.309,10.682,5576
 2008,21905.434,11.123,5576
 2009,21916.316,10.886,5576
 2010,21927.156,10.840,5576
 2011,21937.201,10.042,5576
 2012,21949.232,12.033,5576
 2013,21958.482, 9.250,5576
 2014,21970.314,11.832,5576
 2015,21980.945,10.631,5576
 2016,21991.992,11.046,5576
 2017,22002.541,10.549,5576
 2018,22013.408,10.869,5576
 2019,22024.123,10.713,5576
 2020,22035.490,11.368,5576
 2021,22045.596,10.104,5576
 2022,22056.549,10.955,5576
 2023,22068.678,12.128,5576
 2024,22078.590, 9.910,5576
 2025,22090.189,11.602,5576
 2026,22100.469,10.280,5576
 2027,22110.813,10.343,5576
 2028,22122.430,11.617,5576
 2029,22133.250,10.818,5576
 2030,22144.285,11.037,5576
 2031,22155.287,11.002,5576
 2032,22165.557,10.270,5576
 2033,22176.955,11.398,5576
 2034,22187.342,10.386,5576
 2035,22197.721,10.379,5576
 2036,22209.223,11.503,5576
 2037,22219.779,10.556,5576
 2038,22231.506,11.727,5576
 2039,22241.500, 9.993,5576
 2040,22252.238,10.740,5576
 2041,22263.266,11.025,5576
 2042,22273.828,10.565,5576
 2043,22284.488,10.660,5576
 2044,22295.541,11.052,5576
 2045,22306.592,11.050,5576
 2046,22317.199,10.608,5576
 2047,22327.951,10.752,5576
 2048,22339.391,11.440,5576
 2049,22350.533,11.143,5576
 2050,22361.305,10.770,5576
 2051,22372.238,10.935,5576
 2052,22383.568,11.329,5576
 2053,22393.621,10.052,5576
 2054,22405.219,11.599,5576
 2055,22415.553,10.334,5576
 2056,22427.186,11.633,5576
 2057,22437.885,10.698,5576
 2058,22449.658,11.775,5576
 2059,22459.861,10.203,5576
 2060,22471.240,11.378,5576
 2061,22481.398,10.159,5576
 2062,22491.609,10.209,5576
 2063,22503.408,11.801,5576
 2064,22514.680,11.270,5576
 2065,22525.094,10.413,5576
 2066,22536.205,11.113,5576
 2067,22546.500,10.294,5576
 2068,22558.879,12.380,5576
 2069,22569.547,10.668,5576
 2070,22580.395,10.848,5576
 2071,22590.373, 9.978,5576
 2072,22602.969,12.595,5576
 2073,22613.514,10.544,5576
 2074,22624.301,10.788,5576
 2075,22635.277,10.976,5576
 2076,22646.006,10.730,5576
 2077,22657.896,11.891,5576
 2078,22668.641,10.744,5576
 2079,22679.461,10.820,5576
 2080,22689.670,10.209,5576
 2081,22700.697,11.026,5576
 2082,22711.924,11.227,5576
 2083,22723.129,11.205,5576
 2084,22734.689,11.562,5576
 2085,22744.949,10.260,5576
 2086,22756.236,11.288,5576
 2087,22767.803,11.565,5576
 2088,22778.854,11.051,5576
 2089,22788.645, 9.790,5576
 2090,22800.559,11.915,5576
 2091,22811.643,11.084,5576
 2092,22822.670,11.027,5576
 2093,22833.223,10.553,5576
 2094,22845.131,11.908,5576
 2095,22855.029, 9.897,5576
 2096,22866.156,11.130,5576
 2097,22877.609,11.450,5576
 2098,22888.279,10.671,5576
 2099,22898.961,10.682,5576
 2100,22911.232,12.272,5576
 2101,22922.488,11.256,5576
 2102,22933.047,10.558,5576
 2103,22943.896,10.849,5576
 2104,22956.068,12.172,5576
 2105,22965.938, 9.869,5576
 2106,22977.051,11.114,5576
 2107,22988.230,11.180,5576
 2108,22999.076,10.846,5576
 2109,23009.781,10.705,5576
 2110,23021.701,11.918,5576
 2111,23032.123,10.423,5576
 2112,23042.713,10.591,5576
 2113,23054.365,11.651,5576
 2114,23065.258,10.891,5576
 2115,23075.645,10.388,5576
 2116,23087.852,12.207,5576
 2117,23097.445, 9.595,5576
 2118,23109.008,11.561,5576
 2119,23119.502,10.495,5576
 2120,23131.736,12.236,5576
 2121,23141.939,10.201,5576
 2122,23153.656,11.717,5576
 2123,23164.381,10.724,5576
 2124,23175.465,11.085,5576
 2125,23186.457,10.993,5576
 2126,23199.748,13.289,5576
 2127,23208.984, 9.238,5576
 2128,23219.646,10.662,5576
 2129,23231.537,11.890,5576
 2130,23242.129,10.591,5576
 2131,23252.760,10.631,5576
 2132,23263.594,10.835,5576
 2133,23274.619,11.025,5576
 2134,23285.646,11.028,5576
 2135,23296.813,11.167,5576
 2136,23308.301,11.488,5576
 2137,23319.785,11.482,5576
 2138,23330.250,10.464,5576
 2139,23341.934,11.684,5576
 2140,23352.355,10.423,5576
 2141,23363.598,11.241,5576
 2142,23375.918,12.320,5576
 2143,23387.021,11.106,5576
 2144,23397.285,10.264,5576
 2145,23407.299,10.013,5576
 2146,23419.221,11.922,5576
 2147,23429.301,10.081,5576
 2148,23441.385,12.084,5576
 2149,23452.252,10.865,5576
 2150,23462.764,10.512,5576
 2151,23474.334,11.569,5576
 2152,23486.141,11.810,5576
 2153,23496.518,10.376,5576
 2154,23507.826,11.309,5576
 2155,23518.129,10.302,5576
 2156,23529.916,11.786,5576
 2157,23541.297,11.381,5576
 2158,23552.145,10.850,5576
 2159,23562.758,10.612,5576
 2160,23574.598,11.839,5576
 2161,23585.266,10.668,5576
 2162,23596.613,11.347,5576
 2163,23607.742,11.131,5576
 2164,23618.605,10.861,5576
 2165,23629.930,11.325,5576
 2166,23641.209,11.281,5576
 2167,23652.844,11.633,5576
 2168,23662.805, 9.962,5576
 2169,23674.793,11.987,5576
 2170,23685.846,11.052,5576
 2171,23695.865,10.021,5576
 2172,23707.402,11.538,5576
 2173,23718.025,10.621,5576
 2174,23729.477,11.453,5576
 2175,23740.547,11.070,5576
 2176,23750.922,10.375,5576
 2177,23762.527,11.605,5576
 2178,23774.818,12.292,5576
 2179,23784.563, 9.744,5576
 2180,23797.137,12.575,5576
 2181,23807.518,10.379,5576
 2182,23819.322,11.806,5576
 2183,23829.678,10.353,5576
 2184,23841.656,11.981,5576
 2185,23851.904,10.247,5576
 2186,23865.051,13.147,5576
 2187,23875.773,10.723,5576
 2188,23885.984,10.211,5576
 2189,23896.590,10.603,5576
 2190,23908.189,11.600,5576
 2191,23919.082,10.892,5576
 2192,23929.914,10.833,5576
 2193,23941.146,11.234,5576
 2194,23954.986,13.840,5576
 2195,23964.258, 9.270,5576
 2196,23974.881,10.624,5576
 2197,23985.771,10.890,5576
 2198,23996.125,10.354,5576
 2199,24007.506,11.381,5576
 2200,24018.541,11.036,5576
 2201,24029.686,11.142,5576
 2202,24042.406,12.723,5576
 2203,24053.047,10.640,5576
 2204,24064.318,11.272,5576
 2205,24075.258,10.937,5576
 2206,24086.301,11.045,5576
 2207,24098.051,11.750,5576
 2208,24108.969,10.917,5576
 2209,24120.074,11.107,5576
 2210,24132.686,12.609,5576
 2211,24143.572,10.888,5576
 2212,24154.141,10.569,5576
 2213,24165.449,11.308,5576
 2214,24176.137,10.687,5576
 2215,24186.482,10.347,5576
 2216,24198.488,12.006,5576
 2217,24209.373,10.884,5576
 2218,24220.113,10.739,5576
 2219,24230.789,10.677,5576
 2220,24241.693,10.905,5576
 2221,24253.400,11.707,5576
 2222,24264.490,11.090,5576
 2223,24275.705,11.213,5576
 2224,24286.541,10.836,5576
 2225,24297.082,10.540,5576
 2226,24307.889,10.810,5576
 2227,24319.498,11.608,5576
 2228,24330.564,11.067,5576
 2229,24341.166,10.600,5576
 2230,24352.457,11.291,5576
 2231,24363.305,10.850,5576
 2232,24374.938,11.632,5576
 2233,24385.385,10.447,5576
 2234,24396.473,11.089,5576
 2235,24408.293,11.819,5576
 2236,24419.666,11.371,5576
 2237,24429.758,10.093,5576
 2238,24441.465,11.709,5576
 2239,24452.609,11.143,5576
 2240,24463.330,10.720,5576
 2241,24474.816,11.487,5576
 2242,24484.938,10.122,5576
 2243,24497.137,12.198,5576
 2244,24507.219,10.083,5576
 2245,24517.957,10.739,5576
 2246,24529.656,11.699,5576
 2247,24540.729,11.072,5576
 2248,24551.674,10.943,5576
 2249,24562.607,10.935,5576
 2250,24575.334,12.727,5576
 2251,24585.641,10.307,5576
 2252,24597.461,11.820,5576
 2253,24607.473,10.012,5576
 2254,24618.594,11.120,5576
 2255,24629.926,11.333,5576
 2256,24641.885,11.958,5576
 2257,24654.094,12.209,5576
 2258,24662.713, 8.621,5576
 2259,24673.262,10.547,5576
 2260,24685.236,11.976,5576
 2261,24697.686,12.448,5576
 2262,24706.820, 9.137,5576
 2263,24717.469,10.647,5576
 2264,24728.920,11.450,5576
 2265,24740.379,11.460,5576
 2266,24750.850,10.469,5576
 2267,24762.689,11.840,5576
 2268,24773.439,10.751,5576
 2269,24784.740,11.302,5576
 2270,24795.162,10.421,5576
 2271,24806.789,11.627,5576
 2272,24817.980,11.191,5576
 2273,24829.441,11.460,5576
 2274,24840.355,10.915,5576
 2275,24851.063,10.708,5576
 2276,24862.676,11.612,5576
 2277,24874.428,11.752,5576
 2278,24885.082,10.655,5576
 2279,24896.221,11.140,5576
 2280,24907.100,10.877,5576
 2281,24919.260,12.160,5576
 2282,24930.125,10.866,5576
 2283,24942.127,12.002,5576
 2284,24952.480,10.353,5576
 2285,24963.525,11.045,5576
 2286,24975.090,11.563,5576
 2287,24986.045,10.958,5576
 2288,24997.385,11.338,5576
 2289,25007.918,10.533,5576
 2290,25019.740,11.824,5576
 2291,25031.922,12.179,5576
 2292,25041.922,10.002,5576
 2293,25054.434,12.510,5576
 2294,25064.629,10.196,5576
 2295,25075.617,10.990,5576
 2296,25086.859,11.241,5576
 2297,25097.705,10.847,5576
 2298,25108.854,11.146,5576
 2299,25120.391,11.539,5576
 2300,25131.885,11.494,5576
 2301,25142.949,11.063,5576
 2302,25153.969,11.021,5576
 2303,25165.373,11.403,5576
 2304,25177.686,12.313,5576
 2305,25187.533, 9.849,5576
 2306,25198.984,11.451,5576
 2307,25209.789,10.803,5576
 2308,25222.498,12.710,5576
 2309,25232.813,10.314,5576
 2310,25244.834,12.021,5576
 2311,25254.545, 9.713,5576
 2312,25267.184,12.637,5576
 2313,25276.578, 9.393,5576
 2314,25289.188,12.611,5576
 2315,25300.082,10.894,5576
 2316,25312.609,12.528,5576
 2317,25322.537, 9.928,5576
 2318,25334.422,11.883,5576
 2319,25345.541,11.120,5576
 2320,25355.842,10.301,5576
 2321,25367.932,12.090,5576
 2322,25378.410,10.479,5576
 2323,25390.004,11.593,5576
 2324,25401.152,11.151,5576
 2325,25412.205,11.052,5576
 2326,25423.461,11.256,5576
 2327,25437.561,14.100,5576
 2328,25446.930, 9.367,5576
 2329,25458.014,11.085,5576
 2330,25469.652,11.639,5576
 2331,25479.998,10.344,5576
 2332,25491.357,11.359,5576
 2333,25502.600,11.243,5576
 2334,25513.266,10.666,5576
 2335,25524.152,10.887,5576
 2336,25535.098,10.944,5576
 2337,25546.801,11.705,5576
 2338,25557.977,11.177,5576
 2339,25569.338,11.358,5576
 2340,25581.262,11.925,5576
 2341,25592.705,11.444,5576
 2342,25604.988,12.285,5576
 2343,25615.281,10.291,5576
 2344,25626.254,10.972,5576
 2345,25637.613,11.359,5576
 2346,25648.832,11.219,5576
 2347,25661.148,12.317,5576
 2348,25672.090,10.942,5576
 2349,25682.072, 9.982,5576
 2350,25693.977,11.906,5576
 2351,25704.713,10.734,5576
 2352,25716.564,11.852,5576
 2353,25727.010,10.446,5576
 2354,25738.520,11.509,5576
 2355,25749.189,10.671,5576
 2356,25761.641,12.452,5576
 2357,25771.844,10.201,5576
 2358,25783.965,12.123,5576
 2359,25795.746,11.779,5576
 2360,25806.461,10.717,5576
 2361,25817.578,11.116,5576
 2362,25828.922,11.344,5576
 2363,25840.438,11.514,5576
 2364,25851.432,10.995,5576
 2365,25862.742,11.309,5576
 2366,25874.881,12.140,5576
 2367,25886.400,11.521,5576
 2368,25896.859,10.458,5576
 2369,25907.941,11.082,5576
 2370,25920.045,12.105,5576
 2371,25930.893,10.846,5576
 2372,25942.537,11.645,5576
 2373,25952.742,10.205,5576
 2374,25965.674,12.932,5576
 2375,25975.020, 9.345,5576
 2376,25986.094,11.075,5576
 2377,25997.355,11.261,5576
 2378,26009.295,11.940,5576
 2379,26020.350,11.053,5576
 2380,26031.775,11.427,5576
 2381,26042.588,10.812,5576
 2382,26054.404,11.818,5576
 2383,26065.311,10.906,5576
 2384,26076.418,11.105,5576
 2385,26088.184,11.767,5576
 2386,26099.068,10.887,5576
 2387,26110.520,11.449,5576
 2388,26122.650,12.132,5576
 2389,26133.242,10.591,5576
 2390,26144.377,11.135,5576
 2391,26155.945,11.569,5576
 2392,26167.080,11.133,5576
 2393,26177.785,10.706,5576
 2394,26190.162,12.375,5576
 2395,26202.117,11.956,5576
 2396,26212.457,10.340,5576
 2397,26223.754,11.297,5576
 2398,26234.873,11.120,5576
 2399,26246.629,11.756,5576
 2400,26257.561,10.931,5576
 2401,26268.988,11.430,5576
 2402,26280.305,11.314,5576
 2403,26291.662,11.358,5576
 2404,26304.045,12.384,5576
 2405,26314.674,10.627,5576
 2406,26326.010,11.337,5576
 2407,26337.105,11.095,5576
 2408,26348.869,11.763,5576
 2409,26360.613,11.745,5576
 2410,26372.410,11.797,5576
 2411,26383.527,11.117,5576
 2412,26394.377,10.851,5576
 2413,26405.326,10.947,5576
 2414,26417.273,11.947,5576
 2415,26427.520,10.247,5576
 2416,26439.422,11.903,5576
 2417,26450.982,11.561,5576
 2418,26461.646,10.664,5576
 2419,26473.869,12.223,5576
 2420,26485.697,11.827,5576
 2421,26495.451, 9.754,5576
 2422,26507.316,11.867,5576
 2423,26519.305,11.988,5576
 2424,26531.977,12.670,5576
 2425,26542.162,10.186,5576
 2426,26552.361,10.198,5576
 2427,26563.637,11.278,5576
 2428,26575.068,11.432,5576
 2429,26587.434,12.364,5576
 2430,26599.316,11.884,5576
 2431,26609.268, 9.949,5576
 2432,26621.178,11.909,5576
 2433,26631.484,10.309,5576
 2434,26642.957,11.473,5576
 2435,26654.502,11.542,5576
 2436,26667.801,13.300,5576
 2437,26680.814,13.015,5576
 2438,26691.629,10.814,5576
 2439,26701.881,10.252,5576
 2440,26711.910,10.027,5576
 2441,26723.141,11.232,5576
 2442,26735.510,12.368,5576
 2443,26745.521,10.012,5576
 2444,26757.541,12.020,5576
 2445,26768.027,10.487,5576
 2446,26780.928,12.900,5576
 2447,26792.609,11.681,5576
 2448,26803.660,11.051,5576
 2449,26815.277,11.617,5576
 2450,26826.010,10.734,5576
 2451,26837.658,11.648,5576
 2452,26848.627,10.969,5576
 2453,26860.354,11.726,5576
 2454,26871.352,10.998,5576
 2455,26882.902,11.552,5576
 2456,26894.053,11.150,5576
 2457,26905.246,11.193,5576
 2458,26916.309,11.063,5576
 2459,26927.662,11.353,5576
 2460,26939.006,11.343,5576
 2461,26950.529,11.524,5576
 2462,26961.449,10.921,5576
 2463,26973.896,12.448,5576
 2464,26984.717,10.819,5576
 2465,26996.113,11.396,5576
 2466,27007.141,11.027,5576
 2467,27018.850,11.710,5576
 2468,27029.797,10.948,5576
 2469,27041.217,11.418,5576
 2470,27052.641,11.424,5576
 2471,27065.080,12.439,5576
 2472,27075.160,10.080,5576
 2473,27086.545,11.387,5576
 2474,27098.365,11.820,5576
 2475,27110.850,12.483,5576
 2476,27120.994,10.143,5576
 2477,27132.400,11.409,5576
 2478,27143.709,11.308,5576
 2479,27155.041,11.332,5576
 2480,27167.326,12.283,5576
 2481,27177.592,10.267,5576
 2482,27189.242,11.651,5576
 2483,27200.934,11.690,5576
 2484,27211.912,10.979,5576
 2485,27225.273,13.362,5576
 2486,27235.373,10.099,5576
 2487,27246.826,11.452,5576
 2488,27259.025,12.200,5576
 2489,27269.379,10.355,5576
 2490,27280.922,11.541,5576
 2491,27291.869,10.950,5576
 2492,27303.096,11.225,5576
 2493,27314.066,10.972,5576
 2494,27326.842,12.774,5576
 2495,27336.861,10.020,5576
 2496,27347.910,11.048,5576
 2497,27360.561,12.651,5576
 2498,27372.641,12.080,5576
 2499,27384.635,11.995,5576
 2500,27394.457, 9.822,5576
 2501,27405.674,11.216,5576
 2502,27417.605,11.933,5576
 2503,27428.361,10.754,5576
 2504,27440.057,11.698,5576
 2505,27451.303,11.245,5576
 2506,27463.225,11.921,5576
 2507,27474.773,11.549,5576
 2508,27485.029,10.255,5576
 2509,27497.842,12.814,5576
 2510,27509.205,11.364,5576
 2511,27520.627,11.421,5576
 2512,27532.379,11.752,5576
 2513,27542.465,10.086,5576
 2514,27554.094,11.628,5576
 2515,27565.520,11.426,5576
 2516,27577.256,11.736,5576
 2517,27587.922,10.667,5576
 2518,27599.484,11.563,5576
 2519,27611.289,11.805,5576
 2520,27622.637,11.346,5576
 2521,27632.842,10.205,5576
 2522,27644.746,11.904,5576
 2523,27656.211,11.466,5576
 2524,27667.854,11.642,5576
 2525,27679.453,11.601,5576
 2526,27690.371,10.917,5576
 2527,27701.611,11.240,5576
 2528,27712.578,10.965,5576
 2529,27723.457,10.880,5576
 2530,27734.684,11.227,5576
 2531,27746.207,11.524,5576
 2532,27758.590,12.383,5576
 2533,27768.719,10.129,5576
 2534,27781.305,12.585,5576
 2535,27792.172,10.867,5576
 2536,27803.725,11.554,5576
 2537,27814.859,11.134,5576
 2538,27827.186,12.326,5576
 2539,27837.777,10.591,5576
 2540,27849.523,11.747,5576
 2541,27861.053,11.530,5576
 2542,27871.850,10.797,5576
 2543,27883.381,11.532,5576
 2544,27895.912,12.529,5576
 2545,27906.604,10.692,5576
 2546,27917.365,10.763,5576
 2547,27928.678,11.312,5576
 2548,27939.762,11.082,5576
 2549,27951.900,12.141,5576
 2550,27962.438,10.537,5576
 2551,27974.354,11.915,5576
 2552,27985.697,11.345,5576
 2553,27997.594,11.895,5576
 2554,28008.041,10.447,5576
 2555,28019.896,11.858,5576
 2556,28031.432,11.533,5576
 2557,28042.357,10.927,5576
 2558,28054.189,11.830,5576
 2559,28065.162,10.974,5576
 2560,28077.730,12.569,5576
 2561,28089.365,11.635,5576
 2562,28099.377,10.010,5576
 2563,28110.924,11.547,5576
 2564,28123.016,12.092,5576
 2565,28133.287,10.272,5576
 2566,28145.838,12.551,5576
 2567,28155.693, 9.856,5576
 2568,28168.285,12.591,5576
 2569,28178.666,10.381,5576
 2570,28191.086,12.420,5576
 2571,28203.309,12.224,5576
 2572,28214.664,11.353,5576
 2573,28225.617,10.954,5576
 2574,28237.635,12.018,5576
 2575,28249.129,11.493,5576
 2576,28261.008,11.879,5576
 2577,28271.449,10.443,5576
 2578,28283.945,12.494,5576
 2579,28294.697,10.753,5576
 2580,28307.430,12.732,5576
 2581,28318.205,10.775,5576
 2582,28329.313,11.109,5576
 2583,28341.584,12.270,5576
 2584,28352.277,10.694,5576
 2585,28363.830,11.553,5576
 2586,28375.688,11.857,5576
 2587,28387.594,11.907,5576
 2588,28397.828,10.233,5576
 2589,28409.947,12.120,5576
 2590,28421.484,11.538,5576
 2591,28432.086,10.600,5576
 2592,28443.740,11.654,5576
 2593,28455.762,12.023,5576
 2594,28467.049,11.286,5576
 2595,28480.027,12.979,5576
 2596,28489.764, 9.736,5576
 2597,28501.559,11.796,5576
 2598,28513.338,11.779,5576
 2599,28524.795,11.457,5576
 2600,28535.813,11.017,5576
 2601,28547.764,11.951,5576
 2602,28558.820,11.056,5576
 2603,28569.980,11.162,5576
 2604,28582.285,12.304,5576
 2605,28593.434,11.149,5576
 2606,28604.238,10.803,5576
 2607,28616.357,12.121,5576
 2608,28626.910,10.550,5576
 2609,28638.500,11.591,5576
 2610,28648.709,10.209,5576
 2611,28659.826,11.117,5576
 2612,28671.461,11.636,5576
 2613,28683.385,11.925,5576
 2614,28694.621,11.234,5576
 2615,28705.781,11.161,5576
 2616,28716.785,11.003,5576
 2617,28728.545,11.761,5576
 2618,28740.357,11.812,5576
 2619,28751.510,11.151,5576
 2620,28763.064,11.556,5576
 2621,28774.164,11.099,5576
 2622,28786.074,11.909,5576
 2623,28796.547,10.475,5576
 2624,28808.145,11.599,5576
 2625,28819.842,11.694,5576
 2626,28830.990,11.150,5576
 2627,28842.121,11.130,5576
 2628,28853.260,11.139,5576
 2629,28865.426,12.165,5576
 2630,28877.193,11.768,5576
 2631,28887.510,10.318,5576
 2632,28898.770,11.258,5576
 2633,28909.541,10.774,5576
 2634,28921.938,12.396,5576
 2635,28931.881, 9.944,5576
 2636,28944.428,12.545,5576
 2637,28956.373,11.946,5576
 2638,28966.158, 9.785,5576
 2639,28978.602,12.444,5576
 2640,28990.926,12.323,5576
 2641,29002.045,11.119,5576
 2642,29012.578,10.532,5576
 2643,29024.676,12.099,5576
 2644,29036.309,11.634,5576
 2645,29046.836,10.526,5576
 2646,29058.236,11.400,5576
 2647,29069.244,11.008,5576
 2648,29081.469,12.226,5576
 2649,29092.373,10.903,5576
 2650,29104.496,12.123,5576
 2651,29114.697,10.203,5576
 2652,29126.293,11.596,5576
 2653,29137.428,11.133,5576
 2654,29150.898,13.472,5576
 2655,29160.682, 9.782,5576
 2656,29172.346,11.664,5576
 2657,29183.500,11.154,5576
 2658,29194.992,11.492,5576
 2659,29205.711,10.720,5576
 2660,29217.453,11.741,5576
 2661,29227.514,10.062,5576
 2662,29239.365,11.850,5576
 2663,29249.754,10.390,5576
 2664,29262.281,12.527,5576
 2665,29273.203,10.922,5576
 2666,29285.053,11.849,5576
 2667,29295.791,10.739,5576
 2668,29308.789,12.997,5576
 2669,29318.529, 9.742,5576
 2670,29330.883,12.353,5576
 2671,29342.689,11.806,5576
 2672,29354.178,11.487,5576
 2673,29365.465,11.290,5576
 2674,29377.406,11.940,5576
 2675,29388.350,10.943,5576
 2676,29399.059,10.710,5576
 2677,29410.850,11.789,5576
 2678,29423.209,12.362,5576
 2679,29434.678,11.468,5576
 2680,29445.801,11.123,5576
 2681,29458.197,12.397,5576
 2682,29469.229,11.032,5576
 2683,29480.537,11.308,5576
 2684,29491.975,11.437,5576
 2685,29503.369,11.393,5576
 2686,29514.506,11.136,5576
 2687,29525.643,11.139,5576
 2688,29537.750,12.106,5576
 2689,29550.809,13.060,5576
 2690,29561.439,10.630,5576
 2691,29572.805,11.367,5576
 2692,29584.438,11.630,5576
 2693,29596.377,11.942,5576
 2694,29606.797,10.420,5576
 2695,29619.166,12.367,5576
 2696,29630.357,11.191,5576
 2697,29641.961,11.605,5576
 2698,29654.592,12.630,5576
 2699,29666.098,11.506,5576
 2700,29676.377,10.279,5576
 2701,29687.875,11.499,5576
 2702,29702.369,14.495,5576
 2703,29715.297,12.926,5576
 2704,29726.537,11.242,5576
 2705,29738.830,12.291,5576
 2706,29749.615,10.786,5576
 2707,29759.314, 9.700,5576
 2708,29769.301, 9.986,5576
 2709,29781.578,12.275,5576
 2710,29792.602,11.025,5576
 2711,29805.209,12.608,5576
 2712,29816.145,10.936,5576
 2713,29827.875,11.730,5576
 2714,29839.564,11.690,5576
 2715,29851.031,11.466,5576
 2716,29862.525,11.494,5576
 2717,29874.891,12.366,5576
 2718,29885.805,10.914,5576
 2719,29896.975,11.170,5576
 2720,29908.734,11.759,5576
 2721,29922.350,13.616,5576
 2722,29934.555,12.205,5576
 2723,29944.361, 9.807,5576
 2724,29956.539,12.177,5576
 2725,29966.365, 9.826,5576
 2726,29978.928,12.562,5576
 2727,29990.064,11.137,5576
 2728,30001.301,11.237,5576
 2729,30013.252,11.950,5576
 2730,30024.645,11.393,5576
 2731,30036.395,11.751,5576
 2732,30048.686,12.290,5576
 2733,30059.613,10.928,5576
 2734,30071.545,11.931,5576
 2735,30082.969,11.424,5576
 2736,30095.254,12.286,5576
 2737,30106.229,10.976,5576
 2738,30118.727,12.497,5576
 2739,30129.740,11.012,5576
 2740,30141.184,11.444,5576
 2741,30152.391,11.208,5576
 2742,30164.000,11.608,5576
 2743,30176.594,12.593,5576
 2744,30187.861,11.269,5576
 2745,30199.254,11.393,5576
 2746,30211.105,11.852,5576
 2747,30223.170,12.064,5576
 2748,30234.521,11.351,5576
 2749,30245.209,10.688,5576
 2750,30257.891,12.682,5576
 2751,30269.182,11.289,5576
 2752,30281.043,11.863,5576
 2753,30292.650,11.607,5576
 2754,30304.510,11.860,5576
 2755,30316.621,12.112,5576
 2756,30328.010,11.386,5576
 2757,30339.729,11.720,5576
 2758,30350.846,11.117,5576
 2759,30362.727,11.882,5576
 2760,30375.621,12.893,5576
 2761,30386.869,11.249,5576
 2762,30398.652,11.782,5576
 2763,30409.904,11.252,5576
 2764,30421.609,11.706,5576
 2765,30433.580,11.970,5576
 2766,30445.695,12.116,5576
 2767,30456.809,11.113,5576
 2768,30469.137,12.329,5576
 2769,30481.162,12.024,5576
 2770,30492.650,11.488,5576
 2771,30502.557, 9.908,5576
 2772,30514.545,11.987,5576
 2773,30526.137,11.593,5576
 2774,30538.014,11.876,5576
 2775,30548.793,10.780,5576
 2776,30560.354,11.561,5576
 2777,30572.918,12.563,5576
 2778,30584.094,11.175,5576
 2779,30595.717,11.625,5576
 2780,30607.941,12.224,5576
 2781,30619.473,11.532,5576
 2782,30630.826,11.353,5576
 2783,30642.795,11.969,5576
 2784,30654.510,11.714,5576
 2785,30666.092,11.582,5576
 2786,30678.014,11.923,5576
 2787,30688.850,10.836,5576
 2788,30700.844,11.993,5576
 2789,30712.482,11.639,5576
 2790,30725.369,12.887,5576
 2791,30735.461,10.092,5576
 2792,30748.365,12.903,5576
 2793,30758.305, 9.940,5576
 2794,30770.477,12.172,5576
 2795,30781.818,11.341,5576
 2796,30794.502,12.685,5576
 2797,30804.914,10.411,5576
 2798,30817.746,12.831,5576
 2799,30828.912,11.167,5576
 2800,30841.965,13.054,5576
 2801,30851.660, 9.694,5576
 2802,30864.266,12.605,5576
 2803,30876.434,12.169,5576
 2804,30889.074,12.640,5576
 2805,30899.631,10.558,5576
 2806,30911.990,12.359,5576
 2807,30923.457,11.468,5576
 2808,30934.389,10.932,5576
 2809,30945.865,11.476,5576
 2810,30958.621,12.756,5576
 2811,30970.908,12.285,5576
 2812,30981.590,10.681,5576
 2813,30993.887,12.299,5576
 2814,31006.266,12.378,5576
 2815,31015.773, 9.509,5576
 2816,31028.674,12.900,5576
 2817,31040.281,11.606,5576
 2818,31052.551,12.271,5576
 2819,31063.070,10.517,5576
 2820,31075.770,12.700,5576
 2821,31086.189,10.421,5576
 2822,31099.197,13.007,5576
 2823,31110.293,11.098,5576
 2824,31122.113,11.819,5576
 2825,31133.666,11.551,5576
 2826,31147.506,13.841,5576
 2827,31158.014,10.507,5576
 2828,31169.330,11.316,5576
 2829,31179.973,10.645,5576
 2830,31192.953,12.980,5576
 2831,31203.738,10.784,5576
 2832,31215.916,12.178,5576
 2833,31228.838,12.921,5576
 2834,31239.402,10.564,5576
 2835,31250.906,11.504,5576
 2836,31263.270,12.364,5576
 2837,31274.473,11.205,5576
 2838,31286.369,11.897,5576
 2839,31298.512,12.141,5576
 2840,31310.854,12.343,5576
 2841,31322.121,11.267,5576
 2842,31333.717,11.596,5576
 2843,31345.609,11.892,5576
 2844,31357.840,12.230,5576
 2845,31369.305,11.466,5576
 2846,31382.857,13.551,5576
 2847,31392.793, 9.937,5576
 2848,31405.150,12.355,5576
 2849,31417.117,11.968,5576
 2850,31429.510,12.393,5576
 2851,31441.006,11.497,5576
 2852,31452.701,11.695,5576
 2853,31464.383,11.682,5576
 2854,31477.117,12.733,5576
 2855,31488.484,11.367,5576
 2856,31500.043,11.560,5576
 2857,31511.678,11.635,5576
 2858,31523.938,12.258,5576
 2859,31535.586,11.649,5576
 2860,31547.818,12.231,5576
 2861,31559.609,11.792,5576
 2862,31571.719,12.111,5576
 2863,31582.547,10.828,5576
 2864,31594.238,11.691,5576
 2865,31606.426,12.186,5576
 2866,31618.594,12.169,5576
 2867,31630.650,12.056,5576
 2868,31641.514,10.864,5576
 2869,31655.270,13.756,5576
 2870,31666.701,11.432,5576
 2871,31677.908,11.206,5576
 2872,31690.305,12.399,5576
 2873,31702.402,12.094,5576
 2874,31714.227,11.827,5576
 2875,31726.846,12.619,5576
 2876,31739.338,12.492,5576
 2877,31750.629,11.290,5576
 2878,31762.914,12.285,5576
 2879,31773.613,10.701,5576
 2880,31785.287,11.673,5576
 2881,31798.461,13.175,5576
 2882,31809.141,10.680,5576
 2883,31821.189,12.047,5576
 2884,31833.053,11.864,5576
 2885,31846.369,13.316,5576
 2886,31858.838,12.469,5576
 2887,31869.125,10.288,5576
 2888,31881.430,12.304,5576
 2889,31891.955,10.525,5576
 2890,31904.098,12.141,5576
 2891,31916.619,12.523,5576
 2892,31928.889,12.271,5576
 2893,31941.779,12.889,5576
 2894,31956.361,14.581,5576
 2895,31967.482,11.122,5576
 2896,31978.777,11.296,5576
 2897,31989.934,11.154,5576
 2898,32002.828,12.895,5576
 2899,32014.689,11.861,5576
 2900,32025.990,11.300,5576
 2901,32037.477,11.489,5576
 2902,32048.785,11.307,5576
 2903,32060.104,11.319,5576
 2904,32073.363,13.260,5576
 2905,32085.545,12.181,5576
 2906,32097.430,11.884,5576
 2907,32109.641,12.214,5576
 2908,32121.287,11.645,5576
 2909,32132.102,10.813,5576
 2910,32144.193,12.094,5576
 2911,32156.658,12.463,5576
 2912,32168.301,11.644,5576
 2913,32179.346,11.043,5576
 2914,32191.697,12.354,5576
 2915,32203.816,12.117,5576
 2916,32215.990,12.173,5576
 2917,32227.439,11.451,5576
 2918,32240.461,13.021,5576
 2919,32252.105,11.645,5576
 2920,32264.660,12.554,5576
 2921,32276.520,11.860,5576
 2922,32289.342,12.823,5576
 2923,32300.381,11.039,5576
 2924,32312.521,12.140,5576
 2925,32324.994,12.473,5576
 2926,32338.416,13.421,5576
 2927,32349.826,11.411,5576
 2928,32361.828,12.001,5576
 2929,32372.771,10.944,5576
 2930,32384.902,12.130,5576
 2931,32396.443,11.542,5576
 2932,32409.676,13.232,5576
 2933,32421.998,12.323,5576
 2934,32433.695,11.697,5576
 2935,32446.568,12.872,5576
 2936,32458.496,11.928,5576
 2937,32472.441,13.946,5576
 2938,32483.885,11.445,5576
 2939,32494.697,10.810,5576
 2940,32504.648, 9.951,5576
 2941,32515.424,10.776,5576
 2942,32528.586,13.163,5576
 2943,32539.896,11.309,5576
 2944,32551.682,11.785,5576
 2945,32564.990,13.310,5576
 2946,32577.293,12.302,5576
 2947,32588.617,11.326,5576
 2948,32600.639,12.021,5576
 2949,32611.445,10.805,5576
 2950,32624.664,13.219,5576
 2951,32634.742,10.078,5576
 2952,32648.785,14.045,5576
 2953,32660.678,11.892,5576
 2954,32672.738,12.059,5576
 2955,32684.814,12.076,5576
 2956,32696.873,12.059,5576
 2957,32708.361,11.488,5576
 2958,32720.510,12.149,5576
 2959,32733.297,12.788,5576
 2960,32744.586,11.289,5576
 2961,32756.607,12.021,5576
 2962,32767.557,10.951,5576
 2963,32779.730,12.170,5576
 2964,32792.789,13.059,5576
 2965,32804.301,11.515,5576
 2966,32816.859,12.555,5576
 2967,32828.629,11.771,5576
 2968,32840.531,11.900,5576
 2969,32853.188,12.659,5576
 2970,32864.809,11.620,5576
 2971,32876.496,11.690,5576
 2972,32889.809,13.312,5576
 2973,32901.379,11.569,5576
 2974,32914.902,13.525,5576
 2975,32927.680,12.779,5576
 2976,32938.504,10.823,5576
 2977,32949.945,11.440,5576
 2978,32963.590,13.643,5576
 2979,32975.672,12.084,5576
 2980,32986.777,11.104,5576
 2981,32998.281,11.506,5576
 2982,33010.121,11.838,5576
 2983,33022.176,12.058,5576
 2984,33033.758,11.581,5576
 2985,33046.234,12.475,5576
 2986,33058.500,12.268,5576
 2987,33070.844,12.341,5576
 2988,33083.066,12.222,5576
 2989,33095.758,12.691,5576
 2990,33107.176,11.422,5576
 2991,33120.031,12.850,5576
 2992,33131.996,11.969,5576
 2993,33143.965,11.966,5576
 2994,33156.195,12.229,5576
 2995,33168.125,11.931,5576
 2996,33180.488,12.364,5576
 2997,33192.453,11.965,5576
 2998,33204.508,12.056,5576
 2999,33216.543,12.035,5576
 3000,33229.461,12.919,5576
 3001,33241.355,11.893,5576
 3002,33253.707,12.351,5576
 3003,33265.809,12.103,5576
 3004,33277.328,11.518,5576
 3005,33288.762,11.434,5576
 3006,33301.141,12.380,5576
 3007,33313.559,12.415,5576
 3008,33325.902,12.347,5576
 3009,33337.219,11.316,5576
 3010,33349.441,12.221,5576
 3011,33361.230,11.789,5576
 3012,33373.707,12.476,5576
 3013,33386.277,12.571,5576
 3014,33399.445,13.167,5576
 3015,33410.512,11.068,5576
 3016,33422.645,12.135,5576
 3017,33435.594,12.947,5576
 3018,33447.875,12.279,5576
 3019,33459.027,11.155,5576
 3020,33471.762,12.734,5576
 3021,33483.797,12.037,5576
 3022,33495.695,11.894,5576
 3023,33507.941,12.247,5576
 3024,33521.594,13.654,5576
 3025,33533.363,11.768,5576
 3026,33545.215,11.852,5576
 3027,33557.313,12.098,5576
 3028,33569.055,11.741,5576
 3029,33580.645,11.594,5576
 3030,33593.117,12.472,5576
 3031,33605.121,12.004,5576
 3032,33618.387,13.261,5576
 3033,33630.328,11.944,5576
 3034,33643.285,12.957,5576
 3035,33654.066,10.780,5576
 3036,33668.164,14.102,5576
 3037,33679.488,11.321,5576
 3038,33690.848,11.361,5576
 3039,33703.305,12.456,5576
 3040,33716.547,13.243,5576
 3041,33727.328,10.782,5576
 3042,33741.027,13.695,5576
 3043,33754.691,13.665,5576
 3044,33767.785,13.095,5576
 3045,33779.984,12.199,5576
 3046,33792.512,12.530,5576
 3047,33803.711,11.195,5576
 3048,33814.473,10.765,5576
 3049,33826.543,12.069,5576
 3050,33839.379,12.835,5576
 3051,33849.938,10.559,5576
 3052,33863.660,13.726,5576
 3053,33876.320,12.657,5576
 3054,33888.664,12.344,5576
 3055,33900.621,11.959,5576
 3056,33912.336,11.717,5576
 3057,33924.629,12.290,5576
 3058,33936.336,11.709,5576
 3059,33948.094,11.755,5576
 3060,33962.113,14.022,5576
 3061,33975.664,13.550,5576
 3062,33986.961,11.294,5576
 3063,33997.770,10.808,5576
 3064,34009.656,11.888,5576
 3065,34022.262,12.605,5576
 3066,34034.023,11.760,5576
 3067,34045.895,11.874,5576
 3068,34057.480,11.586,5576
 3069,34069.441,11.959,5576
 3070,34081.477,12.038,5576
 3071,34093.789,12.313,5576
 3072,34107.125,13.335,5576
 3073,34118.750,11.623,5576
 3074,34130.875,12.125,5576
 3075,34143.141,12.267,5576
 3076,34154.520,11.376,5576
 3077,34166.570,12.054,5576
 3078,34178.598,12.028,5576
 3079,34191.379,12.779,5576
 3080,34204.320,12.946,5576
 3081,34216.660,12.339,5576
 3082,34228.914,12.253,5576
 3083,34241.477,12.561,5576
 3084,34252.863,11.385,5576
 3085,34264.027,11.163,5576
 3086,34275.664,11.639,5576
 3087,34288.789,13.125,5576
 3088,34301.652,12.864,5576
 3089,34313.465,11.815,5576
 3090,34325.254,11.787,5576
 3091,34338.262,13.007,5576
 3092,34350.355,12.092,5576
 3093,34363.609,13.255,5576
 3094,34375.465,11.859,5576
 3095,34386.324,10.859,5576
 3096,34399.480,13.154,5576
 3097,34410.984,11.507,5576
 3098,34423.379,12.389,5576
 3099,34435.000,11.626,5576
 3100,34448.152,13.153,5576
 3101,34459.645,11.489,5576
 3102,34471.402,11.757,5576
 3103,34484.105,12.706,5576
 3104,34495.969,11.863,5576
 3105,34507.746,11.773,5576
 3106,34520.863,13.117,5576
 3107,34532.113,11.255,5576
 3108,34544.996,12.881,5576
 3109,34556.984,11.988,5576
 3110,34569.883,12.897,5576
 3111,34581.117,11.237,5576
 3112,34594.418,13.298,5576
 3113,34606.027,11.607,5576
 3114,34617.863,11.837,5576
 3115,34629.473,11.613,5576
 3116,34641.777,12.306,5576
 3117,34654.508,12.731,5576
 3118,34667.059,12.547,5576
 3119,34678.633,11.575,5576
 3120,34691.473,12.843,5576
 3121,34703.750,12.274,5576
 3122,34716.410,12.660,5576
 3123,34729.078,12.669,5576
 3124,34740.969,11.891,5576
 3125,34752.965,11.997,5576
 3126,34765.258,12.290,5576
 3127,34777.691,12.433,5576
 3128,34789.816,12.130,5576
 3129,34801.816,12.000,5576
 3130,34815.473,13.655,5576
 3131,34827.656,12.184,5576
 3132,34839.898,12.239,5576
 3133,34852.195,12.295,5576
 3134,34864.563,12.369,5576
 3135,34877.930,13.369,5576
 3136,34890.336,12.407,5576
 3137,34901.805,11.469,5576
 3138,34914.738,12.929,5576
 3139,34926.664,11.928,5576
 3140,34939.699,13.032,5576
 3141,34951.414,11.717,5576
 3142,34964.980,13.570,5576
 3143,34976.398,11.415,5576
 3144,34988.398,12.000,5576
 3145,35000.770,12.370,5576
 3146,35012.738,11.970,5576
 3147,35025.043,12.303,5576
 3148,35038.074,13.035,5576
 3149,35050.203,12.125,5576
 3150,35061.926,11.725,5576
 3151,35074.742,12.815,5576
 3152,35087.047,12.306,5576
 3153,35099.824,12.780,5576
 3154,35111.539,11.713,5576
 3155,35124.176,12.636,5576
 3156,35136.785,12.612,5576
 3157,35148.633,11.847,5576
 3158,35161.641,13.008,5576
 3159,35173.719,12.075,5576
 3160,35185.891,12.174,5576
 3161,35199.355,13.463,5576
 3162,35213.992,14.639,5576
 3163,35226.438,12.445,5576
 3164,35239.488,13.052,5576
 3165,35250.496,11.008,5576
 3166,35264.375,13.874,5576
 3167,35276.488,12.116,5576
 3168,35289.855,13.366,5576
 3169,35301.539,11.684,5576
 3170,35313.383,11.842,5576
 3171,35327.070,13.690,5576
 3172,35338.832,11.765,5576
 3173,35350.055,11.217,5576
 3174,35362.152,12.101,5576
 3175,35373.102,10.947,5576
 3176,35384.336,11.237,5576
 3177,35395.277,10.940,5576
 3178,35408.535,13.256,5576
 3179,35420.629,12.096,5576
 3180,35434.473,13.845,5576
 3181,35446.578,12.104,5576
 3182,35458.242,11.662,5576
 3183,35470.523,12.282,5576
 3184,35482.859,12.336,5576
 3185,35494.352,11.492,5576
 3186,35506.867,12.514,5576
 3187,35518.652,11.788,5576
 3188,35531.699,13.046,5576
 3189,35543.203,11.505,5576
 3190,35557.074,13.872,5576
 3191,35568.410,11.332,5576
 3192,35580.141,11.735,5576
 3193,35592.418,12.275,5576
 3194,35605.414,12.996,5576
 3195,35617.258,11.845,5576
 3196,35628.734,11.475,5576
 3197,35642.121,13.388,5576
 3198,35653.594,11.473,5576
 3199,35665.969,12.373,5576
 3200,35678.359,12.389,5576
 3201,35690.496,12.141,5576
 3202,35705.391,14.892,5576
 3203,35718.016,12.625,5576
 3204,35729.688,11.672,5576
 3205,35741.973,12.288,5576
 3206,35754.617,12.643,5576
 3207,35767.539,12.919,5576
 3208,35781.004,13.469,5576
 3209,35794.379,13.370,5576
 3210,35807.129,12.756,5576
 3211,35819.094,11.963,5576
 3212,35831.754,12.660,5576
 3213,35843.582,11.828,5576
 3214,35854.633,11.052,5576
 3215,35866.320,11.689,5576
 3216,35878.738,12.415,5576
 3217,35892.340,13.604,5576
 3218,35904.188,11.843,5576
 3219,35918.074,13.887,5576
 3220,35930.691,12.616,5576
 3221,35941.660,10.974,5576
 3222,35952.781,11.118,5576
 3223,35963.828,11.049,5576
 3224,35977.965,14.137,5576
 3225,35990.262,12.294,5576
 3226,36004.168,13.911,5576
 3227,36016.227,12.052,5576
 3228,36030.539,14.316,5576
 3229,36042.645,12.107,5576
 3230,36054.070,11.424,5576
 3231,36065.105,11.036,5576
 3232,36078.316,13.210,5576
 3233,36089.426,11.110,5576
 3234,36101.738,12.311,5576
 3235,36113.457,11.719,5576
 3236,36124.723,11.267,5576
 3237,36137.000,12.277,5576
 3238,36150.457,13.456,5576
 3239,36162.121,11.664,5576
 3240,36174.234,12.114,5576
 3241,36186.359,12.124,5576
 3242,36198.879,12.519,5576
 3243,36210.859,11.981,5576
 3244,36223.730,12.871,5576
 3245,36234.914,11.186,5576
 3246,36248.152,13.238,5576
 3247,36260.820,12.668,5576
 3248,36272.695,11.871,5576
 3249,36285.668,12.978,5576
 3250,36297.855,12.184,5576
 3251,36309.891,12.033,5576
 3252,36322.469,12.581,5576
 3253,36334.906,12.435,5576
 3254,36347.316,12.414,5576
 3255,36359.840,12.523,5576
 3256,36372.543,12.700,5576
 3257,36384.234,11.692,5576
 3258,36396.461,12.229,5576
 3259,36410.063,13.601,5576
 3260,36422.531,12.467,5576
 3261,36434.113,11.582,5576
 3262,36446.672,12.562,5576
 3263,36459.375,12.701,5576
 3264,36473.227,13.853,5576
 3265,36486.145,12.918,5576
 3266,36499.273,13.129,5576
 3267,36511.824,12.549,5576
 3268,36524.777,12.954,5576
 3269,36536.875,12.095,5576
 3270,36550.121,13.251,5576
 3271,36561.609,11.485,5576
 3272,36573.984,12.377,5576
 3273,36585.320,11.338,5576
 3274,36598.391,13.065,5576
 3275,36609.938,11.547,5576
 3276,36622.609,12.674,5576
 3277,36634.152,11.543,5576
 3278,36647.367,13.212,5576
 3279,36659.375,12.010,5576
 3280,36672.191,12.814,5576
 3281,36685.035,12.844,5576
 3282,36697.840,12.811,5576
 3283,36710.914,13.072,5576
 3284,36724.324,13.411,5576
 3285,36736.145,11.819,5576
 3286,36748.543,12.395,5576
 3287,36761.777,13.237,5576
 3288,36773.313,11.534,5576
 3289,36785.113,11.804,5576
 3290,36798.199,13.081,5576
 3291,36810.586,12.387,5576
 3292,36824.254,13.669,5576
 3293,36834.875,10.621,5576
 3294,36848.563,13.687,5576
 3295,36860.777,12.218,5576
 3296,36873.570,12.790,5576
 3297,36887.352,13.782,5576
 3298,36899.836,12.486,5576
 3299,36911.164,11.329,5576
 3300,36924.023,12.855,5576
 3301,36936.672,12.651,5576
 3302,36949.402,12.731,5576
 3303,36961.922,12.521,5576
 3304,36976.988,15.065,5576
 3305,36988.699,11.707,5576
 3306,37002.770,14.075,5576
 3307,37015.813,13.044,5576
 3308,37027.324,11.511,5576
 3309,37038.941,11.615,5576
 3310,37052.102,13.162,5576
 3311,37064.703,12.598,5576
 3312,37076.582,11.881,5576
 3313,37089.074,12.494,5576
 3314,37101.313,12.236,5576
 3315,37114.434,13.124,5576
 3316,37129.270,14.835,5576
 3317,37141.816,12.548,5576
 3318,37155.594,13.775,5576
 3319,37167.840,12.247,5576
 3320,37179.824,11.983,5576
 3321,37192.012,12.185,5576
 3322,37203.766,11.757,5576
 3323,37216.445,12.681,5576
 3324,37229.051,12.603,5576
 3325,37242.023,12.972,5576
 3326,37255.043,13.020,5576
 3327,37267.516,12.473,5576
 3328,37279.688,12.170,5576
 3329,37292.066,12.379,5576
 3330,37306.168,14.104,5576
 3331,37319.145,12.978,5576
 3332,37331.727,12.579,5576
 3333,37343.355,11.627,5576
 3334,37355.285,11.933,5576
 3335,37367.523,12.236,5576
 3336,37380.133,12.613,5576
 3337,37392.668,12.535,5576
 3338,37406.238,13.569,5576
 3339,37418.691,12.452,5576
 3340,37430.848,12.157,5576
 3341,37443.578,12.730,5576
 3342,37455.465,11.889,5576
 3343,37468.586,13.120,5576
 3344,37481.336,12.752,5576
 3345,37494.738,13.399,5576
 3346,37507.648,12.911,5576
 3347,37520.953,13.306,5576
 3348,37533.184,12.228,5576
 3349,37545.465,12.285,5576
 3350,37559.535,14.068,5576
 3351,37571.902,12.368,5576
 3352,37584.125,12.222,5576
 3353,37596.570,12.447,5576
 3354,37609.203,12.632,5576
 3355,37622.066,12.861,5576
 3356,37633.980,11.916,5576
 3357,37645.813,11.834,5576
 3358,37658.473,12.661,5576
 3359,37671.234,12.759,5576
 3360,37684.125,12.891,5576
 3361,37696.793,12.668,5576
 3362,37709.871,13.077,5576
 3363,37724.449,14.581,5576
 3364,37736.219,11.765,5576
 3365,37748.152,11.938,5576
 3366,37761.820,13.668,5576
 3367,37774.426,12.605,5576
 3368,37789.063,14.633,5576
 3369,37804.188,15.127,5576
 3370,37818.930,14.741,5576
 3371,37832.207,13.278,5576
 3372,37845.699,13.492,5576
 3373,37858.215,12.516,5576
 3374,37870.578,12.362,5576
 3375,37883.711,13.134,5576
 3376,37896.391,12.678,5576
 3377,37908.813,12.424,5576
 3378,37924.109,15.297,5576
 3379,37937.949,13.840,5576
 3380,37950.273,12.326,5576
 3381,37964.418,14.140,5576
 3382,37976.063,11.647,5576
 3383,37988.113,12.049,5576
 3384,37999.543,11.431,5576
 3385,38014.914,15.373,5576
 3386,38028.094,13.178,5576
 3387,38040.426,12.332,5576
 3388,38052.055,11.629,5576
 3389,38063.613,11.558,5576
 3390,38076.004,12.394,5576
 3391,38087.516,11.509,5576
 3392,38099.012,11.496,5576
 3393,38111.227,12.216,5576
 3394,38122.762,11.532,5576
 3395,38134.855,12.095,5576
 3396,38146.707,11.851,5576
 3397,38159.227,12.518,5576
 3398,38171.785,12.563,5576
 3399,38183.742,11.955,5576
 3400,38195.922,12.181,5576
 3401,38208.793,12.871,5576
 3402,38221.484,12.693,5576
 3403,38235.309,13.822,5576
 3404,38247.801,12.491,5576
 3405,38260.273,12.475,5576
 3406,38272.363,12.089,5576
 3407,38285.848,13.481,5576
 3408,38298.309,12.466,5576
 3409,38311.020,12.709,5576
 3410,38323.406,12.387,5576
 3411,38336.023,12.614,5576
 3412,38348.539,12.517,5576
 3413,38362.309,13.773,5576
 3414,38375.043,12.730,5576
 3415,38387.234,12.191,5576
 3416,38399.523,12.290,5576
 3417,38411.441,11.922,5576
 3418,38424.219,12.773,5576
 3419,38437.203,12.983,5576
 3420,38450.414,13.214,5576
 3421,38462.965,12.551,5576
 3422,38477.109,14.146,5576
 3423,38489.789,12.679,5576
 3424,38502.613,12.825,5576
 3425,38515.898,13.281,5576
 3426,38527.695,11.798,5576
 3427,38540.258,12.562,5576
 3428,38552.754,12.500,5576
 3429,38565.867,13.112,5576
 3430,38578.555,12.687,5576
 3431,38590.059,11.502,5576
 3432,38601.645,11.589,5576
 3433,38613.941,12.295,5576
 3434,38625.801,11.862,5576
 3435,38638.668,12.866,5576
 3436,38651.152,12.483,5576
 3437,38663.578,12.425,5576
 3438,38675.477,11.901,5576
 3439,38687.891,12.412,5576
 3440,38700.797,12.907,5576
 3441,38713.180,12.382,5576
 3442,38725.844,12.661,5576
 3443,38738.188,12.345,5576
 3444,38751.141,12.957,5576
 3445,38763.598,12.455,5576
 3446,38776.570,12.972,5576
 3447,38788.563,11.991,5576
 3448,38801.688,13.126,5576
 3449,38813.594,11.908,5576
 3450,38826.086,12.491,5576
 3451,38838.379,12.293,5576
 3452,38850.871,12.493,5576
 3453,38862.563,11.689,5576
 3454,38875.621,13.062,5576
 3455,38887.805,12.183,5576
 3456,38899.855,12.048,5576
 3457,38913.164,13.314,5576
 3458,38926.043,12.873,5576
 3459,38937.898,11.859,5576
 3460,38950.250,12.349,5576
 3461,38963.074,12.828,5576
 3462,38976.320,13.247,5576
 3463,38989.082,12.760,5576
 3464,39001.305,12.222,5576
 3465,39013.789,12.484,5576
 3466,39026.582,12.793,5576
 3467,39038.410,11.830,5576
 3468,39051.418,13.006,5576
 3469,39065.215,13.796,5576
 3470,39078.617,13.403,5576
 3471,39090.621,12.004,5576
 3472,39101.777,11.156,5576
 3473,39113.266,11.489,5576
 3474,39124.859,11.590,5576
 3475,39137.516,12.659,5576
 3476,39149.723,12.206,5576
 3477,39162.434,12.714,5576
 3478,39175.313,12.880,5576
 3479,39187.285,11.970,5576
 3480,39199.188,11.902,5576
 3481,39211.438,12.252,5576
 3482,39225.887,14.448,5576
 3483,39240.762,14.876,5576
 3484,39253.469,12.707,5576
 3485,39265.891,12.421,5576
 3486,39278.227,12.336,5576
 3487,39291.355,13.128,5576
 3488,39303.723,12.369,5576
 3489,39315.762,12.040,5576
 3490,39329.066,13.303,5576
 3491,39340.965,11.899,5576
 3492,39353.762,12.797,5576
 3493,39366.688,12.922,5576
 3494,39378.566,11.882,5576
 3495,39390.645,12.080,5576
 3496,39402.676,12.026,5576
 3497,39415.785,13.115,5576
 3498,39428.188,12.397,5576
 3499,39439.906,11.722,5576
 3500,39452.016,12.106,5576
 3501,39463.625,11.611,5576
 3502,39474.852,11.227,5576
 3503,39488.434,13.585,5576
 3504,39500.039,11.603,5576
 3505,39511.273,11.237,5576
 3506,39522.867,11.588,5576
 3507,39533.945,11.082,5576
 3508,39546.898,12.951,5576
 3509,39561.031,14.134,5576
 3510,39572.262,11.232,5576
 3511,39584.023,11.759,5576
 3512,39596.148,12.129,5576
 3513,39608.473,12.321,5576
 3514,39620.625,12.152,5576
 3515,39635.121,14.500,5576
 3516,39646.961,11.836,5576
 3517,39660.695,13.735,5576
 3518,39672.523,11.827,5576
 3519,39684.137,11.617,5576
 3520,39695.547,11.407,5576
 3521,39707.426,11.881,5576
 3522,39719.988,12.563,5576
 3523,39732.168,12.178,5576
 3524,39744.715,12.545,5576
 3525,39756.898,12.187,5576
 3526,39769.543,12.642,5576
 3527,39782.266,12.722,5576
 3528,39795.320,13.060,5576
 3529,39809.043,13.718,5576
 3530,39822.063,13.019,5576
 3531,39836.773,14.712,5576
 3532,39850.043,13.269,5576
 3533,39864.117,14.075,5576
 3534,39877.098,12.979,5576
 3535,39890.352,13.253,5576
 3536,39903.055,12.705,5576
 3537,39915.965,12.912,5576
 3538,39929.313,13.350,5576
 3539,39944.316,15.003,5576
 3540,39958.035,13.716,5576
 3541,39970.770,12.736,5576
 3542,39983.691,12.917,5576
 3543,39995.227,11.539,5576
 3544,40008.227,13.000,5576
 3545,40020.164,11.938,5576
 3546,40032.500,12.336,5576
 3547,40045.961,13.461,5576
 3548,40058.520,12.555,5576
 3549,40070.516,11.999,5576
 3550,40082.828,12.315,5576
 3551,40093.898,11.066,5576
 3552,40106.188,12.289,5576
 3553,40118.430,12.245,5576
 3554,40131.902,13.470,5576
 3555,40144.082,12.181,5576
 3556,40156.207,12.124,5576
 3557,40167.809,11.604,5576
 3558,40180.652,12.845,5576
 3559,40192.715,12.059,5576
 3560,40204.832,12.120,5576
 3561,40218.664,13.833,5576
 3562,40232.059,13.391,5576
 3563,40243.285,11.229,5576
 3564,40255.688,12.400,5576
 3565,40267.598,11.911,5576
 3566,40279.441,11.846,5576
 3567,40292.598,13.153,5447
 3568,40305.160,12.567,5447
 3569,40334.668,29.507,5447
 3570,40351.195,16.522,5447
 3571,40366.488,15.296,5447
 3572,40379.727,13.238,5447
 3573,40392.016,12.286,5447
 3574,40404.035,12.022,5447
 3575,40416.828,12.794,5447
 3576,40431.793,14.963,5447
 3577,40444.656,12.867,5447
 3578,40454.461, 9.802,5447
 3579,40462.785, 8.327,5447
 3580,40473.809,11.020,5447
 3581,40481.059, 7.250,5447
 3582,40490.953, 9.895,5447
 3583,40500.035, 9.080,5447
 3584,40509.973, 9.942,5447
 3585,40521.691,11.714,5447
 3586,40534.180,12.489,5447
 3587,40545.914,11.736,5447
 3588,40558.203,12.286,5447
 3589,40572.273,14.073,5447
 3590,40584.383,12.109,5447
 3591,40596.992,12.611,5447
 3592,40611.750,14.757,5447
 3593,40623.500,11.753,5447
 3594,40636.176,12.671,5447
 3595,40648.051,11.878,5447
 3596,40659.875,11.820,5447
 3597,40671.758,11.886,5447
 3598,40683.938,12.179,5447
 3599,40696.406,12.469,5447
 3600,40708.723,12.318,5447
 3601,40721.141,12.418,5447
 3602,40734.395,13.254,5447
 3603,40747.020,12.622,5447
 3604,40761.555,14.537,5447
 3605,40775.656,14.102,5447
 3606,40789.090,13.433,5447
 3607,40799.234,10.146,5447
 3608,40812.934,13.699,5447
 3609,40826.203,13.268,5447
 3610,40837.555,11.350,5447
 3611,40850.672,13.116,5447
 3612,40864.141,13.473,5447
 3613,40877.254,13.112,5447
 3614,40889.520,12.264,5447
 3615,40903.328,13.812,5447
 3616,40915.070,11.741,5447
 3617,40927.418,12.348,5447
 3618,40940.445,13.026,5447
 3619,40953.742,13.296,5447
 3620,40965.918,12.178,5447
 3621,40978.598,12.679,5447
 3622,40991.664,13.070,5447
 3623,41004.418,12.751,5447
 3624,41016.891,12.472,5447
 3625,41030.109,13.219,5447
 3626,41043.734,13.625,5447
 3627,41057.762,14.027,5447
 3628,41070.199,12.436,5463
 3629,41083.340,13.138,5463
 3630,41094.898,11.562,5463
 3631,41106.773,11.877,5463
 3632,41120.430,13.656,5463
 3633,41135.027,14.594,5463
 3634,41146.105,11.081,5463
 3635,41158.523,12.418,5463
 3636,41171.578,13.052,5463
 3637,41184.586,13.008,5463
 3638,41198.016,13.429,5479
 3639,41211.602,13.588,5479
 3640,41225.973,14.372,5479
 3641,41237.355,11.380,5479
 3642,41250.039,12.684,5479
 3643,41262.656,12.623,5479
 3644,41277.609,14.951,5479
 3645,41287.988,10.378,5479
 3646,41298.746,10.759,5479
 3647,41312.984,14.236,5479
 3648,41328.602,15.617,5479
 3649,41342.496,13.895,5479
 3650,41351.844, 9.347,5479
 3651,41364.887,13.044,5479
 3652,41376.762,11.875,5479
 3653,41390.438,13.677,5479
 3654,41403.215,12.774,5479
 3655,41416.207,12.992,5479
 3656,41428.949,12.745,5479
 3657,41441.957,13.008,5479
 3658,41454.867,12.910,5479
 3659,41468.605,13.739,5479
 3660,41478.180, 9.572,5479
 3661,41492.363,14.182,5479
 3662,41502.027, 9.665,5479
 3663,41514.465,12.438,5479
 3664,41525.844,11.377,5479
 3665,41538.391,12.549,5479
 3666,41580.492,42.103,5511
 3667,41589.352, 8.856,5511
 3668,41597.066, 7.718,5511
 3669,41605.090, 8.021,5511
 3670,41619.074,13.985,5511
 3671,41628.340, 9.267,5511
 3672,41636.309, 7.969,5511
 3673,41648.969,12.661,5511
 3674,41663.297,14.327,5511
 3675,41675.195,11.896,5511
 3676,41688.449,13.258,5511
 3677,41701.742,13.291,5511
 3678,41715.438,13.697,5511
 3679,41728.070,12.630,5511
 3680,41740.844,12.772,5511
 3681,41753.082,12.242,5511
 3682,41768.746,15.665,5511
 3683,41781.320,12.575,5511
 3684,41790.988, 9.666,5511
 3685,41803.297,12.309,5511
 3686,41815.508,12.207,5511
 3687,41827.859,12.352,5511
 3688,41840.891,13.032,5511
 3689,41852.387,11.496,5511
 3690,41864.355,11.967,5511
 3691,41876.543,12.189,5511
 3692,41887.844,11.301,5511
 3693,41899.539,11.697,5511
 3694,41911.426,11.888,5511
 3695,41923.215,11.787,5511
 3696,41935.066,11.853,5511
 3697,41947.273,12.209,5511
 3698,41959.477,12.203,5511
 3699,41971.934,12.456,5511
 3700,41985.793,13.858,5511
 3701,41998.711,12.916,5511
 3702,42010.867,12.157,5511
 3703,42023.605,12.741,5511
 3704,42037.840,14.230,5511
 3705,42052.422,14.584,5511
 3706,42066.473,14.054,5511
 3707,42081.227,14.750,5511
 3708,42093.109,11.885,5511
 3709,42106.383,13.271,5511
 3710,42119.875,13.493,5511
 3711,42132.438,12.563,5511
 3712,42145.809,13.372,5511
 3713,42158.770,12.959,5511
 3714,42172.313,13.545,5511
 3715,42186.488,14.179,5511
 3716,42199.348,12.856,5511
 3717,42211.242,11.894,5511
 3718,42222.918,11.675,5511
 3719,42234.746,11.830,5511
 3720,42246.895,12.146,5511
 3721,42261.184,14.289,5511
 3722,42272.484,11.303,5511
 3723,42285.836,13.350,5511
 3724,42299.402,13.569,5511
 3725,42310.516,11.110,5511
 3726,42322.207,11.693,5511
 3727,42335.270,13.064,5511
 3728,42349.652,14.384,5511
 3729,42361.305,11.651,5527
 3730,42375.078,13.771,5527
 3731,42386.465,11.388,5527
 3732,42399.801,13.335,5527
 3733,42412.980,13.182,5527
 3734,42424.992,12.010,5527
 3735,42437.516,12.523,5527
 3736,42466.480,28.969,5527
 3737,42480.277,13.795,5527
 3738,42486.973, 6.696,5527
 3739,42493.426, 6.450,5527
 3740,42498.805, 5.380,5527
 3741,42509.844,11.038,5527
 3742,42522.043,12.201,5527
 3743,42534.051,12.007,5527
 3744,42546.586,12.534,5527
 3745,42558.535,11.950,5527
 3746,42570.402,11.868,5527
 3747,42582.891,12.488,5527
 3748,42595.563,12.673,5527
 3749,42606.492,10.929,5527
 3750,42618.836,12.342,5527
 3751,42630.406,11.572,5527
 3752,42642.563,12.156,5527
 3753,42655.004,12.440,5527
 3754,42666.785,11.785,5527
 3755,42679.520,12.730,5527
 3756,42691.344,11.823,5527
 3757,42703.477,12.137,5527
 3758,42715.355,11.875,5527
 3759,42727.648,12.299,5527
 3760,42740.234,12.582,5527
 3761,42752.180,11.945,5527
 3762,42764.191,12.011,5527
 3763,42776.016,11.823,5527
 3764,42787.922,11.910,5527
 3765,42800.582,12.660,5527
 3766,42812.953,12.370,5527
 3767,42824.516,11.562,5527
 3768,42837.105,12.592,5527
 3769,42849.133,12.028,5527
 3770,42861.426,12.292,5527
 3771,42873.355,11.929,5527
 3772,42885.289,11.934,5527
 3773,42897.281,11.993,5527
 3774,42910.211,12.926,5527
 3775,42922.250,12.039,5527
 3776,42934.184,11.933,5527
 3777,42946.355,12.174,5527
 3778,42958.285,11.930,5527
 3779,42971.289,13.005,5527
 3780,42983.086,11.796,5527
 3781,42995.031,11.944,5527
 3782,43007.582,12.551,5527
 3783,43019.289,11.709,5527
 3784,43031.207,11.916,5527
 3785,43043.504,12.295,5527
 3786,43056.051,12.548,5527
 3787,43067.609,11.560,5527
 3788,43080.160,12.551,5527
 3789,43092.434,12.272,5527
 3790,43104.633,12.203,5527
 3791,43116.957,12.322,5527
 3792,43129.160,12.205,5527
 3793,43141.363,12.198,5527
 3794,43154.023,12.662,5527
 3795,43166.020,11.996,5527
 3796,43178.090,12.074,5527
 3797,43191.656,13.564,5527
 3798,43203.305,11.652,5527
 3799,43215.086,11.778,5527
 3800,43228.355,13.266,5527
 3801,43240.516,12.162,5527
 3802,43253.875,13.361,5527
 3803,43265.828,11.955,5527
 3804,43277.977,12.146,5527
 3805,43291.184,13.207,5527
 3806,43302.453,11.272,5527
 3807,43314.633,12.177,5527
 3808,43327.445,12.814,5527
 3809,43339.750,12.303,5527
 3810,43352.043,12.294,5527
 3811,43364.617,12.577,5527
 3812,43376.379,11.756,5527
 3813,43389.320,12.947,5527
 3814,43401.504,12.178,5527
 3815,43413.699,12.198,5527
 3816,43426.082,12.383,5527
 3817,43438.367,12.285,5527
 3818,43451.906,13.539,5527
 3819,43463.766,11.859,5527
 3820,43476.863,13.096,5527
 3821,43489.078,12.217,5527
 3822,43501.699,12.622,5527
 3823,43513.438,11.738,5527
 3824,43526.129,12.691,5527
 3825,43538.480,12.354,5527
 3826,43550.906,12.423,5527
 3827,43563.715,12.810,5527
 3828,43576.820,13.106,5527
 3829,43588.406,11.584,5527
 3830,43600.441,12.037,5527
 3831,43614.227,13.785,5527
 3832,43625.609,11.384,5527
 3833,43638.672,13.059,5527
 3834,43650.246,11.574,5527
 3835,43662.898,12.651,5527
 3836,43675.422,12.527,5527
 3837,43688.137,12.717,5527
 3838,43701.426,13.285,5527
 3839,43713.793,12.371,5527
 3840,43725.984,12.191,5527
 3841,43738.621,12.635,5527
 3842,43751.215,12.591,5527
 3843,43763.813,12.602,5527
 3844,43776.930,13.115,5527
 3845,43788.223,11.292,5527
 3846,43801.293,13.073,5527
 3847,43814.539,13.245,5527
 3848,43826.535,11.995,5527
 3849,43840.352,13.814,5527
 3850,43851.305,10.958,5527
 3851,43864.668,13.357,5527
 3852,43876.754,12.089,5527
 3853,43889.441,12.689,5527
 3854,43902.391,12.949,5527
 3855,43914.801,12.413,5527
 3856,43927.422,12.619,5527
 3857,43939.863,12.439,5527
 3858,43952.621,12.760,5527
 3859,43965.836,13.213,5527
 3860,43977.801,11.967,5527
 3861,43991.773,13.973,5527
 3862,44003.813,12.039,5527
 3863,44016.898,13.084,5527
 3864,44028.867,11.968,5527
 3865,44042.191,13.323,5527
 3866,44054.859,12.671,5527
 3867,44067.363,12.501,5527
 3868,44079.852,12.488,5527
 3869,44092.793,12.947,5527
 3870,44105.191,12.395,5527
 3871,44118.086,12.896,5527
 3872,44130.887,12.799,5527
 3873,44144.129,13.243,5527
 3874,44156.086,11.957,5527
 3875,44169.441,13.355,5527
 3876,44181.281,11.840,5527
 3877,44194.219,12.937,5527
 3878,44209.438,15.220,5527
 3879,44220.332,10.894,5527
 3880,44232.672,12.339,5527
 3881,44245.742,13.071,5527
 3882,44258.059,12.318,5527
 3883,44271.516,13.452,5527
 3884,44284.242,12.732,5527
 3885,44296.379,12.134,5527
 3886,44309.012,12.630,5527
 3887,44322.137,13.132,5527
 3888,44335.090,12.948,5527
 3889,44347.457,12.372,5527
 3890,44360.145,12.684,5527
 3891,44372.930,12.788,5527
 3892,44386.059,13.125,5527
 3893,44398.445,12.388,5527
 3894,44411.609,13.163,5527
 3895,44424.227,12.619,5527
 3896,44437.461,13.235,5527
 3897,44449.852,12.387,5527
 3898,44463.543,13.694,5527
 3899,44476.348,12.805,5527
 3900,44488.508,12.157,5527
 3901,44501.508,12.999,5527
 3902,44514.246,12.741,5527
 3903,44527.707,13.459,5527
 3904,44540.207,12.501,5527
 3905,44552.859,12.653,5527
 3906,44566.121,13.263,5527
 3907,44578.648,12.529,5527
 3908,44591.848,13.195,5527
 3909,44604.836,12.987,5527
 3910,44617.926,13.093,5527
 3911,44631.098,13.175,5527
 3912,44643.145,12.046,5527
 3913,44656.895,13.747,5527
 3914,44669.324,12.434,5527
 3915,44682.113,12.785,5527
 3916,44696.012,13.898,5527
 3917,44708.758,12.749,5527
 3918,44721.133,12.376,5527
 3919,44733.738,12.605,5527
 3920,44747.051,13.308,5527
 3921,44760.480,13.435,5527
 3922,44773.035,12.549,5527
 3923,44785.699,12.664,5527
 3924,44798.211,12.515,5527
 3925,44811.469,13.258,5527
 3926,44824.906,13.437,5527
 3927,44837.785,12.882,5527
 3928,44850.480,12.695,5527
 3929,44863.555,13.071,5527
 3930,44877.293,13.740,5527
 3931,44889.613,12.320,5527
 3932,44902.836,13.222,5527
 3933,44915.602,12.768,5527
 3934,44929.047,13.443,5527
 3935,44942.219,13.169,5527
 3936,44955.262,13.046,5527
 3937,44967.730,12.469,5527
 3938,44980.738,13.005,5527
 3939,44993.746,13.011,5527
 3940,45006.121,12.374,5527
 3941,45019.602,13.480,5527
 3942,45032.746,13.144,5527
 3943,45045.766,13.021,5527
 3944,45058.891,13.126,5527
 3945,45071.305,12.415,5527
 3946,45084.188,12.877,5527
 3947,45097.414,13.230,5527
 3948,45110.289,12.875,5527
 3949,45124.020,13.730,5527
 3950,45137.234,13.214,5527
 3951,45149.398,12.164,5527
 3952,45162.836,13.438,5527
 3953,45175.473,12.640,5527
 3954,45189.438,13.964,5527
 3955,45201.789,12.352,5527
 3956,45215.176,13.382,5527
 3957,45227.664,12.490,5527
 3958,45240.867,13.204,5527
 3959,45253.691,12.823,5527
 3960,45267.176,13.485,5527
 3961,45279.926,12.750,5527
 3962,45292.941,13.017,5527
 3963,45305.555,12.610,5527
 3964,45319.020,13.466,5527
 3965,45331.938,12.920,5527
 3966,45344.770,12.832,5527
 3967,45358.820,14.051,5527
 3968,45371.402,12.582,5527
 3969,45384.301,12.898,5527
 3970,45396.816,12.515,5527
 3971,45410.406,13.591,5527
 3972,45423.707,13.301,5527
 3973,45437.250,13.543,5527
 3974,45449.258,12.008,5527
 3975,45462.941,13.682,5527
 3976,45476.242,13.299,5527
 3977,45489.020,12.777,5527
 3978,45502.555,13.537,5527
 3979,45515.301,12.748,5527
 3980,45529.371,14.070,5527
 3981,45541.461,12.089,5527
 3982,45554.930,13.469,5527
 3983,45567.852,12.921,5527
 3984,45580.707,12.856,5527
 3985,45593.883,13.177,5527
 3986,45607.020,13.133,5527
 3987,45619.945,12.930,5527
 3988,45633.656,13.711,5527
 3989,45646.781,13.125,5527
 3990,45660.195,13.412,5527
 3991,45673.098,12.901,5527
 3992,45687.230,14.134,5527
 3993,45700.266,13.038,5527
 3994,45712.590,12.322,5527
 3995,45726.043,13.453,5527
 3996,45739.137,13.093,5527
 3997,45752.414,13.278,5527
 3998,45765.586,13.171,5527
 3999,45777.605,12.022,5527
 4000,45793.113,15.505,5527
 4001,45805.172,12.058,5527
 4002,45817.844,12.673,5527
 4003,45831.074,13.233,5527
 4004,45844.273,13.199,5527
 4005,45857.293,13.019,5527
 4006,45870.957,13.665,5527
 4007,45883.941,12.984,5527
 4008,45897.477,13.534,5527
 4009,45910.426,12.951,5527
 4010,45924.012,13.582,5527
 4011,45937.211,13.202,5527
 4012,45950.574,13.363,5527
 4013,45963.617,13.045,5527
 4014,45976.930,13.312,5527
 4015,45990.047,13.115,5527
 4016,46004.066,14.019,5527
 4017,46016.867,12.798,5527
 4018,46030.383,13.518,5527
 4019,46043.391,13.008,5527
 4020,46056.125,12.737,5527
 4021,46069.957,13.832,5527
 4022,46083.441,13.485,5527
 4023,46096.641,13.200,5527
 4024,46109.762,13.120,5527
 4025,46122.984,13.220,5527
 4026,46136.219,13.232,5527
 4027,46149.672,13.455,5527
 4028,46163.355,13.683,5527
 4029,46176.723,13.369,5527
 4030,46190.648,13.926,5527
 4031,46204.020,13.368,5527
 4032,46216.398,12.380,5527
 4033,46229.953,13.557,5527
 4034,46243.051,13.096,5527
 4035,46256.555,13.506,5527
 4036,46270.387,13.829,5527
 4037,46284.184,13.797,5527
 4038,46296.938,12.754,5527
 4039,46310.000,13.063,5527
 4040,46322.930,12.931,5527
 4041,46336.934,14.005,5527
 4042,46349.531,12.595,5527
 4043,46363.172,13.641,5527
 4044,46378.004,14.830,5527
 4045,46390.180,12.175,5527
 4046,46403.953,13.780,5527
 4047,46417.102,13.145,5527
 4048,46430.746,13.646,5527
 4049,46444.773,14.027,5527
 4050,46458.141,13.368,5527
 4051,46471.242,13.101,5527
 4052,46484.027,12.784,5527
 4053,46498.098,14.071,5527
 4054,46511.383,13.283,5527
 4055,46524.738,13.356,5527
 4056,46538.809,14.074,5527
 4057,46551.785,12.977,5527
 4058,46564.684,12.894,5527
 4059,46579.320,14.638,5527
 4060,46592.203,12.883,5527
 4061,46605.633,13.431,5527
 4062,46619.355,13.722,5527
 4063,46633.320,13.968,5527
 4064,46646.488,13.165,5527
 4065,46660.531,14.042,5527
 4066,46673.273,12.743,5527
 4067,46687.219,13.943,5527
 4068,46700.785,13.569,5527
 4069,46714.238,13.452,5527
 4070,46728.152,13.918,5527
 4071,46741.398,13.243,5527
 4072,46755.910,14.511,5527
 4073,46769.191,13.281,5527
 4074,46782.754,13.562,5527
 4075,46795.922,13.171,5527
 4076,46809.281,13.356,5527
 4077,46822.574,13.293,5527
 4078,46836.715,14.139,5527
 4079,46849.848,13.135,5527
 4080,46864.082,14.233,5527
 4081,46877.680,13.597,5527
 4082,46891.043,13.367,5527
 4083,46904.625,13.583,5527
 4084,46919.051,14.425,5527
 4085,46931.719,12.667,5527
 4086,46945.938,14.217,5527
 4087,46959.270,13.334,5527
 4088,46973.125,13.855,5527
 4089,46986.680,13.554,5527
 4090,47000.902,14.224,5527
 4091,47014.371,13.467,5527
 4092,47028.109,13.740,5527
 4093,47042.242,14.133,5527
 4094,47055.762,13.519,5527
 4095,47069.891,14.129,5527
 4096,47084.113,14.221,5527
 4097,47097.086,12.974,5527
 4098,47110.395,13.309,5527
 4099,47123.984,13.589,5527
 4100,47137.535,13.550,5527
 4101,47151.738,14.206,5527
 4102,47167.176,15.433,5527
 4103,47179.398,12.225,5527
 4104,47192.992,13.593,5527
 4105,47206.766,13.776,5527
 4106,47220.188,13.417,5527
 4107,47234.145,13.961,5527
 4108,47247.938,13.792,5527
 4109,47262.367,14.429,5527
 4110,47275.199,12.833,5527
 4111,47288.504,13.304,5527
 4112,47302.762,14.260,5527
 4113,47317.109,14.347,5527
 4114,47330.684,13.571,5527
 4115,47344.449,13.769,5527
 4116,47357.676,13.223,5527
 4117,47373.219,15.543,5527
 4118,47386.414,13.197,5527
 4119,47399.754,13.343,5527
 4120,47413.699,13.944,5527
 4121,47427.434,13.732,5527
 4122,47441.262,13.831,5527
 4123,47455.391,14.127,5527
 4124,47469.332,13.940,5527
 4125,47483.328,13.995,5527
 4126,47498.914,15.590,5527
 4127,47511.641,12.725,5527
 4128,47526.254,14.614,5527
 4129,47539.250,12.996,5527
 4130,47553.641,14.393,5527
 4131,47567.332,13.688,5527
 4132,47581.363,14.030,5527
 4133,47596.273,14.914,5527
 4134,47609.715,13.440,5527
 4135,47623.836,14.117,5527
 4136,47637.805,13.975,5527
 4137,47651.906,14.098,5527
 4138,47665.586,13.682,5527
 4139,47680.320,14.733,5527
 4140,47693.344,13.021,5527
 4141,47708.371,15.029,5527
 4142,47721.984,13.618,5527
 4143,47735.617,13.628,5527
 4144,47749.406,13.790,5527
 4145,47764.238,14.832,5527
 4146,47776.922,12.682,5527
 4147,47791.043,14.121,5527
 4148,47805.438,14.396,5527
 4149,47819.859,14.422,5527
 4150,47832.984,13.126,5527
 4151,47847.152,14.167,5527
 4152,47860.281,13.128,5527
 4153,47874.637,14.358,5527
 4154,47888.355,13.718,5527
 4155,47902.219,13.861,5527
 4156,47917.449,15.235,5527
 4157,47930.250,12.800,5527
 4158,47943.641,13.390,5527
 4159,47958.016,14.373,5527
 4160,47972.559,14.544,5527
 4161,47986.043,13.483,5527
 4162,48000.195,14.152,5527
 4163,48014.434,14.238,5527
 4164,48029.227,14.792,5527
 4165,48042.125,12.903,5527
 4166,48055.723,13.595,5527
 4167,48069.551,13.829,5527
 4168,48084.531,14.977,5527
 4169,48098.035,13.506,5527
 4170,48111.785,13.754,5527
 4171,48125.980,14.195,5527
 4172,48140.598,14.614,5527
 4173,48154.289,13.693,5527
 4174,48168.332,14.041,5527
 4175,48181.230,12.899,5527
 4176,48196.418,15.188,5527
 4177,48210.234,13.814,5527
 4178,48223.844,13.610,5527
 4179,48238.180,14.338,5527
 4180,48251.141,12.962,5527
 4181,48265.898,14.755,5527
 4182,48279.281,13.383,5527
 4183,48293.199,13.918,5527
 4184,48307.523,14.322,5527
 4185,48320.828,13.306,5527
 4186,48335.004,14.176,5527
 4187,48348.801,13.800,5527
 4188,48362.754,13.951,5527
 4189,48376.477,13.726,5527
 4190,48390.574,14.095,5527
 4191,48405.105,14.533,5527
 4192,48418.770,13.661,5527
 4193,48432.480,13.716,5527
 4194,48446.129,13.645,5527
 4195,48459.465,13.335,5527
 4196,48473.633,14.172,5527
 4197,48487.395,13.757,5527
 4198,48501.043,13.649,5527
 4199,48515.316,14.277,5527
 4200,48530.242,14.925,5527
 4201,48543.090,12.846,5527
 4202,48557.074,13.985,5527
 4203,48570.734,13.658,5527
 4204,48584.316,13.584,5527
 4205,48598.625,14.309,5527
 4206,48611.949,13.323,5527
 4207,48626.965,15.018,5527
 4208,48640.078,13.111,5527
 4209,48654.207,14.127,5527
 4210,48668.477,14.274,5527
 4211,48681.313,12.836,5527
 4212,48695.160,13.843,5527
 4213,48708.977,13.822,5527
 4214,48722.605,13.627,5527
 4215,48737.512,14.903,5527
 4216,48751.332,13.821,5527
 4217,48764.578,13.246,5527
 4218,48777.969,13.395,5527
 4219,48791.828,13.852,5527
 4220,48805.715,13.892,5527
 4221,48819.758,14.042,5527
 4222,48833.918,14.159,5527
 4223,48846.781,12.864,5527
 4224,48860.555,13.774,5527
 4225,48874.477,13.924,5527
 4226,48888.281,13.802,5527
 4227,48902.051,13.768,5527
 4228,48915.258,13.208,5527
 4229,48929.207,13.950,5527
 4230,48943.160,13.951,5527
 4231,48956.629,13.472,5527
 4232,48970.043,13.410,5527
 4233,48984.121,14.083,5527
 4234,48997.492,13.368,5527
 4235,49011.926,14.436,5527
 4236,49025.430,13.502,5527
 4237,49039.020,13.591,5527
 4238,49053.211,14.189,5527
 4239,49066.605,13.396,5527
 4240,49080.215,13.608,5527
 4241,49094.098,13.883,5527
 4242,49108.207,14.109,5527
 4243,49120.762,12.559,5527
 4244,49135.223,14.458,5527
 4245,49148.465,13.244,5527
 4246,49162.340,13.871,5527
 4247,49175.949,13.613,5527
 4248,49189.742,13.792,5527
 4249,49203.164,13.421,5527
 4250,49217.188,14.025,5527
 4251,49231.047,13.857,5527
 4252,49244.309,13.266,5527
 4253,49257.859,13.546,5527
 4254,49271.371,13.512,5527
 4255,49286.145,14.778,5527
 4256,49298.996,12.849,5527
 4257,49314.156,15.158,5527
 4258,49326.148,11.995,5527
 4259,49340.242,14.091,5527
 4260,49354.145,13.907,5527
 4261,49367.215,13.068,5527
 4262,49382.051,14.837,5527
 4263,49394.289,12.239,5527
 4264,49408.680,14.386,5527
 4265,49422.840,14.162,5527
 4266,49435.727,12.886,5527
 4267,49449.125,13.402,5527
 4268,49462.824,13.694,5527
 4269,49476.066,13.243,5527
 4270,49489.586,13.522,5527
 4271,49504.340,14.754,5527
 4272,49516.723,12.383,5527
 4273,49530.793,14.072,5527
 4274,49544.043,13.246,5527
 4275,49557.258,13.215,5527
 4276,49571.352,14.095,5527
 4277,49585.680,14.326,5527
 4278,49599.016,13.336,5527
 4279,49612.250,13.235,5527
 4280,49625.973,13.725,5527
 4281,49639.465,13.492,5527
 4282,49652.609,13.147,5527
 4283,49666.336,13.721,5527
 4284,49679.863,13.528,5527
 4285,49693.691,13.828,5527
 4286,49707.617,13.929,5527
 4287,49720.293,12.676,5527
 4288,49735.137,14.845,5527
 4289,49747.902,12.762,5527
 4290,49761.000,13.097,5527
 4291,49774.840,13.839,5527
 4292,49788.438,13.601,5527
 4293,49802.027,13.587,5527
 4294,49815.996,13.968,5527
 4295,49829.719,13.724,5527
 4296,49842.215,12.497,5527
 4297,49855.645,13.433,5527
 4298,49869.195,13.548,5527
 4299,49883.305,14.109,5527
 4300,49896.980,13.677,5527
 4301,49910.641,13.662,5527
 4302,49923.348,12.701,5527
 4303,49936.832,13.486,5527
 4304,49950.578,13.749,5527
 4305,49964.621,14.042,5527
 4306,49977.828,13.205,5527
 4307,49991.246,13.420,5527
 4308,50004.664,13.417,5527
 4309,50017.762,13.097,5527
 4310,50032.383,14.621,5527
 4311,50045.453,13.072,5527
 4312,50058.281,12.828,5527
 4313,50071.777,13.496,5527
 4314,50085.305,13.528,5527
 4315,50099.852,14.546,5527
 4316,50112.137,12.286,5527
 4317,50126.641,14.505,5527
 4318,50139.250,12.608,5527
 4319,50152.625,13.376,5527
 4320,50166.035,13.408,5527
 4321,50180.230,14.196,5527
 4322,50192.434,12.206,5527
 4323,50206.137,13.703,5527
 4324,50219.516,13.374,5527
 4325,50233.859,14.345,5527
 4326,50246.398,12.541,5527
 4327,50260.074,13.677,5527
 4328,50273.441,13.366,5527
 4329,50286.539,13.097,5527
 4330,50300.039,13.498,5527
 4331,50313.125,13.088,5527
 4332,50326.980,13.858,5527
 4333,50339.543,12.559,5527
 4334,50354.590,15.049,5527
 4335,50367.137,12.548,5527
 4336,50380.711,13.571,5527
 4337,50393.941,13.233,5527
 4338,50406.898,12.957,5527
 4339,50420.340,13.436,5527
 4340,50433.500,13.162,5527
 4341,50447.242,13.742,5527
 4342,50460.324,13.083,5527
 4343,50474.301,13.979,5527
 4344,50488.582,14.281,5527
 4345,50501.250,12.668,5527
 4346,50514.723,13.469,5527
 4347,50529.031,14.310,5527
 4348,50540.875,11.846,5527
 4349,50554.891,14.014,5527
 4350,50569.340,14.446,5527
 4351,50581.699,12.361,5527
 4352,50594.934,13.237,5527
 4353,50608.195,13.260,5527
 4354,50621.637,13.444,5527
 4355,50634.457,12.819,5527
 4356,50648.059,13.600,5527
 4357,50661.426,13.369,5527
 4358,50675.340,13.912,5527
 4359,50688.336,12.995,5527
 4360,50702.012,13.678,5527
 4361,50714.688,12.675,5527
 4362,50728.254,13.568,5527
 4363,50741.605,13.352,5527
 4364,50754.852,13.242,5527
 4365,50768.578,13.729,5527
 4366,50781.832,13.252,5527
 4367,50795.043,13.212,5527
 4368,50808.590,13.550,5527
 4369,50821.922,13.332,5527
 4370,50834.863,12.938,5527
 4371,50848.840,13.978,5527
 4372,50861.996,13.154,5527
 4373,50874.680,12.686,5527
 4374,50888.012,13.333,5527
 4375,50901.563,13.548,5527
 4376,50915.172,13.610,5527
 4377,50928.477,13.308,5527
 4378,50941.609,13.134,5527
 4379,50955.375,13.763,5527
 4380,50968.977,13.603,5527
 4381,50981.617,12.640,5527
 4382,50995.410,13.791,5527
 4383,51008.711,13.302,5527
 4384,51021.941,13.230,5527
 4385,51035.238,13.297,5527
 4386,51049.336,14.095,5527
 4387,51062.188,12.852,5527
 4388,51075.609,13.423,5527
 4389,51088.938,13.329,5527
 4390,51101.898,12.959,5527
 4391,51115.219,13.323,5527
 4392,51128.211,12.991,5527
 4393,51141.668,13.457,5527
 4394,51154.773,13.108,5527
 4395,51168.941,14.166,5527
 4396,51182.359,13.417,5527
 4397,51196.332,13.973,5527
 4398,51209.012,12.679,5527
 4399,51222.676,13.665,5527
 4400,51236.074,13.398,5527
 4401,51249.348,13.272,5527
 4402,51262.566,13.220,5527
 4403,51275.516,12.951,5527
 4404,51289.055,13.537,5527
 4405,51302.078,13.025,5527
 4406,51315.164,13.082,5527
 4407,51328.449,13.288,5527
 4408,51341.820,13.371,5527
 4409,51354.875,13.056,5527
 4410,51368.113,13.240,5527
 4411,51381.676,13.558,5527
 4412,51394.586,12.914,5527
 4413,51408.262,13.674,5527
 4414,51421.582,13.322,5527
 4415,51435.027,13.443,5527
 4416,51448.254,13.228,5527
 4417,51461.199,12.943,5527
 4418,51475.004,13.803,5527
 4419,51488.879,13.879,5527
 4420,51501.098,12.218,5527
 4421,51514.703,13.605,5527
 4422,51527.859,13.158,5527
 4423,51541.414,13.554,5527
 4424,51555.883,14.470,5527
 4425,51568.535,12.649,5527
 4426,51581.051,12.515,5527
 4427,51594.707,13.658,5527
 4428,51608.602,13.898,5527
 4429,51621.359,12.754,5527
 4430,51634.707,13.350,5527
 4431,51648.379,13.671,5527
 4432,51660.566,12.188,5527
 4433,51674.316,13.747,5527
 4434,51687.473,13.158,5527
 4435,51700.570,13.099,5527
 4436,51714.262,13.690,5527
 4437,51727.715,13.454,5527
 4438,51740.852,13.136,5527
 4439,51754.219,13.367,5527
 4440,51768.430,14.211,5527
 4441,51780.738,12.311,5527
 4442,51794.293,13.553,5527
 4443,51807.859,13.563,5527
 4444,51820.840,12.983,5527
 4445,51834.199,13.358,5527
 4446,51848.105,13.907,5527
 4447,51861.145,13.040,5527
 4448,51874.227,13.080,5527
 4449,51889.121,14.898,5527
 4450,51901.242,12.118,5527
 4451,51913.969,12.730,5527
 4452,51927.027,13.056,5527
 4453,51940.270,13.245,5527
 4454,51954.188,13.914,5527
 4455,51967.156,12.969,5527
 4456,51980.707,13.551,5527
 4457,51993.891,13.186,5527
 4458,52007.898,14.007,5527
 4459,52020.824,12.923,5527
 4460,52034.488,13.666,5527
 4461,52047.930,13.443,5527
 4462,52061.938,14.009,5527
 4463,52074.082,12.145,5527
 4464,52087.121,13.036,5527
 4465,52101.176,14.053,5527
 4466,52114.656,13.482,5527
 4467,52127.934,13.280,5527
 4468,52141.008,13.071,5527
 4469,52154.582,13.575,5527
 4470,52167.984,13.401,5527
 4471,52181.016,13.033,5527
 4472,52194.160,13.142,5527
 4473,52208.242,14.085,5527
 4474,52221.230,12.987,5527
 4475,52234.559,13.330,5527
 4476,52248.449,13.892,5527
 4477,52261.340,12.887,5527
 4478,52274.996,13.658,5527
 4479,52288.004,13.004,5527
 4480,52301.953,13.956,5527
 4481,52314.805,12.849,5527
 4482,52328.090,13.285,5527
 4483,52341.586,13.496,5527
 4484,52355.809,14.226,5527
 4485,52368.895,13.082,5527
 4486,52382.191,13.297,5527
 4487,52395.289,13.101,5527
 4488,52407.988,12.695,5527
 4489,52422.078,14.091,5527
 4490,52435.484,13.404,5527
 4491,52449.609,14.130,5527
 4492,52462.184,12.570,5527
 4493,52475.672,13.488,5527
 4494,52489.246,13.575,5527
 4495,52504.027,14.779,5527
 4496,52516.398,12.373,5527
 4497,52529.148,12.750,5527
 4498,52543.652,14.501,5527
 4499,52557.691,14.041,5527
 4500,52569.719,12.028,5527
 4501,52583.176,13.456,5527
 4502,52596.246,13.073,5527
 4503,52610.910,14.663,5527
 4504,52623.793,12.886,5527
 4505,52637.203,13.407,5527
 4506,52650.520,13.315,5527
 4507,52663.801,13.285,5527
 4508,52676.730,12.927,5527
 4509,52691.164,14.435,5527
 4510,52703.738,12.573,5527
 4511,52716.922,13.187,5527
 4512,52731.223,14.298,5527
 4513,52744.109,12.888,5527
 4514,52757.094,12.983,5527
 4515,52770.953,13.860,5527
 4516,52784.551,13.597,5527
 4517,52797.965,13.415,5527
 4518,52811.227,13.262,5527
 4519,52824.668,13.439,5527
 4520,52838.281,13.614,5527
 4521,52851.121,12.841,5527
 4522,52865.203,14.082,5527
 4523,52878.789,13.588,5527
 4524,52891.852,13.061,5527
 4525,52905.395,13.540,5527
 4526,52918.773,13.381,5527
 4527,52931.441,12.671,5527
 4528,52945.746,14.303,5527
 4529,52959.055,13.307,5527
 4530,52972.555,13.501,5527
 4531,52986.066,13.511,5527
 4532,52999.520,13.451,5527
 4533,53012.742,13.226,5527
 4534,53025.668,12.923,5527
 4535,53039.496,13.828,5527
 4536,53052.699,13.202,5527
 4537,53065.668,12.970,5527
 4538,53078.770,13.103,5527
 4539,53092.840,14.069,5527
 4540,53106.777,13.939,5527
 4541,53119.539,12.762,5527
 4542,53132.828,13.286,5527
 4543,53146.910,14.085,5527
 4544,53159.023,12.113,5527
 4545,53172.777,13.754,5527
 4546,53185.586,12.809,5527
 4547,53198.801,13.216,5527
 4548,53212.543,13.741,5527
 4549,53225.828,13.281,5527
 4550,53239.117,13.294,5527
 4551,53252.262,13.145,5527
 4552,53265.461,13.198,5527
 4553,53279.090,13.627,5527
 4554,53292.613,13.527,5527
 4555,53305.770,13.155,5527
 4556,53319.164,13.390,5527
 4557,53332.918,13.759,5527
 4558,53345.609,12.693,5527
 4559,53359.762,14.149,5527
 4560,53372.582,12.820,5527
 4561,53387.430,14.849,5527
 4562,53399.391,11.961,5527
 4563,53412.715,13.324,5527
 4564,53426.469,13.754,5527
 4565,53439.832,13.362,5527
 4566,53453.160,13.327,5527
 4567,53466.996,13.834,5527
 4568,53480.359,13.366,5527
 4569,53493.785,13.427,5527
 4570,53507.133,13.348,5527
 4571,53520.281,13.147,5527
 4572,53534.012,13.731,5527
 4573,53548.020,14.006,5527
 4574,53561.164,13.146,5527
 4575,53574.266,13.105,5527
 4576,53587.434,13.164,5527
 4577,53600.574,13.141,5527
 4578,53613.918,13.345,5527
 4579,53626.895,12.975,5527
 4580,53640.633,13.741,5527
 4581,53653.785,13.152,5527
 4582,53666.926,13.141,5527
 4583,53680.234,13.308,5527
 4584,53693.414,13.178,5527
 4585,53706.840,13.425,5527
 4586,53720.766,13.928,5527
 4587,53733.512,12.744,5527
 4588,53746.609,13.102,5527
 4589,53761.047,14.433,5527
 4590,53773.762,12.715,5527
 4591,53787.371,13.609,5527
 4592,53801.152,13.781,5527
 4593,53815.270,14.120,5527
 4594,53827.676,12.405,5527
 4595,53841.320,13.642,5527
 4596,53854.086,12.768,5527
 4597,53867.668,13.581,5527
 4598,53880.504,12.836,5527
 4599,53894.340,13.836,5527
 4600,53907.629,13.293,5527
 4601,53921.703,14.070,5527
 4602,53933.629,11.930,5527
 4603,53947.105,13.473,5527
 4604,53961.961,14.860,5527
 4605,53974.156,12.192,5527
 4606,53987.418,13.264,5527
 4607,54000.594,13.173,5527
 4608,54014.711,14.118,5527
 4609,54027.281,12.573,5527
 4610,54041.633,14.351,5527
 4611,54054.801,13.166,5527
 4612,54069.348,14.547,5527
 4613,54083.969,14.624,5527
 4614,54095.227,11.253,5527
 4615,54109.059,13.831,5527
 4616,54121.277,12.223,5527
 4617,54135.824,14.543,5527
 4618,54148.836,13.011,5527
 4619,54162.629,13.797,5527
 4620,54175.594,12.963,5527
 4621,54189.660,14.067,5527
 4622,54202.840,13.179,5527
 4623,54216.711,13.872,5527
 4624,54230.191,13.479,5527
 4625,54243.785,13.595,5527
 4626,54256.910,13.125,5527
 4627,54270.785,13.878,5527
 4628,54283.129,12.341,5527
 4629,54297.434,14.307,5527
 4630,54310.234,12.799,5527
 4631,54323.785,13.552,5527
 4632,54337.492,13.701,5527
 4633,54350.414,12.925,5527
 4634,54364.066,13.655,5527
 4635,54377.758,13.690,5527
 4636,54391.090,13.333,5527
 4637,54405.227,14.137,5527
 4638,54418.012,12.780,5527
 4639,54431.004,12.995,5527
 4640,54445.203,14.200,5527
 4641,54458.844,13.639,5527
 4642,54471.066,12.223,5527
 4643,54485.582,14.516,5527
 4644,54499.027,13.445,5527
 4645,54511.813,12.783,5527
 4646,54526.070,14.260,5527
 4647,54539.340,13.267,5527
 4648,54552.574,13.239,5527
 4649,54565.973,13.400,5527
 4650,54579.816,13.839,5527
 4651,54592.863,13.049,5527
 4652,54605.691,12.827,5527
 4653,54619.449,13.761,5527
 4654,54633.824,14.370,5527
 4655,54645.914,12.093,5527
 4656,54659.098,13.184,5527
 4657,54672.090,12.994,5527
 4658,54686.055,13.962,5527
 4659,54699.398,13.345,5527
 4660,54712.852,13.451,5527
 4661,54726.535,13.685,5527
 4662,54739.297,12.763,5527
 4663,54753.082,13.784,5527
 4664,54768.621,15.541,5527
 4665,54782.066,13.444,5527
 4666,54793.441,11.377,5527
 4667,54807.922,14.479,5527
 4668,54820.191,12.266,5527
 4669,54834.063,13.872,5527
 4670,54846.730,12.669,5527
 4671,54859.859,13.126,5527
 4672,54873.035,13.179,5527
 4673,54886.453,13.419,5527
 4674,54900.184,13.728,5527
 4675,54913.027,12.844,5527
 4676,54925.734,12.708,5527
 4677,54938.891,13.157,5527
 4678,54952.324,13.431,5527
 4679,54966.207,13.883,5527
 4680,54979.992,13.785,5527
 4681,54992.926,12.935,5527
 4682,55006.754,13.830,5527
 4683,55020.918,14.164,5527
 4684,55032.922,12.002,5527
 4685,55046.008,13.085,5527
 4686,55059.258,13.251,5527
 4687,55072.512,13.253,5527
 4688,55085.766,13.255,5527
 4689,55099.570,13.805,5527
 4690,55112.879,13.307,5527
 4691,55126.039,13.160,5527
 4692,55139.094,13.057,5527
 4693,55152.008,12.911,5527
 4694,55165.594,13.589,5527
 4695,55178.672,13.076,5527
 4696,55193.012,14.342,5527
 4697,55206.477,13.463,5527
 4698,55218.340,11.864,5527
 4699,55231.398,13.058,5527
 4700,55244.867,13.467,5527
 4701,55258.434,13.571,5527
 4702,55271.230,12.796,5527
 4703,55284.914,13.682,5527
 4704,55298.352,13.438,5527
 4705,55312.016,13.663,5527
 4706,55325.031,13.017,5527
 4707,55337.609,12.578,5527
 4708,55351.289,13.680,5527
 4709,55365.602,14.312,5527
 4710,55377.355,11.752,5527
 4711,55391.934,14.580,5527
 4712,55403.574,11.641,5527
 4713,55417.125,13.551,5527
 4714,55430.246,13.122,5527
 4715,55443.207,12.959,5527
 4716,55456.547,13.342,5527
 4717,55469.859,13.311,5527
 4718,55483.414,13.554,5527
 4719,55497.148,13.731,5527
 4720,55508.996,11.848,5527
 4721,55522.930,13.939,5527
 4722,55535.145,12.212,5527
 4723,55548.820,13.677,5527
 4724,55561.887,13.065,5527
 4725,55574.941,13.057,5527
 4726,55587.547,12.605,5527
 4727,55600.969,13.424,5527
 4728,55614.402,13.432,5527
 4729,55627.898,13.493,5527
 4730,55641.402,13.506,5527
 4731,55654.762,13.360,5527
 4732,55668.121,13.360,5527
 4733,55680.523,12.402,5527
 4734,55693.918,13.393,5527
 4735,55707.035,13.117,5527
 4736,55720.246,13.213,5527
 4737,55733.852,13.604,5527
 4738,55746.781,12.930,5527
 4739,55760.188,13.406,5527
 4740,55773.496,13.306,5527
 4741,55787.102,13.609,5527
 4742,55800.047,12.944,5527
 4743,55813.219,13.170,5527
 4744,55827.000,13.781,5527
 4745,55839.398,12.402,5527
 4746,55852.859,13.459,5527
 4747,55866.125,13.269,5527
 4748,55879.242,13.117,5527
 4749,55891.953,12.708,5527
 4750,55905.406,13.454,5527
 4751,55917.961,12.557,5527
 4752,55931.340,13.373,5527
 4753,55944.758,13.421,5527
 4754,55957.855,13.098,5527
 4755,55970.863,13.008,5527
 4756,55984.465,13.603,5527
 4757,55996.844,12.376,5527
 4758,56010.426,13.583,5527
 4759,56023.254,12.830,5527
 4760,56036.379,13.123,5527
 4761,56049.586,13.206,5527
 4762,56062.273,12.689,5527
 4763,56075.836,13.562,5527
 4764,56089.348,13.511,5527
 4765,56102.578,13.231,5527
 4766,56114.785,12.207,5527
 4767,56128.285,13.503,5527
 4768,56141.793,13.505,5527
 4769,56154.887,13.094,5527
 4770,56167.441,12.558,5527
 4771,56181.660,14.212,5527
 4772,56193.961,12.304,5527
 4773,56207.852,13.891,5527
 4774,56219.867,12.016,5527
 4775,56233.348,13.481,5527
 4776,56246.672,13.321,5527
 4777,56260.289,13.619,5527
 4778,56272.793,12.506,5527
 4779,56286.227,13.430,5527
 4780,56299.188,12.962,5527
 4781,56312.055,12.867,5527
 4782,56325.160,13.105,5527
 4783,56338.262,13.103,5527
 4784,56351.691,13.431,5527
 4785,56364.371,12.677,5527
 4786,56377.727,13.358,5527
 4787,56391.328,13.598,5527
 4788,56404.289,12.964,5527
 4789,56417.449,13.160,5527
 4790,56430.738,13.288,5527
 4791,56444.809,14.068,5527
 4792,56457.359,12.553,5527
 4793,56470.371,13.010,5527
 4794,56484.145,13.773,5527
 4795,56497.621,13.482,5527
 4796,56511.754,14.131,5527
 4797,56523.555,11.802,5527
 4798,56536.594,13.036,5527
 4799,56550.203,13.610,5527
 4800,56563.336,13.131,5527
 4801,56577.105,13.771,5527
 4802,56590.035,12.930,5527
 4803,56603.043,13.010,5527
 4804,56616.719,13.675,5527
 4805,56630.785,14.068,5527
 4806,56644.164,13.373,5527
 4807,56656.484,12.322,5527
 4808,56669.813,13.327,5527
 4809,56682.840,13.029,5527
 4810,56696.113,13.277,5527
 4811,56709.555,13.439,5527
 4812,56722.793,13.241,5527
 4813,56735.949,13.154,5527
 4814,56749.250,13.301,5527
 4815,56762.820,13.567,5527
 4816,56775.988,13.170,5527
 4817,56789.418,13.432,5527
 4818,56802.188,12.768,5527
 4819,56815.465,13.278,5527
 4820,56828.879,13.412,5527
 4821,56842.938,14.060,5527
 4822,56855.832,12.892,5527
 4823,56868.539,12.708,5527
 4824,56882.594,14.055,5527
 4825,56895.031,12.438,5527
 4826,56909.348,14.315,5527
 4827,56922.012,12.663,5527
 4828,56936.055,14.047,5527
 4829,56948.789,12.734,5527
 4830,56961.992,13.200,5527
 4831,56975.527,13.538,5527
 4832,56989.320,13.792,5527
 4833,57001.590,12.272,5527
 4834,57014.438,12.846,5527
 4835,57027.945,13.509,5527
 4836,57040.340,12.390,5527
 4837,57053.363,13.026,5527
 4838,57066.801,13.441,5527
 4839,57080.059,13.254,5527
 4840,57092.902,12.844,5527
 4841,57106.555,13.652,5527
 4842,57119.043,12.490,5527
 4843,57132.523,13.479,5527
 4844,57145.316,12.790,5527
 4845,57158.535,13.221,5527
 4846,57171.656,13.122,5527
 4847,57184.922,13.266,5527
 4848,57198.480,13.556,5527
 4849,57210.961,12.483,5527
 4850,57223.902,12.943,5527
 4851,57236.914,13.009,5527
 4852,57249.891,12.980,5527
 4853,57262.957,13.065,5527
 4854,57276.254,13.296,5527
 4855,57289.480,13.225,5527
 4856,57302.281,12.806,5527
 4857,57315.121,12.836,5527
 4858,57327.910,12.790,5527
 4859,57340.961,13.050,5527
 4860,57354.449,13.488,5527
 4861,57367.438,12.990,5527
 4862,57380.563,13.125,5527
 4863,57394.090,13.526,5527
 4864,57407.078,12.989,5527
 4865,57420.543,13.465,5527
 4866,57433.555,13.013,5527
 4867,57446.395,12.836,5527
 4868,57460.512,14.117,5527
 4869,57474.715,14.203,5527
 4870,57487.242,12.532,5527
 4871,57500.367,13.123,5527
 4872,57513.102,12.734,5527
 4873,57526.363,13.261,5527
 4874,57539.777,13.416,5527
 4875,57552.848,13.069,5527
 4876,57566.227,13.381,5527
 4877,57579.410,13.182,5527
 4878,57592.234,12.826,5527
 4879,57606.258,14.020,5527
 4880,57619.184,12.926,5527
 4881,57632.355,13.173,5527
 4882,57645.488,13.130,5527
 4883,57659.234,13.750,5527
 4884,57672.375,13.138,5527
 4885,57685.523,13.147,5527
 4886,57699.113,13.594,5527
 4887,57712.148,13.033,5527
 4888,57725.164,13.017,5527
 4889,57738.680,13.515,5527
 4890,57751.043,12.362,5527
 4891,57764.305,13.262,5527
 4892,57778.309,14.002,5527
 4893,57790.930,12.626,5527
 4894,57805.121,14.190,5527
 4895,57817.914,12.793,5527
 4896,57831.066,13.151,5527
 4897,57843.961,12.898,5527
 4898,57857.195,13.232,5527
 4899,57870.082,12.889,5527
 4900,57882.953,12.872,5527
 4901,57896.473,13.514,5527
 4902,57908.762,12.294,5527
 4903,57922.930,14.166,5527
 4904,57935.387,12.456,5527
 4905,57948.578,13.194,5527
 4906,57961.305,12.723,5527
 4907,57974.715,13.410,5527
 4908,57987.793,13.082,5527
 4909,58001.066,13.273,5527
 4910,58013.863,12.795,5527
 4911,58027.016,13.150,5527
 4912,58039.898,12.884,5527
 4913,58053.223,13.326,5527
 4914,58066.293,13.071,5527
 4915,58079.395,13.100,5527
 4916,58092.684,13.289,5527
 4917,58106.797,14.116,5527
 4918,58118.836,12.036,5527
 4919,58132.234,13.401,5527
 4920,58144.824,12.587,5527
 4921,58158.953,14.131,5527
 4922,58171.965,13.013,5527
 4923,58185.063,13.094,5527
 4924,58198.039,12.976,5527
 4925,58211.188,13.148,5527
 4926,58224.668,13.482,5527
 4927,58237.563,12.893,5527
 4928,58250.797,13.239,5527
 4929,58264.191,13.391,5527
 4930,58277.789,13.601,5527
 4931,58291.223,13.430,5527
 4932,58303.945,12.723,5527
 4933,58317.156,13.209,5527
 4934,58331.004,13.851,5527
 4935,58343.371,12.365,5527
 4936,58356.727,13.356,5527
 4937,58369.875,13.148,5527
 4938,58382.863,12.989,5527
 4939,58396.355,13.491,5527
 4940,58409.746,13.391,5527
 4941,58422.535,12.791,5527
 4942,58436.094,13.560,5527
 4943,58448.227,12.133,5527
 4944,58462.273,14.046,5527
 4945,58474.148,11.870,5527
 4946,58488.078,13.933,5527
 4947,58500.672,12.592,5527
 4948,58514.578,13.909,5527
 4949,58527.047,12.468,5527
 4950,58540.031,12.983,5527
 4951,58553.105,13.077,5527
 4952,58565.637,12.530,5527
 4953,58578.492,12.853,5527
 4954,58591.703,13.214,5527
 4955,58604.758,13.055,5527
 4956,58617.441,12.686,5527
 4957,58631.098,13.654,5527
 4958,58645.395,14.298,5527
 4959,58657.434,12.038,5527
 4960,58669.461,12.028,5527
 4961,58682.363,12.902,5527
 4962,58695.730,13.366,5527
 4963,58708.336,12.604,5527
 4964,58721.066,12.733,5527
 4965,58733.832,12.764,5527
 4966,58746.625,12.793,5527
 4967,58759.855,13.231,5527
 4968,58772.609,12.756,5527
 4969,58785.324,12.711,5527
 4970,58799.145,13.821,5527
 4971,58811.230,12.088,5527
 4972,58824.898,13.666,5527
 4973,58837.598,12.702,5527
 4974,58850.578,12.980,5527
 4975,58864.594,14.015,5527
 4976,58876.871,12.275,5527
 4977,58889.500,12.629,5527
 4978,58902.637,13.136,5527
 4979,58915.254,12.619,5527
 4980,58927.852,12.596,5527
 4981,58941.453,13.605,5527
 4982,58953.211,11.754,5527
 4983,58966.605,13.398,5527
 4984,58979.051,12.444,5527
 4985,58993.109,14.059,5527
 4986,59005.090,11.980,5527
 4987,59018.383,13.294,5527
 4988,59030.387,12.001,5527
 4989,59043.629,13.247,5527
 4990,59056.469,12.836,5527
 4991,59069.219,12.751,5527
 4992,59082.238,13.020,5527
 4993,59095.563,13.324,5527
 4994,59108.457,12.894,5527
 4995,59121.242,12.785,5527
 4996,59134.074,12.835,5527
 4997,59147.004,12.926,5527
 4998,59160.566,13.565,5527
 4999,59173.563,12.994,5527
 5000,59185.586,12.024,5527
 5001,59198.941,13.356,5527
 5002,59212.891,13.948,5527
 5003,59224.977,12.086,5527
 5004,59237.449,12.473,5527
 5005,59251.293,13.845,5527
 5006,59263.922,12.629,5527
 5007,59277.105,13.183,5527
 5008,59289.852,12.746,5527
 5009,59302.105,12.255,5527
 5010,59315.488,13.381,5527
 5011,59328.090,12.603,5527
 5012,59341.090,12.999,5527
 5013,59354.309,13.216,5527
 5014,59366.422,12.116,5527
 5015,59379.637,13.212,5527
 5016,59392.750,13.118,5527
 5017,59405.824,13.072,5527
 5018,59418.262,12.440,5527
 5019,59431.785,13.521,5527
 5020,59444.184,12.397,5527
 5021,59457.105,12.925,5527
 5022,59469.723,12.618,5527
 5023,59483.113,13.392,5527
 5024,59495.578,12.462,5527
 5025,59508.840,13.259,5527
 5026,59521.473,12.634,5527
 5027,59535.422,13.950,5527
 5028,59547.285,11.866,5527
 5029,59560.078,12.791,5527
 5030,59572.945,12.868,5527
 5031,59586.855,13.908,5527
 5032,59598.738,11.884,5527
 5033,59611.910,13.173,5527
 5034,59624.801,12.887,5527
 5035,59637.852,13.050,5527
 5036,59650.746,12.898,5527
 5037,59663.836,13.086,5527
 5038,59677.242,13.408,5527
 5039,59690.066,12.824,5527
 5040,59702.039,11.974,5527
 5041,59716.102,14.065,5527
 5042,59728.449,12.345,5527
 5043,59741.055,12.607,5527
 5044,59754.004,12.946,5527
 5045,59766.777,12.776,5527
 5046,59779.387,12.608,5527
 5047,59792.059,12.675,5527
 5048,59805.395,13.336,5527
 5049,59818.492,13.095,5527
 5050,59831.414,12.924,5527
 5051,59844.414,13.000,5527
 5052,59857.324,12.905,5527
 5053,59870.410,13.088,5527
 5054,59883.172,12.760,5527
 5055,59897.234,14.064,5527
 5056,59909.848,12.613,5527
 5057,59921.586,11.739,5527
 5058,59935.125,13.542,5527
 5059,59947.520,12.392,5527
 5060,59960.625,13.106,5527
 5061,59973.602,12.978,5527
 5062,59986.254,12.651,5527
 5063,59999.930,13.675,5527
 5064,60012.438,12.509,5527
 5065,60025.711,13.272,5527
 5066,60038.113,12.406,5527
 5067,60051.680,13.564,5527
 5068,60064.402,12.725,5527
 5069,60077.332,12.926,5527
 5070,60090.801,13.469,5527
 5071,60103.516,12.714,5527
 5072,60116.590,13.076,5527
 5073,60129.559,12.968,5527
 5074,60142.727,13.170,5527
 5075,60155.172,12.444,5527
 5076,60169.195,14.023,5527
 5077,60181.207,12.013,5527
 5078,60193.676,12.469,5527
 5079,60207.832,14.155,5527
 5080,60219.199,11.367,5527
 5081,60232.594,13.394,5527
 5082,60245.535,12.942,5527
 5083,60258.086,12.551,5527
 5084,60270.484,12.395,5527
 5085,60283.723,13.243,5527
 5086,60296.383,12.659,5527
 5087,60309.668,13.284,5527
 5088,60322.551,12.883,5527
 5089,60335.492,12.941,5527
 5090,60347.500,12.008,5527
 5091,60360.707,13.209,5527
 5092,60373.418,12.713,5527
 5093,60386.488,13.067,5527
 5094,60399.898,13.413,5527
 5095,60412.148,12.245,5527
 5096,60425.398,13.253,5527
 5097,60437.676,12.276,5527
 5098,60450.273,12.598,5527
 5099,60463.289,13.018,5527
 5100,60475.926,12.636,5527
 5101,60490.371,14.445,5527
 5102,60501.543,11.170,5527
 5103,60514.691,13.150,5527
 5104,60527.594,12.902,5527
 5105,60539.680,12.086,5527
 5106,60552.770,13.091,5527
 5107,60566.051,13.282,5527
 5108,60578.453,12.402,5527
 5109,60591.602,13.149,5527
 5110,60604.449,12.848,5527
 5111,60617.480,13.026,5527
 5112,60630.324,12.847,5527
 5113,60642.922,12.599,5527
 5114,60656.180,13.253,5527
 5115,60668.852,12.673,5527
 5116,60681.734,12.885,5527
 5117,60694.273,12.541,5527
 5118,60707.316,13.039,5527
 5119,60720.027,12.714,5527
 5120,60733.031,13.002,5527
 5121,60745.766,12.735,5527
 5122,60758.441,12.677,5527
 5123,60771.438,12.995,5527
 5124,60783.930,12.495,5527
 5125,60796.961,13.028,5527
 5126,60809.980,13.016,5527
 5127,60822.754,12.779,5527
 5128,60835.223,12.466,5527
 5129,60848.223,13.001,5527
 5130,60860.559,12.335,5527
 5131,60874.316,13.758,5527
 5132,60886.539,12.225,5527
 5133,60898.891,12.350,5527
 5134,60912.176,13.283,5527
 5135,60924.988,12.815,5527
 5136,60937.078,12.091,5527
 5137,60949.902,12.823,5527
 5138,60962.844,12.940,5527
 5139,60975.199,12.357,5527
 5140,60988.215,13.016,5527
 5141,61000.762,12.546,5527
 5142,61013.938,13.177,5527
 5143,61027.016,13.077,5527
 5144,61038.945,11.930,5527
 5145,61051.875,12.927,5527
 5146,61065.188,13.316,5527
 5147,61077.594,12.406,5527
 5148,61090.234,12.641,5527
 5149,61103.164,12.929,5527
 5150,61115.594,12.432,5527
 5151,61128.703,13.107,5527
 5152,61142.059,13.355,5527
 5153,61154.609,12.552,5527
 5154,61167.027,12.418,5527
 5155,61179.102,12.075,5527
 5156,61192.082,12.980,5527
 5157,61205.078,12.994,5527
 5158,61217.656,12.576,5527
 5159,61230.445,12.793,5527
 5160,61243.559,13.112,5527
 5161,61256.195,12.635,5527
 5162,61268.426,12.235,5527
 5163,61281.578,13.151,5527
 5164,61294.633,13.051,5527
 5165,61306.793,12.164,5527
 5166,61319.281,12.487,5527
 5167,61332.555,13.275,5527
 5168,61345.863,13.306,5527
 5169,61359.074,13.212,5527
 5170,61371.164,12.090,5527
 5171,61384.879,13.715,5527
 5172,61397.172,12.289,5527
 5173,61409.188,12.016,5527
 5174,61421.828,12.643,5527
 5175,61434.500,12.669,5527
 5176,61446.875,12.379,5527
 5177,61460.254,13.380,5527
 5178,61472.563,12.307,5527
 5179,61486.148,13.582,5527
 5180,61498.645,12.500,5527
 5181,61510.918,12.273,5527
 5182,61524.117,13.200,5527
 5183,61536.852,12.735,5527
 5184,61549.648,12.794,5527
 5185,61563.039,13.393,5527
 5186,61575.766,12.727,5527
 5187,61587.723,11.957,5527
 5188,61600.305,12.579,5527
 5189,61613.707,13.402,5527
 5190,61625.652,11.945,5527
 5191,61638.668,13.015,5527
 5192,61651.137,12.470,5527
 5193,61664.391,13.255,5527
 5194,61676.918,12.530,5527
 5195,61689.555,12.633,5527
 5196,61702.480,12.926,5527
 5197,61715.434,12.955,5527
 5198,61729.211,13.777,5527
 5199,61741.367,12.157,5527
 5200,61753.855,12.487,5527
 5201,61766.570,12.717,5527
 5202,61779.531,12.961,5527
 5203,61792.379,12.848,5527
 5204,61805.270,12.889,5527
 5205,61818.598,13.329,5527
 5206,61831.301,12.699,5527
 5207,61844.520,13.220,5527
 5208,61857.590,13.073,5527
 5209,61869.719,12.128,5527
 5210,61882.664,12.945,5527
 5211,61895.504,12.840,5527
 5212,61908.395,12.892,5527
 5213,61921.867,13.471,5527
 5214,61934.676,12.806,5527
 5215,61946.656,11.982,5527
 5216,61960.191,13.537,5527
 5217,61972.852,12.658,5527
 5218,61985.617,12.770,5527
 5219,61998.758,13.140,5527
 5220,62012.418,13.661,5527
 5221,62024.973,12.549,5527
 5222,62037.598,12.630,5527
 5223,62050.367,12.767,5527
 5224,62063.527,13.160,5527
 5225,62075.957,12.433,5527
 5226,62089.602,13.645,5527
 5227,62102.672,13.066,5527
 5228,62115.883,13.210,5527
 5229,62128.289,12.408,5527
 5230,62142.457,14.171,5527
 5231,62154.156,11.696,5527
 5232,62167.781,13.627,5527
 5233,62179.930,12.147,5527
 5234,62193.352,13.421,5527
 5235,62206.441,13.091,5527
 5236,62219.063,12.620,5527
 5237,62232.035,12.972,5527
 5238,62245.508,13.472,5527
 5239,62258.914,13.407,5527
 5240,62271.270,12.359,5527
 5241,62284.660,13.385,5527
 5242,62297.855,13.199,5527
 5243,62310.629,12.771,5527
 5244,62324.371,13.745,5527
 5245,62337.254,12.883,5527
 5246,62350.398,13.145,5527
 5247,62363.977,13.574,5527
 5248,62376.840,12.864,5527
 5249,62389.484,12.644,5527
 5250,62402.301,12.819,5527
 5251,62415.852,13.550,5527
 5252,62428.496,12.643,5527
 5253,62442.609,14.115,5527
 5254,62454.844,12.232,5527
 5255,62468.438,13.598,5527
 5256,62481.766,13.328,5527
 5257,62495.668,13.898,5527
 5258,62507.582,11.918,5527
 5259,62520.652,13.066,5527
 5260,62535.242,14.593,5527
 5261,62546.977,11.733,5527
 5262,62559.898,12.925,5527
 5263,62573.926,14.027,5527
 5264,62586.762,12.837,5527
 5265,62600.172,13.409,5527
 5266,62613.016,12.843,5527
 5267,62626.418,13.402,5527
 5268,62639.660,13.241,5527
 5269,62652.469,12.810,5527
 5270,62665.910,13.442,5527
 5271,62678.777,12.868,5527
 5272,62691.570,12.791,5527
 5273,62705.039,13.469,5527
 5274,62717.781,12.743,5527
 5275,62731.484,13.701,5527
 5276,62744.320,12.837,5527
 5277,62757.113,12.794,5527
 5278,62771.121,14.008,5527
 5279,62783.633,12.510,5527
 5280,62797.188,13.554,5527
 5281,62810.508,13.320,5527
 5282,62823.172,12.666,5527
 5283,62836.473,13.299,5527
 5284,62850.098,13.629,5527
 5285,62863.492,13.393,5527
 5286,62876.566,13.074,5527
 5287,62889.777,13.212,5527
 5288,62902.340,12.560,5527
 5289,62916.371,14.034,5527
 5290,62929.043,12.671,5527
 5291,62942.332,13.287,5527
 5292,62955.156,12.824,5527
 5293,62967.871,12.715,5527
 5294,62981.242,13.371,5527
 5295,62994.289,13.048,5527
 5296,63006.859,12.572,5527
 5297,63019.750,12.889,5527
 5298,63033.145,13.394,5527
 5299,63046.082,12.941,5527
 5300,63058.531,12.445,5527
 5301,63071.758,13.228,5527
 5302,63085.582,13.824,5527
 5303,63097.746,12.165,5527
 5304,63111.133,13.384,5527
 5305,63123.379,12.247,5527
 5306,63136.133,12.754,5527
 5307,63148.656,12.522,5527
 5308,63161.805,13.147,5527
 5309,63174.789,12.990,5527
 5310,63187.461,12.669,5527
 5311,63200.781,13.324,5527
 5312,63212.945,12.165,5527
 5313,63225.508,12.557,5527
 5314,63238.273,12.768,5527
 5315,63251.117,12.844,5527
 5316,63263.453,12.338,5527
 5317,63276.145,12.687,5527
 5318,63288.664,12.521,5527
 5319,63301.250,12.588,5527
 5320,63313.645,12.391,5527
 5321,63326.840,13.196,5527
 5322,63339.617,12.782,5527
 5323,63352.301,12.676,5527
 5324,63364.660,12.362,5527
 5325,63377.113,12.457,5527
 5326,63389.906,12.792,5527
 5327,63402.266,12.360,5527
 5328,63415.059,12.791,5527
 5329,63428.086,13.028,5527
 5330,63440.707,12.620,5527
 5331,63452.695,11.987,5527
 5332,63465.637,12.940,5527
 5333,63478.063,12.429,5527
 5334,63490.590,12.527,5527
 5335,63503.156,12.564,5527
 5336,63516.273,13.121,5527
 5337,63529.469,13.192,5527
 5338,63541.020,11.553,5527
 5339,63554.293,13.269,5527
 5340,63566.383,12.095,5527
 5341,63578.996,12.612,5527
 5342,63591.398,12.403,5527
 5343,63605.008,13.608,5527
 5344,63616.746,11.739,5527
 5345,63629.219,12.471,5527
 5346,63642.371,13.153,5527
 5347,63654.559,12.189,5527
 5348,63668.352,13.793,5527
 5349,63680.145,11.790,5527
 5350,63693.066,12.923,5527
 5351,63705.617,12.552,5527
 5352,63718.195,12.576,5527
 5353,63730.984,12.789,5527
 5354,63743.969,12.985,5527
 5355,63756.332,12.363,5527
 5356,63768.836,12.504,5527
 5357,63781.246,12.412,5527
 5358,63793.543,12.296,5527
 5359,63806.375,12.832,5527
 5360,63819.504,13.129,5527
 5361,63831.328,11.823,5527
 5362,63844.691,13.367,5527
 5363,63857.824,13.131,5527
 5364,63869.172,11.348,5527
 5365,63881.270,12.100,5527
 5366,63894.945,13.674,5527
 5367,63906.480,11.533,5527
 5368,63920.105,13.629,5527
 5369,63931.836,11.727,5527
 5370,63944.441,12.610,5527
 5371,63956.203,11.757,5527
 5372,63969.223,13.022,5527
 5373,63981.840,12.616,5527
 5374,63994.266,12.427,5527
 5375,64006.711,12.443,5527
 5376,64018.961,12.249,5527
 5377,64032.965,14.003,5527
 5378,64044.164,11.200,5527
 5379,64057.117,12.958,5527
 5380,64069.555,12.434,5527
 5381,64082.914,13.361,5527
 5382,64095.000,12.083,5527
 5383,64106.859,11.862,5527
 5384,64119.188,12.329,5527
 5385,64132.301,13.109,5527
 5386,64144.492,12.195,5527
 5387,64157.633,13.139,5527
 5388,64170.293,12.658,5527
 5389,64182.051,11.761,5527
 5390,64194.906,12.857,5527
 5391,64207.301,12.390,5527
 5392,64220.625,13.325,5527
 5393,64232.426,11.804,5527
 5394,64245.656,13.227,5527
 5395,64257.633,11.976,5527
 5396,64270.754,13.123,5527
 5397,64282.609,11.856,5527
 5398,64295.441,12.832,5527
 5399,64308.148,12.705,5527
 5400,64320.375,12.228,5527
 5401,64333.133,12.755,5527
 5402,64345.813,12.683,5527
 5403,64358.582,12.771,5527
 5404,64370.379,11.797,5527
 5405,64383.059,12.681,5527
 5406,64395.340,12.276,5527
 5407,64407.719,12.383,5527
 5408,64420.801,13.080,5527
 5409,64433.266,12.466,5527
 5410,64445.555,12.291,5527
 5411,64457.645,12.085,5527
 5412,64470.813,13.171,5527
 5413,64482.836,12.024,5527
 5414,64494.984,12.145,5527
 5415,64507.758,12.777,5527
 5416,64520.160,12.400,5527
 5417,64531.930,11.773,5527
 5418,64544.992,13.059,5527
 5419,64556.996,12.002,5527
 5420,64569.477,12.481,5527
 5421,64582.176,12.702,5527
 5422,64594.660,12.483,5527
 5423,64607.652,12.990,5527
 5424,64619.578,11.930,5527
 5425,64631.656,12.076,5527
 5426,64644.383,12.728,5527
 5427,64656.590,12.208,5527
 5428,64669.094,12.505,5527
 5429,64681.441,12.348,5527
 5430,64693.930,12.487,5527
 5431,64705.848,11.917,5527
 5432,64718.004,12.154,5527
 5433,64731.379,13.375,5527
 5434,64743.586,12.212,5527
 5435,64756.340,12.751,5527
 5436,64768.156,11.813,5527
 5437,64780.609,12.459,5527
 5438,64793.277,12.666,5527
 5439,64805.902,12.625,5527
 5440,64817.906,12.003,5527
 5441,64830.270,12.364,5527
 5442,64843.480,13.210,5527
 5443,64854.855,11.374,5527
 5444,64868.145,13.290,5527
 5445,64881.180,13.033,5527
 5446,64892.480,11.302,5527
 5447,64905.469,12.990,5527
 5448,64917.328,11.859,5527
 5449,64929.906,12.577,5527
 5450,64942.523,12.620,5527
 5451,64954.883,12.356,5527
 5452,64967.195,12.312,5527
 5453,64979.488,12.293,5527
 5454,64993.117,13.632,5527
 5455,65004.660,11.540,5527
 5456,65016.637,11.977,5527
 5457,65029.645,13.009,5527
 5458,65041.309,11.663,5527
 5459,65054.098,12.793,5527
 5460,65067.195,13.096,5527
 5461,65078.863,11.668,5527
 5462,65091.285,12.423,5527
 5463,65102.871,11.585,5527
 5464,65115.813,12.941,5527
 5465,65127.770,11.960,5527
 5466,65140.824,13.051,5527
 5467,65152.652,11.825,5527
 5468,65164.816,12.165,5527
 5469,65177.707,12.892,5527
 5470,65190.781,13.078,5527
 5471,65201.738,10.956,5527
 5472,65214.840,13.098,5527
 5473,65226.941,12.104,5527
 5474,65238.977,12.032,5527
 5475,65252.395,13.423,5527
 5476,65263.742,11.347,5527
 5477,65276.230,12.486,5527
 5478,65289.363,13.132,5527
 5479,65301.156,11.793,5527
 5480,65313.063,11.909,5527
 5481,65325.594,12.531,5527
 5482,65337.699,12.105,5527
 5483,65350.066,12.368,5527
 5484,65362.445,12.379,5527
 5485,65374.770,12.324,5527
 5486,65386.949,12.179,5527
 5487,65399.188,12.236,5527
 5488,65411.688,12.501,5527
 5489,65425.063,13.376,5527
 5490,65436.207,11.145,5527
 5491,65448.887,12.678,5527
 5492,65461.113,12.230,5527
 5493,65473.613,12.498,5527
 5494,65486.016,12.401,5527
 5495,65497.605,11.591,5527
 5496,65510.129,12.522,5527
 5497,65523.258,13.133,5527
 5498,65534.797,11.532,5527
 5499,65547.531,12.736,5527
 5500,65560.313,12.788,5527
 5501,65572.234,11.918,5527
 5502,65585.563,13.329,5527
 5503,65596.898,11.336,5527
 5504,65609.313,12.414,5527
 5505,65621.453,12.135,5527
 5506,65633.711,12.257,5527
 5507,65646.336,12.629,5527
 5508,65659.000,12.665,5527
 5509,65670.141,11.137,5527
 5510,65682.578,12.441,5527
 5511,65695.078,12.499,5527
 5512,65707.953,12.880,5527
 5513,65719.906,11.947,5527
 5514,65732.016,12.115,5527
 5515,65744.633,12.612,5527
 5516,65756.648,12.022,5527
 5517,65768.578,11.924,5527
 5518,65781.508,12.930,5527
 5519,65793.359,11.858,5527
 5520,65806.266,12.904,5527
 5521,65818.234,11.968,5527
 5522,65830.258,12.024,5527
 5523,65842.789,12.530,5527
 5524,65855.133,12.343,5527
 5525,65867.625,12.495,5527
 5526,65879.664,12.036,5527
 5527,65892.766,13.098,5527
 5528,65905.555,12.789,5527
 5529,65917.016,11.469,5527
 5530,65929.578,12.553,5527
 5531,65941.523,11.952,5527
 5532,65953.977,12.451,5527
 5533,65967.148,13.171,5527
 5534,65978.781,11.633,5527
 5535,65990.875,12.091,5527
 5536,66003.078,12.201,5527
 5537,66015.367,12.293,5527
 5538,66027.328,11.961,5527
 5539,66040.086,12.758,5527
 5540,66052.266,12.183,5527
 5541,66064.867,12.599,5527
 5542,66077.695,12.829,5527
 5543,66090.172,12.474,5527
 5544,66102.063,11.894,5527
 5545,66114.875,12.810,5527
 5546,66126.836,11.962,5527
 5547,66139.094,12.259,5527
 5548,66151.539,12.446,5527
 5549,66163.523,11.981,5527
 5550,66177.602,14.077,5527
 5551,66188.992,11.394,5527
 5552,66200.656,11.661,5527
 5553,66213.320,12.665,5527
 5554,66226.242,12.924,5527
 5555,66237.555,11.314,5527
 5556,66250.844,13.284,5527
 5557,66263.180,12.338,5527
 5558,66274.719,11.537,5527
 5559,66286.781,12.068,5527
 5560,66299.367,12.583,5527
 5561,66311.570,12.204,5527
 5562,66323.961,12.387,5527
 5563,66335.766,11.808,5527
 5564,66348.359,12.595,5527
 5565,66361.875,13.516,5527
 5566,66373.023,11.145,5527
 5567,66385.195,12.174,5527
 5568,66397.961,12.766,5527
 5569,66409.875,11.913,5527
 5570,66422.680,12.804,5527
 5571,66434.297,11.615,5527
 5572,66446.914,12.617,5527
 5573,66459.055,12.144,5527
 5574,66471.336,12.286,5527
 5575,66484.180,12.838,5527
 5576,66495.797,11.620,5527
 5577,66508.594,12.793,5527
 5578,66520.758,12.168,5527
 5579,66532.922,12.159,5527
 5580,66545.078,12.157,5527
 5581,66557.617,12.542,5527
 5582,66569.523,11.906,5527
 5583,66581.813,12.291,5527
 5584,66594.539,12.721,5527
 5585,66606.492,11.957,5527
 5586,66618.844,12.350,5527
 5587,66630.852,12.010,5527
 5588,66643.414,12.560,5527
 5589,66655.805,12.388,5527
 5590,66668.523,12.724,5527
 5591,66680.273,11.749,5527
 5592,66693.102,12.827,5527
 5593,66705.039,11.934,5527
 5594,66717.719,12.684,5527
 5595,66729.508,11.791,5527
 5596,66741.758,12.250,5527
 5597,66755.141,13.383,5527
 5598,66767.086,11.939,5527
 5599,66778.875,11.792,5527
 5600,66791.516,12.641,5527
 5601,66803.258,11.744,5527
 5602,66815.313,12.056,5527
 5603,66827.430,12.112,5527
 5604,66839.250,11.823,5527
 5605,66851.727,12.477,5527
 5606,66864.117,12.386,5527
 5607,66876.742,12.624,5527
 5608,66889.508,12.768,5527
 5609,66900.953,11.451,5527
 5610,66913.250,12.295,5527
 5611,66925.406,12.151,5527
 5612,66937.914,12.515,5527
 5613,66950.469,12.552,5527
 5614,66962.906,12.434,5527
 5615,66974.484,11.585,5527
 5616,66987.258,12.773,5527
 5617,66999.094,11.831,5527
 5618,67011.297,12.208,5527
 5619,67023.680,12.381,5527
 5620,67035.633,11.951,5527
 5621,67049.000,13.366,5527
 5622,67060.477,11.482,5527
 5623,67073.477,12.998,5527
 5624,67085.383,11.904,5527
 5625,67097.141,11.757,5527
 5626,67109.383,12.240,5527
 5627,67121.570,12.190,5527
 5628,67134.609,13.042,5527
 5629,67146.445,11.831,5527
 5630,67158.859,12.414,5527
 5631,67171.227,12.374,5527
 5632,67183.852,12.622,5527
 5633,67196.047,12.190,5527
 5634,67208.102,12.058,5527
 5635,67219.922,11.824,5527
 5636,67232.258,12.331,5527
 5637,67245.008,12.757,5527
 5638,67257.969,12.962,5527
 5639,67269.258,11.287,5527
 5640,67281.555,12.291,5527
 5641,67294.242,12.693,5527
 5642,67306.273,12.030,5527
 5643,67318.961,12.691,5527
 5644,67330.461,11.490,5527
 5645,67343.266,12.815,5527
 5646,67355.492,12.217,5527
 5647,67367.836,12.346,5527
 5648,67380.656,12.826,5527
 5649,67392.180,11.518,5527
 5650,67404.859,12.679,5527
 5651,67417.086,12.225,5527
 5652,67430.070,12.981,5527
 5653,67441.656,11.593,5527
 5654,67454.586,12.928,5527
 5655,67467.188,12.601,5527
 5656,67479.695,12.518,5527
 5657,67491.234,11.532,5527
 5658,67503.984,12.749,5527
 5659,67515.664,11.681,5527
 5660,67527.930,12.265,5527
 5661,67540.516,12.589,5527
 5662,67553.953,13.438,5527
 5663,67564.172,10.215,5527
 5664,67577.344,13.176,5527
 5665,67590.070,12.719,5527
 5666,67602.164,12.100,5527
 5667,67613.852,11.685,5527
 5668,67626.398,12.544,5527
 5669,67640.594,14.201,5527
 5670,67651.500,10.905,5527
 5671,67664.203,12.700,5527
 5672,67675.625,11.424,5527
 5673,67687.836,12.208,5527
 5674,67701.414,13.574,5527
 5675,67712.305,10.902,5527
 5676,67725.063,12.749,5527
 5677,67737.008,11.949,5527
 5678,67748.906,11.902,5527
 5679,67761.648,12.745,5527
 5680,67773.406,11.745,5527
 5681,67786.594,13.195,5527
 5682,67797.844,11.251,5527
 5683,67809.836,11.991,5527
 5684,67822.992,13.160,5527
 5685,67834.172,11.177,5527
 5686,67846.844,12.671,5527
 5687,67858.820,11.976,5527
 5688,67871.289,12.471,5527
 5689,67883.094,11.799,5527
 5690,67895.531,12.439,5527
 5691,67907.375,11.840,5527
 5692,67919.711,12.339,5527
 5693,67933.094,13.383,5527
 5694,67944.211,11.123,5527
 5695,67956.211,11.999,5527
 5696,67968.836,12.623,5527
 5697,67981.406,12.563,5527
 5698,67993.250,11.853,5527
 5699,68005.086,11.830,5527
 5700,68017.461,12.373,5527
 5701,68029.719,12.258,5527
 5702,68041.609,11.897,5527
 5703,68054.813,13.198,5527
 5704,68065.758,10.946,5527
 5705,68078.258,12.506,5527
 5706,68090.648,12.389,5527
 5707,68101.875,11.225,5527
 5708,68114.195,12.316,5527
 5709,68126.641,12.450,5527
 5710,68138.711,12.062,5527
 5711,68151.453,12.749,5527
 5712,68163.563,12.109,5527
 5713,68175.320,11.760,5527
 5714,68187.664,12.342,5527
 5715,68200.266,12.607,5527
 5716,68211.914,11.642,5527
 5717,68223.398,11.487,5527
 5718,68236.406,13.000,5527
 5719,68248.578,12.177,5527
 5720,68260.172,11.594,5527
 5721,68273.766,13.589,5527
 5722,68285.328,11.570,5527
 5723,68296.742,11.413,5527
 5724,68308.930,12.192,5527
 5725,68321.047,12.108,5527
 5726,68333.492,12.450,5527
 5727,68345.578,12.085,5527
 5728,68357.758,12.176,5527
 5729,68370.164,12.410,5527
 5730,68382.102,11.934,5527
 5731,68394.297,12.204,5527
 5732,68406.305,12.002,5527
 5733,68417.742,11.437,5527
 5734,68431.063,13.323,5527
 5735,68444.922,13.858,5527
 5736,68456.242,11.322,5527
 5737,68469.102,12.856,5527
 5738,68479.469,10.366,5527
 5739,68491.953,12.486,5527
 5740,68504.484,12.528,5527
 5741,68516.219,11.739,5527
 5742,68528.203,11.983,5527
 5743,68539.773,11.568,5527
 5744,68552.961,13.194,5527
 5745,68565.758,12.790,5527
 5746,68576.836,11.079,5527
 5747,68589.383,12.544,5527
 5748,68601.203,11.823,5527
 5749,68613.266,12.072,5527
 5750,68625.359,12.090,5527
 5751,68637.430,12.063,5527
 5752,68649.828,12.406,5527
 5753,68661.813,11.977,5527
 5754,68674.172,12.366,5527
 5755,68686.531,12.362,5527
 5756,68697.797,11.262,5527
 5757,68710.586,12.792,5527
 5758,68722.383,11.787,5527
 5759,68735.008,12.636,5527
 5760,68747.008,12.003,5527
 5761,68758.797,11.778,5527
 5762,68770.984,12.196,5527
 5763,68783.344,12.357,5527
 5764,68795.109,11.764,5527
 5765,68808.508,13.400,5527
 5766,68819.750,11.238,5527
 5767,68831.750,11.999,5527
 5768,68844.016,12.276,5527
 5769,68856.313,12.289,5527
 5770,68868.406,12.092,5527
 5771,68880.242,11.835,5527
 5772,68892.250,12.012,5527
 5773,68905.461,13.212,5527
 5774,68916.477,11.012,5527
 5775,68928.805,12.330,5527
 5776,68941.375,12.569,5527
 5777,68953.156,11.779,5527
 5778,68965.492,12.335,5527
 5779,68977.797,12.305,5527
 5780,68989.641,11.850,5527
 5781,69001.555,11.912,5527
 5782,69014.227,12.668,5527
 5783,69025.703,11.480,5527
 5784,69037.852,12.146,5527
 5785,69049.828,11.979,5527
 5786,69062.609,12.786,5527
 5787,69074.242,11.629,5527
 5788,69087.273,13.034,5527
 5789,69098.555,11.277,5527
 5790,69111.180,12.624,5527
 5791,69123.328,12.150,5527
 5792,69135.578,12.254,5527
 5793,69148.242,12.662,5527
 5794,69159.844,11.603,5527
 5795,69171.984,12.136,5527
 5796,69184.125,12.143,5527
 5797,69196.313,12.187,5527
 5798,69209.633,13.324,5527
 5799,69220.766,11.127,5527
 5800,69233.781,13.011,5527
 5801,69245.125,11.347,5527
 5802,69256.656,11.535,5527
 5803,69269.008,12.354,5527
 5804,69281.586,12.579,5527
 5805,69293.633,12.048,5527
 5806,69305.625,11.986,5527
 5807,69318.148,12.523,5527
 5808,69330.492,12.345,5527
 5809,69341.727,11.230,5527
 5810,69353.992,12.275,5527
 5811,69365.953,11.958,5527
 5812,69377.875,11.917,5527
 5813,69390.266,12.397,5527
 5814,69402.367,12.092,5527
 5815,69414.547,12.187,5527
 5816,69426.445,11.893,5527
 5817,69439.172,12.726,5527
 5818,69450.445,11.275,5527
 5819,69463.398,12.953,5527
 5820,69475.258,11.865,5527
 5821,69488.180,12.923,5527
 5822,69499.602,11.420,5527
 5823,69511.508,11.908,5527
 5824,69524.242,12.734,5527
 5825,69536.156,11.913,5527
 5826,69548.133,11.970,5527
 5827,69560.352,12.231,5527
 5828,69572.844,12.481,5527
 5829,69584.297,11.459,5527
 5830,69596.836,12.537,5527
 5831,69608.688,11.851,5527
 5832,69621.531,12.846,5527
 5833,69632.953,11.424,5527
 5834,69645.914,12.959,5527
 5835,69657.906,11.991,5527
 5836,69670.313,12.408,5527
 5837,69682.227,11.913,5527
 5838,69694.789,12.561,5527
 5839,69706.672,11.883,5527
 5840,69718.789,12.116,5527
 5841,69730.977,12.195,5527
 5842,69743.688,12.711,5527
 5843,69754.992,11.300,5527
 5844,69767.570,12.574,5527
 5845,69779.219,11.648,5527
 5846,69791.984,12.774,5527
 5847,69803.922,11.931,5527
 5848,69815.875,11.956,5527
 5849,69828.148,12.267,5527
 5850,69839.969,11.825,5527
 5851,69851.641,11.676,5527
 5852,69865.047,13.395,5527
 5853,69876.820,11.779,5527
 5854,69889.141,12.318,5527
 5855,69900.563,11.427,5527
 5856,69913.398,12.835,5527
 5857,69925.625,12.227,5527
 5858,69938.148,12.518,5527
 5859,69949.586,11.446,5527
 5860,69961.867,12.278,5527
 5861,69974.016,12.154,5527
 5862,69986.156,12.133,5527
 5863,69998.977,12.827,5527
 5864,70010.539,11.557,5527
 5865,70022.242,11.704,5527
 5866,70034.523,12.282,5527
 5867,70046.539,12.012,5527
 5868,70059.234,12.696,5527
 5869,70071.078,11.842,5527
 5870,70082.852,11.774,5527
 5871,70095.055,12.199,5527
 5872,70106.875,11.829,5527
 5873,70118.867,11.993,5527
 5874,70131.063,12.192,5527
 5875,70143.781,12.715,5527
 5876,70155.789,12.012,5527
 5877,70168.148,12.362,5527
 5878,70180.336,12.187,5527
 5879,70192.594,12.261,5527
 5880,70204.977,12.383,5527
 5881,70217.516,12.536,5527
 5882,70228.664,11.148,5527
 5883,70240.555,11.891,5527
 5884,70252.648,12.091,5527
 5885,70264.508,11.856,5527
 5886,70277.547,13.044,5527
 5887,70289.484,11.936,5527
 5888,70301.898,12.417,5527
 5889,70313.648,11.747,5527
 5890,70325.781,12.131,5527
 5891,70337.547,11.766,5527
 5892,70349.922,12.376,5527
 5893,70363.594,13.676,5527
 5894,70374.375,10.770,5527
 5895,70386.273,11.904,5527
 5896,70398.898,12.628,5527
 5897,70411.195,12.294,5527
 5898,70423.188,11.995,5527
 5899,70435.813,12.626,5527
 5900,70447.227,11.414,5527
 5901,70459.578,12.354,5527
 5902,70471.875,12.290,5527
 5903,70483.602,11.730,5527
 5904,70495.680,12.083,5527
 5905,70507.789,12.099,5527
 5906,70520.609,12.826,5527
 5907,70532.398,11.784,5527
 5908,70543.969,11.579,5527
 5909,70556.828,12.852,5527
 5910,70568.313,11.492,5527
 5911,70580.758,12.434,5527
 5912,70593.047,12.293,5527
 5913,70605.578,12.533,5527
 5914,70617.898,12.319,5527
 5915,70629.492,11.591,5527
 5916,70641.734,12.247,5527
 5917,70653.953,12.221,5527
 5918,70665.891,11.936,5527
 5919,70677.883,11.989,5527
 5920,70691.773,13.891,5527
 5921,70702.305,10.539,5527
 5922,70714.406,12.094,5527
 5923,70727.344,12.942,5527
 5924,70739.273,11.931,5527
 5925,70751.406,12.124,5527
 5926,70763.672,12.273,5527
 5927,70775.500,11.824,5527
 5928,70787.563,12.063,5527
 5929,70799.859,12.296,5527
 5930,70813.031,13.173,5527
 5931,70823.875,10.849,5527
 5932,70836.297,12.421,5527
 5933,70848.563,12.263,5527
 5934,70860.523,11.959,5527
 5935,70872.664,12.146,5527
 5936,70884.477,11.805,5527
 5937,70896.984,12.512,5527
 5938,70909.117,12.128,5527
 5939,70922.047,12.930,5527
 5940,70934.180,12.132,5527
 5941,70946.102,11.926,5527
 5942,70958.250,12.151,5527
 5943,70970.477,12.221,5527
 5944,70982.914,12.445,5527
 5945,70994.453,11.537,5527
 5946,71007.203,12.751,5527
 5947,71018.844,11.640,5527
 5948,71031.320,12.476,5527
 5949,71044.594,13.272,5527
 5950,71055.219,10.621,5527
 5951,71067.313,12.103,5527
 5952,71079.500,12.180,5527
 5953,71091.734,12.232,5527
 5954,71103.492,11.762,5527
 5955,71116.164,12.675,5527
 5956,71127.859,11.694,5527
 5957,71140.336,12.475,5527
 5958,71152.367,12.025,5527
 5959,71164.609,12.250,5527
 5960,71176.875,12.266,5527
 5961,71188.516,11.640,5527
 5962,71200.766,12.246,5527
 5963,71213.313,12.554,5527
 5964,71225.383,12.062,5527
 5965,71237.063,11.678,5527
 5966,71249.922,12.867,5527
 5967,71261.750,11.826,5527
 5968,71273.828,12.073,5527
 5969,71285.531,11.706,5527
 5970,71298.055,12.526,5527
 5971,71309.969,11.913,5527
 5972,71321.555,11.586,5527
 5973,71334.586,13.036,5527
 5974,71346.891,12.301,5527
 5975,71358.344,11.455,5527
 5976,71370.898,12.553,5527
 5977,71382.789,11.891,5527
 5978,71394.758,11.962,5527
 5979,71406.586,11.834,5527
 5980,71419.047,12.457,5527
 5981,71430.703,11.655,5527
 5982,71443.227,12.532,5527
 5983,71455.336,12.108,5527
 5984,71468.539,13.200,5527
 5985,71479.805,11.263,5527
 5986,71492.414,12.609,5527
 5987,71504.430,12.018,5527
 5988,71516.641,12.215,5527
 5989,71528.648,12.008,5527
 5990,71540.797,12.146,5527
 5991,71553.328,12.530,5527
 5992,71565.313,11.990,5527
 5993,71577.656,12.341,5527
 5994,71589.992,12.335,5527
 5995,71602.047,12.047,5527
 5996,71613.867,11.826,5527
 5997,71626.313,12.449,5527
 5998,71638.180,11.865,5527
 5999,71650.250,12.073,5527
 6000,71662.961,12.711,5527
 6001,71674.844,11.877,5527
 6002,71686.906,12.066,5527
 6003,71699.406,12.496,5527
 6004,71712.055,12.646,5527
 6005,71723.430,11.379,5527
 6006,71736.484,13.052,5527
 6007,71747.844,11.362,5527
 6008,71760.375,12.532,5527
 6009,71772.461,12.088,5527
 6010,71784.063,11.597,5527
 6011,71796.461,12.398,5527
 6012,71809.063,12.601,5527
 6013,71820.875,11.820,5527
 6014,71833.320,12.447,5527
 6015,71845.352,12.031,5527
 6016,71858.500,13.144,5527
 6017,71870.422,11.916,5527
 6018,71881.656,11.242,5527
 6019,71893.805,12.142,5527
 6020,71906.000,12.205,5527
 6021,71918.141,12.132,5527
 6022,71931.063,12.923,5527
 6023,71943.047,11.985,5527
 6024,71954.969,11.927,5527
 6025,71967.203,12.235,5527
 6026,71980.188,12.978,5527
 6027,71991.539,11.354,5527
 6028,72003.852,12.310,5527
 6029,72016.281,12.433,5527
 6030,72028.898,12.614,5527
 6031,72040.844,11.946,5527
 6032,72052.734,11.888,5527
 6033,72064.953,12.226,5527
 6034,72077.109,12.152,5527
 6035,72089.703,12.587,5527
 6036,72101.250,11.560,5527
 6037,72113.469,12.212,5527
 6038,72125.602,12.134,5527
 6039,72138.453,12.847,5527
 6040,72150.641,12.195,5527
 6041,72162.906,12.264,5527
 6042,72175.781,12.870,5527
 6043,72187.625,11.853,5527
 6044,72199.836,12.205,5527
 6045,72211.914,12.081,5527
 6046,72224.820,12.899,5527
 6047,72237.305,12.493,5527
 6048,72248.820,11.514,5527
 6049,72261.203,12.382,5527
 6050,72273.211,12.006,5527
 6051,72285.938,12.727,5527
 6052,72298.344,12.408,5527
 6053,72309.555,11.208,5527
 6054,72321.477,11.926,5527
 6055,72334.219,12.743,5527
 6056,72346.219,12.000,5527
 6057,72358.258,12.034,5527
 6058,72370.367,12.105,5527
 6059,72382.953,12.591,5527
 6060,72395.141,12.189,5527
 6061,72407.266,12.124,5527
 6062,72419.758,12.489,5527
 6063,72431.648,11.896,5527
 6064,72444.242,12.595,5527
 6065,72456.570,12.323,5527
 6066,72468.445,11.873,5527
 6067,72480.133,11.691,5527
 6068,72492.695,12.560,5527
 6069,72504.750,12.053,5527
 6070,72517.164,12.417,5527
 6071,72529.711,12.547,5527
 6072,72541.461,11.753,5527
 6073,72553.969,12.507,5527
 6074,72565.672,11.707,5527
 6075,72577.891,12.219,5527
 6076,72590.438,12.541,5527
 6077,72602.594,12.159,5527
 6078,72614.594,12.002,5527
 6079,72626.820,12.224,5527
 6080,72639.281,12.463,5527
 6081,72651.734,12.446,5527
 6082,72663.555,11.821,5527
 6083,72676.031,12.476,5527
 6084,72687.758,11.731,5527
 6085,72700.578,12.820,5527
 6086,72712.039,11.454,5527
 6087,72724.523,12.493,5527
 6088,72736.617,12.092,5527
 6089,72749.125,12.507,5527
 6090,72761.180,12.054,5527
 6091,72773.508,12.327,5527
 6092,72786.422,12.914,5527
 6093,72798.102,11.683,5527
 6094,72809.797,11.692,5527
 6095,72822.438,12.644,5527
 6096,72834.461,12.020,5527
 6097,72846.734,12.270,5527
 6098,72858.633,11.905,5527
 6099,72870.805,12.166,5527
 6100,72882.789,11.987,5527
 6101,72895.133,12.345,5527
 6102,72907.438,12.306,5527
 6103,72919.414,11.977,5527
 6104,72931.930,12.516,5527
 6105,72944.297,12.367,5527
 6106,72956.766,12.466,5527
 6107,72968.695,11.926,5527
 6108,72980.445,11.751,5527
 6109,72993.125,12.680,5527
 6110,73005.125,12.007,5527
 6111,73017.398,12.264,5527
 6112,73029.414,12.016,5527
 6113,73041.789,12.380,5527
 6114,73053.266,11.477,5527
 6115,73065.313,12.055,5527
 6116,73077.953,12.635,5527
 6117,73090.563,12.606,5527
 6118,73102.148,11.585,5527
 6119,73115.141,12.994,5527
 6120,73127.375,12.231,5527
 6121,73139.617,12.250,5527
 6122,73151.367,11.741,5527
 6123,73163.297,11.940,5527
 6124,73176.086,12.786,5527
 6125,73188.461,12.369,5527
 6126,73200.430,11.968,5527
 6127,73212.273,11.852,5527
 6128,73224.133,11.853,5527
 6129,73236.453,12.323,5527
 6130,73249.539,13.086,5527
 6131,73260.609,11.073,5527
 6132,73272.898,12.292,5527
 6133,73284.867,11.964,5527
 6134,73296.789,11.921,5527
 6135,73309.273,12.486,5527
 6136,73321.258,11.985,5527
 6137,73332.922,11.663,5527
 6138,73345.273,12.354,5527
 6139,73357.109,11.835,5527
 6140,73369.961,12.851,5527
 6141,73381.844,11.881,5527
 6142,73394.000,12.164,5527
 6143,73405.750,11.738,5527
 6144,73418.266,12.524,5527
 6145,73430.250,11.985,5527
 6146,73442.695,12.439,5527
 6147,73454.648,11.957,5527
 6148,73466.516,11.868,5527
 6149,73478.742,12.221,5527
 6150,73490.531,11.789,5527
 6151,73502.453,11.924,5527
 6152,73515.445,12.990,5527
 6153,73526.695,11.252,5527
 6154,73539.445,12.749,5527
 6155,73551.750,12.302,5527
 6156,73563.594,11.849,5527
 6157,73575.922,12.327,5527
 6158,73587.844,11.924,5527
 6159,73599.563,11.718,5527
 6160,73612.289,12.731,5527
 6161,73624.500,12.201,5527
 6162,73636.375,11.875,5527
 6163,73648.133,11.757,5527
 6164,73660.258,12.130,5527
 6165,73672.516,12.258,5527
 6166,73684.977,12.464,5527
 6167,73696.344,11.368,5527
 6168,73708.672,12.326,5527
 6169,73721.430,12.751,5527
 6170,73732.789,11.364,5527
 6171,73745.813,13.021,5527
 6172,73757.469,11.660,5527
 6173,73769.695,12.223,5527
 6174,73781.547,11.852,5527
 6175,73793.141,11.599,5527
 6176,73805.875,12.729,5527
 6177,73818.406,12.527,5527
 6178,73830.250,11.854,5527
 6179,73842.180,11.925,5527
 6180,73854.617,12.442,5527
 6181,73866.406,11.779,5527
 6182,73878.797,12.398,5527
 6183,73890.344,11.549,5527
 6184,73902.828,12.478,5527
 6185,73915.016,12.193,5527
 6186,73926.641,11.625,5527
 6187,73939.125,12.480,5527
 6188,73951.109,11.982,5527
 6189,73964.344,13.246,5527
 6190,73975.328,10.984,5527
 6191,73988.273,12.938,5527
 6192,73999.516,11.244,5527
 6193,74011.797,12.282,5527
 6194,74024.234,12.434,5527
 6195,74037.117,12.886,5527
 6196,74048.906,11.788,5527
 6197,74059.750,10.844,5527
 6198,74071.430,11.679,5527
 6199,74083.820,12.393,5527
 6200,74095.984,12.163,5527
 6201,74108.656,12.671,5527
 6202,74120.961,12.304,5527
 6203,74133.172,12.214,5527
 6204,74145.313,12.139,5527
 6205,74157.219,11.906,5527
 6206,74168.703,11.477,5527
 6207,74181.000,12.308,5527
 6208,74193.656,12.655,5527
 6209,74205.336,11.678,5527
 6210,74216.930,11.597,5527
 6211,74229.906,12.970,5527
 6212,74242.055,12.146,5527
 6213,74253.055,11.002,5527
 6214,74265.383,12.330,5527
 6215,74276.602,11.221,5527
 6216,74288.867,12.265,5527
 6217,74300.773,11.903,5527
 6218,74312.820,12.049,5527
 6219,74324.500,11.678,5527
 6220,74336.656,12.164,5527
 6221,74348.570,11.911,5527
 6222,74360.734,12.156,5527
 6223,74372.891,12.159,5527
 6224,74385.602,12.714,5527
 6225,74397.375,11.770,5527
 6226,74409.000,11.633,5527
 6227,74421.078,12.071,5527
 6228,74433.117,12.041,5527
 6229,74445.281,12.166,5527
 6230,74457.047,11.760,5527
 6231,74469.273,12.233,5527
 6232,74481.539,12.265,5527
 6233,74493.281,11.739,5527
 6234,74504.977,11.697,5527
 6235,74517.555,12.582,5527
 6236,74528.813,11.251,5527
 6237,74540.398,11.583,5527
 6238,74552.695,12.294,5527
 6239,74565.547,12.857,5527
 6240,74576.859,11.318,5527
 6241,74588.766,11.899,5527
 6242,74600.961,12.205,5527
 6243,74613.219,12.250,5527
 6244,74625.297,12.080,5527
 6245,74636.375,11.071,5527
 6246,74649.328,12.967,5527
 6247,74660.273,10.937,5527
 6248,74672.297,12.025,5527
 6249,74682.992,10.696,5527
 6250,74695.859,12.865,5527
 6251,74707.211,11.352,5527
 6252,74719.516,12.306,5527
 6253,74731.445,11.930,5527
 6254,74743.672,12.230,5527
 6255,74754.602,10.927,5527
 6256,74766.820,12.220,5527
 6257,74778.484,11.660,5527
 6258,74790.828,12.345,5527
 6259,74802.992,12.167,5527
 6260,74814.867,11.873,5527
 6261,74826.195,11.329,5527
 6262,74838.234,12.040,5527
 6263,74850.500,12.264,5527
 6264,74862.148,11.649,5527
 6265,74873.875,11.724,5527
 6266,74886.125,12.247,5527
 6267,74897.336,11.219,5527
 6268,74909.750,12.407,5527
 6269,74921.141,11.392,5527
 6270,74933.031,11.889,5527
 6271,74945.445,12.412,5527
 6272,74958.164,12.721,5527
 6273,74969.375,11.208,5527
 6274,74982.484,13.116,5527
 6275,74993.258,10.778,5527
 6276,75005.344,12.086,5527
 6277,75016.992,11.646,5527
 6278,75029.234,12.243,5527
 6279,75041.617,12.385,5527
 6280,75054.000,12.377,5527
 6281,75065.297,11.299,5527
 6282,75076.625,11.326,5527
 6283,75089.758,13.132,5527
 6284,75101.094,11.334,5527
 6285,75114.000,12.913,5527
 6286,75124.742,10.733,5527
 6287,75135.836,11.099,5527
 6288,75148.148,12.308,5527
 6289,75160.359,12.209,5527
 6290,75171.898,11.550,5527
 6291,75183.703,11.795,5527
 6292,75195.984,12.290,5527
 6293,75207.867,11.877,5527
 6294,75219.305,11.440,5527
 6295,75231.203,11.895,5527
 6296,75242.680,11.483,5527
 6297,75254.102,11.416,5527
 6298,75266.508,12.412,5527
 6299,75277.586,11.078,5527
 6300,75290.141,12.548,5527
 6301,75301.703,11.564,5527
 6302,75313.852,12.151,5527
 6303,75325.547,11.699,5527
 6304,75337.047,11.497,5527
 6305,75349.008,11.960,5527
 6306,75361.805,12.799,5527
 6307,75372.719,10.908,5527
 6308,75384.758,12.038,5527
 6309,75396.484,11.734,5527
 6310,75408.648,12.165,5527
 6311,75420.102,11.450,5527
 6312,75432.609,12.507,5527
 6313,75443.648,11.044,5527
 6314,75456.250,12.596,5527
 6315,75467.797,11.543,5527
 6316,75479.219,11.431,5527
 6317,75491.320,12.104,5527
 6318,75503.594,12.269,5527
 6319,75515.000,11.407,5527
 6320,75527.250,12.250,5527
 6321,75538.719,11.464,5527
 6322,75550.773,12.056,5527
 6323,75564.211,13.435,5527
 6324,75575.289,11.086,5527
 6325,75586.773,11.482,5527
 6326,75599.023,12.247,5527
 6327,75611.938,12.919,5527
 6328,75621.789, 9.848,5527
 6329,75633.922,12.132,5527
 6330,75646.438,12.511,5527
 6331,75658.523,12.089,5527
 6332,75670.711,12.186,5527
 6333,75682.336,11.636,5527
 6334,75694.063,11.715,5527
 6335,75706.023,11.962,5527
 6336,75717.836,11.817,5527
 6337,75729.328,11.495,5527
 6338,75741.445,12.114,5527
 6339,75753.336,11.896,5527
 6340,75765.797,12.451,5527
 6341,75777.023,11.224,5527
 6342,75789.047,12.024,5527
 6343,75801.070,12.023,5527
 6344,75812.711,11.641,5527
 6345,75825.008,12.305,5527
 6346,75836.000,10.991,5527
 6347,75847.750,11.748,5527
 6348,75860.398,12.648,5527
 6349,75871.789,11.391,5527
 6350,75883.047,11.251,5527
 6351,75894.734,11.691,5527
 6352,75906.625,11.896,5527
 6353,75918.266,11.642,5527
 6354,75930.430,12.159,5527
 6355,75942.023,11.591,5527
 6356,75954.055,12.030,5527
 6357,75965.430,11.379,5527
 6358,75977.383,11.949,5527
 6359,75989.047,11.663,5527
 6360,76000.563,11.528,5527
 6361,76012.266,11.701,5527
 6362,76024.180,11.909,5527
 6363,76035.914,11.740,5527
 6364,76048.813,12.897,5527
 6365,76059.961,11.146,5527
 6366,76071.195,11.236,5527
 6367,76082.750,11.549,5527
 6368,76094.914,12.170,5527
 6369,76107.023,12.101,5527
 6370,76118.516,11.496,5527
 6371,76130.500,11.987,5527
 6372,76142.070,11.564,5527
 6373,76153.875,11.813,5527
 6374,76165.867,11.989,5527
 6375,76177.398,11.528,5527
 6376,76188.492,11.101,5527
 6377,76200.664,12.171,5527
 6378,76212.305,11.644,5527
 6379,76224.305,11.997,5527
 6380,76234.977,10.672,5527
 6381,76246.813,11.833,5527
 6382,76259.188,12.377,5527
 6383,76270.672,11.488,5527
 6384,76282.055,11.374,5527
 6385,76293.523,11.471,5527
 6386,76305.742,12.218,5527
 6387,76316.930,11.195,5527
 6388,76328.531,11.601,5527
 6389,76339.977,11.443,5527
 6390,76351.414,11.430,5527
 6391,76363.344,11.935,5527
 6392,76375.141,11.794,5527
 6393,76385.984,10.851,5527
 6394,76398.141,12.154,5527
 6395,76409.531,11.388,5527
 6396,76420.883,11.354,5527
 6397,76432.281,11.396,5527
 6398,76443.906,11.628,5527
 6399,76455.688,11.777,5527
 6400,76467.391,11.702,5527
 6401,76478.336,10.954,5527
 6402,76489.906,11.563,5527
 6403,76501.313,11.414,5527
 6404,76513.734,12.416,5527
 6405,76525.469,11.734,5527
 6406,76536.047,10.575,5527
 6407,76547.648,11.608,5527
 6408,76559.477,11.826,5527
 6409,76570.359,10.876,5527
 6410,76582.227,11.875,5527
 6411,76593.992,11.770,5527
 6412,76605.422,11.418,5527
 6413,76617.023,11.605,5527
 6414,76628.930,11.911,5527
 6415,76640.375,11.441,5527
 6416,76651.539,11.167,5527
 6417,76664.148,12.604,5527
 6418,76674.336,10.198,5527
 6419,76686.734,12.388,5527
 6420,76697.453,10.721,5527
 6421,76708.406,10.949,5527
 6422,76720.180,11.777,5527
 6423,76732.070,11.894,5527
 6424,76743.508,11.439,5527
 6425,76754.438,10.927,5527
 6426,76766.992,12.561,5527
 6427,76778.195,11.194,5527
 6428,76789.328,11.143,5527
 6429,76801.883,12.546,5527
 6430,76812.164,10.283,5527
 6431,76823.398,11.227,5527
 6432,76834.969,11.579,5527
 6433,76847.633,12.666,5527
 6434,76858.039,10.403,5527
 6435,76869.547,11.509,5527
 6436,76881.461,11.907,5527
 6437,76892.359,10.900,5527
 6438,76903.672,11.320,5527
 6439,76915.477,11.799,5527
 6440,76926.789,11.316,5527
 6441,76937.906,11.121,5527
 6442,76949.328,11.418,5527
 6443,76960.828,11.498,5527
 6444,76972.211,11.383,5527
 6445,76983.703,11.492,5527
 6446,76995.766,12.060,5527
 6447,77007.078,11.314,5527
 6448,77018.211,11.137,5527
 6449,77030.297,12.086,5527
 6450,77041.523,11.221,5527
 6451,77051.750,10.230,5527
 6452,77064.469,12.716,5527
 6453,77074.813,10.342,5527
 6454,77086.328,11.521,5527
 6455,77097.508,11.182,5527
 6456,77109.719,12.200,5527
 6457,77122.063,12.348,5527
 6458,77133.477,11.416,5527
 6459,77143.836,10.359,5527
 6460,77154.859,11.023,5527
 6461,77166.328,11.476,5527
 6462,77177.953,11.626,5527
 6463,77189.805,11.847,5527
 6464,77201.078,11.269,5527
 6465,77213.297,12.226,5527
 6466,77223.953,10.655,5527
 6467,77235.797,11.843,5527
 6468,77246.586,10.790,5527
 6469,77257.852,11.265,5527
 6470,77269.078,11.218,5527
 6471,77280.070,10.997,5527
 6472,77291.688,11.613,5527
 6473,77303.234,11.552,5527
 6474,77314.531,11.293,5527
 6475,77326.633,12.111,5527
 6476,77336.992,10.355,5527
 6477,77349.141,12.144,5527
 6478,77360.102,10.961,5527
 6479,77371.398,11.301,5527
 6480,77382.391,10.985,5527
 6481,77393.953,11.569,5527
 6482,77405.992,12.043,5527
 6483,77416.773,10.771,5527
 6484,77427.586,10.824,5527
 6485,77439.227,11.635,5527
 6486,77450.695,11.462,5527
 6487,77462.516,11.828,5527
 6488,77473.188,10.671,5527
 6489,77484.773,11.580,5527
 6490,77496.055,11.283,5527
 6491,77508.047,11.994,5527
 6492,77518.648,10.605,5527
 6493,77530.039,11.390,5527
 6494,77541.031,10.985,5527
 6495,77553.086,12.062,5527
 6496,77564.430,11.342,5527
 6497,77575.711,11.277,5527
 6498,77586.211,10.506,5527
 6499,77598.875,12.661,5527
 6500,77609.656,10.785,5527
 6501,77620.742,11.078,5527
 6502,77631.734,10.999,5527
 6503,77642.688,10.950,5527
 6504,77654.820,12.138,5527
 6505,77666.836,12.014,5527
 6506,77677.758,10.918,5527
 6507,77688.461,10.702,5527
 6508,77699.211,10.757,5527
 6509,77711.039,11.821,5527
 6510,77722.258,11.229,5527
 6511,77733.320,11.057,5527
 6512,77745.172,11.854,5527
 6513,77755.906,10.735,5527
 6514,77767.102,11.188,5527
 6515,77778.227,11.131,5527
 6516,77789.859,11.630,5527
 6517,77801.516,11.654,5527
 6518,77813.195,11.681,5527
 6519,77824.313,11.123,5527
 6520,77835.625,11.308,5527
 6521,77847.203,11.576,5527
 6522,77858.133,10.935,5527
 6523,77869.969,11.839,5527
 6524,77881.125,11.146,5527
 6525,77891.914,10.798,5527
 6526,77903.305,11.387,5527
 6527,77914.852,11.550,5527
 6528,77926.602,11.751,5527
 6529,77937.141,10.532,5527
 6530,77948.375,11.232,5527
 6531,77959.547,11.180,5527
 6532,77970.609,11.064,5527
 6533,77981.758,11.138,5527
 6534,77993.297,11.544,5527
 6535,78004.805,11.504,5527
 6536,78016.063,11.259,5527
 6537,78027.891,11.834,5527
 6538,78038.953,11.061,5527
 6539,78050.375,11.414,5527
 6540,78062.977,12.607,5527
 6541,78073.398,10.418,5527
 6542,78084.547,11.154,5527
 6543,78095.141,10.589,5527
 6544,78106.422,11.281,5527
 6545,78118.023,11.605,5527
 6546,78129.469,11.444,5527
 6547,78140.438,10.967,5527
 6548,78152.086,11.651,5527
 6549,78163.102,11.014,5527
 6550,78174.109,11.009,5527
 6551,78185.367,11.260,5527
 6552,78196.250,10.881,5527
 6553,78208.023,11.774,5527
 6554,78219.109,11.088,5527
 6555,78230.516,11.408,5527
 6556,78241.430,10.912,5527
 6557,78253.109,11.673,5527
 6558,78264.813,11.707,5527
 6559,78276.227,11.413,5527
 6560,78287.797,11.569,5527
 6561,78298.430,10.637,5527
 6562,78309.477,11.049,5527
 6563,78320.969,11.494,5527
 6564,78332.266,11.297,5527
 6565,78343.570,11.303,5527
 6566,78354.570,10.997,5527
 6567,78365.727,11.152,5527
 6568,78377.070,11.347,5527
 6569,78388.148,11.076,5527
 6570,78400.305,12.165,5527
 6571,78410.945,10.635,5527
 6572,78421.891,10.948,5527
 6573,78433.016,11.119,5527
 6574,78444.883,11.869,5527
 6575,78455.766,10.880,5527
 6576,78466.492,10.729,5527
 6577,78477.828,11.342,5527
 6578,78488.727,10.895,5527
 6579,78500.859,12.133,5527
 6580,78511.625,10.766,5527
 6581,78522.805,11.174,5527
 6582,78533.781,10.983,5527
 6583,78544.922,11.144,5527
 6584,78556.430,11.504,5527
 6585,78567.648,11.218,5527
 6586,78578.734,11.085,5527
 6587,78589.711,10.977,5527
 6588,78600.852,11.138,5527
 6589,78612.172,11.325,5527
 6590,78623.453,11.276,5527
 6591,78634.539,11.089,5527
 6592,78647.063,12.525,5527
 6593,78657.031, 9.966,5527
 6594,78668.438,11.403,5527
 6595,78679.461,11.026,5527
 6596,78692.508,13.050,5527
 6597,78702.156, 9.644,5527
 6598,78714.188,12.032,5527
 6599,78724.750,10.562,5527
 6600,78736.297,11.552,5527
 6601,78746.969,10.675,5527
 6602,78758.891,11.918,5527
 6603,78770.109,11.216,5527
 6604,78781.813,11.705,5527
 6605,78792.617,10.810,5527
 6606,78804.961,12.344,5527
 6607,78815.164,10.197,5527
 6608,78826.516,11.354,5527
 6609,78837.461,10.945,5527
 6610,78848.695,11.233,5527
 6611,78860.055,11.359,5527
 6612,78871.992,11.944,5527
 6613,78883.172,11.177,5527
 6614,78892.945, 9.768,5527
 6615,78904.719,11.774,5527
 6616,78916.109,11.392,5527
 6617,78926.961,10.852,5527
 6618,78938.250,11.290,5527
 6619,78948.688,10.435,5527
 6620,78960.367,11.677,5527
 6621,78971.742,11.378,5527
 6622,78982.711,10.963,5527
 6623,78993.867,11.161,5527
 6624,79006.078,12.209,5527
 6625,79016.023, 9.949,5527
 6626,79027.750,11.721,5527
 6627,79038.797,11.051,5527
 6628,79050.055,11.259,5527
 6629,79060.789,10.735,5527
 6630,79071.984,11.197,5527
 6631,79083.336,11.355,5527
 6632,79094.672,11.338,5527
 6633,79105.375,10.693,5527
 6634,79116.734,11.357,5527
 6635,79127.750,11.017,5527
 6636,79138.641,10.894,5527
 6637,79150.273,11.637,5527
 6638,79160.898,10.621,5527
 6639,79171.875,10.973,5527
 6640,79182.930,11.058,5527
 6641,79194.477,11.548,5527
 6642,79205.188,10.708,5527
 6643,79216.445,11.258,5527
 6644,79227.766,11.316,5527
 6645,79238.984,11.225,5527
 6646,79250.766,11.782,5527
 6647,79261.820,11.054,5527
 6648,79273.016,11.189,5527
 6649,79283.555,10.548,5527
 6650,79295.063,11.499,5527
 6651,79305.711,10.652,5527
 6652,79318.258,12.547,5527
 6653,79328.531,10.278,5527
 6654,79338.742,10.202,5527
 6655,79350.484,11.744,5527
 6656,79361.797,11.312,5527
 6657,79372.992,11.203,5527
 6658,79383.992,11.002,5527
 6659,79396.477,12.478,5527
 6660,79406.063, 9.586,5527
 6661,79417.141,11.082,5527
 6662,79428.297,11.157,5527
 6663,79439.523,11.224,5527
 6664,79450.789,11.260,5527
 6665,79462.070,11.282,5527
 6666,79472.836,10.773,5527
 6667,79483.594,10.754,5527
 6668,79494.391,10.797,5527
 6669,79505.250,10.863,5527
 6670,79517.047,11.790,5527
 6671,79528.453,11.408,5527
 6672,79538.938,10.487,5527
 6673,79550.563,11.626,5527
 6674,79560.852,10.284,5527
 6675,79571.906,11.057,5527
 6676,79582.930,11.026,5527
 6677,79594.219,11.291,5527
 6678,79604.711,10.483,5527
 6679,79615.977,11.277,5527
 6680,79626.992,11.016,5527
 6681,79638.180,11.180,5527
 6682,79648.844,10.667,5527
 6683,79659.969,11.131,5527
 6684,79670.945,10.976,5527
 6685,79682.078,11.121,5527
 6686,79692.898,10.829,5527
 6687,79704.664,11.765,5527
 6688,79714.898,10.236,5527
 6689,79726.438,11.533,5527
 6690,79737.305,10.869,5527
 6691,79743.977, 6.678,5339
 6692,79751.258, 7.275,5339
 6693,79759.242, 7.988,5339
 6694,79767.000, 7.758,5339
 6695,79774.711, 7.701,5339
 6696,79782.641, 7.938,5339
 6697,79789.203, 6.563,5339
 6698,79795.734, 6.527,5339
 6699,79804.125, 8.391,5339
 6700,79811.289, 7.166,5339
 6701,79818.273, 6.989,5339
 6702,79826.203, 7.922,5339
 6703,79833.023, 6.816,5339
 6704,79840.484, 7.467,5339
 6705,79848.148, 7.662,5339
 6706,79855.453, 7.304,5339
 6707,79862.797, 7.349,5339
 6708,79870.023, 7.225,5339
 6709,79877.383, 7.354,5339
 6710,79884.867, 7.490,5339
 6711,79892.359, 7.492,5339
 6712,79899.750, 7.388,5339
 6713,79907.219, 7.474,5339
 6714,79914.570, 7.349,5339
 6715,79921.938, 7.373,5339
 6716,79929.383, 7.439,5339
 6717,79936.883, 7.502,5339
 6718,79944.266, 7.383,5339
 6719,79951.602, 7.337,5339
 6720,79959.273, 7.669,5339
 6721,79966.836, 7.562,5339
 6722,79974.133, 7.300,5339
 6723,79981.297, 7.162,5339
 6724,79989.102, 7.804,5339
 6725,79996.469, 7.363,5339
 6726,80003.813, 7.349,5339
 6727,80011.242, 7.432,5339
 6728,80018.766, 7.515,5339
 6729,80027.539, 8.782,5339
 6730,80034.875, 7.333,5339
 6731,80041.586, 6.712,5339
 6732,80048.727, 7.132,5339
 6733,80056.063, 7.337,5339
 6734,80063.570, 7.512,5339
 6735,80070.828, 7.258,5339
 6736,80078.336, 7.510,5339
 6737,80086.023, 7.684,5339
 6738,80093.359, 7.338,5339
 6739,80100.766, 7.405,5339
 6740,80108.266, 7.501,5339
 6741,80115.656, 7.398,5339
 6742,80123.281, 7.620,5339
 6743,80130.656, 7.377,5339
 6744,80137.930, 7.271,5339
 6745,80145.398, 7.468,5339
 6746,80152.758, 7.357,5339
 6747,80160.305, 7.555,5339
 6748,80167.734, 7.422,5339
 6749,80175.430, 7.697,5339
 6750,80182.867, 7.441,5339
 6751,80190.453, 7.580,5339
 6752,80197.992, 7.545,5339
 6753,80205.477, 7.479,5339
 6754,80212.992, 7.519,5339
 6755,80220.141, 7.143,5339
 6756,80227.891, 7.756,5339
 6757,80235.203, 7.307,5339
 6758,80243.203, 8.007,5339
 6759,80250.422, 7.211,5339
 6760,80258.156, 7.741,5339
 6761,80265.289, 7.133,5339
 6762,80273.289, 8.002,5339
 6763,80280.266, 6.972,5339
 6764,80287.742, 7.477,5339
 6765,80295.109, 7.367,5339
 6766,80302.578, 7.471,5339
 6767,80309.938, 7.360,5339
 6768,80317.578, 7.636,5339
 6769,80325.063, 7.479,5339
 6770,80332.484, 7.426,5339
 6771,80339.945, 7.467,5339
 6772,80347.453, 7.502,5339
 6773,80355.180, 7.732,5339
 6774,80363.109, 7.926,5339
 6775,80369.836, 6.730,5339
 6776,80377.492, 7.650,5339
 6777,80385.586, 8.096,5339
 6778,80392.359, 6.773,5339
 6779,80399.844, 7.487,5339
 6780,80407.211, 7.368,5339
 6781,80415.227, 8.018,5339
 6782,80422.336, 7.109,5339
 6783,80429.938, 7.598,5339
 6784,80437.313, 7.377,5339
 6785,80444.898, 7.581,5339
 6786,80452.438, 7.537,5339
 6787,80459.836, 7.405,5339
 6788,80467.797, 7.955,5339
 6789,80475.203, 7.414,5339
 6790,80482.242, 7.038,5339
 6791,80490.336, 8.099,5339
 6792,80497.070, 6.723,5339
 6793,80504.852, 7.784,5339
 6794,80512.297, 7.451,5339
 6795,80519.742, 7.439,5339
 6796,80527.297, 7.563,5339
 6797,80534.648, 7.351,5339
 6798,80542.266, 7.611,5339
 6799,80549.797, 7.534,5339
 6800,80557.305, 7.506,5339
 6801,80564.992, 7.689,5339
 6802,80571.836, 6.840,5339
 6803,80579.492, 7.655,5339
 6804,80586.828, 7.341,5339
 6805,80594.844, 8.014,5339
 6806,80601.953, 7.110,5339
 6807,80609.273, 7.321,5339
 6808,80617.016, 7.732,5339
 6809,80624.414, 7.402,5339
 6810,80632.141, 7.732,5339
 6811,80639.609, 7.473,5339
 6812,80646.867, 7.249,5339
 6813,80654.422, 7.553,5339
 6814,80662.094, 7.675,5339
 6815,80669.930, 7.837,5339
 6816,80676.961, 7.034,5339
 6817,80684.352, 7.384,5339
 6818,80692.031, 7.684,5339
 6819,80699.398, 7.366,5339
 6820,80706.813, 7.414,5339
 6821,80714.469, 7.656,5339
 6822,80721.789, 7.318,5339
 6823,80729.570, 7.785,5339
 6824,80736.828, 7.260,5339
 6825,80744.250, 7.423,5339
 6826,80751.641, 7.390,5339
 6827,80759.523, 7.879,5339
 6828,80766.992, 7.474,5339
 6829,80774.477, 7.480,5339
 6830,80781.898, 7.423,5339
 6831,80789.547, 7.646,5339
 6832,80796.844, 7.299,5339
 6833,80804.609, 7.765,5339
 6834,80812.164, 7.551,5339
 6835,80819.445, 7.282,5339
 6836,80827.188, 7.749,5339
 6837,80834.695, 7.498,5339
 6838,80842.164, 7.479,5339
 6839,80849.586, 7.417,5339
 6840,80857.523, 7.941,5339
 6841,80864.797, 7.267,5339
 6842,80872.156, 7.364,5339
 6843,80879.852, 7.693,5339
 6844,80887.219, 7.368,5339
 6845,80894.883, 7.665,5339
 6846,80902.195, 7.313,5339
 6847,80909.914, 7.721,5339
 6848,80917.531, 7.612,5339
 6849,80925.305, 7.778,5339
 6850,80932.563, 7.260,5339
 6851,80940.148, 7.579,5339
 6852,80948.039, 7.893,5339
 6853,80955.148, 7.107,5339
 6854,80962.836, 7.691,5339
 6855,80970.477, 7.636,5339
 6856,80977.977, 7.504,5339
 6857,80985.469, 7.490,5339
 6858,80993.094, 7.622,5339
 6859,81000.656, 7.567,5339
 6860,81007.977, 7.327,5339
 6861,81015.453, 7.472,5339
 6862,81023.711, 8.256,5339
 6863,81030.945, 7.233,5339
 6864,81038.313, 7.369,5339
 6865,81045.773, 7.460,5339
 6866,81053.313, 7.544,5339
 6867,81061.117, 7.802,5339
 6868,81068.664, 7.549,5339
 6869,81076.102, 7.435,5339
 6870,81083.633, 7.530,5339
 6871,81090.922, 7.294,5339
 6872,81099.258, 8.333,5339
 6873,81106.398, 7.138,5339
 6874,81113.820, 7.422,5339
 6875,81122.305, 8.491,5339
 6876,81129.266, 6.958,5339
 6877,81136.859, 7.588,5339
 6878,81144.461, 7.606,5339
 6879,81151.766, 7.303,5339
 6880,81159.211, 7.448,5339
 6881,81166.695, 7.474,5339
 6882,81174.445, 7.754,5339
 6883,81181.984, 7.547,5339
 6884,81189.570, 7.586,5339
 6885,81197.281, 7.707,5339
 6886,81204.883, 7.600,5339
 6887,81212.734, 7.850,5339
 6888,81219.883, 7.150,5339
 6889,81227.547, 7.667,5339
 6890,81235.078, 7.529,5339
 6891,81242.711, 7.628,5339
 6892,81250.313, 7.609,5339
 6893,81257.781, 7.464,5339
 6894,81265.266, 7.486,5339
 6895,81272.914, 7.649,5339
 6896,81280.547, 7.637,5339
 6897,81288.164, 7.613,5339
 6898,81295.383, 7.213,5339
 6899,81302.938, 7.563,5339
 6900,81310.813, 7.869,5339
 6901,81319.398, 8.588,5339
 6902,81326.391, 6.995,5339
 6903,81333.188, 6.792,5339
 6904,81340.914, 7.734,5339
 6905,81348.727, 7.804,5339
 6906,81356.398, 7.676,5339
 6907,81363.664, 7.267,5339
 6908,81371.602, 7.941,5339
 6909,81378.680, 7.067,5339
 6910,81387.211, 8.542,5339
 6911,81393.969, 6.754,5339
 6912,81401.484, 7.517,5339
 6913,81409.109, 7.619,5339
 6914,81416.688, 7.580,5339
 6915,81424.242, 7.563,5339
 6916,81431.719, 7.471,5339
 6917,81439.133, 7.416,5339
 6918,81446.859, 7.727,5339
 6919,81454.547, 7.687,5339
 6920,81462.289, 7.740,5339
 6921,81469.938, 7.647,5339
 6922,81477.063, 7.125,5339
 6923,81484.867, 7.806,5339
 6924,81492.703, 7.832,5339
 6925,81500.305, 7.608,5339
 6926,81508.195, 7.892,5339
 6927,81515.469, 7.272,5339
 6928,81522.844, 7.372,5339
 6929,81530.547, 7.708,5339
 6930,81538.211, 7.664,5339
 6931,81545.523, 7.306,5339
 6932,81553.914, 8.397,5339
 6933,81560.977, 7.064,5339
 6934,81568.641, 7.663,5339
 6935,81576.133, 7.483,5339
 6936,81583.539, 7.414,5339
 6937,81591.438, 7.891,5339
 6938,81599.039, 7.604,5339
 6939,81606.695, 7.652,5339
 6940,81614.188, 7.498,5339
 6941,81621.836, 7.648,5339
 6942,81629.156, 7.322,5339
 6943,81636.906, 7.750,5339
 6944,81644.438, 7.532,5339
 6945,81652.031, 7.586,5339
 6946,81659.688, 7.659,5339
 6947,81667.281, 7.604,5339
 6948,81675.422, 8.134,5339
 6949,81682.305, 6.886,5339
 6950,81690.484, 8.180,5339
 6951,81697.734, 7.244,5339
 6952,81705.289, 7.559,5339
 6953,81713.063, 7.770,5339
 6954,81720.516, 7.459,5339
 6955,81728.172, 7.649,5339
 6956,81735.906, 7.741,5339
 6957,81743.625, 7.716,5339
 6958,81751.055, 7.424,5339
 6959,81758.484, 7.430,5339
 6960,81766.164, 7.680,5339
 6961,81774.148, 7.984,5339
 6962,81781.750, 7.604,5339
 6963,81788.992, 7.246,5339
 6964,81796.797, 7.803,5339
 6965,81804.156, 7.357,5339
 6966,81811.906, 7.754,5339
 6967,81819.477, 7.571,5339
 6968,81826.953, 7.475,5339
 6969,81836.625, 9.677,5339
 6970,81845.727, 9.092,5339
 6971,81853.242, 7.522,5339
 6972,81860.305, 7.064,5339
 6973,81866.852, 6.541,5339
 6974,81872.977, 6.132,5339
 6975,81880.805, 7.820,5339
 6976,81888.406, 7.606,5339
 6977,81895.883, 7.477,5339
 6978,81903.625, 7.746,5339
 6979,81911.352, 7.715,5339
 6980,81918.922, 7.575,5339
 6981,81926.453, 7.531,5339
 6982,81934.414, 7.957,5339
 6983,81941.703, 7.292,5339
 6984,81949.617, 7.923,5339
 6985,81957.117, 7.491,5339
 6986,81964.656, 7.542,5339
 6987,81973.180, 8.525,5339
 6988,81980.203, 7.019,5339
 6989,81987.953, 7.756,5339
 6990,81995.539, 7.582,5339
 6991,82003.313, 7.775,5339
 6992,82011.648, 8.340,5339
 6993,82019.266, 7.616,5339
 6994,82026.297, 7.030,5339
 6995,82033.688, 7.384,5339
 6996,82041.688, 8.000,5339
 6997,82049.875, 8.190,5339
 6998,82057.383, 7.509,5339
 6999,82065.031, 7.643,5339
 7000,82072.609, 7.584,5339
 7001,82080.156, 7.549,5339
 7002,82087.852, 7.694,5339
 7003,82095.484, 7.632,5339
 7004,82103.180, 7.697,5339
 7005,82111.063, 7.877,5339
 7006,82118.625, 7.566,5339
 7007,82126.203, 7.582,5339
 7008,82134.352, 8.143,5339
 7009,82141.227, 6.875,5339
 7010,82149.094, 7.866,5339
 7011,82157.484, 8.394,5339
 7012,82164.594, 7.109,5339
 7013,82172.523, 7.930,5339
 7014,82179.844, 7.320,5339
 7015,82187.516, 7.672,5339
 7016,82195.492, 7.974,5339
 7017,82203.195, 7.707,5339
 7018,82210.961, 7.768,5339
 7019,82218.867, 7.902,5339
 7020,82226.453, 7.588,5339
 7021,82234.258, 7.806,5339
 7022,82241.789, 7.530,5339
 7023,82249.117, 7.322,5339
 7024,82257.656, 8.548,5339
 7025,82265.930, 8.272,5339
 7026,82273.516, 7.584,5339
 7027,82280.750, 7.232,5339
 7028,82288.086, 7.335,5339
 7029,82295.828, 7.748,5339
 7030,82303.227, 7.399,5339
 7031,82311.188, 7.960,5339
 7032,82318.555, 7.362,5339
 7033,82327.469, 8.916,5339
 7034,82333.695, 6.226,5339
 7035,82341.539, 7.844,5339
 7036,82349.688, 8.147,5339
 7037,82357.188, 7.501,5339
 7038,82364.852, 7.663,5339
 7039,82372.625, 7.775,5339
 7040,82379.922, 7.296,5339
 7041,82387.734, 7.810,5339
 7042,82395.188, 7.457,5339
 7043,82402.836, 7.650,5339
 7044,82410.742, 7.902,5339
 7045,82418.547, 7.812,5339
 7046,82426.117, 7.568,5339
 7047,82433.734, 7.610,5339
 7048,82441.266, 7.539,5339
 7049,82449.078, 7.811,5339
 7050,82457.133, 8.051,5339
 7051,82464.297, 7.172,5339
 7052,82471.891, 7.589,5339
 7053,82479.828, 7.940,5339
 7054,82487.617, 7.784,5339
 7055,82495.117, 7.498,5339
 7056,82502.625, 7.515,5339
 7057,82510.492, 7.864,5339
 7058,82518.141, 7.647,5339
 7059,82525.758, 7.614,5339
 7060,82533.352, 7.596,5339
 7061,82541.148, 7.799,5339
 7062,82548.750, 7.598,5339
 7063,82556.422, 7.672,5339
 7064,82564.047, 7.626,5339
 7065,82571.648, 7.609,5339
 7066,82579.313, 7.660,5339
 7067,82587.063, 7.745,5339
 7068,82594.992, 7.941,5339
 7069,82602.375, 7.371,5339
 7070,82610.195, 7.827,5339
 7071,82618.469, 8.274,5339
 7072,82625.773, 7.298,5339
 7073,82633.359, 7.587,5339
 7074,82641.047, 7.684,5339
 7075,82648.563, 7.524,5339
 7076,82656.969, 8.410,5339
 7077,82663.992, 7.019,5339
 7078,82672.156, 8.161,5339
 7079,82679.430, 7.269,5339
 7080,82687.422, 7.993,5339
 7081,82695.047, 7.631,5339
 7082,82702.313, 7.268,5339
 7083,82710.133, 7.820,5339
 7084,82718.320, 8.190,5339
 7085,82726.445, 8.119,5339
 7086,82733.555, 7.107,5339
 7087,82741.797, 8.245,5339
 7088,82748.969, 7.172,5339
 7089,82757.016, 8.045,5339
 7090,82764.328, 7.317,5339
 7091,82772.281, 7.951,5339
 7092,82779.602, 7.323,5339
 7093,82787.492, 7.887,5339
 7094,82796.242, 8.752,5339
 7095,82802.766, 6.518,5339
 7096,82810.719, 7.952,5339
 7097,82818.586, 7.877,5339
 7098,82826.383, 7.786,5339
 7099,82833.656, 7.286,5339
 7100,82841.492, 7.832,5339
 7101,82849.242, 7.749,5339
 7102,82857.031, 7.780,5339
 7103,82864.742, 7.720,5339
 7104,82872.344, 7.599,5339
 7105,82880.070, 7.722,5339
 7106,82888.297, 8.238,5339
 7107,82895.281, 6.979,5339
 7108,82903.055, 7.769,5339
 7109,82910.945, 7.899,5339
 7110,82919.031, 8.081,5339
 7111,82926.688, 7.651,5339
 7112,82933.945, 7.268,5339
 7113,82941.648, 7.702,5339
 7114,82949.727, 8.071,5339
 7115,82957.445, 7.721,5339
 7116,82964.758, 7.310,5339
 7117,82972.859, 8.108,5339
 7118,82981.141, 8.281,5339
 7119,82987.891, 6.748,5339
 7120,82995.617, 7.732,5339
 7121,83003.297, 7.681,5339
 7122,83011.188, 7.887,5339
 7123,83018.930, 7.738,5339
 7124,83026.484, 7.554,5339
 7125,83035.531, 9.048,5339
 7126,83043.477, 7.944,5339
 7127,83050.398, 6.921,5339
 7128,83057.273, 6.877,5339
 7129,83066.180, 8.909,5339
 7130,83072.477, 6.292,5339
 7131,83080.352, 7.873,5339
 7132,83087.883, 7.538,5339
 7133,83095.602, 7.716,5339
 7134,83103.109, 7.505,5339
 7135,83110.953, 7.853,5339
 7136,83118.859, 7.901,5339
 7137,83126.508, 7.650,5339
 7138,83134.063, 7.547,5339
 7139,83141.883, 7.830,5339
 7140,83149.703, 7.815,5339
 7141,83157.281, 7.578,5339
 7142,83165.609, 8.333,5339
 7143,83172.586, 6.976,5339
 7144,83180.828, 8.238,5339
 7145,83188.195, 7.368,5339
 7146,83195.977, 7.788,5339
 7147,83203.867, 7.885,5339
 7148,83211.453, 7.584,5339
 7149,83219.328, 7.877,5339
 7150,83226.898, 7.567,5339
 7151,83234.445, 7.549,5339
 7152,83242.469, 8.021,5339
 7153,83250.133, 7.665,5339
 7154,83257.656, 7.528,5339
 7155,83265.211, 7.553,5339
 7156,83273.008, 7.795,5339
 7157,83281.406, 8.400,5339
 7158,83288.695, 7.287,5339
 7159,83296.117, 7.422,5339
 7160,83303.984, 7.868,5339
 7161,83311.523, 7.540,5339
 7162,83319.172, 7.651,5339
 7163,83327.094, 7.915,5339
 7164,83334.625, 7.537,5339
 7165,83342.430, 7.801,5339
 7166,83350.617, 8.194,5339
 7167,83357.734, 7.110,5339
 7168,83365.578, 7.846,5339
 7169,83373.172, 7.592,5339
 7170,83380.977, 7.813,5339
 7171,83389.039, 8.053,5339
 7172,83396.422, 7.383,5339
 7173,83404.344, 7.920,5339
 7174,83412.023, 7.681,5339
 7175,83419.781, 7.764,5339
 7176,83427.430, 7.645,5339
 7177,83435.344, 7.911,5339
 7178,83442.883, 7.540,5339
 7179,83450.852, 7.971,5339
 7180,83458.445, 7.594,5339
 7181,83466.188, 7.744,5339
 7182,83474.086, 7.893,5339
 7183,83481.703, 7.620,5339
 7184,83489.477, 7.777,5339
 7185,83497.039, 7.555,5339
 7186,83504.961, 7.928,5339
 7187,83512.883, 7.925,5339
 7188,83521.078, 8.186,5339
 7189,83527.906, 6.837,5339
 7190,83535.828, 7.914,5339
 7191,83543.695, 7.866,5339
 7192,83551.594, 7.904,5339
 7193,83558.977, 7.384,5339
 7194,83567.477, 8.499,5339
 7195,83574.875, 7.400,5339
 7196,83582.570, 7.697,5339
 7197,83590.406, 7.832,5339
 7198,83597.648, 7.242,5339
 7199,83605.570, 7.921,5339
 7200,83613.961, 8.392,5339
 7201,83621.344, 7.382,5339
 7202,83629.102, 7.758,5339
 7203,83636.805, 7.705,5339
 7204,83644.547, 7.743,5339
 7205,83652.219, 7.671,5339
 7206,83660.078, 7.855,5339
 7207,83667.875, 7.802,5339
 7208,83675.625, 7.753,5339
 7209,83683.641, 8.014,5339
 7210,83691.266, 7.623,5339
 7211,83698.961, 7.700,5339
 7212,83706.727, 7.760,5339
 7213,83714.422, 7.690,5339
 7214,83722.156, 7.740,5339
 7215,83730.359, 8.199,5339
 7216,83737.734, 7.372,5339
 7217,83745.523, 7.797,5339
 7218,83753.039, 7.513,5339
 7219,83760.875, 7.835,5339
 7220,83768.898, 8.024,5339
 7221,83776.641, 7.749,5339
 7222,83783.922, 7.275,5339
 7223,83792.281, 8.364,5339
 7224,83799.656, 7.375,5339
 7225,83807.461, 7.801,5339
 7226,83815.094, 7.634,5339
 7227,83823.172, 8.073,5339
 7228,83830.719, 7.551,5339
 7229,83838.305, 7.590,5339
 7230,83846.148, 7.838,5339
 7231,83854.383, 8.231,5339
 7232,83861.281, 6.909,5339
 7233,83869.141, 7.855,5339
 7234,83876.750, 7.608,5339
 7235,83884.344, 7.590,5339
 7236,83892.156, 7.816,5339
 7237,83901.227, 9.070,5339
 7238,83908.219, 6.994,5339
 7239,83916.055, 7.833,5339
 7240,83923.289, 7.242,5339
 7241,83930.930, 7.637,5339
 7242,83938.695, 7.758,5339
 7243,83946.594, 7.906,5339
 7244,83954.031, 7.429,5339
 7245,83961.984, 7.962,5339
 7246,83969.688, 7.696,5339
 7247,83977.367, 7.680,5339
 7248,83985.172, 7.808,5339
 7249,83992.852, 7.685,5339
 7250,84000.711, 7.856,5339
 7251,84008.625, 7.913,5339
 7252,84016.422, 7.792,5339
 7253,84025.672, 9.251,5339
 7254,84032.852, 7.188,5339
 7255,84040.727, 7.867,5339
 7256,84047.828, 7.103,5339
 7257,84055.086, 7.256,5339
 7258,84063.352, 8.270,5339
 7259,84070.984, 7.639,5339
 7260,84078.883, 7.895,5339
 7261,84087.125, 8.240,5339
 7262,84094.297, 7.173,5339
 7263,84101.508, 7.205,5339
 7264,84109.516, 8.011,5339
 7265,84117.188, 7.674,5339
 7266,84125.086, 7.894,5339
 7267,84132.602, 7.521,5339
 7268,84143.477,10.873,5339
 7269,84150.367, 6.887,5339
 7270,84156.695, 6.328,5339
 7271,84163.930, 7.238,5339
 7272,84172.656, 8.726,5339
 7273,84179.445, 6.787,5339
 7274,84187.438, 7.996,5339
 7275,84195.102, 7.662,5339
 7276,84202.688, 7.585,5339
 7277,84210.516, 7.827,5339
 7278,84218.492, 7.979,5339
 7279,84226.523, 8.034,5339
 7280,84233.977, 7.453,5339
 7281,84242.078, 8.095,5339
 7282,84250.492, 8.421,5339
 7283,84258.055, 7.555,5339
 7284,84265.992, 7.947,5339
 7285,84273.477, 7.475,5339
 7286,84281.688, 8.211,5339
 7287,84289.523, 7.840,5339
 7288,84297.063, 7.535,5339
 7289,84304.461, 7.400,5339
 7290,84312.219, 7.765,5339
 7291,84320.109, 7.888,5339
 7292,84327.500, 7.392,5339
 7293,84335.445, 7.942,5339
 7294,84343.234, 7.792,5339
 7295,84351.461, 8.222,5339
 7296,84358.695, 7.234,5339
 7297,84366.758, 8.065,5339
 7298,84374.266, 7.511,5339
 7299,84381.992, 7.730,5339
 7300,84389.617, 7.622,5339
 7301,84397.477, 7.854,5339
 7302,84405.102, 7.625,5339
 7303,84412.781, 7.678,5339
 7304,84420.617, 7.844,5339
 7305,84428.133, 7.511,5339
 7306,84436.227, 8.095,5339
 7307,84443.883, 7.656,5339
 7308,84451.289, 7.408,5339
 7309,84458.977, 7.688,5339
 7310,84466.844, 7.865,5339
 7311,84474.547, 7.703,5339
 7312,84482.523, 7.975,5339
 7313,84490.156, 7.634,5339
 7314,84498.211, 8.053,5339
 7315,84506.695, 8.485,5339
 7316,84513.578, 6.887,5339
 7317,84521.422, 7.838,5339
 7318,84529.328, 7.913,5339
 7319,84536.828, 7.493,5339
 7320,84544.641, 7.822,5339
 7321,84552.281, 7.639,5339
 7322,84560.102, 7.814,5339
 7323,84567.859, 7.758,5339
 7324,84575.469, 7.608,5339
 7325,84583.172, 7.706,5339
 7326,84590.703, 7.524,5339
 7327,84598.703, 8.003,5339
 7328,84606.484, 7.783,5339
 7329,84614.109, 7.626,5339
 7330,84621.672, 7.557,5339
 7331,84629.805, 8.135,5339
 7332,84637.453, 7.649,5339
 7333,84645.195, 7.744,5339
 7334,84652.922, 7.730,5339
 7335,84660.727, 7.797,5339
 7336,84668.500, 7.775,5339
 7337,84676.188, 7.689,5339
 7338,84684.070, 7.880,5339
 7339,84691.688, 7.622,5339
 7340,84699.258, 7.574,5339
 7341,84708.195, 8.934,5339
 7342,84717.281, 9.088,5339
 7343,84723.750, 6.461,5339
 7344,84730.320, 6.581,5339
 7345,84739.203, 8.877,5339
 7346,84746.914, 7.716,5339
 7347,84754.445, 7.523,5339
 7348,84761.836, 7.392,5339
 7349,84769.266, 7.432,5339
 7350,84777.250, 7.984,5339
 7351,84784.898, 7.655,5339
 7352,84792.594, 7.695,5339
 7353,84800.547, 7.950,5339
 7354,84808.289, 7.744,5339
 7355,84815.797, 7.502,5339
 7356,84824.695, 8.900,5339
 7357,84831.648, 6.958,5339
 7358,84839.016, 7.363,5339
 7359,84846.602, 7.585,5339
 7360,84854.516, 7.911,5339
 7361,84862.258, 7.744,5339
 7362,84869.969, 7.717,5339
 7363,84877.438, 7.462,5339
 7364,84885.383, 7.947,5339
 7365,84893.016, 7.630,5339
 7366,84900.820, 7.804,5339
 7367,84908.336, 7.515,5339
 7368,84915.938, 7.613,5339
 7369,84923.781, 7.837,5339
 7370,84931.586, 7.810,5339
 7371,84939.258, 7.669,5339
 7372,84947.266, 8.008,5339
 7373,84954.586, 7.319,5339
 7374,84962.617, 8.031,5339
 7375,84970.023, 7.403,5339
 7376,84977.922, 7.905,5339
 7377,84985.672, 7.741,5339
 7378,84993.609, 7.947,5339
 7379,85002.344, 8.725,5339
 7380,85009.117, 6.777,5339
 7381,85016.984, 7.873,5339
 7382,85024.680, 7.688,5339
 7383,85032.500, 7.823,5339
 7384,85040.125, 7.622,5339
 7385,85048.313, 8.191,5339
 7386,85055.305, 6.995,5339
 7387,85063.156, 7.850,5339
 7388,85071.008, 7.849,5339
 7389,85078.359, 7.350,5339
 7390,85086.563, 8.204,5339
 7391,85094.414, 7.849,5339
 7392,85101.688, 7.272,5339
 7393,85109.453, 7.772,5339
 7394,85117.156, 7.706,5339
 7395,85125.008, 7.841,5339
 7396,85132.711, 7.710,5339
 7397,85140.359, 7.646,5339
 7398,85148.289, 7.938,5339
 7399,85156.156, 7.861,5339
 7400,85163.852, 7.696,5339
 7401,85171.734, 7.877,5339
 7402,85179.508, 7.781,5339
 7403,85187.023, 7.510,5339
 7404,85194.516, 7.498,5339
 7405,85202.414, 7.895,5339
 7406,85210.008, 7.592,5339
 7407,85217.656, 7.654,5339
 7408,85225.656, 7.998,5339
 7409,85233.227, 7.569,5339
 7410,85240.969, 7.747,5339
 7411,85248.828, 7.858,5339
 7412,85256.500, 7.672,5339
 7413,85264.102, 7.601,5339
 7414,85272.047, 7.938,5339
 7415,85279.508, 7.468,5339
 7416,85287.445, 7.931,5339
 7417,85294.945, 7.503,5339
 7418,85302.867, 7.924,5339
 7419,85310.594, 7.730,5339
 7420,85318.563, 7.969,5339
 7421,85326.047, 7.480,5339
 7422,85333.695, 7.648,5339
 7423,85341.406, 7.712,5339
 7424,85349.336, 7.929,5339
 7425,85357.195, 7.863,5339
 7426,85364.641, 7.448,5339
 7427,85372.672, 8.022,5339
 7428,85380.133, 7.461,5339
 7429,85387.945, 7.817,5339
 7430,85395.430, 7.482,5339
 7431,85403.148, 7.719,5339
 7432,85410.813, 7.667,5339
 7433,85418.711, 7.890,5339
 7434,85426.367, 7.661,5339
 7435,85434.516, 8.146,5339
 7436,85441.883, 7.375,5339
 7437,85449.703, 7.817,5339
 7438,85457.359, 7.654,5339
 7439,85464.961, 7.602,5339
 7440,85472.367, 7.405,5339
 7441,85480.164, 7.797,5339
 7442,85487.945, 7.787,5339
 7443,85495.391, 7.437,5339
 7444,85503.211, 7.824,5339
 7445,85510.758, 7.545,5339
 7446,85518.758, 8.001,5339
 7447,85526.258, 7.504,5339
 7448,85533.969, 7.715,5339
 7449,85541.680, 7.703,5339
 7450,85549.625, 7.950,5339
 7451,85557.367, 7.733,5339
 7452,85564.711, 7.346,5339
 7453,85572.445, 7.734,5339
 7454,85580.133, 7.687,5339
 7455,85588.352, 8.218,5339
 7456,85595.695, 7.346,5339
 7457,85603.094, 7.400,5339
 7458,85610.898, 7.806,5339
 7459,85618.539, 7.644,5339
 7460,85626.391, 7.848,5339
 7461,85634.250, 7.863,5339
 7462,85641.633, 7.387,5339
 7463,85649.570, 7.935,5339
 7464,85657.367, 7.785,5339
 7465,85665.086, 7.725,5339
 7466,85672.570, 7.487,5339
 7467,85680.422, 7.847,5339
 7468,85688.273, 7.859,5339
 7469,85695.836, 7.556,5339
 7470,85703.391, 7.557,5339
 7471,85711.305, 7.920,5339
 7472,85718.922, 7.610,5339
 7473,85726.797, 7.875,5339
 7474,85734.461, 7.666,5339
 7475,85741.969, 7.511,5339
 7476,85749.555, 7.579,5339
 7477,85757.516, 7.967,5339
 7478,85765.352, 7.828,5339
 7479,85773.469, 8.118,5339
 7480,85780.594, 7.131,5339
 7481,85788.578, 7.985,5339
 7482,85795.938, 7.355,5339
 7483,85803.406, 7.469,5339
 7484,85811.688, 8.280,5339
 7485,85819.141, 7.454,5339
 7486,85827.164, 8.028,5339
 7487,85834.438, 7.269,5339
 7488,85842.070, 7.633,5339
 7489,85850.859, 8.788,5339
 7490,85857.445, 6.591,5339
 7491,85865.336, 7.881,5339
 7492,85873.172, 7.839,5339
 7493,85880.469, 7.303,5339
 7494,85888.570, 8.101,5339
 7495,85895.969, 7.396,5339
 7496,85903.984, 8.017,5339
 7497,85911.375, 7.385,5339
 7498,85919.203, 7.834,5339
 7499,85926.672, 7.462,5339
 7500,85934.430, 7.763,5339
 7501,85942.242, 7.812,5339
 7502,85950.266, 8.030,5339
 7503,85957.945, 7.677,5339
 7504,85965.336, 7.383,5339
 7505,85973.297, 7.971,5339
 7506,85980.852, 7.553,5339
 7507,85988.766, 7.907,5339
 7508,85996.102, 7.341,5339
 7509,86003.766, 7.660,5339
 7510,86011.484, 7.721,5339
 7511,86019.750, 8.264,5339
 7512,86027.141, 7.390,5339
 7513,86034.531, 7.392,5339
 7514,86042.344, 7.807,5339
 7515,86050.484, 8.144,5339
 7516,86058.086, 7.600,5339
 7517,86065.109, 7.029,5339
 7518,86072.805, 7.693,5339
 7519,86080.430, 7.625,5339
 7520,86088.500, 8.071,5339
 7521,86096.500, 7.998,5339
 7522,86103.625, 7.132,5339
 7523,86111.297, 7.673,5339
 7524,86119.055, 7.752,5339
 7525,86127.844, 8.792,5339
 7526,86134.352, 6.503,5339
 7527,86142.188, 7.839,5339
 7528,86150.336, 8.144,5339
 7529,86158.602, 8.271,5339
 7530,86165.352, 6.745,5339
 7531,86173.125, 7.775,5339
 7532,86181.539, 8.419,5339
 7533,86188.539, 7.000,5339
 7534,86196.094, 7.550,5339
 7535,86203.539, 7.448,5339
 7536,86211.367, 7.822,5339
 7537,86219.125, 7.759,5339
 7538,86226.820, 7.699,5339
 7539,86234.406, 7.587,5339
 7540,86242.195, 7.792,5339
 7541,86250.102, 7.903,5339
 7542,86257.766, 7.661,5339
 7543,86265.406, 7.644,5339
 7544,86272.883, 7.480,5339
 7545,86280.961, 8.073,5339
 7546,86288.367, 7.407,5339
 7547,86296.133, 7.765,5339
 7548,86303.758, 7.625,5339
 7549,86311.617, 7.866,5339
 7550,86319.195, 7.572,5339
 7551,86326.891, 7.700,5339
 7552,86334.523, 7.630,5339
 7553,86342.063, 7.532,5339
 7554,86349.742, 7.680,5339
 7555,86357.602, 7.865,5339
 7556,86365.156, 7.558,5339
 7557,86372.859, 7.698,5339
 7558,86380.531, 7.675,5339
 7559,86388.789, 8.255,5339
 7560,86395.953, 7.170,5339
 7561,86403.500, 7.544,5339
 7562,86411.352, 7.846,5339
 7563,86419.258, 7.915,5339
 7564,86426.609, 7.347,5339
 7565,86434.086, 7.472,5339
 7566,86442.000, 7.911,5339
 7567,86449.742, 7.748,5339
 7568,86457.680, 7.935,5339
 7569,86464.898, 7.226,5339
 7570,86472.516, 7.612,5339
 7571,86480.750, 8.236,5339
 7572,86488.000, 7.245,5339
 7573,86495.914, 7.918,5339
 7574,86503.477, 7.566,5339
 7575,86511.398, 7.915,5339
 7576,86519.281, 7.891,5339
 7577,86526.867, 7.581,5339
 7578,86534.508, 7.639,5339
 7579,86542.227, 7.721,5339
 7580,86549.953, 7.734,5339
 7581,86557.758, 7.793,5339
 7582,86565.352, 7.597,5339
 7583,86573.109, 7.760,5339
 7584,86580.711, 7.601,5339
 7585,86588.484, 7.773,5339
 7586,86596.102, 7.617,5339
 7587,86603.633, 7.531,5339
 7588,86611.617, 7.988,5339
 7589,86619.531, 7.914,5339
 7590,86628.023, 8.490,5339
 7591,86634.578, 6.557,5339
 7592,86642.625, 8.046,5339
 7593,86650.594, 7.973,5339
 7594,86657.820, 7.223,5339
 7595,86665.359, 7.530,5339
 7596,86673.266, 7.919,5339
 7597,86680.945, 7.673,5339
 7598,86688.609, 7.665,5339
 7599,86696.289, 7.679,5339
 7600,86703.984, 7.695,5339
 7601,86711.898, 7.916,5339
 7602,86719.711, 7.809,5339
 7603,86727.469, 7.758,5339
 7604,86735.000, 7.526,5339
 7605,86742.492, 7.501,5339
 7606,86750.430, 7.932,5339
 7607,86758.219, 7.793,5339
 7608,86766.063, 7.841,5339
 7609,86773.531, 7.472,5339
 7610,86781.258, 7.727,5339
 7611,86788.961, 7.701,5339
 7612,86796.523, 7.565,5339
 7613,86804.305, 7.784,5339
 7614,86812.617, 8.314,5339
 7615,86819.914, 7.295,5339
 7616,86827.430, 7.508,5339
 7617,86834.867, 7.439,5339
 7618,86842.563, 7.699,5339
 7619,86850.445, 7.880,5339
 7620,86858.016, 7.570,5339
 7621,86865.938, 7.923,5339
 7622,86874.188, 8.248,5339
 7623,86881.531, 7.344,5339
 7624,86889.156, 7.624,5339
 7625,86896.656, 7.507,5339
 7626,86904.563, 7.905,5339
 7627,86912.898, 8.339,5339
 7628,86919.883, 6.982,5339
 7629,86927.789, 7.905,5339
 7630,86935.570, 7.778,5339
 7631,86943.820, 8.252,5339
 7632,86951.023, 7.200,5339
 7633,86958.727, 7.705,5339
 7634,86966.617, 7.894,5339
 7635,86974.047, 7.424,5339
 7636,86981.898, 7.855,5339
 7637,86989.867, 7.971,5339
 7638,86997.367, 7.498,5339
 7639,87005.141, 7.773,5339
 7640,87013.344, 8.201,5339
 7641,87020.859, 7.517,5339
 7642,87030.711, 9.851,5339
 7643,87036.930, 6.222,5339
 7644,87043.859, 6.924,5339
 7645,87051.641, 7.785,5339
 7646,87059.258, 7.619,5339
 7647,87067.281, 8.027,5339
 7648,87074.898, 7.615,5339
 7649,87083.094, 8.194,5339
 7650,87090.359, 7.258,5339
 7651,87097.844, 7.487,5339
 7652,87105.828, 7.985,5339
 7653,87113.656, 7.836,5339
 7654,87121.266, 7.602,5339
 7655,87129.070, 7.802,5339
 7656,87137.625, 8.565,5339
 7657,87144.828, 7.197,5339
 7658,87152.320, 7.499,5339
 7659,87159.867, 7.541,5339
 7660,87168.180, 8.316,5339
 7661,87176.195, 8.014,5339
 7662,87183.164, 6.966,5339
 7663,87191.047, 7.880,5339
 7664,87198.484, 7.436,5339
 7665,87206.430, 7.947,5339
 7666,87214.164, 7.739,5339
 7667,87221.938, 7.776,5339
 7668,87229.930, 7.988,5339
 7669,87237.625, 7.696,5339
 7670,87245.445, 7.814,5339
 7671,87253.055, 7.615,5339
 7672,87260.961, 7.909,5339
 7673,87268.609, 7.645,5339
 7674,87276.406, 7.799,5339
 7675,87284.234, 7.831,5339
 7676,87292.000, 7.759,5339
 7677,87299.367, 7.362,5339
 7678,87307.211, 7.853,5339
 7679,87315.023, 7.807,5339
 7680,87322.469, 7.449,5339
 7681,87330.305, 7.842,5339
 7682,87338.492, 8.178,5339
 7683,87345.953, 7.466,5339
 7684,87353.445, 7.488,5339
 7685,87361.281, 7.840,5339
 7686,87369.141, 7.858,5339
 7687,87377.016, 7.870,5339
 7688,87384.609, 7.605,5339
 7689,87392.539, 7.922,5339
 7690,87400.469, 7.927,5339
 7691,87408.195, 7.731,5339
 7692,87415.344, 7.142,5339
 7693,87423.031, 7.691,5339
 7694,87430.797, 7.767,5339
 7695,87438.734, 7.935,5339
 7696,87446.773, 8.043,5339
 7697,87453.953, 7.182,5339
 7698,87461.781, 7.823,5339
 7699,87469.625, 7.847,5339
 7700,87477.320, 7.697,5339
 7701,87485.008, 7.679,5339
 7702,87492.625, 7.627,5339
 7703,87500.359, 7.731,5339
 7704,87507.984, 7.631,5339
 7705,87515.867, 7.879,5339
 7706,87523.734, 7.862,5339
 7707,87531.336, 7.596,5339
 7708,87539.086, 7.754,5339
 7709,87546.727, 7.642,5339
 7710,87554.539, 7.814,5339
 7711,87562.359, 7.820,5339
 7712,87570.094, 7.734,5339
 7713,87578.008, 7.914,5339
 7714,87585.422, 7.417,5339
 7715,87593.375, 7.951,5339
 7716,87601.297, 7.925,5339
 7717,87608.805, 7.507,5339
 7718,87616.805, 8.002,5339
 7719,87625.602, 8.794,5339
 7720,87632.375, 6.770,5339
 7721,87640.594, 8.225,5339
 7722,87648.563, 7.963,5339
 7723,87656.258, 7.701,5339
 7724,87663.984, 7.726,5339
 7725,87671.891, 7.901,5339
 7726,87679.914, 8.025,5339
 7727,87687.266, 7.353,5339
 7728,87695.195, 7.927,5339
 7729,87702.883, 7.692,5339
 7730,87711.094, 8.206,5339
 7731,87718.438, 7.346,5339
 7732,87726.320, 7.886,5339
 7733,87734.102, 7.775,5339
 7734,87741.531, 7.435,5339
 7735,87749.500, 7.965,5339
 7736,87757.539, 8.043,5339
 7737,87765.070, 7.529,5339
 7738,87774.516, 9.448,5339
 7739,87780.625, 6.111,5339
 7740,87788.445, 7.815,5339
 7741,87796.539, 8.097,5339
 7742,87804.250, 7.711,5339
 7743,87811.898, 7.650,5339
 7744,87819.953, 8.052,5339
 7745,87827.758, 7.804,5339
 7746,87835.227, 7.473,5339
 7747,87843.195, 7.965,5339
 7748,87851.023, 7.824,5339
 7749,87858.828, 7.810,5339
 7750,87866.500, 7.667,5339
 7751,87874.117, 7.616,5339
 7752,87882.227, 8.113,5339
 7753,87889.797, 7.571,5339
 7754,87897.609, 7.813,5339
 7755,87905.648, 8.040,5339
 7756,87913.383, 7.729,5339
 7757,87921.039, 7.660,5339
 7758,87928.758, 7.718,5339
 7759,87936.852, 8.093,5339
 7760,87945.281, 8.433,5339
 7761,87952.836, 7.556,5339
 7762,87959.906, 7.070,5339
 7763,87967.945, 8.041,5339
 7764,87976.164, 8.212,5339
 7765,87983.516, 7.351,5339
 7766,87991.023, 7.509,5339
 7767,87999.227, 8.207,5339
 7768,88006.633, 7.405,5339
 7769,88014.570, 7.935,5339
 7770,88022.469, 7.898,5339
 7771,88030.523, 8.060,5339
 7772,88038.164, 7.636,5339
 7773,88045.953, 7.789,5339
 7774,88053.703, 7.747,5339
 7775,88062.242, 8.548,5339
 7776,88070.438, 8.190,5339
 7777,88077.453, 7.014,5339
 7778,88085.336, 7.885,5339
 7779,88093.344, 8.003,5339
 7780,88101.234, 7.900,5339
 7781,88109.336, 8.093,5339
 7782,88116.961, 7.628,5339
 7783,88124.641, 7.685,5339
 7784,88132.477, 7.828,5339
 7785,88140.609, 8.137,5339
 7786,88148.094, 7.481,5339
 7787,88155.688, 7.591,5339
 7788,88163.617, 7.936,5339
 7789,88171.320, 7.707,5339
 7790,88179.156, 7.835,5339
 7791,88187.047, 7.883,5339
 7792,88195.617, 8.577,5339
 7793,88202.625, 7.008,5339
 7794,88210.406, 7.775,5339
 7795,88218.211, 7.807,5339
 7796,88226.219, 8.011,5339
 7797,88234.125, 7.902,5339
 7798,88241.891, 7.765,5339
 7799,88250.141, 8.251,5339
 7800,88258.055, 7.916,5339
 7801,88265.789, 7.730,5339
 7802,88273.563, 7.780,5339
 7803,88281.617, 8.054,5339
 7804,88289.914, 8.297,5339
 7805,88296.969, 7.053,5339
 7806,88304.867, 7.896,5339
 7807,88312.914, 8.052,5339
 7808,88321.727, 8.804,5339
 7809,88328.750, 7.025,5339
 7810,88336.641, 7.902,5339
 7811,88344.875, 8.231,5339
 7812,88352.594, 7.721,5339
 7813,88360.523, 7.923,5339
 7814,88368.234, 7.715,5339
 7815,88376.219, 7.979,5339
 7816,88384.508, 8.294,5339
 7817,88391.453, 6.939,5339
 7818,88399.492, 8.044,5339
 7819,88407.742, 8.248,5339
 7820,88415.711, 7.964,5339
 7821,88423.242, 7.538,5339
 7822,88431.266, 8.024,5339
 7823,88438.828, 7.563,5339
 7824,88446.516, 7.688,5339
 7825,88454.133, 7.612,5339
 7826,88462.008, 7.875,5339
 7827,88470.492, 8.486,5339
 7828,88479.250, 8.761,5339
 7829,88485.641, 6.393,5339
 7830,88493.633, 7.986,5339
 7831,88501.359, 7.727,5339
 7832,88510.023, 8.665,5339
 7833,88516.609, 6.592,5339
 7834,88524.469, 7.855,5339
 7835,88532.703, 8.227,5339
 7836,88540.492, 7.791,5339
 7837,88548.219, 7.728,5339
 7838,88555.961, 7.744,5339
 7839,88563.930, 7.968,5339
 7840,88571.664, 7.734,5339
 7841,88579.570, 7.907,5339
 7842,88587.703, 8.129,5339
 7843,88595.367, 7.663,5339
 7844,88603.672, 8.304,5339
 7845,88611.492, 7.827,5339
 7846,88618.859, 7.364,5339
 7847,88627.281, 8.429,5339
 7848,88634.570, 7.285,5339
 7849,88642.594, 8.027,5339
 7850,88650.516, 7.914,5339
 7851,88658.055, 7.543,5339
 7852,88665.953, 7.901,5339
 7853,88673.711, 7.749,5339
 7854,88681.844, 8.138,5339
 7855,88689.375, 7.526,5339
 7856,88697.406, 8.032,5339
 7857,88706.039, 8.638,5339
 7858,88713.031, 6.987,5339
 7859,88721.273, 8.248,5339
 7860,88729.094, 7.818,5339
 7861,88736.758, 7.668,5339
 7862,88744.547, 7.788,5339
 7863,88752.398, 7.849,5339
 7864,88760.109, 7.713,5339
 7865,88768.555, 8.446,5339
 7866,88776.133, 7.580,5339
 7867,88784.219, 8.082,5339
 7868,88791.703, 7.482,5339
 7869,88799.539, 7.839,5339
 7870,88807.563, 8.027,5339
 7871,88816.016, 8.446,5339
 7872,88823.117, 7.105,5339
 7873,88831.211, 8.093,5339
 7874,88838.961, 7.755,5339
 7875,88847.688, 8.723,5339
 7876,88854.492, 6.804,5339
 7877,88862.383, 7.887,5339
 7878,88870.398, 8.017,5339
 7879,88878.109, 7.709,5339
 7880,88885.875, 7.772,5339
 7881,88893.906, 8.035,5339
 7882,88901.813, 7.900,5339
 7883,88909.547, 7.738,5339
 7884,88917.578, 8.030,5339
 7885,88925.430, 7.845,5339
 7886,88933.516, 8.094,5339
 7887,88941.250, 7.729,5339
 7888,88949.383, 8.136,5339
 7889,88957.070, 7.684,5339
 7890,88965.148, 8.078,5339
 7891,88973.039, 7.890,5339
 7892,88980.867, 7.835,5339
 7893,88989.328, 8.452,5339
 7894,88996.555, 7.234,5339
 7895,89004.453, 7.892,5339
 7896,89012.664, 8.214,5339
 7897,89020.266, 7.603,5339
 7898,89028.945, 8.682,5339
 7899,89036.570, 7.625,5339
 7900,89044.750, 8.178,5339
 7901,89054.094, 9.344,5339
 7902,89061.188, 7.091,5339
 7903,89068.531, 7.350,5339
 7904,89075.969, 7.435,5339
 7905,89084.969, 9.002,5339
 7906,89091.531, 6.560,5339
 7907,89099.766, 8.232,5339
 7908,89107.539, 7.776,5339
 7909,89115.367, 7.824,5339
 7910,89123.031, 7.666,5339
 7911,89131.250, 8.225,5339
 7912,89139.164, 7.909,5339
 7913,89147.258, 8.092,5339
 7914,89154.477, 7.216,5339
 7915,89163.234, 8.759,5339
 7916,89170.445, 7.211,5339
 7917,89178.523, 8.082,5339
 7918,89186.219, 7.696,5339
 7919,89194.141, 7.916,5339
 7920,89202.031, 7.889,5339
 7921,89209.984, 7.966,5339
 7922,89217.938, 7.944,5339
 7923,89225.766, 7.825,5339
 7924,89233.938, 8.175,5339
 7925,89241.477, 7.536,5339
 7926,89249.461, 7.987,5339
 7927,89257.617, 8.165,5339
 7928,89265.609, 7.989,5339
 7929,89273.383, 7.763,5339
 7930,89281.234, 7.858,5339
 7931,89289.406, 8.173,5339
 7932,89296.930, 7.524,5339
 7933,89304.844, 7.910,5339
 7934,89312.859, 8.019,5339
 7935,89320.961, 8.108,5339
 7936,89328.648, 7.684,5339
 7937,89336.625, 7.980,5339
 7938,89344.422, 7.787,5339
 7939,89352.563, 8.145,5339
 7940,89360.242, 7.683,5339
 7941,89368.266, 8.022,5339
 7942,89376.125, 7.858,5339
 7943,89384.453, 8.325,5339
 7944,89392.031, 7.573,5339
 7945,89399.914, 7.891,5339
 7946,89407.766, 7.847,5339
 7947,89415.508, 7.746,5339
 7948,89423.492, 7.985,5339
 7949,89431.172, 7.674,5339
 7950,89439.188, 8.022,5339
 7951,89447.141, 7.948,5339
 7952,89454.883, 7.745,5339
 7953,89462.836, 7.954,5339
 7954,89470.898, 8.062,5339
 7955,89478.531, 7.629,5339
 7956,89486.578, 8.053,5339
 7957,89494.625, 8.045,5339
 7958,89502.531, 7.902,5339
 7959,89510.539, 8.010,5339
 7960,89518.242, 7.706,5339
 7961,89526.469, 8.222,5339
 7962,89534.391, 7.924,5339
 7963,89542.141, 7.751,5339
 7964,89550.367, 8.223,5339
 7965,89558.344, 7.972,5339
 7966,89566.234, 7.898,5339
 7967,89574.117, 7.884,5339
 7968,89582.484, 8.366,5339
 7969,89590.039, 7.556,5339
 7970,89598.047, 8.004,5339
 7971,89605.852, 7.806,5339
 7972,89613.797, 7.942,5339
 7973,89621.750, 7.953,5339
 7974,89629.672, 7.923,5339
 7975,89637.563, 7.893,5339
 7976,89645.734, 8.172,5339
 7977,89653.430, 7.698,5339
 7978,89660.883, 7.450,5339
 7979,89669.000, 8.116,5339
 7980,89677.570, 8.576,5339
 7981,89685.023, 7.448,5339
 7982,89692.766, 7.743,5339
 7983,89700.781, 8.013,5339
 7984,89709.273, 8.502,5339
 7985,89717.086, 7.808,5339
 7986,89724.430, 7.338,5339
 7987,89732.188, 7.766,5339
 7988,89740.086, 7.896,5339
 7989,89748.008, 7.921,5339
 7990,89755.734, 7.722,5339
 7991,89763.672, 7.936,5339
 7992,89771.461, 7.795,5339
 7993,89779.352, 7.890,5339
 7994,89787.398, 8.046,5339
 7995,89795.406, 8.007,5339
 7996,89803.359, 7.951,5339
 7997,89811.031, 7.673,5339
 7998,89819.047, 8.014,5339
 7999,89827.398, 8.350,5339
 8000,89834.875, 7.483,5339
 8001,89842.898, 8.022,5339
 8002,89850.461, 7.563,5339
 8003,89858.711, 8.249,5339
 8004,89866.883, 8.178,5339
 8005,89874.453, 7.568,5339
 8006,89882.922, 8.467,5339
 8007,89890.070, 7.146,5339
 8008,89897.922, 7.858,5339
 8009,89905.820, 7.891,5339
 8010,89913.680, 7.856,5339
 8011,89921.969, 8.298,5339
 8012,89929.375, 7.399,5339
 8013,89937.445, 8.078,5339
 8014,89945.008, 7.556,5339
 8015,89953.117, 8.115,5339
 8016,89960.805, 7.684,5339
 8017,89968.688, 7.883,5339
 8018,89976.664, 7.970,5339
 8019,89984.383, 7.723,5339
 8020,89992.219, 7.838,5339
 8021,90000.234, 8.017,5339
 8022,90008.023, 7.787,5339
 8023,90015.688, 7.666,5339
 8024,90023.570, 7.884,5339
 8025,90031.977, 8.412,5339
 8026,90039.883, 7.901,5339
 8027,90047.492, 7.608,5339
 8028,90055.078, 7.583,5339
 8029,90063.023, 7.948,5339
 8030,90071.188, 8.169,5339
 8031,90078.914, 7.722,5339
 8032,90086.938, 8.024,5339
 8033,90094.727, 7.785,5339
 8034,90102.531, 7.812,5339
 8035,90110.977, 8.449,5339
 8036,90118.484, 7.497,5339
 8037,90126.680, 8.191,5339
 8038,90136.141, 9.466,5339
 8039,90142.297, 6.163,5339
 8040,90149.859, 7.563,5339
 8041,90157.789, 7.923,5339
 8042,90165.648, 7.861,5339
 8043,90173.492, 7.845,5339
 8044,90181.313, 7.823,5339
 8045,90189.164, 7.849,5339
 8046,90197.008, 7.839,5339
 8047,90204.742, 7.737,5339
 8048,90212.828, 8.085,5339
 8049,90220.688, 7.858,5339
 8050,90228.586, 7.905,5339
 8051,90236.242, 7.651,5339
 8052,90244.500, 8.264,5339
 8053,90252.031, 7.525,5339
 8054,90259.969, 7.940,5339
 8055,90267.766, 7.796,5339
 8056,90276.352, 8.582,5339
 8057,90283.750, 7.400,5339
 8058,90291.672, 7.925,5339
 8059,90299.180, 7.507,5339
 8060,90307.281, 8.107,5339
 8061,90315.117, 7.830,5339
 8062,90323.891, 8.774,5339
 8063,90330.664, 6.771,5339
 8064,90339.445, 8.787,5339
 8065,90347.398, 7.945,5339
 8066,90355.578, 8.188,5339
 8067,90362.875, 7.297,5339
 8068,90370.922, 8.049,5339
 8069,90378.398, 7.472,5339
 8070,90386.555, 8.160,5339
 8071,90393.688, 7.126,5339
 8072,90401.703, 8.019,5339
 8073,90409.992, 8.282,5339
 8074,90417.156, 7.166,5339
 8075,90425.063, 7.907,5339
 8076,90433.188, 8.132,5339
 8077,90440.797, 7.605,5339
 8078,90448.305, 7.516,5339
 8079,90456.430, 8.117,5339
 8080,90464.602, 8.175,5339
 8081,90473.375, 8.766,5339
 8082,90480.117, 6.745,5339
 8083,90488.023, 7.908,5339
 8084,90495.906, 7.882,5339
 8085,90503.672, 7.762,5339
 8086,90511.359, 7.686,5339
 8087,90519.422, 8.070,5339
 8088,90527.422, 8.000,5339
 8089,90535.305, 7.886,5339
 8090,90543.352, 8.035,5339
 8091,90551.125, 7.780,5339
 8092,90559.406, 8.277,5339
 8093,90566.813, 7.413,5339
 8094,90574.688, 7.872,5339
 8095,90582.617, 7.932,5339
 8096,90590.734, 8.111,5339
 8097,90598.414, 7.682,5339
 8098,90606.180, 7.770,5339
 8099,90613.867, 7.685,5339
 8100,90622.047, 8.181,5339
 8101,90629.617, 7.577,5339
 8102,90637.500, 7.879,5339
 8103,90645.391, 7.886,5339
 8104,90653.570, 8.182,5339
 8105,90661.086, 7.515,5339
 8106,90668.914, 7.830,5339
 8107,90676.930, 8.019,5339
 8108,90684.563, 7.633,5339
 8109,90692.711, 8.138,5339
 8110,90700.398, 7.692,5339
 8111,90708.734, 8.336,5339
 8112,90716.023, 7.282,5339
 8113,90723.953, 7.943,5339
 8114,90731.781, 7.825,5339
 8115,90739.734, 7.944,5339
 8116,90747.633, 7.906,5339
 8117,90755.875, 8.246,5339
 8118,90763.539, 7.657,5339
 8119,90771.305, 7.772,5339
 8120,90779.695, 8.384,5339
 8121,90787.344, 7.648,5339
 8122,90794.844, 7.504,5339
 8123,90802.805, 7.962,5339
 8124,90810.523, 7.715,5339
 8125,90818.422, 7.900,5339
 8126,90826.547, 8.130,5339
 8127,90834.242, 7.696,5339
 8128,90842.805, 8.555,5339
 8129,90850.023, 7.218,5339
 8130,90857.891, 7.873,5339
 8131,90865.781, 7.884,5339
 8132,90873.672, 7.893,5339
 8133,90881.570, 7.897,5339
 8134,90889.695, 8.121,5339
 8135,90897.164, 7.478,5339
 8136,90904.859, 7.690,5339
 8137,90912.766, 7.909,5339
 8138,90921.375, 8.603,5339
 8139,90928.516, 7.147,5339
 8140,90936.266, 7.752,5339
 8141,90944.531, 8.263,5339
 8142,90952.477, 7.944,5339
 8143,90960.023, 7.542,5339
 8144,90967.781, 7.767,5339
 8145,90975.750, 7.968,5339
 8146,90984.219, 8.467,5339
 8147,90991.414, 7.195,5339
 8148,90999.133, 7.721,5339
 8149,91007.289, 8.157,5339
 8150,91015.023, 7.728,5339
 8151,91023.031, 8.005,5339
 8152,91030.750, 7.723,5339
 8153,91038.563, 7.815,5339
 8154,91046.688, 8.118,5339
 8155,91054.641, 7.964,5339
 8156,91062.477, 7.831,5339
 8157,91070.469, 7.990,5339
 8158,91078.211, 7.749,5339
 8159,91086.023, 7.807,5339
 8160,91094.219, 8.199,5339
 8161,91101.844, 7.626,5339
 8162,91109.750, 7.897,5339
 8163,91117.172, 7.431,5339
 8164,91125.766, 8.590,5339
 8165,91133.633, 7.874,5339
 8166,91140.914, 7.280,5339
 8167,91150.117, 9.198,5339
 8168,91156.734, 6.615,5339
 8169,91164.523, 7.793,5339
 8170,91172.422, 7.899,5339
 8171,91180.047, 7.623,5339
 8172,91188.188, 8.139,5339
 8173,91196.102, 7.918,5339
 8174,91203.875, 7.774,5339
 8175,91211.641, 7.764,5339
 8176,91219.516, 7.871,5339
 8177,91227.516, 8.000,5339
 8178,91235.148, 7.633,5339
 8179,91242.938, 7.792,5339
 8180,91250.969, 8.037,5339
 8181,91258.836, 7.859,5339
 8182,91266.586, 7.753,5339
 8183,91275.570, 8.989,5339
 8184,91282.836, 7.262,5339
 8185,91290.258, 7.420,5339
 8186,91298.047, 7.785,5339
 8187,91306.180, 8.137,5339
 8188,91313.898, 7.719,5339
 8189,91321.938, 8.040,5339
 8190,91329.445, 7.507,5339
 8191,91337.445, 7.998,5339
 8192,91345.203, 7.762,5339
 8193,91353.031, 7.821,5339
 8194,91360.820, 7.792,5339
 8195,91368.695, 7.871,5339
 8196,91376.516, 7.825,5339
 8197,91384.477, 7.959,5339
 8198,91392.586, 8.117,5339
 8199,91400.484, 7.896,5339
 8200,91408.383, 7.895,5339
 8201,91416.977, 8.599,5339
 8202,91423.727, 6.742,5339
 8203,91431.680, 7.954,5339
 8204,91439.633, 7.956,5339
 8205,91447.281, 7.649,5339
 8206,91455.383, 8.097,5339
 8207,91462.977, 7.597,5339
 8208,91471.008, 8.031,5339
 8209,91478.664, 7.650,5339
 8210,91486.422, 7.760,5339
 8211,91494.258, 7.845,5339
 8212,91501.961, 7.700,5339
 8213,91510.172, 8.211,5339
 8214,91517.453, 7.282,5339
 8215,91525.500, 8.047,5339
 8216,91533.195, 7.692,5339
 8217,91541.078, 7.884,5339
 8218,91549.633, 8.559,5339
 8219,91556.227, 6.592,5339
 8220,91564.469, 8.235,5339
 8221,91572.039, 7.571,5339
 8222,91579.766, 7.726,5339
 8223,91588.781, 9.018,5339
 8224,91595.516, 6.739,5339
 8225,91603.578, 8.062,5339
 8226,91610.836, 7.258,5339
 8227,91618.719, 7.879,5339
 8228,91626.805, 8.090,5339
 8229,91634.227, 7.421,5339
 8230,91642.242, 8.019,5339
 8231,91650.813, 8.566,5339
 8232,91657.570, 6.763,5339
 8233,91665.547, 7.972,5339
 8234,91673.531, 7.983,5339
 8235,91681.758, 8.228,5339
 8236,91689.039, 7.279,5339
 8237,91696.891, 7.857,5339
 8238,91704.641, 7.745,5339
 8239,91712.438, 7.796,5339
 8240,91720.016, 7.579,5339
 8241,91728.258, 8.248,5339
 8242,91735.789, 7.522,5339
 8243,91743.602, 7.817,5339
 8244,91751.477, 7.878,5339
 8245,91759.375, 7.890,5339
 8246,91767.398, 8.023,5339
 8247,91774.930, 7.540,5339
 8248,91782.555, 7.622,5339
 8249,91790.750, 8.194,5339
 8250,91798.219, 7.473,5339
 8251,91806.039, 7.811,5339
 8252,91814.148, 8.119,5339
 8253,91821.539, 7.388,5339
 8254,91829.484, 7.945,5339
 8255,91837.219, 7.733,5339
 8256,91844.867, 7.650,5339
 8257,91852.688, 7.814,5339
 8258,91860.508, 7.824,5339
 8259,91867.945, 7.443,5339
 8260,91875.773, 7.823,5339
 8261,91883.836, 8.066,5339
 8262,91891.328, 7.484,5339
 8263,91899.031, 7.708,5339
 8264,91907.000, 7.962,5339
 8265,91914.820, 7.830,5339
 8266,91922.555, 7.732,5339
 8267,91930.414, 7.857,5339
 8268,91938.500, 8.091,5339
 8269,91946.578, 8.075,5339
 8270,91953.727, 7.150,5339
 8271,91961.688, 7.958,5339
 8272,91969.289, 7.605,5339
 8273,91977.258, 7.967,5339
 8274,91985.453, 8.192,5339
 8275,91993.117, 7.668,5339
 8276,92001.094, 7.972,5339
 8277,92009.008, 7.913,5339
 8278,92016.789, 7.782,5339
 8279,92024.586, 7.803,5339
 8280,92032.367, 7.780,5339
 8281,92040.250, 7.884,5339
 8282,92048.508, 8.257,5339
 8283,92055.867, 7.362,5339
 8284,92063.969, 8.105,5339
 8285,92071.445, 7.468,5339
 8286,92080.625, 9.186,5339
 8287,92087.578, 6.952,5339
 8288,92094.789, 7.211,5339
 8289,92103.008, 8.211,5339
 8290,92111.328, 8.324,5339
 8291,92117.898, 6.572,5339
 8292,92125.891, 7.994,5339
 8293,92135.023, 9.130,5339
 8294,92143.797, 8.771,5339
 8295,92151.953, 8.162,5339
 8296,92159.305, 7.354,5339
 8297,92165.992, 6.678,5339
 8298,92172.719, 6.730,5339
 8299,92180.313, 7.596,5339
 8300,92188.242, 7.928,5339
 8301,92195.953, 7.718,5339
 8302,92203.688, 7.725,5339
 8303,92211.422, 7.733,5339
 8304,92219.297, 7.882,5339
 8305,92227.234, 7.933,5339
 8306,92235.000, 7.760,5339
 8307,92242.539, 7.546,5339
 8308,92250.383, 7.838,5339
 8309,92258.867, 8.487,5339
 8310,92266.578, 7.718,5339
 8311,92273.617, 7.040,5339
 8312,92281.500, 7.877,5339
 8313,92289.555, 8.061,5339
 8314,92297.188, 7.627,5339
 8315,92305.555, 8.373,5339
 8316,92313.445, 7.880,5339
 8317,92321.258, 7.823,5339
 8318,92329.141, 7.880,5339
 8319,92336.734, 7.589,5339
 8320,92344.508, 7.777,5339
 8321,92352.898, 8.389,5339
 8322,92361.063, 8.164,5339
 8323,92367.953, 6.898,5339
 8324,92376.383, 8.417,5339
 8325,92383.641, 7.268,5339
 8326,92391.883, 8.240,5339
 8327,92399.391, 7.501,5339
 8328,92406.906, 7.524,5339
 8329,92415.938, 9.027,5339
 8330,92422.930, 6.998,5339
 8331,92430.406, 7.470,5339
 8332,92438.445, 8.036,5339
 8333,92446.414, 7.969,5339
 8334,92454.102, 7.691,5339
 8335,92462.445, 8.342,5339
 8336,92469.547, 7.103,5339
 8337,92477.500, 7.953,5339
 8338,92485.414, 7.916,5339
 8339,92493.063, 7.647,5339
 8340,92500.836, 7.778,5339
 8341,92508.930, 8.093,5339
 8342,92516.516, 7.580,5339
 8343,92524.102, 7.586,5339
 8344,92532.547, 8.447,5339
 8345,92540.164, 7.616,5339
 8346,92548.344, 8.180,5339
 8347,92556.602, 8.259,5339
 8348,92563.469, 6.867,5339
 8349,92571.406, 7.935,5339
 8350,92578.938, 7.536,5339
 8351,92586.602, 7.664,5339
 8352,92595.195, 8.594,5339
 8353,92602.453, 7.259,5339
 8354,92610.125, 7.669,5339
 8355,92619.008, 8.879,5339
 8356,92628.313, 9.315,5339
 8357,92635.344, 7.018,5339
 8358,92641.391, 6.048,5339
 8359,92649.078, 7.688,5339
 8360,92657.375, 8.296,5339
 8361,92665.266, 7.896,5339
 8362,92672.727, 7.463,5339
 8363,92680.539, 7.809,5339
 8364,92688.547, 8.014,5339
 8365,92696.484, 7.930,5339
 8366,92704.023, 7.542,5339
 8367,92711.719, 7.695,5339
 8368,92719.719, 8.002,5339
 8369,92727.719, 7.993,5339
 8370,92735.625, 7.914,5339
 8371,92744.148, 8.519,5339
 8372,92752.352, 8.203,5339
 8373,92759.234, 6.887,5339
 8374,92766.844, 7.605,5339
 8375,92775.461, 8.616,5339
 8376,92783.992, 8.535,5339
 8377,92790.711, 6.714,5339
 8378,92798.773, 8.069,5339
 8379,92806.211, 7.441,5339
 8380,92814.281, 8.065,5339
 8381,92822.070, 7.785,5339
 8382,92830.008, 7.935,5339
 8383,92837.500, 7.498,5339
 8384,92845.031, 7.533,5339
 8385,92853.102, 8.066,5339
 8386,92860.891, 7.794,5339
 8387,92868.563, 7.672,5339
 8388,92876.859, 8.293,5339
 8389,92884.531, 7.672,5339
 8390,92892.141, 7.610,5339
 8391,92899.898, 7.759,5339
 8392,92908.047, 8.148,5339
 8393,92915.828, 7.785,5339
 8394,92923.594, 7.763,5339
 8395,92931.078, 7.481,5339
 8396,92939.086, 8.006,5339
 8397,92947.492, 8.415,5339
 8398,92956.000, 8.497,5339
 8399,92962.578, 6.583,5339
 8400,92970.359, 7.784,5339
 8401,92978.930, 8.572,5339
 8402,92987.094, 8.162,5339
 8403,92993.875, 6.783,5339
 8404,93001.836, 7.956,5339
 8405,93009.688, 7.850,5339
 8406,93017.656, 7.970,5339
 8407,93025.461, 7.807,5339
 8408,93033.734, 8.272,5339
 8409,93041.609, 7.883,5339
 8410,93049.875, 8.259,5339
 8411,93057.570, 7.699,5339
 8412,93065.227, 7.653,5339
 8413,93072.922, 7.696,5339
 8414,93080.773, 7.853,5339
 8415,93089.391, 8.613,5339
 8416,93097.344, 7.951,5339
 8417,93105.172, 7.832,5339
 8418,93113.086, 7.910,5339
 8419,93120.625, 7.543,5339
 8420,93129.227, 8.603,5339
 8421,93137.695, 8.464,5339
 8422,93144.945, 7.256,5339
 8423,93153.352, 8.399,5339
 8424,93160.453, 7.102,5339
 8425,93168.211, 7.764,5339
 8426,93175.750, 7.538,5339
 8427,93184.016, 8.261,5339
 8428,93191.672, 7.658,5339
 8429,93199.453, 7.782,5339
 8430,93207.797, 8.343,5339
 8431,93215.469, 7.677,5339
 8432,93223.172, 7.701,5339
 8433,93230.938, 7.767,5339
 8434,93238.875, 7.937,5339
 8435,93247.297, 8.427,5339
 8436,93254.914, 7.609,5339
 8437,93263.641, 8.733,5339
 8438,93270.773, 7.129,5339
 8439,93278.859, 8.083,5339
 8440,93286.898, 8.042,5339
 8441,93295.367, 8.464,5339
 8442,93302.922, 7.560,5339
 8443,93311.594, 8.673,5339
 8444,93318.367, 6.767,5339
 8445,93326.633, 8.271,5339
 8446,93334.828, 8.197,5339
 8447,93343.047, 8.214,5339
 8448,93350.453, 7.411,5339
 8449,93358.258, 7.802,5339
 8450,93365.906, 7.647,5339
 8451,93374.352, 8.442,5339
 8452,93381.656, 7.301,5339
 8453,93389.508, 7.861,5339
 8454,93397.734, 8.225,5339
 8455,93405.563, 7.833,5339
 8456,93413.492, 7.923,5339
 8457,93421.805, 8.314,5339
 8458,93429.758, 7.949,5339
 8459,93436.773, 7.016,5339
 8460,93444.820, 8.055,5339
 8461,93453.180, 8.359,5339
 8462,93461.352, 8.167,5339
 8463,93468.758, 7.410,5339
 8464,93476.797, 8.035,5339
 8465,93484.617, 7.824,5339
 8466,93492.484, 7.864,5339
 8467,93500.742, 8.261,5339
 8468,93509.211, 8.471,5339
 8469,93516.391, 7.172,5339
 8470,93524.305, 7.919,5339
 8471,93532.836, 8.534,5339
 8472,93540.586, 7.750,5339
 8473,93549.008, 8.414,5339
 8474,93555.641, 6.643,5339
 8475,93564.078, 8.429,5339
 8476,93572.023, 7.947,5339
 8477,93581.023, 8.998,5339
 8478,93587.883, 6.863,5339
 8479,93595.758, 7.874,5339
 8480,93604.039, 8.275,5339
 8481,93611.914, 7.882,5339
 8482,93620.508, 8.590,5339
 8483,93628.109, 7.602,5339
 8484,93635.555, 7.453,5339
 8485,93643.453, 7.891,5339
 8486,93651.781, 8.327,5339
 8487,93659.813, 8.038,5339
 8488,93667.656, 7.832,5339
 8489,93676.102, 8.454,5339
 8490,93683.883, 7.779,5339
 8491,93691.961, 8.080,5339
 8492,93699.633, 7.679,5339
 8493,93708.734, 9.092,5339
 8494,93715.945, 7.217,5339
 8495,93723.727, 7.772,5339
 8496,93732.281, 8.566,5339
 8497,93740.055, 7.767,5339
 8498,93747.930, 7.875,5339
 8499,93755.625, 7.701,5339
 8500,93763.734, 8.104,5339
 8501,93772.078, 8.339,5339
 8502,93779.836, 7.764,5339
 8503,93787.508, 7.670,5339
 8504,93795.703, 8.190,5339
 8505,93803.883, 8.188,5339
 8506,93811.852, 7.964,5339
 8507,93820.102, 8.251,5339
 8508,93828.258, 8.157,5339
 8509,93835.852, 7.593,5339
 8510,93844.117, 8.267,5339
 8511,93852.227, 8.113,5339
 8512,93860.664, 8.433,5339
 8513,93868.289, 7.629,5339
 8514,93876.211, 7.922,5339
 8515,93884.188, 7.971,5339
 8516,93892.188, 8.002,5339
 8517,93899.938, 7.752,5339
 8518,93908.391, 8.449,5339
 8519,93916.539, 8.149,5339
 8520,93924.375, 7.836,5339
 8521,93933.156, 8.787,5339
 8522,93940.805, 7.640,5339
 8523,93948.289, 7.489,5339
 8524,93956.570, 8.281,5339
 8525,93964.664, 8.092,5339
 8526,93972.930, 8.269,5339
 8527,93980.328, 7.397,5339
 8528,93988.727, 8.394,5339
 8529,93997.063, 8.338,5339
 8530,94004.516, 7.453,5339
 8531,94013.125, 8.609,5339
 8532,94020.141, 7.016,5339
 8533,94028.234, 8.099,5339
 8534,94037.094, 8.851,5339
 8535,94044.336, 7.241,5339
 8536,94052.797, 8.470,5339
 8537,94060.758, 7.960,5339
 8538,94068.523, 7.764,5339
 8539,94076.461, 7.936,5339
 8540,94084.945, 8.490,5339
 8541,94092.719, 7.770,5339
 8542,94100.719, 7.996,5339
 8543,94108.633, 7.919,5339
 8544,94117.367, 8.731,5339
 8545,94125.367, 8.002,5339
 8546,94133.367, 7.997,5339
 8547,94141.344, 7.979,5339
 8548,94148.820, 7.476,5339
 8549,94157.422, 8.601,5339
 8550,94166.227, 8.805,5339
 8551,94173.398, 7.175,5339
 8552,94180.883, 7.485,5339
 8553,94189.148, 8.261,5339
 8554,94197.609, 8.466,5339
 8555,94205.063, 7.449,5339
 8556,94213.070, 8.009,5339
 8557,94221.039, 7.968,5339
 8558,94229.195, 8.159,5339
 8559,94237.070, 7.873,5339
 8560,94245.594, 8.526,5339
 8561,94253.805, 8.210,5339
 8562,94261.430, 7.625,5339
 8563,94269.438, 8.008,5339
 8564,94277.750, 8.307,5339
 8565,94286.383, 8.633,5339
 8566,94293.430, 7.052,5339
 8567,94302.852, 9.421,5339
 8568,94310.328, 7.468,5339
 8569,94318.422, 8.103,5339
 8570,94326.164, 7.742,5339
 8571,94334.453, 8.283,5339
 8572,94342.594, 8.150,5339
 8573,94350.414, 7.812,5339
 8574,94358.703, 8.290,5339
 8575,94366.625, 7.924,5339
 8576,94375.727, 9.100,5339
 8577,94383.563, 7.843,5339
 8578,94391.609, 8.045,5339
 8579,94399.047, 7.428,5339
 8580,94407.328, 8.281,5339
 8581,94415.555, 8.235,5339
 8582,94423.523, 7.972,5339
 8583,94431.781, 8.250,5339
 8584,94440.453, 8.677,5339
 8585,94448.539, 8.084,5339
 8586,94456.086, 7.541,5339
 8587,94465.211, 9.131,5339
 8588,94473.008, 7.792,5339
 8589,94481.516, 8.510,5339
 8590,94489.367, 7.848,5339
 8591,94497.375, 8.012,5339
 8592,94505.523, 8.151,5339
 8593,94513.617, 8.092,5339
 8594,94522.281, 8.669,5339
 8595,94529.953, 7.669,5339
 8596,94538.359, 8.402,5339
 8597,94546.328, 7.966,5339
 8598,94555.078, 8.757,5339
 8599,94562.375, 7.293,5339
 8600,94571.625, 9.257,5339
 8601,94579.219, 7.591,5339
 8602,94588.156, 8.936,5339
 8603,94595.414, 7.259,5339
 8604,94604.922, 9.511,5339
 8605,94612.102, 7.173,5339
 8606,94620.070, 7.970,5339
 8607,94628.938, 8.870,5339
 8608,94636.203, 7.268,5339
 8609,94645.258, 9.051,5339
 8610,94652.859, 7.605,5339
 8611,94661.070, 8.206,5339
 8612,94669.914, 8.850,5339
 8613,94676.852, 6.934,5339
 8614,94685.242, 8.394,5339
 8615,94693.203, 7.953,5339
 8616,94701.570, 8.370,5339
 8617,94709.602, 8.031,5339
 8618,94717.602, 8.003,5339
 8619,94725.664, 8.054,5339
 8620,94734.227, 8.570,5339
 8621,94741.969, 7.742,5339
 8622,94750.406, 8.438,5339
 8623,94758.008, 7.595,5339
 8624,94766.844, 8.840,5339
 8625,94774.422, 7.581,5339
 8626,94783.047, 8.621,5339
 8627,94791.172, 8.124,5339
 8628,94799.156, 7.985,5339
 8629,94807.930, 8.781,5339
 8630,94816.211, 8.280,5339
 8631,94824.891, 8.677,5339
 8632,94832.102, 7.205,5339
 8633,94840.023, 7.927,5339
 8634,94848.570, 8.547,5339
 8635,94856.555, 7.985,5339
 8636,94864.984, 8.422,5339
 8637,94872.680, 7.696,5339
 8638,94880.734, 8.055,5339
 8639,94889.172, 8.440,5339
 8640,94897.305, 8.142,5339
 8641,94905.938, 8.632,5339
 8642,94913.703, 7.758,5339
 8643,94922.242, 8.540,5339
 8644,94929.859, 7.616,5339
 8645,94938.359, 8.500,5339
 8646,94946.625, 8.269,5339
 8647,94955.188, 8.565,5339
 8648,94963.063, 7.870,5339
 8649,94970.992, 7.927,5339
 8650,94979.188, 8.201,5339
 8651,94987.781, 8.591,5339
 8652,94995.664, 7.877,5339
 8653,95004.750, 9.090,5339
 8654,95012.438, 7.693,5339
 8655,95020.891, 8.449,5339
 8656,95028.680, 7.783,5339
 8657,95036.680, 8.004,5339
 8658,95045.031, 8.351,5339
 8659,95053.844, 8.819,5339
 8660,95061.813, 7.969,5339
 8661,95070.797, 8.979,5339
 8662,95078.258, 7.470,5339
 8663,95086.117, 7.851,5339
 8664,95094.070, 7.949,5339
 8665,95103.234, 9.175,5339
 8666,95110.844, 7.603,5339
 8667,95118.969, 8.133,5339
 8668,95127.578, 8.605,5339
 8669,95135.422, 7.837,5339
 8670,95143.336, 7.912,5339
 8671,95152.195, 8.865,5339
 8672,95159.844, 7.650,5339
 8673,95169.297, 9.456,5339
 8674,95176.789, 7.484,5339
 8675,95185.461, 8.680,5339
 8676,95193.297, 7.840,5339
 8677,95201.250, 7.949,5339
 8678,95210.664, 9.409,5339
 8679,95217.844, 7.184,5339
 8680,95226.344, 8.490,5339
 8681,95234.789, 8.452,5339
 8682,95242.438, 7.644,5339
 8683,95250.914, 8.483,5339
 8684,95259.156, 8.243,5339
 8685,95268.266, 9.111,5339
 8686,95275.953, 7.690,5339
 8687,95284.609, 8.657,5339
 8688,95294.266, 9.655,5339
 8689,95301.773, 7.503,5339
 8690,95309.219, 7.447,5339
 8691,95317.711, 8.488,5339
 8692,95326.727, 9.011,5339
 8693,95334.227, 7.505,5339
 8694,95342.406, 8.181,5339
 8695,95350.516, 8.113,5339
 8696,95358.914, 8.397,5339
 8697,95366.961, 8.049,5339
 8698,95375.305, 8.344,5339
 8699,95383.344, 8.032,5339
 8700,95391.344, 8.000,5339
 8701,95399.789, 8.448,5339
 8702,95408.055, 8.259,5339
 8703,95416.508, 8.459,5339
 8704,95425.305, 8.799,5339
 8705,95432.742, 7.435,5339
 8706,95441.602, 8.860,5339
 8707,95449.266, 7.665,5339
 8708,95458.180, 8.910,5339
 8709,95466.156, 7.978,5339
 8710,95474.164, 8.010,5339
 8711,95482.406, 8.241,5339
 8712,95490.578, 8.171,5339
 8713,95499.570, 8.999,5339
 8714,95507.367, 7.790,5339
 8715,95515.828, 8.461,5339
 8716,95523.820, 7.996,5339
 8717,95531.547, 7.723,5339
 8718,95540.305, 8.761,5339
 8719,95548.734, 8.429,5339
 8720,95556.766, 8.031,5339
 8721,95564.680, 7.914,5339
 8722,95572.922, 8.242,5339
 8723,95581.000, 8.074,5339
 8724,95589.969, 8.972,5339
 8725,95598.164, 8.197,5339
 8726,95606.344, 8.179,5339
 8727,95615.203, 8.856,5339
 8728,95622.844, 7.646,5339
 8729,95631.875, 9.034,5339
 8730,95639.305, 7.426,5339
 8731,95647.609, 8.303,5339
 8732,95655.453, 7.843,5339
 8733,95664.586, 9.137,5339
 8734,95672.539, 7.950,5339
 8735,95680.594, 8.057,5339
 8736,95689.219, 8.623,5339
 8737,95697.281, 8.066,5339
 8738,95705.430, 8.142,5339
 8739,95713.734, 8.306,5339
 8740,95722.367, 8.631,5339
 8741,95730.219, 7.854,5339
 8742,95738.547, 8.328,5339
 8743,95747.813, 9.264,5339
 8744,95755.273, 7.466,5339
 8745,95763.656, 8.372,5339
 8746,95772.180, 8.536,5339
 8747,95779.922, 7.737,5339
 8748,95788.258, 8.338,5339
 8749,95797.047, 8.781,5339
 8750,95805.508, 8.466,5339
 8751,95814.039, 8.530,5339
 8752,95821.758, 7.721,5339
 8753,95830.828, 9.073,5339
 8754,95838.359, 7.528,5339
 8755,95847.055, 8.693,5339
 8756,95854.898, 7.849,5339
 8757,95863.430, 8.531,5339
 8758,95872.281, 8.854,5339
 8759,95880.055, 7.765,5339
 8760,95888.125, 8.075,5339
 8761,95896.820, 8.696,5339
 8762,95905.250, 8.433,5339
 8763,95912.969, 7.721,5339
 8764,95921.727, 8.751,5339
 8765,95930.039, 8.311,5339
 8766,95938.422, 8.382,5339
 8767,95947.125, 8.701,5339
 8768,95955.047, 7.926,5339
 8769,95963.563, 8.518,5339
 8770,95971.969, 8.404,5339
 8771,95980.305, 8.342,5339
 8772,95988.602, 8.296,5339
 8773,95996.328, 7.721,5339
 8774,96005.000, 8.670,5339
 8775,96013.445, 8.443,5339
 8776,96021.359, 7.919,5339
 8777,96029.805, 8.446,5339
 8778,96037.875, 8.071,5339
 8779,96046.656, 8.775,5339
 8780,96054.719, 8.068,5339
 8781,96063.398, 8.675,5339
 8782,96071.391, 7.994,5339
 8783,96080.961, 9.576,5339
 8784,96087.734, 6.764,5339
 8785,96096.430, 8.702,5339
 8786,96105.570, 9.140,5339
 8787,96113.508, 7.940,5339
 8788,96121.805, 8.297,5339
 8789,96130.141, 8.335,5339
 8790,96137.891, 7.752,5339
 8791,96146.719, 8.822,5339
 8792,96154.828, 8.111,5339
 8793,96162.719, 7.890,5339
 8794,96170.906, 8.189,5339
 8795,96179.852, 8.947,5339
 8796,96188.617, 8.769,5339
 8797,96197.141, 8.516,5339
 8798,96204.711, 7.574,5339
 8799,96212.680, 7.968,5339
 8800,96220.570, 7.893,5339
 8801,96229.883, 9.314,5339
 8802,96238.109, 8.224,5339
 8803,96245.484, 7.370,5339
 8804,96254.344, 8.856,5339
 8805,96261.945, 7.612,5339
 8806,96271.430, 9.478,5339
 8807,96278.789, 7.365,5339
 8808,96286.938, 8.149,5339
 8809,96297.094,10.152,5339
 8810,96304.492, 7.397,5339
 8811,96312.703, 8.212,5339
 8812,96321.172, 8.470,5339
 8813,96329.375, 8.202,5339
 8814,96337.484, 8.107,5339
 8815,96347.109, 9.623,5339
 8816,96354.570, 7.469,5339
 8817,96362.664, 8.085,5339
 8818,96371.031, 8.370,5339
 8819,96379.828, 8.801,5339
 8820,96388.195, 8.364,5339
 8821,96396.297, 8.108,5339
 8822,96405.070, 8.768,5339
 8823,96412.227, 7.163,5339
 8824,96420.898, 8.671,5339
 8825,96429.938, 9.037,5339
 8826,96437.539, 7.602,5339
 8827,96445.805, 8.265,5339
 8828,96453.992, 8.179,5339
 8829,96462.227, 8.240,5339
 8830,96471.109, 8.879,5339
 8831,96479.133, 8.025,5339
 8832,96487.328, 8.197,5339
 8833,96496.836, 9.506,5339
 8834,96503.875, 7.041,5339
 8835,96512.039, 8.161,5339
 8836,96520.594, 8.558,5339
 8837,96529.555, 8.960,5339
 8838,96536.969, 7.417,5339
 8839,96545.633, 8.666,5339
 8840,96554.625, 8.993,5339
 8841,96561.930, 7.304,5339
 8842,96570.391, 8.452,5339
 8843,96578.984, 8.591,5339
 8844,96586.984, 8.008,5339
 8845,96595.828, 8.841,5339
 8846,96603.789, 7.960,5339
 8847,96611.766, 7.981,5339
 8848,96620.578, 8.818,5339
 8849,96628.586, 8.004,5339
 8850,96637.813, 9.227,5339
 8851,96645.961, 8.149,5339
 8852,96653.852, 7.887,5339
 8853,96662.555, 8.708,5339
 8854,96670.438, 7.877,5339
 8855,96678.594, 8.160,5339
 8856,96687.063, 8.468,5339
 8857,96695.398, 8.332,5339
 8858,96703.680, 8.282,5339
 8859,96712.117, 8.442,5339
 8860,96721.281, 9.160,5339
 8861,96729.984, 8.700,5339
 8862,96738.141, 8.163,5339
 8863,96745.930, 7.790,5339
 8864,96754.422, 8.484,5339
 8865,96762.688, 8.269,5339
 8866,96771.047, 8.362,5339
 8867,96779.250, 8.206,5339
 8868,96787.141, 7.889,5339
 8869,96795.859, 8.721,5339
 8870,96804.414, 8.550,5339
 8871,96812.727, 8.306,5339
 8872,96820.750, 8.031,5339
 8873,96829.703, 8.946,5339
 8874,96837.773, 8.073,5339
 8875,96846.109, 8.336,5339
 8876,96854.313, 8.202,5339
 8877,96863.391, 9.079,5339
 8878,96872.242, 8.855,5339
 8879,96881.023, 8.778,5339
 8880,96887.859, 6.837,5339
 8881,96896.320, 8.460,5339
 8882,96904.695, 8.377,5339
 8883,96913.023, 8.325,5339
 8884,96921.719, 8.700,5339
 8885,96930.297, 8.579,5339
 8886,96938.625, 8.331,5339
 8887,96948.398, 9.764,5339
 8888,96956.852, 8.462,5339
 8889,96964.953, 8.102,5339
 8890,96972.938, 7.981,5339
 8891,96980.961, 8.026,5339
 8892,96989.195, 8.231,5339
 8893,96998.055, 8.853,5339
 8894,97006.133, 8.082,5339
 8895,97014.891, 8.761,5339
 8896,97023.016, 8.124,5339
 8897,97030.969, 7.956,5339
 8898,97040.859, 9.890,5339
 8899,97048.469, 7.610,5339
 8900,97055.953, 7.482,5339
 8901,97065.992,10.031,5339
 8902,97073.508, 7.521,5339
 8903,97081.656, 8.144,5339
 8904,97090.242, 8.596,5339
 8905,97098.703, 8.455,5339
 8906,97108.633, 9.934,5339
 8907,97116.328, 7.692,5339
 8908,97124.273, 7.947,5339
 8909,97132.828, 8.558,5339
 8910,97140.750, 7.914,5339
 8911,97150.492, 9.744,5339
 8912,97157.484, 6.993,5339
 8913,97165.789, 8.306,5339
 8914,97174.195, 8.406,5339
 8915,97182.664, 8.466,5339
 8916,97191.336, 8.669,5339
 8917,97200.742, 9.413,5339
 8918,97208.828, 8.086,5339
 8919,97216.727, 7.897,5339
 8920,97225.172, 8.449,5339
 8921,97233.867, 8.693,5339
 8922,97243.695, 9.827,5339
 8923,97250.945, 7.254,5339
 8924,97259.406, 8.458,5339
 8925,97268.203, 8.795,5339
 8926,97276.391, 8.189,5339
 8927,97286.008, 9.617,5339
 8928,97293.945, 7.943,5339
 8929,97302.313, 8.360,5339
 8930,97311.516, 9.204,5339
 8931,97319.883, 8.372,5339
 8932,97328.711, 8.824,5339
 8933,97336.508, 7.800,5339
 8934,97345.750, 9.241,5339
 8935,97353.219, 7.468,5339
 8936,97361.813, 8.591,5339
 8937,97370.500, 8.688,5339
 8938,97378.602, 8.107,5339
 8939,97387.398, 8.794,5339
 8940,97396.609, 9.216,5339
 8941,97405.156, 8.539,5339
 8942,97413.508, 8.356,5339
 8943,97421.539, 8.026,5339
 8944,97430.703, 9.165,5339
 8945,97438.703, 7.999,5339
 8946,97447.844, 9.144,5339
 8947,97456.398, 8.555,5339
 8948,97464.602, 8.205,5339
 8949,97474.406, 9.800,5339
 8950,97482.258, 7.855,5339
 8951,97491.805, 9.543,5339
 8952,97499.875, 8.070,5339
 8953,97508.023, 8.150,5339
 8954,97516.891, 8.872,5339
 8955,97524.813, 7.916,5339
 8956,97533.969, 9.165,5339
 8957,97542.766, 8.791,5339
 8958,97550.922, 8.157,5339
 8959,97559.922, 9.005,5339
 8960,97568.141, 8.209,5339
 8961,97576.297, 8.160,5339
 8962,97585.438, 9.142,5339
 8963,97595.039, 9.599,5339
 8964,97603.930, 8.893,5339
 8965,97612.125, 8.195,5339
 8966,97620.422, 8.295,5339
 8967,97628.813, 8.391,5339
 8968,97637.602, 8.791,5339
 8969,97646.211, 8.609,5339
 8970,97654.805, 8.590,5339
 8971,97664.508, 9.705,5339
 8972,97672.781, 8.272,5339
 8973,97681.336, 8.557,5339
 8974,97689.461, 8.125,5339
 8975,97698.320, 8.856,5339
 8976,97706.609, 8.294,5339
 8977,97715.453, 8.838,5339
 8978,97724.438, 8.983,5339
 8979,97732.188, 7.756,5339
 8980,97741.469, 9.281,5339
 8981,97749.797, 8.328,5339
 8982,97759.141, 9.339,5339
 8983,97767.313, 8.172,5339
 8984,97775.508, 8.199,5339
 8985,97784.789, 9.279,5339
 8986,97794.281, 9.497,5339
 8987,97802.609, 8.325,5339
 8988,97810.898, 8.294,5339
 8989,97819.141, 8.237,5339
 8990,97827.508, 8.366,5339
 8991,97836.234, 8.728,5339
 8992,97845.031, 8.793,5339
 8993,97854.055, 9.028,5339
 8994,97861.875, 7.826,5339
 8995,97870.922, 9.047,5339
 8996,97879.617, 8.697,5339
 8997,97888.242, 8.618,5371
 8998,97896.484, 8.246,5371
 8999,97905.430, 8.940,5371
 9000,97915.797,10.365,5371
 9001,97923.406, 7.612,5371
 9002,97932.016, 8.604,5371
 9003,97940.875, 8.870,5371
 9004,97949.586, 8.708,5371
 9005,97958.273, 8.685,5371
 9006,97967.352, 9.077,5371
 9007,97975.844, 8.492,5371
 9008,97984.734, 8.893,5371
 9009,97993.477, 8.738,5371
 9010,98003.016, 9.544,5371
 9011,98011.438, 8.420,5371
 9012,98020.359, 8.916,5371
 9013,98029.180, 8.831,5371
 9014,98038.297, 9.118,5371
 9015,98046.758, 8.458,5371
 9016,98055.898, 9.142,5371
 9017,98065.047, 9.140,5371
 9018,98072.898, 7.861,5371
 9019,98081.719, 8.816,5371
 9020,98091.898,10.184,5371
 9021,98099.695, 7.789,5371
 9022,98108.172, 8.479,5371
 9023,98118.813,10.644,5371
 9024,98125.766, 6.954,5371
 9025,98135.828,10.058,5371
 9026,98144.695, 8.867,5371
 9027,98153.219, 8.526,5371
 9028,98161.781, 8.562,5371
 9029,98169.656, 7.869,5371
 9030,98179.023, 9.370,5371
 9031,98188.172, 9.154,5371
 9032,98197.094, 8.921,5371
 9033,98206.211, 9.118,5371
 9034,98214.609, 8.397,5371
 9035,98223.102, 8.489,5371
 9036,98231.477, 8.379,5371
 9037,98241.188, 9.711,5371
 9038,98250.703, 9.514,5371
 9039,98259.070, 8.362,5371
 9040,98267.281, 8.220,5371
 9041,98276.125, 8.839,5371
 9042,98285.617, 9.494,5371
 9043,98294.273, 8.658,5371
 9044,98302.328, 8.048,5371
 9045,98312.094, 9.766,5371
 9046,98321.945, 9.857,5371
 9047,98330.852, 8.907,5371
 9048,98338.867, 8.017,5371
 9049,98348.375, 9.498,5371
 9050,98357.438, 9.070,5371
 9051,98365.750, 8.310,5371
 9052,98374.828, 9.076,5371
 9053,98383.602, 8.777,5371
 9054,98392.336, 8.732,5371
 9055,98400.734, 8.398,5371
 9056,98410.180, 9.445,5371
 9057,98419.563, 9.388,5371
 9058,98427.648, 8.077,5371
 9059,98436.102, 8.459,5371
 9060,98444.258, 8.163,5371
 9061,98453.766, 9.504,5371
 9062,98462.297, 8.533,5371
 9063,98470.977, 8.674,5371
 9064,98480.203, 9.226,5371
 9065,98489.000, 8.798,5371
 9066,98498.344, 9.345,5371
 9067,98507.875, 9.535,5371
 9068,98517.273, 9.400,5371
 9069,98526.055, 8.772,5371
 9070,98533.922, 7.872,5371
 9071,98544.445,10.522,5371
 9072,98551.891, 7.448,5371
 9073,98561.539, 9.648,5371
 9074,98569.922, 8.385,5371
 9075,98578.742, 8.810,5371
 9076,98587.945, 9.211,5371
 9077,98596.406, 8.456,5371
 9078,98605.492, 9.086,5371
 9079,98615.578,10.090,5371
 9080,98623.469, 7.889,5371
 9081,98632.625, 9.161,5371
 9082,98641.539, 8.910,5371
 9083,98650.711, 9.172,5371
 9084,98659.922, 9.209,5371
 9085,98667.680, 7.757,5371
 9086,98676.813, 9.138,5371
 9087,98686.523, 9.707,5371
 9088,98695.078, 8.554,5371
 9089,98704.180, 9.100,5371
 9090,98713.086, 8.906,5371
 9091,98721.492, 8.412,5371
 9092,98731.539,10.043,5371
 9093,98739.367, 7.828,5371
 9094,98749.211, 9.850,5371
 9095,98758.078, 8.858,5371
 9096,98766.781, 8.708,5371
 9097,98776.023, 9.235,5371
 9098,98784.883, 8.871,5371
 9099,98793.164, 8.276,5371
 9100,98802.539, 9.376,5371
 9101,98812.047, 9.506,5371
 9102,98820.844, 8.801,5371
 9103,98829.609, 8.763,5371
 9104,98838.602, 8.993,5371
 9105,98848.164, 9.564,5371
 9106,98856.531, 8.363,5371
 9107,98865.125, 8.598,5371
 9108,98874.094, 8.968,5371
 9109,98883.609, 9.516,5371
 9110,98892.180, 8.566,5371
 9111,98901.766, 9.583,5371
 9112,98911.000, 9.236,5371
 9113,98919.086, 8.088,5371
 9114,98928.094, 9.005,5371
 9115,98937.188, 9.102,5371
 9116,98946.961, 9.771,5371
 9117,98955.188, 8.228,5371
 9118,98964.813, 9.620,5371
 9119,98972.938, 8.131,5371
 9120,98982.539, 9.598,5371
 9121,98991.703, 9.165,5371
 9122,99000.523, 8.823,5371
 9123,99008.406, 7.881,5371
 9124,99018.188, 9.782,5371
 9125,99026.703, 8.511,5371
 9126,99035.914, 9.215,5371
 9127,99043.992, 8.068,5371
 9128,99053.070, 9.081,5371
 9129,99062.336, 9.267,5371
 9130,99071.148, 8.814,5371
 9131,99081.422,10.276,5371
 9132,99089.516, 8.091,5371
 9133,99099.578,10.064,5371
 9134,99108.922, 9.348,5371
 9135,99116.211, 7.285,5371
 9136,99125.141, 8.928,5371
 9137,99134.219, 9.083,5371
 9138,99144.133, 9.911,5371
 9139,99153.391, 9.254,5371
 9140,99161.461, 8.076,5371
 9141,99169.891, 8.431,5371
 9142,99180.477,10.586,5371
 9143,99188.758, 8.280,5371
 9144,99198.094, 9.336,5371
 9145,99207.891, 9.794,5371
 9146,99216.609, 8.722,5371
 9147,99224.945, 8.337,5371
 9148,99233.922, 8.978,5371
 9149,99242.945, 9.023,5371
 9150,99251.914, 8.964,5371
 9151,99261.234, 9.321,5371
 9152,99270.742, 9.503,5371
 9153,99279.711, 8.974,5371
 9154,99289.422, 9.707,5371
 9155,99298.055, 8.633,5371
 9156,99307.828, 9.773,5371
 9157,99317.078, 9.252,5371
 9158,99325.750, 8.673,5371
 9159,99334.680, 8.924,5371
 9160,99343.172, 8.500,5371
 9161,99352.797, 9.625,5371
 9162,99362.570, 9.771,5371
 9163,99370.813, 8.243,5371
 9164,99380.898,10.084,5371
 9165,99389.250, 8.353,5371
 9166,99398.422, 9.171,5371
 9167,99407.922, 9.502,5371
 9168,99417.609, 9.691,5371
 9169,99425.602, 7.992,5371
 9170,99435.781,10.171,5371
 9171,99444.117, 8.344,5371
 9172,99453.695, 9.574,5371
 9173,99462.258, 8.564,5371
 9174,99472.117, 9.856,5371
 9175,99480.984, 8.868,5371
 9176,99489.406, 8.423,5371
 9177,99498.883, 9.482,5371
 9178,99507.961, 9.078,5371
 9179,99517.648, 9.679,5371
 9180,99526.992, 9.345,5371
 9181,99535.391, 8.396,5371
 9182,99545.938,10.559,5371
 9183,99554.273, 8.335,5371
 9184,99562.758, 8.478,5371
 9185,99572.711, 9.952,5371
 9186,99581.047, 8.335,5371
 9187,99591.422,10.378,5371
 9188,99600.523, 9.101,5371
 9189,99610.156, 9.633,5371
 9190,99619.477, 9.317,5371
 9191,99628.195, 8.725,5371
 9192,99637.289, 9.093,5371
 9193,99646.133, 8.845,5371
 9194,99655.883, 9.748,5371
 9195,99665.391, 9.503,5371
 9196,99674.430, 9.042,5371
 9197,99683.430, 9.000,5371
 9198,99692.352, 8.919,5371
 9199,99702.070, 9.716,5371
 9200,99711.383, 9.315,5371
 9201,99720.008, 8.625,5371
 9202,99729.602, 9.596,5371
 9203,99738.906, 9.311,5371
 9204,99748.898, 9.991,5371
 9205,99757.813, 8.910,5371
 9206,99765.719, 7.901,5371
 9207,99775.172, 9.463,5371
 9208,99784.914, 9.740,5371
 9209,99793.781, 8.864,5371
 9210,99803.188, 9.407,5371
 9211,99813.117, 9.928,5371
 9212,99821.383, 8.264,5371
 9213,99832.125,10.746,5371
 9214,99840.516, 8.391,5371
 9215,99849.563, 9.050,5371
 9216,99859.734,10.166,5371
 9217,99868.258, 8.528,5371
 9218,99877.031, 8.767,5371
 9219,99886.148, 9.121,5371
 9220,99896.008, 9.860,5371
 9221,99905.602, 9.597,5371
 9222,99914.531, 8.926,5371
 9223,99924.984,10.447,5371
 9224,99932.586, 7.608,5371
 9225,99942.875,10.287,5371
 9226,99952.180, 9.303,5371
 9227,99960.805, 8.629,5371
 9228,99969.836, 9.028,5371
 9229,99979.250, 9.419,5371
 9230,99989.047, 9.789,5371
 9231,99997.375, 8.333,5371
 9232,100006.922, 9.550,5371
 9233,100016.320, 9.395,5371
 9234,100024.906, 8.586,5371
 9235,100035.367,10.456,5371
 9236,100043.797, 8.433,5371
 9237,100053.820,10.024,5371
 9238,100062.117, 8.294,5371
 9239,100071.641, 9.521,5371
 9240,100081.594, 9.964,5371
 9241,100091.078, 9.479,5371
 9242,100099.648, 8.569,5371
 9243,100109.516, 9.874,5371
 9244,100118.297, 8.781,5371
 9245,100128.953,10.654,5371
 9246,100136.922, 7.973,5371
 9247,100146.719, 9.787,5371
 9248,100155.531, 8.819,5371
 9249,100165.148, 9.612,5371
 9250,100175.750,10.602,5371
 9251,100185.172, 9.424,5371
 9252,100194.641, 9.463,5371
 9253,100204.164, 9.529,5371
 9254,100213.523, 9.365,5371
 9255,100224.320,10.786,5371
 9256,100234.266, 9.955,5371
 9257,100242.188, 7.917,5371
 9258,100250.523, 8.339,5371
 9259,100259.898, 9.377,5371
 9260,100268.531, 8.631,5371
 9261,100278.742,10.208,5371
 9262,100288.383, 9.641,5371
 9263,100297.797, 9.415,5371
 9264,100307.383, 9.585,5371
 9265,100316.469, 9.088,5371
 9266,100325.672, 9.197,5371
 9267,100335.617, 9.953,5371
 9268,100345.070, 9.447,5371
 9269,100354.359, 9.288,5371
 9270,100363.594, 9.242,5371
 9271,100373.031, 9.435,5371
 9272,100382.594, 9.568,5371
 9273,100391.461, 8.858,5371
 9274,100400.445, 8.988,5371
 9275,100410.484,10.036,5371
 9276,100418.867, 8.388,5371
 9277,100430.023,11.150,5371
 9278,100439.023, 9.001,5371
 9279,100447.820, 8.797,5371
 9280,100457.375, 9.552,5371
 9281,100466.563, 9.193,5371
 9282,100476.438, 9.875,5371
 9283,100485.477, 9.042,5371
 9284,100494.594, 9.119,5371
 9285,100504.398, 9.795,5371
 9286,100514.500,10.107,5371
 9287,100523.828, 9.325,5371
 9288,100533.211, 9.385,5371
 9289,100542.117, 8.908,5371
 9290,100552.289,10.175,5371
 9291,100560.859, 8.566,5371
 9292,100569.734, 8.876,5371
 9293,100579.508, 9.771,5371
 9294,100589.453, 9.944,5371
 9295,100598.422, 8.965,5371
 9296,100608.188, 9.775,5371
 9297,100617.539, 9.353,5371
 9298,100626.898, 9.359,5371
 9299,100635.344, 8.439,5371
 9300,100645.828,10.488,5371
 9301,100654.797, 8.967,5371
 9302,100665.078,10.276,5371
 9303,100673.719, 8.641,5371
 9304,100683.828,10.111,5371
 9305,100693.008, 9.179,5371
 9306,100701.906, 8.908,5371
 9307,100712.641,10.722,5371
 9308,100721.188, 8.550,5371
 9309,100730.805, 9.623,5371
 9310,100739.750, 8.941,5371
 9311,100749.664, 9.915,5371
 9312,100759.492, 9.830,5371
 9313,100769.047, 9.549,5371
 9314,100778.703, 9.655,5371
 9315,100788.094, 9.397,5371
 9316,100798.047, 9.951,5371
 9317,100807.000, 8.955,5371
 9318,100817.258,10.262,5371
 9319,100827.445,10.182,5371
 9320,100835.891, 8.449,5371
 9321,100846.164,10.272,5371
 9322,100854.359, 8.194,5371
 9323,100864.250, 9.892,5371
 9324,100873.195, 8.942,5371
 9325,100883.500,10.304,5371
 9326,100891.930, 8.434,5371
 9327,100901.500, 9.568,5371
 9328,100912.195,10.697,5371
 9329,100923.156,10.963,5371
 9330,100931.688, 8.522,5371
 9331,100940.086, 8.400,5371
 9332,100949.203, 9.124,5371
 9333,100958.484, 9.282,5371
 9334,100968.227, 9.745,5371
 9335,100977.367, 9.132,5371
 9336,100987.063, 9.700,5371
 9337,100996.195, 9.135,5371
 9338,101005.734, 9.536,5371
 9339,101015.703, 9.962,5371
 9340,101025.406, 9.707,5371
 9341,101034.391, 8.980,5371
 9342,101045.023,10.639,5371
 9343,101053.445, 8.420,5371
 9344,101063.336, 9.890,5371
 9345,101072.609, 9.282,5371
 9346,101082.734,10.118,5371
 9347,101092.250, 9.518,5371
 9348,101101.352, 9.093,5371
 9349,101111.742,10.393,5371
 9350,101119.938, 8.202,5371
 9351,101130.367,10.427,5371
 9352,101139.977, 9.605,5371
 9353,101150.352,10.377,5371
 9354,101159.477, 9.128,5371
 9355,101169.648,10.168,5371
 9356,101178.672, 9.023,5371
 9357,101187.906, 9.244,5371
 9358,101197.586, 9.680,5371
 9359,101207.242, 9.653,5371
 9360,101217.820,10.573,5371
 9361,101226.805, 8.983,5371
 9362,101235.563, 8.767,5371
 9363,101247.203,11.640,5371
 9364,101256.914, 9.705,5371
 9365,101264.953, 8.043,5371
 9366,101274.367, 9.411,5371
 9367,101285.148,10.782,5371
 9368,101294.070, 8.917,5371
 9369,101303.672, 9.599,5371
 9370,101312.586, 8.927,5371
 9371,101323.000,10.409,5371
 9372,101333.023,10.020,5371
 9373,101342.211, 9.193,5371
 9374,101352.625,10.413,5371
 9375,101361.867, 9.242,5371
 9376,101371.578, 9.714,5371
 9377,101381.156, 9.575,5371
 9378,101391.148, 9.991,5371
 9379,101400.172, 9.025,5371
 9380,101409.367, 9.189,5371
 9381,101420.359,10.990,5371
 9382,101429.086, 8.731,5371
 9383,101438.844, 9.758,5371
 9384,101447.891, 9.054,5371
 9385,101458.750,10.852,5371
 9386,101467.656, 8.906,5371
 9387,101477.492, 9.837,5371
 9388,101487.391, 9.898,5371
 9389,101496.719, 9.331,5371
 9390,101506.828,10.110,5371
 9391,101516.234, 9.407,5371
 9392,101527.141,10.907,5371
 9393,101537.070, 9.924,5371
 9394,101546.609, 9.546,5371
 9395,101556.547, 9.937,5371
 9396,101565.375, 8.825,5371
 9397,101574.672, 9.291,5371
 9398,101584.367, 9.700,5371
 9399,101594.000, 9.632,5371
 9400,101602.461, 8.464,5371
 9401,101612.422, 9.957,5371
 9402,101622.273, 9.861,5371
 9403,101632.328,10.040,5371
 9404,101641.820, 9.498,5371
 9405,101651.031, 9.212,5371
 9406,101661.977,10.941,5371
 9407,101670.508, 8.540,5371
 9408,101681.031,10.513,5371
 9409,101690.242, 9.219,5371
 9410,101700.047, 9.798,5371
 9411,101710.313,10.265,5371
 9412,101719.352, 9.038,5371
 9413,101728.750, 9.404,5371
 9414,101738.523, 9.776,5371
 9415,101748.688,10.157,5371
 9416,101759.063,10.377,5371
 9417,101769.844,10.787,5371
 9418,101778.047, 8.196,5371
 9419,101788.047,10.003,5371
 9420,101797.531, 9.489,5371
 9421,101807.445, 9.909,5371
 9422,101818.172,10.730,5371
 9423,101826.813, 8.639,5371
 9424,101837.555,10.743,5371
 9425,101847.352, 9.795,5371
 9426,101856.289, 8.946,5371
 9427,101866.008, 9.713,5371
 9428,101876.344,10.330,5371
 9429,101886.070, 9.732,5371
 9430,101896.016, 9.942,5371
 9431,101906.211,10.196,5371
 9432,101915.766, 9.555,5371
 9433,101926.156,10.396,5371
 9434,101935.695, 9.530,5371
 9435,101945.523, 9.834,5371
 9436,101955.336, 9.806,5371
 9437,101965.289, 9.964,5371
 9438,101975.016, 9.719,5371
 9439,101985.117,10.103,5371
 9440,101995.031, 9.909,5371
 9441,102004.313, 9.286,5371
 9442,102014.383,10.072,5371
 9443,102025.047,10.663,5371
 9444,102034.102, 9.057,5371
 9445,102044.016, 9.910,5371
 9446,102053.203, 9.188,5371
 9447,102064.016,10.809,5371
 9448,102073.586, 9.578,5371
 9449,102084.570,10.988,5371
 9450,102092.969, 8.390,5371
 9451,102103.148,10.181,5371
 9452,102114.805,11.658,5371
 9453,102124.328, 9.521,5371
 9454,102132.648, 8.315,5371
 9455,102144.039,11.393,5371
 9456,102154.164,10.133,5371
 9457,102164.313,10.142,5371
 9458,102173.406, 9.097,5371
 9459,102183.180, 9.777,5371
 9460,102193.883,10.704,5371
 9461,102204.313,10.418,5371
 9462,102213.281, 8.979,5371
 9463,102222.938, 9.657,5371
 9464,102233.266,10.324,5371
 9465,102245.094,11.827,5371
 9466,102255.258,10.172,5371
 9467,102265.672,10.402,5371
 9468,102274.609, 8.943,5371
 9469,102284.438, 9.829,5371
 9470,102293.672, 9.232,5371
 9471,102302.672, 8.996,5371
 9472,102312.211, 9.543,5371
 9473,102322.398,10.187,5371
 9474,102332.680,10.277,5371
 9475,102341.984, 9.308,5371
 9476,102353.305,11.320,5371
 9477,102363.203, 9.900,5371
 9478,102372.367, 9.164,5371
 9479,102383.523,11.163,5371
 9480,102393.086, 9.556,5371
 9481,102402.578, 9.496,5371
 9482,102413.664,11.080,5371
 9483,102422.992, 9.326,5371
 9484,102433.578,10.598,5371
 9485,102442.648, 9.058,5371
 9486,102453.125,10.482,5371
 9487,102463.469,10.342,5371
 9488,102473.422, 9.956,5371
 9489,102482.359, 8.934,5371
 9490,102492.539,10.188,5371
 9491,102503.164,10.622,5371
 9492,102513.602,10.440,5371
 9493,102522.578, 8.976,5371
 9494,102532.750,10.165,5371
 9495,102542.813,10.063,5371
 9496,102553.016,10.200,5371
 9497,102563.102,10.093,5371
 9498,102574.648,11.545,5371
 9499,102584.430, 9.780,5371
 9500,102594.867,10.443,5371
 9501,102603.414, 8.546,5371
 9502,102614.852,11.438,5371
 9503,102623.773, 8.918,5371
 9504,102632.656, 8.880,5371
 9505,102643.203,10.548,5371
 9506,102652.531, 9.330,5371
 9507,102663.547,11.018,5371
 9508,102674.648,11.093,5371
 9509,102683.789, 9.145,5371
 9510,102694.047,10.256,5371
 9511,102704.273,10.235,5371
 9512,102714.883,10.607,5371
 9513,102724.469, 9.585,5371
 9514,102734.984,10.512,5371
 9515,102745.234,10.258,5371
 9516,102755.320,10.073,5371
 9517,102765.516,10.207,5371
 9518,102775.609,10.092,5371
 9519,102786.328,10.716,5371
 9520,102795.125, 8.793,5371
 9521,102805.945,10.826,5371
 9522,102816.609,10.667,5371
 9523,102826.711,10.091,5371
 9524,102836.719,10.010,5371
 9525,102846.594, 9.884,5371
 9526,102857.000,10.397,5371
 9527,102868.391,11.390,5371
 9528,102877.047, 8.662,5371
 9529,102886.828, 9.778,5371
 9530,102898.055,11.228,5371
 9531,102908.125,10.073,5371
 9532,102918.422,10.295,5371
 9533,102928.414, 9.994,5371
 9534,102938.523,10.111,5371
 9535,102948.453, 9.926,5371
 9536,102958.813,10.361,5371
 9537,102968.984,10.163,5371
 9538,102978.953, 9.982,5371
 9539,102989.250,10.297,5371
 9540,102999.391,10.131,5371
 9541,103010.359,10.972,5371
 9542,103019.281, 8.926,5371
 9543,103030.078,10.790,5371
 9544,103040.422,10.350,5371
 9545,103050.656,10.226,5371
 9546,103062.328,11.674,5371
 9547,103071.680, 9.350,5371
 9548,103081.773,10.098,5371
 9549,103092.109,10.336,5371
 9550,103102.469,10.359,5371
 9551,103112.625,10.165,5371
 9552,103123.008,10.370,5371
 9553,103133.445,10.441,5371
 9554,103144.016,10.566,5371
 9555,103153.258, 9.252,5371
 9556,103164.859,11.599,5371
 9557,103175.359,10.496,5371
 9558,103184.938, 9.582,5371
 9559,103195.945,11.013,5371
 9560,103206.117,10.166,5371
 9561,103216.203,10.087,5371
 9562,103226.422,10.218,5371
 9563,103236.000, 9.576,5371
 9564,103246.930,10.938,5371
 9565,103257.445,10.504,5371
 9566,103267.430, 9.989,5371
 9567,103278.492,11.062,5371
 9568,103288.531,10.038,5371
 9569,103300.125,11.598,5371
 9570,103309.055, 8.923,5371
 9571,103319.680,10.625,5371
 9572,103329.711,10.031,5371
 9573,103340.648,10.937,5371
 9574,103350.773,10.131,5371
 9575,103361.852,11.077,5371
 9576,103373.078,11.221,5371
 9577,103383.391,10.313,5371
 9578,103393.547,10.166,5371
 9579,103403.719,10.166,5371
 9580,103413.531, 9.818,5371
 9581,103424.766,11.230,5371
 9582,103434.969,10.201,5371
 9583,103445.141,10.176,5371
 9584,103455.383,10.239,5371
 9585,103466.617,11.240,5371
 9586,103475.969, 9.345,5371
 9587,103487.508,11.539,5371
 9588,103497.727,10.216,5371
 9589,103508.398,10.676,5371
 9590,103518.797,10.399,5371
 9591,103529.000,10.204,5371
 9592,103539.273,10.278,5371
 9593,103550.359,11.078,5371
 9594,103562.695,12.337,5371
 9595,103573.039,10.346,5371
 9596,103581.281, 8.246,5371
 9597,103591.750,10.459,5371
 9598,103601.750,10.006,5371
 9599,103612.531,10.778,5371
 9600,103622.180, 9.654,5371
 9601,103633.859,11.682,5371
 9602,103644.445,10.580,5371
 9603,103654.008, 9.562,5371
 9604,103664.039,10.034,5371
 9605,103675.508,11.466,5371
 9606,103685.891,10.385,5371
 9607,103696.992,11.098,5371
 9608,103707.359,10.369,5371
 9609,103717.406,10.043,5371
 9610,103729.094,11.688,5371
 9611,103739.281,10.192,5371
 9612,103750.234,10.954,5371
 9613,103760.609,10.380,5371
 9614,103771.438,10.820,5371
 9615,103782.219,10.786,5371
 9616,103792.141, 9.919,5371
 9617,103802.867,10.729,5371
 9618,103813.844,10.977,5371
 9619,103823.727, 9.875,5371
 9620,103834.766,11.045,5371
 9621,103845.273,10.513,5371
 9622,103855.688,10.405,5371
 9623,103866.727,11.037,5371
 9624,103877.367,10.640,5371
 9625,103888.273,10.911,5371
 9626,103898.820,10.544,5371
 9627,103909.508,10.692,5371
 9628,103920.555,11.051,5371
 9629,103931.992,11.433,5371
 9630,103941.977, 9.981,5371
 9631,103952.313,10.332,5371
 9632,103962.914,10.609,5371
 9633,103974.234,11.323,5371
 9634,103984.695,10.458,5371
 9635,103995.648,10.952,5371
 9636,104005.953,10.308,5371
 9637,104017.047,11.086,5371
 9638,104028.047,11.000,5371
 9639,104038.273,10.234,5371
 9640,104048.508,10.236,5371
 9641,104059.992,11.475,5371
 9642,104071.227,11.240,5371
 9643,104080.969, 9.736,5371
 9644,104091.180,10.219,5371
 9645,104102.813,11.630,5371
 9646,104113.570,10.761,5371
 9647,104123.883,10.312,5371
 9648,104133.914,10.034,5371
 9649,104144.969,11.044,5371
 9650,104155.586,10.629,5371
 9651,104166.320,10.724,5371
 9652,104177.633,11.310,5371
 9653,104188.383,10.758,5371
 9654,104198.156, 9.775,5371
 9655,104208.859,10.702,5371
 9656,104220.266,11.411,5371
 9657,104230.648,10.372,5371
 9658,104241.992,11.343,5371
 9659,104253.445,11.456,5371
 9660,104264.563,11.122,5371
 9661,104275.883,11.318,5371
 9662,104285.727, 9.840,5371
 9663,104295.711, 9.988,5371
 9664,104306.914,11.210,5371
 9665,104317.133,10.211,5371
 9666,104326.445, 9.310,5371
 9667,104337.242,10.805,5371
 9668,104346.953, 9.707,5371
 9669,104358.648,11.690,5371
 9670,104369.492,10.846,5371
 9671,104380.906,11.422,5371
 9672,104391.508,10.596,5371
 9673,104402.352,10.841,5371
 9674,104411.852, 9.503,5371
 9675,104424.281,12.430,5371
 9676,104433.641, 9.355,5371
 9677,104445.844,12.206,5371
 9678,104456.305,10.459,5371
 9679,104467.875,11.571,5371
 9680,104478.391,10.514,5371
 9681,104488.227, 9.844,5371
 9682,104499.461,11.231,5371
 9683,104509.570,10.111,5371
 9684,104520.523,10.953,5371
 9685,104532.047,11.517,5371
 9686,104541.305, 9.259,5371
 9687,104552.945,11.646,5371
 9688,104564.344,11.393,5371
 9689,104574.914,10.579,5371
 9690,104585.227,10.306,5371
 9691,104596.328,11.096,5371
 9692,104607.328,11.004,5371
 9693,104617.813,10.484,5371
 9694,104627.844,10.039,5371
 9695,104639.945,12.102,5371
 9696,104650.383,10.433,5371
 9697,104660.789,10.404,5371
 9698,104671.570,10.783,5371
 9699,104682.820,11.248,5371
 9700,104693.016,10.195,5371
 9701,104704.023,11.006,5371
 9702,104714.453,10.434,5371
 9703,104726.313,11.859,5371
 9704,104737.328,11.014,5371
 9705,104748.508,11.182,5371
 9706,104759.477,10.967,5371
 9707,104769.523,10.049,5371
 9708,104780.148,10.628,5371
 9709,104791.133,10.981,5371
 9710,104801.750,10.612,5371
 9711,104813.008,11.257,5371
 9712,104823.734,10.727,5371
 9713,104833.656, 9.921,5371
 9714,104845.273,11.626,5371
 9715,104855.563,10.290,5371
 9716,104867.039,11.471,5371
 9717,104877.203,10.163,5371
 9718,104888.063,10.861,5371
 9719,104900.211,12.152,5371
 9720,104909.680, 9.462,5371
 9721,104921.742,12.064,5371
 9722,104931.047, 9.309,5371
 9723,104942.344,11.289,5371
 9724,104953.906,11.568,5371
 9725,104964.047,10.139,5371
 9726,104975.555,11.508,5371
 9727,104986.602,11.053,5371
 9728,104997.375,10.766,5371
 9729,105008.141,10.766,5371
 9730,105019.086,10.944,5371
 9731,105031.141,12.058,5371
 9732,105041.609,10.472,5371
 9733,105052.180,10.567,5371
 9734,105063.680,11.497,5371
 9735,105074.031,10.355,5371
 9736,105084.945,10.914,5371
 9737,105097.164,12.217,5371
 9738,105107.508,10.349,5371
 9739,105118.328,10.817,5371
 9740,105129.000,10.666,5371
 9741,105139.977,10.982,5371
 9742,105150.742,10.769,5371
 9743,105160.711, 9.961,5371
 9744,105171.461,10.753,5371
 9745,105182.156,10.695,5371
 9746,105194.570,12.418,5371
 9747,105204.664,10.093,5371
 9748,105214.930,10.265,5371
 9749,105225.883,10.956,5371
 9750,105236.672,10.783,5371
 9751,105248.180,11.515,5371
 9752,105259.164,10.984,5371
 9753,105269.953,10.790,5371
 9754,105280.953,11.001,5371
 9755,105290.742, 9.778,5371
 9756,105302.586,11.855,5371
 9757,105313.313,10.718,5371
 9758,105323.664,10.348,5371
 9759,105335.719,12.059,5371
 9760,105346.594,10.879,5371
 9761,105357.797,11.200,5371
 9762,105369.336,11.535,5371
 9763,105380.039,10.705,5371
 9764,105391.383,11.347,5371
 9765,105402.023,10.639,5371
 9766,105413.406,11.380,5371
 9767,105425.703,12.298,5371
 9768,105434.938, 9.242,5371
 9769,105446.711,11.765,5371
 9770,105457.086,10.378,5371
 9771,105468.578,11.496,5371
 9772,105479.180,10.599,5371
 9773,105490.727,11.542,5371
 9774,105501.117,10.394,5371
 9775,105512.508,11.395,5371
 9776,105522.891,10.384,5371
 9777,105534.438,11.538,5371
 9778,105544.250, 9.817,5371
 9779,105555.719,11.464,5371
 9780,105566.531,10.817,5371
 9781,105577.188,10.660,5371
 9782,105589.805,12.612,5371
 9783,105600.563,10.763,5371
 9784,105610.633,10.064,5371
 9785,105622.195,11.564,5371
 9786,105632.375,10.180,5371
 9787,105642.852,10.481,5371
 9788,105654.234,11.382,5371
 9789,105665.063,10.823,5371
 9790,105675.938,10.885,5371
 9791,105687.453,11.510,5371
 9792,105698.273,10.819,5371
 9793,105709.352,11.074,5371
 9794,105719.664,10.314,5371
 9795,105731.227,11.565,5371
 9796,105742.453,11.223,5371
 9797,105753.273,10.829,5371
 9798,105763.945,10.671,5371
 9799,105775.367,11.414,5371
 9800,105786.227,10.861,5371
 9801,105797.523,11.304,5371
 9802,105808.727,11.192,5371
 9803,105819.063,10.338,5371
 9804,105831.992,12.929,5371
 9805,105842.344,10.353,5371
 9806,105851.781, 9.438,5371
 9807,105863.734,11.954,5371
 9808,105874.219,10.490,5371
 9809,105886.102,11.877,5371
 9810,105897.000,10.895,5371
 9811,105908.602,11.610,5371
 9812,105918.078, 9.472,5371
 9813,105929.805,11.728,5371
 9814,105941.398,11.592,5371
 9815,105952.539,11.141,5371
 9816,105962.961,10.417,5371
 9817,105974.781,11.829,5371
 9818,105986.133,11.350,5371
 9819,105995.602, 9.472,5371
 9820,106007.281,11.681,5371
 9821,106017.844,10.556,5371
 9822,106029.703,11.857,5371
 9823,106039.703,10.004,5371
 9824,106051.445,11.744,5371
 9825,106062.148,10.701,5371
 9826,106074.297,12.142,5371
 9827,106084.594,10.304,5371
 9828,106095.188,10.592,5371
 9829,106106.250,11.063,5371
 9830,106118.156,11.905,5371
 9831,106131.805,13.647,5371
 9832,106142.844,11.042,5371
 9833,106153.219,10.375,5371
 9834,106163.336,10.116,5371
 9835,106173.180, 9.844,5371
 9836,106184.414,11.233,5371
 9837,106196.797,12.387,5371
 9838,106207.711,10.910,5371
 9839,106218.086,10.373,5371
 9840,106229.570,11.493,5371
 9841,106240.375,10.794,5371
 9842,106252.523,12.155,5371
 9843,106264.406,11.881,5371
 9844,106276.023,11.613,5371
 9845,106287.445,11.427,5371
 9846,106300.891,13.451,5371
 9847,106312.453,11.561,5371
 9848,106325.969,13.509,5371
 9849,106336.211,10.245,5371
 9850,106345.156, 8.943,5371
 9851,106354.938, 9.784,5371
 9852,106363.680, 8.740,5371
 9853,106373.805,10.130,5371
 9854,106385.047,11.241,5371
 9855,106395.500,10.452,5371
 9856,106407.000,11.495,5371
 9857,106417.555,10.561,5371
 9858,106429.367,11.810,5371
 9859,106440.883,11.515,5371
 9860,106451.094,10.212,5371
 9861,106463.367,12.271,5371
 9862,106474.344,10.979,5371
 9863,106485.617,11.277,5371
 9864,106497.758,12.136,5371
 9865,106507.758,10.000,5371
 9866,106518.945,11.193,5371
 9867,106529.797,10.850,5371
 9868,106541.273,11.476,5371
 9869,106552.594,11.322,5371
 9870,106563.484,10.884,5371
 9871,106575.305,11.815,5371
 9872,106585.680,10.380,5371
 9873,106596.320,10.640,5371
 9874,106608.094,11.779,5371
 9875,106619.320,11.220,5371
 9876,106630.313,10.992,5371
 9877,106641.438,11.128,5371
 9878,106652.086,10.650,5371
 9879,106663.438,11.348,5371
 9880,106673.617,10.185,5371
 9881,106686.453,12.833,5371
 9882,106697.219,10.770,5371
 9883,106709.070,11.846,5371
 9884,106719.867,10.800,5371
 9885,106730.578,10.716,5371
 9886,106742.078,11.496,5371
 9887,106753.508,11.425,5371
 9888,106765.438,11.935,5371
 9889,106776.633,11.185,5371
 9890,106787.695,11.070,5371
 9891,106799.250,11.561,5371
 9892,106809.539,10.283,5371
 9893,106820.047,10.505,5371
 9894,106832.055,12.006,5371
 9895,106843.219,11.174,5371
 9896,106854.148,10.926,5371
 9897,106865.719,11.567,5371
 9898,106876.148,10.429,5371
 9899,106886.594,10.455,5371
 9900,106898.063,11.457,5371
 9901,106909.961,11.898,5371
 9902,106921.992,12.031,5371
 9903,106932.914,10.926,5371
 9904,106942.891, 9.978,5371
 9905,106954.586,11.696,5371
 9906,106965.477,10.894,5371
 9907,106976.445,10.965,5371
 9908,106988.023,11.574,5371
 9909,106998.297,10.272,5371
 9910,107010.352,12.058,5371
 9911,107021.914,11.565,5371
 9912,107033.367,11.454,5371
 9913,107044.000,10.630,5371
 9914,107055.500,11.499,5371
 9915,107067.078,11.579,5371
 9916,107078.070,10.995,5371
 9917,107089.586,11.513,5371
 9918,107099.070, 9.485,5371
 9919,107111.328,12.253,5371
 9920,107122.844,11.519,5371
 9921,107133.594,10.755,5371
 9922,107145.719,12.120,5371
 9923,107156.664,10.945,5371
 9924,107166.172, 9.513,5371
 9925,107177.930,11.761,5371
 9926,107187.992,10.055,5371
 9927,107200.016,12.023,5371
 9928,107210.320,10.304,5371
 9929,107222.508,12.190,5371
 9930,107232.445, 9.937,5371
 9931,107244.703,12.255,5371
 9932,107253.930, 9.234,5371
 9933,107266.664,12.726,5371
 9934,107278.086,11.426,5371
 9935,107288.742,10.652,5371
 9936,107299.625,10.881,5371
 9937,107311.172,11.557,5371
 9938,107322.367,11.187,5371
 9939,107333.836,11.471,5371
 9940,107344.867,11.034,5371
 9941,107355.758,10.886,5371
 9942,107367.031,11.274,5371
 9943,107378.227,11.199,5371
 9944,107388.945,10.721,5371
 9945,107401.680,12.728,5371
 9946,107413.180,11.502,5371
 9947,107426.242,13.068,5371
 9948,107437.320,11.068,5371
 9949,107446.641, 9.320,5371
 9950,107456.898,10.264,5371
 9951,107466.375, 9.479,5371
 9952,107478.234,11.863,5371
 9953,107490.047,11.808,5371
 9954,107499.648, 9.594,5371
 9955,107511.406,11.763,5371
 9956,107522.406,10.998,5371
 9957,107533.656,11.249,5371
 9958,107545.016,11.362,5371
 9959,107556.508,11.498,5371
 9960,107567.094,10.577,5371
 9961,107577.938,10.856,5371
 9962,107589.336,11.387,5371
 9963,107599.734,10.398,5371
 9964,107612.477,12.749,5371
 9965,107622.711,10.231,5371
 9966,107633.969,11.258,5371
 9967,107645.242,11.276,5371
 9968,107656.188,10.943,5371
 9969,107667.477,11.292,5371
 9970,107678.266,10.788,5371
 9971,107689.703,11.435,5371
 9972,107700.281,10.582,5371
 9973,107711.484,11.201,5371
 9974,107722.508,11.021,5371
 9975,107734.523,12.021,5371
 9976,107744.352, 9.819,5371
 9977,107755.977,11.631,5371
 9978,107766.469,10.490,5371
 9979,107777.648,11.178,5371
 9980,107788.352,10.707,5371
 9981,107799.703,11.352,5371
 9982,107810.453,10.745,5371
 9983,107822.969,12.512,5371
 9984,107833.070,10.108,5371
 9985,107844.430,11.357,5371
 9986,107855.203,10.778,5371
 9987,107866.203,11.002,5371
 9988,107877.383,11.179,5371
 9989,107889.328,11.937,5371
 9990,107899.922,10.600,5371
 9991,107911.414,11.490,5371
 9992,107922.344,10.929,5371
 9993,107934.852,12.512,5371
 9994,107945.016,10.163,5371
 9995,107956.000,10.982,5371
 9996,107967.688,11.686,5371
 9997,107979.078,11.389,5371
 9998,107989.781,10.712,5371
 9999,108001.016,11.225,5371
10000,108011.648,10.638,5371
10001,108023.172,11.526,5371
10002,108033.586,10.416,5371
10003,108045.688,12.096,5371
10004,108057.039,11.353,5371
10005,108067.938,10.905,5371
10006,108078.734,10.789,5371
10007,108090.219,11.486,5371
10008,108100.375,10.151,5371
10009,108112.313,11.940,5371
10010,108123.070,10.759,5371
10011,108133.773,10.704,5371
10012,108145.242,11.474,5371
10013,108156.344,11.097,5371
10014,108166.914,10.573,5371
10015,108179.164,12.251,5371
10016,108190.133,10.961,5371
10017,108200.773,10.641,5371
10018,108212.023,11.251,5371
10019,108223.242,11.223,5371
10020,108235.180,11.939,5371
10021,108245.727,10.540,5371
10022,108257.461,11.742,5371
10023,108267.859,10.397,5371
10024,108279.156,11.295,5371
10025,108289.992,10.833,5371
10026,108301.203,11.216,5371
10027,108313.594,12.392,5371
10028,108324.828,11.233,5371
10029,108336.203,11.375,5371
10030,108345.391, 9.183,5371
10031,108357.531,12.146,5371
10032,108368.672,11.137,5371
10033,108379.688,11.013,5371
10034,108391.641,11.950,5371
10035,108401.734,10.095,5371
10036,108412.922,11.195,5371
10037,108424.414,11.490,5371
10038,108436.633,12.212,5371
10039,108446.625, 9.994,5371
10040,108457.742,11.123,5371
10041,108469.039,11.290,5371
10042,108480.758,11.723,5371
10043,108491.320,10.561,5371
10044,108502.375,11.055,5371
10045,108514.258,11.887,5371
10046,108528.414,14.154,5371
10047,108537.281, 8.871,5371
10048,108548.039,10.756,5371
10049,108559.414,11.369,5371
10050,108570.086,10.672,5371
10051,108579.711, 9.625,5371
10052,108592.047,12.336,5371
10053,108602.656,10.612,5371
10054,108613.188,10.533,5371
10055,108625.563,12.374,5371
10056,108635.891,10.333,5371
10057,108646.445,10.553,5371
10058,108658.875,12.429,5371
10059,108670.383,11.505,5371
10060,108681.250,10.871,5371
10061,108691.492,10.241,5371
10062,108701.609,10.116,5371
10063,108713.055,11.444,5371
10064,108724.344,11.291,5371
10065,108734.805,10.456,5371
10066,108747.430,12.632,5371
10067,108757.883,10.455,5371
10068,108769.594,11.707,5371
10069,108780.828,11.233,5371
10070,108791.969,11.137,5371
10071,108803.008,11.041,5371
10072,108813.078,10.069,5371
10073,108824.805,11.726,5371
10074,108836.102,11.298,5371
10075,108846.531,10.437,5371
10076,108858.805,12.270,5371
10077,108868.797, 9.994,5371
10078,108880.367,11.568,5371
10079,108891.016,10.643,5371
10080,108902.539,11.527,5371
10081,108913.641,11.103,5371
10082,108925.094,11.452,5371
10083,108936.742,11.650,5371
10084,108947.219,10.477,5371
10085,108958.672,11.446,5371
10086,108969.258,10.598,5371
10087,108981.273,12.011,5371
10088,108992.117,10.839,5371
10089,109002.969,10.847,5371
10090,109013.938,10.978,5371
10091,109024.930,10.992,5371
10092,109035.898,10.968,5371
10093,109047.594,11.695,5371
10094,109059.672,12.076,5371
10095,109070.570,10.904,5371
10096,109080.891,10.318,5371
10097,109091.906,11.019,5371
10098,109103.344,11.430,5371
10099,109114.891,11.554,5371
10100,109127.305,12.407,5371
10101,109136.906, 9.609,5371
10102,109147.930,11.025,5371
10103,109158.938,11.005,5371
10104,109169.539,10.604,5371
10105,109180.961,11.412,5371
10106,109192.641,11.680,5371
10107,109203.602,10.969,5371
10108,109214.484,10.879,5371
10109,109225.711,11.222,5371
10110,109236.844,11.141,5371
10111,109248.773,11.924,5371
10112,109259.773,10.998,5371
10113,109272.078,12.310,5371
10114,109282.992,10.912,5371
10115,109293.625,10.631,5371
10116,109305.734,12.112,5371
10117,109314.828, 9.096,5371
10118,109327.094,12.262,5371
10119,109339.242,12.151,5371
10120,109351.055,11.811,5371
10121,109361.570,10.520,5371
10122,109372.727,11.153,5371
10123,109383.906,11.177,5371
10124,109394.203,10.298,5371
10125,109405.789,11.585,5371
10126,109417.344,11.552,5371
10127,109429.508,12.172,5371
10128,109440.664,11.147,5371
10129,109451.109,10.448,5371
10130,109463.891,12.786,5371
10131,109474.352,10.458,5371
10132,109484.500,10.147,5371
10133,109495.914,11.416,5371
10134,109507.336,11.423,5371
10135,109517.492,10.158,5371
10136,109529.484,11.989,5371
10137,109541.313,11.826,5371
10138,109552.211,10.904,5371
10139,109563.266,11.059,5371
10140,109575.906,12.634,5371
10141,109586.633,10.724,5371
10142,109597.836,11.207,5371
10143,109609.102,11.261,5371
10144,109620.141,11.042,5371
10145,109631.938,11.799,5371
10146,109642.336,10.390,5371
10147,109654.625,12.289,5371
10148,109664.531, 9.912,5371
10149,109676.344,11.811,5371
10150,109687.063,10.715,5371
10151,109697.945,10.893,5371
10152,109709.648,11.693,5371
10153,109721.133,11.490,5371
10154,109732.219,11.086,5371
10155,109744.305,12.085,5371
10156,109754.531,10.225,5371
10157,109766.195,11.666,5371
10158,109776.805,10.614,5371
10159,109788.164,11.353,5371
10160,109801.016,12.851,5371
10161,109812.242,11.235,5371
10162,109823.320,11.069,5371
10163,109833.898,10.586,5371
10164,109845.734,11.831,5371
10165,109856.563,10.829,5371
10166,109868.641,12.077,5371
10167,109879.219,10.583,5371
10168,109891.172,11.949,5371
10169,109902.148,10.973,5371
10170,109913.844,11.697,5371
10171,109924.852,11.009,5371
10172,109935.203,10.352,5371
10173,109947.164,11.961,5371
10174,109958.414,11.249,5371
10175,109970.438,12.026,5371
10176,109981.383,10.941,5371
10177,109993.242,11.867,5371
10178,110004.188,10.942,5371
10179,110015.273,11.087,5371
10180,110026.859,11.585,5371
10181,110038.313,11.447,5371
10182,110050.391,12.080,5371
10183,110060.914,10.531,5371
10184,110072.406,11.486,5371
10185,110083.102,10.698,5371
10186,110094.039,10.930,5371
10187,110106.203,12.169,5371
10188,110116.695,10.494,5371
10189,110128.406,11.709,5371
10190,110140.219,11.818,5371
10191,110151.875,11.655,5371
10192,110163.117,11.238,5371
10193,110174.836,11.718,5371
10194,110185.578,10.746,5371
10195,110197.375,11.793,5371
10196,110209.477,12.102,5371
10197,110220.023,10.543,5371
10198,110231.219,11.199,5371
10199,110244.109,12.895,5371
10200,110254.047, 9.935,5371
10201,110265.492,11.443,5371
10202,110276.570,11.081,5371
10203,110286.664,10.089,5371
10204,110300.000,13.338,5371
10205,110310.469,10.472,5371
10206,110321.961,11.491,5371
10207,110335.477,13.516,5371
10208,110345.547,10.074,5371
10209,110356.305,10.751,5371
10210,110367.102,10.802,5371
10211,110378.078,10.970,5371
10212,110389.688,11.610,5371
10213,110401.445,11.765,5371
10214,110413.523,12.075,5371
10215,110423.813,10.293,5371
10216,110434.875,11.060,5371
10217,110446.773,11.893,5371
10218,110457.492,10.724,5371
10219,110469.656,12.163,5371
10220,110481.398,11.736,5371
10221,110493.570,12.176,5371
10222,110504.625,11.053,5371
10223,110516.414,11.793,5371
10224,110526.047, 9.628,5371
10225,110539.891,13.853,5371
10226,110550.984,11.089,5371
10227,110561.930,10.950,5371
10228,110574.313,12.371,5371
10229,110584.508,10.205,5371
10230,110596.500,11.993,5371
10231,110608.781,12.276,5371
10232,110619.813,11.031,5371
10233,110632.055,12.239,5371
10234,110643.031,10.975,5371
10235,110653.602,10.578,5371
10236,110663.906,10.302,5371
10237,110675.273,11.374,5371
10238,110686.516,11.239,5371
10239,110698.211,11.692,5371
10240,110708.930,10.725,5371
10241,110718.430, 9.497,5371
10242,110730.031,11.598,5371
10243,110740.875,10.846,5371
10244,110752.719,11.841,5371
10245,110764.484,11.767,5371
10246,110775.305,10.816,5371
10247,110786.352,11.052,5371
10248,110797.227,10.880,5371
10249,110809.469,12.236,5371
10250,110819.609,10.148,5371
10251,110830.977,11.356,5371
10252,110842.898,11.933,5371
10253,110854.625,11.717,5371
10254,110865.703,11.079,5371
10255,110877.039,11.335,5371
10256,110888.039,11.003,5371
10257,110899.539,11.500,5371
10258,110911.273,11.736,5371
10259,110922.516,11.243,5371
10260,110934.383,11.863,5371
10261,110945.508,11.126,5371
10262,110956.586,11.082,5371
10263,110967.508,10.916,5371
10264,110979.172,11.671,5371
10265,110989.953,10.775,5371
10266,111002.094,12.141,5371
10267,111012.789,10.697,5371
10268,111024.188,11.400,5371
10269,111035.977,11.788,5371
10270,111047.148,11.169,5371
10271,111059.141,11.992,5371
10272,111070.031,10.892,5371
10273,111081.086,11.052,5371
10274,111091.570,10.489,5371
10275,111103.211,11.645,5371
10276,111115.938,12.723,5371
10277,111127.461,11.519,5371
10278,111139.203,11.745,5371
10279,111149.508,10.307,5371
10280,111160.891,11.384,5371
10281,111173.133,12.237,5371
10282,111183.711,10.575,5371
10283,111196.250,12.548,5371
10284,111206.516,10.267,5371
10285,111218.672,12.149,5371
10286,111229.484,10.816,5371
10287,111241.258,11.775,5371
10288,111253.875,12.620,5371
10289,111264.938,11.058,5371
10290,111275.156,10.219,5371
10291,111286.836,11.675,5371
10292,111299.109,12.279,5371
10293,111310.969,11.856,5371
10294,111322.531,11.562,5371
10295,111334.516,11.991,5371
10296,111345.242,10.721,5371
10297,111356.930,11.691,5371
10298,111368.633,11.695,5371
10299,111380.211,11.581,5371
10300,111390.789,10.577,5371
10301,111402.672,11.883,5371
10302,111414.398,11.730,5371
10303,111428.000,13.597,5371
10304,111437.625, 9.622,5371
10305,111449.203,11.584,5371
10306,111461.688,12.485,5371
10307,111473.539,11.858,5371
10308,111485.219,11.676,5371
10309,111497.703,12.477,5371
10310,111509.320,11.615,5371
10311,111520.578,11.269,5371
10312,111532.234,11.654,5371
10313,111545.516,13.278,5371
10314,111557.047,11.531,5371
10315,111569.641,12.593,5371
10316,111581.750,12.109,5371
10317,111594.898,13.158,5371
10318,111605.203,10.303,5371
10319,111618.203,12.999,5371
10320,111630.406,12.196,5371
10321,111641.703,11.298,5371
10322,111654.289,12.585,5371
10323,111667.078,12.787,5371
10324,111679.109,12.033,5371
10325,111690.133,11.026,5371
10326,111702.227,12.096,5371
10327,111713.766,11.541,5371
10328,111727.484,13.716,5371
10329,111738.766,11.277,5371
10330,111750.414,11.650,5371
10331,111764.242,13.832,5371
10332,111775.094,10.850,5371
10333,111787.430,12.333,5371
10334,111799.422,11.996,5371
10335,111811.602,12.185,5371
10336,111823.086,11.474,5371
10337,111835.234,12.151,5371
10338,111847.414,12.181,5371
10339,111859.055,11.637,5371
10340,111871.047,11.995,5371
10341,111883.828,12.784,5371
10342,111896.094,12.265,5371
10343,111907.031,10.936,5371
10344,111919.156,12.130,5371
10345,111930.586,11.425,5371
10346,111943.055,12.464,5371
10347,111956.180,13.128,5371
10348,111966.836,10.657,5371
10349,111979.570,12.741,5371
10350,111990.695,11.120,5371
10351,112002.906,12.210,5371
10352,112017.031,14.125,5371
10353,112028.477,11.446,5371
10354,112039.727,11.251,5371
10355,112051.977,12.242,5371
10356,112063.203,11.235,5371
10357,112075.617,12.411,5371
10358,112087.797,12.181,5371
10359,112099.828,12.033,5371
10360,112111.977,12.146,5371
10361,112124.273,12.299,5371
10362,112136.500,12.227,5371
10363,112148.578,12.076,5371
10364,112160.672,12.090,5371
10365,112173.047,12.378,5371
10366,112184.727,11.679,5371
10367,112197.641,12.913,5371
10368,112210.555,12.918,5371
10369,112222.578,12.023,5371
10370,112233.320,10.737,5371
10371,112245.453,12.137,5371
10372,112258.078,12.624,5371
10373,112270.336,12.258,5371
10374,112281.828,11.497,5371
10375,112293.625,11.790,5371
10376,112306.641,13.017,5371
10377,112318.547,11.909,5371
10378,112331.469,12.921,5371
10379,112342.852,11.386,5371
10380,112354.906,12.057,5371
10381,112368.195,13.284,5371
10382,112379.328,11.132,5371
10383,112390.828,11.500,5371
10384,112403.102,12.270,5371
10385,112415.828,12.731,5371
10386,112428.039,12.209,5371
10387,112441.656,13.613,5371
10388,112452.492,10.845,5371
10389,112464.695,12.199,5371
10390,112477.086,12.392,5371
10391,112489.445,12.361,5371
10392,112500.773,11.324,5371
10393,112512.133,11.364,5371
10394,112525.016,12.879,5371
10395,112536.758,11.745,5371
10396,112548.508,11.751,5371
10397,112562.328,13.815,5371
10398,112574.016,11.689,5371
10399,112585.266,11.256,5371
10400,112597.398,12.126,5371
10401,112610.500,13.105,5371
10402,112622.172,11.673,5371
10403,112634.016,11.837,5371
10404,112645.734,11.722,5371
10405,112655.891,10.162,5371
10406,112668.219,12.326,5371
10407,112681.047,12.819,5371
10408,112693.008,11.966,5371
10409,112705.969,12.956,5371
10410,112717.297,11.329,5371
10411,112729.984,12.691,5371
10412,112740.781,10.799,5371
10413,112753.453,12.668,5371
10414,112765.805,12.353,5371
10415,112777.547,11.747,5371
10416,112789.805,12.254,5371
10417,112802.227,12.427,5371
10418,112815.258,13.032,5371
10419,112826.141,10.880,5371
10420,112837.555,11.415,5371
10421,112850.344,12.787,5371
10422,112862.891,12.547,5371
10423,112874.281,11.389,5371
10424,112887.125,12.840,5371
10425,112898.766,11.641,5371
10426,112910.234,11.474,5371
10427,112923.367,13.133,5371
10428,112935.797,12.424,5371
10429,112949.047,13.248,5371
10430,112959.695,10.655,5371
10431,112972.477,12.778,5371
10432,112984.344,11.864,5371
10433,112995.898,11.563,5371
10434,113009.648,13.742,5371
10435,113021.141,11.500,5371
10436,113033.664,12.518,5371
10437,113045.734,12.071,5371
10438,113058.359,12.626,5371
10439,113069.781,11.427,5371
10440,113082.336,12.545,5371
10441,113093.844,11.516,5371
10442,113106.914,13.070,5371
10443,113118.203,11.286,5371
10444,113130.953,12.747,5371
10445,113142.719,11.770,5371
10446,113155.219,12.500,5371
10447,113167.320,12.097,5371
10448,113179.297,11.974,5371
10449,113192.117,12.828,5371
10450,113204.406,12.287,5371
10451,113217.594,13.194,5371
10452,113229.211,11.611,5371
10453,113242.133,12.924,5371
10454,113254.016,11.879,5371
10455,113267.070,13.055,5371
10456,113279.586,12.525,5371
10457,113291.539,11.949,5371
10458,113302.852,11.307,5371
10459,113315.258,12.414,5371
10460,113326.992,11.723,5371
10461,113339.336,12.344,5371
10462,113351.820,12.488,5371
10463,113364.414,12.596,5371
10464,113376.461,12.045,5371
10465,113388.625,12.161,5371
10466,113400.836,12.214,5371
10467,113412.773,11.939,5371
10468,113424.008,11.231,5371
10469,113435.500,11.494,5371
10470,113448.422,12.920,5371
10471,113460.430,12.012,5371
10472,113472.281,11.850,5371
10473,113484.875,12.598,5371
10474,113497.500,12.620,5371
10475,113509.383,11.883,5371
10476,113521.906,12.526,5371
10477,113534.328,12.416,5371
10478,113545.344,11.015,5371
10479,113558.414,13.078,5371
10480,113571.758,13.339,5371
10481,113581.773,10.017,5371
10482,113596.461,14.687,5371
10483,113607.625,11.159,5371
10484,113619.828,12.213,5371
10485,113632.867,13.038,5371
10486,113643.984,11.114,5371
10487,113655.500,11.517,5371
10488,113668.547,13.046,5371
10489,113681.211,12.666,5371
10490,113693.578,12.368,5371
10491,113705.070,11.490,5371
10492,113716.656,11.583,5371
10493,113730.250,13.603,5371
10494,113741.039,10.779,5371
10495,113753.398,12.361,5371
10496,113766.242,12.852,5371
10497,113778.453,12.207,5371
10498,113789.969,11.508,5371
10499,113801.703,11.740,5371
10500,113814.563,12.863,5371
10501,113826.852,12.291,5371
10502,113839.258,12.402,5371
10503,113851.453,12.195,5371
10504,113864.648,13.190,5371
10505,113876.055,11.408,5371
10506,113888.422,12.370,5371
10507,113900.359,11.935,5371
10508,113912.352,11.995,5371
10509,113924.906,12.558,5371
10510,113937.289,12.374,5371
10511,113949.719,12.436,5371
10512,113961.250,11.537,5371
10513,113973.625,12.365,5371
10514,113985.852,12.232,5371
10515,113998.031,12.174,5371
10516,114011.102,13.072,5371
10517,114023.164,12.066,5371
10518,114035.195,12.034,5371
10519,114047.531,12.335,5371
10520,114059.727,12.192,5371
10521,114071.695,11.967,5371
10522,114084.469,12.771,5371
10523,114095.922,11.460,5371
10524,114109.422,13.498,5371
10525,114121.820,12.397,5371
10526,114134.008,12.186,5371
10527,114146.563,12.557,5371
10528,114158.453,11.894,5371
10529,114169.930,11.479,5371
10530,114181.906,11.972,5371
10531,114194.359,12.446,5371
10532,114206.227,11.873,5371
10533,114217.883,11.658,5371
10534,114232.656,14.767,5371
10535,114244.141,11.491,5371
10536,114255.250,11.108,5371
10537,114267.953,12.695,5371
10538,114279.680,11.728,5371
10539,114292.031,12.356,5371
10540,114304.328,12.298,5371
10541,114317.461,13.132,5371
10542,114329.977,12.515,5371
10543,114340.766,10.790,5371
10544,114354.219,13.454,5371
10545,114366.852,12.630,5371
10546,114379.539,12.690,5371
10547,114391.625,12.082,5371
10548,114403.070,11.448,5371
10549,114414.898,11.828,5371
10550,114426.742,11.841,5371
10551,114440.430,13.689,5371
10552,114451.883,11.456,5371
10553,114463.891,12.012,5371
10554,114474.367,10.471,5371
10555,114488.070,13.702,5371
10556,114500.945,12.872,5371
10557,114512.094,11.155,5371
10558,114524.563,12.469,5371
10559,114536.563,11.998,5371
10560,114550.156,13.597,5371
10561,114561.328,11.163,5371
10562,114575.883,14.562,5371
10563,114588.445,12.561,5371
10564,114600.016,11.568,5371
10565,114612.117,12.100,5371
10566,114623.766,11.655,5371
10567,114635.898,12.130,5371
10568,114647.594,11.699,5371
10569,114660.039,12.437,5371
10570,114671.055,11.017,5371
10571,114683.000,11.950,5371
10572,114695.648,12.647,5371
10573,114707.359,11.709,5371
10574,114720.023,12.661,5371
10575,114733.039,13.021,5371
10576,114745.133,12.091,5371
10577,114757.758,12.627,5371
10578,114769.398,11.639,5371
10579,114781.500,12.103,5371
10580,114794.594,13.097,5371
10581,114806.047,11.450,5371
10582,114818.914,12.869,5371
10583,114831.523,12.614,5371
10584,114843.500,11.972,5371
10585,114855.344,11.837,5371
10586,114867.500,12.165,5371
10587,114879.805,12.301,5371
10588,114891.328,11.518,5371
10589,114904.711,13.385,5371
10590,114916.922,12.218,5371
10591,114928.883,11.959,5371
10592,114941.555,12.674,5371
10593,114954.297,12.732,5371
10594,114966.750,12.461,5371
10595,114979.047,12.294,5371
10596,114991.297,12.248,5371
10597,115003.742,12.447,5371
10598,115014.781,11.040,5371
10599,115028.484,13.707,5371
10600,115040.336,11.849,5371
10601,115052.984,12.647,5371
10602,115064.625,11.639,5371
10603,115077.813,13.192,5371
10604,115090.070,12.254,5371
10605,115102.656,12.586,5371
10606,115115.703,13.050,5371
10607,115127.805,12.104,5371
10608,115140.383,12.574,5371
10609,115152.617,12.233,5371
10610,115164.438,11.823,5371
10611,115177.125,12.691,5371
10612,115189.234,12.108,5371
10613,115201.555,12.324,5371
10614,115213.953,12.388,5371
10615,115227.688,13.740,5371
10616,115240.516,12.832,5371
10617,115253.250,12.735,5371
10618,115263.836,10.579,5371
10619,115276.836,12.998,5371
10620,115287.328,10.495,5371
10621,115302.711,15.377,5371
10622,115316.453,13.744,5371
10623,115330.055,13.604,5371
10624,115341.766,11.712,5371
10625,115355.008,13.240,5371
10626,115367.852,12.851,5371
10627,115379.664,11.802,5371
10628,115390.539,10.883,5371
10629,115401.539,11.001,5371
10630,115412.539,10.996,5371
10631,115425.953,13.414,5371
10632,115438.266,12.320,5371
10633,115450.406,12.137,5371
10634,115463.523,13.117,5371
10635,115474.320,10.794,5371
10636,115484.664,10.343,5371
10637,115497.156,12.495,5371
10638,115510.594,13.440,5371
10639,115522.570,11.976,5371
10640,115534.344,11.771,5371
10641,115547.719,13.370,5371
10642,115559.805,12.088,5371
10643,115572.070,12.267,5371
10644,115585.438,13.366,5371
10645,115597.820,12.387,5371
10646,115609.750,11.923,5371
10647,115622.164,12.415,5371
10648,115634.125,11.961,5371
10649,115647.758,13.633,5371
10650,115659.484,11.731,5371
10651,115672.594,13.107,5371
10652,115684.039,11.440,5371
10653,115697.797,13.760,5371
10654,115709.086,11.292,5371
10655,115720.836,11.756,5371
10656,115734.555,13.713,5371
10657,115745.617,11.061,5371
10658,115758.305,12.684,5371
10659,115771.492,13.191,5371
10660,115783.109,11.623,5371
10661,115795.813,12.702,5371
10662,115807.625,11.807,5371
10663,115820.398,12.773,5371
10664,115832.922,12.529,5371
10665,115845.961,13.031,5371
10666,115858.125,12.173,5371
10667,115870.805,12.677,5371
10668,115882.641,11.829,5371
10669,115895.422,12.787,5371
10670,115908.055,12.634,5371
10671,115920.219,12.166,5371
10672,115932.063,11.839,5371
10673,115944.734,12.673,5371
10674,115957.539,12.810,5371
10675,115970.414,12.871,5371
10676,115983.023,12.609,5371
10677,115994.688,11.660,5371
10678,116005.914,11.236,5371
10679,116018.523,12.609,5371
10680,116030.680,12.150,5371
10681,116043.508,12.830,5371
10682,116055.414,11.905,5371
10683,116068.344,12.924,5371
10684,116080.195,11.860,5371
10685,116092.633,12.433,5371
10686,116105.141,12.509,5371
10687,116117.250,12.111,5371
10688,116130.523,13.274,5371
10689,116142.406,11.880,5371
10690,116155.695,13.286,5371
10691,116168.078,12.390,5371
10692,116179.234,11.159,5371
10693,116191.820,12.580,5371
10694,116204.188,12.373,5371
10695,116216.383,12.192,5371
10696,116228.750,12.363,5371
10697,116241.242,12.496,5371
10698,116254.531,13.291,5371
10699,116266.180,11.643,5371
10700,116279.000,12.820,5371
10701,116291.391,12.393,5371
10702,116303.977,12.585,5371
10703,116316.234,12.262,5371
10704,116329.141,12.905,5371
10705,116341.453,12.310,5371
10706,116354.469,13.019,5371
10707,116365.016,10.538,5371
10708,116378.664,13.655,5371
10709,116392.461,13.795,5371
10710,116405.875,13.414,5371
10711,116418.742,12.869,5371
10712,116429.992,11.247,5371
10713,116442.078,12.087,5371
10714,116453.820,11.744,5371
10715,116465.953,12.131,5371
10716,116478.219,12.268,5371
10717,116491.281,13.057,5371
10718,116503.375,12.097,5371
10719,116515.594,12.227,5371
10720,116527.703,12.097,5371
10721,116539.531,11.833,5371
10722,116551.672,12.142,5371
10723,116566.422,14.747,5371
10724,116578.859,12.444,5371
10725,116590.617,11.752,5371
10726,116604.547,13.937,5371
10727,116617.484,12.931,5371
10728,116629.289,11.800,5371
10729,116641.078,11.794,5371
10730,116653.813,12.736,5371
10731,116666.016,12.197,5371
10732,116678.367,12.356,5371
10733,116691.203,12.835,5371
10734,116702.383,11.178,5371
10735,116714.336,11.957,5371
10736,116728.781,14.446,5371
10737,116740.094,11.310,5371
10738,116752.227,12.136,5371
10739,116764.492,12.267,5371
10740,116776.008,11.511,5371
10741,116787.813,11.808,5371
10742,116801.094,13.280,5371
10743,116813.586,12.494,5371
10744,116825.695,12.105,5371
10745,116838.539,12.847,5371
10746,116850.711,12.172,5371
10747,116862.367,11.654,5371
10748,116875.398,13.035,5371
10749,116888.289,12.881,5371
10750,116900.242,11.962,5371
10751,116913.656,13.413,5371
10752,116925.086,11.425,5371
10753,116937.695,12.613,5371
10754,116950.164,12.468,5371
10755,116962.836,12.677,5371
10756,116975.094,12.249,5371
10757,116987.000,11.912,5371
10758,117000.844,13.842,5371
10759,117012.680,11.833,5371
10760,117025.750,13.077,5371
10761,117037.953,12.195,5371
10762,117050.703,12.750,5371
10763,117064.141,13.440,5371
10764,117075.641,11.497,5371
10765,117088.375,12.736,5371
10766,117100.430,12.057,5371
10767,117114.641,14.207,5371
10768,117127.516,12.880,5371
10769,117139.703,12.186,5371
10770,117152.102,12.398,5371
10771,117166.109,14.007,5371
10772,117176.852,10.744,5371
10773,117188.469,11.618,5371
10774,117200.047,11.576,5371
10775,117213.930,13.890,5371
10776,117228.133,14.202,5371
10777,117239.289,11.151,5371
10778,117251.586,12.300,5371
10779,117264.164,12.581,5371
10780,117276.320,12.149,5371
10781,117289.883,13.565,5371
10782,117302.383,12.499,5371
10783,117313.969,11.585,5371
10784,117327.609,13.636,5371
10785,117340.523,12.925,5371
10786,117353.766,13.242,5371
10787,117366.180,12.408,5371
10788,117379.109,12.930,5371
10789,117391.531,12.428,5371
10790,117403.750,12.218,5371
10791,117416.367,12.611,5371
10792,117430.359,13.992,5371
10793,117443.219,12.866,5371
10794,117454.984,11.757,5371
10795,117469.031,14.047,5371
10796,117480.594,11.571,5371
10797,117492.969,12.369,5371
10798,117503.898,10.932,5371
10799,117515.703,11.806,5371
10800,117528.438,12.732,5371
10801,117538.508,10.076,5371
10802,117553.297,14.780,5371
10803,117565.328,12.034,5371
10804,117578.508,13.180,5371
10805,117590.961,12.450,5371
10806,117602.773,11.816,5371
10807,117616.672,13.899,5371
10808,117629.109,12.436,5371
10809,117641.586,12.484,5371
10810,117654.328,12.735,5371
10811,117669.180,14.858,5371
10812,117680.898,11.719,5371
10813,117693.320,12.416,5371
10814,117705.852,12.536,5371
10815,117719.094,13.237,5371
10816,117731.797,12.702,5371
10817,117743.984,12.187,5371
10818,117756.797,12.813,5371
10819,117769.875,13.079,5371
10820,117781.984,12.106,5371
10821,117794.352,12.373,5371
10822,117806.727,12.370,5371
10823,117819.117,12.397,5371
10824,117832.508,13.389,5371
10825,117844.938,12.422,5371
10826,117857.195,12.264,5371
10827,117870.148,12.958,5371
10828,117882.805,12.655,5371
10829,117896.258,13.452,5371
10830,117908.813,12.551,5371
10831,117921.570,12.766,5371
10832,117935.031,13.456,5371
10833,117947.516,12.482,5371
10834,117960.523,13.009,5371
10835,117974.023,13.502,5371
10836,117985.766,11.739,5371
10837,117998.008,12.242,5371
10838,118012.094,14.085,5371
10839,118023.969,11.877,5371
10840,118036.023,12.052,5371
10841,118048.859,12.844,5371
10842,118062.578,13.714,5371
10843,118076.680,14.103,5371
10844,118088.852,12.176,5371
10845,118101.531,12.676,5371
10846,118114.258,12.729,5371
10847,118123.734, 9.469,5371
10848,118138.039,14.309,5371
10849,118150.719,12.674,5371
10850,118163.352,12.637,5371
10851,118177.813,14.464,5371
10852,118190.156,12.339,5371
10853,118201.844,11.690,5371
10854,118215.391,13.546,5371
10855,118228.383,12.994,5371
10856,118240.680,12.297,5371
10857,118253.352,12.669,5371
10858,118266.969,13.619,5371
10859,118279.773,12.804,5371
10860,118292.328,12.550,5371
10861,118305.383,13.055,5371
10862,118317.641,12.262,5371
10863,118330.359,12.713,5371
10864,118343.578,13.230,5371
10865,118356.656,13.071,5371
10866,118370.109,13.455,5371
10867,118381.680,11.571,5371
10868,118394.555,12.876,5371
10869,118407.289,12.731,5371
10870,118420.398,13.110,5371
10871,118433.641,13.239,5371
10872,118446.016,12.380,5371
10873,118458.469,12.454,5371
10874,118470.828,12.361,5371
10875,118482.039,11.210,5371
10876,118497.391,15.350,5371
10877,118509.375,11.980,5371
10878,118521.242,11.873,5371
10879,118535.297,14.047,5371
10880,118548.133,12.841,5371
10881,118562.516,14.382,5371
10882,118574.227,11.711,5371
10883,118586.375,12.146,5371
10884,118599.578,13.211,5371
10885,118611.555,11.973,5371
10886,118626.422,14.869,5371
10887,118640.586,14.165,5371
10888,118652.906,12.320,5371
10889,118664.734,11.826,5371
10890,118677.086,12.347,5371
10891,118689.500,12.419,5371
10892,118702.313,12.807,5371
10893,118714.969,12.656,5371
10894,118728.477,13.515,5371
10895,118740.141,11.664,5371
10896,118751.891,11.754,5371
10897,118763.617,11.714,5371
10898,118775.977,12.361,5371
10899,118788.422,12.449,5371
10900,118801.594,13.178,5371
10901,118813.781,12.184,5371
10902,118827.102,13.316,5371
10903,118838.695,11.596,5371
10904,118852.992,14.294,5371
10905,118864.523,11.534,5371
10906,118877.539,13.017,5371
10907,118890.391,12.848,5371
10908,118903.000,12.608,5371
10909,118915.938,12.939,5371
10910,118929.555,13.618,5371
10911,118942.625,13.068,5371
10912,118954.883,12.267,5371
10913,118967.469,12.580,5371
10914,118980.555,13.088,5371
10915,118993.578,13.023,5371
10916,119005.195,11.618,5371
10917,119018.828,13.631,5371
10918,119032.703,13.874,5371
10919,119044.695,11.990,5371
10920,119057.617,12.923,5371
10921,119069.859,12.244,5371
10922,119082.375,12.511,5371
10923,119094.125,11.757,5371
10924,119107.844,13.720,5371
10925,119120.758,12.912,5371
10926,119133.445,12.690,5371
10927,119145.828,12.379,5371
10928,119158.984,13.151,5371
10929,119172.648,13.666,5371
10930,119184.344,11.692,5371
10931,119197.250,12.915,5371
10932,119209.188,11.937,5371
10933,119221.992,12.799,5371
10934,119234.805,12.819,5371
10935,119248.961,14.147,5371
10936,119261.102,12.145,5371
10937,119274.328,13.227,5371
10938,119286.227,11.900,5371
10939,119299.469,13.240,5371
10940,119311.672,12.202,5371
10941,119323.906,12.241,5371
10942,119337.156,13.247,5371
10943,119349.977,12.816,5371
10944,119363.422,13.452,5371
10945,119376.563,13.140,5371
10946,119390.008,13.444,5371
10947,119402.039,12.029,5371
10948,119415.891,13.856,5371
10949,119427.742,11.850,5371
10950,119439.969,12.219,5371
10951,119453.398,13.435,5371
10952,119466.008,12.607,5371
10953,119479.742,13.736,5371
10954,119491.719,11.973,5371
10955,119505.078,13.368,5371
10956,119517.445,12.362,5371
10957,119529.172,11.727,5371
10958,119541.047,11.873,5371
10959,119555.742,14.700,5371
10960,119567.727,11.980,5371
10961,119580.391,12.667,5371
10962,119592.766,12.374,5371
10963,119605.555,12.792,5371
10964,119618.789,13.235,5371
10965,119631.891,13.106,5371
10966,119644.430,12.533,5371
10967,119657.484,13.055,5371
10968,119669.750,12.261,5371
10969,119682.242,12.498,5371
10970,119696.063,13.815,5371
10971,119710.078,14.020,5371
10972,119722.547,12.472,5371
10973,119734.258,11.710,5371
10974,119747.852,13.594,5371
10975,119760.492,12.640,5371
10976,119773.414,12.921,5371
10977,119785.906,12.490,5371
10978,119798.344,12.435,5371
10979,119810.586,12.250,5371
10980,119823.648,13.056,5371
10981,119836.500,12.853,5371
10982,119849.664,13.158,5371
10983,119861.883,12.230,5371
10984,119874.680,12.793,5371
10985,119887.734,13.051,5371
10986,119901.461,13.733,5371
10987,119913.789,12.321,5371
10988,119926.523,12.741,5371
10989,119938.313,11.785,5371
10990,119952.031,13.719,5371
10991,119965.234,13.207,5371
10992,119978.500,13.263,5371
10993,119991.828,13.326,5371
10994,120004.039,12.207,5371
10995,120016.609,12.573,5371
10996,120028.961,12.350,5371
10997,120042.367,13.409,5371
10998,120055.281,12.912,5371
10999,120068.164,12.885,5371
11000,120080.969,12.798,5371
11001,120093.398,12.438,5371
11002,120109.180,15.781,5371
11003,120122.039,12.854,5371
11004,120134.609,12.573,5371
11005,120146.602,11.988,5371
11006,120159.688,13.089,5371
11007,120170.727,11.045,5371
11008,120183.156,12.431,5371
11009,120195.625,12.465,5371
11010,120209.547,13.921,5371
11011,120221.789,12.240,5371
11012,120233.172,11.390,5371
11013,120246.516,13.343,5371
11014,120260.297,13.776,5371
11015,120273.156,12.860,5371
11016,120285.719,12.558,5371
11017,120298.656,12.940,5371
11018,120311.766,13.110,5371
11019,120323.711,11.949,5371
11020,120337.008,13.296,5371
11021,120350.602,13.587,5371
11022,120362.977,12.379,5371
11023,120375.547,12.574,5371
11024,120388.867,13.317,5371
11025,120401.656,12.787,5371
11026,120413.883,12.230,5371
11027,120426.711,12.824,5371
11028,120439.781,13.072,5371
11029,120453.977,14.194,5371
11030,120466.617,12.639,5371
11031,120479.211,12.603,5371
11032,120494.617,15.400,5371
11033,120505.836,11.225,5371
11034,120516.766,10.926,5371
11035,120530.039,13.268,5371
11036,120544.680,14.642,5371
11037,120556.656,11.980,5371
11038,120569.297,12.640,5371
11039,120580.117,10.819,5371
11040,120593.516,13.403,5371
11041,120606.922,13.407,5371
11042,120619.102,12.175,5371
11043,120632.039,12.942,5371
11044,120644.516,12.475,5371
11045,120659.422,14.902,5371
11046,120673.297,13.873,5371
11047,120685.484,12.191,5371
11048,120697.344,11.858,5371
11049,120711.047,13.708,5371
11050,120724.086,13.033,5371
11051,120736.211,12.130,5371
11052,120749.141,12.933,5371
11053,120762.773,13.628,5371
11054,120775.719,12.942,5371
11055,120787.430,11.719,5371
11056,120798.961,11.527,5371
11057,120811.234,12.278,5371
11058,120824.641,13.398,5371
11059,120837.641,13.002,5371
11060,120851.313,13.673,5371
11061,120864.008,12.698,5371
11062,120876.719,12.705,5371
11063,120889.711,12.995,5371
11064,120902.953,13.236,5371
11065,120915.141,12.196,5371
11066,120928.984,13.838,5371
11067,120941.180,12.205,5371
11068,120954.406,13.222,5371
11069,120967.523,13.116,5371
11070,120980.938,13.410,5371
11071,120992.242,11.310,5371
11072,121006.008,13.766,5371
11073,121019.086,13.078,5371
11074,121031.570,12.484,5371
11075,121046.172,14.601,5371
11076,121058.047,11.874,5371
11077,121071.039,12.990,5371
11078,121084.164,13.126,5371
11079,121096.914,12.758,5371
11080,121109.227,12.312,5371
11081,121122.695,13.462,5371
11082,121135.211,12.522,5371
11083,121149.125,13.912,5371
11084,121162.305,13.176,5371
11085,121174.820,12.521,5371
11086,121188.211,13.387,5371
11087,121201.297,13.079,5371
11088,121214.430,13.140,5371
11089,121227.625,13.195,5371
11090,121240.664,13.038,5371
11091,121255.414,14.747,5371
11092,121267.656,12.241,5371
11093,121279.281,11.627,5371
11094,121292.234,12.957,5371
11095,121303.641,11.402,5371
11096,121317.711,14.070,5371
11097,121330.734,13.029,5371
11098,121344.055,13.316,5371
11099,121357.375,13.322,5371
11100,121370.391,13.019,5371
11101,121383.984,13.589,5371
11102,121397.063,13.078,5371
11103,121409.141,12.081,5371
11104,121421.867,12.725,5371
11105,121435.484,13.622,5371
11106,121449.094,13.604,5371
11107,121462.625,13.526,5371
11108,121474.578,11.967,5371
11109,121488.070,13.483,5371
11110,121500.766,12.696,5371
11111,121513.117,12.351,5371
11112,121526.359,13.242,5371
11113,121539.109,12.748,5371
11114,121552.516,13.416,5371
11115,121564.242,11.720,5371
11116,121576.367,12.126,5371
11117,121587.516,11.147,5371
11118,121602.508,14.997,5371
11119,121614.445,11.934,5371
11120,121628.570,14.125,5371
11121,121640.906,12.338,5371
11122,121654.578,13.672,5371
11123,121667.828,13.245,5371
11124,121680.773,12.947,5371
11125,121694.047,13.273,5371
11126,121706.625,12.574,5371
11127,121720.523,13.903,5371
11128,121733.289,12.765,5371
11129,121747.711,14.419,5371
11130,121759.672,11.965,5371
11131,121772.055,12.379,5371
11132,121785.352,13.300,5371
11133,121797.469,12.118,5371
11134,121811.109,13.644,5371
11135,121824.508,13.394,5371
11136,121837.406,12.899,5371
11137,121850.828,13.426,5371
11138,121863.875,13.047,5371
11139,121876.883,13.009,5371
11140,121889.813,12.930,5371
11141,121902.797,12.983,5371
11142,121915.141,12.338,5371
11143,121928.219,13.080,5371
11144,121939.289,11.063,5371
11145,121953.844,14.563,5371
11146,121966.961,13.114,5371
11147,121980.242,13.289,5371
11148,121992.055,11.806,5371
11149,122005.828,13.775,5371
11150,122018.664,12.833,5371
11151,122031.570,12.915,5371
11152,122045.867,14.296,5371
11153,122058.961,13.085,5371
11154,122072.141,13.185,5371
11155,122084.180,12.035,5371
11156,122096.805,12.629,5371
11157,122109.992,13.179,5371
11158,122122.492,12.507,5371
11159,122135.672,13.181,5371
11160,122148.383,12.708,5371
11161,122161.680,13.293,5371
11162,122174.344,12.669,5371
11163,122187.070,12.727,5371
11164,122199.883,12.816,5371
11165,122211.766,11.879,5371
11166,122224.367,12.600,5371
11167,122238.102,13.737,5371
11168,122253.891,15.793,5371
11169,122265.555,11.664,5371
11170,122277.617,12.057,5371
11171,122289.297,11.674,5371
11172,122302.281,12.990,5371
11173,122314.094,11.812,5371
11174,122326.984,12.885,5371
11175,122339.305,12.322,5371
11176,122353.086,13.788,5371
11177,122366.148,13.060,5371
11178,122378.750,12.602,5371
11179,122391.203,12.458,5371
11180,122404.664,13.457,5371
11181,122422.570,17.912,5371
11182,122438.766,16.191,5371
11183,122453.609,14.837,5371
11184,122467.555,13.949,5371
11185,122480.414,12.858,5371
11186,122492.891,12.481,5371
11187,122504.977,12.080,5371
11188,122517.695,12.720,5371
11189,122529.938,12.244,5371
11190,122541.750,11.814,5371
11191,122554.570,12.824,5371
11192,122566.219,11.649,5371
11193,122579.102,12.878,5371
11194,122590.633,11.529,5371
11195,122602.836,12.211,5371
11196,122614.219,11.383,5371
11197,122628.172,13.952,5371
11198,122639.945,11.763,5371
11199,122652.141,12.202,5371
11200,122663.664,11.521,5371
11201,122677.336,13.675,5371
11202,122690.344,13.001,5371
11203,122702.313,11.974,5371
11204,122715.172,12.857,5371
11205,122726.695,11.528,5371
11206,122738.281,11.580,5371
11207,122751.367,13.089,5371
11208,122764.055,12.691,5371
11209,122776.328,12.264,5371
11210,122789.484,13.166,5371
11211,122801.742,12.253,5371
11212,122815.484,13.745,5371
11213,122827.164,11.681,5371
11214,122838.891,11.727,5371
11215,122850.297,11.401,5371
11216,122862.523,12.231,5371
11217,122875.477,12.948,5371
11218,122887.555,12.081,5371
11219,122900.656,13.096,5371
11220,122912.695,12.041,5371
11221,122925.313,12.620,5371
11222,122937.711,12.399,5371
11223,122952.555,14.845,5371
11224,122964.391,11.835,5371
11225,122975.953,11.562,5371
11226,122988.586,12.640,5371
11227,123001.453,12.859,5371
11228,123013.859,12.414,5371
11229,123026.508,12.643,5371
11230,123038.836,12.325,5371
11231,123052.578,13.749,5371
11232,123063.883,11.303,5371
11233,123076.727,12.836,5371
11234,123088.719,11.998,5371
11235,123102.266,13.543,5371
11236,123114.508,12.247,5371
11237,123126.648,12.139,5371
11238,123139.609,12.958,5371
11239,123152.227,12.624,5371
11240,123164.617,12.387,5371
11241,123178.164,13.546,5371
11242,123190.453,12.288,5371
11243,123202.578,12.129,5371
11244,123215.375,12.794,5371
11245,123228.563,13.188,5371
11246,123240.656,12.090,5371
11247,123253.297,12.643,5371
11248,123266.039,12.743,5371
11249,123278.219,12.185,5371
11250,123290.477,12.252,5371
11251,123303.102,12.626,5371
11252,123316.133,13.032,5371
11253,123328.297,12.160,5371
11254,123340.703,12.408,5371
11255,123354.359,13.659,5371
11256,123366.023,11.661,5371
11257,123378.133,12.109,5371
11258,123390.453,12.326,5371
11259,123403.516,13.061,5371
11260,123415.477,11.956,5371
11261,123428.906,13.436,5371
11262,123440.227,11.320,5371
11263,123452.898,12.676,5371
11264,123465.789,12.887,5371
11265,123478.117,12.327,5371
11266,123495.227,17.112,5371
11267,123517.383,22.148,5371
11268,123534.078,16.700,5371
11269,123548.469,14.390,5371
11270,123559.797,11.330,5371
11271,123571.742,11.939,5371
11272,123583.898,12.161,5371
11273,123596.438,12.537,5371
11274,123611.367,14.928,5371
11275,123622.883,11.524,5371
11276,123634.445,11.560,5371
11277,123645.305,10.851,5371
11278,123656.406,11.107,5371
11279,123667.461,11.055,5371
11280,123678.609,11.141,5371
11281,123690.469,11.868,5371
11282,123701.766,11.298,5371
11283,123714.703,12.930,5371
11284,123726.563,11.871,5371
11285,123739.078,12.509,5371
11286,123751.672,12.594,5371
11287,123763.852,12.180,5371
11288,123776.477,12.628,5371
11289,123789.391,12.911,5371
11290,123800.836,11.448,5371
11291,123813.734,12.895,5371
11292,123824.914,11.186,5371
11293,123838.531,13.611,5371
11294,123850.477,11.944,5371
11295,123862.445,11.969,5371
11296,123874.680,12.237,5371
11297,123887.289,12.605,5371
11298,123898.938,11.644,5371
11299,123911.250,12.322,5371
11300,123923.758,12.507,5371
11301,123935.883,12.125,5371
11302,123948.594,12.705,5371
11303,123962.438,13.848,5371
11304,123973.773,11.338,5371
11305,123985.344,11.565,5371
11306,123997.813,12.472,5371
11307,124009.797,11.987,5371
11308,124020.938,11.138,5371
11309,124034.883,13.947,5371
11310,124046.242,11.365,5371
11311,124059.242,12.993,5371
11312,124071.813,12.572,5371
11313,124083.359,11.546,5371
11314,124095.859,12.500,5371
11315,124108.078,12.219,5371
11316,124120.758,12.680,5371
11317,124133.875,13.122,5371
11318,124145.672,11.784,5371
11319,124158.594,12.925,5371
11320,124170.781,12.188,5371
11321,124183.438,12.661,5371
11322,124196.094,12.654,5371
11323,124208.141,12.045,5371
11324,124219.672,11.529,5371
11325,124233.281,13.610,5371
11326,124244.289,11.010,5371
11327,124255.945,11.650,5371
11328,124267.320,11.380,5371
11329,124279.906,12.590,5371
11330,124292.063,12.157,5371
11331,124305.516,13.453,5371
11332,124317.883,12.368,5371
11333,124329.336,11.445,5371
11334,124341.250,11.927,5371
11335,124352.969,11.704,5371
11336,124364.961,11.995,5371
11337,124377.352,12.395,5371
11338,124389.328,11.973,5371
11339,124401.750,12.424,5371
11340,124414.328,12.575,5371
11341,124426.344,12.021,5371
11342,124438.797,12.456,5371
11343,124450.914,12.120,5371
11344,124463.141,12.218,5371
11345,124475.156,12.018,5371
11346,124488.484,13.328,5371
11347,124503.094,14.610,5371
11348,124514.844,11.751,5371
11349,124526.563,11.721,5371
11350,124537.898,11.337,5371
11351,124549.406,11.501,5371
11352,124561.938,12.531,5371
11353,124573.133,11.198,5371
11354,124584.688,11.554,5371
11355,124596.352,11.659,5371
11356,124609.063,12.711,5371
11357,124620.461,11.402,5371
11358,124634.727,14.262,5371
11359,124646.258,11.534,5371
11360,124658.500,12.248,5371
11361,124671.422,12.915,5371
11362,124683.508,12.090,5371
11363,124696.305,12.790,5371
11364,124708.258,11.955,5371
11365,124721.305,13.046,5371
11366,124732.758,11.458,5371
11367,124745.383,12.623,5371
11368,124757.352,11.973,5371
11369,124769.594,12.236,5371
11370,124781.844,12.256,5371
11371,124795.344,13.498,5371
11372,124807.406,12.060,5371
11373,124820.156,12.752,5371
11374,124831.477,11.318,5371
11375,124843.766,12.288,5371
11376,124856.688,12.925,5371
11377,124869.281,12.593,5371
11378,124882.125,12.848,5371
11379,124893.555,11.426,5371
11380,124904.477,10.927,5371
11381,124916.984,12.500,5371
11382,124928.359,11.379,5371
11383,124939.008,10.647,5371
11384,124950.164,11.162,5371
11385,124962.813,12.647,5371
11386,124975.133,12.316,5371
11387,124987.461,12.334,5371
11388,124999.930,12.457,5371
11389,125010.758,10.838,5371
11390,125023.625,12.859,5371
11391,125035.945,12.321,5371
11392,125047.719,11.781,5371
11393,125060.789,13.067,5371
11394,125073.203,12.413,5371
11395,125084.930,11.727,5371
11396,125097.656,12.729,5371
11397,125109.688,12.032,5371
11398,125121.680,11.990,5371
11399,125134.039,12.362,5371
11400,125146.133,12.091,5371
11401,125158.406,12.277,5371
11402,125170.766,12.355,5371
11403,125183.156,12.394,5371
11404,125194.750,11.593,5371
11405,125207.695,12.940,5371
11406,125220.523,12.832,5371
11407,125232.492,11.972,5371
11408,125244.961,12.461,5371
11409,125256.633,11.673,5371
11410,125269.688,13.060,5371
11411,125281.453,11.764,5371
11412,125293.836,12.382,5371
11413,125307.094,13.258,5371
11414,125318.898,11.805,5371
11415,125331.367,12.466,5371
11416,125344.227,12.869,5371
11417,125358.188,13.959,5371
11418,125369.477,11.282,5371
11419,125381.508,12.031,5371
11420,125393.430,11.926,5371
11421,125405.266,11.828,5371
11422,125416.805,11.550,5371
11423,125430.266,13.450,5371
11424,125442.195,11.935,5371
11425,125454.633,12.437,5371
11426,125466.461,11.827,5371
11427,125478.453,11.999,5371
11428,125491.273,12.816,5371
11429,125503.766,12.494,5371
11430,125516.688,12.915,5371
11431,125529.313,12.627,5371
11432,125542.453,13.141,5371
11433,125554.742,12.288,5371
11434,125566.813,12.078,5371
11435,125578.406,11.593,5371
11436,125590.172,11.763,5371
11437,125601.406,11.235,5371
11438,125613.258,11.842,5371
11439,125625.719,12.468,5371
11440,125638.594,12.870,5371
11441,125650.031,11.444,5371
11442,125662.336,12.304,5371
11443,125674.945,12.603,5371
11444,125686.422,11.480,5371
11445,125699.930,13.508,5371
11446,125710.867,10.946,5371
11447,125721.961,11.085,5371
11448,125734.344,12.381,5371
11449,125746.438,12.102,5371
11450,125759.039,12.597,5371
11451,125770.547,11.514,5371
11452,125783.188,12.634,5371
11453,125795.227,12.046,5371
11454,125807.367,12.138,5371
11455,125819.781,12.408,5371
11456,125831.766,11.991,5371
11457,125844.555,12.788,5371
11458,125856.211,11.658,5371
11459,125868.438,12.226,5371
11460,125881.609,13.167,5371
11461,125893.398,11.791,5371
11462,125905.016,11.611,5371
11463,125917.648,12.635,5371
11464,125930.055,12.408,5371
11465,125942.273,12.219,5371
11466,125954.484,12.217,5371
11467,125966.773,12.288,5371
11468,125978.328,11.553,5371
11469,125990.742,12.408,5371
11470,126002.484,11.747,5371
11471,126015.148,12.665,5371
11472,126027.227,12.082,5371
11473,126039.555,12.326,5371
11474,126052.297,12.739,5371
11475,126064.375,12.080,5371
11476,126077.305,12.929,5371
11477,126089.070,11.762,5371
11478,126101.344,12.273,5371
11479,126113.906,12.568,5371
11480,126125.813,11.902,5371
11481,126137.813,11.999,5371
11482,126150.344,12.535,5371
11483,126162.523,12.183,5371
11484,126174.672,12.143,5371
11485,126186.836,12.167,5371
11486,126199.445,12.604,5371
11487,126211.773,12.331,5371
11488,126222.727,10.949,5371
11489,126236.055,13.335,5371
11490,126248.539,12.488,5371
11491,126260.672,12.127,5371
11492,126274.211,13.538,5371
11493,126285.734,11.521,5371
11494,126298.367,12.635,5371
11495,126308.852,10.486,5371
11496,126320.906,12.059,5371
11497,126333.891,12.984,5371
11498,126345.344,11.447,5371
11499,126357.633,12.285,5371
11500,126370.227,12.604,5371
11501,126383.039,12.806,5371
11502,126395.305,12.265,5371
11503,126408.117,12.816,5371
11504,126420.164,12.047,5371
11505,126431.773,11.612,5371
11506,126444.297,12.514,5371
11507,126456.641,12.344,5371
11508,126469.891,13.258,5371
11509,126481.727,11.833,5371
11510,126493.484,11.759,5371
11511,126506.203,12.723,5371
11512,126518.703,12.491,5371
11513,126532.805,14.106,5371
11514,126545.234,12.436,5371
11515,126557.898,12.661,5371
11516,126569.320,11.415,5371
11517,126581.063,11.747,5371
11518,126592.070,11.009,5371
11519,126603.477,11.409,5371
11520,126615.695,12.213,5371
11521,126627.406,11.709,5371
11522,126641.445,14.046,5371
11523,126652.609,11.153,5371
11524,126665.320,12.711,5371
11525,126677.398,12.082,5371
11526,126689.617,12.215,5371
11527,126702.219,12.608,5371
11528,126715.289,13.067,5371
11529,126727.820,12.536,5371
11530,126740.945,13.121,5371
11531,126752.977,12.033,5371
11532,126764.688,11.709,5371
11533,126777.008,12.320,5371
11534,126790.281,13.277,5371
11535,126802.469,12.192,5371
11536,126814.688,12.210,5371
11537,126826.789,12.103,5371
11538,126839.711,12.925,5371
11539,126851.547,11.836,5371
11540,126863.945,12.391,5371
11541,126875.906,11.970,5371
11542,126888.758,12.846,5371
11543,126900.867,12.117,5371
11544,126913.570,12.705,5371
11545,126927.195,13.622,5371
11546,126939.305,12.106,5371
11547,126952.180,12.880,5371
11548,126964.211,12.029,5371
11549,126976.891,12.681,5371
11550,126988.234,11.343,5371
11551,126999.297,11.055,5371
11552,127012.070,12.776,5371
11553,127024.391,12.318,5371
11554,127035.883,11.501,5371
11555,127048.156,12.270,5371
11556,127060.773,12.615,5371
11557,127073.680,12.902,5371
11558,127085.813,12.137,5371
11559,127098.133,12.324,5371
11560,127111.414,13.282,5371
11561,127123.352,11.929,5371
11562,127138.078,14.733,5371
11563,127149.656,11.570,5371
11564,127162.734,13.083,5371
11565,127173.570,10.842,5371
11566,127185.125,11.552,5371
11567,127198.836,13.712,5371
11568,127211.563,12.725,5371
11569,127223.680,12.115,5371
11570,127236.406,12.728,5371
11571,127248.000,11.592,5371
11572,127260.383,12.384,5371
11573,127272.047,11.662,5371
11574,127285.602,13.556,5371
11575,127296.961,11.354,5371
11576,127310.086,13.135,5371
11577,127323.367,13.279,5371
11578,127335.508,12.142,5371
11579,127348.789,13.282,5371
11580,127359.984,11.188,5371
11581,127373.359,13.378,5371
11582,127385.469,12.114,5371
11583,127398.984,13.512,5371
11584,127412.711,13.729,5371
11585,127425.516,12.802,5371
11586,127438.258,12.736,5371
11587,127449.836,11.588,5371
11588,127462.148,12.310,5371
11589,127473.633,11.481,5371
11590,127487.648,14.015,5371
11591,127499.453,11.806,5371
11592,127512.508,13.055,5371
11593,127525.000,12.495,5371
11594,127537.977,12.968,5371
11595,127550.414,12.444,5371
11596,127563.352,12.940,5371
11597,127576.266,12.906,5371
11598,127587.953,11.692,5371
11599,127599.945,11.991,5371
11600,127611.945,12.000,5371
11601,127624.070,12.130,5371
11602,127636.945,12.872,5371
11603,127648.547,11.608,5371
11604,127660.766,12.213,5371
11605,127676.008,15.239,5371
11606,127688.484,12.481,5371
11607,127701.172,12.686,5371
11608,127713.078,11.908,5371
11609,127725.133,12.056,5371
11610,127735.813,10.682,5371
11611,127748.023,12.204,5371
11612,127760.734,12.711,5371
11613,127772.484,11.755,5371
11614,127785.313,12.825,5371
11615,127797.766,12.453,5371
11616,127810.836,13.076,5371
11617,127822.680,11.835,5371
11618,127835.516,12.844,5371
11619,127849.070,13.551,5371
11620,127861.188,12.121,5371
11621,127873.930,12.731,5371
11622,127886.305,12.381,5371
11623,127899.031,12.724,5371
11624,127911.766,12.733,5371
11625,127923.727,11.966,5371
11626,127936.242,12.518,5371
11627,127948.688,12.439,5371
11628,127960.586,11.895,5371
11629,127973.695,13.116,5371
11630,127985.922,12.219,5371
11631,127998.344,12.430,5371
11632,128011.609,13.264,5371
11633,128023.422,11.813,5371
11634,128036.281,12.860,5371
11635,128048.656,12.374,5371
11636,128061.094,12.442,5371
11637,128074.539,13.442,5371
11638,128087.203,12.664,5371
11639,128099.531,12.331,5371
11640,128112.320,12.782,5371
11641,128125.461,13.147,5371
11642,128137.359,11.895,5371
11643,128150.938,13.574,5371
11644,128162.641,11.704,5371
11645,128175.203,12.566,5371
11646,128187.172,11.974,5371
11647,128200.938,13.757,5371
11648,128212.750,11.813,5371
11649,128225.438,12.692,5371
11650,128238.242,12.807,5371
11651,128250.258,12.010,5371
11652,128263.688,13.432,5371
11653,128277.328,13.638,5371
11654,128288.852,11.531,5371
11655,128301.797,12.945,5371
11656,128314.867,13.072,5371
11657,128329.523,14.653,5371
11658,128341.188,11.659,5371
11659,128352.938,11.752,5371
11660,128366.078,13.139,5371
11661,128378.352,12.275,5371
11662,128391.336,12.982,5371
11663,128402.844,11.515,5371
11664,128415.555,12.708,5371
11665,128428.211,12.657,5371
11666,128440.250,12.031,5371
11667,128454.352,14.102,5371
11668,128467.773,13.430,5371
11669,128479.195,11.424,5371
11670,128489.984,10.781,5371
11671,128504.281,14.292,5371
11672,128517.281,13.007,5371
11673,128528.602,11.315,5371
11674,128542.320,13.725,5371
11675,128554.977,12.651,5371
11676,128568.453,13.481,5371
11677,128580.180,11.732,5371
11678,128592.641,12.452,5371
11679,128604.289,11.646,5371
11680,128617.484,13.202,5371
11681,128630.219,12.737,5371
11682,128642.297,12.073,5371
11683,128655.016,12.717,5371
11684,128667.570,12.562,5371
11685,128680.539,12.965,5371
11686,128691.898,11.362,5371
11687,128705.961,14.056,5371
11688,128718.289,12.332,5371
11689,128731.406,13.118,5371
11690,128743.664,12.257,5371
11691,128760.047,16.382,5371
11692,128772.883,12.837,5371
11693,128784.461,11.582,5371
11694,128795.656,11.185,5371
11695,128808.180,12.536,5371
11696,128820.969,12.783,5371
11697,128833.000,12.030,5371
11698,128845.188,12.190,5371
11699,128858.477,13.288,5371
11700,128871.117,12.644,5371
11701,128884.922,13.800,5371
11702,128897.617,12.695,5371
11703,128909.188,11.576,5371
11704,128922.742,13.549,5371
11705,128935.703,12.961,5371
11706,128948.875,13.174,5371
11707,128961.852,12.976,5371
11708,128973.141,11.289,5371
11709,128985.008,11.866,5371
11710,128997.703,12.697,5371
11711,129010.313,12.610,5371
11712,129022.313,11.997,5371
11713,129034.852,12.542,5371
11714,129047.406,12.556,5371
11715,129060.000,12.588,5371
11716,129072.305,12.305,5371
11717,129084.844,12.544,5371
11718,129097.734,12.889,5371
11719,129110.508,12.775,5371
11720,129122.984,12.475,5371
11721,129135.703,12.719,5371
11722,129148.430,12.728,5371
11723,129161.156,12.726,5371
11724,129173.789,12.630,5371
11725,129187.805,14.017,5371
11726,129199.547,11.744,5371
11727,129213.250,13.700,5371
11728,129224.789,11.544,5371
11729,129238.133,13.345,5371
11730,129250.469,12.336,5371
11731,129263.836,13.362,5371
11732,129276.758,12.918,5371
11733,129287.945,11.192,5371
11734,129301.820,13.878,5371
11735,129314.883,13.061,5371
11736,129327.742,12.860,5371
11737,129340.656,12.909,5371
11738,129353.977,13.319,5371
11739,129367.250,13.273,5371
11740,129379.164,11.917,5371
11741,129392.867,13.704,5371
11742,129406.875,14.013,5371
11743,129418.359,11.480,5371
11744,129430.133,11.774,5371
11745,129444.047,13.910,5371
11746,129455.789,11.748,5371
11747,129468.586,12.794,5371
11748,129480.922,12.328,5371
11749,129494.375,13.460,5371
11750,129507.938,13.557,5371
11751,129520.195,12.271,5371
11752,129532.445,12.244,5371
11753,129545.383,12.937,5371
11754,129558.109,12.724,5371
11755,129571.156,13.050,5371
11756,129584.281,13.120,5371
11757,129597.406,13.129,5371
11758,129609.406,11.999,5371
11759,129622.500,13.096,5371
11760,129635.719,13.220,5371
11761,129648.344,12.620,5371
11762,129661.070,12.729,5371
11763,129673.703,12.632,5371
11764,129686.914,13.211,5371
11765,129699.070,12.160,5371
11766,129712.805,13.736,5371
11767,129725.055,12.244,5371
11768,129737.789,12.740,5371
11769,129751.234,13.446,5371
11770,129763.398,12.162,5371
11771,129776.234,12.836,5371
11772,129788.789,12.552,5371
11773,129800.898,12.110,5371
11774,129814.516,13.619,5371
11775,129827.438,12.920,5371
11776,129839.852,12.414,5371
11777,129852.438,12.587,5371
11778,129865.039,12.601,5371
11779,129877.781,12.740,5371
11780,129890.844,13.069,5371
11781,129902.055,11.206,5371
11782,129917.477,15.422,5371
11783,129929.188,11.713,5371
11784,129941.789,12.597,5371
11785,129955.391,13.600,5371
11786,129968.258,12.869,5371
11787,129980.898,12.648,5371
11788,129994.219,13.317,5371
11789,130006.453,12.235,5371
11790,130018.461,12.007,5371
11791,130031.656,13.188,5371
11792,130044.055,12.403,5371
11793,130057.719,13.668,5371
11794,130070.078,12.358,5371
11795,130084.000,13.919,5371
11796,130095.875,11.877,5371
11797,130107.641,11.765,5371
11798,130119.891,12.257,5371
11799,130132.914,13.015,5371
11800,130146.023,13.112,5371
11801,130158.414,12.392,5371
11802,130171.156,12.745,5371
11803,130183.922,12.757,5371
11804,130196.328,12.406,5371
11805,130208.813,12.486,5371
11806,130222.555,13.747,5371
11807,130235.328,12.765,5371
11808,130247.820,12.499,5371
11809,130260.406,12.585,5371
11810,130273.141,12.733,5371
11811,130286.141,13.001,5371
11812,130298.414,12.271,5371
11813,130311.563,13.152,5371
11814,130324.000,12.434,5371
11815,130336.758,12.760,5371
11816,130348.828,12.073,5371
11817,130361.594,12.759,5371
11818,130374.188,12.598,5371
11819,130387.648,13.458,5371
11820,130398.898,11.253,5371
11821,130411.719,12.817,5371
11822,130425.594,13.875,5371
11823,130439.336,13.747,5371
11824,130450.117,10.781,5371
11825,130462.641,12.521,5371
11826,130475.352,12.713,5371
11827,130487.180,11.826,5371
11828,130502.406,15.229,5371
11829,130515.133,12.723,5371
11830,130526.102,10.972,5371
11831,130539.281,13.175,5371
11832,130551.914,12.629,5371
11833,130567.016,15.111,5371
11834,130579.438,12.423,5371
11835,130590.586,11.145,5371
11836,130602.984,12.400,5371
11837,130615.930,12.942,5371
11838,130627.820,11.893,5371
11839,130639.977,12.152,5371
11840,130651.398,11.422,5371
11841,130665.594,14.195,5371
11842,130676.055,10.464,5371
11843,130690.875,14.822,5371
11844,130703.211,12.337,5371
11845,130715.961,12.748,5371
11846,130728.609,12.647,5371
11847,130741.164,12.559,5371
11848,130753.625,12.458,5371
11849,130766.008,12.383,5371
11850,130781.664,15.657,5371
11851,130794.016,12.351,5371
11852,130805.469,11.452,5371
11853,130817.047,11.580,5371
11854,130829.883,12.836,5371
11855,130842.500,12.620,5371
11856,130855.086,12.581,5371
11857,130867.250,12.161,5371
11858,130880.141,12.895,5371
11859,130892.617,12.471,5371
11860,130905.344,12.732,5371
11861,130918.680,13.337,5371
11862,130931.023,12.344,5371
11863,130943.008,11.982,5371
11864,130955.430,12.420,5371
11865,130968.281,12.855,5371
11866,130979.109,10.828,5371
11867,130993.742,14.635,5371
11868,131006.852,13.112,5371
11869,131019.180,12.326,5371
11870,131031.617,12.428,5371
11871,131043.102,11.489,5371
11872,131055.156,12.057,5371
11873,131067.977,12.821,5371
11874,131080.688,12.709,5371
11875,131092.313,11.629,5371
11876,131103.563,11.238,5371
11877,131117.719,14.166,5371
11878,131128.750,11.020,5371
11879,131142.438,13.689,5371
11880,131155.141,12.717,5371
11881,131167.281,12.142,5371
11882,131178.484,11.197,5371
11883,131192.844,14.360,5371
11884,131205.172,12.321,5371
11885,131218.016,12.850,5371
11886,131230.094,12.066,5371
11887,131242.344,12.268,5371
11888,131254.672,12.324,5371
11889,131267.641,12.966,5371
11890,131281.688,14.049,5371
11891,131293.625,11.941,5371
11892,131305.938,12.309,5371
11893,131316.875,10.934,5371
11894,131329.844,12.976,5371
11895,131342.391,12.543,5371
11896,131355.438,13.041,5371
11897,131367.297,11.870,5371
11898,131379.922,12.624,5371
11899,131392.969,13.035,5371
11900,131405.563,12.597,5371
11901,131417.859,12.300,5371
11902,131429.297,11.446,5371
11903,131443.391,14.092,5371
11904,131453.969,10.579,5371
11905,131468.688,14.707,5371
11906,131479.906,11.218,5371
11907,131493.563,13.667,5371
11908,131505.984,12.416,5371
11909,131518.797,12.807,5371
11910,131531.203,12.406,5371
11911,131544.203,13.000,5371
11912,131556.797,12.598,5371
11913,131570.297,13.510,5371
11914,131582.578,12.267,5371
11915,131594.094,11.511,5371
11916,131607.516,13.427,5371
11917,131619.563,12.054,5371
11918,131631.359,11.800,5371
11919,131643.625,12.256,5371
11920,131656.688,13.073,5371
11921,131668.766,12.070,5371
11922,131679.688,10.928,5371
11923,131693.406,13.715,5371
11924,131706.172,12.763,5371
11925,131718.781,12.614,5371
11926,131731.484,12.695,5371
11927,131743.266,11.787,5371
11928,131756.000,12.733,5371
11929,131768.375,12.387,5371
11930,131781.016,12.637,5371
11931,131792.609,11.588,5371
11932,131806.016,13.407,5371
11933,131817.859,11.846,5371
11934,131829.813,11.941,5371
11935,131842.844,13.038,5371
11936,131855.156,12.307,5371
11937,131867.391,12.248,5371
11938,131881.906,14.511,5371
11939,131892.797,10.881,5371
11940,131905.297,12.506,5371
11941,131917.500,12.199,5371
11942,131930.109,12.618,5371
11943,131943.641,13.524,5371
11944,131953.688,10.058,5371
11945,131967.797,14.096,5371
11946,131980.422,12.625,5371
11947,131993.625,13.211,5371
11948,132006.063,12.447,5371
11949,132018.000,11.934,5371
11950,132029.703,11.697,5371
11951,132042.172,12.468,5371
11952,132054.000,11.828,5371
11953,132066.281,12.278,5371
11954,132078.344,12.060,5371
11955,132090.500,12.157,5371
11956,132102.750,12.252,5371
11957,132115.469,12.715,5371
11958,132127.797,12.336,5371
11959,132139.766,11.962,5371
11960,132151.578,11.825,5371
11961,132164.484,12.905,5371
11962,132176.828,12.328,5371
11963,132189.609,12.788,5371
11964,132201.359,11.761,5371
11965,132213.844,12.481,5371
11966,132226.156,12.299,5371
11967,132238.875,12.734,5371
11968,132251.297,12.418,5371
11969,132263.203,11.902,5371
11970,132274.875,11.667,5371
11971,132287.484,12.620,5371
11972,132299.563,12.067,5371
11973,132312.031,12.478,5371
11974,132324.891,12.850,5371
11975,132337.047,12.169,5371
11976,132348.531,11.483,5371
11977,132361.125,12.583,5371
11978,132373.391,12.281,5371
11979,132385.844,12.448,5371
11980,132399.359,13.515,5371
11981,132411.750,12.378,5371
11982,132423.875,12.130,5371
11983,132436.375,12.512,5371
11984,132448.563,12.174,5371
11985,132460.266,11.714,5371
11986,132472.125,11.856,5371
11987,132484.203,12.075,5371
11988,132494.875,10.674,5371
11989,132509.406,14.528,5371
11990,132521.469,12.055,5371
11991,132533.922,12.466,5371
11992,132545.547,11.620,5371
11993,132559.375,13.832,5371
11994,132571.359,11.982,5371
11995,132584.250,12.888,5371
11996,132597.672,13.423,5371
11997,132610.734,13.063,5371
11998,132622.828,12.087,5371
11999,132634.922,12.104,5371
12000,132647.094,12.164,5371
12001,132657.656,10.571,5371
12002,132668.953,11.301,5371
12003,132680.281,11.330,5371
12004,132692.234,11.945,5371
12005,132703.969,11.732,5371
12006,132717.234,13.273,5371
12007,132729.656,12.425,5371
12008,132741.188,11.518,5371
12009,132754.250,13.075,5371
12010,132765.984,11.729,5371
12011,132778.828,12.841,5371
12012,132791.641,12.812,5371
12013,132802.859,11.223,5371
12014,132814.922,12.052,5371
12015,132826.547,11.640,5371
12016,132838.547,11.991,5371
12017,132852.422,13.873,5371
12018,132866.688,14.268,5371
12019,132877.438,10.754,5371
12020,132888.438,10.987,5371
12021,132900.922,12.492,5371
12022,132911.625,10.699,5371
12023,132925.219,13.594,5371
12024,132938.141,12.930,5371
12025,132950.203,12.067,5371
12026,132962.813,12.595,5371
12027,132974.734,11.928,5371
12028,132987.391,12.659,5371
12029,132999.516,12.116,5371
12030,133010.563,11.051,5371
12031,133022.922,12.363,5371
12032,133035.625,12.706,5371
12033,133047.531,11.901,5371
12034,133059.891,12.356,5371
12035,133072.172,12.288,5371
12036,133084.609,12.443,5371
12037,133096.641,12.029,5371
12038,133107.969,11.325,5371
12039,133119.531,11.563,5371
12040,133130.422,10.883,5371
12041,133141.578,11.155,5371
12042,133151.438, 9.861,5371
12043,133164.766,13.333,5371
12044,133176.719,11.954,5371
12045,133188.500,11.783,5371
12046,133200.375,11.877,5371
12047,133211.219,10.841,5371
12048,133223.813,12.598,5371
12049,133235.781,11.961,5371
12050,133247.594,11.823,5371
12051,133260.406,12.801,5371
12052,133270.250, 9.855,5371
12053,133284.172,13.906,5371
12054,133295.344,11.182,5371
12055,133307.453,12.101,5371
12056,133318.141,10.685,5371
12057,133331.813,13.685,5371
12058,133342.109,10.290,5371
12059,133354.984,12.872,5371
12060,133366.672,11.694,5371
12061,133379.109,12.440,5371
12062,133390.484,11.374,5371
12063,133402.938,12.459,5371
12064,133413.422,10.474,5371
12065,133426.391,12.979,5371
12066,133438.453,12.058,5371
12067,133450.078,11.610,5371
12068,133461.203,11.135,5371
12069,133472.188,10.986,5371
12070,133484.719,12.528,5371
12071,133498.984,14.273,5371
12072,133510.781,11.792,5371
12073,133522.469,11.689,5371
12074,133533.484,11.015,5371
12075,133546.609,13.126,5371
12076,133557.734,11.122,5371
12077,133570.016,12.287,5371
12078,133583.391,13.377,5371
12079,133596.906,13.515,5371
12080,133608.125,11.210,5371
12081,133620.016,11.896,5371
12082,133631.922,11.901,5371
12083,133642.922,11.002,5371
12084,133654.219,11.290,5371
12085,133665.641,11.432,5371
12086,133676.563,10.926,5371
12087,133687.688,11.120,5371
12088,133699.563,11.879,5371
12089,133711.266,11.696,5371
12090,133723.828,12.570,5371
12091,133736.703,12.881,5371
12092,133747.813,11.097,5371
12093,133759.828,12.019,5371
12094,133770.578,10.746,5371
12095,133783.078,12.495,5371
12096,133795.219,12.141,5371
12097,133807.469,12.247,5371
12098,133818.734,11.273,5371
12099,133830.172,11.431,5371
12100,133841.641,11.477,5371
12101,133853.469,11.826,5371
12102,133866.203,12.737,5371
12103,133878.500,12.291,5371
12104,133890.641,12.153,5371
12105,133901.703,11.061,5371
12106,133913.500,11.788,5371
12107,133926.656,13.167,5371
12108,133936.859,10.194,5371
12109,133948.203,11.345,5371
12110,133959.844,11.645,5371
12111,133971.219,11.379,5371
12112,133981.953,10.732,5371
12113,133995.547,13.589,5371
12114,134006.859,11.318,5371
12115,134019.063,12.195,5371
12116,134031.375,12.319,5371
12117,134043.516,12.141,5371
12118,134055.344,11.827,5371
12119,134066.406,11.061,5371
12120,134077.797,11.382,5371
12121,134089.797,12.000,5371
12122,134102.219,12.420,5371
12123,134113.250,11.036,5371
12124,134125.500,12.253,5371
12125,134136.781,11.275,5371
12126,134149.047,12.276,5371
12127,134160.625,11.581,5371
12128,134172.359,11.736,5371
12129,134184.234,11.862,5371
12130,134195.641,11.418,5371
12131,134208.609,12.968,5371
12132,134219.781,11.170,5371
12133,134232.500,12.712,5371
12134,134244.328,11.830,5371
12135,134255.031,10.708,5371
12136,134266.266,11.222,5371
12137,134278.797,12.536,5371
12138,134291.094,12.298,5371
12139,134302.984,11.890,5371
12140,134314.500,11.517,5371
12141,134326.391,11.885,5371
12142,134338.641,12.267,5371
12143,134349.266,10.618,5371
12144,134361.438,12.168,5371
12145,134373.438,12.001,5371
12146,134385.375,11.945,5371
12147,134397.438,12.046,5371
12148,134408.891,11.460,5371
12149,134420.469,11.580,5371
12150,134431.984,11.523,5371
12151,134443.906,11.913,5371
12152,134455.813,11.906,5371
12153,134466.875,11.057,5371
12154,134478.484,11.615,5371
12155,134489.094,10.614,5371
12156,134501.844,12.753,5371
12157,134514.922,13.069,5371
12158,134526.438,11.516,5371
12159,134538.344,11.916,5371
12160,134548.438,10.090,5371
12161,134562.250,13.802,5371
12162,134573.750,11.503,5371
12163,134585.453,11.695,5371
12164,134597.344,11.911,5371
12165,134608.875,11.519,5371
12166,134622.141,13.259,5371
12167,134634.844,12.710,5371
12168,134645.500,10.653,5371
12169,134656.469,10.981,5371
12170,134667.219,10.745,5371
12171,134677.875,10.656,5371
12172,134689.969,12.106,5371
12173,134701.563,11.581,5371
12174,134714.359,12.803,5371
12175,134726.281,11.922,5371
12176,134738.031,11.754,5371
12177,134749.859,11.830,5371
12178,134760.969,11.098,5371
12179,134773.625,12.652,5371
12180,134785.781,12.165,5371
12181,134796.859,11.065,5371
12182,134808.984,12.133,5371
12183,134820.094,11.097,5371
12184,134832.594,12.525,5371
12185,134844.688,12.096,5371
12186,134855.531,10.821,5371
12187,134867.953,12.437,5371
12188,134879.563,11.593,5371
12189,134891.297,11.755,5371
12190,134902.984,11.682,5371
12191,134914.781,11.778,5371
12192,134926.859,12.093,5371
12193,134938.516,11.664,5371
12194,134950.156,11.634,5371
12195,134962.922,12.767,5371
12196,134974.422,11.500,5371
12197,134985.500,11.062,5371
12198,134996.563,11.075,5371
12199,135009.344,12.781,5371
12200,135020.859,11.509,5371
12201,135032.969,12.121,5371
12202,135044.266,11.282,5371
12203,135055.688,11.438,5371
12204,135068.781,13.074,5371
12205,135080.016,11.256,5371
12206,135091.344,11.322,5371
12207,135103.688,12.342,5371
12208,135116.219,12.523,5371
12209,135129.313,13.116,5371
12210,135141.109,11.781,5371
12211,135151.438,10.319,5371
12212,135161.922,10.498,5371
12213,135172.516,10.591,5371
12214,135183.594,11.071,5371
12215,135195.094,11.502,5371
12216,135207.391,12.304,5371
12217,135218.859,11.457,5371
12218,135231.844,12.992,5371
12219,135242.781,10.928,5371
12220,135254.688,11.924,5371
12221,135266.938,12.236,5371
12222,135278.219,11.278,5371
12223,135289.719,11.511,5371
12224,135301.547,11.823,5371
12225,135313.234,11.698,5371
12226,135324.750,11.498,5371
12227,135336.391,11.660,5371
12228,135348.438,12.041,5371
12229,135360.203,11.763,5371
12230,135371.531,11.321,5371
12231,135383.078,11.551,5371
12232,135395.344,12.271,5371
12233,135407.594,12.239,5371
12234,135418.234,10.648,5371
12235,135430.391,12.160,5371
12236,135442.109,11.707,5371
12237,135454.047,11.962,5371
12238,135465.688,11.628,5371
12239,135476.750,11.050,5371
12240,135488.141,11.390,5371
12241,135500.094,11.959,5371
12242,135511.016,10.922,5371
12243,135523.672,12.663,5371
12244,135535.938,12.277,5371
12245,135547.797,11.848,5371
12246,135560.641,12.850,5371
12247,135572.391,11.740,5371
12248,135583.297,10.908,5371
12249,135596.031,12.745,5371
12250,135606.188,10.138,5371
12251,135620.594,14.423,5371
12252,135632.078,11.468,5371
12253,135645.000,12.929,5371
12254,135656.219,11.215,5371
12255,135667.672,11.456,5371
12256,135678.328,10.653,5371
12257,135689.375,11.066,5371
12258,135700.766,11.365,5371
12259,135712.875,12.117,5371
12260,135724.109,11.224,5371
12261,135736.391,12.293,5371
12262,135747.656,11.260,5371
12263,135758.344,10.697,5371
12264,135771.797,13.453,5371
12265,135784.016,12.227,5371
12266,135796.094,12.067,5371
12267,135808.109,12.007,5371
12268,135819.156,11.053,5371
12269,135833.594,14.444,5371
12270,135845.406,11.805,5371
12271,135856.281,10.874,5371
12272,135866.828,10.547,5371
12273,135877.703,10.886,5371
12274,135889.719,12.007,5371
12275,135901.219,11.515,5371
12276,135914.453,13.224,5371
12277,135925.594,11.144,5371
12278,135936.109,10.510,5371
12279,135946.797,10.691,5371
12280,135959.953,13.157,5371
12281,135972.609,12.658,5371
12282,135983.516,10.894,5371
12283,135995.422,11.902,5371
12284,136006.547,11.146,5371
12285,136018.578,12.028,5371
12286,136030.469,11.889,5371
12287,136042.000,11.539,5371
12288,136054.438,12.419,5371
12289,136064.969,10.529,5371
12290,136077.719,12.766,5371
12291,136089.438,11.707,5371
12292,136100.766,11.328,5371
12293,136111.688,10.928,5371
12294,136125.141,13.455,5371
12295,136135.656,10.506,5371
12296,136147.094,11.442,5371
12297,136159.828,12.733,5371
12298,136171.063,11.242,5371
12299,136183.031,11.969,5371
12300,136195.281,12.251,5371
12301,136207.000,11.707,5371
12302,136218.750,11.743,5371
12303,136230.844,12.106,5371
12304,136243.016,12.176,5371
12305,136253.719,10.701,5371
12306,136265.703,11.975,5371
12307,136277.781,12.084,5371
12308,136288.484,10.706,5371
12309,136300.594,12.110,5371
12310,136313.281,12.692,5371
12311,136324.422,11.133,5371
12312,136336.125,11.701,5371
12313,136347.063,10.937,5371
12314,136359.547,12.492,5371
12315,136370.797,11.247,5371
12316,136382.078,11.273,5371
12317,136394.516,12.444,5371
12318,136405.750,11.230,5371
12319,136416.000,10.265,5371
12320,136429.438,13.419,5371
12321,136440.906,11.474,5371
12322,136452.828,11.922,5371
12323,136463.219,10.400,5371
12324,136477.250,14.034,5371
12325,136488.859,11.604,5371
12326,136500.094,11.225,5371
12327,136512.406,12.321,5371
12328,136524.438,12.024,5371
12329,136535.344,10.912,5371
12330,136547.047,11.696,5371
12331,136558.797,11.755,5371
12332,136569.828,11.038,5371
12333,136580.828,10.995,5371
12334,136592.406,11.577,5371
12335,136604.469,12.062,5371
12336,136616.813,12.338,5371
12337,136627.953,11.150,5371
12338,136641.203,13.249,5371
12339,136652.516,11.323,5371
12340,136663.344,10.819,5371
12341,136674.625,11.290,5371
12342,136685.781,11.140,5371
12343,136697.844,12.065,5371
12344,136708.609,10.772,5371
12345,136720.656,12.045,5371
12346,136732.188,11.520,5371
12347,136742.031, 9.855,5371
12348,136754.094,12.057,5371
12349,136766.922,12.823,5371
12350,136778.297,11.388,5371
12351,136790.656,12.367,5371
12352,136801.141,10.482,5371
12353,136813.547,12.401,5371
12354,136825.938,12.388,5371
12355,136837.219,11.278,5371
12356,136849.016,11.801,5371
12357,136861.875,12.862,5371
12358,136872.719,10.849,5371
12359,136884.141,11.401,5371
12360,136895.297,11.171,5371
12361,136906.922,11.611,5371
12362,136918.484,11.570,5371
12363,136930.172,11.679,5371
12364,136942.344,12.180,5371
12365,136953.750,11.414,5371
12366,136966.000,12.257,5371
12367,136977.891,11.886,5371
12368,136989.047,11.156,5371
12369,137000.141,11.086,5371
12370,137012.781,12.634,5371
12371,137024.703,11.930,5371
12372,137037.313,12.612,5371
12373,137049.688,12.370,5371
12374,137060.234,10.542,5371
12375,137072.359,12.123,5371
12376,137084.016,11.672,5371
12377,137095.609,11.579,5371
12378,137107.500,11.896,5371
12379,137120.141,12.632,5371
12380,137131.266,11.137,5371
12381,137142.844,11.577,5371
12382,137154.516,11.677,5371
12383,137166.266,11.741,5371
12384,137178.250,11.989,5371
12385,137189.313,11.069,5371
12386,137201.203,11.887,5371
12387,137212.172,10.954,5371
12388,137223.688,11.530,5371
12389,137236.266,12.567,5371
12390,137248.891,12.626,5371
12391,137260.328,11.446,5371
12392,137271.438,11.106,5371
12393,137282.031,10.600,5371
12394,137293.516,11.476,5371
12395,137304.578,11.064,5371
12396,137317.734,13.155,5371
12397,137328.328,10.596,5371
12398,137340.422,12.092,5371
12399,137351.969,11.556,5371
12400,137364.563,12.589,5371
12401,137374.781,10.207,5371
12402,137387.563,12.789,5371
12403,137398.563,11.007,5371
12404,137410.422,11.851,5371
12405,137421.328,10.920,5371
12406,137434.219,12.875,5371
12407,137448.078,13.863,5371
12408,137458.641,10.572,5371
12409,137469.516,10.868,5371
12410,137480.031,10.519,5371
12411,137492.328,12.290,5371
12412,137504.813,12.486,5371
12413,137516.750,11.925,5371
12414,137526.375, 9.641,5371
12415,137540.047,13.678,5371
12416,137549.688, 9.633,5371
12417,137562.156,12.456,5371
12418,137574.656,12.526,5371
12419,137586.219,11.550,5371
12420,137598.438,12.215,5371
12421,137610.406,11.965,5371
12422,137621.469,11.061,5371
12423,137635.094,13.640,5371
12424,137646.359,11.262,5371
12425,137658.313,11.953,5371
12426,137669.453,11.138,5371
12427,137682.500,13.050,5371
12428,137693.313,10.818,5371
12429,137704.000,10.689,5371
12430,137715.688,11.669,5371
12431,137727.234,11.566,5371
12432,137738.422,11.173,5371
12433,137748.641,10.226,5371
12434,137760.469,11.825,5371
12435,137773.625,13.150,5371
12436,137787.469,13.835,5371
12437,137799.891,12.443,5371
12438,137811.688,11.781,5371
12439,137822.859,11.180,5371
12440,137833.188,10.335,5371
12441,137845.141,11.952,5371
12442,137857.328,12.185,5371
12443,137868.078,10.738,5371
12444,137879.500,11.432,5371
12445,137890.906,11.409,5371
12446,137902.781,11.872,5371
12447,137912.813,10.033,5371
12448,137925.094,12.285,5371
12449,137937.422,12.314,5371
12450,137947.297, 9.893,5371
12451,137959.875,12.579,5371
12452,137971.734,11.854,5371
12453,137983.656,11.918,5371
12454,137996.031,12.388,5371
12455,138006.797,10.743,5371
12456,138018.281,11.491,5371
12457,138029.625,11.349,5371
12458,138042.328,12.703,5371
12459,138053.594,11.254,5371
12460,138064.875,11.282,5371
12461,138076.859,11.986,5371
12462,138089.000,12.141,5371
12463,138098.609, 9.625,5371
12464,138111.734,13.118,5371
12465,138123.203,11.470,5371
12466,138135.281,12.073,5371
12467,138147.203,11.932,5371
12468,138158.922,11.701,5371
12469,138169.766,10.856,5371
12470,138182.281,12.515,5371
12471,138194.422,12.142,5371
12472,138205.188,10.761,5371
12473,138217.766,12.581,5371
12474,138227.969,10.204,5371
12475,138239.094,11.121,5371
12476,138252.313,13.220,5371
12477,138264.281,11.966,5371
12478,138275.531,11.249,5371
12479,138287.750,12.216,5371
12480,138298.906,11.156,5371
12481,138310.828,11.919,5371
12482,138324.172,13.354,5371
12483,138334.953,10.770,5371
12484,138345.969,11.035,5371
12485,138357.344,11.371,5371
12486,138368.828,11.470,5371
12487,138380.656,11.836,5371
12488,138392.688,12.046,5371
12489,138405.188,12.482,5371
12490,138416.984,11.806,5371
12491,138428.297,11.300,5371
12492,138440.234,11.943,5371
12493,138450.844,10.604,5371
12494,138461.578,10.730,5371
12495,138474.359,12.798,5371
12496,138488.875,14.506,5371
12497,138499.719,10.846,5371
12498,138509.969,10.253,5371
12499,138520.984,11.007,5371
12500,138531.359,10.397,5371
12501,138542.391,11.018,5371
12502,138555.703,13.308,5371
12503,138565.922,10.220,5371
12504,138578.797,12.868,5371
12505,138591.250,12.465,5371
12506,138601.594,10.338,5371
12507,138614.906,13.317,5371
12508,138626.250,11.331,5371
12509,138637.266,11.029,5371
12510,138649.188,11.922,5371
12511,138661.484,12.285,5371
12512,138673.984,12.512,5371
12513,138685.813,11.827,5371
12514,138696.422,10.602,5371
12515,138708.188,11.771,5371
12516,138718.969,10.784,5371
12517,138729.625,10.655,5371
12518,138741.078,11.454,5371
12519,138754.656,13.591,5371
12520,138766.938,12.266,5371
12521,138779.172,12.237,5371
12522,138790.703,11.539,5371
12523,138801.969,11.265,5371
12524,138812.984,11.012,5371
12525,138823.125,10.143,5371
12526,138836.859,13.724,5371
12527,138847.234,10.375,5371
12528,138860.094,12.851,5371
12529,138871.422,11.335,5371
12530,138882.766,11.345,5371
12531,138894.625,11.873,5371
12532,138904.438, 9.804,5371
12533,138916.047,11.615,5371
12534,138929.563,13.507,5371
12535,138941.078,11.514,5371
12536,138953.063,11.994,5371
12537,138963.875,10.803,5371
12538,138975.453,11.569,5371
12539,138987.438,11.993,5371
12540,138998.469,11.031,5371
12541,139010.531,12.068,5371
12542,139022.453,11.922,5371
12543,139034.125,11.658,5371
12544,139046.547,12.439,5371
12545,139056.750,10.193,5371
12546,139070.844,14.090,5371
12547,139081.547,10.703,5371
12548,139093.219,11.685,5371
12549,139105.063,11.836,5371
12550,139117.719,12.664,5371
12551,139129.063,11.337,5371
12552,139140.438,11.373,5371
12553,139151.750,11.317,5371
12554,139164.625,12.877,5371
12555,139176.563,11.945,5371
12556,139187.516,10.938,5371
12557,139198.953,11.439,5371
12558,139210.484,11.539,5371
12559,139221.203,10.719,5371
12560,139233.750,12.545,5371
12561,139245.734,11.974,5371
12562,139256.188,10.456,5371
12563,139268.641,12.468,5371
12564,139279.531,10.878,5371
12565,139290.469,10.937,5371
12566,139301.750,11.286,5371
12567,139313.734,11.977,5371
12568,139324.844,11.109,5371
12569,139336.453,11.621,5371
12570,139348.078,11.613,5371
12571,139359.594,11.526,5371
12572,139371.719,12.122,5371
12573,139383.469,11.743,5371
12574,139393.891,10.431,5371
12575,139406.078,12.180,5371
12576,139417.016,10.939,5371
12577,139429.344,12.345,5371
12578,139440.578,11.231,5371
12579,139451.859,11.274,5371
12580,139463.203,11.344,5371
12581,139474.578,11.382,5371
12582,139486.234,11.646,5371
12583,139498.750,12.505,5371
12584,139510.266,11.524,5371
12585,139519.859, 9.596,5371
12586,139532.797,12.929,5371
12587,139544.578,11.789,5371
12588,139556.141,11.551,5371
12589,139568.297,12.173,5371
12590,139579.672,11.373,5371
12591,139592.438,12.771,5371
12592,139602.875,10.426,5371
12593,139615.594,12.717,5371
12594,139626.594,11.014,5371
12595,139638.969,12.366,5371
12596,139650.531,11.569,5371
12597,139662.891,12.357,5371
12598,139676.484,13.585,5371
12599,139688.297,11.823,5371
12600,139699.422,11.111,5371
12601,139710.703,11.292,5371
12602,139721.594,10.884,5371
12603,139734.844,13.246,5371
12604,139745.688,10.857,5371
12605,139758.078,12.372,5371
12606,139768.406,10.339,5371
12607,139780.875,12.472,5371
12608,139793.609,12.736,5371
12609,139803.641,10.025,5371
12610,139817.406,13.760,5371
12611,139827.844,10.444,5371
12612,139840.953,13.110,5371
12613,139852.828,11.873,5371
12614,139864.406,11.579,5371
12615,139875.156,10.756,5371
12616,139888.875,13.710,5371
12617,139900.031,11.177,5371
12618,139913.047,12.999,5371
12619,139924.094,11.044,5371
12620,139935.203,11.125,5371
12621,139948.000,12.800,5371
12622,139958.250,10.233,5371
12623,139971.031,12.785,5371
12624,139982.234,11.203,5371
12625,139993.281,11.045,5371
12626,140004.313,11.029,5371
12627,140017.641,13.325,5371
12628,140030.234,12.602,5371
12629,140041.266,11.032,5371
12630,140052.641,11.376,5371
12631,140065.156,12.520,5371
12632,140075.531,10.371,5371
12633,140088.250,12.717,5371
12634,140100.563,12.319,5371
12635,140111.953,11.384,5371
12636,140124.906,12.954,5371
12637,140136.469,11.565,5371
12638,140149.000,12.517,5371
12639,140161.141,12.159,5371
12640,140172.797,11.641,5371
12641,140184.906,12.114,5371
12642,140197.375,12.470,5371
12643,140208.594,11.222,5371
12644,140219.297,10.704,5371
12645,140233.438,14.123,5371
12646,140245.125,11.708,5371
12647,140256.953,11.822,5371
12648,140269.797,12.853,5371
12649,140281.156,11.347,5371
12650,140291.922,10.772,5371
12651,140304.797,12.867,5371
12652,140316.781,11.989,5371
12653,140330.438,13.655,5371
12654,140341.641,11.208,5371
12655,140353.203,11.556,5371
12656,140364.969,11.774,5371
12657,140377.484,12.512,5371
12658,140389.266,11.779,5371
12659,140401.047,11.780,5371
12660,140413.281,12.237,5371
12661,140425.266,11.982,5371
12662,140437.531,12.257,5371
12663,140449.156,11.639,5371
12664,140461.313,12.154,5371
12665,140472.938,11.624,5371
12666,140484.188,11.239,5371
12667,140496.766,12.578,5371
12668,140509.938,13.188,5371
12669,140522.203,12.253,5371
12670,140533.547,11.349,5371
12671,140545.906,12.363,5371
12672,140560.344,14.437,5371
12673,140571.266,10.930,5371
12674,140581.766,10.497,5371
12675,140593.516,11.731,5371
12676,140605.141,11.635,5371
12677,140616.391,11.251,5371
12678,140629.734,13.346,5371
12679,140642.781,13.046,5371
12680,140653.375,10.594,5371
12681,140665.109,11.731,5371
12682,140675.125,10.023,5371
12683,140688.188,13.056,5371
12684,140700.906,12.714,5371
12685,140711.469,10.559,5371
12686,140725.469,13.998,5371
12687,140735.531,10.071,5371
12688,140747.813,12.279,5371
12689,140758.688,10.892,5371
12690,140772.078,13.374,5371
12691,140784.016,11.945,5371
12692,140796.297,12.275,5371
12693,140809.266,12.975,5371
12694,140820.516,11.258,5371
12695,140833.125,12.608,5371
12696,140844.516,11.380,5371
12697,140854.281, 9.767,5371
12698,140868.609,14.340,5371
12699,140878.531, 9.919,5371
12700,140892.484,13.949,5371
12701,140903.469,10.973,5371
12702,140916.500,13.037,5371
12703,140927.828,11.332,5371
12704,140939.688,11.850,5371
12705,140951.625,11.937,5371
12706,140963.531,11.908,5371
12707,140976.391,12.869,5371
12708,140987.906,11.518,5371
12709,141000.875,12.958,5371
12710,141012.250,11.378,5371
12711,141024.531,12.289,5371
12712,141036.328,11.785,5371
12713,141048.516,12.198,5371
12714,141060.797,12.277,5371
12715,141072.000,11.209,5371
12716,141085.125,13.120,5371
12717,141096.141,11.006,5371
12718,141110.063,13.918,5371
12719,141121.891,11.852,5371
12720,141133.891,11.993,5371
12721,141146.594,12.706,5371
12722,141158.078,11.469,5371
12723,141170.109,12.029,5371
12724,141183.219,13.130,5371
12725,141194.844,11.607,5371
12726,141207.031,12.195,5371
12727,141219.172,12.146,5371
12728,141232.109,12.920,5371
12729,141244.406,12.305,5371
12730,141256.203,11.800,5371
12731,141267.047,10.842,5371
12732,141281.328,14.293,5371
12733,141292.828,11.488,5371
12734,141306.031,13.210,5371
12735,141317.922,11.886,5371
12736,141329.766,11.845,5371
12737,141342.578,12.811,5371
12738,141354.688,12.111,5371
12739,141366.953,12.257,5371
12740,141379.406,12.445,5371
12741,141391.234,11.853,5371
12742,141403.078,11.828,5371
12743,141415.563,12.479,5371
12744,141428.359,12.805,5371
12745,141442.234,13.873,5371
12746,141452.859,10.633,5371
12747,141464.641,11.784,5371
12748,141478.391,13.742,5371
12749,141490.766,12.363,5371
12750,141502.656,11.917,5371
12751,141514.125,11.448,5371
12752,141525.953,11.842,5371
12753,141537.875,11.916,5371
12754,141551.422,13.535,5371
12755,141563.656,12.250,5371
12756,141575.891,12.234,5371
12757,141588.297,12.400,5371
12758,141600.281,11.993,5371
12759,141613.781,13.494,5371
12760,141625.813,12.028,5371
12761,141637.531,11.715,5371
12762,141650.406,12.890,5371
12763,141661.906,11.500,5371
12764,141674.906,12.994,5371
12765,141687.500,12.580,5371
12766,141699.953,12.469,5371
12767,141713.344,13.391,5371
12768,141724.297,10.955,5371
12769,141736.578,12.273,5371
12770,141748.391,11.822,5371
12771,141761.719,13.315,5371
12772,141773.344,11.637,5371
12773,141784.969,11.613,5371
12774,141798.219,13.247,5371
12775,141810.938,12.728,5371
12776,141823.109,12.175,5371
12777,141835.375,12.269,5371
12778,141847.688,12.299,5371
12779,141860.266,12.581,5371
12780,141872.688,12.429,5371
12781,141885.797,13.115,5371
12782,141898.203,12.394,5371
12783,141908.938,10.737,5371
12784,141922.313,13.367,5371
12785,141933.750,11.446,5371
12786,141948.172,14.410,5371
12787,141958.422,10.271,5371
12788,141972.172,13.735,5371
12789,141985.156,12.992,5371
12790,141997.766,12.617,5371
12791,142008.266,10.496,5371
12792,142021.797,13.522,5371
12793,142034.203,12.409,5371
12794,142045.797,11.597,5371
12795,142058.000,12.204,5371
12796,142070.250,12.238,5371
12797,142082.625,12.384,5371
12798,142094.688,12.065,5371
12799,142107.328,12.645,5371
12800,142120.016,12.694,5371
12801,142132.078,12.037,5371
12802,142144.563,12.498,5371
12803,142156.078,11.516,5371
12804,142169.469,13.389,5371
12805,142181.344,11.891,5371
12806,142194.156,12.786,5371
12807,142207.703,13.553,5371
12808,142219.250,11.559,5371
12809,142231.859,12.601,5371
12810,142244.953,13.099,5371
12811,142257.219,12.273,5371
12812,142268.906,11.667,5371
12813,142281.172,12.280,5371
12814,142294.531,13.357,5371
12815,142306.563,12.031,5371
12816,142318.500,11.937,5371
12817,142329.109,10.615,5371
12818,142342.641,13.537,5371
12819,142355.547,12.896,5371
12820,142367.422,11.858,5371
12821,142380.500,13.099,5371
12822,142392.078,11.566,5371
12823,142404.234,12.155,5371
12824,142416.797,12.560,5371
12825,142429.094,12.309,5371
12826,142441.359,12.269,5371
12827,142453.797,12.429,5371
12828,142466.953,13.158,5371
12829,142478.750,11.786,5371
12830,142491.438,12.693,5371
12831,142503.969,12.538,5371
12832,142515.172,11.206,5371
12833,142528.734,13.546,5371
12834,142542.203,13.470,5371
12835,142554.031,11.846,5371
12836,142566.188,12.140,5371
12837,142577.234,11.060,5371
12838,142589.828,12.591,5371
12839,142600.906,11.077,5371
12840,142614.156,13.243,5371
12841,142626.250,12.102,5371
12842,142638.938,12.678,5371
12843,142650.406,11.479,5371
12844,142663.672,13.264,5371
12845,142675.219,11.551,5371
12846,142688.859,13.636,5371
12847,142700.891,12.031,5371
12848,142713.344,12.466,5371
12849,142726.328,12.966,5371
12850,142738.281,11.949,5371
12851,142749.859,11.588,5371
12852,142761.750,11.887,5371
12853,142774.234,12.489,5371
12854,142786.672,12.451,5371
12855,142798.313,11.631,5371
12856,142809.188,10.875,5371
12857,142823.625,14.425,5371
12858,142834.875,11.254,5371
12859,142847.719,12.840,5371
12860,142859.891,12.184,5371
12861,142872.000,12.113,5371
12862,142884.938,12.924,5371
12863,142895.438,10.496,5371
12864,142908.203,12.770,5371
12865,142921.047,12.851,5371
12866,142934.750,13.698,5371
12867,142944.625, 9.880,5371
12868,142958.000,13.373,5371
12869,142969.953,11.964,5371
12870,142981.750,11.792,5371
12871,142994.250,12.498,5371
12872,143006.766,12.497,5371
12873,143018.984,12.229,5371
12874,143031.609,12.626,5371
12875,143042.906,11.295,5371
12876,143055.703,12.799,5371
12877,143067.844,12.155,5371
12878,143080.484,12.628,5371
12879,143092.594,12.111,5371
12880,143104.859,12.256,5371
12881,143117.219,12.378,5371
12882,143130.297,13.062,5371
12883,143140.453,10.157,5371
12884,143154.000,13.556,5371
12885,143166.563,12.559,5371
12886,143178.531,11.981,5371
12887,143190.219,11.674,5371
12888,143203.469,13.243,5371
12889,143216.031,12.580,5371
12890,143228.469,12.425,5371
12891,143240.375,11.910,5371
12892,143252.563,12.195,5371
12893,143265.281,12.725,5371
12894,143277.859,12.564,5371
12895,143290.438,12.579,5371
12896,143303.016,12.571,5371
12897,143313.969,10.963,5371
12898,143326.547,12.581,5371
12899,143338.625,12.084,5371
12900,143351.438,12.800,5371
12901,143363.688,12.249,5371
12902,143376.625,12.949,5371
12903,143388.656,12.022,5371
12904,143400.484,11.830,5371
12905,143412.781,12.280,5371
12906,143425.641,12.872,5371
12907,143437.703,12.062,5371
12908,143449.578,11.872,5371
12909,143462.469,12.899,5371
12910,143474.484,12.008,5371
12911,143487.203,12.721,5371
12912,143499.438,12.234,5371
12913,143511.484,12.041,5371
12914,143523.359,11.885,5371
12915,143535.750,12.384,5371
12916,143548.125,12.371,5371
12917,143560.984,12.868,5371
12918,143573.438,12.447,5371
12919,143585.078,11.652,5371
12920,143598.141,13.049,5371
12921,143610.969,12.828,5371
12922,143622.422,11.463,5371
12923,143636.141,13.718,5371
12924,143648.469,12.329,5371
12925,143660.813,12.338,5371
12926,143671.625,10.814,5371
12927,143685.500,13.877,5371
12928,143696.547,11.045,5371
12929,143709.484,12.940,5371
12930,143723.047,13.565,5371
12931,143735.297,12.258,5371
12932,143749.484,14.172,5371
12933,143760.125,10.647,5371
12934,143771.984,11.864,5371
12935,143785.406,13.411,5371
12936,143796.563,11.173,5371
12937,143809.422,12.844,5371
12938,143821.953,12.537,5371
12939,143832.016,10.070,5371
12940,143845.641,13.607,5371
12941,143858.281,12.647,5371
12942,143871.016,12.731,5371
12943,143883.656,12.640,5371
12944,143895.422,11.764,5371
12945,143907.688,12.276,5371
12946,143919.313,11.630,5371
12947,143933.250,13.942,5371
12948,143944.172,10.900,5371
12949,143957.234,13.082,5371
12950,143969.406,12.160,5371
12951,143980.234,10.822,5371
12952,143992.859,12.636,5371
12953,144007.281,14.430,5371
12954,144017.750,10.464,5371
12955,144031.281,13.525,5371
12956,144041.766,10.491,5371
12957,144054.297,12.517,5371
12958,144068.359,14.071,5371
12959,144082.109,13.741,5371
12960,144094.297,12.200,5371
12961,144106.672,12.381,5371
12962,144119.297,12.616,5371
12963,144131.547,12.252,5371
12964,144143.344,11.800,5371
12965,144156.078,12.728,5371
12966,144167.813,11.745,5371
12967,144180.734,12.910,5371
12968,144193.203,12.468,5371
12969,144204.766,11.555,5371
12970,144217.516,12.759,5371
12971,144230.750,13.226,5371
12972,144242.641,11.901,5371
12973,144254.219,11.580,5371
12974,144267.453,13.221,5371
12975,144278.984,11.538,5371
12976,144292.969,13.979,5371
12977,144304.281,11.321,5371
12978,144316.641,12.359,5371
12979,144329.016,12.378,5371
12980,144340.109,11.084,5371
12981,144352.391,12.296,5371
12982,144366.016,13.626,5371
12983,144377.391,11.366,5371
12984,144390.594,13.210,5371
12985,144402.766,12.162,5371
12986,144415.250,12.493,5371
12987,144427.578,12.320,5371
12988,144439.781,12.203,5371
12989,144452.375,12.598,5371
12990,144464.422,12.043,5371
12991,144476.328,11.912,5371
12992,144488.328,11.995,5371
12993,144501.484,13.161,5371
12994,144513.516,12.016,5371
12995,144527.219,13.721,5371
12996,144537.313,10.090,5371
12997,144549.094,11.781,5371
12998,144563.766,14.677,5371
12999,144576.250,12.476,5371
13000,144587.359,11.126,5371
13001,144599.531,12.153,5371
13002,144611.359,11.836,5371
13003,144623.594,12.223,5371
13004,144635.938,12.362,5371
13005,144649.500,13.542,5371
13006,144660.734,11.234,5371
13007,144673.969,13.255,5371
13008,144686.938,12.949,5371
13009,144697.438,10.499,5371
13010,144711.313,13.894,5371
13011,144722.938,11.614,5371
13012,144736.703,13.779,5371
13013,144748.875,12.151,5371
13014,144760.578,11.724,5371
13015,144772.656,12.072,5371
13016,144784.109,11.443,5371
13017,144796.484,12.382,5371
13018,144809.031,12.541,5371
13019,144821.109,12.082,5371
13020,144834.750,13.627,5371
13021,144847.406,12.662,5371
13022,144859.406,11.999,5371
13023,144872.094,12.694,5371
13024,144883.813,11.727,5371
13025,144896.828,13.005,5371
13026,144909.109,12.284,5371
13027,144921.500,12.386,5371
13028,144933.625,12.133,5371
13029,144946.953,13.328,5371
13030,144957.203,10.256,5371
13031,144970.641,13.440,5371
13032,144982.281,11.627,5371
13033,144994.891,12.613,5371
13034,145007.406,12.509,5371
13035,145019.328,11.942,5371
13036,145031.656,12.317,5371
13037,145043.141,11.484,5371
13038,145055.781,12.636,5371
13039,145068.453,12.678,5371
13040,145080.672,12.222,5371
13041,145093.125,12.450,5371
13042,145105.281,12.165,5371
13043,145118.188,12.891,5371
13044,145130.594,12.417,5371
13045,145142.781,12.181,5371
13046,145155.000,12.210,5371
13047,145166.953,11.959,5371
13048,145179.422,12.461,5371
13049,145191.359,11.952,5371
13050,145202.922,11.551,5371
13051,145216.500,13.582,5371
13052,145229.047,12.548,5371
13053,145241.234,12.191,5371
13054,145252.875,11.641,5371
13055,145266.172,13.297,5371
13056,145278.344,12.174,5371
13057,145290.828,12.481,5371
13058,145303.750,12.916,5371
13059,145316.203,12.451,5371
13060,145328.125,11.927,5371
13061,145339.625,11.501,5371
13062,145352.016,12.396,5371
13063,145363.875,11.866,5371
13064,145376.297,12.412,5371
13065,145388.359,12.064,5371
13066,145400.922,12.560,5371
13067,145413.234,12.313,5371
13068,145425.438,12.189,5371
13069,145438.031,12.610,5371
13070,145450.281,12.251,5371
13071,145462.438,12.153,5371
13072,145474.469,12.028,5371
13073,145486.219,11.757,5371
13074,145497.844,11.630,5371
13075,145510.844,12.985,5371
13076,145523.703,12.859,5371
13077,145536.219,12.523,5371
13078,145547.859,11.637,5371
13079,145559.641,11.778,5371
13080,145573.516,13.876,5371
13081,145585.281,11.779,5371
13082,145597.531,12.235,5371
13083,145608.969,11.447,5371
13084,145621.656,12.683,5371
13085,145634.766,13.098,5371
13086,145646.250,11.488,5371
13087,145659.781,13.536,5371
13088,145672.656,12.886,5371
13089,145685.484,12.822,5371
13090,145696.172,10.677,5371
13091,145708.609,12.458,5371
13092,145721.031,12.403,5371
13093,145733.250,12.226,5371
13094,145745.781,12.532,5371
13095,145758.703,12.925,5371
13096,145770.875,12.164,5371
13097,145782.984,12.118,5371
13098,145794.453,11.464,5371
13099,145806.734,12.283,5371
13100,145819.109,12.376,5371
13101,145832.016,12.916,5371
13102,145844.984,12.950,5371
13103,145856.844,11.865,5371
13104,145867.641,10.794,5371
13105,145881.906,14.279,5371
13106,145893.453,11.527,5371
13107,145906.344,12.893,5371
13108,145917.484,11.147,5371
13109,145929.750,12.265,5371
13110,145943.109,13.362,5371
13111,145954.734,11.618,5371
13112,145967.656,12.922,5371
13113,145979.109,11.460,5371
13114,145992.188,13.070,5371
13115,146003.906,11.737,5371
13116,146016.109,12.185,5371
13117,146029.563,13.459,5371
13118,146041.641,12.078,5371
13119,146053.969,12.335,5371
13120,146066.625,12.657,5371
13121,146078.250,11.624,5371
13122,146091.422,13.156,5371
13123,146103.656,12.243,5371
13124,146114.563,10.911,5371
13125,146127.109,12.555,5371
13126,146138.672,11.556,5371
13127,146152.766,14.086,5371
13128,146163.953,11.196,5371
13129,146176.891,12.931,5371
13130,146189.078,12.187,5371
13131,146201.656,12.574,5371
13132,146213.813,12.171,5371
13133,146225.766,11.953,5371
13134,146238.313,12.545,5371
13135,146251.344,13.028,5371
13136,146262.984,11.630,5371
13137,146275.578,12.594,5371
13138,146288.500,12.934,5371
13139,146301.094,12.596,5371
13140,146313.359,12.273,5371
13141,146326.734,13.353,5371
13142,146338.266,11.541,5371
13143,146350.891,12.627,5371
13144,146363.172,12.283,5371
13145,146375.563,12.376,5371
13146,146388.297,12.742,5371
13147,146400.953,12.650,5371
13148,146413.969,13.028,5371
13149,146426.313,12.334,5371
13150,146438.688,12.391,5371
13151,146451.047,12.353,5371
13152,146463.563,12.511,5371
13153,146475.453,11.881,5371
13154,146487.641,12.196,5371
13155,146500.234,12.586,5371
13156,146512.641,12.429,5371
13157,146526.641,13.990,5371
13158,146538.625,11.982,5371
13159,146551.219,12.594,5371
13160,146563.094,11.870,5371
13161,146577.531,14.430,5371
13162,146588.594,11.083,5371
13163,146600.109,11.508,5371
13164,146614.828,14.705,5371
13165,146625.531,10.706,5371
13166,146637.953,12.433,5371
13167,146650.391,12.441,5371
13168,146663.109,12.707,5371
13169,146676.172,13.070,5371
13170,146688.984,12.804,5371
13171,146700.859,11.872,5371
13172,146713.734,12.880,5371
13173,146726.219,12.490,5371
13174,146737.484,11.255,5371
13175,146752.234,14.757,5371
13176,146764.359,12.128,5371
13177,146774.984,10.630,5371
13178,146788.125,13.131,5371
13179,146800.328,12.199,5371
13180,146812.391,12.080,5371
13181,146825.047,12.647,5371
13182,146838.250,13.202,5371
13183,146851.078,12.824,5371
13184,146863.469,12.398,5371
13185,146876.844,13.367,5371
13186,146888.516,11.677,5371
13187,146901.438,12.918,5371
13188,146914.219,12.787,5371
13189,146926.141,11.919,5371
13190,146939.047,12.911,5371
13191,146950.547,11.508,5371
13192,146965.672,15.106,5371
13193,146975.891,10.234,5371
13194,146988.969,13.065,5371
13195,147001.781,12.822,5371
13196,147014.172,12.390,5371
13197,147027.188,13.021,5371
13198,147038.828,11.623,5371
13199,147051.891,13.079,5371
13200,147064.563,12.667,5371
13201,147077.453,12.890,5371
13202,147089.484,12.028,5371
13203,147102.000,12.529,5371
13204,147114.406,12.389,5371
13205,147127.234,12.833,5371
13206,147140.031,12.808,5371
13207,147152.719,12.677,5371
13208,147165.422,12.705,5371
13209,147177.813,12.394,5371
13210,147190.766,12.934,5371
13211,147203.781,13.038,5371
13212,147216.188,12.394,5371
13213,147228.219,12.028,5371
13214,147240.453,12.247,5371
13215,147253.875,13.418,5371
13216,147265.766,11.895,5371
13217,147279.734,13.969,5371
13218,147292.688,12.959,5371
13219,147303.469,10.772,5371
13220,147315.938,12.468,5371
13221,147329.297,13.358,5371
13222,147342.531,13.235,5371
13223,147353.531,10.993,5371
13224,147366.203,12.676,5371
13225,147379.891,13.695,5371
13226,147391.031,11.135,5371
13227,147404.563,13.540,5371
13228,147417.094,12.529,5371
13229,147429.438,12.330,5371
13230,147441.813,12.386,5371
13231,147454.750,12.923,5371
13232,147467.891,13.158,5371
13233,147480.391,12.489,5371
13234,147492.016,11.640,5371
13235,147505.656,13.626,5371
13236,147517.297,11.651,5371
13237,147529.297,12.002,5371
13238,147542.094,12.782,5371
13239,147555.266,13.182,5371
13240,147567.688,12.415,5371
13241,147580.031,12.357,5371
13242,147593.125,13.083,5371
13243,147604.641,11.515,5371
13244,147618.969,14.330,5371
13245,147630.766,11.796,5371
13246,147643.781,13.012,5371
13247,147655.578,11.795,5371
13248,147668.984,13.414,5371
13249,147681.828,12.843,5371
13250,147694.250,12.421,5371
13251,147707.453,13.199,5371
13252,147719.563,12.109,5371
13253,147732.609,13.062,5371
13254,147745.172,12.549,5371
13255,147757.766,12.605,5371
13256,147770.188,12.402,5371
13257,147781.438,11.250,5371
13258,147796.953,15.528,5371
13259,147808.109,11.154,5371
13260,147820.297,12.190,5371
13261,147833.359,13.063,5371
13262,147846.688,13.332,5371
13263,147857.844,11.149,5371
13264,147869.938,12.103,5371
13265,147884.125,14.180,5371
13266,147895.484,11.360,5371
13267,147909.984,14.502,5371
13268,147921.531,11.534,5371
13269,147932.922,11.402,5371
13270,147945.594,12.661,5371
13271,147959.141,13.561,5371
13272,147973.234,14.095,5371
13273,147984.719,11.463,5371
13274,147996.859,12.147,5371
13275,148009.656,12.798,5371
13276,148021.625,11.974,5371
13277,148034.641,13.026,5371
13278,148046.516,11.867,5371
13279,148059.344,12.841,5371
13280,148072.813,13.455,5371
13281,148085.063,12.248,5371
13282,148098.406,13.344,5371
13283,148110.766,12.363,5371
13284,148123.734,12.970,5371
13285,148135.469,11.735,5371
13286,148147.859,12.388,5371
13287,148161.844,13.993,5371
13288,148174.406,12.561,5371
13289,148186.797,12.380,5371
13290,148199.734,12.947,5371
13291,148212.234,12.488,5371
13292,148224.203,11.963,5371
13293,148237.484,13.291,5371
13294,148249.328,11.853,5371
13295,148263.109,13.779,5371
13296,148275.031,11.917,5371
13297,148287.266,12.235,5371
13298,148299.953,12.696,5371
13299,148312.422,12.454,5371
13300,148325.438,13.016,5371
13301,148338.922,13.481,5371
13302,148351.469,12.556,5371
13303,148363.469,11.991,5371
13304,148375.891,12.428,5371
13305,148388.156,12.262,5371
13306,148401.000,12.847,5371
13307,148412.813,11.818,5371
13308,148425.766,12.944,5371
13309,148437.688,11.930,5371
13310,148451.219,13.527,5371
13311,148463.625,12.411,5371
13312,148476.359,12.726,5371
13313,148488.750,12.389,5371
13314,148500.563,11.819,5371
13315,148514.203,13.640,5371
13316,148526.266,12.069,5371
13317,148538.609,12.347,5371
13318,148552.016,13.412,5371
13319,148563.547,11.507,5371
13320,148575.453,11.907,5371
13321,148590.313,14.867,5371
13322,148602.250,11.935,5371
13323,148613.531,11.289,5371
13324,148626.000,12.474,5371
13325,148638.375,12.365,5371
13326,148650.563,12.192,5371
13327,148664.547,13.982,5371
13328,148676.594,12.048,5371
13329,148690.094,13.496,5371
13330,148702.750,12.659,5371
13331,148713.359,10.613,5371
13332,148727.188,13.831,5371
13333,148739.125,11.934,5371
13334,148751.703,12.570,5371
13335,148764.344,12.638,5371
13336,148777.531,13.194,5371
13337,148790.250,12.710,5371
13338,148803.422,13.168,5371
13339,148814.969,11.559,5371
13340,148825.484,10.513,5371
13341,148838.359,12.878,5371
13342,148850.313,11.958,5371
13343,148864.219,13.893,5371
13344,148876.094,11.882,5371
13345,148888.750,12.649,5371
13346,148900.906,12.166,5371
13347,148914.063,13.153,5371
13348,148926.734,12.669,5371
13349,148939.359,12.641,5371
13350,148952.391,13.024,5371
13351,148964.438,12.053,5371
13352,148976.563,12.126,5371
13353,148990.219,13.641,5371
13354,149001.781,11.564,5371
13355,149014.109,12.320,5371
13356,149026.453,12.364,5371
13357,149038.313,11.855,5371
13358,149050.906,12.584,5371
13359,149063.563,12.660,5371
13360,149076.172,12.609,5371
13361,149088.563,12.395,5371
13362,149101.047,12.487,5371
13363,149113.859,12.820,5371
13364,149126.297,12.419,5371
13365,149138.844,12.554,5371
13366,149151.156,12.314,5371
13367,149163.719,12.564,5371
13368,149176.406,12.688,5371
13369,149188.938,12.517,5371
13370,149200.906,11.978,5371
13371,149211.906,11.010,5371
13372,149225.859,13.954,5371
13373,149238.000,12.140,5371
13374,149250.422,12.414,5371
13375,149262.609,12.195,5371
13376,149275.047,12.428,5371
13377,149288.016,12.982,5371
13378,149300.625,12.600,5371
13379,149312.797,12.168,5371
13380,149323.984,11.201,5371
13381,149336.531,12.541,5371
13382,149349.422,12.872,5371
13383,149361.453,12.043,5371
13384,149373.625,12.175,5371
13385,149386.375,12.749,5371
13386,149398.594,12.217,5371
13387,149410.266,11.665,5371
13388,149423.297,13.043,5371
13389,149435.359,12.065,5371
13390,149447.172,11.803,5371
13391,149460.609,13.440,5371
13392,149472.672,12.061,5371
13393,149484.813,12.139,5371
13394,149497.734,12.930,5371
13395,149509.438,11.692,5371
13396,149521.703,12.279,5371
13397,149533.422,11.697,5371
13398,149546.156,12.741,5371
13399,149558.500,12.357,5371
13400,149571.438,12.917,5371
13401,149583.438,12.003,5371
13402,149595.203,11.777,5371
13403,149608.016,12.820,5371
13404,149620.625,12.602,5371
13405,149632.188,11.553,5371
13406,149644.688,12.519,5371
13407,149657.953,13.257,5371
13408,149669.609,11.655,5371
13409,149681.969,12.368,5371
13410,149694.750,12.771,5371
13411,149707.016,12.261,5371
13412,149719.922,12.923,5371
13413,149730.922,10.981,5371
13414,149744.516,13.600,5371
13415,149757.828,13.311,5371
13416,149769.281,11.470,5371
13417,149782.172,12.868,5371
13418,149793.797,11.634,5371
13419,149806.094,12.285,5371
13420,149817.531,11.441,5371
13421,149830.109,12.574,5371
13422,149842.641,12.548,5371
13423,149855.078,12.439,5371
13424,149866.234,11.153,5371
13425,149880.469,14.240,5371
13426,149890.656,10.190,5371
13427,149904.984,14.312,5371
13428,149915.656,10.678,5371
13429,149928.656,13.010,5371
13430,149940.641,11.985,5371
13431,149952.625,11.986,5371
13432,149965.141,12.506,5371
13433,149978.078,12.927,5371
13434,149991.578,13.503,5371
13435,150001.828,10.253,5371
13436,150014.453,12.623,5371
13437,150026.563,12.113,5371
13438,150038.484,11.926,5371
13439,150050.531,12.053,5371
13440,150063.297,12.755,5371
13441,150076.281,12.984,5371
13442,150088.375,12.088,5371
13443,150101.688,13.319,5371
13444,150112.563,10.879,5371
13445,150123.875,11.309,5371
13446,150136.203,12.325,5371
13447,150148.594,12.397,5371
13448,150160.641,12.048,5371
13449,150173.938,13.293,5371
13450,150186.094,12.156,5371
13451,150198.016,11.921,5371
13452,150210.234,12.220,5371
13453,150222.344,12.116,5371
13454,150234.375,12.019,5371
13455,150247.422,13.043,5371
13456,150259.688,12.277,5371
13457,150272.063,12.359,5371
13458,150283.984,11.943,5371
13459,150296.875,12.871,5371
13460,150308.813,11.950,5371
13461,150321.000,12.183,5371
13462,150334.156,13.161,5371
13463,150346.281,12.129,5371
13464,150358.875,12.589,5371
13465,150371.328,12.453,5371
13466,150382.734,11.407,5371
13467,150395.578,12.833,5371
13468,150408.000,12.436,5371
13469,150420.891,12.883,5371
13470,150433.219,12.328,5371
13471,150445.688,12.466,5371
13472,150458.781,13.088,5371
13473,150470.016,11.254,5371
13474,150482.344,12.326,5371
13475,150494.250,11.906,5371
13476,150506.891,12.627,5371
13477,150519.141,12.263,5371
13478,150532.078,12.926,5371
13479,150543.016,10.936,5371
13480,150555.750,12.741,5371
13481,150567.797,12.056,5371
13482,150581.313,13.520,5371
13483,150594.781,13.445,5371
13484,150605.563,10.786,5371
13485,150618.984,13.434,5371
13486,150631.063,12.072,5371
13487,150643.219,12.162,5371
13488,150656.438,13.220,5371
13489,150667.531,11.084,5371
13490,150680.188,12.661,5371
13491,150692.672,12.494,5371
13492,150705.297,12.628,5371
13493,150717.953,12.651,5371
13494,150730.078,12.105,5371
13495,150741.156,11.095,5371
13496,150754.875,13.713,5371
13497,150767.391,12.512,5371
13498,150779.125,11.748,5371
13499,150791.656,12.523,5371
13500,150805.547,13.881,5371
13501,150816.750,11.204,5371
13502,150829.297,12.557,5371
13503,150840.922,11.625,5371
13504,150854.016,13.091,5371
13505,150866.406,12.392,5371
13506,150878.578,12.181,5371
13507,150891.359,12.786,5371
13508,150903.969,12.600,5371
13509,150916.203,12.220,5371
13510,150928.781,12.583,5371
13511,150941.063,12.282,5371
13512,150953.734,12.679,5371
13513,150965.516,11.771,5371
13514,150978.375,12.872,5371
13515,150991.172,12.792,5371
13516,151003.500,12.325,5371
13517,151016.219,12.722,5371
13518,151028.219,12.001,5371
13519,151039.094,10.879,5371
13520,151050.609,11.519,5371
13521,151063.000,12.380,5371
13522,151075.734,12.737,5371
13523,151086.422,10.689,5371
13524,151099.594,13.166,5371
13525,151111.625,12.036,5371
13526,151123.906,12.284,5371
13527,151136.156,12.245,5371
13528,151147.875,11.729,5371
13529,151158.406,10.522,5371
13530,151171.766,13.358,5371
13531,151183.938,12.186,5371
13532,151195.906,11.963,5371
13533,151208.172,12.258,5371
13534,151219.125,10.950,5371
13535,151231.063,11.943,5371
13536,151243.672,12.610,5371
13537,151255.438,11.757,5371
13538,151266.797,11.367,5371
13539,151279.344,12.552,5371
13540,151290.500,11.152,5371
13541,151303.172,12.679,5371
13542,151315.500,12.309,5371
13543,151327.500,11.997,5371
13544,151338.484,10.997,5371
13545,151350.641,12.160,5371
13546,151362.422,11.778,5371
13547,151374.281,11.853,5371
13548,151386.766,12.478,5371
13549,151398.359,11.598,5371
13550,151410.547,12.194,5371
13551,151422.047,11.497,5371
13552,151434.438,12.400,5371
13553,151446.484,12.051,5371
13554,151458.906,12.405,5371
13555,151470.531,11.630,5371
13556,151481.813,11.285,5371
13557,151494.688,12.889,5371
13558,151506.375,11.669,5371
13559,151517.984,11.619,5371
13560,151528.781,10.782,5371
13561,151541.875,13.099,5371
13562,151553.563,11.682,5371
13563,151565.313,11.767,5371
13564,151577.234,11.925,5371
13565,151588.922,11.676,5371
13566,151600.281,11.358,5371
13567,151611.578,11.297,5371
13568,151624.281,12.703,5371
13569,151635.250,10.975,5371
13570,151646.969,11.710,5371
13571,151658.391,11.419,5371
13572,151669.328,10.952,5371
13573,151681.219,11.886,5371
13574,151691.797,10.574,5371
13575,151703.922,12.126,5371
13576,151715.719,11.793,5371
13577,151726.828,11.109,5371
13578,151739.000,12.174,5371
13579,151749.578,10.581,5371
13580,151761.453,11.876,5371
13581,151772.734,11.265,5371
13582,151785.172,12.449,5371
13583,151796.531,11.359,5371
13584,151808.313,11.780,5371
13585,151819.281,10.977,5371
13586,151830.609,11.329,5371
13587,151841.203,10.599,5371
13588,151852.250,11.030,5371
13589,151864.266,12.022,5371
13590,151874.641,10.387,5371
13591,151886.313,11.654,5371
13592,151896.156, 9.852,5371
13593,151909.141,12.978,5371
13594,151920.828,11.685,5371
13595,151933.156,12.335,5371
13596,151944.047,10.889,5371
13597,151955.063,11.025,5371
13598,151965.391,10.306,5371
13599,151975.938,10.567,5371
13600,151989.156,13.212,5371
13601,151998.984, 9.831,5371
13602,152011.641,12.659,5371
13603,152022.000,10.365,5371
13604,152035.047,13.029,5371
13605,152045.188,10.157,5371
13606,152057.094,11.893,5371
13607,152067.234,10.146,5371
13608,152079.125,11.899,5371
13609,152091.563,12.429,5371
13610,152102.234,10.674,5371
13611,152113.641,11.409,5371
13612,152126.203,12.553,5371
13613,152136.938,10.738,5371
13614,152148.469,11.538,5371
13615,152159.656,11.173,5371
13616,152171.047,11.397,5371
13617,152182.641,11.608,5371
13618,152195.484,12.823,5371
13619,152206.078,10.593,5371
13620,152217.938,11.879,5371
13621,152230.328,12.376,5371
13622,152241.219,10.891,5371
13623,152253.313,12.099,5371
13624,152264.750,11.422,5371
13625,152276.156,11.418,5371
13626,152287.250,11.104,5371
13627,152299.188,11.940,5371
13628,152310.422,11.226,5371
13629,152322.313,11.890,5371
13630,152334.438,12.123,5371
13631,152344.766,10.316,5371
13632,152356.734,11.972,5371
13633,152368.406,11.679,5371
13634,152380.313,11.908,5371
13635,152392.125,11.810,5371
13636,152403.281,11.165,5371
13637,152415.672,12.390,5371
13638,152426.531,10.857,5371
13639,152437.563,11.027,5371
13640,152449.016,11.457,5371
13641,152460.563,11.543,5371
13642,152472.203,11.632,5371
13643,152482.688,10.497,5371
13644,152495.375,12.678,5371
13645,152505.391,10.016,5371
13646,152518.547,13.174,5371
13647,152528.859,10.291,5371
13648,152541.344,12.494,5371
13649,152552.484,11.143,5371
13650,152563.969,11.495,5371
13651,152576.891,12.907,5371
13652,152587.766,10.876,5371
13653,152597.922,10.170,5371
13654,152610.328,12.397,5371
13655,152622.063,11.726,5371
13656,152634.234,12.177,5371
13657,152644.969,10.726,5371
13658,152655.016,10.058,5371
13659,152667.719,12.694,5371
13660,152679.203,11.492,5371
13661,152690.734,11.526,5371
13662,152703.516,12.775,5371
13663,152715.000,11.487,5371
13664,152725.047,10.052,5371
13665,152737.781,12.744,5371
13666,152748.563,10.782,5371
13667,152760.078,11.494,5371
13668,152772.109,12.040,5371
13669,152783.422,11.305,5371
13670,152794.781,11.361,5371
13671,152805.766,11.002,5371
13672,152817.969,12.207,5371
13673,152830.172,12.195,5371
13674,152841.266,11.096,5371
13675,152851.781,10.508,5371
13676,152863.563,11.777,5371
13677,152875.047,11.485,5371
13678,152885.984,10.959,5371
13679,152897.172,11.175,5371
13680,152909.328,12.163,5371
13681,152921.844,12.507,5371
13682,152933.297,11.452,5371
13683,152942.750, 9.444,5371
13684,152955.422,12.682,5371
13685,152966.266,10.841,5371
13686,152978.641,12.381,5371
13687,152990.359,11.710,5371
13688,153000.922,10.562,5371
13689,153013.203,12.298,5371
13690,153025.656,12.447,5371
13691,153037.859,12.200,5371
13692,153049.047,11.193,5371
13693,153057.828, 8.775,5371
13694,153070.875,13.047,5371
13695,153082.188,11.314,5371
13696,153093.953,11.772,5371
13697,153104.063,10.089,5371
13698,153116.828,12.769,5371
13699,153129.266,12.457,5371
13700,153139.813,10.540,5371
13701,153151.406,11.584,5371
13702,153163.031,11.637,5371
13703,153174.938,11.895,5371
13704,153185.453,10.522,5371
13705,153198.109,12.651,5371
13706,153209.141,11.042,5371
13707,153221.188,12.044,5371
13708,153233.094,11.895,5371
13709,153244.000,10.926,5371
13710,153255.766,11.756,5371
13711,153265.703, 9.934,5371
13712,153278.766,13.061,5371
13713,153289.891,11.124,5371
13714,153300.313,10.423,5371
13715,153313.313,13.009,5371
13716,153325.328,12.015,5371
13717,153335.813,10.487,5371
13718,153348.047,12.224,5371
13719,153359.203,11.158,5371
13720,153370.563,11.360,5371
13721,153382.000,11.436,5371
13722,153393.797,11.799,5371
13723,153405.609,11.810,5371
13724,153417.031,11.416,5371
13725,153429.219,12.191,5371
13726,153439.844,10.631,5371
13727,153451.750,11.902,5371
13728,153464.875,13.116,5371
13729,153475.781,10.912,5371
13730,153487.125,11.347,5371
13731,153499.031,11.903,5371
13732,153509.297,10.272,5371
13733,153521.859,12.571,5371
13734,153533.266,11.396,5371
13735,153545.109,11.852,5371
13736,153554.938, 9.817,5371
13737,153567.516,12.574,5371
13738,153579.234,11.724,5371
13739,153590.875,11.636,5371
13740,153602.391,11.527,5371
13741,153614.313,11.910,5371
13742,153624.453,10.142,5371
13743,153637.313,12.877,5371
13744,153649.313,11.995,5371
13745,153660.391,11.070,5371
13746,153671.922,11.539,5371
13747,153683.531,11.601,5371
13748,153695.422,11.891,5371
13749,153707.109,11.687,5371
13750,153718.172,11.054,5371
13751,153730.141,11.979,5371
13752,153742.547,12.407,5371
13753,153752.641,10.095,5371
13754,153765.484,12.836,5371
13755,153776.734,11.248,5371
13756,153788.688,11.975,5371
13757,153800.797,12.094,5371
13758,153812.719,11.907,5371
13759,153824.078,11.367,5371
13760,153835.609,11.531,5371
13761,153846.391,10.792,5371
13762,153859.125,12.740,5371
13763,153870.156,11.026,5371
13764,153880.953,10.792,5371
13765,153892.750,11.796,5371
13766,153903.281,10.534,5371
13767,153916.141,12.847,5371
13768,153926.047, 9.912,5371
13769,153939.750,13.708,5371
13770,153951.219,11.481,5371
13771,153962.344,11.115,5371
13772,153974.188,11.835,5371
13773,153985.281,11.110,5371
13774,153996.219,10.933,5371
13775,154008.234,12.008,5371
13776,154019.172,10.941,5371
13777,154032.281,13.110,5371
13778,154043.875,11.600,5371
13779,154054.500,10.626,5371
13780,154066.516,12.011,5371
13781,154077.984,11.470,5371
13782,154089.250,11.260,5371
13783,154101.594,12.339,5371
13784,154112.641,11.061,5371
13785,154124.844,12.186,5371
13786,154136.594,11.767,5371
13787,154148.578,11.984,5371
13788,154159.344,10.762,5371
13789,154171.516,12.163,5371
13790,154183.031,11.520,5371
13791,154194.891,11.856,5371
13792,154206.156,11.267,5371
13793,154218.828,12.666,5371
13794,154229.984,11.166,5371
13795,154241.234,11.249,5371
13796,154252.859,11.623,5371
13797,154264.984,12.132,5371
13798,154277.500,12.505,5371
13799,154290.266,12.767,5371
13800,154300.875,10.602,5371
13801,154312.406,11.544,5371
13802,154323.484,11.074,5371
13803,154335.422,11.933,5371
13804,154346.984,11.570,5371
13805,154358.859,11.877,5371
13806,154370.953,12.093,5371
13807,154382.516,11.559,5371
13808,154393.922,11.409,5371
13809,154406.422,12.505,5371
13810,154417.547,11.123,5371
13811,154429.344,11.807,5371
13812,154442.156,12.797,5371
13813,154453.000,10.845,5371
13814,154465.344,12.355,5371
13815,154476.375,11.016,5371
13816,154486.875,10.505,5371
13817,154499.125,12.249,5371
13818,154511.016,11.897,5371
13819,154522.359,11.340,5371
13820,154534.281,11.913,5371
13821,154544.609,10.333,5371
13822,154557.281,12.678,5371
13823,154567.422,10.132,5371
13824,154580.531,13.111,5371
13825,154591.500,10.972,5371
13826,154603.484,11.979,5371
13827,154615.219,11.744,5371
13828,154627.484,12.256,5371
13829,154636.875, 9.387,5371
13830,154649.016,12.154,5371
13831,154659.703,10.685,5371
13832,154672.469,12.761,5371
13833,154684.578,12.114,5371
13834,154695.125,10.547,5371
13835,154706.781,11.653,5371
13836,154718.531,11.763,5371
13837,154729.953,11.422,5371
13838,154741.516,11.546,5371
13839,154753.281,11.769,5371
13840,154764.797,11.504,5371
13841,154777.547,12.758,5371
13842,154787.453, 9.903,5371
13843,154800.469,13.031,5371
13844,154811.344,10.881,5371
13845,154823.531,12.162,5371
13846,154834.734,11.214,5371
13847,154847.031,12.295,5371
13848,154858.734,11.706,5371
13849,154869.703,10.974,5371
13850,154880.984,11.273,5371
13851,154892.250,11.273,5371
13852,154903.438,11.173,5371
13853,154915.141,11.715,5371
13854,154927.891,12.748,5371
13855,154938.656,10.771,5371
13856,154951.172,12.516,5371
13857,154963.641,12.466,5371
13858,154974.063,10.406,5371
13859,154986.828,12.769,5371
13860,154998.109,11.281,5371
13861,155008.641,10.554,5371
13862,155020.563,11.910,5371
13863,155031.797,11.241,5371
13864,155043.969,12.178,5371
13865,155056.000,12.018,5371
13866,155067.375,11.367,5371
13867,155078.422,11.052,5371
13868,155090.000,11.595,5371
13869,155100.625,10.612,5371
13870,155113.516,12.889,5371
13871,155125.188,11.670,5371
13872,155136.438,11.260,5371
13873,155148.234,11.782,5371
13874,155159.297,11.075,5371
13875,155169.516,10.202,5371
13876,155182.656,13.152,5371
13877,155193.141,10.480,5371
13878,155205.734,12.593,5371
13879,155215.953,10.233,5371
13880,155227.438,11.461,5371
13881,155238.969,11.551,5371
13882,155250.531,11.560,5371
13883,155261.797,11.257,5371
13884,155274.094,12.301,5371
13885,155285.563,11.465,5371
13886,155295.859,10.307,5371
13887,155307.672,11.804,5371
13888,155318.219,10.547,5371
13889,155330.547,12.338,5371
13890,155342.750,12.191,5371
13891,155353.406,10.655,5371
13892,155364.328,10.932,5371
13893,155376.094,11.754,5371
13894,155387.828,11.741,5371
13895,155398.906,11.073,5371
13896,155410.438,11.546,5371
13897,155422.328,11.885,5371
13898,155433.875,11.553,5371
13899,155444.109,10.216,5371
13900,155456.813,12.710,5371
13901,155468.078,11.257,5371
13902,155479.172,11.102,5371
13903,155490.328,11.152,5371
13904,155501.172,10.848,5371
13905,155513.328,12.168,5371
13906,155524.219,10.884,5371
13907,155535.656,11.430,5371
13908,155547.125,11.474,5371
13909,155558.813,11.684,5371
13910,155568.891,10.085,5371
13911,155581.125,12.239,5371
13912,155592.063,10.917,5371
13913,155604.453,12.398,5371
13914,155615.047,10.597,5371
13915,155626.750,11.703,5371
13916,155637.531,10.777,5371
13917,155648.984,11.455,5371
13918,155659.859,10.884,5371
13919,155671.141,11.288,5371
13920,155682.719,11.565,5371
13921,155693.188,10.481,5371
13922,155705.688,12.491,5371
13923,155715.891,10.208,5371
13924,155728.594,12.697,5371
13925,155739.016,10.424,5371
13926,155750.469,11.462,5371
13927,155760.609,10.130,5371
13928,155773.656,13.045,5371
13929,155784.359,10.710,5371
13930,155798.063,13.691,5371
13931,155808.266,10.208,5371
13932,155817.703, 9.444,5371
13933,155828.422,10.716,5371
13934,155840.063,11.626,5371
13935,155852.875,12.825,5371
13936,155861.438, 8.554,5371
13937,155874.172,12.743,5371
13938,155886.000,11.837,5371
13939,155895.594, 9.585,5371
13940,155907.406,11.809,5371
13941,155918.250,10.853,5371
13942,155929.672,11.418,5371
13943,155940.578,10.910,5371
13944,155952.047,11.448,5371
13945,155963.203,11.178,5371
13946,155974.500,11.295,5371
13947,155984.219, 9.717,5371
13948,155995.875,11.651,5371
13949,156008.578,12.712,5371
13950,156019.672,11.086,5371
13951,156030.859,11.186,5371
13952,156040.594, 9.740,5371
13953,156053.094,12.505,5371
13954,156063.625,10.526,5371
13955,156075.141,11.518,5371
13956,156085.063, 9.918,5371
13957,156096.203,11.142,5371
13958,156108.094,11.889,5371
13959,156119.031,10.931,5371
13960,156130.797,11.773,5371
13961,156141.906,11.118,5371
13962,156152.422,10.500,5371
13963,156162.641,10.226,5371
13964,156173.781,11.136,5371
13965,156184.813,11.033,5371
13966,156196.219,11.404,5371
13967,156207.266,11.050,5371
13968,156218.531,11.276,5371
13969,156229.297,10.768,5371
13970,156240.922,11.614,5371
13971,156251.906,10.993,5371
13972,156262.719,10.793,5371
13973,156273.688,10.972,5371
13974,156285.422,11.730,5371
13975,156296.563,11.153,5371
13976,156307.953,11.392,5371
13977,156318.719,10.755,5371
13978,156330.125,11.406,5371
13979,156341.016,10.903,5371
13980,156352.734,11.707,5371
13981,156363.875,11.157,5371
13982,156375.906,12.033,5371
13983,156386.375,10.454,5371
13984,156397.906,11.535,5371
13985,156408.609,10.709,5371
13986,156419.578,10.964,5371
13987,156430.297,10.723,5371
13988,156442.000,11.706,5371
13989,156453.563,11.552,5371
13990,156464.250,10.692,5371
13991,156476.266,12.012,5371
13992,156487.031,10.764,5371
13993,156496.969, 9.945,5371
13994,156508.625,11.651,5371
13995,156519.328,10.705,5371
13996,156531.188,11.855,5371
13997,156541.531,10.336,5371
13998,156552.719,11.189,5371
13999,156564.719,12.010,5371
14000,156575.844,11.125,5371
14001,156586.438,10.598,5371
14002,156599.203,12.759,5371
14003,156609.047, 9.845,5371
14004,156619.891,10.852,5371
14005,156631.109,11.214,5371
14006,156641.531,10.416,5371
14007,156653.688,12.153,5371
14008,156664.766,11.077,5371
14009,156675.141,10.388,5371
14010,156687.141,11.995,5371
14011,156698.672,11.535,5371
14012,156709.094,10.424,5371
14013,156720.438,11.340,5371
14014,156731.891,11.452,5371
14015,156743.156,11.269,5371
14016,156754.328,11.159,5371
14017,156765.172,10.853,5371
14018,156776.422,11.257,5371
14019,156787.609,11.182,5371
14020,156798.797,11.185,5371
14021,156810.250,11.444,5371
14022,156821.281,11.053,5371
14023,156832.438,11.148,5371
14024,156843.047,10.609,5371
14025,156853.641,10.592,5371
14026,156866.078,12.423,5371
14027,156876.813,10.740,5371
14028,156887.328,10.521,5371
14029,156897.797,10.472,5371
14030,156908.828,11.031,5371
14031,156920.703,11.863,5371
14032,156931.188,10.500,5371
14033,156942.953,11.764,5371
14034,156954.172,11.206,5371
14035,156965.641,11.473,5371
14036,156976.813,11.173,5371
14037,156986.984,10.173,5371
14038,156997.813,10.831,5371
14039,157009.234,11.430,5371
14040,157021.953,12.711,5371
14041,157031.969,10.018,5371
14042,157043.125,11.156,5371
14043,157053.453,10.323,5371
14044,157064.844,11.386,5371
14045,157076.969,12.137,5371
14046,157087.094,10.127,5371
14047,157097.734,10.629,5371
14048,157109.234,11.502,5371
14049,157120.266,11.033,5371
14050,157131.719,11.447,5371
14051,157143.094,11.383,5371
14052,157154.422,11.335,5371
14053,157166.000,11.570,5371
14054,157177.313,11.314,5371
14055,157187.406,10.091,5371
14056,157200.344,12.933,5371
14057,157210.547,10.208,5371
14058,157220.875,10.321,5371
14059,157232.516,11.645,5371
 